nan,0.0000,0.0050,0.0100,0.0150,0.0200,0.0250,0.0300,0.0350,0.0400,0.0450,0.0500,0.0550,0.0600,0.0650,0.0700,0.0750,0.0800,0.0850,0.0900,0.0950,0.1000,0.1050,0.1100,0.1150,0.1200,0.1250,0.1300,0.1350,0.1400,0.1450,0.1500,0.1550,0.1600,0.1650,0.1700,0.1750,0.1800,0.1850,0.1900,0.1950,0.2000,0.2050,0.2100,0.2150,0.2200,0.2250,0.2300,0.2350,0.2400,0.2450,0.2500,0.2550,0.2600,0.2650,0.2700,0.2750,0.2800,0.2850,0.2900,0.2950,0.3000,0.3050,0.3100,0.3150,0.3200,0.3250,0.3300,0.3350,0.3400,0.3450,0.3500,0.3550,0.3600,0.3650,0.3700,0.3750,0.3800,0.3850,0.3900,0.3950,0.4000,0.4050,0.4100,0.4150,0.4200,0.4250,0.4300,0.4350,0.4400,0.4450,0.4500,0.4550,0.4600,0.4650,0.4700,0.4750,0.4800,0.4850,0.4900,0.4950,0.5000,0.5050,0.5100,0.5150,0.5200,0.5250,0.5300,0.5350,0.5400,0.5450,0.5500,0.5550,0.5600,0.5650,0.5700,0.5750,0.5800,0.5850,0.5900,0.5950,0.6000,0.6050,0.6100,0.6150,0.6200,0.6250,0.6300,0.6350,0.6400,0.6450,0.6500,0.6550,0.6600,0.6650,0.6700,0.6750,0.6800,0.6850,0.6900,0.6950,0.7000,0.7050,0.7100,0.7150,0.7200,0.7250,0.7300,0.7350,0.7400,0.7450,0.7500,0.7550,0.7600,0.7650,0.7700,0.7750,0.7800,0.7850,0.7900,0.7950,0.8000,0.8050,0.8100,0.8150,0.8200,0.8250,0.8300,0.8350,0.8400,0.8450,0.8500,0.8550,0.8600,0.8650,0.8700,0.8750,0.8800,0.8850,0.8900,0.8950,0.9000,0.9050,0.9100,0.9150,0.9200,0.9250,0.9300,0.9350,0.9400,0.9450,0.9500,0.9550,0.9600,0.9650,0.9700,0.9750,0.9800,0.9850,0.9900,0.9950,1.0000,1.0050,1.0100,1.0150,1.0200,1.0250,1.0300,1.0350,1.0400,1.0450,1.0500,1.0550,1.0600,1.0650,1.0700,1.0750,1.0800,1.0850,1.0900,1.0950,1.1000,1.1050,1.1100,1.1150,1.1200,1.1250,1.1300,1.1350,1.1400,1.1450,1.1500,1.1550,1.1600,1.1650,1.1700,1.1750,1.1800,1.1850,1.1900,1.1950,1.2000
0.0000,6.001696e-05,5.902415e-05,5.804311e-05,5.706998e-05,5.610478e-05,5.514753e-05,5.419828e-05,5.325705e-05,5.232387e-05,5.139877e-05,5.048178e-05,4.957291e-05,4.867221e-05,4.777970e-05,4.689539e-05,4.601933e-05,4.515153e-05,4.429201e-05,4.344081e-05,4.259794e-05,4.176342e-05,4.093728e-05,4.011955e-05,3.931023e-05,3.850935e-05,3.771693e-05,3.693300e-05,3.615756e-05,3.539063e-05,3.463224e-05,3.388239e-05,3.314111e-05,3.240840e-05,3.168429e-05,3.096879e-05,3.026190e-05,2.956365e-05,2.887404e-05,2.819308e-05,2.752078e-05,2.685715e-05,2.620221e-05,2.555595e-05,2.491838e-05,2.428952e-05,2.366935e-05,2.305790e-05,2.245515e-05,2.186112e-05,2.127580e-05,2.069920e-05,2.013131e-05,1.957213e-05,1.902166e-05,1.847990e-05,1.794684e-05,1.742247e-05,1.690679e-05,1.639979e-05,1.590146e-05,1.541179e-05,1.493077e-05,1.445839e-05,1.399463e-05,1.353948e-05,1.309293e-05,1.265495e-05,1.222552e-05,1.180463e-05,1.139225e-05,1.098837e-05,1.059295e-05,1.020598e-05,9.827415e-06,9.457239e-06,9.095417e-06,8.741917e-06,8.396707e-06,8.059749e-06,7.731008e-06,7.410444e-06,7.098017e-06,6.793682e-06,6.497397e-06,6.209113e-06,5.928783e-06,5.656355e-06,5.391776e-06,5.134991e-06,4.885942e-06,4.644568e-06,4.410807e-06,4.184594e-06,3.965861e-06,3.754537e-06,3.554202e-06,3.357433e-06,3.167842e-06,2.985346e-06,2.809858e-06,2.641290e-06,2.479548e-06,2.324535e-06,2.176152e-06,2.034293e-06,1.898851e-06,1.769713e-06,1.646761e-06,1.529875e-06,1.418929e-06,1.313793e-06,1.214331e-06,1.120404e-06,1.031867e-06,9.485704e-07,8.703596e-07,7.970756e-07,7.285545e-07,6.646282e-07,6.051241e-07,5.498656e-07,4.986729e-07,4.513629e-07,4.077502e-07,3.676473e-07,3.308660e-07,2.972176e-07,2.665142e-07,2.385694e-07,2.131996e-07,1.902244e-07,1.694683e-07,1.507608e-07,1.339380e-07,1.188427e-07,1.053256e-07,9.324517e-08,8.246855e-08,7.287145e-08,6.433831e-08,5.676227e-08,5.004500e-08,4.409641e-08,3.883439e-08,3.418434e-08,3.007878e-08,2.645684e-08,2.326384e-08,2.045075e-08,1.797374e-08,1.579371e-08,1.387588e-08,1.218932e-08,1.070662e-08,9.403492e-09,8.258443e-09,7.252494e-09,6.368889e-09,5.592851e-09,4.911357e-09,4.312938e-09,3.787501e-09,3.326166e-09,2.921123e-09,2.565510e-09,2.253295e-09,1.979180e-09,1.738510e-09,1.527201e-09,1.341663e-09,1.178747e-09,1.035687e-09,9.100582e-10,7.997294e-10,7.028315e-10,6.177241e-10,5.429675e-10,4.772981e-10,4.196072e-10,3.689214e-10,3.243869e-10,2.852538e-10,2.508644e-10,2.206411e-10,1.940769e-10,1.707269e-10,1.502003e-10,1.321542e-10,1.152447e-10,1.014193e-10,8.926110e-11,7.856815e-11,6.916296e-11,6.088968e-11,5.361140e-11,4.720785e-11,4.157338e-11,3.661512e-11,3.225152e-11,2.841088e-11,2.503019e-11,2.205408e-11,1.943387e-11,1.712678e-11,1.509519e-11,1.330601e-11,1.173017e-11,1.034208e-11,9.119255e-12,8.041906e-12,7.092630e-12,6.256115e-12,5.518891e-12,4.869105e-12,4.296326e-12,3.791376e-12,3.346175e-12,2.953612e-12,2.607426e-12,2.302107e-12,2.032801e-12,1.795235e-12,1.585645e-12,1.400716e-12,1.237530e-12,1.093514e-12,9.664028e-13,8.541988e-13,7.551432e-13,6.676853e-13,5.904588e-13,5.222589e-13,4.620239e-13,4.088175e-13,3.618141e-13,3.202859e-13,2.835909e-13,2.511627e-13,2.225019e-13,1.971679e-13,1.747718e-13
0.0100,5.999298e-05,5.900069e-05,5.802017e-05,5.704753e-05,5.608281e-05,5.512604e-05,5.417725e-05,5.323647e-05,5.230373e-05,5.137906e-05,5.046249e-05,4.955404e-05,4.865374e-05,4.776162e-05,4.687771e-05,4.600202e-05,4.513459e-05,4.427544e-05,4.342459e-05,4.258206e-05,4.174789e-05,4.092208e-05,4.010467e-05,3.929567e-05,3.849510e-05,3.770299e-05,3.691935e-05,3.614420e-05,3.537757e-05,3.461945e-05,3.386988e-05,3.312887e-05,3.239643e-05,3.167257e-05,3.095732e-05,3.025068e-05,2.955267e-05,2.886330e-05,2.818257e-05,2.751051e-05,2.684710e-05,2.619238e-05,2.554634e-05,2.490898e-05,2.428032e-05,2.366036e-05,2.304911e-05,2.244656e-05,2.185272e-05,2.126759e-05,2.069117e-05,2.012346e-05,1.956446e-05,1.901417e-05,1.847258e-05,1.793968e-05,1.741548e-05,1.689996e-05,1.639312e-05,1.589494e-05,1.540543e-05,1.492455e-05,1.445232e-05,1.398870e-05,1.353369e-05,1.308726e-05,1.264941e-05,1.222011e-05,1.179933e-05,1.138707e-05,1.098330e-05,1.058798e-05,1.020110e-05,9.822628e-06,9.452532e-06,9.090782e-06,8.737345e-06,8.392185e-06,8.055267e-06,7.726552e-06,7.405998e-06,7.093563e-06,6.789201e-06,6.492866e-06,6.204507e-06,5.924071e-06,5.651504e-06,5.386748e-06,5.129742e-06,4.880421e-06,4.638718e-06,4.404562e-06,4.177877e-06,3.958586e-06,3.746604e-06,3.545439e-06,3.347759e-06,3.157107e-06,2.973378e-06,2.796462e-06,2.626241e-06,2.462591e-06,2.305381e-06,2.154471e-06,2.009714e-06,1.870954e-06,1.738025e-06,1.610753e-06,1.488954e-06,1.372436e-06,1.260998e-06,1.154430e-06,1.052514e-06,9.550268e-07,8.617393e-07,7.724180e-07,6.868273e-07,6.047310e-07,5.258941e-07,4.500842e-07,3.770736e-07,3.066406e-07,2.385706e-07,1.726575e-07,1.087038e-07,4.652164e-08,-1.406702e-08,-7.323053e-08,-1.311274e-07,-1.879064e-07,-2.437068e-07,-2.986585e-07,-3.532270e-07,-4.067803e-07,-4.598249e-07,-5.124549e-07,-5.647562e-07,-6.168066e-07,-6.686758e-07,-7.204258e-07,-7.721117e-07,-8.237814e-07,-8.754765e-07,-9.272325e-07,-9.790793e-07,-1.031042e-06,-1.083141e-06,-1.135392e-06,-1.187807e-06,-1.240396e-06,-1.293165e-06,-1.346117e-06,-1.399254e-06,-1.452576e-06,-1.506080e-06,-1.559764e-06,-1.613622e-06,-1.667649e-06,-1.721839e-06,-1.776185e-06,-1.830680e-06,-1.885316e-06,-1.940086e-06,-1.994981e-06,-2.049993e-06,-2.105115e-06,-2.160337e-06,-2.215652e-06,-2.271053e-06,-2.326530e-06,-2.382077e-06,-2.437686e-06,-2.493350e-06,-2.549061e-06,-2.604813e-06,-2.660599e-06,-2.716412e-06,-2.772246e-06,-2.828096e-06,-2.883954e-06,-2.939817e-06,-2.995677e-06,-3.051530e-06,-3.107371e-06,-3.163196e-06,-3.218998e-06,-3.274775e-06,-3.330521e-06,-3.386233e-06,-3.441906e-06,-3.497537e-06,-3.553123e-06,-3.608658e-06,-3.664141e-06,-3.719569e-06,-3.774937e-06,-3.830243e-06,-3.885484e-06,-3.940658e-06,-3.995762e-06,-4.050793e-06,-4.105750e-06,-4.160629e-06,-4.215428e-06,-4.270146e-06,-4.324780e-06,-4.379329e-06,-4.433791e-06,-4.488163e-06,-4.542444e-06,-4.596634e-06,-4.650729e-06,-4.704728e-06,-4.758631e-06,-4.812436e-06,-4.866141e-06,-4.919745e-06,-4.973247e-06,-5.026646e-06,-5.079941e-06,-5.133131e-06,-5.186214e-06,-5.239191e-06,-5.292059e-06,-5.344818e-06,-5.397468e-06,-5.450006e-06,-5.502434e-06,-5.554750e-06,-5.606952e-06,-5.659042e-06,-5.711017e-06,-5.762878e-06,-5.814624e-06,-5.866254e-06,-5.917769e-06,-5.969166e-06,-6.020446e-06,-6.071609e-06,-6.122654e-06,-6.173581e-06
0.0200,5.996870e-05,5.897695e-05,5.799693e-05,5.702480e-05,5.606057e-05,5.510428e-05,5.415597e-05,5.321565e-05,5.228336e-05,5.135913e-05,5.044299e-05,4.953497e-05,4.863508e-05,4.774336e-05,4.685984e-05,4.598454e-05,4.511749e-05,4.425870e-05,4.340821e-05,4.256604e-05,4.173221e-05,4.090674e-05,4.008966e-05,3.928098e-05,3.848073e-05,3.768893e-05,3.690560e-05,3.613074e-05,3.536440e-05,3.460657e-05,3.385727e-05,3.311653e-05,3.238436e-05,3.166077e-05,3.094578e-05,3.023939e-05,2.954162e-05,2.885249e-05,2.817200e-05,2.750017e-05,2.683699e-05,2.618249e-05,2.553667e-05,2.489953e-05,2.427108e-05,2.365133e-05,2.304027e-05,2.243792e-05,2.184428e-05,2.125934e-05,2.068311e-05,2.011559e-05,1.955677e-05,1.900665e-05,1.846523e-05,1.793250e-05,1.740847e-05,1.689311e-05,1.638643e-05,1.588841e-05,1.539905e-05,1.491833e-05,1.444624e-05,1.398277e-05,1.352790e-05,1.308161e-05,1.264389e-05,1.221471e-05,1.179407e-05,1.138193e-05,1.097827e-05,1.058307e-05,1.019629e-05,9.817922e-06,9.447921e-06,9.086260e-06,8.732905e-06,8.387819e-06,8.050966e-06,7.722305e-06,7.401794e-06,7.089390e-06,6.785045e-06,6.488710e-06,6.200332e-06,5.919858e-06,5.647229e-06,5.382384e-06,5.125258e-06,4.875781e-06,4.633883e-06,4.399486e-06,4.172507e-06,3.952861e-06,3.740455e-06,3.538744e-06,3.340465e-06,3.149107e-06,2.964551e-06,2.786671e-06,2.615327e-06,2.450375e-06,2.291657e-06,2.139005e-06,1.992238e-06,1.851165e-06,1.715579e-06,1.585262e-06,1.459980e-06,1.339487e-06,1.223522e-06,1.111812e-06,1.004071e-06,9.000036e-07,7.993057e-07,7.016662e-07,6.067708e-07,5.143046e-07,4.239552e-07,3.354163e-07,2.483905e-07,1.625928e-07,7.775285e-08,-6.382598e-09,-9.004823e-08,-1.735523e-07,-2.568089e-07,-3.401899e-07,-4.238494e-07,-5.079225e-07,-5.925259e-07,-6.777594e-07,-7.637069e-07,-8.504383e-07,-9.380098e-07,-1.026466e-06,-1.115841e-06,-1.206159e-06,-1.297436e-06,-1.389678e-06,-1.482888e-06,-1.577060e-06,-1.672183e-06,-1.768243e-06,-1.865222e-06,-1.963095e-06,-2.061840e-06,-2.161428e-06,-2.261831e-06,-2.363018e-06,-2.464957e-06,-2.567618e-06,-2.670967e-06,-2.774971e-06,-2.879599e-06,-2.984818e-06,-3.090595e-06,-3.196901e-06,-3.303704e-06,-3.410974e-06,-3.518682e-06,-3.626799e-06,-3.735299e-06,-3.844154e-06,-3.953339e-06,-4.062829e-06,-4.172600e-06,-4.282630e-06,-4.392895e-06,-4.503375e-06,-4.614050e-06,-4.724900e-06,-4.835906e-06,-4.947051e-06,-5.058316e-06,-5.169686e-06,-5.281145e-06,-5.392678e-06,-5.504270e-06,-5.615908e-06,-5.727578e-06,-5.839268e-06,-5.950966e-06,-6.062660e-06,-6.174339e-06,-6.285993e-06,-6.397611e-06,-6.509184e-06,-6.620703e-06,-6.732158e-06,-6.843542e-06,-6.954847e-06,-7.066064e-06,-7.177186e-06,-7.288206e-06,-7.399118e-06,-7.509915e-06,-7.620591e-06,-7.731139e-06,-7.841555e-06,-7.951833e-06,-8.061967e-06,-8.171953e-06,-8.281787e-06,-8.391462e-06,-8.500976e-06,-8.610324e-06,-8.719502e-06,-8.828506e-06,-8.937332e-06,-9.045978e-06,-9.154440e-06,-9.262714e-06,-9.370798e-06,-9.478689e-06,-9.586383e-06,-9.693879e-06,-9.801174e-06,-9.908264e-06,-1.001515e-05,-1.012183e-05,-1.022829e-05,-1.033455e-05,-1.044058e-05,-1.054641e-05,-1.065201e-05,-1.075740e-05,-1.086256e-05,-1.096751e-05,-1.107222e-05,-1.117672e-05,-1.128098e-05,-1.138502e-05,-1.148883e-05,-1.159240e-05,-1.169575e-05,-1.179886e-05,-1.190174e-05,-1.200439e-05,-1.210680e-05,-1.220897e-05
0.0300,5.994410e-05,5.895289e-05,5.797340e-05,5.700178e-05,5.603806e-05,5.508226e-05,5.413443e-05,5.319458e-05,5.226276e-05,5.133898e-05,5.042327e-05,4.951568e-05,4.861621e-05,4.772490e-05,4.684178e-05,4.596687e-05,4.510021e-05,4.424180e-05,4.339167e-05,4.254986e-05,4.171638e-05,4.089126e-05,4.007451e-05,3.926616e-05,3.846624e-05,3.767475e-05,3.689172e-05,3.611717e-05,3.535112e-05,3.459358e-05,3.384457e-05,3.310411e-05,3.237220e-05,3.164888e-05,3.093414e-05,3.022801e-05,2.953050e-05,2.884161e-05,2.816136e-05,2.748976e-05,2.682682e-05,2.617254e-05,2.552694e-05,2.489002e-05,2.426178e-05,2.364224e-05,2.303139e-05,2.242924e-05,2.183579e-05,2.125105e-05,2.067501e-05,2.010767e-05,1.954903e-05,1.899910e-05,1.845785e-05,1.792530e-05,1.740143e-05,1.688624e-05,1.637973e-05,1.588187e-05,1.539266e-05,1.491210e-05,1.444016e-05,1.397683e-05,1.352210e-05,1.307596e-05,1.263837e-05,1.220933e-05,1.178882e-05,1.137681e-05,1.097327e-05,1.057819e-05,1.019153e-05,9.813269e-06,9.443375e-06,9.081814e-06,8.728554e-06,8.383557e-06,8.046786e-06,7.718200e-06,7.397756e-06,7.085409e-06,6.781111e-06,6.484812e-06,6.196458e-06,5.915992e-06,5.643354e-06,5.378481e-06,5.121305e-06,4.871756e-06,4.629756e-06,4.395225e-06,4.168076e-06,3.948218e-06,3.735553e-06,3.529974e-06,3.334836e-06,3.143023e-06,2.957930e-06,2.779415e-06,2.607328e-06,2.441507e-06,2.281776e-06,2.127947e-06,1.979816e-06,1.837164e-06,1.699756e-06,1.567339e-06,1.439643e-06,1.316379e-06,1.197241e-06,1.081904e-06,9.700289e-07,8.612589e-07,7.552255e-07,6.515494e-07,5.498442e-07,4.497202e-07,3.507884e-07,2.526652e-07,1.549767e-07,5.738422e-08,-4.051633e-08,-1.389811e-07,-2.383249e-07,-3.388141e-07,-4.406860e-07,-5.441481e-07,-6.493779e-07,-7.565239e-07,-8.657065e-07,-9.770198e-07,-1.090533e-06,-1.205165e-06,-1.323191e-06,-1.443510e-06,-1.566115e-06,-1.690986e-06,-1.818090e-06,-1.947385e-06,-2.078821e-06,-2.212340e-06,-2.347882e-06,-2.485378e-06,-2.624760e-06,-2.765956e-06,-2.908892e-06,-3.053493e-06,-3.199686e-06,-3.347396e-06,-3.496551e-06,-3.647077e-06,-3.798904e-06,-3.951962e-06,-4.106184e-06,-4.261505e-06,-4.417861e-06,-4.575190e-06,-4.733433e-06,-4.892534e-06,-5.052436e-06,-5.213087e-06,-5.374437e-06,-5.536437e-06,-5.699040e-06,-5.862203e-06,-6.025881e-06,-6.190036e-06,-6.354626e-06,-6.519617e-06,-6.684971e-06,-6.850655e-06,-7.016637e-06,-7.182887e-06,-7.349373e-06,-7.516069e-06,-7.682948e-06,-7.849983e-06,-8.017152e-06,-8.184429e-06,-8.351794e-06,-8.519225e-06,-8.686702e-06,-8.854206e-06,-9.021717e-06,-9.189220e-06,-9.356696e-06,-9.524131e-06,-9.691508e-06,-9.858813e-06,-1.002603e-05,-1.019315e-05,-1.036016e-05,-1.052705e-05,-1.069380e-05,-1.086040e-05,-1.102685e-05,-1.119313e-05,-1.135923e-05,-1.152515e-05,-1.169087e-05,-1.185639e-05,-1.202170e-05,-1.218678e-05,-1.235165e-05,-1.251628e-05,-1.268067e-05,-1.284481e-05,-1.300870e-05,-1.317233e-05,-1.333570e-05,-1.349880e-05,-1.366162e-05,-1.382417e-05,-1.398643e-05,-1.414840e-05,-1.431008e-05,-1.447146e-05,-1.463254e-05,-1.479332e-05,-1.495378e-05,-1.511394e-05,-1.527378e-05,-1.543330e-05,-1.559250e-05,-1.575138e-05,-1.590993e-05,-1.606816e-05,-1.622605e-05,-1.638360e-05,-1.654082e-05,-1.669771e-05,-1.685425e-05,-1.701045e-05,-1.716630e-05,-1.732181e-05,-1.747697e-05,-1.763179e-05,-1.778625e-05,-1.794036e-05,-1.809412e-05
0.0400,5.991917e-05,5.892852e-05,5.794957e-05,5.697847e-05,5.601526e-05,5.505997e-05,5.411263e-05,5.317326e-05,5.224190e-05,5.131858e-05,5.040333e-05,4.949617e-05,4.859713e-05,4.770624e-05,4.682353e-05,4.594902e-05,4.508274e-05,4.422472e-05,4.337497e-05,4.253352e-05,4.170040e-05,4.087562e-05,4.005922e-05,3.925121e-05,3.845161e-05,3.766044e-05,3.687773e-05,3.610348e-05,3.533773e-05,3.458048e-05,3.383176e-05,3.309158e-05,3.235995e-05,3.163690e-05,3.092243e-05,3.021655e-05,2.951929e-05,2.883065e-05,2.815065e-05,2.747929e-05,2.681658e-05,2.616253e-05,2.551715e-05,2.488045e-05,2.425243e-05,2.363310e-05,2.302246e-05,2.242051e-05,2.182726e-05,2.124271e-05,2.066687e-05,2.009972e-05,1.954126e-05,1.899151e-05,1.845044e-05,1.791807e-05,1.739437e-05,1.687935e-05,1.637300e-05,1.587530e-05,1.538626e-05,1.490585e-05,1.443406e-05,1.397088e-05,1.351630e-05,1.307030e-05,1.263286e-05,1.220396e-05,1.178358e-05,1.137169e-05,1.096829e-05,1.057333e-05,1.018679e-05,9.808647e-06,9.438866e-06,9.077415e-06,8.724259e-06,8.379363e-06,8.042686e-06,7.714189e-06,7.393827e-06,7.081556e-06,6.777327e-06,6.481087e-06,6.192783e-06,5.912356e-06,5.639746e-06,5.374887e-06,5.117710e-06,4.868142e-06,4.626104e-06,4.391513e-06,4.164279e-06,3.944306e-06,3.731492e-06,3.525726e-06,3.330335e-06,3.138239e-06,2.952803e-06,2.773881e-06,2.601310e-06,2.434918e-06,2.274516e-06,2.119901e-06,1.970853e-06,1.827134e-06,1.688488e-06,1.554637e-06,1.425284e-06,1.300109e-06,1.178771e-06,1.060908e-06,9.461368e-07,8.340542e-07,7.242397e-07,6.162582e-07,5.096627e-07,4.036091e-07,2.986485e-07,1.937054e-07,8.804201e-08,-1.841797e-08,-1.261561e-07,-2.355649e-07,-3.470089e-07,-4.608211e-07,-5.772995e-07,-6.967060e-07,-8.192644e-07,-9.451609e-07,-1.074544e-06,-1.207528e-06,-1.344191e-06,-1.484581e-06,-1.628718e-06,-1.776595e-06,-1.926335e-06,-2.081614e-06,-2.240497e-06,-2.402905e-06,-2.568744e-06,-2.737913e-06,-2.910301e-06,-3.085795e-06,-3.264277e-06,-3.445624e-06,-3.629716e-06,-3.816431e-06,-4.005646e-06,-4.197242e-06,-4.391100e-06,-4.587106e-06,-4.785146e-06,-4.985110e-06,-5.186893e-06,-5.390391e-06,-5.595505e-06,-5.802140e-06,-6.010204e-06,-6.219608e-06,-6.430269e-06,-6.642104e-06,-6.855037e-06,-7.068993e-06,-7.283901e-06,-7.499694e-06,-7.716307e-06,-7.933678e-06,-8.151749e-06,-8.370463e-06,-8.589768e-06,-8.809611e-06,-9.029945e-06,-9.250724e-06,-9.471902e-06,-9.693440e-06,-9.915295e-06,-1.013743e-05,-1.035981e-05,-1.058240e-05,-1.080517e-05,-1.102808e-05,-1.125110e-05,-1.147421e-05,-1.169739e-05,-1.192059e-05,-1.214381e-05,-1.236701e-05,-1.259017e-05,-1.281327e-05,-1.303630e-05,-1.325922e-05,-1.348203e-05,-1.370471e-05,-1.392723e-05,-1.414958e-05,-1.437175e-05,-1.459372e-05,-1.481548e-05,-1.503702e-05,-1.525831e-05,-1.547935e-05,-1.570014e-05,-1.592064e-05,-1.614086e-05,-1.636079e-05,-1.658041e-05,-1.679972e-05,-1.701871e-05,-1.723736e-05,-1.745567e-05,-1.767364e-05,-1.789125e-05,-1.810850e-05,-1.832538e-05,-1.854188e-05,-1.875801e-05,-1.897374e-05,-1.918908e-05,-1.940403e-05,-1.961857e-05,-1.983270e-05,-2.004641e-05,-2.025971e-05,-2.047259e-05,-2.068504e-05,-2.089706e-05,-2.110864e-05,-2.131979e-05,-2.153050e-05,-2.174076e-05,-2.195057e-05,-2.215994e-05,-2.236885e-05,-2.257731e-05,-2.278530e-05,-2.299284e-05,-2.319992e-05,-2.340653e-05,-2.361267e-05,-2.381834e-05
0.0500,5.989390e-05,5.890381e-05,5.792541e-05,5.695486e-05,5.599217e-05,5.503739e-05,5.409055e-05,5.315167e-05,5.222079e-05,5.129794e-05,5.038314e-05,4.947643e-05,4.857783e-05,4.768737e-05,4.680507e-05,4.593097e-05,4.506509e-05,4.420746e-05,4.335809e-05,4.251701e-05,4.168425e-05,4.085984e-05,4.004378e-05,3.923611e-05,3.843684e-05,3.764600e-05,3.686360e-05,3.608967e-05,3.532422e-05,3.456728e-05,3.381885e-05,3.307895e-05,3.234760e-05,3.162482e-05,3.091062e-05,3.020501e-05,2.950801e-05,2.881962e-05,2.813986e-05,2.746874e-05,2.680627e-05,2.615245e-05,2.550730e-05,2.487082e-05,2.424302e-05,2.362390e-05,2.301347e-05,2.241173e-05,2.181869e-05,2.123434e-05,2.065868e-05,2.009172e-05,1.953346e-05,1.898389e-05,1.844300e-05,1.791080e-05,1.738728e-05,1.687243e-05,1.636624e-05,1.586871e-05,1.537983e-05,1.489957e-05,1.442794e-05,1.396492e-05,1.351049e-05,1.306463e-05,1.262733e-05,1.219857e-05,1.177833e-05,1.136658e-05,1.096331e-05,1.056848e-05,1.018206e-05,9.804042e-06,9.434379e-06,9.073043e-06,8.719998e-06,8.375208e-06,8.038635e-06,7.710236e-06,7.389968e-06,7.077784e-06,6.773637e-06,6.477473e-06,6.189237e-06,5.908871e-06,5.636313e-06,5.371496e-06,5.114350e-06,4.864800e-06,4.622767e-06,4.388163e-06,4.160899e-06,3.940875e-06,3.727987e-06,3.522120e-06,3.326580e-06,3.134314e-06,2.948669e-06,2.769489e-06,2.596608e-06,2.429844e-06,2.269000e-06,2.113862e-06,1.964199e-06,1.819760e-06,1.680272e-06,1.545441e-06,1.414949e-06,1.288455e-06,1.165591e-06,1.045968e-06,9.291696e-07,8.147571e-07,7.022705e-07,5.912308e-07,4.807506e-07,3.713627e-07,2.619089e-07,1.514926e-07,4.010063e-08,-7.288911e-08,-1.879623e-07,-3.055828e-07,-4.261868e-07,-5.501782e-07,-6.779242e-07,-8.097521e-07,-9.459467e-07,-1.086749e-06,-1.232357e-06,-1.382923e-06,-1.538560e-06,-1.699339e-06,-1.865294e-06,-2.036425e-06,-2.212701e-06,-2.394064e-06,-2.577946e-06,-2.769272e-06,-2.965390e-06,-3.166165e-06,-3.371451e-06,-3.581094e-06,-3.794935e-06,-4.012808e-06,-4.234548e-06,-4.459987e-06,-4.688958e-06,-4.921296e-06,-5.156839e-06,-5.395427e-06,-5.636903e-06,-5.881117e-06,-6.127921e-06,-6.377172e-06,-6.628734e-06,-6.882472e-06,-7.138261e-06,-7.395977e-06,-7.655502e-06,-7.916725e-06,-8.179537e-06,-8.443835e-06,-8.709521e-06,-8.976501e-06,-9.244684e-06,-9.513986e-06,-9.784323e-06,-1.005562e-05,-1.032780e-05,-1.060079e-05,-1.087453e-05,-1.114895e-05,-1.142399e-05,-1.169959e-05,-1.197570e-05,-1.225226e-05,-1.252922e-05,-1.280654e-05,-1.308417e-05,-1.336206e-05,-1.364018e-05,-1.391848e-05,-1.419693e-05,-1.447549e-05,-1.475412e-05,-1.503280e-05,-1.531150e-05,-1.559017e-05,-1.586880e-05,-1.614736e-05,-1.642582e-05,-1.670416e-05,-1.698235e-05,-1.726037e-05,-1.753820e-05,-1.781583e-05,-1.809322e-05,-1.837036e-05,-1.864724e-05,-1.892384e-05,-1.920014e-05,-1.947612e-05,-1.975178e-05,-2.002709e-05,-2.030204e-05,-2.057662e-05,-2.085083e-05,-2.112463e-05,-2.139804e-05,-2.167103e-05,-2.194359e-05,-2.221571e-05,-2.248740e-05,-2.275862e-05,-2.302939e-05,-2.329968e-05,-2.356950e-05,-2.383883e-05,-2.410767e-05,-2.437600e-05,-2.464384e-05,-2.491115e-05,-2.517796e-05,-2.544423e-05,-2.570998e-05,-2.597519e-05,-2.623987e-05,-2.650400e-05,-2.676758e-05,-2.703061e-05,-2.729308e-05,-2.755499e-05,-2.781634e-05,-2.807712e-05,-2.833733e-05,-2.859697e-05,-2.885602e-05,-2.911450e-05,-2.937240e-05
0.0600,5.986827e-05,5.887877e-05,5.790093e-05,5.693092e-05,5.596877e-05,5.501452e-05,5.406819e-05,5.312981e-05,5.219942e-05,5.127704e-05,5.036271e-05,4.945645e-05,4.855830e-05,4.766827e-05,4.678640e-05,4.591272e-05,4.504725e-05,4.419001e-05,4.334103e-05,4.250033e-05,4.166794e-05,4.084389e-05,4.002819e-05,3.922086e-05,3.842193e-05,3.763142e-05,3.684935e-05,3.607574e-05,3.531060e-05,3.455395e-05,3.380582e-05,3.306622e-05,3.233515e-05,3.161265e-05,3.089872e-05,3.019338e-05,2.949663e-05,2.880850e-05,2.812899e-05,2.745812e-05,2.679588e-05,2.614230e-05,2.549738e-05,2.486113e-05,2.423355e-05,2.361465e-05,2.300443e-05,2.240290e-05,2.181006e-05,2.122591e-05,2.065045e-05,2.008369e-05,1.952561e-05,1.897623e-05,1.843552e-05,1.790350e-05,1.738016e-05,1.686548e-05,1.635946e-05,1.586210e-05,1.537337e-05,1.489328e-05,1.442181e-05,1.395894e-05,1.350466e-05,1.305895e-05,1.262180e-05,1.219318e-05,1.177307e-05,1.136146e-05,1.095832e-05,1.056362e-05,1.017734e-05,9.799442e-06,9.429901e-06,9.068684e-06,8.715755e-06,8.371077e-06,8.034612e-06,7.706317e-06,7.386150e-06,7.074063e-06,6.770007e-06,6.473929e-06,6.185774e-06,5.905483e-06,5.632992e-06,5.368236e-06,5.111142e-06,4.861635e-06,4.619633e-06,4.385050e-06,4.157792e-06,3.937760e-06,3.724846e-06,3.518934e-06,3.323315e-06,3.130955e-06,2.945185e-06,2.765848e-06,2.592771e-06,2.425767e-06,2.264633e-06,2.109147e-06,1.959070e-06,1.814141e-06,1.674076e-06,1.538569e-06,1.407286e-06,1.279871e-06,1.155938e-06,1.035075e-06,9.168431e-07,8.007766e-07,6.863855e-07,5.726630e-07,4.603344e-07,3.480960e-07,2.350549e-07,1.210242e-07,5.388430e-09,-1.124108e-07,-2.329195e-07,-3.566645e-07,-4.841480e-07,-6.158408e-07,-7.521782e-07,-8.935548e-07,-1.040322e-06,-1.192783e-06,-1.351196e-06,-1.515768e-06,-1.686659e-06,-1.863982e-06,-2.047807e-06,-2.238159e-06,-2.435026e-06,-2.638361e-06,-2.848086e-06,-3.064093e-06,-3.283201e-06,-3.511444e-06,-3.745533e-06,-3.985285e-06,-4.230512e-06,-4.481015e-06,-4.736592e-06,-4.997036e-06,-5.262141e-06,-5.531702e-06,-5.805515e-06,-6.083377e-06,-6.365093e-06,-6.650468e-06,-6.939316e-06,-7.231453e-06,-7.526702e-06,-7.824894e-06,-8.125864e-06,-8.429452e-06,-8.735506e-06,-9.043880e-06,-9.354433e-06,-9.667030e-06,-9.981544e-06,-1.029785e-05,-1.061583e-05,-1.093537e-05,-1.125637e-05,-1.157872e-05,-1.190232e-05,-1.222709e-05,-1.255292e-05,-1.287975e-05,-1.320748e-05,-1.353603e-05,-1.386534e-05,-1.419534e-05,-1.452595e-05,-1.485712e-05,-1.518878e-05,-1.552088e-05,-1.585336e-05,-1.618617e-05,-1.651925e-05,-1.685256e-05,-1.718606e-05,-1.751970e-05,-1.785344e-05,-1.818724e-05,-1.852106e-05,-1.885487e-05,-1.918863e-05,-1.952231e-05,-1.985588e-05,-2.018931e-05,-2.052257e-05,-2.085563e-05,-2.118847e-05,-2.152106e-05,-2.185338e-05,-2.218541e-05,-2.251712e-05,-2.284850e-05,-2.317952e-05,-2.351017e-05,-2.384042e-05,-2.417027e-05,-2.449969e-05,-2.482867e-05,-2.515720e-05,-2.548525e-05,-2.581282e-05,-2.613990e-05,-2.646646e-05,-2.679251e-05,-2.711802e-05,-2.744299e-05,-2.776740e-05,-2.809126e-05,-2.841454e-05,-2.873723e-05,-2.905934e-05,-2.938085e-05,-2.970175e-05,-3.002204e-05,-3.034171e-05,-3.066075e-05,-3.097915e-05,-3.129692e-05,-3.161403e-05,-3.193050e-05,-3.224631e-05,-3.256145e-05,-3.287593e-05,-3.318974e-05,-3.350287e-05,-3.381532e-05,-3.412708e-05,-3.443816e-05,-3.474854e-05
0.0700,5.984228e-05,5.885337e-05,5.787611e-05,5.690666e-05,5.594506e-05,5.499134e-05,5.404553e-05,5.310766e-05,5.217777e-05,5.125588e-05,5.034203e-05,4.943624e-05,4.853854e-05,4.764895e-05,4.676752e-05,4.589426e-05,4.502920e-05,4.417237e-05,4.332378e-05,4.248347e-05,4.165146e-05,4.082778e-05,4.001244e-05,3.920546e-05,3.840688e-05,3.761671e-05,3.683497e-05,3.606167e-05,3.529685e-05,3.454051e-05,3.379268e-05,3.305337e-05,3.232260e-05,3.160038e-05,3.088672e-05,3.018165e-05,2.948517e-05,2.879730e-05,2.811804e-05,2.744742e-05,2.678543e-05,2.613209e-05,2.548740e-05,2.485138e-05,2.422402e-05,2.360534e-05,2.299534e-05,2.239402e-05,2.180138e-05,2.121744e-05,2.064218e-05,2.007561e-05,1.951772e-05,1.896853e-05,1.842801e-05,1.789617e-05,1.737300e-05,1.685850e-05,1.635265e-05,1.585545e-05,1.536689e-05,1.488696e-05,1.441565e-05,1.395293e-05,1.349881e-05,1.305325e-05,1.261624e-05,1.218777e-05,1.176781e-05,1.135633e-05,1.095333e-05,1.055876e-05,1.017261e-05,9.794841e-06,9.425425e-06,9.064329e-06,8.711518e-06,8.366957e-06,8.030604e-06,7.702418e-06,7.382357e-06,7.070371e-06,6.766413e-06,6.470429e-06,6.182363e-06,5.902155e-06,5.629743e-06,5.365059e-06,5.108031e-06,4.858582e-06,4.616631e-06,4.382089e-06,4.154863e-06,3.934850e-06,3.721943e-06,3.516023e-06,3.320370e-06,3.127964e-06,2.942128e-06,2.762699e-06,2.589502e-06,2.422345e-06,2.261021e-06,2.105303e-06,1.954945e-06,1.809678e-06,1.669212e-06,1.533230e-06,1.401390e-06,1.273321e-06,1.148624e-06,1.026872e-06,9.076072e-07,7.903452e-07,6.739156e-07,5.593679e-07,4.452223e-07,3.308975e-07,2.153068e-07,9.852315e-08,-2.025206e-08,-1.416231e-07,-2.661855e-07,-3.945192e-07,-5.271823e-07,-6.647048e-07,-8.075833e-07,-9.562752e-07,-1.111195e-06,-1.272711e-06,-1.441141e-06,-1.616754e-06,-1.799766e-06,-1.990342e-06,-2.188599e-06,-2.394605e-06,-2.608381e-06,-2.829909e-06,-3.059131e-06,-3.295955e-06,-3.540258e-06,-3.788253e-06,-4.047133e-06,-4.312990e-06,-4.585617e-06,-4.864795e-06,-5.150296e-06,-5.441886e-06,-5.739328e-06,-6.042384e-06,-6.350814e-06,-6.664382e-06,-6.982852e-06,-7.305995e-06,-7.633585e-06,-7.965402e-06,-8.301230e-06,-8.640863e-06,-8.984099e-06,-9.330742e-06,-9.680605e-06,-1.003351e-05,-1.038927e-05,-1.074774e-05,-1.110874e-05,-1.147212e-05,-1.183774e-05,-1.220545e-05,-1.257512e-05,-1.294662e-05,-1.331982e-05,-1.369461e-05,-1.407087e-05,-1.444850e-05,-1.482740e-05,-1.520746e-05,-1.558858e-05,-1.597069e-05,-1.635370e-05,-1.673752e-05,-1.712208e-05,-1.750730e-05,-1.789311e-05,-1.827944e-05,-1.866624e-05,-1.905343e-05,-1.944096e-05,-1.982878e-05,-2.021682e-05,-2.060505e-05,-2.099340e-05,-2.138185e-05,-2.177033e-05,-2.215881e-05,-2.254724e-05,-2.293560e-05,-2.332384e-05,-2.371192e-05,-2.409982e-05,-2.448750e-05,-2.487493e-05,-2.526209e-05,-2.564893e-05,-2.603545e-05,-2.642161e-05,-2.680738e-05,-2.719275e-05,-2.757769e-05,-2.796219e-05,-2.834621e-05,-2.872975e-05,-2.911278e-05,-2.949528e-05,-2.987724e-05,-3.025865e-05,-3.063948e-05,-3.101973e-05,-3.139937e-05,-3.177840e-05,-3.215680e-05,-3.253456e-05,-3.291166e-05,-3.328811e-05,-3.366388e-05,-3.403896e-05,-3.441335e-05,-3.478704e-05,-3.516002e-05,-3.553227e-05,-3.590380e-05,-3.627459e-05,-3.664463e-05,-3.701393e-05,-3.738247e-05,-3.775024e-05,-3.811724e-05,-3.848347e-05,-3.884892e-05,-3.921358e-05,-3.957745e-05,-3.994052e-05
0.0800,5.981591e-05,5.882761e-05,5.785093e-05,5.688206e-05,5.592102e-05,5.496784e-05,5.402257e-05,5.308522e-05,5.215584e-05,5.123445e-05,5.032108e-05,4.941577e-05,4.851853e-05,4.762940e-05,4.674841e-05,4.587558e-05,4.501095e-05,4.415452e-05,4.330634e-05,4.246643e-05,4.163480e-05,4.081149e-05,3.999652e-05,3.918991e-05,3.839168e-05,3.760185e-05,3.682044e-05,3.604748e-05,3.528297e-05,3.452695e-05,3.377943e-05,3.304042e-05,3.230994e-05,3.158800e-05,3.087463e-05,3.016983e-05,2.947362e-05,2.878601e-05,2.810701e-05,2.743664e-05,2.677490e-05,2.612180e-05,2.547735e-05,2.484155e-05,2.421443e-05,2.359597e-05,2.298618e-05,2.238508e-05,2.179265e-05,2.120891e-05,2.063386e-05,2.006748e-05,1.950979e-05,1.896079e-05,1.842045e-05,1.788880e-05,1.736581e-05,1.685148e-05,1.634581e-05,1.584878e-05,1.536039e-05,1.488062e-05,1.440947e-05,1.394691e-05,1.349293e-05,1.304753e-05,1.261067e-05,1.218234e-05,1.176252e-05,1.135119e-05,1.094832e-05,1.055389e-05,1.016787e-05,9.790233e-06,9.420944e-06,9.059972e-06,8.707283e-06,8.362839e-06,8.026602e-06,7.698529e-06,7.378576e-06,7.066696e-06,6.762840e-06,6.466954e-06,6.178983e-06,5.898865e-06,5.626539e-06,5.361936e-06,5.104983e-06,4.855604e-06,4.613715e-06,4.379228e-06,4.152049e-06,3.932074e-06,3.719195e-06,3.513292e-06,3.317635e-06,3.125217e-06,2.939352e-06,2.759874e-06,2.586607e-06,2.419355e-06,2.257908e-06,2.102034e-06,1.951483e-06,1.805981e-06,1.665231e-06,1.528910e-06,1.396667e-06,1.268122e-06,1.142866e-06,1.020460e-06,9.004342e-07,7.822868e-07,6.649047e-07,5.491812e-07,4.336795e-07,3.177941e-07,2.002902e-07,8.143789e-08,-3.970171e-08,-1.637692e-07,-2.913996e-07,-4.232158e-07,-5.598223e-07,-7.017986e-07,-8.496933e-07,-1.004019e-06,-1.165247e-06,-1.333803e-06,-1.510066e-06,-1.694361e-06,-1.886965e-06,-2.088097e-06,-2.297928e-06,-2.516575e-06,-2.744105e-06,-2.980539e-06,-3.225854e-06,-3.479985e-06,-3.742832e-06,-4.014262e-06,-4.289931e-06,-4.578114e-06,-4.874332e-06,-5.178362e-06,-5.489964e-06,-5.808887e-06,-6.134875e-06,-6.467666e-06,-6.806996e-06,-7.152599e-06,-7.504211e-06,-7.861570e-06,-8.224418e-06,-8.592502e-06,-8.965574e-06,-9.343390e-06,-9.725716e-06,-1.011232e-05,-1.050298e-05,-1.089749e-05,-1.129564e-05,-1.169722e-05,-1.210204e-05,-1.250992e-05,-1.292068e-05,-1.333415e-05,-1.375017e-05,-1.416857e-05,-1.458921e-05,-1.501194e-05,-1.543663e-05,-1.586314e-05,-1.629134e-05,-1.672111e-05,-1.715234e-05,-1.758492e-05,-1.801874e-05,-1.845370e-05,-1.888970e-05,-1.932665e-05,-1.976447e-05,-2.020306e-05,-2.064235e-05,-2.108226e-05,-2.152271e-05,-2.196364e-05,-2.240499e-05,-2.284668e-05,-2.328865e-05,-2.373085e-05,-2.417322e-05,-2.461571e-05,-2.505826e-05,-2.550084e-05,-2.594338e-05,-2.638585e-05,-2.682821e-05,-2.727041e-05,-2.771241e-05,-2.815418e-05,-2.859569e-05,-2.903690e-05,-2.947777e-05,-2.991828e-05,-3.035840e-05,-3.079809e-05,-3.123734e-05,-3.167611e-05,-3.211438e-05,-3.255213e-05,-3.298934e-05,-3.342598e-05,-3.386203e-05,-3.429748e-05,-3.473230e-05,-3.516648e-05,-3.559999e-05,-3.603283e-05,-3.646498e-05,-3.689642e-05,-3.732714e-05,-3.775712e-05,-3.818635e-05,-3.861483e-05,-3.904252e-05,-3.946944e-05,-3.989556e-05,-4.032087e-05,-4.074537e-05,-4.116904e-05,-4.159188e-05,-4.201387e-05,-4.243502e-05,-4.285530e-05,-4.327472e-05,-4.369326e-05,-4.411093e-05,-4.452770e-05,-4.494359e-05
0.0900,5.978915e-05,5.880147e-05,5.782539e-05,5.685710e-05,5.589663e-05,5.494402e-05,5.399929e-05,5.306248e-05,5.213362e-05,5.121274e-05,5.029987e-05,4.939503e-05,4.849827e-05,4.760961e-05,4.672907e-05,4.585668e-05,4.499248e-05,4.413648e-05,4.328871e-05,4.244919e-05,4.161796e-05,4.079503e-05,3.998044e-05,3.917419e-05,3.837632e-05,3.758684e-05,3.680577e-05,3.603314e-05,3.526897e-05,3.451326e-05,3.376605e-05,3.302734e-05,3.229716e-05,3.157552e-05,3.086243e-05,3.015791e-05,2.946198e-05,2.877463e-05,2.809590e-05,2.742578e-05,2.676429e-05,2.611143e-05,2.546722e-05,2.483167e-05,2.420477e-05,2.358654e-05,2.297697e-05,2.237608e-05,2.178387e-05,2.120034e-05,2.062549e-05,2.005931e-05,1.950182e-05,1.895300e-05,1.841286e-05,1.788139e-05,1.735858e-05,1.684443e-05,1.633893e-05,1.584208e-05,1.535385e-05,1.487425e-05,1.440326e-05,1.394086e-05,1.348704e-05,1.304179e-05,1.260508e-05,1.217690e-05,1.175723e-05,1.134604e-05,1.094331e-05,1.054901e-05,1.016313e-05,9.785617e-06,9.416456e-06,9.055610e-06,8.703044e-06,8.358720e-06,8.022600e-06,7.694642e-06,7.374800e-06,7.063029e-06,6.759278e-06,6.463494e-06,6.175621e-06,5.895599e-06,5.623363e-06,5.358846e-06,5.101975e-06,4.852672e-06,4.610854e-06,4.376432e-06,4.149311e-06,3.929387e-06,3.716550e-06,3.510679e-06,3.315040e-06,3.122632e-06,2.936762e-06,2.757266e-06,2.583962e-06,2.416654e-06,2.255127e-06,2.099149e-06,1.948465e-06,1.802796e-06,1.661841e-06,1.525271e-06,1.392729e-06,1.263829e-06,1.138154e-06,1.015254e-06,8.946494e-07,7.758277e-07,6.577189e-07,5.410954e-07,4.245536e-07,3.070874e-07,1.884935e-07,6.804833e-08,-5.491385e-08,-1.810621e-07,-3.110628e-07,-4.455732e-07,-5.852348e-07,-7.306675e-07,-8.824631e-07,-1.041180e-06,-1.207339e-06,-1.381416e-06,-1.563842e-06,-1.754997e-06,-1.955212e-06,-2.164761e-06,-2.383868e-06,-2.612701e-06,-2.851378e-06,-3.099966e-06,-3.358483e-06,-3.626903e-06,-3.905158e-06,-4.193143e-06,-4.490719e-06,-4.793035e-06,-5.109357e-06,-5.434697e-06,-5.768816e-06,-6.111460e-06,-6.462365e-06,-6.821257e-06,-7.187856e-06,-7.561878e-06,-7.943038e-06,-8.331051e-06,-8.725634e-06,-9.126505e-06,-9.533389e-06,-9.946014e-06,-1.036411e-05,-1.078743e-05,-1.121571e-05,-1.164870e-05,-1.208618e-05,-1.252790e-05,-1.297365e-05,-1.342320e-05,-1.387636e-05,-1.433292e-05,-1.479269e-05,-1.525547e-05,-1.572111e-05,-1.618941e-05,-1.666022e-05,-1.713338e-05,-1.760874e-05,-1.808616e-05,-1.856548e-05,-1.904659e-05,-1.952935e-05,-2.001364e-05,-2.049935e-05,-2.098635e-05,-2.147455e-05,-2.196385e-05,-2.245413e-05,-2.294532e-05,-2.343732e-05,-2.393004e-05,-2.442340e-05,-2.491732e-05,-2.541174e-05,-2.590657e-05,-2.640175e-05,-2.689721e-05,-2.739289e-05,-2.788873e-05,-2.838467e-05,-2.888065e-05,-2.937664e-05,-2.987256e-05,-3.036838e-05,-3.086406e-05,-3.135954e-05,-3.185478e-05,-3.234974e-05,-3.284440e-05,-3.333870e-05,-3.383261e-05,-3.432611e-05,-3.481915e-05,-3.531171e-05,-3.580375e-05,-3.629526e-05,-3.678620e-05,-3.727654e-05,-3.776627e-05,-3.825535e-05,-3.874377e-05,-3.923151e-05,-3.971853e-05,-4.020483e-05,-4.069039e-05,-4.117518e-05,-4.165919e-05,-4.214241e-05,-4.262481e-05,-4.310639e-05,-4.358712e-05,-4.406699e-05,-4.454600e-05,-4.502412e-05,-4.550135e-05,-4.597768e-05,-4.645309e-05,-4.692757e-05,-4.740111e-05,-4.787371e-05,-4.834536e-05,-4.881604e-05,-4.928574e-05,-4.975447e-05
0.1000,5.976197e-05,5.877493e-05,5.779947e-05,5.683178e-05,5.587190e-05,5.491985e-05,5.397568e-05,5.303942e-05,5.211109e-05,5.119073e-05,5.027837e-05,4.937403e-05,4.847775e-05,4.758956e-05,4.670948e-05,4.583754e-05,4.497378e-05,4.411821e-05,4.327086e-05,4.243176e-05,4.160093e-05,4.077839e-05,3.996418e-05,3.915830e-05,3.836079e-05,3.757167e-05,3.679095e-05,3.601866e-05,3.525482e-05,3.449944e-05,3.375254e-05,3.301415e-05,3.228427e-05,3.156293e-05,3.085013e-05,3.014589e-05,2.945023e-05,2.876316e-05,2.808469e-05,2.741483e-05,2.675360e-05,2.610099e-05,2.545702e-05,2.482171e-05,2.419504e-05,2.357704e-05,2.296770e-05,2.236703e-05,2.177503e-05,2.119171e-05,2.061706e-05,2.005109e-05,1.949380e-05,1.894518e-05,1.840522e-05,1.787394e-05,1.735131e-05,1.683734e-05,1.633202e-05,1.583534e-05,1.534729e-05,1.486785e-05,1.439702e-05,1.393478e-05,1.348112e-05,1.303602e-05,1.259947e-05,1.217144e-05,1.175191e-05,1.134086e-05,1.093827e-05,1.054412e-05,1.015836e-05,9.780989e-06,9.411958e-06,9.051239e-06,8.698797e-06,8.354596e-06,8.018595e-06,7.690753e-06,7.371025e-06,7.059364e-06,6.755721e-06,6.460041e-06,6.172270e-06,5.892345e-06,5.620203e-06,5.355776e-06,5.098991e-06,4.849770e-06,4.608029e-06,4.373679e-06,4.146623e-06,3.926758e-06,3.713973e-06,3.508147e-06,3.312538e-06,3.120154e-06,2.934298e-06,2.754803e-06,2.581485e-06,2.414147e-06,2.252572e-06,2.096525e-06,1.945747e-06,1.799958e-06,1.658851e-06,1.522094e-06,1.389325e-06,1.260152e-06,1.134152e-06,1.010867e-06,8.898100e-07,7.696955e-07,6.517787e-07,5.344452e-07,4.170819e-07,2.986018e-07,1.789092e-07,5.720344e-08,-6.720133e-08,-1.949967e-07,-3.268736e-07,-4.635166e-07,-6.055970e-07,-7.537669e-07,-9.086533e-07,-1.070853e-06,-1.240925e-06,-1.419390e-06,-1.606724e-06,-1.803355e-06,-2.009660e-06,-2.225965e-06,-2.452542e-06,-2.689612e-06,-2.937339e-06,-3.195839e-06,-3.465176e-06,-3.745366e-06,-4.036381e-06,-4.338150e-06,-4.650565e-06,-4.973483e-06,-5.301596e-06,-5.645075e-06,-5.998468e-06,-6.361529e-06,-6.733998e-06,-7.115599e-06,-7.506047e-06,-7.905050e-06,-8.312312e-06,-8.727532e-06,-9.150410e-06,-9.580646e-06,-1.001794e-05,-1.046200e-05,-1.091254e-05,-1.136927e-05,-1.183191e-05,-1.230019e-05,-1.277385e-05,-1.325262e-05,-1.373625e-05,-1.422450e-05,-1.471714e-05,-1.521394e-05,-1.571467e-05,-1.621912e-05,-1.672709e-05,-1.723838e-05,-1.775280e-05,-1.827016e-05,-1.879029e-05,-1.931303e-05,-1.983820e-05,-2.036565e-05,-2.089523e-05,-2.142679e-05,-2.196021e-05,-2.249533e-05,-2.303205e-05,-2.357023e-05,-2.410976e-05,-2.465053e-05,-2.519243e-05,-2.573535e-05,-2.627921e-05,-2.682389e-05,-2.736932e-05,-2.791541e-05,-2.846207e-05,-2.900923e-05,-2.955681e-05,-3.010473e-05,-3.065293e-05,-3.120133e-05,-3.174989e-05,-3.229853e-05,-3.284719e-05,-3.339583e-05,-3.394438e-05,-3.449279e-05,-3.504103e-05,-3.558903e-05,-3.613675e-05,-3.668416e-05,-3.723120e-05,-3.777785e-05,-3.832406e-05,-3.886979e-05,-3.941501e-05,-3.995969e-05,-4.050380e-05,-4.104730e-05,-4.159017e-05,-4.213238e-05,-4.267390e-05,-4.321470e-05,-4.375477e-05,-4.429407e-05,-4.483259e-05,-4.537031e-05,-4.590720e-05,-4.644324e-05,-4.697841e-05,-4.751271e-05,-4.804610e-05,-4.857858e-05,-4.911012e-05,-4.964072e-05,-5.017036e-05,-5.069902e-05,-5.122669e-05,-5.175336e-05,-5.227902e-05,-5.280365e-05,-5.332724e-05,-5.384980e-05,-5.437129e-05
0.1100,5.973438e-05,5.874799e-05,5.777315e-05,5.680608e-05,5.584679e-05,5.489534e-05,5.395174e-05,5.301603e-05,5.208825e-05,5.116842e-05,5.025657e-05,4.935274e-05,4.845696e-05,4.756925e-05,4.668964e-05,4.581817e-05,4.495486e-05,4.409972e-05,4.325280e-05,4.241412e-05,4.158369e-05,4.076156e-05,3.994773e-05,3.914224e-05,3.834510e-05,3.755634e-05,3.677598e-05,3.600404e-05,3.524053e-05,3.448548e-05,3.373891e-05,3.300083e-05,3.227126e-05,3.155022e-05,3.083772e-05,3.013377e-05,2.943839e-05,2.875160e-05,2.807340e-05,2.740380e-05,2.674282e-05,2.609047e-05,2.544675e-05,2.481167e-05,2.418525e-05,2.356747e-05,2.295836e-05,2.235791e-05,2.176614e-05,2.118303e-05,2.060859e-05,2.004282e-05,1.948573e-05,1.893730e-05,1.839754e-05,1.786645e-05,1.734401e-05,1.683022e-05,1.632508e-05,1.582857e-05,1.534069e-05,1.486142e-05,1.439076e-05,1.392868e-05,1.347518e-05,1.303024e-05,1.259383e-05,1.216595e-05,1.174657e-05,1.133567e-05,1.093322e-05,1.053921e-05,1.015359e-05,9.776348e-06,9.407448e-06,9.046858e-06,8.694542e-06,8.350463e-06,8.014583e-06,7.686859e-06,7.367246e-06,7.055698e-06,6.752164e-06,6.456591e-06,6.168922e-06,5.889097e-06,5.617053e-06,5.352719e-06,5.096023e-06,4.846887e-06,4.605227e-06,4.370953e-06,4.143968e-06,3.924168e-06,3.711442e-06,3.505668e-06,3.310099e-06,3.117750e-06,2.931920e-06,2.752439e-06,2.579123e-06,2.411774e-06,2.250171e-06,2.094079e-06,1.943235e-06,1.797357e-06,1.656137e-06,1.519236e-06,1.386289e-06,1.256900e-06,1.130639e-06,1.007046e-06,8.856236e-07,7.651135e-07,6.467003e-07,5.287895e-07,4.107575e-07,2.914515e-07,1.708640e-07,4.813193e-08,-7.744671e-08,-2.065813e-07,-3.399825e-07,-4.783564e-07,-6.223980e-07,-7.727854e-07,-9.301739e-07,-1.095190e-06,-1.268428e-06,-1.450443e-06,-1.641747e-06,-1.842810e-06,-2.054050e-06,-2.275837e-06,-2.508488e-06,-2.752268e-06,-3.007390e-06,-3.274013e-06,-3.552247e-06,-3.842152e-06,-4.143741e-06,-4.456983e-06,-4.781804e-06,-5.118095e-06,-5.465711e-06,-5.818932e-06,-6.188747e-06,-6.569291e-06,-6.960314e-06,-7.361551e-06,-7.772720e-06,-8.193532e-06,-8.623686e-06,-9.062878e-06,-9.510796e-06,-9.967131e-06,-1.043157e-05,-1.090381e-05,-1.138353e-05,-1.187043e-05,-1.236422e-05,-1.286460e-05,-1.337127e-05,-1.388397e-05,-1.440241e-05,-1.492632e-05,-1.545544e-05,-1.598953e-05,-1.652833e-05,-1.707161e-05,-1.761913e-05,-1.817067e-05,-1.872602e-05,-1.928497e-05,-1.984732e-05,-2.041288e-05,-2.098145e-05,-2.155286e-05,-2.212694e-05,-2.270352e-05,-2.328244e-05,-2.386355e-05,-2.444670e-05,-2.503174e-05,-2.561855e-05,-2.620698e-05,-2.679692e-05,-2.738825e-05,-2.798084e-05,-2.857459e-05,-2.916939e-05,-2.976514e-05,-3.036174e-05,-3.095910e-05,-3.155712e-05,-3.215572e-05,-3.275482e-05,-3.335433e-05,-3.395419e-05,-3.455432e-05,-3.515464e-05,-3.575509e-05,-3.635561e-05,-3.695614e-05,-3.755661e-05,-3.815697e-05,-3.875716e-05,-3.935714e-05,-3.995685e-05,-4.055624e-05,-4.115527e-05,-4.175390e-05,-4.235208e-05,-4.294977e-05,-4.354694e-05,-4.414354e-05,-4.473955e-05,-4.533492e-05,-4.592963e-05,-4.652364e-05,-4.711692e-05,-4.770945e-05,-4.830119e-05,-4.889213e-05,-4.948223e-05,-5.007148e-05,-5.065984e-05,-5.124730e-05,-5.183383e-05,-5.241942e-05,-5.300404e-05,-5.358769e-05,-5.417033e-05,-5.475195e-05,-5.533254e-05,-5.591207e-05,-5.649055e-05,-5.706794e-05,-5.764424e-05,-5.821943e-05,-5.879351e-05
0.1200,5.970634e-05,5.872062e-05,5.774642e-05,5.677998e-05,5.582131e-05,5.487045e-05,5.392744e-05,5.299230e-05,5.206507e-05,5.114579e-05,5.023448e-05,4.933116e-05,4.843589e-05,4.754867e-05,4.666955e-05,4.579854e-05,4.493569e-05,4.408100e-05,4.323452e-05,4.239626e-05,4.156626e-05,4.074453e-05,3.993110e-05,3.912599e-05,3.832924e-05,3.754085e-05,3.676085e-05,3.598925e-05,3.522609e-05,3.447138e-05,3.372514e-05,3.298738e-05,3.225813e-05,3.153739e-05,3.082519e-05,3.012154e-05,2.942644e-05,2.873993e-05,2.806200e-05,2.739268e-05,2.673196e-05,2.607986e-05,2.543640e-05,2.480156e-05,2.417538e-05,2.355784e-05,2.294896e-05,2.234874e-05,2.175718e-05,2.117429e-05,2.060006e-05,2.003450e-05,1.947761e-05,1.892938e-05,1.838982e-05,1.785892e-05,1.733666e-05,1.682306e-05,1.631810e-05,1.582177e-05,1.533406e-05,1.485496e-05,1.438446e-05,1.392255e-05,1.346921e-05,1.302442e-05,1.258818e-05,1.216045e-05,1.174121e-05,1.133046e-05,1.092815e-05,1.053428e-05,1.014880e-05,9.771693e-06,9.402925e-06,9.042465e-06,8.690276e-06,8.346322e-06,8.010563e-06,7.682958e-06,7.363462e-06,7.052027e-06,6.748604e-06,6.453139e-06,6.165575e-06,5.885852e-06,5.613906e-06,5.349668e-06,5.093064e-06,4.844016e-06,4.602439e-06,4.368244e-06,4.141334e-06,3.921604e-06,3.708942e-06,3.503225e-06,3.307703e-06,3.115397e-06,2.929600e-06,2.750143e-06,2.576841e-06,2.409492e-06,2.247877e-06,2.091756e-06,1.940867e-06,1.794923e-06,1.653614e-06,1.516599e-06,1.383509e-06,1.253944e-06,1.127470e-06,1.003621e-06,8.818949e-07,7.610552e-07,6.422270e-07,5.238327e-07,4.052402e-07,2.852419e-07,1.639047e-07,4.031338e-08,-8.624693e-08,-2.164999e-07,-3.511722e-07,-4.909870e-07,-6.366584e-07,-7.888853e-07,-9.483457e-07,-1.115691e-06,-1.291542e-06,-1.476483e-06,-1.671058e-06,-1.875768e-06,-2.091069e-06,-2.317366e-06,-2.555017e-06,-2.804327e-06,-3.065548e-06,-3.338884e-06,-3.624485e-06,-3.922454e-06,-4.232844e-06,-4.555663e-06,-4.890878e-06,-5.238413e-06,-5.598155e-06,-5.969959e-06,-6.347737e-06,-6.743213e-06,-7.150153e-06,-7.568307e-06,-7.997407e-06,-8.437171e-06,-8.887305e-06,-9.347505e-06,-9.817462e-06,-1.029686e-05,-1.078538e-05,-1.128271e-05,-1.178852e-05,-1.230250e-05,-1.282434e-05,-1.335372e-05,-1.389034e-05,-1.443390e-05,-1.498409e-05,-1.554065e-05,-1.610327e-05,-1.667169e-05,-1.724564e-05,-1.782485e-05,-1.840908e-05,-1.899808e-05,-1.959161e-05,-2.018944e-05,-2.079134e-05,-2.139710e-05,-2.200652e-05,-2.261938e-05,-2.323550e-05,-2.385468e-05,-2.447676e-05,-2.510154e-05,-2.572887e-05,-2.635858e-05,-2.699051e-05,-2.762452e-05,-2.826047e-05,-2.889820e-05,-2.953760e-05,-3.017852e-05,-3.082086e-05,-3.146448e-05,-3.210928e-05,-3.275514e-05,-3.340197e-05,-3.404965e-05,-3.469810e-05,-3.534722e-05,-3.599691e-05,-3.664710e-05,-3.729771e-05,-3.794864e-05,-3.859984e-05,-3.925121e-05,-3.990270e-05,-4.055424e-05,-4.120576e-05,-4.185720e-05,-4.250850e-05,-4.315961e-05,-4.381047e-05,-4.446102e-05,-4.511122e-05,-4.576102e-05,-4.641037e-05,-4.705923e-05,-4.770755e-05,-4.835530e-05,-4.900244e-05,-4.964892e-05,-5.029472e-05,-5.093979e-05,-5.158410e-05,-5.222763e-05,-5.287034e-05,-5.351220e-05,-5.415319e-05,-5.479327e-05,-5.543242e-05,-5.607063e-05,-5.670785e-05,-5.734408e-05,-5.797928e-05,-5.861344e-05,-5.924654e-05,-5.987856e-05,-6.050948e-05,-6.113928e-05,-6.176795e-05,-6.239547e-05,-6.302183e-05
0.1300,5.967784e-05,5.869280e-05,5.771927e-05,5.675347e-05,5.579543e-05,5.484518e-05,5.390277e-05,5.296822e-05,5.204156e-05,5.112283e-05,5.021206e-05,4.930928e-05,4.841452e-05,4.752781e-05,4.664918e-05,4.577865e-05,4.491627e-05,4.406204e-05,4.321601e-05,4.237819e-05,4.154861e-05,4.072729e-05,3.991427e-05,3.910956e-05,3.831319e-05,3.752518e-05,3.674554e-05,3.597431e-05,3.521151e-05,3.445714e-05,3.371123e-05,3.297380e-05,3.224486e-05,3.152444e-05,3.081254e-05,3.010919e-05,2.941439e-05,2.872816e-05,2.805051e-05,2.738146e-05,2.672101e-05,2.606917e-05,2.542596e-05,2.479138e-05,2.416543e-05,2.354814e-05,2.293949e-05,2.233950e-05,2.174816e-05,2.116549e-05,2.059148e-05,2.002613e-05,1.946944e-05,1.892142e-05,1.838205e-05,1.785134e-05,1.732928e-05,1.681586e-05,1.631108e-05,1.581493e-05,1.532739e-05,1.484847e-05,1.437814e-05,1.391639e-05,1.346321e-05,1.301859e-05,1.258249e-05,1.215492e-05,1.173584e-05,1.132523e-05,1.092307e-05,1.052933e-05,1.014399e-05,9.767022e-06,9.398388e-06,9.038058e-06,8.685998e-06,8.342169e-06,8.006534e-06,7.679049e-06,7.359670e-06,7.048350e-06,6.745039e-06,6.449683e-06,6.162226e-06,5.882606e-06,5.610760e-06,5.346619e-06,5.090108e-06,4.841150e-06,4.599660e-06,4.365547e-06,4.138714e-06,3.919057e-06,3.706462e-06,3.500806e-06,3.305336e-06,3.113078e-06,2.927321e-06,2.747895e-06,2.574614e-06,2.407276e-06,2.245659e-06,2.089522e-06,1.938600e-06,1.792607e-06,1.651227e-06,1.514120e-06,1.380911e-06,1.251198e-06,1.124544e-06,1.000477e-06,8.784918e-07,7.573699e-07,6.381848e-07,5.193744e-07,4.002992e-07,2.797049e-07,1.577226e-07,3.339294e-08,-9.400981e-08,-2.252210e-07,-3.609799e-07,-5.020239e-07,-6.490824e-07,-8.028712e-07,-9.640865e-07,-1.133400e-06,-1.311454e-06,-1.498856e-06,-1.696176e-06,-1.903944e-06,-2.122643e-06,-2.352711e-06,-2.594538e-06,-2.848464e-06,-3.114778e-06,-3.393720e-06,-3.685480e-06,-3.990197e-06,-4.307964e-06,-4.638828e-06,-4.982791e-06,-5.339814e-06,-5.709819e-06,-6.092692e-06,-6.481953e-06,-6.890185e-06,-7.310771e-06,-7.743482e-06,-8.188068e-06,-8.644262e-06,-9.111783e-06,-9.590336e-06,-1.007962e-05,-1.057931e-05,-1.108911e-05,-1.160868e-05,-1.213771e-05,-1.267587e-05,-1.322284e-05,-1.377829e-05,-1.434192e-05,-1.491339e-05,-1.549242e-05,-1.607868e-05,-1.667188e-05,-1.727174e-05,-1.787795e-05,-1.849025e-05,-1.910835e-05,-1.973200e-05,-2.036093e-05,-2.099490e-05,-2.163365e-05,-2.227696e-05,-2.292459e-05,-2.357632e-05,-2.423194e-05,-2.489123e-05,-2.555400e-05,-2.622005e-05,-2.688919e-05,-2.756125e-05,-2.823604e-05,-2.891340e-05,-2.959317e-05,-3.027518e-05,-3.095930e-05,-3.164536e-05,-3.233324e-05,-3.302279e-05,-3.371389e-05,-3.440641e-05,-3.510023e-05,-3.579523e-05,-3.649131e-05,-3.718835e-05,-3.788625e-05,-3.858492e-05,-3.928425e-05,-3.998416e-05,-4.068456e-05,-4.138536e-05,-4.208649e-05,-4.278785e-05,-4.348938e-05,-4.419101e-05,-4.489267e-05,-4.559428e-05,-4.629579e-05,-4.699714e-05,-4.769826e-05,-4.839909e-05,-4.909959e-05,-4.979970e-05,-5.049937e-05,-5.119855e-05,-5.189719e-05,-5.259526e-05,-5.329271e-05,-5.398949e-05,-5.468556e-05,-5.538090e-05,-5.607546e-05,-5.676921e-05,-5.746211e-05,-5.815413e-05,-5.884525e-05,-5.953543e-05,-6.022464e-05,-6.091285e-05,-6.160005e-05,-6.228619e-05,-6.297127e-05,-6.365526e-05,-6.433813e-05,-6.501987e-05,-6.570044e-05,-6.637985e-05,-6.705805e-05
0.1400,5.964887e-05,5.866453e-05,5.769168e-05,5.672654e-05,5.576914e-05,5.481952e-05,5.387772e-05,5.294377e-05,5.201769e-05,5.109954e-05,5.018932e-05,4.928708e-05,4.839285e-05,4.750666e-05,4.662853e-05,4.575850e-05,4.489659e-05,4.404283e-05,4.319725e-05,4.235988e-05,4.153073e-05,4.070985e-05,3.989724e-05,3.909293e-05,3.829696e-05,3.750933e-05,3.673007e-05,3.595921e-05,3.519676e-05,3.444274e-05,3.369717e-05,3.296008e-05,3.223147e-05,3.151136e-05,3.079978e-05,3.009673e-05,2.940222e-05,2.871628e-05,2.803892e-05,2.737014e-05,2.670996e-05,2.605839e-05,2.541544e-05,2.478111e-05,2.415541e-05,2.353836e-05,2.292995e-05,2.233019e-05,2.173908e-05,2.115663e-05,2.058283e-05,2.001770e-05,1.946122e-05,1.891340e-05,1.837423e-05,1.784372e-05,1.732185e-05,1.680862e-05,1.630402e-05,1.580805e-05,1.532069e-05,1.484194e-05,1.437178e-05,1.391020e-05,1.345719e-05,1.301272e-05,1.257679e-05,1.214937e-05,1.173044e-05,1.131997e-05,1.091796e-05,1.052437e-05,1.013917e-05,9.762336e-06,9.393836e-06,9.033638e-06,8.681707e-06,8.338005e-06,8.002493e-06,7.675130e-06,7.355869e-06,7.044665e-06,6.741468e-06,6.446222e-06,6.158872e-06,5.879357e-06,5.607613e-06,5.343570e-06,5.087154e-06,4.838288e-06,4.596885e-06,4.362856e-06,4.136103e-06,3.916521e-06,3.703995e-06,3.498404e-06,3.302990e-06,3.110783e-06,2.925071e-06,2.745681e-06,2.572427e-06,2.405106e-06,2.243494e-06,2.087349e-06,1.936406e-06,1.790374e-06,1.648938e-06,1.511753e-06,1.378444e-06,1.248604e-06,1.121793e-06,9.975365e-07,8.753236e-07,7.539539e-07,6.344543e-07,5.152769e-07,3.957757e-07,2.746557e-07,1.521051e-07,2.712552e-08,-1.010174e-07,-2.330688e-07,-3.697784e-07,-5.118951e-07,-6.601609e-07,-8.153053e-07,-9.780393e-07,-1.149051e-06,-1.329000e-06,-1.518514e-06,-1.718184e-06,-1.928560e-06,-2.150153e-06,-2.383426e-06,-2.628796e-06,-2.886632e-06,-3.157256e-06,-3.440940e-06,-3.737906e-06,-4.048329e-06,-4.372337e-06,-4.710011e-06,-5.061390e-06,-5.426467e-06,-5.805201e-06,-6.197509e-06,-6.603274e-06,-7.015723e-06,-7.448026e-06,-7.893273e-06,-8.351238e-06,-8.821672e-06,-9.304310e-06,-9.798872e-06,-1.030507e-05,-1.082259e-05,-1.135113e-05,-1.189037e-05,-1.243999e-05,-1.299966e-05,-1.356906e-05,-1.414786e-05,-1.473574e-05,-1.533237e-05,-1.593744e-05,-1.655063e-05,-1.717162e-05,-1.780012e-05,-1.843581e-05,-1.907841e-05,-1.972763e-05,-2.038317e-05,-2.104478e-05,-2.171217e-05,-2.238509e-05,-2.306328e-05,-2.374649e-05,-2.443449e-05,-2.512703e-05,-2.582389e-05,-2.652485e-05,-2.722970e-05,-2.793823e-05,-2.865025e-05,-2.936554e-05,-3.008394e-05,-3.080526e-05,-3.152933e-05,-3.225597e-05,-3.298503e-05,-3.371634e-05,-3.444975e-05,-3.518513e-05,-3.592232e-05,-3.666120e-05,-3.740162e-05,-3.814347e-05,-3.888662e-05,-3.963096e-05,-4.037637e-05,-4.112274e-05,-4.186997e-05,-4.261796e-05,-4.336661e-05,-4.411583e-05,-4.486552e-05,-4.561561e-05,-4.636600e-05,-4.711662e-05,-4.786738e-05,-4.861823e-05,-4.936907e-05,-5.011986e-05,-5.087051e-05,-5.162096e-05,-5.237117e-05,-5.312106e-05,-5.387057e-05,-5.461967e-05,-5.536828e-05,-5.611637e-05,-5.686388e-05,-5.761077e-05,-5.835699e-05,-5.910251e-05,-5.984727e-05,-6.059124e-05,-6.133439e-05,-6.207666e-05,-6.281804e-05,-6.355849e-05,-6.429796e-05,-6.503644e-05,-6.577390e-05,-6.651029e-05,-6.724561e-05,-6.797981e-05,-6.871287e-05,-6.944478e-05,-7.017550e-05,-7.090501e-05
0.1500,5.961941e-05,5.863579e-05,5.766363e-05,5.669916e-05,5.574242e-05,5.479345e-05,5.385227e-05,5.291893e-05,5.199346e-05,5.107588e-05,5.016624e-05,4.926456e-05,4.837087e-05,4.748520e-05,4.660759e-05,4.573806e-05,4.487664e-05,4.402337e-05,4.317825e-05,4.234133e-05,4.151263e-05,4.069218e-05,3.987999e-05,3.907610e-05,3.828053e-05,3.749329e-05,3.671442e-05,3.594393e-05,3.518185e-05,3.442819e-05,3.368297e-05,3.294621e-05,3.221793e-05,3.149815e-05,3.078688e-05,3.008414e-05,2.938994e-05,2.870430e-05,2.802722e-05,2.735872e-05,2.669882e-05,2.604752e-05,2.540483e-05,2.477076e-05,2.414531e-05,2.352850e-05,2.292033e-05,2.232081e-05,2.172993e-05,2.114770e-05,2.057413e-05,2.000921e-05,1.945294e-05,1.890533e-05,1.836637e-05,1.783605e-05,1.731437e-05,1.680134e-05,1.629692e-05,1.580114e-05,1.531396e-05,1.483538e-05,1.436540e-05,1.390398e-05,1.345113e-05,1.300683e-05,1.257105e-05,1.214379e-05,1.172501e-05,1.131470e-05,1.091283e-05,1.051939e-05,1.013433e-05,9.757632e-06,9.389269e-06,9.029204e-06,8.677403e-06,8.333828e-06,7.998441e-06,7.671200e-06,7.352059e-06,7.040972e-06,6.737889e-06,6.442754e-06,6.155513e-06,5.876104e-06,5.604462e-06,5.340518e-06,5.084199e-06,4.835425e-06,4.594112e-06,4.360168e-06,4.133496e-06,3.913991e-06,3.701537e-06,3.496013e-06,3.300657e-06,3.108505e-06,2.922840e-06,2.743490e-06,2.570268e-06,2.402968e-06,2.241367e-06,2.085221e-06,1.934264e-06,1.788203e-06,1.646720e-06,1.509469e-06,1.376073e-06,1.246121e-06,1.119171e-06,9.947442e-07,8.723272e-07,7.507349e-07,6.309522e-07,5.114438e-07,3.915587e-07,2.699653e-07,1.469031e-07,2.133951e-08,-1.074674e-07,-2.402709e-07,-3.778296e-07,-5.209019e-07,-6.702401e-07,-8.265849e-07,-9.906596e-07,-1.163166e-06,-1.344777e-06,-1.536137e-06,-1.737855e-06,-1.950498e-06,-2.174598e-06,-2.410639e-06,-2.659062e-06,-2.920262e-06,-3.194586e-06,-3.482333e-06,-3.783755e-06,-4.099058e-06,-4.428401e-06,-4.771896e-06,-5.129614e-06,-5.501583e-06,-5.887790e-06,-6.288185e-06,-6.702684e-06,-7.124198e-06,-7.566598e-06,-8.022671e-06,-8.492216e-06,-8.975006e-06,-9.470798e-06,-9.979328e-06,-1.050032e-05,-1.103349e-05,-1.157852e-05,-1.213512e-05,-1.270297e-05,-1.328174e-05,-1.387111e-05,-1.447077e-05,-1.508037e-05,-1.569960e-05,-1.632812e-05,-1.696562e-05,-1.761178e-05,-1.826628e-05,-1.892881e-05,-1.959906e-05,-2.027673e-05,-2.096153e-05,-2.165316e-05,-2.235135e-05,-2.305581e-05,-2.376627e-05,-2.448247e-05,-2.520415e-05,-2.593107e-05,-2.666297e-05,-2.739962e-05,-2.814080e-05,-2.888627e-05,-2.963582e-05,-3.038923e-05,-3.114632e-05,-3.190687e-05,-3.267069e-05,-3.343761e-05,-3.420744e-05,-3.498000e-05,-3.575514e-05,-3.653268e-05,-3.731248e-05,-3.809437e-05,-3.887823e-05,-3.966389e-05,-4.045123e-05,-4.124012e-05,-4.203042e-05,-4.282202e-05,-4.361480e-05,-4.440864e-05,-4.520344e-05,-4.599909e-05,-4.679548e-05,-4.759252e-05,-4.839012e-05,-4.918818e-05,-4.998661e-05,-5.078533e-05,-5.158426e-05,-5.238332e-05,-5.318244e-05,-5.398153e-05,-5.478054e-05,-5.557939e-05,-5.637801e-05,-5.717635e-05,-5.797435e-05,-5.877194e-05,-5.956907e-05,-6.036569e-05,-6.116174e-05,-6.195718e-05,-6.275195e-05,-6.354602e-05,-6.433933e-05,-6.513185e-05,-6.592353e-05,-6.671433e-05,-6.750422e-05,-6.829315e-05,-6.908110e-05,-6.986803e-05,-7.065390e-05,-7.143869e-05,-7.222237e-05,-7.300490e-05,-7.378626e-05,-7.456642e-05
0.1600,5.958943e-05,5.860655e-05,5.763509e-05,5.667132e-05,5.571526e-05,5.476695e-05,5.382642e-05,5.289370e-05,5.196884e-05,5.105186e-05,5.014280e-05,4.924169e-05,4.834855e-05,4.746343e-05,4.658634e-05,4.571733e-05,4.485642e-05,4.400363e-05,4.315899e-05,4.232254e-05,4.149429e-05,4.067428e-05,3.986253e-05,3.905906e-05,3.826390e-05,3.747706e-05,3.669858e-05,3.592848e-05,3.516676e-05,3.441347e-05,3.366860e-05,3.293219e-05,3.220426e-05,3.148480e-05,3.077386e-05,3.007143e-05,2.937754e-05,2.869219e-05,2.801541e-05,2.734720e-05,2.668758e-05,2.603655e-05,2.539413e-05,2.476032e-05,2.413513e-05,2.351857e-05,2.291064e-05,2.231135e-05,2.172071e-05,2.113871e-05,2.056536e-05,2.000066e-05,1.944461e-05,1.889721e-05,1.835845e-05,1.782833e-05,1.730685e-05,1.679401e-05,1.628979e-05,1.579418e-05,1.530719e-05,1.482879e-05,1.435897e-05,1.389773e-05,1.344505e-05,1.300091e-05,1.256530e-05,1.213819e-05,1.171956e-05,1.130940e-05,1.090769e-05,1.051438e-05,1.012947e-05,9.752911e-06,9.384684e-06,9.024753e-06,8.673084e-06,8.329638e-06,7.994377e-06,7.667259e-06,7.348239e-06,7.037270e-06,6.734301e-06,6.439279e-06,6.152147e-06,5.872845e-06,5.601306e-06,5.337463e-06,5.081241e-06,4.832561e-06,4.591338e-06,4.357481e-06,4.130892e-06,3.911464e-06,3.699085e-06,3.493629e-06,3.298333e-06,3.106238e-06,2.920623e-06,2.741316e-06,2.568128e-06,2.400854e-06,2.239268e-06,2.083126e-06,1.932160e-06,1.786075e-06,1.644553e-06,1.507245e-06,1.373771e-06,1.243719e-06,1.116643e-06,9.920614e-07,8.694579e-07,7.476619e-07,6.276194e-07,5.078073e-07,3.875696e-07,2.655419e-07,1.420109e-07,1.591301e-08,-1.135005e-07,-2.469896e-07,-3.853203e-07,-5.292592e-07,-6.795672e-07,-8.369942e-07,-1.002274e-06,-1.176118e-06,-1.359214e-06,-1.552217e-06,-1.755749e-06,-1.970396e-06,-2.196703e-06,-2.435174e-06,-2.686270e-06,-2.950405e-06,-3.227950e-06,-3.519226e-06,-3.824513e-06,-4.144040e-06,-4.477994e-06,-4.826517e-06,-5.189708e-06,-5.567623e-06,-5.960280e-06,-6.367660e-06,-6.789704e-06,-7.226325e-06,-7.670197e-06,-8.135658e-06,-8.615261e-06,-9.108805e-06,-9.616068e-06,-1.013681e-05,-1.067076e-05,-1.121766e-05,-1.177722e-05,-1.234914e-05,-1.293311e-05,-1.352883e-05,-1.413597e-05,-1.475421e-05,-1.538324e-05,-1.602272e-05,-1.667232e-05,-1.733173e-05,-1.800061e-05,-1.867866e-05,-1.936554e-05,-2.006095e-05,-2.076457e-05,-2.147610e-05,-2.219524e-05,-2.292169e-05,-2.365516e-05,-2.439538e-05,-2.514205e-05,-2.589492e-05,-2.665372e-05,-2.741818e-05,-2.818806e-05,-2.896311e-05,-2.974309e-05,-3.052777e-05,-3.131692e-05,-3.211033e-05,-3.290777e-05,-3.370905e-05,-3.451397e-05,-3.532232e-05,-3.613392e-05,-3.694858e-05,-3.776613e-05,-3.858640e-05,-3.940922e-05,-4.023444e-05,-4.106188e-05,-4.189141e-05,-4.272288e-05,-4.355615e-05,-4.439108e-05,-4.522755e-05,-4.606542e-05,-4.690457e-05,-4.774488e-05,-4.858625e-05,-4.942855e-05,-5.027169e-05,-5.111556e-05,-5.196006e-05,-5.280510e-05,-5.365058e-05,-5.449641e-05,-5.534252e-05,-5.618881e-05,-5.703521e-05,-5.788164e-05,-5.872803e-05,-5.957430e-05,-6.042039e-05,-6.126622e-05,-6.211174e-05,-6.295689e-05,-6.380159e-05,-6.464581e-05,-6.548947e-05,-6.633254e-05,-6.717495e-05,-6.801666e-05,-6.885762e-05,-6.969778e-05,-7.053711e-05,-7.137555e-05,-7.221307e-05,-7.304963e-05,-7.388519e-05,-7.471971e-05,-7.555316e-05,-7.638550e-05,-7.721671e-05,-7.804674e-05
0.1700,5.955891e-05,5.857679e-05,5.760606e-05,5.664300e-05,5.568763e-05,5.474000e-05,5.380013e-05,5.286806e-05,5.194383e-05,5.102746e-05,5.011900e-05,4.921847e-05,4.832590e-05,4.744133e-05,4.656478e-05,4.569630e-05,4.483590e-05,4.398361e-05,4.313946e-05,4.230349e-05,4.147571e-05,4.065615e-05,3.984484e-05,3.904180e-05,3.824706e-05,3.746063e-05,3.668255e-05,3.591284e-05,3.515150e-05,3.439858e-05,3.365408e-05,3.291802e-05,3.219043e-05,3.147131e-05,3.076070e-05,3.005859e-05,2.936501e-05,2.867997e-05,2.800349e-05,2.733557e-05,2.667623e-05,2.602548e-05,2.538333e-05,2.474979e-05,2.412486e-05,2.350855e-05,2.290087e-05,2.230183e-05,2.171142e-05,2.112966e-05,2.055653e-05,1.999205e-05,1.943622e-05,1.888903e-05,1.835048e-05,1.782057e-05,1.729929e-05,1.678663e-05,1.628260e-05,1.578719e-05,1.530037e-05,1.482215e-05,1.435252e-05,1.389145e-05,1.343894e-05,1.299496e-05,1.255951e-05,1.213256e-05,1.171409e-05,1.130408e-05,1.090251e-05,1.050936e-05,1.012459e-05,9.748172e-06,9.380083e-06,9.020287e-06,8.668750e-06,8.325434e-06,7.990300e-06,7.663306e-06,7.344407e-06,7.033557e-06,6.730704e-06,6.435795e-06,6.148774e-06,5.869579e-06,5.598145e-06,5.334403e-06,5.078279e-06,4.829694e-06,4.588562e-06,4.354793e-06,4.128287e-06,3.908939e-06,3.696635e-06,3.491249e-06,3.296015e-06,3.103979e-06,2.918416e-06,2.739154e-06,2.566003e-06,2.398756e-06,2.237189e-06,2.081055e-06,1.930083e-06,1.783981e-06,1.642425e-06,1.505065e-06,1.371521e-06,1.241377e-06,1.114185e-06,9.894603e-07,8.666835e-07,7.446980e-07,6.244134e-07,5.043181e-07,3.837519e-07,2.613196e-07,1.373526e-07,1.075816e-08,-1.192179e-07,-2.533415e-07,-3.923853e-07,-5.371225e-07,-6.883213e-07,-8.467394e-07,-1.013119e-06,-1.188181e-06,-1.372623e-06,-1.567110e-06,-1.772276e-06,-1.988720e-06,-2.217002e-06,-2.457638e-06,-2.711108e-06,-2.977842e-06,-3.258229e-06,-3.552613e-06,-3.861292e-06,-4.184521e-06,-4.522508e-06,-4.875421e-06,-5.243384e-06,-5.626480e-06,-6.024754e-06,-6.438212e-06,-6.866825e-06,-7.310531e-06,-7.761754e-06,-8.235399e-06,-8.723780e-06,-9.226721e-06,-9.744021e-06,-1.027546e-05,-1.082080e-05,-1.137978e-05,-1.195214e-05,-1.253759e-05,-1.313584e-05,-1.374659e-05,-1.436953e-05,-1.500435e-05,-1.565072e-05,-1.630834e-05,-1.697686e-05,-1.765597e-05,-1.834535e-05,-1.904467e-05,-1.975361e-05,-2.047185e-05,-2.119908e-05,-2.193498e-05,-2.267925e-05,-2.343158e-05,-2.419168e-05,-2.495924e-05,-2.573399e-05,-2.651564e-05,-2.730391e-05,-2.809853e-05,-2.889925e-05,-2.970579e-05,-3.051791e-05,-3.133536e-05,-3.215790e-05,-3.298530e-05,-3.381733e-05,-3.465377e-05,-3.549441e-05,-3.633903e-05,-3.718744e-05,-3.803942e-05,-3.889481e-05,-3.975340e-05,-4.061502e-05,-4.147949e-05,-4.234665e-05,-4.321633e-05,-4.408837e-05,-4.496262e-05,-4.583892e-05,-4.671714e-05,-4.759714e-05,-4.847878e-05,-4.936192e-05,-5.024645e-05,-5.113225e-05,-5.201918e-05,-5.290715e-05,-5.379603e-05,-5.468573e-05,-5.557614e-05,-5.646716e-05,-5.735869e-05,-5.825065e-05,-5.914294e-05,-6.003547e-05,-6.092817e-05,-6.182095e-05,-6.271374e-05,-6.360645e-05,-6.449903e-05,-6.539139e-05,-6.628347e-05,-6.717520e-05,-6.806653e-05,-6.895739e-05,-6.984773e-05,-7.073748e-05,-7.162659e-05,-7.251501e-05,-7.340270e-05,-7.428959e-05,-7.517565e-05,-7.606083e-05,-7.694509e-05,-7.782838e-05,-7.871066e-05,-7.959190e-05,-8.047205e-05,-8.135108e-05
0.1800,5.952784e-05,5.854649e-05,5.757652e-05,5.661418e-05,5.565953e-05,5.471259e-05,5.377339e-05,5.284199e-05,5.191840e-05,5.100266e-05,5.009481e-05,4.919487e-05,4.830289e-05,4.741889e-05,4.654290e-05,4.567495e-05,4.481508e-05,4.396330e-05,4.311965e-05,4.228417e-05,4.145686e-05,4.063777e-05,3.982691e-05,3.902431e-05,3.823000e-05,3.744399e-05,3.666632e-05,3.589700e-05,3.513606e-05,3.438351e-05,3.363938e-05,3.290369e-05,3.217645e-05,3.145768e-05,3.074739e-05,3.004561e-05,2.935235e-05,2.866763e-05,2.799145e-05,2.732383e-05,2.666478e-05,2.601431e-05,2.537244e-05,2.473916e-05,2.411450e-05,2.349845e-05,2.289102e-05,2.229222e-05,2.170206e-05,2.112053e-05,2.054764e-05,1.998338e-05,1.942777e-05,1.888079e-05,1.834245e-05,1.781275e-05,1.729167e-05,1.677921e-05,1.627538e-05,1.578015e-05,1.529352e-05,1.481548e-05,1.434602e-05,1.388513e-05,1.343279e-05,1.298898e-05,1.255369e-05,1.212690e-05,1.170859e-05,1.129874e-05,1.089732e-05,1.050431e-05,1.011969e-05,9.743413e-06,9.375463e-06,9.015804e-06,8.664400e-06,8.321215e-06,7.986209e-06,7.659340e-06,7.340564e-06,7.029833e-06,6.727097e-06,6.432302e-06,6.145392e-06,5.866305e-06,5.594976e-06,5.331337e-06,5.075312e-06,4.826823e-06,4.585783e-06,4.352102e-06,4.125681e-06,3.906414e-06,3.694185e-06,3.488871e-06,3.293700e-06,3.101724e-06,2.916215e-06,2.736999e-06,2.563887e-06,2.396671e-06,2.235125e-06,2.079001e-06,1.928028e-06,1.781910e-06,1.640324e-06,1.502919e-06,1.369310e-06,1.239080e-06,1.111779e-06,9.869205e-07,8.639806e-07,7.418166e-07,6.213034e-07,5.009406e-07,3.800642e-07,2.572504e-07,1.328725e-07,5.810788e-09,-1.246938e-07,-2.594125e-07,-3.991234e-07,-5.446055e-07,-6.966335e-07,-8.559717e-07,-1.023369e-06,-1.199555e-06,-1.385233e-06,-1.581080e-06,-1.787739e-06,-2.005818e-06,-2.235889e-06,-2.478482e-06,-2.734088e-06,-3.003154e-06,-3.286084e-06,-3.583238e-06,-3.894934e-06,-4.221445e-06,-4.563000e-06,-4.919788e-06,-5.291956e-06,-5.679611e-06,-6.082820e-06,-6.501614e-06,-6.935991e-06,-7.385910e-06,-7.843581e-06,-8.324405e-06,-8.820489e-06,-9.331682e-06,-9.857804e-06,-1.039866e-05,-1.095403e-05,-1.152367e-05,-1.210734e-05,-1.270477e-05,-1.331568e-05,-1.393978e-05,-1.457678e-05,-1.522638e-05,-1.588826e-05,-1.656210e-05,-1.724760e-05,-1.794443e-05,-1.865227e-05,-1.937080e-05,-2.009969e-05,-2.083863e-05,-2.158730e-05,-2.234539e-05,-2.311257e-05,-2.388855e-05,-2.467302e-05,-2.546567e-05,-2.626621e-05,-2.707435e-05,-2.788981e-05,-2.871230e-05,-2.954155e-05,-3.037729e-05,-3.121926e-05,-3.206720e-05,-3.292085e-05,-3.377997e-05,-3.464433e-05,-3.551368e-05,-3.638781e-05,-3.726648e-05,-3.814948e-05,-3.903661e-05,-3.992766e-05,-4.082242e-05,-4.172071e-05,-4.262234e-05,-4.352713e-05,-4.443489e-05,-4.534546e-05,-4.625867e-05,-4.717437e-05,-4.809238e-05,-4.901257e-05,-4.993478e-05,-5.085888e-05,-5.178472e-05,-5.271216e-05,-5.364109e-05,-5.457138e-05,-5.550290e-05,-5.643554e-05,-5.736918e-05,-5.830371e-05,-5.923904e-05,-6.017504e-05,-6.111164e-05,-6.204872e-05,-6.298620e-05,-6.392399e-05,-6.486200e-05,-6.580015e-05,-6.673835e-05,-6.767653e-05,-6.861461e-05,-6.955252e-05,-7.049019e-05,-7.142755e-05,-7.236453e-05,-7.330108e-05,-7.423713e-05,-7.517261e-05,-7.610748e-05,-7.704168e-05,-7.797515e-05,-7.890785e-05,-7.983972e-05,-8.077072e-05,-8.170080e-05,-8.262991e-05,-8.355801e-05,-8.448507e-05
0.1900,5.949619e-05,5.851564e-05,5.754643e-05,5.658485e-05,5.563092e-05,5.468469e-05,5.374620e-05,5.281547e-05,5.189254e-05,5.097744e-05,5.007022e-05,4.917090e-05,4.827951e-05,4.739609e-05,4.652067e-05,4.565327e-05,4.479394e-05,4.394269e-05,4.309955e-05,4.226456e-05,4.143775e-05,4.061913e-05,3.980873e-05,3.900658e-05,3.821271e-05,3.742714e-05,3.664988e-05,3.588097e-05,3.512043e-05,3.436827e-05,3.362451e-05,3.288919e-05,3.216230e-05,3.144388e-05,3.073394e-05,3.003250e-05,2.933956e-05,2.865515e-05,2.797928e-05,2.731197e-05,2.665321e-05,2.600303e-05,2.536144e-05,2.472844e-05,2.410404e-05,2.348826e-05,2.288109e-05,2.228254e-05,2.169262e-05,2.111133e-05,2.053867e-05,1.997464e-05,1.941925e-05,1.887250e-05,1.833437e-05,1.780487e-05,1.728400e-05,1.677175e-05,1.626810e-05,1.577307e-05,1.528663e-05,1.480877e-05,1.433949e-05,1.387878e-05,1.342661e-05,1.298297e-05,1.254784e-05,1.212122e-05,1.170307e-05,1.129337e-05,1.089210e-05,1.049924e-05,1.011476e-05,9.738635e-06,9.370825e-06,9.011303e-06,8.660034e-06,8.316981e-06,7.982104e-06,7.655361e-06,7.336708e-06,7.026098e-06,6.723479e-06,6.428800e-06,6.142001e-06,5.863023e-06,5.591801e-06,5.328264e-06,5.072339e-06,4.823946e-06,4.583000e-06,4.349408e-06,4.123073e-06,3.903887e-06,3.691735e-06,3.486493e-06,3.291387e-06,3.099471e-06,2.914017e-06,2.734849e-06,2.561778e-06,2.394594e-06,2.233070e-06,2.076959e-06,1.925987e-06,1.779857e-06,1.638245e-06,1.500797e-06,1.367127e-06,1.236817e-06,1.109414e-06,9.844272e-07,8.604770e-07,7.389977e-07,6.182664e-07,4.976484e-07,3.760771e-07,2.532986e-07,1.285294e-07,1.023325e-09,-1.299831e-07,-2.652657e-07,-4.056077e-07,-5.517930e-07,-7.046015e-07,-8.648035e-07,-1.033154e-06,-1.210388e-06,-1.397218e-06,-1.594326e-06,-1.802364e-06,-2.021949e-06,-2.253662e-06,-2.498045e-06,-2.755598e-06,-3.026782e-06,-3.312013e-06,-3.611668e-06,-3.926077e-06,-4.255531e-06,-4.600278e-06,-4.960524e-06,-5.336436e-06,-5.728140e-06,-6.135727e-06,-6.559248e-06,-6.998723e-06,-7.454136e-06,-7.925440e-06,-8.404667e-06,-8.907553e-06,-9.426033e-06,-9.959950e-06,-1.050913e-05,-1.107337e-05,-1.165245e-05,-1.224614e-05,-1.285420e-05,-1.347637e-05,-1.411236e-05,-1.476189e-05,-1.542468e-05,-1.610043e-05,-1.678882e-05,-1.748955e-05,-1.820231e-05,-1.892678e-05,-1.966264e-05,-2.040958e-05,-2.116727e-05,-2.193540e-05,-2.271365e-05,-2.350171e-05,-2.429927e-05,-2.510601e-05,-2.592164e-05,-2.674584e-05,-2.757833e-05,-2.841882e-05,-2.926701e-05,-3.012261e-05,-3.098537e-05,-3.185499e-05,-3.273122e-05,-3.361379e-05,-3.450245e-05,-3.539694e-05,-3.629703e-05,-3.720246e-05,-3.811302e-05,-3.902847e-05,-3.994859e-05,-4.087317e-05,-4.180198e-05,-4.273484e-05,-4.367153e-05,-4.461187e-05,-4.555567e-05,-4.650274e-05,-4.745290e-05,-4.840598e-05,-4.936182e-05,-5.032025e-05,-5.128110e-05,-5.224423e-05,-5.320949e-05,-5.417673e-05,-5.514582e-05,-5.611660e-05,-5.708897e-05,-5.806278e-05,-5.903791e-05,-6.001424e-05,-6.099166e-05,-6.197005e-05,-6.294930e-05,-6.392932e-05,-6.490999e-05,-6.589121e-05,-6.687290e-05,-6.785496e-05,-6.883729e-05,-6.981982e-05,-7.080246e-05,-7.178512e-05,-7.276774e-05,-7.375022e-05,-7.473251e-05,-7.571452e-05,-7.669620e-05,-7.767747e-05,-7.865827e-05,-7.963853e-05,-8.061821e-05,-8.159723e-05,-8.257555e-05,-8.355311e-05,-8.452986e-05,-8.550575e-05,-8.648073e-05,-8.745474e-05
0.2000,5.946394e-05,5.848420e-05,5.751578e-05,5.655497e-05,5.560179e-05,5.465630e-05,5.371851e-05,5.278848e-05,5.186623e-05,5.095179e-05,5.004522e-05,4.914652e-05,4.825575e-05,4.737292e-05,4.649808e-05,4.563125e-05,4.477247e-05,4.392176e-05,4.307915e-05,4.224467e-05,4.141835e-05,4.060022e-05,3.979030e-05,3.898861e-05,3.819519e-05,3.741005e-05,3.663322e-05,3.586473e-05,3.510459e-05,3.435283e-05,3.360946e-05,3.287451e-05,3.214799e-05,3.142993e-05,3.072034e-05,3.001923e-05,2.932663e-05,2.864255e-05,2.796699e-05,2.729998e-05,2.664153e-05,2.599164e-05,2.535034e-05,2.471762e-05,2.409349e-05,2.347798e-05,2.287107e-05,2.227277e-05,2.168310e-05,2.110205e-05,2.052963e-05,1.996584e-05,1.941067e-05,1.886414e-05,1.832623e-05,1.779694e-05,1.727628e-05,1.676423e-05,1.626078e-05,1.576594e-05,1.527969e-05,1.480202e-05,1.433293e-05,1.387239e-05,1.342039e-05,1.297692e-05,1.254197e-05,1.211550e-05,1.169751e-05,1.128797e-05,1.088686e-05,1.049415e-05,1.010982e-05,9.733836e-06,9.366168e-06,9.006785e-06,8.655651e-06,8.312731e-06,7.977983e-06,7.651368e-06,7.332839e-06,7.022350e-06,6.719851e-06,6.425287e-06,6.138601e-06,5.859733e-06,5.588617e-06,5.325184e-06,5.069360e-06,4.821064e-06,4.580212e-06,4.346710e-06,4.120461e-06,3.901357e-06,3.689283e-06,3.484114e-06,3.289073e-06,3.097219e-06,2.911821e-06,2.732702e-06,2.559673e-06,2.392522e-06,2.231023e-06,2.074926e-06,1.923956e-06,1.777817e-06,1.636181e-06,1.498694e-06,1.364967e-06,1.234580e-06,1.107078e-06,9.819690e-07,8.578833e-07,7.362266e-07,6.152853e-07,4.944217e-07,3.725453e-07,2.494376e-07,1.242924e-07,-3.639921e-09,-1.351270e-07,-2.709491e-07,-4.118933e-07,-5.587484e-07,-7.122988e-07,-8.733196e-07,-1.042571e-06,-1.220794e-06,-1.408706e-06,-1.606995e-06,-1.816322e-06,-2.037309e-06,-2.270547e-06,-2.516584e-06,-2.775932e-06,-3.049060e-06,-3.336399e-06,-3.638334e-06,-3.955211e-06,-4.287333e-06,-4.634965e-06,-4.998328e-06,-5.377605e-06,-5.772943e-06,-6.184448e-06,-6.612194e-06,-7.056218e-06,-7.516525e-06,-7.993090e-06,-8.477768e-06,-8.986700e-06,-9.511654e-06,-1.005250e-05,-1.060907e-05,-1.118119e-05,-1.176867e-05,-1.237129e-05,-1.298882e-05,-1.362101e-05,-1.426761e-05,-1.492834e-05,-1.560294e-05,-1.629111e-05,-1.699255e-05,-1.770697e-05,-1.843407e-05,-1.917353e-05,-1.992504e-05,-2.068829e-05,-2.146296e-05,-2.224875e-05,-2.304532e-05,-2.385239e-05,-2.466961e-05,-2.549670e-05,-2.633335e-05,-2.717924e-05,-2.803408e-05,-2.889757e-05,-2.976941e-05,-3.064933e-05,-3.153703e-05,-3.243224e-05,-3.333468e-05,-3.424407e-05,-3.516017e-05,-3.608271e-05,-3.701143e-05,-3.794608e-05,-3.888643e-05,-3.983224e-05,-4.078326e-05,-4.173929e-05,-4.270009e-05,-4.366545e-05,-4.463517e-05,-4.560902e-05,-4.658683e-05,-4.756838e-05,-4.855349e-05,-4.954198e-05,-5.053367e-05,-5.152839e-05,-5.252595e-05,-5.352621e-05,-5.452899e-05,-5.553415e-05,-5.654154e-05,-5.755099e-05,-5.856238e-05,-5.957557e-05,-6.059042e-05,-6.160680e-05,-6.262458e-05,-6.364365e-05,-6.466388e-05,-6.568516e-05,-6.670737e-05,-6.773042e-05,-6.875419e-05,-6.977859e-05,-7.080351e-05,-7.182886e-05,-7.285455e-05,-7.388048e-05,-7.490658e-05,-7.593276e-05,-7.695893e-05,-7.798502e-05,-7.901096e-05,-8.003666e-05,-8.106206e-05,-8.208709e-05,-8.311169e-05,-8.413578e-05,-8.515931e-05,-8.618221e-05,-8.720443e-05,-8.822592e-05,-8.924661e-05,-9.026645e-05
0.2100,5.943105e-05,5.845216e-05,5.748455e-05,5.652453e-05,5.557212e-05,5.462738e-05,5.369032e-05,5.276100e-05,5.183945e-05,5.092570e-05,5.001978e-05,4.912173e-05,4.823158e-05,4.734937e-05,4.647512e-05,4.560888e-05,4.475066e-05,4.390050e-05,4.305843e-05,4.222448e-05,4.139867e-05,4.058103e-05,3.977159e-05,3.897038e-05,3.817742e-05,3.739273e-05,3.661634e-05,3.584827e-05,3.508855e-05,3.433719e-05,3.359422e-05,3.285965e-05,3.213351e-05,3.141581e-05,3.070658e-05,3.000582e-05,2.931356e-05,2.862980e-05,2.795457e-05,2.728787e-05,2.662973e-05,2.598014e-05,2.533913e-05,2.470669e-05,2.408285e-05,2.346760e-05,2.286095e-05,2.226292e-05,2.167350e-05,2.109270e-05,2.052052e-05,1.995696e-05,1.940203e-05,1.885572e-05,1.831803e-05,1.778896e-05,1.726850e-05,1.675665e-05,1.625341e-05,1.575877e-05,1.527271e-05,1.479523e-05,1.432632e-05,1.386596e-05,1.341414e-05,1.297084e-05,1.253606e-05,1.210976e-05,1.169193e-05,1.128255e-05,1.088159e-05,1.048904e-05,1.010485e-05,9.729015e-06,9.361491e-06,9.002247e-06,8.651251e-06,8.308464e-06,7.973848e-06,7.647360e-06,7.328957e-06,7.018590e-06,6.716210e-06,6.421763e-06,6.135191e-06,5.856433e-06,5.585425e-06,5.322097e-06,5.066374e-06,4.818176e-06,4.577418e-06,4.344007e-06,4.117845e-06,3.898824e-06,3.686828e-06,3.481733e-06,3.286758e-06,3.094967e-06,2.909625e-06,2.730557e-06,2.557570e-06,2.390454e-06,2.228981e-06,2.072898e-06,1.921934e-06,1.775786e-06,1.634128e-06,1.496604e-06,1.362822e-06,1.232362e-06,1.104765e-06,9.795374e-07,8.553206e-07,7.334920e-07,6.123472e-07,4.912454e-07,3.690735e-07,2.456469e-07,1.201381e-07,-8.206081e-09,-1.401571e-07,-2.764987e-07,-4.180222e-07,-5.655201e-07,-7.197812e-07,-8.815846e-07,-1.051695e-06,-1.230858e-06,-1.419796e-06,-1.619203e-06,-1.829744e-06,-2.052049e-06,-2.286714e-06,-2.534296e-06,-2.795315e-06,-3.070248e-06,-3.359534e-06,-3.663570e-06,-3.982713e-06,-4.317279e-06,-4.667544e-06,-5.033744e-06,-5.416077e-06,-5.814704e-06,-6.229749e-06,-6.661302e-06,-7.109418e-06,-7.574122e-06,-8.055405e-06,-8.544968e-06,-9.059310e-06,-9.590054e-06,-1.013709e-05,-1.070027e-05,-1.127943e-05,-1.187442e-05,-1.248501e-05,-1.311100e-05,-1.375217e-05,-1.440827e-05,-1.507904e-05,-1.576422e-05,-1.646354e-05,-1.717672e-05,-1.790346e-05,-1.864348e-05,-1.939646e-05,-2.016212e-05,-2.094013e-05,-2.173019e-05,-2.253200e-05,-2.334523e-05,-2.416959e-05,-2.500475e-05,-2.585042e-05,-2.670628e-05,-2.757202e-05,-2.844736e-05,-2.933197e-05,-3.022558e-05,-3.112789e-05,-3.203861e-05,-3.295745e-05,-3.388413e-05,-3.481839e-05,-3.575994e-05,-3.670852e-05,-3.766388e-05,-3.862575e-05,-3.959388e-05,-4.056804e-05,-4.154797e-05,-4.253344e-05,-4.352422e-05,-4.452009e-05,-4.552083e-05,-4.652621e-05,-4.753604e-05,-4.855011e-05,-4.956822e-05,-5.059017e-05,-5.161577e-05,-5.264485e-05,-5.367721e-05,-5.471269e-05,-5.575112e-05,-5.679233e-05,-5.783616e-05,-5.888245e-05,-5.993105e-05,-6.098181e-05,-6.203459e-05,-6.308925e-05,-6.414565e-05,-6.520367e-05,-6.626317e-05,-6.732402e-05,-6.838612e-05,-6.944934e-05,-7.051356e-05,-7.157869e-05,-7.264460e-05,-7.371121e-05,-7.477840e-05,-7.584608e-05,-7.691416e-05,-7.798254e-05,-7.905113e-05,-8.011986e-05,-8.118863e-05,-8.225736e-05,-8.332599e-05,-8.439442e-05,-8.546259e-05,-8.653043e-05,-8.759787e-05,-8.866483e-05,-8.973127e-05,-9.079711e-05,-9.186229e-05,-9.292675e-05
0.2200,5.939751e-05,5.841948e-05,5.745271e-05,5.649349e-05,5.554188e-05,5.459791e-05,5.366161e-05,5.273302e-05,5.181218e-05,5.089913e-05,4.999389e-05,4.909650e-05,4.820700e-05,4.732542e-05,4.645178e-05,4.558613e-05,4.472850e-05,4.387891e-05,4.303739e-05,4.220397e-05,4.137868e-05,4.056156e-05,3.975261e-05,3.895189e-05,3.815939e-05,3.737516e-05,3.659922e-05,3.583159e-05,3.507229e-05,3.432135e-05,3.357878e-05,3.284460e-05,3.211885e-05,3.140152e-05,3.069265e-05,2.999225e-05,2.930033e-05,2.861691e-05,2.794201e-05,2.727563e-05,2.661780e-05,2.596852e-05,2.532780e-05,2.469565e-05,2.407209e-05,2.345712e-05,2.285075e-05,2.225298e-05,2.166381e-05,2.108326e-05,2.051133e-05,1.994801e-05,1.939331e-05,1.884723e-05,1.830976e-05,1.778091e-05,1.726067e-05,1.674903e-05,1.624599e-05,1.575155e-05,1.526568e-05,1.478839e-05,1.431967e-05,1.385949e-05,1.340785e-05,1.296473e-05,1.253011e-05,1.210398e-05,1.168632e-05,1.127710e-05,1.087630e-05,1.048390e-05,1.009986e-05,9.724173e-06,9.356792e-06,8.997690e-06,8.646832e-06,8.304180e-06,7.969696e-06,7.643338e-06,7.325061e-06,7.014817e-06,6.712558e-06,6.418228e-06,6.131770e-06,5.853124e-06,5.582225e-06,5.319001e-06,5.063380e-06,4.815281e-06,4.574618e-06,4.341299e-06,4.115224e-06,3.896287e-06,3.684370e-06,3.479349e-06,3.284440e-06,3.092713e-06,2.907429e-06,2.728412e-06,2.555468e-06,2.388388e-06,2.226941e-06,2.070875e-06,1.919916e-06,1.773762e-06,1.632084e-06,1.494523e-06,1.360689e-06,1.230158e-06,1.102469e-06,9.771259e-07,8.527815e-07,7.307852e-07,6.094419e-07,4.881079e-07,3.656481e-07,2.419110e-07,1.160485e-07,-1.269602e-08,-1.450973e-07,-2.819426e-07,-4.240267e-07,-5.721456e-07,-7.270918e-07,-8.896482e-07,-1.060583e-06,-1.240647e-06,-1.430565e-06,-1.631037e-06,-1.842732e-06,-2.066286e-06,-2.302299e-06,-2.551336e-06,-2.813922e-06,-3.090544e-06,-3.381646e-06,-3.687636e-06,-4.008880e-06,-4.345703e-06,-4.698393e-06,-5.067199e-06,-5.452330e-06,-5.853961e-06,-6.272231e-06,-6.707244e-06,-7.159072e-06,-7.627755e-06,-8.113301e-06,-8.607275e-06,-9.126492e-06,-9.662448e-06,-1.021505e-05,-1.078416e-05,-1.136966e-05,-1.197138e-05,-1.258913e-05,-1.322273e-05,-1.387196e-05,-1.453659e-05,-1.521639e-05,-1.591110e-05,-1.662047e-05,-1.734422e-05,-1.808207e-05,-1.883375e-05,-1.959896e-05,-2.037741e-05,-2.116880e-05,-2.197282e-05,-2.278918e-05,-2.361756e-05,-2.445767e-05,-2.530919e-05,-2.617181e-05,-2.704524e-05,-2.792916e-05,-2.882328e-05,-2.972730e-05,-3.064091e-05,-3.156383e-05,-3.249576e-05,-3.343641e-05,-3.438551e-05,-3.534276e-05,-3.630790e-05,-3.728066e-05,-3.826076e-05,-3.924794e-05,-4.024196e-05,-4.124254e-05,-4.224946e-05,-4.326245e-05,-4.428129e-05,-4.530574e-05,-4.633558e-05,-4.737058e-05,-4.841051e-05,-4.945518e-05,-5.050437e-05,-5.155788e-05,-5.261550e-05,-5.367705e-05,-5.474234e-05,-5.581118e-05,-5.688339e-05,-5.795881e-05,-5.903725e-05,-6.011855e-05,-6.120255e-05,-6.228909e-05,-6.337803e-05,-6.446921e-05,-6.556248e-05,-6.665771e-05,-6.775476e-05,-6.885350e-05,-6.995379e-05,-7.105551e-05,-7.215855e-05,-7.326277e-05,-7.436807e-05,-7.547433e-05,-7.658145e-05,-7.768932e-05,-7.879784e-05,-7.990690e-05,-8.101642e-05,-8.212630e-05,-8.323644e-05,-8.434676e-05,-8.545718e-05,-8.656761e-05,-8.767797e-05,-8.878819e-05,-8.989818e-05,-9.100788e-05,-9.211722e-05,-9.322611e-05,-9.433451e-05,-9.544235e-05
0.2300,5.936328e-05,5.838614e-05,5.742023e-05,5.646185e-05,5.551105e-05,5.456787e-05,5.363235e-05,5.270451e-05,5.178441e-05,5.087207e-05,4.996753e-05,4.907082e-05,4.818198e-05,4.730104e-05,4.642804e-05,4.556300e-05,4.470596e-05,4.385695e-05,4.301600e-05,4.218313e-05,4.135838e-05,4.054178e-05,3.973334e-05,3.893311e-05,3.814110e-05,3.735734e-05,3.658186e-05,3.581467e-05,3.505581e-05,3.430529e-05,3.356313e-05,3.282936e-05,3.210399e-05,3.138705e-05,3.067855e-05,2.997851e-05,2.928694e-05,2.860387e-05,2.792930e-05,2.726325e-05,2.660574e-05,2.595677e-05,2.531635e-05,2.468451e-05,2.406123e-05,2.344654e-05,2.284044e-05,2.224294e-05,2.165404e-05,2.107374e-05,2.050206e-05,1.993898e-05,1.938452e-05,1.883867e-05,1.830143e-05,1.777280e-05,1.725277e-05,1.674135e-05,1.623852e-05,1.574427e-05,1.525861e-05,1.478151e-05,1.431298e-05,1.385298e-05,1.340152e-05,1.295858e-05,1.252414e-05,1.209818e-05,1.168068e-05,1.127162e-05,1.087098e-05,1.047873e-05,1.009485e-05,9.719308e-06,9.352073e-06,8.993113e-06,8.642394e-06,8.299878e-06,7.965528e-06,7.639300e-06,7.321150e-06,7.011031e-06,6.708892e-06,6.414681e-06,6.128339e-06,5.849805e-06,5.579014e-06,5.315897e-06,5.060379e-06,4.812379e-06,4.571811e-06,4.338584e-06,4.112598e-06,3.893744e-06,3.681908e-06,3.476962e-06,3.282120e-06,3.090457e-06,2.905231e-06,2.726265e-06,2.553366e-06,2.386322e-06,2.224902e-06,2.068854e-06,1.917901e-06,1.771742e-06,1.630045e-06,1.492450e-06,1.358565e-06,1.227964e-06,1.100185e-06,9.747294e-07,8.502600e-07,7.280995e-07,6.065618e-07,4.850003e-07,3.622587e-07,2.382178e-07,1.120095e-07,-1.712598e-08,-1.499664e-07,-2.873024e-07,-4.299318e-07,-5.786539e-07,-7.342643e-07,-8.975493e-07,-1.069281e-06,-1.250212e-06,-1.441072e-06,-1.642566e-06,-1.855364e-06,-2.080109e-06,-2.317406e-06,-2.567823e-06,-2.831892e-06,-3.110106e-06,-3.402916e-06,-3.710737e-06,-4.033944e-06,-4.372870e-06,-4.727812e-06,-5.099030e-06,-5.486744e-06,-5.891142e-06,-6.312373e-06,-6.750557e-06,-7.205777e-06,-7.678088e-06,-8.167514e-06,-8.665500e-06,-9.189140e-06,-9.729817e-06,-1.028745e-05,-1.086194e-05,-1.145315e-05,-1.206095e-05,-1.268517e-05,-1.332563e-05,-1.398213e-05,-1.465446e-05,-1.534240e-05,-1.604572e-05,-1.676415e-05,-1.749746e-05,-1.824537e-05,-1.900760e-05,-1.978389e-05,-2.057394e-05,-2.137746e-05,-2.219417e-05,-2.302376e-05,-2.386593e-05,-2.472039e-05,-2.558683e-05,-2.646494e-05,-2.735444e-05,-2.825501e-05,-2.916635e-05,-3.008818e-05,-3.102018e-05,-3.196206e-05,-3.291353e-05,-3.387431e-05,-3.484410e-05,-3.582263e-05,-3.680961e-05,-3.780477e-05,-3.880784e-05,-3.981855e-05,-4.083663e-05,-4.186184e-05,-4.289392e-05,-4.393261e-05,-4.497767e-05,-4.602887e-05,-4.708596e-05,-4.814872e-05,-4.921692e-05,-5.029034e-05,-5.136877e-05,-5.245199e-05,-5.353980e-05,-5.463199e-05,-5.572837e-05,-5.682875e-05,-5.793293e-05,-5.904074e-05,-6.015199e-05,-6.126651e-05,-6.238413e-05,-6.350469e-05,-6.462802e-05,-6.575397e-05,-6.688238e-05,-6.801310e-05,-6.914600e-05,-7.028091e-05,-7.141772e-05,-7.255629e-05,-7.369647e-05,-7.483816e-05,-7.598122e-05,-7.712554e-05,-7.827100e-05,-7.941748e-05,-8.056488e-05,-8.171309e-05,-8.286200e-05,-8.401152e-05,-8.516155e-05,-8.631199e-05,-8.746274e-05,-8.861373e-05,-8.976486e-05,-9.091605e-05,-9.206721e-05,-9.321828e-05,-9.436916e-05,-9.551978e-05,-9.667008e-05,-9.781998e-05
0.2400,5.932834e-05,5.835212e-05,5.738708e-05,5.642956e-05,5.547960e-05,5.453724e-05,5.360251e-05,5.267545e-05,5.175610e-05,5.084450e-05,4.994067e-05,4.904467e-05,4.815651e-05,4.727623e-05,4.640387e-05,4.553946e-05,4.468304e-05,4.383462e-05,4.299425e-05,4.216195e-05,4.133775e-05,4.052168e-05,3.971377e-05,3.891405e-05,3.812253e-05,3.733926e-05,3.656424e-05,3.579751e-05,3.503909e-05,3.428900e-05,3.354727e-05,3.281391e-05,3.208894e-05,3.137239e-05,3.066427e-05,2.996460e-05,2.927340e-05,2.859067e-05,2.791645e-05,2.725073e-05,2.659354e-05,2.594489e-05,2.530478e-05,2.467324e-05,2.405026e-05,2.343585e-05,2.283003e-05,2.223280e-05,2.164417e-05,2.106413e-05,2.049270e-05,1.992987e-05,1.937565e-05,1.883004e-05,1.829303e-05,1.776462e-05,1.724482e-05,1.673361e-05,1.623099e-05,1.573695e-05,1.525148e-05,1.477458e-05,1.430624e-05,1.384643e-05,1.339516e-05,1.295239e-05,1.251812e-05,1.209233e-05,1.167500e-05,1.126611e-05,1.086563e-05,1.047354e-05,1.008981e-05,9.714419e-06,9.347331e-06,8.988515e-06,8.637936e-06,8.295558e-06,7.961342e-06,7.635245e-06,7.317224e-06,7.007230e-06,6.705214e-06,6.411121e-06,6.124895e-06,5.846475e-06,5.575794e-06,5.312784e-06,5.057369e-06,4.809469e-06,4.568998e-06,4.335864e-06,4.109966e-06,3.891197e-06,3.679441e-06,3.474570e-06,3.279797e-06,3.088198e-06,2.903031e-06,2.724117e-06,2.551263e-06,2.384255e-06,2.222864e-06,2.066834e-06,1.915888e-06,1.769724e-06,1.628009e-06,1.490381e-06,1.356447e-06,1.225778e-06,1.097910e-06,9.723439e-07,8.477517e-07,7.254296e-07,6.037006e-07,4.819155e-07,3.588969e-07,2.345577e-07,1.080100e-07,-2.150872e-08,-1.547793e-07,-2.925953e-07,-4.357574e-07,-5.850679e-07,-7.413252e-07,-9.053186e-07,-1.077823e-06,-1.259594e-06,-1.451366e-06,-1.653844e-06,-1.867704e-06,-2.093592e-06,-2.332117e-06,-2.583852e-06,-2.849333e-06,-3.129058e-06,-3.423486e-06,-3.733035e-06,-4.058089e-06,-4.398988e-06,-4.756038e-06,-5.129506e-06,-5.519624e-06,-5.926588e-06,-6.350559e-06,-6.791668e-06,-7.250011e-06,-7.725655e-06,-8.218639e-06,-8.720297e-06,-9.247976e-06,-9.792958e-06,-1.035518e-05,-1.093455e-05,-1.153096e-05,-1.214428e-05,-1.277436e-05,-1.342103e-05,-1.408413e-05,-1.476344e-05,-1.545876e-05,-1.616986e-05,-1.689652e-05,-1.763849e-05,-1.839551e-05,-1.916733e-05,-1.995367e-05,-2.075426e-05,-2.156882e-05,-2.239706e-05,-2.323870e-05,-2.409345e-05,-2.496100e-05,-2.584107e-05,-2.673335e-05,-2.763756e-05,-2.855338e-05,-2.948052e-05,-3.041869e-05,-3.136759e-05,-3.232693e-05,-3.329641e-05,-3.427575e-05,-3.526465e-05,-3.626284e-05,-3.727004e-05,-3.828596e-05,-3.931033e-05,-4.034288e-05,-4.138335e-05,-4.243147e-05,-4.348698e-05,-4.454964e-05,-4.561919e-05,-4.669538e-05,-4.777797e-05,-4.886674e-05,-4.996144e-05,-5.106185e-05,-5.216774e-05,-5.327890e-05,-5.439512e-05,-5.551618e-05,-5.664188e-05,-5.777203e-05,-5.890641e-05,-6.004486e-05,-6.118716e-05,-6.233316e-05,-6.348266e-05,-6.463550e-05,-6.579150e-05,-6.695049e-05,-6.811233e-05,-6.927685e-05,-7.044389e-05,-7.161331e-05,-7.278497e-05,-7.395872e-05,-7.513442e-05,-7.631193e-05,-7.749114e-05,-7.867191e-05,-7.985411e-05,-8.103763e-05,-8.222235e-05,-8.340815e-05,-8.459493e-05,-8.578257e-05,-8.697097e-05,-8.816003e-05,-8.934966e-05,-9.053974e-05,-9.173019e-05,-9.292093e-05,-9.411185e-05,-9.530288e-05,-9.649392e-05,-9.768491e-05,-9.887575e-05,-1.000664e-04
0.2500,5.929265e-05,5.831737e-05,5.735324e-05,5.639661e-05,5.544751e-05,5.450599e-05,5.357208e-05,5.264582e-05,5.172724e-05,5.081640e-05,4.991331e-05,4.901802e-05,4.813056e-05,4.725096e-05,4.637927e-05,4.551550e-05,4.465971e-05,4.381190e-05,4.297213e-05,4.214041e-05,4.131677e-05,4.050126e-05,3.969388e-05,3.889468e-05,3.810367e-05,3.732089e-05,3.654636e-05,3.578009e-05,3.502213e-05,3.427249e-05,3.353119e-05,3.279825e-05,3.207369e-05,3.135754e-05,3.064980e-05,2.995051e-05,2.925968e-05,2.857731e-05,2.790344e-05,2.723806e-05,2.658121e-05,2.593288e-05,2.529309e-05,2.466185e-05,2.403917e-05,2.342506e-05,2.281952e-05,2.222257e-05,2.163420e-05,2.105443e-05,2.048326e-05,1.992068e-05,1.936671e-05,1.882133e-05,1.828456e-05,1.775638e-05,1.723680e-05,1.672581e-05,1.622340e-05,1.572957e-05,1.524431e-05,1.476761e-05,1.429945e-05,1.383984e-05,1.338875e-05,1.294617e-05,1.251207e-05,1.208646e-05,1.166930e-05,1.126057e-05,1.086025e-05,1.046832e-05,1.008475e-05,9.709506e-06,9.342566e-06,8.983895e-06,8.633459e-06,8.291219e-06,7.957138e-06,7.631174e-06,7.313282e-06,7.003415e-06,6.701522e-06,6.407549e-06,6.121440e-06,5.843134e-06,5.572564e-06,5.309661e-06,5.054350e-06,4.806551e-06,4.566177e-06,4.333136e-06,4.107328e-06,3.888644e-06,3.676968e-06,3.472174e-06,3.277469e-06,3.085936e-06,2.900828e-06,2.721967e-06,2.549157e-06,2.382188e-06,2.220824e-06,2.064813e-06,1.913876e-06,1.767708e-06,1.625975e-06,1.488315e-06,1.354332e-06,1.223596e-06,1.095642e-06,9.699661e-07,8.452529e-07,7.227714e-07,6.008537e-07,4.788479e-07,3.555563e-07,2.309231e-07,1.040414e-07,-2.585438e-08,-1.595477e-07,-2.978348e-07,-4.415191e-07,-5.914057e-07,-7.482955e-07,-9.129803e-07,-1.086238e-06,-1.268826e-06,-1.461482e-06,-1.664914e-06,-1.879802e-06,-2.106792e-06,-2.346499e-06,-2.599499e-06,-2.866332e-06,-3.147501e-06,-3.443468e-06,-3.754660e-06,-4.081463e-06,-4.424226e-06,-4.783261e-06,-5.158843e-06,-5.551212e-06,-5.960573e-06,-6.387097e-06,-6.830924e-06,-7.292161e-06,-7.770888e-06,-8.267154e-06,-8.780980e-06,-9.303589e-06,-9.852521e-06,-1.041894e-05,-1.100278e-05,-1.160393e-05,-1.222229e-05,-1.285771e-05,-1.351006e-05,-1.417915e-05,-1.486481e-05,-1.556684e-05,-1.628504e-05,-1.701917e-05,-1.776902e-05,-1.853433e-05,-1.931487e-05,-2.011036e-05,-2.092055e-05,-2.174517e-05,-2.258394e-05,-2.343658e-05,-2.430280e-05,-2.518233e-05,-2.607486e-05,-2.698011e-05,-2.789779e-05,-2.882759e-05,-2.976924e-05,-3.072243e-05,-3.168688e-05,-3.266229e-05,-3.364836e-05,-3.464482e-05,-3.565138e-05,-3.666774e-05,-3.769364e-05,-3.872879e-05,-3.977291e-05,-4.082574e-05,-4.188700e-05,-4.295643e-05,-4.403377e-05,-4.511877e-05,-4.621115e-05,-4.731069e-05,-4.841712e-05,-4.953022e-05,-5.064974e-05,-5.177545e-05,-5.290712e-05,-5.404452e-05,-5.518745e-05,-5.633568e-05,-5.748900e-05,-5.864721e-05,-5.981010e-05,-6.097747e-05,-6.214914e-05,-6.332491e-05,-6.450459e-05,-6.568801e-05,-6.687500e-05,-6.806537e-05,-6.925895e-05,-7.045560e-05,-7.165514e-05,-7.285741e-05,-7.406227e-05,-7.526957e-05,-7.647915e-05,-7.769089e-05,-7.890463e-05,-8.012025e-05,-8.133762e-05,-8.255661e-05,-8.377708e-05,-8.499893e-05,-8.622204e-05,-8.744628e-05,-8.867155e-05,-8.989774e-05,-9.112474e-05,-9.235246e-05,-9.358078e-05,-9.480961e-05,-9.603887e-05,-9.726844e-05,-9.849826e-05,-9.972822e-05,-1.009582e-04,-1.021882e-04
0.2600,5.925618e-05,5.828187e-05,5.731868e-05,5.636295e-05,5.541474e-05,5.447408e-05,5.354102e-05,5.261558e-05,5.169780e-05,5.078773e-05,4.988541e-05,4.899085e-05,4.810411e-05,4.722522e-05,4.635421e-05,4.549111e-05,4.463596e-05,4.378878e-05,4.294962e-05,4.211849e-05,4.129544e-05,4.048049e-05,3.967366e-05,3.887499e-05,3.808451e-05,3.730223e-05,3.652819e-05,3.576241e-05,3.500492e-05,3.425573e-05,3.351487e-05,3.278236e-05,3.205822e-05,3.134248e-05,3.063514e-05,2.993624e-05,2.924578e-05,2.856378e-05,2.789027e-05,2.722524e-05,2.656872e-05,2.592072e-05,2.528126e-05,2.465033e-05,2.402796e-05,2.341414e-05,2.280890e-05,2.221223e-05,2.162414e-05,2.104464e-05,2.047373e-05,1.991141e-05,1.935768e-05,1.881255e-05,1.827601e-05,1.774807e-05,1.722871e-05,1.671794e-05,1.621575e-05,1.572213e-05,1.523708e-05,1.476058e-05,1.429262e-05,1.383320e-05,1.338230e-05,1.293990e-05,1.250599e-05,1.208055e-05,1.166356e-05,1.125499e-05,1.085484e-05,1.046307e-05,1.007965e-05,9.704567e-06,9.337777e-06,8.979253e-06,8.628960e-06,8.286860e-06,7.952916e-06,7.627086e-06,7.309324e-06,6.999584e-06,6.697815e-06,6.403964e-06,6.117973e-06,5.839781e-06,5.569323e-06,5.306528e-06,5.051322e-06,4.803624e-06,4.563348e-06,4.330401e-06,4.104683e-06,3.886085e-06,3.674491e-06,3.469773e-06,3.275137e-06,3.083670e-06,2.898621e-06,2.719813e-06,2.547050e-06,2.380118e-06,2.218784e-06,2.062792e-06,1.911863e-06,1.765691e-06,1.623942e-06,1.486250e-06,1.352220e-06,1.221418e-06,1.093377e-06,9.675937e-07,8.427606e-07,7.201214e-07,5.980170e-07,4.757930e-07,3.522317e-07,2.273081e-07,1.000965e-07,-3.017110e-08,-1.642810e-07,-3.030319e-07,-4.472297e-07,-5.976820e-07,-7.551920e-07,-9.205541e-07,-1.094548e-06,-1.277935e-06,-1.471452e-06,-1.675812e-06,-1.891696e-06,-2.119756e-06,-2.360605e-06,-2.614825e-06,-2.882960e-06,-3.165514e-06,-3.462956e-06,-3.775716e-06,-4.104186e-06,-4.448719e-06,-4.809635e-06,-5.187215e-06,-5.581706e-06,-5.993320e-06,-6.422237e-06,-6.868606e-06,-7.332544e-06,-7.814139e-06,-8.313452e-06,-8.830516e-06,-9.356460e-06,-9.909037e-06,-1.047933e-05,-1.106727e-05,-1.167278e-05,-1.229576e-05,-1.293608e-05,-1.359361e-05,-1.426820e-05,-1.495966e-05,-1.566783e-05,-1.639250e-05,-1.713346e-05,-1.789050e-05,-1.866338e-05,-1.945188e-05,-2.025573e-05,-2.107469e-05,-2.190850e-05,-2.275688e-05,-2.361958e-05,-2.449630e-05,-2.538679e-05,-2.629074e-05,-2.720788e-05,-2.813791e-05,-2.908056e-05,-3.003554e-05,-3.100255e-05,-3.198130e-05,-3.297151e-05,-3.397289e-05,-3.498515e-05,-3.600800e-05,-3.704118e-05,-3.808438e-05,-3.913734e-05,-4.019978e-05,-4.127143e-05,-4.235201e-05,-4.344126e-05,-4.453891e-05,-4.564471e-05,-4.675839e-05,-4.787972e-05,-4.900842e-05,-5.014427e-05,-5.128702e-05,-5.243643e-05,-5.359227e-05,-5.475431e-05,-5.592232e-05,-5.709609e-05,-5.827540e-05,-5.946004e-05,-6.064979e-05,-6.184446e-05,-6.304384e-05,-6.424775e-05,-6.545598e-05,-6.666835e-05,-6.788468e-05,-6.910479e-05,-7.032850e-05,-7.155565e-05,-7.278606e-05,-7.401957e-05,-7.525603e-05,-7.649527e-05,-7.773714e-05,-7.898151e-05,-8.022821e-05,-8.147712e-05,-8.272808e-05,-8.398098e-05,-8.523567e-05,-8.649204e-05,-8.774994e-05,-8.900927e-05,-9.026991e-05,-9.153173e-05,-9.279464e-05,-9.405851e-05,-9.532324e-05,-9.658873e-05,-9.785488e-05,-9.912159e-05,-1.003888e-04,-1.016563e-04,-1.029241e-04,-1.041921e-04
0.2700,5.921889e-05,5.824558e-05,5.728335e-05,5.632857e-05,5.538127e-05,5.444150e-05,5.350930e-05,5.258471e-05,5.166776e-05,5.075849e-05,4.985694e-05,4.896315e-05,4.807715e-05,4.719898e-05,4.632866e-05,4.546625e-05,4.461176e-05,4.376523e-05,4.292670e-05,4.209619e-05,4.127373e-05,4.045936e-05,3.965310e-05,3.885498e-05,3.806503e-05,3.728327e-05,3.650974e-05,3.574445e-05,3.498743e-05,3.423871e-05,3.349831e-05,3.276624e-05,3.204253e-05,3.132721e-05,3.062028e-05,2.992177e-05,2.923170e-05,2.855008e-05,2.787692e-05,2.721226e-05,2.655608e-05,2.590842e-05,2.526928e-05,2.463868e-05,2.401662e-05,2.340311e-05,2.279816e-05,2.220178e-05,2.161397e-05,2.103474e-05,2.046410e-05,1.990204e-05,1.934857e-05,1.880369e-05,1.826739e-05,1.773968e-05,1.722056e-05,1.671001e-05,1.620804e-05,1.571464e-05,1.522979e-05,1.475350e-05,1.428574e-05,1.382651e-05,1.337580e-05,1.293359e-05,1.249986e-05,1.207459e-05,1.165778e-05,1.124939e-05,1.084940e-05,1.045779e-05,1.007453e-05,9.699602e-06,9.332964e-06,8.974587e-06,8.624439e-06,8.282481e-06,7.948675e-06,7.622979e-06,7.305349e-06,6.995737e-06,6.694094e-06,6.400365e-06,6.114493e-06,5.836416e-06,5.566070e-06,5.303385e-06,5.048284e-06,4.800688e-06,4.560511e-06,4.327658e-06,4.102031e-06,3.883520e-06,3.672007e-06,3.467367e-06,3.272800e-06,3.081399e-06,2.896411e-06,2.717656e-06,2.544939e-06,2.378045e-06,2.216741e-06,2.060769e-06,1.909849e-06,1.763674e-06,1.621908e-06,1.484186e-06,1.350108e-06,1.219241e-06,1.091115e-06,9.652243e-07,8.402725e-07,7.174769e-07,5.951874e-07,4.727472e-07,3.489186e-07,2.237076e-07,9.616977e-08,-3.446547e-08,-1.689868e-07,-3.081953e-07,-4.528994e-07,-6.039086e-07,-7.620287e-07,-9.280558e-07,-1.102772e-06,-1.286940e-06,-1.481300e-06,-1.686566e-06,-1.903421e-06,-2.132519e-06,-2.374478e-06,-2.629880e-06,-2.899272e-06,-3.183162e-06,-3.482023e-06,-3.796288e-06,-4.126354e-06,-4.472579e-06,-4.835287e-06,-5.214765e-06,-5.611266e-06,-6.025010e-06,-6.456184e-06,-6.904944e-06,-7.371416e-06,-7.855696e-06,-8.357854e-06,-8.877935e-06,-9.406984e-06,-9.962944e-06,-1.053682e-05,-1.112856e-05,-1.173810e-05,-1.236534e-05,-1.301017e-05,-1.367247e-05,-1.435210e-05,-1.504889e-05,-1.576269e-05,-1.649329e-05,-1.724051e-05,-1.800414e-05,-1.878396e-05,-1.957974e-05,-2.039125e-05,-2.121825e-05,-2.206047e-05,-2.291767e-05,-2.378958e-05,-2.467594e-05,-2.557647e-05,-2.649091e-05,-2.741896e-05,-2.836036e-05,-2.931482e-05,-3.028205e-05,-3.126178e-05,-3.225371e-05,-3.325757e-05,-3.427307e-05,-3.529992e-05,-3.633785e-05,-3.738657e-05,-3.844580e-05,-3.951526e-05,-4.059469e-05,-4.168380e-05,-4.278233e-05,-4.389000e-05,-4.500656e-05,-4.613174e-05,-4.726528e-05,-4.840693e-05,-4.955643e-05,-5.071355e-05,-5.187802e-05,-5.304962e-05,-5.422811e-05,-5.541325e-05,-5.660482e-05,-5.780258e-05,-5.900633e-05,-6.021583e-05,-6.143088e-05,-6.265128e-05,-6.387681e-05,-6.510727e-05,-6.634247e-05,-6.758221e-05,-6.882631e-05,-7.007458e-05,-7.132684e-05,-7.258291e-05,-7.384262e-05,-7.510580e-05,-7.637229e-05,-7.764191e-05,-7.891452e-05,-8.018996e-05,-8.146807e-05,-8.274872e-05,-8.403175e-05,-8.531703e-05,-8.660442e-05,-8.789378e-05,-8.918498e-05,-9.047790e-05,-9.177241e-05,-9.306839e-05,-9.436573e-05,-9.566429e-05,-9.696399e-05,-9.826470e-05,-9.956631e-05,-1.008687e-04,-1.021719e-04,-1.034756e-04,-1.047798e-04,-1.060844e-04
0.2800,5.918075e-05,5.820848e-05,5.724724e-05,5.629342e-05,5.534706e-05,5.440821e-05,5.347691e-05,5.255318e-05,5.163708e-05,5.072864e-05,4.982789e-05,4.893488e-05,4.804965e-05,4.717221e-05,4.630262e-05,4.544091e-05,4.458711e-05,4.374124e-05,4.290336e-05,4.207347e-05,4.125163e-05,4.043785e-05,3.963217e-05,3.883462e-05,3.804522e-05,3.726400e-05,3.649098e-05,3.572620e-05,3.496967e-05,3.422143e-05,3.348149e-05,3.274988e-05,3.202661e-05,3.131171e-05,3.060520e-05,2.990710e-05,2.921742e-05,2.853619e-05,2.786341e-05,2.719910e-05,2.654329e-05,2.589597e-05,2.525717e-05,2.462689e-05,2.400514e-05,2.339195e-05,2.278730e-05,2.219121e-05,2.160369e-05,2.102475e-05,2.045438e-05,1.989258e-05,1.933937e-05,1.879474e-05,1.825869e-05,1.773122e-05,1.721233e-05,1.670202e-05,1.620027e-05,1.570708e-05,1.522245e-05,1.474636e-05,1.427881e-05,1.381978e-05,1.336926e-05,1.292723e-05,1.249369e-05,1.206861e-05,1.165196e-05,1.124375e-05,1.084393e-05,1.045248e-05,1.006939e-05,9.694609e-06,9.328124e-06,8.969898e-06,8.619895e-06,8.278080e-06,7.944413e-06,7.618854e-06,7.301357e-06,6.991875e-06,6.690357e-06,6.396751e-06,6.110999e-06,5.833039e-06,5.562806e-06,5.300230e-06,5.045236e-06,4.797743e-06,4.557665e-06,4.324908e-06,4.099372e-06,3.880947e-06,3.669517e-06,3.464955e-06,3.270457e-06,3.079123e-06,2.894196e-06,2.715495e-06,2.542824e-06,2.375969e-06,2.214695e-06,2.058743e-06,1.907832e-06,1.761655e-06,1.619873e-06,1.482120e-06,1.347996e-06,1.217064e-06,1.088854e-06,9.628565e-07,8.377866e-07,7.148357e-07,5.923624e-07,4.697075e-07,3.456138e-07,2.201176e-07,9.225646e-08,-3.874288e-08,-1.736713e-07,-3.133324e-07,-4.585364e-07,-6.100953e-07,-7.688166e-07,-9.354984e-07,-1.110925e-06,-1.295860e-06,-1.491046e-06,-1.697198e-06,-1.915003e-06,-2.145115e-06,-2.388153e-06,-2.644704e-06,-2.915316e-06,-3.200500e-06,-3.500732e-06,-3.816448e-06,-4.148048e-06,-4.495895e-06,-4.860318e-06,-5.241609e-06,-5.640025e-06,-6.055794e-06,-6.489107e-06,-6.940127e-06,-7.408989e-06,-7.895796e-06,-8.400627e-06,-8.923533e-06,-9.455489e-06,-1.001461e-05,-1.059182e-05,-1.118710e-05,-1.180037e-05,-1.243155e-05,-1.308056e-05,-1.374727e-05,-1.443155e-05,-1.513327e-05,-1.585224e-05,-1.658831e-05,-1.734129e-05,-1.811098e-05,-1.889718e-05,-1.969966e-05,-2.051820e-05,-2.135257e-05,-2.220253e-05,-2.306783e-05,-2.394821e-05,-2.484342e-05,-2.575320e-05,-2.667727e-05,-2.761537e-05,-2.856722e-05,-2.953255e-05,-3.051108e-05,-3.150254e-05,-3.250663e-05,-3.352309e-05,-3.455163e-05,-3.559198e-05,-3.664384e-05,-3.770695e-05,-3.878103e-05,-3.986579e-05,-4.096097e-05,-4.206630e-05,-4.318150e-05,-4.430631e-05,-4.544046e-05,-4.658369e-05,-4.773574e-05,-4.889636e-05,-5.006528e-05,-5.124227e-05,-5.242707e-05,-5.361944e-05,-5.481914e-05,-5.602593e-05,-5.723959e-05,-5.845989e-05,-5.968659e-05,-6.091948e-05,-6.215835e-05,-6.340297e-05,-6.465314e-05,-6.590866e-05,-6.716931e-05,-6.843491e-05,-6.970526e-05,-7.098018e-05,-7.225946e-05,-7.354294e-05,-7.483043e-05,-7.612175e-05,-7.741675e-05,-7.871524e-05,-8.001706e-05,-8.132206e-05,-8.263008e-05,-8.394096e-05,-8.525456e-05,-8.657072e-05,-8.788931e-05,-8.921019e-05,-9.053321e-05,-9.185824e-05,-9.318516e-05,-9.451384e-05,-9.584416e-05,-9.717598e-05,-9.850920e-05,-9.984370e-05,-1.011794e-04,-1.025161e-04,-1.038537e-04,-1.051923e-04,-1.065315e-04,-1.078714e-04
0.2900,5.914172e-05,5.817051e-05,5.721029e-05,5.625747e-05,5.531209e-05,5.437418e-05,5.344380e-05,5.252097e-05,5.160574e-05,5.069815e-05,4.979823e-05,4.890603e-05,4.802157e-05,4.714491e-05,4.627606e-05,4.541507e-05,4.456197e-05,4.371679e-05,4.287957e-05,4.205033e-05,4.122912e-05,4.041596e-05,3.961087e-05,3.881390e-05,3.802506e-05,3.724439e-05,3.647191e-05,3.570764e-05,3.495162e-05,3.420387e-05,3.346441e-05,3.273326e-05,3.201044e-05,3.129599e-05,3.058990e-05,2.989222e-05,2.920294e-05,2.852210e-05,2.784971e-05,2.718577e-05,2.653032e-05,2.588336e-05,2.524490e-05,2.461495e-05,2.399354e-05,2.338065e-05,2.277632e-05,2.218053e-05,2.159330e-05,2.101464e-05,2.044455e-05,1.988303e-05,1.933008e-05,1.878571e-05,1.824991e-05,1.772268e-05,1.720403e-05,1.669395e-05,1.619243e-05,1.569946e-05,1.521504e-05,1.473917e-05,1.427182e-05,1.381299e-05,1.336267e-05,1.292083e-05,1.248748e-05,1.206258e-05,1.164611e-05,1.123807e-05,1.083842e-05,1.044714e-05,1.006421e-05,9.689588e-06,9.323258e-06,8.965183e-06,8.615328e-06,8.273657e-06,7.940131e-06,7.614709e-06,7.297346e-06,6.987995e-06,6.686605e-06,6.393123e-06,6.107492e-06,5.829649e-06,5.559530e-06,5.297065e-06,5.042178e-06,4.794789e-06,4.554810e-06,4.322149e-06,4.096705e-06,3.878368e-06,3.667021e-06,3.462536e-06,3.268109e-06,3.076842e-06,2.891976e-06,2.713329e-06,2.540706e-06,2.373890e-06,2.212645e-06,2.056714e-06,1.905813e-06,1.759633e-06,1.617836e-06,1.480053e-06,1.345882e-06,1.214886e-06,1.086592e-06,9.604887e-07,8.353015e-07,7.121960e-07,5.895398e-07,4.666715e-07,3.423143e-07,2.165350e-07,8.835276e-08,-4.300775e-08,-1.783398e-07,-3.184490e-07,-4.641478e-07,-6.162500e-07,-7.755650e-07,-9.428927e-07,-1.119018e-06,-1.304708e-06,-1.500706e-06,-1.707729e-06,-1.926464e-06,-2.157567e-06,-2.401660e-06,-2.659331e-06,-2.931130e-06,-3.217571e-06,-3.519131e-06,-3.836251e-06,-4.169333e-06,-4.518743e-06,-4.884815e-06,-5.267844e-06,-5.668093e-06,-6.085793e-06,-6.521144e-06,-6.974312e-06,-7.445440e-06,-7.934637e-06,-8.441990e-06,-8.967558e-06,-9.502246e-06,-1.006432e-05,-1.064467e-05,-1.124324e-05,-1.185999e-05,-1.249486e-05,-1.314774e-05,-1.381855e-05,-1.450715e-05,-1.521341e-05,-1.593719e-05,-1.667831e-05,-1.743661e-05,-1.821189e-05,-1.900397e-05,-1.981263e-05,-2.063765e-05,-2.147883e-05,-2.233591e-05,-2.320867e-05,-2.409686e-05,-2.500022e-05,-2.591851e-05,-2.685147e-05,-2.779883e-05,-2.876033e-05,-2.973569e-05,-3.072465e-05,-3.172693e-05,-3.274226e-05,-3.377037e-05,-3.481097e-05,-3.586379e-05,-3.692856e-05,-3.800501e-05,-3.909284e-05,-4.019180e-05,-4.130162e-05,-4.242201e-05,-4.355271e-05,-4.469346e-05,-4.584399e-05,-4.700404e-05,-4.817335e-05,-4.935165e-05,-5.053871e-05,-5.173426e-05,-5.293806e-05,-5.414987e-05,-5.536943e-05,-5.659653e-05,-5.783091e-05,-5.907235e-05,-6.032061e-05,-6.157549e-05,-6.283675e-05,-6.410418e-05,-6.537757e-05,-6.665670e-05,-6.794137e-05,-6.923138e-05,-7.052653e-05,-7.182663e-05,-7.313148e-05,-7.444090e-05,-7.575470e-05,-7.707271e-05,-7.839475e-05,-7.972064e-05,-8.105021e-05,-8.238331e-05,-8.371977e-05,-8.505942e-05,-8.640212e-05,-8.774771e-05,-8.909605e-05,-9.044699e-05,-9.180038e-05,-9.315609e-05,-9.451399e-05,-9.587393e-05,-9.723580e-05,-9.859946e-05,-9.996478e-05,-1.013317e-04,-1.027000e-04,-1.040696e-04,-1.054404e-04,-1.068124e-04,-1.081853e-04,-1.095591e-04
0.3000,5.910176e-05,5.813164e-05,5.717248e-05,5.622069e-05,5.527630e-05,5.433937e-05,5.340994e-05,5.248803e-05,5.157371e-05,5.066699e-05,4.976793e-05,4.887656e-05,4.799291e-05,4.711703e-05,4.624894e-05,4.538870e-05,4.453632e-05,4.369185e-05,4.285531e-05,4.202675e-05,4.120618e-05,4.039365e-05,3.958918e-05,3.879280e-05,3.800454e-05,3.722443e-05,3.645250e-05,3.568877e-05,3.493327e-05,3.418602e-05,3.344705e-05,3.271638e-05,3.199402e-05,3.128002e-05,3.057437e-05,2.987711e-05,2.918825e-05,2.850782e-05,2.783581e-05,2.717226e-05,2.651718e-05,2.587058e-05,2.523247e-05,2.460287e-05,2.398178e-05,2.336922e-05,2.276520e-05,2.216972e-05,2.158280e-05,2.100442e-05,2.043461e-05,1.987337e-05,1.932069e-05,1.877658e-05,1.824104e-05,1.771406e-05,1.719565e-05,1.668581e-05,1.618451e-05,1.569177e-05,1.520758e-05,1.473191e-05,1.426477e-05,1.380615e-05,1.335602e-05,1.291439e-05,1.248122e-05,1.205650e-05,1.164022e-05,1.123235e-05,1.083288e-05,1.044176e-05,1.005899e-05,9.684538e-06,9.318364e-06,8.960442e-06,8.610736e-06,8.269211e-06,7.935828e-06,7.610544e-06,7.293316e-06,6.984097e-06,6.682836e-06,6.389479e-06,6.103970e-06,5.826246e-06,5.556242e-06,5.293888e-06,5.039109e-06,4.791824e-06,4.551946e-06,4.319382e-06,4.094030e-06,3.875781e-06,3.664518e-06,3.460112e-06,3.265756e-06,3.074556e-06,2.889751e-06,2.711159e-06,2.538583e-06,2.371807e-06,2.210592e-06,2.054682e-06,1.903791e-06,1.757609e-06,1.615797e-06,1.477984e-06,1.343766e-06,1.212706e-06,1.084328e-06,9.581198e-07,8.328156e-07,7.095562e-07,5.867179e-07,4.636370e-07,3.390177e-07,2.129568e-07,8.445549e-08,-4.726377e-08,-1.829964e-07,-3.235501e-07,-4.697392e-07,-6.223794e-07,-7.822817e-07,-9.502476e-07,-1.127064e-06,-1.313498e-06,-1.510295e-06,-1.718173e-06,-1.937822e-06,-2.169897e-06,-2.415023e-06,-2.673789e-06,-2.946747e-06,-3.234412e-06,-3.537265e-06,-3.855747e-06,-4.190264e-06,-4.541186e-06,-4.908848e-06,-5.293550e-06,-5.695560e-06,-6.115113e-06,-6.552411e-06,-7.007630e-06,-7.480915e-06,-7.972383e-06,-8.482127e-06,-9.010212e-06,-9.547484e-06,-1.011235e-05,-1.069563e-05,-1.129730e-05,-1.191732e-05,-1.255562e-05,-1.321213e-05,-1.388676e-05,-1.457938e-05,-1.528988e-05,-1.601811e-05,-1.676392e-05,-1.752715e-05,-1.830762e-05,-1.910514e-05,-1.991951e-05,-2.075054e-05,-2.159799e-05,-2.246166e-05,-2.334132e-05,-2.423671e-05,-2.514762e-05,-2.607377e-05,-2.701494e-05,-2.797086e-05,-2.894126e-05,-2.992590e-05,-3.092450e-05,-3.193680e-05,-3.296252e-05,-3.400141e-05,-3.505318e-05,-3.611757e-05,-3.719430e-05,-3.828311e-05,-3.938372e-05,-4.049586e-05,-4.161926e-05,-4.275366e-05,-4.389879e-05,-4.505437e-05,-4.622016e-05,-4.739588e-05,-4.858128e-05,-4.977610e-05,-5.098008e-05,-5.219299e-05,-5.341456e-05,-5.464455e-05,-5.588272e-05,-5.712883e-05,-5.838264e-05,-5.964392e-05,-6.091244e-05,-6.218797e-05,-6.347030e-05,-6.475919e-05,-6.605443e-05,-6.735582e-05,-6.866313e-05,-6.997618e-05,-7.129474e-05,-7.261863e-05,-7.394766e-05,-7.528162e-05,-7.662033e-05,-7.796361e-05,-7.931128e-05,-8.066316e-05,-8.201907e-05,-8.337885e-05,-8.474233e-05,-8.610934e-05,-8.747973e-05,-8.885334e-05,-9.023001e-05,-9.160960e-05,-9.299196e-05,-9.437694e-05,-9.576440e-05,-9.715421e-05,-9.854624e-05,-9.994034e-05,-1.013364e-04,-1.027343e-04,-1.041339e-04,-1.055350e-04,-1.069377e-04,-1.083416e-04,-1.097469e-04,-1.111532e-04
0.3100,5.906081e-05,5.809183e-05,5.713376e-05,5.618302e-05,5.523967e-05,5.430375e-05,5.337529e-05,5.245435e-05,5.154095e-05,5.063514e-05,4.973695e-05,4.884644e-05,4.796362e-05,4.708855e-05,4.622126e-05,4.536178e-05,4.451015e-05,4.366640e-05,4.283057e-05,4.200269e-05,4.118279e-05,4.037091e-05,3.956707e-05,3.877131e-05,3.798365e-05,3.720412e-05,3.643275e-05,3.566957e-05,3.491460e-05,3.416787e-05,3.342940e-05,3.269921e-05,3.197734e-05,3.126380e-05,3.055860e-05,2.986178e-05,2.917334e-05,2.849332e-05,2.782172e-05,2.715856e-05,2.650386e-05,2.585762e-05,2.521988e-05,2.459062e-05,2.396988e-05,2.335765e-05,2.275395e-05,2.215879e-05,2.157217e-05,2.099409e-05,2.042457e-05,1.986361e-05,1.931120e-05,1.876736e-05,1.823208e-05,1.770536e-05,1.718719e-05,1.667759e-05,1.617653e-05,1.568402e-05,1.520004e-05,1.472460e-05,1.425767e-05,1.379925e-05,1.334933e-05,1.290789e-05,1.247491e-05,1.205039e-05,1.163429e-05,1.122660e-05,1.082729e-05,1.043635e-05,1.005375e-05,9.679457e-06,9.313442e-06,8.955674e-06,8.606119e-06,8.264741e-06,7.931501e-06,7.606358e-06,7.289267e-06,6.980181e-06,6.679050e-06,6.385819e-06,6.100433e-06,5.822828e-06,5.552941e-06,5.290699e-06,5.036029e-06,4.788849e-06,4.549072e-06,4.316605e-06,4.091346e-06,3.873186e-06,3.662007e-06,3.457680e-06,3.263395e-06,3.072264e-06,2.887521e-06,2.708984e-06,2.536456e-06,2.369719e-06,2.208535e-06,2.052646e-06,1.901765e-06,1.755581e-06,1.613754e-06,1.475911e-06,1.341648e-06,1.210524e-06,1.082062e-06,9.557487e-07,8.303280e-07,7.069150e-07,5.838952e-07,4.606025e-07,3.357221e-07,2.093808e-07,8.056199e-08,-5.151403e-08,-1.876447e-07,-3.286398e-07,-4.753155e-07,-6.284891e-07,-7.889731e-07,-9.575704e-07,-1.135069e-06,-1.322238e-06,-1.519824e-06,-1.728545e-06,-1.949092e-06,-2.182123e-06,-2.428263e-06,-2.688101e-06,-2.962193e-06,-3.251054e-06,-3.555167e-06,-3.874975e-06,-4.210887e-06,-4.563275e-06,-4.932477e-06,-5.318796e-06,-5.722503e-06,-6.143837e-06,-6.583007e-06,-7.040190e-06,-7.515538e-06,-8.009172e-06,-8.521192e-06,-9.051669e-06,-9.591394e-06,-1.015890e-05,-1.074496e-05,-1.134955e-05,-1.197264e-05,-1.261417e-05,-1.327408e-05,-1.395228e-05,-1.464866e-05,-1.536311e-05,-1.609550e-05,-1.684568e-05,-1.761350e-05,-1.839879e-05,-1.920137e-05,-2.002105e-05,-2.085764e-05,-2.171093e-05,-2.258070e-05,-2.346674e-05,-2.436882e-05,-2.528670e-05,-2.622014e-05,-2.716891e-05,-2.813275e-05,-2.911141e-05,-3.010464e-05,-3.111217e-05,-3.213375e-05,-3.316911e-05,-3.421799e-05,-3.528012e-05,-3.635524e-05,-3.744308e-05,-3.854337e-05,-3.965584e-05,-4.078023e-05,-4.191627e-05,-4.306370e-05,-4.422225e-05,-4.539165e-05,-4.657165e-05,-4.776199e-05,-4.896241e-05,-5.017264e-05,-5.139245e-05,-5.262157e-05,-5.385976e-05,-5.510678e-05,-5.636237e-05,-5.762630e-05,-5.889834e-05,-6.017824e-05,-6.146577e-05,-6.276071e-05,-6.406283e-05,-6.537191e-05,-6.668773e-05,-6.801008e-05,-6.933874e-05,-7.067350e-05,-7.201416e-05,-7.336053e-05,-7.471239e-05,-7.606956e-05,-7.743184e-05,-7.879905e-05,-8.017100e-05,-8.154751e-05,-8.292840e-05,-8.431350e-05,-8.570264e-05,-8.709564e-05,-8.849235e-05,-8.989261e-05,-9.129625e-05,-9.270313e-05,-9.411308e-05,-9.552597e-05,-9.694164e-05,-9.835996e-05,-9.978078e-05,-1.012040e-04,-1.026294e-04,-1.040569e-04,-1.054864e-04,-1.069178e-04,-1.083509e-04,-1.097856e-04,-1.112218e-04,-1.126594e-04
0.3200,5.901884e-05,5.805103e-05,5.709408e-05,5.614444e-05,5.520216e-05,5.426728e-05,5.333983e-05,5.241987e-05,5.150743e-05,5.060255e-05,4.970527e-05,4.881564e-05,4.793369e-05,4.705945e-05,4.619297e-05,4.533428e-05,4.448342e-05,4.364042e-05,4.280532e-05,4.197815e-05,4.115894e-05,4.034772e-05,3.954453e-05,3.874940e-05,3.796235e-05,3.718342e-05,3.641263e-05,3.565001e-05,3.489559e-05,3.414939e-05,3.341144e-05,3.268176e-05,3.196038e-05,3.124731e-05,3.054258e-05,2.984620e-05,2.915820e-05,2.847860e-05,2.780741e-05,2.714465e-05,2.649034e-05,2.584449e-05,2.520711e-05,2.457821e-05,2.395782e-05,2.334593e-05,2.274256e-05,2.214772e-05,2.156141e-05,2.098363e-05,2.041441e-05,1.985373e-05,1.930161e-05,1.875804e-05,1.822302e-05,1.769656e-05,1.717865e-05,1.666929e-05,1.616847e-05,1.567619e-05,1.519244e-05,1.471722e-05,1.425051e-05,1.379230e-05,1.334258e-05,1.290134e-05,1.246856e-05,1.204422e-05,1.162831e-05,1.122080e-05,1.082168e-05,1.043091e-05,1.004847e-05,9.674344e-06,9.308489e-06,8.950877e-06,8.601475e-06,8.260247e-06,7.927152e-06,7.602150e-06,7.285197e-06,6.976246e-06,6.675246e-06,6.382143e-06,6.096880e-06,5.819396e-06,5.549625e-06,5.287498e-06,5.032937e-06,4.785863e-06,4.546188e-06,4.313819e-06,4.088654e-06,3.870583e-06,3.659489e-06,3.455242e-06,3.261029e-06,3.069966e-06,2.885285e-06,2.706803e-06,2.534323e-06,2.367626e-06,2.206474e-06,2.050606e-06,1.899735e-06,1.753550e-06,1.611707e-06,1.473835e-06,1.339526e-06,1.208338e-06,1.079793e-06,9.533748e-07,8.278376e-07,7.042713e-07,5.810704e-07,4.575664e-07,3.324258e-07,2.058050e-07,7.667002e-08,-5.576112e-08,-1.922879e-07,-3.337217e-07,-4.808807e-07,-6.345836e-07,-7.956445e-07,-9.648676e-07,-1.143042e-06,-1.330938e-06,-1.529303e-06,-1.738856e-06,-1.960288e-06,-2.194260e-06,-2.441396e-06,-2.702288e-06,-2.977491e-06,-3.267523e-06,-3.572868e-06,-3.893970e-06,-4.231241e-06,-4.585054e-06,-4.955751e-06,-5.343637e-06,-5.748986e-06,-6.172041e-06,-6.613013e-06,-7.072085e-06,-7.549412e-06,-8.045121e-06,-8.559317e-06,-9.092075e-06,-9.634136e-06,-1.020415e-05,-1.079284e-05,-1.140019e-05,-1.202619e-05,-1.267077e-05,-1.333388e-05,-1.401543e-05,-1.471535e-05,-1.543350e-05,-1.616978e-05,-1.692405e-05,-1.769616e-05,-1.848594e-05,-1.929324e-05,-2.011787e-05,-2.095964e-05,-2.181835e-05,-2.269380e-05,-2.358578e-05,-2.449406e-05,-2.541842e-05,-2.635863e-05,-2.731446e-05,-2.828565e-05,-2.927197e-05,-3.027317e-05,-3.128899e-05,-3.231919e-05,-3.336350e-05,-3.442166e-05,-3.549341e-05,-3.657850e-05,-3.767666e-05,-3.878763e-05,-3.991114e-05,-4.104693e-05,-4.219474e-05,-4.335430e-05,-4.452535e-05,-4.570764e-05,-4.690090e-05,-4.810488e-05,-4.931931e-05,-5.054395e-05,-5.177854e-05,-5.302283e-05,-5.427657e-05,-5.553953e-05,-5.681144e-05,-5.809208e-05,-5.938120e-05,-6.067857e-05,-6.198396e-05,-6.329713e-05,-6.461786e-05,-6.594594e-05,-6.728112e-05,-6.862321e-05,-6.997198e-05,-7.132723e-05,-7.268874e-05,-7.405632e-05,-7.542976e-05,-7.680886e-05,-7.819343e-05,-7.958328e-05,-8.097822e-05,-8.237806e-05,-8.378263e-05,-8.519175e-05,-8.660524e-05,-8.802293e-05,-8.944465e-05,-9.087024e-05,-9.229953e-05,-9.373237e-05,-9.516861e-05,-9.660808e-05,-9.805064e-05,-9.949614e-05,-1.009444e-04,-1.023954e-04,-1.038489e-04,-1.053048e-04,-1.067629e-04,-1.082231e-04,-1.096854e-04,-1.111495e-04,-1.126154e-04,-1.140829e-04
0.3300,5.897580e-05,5.800920e-05,5.705341e-05,5.610490e-05,5.516372e-05,5.422991e-05,5.330351e-05,5.238456e-05,5.147311e-05,5.056919e-05,4.967285e-05,4.878413e-05,4.790307e-05,4.702969e-05,4.616405e-05,4.530618e-05,4.445611e-05,4.361389e-05,4.277953e-05,4.195309e-05,4.113459e-05,4.032406e-05,3.952154e-05,3.872706e-05,3.794064e-05,3.716233e-05,3.639214e-05,3.563010e-05,3.487624e-05,3.413059e-05,3.339317e-05,3.266401e-05,3.194312e-05,3.123054e-05,3.052628e-05,2.983037e-05,2.914282e-05,2.846365e-05,2.779289e-05,2.713054e-05,2.647663e-05,2.583116e-05,2.519416e-05,2.456563e-05,2.394559e-05,2.333405e-05,2.273102e-05,2.213650e-05,2.155051e-05,2.097305e-05,2.040413e-05,1.984374e-05,1.929191e-05,1.874861e-05,1.821387e-05,1.768767e-05,1.717002e-05,1.666090e-05,1.616033e-05,1.566829e-05,1.518477e-05,1.470977e-05,1.424328e-05,1.378529e-05,1.333578e-05,1.289474e-05,1.246216e-05,1.203801e-05,1.162229e-05,1.121496e-05,1.081602e-05,1.042543e-05,1.004316e-05,9.669197e-06,9.303505e-06,8.946052e-06,8.596804e-06,8.255726e-06,7.922778e-06,7.597920e-06,7.281107e-06,6.972291e-06,6.671423e-06,6.378449e-06,6.093312e-06,5.815949e-06,5.546296e-06,5.284283e-06,5.029833e-06,4.782865e-06,4.543294e-06,4.311023e-06,4.085952e-06,3.867972e-06,3.656963e-06,3.452796e-06,3.258655e-06,3.067661e-06,2.883043e-06,2.704617e-06,2.532185e-06,2.365529e-06,2.204408e-06,2.048561e-06,1.897701e-06,1.751514e-06,1.609657e-06,1.471755e-06,1.337400e-06,1.206149e-06,1.077521e-06,9.509971e-07,8.253436e-07,7.016243e-07,5.782425e-07,4.545276e-07,3.291273e-07,2.022278e-07,7.277766e-08,-6.000726e-08,-1.969283e-07,-3.387987e-07,-4.864382e-07,-6.406671e-07,-8.023007e-07,-9.721445e-07,-1.150989e-06,-1.339604e-06,-1.538739e-06,-1.749114e-06,-1.971421e-06,-2.206320e-06,-2.454438e-06,-2.716366e-06,-2.992660e-06,-3.283841e-06,-3.590392e-06,-3.912761e-06,-4.251359e-06,-4.606562e-06,-4.978714e-06,-5.368123e-06,-5.775065e-06,-6.199785e-06,-6.642499e-06,-7.103393e-06,-7.582626e-06,-8.080329e-06,-8.596611e-06,-9.131554e-06,-9.675849e-06,-1.024826e-05,-1.083945e-05,-1.144943e-05,-1.207817e-05,-1.272564e-05,-1.339178e-05,-1.407651e-05,-1.477975e-05,-1.550139e-05,-1.624133e-05,-1.699943e-05,-1.777556e-05,-1.856955e-05,-1.938126e-05,-2.021051e-05,-2.105712e-05,-2.192089e-05,-2.280164e-05,-2.369915e-05,-2.461321e-05,-2.554361e-05,-2.649012e-05,-2.745251e-05,-2.843055e-05,-2.942400e-05,-3.043261e-05,-3.145615e-05,-3.249436e-05,-3.354699e-05,-3.461379e-05,-3.569450e-05,-3.678887e-05,-3.789663e-05,-3.901754e-05,-4.015133e-05,-4.129774e-05,-4.245651e-05,-4.362739e-05,-4.481011e-05,-4.600442e-05,-4.721006e-05,-4.842677e-05,-4.965430e-05,-5.089240e-05,-5.214082e-05,-5.339930e-05,-5.466760e-05,-5.594548e-05,-5.723269e-05,-5.852899e-05,-5.983414e-05,-6.114791e-05,-6.247007e-05,-6.380038e-05,-6.513861e-05,-6.648455e-05,-6.783797e-05,-6.919864e-05,-7.056637e-05,-7.194093e-05,-7.332211e-05,-7.470971e-05,-7.610352e-05,-7.750335e-05,-7.890899e-05,-8.032026e-05,-8.173696e-05,-8.315890e-05,-8.458591e-05,-8.601779e-05,-8.745438e-05,-8.889549e-05,-9.034096e-05,-9.179062e-05,-9.324430e-05,-9.470184e-05,-9.616308e-05,-9.762786e-05,-9.909603e-05,-1.005674e-04,-1.020420e-04,-1.035194e-04,-1.049997e-04,-1.064826e-04,-1.079681e-04,-1.094559e-04,-1.109461e-04,-1.124383e-04,-1.139326e-04,-1.154288e-04
0.3400,5.893163e-05,5.796627e-05,5.701168e-05,5.606435e-05,5.512430e-05,5.419160e-05,5.326628e-05,5.234838e-05,5.143795e-05,5.053503e-05,4.963966e-05,4.875188e-05,4.787173e-05,4.699925e-05,4.613447e-05,4.527744e-05,4.442820e-05,4.358676e-05,4.275318e-05,4.192749e-05,4.110972e-05,4.029990e-05,3.949807e-05,3.870426e-05,3.791850e-05,3.714082e-05,3.637124e-05,3.560980e-05,3.485652e-05,3.411144e-05,3.337456e-05,3.264593e-05,3.192557e-05,3.121349e-05,3.050972e-05,2.981428e-05,2.912719e-05,2.844847e-05,2.777813e-05,2.711621e-05,2.646270e-05,2.581764e-05,2.518102e-05,2.455287e-05,2.393320e-05,2.332201e-05,2.271932e-05,2.212514e-05,2.153948e-05,2.096233e-05,2.039372e-05,1.983364e-05,1.928209e-05,1.873908e-05,1.820461e-05,1.767868e-05,1.716129e-05,1.665243e-05,1.615211e-05,1.566031e-05,1.517702e-05,1.470226e-05,1.423599e-05,1.377821e-05,1.332891e-05,1.288808e-05,1.245570e-05,1.203175e-05,1.161622e-05,1.120908e-05,1.081032e-05,1.041990e-05,1.003781e-05,9.664016e-06,9.298488e-06,8.941196e-06,8.592105e-06,8.251179e-06,7.918380e-06,7.593666e-06,7.276994e-06,6.968315e-06,6.667581e-06,6.374737e-06,6.089726e-06,5.812486e-06,5.542953e-06,5.281054e-06,5.026716e-06,4.779856e-06,4.540388e-06,4.308217e-06,4.083242e-06,3.865352e-06,3.654429e-06,3.450343e-06,3.256274e-06,3.065350e-06,2.880794e-06,2.702425e-06,2.530042e-06,2.363426e-06,2.202336e-06,2.046511e-06,1.895662e-06,1.749473e-06,1.607602e-06,1.469670e-06,1.335270e-06,1.203955e-06,1.075243e-06,9.486152e-07,8.228454e-07,6.989730e-07,5.754104e-07,4.514849e-07,3.258254e-07,1.986479e-07,6.888327e-08,-6.425434e-08,-2.015682e-07,-3.438734e-07,-4.919910e-07,-6.467429e-07,-8.089456e-07,-9.794056e-07,-1.158914e-06,-1.348243e-06,-1.548141e-06,-1.759329e-06,-1.982500e-06,-2.218315e-06,-2.467401e-06,-2.730349e-06,-3.007718e-06,-3.300027e-06,-3.607763e-06,-3.931372e-06,-4.271269e-06,-4.627831e-06,-5.001402e-06,-5.392294e-06,-5.800785e-06,-6.227122e-06,-6.671525e-06,-7.134181e-06,-7.615254e-06,-8.114880e-06,-8.633169e-06,-9.170210e-06,-9.716649e-06,-1.029135e-05,-1.088493e-05,-1.149742e-05,-1.212878e-05,-1.277899e-05,-1.344799e-05,-1.413573e-05,-1.484211e-05,-1.556705e-05,-1.631044e-05,-1.707215e-05,-1.785206e-05,-1.865002e-05,-1.946587e-05,-2.029945e-05,-2.115059e-05,-2.201910e-05,-2.290480e-05,-2.380748e-05,-2.472694e-05,-2.566298e-05,-2.661537e-05,-2.758389e-05,-2.856831e-05,-2.956840e-05,-3.058393e-05,-3.161466e-05,-3.266034e-05,-3.372073e-05,-3.479558e-05,-3.588463e-05,-3.698765e-05,-3.810438e-05,-3.923456e-05,-4.037793e-05,-4.153425e-05,-4.270326e-05,-4.388469e-05,-4.507831e-05,-4.628384e-05,-4.750105e-05,-4.872967e-05,-4.996945e-05,-5.122014e-05,-5.248150e-05,-5.375327e-05,-5.503521e-05,-5.632708e-05,-5.762863e-05,-5.893962e-05,-6.025982e-05,-6.158899e-05,-6.292689e-05,-6.427331e-05,-6.562800e-05,-6.699074e-05,-6.836132e-05,-6.973951e-05,-7.112509e-05,-7.251785e-05,-7.391759e-05,-7.532408e-05,-7.673714e-05,-7.815655e-05,-7.958211e-05,-8.101363e-05,-8.245092e-05,-8.389379e-05,-8.534205e-05,-8.679551e-05,-8.825400e-05,-8.971734e-05,-9.118535e-05,-9.265787e-05,-9.413472e-05,-9.561573e-05,-9.710075e-05,-9.858962e-05,-1.000822e-04,-1.015783e-04,-1.030778e-04,-1.045805e-04,-1.060863e-04,-1.075950e-04,-1.091066e-04,-1.106209e-04,-1.121376e-04,-1.136568e-04,-1.151783e-04,-1.167019e-04
0.3500,5.888628e-05,5.792221e-05,5.696886e-05,5.602273e-05,5.508387e-05,5.415231e-05,5.322810e-05,5.231129e-05,5.140192e-05,5.050002e-05,4.960565e-05,4.871884e-05,4.783964e-05,4.696808e-05,4.610420e-05,4.524804e-05,4.439964e-05,4.355903e-05,4.272625e-05,4.190133e-05,4.108431e-05,4.027523e-05,3.947411e-05,3.868099e-05,3.789590e-05,3.711887e-05,3.634993e-05,3.558910e-05,3.483642e-05,3.409191e-05,3.335561e-05,3.262752e-05,3.190769e-05,3.119612e-05,3.049286e-05,2.979790e-05,2.911129e-05,2.843302e-05,2.776314e-05,2.710165e-05,2.644856e-05,2.580390e-05,2.516768e-05,2.453992e-05,2.392062e-05,2.330980e-05,2.270746e-05,2.211363e-05,2.152830e-05,2.095148e-05,2.038318e-05,1.982340e-05,1.927215e-05,1.872944e-05,1.819525e-05,1.766959e-05,1.715247e-05,1.664387e-05,1.614380e-05,1.565224e-05,1.516920e-05,1.469467e-05,1.422863e-05,1.377107e-05,1.332199e-05,1.288137e-05,1.244919e-05,1.202544e-05,1.161010e-05,1.120316e-05,1.080457e-05,1.041434e-05,1.003242e-05,9.658799e-06,9.293438e-06,8.936308e-06,8.587375e-06,8.246604e-06,7.913955e-06,7.589388e-06,7.272858e-06,6.964318e-06,6.663719e-06,6.371007e-06,6.086123e-06,5.809007e-06,5.539594e-06,5.277812e-06,5.023586e-06,4.776835e-06,4.537471e-06,4.305400e-06,4.080521e-06,3.862722e-06,3.651886e-06,3.447881e-06,3.253886e-06,3.063031e-06,2.878539e-06,2.700227e-06,2.527893e-06,2.361317e-06,2.200260e-06,2.044456e-06,1.893618e-06,1.747428e-06,1.605542e-06,1.467581e-06,1.333135e-06,1.201756e-06,1.072962e-06,9.452878e-07,8.203422e-07,6.963168e-07,5.725736e-07,4.484374e-07,3.225191e-07,1.950638e-07,6.498545e-08,-6.850400e-08,-2.062095e-07,-3.489478e-07,-4.975416e-07,-6.528139e-07,-8.155826e-07,-9.866549e-07,-1.166823e-06,-1.356860e-06,-1.557514e-06,-1.769508e-06,-1.993534e-06,-2.230254e-06,-2.480295e-06,-2.744250e-06,-3.022678e-06,-3.316098e-06,-3.624997e-06,-3.949825e-06,-4.290995e-06,-4.648887e-06,-5.023846e-06,-5.416186e-06,-5.826187e-06,-6.254098e-06,-6.700141e-06,-7.164507e-06,-7.647363e-06,-8.148846e-06,-8.669073e-06,-9.208134e-06,-9.756637e-06,-1.033353e-05,-1.092941e-05,-1.154429e-05,-1.217816e-05,-1.283098e-05,-1.350272e-05,-1.419331e-05,-1.490268e-05,-1.563074e-05,-1.637739e-05,-1.714252e-05,-1.792599e-05,-1.872768e-05,-1.954743e-05,-2.038508e-05,-2.124048e-05,-2.211344e-05,-2.300379e-05,-2.391132e-05,-2.483584e-05,-2.577715e-05,-2.673504e-05,-2.770929e-05,-2.869969e-05,-2.970599e-05,-3.072798e-05,-3.176542e-05,-3.281808e-05,-3.388572e-05,-3.496808e-05,-3.606494e-05,-3.717604e-05,-3.830113e-05,-3.943996e-05,-4.059230e-05,-4.175787e-05,-4.293644e-05,-4.412775e-05,-4.533155e-05,-4.654758e-05,-4.777561e-05,-4.901536e-05,-5.026661e-05,-5.152910e-05,-5.280257e-05,-5.408680e-05,-5.538152e-05,-5.668651e-05,-5.800151e-05,-5.932629e-05,-6.066062e-05,-6.200425e-05,-6.335696e-05,-6.471851e-05,-6.608868e-05,-6.746725e-05,-6.885398e-05,-7.024866e-05,-7.165108e-05,-7.306101e-05,-7.447824e-05,-7.590257e-05,-7.733380e-05,-7.877170e-05,-8.021609e-05,-8.166677e-05,-8.312355e-05,-8.458622e-05,-8.605460e-05,-8.752851e-05,-8.900777e-05,-9.049219e-05,-9.198159e-05,-9.347580e-05,-9.497466e-05,-9.647799e-05,-9.798562e-05,-9.949740e-05,-1.010132e-04,-1.025328e-04,-1.040560e-04,-1.055828e-04,-1.071130e-04,-1.086464e-04,-1.101829e-04,-1.117223e-04,-1.132645e-04,-1.148094e-04,-1.163569e-04,-1.179068e-04
0.3600,5.883968e-05,5.787695e-05,5.692489e-05,5.598001e-05,5.504236e-05,5.411198e-05,5.318893e-05,5.227324e-05,5.136496e-05,5.046413e-05,4.957079e-05,4.868499e-05,4.780676e-05,4.693615e-05,4.607319e-05,4.521793e-05,4.437040e-05,4.353064e-05,4.269869e-05,4.187457e-05,4.105833e-05,4.025001e-05,3.944962e-05,3.865722e-05,3.787282e-05,3.709646e-05,3.632817e-05,3.556798e-05,3.481592e-05,3.407201e-05,3.333628e-05,3.260876e-05,3.188947e-05,3.117844e-05,3.047569e-05,2.978124e-05,2.909511e-05,2.841732e-05,2.774789e-05,2.708684e-05,2.643419e-05,2.578995e-05,2.515414e-05,2.452677e-05,2.390785e-05,2.329740e-05,2.269543e-05,2.210195e-05,2.151696e-05,2.094047e-05,2.037250e-05,1.981304e-05,1.926209e-05,1.871967e-05,1.818577e-05,1.766040e-05,1.714354e-05,1.663521e-05,1.613540e-05,1.564409e-05,1.516130e-05,1.468700e-05,1.422119e-05,1.376386e-05,1.331500e-05,1.287459e-05,1.244262e-05,1.201908e-05,1.160394e-05,1.119718e-05,1.079879e-05,1.040873e-05,1.002700e-05,9.653545e-06,9.288352e-06,8.931387e-06,8.582614e-06,8.241999e-06,7.909503e-06,7.585084e-06,7.268698e-06,6.960299e-06,6.659836e-06,6.367256e-06,6.082502e-06,5.805511e-06,5.536219e-06,5.274554e-06,5.020442e-06,4.773800e-06,4.534542e-06,4.302572e-06,4.077790e-06,3.860083e-06,3.649334e-06,3.445411e-06,3.251490e-06,3.060705e-06,2.876277e-06,2.698022e-06,2.525737e-06,2.359203e-06,2.198178e-06,2.042396e-06,1.891568e-06,1.745378e-06,1.603477e-06,1.465487e-06,1.330995e-06,1.199553e-06,1.070674e-06,9.429068e-07,8.178336e-07,6.936552e-07,5.697311e-07,4.453845e-07,3.192074e-07,1.914747e-07,6.108297e-08,-7.275763e-08,-2.108539e-07,-3.540240e-07,-5.030922e-07,-6.588828e-07,-8.222145e-07,-9.938958e-07,-1.174720e-06,-1.365459e-06,-1.566863e-06,-1.779655e-06,-2.004529e-06,-2.242144e-06,-2.493130e-06,-2.758080e-06,-3.037552e-06,-3.332067e-06,-3.642112e-06,-3.968137e-06,-4.310558e-06,-4.669754e-06,-5.046074e-06,-5.439830e-06,-5.851305e-06,-6.280751e-06,-6.728392e-06,-7.194421e-06,-7.679006e-06,-8.182291e-06,-8.704392e-06,-9.245405e-06,-9.795899e-06,-1.037491e-05,-1.097300e-05,-1.159018e-05,-1.222644e-05,-1.288176e-05,-1.355610e-05,-1.424942e-05,-1.496163e-05,-1.569266e-05,-1.644241e-05,-1.721077e-05,-1.799762e-05,-1.880283e-05,-1.962627e-05,-2.046777e-05,-2.132718e-05,-2.220433e-05,-2.309904e-05,-2.401113e-05,-2.494041e-05,-2.588668e-05,-2.684973e-05,-2.782935e-05,-2.882534e-05,-2.983746e-05,-3.086551e-05,-3.190924e-05,-3.296843e-05,-3.404284e-05,-3.513224e-05,-3.623639e-05,-3.735505e-05,-3.848797e-05,-3.963490e-05,-4.079562e-05,-4.196985e-05,-4.315737e-05,-4.435792e-05,-4.557125e-05,-4.679712e-05,-4.803527e-05,-4.928547e-05,-5.054745e-05,-5.182099e-05,-5.310583e-05,-5.440173e-05,-5.570845e-05,-5.702575e-05,-5.835338e-05,-5.969111e-05,-6.103871e-05,-6.239594e-05,-6.376256e-05,-6.513836e-05,-6.652310e-05,-6.791655e-05,-6.931850e-05,-7.072873e-05,-7.214701e-05,-7.357313e-05,-7.500688e-05,-7.644804e-05,-7.789642e-05,-7.935181e-05,-8.081399e-05,-8.228279e-05,-8.375799e-05,-8.523941e-05,-8.672686e-05,-8.822014e-05,-8.971908e-05,-9.122348e-05,-9.273318e-05,-9.424799e-05,-9.576775e-05,-9.729227e-05,-9.882140e-05,-1.003550e-04,-1.018928e-04,-1.034348e-04,-1.049807e-04,-1.065304e-04,-1.080838e-04,-1.096407e-04,-1.112009e-04,-1.127644e-04,-1.143309e-04,-1.159004e-04,-1.174727e-04,-1.190476e-04
0.3700,5.879178e-05,5.783043e-05,5.687969e-05,5.593611e-05,5.499972e-05,5.407057e-05,5.314871e-05,5.223418e-05,5.132703e-05,5.042730e-05,4.953503e-05,4.865027e-05,4.777305e-05,4.690343e-05,4.604142e-05,4.518709e-05,4.434047e-05,4.350158e-05,4.267048e-05,4.184719e-05,4.103176e-05,4.022421e-05,3.942459e-05,3.863292e-05,3.784923e-05,3.707357e-05,3.630596e-05,3.554642e-05,3.479499e-05,3.405170e-05,3.331657e-05,3.258963e-05,3.187091e-05,3.116042e-05,3.045820e-05,2.976426e-05,2.907863e-05,2.840133e-05,2.773238e-05,2.707179e-05,2.641958e-05,2.577577e-05,2.514038e-05,2.451341e-05,2.389489e-05,2.328482e-05,2.268323e-05,2.209010e-05,2.150546e-05,2.092932e-05,2.036167e-05,1.980253e-05,1.925190e-05,1.870978e-05,1.817618e-05,1.765109e-05,1.713452e-05,1.662646e-05,1.612690e-05,1.563586e-05,1.515331e-05,1.467925e-05,1.421368e-05,1.375658e-05,1.330794e-05,1.286775e-05,1.243599e-05,1.201265e-05,1.159771e-05,1.119115e-05,1.079295e-05,1.040308e-05,1.002153e-05,9.648251e-06,9.283230e-06,8.926431e-06,8.577821e-06,8.237364e-06,7.905022e-06,7.580753e-06,7.264513e-06,6.956256e-06,6.655932e-06,6.363486e-06,6.078862e-06,5.801998e-06,5.532828e-06,5.271282e-06,5.017284e-06,4.770753e-06,4.531601e-06,4.299733e-06,4.075048e-06,3.857434e-06,3.646773e-06,3.442933e-06,3.249085e-06,3.058372e-06,2.874008e-06,2.695810e-06,2.523576e-06,2.357083e-06,2.196089e-06,2.040330e-06,1.889514e-06,1.743322e-06,1.601406e-06,1.463387e-06,1.328849e-06,1.197343e-06,1.068382e-06,9.405200e-07,8.153191e-07,6.909874e-07,5.668825e-07,4.423252e-07,3.158895e-07,1.878796e-07,5.717477e-08,-7.701647e-08,-2.155026e-07,-3.591036e-07,-5.086447e-07,-6.649516e-07,-8.288440e-07,-1.001131e-06,-1.182607e-06,-1.374044e-06,-1.576194e-06,-1.789778e-06,-2.015491e-06,-2.253994e-06,-2.505915e-06,-2.771848e-06,-3.052351e-06,-3.347946e-06,-3.659121e-06,-3.986326e-06,-4.329976e-06,-4.690454e-06,-5.068108e-06,-5.463251e-06,-5.876170e-06,-6.307116e-06,-6.756316e-06,-7.223965e-06,-7.710233e-06,-8.215267e-06,-8.739187e-06,-9.282089e-06,-9.834511e-06,-1.041556e-05,-1.101578e-05,-1.163517e-05,-1.227373e-05,-1.293145e-05,-1.360829e-05,-1.430421e-05,-1.501914e-05,-1.575299e-05,-1.650569e-05,-1.727713e-05,-1.806719e-05,-1.887575e-05,-1.970267e-05,-2.054781e-05,-2.141101e-05,-2.229212e-05,-2.319096e-05,-2.410734e-05,-2.504110e-05,-2.599203e-05,-2.695993e-05,-2.794461e-05,-2.894585e-05,-2.996344e-05,-3.099716e-05,-3.204679e-05,-3.311211e-05,-3.419288e-05,-3.528888e-05,-3.639987e-05,-3.752561e-05,-3.866586e-05,-3.982039e-05,-4.098895e-05,-4.217131e-05,-4.336721e-05,-4.457642e-05,-4.579869e-05,-4.703377e-05,-4.828142e-05,-4.954141e-05,-5.081347e-05,-5.209738e-05,-5.339288e-05,-5.469974e-05,-5.601772e-05,-5.734658e-05,-5.868608e-05,-6.003598e-05,-6.139606e-05,-6.276607e-05,-6.414579e-05,-6.553499e-05,-6.693345e-05,-6.834093e-05,-6.975722e-05,-7.118209e-05,-7.261533e-05,-7.405672e-05,-7.550605e-05,-7.696312e-05,-7.842770e-05,-7.989960e-05,-8.137861e-05,-8.286454e-05,-8.435718e-05,-8.585635e-05,-8.736184e-05,-8.887348e-05,-9.039107e-05,-9.191442e-05,-9.344337e-05,-9.497773e-05,-9.651733e-05,-9.806199e-05,-9.961154e-05,-1.011658e-04,-1.027247e-04,-1.042879e-04,-1.058554e-04,-1.074269e-04,-1.090024e-04,-1.105817e-04,-1.121646e-04,-1.137510e-04,-1.153407e-04,-1.169337e-04,-1.185297e-04,-1.201286e-04
0.3800,5.874251e-05,5.778259e-05,5.683323e-05,5.589098e-05,5.495589e-05,5.402802e-05,5.310739e-05,5.219407e-05,5.128808e-05,5.038949e-05,4.949833e-05,4.861464e-05,4.773847e-05,4.686986e-05,4.600885e-05,4.515548e-05,4.430979e-05,4.347181e-05,4.264159e-05,4.181916e-05,4.100455e-05,4.019781e-05,3.939897e-05,3.860806e-05,3.782512e-05,3.705017e-05,3.628325e-05,3.552439e-05,3.477362e-05,3.403097e-05,3.329646e-05,3.257012e-05,3.185197e-05,3.114205e-05,3.044038e-05,2.974697e-05,2.906186e-05,2.838505e-05,2.771658e-05,2.705646e-05,2.640471e-05,2.576135e-05,2.512638e-05,2.449984e-05,2.388172e-05,2.327205e-05,2.267083e-05,2.207808e-05,2.149380e-05,2.091800e-05,2.035069e-05,1.979188e-05,1.924157e-05,1.869976e-05,1.816646e-05,1.764167e-05,1.712538e-05,1.661759e-05,1.611831e-05,1.562753e-05,1.514523e-05,1.467142e-05,1.420609e-05,1.374923e-05,1.330081e-05,1.286085e-05,1.242930e-05,1.200617e-05,1.159144e-05,1.118508e-05,1.078707e-05,1.039739e-05,1.001601e-05,9.642917e-06,9.278069e-06,8.921440e-06,8.572995e-06,8.232698e-06,7.900512e-06,7.576395e-06,7.260303e-06,6.952189e-06,6.652005e-06,6.359694e-06,6.075202e-06,5.798465e-06,5.529419e-06,5.267993e-06,5.014111e-06,4.767691e-06,4.528646e-06,4.296882e-06,4.072295e-06,3.854775e-06,3.644202e-06,3.440445e-06,3.246673e-06,3.056030e-06,2.871732e-06,2.693592e-06,2.521407e-06,2.354956e-06,2.193995e-06,2.038258e-06,1.887453e-06,1.741260e-06,1.599330e-06,1.461281e-06,1.326698e-06,1.195128e-06,1.066083e-06,9.381270e-07,8.127982e-07,6.883131e-07,5.640271e-07,4.392591e-07,3.125647e-07,1.842775e-07,5.325989e-08,-8.128162e-08,-2.201571e-07,-3.641879e-07,-5.142008e-07,-6.710223e-07,-8.354734e-07,-1.008364e-06,-1.190488e-06,-1.382619e-06,-1.585509e-06,-1.799880e-06,-2.026426e-06,-2.265808e-06,-2.518655e-06,-2.785561e-06,-3.067084e-06,-3.363747e-06,-3.676036e-06,-4.004404e-06,-4.349266e-06,-4.711004e-06,-5.089968e-06,-5.486474e-06,-5.900807e-06,-6.333222e-06,-6.783946e-06,-7.253176e-06,-7.741086e-06,-8.247823e-06,-8.773510e-06,-9.318247e-06,-9.872538e-06,-1.045557e-05,-1.105783e-05,-1.167936e-05,-1.232014e-05,-1.298017e-05,-1.365941e-05,-1.435782e-05,-1.507534e-05,-1.581190e-05,-1.656742e-05,-1.734179e-05,-1.813490e-05,-1.894664e-05,-1.977688e-05,-2.062547e-05,-2.149227e-05,-2.237712e-05,-2.327986e-05,-2.420031e-05,-2.513829e-05,-2.609362e-05,-2.706610e-05,-2.805554e-05,-2.906173e-05,-3.008446e-05,-3.112353e-05,-3.217871e-05,-3.324978e-05,-3.433653e-05,-3.543872e-05,-3.655613e-05,-3.768852e-05,-3.883566e-05,-3.999732e-05,-4.117326e-05,-4.236323e-05,-4.356700e-05,-4.478434e-05,-4.601499e-05,-4.725873e-05,-4.851530e-05,-4.978447e-05,-5.106600e-05,-5.235965e-05,-5.366517e-05,-5.498233e-05,-5.631089e-05,-5.765062e-05,-5.900128e-05,-6.036263e-05,-6.173444e-05,-6.311649e-05,-6.450854e-05,-6.591036e-05,-6.732174e-05,-6.874244e-05,-7.017224e-05,-7.161092e-05,-7.305828e-05,-7.451408e-05,-7.597813e-05,-7.745020e-05,-7.893010e-05,-8.041761e-05,-8.191253e-05,-8.341466e-05,-8.492380e-05,-8.643977e-05,-8.796235e-05,-8.949138e-05,-9.102665e-05,-9.256798e-05,-9.411519e-05,-9.566810e-05,-9.722653e-05,-9.879031e-05,-1.003593e-04,-1.019332e-04,-1.035120e-04,-1.050955e-04,-1.066835e-04,-1.082759e-04,-1.098724e-04,-1.114731e-04,-1.130776e-04,-1.146858e-04,-1.162977e-04,-1.179130e-04,-1.195316e-04,-1.211535e-04
0.3900,5.869179e-05,5.773335e-05,5.678542e-05,5.584456e-05,5.491082e-05,5.398426e-05,5.306492e-05,5.215283e-05,5.124806e-05,5.035065e-05,4.946063e-05,4.857806e-05,4.770297e-05,4.683542e-05,4.597543e-05,4.512305e-05,4.427832e-05,4.344129e-05,4.261197e-05,4.179043e-05,4.097669e-05,4.017078e-05,3.937275e-05,3.858263e-05,3.780045e-05,3.702624e-05,3.626004e-05,3.550188e-05,3.475178e-05,3.400979e-05,3.327591e-05,3.255019e-05,3.183265e-05,3.112331e-05,3.042220e-05,2.972934e-05,2.904476e-05,2.836847e-05,2.770050e-05,2.704086e-05,2.638958e-05,2.574667e-05,2.511215e-05,2.448603e-05,2.386833e-05,2.325906e-05,2.265824e-05,2.206586e-05,2.148195e-05,2.090652e-05,2.033956e-05,1.978108e-05,1.923110e-05,1.868961e-05,1.815662e-05,1.763212e-05,1.711612e-05,1.660862e-05,1.610961e-05,1.561910e-05,1.513706e-05,1.466351e-05,1.419842e-05,1.374179e-05,1.329361e-05,1.285387e-05,1.242255e-05,1.199963e-05,1.158510e-05,1.117894e-05,1.078113e-05,1.039164e-05,1.001045e-05,9.637539e-06,9.272869e-06,8.916411e-06,8.568133e-06,8.227999e-06,7.895971e-06,7.572007e-06,7.256065e-06,6.948097e-06,6.648054e-06,6.355881e-06,6.071521e-06,5.794914e-06,5.525993e-06,5.264688e-06,5.010922e-06,4.764615e-06,4.525679e-06,4.294018e-06,4.069530e-06,3.852104e-06,3.641621e-06,3.437948e-06,3.244251e-06,3.053681e-06,2.869448e-06,2.691366e-06,2.519231e-06,2.352822e-06,2.191894e-06,2.036180e-06,1.885386e-06,1.739193e-06,1.597248e-06,1.459170e-06,1.324540e-06,1.192907e-06,1.063778e-06,9.357274e-07,8.102706e-07,6.856318e-07,5.611646e-07,4.361856e-07,3.092324e-07,1.806679e-07,4.933751e-08,-8.555403e-08,-2.248184e-07,-3.692784e-07,-5.197619e-07,-6.770967e-07,-8.421045e-07,-1.015596e-06,-1.198365e-06,-1.391188e-06,-1.594813e-06,-1.809965e-06,-2.037338e-06,-2.277593e-06,-2.531358e-06,-2.799228e-06,-3.081760e-06,-3.379478e-06,-3.692869e-06,-4.022384e-06,-4.368440e-06,-4.731420e-06,-5.111674e-06,-5.509519e-06,-5.925240e-06,-6.359095e-06,-6.811311e-06,-7.282088e-06,-7.771601e-06,-8.279999e-06,-8.807407e-06,-9.353929e-06,-9.910037e-06,-1.049498e-05,-1.109924e-05,-1.172282e-05,-1.236575e-05,-1.302800e-05,-1.370955e-05,-1.441036e-05,-1.513038e-05,-1.586953e-05,-1.662774e-05,-1.740491e-05,-1.820094e-05,-1.901572e-05,-1.984911e-05,-2.070099e-05,-2.157121e-05,-2.245961e-05,-2.336605e-05,-2.429035e-05,-2.523233e-05,-2.619182e-05,-2.716863e-05,-2.816256e-05,-2.917342e-05,-3.020101e-05,-3.124511e-05,-3.230552e-05,-3.338202e-05,-3.447439e-05,-3.558242e-05,-3.670587e-05,-3.784452e-05,-3.899814e-05,-4.016650e-05,-4.134936e-05,-4.254650e-05,-4.375767e-05,-4.498265e-05,-4.622119e-05,-4.747306e-05,-4.873801e-05,-5.001582e-05,-5.130625e-05,-5.260905e-05,-5.392399e-05,-5.525084e-05,-5.658936e-05,-5.793932e-05,-5.930048e-05,-6.067261e-05,-6.205548e-05,-6.344886e-05,-6.485252e-05,-6.626624e-05,-6.768979e-05,-6.912295e-05,-7.056550e-05,-7.201722e-05,-7.347790e-05,-7.494731e-05,-7.642525e-05,-7.791151e-05,-7.940587e-05,-8.090814e-05,-8.241810e-05,-8.393557e-05,-8.546033e-05,-8.699220e-05,-8.853098e-05,-9.007647e-05,-9.162850e-05,-9.318687e-05,-9.475141e-05,-9.632192e-05,-9.789824e-05,-9.948018e-05,-1.010676e-04,-1.026603e-04,-1.042580e-04,-1.058608e-04,-1.074683e-04,-1.090805e-04,-1.106971e-04,-1.123180e-04,-1.139431e-04,-1.155722e-04,-1.172052e-04,-1.188418e-04,-1.204821e-04,-1.221258e-04
0.4000,5.863956e-05,5.768266e-05,5.673620e-05,5.579678e-05,5.486444e-05,5.393924e-05,5.302122e-05,5.211043e-05,5.120691e-05,5.031072e-05,4.942189e-05,4.854047e-05,4.766651e-05,4.680004e-05,4.594111e-05,4.508976e-05,4.424604e-05,4.340997e-05,4.258160e-05,4.176097e-05,4.094812e-05,4.014308e-05,3.934589e-05,3.855658e-05,3.777519e-05,3.700175e-05,3.623629e-05,3.547885e-05,3.472946e-05,3.398814e-05,3.325492e-05,3.252984e-05,3.181291e-05,3.110418e-05,3.040365e-05,2.971135e-05,2.902732e-05,2.835156e-05,2.768410e-05,2.702497e-05,2.637417e-05,2.573173e-05,2.509766e-05,2.447199e-05,2.385472e-05,2.324586e-05,2.264544e-05,2.205346e-05,2.146992e-05,2.089485e-05,2.032825e-05,1.977012e-05,1.922048e-05,1.867931e-05,1.814664e-05,1.762245e-05,1.710675e-05,1.659954e-05,1.610081e-05,1.561056e-05,1.512880e-05,1.465550e-05,1.419066e-05,1.373428e-05,1.328633e-05,1.284682e-05,1.241572e-05,1.199302e-05,1.157871e-05,1.117275e-05,1.077514e-05,1.038585e-05,1.000485e-05,9.632118e-06,9.267626e-06,8.911343e-06,8.563234e-06,8.223265e-06,7.891397e-06,7.567590e-06,7.251799e-06,6.943979e-06,6.644078e-06,6.352044e-06,6.067820e-06,5.791343e-06,5.522548e-06,5.261365e-06,5.007718e-06,4.761524e-06,4.522697e-06,4.291141e-06,4.066753e-06,3.849423e-06,3.639029e-06,3.435441e-06,3.241820e-06,3.051322e-06,2.867155e-06,2.689132e-06,2.517048e-06,2.350682e-06,2.189787e-06,2.034095e-06,1.883313e-06,1.737119e-06,1.595160e-06,1.457052e-06,1.322377e-06,1.190679e-06,1.061466e-06,9.333210e-07,8.077358e-07,6.829431e-07,5.582943e-07,4.331042e-07,3.058919e-07,1.770501e-07,4.540689e-08,-8.983454e-08,-2.294875e-07,-3.743760e-07,-5.253294e-07,-6.831763e-07,-8.487392e-07,-1.022829e-06,-1.206242e-06,-1.399751e-06,-1.604109e-06,-1.820038e-06,-2.048232e-06,-2.289353e-06,-2.544029e-06,-2.812854e-06,-3.096386e-06,-3.395149e-06,-3.709628e-06,-4.040277e-06,-4.387512e-06,-4.751716e-06,-5.133241e-06,-5.532402e-06,-5.949489e-06,-6.384757e-06,-6.838437e-06,-7.310729e-06,-7.801810e-06,-8.311831e-06,-8.840919e-06,-9.389180e-06,-9.947057e-06,-1.053387e-05,-1.114005e-05,-1.176564e-05,-1.241063e-05,-1.307503e-05,-1.375881e-05,-1.446194e-05,-1.518435e-05,-1.592600e-05,-1.668680e-05,-1.746665e-05,-1.826548e-05,-1.908315e-05,-1.991956e-05,-2.077457e-05,-2.164804e-05,-2.253983e-05,-2.344978e-05,-2.437774e-05,-2.532352e-05,-2.628695e-05,-2.726786e-05,-2.826605e-05,-2.928133e-05,-3.031350e-05,-3.136236e-05,-3.242771e-05,-3.350933e-05,-3.460702e-05,-3.572054e-05,-3.684969e-05,-3.799423e-05,-3.915396e-05,-4.032863e-05,-4.151802e-05,-4.272190e-05,-4.394004e-05,-4.517221e-05,-4.641818e-05,-4.767770e-05,-4.895055e-05,-5.023649e-05,-5.153529e-05,-5.284672e-05,-5.417053e-05,-5.550650e-05,-5.685440e-05,-5.821399e-05,-5.958504e-05,-6.096733e-05,-6.236061e-05,-6.376468e-05,-6.517929e-05,-6.660423e-05,-6.803927e-05,-6.948419e-05,-7.093877e-05,-7.240280e-05,-7.387605e-05,-7.535832e-05,-7.684939e-05,-7.834905e-05,-7.985709e-05,-8.137332e-05,-8.289752e-05,-8.442949e-05,-8.596904e-05,-8.751597e-05,-8.907009e-05,-9.063120e-05,-9.219912e-05,-9.377365e-05,-9.535462e-05,-9.694184e-05,-9.853513e-05,-1.001343e-04,-1.017392e-04,-1.033497e-04,-1.049655e-04,-1.065866e-04,-1.082127e-04,-1.098437e-04,-1.114794e-04,-1.131197e-04,-1.147644e-04,-1.164134e-04,-1.180665e-04,-1.197235e-04,-1.213844e-04,-1.230490e-04
0.4100,5.858572e-05,5.763042e-05,5.668549e-05,5.574756e-05,5.481667e-05,5.389289e-05,5.297624e-05,5.206679e-05,5.116458e-05,5.026965e-05,4.938205e-05,4.850183e-05,4.762902e-05,4.676369e-05,4.590586e-05,4.505557e-05,4.421289e-05,4.337783e-05,4.255044e-05,4.173076e-05,4.091882e-05,4.011468e-05,3.931835e-05,3.852989e-05,3.774931e-05,3.697666e-05,3.621198e-05,3.545528e-05,3.470661e-05,3.396599e-05,3.323346e-05,3.250903e-05,3.179275e-05,3.108463e-05,3.038470e-05,2.969299e-05,2.900952e-05,2.833431e-05,2.766739e-05,2.700876e-05,2.635847e-05,2.571651e-05,2.508291e-05,2.445769e-05,2.384086e-05,2.323243e-05,2.263242e-05,2.204084e-05,2.145770e-05,2.088301e-05,2.031677e-05,1.975900e-05,1.920969e-05,1.866886e-05,1.813651e-05,1.761264e-05,1.709724e-05,1.659033e-05,1.609189e-05,1.560192e-05,1.512043e-05,1.464739e-05,1.418281e-05,1.372668e-05,1.327898e-05,1.283970e-05,1.240883e-05,1.198635e-05,1.157225e-05,1.116650e-05,1.076909e-05,1.038000e-05,9.999193e-06,9.626649e-06,9.262340e-06,8.906233e-06,8.558297e-06,8.218495e-06,7.886790e-06,7.563141e-06,7.247504e-06,6.939833e-06,6.640077e-06,6.348184e-06,6.064095e-06,5.787751e-06,5.519084e-06,5.258024e-06,5.004496e-06,4.758418e-06,4.519701e-06,4.288250e-06,4.063964e-06,3.846729e-06,3.636427e-06,3.432924e-06,3.239379e-06,3.048955e-06,2.864854e-06,2.686890e-06,2.514858e-06,2.348534e-06,2.187672e-06,2.032004e-06,1.881234e-06,1.735038e-06,1.593065e-06,1.454928e-06,1.320206e-06,1.188444e-06,1.059147e-06,9.309075e-07,8.051936e-07,6.802466e-07,5.554160e-07,4.300143e-07,3.025429e-07,1.734234e-07,4.146735e-08,-9.412392e-08,-2.341652e-07,-3.794819e-07,-5.309044e-07,-6.892623e-07,-8.553789e-07,-1.030066e-06,-1.214119e-06,-1.408313e-06,-1.613399e-06,-1.830101e-06,-2.059111e-06,-2.301093e-06,-2.556673e-06,-2.826445e-06,-3.110968e-06,-3.410765e-06,-3.726322e-06,-4.058092e-06,-4.406491e-06,-4.771905e-06,-5.154681e-06,-5.555141e-06,-5.973571e-06,-6.410229e-06,-6.865346e-06,-7.339125e-06,-7.831742e-06,-8.343351e-06,-8.874081e-06,-9.424040e-06,-9.983643e-06,-1.057227e-05,-1.118033e-05,-1.180786e-05,-1.245486e-05,-1.312134e-05,-1.380728e-05,-1.451264e-05,-1.523737e-05,-1.598141e-05,-1.674470e-05,-1.752714e-05,-1.832864e-05,-1.914909e-05,-1.998838e-05,-2.084639e-05,-2.172297e-05,-2.261799e-05,-2.353129e-05,-2.446272e-05,-2.541212e-05,-2.637930e-05,-2.736410e-05,-2.836633e-05,-2.938580e-05,-3.042232e-05,-3.147569e-05,-3.254571e-05,-3.363218e-05,-3.473488e-05,-3.585360e-05,-3.698813e-05,-3.813824e-05,-3.930372e-05,-4.048435e-05,-4.167990e-05,-4.289015e-05,-4.411486e-05,-4.535381e-05,-4.660677e-05,-4.787351e-05,-4.915380e-05,-5.044741e-05,-5.175411e-05,-5.307366e-05,-5.440584e-05,-5.575041e-05,-5.710715e-05,-5.847582e-05,-5.985620e-05,-6.124806e-05,-6.265118e-05,-6.406532e-05,-6.549026e-05,-6.692579e-05,-6.837167e-05,-6.982770e-05,-7.129364e-05,-7.276929e-05,-7.425443e-05,-7.574885e-05,-7.725233e-05,-7.876467e-05,-8.028565e-05,-8.181509e-05,-8.335276e-05,-8.489847e-05,-8.645203e-05,-8.801323e-05,-8.958188e-05,-9.115779e-05,-9.274077e-05,-9.433064e-05,-9.592720e-05,-9.753028e-05,-9.913970e-05,-1.007553e-04,-1.023768e-04,-1.040042e-04,-1.056372e-04,-1.072757e-04,-1.089195e-04,-1.105684e-04,-1.122223e-04,-1.138810e-04,-1.155444e-04,-1.172123e-04,-1.188846e-04,-1.205611e-04,-1.222416e-04,-1.239261e-04
0.4200,5.853020e-05,5.757655e-05,5.663321e-05,5.569683e-05,5.476745e-05,5.384513e-05,5.292991e-05,5.202185e-05,5.112098e-05,5.022737e-05,4.934104e-05,4.846206e-05,4.759047e-05,4.672630e-05,4.586961e-05,4.502043e-05,4.417882e-05,4.334480e-05,4.251842e-05,4.169973e-05,4.088875e-05,4.008553e-05,3.929011e-05,3.850251e-05,3.772278e-05,3.695096e-05,3.618707e-05,3.543114e-05,3.468322e-05,3.394333e-05,3.321149e-05,3.248775e-05,3.177213e-05,3.106465e-05,3.036535e-05,2.967424e-05,2.899135e-05,2.831671e-05,2.765033e-05,2.699224e-05,2.634245e-05,2.570099e-05,2.506788e-05,2.444313e-05,2.382675e-05,2.321876e-05,2.261918e-05,2.202801e-05,2.144527e-05,2.087096e-05,2.030510e-05,1.974770e-05,1.919875e-05,1.865826e-05,1.812624e-05,1.760269e-05,1.708761e-05,1.658100e-05,1.608285e-05,1.559317e-05,1.511195e-05,1.463919e-05,1.417487e-05,1.371899e-05,1.327153e-05,1.283249e-05,1.240186e-05,1.197960e-05,1.156572e-05,1.116019e-05,1.076299e-05,1.037410e-05,9.993485e-06,9.621132e-06,9.257008e-06,8.901081e-06,8.553320e-06,8.213688e-06,7.882148e-06,7.558659e-06,7.243178e-06,6.935658e-06,6.636049e-06,6.344298e-06,6.060348e-06,5.784137e-06,5.515599e-06,5.254665e-06,5.001257e-06,4.755295e-06,4.516689e-06,4.285346e-06,4.061161e-06,3.844024e-06,3.633813e-06,3.430396e-06,3.236929e-06,3.046578e-06,2.862544e-06,2.684640e-06,2.512660e-06,2.346379e-06,2.185551e-06,2.029906e-06,1.879147e-06,1.732951e-06,1.590964e-06,1.452797e-06,1.318029e-06,1.186203e-06,1.056821e-06,9.284864e-07,8.026436e-07,6.775421e-07,5.525292e-07,4.269157e-07,2.991847e-07,1.697874e-07,3.751830e-08,-9.842287e-08,-2.388523e-07,-3.845969e-07,-5.364879e-07,-6.953560e-07,-8.620251e-07,-1.037308e-06,-1.221999e-06,-1.416875e-06,-1.622687e-06,-1.840157e-06,-2.069979e-06,-2.312816e-06,-2.569294e-06,-2.840006e-06,-3.125512e-06,-3.426334e-06,-3.742958e-06,-4.075837e-06,-4.425389e-06,-4.791996e-06,-5.176009e-06,-5.577748e-06,-5.997502e-06,-6.435528e-06,-6.892059e-06,-7.367297e-06,-7.861422e-06,-8.374588e-06,-8.906926e-06,-9.458544e-06,-1.001983e-05,-1.061023e-05,-1.122012e-05,-1.184953e-05,-1.249849e-05,-1.316699e-05,-1.385502e-05,-1.456254e-05,-1.528951e-05,-1.603587e-05,-1.680155e-05,-1.758648e-05,-1.839055e-05,-1.921368e-05,-2.005574e-05,-2.091661e-05,-2.179617e-05,-2.269427e-05,-2.361078e-05,-2.454553e-05,-2.549837e-05,-2.646912e-05,-2.745762e-05,-2.846369e-05,-2.948715e-05,-3.052779e-05,-3.158544e-05,-3.265989e-05,-3.375095e-05,-3.485840e-05,-3.598204e-05,-3.712166e-05,-3.827705e-05,-3.944798e-05,-4.063424e-05,-4.183561e-05,-4.305186e-05,-4.428278e-05,-4.552814e-05,-4.678771e-05,-4.806126e-05,-4.934857e-05,-5.064942e-05,-5.196357e-05,-5.329079e-05,-5.463086e-05,-5.598355e-05,-5.734863e-05,-5.872588e-05,-6.011507e-05,-6.151597e-05,-6.292836e-05,-6.435202e-05,-6.578673e-05,-6.723225e-05,-6.868838e-05,-7.015490e-05,-7.163159e-05,-7.311822e-05,-7.461460e-05,-7.612051e-05,-7.763573e-05,-7.916006e-05,-8.069330e-05,-8.223523e-05,-8.378566e-05,-8.534438e-05,-8.691121e-05,-8.848593e-05,-9.006836e-05,-9.165831e-05,-9.325558e-05,-9.486000e-05,-9.647136e-05,-9.808950e-05,-9.971422e-05,-1.013454e-04,-1.029827e-04,-1.046262e-04,-1.062755e-04,-1.079305e-04,-1.095911e-04,-1.112571e-04,-1.129284e-04,-1.146047e-04,-1.162859e-04,-1.179718e-04,-1.196624e-04,-1.213574e-04,-1.230567e-04,-1.247602e-04
0.4300,5.847291e-05,5.752097e-05,5.657928e-05,5.564451e-05,5.471669e-05,5.379589e-05,5.288215e-05,5.197553e-05,5.107607e-05,5.018381e-05,4.929881e-05,4.842112e-05,4.755078e-05,4.668783e-05,4.583232e-05,4.498429e-05,4.414379e-05,4.331085e-05,4.248553e-05,4.166785e-05,4.085786e-05,4.005560e-05,3.926111e-05,3.847442e-05,3.769557e-05,3.692459e-05,3.616152e-05,3.540640e-05,3.465925e-05,3.392011e-05,3.318901e-05,3.246597e-05,3.175103e-05,3.104422e-05,3.034555e-05,2.965507e-05,2.897278e-05,2.829872e-05,2.763291e-05,2.697537e-05,2.632611e-05,2.568517e-05,2.505255e-05,2.442828e-05,2.381237e-05,2.320484e-05,2.260569e-05,2.201495e-05,2.143262e-05,2.085872e-05,2.029324e-05,1.973621e-05,1.918762e-05,1.864749e-05,1.811581e-05,1.759259e-05,1.707783e-05,1.657153e-05,1.607369e-05,1.558430e-05,1.510337e-05,1.463088e-05,1.416682e-05,1.371120e-05,1.326400e-05,1.282521e-05,1.239481e-05,1.197278e-05,1.155913e-05,1.115381e-05,1.075682e-05,1.036813e-05,9.987723e-06,9.615564e-06,9.251628e-06,8.895884e-06,8.548300e-06,8.208841e-06,7.877469e-06,7.554143e-06,7.238819e-06,6.931453e-06,6.631993e-06,6.340386e-06,6.056576e-06,5.780500e-06,5.512093e-06,5.251285e-06,4.998000e-06,4.752154e-06,4.513662e-06,4.282426e-06,4.058345e-06,3.841305e-06,3.631187e-06,3.427857e-06,3.234468e-06,3.044192e-06,2.860225e-06,2.682381e-06,2.510453e-06,2.344216e-06,2.183422e-06,2.027800e-06,1.877054e-06,1.730857e-06,1.588855e-06,1.450659e-06,1.315845e-06,1.183954e-06,1.054487e-06,9.260577e-07,8.000856e-07,6.748291e-07,5.496336e-07,4.233659e-07,2.958170e-07,1.661416e-07,3.355918e-08,-1.027320e-07,-2.435496e-07,-3.897218e-07,-5.420809e-07,-7.014585e-07,-8.686790e-07,-1.044555e-06,-1.229884e-06,-1.425439e-06,-1.631973e-06,-1.850209e-06,-2.080839e-06,-2.324525e-06,-2.581895e-06,-2.853542e-06,-3.140023e-06,-3.441862e-06,-3.759544e-06,-4.093521e-06,-4.444212e-06,-4.812000e-06,-5.197235e-06,-5.600238e-06,-6.021296e-06,-6.460671e-06,-6.918592e-06,-7.395267e-06,-7.890873e-06,-8.405566e-06,-8.939480e-06,-9.492723e-06,-1.005566e-05,-1.064779e-05,-1.125946e-05,-1.189072e-05,-1.254158e-05,-1.321204e-05,-1.390209e-05,-1.461171e-05,-1.534084e-05,-1.608945e-05,-1.685745e-05,-1.764477e-05,-1.845133e-05,-1.927703e-05,-2.012175e-05,-2.098538e-05,-2.186779e-05,-2.276885e-05,-2.368842e-05,-2.462635e-05,-2.558247e-05,-2.655664e-05,-2.754867e-05,-2.855840e-05,-2.958565e-05,-3.063022e-05,-3.169193e-05,-3.277060e-05,-3.386601e-05,-3.497798e-05,-3.610628e-05,-3.725073e-05,-3.841111e-05,-3.958720e-05,-4.077879e-05,-4.198567e-05,-4.320761e-05,-4.444440e-05,-4.569582e-05,-4.696163e-05,-4.824163e-05,-4.953558e-05,-5.084327e-05,-5.216446e-05,-5.349893e-05,-5.484646e-05,-5.620682e-05,-5.757979e-05,-5.896514e-05,-6.036265e-05,-6.177210e-05,-6.319326e-05,-6.462592e-05,-6.606984e-05,-6.752483e-05,-6.899065e-05,-7.046708e-05,-7.195393e-05,-7.345096e-05,-7.495797e-05,-7.647475e-05,-7.800108e-05,-7.953677e-05,-8.108161e-05,-8.263538e-05,-8.419790e-05,-8.576895e-05,-8.734835e-05,-8.893590e-05,-9.053140e-05,-9.213466e-05,-9.374549e-05,-9.536371e-05,-9.698913e-05,-9.862156e-05,-1.002608e-04,-1.019068e-04,-1.035592e-04,-1.052179e-04,-1.068827e-04,-1.085535e-04,-1.102302e-04,-1.119124e-04,-1.136001e-04,-1.152931e-04,-1.169913e-04,-1.186945e-04,-1.204025e-04,-1.221152e-04,-1.238324e-04,-1.255540e-04
0.4400,5.841374e-05,5.746359e-05,5.652361e-05,5.559050e-05,5.466431e-05,5.374509e-05,5.283289e-05,5.192776e-05,5.102975e-05,5.013891e-05,4.925529e-05,4.837893e-05,4.750989e-05,4.664820e-05,4.579392e-05,4.494708e-05,4.410774e-05,4.327593e-05,4.245169e-05,4.163507e-05,4.082611e-05,4.002485e-05,3.923132e-05,3.844557e-05,3.766762e-05,3.689753e-05,3.613532e-05,3.538102e-05,3.463468e-05,3.389631e-05,3.316596e-05,3.244366e-05,3.172943e-05,3.102330e-05,3.032530e-05,2.963546e-05,2.895379e-05,2.828034e-05,2.761511e-05,2.695813e-05,2.630943e-05,2.566902e-05,2.503692e-05,2.441314e-05,2.379771e-05,2.319065e-05,2.259195e-05,2.200165e-05,2.141974e-05,2.084625e-05,2.028118e-05,1.972453e-05,1.917632e-05,1.863654e-05,1.810522e-05,1.758234e-05,1.706791e-05,1.656192e-05,1.606439e-05,1.557530e-05,1.509466e-05,1.462245e-05,1.415868e-05,1.370332e-05,1.325637e-05,1.281783e-05,1.238767e-05,1.196589e-05,1.155246e-05,1.114737e-05,1.075059e-05,1.036211e-05,9.981904e-06,9.609942e-06,9.246197e-06,8.890640e-06,8.543237e-06,8.203953e-06,7.872751e-06,7.549590e-06,7.234427e-06,6.927216e-06,6.627907e-06,6.336447e-06,6.052778e-06,5.776839e-06,5.508565e-06,5.247885e-06,4.994723e-06,4.748997e-06,4.510618e-06,4.279492e-06,4.055514e-06,3.838574e-06,3.628549e-06,3.425307e-06,3.231996e-06,3.041795e-06,2.857897e-06,2.680113e-06,2.508238e-06,2.342044e-06,2.181285e-06,2.025687e-06,1.874953e-06,1.728756e-06,1.586739e-06,1.448514e-06,1.313653e-06,1.181697e-06,1.052146e-06,9.236209e-07,7.975192e-07,6.721074e-07,5.467289e-07,4.202334e-07,2.924394e-07,1.624855e-07,2.958951e-08,-1.070519e-07,-2.482578e-07,-3.948574e-07,-5.476843e-07,-7.075707e-07,-8.753418e-07,-1.051811e-06,-1.237774e-06,-1.434007e-06,-1.641261e-06,-1.860258e-06,-2.091693e-06,-2.336224e-06,-2.594481e-06,-2.867056e-06,-3.154506e-06,-3.457353e-06,-3.776084e-06,-4.111150e-06,-4.462969e-06,-4.831925e-06,-5.218368e-06,-5.622619e-06,-6.044966e-06,-6.485670e-06,-6.944963e-06,-7.423051e-06,-7.920114e-06,-8.436308e-06,-8.971768e-06,-9.526605e-06,-1.009116e-05,-1.068498e-05,-1.129839e-05,-1.193145e-05,-1.258416e-05,-1.325654e-05,-1.394856e-05,-1.466022e-05,-1.539145e-05,-1.614223e-05,-1.691247e-05,-1.770211e-05,-1.851107e-05,-1.933924e-05,-2.018653e-05,-2.105281e-05,-2.193797e-05,-2.284187e-05,-2.376438e-05,-2.470535e-05,-2.566462e-05,-2.664205e-05,-2.763746e-05,-2.865068e-05,-2.968154e-05,-3.072986e-05,-3.179545e-05,-3.287812e-05,-3.397768e-05,-3.509394e-05,-3.622668e-05,-3.737571e-05,-3.854083e-05,-3.972182e-05,-4.091847e-05,-4.213057e-05,-4.335790e-05,-4.460025e-05,-4.585741e-05,-4.712914e-05,-4.841524e-05,-4.971548e-05,-5.102963e-05,-5.235749e-05,-5.369882e-05,-5.505341e-05,-5.642103e-05,-5.780146e-05,-5.919447e-05,-6.059986e-05,-6.201739e-05,-6.344685e-05,-6.488802e-05,-6.634067e-05,-6.780461e-05,-6.927959e-05,-7.076542e-05,-7.226188e-05,-7.376875e-05,-7.528583e-05,-7.681291e-05,-7.834977e-05,-7.989622e-05,-8.145204e-05,-8.301704e-05,-8.459101e-05,-8.617376e-05,-8.776509e-05,-8.936480e-05,-9.097269e-05,-9.258859e-05,-9.421230e-05,-9.584362e-05,-9.748239e-05,-9.912840e-05,-1.007815e-04,-1.024415e-04,-1.041082e-04,-1.057814e-04,-1.074610e-04,-1.091469e-04,-1.108387e-04,-1.125364e-04,-1.142398e-04,-1.159488e-04,-1.176631e-04,-1.193827e-04,-1.211073e-04,-1.228369e-04,-1.245712e-04,-1.263102e-04
0.4500,5.835260e-05,5.740430e-05,5.646610e-05,5.553472e-05,5.461022e-05,5.369264e-05,5.278204e-05,5.187846e-05,5.098197e-05,5.009260e-05,4.921040e-05,4.833544e-05,4.746774e-05,4.660736e-05,4.575435e-05,4.490875e-05,4.407061e-05,4.323997e-05,4.241686e-05,4.160134e-05,4.079345e-05,3.999322e-05,3.920069e-05,3.841591e-05,3.763892e-05,3.686974e-05,3.610841e-05,3.535497e-05,3.460946e-05,3.387190e-05,3.314234e-05,3.242079e-05,3.170729e-05,3.100187e-05,3.030456e-05,2.961538e-05,2.893437e-05,2.826153e-05,2.759691e-05,2.694052e-05,2.629238e-05,2.565252e-05,2.502095e-05,2.439769e-05,2.378276e-05,2.317617e-05,2.257795e-05,2.198810e-05,2.140663e-05,2.083356e-05,2.026889e-05,1.971264e-05,1.916481e-05,1.862541e-05,1.809445e-05,1.757192e-05,1.705782e-05,1.655217e-05,1.605496e-05,1.556618e-05,1.508583e-05,1.461391e-05,1.415042e-05,1.369533e-05,1.324865e-05,1.281036e-05,1.238045e-05,1.195891e-05,1.154571e-05,1.114085e-05,1.074429e-05,1.035603e-05,9.976025e-06,9.604264e-06,9.240714e-06,8.885346e-06,8.538127e-06,8.199021e-06,7.867992e-06,7.545000e-06,7.230000e-06,6.922947e-06,6.623791e-06,6.332479e-06,6.048954e-06,5.773154e-06,5.505014e-06,5.244464e-06,4.991426e-06,4.745820e-06,4.507557e-06,4.276541e-06,4.052668e-06,3.835828e-06,3.625897e-06,3.422745e-06,3.229513e-06,3.039388e-06,2.855559e-06,2.677836e-06,2.506014e-06,2.339865e-06,2.179140e-06,2.023566e-06,1.872844e-06,1.726647e-06,1.584616e-06,1.446361e-06,1.311454e-06,1.179433e-06,1.049797e-06,9.211759e-07,7.949443e-07,6.693767e-07,5.438148e-07,4.170910e-07,2.890514e-07,1.588187e-07,2.560881e-08,-1.113830e-07,-2.529772e-07,-4.000043e-07,-5.532988e-07,-7.136935e-07,-8.820144e-07,-1.059075e-06,-1.245672e-06,-1.442580e-06,-1.650551e-06,-1.870308e-06,-2.102543e-06,-2.347916e-06,-2.607055e-06,-2.880552e-06,-3.168964e-06,-3.472813e-06,-3.792584e-06,-4.128730e-06,-4.481667e-06,-4.851780e-06,-5.239419e-06,-5.644903e-06,-6.068524e-06,-6.510540e-06,-6.971185e-06,-7.450666e-06,-7.949163e-06,-8.466834e-06,-9.003813e-06,-9.560215e-06,-1.012636e-05,-1.072183e-05,-1.133695e-05,-1.197177e-05,-1.262629e-05,-1.330053e-05,-1.399448e-05,-1.470811e-05,-1.544139e-05,-1.619427e-05,-1.696669e-05,-1.775858e-05,-1.856986e-05,-1.940043e-05,-2.025018e-05,-2.111902e-05,-2.200683e-05,-2.291346e-05,-2.383880e-05,-2.478269e-05,-2.574498e-05,-2.672554e-05,-2.772418e-05,-2.874074e-05,-2.977506e-05,-3.082696e-05,-3.189624e-05,-3.298274e-05,-3.408625e-05,-3.520659e-05,-3.634356e-05,-3.749695e-05,-3.866657e-05,-3.985222e-05,-4.105367e-05,-4.227073e-05,-4.350319e-05,-4.475082e-05,-4.601342e-05,-4.729076e-05,-4.858264e-05,-4.988884e-05,-5.120913e-05,-5.254331e-05,-5.389114e-05,-5.525241e-05,-5.662690e-05,-5.801440e-05,-5.941468e-05,-6.082752e-05,-6.225271e-05,-6.369003e-05,-6.513926e-05,-6.660018e-05,-6.807259e-05,-6.955626e-05,-7.105099e-05,-7.255655e-05,-7.407275e-05,-7.559937e-05,-7.713621e-05,-7.868305e-05,-8.023969e-05,-8.180594e-05,-8.338158e-05,-8.496642e-05,-8.656026e-05,-8.816290e-05,-8.977415e-05,-9.139382e-05,-9.302171e-05,-9.465764e-05,-9.630142e-05,-9.795287e-05,-9.961179e-05,-1.012780e-04,-1.029514e-04,-1.046317e-04,-1.063187e-04,-1.080124e-04,-1.097125e-04,-1.114188e-04,-1.131313e-04,-1.148497e-04,-1.165738e-04,-1.183035e-04,-1.200387e-04,-1.217792e-04,-1.235249e-04,-1.252755e-04,-1.270310e-04
0.4600,5.828937e-05,5.734299e-05,5.640665e-05,5.547707e-05,5.455432e-05,5.363845e-05,5.272951e-05,5.182755e-05,5.093262e-05,5.004478e-05,4.916407e-05,4.829055e-05,4.742426e-05,4.656524e-05,4.571356e-05,4.486924e-05,4.403235e-05,4.320292e-05,4.238099e-05,4.156661e-05,4.075982e-05,3.996067e-05,3.916918e-05,3.838541e-05,3.760940e-05,3.684116e-05,3.608076e-05,3.532821e-05,3.458357e-05,3.384685e-05,3.311809e-05,3.239733e-05,3.168459e-05,3.097991e-05,3.028331e-05,2.959482e-05,2.891447e-05,2.824229e-05,2.757829e-05,2.692250e-05,2.627495e-05,2.563566e-05,2.500464e-05,2.438191e-05,2.376749e-05,2.316141e-05,2.256366e-05,2.197427e-05,2.139326e-05,2.082062e-05,2.025638e-05,1.970054e-05,1.915311e-05,1.861409e-05,1.808349e-05,1.756132e-05,1.704758e-05,1.654226e-05,1.604537e-05,1.555691e-05,1.507687e-05,1.460525e-05,1.414204e-05,1.368723e-05,1.324082e-05,1.280280e-05,1.237314e-05,1.195184e-05,1.153889e-05,1.113425e-05,1.073792e-05,1.034987e-05,9.970083e-06,9.598527e-06,9.235176e-06,8.880001e-06,8.532969e-06,8.194045e-06,7.863192e-06,7.540370e-06,7.225536e-06,6.918643e-06,6.619642e-06,6.328481e-06,6.045101e-06,5.769443e-06,5.501439e-06,5.241020e-06,4.988109e-06,4.742624e-06,4.504477e-06,4.273573e-06,4.049807e-06,3.833068e-06,3.623233e-06,3.420169e-06,3.227018e-06,3.036970e-06,2.853210e-06,2.675550e-06,2.503781e-06,2.337676e-06,2.176986e-06,2.021437e-06,1.870728e-06,1.724530e-06,1.582486e-06,1.444200e-06,1.309247e-06,1.177161e-06,1.047439e-06,9.187224e-07,7.923604e-07,6.666367e-07,5.408909e-07,4.139385e-07,2.856529e-07,1.551408e-07,2.161666e-08,-1.157259e-07,-2.577087e-07,-4.051632e-07,-5.589250e-07,-7.198278e-07,-8.886977e-07,-1.066349e-06,-1.253578e-06,-1.451160e-06,-1.659847e-06,-1.880360e-06,-2.113392e-06,-2.359603e-06,-2.619619e-06,-2.894033e-06,-3.183402e-06,-3.488245e-06,-3.809049e-06,-4.146266e-06,-4.500312e-06,-4.871571e-06,-5.260393e-06,-5.667099e-06,-6.091978e-06,-6.535291e-06,-6.997271e-06,-7.478126e-06,-7.978036e-06,-8.497161e-06,-9.035635e-06,-9.593574e-06,-1.016128e-05,-1.075837e-05,-1.137517e-05,-1.201170e-05,-1.266799e-05,-1.334406e-05,-1.403988e-05,-1.475544e-05,-1.549071e-05,-1.624565e-05,-1.702018e-05,-1.781425e-05,-1.862777e-05,-1.946066e-05,-2.031281e-05,-2.118412e-05,-2.207447e-05,-2.298374e-05,-2.391180e-05,-2.485850e-05,-2.582370e-05,-2.680725e-05,-2.780899e-05,-2.882877e-05,-2.986640e-05,-3.092171e-05,-3.199454e-05,-3.308468e-05,-3.419197e-05,-3.531621e-05,-3.645720e-05,-3.761476e-05,-3.878867e-05,-3.997875e-05,-4.118478e-05,-4.240656e-05,-4.364387e-05,-4.489653e-05,-4.616430e-05,-4.744698e-05,-4.874435e-05,-5.005620e-05,-5.138232e-05,-5.272248e-05,-5.407648e-05,-5.544410e-05,-5.682511e-05,-5.821931e-05,-5.962647e-05,-6.104639e-05,-6.247884e-05,-6.392360e-05,-6.538048e-05,-6.684924e-05,-6.832968e-05,-6.982159e-05,-7.132475e-05,-7.283896e-05,-7.436400e-05,-7.589967e-05,-7.744576e-05,-7.900206e-05,-8.056838e-05,-8.214452e-05,-8.373026e-05,-8.532541e-05,-8.692978e-05,-8.854317e-05,-9.016538e-05,-9.179622e-05,-9.343551e-05,-9.508306e-05,-9.673867e-05,-9.840216e-05,-1.000734e-04,-1.017521e-04,-1.034381e-04,-1.051314e-04,-1.068316e-04,-1.085386e-04,-1.102523e-04,-1.119725e-04,-1.136989e-04,-1.154316e-04,-1.171702e-04,-1.189146e-04,-1.206647e-04,-1.224203e-04,-1.241813e-04,-1.259475e-04,-1.277187e-04
0.4700,5.822393e-05,5.727956e-05,5.634514e-05,5.541744e-05,5.449651e-05,5.358241e-05,5.267520e-05,5.177492e-05,5.088163e-05,4.999538e-05,4.911621e-05,4.824419e-05,4.737936e-05,4.652176e-05,4.567145e-05,4.482848e-05,4.399288e-05,4.316471e-05,4.234401e-05,4.153081e-05,4.072518e-05,3.992714e-05,3.913674e-05,3.835402e-05,3.757902e-05,3.681177e-05,3.605232e-05,3.530070e-05,3.455695e-05,3.382110e-05,3.309319e-05,3.237324e-05,3.166129e-05,3.095737e-05,3.026151e-05,2.957374e-05,2.889408e-05,2.822257e-05,2.755922e-05,2.690406e-05,2.625712e-05,2.561841e-05,2.498796e-05,2.436578e-05,2.375189e-05,2.314632e-05,2.254908e-05,2.196017e-05,2.137962e-05,2.080743e-05,2.024363e-05,1.968821e-05,1.914118e-05,1.860256e-05,1.807235e-05,1.755055e-05,1.703716e-05,1.653219e-05,1.603564e-05,1.554750e-05,1.506777e-05,1.459646e-05,1.413354e-05,1.367902e-05,1.323289e-05,1.279513e-05,1.236573e-05,1.194469e-05,1.153197e-05,1.112758e-05,1.073148e-05,1.034365e-05,9.964075e-06,9.592728e-06,9.229580e-06,8.874601e-06,8.527759e-06,8.189020e-06,7.858347e-06,7.535698e-06,7.221032e-06,6.914303e-06,6.615460e-06,6.324451e-06,6.041220e-06,5.765704e-06,5.497838e-06,5.237552e-06,4.984769e-06,4.739408e-06,4.501379e-06,4.270588e-06,4.046929e-06,3.830292e-06,3.620554e-06,3.417581e-06,3.224511e-06,3.034540e-06,2.850850e-06,2.673252e-06,2.501538e-06,2.335479e-06,2.174824e-06,2.019299e-06,1.868603e-06,1.722406e-06,1.580347e-06,1.442032e-06,1.307032e-06,1.174881e-06,1.045073e-06,9.162602e-07,7.897675e-07,6.638872e-07,5.379571e-07,4.107755e-07,2.822434e-07,1.514515e-07,1.761267e-08,-1.200810e-07,-2.624525e-07,-4.103347e-07,-5.645638e-07,-7.259742e-07,-8.953927e-07,-1.073634e-06,-1.261494e-06,-1.459748e-06,-1.669148e-06,-1.890415e-06,-2.124241e-06,-2.371286e-06,-2.632176e-06,-2.907503e-06,-3.197822e-06,-3.503654e-06,-3.825484e-06,-4.163764e-06,-4.518910e-06,-4.891305e-06,-5.281299e-06,-5.689214e-06,-6.115339e-06,-6.559934e-06,-7.023233e-06,-7.505443e-06,-8.006748e-06,-8.527305e-06,-9.067252e-06,-9.626704e-06,-1.019594e-05,-1.079463e-05,-1.141307e-05,-1.205129e-05,-1.270931e-05,-1.338715e-05,-1.408481e-05,-1.480226e-05,-1.553947e-05,-1.629640e-05,-1.707299e-05,-1.786917e-05,-1.868488e-05,-1.952001e-05,-2.037448e-05,-2.124818e-05,-2.214100e-05,-2.305282e-05,-2.398350e-05,-2.493291e-05,-2.590091e-05,-2.688734e-05,-2.789207e-05,-2.891492e-05,-2.995572e-05,-3.101432e-05,-3.209053e-05,-3.318418e-05,-3.429508e-05,-3.542304e-05,-3.656788e-05,-3.772941e-05,-3.890742e-05,-4.010172e-05,-4.131211e-05,-4.253838e-05,-4.378034e-05,-4.503777e-05,-4.631046e-05,-4.759821e-05,-4.890081e-05,-5.021804e-05,-5.154969e-05,-5.289555e-05,-5.425541e-05,-5.562905e-05,-5.701625e-05,-5.841681e-05,-5.983051e-05,-6.125714e-05,-6.269648e-05,-6.414832e-05,-6.561245e-05,-6.708865e-05,-6.857672e-05,-7.007644e-05,-7.158761e-05,-7.311001e-05,-7.464345e-05,-7.618770e-05,-7.774258e-05,-7.930787e-05,-8.088338e-05,-8.246890e-05,-8.406423e-05,-8.566918e-05,-8.728355e-05,-8.890714e-05,-9.053977e-05,-9.218124e-05,-9.383135e-05,-9.548994e-05,-9.715680e-05,-9.883176e-05,-1.005146e-04,-1.022052e-04,-1.039034e-04,-1.056089e-04,-1.073217e-04,-1.090414e-04,-1.107680e-04,-1.125014e-04,-1.142412e-04,-1.159874e-04,-1.177398e-04,-1.194983e-04,-1.212626e-04,-1.230326e-04,-1.248082e-04,-1.265892e-04,-1.283755e-04
0.4800,5.815617e-05,5.721388e-05,5.628146e-05,5.535570e-05,5.443668e-05,5.352443e-05,5.261901e-05,5.172048e-05,5.082889e-05,4.994429e-05,4.906674e-05,4.819628e-05,4.733297e-05,4.647685e-05,4.562797e-05,4.478639e-05,4.395214e-05,4.312528e-05,4.230585e-05,4.149389e-05,4.068945e-05,3.989258e-05,3.910330e-05,3.832167e-05,3.754773e-05,3.678151e-05,3.602305e-05,3.527240e-05,3.452958e-05,3.379463e-05,3.306759e-05,3.234849e-05,3.163736e-05,3.093423e-05,3.023914e-05,2.955211e-05,2.887317e-05,2.820235e-05,2.753968e-05,2.688517e-05,2.623885e-05,2.560075e-05,2.497089e-05,2.434928e-05,2.373595e-05,2.313091e-05,2.253417e-05,2.194577e-05,2.136570e-05,2.079398e-05,2.023062e-05,1.967564e-05,1.912903e-05,1.859082e-05,1.806100e-05,1.753958e-05,1.702656e-05,1.652195e-05,1.602574e-05,1.553793e-05,1.505853e-05,1.458753e-05,1.412492e-05,1.367069e-05,1.322484e-05,1.278735e-05,1.235822e-05,1.193744e-05,1.152497e-05,1.112082e-05,1.072495e-05,1.033735e-05,9.957998e-06,9.586864e-06,9.223923e-06,8.869144e-06,8.522497e-06,8.183946e-06,7.853455e-06,7.530983e-06,7.216488e-06,6.909925e-06,6.611242e-06,6.320389e-06,6.037307e-06,5.761936e-06,5.494211e-06,5.234059e-06,4.981406e-06,4.736170e-06,4.498261e-06,4.267584e-06,4.044035e-06,3.827501e-06,3.617860e-06,3.414979e-06,3.221991e-06,3.032098e-06,2.848479e-06,2.670945e-06,2.499285e-06,2.333272e-06,2.172653e-06,2.017153e-06,1.866470e-06,1.720273e-06,1.578200e-06,1.439855e-06,1.304808e-06,1.172592e-06,1.042699e-06,9.137889e-07,7.871651e-07,6.611279e-07,5.350130e-07,4.076017e-07,2.788226e-07,1.477504e-07,1.359647e-08,-1.244486e-07,-2.672093e-07,-4.155191e-07,-5.702155e-07,-7.321334e-07,-9.021001e-07,-1.080930e-06,-1.269420e-06,-1.468345e-06,-1.678456e-06,-1.900475e-06,-2.135093e-06,-2.382969e-06,-2.644729e-06,-2.920963e-06,-3.212228e-06,-3.519042e-06,-3.841892e-06,-4.181228e-06,-4.537465e-06,-4.910987e-06,-5.302144e-06,-5.711257e-06,-6.138614e-06,-6.584477e-06,-7.049080e-06,-7.532631e-06,-8.035311e-06,-8.557282e-06,-9.098680e-06,-9.659621e-06,-1.023037e-05,-1.083063e-05,-1.145067e-05,-1.209055e-05,-1.275027e-05,-1.342986e-05,-1.412931e-05,-1.484860e-05,-1.558770e-05,-1.634658e-05,-1.712517e-05,-1.792342e-05,-1.874124e-05,-1.957856e-05,-2.043528e-05,-2.131130e-05,-2.220650e-05,-2.312078e-05,-2.405400e-05,-2.500602e-05,-2.597672e-05,-2.696594e-05,-2.797353e-05,-2.899934e-05,-3.004320e-05,-3.110495e-05,-3.218441e-05,-3.328141e-05,-3.439577e-05,-3.552730e-05,-3.667583e-05,-3.784115e-05,-3.902308e-05,-4.022141e-05,-4.143596e-05,-4.266653e-05,-4.391290e-05,-4.517489e-05,-4.645227e-05,-4.774486e-05,-4.905243e-05,-5.037478e-05,-5.171170e-05,-5.306298e-05,-5.442841e-05,-5.580777e-05,-5.720087e-05,-5.860748e-05,-6.002739e-05,-6.146040e-05,-6.290629e-05,-6.436485e-05,-6.583587e-05,-6.731914e-05,-6.881445e-05,-7.032159e-05,-7.184037e-05,-7.337056e-05,-7.491197e-05,-7.646438e-05,-7.802761e-05,-7.960144e-05,-8.118567e-05,-8.278011e-05,-8.438456e-05,-8.599882e-05,-8.762269e-05,-8.925599e-05,-9.089851e-05,-9.255008e-05,-9.421050e-05,-9.587959e-05,-9.755715e-05,-9.924301e-05,-1.009370e-04,-1.026389e-04,-1.043486e-04,-1.060658e-04,-1.077905e-04,-1.095224e-04,-1.112613e-04,-1.130072e-04,-1.147598e-04,-1.165189e-04,-1.182845e-04,-1.200563e-04,-1.218341e-04,-1.236179e-04,-1.254075e-04,-1.272027e-04,-1.290034e-04
0.4900,5.808593e-05,5.714581e-05,5.621548e-05,5.529176e-05,5.437470e-05,5.346438e-05,5.256084e-05,5.166413e-05,5.077431e-05,4.989144e-05,4.901556e-05,4.814673e-05,4.728499e-05,4.643041e-05,4.558303e-05,4.474289e-05,4.391005e-05,4.308456e-05,4.226645e-05,4.145578e-05,4.065259e-05,3.985692e-05,3.906882e-05,3.828832e-05,3.751548e-05,3.675033e-05,3.599291e-05,3.524325e-05,3.450140e-05,3.376739e-05,3.304126e-05,3.232304e-05,3.161276e-05,3.091046e-05,3.021616e-05,2.952990e-05,2.885171e-05,2.818161e-05,2.751963e-05,2.686580e-05,2.622014e-05,2.558267e-05,2.495341e-05,2.433239e-05,2.371963e-05,2.311514e-05,2.251894e-05,2.193105e-05,2.135147e-05,2.078024e-05,2.021734e-05,1.966281e-05,1.911664e-05,1.857885e-05,1.804943e-05,1.752840e-05,1.701577e-05,1.651152e-05,1.601567e-05,1.552821e-05,1.504914e-05,1.457845e-05,1.411615e-05,1.366223e-05,1.321667e-05,1.277947e-05,1.235061e-05,1.193008e-05,1.151788e-05,1.111397e-05,1.071834e-05,1.033098e-05,9.951847e-06,9.580931e-06,9.218201e-06,8.863627e-06,8.517178e-06,8.178819e-06,7.848514e-06,7.526222e-06,7.211902e-06,6.905506e-06,6.606988e-06,6.316292e-06,6.033363e-06,5.758139e-06,5.490555e-06,5.230541e-06,4.978020e-06,4.732910e-06,4.495122e-06,4.264561e-06,4.041122e-06,3.824693e-06,3.615151e-06,3.412363e-06,3.219457e-06,3.029643e-06,2.846097e-06,2.668626e-06,2.497022e-06,2.331055e-06,2.170472e-06,2.014997e-06,1.864328e-06,1.718131e-06,1.576044e-06,1.437670e-06,1.302576e-06,1.170294e-06,1.040315e-06,9.113084e-07,7.845532e-07,6.583586e-07,5.320583e-07,4.044168e-07,2.753902e-07,1.440373e-07,9.567699e-09,-1.288293e-07,-2.719793e-07,-4.207172e-07,-5.758809e-07,-7.383061e-07,-9.088205e-07,-1.088239e-06,-1.277358e-06,-1.476953e-06,-1.687774e-06,-1.910542e-06,-2.145949e-06,-2.394653e-06,-2.657279e-06,-2.934417e-06,-3.226622e-06,-3.534414e-06,-3.858277e-06,-4.198661e-06,-4.555982e-06,-4.930623e-06,-5.322933e-06,-5.733232e-06,-6.161811e-06,-6.608930e-06,-7.074823e-06,-7.559698e-06,-8.063738e-06,-8.587104e-06,-9.129933e-06,-9.692342e-06,-1.026458e-05,-1.086638e-05,-1.148801e-05,-1.212951e-05,-1.279090e-05,-1.347220e-05,-1.417340e-05,-1.489449e-05,-1.563545e-05,-1.639623e-05,-1.717677e-05,-1.797703e-05,-1.879692e-05,-1.963636e-05,-2.049527e-05,-2.137354e-05,-2.227106e-05,-2.318772e-05,-2.412339e-05,-2.507794e-05,-2.605125e-05,-2.704315e-05,-2.805351e-05,-2.908217e-05,-3.012897e-05,-3.119375e-05,-3.227634e-05,-3.337656e-05,-3.449424e-05,-3.562920e-05,-3.678125e-05,-3.795021e-05,-3.913588e-05,-4.033808e-05,-4.155662e-05,-4.279128e-05,-4.404188e-05,-4.530821e-05,-4.659008e-05,-4.788727e-05,-4.919958e-05,-5.052681e-05,-5.186875e-05,-5.322520e-05,-5.459593e-05,-5.598076e-05,-5.737946e-05,-5.879182e-05,-6.021765e-05,-6.165673e-05,-6.310885e-05,-6.457380e-05,-6.605137e-05,-6.754136e-05,-6.904356e-05,-7.055777e-05,-7.208377e-05,-7.362137e-05,-7.517036e-05,-7.673054e-05,-7.830170e-05,-7.988365e-05,-8.147618e-05,-8.307910e-05,-8.469222e-05,-8.631533e-05,-8.794824e-05,-8.959077e-05,-9.124271e-05,-9.290389e-05,-9.457411e-05,-9.625319e-05,-9.794094e-05,-9.963718e-05,-1.013417e-04,-1.030544e-04,-1.047750e-04,-1.065035e-04,-1.082395e-04,-1.099829e-04,-1.117336e-04,-1.134914e-04,-1.152562e-04,-1.170276e-04,-1.188057e-04,-1.205903e-04,-1.223811e-04,-1.241780e-04,-1.259809e-04,-1.277896e-04,-1.296040e-04
0.5000,5.801309e-05,5.707523e-05,5.614707e-05,5.522546e-05,5.431047e-05,5.340215e-05,5.250055e-05,5.160574e-05,5.071777e-05,4.983669e-05,4.896256e-05,4.809543e-05,4.723534e-05,4.638236e-05,4.553653e-05,4.469790e-05,4.386653e-05,4.304246e-05,4.222573e-05,4.141640e-05,4.061451e-05,3.982010e-05,3.903322e-05,3.825391e-05,3.748221e-05,3.671817e-05,3.596182e-05,3.521321e-05,3.447237e-05,3.373933e-05,3.301415e-05,3.229684e-05,3.158745e-05,3.088600e-05,3.019253e-05,2.950708e-05,2.882966e-05,2.816031e-05,2.749906e-05,2.684592e-05,2.620094e-05,2.556412e-05,2.493550e-05,2.431509e-05,2.370292e-05,2.309900e-05,2.250335e-05,2.191599e-05,2.133693e-05,2.076619e-05,2.020378e-05,1.964971e-05,1.910399e-05,1.856663e-05,1.803764e-05,1.751701e-05,1.700477e-05,1.650090e-05,1.600541e-05,1.551831e-05,1.503958e-05,1.456923e-05,1.410725e-05,1.365363e-05,1.320837e-05,1.277146e-05,1.234288e-05,1.192263e-05,1.151068e-05,1.110703e-05,1.071165e-05,1.032452e-05,9.945620e-06,9.574926e-06,9.212412e-06,8.858047e-06,8.511800e-06,8.173637e-06,7.843521e-06,7.521413e-06,7.207270e-06,6.901046e-06,6.602693e-06,6.312158e-06,6.029384e-06,5.754310e-06,5.486871e-06,5.226995e-06,4.974608e-06,4.729626e-06,4.491961e-06,4.261517e-06,4.038191e-06,3.821868e-06,3.612426e-06,3.409731e-06,3.216910e-06,3.027176e-06,2.843702e-06,2.666296e-06,2.494748e-06,2.328827e-06,2.168281e-06,2.012832e-06,1.862176e-06,1.715980e-06,1.573880e-06,1.435476e-06,1.300336e-06,1.167988e-06,1.037922e-06,9.088185e-07,7.819315e-07,6.555789e-07,5.290929e-07,4.012207e-07,2.719460e-07,1.403117e-07,5.526030e-09,-1.332233e-07,-2.767631e-07,-4.259292e-07,-5.815604e-07,-7.444929e-07,-9.155548e-07,-1.095561e-06,-1.285308e-06,-1.485571e-06,-1.697101e-06,-1.920617e-06,-2.156810e-06,-2.406339e-06,-2.669828e-06,-2.947866e-06,-3.241008e-06,-3.549772e-06,-3.874643e-06,-4.216069e-06,-4.574466e-06,-4.950217e-06,-5.343671e-06,-5.755148e-06,-6.184937e-06,-6.633300e-06,-7.100469e-06,-7.586655e-06,-8.092039e-06,-8.616783e-06,-9.161025e-06,-9.724883e-06,-1.029858e-05,-1.090191e-05,-1.152510e-05,-1.216819e-05,-1.283122e-05,-1.351420e-05,-1.421712e-05,-1.493998e-05,-1.568275e-05,-1.644539e-05,-1.722784e-05,-1.803006e-05,-1.885196e-05,-1.969348e-05,-2.055451e-05,-2.143496e-05,-2.233473e-05,-2.325370e-05,-2.419176e-05,-2.514876e-05,-2.612459e-05,-2.711909e-05,-2.813212e-05,-2.916353e-05,-3.021317e-05,-3.128087e-05,-3.236646e-05,-3.346978e-05,-3.459066e-05,-3.572890e-05,-3.688434e-05,-3.805679e-05,-3.924606e-05,-4.045196e-05,-4.167431e-05,-4.291289e-05,-4.416753e-05,-4.543802e-05,-4.672417e-05,-4.802576e-05,-4.934261e-05,-5.067450e-05,-5.202123e-05,-5.338260e-05,-5.475840e-05,-5.614842e-05,-5.755247e-05,-5.897032e-05,-6.040178e-05,-6.184664e-05,-6.330469e-05,-6.477573e-05,-6.625954e-05,-6.775593e-05,-6.926469e-05,-7.078562e-05,-7.231851e-05,-7.386315e-05,-7.541936e-05,-7.698692e-05,-7.856563e-05,-8.015530e-05,-8.175574e-05,-8.336673e-05,-8.498809e-05,-8.661963e-05,-8.826115e-05,-8.991246e-05,-9.157338e-05,-9.324370e-05,-9.492325e-05,-9.661184e-05,-9.830930e-05,-1.000154e-04,-1.017300e-04,-1.034530e-04,-1.051841e-04,-1.069231e-04,-1.086700e-04,-1.104244e-04,-1.121863e-04,-1.139555e-04,-1.157318e-04,-1.175151e-04,-1.193052e-04,-1.211018e-04,-1.229050e-04,-1.247145e-04,-1.265301e-04,-1.283517e-04,-1.301792e-04
0.5100,5.793748e-05,5.700198e-05,5.607608e-05,5.515668e-05,5.424383e-05,5.333760e-05,5.243804e-05,5.154521e-05,5.065916e-05,4.977995e-05,4.890764e-05,4.804227e-05,4.718391e-05,4.633260e-05,4.548839e-05,4.465134e-05,4.382149e-05,4.299890e-05,4.218361e-05,4.137568e-05,4.057514e-05,3.978204e-05,3.899643e-05,3.821836e-05,3.744785e-05,3.668497e-05,3.592974e-05,3.518222e-05,3.444242e-05,3.371041e-05,3.298621e-05,3.226985e-05,3.156138e-05,3.086083e-05,3.016822e-05,2.948360e-05,2.880699e-05,2.813842e-05,2.747791e-05,2.682551e-05,2.618123e-05,2.554509e-05,2.491713e-05,2.429735e-05,2.368579e-05,2.308246e-05,2.248739e-05,2.190058e-05,2.132206e-05,2.075183e-05,2.018992e-05,1.963633e-05,1.909107e-05,1.855416e-05,1.802560e-05,1.750540e-05,1.699355e-05,1.649008e-05,1.599497e-05,1.550823e-05,1.502985e-05,1.455984e-05,1.409819e-05,1.364489e-05,1.319994e-05,1.276332e-05,1.233503e-05,1.191506e-05,1.150338e-05,1.109999e-05,1.070486e-05,1.031797e-05,9.939310e-06,9.568845e-06,9.206551e-06,8.852400e-06,8.506359e-06,8.168396e-06,7.838474e-06,7.516553e-06,7.202590e-06,6.896542e-06,6.598358e-06,6.307986e-06,6.025370e-06,5.750448e-06,5.483155e-06,5.223421e-06,4.971169e-06,4.726318e-06,4.488778e-06,4.258453e-06,4.035239e-06,3.819024e-06,3.609683e-06,3.407084e-06,3.214347e-06,3.024695e-06,2.841294e-06,2.663954e-06,2.492462e-06,2.326589e-06,2.166080e-06,2.010658e-06,1.860016e-06,1.713821e-06,1.571706e-06,1.433273e-06,1.298086e-06,1.165672e-06,1.035520e-06,9.063188e-07,7.792996e-07,6.527888e-07,5.261165e-07,3.980129e-07,2.684896e-07,1.365735e-07,1.471145e-09,-1.376310e-07,-2.815610e-07,-4.311556e-07,-5.872544e-07,-7.506942e-07,-9.223034e-07,-1.102897e-06,-1.293272e-06,-1.494202e-06,-1.706438e-06,-1.930700e-06,-2.167678e-06,-2.418030e-06,-2.682378e-06,-2.961313e-06,-3.255387e-06,-3.565118e-06,-3.890991e-06,-4.233454e-06,-4.592921e-06,-4.969774e-06,-5.364364e-06,-5.777009e-06,-6.207998e-06,-6.657593e-06,-7.126028e-06,-7.613510e-06,-8.120224e-06,-8.646331e-06,-9.191968e-06,-9.757255e-06,-1.033240e-05,-1.093723e-05,-1.156195e-05,-1.220661e-05,-1.287125e-05,-1.355588e-05,-1.426050e-05,-1.498509e-05,-1.572963e-05,-1.649409e-05,-1.727841e-05,-1.808255e-05,-1.890642e-05,-1.974995e-05,-2.061305e-05,-2.149564e-05,-2.239759e-05,-2.331881e-05,-2.425918e-05,-2.521856e-05,-2.619682e-05,-2.719384e-05,-2.820946e-05,-2.924353e-05,-3.029591e-05,-3.136642e-05,-3.245492e-05,-3.356123e-05,-3.468517e-05,-3.582658e-05,-3.698528e-05,-3.816108e-05,-3.935380e-05,-4.056325e-05,-4.178925e-05,-4.303160e-05,-4.429011e-05,-4.556459e-05,-4.685483e-05,-4.816063e-05,-4.948181e-05,-5.081816e-05,-5.216947e-05,-5.353554e-05,-5.491617e-05,-5.631116e-05,-5.772031e-05,-5.914340e-05,-6.058023e-05,-6.203060e-05,-6.349431e-05,-6.497115e-05,-6.646092e-05,-6.796341e-05,-6.947841e-05,-7.100574e-05,-7.254519e-05,-7.409655e-05,-7.565962e-05,-7.723421e-05,-7.882012e-05,-8.041715e-05,-8.202511e-05,-8.364379e-05,-8.527302e-05,-8.691258e-05,-8.856230e-05,-9.022198e-05,-9.189143e-05,-9.357047e-05,-9.525891e-05,-9.695657e-05,-9.866327e-05,-1.003788e-04,-1.021030e-04,-1.038358e-04,-1.055768e-04,-1.073260e-04,-1.090831e-04,-1.108481e-04,-1.126207e-04,-1.144008e-04,-1.161881e-04,-1.179826e-04,-1.197841e-04,-1.215924e-04,-1.234073e-04,-1.252288e-04,-1.270566e-04,-1.288905e-04,-1.307306e-04
0.5200,5.785895e-05,5.692589e-05,5.600235e-05,5.508525e-05,5.417465e-05,5.327060e-05,5.237316e-05,5.148239e-05,5.059835e-05,4.972110e-05,4.885068e-05,4.798716e-05,4.713059e-05,4.628102e-05,4.543850e-05,4.460309e-05,4.377484e-05,4.295380e-05,4.214001e-05,4.133353e-05,4.053440e-05,3.974267e-05,3.895839e-05,3.818160e-05,3.741235e-05,3.665067e-05,3.589661e-05,3.515021e-05,3.441152e-05,3.368056e-05,3.295739e-05,3.224202e-05,3.153451e-05,3.083489e-05,3.014318e-05,2.945942e-05,2.878365e-05,2.811589e-05,2.745617e-05,2.680453e-05,2.616097e-05,2.552554e-05,2.489826e-05,2.427915e-05,2.366822e-05,2.306551e-05,2.247103e-05,2.188479e-05,2.130682e-05,2.073713e-05,2.017573e-05,1.962264e-05,1.907787e-05,1.854142e-05,1.801331e-05,1.749354e-05,1.698211e-05,1.647904e-05,1.598432e-05,1.549795e-05,1.501994e-05,1.455028e-05,1.408897e-05,1.363600e-05,1.319136e-05,1.275505e-05,1.232706e-05,1.190737e-05,1.149597e-05,1.109284e-05,1.069797e-05,1.031134e-05,9.932915e-06,9.562684e-06,9.200616e-06,8.846682e-06,8.500853e-06,8.163094e-06,7.833369e-06,7.511639e-06,7.197861e-06,6.891991e-06,6.593980e-06,6.303774e-06,6.021318e-06,5.746551e-06,5.479408e-06,5.219817e-06,4.967703e-06,4.722983e-06,4.485570e-06,4.255366e-06,4.032268e-06,3.816161e-06,3.606923e-06,3.404420e-06,3.211769e-06,3.022199e-06,2.838873e-06,2.661599e-06,2.490165e-06,2.324340e-06,2.163869e-06,2.008473e-06,1.857845e-06,1.711651e-06,1.569523e-06,1.431060e-06,1.295826e-06,1.163347e-06,1.032076e-06,9.038092e-07,7.766574e-07,6.499878e-07,5.231288e-07,3.947933e-07,2.650209e-07,1.328223e-07,-2.597262e-09,-1.420528e-07,-2.863734e-07,-4.363968e-07,-5.929635e-07,-7.569106e-07,-9.290669e-07,-1.110247e-06,-1.301249e-06,-1.502846e-06,-1.715788e-06,-1.940794e-06,-2.178555e-06,-2.429726e-06,-2.694932e-06,-2.974759e-06,-3.269761e-06,-3.580456e-06,-3.907326e-06,-4.250819e-06,-4.611349e-06,-4.989298e-06,-5.385016e-06,-5.798820e-06,-6.231000e-06,-6.681817e-06,-7.151505e-06,-7.640272e-06,-8.148302e-06,-8.675756e-06,-9.222774e-06,-9.789473e-06,-1.036605e-05,-1.097235e-05,-1.159859e-05,-1.224480e-05,-1.291103e-05,-1.359727e-05,-1.430355e-05,-1.502984e-05,-1.577613e-05,-1.654237e-05,-1.732852e-05,-1.813453e-05,-1.896032e-05,-1.980582e-05,-2.067095e-05,-2.155561e-05,-2.245970e-05,-2.338310e-05,-2.432571e-05,-2.528740e-05,-2.626804e-05,-2.726749e-05,-2.828562e-05,-2.932227e-05,-3.037729e-05,-3.145053e-05,-3.254183e-05,-3.365101e-05,-3.477792e-05,-3.592238e-05,-3.708421e-05,-3.826324e-05,-3.945928e-05,-4.067215e-05,-4.190166e-05,-4.314762e-05,-4.440984e-05,-4.568814e-05,-4.698230e-05,-4.829215e-05,-4.961747e-05,-5.095808e-05,-5.231377e-05,-5.368434e-05,-5.506960e-05,-5.646933e-05,-5.788335e-05,-5.931144e-05,-6.075341e-05,-6.220904e-05,-6.367815e-05,-6.516053e-05,-6.665597e-05,-6.816428e-05,-6.968525e-05,-7.121868e-05,-7.276438e-05,-7.432214e-05,-7.589177e-05,-7.747307e-05,-7.906584e-05,-8.066988e-05,-8.228501e-05,-8.391102e-05,-8.554773e-05,-8.719495e-05,-8.885248e-05,-9.052014e-05,-9.219773e-05,-9.388508e-05,-9.558200e-05,-9.728830e-05,-9.900381e-05,-1.007283e-04,-1.024617e-04,-1.042038e-04,-1.059543e-04,-1.077132e-04,-1.094802e-04,-1.112552e-04,-1.130380e-04,-1.148284e-04,-1.166263e-04,-1.184315e-04,-1.202439e-04,-1.220633e-04,-1.238895e-04,-1.257224e-04,-1.275618e-04,-1.294075e-04,-1.312595e-04
0.5300,5.777730e-05,5.684681e-05,5.592574e-05,5.501103e-05,5.410276e-05,5.320099e-05,5.230576e-05,5.141715e-05,5.053521e-05,4.965999e-05,4.879155e-05,4.792996e-05,4.707526e-05,4.622751e-05,4.538676e-05,4.455306e-05,4.372648e-05,4.290705e-05,4.209483e-05,4.128987e-05,4.049221e-05,3.970191e-05,3.891902e-05,3.814357e-05,3.737561e-05,3.661520e-05,3.586236e-05,3.511714e-05,3.437959e-05,3.364974e-05,3.292763e-05,3.221330e-05,3.150679e-05,3.080813e-05,3.011736e-05,2.943451e-05,2.875961e-05,2.809270e-05,2.743379e-05,2.678293e-05,2.614014e-05,2.550545e-05,2.487888e-05,2.426045e-05,2.365018e-05,2.304811e-05,2.245424e-05,2.186860e-05,2.129121e-05,2.072207e-05,2.016121e-05,1.960863e-05,1.906436e-05,1.852839e-05,1.800074e-05,1.748142e-05,1.697043e-05,1.646777e-05,1.597345e-05,1.548748e-05,1.500984e-05,1.454054e-05,1.407958e-05,1.362694e-05,1.318264e-05,1.274664e-05,1.231895e-05,1.189956e-05,1.148844e-05,1.108559e-05,1.069098e-05,1.030460e-05,9.926429e-06,9.556437e-06,9.194600e-06,8.840891e-06,8.495277e-06,8.157727e-06,7.828204e-06,7.506668e-06,7.193079e-06,6.887391e-06,6.589555e-06,6.299519e-06,6.017227e-06,5.742617e-06,5.475626e-06,5.216181e-06,4.964207e-06,4.719622e-06,4.482337e-06,4.252256e-06,4.029274e-06,3.813278e-06,3.604144e-06,3.401739e-06,3.209175e-06,3.019688e-06,2.836438e-06,2.659231e-06,2.487855e-06,2.322079e-06,2.161646e-06,2.006277e-06,1.855665e-06,1.709472e-06,1.567330e-06,1.428838e-06,1.293557e-06,1.161011e-06,1.029665e-06,9.012893e-07,7.740046e-07,6.471759e-07,5.201296e-07,3.915616e-07,2.615394e-07,1.290579e-07,-6.679485e-09,-1.464889e-07,-2.912006e-07,-4.416533e-07,-5.986880e-07,-7.631426e-07,-9.358459e-07,-1.117613e-06,-1.309241e-06,-1.511504e-06,-1.725150e-06,-1.950899e-06,-2.189441e-06,-2.441430e-06,-2.707489e-06,-2.988206e-06,-3.284133e-06,-3.595787e-06,-3.923649e-06,-4.268167e-06,-4.629755e-06,-5.008793e-06,-5.405631e-06,-5.820586e-06,-6.253948e-06,-6.705977e-06,-7.176908e-06,-7.666948e-06,-8.176281e-06,-8.705069e-06,-9.253451e-06,-9.821546e-06,-1.039953e-05,-1.100729e-05,-1.163502e-05,-1.228276e-05,-1.295055e-05,-1.363840e-05,-1.434631e-05,-1.507427e-05,-1.582226e-05,-1.659026e-05,-1.737820e-05,-1.818604e-05,-1.901372e-05,-1.986115e-05,-2.072825e-05,-2.161493e-05,-2.252110e-05,-2.344664e-05,-2.439143e-05,-2.535536e-05,-2.633831e-05,-2.734012e-05,-2.836068e-05,-2.939983e-05,-3.045741e-05,-3.153329e-05,-3.262729e-05,-3.373927e-05,-3.486904e-05,-3.601644e-05,-3.718129e-05,-3.836343e-05,-3.956266e-05,-4.077882e-05,-4.201170e-05,-4.326114e-05,-4.452693e-05,-4.580889e-05,-4.710682e-05,-4.842054e-05,-4.974984e-05,-5.109453e-05,-5.245442e-05,-5.382930e-05,-5.521898e-05,-5.662326e-05,-5.804194e-05,-5.947481e-05,-6.092168e-05,-6.238236e-05,-6.385662e-05,-6.534429e-05,-6.684516e-05,-6.835902e-05,-6.988568e-05,-7.142495e-05,-7.297661e-05,-7.454049e-05,-7.611637e-05,-7.770406e-05,-7.930338e-05,-8.091411e-05,-8.253608e-05,-8.416909e-05,-8.581295e-05,-8.746746e-05,-8.913244e-05,-9.080771e-05,-9.249307e-05,-9.418835e-05,-9.589335e-05,-9.760791e-05,-9.933182e-05,-1.010649e-04,-1.028070e-04,-1.045580e-04,-1.063176e-04,-1.080857e-04,-1.098621e-04,-1.116467e-04,-1.134392e-04,-1.152395e-04,-1.170475e-04,-1.188630e-04,-1.206858e-04,-1.225157e-04,-1.243527e-04,-1.261965e-04,-1.280470e-04,-1.299040e-04,-1.317674e-04
0.5400,5.769236e-05,5.676454e-05,5.584604e-05,5.493384e-05,5.402801e-05,5.312861e-05,5.223570e-05,5.134933e-05,5.046958e-05,4.959649e-05,4.873013e-05,4.787054e-05,4.701780e-05,4.617194e-05,4.533304e-05,4.450113e-05,4.367629e-05,4.285855e-05,4.204796e-05,4.124459e-05,4.044848e-05,3.965967e-05,3.887822e-05,3.810417e-05,3.733758e-05,3.657847e-05,3.582691e-05,3.508293e-05,3.434657e-05,3.361787e-05,3.289688e-05,3.218363e-05,3.147817e-05,3.078052e-05,3.009072e-05,2.940881e-05,2.873482e-05,2.806879e-05,2.741074e-05,2.676070e-05,2.611870e-05,2.548477e-05,2.485894e-05,2.424122e-05,2.363165e-05,2.303024e-05,2.243701e-05,2.185199e-05,2.127519e-05,2.070663e-05,2.014632e-05,1.959428e-05,1.905052e-05,1.851505e-05,1.798789e-05,1.746903e-05,1.695848e-05,1.645626e-05,1.596236e-05,1.547678e-05,1.499953e-05,1.453061e-05,1.407001e-05,1.361772e-05,1.317375e-05,1.273808e-05,1.231070e-05,1.189161e-05,1.148079e-05,1.107822e-05,1.068388e-05,1.029777e-05,9.919847e-06,9.550100e-06,9.188501e-06,8.835020e-06,8.489628e-06,8.152291e-06,7.822974e-06,7.501638e-06,7.188242e-06,6.882739e-06,6.585083e-06,6.295220e-06,6.013094e-06,5.738645e-06,5.471808e-06,5.212511e-06,4.960680e-06,4.716232e-06,4.479077e-06,4.249121e-06,4.026258e-06,3.810374e-06,3.601346e-06,3.399039e-06,3.206564e-06,3.017162e-06,2.833988e-06,2.656849e-06,2.485533e-06,2.319806e-06,2.159412e-06,2.004071e-06,1.853473e-06,1.707282e-06,1.565128e-06,1.426606e-06,1.291278e-06,1.158666e-06,1.027243e-06,8.987590e-07,7.713410e-07,6.443526e-07,5.171186e-07,3.883176e-07,2.580451e-07,1.252799e-07,-1.077581e-08,-1.509396e-07,-2.960429e-07,-4.469253e-07,-6.044284e-07,-7.693905e-07,-9.426409e-07,-1.124995e-06,-1.317248e-06,-1.520176e-06,-1.734526e-06,-1.961017e-06,-2.200337e-06,-2.453142e-06,-2.720053e-06,-3.001657e-06,-3.298505e-06,-3.611113e-06,-3.939963e-06,-4.285501e-06,-4.648141e-06,-5.028262e-06,-5.426213e-06,-5.842312e-06,-6.276847e-06,-6.730079e-06,-7.202242e-06,-7.693544e-06,-8.204168e-06,-8.734277e-06,-9.284009e-06,-9.853485e-06,-1.043287e-05,-1.104207e-05,-1.167127e-05,-1.232052e-05,-1.298984e-05,-1.367926e-05,-1.438878e-05,-1.511839e-05,-1.586806e-05,-1.663778e-05,-1.742748e-05,-1.823712e-05,-1.906664e-05,-1.991595e-05,-2.078499e-05,-2.167365e-05,-2.258184e-05,-2.350946e-05,-2.445639e-05,-2.542250e-05,-2.640769e-05,-2.741181e-05,-2.843472e-05,-2.947629e-05,-3.053637e-05,-3.161480e-05,-3.271142e-05,-3.382609e-05,-3.495863e-05,-3.610887e-05,-3.727664e-05,-3.846178e-05,-3.966410e-05,-4.088342e-05,-4.211956e-05,-4.337233e-05,-4.464155e-05,-4.592704e-05,-4.722859e-05,-4.854603e-05,-4.987915e-05,-5.122776e-05,-5.259168e-05,-5.397069e-05,-5.536461e-05,-5.677324e-05,-5.819638e-05,-5.963384e-05,-6.108540e-05,-6.255089e-05,-6.403010e-05,-6.552282e-05,-6.702887e-05,-6.854805e-05,-7.008015e-05,-7.162499e-05,-7.318236e-05,-7.475207e-05,-7.633393e-05,-7.792773e-05,-7.953330e-05,-8.115042e-05,-8.277893e-05,-8.441861e-05,-8.606929e-05,-8.773077e-05,-8.940287e-05,-9.108540e-05,-9.277818e-05,-9.448103e-05,-9.619375e-05,-9.791618e-05,-9.964812e-05,-1.013894e-04,-1.031399e-04,-1.048993e-04,-1.066676e-04,-1.084445e-04,-1.102299e-04,-1.120236e-04,-1.138254e-04,-1.156352e-04,-1.174528e-04,-1.192781e-04,-1.211108e-04,-1.229509e-04,-1.247981e-04,-1.266524e-04,-1.285135e-04,-1.303813e-04,-1.322557e-04
0.5500,5.760393e-05,5.667890e-05,5.576308e-05,5.485349e-05,5.395021e-05,5.305329e-05,5.216280e-05,5.127878e-05,5.040131e-05,4.953045e-05,4.866625e-05,4.780877e-05,4.695806e-05,4.611420e-05,4.527722e-05,4.444719e-05,4.362416e-05,4.280818e-05,4.199931e-05,4.119760e-05,4.040309e-05,3.961585e-05,3.883591e-05,3.806333e-05,3.729815e-05,3.654042e-05,3.579019e-05,3.504749e-05,3.431238e-05,3.358489e-05,3.286507e-05,3.215295e-05,3.144857e-05,3.075198e-05,3.006320e-05,2.938228e-05,2.870924e-05,2.804412e-05,2.738696e-05,2.673777e-05,2.609660e-05,2.546347e-05,2.483841e-05,2.422143e-05,2.361257e-05,2.301186e-05,2.241930e-05,2.183492e-05,2.125874e-05,2.069078e-05,2.013105e-05,1.957957e-05,1.903634e-05,1.850139e-05,1.797472e-05,1.745634e-05,1.694626e-05,1.644449e-05,1.595102e-05,1.546586e-05,1.498901e-05,1.452047e-05,1.406024e-05,1.360832e-05,1.316469e-05,1.272936e-05,1.230231e-05,1.188352e-05,1.147300e-05,1.107072e-05,1.067667e-05,1.029082e-05,9.913163e-06,9.543669e-06,9.182312e-06,8.829066e-06,8.483901e-06,8.146783e-06,7.817677e-06,7.496545e-06,7.183345e-06,6.878033e-06,6.580559e-06,6.290873e-06,6.008917e-06,5.734632e-06,5.467952e-06,5.208807e-06,4.957120e-06,4.712811e-06,4.475790e-06,4.245960e-06,4.023217e-06,3.807447e-06,3.598527e-06,3.396321e-06,3.203936e-06,3.014618e-06,2.831522e-06,2.654452e-06,2.483196e-06,2.317520e-06,2.157166e-06,2.001852e-06,1.851271e-06,1.705082e-06,1.562914e-06,1.424364e-06,1.288989e-06,1.156311e-06,1.024811e-06,8.962179e-07,7.686662e-07,6.415179e-07,5.140955e-07,3.850610e-07,2.545376e-07,1.214882e-07,-1.488652e-08,-1.554053e-07,-3.009008e-07,-4.522132e-07,-6.101850e-07,-7.756549e-07,-9.494523e-07,-1.132392e-06,-1.325272e-06,-1.528864e-06,-1.743916e-06,-1.971147e-06,-2.211244e-06,-2.464863e-06,-2.732623e-06,-3.015111e-06,-3.312877e-06,-3.626436e-06,-3.956270e-06,-4.302823e-06,-4.666509e-06,-5.047707e-06,-5.446765e-06,-5.864000e-06,-6.299701e-06,-6.754128e-06,-7.227513e-06,-7.720066e-06,-8.231971e-06,-8.763388e-06,-9.314458e-06,-9.885300e-06,-1.046606e-05,-1.107669e-05,-1.170735e-05,-1.235808e-05,-1.302893e-05,-1.371989e-05,-1.443100e-05,-1.516222e-05,-1.591355e-05,-1.668495e-05,-1.747638e-05,-1.828779e-05,-1.911911e-05,-1.997028e-05,-2.084120e-05,-2.173180e-05,-2.264197e-05,-2.357162e-05,-2.452063e-05,-2.548888e-05,-2.647624e-05,-2.748260e-05,-2.850781e-05,-2.955174e-05,-3.061423e-05,-3.169514e-05,-3.279431e-05,-3.391158e-05,-3.504680e-05,-3.619979e-05,-3.737039e-05,-3.855842e-05,-3.976371e-05,-4.098609e-05,-4.222536e-05,-4.348136e-05,-4.475389e-05,-4.604277e-05,-4.734781e-05,-4.866882e-05,-5.000561e-05,-5.135799e-05,-5.272577e-05,-5.410875e-05,-5.550674e-05,-5.691954e-05,-5.834697e-05,-5.978881e-05,-6.124488e-05,-6.271498e-05,-6.419892e-05,-6.569649e-05,-6.720750e-05,-6.873176e-05,-7.026907e-05,-7.181924e-05,-7.338206e-05,-7.495735e-05,-7.654492e-05,-7.814457e-05,-7.975611e-05,-8.137934e-05,-8.301409e-05,-8.466015e-05,-8.631735e-05,-8.798549e-05,-8.966439e-05,-9.135387e-05,-9.305373e-05,-9.476380e-05,-9.648390e-05,-9.821385e-05,-9.995347e-05,-1.017026e-04,-1.034610e-04,-1.052286e-04,-1.070051e-04,-1.087904e-04,-1.105844e-04,-1.123868e-04,-1.141976e-04,-1.160164e-04,-1.178432e-04,-1.196778e-04,-1.215201e-04,-1.233698e-04,-1.252269e-04,-1.270911e-04,-1.289624e-04,-1.308405e-04,-1.327253e-04
0.5600,5.751177e-05,5.658966e-05,5.567664e-05,5.476979e-05,5.386917e-05,5.297485e-05,5.208688e-05,5.120532e-05,5.033024e-05,4.946171e-05,4.859977e-05,4.774448e-05,4.689592e-05,4.605413e-05,4.521917e-05,4.439109e-05,4.356997e-05,4.275584e-05,4.194875e-05,4.114878e-05,4.035596e-05,3.957034e-05,3.879199e-05,3.802094e-05,3.725725e-05,3.650096e-05,3.575211e-05,3.501077e-05,3.427696e-05,3.355073e-05,3.283212e-05,3.212118e-05,3.141795e-05,3.072245e-05,3.003474e-05,2.935484e-05,2.868280e-05,2.801864e-05,2.736240e-05,2.671411e-05,2.607381e-05,2.544151e-05,2.481725e-05,2.420105e-05,2.359294e-05,2.299294e-05,2.240108e-05,2.181737e-05,2.124183e-05,2.067449e-05,2.011537e-05,1.956446e-05,1.902180e-05,1.848738e-05,1.796123e-05,1.744335e-05,1.693375e-05,1.643244e-05,1.593942e-05,1.545469e-05,1.497826e-05,1.451012e-05,1.405028e-05,1.359872e-05,1.315546e-05,1.272047e-05,1.229375e-05,1.187529e-05,1.146508e-05,1.106309e-05,1.066933e-05,1.028376e-05,9.906372e-06,9.537136e-06,9.176029e-06,8.823024e-06,8.478091e-06,8.141198e-06,7.812309e-06,7.491385e-06,7.178387e-06,6.873268e-06,6.575982e-06,6.286475e-06,6.004693e-06,5.730575e-06,5.464056e-06,5.205065e-06,4.953526e-06,4.709359e-06,4.472473e-06,4.242772e-06,4.020151e-06,3.804497e-06,3.595686e-06,3.393582e-06,3.201288e-06,3.012058e-06,2.829040e-06,2.652041e-06,2.480846e-06,2.315220e-06,2.154907e-06,1.999622e-06,1.849057e-06,1.702870e-06,1.560690e-06,1.422110e-06,1.286689e-06,1.153944e-06,1.022369e-06,8.936657e-07,7.659801e-07,6.386713e-07,5.110602e-07,3.817915e-07,2.510166e-07,1.176824e-07,-1.901188e-08,-1.598863e-07,-3.057744e-07,-4.575173e-07,-6.159583e-07,-7.819362e-07,-9.562807e-07,-1.139807e-06,-1.333311e-06,-1.537567e-06,-1.753321e-06,-1.981291e-06,-2.222164e-06,-2.476595e-06,-2.745202e-06,-3.028571e-06,-3.327252e-06,-3.641759e-06,-3.972572e-06,-4.320137e-06,-4.684864e-06,-5.067133e-06,-5.467291e-06,-5.885656e-06,-6.322515e-06,-6.778127e-06,-7.252727e-06,-7.746521e-06,-8.259695e-06,-8.792409e-06,-9.344804e-06,-9.916998e-06,-1.049913e-05,-1.111117e-05,-1.174326e-05,-1.239547e-05,-1.306781e-05,-1.376030e-05,-1.447297e-05,-1.520579e-05,-1.595874e-05,-1.673181e-05,-1.752494e-05,-1.833808e-05,-1.917117e-05,-2.002415e-05,-2.089693e-05,-2.178942e-05,-2.270153e-05,-2.363317e-05,-2.458420e-05,-2.555453e-05,-2.654403e-05,-2.755257e-05,-2.858002e-05,-2.962623e-05,-3.069107e-05,-3.177439e-05,-3.287603e-05,-3.399583e-05,-3.513365e-05,-3.628930e-05,-3.746263e-05,-3.865347e-05,-3.986164e-05,-4.108696e-05,-4.232927e-05,-4.358837e-05,-4.486409e-05,-4.615624e-05,-4.746463e-05,-4.878909e-05,-5.012941e-05,-5.148542e-05,-5.285692e-05,-5.424371e-05,-5.564561e-05,-5.706242e-05,-5.849395e-05,-5.994001e-05,-6.140040e-05,-6.287492e-05,-6.436339e-05,-6.586561e-05,-6.738138e-05,-6.891051e-05,-7.045280e-05,-7.200807e-05,-7.357612e-05,-7.515676e-05,-7.674979e-05,-7.835503e-05,-7.997228e-05,-8.160136e-05,-8.324208e-05,-8.489425e-05,-8.655768e-05,-8.823219e-05,-8.991759e-05,-9.161370e-05,-9.332034e-05,-9.503732e-05,-9.676447e-05,-9.850161e-05,-1.002486e-04,-1.020051e-04,-1.037712e-04,-1.055465e-04,-1.073310e-04,-1.091244e-04,-1.109265e-04,-1.127373e-04,-1.145565e-04,-1.163840e-04,-1.182196e-04,-1.200632e-04,-1.219146e-04,-1.237735e-04,-1.256400e-04,-1.275138e-04,-1.293948e-04,-1.312828e-04,-1.331776e-04
0.5700,5.741567e-05,5.649660e-05,5.558652e-05,5.468253e-05,5.378469e-05,5.289308e-05,5.200775e-05,5.112876e-05,5.025619e-05,4.939008e-05,4.853051e-05,4.767753e-05,4.683120e-05,4.599158e-05,4.515873e-05,4.433271e-05,4.351357e-05,4.270137e-05,4.189616e-05,4.109801e-05,4.030695e-05,3.952304e-05,3.874635e-05,3.797690e-05,3.721476e-05,3.645998e-05,3.571259e-05,3.497265e-05,3.424021e-05,3.351530e-05,3.279797e-05,3.208826e-05,3.138622e-05,3.069188e-05,3.000528e-05,2.932646e-05,2.865545e-05,2.799230e-05,2.733703e-05,2.668967e-05,2.605027e-05,2.541884e-05,2.479541e-05,2.418002e-05,2.357269e-05,2.297345e-05,2.238231e-05,2.179930e-05,2.122444e-05,2.065775e-05,2.009924e-05,1.954894e-05,1.900686e-05,1.847300e-05,1.794739e-05,1.743003e-05,1.692093e-05,1.642010e-05,1.592754e-05,1.544326e-05,1.496726e-05,1.449954e-05,1.404009e-05,1.358892e-05,1.314603e-05,1.271140e-05,1.228502e-05,1.186689e-05,1.145700e-05,1.105533e-05,1.066186e-05,1.027658e-05,9.899465e-06,9.530496e-06,9.169646e-06,8.816889e-06,8.472195e-06,8.135531e-06,7.806864e-06,7.486155e-06,7.173362e-06,6.868442e-06,6.571347e-06,6.282025e-06,6.000420e-06,5.726473e-06,5.460117e-06,5.201283e-06,4.949896e-06,4.705872e-06,4.469124e-06,4.239554e-06,4.017059e-06,3.801523e-06,3.592822e-06,3.390822e-06,3.198621e-06,3.009479e-06,2.826542e-06,2.649614e-06,2.478481e-06,2.312907e-06,2.152635e-06,1.997380e-06,1.846831e-06,1.700647e-06,1.558454e-06,1.419846e-06,1.284378e-06,1.151567e-06,1.019915e-06,8.911022e-07,7.632823e-07,6.358126e-07,5.080123e-07,3.785088e-07,2.474819e-07,1.138623e-07,-2.315218e-08,-1.643828e-07,-3.106640e-07,-4.628380e-07,-6.217484e-07,-7.882346e-07,-9.631263e-07,-1.147239e-06,-1.341368e-06,-1.546286e-06,-1.762741e-06,-1.991450e-06,-2.233097e-06,-2.488338e-06,-2.757790e-06,-3.042038e-06,-3.341631e-06,-3.657083e-06,-3.988871e-06,-4.337442e-06,-4.703206e-06,-5.086541e-06,-5.487794e-06,-5.907282e-06,-6.345292e-06,-6.802082e-06,-7.277887e-06,-7.772914e-06,-8.287347e-06,-8.821347e-06,-9.375055e-06,-9.938658e-06,-1.053207e-05,-1.114551e-05,-1.177903e-05,-1.243268e-05,-1.310650e-05,-1.380051e-05,-1.451471e-05,-1.524910e-05,-1.600366e-05,-1.677836e-05,-1.757316e-05,-1.838801e-05,-1.922284e-05,-2.007760e-05,-2.095220e-05,-2.184655e-05,-2.276056e-05,-2.369413e-05,-2.464716e-05,-2.561952e-05,-2.661109e-05,-2.762176e-05,-2.865139e-05,-2.969983e-05,-3.076696e-05,-3.185262e-05,-3.295666e-05,-3.407892e-05,-3.521926e-05,-3.637749e-05,-3.755347e-05,-3.874703e-05,-3.995798e-05,-4.118616e-05,-4.243139e-05,-4.369350e-05,-4.497229e-05,-4.626760e-05,-4.757923e-05,-4.890701e-05,-5.025074e-05,-5.161024e-05,-5.298531e-05,-5.437577e-05,-5.578143e-05,-5.720210e-05,-5.863758e-05,-6.008769e-05,-6.155222e-05,-6.303099e-05,-6.452381e-05,-6.603048e-05,-6.755081e-05,-6.908461e-05,-7.063169e-05,-7.219185e-05,-7.376490e-05,-7.535066e-05,-7.694893e-05,-7.855953e-05,-8.018225e-05,-8.181693e-05,-8.346336e-05,-8.512137e-05,-8.679077e-05,-8.847137e-05,-9.016299e-05,-9.186546e-05,-9.357857e-05,-9.530217e-05,-9.703607e-05,-9.878009e-05,-1.005341e-04,-1.022978e-04,-1.040711e-04,-1.058539e-04,-1.076459e-04,-1.094470e-04,-1.112570e-04,-1.130758e-04,-1.149031e-04,-1.167389e-04,-1.185829e-04,-1.204351e-04,-1.222951e-04,-1.241630e-04,-1.260384e-04,-1.279214e-04,-1.298117e-04,-1.317091e-04,-1.336135e-04
0.5800,5.731536e-05,5.639948e-05,5.549247e-05,5.459146e-05,5.369654e-05,5.280776e-05,5.192520e-05,5.104890e-05,5.017894e-05,4.931539e-05,4.845829e-05,4.760772e-05,4.676373e-05,4.592639e-05,4.509575e-05,4.427188e-05,4.345483e-05,4.264465e-05,4.184141e-05,4.104515e-05,4.025594e-05,3.947383e-05,3.869886e-05,3.793110e-05,3.717059e-05,3.641738e-05,3.567152e-05,3.493306e-05,3.420205e-05,3.347852e-05,3.276253e-05,3.205411e-05,3.135332e-05,3.066018e-05,2.997475e-05,2.929706e-05,2.862714e-05,2.796503e-05,2.731077e-05,2.666439e-05,2.602593e-05,2.539541e-05,2.477286e-05,2.415832e-05,2.355180e-05,2.295334e-05,2.236296e-05,2.178068e-05,2.120652e-05,2.064051e-05,2.008265e-05,1.953298e-05,1.899150e-05,1.845823e-05,1.793318e-05,1.741636e-05,1.690778e-05,1.640745e-05,1.591537e-05,1.543155e-05,1.495600e-05,1.448870e-05,1.402968e-05,1.357891e-05,1.313639e-05,1.270213e-05,1.227611e-05,1.185833e-05,1.144877e-05,1.104741e-05,1.065425e-05,1.026927e-05,9.892437e-06,9.523742e-06,9.163156e-06,8.810654e-06,8.466205e-06,8.129778e-06,7.801339e-06,7.480849e-06,7.168268e-06,6.863552e-06,6.566652e-06,6.277519e-06,5.996095e-06,5.722322e-06,5.456134e-06,5.197461e-06,4.946227e-06,4.702351e-06,4.465743e-06,4.236307e-06,4.013938e-06,3.798522e-06,3.589934e-06,3.388039e-06,3.195932e-06,3.006880e-06,2.824025e-06,2.647169e-06,2.476100e-06,2.310579e-06,2.150349e-06,1.995124e-06,1.844592e-06,1.698411e-06,1.556207e-06,1.417570e-06,1.282055e-06,1.149178e-06,1.017449e-06,8.885271e-07,7.605726e-07,6.329416e-07,5.049516e-07,3.752128e-07,2.439332e-07,1.100276e-07,-2.730767e-08,-1.688950e-07,-3.155701e-07,-4.681756e-07,-6.275559e-07,-7.945506e-07,-9.699897e-07,-1.154688e-06,-1.349442e-06,-1.555023e-06,-1.772178e-06,-2.001623e-06,-2.244044e-06,-2.500094e-06,-2.770389e-06,-3.055513e-06,-3.356016e-06,-3.672408e-06,-4.005169e-06,-4.354743e-06,-4.721539e-06,-5.105935e-06,-5.508277e-06,-5.928882e-06,-6.368035e-06,-6.825997e-06,-7.302999e-06,-7.799249e-06,-8.314932e-06,-8.850208e-06,-9.405218e-06,-9.970135e-06,-1.056490e-05,-1.117972e-05,-1.181465e-05,-1.246973e-05,-1.314502e-05,-1.384052e-05,-1.455624e-05,-1.529218e-05,-1.604832e-05,-1.682463e-05,-1.762108e-05,-1.843760e-05,-1.927415e-05,-2.013065e-05,-2.100703e-05,-2.190321e-05,-2.281908e-05,-2.375456e-05,-2.470952e-05,-2.568387e-05,-2.667748e-05,-2.769023e-05,-2.872198e-05,-2.977261e-05,-3.084196e-05,-3.192990e-05,-3.303627e-05,-3.416093e-05,-3.530371e-05,-3.646446e-05,-3.764301e-05,-3.883919e-05,-4.005284e-05,-4.128379e-05,-4.253185e-05,-4.379686e-05,-4.507864e-05,-4.637699e-05,-4.769175e-05,-4.902273e-05,-5.036975e-05,-5.173261e-05,-5.311113e-05,-5.450513e-05,-5.591441e-05,-5.733879e-05,-5.877807e-05,-6.023207e-05,-6.170059e-05,-6.318344e-05,-6.468044e-05,-6.619139e-05,-6.771610e-05,-6.925439e-05,-7.080605e-05,-7.237091e-05,-7.394876e-05,-7.553943e-05,-7.714272e-05,-7.875844e-05,-8.038642e-05,-8.202646e-05,-8.367837e-05,-8.534197e-05,-8.701709e-05,-8.870353e-05,-9.040111e-05,-9.210965e-05,-9.382898e-05,-9.555891e-05,-9.729926e-05,-9.904987e-05,-1.008105e-04,-1.025811e-04,-1.043614e-04,-1.061513e-04,-1.079506e-04,-1.097590e-04,-1.115766e-04,-1.134030e-04,-1.152381e-04,-1.170818e-04,-1.189339e-04,-1.207942e-04,-1.226626e-04,-1.245390e-04,-1.264231e-04,-1.283148e-04,-1.302139e-04,-1.321204e-04,-1.340340e-04
0.5900,5.721059e-05,5.629804e-05,5.539423e-05,5.449636e-05,5.360449e-05,5.271868e-05,5.183900e-05,5.096553e-05,5.009831e-05,4.923742e-05,4.838292e-05,4.753488e-05,4.669334e-05,4.585839e-05,4.503006e-05,4.420844e-05,4.339357e-05,4.258552e-05,4.178433e-05,4.099008e-05,4.020280e-05,3.942256e-05,3.864942e-05,3.788342e-05,3.712462e-05,3.637306e-05,3.562880e-05,3.489189e-05,3.416237e-05,3.344030e-05,3.272570e-05,3.201864e-05,3.131916e-05,3.062729e-05,2.994308e-05,2.926656e-05,2.859778e-05,2.793677e-05,2.728358e-05,2.663822e-05,2.600074e-05,2.537117e-05,2.474954e-05,2.413588e-05,2.353022e-05,2.293258e-05,2.234299e-05,2.176147e-05,2.118805e-05,2.062274e-05,2.006557e-05,1.951655e-05,1.897570e-05,1.844303e-05,1.791856e-05,1.740231e-05,1.689427e-05,1.639446e-05,1.590288e-05,1.541955e-05,1.494446e-05,1.447761e-05,1.401901e-05,1.356866e-05,1.312654e-05,1.269266e-05,1.226701e-05,1.184958e-05,1.144036e-05,1.103934e-05,1.064649e-05,1.026181e-05,9.885279e-06,9.516866e-06,9.156553e-06,8.804313e-06,8.460117e-06,8.123933e-06,7.795728e-06,7.475463e-06,7.163099e-06,6.858592e-06,6.561893e-06,6.272953e-06,5.991715e-06,5.718120e-06,5.452103e-06,5.193594e-06,4.942517e-06,4.698791e-06,4.462326e-06,4.233027e-06,4.010787e-06,3.795493e-06,3.587021e-06,3.385233e-06,3.193222e-06,3.004262e-06,2.821489e-06,2.644708e-06,2.473702e-06,2.308236e-06,2.148048e-06,1.992854e-06,1.842340e-06,1.696164e-06,1.553948e-06,1.415283e-06,1.279721e-06,1.146778e-06,1.014972e-06,8.859400e-07,7.578506e-07,6.300580e-07,5.018778e-07,3.719031e-07,2.403703e-07,1.061781e-07,-3.147864e-08,-1.734234e-07,-3.204928e-07,-4.735304e-07,-6.333810e-07,-8.008846e-07,-9.768712e-07,-1.162156e-06,-1.357534e-06,-1.563777e-06,-1.781632e-06,-2.011813e-06,-2.255006e-06,-2.511862e-06,-2.782999e-06,-3.068998e-06,-3.370407e-06,-3.687738e-06,-4.021468e-06,-4.372040e-06,-4.739864e-06,-5.125316e-06,-5.528742e-06,-5.950457e-06,-6.390749e-06,-6.849874e-06,-7.328066e-06,-7.825532e-06,-8.342455e-06,-8.878997e-06,-9.435298e-06,-1.000152e-05,-1.059763e-05,-1.121381e-05,-1.185013e-05,-1.250664e-05,-1.318337e-05,-1.388034e-05,-1.459757e-05,-1.533504e-05,-1.609274e-05,-1.687064e-05,-1.766870e-05,-1.848688e-05,-1.932511e-05,-2.018334e-05,-2.106147e-05,-2.195943e-05,-2.287713e-05,-2.381447e-05,-2.477135e-05,-2.574764e-05,-2.674324e-05,-2.775802e-05,-2.879185e-05,-2.984459e-05,-3.091612e-05,-3.200628e-05,-3.311493e-05,-3.424191e-05,-3.538708e-05,-3.655026e-05,-3.773131e-05,-3.893005e-05,-4.014632e-05,-4.137995e-05,-4.263076e-05,-4.389858e-05,-4.518323e-05,-4.648454e-05,-4.780232e-05,-4.913640e-05,-5.048659e-05,-5.185270e-05,-5.323455e-05,-5.463195e-05,-5.604472e-05,-5.747268e-05,-5.891562e-05,-6.037336e-05,-6.184572e-05,-6.333251e-05,-6.483353e-05,-6.634859e-05,-6.787751e-05,-6.942010e-05,-7.097617e-05,-7.254554e-05,-7.412800e-05,-7.572338e-05,-7.733149e-05,-7.895214e-05,-8.058515e-05,-8.223033e-05,-8.388750e-05,-8.555647e-05,-8.723706e-05,-8.892909e-05,-9.063239e-05,-9.234676e-05,-9.407203e-05,-9.580803e-05,-9.755457e-05,-9.931149e-05,-1.010786e-04,-1.028557e-04,-1.046427e-04,-1.064394e-04,-1.082456e-04,-1.100612e-04,-1.118859e-04,-1.137196e-04,-1.155622e-04,-1.174135e-04,-1.192733e-04,-1.211415e-04,-1.230179e-04,-1.249023e-04,-1.267947e-04,-1.286948e-04,-1.306025e-04,-1.325176e-04,-1.344401e-04
0.6000,5.710105e-05,5.619199e-05,5.529155e-05,5.439695e-05,5.350827e-05,5.262557e-05,5.174893e-05,5.087840e-05,5.001406e-05,4.915597e-05,4.830419e-05,4.745879e-05,4.661983e-05,4.578737e-05,4.496148e-05,4.414221e-05,4.332964e-05,4.252381e-05,4.172478e-05,4.093262e-05,4.014738e-05,3.936911e-05,3.859788e-05,3.783373e-05,3.707671e-05,3.632689e-05,3.558431e-05,3.484903e-05,3.412108e-05,3.340052e-05,3.268740e-05,3.198176e-05,3.128365e-05,3.059311e-05,2.991018e-05,2.923490e-05,2.856731e-05,2.790746e-05,2.725537e-05,2.661109e-05,2.597464e-05,2.534607e-05,2.472540e-05,2.411267e-05,2.350789e-05,2.291111e-05,2.232235e-05,2.174163e-05,2.116897e-05,2.060440e-05,2.004794e-05,1.949961e-05,1.895942e-05,1.842738e-05,1.790353e-05,1.738785e-05,1.688038e-05,1.638111e-05,1.589006e-05,1.540723e-05,1.493262e-05,1.446624e-05,1.400808e-05,1.355816e-05,1.311646e-05,1.268298e-05,1.225771e-05,1.184065e-05,1.143178e-05,1.103110e-05,1.063858e-05,1.025421e-05,9.877983e-06,9.509862e-06,9.149830e-06,8.797860e-06,8.453924e-06,8.117990e-06,7.790026e-06,7.469993e-06,7.157852e-06,6.853558e-06,6.557066e-06,6.268324e-06,5.987276e-06,5.713863e-06,5.448021e-06,5.189680e-06,4.938764e-06,4.695191e-06,4.458873e-06,4.229712e-06,4.007604e-06,3.792435e-06,3.584080e-06,3.382402e-06,3.190489e-06,3.001621e-06,2.818933e-06,2.642227e-06,2.471287e-06,2.305876e-06,2.145732e-06,1.990570e-06,1.840075e-06,1.693903e-06,1.551676e-06,1.412983e-06,1.277375e-06,1.144365e-06,1.012483e-06,8.833407e-07,7.551160e-07,6.271615e-07,4.987906e-07,3.685795e-07,2.367929e-07,1.023134e-07,-3.566535e-08,-1.779681e-07,-3.254324e-07,-4.789026e-07,-6.392240e-07,-8.072368e-07,-9.837712e-07,-1.169642e-06,-1.365644e-06,-1.572550e-06,-1.791103e-06,-2.022020e-06,-2.265984e-06,-2.523645e-06,-2.795621e-06,-3.082493e-06,-3.384806e-06,-3.703072e-06,-4.037768e-06,-4.389335e-06,-4.758183e-06,-5.144686e-06,-5.549191e-06,-5.972012e-06,-6.413435e-06,-6.873718e-06,-7.353092e-06,-7.851765e-06,-8.369921e-06,-8.907720e-06,-9.465302e-06,-1.003282e-05,-1.063026e-05,-1.124780e-05,-1.188550e-05,-1.254341e-05,-1.322157e-05,-1.392000e-05,-1.463871e-05,-1.537769e-05,-1.613693e-05,-1.691640e-05,-1.771606e-05,-1.853586e-05,-1.937576e-05,-2.023567e-05,-2.111553e-05,-2.201525e-05,-2.293474e-05,-2.387391e-05,-2.483265e-05,-2.581085e-05,-2.680840e-05,-2.782517e-05,-2.886103e-05,-2.991585e-05,-3.098950e-05,-3.208183e-05,-3.319269e-05,-3.432194e-05,-3.546943e-05,-3.663499e-05,-3.781846e-05,-3.901969e-05,-4.023850e-05,-4.147473e-05,-4.272820e-05,-4.399875e-05,-4.528619e-05,-4.659036e-05,-4.791107e-05,-4.924814e-05,-5.060139e-05,-5.197064e-05,-5.335571e-05,-5.475640e-05,-5.617255e-05,-5.760394e-05,-5.905042e-05,-6.051177e-05,-6.198783e-05,-6.347840e-05,-6.498329e-05,-6.650231e-05,-6.803529e-05,-6.958202e-05,-7.114233e-05,-7.271602e-05,-7.430292e-05,-7.590283e-05,-7.751556e-05,-7.914094e-05,-8.077879e-05,-8.242890e-05,-8.409111e-05,-8.576523e-05,-8.745108e-05,-8.914848e-05,-9.085725e-05,-9.257721e-05,-9.430819e-05,-9.605001e-05,-9.780248e-05,-9.956545e-05,-1.013387e-04,-1.031222e-04,-1.049156e-04,-1.067188e-04,-1.085316e-04,-1.103539e-04,-1.121856e-04,-1.140263e-04,-1.158761e-04,-1.177346e-04,-1.196018e-04,-1.214775e-04,-1.233616e-04,-1.252538e-04,-1.271541e-04,-1.290622e-04,-1.309781e-04,-1.329016e-04,-1.348325e-04
0.6100,5.698645e-05,5.608104e-05,5.518411e-05,5.429294e-05,5.340761e-05,5.252817e-05,5.165471e-05,5.078727e-05,4.992594e-05,4.907078e-05,4.822186e-05,4.737923e-05,4.654297e-05,4.571314e-05,4.488980e-05,4.407301e-05,4.326284e-05,4.245935e-05,4.166259e-05,4.087262e-05,4.008951e-05,3.931331e-05,3.854408e-05,3.778187e-05,3.702674e-05,3.627875e-05,3.553793e-05,3.480435e-05,3.407805e-05,3.335909e-05,3.264752e-05,3.194337e-05,3.124670e-05,3.055755e-05,2.987596e-05,2.920198e-05,2.853565e-05,2.787700e-05,2.722608e-05,2.658292e-05,2.594756e-05,2.532004e-05,2.470037e-05,2.408861e-05,2.348477e-05,2.288889e-05,2.230100e-05,2.172111e-05,2.114926e-05,2.058546e-05,2.002974e-05,1.948212e-05,1.894262e-05,1.841125e-05,1.788803e-05,1.737297e-05,1.686608e-05,1.636738e-05,1.587687e-05,1.539456e-05,1.492046e-05,1.445456e-05,1.399687e-05,1.354740e-05,1.310612e-05,1.267306e-05,1.224819e-05,1.183151e-05,1.142301e-05,1.102267e-05,1.063050e-05,1.024646e-05,9.870539e-06,9.502720e-06,9.142977e-06,8.791286e-06,8.447618e-06,8.111943e-06,7.784226e-06,7.464432e-06,7.152520e-06,6.848447e-06,6.552166e-06,6.263627e-06,5.982774e-06,5.709549e-06,5.443886e-06,5.185717e-06,4.934965e-06,4.691549e-06,4.455380e-06,4.226362e-06,4.004388e-06,3.789346e-06,3.581111e-06,3.379545e-06,3.187731e-06,2.998959e-06,2.816357e-06,2.639727e-06,2.468854e-06,2.303499e-06,2.143400e-06,1.988271e-06,1.837795e-06,1.691628e-06,1.549390e-06,1.410670e-06,1.275016e-06,1.141940e-06,1.009981e-06,8.807286e-07,7.523686e-07,6.242517e-07,4.956897e-07,3.652417e-07,2.332007e-07,9.843334e-08,-3.986808e-08,-1.825295e-07,-3.303893e-07,-4.842927e-07,-6.450852e-07,-8.136076e-07,-9.906900e-07,-1.177147e-06,-1.373774e-06,-1.581341e-06,-1.800593e-06,-2.032244e-06,-2.276978e-06,-2.535443e-06,-2.808257e-06,-3.095999e-06,-3.399214e-06,-3.718413e-06,-4.054072e-06,-4.406630e-06,-4.776498e-06,-5.164049e-06,-5.569628e-06,-5.993549e-06,-6.436097e-06,-6.897531e-06,-7.378081e-06,-7.877954e-06,-8.397334e-06,-8.936381e-06,-9.495235e-06,-1.006403e-05,-1.066279e-05,-1.128168e-05,-1.192074e-05,-1.258005e-05,-1.325963e-05,-1.395950e-05,-1.467967e-05,-1.542015e-05,-1.618091e-05,-1.696192e-05,-1.776316e-05,-1.858457e-05,-1.942610e-05,-2.028767e-05,-2.116923e-05,-2.207068e-05,-2.299193e-05,-2.393290e-05,-2.489347e-05,-2.587355e-05,-2.687300e-05,-2.789171e-05,-2.892956e-05,-2.998642e-05,-3.106214e-05,-3.215658e-05,-3.326961e-05,-3.440108e-05,-3.555082e-05,-3.671869e-05,-3.790453e-05,-3.910817e-05,-4.032946e-05,-4.156821e-05,-4.282428e-05,-4.409747e-05,-4.538762e-05,-4.669456e-05,-4.801810e-05,-4.935807e-05,-5.071429e-05,-5.208658e-05,-5.347476e-05,-5.487863e-05,-5.629803e-05,-5.773275e-05,-5.918263e-05,-6.064748e-05,-6.212710e-05,-6.362131e-05,-6.512993e-05,-6.665277e-05,-6.818965e-05,-6.974037e-05,-7.130476e-05,-7.288262e-05,-7.447378e-05,-7.607804e-05,-7.769523e-05,-7.932515e-05,-8.096764e-05,-8.262250e-05,-8.428955e-05,-8.596862e-05,-8.765952e-05,-8.936207e-05,-9.107610e-05,-9.280143e-05,-9.453788e-05,-9.628528e-05,-9.804345e-05,-9.981222e-05,-1.015914e-04,-1.033809e-04,-1.051804e-04,-1.069899e-04,-1.088091e-04,-1.106379e-04,-1.124762e-04,-1.143237e-04,-1.161803e-04,-1.180458e-04,-1.199201e-04,-1.218030e-04,-1.236944e-04,-1.255941e-04,-1.275020e-04,-1.294179e-04,-1.313416e-04,-1.332730e-04,-1.352120e-04
0.6200,5.686644e-05,5.596486e-05,5.507161e-05,5.418404e-05,5.330221e-05,5.242620e-05,5.155606e-05,5.069187e-05,4.983370e-05,4.898162e-05,4.813569e-05,4.729597e-05,4.646255e-05,4.563547e-05,4.481480e-05,4.400062e-05,4.319297e-05,4.239193e-05,4.159755e-05,4.080990e-05,4.002903e-05,3.925501e-05,3.848788e-05,3.772771e-05,3.697456e-05,3.622848e-05,3.548951e-05,3.475773e-05,3.403317e-05,3.331589e-05,3.260593e-05,3.190335e-05,3.120820e-05,3.052051e-05,2.984034e-05,2.916772e-05,2.850271e-05,2.784533e-05,2.719563e-05,2.655366e-05,2.591944e-05,2.529301e-05,2.467440e-05,2.406366e-05,2.346080e-05,2.286586e-05,2.227888e-05,2.169986e-05,2.112885e-05,2.056587e-05,2.001093e-05,1.946406e-05,1.892528e-05,1.839460e-05,1.787204e-05,1.735762e-05,1.685135e-05,1.635324e-05,1.586330e-05,1.538154e-05,1.490796e-05,1.444256e-05,1.398536e-05,1.353635e-05,1.309552e-05,1.266288e-05,1.223843e-05,1.182214e-05,1.141402e-05,1.101406e-05,1.062223e-05,1.023853e-05,9.862937e-06,9.495430e-06,9.135988e-06,8.784585e-06,8.441194e-06,8.105784e-06,7.778323e-06,7.458775e-06,7.147098e-06,6.843252e-06,6.547189e-06,6.258859e-06,5.978206e-06,5.705173e-06,5.439694e-06,5.181701e-06,4.931117e-06,4.687862e-06,4.451845e-06,4.222972e-06,4.001137e-06,3.786225e-06,3.578111e-06,3.376659e-06,3.184947e-06,2.996272e-06,2.813758e-06,2.637207e-06,2.466402e-06,2.301105e-06,2.141052e-06,1.985956e-06,1.835500e-06,1.689339e-06,1.547091e-06,1.408343e-06,1.272643e-06,1.139502e-06,1.007467e-06,8.781035e-07,7.496079e-07,6.213283e-07,4.925749e-07,3.618893e-07,2.295934e-07,9.453760e-08,-4.408710e-08,-1.871078e-07,-3.353637e-07,-4.897008e-07,-6.509650e-07,-8.199974e-07,-9.976280e-07,-1.184671e-06,-1.381922e-06,-1.590150e-06,-1.810100e-06,-2.042485e-06,-2.287988e-06,-2.547257e-06,-2.820907e-06,-3.109517e-06,-3.413632e-06,-3.733762e-06,-4.070380e-06,-4.423927e-06,-4.794810e-06,-5.183405e-06,-5.590053e-06,-6.015070e-06,-6.458738e-06,-6.921317e-06,-7.403036e-06,-7.904102e-06,-8.424698e-06,-8.964985e-06,-9.525101e-06,-1.009517e-05,-1.069524e-05,-1.131546e-05,-1.195588e-05,-1.261657e-05,-1.329755e-05,-1.399884e-05,-1.472047e-05,-1.546242e-05,-1.622468e-05,-1.700723e-05,-1.781002e-05,-1.863301e-05,-1.947615e-05,-2.033937e-05,-2.122259e-05,-2.212574e-05,-2.304873e-05,-2.399147e-05,-2.495384e-05,-2.593575e-05,-2.693707e-05,-2.795770e-05,-2.899749e-05,-3.005633e-05,-3.113408e-05,-3.223060e-05,-3.334575e-05,-3.447937e-05,-3.563132e-05,-3.680144e-05,-3.798958e-05,-3.919558e-05,-4.041927e-05,-4.166049e-05,-4.291906e-05,-4.419483e-05,-4.548761e-05,-4.679723e-05,-4.812353e-05,-4.946631e-05,-5.082541e-05,-5.220063e-05,-5.359182e-05,-5.499877e-05,-5.642131e-05,-5.785926e-05,-5.931243e-05,-6.078064e-05,-6.226370e-05,-6.376143e-05,-6.527365e-05,-6.680017e-05,-6.834080e-05,-6.989537e-05,-7.146369e-05,-7.304557e-05,-7.464083e-05,-7.624928e-05,-7.787075e-05,-7.950505e-05,-8.115200e-05,-8.281143e-05,-8.448314e-05,-8.616696e-05,-8.786271e-05,-8.957021e-05,-9.128930e-05,-9.301978e-05,-9.476149e-05,-9.651425e-05,-9.827789e-05,-1.000522e-04,-1.018371e-04,-1.036324e-04,-1.054378e-04,-1.072533e-04,-1.090786e-04,-1.109137e-04,-1.127583e-04,-1.146122e-04,-1.164754e-04,-1.183476e-04,-1.202287e-04,-1.221186e-04,-1.240170e-04,-1.259239e-04,-1.278391e-04,-1.297623e-04,-1.316936e-04,-1.336326e-04,-1.355794e-04
0.6300,5.674067e-05,5.584309e-05,5.495371e-05,5.406991e-05,5.319176e-05,5.231933e-05,5.145269e-05,5.059190e-05,4.973705e-05,4.888820e-05,4.804541e-05,4.720875e-05,4.637830e-05,4.555411e-05,4.473626e-05,4.392481e-05,4.311982e-05,4.232136e-05,4.152948e-05,4.074426e-05,3.996575e-05,3.919400e-05,3.842910e-05,3.767107e-05,3.692000e-05,3.617593e-05,3.543892e-05,3.470902e-05,3.398629e-05,3.327077e-05,3.256252e-05,3.186159e-05,3.116803e-05,3.048188e-05,2.980320e-05,2.913202e-05,2.846839e-05,2.781235e-05,2.716394e-05,2.652320e-05,2.589018e-05,2.526490e-05,2.464741e-05,2.403773e-05,2.343591e-05,2.284197e-05,2.225593e-05,2.167784e-05,2.110771e-05,2.054557e-05,1.999145e-05,1.944537e-05,1.890734e-05,1.837739e-05,1.785553e-05,1.734178e-05,1.683615e-05,1.633866e-05,1.584932e-05,1.536812e-05,1.489509e-05,1.443022e-05,1.397352e-05,1.352499e-05,1.308464e-05,1.265244e-05,1.222842e-05,1.181254e-05,1.140482e-05,1.100524e-05,1.061377e-05,1.023042e-05,9.855167e-06,9.487983e-06,9.128851e-06,8.777746e-06,8.434641e-06,8.099507e-06,7.772310e-06,7.453014e-06,7.141581e-06,6.837968e-06,6.542129e-06,6.254014e-06,5.973567e-06,5.700731e-06,5.435441e-06,5.177628e-06,4.927217e-06,4.684126e-06,4.448267e-06,4.219542e-06,3.997847e-06,3.783068e-06,3.575079e-06,3.373744e-06,3.182135e-06,2.993559e-06,2.811135e-06,2.634664e-06,2.463929e-06,2.298691e-06,2.138685e-06,1.983624e-06,1.833190e-06,1.687035e-06,1.544777e-06,1.406003e-06,1.270258e-06,1.137050e-06,1.004938e-06,8.754650e-07,7.468335e-07,6.183909e-07,4.894456e-07,3.585220e-07,2.259707e-07,9.062590e-08,-4.832272e-08,-1.917032e-07,-3.403559e-07,-4.951272e-07,-6.568637e-07,-8.264064e-07,-1.004586e-06,-1.192215e-06,-1.390090e-06,-1.598980e-06,-1.819627e-06,-2.052746e-06,-2.299016e-06,-2.559087e-06,-2.833571e-06,-3.123048e-06,-3.428061e-06,-3.749119e-06,-4.086694e-06,-4.441226e-06,-4.813122e-06,-5.202756e-06,-5.610470e-06,-6.036576e-06,-6.481360e-06,-6.945078e-06,-7.427960e-06,-7.930212e-06,-8.452017e-06,-8.993535e-06,-9.554906e-06,-1.012625e-05,-1.072761e-05,-1.134915e-05,-1.199092e-05,-1.265297e-05,-1.333534e-05,-1.403805e-05,-1.476111e-05,-1.550453e-05,-1.626827e-05,-1.705233e-05,-1.785666e-05,-1.868121e-05,-1.952594e-05,-2.039077e-05,-2.127564e-05,-2.218047e-05,-2.310516e-05,-2.404963e-05,-2.501378e-05,-2.599749e-05,-2.700065e-05,-2.802315e-05,-2.906485e-05,-3.012564e-05,-3.120537e-05,-3.230392e-05,-3.342113e-05,-3.455686e-05,-3.571097e-05,-3.688329e-05,-3.807368e-05,-3.928197e-05,-4.050801e-05,-4.175162e-05,-4.301264e-05,-4.429090e-05,-4.558624e-05,-4.689848e-05,-4.822744e-05,-4.957295e-05,-5.093483e-05,-5.231291e-05,-5.370701e-05,-5.511694e-05,-5.654253e-05,-5.798359e-05,-5.943994e-05,-6.091140e-05,-6.239779e-05,-6.389893e-05,-6.541462e-05,-6.694469e-05,-6.848895e-05,-7.004723e-05,-7.161933e-05,-7.320508e-05,-7.480429e-05,-7.641679e-05,-7.804238e-05,-7.968090e-05,-8.133215e-05,-8.299596e-05,-8.467215e-05,-8.636055e-05,-8.806097e-05,-8.977323e-05,-9.149717e-05,-9.323261e-05,-9.497937e-05,-9.673729e-05,-9.850618e-05,-1.002859e-04,-1.020762e-04,-1.038770e-04,-1.056881e-04,-1.075094e-04,-1.093406e-04,-1.111817e-04,-1.130323e-04,-1.148925e-04,-1.167620e-04,-1.186406e-04,-1.205283e-04,-1.224248e-04,-1.243300e-04,-1.262438e-04,-1.281659e-04,-1.300963e-04,-1.320347e-04,-1.339812e-04,-1.359354e-04
0.6400,5.660874e-05,5.571537e-05,5.483004e-05,5.395020e-05,5.307590e-05,5.220723e-05,5.134426e-05,5.048705e-05,4.963568e-05,4.879022e-05,4.795073e-05,4.711729e-05,4.628996e-05,4.546882e-05,4.465392e-05,4.384534e-05,4.304315e-05,4.224740e-05,4.145815e-05,4.067548e-05,3.989945e-05,3.913011e-05,3.836754e-05,3.761178e-05,3.686289e-05,3.612094e-05,3.538598e-05,3.465807e-05,3.393726e-05,3.322360e-05,3.251715e-05,3.181796e-05,3.112608e-05,3.044155e-05,2.976443e-05,2.909476e-05,2.843259e-05,2.777795e-05,2.713090e-05,2.649147e-05,2.585971e-05,2.523565e-05,2.461932e-05,2.401077e-05,2.341003e-05,2.281713e-05,2.223210e-05,2.165497e-05,2.108577e-05,2.052453e-05,1.997126e-05,1.942600e-05,1.888877e-05,1.835958e-05,1.783845e-05,1.732540e-05,1.682045e-05,1.632361e-05,1.583488e-05,1.535428e-05,1.488182e-05,1.441751e-05,1.396134e-05,1.351331e-05,1.307344e-05,1.264172e-05,1.221814e-05,1.180269e-05,1.139538e-05,1.099619e-05,1.060511e-05,1.022212e-05,9.847216e-06,9.480367e-06,9.121557e-06,8.770761e-06,8.427952e-06,8.093102e-06,7.766178e-06,7.447144e-06,7.135962e-06,6.832590e-06,6.536981e-06,6.249087e-06,5.968852e-06,5.696219e-06,5.431123e-06,5.173496e-06,4.923262e-06,4.680339e-06,4.444640e-06,4.216068e-06,3.994518e-06,3.779874e-06,3.572013e-06,3.370797e-06,3.179294e-06,2.990820e-06,2.808487e-06,2.632099e-06,2.461435e-06,2.296257e-06,2.136300e-06,1.981275e-06,1.830863e-06,1.684715e-06,1.542449e-06,1.403648e-06,1.267858e-06,1.134585e-06,1.002397e-06,8.728126e-07,7.440451e-07,6.154393e-07,4.863018e-07,3.551396e-07,2.223324e-07,8.669791e-08,-5.257521e-08,-1.963162e-07,-3.453663e-07,-5.005723e-07,-6.627815e-07,-8.328350e-07,-1.011563e-06,-1.199779e-06,-1.398278e-06,-1.607829e-06,-1.829174e-06,-2.063024e-06,-2.310062e-06,-2.570934e-06,-2.846252e-06,-3.136594e-06,-3.442503e-06,-3.764485e-06,-4.103015e-06,-4.458530e-06,-4.831435e-06,-5.222104e-06,-5.630879e-06,-6.058072e-06,-6.503966e-06,-6.968817e-06,-7.452856e-06,-7.956288e-06,-8.479295e-06,-9.022037e-06,-9.584654e-06,-1.015725e-05,-1.075991e-05,-1.138276e-05,-1.202586e-05,-1.268926e-05,-1.337301e-05,-1.407712e-05,-1.480161e-05,-1.554647e-05,-1.631168e-05,-1.709723e-05,-1.790307e-05,-1.872917e-05,-1.957547e-05,-2.044190e-05,-2.132839e-05,-2.223487e-05,-2.316125e-05,-2.410742e-05,-2.507331e-05,-2.605879e-05,-2.706376e-05,-2.808809e-05,-2.913167e-05,-3.019437e-05,-3.127605e-05,-3.237658e-05,-3.349581e-05,-3.463361e-05,-3.578982e-05,-3.696430e-05,-3.815688e-05,-3.936741e-05,-4.059572e-05,-4.184167e-05,-4.310507e-05,-4.438577e-05,-4.568359e-05,-4.699837e-05,-4.832992e-05,-4.967809e-05,-5.104268e-05,-5.242352e-05,-5.382045e-05,-5.523327e-05,-5.666181e-05,-5.810588e-05,-5.956532e-05,-6.103993e-05,-6.252953e-05,-6.403395e-05,-6.555300e-05,-6.708650e-05,-6.863427e-05,-7.019613e-05,-7.177189e-05,-7.336137e-05,-7.496440e-05,-7.658078e-05,-7.821035e-05,-7.985293e-05,-8.150832e-05,-8.317636e-05,-8.485687e-05,-8.654967e-05,-8.825458e-05,-8.997143e-05,-9.170005e-05,-9.344025e-05,-9.519187e-05,-9.695474e-05,-9.872869e-05,-1.005135e-04,-1.023091e-04,-1.041153e-04,-1.059318e-04,-1.077586e-04,-1.095955e-04,-1.114423e-04,-1.132988e-04,-1.151650e-04,-1.170405e-04,-1.189253e-04,-1.208193e-04,-1.227222e-04,-1.246339e-04,-1.265542e-04,-1.284831e-04,-1.304203e-04,-1.323657e-04,-1.343192e-04,-1.362806e-04
0.6500,5.647025e-05,5.558128e-05,5.470021e-05,5.382451e-05,5.295427e-05,5.208955e-05,5.123043e-05,5.037697e-05,4.952926e-05,4.868736e-05,4.785134e-05,4.702128e-05,4.619724e-05,4.537930e-05,4.456751e-05,4.376195e-05,4.296270e-05,4.216980e-05,4.138333e-05,4.060335e-05,3.982993e-05,3.906312e-05,3.830300e-05,3.754962e-05,3.680304e-05,3.606332e-05,3.533053e-05,3.460471e-05,3.388592e-05,3.317422e-05,3.246967e-05,3.177231e-05,3.108219e-05,3.039938e-05,2.972391e-05,2.905583e-05,2.839519e-05,2.774204e-05,2.709642e-05,2.645837e-05,2.582793e-05,2.520515e-05,2.459005e-05,2.398269e-05,2.338309e-05,2.279128e-05,2.220731e-05,2.163120e-05,2.106298e-05,2.050267e-05,1.995031e-05,1.940592e-05,1.886951e-05,1.834112e-05,1.782076e-05,1.730845e-05,1.680421e-05,1.630804e-05,1.581997e-05,1.534000e-05,1.486813e-05,1.440439e-05,1.394877e-05,1.350128e-05,1.306192e-05,1.263068e-05,1.220756e-05,1.179257e-05,1.138569e-05,1.098691e-05,1.059622e-05,1.021362e-05,9.839071e-06,9.472570e-06,9.114094e-06,8.763618e-06,8.421117e-06,8.086561e-06,7.759919e-06,7.441156e-06,7.130233e-06,6.827110e-06,6.531739e-06,6.244073e-06,5.964057e-06,5.691632e-06,5.426736e-06,5.169299e-06,4.919247e-06,4.676498e-06,4.440964e-06,4.212548e-06,3.991145e-06,3.776641e-06,3.568911e-06,3.367817e-06,3.176422e-06,2.988051e-06,2.805813e-06,2.629508e-06,2.458918e-06,2.293802e-06,2.133896e-06,1.978907e-06,1.828518e-06,1.682378e-06,1.540104e-06,1.401278e-06,1.265443e-06,1.132105e-06,9.998404e-07,8.701459e-07,7.412423e-07,6.124730e-07,4.831428e-07,3.517417e-07,2.186779e-07,8.275334e-08,-5.684489e-08,-2.009470e-07,-3.503950e-07,-5.060364e-07,-6.687188e-07,-8.392834e-07,-1.018561e-06,-1.207364e-06,-1.406487e-06,-1.616698e-06,-1.838740e-06,-2.073323e-06,-2.321127e-06,-2.582798e-06,-2.858948e-06,-3.150154e-06,-3.456957e-06,-3.779863e-06,-4.119344e-06,-4.475838e-06,-4.849750e-06,-5.241451e-06,-5.651283e-06,-6.079557e-06,-6.526556e-06,-6.992536e-06,-7.477726e-06,-7.982332e-06,-8.506534e-06,-9.050493e-06,-9.614349e-06,-1.018819e-05,-1.079213e-05,-1.141628e-05,-1.206071e-05,-1.272546e-05,-1.341057e-05,-1.411607e-05,-1.484196e-05,-1.558825e-05,-1.635492e-05,-1.714195e-05,-1.794929e-05,-1.877692e-05,-1.962476e-05,-2.049277e-05,-2.138086e-05,-2.228897e-05,-2.321700e-05,-2.416486e-05,-2.513246e-05,-2.611968e-05,-2.712642e-05,-2.815256e-05,-2.919798e-05,-3.026255e-05,-3.134614e-05,-3.244862e-05,-3.356983e-05,-3.470965e-05,-3.586792e-05,-3.704450e-05,-3.823922e-05,-3.945194e-05,-4.068248e-05,-4.193070e-05,-4.319643e-05,-4.447950e-05,-4.577974e-05,-4.709699e-05,-4.843107e-05,-4.978181e-05,-5.114903e-05,-5.253256e-05,-5.393223e-05,-5.534785e-05,-5.677925e-05,-5.822625e-05,-5.968867e-05,-6.116633e-05,-6.265905e-05,-6.416665e-05,-6.568895e-05,-6.722577e-05,-6.877692e-05,-7.034224e-05,-7.192153e-05,-7.351462e-05,-7.512133e-05,-7.674147e-05,-7.837488e-05,-8.002137e-05,-8.168076e-05,-8.335287e-05,-8.503754e-05,-8.673458e-05,-8.844382e-05,-9.016509e-05,-9.189820e-05,-9.364300e-05,-9.539930e-05,-9.716694e-05,-9.894575e-05,-1.007356e-04,-1.025362e-04,-1.043475e-04,-1.061693e-04,-1.080014e-04,-1.098437e-04,-1.116961e-04,-1.135582e-04,-1.154301e-04,-1.173115e-04,-1.192022e-04,-1.211022e-04,-1.230112e-04,-1.249292e-04,-1.268559e-04,-1.287912e-04,-1.307350e-04,-1.326871e-04,-1.346473e-04,-1.366156e-04
0.6600,5.632474e-05,5.544040e-05,5.456379e-05,5.369245e-05,5.282646e-05,5.196588e-05,5.111081e-05,5.026130e-05,4.941743e-05,4.857928e-05,4.774691e-05,4.692040e-05,4.609982e-05,4.528524e-05,4.447673e-05,4.367436e-05,4.287819e-05,4.208830e-05,4.130475e-05,4.052760e-05,3.975693e-05,3.899279e-05,3.823526e-05,3.748439e-05,3.674024e-05,3.600288e-05,3.527236e-05,3.454875e-05,3.383210e-05,3.312247e-05,3.241991e-05,3.172448e-05,3.103624e-05,3.035522e-05,2.968149e-05,2.901509e-05,2.835608e-05,2.770449e-05,2.706037e-05,2.642378e-05,2.579474e-05,2.517330e-05,2.455951e-05,2.395340e-05,2.335500e-05,2.276435e-05,2.218149e-05,2.160645e-05,2.103925e-05,2.047994e-05,1.992852e-05,1.938504e-05,1.884952e-05,1.832197e-05,1.780241e-05,1.729088e-05,1.678738e-05,1.629192e-05,1.580453e-05,1.532522e-05,1.485399e-05,1.439085e-05,1.393581e-05,1.348887e-05,1.305003e-05,1.261931e-05,1.219668e-05,1.178215e-05,1.137572e-05,1.097737e-05,1.058710e-05,1.020488e-05,9.830716e-06,9.464579e-06,9.106449e-06,8.756306e-06,8.414124e-06,8.079873e-06,7.753524e-06,7.435041e-06,7.124387e-06,6.821520e-06,6.526396e-06,6.238965e-06,5.959174e-06,5.686965e-06,5.422275e-06,5.165034e-06,4.915169e-06,4.672598e-06,4.437233e-06,4.208978e-06,3.987727e-06,3.773366e-06,3.565769e-06,3.364800e-06,3.173517e-06,2.985252e-06,2.803111e-06,2.626892e-06,2.456377e-06,2.291325e-06,2.131470e-06,1.976520e-06,1.826155e-06,1.680024e-06,1.537743e-06,1.398891e-06,1.263012e-06,1.129609e-06,9.972693e-07,8.674644e-07,7.384246e-07,6.094915e-07,4.799685e-07,3.483279e-07,2.150072e-07,7.879185e-08,-6.113206e-08,-2.055959e-07,-3.554423e-07,-5.115197e-07,-6.746758e-07,-8.457521e-07,-1.025579e-06,-1.214969e-06,-1.414716e-06,-1.625588e-06,-1.848326e-06,-2.083641e-06,-2.332211e-06,-2.594681e-06,-2.871662e-06,-3.163730e-06,-3.471424e-06,-3.795252e-06,-4.135683e-06,-4.493154e-06,-4.868068e-06,-5.260798e-06,-5.671683e-06,-6.101035e-06,-6.549135e-06,-7.016238e-06,-7.502574e-06,-8.008347e-06,-8.533738e-06,-9.078908e-06,-9.643994e-06,-1.021908e-05,-1.082429e-05,-1.144973e-05,-1.209547e-05,-1.276155e-05,-1.344802e-05,-1.415490e-05,-1.488219e-05,-1.562989e-05,-1.639800e-05,-1.718649e-05,-1.799532e-05,-1.882445e-05,-1.967383e-05,-2.054339e-05,-2.143306e-05,-2.234277e-05,-2.327244e-05,-2.422196e-05,-2.519124e-05,-2.618018e-05,-2.718867e-05,-2.821659e-05,-2.926381e-05,-3.033022e-05,-3.141569e-05,-3.252007e-05,-3.364323e-05,-3.478503e-05,-3.594531e-05,-3.712394e-05,-3.832076e-05,-3.953561e-05,-4.076834e-05,-4.201878e-05,-4.328678e-05,-4.457216e-05,-4.587476e-05,-4.719441e-05,-4.853095e-05,-4.988419e-05,-5.125397e-05,-5.264012e-05,-5.404245e-05,-5.546079e-05,-5.689497e-05,-5.834481e-05,-5.981012e-05,-6.129074e-05,-6.278648e-05,-6.429716e-05,-6.582260e-05,-6.736263e-05,-6.891706e-05,-7.048572e-05,-7.206843e-05,-7.366501e-05,-7.527527e-05,-7.689905e-05,-7.853616e-05,-8.018642e-05,-8.184967e-05,-8.352572e-05,-8.521440e-05,-8.691553e-05,-8.862894e-05,-9.035446e-05,-9.209192e-05,-9.384114e-05,-9.560195e-05,-9.737418e-05,-9.915767e-05,-1.009522e-04,-1.027577e-04,-1.045740e-04,-1.064008e-04,-1.082381e-04,-1.100856e-04,-1.119433e-04,-1.138109e-04,-1.156882e-04,-1.175752e-04,-1.194717e-04,-1.213775e-04,-1.232924e-04,-1.252164e-04,-1.271492e-04,-1.290907e-04,-1.310408e-04,-1.329993e-04,-1.349661e-04,-1.369410e-04
0.6700,5.617174e-05,5.529225e-05,5.442032e-05,5.355356e-05,5.269203e-05,5.183582e-05,5.098499e-05,5.013963e-05,4.929981e-05,4.846559e-05,4.763707e-05,4.681430e-05,4.599736e-05,4.518632e-05,4.438125e-05,4.358223e-05,4.278933e-05,4.200260e-05,4.122213e-05,4.044797e-05,3.968020e-05,3.891887e-05,3.816407e-05,3.741584e-05,3.667426e-05,3.593939e-05,3.521128e-05,3.449000e-05,3.377560e-05,3.306815e-05,3.236770e-05,3.167431e-05,3.098804e-05,3.030893e-05,2.963703e-05,2.897241e-05,2.831511e-05,2.766517e-05,2.702265e-05,2.638758e-05,2.576002e-05,2.514001e-05,2.452759e-05,2.392279e-05,2.332567e-05,2.273624e-05,2.215455e-05,2.158064e-05,2.101453e-05,2.045626e-05,1.990585e-05,1.936333e-05,1.882872e-05,1.830206e-05,1.778336e-05,1.727263e-05,1.676991e-05,1.627521e-05,1.578854e-05,1.530991e-05,1.483934e-05,1.437684e-05,1.392240e-05,1.347605e-05,1.303777e-05,1.260757e-05,1.218546e-05,1.177142e-05,1.136546e-05,1.096756e-05,1.057771e-05,1.019591e-05,9.822138e-06,9.456377e-06,9.098609e-06,8.748812e-06,8.406961e-06,8.073028e-06,7.746982e-06,7.428790e-06,7.118414e-06,6.815814e-06,6.520944e-06,6.233757e-06,5.954199e-06,5.682212e-06,5.417734e-06,5.160695e-06,4.911023e-06,4.668636e-06,4.433445e-06,4.205354e-06,3.984259e-06,3.770045e-06,3.562586e-06,3.361746e-06,3.170577e-06,2.982421e-06,2.800378e-06,2.624248e-06,2.453811e-06,2.288824e-06,2.129022e-06,1.974112e-06,1.823772e-06,1.677652e-06,1.535364e-06,1.396488e-06,1.260566e-06,1.127098e-06,9.946827e-07,8.647675e-07,7.355914e-07,6.064945e-07,4.767783e-07,3.448977e-07,2.113196e-07,7.481311e-08,-6.543706e-08,-2.102631e-07,-3.605087e-07,-5.170226e-07,-6.806529e-07,-8.522413e-07,-1.032618e-06,-1.222595e-06,-1.422967e-06,-1.634500e-06,-1.857934e-06,-2.093980e-06,-2.343314e-06,-2.606582e-06,-2.884393e-06,-3.177321e-06,-3.485907e-06,-3.810654e-06,-4.152032e-06,-4.510477e-06,-4.886391e-06,-5.280147e-06,-5.692082e-06,-6.122506e-06,-6.571703e-06,-7.039925e-06,-7.527401e-06,-8.034336e-06,-8.560910e-06,-9.107283e-06,-9.673594e-06,-1.024991e-05,-1.085639e-05,-1.148311e-05,-1.213016e-05,-1.279756e-05,-1.348537e-05,-1.419361e-05,-1.492229e-05,-1.567140e-05,-1.644093e-05,-1.723087e-05,-1.804117e-05,-1.887179e-05,-1.972268e-05,-2.059377e-05,-2.148501e-05,-2.239631e-05,-2.332758e-05,-2.427874e-05,-2.524968e-05,-2.624031e-05,-2.725052e-05,-2.828018e-05,-2.932919e-05,-3.039740e-05,-3.148471e-05,-3.259096e-05,-3.371603e-05,-3.485977e-05,-3.602203e-05,-3.720267e-05,-3.840154e-05,-3.961848e-05,-4.085334e-05,-4.210595e-05,-4.337616e-05,-4.466380e-05,-4.596870e-05,-4.729070e-05,-4.862963e-05,-4.998532e-05,-5.135759e-05,-5.274627e-05,-5.415120e-05,-5.557219e-05,-5.700906e-05,-5.846165e-05,-5.992978e-05,-6.141326e-05,-6.291193e-05,-6.442560e-05,-6.595409e-05,-6.749723e-05,-6.905483e-05,-7.062673e-05,-7.221274e-05,-7.381269e-05,-7.542639e-05,-7.705368e-05,-7.869437e-05,-8.034828e-05,-8.201525e-05,-8.369510e-05,-8.538765e-05,-8.709274e-05,-8.881018e-05,-9.053980e-05,-9.228144e-05,-9.403492e-05,-9.580008e-05,-9.757675e-05,-9.936475e-05,-1.011639e-04,-1.029741e-04,-1.047951e-04,-1.066268e-04,-1.084690e-04,-1.103216e-04,-1.121844e-04,-1.140572e-04,-1.159398e-04,-1.178322e-04,-1.197342e-04,-1.216456e-04,-1.235662e-04,-1.254959e-04,-1.274346e-04,-1.293821e-04,-1.313383e-04,-1.333030e-04,-1.352760e-04,-1.372573e-04
0.6800,5.601072e-05,5.513632e-05,5.426931e-05,5.340735e-05,5.255052e-05,5.169889e-05,5.085253e-05,5.001154e-05,4.917597e-05,4.834590e-05,4.752141e-05,4.670258e-05,4.588948e-05,4.508217e-05,4.428074e-05,4.348525e-05,4.269578e-05,4.191239e-05,4.113516e-05,4.036416e-05,3.959944e-05,3.884109e-05,3.808917e-05,3.734373e-05,3.660486e-05,3.587261e-05,3.514704e-05,3.442822e-05,3.371621e-05,3.301107e-05,3.231285e-05,3.162162e-05,3.093742e-05,3.026032e-05,2.959037e-05,2.892762e-05,2.827213e-05,2.762394e-05,2.698310e-05,2.634966e-05,2.572366e-05,2.510515e-05,2.449418e-05,2.389078e-05,2.329499e-05,2.270686e-05,2.212641e-05,2.155369e-05,2.098873e-05,2.043155e-05,1.988220e-05,1.934069e-05,1.880706e-05,1.828133e-05,1.776353e-05,1.725367e-05,1.675177e-05,1.625786e-05,1.577194e-05,1.529404e-05,1.482416e-05,1.436232e-05,1.390853e-05,1.346278e-05,1.302509e-05,1.259545e-05,1.217387e-05,1.176035e-05,1.135487e-05,1.095744e-05,1.056805e-05,1.018668e-05,9.813316e-06,9.447950e-06,9.090559e-06,8.741122e-06,8.399616e-06,8.066013e-06,7.740283e-06,7.422393e-06,7.112306e-06,6.809982e-06,6.515376e-06,6.228441e-06,5.949123e-06,5.677366e-06,5.413107e-06,5.156278e-06,4.906804e-06,4.664606e-06,4.429594e-06,4.201674e-06,3.980739e-06,3.766676e-06,3.559359e-06,3.358650e-06,3.167599e-06,2.979555e-06,2.797614e-06,2.621574e-06,2.451217e-06,2.286297e-06,2.126550e-06,1.971682e-06,1.821369e-06,1.675260e-06,1.532967e-06,1.394068e-06,1.258102e-06,1.124571e-06,9.920801e-07,8.620547e-07,7.327424e-07,6.034815e-07,4.735718e-07,3.414509e-07,2.076150e-07,7.081674e-08,-6.976022e-08,-2.149492e-07,-3.655944e-07,-5.225453e-07,-6.866504e-07,-8.587513e-07,-1.039678e-06,-1.230243e-06,-1.431239e-06,-1.643432e-06,-1.867563e-06,-2.104339e-06,-2.354438e-06,-2.618503e-06,-2.897142e-06,-3.190930e-06,-3.500404e-06,-3.826069e-06,-4.168392e-06,-4.527808e-06,-4.904720e-06,-5.299498e-06,-5.712479e-06,-6.143974e-06,-6.594262e-06,-7.063598e-06,-7.552210e-06,-8.060302e-06,-8.588053e-06,-9.135623e-06,-9.703151e-06,-1.028070e-05,-1.088843e-05,-1.151643e-05,-1.216477e-05,-1.283349e-05,-1.352263e-05,-1.423222e-05,-1.496227e-05,-1.571278e-05,-1.648372e-05,-1.727509e-05,-1.808684e-05,-1.891894e-05,-1.977133e-05,-2.064394e-05,-2.153672e-05,-2.244958e-05,-2.338244e-05,-2.433521e-05,-2.530780e-05,-2.630010e-05,-2.731199e-05,-2.834338e-05,-2.939413e-05,-3.046413e-05,-3.155324e-05,-3.266133e-05,-3.378827e-05,-3.493391e-05,-3.609811e-05,-3.728073e-05,-3.848161e-05,-3.970059e-05,-4.093753e-05,-4.219227e-05,-4.346464e-05,-4.475448e-05,-4.606163e-05,-4.738592e-05,-4.872718e-05,-5.008525e-05,-5.145995e-05,-5.285110e-05,-5.425855e-05,-5.568211e-05,-5.712162e-05,-5.857688e-05,-6.004774e-05,-6.153401e-05,-6.303551e-05,-6.455208e-05,-6.608353e-05,-6.762968e-05,-6.919037e-05,-7.076540e-05,-7.235461e-05,-7.395782e-05,-7.557485e-05,-7.720553e-05,-7.884968e-05,-8.050713e-05,-8.217770e-05,-8.386122e-05,-8.555751e-05,-8.726641e-05,-8.898774e-05,-9.072133e-05,-9.246701e-05,-9.422460e-05,-9.599395e-05,-9.777489e-05,-9.956724e-05,-1.013709e-04,-1.031855e-04,-1.050112e-04,-1.068475e-04,-1.086945e-04,-1.105519e-04,-1.124196e-04,-1.142975e-04,-1.161853e-04,-1.180829e-04,-1.199901e-04,-1.219069e-04,-1.238330e-04,-1.257683e-04,-1.277126e-04,-1.296659e-04,-1.316279e-04,-1.335985e-04,-1.355776e-04,-1.375649e-04
0.6900,5.584113e-05,5.497207e-05,5.411023e-05,5.325332e-05,5.240142e-05,5.155461e-05,5.071296e-05,4.987655e-05,4.904546e-05,4.821976e-05,4.739953e-05,4.658484e-05,4.577578e-05,4.497240e-05,4.417480e-05,4.338304e-05,4.259719e-05,4.181733e-05,4.104352e-05,4.027584e-05,3.951436e-05,3.875914e-05,3.801026e-05,3.726778e-05,3.653177e-05,3.580229e-05,3.507941e-05,3.436319e-05,3.365370e-05,3.295099e-05,3.225513e-05,3.156618e-05,3.088419e-05,3.020922e-05,2.954133e-05,2.888056e-05,2.822698e-05,2.758064e-05,2.694158e-05,2.630985e-05,2.568551e-05,2.506860e-05,2.445916e-05,2.385723e-05,2.326286e-05,2.267610e-05,2.209696e-05,2.152550e-05,2.096175e-05,2.040574e-05,1.985750e-05,1.931707e-05,1.878447e-05,1.825972e-05,1.774286e-05,1.723391e-05,1.673288e-05,1.623980e-05,1.575469e-05,1.527755e-05,1.480840e-05,1.434726e-05,1.389414e-05,1.344903e-05,1.301196e-05,1.258291e-05,1.216189e-05,1.174891e-05,1.134395e-05,1.094701e-05,1.055808e-05,1.017716e-05,9.804233e-06,9.439278e-06,9.082281e-06,8.733221e-06,8.392074e-06,8.058815e-06,7.733414e-06,7.415838e-06,7.106051e-06,6.804014e-06,6.509682e-06,6.223008e-06,5.943940e-06,5.672421e-06,5.408389e-06,5.151776e-06,4.902508e-06,4.660504e-06,4.425678e-06,4.197932e-06,3.977163e-06,3.763255e-06,3.556084e-06,3.355511e-06,3.164580e-06,2.976651e-06,2.794815e-06,2.618869e-06,2.448593e-06,2.283744e-06,2.124054e-06,1.969228e-06,1.818944e-06,1.672848e-06,1.530551e-06,1.391629e-06,1.255621e-06,1.120906e-06,9.894607e-07,8.593253e-07,7.298768e-07,6.004518e-07,4.703485e-07,3.379870e-07,2.038928e-07,6.680236e-08,-7.410192e-08,-2.196543e-07,-3.706998e-07,-5.280883e-07,-6.926685e-07,-8.652824e-07,-1.046759e-06,-1.237912e-06,-1.439533e-06,-1.652387e-06,-1.877213e-06,-2.114719e-06,-2.365582e-06,-2.630443e-06,-2.909910e-06,-3.204556e-06,-3.514918e-06,-3.841498e-06,-4.184764e-06,-4.545150e-06,-4.923057e-06,-5.318853e-06,-5.732877e-06,-6.165438e-06,-6.616814e-06,-7.087260e-06,-7.577003e-06,-8.086246e-06,-8.615169e-06,-9.163930e-06,-9.732668e-06,-1.031144e-05,-1.092042e-05,-1.154968e-05,-1.219931e-05,-1.286933e-05,-1.355980e-05,-1.427074e-05,-1.500215e-05,-1.575403e-05,-1.652638e-05,-1.731916e-05,-1.813236e-05,-1.896591e-05,-1.981978e-05,-2.069390e-05,-2.158820e-05,-2.250261e-05,-2.343704e-05,-2.439141e-05,-2.536561e-05,-2.635955e-05,-2.737311e-05,-2.840619e-05,-2.945866e-05,-3.053041e-05,-3.162130e-05,-3.273120e-05,-3.385997e-05,-3.500749e-05,-3.617359e-05,-3.735814e-05,-3.856099e-05,-3.978198e-05,-4.102096e-05,-4.227777e-05,-4.355226e-05,-4.484425e-05,-4.615360e-05,-4.748012e-05,-4.882366e-05,-5.018405e-05,-5.156111e-05,-5.295468e-05,-5.436459e-05,-5.579066e-05,-5.723271e-05,-5.869058e-05,-6.016410e-05,-6.165307e-05,-6.315734e-05,-6.467672e-05,-6.621103e-05,-6.776011e-05,-6.932378e-05,-7.090186e-05,-7.249417e-05,-7.410054e-05,-7.572080e-05,-7.735477e-05,-7.900227e-05,-8.066313e-05,-8.233719e-05,-8.402425e-05,-8.572416e-05,-8.743675e-05,-8.916183e-05,-9.089925e-05,-9.264883e-05,-9.441040e-05,-9.618380e-05,-9.796886e-05,-9.976541e-05,-1.015733e-04,-1.033923e-04,-1.052224e-04,-1.070633e-04,-1.089149e-04,-1.107770e-04,-1.126494e-04,-1.145321e-04,-1.164248e-04,-1.183274e-04,-1.202398e-04,-1.221617e-04,-1.240931e-04,-1.260338e-04,-1.279836e-04,-1.299423e-04,-1.319100e-04,-1.338863e-04,-1.358712e-04,-1.378645e-04
0.7000,5.566236e-05,5.479892e-05,5.394251e-05,5.309091e-05,5.224419e-05,5.140245e-05,5.056574e-05,4.973417e-05,4.890779e-05,4.808668e-05,4.727094e-05,4.646062e-05,4.565582e-05,4.485659e-05,4.406303e-05,4.327519e-05,4.249317e-05,4.171703e-05,4.094683e-05,4.018267e-05,3.942460e-05,3.867269e-05,3.792703e-05,3.718767e-05,3.645469e-05,3.572814e-05,3.500811e-05,3.429464e-05,3.358782e-05,3.288769e-05,3.219433e-05,3.150779e-05,3.082813e-05,3.015541e-05,2.948970e-05,2.883103e-05,2.817948e-05,2.753509e-05,2.689792e-05,2.626802e-05,2.564543e-05,2.503020e-05,2.442238e-05,2.382202e-05,2.322916e-05,2.264384e-05,2.206609e-05,2.149597e-05,2.093350e-05,2.037872e-05,1.983167e-05,1.929237e-05,1.876085e-05,1.823715e-05,1.772129e-05,1.721330e-05,1.671319e-05,1.622099e-05,1.573672e-05,1.526039e-05,1.479202e-05,1.433162e-05,1.387920e-05,1.343477e-05,1.299834e-05,1.256991e-05,1.214948e-05,1.173706e-05,1.133264e-05,1.093622e-05,1.054779e-05,1.016734e-05,9.794865e-06,9.430342e-06,9.073756e-06,8.725090e-06,8.384319e-06,8.051419e-06,7.726361e-06,7.409112e-06,7.099638e-06,6.797899e-06,6.503852e-06,6.217450e-06,5.938641e-06,5.667369e-06,5.403572e-06,5.147182e-06,4.898127e-06,4.656325e-06,4.421690e-06,4.194125e-06,3.973526e-06,3.759779e-06,3.552757e-06,3.352324e-06,3.161518e-06,2.973708e-06,2.791979e-06,2.616130e-06,2.445939e-06,2.281162e-06,2.121530e-06,1.966750e-06,1.816496e-06,1.670414e-06,1.528114e-06,1.389170e-06,1.253121e-06,1.118354e-06,9.868238e-07,8.565787e-07,7.269942e-07,5.974051e-07,4.666244e-07,3.345054e-07,2.001527e-07,6.276957e-08,-7.846253e-08,-2.243788e-07,-3.758251e-07,-5.336517e-07,-6.987077e-07,-8.718350e-07,-1.053863e-06,-1.245604e-06,-1.447849e-06,-1.661363e-06,-1.886885e-06,-2.125122e-06,-2.376747e-06,-2.642404e-06,-2.922698e-06,-3.218200e-06,-3.529448e-06,-3.856942e-06,-4.201149e-06,-4.562502e-06,-4.941401e-06,-5.338214e-06,-5.753278e-06,-6.186900e-06,-6.639361e-06,-7.110913e-06,-7.601782e-06,-8.112171e-06,-8.642260e-06,-9.192207e-06,-9.762150e-06,-1.034213e-05,-1.095235e-05,-1.158288e-05,-1.223378e-05,-1.290510e-05,-1.359689e-05,-1.430915e-05,-1.504191e-05,-1.579517e-05,-1.656890e-05,-1.736310e-05,-1.817772e-05,-1.901272e-05,-1.986805e-05,-2.074366e-05,-2.163947e-05,-2.255541e-05,-2.349139e-05,-2.444733e-05,-2.542313e-05,-2.641868e-05,-2.743389e-05,-2.846864e-05,-2.952281e-05,-3.059628e-05,-3.168892e-05,-3.280059e-05,-3.393118e-05,-3.508052e-05,-3.624850e-05,-3.743495e-05,-3.863972e-05,-3.986268e-05,-4.110366e-05,-4.236251e-05,-4.363906e-05,-4.493317e-05,-4.624466e-05,-4.757337e-05,-4.891913e-05,-5.028179e-05,-5.166116e-05,-5.305708e-05,-5.446938e-05,-5.589789e-05,-5.734243e-05,-5.880284e-05,-6.027893e-05,-6.177054e-05,-6.327749e-05,-6.479961e-05,-6.633671e-05,-6.788863e-05,-6.945520e-05,-7.103623e-05,-7.263155e-05,-7.424099e-05,-7.586437e-05,-7.750152e-05,-7.915227e-05,-8.081644e-05,-8.249386e-05,-8.418437e-05,-8.588778e-05,-8.760393e-05,-8.933265e-05,-9.107376e-05,-9.282711e-05,-9.459253e-05,-9.636984e-05,-9.815888e-05,-9.995949e-05,-1.017715e-04,-1.035948e-04,-1.054291e-04,-1.072743e-04,-1.091304e-04,-1.109970e-04,-1.128740e-04,-1.147614e-04,-1.166588e-04,-1.185663e-04,-1.204835e-04,-1.224105e-04,-1.243469e-04,-1.262928e-04,-1.282478e-04,-1.302119e-04,-1.321850e-04,-1.341668e-04,-1.361573e-04,-1.381563e-04
0.7100,5.547376e-05,5.461622e-05,5.376552e-05,5.291950e-05,5.207824e-05,5.124183e-05,5.041033e-05,4.958384e-05,4.876242e-05,4.794617e-05,4.713515e-05,4.632944e-05,4.552912e-05,4.473427e-05,4.394497e-05,4.316129e-05,4.238330e-05,4.161108e-05,4.084471e-05,4.008426e-05,3.932980e-05,3.858140e-05,3.783913e-05,3.710308e-05,3.637329e-05,3.564986e-05,3.493283e-05,3.422228e-05,3.351828e-05,3.282089e-05,3.213017e-05,3.144618e-05,3.076900e-05,3.009867e-05,2.943527e-05,2.877883e-05,2.812943e-05,2.748712e-05,2.685195e-05,2.622397e-05,2.560324e-05,2.498980e-05,2.438371e-05,2.378501e-05,2.319374e-05,2.260995e-05,2.203368e-05,2.146497e-05,2.090386e-05,2.035039e-05,1.980459e-05,1.926649e-05,1.873613e-05,1.821354e-05,1.769874e-05,1.719176e-05,1.669263e-05,1.620136e-05,1.571797e-05,1.524250e-05,1.477494e-05,1.431532e-05,1.386365e-05,1.341994e-05,1.298419e-05,1.255641e-05,1.213661e-05,1.172479e-05,1.132094e-05,1.092506e-05,1.053715e-05,1.015720e-05,9.785190e-06,9.421119e-06,9.064965e-06,8.716711e-06,8.376334e-06,8.043809e-06,7.719109e-06,7.402202e-06,7.093054e-06,6.791626e-06,6.497876e-06,6.211756e-06,5.933216e-06,5.662201e-06,5.398647e-06,5.142490e-06,4.893655e-06,4.652062e-06,4.417624e-06,4.190247e-06,3.969824e-06,3.756242e-06,3.549376e-06,3.349087e-06,3.158409e-06,2.970722e-06,2.789104e-06,2.613355e-06,2.443251e-06,2.278549e-06,2.118979e-06,1.964245e-06,1.814024e-06,1.667957e-06,1.525655e-06,1.386691e-06,1.250601e-06,1.115784e-06,9.841686e-07,8.538141e-07,7.240937e-07,5.943406e-07,4.633509e-07,3.310058e-07,1.963941e-07,5.871793e-08,-8.284246e-08,-2.291232e-07,-3.809708e-07,-5.392361e-07,-7.047683e-07,-8.784093e-07,-1.060989e-06,-1.253318e-06,-1.456187e-06,-1.670362e-06,-1.896580e-06,-2.135546e-06,-2.387934e-06,-2.654386e-06,-2.935505e-06,-3.231863e-06,-3.543995e-06,-3.872401e-06,-4.217547e-06,-4.579865e-06,-4.959754e-06,-5.357580e-06,-5.773681e-06,-6.208363e-06,-6.661905e-06,-7.134558e-06,-7.626549e-06,-8.138080e-06,-8.669330e-06,-9.220457e-06,-9.791598e-06,-1.037279e-05,-1.098424e-05,-1.161602e-05,-1.226820e-05,-1.294081e-05,-1.363389e-05,-1.434748e-05,-1.508159e-05,-1.583620e-05,-1.661131e-05,-1.740690e-05,-1.822293e-05,-1.905937e-05,-1.991615e-05,-2.079323e-05,-2.169053e-05,-2.260798e-05,-2.354550e-05,-2.450299e-05,-2.548036e-05,-2.647752e-05,-2.749435e-05,-2.853075e-05,-2.958659e-05,-3.066175e-05,-3.175611e-05,-3.286954e-05,-3.400190e-05,-3.515305e-05,-3.632286e-05,-3.751117e-05,-3.871785e-05,-3.994273e-05,-4.118567e-05,-4.244651e-05,-4.372510e-05,-4.502126e-05,-4.633485e-05,-4.766570e-05,-4.901364e-05,-5.037851e-05,-5.176014e-05,-5.315835e-05,-5.457299e-05,-5.600388e-05,-5.745085e-05,-5.891373e-05,-6.039234e-05,-6.188651e-05,-6.339607e-05,-6.492084e-05,-6.646066e-05,-6.801534e-05,-6.958472e-05,-7.116861e-05,-7.276685e-05,-7.437927e-05,-7.600568e-05,-7.764592e-05,-7.929982e-05,-8.096720e-05,-8.264789e-05,-8.434172e-05,-8.604852e-05,-8.776812e-05,-8.950036e-05,-9.124506e-05,-9.300205e-05,-9.477118e-05,-9.655227e-05,-9.834517e-05,-1.001497e-04,-1.019657e-04,-1.037930e-04,-1.056315e-04,-1.074809e-04,-1.093412e-04,-1.112122e-04,-1.130937e-04,-1.149855e-04,-1.168876e-04,-1.187997e-04,-1.207217e-04,-1.226535e-04,-1.245948e-04,-1.265456e-04,-1.285058e-04,-1.304750e-04,-1.324533e-04,-1.344405e-04,-1.364364e-04,-1.384408e-04
0.7200,5.527463e-05,5.442329e-05,5.357859e-05,5.273845e-05,5.190293e-05,5.107213e-05,5.024612e-05,4.942498e-05,4.860880e-05,4.779765e-05,4.699161e-05,4.619076e-05,4.539518e-05,4.460495e-05,4.382014e-05,4.304084e-05,4.226712e-05,4.149906e-05,4.073672e-05,3.998020e-05,3.922955e-05,3.848486e-05,3.774619e-05,3.701363e-05,3.628724e-05,3.556709e-05,3.485325e-05,3.414579e-05,3.344478e-05,3.275029e-05,3.206238e-05,3.138111e-05,3.070655e-05,3.003876e-05,2.937780e-05,2.872373e-05,2.807661e-05,2.743650e-05,2.680346e-05,2.617753e-05,2.555877e-05,2.494724e-05,2.434297e-05,2.374603e-05,2.315646e-05,2.257430e-05,2.199959e-05,2.143239e-05,2.087272e-05,2.032064e-05,1.977617e-05,1.923935e-05,1.871021e-05,1.818879e-05,1.767511e-05,1.716921e-05,1.667111e-05,1.618083e-05,1.569839e-05,1.522381e-05,1.475712e-05,1.429833e-05,1.384745e-05,1.340449e-05,1.296946e-05,1.254238e-05,1.212323e-05,1.171204e-05,1.130879e-05,1.091348e-05,1.052612e-05,1.014669e-05,9.775181e-06,9.411584e-06,9.055884e-06,8.708062e-06,8.368097e-06,8.035966e-06,7.711641e-06,7.395092e-06,7.086284e-06,6.785181e-06,6.491740e-06,6.205915e-06,5.927656e-06,5.656907e-06,5.393607e-06,5.137691e-06,4.889084e-06,4.647708e-06,4.413476e-06,4.186292e-06,3.966052e-06,3.752642e-06,3.545935e-06,3.345796e-06,3.155250e-06,2.967690e-06,2.786187e-06,2.610541e-06,2.440527e-06,2.275903e-06,2.116397e-06,1.961713e-06,1.811525e-06,1.665475e-06,1.523173e-06,1.384190e-06,1.248061e-06,1.113193e-06,9.814942e-07,8.510308e-07,7.211748e-07,5.912577e-07,4.600588e-07,3.274874e-07,1.926165e-07,5.464698e-08,-8.724214e-08,-2.338878e-07,-3.861372e-07,-5.448416e-07,-7.108506e-07,-8.850059e-07,-1.068137e-06,-1.261054e-06,-1.464549e-06,-1.679384e-06,-1.906297e-06,-2.145992e-06,-2.399143e-06,-2.666388e-06,-2.948333e-06,-3.245545e-06,-3.558561e-06,-3.887877e-06,-4.233961e-06,-4.597241e-06,-4.978117e-06,-5.376955e-06,-5.794089e-06,-6.229827e-06,-6.684446e-06,-7.158196e-06,-7.651305e-06,-8.163973e-06,-8.696379e-06,-9.248681e-06,-9.821015e-06,-1.040340e-05,-1.101609e-05,-1.164912e-05,-1.230255e-05,-1.297644e-05,-1.367083e-05,-1.438573e-05,-1.512116e-05,-1.587713e-05,-1.665360e-05,-1.745058e-05,-1.826801e-05,-1.910587e-05,-1.996409e-05,-2.084262e-05,-2.174140e-05,-2.266034e-05,-2.359938e-05,-2.455841e-05,-2.553734e-05,-2.653608e-05,-2.755451e-05,-2.859253e-05,-2.965002e-05,-3.072685e-05,-3.182291e-05,-3.293806e-05,-3.407217e-05,-3.522510e-05,-3.639671e-05,-3.758685e-05,-3.879539e-05,-4.002217e-05,-4.126703e-05,-4.252982e-05,-4.381040e-05,-4.510859e-05,-4.642423e-05,-4.775717e-05,-4.910724e-05,-5.047427e-05,-5.185810e-05,-5.325856e-05,-5.467548e-05,-5.610869e-05,-5.755803e-05,-5.902331e-05,-6.050437e-05,-6.200104e-05,-6.351315e-05,-6.504051e-05,-6.658296e-05,-6.814033e-05,-6.971244e-05,-7.129912e-05,-7.290020e-05,-7.451551e-05,-7.614486e-05,-7.778810e-05,-7.944505e-05,-8.111554e-05,-8.279940e-05,-8.449645e-05,-8.620654e-05,-8.792948e-05,-8.966512e-05,-9.141329e-05,-9.317382e-05,-9.494654e-05,-9.673129e-05,-9.852791e-05,-1.003362e-04,-1.021561e-04,-1.039873e-04,-1.058298e-04,-1.076833e-04,-1.095478e-04,-1.114229e-04,-1.133087e-04,-1.152049e-04,-1.171114e-04,-1.190280e-04,-1.209546e-04,-1.228910e-04,-1.248371e-04,-1.267927e-04,-1.287577e-04,-1.307320e-04,-1.327153e-04,-1.347076e-04,-1.367087e-04,-1.387184e-04
0.7300,5.506423e-05,5.421941e-05,5.338102e-05,5.254705e-05,5.171757e-05,5.089268e-05,5.007244e-05,4.925695e-05,4.844628e-05,4.764051e-05,4.683973e-05,4.604401e-05,4.525343e-05,4.446807e-05,4.368802e-05,4.291335e-05,4.214414e-05,4.138046e-05,4.062240e-05,3.987002e-05,3.912342e-05,3.838265e-05,3.764780e-05,3.691894e-05,3.619614e-05,3.547947e-05,3.476902e-05,3.406484e-05,3.336700e-05,3.267558e-05,3.199064e-05,3.131225e-05,3.064048e-05,2.997538e-05,2.931703e-05,2.866547e-05,2.802078e-05,2.738301e-05,2.675223e-05,2.612847e-05,2.551181e-05,2.490230e-05,2.429998e-05,2.370491e-05,2.311714e-05,2.253671e-05,2.196367e-05,2.139807e-05,2.083994e-05,2.028933e-05,1.974627e-05,1.921081e-05,1.868297e-05,1.816280e-05,1.765032e-05,1.714556e-05,1.664855e-05,1.615932e-05,1.567788e-05,1.520427e-05,1.473849e-05,1.428058e-05,1.383053e-05,1.338837e-05,1.295411e-05,1.252775e-05,1.210930e-05,1.169877e-05,1.129616e-05,1.090146e-05,1.051467e-05,1.013579e-05,9.764807e-06,9.401711e-06,9.046487e-06,8.699120e-06,8.359589e-06,8.027870e-06,7.703938e-06,7.387764e-06,7.079313e-06,6.778550e-06,6.485432e-06,6.199915e-06,5.921948e-06,5.651478e-06,5.388442e-06,5.132776e-06,4.884408e-06,4.643257e-06,4.409238e-06,4.182255e-06,3.962204e-06,3.748971e-06,3.542431e-06,3.342446e-06,3.152037e-06,2.964608e-06,2.783224e-06,2.607685e-06,2.437765e-06,2.273221e-06,2.113782e-06,1.959149e-06,1.808998e-06,1.662968e-06,1.520667e-06,1.381666e-06,1.245499e-06,1.110582e-06,9.787997e-07,8.482279e-07,7.182366e-07,5.881558e-07,4.567475e-07,3.239498e-07,1.888195e-07,5.055620e-08,-9.166203e-08,-2.386731e-07,-3.913248e-07,-5.504688e-07,-7.169549e-07,-8.916249e-07,-1.075308e-06,-1.268814e-06,-1.472934e-06,-1.688430e-06,-1.916038e-06,-2.156462e-06,-2.410374e-06,-2.678413e-06,-2.961181e-06,-3.259247e-06,-3.573144e-06,-3.903371e-06,-4.250389e-06,-4.614631e-06,-4.996492e-06,-5.396338e-06,-5.814503e-06,-6.251293e-06,-6.706986e-06,-7.181830e-06,-7.676053e-06,-8.189854e-06,-8.723411e-06,-9.276882e-06,-9.850403e-06,-1.043399e-05,-1.104790e-05,-1.168216e-05,-1.233685e-05,-1.301201e-05,-1.370769e-05,-1.442390e-05,-1.516065e-05,-1.591796e-05,-1.669579e-05,-1.749414e-05,-1.831296e-05,-1.915222e-05,-2.001187e-05,-2.089185e-05,-2.179208e-05,-2.271251e-05,-2.365304e-05,-2.461359e-05,-2.559406e-05,-2.659436e-05,-2.761438e-05,-2.865400e-05,-2.971311e-05,-3.079160e-05,-3.188933e-05,-3.300617e-05,-3.414200e-05,-3.529668e-05,-3.647007e-05,-3.766201e-05,-3.887238e-05,-4.010101e-05,-4.134776e-05,-4.261248e-05,-4.389500e-05,-4.519517e-05,-4.651283e-05,-4.784782e-05,-4.919997e-05,-5.056912e-05,-5.195511e-05,-5.335776e-05,-5.477691e-05,-5.621239e-05,-5.766403e-05,-5.913167e-05,-6.061512e-05,-6.211422e-05,-6.362880e-05,-6.515869e-05,-6.670371e-05,-6.826369e-05,-6.983846e-05,-7.142786e-05,-7.303169e-05,-7.464981e-05,-7.628202e-05,-7.792817e-05,-7.958809e-05,-8.126159e-05,-8.294852e-05,-8.464871e-05,-8.636198e-05,-8.808817e-05,-8.982711e-05,-9.157863e-05,-9.334258e-05,-9.511878e-05,-9.690708e-05,-9.870730e-05,-1.005193e-04,-1.023429e-04,-1.041779e-04,-1.060243e-04,-1.078817e-04,-1.097501e-04,-1.116294e-04,-1.135193e-04,-1.154197e-04,-1.173304e-04,-1.192514e-04,-1.211824e-04,-1.231233e-04,-1.250740e-04,-1.270343e-04,-1.290040e-04,-1.309830e-04,-1.329712e-04,-1.349685e-04,-1.369746e-04,-1.389895e-04
0.7400,5.484174e-05,5.400376e-05,5.317201e-05,5.234454e-05,5.152142e-05,5.070275e-05,4.988860e-05,4.907905e-05,4.827419e-05,4.747410e-05,4.667886e-05,4.588855e-05,4.510326e-05,4.432305e-05,4.354802e-05,4.277824e-05,4.201380e-05,4.125477e-05,4.050122e-05,3.975324e-05,3.901091e-05,3.827430e-05,3.754349e-05,3.681855e-05,3.609957e-05,3.538660e-05,3.467973e-05,3.397903e-05,3.328456e-05,3.259641e-05,3.191463e-05,3.123930e-05,3.057049e-05,2.990825e-05,2.925266e-05,2.860378e-05,2.796167e-05,2.732639e-05,2.669801e-05,2.607657e-05,2.546215e-05,2.485478e-05,2.425454e-05,2.366146e-05,2.307561e-05,2.249702e-05,2.192576e-05,2.136186e-05,2.080536e-05,2.025632e-05,1.971477e-05,1.918075e-05,1.865430e-05,1.813545e-05,1.762424e-05,1.712070e-05,1.662486e-05,1.613674e-05,1.565637e-05,1.518377e-05,1.471897e-05,1.426199e-05,1.381283e-05,1.337152e-05,1.293807e-05,1.251248e-05,1.209477e-05,1.168494e-05,1.128300e-05,1.088894e-05,1.050276e-05,1.012446e-05,9.754035e-06,9.391467e-06,9.036747e-06,8.689858e-06,8.350783e-06,8.019498e-06,7.695980e-06,7.380199e-06,7.072123e-06,6.771715e-06,6.478936e-06,6.193741e-06,5.916081e-06,5.645900e-06,5.383141e-06,5.127737e-06,4.879616e-06,4.638699e-06,4.404902e-06,4.178128e-06,3.958273e-06,3.745225e-06,3.538857e-06,3.339032e-06,3.148766e-06,2.961472e-06,2.780213e-06,2.604784e-06,2.434962e-06,2.270502e-06,2.111132e-06,1.956554e-06,1.806441e-06,1.660432e-06,1.518135e-06,1.379118e-06,1.242913e-06,1.107948e-06,9.760839e-07,8.454043e-07,7.152783e-07,5.850339e-07,4.534164e-07,3.203923e-07,1.850024e-07,4.644506e-08,-9.610265e-08,-2.434795e-07,-3.965339e-07,-5.561180e-07,-7.230817e-07,-8.982667e-07,-1.082502e-06,-1.276597e-06,-1.481342e-06,-1.697499e-06,-1.925802e-06,-2.166955e-06,-2.421628e-06,-2.690460e-06,-2.974051e-06,-3.272970e-06,-3.587747e-06,-3.918881e-06,-4.266834e-06,-4.632034e-06,-5.014878e-06,-5.415730e-06,-5.834923e-06,-6.272763e-06,-6.729526e-06,-7.205461e-06,-7.700793e-06,-8.215723e-06,-8.750427e-06,-9.305063e-06,-9.879766e-06,-1.046454e-05,-1.107967e-05,-1.171516e-05,-1.237110e-05,-1.304753e-05,-1.374449e-05,-1.446199e-05,-1.520006e-05,-1.595869e-05,-1.673787e-05,-1.753758e-05,-1.835778e-05,-1.919844e-05,-2.005950e-05,-2.094091e-05,-2.184259e-05,-2.276448e-05,-2.370650e-05,-2.466855e-05,-2.565055e-05,-2.665239e-05,-2.767397e-05,-2.871517e-05,-2.977589e-05,-3.085600e-05,-3.195538e-05,-3.307390e-05,-3.421143e-05,-3.536783e-05,-3.654296e-05,-3.773668e-05,-3.894884e-05,-4.017930e-05,-4.142791e-05,-4.269451e-05,-4.397894e-05,-4.528106e-05,-4.660069e-05,-4.793769e-05,-4.929188e-05,-5.066310e-05,-5.205120e-05,-5.345599e-05,-5.487732e-05,-5.631502e-05,-5.776892e-05,-5.923885e-05,-6.072464e-05,-6.222612e-05,-6.374311e-05,-6.527546e-05,-6.682298e-05,-6.838551e-05,-6.996287e-05,-7.155490e-05,-7.316142e-05,-7.478227e-05,-7.641726e-05,-7.806624e-05,-7.972904e-05,-8.140547e-05,-8.309539e-05,-8.479861e-05,-8.651497e-05,-8.824430e-05,-8.998644e-05,-9.174123e-05,-9.350849e-05,-9.528807e-05,-9.707979e-05,-9.888351e-05,-1.006990e-04,-1.025263e-04,-1.043650e-04,-1.062150e-04,-1.080763e-04,-1.099486e-04,-1.118318e-04,-1.137257e-04,-1.156302e-04,-1.175451e-04,-1.194702e-04,-1.214055e-04,-1.233508e-04,-1.253058e-04,-1.272706e-04,-1.292449e-04,-1.312285e-04,-1.332215e-04,-1.352235e-04,-1.372345e-04,-1.392542e-04
0.7500,5.460629e-05,5.377551e-05,5.295074e-05,5.213011e-05,5.131369e-05,5.050156e-05,4.969382e-05,4.889055e-05,4.809182e-05,4.729772e-05,4.650833e-05,4.572373e-05,4.494401e-05,4.416925e-05,4.339952e-05,4.263492e-05,4.187552e-05,4.112140e-05,4.037264e-05,3.962932e-05,3.889151e-05,3.815931e-05,3.743278e-05,3.671201e-05,3.599706e-05,3.528802e-05,3.458496e-05,3.388795e-05,3.319706e-05,3.251238e-05,3.183396e-05,3.116189e-05,3.049622e-05,2.983703e-05,2.918439e-05,2.853835e-05,2.789899e-05,2.726636e-05,2.664054e-05,2.602157e-05,2.540952e-05,2.480445e-05,2.420642e-05,2.361546e-05,2.303165e-05,2.245504e-05,2.188566e-05,2.132357e-05,2.076882e-05,2.022146e-05,1.968151e-05,1.914903e-05,1.862406e-05,1.810663e-05,1.759677e-05,1.709452e-05,1.659992e-05,1.611299e-05,1.563375e-05,1.516224e-05,1.469848e-05,1.424248e-05,1.379427e-05,1.335386e-05,1.292127e-05,1.249651e-05,1.207958e-05,1.167050e-05,1.126927e-05,1.087589e-05,1.049036e-05,1.011267e-05,9.742829e-06,9.380819e-06,9.026630e-06,8.680247e-06,8.341652e-06,8.010826e-06,7.687743e-06,7.372375e-06,7.064693e-06,6.764659e-06,6.472236e-06,6.187378e-06,5.910038e-06,5.640162e-06,5.377691e-06,5.122560e-06,4.874698e-06,4.634026e-06,4.400460e-06,4.173903e-06,3.954253e-06,3.741397e-06,3.535208e-06,3.335550e-06,3.145431e-06,2.958279e-06,2.777148e-06,2.601834e-06,2.432114e-06,2.267741e-06,2.108444e-06,1.953924e-06,1.803851e-06,1.657867e-06,1.515574e-06,1.376543e-06,1.240303e-06,1.105292e-06,9.733457e-07,8.425592e-07,7.122988e-07,5.818912e-07,4.500646e-07,3.168141e-07,1.811645e-07,4.231296e-08,-1.005645e-07,-2.483075e-07,-4.017651e-07,-5.617897e-07,-7.292314e-07,-9.049318e-07,-1.089719e-06,-1.284404e-06,-1.489774e-06,-1.706592e-06,-1.935590e-06,-2.177471e-06,-2.432906e-06,-2.702529e-06,-2.986943e-06,-3.286713e-06,-3.602370e-06,-3.934410e-06,-4.283295e-06,-4.649452e-06,-5.033277e-06,-5.435132e-06,-5.855351e-06,-6.294238e-06,-6.752068e-06,-7.229090e-06,-7.725528e-06,-8.241582e-06,-8.777429e-06,-9.333224e-06,-9.909104e-06,-1.049507e-05,-1.111140e-05,-1.174812e-05,-1.240530e-05,-1.308299e-05,-1.378122e-05,-1.450002e-05,-1.523939e-05,-1.599934e-05,-1.677986e-05,-1.758092e-05,-1.840249e-05,-1.924453e-05,-2.010699e-05,-2.098982e-05,-2.189294e-05,-2.281628e-05,-2.375976e-05,-2.472330e-05,-2.570680e-05,-2.671017e-05,-2.773329e-05,-2.877606e-05,-2.983837e-05,-3.092008e-05,-3.202109e-05,-3.314126e-05,-3.428046e-05,-3.543855e-05,-3.661541e-05,-3.781087e-05,-3.902481e-05,-4.025706e-05,-4.150749e-05,-4.277594e-05,-4.406225e-05,-4.536628e-05,-4.668785e-05,-4.802681e-05,-4.938300e-05,-5.075626e-05,-5.214642e-05,-5.355332e-05,-5.497678e-05,-5.641665e-05,-5.787275e-05,-5.934492e-05,-6.083299e-05,-6.233679e-05,-6.385614e-05,-6.539088e-05,-6.694084e-05,-6.850585e-05,-7.008574e-05,-7.168034e-05,-7.328947e-05,-7.491298e-05,-7.655068e-05,-7.820241e-05,-7.986801e-05,-8.154729e-05,-8.324010e-05,-8.494627e-05,-8.666564e-05,-8.839802e-05,-9.014327e-05,-9.190122e-05,-9.367169e-05,-9.545454e-05,-9.724959e-05,-9.905669e-05,-1.008757e-04,-1.027064e-04,-1.045487e-04,-1.064024e-04,-1.082673e-04,-1.101433e-04,-1.120303e-04,-1.139281e-04,-1.158365e-04,-1.177554e-04,-1.196846e-04,-1.216241e-04,-1.235735e-04,-1.255329e-04,-1.275020e-04,-1.294806e-04,-1.314688e-04,-1.334663e-04,-1.354729e-04,-1.374886e-04,-1.395131e-04
0.7600,5.435694e-05,5.353373e-05,5.271631e-05,5.190287e-05,5.109349e-05,5.028827e-05,4.948729e-05,4.869062e-05,4.789835e-05,4.711057e-05,4.632736e-05,4.554879e-05,4.477497e-05,4.400595e-05,4.324184e-05,4.248271e-05,4.172865e-05,4.097973e-05,4.023603e-05,3.949765e-05,3.876465e-05,3.803712e-05,3.731513e-05,3.659877e-05,3.588812e-05,3.518324e-05,3.448423e-05,3.379114e-05,3.310407e-05,3.242307e-05,3.174823e-05,3.107962e-05,3.041730e-05,2.976135e-05,2.911184e-05,2.846884e-05,2.783241e-05,2.720261e-05,2.657951e-05,2.596318e-05,2.535367e-05,2.475104e-05,2.415536e-05,2.356668e-05,2.298505e-05,2.241053e-05,2.184317e-05,2.128303e-05,2.073014e-05,2.018456e-05,1.964633e-05,1.911549e-05,1.859209e-05,1.807617e-05,1.756776e-05,1.706690e-05,1.657362e-05,1.608795e-05,1.560993e-05,1.513958e-05,1.467692e-05,1.422198e-05,1.377477e-05,1.333533e-05,1.290365e-05,1.247976e-05,1.206367e-05,1.165538e-05,1.125490e-05,1.086224e-05,1.047740e-05,1.010037e-05,9.731146e-06,9.369727e-06,9.016100e-06,8.670252e-06,8.332166e-06,8.001823e-06,7.679199e-06,7.364269e-06,7.057001e-06,6.757361e-06,6.465312e-06,6.180809e-06,5.903805e-06,5.634248e-06,5.372080e-06,5.117235e-06,4.869643e-06,4.629228e-06,4.395902e-06,4.169572e-06,3.950136e-06,3.737479e-06,3.531477e-06,3.331993e-06,3.142028e-06,2.955023e-06,2.774025e-06,2.598831e-06,2.429217e-06,2.264936e-06,2.105715e-06,1.951256e-06,1.801227e-06,1.655269e-06,1.512984e-06,1.373940e-06,1.237666e-06,1.102610e-06,9.705838e-07,8.396912e-07,7.092972e-07,5.787269e-07,4.466913e-07,3.132145e-07,1.773052e-07,3.815927e-08,-1.050482e-07,-2.531577e-07,-4.070188e-07,-5.674843e-07,-7.354043e-07,-9.116206e-07,-1.096961e-06,-1.292235e-06,-1.498231e-06,-1.715709e-06,-1.945402e-06,-2.188012e-06,-2.444207e-06,-2.714622e-06,-2.999857e-06,-3.300478e-06,-3.617013e-06,-3.949958e-06,-4.299773e-06,-4.666886e-06,-5.051689e-06,-5.454546e-06,-5.875788e-06,-6.315719e-06,-6.774613e-06,-7.252719e-06,-7.750259e-06,-8.267434e-06,-8.804419e-06,-9.361369e-06,-9.938421e-06,-1.052556e-05,-1.114310e-05,-1.178105e-05,-1.243946e-05,-1.311840e-05,-1.381790e-05,-1.453797e-05,-1.527864e-05,-1.603991e-05,-1.682175e-05,-1.762415e-05,-1.844708e-05,-1.929050e-05,-2.015435e-05,-2.103858e-05,-2.194312e-05,-2.286790e-05,-2.381284e-05,-2.477785e-05,-2.576285e-05,-2.676772e-05,-2.779237e-05,-2.883668e-05,-2.990055e-05,-3.098386e-05,-3.208647e-05,-3.320827e-05,-3.434912e-05,-3.550888e-05,-3.668743e-05,-3.788461e-05,-3.910029e-05,-4.033432e-05,-4.158654e-05,-4.285681e-05,-4.414497e-05,-4.545086e-05,-4.677434e-05,-4.811523e-05,-4.947339e-05,-5.084864e-05,-5.224082e-05,-5.364977e-05,-5.507532e-05,-5.651731e-05,-5.797557e-05,-5.944993e-05,-6.094023e-05,-6.244629e-05,-6.396795e-05,-6.550503e-05,-6.705738e-05,-6.862481e-05,-7.020716e-05,-7.180426e-05,-7.341594e-05,-7.504203e-05,-7.668236e-05,-7.833678e-05,-8.000509e-05,-8.168715e-05,-8.338278e-05,-8.509182e-05,-8.681410e-05,-8.854945e-05,-9.029772e-05,-9.205873e-05,-9.383233e-05,-9.561835e-05,-9.741663e-05,-9.922701e-05,-1.010493e-04,-1.028834e-04,-1.047292e-04,-1.065864e-04,-1.084549e-04,-1.103346e-04,-1.122252e-04,-1.141267e-04,-1.160390e-04,-1.179617e-04,-1.198949e-04,-1.218383e-04,-1.237918e-04,-1.257553e-04,-1.277286e-04,-1.297116e-04,-1.317040e-04,-1.337059e-04,-1.357170e-04,-1.377372e-04,-1.397663e-04
0.7700,5.409268e-05,5.327743e-05,5.246773e-05,5.166187e-05,5.085991e-05,5.006196e-05,4.926810e-05,4.847839e-05,4.769295e-05,4.691183e-05,4.613514e-05,4.536295e-05,4.459535e-05,4.383242e-05,4.307424e-05,4.232090e-05,4.157249e-05,4.082908e-05,4.009075e-05,3.935759e-05,3.862969e-05,3.790711e-05,3.718995e-05,3.647828e-05,3.577218e-05,3.507173e-05,3.437702e-05,3.368811e-05,3.300508e-05,3.232801e-05,3.165698e-05,3.099205e-05,3.033331e-05,2.968082e-05,2.903465e-05,2.839487e-05,2.776156e-05,2.713478e-05,2.651460e-05,2.590108e-05,2.529428e-05,2.469426e-05,2.410110e-05,2.351484e-05,2.293554e-05,2.236327e-05,2.179807e-05,2.123999e-05,2.068909e-05,2.014542e-05,1.960903e-05,1.907995e-05,1.855824e-05,1.804393e-05,1.753706e-05,1.703768e-05,1.654582e-05,1.606151e-05,1.558478e-05,1.511566e-05,1.465418e-05,1.420037e-05,1.375424e-05,1.331582e-05,1.288512e-05,1.246216e-05,1.204696e-05,1.163952e-05,1.123985e-05,1.084795e-05,1.046384e-05,1.008750e-05,9.718940e-06,9.358149e-06,9.005119e-06,8.659837e-06,8.322290e-06,7.992459e-06,7.670321e-06,7.355852e-06,7.049022e-06,6.749798e-06,6.458142e-06,6.174013e-06,5.897364e-06,5.628142e-06,5.366291e-06,5.111747e-06,4.864439e-06,4.624291e-06,4.391218e-06,4.165126e-06,3.945913e-06,3.733465e-06,3.527658e-06,3.328354e-06,3.138549e-06,2.951698e-06,2.770840e-06,2.595771e-06,2.426268e-06,2.262083e-06,2.102943e-06,1.948547e-06,1.798566e-06,1.652637e-06,1.510362e-06,1.371308e-06,1.235002e-06,1.099902e-06,9.677968e-07,8.367991e-07,7.062723e-07,5.755398e-07,4.432955e-07,3.095926e-07,1.734236e-07,3.398327e-08,-1.095544e-07,-2.580306e-07,-4.122955e-07,-5.732023e-07,-7.416011e-07,-9.183334e-07,-1.104227e-06,-1.300091e-06,-1.506712e-06,-1.724851e-06,-1.955239e-06,-2.198576e-06,-2.455532e-06,-2.726738e-06,-3.012794e-06,-3.314264e-06,-3.631677e-06,-3.965526e-06,-4.316270e-06,-4.684335e-06,-5.070116e-06,-5.473972e-06,-5.896235e-06,-6.337207e-06,-6.797162e-06,-7.276348e-06,-7.774988e-06,-8.293279e-06,-8.831398e-06,-9.389499e-06,-9.967719e-06,-1.055604e-05,-1.117477e-05,-1.181393e-05,-1.247358e-05,-1.315376e-05,-1.385452e-05,-1.457587e-05,-1.531783e-05,-1.608039e-05,-1.686356e-05,-1.766729e-05,-1.849157e-05,-1.933635e-05,-2.020158e-05,-2.108720e-05,-2.199315e-05,-2.291936e-05,-2.386574e-05,-2.483221e-05,-2.581868e-05,-2.682504e-05,-2.785120e-05,-2.889705e-05,-2.996247e-05,-3.104734e-05,-3.215154e-05,-3.327494e-05,-3.441742e-05,-3.557883e-05,-3.675905e-05,-3.795793e-05,-3.917532e-05,-4.041109e-05,-4.166507e-05,-4.293713e-05,-4.422711e-05,-4.553485e-05,-4.686019e-05,-4.820298e-05,-4.956306e-05,-5.094026e-05,-5.233443e-05,-5.374539e-05,-5.517299e-05,-5.661706e-05,-5.807743e-05,-5.955394e-05,-6.104641e-05,-6.255469e-05,-6.407860e-05,-6.561797e-05,-6.717264e-05,-6.874243e-05,-7.032718e-05,-7.192672e-05,-7.354088e-05,-7.516950e-05,-7.681240e-05,-7.846942e-05,-8.014039e-05,-8.182515e-05,-8.352352e-05,-8.523535e-05,-8.696046e-05,-8.869870e-05,-9.044990e-05,-9.221389e-05,-9.399052e-05,-9.577962e-05,-9.758104e-05,-9.939460e-05,-1.012202e-04,-1.030576e-04,-1.049066e-04,-1.067672e-04,-1.086392e-04,-1.105224e-04,-1.124166e-04,-1.143218e-04,-1.162377e-04,-1.181642e-04,-1.201012e-04,-1.220485e-04,-1.240059e-04,-1.259734e-04,-1.279508e-04,-1.299378e-04,-1.319345e-04,-1.339406e-04,-1.359560e-04,-1.379806e-04,-1.400142e-04
0.7800,5.381243e-05,5.300554e-05,5.220397e-05,5.140607e-05,5.061194e-05,4.982165e-05,4.903528e-05,4.825293e-05,4.747467e-05,4.670060e-05,4.593079e-05,4.516533e-05,4.440431e-05,4.364781e-05,4.289591e-05,4.214870e-05,4.140627e-05,4.066869e-05,3.993606e-05,3.920844e-05,3.848594e-05,3.776863e-05,3.705658e-05,3.634989e-05,3.564864e-05,3.495290e-05,3.426276e-05,3.357829e-05,3.289957e-05,3.222668e-05,3.155971e-05,3.089871e-05,3.024377e-05,2.959497e-05,2.895236e-05,2.831604e-05,2.768606e-05,2.706251e-05,2.644543e-05,2.583491e-05,2.523101e-05,2.463379e-05,2.404332e-05,2.345965e-05,2.288285e-05,2.231297e-05,2.175008e-05,2.119422e-05,2.064546e-05,2.010383e-05,1.956940e-05,1.904221e-05,1.852230e-05,1.800972e-05,1.750451e-05,1.700672e-05,1.651637e-05,1.603351e-05,1.555816e-05,1.509037e-05,1.463015e-05,1.417754e-05,1.373257e-05,1.329524e-05,1.286559e-05,1.244363e-05,1.202938e-05,1.162284e-05,1.122403e-05,1.083295e-05,1.044961e-05,1.007402e-05,9.706157e-06,9.346034e-06,8.993638e-06,8.648960e-06,8.311985e-06,7.982696e-06,7.661074e-06,7.347094e-06,7.040727e-06,6.741943e-06,6.450704e-06,6.166969e-06,5.890693e-06,5.621825e-06,5.360308e-06,5.106080e-06,4.859071e-06,4.619204e-06,4.386396e-06,4.160553e-06,3.941573e-06,3.729344e-06,3.523741e-06,3.324626e-06,3.134989e-06,2.948298e-06,2.767586e-06,2.592649e-06,2.423262e-06,2.259178e-06,2.100122e-06,1.945795e-06,1.795864e-06,1.649967e-06,1.507705e-06,1.368643e-06,1.232307e-06,1.097166e-06,9.649831e-07,8.338814e-07,7.032227e-07,5.723288e-07,4.398762e-07,3.059475e-07,1.695190e-07,2.978420e-08,-1.140838e-07,-2.629270e-07,-4.175959e-07,-5.789442e-07,-7.478220e-07,-9.250708e-07,-1.111518e-06,-1.307972e-06,-1.515219e-06,-1.734018e-06,-1.965101e-06,-2.209166e-06,-2.466881e-06,-2.738878e-06,-3.025754e-06,-3.328073e-06,-3.646362e-06,-3.981113e-06,-4.332785e-06,-4.701802e-06,-5.088557e-06,-5.493410e-06,-5.916692e-06,-6.358703e-06,-6.819716e-06,-7.299980e-06,-7.799714e-06,-8.319119e-06,-8.858368e-06,-9.417616e-06,-9.996998e-06,-1.058649e-05,-1.120642e-05,-1.184679e-05,-1.250766e-05,-1.318908e-05,-1.389108e-05,-1.461370e-05,-1.535694e-05,-1.612081e-05,-1.690528e-05,-1.771034e-05,-1.853595e-05,-1.938209e-05,-2.024868e-05,-2.113569e-05,-2.204304e-05,-2.297066e-05,-2.391847e-05,-2.488639e-05,-2.587431e-05,-2.688216e-05,-2.790981e-05,-2.895717e-05,-3.002412e-05,-3.111054e-05,-3.221631e-05,-3.334130e-05,-3.448538e-05,-3.564842e-05,-3.683029e-05,-3.803083e-05,-3.924992e-05,-4.048740e-05,-4.174312e-05,-4.301694e-05,-4.430870e-05,-4.561825e-05,-4.694543e-05,-4.829009e-05,-4.965205e-05,-5.103118e-05,-5.242729e-05,-5.384023e-05,-5.526983e-05,-5.671594e-05,-5.817838e-05,-5.965699e-05,-6.115159e-05,-6.266203e-05,-6.418814e-05,-6.572975e-05,-6.728669e-05,-6.885879e-05,-7.044588e-05,-7.204781e-05,-7.366439e-05,-7.529547e-05,-7.694087e-05,-7.860043e-05,-8.027399e-05,-8.196137e-05,-8.366241e-05,-8.537695e-05,-8.710483e-05,-8.884587e-05,-9.059992e-05,-9.236681e-05,-9.414638e-05,-9.593848e-05,-9.774294e-05,-9.955960e-05,-1.013883e-04,-1.032289e-04,-1.050812e-04,-1.069451e-04,-1.088205e-04,-1.107071e-04,-1.126048e-04,-1.145134e-04,-1.164329e-04,-1.183631e-04,-1.203037e-04,-1.222548e-04,-1.242160e-04,-1.261874e-04,-1.281687e-04,-1.301597e-04,-1.321604e-04,-1.341707e-04,-1.361903e-04,-1.382191e-04,-1.402570e-04
0.7900,5.351502e-05,5.271692e-05,5.192390e-05,5.113439e-05,5.034848e-05,4.956626e-05,4.878780e-05,4.801319e-05,4.724252e-05,4.647588e-05,4.571334e-05,4.495500e-05,4.420093e-05,4.345123e-05,4.270598e-05,4.196526e-05,4.122916e-05,4.049777e-05,3.977116e-05,3.904943e-05,3.833266e-05,3.762093e-05,3.691433e-05,3.621293e-05,3.551683e-05,3.482609e-05,3.414082e-05,3.346108e-05,3.278695e-05,3.211852e-05,3.145586e-05,3.079906e-05,3.014818e-05,2.950331e-05,2.886452e-05,2.823188e-05,2.760546e-05,2.698535e-05,2.637160e-05,2.576429e-05,2.516349e-05,2.456926e-05,2.398167e-05,2.340078e-05,2.282665e-05,2.225935e-05,2.169893e-05,2.114545e-05,2.059897e-05,2.005954e-05,1.952721e-05,1.900204e-05,1.848407e-05,1.797334e-05,1.746991e-05,1.697382e-05,1.648510e-05,1.600379e-05,1.552993e-05,1.506356e-05,1.460470e-05,1.415338e-05,1.370964e-05,1.327349e-05,1.284496e-05,1.242406e-05,1.201082e-05,1.160525e-05,1.120736e-05,1.081716e-05,1.043465e-05,1.005985e-05,9.692738e-06,9.333328e-06,8.981608e-06,8.637572e-06,8.301206e-06,7.972495e-06,7.651421e-06,7.337960e-06,7.032085e-06,6.733766e-06,6.442968e-06,6.159651e-06,5.883771e-06,5.615276e-06,5.354112e-06,5.100217e-06,4.853522e-06,4.613951e-06,4.381422e-06,4.155841e-06,3.937106e-06,3.725106e-06,3.519717e-06,3.320801e-06,3.128209e-06,2.944817e-06,2.764258e-06,2.589459e-06,2.420194e-06,2.256216e-06,2.097250e-06,1.942995e-06,1.793119e-06,1.647257e-06,1.505011e-06,1.365943e-06,1.229580e-06,1.094399e-06,9.621408e-07,8.309366e-07,7.001471e-07,5.690925e-07,4.364321e-07,3.022782e-07,1.655903e-07,2.556118e-08,-1.186372e-07,-2.678474e-07,-4.229207e-07,-5.847107e-07,-7.540678e-07,-9.318333e-07,-1.118834e-06,-1.315878e-06,-1.523751e-06,-1.743211e-06,-1.974988e-06,-2.219781e-06,-2.478255e-06,-2.751042e-06,-3.038738e-06,-3.341905e-06,-3.661069e-06,-3.996721e-06,-4.349319e-06,-4.719287e-06,-5.107015e-06,-5.512863e-06,-5.937160e-06,-6.380207e-06,-6.842277e-06,-7.323614e-06,-7.824441e-06,-8.344955e-06,-8.885330e-06,-9.445721e-06,-1.002626e-05,-1.061692e-05,-1.123804e-05,-1.187961e-05,-1.254170e-05,-1.322435e-05,-1.392760e-05,-1.465148e-05,-1.539600e-05,-1.616115e-05,-1.694692e-05,-1.775330e-05,-1.858024e-05,-1.942772e-05,-2.029568e-05,-2.118405e-05,-2.209279e-05,-2.302181e-05,-2.397104e-05,-2.494039e-05,-2.592976e-05,-2.693907e-05,-2.796820e-05,-2.901706e-05,-3.008552e-05,-3.117347e-05,-3.228079e-05,-3.340734e-05,-3.455302e-05,-3.571766e-05,-3.690115e-05,-3.810335e-05,-3.932410e-05,-4.056327e-05,-4.182070e-05,-4.309626e-05,-4.438978e-05,-4.570111e-05,-4.703009e-05,-4.837658e-05,-4.974040e-05,-5.112141e-05,-5.251943e-05,-5.393431e-05,-5.536589e-05,-5.681399e-05,-5.827845e-05,-5.975912e-05,-6.125581e-05,-6.276837e-05,-6.429663e-05,-6.584043e-05,-6.739958e-05,-6.897394e-05,-7.056333e-05,-7.216758e-05,-7.378653e-05,-7.542001e-05,-7.706785e-05,-7.872989e-05,-8.040596e-05,-8.209591e-05,-8.379955e-05,-8.551673e-05,-8.724729e-05,-8.899106e-05,-9.074789e-05,-9.251760e-05,-9.430004e-05,-9.609504e-05,-9.790246e-05,-9.972213e-05,-1.015539e-04,-1.033976e-04,-1.052531e-04,-1.071202e-04,-1.089988e-04,-1.108887e-04,-1.127897e-04,-1.147018e-04,-1.166248e-04,-1.185585e-04,-1.205027e-04,-1.224574e-04,-1.244223e-04,-1.263974e-04,-1.283825e-04,-1.303774e-04,-1.323821e-04,-1.343963e-04,-1.364199e-04,-1.384529e-04,-1.404950e-04
0.8000,5.319919e-05,5.241033e-05,5.162630e-05,5.084562e-05,5.006837e-05,4.929465e-05,4.852452e-05,4.775808e-05,4.699542e-05,4.623662e-05,4.548176e-05,4.473093e-05,4.398422e-05,4.324171e-05,4.250349e-05,4.176964e-05,4.104026e-05,4.031542e-05,3.959521e-05,3.887972e-05,3.816903e-05,3.746323e-05,3.676240e-05,3.606664e-05,3.537601e-05,3.469061e-05,3.401051e-05,3.333580e-05,3.266657e-05,3.200289e-05,3.134485e-05,3.069251e-05,3.004597e-05,2.940530e-05,2.877058e-05,2.814188e-05,2.751927e-05,2.690284e-05,2.629266e-05,2.568879e-05,2.509131e-05,2.450028e-05,2.391578e-05,2.333786e-05,2.276660e-05,2.220206e-05,2.164429e-05,2.109337e-05,2.054934e-05,2.001227e-05,1.948220e-05,1.895920e-05,1.844331e-05,1.793458e-05,1.743305e-05,1.693878e-05,1.645181e-05,1.597217e-05,1.549991e-05,1.503506e-05,1.457766e-05,1.412773e-05,1.368531e-05,1.325043e-05,1.282310e-05,1.240335e-05,1.199120e-05,1.158667e-05,1.118976e-05,1.080050e-05,1.041888e-05,1.004492e-05,9.678615e-06,9.319966e-06,8.968970e-06,8.625619e-06,8.289903e-06,7.961809e-06,7.641318e-06,7.328410e-06,7.023058e-06,6.725235e-06,6.434906e-06,6.152032e-06,5.876570e-06,5.608471e-06,5.347681e-06,5.094138e-06,4.847775e-06,4.608517e-06,4.376281e-06,4.150976e-06,3.932500e-06,3.720741e-06,3.515576e-06,3.316869e-06,3.124469e-06,2.941247e-06,2.760848e-06,2.586194e-06,2.417058e-06,2.253191e-06,2.094320e-06,1.940143e-06,1.790326e-06,1.644503e-06,1.502276e-06,1.363206e-06,1.226818e-06,1.091600e-06,9.592680e-07,8.279628e-07,6.970438e-07,5.658296e-07,4.329620e-07,2.985833e-07,1.616366e-07,2.131328e-08,-1.232154e-07,-2.727927e-07,-4.282704e-07,-5.905024e-07,-7.603390e-07,-9.386213e-07,-1.126176e-06,-1.323810e-06,-1.532309e-06,-1.752430e-06,-1.984901e-06,-2.230422e-06,-2.489655e-06,-2.763231e-06,-3.051746e-06,-3.355760e-06,-3.675798e-06,-4.012350e-06,-4.365873e-06,-4.736789e-06,-5.125488e-06,-5.532329e-06,-5.957641e-06,-6.401722e-06,-6.864844e-06,-7.347253e-06,-7.849169e-06,-8.370789e-06,-8.912287e-06,-9.473817e-06,-1.005551e-05,-1.064733e-05,-1.126963e-05,-1.191240e-05,-1.257570e-05,-1.325958e-05,-1.396408e-05,-1.468921e-05,-1.543499e-05,-1.620142e-05,-1.698849e-05,-1.779618e-05,-1.862444e-05,-1.947325e-05,-2.034256e-05,-2.123230e-05,-2.214241e-05,-2.307282e-05,-2.402345e-05,-2.499422e-05,-2.598503e-05,-2.699579e-05,-2.802639e-05,-2.907672e-05,-3.014668e-05,-3.123615e-05,-3.234499e-05,-3.347310e-05,-3.462034e-05,-3.578657e-05,-3.697167e-05,-3.817549e-05,-3.939789e-05,-4.063872e-05,-4.189784e-05,-4.317510e-05,-4.447035e-05,-4.578344e-05,-4.711420e-05,-4.846249e-05,-4.982814e-05,-5.121099e-05,-5.261089e-05,-5.402768e-05,-5.546118e-05,-5.691124e-05,-5.837769e-05,-5.986037e-05,-6.135911e-05,-6.287375e-05,-6.440412e-05,-6.595005e-05,-6.751138e-05,-6.908795e-05,-7.067957e-05,-7.228610e-05,-7.390735e-05,-7.554318e-05,-7.719340e-05,-7.885786e-05,-8.053639e-05,-8.222883e-05,-8.393501e-05,-8.565477e-05,-8.738795e-05,-8.913438e-05,-9.089390e-05,-9.266636e-05,-9.445158e-05,-9.624942e-05,-9.805972e-05,-9.988231e-05,-1.017170e-04,-1.035638e-04,-1.054223e-04,-1.072925e-04,-1.091743e-04,-1.110674e-04,-1.129717e-04,-1.148871e-04,-1.168134e-04,-1.187505e-04,-1.206983e-04,-1.226565e-04,-1.246250e-04,-1.266037e-04,-1.285925e-04,-1.305912e-04,-1.325996e-04,-1.346177e-04,-1.366452e-04,-1.386822e-04,-1.407283e-04
0.8100,5.286360e-05,5.208445e-05,5.130987e-05,5.053848e-05,4.977035e-05,4.900558e-05,4.824423e-05,4.748641e-05,4.673219e-05,4.598167e-05,4.523492e-05,4.449203e-05,4.375309e-05,4.301819e-05,4.228741e-05,4.156084e-05,4.083856e-05,4.012067e-05,3.940725e-05,3.869838e-05,3.799415e-05,3.729465e-05,3.659997e-05,3.591018e-05,3.522538e-05,3.454565e-05,3.387107e-05,3.320174e-05,3.253772e-05,3.187911e-05,3.122598e-05,3.057842e-05,2.993651e-05,2.930033e-05,2.866996e-05,2.804547e-05,2.742695e-05,2.681446e-05,2.620809e-05,2.560791e-05,2.501399e-05,2.442639e-05,2.384520e-05,2.327049e-05,2.270230e-05,2.214072e-05,2.158581e-05,2.103763e-05,2.049624e-05,1.996170e-05,1.943407e-05,1.891340e-05,1.839974e-05,1.789316e-05,1.739369e-05,1.690139e-05,1.641630e-05,1.593846e-05,1.546792e-05,1.500471e-05,1.454887e-05,1.410044e-05,1.365945e-05,1.322592e-05,1.279988e-05,1.238137e-05,1.197039e-05,1.156697e-05,1.117112e-05,1.078287e-05,1.040221e-05,1.002915e-05,9.663710e-06,9.305878e-06,8.955656e-06,8.613040e-06,8.278020e-06,7.950584e-06,7.630717e-06,7.318399e-06,7.013606e-06,6.716311e-06,6.426481e-06,6.144078e-06,5.869062e-06,5.601383e-06,5.340989e-06,5.087819e-06,4.841808e-06,4.602881e-06,4.370956e-06,4.145942e-06,3.927738e-06,3.716234e-06,3.511307e-06,3.312820e-06,3.120622e-06,2.937578e-06,2.757349e-06,2.582847e-06,2.413847e-06,2.250099e-06,2.091329e-06,1.937234e-06,1.787480e-06,1.641702e-06,1.499498e-06,1.360429e-06,1.224018e-06,1.088767e-06,9.563624e-07,8.249580e-07,6.939109e-07,5.625384e-07,4.294645e-07,2.948617e-07,1.576565e-07,1.703944e-08,-1.278193e-07,-2.777637e-07,-4.336458e-07,-5.963199e-07,-7.666362e-07,-9.454356e-07,-1.133544e-06,-1.331769e-06,-1.540893e-06,-1.761675e-06,-1.994841e-06,-2.241088e-06,-2.501080e-06,-2.775445e-06,-3.064779e-06,-3.369639e-06,-3.690550e-06,-4.028001e-06,-4.382447e-06,-4.754310e-06,-5.143979e-06,-5.551811e-06,-5.978134e-06,-6.423247e-06,-6.887419e-06,-7.370897e-06,-7.873899e-06,-8.396622e-06,-8.939239e-06,-9.501904e-06,-1.008475e-05,-1.067772e-05,-1.130121e-05,-1.194517e-05,-1.260968e-05,-1.329478e-05,-1.400051e-05,-1.472689e-05,-1.547393e-05,-1.624164e-05,-1.702999e-05,-1.783897e-05,-1.866855e-05,-1.951869e-05,-2.038933e-05,-2.128042e-05,-2.219190e-05,-2.312369e-05,-2.407572e-05,-2.504789e-05,-2.604013e-05,-2.705232e-05,-2.808437e-05,-2.913617e-05,-3.020761e-05,-3.129858e-05,-3.240894e-05,-3.353858e-05,-3.468737e-05,-3.585517e-05,-3.704185e-05,-3.824727e-05,-3.947129e-05,-4.071377e-05,-4.197455e-05,-4.325350e-05,-4.455045e-05,-4.586526e-05,-4.719778e-05,-4.854784e-05,-4.991528e-05,-5.129996e-05,-5.270170e-05,-5.412036e-05,-5.555576e-05,-5.700774e-05,-5.847614e-05,-5.996080e-05,-6.146154e-05,-6.297822e-05,-6.451065e-05,-6.605868e-05,-6.762213e-05,-6.920085e-05,-7.079467e-05,-7.240342e-05,-7.402693e-05,-7.566505e-05,-7.731760e-05,-7.898442e-05,-8.066535e-05,-8.236023e-05,-8.406888e-05,-8.579115e-05,-8.752688e-05,-8.927590e-05,-9.103805e-05,-9.281318e-05,-9.460112e-05,-9.640172e-05,-9.821481e-05,-1.000402e-04,-1.018779e-04,-1.037275e-04,-1.055890e-04,-1.074623e-04,-1.093471e-04,-1.112433e-04,-1.131508e-04,-1.150695e-04,-1.169990e-04,-1.189395e-04,-1.208906e-04,-1.228522e-04,-1.248242e-04,-1.268064e-04,-1.287988e-04,-1.308011e-04,-1.328132e-04,-1.348350e-04,-1.368664e-04,-1.389072e-04,-1.409572e-04
0.8200,5.250681e-05,5.173785e-05,5.097322e-05,5.021160e-05,4.945307e-05,4.869771e-05,4.794562e-05,4.719688e-05,4.645157e-05,4.570978e-05,4.497159e-05,4.423709e-05,4.350637e-05,4.277952e-05,4.205661e-05,4.133775e-05,4.062301e-05,3.991248e-05,3.920625e-05,3.850441e-05,3.780704e-05,3.711424e-05,3.642608e-05,3.574266e-05,3.506406e-05,3.439037e-05,3.372168e-05,3.305806e-05,3.239961e-05,3.174640e-05,3.109853e-05,3.045607e-05,2.981911e-05,2.918774e-05,2.856202e-05,2.794204e-05,2.732789e-05,2.671963e-05,2.611735e-05,2.552112e-05,2.493101e-05,2.434711e-05,2.376948e-05,2.319819e-05,2.263332e-05,2.207493e-05,2.152308e-05,2.097786e-05,2.043930e-05,1.990749e-05,1.938248e-05,1.886432e-05,1.835308e-05,1.784880e-05,1.735155e-05,1.686137e-05,1.637831e-05,1.590241e-05,1.543372e-05,1.497228e-05,1.451814e-05,1.407132e-05,1.363186e-05,1.319980e-05,1.277516e-05,1.235797e-05,1.194826e-05,1.154604e-05,1.115133e-05,1.076416e-05,1.038453e-05,1.001245e-05,9.647935e-06,9.290981e-06,8.941592e-06,8.599764e-06,8.265490e-06,7.938761e-06,7.619562e-06,7.307876e-06,7.003681e-06,6.706950e-06,6.417653e-06,6.135753e-06,5.861212e-06,5.593980e-06,5.334008e-06,5.081236e-06,4.835598e-06,4.597022e-06,4.365426e-06,4.140721e-06,3.922806e-06,3.711572e-06,3.506895e-06,3.308640e-06,3.116657e-06,2.933800e-06,2.753751e-06,2.579410e-06,2.410554e-06,2.246932e-06,2.088269e-06,1.934263e-06,1.784578e-06,1.638848e-06,1.496671e-06,1.357607e-06,1.221177e-06,1.085895e-06,9.534214e-07,8.219200e-07,6.907466e-07,5.592171e-07,4.259378e-07,2.911118e-07,1.536489e-07,1.273846e-08,-1.324501e-07,-2.827614e-07,-4.390479e-07,-6.021641e-07,-7.729601e-07,-9.522766e-07,-1.140939e-06,-1.339754e-06,-1.549505e-06,-1.770947e-06,-2.004807e-06,-2.251782e-06,-2.512532e-06,-2.787685e-06,-3.077836e-06,-3.383542e-06,-3.705325e-06,-4.043674e-06,-4.399042e-06,-4.771851e-06,-5.162488e-06,-5.571309e-06,-5.998642e-06,-6.444783e-06,-6.910004e-06,-7.394547e-06,-7.898632e-06,-8.422455e-06,-8.966188e-06,-9.529984e-06,-1.011397e-05,-1.070810e-05,-1.133276e-05,-1.197791e-05,-1.264362e-05,-1.332994e-05,-1.403690e-05,-1.476452e-05,-1.551282e-05,-1.628179e-05,-1.707142e-05,-1.788170e-05,-1.871258e-05,-1.956404e-05,-2.043601e-05,-2.132844e-05,-2.224128e-05,-2.317444e-05,-2.412784e-05,-2.510142e-05,-2.609506e-05,-2.710867e-05,-2.814216e-05,-2.919542e-05,-3.026833e-05,-3.136078e-05,-3.247264e-05,-3.360379e-05,-3.475411e-05,-3.592346e-05,-3.711171e-05,-3.831871e-05,-3.954434e-05,-4.078844e-05,-4.205086e-05,-4.333147e-05,-4.463010e-05,-4.594661e-05,-4.728085e-05,-4.863265e-05,-5.000186e-05,-5.138833e-05,-5.279189e-05,-5.421238e-05,-5.564964e-05,-5.710351e-05,-5.857383e-05,-6.006042e-05,-6.156314e-05,-6.308181e-05,-6.461626e-05,-6.616634e-05,-6.773188e-05,-6.931272e-05,-7.090868e-05,-7.251960e-05,-7.414532e-05,-7.578568e-05,-7.744050e-05,-7.910963e-05,-8.079290e-05,-8.249015e-05,-8.420122e-05,-8.592594e-05,-8.766416e-05,-8.941571e-05,-9.118042e-05,-9.295816e-05,-9.474874e-05,-9.655202e-05,-9.836784e-05,-1.001960e-04,-1.020365e-04,-1.038890e-04,-1.057534e-04,-1.076296e-04,-1.095174e-04,-1.114167e-04,-1.133272e-04,-1.152490e-04,-1.171818e-04,-1.191254e-04,-1.210798e-04,-1.230447e-04,-1.250201e-04,-1.270057e-04,-1.290016e-04,-1.310074e-04,-1.330231e-04,-1.350486e-04,-1.370836e-04,-1.391281e-04,-1.411820e-04
0.8300,5.212727e-05,5.136902e-05,5.061484e-05,4.986349e-05,4.911505e-05,4.836963e-05,4.762728e-05,4.688811e-05,4.615219e-05,4.541962e-05,4.469047e-05,4.396484e-05,4.324280e-05,4.252446e-05,4.180989e-05,4.109918e-05,4.039242e-05,3.968970e-05,3.899110e-05,3.829672e-05,3.760664e-05,3.692095e-05,3.623974e-05,3.556309e-05,3.489109e-05,3.422383e-05,3.356140e-05,3.290388e-05,3.225137e-05,3.160394e-05,3.096168e-05,3.032467e-05,2.969301e-05,2.906677e-05,2.844604e-05,2.783089e-05,2.722142e-05,2.661769e-05,2.601980e-05,2.542781e-05,2.484181e-05,2.426187e-05,2.368806e-05,2.312047e-05,2.255915e-05,2.200419e-05,2.145565e-05,2.091361e-05,2.037811e-05,1.984924e-05,1.932705e-05,1.881161e-05,1.830297e-05,1.780119e-05,1.730633e-05,1.681844e-05,1.633757e-05,1.586376e-05,1.539708e-05,1.493756e-05,1.448524e-05,1.404016e-05,1.360236e-05,1.317188e-05,1.274875e-05,1.233300e-05,1.192465e-05,1.152373e-05,1.113025e-05,1.074425e-05,1.036573e-05,9.994708e-06,9.631190e-06,9.275183e-06,8.926690e-06,8.585711e-06,8.252240e-06,7.926270e-06,7.607789e-06,7.296782e-06,6.993228e-06,6.697102e-06,6.408376e-06,6.127015e-06,5.852981e-06,5.586228e-06,5.326706e-06,5.074357e-06,4.829118e-06,4.590915e-06,4.359670e-06,4.135293e-06,3.917685e-06,3.706736e-06,3.502325e-06,3.304316e-06,3.112560e-06,2.929902e-06,2.750043e-06,2.575874e-06,2.407170e-06,2.243682e-06,2.085134e-06,1.931223e-06,1.781613e-06,1.635937e-06,1.493792e-06,1.354737e-06,1.218292e-06,1.082982e-06,9.504423e-07,8.188461e-07,6.875484e-07,5.558636e-07,4.223801e-07,2.873321e-07,1.496122e-07,8.409019e-09,-1.371089e-07,-2.877869e-07,-4.444776e-07,-6.080358e-07,-7.793116e-07,-9.591452e-07,-1.148362e-06,-1.347768e-06,-1.558144e-06,-1.780247e-06,-2.014801e-06,-2.262502e-06,-2.524010e-06,-2.799952e-06,-3.090919e-06,-3.397470e-06,-3.720124e-06,-4.059370e-06,-4.415659e-06,-4.789412e-06,-5.181015e-06,-5.590823e-06,-6.019164e-06,-6.466332e-06,-6.932598e-06,-7.418205e-06,-7.923370e-06,-8.448289e-06,-8.993135e-06,-9.558058e-06,-1.013307e-05,-1.073847e-05,-1.136430e-05,-1.201064e-05,-1.267754e-05,-1.336507e-05,-1.407325e-05,-1.480211e-05,-1.555165e-05,-1.632189e-05,-1.711279e-05,-1.792435e-05,-1.875653e-05,-1.960929e-05,-2.048259e-05,-2.137636e-05,-2.229054e-05,-2.322506e-05,-2.417984e-05,-2.515479e-05,-2.614983e-05,-2.716486e-05,-2.819978e-05,-2.925447e-05,-3.032883e-05,-3.142275e-05,-3.253610e-05,-3.366875e-05,-3.482058e-05,-3.599147e-05,-3.718126e-05,-3.838983e-05,-3.961704e-05,-4.086273e-05,-4.212678e-05,-4.340902e-05,-4.470931e-05,-4.602750e-05,-4.736343e-05,-4.871695e-05,-5.008791e-05,-5.147614e-05,-5.288148e-05,-5.430378e-05,-5.574287e-05,-5.719859e-05,-5.867079e-05,-6.015929e-05,-6.166394e-05,-6.318456e-05,-6.472100e-05,-6.627310e-05,-6.784068e-05,-6.942358e-05,-7.102164e-05,-7.263469e-05,-7.426257e-05,-7.590512e-05,-7.756216e-05,-7.923355e-05,-8.091911e-05,-8.261869e-05,-8.433211e-05,-8.605923e-05,-8.779987e-05,-8.955388e-05,-9.132110e-05,-9.310137e-05,-9.489453e-05,-9.670043e-05,-9.851891e-05,-1.003498e-04,-1.021930e-04,-1.040483e-04,-1.059155e-04,-1.077946e-04,-1.096853e-04,-1.115875e-04,-1.135011e-04,-1.154258e-04,-1.173617e-04,-1.193085e-04,-1.212660e-04,-1.232342e-04,-1.252128e-04,-1.272018e-04,-1.292010e-04,-1.312103e-04,-1.332295e-04,-1.352584e-04,-1.372970e-04,-1.393452e-04,-1.414027e-04
0.8400,5.172333e-05,5.097632e-05,5.023311e-05,4.949256e-05,4.875475e-05,4.801977e-05,4.728769e-05,4.655860e-05,4.583258e-05,4.510973e-05,4.439013e-05,4.367385e-05,4.296100e-05,4.225165e-05,4.154590e-05,4.084383e-05,4.014553e-05,3.945109e-05,3.876059e-05,3.807412e-05,3.739178e-05,3.671364e-05,3.603981e-05,3.537037e-05,3.470540e-05,3.404499e-05,3.338924e-05,3.273823e-05,3.209205e-05,3.145079e-05,3.081452e-05,3.018335e-05,2.955735e-05,2.893661e-05,2.832121e-05,2.771125e-05,2.710679e-05,2.650793e-05,2.591475e-05,2.532732e-05,2.474573e-05,2.417005e-05,2.360036e-05,2.303674e-05,2.247926e-05,2.192799e-05,2.138302e-05,2.084440e-05,2.031221e-05,1.978651e-05,1.926737e-05,1.875486e-05,1.824903e-05,1.774995e-05,1.725768e-05,1.677226e-05,1.629376e-05,1.582223e-05,1.535771e-05,1.490026e-05,1.444992e-05,1.400673e-05,1.357073e-05,1.314196e-05,1.272047e-05,1.230626e-05,1.189939e-05,1.149987e-05,1.110774e-05,1.072300e-05,1.034568e-05,9.975798e-06,9.613359e-06,9.258375e-06,8.910851e-06,8.570788e-06,8.238183e-06,7.913033e-06,7.595326e-06,7.285049e-06,6.982185e-06,6.686710e-06,6.398597e-06,6.117815e-06,5.844325e-06,5.578085e-06,5.319045e-06,5.067150e-06,4.822335e-06,4.584532e-06,4.353661e-06,4.129633e-06,3.912352e-06,3.701707e-06,3.497579e-06,3.299832e-06,3.108318e-06,2.925871e-06,2.746214e-06,2.572227e-06,2.403686e-06,2.240341e-06,2.081916e-06,1.928107e-06,1.778579e-06,1.632963e-06,1.490856e-06,1.351814e-06,1.214150e-06,1.080025e-06,9.474215e-07,8.157334e-07,6.843137e-07,5.524755e-07,4.187893e-07,2.835205e-07,1.455448e-07,4.049612e-09,-1.417972e-07,-2.928413e-07,-4.499360e-07,-6.139360e-07,-7.856914e-07,-9.660422e-07,-1.155813e-06,-1.355809e-06,-1.566811e-06,-1.789574e-06,-2.024823e-06,-2.273250e-06,-2.535515e-06,-2.812244e-06,-3.104028e-06,-3.411423e-06,-3.734947e-06,-4.075089e-06,-4.432298e-06,-4.806993e-06,-5.199561e-06,-5.610355e-06,-6.039701e-06,-6.487894e-06,-6.955203e-06,-7.441870e-06,-7.948113e-06,-8.474126e-06,-9.020081e-06,-9.586128e-06,-1.016227e-05,-1.076882e-05,-1.139582e-05,-1.204334e-05,-1.271144e-05,-1.340017e-05,-1.410957e-05,-1.483965e-05,-1.559044e-05,-1.636193e-05,-1.715410e-05,-1.796694e-05,-1.880041e-05,-1.965447e-05,-2.052908e-05,-2.142417e-05,-2.233969e-05,-2.327556e-05,-2.423170e-05,-2.520803e-05,-2.620446e-05,-2.722089e-05,-2.825721e-05,-2.931334e-05,-3.038914e-05,-3.148451e-05,-3.259933e-05,-3.373346e-05,-3.488680e-05,-3.605919e-05,-3.725052e-05,-3.846063e-05,-3.968940e-05,-4.093668e-05,-4.220232e-05,-4.348618e-05,-4.478811e-05,-4.610795e-05,-4.744556e-05,-4.880077e-05,-5.017344e-05,-5.156340e-05,-5.297050e-05,-5.439457e-05,-5.583547e-05,-5.729301e-05,-5.876706e-05,-6.025743e-05,-6.176397e-05,-6.328652e-05,-6.482491e-05,-6.637897e-05,-6.794855e-05,-6.953348e-05,-7.113360e-05,-7.274874e-05,-7.437873e-05,-7.602342e-05,-7.768265e-05,-7.935624e-05,-8.104404e-05,-8.274588e-05,-8.446161e-05,-8.619106e-05,-8.793408e-05,-8.969049e-05,-9.146016e-05,-9.324290e-05,-9.503858e-05,-9.684703e-05,-9.866810e-05,-1.005016e-04,-1.023475e-04,-1.042054e-04,-1.060754e-04,-1.079573e-04,-1.098508e-04,-1.117559e-04,-1.136724e-04,-1.156001e-04,-1.175390e-04,-1.194888e-04,-1.214494e-04,-1.234207e-04,-1.254026e-04,-1.273948e-04,-1.293973e-04,-1.314098e-04,-1.334324e-04,-1.354648e-04,-1.375069e-04,-1.395585e-04,-1.416196e-04
0.8500,5.129323e-05,5.055802e-05,4.982633e-05,4.909713e-05,4.837048e-05,4.764648e-05,4.692520e-05,4.620674e-05,4.549116e-05,4.477856e-05,4.406902e-05,4.336264e-05,4.265948e-05,4.195965e-05,4.126322e-05,4.057030e-05,3.988095e-05,3.919528e-05,3.851337e-05,3.783530e-05,3.716118e-05,3.649108e-05,3.582509e-05,3.516331e-05,3.450583e-05,3.385272e-05,3.320409e-05,3.256003e-05,3.192061e-05,3.128593e-05,3.065607e-05,3.003114e-05,2.941120e-05,2.879635e-05,2.818668e-05,2.758226e-05,2.698319e-05,2.638955e-05,2.580143e-05,2.521890e-05,2.464205e-05,2.407095e-05,2.350570e-05,2.294636e-05,2.239301e-05,2.184574e-05,2.130460e-05,2.076969e-05,2.024106e-05,1.971880e-05,1.920296e-05,1.869362e-05,1.819083e-05,1.769467e-05,1.720520e-05,1.672246e-05,1.624653e-05,1.577746e-05,1.531529e-05,1.486009e-05,1.441189e-05,1.397075e-05,1.353671e-05,1.310980e-05,1.269007e-05,1.227756e-05,1.187229e-05,1.147429e-05,1.108360e-05,1.070024e-05,1.032423e-05,9.955578e-06,9.594311e-06,9.240435e-06,8.893960e-06,8.554888e-06,8.223222e-06,7.898958e-06,7.582087e-06,7.272600e-06,6.970480e-06,6.675708e-06,6.388257e-06,6.108097e-06,5.835194e-06,5.569505e-06,5.310983e-06,5.059573e-06,4.815215e-06,4.577840e-06,4.347369e-06,4.123715e-06,3.906783e-06,3.696464e-06,3.492637e-06,3.295169e-06,3.103913e-06,2.921692e-06,2.742249e-06,2.568457e-06,2.400090e-06,2.236898e-06,2.078606e-06,1.924908e-06,1.775469e-06,1.629920e-06,1.487856e-06,1.348834e-06,1.211175e-06,1.077019e-06,9.443555e-07,8.125785e-07,6.810396e-07,5.490502e-07,4.151630e-07,2.796750e-07,1.414447e-07,-3.414716e-10,-1.465163e-07,-2.979260e-07,-4.554243e-07,-6.198658e-07,-7.921007e-07,-9.729684e-07,-1.163293e-06,-1.363879e-06,-1.575507e-06,-1.798931e-06,-2.034873e-06,-2.284026e-06,-2.547048e-06,-2.824564e-06,-3.117164e-06,-3.425401e-06,-3.749796e-06,-4.090831e-06,-4.448959e-06,-4.824596e-06,-5.218126e-06,-5.629904e-06,-6.060254e-06,-6.509470e-06,-6.977820e-06,-7.465545e-06,-7.972863e-06,-8.499967e-06,-9.047027e-06,-9.614195e-06,-1.019146e-05,-1.079917e-05,-1.142733e-05,-1.207602e-05,-1.274531e-05,-1.343524e-05,-1.414585e-05,-1.487716e-05,-1.562918e-05,-1.640192e-05,-1.719535e-05,-1.800946e-05,-1.884421e-05,-1.969957e-05,-2.057548e-05,-2.147189e-05,-2.238874e-05,-2.332595e-05,-2.428344e-05,-2.526113e-05,-2.625894e-05,-2.727675e-05,-2.831449e-05,-2.937202e-05,-3.044925e-05,-3.154606e-05,-3.266233e-05,-3.379794e-05,-3.495276e-05,-3.612665e-05,-3.731949e-05,-3.853114e-05,-3.976145e-05,-4.101029e-05,-4.227751e-05,-4.356296e-05,-4.486650e-05,-4.618798e-05,-4.752723e-05,-4.888412e-05,-5.025847e-05,-5.165014e-05,-5.305897e-05,-5.448479e-05,-5.592746e-05,-5.738680e-05,-5.886266e-05,-6.035487e-05,-6.186328e-05,-6.338771e-05,-6.492801e-05,-6.648401e-05,-6.805555e-05,-6.964247e-05,-7.124460e-05,-7.286179e-05,-7.449385e-05,-7.614064e-05,-7.780200e-05,-7.947775e-05,-8.116774e-05,-8.287180e-05,-8.458978e-05,-8.632152e-05,-8.806685e-05,-8.982562e-05,-9.159766e-05,-9.338283e-05,-9.518096e-05,-9.699190e-05,-9.881549e-05,-1.006516e-04,-1.025000e-04,-1.043606e-04,-1.062333e-04,-1.081179e-04,-1.100141e-04,-1.119220e-04,-1.138414e-04,-1.157720e-04,-1.177137e-04,-1.196665e-04,-1.216302e-04,-1.236045e-04,-1.255894e-04,-1.275848e-04,-1.295905e-04,-1.316063e-04,-1.336321e-04,-1.356678e-04,-1.377133e-04,-1.397683e-04,-1.418329e-04
0.8600,5.083509e-05,5.011224e-05,4.939265e-05,4.867536e-05,4.796045e-05,4.724799e-05,4.653808e-05,4.583080e-05,4.512621e-05,4.442442e-05,4.372551e-05,4.302955e-05,4.233664e-05,4.164686e-05,4.096030e-05,4.027705e-05,3.959719e-05,3.892081e-05,3.824801e-05,3.757886e-05,3.691345e-05,3.625189e-05,3.559425e-05,3.494062e-05,3.429111e-05,3.364578e-05,3.300475e-05,3.236808e-05,3.173588e-05,3.110824e-05,3.048524e-05,2.986697e-05,2.925352e-05,2.864498e-05,2.804144e-05,2.744298e-05,2.684970e-05,2.626167e-05,2.567898e-05,2.510172e-05,2.452997e-05,2.396381e-05,2.340333e-05,2.284861e-05,2.229972e-05,2.175675e-05,2.121977e-05,2.068886e-05,2.016409e-05,1.964554e-05,1.913327e-05,1.862736e-05,1.812787e-05,1.763488e-05,1.714844e-05,1.666862e-05,1.619548e-05,1.572908e-05,1.526946e-05,1.481670e-05,1.437084e-05,1.393192e-05,1.350000e-05,1.307512e-05,1.265731e-05,1.224663e-05,1.184311e-05,1.144677e-05,1.105766e-05,1.067579e-05,1.030119e-05,9.933886e-06,9.573891e-06,9.221220e-06,8.875884e-06,8.537890e-06,8.207242e-06,7.883939e-06,7.567976e-06,7.259344e-06,6.958031e-06,6.664018e-06,6.377283e-06,6.097796e-06,5.825526e-06,5.560432e-06,5.302468e-06,5.051583e-06,4.807716e-06,4.570800e-06,4.340759e-06,4.117508e-06,3.900950e-06,3.690978e-06,3.487475e-06,3.290306e-06,3.099325e-06,2.917346e-06,2.738134e-06,2.564550e-06,2.396370e-06,2.233343e-06,2.075193e-06,1.921615e-06,1.772274e-06,1.626799e-06,1.484785e-06,1.345788e-06,1.208143e-06,1.073959e-06,9.412399e-07,8.093776e-07,6.777225e-07,5.455847e-07,4.114985e-07,2.757931e-07,1.373097e-07,-4.766180e-09,-1.512680e-07,-3.030426e-07,-4.609438e-07,-6.258265e-07,-7.985404e-07,-9.799248e-07,-1.170803e-06,-1.371980e-06,-1.584233e-06,-1.808316e-06,-2.044952e-06,-2.294830e-06,-2.558609e-06,-2.836912e-06,-3.130327e-06,-3.439407e-06,-3.764669e-06,-4.106598e-06,-4.465643e-06,-4.842220e-06,-5.236712e-06,-5.649472e-06,-6.080824e-06,-6.531061e-06,-7.000449e-06,-7.489230e-06,-7.997620e-06,-8.525812e-06,-9.073975e-06,-9.642261e-06,-1.022065e-05,-1.082950e-05,-1.145882e-05,-1.210868e-05,-1.277915e-05,-1.347028e-05,-1.418210e-05,-1.491463e-05,-1.566789e-05,-1.644186e-05,-1.723655e-05,-1.805192e-05,-1.888795e-05,-1.974459e-05,-2.062180e-05,-2.151952e-05,-2.243769e-05,-2.337623e-05,-2.433506e-05,-2.531411e-05,-2.631328e-05,-2.733248e-05,-2.837160e-05,-2.943054e-05,-3.050918e-05,-3.160742e-05,-3.272513e-05,-3.386219e-05,-3.501848e-05,-3.619386e-05,-3.738819e-05,-3.860135e-05,-3.983319e-05,-4.108358e-05,-4.235236e-05,-4.363939e-05,-4.494452e-05,-4.626760e-05,-4.760848e-05,-4.896701e-05,-5.034303e-05,-5.173639e-05,-5.314692e-05,-5.457447e-05,-5.601887e-05,-5.747998e-05,-5.895762e-05,-6.045164e-05,-6.196188e-05,-6.348817e-05,-6.503035e-05,-6.658825e-05,-6.816172e-05,-6.975059e-05,-7.135470e-05,-7.297388e-05,-7.460798e-05,-7.625683e-05,-7.792027e-05,-7.959813e-05,-8.129027e-05,-8.299650e-05,-8.471669e-05,-8.645066e-05,-8.819825e-05,-8.995932e-05,-9.173369e-05,-9.352122e-05,-9.532174e-05,-9.713511e-05,-9.896117e-05,-1.007998e-04,-1.026507e-04,-1.045139e-04,-1.063892e-04,-1.082764e-04,-1.101754e-04,-1.120860e-04,-1.140081e-04,-1.159415e-04,-1.178861e-04,-1.198418e-04,-1.218083e-04,-1.237856e-04,-1.257736e-04,-1.277720e-04,-1.297807e-04,-1.317997e-04,-1.338287e-04,-1.358676e-04,-1.379164e-04,-1.399748e-04,-1.420427e-04
0.8700,5.034689e-05,4.963700e-05,4.893010e-05,4.822531e-05,4.752272e-05,4.682241e-05,4.612445e-05,4.542892e-05,4.473592e-05,4.404551e-05,4.335779e-05,4.267284e-05,4.199075e-05,4.131159e-05,4.063546e-05,3.996244e-05,3.929262e-05,3.862609e-05,3.796293e-05,3.730324e-05,3.664710e-05,3.599460e-05,3.534583e-05,3.470088e-05,3.405984e-05,3.342281e-05,3.278986e-05,3.216110e-05,3.153661e-05,3.091648e-05,3.030081e-05,2.968968e-05,2.908318e-05,2.848140e-05,2.788443e-05,2.729236e-05,2.670528e-05,2.612328e-05,2.554644e-05,2.497485e-05,2.440860e-05,2.384776e-05,2.329243e-05,2.274269e-05,2.219862e-05,2.166030e-05,2.112780e-05,2.060122e-05,2.008063e-05,1.956609e-05,1.905770e-05,1.855551e-05,1.805960e-05,1.757004e-05,1.708690e-05,1.661025e-05,1.614014e-05,1.567664e-05,1.521981e-05,1.476970e-05,1.432637e-05,1.388988e-05,1.346027e-05,1.303760e-05,1.262189e-05,1.221321e-05,1.181159e-05,1.141706e-05,1.102966e-05,1.064942e-05,1.027637e-05,9.910532e-06,9.551924e-06,9.200566e-06,8.856471e-06,8.519651e-06,8.190111e-06,7.867854e-06,7.552878e-06,7.245177e-06,6.944741e-06,6.651553e-06,6.365594e-06,6.086838e-06,5.815253e-06,5.550803e-06,5.293444e-06,5.043125e-06,4.799789e-06,4.563369e-06,4.333792e-06,4.110973e-06,3.894818e-06,3.685221e-06,3.482066e-06,3.285218e-06,3.094533e-06,2.912813e-06,2.733849e-06,2.560490e-06,2.392510e-06,2.229660e-06,2.071665e-06,1.918219e-06,1.768984e-06,1.623593e-06,1.481637e-06,1.342672e-06,1.205045e-06,1.070839e-06,9.380696e-07,8.061263e-07,6.743585e-07,5.420753e-07,4.077925e-07,2.718720e-07,1.331373e-07,-9.226750e-09,-1.560544e-07,-3.081929e-07,-4.664962e-07,-6.318194e-07,-8.050119e-07,-9.869125e-07,-1.178344e-06,-1.380110e-06,-1.592989e-06,-1.817732e-06,-2.055060e-06,-2.305664e-06,-2.570199e-06,-2.849288e-06,-3.143517e-06,-3.453438e-06,-3.779569e-06,-4.122390e-06,-4.482351e-06,-4.859866e-06,-5.255319e-06,-5.669060e-06,-6.101411e-06,-6.552667e-06,-7.023092e-06,-7.512926e-06,-8.022386e-06,-8.551662e-06,-9.100926e-06,-9.670326e-06,-1.024984e-05,-1.085983e-05,-1.149030e-05,-1.214133e-05,-1.281298e-05,-1.350530e-05,-1.421832e-05,-1.495207e-05,-1.570655e-05,-1.648176e-05,-1.727769e-05,-1.809432e-05,-1.893162e-05,-1.978954e-05,-2.066804e-05,-2.156706e-05,-2.248654e-05,-2.342640e-05,-2.438657e-05,-2.536696e-05,-2.636749e-05,-2.738805e-05,-2.842855e-05,-2.948888e-05,-3.056893e-05,-3.166859e-05,-3.278773e-05,-3.392623e-05,-3.508397e-05,-3.626082e-05,-3.745664e-05,-3.867129e-05,-3.990464e-05,-4.115655e-05,-4.242687e-05,-4.371546e-05,-4.502216e-05,-4.634684e-05,-4.768933e-05,-4.904948e-05,-5.042714e-05,-5.182215e-05,-5.323436e-05,-5.466361e-05,-5.610973e-05,-5.757258e-05,-5.905198e-05,-6.054778e-05,-6.205981e-05,-6.358792e-05,-6.513195e-05,-6.669172e-05,-6.826708e-05,-6.985787e-05,-7.146392e-05,-7.308506e-05,-7.472115e-05,-7.637202e-05,-7.803750e-05,-7.971744e-05,-8.141167e-05,-8.312003e-05,-8.484237e-05,-8.657853e-05,-8.832834e-05,-9.009165e-05,-9.186830e-05,-9.365814e-05,-9.546100e-05,-9.727674e-05,-9.910520e-05,-1.009462e-04,-1.027997e-04,-1.046654e-04,-1.065432e-04,-1.084330e-04,-1.103346e-04,-1.122478e-04,-1.141726e-04,-1.161088e-04,-1.180561e-04,-1.200146e-04,-1.219840e-04,-1.239642e-04,-1.259551e-04,-1.279565e-04,-1.299682e-04,-1.319902e-04,-1.340224e-04,-1.360644e-04,-1.381163e-04,-1.401780e-04,-1.422492e-04
0.8800,4.982653e-05,4.913020e-05,4.843659e-05,4.774492e-05,4.705526e-05,4.636769e-05,4.568229e-05,4.499913e-05,4.431831e-05,4.363989e-05,4.296397e-05,4.229062e-05,4.161994e-05,4.095200e-05,4.028688e-05,3.962468e-05,3.896549e-05,3.830938e-05,3.765645e-05,3.700678e-05,3.636047e-05,3.571760e-05,3.507825e-05,3.444253e-05,3.381052e-05,3.318231e-05,3.255800e-05,3.193766e-05,3.132140e-05,3.070930e-05,3.010146e-05,2.949796e-05,2.889890e-05,2.830436e-05,2.771445e-05,2.712924e-05,2.654883e-05,2.597330e-05,2.540275e-05,2.483726e-05,2.427693e-05,2.372183e-05,2.317205e-05,2.262769e-05,2.208882e-05,2.155552e-05,2.102789e-05,2.050599e-05,1.998992e-05,1.947975e-05,1.897555e-05,1.847740e-05,1.798538e-05,1.749956e-05,1.702001e-05,1.654679e-05,1.607998e-05,1.561965e-05,1.516584e-05,1.471863e-05,1.427808e-05,1.384423e-05,1.341715e-05,1.299688e-05,1.258347e-05,1.217697e-05,1.177743e-05,1.138488e-05,1.099935e-05,1.062090e-05,1.024953e-05,9.885295e-06,9.528204e-06,9.178281e-06,8.835543e-06,8.500006e-06,8.171677e-06,7.850562e-06,7.536663e-06,7.229977e-06,6.930497e-06,6.638208e-06,6.353095e-06,6.075133e-06,5.804295e-06,5.540545e-06,5.283842e-06,5.034138e-06,4.791376e-06,4.555495e-06,4.326419e-06,4.104068e-06,3.888349e-06,3.679157e-06,3.476377e-06,3.279876e-06,3.089510e-06,2.908069e-06,2.729373e-06,2.556255e-06,2.388493e-06,2.225836e-06,2.068008e-06,1.914705e-06,1.765589e-06,1.620290e-06,1.478401e-06,1.339476e-06,1.201876e-06,1.067654e-06,9.348390e-07,8.028193e-07,6.709431e-07,5.385180e-07,4.040414e-07,2.679084e-07,1.289246e-07,-1.372576e-08,-1.608777e-07,-3.133788e-07,-4.720833e-07,-6.378461e-07,-8.115165e-07,-9.939329e-07,-1.185918e-06,-1.388273e-06,-1.601777e-06,-1.827179e-06,-2.065200e-06,-2.316528e-06,-2.581819e-06,-2.861693e-06,-3.156736e-06,-3.467498e-06,-3.794495e-06,-4.138208e-06,-4.499083e-06,-4.877536e-06,-5.273947e-06,-5.688667e-06,-6.122017e-06,-6.574289e-06,-7.045748e-06,-7.536634e-06,-8.047160e-06,-8.577519e-06,-9.127880e-06,-9.698391e-06,-1.027902e-05,-1.089015e-05,-1.152178e-05,-1.217397e-05,-1.284679e-05,-1.354030e-05,-1.425452e-05,-1.498947e-05,-1.574517e-05,-1.652161e-05,-1.731879e-05,-1.813667e-05,-1.897523e-05,-1.983442e-05,-2.071421e-05,-2.161452e-05,-2.253530e-05,-2.347648e-05,-2.443797e-05,-2.541970e-05,-2.642158e-05,-2.744350e-05,-2.848537e-05,-2.954708e-05,-3.062852e-05,-3.172958e-05,-3.285013e-05,-3.399006e-05,-3.514924e-05,-3.632754e-05,-3.752483e-05,-3.874096e-05,-3.997581e-05,-4.122923e-05,-4.250107e-05,-4.379120e-05,-4.509946e-05,-4.642570e-05,-4.776978e-05,-4.913153e-05,-5.051081e-05,-5.190746e-05,-5.332133e-05,-5.475224e-05,-5.620006e-05,-5.766462e-05,-5.914575e-05,-6.064330e-05,-6.215711e-05,-6.368701e-05,-6.523285e-05,-6.679445e-05,-6.837167e-05,-6.996434e-05,-7.157229e-05,-7.319537e-05,-7.483341e-05,-7.648626e-05,-7.815374e-05,-7.983571e-05,-8.153200e-05,-8.324245e-05,-8.496690e-05,-8.670519e-05,-8.845717e-05,-9.022268e-05,-9.200155e-05,-9.379365e-05,-9.559880e-05,-9.741686e-05,-9.924767e-05,-1.010911e-04,-1.029469e-04,-1.048151e-04,-1.066954e-04,-1.085877e-04,-1.104918e-04,-1.124077e-04,-1.143351e-04,-1.162739e-04,-1.182240e-04,-1.201852e-04,-1.221574e-04,-1.241404e-04,-1.261341e-04,-1.281384e-04,-1.301531e-04,-1.321780e-04,-1.342132e-04,-1.362583e-04,-1.383133e-04,-1.403781e-04,-1.424524e-04
0.8900,4.927172e-05,4.858959e-05,4.790990e-05,4.723197e-05,4.655587e-05,4.588167e-05,4.520946e-05,4.453930e-05,4.387128e-05,4.320548e-05,4.254198e-05,4.188086e-05,4.122220e-05,4.056609e-05,3.991262e-05,3.926185e-05,3.861389e-05,3.796882e-05,3.732672e-05,3.668768e-05,3.605178e-05,3.541913e-05,3.478980e-05,3.416389e-05,3.354148e-05,3.292267e-05,3.230754e-05,3.169619e-05,3.108871e-05,3.048519e-05,2.988572e-05,2.929039e-05,2.869930e-05,2.811252e-05,2.753017e-05,2.695232e-05,2.637907e-05,2.581050e-05,2.524672e-05,2.468780e-05,2.413385e-05,2.358493e-05,2.304115e-05,2.250260e-05,2.196935e-05,2.144149e-05,2.091911e-05,2.040230e-05,1.989113e-05,1.938568e-05,1.888604e-05,1.839229e-05,1.790449e-05,1.742274e-05,1.694709e-05,1.647763e-05,1.601442e-05,1.555753e-05,1.510703e-05,1.466299e-05,1.422546e-05,1.379450e-05,1.337018e-05,1.295254e-05,1.254165e-05,1.213754e-05,1.174028e-05,1.134989e-05,1.096642e-05,1.058992e-05,1.022041e-05,9.857922e-06,9.502493e-06,9.154143e-06,8.812894e-06,8.478761e-06,8.151759e-06,7.831896e-06,7.519177e-06,7.213602e-06,6.915167e-06,6.623863e-06,6.339674e-06,6.062580e-06,5.792556e-06,5.529570e-06,5.273583e-06,5.024548e-06,4.782413e-06,4.547116e-06,4.318587e-06,4.096744e-06,3.881498e-06,3.672745e-06,3.470370e-06,3.274246e-06,3.084225e-06,2.903087e-06,2.724680e-06,2.551825e-06,2.384298e-06,2.221850e-06,2.064206e-06,1.911059e-06,1.762074e-06,1.616879e-06,1.475067e-06,1.336191e-06,1.198626e-06,1.064396e-06,9.315412e-07,7.994507e-07,6.674708e-07,5.349080e-07,4.002409e-07,2.638985e-07,1.246684e-07,-1.826619e-08,-1.657406e-07,-3.186028e-07,-4.777072e-07,-6.439086e-07,-8.180560e-07,-1.000987e-06,-1.193525e-06,-1.396469e-06,-1.610597e-06,-1.836657e-06,-2.075371e-06,-2.327423e-06,-2.593469e-06,-2.874128e-06,-3.169983e-06,-3.481585e-06,-3.809448e-06,-4.154051e-06,-4.515841e-06,-4.895229e-06,-5.292597e-06,-5.708295e-06,-6.142641e-06,-6.595928e-06,-7.068419e-06,-7.560354e-06,-8.071945e-06,-8.603384e-06,-9.154839e-06,-9.726459e-06,-1.030820e-05,-1.092047e-05,-1.155324e-05,-1.220659e-05,-1.288059e-05,-1.357528e-05,-1.429069e-05,-1.502685e-05,-1.578376e-05,-1.656143e-05,-1.735984e-05,-1.817896e-05,-1.901878e-05,-1.987924e-05,-2.076030e-05,-2.166190e-05,-2.258398e-05,-2.352646e-05,-2.448927e-05,-2.547233e-05,-2.647554e-05,-2.749881e-05,-2.854204e-05,-2.960512e-05,-3.068794e-05,-3.179039e-05,-3.291235e-05,-3.405370e-05,-3.521431e-05,-3.639404e-05,-3.759278e-05,-3.881038e-05,-4.004671e-05,-4.130162e-05,-4.257497e-05,-4.386662e-05,-4.517641e-05,-4.650421e-05,-4.784985e-05,-4.921319e-05,-5.059406e-05,-5.199233e-05,-5.340783e-05,-5.484040e-05,-5.628988e-05,-5.775612e-05,-5.923896e-05,-6.073823e-05,-6.225378e-05,-6.378545e-05,-6.533307e-05,-6.689648e-05,-6.847553e-05,-7.007004e-05,-7.167987e-05,-7.330484e-05,-7.494480e-05,-7.659958e-05,-7.826904e-05,-7.995299e-05,-8.165130e-05,-8.336379e-05,-8.509030e-05,-8.683069e-05,-8.858479e-05,-9.035245e-05,-9.213351e-05,-9.392781e-05,-9.573520e-05,-9.755553e-05,-9.938864e-05,-1.012344e-04,-1.030926e-04,-1.049631e-04,-1.068459e-04,-1.087406e-04,-1.106473e-04,-1.125656e-04,-1.144956e-04,-1.164370e-04,-1.183897e-04,-1.203536e-04,-1.223285e-04,-1.243142e-04,-1.263107e-04,-1.283178e-04,-1.303353e-04,-1.323632e-04,-1.344013e-04,-1.364494e-04,-1.385074e-04,-1.405752e-04,-1.426527e-04
0.9000,4.868010e-05,4.801280e-05,4.734768e-05,4.668414e-05,4.602224e-05,4.536206e-05,4.470368e-05,4.404716e-05,4.339260e-05,4.274006e-05,4.208963e-05,4.144138e-05,4.079540e-05,4.015177e-05,3.951056e-05,3.887187e-05,3.823579e-05,3.760238e-05,3.697174e-05,3.634395e-05,3.571911e-05,3.509729e-05,3.447860e-05,3.386311e-05,3.325091e-05,3.264210e-05,3.203676e-05,3.143500e-05,3.083688e-05,3.024252e-05,2.965200e-05,2.906540e-05,2.848283e-05,2.790438e-05,2.733013e-05,2.676018e-05,2.619462e-05,2.563354e-05,2.507703e-05,2.452519e-05,2.397811e-05,2.343587e-05,2.289856e-05,2.236628e-05,2.183911e-05,2.131714e-05,2.080046e-05,2.028915e-05,1.978330e-05,1.928299e-05,1.878830e-05,1.829932e-05,1.781613e-05,1.733880e-05,1.686741e-05,1.640204e-05,1.594275e-05,1.548964e-05,1.504275e-05,1.460217e-05,1.416795e-05,1.374016e-05,1.331886e-05,1.290411e-05,1.249597e-05,1.209449e-05,1.169972e-05,1.131171e-05,1.093051e-05,1.055615e-05,1.018867e-05,9.828116e-06,9.474514e-06,9.127894e-06,8.788280e-06,8.455692e-06,8.130148e-06,7.811661e-06,7.500238e-06,7.195884e-06,6.898598e-06,6.608373e-06,6.325199e-06,6.049057e-06,5.779927e-06,5.517777e-06,5.262573e-06,5.014271e-06,4.772821e-06,4.538163e-06,4.310229e-06,4.088941e-06,3.874209e-06,3.665935e-06,3.464003e-06,3.268287e-06,3.078642e-06,2.897834e-06,2.719741e-06,2.547172e-06,2.379901e-06,2.217682e-06,2.060238e-06,1.907264e-06,1.758424e-06,1.613346e-06,1.471622e-06,1.332806e-06,1.195285e-06,1.061055e-06,9.281684e-07,7.960134e-07,6.639354e-07,5.312399e-07,3.963861e-07,2.598379e-07,1.203645e-07,-2.285155e-08,-1.706461e-07,-3.238675e-07,-4.833702e-07,-6.500089e-07,-8.246323e-07,-1.008078e-06,-1.201166e-06,-1.404699e-06,-1.619450e-06,-1.846169e-06,-2.085574e-06,-2.338350e-06,-2.605150e-06,-2.886592e-06,-3.183260e-06,-3.495701e-06,-3.824429e-06,-4.169921e-06,-4.532623e-06,-4.912946e-06,-5.311270e-06,-5.727943e-06,-6.163285e-06,-6.617584e-06,-7.091106e-06,-7.584087e-06,-8.096741e-06,-8.629257e-06,-9.181803e-06,-9.754529e-06,-1.033739e-05,-1.095078e-05,-1.158470e-05,-1.223921e-05,-1.291437e-05,-1.361023e-05,-1.432684e-05,-1.506419e-05,-1.582232e-05,-1.660121e-05,-1.740084e-05,-1.822121e-05,-1.906228e-05,-1.992400e-05,-2.080633e-05,-2.170920e-05,-2.263257e-05,-2.357635e-05,-2.454047e-05,-2.552485e-05,-2.652939e-05,-2.755399e-05,-2.859857e-05,-2.966301e-05,-3.074720e-05,-3.185104e-05,-3.297439e-05,-3.411714e-05,-3.527916e-05,-3.646033e-05,-3.766051e-05,-3.887956e-05,-4.011735e-05,-4.137374e-05,-4.264858e-05,-4.394173e-05,-4.525304e-05,-4.658237e-05,-4.792956e-05,-4.929446e-05,-5.067692e-05,-5.207678e-05,-5.349388e-05,-5.492808e-05,-5.637921e-05,-5.784711e-05,-5.933163e-05,-6.083260e-05,-6.234987e-05,-6.388327e-05,-6.543264e-05,-6.699783e-05,-6.857867e-05,-7.017501e-05,-7.178667e-05,-7.341350e-05,-7.505534e-05,-7.671204e-05,-7.838342e-05,-8.006933e-05,-8.176961e-05,-8.348410e-05,-8.521264e-05,-8.695509e-05,-8.871127e-05,-9.048103e-05,-9.226422e-05,-9.406068e-05,-9.587026e-05,-9.769280e-05,-9.952816e-05,-1.013762e-04,-1.032367e-04,-1.051096e-04,-1.069947e-04,-1.088918e-04,-1.108009e-04,-1.127217e-04,-1.146542e-04,-1.165981e-04,-1.185534e-04,-1.205199e-04,-1.224974e-04,-1.244858e-04,-1.264850e-04,-1.284949e-04,-1.305152e-04,-1.325459e-04,-1.345868e-04,-1.366378e-04,-1.386987e-04,-1.407695e-04,-1.428500e-04
0.9100,4.804914e-05,4.739732e-05,4.674743e-05,4.609894e-05,4.545190e-05,4.480641e-05,4.416252e-05,4.352032e-05,4.287987e-05,4.224126e-05,4.160457e-05,4.096986e-05,4.033722e-05,3.970673e-05,3.907847e-05,3.845252e-05,3.782896e-05,3.720788e-05,3.658937e-05,3.597349e-05,3.536035e-05,3.475003e-05,3.414261e-05,3.353819e-05,3.293685e-05,3.233867e-05,3.174376e-05,3.115220e-05,3.056408e-05,2.997949e-05,2.939852e-05,2.882127e-05,2.824782e-05,2.767827e-05,2.711271e-05,2.655124e-05,2.599394e-05,2.544090e-05,2.489223e-05,2.434801e-05,2.380833e-05,2.327329e-05,2.274297e-05,2.221747e-05,2.169687e-05,2.118128e-05,2.067077e-05,2.016543e-05,1.966535e-05,1.917062e-05,1.868132e-05,1.819753e-05,1.771935e-05,1.724685e-05,1.678010e-05,1.631920e-05,1.586421e-05,1.541522e-05,1.497228e-05,1.453549e-05,1.410490e-05,1.368059e-05,1.326261e-05,1.285103e-05,1.244592e-05,1.204732e-05,1.165530e-05,1.126991e-05,1.089119e-05,1.051919e-05,1.015396e-05,9.795530e-06,9.443943e-06,9.099229e-06,8.761418e-06,8.430535e-06,8.106599e-06,7.789629e-06,7.479636e-06,7.176628e-06,6.880608e-06,6.591573e-06,6.309516e-06,6.034423e-06,5.766275e-06,5.505045e-06,5.250702e-06,5.003205e-06,4.762507e-06,4.528549e-06,4.301268e-06,4.080588e-06,3.866421e-06,3.658669e-06,3.457221e-06,3.261952e-06,3.072718e-06,2.892269e-06,2.714521e-06,2.542264e-06,2.375274e-06,2.213305e-06,2.056082e-06,1.903299e-06,1.754620e-06,1.609674e-06,1.468052e-06,1.329307e-06,1.191842e-06,1.057621e-06,9.247111e-07,7.924991e-07,6.603295e-07,5.275069e-07,3.924711e-07,2.557214e-07,1.160085e-07,-2.748590e-08,-1.755980e-07,-3.291763e-07,-4.890754e-07,-6.561497e-07,-8.312476e-07,-1.015206e-06,-1.208845e-06,-1.412964e-06,-1.628339e-06,-1.855715e-06,-2.095810e-06,-2.349309e-06,-2.616863e-06,-2.899089e-06,-3.196568e-06,-3.509847e-06,-3.839438e-06,-4.185819e-06,-4.549432e-06,-4.930689e-06,-5.329967e-06,-5.747614e-06,-6.183948e-06,-6.639259e-06,-7.113809e-06,-7.607834e-06,-8.121548e-06,-8.655139e-06,-9.208775e-06,-9.782602e-06,-1.036657e-05,-1.098109e-05,-1.161615e-05,-1.227181e-05,-1.294814e-05,-1.364518e-05,-1.436296e-05,-1.510151e-05,-1.586084e-05,-1.664095e-05,-1.744181e-05,-1.826341e-05,-1.910572e-05,-1.996869e-05,-2.085229e-05,-2.175644e-05,-2.268109e-05,-2.362616e-05,-2.459158e-05,-2.557726e-05,-2.658312e-05,-2.760906e-05,-2.865498e-05,-2.972077e-05,-3.080632e-05,-3.191152e-05,-3.303626e-05,-3.418040e-05,-3.534383e-05,-3.652641e-05,-3.772801e-05,-3.894850e-05,-4.018774e-05,-4.144559e-05,-4.272191e-05,-4.401655e-05,-4.532936e-05,-4.666021e-05,-4.800892e-05,-4.937537e-05,-5.075938e-05,-5.216082e-05,-5.357951e-05,-5.501531e-05,-5.646806e-05,-5.793761e-05,-5.942378e-05,-6.092642e-05,-6.244538e-05,-6.398049e-05,-6.553160e-05,-6.709853e-05,-6.868114e-05,-7.027926e-05,-7.189273e-05,-7.352139e-05,-7.516508e-05,-7.682365e-05,-7.849692e-05,-8.018475e-05,-8.188697e-05,-8.360342e-05,-8.533396e-05,-8.707841e-05,-8.883663e-05,-9.060845e-05,-9.239373e-05,-9.419231e-05,-9.600403e-05,-9.782875e-05,-9.966630e-05,-1.015165e-04,-1.033793e-04,-1.052545e-04,-1.071419e-04,-1.090414e-04,-1.109528e-04,-1.128761e-04,-1.148110e-04,-1.167574e-04,-1.187152e-04,-1.206842e-04,-1.226643e-04,-1.246553e-04,-1.266571e-04,-1.286696e-04,-1.306927e-04,-1.327261e-04,-1.347698e-04,-1.368236e-04,-1.388874e-04,-1.409611e-04,-1.430445e-04
0.9200,4.737620e-05,4.674053e-05,4.610654e-05,4.547376e-05,4.484226e-05,4.421213e-05,4.358342e-05,4.295621e-05,4.233057e-05,4.170657e-05,4.108430e-05,4.046382e-05,3.984521e-05,3.922855e-05,3.861392e-05,3.800139e-05,3.739106e-05,3.678300e-05,3.617729e-05,3.557401e-05,3.497326e-05,3.437511e-05,3.377965e-05,3.318697e-05,3.259715e-05,3.201029e-05,3.142646e-05,3.084577e-05,3.026829e-05,2.969413e-05,2.912336e-05,2.855609e-05,2.799240e-05,2.743239e-05,2.687614e-05,2.632376e-05,2.577532e-05,2.523093e-05,2.469068e-05,2.415466e-05,2.362297e-05,2.309569e-05,2.257292e-05,2.205474e-05,2.154126e-05,2.103257e-05,2.052874e-05,2.002988e-05,1.953607e-05,1.904741e-05,1.856397e-05,1.808584e-05,1.761312e-05,1.714588e-05,1.668421e-05,1.622819e-05,1.577790e-05,1.533341e-05,1.489482e-05,1.446218e-05,1.403557e-05,1.361507e-05,1.320074e-05,1.279266e-05,1.239087e-05,1.199546e-05,1.160646e-05,1.122395e-05,1.084798e-05,1.047859e-05,1.011584e-05,9.759758e-06,9.410398e-06,9.067793e-06,8.731977e-06,8.402978e-06,8.080822e-06,7.765530e-06,7.457119e-06,7.155600e-06,6.860981e-06,6.573262e-06,6.292440e-06,6.018506e-06,5.751444e-06,5.491231e-06,5.237839e-06,4.991230e-06,4.751360e-06,4.518176e-06,4.291614e-06,4.071602e-06,3.858056e-06,3.650879e-06,3.449963e-06,3.255184e-06,3.066402e-06,2.886348e-06,2.708978e-06,2.537063e-06,2.370383e-06,2.208690e-06,2.051711e-06,1.899140e-06,1.750641e-06,1.605844e-06,1.464339e-06,1.325679e-06,1.188284e-06,1.054082e-06,9.211585e-07,7.888980e-07,6.566445e-07,5.237013e-07,3.884890e-07,2.515429e-07,1.115948e-07,-3.217410e-08,-1.806004e-07,-3.345328e-07,-4.948259e-07,-6.623338e-07,-8.379045e-07,-1.022374e-06,-1.216562e-06,-1.421268e-06,-1.637264e-06,-1.865297e-06,-2.106082e-06,-2.360303e-06,-2.628609e-06,-2.911617e-06,-3.209906e-06,-3.524023e-06,-3.854477e-06,-4.201744e-06,-4.566268e-06,-4.948456e-06,-5.348687e-06,-5.767307e-06,-6.204633e-06,-6.660953e-06,-7.136529e-06,-7.631597e-06,-8.146368e-06,-8.681031e-06,-9.235754e-06,-9.810681e-06,-1.039576e-05,-1.101140e-05,-1.164760e-05,-1.230440e-05,-1.298189e-05,-1.368010e-05,-1.439907e-05,-1.513881e-05,-1.589934e-05,-1.668065e-05,-1.748274e-05,-1.830557e-05,-1.914911e-05,-2.001334e-05,-2.089818e-05,-2.180360e-05,-2.272952e-05,-2.367588e-05,-2.464259e-05,-2.562958e-05,-2.663675e-05,-2.766401e-05,-2.871126e-05,-2.977839e-05,-3.086529e-05,-3.197185e-05,-3.309796e-05,-3.424348e-05,-3.540830e-05,-3.659228e-05,-3.779530e-05,-3.901722e-05,-4.025789e-05,-4.151719e-05,-4.279497e-05,-4.409108e-05,-4.540538e-05,-4.673772e-05,-4.808795e-05,-4.945592e-05,-5.084148e-05,-5.224447e-05,-5.366473e-05,-5.510212e-05,-5.655647e-05,-5.802763e-05,-5.951543e-05,-6.101973e-05,-6.254035e-05,-6.407715e-05,-6.562995e-05,-6.719861e-05,-6.878295e-05,-7.038283e-05,-7.199808e-05,-7.362854e-05,-7.527405e-05,-7.693445e-05,-7.860959e-05,-8.029930e-05,-8.200342e-05,-8.372180e-05,-8.545429e-05,-8.720071e-05,-8.896093e-05,-9.073478e-05,-9.252210e-05,-9.432275e-05,-9.613657e-05,-9.796341e-05,-9.980312e-05,-1.016555e-04,-1.035205e-04,-1.053979e-04,-1.072876e-04,-1.091894e-04,-1.111032e-04,-1.130288e-04,-1.149660e-04,-1.169149e-04,-1.188751e-04,-1.208466e-04,-1.228292e-04,-1.248227e-04,-1.268271e-04,-1.288423e-04,-1.308679e-04,-1.329040e-04,-1.349505e-04,-1.370070e-04,-1.390736e-04,-1.411501e-04,-1.432364e-04
0.9300,4.665850e-05,4.603966e-05,4.542223e-05,4.480585e-05,4.419059e-05,4.357650e-05,4.296366e-05,4.235214e-05,4.174200e-05,4.113332e-05,4.052617e-05,3.992062e-05,3.931675e-05,3.871463e-05,3.811434e-05,3.751595e-05,3.691956e-05,3.632522e-05,3.573303e-05,3.514306e-05,3.455540e-05,3.397013e-05,3.338734e-05,3.280710e-05,3.222951e-05,3.165466e-05,3.108262e-05,3.051348e-05,2.994735e-05,2.938429e-05,2.882441e-05,2.826780e-05,2.771454e-05,2.716473e-05,2.661846e-05,2.607581e-05,2.553690e-05,2.500179e-05,2.447060e-05,2.394341e-05,2.342031e-05,2.290140e-05,2.238678e-05,2.187652e-05,2.137074e-05,2.086951e-05,2.037293e-05,1.988110e-05,1.939410e-05,1.891203e-05,1.843497e-05,1.796301e-05,1.749624e-05,1.703475e-05,1.657862e-05,1.612794e-05,1.568279e-05,1.524325e-05,1.480940e-05,1.438133e-05,1.395910e-05,1.354280e-05,1.313249e-05,1.272824e-05,1.233013e-05,1.193822e-05,1.155258e-05,1.117325e-05,1.080031e-05,1.043381e-05,1.007380e-05,9.720326e-06,9.373434e-06,9.033167e-06,8.699563e-06,8.372656e-06,8.052475e-06,7.739047e-06,7.432392e-06,7.132526e-06,6.839462e-06,6.553204e-06,6.273755e-06,6.001107e-06,5.735250e-06,5.476165e-06,5.223827e-06,4.978203e-06,4.739251e-06,4.506922e-06,4.281156e-06,4.061884e-06,3.849024e-06,3.642483e-06,3.442154e-06,3.247916e-06,3.059632e-06,2.877146e-06,2.703060e-06,2.531525e-06,2.365186e-06,2.203799e-06,2.047091e-06,1.894756e-06,1.746460e-06,1.601831e-06,1.460461e-06,1.321903e-06,1.184592e-06,1.050423e-06,9.174972e-07,7.851984e-07,6.528697e-07,5.198140e-07,3.844314e-07,2.472950e-07,1.071170e-07,-3.692189e-08,-1.856585e-07,-3.399417e-07,-5.006258e-07,-6.685648e-07,-8.446062e-07,-1.029585e-06,-1.224321e-06,-1.429611e-06,-1.646228e-06,-1.874916e-06,-2.116390e-06,-2.371332e-06,-2.640390e-06,-2.924179e-06,-3.223278e-06,-3.538230e-06,-3.869546e-06,-4.217699e-06,-4.583131e-06,-4.966251e-06,-5.367433e-06,-5.787024e-06,-6.225339e-06,-6.682667e-06,-7.159267e-06,-7.655375e-06,-8.171202e-06,-8.706935e-06,-9.262741e-06,-9.838766e-06,-1.042494e-05,-1.104171e-05,-1.167904e-05,-1.233699e-05,-1.301564e-05,-1.371501e-05,-1.443515e-05,-1.517608e-05,-1.593781e-05,-1.672033e-05,-1.752363e-05,-1.834768e-05,-1.919246e-05,-2.005792e-05,-2.094402e-05,-2.185070e-05,-2.277789e-05,-2.372552e-05,-2.469352e-05,-2.568181e-05,-2.669028e-05,-2.771885e-05,-2.876742e-05,-2.983588e-05,-3.092413e-05,-3.203204e-05,-3.315950e-05,-3.430640e-05,-3.547259e-05,-3.665797e-05,-3.786239e-05,-3.908571e-05,-4.032781e-05,-4.158855e-05,-4.286777e-05,-4.416534e-05,-4.548111e-05,-4.681494e-05,-4.816666e-05,-4.953614e-05,-5.092322e-05,-5.232774e-05,-5.374956e-05,-5.518851e-05,-5.664444e-05,-5.811719e-05,-5.960661e-05,-6.111253e-05,-6.263479e-05,-6.417325e-05,-6.572773e-05,-6.729808e-05,-6.888414e-05,-7.048575e-05,-7.210275e-05,-7.373497e-05,-7.538227e-05,-7.704448e-05,-7.872145e-05,-8.041300e-05,-8.211900e-05,-8.383927e-05,-8.557367e-05,-8.732204e-05,-8.908421e-05,-9.086004e-05,-9.264937e-05,-9.445206e-05,-9.626793e-05,-9.809685e-05,-9.993866e-05,-1.017932e-04,-1.036604e-04,-1.055400e-04,-1.074318e-04,-1.093359e-04,-1.112519e-04,-1.131798e-04,-1.151194e-04,-1.170706e-04,-1.190332e-04,-1.210071e-04,-1.229921e-04,-1.249882e-04,-1.269951e-04,-1.290128e-04,-1.310410e-04,-1.330798e-04,-1.351288e-04,-1.371881e-04,-1.392574e-04,-1.413366e-04,-1.434257e-04
0.9400,4.589316e-05,4.529181e-05,4.469164e-05,4.409235e-05,4.349400e-05,4.289666e-05,4.230039e-05,4.170526e-05,4.111133e-05,4.051868e-05,3.992737e-05,3.933748e-05,3.874906e-05,3.816221e-05,3.757699e-05,3.699347e-05,3.641174e-05,3.583186e-05,3.525392e-05,3.467800e-05,3.410417e-05,3.353252e-05,3.296312e-05,3.239607e-05,3.183144e-05,3.126932e-05,3.070979e-05,3.015295e-05,2.959887e-05,2.904765e-05,2.849938e-05,2.795413e-05,2.741202e-05,2.687311e-05,2.633751e-05,2.580530e-05,2.527659e-05,2.475145e-05,2.422999e-05,2.371229e-05,2.319846e-05,2.268857e-05,2.218273e-05,2.168104e-05,2.118357e-05,2.069043e-05,2.020171e-05,1.971750e-05,1.923790e-05,1.876299e-05,1.829287e-05,1.782763e-05,1.736736e-05,1.691214e-05,1.646207e-05,1.601724e-05,1.557772e-05,1.514360e-05,1.471497e-05,1.429191e-05,1.387450e-05,1.346281e-05,1.305693e-05,1.265693e-05,1.226287e-05,1.187484e-05,1.149290e-05,1.111710e-05,1.074753e-05,1.038423e-05,1.002726e-05,9.676673e-06,9.332524e-06,8.994857e-06,8.663714e-06,8.339134e-06,8.021153e-06,7.709800e-06,7.405101e-06,7.107078e-06,6.815747e-06,6.531119e-06,6.253198e-06,5.981984e-06,5.717470e-06,5.459642e-06,5.208478e-06,4.963950e-06,4.726020e-06,4.494643e-06,4.269763e-06,4.051313e-06,3.839215e-06,3.633380e-06,3.433703e-06,3.240066e-06,3.052334e-06,2.870355e-06,2.696709e-06,2.525594e-06,2.359636e-06,2.198589e-06,2.042183e-06,1.890113e-06,1.742045e-06,1.597609e-06,1.456395e-06,1.316647e-06,1.180747e-06,1.046627e-06,9.137114e-07,7.813861e-07,6.489928e-07,5.158337e-07,3.802885e-07,2.429690e-07,1.025672e-07,-4.173616e-08,-1.907783e-07,-3.454082e-07,-5.064799e-07,-6.748470e-07,-8.513564e-07,-1.036843e-06,-1.232124e-06,-1.437997e-06,-1.655233e-06,-1.884575e-06,-2.126736e-06,-2.382397e-06,-2.652206e-06,-2.936775e-06,-3.236682e-06,-3.552470e-06,-3.884646e-06,-4.233684e-06,-4.600023e-06,-4.984072e-06,-5.386204e-06,-5.806765e-06,-6.246068e-06,-6.704401e-06,-7.182024e-06,-7.679170e-06,-8.196050e-06,-8.732851e-06,-9.289738e-06,-9.866857e-06,-1.045414e-05,-1.107203e-05,-1.171048e-05,-1.236958e-05,-1.304937e-05,-1.374991e-05,-1.447122e-05,-1.521334e-05,-1.597625e-05,-1.675997e-05,-1.756448e-05,-1.838975e-05,-1.923576e-05,-2.010246e-05,-2.098980e-05,-2.189773e-05,-2.282619e-05,-2.377509e-05,-2.474437e-05,-2.573394e-05,-2.674371e-05,-2.777359e-05,-2.882347e-05,-2.989325e-05,-3.098283e-05,-3.209208e-05,-3.322089e-05,-3.436915e-05,-3.553671e-05,-3.672347e-05,-3.792928e-05,-3.915400e-05,-4.039751e-05,-4.165967e-05,-4.294032e-05,-4.423934e-05,-4.555656e-05,-4.689185e-05,-4.824506e-05,-4.961603e-05,-5.100461e-05,-5.241066e-05,-5.383400e-05,-5.527450e-05,-5.673199e-05,-5.820632e-05,-5.969732e-05,-6.120485e-05,-6.272873e-05,-6.426882e-05,-6.582496e-05,-6.739698e-05,-6.898473e-05,-7.058804e-05,-7.220676e-05,-7.384072e-05,-7.548978e-05,-7.715377e-05,-7.883253e-05,-8.052590e-05,-8.223374e-05,-8.395587e-05,-8.569215e-05,-8.744241e-05,-8.920651e-05,-9.098429e-05,-9.277559e-05,-9.458026e-05,-9.639815e-05,-9.822911e-05,-1.000730e-04,-1.019296e-04,-1.037989e-04,-1.056806e-04,-1.075747e-04,-1.094809e-04,-1.113992e-04,-1.133293e-04,-1.152712e-04,-1.172247e-04,-1.191896e-04,-1.211659e-04,-1.231533e-04,-1.251518e-04,-1.271612e-04,-1.291813e-04,-1.312121e-04,-1.332534e-04,-1.353050e-04,-1.373669e-04,-1.394388e-04,-1.415207e-04,-1.436125e-04
0.9500,4.507716e-05,4.449398e-05,4.391175e-05,4.333023e-05,4.274950e-05,4.216961e-05,4.159062e-05,4.101259e-05,4.043560e-05,3.985970e-05,3.928495e-05,3.871144e-05,3.813923e-05,3.756838e-05,3.699897e-05,3.643106e-05,3.586474e-05,3.530008e-05,3.473714e-05,3.417602e-05,3.361678e-05,3.305950e-05,3.250426e-05,3.195115e-05,3.140024e-05,3.085162e-05,3.030536e-05,2.976156e-05,2.922031e-05,2.868167e-05,2.814575e-05,2.761263e-05,2.708239e-05,2.655514e-05,2.603094e-05,2.550991e-05,2.499213e-05,2.447768e-05,2.396667e-05,2.345918e-05,2.295530e-05,2.245514e-05,2.195878e-05,2.146632e-05,2.097785e-05,2.049346e-05,2.001325e-05,1.953731e-05,1.906574e-05,1.859862e-05,1.813606e-05,1.767814e-05,1.722495e-05,1.677659e-05,1.633314e-05,1.589470e-05,1.546135e-05,1.503319e-05,1.461029e-05,1.419274e-05,1.378063e-05,1.337404e-05,1.297304e-05,1.257772e-05,1.218815e-05,1.180441e-05,1.142656e-05,1.105468e-05,1.068884e-05,1.032910e-05,9.975511e-06,9.628144e-06,9.287050e-06,8.952280e-06,8.623882e-06,8.301900e-06,7.986374e-06,7.677340e-06,7.374828e-06,7.078866e-06,6.789474e-06,6.506668e-06,6.230458e-06,5.960849e-06,5.697837e-06,5.441415e-06,5.191566e-06,4.948264e-06,4.711478e-06,4.481166e-06,4.257275e-06,4.039744e-06,3.828498e-06,3.623450e-06,3.424501e-06,3.231535e-06,3.044420e-06,2.863005e-06,2.689851e-06,2.519206e-06,2.353672e-06,2.193006e-06,2.036939e-06,1.885168e-06,1.737358e-06,1.593141e-06,1.452108e-06,1.312521e-06,1.176726e-06,1.042670e-06,9.097819e-07,7.774440e-07,6.449986e-07,5.112149e-07,3.760483e-07,2.385541e-07,9.793617e-08,-4.662521e-08,-1.959673e-07,-3.509389e-07,-5.123938e-07,-6.811853e-07,-8.581595e-07,-1.044150e-06,-1.239975e-06,-1.446428e-06,-1.664281e-06,-1.894275e-06,-2.137122e-06,-2.393502e-06,-2.664060e-06,-2.949408e-06,-3.250122e-06,-3.566743e-06,-3.899778e-06,-4.249699e-06,-4.616945e-06,-5.001921e-06,-5.405002e-06,-5.826530e-06,-6.266820e-06,-6.726157e-06,-7.204800e-06,-7.702982e-06,-8.220913e-06,-8.758779e-06,-9.316746e-06,-9.894956e-06,-1.048333e-05,-1.110234e-05,-1.174192e-05,-1.240216e-05,-1.308310e-05,-1.378480e-05,-1.450728e-05,-1.525057e-05,-1.601467e-05,-1.679959e-05,-1.760530e-05,-1.843179e-05,-1.927902e-05,-2.014695e-05,-2.103553e-05,-2.194471e-05,-2.287442e-05,-2.382459e-05,-2.479514e-05,-2.578599e-05,-2.679704e-05,-2.782822e-05,-2.887940e-05,-2.995050e-05,-3.104140e-05,-3.215199e-05,-3.328214e-05,-3.443174e-05,-3.560067e-05,-3.678879e-05,-3.799597e-05,-3.922209e-05,-4.046700e-05,-4.173056e-05,-4.301264e-05,-4.431308e-05,-4.563175e-05,-4.696849e-05,-4.832316e-05,-4.969561e-05,-5.108568e-05,-5.249322e-05,-5.391808e-05,-5.536011e-05,-5.681914e-05,-5.829502e-05,-5.978759e-05,-6.129670e-05,-6.282219e-05,-6.436389e-05,-6.592166e-05,-6.749532e-05,-6.908473e-05,-7.068972e-05,-7.231013e-05,-7.394581e-05,-7.559660e-05,-7.726234e-05,-7.894287e-05,-8.063803e-05,-8.234767e-05,-8.407163e-05,-8.580975e-05,-8.756188e-05,-8.932787e-05,-9.110756e-05,-9.290079e-05,-9.470742e-05,-9.652728e-05,-9.836024e-05,-1.002061e-04,-1.020648e-04,-1.039362e-04,-1.058200e-04,-1.077162e-04,-1.096245e-04,-1.115450e-04,-1.134773e-04,-1.154214e-04,-1.173772e-04,-1.193444e-04,-1.213230e-04,-1.233127e-04,-1.253136e-04,-1.273254e-04,-1.293479e-04,-1.313812e-04,-1.334249e-04,-1.354791e-04,-1.375435e-04,-1.396180e-04,-1.417026e-04,-1.437970e-04
0.9600,4.420739e-05,4.364306e-05,4.307944e-05,4.251639e-05,4.195397e-05,4.139223e-05,4.083123e-05,4.027102e-05,3.971168e-05,3.915325e-05,3.859582e-05,3.803943e-05,3.748415e-05,3.693005e-05,3.637720e-05,3.582567e-05,3.527553e-05,3.472684e-05,3.417968e-05,3.363413e-05,3.309025e-05,3.254812e-05,3.200782e-05,3.146943e-05,3.093303e-05,3.039869e-05,2.986649e-05,2.933652e-05,2.880887e-05,2.828360e-05,2.776082e-05,2.724060e-05,2.672303e-05,2.620820e-05,2.569620e-05,2.518711e-05,2.468102e-05,2.417803e-05,2.367822e-05,2.318169e-05,2.268853e-05,2.219883e-05,2.171269e-05,2.123019e-05,2.075143e-05,2.027651e-05,1.980551e-05,1.933854e-05,1.887568e-05,1.841703e-05,1.796268e-05,1.751273e-05,1.706727e-05,1.662640e-05,1.619019e-05,1.575876e-05,1.533217e-05,1.491054e-05,1.449394e-05,1.408246e-05,1.367618e-05,1.327521e-05,1.287960e-05,1.248946e-05,1.210485e-05,1.172586e-05,1.135257e-05,1.098504e-05,1.062334e-05,1.026756e-05,9.917742e-06,9.573963e-06,9.236278e-06,8.904745e-06,8.579417e-06,8.260342e-06,7.947567e-06,7.641131e-06,7.341072e-06,7.047421e-06,6.760206e-06,6.479446e-06,6.205159e-06,5.937352e-06,5.676031e-06,5.421189e-06,5.172817e-06,4.930895e-06,4.695394e-06,4.466278e-06,4.243499e-06,4.027000e-06,3.816711e-06,3.612548e-06,3.414416e-06,3.222203e-06,3.035779e-06,2.854998e-06,2.682395e-06,2.512278e-06,2.347221e-06,2.186985e-06,2.031300e-06,1.879867e-06,1.732352e-06,1.588386e-06,1.447563e-06,1.308166e-06,1.172497e-06,1.038528e-06,9.056852e-07,7.733515e-07,6.408686e-07,5.069845e-07,3.716961e-07,2.340375e-07,9.321237e-08,-5.159916e-08,-2.012343e-07,-3.565416e-07,-5.183746e-07,-6.875859e-07,-8.650210e-07,-1.051513e-06,-1.247877e-06,-1.454909e-06,-1.673376e-06,-1.904020e-06,-2.147552e-06,-2.404648e-06,-2.675954e-06,-2.962079e-06,-3.263598e-06,-3.581051e-06,-3.914944e-06,-4.265747e-06,-4.633897e-06,-5.019800e-06,-5.423827e-06,-5.846322e-06,-6.287596e-06,-6.747935e-06,-7.227596e-06,-7.726813e-06,-8.245793e-06,-8.784722e-06,-9.343764e-06,-9.923064e-06,-1.051254e-05,-1.113266e-05,-1.177336e-05,-1.243473e-05,-1.311682e-05,-1.381967e-05,-1.454332e-05,-1.528779e-05,-1.605307e-05,-1.683918e-05,-1.764609e-05,-1.847379e-05,-1.932224e-05,-2.019139e-05,-2.108121e-05,-2.199163e-05,-2.292259e-05,-2.387401e-05,-2.484583e-05,-2.583795e-05,-2.685029e-05,-2.788275e-05,-2.893524e-05,-3.000764e-05,-3.109985e-05,-3.221176e-05,-3.334324e-05,-3.449419e-05,-3.566446e-05,-3.685394e-05,-3.806249e-05,-3.928998e-05,-4.053628e-05,-4.180124e-05,-4.308472e-05,-4.438658e-05,-4.570667e-05,-4.704485e-05,-4.840097e-05,-4.977488e-05,-5.116643e-05,-5.257545e-05,-5.400181e-05,-5.544535e-05,-5.690590e-05,-5.838331e-05,-5.987744e-05,-6.138811e-05,-6.291517e-05,-6.445847e-05,-6.601784e-05,-6.759313e-05,-6.918417e-05,-7.079082e-05,-7.241290e-05,-7.405027e-05,-7.570276e-05,-7.737022e-05,-7.905249e-05,-8.074941e-05,-8.246082e-05,-8.418658e-05,-8.592652e-05,-8.768048e-05,-8.944832e-05,-9.122988e-05,-9.302501e-05,-9.483356e-05,-9.665536e-05,-9.849028e-05,-1.003382e-04,-1.021989e-04,-1.040722e-04,-1.059581e-04,-1.078564e-04,-1.097668e-04,-1.116894e-04,-1.136239e-04,-1.155702e-04,-1.175281e-04,-1.194976e-04,-1.214784e-04,-1.234705e-04,-1.254736e-04,-1.274878e-04,-1.295127e-04,-1.315483e-04,-1.335945e-04,-1.356511e-04,-1.377180e-04,-1.397951e-04,-1.418822e-04,-1.439792e-04
0.9700,4.328067e-05,4.273583e-05,4.219151e-05,4.164761e-05,4.110418e-05,4.056129e-05,4.001898e-05,3.947731e-05,3.893634e-05,3.839612e-05,3.785672e-05,3.731819e-05,3.678060e-05,3.624401e-05,3.570849e-05,3.517409e-05,3.464090e-05,3.410896e-05,3.357836e-05,3.304916e-05,3.252143e-05,3.199525e-05,3.147069e-05,3.094782e-05,3.042673e-05,2.990747e-05,2.939015e-05,2.887482e-05,2.836158e-05,2.785050e-05,2.734167e-05,2.683516e-05,2.633107e-05,2.582948e-05,2.533047e-05,2.483413e-05,2.434055e-05,2.384981e-05,2.336202e-05,2.287724e-05,2.239558e-05,2.191713e-05,2.144198e-05,2.097022e-05,2.050195e-05,2.003725e-05,1.957622e-05,1.911896e-05,1.866555e-05,1.821610e-05,1.777069e-05,1.732942e-05,1.689238e-05,1.645968e-05,1.603139e-05,1.560762e-05,1.518845e-05,1.477398e-05,1.436430e-05,1.395949e-05,1.355965e-05,1.316487e-05,1.277523e-05,1.239081e-05,1.201170e-05,1.163799e-05,1.126974e-05,1.090704e-05,1.054997e-05,1.019859e-05,9.852987e-06,9.513216e-06,9.179345e-06,8.851436e-06,8.529547e-06,8.213734e-06,7.904047e-06,7.600532e-06,7.303232e-06,7.012183e-06,6.727419e-06,6.448966e-06,6.176847e-06,5.911075e-06,5.651660e-06,5.398603e-06,5.151899e-06,4.911534e-06,4.677486e-06,4.449721e-06,4.228199e-06,4.012866e-06,3.803657e-06,3.600494e-06,3.403284e-06,3.211920e-06,3.026277e-06,2.846212e-06,2.671560e-06,2.504711e-06,2.340195e-06,2.180445e-06,2.025195e-06,1.874146e-06,1.726968e-06,1.583293e-06,1.442714e-06,1.303539e-06,1.168026e-06,1.034168e-06,9.013924e-07,7.690827e-07,6.365801e-07,5.026103e-07,3.672140e-07,2.294033e-07,8.838178e-08,-5.667041e-08,-2.065903e-07,-3.622260e-07,-5.244308e-07,-6.940564e-07,-8.719474e-07,-1.058936e-06,-1.255837e-06,-1.463443e-06,-1.682523e-06,-1.913814e-06,-2.158027e-06,-2.415838e-06,-2.687889e-06,-2.974790e-06,-3.277113e-06,-3.595396e-06,-3.930145e-06,-4.281828e-06,-4.650882e-06,-5.037709e-06,-5.442681e-06,-5.866140e-06,-6.308397e-06,-6.769736e-06,-7.250414e-06,-7.750662e-06,-8.270689e-06,-8.810679e-06,-9.370796e-06,-9.951182e-06,-1.054175e-05,-1.116298e-05,-1.180481e-05,-1.246731e-05,-1.315054e-05,-1.385454e-05,-1.457935e-05,-1.532499e-05,-1.609145e-05,-1.687875e-05,-1.768686e-05,-1.851576e-05,-1.936542e-05,-2.023579e-05,-2.112684e-05,-2.203849e-05,-2.297069e-05,-2.392337e-05,-2.489644e-05,-2.588983e-05,-2.690345e-05,-2.793719e-05,-2.899097e-05,-3.006467e-05,-3.115818e-05,-3.227141e-05,-3.340421e-05,-3.455649e-05,-3.572810e-05,-3.691893e-05,-3.812883e-05,-3.935769e-05,-4.060536e-05,-4.187170e-05,-4.315658e-05,-4.445984e-05,-4.578135e-05,-4.712096e-05,-4.847851e-05,-4.985387e-05,-5.124687e-05,-5.265736e-05,-5.408520e-05,-5.553023e-05,-5.699228e-05,-5.847122e-05,-5.996687e-05,-6.147909e-05,-6.300771e-05,-6.455258e-05,-6.611353e-05,-6.769042e-05,-6.928308e-05,-7.089135e-05,-7.251509e-05,-7.415412e-05,-7.580829e-05,-7.747744e-05,-7.916142e-05,-8.086007e-05,-8.257323e-05,-8.430075e-05,-8.604247e-05,-8.779824e-05,-8.956791e-05,-9.135131e-05,-9.314830e-05,-9.495873e-05,-9.678244e-05,-9.861928e-05,-1.004691e-04,-1.023318e-04,-1.042071e-04,-1.060950e-04,-1.079953e-04,-1.099078e-04,-1.118325e-04,-1.137691e-04,-1.157175e-04,-1.176776e-04,-1.196493e-04,-1.216323e-04,-1.236266e-04,-1.256320e-04,-1.276484e-04,-1.296757e-04,-1.317137e-04,-1.337622e-04,-1.358213e-04,-1.378906e-04,-1.399701e-04,-1.420597e-04,-1.441592e-04
0.9800,4.229370e-05,4.176901e-05,4.124464e-05,4.072056e-05,4.019682e-05,3.967346e-05,3.915054e-05,3.862811e-05,3.810622e-05,3.758493e-05,3.706429e-05,3.654437e-05,3.602521e-05,3.550688e-05,3.498944e-05,3.447295e-05,3.395748e-05,3.344308e-05,3.292982e-05,3.241778e-05,3.190700e-05,3.139757e-05,3.088956e-05,3.038303e-05,2.987806e-05,2.937472e-05,2.887309e-05,2.837324e-05,2.787524e-05,2.737918e-05,2.688514e-05,2.639319e-05,2.590342e-05,2.541591e-05,2.493074e-05,2.444799e-05,2.396776e-05,2.349012e-05,2.301516e-05,2.254298e-05,2.207366e-05,2.160729e-05,2.114396e-05,2.068376e-05,2.022678e-05,1.977312e-05,1.932286e-05,1.887610e-05,1.843293e-05,1.799346e-05,1.755776e-05,1.712593e-05,1.669808e-05,1.627428e-05,1.585464e-05,1.543926e-05,1.502821e-05,1.462160e-05,1.421952e-05,1.382206e-05,1.342931e-05,1.304136e-05,1.265831e-05,1.228023e-05,1.190721e-05,1.153935e-05,1.117671e-05,1.081939e-05,1.046747e-05,1.012102e-05,9.780111e-06,9.444824e-06,9.115225e-06,8.791381e-06,8.473357e-06,8.161210e-06,7.854999e-06,7.554775e-06,7.260586e-06,6.972476e-06,6.690482e-06,6.414639e-06,6.144973e-06,5.881505e-06,5.624251e-06,5.373218e-06,5.128407e-06,4.889810e-06,4.657409e-06,4.431180e-06,4.211084e-06,3.997075e-06,3.789094e-06,3.587066e-06,3.390904e-06,3.200505e-06,3.015750e-06,2.836498e-06,2.662589e-06,2.496384e-06,2.332482e-06,2.173287e-06,2.018533e-06,1.867926e-06,1.721136e-06,1.577797e-06,1.437504e-06,1.298590e-06,1.163266e-06,1.029549e-06,8.968680e-07,7.646061e-07,6.321050e-07,4.980672e-07,3.625798e-07,2.246319e-07,8.342702e-08,-6.185431e-08,-2.120488e-07,-3.680042e-07,-5.305729e-07,-7.006059e-07,-8.789471e-07,-1.066427e-06,-1.263860e-06,-1.472037e-06,-1.691725e-06,-1.923661e-06,-2.168553e-06,-2.427075e-06,-2.699870e-06,-2.987543e-06,-3.290668e-06,-3.609781e-06,-3.945383e-06,-4.297945e-06,-4.667900e-06,-5.055650e-06,-5.461566e-06,-5.885987e-06,-6.329225e-06,-6.791562e-06,-7.273254e-06,-7.774533e-06,-8.295604e-06,-8.836652e-06,-9.397840e-06,-9.979311e-06,-1.057097e-05,-1.119330e-05,-1.183625e-05,-1.249988e-05,-1.318425e-05,-1.388940e-05,-1.461537e-05,-1.536217e-05,-1.612981e-05,-1.691829e-05,-1.772759e-05,-1.855769e-05,-1.940856e-05,-2.028015e-05,-2.117242e-05,-2.208530e-05,-2.301874e-05,-2.397266e-05,-2.494699e-05,-2.594164e-05,-2.695652e-05,-2.799154e-05,-2.904660e-05,-3.012159e-05,-3.121640e-05,-3.233093e-05,-3.346505e-05,-3.461864e-05,-3.579159e-05,-3.698375e-05,-3.819501e-05,-3.942522e-05,-4.067425e-05,-4.194197e-05,-4.322822e-05,-4.453288e-05,-4.585579e-05,-4.719681e-05,-4.855578e-05,-4.993257e-05,-5.132701e-05,-5.273896e-05,-5.416826e-05,-5.561477e-05,-5.707831e-05,-5.855874e-05,-6.005591e-05,-6.156965e-05,-6.309981e-05,-6.464623e-05,-6.620875e-05,-6.778722e-05,-6.938147e-05,-7.099135e-05,-7.261670e-05,-7.425737e-05,-7.591320e-05,-7.758402e-05,-7.926969e-05,-8.097004e-05,-8.268492e-05,-8.441418e-05,-8.615765e-05,-8.791519e-05,-8.968665e-05,-9.147186e-05,-9.327068e-05,-9.508296e-05,-9.690854e-05,-9.874727e-05,-1.005990e-04,-1.024636e-04,-1.043409e-04,-1.062308e-04,-1.081331e-04,-1.100476e-04,-1.119743e-04,-1.139130e-04,-1.158635e-04,-1.178257e-04,-1.197995e-04,-1.217847e-04,-1.237812e-04,-1.257888e-04,-1.278075e-04,-1.298370e-04,-1.318773e-04,-1.339281e-04,-1.359895e-04,-1.380612e-04,-1.401431e-04,-1.422352e-04,-1.443372e-04
0.9900,4.124318e-05,4.073927e-05,4.023549e-05,3.973188e-05,3.922848e-05,3.872533e-05,3.822248e-05,3.771998e-05,3.721788e-05,3.671623e-05,3.621508e-05,3.571448e-05,3.521450e-05,3.471518e-05,3.421658e-05,3.371876e-05,3.322179e-05,3.272570e-05,3.223058e-05,3.173648e-05,3.124346e-05,3.075160e-05,3.026095e-05,2.977159e-05,2.928357e-05,2.879698e-05,2.831189e-05,2.782835e-05,2.734646e-05,2.686628e-05,2.638788e-05,2.591135e-05,2.543677e-05,2.496420e-05,2.449374e-05,2.402546e-05,2.355944e-05,2.309577e-05,2.263454e-05,2.217582e-05,2.171971e-05,2.126628e-05,2.081564e-05,2.036786e-05,1.992304e-05,1.948127e-05,1.904263e-05,1.860723e-05,1.817514e-05,1.774647e-05,1.732131e-05,1.689975e-05,1.648188e-05,1.606780e-05,1.565760e-05,1.525138e-05,1.484923e-05,1.445124e-05,1.405750e-05,1.366812e-05,1.328318e-05,1.290277e-05,1.252699e-05,1.215592e-05,1.178966e-05,1.142829e-05,1.107190e-05,1.072057e-05,1.037438e-05,1.003343e-05,9.697780e-06,9.367515e-06,9.042709e-06,8.723432e-06,8.409753e-06,8.101738e-06,7.799448e-06,7.502941e-06,7.212270e-06,6.927486e-06,6.648633e-06,6.375750e-06,6.108870e-06,5.848022e-06,5.593227e-06,5.344499e-06,5.101844e-06,4.865262e-06,4.634742e-06,4.410264e-06,4.191797e-06,3.979301e-06,3.772721e-06,3.571990e-06,3.377026e-06,3.187731e-06,3.003990e-06,2.825668e-06,2.652610e-06,2.487142e-06,2.323945e-06,2.165386e-06,2.011204e-06,1.861106e-06,1.714765e-06,1.571817e-06,1.430436e-06,1.293256e-06,1.158160e-06,1.024621e-06,8.920670e-07,7.598819e-07,6.274080e-07,4.933237e-07,3.577657e-07,2.196986e-07,7.832635e-08,-6.717005e-08,-2.176268e-07,-3.738909e-07,-5.368140e-07,-7.072462e-07,-8.860301e-07,-1.073996e-06,-1.271955e-06,-1.480697e-06,-1.700989e-06,-1.933565e-06,-2.179133e-06,-2.438364e-06,-2.711899e-06,-3.000343e-06,-3.304267e-06,-3.624206e-06,-3.960661e-06,-4.314099e-06,-4.684953e-06,-5.073624e-06,-5.480481e-06,-5.905863e-06,-6.350080e-06,-6.813413e-06,-7.296118e-06,-7.798424e-06,-8.320538e-06,-8.862642e-06,-9.424899e-06,-1.000745e-05,-1.060019e-05,-1.122364e-05,-1.186770e-05,-1.253246e-05,-1.321796e-05,-1.392426e-05,-1.465138e-05,-1.539934e-05,-1.616816e-05,-1.695782e-05,-1.776830e-05,-1.859960e-05,-1.945167e-05,-2.032447e-05,-2.121796e-05,-2.213207e-05,-2.306674e-05,-2.402190e-05,-2.499747e-05,-2.599337e-05,-2.700952e-05,-2.804580e-05,-2.910214e-05,-3.017841e-05,-3.127451e-05,-3.239034e-05,-3.352576e-05,-3.468067e-05,-3.585493e-05,-3.704843e-05,-3.826102e-05,-3.949257e-05,-4.074296e-05,-4.201204e-05,-4.329966e-05,-4.460570e-05,-4.593000e-05,-4.727241e-05,-4.863280e-05,-5.001100e-05,-5.140687e-05,-5.282026e-05,-5.425101e-05,-5.569897e-05,-5.716399e-05,-5.864591e-05,-6.014457e-05,-6.165981e-05,-6.319149e-05,-6.473944e-05,-6.630351e-05,-6.788353e-05,-6.947936e-05,-7.109083e-05,-7.271778e-05,-7.436006e-05,-7.601752e-05,-7.768998e-05,-7.937731e-05,-8.107934e-05,-8.279591e-05,-8.452688e-05,-8.627208e-05,-8.803137e-05,-8.980459e-05,-9.159158e-05,-9.339220e-05,-9.520629e-05,-9.703370e-05,-9.887429e-05,-1.007279e-04,-1.025944e-04,-1.044736e-04,-1.063654e-04,-1.082697e-04,-1.101862e-04,-1.121149e-04,-1.140556e-04,-1.160081e-04,-1.179724e-04,-1.199483e-04,-1.219356e-04,-1.239343e-04,-1.259441e-04,-1.279649e-04,-1.299967e-04,-1.320392e-04,-1.340923e-04,-1.361560e-04,-1.382300e-04,-1.403143e-04,-1.424087e-04,-1.445131e-04
1.0000,4.012575e-05,3.964322e-05,3.916066e-05,3.867815e-05,3.819572e-05,3.771343e-05,3.723132e-05,3.674942e-05,3.626779e-05,3.578647e-05,3.530552e-05,3.482497e-05,3.434488e-05,3.386531e-05,3.338630e-05,3.290790e-05,3.243019e-05,3.195320e-05,3.147699e-05,3.100163e-05,3.052717e-05,3.005368e-05,2.958122e-05,2.910984e-05,2.863962e-05,2.817062e-05,2.770291e-05,2.723655e-05,2.677162e-05,2.630818e-05,2.584631e-05,2.538608e-05,2.492757e-05,2.447084e-05,2.401597e-05,2.356305e-05,2.311216e-05,2.266336e-05,2.221675e-05,2.177240e-05,2.133040e-05,2.089083e-05,2.045378e-05,2.001933e-05,1.958757e-05,1.915859e-05,1.873247e-05,1.830931e-05,1.788920e-05,1.747223e-05,1.705848e-05,1.664805e-05,1.624104e-05,1.583753e-05,1.543762e-05,1.504141e-05,1.464898e-05,1.426043e-05,1.387585e-05,1.349534e-05,1.311900e-05,1.274690e-05,1.237915e-05,1.201584e-05,1.165706e-05,1.130290e-05,1.095344e-05,1.060878e-05,1.026900e-05,9.934187e-06,9.604423e-06,9.279789e-06,8.960364e-06,8.646223e-06,8.337440e-06,8.034085e-06,7.736225e-06,7.443924e-06,7.157242e-06,6.876232e-06,6.600948e-06,6.331433e-06,6.067728e-06,5.809868e-06,5.557880e-06,5.311786e-06,5.071600e-06,4.837325e-06,4.608960e-06,4.386491e-06,4.169894e-06,3.959134e-06,3.754165e-06,3.554925e-06,3.361338e-06,3.173313e-06,2.990739e-06,2.813489e-06,2.641410e-06,2.474331e-06,2.314410e-06,2.156586e-06,2.003066e-06,1.853559e-06,1.707742e-06,1.565253e-06,1.424300e-06,1.287456e-06,1.152638e-06,1.019321e-06,8.869329e-07,7.548599e-07,6.224447e-07,4.883402e-07,3.527365e-07,2.145724e-07,7.305235e-08,-7.264185e-08,-2.233456e-07,-3.799051e-07,-5.431708e-07,-7.139918e-07,-8.932094e-07,-1.081652e-06,-1.280130e-06,-1.489433e-06,-1.710323e-06,-1.943535e-06,-2.189773e-06,-2.449709e-06,-2.723982e-06,-3.013194e-06,-3.317914e-06,-3.638677e-06,-3.975981e-06,-4.330293e-06,-4.702044e-06,-5.091634e-06,-5.499430e-06,-5.925771e-06,-6.370965e-06,-6.835292e-06,-7.319007e-06,-7.822338e-06,-8.345492e-06,-8.888650e-06,-9.451974e-06,-1.003561e-05,-1.062943e-05,-1.125398e-05,-1.189915e-05,-1.256503e-05,-1.325167e-05,-1.395911e-05,-1.468738e-05,-1.543651e-05,-1.620649e-05,-1.699732e-05,-1.780899e-05,-1.864148e-05,-1.949475e-05,-2.036875e-05,-2.126345e-05,-2.217878e-05,-2.311468e-05,-2.407107e-05,-2.504789e-05,-2.604504e-05,-2.706244e-05,-2.809998e-05,-2.915758e-05,-3.023513e-05,-3.133252e-05,-3.244963e-05,-3.358636e-05,-3.474257e-05,-3.591814e-05,-3.711295e-05,-3.832687e-05,-3.955976e-05,-4.081149e-05,-4.208192e-05,-4.337090e-05,-4.467831e-05,-4.600398e-05,-4.734778e-05,-4.870956e-05,-5.008917e-05,-5.148645e-05,-5.290127e-05,-5.433345e-05,-5.578286e-05,-5.724933e-05,-5.873272e-05,-6.023285e-05,-6.174959e-05,-6.328277e-05,-6.483223e-05,-6.639783e-05,-6.797939e-05,-6.957677e-05,-7.118980e-05,-7.281833e-05,-7.446221e-05,-7.612127e-05,-7.779536e-05,-7.948432e-05,-8.118800e-05,-8.290624e-05,-8.463889e-05,-8.638579e-05,-8.814680e-05,-8.992174e-05,-9.171049e-05,-9.351287e-05,-9.532875e-05,-9.715797e-05,-9.900038e-05,-1.008558e-04,-1.027242e-04,-1.046053e-04,-1.064990e-04,-1.084052e-04,-1.103236e-04,-1.122543e-04,-1.141970e-04,-1.161515e-04,-1.181179e-04,-1.200958e-04,-1.220852e-04,-1.240859e-04,-1.260978e-04,-1.281208e-04,-1.301547e-04,-1.321994e-04,-1.342548e-04,-1.363207e-04,-1.383970e-04,-1.404836e-04,-1.425803e-04,-1.446871e-04
1.0100,3.893807e-05,3.847749e-05,3.801673e-05,3.755592e-05,3.709509e-05,3.663428e-05,3.617354e-05,3.571289e-05,3.525239e-05,3.479208e-05,3.433200e-05,3.387219e-05,3.341270e-05,3.295359e-05,3.249489e-05,3.203667e-05,3.157896e-05,3.112182e-05,3.066530e-05,3.020947e-05,2.975436e-05,2.930004e-05,2.884658e-05,2.839401e-05,2.794242e-05,2.749185e-05,2.704237e-05,2.659405e-05,2.614694e-05,2.570113e-05,2.525666e-05,2.481362e-05,2.437206e-05,2.393208e-05,2.349372e-05,2.305708e-05,2.262222e-05,2.218921e-05,2.175815e-05,2.132910e-05,2.090215e-05,2.047737e-05,2.005485e-05,1.963467e-05,1.921691e-05,1.880166e-05,1.838901e-05,1.797903e-05,1.757183e-05,1.716748e-05,1.676608e-05,1.636771e-05,1.597248e-05,1.558046e-05,1.519175e-05,1.480644e-05,1.442463e-05,1.404640e-05,1.367186e-05,1.330109e-05,1.293419e-05,1.257125e-05,1.221236e-05,1.185762e-05,1.150712e-05,1.116095e-05,1.081921e-05,1.048197e-05,1.014933e-05,9.821379e-06,9.498202e-06,9.179881e-06,8.866500e-06,8.558139e-06,8.254875e-06,7.956783e-06,7.663936e-06,7.376402e-06,7.094246e-06,6.817529e-06,6.546308e-06,6.280636e-06,6.020558e-06,5.766117e-06,5.517346e-06,5.274274e-06,5.036921e-06,4.805301e-06,4.579416e-06,4.359262e-06,4.144822e-06,3.936067e-06,3.732959e-06,3.535442e-06,3.343449e-06,3.156894e-06,2.975673e-06,2.799664e-06,2.628722e-06,2.462680e-06,2.303656e-06,2.146689e-06,1.993940e-06,1.845125e-06,1.699923e-06,1.557976e-06,1.417528e-06,1.281088e-06,1.146609e-06,1.013567e-06,8.813938e-07,7.494762e-07,6.171583e-07,4.830660e-07,3.474474e-07,2.092136e-07,6.757001e-08,-7.830059e-08,-2.292325e-07,-3.860706e-07,-5.496644e-07,-7.208613e-07,-9.005013e-07,-1.089411e-06,-1.288400e-06,-1.498254e-06,-1.719736e-06,-1.953578e-06,-2.200482e-06,-2.461118e-06,-2.736124e-06,-3.026099e-06,-3.331613e-06,-3.653196e-06,-3.991347e-06,-4.346530e-06,-4.719176e-06,-5.109682e-06,-5.518415e-06,-5.945712e-06,-6.391880e-06,-6.857199e-06,-7.341922e-06,-7.846277e-06,-8.370468e-06,-8.914678e-06,-9.479066e-06,-1.006377e-05,-1.065868e-05,-1.128433e-05,-1.193061e-05,-1.259761e-05,-1.328538e-05,-1.399396e-05,-1.472338e-05,-1.547366e-05,-1.624480e-05,-1.703681e-05,-1.784966e-05,-1.868333e-05,-1.953779e-05,-2.041300e-05,-2.130891e-05,-2.222545e-05,-2.316257e-05,-2.412020e-05,-2.509824e-05,-2.609664e-05,-2.711528e-05,-2.815408e-05,-2.921295e-05,-3.029176e-05,-3.139042e-05,-3.250882e-05,-3.364683e-05,-3.480434e-05,-3.598121e-05,-3.717733e-05,-3.839257e-05,-3.962679e-05,-4.087985e-05,-4.215162e-05,-4.344195e-05,-4.475071e-05,-4.607775e-05,-4.742292e-05,-4.878609e-05,-5.016709e-05,-5.156577e-05,-5.298200e-05,-5.441560e-05,-5.586644e-05,-5.733435e-05,-5.881919e-05,-6.032079e-05,-6.183900e-05,-6.337366e-05,-6.492462e-05,-6.649172e-05,-6.807480e-05,-6.967371e-05,-7.128829e-05,-7.291838e-05,-7.456382e-05,-7.622447e-05,-7.790016e-05,-7.959073e-05,-8.129604e-05,-8.301593e-05,-8.475023e-05,-8.649881e-05,-8.826150e-05,-9.003815e-05,-9.182862e-05,-9.363274e-05,-9.545038e-05,-9.728137e-05,-9.912557e-05,-1.009828e-04,-1.028530e-04,-1.047360e-04,-1.066315e-04,-1.085396e-04,-1.104600e-04,-1.123926e-04,-1.143372e-04,-1.162937e-04,-1.182620e-04,-1.202420e-04,-1.222334e-04,-1.242362e-04,-1.262502e-04,-1.282753e-04,-1.303113e-04,-1.323582e-04,-1.344157e-04,-1.364838e-04,-1.385623e-04,-1.406512e-04,-1.427502e-04,-1.448592e-04
1.0200,3.767684e-05,3.723873e-05,3.680033e-05,3.636179e-05,3.592313e-05,3.548440e-05,3.504562e-05,3.460684e-05,3.416810e-05,3.372943e-05,3.329087e-05,3.285247e-05,3.241427e-05,3.197630e-05,3.153863e-05,3.110128e-05,3.066431e-05,3.022776e-05,2.979168e-05,2.935613e-05,2.892115e-05,2.848680e-05,2.805312e-05,2.762018e-05,2.718803e-05,2.675672e-05,2.632632e-05,2.589688e-05,2.546847e-05,2.504114e-05,2.461496e-05,2.419000e-05,2.376631e-05,2.334397e-05,2.292304e-05,2.250359e-05,2.208570e-05,2.166943e-05,2.125486e-05,2.084206e-05,2.043111e-05,2.002209e-05,1.961506e-05,1.921012e-05,1.880733e-05,1.840679e-05,1.800857e-05,1.761276e-05,1.721944e-05,1.682870e-05,1.644062e-05,1.605529e-05,1.567280e-05,1.529323e-05,1.491669e-05,1.454325e-05,1.417300e-05,1.380605e-05,1.344248e-05,1.308238e-05,1.272585e-05,1.237297e-05,1.202385e-05,1.167857e-05,1.133723e-05,1.099992e-05,1.066672e-05,1.033774e-05,1.001306e-05,9.692772e-06,9.376962e-06,9.065719e-06,8.759127e-06,8.457270e-06,8.160230e-06,7.868086e-06,7.580913e-06,7.298786e-06,7.021775e-06,6.749946e-06,6.483362e-06,6.222081e-06,5.966156e-06,5.715636e-06,5.470560e-06,5.230966e-06,4.996880e-06,4.768323e-06,4.545306e-06,4.327831e-06,4.115889e-06,3.909462e-06,3.708515e-06,3.513003e-06,3.322864e-06,3.138021e-06,2.958377e-06,2.783817e-06,2.614204e-06,2.449375e-06,2.289144e-06,2.135440e-06,1.983599e-06,1.835598e-06,1.691123e-06,1.548296e-06,1.409975e-06,1.274020e-06,1.139954e-06,1.007255e-06,8.753565e-07,7.436481e-07,6.114757e-07,4.774357e-07,3.418407e-07,2.035712e-07,6.183418e-08,-8.418613e-08,-2.353226e-07,-3.924187e-07,-5.563221e-07,-7.278788e-07,-9.079270e-07,-1.097292e-06,-1.296780e-06,-1.507176e-06,-1.729241e-06,-1.963705e-06,-2.211269e-06,-2.472600e-06,-2.748332e-06,-3.039067e-06,-3.345369e-06,-3.667769e-06,-4.006764e-06,-4.362815e-06,-4.736352e-06,-5.127771e-06,-5.537439e-06,-5.965689e-06,-6.412829e-06,-6.879137e-06,-7.364866e-06,-7.870241e-06,-8.395468e-06,-8.940726e-06,-9.506176e-06,-1.009196e-05,-1.068795e-05,-1.131469e-05,-1.196208e-05,-1.263020e-05,-1.331909e-05,-1.402880e-05,-1.475937e-05,-1.551080e-05,-1.628310e-05,-1.707628e-05,-1.789030e-05,-1.872516e-05,-1.958081e-05,-2.045722e-05,-2.135432e-05,-2.227208e-05,-2.321042e-05,-2.416926e-05,-2.514854e-05,-2.614817e-05,-2.716806e-05,-2.820811e-05,-2.926822e-05,-3.034830e-05,-3.144823e-05,-3.256790e-05,-3.370719e-05,-3.486599e-05,-3.604416e-05,-3.724158e-05,-3.845812e-05,-3.969366e-05,-4.094804e-05,-4.222114e-05,-4.351281e-05,-4.482292e-05,-4.615131e-05,-4.749785e-05,-4.886238e-05,-5.024476e-05,-5.164483e-05,-5.306245e-05,-5.449747e-05,-5.594972e-05,-5.741906e-05,-5.890533e-05,-6.040837e-05,-6.192804e-05,-6.346417e-05,-6.501661e-05,-6.658520e-05,-6.816978e-05,-6.977021e-05,-7.138631e-05,-7.301794e-05,-7.466493e-05,-7.632714e-05,-7.800441e-05,-7.969657e-05,-8.140349e-05,-8.312499e-05,-8.486093e-05,-8.661115e-05,-8.837551e-05,-9.015384e-05,-9.194600e-05,-9.375184e-05,-9.557120e-05,-9.740393e-05,-9.924990e-05,-1.011089e-04,-1.029809e-04,-1.048657e-04,-1.067631e-04,-1.086730e-04,-1.105952e-04,-1.125297e-04,-1.144763e-04,-1.164347e-04,-1.184050e-04,-1.203869e-04,-1.223803e-04,-1.243851e-04,-1.264011e-04,-1.284283e-04,-1.304664e-04,-1.325154e-04,-1.345751e-04,-1.366453e-04,-1.387260e-04,-1.408170e-04,-1.429183e-04,-1.450295e-04
1.0300,3.633881e-05,3.592368e-05,3.550815e-05,3.509240e-05,3.467645e-05,3.426034e-05,3.384410e-05,3.342776e-05,3.301136e-05,3.259494e-05,3.217853e-05,3.176216e-05,3.134588e-05,3.092972e-05,3.051373e-05,3.009794e-05,2.968240e-05,2.926715e-05,2.885224e-05,2.843771e-05,2.802360e-05,2.760997e-05,2.719686e-05,2.678433e-05,2.637242e-05,2.596119e-05,2.555069e-05,2.514097e-05,2.473210e-05,2.432412e-05,2.391710e-05,2.351110e-05,2.310617e-05,2.270238e-05,2.229979e-05,2.189847e-05,2.149848e-05,2.109989e-05,2.070277e-05,2.030718e-05,1.991320e-05,1.952090e-05,1.913035e-05,1.874163e-05,1.835482e-05,1.796998e-05,1.758720e-05,1.720656e-05,1.682814e-05,1.645201e-05,1.607827e-05,1.570699e-05,1.533826e-05,1.497217e-05,1.460880e-05,1.424824e-05,1.389058e-05,1.353590e-05,1.318430e-05,1.283587e-05,1.249069e-05,1.214886e-05,1.181047e-05,1.147562e-05,1.114438e-05,1.081686e-05,1.049315e-05,1.017334e-05,9.857515e-06,9.545771e-06,9.238197e-06,8.934880e-06,8.635909e-06,8.341369e-06,8.051345e-06,7.765919e-06,7.485172e-06,7.209180e-06,6.938019e-06,6.671761e-06,6.410472e-06,6.154217e-06,5.903055e-06,5.657039e-06,5.416219e-06,5.180636e-06,4.950326e-06,4.725316e-06,4.505626e-06,4.291264e-06,4.082232e-06,3.878516e-06,3.680092e-06,3.486923e-06,3.298955e-06,3.116119e-06,2.938326e-06,2.765469e-06,2.597418e-06,2.434019e-06,2.275091e-06,2.120426e-06,1.969785e-06,1.822894e-06,1.679446e-06,1.539093e-06,1.401448e-06,1.266082e-06,1.132521e-06,1.000249e-06,8.687002e-07,7.372682e-07,6.053013e-07,4.713643e-07,3.358409e-07,1.975784e-07,5.578593e-08,-9.035050e-08,-2.416618e-07,-3.989895e-07,-5.631795e-07,-7.350756e-07,-9.155139e-07,-1.105317e-06,-1.305291e-06,-1.516218e-06,-1.738855e-06,-1.973932e-06,-2.222146e-06,-2.484164e-06,-2.760618e-06,-3.052106e-06,-3.359191e-06,-3.682403e-06,-4.022237e-06,-4.379152e-06,-4.753577e-06,-5.145906e-06,-5.556505e-06,-5.985706e-06,-6.433815e-06,-6.901109e-06,-7.387840e-06,-7.894234e-06,-8.420493e-06,-8.966797e-06,-9.533306e-06,-1.012016e-05,-1.071723e-05,-1.134506e-05,-1.199356e-05,-1.266279e-05,-1.335280e-05,-1.406365e-05,-1.479535e-05,-1.554793e-05,-1.632139e-05,-1.711573e-05,-1.793093e-05,-1.876696e-05,-1.962380e-05,-2.050140e-05,-2.139971e-05,-2.231867e-05,-2.325822e-05,-2.421828e-05,-2.519878e-05,-2.619964e-05,-2.722076e-05,-2.826206e-05,-2.932342e-05,-3.040476e-05,-3.150595e-05,-3.262688e-05,-3.376745e-05,-3.492752e-05,-3.610698e-05,-3.730570e-05,-3.852354e-05,-3.976038e-05,-4.101607e-05,-4.229049e-05,-4.358350e-05,-4.489494e-05,-4.622467e-05,-4.757256e-05,-4.893845e-05,-5.032220e-05,-5.172365e-05,-5.314265e-05,-5.457906e-05,-5.603271e-05,-5.750347e-05,-5.899116e-05,-6.049563e-05,-6.201674e-05,-6.355432e-05,-6.510822e-05,-6.667828e-05,-6.826435e-05,-6.986627e-05,-7.148388e-05,-7.311702e-05,-7.476555e-05,-7.642930e-05,-7.810812e-05,-7.980186e-05,-8.151035e-05,-8.323345e-05,-8.497100e-05,-8.672285e-05,-8.848884e-05,-9.026883e-05,-9.206266e-05,-9.387018e-05,-9.569124e-05,-9.752569e-05,-9.937339e-05,-1.012342e-04,-1.031079e-04,-1.049945e-04,-1.068937e-04,-1.088054e-04,-1.107295e-04,-1.126658e-04,-1.146142e-04,-1.165746e-04,-1.185468e-04,-1.205306e-04,-1.225260e-04,-1.245328e-04,-1.265508e-04,-1.285800e-04,-1.306201e-04,-1.326711e-04,-1.347329e-04,-1.368053e-04,-1.388881e-04,-1.409813e-04,-1.430847e-04,-1.451982e-04
1.0400,3.492087e-05,3.452917e-05,3.413697e-05,3.374448e-05,3.335173e-05,3.295875e-05,3.256556e-05,3.217220e-05,3.177870e-05,3.138508e-05,3.099138e-05,3.059763e-05,3.020388e-05,2.981014e-05,2.941646e-05,2.902288e-05,2.862943e-05,2.823615e-05,2.784308e-05,2.745027e-05,2.705775e-05,2.666557e-05,2.627378e-05,2.588241e-05,2.549151e-05,2.510114e-05,2.471134e-05,2.432216e-05,2.393365e-05,2.354586e-05,2.315885e-05,2.277267e-05,2.238738e-05,2.200303e-05,2.161969e-05,2.123741e-05,2.085625e-05,2.047627e-05,2.009754e-05,1.972013e-05,1.934409e-05,1.896950e-05,1.859642e-05,1.822492e-05,1.785508e-05,1.748697e-05,1.712065e-05,1.675621e-05,1.639372e-05,1.603325e-05,1.567489e-05,1.531872e-05,1.496481e-05,1.461324e-05,1.426411e-05,1.391748e-05,1.357346e-05,1.323211e-05,1.289354e-05,1.255782e-05,1.222505e-05,1.189531e-05,1.156870e-05,1.124529e-05,1.092519e-05,1.060848e-05,1.029525e-05,9.985603e-06,9.679616e-06,9.377384e-06,9.078998e-06,8.784545e-06,8.494116e-06,8.207797e-06,7.925674e-06,7.647833e-06,7.374355e-06,7.105323e-06,6.840813e-06,6.580903e-06,6.325663e-06,6.075163e-06,5.829468e-06,5.588636e-06,5.352723e-06,5.121777e-06,4.895840e-06,4.674948e-06,4.459128e-06,4.248396e-06,4.042760e-06,3.842218e-06,3.646753e-06,3.456336e-06,3.270922e-06,3.090452e-06,2.914844e-06,2.744001e-06,2.577800e-06,2.416096e-06,2.258718e-06,2.105463e-06,1.956100e-06,1.810363e-06,1.667951e-06,1.528522e-06,1.391696e-06,1.257048e-06,1.124110e-06,9.923690e-07,8.612652e-07,7.301947e-07,5.985093e-07,4.647393e-07,3.293483e-07,1.911471e-07,4.934736e-08,-9.686245e-08,-2.483108e-07,-4.058367e-07,-5.702837e-07,-7.424931e-07,-9.232987e-07,-1.113521e-06,-1.313962e-06,-1.525404e-06,-1.748600e-06,-1.984277e-06,-2.233131e-06,-2.495826e-06,-2.772993e-06,-3.065226e-06,-3.373088e-06,-3.697107e-06,-4.037773e-06,-4.395548e-06,-4.770856e-06,-5.164092e-06,-5.575617e-06,-6.005765e-06,-6.454840e-06,-6.923118e-06,-7.410849e-06,-7.918257e-06,-8.445546e-06,-8.992894e-06,-9.560459e-06,-1.014838e-05,-1.074652e-05,-1.137545e-05,-1.202504e-05,-1.269538e-05,-1.338652e-05,-1.409850e-05,-1.483134e-05,-1.558506e-05,-1.635968e-05,-1.715517e-05,-1.797154e-05,-1.880875e-05,-1.966677e-05,-2.054555e-05,-2.144506e-05,-2.236522e-05,-2.330597e-05,-2.426725e-05,-2.524897e-05,-2.625105e-05,-2.727341e-05,-2.831594e-05,-2.937854e-05,-3.046113e-05,-3.156357e-05,-3.268577e-05,-3.382760e-05,-3.498894e-05,-3.616968e-05,-3.736968e-05,-3.858882e-05,-3.982695e-05,-4.108395e-05,-4.235969e-05,-4.365401e-05,-4.496677e-05,-4.629784e-05,-4.764707e-05,-4.901431e-05,-5.039941e-05,-5.180222e-05,-5.322260e-05,-5.466039e-05,-5.611543e-05,-5.758758e-05,-5.907668e-05,-6.058257e-05,-6.210510e-05,-6.364412e-05,-6.519947e-05,-6.677098e-05,-6.835852e-05,-6.996191e-05,-7.158101e-05,-7.321566e-05,-7.486570e-05,-7.653097e-05,-7.821133e-05,-7.990661e-05,-8.161667e-05,-8.334134e-05,-8.508048e-05,-8.683392e-05,-8.860153e-05,-9.038315e-05,-9.217862e-05,-9.398780e-05,-9.581053e-05,-9.764667e-05,-9.949607e-05,-1.013586e-04,-1.032341e-04,-1.051224e-04,-1.070233e-04,-1.089369e-04,-1.108628e-04,-1.128009e-04,-1.147512e-04,-1.167134e-04,-1.186874e-04,-1.206732e-04,-1.226705e-04,-1.246792e-04,-1.266992e-04,-1.287303e-04,-1.307725e-04,-1.328255e-04,-1.348893e-04,-1.369637e-04,-1.390487e-04,-1.411440e-04,-1.432495e-04,-1.453651e-04
1.0500,3.342007e-05,3.305219e-05,3.268373e-05,3.231494e-05,3.194583e-05,3.157643e-05,3.120676e-05,3.083686e-05,3.046674e-05,3.009643e-05,2.972597e-05,2.935538e-05,2.898470e-05,2.861395e-05,2.824316e-05,2.787238e-05,2.750163e-05,2.713095e-05,2.676037e-05,2.638993e-05,2.601967e-05,2.564963e-05,2.527984e-05,2.491036e-05,2.454121e-05,2.417244e-05,2.380410e-05,2.343622e-05,2.306887e-05,2.270208e-05,2.233590e-05,2.197039e-05,2.160558e-05,2.124154e-05,2.087832e-05,2.051597e-05,2.015455e-05,1.979411e-05,1.943471e-05,1.907642e-05,1.871928e-05,1.836337e-05,1.800875e-05,1.765548e-05,1.730362e-05,1.695324e-05,1.660442e-05,1.625722e-05,1.591171e-05,1.556796e-05,1.522604e-05,1.488604e-05,1.454803e-05,1.421207e-05,1.387826e-05,1.354667e-05,1.321738e-05,1.289047e-05,1.256603e-05,1.224413e-05,1.192486e-05,1.160831e-05,1.129457e-05,1.098371e-05,1.067583e-05,1.037102e-05,1.006935e-05,9.770935e-06,9.475846e-06,9.184178e-06,8.896019e-06,8.611457e-06,8.330582e-06,8.053481e-06,7.780240e-06,7.510946e-06,7.245683e-06,6.984533e-06,6.727579e-06,6.474897e-06,6.226564e-06,5.982652e-06,5.743231e-06,5.508364e-06,5.278113e-06,5.052531e-06,4.831668e-06,4.615564e-06,4.404254e-06,4.197764e-06,3.996108e-06,3.799292e-06,3.607309e-06,3.420139e-06,3.237745e-06,3.060076e-06,2.887062e-06,2.718614e-06,2.554619e-06,2.394940e-06,2.239415e-06,2.087851e-06,1.940025e-06,1.795680e-06,1.654521e-06,1.516215e-06,1.380387e-06,1.246621e-06,1.114454e-06,9.833781e-07,8.528394e-07,7.222385e-07,5.909317e-07,4.574106e-07,3.222300e-07,1.841595e-07,4.241424e-08,-1.038141e-07,-2.553508e-07,-4.130319e-07,-5.776978e-07,-7.501870e-07,-9.313302e-07,-1.121945e-06,-1.322831e-06,-1.534767e-06,-1.758503e-06,-1.994765e-06,-2.244246e-06,-2.507606e-06,-2.785474e-06,-3.078444e-06,-3.387075e-06,-3.711891e-06,-4.053385e-06,-4.412012e-06,-4.788198e-06,-5.182335e-06,-5.594783e-06,-6.025874e-06,-6.475911e-06,-6.945168e-06,-7.433895e-06,-7.942315e-06,-8.470630e-06,-9.019018e-06,-9.587637e-06,-1.017662e-05,-1.077583e-05,-1.140585e-05,-1.205654e-05,-1.272799e-05,-1.342024e-05,-1.413335e-05,-1.486732e-05,-1.562219e-05,-1.639795e-05,-1.719461e-05,-1.801214e-05,-1.885052e-05,-1.970971e-05,-2.058968e-05,-2.149037e-05,-2.241173e-05,-2.335369e-05,-2.431617e-05,-2.529911e-05,-2.630241e-05,-2.732599e-05,-2.836975e-05,-2.943359e-05,-3.051741e-05,-3.162111e-05,-3.274456e-05,-3.388765e-05,-3.505026e-05,-3.623227e-05,-3.743354e-05,-3.865396e-05,-3.989339e-05,-4.115169e-05,-4.242872e-05,-4.372435e-05,-4.503843e-05,-4.637082e-05,-4.772138e-05,-4.908996e-05,-5.047640e-05,-5.188057e-05,-5.330231e-05,-5.474146e-05,-5.619788e-05,-5.767141e-05,-5.916190e-05,-6.066920e-05,-6.219314e-05,-6.373358e-05,-6.529036e-05,-6.686331e-05,-6.845230e-05,-7.005715e-05,-7.167772e-05,-7.331385e-05,-7.496538e-05,-7.663216e-05,-7.831404e-05,-8.001085e-05,-8.172244e-05,-8.344867e-05,-8.518937e-05,-8.694439e-05,-8.871359e-05,-9.049681e-05,-9.229390e-05,-9.410472e-05,-9.592910e-05,-9.776690e-05,-9.961798e-05,-1.014822e-04,-1.033594e-04,-1.052494e-04,-1.071521e-04,-1.090674e-04,-1.109951e-04,-1.129350e-04,-1.148871e-04,-1.168511e-04,-1.188270e-04,-1.208146e-04,-1.228138e-04,-1.248244e-04,-1.268463e-04,-1.288794e-04,-1.309235e-04,-1.329786e-04,-1.350444e-04,-1.371208e-04,-1.392078e-04,-1.413051e-04,-1.434127e-04,-1.455305e-04
1.0600,3.183367e-05,3.148994e-05,3.114559e-05,3.080086e-05,3.045577e-05,3.011035e-05,2.976462e-05,2.941859e-05,2.907229e-05,2.872575e-05,2.837900e-05,2.803205e-05,2.768493e-05,2.733768e-05,2.699032e-05,2.664287e-05,2.629538e-05,2.594786e-05,2.560036e-05,2.525290e-05,2.490551e-05,2.455824e-05,2.421111e-05,2.386417e-05,2.351745e-05,2.317098e-05,2.282482e-05,2.247899e-05,2.213353e-05,2.178850e-05,2.144394e-05,2.109988e-05,2.075638e-05,2.041347e-05,2.007122e-05,1.972966e-05,1.938885e-05,1.904884e-05,1.870969e-05,1.837143e-05,1.803414e-05,1.769786e-05,1.736266e-05,1.702859e-05,1.669571e-05,1.636409e-05,1.603378e-05,1.570485e-05,1.537737e-05,1.505140e-05,1.472700e-05,1.440426e-05,1.408323e-05,1.376399e-05,1.344661e-05,1.313117e-05,1.281774e-05,1.250639e-05,1.219721e-05,1.189027e-05,1.158566e-05,1.128345e-05,1.098372e-05,1.068656e-05,1.039205e-05,1.010028e-05,9.811328e-06,9.525281e-06,9.242226e-06,8.962250e-06,8.685439e-06,8.411880e-06,8.141661e-06,7.874866e-06,7.611583e-06,7.351898e-06,7.095894e-06,6.843655e-06,6.595264e-06,6.350799e-06,6.110340e-06,5.873960e-06,5.641733e-06,5.413727e-06,5.190006e-06,4.970629e-06,4.755651e-06,4.545118e-06,4.339072e-06,4.137545e-06,3.940560e-06,3.748130e-06,3.560256e-06,3.376926e-06,3.198115e-06,3.023779e-06,2.853859e-06,2.688274e-06,2.526922e-06,2.369676e-06,2.216384e-06,2.066863e-06,1.920898e-06,1.778243e-06,1.638611e-06,1.501678e-06,1.367078e-06,1.234402e-06,1.103195e-06,9.729558e-07,8.431368e-07,7.131447e-07,5.823416e-07,4.491750e-07,3.143056e-07,1.764559e-07,3.484521e-08,-1.113304e-07,-2.628922e-07,-4.206724e-07,-5.855077e-07,-7.582328e-07,-9.396749e-07,-1.130648e-06,-1.331949e-06,-1.544352e-06,-1.768606e-06,-2.005433e-06,-2.255521e-06,-2.519531e-06,-2.798086e-06,-3.091780e-06,-3.401168e-06,-3.726773e-06,-4.069085e-06,-4.428558e-06,-4.805614e-06,-5.200646e-06,-5.614011e-06,-6.046039e-06,-6.497033e-06,-6.967265e-06,-7.456984e-06,-7.966412e-06,-8.495750e-06,-9.045175e-06,-9.614842e-06,-1.020489e-05,-1.080517e-05,-1.143627e-05,-1.208806e-05,-1.276061e-05,-1.345398e-05,-1.416820e-05,-1.490331e-05,-1.565931e-05,-1.643622e-05,-1.723403e-05,-1.805272e-05,-1.889227e-05,-1.975264e-05,-2.063378e-05,-2.153566e-05,-2.245821e-05,-2.340136e-05,-2.436505e-05,-2.534919e-05,-2.635371e-05,-2.737851e-05,-2.842349e-05,-2.948857e-05,-3.057363e-05,-3.167856e-05,-3.280326e-05,-3.394760e-05,-3.511147e-05,-3.629474e-05,-3.749729e-05,-3.871898e-05,-3.995969e-05,-4.121927e-05,-4.249760e-05,-4.379453e-05,-4.510992e-05,-4.644362e-05,-4.779550e-05,-4.916540e-05,-5.055318e-05,-5.195869e-05,-5.338177e-05,-5.482228e-05,-5.628007e-05,-5.775497e-05,-5.924684e-05,-6.075553e-05,-6.228087e-05,-6.382271e-05,-6.538090e-05,-6.695529e-05,-6.854571e-05,-7.015200e-05,-7.177403e-05,-7.341162e-05,-7.506463e-05,-7.673289e-05,-7.841626e-05,-8.011458e-05,-8.182770e-05,-8.355545e-05,-8.529770e-05,-8.705428e-05,-8.882505e-05,-9.060985e-05,-9.240854e-05,-9.422096e-05,-9.604697e-05,-9.788641e-05,-9.973914e-05,-1.016050e-04,-1.034839e-04,-1.053756e-04,-1.072800e-04,-1.091970e-04,-1.111264e-04,-1.130681e-04,-1.150220e-04,-1.169878e-04,-1.189655e-04,-1.209550e-04,-1.229560e-04,-1.249685e-04,-1.269923e-04,-1.290273e-04,-1.310733e-04,-1.331303e-04,-1.351980e-04,-1.372765e-04,-1.393654e-04,-1.414648e-04,-1.435745e-04,-1.456943e-04
1.0700,3.015917e-05,2.983988e-05,2.951993e-05,2.919958e-05,2.887884e-05,2.855773e-05,2.823628e-05,2.791449e-05,2.759240e-05,2.727002e-05,2.694737e-05,2.662448e-05,2.630137e-05,2.597806e-05,2.565458e-05,2.533096e-05,2.500722e-05,2.468338e-05,2.435947e-05,2.403553e-05,2.371158e-05,2.338765e-05,2.306378e-05,2.273999e-05,2.241632e-05,2.209279e-05,2.176946e-05,2.144634e-05,2.112349e-05,2.080093e-05,2.047870e-05,2.015684e-05,1.983540e-05,1.951441e-05,1.919392e-05,1.887398e-05,1.855461e-05,1.823588e-05,1.791783e-05,1.760050e-05,1.728395e-05,1.696823e-05,1.665338e-05,1.633947e-05,1.602654e-05,1.571465e-05,1.540385e-05,1.509422e-05,1.478579e-05,1.447864e-05,1.417283e-05,1.386841e-05,1.356545e-05,1.326403e-05,1.296420e-05,1.266603e-05,1.236959e-05,1.207496e-05,1.178220e-05,1.149139e-05,1.120260e-05,1.091590e-05,1.063138e-05,1.034911e-05,1.006917e-05,9.791638e-06,9.516594e-06,9.244120e-06,8.974299e-06,8.707212e-06,8.442943e-06,8.181576e-06,7.923195e-06,7.667883e-06,7.415724e-06,7.166803e-06,6.921202e-06,6.679004e-06,6.440290e-06,6.205140e-06,5.973633e-06,5.745845e-06,5.521849e-06,5.301717e-06,5.085515e-06,4.873306e-06,4.665149e-06,4.461095e-06,4.261190e-06,4.065472e-06,3.873971e-06,3.686708e-06,3.503690e-06,3.324914e-06,3.150363e-06,2.980004e-06,2.813786e-06,2.651638e-06,2.493468e-06,2.339161e-06,2.188573e-06,2.041533e-06,1.897838e-06,1.757249e-06,1.619492e-06,1.484252e-06,1.351172e-06,1.219854e-06,1.089850e-06,9.606677e-07,8.317683e-07,7.025657e-07,5.718422e-07,4.397549e-07,3.053283e-07,1.678170e-07,2.644597e-08,-1.195833e-07,-2.710871e-07,-4.288926e-07,-5.938318e-07,-7.667349e-07,-9.484248e-07,-1.139712e-06,-1.341387e-06,-1.554223e-06,-1.778964e-06,-2.016327e-06,-2.266999e-06,-2.531637e-06,-2.810862e-06,-3.105262e-06,-3.415393e-06,-3.741774e-06,-4.084892e-06,-4.445200e-06,-4.823119e-06,-5.219037e-06,-5.633311e-06,-6.066271e-06,-6.518216e-06,-6.989417e-06,-7.480123e-06,-7.990555e-06,-8.520911e-06,-9.071367e-06,-9.642081e-06,-1.022297e-05,-1.083453e-05,-1.146671e-05,-1.211959e-05,-1.279324e-05,-1.348772e-05,-1.420306e-05,-1.493930e-05,-1.569644e-05,-1.647449e-05,-1.727345e-05,-1.809329e-05,-1.893400e-05,-1.979554e-05,-2.067786e-05,-2.158092e-05,-2.250466e-05,-2.344900e-05,-2.441389e-05,-2.539924e-05,-2.640496e-05,-2.743097e-05,-2.847718e-05,-2.954348e-05,-3.062977e-05,-3.173594e-05,-3.286187e-05,-3.400746e-05,-3.517258e-05,-3.635711e-05,-3.756092e-05,-3.878388e-05,-4.002586e-05,-4.128672e-05,-4.256634e-05,-4.386455e-05,-4.518124e-05,-4.651625e-05,-4.786944e-05,-4.924066e-05,-5.062976e-05,-5.203659e-05,-5.346102e-05,-5.490287e-05,-5.636201e-05,-5.783827e-05,-5.933151e-05,-6.084157e-05,-6.236829e-05,-6.391153e-05,-6.547112e-05,-6.704691e-05,-6.863875e-05,-7.024648e-05,-7.186994e-05,-7.350898e-05,-7.516345e-05,-7.683318e-05,-7.851803e-05,-8.021784e-05,-8.193245e-05,-8.366172e-05,-8.540549e-05,-8.716361e-05,-8.893593e-05,-9.072229e-05,-9.252255e-05,-9.433655e-05,-9.616416e-05,-9.800521e-05,-9.985957e-05,-1.017271e-04,-1.036076e-04,-1.055010e-04,-1.074071e-04,-1.093258e-04,-1.112569e-04,-1.132004e-04,-1.151560e-04,-1.171236e-04,-1.191031e-04,-1.210943e-04,-1.230971e-04,-1.251114e-04,-1.271371e-04,-1.291740e-04,-1.312219e-04,-1.332808e-04,-1.353505e-04,-1.374308e-04,-1.395218e-04,-1.416231e-04,-1.437348e-04,-1.458566e-04
1.0800,2.839442e-05,2.809977e-05,2.780447e-05,2.750874e-05,2.721261e-05,2.691610e-05,2.661921e-05,2.632197e-05,2.602439e-05,2.572649e-05,2.542829e-05,2.512982e-05,2.483108e-05,2.453210e-05,2.423290e-05,2.393351e-05,2.363395e-05,2.333423e-05,2.303438e-05,2.273443e-05,2.243441e-05,2.213433e-05,2.183423e-05,2.153414e-05,2.123407e-05,2.093407e-05,2.063416e-05,2.033437e-05,2.003474e-05,1.973529e-05,1.943606e-05,1.913709e-05,1.883841e-05,1.854006e-05,1.824207e-05,1.794448e-05,1.764734e-05,1.735068e-05,1.705454e-05,1.675897e-05,1.646402e-05,1.616971e-05,1.587611e-05,1.558326e-05,1.529120e-05,1.499999e-05,1.470967e-05,1.442030e-05,1.413193e-05,1.384462e-05,1.355842e-05,1.327338e-05,1.298957e-05,1.270704e-05,1.242585e-05,1.214608e-05,1.186776e-05,1.159099e-05,1.131580e-05,1.104229e-05,1.077050e-05,1.050052e-05,1.023241e-05,9.966244e-06,9.702093e-06,9.440031e-06,9.180134e-06,8.922477e-06,8.667136e-06,8.414191e-06,8.163718e-06,7.915796e-06,7.670506e-06,7.427927e-06,7.188139e-06,6.951223e-06,6.717259e-06,6.486326e-06,6.258504e-06,6.033871e-06,5.812505e-06,5.594480e-06,5.379871e-06,5.168747e-06,4.961179e-06,4.757229e-06,4.556958e-06,4.360421e-06,4.167668e-06,3.978741e-06,3.793674e-06,3.612494e-06,3.435215e-06,3.261842e-06,3.092363e-06,2.926756e-06,2.764977e-06,2.606966e-06,2.452640e-06,2.301895e-06,2.154597e-06,2.010587e-06,1.869672e-06,1.731626e-06,1.596184e-06,1.463044e-06,1.331860e-06,1.202243e-06,1.073757e-06,9.459186e-07,8.181994e-07,6.900223e-07,5.601068e-07,4.287657e-07,2.949554e-07,1.579381e-07,1.694601e-08,-1.288127e-07,-2.801477e-07,-4.378801e-07,-6.028358e-07,-7.758396e-07,-9.577088e-07,-1.149248e-06,-1.351246e-06,-1.564467e-06,-1.789652e-06,-2.027516e-06,-2.278740e-06,-2.543977e-06,-2.823846e-06,-3.118932e-06,-3.429786e-06,-3.756926e-06,-4.100835e-06,-4.461965e-06,-4.840733e-06,-5.237527e-06,-5.652702e-06,-6.086584e-06,-6.539471e-06,-7.011636e-06,-7.503322e-06,-8.014751e-06,-8.546120e-06,-9.097604e-06,-9.669358e-06,-1.025129e-05,-1.086392e-05,-1.149718e-05,-1.215115e-05,-1.282590e-05,-1.352148e-05,-1.423794e-05,-1.497529e-05,-1.573356e-05,-1.651275e-05,-1.731286e-05,-1.813386e-05,-1.897572e-05,-1.983843e-05,-2.072192e-05,-2.162616e-05,-2.255107e-05,-2.349661e-05,-2.446269e-05,-2.544923e-05,-2.645616e-05,-2.748338e-05,-2.853080e-05,-2.959832e-05,-3.068583e-05,-3.179323e-05,-3.292040e-05,-3.406723e-05,-3.523360e-05,-3.641937e-05,-3.762444e-05,-3.884866e-05,-4.009190e-05,-4.135404e-05,-4.263493e-05,-4.393443e-05,-4.525240e-05,-4.658871e-05,-4.794319e-05,-4.931572e-05,-5.070613e-05,-5.211429e-05,-5.354004e-05,-5.498323e-05,-5.644370e-05,-5.792131e-05,-5.941591e-05,-6.092733e-05,-6.245542e-05,-6.400004e-05,-6.556102e-05,-6.713821e-05,-6.873145e-05,-7.034059e-05,-7.196547e-05,-7.360594e-05,-7.526185e-05,-7.693303e-05,-7.861934e-05,-8.032062e-05,-8.203672e-05,-8.376748e-05,-8.551276e-05,-8.727239e-05,-8.904624e-05,-9.083414e-05,-9.263595e-05,-9.445152e-05,-9.628070e-05,-9.812334e-05,-9.997930e-05,-1.018484e-04,-1.037306e-04,-1.056256e-04,-1.075334e-04,-1.094538e-04,-1.113866e-04,-1.133317e-04,-1.152890e-04,-1.172584e-04,-1.192396e-04,-1.212326e-04,-1.232372e-04,-1.252533e-04,-1.272808e-04,-1.293195e-04,-1.313693e-04,-1.334300e-04,-1.355016e-04,-1.375839e-04,-1.396768e-04,-1.417801e-04,-1.438937e-04,-1.460175e-04
1.0900,2.653759e-05,2.626776e-05,2.599727e-05,2.572636e-05,2.545504e-05,2.518332e-05,2.491122e-05,2.463876e-05,2.436594e-05,2.409278e-05,2.381931e-05,2.354553e-05,2.327147e-05,2.299713e-05,2.272255e-05,2.244773e-05,2.217270e-05,2.189747e-05,2.162207e-05,2.134652e-05,2.107084e-05,2.079505e-05,2.051917e-05,2.024324e-05,1.996727e-05,1.969128e-05,1.941532e-05,1.913939e-05,1.886353e-05,1.858777e-05,1.831214e-05,1.803666e-05,1.776137e-05,1.748629e-05,1.721147e-05,1.693694e-05,1.666272e-05,1.638885e-05,1.611538e-05,1.584233e-05,1.556975e-05,1.529767e-05,1.502613e-05,1.475518e-05,1.448486e-05,1.421521e-05,1.394628e-05,1.367811e-05,1.341074e-05,1.314423e-05,1.287863e-05,1.261398e-05,1.235033e-05,1.208775e-05,1.182627e-05,1.156596e-05,1.130688e-05,1.104908e-05,1.079261e-05,1.053754e-05,1.028394e-05,1.003185e-05,9.781357e-06,9.532510e-06,9.285380e-06,9.040033e-06,8.796538e-06,8.554964e-06,8.315381e-06,8.077862e-06,7.842477e-06,7.609301e-06,7.378407e-06,7.149869e-06,6.923762e-06,6.700162e-06,6.479145e-06,6.260784e-06,6.045157e-06,5.832338e-06,5.622400e-06,5.415416e-06,5.211459e-06,5.010597e-06,4.812896e-06,4.618422e-06,4.427235e-06,4.239390e-06,4.054938e-06,3.873924e-06,3.696386e-06,3.522353e-06,3.351844e-06,3.184870e-06,3.021426e-06,2.861494e-06,2.705040e-06,2.552011e-06,2.402336e-06,2.255917e-06,2.112634e-06,1.972335e-06,1.834841e-06,1.699937e-06,1.567370e-06,1.436849e-06,1.308041e-06,1.180569e-06,1.054008e-06,9.278876e-07,8.016898e-07,6.748487e-07,5.460089e-07,4.156696e-07,2.827064e-07,1.463908e-07,5.963897e-09,-1.393575e-07,-2.903748e-07,-4.479012e-07,-6.127554e-07,-7.857550e-07,-9.677105e-07,-1.159421e-06,-1.361667e-06,-1.575209e-06,-1.800783e-06,-2.039096e-06,-2.290829e-06,-2.556627e-06,-2.837106e-06,-3.132847e-06,-3.444397e-06,-3.772272e-06,-4.116952e-06,-4.478886e-06,-4.858488e-06,-5.256143e-06,-5.672205e-06,-6.106998e-06,-6.560819e-06,-7.033936e-06,-7.526595e-06,-8.039013e-06,-8.571388e-06,-9.123893e-06,-9.696683e-06,-1.027966e-05,-1.089335e-05,-1.152768e-05,-1.218273e-05,-1.285857e-05,-1.355526e-05,-1.427282e-05,-1.501130e-05,-1.577070e-05,-1.655102e-05,-1.735227e-05,-1.817441e-05,-1.901744e-05,-1.988130e-05,-2.076596e-05,-2.167137e-05,-2.259746e-05,-2.354418e-05,-2.451145e-05,-2.549919e-05,-2.650732e-05,-2.753574e-05,-2.858437e-05,-2.965310e-05,-3.074183e-05,-3.185046e-05,-3.297886e-05,-3.412692e-05,-3.529452e-05,-3.648154e-05,-3.768785e-05,-3.891332e-05,-4.015783e-05,-4.142123e-05,-4.270338e-05,-4.400416e-05,-4.532341e-05,-4.666100e-05,-4.801678e-05,-4.939060e-05,-5.078232e-05,-5.219178e-05,-5.361885e-05,-5.506336e-05,-5.652516e-05,-5.800411e-05,-5.950005e-05,-6.101282e-05,-6.254227e-05,-6.408825e-05,-6.565060e-05,-6.722917e-05,-6.882380e-05,-7.043434e-05,-7.206063e-05,-7.370252e-05,-7.535985e-05,-7.703247e-05,-7.872023e-05,-8.042296e-05,-8.214052e-05,-8.387276e-05,-8.561952e-05,-8.738065e-05,-8.915600e-05,-9.094542e-05,-9.274876e-05,-9.456587e-05,-9.639661e-05,-9.824082e-05,-1.000984e-04,-1.019691e-04,-1.038528e-04,-1.057495e-04,-1.076589e-04,-1.095809e-04,-1.115154e-04,-1.134622e-04,-1.154212e-04,-1.173923e-04,-1.193752e-04,-1.213699e-04,-1.233763e-04,-1.253942e-04,-1.274235e-04,-1.294640e-04,-1.315156e-04,-1.335781e-04,-1.356516e-04,-1.377357e-04,-1.398305e-04,-1.419357e-04,-1.440513e-04,-1.461770e-04
1.1000,2.458730e-05,2.434238e-05,2.409682e-05,2.385084e-05,2.360446e-05,2.335769e-05,2.311054e-05,2.286302e-05,2.261514e-05,2.236693e-05,2.211838e-05,2.186952e-05,2.162035e-05,2.137091e-05,2.112119e-05,2.087121e-05,2.062100e-05,2.037056e-05,2.011992e-05,1.986909e-05,1.961810e-05,1.936695e-05,1.911568e-05,1.886429e-05,1.861282e-05,1.836128e-05,1.810969e-05,1.785808e-05,1.760647e-05,1.735489e-05,1.710336e-05,1.685190e-05,1.660054e-05,1.634932e-05,1.609825e-05,1.584736e-05,1.559669e-05,1.534627e-05,1.509612e-05,1.484627e-05,1.459677e-05,1.434764e-05,1.409892e-05,1.385065e-05,1.360286e-05,1.335558e-05,1.310886e-05,1.286274e-05,1.261726e-05,1.237245e-05,1.212836e-05,1.188504e-05,1.164253e-05,1.140087e-05,1.116012e-05,1.092031e-05,1.068151e-05,1.044375e-05,1.020710e-05,9.971596e-06,9.737304e-06,9.504275e-06,9.272566e-06,9.042233e-06,8.813336e-06,8.585935e-06,8.360090e-06,8.135864e-06,7.913319e-06,7.692520e-06,7.473532e-06,7.256421e-06,7.041254e-06,6.828099e-06,6.617024e-06,6.408098e-06,6.201391e-06,5.996972e-06,5.794910e-06,5.595275e-06,5.398136e-06,5.203562e-06,5.011618e-06,4.822372e-06,4.635886e-06,4.452222e-06,4.271438e-06,4.093588e-06,3.918723e-06,3.746886e-06,3.578117e-06,3.412445e-06,3.249893e-06,3.090473e-06,2.934185e-06,2.781016e-06,2.630937e-06,2.483903e-06,2.339847e-06,2.198683e-06,2.060298e-06,1.924552e-06,1.791274e-06,1.660261e-06,1.531274e-06,1.404032e-06,1.278215e-06,1.153459e-06,1.029352e-06,9.054368e-07,7.812081e-07,6.561128e-07,5.287047e-07,3.997081e-07,2.679009e-07,1.325661e-07,-7.044095e-09,-1.517021e-07,-3.021991e-07,-4.593387e-07,-6.239299e-07,-7.967814e-07,-9.786956e-07,-1.170463e-06,-1.372857e-06,-1.586632e-06,-1.812515e-06,-2.051211e-06,-2.303390e-06,-2.569695e-06,-2.850736e-06,-3.147090e-06,-3.459301e-06,-3.787879e-06,-4.133301e-06,-4.496012e-06,-4.876426e-06,-5.274923e-06,-5.691854e-06,-6.127543e-06,-6.582283e-06,-7.056342e-06,-7.549962e-06,-8.063360e-06,-8.596732e-06,-9.150250e-06,-9.724067e-06,-1.030808e-05,-1.092282e-05,-1.155822e-05,-1.221435e-05,-1.289127e-05,-1.358906e-05,-1.430773e-05,-1.504732e-05,-1.580784e-05,-1.658930e-05,-1.739168e-05,-1.821497e-05,-1.905914e-05,-1.992416e-05,-2.080999e-05,-2.171656e-05,-2.264383e-05,-2.359173e-05,-2.456018e-05,-2.554911e-05,-2.655843e-05,-2.758805e-05,-2.863789e-05,-2.970783e-05,-3.079777e-05,-3.190761e-05,-3.303723e-05,-3.418652e-05,-3.535535e-05,-3.654361e-05,-3.775116e-05,-3.897788e-05,-4.022363e-05,-4.148829e-05,-4.277171e-05,-4.407375e-05,-4.539427e-05,-4.673314e-05,-4.809020e-05,-4.946531e-05,-5.085832e-05,-5.226908e-05,-5.369745e-05,-5.514327e-05,-5.660640e-05,-5.808667e-05,-5.958394e-05,-6.109805e-05,-6.262885e-05,-6.417618e-05,-6.573989e-05,-6.731983e-05,-6.891584e-05,-7.052776e-05,-7.215544e-05,-7.379873e-05,-7.545747e-05,-7.713151e-05,-7.882069e-05,-8.052486e-05,-8.224387e-05,-8.397756e-05,-8.572579e-05,-8.748840e-05,-8.926524e-05,-9.105616e-05,-9.286101e-05,-9.467964e-05,-9.651191e-05,-9.835766e-05,-1.002168e-04,-1.020891e-04,-1.039744e-04,-1.058726e-04,-1.077837e-04,-1.097073e-04,-1.116434e-04,-1.135919e-04,-1.155525e-04,-1.175253e-04,-1.195099e-04,-1.215064e-04,-1.235144e-04,-1.255341e-04,-1.275651e-04,-1.296073e-04,-1.316607e-04,-1.337251e-04,-1.358004e-04,-1.378864e-04,-1.399830e-04,-1.420901e-04,-1.442075e-04,-1.463352e-04
1.1100,2.254259e-05,2.232263e-05,2.210205e-05,2.188107e-05,2.165971e-05,2.143797e-05,2.121586e-05,2.099339e-05,2.077057e-05,2.054741e-05,2.032393e-05,2.010013e-05,1.987603e-05,1.965164e-05,1.942697e-05,1.920203e-05,1.897685e-05,1.875143e-05,1.852578e-05,1.829993e-05,1.807388e-05,1.784766e-05,1.762127e-05,1.739475e-05,1.716810e-05,1.694134e-05,1.671449e-05,1.648757e-05,1.626060e-05,1.603360e-05,1.580659e-05,1.557960e-05,1.535264e-05,1.512573e-05,1.489891e-05,1.467219e-05,1.444561e-05,1.421917e-05,1.399292e-05,1.376688e-05,1.354108e-05,1.331554e-05,1.309029e-05,1.286537e-05,1.264081e-05,1.241663e-05,1.219288e-05,1.196957e-05,1.174676e-05,1.152447e-05,1.130274e-05,1.108161e-05,1.086112e-05,1.064130e-05,1.042219e-05,1.020385e-05,9.986300e-06,9.769596e-06,9.553780e-06,9.338897e-06,9.124993e-06,8.912117e-06,8.700317e-06,8.489644e-06,8.280148e-06,8.071882e-06,7.864898e-06,7.659252e-06,7.454998e-06,7.252193e-06,7.050894e-06,6.851160e-06,6.653049e-06,6.456623e-06,6.261940e-06,6.069064e-06,5.878056e-06,5.688977e-06,5.501891e-06,5.316860e-06,5.133946e-06,4.953211e-06,4.774717e-06,4.598521e-06,4.424684e-06,4.253261e-06,4.084306e-06,3.917869e-06,3.753997e-06,3.592732e-06,3.434108e-06,3.278157e-06,3.124899e-06,2.974345e-06,2.826499e-06,2.681348e-06,2.538866e-06,2.399013e-06,2.261726e-06,2.126925e-06,1.994505e-06,1.864332e-06,1.736246e-06,1.610053e-06,1.485524e-06,1.362391e-06,1.240346e-06,1.119037e-06,9.980657e-07,8.769893e-07,7.553158e-07,6.318337e-07,5.070048e-07,3.798058e-07,2.495694e-07,1.155923e-07,-2.285966e-08,-1.665460e-07,-3.162452e-07,-4.727486e-07,-6.368537e-07,-8.093579e-07,-9.910530e-07,-1.182720e-06,-1.385122e-06,-1.599004e-06,-1.825088e-06,-2.064067e-06,-2.316607e-06,-2.583344e-06,-2.864880e-06,-3.161789e-06,-3.474607e-06,-3.803842e-06,-4.149966e-06,-4.513420e-06,-4.894613e-06,-5.293924e-06,-5.711701e-06,-6.148264e-06,-6.603904e-06,-7.078887e-06,-7.573453e-06,-8.087817e-06,-8.622174e-06,-9.176694e-06,-9.751529e-06,-1.033657e-05,-1.095235e-05,-1.158881e-05,-1.224601e-05,-1.292402e-05,-1.362289e-05,-1.434267e-05,-1.508336e-05,-1.584500e-05,-1.662758e-05,-1.743110e-05,-1.825553e-05,-1.910085e-05,-1.996702e-05,-2.085400e-05,-2.176174e-05,-2.269018e-05,-2.363925e-05,-2.460888e-05,-2.559899e-05,-2.660950e-05,-2.764032e-05,-2.869135e-05,-2.976249e-05,-3.085364e-05,-3.196469e-05,-3.309553e-05,-3.424604e-05,-3.541610e-05,-3.660558e-05,-3.781437e-05,-3.904233e-05,-4.028933e-05,-4.155523e-05,-4.283990e-05,-4.414320e-05,-4.546499e-05,-4.680512e-05,-4.816345e-05,-4.953984e-05,-5.093414e-05,-5.234619e-05,-5.377586e-05,-5.522298e-05,-5.668741e-05,-5.816900e-05,-5.966758e-05,-6.118302e-05,-6.271515e-05,-6.426383e-05,-6.582889e-05,-6.741018e-05,-6.900755e-05,-7.062084e-05,-7.224990e-05,-7.389458e-05,-7.555471e-05,-7.723015e-05,-7.892075e-05,-8.062634e-05,-8.234678e-05,-8.408191e-05,-8.583159e-05,-8.759566e-05,-8.937396e-05,-9.116636e-05,-9.297270e-05,-9.479284e-05,-9.662662e-05,-9.847390e-05,-1.003345e-04,-1.022084e-04,-1.040953e-04,-1.059951e-04,-1.079077e-04,-1.098329e-04,-1.117706e-04,-1.137207e-04,-1.156830e-04,-1.176574e-04,-1.196437e-04,-1.216418e-04,-1.236516e-04,-1.256730e-04,-1.277057e-04,-1.297497e-04,-1.318049e-04,-1.338710e-04,-1.359481e-04,-1.380359e-04,-1.401343e-04,-1.422432e-04,-1.443625e-04,-1.464921e-04
1.1200,2.040303e-05,2.020801e-05,2.001242e-05,1.981645e-05,1.962012e-05,1.942343e-05,1.922639e-05,1.902901e-05,1.883130e-05,1.863327e-05,1.843492e-05,1.823627e-05,1.803733e-05,1.783809e-05,1.763859e-05,1.743882e-05,1.723880e-05,1.703854e-05,1.683805e-05,1.663735e-05,1.643644e-05,1.623534e-05,1.603406e-05,1.583262e-05,1.563103e-05,1.542931e-05,1.522747e-05,1.502553e-05,1.482350e-05,1.462141e-05,1.441926e-05,1.421707e-05,1.401488e-05,1.381268e-05,1.361051e-05,1.340838e-05,1.320632e-05,1.300434e-05,1.280247e-05,1.260073e-05,1.239914e-05,1.219773e-05,1.199651e-05,1.179553e-05,1.159480e-05,1.139434e-05,1.119420e-05,1.099438e-05,1.079493e-05,1.059588e-05,1.039724e-05,1.019907e-05,1.000138e-05,9.804209e-06,9.607594e-06,9.411568e-06,9.216167e-06,9.021428e-06,8.827389e-06,8.634086e-06,8.441561e-06,8.249854e-06,8.059006e-06,7.869060e-06,7.680058e-06,7.492046e-06,7.305069e-06,7.119173e-06,6.934405e-06,6.750814e-06,6.568448e-06,6.387359e-06,6.207596e-06,6.029212e-06,5.852258e-06,5.676788e-06,5.502856e-06,5.330514e-06,5.159818e-06,4.990821e-06,4.823578e-06,4.658143e-06,4.494568e-06,4.332906e-06,4.173207e-06,4.015522e-06,3.859896e-06,3.706375e-06,3.554997e-06,3.405801e-06,3.258815e-06,3.114067e-06,2.971573e-06,2.831343e-06,2.693375e-06,2.557658e-06,2.424165e-06,2.292855e-06,2.163669e-06,2.036528e-06,1.911330e-06,1.787949e-06,1.666228e-06,1.545983e-06,1.426991e-06,1.308996e-06,1.191699e-06,1.074760e-06,9.577942e-07,8.403717e-07,7.220149e-07,6.013681e-07,4.792337e-07,3.544376e-07,2.263282e-07,9.421804e-08,-4.261146e-08,-1.849042e-07,-3.334236e-07,-4.889459e-07,-6.522544e-07,-8.241327e-07,-1.005359e-06,-1.196702e-06,-1.398914e-06,-1.612729e-06,-1.838855e-06,-2.077979e-06,-2.330757e-06,-2.597816e-06,-2.879753e-06,-3.177131e-06,-3.490482e-06,-3.820308e-06,-4.167076e-06,-4.531222e-06,-4.913150e-06,-5.313235e-06,-5.731822e-06,-6.169227e-06,-6.625740e-06,-7.101623e-06,-7.597113e-06,-8.112425e-06,-8.647749e-06,-9.203256e-06,-9.779095e-06,-1.036515e-05,-1.098197e-05,-1.161947e-05,-1.227773e-05,-1.295682e-05,-1.365677e-05,-1.437764e-05,-1.511944e-05,-1.588219e-05,-1.666589e-05,-1.747053e-05,-1.829609e-05,-1.914255e-05,-2.000987e-05,-2.089801e-05,-2.180690e-05,-2.273651e-05,-2.368675e-05,-2.465755e-05,-2.564884e-05,-2.666054e-05,-2.769254e-05,-2.874477e-05,-2.981711e-05,-3.090946e-05,-3.202171e-05,-3.315376e-05,-3.430549e-05,-3.547676e-05,-3.666747e-05,-3.787749e-05,-3.910668e-05,-4.035491e-05,-4.162205e-05,-4.290797e-05,-4.421252e-05,-4.553556e-05,-4.687695e-05,-4.823655e-05,-4.961421e-05,-5.100978e-05,-5.242312e-05,-5.385407e-05,-5.530248e-05,-5.676821e-05,-5.825110e-05,-5.975100e-05,-6.126775e-05,-6.280120e-05,-6.435121e-05,-6.591760e-05,-6.750024e-05,-6.909895e-05,-7.071360e-05,-7.234403e-05,-7.399008e-05,-7.565159e-05,-7.732842e-05,-7.902041e-05,-8.072741e-05,-8.244926e-05,-8.418582e-05,-8.593693e-05,-8.770244e-05,-8.948220e-05,-9.127606e-05,-9.308387e-05,-9.490549e-05,-9.674076e-05,-9.858954e-05,-1.004517e-04,-1.023271e-04,-1.042155e-04,-1.061169e-04,-1.080310e-04,-1.099578e-04,-1.118971e-04,-1.138488e-04,-1.158127e-04,-1.177887e-04,-1.197767e-04,-1.217765e-04,-1.237879e-04,-1.258109e-04,-1.278454e-04,-1.298911e-04,-1.319480e-04,-1.340159e-04,-1.360947e-04,-1.381842e-04,-1.402844e-04,-1.423952e-04,-1.445163e-04,-1.466477e-04
1.1300,1.816870e-05,1.799856e-05,1.782790e-05,1.765689e-05,1.748556e-05,1.731389e-05,1.714191e-05,1.696961e-05,1.679701e-05,1.662410e-05,1.645090e-05,1.627742e-05,1.610366e-05,1.592963e-05,1.575534e-05,1.558079e-05,1.540601e-05,1.523099e-05,1.505575e-05,1.488029e-05,1.470463e-05,1.452878e-05,1.435275e-05,1.417655e-05,1.400018e-05,1.382368e-05,1.364704e-05,1.347027e-05,1.329341e-05,1.311644e-05,1.293940e-05,1.276229e-05,1.258514e-05,1.240795e-05,1.223074e-05,1.205353e-05,1.187633e-05,1.169917e-05,1.152205e-05,1.134501e-05,1.116805e-05,1.099120e-05,1.081448e-05,1.063791e-05,1.046150e-05,1.028529e-05,1.010929e-05,9.933529e-06,9.758027e-06,9.582811e-06,9.407905e-06,9.233336e-06,9.059128e-06,8.885311e-06,8.711911e-06,8.538958e-06,8.366481e-06,8.194510e-06,8.023076e-06,7.852211e-06,7.681948e-06,7.512320e-06,7.343361e-06,7.175107e-06,7.007593e-06,6.840856e-06,6.674934e-06,6.509866e-06,6.345690e-06,6.182447e-06,6.020177e-06,5.858922e-06,5.698725e-06,5.539629e-06,5.381676e-06,5.224912e-06,5.069380e-06,4.915126e-06,4.762196e-06,4.610633e-06,4.460483e-06,4.311791e-06,4.164602e-06,4.018957e-06,3.874900e-06,3.732471e-06,3.591708e-06,3.452647e-06,3.315319e-06,3.179755e-06,3.045976e-06,2.914002e-06,2.783844e-06,2.655504e-06,2.528976e-06,2.404244e-06,2.281276e-06,2.160030e-06,2.040443e-06,1.922436e-06,1.805907e-06,1.690730e-06,1.576752e-06,1.463790e-06,1.351629e-06,1.240017e-06,1.128663e-06,1.017238e-06,9.053663e-07,7.926292e-07,6.778051e-07,5.616365e-07,4.430522e-07,3.214561e-07,1.962132e-07,6.665296e-08,-6.792577e-08,-2.082493e-07,-3.550634e-07,-5.091270e-07,-6.712061e-07,-8.420677e-07,-1.022474e-06,-1.213178e-06,-1.414916e-06,-1.628410e-06,-1.854354e-06,-2.093423e-06,-2.346261e-06,-2.613485e-06,-2.895681e-06,-3.193405e-06,-3.507181e-06,-3.837502e-06,-4.184829e-06,-4.549591e-06,-4.932187e-06,-5.332989e-06,-5.752335e-06,-6.190538e-06,-6.647883e-06,-7.124630e-06,-7.621014e-06,-8.137245e-06,-8.673513e-06,-9.229985e-06,-9.806809e-06,-1.039385e-05,-1.101170e-05,-1.165023e-05,-1.230954e-05,-1.298969e-05,-1.369072e-05,-1.441267e-05,-1.515557e-05,-1.591942e-05,-1.670423e-05,-1.750999e-05,-1.833668e-05,-1.918427e-05,-2.005273e-05,-2.094201e-05,-2.185207e-05,-2.278283e-05,-2.373423e-05,-2.470620e-05,-2.569867e-05,-2.671154e-05,-2.774473e-05,-2.879814e-05,-2.987167e-05,-3.096522e-05,-3.207868e-05,-3.321193e-05,-3.436486e-05,-3.553735e-05,-3.672928e-05,-3.794051e-05,-3.917093e-05,-4.042039e-05,-4.168877e-05,-4.297592e-05,-4.428171e-05,-4.560600e-05,-4.694865e-05,-4.830950e-05,-4.968842e-05,-5.108526e-05,-5.249987e-05,-5.393209e-05,-5.538179e-05,-5.684880e-05,-5.833299e-05,-5.983418e-05,-6.135224e-05,-6.288701e-05,-6.443832e-05,-6.600604e-05,-6.759001e-05,-6.919006e-05,-7.080606e-05,-7.243783e-05,-7.408524e-05,-7.574812e-05,-7.742632e-05,-7.911970e-05,-8.082808e-05,-8.255134e-05,-8.428930e-05,-8.604182e-05,-8.780876e-05,-8.958995e-05,-9.138525e-05,-9.319452e-05,-9.501760e-05,-9.685434e-05,-9.870461e-05,-1.005682e-04,-1.024451e-04,-1.043351e-04,-1.062380e-04,-1.081537e-04,-1.100820e-04,-1.120229e-04,-1.139762e-04,-1.159417e-04,-1.179193e-04,-1.199088e-04,-1.219102e-04,-1.239233e-04,-1.259480e-04,-1.279841e-04,-1.300315e-04,-1.320901e-04,-1.341597e-04,-1.362402e-04,-1.383315e-04,-1.404335e-04,-1.425460e-04,-1.446689e-04,-1.468021e-04
1.1400,1.584023e-05,1.569487e-05,1.554905e-05,1.540292e-05,1.525650e-05,1.510979e-05,1.496279e-05,1.481550e-05,1.466795e-05,1.452012e-05,1.437203e-05,1.422368e-05,1.407508e-05,1.392623e-05,1.377715e-05,1.362783e-05,1.347829e-05,1.332853e-05,1.317856e-05,1.302839e-05,1.287803e-05,1.272748e-05,1.257676e-05,1.242587e-05,1.227483e-05,1.212363e-05,1.197230e-05,1.182085e-05,1.166927e-05,1.151760e-05,1.136582e-05,1.121397e-05,1.106204e-05,1.091006e-05,1.075803e-05,1.060597e-05,1.045389e-05,1.030181e-05,1.014974e-05,9.997692e-06,9.845684e-06,9.693732e-06,9.541852e-06,9.390061e-06,9.238375e-06,9.086813e-06,8.935391e-06,8.784130e-06,8.633047e-06,8.482162e-06,8.331497e-06,8.181070e-06,8.030905e-06,7.881022e-06,7.731443e-06,7.582193e-06,7.433295e-06,7.284772e-06,7.136651e-06,6.988956e-06,6.841714e-06,6.694951e-06,6.548696e-06,6.402976e-06,6.257821e-06,6.113259e-06,5.969322e-06,5.826039e-06,5.683444e-06,5.541567e-06,5.400441e-06,5.260101e-06,5.120579e-06,4.981911e-06,4.844131e-06,4.707275e-06,4.571377e-06,4.436475e-06,4.302603e-06,4.169798e-06,4.038094e-06,3.907528e-06,3.778133e-06,3.649944e-06,3.522992e-06,3.397307e-06,3.272919e-06,3.149853e-06,3.028132e-06,2.907775e-06,2.788796e-06,2.671204e-06,2.555000e-06,2.440180e-06,2.326729e-06,2.214621e-06,2.103820e-06,1.994275e-06,1.885918e-06,1.778665e-06,1.672409e-06,1.567021e-06,1.462346e-06,1.358201e-06,1.254370e-06,1.150603e-06,1.046614e-06,9.420766e-07,8.366226e-07,7.290950e-07,6.202974e-07,5.091979e-07,3.952556e-07,2.778889e-07,1.564782e-07,3.036991e-08,-1.011193e-07,-2.386974e-07,-3.830908e-07,-5.350390e-07,-6.952885e-07,-8.645868e-07,-1.043677e-06,-1.233293e-06,-1.434155e-06,-1.646964e-06,-1.872401e-06,-2.111124e-06,-2.363762e-06,-2.630920e-06,-2.913171e-06,-3.211060e-06,-3.525099e-06,-3.855771e-06,-4.203530e-06,-4.568798e-06,-4.951965e-06,-5.353395e-06,-5.773424e-06,-6.212357e-06,-6.670475e-06,-7.148034e-06,-7.645265e-06,-8.162375e-06,-8.699550e-06,-9.256955e-06,-9.834735e-06,-1.042275e-05,-1.104159e-05,-1.168114e-05,-1.234148e-05,-1.302267e-05,-1.372476e-05,-1.444778e-05,-1.519176e-05,-1.595671e-05,-1.674262e-05,-1.754949e-05,-1.837730e-05,-1.922602e-05,-2.009561e-05,-2.098603e-05,-2.189723e-05,-2.282914e-05,-2.378170e-05,-2.475484e-05,-2.574847e-05,-2.676252e-05,-2.779688e-05,-2.885147e-05,-2.992619e-05,-3.102093e-05,-3.213558e-05,-3.327003e-05,-3.442417e-05,-3.559786e-05,-3.679100e-05,-3.800345e-05,-3.923508e-05,-4.048577e-05,-4.175537e-05,-4.304376e-05,-4.435079e-05,-4.567632e-05,-4.702020e-05,-4.838231e-05,-4.976248e-05,-5.116057e-05,-5.257644e-05,-5.400994e-05,-5.546091e-05,-5.692920e-05,-5.841466e-05,-5.991715e-05,-6.143650e-05,-6.297257e-05,-6.452519e-05,-6.609422e-05,-6.767950e-05,-6.928088e-05,-7.089821e-05,-7.253132e-05,-7.418008e-05,-7.584431e-05,-7.752387e-05,-7.921861e-05,-8.092837e-05,-8.265301e-05,-8.439236e-05,-8.614629e-05,-8.791463e-05,-8.969724e-05,-9.149397e-05,-9.330467e-05,-9.512919e-05,-9.696739e-05,-9.881912e-05,-1.006842e-04,-1.025626e-04,-1.044540e-04,-1.063585e-04,-1.082757e-04,-1.102056e-04,-1.121480e-04,-1.141028e-04,-1.160698e-04,-1.180490e-04,-1.200402e-04,-1.220432e-04,-1.240579e-04,-1.260842e-04,-1.281219e-04,-1.301710e-04,-1.322312e-04,-1.343025e-04,-1.363848e-04,-1.384778e-04,-1.405815e-04,-1.426957e-04,-1.448204e-04,-1.469554e-04
1.1500,1.341883e-05,1.329811e-05,1.317700e-05,1.305563e-05,1.293400e-05,1.281213e-05,1.269000e-05,1.256764e-05,1.244503e-05,1.232219e-05,1.219912e-05,1.207583e-05,1.195232e-05,1.182859e-05,1.170465e-05,1.158051e-05,1.145616e-05,1.133163e-05,1.120691e-05,1.108200e-05,1.095693e-05,1.083168e-05,1.070628e-05,1.058072e-05,1.045501e-05,1.032917e-05,1.020319e-05,1.007710e-05,9.950883e-06,9.824564e-06,9.698149e-06,9.571645e-06,9.445062e-06,9.318411e-06,9.191701e-06,9.064942e-06,8.938145e-06,8.811321e-06,8.684481e-06,8.557636e-06,8.430799e-06,8.303982e-06,8.177197e-06,8.050458e-06,7.923777e-06,7.797168e-06,7.670646e-06,7.544225e-06,7.417919e-06,7.291745e-06,7.165718e-06,7.039854e-06,6.914169e-06,6.788681e-06,6.663407e-06,6.538366e-06,6.413575e-06,6.289054e-06,6.164821e-06,6.040898e-06,5.917303e-06,5.794059e-06,5.671186e-06,5.548707e-06,5.426644e-06,5.305020e-06,5.183857e-06,5.063181e-06,4.943015e-06,4.823384e-06,4.704314e-06,4.585829e-06,4.467957e-06,4.350723e-06,4.234154e-06,4.118277e-06,4.003118e-06,3.888704e-06,3.775062e-06,3.662219e-06,3.550200e-06,3.439031e-06,3.328737e-06,3.219341e-06,3.110864e-06,3.003328e-06,2.896751e-06,2.791147e-06,2.686529e-06,2.582905e-06,2.480278e-06,2.378647e-06,2.278002e-06,2.178329e-06,2.079601e-06,1.981784e-06,1.884830e-06,1.788679e-06,1.693254e-06,1.598461e-06,1.504186e-06,1.410293e-06,1.316620e-06,1.222978e-06,1.129147e-06,1.034873e-06,9.398688e-07,8.438069e-07,7.455342e-07,6.460053e-07,5.441737e-07,4.395481e-07,3.315960e-07,2.197466e-07,1.033929e-07,-1.810436e-08,-1.454126e-07,-2.792219e-07,-4.202401e-07,-5.691868e-07,-7.267876e-07,-8.937689e-07,-1.070852e-06,-1.258750e-06,-1.458162e-06,-1.669767e-06,-1.894229e-06,-2.132183e-06,-2.384244e-06,-2.650997e-06,-2.933001e-06,-3.230783e-06,-3.544845e-06,-3.875657e-06,-4.223660e-06,-4.589265e-06,-4.972854e-06,-5.374783e-06,-5.795378e-06,-6.234939e-06,-6.693741e-06,-7.172032e-06,-7.670040e-06,-8.187966e-06,-8.725993e-06,-9.284283e-06,-9.862977e-06,-1.045192e-05,-1.107172e-05,-1.171226e-05,-1.237361e-05,-1.305582e-05,-1.375895e-05,-1.448302e-05,-1.522807e-05,-1.599409e-05,-1.678109e-05,-1.758906e-05,-1.841798e-05,-1.926781e-05,-2.013853e-05,-2.103008e-05,-2.194241e-05,-2.287547e-05,-2.382918e-05,-2.480347e-05,-2.579826e-05,-2.681347e-05,-2.784901e-05,-2.890478e-05,-2.998068e-05,-3.107660e-05,-3.219244e-05,-3.332808e-05,-3.448341e-05,-3.565831e-05,-3.685265e-05,-3.806631e-05,-3.929915e-05,-4.055105e-05,-4.182188e-05,-4.311149e-05,-4.441974e-05,-4.574650e-05,-4.709163e-05,-4.845497e-05,-4.983639e-05,-5.123573e-05,-5.265286e-05,-5.408761e-05,-5.553984e-05,-5.700940e-05,-5.849614e-05,-5.999990e-05,-6.152054e-05,-6.305789e-05,-6.461181e-05,-6.618214e-05,-6.776873e-05,-6.937143e-05,-7.099007e-05,-7.262451e-05,-7.427459e-05,-7.594017e-05,-7.762108e-05,-7.931717e-05,-8.102829e-05,-8.275430e-05,-8.449503e-05,-8.625033e-05,-8.802007e-05,-8.980408e-05,-9.160222e-05,-9.341434e-05,-9.524029e-05,-9.707993e-05,-9.893310e-05,-1.007997e-04,-1.026795e-04,-1.045724e-04,-1.064783e-04,-1.083970e-04,-1.103284e-04,-1.122724e-04,-1.142287e-04,-1.161973e-04,-1.181780e-04,-1.201708e-04,-1.221753e-04,-1.241916e-04,-1.262195e-04,-1.282589e-04,-1.303096e-04,-1.323715e-04,-1.344444e-04,-1.365283e-04,-1.386230e-04,-1.407284e-04,-1.428444e-04,-1.449708e-04,-1.471075e-04
1.1600,1.090627e-05,1.081004e-05,1.071349e-05,1.061672e-05,1.051975e-05,1.042256e-05,1.032518e-05,1.022760e-05,1.012982e-05,1.003184e-05,9.933677e-06,9.835325e-06,9.736791e-06,9.638077e-06,9.539187e-06,9.440127e-06,9.340899e-06,9.241508e-06,9.141960e-06,9.042257e-06,8.942406e-06,8.842411e-06,8.742277e-06,8.642010e-06,8.541616e-06,8.441099e-06,8.340466e-06,8.239723e-06,8.138876e-06,8.037932e-06,7.936896e-06,7.835777e-06,7.734581e-06,7.633316e-06,7.531988e-06,7.430606e-06,7.329178e-06,7.227711e-06,7.126215e-06,7.024697e-06,6.923168e-06,6.821636e-06,6.720110e-06,6.618600e-06,6.517117e-06,6.415670e-06,6.314271e-06,6.212930e-06,6.111658e-06,6.010467e-06,5.909368e-06,5.808374e-06,5.707497e-06,5.606749e-06,5.506145e-06,5.405697e-06,5.305420e-06,5.205326e-06,5.105431e-06,5.005750e-06,4.906298e-06,4.807090e-06,4.708142e-06,4.609470e-06,4.511091e-06,4.413022e-06,4.315280e-06,4.217882e-06,4.120847e-06,4.024192e-06,3.927935e-06,3.832096e-06,3.736693e-06,3.641745e-06,3.547270e-06,3.453287e-06,3.359815e-06,3.266872e-06,3.174478e-06,3.082648e-06,2.991401e-06,2.900752e-06,2.810716e-06,2.721308e-06,2.632539e-06,2.544420e-06,2.456957e-06,2.370157e-06,2.284019e-06,2.198542e-06,2.113717e-06,2.029531e-06,1.945964e-06,1.862988e-06,1.780567e-06,1.698654e-06,1.617189e-06,1.536100e-06,1.455300e-06,1.374682e-06,1.294122e-06,1.213472e-06,1.132560e-06,1.051187e-06,9.691247e-07,8.861114e-07,8.018514e-07,7.151543e-07,6.271720e-07,5.368086e-07,4.436128e-07,3.470939e-07,2.467222e-07,1.419319e-07,3.212300e-08,-8.333428e-08,-2.050955e-07,-3.338371e-07,-4.702507e-07,-6.150382e-07,-7.689057e-07,-9.325587e-07,-1.106697e-06,-1.292011e-06,-1.489175e-06,-1.698848e-06,-1.921668e-06,-2.158251e-06,-2.409187e-06,-2.675041e-06,-2.956353e-06,-3.253632e-06,-3.567361e-06,-3.897994e-06,-4.245957e-06,-4.611648e-06,-4.995436e-06,-5.397665e-06,-5.818651e-06,-6.258685e-06,-6.718032e-06,-7.196935e-06,-7.695611e-06,-8.214260e-06,-8.753056e-06,-9.312157e-06,-9.891699e-06,-1.048150e-05,-1.110222e-05,-1.174370e-05,-1.240602e-05,-1.308922e-05,-1.379335e-05,-1.451845e-05,-1.526454e-05,-1.603161e-05,-1.681968e-05,-1.762873e-05,-1.845874e-05,-1.930968e-05,-2.018151e-05,-2.107418e-05,-2.198764e-05,-2.292183e-05,-2.387668e-05,-2.485211e-05,-2.584806e-05,-2.686443e-05,-2.790113e-05,-2.895806e-05,-3.003513e-05,-3.113223e-05,-3.224925e-05,-3.338608e-05,-3.454260e-05,-3.571869e-05,-3.691423e-05,-3.812909e-05,-3.936314e-05,-4.061625e-05,-4.188828e-05,-4.317911e-05,-4.448859e-05,-4.581657e-05,-4.716292e-05,-4.852750e-05,-4.991015e-05,-5.131074e-05,-5.272911e-05,-5.416511e-05,-5.561860e-05,-5.708942e-05,-5.857742e-05,-6.008245e-05,-6.160436e-05,-6.314299e-05,-6.469820e-05,-6.626982e-05,-6.785770e-05,-6.946170e-05,-7.108165e-05,-7.271740e-05,-7.436881e-05,-7.603571e-05,-7.771795e-05,-7.941538e-05,-8.112785e-05,-8.285521e-05,-8.459730e-05,-8.635398e-05,-8.812509e-05,-8.991049e-05,-9.171002e-05,-9.352354e-05,-9.535090e-05,-9.719196e-05,-9.904656e-05,-1.009146e-04,-1.027958e-04,-1.046902e-04,-1.065976e-04,-1.085178e-04,-1.104507e-04,-1.123961e-04,-1.143539e-04,-1.163241e-04,-1.183063e-04,-1.203006e-04,-1.223067e-04,-1.243246e-04,-1.263541e-04,-1.283950e-04,-1.304473e-04,-1.325108e-04,-1.345854e-04,-1.366709e-04,-1.387673e-04,-1.408744e-04,-1.429920e-04,-1.451201e-04,-1.472586e-04
1.1700,8.304913e-06,8.232996e-06,8.160831e-06,8.088505e-06,8.016018e-06,7.943374e-06,7.870574e-06,7.797620e-06,7.724514e-06,7.651259e-06,7.577857e-06,7.504311e-06,7.430622e-06,7.356795e-06,7.282831e-06,7.208734e-06,7.134506e-06,7.060150e-06,6.985670e-06,6.911069e-06,6.836350e-06,6.761518e-06,6.686574e-06,6.611524e-06,6.536372e-06,6.461120e-06,6.385774e-06,6.310337e-06,6.234815e-06,6.159211e-06,6.083531e-06,6.007778e-06,5.931960e-06,5.856079e-06,5.780142e-06,5.704154e-06,5.628121e-06,5.552049e-06,5.475943e-06,5.399810e-06,5.323656e-06,5.247488e-06,5.171312e-06,5.095135e-06,5.018964e-06,4.942807e-06,4.866671e-06,4.790563e-06,4.714492e-06,4.638466e-06,4.562492e-06,4.486580e-06,4.410738e-06,4.334976e-06,4.259301e-06,4.183725e-06,4.108256e-06,4.032904e-06,3.957679e-06,3.882592e-06,3.807653e-06,3.732873e-06,3.658263e-06,3.583834e-06,3.509597e-06,3.435564e-06,3.361747e-06,3.288157e-06,3.214806e-06,3.141707e-06,3.068872e-06,2.996312e-06,2.924040e-06,2.852068e-06,2.780407e-06,2.709070e-06,2.638067e-06,2.567410e-06,2.497109e-06,2.427173e-06,2.357611e-06,2.288431e-06,2.219639e-06,2.151240e-06,2.083236e-06,2.015628e-06,1.948414e-06,1.881588e-06,1.815141e-06,1.749061e-06,1.683327e-06,1.617915e-06,1.552795e-06,1.487926e-06,1.423259e-06,1.358736e-06,1.294285e-06,1.229821e-06,1.165243e-06,1.100432e-06,1.035252e-06,9.695403e-07,9.031135e-07,8.357595e-07,7.672371e-07,6.964958e-07,6.246232e-07,5.506403e-07,4.741658e-07,3.947796e-07,3.120236e-07,2.254011e-07,1.343788e-07,3.838887e-08,-6.316826e-08,-1.709198e-07,-2.855162e-07,-4.076262e-07,-5.379313e-07,-6.771204e-07,-8.258847e-07,-9.849123e-07,-1.154884e-06,-1.336467e-06,-1.530317e-06,-1.737066e-06,-1.957330e-06,-2.191700e-06,-2.440741e-06,-2.704996e-06,-2.984979e-06,-3.281178e-06,-3.594054e-06,-3.924040e-06,-4.271544e-06,-4.636945e-06,-5.020598e-06,-5.422828e-06,-5.843940e-06,-6.284211e-06,-6.743894e-06,-7.223223e-06,-7.722405e-06,-8.241631e-06,-8.781068e-06,-9.340867e-06,-9.921158e-06,-1.051174e-05,-1.113329e-05,-1.177565e-05,-1.243886e-05,-1.312300e-05,-1.382809e-05,-1.455417e-05,-1.530126e-05,-1.606936e-05,-1.685847e-05,-1.766858e-05,-1.849965e-05,-1.935167e-05,-2.022459e-05,-2.111836e-05,-2.203293e-05,-2.296824e-05,-2.392422e-05,-2.490079e-05,-2.589788e-05,-2.691539e-05,-2.795325e-05,-2.901134e-05,-3.008957e-05,-3.118784e-05,-3.230603e-05,-3.344404e-05,-3.460174e-05,-3.577902e-05,-3.697574e-05,-3.819180e-05,-3.942705e-05,-4.068136e-05,-4.195460e-05,-4.324663e-05,-4.455732e-05,-4.588653e-05,-4.723410e-05,-4.859990e-05,-4.998378e-05,-5.138560e-05,-5.280520e-05,-5.424245e-05,-5.569718e-05,-5.716925e-05,-5.865851e-05,-6.016480e-05,-6.168797e-05,-6.322787e-05,-6.478435e-05,-6.635725e-05,-6.794642e-05,-6.955171e-05,-7.117295e-05,-7.281001e-05,-7.446272e-05,-7.613093e-05,-7.781450e-05,-7.951326e-05,-8.122706e-05,-8.295576e-05,-8.469920e-05,-8.645723e-05,-8.822970e-05,-9.001647e-05,-9.181738e-05,-9.363229e-05,-9.546104e-05,-9.730350e-05,-9.915952e-05,-1.010289e-04,-1.029116e-04,-1.048075e-04,-1.067163e-04,-1.086379e-04,-1.105723e-04,-1.125192e-04,-1.144785e-04,-1.164501e-04,-1.184339e-04,-1.204297e-04,-1.224374e-04,-1.244568e-04,-1.264878e-04,-1.285303e-04,-1.305842e-04,-1.326493e-04,-1.347255e-04,-1.368126e-04,-1.389106e-04,-1.410193e-04,-1.431386e-04,-1.452684e-04,-1.474085e-04
1.1800,5.617675e-06,5.569894e-06,5.521946e-06,5.473888e-06,5.425722e-06,5.377448e-06,5.329068e-06,5.280584e-06,5.231996e-06,5.183306e-06,5.134515e-06,5.085626e-06,5.036639e-06,4.987557e-06,4.938381e-06,4.889113e-06,4.839755e-06,4.790308e-06,4.740775e-06,4.691158e-06,4.641459e-06,4.591681e-06,4.541824e-06,4.491893e-06,4.441889e-06,4.391815e-06,4.341673e-06,4.291467e-06,4.241198e-06,4.190871e-06,4.140487e-06,4.090050e-06,4.039564e-06,3.989030e-06,3.938454e-06,3.887838e-06,3.837185e-06,3.786500e-06,3.735786e-06,3.685047e-06,3.634287e-06,3.583510e-06,3.532721e-06,3.481923e-06,3.431122e-06,3.380321e-06,3.329526e-06,3.278741e-06,3.227971e-06,3.177221e-06,3.126497e-06,3.075804e-06,3.025147e-06,2.974532e-06,2.923964e-06,2.873450e-06,2.822995e-06,2.772606e-06,2.722288e-06,2.672048e-06,2.621892e-06,2.571828e-06,2.521860e-06,2.471997e-06,2.422244e-06,2.372609e-06,2.323098e-06,2.273718e-06,2.224477e-06,2.175380e-06,2.126434e-06,2.077646e-06,2.029022e-06,1.980568e-06,1.932290e-06,1.884192e-06,1.836280e-06,1.788559e-06,1.741030e-06,1.693696e-06,1.646560e-06,1.599620e-06,1.552875e-06,1.506322e-06,1.459954e-06,1.413765e-06,1.367742e-06,1.321871e-06,1.276133e-06,1.230504e-06,1.184957e-06,1.139455e-06,1.093957e-06,1.048411e-06,1.002757e-06,9.569252e-07,9.108306e-07,8.643761e-07,8.174479e-07,7.699146e-07,7.216246e-07,6.724038e-07,6.220537e-07,5.696235e-07,5.161741e-07,4.608107e-07,4.032109e-07,3.430171e-07,2.798343e-07,2.132302e-07,1.427343e-07,6.783925e-08,-1.199794e-08,-9.735344e-08,-1.888332e-07,-2.870691e-07,-3.927137e-07,-5.064358e-07,-6.289142e-07,-7.608325e-07,-9.028738e-07,-1.055715e-06,-1.220024e-06,-1.396452e-06,-1.585635e-06,-1.788187e-06,-2.004700e-06,-2.235742e-06,-2.481854e-06,-2.743552e-06,-3.021327e-06,-3.315641e-06,-3.626930e-06,-3.955603e-06,-4.302045e-06,-4.666613e-06,-5.049640e-06,-5.451433e-06,-5.872278e-06,-6.312435e-06,-6.772143e-06,-7.251619e-06,-7.751061e-06,-8.270645e-06,-8.810529e-06,-9.370854e-06,-9.951742e-06,-1.054295e-05,-1.116523e-05,-1.180835e-05,-1.247238e-05,-1.315737e-05,-1.386335e-05,-1.459035e-05,-1.533839e-05,-1.610746e-05,-1.689756e-05,-1.770868e-05,-1.854079e-05,-1.939386e-05,-2.026784e-05,-2.116269e-05,-2.207835e-05,-2.301476e-05,-2.397185e-05,-2.494954e-05,-2.594775e-05,-2.696640e-05,-2.800539e-05,-2.906463e-05,-3.014402e-05,-3.124344e-05,-3.236280e-05,-3.350198e-05,-3.466085e-05,-3.583930e-05,-3.703721e-05,-3.825445e-05,-3.949089e-05,-4.074639e-05,-4.202083e-05,-4.331407e-05,-4.462596e-05,-4.595637e-05,-4.730516e-05,-4.867218e-05,-5.005728e-05,-5.146032e-05,-5.288116e-05,-5.431963e-05,-5.577560e-05,-5.724891e-05,-5.873941e-05,-6.024695e-05,-6.177138e-05,-6.331254e-05,-6.487028e-05,-6.644445e-05,-6.803490e-05,-6.964146e-05,-7.126399e-05,-7.290234e-05,-7.455635e-05,-7.622586e-05,-7.791073e-05,-7.961081e-05,-8.132593e-05,-8.305595e-05,-8.480073e-05,-8.656010e-05,-8.833392e-05,-9.012204e-05,-9.192432e-05,-9.374059e-05,-9.557073e-05,-9.741457e-05,-9.927198e-05,-1.011428e-04,-1.030269e-04,-1.049242e-04,-1.068344e-04,-1.087575e-04,-1.106933e-04,-1.126417e-04,-1.146025e-04,-1.165756e-04,-1.185608e-04,-1.205581e-04,-1.225673e-04,-1.245882e-04,-1.266208e-04,-1.286648e-04,-1.307203e-04,-1.327869e-04,-1.348647e-04,-1.369534e-04,-1.390530e-04,-1.411634e-04,-1.432843e-04,-1.454157e-04,-1.475575e-04
1.1900,2.848031e-06,2.824217e-06,2.800319e-06,2.776364e-06,2.752355e-06,2.728290e-06,2.704172e-06,2.680000e-06,2.655776e-06,2.631499e-06,2.607171e-06,2.582792e-06,2.558364e-06,2.533886e-06,2.509360e-06,2.484787e-06,2.460167e-06,2.435502e-06,2.410792e-06,2.386038e-06,2.361241e-06,2.336403e-06,2.311525e-06,2.286607e-06,2.261650e-06,2.236657e-06,2.211628e-06,2.186565e-06,2.161468e-06,2.136340e-06,2.111181e-06,2.085993e-06,2.060778e-06,2.035537e-06,2.010272e-06,1.984984e-06,1.959675e-06,1.934347e-06,1.909001e-06,1.883640e-06,1.858265e-06,1.832879e-06,1.807482e-06,1.782078e-06,1.756669e-06,1.731255e-06,1.705841e-06,1.680427e-06,1.655017e-06,1.629612e-06,1.604215e-06,1.578829e-06,1.553455e-06,1.528097e-06,1.502757e-06,1.477438e-06,1.452142e-06,1.426872e-06,1.401630e-06,1.376420e-06,1.351244e-06,1.326105e-06,1.301005e-06,1.275947e-06,1.250934e-06,1.225968e-06,1.201052e-06,1.176188e-06,1.151378e-06,1.126624e-06,1.101927e-06,1.077290e-06,1.052713e-06,1.028198e-06,1.003743e-06,9.793488e-07,9.550144e-07,9.307376e-07,9.065156e-07,8.823442e-07,8.582183e-07,8.341309e-07,8.100733e-07,7.860347e-07,7.620021e-07,7.379594e-07,7.138874e-07,6.897631e-07,6.655592e-07,6.412434e-07,6.167775e-07,5.921170e-07,5.672095e-07,5.419941e-07,5.164000e-07,4.903450e-07,4.637342e-07,4.364582e-07,4.079688e-07,3.788909e-07,3.487027e-07,3.172156e-07,2.842162e-07,2.494632e-07,2.126856e-07,1.735805e-07,1.318106e-07,8.700327e-08,3.874856e-08,-1.340093e-08,-6.993019e-08,-1.313609e-07,-1.982496e-07,-2.711852e-07,-3.507854e-07,-4.376922e-07,-5.325672e-07,-6.360859e-07,-7.489319e-07,-8.717913e-07,-1.005347e-06,-1.150274e-06,-1.307233e-06,-1.476869e-06,-1.659805e-06,-1.856642e-06,-2.067955e-06,-2.294293e-06,-2.536177e-06,-2.794101e-06,-3.068529e-06,-3.359901e-06,-3.668625e-06,-3.995086e-06,-4.339642e-06,-4.702625e-06,-5.084343e-06,-5.485081e-06,-5.905101e-06,-6.344643e-06,-6.803925e-06,-7.283146e-06,-7.782487e-06,-8.302108e-06,-8.842154e-06,-9.402751e-06,-9.984011e-06,-1.057564e-05,-1.119846e-05,-1.184219e-05,-1.250690e-05,-1.319262e-05,-1.389938e-05,-1.462721e-05,-1.537611e-05,-1.614608e-05,-1.693712e-05,-1.774919e-05,-1.858228e-05,-1.943635e-05,-2.031136e-05,-2.120725e-05,-2.212397e-05,-2.306145e-05,-2.401962e-05,-2.499840e-05,-2.599772e-05,-2.701749e-05,-2.805760e-05,-2.911797e-05,-3.019850e-05,-3.129907e-05,-3.241958e-05,-3.355991e-05,-3.471994e-05,-3.589956e-05,-3.709864e-05,-3.831706e-05,-3.955468e-05,-4.081137e-05,-4.208699e-05,-4.338142e-05,-4.469451e-05,-4.602612e-05,-4.737611e-05,-4.874434e-05,-5.013065e-05,-5.153491e-05,-5.295697e-05,-5.439667e-05,-5.585386e-05,-5.732841e-05,-5.882014e-05,-6.032893e-05,-6.185460e-05,-6.339701e-05,-6.495600e-05,-6.653143e-05,-6.812314e-05,-6.973097e-05,-7.135478e-05,-7.299440e-05,-7.464969e-05,-7.632050e-05,-7.800666e-05,-7.970804e-05,-8.142447e-05,-8.315581e-05,-8.490190e-05,-8.666260e-05,-8.843776e-05,-9.022722e-05,-9.203084e-05,-9.384847e-05,-9.567997e-05,-9.752519e-05,-9.938397e-05,-1.012562e-04,-1.031417e-04,-1.050403e-04,-1.069520e-04,-1.088765e-04,-1.108137e-04,-1.127635e-04,-1.147258e-04,-1.167003e-04,-1.186871e-04,-1.206858e-04,-1.226965e-04,-1.247189e-04,-1.267530e-04,-1.287986e-04,-1.308555e-04,-1.329237e-04,-1.350031e-04,-1.370934e-04,-1.391946e-04,-1.413065e-04,-1.434290e-04,-1.455621e-04,-1.477055e-04
1.2000,-1.065255e-13,-1.195756e-13,-1.352817e-13,-1.531412e-13,-1.734550e-13,-1.965665e-13,-2.228678e-13,-2.528073e-13,-2.868969e-13,-3.257214e-13,-3.699500e-13,-4.203469e-13,-4.777864e-13,-5.432685e-13,-6.179367e-13,-7.030997e-13,-8.002543e-13,-9.111149e-13,-1.037643e-12,-1.182086e-12,-1.347014e-12,-1.535373e-12,-1.750540e-12,-1.996379e-12,-2.277322e-12,-2.598446e-12,-2.965573e-12,-3.385376e-12,-3.865508e-12,-4.414745e-12,-5.043154e-12,-5.762283e-12,-6.585385e-12,-7.527665e-12,-8.606577e-12,-9.842156e-12,-1.125740e-11,-1.287873e-11,-1.473648e-11,-1.686547e-11,-1.930575e-11,-2.210328e-11,-2.531091e-11,-2.898936e-11,-3.320842e-11,-3.804833e-11,-4.360132e-11,-4.997348e-11,-5.728677e-11,-6.568148e-11,-7.531900e-11,-8.638499e-11,-9.909306e-11,-1.136890e-10,-1.316020e-10,-1.510371e-10,-1.733696e-10,-1.990349e-10,-2.285343e-10,-2.624455e-10,-3.014334e-10,-3.462640e-10,-3.978197e-10,-4.571170e-10,-5.253272e-10,-6.037996e-10,-6.940896e-10,-7.979893e-10,-9.175644e-10,-1.055196e-09,-1.213629e-09,-1.396027e-09,-1.606038e-09,-1.847868e-09,-2.126366e-09,-2.447123e-09,-2.816585e-09,-3.242185e-09,-3.732494e-09,-4.297393e-09,-4.948273e-09,-5.698268e-09,-6.562516e-09,-7.558463e-09,-8.706213e-09,-1.002893e-08,-1.155328e-08,-1.330999e-08,-1.533440e-08,-1.766717e-08,-2.035506e-08,-2.345179e-08,-2.701904e-08,-3.112755e-08,-3.585840e-08,-4.130438e-08,-4.757156e-08,-5.478098e-08,-6.307048e-08,-7.259679e-08,-8.353760e-08,-9.609386e-08,-1.104921e-07,-1.269868e-07,-1.458628e-07,-1.674373e-07,-1.920620e-07,-2.201246e-07,-2.520503e-07,-2.883018e-07,-3.293795e-07,-3.758207e-07,-4.281972e-07,-4.871129e-07,-5.531998e-07,-6.271138e-07,-7.095292e-07,-8.011332e-07,-9.026196e-07,-1.014683e-06,-1.138014e-06,-1.273290e-06,-1.421176e-06,-1.582316e-06,-1.757330e-06,-1.946814e-06,-2.151334e-06,-2.371427e-06,-2.607600e-06,-2.860331e-06,-3.130064e-06,-3.417218e-06,-3.722180e-06,-4.045308e-06,-4.386936e-06,-4.747370e-06,-5.126893e-06,-5.525762e-06,-5.944214e-06,-6.382465e-06,-6.840709e-06,-7.319124e-06,-7.817867e-06,-8.337079e-06,-8.876887e-06,-9.437400e-06,-1.001871e-05,-1.061046e-05,-1.123357e-05,-1.187770e-05,-1.254289e-05,-1.322916e-05,-1.393655e-05,-1.466507e-05,-1.541471e-05,-1.618548e-05,-1.697734e-05,-1.779029e-05,-1.862429e-05,-1.947930e-05,-2.035527e-05,-2.125215e-05,-2.216988e-05,-2.310839e-05,-2.406761e-05,-2.504746e-05,-2.604785e-05,-2.706871e-05,-2.810992e-05,-2.917140e-05,-3.025304e-05,-3.135474e-05,-3.247638e-05,-3.361786e-05,-3.477904e-05,-3.595981e-05,-3.716006e-05,-3.837963e-05,-3.961842e-05,-4.087629e-05,-4.215309e-05,-4.344871e-05,-4.476298e-05,-4.609579e-05,-4.744697e-05,-4.881640e-05,-5.020392e-05,-5.160938e-05,-5.303265e-05,-5.447356e-05,-5.593198e-05,-5.740774e-05,-5.890071e-05,-6.041072e-05,-6.193763e-05,-6.348128e-05,-6.504152e-05,-6.661819e-05,-6.821115e-05,-6.982024e-05,-7.144531e-05,-7.308621e-05,-7.474277e-05,-7.641485e-05,-7.810230e-05,-7.980497e-05,-8.152270e-05,-8.325534e-05,-8.500274e-05,-8.676475e-05,-8.854123e-05,-9.033201e-05,-9.213697e-05,-9.395594e-05,-9.578879e-05,-9.763536e-05,-9.949551e-05,-1.013691e-04,-1.032560e-04,-1.051560e-04,-1.070690e-04,-1.089950e-04,-1.109336e-04,-1.128848e-04,-1.148485e-04,-1.168245e-04,-1.188127e-04,-1.208129e-04,-1.228250e-04,-1.248490e-04,-1.268845e-04,-1.289316e-04,-1.309901e-04,-1.330598e-04,-1.351406e-04,-1.372325e-04,-1.393352e-04,-1.414487e-04,-1.435728e-04,-1.457075e-04,-1.478525e-04
