00000 features=788 size=22 p=2 tap=43 reset=true scheme=4 ops=2,2,0,1,0,2,1,0,1,1,3,1,3,2,1,3,3,3,0,2,3,2,1,0,1,3,1,2,1,0,1,1,3,0,1,1,3,0,3,3,3,0,2,1,1,2,1,2,2,1,0,2,3,2,0,3,0,0,0,2,1,1,0,2 ks=224,0,0,0,6,0,0,0,0,0,62,0,0,239,0,0,0,0,0,0,0,90,0,138,0,41,137,131,0,15,0,0,0,42,0,0,0,0,86,247,0,0,0,235,41,0,0,0,66,19,0,143,171,0,0,0,0,0,0,0,141,163,0,65
00001 features=1016 size=64 p=1 tap=61 reset=true scheme=4 ops=3,3,1,1,3,2,0,2,1,3,1,0,1,1,3,1,2,0,0,0,1,2,2,3,1,2,3,1,3,2,3,3,3,1,2,0,3,0,3,1,1,0,2,1,2,1,1,1,2,0,2,0,1,2,2,2,2,2,3,1,3,3,1,2 ks=82,165,238,134,255,56,197,147,164,58,193,200,231,188,129,14,60,31,96,91,154,169,23,36,50,145,111,179,193,184,81,36,106,39,119,50,94,199,233,68,162,113,103,12,60,23,148,213,154,110,131,182,149,110,9,221,87,128,219,78,152,216,153,52
00002 features=691 size=18 p=2 tap=60 reset=false scheme=4 ops=0,3,1,1,0,1,2,3,1,0,1,2,0,2,0,1,0,3,0,0,1,2,3,2,3,2,3,3,2,1,2,1,3,3,0,2,2,0,3,0,2,2,2,2,0,1,3,2,2,0,0,2,0,0,1,0,0,3,3,0,0,0,3,1 ks=0,129,134,0,0,0,0,231,0,170,0,196,210,0,166,0,0,142,224,0,0,0,0,0,0,0,0,0,0,233,0,37,0,0,250,0,0,0,0,104,0,0,0,0,0,0,0,0,202,208,0,0,0,0,0,0,0,0,130,112,0,117,0,0
00003 features=833 size=23 p=2 tap=23 reset=false scheme=5 ops=2,2,2,1,3,0,0,2,3,0,1,1,1,1,1,0,0,2,0,0,2,1,3,0,1,3,1,0,0,0,2,2,2,2,0,0,3,0,0,3,2,2,0,1,0,1,1,1,3,3,2,3,2,1,0,0,0,1,2,1,2,2,3,0 ks=148,0,0,0,0,0,0,0,213,0,0,0,71,0,0,0,0,249,0,149,11,129,133,0,51,0,249,0,175,0,0,0,0,0,136,168,67,0,0,49,0,0,0,0,0,0,0,0,119,0,4,0,216,97,23,110,0,32,0,0,0,0,120,0
00004 features=786 size=15 p=1 tap=22 reset=false scheme=2 ops=1,3,1,3,1,0,0,0,0,0,0,3,1,2,0,1,2,0,2,3,2,3,2,3,0,3,2,1,2,2,3,0,3,0,0,1,2,3,2,0,1,0,3,2,2,0,2,2,3,1,1,0,0,0,3,1,3,1,1,3,0,2,0,2 ks=0,0,0,0,221,0,0,0,0,0,0,94,0,194,211,0,0,0,0,0,0,0,0,0,0,92,0,0,0,0,0,0,0,192,0,0,123,0,0,0,36,74,250,0,0,0,0,0,59,0,0,0,183,0,0,41,0,190,198,0,0,0,0,0
00005 features=997 size=64 p=5 tap=5 reset=true scheme=1 ops=1,3,3,0,3,0,0,1,2,3,3,0,1,1,1,1,3,3,3,3,2,0,1,3,0,0,0,3,0,0,1,0,3,3,0,2,0,3,3,3,3,2,0,1,3,3,1,0,3,1,1,0,3,2,1,0,1,2,1,0,1,0,0,3 ks=223,66,102,131,124,230,187,83,4,242,86,254,45,159,153,188,27,197,56,136,209,62,235,124,34,227,142,100,87,86,155,59,114,231,90,167,66,101,64,29,182,31,107,41,125,215,222,145,221,111,20,93,174,212,111,230,120,60,49,233,189,87,106,126
00006 features=975 size=64 p=2 tap=31 reset=true scheme=5 ops=2,0,0,1,0,3,0,3,3,3,0,3,0,0,3,2,1,0,1,2,3,3,3,3,0,1,1,0,1,0,0,2,2,0,2,2,2,3,3,3,2,2,1,3,1,1,0,0,1,3,0,0,1,3,3,0,2,3,0,2,3,1,2,0 ks=231,53,41,36,160,155,128,188,138,254,101,236,136,171,138,236,130,202,184,196,88,61,97,78,123,195,63,224,226,244,18,66,47,215,140,86,224,251,207,187,211,17,7,109,58,200,161,209,2,183,158,76,71,67,13,201,29,138,165,126,30,130,220,47
00007 features=1002 size=63 p=1 tap=56 reset=true scheme=1 ops=2,1,1,0,1,1,3,3,0,1,1,0,0,0,1,2,2,3,3,2,3,2,3,1,2,3,2,3,1,2,3,1,2,2,3,2,1,2,1,3,2,0,1,3,3,3,3,3,0,3,2,3,3,3,1,3,0,0,2,1,3,0,3,2 ks=161,91,215,235,60,105,127,59,205,113,15,233,215,208,237,88,108,68,224,88,22,211,57,252,145,82,132,176,77,112,120,33,55,6,221,82,144,226,1,140,203,123,16,171,36,42,153,225,140,162,197,51,216,212,215,12,222,149,7,148,40,227,0,141
00008 features=974 size=64 p=2 tap=59 reset=false scheme=5 ops=3,3,3,1,2,3,2,3,2,2,1,0,3,0,3,2,1,3,0,0,1,2,0,0,2,2,2,0,0,1,1,3,2,0,1,2,0,3,2,0,3,3,3,1,1,1,0,1,1,2,2,2,2,2,0,2,0,2,2,2,2,0,0,0 ks=12,157,224,178,28,88,160,166,118,224,178,11,12,83,235,243,76,13,88,102,208,184,182,116,143,39,143,42,127,163,79,134,178,246,67,101,42,244,215,254,115,22,231,36,91,208,195,242,73,232,162,32,90,57,182,44,248,220,10,104,159,109,144,102
00009 features=762 size=19 p=10 tap=18 reset=true scheme=1 ops=2,1,2,3,1,3,0,2,1,3,3,1,3,3,0,0,3,2,2,0,1,3,2,2,1,0,2,2,1,3,3,3,1,1,1,3,3,1,2,0,0,0,3,0,1,2,1,0,0,2,0,1,2,2,1,1,0,1,2,1,3,1,3,1 ks=0,0,60,0,0,0,65,0,0,30,0,196,0,0,0,0,102,128,0,191,0,228,35,0,0,0,27,0,0,217,157,0,0,47,0,0,0,96,0,0,0,0,0,0,0,0,0,139,0,187,183,0,0,0,0,0,50,0,0,0,0,179,0,0
00010 features=584 size=20 p=10 tap=16 reset=false scheme=3 ops=3,3,3,3,2,2,2,2,1,3,1,1,3,3,2,2,2,2,3,2,1,3,2,3,0,0,2,0,1,0,1,0,1,1,0,0,0,3,0,3,2,3,3,2,1,0,3,1,3,3,1,1,3,1,2,0,2,3,1,1,0,0,1,0 ks=71,0,0,187,0,0,0,201,0,0,0,0,0,0,74,0,130,0,176,0,10,0,0,0,0,0,0,71,0,0,0,0,0,143,0,0,224,233,0,0,0,0,8,0,0,0,0,3,80,169,0,0,0,0,170,0,0,197,156,0,108,142,0,0
00011 features=995 size=64 p=1 tap=25 reset=false scheme=5 ops=1,2,0,3,2,2,3,3,1,2,0,2,0,2,3,2,0,3,3,2,2,1,0,3,2,0,1,0,3,3,0,3,3,0,1,1,2,2,1,1,0,1,1,1,2,2,3,1,3,1,3,0,1,1,2,2,2,3,0,3,3,0,2,2 ks=75,36,206,120,156,68,148,204,200,194,177,195,27,12,173,29,204,236,106,127,106,183,204,175,233,237,249,124,245,73,155,150,167,36,160,145,242,152,16,100,153,130,252,35,11,214,32,70,125,125,199,90,100,38,222,133,54,147,222,218,201,198,119,30
00012 features=827 size=42 p=10 tap=22 reset=true scheme=3 ops=3,1,1,2,0,0,0,2,3,3,3,0,2,1,0,1,1,0,2,2,2,3,2,2,0,2,3,1,1,2,1,0,0,0,3,3,3,3,0,1,3,3,0,1,1,1,3,1,0,0,0,1,3,0,2,0,3,3,2,1,3,3,3,0 ks=22,179,1,222,0,127,0,0,173,120,0,112,36,54,198,17,112,212,212,96,0,0,0,188,0,0,0,0,200,35,111,0,102,183,222,216,245,45,253,0,0,151,0,55,78,0,187,229,52,201,0,191,159,37,45,0,0,109,0,168,194,0,46,0
00013 features=772 size=26 p=5 tap=4 reset=true scheme=5 ops=2,2,3,0,2,0,0,3,1,0,0,2,1,2,0,3,0,2,0,0,2,2,1,3,0,2,1,1,2,3,2,0,3,0,3,3,3,2,1,3,1,1,1,0,1,0,1,2,1,3,1,1,0,1,0,1,0,2,3,2,2,0,2,3 ks=32,0,0,115,183,0,180,33,0,0,0,194,0,139,0,83,59,160,0,237,0,0,108,0,61,0,0,0,219,0,56,6,0,0,193,0,0,188,0,0,0,0,111,0,0,0,0,0,0,45,0,0,167,0,4,140,0,0,0,249,0,200,105,0
00014 features=856 size=25 p=2 tap=40 reset=true scheme=4 ops=3,3,0,1,2,3,1,3,1,0,0,3,0,0,2,1,3,1,0,1,0,3,0,0,0,0,0,2,2,3,2,0,1,0,2,3,3,2,0,3,2,1,3,1,2,1,3,3,2,2,1,3,1,3,0,3,3,3,0,1,1,3,0,0 ks=98,87,218,235,20,254,0,0,0,141,199,0,0,221,0,0,0,0,0,64,0,62,99,0,223,0,138,209,0,0,0,139,0,0,176,0,0,0,0,0,0,184,0,50,0,130,0,0,0,0,233,0,0,0,95,0,215,0,0,0,0,78,39,0
00015 features=774 size=22 p=1 tap=0 reset=false scheme=4 ops=2,1,1,0,1,0,3,3,2,1,3,0,1,1,1,0,2,0,3,3,0,3,1,0,0,0,3,3,1,3,2,3,2,2,2,3,3,3,0,2,0,0,3,0,3,0,1,3,0,0,2,1,3,2,1,3,3,2,1,2,1,1,0,3 ks=0,158,0,0,0,0,0,0,0,221,0,0,0,0,117,63,152,0,0,0,0,188,0,0,0,167,0,59,0,0,0,0,71,0,182,219,0,0,0,0,17,0,81,0,0,146,179,0,0,218,0,0,0,21,0,91,0,173,209,77,0,0,0,115
00016 features=762 size=22 p=5 tap=28 reset=true scheme=3 ops=3,3,2,3,2,3,1,1,0,1,1,0,2,2,1,2,0,2,0,2,0,0,0,3,1,0,3,2,0,2,3,2,1,3,1,0,1,0,1,1,2,3,2,3,3,1,3,3,0,3,0,3,3,3,0,3,1,2,0,3,2,0,2,0 ks=152,0,0,0,167,211,0,110,0,109,210,0,0,26,0,225,1,0,0,0,0,26,52,0,0,18,0,12,181,0,63,0,253,0,0,0,0,0,0,141,0,0,0,0,82,0,0,0,53,0,0,19,0,245,0,0,0,0,0,0,0,0,0,241
00017 features=975 size=64 p=5 tap=62 reset=false scheme=2 ops=2,1,1,1,0,0,3,0,1,1,3,3,3,0,2,3,2,2,0,1,3,3,0,3,0,1,1,2,1,1,3,0,1,0,3,3,3,0,0,1,2,0,0,0,1,1,2,3,0,3,3,3,2,2,0,2,3,3,0,2,3,0,0,2 ks=171,69,64,145,12,58,93,239,166,42,22,132,66,86,20,128,67,244,219,254,209,142,189,65,80,108,149,197,235,200,83,104,81,212,166,182,55,160,138,11,183,44,210,217,141,101,2,154,46,95,67,169,132,4,202,99,193,69,238,36,232,54,152,210
00018 features=823 size=21 p=1 tap=22 reset=true scheme=1 ops=0,0,1,1,3,0,2,3,1,0,2,0,2,2,2,3,1,2,2,0,0,0,3,1,1,2,3,3,1,0,1,0,1,0,1,0,1,1,3,3,2,2,0,2,0,3,3,3,2,2,2,2,3,2,1,0,2,1,2,0,0,3,0,1 ks=0,39,0,225,0,0,0,0,0,0,202,18,139,0,177,162,189,0,43,0,231,39,108,0,171,203,0,0,0,0,0,225,0,0,0,0,149,0,0,0,0,0,0,0,0,0,0,0,253,158,0,0,236,180,0,0,0,0,0,11,0,0,0,0
00019 features=937 size=41 p=5 tap=49 reset=true scheme=2 ops=1,2,2,3,2,2,1,1,3,1,3,0,1,0,1,2,2,0,0,3,0,1,3,0,2,0,1,2,1,1,3,3,3,1,2,0,1,3,0,1,2,2,2,3,3,3,0,2,0,0,0,1,0,0,2,2,0,1,2,0,1,2,2,2 ks=251,0,0,35,4,150,164,249,70,170,0,45,77,76,161,0,166,0,202,0,0,180,168,108,61,161,0,9,59,3,127,0,0,74,255,0,0,212,159,161,0,44,138,3,0,0,0,0,0,122,0,0,66,112,0,146,0,144,139,186,245,168,0,150
00020 features=930 size=46 p=2 tap=53 reset=true scheme=5 ops=1,2,3,3,1,0,0,1,0,0,1,1,1,2,2,3,2,3,2,2,2,2,1,0,3,2,2,3,3,0,3,1,2,1,3,0,1,2,2,0,1,0,1,1,1,3,3,1,0,2,0,3,1,0,3,0,3,1,1,3,2,2,1,0 ks=58,0,191,163,0,52,92,8,224,15,27,55,128,199,12,0,3,0,151,200,0,244,36,11,110,0,0,51,62,181,74,0,0,0,94,225,94,0,50,128,55,0,32,40,0,0,60,146,0,48,71,237,163,76,0,231,24,209,0,174,0,238,245,121
00021 features=848 size=41 p=1 tap=46 reset=true scheme=1 ops=1,2,3,2,2,0,1,3,3,2,0,3,3,1,1,1,1,0,2,0,3,0,3,2,3,1,3,1,1,2,3,0,2,3,1,3,3,0,3,1,1,2,3,3,0,1,0,0,1,0,1,1,2,1,1,1,1,2,2,1,0,0,2,3 ks=67,87,44,106,0,30,162,185,48,0,114,213,0,0,0,211,142,239,222,138,0,243,0,245,62,83,128,113,0,0,17,0,0,0,0,0,172,148,104,0,243,0,104,104,0,170,116,108,185,178,165,0,0,84,5,242,208,0,97,0,19,0,194,0
00022 features=654 size=17 p=10 tap=54 reset=true scheme=3 ops=3,1,2,1,2,1,1,2,3,2,1,3,3,1,1,3,2,2,3,1,0,2,0,2,1,1,3,2,2,3,0,0,2,3,2,1,2,3,1,0,1,3,1,0,0,3,1,1,3,1,1,3,0,0,3,2,2,3,3,2,0,1,1,1 ks=0,0,0,0,0,0,0,0,0,0,0,0,151,0,0,0,89,215,0,0,0,42,0,0,99,175,0,0,0,0,190,0,207,0,243,0,0,0,64,140,0,0,0,0,0,140,0,0,0,0,84,0,202,214,0,0,0,0,0,0,0,0,229,70
00023 features=874 size=42 p=10 tap=62 reset=false scheme=0 ops=1,0,1,3,3,1,2,1,2,3,2,2,2,0,2,0,2,2,1,2,3,0,3,3,3,2,1,3,1,1,2,2,0,1,0,0,2,2,3,1,0,3,2,2,3,2,1,3,3,0,2,2,3,3,2,0,0,1,3,1,3,3,0,2 ks=198,131,0,0,17,171,0,247,66,48,0,163,0,155,4,0,199,63,74,131,0,0,224,0,0,0,234,161,3,229,5,225,63,102,218,202,3,0,125,163,0,0,0,231,62,3,0,132,139,254,186,0,0,0,113,186,0,13,165,217,247,0,0,246
00024 features=700 size=24 p=10 tap=22 reset=false scheme=4 ops=1,0,2,1,2,3,1,2,1,0,1,2,1,2,1,3,1,3,2,1,1,2,3,0,3,2,0,0,3,0,0,1,0,0,0,3,0,3,3,1,1,3,3,1,0,2,3,2,3,1,2,0,0,0,2,1,2,0,0,0,3,1,0,3 ks=0,166,0,0,0,0,193,81,0,26,236,0,0,159,52,0,0,0,0,227,0,0,72,246,0,0,7,174,0,43,0,0,0,0,0,142,0,0,122,0,0,0,101,0,232,0,110,72,0,0,0,0,44,0,200,0,0,0,65,21,0,0,0,238
00025 features=995 size=64 p=5 tap=9 reset=false scheme=0 ops=3,3,2,2,3,3,2,2,3,3,0,1,3,0,2,0,1,3,2,2,2,3,3,3,0,1,2,1,3,0,3,2,1,0,3,3,1,2,3,1,3,2,3,3,3,1,1,0,0,0,3,2,0,2,2,0,1,1,0,1,3,0,3,1 ks=210,186,190,18,36,23,129,42,15,213,219,135,111,109,158,203,240,1,170,165,194,114,175,234,128,13,219,65,160,5,104,179,135,231,195,217,32,140,57,106,129,111,206,219,241,16,153,136,101,20,178,20,84,64,52,220,166,78,229,68,121,21,73,86
00026 features=813 size=35 p=5 tap=5 reset=false scheme=3 ops=0,0,0,3,1,3,3,2,3,1,2,3,1,3,0,2,3,0,0,1,0,2,2,3,0,1,0,2,1,0,3,0,1,3,3,2,3,0,3,0,3,3,2,3,2,0,2,3,3,2,2,3,3,0,1,2,1,0,3,0,1,3,2,0 ks=92,0,0,0,0,0,62,0,239,0,0,0,254,77,42,184,138,221,69,133,0,190,0,39,0,129,121,0,0,0,0,250,0,61,140,116,0,0,29,0,0,3,42,203,113,93,37,106,192,0,0,0,0,0,0,48,133,0,0,81,59,231,60,73
00027 features=838 size=32 p=2 tap=16 reset=false scheme=2 ops=3,1,3,2,1,0,3,2,0,3,2,0,3,1,3,3,3,3,2,2,1,0,2,2,1,3,0,3,2,1,1,2,1,2,0,0,0,0,2,3,0,3,3,1,2,1,0,3,2,1,0,1,2,3,0,2,2,0,1,0,2,0,3,1 ks=0,0,0,144,0,57,1,24,242,250,131,0,0,0,0,0,53,0,0,225,0,245,0,81,150,0,0,0,0,115,0,0,85,187,43,80,77,0,116,173,137,123,206,159,0,171,238,43,0,0,0,224,0,0,106,0,0,142,201,0,4,0,0,0
00028 features=900 size=63 p=10 tap=48 reset=true scheme=3 ops=1,2,0,2,1,0,1,3,3,0,1,1,2,2,1,0,1,1,1,3,0,2,3,0,0,3,2,0,2,0,0,1,1,2,3,3,0,1,2,3,1,2,0,3,3,1,2,2,0,1,0,0,0,1,1,2,3,1,0,2,0,0,1,0 ks=214,82,253,189,48,119,250,198,161,134,185,195,106,189,160,81,234,248,216,167,183,161,9,106,250,212,140,67,125,2,196,155,163,182,40,56,191,59,6,6,245,247,206,143,32,0,80,105,134,120,133,128,222,28,111,244,35,163,65,68,130,178,137,156
00029 features=957 size=63 p=10 tap=37 reset=true scheme=3 ops=1,1,3,0,0,3,0,0,1,1,1,2,3,3,1,0,1,2,3,2,0,2,2,3,1,2,2,3,1,1,0,1,1,0,2,1,2,3,1,0,0,1,1,3,3,3,2,0,0,3,1,0,3,1,1,2,3,2,3,3,2,2,3,3 ks=68,49,96,98,75,204,186,158,143,235,41,246,141,166,138,110,66,145,118,165,16,11,76,221,175,53,0,7,250,225,41,236,104,115,19,40,142,142,2,113,201,229,194,125,230,237,158,47,139,161,79,200,69,204,171,135,180,12,235,151,19,252,71,141
00030 features=784 size=16 p=2 tap=55 reset=true scheme=3 ops=1,2,0,3,2,2,3,3,1,3,0,1,0,1,0,3,2,1,2,3,3,0,0,0,1,3,1,2,3,2,3,0,0,2,1,0,1,0,3,0,2,3,3,3,1,3,0,2,2,1,3,0,2,0,1,3,1,0,2,3,1,3,3,2 ks=0,196,72,77,0,0,0,0,76,0,0,0,201,0,0,165,0,0,0,0,0,213,0,0,0,70,76,0,0,0,0,66,0,118,150,0,0,103,0,0,0,0,0,236,0,132,0,0,0,0,0,0,0,0,0,0,0,0,244,0,0,0,0,0
00031 features=831 size=46 p=10 tap=17 reset=false scheme=4 ops=1,1,0,1,3,1,2,3,2,2,0,1,3,0,3,0,0,3,3,1,2,2,2,1,1,3,3,1,3,1,3,0,0,1,1,3,2,0,0,3,1,2,3,1,2,1,1,2,3,0,3,1,0,2,2,3,0,3,2,2,0,3,2,0 ks=233,169,241,0,196,226,72,0,0,103,0,126,119,234,155,0,84,76,131,0,74,234,197,0,35,200,0,52,116,6,59,30,153,191,0,115,107,0,167,172,0,200,115,189,91,0,34,0,94,0,190,0,153,211,0,0,201,220,181,32,77,53,0,125
00032 features=913 size=46 p=2 tap=34 reset=true scheme=5 ops=1,1,3,0,0,1,3,3,3,0,1,3,1,0,0,0,1,2,1,1,2,0,0,2,2,1,3,1,2,0,0,2,2,3,2,0,0,3,0,0,3,3,2,3,3,2,0,1,3,3,2,3,2,0,2,2,3,2,1,0,0,1,2,1 ks=195,210,0,101,198,43,128,90,0,254,0,4,0,119,177,0,139,201,175,0,176,187,0,10,0,134,104,250,0,0,212,0,202,0,68,108,0,215,218,187,223,63,0,242,14,188,25,150,246,170,0,0,117,0,32,252,115,160,190,0,180,149,162,180
00033 features=970 size=63 p=2 tap=46 reset=true scheme=3 ops=2,0,1,0,1,0,2,2,2,0,0,0,0,2,1,1,2,1,1,3,1,3,3,0,1,0,3,1,1,2,2,2,0,0,3,1,3,2,2,0,3,1,3,1,2,2,0,0,3,1,1,3,3,1,1,3,2,2,1,1,1,2,2,2 ks=104,241,73,155,23,76,52,11,198,208,60,160,140,191,138,249,222,87,139,113,233,190,100,246,68,196,78,228,66,113,201,180,233,186,168,22,169,248,205,64,104,47,185,151,79,227,0,48,16,187,231,167,245,187,84,17,112,152,33,26,145,49,144,42
00034 features=686 size=25 p=1 tap=10 reset=false scheme=0 ops=3,2,0,0,3,3,3,1,0,1,3,3,3,3,1,1,2,2,2,3,0,3,3,2,1,3,1,1,3,0,0,2,3,3,2,0,1,2,1,2,3,3,0,0,2,2,3,1,0,2,3,2,3,0,1,3,1,2,3,2,2,2,2,0 ks=0,250,201,0,95,107,153,0,0,0,56,0,237,0,0,181,0,0,211,0,0,181,0,0,0,0,0,199,8,0,7,0,0,121,0,0,125,0,28,0,0,0,0,219,0,158,237,0,140,0,0,0,100,158,0,0,48,0,103,0,72,0,0,0
00035 features=1010 size=64 p=5 tap=43 reset=true scheme=4 ops=3,3,1,1,0,2,0,1,1,1,3,2,3,2,0,3,2,2,1,0,0,2,0,2,3,0,0,2,3,1,0,1,2,0,0,1,0,2,2,3,1,1,2,3,2,3,3,1,3,0,0,1,1,1,2,3,0,0,2,0,2,2,0,3 ks=141,49,231,8,203,194,3,151,152,249,104,252,192,149,142,75,234,218,145,198,167,70,99,216,241,185,23,171,139,182,38,81,187,188,42,168,169,174,60,198,88,177,221,24,92,140,155,127,96,203,153,220,30,140,54,254,165,78,22,110,136,29,159,14
00036 features=723 size=38 p=1 tap=20 reset=false scheme=1 ops=2,3,3,3,1,0,1,2,2,0,2,0,1,1,0,2,0,3,3,0,3,1,2,0,3,1,1,3,1,2,1,0,3,2,0,1,0,3,2,1,3,1,0,2,1,2,3,0,1,3,0,3,2,1,3,3,2,0,1,3,0,1,2,0 ks=69,141,0,180,0,246,149,140,2,21,51,0,78,130,0,32,255,0,0,216,151,196,81,191,171,0,153,0,0,9,0,0,0,0,249,15,222,141,215,0,10,0,111,245,0,188,0,0,241,0,119,0,0,0,5,0,0,0,0,63,194,248,220,181
00037 features=903 size=46 p=10 tap=58 reset=true scheme=3 ops=1,0,2,1,0,3,2,3,0,0,2,0,2,0,2,3,0,3,2,1,1,2,1,2,1,0,2,3,3,3,2,1,2,3,1,0,1,3,3,1,0,0,2,2,1,1,0,0,3,1,0,2,0,1,2,0,1,1,3,0,3,1,1,0 ks=0,38,54,147,224,234,15,197,189,146,0,0,0,0,0,240,78,69,0,228,236,87,202,141,20,31,148,21,234,0,0,135,149,43,0,90,235,61,0,0,0,83,0,46,101,0,0,0,227,153,158,168,106,121,232,217,30,95,50,98,169,205,86,0
00038 features=811 size=16 p=1 tap=46 reset=true scheme=4 ops=0,2,0,2,0,2,1,2,1,1,2,3,2,3,2,2,3,1,3,1,0,2,2,3,2,0,2,1,0,1,3,2,3,3,1,1,2,1,3,1,0,3,0,0,1,3,0,0,1,2,3,1,0,3,1,3,2,2,1,3,1,1,1,0 ks=0,0,0,0,0,0,0,0,0,0,0,0,46,0,0,188,0,0,233,0,0,0,0,0,0,0,0,0,0,0,0,0,0,0,252,0,46,123,0,128,0,0,0,0,0,0,184,0,0,0,114,0,0,0,0,128,143,181,0,193,190,123,0,51
00039 features=761 size=26 p=10 tap=5 reset=false scheme=1 ops=0,2,2,1,0,3,0,2,1,3,1,2,0,2,0,0,0,0,1,2,1,3,1,2,0,0,3,0,2,0,2,3,3,3,3,2,1,2,0,0,0,2,1,3,3,1,1,2,0,3,3,0,3,2,2,0,1,1,0,3,0,2,3,2 ks=0,27,0,216,208,194,34,0,0,0,62,0,100,166,216,0,0,0,0,0,29,15,54,17,0,0,62,0,113,0,0,27,0,25,89,0,0,0,0,0,0,0,140,0,0,166,0,0,247,0,0,0,204,205,0,0,0,0,185,0,0,74,0,3
00040 features=558 size=19 p=5 tap=43 reset=false scheme=0 ops=1,2,0,0,2,0,0,3,3,1,0,2,0,1,2,2,3,1,0,1,2,3,3,0,1,0,3,1,3,3,2,1,3,0,2,0,0,3,2,3,3,2,2,3,1,3,1,0,3,2,1,1,2,2,0,0,0,1,1,1,1,1,1,0 ks=0,0,0,0,0,0,0,0,219,0,32,0,0,0,0,26,240,0,144,0,0,207,0,56,0,136,132,0,0,0,0,0,0,73,0,134,0,0,0,0,0,0,247,225,0,167,0,0,206,0,0,0,0,112,147,0,0,0,181,0,0,95,0,0
00041 features=807 size=24 p=1 tap=47 reset=true scheme=0 ops=2,3,3,3,0,2,2,2,2,1,3,0,3,0,1,2,3,0,2,3,1,3,0,0,2,1,2,1,1,1,3,3,2,2,1,3,0,1,0,1,1,3,1,3,1,0,3,1,2,1,2,0,3,0,2,2,0,0,1,0,3,2,3,0 ks=17,0,48,0,129,197,95,200,0,0,0,252,0,0,0,55,0,0,0,61,197,0,53,0,178,255,0,0,0,58,209,22,45,176,0,0,0,0,0,0,0,159,0,0,25,0,0,44,40,0,0,0,0,0,61,0,0,0,0,139,0,0,0,0
00042 features=942 size=46 p=5 tap=37 reset=true scheme=5 ops=0,1,0,2,3,2,2,3,2,0,1,3,3,1,3,2,0,2,0,1,2,2,2,2,2,2,0,2,0,0,1,1,0,1,2,3,2,3,0,0,2,2,0,3,1,0,3,0,2,3,3,0,3,1,3,3,2,1,2,1,1,0,3,2 ks=92,33,230,147,84,55,157,0,59,51,0,0,128,246,178,231,252,247,0,173,49,204,0,239,11,93,225,83,0,139,70,29,135,0,0,0,77,44,0,224,24,70,0,15,3,182,0,0,36,119,0,164,0,237,0,130,43,166,199,14,68,0,36,0
00043 features=957 size=64 p=5 tap=47 reset=true scheme=3 ops=1,2,0,2,1,2,1,2,2,2,0,1,2,3,1,0,0,2,2,1,3,3,1,0,0,3,0,3,0,2,0,2,1,1,0,3,0,3,3,1,3,2,1,1,2,2,0,3,2,2,3,3,3,3,1,0,1,0,1,0,2,0,2,1 ks=155,57,87,79,144,225,135,18,8,214,42,230,14,177,176,4,74,189,198,200,40,137,2,109,34,131,216,209,36,93,221,135,42,137,7,215,4,18,198,216,104,112,96,147,240,3,145,230,42,238,26,87,163,203,255,169,218,94,133,239,233,196,24,196
00044 features=926 size=64 p=10 tap=17 reset=true scheme=3 ops=2,1,2,1,3,3,3,0,1,0,2,1,2,1,2,3,3,1,0,2,1,3,1,1,3,0,0,0,1,2,1,1,1,3,1,2,0,3,2,3,2,0,0,3,3,1,2,1,2,0,3,1,2,2,3,1,3,0,2,0,2,0,0,3 ks=158,250,96,91,120,65,249,85,97,90,114,3,119,43,185,101,147,209,99,245,164,133,230,171,235,10,207,191,16,255,117,190,109,149,62,134,73,172,245,78,240,243,15,62,162,100,228,236,158,163,101,216,188,6,188,221,26,192,8,80,78,189,247,246
00045 features=944 size=64 p=2 tap=5 reset=true scheme=3 ops=0,3,0,3,1,0,2,1,0,0,2,1,2,2,0,0,1,2,0,3,0,2,3,0,1,3,3,2,0,3,2,2,0,3,1,3,0,1,1,0,3,3,0,3,3,1,3,2,3,0,3,1,1,3,3,3,1,3,1,3,1,0,0,0 ks=19,93,148,37,247,165,238,185,83,11,90,54,170,213,85,114,188,176,242,192,184,95,91,136,134,72,55,229,81,106,30,103,147,94,126,134,218,206,54,50,35,59,247,45,217,176,103,170,36,157,208,67,164,184,181,230,5,50,26,169,53,151,247,232
00046 features=945 size=64 p=5 tap=25 reset=true scheme=3 ops=0,2,3,2,0,1,0,1,2,2,2,2,0,3,2,3,1,3,3,1,0,1,3,1,1,3,0,3,0,1,1,3,0,0,2,0,3,3,2,0,1,1,3,2,3,1,2,1,1,0,0,1,1,0,0,3,2,1,0,0,2,0,2,1 ks=217,193,122,144,252,14,141,165,44,15,113,249,238,131,22,137,103,53,22,57,191,90,27,165,26,223,104,230,95,231,96,118,148,240,100,53,3,248,250,157,21,69,100,112,126,40,142,72,127,168,247,233,180,12,129,118,238,237,75,11,214,24,205,48
00047 features=797 size=17 p=10 tap=22 reset=true scheme=5 ops=0,1,1,3,3,1,0,2,1,2,1,1,1,0,3,1,0,0,2,1,3,1,3,3,2,0,3,1,2,3,0,0,2,0,3,2,2,3,1,1,3,1,3,2,3,2,2,1,0,0,1,2,2,2,3,3,3,1,3,3,3,0,0,1 ks=167,0,0,0,0,113,0,0,0,134,0,0,0,0,0,34,0,0,0,10,0,88,0,0,128,91,222,0,0,0,0,73,0,0,0,0,247,38,175,0,0,0,0,0,0,79,0,0,0,0,0,0,0,0,0,0,0,181,0,179,0,0,212,0
00048 features=967 size=41 p=1 tap=8 reset=true scheme=5 ops=0,1,2,2,2,1,2,3,1,0,2,1,0,0,1,1,0,0,1,1,2,1,1,2,0,3,1,3,2,0,0,2,1,0,2,3,2,0,0,2,3,2,0,1,3,2,3,3,0,3,0,3,3,2,3,0,1,1,3,2,0,0,0,0 ks=156,65,70,5,13,82,78,0,167,66,61,0,0,0,126,201,124,172,184,0,0,171,148,0,207,15,232,0,70,0,0,216,87,252,205,0,205,155,133,0,0,0,0,172,0,90,162,0,72,0,0,100,225,123,160,0,91,185,0,0,134,0,123,108
00049 features=877 size=42 p=1 tap=12 reset=true scheme=4 ops=2,0,3,3,3,0,1,1,3,2,1,1,3,3,0,1,3,0,1,0,3,3,0,3,1,0,0,0,3,1,1,3,3,3,2,1,3,1,0,2,2,2,2,2,0,1,2,2,0,0,0,2,0,1,1,1,3,2,1,0,3,3,3,0 ks=0,161,207,0,25,79,204,156,206,174,0,211,0,0,0,56,135,203,198,204,29,0,0,68,229,0,37,0,24,0,0,69,0,249,8,0,141,128,215,69,252,174,5,123,143,175,149,188,0,0,30,119,55,0,0,0,12,0,0,0,121,124,231,39
00050 features=789 size=40 p=2 tap=35 reset=true scheme=3 ops=2,1,1,3,3,2,3,1,0,1,3,1,1,0,0,2,3,1,3,0,1,0,3,1,3,2,1,1,3,3,0,1,2,1,1,3,0,3,1,3,3,3,2,0,1,1,2,2,2,0,0,1,0,3,0,1,1,3,3,0,3,1,2,1 ks=194,0,209,250,28,231,130,169,114,74,51,0,0,0,236,0,171,117,0,242,22,0,0,231,0,32,149,90,0,217,225,42,235,0,87,24,40,0,0,99,0,0,0,0,122,0,128,109,0,227,70,0,0,0,4,13,176,8,199,0,147,0,152,17
00051 features=960 size=64 p=5 tap=37 reset=true scheme=3 ops=0,3,3,1,2,1,0,2,2,1,3,3,3,0,3,2,1,1,3,1,1,3,1,3,2,0,0,3,3,3,2,3,1,1,3,0,1,3,3,2,1,3,3,2,0,1,1,1,0,0,3,2,0,0,3,3,1,2,3,1,3,3,3,3 ks=167,184,235,211,153,170,114,165,176,233,113,67,238,150,117,39,196,108,182,132,103,14,168,79,68,246,202,80,246,185,249,88,211,192,244,193,19,21,7,177,202,201,16,146,110,148,37,169,63,186,148,152,186,58,181,112,48,194,153,8,73,171,91,225
00052 features=841 size=19 p=10 tap=34 reset=true scheme=2 ops=2,3,0,3,0,3,0,2,1,1,1,1,3,2,3,1,3,2,0,0,3,1,2,0,3,3,1,1,0,0,1,2,2,3,2,1,0,0,2,3,2,0,3,2,3,3,1,0,1,3,0,2,3,0,0,0,3,2,3,1,0,2,1,0 ks=0,0,0,250,211,0,67,0,209,0,8,14,0,0,0,0,28,0,11,0,0,217,0,0,0,0,0,63,165,151,0,68,0,0,0,0,81,0,0,107,0,0,0,0,0,0,42,0,0,201,0,154,0,0,0,0,0,0,0,0,0,0,0,40
00053 features=692 size=17 p=10 tap=23 reset=false scheme=5 ops=2,1,2,1,1,3,2,0,0,1,0,2,2,0,3,3,2,0,0,0,3,2,3,3,2,2,1,1,2,2,0,2,0,2,2,3,3,3,3,2,0,2,0,0,3,3,0,2,3,3,2,0,2,1,2,3,1,1,1,1,3,2,3,1 ks=0,10,48,0,0,0,0,205,0,206,0,215,0,0,91,0,0,0,0,0,0,0,0,105,197,0,0,0,0,161,0,109,0,0,0,0,0,0,0,9,0,0,0,160,0,15,0,149,0,0,0,0,0,0,0,3,0,0,0,0,57,0,191,0
00054 features=971 size=63 p=2 tap=2 reset=false scheme=2 ops=1,3,3,2,0,0,1,1,0,1,1,0,3,3,0,2,0,0,0,2,3,2,0,0,0,0,0,1,0,2,3,2,1,1,3,1,0,2,3,1,2,0,2,1,1,1,0,0,3,1,0,0,2,3,0,3,2,1,1,3,3,3,3,1 ks=243,23,251,8,92,49,134,0,91,235,229,128,215,24,243,195,8,142,35,1,29,104,203,253,254,98,50,11,76,206,76,253,202,6,45,208,218,38,8,34,153,73,110,178,186,77,210,167,222,143,42,104,79,37,209,232,46,64,58,192,145,118,214,231
00055 features=999 size=64 p=10 tap=28 reset=true scheme=2 ops=1,0,3,0,0,3,0,1,0,3,1,0,1,0,0,1,0,3,0,3,0,3,3,0,0,1,3,1,3,3,3,1,0,1,1,0,1,1,3,0,0,2,1,1,1,1,0,2,3,2,0,2,2,0,1,2,3,1,1,2,1,3,3,0 ks=49,75,85,46,135,190,61,186,121,159,201,51,126,39,80,131,218,59,212,111,26,79,59,55,246,196,204,25,206,165,113,236,176,128,232,57,44,65,215,201,194,194,83,6,155,140,91,171,202,182,129,41,43,22,193,154,200,37,63,90,68,93,220,231
00056 features=839 size=39 p=2 tap=23 reset=true scheme=4 ops=0,2,2,1,0,1,1,2,0,2,0,0,3,0,1,2,2,1,3,3,3,3,3,2,3,1,3,2,1,0,1,1,3,3,1,0,2,3,2,3,3,3,2,1,0,1,1,2,2,1,3,0,0,0,1,2,0,2,2,0,0,1,1,2 ks=42,13,0,0,227,43,0,183,213,0,14,249,232,0,172,156,0,6,6,204,158,154,0,0,0,0,0,199,0,0,17,0,238,100,0,39,34,56,0,0,235,0,19,32,0,0,0,215,76,30,221,140,0,1,0,0,232,106,23,107,188,0,162,126
00057 features=884 size=40 p=1 tap=54 reset=true scheme=5 ops=3,1,0,1,1,2,2,2,2,0,3,0,0,0,2,2,1,3,3,1,1,0,2,3,3,0,1,3,0,0,1,3,2,2,2,3,0,2,2,0,1,3,2,3,0,0,1,1,0,1,3,3,2,3,3,2,1,1,0,3,1,2,1,1 ks=0,0,132,145,0,240,24,12,42,0,4,0,32,128,225,114,85,0,0,54,220,0,0,127,79,215,161,2,39,186,122,0,4,186,222,0,0,0,0,210,123,0,137,0,0,0,37,0,59,0,10,186,73,242,0,30,3,167,229,0,197,0,0,132
00058 features=704 size=15 p=5 tap=8 reset=true scheme=1 ops=1,2,2,0,3,1,1,3,1,3,2,2,0,0,1,3,1,1,3,1,2,0,1,0,1,1,2,0,3,1,1,3,3,1,0,1,3,0,0,0,3,0,1,1,2,2,1,0,1,1,0,2,3,3,0,2,0,0,1,1,1,2,3,1 ks=0,0,0,179,0,0,0,188,0,0,0,0,0,0,0,30,0,0,0,0,237,4,26,0,0,0,244,0,0,0,0,81,0,0,122,0,0,0,211,0,0,65,0,199,0,0,0,0,0,0,0,0,0,0,203,0,0,124,0,0,164,0,0,0
00059 features=915 size=39 p=5 tap=45 reset=true scheme=2 ops=1,2,0,1,0,2,1,3,1,0,1,1,1,0,2,3,2,2,3,3,0,2,2,3,0,1,0,0,1,2,3,1,2,3,0,1,1,2,2,2,1,0,3,2,3,3,2,2,1,3,0,0,2,0,0,0,1,2,3,1,3,1,3,2 ks=102,114,118,57,0,0,78,0,35,0,3,0,59,234,240,0,0,88,225,141,152,0,81,0,0,0,151,196,212,113,88,28,0,112,107,34,0,253,0,0,178,210,83,198,233,0,238,0,0,0,0,0,177,154,0,0,26,201,0,159,184,249,0,56
00060 features=875 size=43 p=2 tap=41 reset=true scheme=3 ops=3,3,3,3,3,2,0,0,0,2,0,2,0,2,1,2,3,2,3,3,1,3,0,1,0,0,3,3,3,1,3,3,0,0,0,0,2,2,1,1,2,1,0,1,0,2,2,0,1,2,2,1,3,2,0,3,2,2,2,1,2,1,3,3 ks=110,0,0,253,0,61,22,216,0,0,162,15,0,247,0,207,55,129,178,61,143,246,243,216,43,0,0,100,39,44,0,0,104,233,207,235,4,165,181,96,0,88,0,0,152,0,188,0,0,0,0,94,138,249,180,160,128,196,0,45,0,177,215,106
00061 features=934 size=63 p=5 tap=23 reset=true scheme=3 ops=0,2,2,3,1,1,3,0,0,1,3,1,3,2,2,3,3,3,2,0,2,1,3,1,1,2,2,1,0,3,1,1,1,2,0,2,0,1,1,2,0,1,0,3,3,3,1,0,3,2,1,2,2,0,0,2,2,3,2,3,0,2,0,0 ks=192,151,159,61,0,67,39,197,233,232,113,146,7,143,14,207,47,171,48,236,25,246,229,97,46,88,226,53,109,170,22,61,11,241,148,69,133,89,98,134,107,33,109,115,154,80,140,160,167,221,1,50,209,34,47,115,174,24,43,92,16,89,39,85
00062 features=654 size=31 p=10 tap=38 reset=false scheme=1 ops=1,1,1,2,2,0,3,3,3,2,0,1,2,3,0,1,3,1,1,3,0,2,0,2,1,1,0,1,3,2,3,0,0,3,3,1,3,1,0,0,2,2,1,3,3,2,0,3,2,0,3,1,2,1,3,3,2,1,1,1,0,0,0,0 ks=0,158,0,0,0,242,0,251,0,0,172,167,27,0,249,0,175,0,0,0,192,0,108,0,2,0,0,97,0,0,47,188,92,0,0,0,125,253,0,111,119,186,178,0,55,0,0,0,0,190,0,0,0,131,35,0,0,0,59,107,178,32,165,164
00063 features=918 size=42 p=10 tap=20 reset=false scheme=5 ops=2,2,3,3,0,3,0,0,1,0,0,1,0,2,3,0,2,1,2,2,3,2,1,1,0,2,0,3,2,1,3,1,1,2,3,2,3,3,3,3,1,1,2,2,0,2,0,2,3,0,3,1,2,2,1,0,3,1,2,1,2,2,2,2 ks=40,0,0,240,158,233,0,70,0,145,18,79,0,0,70,172,97,29,0,0,154,134,253,0,66,0,232,26,174,190,126,21,17,0,184,203,0,0,0,254,226,7,57,207,0,0,46,228,0,0,0,106,138,0,90,0,105,160,205,161,233,171,180,0
00064 features=811 size=47 p=10 tap=21 reset=false scheme=5 ops=0,2,1,1,0,3,0,2,2,1,0,2,0,2,2,3,0,0,1,3,0,3,3,3,3,3,1,1,2,0,2,2,3,1,2,0,3,3,3,3,1,0,0,2,0,3,1,3,1,0,3,3,3,3,2,0,0,1,3,3,2,1,3,3 ks=178,0,58,0,192,0,98,61,0,238,146,32,151,214,234,183,31,125,220,187,125,246,0,0,212,42,122,57,185,114,196,0,0,148,105,0,159,0,105,88,238,0,0,0,46,237,0,121,16,237,80,79,0,130,0,56,44,172,54,235,125,0,35,216
00065 features=988 size=64 p=10 tap=37 reset=true scheme=4 ops=0,0,0,0,1,0,0,1,3,3,0,0,1,2,1,1,2,0,3,2,2,2,0,1,2,1,0,2,0,0,2,0,2,1,3,1,2,3,1,3,0,2,0,0,3,3,3,1,3,1,1,0,2,1,0,3,0,0,0,0,0,3,1,1 ks=249,154,220,119,212,90,204,207,226,153,140,131,169,163,78,71,132,173,5,156,89,55,93,91,192,57,16,67,241,204,254,69,108,5,235,97,28,212,77,44,240,171,159,2,227,92,239,195,178,255,79,13,209,189,42,19,234,100,20,191,169,104,195,255
00066 features=821 size=23 p=1 tap=49 reset=true scheme=3 ops=1,3,3,3,2,0,1,2,3,0,2,3,1,0,2,0,2,0,3,3,0,0,1,0,2,3,0,1,3,2,3,3,3,1,0,1,3,0,1,2,1,3,1,0,3,3,1,0,0,3,1,3,2,3,3,2,3,2,3,3,2,3,0,2 ks=0,250,0,169,244,0,0,0,0,0,0,0,164,0,0,0,0,157,86,0,96,0,221,51,0,79,0,0,151,0,0,165,0,0,0,0,146,0,0,47,0,0,89,136,38,0,0,0,0,0,239,0,0,0,0,0,228,0,0,68,0,96,191,214
00067 features=959 size=63 p=2 tap=2 reset=true scheme=3 ops=3,3,1,3,2,2,0,2,0,3,3,3,1,1,2,1,2,3,2,3,1,3,1,1,1,3,2,3,0,0,0,1,2,3,0,1,0,2,3,0,3,2,0,0,3,3,1,2,2,3,2,0,1,3,3,0,2,1,0,1,3,0,2,2 ks=150,74,121,28,62,254,206,55,132,31,178,144,140,178,94,174,151,207,13,10,167,141,118,1,123,200,37,54,223,72,99,32,188,224,230,112,158,163,42,211,52,208,98,255,83,103,193,214,85,173,158,229,16,71,0,108,153,131,181,135,254,22,166,37
00068 features=1014 size=64 p=10 tap=23 reset=true scheme=0 ops=2,0,2,3,2,1,2,0,2,0,1,1,3,2,3,1,0,0,0,2,2,0,2,3,3,2,1,0,3,0,2,1,0,0,3,2,1,1,0,3,1,3,2,3,1,2,3,1,2,3,0,3,0,0,2,3,3,1,3,0,2,3,1,2 ks=210,144,163,113,30,161,155,122,209,29,249,125,171,18,228,33,184,21,144,97,143,154,132,58,176,114,47,229,51,241,127,109,40,185,169,130,191,202,134,221,200,197,231,193,156,245,122,56,68,125,126,38,54,176,13,195,72,176,143,97,104,198,247,254
00069 features=772 size=20 p=10 tap=16 reset=true scheme=0 ops=0,2,2,2,1,0,3,3,0,1,1,0,2,2,3,0,3,2,0,0,0,3,2,3,2,2,3,2,1,3,2,1,3,0,0,2,0,2,0,1,3,3,1,1,1,3,3,0,3,1,0,1,0,3,3,2,2,2,1,3,1,2,3,0 ks=223,170,252,0,0,0,0,0,0,124,0,154,0,0,30,94,34,0,0,0,23,0,0,0,0,0,0,3,0,81,0,0,20,0,192,0,0,0,0,0,0,0,0,0,0,34,0,0,239,0,227,0,239,0,0,142,155,0,0,0,188,0,0,0
00070 features=875 size=40 p=2 tap=52 reset=true scheme=2 ops=1,3,2,2,3,0,1,0,3,1,1,3,0,1,2,0,3,1,2,0,1,0,3,3,0,1,0,1,0,0,2,2,0,1,3,0,3,3,0,1,2,0,2,3,3,1,1,1,3,2,2,3,2,3,2,3,0,2,2,0,2,1,0,3 ks=0,174,99,102,229,95,215,45,69,91,80,242,42,0,167,50,0,150,0,184,0,57,0,162,134,136,37,0,159,0,143,0,0,113,0,68,133,185,150,124,0,0,0,0,0,187,27,149,0,111,26,0,24,249,0,0,0,0,86,51,0,238,175,0
00071 features=878 size=39 p=1 tap=53 reset=true scheme=2 ops=3,3,0,2,3,3,0,0,0,0,1,2,3,3,2,1,2,1,2,1,3,2,2,3,2,2,3,1,0,1,2,1,1,0,2,1,3,3,3,0,1,2,1,3,2,2,1,0,0,2,2,3,0,2,3,3,0,3,2,1,3,3,1,2 ks=0,253,0,200,99,202,0,0,228,0,155,0,204,0,209,16,67,125,200,71,0,39,111,21,202,72,0,143,0,8,229,0,0,0,181,0,200,75,0,0,237,0,0,0,0,124,0,16,235,249,200,0,55,62,90,163,106,0,3,172,0,108,153,0
00072 features=716 size=16 p=5 tap=23 reset=false scheme=3 ops=0,1,1,0,3,0,0,3,3,1,2,0,2,2,1,1,0,0,0,3,3,3,3,1,2,3,2,2,2,2,2,1,2,2,0,1,0,3,1,0,2,0,1,1,2,2,0,3,3,2,1,2,2,1,3,2,1,3,2,3,1,3,0,2 ks=185,38,0,0,34,0,0,0,0,0,0,0,0,0,238,0,0,0,0,0,0,0,0,0,193,0,0,0,0,0,0,0,0,152,153,0,0,0,0,0,0,206,0,0,0,0,102,0,0,98,16,0,46,129,0,245,0,0,0,0,112,0,234,0
00073 features=859 size=41 p=5 tap=12 reset=true scheme=3 ops=0,2,1,3,2,1,3,0,3,1,0,1,3,1,2,2,3,2,3,2,3,0,3,2,1,3,3,0,0,1,3,0,1,2,0,0,0,1,3,1,2,2,3,0,0,0,0,1,2,2,3,3,3,0,2,1,1,3,3,0,3,1,2,0 ks=36,0,138,0,81,146,95,0,0,225,112,0,2,0,0,0,0,64,34,150,0,0,0,0,58,0,40,10,144,11,195,126,92,0,0,0,149,0,177,52,39,0,181,10,115,140,0,68,8,209,0,0,71,156,138,91,100,109,141,135,128,25,4,0
00074 features=989 size=64 p=10 tap=46 reset=false scheme=1 ops=3,3,3,0,1,3,0,1,1,0,0,0,0,2,3,1,1,2,1,0,0,0,2,1,1,3,1,2,1,0,3,2,0,3,2,1,1,1,0,0,1,0,1,2,0,2,3,2,2,3,0,0,2,3,0,3,2,0,0,0,2,0,0,0 ks=72,145,50,208,193,9,175,149,6,29,155,230,188,229,196,173,86,80,38,210,170,8,53,35,79,18,66,237,225,189,127,173,85,60,29,24,243,142,90,170,131,143,161,42,237,20,24,192,175,194,166,54,233,154,130,32,92,245,103,154,146,88,186,34
00075 features=836 size=21 p=2 tap=23 reset=true scheme=3 ops=1,3,3,1,3,1,2,3,0,1,3,1,2,0,3,3,3,0,1,2,2,3,0,0,3,2,1,2,3,1,3,2,0,2,0,1,0,2,3,2,0,3,3,0,1,3,0,2,0,3,1,2,2,0,1,2,2,3,2,2,1,0,3,0 ks=133,0,0,0,237,0,193,45,132,197,0,26,0,0,0,0,0,0,94,0,0,0,0,0,0,0,0,0,0,0,53,0,0,198,92,218,28,98,0,0,183,0,221,0,0,0,0,0,73,0,0,119,47,0,0,0,0,0,0,229,0,0,93,0
00076 features=1001 size=64 p=10 tap=26 reset=true scheme=2 ops=0,1,3,1,0,2,0,3,1,3,0,2,1,0,3,1,0,1,2,2,0,3,0,2,0,2,3,2,1,3,0,3,2,1,1,0,2,1,2,2,0,1,0,1,2,2,3,3,0,3,1,3,3,0,1,0,1,0,2,1,0,0,1,2 ks=90,126,245,142,252,76,55,60,249,13,103,196,99,156,187,237,212,209,170,129,195,145,193,140,251,180,189,20,34,142,167,59,237,226,111,156,238,22,60,67,127,218,23,145,95,21,84,202,11,109,52,123,212,35,50,223,35,121,230,143,37,212,101,53
00077 features=777 size=19 p=10 tap=54 reset=true scheme=3 ops=3,0,0,3,0,1,0,1,2,3,0,1,0,2,3,1,1,0,0,0,1,0,2,1,3,0,2,1,0,1,2,2,3,0,0,2,1,2,1,2,0,3,2,2,1,0,0,2,0,1,3,3,1,2,3,3,3,0,1,3,3,2,3,2 ks=0,169,0,46,235,0,229,0,0,0,0,203,0,0,0,0,210,0,0,0,76,0,0,0,0,0,150,0,0,0,0,0,0,0,238,50,103,0,0,0,0,0,0,164,0,0,0,0,0,0,201,154,0,5,0,0,239,9,0,0,112,0,0,253
00078 features=861 size=40 p=1 tap=59 reset=true scheme=3 ops=1,0,0,1,1,2,3,2,3,1,1,1,0,0,0,0,3,0,0,2,3,1,1,2,1,2,1,2,3,0,1,3,3,1,1,2,2,2,3,3,1,0,1,1,0,0,3,1,0,2,0,3,2,2,0,1,2,1,3,3,1,2,0,2 ks=97,0,52,237,0,0,12,0,171,0,0,232,205,98,0,0,230,192,0,0,0,11,0,214,224,200,64,36,0,183,198,165,0,205,28,0,212,210,96,9,135,177,0,86,251,120,237,0,149,52,79,148,0,184,23,178,0,203,0,0,0,55,0,0
00079 features=876 size=24 p=1 tap=55 reset=true scheme=2 ops=3,1,0,1,0,1,0,1,3,0,1,1,1,0,1,0,0,3,0,1,1,0,1,0,0,2,2,3,3,3,1,1,3,1,0,2,2,2,2,2,1,0,0,3,0,1,1,1,2,0,3,3,1,1,3,2,3,3,2,3,2,3,3,3 ks=168,59,50,0,0,33,0,0,202,0,0,0,0,228,0,103,0,0,0,236,179,0,47,0,0,0,0,0,0,31,182,16,0,0,0,113,109,0,0,247,0,136,0,0,0,0,0,34,0,0,0,163,166,20,113,0,0,168,0,0,155,0,0,0
00080 features=939 size=52 p=10 tap=35 reset=true scheme=2 ops=3,2,2,2,0,1,1,1,1,2,3,2,2,3,2,0,2,1,0,2,1,0,0,3,3,0,1,2,0,3,0,1,2,2,2,3,1,3,2,1,0,1,1,2,1,3,1,0,0,2,3,3,1,0,3,0,3,2,1,2,3,2,0,1 ks=15,79,0,242,189,233,116,0,208,128,0,0,120,127,252,122,0,248,0,82,70,216,194,81,161,237,0,0,187,0,227,244,200,98,210,172,252,23,229,101,76,192,124,136,0,95,21,84,103,115,0,214,243,68,30,17,250,249,0,254,85,164,132,182
00081 features=847 size=36 p=5 tap=46 reset=true scheme=1 ops=0,0,2,0,0,1,2,2,2,1,0,3,0,3,2,3,0,0,2,2,2,1,0,3,2,0,1,1,0,0,3,0,0,3,0,1,2,1,3,2,1,2,1,0,3,3,3,1,0,1,1,0,0,0,0,2,1,3,1,0,1,3,3,2 ks=208,213,14,46,0,120,50,0,106,0,0,0,245,200,244,41,134,91,70,71,214,0,148,96,255,59,0,0,168,0,0,207,0,0,0,185,0,249,86,0,0,105,0,0,0,184,0,121,0,0,0,148,0,0,75,236,185,190,0,0,213,205,0,129
00082 features=984 size=64 p=5 tap=8 reset=true scheme=3 ops=2,1,2,2,3,0,2,0,3,0,3,0,3,2,3,0,1,0,2,0,3,1,2,2,2,2,2,1,0,1,3,1,0,1,2,1,0,0,1,1,1,1,3,1,1,1,2,2,1,1,2,1,1,1,2,1,0,3,1,1,3,3,2,3 ks=234,93,187,37,191,197,223,131,206,56,181,38,5,183,158,23,141,84,4,178,103,190,194,154,141,229,200,211,99,223,146,17,215,213,252,152,117,44,189,170,238,19,235,221,72,74,211,52,150,250,98,166,116,189,142,119,93,214,195,190,16,166,110,199
00083 features=638 size=24 p=5 tap=35 reset=false scheme=1 ops=3,2,2,2,0,3,0,1,3,0,3,3,2,1,3,3,0,1,0,0,3,2,3,0,2,1,1,0,3,1,3,0,2,3,1,3,0,3,0,2,2,0,2,3,1,1,3,3,3,2,2,2,3,3,3,2,0,1,1,1,1,2,3,3 ks=0,0,0,0,0,0,0,253,46,0,0,129,0,118,0,0,57,0,0,215,0,97,0,0,4,177,0,47,0,75,0,0,0,0,180,154,8,0,0,0,99,0,0,140,0,220,0,182,53,0,70,0,0,0,0,0,0,0,142,55,137,0,239,0
00084 features=1001 size=64 p=10 tap=22 reset=false scheme=3 ops=0,3,3,3,3,0,1,1,3,1,1,2,2,3,2,0,2,0,3,0,0,0,3,1,0,1,3,1,2,0,2,1,2,3,3,2,3,1,0,2,3,3,2,3,3,3,1,1,2,2,3,1,1,1,2,2,2,3,0,3,0,3,0,2 ks=161,134,207,179,176,149,196,38,80,227,247,247,237,121,228,136,17,216,230,4,12,225,65,246,139,46,242,250,223,63,40,249,232,42,122,46,20,136,59,143,72,148,92,71,98,220,148,118,131,251,147,40,239,225,52,100,223,78,15,110,169,170,163,189
00085 features=949 size=51 p=2 tap=54 reset=false scheme=3 ops=3,3,1,3,0,3,0,2,1,0,0,0,2,1,3,0,3,2,0,2,3,2,3,2,3,0,0,3,0,3,0,3,0,0,3,1,1,1,2,1,3,3,2,3,3,1,2,2,1,2,2,1,0,2,3,0,0,3,1,2,3,1,2,0 ks=220,17,214,41,19,132,44,73,1,247,213,22,0,0,0,138,250,100,131,199,75,183,145,141,60,186,119,70,77,86,47,0,33,5,249,4,207,158,40,0,226,33,0,251,243,147,110,0,175,0,0,91,0,74,79,41,0,195,26,86,0,57,0,135
00086 features=878 size=41 p=5 tap=10 reset=true scheme=2 ops=2,1,0,2,0,3,0,0,2,3,3,1,2,3,1,1,1,3,1,3,1,0,2,2,0,1,0,2,3,2,1,1,0,1,3,0,2,1,1,0,0,0,2,3,3,0,0,2,1,1,0,1,3,1,1,0,0,1,1,3,3,2,2,1 ks=0,0,69,102,9,48,0,53,0,0,143,0,137,96,0,250,0,0,160,0,160,184,0,32,77,179,0,0,89,0,0,20,203,51,15,0,203,206,0,91,205,205,118,214,162,195,143,230,86,0,0,0,133,224,193,217,7,69,46,0,0,0,30,127
00087 features=784 size=43 p=1 tap=27 reset=false scheme=4 ops=3,1,3,0,3,0,3,1,2,1,2,3,1,3,3,2,0,2,3,0,1,3,3,2,3,1,3,3,2,1,1,1,3,2,0,1,1,3,3,2,0,0,1,0,0,1,1,0,3,3,2,2,1,3,1,3,3,0,2,2,2,2,3,2 ks=33,0,0,0,167,191,0,16,193,212,0,229,84,21,215,123,119,0,245,33,0,0,0,0,209,0,65,220,184,201,252,141,0,73,0,132,52,37,91,0,0,175,198,234,201,101,0,0,212,244,132,136,87,208,99,238,0,0,25,211,0,32,0,11
00088 features=984 size=63 p=2 tap=40 reset=true scheme=3 ops=2,1,3,2,2,2,2,2,0,1,0,2,2,3,0,0,3,3,0,3,0,2,2,0,2,1,3,0,2,3,1,1,0,1,1,3,0,2,0,3,3,0,2,2,3,0,0,0,1,0,2,1,3,3,0,1,1,0,1,1,0,2,1,1 ks=204,112,21,154,202,252,123,203,189,178,185,78,0,135,32,13,96,142,69,162,107,206,36,75,204,158,150,66,55,242,142,123,173,16,186,153,158,28,70,188,15,150,181,161,239,159,191,222,74,74,22,25,165,53,228,70,178,107,148,30,9,59,214,132
00089 features=797 size=23 p=5 tap=18 reset=false scheme=0 ops=1,3,2,2,2,1,0,1,2,0,0,0,2,2,3,3,1,0,3,2,2,1,3,2,1,2,1,2,1,0,2,1,0,0,1,3,0,3,1,0,0,0,2,2,3,0,3,2,1,3,2,2,2,1,2,1,0,0,3,2,1,2,3,2 ks=0,0,0,0,0,0,0,99,0,0,14,0,0,0,0,0,134,0,2,0,0,0,0,227,0,142,64,0,148,169,167,0,0,143,71,0,0,0,0,241,0,0,0,172,34,0,85,0,184,0,0,0,0,0,250,233,41,251,0,0,243,83,0,0
00090 features=765 size=22 p=5 tap=61 reset=true scheme=3 ops=2,3,1,1,0,2,3,0,0,2,2,3,2,2,0,3,0,0,3,2,0,2,2,3,2,1,0,1,2,0,1,0,1,1,2,2,2,3,1,1,1,1,2,0,3,3,3,3,1,2,0,2,1,2,3,1,2,2,2,0,3,2,1,3 ks=33,73,0,0,84,0,0,0,115,0,153,0,0,149,0,0,32,0,71,0,91,0,104,0,129,7,0,0,26,0,210,0,0,0,0,0,0,0,0,0,0,0,184,41,59,0,0,129,0,0,0,187,0,215,0,0,0,0,0,0,0,186,0,52
00091 features=705 size=23 p=1 tap=54 reset=true scheme=3 ops=0,3,0,0,0,3,2,2,0,0,2,0,1,3,3,0,0,1,1,3,2,2,3,3,0,2,2,3,2,1,0,1,3,0,0,3,0,3,1,1,2,2,3,3,2,0,2,3,1,2,2,0,1,3,1,3,1,1,0,3,0,3,0,3 ks=0,248,0,119,0,0,0,0,216,0,0,0,0,0,77,0,7,0,105,52,0,0,0,0,0,0,216,0,0,107,166,8,0,246,0,0,0,186,4,207,175,65,0,0,0,0,0,209,186,0,0,0,0,0,0,87,0,0,49,0,0,0,250,246
00092 features=645 size=20 p=10 tap=63 reset=false scheme=5 ops=3,2,2,1,2,2,3,0,1,1,2,0,2,1,0,3,3,2,1,2,3,3,3,2,3,0,0,1,3,0,2,2,1,3,1,1,2,1,3,2,1,2,0,2,3,3,1,3,2,1,1,1,1,0,1,1,0,1,0,2,1,1,1,3 ks=0,113,226,0,0,0,74,118,162,0,0,0,153,0,0,0,0,0,0,0,25,0,218,0,212,0,0,128,0,89,222,0,0,0,132,54,0,0,0,0,0,0,0,0,201,194,0,0,0,0,0,0,0,0,0,0,0,0,42,74,0,53,0,47
00093 features=841 size=27 p=2 tap=45 reset=true scheme=2 ops=1,1,0,0,3,1,2,1,3,2,3,1,1,2,0,3,1,1,2,3,3,0,0,0,2,1,0,0,2,0,1,3,0,2,3,3,1,0,3,1,2,1,2,3,0,3,0,3,1,1,1,2,2,2,3,3,1,1,1,0,3,1,2,2 ks=57,122,0,0,0,0,58,39,0,130,0,246,0,145,0,0,0,146,215,0,224,0,0,0,0,95,0,0,0,27,10,17,175,124,0,189,39,223,0,137,0,21,86,0,0,179,31,0,0,0,0,93,0,0,0,0,0,0,188,0,0,162,0,0
00094 features=974 size=62 p=5 tap=43 reset=false scheme=3 ops=3,3,0,0,1,2,3,2,2,1,0,1,0,3,1,0,1,0,2,2,0,1,0,2,3,3,3,0,0,3,2,0,2,3,3,2,0,0,0,3,0,1,3,3,2,3,2,2,3,3,1,3,0,1,2,1,0,1,0,0,0,0,3,1 ks=189,49,240,249,221,204,26,54,124,56,145,167,141,174,106,97,123,0,1,144,41,113,118,32,105,113,207,228,135,183,189,240,241,68,71,197,92,55,150,203,101,190,224,116,94,154,149,94,145,106,83,225,0,216,38,202,94,6,245,57,82,3,111,217
00095 features=692 size=23 p=2 tap=49 reset=true scheme=3 ops=1,3,3,1,3,0,3,2,3,2,0,1,3,0,0,1,1,1,0,1,3,1,0,3,1,2,0,1,3,3,1,2,1,2,2,3,3,2,3,3,3,1,0,0,3,3,2,3,1,1,0,1,3,2,1,0,1,1,2,1,1,1,2,3 ks=101,8,193,138,0,0,0,20,0,0,0,0,0,0,192,240,244,0,26,0,0,112,0,0,20,218,26,0,115,252,0,0,0,0,0,66,0,52,0,0,151,0,0,108,0,0,0,0,156,0,0,0,0,0,0,0,0,247,135,0,0,0,9,0
00096 features=927 size=42 p=1 tap=34 reset=false scheme=4 ops=0,3,0,0,2,3,2,0,1,1,1,3,1,1,0,2,0,2,0,2,1,0,3,0,0,0,3,0,3,0,0,0,2,3,0,0,0,1,0,0,3,1,1,1,2,1,3,0,1,1,0,2,0,3,2,0,0,2,0,0,1,0,1,3 ks=136,0,37,167,76,0,0,0,52,0,146,0,0,7,110,0,24,0,0,107,144,86,167,0,88,173,0,0,116,0,21,189,120,0,0,51,132,60,145,103,96,0,161,0,117,124,97,7,197,243,72,69,0,147,26,81,0,186,0,0,212,106,95,117
00097 features=974 size=64 p=2 tap=26 reset=true scheme=3 ops=1,3,0,1,3,1,1,3,0,3,2,0,3,2,1,1,2,2,2,0,3,0,1,0,2,1,1,2,0,2,1,2,0,2,0,3,1,2,3,3,2,0,1,2,0,2,1,0,2,0,0,1,3,2,3,3,2,2,1,0,2,0,2,1 ks=233,152,40,242,117,242,179,250,243,114,75,157,125,168,96,128,128,141,68,202,25,17,132,55,203,117,171,9,233,107,35,159,119,107,147,50,65,34,90,161,246,154,141,229,2,35,177,174,160,188,133,57,127,207,156,207,157,149,36,39,158,181,194,133
00098 features=901 size=21 p=10 tap=7 reset=true scheme=1 ops=2,3,3,0,3,2,3,2,3,3,1,3,2,0,1,3,2,3,0,2,0,3,3,2,0,3,0,2,1,3,2,3,1,0,2,3,3,1,2,3,2,2,1,1,2,1,3,1,3,2,1,3,2,3,1,2,2,0,1,2,3,3,3,0 ks=150,0,0,99,191,44,0,0,0,0,0,0,0,84,0,205,0,0,0,0,88,0,54,0,0,207,76,0,32,0,13,0,0,65,235,99,0,0,172,0,0,0,177,0,0,78,178,0,0,136,87,0,0,0,0,0,0,0,0,0,0,0,0,0
00099 features=784 size=38 p=2 tap=17 reset=false scheme=5 ops=3,2,1,0,3,2,0,1,0,0,2,1,3,0,3,3,0,0,3,3,1,3,3,3,0,2,3,0,3,1,0,3,2,2,3,1,3,2,3,1,3,3,2,2,2,1,2,2,2,0,1,3,2,1,2,2,2,0,2,3,2,3,2,2 ks=0,153,0,4,71,0,0,0,55,100,4,160,214,172,200,203,0,69,200,0,22,0,31,0,123,0,0,72,159,25,0,233,0,233,0,0,209,140,0,0,0,0,233,4,106,227,193,0,86,127,0,254,223,162,148,0,139,135,0,0,216,134,0,0
00100 features=992 size=64 p=10 tap=41 reset=false scheme=3 ops=0,1,2,2,1,0,2,0,1,3,2,2,1,3,2,0,1,0,0,2,2,1,2,0,2,0,3,0,1,2,2,3,0,3,1,1,3,0,2,1,2,3,2,2,3,2,0,1,1,0,2,2,1,1,1,3,0,3,2,3,2,2,2,2 ks=238,130,121,99,6,80,127,198,54,231,109,163,196,210,178,225,82,214,161,247,7,167,134,33,79,52,115,82,157,136,68,255,31,25,195,104,170,20,97,97,254,159,223,155,35,193,28,99,199,238,223,228,76,236,69,240,215,138,131,250,5,71,6,34
00101 features=671 size=20 p=10 tap=8 reset=true scheme=3 ops=3,1,1,3,0,0,3,0,3,1,3,1,1,3,1,1,2,0,1,3,2,3,1,1,1,2,3,2,2,3,1,3,2,1,2,1,3,3,0,1,1,3,1,2,2,1,3,1,2,1,1,1,2,1,2,1,2,0,3,0,1,1,3,3 ks=215,201,0,0,0,0,0,0,154,152,0,20,10,0,0,0,0,0,0,161,0,169,0,0,0,196,0,0,0,121,0,0,90,248,152,0,166,0,0,0,0,0,0,0,0,154,0,0,23,253,0,147,0,0,140,0,0,0,0,206,0,0,0,0
00102 features=808 size=39 p=1 tap=52 reset=true scheme=3 ops=1,3,1,1,3,2,2,3,3,2,1,3,1,2,1,2,3,2,3,0,3,2,2,1,0,3,0,0,0,2,0,3,3,3,2,2,0,1,1,0,2,1,1,1,0,1,2,1,0,2,1,3,3,0,0,1,3,1,3,1,2,3,2,3 ks=221,140,97,0,223,41,85,0,0,223,0,0,27,27,0,187,233,0,7,123,0,57,0,75,220,226,0,0,0,152,88,0,0,8,0,184,197,0,0,162,47,0,0,122,91,209,57,97,9,0,0,205,187,0,180,0,235,0,0,218,112,125,168,143
00103 features=857 size=44 p=5 tap=41 reset=false scheme=1 ops=0,0,1,1,2,3,0,1,0,1,1,2,0,0,0,0,1,0,2,2,0,1,3,1,1,3,0,3,0,2,1,2,3,0,3,1,1,3,1,3,0,3,0,0,3,1,1,3,2,1,3,2,0,2,3,0,2,3,1,1,3,3,1,3 ks=110,177,0,0,0,198,0,0,0,67,31,235,0,160,203,0,0,144,0,0,20,221,217,116,130,18,71,27,246,100,230,233,0,56,52,248,239,0,53,0,0,91,244,0,176,77,18,246,160,39,53,244,134,123,0,35,0,0,215,107,0,103,66,156
00104 features=824 size=39 p=5 tap=44 reset=true scheme=3 ops=1,3,3,3,3,2,3,1,3,2,2,3,1,3,3,3,0,1,0,3,1,2,2,1,1,0,0,1,3,0,2,3,1,3,1,2,2,2,3,0,1,3,3,0,3,3,2,0,3,2,2,1,3,2,2,0,1,1,0,0,3,1,1,2 ks=0,0,0,0,0,0,0,0,7,193,0,159,12,0,0,117,184,79,0,0,169,0,166,121,122,142,0,169,82,0,104,195,0,0,175,0,144,0,220,0,4,44,103,213,27,253,47,0,0,195,12,243,51,16,124,243,114,162,232,0,89,140,0,175
00105 features=907 size=33 p=5 tap=23 reset=true scheme=5 ops=2,2,1,1,3,3,2,2,2,0,1,2,2,1,1,3,1,1,1,1,2,1,3,2,0,2,0,3,0,3,1,0,2,2,2,0,0,0,1,3,2,1,0,3,3,1,0,0,3,1,0,3,0,3,1,2,1,1,1,1,1,0,3,0 ks=0,71,66,195,150,0,245,238,236,0,182,222,0,0,217,94,180,0,0,195,0,195,18,23,33,0,0,233,166,85,9,0,0,0,0,0,226,0,222,0,20,0,0,151,133,26,0,0,0,0,0,135,0,234,82,0,136,187,0,0,0,0,0,44
00106 features=969 size=64 p=1 tap=51 reset=true scheme=3 ops=1,2,1,1,0,1,3,1,2,2,2,1,2,0,2,3,1,3,1,2,3,1,0,2,3,0,1,1,0,2,3,0,1,3,0,3,0,2,0,3,1,3,1,0,0,3,3,0,2,0,0,1,3,3,2,1,2,1,2,0,1,3,2,0 ks=3,42,21,48,10,89,250,109,244,62,227,113,115,136,13,92,154,13,179,160,145,184,255,232,62,171,159,166,226,238,204,177,112,75,171,40,38,22,149,253,102,143,106,174,42,95,7,69,40,77,61,163,222,142,155,65,122,185,120,106,2,177,164,116
00107 features=743 size=22 p=5 tap=44 reset=false scheme=2 ops=2,3,0,2,0,3,2,1,3,1,1,3,0,0,1,2,3,2,0,1,2,3,0,0,2,1,1,0,3,2,2,3,2,2,0,3,3,1,3,1,2,2,2,3,0,1,0,3,1,2,2,1,1,1,1,0,2,2,1,0,1,1,1,2 ks=0,180,0,176,0,0,222,0,0,0,0,0,0,0,35,109,0,91,135,230,0,107,0,160,0,0,14,0,0,0,112,234,0,0,0,0,0,0,0,0,29,241,0,0,236,0,0,0,0,0,99,240,159,208,0,0,0,84,21,0,0,0,0,0
00108 features=1006 size=64 p=10 tap=6 reset=true scheme=5 ops=2,1,3,0,1,0,2,0,1,0,1,3,2,1,3,3,1,3,2,2,1,0,3,2,3,2,1,2,2,1,0,3,1,1,3,1,3,1,0,2,3,0,2,2,1,1,2,1,2,0,0,1,3,2,2,0,3,0,1,0,0,0,1,3 ks=140,229,107,82,245,41,69,44,225,7,212,11,165,26,112,68,162,75,219,57,117,197,81,56,178,70,228,84,210,68,200,199,110,166,200,81,103,59,122,170,181,228,242,108,200,156,185,152,112,206,10,131,1,1,188,238,168,165,49,214,76,11,104,246
00109 features=723 size=42 p=10 tap=34 reset=false scheme=5 ops=3,2,0,0,2,1,1,2,1,1,2,1,2,0,3,0,3,3,0,2,3,2,3,1,1,3,1,0,0,0,3,0,3,2,1,2,3,0,2,1,3,1,0,3,1,3,3,3,1,2,3,2,1,3,3,3,2,2,1,1,1,0,0,3 ks=0,211,0,205,0,0,95,1,194,227,29,0,74,249,54,193,76,0,6,37,0,179,0,174,0,167,111,205,223,0,30,6,0,0,248,0,216,226,71,132,51,0,0,251,211,169,0,226,0,0,217,186,11,182,0,196,133,186,201,180,0,0,0,221
00110 features=863 size=29 p=5 tap=9 reset=false scheme=4 ops=3,3,1,0,2,0,1,3,2,3,3,0,3,1,0,3,2,1,0,0,1,0,2,2,1,1,2,2,3,3,2,1,2,0,2,3,3,3,0,3,1,0,2,1,1,0,0,3,2,1,2,2,2,3,2,3,0,2,0,2,3,0,1,3 ks=0,83,0,0,224,42,0,11,195,35,0,0,0,95,142,0,11,231,0,198,171,81,0,0,0,0,0,0,0,128,0,0,0,18,0,243,68,0,240,0,82,0,17,2,0,0,78,114,0,0,208,214,0,0,0,36,0,0,0,0,70,0,148,231
00111 features=964 size=64 p=5 tap=34 reset=true scheme=3 ops=0,3,0,2,2,1,3,3,3,2,1,2,3,2,3,2,3,1,3,3,1,1,0,1,1,2,0,1,1,0,2,1,1,0,3,3,2,1,2,1,2,1,3,3,3,1,1,3,2,1,3,0,1,2,3,0,0,0,2,1,2,2,0,0 ks=251,61,234,237,147,117,103,145,69,160,128,93,163,76,170,59,172,138,128,99,19,191,200,114,247,245,241,188,220,126,25,128,152,18,196,228,229,157,42,185,67,213,194,94,194,228,203,148,32,237,48,105,43,78,69,29,185,189,130,136,74,171,76,156
00112 features=848 size=26 p=10 tap=61 reset=false scheme=3 ops=3,1,3,2,0,3,0,3,0,1,1,0,2,3,1,2,2,2,0,0,3,0,0,1,3,0,2,2,1,0,2,3,2,0,1,0,1,1,3,0,0,3,1,2,0,1,1,3,0,0,0,3,2,3,3,1,0,1,0,1,3,3,0,2 ks=0,73,79,78,0,0,149,191,62,0,0,0,0,0,2,0,0,0,0,127,0,0,0,96,178,0,0,81,229,0,233,0,170,0,214,0,0,0,0,0,18,2,0,0,0,0,0,227,54,0,59,0,120,0,0,62,195,0,0,220,0,47,234,0
00113 features=987 size=64 p=10 tap=40 reset=false scheme=2 ops=2,1,0,0,2,1,3,2,0,2,3,2,2,2,2,2,2,1,1,3,1,2,2,2,3,2,0,3,3,3,3,1,3,1,3,3,2,1,0,0,3,3,2,1,2,2,3,3,1,0,0,2,3,3,0,2,0,2,1,0,1,1,0,0 ks=172,255,121,55,43,8,144,92,157,12,198,240,181,241,92,78,208,78,185,27,139,101,228,156,200,103,125,189,27,220,52,237,132,10,192,157,83,232,61,53,140,50,156,175,190,42,28,215,2,8,232,58,130,154,239,88,160,13,111,84,116,117,205,10
00114 features=733 size=34 p=2 tap=22 reset=false scheme=2 ops=2,0,0,0,3,1,1,0,1,1,2,1,0,2,1,0,1,0,3,3,0,3,2,1,1,2,3,2,2,0,2,0,1,3,1,1,0,2,3,2,3,1,1,1,0,3,2,0,3,0,3,3,2,0,1,0,0,1,2,1,1,2,1,1 ks=0,132,255,140,173,0,126,139,126,0,0,0,141,0,0,0,88,120,166,0,30,0,145,165,0,0,0,108,73,48,0,0,0,238,253,0,251,59,0,0,176,165,154,0,202,140,0,231,0,0,148,251,30,0,1,47,179,0,134,0,0,0,0,0
00115 features=691 size=20 p=2 tap=42 reset=false scheme=4 ops=1,3,2,1,0,0,2,3,1,0,0,0,1,3,2,3,2,0,1,3,2,0,1,1,2,3,3,1,2,2,3,2,1,3,2,1,1,0,3,0,3,1,3,0,2,3,1,0,3,1,1,3,1,1,0,2,2,1,2,2,1,1,1,1 ks=0,0,203,0,0,0,0,0,0,0,0,21,0,0,0,0,0,0,0,0,0,0,0,0,0,73,182,18,107,0,7,0,0,0,0,0,162,0,0,0,0,135,0,0,96,0,0,0,0,4,64,40,22,0,0,253,0,205,11,0,15,223,0,243
00116 features=1031 size=64 p=5 tap=23 reset=true scheme=5 ops=1,0,0,2,3,1,3,0,0,3,0,2,3,1,0,0,1,3,0,3,2,1,2,3,3,3,1,3,1,3,1,1,3,3,1,3,0,3,3,3,3,0,1,1,2,3,1,2,1,3,3,3,3,1,0,0,1,3,2,1,1,2,0,2 ks=138,44,158,133,86,118,131,49,39,153,185,53,229,98,99,103,157,139,50,32,168,229,214,252,63,33,58,234,168,244,232,138,132,112,151,66,246,89,176,76,123,15,184,170,29,105,41,196,16,173,145,160,11,86,93,4,204,154,125,73,45,227,14,77
00117 features=953 size=63 p=2 tap=46 reset=true scheme=3 ops=1,1,1,1,0,1,3,3,0,1,1,3,2,0,1,3,1,0,3,2,1,0,3,3,2,2,1,0,1,3,1,0,3,2,3,0,3,0,2,1,3,2,1,2,3,2,3,2,1,0,1,3,1,0,1,2,1,1,3,1,2,0,2,0 ks=113,37,247,145,253,25,45,52,169,61,0,83,60,117,21,251,77,148,237,103,181,31,112,143,36,134,209,143,230,50,76,144,236,82,179,177,42,46,98,216,99,88,181,145,234,117,95,251,157,84,111,250,35,159,103,11,7,85,114,247,214,102,46,211
00118 features=819 size=45 p=2 tap=23 reset=true scheme=3 ops=1,2,1,2,3,3,3,2,3,2,3,1,1,1,0,1,1,3,1,0,3,0,0,3,0,3,0,3,1,0,1,2,0,3,2,1,1,0,0,0,0,0,1,1,2,1,0,3,1,2,2,1,1,3,1,3,2,0,0,2,1,2,0,0 ks=0,234,249,214,0,219,0,0,0,106,50,104,0,0,0,29,3,197,183,132,143,0,32,204,98,13,2,192,133,163,185,212,0,128,199,69,181,0,177,204,33,6,0,0,130,37,184,96,136,0,228,0,143,0,0,122,32,0,24,131,0,41,48,246
00119 features=716 size=20 p=1 tap=16 reset=true scheme=3 ops=1,1,1,3,2,0,3,1,2,1,1,2,3,1,0,3,3,0,0,3,3,0,1,1,1,3,0,3,1,0,0,0,0,3,1,3,1,3,0,3,3,3,0,0,1,1,0,3,0,1,3,0,2,0,2,1,3,1,0,3,0,1,2,2 ks=0,0,0,99,30,0,0,31,0,0,154,0,0,0,0,0,0,0,0,231,0,0,230,0,0,0,199,217,0,0,6,178,0,0,0,0,0,87,156,0,0,233,0,0,0,0,191,31,0,0,0,0,22,0,193,0,39,0,0,91,55,0,0,0
00120 features=897 size=46 p=5 tap=43 reset=true scheme=3 ops=0,0,0,0,2,2,1,0,3,0,2,0,0,0,2,0,0,2,1,3,0,3,2,1,3,3,2,2,3,3,0,3,1,0,0,0,1,0,3,3,1,3,3,2,0,3,2,3,3,0,1,3,2,0,2,0,0,1,0,2,3,0,0,1 ks=163,37,212,128,0,92,60,149,157,204,66,0,217,176,1,69,40,0,111,177,0,170,47,105,0,236,0,191,0,145,122,57,100,0,23,0,9,205,0,0,0,38,158,172,46,240,19,0,152,6,0,0,117,75,209,182,19,0,97,169,116,0,0,53
00121 features=745 size=25 p=2 tap=0 reset=true scheme=5 ops=3,2,3,2,3,2,2,0,2,0,2,1,1,3,1,3,1,1,2,0,2,0,3,2,3,3,2,1,3,2,2,1,3,3,3,0,3,0,2,1,3,2,1,3,2,0,0,1,2,1,2,3,2,0,3,3,3,0,0,2,1,3,2,1 ks=0,133,0,0,0,0,29,112,0,109,0,0,0,0,0,0,0,212,189,122,0,0,0,146,0,201,0,0,0,0,0,0,29,0,0,0,0,241,0,102,0,230,0,0,0,6,206,235,0,75,0,114,0,143,59,44,0,0,9,0,0,58,203,234
00122 features=780 size=19 p=10 tap=24 reset=true scheme=0 ops=0,0,1,0,2,2,2,3,2,3,0,0,1,3,1,1,1,1,2,0,0,1,0,3,1,2,0,1,3,0,1,1,3,1,3,0,3,1,3,3,2,1,2,1,3,1,0,2,2,0,3,0,3,1,0,3,3,0,3,3,1,2,1,2 ks=147,0,0,24,0,0,115,0,0,0,0,8,0,0,0,0,0,0,0,0,102,128,0,0,0,0,0,0,0,0,75,125,0,0,0,0,0,138,0,0,183,0,159,30,0,0,0,0,225,211,36,0,0,0,0,0,47,213,0,0,100,138,0,0
00123 features=981 size=64 p=10 tap=28 reset=false scheme=3 ops=1,0,0,1,0,1,0,2,0,1,2,0,3,2,0,2,1,2,1,3,3,3,2,0,0,0,3,1,3,2,0,2,2,3,1,1,3,1,0,0,2,0,0,2,3,3,0,3,2,1,2,3,1,2,3,1,3,1,0,3,2,1,1,2 ks=178,206,5,58,199,144,166,113,171,77,190,13,77,73,61,160,108,173,4,254,216,105,202,229,152,9,177,192,79,151,234,184,85,39,196,159,228,213,206,175,139,208,11,9,47,52,164,236,131,11,108,249,164,92,19,125,52,139,40,207,42,237,15,4
00124 features=700 size=14 p=1 tap=2 reset=false scheme=2 ops=1,3,0,0,0,3,2,1,2,0,3,3,2,3,2,2,0,2,1,1,3,3,2,0,0,1,3,0,1,1,0,1,0,0,0,3,2,0,2,0,2,3,2,3,3,1,1,2,1,2,0,3,1,1,1,1,1,3,1,2,3,3,3,1 ks=250,0,91,29,0,0,0,0,0,0,0,95,90,52,0,190,0,39,0,10,0,0,0,0,0,0,0,0,0,0,0,0,0,0,0,0,0,0,0,0,0,0,0,117,0,239,0,0,0,0,0,0,247,0,0,0,0,0,77,94,0,0,0,0
00125 features=923 size=39 p=10 tap=9 reset=true scheme=0 ops=1,1,1,0,3,3,3,2,0,3,0,2,3,0,2,3,2,1,0,2,1,1,1,2,0,2,1,1,2,3,0,2,3,3,3,2,2,0,0,0,1,2,1,1,0,2,0,0,0,0,0,0,2,2,0,2,3,3,3,1,1,1,3,3 ks=14,0,0,0,0,208,230,0,0,97,164,11,156,163,0,162,0,208,0,0,219,237,168,0,0,34,0,0,0,189,0,0,223,0,195,86,9,126,23,0,231,0,112,114,18,17,121,133,0,198,231,0,142,0,0,157,0,15,235,245,23,243,37,2
00126 features=936 size=46 p=1 tap=52 reset=true scheme=3 ops=3,0,2,3,1,0,1,3,1,1,2,3,0,1,2,3,2,3,0,2,3,0,1,3,0,2,1,2,3,2,2,1,3,3,3,3,0,2,2,3,2,1,0,3,1,3,0,1,0,3,1,2,3,2,0,3,1,2,3,1,0,2,2,2 ks=45,137,0,66,23,0,204,249,193,0,168,51,23,31,33,0,0,0,139,130,41,182,86,231,180,0,154,195,171,22,0,44,186,118,125,0,0,77,15,84,0,162,0,231,94,180,0,0,235,110,147,0,205,0,158,9,204,120,77,59,0,122,29,0
00127 features=756 size=19 p=10 tap=2 reset=false scheme=1 ops=3,3,3,3,3,3,2,3,0,1,1,2,0,1,3,3,1,3,1,1,0,1,0,2,1,0,3,3,1,3,0,2,1,2,1,1,1,2,3,2,2,0,3,1,0,0,2,0,2,0,1,0,0,2,2,2,0,0,1,0,3,3,1,2 ks=0,86,44,105,0,0,0,0,247,83,0,0,10,0,143,0,188,231,0,0,0,0,0,0,95,0,0,52,42,0,0,0,0,0,0,0,0,0,0,0,231,0,166,0,0,0,0,249,0,0,44,0,0,0,175,0,0,0,82,0,0,95,0,0
00128 features=923 size=63 p=5 tap=57 reset=false scheme=1 ops=3,1,0,3,3,2,3,2,0,2,3,1,1,0,3,3,3,1,3,1,2,2,3,2,2,2,0,0,3,3,0,3,3,3,0,2,2,1,3,1,1,3,0,0,2,3,3,1,3,2,2,0,3,3,1,0,1,3,0,3,1,2,3,3 ks=221,7,246,119,79,243,46,148,175,29,141,15,140,14,167,36,152,106,98,17,182,211,0,189,142,36,205,248,147,5,107,204,161,128,60,62,120,173,118,88,181,178,16,182,171,104,43,214,200,29,45,52,199,138,188,94,62,153,234,185,3,11,49,42
00129 features=912 size=45 p=10 tap=17 reset=true scheme=0 ops=3,0,3,1,1,2,2,0,2,2,2,1,1,0,1,3,0,0,3,3,0,1,3,2,0,1,3,1,2,1,0,2,0,0,3,0,2,0,0,3,0,3,2,1,3,3,1,2,3,1,3,2,3,3,2,2,1,0,1,2,0,3,2,3 ks=215,78,157,0,89,41,15,242,74,121,56,0,141,216,168,0,227,0,0,86,239,0,0,191,23,82,159,0,4,0,242,100,0,66,123,84,80,0,0,173,56,72,0,107,0,9,162,0,56,25,85,54,50,0,248,180,165,0,0,0,116,220,97,244
00130 features=728 size=23 p=2 tap=32 reset=true scheme=3 ops=0,2,3,3,0,1,2,0,0,2,0,2,1,3,2,2,1,2,1,2,1,2,0,3,3,3,2,1,1,0,1,0,0,3,1,3,1,3,0,3,3,2,1,2,2,1,1,1,3,0,2,1,2,1,2,1,0,2,0,0,1,0,1,1 ks=101,178,0,9,0,72,0,0,62,0,0,0,0,0,0,0,126,206,0,0,0,0,0,0,99,0,47,0,97,0,0,220,45,0,0,23,179,0,247,150,0,0,0,0,0,39,0,125,0,111,0,0,0,153,0,0,25,0,0,73,0,0,0,252
00131 features=838 size=18 p=10 tap=25 reset=true scheme=4 ops=3,1,0,0,1,0,0,0,3,2,2,2,3,2,0,3,2,2,2,3,3,3,2,3,1,3,3,2,0,0,2,0,1,2,0,1,2,0,0,3,1,1,2,3,2,2,0,2,1,0,0,1,0,3,3,3,1,3,0,2,2,2,2,3 ks=0,0,0,0,0,199,0,198,0,0,32,0,0,0,0,0,0,0,0,246,0,0,0,0,0,245,69,0,62,0,239,0,0,0,0,0,60,0,0,27,0,37,0,0,0,172,175,138,0,0,0,0,0,0,225,9,228,0,0,0,0,0,50,0
00132 features=773 size=22 p=10 tap=46 reset=true scheme=3 ops=0,3,3,2,0,0,2,1,0,0,3,0,2,3,2,0,2,1,0,3,0,0,3,3,1,1,2,3,3,0,3,1,3,2,2,2,0,1,1,2,2,3,1,1,1,3,2,0,2,1,2,1,2,0,3,3,3,1,3,2,3,1,3,2 ks=0,5,0,0,0,19,166,0,0,123,0,0,92,0,0,31,0,17,0,0,13,0,0,0,27,0,0,0,0,0,0,182,0,0,151,174,0,126,0,0,0,121,124,0,158,23,0,185,0,0,0,140,0,190,0,0,0,0,0,129,0,0,237,0
00133 features=912 size=40 p=2 tap=44 reset=false scheme=1 ops=2,3,2,0,1,3,3,0,1,1,3,2,3,0,3,0,3,2,3,1,3,2,3,2,2,2,1,1,1,0,0,0,1,0,2,1,3,2,2,0,3,3,3,3,3,2,2,1,2,1,0,3,1,0,3,2,1,2,2,0,1,0,1,1 ks=160,0,0,0,96,0,0,71,29,11,144,0,31,180,23,181,74,49,0,182,0,0,111,0,0,0,0,0,0,4,44,132,248,0,1,151,50,0,28,22,164,77,92,103,7,0,225,179,0,43,0,136,164,255,0,0,120,117,0,72,69,93,62,0
00134 features=891 size=42 p=10 tap=46 reset=false scheme=3 ops=3,3,2,0,1,3,1,1,2,1,2,1,0,1,3,2,0,1,2,2,1,2,3,1,0,3,3,2,0,1,0,0,3,0,3,3,3,1,1,2,3,3,2,0,3,0,3,2,2,3,1,0,3,2,1,2,0,2,2,0,3,2,0,1 ks=0,18,0,191,0,72,229,26,0,75,191,139,79,40,154,248,0,62,205,108,104,204,0,103,0,124,144,10,0,53,122,0,170,0,41,0,176,0,195,0,121,249,96,0,229,0,12,0,121,244,255,38,0,238,0,194,31,139,0,66,115,0,0,0
00135 features=908 size=49 p=1 tap=1 reset=true scheme=3 ops=1,3,1,2,3,3,0,2,1,0,3,3,0,0,0,1,2,3,1,3,3,3,1,1,2,2,0,2,1,0,2,0,0,1,3,2,0,0,3,3,3,0,0,1,2,2,1,0,3,3,0,3,1,3,3,2,3,3,1,0,3,3,0,2 ks=11,114,181,230,0,86,114,0,122,107,8,134,218,116,0,0,68,247,67,179,77,190,97,21,0,65,0,148,0,0,182,83,196,26,99,133,0,121,0,134,122,113,0,53,0,143,0,20,229,118,165,189,32,198,0,53,251,163,156,0,111,109,102,27
00136 features=1043 size=64 p=1 tap=14 reset=false scheme=5 ops=3,3,2,2,0,3,0,1,0,0,0,3,0,3,3,1,0,2,2,2,1,2,2,2,2,3,1,0,3,2,2,3,2,3,3,1,1,2,1,0,3,3,2,1,1,0,3,0,3,3,3,1,1,2,0,3,2,0,2,1,2,3,3,1 ks=201,115,77,110,7,25,181,89,77,186,136,27,46,252,131,133,110,21,127,43,139,203,91,226,106,139,236,186,41,197,178,248,7,25,60,44,178,169,17,15,136,26,8,79,179,55,140,166,156,161,232,32,61,130,195,230,22,48,70,226,134,164,188,134
00137 features=889 size=64 p=10 tap=62 reset=true scheme=3 ops=1,0,2,0,1,2,3,1,0,0,0,1,0,0,0,1,1,0,1,2,3,3,3,3,0,3,3,1,2,2,3,0,1,3,1,2,0,1,0,0,2,2,0,2,1,1,3,1,1,2,0,2,2,2,2,2,0,1,2,3,3,3,2,1 ks=30,8,7,192,85,7,201,64,145,21,38,113,150,85,203,14,198,234,12,105,242,238,135,132,241,48,203,166,187,80,193,99,98,27,2,164,226,205,190,187,142,59,201,146,3,175,151,234,68,16,148,242,175,100,198,45,233,94,44,231,172,204,213,133
00138 features=972 size=44 p=10 tap=8 reset=true scheme=4 ops=3,3,0,2,0,2,1,1,3,2,0,0,3,3,3,3,2,2,0,1,2,2,0,2,1,3,0,0,2,0,3,1,0,0,3,0,0,1,0,3,0,0,1,2,3,0,1,3,3,0,0,3,3,3,0,2,2,3,0,2,2,3,0,0 ks=0,196,131,0,221,174,78,170,54,0,0,0,95,186,134,121,0,132,0,133,235,92,145,24,48,0,101,0,0,249,0,195,6,210,0,0,154,0,0,2,101,62,136,47,0,53,102,64,189,172,140,143,0,100,30,0,0,240,70,80,171,0,231,10
00139 features=997 size=64 p=2 tap=9 reset=true scheme=0 ops=2,2,2,0,3,1,0,1,3,3,0,1,0,2,1,0,2,2,2,1,3,3,1,0,0,3,1,2,2,3,1,2,0,2,3,1,3,0,2,3,0,0,0,0,1,3,3,2,0,1,0,0,2,3,1,1,0,2,0,1,0,1,0,3 ks=47,36,174,82,114,81,64,181,255,148,160,71,192,148,195,253,162,207,157,189,1,109,103,60,43,39,29,81,156,196,210,223,72,81,149,196,7,50,176,155,184,235,246,164,235,145,229,122,233,165,20,106,222,135,214,20,197,49,116,47,232,34,87,130
00140 features=801 size=29 p=5 tap=18 reset=true scheme=3 ops=1,2,0,2,1,3,3,0,0,3,1,3,3,2,0,0,3,3,2,1,3,0,1,0,0,3,1,1,0,0,3,3,2,3,0,3,2,1,0,0,0,3,3,3,2,0,3,0,1,3,3,2,2,2,3,0,3,0,0,0,1,0,3,1 ks=0,125,204,0,0,0,44,90,200,213,152,0,14,136,0,0,0,0,230,0,0,0,0,43,0,45,0,0,0,236,246,0,0,129,0,161,64,58,236,106,0,83,0,0,0,23,5,30,246,0,0,0,0,0,116,39,0,31,0,0,0,0,0,115
00141 features=848 size=21 p=10 tap=61 reset=true scheme=5 ops=3,3,3,1,2,0,3,0,3,3,2,2,2,3,2,1,2,3,2,1,2,3,2,2,1,3,0,2,2,1,0,3,1,1,1,2,2,1,3,0,2,3,0,0,1,2,0,2,3,0,3,3,0,2,3,2,2,0,2,0,2,3,1,3 ks=0,151,247,0,0,0,0,251,0,171,0,251,0,77,0,192,0,0,102,44,0,0,41,65,0,197,0,0,216,255,0,0,0,0,0,66,0,154,0,129,0,0,0,0,191,0,0,253,0,0,0,0,0,0,0,0,0,0,16,0,0,151,0,0
00142 features=857 size=36 p=10 tap=45 reset=true scheme=3 ops=1,0,1,0,2,0,1,3,1,1,0,0,1,1,2,2,1,0,3,3,2,3,0,2,3,2,0,2,2,3,1,3,0,3,2,3,0,2,2,1,1,2,2,1,1,1,1,0,2,0,0,3,1,1,2,1,3,2,2,0,3,1,3,3 ks=0,98,215,0,122,0,52,251,71,106,0,0,157,0,0,31,81,251,0,0,21,39,0,0,188,0,41,0,184,0,0,34,0,0,189,117,101,0,99,102,223,31,42,0,0,0,2,0,15,0,0,0,234,227,89,99,141,242,137,0,172,0,0,236
00143 features=937 size=43 p=5 tap=25 reset=true scheme=4 ops=0,0,1,3,3,2,2,3,2,0,1,2,1,2,1,3,0,3,0,3,3,3,2,1,3,3,1,2,0,0,3,3,3,1,2,0,3,3,3,0,0,0,2,2,3,1,2,2,1,1,1,1,0,1,2,3,2,2,3,0,2,1,3,3 ks=41,53,18,0,173,101,243,35,0,57,99,39,0,0,0,83,17,198,180,77,83,159,0,188,238,58,213,16,0,140,104,0,213,253,0,29,228,0,89,0,242,105,0,0,0,46,20,0,40,18,220,0,0,0,166,156,90,0,215,253,0,91,72,0
00144 features=707 size=22 p=2 tap=20 reset=true scheme=3 ops=3,0,0,1,2,0,2,1,1,1,3,3,3,1,3,2,0,1,0,3,1,2,1,2,0,0,0,0,1,1,2,1,1,3,0,1,2,3,1,2,3,1,3,2,1,0,0,2,0,1,1,1,1,0,2,1,2,0,3,3,0,0,0,3 ks=144,0,0,202,0,0,0,0,0,0,0,0,0,0,0,0,147,220,128,0,34,0,44,0,222,0,0,0,0,23,0,44,216,0,235,0,0,0,0,203,0,77,31,0,0,0,124,109,0,54,0,0,0,0,37,0,0,46,0,0,106,255,0,0
00145 features=557 size=18 p=10 tap=43 reset=false scheme=1 ops=2,1,0,1,3,2,3,1,2,1,3,0,2,1,2,2,1,1,2,2,1,3,3,1,3,3,0,1,3,0,2,0,1,3,0,0,1,0,1,3,3,3,3,2,1,0,2,3,1,2,3,0,3,2,2,3,3,3,3,1,3,0,1,1 ks=0,75,0,0,0,245,0,0,128,0,0,0,0,0,206,251,152,0,202,0,0,168,0,0,0,0,0,0,0,0,170,194,0,0,22,0,0,0,0,0,0,0,71,100,192,0,0,0,0,128,0,0,0,0,154,0,169,0,224,0,0,0,0,0
00146 features=707 size=17 p=5 tap=29 reset=false scheme=4 ops=2,3,2,2,1,2,3,2,3,0,3,0,3,0,2,0,0,1,3,2,3,2,0,3,0,3,0,0,3,3,2,2,3,1,1,0,1,0,3,2,3,2,1,2,1,3,1,3,2,0,1,0,1,1,2,2,0,3,0,3,2,3,1,0 ks=0,250,0,205,0,75,0,0,0,0,86,0,0,0,0,221,0,0,0,0,0,98,34,150,0,0,0,44,173,0,6,0,0,208,0,0,79,0,0,5,0,0,0,0,0,0,0,206,0,0,0,0,0,66,0,0,0,0,0,0,0,0,0,20
00147 features=916 size=46 p=10 tap=8 reset=true scheme=5 ops=3,0,0,0,0,3,0,3,2,1,0,3,2,1,0,3,2,2,0,0,1,0,2,2,2,3,2,1,2,0,0,1,3,3,3,3,0,0,2,3,3,3,1,3,1,1,3,1,1,2,2,2,3,1,1,2,1,3,0,0,0,1,1,2 ks=0,0,0,200,108,28,64,0,156,117,173,174,64,7,29,224,0,45,0,155,131,104,190,226,92,0,125,0,218,87,211,197,22,0,121,153,237,138,190,31,0,0,0,238,0,254,0,96,60,247,200,0,116,100,70,0,129,238,156,173,23,0,125,0
00148 features=670 size=24 p=10 tap=26 reset=false scheme=3 ops=0,2,2,1,2,3,3,2,2,0,3,3,3,2,3,3,2,2,1,0,1,3,0,3,3,1,1,0,2,2,2,1,0,2,3,3,3,3,1,1,2,3,2,3,2,3,0,2,3,1,0,1,2,2,0,2,0,1,2,1,0,3,0,0 ks=0,0,130,0,0,0,153,0,0,0,73,0,0,231,38,46,0,0,0,61,96,0,126,0,0,0,58,0,0,0,0,211,144,0,0,0,224,19,130,0,0,0,190,0,0,0,149,0,0,0,0,0,251,0,38,45,0,0,0,68,182,0,8,155
00149 features=1008 size=64 p=10 tap=14 reset=true scheme=4 ops=1,1,1,3,2,0,3,1,2,1,3,0,3,0,3,2,1,0,0,0,1,0,0,3,3,3,0,2,2,2,3,0,2,3,2,2,0,1,2,2,3,1,1,3,1,3,1,0,2,2,3,0,0,2,1,3,0,1,2,1,3,2,2,2 ks=255,215,223,179,97,197,98,237,56,169,191,201,10,57,121,116,101,144,138,198,35,229,2,97,229,126,123,250,172,81,4,107,100,209,86,239,41,99,164,183,96,68,251,87,22,224,19,248,70,202,182,9,163,37,184,96,98,33,49,135,242,75,51,65
00150 features=791 size=19 p=1 tap=23 reset=true scheme=5 ops=1,1,0,2,2,0,1,0,0,2,0,3,2,3,2,3,1,1,2,0,3,3,1,1,1,0,3,3,3,3,2,1,2,0,1,0,0,1,3,1,2,2,3,3,3,2,1,0,3,1,0,2,1,0,3,0,1,0,2,2,1,2,2,3 ks=0,191,31,0,0,0,0,0,180,0,0,0,0,0,0,0,0,180,0,0,199,0,0,0,0,0,0,104,107,0,0,0,191,0,0,0,214,251,0,0,0,0,158,147,0,0,0,0,0,0,0,170,0,115,0,0,251,0,74,0,87,253,244,0
00151 features=862 size=45 p=10 tap=63 reset=false scheme=1 ops=1,2,3,3,1,2,2,1,1,3,0,1,0,1,0,1,3,1,2,2,1,1,0,0,3,3,0,1,1,0,3,2,0,0,1,1,1,3,3,0,3,2,1,2,2,2,2,1,0,0,3,0,3,2,3,1,1,3,3,2,3,1,2,3 ks=0,91,99,174,89,0,110,0,24,162,144,49,109,0,134,153,0,115,111,26,25,0,0,96,0,240,209,116,61,178,0,0,48,38,140,220,231,0,198,0,87,0,0,253,0,201,222,0,0,112,139,251,0,207,136,34,201,159,75,141,57,206,0,175
00152 features=1021 size=64 p=2 tap=9 reset=true scheme=1 ops=1,3,2,3,2,1,1,2,3,3,1,1,1,3,2,1,0,3,1,1,1,3,3,1,1,0,0,0,3,2,2,0,0,1,0,0,1,0,2,1,3,1,3,1,1,3,2,3,3,0,1,3,2,0,2,1,3,1,2,1,1,3,2,2 ks=237,102,66,159,4,96,209,113,200,1,127,225,31,181,64,253,151,60,60,155,21,247,239,94,127,127,226,53,8,170,21,219,47,153,7,245,204,53,203,156,190,246,170,169,112,28,228,203,99,73,122,51,193,127,245,85,172,144,44,220,35,236,242,128
00153 features=934 size=39 p=1 tap=51 reset=true scheme=3 ops=2,2,0,2,3,0,0,1,2,1,3,0,2,2,3,0,3,1,3,1,2,0,2,2,2,0,3,1,1,2,2,1,1,2,0,0,2,1,3,3,1,2,2,2,0,3,0,2,2,0,2,1,3,0,3,0,3,1,0,3,3,0,2,3 ks=235,102,119,0,20,0,0,215,116,164,0,1,220,44,179,212,155,12,0,214,145,0,0,0,180,43,0,79,243,0,137,0,135,0,76,0,232,188,167,0,0,51,81,147,233,0,0,171,7,88,0,0,0,53,0,0,33,0,0,71,237,0,102,5
00154 features=957 size=64 p=2 tap=25 reset=true scheme=3 ops=3,2,0,1,0,0,3,1,3,3,2,1,0,2,3,0,3,3,0,3,0,3,1,3,0,1,1,2,3,1,3,1,2,0,1,3,3,0,3,3,3,0,0,3,0,2,0,1,3,1,2,2,0,0,3,3,1,3,3,1,0,3,0,0 ks=27,66,248,36,227,114,224,212,25,77,242,172,62,252,47,35,233,5,251,199,101,71,57,25,61,124,236,103,157,3,115,86,37,195,32,181,38,84,121,47,230,7,49,183,136,117,22,9,122,107,213,196,202,139,171,140,163,68,30,193,47,205,58,175
00155 features=798 size=39 p=10 tap=9 reset=false scheme=4 ops=2,2,0,0,3,2,3,0,3,0,0,0,1,2,3,2,2,3,2,1,1,1,2,1,1,3,1,2,1,2,1,2,0,3,0,1,1,2,1,2,3,3,1,3,2,2,2,2,0,1,2,1,3,3,3,3,3,2,3,3,1,0,2,1 ks=50,53,217,111,119,22,115,139,0,182,0,84,0,117,0,223,42,42,48,142,38,0,0,0,0,0,214,0,0,47,0,70,74,0,142,225,0,1,0,47,0,199,183,129,0,254,0,0,0,46,0,36,253,0,184,0,47,83,0,21,0,86,193,28
00156 features=633 size=38 p=2 tap=22 reset=false scheme=0 ops=1,3,3,0,3,3,0,3,0,0,2,2,1,3,0,1,3,3,0,0,2,3,1,3,1,2,1,1,0,1,1,2,3,3,1,1,3,2,3,3,2,2,0,0,2,2,0,3,2,3,1,2,3,2,1,0,0,2,2,2,3,0,1,3 ks=135,211,0,0,0,198,45,0,0,195,11,100,0,0,194,88,226,0,208,117,0,0,101,0,0,140,219,0,225,105,0,255,31,0,137,43,128,83,0,196,157,45,0,116,0,0,177,255,160,0,0,43,41,227,0,0,185,97,86,0,252,0,0,129
00157 features=872 size=26 p=2 tap=33 reset=true scheme=2 ops=1,0,3,3,1,3,2,1,3,2,3,2,1,1,0,1,2,2,1,0,3,0,0,3,1,0,2,3,3,0,0,2,3,1,2,0,3,2,3,3,1,3,0,2,1,0,3,0,0,3,2,2,3,3,2,0,3,0,1,0,2,2,2,2 ks=214,0,0,0,221,142,170,52,0,93,107,200,0,0,73,0,225,0,31,0,0,0,69,0,0,0,173,0,41,78,0,0,0,0,0,246,206,0,0,177,0,209,0,0,0,178,77,160,239,0,0,0,0,0,0,0,0,0,33,0,0,27,251,0
00158 features=754 size=20 p=10 tap=24 reset=true scheme=3 ops=0,1,3,0,2,0,1,3,3,0,0,1,0,1,0,0,3,2,0,1,3,1,0,1,3,2,3,3,1,3,3,3,1,3,0,2,0,1,0,0,1,0,3,3,2,1,2,3,2,1,3,3,3,3,1,1,3,1,0,2,0,3,2,0 ks=0,97,70,108,0,62,196,0,0,0,0,18,0,0,0,0,195,0,0,106,0,0,0,0,115,0,0,0,90,0,241,187,0,0,0,0,48,0,0,0,0,0,0,0,174,117,0,227,0,0,154,0,0,0,169,0,17,0,0,0,0,223,0,0
00159 features=951 size=63 p=5 tap=12 reset=true scheme=3 ops=0,2,0,2,2,0,3,1,1,1,0,2,3,1,1,3,3,2,3,1,2,3,2,0,1,0,3,3,1,0,0,1,2,0,1,1,2,3,3,0,3,2,0,3,3,3,3,0,2,3,2,1,2,1,1,1,0,3,2,2,2,2,2,2 ks=169,203,208,143,162,192,33,201,192,82,30,142,111,96,231,67,205,76,64,254,52,233,55,253,236,179,206,0,161,114,252,83,59,180,193,252,142,104,51,194,196,146,98,117,8,178,198,30,177,84,102,38,24,153,74,62,174,118,120,55,244,45,190,186
00160 features=1005 size=62 p=5 tap=59 reset=true scheme=0 ops=2,2,1,3,1,3,3,3,3,1,1,2,1,2,3,2,1,2,0,3,1,2,2,3,2,0,1,3,2,1,1,0,0,2,1,3,1,3,2,2,1,2,0,2,3,2,1,3,3,3,0,2,2,0,3,1,0,1,3,2,2,1,3,0 ks=112,98,76,15,50,106,225,234,89,0,52,22,222,161,231,57,14,6,185,59,169,185,211,112,73,210,57,3,147,181,212,51,78,32,118,191,79,3,30,23,110,12,248,176,11,28,238,56,112,61,147,0,177,24,113,231,72,139,177,164,32,144,108,177
00161 features=618 size=19 p=1 tap=39 reset=false scheme=5 ops=1,0,0,3,1,0,1,1,1,0,0,3,2,0,1,0,0,3,3,1,1,2,1,0,2,1,1,3,3,1,1,2,2,3,0,3,2,3,2,3,3,3,0,2,0,3,0,1,2,3,2,1,2,3,3,1,3,1,2,1,0,0,0,2 ks=162,0,0,0,223,0,0,0,97,114,0,0,0,0,0,0,232,0,0,11,0,44,0,0,0,0,123,0,0,0,0,0,125,0,0,237,0,0,12,235,0,0,0,18,178,0,245,0,0,0,142,214,0,0,103,0,79,0,0,0,0,0,0,0
00162 features=972 size=45 p=5 tap=24 reset=true scheme=0 ops=3,1,2,2,2,3,0,2,1,0,0,3,0,0,2,0,0,3,3,2,2,1,1,3,2,1,2,1,2,0,0,3,0,3,0,2,1,1,0,2,1,2,3,3,3,2,0,2,1,1,1,3,0,0,3,2,2,0,2,3,0,3,0,1 ks=244,0,138,205,190,111,142,0,0,0,220,0,8,68,229,154,9,148,0,8,0,148,86,95,221,224,166,194,0,119,184,246,0,162,0,0,221,132,143,0,0,139,207,91,0,236,180,0,242,90,54,0,187,74,0,0,238,189,201,0,60,250,141,168
00163 features=597 size=20 p=1 tap=6 reset=false scheme=3 ops=2,2,1,1,3,1,3,3,3,2,2,2,1,3,3,3,2,2,0,0,1,0,0,3,3,0,1,3,3,1,0,0,3,1,3,1,1,1,0,1,2,1,1,2,0,2,1,2,1,3,0,3,0,3,3,1,3,0,2,1,2,0,1,3 ks=0,0,0,0,0,32,0,0,0,0,0,10,14,0,0,0,0,0,0,0,0,195,27,221,0,0,37,0,0,187,55,0,0,0,251,0,0,0,0,0,0,130,0,0,94,0,0,143,2,130,0,0,232,0,0,167,236,0,86,0,0,49,0,0
00164 features=701 size=13 p=5 tap=25 reset=false scheme=2 ops=0,3,3,1,0,2,1,2,1,1,2,2,1,0,0,0,2,3,3,2,3,3,1,2,3,0,3,1,3,2,2,2,3,0,3,0,0,0,2,0,2,2,0,3,3,1,0,1,0,0,3,2,1,0,3,1,2,2,3,3,3,2,1,0 ks=0,0,0,135,0,0,217,0,0,0,0,160,0,0,0,0,0,215,0,136,0,218,0,0,0,0,0,98,0,0,0,0,0,0,0,28,0,104,0,0,0,0,0,0,0,0,79,0,0,0,171,0,0,0,0,0,0,0,96,0,0,104,0,0
00165 features=980 size=64 p=1 tap=42 reset=true scheme=3 ops=2,2,3,2,1,0,1,2,1,3,3,2,3,2,2,1,3,0,1,3,2,3,3,3,1,3,0,3,0,0,3,3,3,0,3,1,2,0,0,0,0,2,3,2,2,3,0,3,3,0,2,1,0,1,2,2,1,3,1,2,0,2,2,0 ks=6,124,80,58,121,220,231,37,8,81,80,224,38,99,136,87,227,58,168,161,47,75,131,154,188,236,33,155,7,254,225,27,86,246,19,84,243,174,89,32,30,213,179,233,94,8,255,166,245,117,58,168,18,201,44,13,89,71,133,123,88,30,169,126
00166 features=954 size=43 p=2 tap=15 reset=true scheme=4 ops=0,2,3,3,1,1,1,1,0,1,2,0,0,3,3,3,1,0,3,3,3,2,3,1,3,3,2,2,2,2,3,2,1,3,2,0,3,3,0,2,0,2,1,0,2,3,2,0,2,3,3,0,0,1,0,0,1,1,1,3,3,1,3,1 ks=254,28,32,81,119,72,157,0,0,0,31,0,138,97,18,142,169,0,32,29,0,49,0,49,0,0,0,0,18,0,0,153,224,218,34,0,171,0,0,0,189,50,215,192,39,150,0,62,28,165,54,164,181,110,0,81,231,183,149,22,0,0,88,98
00167 features=972 size=64 p=2 tap=4 reset=true scheme=3 ops=0,0,2,1,2,1,2,0,1,1,1,3,1,2,2,1,3,0,1,2,1,1,1,0,3,1,2,2,1,0,3,3,3,0,3,1,2,1,2,3,3,1,1,2,3,3,3,0,0,0,3,3,0,1,1,1,3,3,0,2,1,2,0,2 ks=41,163,239,184,54,214,152,70,252,68,90,244,101,28,203,157,9,121,131,201,25,228,218,88,246,249,229,66,120,96,186,113,113,58,151,193,40,106,133,145,56,79,133,191,138,38,200,204,76,179,147,77,222,89,202,28,195,166,63,249,147,142,231,64
00168 features=925 size=64 p=5 tap=60 reset=true scheme=3 ops=0,2,0,3,0,3,0,1,3,1,3,1,2,0,1,0,2,2,3,3,1,0,0,2,0,0,1,2,0,3,1,2,1,1,0,1,2,0,2,3,2,1,0,2,0,2,3,3,3,0,0,1,2,3,3,0,0,1,1,1,0,0,3,2 ks=214,209,100,252,25,125,240,41,82,113,190,49,154,23,182,231,92,235,87,33,252,231,180,52,190,12,62,24,61,66,49,31,11,65,184,149,149,124,133,23,95,78,126,138,246,138,98,188,94,42,155,7,79,222,84,24,30,43,95,234,19,107,112,41
00169 features=995 size=64 p=1 tap=60 reset=false scheme=2 ops=2,0,3,2,0,3,1,2,3,1,1,2,2,3,0,1,1,1,2,0,0,1,3,1,1,0,3,1,1,3,1,2,3,0,2,3,3,1,3,1,0,0,3,0,0,2,2,3,0,0,0,1,1,3,3,2,3,0,1,0,3,0,2,0 ks=60,111,6,144,147,235,232,129,177,21,144,4,91,172,243,233,212,68,56,64,116,104,91,30,50,231,91,61,216,89,135,78,37,222,172,112,31,162,68,221,67,43,156,101,198,197,2,36,112,152,1,152,245,120,139,223,226,60,129,48,158,59,140,37
00170 features=936 size=64 p=2 tap=14 reset=true scheme=3 ops=3,0,1,1,1,1,1,3,0,2,2,3,0,2,3,0,0,1,1,3,2,0,1,0,2,2,2,2,3,2,3,2,0,1,0,1,2,3,2,1,1,1,3,0,1,1,2,2,1,1,2,2,1,2,0,0,3,0,1,1,1,0,1,2 ks=16,228,52,3,247,7,200,82,255,147,34,79,207,17,48,157,45,120,170,87,167,173,219,149,41,47,203,10,239,71,49,152,85,126,56,6,202,172,90,114,252,240,138,136,141,217,161,219,102,201,99,241,1,127,85,16,184,98,210,82,151,194,89,77
00171 features=857 size=48 p=10 tap=39 reset=true scheme=3 ops=0,2,1,2,0,0,2,2,3,2,3,3,3,2,2,1,3,3,0,1,1,0,3,3,1,1,0,1,1,0,0,0,0,1,0,3,2,3,3,3,0,0,3,0,0,3,0,1,0,0,3,0,1,3,2,1,2,1,1,2,3,1,0,3 ks=133,0,0,9,0,178,73,97,34,0,0,124,220,186,0,40,162,66,136,178,102,0,119,60,0,124,58,229,252,248,82,220,22,0,165,73,74,0,83,0,108,178,0,0,178,184,0,31,102,154,133,0,115,35,106,21,61,0,250,67,88,173,157,228
00172 features=629 size=21 p=2 tap=39 reset=false scheme=5 ops=0,2,0,3,3,3,1,3,2,1,2,0,0,0,3,1,3,2,1,0,3,0,0,1,3,2,0,1,3,3,2,2,1,3,2,0,0,2,3,2,2,3,3,3,0,2,3,3,3,3,2,1,1,3,2,3,2,3,0,1,0,0,0,1 ks=0,0,4,66,0,0,0,5,0,0,118,0,35,64,0,40,0,0,74,0,0,0,0,0,112,0,0,0,0,0,0,70,77,0,0,0,0,0,0,0,0,159,0,0,202,0,0,79,235,0,0,107,0,206,35,107,0,0,248,77,0,0,0,0
00173 features=971 size=41 p=5 tap=26 reset=true scheme=0 ops=0,3,0,0,0,3,3,3,3,1,3,2,1,1,3,3,3,1,0,3,3,1,0,1,3,3,3,0,3,2,1,3,0,2,2,3,2,3,2,3,0,3,2,3,2,0,1,0,2,2,2,0,1,3,1,1,0,1,1,2,3,0,0,1 ks=0,0,186,43,104,248,0,0,0,0,156,0,239,81,175,69,175,0,15,0,0,83,0,12,0,48,171,91,243,15,109,0,83,253,97,254,0,0,0,0,0,93,152,254,0,0,222,252,86,0,0,131,250,89,76,133,0,179,84,196,134,35,97,40
00174 features=940 size=46 p=10 tap=39 reset=true scheme=1 ops=1,0,3,3,3,0,0,3,2,1,0,1,1,3,1,2,3,2,0,0,0,0,1,0,0,2,1,2,0,3,3,1,0,3,2,1,0,3,3,3,1,2,0,1,2,0,1,3,1,1,3,0,3,1,1,1,2,1,2,2,0,3,3,0 ks=0,0,0,202,221,118,0,129,0,15,0,115,76,16,129,82,124,0,14,0,230,158,71,20,0,0,66,240,63,57,157,235,222,63,0,130,135,0,181,0,0,199,10,195,81,159,152,0,32,130,132,129,111,26,0,0,189,8,126,0,203,158,125,106
00175 features=801 size=20 p=10 tap=35 reset=true scheme=5 ops=1,2,1,0,1,1,2,1,2,0,1,1,2,2,1,0,3,3,3,1,2,2,1,2,0,3,1,3,3,1,3,2,2,1,3,2,3,3,1,0,1,2,0,3,2,0,2,1,3,3,3,0,0,2,1,3,0,1,2,1,0,1,3,1 ks=130,81,36,67,2,0,0,0,183,0,120,0,0,0,0,0,0,0,0,0,0,0,0,0,0,0,0,0,0,0,0,0,36,198,0,0,0,0,0,14,1,0,0,0,156,0,0,0,0,0,222,0,63,0,237,0,0,55,0,135,226,122,127,0
00176 features=994 size=64 p=5 tap=23 reset=false scheme=4 ops=1,1,0,0,1,2,2,1,3,3,3,3,3,0,3,1,1,2,2,2,1,2,3,2,2,1,2,3,1,0,3,3,0,1,0,0,3,2,2,3,1,3,1,3,1,1,3,1,2,3,0,3,1,0,2,0,3,1,3,0,3,2,2,3 ks=137,164,127,179,201,64,83,188,1,200,204,225,171,51,244,238,52,214,118,140,197,93,162,181,120,180,15,171,11,173,68,2,99,229,102,244,24,254,83,211,231,255,137,91,31,34,31,250,96,224,182,169,110,11,165,188,90,24,116,46,224,128,74,187
00177 features=795 size=26 p=5 tap=39 reset=false scheme=4 ops=3,1,0,0,1,1,3,1,1,0,1,3,3,1,0,1,2,0,3,2,1,3,0,2,0,0,0,3,1,0,0,3,0,2,3,1,3,3,2,0,3,3,0,2,2,2,1,0,2,0,1,1,2,2,2,0,2,3,2,1,2,3,0,2 ks=0,0,0,0,86,0,0,44,0,0,0,0,119,0,0,55,0,0,156,43,0,19,173,0,7,0,66,0,224,0,46,66,0,137,225,0,0,0,0,0,0,0,0,124,0,176,0,79,0,230,0,208,80,0,0,24,0,0,49,0,157,186,0,240
00178 features=754 size=14 p=10 tap=55 reset=true scheme=3 ops=3,3,2,3,3,0,0,2,2,3,2,2,3,2,3,0,2,0,0,0,3,2,0,2,0,0,0,0,2,1,3,1,2,1,2,1,0,0,1,2,1,1,3,2,1,0,1,2,0,1,2,2,3,1,3,3,1,0,1,3,1,3,0,1 ks=160,0,0,0,120,67,0,0,0,0,0,0,0,108,0,0,0,3,119,0,0,0,0,83,172,240,0,0,0,0,0,87,0,217,0,0,0,223,0,0,0,0,0,220,0,0,240,0,0,0,0,0,0,0,0,0,0,0,0,0,0,0,0,0
00179 features=646 size=19 p=5 tap=54 reset=false scheme=4 ops=1,1,2,2,1,3,0,3,3,0,2,0,2,1,3,0,1,1,0,3,3,2,0,1,1,1,0,0,1,0,0,3,3,3,1,3,1,1,2,1,1,3,3,0,1,2,3,3,3,2,3,1,2,1,1,2,0,1,2,2,0,0,2,3 ks=84,52,0,0,0,188,142,254,0,0,0,0,0,0,144,73,0,0,81,0,0,0,0,0,0,54,0,79,0,0,0,0,0,0,247,24,53,0,106,0,0,0,0,72,0,0,0,170,0,0,0,0,0,0,0,236,0,0,0,86,0,210,0,0
00180 features=822 size=21 p=2 tap=36 reset=true scheme=4 ops=1,1,2,0,2,0,0,0,3,1,3,2,3,3,2,2,1,3,1,0,3,1,3,1,0,2,1,0,2,0,2,1,3,0,3,1,1,0,0,3,0,0,0,3,2,1,0,2,3,0,0,0,2,0,2,1,2,0,2,2,0,0,0,0 ks=0,0,0,72,138,0,0,102,0,0,0,17,78,0,133,0,156,189,0,0,0,1,86,0,0,0,0,0,57,168,0,0,0,0,0,0,158,0,230,214,0,0,0,0,197,0,0,0,30,0,0,154,175,0,0,0,203,0,0,0,0,0,174,0
00181 features=856 size=23 p=10 tap=23 reset=true scheme=2 ops=2,2,3,2,1,1,2,0,1,2,3,0,3,2,3,2,0,3,2,0,2,3,1,0,1,0,2,0,0,2,0,2,3,2,1,1,0,3,3,1,2,2,3,1,0,3,0,0,1,1,1,2,0,1,1,3,3,0,3,2,3,0,1,0 ks=0,0,0,0,31,0,0,152,0,0,0,0,0,0,0,0,157,223,0,0,0,0,0,0,0,150,0,0,35,0,0,0,254,138,130,0,44,48,117,185,0,165,25,0,0,0,0,244,0,157,0,0,163,0,0,23,102,0,0,18,254,0,198,0
00182 features=985 size=64 p=10 tap=50 reset=false scheme=1 ops=3,0,0,2,0,0,0,2,1,3,1,0,1,2,3,3,1,3,1,1,0,0,1,2,3,1,1,1,2,3,0,2,1,3,2,2,3,0,2,1,3,2,3,1,2,2,3,0,0,1,3,0,1,0,2,2,3,0,0,3,0,2,1,1 ks=75,150,240,188,69,220,14,70,91,203,84,103,93,144,152,29,100,67,156,228,198,232,51,74,54,237,200,101,23,253,120,54,247,64,27,83,201,47,3,41,130,12,52,5,82,174,190,244,199,99,198,239,199,82,255,140,115,1,20,12,41,186,225,212
00183 features=922 size=38 p=5 tap=55 reset=true scheme=4 ops=0,2,3,0,0,3,1,3,1,0,2,0,1,1,3,2,0,1,3,3,2,0,0,1,1,0,2,1,3,0,0,3,1,0,0,1,3,2,3,1,2,0,0,3,3,0,1,2,0,2,1,1,2,2,3,3,1,3,2,1,2,1,3,1 ks=0,168,0,136,0,70,12,207,166,180,0,0,33,116,0,0,11,0,51,62,30,55,142,150,158,0,224,6,0,0,96,0,59,0,90,38,74,0,153,0,209,0,0,145,0,0,0,169,0,84,0,0,0,73,188,185,137,227,79,156,83,69,0,0
00184 features=824 size=41 p=1 tap=26 reset=false scheme=5 ops=3,1,2,1,0,2,2,3,1,2,2,3,2,2,1,2,1,0,0,3,2,3,3,2,3,3,0,2,0,2,3,2,3,2,2,3,0,1,2,3,3,3,0,1,1,2,0,0,3,1,0,3,3,3,3,0,3,2,1,3,3,2,1,2 ks=188,208,99,108,194,64,0,22,0,0,243,157,0,0,0,110,125,0,203,0,137,76,76,130,0,127,14,132,0,178,0,0,0,5,225,0,36,0,178,92,0,188,0,61,0,87,60,0,214,8,0,0,191,175,0,0,118,115,153,246,78,193,181,119
00185 features=887 size=27 p=5 tap=24 reset=true scheme=3 ops=0,2,0,0,3,3,2,2,3,2,3,0,2,2,2,1,3,2,3,3,1,3,2,2,0,2,1,1,1,2,0,3,1,3,2,1,3,1,3,2,3,1,2,2,0,0,1,3,1,3,3,0,1,0,3,0,3,3,2,3,1,2,3,1 ks=243,0,46,0,0,10,0,0,27,0,0,0,0,0,0,242,111,0,228,118,129,28,0,0,229,0,212,23,0,0,0,193,65,133,67,0,0,64,0,207,224,0,14,0,0,0,241,0,0,0,0,28,0,0,145,214,0,0,0,0,191,0,0,241
00186 features=815 size=43 p=1 tap=51 reset=false scheme=5 ops=3,1,1,3,0,1,1,2,2,1,3,3,3,3,3,2,2,0,2,2,3,1,2,2,3,0,2,1,0,1,1,1,3,1,2,0,3,0,2,1,3,3,0,0,1,1,3,1,1,1,2,3,1,1,3,1,2,1,2,2,1,1,2,3 ks=0,16,0,131,181,0,47,170,189,184,189,123,222,0,169,0,128,0,213,0,246,167,48,22,103,0,0,104,94,189,48,144,0,0,0,190,174,253,139,70,0,39,0,128,0,0,34,0,0,207,82,0,49,93,26,234,180,123,56,0,79,202,0,188
00187 features=983 size=63 p=10 tap=46 reset=false scheme=0 ops=0,3,3,2,1,1,2,1,2,0,0,0,2,1,3,1,1,2,3,1,0,1,1,3,2,3,1,0,0,1,1,0,0,0,0,3,1,3,2,0,2,1,0,0,3,3,3,0,3,2,3,0,2,0,0,2,0,3,3,1,3,2,1,3 ks=243,251,218,58,129,145,54,77,255,197,119,197,213,45,100,236,180,33,0,75,87,123,192,231,186,89,62,73,215,106,123,5,133,232,127,22,121,246,41,66,45,26,203,13,73,123,113,98,71,69,253,133,118,58,36,17,184,226,244,97,228,7,62,113
00188 features=960 size=64 p=5 tap=23 reset=true scheme=3 ops=3,2,3,3,3,0,3,2,1,2,1,2,3,0,2,2,1,3,2,0,1,3,2,2,2,1,2,3,2,3,3,1,2,1,3,0,2,3,0,0,0,1,0,0,0,0,2,2,0,0,2,0,3,0,2,0,1,0,2,2,1,2,3,3 ks=211,207,40,10,27,236,59,2,140,7,253,254,202,214,192,152,33,230,191,242,99,4,146,170,83,134,57,85,11,247,183,176,114,54,192,161,194,200,56,11,109,234,66,141,132,215,39,245,66,138,92,27,126,81,189,62,38,126,197,57,211,43,65,172
00189 features=632 size=16 p=5 tap=24 reset=false scheme=2 ops=0,0,0,3,2,3,0,1,0,0,2,1,1,3,3,2,1,2,3,2,2,3,3,1,1,1,0,0,3,3,2,1,3,2,1,3,2,2,2,1,2,0,2,0,0,2,2,0,0,1,0,1,0,2,2,0,1,1,3,3,2,0,2,2 ks=140,0,30,0,0,0,0,0,0,0,0,0,0,0,68,115,0,0,0,0,151,0,59,0,0,0,0,0,0,0,64,0,0,0,0,0,0,156,0,0,0,153,0,96,119,0,0,239,0,0,0,35,0,0,0,0,0,0,101,0,0,52,240,0
00190 features=785 size=19 p=1 tap=44 reset=true scheme=3 ops=2,0,1,2,2,0,3,3,0,2,0,3,3,1,2,2,2,0,2,2,0,3,1,3,3,0,0,0,3,2,1,1,1,0,0,3,2,1,2,1,1,2,3,3,3,3,1,2,1,1,0,2,1,3,3,1,0,0,2,3,2,1,3,2 ks=0,0,126,62,0,0,0,58,0,0,194,0,0,0,125,27,0,0,0,0,0,0,0,0,0,0,162,0,0,16,0,25,0,0,0,255,0,0,0,0,0,0,13,0,42,0,0,0,181,250,0,160,120,0,0,28,0,0,13,0,8,0,0,0
00191 features=958 size=64 p=10 tap=21 reset=true scheme=3 ops=0,3,2,1,0,2,1,2,0,0,0,0,2,0,1,0,3,2,0,3,3,3,2,2,0,3,0,0,1,0,2,2,2,3,2,3,3,1,1,0,3,2,0,3,3,3,0,1,2,0,3,2,0,2,2,2,0,1,1,3,2,1,1,2 ks=153,248,220,255,156,239,29,199,171,3,58,59,200,20,209,82,235,71,219,178,158,193,62,199,86,137,106,115,212,68,3,176,104,125,150,16,38,6,78,2,18,158,140,158,65,78,48,113,109,128,116,28,71,21,195,239,212,26,119,224,167,223,24,220
00192 features=921 size=39 p=2 tap=24 reset=false scheme=5 ops=2,2,1,2,2,0,3,0,0,1,1,1,0,1,2,0,3,0,2,2,0,1,3,2,0,2,2,0,1,1,2,3,0,3,3,0,1,3,0,2,0,1,0,0,1,0,2,0,1,0,2,2,3,0,1,3,0,3,0,3,2,2,0,2 ks=205,247,78,12,136,97,206,50,198,0,61,199,90,0,0,168,0,92,154,0,254,17,0,155,0,112,0,0,0,190,0,212,0,205,197,14,63,220,0,136,0,116,203,199,0,86,132,0,158,0,0,193,0,0,0,218,0,0,0,243,4,0,51,20
00193 features=597 size=16 p=10 tap=5 reset=false scheme=0 ops=3,3,1,1,2,3,3,2,3,1,3,2,3,3,0,3,3,0,1,1,2,1,0,3,3,1,2,2,3,1,3,0,1,1,0,3,3,2,0,0,0,1,0,0,1,1,3,1,2,3,1,0,2,2,0,3,0,1,0,1,0,1,0,1 ks=0,0,0,0,0,110,0,0,0,20,41,36,0,0,0,235,0,0,0,0,0,62,0,0,129,112,0,0,0,0,0,144,0,70,144,0,0,0,10,0,113,0,0,0,148,0,0,0,0,239,0,0,0,0,0,0,99,0,0,0,0,0,0,0
00194 features=759 size=22 p=5 tap=58 reset=false scheme=2 ops=3,2,2,3,1,3,0,3,2,3,0,3,2,3,0,2,1,1,2,3,2,2,1,3,3,3,3,0,2,3,2,1,0,1,0,1,0,1,1,0,2,0,3,2,0,2,0,0,0,3,0,2,3,1,1,1,1,1,0,1,3,2,0,3 ks=203,0,0,238,0,112,0,0,0,0,232,0,188,0,175,0,56,0,0,0,172,0,116,0,0,0,0,0,0,103,0,234,0,0,0,95,0,0,0,43,0,0,0,102,0,0,0,115,0,254,0,0,0,207,0,22,131,207,0,0,0,90,21,0
00195 features=983 size=64 p=2 tap=26 reset=true scheme=3 ops=0,3,0,1,3,1,3,2,1,2,1,2,0,1,2,2,0,1,3,1,2,3,3,2,0,3,2,2,1,0,2,3,2,1,2,1,1,0,3,3,1,0,1,1,1,1,3,3,3,1,3,1,1,1,1,3,0,0,3,3,1,1,2,0 ks=68,210,202,136,188,1,9,204,48,170,22,43,118,130,16,172,225,128,9,174,253,76,89,201,42,155,75,90,130,47,162,145,62,187,83,201,197,60,127,17,116,185,148,217,130,13,54,16,43,192,233,103,167,87,236,134,12,95,72,79,179,232,207,44
00196 features=923 size=43 p=1 tap=17 reset=true scheme=0 ops=2,2,0,3,3,0,2,0,0,3,2,1,2,0,3,0,3,0,2,1,0,0,0,3,2,0,1,3,1,0,1,3,3,0,1,2,1,2,0,3,0,1,1,1,0,2,1,2,2,0,3,1,2,2,2,1,2,0,3,0,3,2,2,3 ks=0,0,0,4,0,37,187,120,162,212,93,114,235,0,0,0,16,14,81,23,87,0,170,0,0,6,0,74,123,49,20,0,174,45,0,0,104,137,190,246,53,33,0,217,0,241,213,109,220,0,0,0,0,63,222,0,11,117,161,196,65,6,48,229
00197 features=784 size=35 p=5 tap=30 reset=true scheme=3 ops=1,2,0,3,0,3,1,2,0,3,2,3,1,1,3,2,2,3,0,0,0,0,0,3,0,2,3,1,2,1,3,3,3,1,2,2,1,3,3,3,3,2,1,0,0,2,0,0,0,1,0,0,1,2,2,1,1,1,1,0,2,0,2,1 ks=0,0,120,72,46,12,228,45,73,0,0,116,0,95,0,0,161,153,95,0,89,0,186,0,0,0,247,245,0,0,153,32,0,53,147,143,181,0,0,0,129,0,0,73,0,14,0,210,10,0,130,139,0,147,102,173,0,42,0,0,232,29,0,0
00198 features=777 size=21 p=5 tap=5 reset=true scheme=4 ops=2,1,3,3,2,1,0,3,3,0,1,1,3,2,1,2,0,2,2,0,3,0,1,1,0,0,0,1,0,1,0,2,1,3,2,0,0,3,1,3,3,3,3,1,3,0,1,2,0,1,1,0,0,3,2,2,1,3,2,2,3,2,0,2 ks=128,152,0,74,82,0,0,126,126,0,0,154,191,0,0,249,0,0,0,177,147,247,0,143,0,0,0,0,0,0,165,0,0,0,0,162,0,0,0,152,0,0,0,135,0,186,0,0,0,0,0,0,88,0,0,91,0,0,0,31,0,0,0,0
00199 features=934 size=64 p=10 tap=40 reset=true scheme=3 ops=0,1,0,0,0,2,0,3,2,1,2,1,2,3,3,3,2,2,1,2,1,3,2,3,3,2,3,0,1,1,2,2,0,2,2,0,2,2,1,1,3,2,0,3,0,0,0,2,2,1,0,0,0,2,3,1,2,3,0,1,1,2,1,0 ks=34,131,163,66,116,9,142,228,221,226,35,88,151,86,252,137,155,126,48,141,143,183,90,105,216,199,52,253,98,39,28,56,208,197,114,25,215,141,155,147,217,81,250,235,85,122,52,86,119,23,223,3,153,87,53,170,150,167,15,17,199,109,141,246
00200 features=942 size=45 p=1 tap=34 reset=false scheme=4 ops=0,0,0,0,2,3,3,1,0,0,3,3,1,1,0,3,1,1,0,3,3,2,2,3,2,2,2,2,1,1,0,1,3,2,2,1,1,0,3,0,3,0,2,1,0,2,2,2,0,2,3,2,3,3,0,3,2,0,2,1,1,3,1,0 ks=44,26,55,0,0,7,185,51,0,73,117,190,90,213,52,54,116,49,0,171,0,81,0,89,219,0,0,123,0,0,40,239,0,234,246,0,0,165,161,0,100,219,108,234,36,186,237,0,0,51,183,0,233,11,243,139,63,94,0,75,221,225,0,131
00201 features=995 size=64 p=1 tap=4 reset=true scheme=3 ops=1,0,1,0,3,3,1,3,0,1,2,2,2,1,1,2,0,2,2,1,0,1,1,0,3,3,3,2,3,1,0,3,1,0,1,3,2,2,1,2,1,0,1,2,2,3,2,0,2,3,3,0,3,3,1,3,2,1,1,3,3,1,0,2 ks=139,98,142,245,165,236,75,190,31,87,186,41,234,6,42,114,205,246,171,225,70,74,194,67,154,206,186,74,226,33,203,181,132,240,160,54,90,115,142,149,107,91,18,23,25,156,119,10,232,164,199,136,56,145,90,7,89,231,166,235,59,138,98,249
00202 features=982 size=64 p=10 tap=34 reset=false scheme=0 ops=2,2,2,2,2,1,1,0,2,1,2,2,0,0,1,3,3,0,2,3,3,3,2,3,1,2,1,3,2,0,1,0,3,1,3,0,3,1,0,3,2,1,3,1,2,2,0,1,0,0,3,2,3,2,3,2,2,3,1,1,0,3,0,2 ks=51,182,74,245,215,187,191,179,90,176,220,134,247,93,101,102,247,106,69,86,150,69,91,34,63,182,9,28,102,245,126,232,83,215,162,94,3,59,69,209,77,103,204,179,255,245,158,177,54,211,9,226,44,93,237,158,91,191,248,123,160,106,115,54
00203 features=885 size=42 p=2 tap=11 reset=false scheme=4 ops=3,2,3,2,3,0,3,2,3,3,3,3,2,0,1,0,1,1,2,0,3,2,3,3,1,2,3,3,3,1,3,2,1,0,2,0,2,2,0,0,3,3,2,1,2,1,0,0,1,1,2,3,3,3,0,3,0,1,0,2,0,2,1,0 ks=0,0,69,0,67,84,0,95,120,0,195,105,250,0,191,3,119,0,82,122,90,40,0,230,36,31,124,0,127,152,17,252,0,116,8,232,0,0,211,164,89,0,137,0,0,170,0,0,196,84,0,3,9,118,0,25,60,0,129,78,0,145,0,181
00204 features=758 size=20 p=2 tap=6 reset=true scheme=3 ops=0,0,3,3,2,0,0,2,0,3,0,0,3,3,1,0,2,3,1,0,2,2,2,0,3,1,2,0,2,3,1,1,1,3,0,2,2,0,3,0,3,3,2,2,3,0,1,0,0,1,0,0,0,1,2,0,3,3,1,3,0,1,0,2 ks=0,141,0,0,0,0,0,0,0,0,228,0,0,0,0,128,0,0,61,230,0,170,0,0,174,0,150,0,0,0,0,0,0,161,237,0,0,163,0,0,0,0,0,0,134,186,0,246,0,0,79,0,0,0,0,183,22,0,0,0,103,113,0,28
00205 features=890 size=40 p=5 tap=4 reset=true scheme=3 ops=0,1,0,0,3,3,0,0,2,0,2,3,3,2,2,3,3,3,2,1,0,1,2,3,3,2,2,2,2,2,2,1,1,1,0,0,3,3,0,2,2,1,0,2,0,2,2,2,2,1,0,1,2,2,1,0,3,0,1,2,1,3,2,3 ks=34,11,31,40,220,76,0,0,153,0,147,0,51,102,151,0,0,0,0,0,253,10,103,0,13,97,0,47,152,102,0,246,84,197,0,240,0,188,0,26,198,0,70,152,227,95,0,127,0,237,0,209,0,190,97,0,212,156,0,0,0,149,253,51
00206 features=971 size=21 p=10 tap=54 reset=true scheme=5 ops=0,1,2,0,0,3,3,0,0,3,3,3,1,1,1,0,2,2,3,2,3,1,0,0,1,3,3,1,0,3,0,3,2,0,2,0,1,0,0,0,2,3,3,3,3,3,0,2,0,2,0,0,2,2,3,0,3,3,2,0,2,0,0,0 ks=172,225,29,197,0,0,0,97,179,0,0,88,0,178,0,0,196,0,4,0,0,197,0,0,233,0,0,187,0,32,66,0,0,0,0,219,0,0,0,0,0,8,0,238,7,0,0,139,0,0,0,144,0,0,0,0,0,0,0,0,0,0,0,0
00207 features=897 size=47 p=5 tap=35 reset=false scheme=1 ops=2,0,0,1,1,0,1,0,2,2,3,1,2,3,3,2,1,0,0,2,1,1,2,1,3,0,1,1,3,1,2,1,0,1,0,3,0,3,2,1,2,1,3,1,2,0,3,2,1,1,2,1,2,0,0,3,2,2,2,2,0,3,0,1 ks=0,124,253,156,0,0,209,181,0,217,234,145,147,0,189,62,112,186,0,70,234,169,55,94,239,79,25,0,0,213,186,0,120,60,136,254,187,242,0,140,0,247,223,119,0,118,219,227,174,242,7,0,0,0,33,105,98,72,80,0,32,156,0,246
00208 features=845 size=20 p=1 tap=33 reset=true scheme=2 ops=1,2,0,0,1,2,2,1,3,1,3,1,1,3,1,2,2,3,0,1,3,3,3,0,2,3,0,0,3,0,0,1,3,1,2,3,2,0,0,3,0,2,0,2,3,0,0,0,1,3,1,0,2,0,2,2,0,2,3,0,0,3,2,3 ks=50,0,0,0,0,0,159,0,0,40,250,0,0,0,0,191,0,0,0,0,254,0,0,207,0,0,0,0,0,0,50,208,0,0,0,139,0,0,20,48,0,0,0,0,0,0,0,0,242,34,0,0,0,29,217,0,71,23,147,0,0,61,0,0
00209 features=669 size=23 p=1 tap=6 reset=false scheme=3 ops=0,3,3,2,3,1,1,3,1,1,3,3,3,1,1,1,3,3,2,3,1,3,2,3,3,2,3,3,1,0,2,0,2,0,3,1,2,0,0,2,0,0,2,0,3,3,1,1,0,0,0,0,0,2,2,2,2,1,1,2,3,1,3,3 ks=0,171,0,133,0,0,0,0,22,0,29,0,245,0,102,63,114,252,0,0,0,0,0,0,2,60,105,0,21,239,75,0,0,0,157,0,0,81,0,19,121,0,0,198,0,0,0,0,0,0,0,0,0,0,0,0,255,0,236,0,0,0,120,0
00210 features=801 size=22 p=1 tap=34 reset=false scheme=0 ops=1,3,3,0,2,3,0,2,0,1,1,0,2,2,1,2,2,0,1,1,0,2,1,1,0,2,2,2,0,2,0,0,3,1,0,0,1,0,0,2,1,0,2,2,2,0,1,1,2,2,3,0,2,1,2,2,3,1,0,1,0,2,2,0 ks=107,0,0,0,42,0,0,0,0,0,0,30,0,200,0,0,103,179,0,0,237,0,138,120,0,0,32,0,150,0,48,23,0,0,140,0,225,49,0,0,0,0,224,0,254,0,0,0,0,0,109,0,0,0,134,0,72,0,0,0,31,0,0,0
00211 features=1013 size=64 p=10 tap=14 reset=false scheme=5 ops=3,2,0,1,0,0,2,3,1,0,0,2,2,3,3,3,3,1,3,3,3,1,1,2,3,0,1,1,0,3,3,2,1,1,0,0,2,3,3,2,3,1,0,2,0,2,2,2,1,3,2,3,2,0,0,0,2,3,0,0,1,3,2,3 ks=255,66,32,34,74,23,251,167,206,114,96,89,145,152,168,136,122,120,157,130,225,15,164,91,66,88,19,165,88,58,170,90,63,213,8,15,73,131,71,111,236,29,112,208,251,102,54,97,254,100,12,214,227,45,184,190,255,197,234,42,148,130,33,195
00212 features=616 size=21 p=1 tap=39 reset=false scheme=4 ops=3,2,1,2,3,3,1,3,2,3,2,2,2,2,1,2,0,0,3,3,3,3,3,1,3,1,3,2,1,1,1,2,3,1,1,1,3,0,3,1,0,3,0,3,3,2,1,2,1,0,3,1,3,2,2,1,0,0,3,2,3,0,3,1 ks=77,125,0,0,90,0,0,0,0,0,0,229,151,0,0,19,0,0,17,0,0,0,165,101,24,152,47,0,0,0,0,0,0,0,0,74,0,0,0,0,35,0,0,0,155,0,0,173,0,19,0,0,125,0,0,0,0,220,0,0,0,0,246,223
00213 features=791 size=42 p=10 tap=56 reset=false scheme=1 ops=2,1,3,1,2,1,0,1,0,2,0,3,1,2,2,3,0,2,3,0,2,0,2,0,3,2,3,3,1,3,2,1,3,3,2,0,1,3,3,2,2,3,3,2,0,0,3,1,0,2,1,1,3,3,3,3,2,1,3,1,3,2,3,1 ks=175,80,0,100,184,0,0,52,114,49,45,0,61,163,0,172,0,12,144,3,0,165,23,219,0,84,14,0,149,0,68,30,209,0,19,0,37,99,147,0,0,0,128,148,221,8,253,67,0,0,116,0,0,101,122,29,49,149,215,8,0,226,0,0
00214 features=960 size=64 p=10 tap=58 reset=true scheme=3 ops=2,3,0,3,0,1,2,3,1,0,3,2,0,1,1,2,2,1,3,0,3,3,2,2,2,1,0,3,2,2,2,1,2,1,3,0,1,3,1,3,0,3,2,2,1,0,0,1,3,2,0,0,1,3,1,0,3,3,0,2,1,1,1,0 ks=112,196,89,183,25,94,254,7,21,58,70,87,35,209,47,92,59,113,137,4,28,236,89,255,79,149,78,3,205,43,60,80,187,229,71,90,42,6,150,58,194,139,152,139,12,1,58,126,205,131,114,217,48,247,214,199,243,193,106,97,219,167,46,49
00215 features=860 size=26 p=2 tap=56 reset=true scheme=3 ops=1,1,3,1,1,0,3,3,1,0,0,3,1,2,0,2,2,3,0,0,3,0,2,1,3,0,0,2,0,1,0,2,1,3,2,0,0,0,2,3,2,3,1,2,0,3,3,2,0,0,0,2,1,0,0,3,2,3,3,1,2,1,2,3 ks=4,192,0,0,122,0,211,0,72,0,0,0,243,0,0,0,243,83,35,0,0,211,33,74,126,0,0,0,39,226,0,0,184,0,0,0,149,0,16,206,0,0,36,0,137,0,0,0,0,0,241,0,0,0,0,0,0,166,0,215,0,0,45,191
00216 features=927 size=46 p=5 tap=42 reset=false scheme=2 ops=3,2,1,3,1,3,1,3,1,1,1,2,0,3,1,1,2,3,1,1,2,0,2,3,3,3,0,3,2,0,3,1,0,3,0,3,2,2,3,0,1,3,3,1,1,0,0,2,3,0,0,1,2,1,2,2,1,2,3,3,0,2,2,0 ks=0,160,62,50,15,213,200,109,21,0,122,2,132,47,158,97,213,96,131,151,0,123,228,0,108,60,202,94,0,120,0,50,0,10,193,142,0,95,211,136,92,0,0,165,0,0,194,135,0,100,200,0,69,159,0,181,250,175,0,0,165,135,144,0
00217 features=735 size=21 p=2 tap=5 reset=false scheme=5 ops=3,3,2,0,3,1,2,3,0,1,2,1,3,1,1,0,3,3,0,1,3,0,2,0,2,3,2,2,0,0,3,3,3,3,1,3,0,3,0,1,0,0,3,2,2,1,1,3,1,3,1,2,1,2,2,3,2,2,0,1,0,1,1,3 ks=91,136,0,0,0,0,0,15,0,0,180,0,0,205,0,0,241,16,0,0,23,45,139,0,0,0,185,0,0,0,0,185,0,0,0,183,0,0,0,0,0,202,0,0,0,19,0,187,0,0,56,0,229,0,67,0,0,0,0,132,0,0,0,89
00218 features=861 size=41 p=2 tap=24 reset=false scheme=0 ops=3,3,3,0,0,1,3,3,1,3,3,2,1,0,1,3,3,0,2,0,3,3,2,1,3,3,0,3,3,2,1,2,0,3,0,3,0,2,2,0,3,3,0,0,2,1,0,0,2,3,1,1,3,2,1,1,0,1,3,2,1,0,3,2 ks=91,0,236,0,220,0,49,29,42,129,134,117,0,0,62,0,0,78,238,159,162,0,0,49,115,196,0,0,0,155,59,0,152,138,132,33,120,0,195,165,172,164,0,0,24,78,173,119,219,0,251,0,226,250,0,43,0,10,150,0,0,0,229,18
00219 features=759 size=18 p=10 tap=15 reset=false scheme=1 ops=3,0,3,2,2,0,2,2,3,3,3,2,0,2,2,3,3,0,1,0,3,3,3,1,1,0,3,1,2,3,1,0,2,2,1,1,0,0,3,0,3,2,3,0,2,2,2,2,2,1,1,2,2,2,0,2,1,2,3,0,1,2,2,0 ks=84,0,194,128,0,0,101,0,0,0,0,230,0,0,35,0,31,0,0,102,0,52,0,0,92,0,0,0,0,0,0,0,0,0,0,177,194,0,0,0,0,0,0,0,0,216,206,0,0,0,0,220,136,0,0,0,0,0,0,95,0,101,0,0
00220 features=871 size=45 p=1 tap=43 reset=true scheme=3 ops=0,2,1,0,1,3,3,2,2,1,1,1,0,0,1,1,2,2,1,1,1,3,2,0,0,3,3,2,1,2,2,0,2,2,0,1,2,0,2,1,1,3,0,3,2,1,0,0,1,3,2,3,0,0,0,1,2,2,0,3,3,1,0,2 ks=74,147,127,29,63,0,203,197,57,185,235,178,182,116,0,0,0,68,35,0,250,104,0,246,156,0,7,167,61,141,134,0,38,182,206,25,90,246,0,96,0,0,0,118,49,161,144,0,215,34,119,63,0,151,0,169,0,199,125,0,0,0,1,87
00221 features=749 size=15 p=1 tap=35 reset=true scheme=5 ops=2,1,1,0,3,1,0,3,0,3,1,1,1,3,2,1,0,1,1,2,3,0,2,2,2,2,0,3,1,2,1,1,3,3,2,2,2,3,0,0,3,0,2,1,2,3,0,3,3,0,2,3,3,1,3,0,2,0,0,3,1,1,0,2 ks=0,0,90,142,0,0,0,0,0,0,0,88,0,0,114,0,105,249,0,0,0,0,251,0,0,0,0,66,0,241,0,0,0,0,0,0,0,0,0,0,0,0,38,201,0,0,0,87,0,0,0,0,0,0,0,0,0,0,0,245,0,0,111,160
00222 features=981 size=64 p=10 tap=26 reset=false scheme=2 ops=0,0,0,0,3,0,2,2,0,3,1,0,3,2,0,2,3,1,0,1,3,3,1,3,0,3,3,0,3,0,1,3,2,1,0,0,1,1,3,0,2,3,0,0,3,2,0,1,1,3,2,1,1,0,0,3,0,1,0,1,2,2,2,2 ks=152,45,174,93,43,177,9,7,137,160,84,251,88,65,73,151,63,111,125,214,122,175,20,179,9,98,73,33,5,85,24,241,41,99,164,230,245,38,116,100,17,27,122,86,211,5,51,65,25,77,85,11,8,199,177,122,187,52,204,207,218,205,253,156
00223 features=781 size=36 p=2 tap=1 reset=true scheme=3 ops=1,3,0,0,0,0,1,1,3,0,3,0,3,0,0,1,2,0,0,1,3,2,1,1,1,0,3,2,1,3,0,0,0,3,1,0,0,1,1,2,3,3,3,1,1,3,0,0,0,1,2,2,2,1,2,0,2,1,3,2,1,1,1,3 ks=0,195,108,0,23,44,176,140,75,0,0,96,155,24,0,0,111,12,0,95,165,139,0,0,0,0,0,255,8,115,0,230,0,231,0,11,0,168,0,226,0,0,0,69,70,0,129,0,148,148,0,196,0,241,133,63,122,107,0,210,0,128,0,0
00224 features=1012 size=64 p=10 tap=23 reset=false scheme=3 ops=1,2,3,0,2,1,3,1,2,1,2,2,3,2,0,2,0,3,1,1,3,2,1,3,0,1,1,1,2,2,3,0,2,2,0,2,2,0,1,2,0,2,0,0,3,2,3,2,3,3,2,0,2,3,0,0,1,2,2,3,1,2,3,1 ks=4,121,112,93,242,40,47,147,3,105,214,252,157,231,64,10,141,107,247,114,188,218,105,199,93,144,107,99,249,75,171,132,168,243,236,97,35,96,129,139,41,247,30,122,8,203,136,213,96,97,188,171,90,90,182,177,212,168,245,75,34,5,27,29
00225 features=973 size=64 p=2 tap=9 reset=true scheme=3 ops=0,3,1,0,1,2,1,1,1,3,3,2,3,2,1,2,2,1,0,0,0,1,3,3,1,3,2,3,0,1,2,0,2,1,3,2,2,3,0,3,3,2,2,1,2,3,2,2,1,1,1,3,1,3,3,0,3,1,1,3,2,3,0,1 ks=153,135,114,6,99,66,97,82,86,183,125,88,121,218,137,120,61,227,203,251,52,177,233,223,246,178,127,241,60,203,90,27,227,39,158,253,172,103,149,216,137,7,165,4,39,68,240,131,108,27,214,217,162,176,48,117,58,144,241,132,246,136,44,241
00226 features=836 size=22 p=5 tap=6 reset=true scheme=0 ops=2,1,2,3,3,3,3,1,2,3,0,1,1,0,0,1,1,2,1,2,0,1,2,2,3,0,3,0,1,0,2,3,2,2,3,0,3,2,2,0,0,1,1,1,0,0,2,3,0,1,0,2,3,3,1,3,0,1,3,0,1,1,2,3 ks=177,145,0,66,216,0,0,0,0,0,0,0,0,75,43,0,0,0,0,9,0,59,0,0,144,0,0,9,115,104,0,0,0,0,243,0,0,0,0,162,0,0,184,0,0,0,0,0,0,141,28,0,0,0,194,0,194,0,220,0,0,0,172,109
00227 features=931 size=64 p=10 tap=27 reset=true scheme=3 ops=1,1,2,2,2,3,2,1,1,3,0,2,2,1,3,2,3,1,0,0,1,2,0,0,3,3,1,3,1,3,2,2,3,1,2,0,3,2,3,2,0,0,3,2,2,2,3,2,2,0,0,3,0,2,3,2,1,2,1,3,1,3,2,0 ks=92,11,213,76,194,93,113,76,218,116,71,31,111,98,90,139,196,160,108,210,8,102,147,112,176,157,92,188,106,173,72,198,89,221,14,255,205,109,158,102,163,232,19,147,243,204,28,181,1,23,154,218,103,36,14,20,101,63,1,50,26,252,160,173
00228 features=899 size=41 p=10 tap=28 reset=true scheme=2 ops=1,1,1,2,2,3,3,2,3,1,2,0,3,0,2,0,2,1,3,3,0,0,2,0,3,2,1,3,3,2,1,0,3,3,0,0,3,3,3,3,3,2,2,3,0,1,3,0,1,2,1,2,2,3,2,2,1,3,2,1,2,2,1,0 ks=0,210,0,47,69,0,54,0,43,0,40,126,0,0,22,161,129,6,80,75,103,206,51,91,0,0,204,82,5,189,0,249,0,0,0,117,0,135,96,0,93,0,0,2,159,223,24,174,0,0,0,231,213,176,14,206,206,126,0,38,234,0,0,46
00229 features=873 size=20 p=1 tap=8 reset=true scheme=5 ops=3,1,2,2,0,0,3,3,2,0,1,3,3,3,0,3,2,3,2,3,1,1,2,1,1,1,0,1,1,0,3,3,0,1,3,0,0,3,2,1,0,3,2,1,1,3,2,2,2,3,0,2,2,2,3,0,2,1,2,0,1,2,0,0 ks=31,189,0,0,0,0,0,0,0,0,168,0,196,0,0,0,0,185,0,249,0,0,0,187,0,0,0,193,0,0,245,0,0,34,7,231,0,0,134,39,0,0,0,0,0,207,0,0,0,0,20,0,22,0,0,209,0,0,0,149,3,0,0,0
00230 features=965 size=64 p=2 tap=52 reset=true scheme=3 ops=1,2,0,3,3,2,0,1,2,0,1,2,1,1,1,2,0,2,1,2,3,2,3,1,3,3,0,0,1,2,0,0,2,3,3,0,2,1,2,2,3,1,1,1,3,0,3,2,2,1,2,3,3,0,2,2,0,1,2,2,3,2,2,0 ks=154,210,185,91,240,73,13,54,226,193,47,69,52,87,151,105,21,177,211,135,57,192,52,22,174,201,100,45,72,66,248,40,243,157,3,188,103,243,42,5,81,223,158,80,168,244,8,138,129,244,168,2,155,248,169,234,62,188,151,236,226,174,9,148
00231 features=939 size=49 p=10 tap=61 reset=true scheme=3 ops=3,3,0,3,0,2,0,1,3,2,3,2,2,3,0,0,0,3,3,1,2,2,2,2,1,3,2,2,1,3,1,1,1,2,0,1,0,0,0,1,0,2,2,3,0,3,1,3,2,3,0,2,2,1,0,3,3,0,3,1,0,3,0,0 ks=0,114,1,238,0,0,88,203,0,225,65,167,0,0,0,44,46,126,200,71,197,170,14,0,144,115,207,107,75,120,163,117,36,79,0,0,43,53,42,180,33,33,17,159,0,0,0,4,36,0,0,123,216,226,120,117,113,200,117,130,83,131,212,146
00232 features=889 size=45 p=2 tap=45 reset=true scheme=3 ops=0,2,3,1,3,3,1,0,0,2,0,0,0,1,3,3,2,0,2,3,3,2,1,0,1,3,0,1,0,3,1,0,1,3,2,2,2,3,3,3,1,2,1,2,2,2,2,3,2,2,0,2,1,0,1,2,3,2,1,2,1,1,1,0 ks=0,217,0,180,11,40,223,198,0,125,248,152,77,0,0,199,99,89,0,33,206,247,163,0,0,0,151,244,0,8,170,15,0,0,128,0,85,193,0,198,101,169,66,147,0,221,134,0,9,0,222,84,55,87,186,12,128,253,41,0,110,0,182,145
00233 features=980 size=64 p=1 tap=55 reset=true scheme=3 ops=1,3,1,2,1,2,0,1,3,3,3,1,2,3,2,0,1,3,1,0,1,3,0,1,0,2,1,2,0,1,2,2,1,3,0,1,1,0,3,2,3,1,1,0,1,3,3,0,1,3,3,0,2,1,2,1,1,1,0,2,3,0,0,3 ks=232,101,234,172,149,114,219,185,66,2,238,91,204,211,219,210,233,21,76,99,96,151,80,80,10,180,40,136,212,229,227,188,72,79,48,214,31,219,97,228,177,72,244,12,120,245,238,201,124,154,52,26,72,196,168,205,64,219,119,110,235,199,185,27
00234 features=721 size=22 p=2 tap=2 reset=false scheme=1 ops=1,3,2,0,0,3,2,3,1,0,3,1,1,0,1,1,3,3,3,0,1,2,3,1,1,2,3,3,2,3,2,3,0,1,1,0,1,1,1,0,0,0,2,1,3,3,0,2,1,1,0,3,0,3,1,2,0,1,2,2,2,3,2,1 ks=175,0,6,152,0,202,150,0,0,230,0,0,0,0,0,0,90,0,0,0,71,0,0,0,245,0,23,0,0,0,0,0,0,0,0,0,0,6,0,0,0,0,10,201,0,105,0,0,215,246,0,109,0,253,199,130,0,0,0,0,143,0,70,0
00235 features=652 size=39 p=2 tap=48 reset=false scheme=1 ops=1,3,3,3,2,0,2,1,1,2,1,3,1,2,2,3,0,3,0,3,2,3,2,3,3,1,3,0,1,3,2,2,2,3,1,2,3,0,2,1,2,3,0,2,3,3,1,3,3,3,2,3,0,1,0,0,3,3,3,2,0,3,2,1 ks=0,102,0,32,216,213,0,223,173,230,112,55,0,84,0,0,104,0,0,163,231,0,0,117,0,0,222,17,57,226,0,0,120,103,100,16,0,0,155,0,9,0,250,209,0,0,226,71,86,110,0,0,103,83,0,207,0,84,170,49,74,168,61,0
00236 features=681 size=22 p=1 tap=7 reset=false scheme=4 ops=1,1,3,0,0,3,3,3,0,0,0,3,3,0,3,2,0,3,1,0,1,3,0,1,1,0,2,0,3,0,3,2,0,0,1,0,1,1,1,3,1,2,0,0,1,1,3,0,3,1,2,2,3,2,0,1,0,3,1,1,1,3,0,2 ks=43,0,0,6,107,0,0,93,250,0,0,151,0,0,0,0,68,77,0,0,0,151,0,0,2,0,0,239,0,0,105,0,78,23,235,0,0,0,0,0,0,0,0,0,45,0,0,234,0,0,100,0,0,0,0,60,0,157,173,0,235,0,0,0
00237 features=724 size=22 p=10 tap=10 reset=false scheme=5 ops=1,0,2,1,2,2,2,1,3,2,3,1,2,3,2,3,3,0,3,1,2,1,1,1,0,0,0,0,1,1,0,1,1,3,1,1,1,1,0,3,1,2,3,1,2,3,2,3,3,1,2,1,0,1,0,2,2,0,3,3,2,3,0,3 ks=0,0,0,0,140,0,0,122,58,0,0,0,59,0,164,126,0,251,0,25,0,0,0,63,226,69,0,90,0,0,165,0,0,176,107,0,196,0,152,0,192,0,0,0,149,0,0,82,0,0,0,210,0,0,0,0,0,247,0,0,0,0,0,0
00238 features=629 size=16 p=2 tap=10 reset=false scheme=1 ops=1,0,3,1,2,2,2,3,1,3,3,0,2,2,2,2,0,2,0,0,3,1,1,2,1,3,3,2,1,0,2,1,3,3,1,2,2,3,1,3,3,3,1,1,2,0,0,3,1,1,3,1,3,1,1,1,0,0,3,1,2,3,0,2 ks=0,0,0,0,0,0,0,0,0,169,217,0,0,0,0,0,0,0,0,54,116,0,3,0,0,0,0,0,53,250,0,205,0,209,18,0,0,230,0,0,0,0,0,187,0,0,0,0,0,0,111,0,0,0,0,0,0,3,0,65,0,0,141,0
00239 features=579 size=16 p=5 tap=44 reset=false scheme=0 ops=2,2,1,3,2,1,0,0,3,2,1,2,2,3,2,1,0,3,1,2,1,2,1,0,1,0,2,3,1,0,2,3,0,3,2,3,2,1,0,1,3,1,3,0,0,0,3,0,3,0,2,0,1,3,2,3,1,3,1,3,3,2,3,3 ks=0,0,0,56,0,0,0,0,42,0,0,0,173,114,0,0,0,248,0,0,0,0,45,0,0,99,236,0,0,0,0,32,0,0,0,0,59,0,188,22,0,64,0,0,80,0,0,0,0,0,0,0,0,0,199,0,0,29,0,0,0,0,0,0
00240 features=892 size=22 p=2 tap=46 reset=true scheme=4 ops=0,2,2,0,2,2,3,2,0,3,0,2,3,2,2,1,3,2,3,0,0,1,1,3,3,0,3,3,2,0,2,2,1,2,1,0,0,3,1,0,0,2,3,2,3,3,3,2,3,1,0,3,0,0,3,1,2,3,3,3,3,1,3,1 ks=95,47,23,0,0,0,0,0,0,0,0,0,0,0,0,11,0,112,218,0,0,202,0,0,0,0,0,0,178,0,0,0,242,138,0,0,0,23,244,194,61,128,0,124,0,0,74,0,0,48,0,151,30,0,0,0,0,0,0,0,148,67,0,0
00241 features=938 size=47 p=5 tap=24 reset=true scheme=4 ops=2,0,3,0,3,2,2,3,2,0,3,0,2,2,3,1,2,1,2,0,1,0,1,3,3,1,1,2,3,1,0,0,0,1,1,2,0,1,2,2,3,3,0,3,1,1,2,1,3,3,2,2,0,0,2,1,3,2,0,2,0,1,1,0 ks=52,38,119,148,90,207,0,244,105,0,137,70,234,190,0,102,217,164,82,80,16,0,54,29,68,207,81,189,0,81,122,0,47,0,193,25,237,0,64,187,0,203,0,0,141,213,46,43,183,134,0,0,0,158,43,0,0,114,24,14,64,212,226,0
00242 features=849 size=40 p=10 tap=18 reset=false scheme=5 ops=2,2,2,0,1,1,2,3,2,0,2,0,2,3,3,1,3,3,3,1,2,3,2,2,2,3,0,3,0,0,3,1,0,2,0,0,2,0,3,0,3,0,0,1,3,1,1,0,3,1,0,3,1,1,3,1,3,0,3,3,0,3,0,3 ks=98,0,0,30,254,0,100,181,0,78,97,0,0,192,156,0,176,246,0,97,0,0,0,34,130,244,200,0,0,0,149,207,0,251,122,0,59,0,0,15,0,119,0,89,0,55,110,180,61,130,0,146,62,0,71,0,117,210,181,232,64,82,55,49
00243 features=960 size=64 p=2 tap=24 reset=true scheme=3 ops=3,1,3,0,2,0,1,3,2,1,2,0,3,0,1,2,1,3,2,0,0,3,0,2,2,3,1,2,3,3,2,1,2,0,2,1,1,3,3,0,2,1,2,0,1,0,0,2,2,2,3,3,2,3,2,2,0,1,0,3,2,3,1,1 ks=252,74,71,33,95,58,221,255,243,158,21,93,223,86,249,155,190,184,30,185,124,166,218,248,17,192,216,115,112,184,52,8,153,240,147,151,72,99,57,233,160,60,141,219,232,69,89,212,115,232,94,211,170,134,227,217,18,109,94,111,87,146,211,230
00244 features=939 size=25 p=1 tap=24 reset=true scheme=1 ops=2,3,0,3,2,2,3,0,2,3,1,1,2,3,0,3,1,0,3,2,2,3,0,2,3,2,2,3,0,1,3,2,3,1,3,2,2,3,3,0,1,2,2,0,2,1,0,0,3,0,2,2,1,0,2,0,2,3,2,0,2,2,2,2 ks=0,0,0,0,90,0,0,238,0,55,0,49,0,61,164,0,0,207,186,0,245,0,0,0,136,0,0,0,151,66,0,0,0,22,0,0,0,10,0,105,127,210,86,0,0,0,128,0,34,0,0,0,182,58,0,0,125,142,240,0,0,0,0,0
00245 features=1026 size=64 p=2 tap=24 reset=true scheme=0 ops=3,1,3,1,2,3,1,2,1,3,1,3,2,1,2,0,3,3,1,1,2,2,0,3,3,0,2,1,1,0,2,3,1,3,0,3,3,2,2,2,0,2,0,3,3,1,2,0,0,3,0,3,1,3,1,0,3,1,0,3,3,3,3,0 ks=183,111,217,202,233,40,55,206,110,113,248,244,251,236,132,190,136,156,69,79,40,49,229,249,80,245,42,99,160,194,157,202,191,116,159,73,48,207,1,233,113,58,38,246,2,38,25,202,41,100,135,3,115,104,109,253,244,19,94,176,56,144,92,85
00246 features=790 size=19 p=10 tap=26 reset=false scheme=3 ops=0,0,0,2,3,1,1,1,2,2,2,0,2,0,1,3,2,2,3,3,3,1,1,2,2,3,3,2,2,3,3,1,2,0,1,0,1,0,0,2,1,3,0,1,2,2,1,3,1,1,0,2,0,3,3,2,2,3,1,2,3,1,1,3 ks=0,0,0,0,0,0,106,72,224,0,0,0,0,0,0,238,0,0,0,0,209,131,0,0,0,145,127,0,94,67,0,0,0,28,0,0,0,0,0,0,0,0,0,53,38,0,0,0,178,52,0,0,0,61,31,0,46,0,0,245,0,0,0,0
00247 features=728 size=41 p=1 tap=26 reset=false scheme=0 ops=2,2,1,3,3,3,2,3,3,2,3,1,1,1,3,0,2,0,3,1,2,2,2,0,3,3,1,3,2,1,1,0,0,2,1,2,1,2,3,2,2,1,2,3,3,3,3,0,0,1,2,1,0,0,3,2,1,3,1,0,0,0,1,3 ks=0,0,117,200,0,0,0,189,0,68,201,27,0,0,15,164,0,224,63,0,147,0,0,0,0,51,214,0,0,80,75,0,156,152,0,216,18,25,186,1,223,20,228,0,83,0,0,198,145,183,0,158,219,68,195,237,86,116,81,215,178,207,66,0
00248 features=592 size=28 p=1 tap=26 reset=false scheme=3 ops=3,3,2,3,1,1,0,2,3,3,2,1,0,3,1,3,0,1,1,3,2,3,3,0,3,0,2,0,1,1,0,3,2,3,3,3,3,0,3,3,1,1,1,3,3,3,0,0,1,1,2,2,2,1,2,1,0,2,2,2,1,2,1,3 ks=0,0,253,231,135,118,0,158,0,0,0,252,212,0,0,135,0,0,129,109,101,0,138,0,35,0,0,0,97,0,0,0,6,0,251,0,0,174,0,0,19,0,0,0,29,0,78,0,34,0,98,0,0,51,0,161,232,0,0,87,196,0,115,0
00249 features=873 size=44 p=10 tap=35 reset=true scheme=1 ops=3,2,1,0,2,1,3,0,3,3,1,0,1,3,2,2,0,3,1,2,1,2,0,0,0,1,3,2,1,2,2,1,3,2,3,1,1,2,0,0,0,0,1,2,1,1,3,2,2,0,2,1,0,1,3,2,1,3,0,3,1,1,3,2 ks=0,103,0,24,0,33,211,189,178,169,0,81,0,180,151,94,15,206,0,0,31,91,34,32,0,0,95,0,5,31,12,0,113,146,0,0,238,0,0,220,45,219,165,168,187,0,8,167,209,107,0,176,201,0,156,47,128,230,45,0,231,168,0,198
00250 features=945 size=19 p=5 tap=16 reset=true scheme=1 ops=1,3,2,3,3,2,2,1,0,3,1,1,3,0,3,1,2,3,0,0,1,3,0,3,2,2,1,0,2,3,3,1,0,2,3,1,3,3,2,2,0,0,1,2,0,2,0,3,3,2,1,0,3,3,0,0,2,1,3,2,3,2,2,0 ks=44,175,0,0,189,0,0,0,0,189,35,0,0,0,0,0,0,0,0,228,10,0,0,194,0,0,217,0,56,0,11,0,0,0,0,0,0,0,23,0,0,0,0,0,0,0,0,0,0,160,217,212,0,0,0,0,0,72,248,169,0,0,0,125
00251 features=789 size=46 p=2 tap=36 reset=false scheme=1 ops=0,0,0,3,2,1,0,2,0,1,3,0,2,0,1,3,3,1,2,1,0,1,0,2,2,1,2,3,0,0,2,1,0,3,1,1,3,2,1,1,2,3,0,1,3,3,3,1,1,0,1,0,1,1,0,2,1,2,3,0,1,1,3,1 ks=31,139,0,179,88,18,37,0,129,106,144,249,118,3,198,205,106,187,0,0,10,11,0,0,48,224,0,0,176,0,11,210,118,0,0,0,141,209,15,190,112,145,169,17,0,221,0,0,44,41,86,29,0,99,176,230,42,175,0,119,62,0,138,209
00252 features=982 size=63 p=2 tap=59 reset=true scheme=3 ops=3,0,2,1,3,3,0,2,3,3,1,2,2,3,2,1,0,2,2,2,3,0,0,3,1,1,2,2,1,0,0,1,0,0,3,2,2,2,2,0,0,2,2,2,0,2,1,1,3,2,1,1,3,3,2,3,3,1,3,1,3,3,1,0 ks=41,106,37,113,192,195,57,160,138,250,197,132,50,175,79,38,227,118,6,252,115,177,10,39,151,228,0,200,38,37,77,78,27,242,124,88,18,104,205,203,205,26,87,254,111,212,96,187,180,207,145,162,33,37,22,61,109,236,161,241,117,63,124,28
00253 features=809 size=39 p=10 tap=16 reset=false scheme=4 ops=3,2,1,3,2,2,1,0,1,2,1,3,2,0,2,2,3,3,0,3,0,3,3,0,2,0,3,0,1,2,0,1,3,0,3,1,3,3,1,1,0,3,2,0,0,2,0,3,1,0,2,1,1,2,3,1,1,1,2,1,1,1,0,3 ks=0,0,27,89,152,146,91,209,0,71,168,133,0,0,16,0,221,5,0,255,163,0,121,0,61,0,175,0,222,140,237,0,0,144,3,4,218,0,0,165,62,249,93,106,215,0,72,129,53,0,0,28,203,0,208,106,0,0,228,0,0,0,0,159
00254 features=818 size=17 p=2 tap=36 reset=true scheme=4 ops=1,1,3,1,3,2,0,1,3,1,0,1,2,2,0,3,2,1,2,1,0,2,2,2,3,2,1,2,2,3,3,1,3,3,3,0,0,2,3,1,0,3,3,3,2,2,3,3,0,2,2,1,3,2,1,2,1,2,3,0,0,1,1,3 ks=244,0,0,0,0,0,0,12,0,0,0,0,0,0,94,0,0,0,20,0,133,61,0,224,0,0,8,0,0,0,0,191,0,223,0,0,0,0,0,0,0,0,0,180,0,0,0,159,21,158,0,0,0,0,94,0,0,0,0,0,60,0,0,33
00255 features=863 size=25 p=10 tap=36 reset=true scheme=5 ops=1,0,0,3,1,0,0,2,3,3,1,2,2,1,3,2,3,3,1,1,0,0,3,3,0,2,3,2,0,1,3,0,3,3,1,1,3,2,3,2,1,3,2,0,1,0,2,2,3,1,2,3,1,0,0,1,2,0,1,3,1,2,2,0 ks=25,252,34,0,218,0,0,140,0,0,0,0,0,0,0,0,0,185,131,0,40,0,183,214,0,0,112,0,0,0,0,0,245,0,0,0,142,149,82,80,149,59,224,0,0,0,0,0,0,0,0,179,180,169,0,0,0,159,132,0,0,0,45,0
00256 features=951 size=64 p=5 tap=57 reset=true scheme=3 ops=0,0,1,2,2,0,1,1,2,3,3,2,0,1,0,2,1,1,2,3,3,3,2,3,3,3,2,3,0,0,2,3,2,0,1,2,3,0,3,0,1,0,0,0,1,1,0,3,1,3,3,1,3,2,1,2,3,1,1,2,1,3,1,3 ks=56,11,158,86,137,197,165,222,88,193,186,94,139,35,239,106,141,83,191,159,7,10,86,116,18,31,108,99,246,151,3,60,246,246,100,141,170,240,117,209,178,9,125,124,165,149,168,228,13,7,70,102,157,38,67,215,101,42,32,123,38,131,46,189
00257 features=631 size=18 p=1 tap=12 reset=false scheme=0 ops=3,3,0,2,2,0,3,1,1,0,2,3,3,2,0,2,1,1,2,0,0,1,3,0,1,1,1,1,1,1,1,0,3,1,0,0,3,2,0,1,3,3,1,0,3,2,2,0,3,2,1,3,2,1,0,1,2,2,3,2,2,3,1,3 ks=0,0,0,154,0,0,0,0,0,0,0,144,0,0,0,189,0,48,0,0,32,0,0,0,216,0,0,0,0,0,0,0,0,0,0,0,72,33,0,173,0,24,0,109,0,0,0,0,227,188,0,0,209,114,0,0,0,0,252,0,0,178,99,0
00258 features=614 size=23 p=2 tap=8 reset=false scheme=1 ops=3,0,1,1,3,2,0,3,0,3,1,2,1,2,3,3,2,1,2,0,0,3,2,3,3,0,0,0,1,3,1,0,1,2,1,1,3,2,0,1,3,0,0,1,3,2,0,3,3,1,2,3,3,0,0,0,2,0,0,2,3,2,0,3 ks=0,125,0,251,0,0,0,75,54,0,0,99,119,234,0,0,193,0,0,0,0,0,0,0,0,0,0,59,133,0,178,0,0,0,253,0,0,0,132,0,0,0,145,0,143,0,220,0,0,0,165,0,177,80,0,214,142,25,177,0,0,0,0,0
00259 features=953 size=64 p=1 tap=59 reset=true scheme=3 ops=3,2,0,1,0,3,0,3,3,1,0,1,2,1,2,0,1,2,0,2,0,2,3,3,0,0,2,2,3,0,2,2,2,3,3,0,1,0,1,2,3,2,3,0,1,3,3,0,1,0,0,1,3,2,1,3,3,0,0,3,3,0,2,0 ks=236,64,234,251,54,70,111,15,215,9,112,167,160,146,215,200,202,188,45,210,18,57,121,105,237,166,139,9,230,135,165,165,243,138,68,81,6,30,223,9,66,192,201,4,48,139,39,242,144,105,198,138,30,122,89,78,4,81,246,29,83,188,222,250
00260 features=874 size=21 p=5 tap=13 reset=true scheme=1 ops=0,2,3,1,3,1,2,1,2,0,0,0,3,3,3,2,1,0,2,0,2,3,1,1,0,1,0,2,2,0,0,2,3,0,3,0,2,3,3,3,2,1,0,3,2,2,1,2,0,1,3,3,2,3,0,0,0,2,2,2,2,2,3,3 ks=0,193,0,0,0,0,0,0,0,0,0,29,0,31,40,0,0,0,167,117,0,9,0,217,14,179,0,0,0,0,0,0,0,0,0,110,0,120,0,55,0,0,0,234,0,0,17,0,0,0,0,0,111,152,0,196,109,0,83,0,0,0,145,0
00261 features=919 size=41 p=10 tap=36 reset=true scheme=4 ops=0,3,1,1,1,0,2,2,2,3,2,2,0,2,1,1,1,0,0,1,0,3,1,3,0,0,1,2,2,2,3,0,2,1,3,3,2,0,3,1,3,2,1,3,0,0,2,3,1,1,0,0,2,2,3,0,1,2,0,3,2,1,1,2 ks=0,0,84,177,22,0,173,129,222,143,234,99,197,2,156,0,0,134,0,5,0,0,0,0,67,72,0,178,0,24,147,22,55,0,55,0,32,161,213,66,0,0,55,57,0,63,0,0,166,0,72,30,5,93,0,90,190,126,80,135,0,39,171,0
00262 features=1040 size=64 p=1 tap=18 reset=true scheme=0 ops=0,3,3,3,1,1,1,3,1,3,1,2,0,1,2,0,1,3,3,3,3,0,3,1,2,2,2,0,0,2,1,3,0,3,2,2,1,3,2,2,1,2,1,1,0,0,1,3,1,1,2,0,1,2,1,0,3,0,3,3,0,3,2,1 ks=134,63,175,36,204,228,125,35,6,5,77,88,73,196,31,163,140,248,95,126,102,77,158,219,233,9,150,14,238,47,231,99,40,162,99,4,22,7,102,53,229,115,109,41,197,57,27,138,159,100,252,30,202,172,188,20,211,104,6,109,69,121,242,238
00263 features=826 size=49 p=10 tap=29 reset=true scheme=3 ops=3,2,3,1,1,0,0,3,0,0,2,3,1,1,2,1,1,0,0,1,0,3,1,3,2,0,0,0,3,2,1,2,3,3,2,2,1,3,3,2,0,1,1,3,2,0,2,1,3,1,3,1,1,2,2,2,3,0,2,2,3,1,2,3 ks=210,100,114,123,0,0,21,0,129,35,215,192,165,232,102,177,119,81,0,0,185,165,0,180,238,0,152,91,202,186,0,248,0,161,124,174,109,92,181,205,3,202,135,0,0,23,242,130,140,16,238,155,177,0,74,135,92,230,105,51,0,0,0,113
00264 features=736 size=42 p=10 tap=53 reset=false scheme=4 ops=1,1,0,1,2,1,3,0,3,0,0,1,0,0,0,1,3,1,0,1,2,0,3,3,3,0,1,0,3,1,3,0,0,1,0,2,1,2,2,2,1,0,2,3,2,3,0,1,2,2,3,1,3,2,0,3,0,3,0,2,0,0,2,3 ks=133,28,173,190,117,87,38,83,8,247,144,70,107,119,0,0,0,138,58,242,148,234,0,22,50,127,0,0,245,0,156,0,178,32,0,0,74,66,0,219,0,61,0,0,205,240,0,0,27,0,228,25,181,13,0,141,158,0,128,165,0,0,52,0
00265 features=1004 size=64 p=10 tap=22 reset=true scheme=1 ops=0,2,2,2,0,0,3,0,2,0,2,0,1,0,2,3,0,3,0,0,3,3,3,0,3,3,1,2,2,1,1,2,2,3,1,1,0,1,2,2,3,1,2,0,2,0,3,1,3,0,3,0,2,3,3,2,0,3,0,2,1,3,2,3 ks=221,243,207,98,56,127,130,113,176,114,247,232,31,122,141,246,203,16,88,157,6,20,187,6,107,27,191,253,206,155,78,8,154,150,63,144,100,1,16,53,139,14,246,155,26,91,34,86,65,132,35,81,203,250,42,171,237,60,115,155,170,79,198,5
00266 features=956 size=64 p=5 tap=17 reset=true scheme=3 ops=0,0,3,3,3,0,3,3,2,1,0,2,3,3,3,0,1,3,3,1,3,0,3,2,3,2,3,0,3,0,1,2,1,3,2,0,3,0,1,1,1,2,2,2,3,0,2,0,0,2,0,2,1,0,3,2,2,1,0,0,3,2,3,0 ks=230,106,177,142,136,144,45,241,82,131,67,230,221,203,239,51,4,44,13,21,208,18,64,123,133,33,200,120,147,175,12,156,121,55,64,169,56,21,193,174,101,61,128,21,205,253,83,217,25,161,33,202,139,70,74,167,193,140,102,147,91,58,123,123
00267 features=896 size=43 p=2 tap=44 reset=false scheme=2 ops=3,1,1,3,3,1,0,3,0,1,0,3,0,0,2,1,0,1,1,1,2,2,3,2,2,0,0,1,1,1,2,2,3,0,2,0,0,2,1,2,2,2,3,3,0,0,0,0,3,0,3,0,1,0,1,1,1,2,3,2,1,3,2,2 ks=111,0,44,145,0,55,24,132,2,115,237,51,102,0,161,19,0,249,232,247,243,0,140,0,244,0,214,181,163,0,110,173,138,0,71,131,62,0,217,0,0,226,155,0,200,0,0,110,89,7,121,89,165,0,0,65,0,0,7,135,0,213,0,52
00268 features=695 size=19 p=2 tap=6 reset=false scheme=4 ops=1,1,0,1,1,3,2,1,3,0,3,1,1,2,1,0,0,3,0,0,0,3,3,3,1,0,3,3,0,2,2,3,3,1,1,0,3,2,1,1,1,1,2,0,2,0,3,1,2,2,0,1,3,2,3,1,0,0,1,3,3,0,3,0 ks=34,0,0,0,0,0,0,161,0,0,185,106,112,192,225,0,135,0,0,0,181,35,0,176,0,0,42,65,0,0,0,0,0,14,0,0,0,0,0,157,0,0,55,0,0,0,0,0,196,0,0,0,0,0,0,0,0,0,0,151,184,0,0,0
00269 features=505 size=22 p=10 tap=45 reset=false scheme=3 ops=2,2,1,2,0,0,3,3,1,2,0,0,1,1,3,2,0,1,3,1,0,1,3,0,0,3,1,3,3,0,3,3,3,3,2,3,3,1,2,1,1,3,0,3,2,0,1,0,3,3,3,3,0,0,1,0,3,3,3,0,2,0,1,2 ks=0,0,83,0,225,0,178,0,0,0,14,0,0,0,0,0,58,254,0,0,165,0,0,0,0,0,245,0,12,0,59,0,0,0,0,0,0,0,28,214,93,0,242,0,69,88,0,0,0,0,0,0,23,0,0,0,136,0,0,140,0,236,101,106
00270 features=688 size=21 p=1 tap=36 reset=true scheme=4 ops=0,2,2,1,0,2,1,0,3,0,3,1,1,3,1,1,1,3,1,0,1,2,2,1,1,0,1,1,3,2,1,0,1,2,3,2,1,0,1,0,3,2,1,3,1,1,1,1,0,1,3,0,3,2,3,2,1,0,0,0,1,1,2,1 ks=205,172,0,0,194,0,0,0,0,0,0,0,0,159,0,153,239,63,0,49,0,81,117,0,0,0,0,0,0,0,0,0,0,0,0,222,55,158,0,0,0,0,162,0,0,56,0,0,0,111,179,21,0,106,0,0,225,0,172,0,0,0,0,0
00271 features=721 size=45 p=10 tap=44 reset=false scheme=1 ops=2,0,3,1,0,3,0,1,1,3,3,1,0,2,0,1,3,2,0,0,1,0,1,3,2,3,1,3,1,1,2,1,3,3,3,1,0,1,2,0,1,3,3,3,0,1,2,3,2,3,1,3,0,0,0,1,3,0,1,3,2,2,0,3 ks=0,69,0,1,231,141,177,131,0,197,96,0,15,0,117,43,0,15,205,209,0,0,230,0,0,138,194,119,65,61,66,211,0,178,35,0,0,243,189,174,0,154,157,0,66,81,0,0,41,0,182,171,175,181,159,40,237,73,254,94,203,210,0,167
00272 features=822 size=42 p=2 tap=34 reset=false scheme=2 ops=0,0,2,2,0,3,0,3,0,3,3,3,3,0,3,3,1,1,0,3,3,3,1,1,2,2,0,0,3,0,0,2,3,2,1,3,1,3,1,0,2,1,1,0,1,0,0,3,0,2,3,3,3,1,1,2,0,1,1,1,3,3,0,0 ks=194,1,239,0,126,61,30,103,0,93,243,251,0,160,91,53,108,0,107,182,115,0,125,96,0,40,0,0,137,35,0,211,0,140,0,0,117,240,0,0,12,76,237,241,102,0,0,100,247,20,12,189,0,100,0,0,0,40,43,0,0,9,166,31
00273 features=729 size=20 p=1 tap=3 reset=false scheme=2 ops=0,3,0,3,3,1,3,3,1,0,0,0,1,2,0,3,0,1,1,0,3,3,0,2,3,1,3,3,3,3,2,1,3,0,0,0,0,0,3,0,1,0,3,0,2,0,1,3,0,0,0,1,0,2,3,0,2,3,0,0,0,3,1,2 ks=0,222,0,0,0,0,167,0,0,0,0,0,0,0,0,0,0,0,0,14,93,115,0,0,109,0,31,0,192,190,0,0,0,0,108,0,172,64,84,0,0,0,0,0,0,60,0,0,0,0,0,120,0,0,0,0,0,60,202,191,79,0,141,0
00274 features=886 size=41 p=10 tap=23 reset=false scheme=2 ops=0,1,0,2,2,2,2,0,2,3,2,0,0,2,1,3,2,1,0,0,1,3,1,0,0,2,3,0,2,1,3,0,3,0,1,0,3,0,0,2,0,1,0,2,0,3,2,3,3,3,1,0,1,0,3,0,3,2,3,0,3,3,2,0 ks=190,160,123,0,0,0,0,208,216,7,36,0,185,0,0,1,140,172,0,248,218,0,0,67,0,35,66,0,222,95,0,44,0,25,0,239,221,42,0,0,140,175,215,250,61,27,199,200,0,0,199,0,0,2,65,221,40,80,245,190,0,111,222,0
00275 features=972 size=63 p=1 tap=28 reset=true scheme=3 ops=0,1,0,3,1,1,1,0,1,2,2,3,2,0,1,1,2,3,0,2,1,3,1,1,2,3,1,2,3,1,3,3,1,0,2,2,1,2,3,1,1,3,1,2,1,1,0,3,2,0,3,1,0,0,0,0,1,1,2,2,3,3,2,1 ks=106,92,222,205,110,182,130,243,24,7,159,61,244,138,235,6,243,166,114,213,41,198,173,227,52,138,71,8,137,249,120,103,206,216,215,209,37,228,80,70,172,196,70,132,213,244,47,179,207,0,112,121,214,213,212,163,197,202,91,203,11,216,240,200
00276 features=928 size=44 p=2 tap=18 reset=true scheme=4 ops=0,2,1,2,1,2,1,2,3,3,1,3,1,2,2,0,3,1,1,1,3,1,3,0,3,2,2,0,0,2,1,1,0,0,3,2,3,2,0,2,3,2,0,0,1,2,1,3,1,1,3,3,3,2,0,3,1,2,0,1,3,2,3,3 ks=200,0,0,149,30,177,0,208,0,239,0,126,151,50,11,219,0,173,135,23,156,0,0,0,0,206,0,211,84,99,238,45,27,160,68,0,77,20,146,166,79,0,105,121,67,130,0,128,179,0,0,0,102,0,106,224,146,140,11,54,114,111,0,0
00277 features=740 size=21 p=5 tap=62 reset=true scheme=3 ops=3,3,3,0,2,0,1,0,3,1,3,3,0,1,3,3,2,1,3,3,2,0,2,3,3,3,0,3,0,2,1,1,3,3,1,0,1,0,1,0,3,0,0,1,1,0,2,3,2,3,1,2,3,1,0,2,1,1,0,3,3,0,2,1 ks=0,0,0,0,227,91,186,139,0,0,31,0,0,255,176,0,0,146,0,183,0,0,0,80,197,0,0,0,0,24,0,0,0,0,174,0,220,209,0,0,0,97,0,0,0,21,0,0,177,0,0,0,101,0,221,0,0,0,0,0,0,98,0,0
00278 features=1028 size=63 p=10 tap=24 reset=false scheme=4 ops=2,3,1,3,2,3,1,2,1,3,1,3,2,2,3,2,1,1,3,3,1,1,1,3,3,3,1,2,1,0,1,3,3,1,3,2,3,1,1,2,3,0,3,1,0,3,3,1,1,0,3,0,3,1,1,3,3,2,3,3,1,1,1,2 ks=207,249,33,17,73,218,101,36,195,35,186,152,148,219,202,0,247,4,31,191,245,251,41,115,242,99,58,234,169,160,87,209,72,213,35,125,38,139,88,70,156,112,239,157,202,14,154,22,84,82,28,82,237,141,183,118,18,36,22,172,151,67,98,54
00279 features=1036 size=64 p=5 tap=33 reset=true scheme=2 ops=0,1,2,2,3,0,1,0,0,2,0,2,2,1,2,2,2,0,0,0,2,2,0,0,2,2,1,0,3,1,3,0,3,3,3,1,2,3,2,3,3,1,3,0,3,3,0,2,0,3,3,3,0,1,2,1,2,1,3,0,2,1,2,3 ks=17,63,149,213,139,3,227,99,194,160,15,89,41,174,247,132,191,187,177,100,72,95,112,141,249,92,231,138,45,51,63,144,79,246,52,141,112,234,94,14,210,228,55,65,226,218,193,124,223,57,113,61,51,46,84,129,134,134,239,2,220,202,145,108
00280 features=888 size=24 p=10 tap=24 reset=true scheme=0 ops=2,3,2,0,2,1,1,0,0,3,0,0,1,1,0,2,2,0,2,3,1,0,3,2,0,2,3,0,3,1,0,2,2,3,1,3,2,0,1,3,0,0,2,3,3,0,0,2,2,3,1,2,0,2,0,3,0,0,2,3,1,1,0,3 ks=176,183,0,236,0,0,56,54,204,0,0,0,0,0,0,0,31,0,230,165,47,0,0,0,99,0,0,0,76,61,0,0,108,0,0,221,0,107,0,0,0,0,0,0,0,0,0,0,0,69,163,0,0,35,0,0,212,0,22,187,0,20,236,0
00281 features=880 size=25 p=1 tap=18 reset=true scheme=4 ops=0,2,2,1,3,0,1,0,2,2,1,1,3,3,1,3,0,3,3,0,0,2,3,3,3,0,2,2,3,0,2,2,0,0,3,3,0,0,2,0,3,1,0,2,2,1,3,1,2,0,1,1,0,2,3,3,2,0,2,2,2,3,1,0 ks=0,3,46,0,125,0,0,137,0,0,0,249,72,0,0,0,0,0,182,13,0,0,0,197,0,0,225,0,0,135,247,0,0,0,0,0,32,11,16,0,0,0,0,0,87,190,0,158,0,0,0,245,0,0,0,95,0,0,29,103,0,124,72,124
00282 features=1012 size=64 p=5 tap=23 reset=true scheme=0 ops=3,3,2,0,3,1,0,1,1,3,2,0,2,2,1,2,0,3,3,1,3,3,3,3,1,3,1,3,3,3,2,2,0,2,0,3,2,0,0,3,3,0,3,3,2,2,1,0,2,3,2,1,0,1,2,0,0,0,2,0,2,1,2,1 ks=240,251,235,3,56,147,247,244,187,60,122,246,191,124,227,51,166,109,179,239,117,41,193,20,122,141,210,111,202,6,18,220,223,67,96,157,40,224,193,40,2,157,71,77,233,43,157,228,202,52,100,165,199,247,178,234,174,75,92,38,44,119,178,160
00283 features=986 size=64 p=10 tap=63 reset=false scheme=4 ops=3,2,3,1,0,3,2,3,3,0,0,2,0,2,3,3,3,1,0,2,1,1,2,0,2,3,3,3,0,0,0,2,2,3,2,2,0,3,3,2,0,0,2,1,1,0,0,3,2,2,0,1,1,1,3,2,2,1,0,3,3,0,3,3 ks=86,51,91,82,212,94,225,94,16,229,222,58,71,164,173,64,2,133,153,141,105,53,204,100,142,197,232,133,136,122,176,188,179,168,99,238,91,234,19,67,8,56,99,173,139,196,244,212,54,211,181,229,139,87,40,52,214,38,182,246,123,204,81,107
00284 features=910 size=45 p=10 tap=14 reset=true scheme=1 ops=2,2,1,3,3,3,0,3,1,3,1,2,2,0,3,2,3,0,3,1,0,1,3,2,1,2,3,0,2,3,1,2,1,1,0,0,0,3,3,3,2,0,3,1,0,2,3,2,0,3,1,0,3,1,0,1,1,0,0,0,1,1,3,3 ks=143,0,148,144,210,135,163,25,243,0,97,45,41,0,102,0,134,181,88,223,66,164,42,0,0,32,190,242,87,29,0,0,200,17,0,31,107,196,0,115,50,0,69,0,0,101,0,221,0,134,0,109,96,0,139,6,75,2,0,83,74,0,106,25
00285 features=1028 size=64 p=2 tap=26 reset=true scheme=4 ops=3,1,3,1,2,2,2,2,3,1,1,2,0,3,2,0,1,2,2,0,1,3,1,3,0,3,3,0,0,2,1,3,3,1,2,3,2,2,1,0,3,2,2,3,0,3,2,2,0,1,1,3,1,3,0,3,2,3,1,3,0,0,3,0 ks=149,79,238,116,156,153,240,246,3,243,150,155,154,181,239,162,133,58,140,186,202,8,36,69,14,221,3,136,35,100,91,51,223,85,13,245,158,207,112,126,205,136,142,57,200,103,55,126,88,117,188,107,10,99,72,227,216,160,75,129,249,246,236,22
00286 features=792 size=23 p=2 tap=45 reset=true scheme=3 ops=0,2,0,1,2,3,3,2,2,0,0,3,0,0,2,2,2,2,0,0,3,3,0,0,3,2,2,2,2,3,2,2,3,2,3,1,2,3,3,3,1,2,1,0,0,2,1,3,1,3,0,1,0,1,3,3,0,2,1,1,3,0,2,2 ks=252,0,0,0,0,0,101,0,0,114,0,4,59,0,0,165,234,96,2,0,0,0,48,0,0,0,0,194,189,0,0,0,0,0,207,0,147,0,14,0,0,0,251,0,27,0,172,177,0,0,221,0,68,0,0,0,0,5,170,0,0,0,0,0
00287 features=1004 size=64 p=5 tap=9 reset=false scheme=5 ops=2,3,2,2,2,2,2,3,2,3,2,1,1,2,1,0,3,0,0,1,1,0,0,2,3,0,3,1,2,2,2,2,2,2,1,0,0,0,2,1,2,2,2,3,0,0,3,3,3,2,0,1,3,1,3,2,0,2,3,0,3,2,0,2 ks=155,183,250,77,59,99,75,11,128,13,109,194,50,145,138,162,3,42,4,219,37,203,226,23,165,132,72,10,205,229,31,167,111,10,40,185,196,126,233,105,5,163,78,109,2,100,167,12,165,227,226,164,73,5,231,44,190,130,124,85,136,206,102,102
00288 features=930 size=47 p=10 tap=35 reset=false scheme=5 ops=2,0,3,3,0,0,1,2,3,1,2,3,0,3,3,1,1,0,0,3,0,2,1,1,0,2,0,1,0,0,1,0,1,3,1,2,3,1,3,0,3,3,2,1,3,3,0,2,2,1,0,2,3,3,2,2,3,1,1,2,0,3,1,2 ks=241,43,29,0,147,0,0,131,230,0,170,41,126,141,13,0,112,84,149,42,195,21,182,71,55,134,37,243,206,70,193,61,119,0,0,0,167,3,118,0,0,68,218,157,18,102,0,153,0,195,0,0,89,0,207,117,197,0,247,107,0,222,181,161
00289 features=792 size=22 p=1 tap=45 reset=true scheme=3 ops=3,1,0,1,3,3,3,1,2,0,0,2,3,0,2,0,1,3,1,2,0,0,2,2,1,0,2,0,0,2,0,0,1,2,2,0,3,3,1,0,1,3,3,3,1,2,3,3,3,0,1,2,1,0,1,2,3,0,0,0,0,1,2,3 ks=111,149,53,0,0,231,0,141,0,131,0,0,0,0,0,196,0,199,0,74,0,94,0,237,0,220,0,0,211,0,0,0,244,0,0,104,26,176,0,0,168,0,0,0,0,0,0,0,0,0,0,0,0,0,0,0,0,0,0,242,0,84,163,62
00290 features=859 size=40 p=10 tap=10 reset=true scheme=3 ops=2,2,2,0,1,2,3,0,2,0,2,0,3,0,3,2,0,0,2,2,1,0,2,2,0,3,2,2,0,1,1,3,0,1,3,2,2,2,1,1,3,3,2,3,3,0,2,3,1,2,2,2,3,1,0,3,3,2,0,3,0,0,0,1 ks=140,0,29,228,142,111,0,15,254,241,145,174,231,13,0,0,21,75,163,16,0,105,0,223,0,0,0,214,0,0,185,0,171,132,231,141,168,243,162,99,168,230,0,0,69,0,241,0,0,0,193,228,170,62,0,0,0,155,11,0,3,218,0,0
00291 features=860 size=45 p=1 tap=1 reset=true scheme=3 ops=3,3,0,1,3,1,3,0,3,0,1,2,3,2,1,1,2,1,2,2,0,3,0,2,3,3,2,0,1,0,0,2,0,2,0,2,1,1,2,3,1,1,0,1,1,3,0,3,1,3,3,3,2,3,3,0,3,2,3,3,0,1,1,1 ks=0,0,0,0,88,0,0,0,239,149,127,0,102,187,0,0,218,79,234,127,71,130,248,10,178,147,247,81,0,214,105,2,0,0,0,0,38,248,181,141,0,0,76,0,76,50,103,41,4,224,222,113,174,211,15,66,2,252,120,88,140,57,0,84
00292 features=977 size=47 p=5 tap=30 reset=true scheme=0 ops=3,1,1,1,2,3,1,2,3,3,2,3,0,2,2,2,1,2,2,0,0,3,2,2,3,0,2,1,3,3,3,2,3,0,1,1,3,0,3,0,2,1,0,0,0,0,0,2,0,0,2,0,3,0,3,0,2,0,1,2,1,0,2,0 ks=131,0,83,53,64,199,76,61,22,90,0,138,0,235,0,195,19,0,102,97,212,172,46,47,228,114,0,233,0,191,50,0,18,219,105,0,66,44,104,0,0,12,115,0,0,187,244,0,0,11,42,53,53,35,122,137,117,247,0,25,89,146,70,0
00293 features=964 size=64 p=1 tap=20 reset=true scheme=3 ops=1,0,0,2,2,3,3,3,3,1,2,1,0,3,0,3,0,2,3,0,3,1,2,2,0,2,1,0,1,2,3,1,2,0,3,0,2,3,2,0,3,1,3,2,3,0,3,0,2,0,2,2,3,3,2,3,1,1,0,0,2,1,2,2 ks=243,38,224,222,239,242,2,125,154,77,96,125,237,26,216,2,71,196,189,139,190,13,51,80,24,50,96,187,48,55,112,239,18,81,218,192,75,75,88,236,208,166,72,131,112,153,199,73,24,70,87,191,237,37,238,239,89,195,247,139,3,205,186,184
00294 features=832 size=41 p=10 tap=49 reset=true scheme=3 ops=1,2,2,2,2,3,3,1,1,2,1,3,0,3,2,2,1,1,0,3,0,0,0,1,0,2,1,2,1,1,2,0,2,0,3,0,2,2,3,0,3,1,0,1,2,3,2,3,3,2,3,2,1,2,3,0,0,2,0,2,1,1,2,3 ks=11,142,53,11,0,0,79,161,42,190,0,0,242,160,110,236,91,0,80,106,128,227,199,0,187,0,0,0,223,118,240,74,0,0,0,98,116,128,0,0,0,239,29,141,131,0,223,0,146,99,0,0,99,0,201,17,161,0,170,63,0,67,0,226
00295 features=864 size=28 p=10 tap=40 reset=false scheme=1 ops=0,0,1,2,2,2,2,2,1,1,0,0,1,1,1,0,2,3,2,2,2,1,2,0,2,0,0,3,1,3,0,3,2,2,0,0,0,1,3,3,3,0,0,0,1,3,2,0,1,2,1,2,0,1,0,2,3,3,1,0,2,0,3,2 ks=0,0,0,0,71,0,0,0,0,0,56,0,0,227,26,255,177,0,96,91,127,154,210,0,207,0,0,0,0,0,164,225,0,0,0,31,118,0,0,0,9,0,212,32,0,93,0,220,0,48,0,0,4,255,205,0,0,0,60,0,0,172,0,76
00296 features=854 size=46 p=10 tap=9 reset=true scheme=3 ops=3,3,2,2,0,1,3,1,2,3,0,3,0,3,1,3,2,1,2,1,3,1,0,0,2,0,0,2,2,0,2,2,1,0,2,0,2,3,0,2,2,1,1,2,1,3,3,2,2,1,1,3,1,0,2,1,1,2,0,1,2,1,3,1 ks=249,127,168,53,0,251,66,0,141,40,133,0,254,128,106,84,81,0,62,0,0,87,0,182,188,205,0,149,0,198,0,96,186,62,80,52,214,6,0,85,186,38,226,132,174,169,0,22,0,115,118,5,0,167,131,0,17,142,164,0,0,150,185,0
00297 features=823 size=44 p=10 tap=46 reset=true scheme=3 ops=0,1,1,3,1,1,0,3,1,2,2,1,1,0,2,2,3,1,3,2,2,2,3,3,1,1,0,1,1,0,1,2,2,3,2,3,1,2,0,0,0,3,0,0,2,3,0,2,2,3,3,1,0,0,1,2,3,0,1,0,1,1,2,0 ks=208,155,194,0,236,0,0,0,58,216,0,101,0,81,0,81,226,0,44,108,164,43,0,80,142,1,18,238,0,128,125,0,164,91,198,168,207,0,152,242,0,0,205,2,0,22,0,11,53,98,73,213,0,185,0,12,0,49,67,97,234,0,180,126
00298 features=824 size=43 p=10 tap=63 reset=false scheme=5 ops=1,0,2,2,1,0,2,2,0,0,2,2,1,0,0,0,0,2,1,2,3,2,2,2,2,1,1,3,0,0,0,3,1,2,1,2,1,0,3,3,1,1,1,3,0,1,0,3,0,3,1,0,3,2,3,3,1,2,1,3,3,3,0,3 ks=106,232,39,177,199,45,81,43,0,0,214,0,0,239,0,235,105,0,0,197,0,139,133,157,76,49,194,0,95,0,0,36,10,221,0,200,0,26,64,0,0,0,24,0,169,20,216,0,89,0,83,138,155,30,117,222,0,24,45,151,0,230,163,35
00299 features=787 size=22 p=10 tap=41 reset=true scheme=3 ops=3,0,2,0,0,2,3,2,2,2,1,0,1,1,3,1,1,1,2,0,1,0,2,3,3,1,2,0,3,1,0,2,1,0,1,1,2,1,0,0,2,3,0,1,0,1,2,2,3,1,3,2,0,1,3,3,0,0,0,0,2,2,3,1 ks=0,0,0,73,0,185,0,0,214,0,0,0,77,8,0,63,0,0,0,0,0,6,54,0,0,0,0,0,0,0,0,0,151,134,0,0,0,104,0,0,207,0,0,0,177,0,0,27,36,0,19,0,0,71,0,0,167,249,0,0,0,206,45,85
00300 features=880 size=52 p=5 tap=20 reset=true scheme=3 ops=1,0,0,1,3,1,0,0,1,1,3,3,3,2,2,0,1,2,3,3,1,0,3,0,2,1,1,0,3,0,3,3,2,1,1,0,1,0,1,0,1,3,2,3,0,0,3,3,3,1,0,1,1,0,2,1,3,2,2,0,3,2,2,3 ks=176,0,151,4,201,160,2,140,239,42,151,204,204,29,91,67,82,78,68,133,56,240,0,142,148,215,64,1,0,114,0,157,225,191,136,22,0,0,232,38,196,0,0,76,219,220,207,168,249,0,187,0,84,0,233,194,191,0,1,222,96,202,71,212
00301 features=837 size=36 p=1 tap=35 reset=true scheme=1 ops=0,2,2,3,3,0,2,1,1,0,0,1,2,1,3,2,1,1,3,1,3,2,3,3,1,3,0,2,3,1,2,3,3,1,1,0,1,3,0,3,2,2,2,3,2,3,2,3,0,3,3,3,1,0,0,2,3,1,3,2,0,0,2,1 ks=72,0,32,221,0,16,160,0,0,0,247,219,93,12,0,0,99,0,0,0,0,139,0,40,67,163,49,159,0,121,209,0,0,0,206,0,0,109,69,213,0,0,73,0,0,79,209,0,47,52,0,0,61,237,48,146,78,0,0,210,32,0,220,13
00302 features=726 size=15 p=2 tap=12 reset=true scheme=3 ops=2,3,1,1,1,3,3,2,3,0,3,0,2,1,3,3,3,0,3,1,3,1,0,2,2,2,1,0,0,1,0,1,0,3,0,0,0,3,2,0,3,1,0,2,1,1,1,3,1,0,1,2,2,1,0,2,2,2,1,0,2,2,0,0 ks=0,0,0,0,0,194,0,0,0,0,0,230,0,0,47,0,0,83,0,0,182,0,94,0,0,229,0,0,0,0,0,0,0,0,17,0,0,0,0,29,0,0,207,6,0,0,252,0,0,43,0,243,0,125,0,0,0,0,0,0,0,0,0,0
00303 features=897 size=49 p=5 tap=43 reset=true scheme=2 ops=0,2,1,3,2,0,1,0,0,2,0,1,1,2,3,2,1,0,0,0,1,2,2,3,3,3,0,1,2,1,0,1,1,3,3,2,2,0,1,1,0,1,0,3,3,1,0,3,3,0,2,3,3,1,2,2,1,1,0,3,1,3,2,0 ks=26,185,16,238,13,29,213,198,173,45,188,0,0,49,13,51,196,9,118,38,64,89,149,145,30,248,87,231,87,181,142,200,151,0,228,68,0,55,64,0,173,199,0,32,0,0,0,0,68,0,119,85,69,132,0,81,0,105,148,215,0,240,0,26
00304 features=899 size=42 p=1 tap=17 reset=true scheme=3 ops=2,3,0,0,2,0,1,3,2,2,0,1,0,0,3,0,0,1,2,1,1,1,0,1,0,2,0,1,0,1,3,2,0,0,2,2,3,3,3,1,0,3,3,1,1,0,1,3,3,2,3,2,0,3,3,3,3,2,3,2,0,0,2,0 ks=0,144,14,128,0,0,0,30,61,217,213,13,159,143,44,74,29,0,0,210,108,0,0,5,214,63,118,0,0,124,0,207,143,225,0,138,0,39,224,179,157,0,0,173,216,0,9,0,0,161,0,149,0,237,0,78,75,173,219,37,165,199,36,0
00305 features=874 size=43 p=1 tap=17 reset=true scheme=3 ops=2,3,1,0,0,1,1,0,2,1,1,3,0,2,3,0,3,3,0,2,0,2,1,0,1,0,3,2,1,2,1,1,1,2,3,2,1,3,2,3,1,0,1,2,1,1,0,0,3,2,0,1,0,0,3,2,0,3,1,2,2,0,1,3 ks=106,0,0,64,195,218,0,17,1,190,31,74,237,21,14,33,0,207,100,0,200,0,66,0,117,73,90,0,106,0,0,98,0,103,0,223,35,0,0,112,0,26,0,0,125,142,163,250,29,7,71,218,95,0,0,111,0,102,135,0,234,195,144,229
00306 features=1003 size=64 p=5 tap=22 reset=false scheme=1 ops=2,2,2,0,3,2,3,0,1,2,0,0,3,2,3,3,1,3,1,1,1,3,3,1,3,1,0,0,1,3,3,0,1,0,1,3,3,2,1,2,3,2,0,1,3,2,1,2,1,3,2,3,0,2,0,3,1,1,1,3,3,3,2,1 ks=193,237,60,155,32,45,246,79,251,227,116,83,244,168,199,148,117,170,139,211,185,58,92,129,191,33,59,206,29,252,233,230,96,174,91,196,128,41,94,73,246,33,231,224,28,13,27,117,183,136,49,247,27,146,87,101,119,49,17,7,31,72,229,236
00307 features=606 size=26 p=10 tap=24 reset=false scheme=0 ops=3,0,2,0,3,0,1,1,0,3,3,1,3,0,0,2,1,2,3,1,1,3,3,1,1,0,3,0,3,2,2,3,3,2,0,3,2,1,1,3,1,2,0,3,0,1,0,3,3,1,0,0,3,0,1,1,3,2,1,1,3,1,0,3 ks=0,67,0,139,3,243,0,0,0,0,189,0,0,90,0,30,215,0,0,0,0,0,0,0,0,0,61,219,101,0,0,0,0,0,0,203,0,0,111,0,0,0,177,0,0,138,132,0,151,253,232,27,82,0,0,0,54,132,200,175,51,0,0,0
00308 features=928 size=43 p=10 tap=19 reset=true scheme=4 ops=0,3,0,3,2,0,2,2,3,3,1,0,0,0,3,0,0,0,3,3,0,0,3,3,0,0,0,1,3,0,2,2,0,0,3,3,0,1,0,0,1,2,2,3,1,0,1,2,0,2,0,2,3,3,0,3,3,3,0,0,3,2,3,0 ks=236,155,215,0,126,66,0,31,246,0,239,192,250,154,125,118,213,162,154,0,60,192,93,120,0,11,68,160,0,250,41,0,0,0,0,102,190,0,195,0,252,134,84,0,0,72,227,198,0,0,0,147,208,0,56,0,169,110,0,45,231,14,0,15
00309 features=812 size=40 p=5 tap=9 reset=false scheme=1 ops=2,3,2,0,2,1,2,3,2,1,3,2,2,3,3,1,1,3,3,1,2,1,0,3,2,2,2,0,3,1,0,0,2,3,0,2,3,1,2,3,2,3,1,3,0,1,1,0,0,2,2,1,2,1,0,3,0,1,2,2,2,3,0,3 ks=12,0,153,118,199,211,124,0,47,0,0,104,0,69,0,138,32,0,75,113,163,94,205,0,0,0,202,0,165,137,0,0,179,41,25,0,20,0,77,1,58,0,0,117,0,93,18,0,0,0,201,2,146,156,235,35,168,28,0,138,0,191,34,0
00310 features=987 size=64 p=10 tap=34 reset=false scheme=3 ops=2,2,3,2,0,2,3,2,1,1,1,0,1,1,3,3,1,2,3,0,0,1,0,1,1,3,2,1,2,2,2,1,3,1,3,0,1,0,2,1,0,1,3,0,3,3,2,1,3,2,0,3,0,1,0,1,2,1,2,2,2,2,2,2 ks=166,9,28,247,153,155,184,179,173,74,55,63,211,211,247,217,113,79,231,143,238,2,157,219,141,10,206,98,194,167,110,78,164,109,151,21,89,194,74,124,76,12,48,233,245,28,177,29,69,132,108,179,132,90,62,116,132,236,212,248,12,98,159,164
00311 features=929 size=64 p=5 tap=4 reset=true scheme=3 ops=1,0,2,3,3,0,1,1,0,3,0,1,2,0,0,1,3,3,0,2,0,1,0,0,1,3,2,3,2,3,1,3,0,0,2,0,1,1,2,1,3,1,2,2,3,2,0,3,1,3,1,0,3,0,1,2,0,3,2,3,1,1,3,0 ks=255,110,81,152,141,69,108,120,31,168,6,102,23,70,47,69,132,91,248,239,215,193,208,255,12,114,247,35,249,235,55,10,177,82,29,133,233,188,122,101,38,253,15,31,212,34,201,117,165,185,46,173,209,40,198,253,74,105,181,173,249,148,184,101
00312 features=747 size=15 p=1 tap=35 reset=true scheme=3 ops=2,1,2,0,0,0,2,1,1,2,1,3,0,3,2,2,1,3,3,2,1,2,0,2,1,2,2,3,2,2,3,2,1,1,0,3,3,3,3,3,2,0,0,1,3,1,1,2,0,3,1,2,3,1,3,0,2,2,3,2,1,1,2,3 ks=0,246,0,0,216,230,124,0,0,114,163,0,0,0,0,0,0,7,0,0,0,0,0,0,228,0,0,0,0,0,0,201,66,197,0,225,0,0,0,0,0,0,0,0,0,0,0,0,102,0,0,0,0,0,0,0,83,0,0,130,0,0,0,0
00313 features=864 size=40 p=5 tap=54 reset=false scheme=3 ops=2,2,1,2,1,0,2,1,0,3,0,3,2,0,3,2,0,0,0,3,2,0,3,1,2,1,1,2,0,0,0,2,1,0,2,3,2,2,0,0,1,2,2,3,0,3,3,1,1,1,2,1,3,1,3,1,3,0,0,2,3,2,3,3 ks=154,0,0,174,46,225,0,230,0,167,0,149,0,66,0,208,0,0,0,246,28,52,117,123,42,247,101,212,140,0,0,254,62,63,218,0,76,13,0,111,113,0,0,0,37,171,5,0,54,23,185,118,173,0,0,114,120,0,144,85,0,0,0,206
00314 features=902 size=46 p=2 tap=44 reset=true scheme=1 ops=1,2,0,1,0,3,1,2,2,3,1,3,1,1,1,0,0,1,1,2,3,1,1,2,1,1,2,3,3,0,1,0,3,2,2,1,1,3,3,0,3,3,3,2,3,0,2,1,2,2,3,2,0,3,2,3,1,3,1,3,3,1,0,3 ks=162,242,53,136,178,172,230,0,100,68,255,0,249,11,174,156,232,134,147,0,126,252,40,0,0,101,179,209,0,0,109,213,125,82,76,0,249,0,46,0,0,53,11,0,7,0,252,0,201,42,95,0,219,126,62,244,0,45,33,204,12,0,110,0
00315 features=595 size=19 p=10 tap=18 reset=false scheme=4 ops=2,3,3,1,2,3,0,1,3,1,3,1,2,0,1,3,3,1,3,1,2,0,3,1,3,2,0,3,2,2,3,2,2,0,0,0,0,1,1,3,1,2,0,3,2,0,1,0,2,1,0,1,2,3,1,0,0,0,1,1,1,1,2,0 ks=0,246,0,0,183,0,124,0,198,0,92,0,0,106,0,0,0,76,0,0,0,0,0,0,245,0,179,0,0,214,0,158,0,0,0,0,243,0,0,0,0,0,124,0,0,228,0,0,0,0,0,225,0,0,0,0,0,248,0,82,26,0,0,180
00316 features=800 size=29 p=2 tap=53 reset=false scheme=4 ops=2,2,0,0,1,3,0,3,2,3,3,0,2,2,0,0,3,2,3,1,3,1,1,1,1,3,2,3,1,1,2,3,3,1,1,2,0,3,2,0,1,0,3,2,2,0,1,2,3,1,2,0,3,0,1,2,3,2,1,1,1,3,1,3 ks=0,37,139,0,177,0,247,201,0,0,194,85,0,0,0,0,56,0,0,0,0,36,97,70,15,34,0,0,0,240,58,0,77,3,0,0,0,250,211,5,0,0,197,147,0,0,38,0,0,114,0,0,124,0,0,0,0,196,0,141,26,65,0,0
00317 features=844 size=42 p=1 tap=23 reset=false scheme=3 ops=3,0,3,2,3,3,3,0,0,0,0,3,0,1,1,3,1,2,2,1,0,3,1,3,3,0,2,3,0,3,1,0,3,1,0,0,0,3,3,0,3,2,2,1,0,2,0,2,0,3,0,2,2,2,2,3,2,3,2,1,2,0,3,0 ks=0,76,102,0,0,181,0,177,98,0,86,231,173,0,4,174,112,0,0,0,0,0,201,44,73,221,41,249,103,241,61,23,73,189,196,7,136,126,79,0,0,90,25,0,75,0,104,248,143,194,222,236,0,0,0,68,14,0,3,183,0,0,166,0
00318 features=566 size=24 p=1 tap=17 reset=false scheme=2 ops=2,3,3,2,3,3,0,0,1,1,1,1,2,3,2,3,2,1,0,0,3,3,2,2,0,1,0,1,1,1,1,3,2,3,0,1,0,1,2,0,0,3,3,3,1,1,0,3,3,1,3,3,1,3,1,1,0,3,3,1,0,2,0,3 ks=0,0,132,0,0,183,14,0,176,19,0,0,0,0,0,0,205,0,155,0,0,0,0,0,181,127,0,0,175,169,0,0,122,103,0,0,235,39,206,0,0,0,0,29,0,0,115,149,107,0,0,0,0,139,0,0,207,0,0,97,206,0,0,0
00319 features=1017 size=64 p=1 tap=37 reset=false scheme=1 ops=1,1,2,2,2,3,0,0,2,1,3,1,3,2,1,1,0,0,1,2,3,2,3,3,0,2,1,2,2,0,3,2,1,1,2,2,0,3,3,2,2,3,1,0,1,2,1,0,1,1,0,3,3,3,1,1,1,2,2,1,1,3,1,1 ks=228,115,115,157,46,50,82,130,164,16,252,162,135,169,81,198,156,69,195,154,45,14,156,65,54,41,247,134,60,164,57,59,116,57,81,127,207,2,22,242,7,3,155,180,77,100,5,242,87,178,122,131,132,100,52,225,176,161,11,60,211,98,62,165
00320 features=875 size=41 p=2 tap=54 reset=true scheme=3 ops=2,3,2,0,3,3,2,2,0,0,2,2,0,1,2,0,2,2,0,2,2,3,0,0,3,0,1,2,2,0,0,0,2,1,2,2,1,0,1,1,1,1,0,3,0,1,0,1,1,3,3,0,0,1,3,2,2,3,0,1,3,0,2,1 ks=255,145,0,0,0,0,248,0,0,0,92,0,153,0,39,243,24,0,207,0,167,0,0,40,138,221,0,54,65,34,77,35,0,0,0,9,15,253,225,252,39,245,0,0,89,127,0,44,202,0,213,194,115,72,115,0,190,169,0,225,42,182,12,113
00321 features=933 size=64 p=10 tap=42 reset=true scheme=3 ops=2,0,0,0,1,1,0,2,2,2,2,1,3,0,1,3,0,3,1,1,2,1,0,2,3,1,0,0,2,2,0,1,3,0,0,3,2,0,1,3,1,1,2,3,1,0,0,2,1,2,1,1,3,0,2,0,3,1,1,2,0,0,0,0 ks=222,129,126,233,172,94,40,165,97,155,213,37,45,19,48,23,125,46,17,63,91,171,118,4,182,206,146,24,35,85,247,142,37,201,218,29,194,110,158,240,177,89,126,125,101,192,229,98,201,12,66,161,113,52,144,129,85,251,75,211,33,96,149,76
00322 features=810 size=23 p=5 tap=9 reset=true scheme=3 ops=3,3,0,0,3,0,2,0,2,3,3,0,3,1,2,2,3,3,0,1,2,2,3,2,0,1,2,1,2,3,1,2,0,0,3,1,2,0,1,3,2,0,2,0,1,0,0,1,1,3,3,0,2,0,3,0,3,3,3,3,3,0,1,1 ks=0,133,0,128,0,0,67,0,0,20,66,0,0,0,0,0,0,226,189,0,0,150,43,0,0,0,31,0,155,32,0,0,165,52,0,124,0,0,0,31,0,0,66,0,36,0,111,0,0,0,0,89,52,208,0,74,0,0,0,0,0,0,0,0
00323 features=844 size=42 p=2 tap=23 reset=true scheme=3 ops=2,2,3,1,1,1,3,3,2,2,1,2,3,3,2,3,3,0,2,0,0,3,1,1,0,1,2,1,1,2,2,3,1,0,2,1,1,3,2,0,2,3,2,0,2,3,3,2,2,0,0,2,0,1,2,2,1,3,3,0,2,3,1,2 ks=0,38,0,99,0,192,154,95,105,115,0,28,0,83,0,206,203,187,203,165,188,0,60,0,237,165,0,22,110,10,6,0,0,243,146,0,240,0,16,0,242,0,119,48,75,167,0,96,0,23,207,0,250,32,237,0,147,0,210,0,221,0,29,88
00324 features=974 size=64 p=2 tap=22 reset=true scheme=3 ops=1,2,1,1,0,1,0,1,0,0,0,1,3,1,1,2,1,2,1,0,1,3,3,2,1,1,3,3,0,2,1,3,0,0,0,1,3,1,2,2,3,3,2,0,3,2,0,3,0,1,2,3,0,3,0,2,2,0,1,1,0,2,2,3 ks=111,25,120,16,50,19,182,117,42,235,119,167,13,89,194,117,158,209,214,19,107,35,183,50,15,89,13,201,131,125,182,185,49,71,48,221,222,98,185,197,209,151,205,89,197,105,60,75,239,47,73,55,70,64,192,168,10,170,20,118,219,70,23,155
00325 features=957 size=64 p=5 tap=51 reset=true scheme=3 ops=3,2,1,3,2,1,0,3,3,3,0,2,2,1,2,3,1,0,3,0,2,1,3,3,1,1,0,2,1,0,2,2,1,2,1,3,2,0,3,1,1,1,3,3,0,1,1,2,0,3,1,3,0,2,0,3,0,3,1,0,2,0,2,3 ks=159,21,150,73,50,87,193,22,56,172,21,27,54,167,42,117,157,215,41,195,152,144,192,179,232,94,231,77,160,156,230,110,33,152,243,75,81,62,211,57,146,65,89,32,162,85,65,95,158,189,24,3,88,144,45,214,49,171,40,197,153,204,161,27
00326 features=696 size=26 p=5 tap=8 reset=false scheme=4 ops=1,1,0,0,0,0,3,3,3,2,1,1,0,0,1,1,1,3,0,3,2,0,3,1,1,2,0,1,3,0,1,1,0,2,0,3,3,0,3,3,0,0,3,1,3,1,3,0,2,0,2,1,0,0,3,3,3,3,1,1,0,3,3,2 ks=0,0,0,171,5,246,111,206,191,43,0,0,0,0,0,0,0,97,237,197,0,0,223,0,0,0,0,0,0,237,0,216,0,0,0,0,83,59,71,0,44,0,0,25,191,0,0,0,38,0,0,0,0,106,79,0,58,0,25,0,0,0,60,49
00327 features=961 size=63 p=5 tap=45 reset=true scheme=3 ops=1,3,0,2,1,1,0,2,1,1,0,0,0,1,3,2,1,2,3,0,2,2,0,2,2,0,1,3,1,2,0,3,2,0,3,0,1,3,1,1,2,3,2,0,2,0,0,3,3,0,1,3,3,2,0,3,3,2,3,1,1,2,2,0 ks=52,10,201,74,130,114,244,165,167,212,124,7,71,211,98,132,96,180,205,150,240,18,201,143,158,196,175,84,205,233,44,51,226,36,96,110,79,77,155,181,162,13,143,68,151,71,13,149,0,193,161,69,32,165,125,82,23,1,199,110,3,251,116,244
00328 features=870 size=45 p=10 tap=8 reset=false scheme=5 ops=2,0,3,2,1,3,0,3,2,3,2,2,2,0,0,0,2,1,1,1,2,0,3,0,3,3,3,0,3,1,3,1,2,0,1,0,3,2,0,0,0,3,1,3,2,0,0,2,1,0,3,2,3,1,1,0,3,3,0,2,0,0,0,2 ks=123,90,141,174,190,0,246,0,237,249,119,0,44,0,133,135,0,0,54,121,0,110,70,71,150,117,104,101,185,0,162,0,0,211,19,196,97,0,60,82,0,141,253,122,0,78,76,132,0,48,100,0,0,73,199,65,0,0,0,76,157,200,69,91
00329 features=849 size=40 p=2 tap=30 reset=true scheme=3 ops=2,1,1,1,3,1,1,1,1,2,2,3,2,0,0,3,1,1,2,2,3,0,0,2,1,0,0,1,1,0,1,1,2,1,2,0,0,2,3,2,0,0,3,3,3,2,0,2,3,0,0,0,1,3,1,3,2,2,2,3,1,1,3,2 ks=35,0,0,0,11,0,14,12,218,25,0,202,190,207,47,33,0,15,148,0,0,0,219,0,160,12,129,0,140,0,0,0,0,102,11,63,104,0,0,234,8,154,90,147,0,126,202,0,236,164,0,0,203,0,203,178,0,117,148,119,114,75,0,112
00330 features=951 size=63 p=2 tap=43 reset=true scheme=3 ops=0,3,1,3,3,2,0,0,3,0,1,3,1,2,3,0,1,3,3,0,3,0,1,2,1,0,2,0,1,2,0,0,0,2,2,2,0,3,0,0,2,3,1,3,0,1,0,0,2,2,0,0,2,1,1,3,0,1,0,1,1,2,3,2 ks=47,176,243,66,146,233,233,165,40,0,29,160,146,70,45,199,222,73,211,220,214,91,11,64,236,102,14,164,180,212,189,236,141,12,117,164,66,181,116,222,143,46,37,9,7,246,168,161,181,22,50,45,66,185,113,112,35,122,203,92,99,85,27,119
00331 features=916 size=44 p=2 tap=27 reset=true scheme=1 ops=2,2,0,0,2,1,3,3,1,3,1,3,1,3,1,2,0,0,2,1,0,1,1,3,1,1,3,3,1,1,2,3,1,0,3,3,3,2,3,0,3,1,2,2,0,1,1,0,2,3,2,3,0,1,2,0,0,2,2,0,3,3,3,1 ks=94,35,5,7,5,139,0,156,17,0,62,78,0,0,0,183,246,0,0,89,6,77,173,0,240,0,253,182,0,113,244,226,107,0,0,112,188,71,89,86,46,0,233,139,169,174,0,82,231,155,120,103,236,204,0,0,0,173,150,0,0,0,175,112
00332 features=1015 size=64 p=5 tap=23 reset=true scheme=1 ops=1,2,0,1,2,1,0,3,1,1,0,0,0,2,1,1,0,1,0,1,2,1,3,3,3,3,2,1,1,0,1,1,2,2,1,3,2,2,0,2,2,3,0,3,2,2,3,3,0,3,2,2,2,1,0,0,0,2,1,2,2,3,1,3 ks=126,223,224,154,186,26,76,151,87,71,43,150,139,80,80,109,189,140,190,56,229,90,65,223,33,122,181,75,209,141,155,127,94,218,242,83,21,120,130,83,83,54,134,83,91,100,245,41,24,59,74,240,18,2,223,51,158,24,80,117,137,201,200,153
00333 features=876 size=46 p=10 tap=13 reset=false scheme=2 ops=3,2,0,3,3,0,1,2,2,3,2,2,1,3,0,3,3,1,1,3,1,0,0,1,1,2,1,3,1,2,2,3,0,0,1,0,0,1,2,1,3,2,2,0,3,2,0,2,2,2,2,1,0,0,1,3,2,0,1,0,0,3,0,0 ks=0,0,174,175,67,32,141,0,0,97,86,12,85,78,92,55,110,171,246,0,0,191,235,0,48,0,254,85,0,208,26,4,189,211,0,85,171,0,135,55,252,96,20,0,50,183,71,93,169,143,26,102,0,176,6,155,0,0,103,0,238,0,10,0
00334 features=946 size=64 p=5 tap=17 reset=true scheme=3 ops=1,1,3,0,2,0,3,2,2,1,3,3,2,3,2,2,3,3,2,1,0,1,2,3,2,0,1,0,2,1,1,3,1,1,3,3,1,1,0,0,0,2,2,1,0,2,0,2,0,2,3,0,3,1,3,0,2,0,2,3,1,2,3,0 ks=252,71,68,237,228,59,245,204,12,83,153,90,178,149,222,192,127,69,49,116,228,251,232,50,17,1,115,112,178,157,186,25,171,49,69,7,28,6,121,194,35,169,192,196,16,128,254,173,159,67,77,177,79,66,40,189,193,93,122,165,243,59,42,153
00335 features=859 size=45 p=1 tap=21 reset=true scheme=3 ops=3,1,3,0,1,2,2,3,1,2,2,0,2,1,0,1,1,0,1,1,2,3,2,0,0,1,0,0,3,2,0,2,1,0,2,3,0,2,1,3,1,3,2,1,0,1,3,0,0,0,1,3,3,0,2,2,3,1,0,3,2,1,1,1 ks=0,40,222,86,0,8,231,44,26,194,162,18,248,156,189,185,247,188,0,224,125,175,212,30,205,145,233,0,0,193,137,0,0,0,0,1,213,0,161,142,0,0,110,0,0,244,9,14,0,227,98,202,0,0,189,80,120,66,228,219,103,0,150,0
00336 features=623 size=23 p=2 tap=57 reset=false scheme=4 ops=2,2,1,1,1,0,2,0,3,2,3,3,0,3,0,2,2,1,3,0,1,3,1,1,1,1,1,2,1,1,0,3,2,3,3,3,3,2,2,3,3,2,3,2,3,0,0,0,3,0,0,2,1,0,3,3,3,3,1,2,1,1,3,1 ks=0,0,0,36,0,70,0,114,26,124,0,0,0,0,175,11,0,132,0,0,0,177,0,0,0,6,0,246,0,0,0,0,20,0,69,0,132,0,0,17,0,154,184,168,0,0,0,0,0,74,0,137,106,0,0,0,118,0,0,0,0,0,0,234
00337 features=907 size=47 p=5 tap=59 reset=true scheme=3 ops=2,3,0,0,1,2,0,2,0,2,1,2,2,2,1,0,0,2,0,2,2,2,1,2,1,3,2,1,1,1,1,1,2,0,0,2,1,3,1,3,1,0,0,0,1,3,1,3,0,3,0,1,0,0,3,0,2,1,3,0,0,2,0,3 ks=0,84,170,0,69,0,254,168,70,154,191,8,111,0,191,90,177,162,204,0,242,18,54,0,181,0,45,0,69,163,186,9,194,88,0,209,248,0,136,0,215,221,3,250,176,0,73,209,211,237,73,189,0,94,115,206,240,0,0,78,0,0,226,152
00338 features=771 size=22 p=10 tap=42 reset=false scheme=5 ops=0,1,0,2,0,2,0,0,3,0,1,2,2,3,3,0,2,0,2,1,3,2,0,3,0,3,0,2,0,0,2,1,3,3,2,0,1,2,3,0,3,3,2,1,0,2,2,0,1,1,0,2,3,0,1,3,1,1,0,0,1,1,0,2 ks=0,0,4,0,156,0,0,0,5,25,37,0,86,115,0,194,0,0,0,0,243,150,0,213,0,0,110,0,0,0,168,0,112,0,166,0,0,0,0,0,60,0,0,0,0,0,244,0,0,248,23,0,157,0,83,241,0,0,0,0,0,0,0,0
00339 features=1025 size=64 p=2 tap=41 reset=true scheme=4 ops=1,3,1,0,3,0,0,2,0,0,3,1,1,1,2,3,3,0,1,3,3,3,0,1,1,2,1,2,3,2,2,1,2,3,3,1,3,2,0,1,3,3,3,3,0,2,2,2,1,3,0,3,1,0,3,1,1,1,3,3,3,3,2,0 ks=23,35,188,49,122,52,136,219,237,146,179,36,28,140,26,105,250,61,57,183,18,129,205,40,122,96,234,192,61,73,136,61,232,1,91,224,10,101,231,63,240,168,197,246,40,136,100,145,231,47,167,118,55,204,39,148,186,45,114,119,88,87,163,34
00340 features=939 size=40 p=10 tap=45 reset=true scheme=5 ops=1,0,2,2,3,2,2,1,0,3,2,1,2,1,1,1,0,2,1,3,2,0,0,3,3,0,3,1,1,0,3,3,1,0,1,2,3,2,0,2,2,2,2,3,2,3,2,3,3,0,0,1,2,0,0,0,0,2,2,0,0,1,0,2 ks=158,0,0,124,0,113,0,0,128,0,169,90,0,109,23,0,0,29,189,121,96,6,24,2,0,202,101,20,154,0,0,0,0,113,5,0,165,77,0,0,112,33,14,0,0,19,159,219,0,50,99,210,56,0,213,0,0,0,138,5,2,108,175,139
00341 features=711 size=38 p=1 tap=47 reset=false scheme=2 ops=0,1,3,3,1,1,3,1,0,0,2,1,0,2,3,3,1,1,0,0,0,3,1,3,2,0,3,0,3,1,1,1,3,3,1,0,2,0,0,3,3,3,2,2,3,0,1,3,3,2,3,2,3,3,1,2,2,1,2,1,0,2,2,2 ks=0,64,0,61,0,188,0,57,0,0,218,145,128,107,4,246,0,0,176,13,0,0,155,0,110,0,0,0,218,96,243,0,42,0,0,0,0,0,0,0,18,139,98,215,49,143,0,0,0,8,0,110,131,162,106,211,224,227,219,28,22,23,64,209
00342 features=817 size=42 p=1 tap=49 reset=true scheme=3 ops=0,2,0,1,3,3,2,3,0,3,3,3,2,3,1,0,1,1,3,3,2,0,3,2,0,0,2,3,1,3,3,2,0,3,1,2,3,2,1,2,0,1,0,0,1,3,1,0,0,3,1,3,3,1,1,2,1,1,2,3,0,2,3,3 ks=215,0,210,0,26,0,43,46,177,3,33,0,0,0,240,0,118,250,211,149,0,206,161,174,124,119,0,74,252,236,175,171,191,246,0,47,0,0,0,201,219,85,0,11,132,125,134,230,173,123,0,92,0,0,0,164,240,0,0,52,0,113,143,0
00343 features=645 size=21 p=5 tap=45 reset=false scheme=5 ops=3,0,0,2,1,3,1,1,2,0,2,3,0,3,0,1,2,2,0,2,1,0,1,3,0,2,0,1,2,0,3,0,2,3,0,2,3,2,0,0,3,0,0,0,1,2,3,3,1,2,2,1,1,0,2,1,2,1,2,0,3,1,0,3 ks=73,0,0,0,0,0,0,52,0,0,0,0,3,0,0,93,187,0,72,0,0,35,0,0,131,0,0,0,0,0,0,176,0,0,254,130,0,13,65,0,0,0,0,191,0,0,181,194,0,0,0,8,0,163,0,0,255,0,169,0,0,163,0,0
00344 features=1012 size=64 p=10 tap=32 reset=true scheme=1 ops=2,0,3,2,1,2,3,0,0,2,3,2,1,0,0,2,3,0,3,0,1,0,0,0,0,2,2,1,1,1,1,3,3,2,1,1,2,0,3,2,2,1,3,0,2,2,1,1,3,3,3,0,1,1,0,3,0,3,0,3,0,2,3,2 ks=196,28,29,107,222,93,215,105,218,149,94,148,48,134,26,200,64,197,55,223,190,58,166,182,118,229,66,211,254,94,10,161,112,251,45,213,242,48,201,49,184,206,41,92,12,148,62,116,3,138,36,159,124,213,250,236,86,38,98,60,84,234,65,253
00345 features=828 size=19 p=5 tap=59 reset=true scheme=5 ops=3,1,2,2,0,1,0,0,2,0,0,3,0,1,2,1,0,2,1,2,3,1,2,1,3,1,1,1,0,3,2,3,0,0,0,1,1,2,0,1,3,2,1,3,2,0,0,0,1,3,3,3,1,2,3,0,0,0,2,3,2,3,1,3 ks=0,0,0,241,0,0,247,0,0,0,0,0,0,0,0,216,0,13,109,115,0,69,0,0,0,0,11,0,0,102,0,0,0,0,0,50,0,0,0,0,103,0,0,0,185,108,0,60,0,0,0,0,0,187,0,0,0,199,0,0,214,75,70,0
00346 features=975 size=64 p=1 tap=22 reset=true scheme=3 ops=2,3,3,2,2,2,1,0,2,2,3,0,0,3,2,0,3,1,2,3,1,3,1,2,2,0,0,0,1,3,3,0,2,3,3,3,2,1,0,0,1,3,0,1,0,0,1,3,2,0,3,0,3,0,1,0,3,2,2,2,1,2,2,2 ks=174,131,245,149,164,108,170,179,160,74,40,208,231,240,1,115,13,118,90,238,240,165,44,76,240,58,121,151,54,113,171,59,108,83,131,132,20,79,26,158,151,229,20,188,248,48,67,117,54,252,117,24,11,161,168,128,192,33,103,182,215,94,111,37
00347 features=919 size=40 p=10 tap=14 reset=true scheme=3 ops=3,3,0,0,3,0,1,0,2,3,0,1,0,3,0,1,1,2,2,0,2,0,3,0,2,2,2,1,1,0,2,0,1,2,0,1,3,0,2,0,0,2,3,0,3,3,2,0,1,1,0,3,2,0,1,3,2,3,1,3,3,3,2,1 ks=132,86,0,21,0,113,34,0,0,213,204,0,173,219,0,189,137,135,0,0,132,0,131,19,79,0,0,85,0,0,69,239,16,0,0,110,212,180,0,0,0,209,199,127,105,0,181,135,171,0,63,42,0,66,55,0,0,181,29,192,34,148,0,189
00348 features=951 size=64 p=10 tap=36 reset=true scheme=3 ops=0,1,0,2,1,2,1,3,0,3,3,1,2,3,1,2,1,0,3,1,3,0,0,3,2,2,3,3,0,2,1,3,1,3,1,3,2,2,1,3,2,2,2,2,1,0,3,2,1,3,3,3,1,2,0,3,2,0,1,3,3,3,1,0 ks=100,190,194,150,135,204,140,19,108,87,245,97,148,234,209,69,211,68,235,72,149,184,173,136,25,120,223,228,123,76,251,228,177,231,46,195,65,36,114,234,44,140,167,126,130,24,99,199,46,81,39,6,14,147,221,164,112,33,122,167,19,226,109,153
00349 features=812 size=22 p=2 tap=24 reset=false scheme=2 ops=2,2,0,0,0,1,0,3,3,2,3,1,1,0,0,2,2,0,3,2,3,3,3,1,2,2,1,3,0,1,2,2,2,2,2,1,3,2,2,0,0,3,3,3,3,2,2,3,1,0,0,2,1,3,1,2,0,1,1,0,3,0,3,0 ks=0,0,0,228,235,0,49,49,0,0,0,0,192,63,0,0,0,0,0,246,0,0,115,0,165,0,0,0,17,0,0,0,0,0,0,0,135,0,0,0,0,198,0,0,0,245,0,0,0,0,235,172,56,114,0,4,118,39,37,0,0,0,216,0
00350 features=941 size=39 p=5 tap=61 reset=true scheme=1 ops=1,2,3,2,0,1,0,2,1,2,0,1,3,2,0,0,2,2,2,0,2,0,0,3,2,2,0,1,0,0,2,3,1,2,3,2,3,2,0,1,0,3,1,1,3,3,1,1,3,3,2,3,3,0,0,1,3,1,3,1,2,3,3,3 ks=187,252,0,128,0,62,120,0,0,25,33,213,93,0,62,215,0,51,0,5,0,195,0,185,0,215,86,121,163,87,25,0,153,160,95,56,0,0,0,0,228,0,0,225,85,191,222,206,0,25,0,30,0,220,0,0,48,241,175,0,0,16,161,0
00351 features=830 size=22 p=10 tap=15 reset=true scheme=3 ops=1,2,0,0,1,2,0,1,2,2,2,1,2,2,1,2,1,2,2,0,0,1,1,3,2,0,3,2,2,2,1,2,3,1,1,0,2,0,2,0,2,0,2,0,3,3,2,0,0,3,1,2,3,3,0,0,3,3,0,2,3,0,2,3 ks=214,0,0,212,0,252,189,0,0,0,5,226,0,0,0,6,0,0,0,0,78,0,0,73,0,60,0,0,200,0,0,121,77,61,225,0,0,0,0,0,27,0,75,0,249,0,21,0,0,0,0,0,0,79,0,0,0,202,0,0,0,156,0,0
00352 features=922 size=64 p=10 tap=59 reset=true scheme=3 ops=0,2,0,1,0,2,3,3,3,0,1,2,2,0,0,0,0,3,1,0,1,0,0,0,0,0,3,2,1,2,0,0,2,3,0,2,2,3,0,1,2,0,2,0,2,1,3,0,1,0,1,3,2,0,1,0,0,0,2,1,2,3,0,0 ks=27,78,200,171,23,64,113,104,62,54,21,79,112,106,136,140,247,115,156,130,190,133,94,162,43,167,30,59,124,126,144,75,112,223,165,131,197,44,163,138,12,183,40,54,244,190,31,123,245,23,74,62,236,179,175,189,85,122,112,41,65,63,138,87
00353 features=916 size=40 p=5 tap=9 reset=true scheme=4 ops=0,1,2,2,0,2,1,0,3,2,1,2,1,1,2,0,2,2,0,2,1,0,2,1,1,0,3,1,3,2,0,3,2,2,1,2,0,1,1,3,1,0,2,1,1,3,1,3,3,0,0,1,2,0,2,2,3,3,3,2,0,0,2,2 ks=233,129,170,29,2,51,0,0,158,60,14,119,200,130,8,0,0,0,131,205,0,0,0,0,2,0,0,0,115,114,104,56,0,168,104,0,72,0,177,0,73,0,241,0,45,116,0,233,0,0,129,6,0,0,169,26,233,121,149,91,197,223,0,247
00354 features=943 size=46 p=1 tap=14 reset=true scheme=5 ops=3,0,1,0,2,3,2,1,1,3,2,1,3,3,2,1,1,1,0,2,1,3,0,0,1,0,0,1,1,1,3,2,3,3,0,2,0,0,3,2,3,1,1,2,3,2,1,1,1,2,0,0,3,0,2,2,0,0,2,1,3,2,1,3 ks=0,20,203,0,237,93,0,87,35,92,98,0,0,0,14,114,29,0,0,129,0,184,0,122,152,0,0,169,96,90,109,86,62,225,182,254,92,0,245,189,177,0,32,149,57,0,0,22,36,240,99,156,19,0,104,148,214,25,179,200,45,0,178,80
00355 features=958 size=63 p=2 tap=26 reset=true scheme=3 ops=3,3,0,1,1,0,1,3,1,1,2,0,3,2,2,1,2,0,1,3,3,2,1,3,2,3,3,3,3,3,0,1,1,1,1,1,2,0,1,1,3,0,1,3,3,0,1,1,1,1,0,3,3,2,2,2,3,2,2,1,2,3,1,1 ks=171,131,83,159,176,172,189,55,55,231,16,97,12,120,218,118,78,226,74,14,61,79,16,251,188,209,148,202,65,63,122,175,171,87,112,16,31,21,139,62,117,162,175,6,139,245,0,14,245,127,250,212,91,6,38,202,190,79,80,83,221,184,238,174
00356 features=935 size=36 p=5 tap=22 reset=true scheme=3 ops=3,0,0,3,0,2,0,2,1,3,0,1,2,1,1,2,1,3,1,3,2,3,2,0,0,1,2,3,0,2,1,0,1,2,1,0,3,2,2,3,0,3,0,2,2,3,1,0,3,0,2,1,2,1,2,3,2,3,3,2,1,3,0,3 ks=139,183,0,0,0,0,0,0,224,126,0,0,192,205,184,157,0,88,210,55,239,148,171,211,0,0,0,88,36,85,85,0,138,0,31,0,44,0,0,191,0,221,143,0,230,229,184,0,0,0,0,247,0,0,105,0,9,0,144,0,1,131,26,152
00357 features=794 size=47 p=10 tap=21 reset=true scheme=3 ops=3,2,0,2,1,2,1,1,3,2,1,3,1,3,0,2,0,0,1,0,0,1,2,2,2,3,3,0,3,2,0,0,3,0,0,1,3,2,3,0,0,1,3,2,3,0,1,1,1,0,0,1,1,2,3,2,1,2,1,2,2,3,0,3 ks=104,0,214,206,86,156,236,147,0,157,141,21,240,7,206,0,220,76,43,152,212,0,0,155,166,226,0,0,117,0,223,7,0,217,0,219,131,0,220,219,9,0,144,230,0,117,0,0,193,161,7,0,189,101,34,43,204,119,253,255,0,86,103,198
00358 features=675 size=19 p=10 tap=33 reset=true scheme=3 ops=0,3,3,0,2,2,3,1,2,0,2,3,3,1,1,0,3,2,1,3,1,1,3,2,1,2,1,3,2,0,3,0,0,2,3,0,3,0,3,0,0,0,3,3,1,1,0,3,1,1,3,1,1,3,2,2,2,2,3,2,1,2,0,0 ks=0,27,126,227,52,35,0,0,0,0,29,245,0,0,0,0,0,85,0,82,0,0,0,0,0,145,174,0,0,0,8,0,0,243,0,0,0,0,0,0,246,0,0,0,0,0,0,0,71,0,0,69,0,0,0,0,213,0,0,167,0,0,0,101
00359 features=763 size=23 p=2 tap=23 reset=true scheme=3 ops=1,0,3,2,1,3,0,2,2,0,1,1,0,2,2,3,1,0,1,2,3,0,0,2,3,1,3,3,0,1,3,2,0,2,3,1,2,2,2,0,1,0,2,3,1,1,3,2,2,2,2,2,3,3,2,2,3,0,3,0,2,3,1,3 ks=0,0,198,0,0,0,0,203,0,132,1,0,0,0,237,180,0,0,18,229,0,188,72,0,0,0,0,0,0,26,0,0,0,0,0,0,0,55,216,129,224,0,0,0,4,216,0,216,0,0,90,0,255,0,192,0,59,0,89,0,0,0,0,0
00360 features=786 size=18 p=10 tap=13 reset=true scheme=3 ops=1,2,0,2,3,0,0,2,2,0,1,3,1,3,2,2,1,0,0,0,1,3,0,3,1,2,0,3,2,3,2,2,0,2,1,0,2,2,1,1,2,0,2,0,3,0,3,2,3,1,1,3,2,3,2,0,1,0,3,1,2,3,1,2 ks=119,0,0,0,110,214,0,236,0,0,0,0,0,212,0,0,0,0,140,0,0,0,0,0,0,0,0,0,96,0,0,0,237,0,0,56,0,0,0,0,0,0,0,202,184,17,0,0,217,0,0,0,226,61,0,0,0,0,101,43,0,0,193,0
00361 features=1035 size=64 p=10 tap=8 reset=true scheme=2 ops=2,3,1,2,0,3,1,3,3,0,2,2,0,3,2,3,2,0,1,0,3,3,0,3,3,0,1,2,3,2,1,0,3,2,3,1,2,2,0,0,2,3,2,0,0,1,3,3,0,0,3,3,3,0,1,3,1,2,3,1,2,3,2,1 ks=130,193,164,115,120,140,231,167,107,109,243,214,51,219,170,221,7,32,112,25,191,143,63,131,155,103,128,126,120,133,144,20,143,41,196,106,135,187,163,42,114,254,155,96,98,207,174,51,15,138,57,105,38,186,11,172,233,205,230,209,253,66,165,181
00362 features=985 size=64 p=5 tap=34 reset=false scheme=3 ops=1,3,0,2,1,1,0,2,3,1,1,0,0,3,1,2,3,1,2,1,0,0,3,0,2,0,2,3,3,2,3,2,2,3,3,2,3,0,3,0,1,1,0,0,0,3,0,2,1,2,3,1,0,2,1,2,1,0,1,3,2,1,3,1 ks=199,188,80,178,132,65,64,20,4,56,143,89,198,178,51,83,229,107,167,244,148,185,226,160,46,238,21,192,23,217,244,167,78,12,145,244,247,174,124,96,75,13,129,166,95,131,207,26,200,254,211,96,70,243,75,218,83,154,72,1,153,225,68,193
00363 features=653 size=19 p=10 tap=18 reset=false scheme=1 ops=2,2,2,2,0,0,1,0,3,1,2,3,3,3,2,2,3,2,3,3,3,1,3,2,1,1,3,0,2,1,0,0,3,3,2,2,2,1,3,1,1,0,1,3,1,3,0,3,2,3,2,1,2,2,3,3,3,0,3,1,0,0,2,1 ks=0,0,51,0,0,0,0,0,0,0,81,0,0,0,61,0,43,0,0,0,197,0,0,0,175,0,120,0,100,0,0,169,0,0,0,0,0,206,0,0,19,0,0,117,42,29,0,207,0,0,0,0,0,108,0,0,138,0,0,0,167,0,6,0
00364 features=918 size=40 p=2 tap=52 reset=true scheme=1 ops=3,1,2,0,0,0,1,2,1,0,2,3,3,1,1,3,3,0,2,1,0,1,3,3,0,1,0,0,1,3,3,2,3,3,2,2,0,0,3,1,0,1,3,3,0,0,0,0,1,2,1,3,0,2,1,0,0,3,2,0,3,1,1,1 ks=16,0,11,30,0,0,24,40,147,52,125,201,212,42,133,0,170,0,76,0,0,114,242,0,184,152,0,22,20,0,8,0,103,119,0,0,160,226,78,197,0,128,0,0,0,88,149,0,0,0,0,158,0,112,201,97,178,0,133,120,0,67,155,129
00365 features=828 size=43 p=5 tap=2 reset=true scheme=3 ops=3,1,3,3,1,2,1,3,2,3,2,3,2,3,0,1,1,3,2,3,3,2,0,1,0,2,0,0,2,2,2,2,2,1,1,0,2,3,2,3,0,1,3,1,1,0,0,1,0,3,3,3,2,1,2,3,0,3,1,0,2,3,1,3 ks=132,44,129,60,174,79,57,0,25,0,92,0,0,109,221,0,44,0,54,146,242,144,228,0,4,0,0,58,228,139,96,2,9,56,218,149,223,213,0,0,231,246,11,0,177,251,13,0,236,9,54,0,0,0,0,90,0,222,203,0,229,0,0,228
00366 features=971 size=64 p=1 tap=17 reset=true scheme=3 ops=3,1,2,2,1,1,3,3,2,2,1,1,0,2,2,3,3,1,2,1,3,0,0,1,1,1,3,1,1,3,0,3,0,1,2,2,3,2,3,0,3,3,3,1,2,1,0,2,3,1,0,0,2,1,3,2,2,2,0,2,0,3,1,3 ks=17,3,65,92,21,170,49,241,42,165,16,85,92,33,94,11,30,90,142,17,5,211,73,153,77,164,184,104,185,143,100,104,72,188,162,235,205,90,7,164,159,208,8,113,103,208,211,133,88,139,254,129,113,136,119,25,43,239,239,117,17,180,13,190
00367 features=540 size=18 p=10 tap=45 reset=false scheme=5 ops=3,3,1,0,2,1,1,2,0,3,2,2,0,1,0,3,3,1,2,1,3,3,3,3,1,1,0,1,3,3,2,1,3,1,2,0,3,1,0,0,1,0,2,3,1,3,0,3,3,2,3,0,2,3,1,1,2,3,1,1,3,0,3,2 ks=0,0,194,0,0,0,0,0,0,0,106,0,131,0,0,0,0,0,222,147,0,0,201,0,6,0,241,0,0,34,0,0,0,0,123,0,0,168,0,0,0,0,145,0,0,0,95,0,0,148,0,0,0,0,0,0,0,252,0,21,0,0,40,140
00368 features=890 size=44 p=10 tap=13 reset=true scheme=3 ops=0,0,0,2,1,0,3,2,3,1,3,0,1,3,1,3,2,0,0,3,3,1,0,0,3,3,2,2,1,0,3,2,2,0,3,2,2,0,1,0,2,0,0,3,0,0,3,1,1,0,0,3,1,0,3,0,1,2,3,3,0,0,3,1 ks=0,77,51,191,142,164,70,20,4,223,0,159,9,56,0,133,250,0,150,0,18,91,0,0,0,58,0,236,234,106,216,31,0,63,231,0,141,227,0,216,78,187,0,84,0,0,141,70,207,37,0,180,0,80,0,164,199,76,0,56,85,94,181,0
00369 features=764 size=17 p=10 tap=15 reset=false scheme=0 ops=3,2,1,3,0,2,0,0,1,1,2,2,2,3,2,1,3,0,0,0,2,0,1,3,2,0,2,3,1,1,3,2,2,0,3,0,2,1,2,0,0,2,2,0,3,1,0,3,2,3,2,2,2,1,3,0,0,2,0,0,0,2,3,3 ks=0,0,125,0,159,0,0,0,0,0,0,0,0,0,145,0,151,0,11,0,0,62,174,0,0,0,0,0,110,0,99,0,0,0,0,160,0,0,0,245,0,0,0,249,0,112,0,0,0,0,113,0,204,237,0,0,94,0,0,0,0,0,0,0
00370 features=842 size=42 p=2 tap=7 reset=false scheme=3 ops=2,2,1,2,1,1,2,3,1,1,1,0,1,0,2,2,3,1,1,1,0,3,3,2,2,1,3,3,1,1,3,1,3,2,1,2,1,2,3,0,0,3,0,2,3,3,0,3,0,0,3,0,1,0,2,3,1,0,1,1,0,2,1,2 ks=198,7,32,0,135,230,0,251,0,0,165,239,45,0,12,133,118,255,175,0,39,0,165,190,0,244,197,104,0,24,0,235,166,44,0,0,60,0,173,176,203,254,158,181,2,89,0,0,5,218,0,255,0,9,0,104,57,0,50,0,0,43,0,31
00371 features=951 size=64 p=1 tap=8 reset=true scheme=3 ops=1,0,1,1,3,0,0,0,1,1,3,1,1,1,3,0,1,0,2,0,3,0,3,3,1,2,3,0,3,1,2,0,1,3,1,3,0,3,2,2,1,0,1,1,3,3,2,2,2,0,0,0,2,1,3,2,3,1,2,1,2,2,3,2 ks=70,23,37,10,154,102,52,134,13,7,137,86,192,250,238,209,29,212,249,126,212,201,109,125,19,29,71,246,1,184,155,149,137,225,123,218,17,212,89,128,105,53,55,222,55,131,245,26,242,145,138,225,62,72,171,212,50,99,181,212,215,34,14,204
00372 features=780 size=22 p=10 tap=3 reset=true scheme=3 ops=1,3,2,2,2,3,3,3,0,1,2,3,3,3,0,2,2,2,2,0,2,3,3,0,0,3,3,1,3,0,2,0,1,3,0,3,0,0,2,3,0,2,0,2,1,2,2,3,2,1,1,2,0,3,3,1,1,1,2,2,1,2,1,1 ks=0,65,248,15,0,0,0,0,0,0,0,66,0,0,161,0,168,0,0,72,0,0,0,101,0,79,0,0,200,0,0,0,0,0,0,0,0,0,159,0,0,0,94,0,0,0,182,104,187,0,0,0,0,0,0,0,118,12,84,158,173,0,3,155
00373 features=958 size=53 p=2 tap=12 reset=true scheme=3 ops=1,2,1,1,2,3,1,1,1,3,3,0,0,3,3,1,3,3,2,1,0,3,1,2,3,3,1,3,3,0,0,1,0,3,2,3,2,0,2,2,0,2,2,3,1,0,3,1,3,2,1,0,0,3,1,3,2,3,1,1,0,2,2,2 ks=103,215,33,108,110,155,226,199,25,48,205,73,185,240,251,6,106,51,223,0,0,91,45,0,184,98,0,82,0,0,37,159,4,19,140,222,191,199,232,240,0,3,125,77,245,8,89,80,197,49,205,0,36,2,107,0,227,175,27,160,0,34,0,8
00374 features=981 size=47 p=5 tap=17 reset=true scheme=4 ops=2,0,3,0,1,1,3,0,3,2,2,2,3,1,3,3,1,1,1,2,3,3,3,2,1,3,0,1,0,2,3,0,2,1,0,0,3,1,1,2,0,0,0,2,2,0,0,1,1,1,1,0,1,0,0,2,1,3,2,0,0,1,0,0 ks=0,186,136,236,13,25,0,0,0,186,0,185,0,201,0,95,198,198,132,0,0,22,0,219,68,0,133,53,142,0,122,123,134,49,0,248,168,0,184,21,225,0,239,61,252,28,127,1,125,25,173,49,101,74,77,244,25,110,133,111,0,0,22,182
00375 features=931 size=63 p=10 tap=23 reset=true scheme=3 ops=1,1,1,2,0,3,1,0,1,1,2,0,0,2,1,0,0,1,2,1,3,2,3,0,3,3,3,2,2,3,0,2,0,2,2,1,1,3,0,1,2,2,2,3,1,2,0,3,2,3,0,0,1,2,3,3,2,2,3,3,1,0,0,3 ks=35,57,251,21,12,214,235,96,177,235,65,7,92,149,213,151,211,241,192,11,179,32,1,169,84,160,92,125,244,178,247,143,155,162,171,80,208,44,215,167,70,91,245,174,73,186,80,39,138,248,50,83,39,230,81,196,63,154,40,109,0,186,212,161
00376 features=737 size=42 p=10 tap=44 reset=true scheme=3 ops=0,0,2,1,0,1,2,0,1,3,2,1,1,2,1,1,0,2,0,0,1,0,2,1,3,2,3,3,3,2,2,3,3,2,3,2,3,1,1,3,3,2,2,3,1,1,0,2,3,0,0,0,3,0,1,1,3,1,3,0,2,0,0,3 ks=0,0,157,0,164,42,0,194,57,0,45,247,132,0,0,0,133,188,83,165,239,0,65,0,54,231,124,193,40,230,141,0,0,242,140,57,67,0,18,29,118,0,111,0,68,160,9,97,253,167,147,0,237,0,0,0,0,0,79,243,191,214,0,21
00377 features=805 size=12 p=1 tap=46 reset=true scheme=0 ops=3,3,1,2,2,2,2,1,1,0,2,0,2,1,2,1,0,1,3,2,2,1,3,0,0,0,0,3,0,1,1,3,3,0,3,0,0,1,3,3,3,2,0,0,3,2,1,0,1,3,2,0,1,0,0,2,2,2,2,0,2,0,1,0 ks=0,0,0,0,0,0,8,0,0,0,0,0,0,0,233,0,0,69,253,0,0,0,0,0,0,0,0,0,0,0,0,0,0,0,10,210,88,0,0,0,0,0,0,0,0,54,0,0,0,116,0,0,179,0,0,0,0,44,0,0,0,0,0,50
00378 features=977 size=64 p=1 tap=0 reset=true scheme=3 ops=3,0,1,0,0,2,3,3,2,1,3,2,0,2,3,0,0,1,1,0,1,3,3,1,0,3,3,2,3,0,1,3,1,2,0,0,0,2,0,2,2,1,2,0,1,0,0,0,2,2,2,3,2,0,0,3,3,3,2,3,0,0,2,3 ks=57,38,200,216,26,133,61,204,39,243,71,147,222,25,62,184,25,18,252,5,131,157,7,62,176,108,213,202,219,124,73,231,42,8,198,90,29,136,163,38,33,183,71,210,168,78,71,205,21,155,85,180,56,51,205,74,30,242,253,57,14,149,125,213
00379 features=895 size=40 p=10 tap=46 reset=false scheme=4 ops=2,1,2,3,3,2,3,2,1,2,2,3,3,2,1,1,1,3,1,1,1,3,3,3,3,1,2,0,0,3,3,2,2,0,0,2,0,2,1,2,3,3,2,1,2,3,2,1,1,3,0,1,1,1,3,0,1,3,2,3,1,0,2,0 ks=11,245,0,0,97,216,0,0,77,77,0,17,0,96,5,0,23,0,11,221,123,255,0,187,235,250,0,43,0,0,206,147,0,0,0,234,133,31,97,247,0,176,0,45,82,36,0,54,153,188,90,250,234,0,132,0,0,99,0,223,78,0,175,0
00380 features=966 size=45 p=10 tap=22 reset=true scheme=1 ops=1,2,0,1,0,2,1,2,2,3,3,2,0,0,0,3,3,2,0,3,3,3,2,1,0,2,0,1,0,1,2,0,2,1,3,1,3,3,1,0,3,3,2,1,3,3,0,1,3,3,1,2,1,3,3,1,2,1,0,1,3,0,2,0 ks=92,210,247,151,0,72,2,178,79,0,0,153,16,88,191,0,232,0,23,42,0,0,245,44,0,0,107,140,0,63,0,6,155,179,59,128,0,0,245,246,178,251,206,129,0,0,0,212,131,134,72,128,227,206,155,191,0,70,13,113,213,183,0,0
00381 features=1019 size=64 p=2 tap=14 reset=true scheme=2 ops=2,1,0,0,3,1,0,2,1,2,1,1,2,3,3,2,3,3,1,3,0,0,1,3,2,0,3,1,1,1,1,3,0,1,2,2,2,2,0,0,0,2,1,2,1,1,3,2,2,0,1,1,1,0,3,0,0,3,0,1,2,0,3,0 ks=17,1,228,229,132,232,237,10,26,123,209,226,21,4,192,105,47,159,43,130,243,69,214,228,161,145,116,153,86,208,246,68,12,191,22,114,182,173,210,184,4,123,31,54,99,163,65,214,254,180,41,34,99,222,91,142,11,31,142,101,139,52,52,80
00382 features=837 size=41 p=1 tap=24 reset=false scheme=1 ops=3,0,3,0,0,1,0,0,3,3,1,2,2,2,0,2,3,2,3,2,0,3,2,1,2,3,0,0,1,2,0,0,0,0,1,1,1,2,0,3,1,3,1,0,2,2,1,0,1,0,3,3,3,2,1,2,0,0,1,0,1,3,0,3 ks=0,0,216,196,0,0,69,248,178,170,136,0,28,129,97,0,2,112,56,178,0,0,0,190,68,51,0,215,0,68,0,8,149,0,0,208,204,0,174,0,26,0,59,251,59,195,225,0,154,19,0,51,128,160,0,48,112,183,34,0,237,121,0,0
00383 features=888 size=45 p=10 tap=24 reset=true scheme=5 ops=0,3,3,3,2,0,1,2,0,0,2,3,1,3,3,0,2,3,0,2,1,1,3,3,2,2,2,2,2,2,2,0,3,0,3,3,3,0,2,2,1,0,1,0,2,2,1,3,0,0,2,1,3,3,3,3,1,1,0,2,1,3,1,1 ks=106,31,0,88,0,59,23,0,20,55,177,75,0,58,141,76,0,151,164,0,0,4,83,0,209,120,53,58,187,176,0,97,191,247,0,0,0,233,174,223,141,185,0,0,0,131,34,167,186,0,78,244,54,0,153,166,202,0,57,91,51,6,0,55
00384 features=967 size=64 p=1 tap=52 reset=true scheme=3 ops=0,3,1,2,3,0,1,0,2,0,1,2,2,2,3,0,2,2,0,1,1,1,2,0,3,3,2,2,3,3,3,0,0,3,0,1,1,1,0,2,3,2,0,1,3,3,3,1,0,3,2,1,3,2,1,1,1,1,1,0,2,2,3,3 ks=33,43,77,36,194,33,122,166,88,243,76,91,114,130,121,207,9,3,94,233,71,16,196,88,135,54,183,203,44,169,33,151,132,229,176,216,230,36,109,94,105,61,101,64,118,95,15,189,217,146,100,225,186,250,247,241,192,5,164,216,70,131,135,170
00385 features=812 size=25 p=1 tap=35 reset=true scheme=3 ops=3,0,1,0,0,0,0,0,1,3,2,0,3,1,1,1,3,3,3,0,0,2,0,3,2,3,1,2,2,3,1,0,2,1,0,2,3,3,1,0,2,2,1,0,1,0,2,0,1,1,1,3,0,2,3,3,0,2,3,2,1,1,3,1 ks=30,0,0,0,0,0,0,74,0,0,0,34,177,0,101,174,102,0,0,0,9,0,0,221,0,42,0,98,226,0,0,0,0,0,0,0,0,22,67,0,0,122,0,0,0,55,0,0,0,0,198,216,185,0,0,0,108,254,7,0,65,84,82,0
00386 features=699 size=26 p=10 tap=6 reset=false scheme=0 ops=0,3,1,1,0,2,3,3,3,3,3,3,2,0,0,3,1,3,0,3,0,2,2,0,0,2,1,1,1,2,3,2,3,1,2,2,0,1,2,3,3,0,3,3,3,1,1,0,2,2,3,2,1,1,2,0,2,3,1,2,3,0,1,3 ks=205,36,0,208,0,234,114,0,0,185,120,0,147,179,26,0,0,0,0,0,0,126,0,0,0,232,184,0,69,0,0,226,183,0,230,0,0,214,0,0,0,20,23,52,0,0,0,0,0,2,130,0,0,0,0,201,0,149,0,0,0,45,0,0
00387 features=926 size=64 p=10 tap=33 reset=true scheme=3 ops=3,0,3,1,0,1,0,3,0,2,1,1,0,3,0,3,0,3,2,2,3,3,1,0,3,0,1,0,0,2,1,0,3,1,0,3,1,2,0,3,3,3,3,3,0,3,3,3,1,2,1,2,2,1,2,3,1,2,1,3,2,3,2,2 ks=228,253,105,230,162,113,231,210,48,7,233,110,170,19,81,155,193,187,141,180,108,142,97,246,126,43,32,149,75,16,48,167,111,108,6,4,122,108,191,130,179,43,185,85,201,157,20,75,66,139,134,234,239,12,220,199,126,249,8,231,197,85,22,226
00388 features=728 size=19 p=1 tap=61 reset=true scheme=3 ops=3,1,3,0,1,0,2,3,3,2,2,0,2,1,1,3,0,1,1,0,0,1,0,2,1,0,0,0,0,2,2,1,0,2,1,3,1,1,2,0,3,2,1,1,1,3,1,2,2,1,3,1,0,3,2,1,2,2,2,3,1,1,3,1 ks=0,228,0,164,0,0,0,248,222,0,67,19,0,0,0,6,144,119,0,0,68,0,203,0,158,0,0,0,0,155,0,89,0,0,0,0,230,0,0,0,0,199,0,55,0,0,0,0,90,0,0,0,0,0,0,254,0,0,0,0,0,0,0,0
00389 features=846 size=45 p=1 tap=10 reset=true scheme=3 ops=3,0,2,3,0,1,2,0,1,0,1,3,2,3,1,0,0,0,0,2,0,2,2,2,2,0,0,2,0,1,0,2,1,1,3,2,1,3,1,0,2,0,1,2,2,3,1,1,2,1,0,3,3,0,2,2,0,3,1,3,1,1,2,1 ks=172,234,0,89,0,7,0,165,0,143,0,5,24,68,52,0,168,162,40,0,0,109,3,89,180,170,123,206,224,119,32,227,82,0,0,0,176,0,207,48,0,73,20,0,191,61,54,153,0,124,148,188,65,0,42,169,171,30,0,138,0,0,59,234
00390 features=859 size=37 p=5 tap=23 reset=true scheme=3 ops=3,2,1,2,1,0,3,2,2,1,3,1,2,2,1,2,0,3,2,3,3,3,0,0,2,0,0,1,2,2,1,3,1,2,1,1,2,0,0,1,3,1,0,2,1,2,1,0,1,0,3,2,1,1,3,3,2,1,2,2,1,3,2,1 ks=0,105,219,57,221,0,221,0,168,45,0,228,125,14,0,233,0,221,0,0,64,116,0,0,0,0,134,0,0,227,0,0,68,0,222,0,246,0,115,0,50,133,75,9,0,139,221,0,0,166,0,216,214,62,0,70,229,138,23,153,0,43,134,0
00391 features=706 size=19 p=10 tap=0 reset=true scheme=3 ops=1,2,3,2,0,1,0,1,1,0,3,3,2,0,2,1,1,0,2,2,3,2,1,0,0,0,1,0,1,0,2,3,1,1,0,2,1,0,2,3,1,1,0,3,3,1,2,0,3,1,1,2,1,0,1,1,0,0,0,3,3,2,2,2 ks=0,0,0,0,0,5,236,73,0,0,0,0,0,0,0,0,0,23,0,17,65,0,0,0,125,170,0,0,167,116,0,78,0,84,0,0,0,214,0,0,0,0,0,0,78,0,0,39,0,0,0,0,0,0,60,0,0,0,0,5,0,170,0,212
00392 features=906 size=43 p=10 tap=50 reset=false scheme=1 ops=0,3,3,0,0,0,3,2,3,0,3,0,2,0,0,1,2,2,2,2,0,0,3,3,0,1,2,2,1,1,3,0,3,3,1,2,2,1,3,2,3,2,1,3,2,3,0,0,2,3,3,0,1,3,1,0,2,1,1,1,0,1,0,0 ks=0,0,112,35,0,0,0,70,0,253,206,84,248,0,182,0,0,0,199,137,150,118,191,128,213,25,154,0,237,0,76,0,178,120,252,155,0,222,237,251,192,210,0,217,16,40,61,155,141,0,38,0,111,0,162,160,223,197,0,0,32,85,0,146
00393 features=1003 size=64 p=10 tap=8 reset=true scheme=3 ops=3,3,1,1,2,3,3,1,3,1,1,2,1,0,1,0,3,1,3,1,2,0,0,2,2,3,2,1,3,0,1,3,2,0,0,2,3,2,3,2,1,1,0,3,2,3,3,0,0,1,3,3,0,2,0,3,1,0,1,0,3,0,3,3 ks=108,186,181,195,243,199,26,72,116,147,145,71,90,12,150,83,105,69,53,147,200,25,199,70,1,126,229,90,49,7,91,231,216,35,89,131,152,207,185,142,133,80,222,39,95,89,215,245,26,172,204,171,8,210,53,236,74,170,84,44,204,104,147,120
00394 features=1018 size=64 p=10 tap=8 reset=false scheme=3 ops=0,3,0,0,2,3,3,3,3,0,1,3,3,1,2,2,0,1,2,0,2,2,0,3,3,1,3,1,1,0,0,0,3,1,1,1,0,3,2,0,1,2,1,1,1,1,3,1,2,1,0,1,2,0,3,1,0,1,0,1,1,0,2,2 ks=203,76,200,207,70,207,225,32,10,133,101,78,146,145,98,222,216,192,112,19,77,21,167,34,129,247,53,120,28,66,139,119,185,206,177,102,225,117,97,92,165,98,34,196,98,35,132,85,77,65,84,46,58,140,89,41,99,243,147,159,149,112,169,82
00395 features=924 size=62 p=10 tap=32 reset=true scheme=3 ops=2,0,2,3,2,3,1,2,0,0,0,2,2,3,3,3,0,2,2,0,0,0,3,1,0,0,0,2,0,2,1,3,3,0,1,1,2,2,1,0,3,2,2,3,0,3,0,3,0,3,0,1,3,3,0,1,1,2,1,1,1,1,3,1 ks=0,100,218,227,241,245,183,2,141,139,150,110,86,154,93,220,14,138,25,175,173,92,220,246,72,61,53,97,181,185,196,205,131,170,251,111,182,68,235,203,25,0,15,76,238,69,77,43,193,44,35,9,83,71,46,110,6,154,167,61,215,232,51,151
00396 features=750 size=23 p=5 tap=17 reset=false scheme=3 ops=2,2,0,1,3,1,0,1,3,2,3,0,3,0,2,3,3,3,1,0,2,0,1,2,0,1,1,2,3,2,3,2,3,2,3,3,0,3,2,1,2,3,1,1,0,1,3,1,1,3,3,1,2,0,3,1,2,3,2,3,0,3,0,1 ks=76,0,0,0,0,0,98,0,61,0,0,216,0,0,0,0,0,239,131,14,0,0,0,0,186,0,0,0,46,12,0,0,0,0,204,11,0,26,0,0,196,11,0,0,0,0,0,0,26,26,0,33,0,13,0,0,0,0,0,0,196,10,144,141
00397 features=773 size=25 p=2 tap=60 reset=true scheme=0 ops=3,0,3,1,3,2,1,3,1,3,2,0,0,3,2,2,0,1,0,0,1,1,2,3,2,0,1,0,2,3,1,0,3,3,2,1,1,2,1,2,2,0,1,2,3,2,0,3,3,1,3,2,0,3,1,1,1,0,1,3,1,1,1,3 ks=71,0,0,0,20,136,154,87,39,0,173,171,0,0,0,188,0,0,0,0,0,171,0,94,0,0,0,0,30,0,0,69,0,0,115,0,0,0,0,97,0,0,0,136,251,159,0,0,0,0,56,163,0,0,110,255,104,0,0,252,0,0,83,0
00398 features=712 size=21 p=5 tap=35 reset=false scheme=0 ops=2,2,3,2,0,0,1,0,0,3,1,3,2,1,1,1,3,0,2,0,2,0,3,3,0,0,0,1,0,2,1,1,1,3,2,1,2,0,2,0,0,1,1,0,3,1,0,2,3,2,2,2,0,1,0,3,1,1,3,1,2,1,0,3 ks=87,246,121,0,0,0,0,0,0,101,0,0,0,0,0,26,0,0,182,0,0,234,0,0,17,0,150,0,0,0,0,69,0,0,0,207,0,0,0,164,38,0,0,0,0,0,83,0,0,0,125,168,11,0,0,0,14,0,0,54,77,0,0,217
00399 features=957 size=64 p=2 tap=52 reset=true scheme=3 ops=0,0,1,1,1,1,1,1,0,2,0,1,3,0,0,1,0,3,2,0,2,0,2,0,0,0,1,0,2,1,1,1,3,0,2,0,1,3,1,2,3,2,2,1,3,1,3,2,2,1,3,3,1,1,3,0,2,1,2,2,0,3,3,2 ks=172,158,239,174,57,99,3,97,7,245,25,216,255,206,144,210,33,65,212,58,244,227,5,20,197,105,237,56,12,162,22,236,204,245,231,87,53,235,43,148,84,174,145,10,175,105,209,153,166,183,106,106,210,222,147,221,30,173,122,242,179,108,109,188
00400 features=790 size=40 p=2 tap=58 reset=true scheme=3 ops=2,1,2,1,3,0,0,1,1,0,0,3,1,3,0,3,3,0,3,3,0,3,3,3,3,1,3,0,3,3,2,3,0,3,0,0,2,3,1,3,2,3,0,3,3,3,1,2,3,0,2,2,3,3,3,1,1,0,3,1,1,2,1,3 ks=0,177,137,0,83,24,255,0,0,148,0,0,202,218,158,247,21,0,0,143,73,37,0,0,0,0,80,0,0,0,251,234,0,0,0,197,189,204,148,226,0,0,98,182,204,56,252,187,0,66,10,0,28,105,218,109,24,225,184,65,0,0,100,21
00401 features=817 size=41 p=2 tap=45 reset=false scheme=2 ops=3,3,1,2,3,1,0,2,2,3,3,0,1,1,1,2,2,3,1,1,2,1,0,3,1,2,1,2,1,3,0,1,3,3,1,1,3,1,3,3,2,3,3,0,2,0,3,1,2,0,2,0,3,3,3,2,3,2,3,3,0,1,2,3 ks=149,0,205,0,0,0,0,76,101,0,111,0,226,0,222,200,10,4,19,209,253,20,0,0,60,47,119,78,103,196,79,0,68,0,0,165,0,118,131,16,115,47,0,0,0,62,234,104,205,159,126,0,198,183,29,0,234,0,0,237,0,206,222,0
00402 features=989 size=62 p=5 tap=6 reset=false scheme=2 ops=0,2,3,3,3,3,3,2,0,2,1,1,0,3,2,0,1,1,0,0,1,3,3,0,0,1,2,0,3,3,3,1,1,1,1,0,2,0,1,1,1,0,3,2,2,3,1,0,0,3,0,3,2,3,3,1,2,2,1,1,3,3,1,3 ks=144,199,104,139,213,14,173,142,51,153,88,164,88,61,195,77,133,15,194,127,226,162,46,105,100,253,27,18,0,164,63,99,70,216,190,79,182,12,135,0,136,133,150,140,72,115,150,88,123,174,110,61,142,137,198,94,40,147,244,108,88,83,246,156
00403 features=981 size=48 p=5 tap=13 reset=true scheme=2 ops=1,0,3,3,2,2,1,3,2,3,0,1,3,3,3,0,3,3,1,0,1,2,3,3,1,0,0,3,1,0,1,3,1,1,3,0,2,0,1,3,0,3,3,2,2,2,2,2,1,0,1,2,3,1,0,2,2,2,1,0,1,3,3,0 ks=0,5,0,186,23,22,85,153,0,109,0,168,37,82,0,120,30,62,0,122,226,0,171,25,252,0,20,25,181,51,239,0,109,222,137,124,144,0,226,31,97,68,105,168,154,0,245,190,23,149,159,0,0,142,0,157,0,20,156,0,84,214,113,172
00404 features=1020 size=64 p=10 tap=44 reset=true scheme=0 ops=3,1,0,1,0,3,3,1,1,3,1,3,2,3,1,1,2,2,0,2,0,2,3,3,1,0,3,0,0,3,0,1,2,0,3,2,2,2,0,2,0,2,1,0,3,2,2,3,3,2,1,1,2,3,0,1,2,0,2,0,3,0,1,1 ks=231,98,39,197,104,94,75,56,120,18,217,147,86,168,86,53,128,50,229,117,130,124,108,9,100,179,40,22,227,189,219,36,90,24,43,61,19,45,217,151,235,165,65,44,16,53,159,32,146,204,106,229,22,151,245,58,126,33,191,149,12,126,131,188
00405 features=853 size=42 p=1 tap=34 reset=true scheme=3 ops=1,3,0,1,2,2,3,1,2,1,1,1,0,1,3,3,3,2,2,1,0,3,0,2,2,1,3,2,3,1,2,3,2,3,2,1,2,0,1,1,0,3,3,0,0,1,3,1,0,3,0,0,1,1,1,0,0,0,0,2,3,3,2,3 ks=0,0,23,104,198,0,126,0,197,0,2,244,0,0,124,232,0,234,0,16,0,96,218,148,134,16,174,222,104,0,0,56,0,149,172,189,98,152,114,9,23,0,182,171,127,19,0,0,214,0,0,106,0,200,0,0,112,222,40,1,96,98,0,31
00406 features=791 size=37 p=1 tap=10 reset=false scheme=2 ops=0,0,1,3,3,2,3,3,1,2,1,0,0,3,1,2,0,1,2,3,2,1,3,0,2,3,0,0,1,1,0,0,0,1,1,3,1,0,3,1,2,1,1,2,2,3,0,2,3,2,0,0,3,0,3,0,2,1,3,0,1,1,0,1 ks=169,124,184,168,0,90,200,0,0,24,0,0,17,0,195,0,182,0,165,0,0,23,0,235,34,32,0,0,0,0,0,0,0,90,75,54,0,39,192,12,110,0,108,111,0,227,0,141,105,134,187,53,0,185,8,44,99,0,0,210,165,0,0,219
00407 features=831 size=46 p=10 tap=9 reset=true scheme=3 ops=2,3,0,0,3,2,1,2,1,0,1,3,0,0,3,3,0,3,2,2,3,2,1,0,2,1,0,3,3,0,2,0,2,1,3,3,3,0,0,1,2,1,1,0,2,3,0,3,3,2,1,2,3,0,2,3,2,3,1,1,1,0,2,1 ks=255,85,0,213,0,59,56,73,147,92,8,102,168,63,69,0,102,185,61,0,235,131,0,146,94,202,79,117,0,2,246,0,0,0,184,254,0,147,212,0,241,202,126,0,133,200,0,0,192,30,20,0,0,56,150,255,230,0,185,19,0,146,103,216
00408 features=942 size=63 p=5 tap=4 reset=true scheme=3 ops=0,1,1,0,3,2,0,3,3,1,3,0,2,2,2,2,1,1,3,0,1,3,0,3,3,3,0,1,1,1,1,0,2,2,3,2,2,0,2,1,0,0,0,2,1,3,2,2,3,1,2,3,3,2,1,2,1,1,1,2,0,2,1,3 ks=167,190,150,109,37,174,21,0,112,173,86,183,247,39,251,115,218,254,170,75,232,106,128,208,55,239,197,65,135,235,20,176,126,32,67,54,43,172,144,77,190,61,161,237,175,195,222,241,122,172,149,229,180,206,9,74,63,9,62,57,140,250,166,61
00409 features=686 size=20 p=1 tap=7 reset=true scheme=3 ops=0,1,1,0,2,1,3,2,0,1,2,1,1,1,0,2,3,3,1,2,1,0,0,3,2,3,0,2,0,2,1,1,1,3,0,0,3,1,1,1,1,1,1,3,2,1,0,3,3,2,1,0,3,1,2,3,1,3,0,2,0,1,3,1 ks=111,27,157,0,0,0,0,0,91,0,0,184,0,0,0,207,0,0,0,252,188,0,0,252,0,0,0,0,0,0,0,64,0,0,84,251,0,246,0,0,0,0,0,0,0,0,0,99,144,0,0,0,0,0,0,202,210,0,0,45,0,116,70,0
00410 features=1034 size=64 p=5 tap=5 reset=true scheme=4 ops=2,0,1,0,3,3,2,0,2,2,1,2,1,1,2,1,1,2,3,1,0,0,1,3,1,3,2,2,3,0,0,0,0,0,0,2,1,1,3,3,1,2,0,2,1,3,1,1,0,1,1,2,0,2,3,0,1,3,2,0,2,1,1,0 ks=98,105,240,84,246,86,93,212,237,241,136,196,134,3,131,24,175,166,73,69,13,91,223,205,190,99,239,249,207,87,85,120,244,171,186,115,197,176,41,172,41,54,26,104,39,248,55,12,20,125,98,241,68,231,242,60,73,246,11,113,52,77,7,78
00411 features=882 size=45 p=2 tap=33 reset=false scheme=1 ops=1,3,0,2,1,0,2,2,0,0,3,0,3,2,0,3,2,3,1,0,3,2,0,3,2,0,3,0,1,3,0,2,3,1,2,1,1,1,2,0,1,3,0,3,1,1,3,2,2,1,1,1,2,2,1,1,0,1,1,3,3,1,0,0 ks=139,165,0,203,222,0,0,0,88,194,0,75,226,191,36,24,0,139,89,0,141,0,38,146,0,0,238,0,124,0,101,78,0,0,133,222,242,170,192,40,0,204,25,0,183,0,136,149,0,26,0,119,83,201,212,111,6,168,9,45,41,250,1,138
00412 features=795 size=25 p=2 tap=44 reset=true scheme=0 ops=1,3,3,2,3,0,1,1,3,3,1,3,1,1,0,2,3,0,2,0,1,0,2,1,1,1,0,0,2,1,0,1,1,2,1,2,2,0,1,2,1,2,0,3,3,2,0,1,2,1,3,2,2,1,1,2,1,1,1,2,3,3,0,2 ks=0,0,0,0,43,49,0,0,14,0,0,0,104,0,61,0,0,157,68,0,43,20,4,93,0,147,0,180,146,0,0,117,0,0,0,0,0,29,0,214,148,0,0,9,232,15,0,0,0,0,0,0,148,0,0,203,0,96,147,0,0,0,0,0
00413 features=1003 size=64 p=5 tap=9 reset=true scheme=1 ops=1,0,0,3,3,1,0,3,3,3,1,2,3,0,3,1,2,3,2,0,0,1,1,3,1,3,1,1,0,0,3,0,2,3,1,0,1,3,0,0,3,1,0,0,2,3,0,1,1,1,3,0,1,2,3,2,3,2,0,0,0,3,0,3 ks=234,33,8,158,118,80,214,140,34,130,98,175,140,68,225,187,233,24,38,254,241,176,84,206,178,99,201,55,69,81,181,195,185,247,171,231,68,16,114,137,33,103,10,249,213,144,18,8,14,104,14,3,23,235,217,123,244,81,214,98,242,173,166,44
00414 features=867 size=39 p=1 tap=55 reset=true scheme=3 ops=3,0,3,2,2,2,2,1,1,0,3,2,0,2,1,3,3,1,3,0,1,0,0,0,0,3,3,0,3,3,0,2,0,2,3,1,2,0,1,2,0,0,0,3,2,3,1,1,1,2,3,1,1,3,3,2,0,0,1,2,2,2,2,2 ks=196,0,72,177,0,150,100,86,0,165,90,0,12,235,0,0,199,2,0,114,0,112,18,78,92,16,239,202,0,9,184,0,254,0,151,98,0,0,0,0,0,191,230,206,174,163,0,246,9,0,33,189,211,57,0,0,92,0,0,0,199,15,0,0
00415 features=862 size=31 p=2 tap=13 reset=true scheme=3 ops=3,3,0,0,2,3,1,2,0,0,3,1,3,3,2,1,2,2,2,1,1,0,0,1,2,0,3,3,2,2,2,3,2,2,0,2,3,2,2,0,1,1,1,1,3,3,2,3,3,3,1,1,2,2,3,0,2,3,2,0,1,1,1,3 ks=254,0,0,0,0,199,64,231,69,129,178,0,0,235,0,0,0,14,0,0,0,0,111,112,98,203,0,0,0,0,43,0,0,108,0,162,146,75,73,0,0,0,239,0,241,52,0,227,155,0,35,167,0,0,62,0,0,0,207,0,206,0,28,253
00416 features=1012 size=64 p=10 tap=14 reset=false scheme=4 ops=1,0,1,3,0,3,0,2,2,1,3,1,3,3,3,3,2,1,3,1,0,3,1,0,3,1,3,1,3,1,2,0,1,0,1,1,1,0,2,0,0,3,2,3,2,2,2,3,2,0,0,3,2,1,1,3,0,2,2,3,3,3,0,0 ks=104,153,243,197,26,227,132,113,18,46,155,179,202,137,25,66,226,53,4,26,255,22,25,192,221,152,151,190,6,128,8,141,188,175,249,144,82,51,153,51,170,139,147,36,3,27,69,41,120,79,43,59,65,95,99,250,136,73,78,213,84,189,18,151
00417 features=824 size=43 p=5 tap=56 reset=true scheme=3 ops=0,2,2,3,2,1,0,3,1,3,1,1,1,3,2,1,0,1,0,1,0,2,3,0,0,0,3,3,1,0,2,0,2,0,3,1,3,0,2,0,1,3,2,3,0,0,3,3,1,1,2,1,1,1,0,3,3,3,0,2,1,3,1,3 ks=241,0,6,212,103,0,0,0,190,84,22,2,20,134,167,0,0,24,0,0,0,157,185,208,64,0,244,52,119,222,0,35,110,22,0,237,229,111,0,42,0,0,0,25,0,149,204,112,178,0,130,244,0,240,92,246,132,0,252,14,133,0,217,156
00418 features=860 size=23 p=5 tap=30 reset=true scheme=3 ops=2,3,3,2,3,1,0,2,1,1,3,3,0,3,0,1,1,3,0,0,0,0,0,3,0,0,0,3,2,0,3,2,2,3,0,2,2,1,3,0,3,1,0,1,2,2,3,3,2,0,1,2,2,3,1,2,3,1,0,2,2,0,3,1 ks=249,0,0,153,0,0,0,33,60,0,161,109,0,99,0,0,174,0,0,0,209,0,0,167,0,56,0,0,0,61,38,0,118,93,0,0,0,27,0,0,138,0,0,0,0,0,0,0,215,0,172,0,0,0,0,0,0,211,0,190,220,255,0,0
00419 features=767 size=48 p=2 tap=36 reset=false scheme=2 ops=3,0,1,1,1,3,0,1,2,2,1,0,1,3,1,1,0,0,2,2,3,2,3,3,3,2,2,3,2,1,0,3,3,1,3,1,3,0,2,2,1,3,0,3,2,1,0,0,0,0,2,3,0,1,3,1,2,0,0,1,3,0,3,0 ks=0,230,103,0,0,241,232,213,163,194,187,35,0,99,0,121,238,200,131,124,34,131,171,0,71,16,133,0,252,0,185,223,0,112,0,191,27,149,0,215,28,10,73,72,122,18,148,0,54,217,166,30,26,0,218,0,95,92,0,250,0,41,115,234
00420 features=945 size=46 p=10 tap=24 reset=true scheme=2 ops=0,2,2,1,3,3,0,2,2,3,1,2,1,2,2,3,1,2,2,0,3,2,3,1,1,3,2,2,2,0,1,0,3,1,0,3,2,1,3,0,3,0,1,2,0,0,0,0,3,0,1,2,1,2,1,3,0,0,3,3,0,3,3,2 ks=55,125,218,233,31,130,207,95,45,234,0,255,0,36,138,0,107,0,39,0,223,100,0,0,120,227,0,154,0,10,142,0,16,63,14,113,139,252,7,217,108,0,13,0,0,84,70,52,140,0,72,74,0,194,0,63,137,157,81,250,0,0,253,204
00421 features=939 size=45 p=5 tap=7 reset=true scheme=1 ops=0,2,2,0,1,3,3,0,0,0,3,0,1,0,1,0,3,1,1,3,3,0,2,2,3,1,3,3,1,3,2,1,2,2,1,3,2,3,2,1,0,3,2,2,3,0,2,3,0,2,1,2,2,2,1,1,2,0,0,1,0,0,3,2 ks=231,116,170,53,0,0,74,2,98,231,0,124,0,101,132,192,245,115,70,0,221,0,69,32,0,0,21,5,0,123,0,0,77,239,41,5,238,0,43,77,118,230,70,17,78,247,0,0,122,0,0,0,72,0,160,115,107,97,167,0,231,141,87,175
00422 features=637 size=24 p=2 tap=19 reset=false scheme=0 ops=3,3,3,3,3,3,0,0,0,3,0,2,3,3,3,2,0,1,3,3,1,1,2,2,2,2,2,0,2,0,0,2,0,1,1,0,0,3,3,1,2,3,2,3,2,1,1,3,0,2,2,1,1,0,0,3,3,1,2,0,1,0,2,0 ks=82,146,0,88,11,0,0,155,188,0,0,0,161,0,0,0,0,19,135,29,0,0,134,0,144,0,0,215,22,195,0,0,254,0,0,82,0,232,0,0,0,0,0,0,0,0,0,0,0,39,0,0,245,0,205,57,0,0,0,0,0,38,0,201
00423 features=943 size=64 p=10 tap=34 reset=true scheme=3 ops=3,1,1,0,0,2,3,3,3,2,1,2,3,0,3,1,1,0,0,1,3,0,1,2,2,2,0,3,0,0,3,3,2,0,3,1,3,3,1,2,0,1,2,1,3,2,3,1,1,0,0,3,1,3,0,3,0,0,2,2,1,1,1,1 ks=11,161,77,221,105,146,170,235,90,78,203,249,21,143,143,210,152,191,29,45,36,47,189,127,96,111,159,125,65,255,62,104,56,22,67,186,179,67,148,239,212,125,43,226,115,241,235,244,33,37,30,158,209,12,66,240,181,136,87,90,2,179,7,207
00424 features=983 size=63 p=1 tap=61 reset=true scheme=3 ops=0,1,0,1,2,3,2,3,2,3,3,2,3,0,0,3,0,2,3,2,0,0,0,1,0,2,3,2,0,1,0,1,0,3,3,0,0,2,0,1,2,0,0,1,0,0,3,1,0,3,3,1,0,0,1,2,1,1,3,3,3,3,2,3 ks=144,140,25,44,53,7,20,135,84,214,80,36,206,202,209,231,29,21,239,221,211,234,75,101,234,167,166,230,208,37,224,95,42,235,202,23,24,71,96,183,99,149,116,35,89,126,0,151,6,26,13,201,156,213,198,145,250,66,85,232,139,253,108,159
00425 features=888 size=41 p=2 tap=9 reset=false scheme=1 ops=1,0,2,3,1,3,3,1,1,2,0,1,2,1,3,2,2,3,3,0,2,1,0,2,3,0,3,0,1,0,2,0,0,1,0,3,1,1,0,1,2,0,0,3,3,0,3,3,3,3,0,1,2,0,0,2,2,3,3,3,2,3,2,3 ks=123,225,122,0,249,0,61,213,245,179,0,0,0,50,49,239,0,0,236,1,0,191,0,198,98,193,0,136,250,0,56,208,0,153,56,54,120,13,0,9,0,39,0,69,119,106,234,181,0,250,0,0,219,0,0,0,0,0,34,25,222,111,178,166
00426 features=816 size=25 p=1 tap=54 reset=false scheme=1 ops=0,1,2,3,1,1,2,2,0,3,2,3,0,3,3,1,1,0,3,1,1,0,2,1,3,2,3,2,0,1,2,2,1,1,1,1,3,3,3,0,3,3,2,2,1,2,2,3,2,1,3,2,0,2,1,2,2,2,2,2,0,3,3,0 ks=0,0,0,0,225,0,0,0,13,196,203,4,120,0,0,0,17,0,67,0,217,0,225,0,126,0,0,83,219,0,231,150,0,0,174,0,132,132,0,0,0,184,0,0,0,0,146,0,0,0,0,113,0,242,0,0,0,0,237,0,0,0,129,237
00427 features=856 size=27 p=1 tap=29 reset=true scheme=0 ops=1,3,3,1,3,3,2,3,3,3,3,1,3,1,1,0,2,0,2,2,1,0,3,3,1,0,3,3,3,3,3,3,0,0,0,2,2,1,2,2,0,3,0,2,2,2,1,0,1,1,2,0,2,3,3,2,1,2,2,1,1,2,1,3 ks=0,0,14,0,0,0,44,0,0,0,202,0,215,0,0,147,0,28,0,100,0,0,0,3,26,170,0,146,0,66,0,54,0,164,0,79,0,52,0,0,161,0,0,177,215,0,42,0,0,0,223,0,214,0,126,181,66,0,0,0,0,0,94,95
00428 features=805 size=38 p=10 tap=38 reset=false scheme=2 ops=1,3,1,3,2,3,3,2,1,0,1,0,1,2,0,1,0,2,3,0,1,1,0,2,1,3,0,3,0,0,0,1,0,1,1,3,3,1,0,2,1,3,2,3,1,3,1,0,0,0,0,1,1,1,3,2,0,3,0,2,1,2,0,0 ks=168,84,0,0,0,80,76,190,236,0,0,57,46,17,0,0,0,123,243,1,53,0,0,188,168,0,0,56,233,0,0,212,0,0,0,173,209,0,164,0,168,165,38,0,0,0,72,0,0,119,238,112,207,0,238,120,63,57,38,58,20,0,47,216
00429 features=998 size=64 p=5 tap=28 reset=false scheme=1 ops=0,3,2,0,3,2,1,3,1,3,3,0,1,2,1,3,0,3,2,0,0,0,0,3,0,3,1,3,3,0,0,1,0,0,1,0,2,0,0,1,1,2,3,1,0,0,3,2,2,3,2,0,2,3,0,2,2,3,3,0,2,2,0,1 ks=106,105,102,155,29,189,48,230,139,150,31,166,10,28,58,150,174,155,77,160,128,137,166,254,5,76,83,54,248,8,200,92,28,100,202,158,169,247,109,60,63,159,121,208,193,7,12,31,237,131,60,190,72,254,79,129,24,218,200,95,70,168,82,137
00430 features=797 size=23 p=10 tap=0 reset=true scheme=3 ops=0,1,1,2,0,1,0,2,3,2,2,3,1,1,1,2,3,3,1,3,1,1,2,1,1,0,0,1,2,0,0,3,3,3,1,1,3,1,0,0,0,2,0,0,0,3,3,1,1,2,1,3,0,0,0,0,2,0,3,3,2,1,2,2 ks=0,217,0,0,0,0,0,0,0,0,0,13,40,0,0,178,0,164,145,0,0,0,105,199,227,0,0,130,0,0,0,0,254,0,206,200,0,0,0,0,63,0,165,0,221,0,0,0,29,218,0,0,0,0,0,98,154,0,150,0,0,190,37,0
00431 features=994 size=64 p=10 tap=14 reset=false scheme=2 ops=0,1,2,1,2,1,0,2,0,2,0,2,0,3,3,3,1,3,0,2,3,0,3,3,1,1,0,1,1,2,3,1,0,3,3,0,3,1,1,0,0,0,2,3,3,2,0,2,3,2,1,1,0,3,2,0,2,2,3,3,0,1,2,0 ks=106,234,115,229,98,34,6,135,244,108,184,149,97,87,137,231,213,131,179,182,103,72,220,60,166,133,25,65,208,71,4,82,156,54,134,154,123,88,245,222,198,193,185,133,26,174,206,69,240,20,78,148,159,133,239,70,184,227,105,121,27,9,245,249
00432 features=819 size=21 p=5 tap=57 reset=true scheme=2 ops=1,3,0,3,0,0,0,3,0,0,2,3,1,2,3,3,1,3,0,1,1,3,1,0,3,2,1,3,1,2,2,0,3,3,1,1,3,2,2,0,0,2,3,3,3,2,2,0,1,2,3,0,0,1,0,2,2,1,3,1,1,1,2,3 ks=126,1,0,202,0,0,174,0,0,0,50,0,0,0,85,0,249,0,0,0,0,0,0,0,0,0,0,211,0,0,28,113,0,0,0,217,0,229,0,0,0,128,0,0,0,62,0,0,5,0,0,218,75,0,0,171,0,189,0,131,0,191,0,0
00433 features=740 size=12 p=1 tap=43 reset=true scheme=3 ops=2,0,0,2,0,3,3,2,0,1,1,0,1,3,1,2,1,2,2,0,0,2,3,0,1,0,3,1,2,0,3,3,1,1,1,0,0,1,0,1,2,1,3,0,0,3,2,2,0,3,0,1,3,2,1,0,0,2,3,1,2,1,3,1 ks=196,0,0,0,0,0,59,0,0,168,0,0,0,0,0,195,163,0,144,0,0,0,0,0,136,0,0,0,0,0,0,0,0,0,0,0,95,0,0,0,0,0,99,0,0,47,0,71,0,0,0,0,0,0,0,0,0,0,0,0,0,0,72,0
00434 features=962 size=64 p=1 tap=63 reset=true scheme=3 ops=3,0,0,2,1,1,3,0,2,1,2,1,3,2,2,2,2,3,1,1,2,1,1,3,3,2,1,2,3,1,1,0,1,0,2,3,2,1,2,2,3,1,2,3,1,1,2,2,3,0,0,2,0,1,3,0,2,2,3,2,2,1,1,3 ks=229,226,34,234,139,25,182,29,83,5,12,13,219,42,46,111,100,209,134,237,151,243,124,147,45,170,155,210,97,45,16,122,142,187,163,205,203,219,74,96,160,14,242,248,16,211,155,96,147,51,242,42,30,12,131,222,124,199,84,171,15,148,42,198
00435 features=647 size=22 p=10 tap=54 reset=false scheme=4 ops=3,3,1,1,3,2,3,1,2,1,2,1,1,3,3,0,2,1,3,1,3,0,2,2,1,2,2,1,3,3,0,3,2,3,2,2,2,3,2,0,3,0,2,3,2,0,2,1,0,1,1,0,1,3,3,1,0,1,1,3,3,2,0,3 ks=0,0,0,0,0,122,0,77,0,120,0,0,0,0,238,138,0,52,0,61,0,0,121,0,0,247,0,0,0,169,0,0,85,0,0,85,0,0,0,0,189,0,0,60,0,0,0,0,0,0,0,119,137,155,0,224,88,94,0,0,244,0,157,0
00436 features=851 size=26 p=5 tap=58 reset=false scheme=2 ops=2,0,1,1,0,1,2,3,3,3,2,0,3,3,3,1,1,3,0,3,3,1,1,2,0,2,0,1,0,3,2,3,2,2,1,1,0,2,3,0,3,0,0,1,0,2,1,0,2,3,1,2,0,0,0,0,3,3,2,0,0,0,0,2 ks=6,0,57,0,0,0,0,0,0,99,0,0,162,17,0,183,186,0,0,0,67,0,162,0,0,0,181,98,187,0,154,0,0,0,150,184,255,0,0,81,0,0,163,37,0,0,163,0,236,0,0,250,0,137,0,0,0,0,147,0,0,161,0,1
00437 features=729 size=14 p=1 tap=10 reset=true scheme=3 ops=3,3,3,2,3,3,2,3,3,2,0,3,3,3,3,1,1,0,0,1,3,0,2,1,1,0,1,3,3,1,0,3,0,1,2,2,3,0,1,2,2,0,3,0,0,1,1,3,0,3,1,0,1,0,0,3,0,1,1,1,3,1,1,2 ks=61,0,0,28,0,0,0,0,0,116,0,0,0,0,0,0,0,0,0,0,0,0,226,94,0,57,0,0,0,136,0,0,0,36,0,0,0,0,0,191,0,0,0,0,252,230,0,89,0,0,0,0,0,159,0,0,0,110,0,0,0,0,0,0
00438 features=849 size=15 p=2 tap=7 reset=true scheme=1 ops=2,0,2,3,2,3,0,2,0,3,0,0,2,3,3,1,0,1,3,0,0,2,2,0,3,3,3,1,3,0,3,1,0,1,2,1,3,3,0,3,2,1,2,3,2,1,0,3,2,1,0,2,1,2,1,3,3,1,3,3,1,3,1,0 ks=121,0,0,0,204,0,0,0,0,0,0,0,0,0,172,80,241,0,37,0,0,0,0,0,0,0,0,71,0,222,0,0,0,0,0,189,0,0,0,31,0,0,0,103,0,0,0,4,0,0,0,0,0,0,0,0,0,190,56,0,209,0,0,0
00439 features=671 size=40 p=10 tap=22 reset=false scheme=5 ops=0,1,0,1,3,2,3,0,3,1,0,3,3,3,3,3,0,3,3,2,0,2,1,1,3,3,1,0,3,3,0,1,1,3,1,1,2,1,1,0,2,0,3,1,3,2,1,1,1,1,3,3,2,1,0,1,0,2,2,2,1,1,2,0 ks=114,118,165,0,0,0,49,102,205,0,113,32,0,0,0,0,0,0,42,195,61,213,49,0,5,202,0,0,142,247,98,190,0,5,0,53,185,221,160,0,67,0,245,0,0,216,9,0,154,141,33,238,0,119,119,21,60,141,255,0,0,46,135,0
00440 features=594 size=18 p=2 tap=35 reset=false scheme=5 ops=3,3,1,1,2,2,3,3,1,0,3,2,2,1,0,0,1,0,0,0,2,1,3,3,3,3,0,3,2,3,2,0,3,0,2,1,0,2,3,2,1,0,1,3,1,1,2,1,0,0,3,3,0,0,0,2,2,2,0,1,3,1,3,3 ks=148,80,0,56,0,0,254,0,23,5,0,0,0,0,0,227,0,0,0,0,72,0,0,0,0,29,0,0,152,0,232,0,0,0,0,0,0,0,0,67,0,233,0,0,0,0,0,31,0,48,0,0,0,241,0,0,157,0,0,0,0,0,0,91
00441 features=977 size=64 p=1 tap=20 reset=true scheme=3 ops=2,0,0,0,1,2,2,3,1,3,3,1,1,1,3,0,3,1,2,2,3,1,3,0,0,2,0,2,0,2,0,1,2,0,1,3,3,2,0,0,2,3,1,0,0,0,2,3,3,2,2,3,1,3,2,2,2,1,1,3,3,2,3,1 ks=132,157,74,211,96,205,123,98,223,166,216,31,175,237,5,55,215,90,9,165,229,235,65,213,157,118,32,92,170,171,6,251,225,210,87,32,238,129,190,240,95,139,181,43,60,23,216,30,255,127,70,131,7,180,55,132,95,55,84,49,41,87,22,161
00442 features=908 size=43 p=1 tap=4 reset=true scheme=3 ops=0,2,0,2,3,3,3,1,2,3,2,3,3,2,1,1,2,0,3,1,0,1,2,3,2,2,3,3,0,0,0,2,1,0,1,0,1,1,0,3,1,2,3,3,2,0,2,2,2,3,2,0,2,0,3,3,1,0,2,0,3,2,0,0 ks=0,239,110,0,249,190,0,33,0,212,0,0,28,0,0,150,75,89,0,0,136,0,0,65,130,124,39,41,147,168,217,0,27,223,21,168,236,0,163,0,0,160,0,133,252,219,173,0,248,186,104,36,29,0,148,155,255,3,188,0,234,232,73,0
00443 features=841 size=36 p=5 tap=23 reset=false scheme=4 ops=1,0,0,2,2,0,1,1,1,1,1,2,3,2,0,0,0,1,3,3,3,3,0,1,0,1,1,0,3,0,1,3,2,0,2,3,3,2,0,0,1,0,1,0,3,3,0,3,3,3,2,1,2,0,1,2,2,0,3,0,2,2,0,2 ks=21,215,0,0,193,99,0,0,0,0,0,70,0,0,68,0,0,51,203,0,74,0,82,0,196,36,118,0,166,136,52,75,160,0,153,97,235,168,96,193,0,13,206,231,0,215,169,62,124,103,153,0,94,77,0,0,156,0,0,0,0,0,0,0
00444 features=947 size=64 p=10 tap=39 reset=true scheme=3 ops=1,2,2,0,2,1,3,2,1,2,3,1,3,1,2,1,3,1,2,1,3,3,0,0,2,1,3,0,3,2,0,3,2,3,2,1,1,3,2,3,1,2,3,2,3,1,3,0,0,0,3,1,0,2,1,0,2,2,3,0,1,1,2,2 ks=246,242,156,134,140,5,119,182,229,173,149,170,128,82,116,120,29,201,74,72,150,170,20,177,161,87,10,208,43,63,20,123,57,114,18,24,164,126,219,56,182,220,193,184,13,97,180,196,234,175,112,124,202,209,233,56,99,239,146,114,118,133,161,32
00445 features=902 size=43 p=10 tap=28 reset=true scheme=1 ops=3,1,2,1,1,3,2,3,2,1,2,3,1,2,2,3,3,2,3,2,2,3,1,3,3,2,3,1,3,0,2,3,3,0,2,0,0,1,0,0,3,3,1,0,2,3,2,3,2,1,0,2,0,3,3,3,2,0,0,3,2,0,1,0 ks=192,135,55,181,29,119,0,52,27,0,0,212,152,66,163,0,102,0,53,207,0,0,217,0,177,134,212,124,240,106,10,254,0,0,46,254,96,0,0,163,0,139,0,0,113,25,104,134,0,0,154,225,252,28,252,135,111,0,0,0,27,0,102,64
00446 features=876 size=18 p=10 tap=35 reset=true scheme=1 ops=2,3,2,2,2,3,1,3,0,0,0,1,0,2,0,0,2,3,0,0,2,3,0,1,0,0,0,2,1,3,2,3,1,0,3,2,3,2,0,0,0,3,3,1,2,1,2,2,2,2,1,3,3,1,0,1,0,2,0,3,3,2,2,0 ks=0,0,0,241,0,0,0,0,39,0,0,0,0,0,0,0,0,0,0,0,198,150,0,0,0,0,0,231,0,0,99,24,65,0,0,117,0,0,0,0,131,246,151,148,0,0,0,0,0,0,0,0,154,0,0,0,215,0,89,133,0,0,0,15
00447 features=831 size=43 p=10 tap=3 reset=true scheme=3 ops=1,3,3,1,3,3,2,3,0,3,3,0,2,1,2,1,0,2,1,0,2,1,1,0,0,1,0,1,3,0,0,3,3,2,1,3,1,1,2,0,1,1,1,3,0,0,3,1,0,3,0,1,3,3,1,1,1,2,1,3,2,0,0,1 ks=178,58,0,59,173,147,181,214,0,0,0,53,0,14,113,75,0,250,149,64,36,98,192,0,0,191,124,201,0,0,243,0,0,189,112,212,26,110,0,196,214,181,130,0,4,0,51,0,0,235,0,218,154,158,105,200,129,51,35,13,0,77,0,0
00448 features=985 size=49 p=10 tap=35 reset=true scheme=4 ops=0,3,3,3,0,2,2,2,2,2,2,2,0,2,1,1,0,0,0,3,0,0,3,2,0,0,3,2,3,0,3,2,2,2,3,3,1,0,3,1,0,3,1,0,3,2,3,2,3,3,1,1,0,3,0,0,1,3,1,3,3,2,1,3 ks=0,162,79,234,0,112,211,114,217,199,194,215,0,209,49,0,87,0,33,130,0,187,55,106,0,193,0,47,0,127,91,80,84,0,5,155,254,142,168,197,90,95,0,155,187,66,44,122,48,0,65,142,0,134,123,188,241,174,27,0,201,25,133,0
00449 features=722 size=39 p=10 tap=40 reset=false scheme=2 ops=3,3,2,1,0,3,1,2,2,3,0,0,0,3,3,2,0,1,0,2,2,1,1,3,3,0,1,0,3,0,1,2,2,3,0,0,0,3,3,3,1,3,3,3,0,3,3,3,1,2,2,1,3,0,1,1,0,3,0,1,1,3,2,3 ks=0,154,0,228,0,55,117,81,186,0,223,250,0,89,235,0,0,0,37,0,62,131,178,239,0,0,229,181,40,0,0,29,145,0,28,0,4,0,0,219,53,243,0,0,202,138,185,197,0,86,0,121,146,111,99,0,14,127,179,0,0,0,77,34
00450 features=950 size=64 p=10 tap=63 reset=true scheme=3 ops=3,3,3,0,2,0,2,3,1,0,0,2,0,0,2,2,2,2,2,2,3,2,2,0,0,1,0,2,3,1,3,3,2,1,3,1,0,0,0,2,1,0,0,0,1,3,0,2,1,3,1,1,3,3,0,3,3,2,1,1,1,0,2,3 ks=62,203,86,189,187,248,50,149,23,243,211,95,56,24,21,185,82,174,35,227,83,87,76,236,13,173,89,92,133,224,246,4,94,171,155,179,186,226,179,76,58,142,60,111,117,202,146,225,150,19,20,14,175,150,173,196,98,108,126,144,217,135,232,240
00451 features=981 size=64 p=2 tap=32 reset=true scheme=3 ops=2,2,0,0,0,2,0,2,3,1,3,2,3,0,3,2,0,1,1,2,0,1,0,3,2,1,3,0,2,1,3,2,3,2,3,1,3,1,2,1,1,3,1,1,1,2,2,3,2,3,3,1,3,3,3,3,3,3,3,1,0,3,1,2 ks=103,65,76,241,130,126,218,40,249,45,108,195,221,119,215,189,57,149,64,2,113,96,202,211,55,127,139,255,119,171,143,15,253,180,1,159,17,126,195,13,51,211,32,153,204,175,198,157,37,68,68,25,236,67,2,190,227,125,14,65,221,22,108,38
00452 features=994 size=64 p=2 tap=22 reset=false scheme=5 ops=2,2,0,1,3,1,3,0,0,2,3,2,3,2,2,2,1,2,3,3,1,3,3,0,2,0,1,1,1,0,2,0,1,3,2,0,3,3,2,2,1,3,0,1,3,3,0,3,3,0,0,1,1,0,1,3,2,0,0,0,0,1,1,3 ks=128,67,46,231,88,152,70,35,196,170,166,47,13,58,35,133,11,98,144,209,203,254,187,243,119,1,128,73,125,164,56,197,4,165,206,47,51,2,55,180,17,7,46,93,206,235,9,242,83,146,249,249,173,23,149,169,37,241,216,141,254,10,217,191
00453 features=755 size=19 p=2 tap=58 reset=false scheme=0 ops=3,1,0,3,3,3,0,0,0,2,1,0,0,1,2,2,1,2,0,3,1,0,2,1,3,3,3,2,1,3,1,0,2,2,0,1,0,1,0,0,3,2,0,1,0,2,3,3,0,3,0,2,2,3,0,3,3,3,2,3,2,0,0,0 ks=0,4,0,0,0,0,0,196,106,0,0,184,196,0,227,94,0,0,0,0,0,0,0,0,0,121,0,94,0,0,0,80,94,0,0,0,0,0,251,0,0,15,0,0,96,152,0,196,0,117,0,0,0,203,0,0,0,0,21,0,0,0,0,0
00454 features=856 size=21 p=2 tap=4 reset=true scheme=0 ops=3,0,3,3,1,1,0,0,1,1,0,1,2,0,1,3,2,2,2,3,2,2,0,3,2,3,3,1,0,1,1,0,3,1,2,2,1,3,3,3,0,0,0,3,0,3,0,3,0,1,1,3,0,3,3,3,3,2,3,1,0,1,2,0 ks=0,0,0,184,0,159,41,0,171,0,57,98,3,0,0,0,0,79,244,0,0,0,0,0,243,0,0,181,0,0,0,0,0,161,0,0,246,0,0,13,0,0,0,117,0,0,0,154,0,243,0,142,0,0,0,0,72,0,91,0,171,0,0,0
00455 features=967 size=43 p=2 tap=63 reset=true scheme=5 ops=0,0,3,3,0,1,2,0,3,1,3,0,1,3,0,3,0,0,1,2,2,1,1,0,3,1,0,3,1,0,0,1,1,3,0,1,2,2,3,3,1,1,0,0,1,2,0,3,0,2,1,1,0,3,2,0,3,0,1,1,0,3,3,3 ks=49,0,139,0,140,0,0,0,0,196,63,191,196,93,0,193,0,0,128,235,0,115,0,16,172,201,115,33,102,0,69,192,108,161,0,32,152,0,108,51,88,185,0,27,0,0,0,227,0,0,169,3,240,0,182,233,228,57,125,231,157,255,17,187
00456 features=1003 size=62 p=5 tap=5 reset=false scheme=4 ops=3,0,0,0,3,3,0,2,3,0,2,2,1,2,0,2,1,0,0,3,1,0,3,3,3,1,0,3,3,2,2,1,3,2,3,3,2,0,1,2,2,3,2,2,2,2,0,3,0,3,2,2,3,0,2,0,2,2,2,3,1,0,0,2 ks=97,238,142,93,225,18,99,26,28,229,152,114,170,125,246,180,23,0,56,245,6,74,26,103,46,241,213,98,203,39,46,72,69,134,107,214,128,41,149,145,30,72,112,0,140,14,184,124,106,201,150,239,189,155,245,253,221,238,248,157,90,1,22,151
00457 features=837 size=27 p=5 tap=63 reset=true scheme=3 ops=3,2,2,3,3,1,1,3,3,1,3,1,3,2,3,2,2,3,2,0,0,1,1,3,2,0,0,2,3,3,2,0,1,2,1,3,2,1,0,2,1,3,3,0,0,2,1,3,0,3,0,0,3,3,1,2,3,3,0,1,1,1,0,0 ks=0,13,32,0,241,0,57,11,0,0,45,0,54,43,0,0,0,142,202,34,0,0,15,28,95,0,0,0,66,0,110,27,0,0,10,0,134,152,0,0,189,13,156,0,0,114,0,0,223,0,189,0,0,0,0,0,0,0,0,0,24,0,0,0
00458 features=858 size=41 p=10 tap=7 reset=true scheme=3 ops=3,3,3,2,3,1,3,0,2,3,1,0,3,0,3,1,2,2,1,3,0,1,0,1,0,2,2,0,2,2,0,2,3,3,1,2,3,3,2,3,2,2,0,3,2,1,0,1,1,0,3,3,3,0,0,2,1,0,2,3,2,2,3,3 ks=137,196,0,0,191,40,13,218,168,0,30,105,42,123,0,41,183,164,77,0,203,0,35,199,21,0,249,0,0,0,131,0,130,231,3,216,45,55,170,161,229,41,8,190,194,172,0,156,0,101,0,222,249,0,109,0,0,0,0,0,0,0,112,0
00459 features=925 size=64 p=10 tap=35 reset=true scheme=3 ops=2,1,1,1,0,1,3,1,1,0,2,3,3,0,2,0,0,0,1,0,0,3,0,3,3,1,3,0,0,3,1,1,2,0,1,3,2,1,1,3,0,0,0,0,3,1,3,1,1,1,0,1,3,3,1,0,0,3,0,3,0,3,1,0 ks=137,117,98,144,175,53,3,45,80,164,181,89,18,250,82,110,240,215,209,89,57,163,225,97,139,88,246,133,52,167,40,208,95,85,230,126,218,213,61,187,110,34,95,241,131,157,233,153,176,130,167,186,150,121,239,91,102,242,200,211,140,45,69,30
00460 features=623 size=14 p=1 tap=60 reset=false scheme=2 ops=3,3,0,1,2,1,1,0,1,0,0,2,1,0,1,1,1,1,2,3,0,1,1,3,2,0,0,3,0,2,1,3,2,1,1,3,1,2,0,0,3,0,2,3,1,2,3,1,2,2,2,1,3,3,0,3,1,3,3,2,2,0,0,3 ks=0,173,0,0,0,5,0,0,106,43,0,40,0,0,83,0,0,0,121,0,0,0,0,0,0,0,0,0,0,0,0,0,0,32,0,0,0,0,87,0,234,0,0,0,0,0,0,0,0,0,130,0,144,0,0,23,0,0,0,146,0,0,0,0
00461 features=953 size=46 p=10 tap=52 reset=true scheme=5 ops=3,2,2,3,0,2,1,1,1,1,0,1,1,3,1,2,0,2,0,3,1,3,2,2,0,0,2,3,3,3,2,0,1,1,1,3,0,1,3,2,1,2,2,1,1,0,1,3,2,0,2,3,3,1,2,2,1,1,0,0,0,0,2,1 ks=0,138,0,100,137,185,76,177,41,142,161,251,10,137,31,4,0,0,0,134,173,196,60,187,0,0,241,14,54,139,43,75,71,0,100,0,149,0,229,0,127,119,0,171,235,0,0,25,80,0,0,239,219,64,0,236,27,162,46,238,26,161,112,0
00462 features=743 size=16 p=1 tap=23 reset=true scheme=3 ops=2,0,2,1,3,3,1,2,0,2,3,3,2,3,1,3,0,1,0,3,3,1,0,1,0,0,1,1,3,3,3,1,3,3,0,1,3,2,0,3,0,0,1,0,3,2,3,2,0,2,1,2,2,2,3,1,2,1,0,2,3,0,3,2 ks=0,0,0,0,0,0,0,0,3,0,0,0,0,0,232,10,205,189,230,0,0,0,0,0,0,241,0,0,0,0,9,0,0,0,122,0,0,0,0,88,0,0,143,172,0,0,0,163,0,0,0,0,0,0,0,0,232,69,5,0,0,0,0,0
00463 features=952 size=64 p=10 tap=35 reset=true scheme=3 ops=3,0,3,1,2,3,1,2,0,1,2,0,3,0,0,0,0,1,2,3,0,3,3,2,1,1,3,1,1,0,0,0,3,3,0,3,2,0,1,0,0,0,1,1,2,2,3,2,2,0,3,3,3,2,2,1,3,3,1,1,1,0,1,3 ks=162,157,1,143,128,252,59,57,133,205,16,4,88,234,91,118,176,208,75,135,184,177,216,12,244,108,248,114,157,38,171,45,78,170,248,166,165,128,61,63,199,132,112,93,171,139,102,237,229,111,31,139,156,190,34,124,235,221,51,169,94,44,114,232
00464 features=866 size=40 p=5 tap=17 reset=true scheme=3 ops=1,1,1,3,0,2,1,1,2,1,0,2,0,2,1,1,3,2,3,1,3,0,1,1,3,1,1,1,2,1,2,3,2,1,0,1,0,3,2,3,0,3,1,2,2,3,3,3,2,1,2,3,2,0,1,0,0,2,3,2,2,2,1,1 ks=238,0,179,0,0,77,0,107,137,113,153,0,178,0,137,0,4,172,0,84,125,102,53,15,61,138,0,91,64,184,0,71,94,0,0,0,50,126,0,233,165,0,0,116,174,66,122,0,192,0,225,0,35,0,52,46,0,68,108,0,0,0,16,18
00465 features=651 size=19 p=5 tap=26 reset=false scheme=2 ops=3,3,1,3,0,3,3,3,0,3,0,3,0,3,1,2,0,0,1,1,2,3,3,3,3,3,0,0,3,3,3,2,0,2,0,3,3,1,1,1,2,3,1,3,0,0,2,1,0,3,0,2,3,3,2,2,0,2,1,3,1,2,2,2 ks=0,0,185,202,129,59,0,0,62,0,0,0,243,0,13,0,231,134,0,248,0,0,0,0,218,0,182,0,0,73,0,0,97,225,0,210,0,0,0,0,0,0,0,0,0,0,0,0,2,0,0,0,0,0,72,0,0,0,0,214,0,0,0,0
00466 features=1020 size=64 p=10 tap=63 reset=false scheme=5 ops=2,2,1,0,0,2,0,0,1,1,0,1,1,0,3,1,3,3,0,2,0,2,2,3,3,3,1,3,2,1,2,3,3,0,1,3,3,3,0,0,1,3,0,0,0,3,3,3,0,1,2,2,0,3,2,3,1,2,0,1,0,3,3,3 ks=145,62,225,57,68,135,44,119,115,76,198,113,203,67,202,150,140,168,49,8,41,239,199,144,190,150,162,23,7,154,231,196,163,121,197,22,201,221,128,222,247,157,14,133,112,34,226,30,203,181,184,190,38,54,221,69,154,134,246,177,17,248,186,40
00467 features=688 size=45 p=2 tap=19 reset=false scheme=0 ops=3,3,3,2,2,3,2,2,3,3,1,0,1,3,1,2,2,1,2,1,0,2,3,3,2,2,0,1,1,1,3,2,0,2,3,1,0,3,1,1,3,1,1,0,3,1,2,0,1,1,1,0,1,2,0,1,0,2,3,1,0,2,1,1 ks=0,0,0,242,52,255,220,113,245,157,0,0,86,0,245,0,0,138,95,152,28,105,0,196,105,0,111,0,154,8,159,65,247,135,0,68,161,163,135,130,0,43,171,207,0,0,0,0,16,78,196,249,246,18,41,14,0,15,190,29,5,41,0,150
00468 features=801 size=38 p=1 tap=36 reset=false scheme=5 ops=2,2,3,0,3,1,0,1,3,2,1,2,1,1,0,3,1,3,1,1,2,2,3,1,2,1,2,3,2,1,1,1,3,3,3,3,3,3,1,1,3,0,1,0,0,0,2,3,3,0,2,1,0,3,2,3,3,1,2,0,3,2,2,1 ks=0,0,32,0,109,205,0,27,29,218,163,166,54,130,59,0,0,0,0,27,0,0,152,56,0,74,211,165,81,3,42,0,0,0,64,176,0,89,199,243,0,0,0,58,89,0,45,129,0,162,0,120,0,0,163,0,34,0,154,35,43,240,0,153
00469 features=826 size=26 p=2 tap=17 reset=false scheme=0 ops=0,1,3,2,2,1,2,3,1,2,0,1,1,1,0,3,3,3,2,3,3,3,1,3,3,2,0,2,0,2,2,3,1,0,2,1,0,0,3,3,2,3,1,1,0,3,1,2,1,0,0,0,1,0,3,3,3,1,1,2,3,1,0,3 ks=0,253,88,6,0,237,0,121,0,0,0,3,0,0,0,0,0,107,0,94,0,0,0,132,0,173,61,205,127,0,62,43,0,159,146,5,0,0,0,230,0,0,13,0,99,81,0,0,103,169,0,0,0,0,0,133,0,0,0,0,0,0,0,172
00470 features=830 size=38 p=10 tap=42 reset=true scheme=3 ops=0,2,3,3,3,1,1,1,1,0,3,2,2,0,2,1,1,2,0,1,2,2,3,1,2,2,3,0,3,2,2,1,0,3,2,2,3,2,2,1,2,1,0,2,3,3,3,2,0,0,1,3,2,1,1,1,0,0,2,3,0,1,0,1 ks=154,110,0,0,103,178,0,60,0,180,0,0,3,2,0,0,161,131,0,0,0,240,157,0,78,0,7,0,228,117,188,0,0,25,134,182,176,0,116,113,0,0,0,111,192,0,0,163,249,2,74,234,228,132,220,206,0,0,0,233,0,3,124,97
00471 features=966 size=63 p=5 tap=38 reset=false scheme=5 ops=2,0,0,1,2,3,3,2,1,0,0,2,0,2,0,3,1,2,0,0,1,0,3,1,0,0,2,2,0,3,1,1,1,1,3,3,2,3,3,1,0,1,1,3,0,3,3,3,2,2,2,0,3,2,2,3,3,3,2,1,0,1,3,3 ks=222,101,251,156,144,242,105,111,3,71,0,180,145,53,32,2,151,237,149,158,201,224,190,149,143,230,54,147,4,200,126,175,102,87,251,189,92,126,204,20,133,31,180,133,217,147,84,26,212,248,60,96,147,115,103,165,171,118,33,254,41,200,8,158
00472 features=629 size=24 p=10 tap=9 reset=false scheme=3 ops=2,2,3,0,2,3,3,2,3,3,2,3,2,1,0,0,3,2,2,2,3,0,2,0,0,2,3,2,2,1,1,1,3,0,0,1,3,0,3,2,2,3,2,3,3,3,0,1,3,0,0,2,2,0,1,3,3,2,1,2,1,3,3,1 ks=0,0,0,0,4,0,0,0,159,117,0,0,120,0,0,46,0,101,0,157,64,27,0,64,198,0,129,0,212,0,0,128,0,0,143,165,190,0,0,0,0,0,0,0,0,0,109,0,0,212,4,53,229,0,0,0,0,0,0,0,49,178,0,0
00473 features=709 size=40 p=2 tap=39 reset=false scheme=5 ops=3,0,3,1,0,2,3,2,0,3,3,0,1,3,3,2,0,2,2,2,2,2,1,3,3,0,3,0,2,2,1,3,3,1,3,0,3,3,2,1,3,3,2,3,2,0,0,0,0,2,2,3,0,3,2,0,0,3,1,1,0,0,0,2 ks=189,40,0,6,179,0,91,0,0,0,0,215,0,62,0,0,126,0,76,0,6,144,234,0,108,0,234,196,17,183,81,144,0,109,149,200,0,0,0,0,0,143,232,18,92,137,156,0,0,0,136,148,0,115,120,118,92,47,7,16,125,0,27,179
00474 features=781 size=21 p=10 tap=15 reset=true scheme=3 ops=3,3,1,3,2,0,0,2,0,2,0,3,3,2,1,0,2,2,3,1,3,2,3,0,0,3,3,2,2,3,0,2,0,3,1,3,1,1,3,0,3,3,3,3,3,2,0,2,3,2,1,0,2,1,3,3,1,3,0,3,2,3,2,3 ks=0,229,247,0,0,0,40,167,216,0,255,0,0,175,151,0,73,0,0,0,0,0,0,0,0,0,246,220,0,0,145,28,0,0,0,0,0,0,0,130,0,0,246,94,208,0,0,0,0,0,11,0,0,73,0,60,0,41,0,0,0,0,0,0
00475 features=837 size=42 p=10 tap=35 reset=false scheme=0 ops=1,1,0,1,3,0,3,1,3,2,3,3,2,0,0,1,3,2,1,3,1,0,2,3,2,3,3,3,3,3,3,0,0,3,0,3,0,3,0,1,0,3,2,2,0,1,0,1,3,3,2,1,2,0,1,3,0,3,1,1,2,1,0,2 ks=86,26,0,209,79,223,0,101,0,0,181,0,150,47,86,89,240,201,69,0,0,48,201,45,82,120,0,65,133,239,31,167,18,0,179,119,0,1,0,220,0,52,241,79,0,0,0,0,0,255,0,0,132,200,189,224,110,173,0,0,0,23,161,135
00476 features=968 size=63 p=2 tap=38 reset=true scheme=3 ops=0,2,2,0,2,1,1,3,3,0,3,0,0,0,0,0,3,2,0,3,0,3,3,0,3,1,2,1,2,1,3,1,1,2,3,0,3,2,3,1,2,0,0,1,3,3,1,1,2,0,1,1,3,2,0,3,3,3,2,1,0,1,2,2 ks=102,58,231,122,74,53,123,210,150,168,0,26,110,6,25,236,2,5,217,251,114,120,118,201,230,69,197,135,147,23,16,45,203,95,38,78,3,40,73,162,198,97,105,172,250,63,67,150,237,164,215,27,149,74,249,66,152,19,171,122,215,194,25,29
00477 features=779 size=16 p=2 tap=56 reset=true scheme=1 ops=0,0,3,3,0,2,3,3,0,2,1,2,2,2,1,2,1,1,1,2,0,2,0,1,2,3,1,2,2,1,0,1,1,3,0,1,0,3,3,2,3,0,2,3,2,3,3,0,1,2,0,3,3,0,0,3,2,1,2,0,3,1,0,2 ks=56,0,17,0,226,0,117,0,0,0,0,10,0,0,0,0,254,0,0,59,0,0,0,0,0,0,0,0,0,0,23,0,0,0,0,0,19,0,39,0,175,239,0,0,0,0,137,0,0,93,0,0,47,0,0,0,0,0,0,0,25,0,0,0
00478 features=929 size=47 p=2 tap=35 reset=true scheme=3 ops=2,2,2,2,2,3,2,2,3,1,2,2,0,3,3,0,2,3,3,0,0,2,0,2,0,0,3,3,3,3,2,0,2,3,2,2,0,3,2,1,2,1,1,3,1,2,2,0,1,3,2,1,0,1,1,1,0,0,2,2,2,0,2,2 ks=152,74,101,35,0,0,78,13,5,0,0,196,148,186,195,0,27,0,204,24,78,125,75,0,45,12,46,0,91,56,0,87,102,0,75,158,43,57,44,203,0,142,104,94,172,135,0,183,216,168,174,0,33,0,0,195,41,113,88,180,26,0,100,0
00479 features=833 size=47 p=1 tap=48 reset=true scheme=3 ops=2,2,2,1,2,1,0,2,3,2,2,0,3,2,0,2,2,1,2,0,0,3,0,0,0,1,3,0,1,0,1,2,3,3,2,2,0,1,1,1,2,3,0,3,3,3,2,1,3,1,2,0,2,0,1,1,0,3,2,3,1,2,3,1 ks=228,98,186,0,175,0,53,179,216,39,235,93,229,200,118,163,86,227,106,63,0,153,159,249,43,151,0,0,151,0,231,11,0,94,97,161,0,0,0,190,115,220,126,67,102,253,37,0,235,0,0,151,0,24,129,0,221,84,43,0,75,104,88,0
00480 features=720 size=42 p=1 tap=7 reset=false scheme=3 ops=3,0,3,3,0,2,3,3,3,1,1,1,3,2,3,2,2,0,3,1,0,1,0,3,0,1,0,0,1,2,1,0,3,0,2,2,3,1,3,1,3,3,3,3,0,0,3,0,2,1,1,2,0,1,1,0,0,3,0,3,0,0,3,3 ks=44,141,0,0,64,0,0,131,0,24,157,179,196,150,209,176,137,0,91,127,21,38,94,0,0,185,0,16,0,168,114,42,58,227,240,66,22,11,44,0,0,240,0,91,154,0,129,0,148,0,0,0,0,0,0,40,0,6,226,179,67,195,25,96
00481 features=801 size=25 p=10 tap=1 reset=true scheme=3 ops=3,3,2,1,3,2,0,3,3,1,2,2,1,0,2,0,2,0,3,3,1,1,2,3,3,2,1,3,3,2,0,0,3,3,1,3,2,3,2,0,2,0,3,1,3,0,3,0,0,3,2,3,1,0,1,0,2,0,1,3,0,2,1,2 ks=127,23,0,0,210,94,216,210,110,0,0,0,72,92,221,125,0,0,0,0,199,87,0,0,0,252,0,0,0,0,0,0,0,0,0,199,0,126,0,17,0,0,0,189,0,81,0,0,0,182,0,0,0,0,0,0,160,0,77,0,13,0,230,133
00482 features=863 size=22 p=10 tap=16 reset=false scheme=5 ops=2,3,1,0,2,3,3,0,2,2,0,3,3,2,3,0,2,2,3,1,3,3,0,1,0,3,0,2,2,2,2,0,1,0,2,0,0,3,0,3,3,2,3,0,0,3,1,0,2,2,1,1,3,0,1,0,1,0,1,2,3,1,3,1 ks=0,208,0,0,131,113,139,0,0,0,114,0,0,144,0,65,0,0,6,162,0,0,0,0,6,0,0,0,0,0,0,0,0,0,0,0,56,0,220,0,170,27,28,0,202,0,0,0,0,0,0,0,0,0,37,0,0,221,10,174,20,194,0,0
00483 features=941 size=64 p=2 tap=29 reset=true scheme=3 ops=1,3,3,1,0,3,2,3,3,3,3,0,0,2,0,3,2,1,2,3,2,1,1,0,1,3,0,1,1,3,2,1,2,2,3,0,3,0,3,0,3,2,2,2,0,3,1,3,3,3,3,2,0,3,2,1,0,0,3,2,3,0,3,1 ks=195,136,113,202,220,199,242,115,194,234,178,252,98,243,161,188,192,199,111,116,178,105,169,132,172,251,85,140,103,216,198,255,12,26,251,49,3,2,103,206,17,245,38,132,210,172,252,29,214,207,50,249,20,124,139,173,115,180,132,112,74,245,171,96
00484 features=999 size=64 p=10 tap=23 reset=false scheme=0 ops=2,2,0,0,3,3,3,2,1,1,1,1,3,3,3,2,3,1,1,0,1,2,3,3,0,1,0,1,0,0,3,1,3,0,2,0,1,2,2,3,0,1,1,1,3,2,3,1,0,3,2,0,1,3,3,1,3,1,3,3,1,2,3,2 ks=2,253,141,241,199,155,234,222,214,191,89,27,196,136,217,18,8,18,210,111,80,199,158,78,185,40,177,30,39,180,191,174,71,196,53,108,208,61,120,192,194,159,91,101,206,233,65,204,123,22,229,135,20,97,173,162,195,184,143,225,217,230,149,135
00485 features=737 size=18 p=5 tap=47 reset=true scheme=3 ops=2,3,3,0,3,3,1,1,0,3,3,0,0,3,0,3,0,2,1,0,0,0,0,3,1,2,3,0,0,0,1,3,3,0,0,0,3,3,2,1,1,3,0,2,2,2,3,2,2,2,0,0,0,2,0,0,1,2,0,2,3,1,0,0 ks=0,0,0,0,0,0,0,0,158,206,232,41,0,254,111,0,0,94,0,0,0,232,0,0,0,78,169,0,243,0,0,0,0,0,0,49,0,0,0,0,0,0,86,201,0,0,0,181,0,0,0,0,44,236,0,0,0,0,0,0,0,151,0,0
00486 features=872 size=41 p=5 tap=28 reset=true scheme=3 ops=0,1,1,0,1,3,0,2,0,1,2,2,0,2,0,0,0,3,0,3,0,3,2,3,0,1,1,1,3,2,3,2,1,3,0,2,0,1,3,2,0,3,0,1,1,1,2,2,0,1,3,2,2,3,2,2,3,3,0,3,1,3,2,1 ks=238,0,0,21,153,106,0,8,0,199,0,0,87,210,120,146,242,187,0,0,249,158,0,224,199,0,0,168,235,59,201,242,228,247,0,0,199,0,136,200,27,0,0,0,0,56,0,217,6,0,189,0,198,0,0,183,229,129,144,217,99,106,37,79
00487 features=574 size=24 p=10 tap=29 reset=false scheme=5 ops=1,3,0,0,2,2,3,0,3,3,3,0,3,2,3,3,2,1,1,2,2,2,3,1,3,1,1,0,2,3,1,3,3,3,0,1,1,2,3,3,3,3,1,1,3,1,0,0,2,3,3,0,3,2,2,1,2,3,0,2,3,3,1,1 ks=0,0,91,128,76,0,0,0,0,33,0,0,0,0,0,148,0,209,0,0,0,0,0,0,152,108,194,195,0,0,0,0,0,0,0,0,231,97,0,0,50,174,169,76,0,0,250,0,162,244,0,0,0,244,0,0,0,253,162,150,0,0,0,5
00488 features=721 size=14 p=5 tap=54 reset=true scheme=3 ops=1,1,0,1,1,3,3,2,2,3,3,3,2,2,0,0,1,3,1,2,3,0,2,2,0,0,0,2,3,3,3,3,2,2,0,0,0,3,3,3,1,2,0,2,2,1,2,0,0,1,0,0,3,0,0,0,1,1,2,2,0,3,0,2 ks=0,0,148,0,0,0,0,0,0,107,156,0,204,0,0,0,0,0,0,0,87,0,0,0,0,0,100,0,0,0,0,232,0,0,0,0,0,0,0,0,0,135,0,251,80,0,0,0,43,0,0,17,28,0,0,0,0,0,0,43,0,0,0,0
00489 features=979 size=63 p=2 tap=63 reset=false scheme=0 ops=3,3,3,2,3,2,0,2,0,0,1,1,2,2,3,2,3,1,2,1,1,1,0,2,3,2,2,0,1,0,0,0,3,0,1,0,0,3,3,0,3,0,1,3,1,0,3,1,1,3,1,3,0,3,0,3,3,3,0,0,2,0,1,3 ks=98,121,67,74,90,93,195,136,141,40,214,107,250,139,43,77,40,179,33,244,98,0,122,61,111,188,211,106,189,185,2,73,83,240,37,122,121,148,39,137,60,84,229,82,86,242,47,168,214,124,220,206,94,216,16,8,110,219,112,234,16,177,164,255
00490 features=810 size=34 p=10 tap=44 reset=true scheme=3 ops=3,0,3,3,1,1,3,3,0,0,3,2,2,2,3,1,0,0,2,0,0,0,2,2,1,3,2,0,2,0,2,2,0,3,3,3,3,2,3,0,1,2,0,3,1,0,1,2,1,1,2,2,2,1,2,1,0,3,0,1,0,2,2,2 ks=0,148,0,19,0,0,0,32,209,25,120,0,0,73,44,116,0,0,0,8,0,17,222,232,0,232,0,0,18,0,75,0,0,0,46,18,90,0,12,0,0,0,115,0,108,150,0,0,60,0,60,161,216,163,180,0,152,0,96,75,17,76,0,0
00491 features=848 size=41 p=5 tap=3 reset=true scheme=3 ops=3,3,1,3,0,1,0,2,1,0,1,0,3,2,3,0,2,0,0,1,0,0,0,2,3,3,3,1,2,0,0,1,3,0,0,2,0,0,0,1,2,1,3,2,0,0,2,1,0,3,0,3,0,2,3,2,1,1,2,3,0,3,3,1 ks=162,228,0,137,251,0,114,10,1,70,206,122,214,229,0,0,0,0,0,218,125,245,0,69,0,41,0,0,50,0,22,136,0,105,173,0,102,46,0,67,234,240,182,0,0,233,0,173,0,0,246,0,47,186,100,147,128,134,3,129,0,246,38,0
00492 features=755 size=20 p=10 tap=62 reset=false scheme=4 ops=3,1,3,3,1,0,1,0,3,0,0,3,1,0,3,3,0,1,1,2,3,1,1,2,1,1,0,0,3,0,0,2,2,1,0,1,1,0,2,2,3,0,2,1,2,1,1,0,3,0,3,3,3,1,2,1,0,0,0,0,0,3,3,1 ks=0,0,0,86,75,0,0,113,0,11,13,0,0,0,112,0,0,160,0,0,0,41,252,0,36,136,0,0,0,0,0,0,174,0,0,0,0,0,0,226,0,0,0,244,0,230,0,0,0,0,0,0,67,0,0,0,36,0,0,0,0,174,175,248
00493 features=809 size=28 p=1 tap=42 reset=true scheme=3 ops=1,3,3,0,1,3,2,2,3,3,2,0,3,3,1,3,1,0,0,2,2,2,2,0,3,3,3,2,0,0,1,1,3,3,2,0,0,3,2,0,3,3,2,3,1,0,0,3,0,2,0,1,1,1,0,3,3,3,3,1,3,0,2,0 ks=250,0,0,0,126,0,91,0,0,66,114,112,0,168,0,166,0,24,0,0,202,0,0,213,255,0,101,135,0,0,0,222,0,100,0,0,145,60,0,0,17,0,0,0,0,143,3,0,182,76,0,82,220,0,171,0,25,0,0,171,0,0,0,0
00494 features=748 size=25 p=5 tap=26 reset=false scheme=2 ops=1,1,1,0,3,1,3,2,3,2,0,0,1,2,3,2,0,0,3,1,3,2,2,3,3,3,0,0,3,2,0,3,2,1,2,3,0,2,2,2,0,1,2,1,1,3,2,2,3,0,2,2,1,3,2,1,1,2,2,2,1,1,1,0 ks=84,0,0,0,92,0,88,129,0,0,0,65,56,0,0,202,79,111,0,51,22,237,159,0,208,0,0,0,0,98,0,0,109,0,0,0,0,114,224,0,0,156,0,193,0,0,0,22,0,79,164,0,53,0,0,0,0,0,0,0,64,0,0,0
00495 features=781 size=39 p=10 tap=34 reset=true scheme=3 ops=1,3,2,3,1,1,3,2,0,3,1,0,2,2,3,2,1,0,2,3,1,3,2,1,2,1,1,1,0,2,2,0,3,3,2,2,1,3,3,3,2,2,2,0,2,1,1,3,0,3,3,2,2,1,3,1,0,1,2,3,0,3,0,0 ks=224,189,32,199,179,17,75,59,0,123,0,169,0,0,225,67,0,0,218,145,0,0,0,91,0,0,0,203,0,72,0,60,0,255,231,0,0,223,242,132,0,0,84,0,63,169,0,214,87,192,56,75,10,192,0,0,90,0,28,110,163,0,105,102
00496 features=1036 size=64 p=10 tap=9 reset=true scheme=1 ops=0,0,2,0,2,2,1,3,3,3,2,0,1,1,0,3,1,1,0,1,2,1,0,3,2,2,3,2,1,1,2,0,1,1,1,1,0,1,2,1,2,0,1,1,0,1,2,1,3,0,1,2,2,3,1,3,1,1,2,1,2,3,3,2 ks=83,143,236,134,32,85,88,93,75,179,95,213,162,34,38,157,221,56,22,198,175,48,7,223,65,17,131,76,163,35,187,102,31,117,120,222,55,228,233,104,239,43,245,221,11,238,237,171,56,187,174,49,222,177,64,230,99,68,155,199,166,76,60,29
00497 features=991 size=63 p=5 tap=35 reset=false scheme=4 ops=2,1,0,1,1,1,2,0,3,3,3,0,0,2,1,1,3,2,2,1,3,1,2,1,2,3,2,0,2,0,2,0,3,2,3,3,3,0,2,3,1,2,3,3,1,3,2,3,0,0,0,1,1,1,1,3,0,3,1,0,3,2,1,0 ks=165,165,247,167,232,101,147,71,68,70,5,10,177,184,161,105,8,180,241,61,32,255,190,6,14,128,95,66,35,135,146,54,148,83,137,229,12,160,42,106,33,56,93,183,0,100,17,247,32,146,72,78,125,142,135,212,85,77,37,143,130,24,130,83
00498 features=796 size=27 p=2 tap=6 reset=false scheme=3 ops=3,2,2,2,0,2,3,0,3,2,0,1,0,1,1,1,2,3,0,0,3,0,3,1,3,1,0,3,1,1,0,1,3,3,1,1,1,1,3,1,0,0,1,0,1,0,0,1,1,2,2,3,1,3,1,0,2,3,0,2,3,2,2,2 ks=0,216,0,77,0,0,0,0,0,133,102,0,0,0,47,195,0,0,0,110,206,113,183,91,76,22,0,0,165,140,0,193,122,224,0,0,0,196,73,0,0,0,0,192,18,0,89,0,0,168,0,0,0,0,119,0,42,0,0,0,0,222,0,0
00499 features=826 size=39 p=2 tap=51 reset=true scheme=3 ops=3,0,2,0,3,1,2,3,2,2,3,1,2,0,1,0,0,3,1,2,3,0,3,0,2,2,2,1,0,3,1,2,1,0,1,2,1,2,3,2,0,1,1,3,3,3,0,2,0,3,0,1,3,3,0,1,1,0,1,3,0,1,1,2 ks=71,0,0,140,0,134,10,0,52,0,81,24,0,0,10,214,0,0,0,0,0,0,111,235,146,38,39,124,210,186,142,0,0,55,140,0,0,148,140,47,218,0,0,216,203,60,103,0,112,14,62,0,0,0,203,206,167,0,217,0,2,228,235,204
00500 features=657 size=20 p=2 tap=7 reset=false scheme=2 ops=0,1,3,1,2,2,3,2,2,3,2,1,2,0,1,1,2,0,3,3,0,1,0,3,3,0,2,1,2,0,0,0,2,0,0,0,2,1,0,0,1,1,2,1,3,1,3,0,3,2,3,0,0,1,3,3,2,0,2,3,3,3,3,2 ks=0,0,224,140,0,0,0,0,47,0,0,50,153,0,0,0,0,0,0,0,49,0,0,92,0,184,0,84,94,0,0,0,73,0,0,0,179,151,0,192,0,41,0,0,0,0,0,0,0,0,0,135,231,163,0,0,0,0,0,0,120,0,233,0
00501 features=1014 size=64 p=10 tap=34 reset=true scheme=0 ops=3,1,1,3,3,0,2,2,1,2,2,0,3,3,2,0,3,0,2,1,2,3,2,3,0,3,1,3,0,1,2,3,2,3,3,1,3,2,2,1,3,3,1,1,0,0,0,2,1,1,0,1,3,0,3,1,1,0,0,3,0,0,3,0 ks=166,120,145,92,251,15,209,95,68,31,235,205,11,255,202,189,249,33,135,74,192,198,92,126,21,90,233,214,106,170,24,69,46,230,131,71,171,56,250,118,163,118,66,176,211,23,69,71,239,247,150,63,9,79,221,87,137,186,225,245,245,234,117,37
00502 features=684 size=18 p=2 tap=34 reset=false scheme=5 ops=0,0,3,0,1,2,2,1,3,3,2,2,0,3,1,2,3,1,0,2,2,2,0,1,0,0,1,1,0,0,2,2,1,3,2,2,1,3,2,1,1,0,2,0,3,0,3,3,3,1,0,1,0,0,1,0,2,1,0,0,2,0,1,1 ks=0,0,0,0,0,128,0,0,0,0,40,136,183,42,128,0,0,0,0,61,121,0,192,0,0,154,249,0,0,0,124,0,0,0,197,0,43,0,0,0,0,0,0,0,0,0,200,7,0,0,0,0,0,136,0,0,0,0,55,0,0,0,0,0
00503 features=893 size=45 p=5 tap=35 reset=true scheme=3 ops=0,2,3,0,2,0,2,0,1,1,3,3,0,0,1,1,1,3,2,0,2,0,1,2,1,1,0,1,0,1,2,1,1,2,3,2,1,1,0,0,3,2,1,3,3,1,0,0,3,3,3,1,0,0,0,3,3,2,2,3,1,2,3,2 ks=15,0,82,0,19,0,228,150,236,0,227,29,232,141,116,218,177,2,225,226,0,0,108,0,218,0,134,0,9,0,95,41,0,19,77,0,0,61,0,0,108,0,34,217,227,121,0,172,243,171,0,78,169,30,0,243,146,5,251,170,118,10,183,134
00504 features=912 size=49 p=2 tap=10 reset=false scheme=2 ops=3,0,2,2,3,3,0,0,2,3,3,0,0,3,3,2,3,2,2,1,1,1,1,0,3,2,2,1,1,2,1,3,3,1,0,2,2,1,0,1,1,3,0,2,1,1,3,3,2,3,2,1,3,1,3,2,3,1,0,2,2,3,2,1 ks=148,160,164,149,244,161,0,11,66,1,68,162,77,166,0,181,114,39,111,57,5,0,0,133,11,0,81,39,162,155,136,0,126,0,95,105,210,201,0,0,0,0,192,127,224,207,175,24,0,53,241,213,41,88,230,0,165,213,196,0,149,0,3,203
00505 features=940 size=64 p=10 tap=44 reset=true scheme=3 ops=2,2,2,0,0,3,3,0,2,0,3,1,3,1,2,3,2,3,3,3,0,3,0,1,2,0,0,0,3,3,3,1,3,3,2,1,2,0,2,0,0,3,2,0,2,3,2,2,2,0,1,0,3,3,2,0,1,1,0,0,1,1,0,3 ks=108,132,249,149,18,108,148,135,16,24,135,117,57,111,121,90,254,33,109,58,209,47,160,60,247,215,157,253,105,28,79,243,195,137,101,183,104,220,33,12,90,222,125,6,115,62,145,164,94,82,126,205,235,70,160,16,255,95,102,221,103,98,226,220
00506 features=614 size=26 p=10 tap=43 reset=false scheme=3 ops=2,2,3,3,1,2,0,0,2,0,2,2,1,3,3,2,2,0,0,3,3,2,2,2,1,3,2,2,0,2,2,0,1,3,3,1,3,2,1,3,1,3,3,0,1,3,3,0,1,1,2,1,1,1,1,0,2,2,3,1,2,3,0,3 ks=0,234,0,13,28,0,0,0,106,0,134,171,0,151,0,0,101,0,0,204,0,5,217,0,0,0,0,214,0,0,0,0,0,0,0,126,0,0,0,0,0,175,40,232,0,0,176,65,0,0,80,0,66,0,32,199,123,0,202,0,0,94,136,0
00507 features=848 size=50 p=10 tap=47 reset=true scheme=3 ops=2,1,0,3,0,1,0,0,3,0,1,3,1,2,0,1,1,2,1,0,0,2,1,2,0,1,1,1,1,1,3,3,2,3,2,1,0,2,1,3,2,2,2,3,2,3,3,3,0,3,2,2,0,2,2,0,2,0,1,1,1,2,1,0 ks=81,0,0,14,240,162,19,206,21,0,157,219,242,168,167,214,98,102,207,0,232,93,60,127,0,205,206,140,76,0,7,232,0,0,231,207,4,0,225,0,17,0,35,7,200,207,17,138,179,207,127,226,229,135,73,221,206,151,208,0,0,253,0,153
00508 features=928 size=64 p=10 tap=36 reset=true scheme=3 ops=2,1,2,1,0,1,0,1,2,1,0,3,2,0,0,3,2,3,0,2,2,2,3,0,2,0,2,0,2,0,1,3,2,0,1,3,0,0,1,0,0,3,2,3,1,2,1,0,1,0,2,3,2,1,1,1,0,3,0,3,0,1,3,0 ks=45,234,7,71,184,90,198,11,147,7,215,118,111,79,108,38,154,203,13,125,202,66,186,155,240,194,163,195,69,5,39,195,164,40,67,253,8,137,51,142,93,63,54,162,130,2,149,159,192,149,66,103,24,77,182,168,3,201,194,143,8,106,181,5
00509 features=788 size=44 p=10 tap=46 reset=true scheme=3 ops=0,3,2,2,3,1,1,2,3,2,3,3,1,2,2,2,0,3,2,3,0,0,0,0,3,1,1,2,2,2,0,0,3,3,3,3,0,2,3,2,1,3,2,2,0,3,1,3,0,2,0,1,2,3,3,0,0,0,0,2,3,3,2,3 ks=124,67,116,178,0,213,25,97,0,0,187,0,115,169,97,150,38,0,0,107,232,87,21,0,71,0,0,125,0,241,33,195,0,0,113,194,80,150,0,235,65,13,46,0,163,124,0,225,189,0,50,0,84,0,57,238,48,0,129,17,0,213,86,136
00510 features=675 size=43 p=1 tap=29 reset=false scheme=3 ops=0,0,3,2,2,1,0,3,3,1,0,3,2,2,2,2,0,3,1,0,0,3,1,3,2,1,1,0,3,3,1,2,3,3,2,1,0,1,0,2,3,3,1,1,3,0,3,2,1,3,1,3,0,3,1,2,1,2,3,0,0,2,2,2 ks=82,0,177,197,138,42,193,0,0,208,154,197,0,17,89,0,213,95,0,0,0,90,242,0,0,191,0,210,198,47,237,45,77,0,228,40,236,0,0,241,225,27,240,143,0,0,129,0,21,116,0,188,139,20,206,253,0,55,84,153,0,0,114,245
00511 features=994 size=64 p=2 tap=31 reset=true scheme=3 ops=1,1,2,0,0,3,3,2,1,1,3,1,0,0,3,3,0,3,1,2,3,3,1,1,1,3,3,3,1,1,0,3,3,2,0,2,3,1,2,3,3,1,2,3,2,3,3,0,2,1,3,1,3,0,2,3,1,2,2,0,3,2,1,1 ks=115,141,59,192,119,55,161,145,166,110,17,141,139,90,119,148,101,124,196,173,47,99,98,165,229,148,25,86,36,11,80,15,223,135,164,68,253,143,4,108,217,205,208,72,178,235,163,203,60,149,114,100,220,216,49,215,36,59,213,46,96,212,196,78
00512 features=989 size=64 p=1 tap=8 reset=true scheme=3 ops=0,0,3,3,1,3,3,3,3,2,3,1,2,1,2,1,0,1,3,2,1,0,3,1,0,2,0,1,3,3,0,2,1,2,1,0,1,1,1,0,0,1,2,2,0,1,3,0,2,1,1,1,0,3,2,2,3,0,2,3,1,0,1,3 ks=116,25,234,194,229,37,243,162,178,175,38,86,4,2,108,239,225,186,42,217,172,28,17,146,148,49,192,232,99,239,117,152,58,71,126,91,40,187,72,30,76,116,224,144,109,124,150,44,4,34,17,71,169,74,140,247,49,58,176,243,122,66,112,207
00513 features=769 size=39 p=2 tap=8 reset=false scheme=3 ops=2,2,3,3,3,1,1,3,2,1,2,2,1,0,3,0,2,1,2,0,3,0,0,2,2,1,0,0,0,2,0,2,2,1,1,1,3,1,3,0,3,1,0,1,3,2,0,3,0,1,3,2,3,2,1,1,2,3,1,3,2,3,2,0 ks=0,0,0,0,44,0,17,0,97,0,0,0,0,43,89,120,0,0,0,181,42,0,43,193,138,0,254,219,122,0,170,33,210,232,0,0,0,179,181,54,0,81,145,209,109,200,54,100,83,189,0,93,236,53,241,150,0,86,0,18,138,0,69,0
00514 features=646 size=17 p=1 tap=24 reset=false scheme=2 ops=2,1,1,2,2,0,0,2,0,0,3,0,3,3,1,1,2,3,0,2,2,3,2,1,1,3,2,0,3,3,0,0,3,3,2,3,0,0,3,3,2,3,3,0,1,2,0,0,1,1,2,3,1,1,0,1,3,2,3,1,3,3,1,0 ks=0,0,0,0,0,0,96,0,0,0,0,0,215,0,0,0,0,0,0,227,0,0,0,0,0,126,0,0,100,0,252,0,0,0,17,0,0,164,183,146,0,125,236,0,0,0,0,0,0,0,152,0,75,0,0,101,0,0,82,158,0,0,0,0
00515 features=788 size=45 p=10 tap=47 reset=false scheme=2 ops=1,2,0,1,3,0,2,2,3,1,1,0,1,1,1,0,0,1,3,3,0,3,2,1,0,1,2,3,2,1,1,3,3,2,3,0,2,0,0,2,2,1,0,2,1,1,0,3,3,0,0,2,1,2,1,0,2,3,3,2,0,0,2,3 ks=0,49,117,178,192,165,163,38,168,0,253,152,0,57,0,165,238,0,0,91,237,0,149,94,50,0,175,0,0,96,247,104,151,0,165,142,180,98,59,0,45,222,63,77,234,193,11,183,194,135,0,217,13,241,63,0,118,0,99,239,0,0,0,0
00516 features=993 size=64 p=5 tap=50 reset=true scheme=3 ops=1,3,0,3,0,3,2,2,3,2,1,0,0,3,1,3,3,2,3,3,0,3,3,0,2,2,3,2,1,2,1,3,3,0,0,0,3,3,3,3,2,3,3,0,2,2,3,0,0,2,3,2,3,2,0,3,2,3,0,2,2,0,2,2 ks=161,51,8,197,81,231,203,57,180,245,112,3,91,131,190,149,48,16,255,89,67,174,222,107,82,41,164,224,147,86,105,177,113,148,148,75,163,121,181,102,119,73,255,29,113,247,103,193,66,46,63,235,76,219,175,59,77,44,199,229,245,75,83,75
00517 features=762 size=26 p=5 tap=3 reset=true scheme=3 ops=3,3,2,3,2,3,1,1,3,2,2,1,1,1,0,2,0,1,1,3,1,0,3,0,2,1,1,1,1,3,2,2,2,3,3,1,2,3,2,2,0,2,0,2,2,1,3,1,0,0,3,3,0,0,2,2,3,0,1,3,1,1,2,1 ks=0,0,0,0,0,116,0,163,0,235,0,135,9,40,0,0,232,0,0,135,162,78,174,240,0,203,0,98,0,0,3,0,228,18,134,0,0,0,0,0,0,0,0,12,0,24,0,0,218,172,0,0,0,0,0,147,0,0,0,83,157,0,0,149
00518 features=891 size=42 p=10 tap=37 reset=false scheme=5 ops=0,2,1,2,1,0,0,2,1,2,2,0,1,1,0,2,2,1,2,1,3,3,0,1,1,2,1,1,0,3,3,1,0,1,3,2,1,0,1,3,0,0,1,3,1,1,1,2,2,2,1,2,2,3,2,0,2,0,0,1,3,2,0,3 ks=230,0,241,171,139,0,202,180,0,0,78,14,121,67,109,0,134,194,148,0,1,198,0,10,154,42,217,81,0,116,0,224,0,221,0,78,144,0,0,0,0,102,14,0,0,203,59,0,40,210,22,208,157,93,0,100,124,102,0,0,0,46,231,60
00519 features=822 size=29 p=5 tap=8 reset=true scheme=3 ops=3,0,2,1,1,1,3,1,3,0,0,1,0,0,3,0,0,0,2,0,3,3,3,3,0,1,1,2,2,2,1,3,2,0,1,3,0,2,2,1,1,0,2,1,0,1,1,1,2,2,3,2,3,2,3,3,2,2,0,2,1,3,1,2 ks=251,128,197,73,0,0,132,0,85,0,0,0,0,107,52,0,50,0,0,0,0,20,0,0,211,0,78,0,0,0,214,156,0,0,0,220,0,206,117,54,0,0,0,0,191,0,161,201,0,8,181,0,4,0,0,0,83,127,0,0,59,0,32,8
00520 features=897 size=47 p=5 tap=24 reset=true scheme=4 ops=3,1,1,1,3,3,1,0,1,1,0,0,3,1,2,1,3,2,1,3,2,2,2,3,3,1,1,0,1,0,2,0,0,3,3,1,0,3,0,1,2,2,3,1,0,0,0,1,1,3,1,2,0,1,2,2,1,1,2,0,0,0,1,2 ks=65,0,186,146,130,209,219,214,0,0,121,135,204,0,106,0,103,164,84,80,0,0,118,240,229,54,30,211,58,253,154,0,212,0,145,215,123,243,0,148,0,40,159,0,215,8,49,0,53,0,37,47,0,117,0,107,74,239,75,177,239,0,182,129
00521 features=980 size=64 p=1 tap=37 reset=true scheme=3 ops=3,0,1,3,1,2,2,1,2,0,1,3,0,0,1,1,0,0,2,3,0,2,1,1,0,2,2,2,0,1,1,1,1,2,0,0,1,2,1,0,2,2,0,2,3,3,2,3,1,0,1,1,0,1,2,3,2,1,3,3,0,0,3,0 ks=85,6,59,7,171,123,15,140,194,47,207,122,203,61,147,82,208,165,79,177,219,60,40,220,8,47,6,130,67,139,150,8,46,183,157,108,23,193,63,99,45,107,96,224,46,231,201,23,109,196,21,55,55,112,213,253,94,244,135,224,165,63,42,12
00522 features=787 size=17 p=10 tap=10 reset=true scheme=4 ops=3,2,2,3,2,1,1,0,3,1,1,1,0,0,3,1,2,3,2,2,3,1,3,0,2,2,3,1,1,0,2,0,0,0,3,3,0,3,3,0,1,2,3,3,3,1,1,1,3,0,0,3,1,3,2,0,3,1,2,2,3,2,2,1 ks=213,0,0,0,0,0,131,168,0,0,97,169,0,0,0,0,0,0,95,0,0,0,0,248,0,186,0,0,0,0,0,0,95,0,0,0,0,114,0,0,0,0,0,0,161,0,0,222,0,0,199,0,165,0,0,0,0,56,247,0,0,0,193,0
00523 features=861 size=36 p=2 tap=19 reset=true scheme=3 ops=3,0,3,0,3,0,1,1,0,2,0,1,1,3,1,3,1,1,2,3,3,2,2,3,2,1,0,3,3,0,2,3,3,3,0,3,0,2,2,0,2,2,3,0,0,2,1,0,3,0,0,0,0,1,0,3,3,0,0,2,2,0,3,1 ks=64,72,0,199,222,17,36,0,0,0,18,0,189,90,248,0,0,71,0,73,3,0,0,58,0,0,65,69,0,0,0,229,0,17,10,208,0,0,24,171,0,34,0,63,0,0,19,204,193,0,0,245,109,0,45,0,0,0,131,112,185,167,244,14
00524 features=817 size=39 p=2 tap=23 reset=false scheme=2 ops=3,2,1,3,3,0,1,1,2,2,2,1,3,0,1,2,0,0,2,3,3,3,3,1,1,2,0,1,0,0,2,2,2,0,3,2,3,1,1,1,2,0,3,2,0,1,3,3,1,1,3,2,2,2,0,1,1,0,1,1,3,1,3,0 ks=42,227,0,15,0,0,195,58,82,54,0,0,0,77,201,0,0,0,0,254,5,0,63,68,75,183,0,40,217,145,0,7,61,0,5,187,0,0,0,0,23,178,46,0,75,31,200,81,252,0,77,114,0,48,95,0,219,0,0,217,208,103,0,101
00525 features=649 size=26 p=5 tap=57 reset=false scheme=3 ops=2,3,0,2,2,2,0,1,0,2,2,2,1,1,1,1,2,0,3,0,0,3,1,2,2,3,0,1,1,0,3,3,0,2,1,2,1,2,3,1,0,1,3,2,3,3,1,0,3,2,0,3,3,1,1,3,0,2,0,2,3,3,1,2 ks=97,68,22,0,0,0,77,112,0,250,39,0,205,216,138,0,0,0,0,0,0,88,0,46,0,93,0,0,0,183,0,127,202,0,87,0,0,202,74,0,0,0,79,0,0,0,0,0,0,0,0,0,0,0,0,67,191,0,104,32,0,0,40,152
00526 features=854 size=38 p=10 tap=26 reset=true scheme=3 ops=3,0,1,2,2,1,3,1,0,1,0,3,1,1,1,3,3,0,2,3,1,2,3,2,2,2,0,0,3,3,2,2,3,1,1,2,0,2,3,0,2,0,1,1,2,0,0,0,1,2,1,0,2,2,2,2,3,1,1,3,0,0,2,2 ks=85,253,77,240,75,243,0,0,0,122,110,249,0,0,104,0,104,0,0,89,0,0,220,13,129,0,1,242,0,143,0,0,163,0,5,172,237,0,59,0,0,0,113,225,209,0,13,116,0,33,242,20,0,206,0,101,147,68,42,0,216,0,59,0
00527 features=893 size=43 p=10 tap=57 reset=true scheme=3 ops=0,0,3,2,0,0,0,1,1,0,3,0,2,0,0,3,0,2,0,2,1,1,2,3,1,2,0,3,0,1,3,3,0,3,3,1,2,2,1,1,1,1,0,2,3,3,0,0,1,3,2,2,3,2,0,2,3,0,3,2,0,3,0,3 ks=169,0,81,48,0,66,80,69,0,0,250,198,77,0,44,0,0,115,0,85,0,122,0,27,0,64,70,0,92,180,0,128,117,248,65,163,64,255,204,0,131,255,50,228,204,108,179,81,35,0,0,33,227,0,90,0,0,197,140,0,6,0,145,15
00528 features=794 size=24 p=5 tap=45 reset=false scheme=3 ops=2,1,3,1,1,1,0,3,2,3,3,1,0,0,3,1,3,1,0,2,2,1,1,3,2,3,1,2,2,1,1,0,2,3,0,2,0,0,0,3,3,2,3,2,0,2,3,2,2,3,0,0,3,0,0,0,3,3,2,0,1,2,2,1 ks=49,0,0,72,0,30,0,31,0,0,253,115,0,0,0,163,0,2,127,0,0,0,239,203,0,0,243,0,126,132,29,0,227,0,0,0,0,0,0,0,0,0,0,90,0,0,209,157,0,86,0,0,0,0,10,0,196,0,60,226,0,0,0,0
00529 features=714 size=17 p=5 tap=61 reset=true scheme=3 ops=2,2,3,1,0,0,0,3,3,0,2,1,0,1,2,1,1,2,2,1,3,1,1,2,3,1,1,0,2,1,2,0,1,2,1,3,2,2,3,2,3,3,1,3,0,2,2,1,0,3,0,2,3,1,0,1,2,3,3,1,2,3,2,2 ks=0,194,0,0,0,59,0,0,0,0,0,0,134,78,0,0,36,0,0,0,0,0,0,0,0,0,0,0,0,0,0,0,0,149,0,0,0,74,0,0,186,0,217,0,150,0,0,0,0,213,32,107,0,0,0,10,130,0,0,0,0,20,234,0
00530 features=816 size=39 p=5 tap=43 reset=false scheme=2 ops=1,0,3,1,2,3,3,3,3,1,2,2,3,2,0,0,0,3,0,3,3,2,3,2,1,1,3,3,0,3,3,0,3,3,0,2,2,0,2,2,0,3,1,0,2,1,3,0,2,3,3,0,0,3,0,2,0,0,1,0,0,2,3,0 ks=0,148,184,0,68,31,194,0,0,0,185,114,93,0,201,195,4,49,187,137,66,216,35,0,0,103,248,52,58,107,129,0,171,0,0,0,32,0,105,0,140,11,228,0,146,172,46,148,11,0,0,0,0,0,243,123,0,0,0,228,0,183,0,88
00531 features=810 size=39 p=10 tap=61 reset=true scheme=3 ops=0,2,0,3,2,3,2,3,1,0,1,2,0,2,2,3,0,2,3,2,2,1,3,1,1,2,1,2,3,2,1,3,3,1,1,1,0,3,3,2,3,0,2,3,2,0,1,0,0,0,0,3,1,0,0,3,2,0,2,0,1,3,0,3 ks=0,41,0,0,0,83,0,0,0,0,240,0,71,0,12,203,0,171,0,75,250,108,212,110,0,85,24,202,78,200,0,13,0,180,246,0,238,0,98,139,161,0,32,0,0,250,0,0,0,181,38,164,62,146,231,0,169,123,222,0,116,208,82,76
00532 features=983 size=64 p=10 tap=2 reset=false scheme=0 ops=0,3,3,1,3,3,3,3,3,2,2,2,2,0,2,2,0,0,0,1,3,2,3,3,1,1,1,0,3,1,1,2,1,0,0,2,1,3,1,0,0,1,3,1,2,2,1,1,1,2,3,3,1,1,2,3,3,0,1,2,2,3,0,1 ks=252,56,67,147,98,123,108,172,188,245,247,238,250,236,68,146,89,225,221,134,68,136,109,102,22,255,114,165,222,183,50,28,88,165,150,186,182,143,254,131,52,45,6,173,59,90,86,194,105,60,187,206,19,251,7,222,211,3,124,70,53,130,67,201
00533 features=735 size=16 p=1 tap=52 reset=true scheme=3 ops=3,2,3,2,3,1,1,1,3,3,1,1,1,0,2,1,0,3,2,1,0,2,3,2,1,2,1,1,3,0,1,1,0,3,2,2,2,0,3,1,2,2,0,0,2,2,0,1,1,3,2,0,3,2,3,0,2,0,3,0,3,3,1,2 ks=0,19,0,0,0,0,0,68,0,183,0,0,0,0,0,0,0,163,177,52,169,0,0,0,0,66,0,84,0,214,0,0,0,90,0,0,0,0,0,0,194,0,137,0,0,0,0,0,70,0,0,0,18,0,0,0,0,0,0,0,0,0,0,109
00534 features=810 size=24 p=10 tap=9 reset=true scheme=4 ops=3,1,1,1,2,0,0,3,3,3,2,1,2,3,1,0,1,2,3,0,1,0,2,3,3,0,0,2,3,2,3,0,1,1,0,0,1,2,2,0,2,0,2,3,1,2,1,0,0,3,1,1,0,1,1,3,3,3,3,2,2,0,0,1 ks=0,0,0,0,0,0,0,187,155,205,246,79,0,0,0,0,0,0,120,109,0,0,0,0,0,57,93,178,0,0,0,0,0,0,0,147,255,251,0,82,41,87,35,0,0,0,147,90,0,210,0,0,57,0,0,0,0,0,194,151,0,0,0,123
00535 features=924 size=63 p=10 tap=20 reset=true scheme=3 ops=2,0,2,1,2,3,0,1,3,0,2,3,2,0,0,0,0,1,0,2,2,1,3,1,0,0,1,3,0,0,1,3,3,0,0,1,0,2,3,3,1,1,1,3,3,3,1,3,2,2,2,3,3,3,1,1,2,1,2,1,1,1,0,0 ks=236,244,247,190,226,183,81,146,195,243,109,102,150,179,248,68,245,234,90,33,243,204,158,21,208,0,91,246,209,131,50,187,188,164,63,45,210,126,37,13,228,150,198,115,198,216,174,53,117,40,72,170,28,10,196,138,225,158,85,110,191,66,246,145
00536 features=970 size=64 p=10 tap=33 reset=false scheme=2 ops=1,0,3,0,0,0,2,1,0,0,1,2,2,3,3,1,3,2,2,1,1,2,0,3,0,1,0,0,2,2,0,3,3,3,0,1,3,2,3,0,0,2,0,2,3,1,1,3,3,1,1,2,0,3,3,1,1,2,2,1,1,1,0,2 ks=9,34,142,19,138,165,36,168,206,236,70,7,243,200,236,53,180,125,163,201,145,78,204,78,123,30,142,78,154,3,102,128,39,193,211,231,53,109,222,215,231,146,132,59,71,185,254,128,60,72,136,187,242,89,21,45,51,186,31,200,62,216,93,31
00537 features=877 size=45 p=2 tap=36 reset=true scheme=3 ops=1,0,1,1,0,0,2,2,3,3,0,1,3,0,1,1,1,0,2,0,3,1,0,3,3,3,0,1,0,1,0,2,0,1,0,0,3,0,0,0,0,1,2,0,2,1,0,1,0,0,1,3,1,2,1,2,2,3,0,0,0,1,1,1 ks=114,0,201,219,0,149,155,238,191,248,143,0,121,189,0,0,142,0,0,0,88,230,0,147,195,220,0,143,77,67,193,0,109,0,144,0,144,0,78,248,207,245,0,148,175,88,67,169,51,247,0,0,31,54,164,0,135,204,180,0,171,109,255,50
00538 features=884 size=42 p=10 tap=33 reset=false scheme=4 ops=2,1,1,0,0,2,1,0,1,0,0,2,2,0,0,2,1,2,0,1,1,1,0,0,3,3,0,1,3,1,3,3,3,1,3,1,2,1,2,1,0,2,0,3,2,0,2,3,1,2,0,3,0,1,2,1,2,0,1,0,1,0,3,1 ks=0,0,120,0,0,240,29,93,0,48,0,29,10,0,0,0,201,129,78,16,10,0,67,139,251,0,34,29,133,0,0,150,0,107,73,92,152,67,158,186,189,226,0,210,0,53,0,0,107,109,116,0,84,255,251,111,52,0,164,0,19,37,250,0
00539 features=812 size=20 p=5 tap=18 reset=false scheme=1 ops=1,2,2,0,2,2,0,0,3,2,1,0,0,0,3,2,1,2,3,1,3,0,3,3,2,2,0,3,1,1,3,2,1,2,0,1,2,1,3,2,0,1,0,1,0,1,2,2,2,0,0,2,2,1,1,3,2,0,3,0,2,2,0,0 ks=0,0,0,0,0,0,0,0,0,0,199,0,0,149,122,0,56,0,8,0,0,0,0,3,98,129,0,0,159,36,0,0,0,179,0,0,101,0,222,0,210,0,0,0,0,215,0,0,0,0,0,0,159,0,0,132,0,0,87,45,0,184,0,0
00540 features=554 size=17 p=1 tap=49 reset=false scheme=4 ops=2,1,2,0,2,3,1,3,1,0,1,1,0,0,2,3,1,3,1,0,2,1,3,3,2,3,3,2,1,0,1,1,2,3,0,2,3,2,0,1,3,3,3,2,1,0,0,0,0,3,1,3,1,1,1,3,3,2,2,0,2,0,1,0 ks=0,0,0,0,0,0,0,0,0,58,195,0,0,0,226,231,0,52,0,245,0,0,0,0,85,0,0,0,0,0,37,0,193,0,0,0,29,0,0,0,0,8,0,59,0,0,0,176,153,0,0,0,0,0,238,0,0,0,0,0,0,156,0,150
00541 features=730 size=25 p=1 tap=35 reset=true scheme=3 ops=0,1,3,1,1,0,3,3,1,0,3,1,0,2,3,3,0,2,2,3,3,0,3,0,1,1,0,0,1,3,3,3,2,1,3,0,0,3,1,2,3,2,2,1,3,1,1,0,2,1,0,3,2,0,2,3,1,1,1,1,2,2,2,3 ks=0,88,0,0,147,0,224,0,0,0,54,0,0,210,0,0,254,0,0,0,0,61,48,161,0,0,0,18,0,0,125,0,0,40,250,0,0,0,183,0,141,0,0,0,0,0,126,0,37,0,115,0,0,0,13,0,110,162,0,0,135,8,73,155
00542 features=821 size=13 p=2 tap=50 reset=true scheme=3 ops=2,1,2,2,2,1,0,0,0,0,1,1,3,3,3,1,3,0,1,2,0,1,1,0,2,2,0,3,3,1,3,3,3,0,0,0,2,2,1,3,1,3,3,0,1,2,2,2,2,2,3,2,1,3,0,1,0,0,2,0,2,3,3,1 ks=172,93,0,0,0,0,0,0,151,0,210,0,0,0,0,0,0,0,223,0,0,165,0,0,0,0,0,0,0,0,0,0,243,0,0,49,0,0,0,36,0,0,0,0,0,0,0,0,0,0,119,0,0,0,142,0,0,0,0,0,152,178,0,0
00543 features=859 size=44 p=1 tap=5 reset=false scheme=3 ops=0,1,3,3,3,3,0,1,1,1,1,0,1,0,3,2,1,3,0,0,2,0,0,3,3,2,2,0,2,2,1,1,3,3,1,0,0,2,1,2,2,0,2,3,3,1,3,1,1,1,1,3,2,3,3,1,0,0,2,1,2,3,1,0 ks=142,163,255,250,122,31,0,165,226,106,92,107,157,0,92,193,0,0,0,0,0,150,106,0,36,0,218,15,0,49,57,113,7,240,6,128,79,0,37,0,0,221,11,97,42,0,29,65,66,2,101,249,0,163,0,0,237,0,213,187,0,0,35,194
00544 features=755 size=22 p=2 tap=35 reset=true scheme=3 ops=2,0,0,0,2,2,1,2,1,0,3,2,3,3,1,0,3,3,2,2,3,3,0,1,1,3,3,2,0,1,1,0,1,1,2,1,0,0,3,2,1,1,2,1,0,0,3,3,0,2,2,1,3,1,2,0,0,2,1,0,0,2,2,1 ks=0,146,29,250,135,113,0,106,0,0,0,0,0,0,95,0,0,0,31,0,36,158,0,0,22,59,198,45,14,0,0,0,0,0,0,0,0,0,224,0,229,0,144,0,64,0,0,0,0,0,0,0,0,0,171,61,0,189,0,0,0,0,0,0
00545 features=477 size=22 p=1 tap=57 reset=false scheme=5 ops=0,0,2,3,2,0,2,1,0,3,1,0,0,3,3,2,0,2,3,3,1,1,1,3,3,0,2,3,3,3,3,0,3,3,2,3,2,1,3,3,0,0,3,3,3,2,3,2,0,2,1,3,3,0,3,2,3,2,1,2,0,1,3,1 ks=29,0,0,0,0,0,0,0,0,122,166,110,0,0,0,0,0,123,0,147,0,33,249,0,0,61,216,0,0,0,0,193,0,254,0,0,82,0,0,0,189,196,0,0,0,0,0,250,0,247,8,0,0,129,0,0,50,65,122,0,0,0,0,0
00546 features=866 size=39 p=5 tap=14 reset=true scheme=3 ops=0,0,1,0,1,1,0,1,3,0,2,2,2,1,2,0,2,1,1,1,0,3,1,0,1,1,3,2,0,3,0,0,2,1,1,1,2,2,2,2,2,2,2,0,2,3,3,1,3,2,1,1,1,2,3,0,1,2,0,3,1,1,0,0 ks=237,0,0,87,0,0,151,84,142,0,0,178,213,255,0,194,0,77,45,0,64,205,18,155,35,107,16,74,0,99,202,106,50,68,0,0,0,67,0,0,0,49,70,0,0,226,241,96,0,0,47,124,140,0,105,41,74,0,204,0,24,0,167,0
00547 features=733 size=25 p=2 tap=17 reset=false scheme=3 ops=2,3,2,2,1,1,1,1,2,2,1,3,1,3,0,3,1,2,3,2,3,3,3,2,3,3,1,1,2,3,1,1,1,2,3,1,1,3,0,1,0,2,3,3,2,3,2,1,0,0,1,3,3,0,0,0,3,3,2,2,1,2,0,3 ks=0,0,95,0,0,0,0,0,81,0,0,0,48,0,0,0,0,212,191,0,227,0,170,40,0,0,0,0,0,0,0,0,115,181,152,76,36,0,148,206,0,180,154,106,0,0,146,0,0,0,0,0,0,0,99,25,0,82,79,0,0,0,189,174
00548 features=658 size=28 p=10 tap=0 reset=false scheme=2 ops=0,0,1,2,2,1,0,3,1,1,3,0,1,0,2,1,0,3,3,2,2,0,1,3,0,3,0,3,3,1,3,3,1,1,1,2,0,0,2,3,2,2,0,3,2,3,0,0,3,3,3,0,1,3,3,2,0,3,2,1,1,3,1,3 ks=99,0,95,0,0,0,164,0,222,0,190,124,0,0,0,84,81,0,0,0,0,0,0,0,240,43,0,180,232,0,0,11,55,229,10,0,61,0,0,0,63,37,0,0,58,0,0,0,70,0,10,89,212,0,0,25,0,0,14,0,98,203,0,0
00549 features=666 size=22 p=10 tap=5 reset=false scheme=3 ops=3,2,3,3,3,1,2,3,0,0,1,0,1,1,0,1,0,3,3,2,2,1,2,3,1,2,3,2,2,1,1,3,3,2,0,0,3,2,2,1,1,3,1,2,2,2,0,0,3,1,2,2,3,2,1,3,0,1,0,1,3,0,2,3 ks=172,0,0,154,0,0,111,112,159,0,0,0,150,0,0,0,0,41,0,0,76,0,0,149,0,188,0,0,0,79,0,200,0,0,0,0,0,0,0,82,33,85,153,11,249,0,0,0,104,0,98,0,0,28,0,22,0,0,0,0,0,0,0,0
00550 features=818 size=43 p=2 tap=21 reset=true scheme=3 ops=0,0,3,2,3,1,3,2,1,1,3,3,1,3,2,2,1,2,3,3,3,3,1,2,2,2,1,1,0,2,1,3,2,3,2,1,1,0,3,3,2,3,0,0,0,2,0,1,2,0,1,2,2,3,2,2,1,2,0,3,2,3,3,3 ks=151,110,0,233,0,0,41,163,0,0,0,161,88,0,0,75,0,65,0,0,228,11,239,252,181,0,183,174,67,255,0,38,4,0,2,4,187,0,248,226,91,210,195,0,171,121,31,94,107,0,52,198,0,14,0,221,0,224,194,169,0,104,10,175
00551 features=981 size=64 p=5 tap=26 reset=true scheme=3 ops=1,0,0,2,1,3,3,0,3,0,3,3,2,3,3,1,1,0,1,0,1,2,0,2,0,1,2,1,3,3,3,0,2,2,3,3,0,1,2,3,3,1,1,1,2,3,1,3,2,0,1,3,0,1,1,0,2,3,3,0,1,2,0,2 ks=151,92,154,144,81,209,9,78,32,242,159,237,183,83,93,100,200,45,142,58,49,248,188,74,110,154,99,204,173,106,42,195,224,90,31,212,59,104,229,215,78,208,25,244,239,92,124,148,207,212,127,56,90,74,159,49,89,185,18,149,169,162,29,87
00552 features=986 size=63 p=1 tap=8 reset=true scheme=3 ops=0,1,2,1,0,1,3,3,3,0,1,0,1,1,0,0,2,1,2,1,3,2,3,1,3,3,3,0,1,2,1,2,1,1,3,3,1,0,2,0,0,2,2,0,3,3,0,3,0,1,1,0,2,3,3,1,0,1,3,0,3,3,3,0 ks=23,124,120,248,59,184,145,210,8,139,105,178,164,184,85,215,16,169,178,104,64,0,182,12,137,53,175,16,52,24,6,173,95,194,22,118,233,89,8,160,21,204,49,75,26,66,157,91,111,68,181,3,234,211,215,70,132,37,198,135,47,175,47,224
00553 features=909 size=44 p=10 tap=37 reset=true scheme=1 ops=3,0,3,1,1,2,2,3,2,2,3,3,2,1,0,2,2,1,2,1,0,0,1,2,2,1,3,3,3,3,1,0,1,0,2,3,1,1,1,2,2,2,2,3,3,2,1,1,2,0,2,3,2,2,0,1,1,3,0,0,2,3,2,2 ks=254,146,0,92,238,66,140,132,72,0,235,0,38,176,144,169,0,0,13,0,0,0,181,160,241,0,3,126,225,98,73,0,0,144,9,0,43,172,0,251,105,113,192,0,182,50,79,73,94,66,0,3,0,101,0,90,7,0,41,0,82,203,0,229
00554 features=625 size=17 p=5 tap=11 reset=true scheme=3 ops=3,1,0,0,3,0,3,2,3,2,1,3,1,2,0,1,3,2,0,1,3,3,2,2,1,0,3,2,2,2,2,2,3,3,1,2,1,1,2,1,2,0,1,0,1,0,1,1,1,3,2,0,1,1,2,0,2,1,1,0,0,0,1,1 ks=0,0,0,0,0,245,157,0,0,0,0,0,28,183,0,119,0,0,0,0,0,0,54,0,0,122,0,233,77,0,0,123,0,0,0,0,0,0,0,1,0,72,0,0,0,0,207,0,0,0,138,149,0,0,0,0,0,0,0,252,0,87,0,0
00555 features=954 size=64 p=2 tap=28 reset=true scheme=3 ops=2,0,3,3,1,3,3,2,2,2,0,1,2,2,1,0,0,1,2,1,1,3,3,0,2,3,3,3,2,3,2,1,1,3,3,3,1,1,1,0,1,0,2,3,2,0,1,2,3,2,0,3,1,0,3,1,1,2,0,2,2,2,0,2 ks=55,148,103,33,197,148,148,7,201,246,255,234,153,101,208,176,17,2,69,250,243,2,40,8,62,165,12,212,142,201,240,200,188,7,155,59,168,201,90,114,168,226,151,243,115,3,59,167,35,42,190,46,243,216,61,4,95,41,132,94,162,244,222,212
00556 features=765 size=21 p=10 tap=13 reset=true scheme=3 ops=2,2,2,1,3,0,3,0,0,1,0,1,0,3,2,2,2,3,1,2,1,1,0,3,2,2,3,0,2,1,2,0,2,0,3,0,0,2,2,0,2,1,3,3,3,1,3,2,0,2,3,3,0,1,0,0,1,2,1,3,3,1,1,2 ks=0,147,0,0,0,15,141,0,4,0,0,0,0,227,0,104,188,217,0,0,0,0,0,0,0,0,0,0,0,10,87,83,0,0,72,0,136,16,176,0,0,0,0,78,0,0,0,0,0,0,0,0,0,0,205,143,71,0,10,0,0,0,248,0
00557 features=949 size=64 p=10 tap=52 reset=true scheme=3 ops=3,0,3,0,1,1,2,1,1,3,0,0,1,1,3,1,3,3,0,0,2,1,0,3,2,2,2,2,1,0,1,1,1,0,3,0,2,1,2,2,3,0,2,2,0,2,3,0,2,3,3,2,3,0,0,3,1,0,2,3,3,3,0,3 ks=12,51,4,207,243,66,138,16,133,190,25,48,131,227,96,248,6,191,122,155,61,6,6,38,116,18,56,203,134,46,186,43,170,61,232,5,197,168,141,36,116,206,243,9,173,89,55,171,157,15,178,33,174,170,196,38,113,11,124,109,242,150,37,96
00558 features=876 size=42 p=1 tap=10 reset=false scheme=1 ops=2,3,0,0,1,1,0,2,3,1,3,2,1,3,3,1,0,0,2,1,2,2,1,3,2,0,1,0,1,1,2,2,0,0,2,2,0,0,1,0,3,2,2,1,0,1,0,3,1,1,0,0,0,2,3,3,1,1,3,2,2,0,1,2 ks=45,0,0,245,49,191,50,0,0,0,55,0,222,0,0,0,0,0,0,0,44,51,21,137,0,85,99,0,239,0,11,200,225,212,182,4,0,70,150,130,242,76,0,0,211,221,122,50,149,41,3,84,1,0,0,157,39,0,99,229,82,83,65,32
00559 features=952 size=64 p=10 tap=58 reset=true scheme=3 ops=1,1,2,2,3,1,2,2,1,0,2,1,0,2,0,0,3,1,0,3,0,0,2,1,2,0,0,0,3,0,3,2,1,2,1,2,0,2,2,2,1,3,1,2,2,0,0,2,2,1,3,3,2,2,2,2,3,2,3,0,1,0,2,2 ks=153,6,141,118,129,32,76,157,168,109,96,164,43,155,158,67,26,152,5,24,135,184,17,247,66,43,233,159,100,139,58,120,64,117,100,242,121,230,160,29,110,193,240,202,105,19,245,81,114,89,217,226,45,195,64,113,3,32,122,152,141,30,68,86
00560 features=658 size=19 p=10 tap=37 reset=false scheme=4 ops=0,3,0,0,0,2,3,3,2,1,2,0,0,1,1,2,1,1,2,3,2,1,0,3,3,0,2,3,3,3,1,2,1,0,3,2,1,1,0,3,0,0,2,3,2,3,1,0,2,1,1,1,1,3,0,2,0,2,0,1,2,3,3,0 ks=250,246,0,0,0,0,0,0,164,0,3,0,84,0,89,0,0,0,0,0,97,0,0,0,0,8,0,138,0,0,186,79,0,0,0,0,0,9,0,0,0,0,0,0,0,0,236,117,78,0,0,0,0,0,0,0,181,0,0,0,0,175,103,81
00561 features=628 size=18 p=2 tap=46 reset=false scheme=3 ops=0,0,0,1,0,3,3,1,1,1,3,2,0,0,1,0,1,0,0,1,2,0,1,3,0,3,1,2,3,2,3,3,2,1,2,1,0,1,1,3,3,3,1,2,3,0,1,0,3,3,1,1,1,0,0,3,0,2,3,0,1,0,3,3 ks=0,0,0,0,0,0,0,3,0,0,0,0,0,0,0,187,68,0,11,0,0,239,0,0,0,0,0,161,0,212,198,194,0,0,0,0,0,170,0,0,0,0,0,0,0,72,0,0,0,35,207,84,0,241,200,0,0,0,0,0,0,0,192,42
00562 features=805 size=19 p=5 tap=14 reset=true scheme=3 ops=2,1,1,1,0,1,1,2,2,1,2,1,0,2,0,1,2,1,3,3,0,2,3,3,2,2,2,0,0,0,1,1,2,0,3,2,2,3,3,0,3,2,1,0,2,1,2,2,1,3,0,0,0,0,0,1,2,0,3,2,2,2,0,2 ks=0,70,0,0,79,228,0,0,0,0,0,0,0,0,0,0,0,119,240,139,0,204,0,0,0,0,59,0,0,248,74,0,0,0,35,0,0,0,0,180,14,0,0,0,0,253,0,13,0,235,40,0,0,0,85,0,0,0,0,0,0,0,0,13
00563 features=619 size=20 p=5 tap=36 reset=false scheme=5 ops=3,3,1,1,3,0,0,0,1,1,1,2,0,0,1,2,1,0,3,3,3,0,0,3,2,1,1,3,2,1,1,2,3,3,3,0,0,3,0,3,3,1,3,2,1,3,2,0,3,3,2,1,2,2,3,1,3,2,3,1,0,0,3,0 ks=0,29,0,0,0,0,114,155,229,0,0,0,0,182,0,246,0,9,0,27,0,175,0,0,0,0,0,205,0,0,0,216,65,0,255,0,0,0,0,0,228,0,0,56,0,93,0,158,0,0,0,0,0,0,0,0,38,9,246,0,0,0,0,0
00564 features=664 size=38 p=10 tap=22 reset=false scheme=3 ops=2,3,3,2,3,0,2,3,3,3,1,0,2,3,0,1,1,3,0,0,3,1,1,1,0,2,1,3,3,3,2,3,0,3,3,0,0,0,2,2,2,3,0,1,2,3,3,2,3,0,0,0,3,1,0,0,0,0,0,1,1,0,1,0 ks=248,220,113,222,0,13,109,0,16,57,205,248,144,0,249,119,0,29,131,135,0,253,0,190,0,102,0,149,167,0,0,64,0,0,0,28,0,0,82,0,0,228,187,22,0,0,138,0,37,0,167,251,111,248,46,0,5,84,186,0,0,0,67,0
00565 features=930 size=39 p=2 tap=21 reset=true scheme=2 ops=2,0,3,3,3,0,3,0,2,1,1,0,0,0,3,3,1,3,0,2,3,3,3,0,0,3,1,2,1,3,1,0,0,1,0,3,0,0,1,0,1,3,2,3,0,1,2,3,0,2,3,3,3,0,1,3,1,2,3,2,1,1,3,1 ks=0,0,255,0,219,65,0,0,0,0,240,0,164,232,0,189,166,0,32,20,0,21,18,0,117,254,166,224,0,206,221,218,183,182,110,0,0,83,131,14,97,93,0,0,0,182,0,0,210,192,0,0,193,31,36,102,0,0,139,51,127,0,114,73
00566 features=845 size=39 p=10 tap=44 reset=true scheme=3 ops=0,3,1,2,0,2,3,0,2,2,2,0,3,0,1,1,2,1,0,1,3,2,2,0,0,0,1,3,2,2,1,2,2,3,1,3,1,0,2,1,0,3,2,3,2,2,0,2,0,0,2,3,0,1,1,1,0,0,3,0,1,2,3,1 ks=0,223,99,0,64,0,0,223,49,0,0,3,130,67,190,0,184,61,95,0,62,124,0,0,60,248,0,75,2,0,0,100,161,191,243,0,0,0,81,0,200,217,220,16,202,42,232,0,118,0,162,209,103,0,0,0,7,0,234,65,145,0,0,175
00567 features=711 size=29 p=5 tap=9 reset=false scheme=5 ops=0,1,2,3,2,0,1,1,3,3,3,2,0,3,2,3,1,3,0,3,0,3,2,3,0,0,2,3,2,3,2,2,1,1,3,1,0,3,3,3,2,3,1,0,3,2,3,2,1,0,2,0,1,3,1,1,0,0,1,0,1,0,0,1 ks=132,153,0,0,0,0,0,133,5,19,0,246,0,79,250,59,142,0,0,83,0,0,117,0,216,111,0,0,0,13,118,88,0,0,211,0,0,0,166,93,0,0,28,7,0,0,206,0,29,0,236,0,0,54,0,0,0,0,0,248,140,0,237,0
00568 features=760 size=25 p=10 tap=43 reset=false scheme=0 ops=1,2,2,3,0,2,0,1,1,1,3,0,3,2,1,2,3,3,0,1,3,0,3,2,1,0,0,2,0,1,2,0,3,2,0,3,0,3,3,3,1,1,2,1,2,3,3,1,2,0,2,2,2,0,0,3,3,2,3,1,1,3,2,2 ks=0,0,0,0,0,207,0,0,0,34,84,30,85,40,0,0,112,243,0,0,0,0,27,203,30,0,0,140,0,0,99,7,0,0,8,34,122,0,248,176,192,0,0,0,0,0,0,130,0,66,0,0,0,0,0,0,0,0,156,0,242,0,0,80
00569 features=813 size=37 p=10 tap=34 reset=false scheme=2 ops=1,0,2,2,1,3,1,0,0,0,2,0,0,0,0,0,2,1,0,1,0,0,0,3,3,1,3,2,3,1,3,0,0,3,2,3,2,2,3,3,2,1,3,0,0,1,0,3,0,2,1,1,3,0,1,3,2,2,0,1,1,0,2,1 ks=21,45,0,81,7,0,0,0,176,182,0,0,0,121,0,0,153,245,109,119,240,0,0,248,176,0,0,44,0,113,84,217,16,0,33,209,92,0,220,206,0,0,76,0,147,0,5,0,158,100,246,124,219,0,94,186,0,0,0,0,161,149,0,244
00570 features=933 size=64 p=10 tap=10 reset=true scheme=3 ops=3,2,2,1,2,0,1,2,0,3,3,0,0,0,2,0,0,3,3,1,3,1,2,1,2,1,2,1,1,2,2,3,3,2,0,0,2,2,2,3,0,2,1,0,1,1,3,0,1,3,2,2,2,1,1,2,0,0,2,2,0,0,0,1 ks=52,179,224,219,1,42,248,114,20,78,17,201,130,245,106,200,189,221,24,38,130,23,88,74,1,197,4,52,73,114,57,239,5,127,183,49,254,200,98,27,35,176,114,135,145,229,153,181,124,141,243,214,29,217,114,28,131,152,202,200,168,114,202,215
00571 features=995 size=64 p=10 tap=4 reset=false scheme=0 ops=2,3,2,3,3,2,2,3,3,1,1,2,1,1,3,2,1,0,3,2,0,1,3,3,0,0,0,3,1,3,1,2,2,2,3,3,1,0,3,1,2,2,0,3,2,0,0,0,3,1,1,0,1,1,1,2,0,2,0,0,3,1,1,1 ks=211,97,33,155,196,157,230,103,52,64,36,66,157,253,219,179,75,155,103,121,92,166,118,128,124,165,58,25,188,101,76,65,25,248,242,140,138,34,7,169,142,84,114,96,163,65,137,68,157,4,110,62,235,1,254,164,191,23,195,185,189,248,112,161
00572 features=668 size=23 p=2 tap=39 reset=false scheme=5 ops=0,0,2,2,3,3,0,2,2,2,2,1,3,1,3,3,2,1,3,0,2,3,1,2,3,3,2,2,0,1,2,0,3,0,1,3,0,2,2,1,1,3,0,3,1,2,3,0,3,0,1,0,1,0,0,1,3,3,2,2,2,0,1,1 ks=0,156,0,0,0,0,0,15,151,0,0,207,0,252,0,0,0,114,0,0,2,0,168,0,187,0,0,0,0,109,0,136,0,0,0,0,169,170,0,196,0,0,0,0,61,205,0,0,81,0,132,0,0,232,154,0,94,0,90,0,0,0,0,21
00573 features=865 size=25 p=2 tap=23 reset=true scheme=1 ops=1,3,0,2,0,0,2,0,1,0,3,0,2,2,2,0,3,1,0,2,2,0,3,1,0,3,1,3,1,1,3,1,0,0,3,0,3,3,3,2,3,2,2,0,3,2,1,1,1,1,3,0,2,2,0,2,0,1,3,3,0,3,2,2 ks=0,152,231,142,0,205,0,0,86,230,0,0,0,0,0,0,0,0,253,188,0,0,0,0,0,241,0,0,119,0,11,21,0,0,0,0,148,49,77,0,0,137,0,26,0,46,0,154,0,57,0,0,0,0,0,0,50,0,111,161,169,173,0,0
00574 features=926 size=31 p=5 tap=45 reset=true scheme=5 ops=0,1,1,0,3,0,0,0,0,2,3,1,2,3,2,0,3,3,0,1,1,2,2,1,1,2,0,3,3,3,1,0,0,3,3,3,3,2,0,2,2,3,3,0,3,0,3,2,3,1,1,2,3,1,2,3,2,2,2,2,1,2,3,2 ks=21,0,243,0,0,170,0,0,0,11,0,0,178,0,0,0,230,5,0,0,203,0,0,120,233,0,137,117,149,0,104,62,59,0,224,56,0,0,0,0,140,112,0,0,203,99,41,0,24,60,0,0,167,0,225,254,229,0,99,0,0,0,0,147
00575 features=786 size=40 p=10 tap=1 reset=true scheme=3 ops=1,0,1,0,2,0,0,0,3,2,1,1,2,2,0,3,1,1,3,1,2,1,0,1,1,0,3,0,2,1,1,2,1,1,2,2,2,0,0,0,3,3,3,3,0,3,3,1,3,2,2,3,3,1,2,2,3,0,3,0,0,3,1,3 ks=117,216,91,231,0,90,161,166,0,0,156,0,0,138,191,8,0,0,88,72,22,136,114,0,0,110,0,5,0,0,0,0,0,189,187,90,103,21,10,190,53,0,176,0,202,0,0,199,69,246,163,0,0,237,2,227,211,0,147,0,154,0,201,223
00576 features=986 size=64 p=2 tap=24 reset=false scheme=2 ops=0,0,3,2,3,3,0,2,2,0,1,0,0,1,3,2,3,2,0,1,2,3,1,3,2,0,0,3,1,0,1,0,3,1,0,2,2,1,2,1,0,0,2,0,3,1,1,3,0,2,3,3,3,0,0,3,2,2,0,1,1,1,2,3 ks=49,3,101,125,225,192,65,70,61,228,107,128,170,219,195,132,211,2,104,169,85,102,173,253,201,204,201,136,23,212,168,205,11,175,185,229,238,7,93,106,84,71,253,135,222,255,202,94,205,207,222,207,38,77,193,56,228,154,225,211,116,16,68,175
00577 features=663 size=36 p=10 tap=28 reset=false scheme=0 ops=1,1,0,0,0,1,3,2,1,2,3,0,3,3,2,0,2,2,2,2,2,2,1,3,0,2,2,1,3,1,2,3,3,1,0,0,2,0,2,0,3,2,3,2,3,3,1,1,0,0,3,1,1,3,3,3,3,1,1,2,1,2,1,0 ks=0,91,0,0,246,0,83,0,79,104,138,0,0,0,129,0,192,164,0,87,106,80,101,0,169,28,206,228,44,109,0,12,0,211,154,122,24,12,0,0,0,217,0,124,222,176,173,0,0,130,123,47,0,0,0,0,0,0,0,61,0,64,74,0
00578 features=946 size=64 p=10 tap=32 reset=true scheme=3 ops=2,0,0,3,2,1,0,3,0,2,2,3,3,0,2,3,3,1,3,0,3,3,2,3,3,3,1,3,3,0,2,2,3,3,3,3,0,0,3,2,1,3,3,1,0,3,0,1,3,1,1,1,2,3,2,3,1,0,1,1,1,1,3,1 ks=126,130,171,81,90,145,153,227,119,231,92,92,7,147,26,180,250,31,89,112,138,116,211,2,101,226,115,24,150,55,185,87,9,241,159,16,93,2,81,113,66,151,16,67,161,225,94,144,56,24,112,31,19,254,61,192,150,242,119,240,78,87,211,2
00579 features=776 size=41 p=5 tap=9 reset=false scheme=2 ops=0,0,0,3,3,1,3,1,3,2,2,3,0,3,0,3,1,3,0,2,0,2,0,2,0,1,3,2,0,0,1,3,1,1,0,0,0,0,3,3,3,3,1,2,1,1,3,3,2,0,1,0,0,1,3,0,1,0,3,2,3,2,2,0 ks=0,194,248,61,0,240,214,0,27,0,53,243,0,0,0,155,0,0,0,0,74,155,233,237,0,0,172,227,124,194,0,71,0,74,123,0,0,139,0,4,121,65,197,231,208,228,0,0,44,84,110,129,0,53,162,32,0,41,244,110,236,0,96,81
00580 features=955 size=46 p=10 tap=5 reset=false scheme=4 ops=0,3,1,3,3,3,3,2,2,2,2,1,3,2,1,0,3,0,2,2,2,3,1,3,2,2,1,0,2,2,0,2,2,0,1,2,2,1,2,1,1,0,1,0,2,0,0,1,2,0,1,2,2,2,2,0,1,2,2,2,0,2,3,1 ks=66,63,0,182,56,172,157,130,171,238,154,186,0,79,26,0,0,0,197,66,235,68,178,182,151,0,161,168,132,178,129,70,0,0,67,7,34,45,203,0,97,21,0,236,132,10,64,23,0,0,118,51,143,0,0,30,0,53,172,158,0,0,24,0
00581 features=847 size=45 p=2 tap=22 reset=true scheme=3 ops=0,3,1,0,3,2,3,3,0,2,2,0,2,0,1,0,2,1,2,0,1,3,2,3,3,0,1,0,1,2,1,1,1,2,3,0,3,1,1,0,0,1,2,0,3,2,3,0,3,0,3,1,0,0,0,0,3,3,1,1,1,3,0,0 ks=74,34,144,111,91,183,165,32,142,75,0,186,104,0,210,77,0,155,103,0,0,0,124,0,0,99,94,90,0,0,218,0,175,161,207,232,97,7,0,195,176,88,0,223,229,71,55,157,247,22,18,0,0,0,216,129,167,0,111,247,115,73,0,0
00582 features=909 size=43 p=1 tap=43 reset=true scheme=3 ops=1,2,3,0,2,1,2,3,3,3,3,3,0,0,0,2,3,0,0,0,1,3,1,1,0,1,1,3,2,2,0,2,0,2,3,0,0,2,1,1,1,1,3,3,3,3,0,2,0,0,2,0,1,3,1,0,0,1,2,2,1,3,0,0 ks=80,215,37,0,140,112,0,18,136,17,0,0,91,0,112,25,104,0,67,0,201,209,150,0,228,0,0,25,0,0,86,206,41,237,0,219,0,0,45,211,198,210,84,128,137,241,0,0,0,134,0,167,146,95,25,229,73,0,99,34,3,246,0,128
00583 features=759 size=39 p=2 tap=23 reset=false scheme=2 ops=1,1,0,0,1,0,3,3,3,1,1,1,0,0,2,0,3,0,1,0,1,3,2,0,1,2,2,2,0,0,3,1,3,3,0,3,3,2,3,2,0,0,3,3,1,0,3,1,2,0,2,1,2,0,3,1,1,0,2,3,2,2,1,3 ks=187,232,145,120,85,32,91,171,0,38,62,0,32,0,134,0,0,224,0,91,4,0,187,2,0,143,34,0,0,0,0,0,0,56,54,0,32,126,168,236,0,0,0,36,0,117,17,0,163,0,58,136,66,17,0,36,123,0,105,212,111,37,0,0
00584 features=962 size=64 p=5 tap=32 reset=true scheme=3 ops=1,3,2,2,0,1,3,1,3,3,3,2,1,2,0,2,1,2,3,3,0,3,1,0,1,0,3,0,3,1,3,1,1,3,1,1,3,1,3,1,3,3,0,2,0,2,1,1,0,1,2,2,1,1,1,0,3,0,3,1,3,2,3,2 ks=55,51,128,235,104,99,253,185,85,56,171,196,252,131,240,6,180,175,207,207,225,106,242,24,83,165,92,17,222,226,215,252,44,152,3,152,224,224,229,220,160,16,106,97,72,212,158,210,212,86,201,176,55,194,58,115,80,17,156,82,175,23,252,211
00585 features=907 size=38 p=2 tap=53 reset=true scheme=3 ops=3,1,1,3,0,0,2,2,0,2,2,0,0,2,3,2,0,2,3,2,2,2,1,1,0,1,3,2,3,1,0,0,0,1,1,2,3,3,2,2,3,2,2,0,3,0,3,2,1,2,2,0,0,3,3,1,3,1,2,3,0,0,2,3 ks=103,105,25,0,0,0,180,50,0,155,20,0,0,31,166,31,0,0,48,65,110,253,3,0,0,210,0,0,0,97,0,0,167,115,0,246,110,0,133,23,0,52,146,0,0,2,136,0,67,0,0,0,167,30,6,41,0,113,0,139,24,229,152,30
00586 features=941 size=47 p=1 tap=15 reset=true scheme=3 ops=3,1,2,1,0,2,3,3,1,3,2,2,1,3,3,0,0,3,1,3,2,3,2,0,1,2,0,3,3,1,1,1,2,0,0,2,2,3,3,1,2,1,0,3,3,2,1,1,0,2,2,3,1,1,0,3,0,1,3,0,2,2,1,2 ks=68,144,25,98,121,0,221,27,124,64,55,191,8,62,0,213,0,206,0,233,114,17,8,116,32,183,18,103,189,195,0,79,0,82,0,233,0,68,0,39,255,186,168,40,0,0,156,225,0,0,249,3,135,76,67,0,0,205,116,0,31,10,227,0
00587 features=968 size=64 p=5 tap=8 reset=true scheme=3 ops=0,2,0,1,3,0,2,3,3,2,0,1,3,1,1,1,0,3,1,2,2,2,0,1,2,2,2,2,1,1,3,3,1,2,0,3,3,2,1,2,3,2,0,3,3,0,1,0,1,3,1,3,3,0,1,3,2,0,3,0,0,0,3,2 ks=224,253,5,254,212,140,206,68,133,145,179,87,141,52,191,92,13,35,100,72,84,164,31,185,81,47,116,86,10,16,200,151,226,98,117,219,172,131,111,70,211,144,138,13,45,199,71,46,207,122,244,141,142,98,150,193,209,91,182,178,60,109,214,142
00588 features=904 size=42 p=5 tap=15 reset=false scheme=0 ops=0,2,0,3,0,2,0,1,1,1,2,3,2,0,2,3,2,3,2,1,0,3,2,3,0,2,3,2,3,0,2,1,2,1,3,0,0,0,2,2,3,3,1,2,0,3,3,3,3,0,0,3,3,1,0,3,2,3,3,0,0,0,0,2 ks=156,0,10,52,0,72,78,123,18,232,0,79,174,184,89,68,0,0,0,43,31,0,0,234,254,125,170,14,183,250,236,0,0,153,205,244,0,172,0,0,214,0,0,255,197,0,252,86,164,56,246,240,80,57,0,63,0,236,182,0,0,0,91,0
00589 features=748 size=22 p=10 tap=8 reset=false scheme=3 ops=3,2,0,3,1,3,3,2,1,1,2,3,0,3,1,0,2,2,2,1,3,0,3,2,2,3,2,1,2,3,0,3,3,2,3,0,1,2,2,3,3,0,3,0,1,2,3,1,2,1,0,2,1,0,3,1,0,2,3,1,3,1,3,0 ks=216,165,0,0,0,0,0,0,244,0,0,123,0,0,132,0,49,108,255,228,0,0,185,254,120,0,155,0,0,0,195,0,38,116,0,0,0,134,200,0,0,0,0,0,0,0,0,117,0,0,0,183,0,0,0,0,0,85,0,0,30,0,0,0
00590 features=984 size=64 p=10 tap=46 reset=false scheme=1 ops=0,2,1,3,0,2,2,1,1,1,2,3,0,1,0,0,0,1,2,0,0,3,1,1,3,2,0,1,3,2,0,3,1,0,1,0,0,3,0,3,1,3,0,1,3,3,3,0,1,0,1,2,3,2,3,2,1,0,1,0,1,1,0,2 ks=212,46,243,83,13,86,245,189,31,218,31,99,90,83,109,30,244,85,203,19,105,153,136,29,119,148,35,136,38,13,154,10,55,254,119,154,11,180,209,128,29,251,142,144,61,235,67,243,196,205,75,27,90,89,3,146,152,128,122,43,19,242,252,131
00591 features=802 size=25 p=2 tap=23 reset=false scheme=0 ops=1,2,1,1,0,2,3,1,3,2,3,2,0,0,2,1,3,2,3,3,1,3,1,1,2,1,1,3,0,1,0,2,2,0,1,3,2,1,0,0,0,3,3,3,0,1,3,2,1,3,2,1,0,3,0,2,0,3,2,3,0,0,2,2 ks=0,0,0,0,7,0,146,189,0,181,145,47,135,0,0,0,0,191,0,0,235,0,197,0,0,0,0,0,227,0,102,0,231,0,183,35,0,199,0,0,0,0,227,160,0,0,95,200,222,94,0,171,0,240,0,0,0,0,0,0,0,0,207,0
00592 features=819 size=42 p=5 tap=59 reset=true scheme=3 ops=1,2,3,1,1,1,3,0,0,3,2,1,2,3,0,0,0,0,3,2,2,0,0,2,2,3,1,3,3,1,0,0,1,0,0,1,0,0,1,2,3,1,3,0,1,1,3,1,2,1,1,0,0,2,3,0,2,3,0,3,1,3,1,1 ks=158,187,0,51,124,180,73,0,85,0,223,0,0,0,176,228,44,0,0,42,128,96,226,200,0,219,0,0,193,0,115,123,211,228,20,128,11,151,95,0,170,0,0,43,0,40,0,2,0,0,83,0,214,115,0,125,168,186,0,37,254,89,95,128
00593 features=845 size=31 p=5 tap=57 reset=true scheme=3 ops=3,3,0,0,2,3,0,0,0,1,1,2,0,3,1,1,3,2,1,2,2,2,3,3,1,2,2,0,2,2,3,1,0,2,1,1,2,2,2,1,0,1,1,0,3,0,3,1,3,1,3,3,2,3,2,2,3,3,3,3,0,0,3,3 ks=227,0,0,0,9,232,0,83,243,0,0,0,0,155,186,117,49,0,209,0,22,0,128,0,0,0,0,62,74,165,0,120,31,0,0,197,0,0,0,0,0,0,0,8,0,84,212,14,0,0,0,7,40,0,130,34,0,58,0,161,192,0,120,117
00594 features=755 size=42 p=1 tap=63 reset=false scheme=0 ops=2,0,1,0,2,0,2,3,0,3,2,1,3,0,3,0,1,1,1,3,2,3,2,1,0,1,1,1,2,3,3,1,3,3,2,2,3,2,1,0,2,3,1,1,2,3,0,3,3,3,3,1,1,2,0,2,1,3,3,3,2,3,3,1 ks=195,128,195,191,0,225,229,17,117,113,232,179,224,167,83,4,0,97,0,111,0,252,0,154,132,145,78,226,99,197,25,146,129,0,0,0,0,124,0,0,231,0,0,207,48,0,216,56,230,234,0,229,0,59,0,172,0,0,249,0,0,0,65,148
00595 features=772 size=14 p=5 tap=25 reset=false scheme=5 ops=3,1,0,2,2,1,2,2,0,2,0,1,1,2,2,0,0,1,2,2,2,2,1,3,2,3,2,1,1,0,3,3,1,1,2,2,1,2,0,0,2,1,2,2,2,1,2,0,2,3,1,3,1,1,2,2,2,1,1,3,0,1,3,0 ks=30,0,0,0,0,172,0,8,71,0,198,0,0,0,0,0,0,0,0,0,0,0,55,0,0,212,83,0,0,0,0,0,0,0,0,0,0,0,14,48,0,0,0,0,54,0,0,0,0,0,114,187,0,0,0,0,0,0,0,0,0,0,174,0
00596 features=674 size=18 p=10 tap=34 reset=false scheme=3 ops=3,3,1,3,1,2,3,1,3,1,2,0,1,3,0,3,3,2,0,1,1,2,1,2,3,3,3,3,2,3,3,3,3,2,1,0,2,1,0,1,2,1,0,2,2,3,0,2,3,2,2,1,3,2,2,0,3,1,1,1,2,0,0,3 ks=113,0,0,0,0,77,184,0,0,0,0,185,0,33,0,0,0,0,0,165,0,195,0,0,0,98,181,0,232,44,0,0,0,0,0,0,0,0,0,13,31,219,0,211,63,0,0,247,234,0,0,0,0,0,0,0,0,0,0,0,0,0,0,0
00597 features=828 size=21 p=1 tap=41 reset=true scheme=4 ops=1,2,2,0,2,0,3,0,3,3,2,3,1,2,1,1,3,3,0,3,3,0,1,2,2,1,2,1,3,3,3,0,3,3,3,2,2,3,3,2,3,3,3,0,1,0,3,3,0,1,3,1,1,2,3,1,3,0,2,3,2,1,0,2 ks=0,0,65,0,127,0,176,0,0,180,23,0,223,0,0,137,0,0,115,106,231,123,0,0,0,0,0,0,0,0,0,17,0,95,0,0,0,0,29,82,27,0,0,0,0,0,0,79,45,0,0,189,0,0,49,0,0,164,0,0,0,0,0,0
00598 features=865 size=24 p=2 tap=28 reset=false scheme=2 ops=0,0,1,1,0,0,1,2,0,1,2,3,2,1,0,3,0,0,2,0,1,1,0,1,2,0,1,3,3,1,1,2,1,0,3,3,0,0,3,0,3,2,3,2,2,3,0,3,2,3,0,0,1,3,3,0,2,2,1,3,0,0,1,0 ks=0,108,0,85,9,0,0,0,0,0,0,101,156,0,0,0,0,0,0,0,97,0,104,0,0,201,98,193,250,103,137,0,0,0,24,0,144,243,0,0,0,155,0,82,0,165,0,0,0,193,240,0,0,0,0,0,0,34,136,0,0,0,162,0
00599 features=1019 size=64 p=10 tap=8 reset=true scheme=2 ops=3,3,3,0,3,1,1,3,3,2,3,1,3,0,3,1,3,0,0,1,1,3,2,2,1,1,1,2,3,1,2,1,0,1,1,3,1,2,0,0,3,3,2,2,1,0,3,2,0,2,3,2,3,0,2,0,3,2,0,3,3,3,3,0 ks=183,158,76,193,208,129,173,71,20,169,99,15,11,101,80,188,176,163,176,7,53,28,186,75,225,167,24,175,72,130,83,37,202,56,158,70,20,84,13,135,19,127,254,208,27,218,29,133,30,232,22,119,180,243,230,35,219,132,41,136,24,140,2,56
00600 features=790 size=39 p=5 tap=11 reset=true scheme=3 ops=0,0,3,0,2,2,1,0,3,0,0,3,0,0,3,1,1,3,3,2,3,2,1,2,0,3,0,3,1,0,1,1,3,0,3,3,2,3,0,0,0,1,0,3,3,3,1,0,0,0,0,2,1,0,3,1,2,0,0,2,3,2,1,0 ks=0,0,0,0,0,181,0,157,70,42,192,55,203,30,0,0,197,206,0,4,38,31,0,0,0,23,0,70,200,248,232,0,26,0,184,227,0,0,0,240,40,132,0,0,251,234,0,0,82,254,116,47,0,22,36,30,0,86,163,159,82,157,234,0
00601 features=824 size=42 p=2 tap=35 reset=true scheme=5 ops=1,0,0,2,1,0,0,0,3,2,0,0,1,1,1,1,1,3,3,1,1,2,2,0,3,0,0,2,2,0,2,3,2,2,3,2,0,1,3,0,2,1,2,3,1,3,1,3,2,1,1,0,2,0,2,3,3,2,0,0,2,2,0,3 ks=86,23,230,234,0,0,76,102,47,0,202,76,0,0,0,0,141,0,50,200,0,194,59,132,182,0,155,0,208,133,78,169,135,161,0,119,94,0,243,187,98,0,3,0,205,121,141,3,0,15,0,235,211,0,138,169,242,209,0,0,0,180,0,100
00602 features=919 size=64 p=10 tap=51 reset=true scheme=3 ops=0,1,0,2,1,0,2,1,1,2,0,1,2,3,2,2,2,2,2,2,2,1,3,1,3,0,0,3,3,1,0,3,1,0,1,2,2,2,1,0,1,3,1,1,3,1,2,3,3,0,0,1,3,1,1,1,1,1,3,1,0,0,0,2 ks=230,254,188,245,47,236,36,222,198,146,232,169,71,154,207,165,123,232,192,1,166,40,55,169,180,142,199,214,146,255,247,155,63,220,185,236,146,216,210,33,121,145,57,27,149,162,240,79,244,10,49,192,69,135,252,212,87,247,138,165,135,237,99,22
00603 features=879 size=42 p=2 tap=38 reset=true scheme=3 ops=1,1,0,3,2,0,0,3,0,0,1,0,3,1,2,2,0,0,1,1,1,3,3,3,3,3,3,3,0,2,1,0,3,2,2,3,1,1,1,0,2,3,3,2,3,1,0,0,3,1,3,3,3,0,3,1,2,3,1,2,2,0,0,0 ks=172,7,0,152,0,39,116,0,41,225,212,0,245,83,126,57,0,0,124,216,154,0,151,0,51,0,0,211,147,0,97,0,64,124,57,160,128,0,214,160,54,138,0,21,0,0,14,166,0,106,0,158,0,85,255,221,220,79,126,0,0,108,0,23
00604 features=1012 size=64 p=5 tap=57 reset=false scheme=4 ops=1,0,0,2,2,3,0,2,1,0,3,0,2,1,1,0,1,2,0,3,2,0,1,2,3,1,3,3,1,3,3,1,3,2,3,3,0,1,0,2,0,1,3,1,3,2,2,3,1,2,0,2,1,2,2,3,3,3,2,3,0,0,3,3 ks=17,186,224,88,208,62,145,155,198,158,248,224,252,188,199,179,66,41,203,89,21,32,218,214,218,53,116,10,69,199,99,68,183,185,55,200,171,135,65,35,60,127,131,127,129,193,157,137,129,181,25,8,27,225,142,116,193,40,221,173,213,176,68,247
00605 features=674 size=18 p=2 tap=37 reset=false scheme=1 ops=0,2,3,1,1,3,2,1,3,3,3,3,1,0,0,0,1,2,1,2,3,2,1,2,1,3,1,2,1,3,1,1,3,1,2,3,3,1,2,3,0,0,2,2,0,1,1,2,0,2,2,2,0,3,0,1,2,0,1,3,2,1,3,3 ks=0,0,158,45,0,0,0,0,0,0,0,167,68,0,0,0,161,0,32,0,171,213,69,0,90,0,0,0,29,0,0,0,0,0,0,0,0,50,80,0,0,0,89,98,0,0,0,0,77,0,0,0,0,0,0,0,0,0,0,226,58,0,0,0
00606 features=1017 size=64 p=10 tap=13 reset=false scheme=1 ops=0,0,2,3,3,0,2,3,1,2,3,0,3,3,3,2,0,3,3,2,1,1,2,1,2,1,1,3,1,3,2,3,3,2,3,1,3,2,3,3,0,2,3,2,2,3,3,3,2,3,3,3,3,1,2,1,2,3,2,2,2,0,3,0 ks=46,164,63,99,205,231,223,82,188,105,248,61,165,63,99,134,102,119,79,239,114,15,47,234,89,71,64,236,2,63,199,179,228,152,54,199,206,183,3,232,32,225,204,224,79,173,187,80,212,67,216,22,3,29,180,138,111,194,159,29,253,86,222,54
00607 features=810 size=46 p=1 tap=21 reset=false scheme=1 ops=1,0,0,1,3,3,1,3,0,3,0,1,1,1,1,2,1,1,2,1,3,0,1,2,0,1,0,3,1,2,3,2,0,0,1,0,1,1,1,3,0,1,0,1,0,1,3,3,0,1,2,1,2,0,0,2,1,3,3,1,0,3,1,2 ks=196,161,190,93,0,23,175,0,58,37,174,117,0,225,160,25,153,224,0,0,92,172,134,0,188,0,83,0,249,0,0,144,93,137,0,169,0,0,79,0,29,122,191,240,0,64,0,168,217,233,85,0,97,217,0,204,68,252,196,161,42,143,231,14
00608 features=870 size=52 p=10 tap=7 reset=true scheme=3 ops=3,0,3,1,3,2,3,3,1,3,3,1,2,2,3,1,1,1,0,0,1,2,3,3,1,1,2,2,0,3,2,3,1,2,0,2,2,2,3,1,1,0,0,2,3,0,1,3,1,1,3,3,3,3,1,1,1,3,3,0,2,0,2,1 ks=6,101,182,39,219,0,187,161,28,70,50,19,240,41,200,0,248,0,202,229,239,105,62,140,218,129,0,122,169,32,32,172,15,64,24,0,81,0,185,0,65,64,7,76,100,0,34,149,49,0,0,47,136,112,174,118,10,155,249,213,5,0,175,0
00609 features=735 size=23 p=10 tap=33 reset=false scheme=1 ops=2,3,1,2,1,3,0,1,2,0,2,2,1,0,3,2,1,2,1,0,2,0,1,1,1,1,1,2,2,3,1,3,3,2,0,3,2,0,2,0,0,2,3,0,1,2,0,0,2,3,0,1,0,1,2,2,1,0,0,0,1,1,1,3 ks=0,0,87,0,55,0,0,7,0,41,167,0,0,0,50,0,28,0,135,0,187,0,251,0,242,180,0,110,71,0,0,0,0,14,0,0,0,0,0,0,0,39,221,215,0,0,65,41,238,0,0,0,0,0,0,125,0,0,0,0,245,0,0,0
00610 features=804 size=38 p=2 tap=31 reset=true scheme=3 ops=2,3,2,0,1,2,1,0,0,3,1,3,2,3,2,1,3,2,0,3,2,3,0,3,3,2,1,3,3,2,1,3,2,2,0,3,2,3,0,1,3,3,3,1,2,3,3,0,0,2,3,0,1,2,0,1,2,3,1,1,2,3,2,2 ks=234,98,17,0,13,0,0,85,188,0,0,88,0,0,197,0,152,0,99,104,188,78,0,163,75,248,0,169,197,186,56,0,98,7,73,35,99,99,123,16,0,0,0,0,107,0,0,0,155,0,188,0,0,0,0,222,252,0,140,0,32,141,161,113
00611 features=937 size=53 p=2 tap=36 reset=true scheme=3 ops=0,2,1,2,3,1,0,0,1,0,0,1,0,0,1,2,3,2,0,3,2,0,2,2,1,2,0,2,2,3,0,3,2,3,3,3,3,2,0,3,3,2,3,0,1,1,1,1,3,1,2,1,0,2,3,1,0,2,1,1,1,3,0,3 ks=109,231,35,209,232,157,238,131,63,54,116,170,11,0,0,49,167,67,25,107,0,177,105,0,111,249,200,4,251,26,0,104,190,106,5,187,75,212,107,143,23,46,85,0,87,224,0,89,185,215,61,139,0,0,195,0,226,71,138,240,0,239,32,184
00612 features=678 size=22 p=10 tap=9 reset=false scheme=4 ops=1,3,1,1,2,3,2,3,0,0,1,3,2,2,0,2,3,0,3,1,1,2,3,3,3,2,0,0,1,1,2,3,3,3,0,2,1,0,0,3,2,3,2,3,1,2,0,0,1,0,3,3,3,3,1,3,3,2,1,1,3,3,2,0 ks=0,0,143,0,0,0,0,0,29,0,0,0,0,51,118,0,0,248,128,162,0,0,0,0,0,208,0,0,0,88,0,0,162,98,0,0,228,0,0,31,0,180,0,0,0,0,0,0,198,23,242,211,0,211,0,0,253,0,0,71,186,0,0,0
00613 features=785 size=34 p=2 tap=24 reset=false scheme=2 ops=0,1,0,2,1,0,2,1,1,0,2,2,1,3,2,1,0,1,1,3,2,0,3,1,1,0,0,1,0,0,1,2,2,3,0,3,1,1,0,3,3,3,3,2,1,2,2,3,2,0,1,2,1,2,0,1,3,1,0,3,2,1,3,2 ks=33,183,208,0,214,0,169,0,201,0,178,43,198,0,245,229,0,0,0,0,0,0,0,0,2,0,185,0,0,118,83,250,0,59,0,34,0,115,106,19,137,244,0,0,0,0,32,89,120,0,0,55,0,222,0,0,212,139,128,37,0,83,0,63
00614 features=985 size=64 p=10 tap=9 reset=false scheme=5 ops=3,1,3,2,1,0,3,1,3,3,3,1,1,3,0,3,3,2,3,1,2,2,0,2,1,1,2,1,2,2,0,2,1,3,0,3,0,0,0,3,0,3,1,3,0,0,2,1,1,1,3,1,2,0,0,0,0,2,0,2,1,3,0,2 ks=89,141,22,120,163,95,80,196,65,8,135,75,64,80,49,38,235,102,226,18,136,228,214,234,247,238,155,33,46,165,3,97,147,192,245,80,200,211,31,70,227,76,120,190,180,213,158,235,156,133,224,157,151,167,2,195,255,18,111,54,51,189,221,177
00615 features=902 size=47 p=5 tap=9 reset=false scheme=0 ops=2,2,2,3,3,2,3,0,3,3,0,1,0,2,1,3,0,2,3,1,3,3,2,1,3,1,0,2,3,3,3,2,2,1,0,3,2,0,2,3,3,2,0,3,1,1,0,2,1,0,0,0,3,0,2,0,0,0,2,2,2,1,0,3 ks=236,191,47,0,153,255,0,0,15,78,98,101,93,80,0,168,84,227,0,0,4,113,0,133,0,193,0,45,60,83,127,213,102,117,101,27,0,195,97,0,0,0,212,215,0,3,76,0,101,137,2,64,0,0,43,226,56,8,236,159,25,5,233,35
00616 features=821 size=21 p=10 tap=28 reset=true scheme=5 ops=0,0,3,3,0,3,3,1,0,2,2,3,3,2,3,0,0,1,3,2,1,1,2,2,2,2,3,3,1,0,0,2,3,3,1,3,1,1,0,0,0,0,1,3,0,3,1,1,0,1,2,0,2,3,0,1,3,1,1,3,1,1,2,1 ks=0,0,192,67,237,112,1,0,0,0,48,154,0,0,63,8,203,48,124,0,0,0,7,0,0,0,0,192,178,0,0,0,0,0,0,0,100,45,0,0,0,0,0,0,0,0,0,0,0,0,94,0,29,90,0,18,0,0,0,0,0,0,0,0
00617 features=879 size=45 p=10 tap=43 reset=true scheme=3 ops=3,2,0,2,0,3,2,0,3,2,3,1,1,1,2,0,1,2,2,2,3,3,0,0,2,0,3,1,1,0,3,2,0,1,0,3,2,2,0,3,1,0,3,3,2,0,2,1,3,0,2,2,2,2,3,2,0,3,2,3,3,2,3,2 ks=11,47,0,178,119,255,45,73,237,208,29,0,0,250,124,215,0,14,0,220,0,68,61,145,2,0,79,0,115,227,0,0,0,237,86,44,96,162,0,126,68,30,152,172,0,167,69,0,0,175,190,28,0,129,0,0,144,218,187,4,56,77,174,0
00618 features=757 size=47 p=5 tap=34 reset=false scheme=1 ops=1,0,2,2,3,2,2,2,3,3,0,2,1,0,2,2,0,3,1,3,3,2,2,3,2,2,2,2,3,2,1,1,3,0,1,3,2,1,0,1,3,3,3,3,3,2,2,3,3,2,2,1,1,3,2,1,2,0,1,0,0,2,3,0 ks=235,152,11,0,0,0,101,139,45,73,0,9,8,237,0,239,157,213,223,61,0,219,0,0,252,20,189,161,225,32,0,145,0,0,34,179,138,12,220,0,0,228,48,80,234,162,105,83,111,204,140,0,0,171,120,230,0,3,143,28,244,0,63,160
00619 features=743 size=19 p=10 tap=9 reset=false scheme=1 ops=2,3,2,3,3,1,2,3,2,1,0,0,2,2,0,1,2,1,0,3,3,3,3,2,1,3,0,2,1,0,1,1,3,0,0,0,2,1,1,1,0,2,1,3,0,0,3,2,2,2,3,2,0,2,1,1,3,2,2,2,3,3,0,2 ks=143,212,0,0,240,0,0,0,0,15,0,0,0,0,0,0,0,0,0,0,159,0,118,0,0,0,0,228,0,0,0,0,230,0,8,0,12,33,162,0,146,0,0,105,0,0,0,219,204,154,0,0,0,0,0,0,0,0,53,0,0,41,0,0
00620 features=672 size=23 p=1 tap=14 reset=true scheme=3 ops=3,1,1,0,3,3,2,3,2,2,1,2,1,1,2,0,1,3,3,1,3,0,0,1,0,2,3,2,3,2,1,1,1,1,0,1,0,0,1,2,3,3,2,1,2,3,3,1,3,1,1,1,0,1,0,3,3,1,2,3,3,0,1,0 ks=169,0,0,89,0,42,0,174,133,57,120,0,0,0,0,27,0,0,243,0,239,0,0,0,158,0,123,0,0,148,0,0,0,0,0,128,213,97,0,0,0,173,0,0,0,0,37,0,0,0,169,0,0,0,0,0,0,0,27,69,175,0,162,0
00621 features=768 size=24 p=2 tap=59 reset=true scheme=3 ops=1,2,0,0,0,0,2,2,1,2,1,1,2,3,3,0,0,0,3,2,3,2,1,0,3,1,3,3,0,2,2,1,2,3,0,0,3,3,2,2,1,0,1,2,0,2,1,1,1,2,3,2,1,3,0,2,1,0,0,3,0,1,1,3 ks=0,0,0,0,0,0,0,0,0,0,0,69,0,237,0,249,0,0,215,234,79,0,0,17,0,0,0,0,0,121,0,0,162,0,48,79,92,143,21,35,47,0,0,0,67,218,0,0,92,0,0,0,0,16,0,0,179,16,0,252,0,0,0,49
00622 features=858 size=21 p=2 tap=43 reset=true scheme=1 ops=2,2,0,2,2,1,1,2,2,2,0,1,3,0,0,3,1,2,1,2,0,0,2,0,0,3,1,1,0,2,2,2,0,1,0,2,0,1,0,3,0,3,3,1,3,3,1,1,0,3,0,2,1,2,0,1,1,3,2,2,0,3,2,1 ks=40,48,135,0,147,0,0,0,59,0,0,71,0,0,0,0,0,0,157,90,0,0,0,0,221,0,165,0,0,0,0,0,0,0,135,0,152,0,0,0,0,0,46,0,0,0,0,0,0,0,0,1,0,0,0,192,80,234,0,236,14,86,18,0
00623 features=775 size=44 p=10 tap=45 reset=false scheme=3 ops=2,0,1,2,0,2,1,3,2,2,1,3,0,3,0,3,3,1,1,2,0,3,3,3,2,0,3,0,2,3,0,3,2,3,1,0,2,0,0,1,2,3,3,1,3,2,0,1,2,1,1,0,1,0,0,0,3,2,3,0,0,3,1,1 ks=195,140,0,206,0,40,0,58,234,8,220,17,215,13,43,194,46,157,127,0,172,0,71,15,133,0,0,159,145,0,40,42,29,0,165,249,19,0,145,0,0,0,19,165,30,185,0,72,194,0,245,7,0,13,0,131,2,114,0,75,182,0,0,12
00624 features=869 size=48 p=1 tap=41 reset=true scheme=3 ops=0,1,1,0,3,1,3,0,1,3,3,2,1,0,2,0,1,0,0,3,1,3,0,1,3,3,2,1,1,1,2,3,0,3,0,3,2,3,3,3,1,3,3,2,2,1,2,2,0,2,1,2,0,3,1,0,2,1,3,3,2,2,0,3 ks=0,0,86,238,41,0,15,0,50,0,131,189,152,134,102,36,13,222,0,129,42,164,224,63,0,0,6,160,207,12,44,207,20,19,155,201,4,184,127,6,0,0,225,45,0,16,248,195,0,214,0,0,76,166,0,0,193,156,146,103,54,191,60,180
00625 features=918 size=37 p=2 tap=21 reset=true scheme=3 ops=0,1,3,1,2,0,1,2,0,1,0,2,2,0,0,0,1,1,3,1,2,3,0,1,3,2,2,1,2,2,1,3,0,3,2,0,2,2,1,0,0,0,0,3,3,2,1,3,1,1,0,1,1,0,2,0,1,2,2,3,2,2,0,3 ks=152,9,86,185,247,72,61,0,101,144,99,246,126,0,0,103,0,148,246,59,254,174,0,165,214,0,0,0,0,0,0,36,0,133,134,0,225,0,188,0,0,0,214,51,37,0,216,0,181,142,0,244,0,0,0,0,0,95,202,7,44,148,0,0
00626 features=594 size=20 p=1 tap=40 reset=false scheme=5 ops=1,2,2,0,0,1,0,0,2,1,3,1,0,3,3,1,0,2,3,0,0,2,0,1,3,1,2,0,2,2,0,1,3,2,0,3,0,3,2,2,2,0,2,3,2,0,1,1,0,0,1,1,1,0,3,1,1,3,2,2,3,1,1,3 ks=215,252,227,0,0,0,0,0,0,0,0,0,0,141,0,0,0,88,103,75,60,0,146,0,0,0,87,0,0,75,0,168,0,0,0,0,111,113,248,0,0,0,0,0,173,0,203,0,0,0,0,0,0,0,0,31,0,0,0,1,0,41,0,0
00627 features=978 size=63 p=1 tap=19 reset=true scheme=3 ops=3,1,0,2,0,1,1,3,0,3,3,3,2,2,2,2,3,1,1,0,0,1,2,0,0,2,2,2,0,0,2,1,1,3,2,3,0,0,2,3,3,2,2,1,2,2,2,1,2,1,0,1,1,3,0,0,3,1,3,0,2,3,1,3 ks=173,104,51,99,161,204,234,138,105,163,81,116,177,229,225,65,218,136,142,110,88,221,138,115,173,185,237,2,44,74,227,223,109,187,93,6,230,62,49,144,134,240,26,18,184,19,8,242,128,68,30,237,87,146,248,151,92,0,39,166,150,68,206,193
00628 features=695 size=22 p=1 tap=9 reset=false scheme=5 ops=3,0,1,2,1,3,3,0,3,1,1,2,1,0,1,1,1,2,2,2,2,0,1,1,3,2,2,3,3,3,2,2,3,2,1,3,2,0,0,0,3,3,0,1,2,1,0,0,2,0,3,2,0,3,1,1,2,3,1,0,0,0,2,0 ks=0,0,0,73,0,0,0,0,55,0,0,172,79,0,0,0,0,0,13,156,0,0,158,126,0,191,0,0,0,0,67,0,118,0,104,0,0,149,0,252,0,0,103,0,0,0,181,0,0,0,139,0,0,0,168,0,217,236,0,185,0,253,0,0
00629 features=922 size=40 p=10 tap=24 reset=false scheme=0 ops=1,3,3,3,1,0,2,3,2,1,1,2,0,1,0,1,1,1,3,1,1,3,1,3,3,3,2,3,3,2,2,0,2,2,2,0,0,0,1,2,2,2,3,1,2,2,2,3,0,0,1,2,2,2,2,1,2,2,1,0,1,1,2,3 ks=0,0,0,115,198,119,0,95,6,231,101,0,81,127,0,72,166,158,0,26,0,30,168,19,36,0,143,39,70,0,0,238,210,14,0,33,139,0,0,0,243,0,93,0,132,0,0,0,0,0,151,109,253,185,1,0,94,133,151,253,108,40,0,8
00630 features=971 size=64 p=10 tap=42 reset=true scheme=3 ops=2,3,1,3,1,3,3,0,2,2,2,0,3,1,3,0,2,0,2,0,3,1,1,1,3,2,3,0,0,2,0,2,1,1,3,0,0,0,2,2,2,1,3,1,2,3,1,2,3,2,1,3,3,2,3,0,2,2,0,0,3,1,3,1 ks=251,202,169,93,245,8,10,214,188,123,163,199,232,156,131,30,227,129,142,195,17,168,162,74,234,246,191,176,56,134,48,107,213,210,64,18,156,45,6,243,209,63,1,82,77,22,231,175,134,42,246,9,212,22,178,162,7,48,24,93,142,29,2,195
00631 features=979 size=64 p=10 tap=17 reset=false scheme=2 ops=3,1,2,1,0,1,3,2,3,2,1,0,2,2,0,3,0,3,0,2,2,3,2,3,3,0,2,3,1,1,2,2,1,0,3,3,1,3,2,1,2,2,1,1,3,2,1,1,3,2,1,1,1,1,1,0,3,0,1,0,3,1,1,0 ks=218,14,234,242,147,143,114,94,158,15,2,150,17,15,204,37,167,80,254,156,147,138,173,155,195,253,109,123,141,185,23,226,241,250,131,174,224,138,49,218,141,209,249,166,240,9,35,194,127,147,49,201,248,142,178,161,110,79,209,63,201,211,105,170
00632 features=734 size=22 p=1 tap=24 reset=false scheme=5 ops=1,0,0,3,3,2,0,1,3,1,1,3,3,3,1,2,3,3,0,1,3,2,1,3,2,2,1,2,0,1,0,2,3,1,2,0,2,1,2,3,3,2,2,0,3,0,2,3,3,3,2,2,2,2,3,3,3,2,3,3,2,1,1,0 ks=0,0,114,0,0,0,0,0,0,0,0,0,85,0,0,0,0,130,0,0,0,0,0,113,113,39,0,0,0,0,0,250,197,18,0,44,16,0,0,67,250,0,0,0,69,44,144,0,0,0,0,126,88,0,0,189,0,0,23,81,217,0,0,0
00633 features=951 size=46 p=2 tap=56 reset=true scheme=3 ops=0,2,2,2,3,1,1,0,1,2,3,3,3,0,0,3,0,3,1,0,0,2,3,3,1,3,1,3,1,0,1,3,1,2,3,3,2,3,2,0,1,1,3,3,2,3,0,0,3,0,2,0,0,0,0,3,3,3,2,0,2,1,1,2 ks=0,0,65,200,0,0,114,0,96,64,102,251,204,58,0,0,33,78,247,0,106,228,9,207,129,32,237,144,114,10,215,124,8,0,121,121,0,125,0,0,83,0,241,248,123,247,38,253,11,58,70,24,178,0,0,178,12,0,0,0,210,116,226,94
00634 features=787 size=26 p=1 tap=52 reset=true scheme=3 ops=2,3,0,2,2,1,3,1,1,2,0,0,1,0,0,0,1,0,3,0,3,2,3,0,2,3,1,3,2,2,2,3,2,3,1,1,1,3,3,1,1,3,3,1,3,2,1,3,2,3,2,0,1,1,1,1,0,3,0,3,3,0,3,2 ks=210,0,0,183,0,0,54,0,0,0,0,0,73,0,0,0,0,0,121,0,0,122,0,0,0,0,0,65,49,12,0,0,43,0,0,227,0,0,0,123,99,219,59,0,0,0,255,0,0,210,229,181,93,241,0,0,162,193,90,133,0,0,0,195
00635 features=977 size=64 p=5 tap=24 reset=true scheme=3 ops=3,1,2,2,2,3,3,2,2,2,1,3,2,3,1,2,1,1,2,1,3,1,1,2,3,1,3,1,3,3,0,2,3,3,1,1,1,3,3,0,3,0,1,0,2,0,1,3,2,0,0,3,1,2,1,3,0,1,0,3,0,1,1,0 ks=127,123,100,176,202,249,119,197,115,175,128,183,99,156,179,147,55,85,234,121,245,252,246,249,193,208,231,152,64,151,255,42,100,12,214,128,223,157,157,19,158,176,9,110,193,94,34,57,89,240,37,62,191,104,75,167,83,44,68,84,39,217,122,91
00636 features=764 size=49 p=5 tap=60 reset=false scheme=5 ops=0,2,3,2,1,0,1,3,2,0,1,2,3,3,1,2,1,0,1,1,3,0,1,1,2,0,0,1,2,1,3,3,3,3,3,0,1,0,1,3,0,3,3,3,2,2,0,1,3,2,2,0,3,2,3,3,2,3,3,1,0,0,2,2 ks=195,134,0,249,187,10,201,28,253,80,183,44,125,0,66,0,4,0,139,117,238,32,0,234,228,172,138,0,150,227,0,28,232,0,223,0,170,0,200,197,0,199,16,169,158,205,32,0,106,230,156,188,34,222,161,227,37,0,206,0,109,56,79,0
00637 features=838 size=47 p=5 tap=58 reset=true scheme=3 ops=2,3,3,3,1,0,0,3,3,0,1,3,3,1,2,1,2,2,2,2,3,2,1,2,1,0,3,2,1,3,2,0,1,0,3,1,1,0,0,3,3,3,3,2,1,3,0,3,1,3,0,1,2,2,3,1,2,0,2,0,1,3,2,3 ks=71,169,0,124,215,150,249,40,0,245,0,123,204,87,221,148,140,136,80,24,233,78,0,0,177,93,95,24,26,142,57,129,0,0,0,0,0,60,0,139,2,163,66,50,49,0,154,251,0,55,12,49,106,0,42,128,220,25,181,0,0,108,56,0
00638 features=791 size=42 p=5 tap=46 reset=false scheme=0 ops=0,3,3,1,1,0,0,1,2,0,3,2,3,1,1,0,3,1,2,3,3,3,3,1,1,3,2,1,2,0,1,2,1,0,2,0,0,3,0,2,3,3,1,3,1,1,3,1,2,1,1,0,2,3,2,0,1,1,2,2,1,1,2,2 ks=14,45,137,115,0,0,41,166,96,0,102,0,248,91,187,151,0,0,209,47,0,0,38,0,0,201,0,0,0,0,0,118,0,236,142,0,10,154,5,64,252,0,0,0,203,241,140,0,187,20,22,182,240,222,0,9,12,181,235,120,131,194,60,150
00639 features=681 size=16 p=5 tap=36 reset=true scheme=4 ops=2,0,2,1,3,1,3,3,1,1,0,1,1,3,1,1,0,1,2,3,2,1,3,0,1,3,0,3,2,1,2,2,3,3,1,1,1,1,2,1,3,3,2,3,1,3,0,2,2,1,1,1,2,3,3,1,1,2,0,1,2,3,0,3 ks=112,0,0,0,0,0,0,0,169,0,0,94,173,117,0,0,0,0,70,50,0,147,0,0,0,0,0,176,0,0,7,0,0,0,0,0,192,0,0,0,0,0,0,0,0,0,0,0,0,0,0,174,0,0,0,19,214,0,0,0,0,168,0,20
00640 features=945 size=64 p=10 tap=46 reset=true scheme=3 ops=3,1,2,1,1,3,0,3,2,2,1,1,1,3,1,3,2,3,2,0,1,1,2,2,1,0,1,0,2,1,0,1,0,0,1,3,3,3,0,0,2,0,2,1,2,3,1,3,1,1,2,1,1,3,1,0,3,1,3,2,2,1,0,2 ks=140,54,164,176,93,64,62,10,176,61,117,140,49,27,176,148,221,154,26,250,2,159,24,12,71,201,38,54,55,184,50,151,189,38,32,17,250,251,190,109,237,152,246,4,72,46,207,25,95,171,126,129,230,232,129,229,220,95,124,92,225,152,123,219
00641 features=642 size=18 p=2 tap=39 reset=false scheme=2 ops=1,0,1,3,2,3,0,1,1,0,1,1,2,0,0,3,0,3,0,2,0,3,0,1,2,3,3,2,3,3,3,2,2,2,1,1,0,3,0,3,1,2,2,3,3,2,1,2,3,3,3,1,3,0,0,2,3,3,1,1,0,3,2,1 ks=134,0,0,86,0,0,125,119,9,95,0,0,0,0,49,1,0,0,0,0,0,0,0,98,0,0,249,0,0,0,0,0,0,210,0,0,0,0,117,0,0,0,130,0,0,102,0,0,0,0,0,190,0,0,0,0,0,22,8,0,0,0,0,169
00642 features=844 size=33 p=10 tap=14 reset=true scheme=3 ops=1,3,1,3,1,2,3,2,0,2,0,0,0,1,3,1,1,2,2,1,2,1,2,1,1,2,2,0,2,3,2,2,1,3,2,3,2,3,2,2,3,1,2,3,2,2,2,0,1,3,0,0,3,0,1,3,2,1,2,0,1,1,0,1 ks=0,192,0,95,0,174,114,15,218,0,82,0,106,20,191,26,107,0,0,0,0,0,0,67,138,204,143,0,0,0,236,46,0,46,10,0,179,0,0,213,221,9,7,27,0,0,0,0,0,0,211,0,140,0,51,0,237,0,46,0,0,34,0,196
00643 features=864 size=21 p=2 tap=24 reset=true scheme=1 ops=0,3,0,2,1,1,0,2,2,1,0,2,1,1,0,3,1,0,0,2,3,3,1,3,2,2,2,2,2,1,1,0,2,3,2,0,1,1,1,2,1,3,1,2,0,2,0,3,0,1,3,0,0,3,3,0,3,0,0,1,2,1,3,2 ks=0,0,210,78,185,0,0,0,0,245,0,103,165,255,0,140,238,53,0,0,0,0,0,163,0,236,0,0,192,0,0,0,0,0,0,0,0,0,0,121,0,0,0,0,0,0,0,89,0,0,0,56,0,0,150,0,23,0,0,6,204,237,0,0
00644 features=926 size=40 p=10 tap=22 reset=true scheme=5 ops=0,0,1,2,1,3,3,0,0,0,2,1,3,1,1,0,0,1,3,3,3,3,3,0,3,3,2,1,2,2,1,3,3,3,3,2,2,2,1,3,0,2,0,1,3,0,2,2,0,1,0,0,2,2,1,2,1,3,2,2,3,1,2,1 ks=28,0,54,215,0,0,210,167,210,153,0,164,168,12,39,0,162,183,178,0,114,196,76,245,216,0,124,146,160,0,96,0,141,0,242,0,0,0,219,0,120,0,205,203,78,95,198,0,73,0,239,118,0,0,0,0,92,0,182,0,230,253,174,0
00645 features=937 size=64 p=5 tap=33 reset=true scheme=3 ops=0,2,1,0,2,1,1,1,0,0,0,0,0,2,3,0,1,3,2,2,1,1,1,2,3,2,2,0,1,0,2,1,2,0,3,1,3,1,0,0,2,3,3,1,0,2,1,0,0,2,2,0,1,2,0,0,1,0,1,3,1,2,2,1 ks=124,56,165,164,52,87,243,242,69,237,47,45,85,93,60,207,2,190,138,96,35,183,191,86,12,194,77,120,18,77,14,69,26,151,244,250,250,158,67,48,110,70,148,180,255,119,23,50,225,50,144,62,136,106,178,29,229,139,199,110,13,231,237,127
00646 features=581 size=15 p=2 tap=26 reset=false scheme=0 ops=2,1,0,1,3,1,1,1,3,2,3,1,0,3,0,0,0,0,1,1,3,1,3,1,0,1,1,3,0,1,0,1,1,3,3,0,3,1,2,1,2,0,0,3,3,1,0,1,2,2,3,3,0,0,2,0,1,1,3,2,0,2,2,2 ks=46,0,0,0,0,0,0,0,0,0,0,197,0,24,0,0,0,0,0,13,0,0,0,0,0,192,0,19,74,0,0,0,0,0,0,0,169,209,0,0,0,165,5,0,0,0,0,166,0,0,74,0,0,0,149,0,180,0,0,0,0,0,0,0
00647 features=996 size=64 p=10 tap=9 reset=false scheme=3 ops=3,3,2,2,3,2,0,3,2,3,1,1,0,0,2,0,2,2,3,1,2,0,2,2,3,3,1,2,3,3,3,2,1,2,3,2,2,1,0,1,3,2,1,2,0,3,2,3,0,0,0,3,3,2,0,0,3,1,1,1,2,0,0,3 ks=9,49,141,235,194,21,177,63,98,89,60,199,53,95,167,169,112,132,239,230,237,88,86,22,94,197,122,141,35,210,198,130,126,93,198,41,145,112,209,58,211,52,241,169,108,41,200,33,215,147,243,223,120,12,198,223,97,224,93,238,30,169,225,205
00648 features=1018 size=64 p=10 tap=26 reset=false scheme=4 ops=1,0,2,2,2,0,1,1,1,0,2,3,1,1,1,0,2,3,2,0,2,0,1,2,3,3,3,0,1,2,3,1,2,3,1,2,1,1,2,0,1,1,2,3,2,3,2,1,2,2,1,2,3,2,2,0,3,3,2,0,3,3,2,1 ks=86,23,85,90,182,54,151,238,94,96,193,63,166,242,212,188,120,120,16,211,65,252,25,103,255,52,84,44,188,243,108,224,219,130,45,205,163,77,31,250,112,65,131,62,81,46,86,38,183,221,150,29,132,135,187,95,13,177,18,75,207,123,156,244
00649 features=911 size=42 p=10 tap=35 reset=false scheme=5 ops=3,0,0,3,2,2,1,1,0,1,2,1,0,1,2,3,2,0,0,2,2,1,0,0,1,1,3,2,2,1,3,2,1,2,3,1,0,0,3,0,1,0,3,0,0,1,0,3,0,0,2,1,3,1,0,0,3,1,1,3,3,3,2,1 ks=73,0,114,222,0,0,44,221,133,71,18,0,0,0,0,0,0,0,155,196,0,13,6,63,134,242,0,198,190,231,0,0,0,0,0,170,136,0,14,232,51,244,188,0,25,73,20,194,116,161,153,97,0,26,130,209,0,172,164,158,47,73,0,76
00650 features=981 size=63 p=10 tap=6 reset=false scheme=3 ops=3,2,2,1,3,3,3,1,1,0,2,3,0,3,1,0,1,1,1,2,2,0,3,3,0,3,3,2,0,0,1,3,3,0,1,3,2,0,1,1,1,0,1,1,3,3,3,2,0,2,0,0,2,0,1,2,0,2,0,2,2,2,3,0 ks=88,96,143,135,16,248,102,249,203,176,37,141,65,80,11,106,150,17,119,213,22,107,2,89,78,113,6,137,247,149,242,33,37,107,172,26,152,0,98,225,216,220,24,231,159,195,42,224,251,120,132,215,178,184,226,208,53,240,172,34,88,55,160,140
00651 features=892 size=47 p=1 tap=12 reset=true scheme=3 ops=0,3,0,0,1,1,0,0,1,2,1,0,0,3,0,1,2,2,0,2,3,1,0,1,2,0,3,0,0,2,1,2,1,0,2,1,0,0,3,0,0,3,3,2,0,1,0,0,1,0,2,3,2,3,3,3,0,3,0,0,2,0,2,2 ks=245,0,170,0,0,205,252,234,86,0,25,0,186,171,236,236,226,0,0,194,71,120,227,11,138,98,155,120,14,218,178,0,88,101,0,0,41,146,66,0,194,0,0,90,0,0,192,195,12,205,0,238,79,95,56,100,36,210,228,122,0,116,106,209
00652 features=756 size=24 p=1 tap=57 reset=false scheme=1 ops=2,3,1,1,2,0,1,2,3,2,0,1,0,0,1,3,1,1,3,0,1,1,2,2,2,2,1,0,1,2,1,3,1,0,3,3,0,1,1,3,3,3,1,2,3,1,1,0,1,3,1,3,2,0,1,0,3,1,2,1,2,2,3,3 ks=6,0,177,232,195,0,0,85,233,0,0,0,0,0,0,0,0,0,234,0,0,0,197,0,0,115,226,0,163,0,123,0,0,0,74,0,0,0,174,0,0,0,0,241,29,126,0,0,0,135,0,0,0,0,251,0,0,112,0,141,31,76,25,0
00653 features=879 size=23 p=10 tap=24 reset=true scheme=3 ops=1,1,1,1,2,3,3,2,2,3,1,3,0,0,3,0,3,3,2,0,2,0,2,2,2,2,2,0,2,2,0,3,2,1,3,2,1,1,3,3,3,0,2,1,1,3,3,1,0,0,3,2,1,2,2,3,0,0,1,2,3,3,3,1 ks=65,208,0,0,0,39,154,0,0,209,95,218,0,0,0,208,0,124,126,0,0,0,0,0,0,0,0,0,242,156,0,0,32,201,45,0,0,0,0,0,17,0,0,216,97,0,205,37,0,0,223,40,0,0,0,206,0,0,0,0,0,0,0,0
00654 features=975 size=62 p=1 tap=23 reset=true scheme=3 ops=2,1,1,0,0,0,0,1,1,3,1,0,1,3,3,3,0,3,2,0,1,2,2,0,1,2,1,2,3,3,2,1,0,1,0,3,3,1,3,0,2,3,3,0,0,2,0,1,0,1,1,3,2,0,1,3,3,0,2,0,2,1,1,3 ks=174,29,129,245,189,200,61,51,166,24,216,61,9,65,200,81,74,197,37,147,97,107,13,0,108,80,154,59,25,65,0,111,161,185,165,73,219,23,148,152,57,240,57,131,29,168,103,211,186,86,172,23,51,113,94,248,93,192,13,64,52,167,160,63
00655 features=629 size=20 p=1 tap=55 reset=true scheme=3 ops=2,2,3,0,0,3,0,3,3,1,2,2,1,1,3,3,2,3,1,0,3,1,2,0,2,1,3,3,3,0,1,0,1,2,3,2,1,0,3,0,3,1,3,3,2,0,0,2,3,1,2,3,1,0,2,2,1,2,2,0,3,2,3,3 ks=0,0,0,192,82,0,0,0,245,0,0,0,0,0,0,0,0,0,181,106,0,0,113,125,14,1,111,239,0,0,0,0,251,0,0,0,0,0,0,0,0,0,0,0,123,68,0,160,0,43,4,0,0,0,30,0,0,99,0,0,0,0,0,70
00656 features=787 size=40 p=5 tap=43 reset=true scheme=3 ops=2,0,0,0,2,3,3,1,1,1,3,3,2,3,0,1,1,3,3,0,3,2,1,0,0,0,3,3,1,0,1,3,1,0,3,0,1,2,0,2,3,1,2,3,0,1,3,0,1,0,1,3,3,1,1,3,1,1,1,2,1,1,1,0 ks=0,3,213,105,12,0,107,0,217,130,151,133,188,175,232,42,175,70,255,179,0,0,0,0,149,0,0,190,0,232,79,151,138,0,111,0,0,57,243,18,0,231,0,130,59,9,0,0,0,92,0,143,66,0,0,223,240,192,154,0,0,158,27,0
00657 features=823 size=24 p=10 tap=45 reset=false scheme=3 ops=0,1,2,0,2,0,1,2,3,0,3,1,2,2,3,3,0,0,1,1,2,0,0,1,2,1,1,0,0,2,0,3,1,3,2,2,1,1,2,1,2,3,1,1,3,1,2,1,3,3,2,3,0,2,2,0,3,2,2,3,3,1,0,0 ks=0,0,0,128,150,0,0,165,0,0,133,64,0,0,108,0,122,0,0,0,35,52,58,106,0,209,218,12,0,0,0,0,97,0,0,0,89,0,0,0,145,0,0,0,163,170,0,0,0,141,0,41,25,0,0,0,0,166,0,0,0,0,0,235
00658 features=908 size=43 p=2 tap=29 reset=true scheme=3 ops=1,2,3,3,2,0,0,1,1,1,1,1,3,0,2,3,1,0,3,2,2,0,1,1,2,1,2,0,0,3,2,3,0,2,2,0,2,1,3,2,0,1,3,3,1,2,3,1,2,0,1,1,3,1,1,0,2,3,2,2,2,3,1,0 ks=20,141,179,0,0,0,0,72,69,99,0,165,183,0,0,227,0,0,0,167,0,125,0,41,224,21,0,159,126,232,0,96,193,0,218,217,0,251,254,47,248,0,3,231,0,42,157,226,54,45,0,193,40,127,213,88,106,89,0,125,0,56,181,187
00659 features=886 size=44 p=10 tap=22 reset=true scheme=3 ops=1,2,1,0,3,2,0,1,1,2,3,0,2,2,3,3,2,2,1,3,3,1,3,2,3,2,0,0,3,3,0,0,2,1,0,2,2,3,3,3,3,1,1,1,0,1,0,1,1,0,0,3,3,0,0,0,3,3,3,0,0,0,1,2 ks=0,0,58,35,104,185,136,232,0,0,110,87,159,0,94,0,213,194,241,145,0,0,220,0,69,0,0,110,135,199,85,250,176,9,0,0,248,244,52,0,0,221,249,158,54,0,0,84,45,7,247,241,114,86,0,236,129,37,147,0,4,121,0,173
00660 features=628 size=24 p=2 tap=32 reset=false scheme=1 ops=0,2,3,2,0,3,1,1,3,3,3,2,3,2,0,3,2,0,0,1,3,2,3,3,0,1,3,0,0,2,3,1,2,3,1,3,0,3,2,3,3,1,1,1,0,2,1,2,1,0,3,3,1,1,3,2,2,3,2,2,2,0,1,2 ks=0,0,50,0,0,97,98,0,49,0,0,0,146,224,227,0,0,0,244,43,0,219,0,0,8,0,44,0,232,0,72,0,0,0,0,0,0,229,40,0,0,0,0,68,0,240,183,0,0,0,0,0,11,164,0,0,0,0,132,0,0,130,110,0
00661 features=841 size=46 p=5 tap=24 reset=false scheme=0 ops=2,3,3,3,1,3,0,2,3,1,3,0,0,1,1,3,3,0,2,3,2,3,3,0,1,0,0,3,2,1,1,3,2,2,2,1,2,1,3,2,1,0,2,2,1,1,1,1,0,3,3,3,0,1,1,1,1,1,0,0,1,1,2,1 ks=116,242,229,0,0,0,202,0,236,28,146,0,81,219,247,164,177,81,28,251,0,0,48,125,128,11,32,22,2,0,78,137,0,147,0,148,139,22,0,208,0,0,74,10,0,240,236,158,77,179,245,183,85,99,166,0,166,0,248,129,0,95,121,0
00662 features=968 size=48 p=10 tap=34 reset=true scheme=1 ops=3,1,2,2,1,1,1,0,1,2,3,1,0,2,0,0,1,3,1,3,3,0,3,1,0,0,3,1,2,0,0,1,3,2,3,2,3,2,3,2,3,0,0,2,3,2,3,0,2,2,0,1,0,2,1,1,2,0,1,3,0,3,3,0 ks=152,155,187,31,101,110,0,123,0,75,0,180,134,190,182,0,203,0,151,234,0,249,27,82,42,142,53,192,18,0,0,224,8,72,67,174,137,20,0,47,0,0,135,131,0,220,22,188,25,153,0,207,114,156,95,17,176,0,0,141,0,15,37,161
00663 features=640 size=18 p=2 tap=23 reset=false scheme=0 ops=0,2,1,2,3,0,1,2,1,0,3,1,2,0,3,0,3,1,3,1,2,0,3,1,2,3,3,2,1,1,2,2,2,1,2,0,3,1,3,1,0,2,0,1,0,3,2,0,3,0,3,0,1,0,1,1,2,0,0,1,1,1,2,3 ks=78,0,0,89,0,201,0,0,0,0,0,0,0,0,0,0,0,0,0,0,0,0,0,60,0,0,0,0,0,170,60,0,78,59,0,0,0,0,0,46,0,0,0,0,230,0,187,65,195,0,0,0,138,99,43,170,0,0,0,0,182,0,0,0
00664 features=945 size=64 p=10 tap=29 reset=true scheme=3 ops=2,2,1,3,1,3,2,2,3,2,2,2,2,0,3,2,2,3,0,0,0,2,2,1,1,0,1,3,3,3,2,0,2,0,3,2,2,0,3,2,0,3,2,2,3,2,1,3,1,1,1,0,3,1,2,3,0,1,0,3,0,2,1,3 ks=102,19,53,30,151,127,33,22,18,82,2,123,215,219,30,64,150,58,22,142,176,191,53,42,94,213,247,143,162,138,105,103,251,111,241,117,40,126,194,154,215,100,63,55,237,30,112,88,176,24,104,203,213,123,251,205,231,192,99,139,53,241,141,49
00665 features=759 size=24 p=5 tap=10 reset=true scheme=0 ops=3,1,2,2,1,3,0,1,3,1,1,0,1,2,3,0,1,3,3,3,3,3,3,0,3,1,1,1,1,3,0,2,1,1,3,1,3,0,2,1,1,0,3,1,0,2,3,2,0,0,0,3,1,1,0,1,1,1,0,2,1,0,2,3 ks=232,0,0,0,0,0,207,0,0,0,64,0,168,167,0,58,0,93,155,179,0,0,0,146,0,159,0,127,0,0,0,0,0,79,230,0,0,215,1,0,0,205,0,174,0,199,0,0,0,213,0,0,0,0,0,0,128,0,176,0,0,216,0,135
00666 features=792 size=19 p=5 tap=42 reset=true scheme=3 ops=3,1,0,0,2,2,0,2,0,3,3,0,2,1,0,0,2,2,2,3,0,1,2,2,3,1,1,1,2,3,1,1,1,3,3,1,3,0,0,3,1,1,0,0,0,3,1,1,0,1,2,0,2,0,1,3,0,0,1,0,0,1,3,1 ks=195,0,0,0,0,0,79,0,0,0,28,0,0,0,0,0,0,0,0,238,0,0,227,0,0,0,0,0,0,0,116,0,0,161,120,143,115,0,118,0,201,0,125,0,0,0,0,0,238,127,0,154,0,0,0,0,0,0,0,0,199,59,0,158
00667 features=978 size=64 p=2 tap=42 reset=true scheme=3 ops=0,3,3,0,0,0,2,3,2,1,3,2,0,3,0,0,0,0,2,1,2,1,1,2,2,3,1,1,3,1,1,0,2,3,1,2,2,2,1,2,3,1,3,1,3,3,3,0,0,0,1,2,2,2,1,0,2,3,0,1,3,0,3,3 ks=73,50,232,81,251,182,92,75,148,62,24,3,58,17,21,7,113,122,12,90,209,116,22,74,5,22,107,196,198,226,83,107,141,90,176,99,50,231,41,201,124,95,168,200,131,13,146,255,87,66,120,199,232,81,4,36,218,28,84,42,235,235,143,217
00668 features=947 size=63 p=5 tap=34 reset=true scheme=3 ops=3,2,3,1,0,0,3,2,1,3,1,0,2,1,0,0,2,2,3,2,2,2,3,1,0,1,2,3,2,1,3,0,0,3,3,1,2,1,2,1,1,0,0,1,0,3,0,2,2,2,1,0,2,2,1,3,0,1,3,0,3,0,2,3 ks=5,230,219,197,105,239,117,15,14,221,221,156,40,112,49,71,46,245,85,132,67,60,163,0,143,90,191,199,8,26,181,16,243,22,101,82,174,212,10,95,233,249,15,93,99,126,2,206,131,24,98,180,140,172,183,100,199,8,9,32,75,3,163,173
00669 features=961 size=63 p=1 tap=47 reset=true scheme=3 ops=2,0,3,3,2,3,3,2,3,0,0,0,0,0,2,0,0,1,3,1,0,1,1,1,3,0,3,0,0,3,3,2,1,1,1,3,3,3,2,2,0,0,0,3,3,3,2,2,0,3,0,1,0,2,2,2,0,2,3,2,3,1,0,2 ks=205,157,175,114,52,171,112,118,0,84,55,39,175,83,156,226,61,17,70,102,231,186,196,82,242,147,72,171,222,136,175,58,96,139,145,198,215,87,42,115,33,201,46,153,223,155,105,255,8,39,218,82,101,235,181,163,177,240,232,38,101,13,170,232
00670 features=970 size=64 p=10 tap=20 reset=true scheme=3 ops=0,3,0,3,3,1,2,0,2,0,3,1,1,0,2,2,1,0,0,1,3,1,0,0,1,1,0,3,3,1,2,1,1,0,2,2,1,2,1,0,3,0,2,1,3,2,1,0,0,3,1,3,0,1,3,0,1,2,0,1,2,1,2,2 ks=102,215,174,70,247,52,110,136,179,113,20,162,29,160,89,195,222,47,59,152,66,112,36,126,159,29,36,86,122,179,191,178,230,87,179,234,218,3,126,10,241,210,37,69,165,116,77,215,54,13,225,153,80,17,188,147,211,62,171,143,125,110,79,84
00671 features=769 size=44 p=5 tap=24 reset=false scheme=2 ops=2,2,3,2,3,2,1,3,0,3,0,2,1,1,3,1,3,0,3,3,3,0,3,2,1,2,1,2,1,2,3,2,1,1,2,1,1,0,2,3,1,2,0,2,0,2,3,1,3,0,3,1,3,1,1,1,0,3,3,2,3,3,0,3 ks=60,32,0,156,228,0,219,0,210,0,19,165,27,131,78,91,75,0,46,0,145,57,0,183,0,0,159,0,72,191,189,208,0,219,97,0,62,65,141,171,195,21,61,255,52,0,0,0,0,21,86,197,88,0,0,50,0,0,191,141,12,238,140,208
00672 features=653 size=19 p=2 tap=14 reset=false scheme=5 ops=3,0,1,2,1,0,2,3,2,2,1,1,1,3,1,2,2,1,0,3,1,2,1,0,1,1,2,0,0,2,2,2,1,3,3,3,2,2,3,3,0,2,1,1,2,1,1,1,3,1,2,3,3,2,1,3,3,0,3,1,1,3,0,1 ks=0,76,52,87,0,230,35,0,0,0,2,0,225,0,215,91,172,129,0,0,0,0,0,0,0,0,0,254,59,0,0,0,0,0,187,0,0,0,0,0,0,0,0,0,50,0,0,0,0,0,0,0,0,0,0,0,0,0,137,151,0,98,113,0
00673 features=843 size=21 p=1 tap=61 reset=true scheme=1 ops=3,1,1,3,0,0,2,2,0,0,1,1,2,3,0,1,3,0,2,0,1,0,2,2,0,1,2,0,3,1,1,3,2,1,3,1,0,3,3,3,2,2,1,0,2,1,3,1,2,3,3,2,1,3,0,2,3,1,3,3,3,3,2,0 ks=0,0,0,157,0,0,0,0,0,71,177,133,0,0,0,0,0,188,0,182,0,0,0,0,0,0,0,0,0,0,0,0,0,56,135,0,0,0,155,0,149,223,254,0,136,0,0,125,0,129,0,0,0,120,108,0,0,0,114,3,6,13,0,0
00674 features=661 size=19 p=5 tap=10 reset=false scheme=0 ops=3,0,1,2,3,1,0,3,3,2,3,3,2,3,3,3,1,0,0,2,3,2,0,2,3,1,3,3,3,3,2,3,1,0,2,0,2,3,0,3,3,1,1,1,2,2,1,0,3,2,1,2,3,1,1,2,1,1,0,3,3,2,0,0 ks=180,192,0,160,0,0,0,0,0,0,44,0,35,0,0,1,0,0,0,0,0,223,0,0,0,0,170,0,0,0,0,0,0,38,0,0,0,139,0,138,203,0,0,0,0,152,128,0,0,0,0,0,245,213,0,0,0,213,235,91,0,0,0,0
00675 features=960 size=42 p=10 tap=14 reset=true scheme=0 ops=0,1,3,3,0,0,0,2,0,2,1,2,2,3,3,3,0,0,2,0,3,3,2,3,0,2,3,0,1,2,3,3,3,3,2,3,3,2,1,0,0,3,1,2,0,3,3,0,2,3,0,1,1,3,2,2,3,3,0,3,3,0,1,3 ks=0,180,247,135,0,9,74,0,100,198,0,255,54,106,23,0,62,0,0,230,151,89,0,131,0,217,90,238,0,0,73,130,34,252,203,0,0,126,141,0,111,49,208,0,0,134,128,0,83,88,247,113,81,0,243,0,187,222,0,0,0,14,22,120
00676 features=799 size=43 p=1 tap=52 reset=true scheme=3 ops=0,1,1,1,2,3,2,1,3,1,1,1,3,3,3,1,1,1,2,3,3,1,3,2,1,2,0,2,3,0,0,1,1,3,2,0,2,1,2,1,1,2,0,3,0,2,0,2,3,2,0,1,3,1,1,2,0,1,3,2,1,0,1,2 ks=171,0,0,40,254,0,0,249,0,238,242,107,159,47,150,0,0,248,65,0,0,117,0,122,217,0,133,187,217,0,22,0,111,235,191,112,98,82,0,87,131,106,223,0,20,178,174,0,130,132,241,65,62,5,129,41,0,170,0,59,91,0,0,0
00677 features=844 size=24 p=10 tap=52 reset=true scheme=3 ops=0,0,1,1,3,2,1,1,2,2,2,3,2,1,2,3,2,0,0,0,0,0,2,3,3,2,0,3,1,2,0,3,2,0,1,1,2,1,0,3,3,2,3,0,3,2,3,2,3,2,0,2,0,2,0,1,2,0,0,0,0,2,0,2 ks=0,0,86,0,0,0,191,167,61,0,0,84,0,0,0,88,0,252,92,0,0,0,139,13,0,0,0,111,244,0,0,0,153,99,0,0,0,249,110,0,179,0,120,0,0,188,0,0,0,0,0,42,138,0,0,0,0,0,0,127,0,50,0,204
00678 features=788 size=23 p=5 tap=36 reset=false scheme=5 ops=2,2,2,2,0,2,3,1,1,2,3,3,1,3,3,1,0,0,0,2,0,3,1,0,1,1,0,0,3,2,1,1,1,3,1,3,2,3,2,0,3,1,3,3,1,3,2,2,3,1,0,1,3,0,3,3,1,2,0,0,1,1,2,2 ks=0,0,226,0,0,0,0,60,0,0,0,0,0,20,0,0,0,229,0,0,178,184,0,0,0,0,0,0,172,0,0,102,32,0,0,101,0,0,170,0,246,0,0,179,0,0,226,0,0,10,0,0,0,0,165,202,92,0,202,168,93,176,8,0
00679 features=970 size=64 p=2 tap=23 reset=true scheme=3 ops=2,1,3,3,3,3,2,1,3,1,3,0,2,0,3,0,0,1,1,3,3,0,2,3,1,0,2,3,0,1,2,3,2,1,0,3,3,1,3,3,3,2,0,0,2,1,3,1,1,3,1,3,3,3,1,2,0,1,2,2,0,3,0,0 ks=122,232,90,189,149,9,26,103,209,34,169,3,224,58,42,139,77,163,197,222,32,193,54,210,211,168,208,5,217,182,170,120,105,238,149,246,140,110,16,225,73,87,159,37,213,68,31,70,194,53,90,177,255,3,78,35,239,7,171,188,206,202,36,170
00680 features=856 size=39 p=1 tap=4 reset=true scheme=3 ops=1,3,1,1,1,3,1,0,3,0,3,2,3,3,3,0,1,1,3,3,0,1,1,1,3,3,2,2,3,1,1,1,1,0,2,2,3,3,3,3,0,0,3,0,2,0,0,1,0,0,1,2,3,3,1,1,3,2,1,2,3,1,0,3 ks=224,0,0,16,8,0,127,120,0,33,250,0,73,0,17,61,0,143,246,0,133,0,0,147,227,149,161,0,0,197,36,0,110,0,0,7,216,47,206,154,0,173,31,0,10,0,180,238,166,185,247,0,0,0,104,154,0,0,0,16,166,25,0,54
00681 features=852 size=43 p=10 tap=32 reset=true scheme=3 ops=1,2,0,1,1,3,2,0,0,1,1,2,2,0,2,1,1,1,1,0,1,1,0,0,0,1,0,3,0,2,1,1,1,2,0,2,1,1,2,0,2,2,0,2,1,1,2,2,3,3,2,3,0,0,0,2,1,2,1,2,2,0,3,2 ks=126,127,146,104,0,230,215,94,0,80,22,0,0,0,0,41,0,42,0,1,127,88,223,255,91,248,186,60,0,142,0,31,156,38,171,123,0,231,0,92,0,0,0,0,186,0,0,193,109,0,43,8,140,216,0,201,23,42,169,0,47,36,172,254
00682 features=560 size=20 p=10 tap=36 reset=false scheme=4 ops=2,2,0,0,3,3,3,1,2,2,3,1,0,3,3,2,2,2,3,1,3,3,1,3,1,2,3,0,0,1,0,0,3,2,1,1,2,2,0,2,3,3,3,1,3,0,3,3,0,1,3,0,0,2,3,1,0,3,1,1,2,1,3,1 ks=0,122,251,128,239,0,128,0,0,0,0,48,0,0,0,0,0,0,234,0,66,59,220,132,18,0,0,13,0,0,0,0,0,0,128,0,0,0,0,0,0,0,0,64,0,233,0,0,0,0,164,0,0,0,32,0,0,245,0,0,0,0,55,0
00683 features=814 size=36 p=2 tap=16 reset=false scheme=2 ops=3,0,3,2,3,3,1,2,3,2,1,2,2,3,3,0,0,3,0,2,3,1,2,1,0,3,3,0,0,2,3,1,0,3,2,3,1,2,0,3,1,2,1,3,0,1,2,0,0,1,1,3,3,3,3,1,1,2,2,0,3,3,2,2 ks=178,0,197,22,0,164,116,86,144,131,205,0,0,0,0,42,214,71,135,48,0,137,93,103,0,0,191,7,17,66,251,237,0,0,91,0,96,181,129,0,186,0,0,66,135,0,0,0,0,156,0,0,21,0,0,0,0,18,0,0,134,0,13,7
00684 features=699 size=20 p=10 tap=42 reset=false scheme=3 ops=0,0,1,1,1,0,3,3,0,3,2,2,2,0,0,3,1,3,1,3,0,2,2,1,1,3,1,1,3,0,1,2,1,2,1,1,0,0,0,1,3,3,1,1,3,0,1,0,3,1,2,3,2,0,2,2,1,1,1,3,1,0,2,1 ks=0,0,164,0,0,143,0,0,0,0,252,0,253,0,0,0,0,0,0,0,0,134,0,179,0,218,0,0,76,210,0,77,0,0,0,173,0,0,0,0,0,86,0,62,54,0,0,0,0,0,0,0,48,238,0,48,135,0,25,0,0,0,0,21
00685 features=829 size=43 p=5 tap=58 reset=false scheme=1 ops=0,2,3,1,2,1,3,2,1,1,0,0,3,3,2,0,3,0,0,3,0,2,1,3,2,1,2,3,3,2,1,2,3,0,0,2,0,0,2,2,0,2,1,1,2,3,2,2,3,3,1,0,2,2,1,3,2,2,2,3,2,3,1,3 ks=0,0,113,0,60,97,141,177,110,64,0,85,183,159,41,248,0,180,183,0,132,26,133,0,221,65,157,183,0,43,9,157,0,77,0,0,86,77,16,58,127,0,80,0,116,0,107,0,137,110,90,116,79,0,0,66,193,181,151,0,0,0,173,0
00686 features=861 size=38 p=1 tap=50 reset=true scheme=3 ops=0,2,1,3,1,3,2,0,0,1,0,2,0,1,0,0,0,2,1,1,2,1,2,2,0,3,1,1,0,2,0,3,1,1,3,0,2,2,0,0,0,0,1,3,1,0,1,1,3,2,0,1,3,3,1,0,1,3,1,2,3,2,0,1 ks=188,68,2,0,204,31,3,0,123,169,0,86,186,242,120,207,0,91,0,52,0,37,239,0,141,0,21,106,0,117,97,0,11,0,143,128,0,0,0,0,42,228,135,50,135,0,0,0,115,184,76,0,227,0,89,142,41,0,0,0,0,0,147,0
00687 features=951 size=64 p=2 tap=60 reset=true scheme=3 ops=0,1,3,1,1,0,1,1,2,2,1,0,0,0,3,0,3,0,2,2,0,0,2,3,1,1,0,0,0,1,0,3,1,1,2,0,3,3,2,3,0,2,2,1,2,3,1,3,0,3,2,0,2,2,0,1,0,0,3,3,3,3,2,2 ks=227,218,247,116,166,41,250,3,39,167,22,5,247,200,65,143,206,175,238,193,183,133,61,38,93,15,138,76,58,53,3,200,81,106,50,156,86,11,85,134,132,14,42,58,93,153,209,6,224,189,198,200,109,111,165,81,109,202,37,162,208,186,132,210
00688 features=925 size=51 p=10 tap=44 reset=true scheme=4 ops=2,3,3,1,1,3,0,3,1,3,2,0,1,2,3,1,3,2,1,3,0,1,0,2,3,1,0,1,3,2,2,3,3,3,3,1,1,2,1,3,0,3,3,3,2,1,1,3,3,0,3,0,3,0,3,1,2,0,3,0,2,2,1,0 ks=208,101,1,192,0,63,142,154,0,0,242,89,59,218,0,105,190,154,165,11,229,166,72,114,100,115,193,0,15,147,59,97,75,0,0,0,184,96,208,218,0,38,197,52,0,75,81,253,156,77,238,99,0,53,0,0,132,219,114,96,206,178,16,203
00689 features=776 size=21 p=1 tap=8 reset=true scheme=3 ops=0,2,2,2,3,3,3,2,2,2,0,0,0,0,2,3,2,1,1,3,2,0,3,3,3,3,0,1,3,0,0,3,1,3,0,0,1,1,1,1,0,2,1,0,0,2,3,2,2,3,1,1,1,3,1,2,0,1,1,1,3,0,2,2 ks=0,0,170,0,230,0,0,0,155,0,0,0,0,93,0,0,0,0,24,0,0,0,170,0,79,0,0,0,106,0,102,240,0,0,178,128,185,0,0,107,230,0,236,0,83,0,0,0,0,0,0,180,0,0,0,0,233,209,0,0,243,0,0,0
00690 features=982 size=64 p=5 tap=35 reset=false scheme=2 ops=1,0,3,2,1,3,3,0,3,0,2,3,1,0,3,1,0,1,0,3,1,0,2,3,1,1,2,0,3,1,3,3,2,1,3,3,0,0,3,1,0,2,3,1,0,2,0,1,1,1,1,2,1,2,3,0,0,1,0,2,2,3,1,1 ks=19,3,18,66,223,103,238,101,185,191,209,80,122,239,50,115,134,38,127,219,80,220,188,126,136,209,25,120,168,244,56,41,109,47,194,170,38,103,122,210,228,252,196,27,40,54,147,183,204,63,254,98,40,80,171,149,43,32,219,229,216,184,12,184
00691 features=702 size=23 p=5 tap=15 reset=true scheme=1 ops=3,0,3,1,0,3,0,3,0,3,1,1,0,3,2,1,0,1,0,1,1,3,0,3,1,1,1,3,0,3,2,1,3,1,1,0,3,3,1,3,3,2,0,3,1,1,1,3,3,1,3,1,2,0,1,0,2,2,2,0,1,1,2,3 ks=183,0,0,0,175,0,157,0,0,133,0,0,200,0,156,0,0,0,0,152,0,0,189,79,0,0,0,0,0,0,88,0,199,0,70,0,191,172,133,10,97,0,0,0,0,0,0,0,0,0,0,68,126,0,243,0,0,108,0,164,0,0,108,0
00692 features=606 size=17 p=2 tap=46 reset=false scheme=3 ops=2,3,2,1,3,3,3,0,2,1,1,1,0,2,2,0,1,1,0,1,1,3,1,3,2,3,2,1,3,0,3,3,3,3,2,3,2,3,3,3,3,1,2,1,3,3,2,3,3,0,0,1,1,3,0,3,2,2,1,3,2,0,0,0 ks=115,0,201,0,0,0,0,0,148,55,0,55,0,0,49,0,0,0,0,245,0,0,0,0,0,0,0,0,0,24,188,0,0,74,0,0,0,0,0,0,0,0,70,0,164,0,0,0,0,0,75,141,158,240,0,0,0,0,108,0,0,0,0,0
00693 features=774 size=22 p=10 tap=24 reset=true scheme=3 ops=3,2,1,2,0,0,0,0,1,3,2,0,1,0,0,3,0,3,1,1,2,0,1,1,1,3,0,2,2,3,1,2,2,1,1,1,0,0,2,3,1,2,3,3,0,2,0,3,2,3,2,3,2,1,0,0,2,0,2,0,3,2,2,2 ks=0,0,36,0,0,0,0,197,0,0,181,0,0,157,160,0,0,192,0,0,187,0,0,124,0,0,93,0,0,0,0,0,97,79,0,0,137,0,0,203,0,0,86,0,151,0,11,0,190,0,0,93,242,0,0,153,0,0,0,94,235,0,0,0
00694 features=759 size=20 p=5 tap=46 reset=true scheme=3 ops=3,1,1,2,2,1,3,3,3,3,2,2,2,2,0,1,0,3,2,1,3,0,3,2,1,2,3,1,0,0,0,0,1,3,3,0,2,0,2,3,0,2,3,3,3,1,2,1,1,2,2,3,0,2,1,0,2,2,3,2,0,2,1,2 ks=77,35,0,0,0,0,0,63,0,110,0,117,90,92,0,0,240,0,0,141,78,0,0,0,0,0,22,0,0,0,0,0,0,0,0,0,0,0,0,0,0,0,0,0,0,0,60,90,0,0,136,0,0,0,207,0,220,0,82,53,0,0,80,131
00695 features=843 size=36 p=2 tap=34 reset=false scheme=3 ops=2,0,3,1,1,1,3,0,2,1,3,3,1,0,1,1,0,0,2,3,3,0,1,2,1,2,0,3,1,3,1,2,3,0,2,2,0,0,3,0,3,2,0,3,3,0,1,1,3,3,2,0,1,1,2,2,2,3,1,0,0,3,1,2 ks=0,0,0,67,0,218,174,172,195,0,0,0,47,0,148,239,186,174,0,201,83,86,13,0,127,0,161,101,222,14,249,122,0,93,253,180,0,0,192,73,30,86,92,243,0,0,0,0,0,0,0,3,0,231,0,29,191,129,0,0,0,0,250,0
00696 features=688 size=18 p=2 tap=24 reset=true scheme=3 ops=1,3,1,3,1,2,2,2,1,2,0,2,2,3,1,2,2,1,3,1,3,3,2,3,2,3,0,2,1,3,2,0,1,0,2,1,2,0,1,1,3,3,2,3,0,2,0,2,0,3,1,1,1,0,0,3,1,1,2,0,2,0,3,3 ks=0,0,0,0,0,0,250,69,0,0,0,141,0,0,0,59,0,0,0,50,197,0,0,133,0,0,0,0,0,0,0,186,0,94,0,0,0,209,233,0,0,0,0,0,220,0,0,0,0,0,181,0,0,0,0,13,14,157,108,0,0,66,0,0
00697 features=817 size=35 p=2 tap=32 reset=true scheme=3 ops=3,1,1,1,1,0,2,1,3,2,3,1,2,2,2,0,0,3,2,0,3,2,2,1,2,1,1,2,0,0,3,2,1,1,3,0,0,0,0,3,1,3,2,1,1,2,3,0,2,2,2,3,0,2,0,1,1,0,0,3,0,0,0,1 ks=227,0,0,0,146,239,189,0,223,0,139,0,73,0,0,174,0,0,160,0,220,92,130,159,0,96,214,0,0,0,57,229,248,0,0,0,38,27,167,0,24,174,0,0,0,2,24,50,0,70,0,0,175,136,208,97,0,108,181,78,0,0,5,0
00698 features=613 size=23 p=2 tap=35 reset=false scheme=0 ops=3,2,2,2,2,1,0,1,3,2,3,1,1,1,1,1,1,1,0,1,0,2,2,0,1,0,2,0,2,2,0,0,3,0,2,1,2,0,1,2,3,1,2,3,3,2,1,2,3,3,3,0,0,1,1,3,1,1,0,3,2,3,0,3 ks=0,0,56,23,142,0,238,0,0,0,0,251,193,137,204,0,85,0,0,0,84,232,0,0,0,0,0,140,0,0,0,66,0,0,0,0,16,0,0,98,212,165,28,0,108,0,0,0,0,0,0,0,0,0,62,204,155,0,0,0,21,0,0,0
00699 features=727 size=24 p=5 tap=38 reset=false scheme=3 ops=0,0,3,0,0,2,0,0,3,2,0,2,0,0,3,0,1,2,0,3,1,3,1,2,1,1,0,3,3,3,2,2,3,2,0,2,0,1,0,3,1,1,3,3,0,2,1,3,1,2,2,0,3,0,0,3,0,1,3,1,1,1,1,2 ks=0,0,0,0,0,202,0,156,0,199,0,0,98,0,0,223,0,0,0,0,0,144,0,0,98,223,0,24,116,0,0,200,0,0,0,229,254,227,0,0,30,0,0,0,0,0,0,194,0,16,183,0,115,0,0,151,0,0,187,0,115,9,175,0
00700 features=758 size=23 p=1 tap=36 reset=true scheme=3 ops=3,0,2,2,0,2,1,3,3,2,3,2,1,1,3,3,0,0,1,0,0,1,3,2,3,2,1,2,1,0,3,1,3,3,3,1,0,1,2,0,2,1,0,0,1,3,3,0,3,1,1,1,2,2,1,2,2,2,1,0,2,2,0,1 ks=0,0,0,120,0,57,0,0,26,116,0,153,185,0,0,0,0,0,0,0,0,0,0,225,0,0,0,0,0,171,0,179,188,92,0,43,0,0,0,0,0,221,0,0,0,163,145,0,0,54,51,158,0,37,32,98,159,0,0,0,50,0,0,0
00701 features=850 size=43 p=10 tap=24 reset=true scheme=3 ops=2,0,0,0,3,2,2,0,3,1,1,3,1,0,0,0,1,2,2,1,3,2,3,2,1,2,1,1,2,0,0,3,0,3,1,3,0,1,0,3,0,2,0,1,2,2,0,3,3,2,3,0,3,3,0,0,3,1,3,3,3,1,3,0 ks=0,230,0,209,0,159,248,0,15,185,0,0,25,159,57,0,204,120,224,118,64,8,248,217,0,253,148,239,0,113,20,37,17,150,0,148,7,0,77,173,0,9,173,155,89,120,0,44,0,74,0,153,247,0,211,0,39,0,0,0,0,57,63,90
00702 features=698 size=21 p=10 tap=44 reset=false scheme=2 ops=1,1,1,3,0,0,1,3,1,0,2,0,2,1,2,0,3,0,1,2,1,3,0,3,0,3,3,3,0,1,3,0,0,0,2,3,0,1,0,2,3,3,2,0,2,3,2,1,1,3,1,0,3,0,2,2,0,0,0,3,2,0,3,0 ks=0,0,0,85,114,0,0,0,0,141,57,0,0,0,0,0,0,19,0,0,0,0,0,80,185,104,160,0,0,34,17,0,0,0,0,0,0,0,0,0,0,0,0,65,0,0,0,214,0,225,157,0,0,140,0,226,105,0,16,0,0,203,14,0
00703 features=972 size=64 p=5 tap=32 reset=true scheme=3 ops=2,2,2,3,1,0,2,1,2,2,0,2,0,0,1,1,0,0,0,3,1,1,2,1,1,0,3,3,1,3,1,2,3,2,2,1,0,2,3,1,0,0,0,1,3,1,0,1,1,1,1,0,3,3,2,2,0,2,1,3,0,3,3,3 ks=232,154,29,129,58,112,252,217,255,83,123,53,113,244,64,167,211,70,153,4,76,86,129,222,204,192,186,204,26,5,230,28,32,22,100,179,246,146,35,34,166,47,131,37,8,60,182,57,187,233,204,101,179,61,189,74,69,201,182,137,143,153,14,218
00704 features=738 size=45 p=2 tap=40 reset=true scheme=3 ops=3,0,3,0,2,1,2,3,2,3,0,2,1,1,3,2,1,2,2,1,2,3,2,3,1,3,2,3,1,3,1,1,1,1,1,3,0,3,2,0,0,0,0,1,1,1,1,3,1,1,3,2,1,3,3,3,1,0,0,1,3,3,1,3 ks=164,221,223,15,205,0,0,220,103,189,0,168,252,0,0,91,0,0,212,168,255,0,61,0,69,0,0,35,0,23,73,0,0,61,54,62,238,192,72,221,234,199,213,0,205,0,255,153,147,250,0,185,0,149,91,0,188,240,58,102,45,2,193,46
00705 features=1038 size=64 p=2 tap=44 reset=true scheme=4 ops=3,2,3,2,3,0,1,1,3,3,1,3,0,3,1,3,3,1,1,0,3,3,1,3,2,2,1,3,0,1,3,0,1,3,0,1,3,3,3,1,0,0,1,3,3,2,3,0,0,0,3,2,2,1,3,2,1,2,0,1,0,3,3,3 ks=139,44,13,108,70,170,117,240,143,176,85,2,207,90,176,19,166,85,102,138,153,127,8,45,234,245,184,238,107,204,249,7,132,6,132,58,244,87,131,102,59,7,94,2,224,43,189,1,17,114,37,96,108,11,237,192,36,126,81,204,146,222,187,170
00706 features=840 size=38 p=10 tap=33 reset=true scheme=3 ops=2,2,3,3,0,0,0,3,3,3,1,2,3,0,1,2,3,2,0,3,1,2,1,3,2,2,1,0,3,2,0,0,3,3,0,2,3,2,1,0,2,3,3,0,1,2,1,0,1,3,2,2,2,1,1,1,0,2,1,2,1,3,3,1 ks=76,88,28,0,0,0,0,99,107,0,229,0,81,0,0,0,0,0,0,0,31,0,0,247,4,144,108,236,72,206,48,226,123,151,198,0,0,57,0,118,54,86,212,234,0,31,0,0,116,114,0,0,241,242,25,0,129,238,7,0,222,0,127,25
00707 features=796 size=38 p=1 tap=55 reset=true scheme=3 ops=1,2,0,3,1,3,3,2,0,3,0,2,3,2,3,2,2,1,3,2,2,0,1,0,0,1,0,0,2,3,2,2,0,0,2,2,1,3,0,1,0,1,0,2,3,3,1,0,1,3,1,1,0,2,3,0,0,2,1,3,0,0,2,3 ks=0,74,76,225,0,238,0,19,129,211,175,0,0,0,0,0,0,85,0,231,0,165,1,31,185,180,140,113,240,40,0,6,38,0,125,0,0,0,6,0,181,0,0,186,0,118,227,253,215,0,0,229,232,0,60,143,61,0,84,155,0,164,182,0
00708 features=792 size=24 p=1 tap=35 reset=true scheme=2 ops=0,1,2,2,0,2,0,2,0,2,1,0,2,3,1,3,2,0,3,3,1,1,3,3,0,0,2,0,1,3,1,3,2,3,0,1,3,2,1,1,3,2,0,0,3,2,3,3,3,1,2,1,2,0,3,0,0,2,1,3,1,3,3,3 ks=0,11,0,0,181,175,0,212,231,0,0,83,97,81,0,0,109,20,13,0,8,0,0,0,232,0,147,126,0,242,0,36,0,0,0,0,0,0,0,0,137,0,0,0,0,0,33,0,0,0,0,0,0,213,0,29,0,0,115,0,0,184,250,0
00709 features=706 size=24 p=2 tap=26 reset=false scheme=5 ops=2,3,2,0,2,3,2,1,1,0,1,0,3,0,0,2,3,2,1,0,3,3,0,3,0,1,1,3,0,1,1,0,1,3,3,0,3,0,2,0,1,0,2,3,3,3,2,3,1,1,1,2,0,1,0,1,1,2,1,3,0,3,0,3 ks=0,0,247,0,177,21,0,0,0,18,0,0,68,0,0,97,0,0,0,0,0,248,0,0,21,0,0,218,0,0,0,0,0,0,84,0,168,0,60,183,171,0,221,0,59,202,0,0,0,121,0,16,150,0,0,160,249,0,0,0,226,0,0,106
00710 features=835 size=43 p=2 tap=8 reset=false scheme=3 ops=1,2,3,3,1,3,0,3,2,3,0,1,3,1,2,0,2,3,3,2,2,1,2,2,1,0,3,0,3,1,1,1,3,0,2,1,0,2,0,3,0,3,2,2,0,2,2,3,3,2,2,2,2,1,1,0,0,2,3,1,0,1,1,3 ks=18,0,171,34,143,0,20,152,36,31,0,205,155,0,0,220,17,0,24,51,92,0,0,52,63,119,128,0,168,213,0,66,0,0,61,130,0,195,0,75,0,229,183,115,8,0,15,35,42,231,208,0,22,0,248,0,31,0,50,127,12,83,0,238
00711 features=827 size=24 p=1 tap=16 reset=true scheme=3 ops=1,2,0,1,1,2,3,1,3,3,2,2,3,3,2,3,3,0,0,0,3,1,3,2,0,2,0,0,0,3,3,3,3,0,2,3,1,0,0,3,0,3,2,0,1,0,0,2,2,1,2,2,2,2,2,2,1,0,3,3,3,2,1,0 ks=0,116,0,238,0,0,183,0,0,0,16,0,0,233,84,46,0,0,0,0,217,0,155,0,0,0,0,0,0,0,0,0,30,102,0,0,53,190,237,0,136,0,144,89,0,198,0,0,165,0,87,120,122,0,0,0,0,0,0,0,214,0,0,246
00712 features=851 size=23 p=10 tap=28 reset=true scheme=3 ops=0,2,2,0,3,0,2,1,0,1,3,3,1,1,0,3,1,0,1,1,3,0,0,1,2,3,0,1,0,1,2,3,2,2,2,1,1,2,2,1,1,1,3,3,0,1,2,0,0,0,2,1,0,2,3,1,1,3,3,3,0,0,3,2 ks=0,0,0,0,14,0,0,0,0,190,80,0,0,71,68,0,79,0,225,0,0,0,0,0,25,0,0,237,0,136,0,0,0,0,0,44,0,0,106,0,196,176,0,0,0,83,0,78,0,218,0,0,0,92,210,0,0,252,0,0,0,185,22,94
00713 features=764 size=47 p=10 tap=6 reset=false scheme=5 ops=3,3,0,0,1,2,3,3,3,1,2,1,0,0,2,1,1,3,0,1,3,2,3,3,1,2,1,3,0,1,1,2,3,1,3,0,1,0,1,1,1,1,1,3,2,1,0,0,2,2,3,1,2,1,1,0,1,3,3,1,1,0,0,2 ks=213,14,249,213,250,19,235,177,0,0,146,0,167,0,57,209,101,0,158,205,124,182,57,0,88,0,169,241,0,0,182,196,0,0,70,0,51,239,15,145,6,126,46,156,116,0,67,0,113,0,57,169,167,0,217,219,252,59,63,0,95,226,181,49
00714 features=927 size=64 p=10 tap=37 reset=true scheme=3 ops=0,2,1,3,2,3,1,2,1,3,1,2,1,2,1,2,2,0,1,1,1,0,0,1,3,2,0,2,0,2,3,0,2,3,3,2,3,2,3,2,3,2,3,3,1,1,0,3,2,3,0,1,1,1,2,1,2,0,1,0,0,0,0,1 ks=83,94,21,151,47,118,120,171,100,94,108,69,134,151,248,190,230,247,12,100,84,149,173,137,173,60,13,13,157,22,225,121,242,235,50,39,63,49,203,17,42,193,176,78,46,65,191,191,6,45,199,134,48,101,14,200,141,144,20,50,196,176,220,48
00715 features=863 size=43 p=5 tap=35 reset=true scheme=3 ops=3,3,0,3,3,3,3,2,3,3,2,0,1,1,0,1,0,0,2,0,0,1,1,2,0,2,3,0,3,1,0,2,0,3,3,2,1,3,3,1,3,0,3,2,1,1,1,2,2,3,0,2,0,3,0,0,3,2,1,3,3,1,1,0 ks=50,0,0,157,38,0,0,0,186,192,55,58,251,0,155,134,58,40,0,0,39,222,70,202,46,202,0,0,55,178,228,120,0,7,9,0,23,0,239,82,0,0,214,163,85,0,179,44,165,110,187,119,123,0,252,0,86,47,165,0,22,0,0,94
00716 features=995 size=64 p=10 tap=34 reset=true scheme=0 ops=2,3,1,2,2,1,0,2,2,3,3,1,1,1,0,0,1,3,0,1,3,2,2,0,3,2,1,2,1,2,2,3,2,3,3,0,0,0,2,2,2,1,3,0,0,3,0,2,2,2,0,3,2,2,2,0,0,2,2,3,0,3,1,0 ks=111,130,201,121,170,215,231,124,127,58,64,44,226,185,250,194,190,125,32,233,214,225,3,145,92,189,252,200,99,124,8,25,67,240,144,228,242,13,95,37,6,48,110,164,232,196,3,167,120,124,146,227,234,41,159,134,217,80,132,28,133,87,161,105
00717 features=768 size=26 p=2 tap=31 reset=true scheme=3 ops=2,1,3,0,2,3,1,1,2,2,1,2,1,2,2,0,0,0,2,2,3,1,1,3,2,2,0,3,3,3,2,0,1,3,2,2,2,3,2,3,3,0,2,0,2,0,3,3,0,2,2,3,1,2,0,2,2,3,2,2,3,2,2,1 ks=0,0,0,192,115,0,0,0,0,3,125,0,0,0,50,248,148,150,65,0,190,47,180,0,62,94,0,187,246,156,0,0,32,0,49,0,0,0,200,0,0,0,164,103,0,151,0,0,0,198,0,0,88,0,0,0,0,0,0,0,52,0,0,0
00718 features=968 size=64 p=10 tap=34 reset=false scheme=4 ops=3,3,0,2,3,0,1,1,2,3,3,0,2,0,3,3,1,2,3,0,3,2,1,2,1,3,1,2,0,2,2,0,0,3,3,3,2,0,0,2,2,1,0,0,2,0,2,1,2,0,0,3,2,2,0,2,1,3,0,1,0,1,3,2 ks=252,247,156,141,133,147,124,26,140,245,142,167,202,192,120,224,191,24,193,220,153,145,131,237,165,46,72,37,210,190,211,56,238,191,138,102,105,105,124,206,43,197,188,152,247,195,112,109,227,121,235,80,211,177,205,49,181,231,242,253,190,15,58,214
00719 features=975 size=64 p=5 tap=30 reset=true scheme=3 ops=1,0,1,0,3,2,1,3,2,0,2,1,0,3,3,0,2,0,2,0,0,3,2,2,3,3,3,2,2,3,3,2,0,1,0,3,1,2,0,3,3,1,2,0,3,0,3,0,3,0,2,3,0,1,2,3,1,0,2,2,3,2,0,1 ks=7,99,109,55,118,218,227,178,237,80,151,248,108,233,190,138,16,182,165,237,240,14,21,217,223,57,171,173,135,225,145,196,94,115,167,214,25,202,42,61,6,75,241,159,62,101,162,44,158,23,242,34,112,47,124,53,163,156,223,206,239,7,58,18
