355 5182 -1878 -6154 251 5381 -1726 -4021
-563 1654 -1060 -1070 934 245 167 -245
438 1741 -209 1762 -842 1287 747 -1030
1939 -1353 -264 -2041 -1756 -546 -239 -2804
5631 3919 -732 -6849 -4464 4006 -407 2163
-38 4758 -1232 -5718 2833 4110 -692 -4099
343 2222 -1762 -362 -418 -1094 -446 -1219
-532 1879 -1307 1126 -1459 1337 249 -122
2995 -1893 -119 -3252 -3357 353 623 -3275
5461 4934 539 -7040 -2208 6337 -1877 1922
126 4036 -1030 -4667 3731 1691 -301 -3419
688 3229 -3005 -268 -1862 -1140 -325 -2121
-1515 1263 -2105 -37 -1642 1649 -994 557
4316 -1927 911 -4112 -4212 1818 1710 -3085
4683 5448 1585 -6332 861 6255 -3056 1230
806 3593 -1575 -4026 2499 -1163 -552 -2418
479 4274 -4381 -923 -3692 491 440 -2633
-1876 421 -2244 -1285 -1579 2355 -2358 490
5300 -1351 2096 -4180 -3196 4063 2382 -2255
3990 5416 2143 -5444 3690 4399 -3178 150
1994 3533 -2665 -3903 0 -3132 -1320 -1580
-391 5171 -5436 -2178 -4431 2424 1403 -2552
-1697 -510 -1645 -2103 -1546 2745 -3407 -213
5751 -485 3302 -3656 -1350 5418 2266 -839
3458 4904 1870 -4549 4335 1672 -2818 -517
3123 4080 -4215 -4519 -3229 -2845 -2830 -1699
-1445 5448 -5713 -3562 -3138 4692 2104 -1541
-860 -1147 -507 -2374 -1011 2871 -3917 -1345
5411 605 4165 -2260 825 4907 1526 233
3613 4062 785 -4322 2692 -1659 -2002 -501
3888 5119 -5422 -5912 -6012 59 -3888 -2225
-2510 5326 -5492 -4576 -1247 6101 2304 -177
239 -1251 809 -1707 -52 3061 -3567 -2215
4578 1087 4082 -1083 2611 3488 173 739
4401 3320 -454 -4340 -80 -3741 -1274 176
3862 6387 -5966 -3446 -6408 3663 -4476 -3331
-3015 4522 -4357 -2343 975 5450 1667 1252
1319 -745 1719 -1889 180 2644 -2602 -2558
3705 804 3160 -2887 2653 1636 -1013 533
5519 2924 -1674 -4646 -3696 -2693 -1020 1530
3201 7363 -5571 -4993 -4194 7316 -4061 -4480
-2938 3694 -3210 -2662 3185 3743 609 2156
1692 188 1871 -648 261 1829 -1540 -1997
2917 373 2021 -2156 1494 -483 -1639 -161
6928 3260 -2314 -5927 -6589 366 -1831 2949
2173 8004 -4564 -6388 -610 8996 -2754 -4981
-2127 2889 -2170 -2068 3393 1550 -885 2172
1335 1236 1050 748 150 1682 -877 -739
2744 -886 605 -2399 -625 -1468 -1437 -1122
7928 4181 -2034 -7562 -6445 4260 -2989 4002
1159 7988 -3344 -7005 3540 7578 -1617 -4681
-1070 2886 -2024 -946 1713 -878 -1711 1526
230 1946 -442 1674 -904 1574 -1260 735
3368 -2014 -101 -3469 -3012 -318 -372 -1675
8328 5410 -988 -9219 -3693 8297 -4662 4193
442 7124 -2213 -6699 6211 4285 -587 -3435
156 3423 -2800 623 -627 -2003 -1503 588
-980 2226 -1925 1919 -1318 1734 -2117 1980
4525 -2525 171 -5012 -4537 1630 1036 -1291
7724 6664 651 -9960 247 9356 -5750 3185
502 6019 -1783 -5489 5746 149 -362 -1920
773 4543 -4238 1830 -3240 -429 -708 -181
-2075 1578 -2863 1090 -1235 2561 -3536 2174
5960 -2626 1091 -6595 -3591 4282 2256 -52
6687 7150 1811 -9836 4316 7433 -5971 2178
1262 5186 -2299 -4043 2734 -3517 -924 -613
572 5818 -5830 2160 -4870 2100 706 32
-2431 497 -2926 -313 -1268 3535 -4659 1656
7010 -1828 -975 -7525 -1523 6708 2761 1490
5634 7152 -2788 -8852 6796 4104 -5452 1081
2640 4754 -5770 -2814 -1439 -4095 -2057 -57
-446 6807 -6502 1390 -3988 4609 1994 981
-2158 -763 -3135 -1924 -533 3681 -4949 566
7523 -721 38 -7558 802 6972 2002 3490
4768 6236 -2058 -7348 5932 -315 -4064 543
4000 5234 -7260 -2297 -5591 -1397 -3184 -320
-1759 7062 -7738 3 -1653 7049 2658 2772
-1047 -1455 -2177 -2957 642 3633 -4110 -698
7039 473 1621 -6540 3492 5644 942 4293
4637 5230 -2476 -6099 2527 -3810 -2581 1348
4923 6337 -9039 -2766 -7417 2638 -3533 -1651
-2892 6679 -8140 -1527 1100 7566 2581 4556
260 -1507 -660 -2994 1136 3543 -2806 -1215
6030 1266 2557 -5097 4717 3437 -279 4336
5464 4304 -3773 -5468 -1624 -3914 -1665 2713
4913 7684 -10532 -4205 -5544 6947 -2835 -3015
-3574 5722 -7439 -2821 4041 5567 1312 5712
1361 -871 1001 -2111 1098 2669 -934 -963
4510 1263 2488 -3395 3482 335 -1162 3489
6632 3677 -5363 -5732 -5633 -972 -1399 4240
4070 8867 -11005 -5977 -1705 10108 -1123 -3608
-3554 4661 -6218 -3161 5434 2874 36 5868
2009 472 2177 -406 1142 2188 461 422
3396 408 1377 -2493 1434 -1331 -806 2025
8077 3969 -6910 -7075 -7158 2801 -2604 5240
2659 9358 -10600 -7533 3068 9928 843 -3682
-2268 3534 -4149 -2216 3652 139 -992 4837
1720 1610 2342 1164 740 2205 776 1964
3126 -830 -213 -2592 -976 -776 504 1125
9085 5027 -7656 -8819 -4912 7385 -3784 5261
1354 8855 -9086 -8005 7169 6576 2540 -2328
-908 3270 -2947 -808 1268 -1833 -945 3376
532 2717 1376 1687 -230 2196 304 3368
3885 -2068 -1850 -2148 -3478 913 2166 876
9155 6149 -7295 -5523 -958 10257 -4828 4223
799 7891 -7406 -3185 7952 2192 3423 -670
669 3869 -2628 2268 -1188 -1163 110 1876
-802 2980 -178 2839 -64 2940 -749 3797
5050 -2771 -2668 -3227 -3797 3156 3910 1855
8465 7377 -5888 -7030 3985 9336 -5025 2716
769 6397 -5849 -2610 5335 -1991 3112 926
1458 5210 -3531 4200 -3615 1329 2023 1560
-2053 2230 -1866 2834 258 3747 -2106 2986
6525 -2536 -2452 -5046 -2103 5959 4777 3439
7104 8008 -4127 -7817 7640 6210 -4326 780
1696 5144 -5302 -967 1373 -4594 2218 1496
1222 6535 -5046 5488 -3781 4182 3751 1965
-2658 856 -3134 1832 235 3757 -2498 1441
7617 -1829 -1337 -6676 414 7461 4488 4782
5569 7728 -2432 -7514 7894 2091 -2640 -335
3070 4570 -5732 878 -2624 -2836 870 1140
386 7440 -6736 5779 -1428 6821 4863 3180
-2009 -520 -2991 38 1118 3375 -1808 -460
8000 -256 725 -7715 3277 6521 3389 5657
4338 6720 -1528 -6072 5232 -2129 -660 -213
4474 4923 -7075 2382 -5469 870 271 -144
-970 7851 -8057 5104 1403 7842 4693 4806
-722 -1280 -1757 -1747 1800 3501 41 -1598
7311 1256 2594 -7466 5270 4828 1716 5318
3960 5230 -1694 -4092 1716 -3969 1006 488
5461 5915 -9030 2994 -5217 5299 740 -2172
-2287 7257 -8254 3481 3961 6077 3695 5691
779 -1367 -46 -2900 1662 3064 1952 -1860
6032 2013 3536 -6228 5138 2549 604 4127
4741 3900 -3115 -2339 -2259 -2445 1420 1882
5329 7318 -10465 2346 -2046 9069 2122 -3567
-2937 5860 -6782 1496 5873 3503 2153 5595
2244 -638 555 -3009 1725 2539 3724 -990
4215 1993 595 -4275 3855 -29 184 2124
6035 3176 -6476 -1405 -5017 1004 528 2773
4408 8153 -10331 912 2180 9711 4046 -4076
-2674 4208 -4800 44 5233 1248 675 4308
2803 817 2497 -1876 1767 2893 4400 347
2892 1295 695 -2371 2176 -1151 1071 189
7422 3200 -8174 -1668 -4233 5047 -742 2651
2870 8461 -10714 -1085 5982 7219 5681 -3392
-1375 3182 -2941 -137 2721 -869 70 2168
2343 2343 3809 113 1277 3154 3730 1754
2551 -189 -570 -1342 -436 -213 2761 -589
8295 4253 -9686 -3096 -1188 8509 -2104 1618
1342 7808 -9855 -2600 8241 3741 6518 -1938
192 2706 -823 625 616 -1073 767 282
1226 3397 4042 1963 1737 2876 2176 2188
3027 -1482 -2393 -1423 -2024 1257 4362 -226
8257 5752 -10250 -5057 2273 8952 -2966 -586
307 6621 -8095 -3168 7164 -53 6075 -363
1736 3119 680 2270 -1353 1106 2156 -1102
-320 3752 3164 3359 2432 3064 504 1530
4179 -2213 -3967 -2468 -1137 3574 5181 728
7207 7000 -9588 -6708 5919 6824 -2527 -2582
285 4863 -5806 -2561 3754 -2909 4549 577
2642 4419 1188 4443 -1935 3534 3848 -1091
-1668 2815 1220 3314 1968 3036 -630 -383
5699 -2039 -4940 -4309 219 5590 4879 2122
5668 7626 -7952 -7464 8067 3944 -992 -4303
1224 3366 -3869 -784 395 -2612 2665 284
2586 5844 458 5797 -29 5214 4893 -67
-2260 1671 -599 2423 2272 2141 -579 -2418
6864 -1154 -4683 -6124 2119 5860 3407 3119
3817 7141 -5696 -6883 6894 230 650 -4712
2728 2458 -2992 1049 -2540 22 1306 -1129
1601 6849 -1153 7178 2263 6353 4710 1208
-1689 106 -1794 2137 2577 2132 396 -4113
6979 336 -3173 -4996 4405 5048 1237 2818
2364 5878 -3569 -3514 4194 -2333 2367 -3727
4410 2824 -3545 4889 -2962 3186 755 -3018
115 7224 -2992 7510 4109 5525 3662 2341
-548 -757 -1834 245 2189 2047 1939 -4571
6234 1931 -1052 -6015 5539 3688 -626 1496
2045 4299 -2523 -2004 1277 -2114 2560 -2296
5161 3711 -4904 6293 -790 5836 1555 -4762
-1279 6277 -4289 6350 5681 2981 1455 2610
1246 -878 -456 -1832 1610 2078 3435 -3630
4798 2887 902 -5926 5190 1419 -1599 -537
2656 2814 -2737 -21 -1559 -254 1585 -1029
5124 5174 -6851 6780 2038 7603 3065 -5243
-2019 4890 -4517 4445 5435 1055 -624 1421
2725 -220 1506 -3184 2193 2791 3941 -2088
2937 2922 2226 -4497 4222 -33 -1361 -2581
3980 1981 -4113 1709 -2050 2143 -272 -483
4227 6186 -8211 6001 4908 6474 4497 -4959
-1748 3170 -3399 2185 3519 -498 -1742 -359
3415 1311 3456 -3279 2584 3229 3137 -584
1595 2120 2245 -2539 2756 -211 -3 -3611
5282 2169 -5842 2544 -454 4844 -2185 -1000
2622 6427 -8513 4140 6886 3580 5060 -3248
-522 1872 -1395 530 1823 -886 -1621 -2325
3221 3004 5040 -2355 3027 2996 1376 495
1038 576 877 -509 896 301 1549 -3566
6182 2996 -7274 2124 1627 6444 -3213 -2668
985 5669 -7550 1986 6848 993 4372 -1380
1288 1246 909 -30 983 786 -524 -3775
1833 3927 4991 -325 3802 2564 -826 423
1437 -797 -798 617 666 964 2178 -2383
6183 4399 -8240 475 4316 5750 -3409 -4405
-87 4289 -4904 139 4681 -1376 2681 33
2958 1797 2895 915 357 2438 901 -3710
257 4174 4465 1618 4051 2142 -2363 -928
2768 -1641 -2733 439 865 2799 2098 -486
5168 5397 -7619 -1397 6261 3713 -2467 -5722
-356 2663 -3151 -645 2696 -2180 502 277
3689 2927 4397 2563 1126 3397 1952 -2547
-1233 3292 3163 2920 3397 977 -3014 -2643
4348 -1529 -4513 -891 1589 3987 588 1026
3368 6151 -7084 -3316 6355 1785 -658 -6118
631 933 -823 -12 883 -586 -1581 -624
3541 4292 4823 4456 3221 4158 2236 -697
-1853 1959 1520 3072 3415 341 -2522 -4001
5480 -523 -5439 -2895 3272 3952 -1557 1532
1492 5676 -5292 -4085 4938 -585 724 -4781
2162 100 1148 1505 -166 1245 -2353 -2223
2507 5453 3876 5849 4524 3669 1056 1231
-1440 280 -613 1867 2517 907 -1049 -4456
5654 908 -5060 -4658 4760 3414 -3420 847
258 4528 -2920 -3684 3684 -1582 1190 -2879
3497 426 1711 3415 473 2908 -1895 -3622
843 5506 1963 5872 5022 1701 -693 1897
-71 -849 -1953 -142 2006 1304 485 -3667
4823 2511 -3473 -5598 4867 2596 -4699 -885
-179 2831 -1008 -2185 1910 -918 683 -908
4433 1241 1221 4928 2535 4160 -898 -4320
-575 4929 -24 5033 5403 387 -2881 1631
1451 -964 -1882 -1995 2304 1579 1147 -1889
3311 3329 -1320 -5268 4733 751 -4302 -2526
487 1290 6 -12 571 161 -1044 329
4366 2731 -451 5431 4061 3870 882 -3606
-1549 3370 -1593 2978 3868 -67 -4220 311
2773 -249 -745 -3238 2879 2375 910 150
1543 3133 633 -3841 4473 -134 -3123 -3354
1669 424 -219 1867 928 1612 -2930 452
3267 3831 -2277 6504 5298 2106 1837 -2142
-1213 1715 -1730 2173 2491 -599 -4095 -1260
3371 1193 1222 -4429 3243 2639 -675 1761
161 2329 1805 -3348 3153 -546 -1449 -3230
3211 457 -1524 3532 2123 3055 -4269 -348
1604 4261 -3875 5616 5733 962 1748 283
-183 315 -995 -4 2245 -13 -3143 -2486
2931 2537 3032 -4466 4242 1809 -2487 2208
-457 850 1725 -1322 2124 -585 60 -1775
4031 1372 -3323 4271 3259 3005 -4672 -1839
69 3803 -4339 3800 4693 -304 653 1902
1414 -94 851 -1394 1833 1220 -1442 -2429
1537 3686 4208 -3182 4556 1277 -3922 1314
46 -718 471 632 2139 441 406 315
4261 2935 -5053 3776 4688 2281 -3578 -3172
-1064 2362 -3570 1594 3541 -1305 -1178 2573
2805 479 2710 -1819 2153 1909 188 -1315
55 3828 4302 -1315 4091 227 -4595 7
1264 -1748 -1431 1796 2274 1369 -225 1961
3460 4034 -5626 2310 5500 1323 -1783 -3388
-1132 732 -1778 -245 2597 -1015 -2860 2204
3537 1503 4035 -1045 3449 1977 953 627
-1364 2774 2962 791 3579 -679 -3876 -1420
2710 -1690 -3217 1630 2672 1608 -1883 2976
1880 4683 -5059 178 4793 -11 37 -2494
-121 -592 250 -766 1552 182 -3596 845
3368 2909 4291 745 4058 1903 358 2434
-2072 1350 953 2081 3329 -347 -2189 -2143
3995 -883 -4225 372 3634 1601 -3370 2758
85 4382 -3403 -1669 4319 -1314 1090 -763
1278 -1144 1783 -135 1568 926 -3035 -600
2144 3836 3159 2516 4040 825 -918 3551
-1671 -336 -1104 2270 2819 26 -328 -1685
4232 488 -4329 -1432 4281 1340 -4213 1458
-957 3246 -2619 -2395 3087 -1226 997 1241
2641 -887 2879 1218 2635 1513 -1771 -1547
480 4356 3516 4040 4586 -379 -2438 3824
-722 -1303 -1472 1290 2597 -37 984 -243
3570 1618 -3973 -2909 4119 5 -4032 60
-1269 1645 -487 -2040 2019 -553 36 2832
3391 203 3282 3083 3341 1957 142 -1327
-1083 3661 1583 4264 4254 -617 -3649 2520
831 -1562 -2718 -473 2979 383 1324 1725
2325 2572 -2816 -3878 4128 -835 -2751 -1177
-480 233 1147 -464 1736 73 -1625 2961
3397 1617 2569 4526 3957 1152 1691 99
-1953 2215 -532 3259 3345 -1068 -3735 835
2124 -962 -2869 -2323 3221 630 518 3171
666 2402 -770 -3548 3287 -807 -908 -1285
939 -501 1971 1474 2428 879 -2765 2127
2568 2760 1103 4977 4928 223 2326 1915
-1803 771 -1834 1653 2639 -1301 -2563 -345
2494 117 -1750 -3184 3201 -50 -747 3632
-488 1384 1045 -2100 2397 -624 802 -344
2294 -511 1577 3067 2884 1383 -3027 656
1062 3347 -963 4248 4613 -586 1742 3438
-1084 -453 -2392 -96 2707 -895 -964 -1121
2073 1236 -144 -3097 3425 -237 -2016 2970
-840 -53 1883 -240 2357 -453 1601 1335
3456 293 273 3910 3833 898 -2233 -943
-418 3156 -2416 2834 3796 -1875 475 4105
338 -822 -1511 -1447 2163 -319 947 -473
880 2182 1657 -2040 2999 -259 -2643 1589
-451 -1549 1754 1687 2709 399 1255 3005
3797 1696 -1598 3666 4844 40 -621 -1793
-1437 1886 -2996 825 2924 -2200 -899 3824
1598 -250 140 -1632 2212 -147 1717 945
-740 2171 2662 -1908 2959 -447 -2003 -154
806 -2473 489 2560 2976 662 89 3777
2930 2931 -3152 4415 4552 -1062 1212 -1640
-1445 657 -2441 977 2123 -1655 -1779 2527
2053 871 1653 -2136 2678 381 1849 2419
-2130 1354 2519 18 3281 -387 -375 -1181
2294 -2594 -1235 3636 3831 43 -1338 3670
1826 3350 -3761 3233 3512 -2392 2550 -491
-709 -435 -937 -412 1385 -1023 -1665 797
1679 2178 2826 -1078 2823 635 680 3270
-2850 95 1639 1969 3468 -226 1452 -1228
3203 -1913 -2709 3536 4070 -610 -2283 2477
515 3209 -3245 1528 2570 -2371 2666 992
645 -747 843 -678 1276 -87 -264 -259
547 3279 2953 617 3557 100 -845 3137
-2627 -1418 -232 3193 3583 -629 2972 -338
3664 -822 -3669 2588 3572 -1614 -2478 881
-388 2198 -1932 -1 1506 -1821 2041 2042
1959 -420 2064 -69 2083 710 1343 -457
-1022 3506 2039 2566 4200 -250 -2031 2082
-1592 -2540 -1957 3473 3723 -1443 3522 1125
3254 196 -3453 1195 2582 -2464 -1495 -409
-384 945 -319 -331 658 -984 761 2219
2714 719 2451 1380 2945 806 2711 85
-2369 3070 400 3847 4125 -1057 -2380 415
-437 -2871 -2969 2771 3164 -1861 2959 2415
2208 738 -2362 -90 1785 -2089 -110 -1161
284 -215 1144 102 1229 218 -458 1499
2626 2109 1678 3213 4179 255 3392 1688
-3138 1906 -1360 4286 3813 -2183 -1856 -1289
448 -2261 -2934 1409 1929 -2285 1787 2825
836 584 -620 -863 1000 -1186 1341 -756
1610 -811 1735 1494 2408 1086 -1116 -220
1948 3410 224 4691 4871 -676 2959 3117
-3279 849 -1372 3719 3023 -2988 -495 -2144
832 -1250 -1839 -36 1318 -1984 527 2322
-58 -206 467 -458 940 -284 1956 441
2997 -576 2880 3256 3445 766 -597 -1739
753 4088 1736 5305 4512 -2221 1818 3751
-2503 -144 -1187 2473 1619 -2867 846 -2193
608 -255 -910 -851 977 -991 -234 1028
-468 -1638 2047 854 2090 631 1811 1836
4095 111 2694 4717 4823 -354 621 -2973
-444 3928 163 4925 3351 -3653 327 3535
-1485 -365 -1309 1108 390 -2262 1784 -1355
-538 435 599 -471 930 -58 -12 -382
72 -2852 2846 2534 3304 678 655 2649
4420 1409 1478 5460 4839 -1809 2158 -2865
-1251 3120 -1004 3689 1633 -3860 -792 2401
-549 200 -469 322 60 -859 1708 -156
-1851 416 2144 613 1946 540 1030 -1500
1161 -3755 2830 4101 4286 -487 -805 2542
3991 2259 96 5266 3535 -3478 3091 -2209
-1133 2180 -1256 2370 -104 -2982 -1022 943
-52 1160 901 230 649 541 942 740
-3033 -212 3225 2162 3490 433 2349 -1839
2380 -3858 1720 4949 4659 -1845 -2058 1464
3090 2877 -1111 4373 1842 -4318 3653 -986
-482 1468 -743 1526 -905 -1471 -311 14
-450 2467 2547 1171 1841 1149 -507 738
-3522 -1326 3100 3711 4306 -648 3486 -1063
3477 -3430 374 5107 3635 -3333 -2659 208
2186 2717 -1546 3100 -83 -3689 3068 -101
664 1260 559 1311 -270 535 697 -517
-1304 3221 3402 2570 3556 738 -1646 -8
-3468 -2557 2427 4785 4469 -2384 4155 98
3890 -2276 -1060 4210 1910 -4354 -2517 -1116
1539 2230 -1313 2029 -1297 -2089 1884 396
1823 1700 2144 1022 1157 1876 1773 110
-2412 3619 3678 1782 4645 -633 -2331 -1281
-2603 -3378 967 4471 3564 -3545 3591 1513
3523 -1326 -1714 4111 111 -3958 -1483 -1937
1588 1138 -157 1734 -1158 -46 761 -51
2579 2667 3356 1106 3397 1522 2309 1135
-3699 3381 3143 3322 4721 -2631 -2189 -2671
-1596 -3606 -224 4613 1541 -4281 2501 2084
2721 -878 -1385 2870 -1204 -2328 -300 -1781
2277 224 1289 1361 363 1755 51 -1048
2600 3866 3695 2418 5130 -37 1941 2321
-4268 2604 1986 4395 3595 -4313 -1252 -3702
-697 -3230 -1053 3866 -315 -3807 1211 2108
1843 -926 -628 1883 -1477 -512 110 -1092
3567 -220 2403 1911 2489 2214 238 -2174
1939 4974 3249 3985 5460 -2442 903 3329
-4182 1710 874 4554 1157 -4885 -98 -3717
-400 -2350 -936 2703 -1476 -2241 420 1268
999 -1642 774 1347 -12 1297 35 137
4635 -17 2920 3110 4627 823 1060 -3149
1051 5499 2230 5147 4172 -4653 -605 3263
-3591 1002 75 4030 -1264 -4064 795 -3288
-740 -1421 -127 1589 -1364 -193 134 215
970 -2682 1774 1714 1921 2037 -873 848
5459 563 2693 4438 5598 -1637 2103 -3286
155 5383 1171 5483 1446 -5856 -1552 2797
-2762 749 -18 3052 -2334 -2158 993 -2125
-1393 -761 951 858 7 1108 579 -532
1447 -3592 2285 2682 3732 1066 -1970 814
5702 1555 1742 5554 4751 -4264 3198 -2689
-239 4898 341 5229 -1475 -5044 -2140 1704
-1870 1249 679 1814 -1820 333 449 -1240
-2262 -696 2046 915 1910 1503 1462 -722
2114 -4246 2239 3858 4909 -1174 -2984 375
5546 2393 2227 6270 2259 -6037 3664 -1456
-169 4242 2933 4346 -3388 -2792 -2016 831
-1449 2049 2392 1060 -53 1872 -524 -796
-3283 -1164 3897 1621 3765 493 2477 -413
3251 -4314 4504 5135 4563 -3617 -3567 -643
4946 2975 3542 6221 -772 -5935 3380 -365
532 3658 2858 3252 -3148 256 -1139 332
-1591 3201 3722 889 2539 2031 -1515 -1204
-3484 -1901 4414 2692 4291 -1468 2886 774
4059 -3713 3653 5678 2616 -5216 -3386 -1748
4210 2925 2601 5519 -3192 -3892 2592 302
1287 3468 3392 2551 -1124 2657 -372 607
-2205 3893 4889 1444 4408 358 -2044 -2033
-3273 -2723 4420 3682 3693 -3554 2582 1815
4277 -2913 2566 5634 -14 -5368 -2752 -2414
3621 2438 2206 4519 -3975 -958 1636 328
2141 3833 4458 2406 2013 3339 -3 1371
-2916 4095 5637 2394 4782 -1995 -1985 -2932
-2712 -3166 3838 4282 1701 -4748 1883 2582
4194 -2191 1549 4950 -2223 -3973 -1715 -2460
3750 1760 2651 3822 -2495 1973 1045 -231
2747 4580 5681 2946 4777 1728 -53 2220
-3749 4077 5917 3429 3608 -4552 -1292 -3783
-1888 -3268 2875 4253 -578 -4494 796 2670
3633 -1648 1014 4137 -3305 -1757 -1076 -2158
4253 1163 3531 3604 339 3546 1110 -965
2848 5482 6532 3812 5849 -1281 -825 2804
-4038 3555 5505 3945 973 -5625 -365 -3800
-1186 -2843 1850 3578 -2195 -2964 -70 2318
2933 -1633 1065 3264 -2650 747 -890 -1228
5068 870 4527 4038 3562 2851 1558 -1469
2471 6251 6896 4814 4900 -4638 -1782 3233
-3944 2810 4673 4136 -1757 -4898 476 -3362
-646 -2111 1071 2668 -2356 -910 -373 1451
2315 -1908 1664 2269 -529 2240 -1190 -473
5845 1191 5236 1587 5534 403 2319 -1583
2016 6681 6693 1543 1954 -6830 -2743 2821
-3518 2354 3720 1416 -3389 -2638 805 -2447
-866 -1336 1174 963 -1449 819 -165 756
2167 -2574 2483 1263 1915 2214 -1787 -375
6469 1657 5717 2400 5747 -2917 3268 -1001
1474 6572 5985 2141 -1754 -6544 -3135 2097
-2559 2312 3233 769 -3132 357 678 -1777
-1333 -723 1532 -10 395 1392 324 540
2597 -3162 3208 1587 3863 725 -2608 -588
6659 2304 5593 3308 3539 -5917 3559 -257
1051 6130 5298 2422 -4474 -4116 -3137 1149
-1756 2510 3017 -172 -1295 2239 176 -1184
-1880 -562 2260 -434 2005 893 937 749
3177 -3446 3546 2167 4457 -1618 -3064 -1222
6388 2975 4861 4079 0 -7086 3420 781
1155 5550 4742 2064 -5055 -335 -2572 812
-1314 3213 3523 -1092 1272 2635 -481 -1338
-2263 -739 2821 -572 2825 -742 1494 1181
3995 -3295 3200 3285 3520 -3812 -2611 -2254
5923 3346 4109 4488 -3379 -5738 2823 1463
1605 5027 4618 1235 -3256 3126 -2075 787
-1290 3952 4313 -1804 3707 1048 -916 -1789
-2330 -1169 3089 -33 2576 -2121 1235 2078
4453 -2710 2473 3976 1057 -5072 -2141 -2657
5285 3380 3238 4339 -5113 -2632 2045 1690
2316 4876 5067 398 105 4572 -1562 1164
-1481 4493 5043 -2135 4381 -1598 -1053 -2363
-2008 -1530 2899 449 1225 -3215 768 2556
4699 -2130 1687 4451 -1426 -4953 -1338 -2740
4967 3057 3135 3857 -4821 1061 1598 1415
2837 5051 5698 -53 3622 3396 -1547 1742
-1970 4799 5612 -1836 3209 -4003 -568 -2865
-1529 -1785 2602 1200 -275 -3314 1 2621
4560 -1246 3488 4383 -3063 -3381 -506 -2377
4910 2556 5338 3219 -2357 3992 1473 1105
3283 5483 6243 -434 5784 203 -1777 2097
-2218 4491 4643 -1373 568 -4967 239 -2751
-786 -1669 2382 1442 -1362 -2516 -600 2201
4039 -756 2709 3914 -3567 -1016 -194 -1630
5024 2179 5327 2658 1218 4251 1433 481
3390 5947 6851 -129 5406 -3348 -2374 2314
-2358 4183 4572 -868 -2112 -4271 766 -2434
-302 -1326 1554 1365 -1717 -1226 -854 1668
3740 -599 2329 3415 -2744 1150 -207 -1184
5566 2082 6089 2585 4284 2679 2129 507
3200 6326 7365 275 2701 -6113 -2996 2045
-2075 3743 4102 -655 -3863 -2115 1063 -2001
169 -611 684 801 -1205 -109 -740 1164
3236 -665 2153 2815 -810 2326 -505 -795
5941 2138 6499 2782 5579 -546 2371 687
2806 6500 7491 793 -1097 -6567 -3442 1491
-1480 3347 3271 -705 -3340 405 1116 -1215
224 1 19 183 -333 144 -386 704
3158 -1018 2462 2562 1245 2190 -877 -652
6261 2473 7050 3189 4728 -3926 2846 1356
2462 6226 7065 1101 -4493 -4489 -3184 935
-784 3304 2520 -1312 -1369 2457 672 -867
83 465 -226 -344 418 -95 54 599
3386 -1225 2816 2764 2782 986 -887 -1143
6388 2987 7203 3879 1913 -6104 2815 1971
2415 5850 6597 1087 -5822 -1033 -2898 559
-188 3500 1914 -1896 1003 2520 254 -747
-125 739 -91 -842 663 -579 326 918
3910 -1184 3134 3259 3433 -861 -858 -1491
6006 3528 6881 4442 -1569 -5981 2107 2636
2290 5446 5967 979 -4397 2345 -2242 356
196 4024 1851 -2653 3031 1089 -136 -895
-319 718 130 -962 522 -1192 552 1452
4209 -1007 3100 1933 2652 -2647 -321 -1775
5536 3574 6377 556 -4659 -3777 1807 2565
2813 5009 5519 -3088 -1175 4480 -1757 568
376 4283 1795 -4222 3296 -1336 -133 -1339
-179 530 194 -828 121 -1102 347 1633
4565 -512 2765 2585 1106 -3763 210 -1757
5190 3720 5903 946 -5555 -683 1326 2694
3233 4809 5387 -3634 2378 4089 -1616 938
284 4644 2128 -4577 2102 -3368 254 -1659
-42 432 265 -602 -218 -883 -13 1737
4522 98 2167 3112 -874 -3660 857 -1534
4929 3521 5497 916 -4101 2459 871 2345
3512 4869 5468 -3944 4550 1607 -1422 1010
103 4709 2374 -4634 -184 -4202 509 -1584
585 317 -139 71 -194 -544 -320 1340
4496 540 1614 3446 -2646 -2705 1115 -1094
4627 3141 5106 744 -1347 4240 918 1842
3730 4893 5662 -4175 4751 -1870 -1830 1291
155 4550 2383 -4442 -2283 -3156 914 -1563
1011 484 -569 442 53 -394 -434 1104
4284 994 959 3593 -3318 -1211 1306 -616
4768 3068 5294 443 1915 4133 1250 1819
3984 5089 6016 -4458 2706 -4893 -2145 1178
178 4220 2142 -4123 -3451 -915 1184 -1138
1584 854 -1310 833 613 -609 -360 452
3954 1158 603 3352 -2912 707 1301 -88
4753 2798 5267 138 4105 1747 1440 1653
3794 5307 6227 -4226 -321 -5797 -2071 722
428 3863 1671 -3616 -2659 1236 1149 -596
1773 1324 -1871 833 417 -1132 89 82
3709 1209 468 3114 -1699 2072 1006 -94
5053 2968 5684 103 4601 -1210 1683 2037
3650 5282 6160 -3996 -3335 -4290 -2039 347
930 3720 -750 -3478 -741 2621 1060 -467
1886 1712 -1851 695 -72 -1719 492 -8
3713 1046 2506 2873 226 2393 920 -308
5106 3047 5886 184 2869 -4020 1666 2133
3416 5169 3571 -3600 -4911 -1489 -1773 -72
1337 3659 -1514 -3454 1471 2398 930 -393
1893 2048 -2215 444 -990 -1569 757 -17
3850 1181 2589 2984 1888 1821 1152 -467
4937 3359 6043 713 450 -5302 1345 2311
3200 4860 3361 -3338 -4365 1696 -1444 -307
1851 3672 -2106 -3674 2804 420 593 -552
1870 2321 -2457 347 -1790 -1019 1163 212
3982 1202 2802 3186 2644 383 1285 -726
4893 3705 6138 1015 -2532 -4509 1304 2391
3281 4481 2941 -3295 -1847 3902 -1030 -321
2186 3902 -2509 -3920 2806 -1629 607 -823
1612 2291 -2394 -46 -1871 -21 1057 244
4211 1362 2942 3416 2482 -1588 1595 -745
4444 3823 5993 1458 -4407 -2445 758 2253
3405 4015 2413 -3356 1195 3915 -655 -342
2208 4155 -2609 -4248 1149 -3132 537 -1237
1709 2131 -2221 174 -1242 1173 1157 328
4386 1586 3026 3878 1555 -3122 1895 -529
3999 3864 5616 1697 -4390 400 499 1627
3668 3887 2105 -3625 3469 2049 -615 -136
2210 4301 -2542 -4398 -1094 -3485 874 -1478
1964 2108 -2198 354 -170 1832 951 30
4320 2033 2761 4197 -339 -3589 2179 -429
3811 3573 5221 1474 -2790 3083 483 1456
3818 3740 1964 -3778 4213 -556 -739 -218
2153 4271 -2539 -4440 -2876 -2385 1159 -1619
2253 1969 -2093 834 1332 1191 801 -349
4338 2462 2467 4419 -2198 -3149 2146 -42
3733 3482 4964 1365 -346 3852 503 1056
4096 3855 1946 -4678 2894 -3188 -854 -361
2151 4289 -2438 -2989 -3679 9 1286 -1697
2405 1928 -2122 2497 1950 -18 878 -656
4132 2512 2256 3274 -3156 -1358 1960 132
3660 3291 4754 -1805 2183 2937 621 825
4098 3863 1996 -5631 221 -4509 -1056 -586
2207 3985 -2372 -2667 -2634 1974 1321 -1456
2767 2345 -2528 2952 1689 -1527 999 -859
3859 2720 1898 3379 -3167 725 1644 57
3686 3238 4725 -1982 3780 945 787 793
3892 4113 2314 -5709 -2485 -3909 -1211 -1075
2252 3860 -2407 -2430 -508 2866 1135 -1289
2979 2486 -2873 3173 510 -3014 1315 -1276
3724 2758 1591 3384 -2262 2194 1403 154
3759 3211 4888 -2031 3472 -1590 505 719
3789 3989 2360 -5429 -4199 -1603 -1035 -1386
2459 3608 -2640 -2034 1654 2514 854 -1414
2983 2677 -3113 3123 -949 -2918 1397 -1170
3549 2613 1535 3158 -161 2833 1148 -359
3853 3436 5040 -2040 1855 -3678 413 656
3590 3860 2425 -5202 -4059 774 -872 -1751
2662 3482 -2929 -1806 2634 729 615 -1639
3053 2968 -3412 3255 -2674 -1874 1422 -1141
3599 2586 1660 3094 1894 2397 1147 -616
3930 3566 5246 -2011 -603 -3999 20 606
3626 3652 2212 -4994 -2245 3032 -840 -1838
2900 3620 -3235 -1860 2736 -1763 377 -1989
2834 2843 -3254 3002 -3017 -229 1204 -1064
3901 2353 1897 2980 2880 541 1099 -591
3759 3679 5309 -1871 -3151 -2928 -380 454
3572 3390 1916 -4717 158 3820 -586 -1702
3055 3706 -3432 -1894 1310 -3264 263 -2210
2614 2873 -3245 2751 -2269 1632 1173 -891
4051 2367 2117 2935 2787 -1666 1124 -717
3422 3710 4140 -1491 -4045 -1045 -776 222
3719 3153 -995 -4575 2195 2681 -874 -1724
3002 3678 -4326 -1947 -1072 -3563 345 -2453
2542 2689 -1424 2668 -709 2699 799 -881
4215 2434 3787 3201 1395 -2957 1117 -692
3252 3708 3933 -1200 -3409 1468 -1103 -120
3812 2851 -1241 -4599 3400 205 -1123 -1711
3092 3851 -4444 -2156 -2857 -2484 344 -2422
2692 2548 -1214 2793 1106 2154 476 -1134
4123 2667 3818 3394 -909 -3296 891 -503
3085 3558 3720 -1181 -1758 3338 -1084 -489
4006 3035 -1362 -4746 2790 -1940 -1277 -1519
2754 3949 -4295 -2404 -3377 -304 562 -2321
2597 2361 -979 2725 2378 839 204 -1194
4191 2825 3845 3634 -2670 -2630 706 -194
2977 3355 3464 -1222 562 3387 -1111 -478
3976 3057 -1422 -4908 815 -3832 -1803 -1856
2461 3838 -4007 -2465 -3016 1660 465 -2116
2762 2066 -716 2980 2336 -790 126 -1378
4038 2829 3648 3512 -3230 -401 79 -211
2971 3023 3084 -1386 2697 1873 -1034 -518
4095 3310 -1351 -5090 -1329 -3921 -1834 -2113
2418 3624 -3716 -2214 -1262 2556 -10 -1806
2834 2182 -764 3069 1145 -2343 68 -1425
3841 2751 3321 3512 -3027 1561 -445 -13
3132 3050 3114 -1642 3225 -104 -1365 -364
4088 3458 -1232 -5276 -3302 -2216 -2239 -2069
2288 3565 -3413 -2191 871 2753 -129 -1660
2934 2182 -762 3178 -429 -2921 -76 -1262
3600 2575 3060 3223 -1082 2539 -667 -273
3281 2798 2988 -1834 1982 -2807 -1447 124
3743 3399 -800 -5079 -4114 -164 -2090 -2463
2284 3402 -3291 -2017 2187 1668 -483 -1386
2737 2342 -1089 3016 -1926 -1958 -231 -942
3539 2319 2892 1630 936 2509 -803 -305
3345 2923 3144 -4275 315 -3725 -1898 76
3670 3384 -623 -4508 -3302 2003 -1953 -2270
2177 3232 -3272 556 2567 -422 -789 -1397
2358 2446 -1268 3744 -2781 -676 -355 -726
3606 2059 2866 538 1878 1286 -914 -391
3452 3127 3405 -4555 -2113 -3301 -2374 468
3475 3425 -464 -4417 -1016 3557 -2017 -1956
2332 3359 -3331 699 1994 -2048 -941 -1303
2122 2214 -1253 3442 -2158 501 -829 -206
3611 1617 2886 147 1932 -918 -865 -408
3325 3221 3544 -4402 -3855 -1755 -2697 429
3201 3025 -426 -4007 995 3228 -1872 -1686
2187 3325 -3406 569 146 -2545 -889 -1117
1846 2073 -1237 3065 -1210 1788 -1036 177
3814 1469 3094 -147 1245 -2209 -745 -18
3218 3364 3666 -4358 -4006 722 -3046 332
3466 3001 -666 -3944 2951 1491 -2044 -1283
2149 3641 -3582 416 -1572 -2795 -756 -988
1662 1667 -939 2555 -316 1842 -1521 322
4110 1469 3495 -291 -866 -2804 -571 510
3027 3235 3492 -4086 -2322 3042 -3019 354
3461 2903 -782 -3892 3448 -636 -2414 -1112
1835 3854 -3515 -7 -2566 -1868 -444 -750
1334 1409 -722 2129 697 861 -1872 285
4098 1468 3472 -237 -2466 -2176 -767 861
2815 3084 3288 -3776 -287 3450 -2989 405
3679 2918 -976 -3954 1918 -2552 -2502 -821
1455 4062 -3256 -445 -3263 136 -229 -144
1461 959 -306 1847 1033 118 -1899 241
4112 1466 3458 -154 -2866 -208 -944 1347
2752 2899 3001 -3752 2196 2368 -2735 789
3800 3091 -1067 -4285 -209 -4014 -2809 -700
883 3873 -2708 -949 -2903 1423 -273 722
1478 728 -163 1774 370 -848 -1680 298
3832 1432 3142 -67 -2295 1665 -1078 1495
2967 2517 615 -3951 3246 562 -2445 1202
3836 3484 -3390 -4746 -2227 -3636 -2450 -1048
576 3786 -3356 -1134 -1337 2338 -267 1318
1490 567 701 1732 -477 -1209 -1639 489
3581 1187 2830 -59 -1002 2118 -1172 1708
3201 2171 167 -4287 2333 -2132 -2454 1869
3756 3806 -3346 -5171 -4351 -1395 -2210 -1082
407 3464 -2928 -1238 13 2665 -602 1749
1544 664 753 1794 -714 -628 -1158 778
3399 929 2428 -243 926 1769 -1282 1712
3499 2147 2 -4638 549 -3916 -2445 2286
3606 4018 -3171 -5234 -4552 901 -1646 -854
219 3188 -2607 -1139 928 1720 -696 1961
1167 767 403 1830 -1154 -278 -1056 1382
3102 400 1714 -758 1733 495 -618 1478
3815 2208 -91 -5149 -2068 -3694 -2810 2660
3251 3968 -2657 -5192 -2886 3030 -1032 -627
177 2909 -2401 -1034 1857 389 -601 2090
770 905 -129 1542 -1166 -493 -1178 1843
3215 -160 1379 -1373 1054 -1437 -111 1638
3914 2400 211 -5271 -4362 -1805 -2837 2701
2835 4057 -2051 -5032 -925 4329 -407 -177
337 3091 -2594 -907 1871 -827 -297 2057
309 636 -566 1046 -586 -85 -1374 2169
3358 -707 1155 -1954 -139 -2544 474 1916
4077 2549 340 -5479 -4729 581 -2832 2541
2764 3632 -1946 -4611 1449 3389 -211 292
376 3225 -2825 -823 364 -2285 165 2068
-451 323 -991 193 -934 -148 -1583 2077
3880 -984 1320 -2521 -2180 -1902 1057 2351
3663 2738 751 -5150 -3056 3081 -2706 2242
2761 3255 -1916 -4228 3210 1411 25 697
48 3616 -3233 -443 -894 -2820 775 2508
-791 -110 -1153 -241 -1441 -496 -1728 1855
4056 -968 1644 -3943 -3527 -789 1422 3059
3365 2706 956 -5030 -939 4567 -2254 1967
3030 3153 -2314 -2246 3155 -1103 -84 806
-423 4132 -3666 202 -2241 -2197 1476 3062
-890 -794 -912 -1066 -1592 -175 -1433 1140
4104 -1019 1772 -4056 -2998 890 1486 3244
3158 2413 755 -4567 1645 3358 -1486 1935
3477 3305 -2820 -2162 1288 -3709 71 594
-1003 4205 -3633 -450 -3835 -732 1733 3618
-932 -1284 -623 -1644 -2056 917 -1032 767
4033 -823 1873 -3828 -1567 2782 1467 3504
3011 1837 296 -4125 3454 1250 -925 2028
3671 3602 -3145 -2307 -1249 -4200 294 -91
-1646 4188 -3452 -1256 -3943 585 1776 4065
-721 -1688 -115 -1949 -1553 1383 -192 471
3542 -674 1607 -3284 -175 2980 1400 3203
3215 1339 -449 -3794 2764 -1745 -548 2471
3752 4100 -3410 -2941 -3824 -2828 1046 -460
-2315 3864 -2833 -2014 -3005 2628 1465 4329
-631 -1712 77 -2007 -215 1698 524 470
3261 -805 1261 -2939 1652 1577 1357 2675
3540 829 -1127 -3812 336 -4053 -384 2722
3493 4651 -3059 -3653 -5650 -719 2048 -804
-2508 3414 -2252 -2313 -1608 3698 1136 4125
-493 -1539 163 -1625 450 1682 1006 716
2772 -1188 424 -2715 2224 -204 2190 2082
4045 881 -1372 -4368 -2056 -3954 -854 2788
3109 5022 -2596 -4129 -5140 2095 2900 -831
-2408 2934 -1737 -2142 768 2929 995 3583
-628 -1148 -316 -1223 747 482 1328 832
2588 -1995 -422 -2912 516 -2311 2855 1639
4510 1090 -1375 -4985 -4788 -1885 -1209 2485
2493 5297 -1793 -4664 -3167 4740 3760 -514
-2285 2619 -3089 -1972 2388 1845 1024 2805
-1115 -993 -1241 -1032 1074 -1138 1138 845
2470 -2560 -2377 -3220 -1485 -3039 3744 1614
4749 1568 -4413 -5690 -6093 615 -1447 1783
2240 4888 -4658 -4470 -252 5149 3933 -202
-1937 2658 -2857 -1470 2121 155 1536 2311
-1844 -898 -2112 -1137 -188 -1717 815 458
2896 -3161 -2944 -4057 -3305 -1767 4357 1850
4789 2053 -4005 -6064 -4569 3374 -1283 670
1785 4368 -3921 -4033 2574 3440 3956 -76
-1737 3073 -3300 -1063 1203 -2262 2264 2051
-2574 -1095 -3061 -1640 -2553 -2071 396 -241
3361 -3638 -3260 -4921 -5034 421 4711 2246
4352 2238 -3443 -5833 -1737 5464 -801 -191
2105 3852 -3728 -3296 3821 1047 3608 15
-1923 3671 -4000 -1177 -329 -3447 2834 2094
-3041 -1888 -3723 -2653 -3750 -1000 424 -1453
3842 -3620 -2905 -5347 -4577 2350 4436 2597
3742 2288 -2728 -5406 1141 4656 -163 -974
2626 3478 -3865 -2680 2448 -1763 3008 -684
-2255 4204 -4704 -1435 -3232 -2340 3126 2469
-3250 -2681 -4052 -3601 -4240 1416 784 -2662
4241 -3260 -2343 -5520 -2153 4446 3683 2904
3161 1816 -2332 -4371 3405 2143 645 -1033
3210 3447 -4428 -2300 225 -4083 2909 -1479
-3113 4617 -5622 -2472 -5216 -959 2552 2950
-2914 -3395 -3683 -4324 -3942 3110 1622 -3414
4009 -2581 -1650 -4884 365 4460 3018 2261
2897 1206 -2534 -3573 3194 -336 1075 -824
3586 3964 -5320 -2695 -2583 -4054 3167 -2425
-3761 4338 -5683 -3383 -4890 1896 1708 2953
-2437 -3565 -3088 -4390 -1854 4027 2351 -3549
3450 -2175 -1322 -4131 2288 2392 2458 1398
3156 544 -3097 -3312 984 -2949 622 -352
3884 4631 -6100 -78 -5513 -1666 3900 -3207
-4452 3794 -5359 -1503 -3877 4399 635 2503
-1998 -3552 -2350 -2714 908 4137 2861 -3157
2794 -2115 -1375 -1902 3023 80 2412 302
3661 -292 -4126 -340 -1674 -4157 -35 -307
3601 5333 -6334 -686 -6129 1154 4555 -3119
-4549 3220 -4775 -2091 -1739 5128 -135 1511
-1658 -2949 -1826 -2298 2108 2324 2764 -2793
2101 -2533 -2063 -1029 1087 -1717 2826 -538
4402 -355 -5017 -493 -4511 -2521 -981 -761
2883 5751 -6040 -1756 -4614 4522 5109 -2778
-4324 2408 -3718 -2516 1115 4263 -423 290
-1639 -2366 -1698 -1610 2322 -143 2344 -2376
1616 -3293 -3101 -341 -1559 -3019 3422 -808
4915 -8 -5428 -1101 -6145 554 -1944 -1664
2008 5690 -5133 -2619 -2250 6144 5307 -2081
-3690 1903 -2918 -2307 3010 2729 -418 -614
-2212 -1657 -2333 -433 948 -1897 1022 -2454
1548 -4134 -4095 -289 -3709 -2310 3976 -482
5213 653 -5252 -2071 -5295 3319 -2432 -2803
1366 5140 -4003 -2953 621 5217 4553 -1279
-2888 2020 -2655 -1288 2405 -381 242 -1209
-2874 -1331 -3255 160 -1855 -2249 192 -3187
2102 -4811 -4688 -991 -5435 393 3789 474
4996 1327 -4579 -2906 -2554 5895 -2229 -3873
1121 4195 -3074 -2695 3111 3359 3360 -963
-2327 2625 -3040 -339 998 -2460 665 -1080
-3672 -1657 -4299 282 -3971 -1513 -386 -4134
2789 -5060 -4722 -1845 -5286 3117 3019 1201
4227 1985 -3410 -3452 30 5788 -1531 -4609
1494 3407 -2654 -1751 3241 555 2131 -1369
-2242 3414 -3903 479 -1652 -2436 748 -374
-4332 -2294 -5150 -220 -4929 771 -390 -5238
3569 -4600 -4011 -2960 -2876 4950 1704 1612
3183 2113 -4372 -3305 2259 3877 -638 -4503
2098 2835 -3466 -691 1271 -2205 1211 -2124
-2751 4205 -4118 577 -4481 -1353 166 472
-4191 -3124 -5669 -1309 -4891 3552 331 -5888
3935 -3700 -5312 -3564 -219 5596 444 1286
2489 1554 -3793 -2453 3435 1506 -314 -3847
2874 2816 -3675 317 -1165 -3009 1129 -3127
-3482 4660 -5244 303 -5244 855 -911 1024
-3638 -3907 -5656 -2391 -2877 4921 1096 -5680
3839 -2776 -4114 -3535 1580 4209 -826 589
2177 701 -3192 -1273 1914 -1096 -545 -2837
3602 3370 -4503 710 -3986 -1603 1480 -3572
-4271 4498 -6056 -672 -4562 3825 -2389 1114
-2883 -4307 -5084 -3314 4 5194 1618 -4921
3149 -1953 -2901 -2725 2669 1791 -1446 -365
2430 -439 -3426 22 -857 -2880 -1509 -1946
3839 4329 -5773 522 -5731 767 2047 -3707
-4919 3622 -6155 -2001 -2956 5656 -3737 178
-1824 -3855 -3802 -3255 1706 4175 1655 -3579
2159 -1521 -2098 -1518 2087 -88 -1070 -1148
3020 -967 -4136 451 -3053 -1794 -2923 -1809
3361 5147 -6633 -539 -4815 3452 2880 -2868
-5086 2597 -5689 -2974 -62 5462 -4230 -888
-1144 -2965 -2389 -2609 2096 1758 872 -2258
1130 -2003 -2077 -148 -545 -1590 -273 -1530
3913 -1111 -5319 313 -5054 554 -4021 -2321
2619 5681 -6935 -1819 -3048 5935 2897 -1444
-4363 1610 -4393 -3073 2122 4009 -3881 -1868
-934 -1654 -1280 -1272 1517 -205 -504 -1556
637 -2768 -2805 560 -2697 -1384 415 -812
4580 -469 -6257 -637 -5206 2735 -4457 -3147
1476 5651 -6503 -2967 -465 6114 2101 130
-3361 958 -2889 -2569 2317 2161 -3077 -2475
-1662 -753 -1142 68 -276 -868 -1739 -1717
698 -3808 -3931 2838 -4003 698 667 546
4949 479 -6841 1889 -3235 5138 -4325 -4222
711 4690 -5190 -472 2077 4664 862 1102
-2091 1102 -1532 37 1374 -308 -2106 -1848
-2367 -279 -1743 2516 -2626 -742 -2479 -2449
1545 -4497 -5050 2839 -4592 2765 45 1855
4604 1580 -6478 342 -990 6276 -3184 -4576
555 3557 -3655 -839 2949 2540 -673 1089
-1279 1938 -1254 1361 -214 -1150 -1545 -636
-3149 -464 -2794 3408 -3582 1108 -2473 -3341
2548 -4642 -5727 1804 -3368 4210 -1164 2887
3659 2478 -5329 -1079 1290 5253 -1900 -4256
910 2302 -2398 -449 1806 292 -1687 489
-978 3020 -1568 2780 -2500 -241 -1475 657
-3746 -1346 -4028 3478 -3504 3230 -1548 -3785
3458 -4019 -5473 258 -1157 5402 -2747 2991
2392 2534 -3617 -1708 2777 3177 -880 -2861
1823 1351 -1594 683 130 -1166 -1937 -469
-1329 4031 -2835 3831 -3900 1228 -2416 1904
-3571 -2517 -4848 2546 -2795 4365 -294 -3401
4012 -2674 -4334 -1303 429 5202 -3927 2325
1499 1793 -2283 -1482 2407 1356 -580 -1358
3023 1441 -2079 2280 -1973 -673 -1139 -1138
-2179 4439 -4016 4044 -3301 3533 -3624 2316
-2657 -3264 -4570 1098 -944 4659 928 -2216
3718 -1215 -2537 -2114 1813 3529 -4160 1109
854 767 -1443 -532 723 -267 -1233 90
3916 2066 -3174 3553 -3835 1171 -49 -1298
-3173 4142 -4990 3357 -2128 5096 -4699 1764
-1247 -3621 -3589 -601 662 4516 1343 -581
3002 -38 -967 -2310 2150 2179 -3539 66
1024 -570 -1495 985 -850 -690 -2199 886
4184 3261 -4664 4027 -3895 3254 1506 -396
-3721 3351 -5150 2138 -562 5046 -5102 724
-50 -2999 -2715 -1654 1149 3225 824 1067
1738 292 -982 -1174 843 1116 -2155 -421
1931 -1334 -897 2279 -2611 618 -3427 613
3741 4348 -3258 3557 -2390 5355 1965 1184
-3636 1902 -3869 521 1280 4181 -4538 -497
916 -1875 -1603 -1789 1259 1947 -357 2188
763 55 48 -59 -253 508 -749 -65
3134 -1440 -2053 3025 -3598 2409 -4139 -345
2763 5124 -4553 2346 -582 6100 1800 2953
-2842 595 -2982 -656 1854 2930 -2977 -1095
894 -175 336 -883 392 1559 -1675 2175
43 -762 45 1482 -1109 847 256 1306
4086 -744 -3602 2582 -2836 4170 -3510 -1717
1441 4757 -4803 607 1264 4944 625 4029
-1438 -210 -1239 -1070 933 1491 -1256 -747
489 1134 1676 480 -773 2028 -2626 1313
175 -2064 -849 2295 -1961 2125 385 2863
4522 581 -5073 1355 -1139 5753 -2295 -2503
514 3962 -4268 -764 2656 3596 -697 4180
114 190 706 -167 15 840 105 490
-418 1822 1952 2093 -944 2291 -2573 -42
1200 -2897 -2502 1980 -2290 2900 -557 3982
4034 2176 -5853 -621 160 5761 -196 -2369
166 2510 -2694 -1380 2258 2017 -1917 3147
1111 1090 2094 1259 -1179 1756 478 2074
-1531 1455 1141 3012 -689 2794 -1401 -1054
2456 -2816 -3951 648 -1276 3955 -1856 4057
2948 3052 -5390 -2135 1816 4628 1248 -1294
574 1054 -817 -831 886 585 -2028 1676
1621 2583 2651 3130 -1851 2860 -35 3312
-1946 517 -204 3082 -455 3480 166 -1369
3561 -2135 -4688 -1162 -418 4611 -2803 3279
1621 3468 -4145 -3093 2748 3586 2232 401
1779 111 746 724 -498 539 -1187 311
1127 3780 2154 4322 -918 3841 -1096 3925
-1815 -832 -1779 2800 -7 3134 1774 -476
4316 -666 -4614 -493 251 4572 -3391 1728
488 2638 -2139 -1328 2164 1991 1821 2050
3353 160 1334 2309 -2076 1939 608 -444
104 4511 638 4591 153 4743 -2370 3340
-786 -1919 -2678 1650 528 3154 2762 951
4177 1089 -3238 -2503 1093 4207 -2590 -24
89 1270 -703 -880 1163 615 595 2680
4457 918 853 3996 -2153 3334 2245 27
-860 4301 -762 4831 1159 4548 -3162 1883
777 -2158 -2423 -353 159 2936 2361 2533
3271 2428 -1391 -3683 1931 3908 -1055 -1060
352 -38 57 211 -24 908 -767 2472
4741 2433 -595 5489 -1031 4769 3471 1284
-1666 3098 -1942 3932 2063 3302 -2763 107
2263 -1472 -1131 -2363 -110 2945 1076 3409
1940 3004 444 -3823 1967 2891 624 -1172
1390 -1039 -303 1905 -1341 1770 -1587 1120
4315 3881 -2485 6161 418 5909 3658 2979
-1679 1611 -2184 2194 2053 2340 -1272 -1043
3375 -135 751 -3809 203 3746 -474 3511
753 2483 1511 -2640 1819 1990 2119 -24
2805 -1107 -1697 3568 -1717 3008 -1558 -563
3236 4830 -4012 5600 2020 5385 2361 4127
-770 255 -1080 327 1023 1544 713 -1281
3564 1584 2733 -4031 682 4115 -1712 2268
-41 1297 1384 -1104 1297 1791 2539 1252
3963 -237 -3627 4304 -985 4396 -238 -1977
1838 4771 -4494 3997 3193 3927 782 4130
755 -599 744 -1212 -172 1545 2269 -113
2880 3031 4086 -3164 1275 4079 -1999 364
266 -252 220 670 130 1863 1840 2713
4592 1475 -5338 3780 32 5595 1553 -2511
833 3663 -3571 2255 3275 2291 -570 3303
2373 -394 1532 -1598 -520 2695 2785 1261
1744 3692 3384 -1637 2255 3777 -1340 -1385
1386 -1295 -432 1466 -391 2007 319 2971
4383 2967 -4623 2535 1816 5701 3300 -1888
481 2178 -1975 631 2077 945 -1301 1303
3639 925 3821 -718 -681 4100 2177 2913
438 3411 3699 125 2674 3058 168 -2287
2941 -1383 -2542 1078 -604 3201 -1327 1915
3267 4086 -5451 449 3272 4741 4090 -277
1084 590 -280 132 659 470 -654 -541
3810 2663 5276 1110 150 4925 663 3479
-392 2182 2584 1295 2198 1993 2033 -1898
4385 -724 -4441 -296 -338 4519 -2080 372
1995 4455 -5219 -1166 3881 3272 3842 1311
2360 -345 1757 877 -542 1505 879 -1587
3226 4075 5729 2923 1970 5240 -1084 3054
-187 576 801 1207 1484 1286 3079 -481
5126 936 -5552 -2470 799 5096 -1759 -1685
728 3675 -3835 -2037 3343 1338 2416 2230
3852 -66 3245 2549 -1337 2886 2567 -1386
2157 4939 5049 4498 3408 4529 -2417 1594
834 -732 -1121 67 539 1833 2914 1035
5195 2582 -5599 -4300 2487 5273 -544 -3035
161 2253 -1983 -1717 2355 289 760 2129
5284 920 4047 4646 -641 4673 3886 -250
776 4713 3405 4735 3931 2784 -2465 -485
2394 -1194 -2377 -1901 -242 2696 1672 2223
4171 4045 -4254 -5591 3581 4576 1248 -3230
718 551 -232 -104 516 375 -710 748
5733 2663 3328 6405 1064 5789 4116 1430
-79 3636 1540 3923 3659 1412 -1335 -2010
4000 -666 -2358 -4039 105 3831 -333 2282
2747 4582 -2397 -5546 4186 2780 2675 -2364
1936 -524 473 1831 -819 1484 -1064 -959
5291 4276 1707 6047 3015 5608 2943 2842
-276 1909 183 1978 2271 593 157 -2467
4876 741 -1227 -4679 1157 4884 -1944 1273
1379 3704 -583 -3667 3714 1247 3233 -710
3780 -705 43 4123 -1052 3623 -300 -2813
4072 5269 -248 6750 4763 4249 1070 3478
481 542 -59 95 783 643 1825 -1844
5036 2657 807 -6125 2505 5237 -2775 -517
794 2326 287 -2324 2247 307 2397 743
5107 377 -1711 5917 -18 5322 1536 -3480
2463 5379 -2050 6233 5324 2491 -860 2797
1843 -77 961 -1790 -137 1727 2493 -294
4144 4114 2763 -6255 3871 4362 -2197 -2348
1036 553 14 -325 602 388 863 1529
5945 2012 -3832 6967 2037 6041 3110 -2888
1485 4470 -2459 4811 4408 427 -1853 1341
3529 248 2911 -3326 -378 3435 1895 1519
2794 4635 4006 -5147 4491 3005 -754 -3522
2243 -629 -1447 1589 -248 1800 -1181 1279
5789 3848 -5856 6665 4344 5509 4244 -1500
1174 2953 -1760 2800 2556 -805 -1607 -395
4534 1548 4944 -3463 491 4883 338 2459
1194 4199 4146 -3205 3978 1494 1156 -3244
3858 -1135 -3603 2771 -216 3737 -2547 -394
4793 5032 -6746 5264 5967 3675 4110 449
1813 1455 -20 1353 462 -368 -557 -1719
4898 3322 6440 -2574 2354 5446 -1521 2200
272 2854 2988 -1103 2992 434 2438 -1988
5424 -410 -5628 2578 932 4944 -2460 -2346
3464 5226 -6355 3501 5896 1053 2816 1877
3356 685 2063 1046 -1122 1426 1240 -1688
4218 5066 6914 -751 4172 5152 -3215 1154
207 1109 1059 252 1953 542 2637 -54
6282 871 -6814 1408 3107 5248 -1556 -3790
2262 4285 -3963 1801 4423 -932 865 2194
4871 946 4610 1855 -1025 3618 2453 -633
2749 5918 7019 1448 5301 3528 -3644 -957
1242 -364 -648 169 868 1203 1550 1343
6164 2555 -6942 -508 4838 4288 210 -4222
1837 2716 -2315 1213 1778 -1506 -468 1179
6234 2158 6273 3753 436 5699 2628 1283
1215 5809 6235 2995 5733 1313 -2885 -2675
2541 -940 -2492 -747 755 2283 -177 1979
5180 3721 -6662 -2305 5593 2266 1919 -3216
2371 1105 -311 1763 -474 -318 -1257 -399
6684 4019 7037 6099 3050 6717 2049 3078
45 4711 4441 3534 4789 -332 -1279 -3502
3993 -512 -3841 -2599 1385 3416 -1928 1547
3781 4000 -5447 -3209 5247 190 2529 -1564
3876 78 1479 3582 -1540 2117 -569 -2119
6161 5805 6413 7835 5767 5569 110 4148
-105 3047 2542 2605 2926 -1187 541 -2984
4983 853 -3939 -4683 2694 3919 -3123 -62
2565 3313 -3519 -2894 3343 -872 2001 163
5664 -113 2327 5824 -603 4863 986 -2943
5058 6778 4781 8521 7406 2891 -1910 3727
418 1687 1189 1169 1129 -966 1493 -1594
4870 2487 -2644 -5721 3851 3432 -2723 -1910
1798 1607 -1559 -1372 1189 -612 527 1215
7153 679 1906 7775 2068 6786 2854 -2658
3663 6985 2928 8152 7306 -368 -3313 2545
1736 1094 934 -687 -33 441 1366 143
3702 3823 -601 -5557 4564 2555 -1243 -2925
2065 -230 -542 755 6 933 -1470 1150
7789 2423 244 8697 5120 6371 4353 -1102
2375 6154 1356 6676 5247 -2888 -3541 736
3091 1489 2016 -2007 -399 2497 -8 1403
2265 4306 1278 -4276 4582 1594 519 -2909
3213 -1631 -814 3359 183 3053 -2751 -102
7714 3919 -1448 9434 7610 3825 4474 560
2163 4598 902 4259 1998 -3672 -2531 -525
4160 2684 3803 -4489 889 4134 -1692 1598
633 3736 2570 -3802 3928 758 2175 -1648
4609 -2095 -2073 5133 1767 4546 -3217 -1696
6735 5146 -3272 9149 7981 268 3437 2251
2737 3350 1703 2505 -915 -2157 -1044 -928
4304 4548 5946 -4749 3030 5056 -3336 445
-384 2341 2682 -1775 3366 358 2739 174
6110 -1643 -3874 6436 4068 4841 -2294 -3441
5325 5320 -3989 7876 6204 -3173 1959 2949
4091 2648 3412 1170 -2564 828 575 -30
3515 6185 7473 -3773 5264 4632 -3710 -1388
-448 607 1607 165 2690 501 1949 1873
6794 -261 -5640 6318 5970 3359 -679 -4161
4352 4473 -3507 6096 2944 -4398 182 2550
5507 2613 5374 595 -1737 4172 1105 1534
2083 6889 7662 -1772 6712 2621 -3107 -3135
162 -885 -233 1675 2447 998 315 2908
6832 997 -6674 5300 6543 798 923 -3555
4019 2889 -1822 4552 -638 -3188 -470 1020
6918 3760 7152 1370 1363 6645 492 3542
427 6822 6793 359 6940 255 -1602 -4175
1517 -1574 -2093 1896 2640 1421 -1359 2681
5848 2127 -6437 3479 5569 -1639 2076 -2252
4504 1302 148 3818 -2783 -98 -212 -437
7209 5455 7658 3183 5200 6662 -1163 4375
-654 5769 5169 1836 5733 -1782 345 -3962
2765 -1200 -3135 905 2874 1506 -2528 1254
4501 2373 -5061 1812 3309 -2841 1931 -620
5780 156 1893 4377 -2296 3726 1059 -1430
6797 7223 6975 5235 8657 4172 -2944 4378
-1146 4159 3213 2376 3605 -2898 1591 -2778
3519 -169 -3604 -675 3332 1168 -2770 -245
3099 1407 -2465 966 778 -2172 703 570
7316 -56 6376 5911 876 6274 2966 -1390
5564 8168 9678 6882 9561 425 -4436 3065
-568 2978 3012 1686 1251 -2697 1883 -1159
3441 1492 -3573 -2515 3307 1011 -1595 -1466
2340 -51 -430 1256 -604 -83 -1018 889
8676 805 7237 7876 5080 6444 4305 -262
4285 8183 8253 7415 7960 -3472 -4934 1298
545 2185 1781 109 -516 -1024 1190 317
2341 2631 -2206 -3476 3156 909 212 -1712
2605 -1746 1409 2685 -278 2320 -2423 6
9277 2309 6754 9647 8544 4168 4782 1663
3049 7490 6267 7062 4470 -5766 -4075 -251
1831 2552 1581 -1616 -721 1550 -395 710
938 3052 -361 -3345 3103 642 1727 -754
3477 -3104 2592 4598 1794 3920 -2938 -1643
9115 3739 5592 10400 9767 174 4133 3219
2888 6018 5032 5528 179 -5581 -2899 -846
2523 3586 2561 -2632 503 3545 -1665 118
-588 2482 1694 -2100 3244 714 2531 951
4810 -3639 2595 6392 4542 3780 -2438 -3192
8204 4452 3880 10068 7965 -4090 2763 4233
3376 4759 4645 3786 -2921 -2645 -1451 -489
2649 5152 4409 -2750 2788 4814 -2361 -1438
-1586 1151 2965 -186 3623 623 2033 2712
6122 -3190 1507 7405 6746 2110 -945 -4100
6816 4622 2381 8718 4095 -6317 1117 3812
4347 4023 5230 2432 -3372 1581 -586 938
1960 6560 6246 -1835 5378 3720 -1999 -2962
-1787 -432 3118 1703 3880 212 646 3737
6805 -2086 -223 7306 7132 -578 755 -4007
5768 3817 1805 6986 -223 -5778 34 2908
5719 4000 6729 2039 -1181 5134 -862 2256
608 7140 7421 -2859 7072 1257 -596 -3826
-1189 -1831 2258 1622 3938 -479 -989 3683
6595 -847 -1584 7134 5528 -3201 1955 -2675
5157 2384 2162 4042 -3100 -2708 -28 1514
6773 5081 8529 -2385 2738 6878 -1696 3232
-960 6998 7776 -3014 7265 -1297 1270 -3819
-48 -2346 723 2692 3472 -1180 -2067 2749
5515 264 -2332 5771 2848 -4174 2100 -1229
5555 825 3570 2429 -3337 1594 1067 400
7224 6300 9888 -2001 6932 5242 -3432 3348
-2013 6100 7080 -1174 5715 -3837 2608 -3124
1029 -2050 -784 2771 2651 -1486 -2433 1343
4258 316 -1976 4089 152 -3335 1416 -49
6436 -93 5347 1694 -687 5222 2549 308
6729 7643 10345 -526 9446 1487 -4827 2506
-2261 4591 5457 147 2968 -4862 3342 -1637
1677 -1057 -1712 1867 1777 -1280 -1748 -26
3054 -386 -602 2578 -1350 -1105 184 369
7741 -252 6792 2082 3301 6331 3716 965
5536 8508 9672 1445 9302 -2917 -5119 808
-1801 3331 3825 536 256 -4109 2877 -98
1679 291 -1666 261 1417 -576 -366 -486
2213 -1699 1135 1626 -655 1477 -1159 -206
8690 300 7332 3250 7131 4368 4324 2583
4214 8407 8197 2759 6403 -6407 -4722 -717
-742 2759 2765 -123 -1622 -1948 1800 646
953 1216 -636 -1157 1392 304 922 -8
2258 -3074 2704 1647 1426 3353 -1743 -1390
9151 1463 7052 4819 9288 477 4024 4155
3302 7449 6542 3045 1823 -7326 -3329 -1627
280 2943 2583 -1463 -1547 719 703 471
-348 1592 1065 -2078 2031 955 1771 1216
3097 -3912 3356 2738 3857 3373 -1317 -2865
8675 2647 5747 6094 8376 -3830 2709 4876
2707 6145 5308 2652 -2056 -5232 -1792 -1629
1044 3698 1227 -2849 244 2863 -211 -437
-1720 1135 1431 -2099 3282 1132 1612 2645
4102 -4522 6251 4172 6198 1338 -233 -3801
7730 3424 8296 6556 5070 -6707 1262 4909
3030 5000 5464 1368 -4031 -1696 -910 -924
1118 4915 2093 -3831 2745 3677 126 -1816
-2498 143 2966 -1138 4062 447 570 3427
5138 -3929 5976 5551 6669 -1305 1443 -3926
6388 3513 6604 6174 919 -6821 140 3824
3926 4194 4882 -135 -3072 2234 -569 320
512 5990 3533 -3974 5275 2455 1145 -2780
-2631 -1178 3959 366 4383 -904 -767 3518
5533 -2890 5008 6173 5191 -3978 2700 -3009
5384 2828 5290 4911 -2572 -4540 -91 2526
4920 3940 5161 -1362 228 4861 -1192 1286
-520 6316 4789 -3096 6530 36 2501 -3050
-1996 -2252 4027 1806 3963 -2297 -1878 2762
5312 -1773 3485 5798 2647 -5040 3243 -1721
4795 1748 4564 3386 -4010 -846 566 1412
5788 4655 6479 -1705 4082 5064 -2474 1299
-1785 5994 5879 -1681 5990 -2662 3836 -2326
-1024 -2704 3191 2665 2751 -3009 -2245 1458
4443 -1013 2208 4755 19 -4222 2786 -644
4840 460 4819 1979 -2342 2727 1605 864
5862 5610 7594 -1138 7192 2433 -3432 507
-2605 4995 5905 -155 4046 -4569 4404 -1138
-90 -2480 1908 2780 1234 -2999 -1915 54
3193 -559 1406 3147 -1678 -2125 1798 -162
5357 -556 5637 1120 1215 4505 2838 1068
5388 6582 8549 54 7979 -1296 -3829 -743
-2975 3861 5352 959 1606 -5169 4118 72
581 -1561 627 1909 184 -2034 -718 -627
2211 -1026 1541 1857 -1567 127 574 -383
6235 -690 6931 -178 4718 3694 3333 2013
4435 6871 8507 -3808 6140 -4611 -3499 -2087
-2512 2794 4025 -1428 -907 -3886 3251 692
477 -454 -120 450 -3 -530 409 -692
1572 -1998 2414 -396 132 1954 90 -1333
6843 -119 7803 -2148 6930 1106 2871 3125
3309 6848 7899 -2290 3053 -6635 -2296 -3118
-1606 2213 2698 -1184 -1928 -1624 2022 676
-78 263 -108 -690 464 417 1203 -44
1512 -2968 3712 -1217 2455 2455 82 -2760
6973 601 8027 -1342 6981 -2366 2118 3782
2361 6012 6564 -1099 -310 -6082 -1114 -3449
-722 2105 1724 -1540 -1211 738 1060 -171
-914 628 590 -1831 1552 614 1151 830
1982 -3683 4689 -1125 4446 939 755 -3496
6580 1582 7572 -1 4604 -5263 791 3787
2135 4844 5070 -809 -2777 -3481 -13 -2895
-22 2702 1414 -2619 543 2242 932 -1219
-1804 399 1728 -2662 2989 404 574 1586
2700 -3726 5081 -220 5066 -1103 1820 -3713
5644 1973 6324 923 1463 -6225 -176 2837
2167 3707 3915 -998 -3004 -392 362 -1873
98 3428 1853 -3572 2423 1876 1340 -2099
-2266 -273 2831 -2561 3321 -736 -499 1592
3315 -3316 4780 765 3976 -2915 2702 -3211
4543 2109 4932 1436 -1376 -4929 -792 1660
2787 3008 3407 -1879 -1326 2333 -76 -1184
-295 4116 2683 -4325 4198 519 2118 -2409
-2451 -1340 3584 -1933 3369 -2135 -1728 974
3629 -2401 3985 1827 2114 -4296 3136 -2279
3482 1464 3645 1118 -2937 -2253 -733 460
3499 2776 3552 -2850 1215 3102 -1025 -848
-1071 4440 3747 -4300 4656 -1341 2998 -2115
-1883 -1891 3366 -887 2274 -2819 -2227 -206
3383 -1515 3262 2260 201 -4009 2627 -1308
2861 682 2991 341 -2201 299 -1 -456
4056 3152 1823 -3684 3711 1991 -1820 -1162
-1841 4148 2117 -3574 3420 -3256 3206 -1520
-1026 -2255 3169 284 894 -3001 -2198 -1280
2671 -713 2975 1908 -1245 -2439 1717 -872
2721 -319 2200 -757 -88 2263 736 -517
4196 3690 2450 -3761 5112 -240 -2594 -1968
-2402 3336 2824 -2472 1892 -4052 2939 -475
-240 -2005 2472 791 -175 -2544 -1572 -1996
1917 -401 1903 1332 -1474 -913 648 -670
3098 -935 2389 -1643 1858 2292 1065 159
3697 4320 3342 -3156 4640 -2519 -2479 -2935
-2558 2276 2893 -1275 1 -3541 2082 313
374 -1334 1397 837 -515 -1489 -884 -2056
953 -617 1281 240 -439 355 -126 -1242
3643 -1011 2988 -1892 3692 775 771 783
2959 4447 3863 -2211 2732 -4289 -1945 -3597
-2297 1449 2426 -380 -1250 -2543 897 515
318 -482 380 204 -369 -245 -287 -1602
476 -1110 1242 -702 1089 1086 -516 -2072
3912 -733 3582 -1742 4247 -1215 213 1365
2126 4315 3894 -1134 611 -4449 -1162 -3704
-1601 818 1348 -171 -1092 -1034 -58 -124
19 114 -106 -537 362 131 -220 -793
418 -1693 1739 -1198 2051 291 -253 -2710
3922 -47 4159 -844 3153 -2969 -729 1335
1526 3649 3389 -293 -1375 -3217 -454 -3328
-830 961 387 -680 -394 519 -622 -943
-548 409 -198 -1366 1509 -34 -673 -71
735 -2085 2404 -1060 2736 -797 152 -2797
3511 484 4186 -25 1380 -3970 -1672 1053
1188 2811 2426 -42 -1979 -1467 -409 -2298
-409 1212 -221 -1215 428 847 -611 -1426
-1039 192 291 -2021 1821 -414 -1475 225
1241 -2197 3043 -2148 2597 -1820 678 -2440
2860 1009 3733 -1499 -64 -3451 -2450 301
1148 2029 1409 -1241 -1246 -173 -575 -1549
-187 1820 -464 -1929 1815 151 -320 -1697
-1290 -161 913 -2197 1722 -1552 -2324 126
1760 -1868 3294 -1497 1316 -2678 702 -1569
1968 995 2870 -691 -1389 -2122 -2419 -439
1517 1443 591 -1425 -38 1101 -1177 -845
-499 2272 -82 -2621 2355 -667 71 -1420
-1317 -860 1677 -2133 1617 -1915 -2903 -527
1882 -1237 2981 -559 258 -2888 550 -748
1315 696 1937 -176 -1549 -1091 -2094 -861
2222 1226 263 -1956 1074 911 -2094 -727
-878 2340 469 -2857 1711 -1672 286 -802
-754 -1309 1972 -1482 770 -1922 -3032 -854
1871 -359 2275 230 -369 -1939 -146 -156
918 45 1066 -413 -481 123 -1530 -756
2474 1401 338 -2403 2173 -240 -2527 -894
-1393 2117 1168 -2802 1107 -2465 88 10
-180 -1359 1729 -661 -113 -1881 -2571 -1271
1483 224 1420 806 -855 -1352 -1012 551
653 -624 604 -699 309 751 -1181 -311
2592 1823 857 -2929 2278 -1191 -2830 -1255
-1786 1596 1525 -2371 528 -2322 -340 920
459 -1271 1367 159 -160 -1449 -1991 -1234
845 493 657 756 -480 -813 -1759 272
1007 -1056 673 -1405 1257 174 -1017 605
2314 2174 1402 -2806 1271 -1944 -2326 -1466
-1793 993 1470 -1689 -555 -1692 -1104 1187
834 -853 723 531 -117 -761 -1546 -580
336 213 360 255 43 21 -1850 -37
1260 -1013 1015 -1697 1752 -787 -1391 1192
1820 2348 1737 -2405 542 -2658 -1972 -1315
-1510 374 1073 -906 -898 -1153 -1666 1097
885 -248 388 577 -136 -670 -1186 203
-226 -8 -445 -289 422 -57 -1723 -238
1583 -716 271 -1756 1443 -1056 -2031 1394
1157 2160 959 -1658 -72 -1865 -1213 -772
-1086 2 632 -326 -267 -471 -2127 988
584 214 -379 154 408 -631 -1358 889
-64 -388 -321 -639 888 -670 -1355 -191
1501 -405 649 -1502 491 -1898 -2365 1683
860 1762 1095 -1046 -937 -1439 -860 -115
-607 -65 43 -159 278 16 -1885 601
382 406 -664 -143 371 -585 -1516 1480
233 -659 77 -897 1168 -1000 -801 191
1470 34 1144 -1076 248 -2163 -2573 1364
808 1380 831 -662 -908 -763 -851 679
-229 235 -461 -344 256 -488 -1569 554
13 394 -726 -685 219 -912 -1921 1755
473 -584 531 -704 442 -971 -420 780
1082 244 1279 -433 -363 -1571 -2423 1142
848 906 357 -352 -161 -26 -1044 1388
-124 534 -711 -725 802 -750 -912 846
-153 -62 -218 -904 526 -1130 -2125 1560
917 -367 1092 -207 311 -1511 -250 1717
512 282 992 169 -899 -1186 -2002 938
1307 556 -426 -600 331 208 -1479 1697
-308 932 -831 -1202 522 -809 -508 1250
-150 -252 32 -835 185 -862 -1890 1369
1098 38 1190 306 225 -1402 -425 2127
237 175 726 305 -726 -566 -1340 1033
1477 666 -507 -996 601 -295 -1392 1547
-637 1096 -538 -1542 253 -1302 -113 1845
117 -598 550 -518 -232 -793 -1592 1091
990 421 1163 707 -347 -1038 -635 2437
-10 -269 227 176 -188 157 -767 1371
1835 837 -755 -1429 1095 -665 -1395 1316
-883 988 -291 -1333 71 -1590 68 2365
579 -724 817 -208 -33 -1010 -865 1148
847 703 882 35 -716 -1043 -735 2409
51 -558 -178 -598 -11 253 -494 1925
1948 1203 -491 -1340 653 -1025 -979 1128
-1016 793 119 -865 -466 -812 -152 2607
1014 -606 805 350 324 -754 -107 1426
429 880 401 257 -246 -419 -627 2185
364 -748 -287 -917 503 -348 -52 2321
1892 1584 -160 -1683 171 -1727 -410 1063
-1065 511 343 -688 -839 -489 -222 2600
1137 -336 511 684 -166 -486 399 1865
235 733 79 186 -211 -22 -313 1819
666 -796 -174 -1321 1075 -439 -122 2556
1707 1792 246 -1855 -121 -1634 503 1191
-928 258 299 -264 -349 -332 -26 2479
1224 13 89 947 -196 -843 510 2116
215 371 -42 -121 -193 -257 342 1654
1156 -580 268 -1732 644 -934 -318 2331
1568 1816 369 -1726 -1133 -804 812 1378
-721 115 69 -10 -89 233 366 2147
1180 224 -196 970 87 -598 730 2396
250 240 81 -390 493 -338 971 1619
1398 -237 756 -2001 288 -1769 76 2149
1363 1793 585 -1630 -1362 -579 1288 1616
-345 197 -301 303 16 99 741 1760
891 341 -442 791 -156 -616 667 2473
426 -50 356 -707 729 -250 1522 1734
1414 45 1094 -2010 -386 -1633 -15 1854
1322 1524 421 -1330 -666 144 1489 1703
-275 354 -565 211 652 -453 1356 1791
785 341 -372 430 -301 -868 602 1937
695 43 708 -783 232 -861 1895 2077
1321 161 1172 -1889 -1336 -1070 386 1294
1564 1453 -59 -1296 -215 1144 1405 1542
-165 880 -1346 -79 974 -662 1751 1732
656 233 -701 200 53 -458 858 1536
1250 -85 649 -983 282 -1626 1958 2161
1195 167 761 -1668 -1456 -685 837 981
1890 1410 -653 -1325 293 906 1573 1249
-272 1000 -1501 -343 214 -1370 2179 1792
494 -145 -513 -81 -93 -262 1125 1026
1373 270 974 -691 -334 -1116 1948 2053
1385 11 537 -1889 -990 707 1089 850
2308 1588 -1116 -1693 1535 -102 1674 773
-382 1220 -1645 -676 -319 -1815 2306 1872
733 -412 -139 -61 -388 -700 1619 516
1411 194 1152 -683 -1323 -973 1853 1781
1364 -12 457 -1798 -575 1603 1538 779
2517 1897 -1409 -2068 1582 -768 1941 238
-702 1282 -1533 -939 -501 -1047 2258 1614
931 -413 2 56 -129 -509 1983 344
1242 419 1147 -417 -1000 -702 1906 1332
1593 -345 124 -2125 668 1199 1635 655
2658 2196 -1525 -2490 598 -2216 2439 -215
-775 1284 -1496 -1149 -1540 -530 2108 1527
1043 -381 142 317 -275 -6 2267 181
1182 381 1041 -396 -866 479 2039 924
1934 -314 -33 -2436 1940 343 1484 513
2754 2584 -1588 -2994 -228 -2773 2768 -759
-695 1418 -1512 -1193 -1691 -9 2094 1406
1204 -188 98 497 -405 -293 2353 -42
1272 240 968 -614 -546 1276 2231 502
2449 -448 -278 -3051 1917 -934 1121 273
2849 3004 -1625 -3336 -1649 -1986 3152 -918
-697 1260 -1411 -944 -719 1077 1984 608
1137 -20 -41 635 146 -344 2259 -297
1261 -12 745 -858 772 732 2505 248
2894 -316 -184 -3234 861 -2764 869 -435
2861 3207 -1511 -2063 -2996 -935 3186 -1027
-542 1334 -1561 125 33 1709 2141 256
1110 98 -233 174 2 10 2056 -580
1192 -249 559 -1854 1629 34 2666 25
3106 -118 21 -3401 -252 -3137 667 -978
2885 3287 -1433 -2076 -2782 756 3220 -1262
-364 1461 -1775 254 963 698 2036 -29
836 338 -523 181 -85 -295 1792 -1009
1553 -458 808 -2315 1096 -774 2651 18
3331 94 290 -3742 -2106 -2300 546 -1671
2968 3396 -1501 -2119 -1284 2744 3000 -1421
-349 1768 -2127 356 2122 -224 2199 -277
750 266 -652 67 134 -836 1500 -1492
1895 -625 967 -2724 404 -2156 2385 -35
3515 313 445 -4006 -3623 -1003 482 -2060
3166 3300 -1730 -1929 447 3047 2742 -1782
-87 2053 -2453 423 1425 -1096 1992 -221
444 84 -715 -245 63 -634 1434 -2104
2190 -574 1312 -3020 -443 -2188 2054 -53
3841 312 433 -4215 -3290 1366 255 -2478
3457 3501 -2096 -2171 2751 1866 2826 -2067
-153 2514 -2909 255 448 -2707 1745 -175
593 -44 -546 -406 -701 -407 1371 -2487
2453 -557 1525 -3134 -2050 -1575 1551 -301
3838 413 478 -4157 -1404 3425 176 -2791
3761 3605 -2480 -2210 3833 -99 2507 -2491
-366 2783 -3073 -32 -673 -2999 1172 -392
497 -354 -359 -688 -850 -657 1237 -2858
2653 -452 1764 -3251 -2944 -676 1096 -364
3993 259 290 -4275 704 3469 -30 -2824
4272 3955 -2886 -2460 2774 -2439 2585 -2879
-453 2921 -3156 -269 -2450 -1664 704 -270
500 -374 -203 -777 -851 -10 1259 -3034
2628 -550 1368 -3130 -2050 1191 775 -731
4392 216 -2618 -4420 3376 1953 -626 -2935
4477 4320 -5316 -2865 843 -4672 2627 -2942
-670 2918 -3751 -518 -3321 -141 100 -537
879 -443 -151 -690 -1042 211 1009 -2989
2718 -590 408 -3223 -765 2623 383 -870
4871 -6 -3076 -4763 4281 -157 -870 -2972
4570 4772 -5721 -3300 -1976 -4735 2457 -2954
-683 2969 -3716 -613 -2362 1528 -480 -675
895 -209 -121 -484 -540 242 745 -2733
2680 -759 192 -3294 697 2111 225 -971
5233 -2 -3447 -5113 2905 -3199 -1746 -3346
4639 5083 -5797 -3710 -4676 -2556 2595 -2746
-557 2902 -3712 -505 -848 3257 -798 -726
1035 -93 -29 -289 275 540 266 -2697
2630 -989 -90 -3288 2516 926 100 -1011
5666 220 -3680 -5697 661 -5289 -2047 -3804
4617 5347 -5879 -3960 -5461 299 2334 -2357
-518 3005 -3722 -385 747 2752 -997 -862
687 49 -356 -177 534 90 -253 -2753
2724 -1421 -434 -3748 2812 -593 -214 -487
6179 296 -3966 -6281 -2745 -4852 -2372 -4062
4622 5479 -5968 -4089 -3782 3610 1977 -2017
-319 3092 -3851 -144 2728 1247 -1189 -714
603 280 -531 -49 266 -916 -679 -2831
2990 -1563 -551 -4130 1544 -2836 -550 102
6451 537 -3884 -6644 -5634 -2479 -2547 -4412
4715 5397 -5929 -4038 -940 5609 1516 -1693
-85 3500 -4179 31 3422 -842 -1406 -345
318 113 -914 -291 393 -1107 -886 -3076
3292 -1798 -660 -4500 -203 -3916 -1156 300
6372 664 -3704 -6681 -5723 785 -2490 -4238
4835 5271 -6000 -3811 2480 4486 1113 -1599
-10 3822 -4550 18 1814 -3186 -1757 -115
183 58 -1004 -1014 -580 -1122 -879 -3094
3729 -1729 -384 -4157 -2618 -3010 -1709 579
6468 815 -3596 -4295 -3704 4286 -2417 -4178
5229 5336 -6372 -174 5375 1748 1086 -1580
-1 4089 -4899 2466 -390 -4424 -2263 282
6 -192 -1175 -242 -1378 -1256 -898 -2938
3926 -1689 -239 -4390 -4329 -1173 -2212 851
6528 775 -3595 -4195 -446 6113 -2536 -3760
5703 5525 -6911 116 5452 -2104 1065 -1365
-317 4525 -5427 2358 -2684 -3500 -2794 787
194 -385 -978 -454 -1400 -480 -578 -2478
4129 -1476 115 -4562 -3840 895 -2684 874
6587 706 -3749 -3969 3280 4585 -2542 -3239
6032 5868 -7455 219 2591 -5933 1198 -1181
-442 4557 -5484 2125 -4762 -1363 -3294 844
398 -411 -694 -633 -1511 533 -521 -1964
4048 -1393 218 -4443 -2149 3338 -2836 688
6809 393 -4077 -3872 5763 1499 -2921 -3003
6235 6070 -7881 134 -1169 -6955 1444 -647
-520 4699 -5565 1906 -4690 1102 -3912 828
752 -414 -235 -772 -1082 613 -593 -1443
3889 -1334 276 -4191 -40 4049 -2816 869
7268 165 -4686 -3797 5360 -2884 -3359 -3028
6367 6507 -8224 -166 -5228 -4943 1908 109
-607 4536 -5356 1666 -2651 3555 -4078 752
852 -289 -102 -636 -77 699 -865 -989
3690 -1351 15 -4037 2574 2655 -2737 1175
7571 173 -5030 -3991 2278 -6426 -3392 -3102
6324 6749 -8318 -499 -7774 -1176 1849 741
-531 4252 -5053 1689 -82 4439 -3795 645
959 100 -15 -166 397 540 -1085 -612
3692 -1642 -283 -3887 3782 486 -2520 1531
8124 323 -5406 -4236 -1934 -6849 -3518 -3143
5965 6988 -7963 -982 -6712 2912 1487 1567
-85 4130 -4753 1919 2820 2656 -3564 823
981 377 235 216 359 -222 -1268 -612
3657 -2009 -3353 -3894 2600 -2386 -2531 2171
8408 649 -8755 -4815 -5865 -4535 -2908 -3388
5926 6823 -8375 -992 -3165 6502 1219 2095
361 4195 -2874 2351 4002 99 -3187 1247
718 536 90 452 254 -1035 -1363 -541
3807 -2289 -3809 -4119 468 -4377 -2538 2638
8508 902 -8798 -5110 -8089 -715 -2334 -3298
5698 6584 -8007 -960 1157 6620 782 2441
764 4337 -2617 2719 2720 -2480 -2891 1564
336 598 -372 587 -450 -1077 -1022 -655
4275 -2471 -4103 -4704 -2050 -4180 -2918 3227
8357 1217 -8520 -5479 -6663 3721 -1562 -3013
5860 6188 -7727 -508 5355 3744 819 2256
973 4748 -2805 3351 326 -4749 -3028 2388
-34 456 -783 399 -1624 -1139 -361 -769
4718 -2306 -4006 -5175 -4611 -2525 -3323 3020
8211 1522 -8127 -5565 -2974 6880 -926 -2590
6095 5941 -7525 -118 6450 -329 1076 2293
968 5100 -3278 3466 -2331 -4729 -3181 2573
-24 3 -1198 -8 -1879 -484 273 -343
5061 -2182 -3790 -5630 -5639 -91 -3463 2713
7838 1417 -7628 -5151 1569 6400 -722 -1739
6518 5830 -7690 458 4201 -4671 1431 2196
506 5506 -3975 3260 -5005 -2536 -3504 2637
221 -220 -1118 -502 -1745 448 741 174
5211 -1719 -3196 -5693 -4370 2819 -3279 2334
7636 1032 -7408 -4706 5564 3408 -844 -1443
6934 6072 -8115 542 278 -7462 2237 2455
255 5501 -4273 2876 -5762 588 -3834 2292
704 -457 -600 -861 -1627 674 910 905
4903 -1336 -2613 -5234 -1888 4299 -2876 1881
7612 701 -7435 -4145 6113 -668 -903 -1169
7195 6385 -8735 487 -4293 -6822 2640 3018
-97 5325 -4340 5375 -3997 3706 -3616 1704
1199 -560 -52 -595 -1210 652 945 1532
4475 -1028 -2087 -3378 777 3597 -2053 1692
7788 199 -7809 535 3641 -4884 -875 -1170
7213 6724 -9118 5554 -7672 -3004 2830 3704
-271 4746 -4059 4624 -1443 4905 -3146 1166
1505 -145 546 -604 -422 650 728 1682
4085 -1099 -2114 -2826 3015 1869 -1531 1927
8241 153 -8426 816 -308 -7282 -685 -1919
6910 7051 -9390 5135 -8072 1739 2943 4272
86 4274 -3362 4186 1218 3682 -2288 810
1882 389 1198 -404 -598 134 367 1422
3808 -1229 -2276 -2283 2951 -429 -1152 2244
8713 325 -8883 601 -4586 -6258 25 -2341
6254 7062 -9054 4388 -5164 6020 2329 4654
548 3783 -2576 3915 3184 1183 -1543 929
1667 1028 1397 307 -865 -532 38 1017
3559 -1858 -2955 -1809 1386 -3021 -1045 2612
8866 664 -9084 176 -7755 -2550 871 -2616
5706 6806 -8390 3657 -1201 7373 1819 4351
1217 3782 -1993 4273 3102 -1550 -1106 1471
1262 1348 1036 942 -1144 -318 381 259
3822 -2122 -3434 -1896 -917 -4034 -1348 2941
8650 1271 -8813 -487 -7643 1913 1648 -2513
5341 6109 -7492 3388 2962 5382 1568 3938
1798 4000 -1666 4821 476 -3742 -872 1787
731 1311 477 1385 -1704 -34 1033 -107
4450 -2327 -3821 -2458 -3477 -3322 -1887 2397
8285 1819 -8241 -1311 -5065 5832 2647 -2012
5328 5379 -6682 3548 5227 1707 1345 3134
2044 4318 -1717 5449 -2309 -4068 -1077 2142
321 1074 -130 1396 -1671 -6 1904 -171
5044 -2192 -3725 -3222 -5218 -1420 -2249 1608
7505 1978 -7199 -1709 -1244 6964 2758 -1213
5730 4823 -3449 4166 4557 -2465 1952 2512
2095 4997 1372 6114 -4716 -2322 -1779 2064
179 531 -328 997 -1479 337 2452 261
5269 -1584 -5730 -3873 -4873 1188 -2117 760
6848 1959 -7201 -1729 2521 5415 2661 -738
6202 4440 -2990 4893 1170 -5591 2647 2306
1780 5270 804 6213 -5784 381 -2214 1341
607 -81 -819 80 -1509 526 2696 973
5517 -866 -5189 -4603 -3711 3625 -1599 -248
6179 1343 -6159 -1000 4618 1881 1994 -280
6764 4512 -2970 5597 -3011 -5689 3172 2266
1043 5136 -147 5720 -4531 2700 -2096 297
1190 -426 -882 -797 -1419 293 2318 1482
5006 -62 -3997 -4570 -1864 4089 -691 -773
6137 663 -5678 -110 3974 -2056 1336 -801
6951 5026 -3629 5835 -6456 -3176 3362 2940
560 4708 -691 4821 -2160 4295 -1896 -523
1965 -331 -211 -1389 -1241 102 1523 1659
4178 248 -2948 -3802 551 3347 205 -636
6197 135 -5500 653 931 -4751 1131 -1613
6690 5501 -4546 5467 -7766 496 3042 3739
358 3817 -794 3841 128 3927 -920 -1204
2607 225 779 -1498 -1730 196 551 1263
3470 247 -2259 -2965 1801 1913 665 -284
6734 -116 -6014 1034 -2755 -4839 1229 -2335
6145 5886 -5113 4648 -6057 4139 2147 3798
688 3035 -293 3010 1815 1902 -9 -1320
3004 906 1826 -1114 -2092 401 3 471
2874 -250 -2174 -1977 1495 -319 619 447
7228 115 -6777 894 -5848 -2840 2162 -2830
4972 5766 -5245 3376 -2833 6132 1099 3593
1444 2224 834 2590 1702 -469 634 -715
2717 1699 2611 -240 -2048 999 -28 -518
2686 -769 -2629 -1467 174 -1894 -82 794
7640 926 -7600 3349 -7145 341 3090 -2758
4233 5243 -4807 5670 693 5661 243 2668
2252 2025 1891 1874 -17 -2113 684 146
2073 2300 2826 -1072 -1933 1736 404 -1439
2883 -1544 -3500 398 -1611 -2055 -902 618
7385 1671 -7770 3823 -5892 3647 3876 -1992
3609 4283 -3725 4586 2968 3012 -121 1456
3024 2325 2702 2137 -2110 -2434 144 742
1261 2234 2269 -16 -1652 1777 1314 -1748
3614 -1795 -4306 417 -3638 -1248 -1763 84
6700 2329 -7434 2552 -3296 5652 3916 -980
3535 3164 -2466 3910 2976 -8 149 511
3411 3041 3017 3006 -3895 -1171 -869 932
707 1648 1287 557 -1019 1579 2122 -1189
4421 -1359 -4778 -497 -4555 93 -1894 -1305
5459 2543 -6206 1325 -323 5320 3264 30
4060 2322 -1258 4082 916 -2684 1046 -77
3239 3726 2636 3945 -4721 1075 -1887 321
409 599 95 606 -769 1112 2287 -281
5037 -612 -4517 -1648 -4288 2070 -1505 -2187
4314 2284 -4874 661 2078 3489 2065 347
4694 1978 -751 4729 -1800 -3407 1907 128
2522 4136 1577 4699 -4090 3007 -2427 -651
742 -106 -532 -82 -1050 572 1880 573
4980 376 -3628 -2843 -3314 3492 -579 -2789
3519 1500 -3529 638 2405 997 864 104
5328 2237 -981 5669 -4241 -2052 2264 1044
1574 4045 459 4701 -2215 4150 -2155 -1793
1739 -545 -568 -1350 -1656 187 665 1217
4323 1316 -2214 -3535 -1673 3716 647 -2615
3231 459 -2647 1500 938 -1287 -4 -625
5761 2897 -1868 6637 -5696 459 1983 2174
672 3444 -473 4025 -548 3884 -1180 -2558
2644 -445 83 -2508 -2245 638 -574 951
3352 1898 -1898 -3533 -181 3364 1415 -1834
3456 -381 -870 2474 -1099 -2206 -171 -1680
5447 3628 1094 6713 -5062 3068 726 2819
262 2387 780 2779 532 2433 69 -2402
3538 191 -757 -3425 -2935 1132 -1453 68
2231 1745 -1545 -2838 476 2424 1491 -560
4337 -763 -1016 3599 -3321 -1642 651 -2477
4522 4242 -320 6069 -3211 4940 -445 2768
561 1036 390 1083 468 808 817 -1521
3884 1067 449 -3727 -2951 2025 -1817 -1233
1366 987 -625 -1402 385 985 752 414
5010 -471 -1883 4025 -4676 266 1672 -2526
3224 4116 -1338 4625 -913 4917 -1484 1851
1327 304 934 -90 -585 -56 1236 -301
3425 2187 1940 -2874 -2394 2856 -1241 -2277
949 26 -466 -99 -500 58 -438 812
5480 467 -3298 3676 -4649 2455 2471 -1684
2066 3594 -1766 3050 738 3645 -1983 505
2540 151 2169 -427 -2030 -311 522 688
2466 2809 2920 -1607 -1613 3273 51 -2617
1369 -859 -1284 632 -1727 -226 -1651 164
5227 1474 -4307 2544 -3430 4232 3024 -271
1149 2523 -1523 1517 1218 2071 -1801 -617
3473 537 3593 -25 -3237 567 -794 1450
1178 2631 2940 -55 -891 2957 1217 -2148
2349 -1365 -2570 737 -2844 477 -2168 -827
4308 2370 -4717 940 -1727 4772 2430 926
1295 1151 -156 893 372 425 -413 -1562
3698 1541 4491 1163 -3498 2005 -1937 1089
173 1800 2092 976 -425 2269 1810 -849
3384 -1018 -3838 -241 -3237 1631 -1837 -2030
2897 2783 -4380 -702 -307 4081 1178 1768
1894 151 1397 1100 -1133 -183 705 -1271
3480 2497 4761 2618 -3057 3276 -2981 -138
-62 658 651 1276 -543 1558 1590 574
4153 -253 -4564 1140 -3120 2930 -758 -2800
1734 2307 -3158 731 689 2926 -317 1609
2939 -124 2557 712 -2591 74 1615 7
2416 3227 3847 1090 -1773 3829 -2673 -1431
116 -485 -946 815 -1047 1186 377 1459
4295 1005 -4395 -435 -2436 3690 743 -2597
882 1371 -1493 -40 636 1677 -1411 870
3928 198 3073 1773 -3450 1464 1590 1285
1222 3211 2519 2213 -662 3871 -1874 -2312
1260 -1208 -1960 -93 -1657 1210 -1007 1585
3534 1891 -3248 -1820 -1273 3962 1874 -1707
592 -43 93 -76 -304 806 -1663 -560
4499 1223 2608 3385 -3574 2856 598 2569
46 2376 699 2530 -154 3129 -73 -2646
2515 -1100 -2054 -1551 -2429 1755 -2291 794
2293 2388 -1606 -2586 -237 3616 2033 -310
1199 -1052 903 1111 -1548 660 -841 -1819
4243 2272 1254 4438 -2518 4079 -849 2709
-817 1095 -738 1916 35 2265 1047 -1674
3350 -347 -1159 -2997 -2406 2540 -2609 -643
750 2166 118 -2604 107 2756 1308 1278
2430 -1477 617 2680 -2713 1304 479 -2100
3063 3133 -615 4832 -1299 4478 -2167 2008
-478 -96 -1035 534 -252 1627 1548 -351
3579 719 304 -3950 -1997 3315 -1888 -2043
-315 1178 1147 -1509 -177 2009 -57 1865
3455 -1124 -483 3978 -2958 2369 1828 -1446
1669 3335 -2002 4171 -124 4180 -2904 588
485 -1028 -362 -1210 -1165 1413 1170 1290
2975 1970 1962 -3877 -1368 3610 -537 -2623
-595 -53 1082 176 -771 1700 -1611 1437
4326 -57 -2141 4750 -2539 3670 2549 47
239 2821 -2542 2721 422 3303 -2602 -934
1731 -1117 239 -2452 -1847 1796 -93 2139
1559 2717 1522 -2800 -929 3601 1119 -2190
-64 -1459 1260 1888 -1535 1923 -2430 257
4229 1088 -950 4411 -1464 4565 2341 1592
-463 1652 -1565 968 448 2380 -1232 -1923
2911 -465 961 -2800 -2080 2577 -1679 1920
15 2592 2573 -1003 -576 3290 2147 -755
1095 -2177 204 2998 -1829 2536 -2469 -1380
3308 2227 -2528 2988 -426 4482 1103 2746
-403 207 -1074 -620 -177 1621 186 -1669
3242 792 2717 -1884 -1956 3295 -2719 713
-1193 1540 2627 946 -519 2956 2131 997
2541 -1991 -1448 2878 -1727 3374 -1183 -2440
1832 2584 -3215 1149 425 3747 -526 2690
528 -731 448 -1022 -1003 1344 1501 -634
2755 2262 3971 -129 -1666 3761 -2707 -953
-1722 123 1690 2204 -572 2889 1068 2413
3431 -1081 -2966 1800 -1108 3970 347 -2677
683 2093 -2667 -233 784 2788 -1737 1716
1890 -1075 2164 -708 -1725 2061 1739 969
1367 3018 4112 1787 -1041 4092 -1714 -2348
-1257 -1257 -91 2389 -616 2927 -556 2703
3421 131 -3724 182 -295 3989 1829 -1820
-448 884 -1258 -1225 310 1953 -2152 301
3200 -410 3644 978 -2195 2850 852 2425
-232 3286 3339 3319 -391 4229 30 -2733
-293 -2050 -1637 1723 -480 3273 -2088 2000
2690 1217 -3529 -1301 399 3447 2355 -151
-377 -559 587 -798 -449 1571 -1489 -1246
3939 864 4131 2868 -2045 3916 -785 3055
-1639 2589 1786 3794 314 4010 1611 -2195
1010 -2076 -2814 237 -189 3342 -2773 633
1309 1872 -2207 -2285 433 3011 1826 1462
482 -1866 2338 633 -1569 2080 267 -1906
3586 2352 3422 3991 -1158 4611 -2346 2521
-2403 1235 -281 3262 786 3568 2568 -669
2026 -1248 -2792 386 32 3065 -2235 -879
-280 1411 -208 -1751 104 2309 300 2193
2103 -2392 3188 649 -2038 3029 2009 -1410
2598 3497 1859 3801 -96 4919 -3341 1084
-2165 -212 -1654 2651 985 3066 2474 1005
2340 83 -1745 -1359 65 2902 -844 -1798
-1453 186 1731 -1576 -664 2248 -1517 1949
3602 -2027 2852 2626 -1804 4271 3099 37
1037 3878 -87 4492 1096 4566 -3300 -766
-1052 -1058 -1978 1072 727 2299 1136 2185
1467 1396 195 -2481 -222 2726 906 -1680
-1768 -1599 2836 -132 -1385 2935 -2695 571
4536 -890 1484 4420 -692 5280 3271 1986
-335 3546 -1632 4155 1909 3798 -2070 -2034
294 -1157 -1190 -669 336 2035 -368 2273
12 2139 2090 -2425 -591 2974 2342 -363
-1013 -2951 2794 1939 -1425 3853 -2753 -1248
4581 691 -539 5225 678 5180 2224 3390
-1065 2301 -2202 2611 1974 2564 -410 -2212
1618 -173 641 -2045 -627 2143 -1682 1020
-1777 1966 3426 -1140 -839 3466 2589 1611
226 -3676 1667 3657 -407 4811 -1706 -2757
3863 1725 -2038 4967 2005 4398 551 3738
-755 862 -1501 711 1236 1514 1165 -1277
1975 1365 2505 -2073 -1273 2586 -1971 -647
-3242 837 3543 1040 -742 4248 1739 3259
1831 -3660 -124 5031 777 5114 52 -3381
2426 2182 -2761 3578 2539 3144 -958 2987
365 -163 181 -887 -41 1269 1606 427
1508 2948 3993 -1172 -1209 3704 -1091 -2276
-3828 -537 2556 3054 77 4885 -98 3992
2977 -2674 -2029 4858 1780 4512 1886 -2750
1099 1764 -2505 1705 2032 1731 -1648 1499
2054 -373 1437 -1324 -1258 1979 1070 1981
-26 3998 5077 890 -770 5046 666 -3089
-3353 -2091 3416 4586 1280 4998 -1741 3429
3144 -1481 -677 3824 2609 3298 2836 -1314
330 355 -670 52 748 829 -994 -247
3589 396 3687 -549 -1890 3385 -543 2835
-1748 4268 5578 3062 314 5623 2718 -2504
-2263 -3000 1748 4799 2286 4321 -2812 1873
2361 -328 -1655 1973 2314 2083 2639 390
376 -1304 888 -713 -701 1376 443 -1260
4462 1968 5439 1262 -1290 4967 -2291 2473
-3293 3476 4704 4725 1922 5457 4043 -1113
-791 -3122 -13 3940 2812 2924 -2636 136
911 165 -1210 376 1251 1035 1510 1541
1419 -2649 3007 -156 -1815 2717 2246 -1073
4294 3751 6218 3507 150 6297 -3760 1056
-4023 2141 3116 5178 3333 4437 4246 670
318 -2086 -1159 2084 2385 1776 -1441 -1184
-817 -128 195 -814 -272 1313 -471 1521
3273 -3076 5064 1609 -1752 4520 3956 246
3193 5018 5498 5390 2006 6355 -3837 -1052
-3683 712 1097 4334 3449 2755 3244 2062
574 -570 -1104 246 1125 1046 261 -1389
-1829 -1468 2353 -387 -1367 2427 -1709 122
4967 -2803 6116 3775 -306 6165 4273 2216
1893 5546 4102 6175 3940 5096 -2806 -2663
-2583 -219 -206 2679 2815 1087 1582 2389
-167 761 253 -826 -344 1216 1848 -370
-2132 -3196 4455 1199 -1576 4217 -2066 -1815
6207 -1489 5723 5794 1899 6893 3447 3841
483 5004 2274 5496 4671 2871 -1020 -3323
-975 -234 -392 847 1359 337 201 1471
-1645 1585 2259 -915 -1170 2640 2543 1301
-1229 -4576 5523 3266 -175 5635 -1168 -3683
6379 -93 4338 4148 4091 5748 1653 4493
-224 3658 694 3583 3719 570 809 -2794
432 829 824 -990 -626 940 -515 -289
-3426 1474 4390 -2218 -1208 4319 1593 2810
239 -5638 5535 1849 1834 6596 725 -4685
5542 1159 2384 4877 5246 3421 -85 3933
-78 2349 165 1921 1943 -530 1737 -1345
967 2374 2764 -2324 -1692 2374 113 -2067
-4742 399 5729 -1056 182 5795 70 3881
1935 -5334 4149 3784 3713 5880 2634 -4292
4109 1669 713 4515 4799 1003 -1328 2409
1215 1265 1083 -164 -327 -47 1424 139
460 3939 4872 -2733 -1312 4639 1665 -3217
-5332 -1146 5774 994 2253 6059 -1933 3213
3143 -4336 2268 4999 5101 3897 3816 -3061
2820 1168 136 3090 2826 -1036 -1140 629
3063 1337 3085 -1582 -2240 1588 -119 1078
-827 5185 6584 -1796 303 6337 3487 -3150
-4752 -2378 4723 2917 4097 5384 -3328 1851
3397 -2910 459 4857 5066 1448 3959 -1353
2138 -88 633 1232 459 -1038 -58 -758
4706 1955 5303 -2277 -2292 4189 -1982 792
-2500 5411 7072 31 2982 6561 5087 -1820
-3434 -3235 2934 4159 5017 3401 -3547 -299
2782 -1669 -519 3623 3395 -431 2799 -77
2070 -1754 2296 -772 -1688 797 1687 -1082
5593 3474 7108 -1511 -402 6741 -3633 -614
-4041 4608 6194 2247 5155 5334 5206 -4
-1805 -3191 1014 4282 4886 1183 -2685 -1884
1271 -989 -394 1698 1142 -935 1132 131
3220 -3013 4461 -1474 -2586 3261 3188 49
5567 5077 7752 99 2502 7296 -4020 -2599
-4525 3243 4486 3565 5921 3019 4512 1502
-506 -2298 -241 3225 3336 -219 -1101 -2520
-264 -1380 653 -93 -615 280 -373 -577
4960 -3469 5990 -904 -1301 5764 3502 1564
4621 6304 8564 2125 5772 5960 -3383 -4381
-4213 1860 4713 3869 5223 310 2648 1993
-110 -732 288 1239 998 -486 449 -1975
-1375 -2612 2527 -1050 -1711 2565 -1216 -2525
6776 -2968 7952 824 1596 7439 2615 3257
3162 6781 8131 3786 7240 3332 -1794 -5296
-2853 942 2703 2786 3212 -1402 803 1392
-660 697 259 -594 -374 587 1005 -786
-1414 -4042 4508 -725 -1226 4570 -525 -4214
7816 -1747 8891 3010 4768 6823 800 4317
1783 6251 6604 4293 6521 119 -148 -5268
-1121 1090 1484 903 456 -1150 -112 -66
-1999 1508 1377 -1879 -826 2775 551 870
-466 -5369 6326 757 1050 6201 855 -5199
7993 -305 8520 4719 7276 4280 -1246 3848
1041 5155 4746 3843 4295 -2348 927 -4035
313 1670 970 -1167 -1322 781 -140 -1759
-3449 1494 3140 -2010 -127 4529 -995 1803
945 -6054 7378 2758 3802 6162 2599 -5046
7305 1119 7171 5664 7542 1339 -2689 2494
1402 3702 3347 2101 1135 -2767 714 -2330
958 3097 2061 -2578 -1402 3315 1010 -2889
-4612 697 4897 -972 2001 5208 -2901 1779
2635 -5847 7106 4683 5729 4419 3851 -3700
5933 1538 5298 5270 5518 -1689 -3229 682
2624 2576 2872 -23 -1786 -624 -558 -1163
811 4630 3756 -3084 318 5760 2539 -3042
-5052 -699 6135 838 4317 4862 -4497 644
3856 -4766 5820 5737 6860 2050 3902 -1901
4457 1145 3688 3995 2800 -3328 -2733 -725
4153 2401 3596 -1485 -2637 2351 -2351 -891
-355 5497 5642 -2187 2580 6060 3581 -1793
-4365 -2059 5941 284 5384 3130 -5125 -1044
4246 -3410 4026 3185 5824 -336 2987 -336
3749 66 3067 641 -443 -2364 -1291 -1143
5743 2966 5318 -5250 -990 5632 -4056 -1661
-1821 5739 6973 -5076 5532 4895 4093 -133
-2874 -2793 4698 681 5336 962 -4454 -2734
3396 -2031 2079 3023 3431 -2003 1034 427
3693 -1424 3545 -1326 -2512 469 -129 -379
6766 4301 7355 -5945 2017 7511 -4668 -3474
-3027 5046 7179 -3536 6878 2439 3159 1639
-1201 -2643 2827 1800 4492 -444 -3068 -3453
2280 -1145 921 2047 1399 -1978 -596 262
4776 -2624 5154 -2925 -2193 3665 463 1223
6643 5723 8761 -5277 5413 6348 -4207 -4842
-3540 3746 6349 -1802 6211 -655 1651 2771
79 -1687 815 1860 2507 -848 -1610 -2988
753 -1410 1196 182 -644 -208 -1521 -1038
6167 -3039 7039 -3632 365 6451 -215 3010
5780 6873 9391 -3755 8008 3674 -2985 -5889
-2950 2302 4342 -441 3932 -2469 -430 2522
648 -151 -514 839 1013 -454 -745 -1386
-201 -2451 2448 -1343 -1283 1907 -1448 -2315
7839 -2611 8748 -3100 3489 7391 -1841 4025
4392 7115 8866 -2040 8127 -245 -1526 -5521
-1591 1420 2465 -409 1360 -2140 -1574 1478
292 1159 -641 -866 580 988 -831 272
-215 -3589 4059 -2044 162 3745 -462 -3092
8721 -1599 9394 -1754 6678 5176 -3463 4113
3081 6490 7275 -654 5766 -3490 -93 -4216
23 1164 1070 -1199 -900 -497 -1980 142
-668 2068 29 -2528 888 2623 -1807 1708
479 -4516 5439 -1738 2295 5056 1003 -2903
8740 -85 9000 178 8473 1938 -5081 3246
2462 5348 5471 -287 2401 -4456 98 -2308
1474 1839 -451 -2933 -936 1758 -1169 -844
-1945 2203 -244 -3624 1941 3065 -3372 1968
2041 -5120 6306 -325 4126 4646 2185 -1520
7966 1059 8399 1757 7478 -1631 -5712 1677
2656 4109 3198 -914 -1056 -2823 -561 -871
2310 3016 -1546 -4785 679 4261 350 -1035
-2699 1456 1249 -3508 3538 2610 -4778 1484
3578 -4654 7033 1544 5925 2735 2563 227
6588 1484 6995 2492 4624 -4296 -4900 371
3647 3160 1805 -2358 -2933 129 -2155 138
2210 4167 -1003 -6017 2885 4871 1590 -128
-2980 349 2677 -2517 4188 1999 -5255 275
4550 -3549 6718 3166 6467 703 2118 2144
5232 1422 5417 2382 1681 -4506 -3920 -22
5109 2758 1265 -4167 -1882 3484 -3294 -191
1258 4980 456 -6332 5505 3457 2497 1532
-2193 -928 3646 -746 4065 821 -4708 -973
4901 -2085 5438 4308 5137 -1491 782 3229
4627 433 3989 1131 -1524 -2376 -2259 363
6399 3056 1748 -5564 1035 6057 -3871 -1150
161 4974 1853 -5542 6471 1185 1992 3223
-730 -1378 3231 939 3716 -207 -3195 -1505
4438 -942 3784 4285 3482 -2812 -840 3369
4419 -823 3321 -547 -2945 450 -1220 1739
7123 4080 2984 -6067 4463 5840 -3592 -2234
-832 4284 2754 -4157 5392 -1154 817 4319
910 -1289 2135 2007 2996 -171 -1538 -1216
3287 -193 2330 3302 1793 -2392 -1622 2625
5326 -1740 3850 -1784 -1429 3665 -1355 3403
6998 5316 4702 -5491 7483 3398 -2218 -3137
-1082 3111 2738 -2717 3390 -3126 -399 4633
2274 -433 177 2149 2132 -13 -38 124
2091 -188 1384 1851 -46 -1283 -1641 1527
6308 -1901 4892 -2165 1161 5501 -1914 4216
6122 6081 5750 -5838 8038 -24 -633 -2885
-428 1788 1631 -2885 1325 -2716 -1449 3783
2869 748 -1390 2556 2410 186 501 1636
1250 -936 1421 266 -653 -18 -821 657
7498 -1712 6394 -5896 4615 5021 -3063 4793
5042 6185 5974 -6934 6071 -3208 928 -2005
565 987 135 -1768 -419 -774 -1571 2578
2681 2008 -2546 1818 2698 715 -40 3125
1318 -1791 2371 -829 147 1830 774 532
8264 -616 7756 -5319 7184 2882 -4047 3866
3837 5792 5383 -5366 3121 -5314 1640 -459
2017 680 -1554 -1322 -611 1155 -742 1530
1915 2752 -2820 685 2537 65 -795 3660
1990 -2801 3872 -1452 1308 3230 1971 1430
8234 565 8225 -4127 7486 -154 -4122 2688
3164 4628 3825 -4140 86 -4207 1548 1117
3422 1128 -2974 -2053 1192 3111 672 945
775 2832 -2097 -658 2551 -495 -1640 3334
3172 -2919 5019 -955 3179 2758 2717 2585
7463 1383 7754 -2531 5714 -3212 -3387 1279
3272 3607 2410 -3774 -2418 -1521 868 1747
4060 2043 -3292 -3205 3370 3443 2302 1183
164 2331 -1084 -1252 2418 -525 -2137 2308
4340 -2485 5548 234 4916 1954 2673 4100
6373 1744 6723 -1345 3300 -5255 -2304 431
4060 2629 1243 -4222 -2273 1465 45 1545
3988 2914 -2897 -4533 4768 1578 3263 2204
131 1322 10 -926 1369 -416 -1467 1170
5267 -1717 5240 1780 5075 625 1746 4579
5172 1607 5284 -572 358 -4555 -645 285
5127 2236 669 -5303 379 4288 -455 861
3354 3473 -1900 -5207 5481 -813 3405 3165
790 450 719 115 1239 -141 -122 294
5502 -485 4105 3286 4847 -1506 731 4496
4384 1011 2724 -742 -2045 -2323 538 1025
6198 2679 -2594 -6557 2997 4690 -137 -417
2362 3413 -3444 -5350 4497 -2290 3124 4129
1998 92 1419 1569 1469 772 1315 123
5002 576 4758 4093 3837 -3044 49 3692
4364 45 2106 -1731 -2167 322 1055 1833
6763 3586 -2166 -7551 5450 2811 854 -1283
1532 2847 -2265 -4628 1959 -3441 1996 4125
3203 264 1161 2921 1744 1392 2792 846
4198 1168 3574 4057 1744 -3367 -186 2419
4803 -757 1589 -2873 -374 3264 862 2491
6525 4176 -1252 -7771 6912 16 2235 -1766
1272 2059 -1608 -3457 7 -3084 1379 3151
4295 902 459 3876 3170 736 3325 1564
3321 1181 2453 3605 97 -3006 378 1089
5865 -925 2016 -3806 1581 4060 82 2523
5887 4797 15 -7213 5766 -2821 3359 -1412
1765 924 -1569 -2098 -1167 -703 1031 2086
4679 1633 -705 4067 4077 -101 3270 2498
2607 861 1708 2525 -659 -1656 1377 401
6630 -728 2969 -4109 4262 3068 -616 1672
4924 4952 711 -6187 2879 -5074 4057 -805
2728 157 -2253 -1126 -1025 1280 1509 640
4658 2559 -1898 3586 3533 -1170 2462 3018
2509 -48 2003 1568 -698 770 2611 431
6992 99 4008 -3591 5999 1118 -739 395
3847 4492 1082 -4875 265 -4721 4084 20
3858 10 -3413 -952 1123 2252 2659 -315
3923 3178 -2627 2573 2528 -2787 1612 2520
2989 -528 2733 1221 -103 1729 3191 848
7036 1113 5078 -2722 5886 -1810 -762 -908
3477 3674 453 -4095 -2229 -2312 3400 409
4755 379 -4609 -1484 3193 2570 3593 -424
3125 3241 -2688 1596 1493 -3135 1055 1465
3853 -866 3787 1340 2026 2395 3099 1611
6588 1711 5388 -5553 3920 -4493 139 -2018
3493 2585 -479 -3379 -2548 54 2507 214
5176 924 -5219 1700 4161 1026 4219 -168
2734 2878 -2160 2954 -302 -2301 1029 264
4680 -741 4710 -1030 3963 2044 2397 2014
5525 2063 4990 -4244 1689 -4642 1302 -2333
4206 1922 -1611 -3192 -753 2250 1787 -665
5061 1735 -5429 754 4726 -1722 4438 682
2435 2109 -1161 2301 -1148 -1141 1432 -905
5357 -19 5121 -78 4415 108 1331 1588
4865 1829 4190 -3526 -1254 -3499 2023 -2204
4877 1725 -2353 -3326 1555 3539 1637 -1744
4585 2199 -5064 -184 3754 -3555 4009 1042
2990 1460 -229 2567 -396 1015 2331 -1221
5497 663 5001 841 4535 -2161 235 767
4226 1322 3306 -2957 -2483 -1979 2265 -1925
5466 1811 -2686 -4026 3679 2493 1816 -2815
3777 2010 -4140 -678 1004 -3965 2814 697
3572 1058 274 3160 864 2230 2893 -1194
5253 1260 4441 1757 3379 -3322 -66 -373
3951 657 2504 -3158 -1906 660 1801 -1315
5911 2597 -2253 -5014 5183 25 2511 -3254
3052 1638 -3264 -730 -948 -3552 1929 375
4341 1074 144 4011 2178 1716 2964 -677
4338 1774 3280 2345 818 -3838 -208 -1461
4435 96 2243 -3787 -632 2932 867 -1218
5837 3175 -1446 -5600 4830 -2261 3106 -3323
2755 981 -2558 -208 -1471 -1188 1259 -717
5115 1532 -347 5002 3964 475 2657 -239
3715 1584 2628 2174 -1044 -3421 209 -2337
5020 -94 2445 -4545 1678 2892 65 -1674
5159 3580 -581 -5731 2595 -4027 3300 -2816
2975 181 -2507 738 -1557 1054 1182 -1595
5134 2082 -1107 5350 4299 -922 1640 90
3167 1207 3292 1660 -2056 -1349 687 -2531
5589 54 307 -5201 4180 1661 -740 -2518
4362 3636 -2853 -5289 366 -4720 3092 -2218
3547 -60 -2581 1385 -299 2048 1398 -2089
4893 2557 896 5320 2760 -3001 787 -57
3043 747 2946 1061 -2103 760 844 -2060
5943 469 879 -5455 4633 -273 -903 -3305
3761 3451 -2334 -4595 -1477 -3184 2417 -1748
4161 -215 -2903 1863 2105 2387 1664 -2237
4238 2803 164 4734 1121 -3780 -178 -770
3265 169 2916 226 -248 1739 706 -1688
5946 1078 1753 -5192 3603 -2769 -580 -4067
3483 2990 -2127 -3954 -2818 -1075 1307 -1707
4578 134 -3539 1914 3785 1341 2037 -1957
3552 2898 -359 4028 -674 -2925 -866 -1448
3737 -290 3304 -296 2086 2141 29 -1105
5601 1391 2217 -4735 1999 -4642 -482 -4173
3555 2406 -2465 -3290 -2068 1148 501 -2111
4720 614 -4101 1400 3571 -983 1530 -1365
3196 2643 -346 3415 -2109 -1703 -831 -2032
4298 -282 4008 -192 3096 1356 -1016 -1018
5003 1825 2674 -3920 -260 -4290 -59 -4131
3878 1848 -3029 -3089 137 2886 46 -2601
4691 1062 -4591 968 3340 -2965 1091 -739
2874 2073 121 2921 -1618 -284 -624 -2249
4624 121 4539 232 3631 -1044 -1868 -1201
4511 1402 2146 -3478 -2644 -2839 -17 -3349
4395 1927 -3556 -3431 2149 2738 -83 -3101
4082 1444 -4579 145 1310 -3393 128 -311
2804 1554 604 2646 -425 1341 -285 -2173
4645 497 4660 702 2963 -3001 -2252 -1389
4176 993 1535 -3248 -2790 -317 -556 -2900
4801 2217 -4058 -3986 3853 837 258 -3209
3491 1692 -4340 -482 -694 -3665 -846 -179
3181 1117 1209 1575 599 1818 -427 -1682
4243 780 4436 -1891 1020 -3519 -2589 -1937
4263 459 929 -3678 -1384 2218 -1044 -2335
4966 2462 -4105 -1558 4584 -961 441 -2772
3116 1410 -3658 1840 -1683 -2551 -1430 -552
3611 1066 1604 1815 2212 658 -572 -911
3805 912 3957 -1400 -1177 -3511 -2564 -2017
4499 81 443 -3879 346 2836 -1890 -2240
4883 2983 -3764 -2232 3286 -2872 602 -2146
2698 1143 -3185 1520 -2351 -349 -1836 -779
3625 1343 1343 2237 2770 -401 -1180 -630
3356 683 3322 -1269 -1906 -1585 -2080 -1829
4876 -28 305 -4318 2703 2045 -2505 -2385
4610 3152 -3356 -2570 927 -4496 531 -1415
2640 680 -2566 1654 -1710 1159 -1839 -979
3583 1542 1068 2504 1819 -1585 -1816 -426
2827 277 2667 -1448 -1758 624 -1888 -1235
5440 17 344 -4850 4455 434 -2701 -2651
4118 3415 -2713 -2823 -1188 -4182 242 -733
2795 708 -2694 1859 -161 1813 -1683 -783
3193 1860 512 2590 827 -2508 -2253 -453
2717 -370 2325 -1848 -803 1447 -1874 -574
5579 279 703 -5251 3719 -2035 -2616 -2737
3898 3261 -2514 -2697 -3227 -2078 -167 -123
3027 679 -2930 2262 1479 2152 -1452 -182
2704 1958 -10 2478 201 -2164 -2541 -608
2694 -904 2200 -2446 1385 1579 -2161 258
5658 604 1025 -5365 1939 -4245 -2283 -2704
3657 2979 -2364 -2362 -3521 115 -684 59
3120 931 -3135 2149 2158 1138 -1662 466
1990 1876 -446 1901 -601 -1446 -2385 -742
3035 -1172 2452 -2951 2776 836 -2480 593
5593 689 1278 -5354 -586 -4344 -1940 -2312
3552 2853 -2386 -2152 -2053 2126 -870 141
2997 1337 -2966 1985 2936 -607 -1869 926
1353 1613 475 1253 -835 -1000 -2070 -762
3321 -1367 1199 -3127 2461 -1081 -2763 744
5233 757 -1602 -5002 -3022 -2818 -1625 -1852
3824 2530 -4380 -1824 23 3675 -567 166
2789 1757 -3182 1619 2646 -2001 -2127 1610
1027 1198 359 715 -180 -110 -1503 -555
3319 -1475 1314 -3234 1684 -2772 -3058 956
4895 491 -1642 -4641 -3738 -667 -1518 -1232
4079 2522 -4591 -1908 2237 2965 -343 435
2276 2030 -3440 958 1074 -3157 -2631 1667
802 788 204 96 98 -124 -1128 -166
3252 -1340 1445 -3078 -111 -2734 -2962 808
4775 136 -1903 -4381 -2625 1971 -1599 -880
4335 2767 -5121 -2113 4174 734 83 673
1755 2165 -3662 398 -358 -3642 -2865 1764
821 636 366 -130 -31 -492 -900 442
2970 -1285 1274 -2769 -1930 -1885 -2719 1069
4674 -188 -2238 -4185 -468 3753 -1834 -705
4543 3012 -5436 -2492 4110 -1677 362 1230
1339 2103 -3475 -8 -1393 -2335 -3015 1643
790 510 446 -131 98 -511 -704 703
2553 -1398 895 -2580 -2190 -536 -2251 1140
4924 -545 -2801 -4286 2224 3056 -1862 -613
4387 3382 -5455 -2983 2224 -4234 739 1868
937 1948 -3207 -308 -2466 -996 -2703 1288
790 515 461 -78 -97 -130 -743 1089
2318 -1559 660 -2627 -1442 1442 -1759 1495
5282 -561 -3090 -4636 4251 977 -1655 -744
4234 3715 -5248 -3413 29 -4929 727 2379
821 2033 -3150 -456 -2705 258 -2368 1346
585 651 186 11 -231 -71 -565 990
1806 -1851 -21 -2698 92 2214 -1604 2035
5436 -561 -3305 -4936 4017 -1679 -1449 -1017
3944 3769 -5076 -1552 -2528 -3680 850 2847
814 1954 -3054 959 -1416 1797 -2098 1304
133 725 -153 14 525 159 -511 951
1738 -2352 -619 -2320 2064 1343 -1467 2307
5664 -608 -3320 -2807 2040 -4280 -806 -1000
3710 3648 -4767 -708 -4362 -1477 813 3044
889 1950 -3040 1146 -29 2615 -1794 1597
-309 892 -748 166 903 516 -34 822
1694 -2752 -1059 -2458 3088 -226 -1629 2717
5764 -504 -3296 -3052 -484 -4876 -390 -1036
3661 3662 -4690 -764 -4206 1179 810 3007
839 2246 -3278 1288 1759 1880 -1729 1758
-936 721 -1352 59 1285 -296 516 574
1700 -3001 -1252 -2604 2050 -2081 -1597 2720
5592 -393 -3075 -3085 -3197 -3337 146 -884
3633 3554 -4617 -562 -2037 3636 1019 2910
628 2613 -3697 1200 3193 754 -1813 1597
-1329 619 -1698 -150 1511 -1482 1178 540
1730 -3156 -1340 -2837 307 -3605 -1714 2636
5420 -423 -3014 -2925 -4632 -807 482 -631
3657 3299 -4641 -329 631 4185 1427 2726
432 2863 -3965 1002 3137 -892 -1882 1459
-1729 258 -1871 -538 700 -2066 1540 622
1764 -3194 -1235 -2843 -1471 -2955 -1612 2336
5331 -613 -3074 -2800 -3756 2078 660 -591
3855 3323 -4765 -321 3335 2594 1724 2899
171 3066 -4213 767 2105 -2977 -1973 1239
-1864 66 -1982 -816 -933 -2412 2097 886
1561 -3093 -1213 -2671 -3093 -1232 -1441 2211
5074 -857 -3269 -2347 -1139 4279 726 -674
4009 3548 -5114 -453 4821 380 1998 2971
-174 3233 -4392 426 347 -4159 -1909 807
-2131 -244 -2048 -1152 -2026 -1934 2333 1032
1499 -3138 -1434 -2641 -3352 768 -1244 1923
5126 -1107 -4205 -2117 1894 3793 749 -817
4151 3521 -5675 -416 3957 -2578 2169 3166
-528 3239 -3895 64 -2058 -3381 -1711 384
-2012 -383 -2498 -1326 -2435 -178 2185 1150
1191 -3366 -3331 -2403 -1507 2835 -860 1844
5038 -1159 -5206 -2036 4147 1715 910 -1205
4027 3820 -5890 -808 1747 -4928 2182 3446
-956 3211 -4111 -324 -3616 -1795 -1383 -135
-2092 -429 -2592 -1234 -2337 1466 2442 1063
864 -3442 -3510 -2075 938 3256 -667 1953
5403 -1429 -5592 -2069 4768 -1116 1229 -1643
3960 3995 -5996 -1067 -1379 -5138 2008 3568
-1077 2874 -3923 -550 -3607 302 -1015 -504
-2146 -260 -2552 -990 -747 2380 2346 832
794 -3651 -3752 -2000 2865 1779 -753 1988
5472 -1531 -5824 -2049 2736 -3928 1522 -1813
3737 4094 -5806 -1346 -4078 -3222 1768 3356
-1061 2931 -3872 -523 -2491 2819 -802 -502
-2626 -167 -2903 -847 1446 2438 2409 584
558 -3933 -4091 -1896 3858 -635 -731 1900
5631 -1313 -5951 -2353 -117 -5418 1949 -2151
3481 4099 -5700 -1495 -5006 -454 1531 3166
-1049 3089 -3912 -469 -478 3596 -611 -626
-2901 -62 -3084 -745 2880 963 2705 293
637 -4256 -4496 -2049 2847 -2738 -1111 1558
5749 -1280 -6057 -2536 -3159 -4382 2310 -2024
3296 3943 -5436 -1398 -3748 2634 1425 2868
-1069 3184 -3974 -396 2124 2969 -673 -837
-3137 -63 -3414 -693 3117 -1366 2957 196
682 -4549 -4734 -2317 421 -4265 -1231 1233
5538 -1275 -5756 -2478 -4975 -1517 2456 -1891
3260 3693 -5208 -1273 -1291 4550 1304 2558
-1068 3435 -4174 -286 3764 1095 -685 -959
-3555 -220 -3926 -837 2184 -3260 3243 123
741 -4456 -4699 -1229 -2218 -3901 -1536 876
5179 -1151 -5296 655 -4437 1412 2468 -1636
3269 3551 -5069 1879 1594 4079 1394 2219
-1141 3527 -4348 2518 3743 -1722 -1156 -1323
-3760 -584 -4251 1529 -86 -4017 3467 480
780 -4496 -4745 364 -4127 -1883 -1627 384
5111 -1008 -5246 649 -2297 3905 2429 -1727
3515 3513 -5174 2131 4120 1888 1424 2134
-1489 3902 -4811 2590 2285 -4033 -1223 -1588
-3825 -627 -4357 1453 -2671 -3460 3421 655
779 -4271 -4492 257 -4167 880 -1552 95
4768 -1233 -5001 883 631 4431 2210 -1763
3642 3508 -5380 2391 4629 -1134 1372 2198
-1725 3853 -4930 2390 -247 -4566 -1068 -2125
-3660 -840 -4114 1022 -3714 -1362 2904 698
506 -4056 -4217 478 -2242 2951 -1412 -46
4789 -1584 -5146 1308 3446 2698 2023 -2017
3727 3619 -5476 2375 2854 -3953 1140 2336
-1898 3740 -4947 2019 -2934 -3584 -964 -2440
-3493 -969 -4011 907 -3824 1113 2746 836
396 -3995 -4206 593 330 3852 -1352 -221
4716 -1791 -5176 1531 4566 -242 1981 -2206
3663 3881 -5714 2171 234 -5171 776 2394
-1973 3575 -4850 1786 -4403 -1401 -669 -2737
-3353 -859 -3804 877 -2112 2819 2367 856
50 -3832 -3978 991 2602 2563 -1256 -21
4806 -1964 -5426 1800 3403 -3373 1881 -2577
3486 3956 -5640 1975 -2728 -4252 306 2393
-2024 3361 -4622 1530 -4082 1383 -510 -2784
-3146 -604 -3476 1019 531 3173 2057 476
-229 -4068 -4274 1283 3910 -16 -1536 74
4959 -1912 -5558 1703 769 -5019 2271 -2499
3232 4080 -5551 1649 -4774 -1988 -187 2362
-1735 3183 -4247 1521 -2012 3303 -373 -2444
-3263 -405 -3283 1280 2513 2169 2109 278
-382 -4255 -3707 1561 3157 -2618 -1793 50
4977 -1639 -4558 1459 -2138 -4565 2315 -2261
2875 3759 -4218 1334 -4582 875 -528 1964
-1619 2902 -3022 1363 466 3397 -217 -2360
-3349 -128 -2656 1665 3254 -199 2058 244
-245 -4320 -3909 1434 914 -4176 -2094 -185
5017 -1422 -4742 1065 -4171 -2509 2501 -1997
2566 3596 -3980 1080 -2783 3219 -703 1553
-1132 3068 -2606 1832 2900 1978 -625 -2171
-3597 4 -2737 1906 2564 -2560 2143 406
55 -4395 -4151 1196 -1726 -4250 -2411 -469
4804 -1068 -4590 670 -4798 269 2473 -1548
2565 3283 -3553 1182 -27 3834 -670 1265
-1152 3186 -2618 2028 3463 -173 -807 -2255
-3874 -271 -3178 1862 772 -3948 2216 752
349 -4345 -4351 822 -3512 -2634 -2416 -999
4505 -935 -4262 488 -3359 2545 2222 -1003
2669 2858 -3127 1487 2612 2551 -567 1112
-976 3507 -2597 2357 2647 -2790 -1205 -2381
-3854 -553 -3438 1666 -1890 -3748 2136 1110
537 -4041 -4185 386 -4168 -230 -2196 -1388
3959 -792 -3723 360 -810 3456 1758 -919
2863 2532 -2746 1821 3540 141 -379 1292
-1238 3547 -2841 2313 501 -4116 -1081 -2454
-3717 -740 -3598 1332 -3549 -2222 1805 1402
777 -3698 -3964 144 -3333 1870 -1882 -1421
3576 -1092 -3255 846 1829 2771 1408 -987
3163 2575 -2842 2218 2784 -2437 -356 1477
-1370 3714 -3098 2276 -2064 -3841 -952 -2909
-3318 -1083 -3526 659 -3743 -102 1173 1620
658 -3135 -3295 52 -1162 2817 -1465 -1282
3380 -1315 -2890 1172 3186 587 1095 -1240
3497 2830 -3194 2449 680 -4420 -677 1953
-1798 3376 -3495 1893 -3683 -2352 -432 -2943
-2840 -1192 -3219 2286 -2935 1660 558 1478
366 -2818 -2733 1890 941 2371 -1355 -936
3428 -1674 -2883 3403 2882 -1707 1240 -1379
3216 3000 -3424 4289 -1668 -4240 -1176 1785
-1863 2947 -3398 3337 -3860 100 13 -2762
-2287 -785 -2557 1876 -971 2378 363 1129
41 -2637 -2308 2037 2175 700 -1357 -597
3704 -1808 -3231 3725 1062 -3581 1533 -1526
3134 3205 -3823 4245 -3775 -2724 -1811 1730
-1735 2497 -3022 2730 -2739 1992 333 -2153
-1834 -574 -1845 1393 544 1727 -10 662
-230 -2691 -2227 2315 2207 -1091 -1621 -381
4039 -1508 -3637 3676 -1035 -4065 1872 -1080
2649 3274 -3806 3738 -4147 -290 -1795 1323
-1230 2123 -2338 2241 -854 2402 368 -1431
-1688 -55 -1187 1534 1513 188 335 265
-368 -2936 -2483 2655 1090 -2629 -2024 -421
4270 -1381 -4097 3596 -3121 -3206 2283 -645
2282 3120 -3618 3110 -3252 1925 -2046 1002
-619 1841 -1484 1900 936 1599 -33 -974
-1822 390 -1067 1885 1319 -1254 677 359
-89 -3179 -2917 2817 -692 -3233 -2258 -678
4211 -801 -4228 3033 -4101 -1381 2200 160
1785 2512 -2866 2424 -1259 2750 -1660 384
-183 1780 -990 1976 1640 53 -431 -743
-2109 550 -1052 2388 193 -2275 984 609
411 -3281 -3337 2643 -2290 -2726 -2219 -1115
3875 -347 -3930 2311 -3567 799 1639 565
1741 2171 -2305 2141 516 2255 -1229 144
412 2114 -502 2462 1097 -1816 -1010 -958
-2212 244 -1495 2480 -1216 -2255 1063 1119
1108 -3085 -3634 1933 -3250 -1602 -1806 -1687
3428 -23 -3489 1655 -2177 2272 1072 903
2017 1472 -1483 2219 1782 459 -539 435
653 2438 1176 2951 -326 -2700 -1125 -1442
-2341 14 -444 2498 -2294 -1774 724 1792
1481 -2636 -2620 1173 -3186 -113 -1049 -1913
2825 151 -2081 1151 -541 2477 578 911
2534 1180 402 2769 1737 -1379 -325 846
478 2890 1128 3444 -2044 -2551 -845 -1912
-1876 -530 -1059 1802 -2375 -696 136 1896
1818 -2015 -2670 193 -2535 947 -418 -1647
2298 -130 -1329 1113 899 1341 90 291
3042 1219 785 3432 411 -2915 -552 1480
20 2804 539 3364 -3040 -1450 -280 -1999
-1227 -861 -1477 951 -2253 11 -661 1683
1748 -1184 -2208 -401 -1486 1538 124 -1093
2121 -623 -728 1537 1547 -189 185 -137
3452 1507 714 4019 -1656 -3230 -1033 1857
-428 2595 -58 3036 -3157 -54 374 -1962
-417 -952 -1457 9 -1601 401 -989 1060
1294 -695 -1404 -569 -548 1106 181 -286
2301 -1128 -386 2189 992 -1773 702 -581
3515 1852 231 4203 -3333 -2139 -1600 1742
-470 1901 -516 2169 -2273 937 1033 -1202
463 -639 -960 -738 -1104 153 -1184 297
867 -463 -740 -344 36 455 -53 274
2713 -1439 -422 2860 -494 -2789 1200 -400
3185 2352 -514 3960 -4052 -570 -2215 1305
-319 1297 -473 1332 -1041 1254 946 -333
1063 -81 -117 -1097 -979 -146 -643 -425
355 -616 -235 205 136 -311 -672 458
3468 -1322 -1123 3171 -2123 -2769 1860 133
2496 2511 -1138 3232 -3511 1023 -2280 514
250 651 -56 593 -204 478 506 431
1070 716 847 -859 -1334 -502 161 -683
335 -1083 -415 883 -286 -1133 -1237 189
3983 -739 -2024 2904 -3521 -1813 1948 897
1746 2329 -1463 2946 -2126 1956 -1798 -337
1218 181 913 -456 -46 -702 -286 785
906 1361 1556 -1203 -1565 -436 850 -232
660 -1573 -994 1748 -960 -1630 -1504 -592
4108 148 -2984 3982 -4069 -613 1677 1863
1434 1805 -1144 2318 -588 1962 -1080 -568
2205 338 2129 -777 -817 -1665 -1118 460
550 1514 1689 -760 -1664 101 1198 408
1372 -1966 -1990 2161 -1643 -1645 -939 -1273
3809 759 -3392 3320 -3537 1101 826 2135
1297 950 -210 1417 569 705 -157 -307
2676 858 2927 -652 -2024 -1796 -1527 -247
3 1109 1213 101 -1549 242 1031 1214
2443 -1768 -3057 1822 -2487 -1611 100 -1574
3196 1248 -3310 2363 -2543 2068 -245 2051
1839 259 770 1133 639 -732 309 399
2771 1557 3174 104 -2854 -999 -1408 -976
-197 476 237 610 -1254 41 164 1625
3199 -1303 -3638 1104 -3274 -873 959 -1498
2384 1364 -2682 1328 -1212 2010 -885 1395
2667 -209 1865 1306 -576 -2109 388 1307
2593 2171 3074 1118 -3439 167 -523 -1665
240 -139 -519 279 -918 -160 -620 1485
3522 -389 -3519 -105 -3343 137 1631 -525
1814 916 -1665 959 44 1305 -776 532
3674 -17 2200 2338 -2126 -2711 -236 1993
2017 2412 2371 1689 -3044 1361 357 -1684
1064 -770 -1213 -442 -1251 -781 -1281 893
3369 503 -2925 -1211 -3307 1080 1946 550
1717 120 -828 1104 414 24 -212 -180
4252 528 1965 3368 -3646 -1817 -1067 2154
1223 2109 1265 1880 -1864 1871 1234 -1152
2230 -803 -1276 -1708 -1924 -1148 -1458 -246
2797 1205 -1961 -2036 -2529 1611 1455 1461
2164 -614 801 1969 -155 -1428 871 -344
4343 1512 3643 4358 -4467 -318 -1979 1523
861 1326 1541 1316 -770 1624 1503 -35
3098 -468 -2399 -2934 -2789 -934 -721 -1256
2137 1227 -2273 -2026 -1342 1930 692 1740
2939 -1089 1273 3093 -1504 -2330 1729 90
4034 2156 2874 4802 -4232 1447 -2241 529
1138 290 675 113 -123 373 1060 940
3725 567 -1719 -3946 -3576 -284 354 -1571
1512 912 -1255 -1436 -420 1316 -256 1275
4179 -1006 948 4341 -3084 -2327 2200 1231
3204 2627 1613 4492 -2904 2759 -1809 -674
1860 -464 490 -1215 -365 -915 141 1386
3765 1475 -688 -4277 -3790 786 1533 -1386
1159 -30 -583 -261 -221 157 -774 373
4867 -263 -122 4804 -4391 -1251 1806 2339
2306 2458 771 3555 -1398 2963 -845 -1223
2809 -693 1052 -2046 -1547 -1451 -896 1101
3159 2193 644 -3738 -3236 1779 2263 -336
1508 -954 -733 876 -698 -1083 -478 -730
5418 568 -1292 4908 -4976 778 1024 2997
1738 1730 445 2323 10 1804 409 -1064
4028 -390 2258 -2428 -3080 -1560 -1544 84
2169 2511 1412 -2665 -2146 2375 2366 642
2492 -1365 -1752 1488 -1799 -1747 555 -1453
5090 1476 -2443 4088 -4097 2790 -204 2819
1850 714 895 1420 576 335 1210 -317
4800 443 3794 -1917 -4480 -631 -1591 -1345
1456 1965 1402 -1578 -933 1932 1556 1470
3669 -1651 -3149 1561 -3470 -1538 1979 -1516
4247 2228 -3284 2708 -2752 3616 -1193 2099
2538 -200 2200 1091 -146 -1289 1202 794
4822 1516 4897 -761 -4747 981 -521 -2191
989 1244 740 -751 -243 1028 396 1479
4818 -978 -4674 2275 -4326 -372 3011 -726
3216 2152 -2994 3307 -843 3226 -1337 599
3672 -579 3654 -727 -1926 -2307 503 1808
4285 2522 5244 -2535 -4150 2398 939 -2480
1227 93 -592 -56 -721 -204 -640 896
5369 -132 -5584 2820 -4819 1618 3376 342
2558 1414 -1948 2245 730 2008 -557 -280
4972 -306 4956 -264 -3995 -1896 -733 1992
3371 2950 4828 -1217 -2633 3344 2078 -2184
2211 -838 -2158 33 -1759 -1129 -1039 -507
4992 984 -5391 1369 -4018 2942 2785 1509
2616 316 -533 1867 735 37 587 -883
5842 638 5430 1032 -5597 -329 -1858 1152
2352 2711 3632 -38 -1190 3260 2796 -861
3479 -989 -3136 -805 -2965 -1067 -589 -1929
4191 1631 -4599 156 -2273 3634 1521 2069
3267 -690 734 2217 -540 -1759 1829 -595
6014 1761 5064 2755 -5880 1719 -2689 -370
1806 1818 2233 183 29 2255 2313 83
4513 -432 -3093 -2303 -4159 -131 696 -2476
3114 1687 -3264 -606 -555 3409 387 1623
4365 -1510 1547 3386 -2839 -2224 2620 757
5656 2884 4089 4070 -4614 3913 -2541 -1872
1867 511 1107 -578 257 414 1451 803
4950 507 -2399 -3736 -4601 1283 1988 -2485
2182 915 -1836 -546 180 1763 -636 450
5903 -1281 1132 5265 -5266 -1279 2405 1957
4533 3564 2427 4739 -2508 5037 -1334 -3053
2622 -346 942 -1808 -638 -927 -94 656
4727 1844 -741 -4783 -3944 2692 2953 -1499
1944 -462 -1158 753 193 -110 -413 -1255
6986 -502 -72 6879 -6363 663 1180 2992
3577 3356 1417 4367 28 4720 -204 -3099
3916 -532 1765 -3463 -2407 -1569 -1048 -503
3934 2636 -292 -4796 -2692 3694 3019 -60
2233 -1753 289 2422 -1594 -1056 327 -2572
7618 753 3103 7864 -5905 3423 -407 3154
2822 2418 2921 3030 1548 2508 876 -2465
5238 -78 593 -4610 -4079 -1154 -1097 -2082
2409 3086 -502 -3863 -1801 3211 1936 1231
3381 -2738 106 4091 -3605 -1158 1882 -2722
7232 1764 1582 7687 -3853 5715 -1837 2110
2844 1361 2697 1593 1638 4 1107 -1296
5926 1040 2236 -4875 -5168 697 -368 -3476
1373 2501 477 -2436 -651 2595 393 1315
4816 -3025 -891 5255 -5082 117 3234 -2109
6165 2483 174 6534 -1051 5931 -2465 604
3645 368 3369 330 -307 -2211 317 -105
6010 2477 4125 -4136 -5444 2728 1083 -4097
548 1351 767 -600 -472 1682 -1144 760
6018 -2355 -2613 5229 -5312 2441 3664 -859
5020 2228 -325 4942 1502 4201 -2135 -900
5055 -5 4929 42 -2888 -2910 -1272 221
5228 3833 5639 -2544 -4560 4407 2678 -3605
707 -2 -165 670 -1284 796 -2194 -555
6301 -1329 -3973 4298 -4233 4571 3259 524
4079 1366 68 3616 2211 1565 -1018 -1685
6649 368 6958 669 -5619 -1444 -3009 -376
3840 4418 6190 -685 -2386 5551 3541 -2314
1553 -990 -1782 868 -2096 505 -2038 -2342
6071 -89 -5025 2735 -2094 5190 1867 1367
4193 54 1563 3178 875 -1568 491 -1433
7695 1460 8531 2184 -7354 1427 -4248 -1752
2301 4071 5458 865 -431 5197 3221 -595
2656 -1180 -3132 89 -2755 1221 -1131 -3156
4860 591 -4808 1159 -36 4705 -10 1381
4788 -1280 3458 3523 -1778 -2913 1231 -34
8021 3004 9368 4162 -6810 4699 -4345 -3672
1566 2983 3956 1557 1033 3509 1999 636
3905 -687 -4333 1158 -3516 1876 489 -3321
3505 655 -3415 2048 796 2843 -1398 122
6387 -2346 5321 1678 -5119 -2050 1102 1678
7360 4310 8882 523 -4073 7390 -3241 -4987
1679 1729 2286 -481 1529 1545 121 934
4487 458 -4431 -449 -3205 2661 1523 -2226
2386 -325 -1511 1214 472 453 -1721 -1420
8131 -2469 6435 3061 -7596 686 -202 3251
6094 5133 7569 2123 -660 8005 -1798 -5589
2552 816 1191 -1305 324 -160 -1144 90
4013 1861 -3250 -2181 -2476 3405 1520 -491
1788 -1890 489 1363 -1225 -896 -930 -2931
9271 -1480 6001 5021 -7262 4483 -2220 3744
4808 4956 5738 2725 2549 5981 -419 -4811
3956 427 989 -2863 -1874 -1198 -1863 -1319
2686 2915 -1235 -3397 -2058 3535 496 1106
2234 -3469 1552 2658 -3788 -511 611 -3441
9778 -139 4735 6921 -4795 7868 -4032 3047
3821 3808 4373 2125 4112 2654 85 -3104
5214 886 1867 -4682 -3827 -628 -1344 -2888
1146 3247 812 -3497 -1611 3217 -1371 1964
3353 -4737 1646 4624 -5533 1172 2046 -2625
9432 1133 3055 7655 -976 8546 -4967 1643
3857 2477 4019 599 2806 -801 -546 -1443
6056 2313 3837 -6033 -5405 1388 139 -3127
-413 2564 2113 -2319 -1264 2988 -3145 1580
4971 -5011 398 6575 -5324 3961 3005 -842
8036 1964 1391 7303 2607 6753 -5120 4
4774 1313 4775 -1264 -318 -3165 -1807 -297
6001 3883 5763 -6414 -5602 3917 1698 -2556
-1296 1306 2454 -514 -1712 2980 -4527 284
6185 -4370 -1253 7662 -3620 6328 2601 1028
6796 1877 768 5984 4704 3556 -3936 -969
6203 671 6348 -2820 -4155 -2870 -3731 -454
4929 5409 3847 -5427 -4148 5924 2889 -957
-1335 -162 2367 1440 -1583 2875 -4789 -1259
6404 -3283 1858 7421 -1215 6557 1324 2310
5740 857 4077 3994 3478 -430 -2418 -643
7846 950 6641 -3376 -7445 95 -5096 -1666
3354 5978 5415 -3568 -1807 7350 3038 1241
-309 -1360 1349 2791 -1102 3214 -3577 -2416
5953 -1854 178 6112 1389 5388 -496 2876
5452 -813 4630 2191 324 -3199 -1238 554
8792 2189 8620 -2620 -7865 3939 -4960 -3208
1768 5568 5893 -1459 426 6863 1948 3102
1107 -1752 -457 2957 -1197 3135 -1975 -2529
4752 -1043 -697 4299 2637 3441 -1967 2184
6088 -2370 6185 1352 -3855 -2682 -902 2467
9022 3924 10471 -810 -5699 7692 -4066 -4652
748 4443 5159 118 2625 4667 281 3851
2172 -1029 -2233 1877 -1210 2661 -475 -1442
3154 -915 -526 2307 1540 791 -2392 707
7490 -3300 8336 1659 -7209 226 -1856 4336
8114 5450 11108 1351 -1977 10245 -2143 -5323
781 2786 3314 572 2855 2322 -1571 3661
2734 227 -3266 85 -906 2796 149 506
1543 -1986 1103 1190 -322 -635 -1768 -673
9233 -3211 10308 3323 -7784 4153 -3614 5262
6617 6188 10437 2939 2223 9161 -250 -4247
1653 1701 1551 -321 1238 -224 -2370 2273
2227 1976 -3181 -1953 -1360 2824 -296 2291
1020 -3673 3346 1440 -3246 72 109 -1316
10461 -2252 11111 5299 -5087 8228 -5250 4980
5012 5933 8809 3580 5384 5635 1054 -2624
3086 1282 235 -1934 -937 -1264 -1785 976
955 2972 -1773 -2990 -1760 2541 -1870 3392
1367 -5293 5342 2628 -5048 1923 2115 -503
10743 -836 10732 6923 -1173 10555 -6462 3612
3991 4668 6620 -940 5359 1468 1261 -467
4459 1771 -31 -4143 -3192 -46 -247 154
-728 3382 214 -3750 -1766 3318 -3510 3308
2659 -6407 6408 797 -4446 4333 3266 1268
9982 628 9132 2619 2909 9045 -6165 1669
3951 3337 5164 -1635 2786 -2449 208 997
5129 3034 1078 -6062 -5037 2114 1482 549
-2378 2581 2408 -3825 -1685 4330 -4602 2248
3990 -6721 6444 2585 -2453 7149 3681 3300
8624 1478 7122 3426 5955 5437 -4943 565
4627 1835 4463 -3249 -1054 -3419 -1350 1236
5170 4680 2877 -7654 -4978 4680 3229 1987
-3309 1295 3928 -2755 -1111 4659 -4748 317
5296 -5801 4878 4472 -157 7885 2782 5081
7087 1353 5375 2899 5516 1056 -2821 169
6128 1206 5263 -5383 -4944 -1422 -2390 176
4029 6233 5156 -7971 -2799 7273 3722 4137
-3167 -358 4061 -903 407 4725 -3487 -1137
5775 -4394 3104 5454 2632 6406 1179 5732
5809 324 4416 1363 2495 -2615 -920 1059
7532 1529 6965 -6865 -7261 2143 -2331 -1209
2521 6706 6629 -6935 -149 8203 3006 5768
-2148 -1572 3048 1214 1023 4799 -1245 -1837
5086 -3073 1398 5020 4083 3878 -37 4964
5353 -1243 4841 -637 -1095 -3028 -72 2755
8520 2665 8949 -7321 -6489 6164 -1209 -2971
771 6117 6961 -4909 2853 6808 1649 6769
-630 -1999 1107 2561 1242 3827 619 -1164
3665 -1914 294 3493 2749 1145 -538 3279
5955 -2958 6367 -2563 -4932 -682 -375 4291
8488 4305 10563 -6650 -2872 9736 954 -3658
-83 4913 6093 -2814 4644 4605 -17 6263
512 -1423 -643 2535 1636 2425 2062 362
2042 -1709 425 1436 820 -627 -204 1508
7082 -3938 6151 -3599 -6815 2940 -1673 5240
7511 5289 7505 -4779 1407 9995 3066 -3278
-257 3364 3630 -1229 4016 2108 -920 4707
1167 75 -608 1146 677 1923 2092 1992
629 -2709 1850 -546 -1443 -38 1770 518
8422 -3648 7606 -3028 -5157 6841 -3211 4757
5894 6156 7940 -2600 5526 7463 4703 -1808
742 1918 1710 -839 2214 -366 -815 2954
961 1495 -1740 -610 -716 1929 1167 3053
64 -4021 3138 -1688 -3479 1811 3795 372
9712 -2792 9476 -1588 -1477 9745 -4301 3103
4222 5908 7249 -830 6850 3982 5358 112
2133 1237 -203 -1581 71 -1001 568 1395
-350 2814 -1750 -2708 -1369 2426 -361 3120
245 -5767 5205 -1724 -3925 4211 5603 1459
9829 -1230 10036 392 2622 9172 -4291 1179
3132 4595 5329 -218 5150 124 4389 1489
3645 1707 -1778 -3404 -2628 717 2685 1007
-2167 3071 -484 -4019 -1414 3990 -1542 1721
1406 -6672 6849 -447 -1746 6543 5997 3182
8841 259 9227 2077 6034 6156 -2879 -666
2626 2929 3262 -650 2232 -2584 3078 1709
4352 2865 -1971 -5175 -3722 2901 4220 1636
-3525 2388 1498 -3942 -1119 4779 -1763 -305
2803 -6797 7813 1409 797 7469 5259 4517
7301 1208 7568 2909 6506 2818 -907 -1802
3382 1512 1617 -2319 -1182 -2230 1645 757
4199 4385 -848 -6561 -2637 5390 4936 3089
-4233 1094 3399 -2968 346 5032 -805 -2207
3989 -5921 7519 3166 3126 6059 3781 5115
5578 1247 5308 2592 4362 -564 1116 -1508
4563 581 906 -4202 -4326 596 1086 -1113
3252 5616 923 -6702 -617 7283 4433 4543
-4174 -379 4649 -1096 2192 5245 880 -3545
4364 -4308 5956 1877 4655 3903 1928 4332
4147 200 3406 -1203 1501 -2397 2139 -420
5710 753 1391 -7134 -4494 3959 1600 -3026
1642 5926 2824 -7682 1556 6913 2912 5187
-3054 -1632 4664 -1561 2703 4022 2826 -3479
3855 -2771 3836 1915 3952 1906 851 2460
3574 -1157 2353 -2480 -1629 -1019 2236 936
6530 1799 3000 -8409 -2274 6935 3040 -3998
96 5343 4220 -6542 3985 5298 1053 4514
-1578 -1969 3539 374 2675 2515 4249 -2445
2526 -1618 2038 1792 2275 -70 941 549
3816 -2655 2641 -4358 -3893 1614 814 1642
6349 3232 4749 -8696 515 8509 4842 -4118
-686 3977 4292 -4693 4853 3292 -192 2826
-415 -1335 1763 1492 2522 1594 4362 -998
1074 -1485 927 502 520 -297 1998 -1156
5020 -3423 3897 -5840 -3137 4422 -753 1297
5612 4354 6040 -7745 3536 7031 6131 -3212
-903 2529 3675 -2646 3740 942 -726 656
313 -51 -202 1581 988 1526 3226 164
-379 -2092 954 -1481 -1411 1417 3422 -1719
6204 -3362 5531 -6441 -594 6934 -1990 -85
4043 5039 6470 -5976 5771 4695 6311 -1524
64 996 1715 -1098 1945 -509 61 -1246
279 1427 -1403 540 174 1421 1568 183
-966 -3370 2153 -3160 -1904 3263 4789 -1225
6990 -2300 6818 -5728 1724 7425 -2620 -2010
2342 4657 5596 -3737 5572 1899 5300 -320
1267 546 -42 -788 448 161 1444 -2065
-795 2595 -1426 -1257 -44 2557 -11 -885
-729 -4578 3652 -3969 -280 4340 5056 -42
7003 -875 7294 -4178 4233 5599 -2093 -3886
1132 3380 3704 -2099 3374 -905 3590 142
2612 657 -1384 -1348 -1229 1429 2614 -1948
-2195 2780 -1449 -2911 -153 3823 -1039 -2501
478 -5458 2472 -3669 1282 5576 4078 1352
6361 548 5043 -2252 5692 3543 -604 -4946
732 1986 1423 -1350 1412 -1417 1746 -331
3462 1600 -2885 -2783 -1113 2776 3242 -755
-3398 2475 -1410 -4059 1048 4094 -872 -4297
1740 -5455 3929 -2417 2601 5195 2334 2001
4849 1399 4408 -443 4640 802 792 -4804
1182 527 -429 -1588 -483 187 401 -1751
3274 2833 -2980 -4387 -48 4406 2641 428
-3900 1214 380 -3996 2539 3888 237 -5249
2750 -4503 4625 -642 3983 3379 339 1423
3266 1313 2772 334 2508 -1052 1708 -3739
2273 -310 -1953 -2979 -1910 1858 173 -3286
2569 3879 -2229 -5459 1384 5197 1366 1266
-3649 -236 2074 -2873 2891 3583 1704 -5298
3255 -3058 4239 1079 4193 2055 -1180 164
1862 629 913 119 926 -511 1581 -2139
3252 -291 -2352 -4400 -847 3591 819 -4466
1251 4175 -508 -5478 3005 4073 -760 1065
-2671 -1541 3163 -1191 2917 2328 2506 -4289
2704 -1574 2928 1955 2834 586 -1781 -1434
1457 -740 -626 -1094 -710 824 359 -1203
3901 462 -1732 -5498 828 5178 1954 -4744
-65 3576 1166 -4475 4145 2987 -2237 252
-1208 -1740 3102 619 3012 1298 2426 -2650
1631 -594 990 1794 1537 90 -1076 -2979
1582 -1929 -1448 -2542 -1006 2115 -1008 -835
3846 1888 -232 -5767 2447 4987 2877 -3860
-800 2411 2243 -2838 3609 1866 -2935 -1318
-95 -1257 2176 1715 2412 1210 1669 -1233
381 -284 -505 865 1001 962 -300 -3501
2574 -2571 -1216 -3890 370 3667 -2823 -1382
3018 2822 1319 -4931 4137 3468 2919 -2213
-845 839 2570 -1191 2784 560 -2708 -2816
420 -64 527 1640 1175 861 -122 -647
-788 -754 -1485 -310 122 1846 826 -2668
3385 -2410 38 -4734 1605 4510 -3656 -2640
1666 3430 2630 -4845 4391 2270 2128 -615
-163 -320 1896 -300 2256 130 -1725 -3454
325 1356 -1192 1752 1132 1472 -1962 -750
-1236 -1772 -1317 -1659 320 2097 1122 -1374
4092 -1666 1498 -5116 2891 3721 -3296 -3846
334 2889 2851 -3201 3335 898 500 336
1072 -822 365 889 960 797 -653 -3083
-434 2186 -2009 905 1276 2206 -2795 -1717
-948 -2793 -402 -2924 1725 2971 686 15
4359 -182 2817 -4627 4115 2473 -2497 -4478
-683 1903 2284 -1344 2549 -175 -1141 516
2171 -600 -1225 1308 408 1320 27 -1832
-1352 2454 -2059 -314 1307 2208 -3084 -2856
13 -3385 1045 -3473 2205 2940 -423 1046
3470 921 3134 -3061 3633 1643 -1110 -4113
-883 577 815 -76 1512 0 -2468 -419
2901 177 -2260 758 1269 2394 61 -191
-2277 1937 -1177 -1667 1915 1864 -2324 -3470
920 -3459 2348 -3329 3057 2135 -2225 1302
2291 1506 2610 -1436 2550 581 -196 -2819
-450 -530 -653 455 544 903 -2913 -1414
2771 1245 -2324 -478 1765 2712 -1005 803
-2794 905 203 -2466 2605 2058 -1150 -3358
1952 -2687 2897 -2185 3256 1459 -3362 644
1108 1601 1523 -102 2150 -307 -147 -1373
482 -1066 -1739 85 462 1529 -2255 -2163
2158 2097 -1684 -1756 2151 2072 -2311 1501
-2597 -176 1532 -2415 2425 1574 -92 -2454
2299 -1575 2638 -653 2632 1202 -4058 -317
144 1006 -11 653 1425 383 -730 222
1400 -1000 -1848 -963 1456 2379 -1301 -2226
1040 2394 -2324 -2532 2804 1535 -3566 997
-1835 -1144 940 -1560 2578 918 258 -695
2076 -402 2157 680 2144 333 -3413 -1235
-374 16 -426 526 904 971 -1848 1084
1926 -246 -2598 -2050 1911 2342 -249 -1341
149 2063 -1049 -2692 2933 1270 -4052 219
-663 -1247 1623 -240 2308 759 -209 582
1237 490 1247 1497 2121 307 -2407 -1445
41 -891 -1501 -442 1161 1245 -3107 874
2113 694 -2142 -3145 2516 1714 457 -63
-560 1226 374 -2091 2424 564 -3757 -690
284 -981 1774 1136 1818 898 -1179 1622
178 717 -131 1464 1580 816 -1209 -1106
779 -1562 -2029 -1696 1775 1961 -3624 280
1399 1604 -872 -3190 2922 1249 41 1180
-443 22 1169 -785 2022 61 -2655 -1117
902 44 951 2025 1794 734 -2375 1688
-585 161 -1235 540 1228 855 -345 10
1791 -1542 -1729 -2731 2052 1723 -3511 -551
567 2025 331 -2750 2868 675 -608 2346
65 -756 1430 471 1721 544 -1343 -849
707 967 -169 1964 1930 846 -2994 1133
-758 -737 -1706 -581 1594 903 -224 1467
2489 -903 -590 -3112 2419 1203 -2378 -1110
-344 1808 1239 -1646 2031 -169 -1671 2419
968 -1249 957 1418 1346 684 -460 28
289 1656 -1262 1379 1721 1042 -2911 280
-546 -1609 -1541 -1690 1822 1332 -851 2411
2661 102 645 -2827 2993 1132 -1085 -1084
-916 1068 1418 -481 1788 -338 -2295 2100
1912 -927 -281 1513 1541 693 -48 1259
-603 1818 -1919 255 1780 607 -2079 -191
117 -2055 -716 -2061 1758 823 -1501 2794
2201 870 1401 -2454 2550 162 -164 -305
-1049 42 1028 228 1201 265 -2485 1267
2398 -296 -1373 2003 1825 1149 -295 2414
-1296 1419 -1909 -109 2112 561 -958 -450
1109 -2212 539 -2570 2270 931 -2386 2512
1504 1393 1872 -1716 1922 -472 391 843
-552 -691 66 1072 872 448 -1835 491
2513 702 -2339 1517 1946 1089 -923 2834
-1692 814 -1294 -953 1853 531 161 190
1669 -1688 1371 -2268 2365 782 -2479 1579
874 1424 1599 -755 1620 -508 267 1872
293 -974 -1066 1208 1194 845 -663 162
2028 1434 -2371 511 2371 531 -1723 2667
-1577 -118 -256 -1588 1589 220 810 1044
2118 -956 1984 -1682 2069 84 -2050 745
263 794 751 131 943 -11 -220 2366
1146 -846 -1897 753 1461 1512 534 656
1347 1718 -2009 -435 2565 55 -2050 2035
-1020 -727 732 -1522 1828 212 833 1858
1940 -159 1843 -719 1904 -408 -979 284
81 96 -189 411 667 132 -820 2236
1823 -275 -2193 -132 1989 1239 1363 1311
522 1495 -1009 -1258 1976 -166 -1857 1098
-236 -976 1307 -1003 1719 244 410 2522
1533 290 1437 96 1735 -430 -131 239
619 -691 -946 -68 850 868 -1270 1512
2095 717 -1881 -1308 2821 736 1507 2269
100 1026 -233 -1312 1551 -836 -960 407
498 -656 1288 -27 1349 -22 -30 2474
634 328 221 519 946 -157 799 983
1240 -1197 -1397 -832 1289 1506 -1022 633
1747 1154 -1174 -1786 2799 -131 1303 2720
128 368 338 -920 1323 -520 -68 192
773 14 659 816 1484 19 -514 1963
171 -17 -535 269 847 -134 1147 1600
2080 -1158 -2231 -1959 2085 1315 -361 -300
1258 1565 -2099 -2229 2139 -1017 836 2904
788 -84 -8 15 522 -93 814 647
754 664 974 1364 1559 170 -578 1251
69 -727 -633 -405 964 634 783 2162
2755 -726 -1998 -2827 2961 725 723 -395
990 1558 -1489 -2024 1487 -1828 199 2451
1310 -320 56 797 396 265 1161 1139
284 1320 20 1297 1275 96 2 383
238 -1735 -1177 -1477 1197 1100 235 2358
3074 -53 -1434 -3316 3034 -74 1623 -409
681 1165 -1081 -1452 481 -1378 119 1825
1804 97 -557 1152 873 910 975 1636
-264 1250 -708 726 1440 -80 881 -160
808 -2042 -944 -2186 1915 885 -333 1893
3062 291 -966 -3299 2245 -1527 2094 -79
765 753 -1053 -917 -604 -746 391 1167
2061 659 -1338 1208 1310 1251 424 1772
-856 1098 -1249 82 1572 38 1506 -210
1478 -2263 -433 -2758 2612 357 -654 1134
2834 659 -394 -2856 1374 -2289 1998 520
1467 188 -1682 -431 -823 604 1070 674
2279 1430 -2250 913 2012 715 -117 1612
-1036 557 -1203 -628 1278 -193 2092 227
2033 -2100 280 -2762 2433 -331 -739 328
2424 593 -231 -2408 -46 -2074 1891 582
2082 56 -2392 -482 55 1968 1692 741
1975 2083 -2854 178 2662 43 -603 926
-1052 50 -829 -1060 1428 -497 2172 726
2324 -1679 730 -2368 1781 -1478 -231 -201
2288 23 -764 -2029 -1445 -876 1307 397
2970 334 -3498 -972 1424 2527 2248 1069
1497 2483 -3166 -546 2688 -741 -723 -27
-699 -362 -269 -1128 1249 -561 1945 1093
2152 -1243 924 -2188 880 -1934 311 -520
2507 -607 -1433 -1182 -1520 820 1142 -231
3367 786 -4015 703 2988 1592 2312 1458
1073 2498 -2899 458 1892 -1907 -453 -781
-209 -664 406 -1076 771 -502 1496 1099
1928 -1070 893 -1730 -211 -1446 722 -302
2932 -1208 -2253 -1000 -106 2442 910 -908
3751 1412 -4489 75 4181 197 1898 2073
992 2233 -2538 290 601 -2304 39 -1100
60 -372 541 -642 432 -627 1047 618
1561 -1179 420 -1413 -1077 -551 688 -30
3462 -1578 -2947 -1309 1602 2855 1277 -1561
3817 1750 -4527 -307 3671 -1952 1461 2152
998 1904 -2113 252 -799 -1669 364 -1087
337 -18 514 -166 447 -277 830 44
1211 -1605 -233 -1349 -700 891 326 205
4241 -1667 -3343 -1970 3697 1845 1773 -2076
3716 2096 -4283 -843 2006 -3736 875 2013
1302 1702 -2017 645 -1599 -334 450 -826
334 263 282 282 289 106 925 -395
1059 -2111 -739 -1569 278 1873 -265 299
4829 -1450 -3343 -2652 4784 -49 2346 -2018
3546 2275 -3961 -1089 -339 -3939 352 1625
1712 1690 -2117 1121 -1178 929 218 -713
-39 676 -329 626 637 225 1222 -762
1436 -2784 -1025 -2095 1558 1838 -656 -47
5017 -1273 -3254 -3161 3932 -2681 2702 -1739
3570 2070 -3913 -963 -2642 -2606 248 1124
2159 1986 -2551 1680 -70 2240 -180 -642
-459 753 -916 634 1227 343 1579 -807
1751 -3257 -1024 -2825 3159 893 -1154 -432
5190 -838 -2729 -3452 1689 -4334 2540 -1374
3738 1826 -4077 -519 -3692 -260 396 951
2539 2621 -3337 2262 1612 2562 -886 -701
-804 547 -988 268 1425 -49 1902 -413
2146 -3224 -2828 -3249 3507 -650 -1424 -884
5225 -740 -5010 -3617 -1055 -4334 2490 -992
4302 1621 -4611 -68 -2734 2637 585 1157
2376 3135 -2355 2149 3249 1257 -1246 -1258
-953 200 -1254 -216 1520 -619 1877 21
2439 -3290 -2769 -3595 2512 -2477 -1366 -1408
5127 -835 -4930 -3343 -3596 -2475 1991 -1024
4825 1474 -5032 313 -234 4516 670 1371
2364 3568 -2914 2053 3821 -609 -1342 -1838
-937 -55 -1283 -528 1260 -1174 1635 386
2821 -3088 -2404 -3813 874 -3476 -1261 -1709
5160 -1202 -5089 -3208 -4380 338 1840 -1198
5422 1641 -5672 393 2841 4346 648 1847
2165 3770 -3246 1812 2823 -2755 -1352 -2184
-739 -299 -1053 -743 640 -1391 1259 594
2767 -3060 -2246 -3680 -1278 -2976 -960 -1702
5269 -1526 -5341 -2953 -2827 3400 1868 -1336
5946 2061 -6404 190 5453 1846 221 2119
1968 3874 -3399 1560 930 -4078 -1175 -2357
-395 -262 -658 -688 -251 -1216 807 487
2624 -2861 -2138 -3430 -2843 -1417 -933 -1446
5613 -1841 -5970 -2954 133 5143 1802 -1720
6059 2399 -6749 -176 5735 -1603 -376 2407
1777 3852 -3380 1297 -1204 -3627 -846 -2499
-217 -288 -454 -477 -582 -572 604 307
2529 -3035 -2343 -3371 -2894 679 -1109 -1331
6117 -2118 -6558 -3312 3550 4540 2264 -1735
6294 2810 -7162 -508 3793 -5079 -770 2499
1956 3513 -3027 1464 -3050 -1746 -775 -2169
-16 -38 -279 -149 -627 260 607 143
2361 -3276 -2724 -3323 -1495 2765 -1445 -1154
6728 -2169 -7137 -3796 6039 1742 2589 -1455
6398 2971 -7301 -772 242 -6590 -1295 2289
2016 3603 -3026 2517 -3435 654 -833 -2045
-13 228 -253 326 -181 655 648 84
2304 -3670 -3170 -1524 838 3422 -1791 -1086
7072 -2114 -7381 219 6012 -2192 2886 -1043
6305 2955 -7183 3467 -3427 -5257 -1541 2047
2329 3553 -2853 3883 -2084 2976 -1008 -1838
-241 527 -486 726 709 760 788 91
2363 -3896 -3499 -1572 3073 2352 -2114 -1270
7363 -1975 -7504 5 3414 -5636 2961 -739
6309 2858 -7046 3519 -5801 -1977 -1605 1892
2573 3661 -2830 4225 505 3787 -1072 -1920
-341 408 -708 749 1224 509 925 414
2685 -4222 -3641 -1988 4235 453 -2103 -1669
7408 -1792 -7613 -263 -466 -6974 3060 -422
6670 2717 -7228 3912 -5801 2448 -1607 1968
2893 3981 -3150 4633 3232 2902 -1402 -2039
-471 470 -983 926 1550 -353 1051 681
2921 -4284 -3622 -2337 3731 -2201 -1998 -1840
7457 -1927 -7393 -251 -4296 -5079 2897 -77
6870 2615 -7190 4178 -2805 5565 -1391 1956
2908 4271 -3431 4815 4688 595 -1450 -2420
-623 164 -1225 642 1355 -1017 807 1056
3078 -4286 -3513 -2541 1656 -4236 -1806 -2140
7472 -1935 -7423 -313 -6425 -1264 2785 57
7199 2641 -7572 4502 1540 6413 -1742 2414
2966 4599 -3748 5020 4207 -2264 -1255 -2496
-517 -14 -1103 439 575 -1405 508 1258
3335 -4166 -3357 -2812 -965 -4416 -1585 -2123
7427 -2057 -7432 -90 -5708 3078 2504 160
7454 2622 -7692 4786 5540 4027 -1692 2470
2970 4688 -3923 5038 2004 -4444 -1052 -2745
-319 -110 -926 218 -352 -1417 244 1392
3310 -3975 -3085 -2862 -3184 -2953 -1357 -2008
7481 -2131 -7561 0 -2468 6047 2515 117
7835 2597 -6238 5024 7417 -65 -2029 2796
2711 4743 -960 4789 -952 -4851 -791 -2690
-140 -121 -719 91 -927 -865 88 1351
3288 -3853 -4775 -2795 -4135 -319 -1232 -1915
7605 -2539 -7629 309 2141 6325 2839 282
7871 2927 -5276 4924 5943 -4313 -2414 2817
2629 4543 -1030 4696 -3551 -3248 -444 -2656
24 -71 -495 60 -964 -69 -66 1097
3166 -3782 -4618 -2621 -3205 2247 -1179 -1734
7801 -2567 -7873 351 6006 3823 2837 446
7898 3159 -5589 4717 2061 -7174 -2700 2407
2677 4396 -825 4596 -4441 -333 -151 -2461
371 126 -92 189 -546 511 -48 1111
3023 -3875 -4680 -2383 -805 3749 -1317 -1686
8094 -2641 -8124 303 7466 -488 3084 653
7773 3157 -5571 4612 -2758 -7031 -2888 2302
2948 4225 -548 4636 -3305 2659 -306 -2160
359 137 48 244 50 592 63 924
3040 -4037 -4873 -2399 1851 3527 -1394 -1713
8290 -2567 -8384 206 5607 -4929 3173 1142
7737 3176 -5526 4513 -6244 -4010 -2966 1980
3240 4013 -151 4736 -661 4357 -229 -1845
313 393 -13 489 732 523 178 1151
3118 -4285 -5097 -2412 4057 1720 -1338 -1913
8293 -2377 -8499 -75 1388 -7330 2854 1410
7575 2915 -5293 4461 -6902 781 -2761 1668
3561 4186 48 5130 2372 3842 -465 -1920
208 505 117 748 1025 -242 323 1193
3335 -4277 -5212 -2690 4491 -901 -1157 -2169
8133 -2192 -8355 -264 -3171 -6718 2887 1633
7623 2745 -5090 4544 -4718 5043 -2633 1638
3612 4142 155 5214 4283 1384 -358 -2018
160 437 -144 697 953 -858 397 1517
3613 -4383 -5396 -3032 3158 -3366 -782 -2186
8075 -1917 -8213 1507 -6271 -3562 2549 2009
7786 2508 -4851 7991 -319 7110 -2619 1631
3612 4323 45 5384 4546 -1629 -281 -2096
136 304 -216 583 401 -1101 95 1501
3772 -4331 -5325 -45 642 -4608 -371 -2184
7868 -1784 -7922 4402 -6649 876 2208 1917
7822 2415 -4706 8033 4110 5656 -2624 1913
3620 4413 -80 5565 2729 -4246 -118 -2349
232 -18 -364 385 7 -1114 -124 1796
3920 -4034 -5073 -455 -2086 -4043 -158 -2031
7657 -1775 -7664 4317 -4270 4910 2297 1818
7911 2308 -4694 8172 6765 1752 -2945 1831
3401 4356 -186 5455 -333 -4909 205 -2189
533 -173 -240 -51 -278 -706 -339 1457
3827 -3668 -4692 -593 -3680 -2075 167 -1701
7506 -1875 -7452 4357 -264 6630 2100 1886
7980 2309 -4755 8310 6536 -2974 -3029 1649
3325 4314 -415 5387 -3096 -3804 489 -2107
832 -256 -67 -440 -148 -470 -534 1104
3774 -3536 -4480 -751 -3807 480 220 -1401
7544 -2298 -7357 4681 4003 5147 2258 1759
7964 2635 -5055 8294 3542 -6413 -3176 1472
3029 3936 -345 4845 -4201 -1255 803 -1722
981 -80 292 -486 -168 -121 -446 1113
3581 -3136 -4055 -619 -2334 2694 121 -1301
7432 -2418 -7429 4838 6357 1493 2445 1948
7862 2565 -5025 8035 -962 -7169 -3164 1102
3163 3610 -120 4559 -3620 1566 820 -1353
1322 14 776 -773 224 -373 -263 630
3494 -3178 -4000 -504 -95 3609 58 -1194
7622 -2355 -7632 4849 6041 -2904 2348 2450
7561 2685 -5045 7846 -4898 -5106 -3058 808
3314 3251 289 4234 -1192 3338 607 -1141
1461 234 978 -758 293 -597 32 673
3343 -3254 -3785 -296 2222 2759 -68 -1300
7774 -2228 -4887 4571 3231 -6063 2320 2647
7172 2768 -507 7270 -6623 -1400 -2823 502
3607 2955 3119 3959 1576 3189 420 -1071
1267 453 767 -454 241 -658 397 988
3347 -3502 -4305 -114 3607 703 116 -1686
7650 -1977 -5097 4375 -823 -6727 1890 3088
6748 2340 -208 6819 -5293 2722 -2372 260
3860 2800 3496 3924 3619 1351 365 -1153
1288 725 1043 -251 -166 -820 347 1021
3424 -3509 -4537 -243 3378 -1719 486 -1770
7449 -1555 -5109 3770 -4314 -4833 1487 3027
6463 1961 32 6518 -1889 5173 -1962 423
4074 2781 3730 4090 3766 -1290 370 -1269
1080 527 696 -75 -268 -642 315 1224
3706 -3414 -4711 -647 1956 -3451 944 -1596
6969 -1260 -4926 3337 -6027 -1581 1117 2884
6365 1630 366 6382 2018 4897 -1801 557
4233 2976 3919 4374 2401 -3467 536 -1692
1024 164 341 -269 -294 -205 78 1273
3910 -3161 -4772 -956 -172 -4045 1284 -1421
6533 -1064 -4608 2956 -5007 2095 940 2464
6611 1104 979 6693 5155 2149 -1835 732
4067 3141 3708 4482 0 -4386 1019 -1569
1063 -99 47 -538 -72 -138 -254 1030
4115 -2637 -4738 -1598 -2143 -3352 1719 -976
6057 -1126 -4135 2848 -2219 4270 693 1970
6480 1002 984 6635 5380 -1323 -1790 742
3768 3193 3270 4356 -2182 -3511 1355 -1459
1294 -380 -219 -935 310 -208 -420 610
4163 -2113 -4399 -2049 -3249 -1814 1748 -393
5576 -1313 -3509 2915 1212 4108 1172 1712
6533 1173 954 6738 3459 -4462 -2173 622
3417 2956 2772 4084 -3415 -1408 1673 -1199
1723 -580 -194 -1419 662 -598 -242 131
3882 -1745 -3921 456 -3163 260 1588 -179
5485 -1704 -3212 5462 4078 2086 1539 1601
6467 1466 558 6541 227 -6008 -2327 138
3160 2526 2508 1863 -3018 823 1700 -632
2102 -323 119 -1975 528 -1177 114 -281
3539 -1452 -3247 194 -2014 1523 1069 137
5495 -1921 -3171 5674 4673 -836 1703 1773
6195 1739 93 6470 -2916 -5182 -2254 -530
3020 1961 2256 1321 -1330 2150 1482 -417
2374 -174 528 -2511 36 -1850 805 -397
3226 -1279 -2881 219 -355 1886 843 -299
5564 -1835 -3354 5801 3145 -3617 1663 2118
5508 1851 -297 5909 -4475 -2483 -1738 -1038
3120 1391 2398 677 660 2217 1121 -316
2443 338 1091 -2628 -645 -1771 1067 -347
2872 -1683 -2765 767 1497 1299 791 -794
5755 -1443 -3857 5864 740 -5296 1264 2463
4967 1821 -452 5391 -4425 419 -1058 -1377
3321 842 2759 -20 1996 463 570 -517
2244 754 1496 -2395 -1277 -1445 1380 69
2887 -1916 -2825 1065 2096 -6 1041 -971
5634 -1020 -4116 5431 -1935 -4889 713 2383
4280 1428 -327 4447 -2302 2621 -412 -1234
3839 830 3410 -268 2333 -1463 300 -1108
1925 1001 1656 -1991 -1555 -936 1217 428
3128 -2184 -3348 1361 2033 -1713 1481 -1340
5401 -437 -4208 4889 -3837 -2958 205 2021
3814 915 135 3730 15 3026 -108 -972
4221 1009 3818 -247 1290 -2887 506 -1737
1503 804 1278 -1581 -1254 20 872 564
3479 -2234 -3785 1242 997 -3075 1958 -1171
4796 94 -4044 3921 -3927 -618 -194 1142
3764 174 956 3153 2137 1415 -93 -491
4257 1508 3906 266 -499 -3714 884 -2072
1268 407 331 -1103 -757 348 242 395
3762 -1878 -3468 775 -592 -3301 2178 -849
4170 222 -1752 3158 -2764 1487 -314 393
4101 -182 3294 3160 3048 -692 -532 -279
3929 1764 4124 806 -2139 -3043 1423 -2191
1048 -291 -440 -934 178 -51 -163 -211
4084 -1381 -3879 80 -2038 -3033 2117 -96
3400 -32 -1168 2641 -966 2366 -38 -235
4268 -324 3681 3456 2147 -2808 -1051 -346
3397 2057 3791 1337 -2796 -1579 1910 -1611
1283 -709 -1092 -1307 696 -851 -403 -1072
4050 -459 -3871 -913 -2629 -2062 1680 386
2983 -437 -543 2493 873 1585 351 -522
4714 14 3890 4062 274 -4179 -1446 -831
2785 1916 3007 1354 -2864 -69 1842 -1133
1945 -964 -1535 -2104 583 -1529 190 -1654
3541 3 -3182 -1221 -2558 -352 799 251
2684 -1110 327 2702 1979 55 868 -414
4582 500 3479 4418 -1789 -3937 -1766 -1645
2207 1344 1992 962 -1437 551 1323 -433
2304 -924 -1667 -2824 -161 -2408 700 -1897
2836 290 -2259 -1309 -1982 457 -11 -60
2961 -1378 571 3344 1915 -1768 904 163
4146 981 2721 4499 -3297 -2405 -1480 -2368
2051 608 1351 152 -113 828 484 -349
2582 -445 -1197 -3235 -956 -2676 1184 -1781
2281 194 -1461 -897 -688 719 -451 -731
3517 -1466 410 3959 538 -3325 551 637
3398 1408 1684 4054 -3510 -973 -796 -2780
2118 -121 902 -665 518 -133 -468 -586
2657 316 -465 -3377 -1932 -2162 1513 -1037
1608 -472 -784 -61 333 397 -487 -1428
3765 -1146 -91 4192 -1029 -3610 -324 1063
2446 1408 826 3163 -2598 265 -115 -2505
2551 -486 1176 -2169 815 -1432 -927 -1254
2185 966 522 -2909 -2416 -1480 1185 -285
1638 -1160 -767 1425 493 -852 24 -2007
3876 -374 -982 4376 -2557 -2836 -1297 761
1776 867 380 1630 -1363 1109 221 -2019
3219 -545 1844 -2683 277 -2480 -941 -2066
1446 1222 1048 -2334 -1964 -510 300 241
2001 -1655 -1194 2181 337 -1883 582 -1839
3576 266 -1682 4136 -3386 -1761 -2022 34
1365 154 481 573 -168 661 137 -978
3675 7 2638 -2937 -1153 -2832 -607 -2704
509 1057 1207 -1236 -1352 24 -761 155
2543 -1955 -1978 2760 -447 -2440 1083 -1270
2945 1010 -2243 3254 -2993 -556 -2294 -1002
1473 -670 1194 -236 722 -555 -579 -397
3761 781 3313 -2532 -2156 -2749 135 -2607
-103 418 737 -258 -1035 -279 -1644 -300
3285 -1604 -2993 2634 -1515 -2667 891 -206
1976 1185 -2025 2066 -2290 605 -1887 -1530
1879 -1251 1999 -699 464 -1721 -1480 -45
3265 1566 3468 -1477 -2450 -1726 743 -1939
-172 -446 -237 503 -430 -741 -2091 -1080
3449 -861 -3219 1945 -2414 -2327 227 683
1078 868 -1310 987 -1188 466 -1174 -1906
2644 -1333 3036 -451 -522 -2820 -2646 -550
2461 2093 2997 -335 -2853 -748 891 -911
52 -1073 -1074 677 -391 -996 -1763 -1845
3389 -2 -3156 916 -2673 -1200 -779 1006
590 14 -226 347 -130 -196 -450 -1377
3187 -755 3168 374 -1652 -3207 -3034 -1245
1416 1982 1864 672 -2456 -341 386 214
550 -1694 -1974 314 -1197 -1810 -1169 -2272
2740 638 -2369 6 -2715 -236 -1920 850
589 -1093 1060 399 49 -1136 -84 -309
3376 200 3435 1513 -2608 -2514 -2814 -2070
677 1284 1372 1012 -1549 49 -663 947
1326 -1345 -2507 -631 -1581 -1888 -288 -1707
1705 1022 -1918 -877 -1850 -294 -2529 51
1218 -1590 2214 1338 -545 -2185 -582 1024
3039 1033 3616 2389 -3407 -1451 -2000 -2516
454 504 350 607 -1053 81 -1748 920
1635 -751 -2533 -1433 -1971 -1209 108 -662
741 560 -627 -743 -1007 -387 -2438 -929
1982 -1889 2814 2381 -1427 -3003 -1534 1823
2252 1691 2684 2876 -3464 -522 -972 -2368
623 -314 -557 -185 -1064 -724 -2598 343
1551 390 -1598 -2306 -2305 -1186 13 719
99 -277 772 -3 -1083 -735 -1750 -1425
2931 -1486 2788 3563 -2793 -2522 -2551 1973
1227 1742 1330 2478 -2390 614 -272 -1270
1258 -643 -739 -1247 -861 -1112 -2732 -429
812 1257 -321 -2300 -2114 -1323 -859 1749
62 -1506 1675 1331 -1449 -1725 -630 -1380
3251 -560 1746 4137 -3815 -1770 -3615 1524
339 1217 105 1539 -1799 611 43 -12
2273 -589 -198 -2262 -1056 -1416 -1984 -997
-337 1703 1169 -1472 -2016 -998 -2228 2239
541 -2511 1779 2731 -2023 -2187 598 -509
3107 521 473 3801 -3603 -650 -3917 551
149 207 -101 277 -1067 96 -567 1395
2949 160 1004 -2303 -1915 -1984 -726 -1109
-1576 1474 2221 -63 -2619 -1021 -3385 1729
1608 -2873 959 3606 -2972 -1802 934 1022
2212 1095 -559 2769 -2732 856 -3258 -250
463 -771 244 -808 -331 -660 -1798 1906
3038 1529 2614 -1589 -2274 -2338 487 -136
-2461 624 2564 1573 -2724 -1352 -3842 709
2462 -2640 -232 3672 -3616 -1206 600 2476
1286 1362 -1187 1840 -2135 977 -2259 -479
1263 -1490 1438 -1716 -695 -1526 -2691 1569
2524 2644 3569 -1956 -3142 -1595 1127 1481
-2836 -680 1898 1601 -2831 -1008 -3337 -356
2851 -1796 -1390 3205 -3055 -197 -398 3182
296 553 -693 474 -942 218 -788 229
2404 -1445 2932 -2188 -1781 -2690 -3271 760
1290 3606 4112 -590 -3989 -1243 1099 2996
-2489 -1607 773 2607 -3276 -219 -2098 -938
2793 -745 -2035 2331 -2487 848 -1398 3172
-224 -426 261 -905 -387 -580 89 1364
3325 -581 4151 -1654 -2650 -2720 -2676 -562
181 3512 3519 1004 -3756 -667 76 4069
-1630 -2248 -570 2807 -3037 63 -610 -785
2004 159 -1817 847 -1998 385 -2088 2384
46 -1752 1861 -1482 -974 -1721 98 2894
3742 670 4660 -338 -4284 -1879 -1531 -1484
-741 2935 2383 2281 -3555 570 -961 4326
-645 -1875 -1382 2031 -2005 461 525 399
659 401 -558 -743 -1008 -446 -1799 1124
854 -2823 3475 -1205 -2269 -2822 -505 4075
3461 1928 4251 1350 -4967 -1081 341 -1320
-1172 1777 822 2778 -3199 1262 -1918 3767
-191 -864 -1212 613 -1562 208 845 1989
-541 -235 1094 -1548 -994 -1074 -593 164
2148 -2955 4135 -37 -3630 -2410 -1729 4365
2704 2644 3156 2615 -4411 395 1748 -334
-809 595 -297 2229 -1881 890 -2071 2465
-230 379 -359 -829 -1438 -773 293 3104
-1442 -1491 2847 -1468 -2359 -2228 1193 10
3307 -2679 4226 1470 -5407 -1164 -2879 3917
1545 2949 1633 3282 -3689 2071 2539 1035
326 318 -233 755 -733 437 -1084 1331
-1157 1659 1501 -1877 -1348 -1481 -819 3363
-1424 -2916 4390 -382 -3781 -2430 2952 844
3945 -1538 5437 3008 -5392 34 -3208 2410
644 2222 2190 2811 -2302 2305 2371 2188
1616 576 -460 -735 -943 -631 456 1015
-2613 2148 1789 -1946 -2586 -1845 -1975 2843
-708 -4202 5196 1326 -4847 -1183 3955 2196
3693 -135 4234 3785 -4150 1754 -2563 856
259 1066 932 1581 -666 1198 1523 3011
2463 1751 480 -1993 -1515 -2251 2300 1337
-3986 1828 3588 -932 -4289 -2013 -2580 1341
519 -4674 5123 2977 -5628 326 4051 3615
2996 678 2762 3528 -2915 2876 -924 -84
854 -179 722 -111 39 -4 448 2515
2607 3312 2251 -2229 -2497 -2410 3669 2606
-4972 736 4912 743 -5277 -977 -2188 -446
1738 -4425 4339 4067 -4565 1537 3076 4627
1703 749 1465 2229 -1217 2157 678 2
1930 -977 1339 -1441 -929 -1920 -267 1270
1965 4756 4167 -1341 -4642 -2109 3537 4292
-5391 -664 5355 2620 -5533 1014 -549 -1892
2389 -3315 2636 3922 -2887 2827 1840 4437
778 -6 869 565 254 520 1852 845
3633 -978 3003 -2089 -2365 -3256 11 -604
842 5733 5581 250 -6035 -949 2677 5250
-4795 -2026 4421 3823 -4919 2146 1415 -2228
2365 -2100 1233 2857 -1582 2761 929 3291
176 -1365 1447 -952 -271 -1227 2265 2237
4901 -83 5089 -1503 -4456 -2576 1521 -2180
-528 5598 6078 2029 -5802 1275 1099 5435
-3618 -2475 2858 3852 -2682 2788 2944 -1412
1401 -985 329 1069 -236 832 734 1429
521 -3033 2930 -1694 -2133 -2923 1491 3307
5464 1346 6721 46 -6576 -1155 3322 -2804
-1601 4819 5371 3468 -4918 3379 -226 4249
-2330 -2203 1155 2254 -1175 2631 3606 -255
188 -699 503 -864 -90 -777 1801 -192
1749 -4296 5087 -3922 -4061 -3182 -88 3381
5387 3006 7585 -2302 -7072 1058 5180 -2371
-1869 3593 4034 1041 -3073 3687 -702 2618
-1507 -1065 19 651 -542 1155 3127 861
-1188 -1329 1917 -2609 -1802 -2026 3505 -798
3246 -4678 6865 -3500 -6273 -1479 -1628 2283
4352 3908 7077 -473 -5484 3891 6060 -1094
-1260 2220 2206 1168 -440 2891 -78 726
-1626 498 159 -1139 -240 -1061 1736 1171
-1978 -2802 4054 -3672 -3886 -2973 5149 -458
4830 -3928 7858 -2091 -7507 640 -2279 596
3022 4053 5677 1085 -3423 5101 5984 328
49 1587 912 368 269 1361 1263 -418
-2391 1746 1226 -3022 -1739 -1996 272 372
-1977 -4561 5936 -3624 -5565 -1713 6168 734
5510 -2625 7566 -149 -6409 3407 -2272 -1726
1876 3126 3800 1579 -737 3920 4420 1021
1453 1876 747 -1427 -252 -1175 2989 -555
-3827 2404 3126 -4293 -4253 -2030 -794 -1416
-1166 -5959 7078 -2329 -6977 684 5985 2321
5466 -1180 6374 1448 -3900 5625 -1176 -3226
1754 1703 2595 774 1426 2190 2980 765
2599 3002 1699 -3388 -1631 -2794 3806 327
-5339 2049 5157 -4413 -5755 -1362 -747 -3558
336 -6411 6996 -346 -6708 2807 4825 3378
4518 -138 4558 2248 -1453 5131 764 -3818
2232 183 2019 -856 782 -445 1576 -559
2976 4734 3590 -5001 -4555 -2359 3921 1892
-6197 933 6259 -3382 -6188 1142 304 -5172
1751 -6083 5863 1497 -4386 4993 2699 3517
3138 23 2930 1896 827 3171 1961 -3175
3492 -796 2842 -2994 -1154 -3093 1251 -2742
2423 6185 4317 -5444 -6688 -695 2813 2978
-6334 -575 5995 -1599 -5984 3604 1845 -5881
2712 -4755 5926 2662 -1974 5474 1058 2191
1887 -667 2222 492 1759 829 2078 -1896
5204 -823 1121 -4605 -3857 -3351 2057 -4317
1289 7047 4200 -4611 -6869 1530 618 3165
-5632 -2230 6330 534 -4191 4596 3480 -5524
2637 -3104 3995 2520 -142 3695 -25 375
1231 -2286 1453 -1657 -210 -2033 1007 -657
6655 142 3049 -5435 -7028 -1479 3601 -5182
-240 7005 5642 -2975 -5735 4585 -1472 2232
-4263 -2737 5124 1651 -1352 4902 4130 -4067
1931 -1902 2189 1368 1041 1394 326 -1546
1644 -3777 2005 -3329 -2733 -3474 -927 -205
7229 1760 5110 -4698 -8085 1149 5462 -4726
-1369 5814 5909 -919 -3772 5734 -2701 375
-2531 -2435 3076 1930 -190 3324 3412 -2493
437 -1371 1041 -648 188 -289 1345 -2670
2899 -5125 3837 -4187 -5777 -2446 -2892 -1043
7093 3292 6909 -3412 -6895 4650 6099 -3415
-1600 4444 5073 325 -705 5179 -2763 -1554
-1406 -1098 983 680 -60 860 1781 -1517
-999 -1799 1281 -2482 -2349 -2015 2852 -2381
4506 -5357 5875 -3751 -8100 409 -4323 -2488
5855 4346 7415 -1206 -4208 7191 5491 -1542
-761 2946 3017 631 1253 3377 -1879 -2774
-1271 501 -398 -1141 -695 -359 -285 -1599
-1684 -3355 2828 -3461 -4460 -1963 3667 -951
6097 -4564 7738 -2127 -7709 3222 -4426 -4668
4414 4344 6810 430 -1013 6952 4022 -64
579 2213 1103 -437 701 484 -377 -3008
-2041 1916 -498 -3213 -2656 -756 -1960 -2866
-1576 -5032 4882 -3239 -6577 265 3366 838
6883 -3068 8756 -19 -5281 6329 -3653 -6367
3269 3269 5014 930 1974 4688 1898 238
2303 2275 -600 -2250 -1043 -1733 707 -1972
-3066 2412 577 -4256 -4666 -438 -2322 -4656
-344 -6252 6668 -5153 -6965 2501 1762 2435
6769 -1587 8416 -3474 -2405 7906 -2098 -6771
2969 1819 3085 -2368 2575 1548 237 -476
3698 3307 -1056 -4115 -3307 -1478 893 -81
-4448 2149 2362 -5422 -5307 1375 -1794 -6077
1158 -6698 7784 -3781 -5311 4619 -412 3148
5774 -428 6960 -1748 816 6483 -681 -6066
3501 269 1462 -3158 502 -2076 -855 -2119
4093 4873 -197 -6202 -5993 -48 -279 1560
-5319 946 4184 -5514 -5180 3779 -421 -6591
2839 -6216 7650 -1593 -2950 6303 -2677 2440
4300 -61 4927 -813 2950 3539 32 -4117
4873 -795 849 -5006 -2287 -3284 -528 -3521
3598 6287 1619 -7637 -6873 2176 -2401 2488
-5333 -682 5423 -4135 -3816 4550 1263 -5662
3847 -4740 6162 549 -989 6190 -3933 866
3029 -811 3279 -1194 2219 338 -608 -2294
6537 -843 1614 -7075 -5571 -1726 890 -4197
2420 7064 3305 -7998 -5317 5148 -4346 2189
-4320 -2201 5256 -2043 -1623 4743 2023 -3939
3948 -3076 4191 1721 958 4248 -4059 -686
2315 -2340 2430 -2823 -453 -2661 -2192 -1152
7925 -73 3146 -8825 -8096 1250 2494 -3663
977 6693 4589 -6951 -3005 6758 -5681 863
-2618 -2806 3822 183 -650 4291 1744 -1507
3144 -1635 2241 1737 1587 2190 -2878 -1790
2632 -3866 2962 -4713 -3282 -2573 -4062 -865
8464 1564 5208 -9347 -7632 4626 3546 -1866
-27 5567 4752 -5070 -43 5834 -5823 -823
-752 -2390 1575 1600 -449 2838 352 90
1933 -1108 1114 659 193 403 -1414 -1694
3869 -4982 4646 -6406 -6324 -545 -5569 -2025
8036 2751 1910 -8669 -4379 7719 3427 244
-280 3983 2399 -3052 1816 4124 -5012 -1982
437 -1457 723 1991 -367 1670 -1466 672
438 -1484 -88 -1172 -1651 -768 -159 -404
5479 -5266 1871 -7261 -7885 2371 -5887 -3498
6875 3773 3315 -7031 -970 8375 2435 2193
420 2171 1298 -1472 1305 1967 -3235 -2166
796 254 -1422 868 -1454 1452 -3287 -3
-345 -2818 190 -2961 -3380 3 226 1529
6823 -4344 4069 -6602 -6651 5664 -4818 -4927
5452 3661 3719 -5087 2733 6169 648 2960
2049 1233 -896 -1111 -510 -395 -1365 -981
409 1583 -2725 -799 -2769 1815 -3905 -1286
-4 -4201 1616 -3622 -4920 1283 -807 3330
7573 -2785 5776 -5019 -3389 8223 -2993 -5283
4116 2604 2850 -3440 3863 3128 -1161 2673
3772 1259 -3123 -1949 -2402 -701 -720 890
-724 2235 -2795 -2436 -2748 2426 -3259 -2426
1050 -5350 3638 -3236 -5389 2964 -2413 4322
7303 -1220 6634 -3039 65 7933 -989 -4376
3780 1146 1151 -2934 2327 11 -2257 1621
5151 2083 -4644 -3660 -4427 1195 -1022 2734
-1967 1942 -1808 -3477 -2373 3535 -1745 -2939
2664 -5537 5460 -1613 -3923 4990 -4207 3972
6218 100 6214 -1077 2973 5816 246 -2576
4010 -517 -946 -3504 -418 -2285 -1919 96
5463 3427 -5050 -5510 -5170 3465 -2308 4082
-2582 703 -51 -3241 -2082 3577 65 -2458
4286 -5081 6584 444 -2287 6261 -5256 2742
4843 401 4818 -234 3823 3091 511 -677
5165 -1502 -2533 -5073 -3471 -1731 -525 -695
5191 4708 -4374 -6814 -3514 5588 -3919 4177
-2521 -903 1802 -1882 -1468 3255 1398 -868
5216 -3707 6424 2392 -385 5878 -5126 948
3272 -342 2731 -2192 2168 -163 -494 1019
6645 -1596 -3035 -5120 -5990 936 1326 -418
3933 5313 -2776 -4794 -1339 6661 -4942 3025
-1525 -2254 2922 -1475 -837 3408 1706 1242
5397 -2025 5126 125 1552 4854 -3967 -257
2731 -1594 1178 -3256 -147 -2077 -2032 1356
7879 -986 -2604 -6853 -6119 4224 2896 828
2523 5043 -1011 -4783 684 5387 -4916 1503
330 -2876 2757 862 -1457 3033 791 2977
4709 -491 3176 1548 1744 3500 -1906 -744
3003 -2991 561 -4463 -2980 -1383 -2905 684
8320 446 -982 -8349 -3885 7108 3436 2901
1627 3799 128 -3741 2062 3387 -3893 28
1862 -2684 1715 2847 -1561 2854 -642 3617
3460 54 1454 1453 1491 1561 -176 79
3990 -3945 953 -6324 -5359 962 -3347 -602
7873 1778 775 -8773 -712 8325 2688 4344
1425 2095 299 -1809 1729 1606 -1881 -500
3189 -1491 -268 4220 -1282 3475 -2024 3035
2202 -480 685 341 499 214 620 1624
5372 -4068 2389 -7781 -5354 3636 -2399 -2086
6755 2653 2157 -8022 2201 6812 1564 5149
2061 599 -750 190 -282 81 -200 126
3676 18 -2222 4638 -1007 4159 -2702 1656
1622 -1284 808 -1133 -1190 387 427 3015
6506 -3220 4276 -8275 -3485 6421 -377 -2715
5265 2644 2651 -6426 4079 4158 22 4860
3456 -315 -2622 1652 -2326 187 1118 1552
3164 1279 -3368 3820 18 3923 -2403 171
1845 -2722 2178 -2682 -2820 955 -618 3905
7207 -1896 5859 -7766 -1074 7811 1519 -2345
4079 1779 1932 -4497 3481 1091 -828 3491
4924 -304 -4558 2070 -3403 2094 1274 3193
2398 1854 -3430 2533 1083 3472 -1035 -774
2793 -3710 1972 -3339 -3224 2099 -1986 3421
7085 -604 3109 -6382 1822 6941 2924 -1180
3651 198 -1507 -2923 980 -1380 -551 1865
6228 271 -5291 1548 -3438 4241 301 4132
1188 1409 -2373 935 1015 2783 764 -894
4138 -3937 3733 -2902 -2841 4217 -2882 2299
6054 511 3742 -4528 3891 4984 3351 428
3906 -1143 -2900 -2353 -1680 -1326 357 555
6476 1520 -6415 62 -1801 5543 -1117 4134
436 356 -1242 69 692 1508 2036 -40
5517 -3526 5439 -1655 -1804 5630 -2833 470
4778 863 3450 -2982 3840 1897 2614 1717
4842 -2040 -4572 -2846 -3894 698 2107 189
5941 2727 -6697 -1530 585 6045 -2143 3251
545 -1051 541 262 -127 832 2582 1261
6417 -2130 6343 314 126 5928 -1862 -891
3537 365 2180 -2204 2254 -648 1416 2094
6184 -2139 -6004 -4218 -4750 3214 3596 882
4993 3127 -5873 -2476 2390 4977 -2456 1644
1480 -2258 2135 1466 -1386 1425 2012 2478
6459 -712 6316 1975 1987 5525 -225 -1910
2907 -720 559 -2428 74 -1293 343 1386
7214 -1668 -6440 -5718 -3036 5668 4157 2055
3808 2938 -4414 -2572 3340 2510 -1668 199
2817 -2802 3293 3200 -2104 2683 761 3062
5751 527 5275 2991 2827 3783 1511 -1697
2985 -1950 -738 -3483 -2378 -237 -294 92
7588 -417 -5757 -7028 -425 7078 3764 3389
2846 1780 -2751 -1573 2479 523 -450 -764
4145 -2597 3372 4924 -1717 3996 -677 2484
4611 860 3799 2893 3040 1505 2229 -610
3903 -2833 -1304 -5072 -4063 1494 52 -1495
7118 732 -4300 -7189 2431 6221 2554 3961
2554 490 -1612 -45 370 -381 1186 -622
5108 -1604 2366 4922 -432 5252 -1634 1084
3646 548 2398 287 2100 187 2232 626
5000 -3074 -927 -5626 -3297 4138 1224 -2362
6148 1486 -2839 -4635 4252 3946 1050 3566
3090 -716 -1393 2434 -1636 -135 2289 309
5457 -409 1051 5334 1210 5245 -1649 -417
3036 -368 1790 -614 132 -495 1556 1317
6149 -2356 427 -6958 -1566 6038 2644 -2405
4938 1463 -1617 -4118 4325 1569 64 2697
4015 -1467 -2096 4060 -2448 1628 2142 1450
4968 666 -449 5405 2789 4100 -798 -1616
2911 -1617 1967 -2100 -1737 -61 171 1326
6416 -1227 1903 -7372 1037 6283 3869 -1733
3867 759 -1206 -2646 2401 -611 -200 942
5176 -1338 -3468 5027 -2347 3825 1357 2246
3873 1112 -1324 4554 3275 2429 497 -2170
3574 -2510 2974 -3502 -2527 1853 -942 317
6373 -145 3034 -6935 3487 5063 4054 -379
3434 -247 -1731 -1290 266 -1595 320 -386
6133 -752 -4937 5368 -957 5320 72 2450
2909 1031 -1359 3274 2573 589 1612 -1756
4907 -2815 4554 -4094 -2422 3785 -1307 -1022
5657 686 3577 -5880 4540 3068 3500 657
3601 -1447 -2962 38 -1775 -481 1520 -843
6516 237 -5863 4829 1507 5705 -1274 1797
2329 74 -376 1958 1001 -636 2117 -805
5727 -2266 5709 -3797 -783 4976 -901 -2316
4550 904 3297 -4416 3931 519 2357 1043
4506 -2123 -4373 359 -3043 1808 2468 -618
5953 1300 -5970 3515 3200 4538 -1963 474
2226 -938 929 1147 -749 -210 1460 397
6339 -1492 6429 -2810 1382 5456 345 -3178
3667 449 2259 -3290 2279 -1487 1066 851
5582 -2100 -5385 -132 -2466 4119 3087 305
4987 1768 -4860 2103 3866 2238 -1770 -661
2721 -1918 2959 1190 -1964 1064 488 805
6262 -426 5448 -1631 3230 4518 1413 -3033
3037 -497 -742 -2705 -112 -1608 191 -164
6335 -1517 -6547 -1235 -458 5719 2704 1531
3978 1786 -3578 1161 3549 207 -1191 -1650
3655 -2322 4169 1903 -1968 2721 -745 704
5555 484 5170 -243 3996 2350 2076 -2199
3152 -1540 -1985 -3096 -2205 -326 295 -1310
6523 -433 -6801 -2595 1837 5661 1682 2260
3239 1040 -2382 962 1818 -947 39 -1763
4434 -2086 4814 2935 -690 4197 -1784 -203
4614 613 4308 190 3631 90 2094 -1096
3810 -2208 -3115 -3882 -2759 1955 711 -2138
6362 454 -6313 -3549 3898 4042 534 2393
2903 55 -1208 1495 -338 -1124 656 -1196
5082 -1264 4798 4122 1052 4693 -1818 -1459
3647 337 2974 100 1841 -1132 1321 -268
4757 -2448 -3499 -5099 -1684 4234 1686 -2343
5632 1065 -5355 -3872 4800 1723 -710 1817
3215 -696 -324 2467 -1782 53 921 -116
5040 -479 4020 4692 2790 3764 -1257 -2307
3020 -449 1778 -761 -253 -1093 177 40
5571 -2118 -3243 -6138 375 5487 2583 -1563
4656 1020 -4123 -3327 3800 -616 -1132 741
3817 -1138 -229 3468 -2055 2013 341 793
4335 309 2639 4424 3414 2097 -429 -2561
2919 -1414 1110 -1920 -1500 96 -812 -362
5888 -1257 -2304 -6435 2777 4905 2840 -825
3920 563 -3266 -2455 1610 -2115 -832 -135
4594 -876 -822 4079 -1206 3453 -642 904
3437 762 1500 3625 3034 621 450 -2271
3177 -2262 1072 -2982 -1665 2191 -1414 -1208
5803 -544 -1409 -6253 4674 3084 2676 242
3707 -99 -3050 -928 -713 -1868 -181 -518
5127 -298 -1980 5198 395 4380 -1697 554
2455 569 792 2062 1869 -648 990 -1363
3832 -2571 1737 -4393 -605 3727 -1232 -2050
5350 -145 -689 -4982 4736 418 1681 818
3899 -749 -3482 1178 -2406 -363 348 -379
5232 626 -2998 5167 2260 4126 -2429 -93
1893 -41 697 1032 638 -798 905 -340
4460 -2356 2541 -4880 1267 4166 -473 -2590
4408 39 -223 -4107 3170 -1732 756 891
4520 -1331 -4275 2015 -2696 1973 869 302
4838 1443 -3707 4542 3466 2838 -2338 -1162
1713 -694 1134 115 -346 -28 347 400
4701 -1872 3215 -4694 3050 3247 159 -2475
3717 -541 -700 -3055 688 -2308 67 319
5275 -1200 -5270 2127 -1614 3962 719 1292
4055 1862 -3875 3541 3944 1008 -1887 -1851
1775 -1239 1786 -461 -586 949 -455 528
4454 -1252 3426 -3996 3700 1425 852 -1976
3470 -1192 -1609 -2357 -1850 -1529 176 -363
5862 -721 -6050 1671 653 5024 118 1985
3201 1984 -3478 2486 3145 -630 -1006 -1880
2147 -1613 2451 -651 -11 1933 -1267 195
4017 -843 3196 -3110 3145 -510 833 -1038
3532 -1935 -2529 -1952 -2966 613 513 -1079
5990 -84 -6180 896 3144 4444 -846 2293
2506 1646 -2682 1735 1774 -1596 -279 -1705
2503 -1473 2777 -322 864 2225 -1458 -262
2986 -741 2232 -2264 1486 -1365 409 -387
3937 -2525 -3259 -2139 -2252 3055 1245 -1082
5962 697 -5894 -79 4819 2539 -1783 2124
2167 1172 -2043 1420 275 -1782 -6 -1095
2652 -880 2463 462 1302 1800 -1089 -881
2200 -994 1090 -1780 -363 -1031 -375 -105
4644 -2784 -4028 -2732 -56 4879 1964 -761
5422 1207 -5684 -825 4972 -61 -2170 1416
2275 638 -354 1676 -901 -797 -81 -419
2468 -104 2565 1289 1651 1319 -397 -1095
1732 -1541 -832 -1851 -1412 130 -998 -191
5186 -2504 -5827 -3518 2630 4589 2342 -27
4842 1244 -5038 -957 3392 -2458 -2083 927
2727 616 -196 2292 -1678 541 -585 -227
2010 416 1750 1588 1494 883 371 -692
1447 -2420 -1915 -2438 -1199 1985 -1532 -852
5404 -2076 -5649 -4112 4689 2867 2328 814
4474 1072 -4407 -907 1052 -3560 -1760 429
3074 939 -346 2762 -1344 1978 -1006 -297
1069 633 789 1429 1154 649 665 -154
1669 -3029 -2464 -3122 327 3042 -1569 -1330
5335 -1597 -5165 -4315 5041 126 1744 1411
4196 559 -3827 -233 -1533 -2687 -1164 440
3394 1525 -929 3066 -314 3084 -1428 -825
358 644 -122 903 1072 545 781 628
2009 -3277 -2565 -3759 2186 2992 -1169 -2023
4870 -1466 -4561 -3946 3474 -2591 1398 1393
4350 260 -3875 237 -3113 -624 -859 815
3328 2016 -1739 2957 1215 3348 -1310 -1358
-371 232 -927 167 1292 841 569 1463
2167 -3369 -2514 -3960 3541 1544 -651 -2055
4451 -1476 -4049 -3402 807 -3792 883 1203
4764 160 -4210 568 -3131 2065 -947 1300
2952 2708 -2595 2474 2749 2709 -932 -1978
-733 -191 -1217 -555 1495 608 -125 1669
2317 -3014 -1937 -3815 3308 -397 -171 -1656
4045 -1749 -4109 -2855 -1764 -3001 862 906
5282 96 -4807 765 -1365 4291 -1070 1796
2397 2988 -3080 1670 3721 1221 -179 -2087
-691 -498 -1035 -916 1548 -50 -517 1606
2025 -2664 -1683 -3381 2064 -2039 74 -1363
3746 -2441 -4351 409 -3504 -475 1086 449
5677 465 -5430 3720 1234 4928 -1890 1975
1789 3108 -3348 3054 3678 -400 415 -2046
-682 -585 -929 -419 1266 -615 -739 1239
1546 -2457 -1592 -1756 4 -2421 -110 -820
3797 -2850 -4788 861 -3134 2422 1546 352
5894 918 -5979 3552 4053 3666 -2421 1655
1397 3107 -3216 2514 2526 -2068 739 -1483
-448 -464 -599 -275 426 -878 -768 941
1015 -2300 -1811 -1061 -1654 -1314 -562 -628
3981 -3186 -5319 1130 -924 4429 2061 488
5755 1405 -6070 2918 5472 1292 -2850 1249
1108 2858 -3008 2089 889 -2777 1034 -1090
-690 -313 -863 44 -597 -854 -366 893
303 -2796 -2632 -367 -2342 849 -1075 -778
4488 -3287 -5855 969 1800 4760 2488 1150
5479 1728 -6012 2473 5003 -1764 -2912 854
1153 2678 -2754 2080 -1203 -2466 783 -914
-837 284 -1028 691 -1116 264 97 1009
-188 -3051 -3156 60 -1151 2648 -1194 -1065
4700 -3282 -6007 775 4543 2861 2422 1540
5017 1819 -5670 1970 2716 -3999 -2567 432
1230 2625 -2533 2148 -2387 -1047 704 -577
-1315 620 -1595 1208 -952 1482 334 1416
-210 -3540 -3659 -21 726 3429 -1180 -1612
4844 -3122 -6036 516 5646 -65 2433 1816
4786 1699 -5266 1841 -480 -4469 -2325 337
1366 2867 -2807 2527 -2730 932 549 -990
-1792 707 -2224 1424 -1 2315 343 1882
-279 -3842 -4043 -131 2927 2624 -977 -1980
4860 -2661 -5620 -4 4301 -2824 1922 2257
4786 1289 -5034 2096 -3241 -2958 -1980 384
1719 3307 -3189 3011 -1504 3075 573 -1402
-2317 687 -2820 1433 1599 2419 49 2266
-70 -3912 -4425 -381 4079 679 -470 -2254
4532 -2564 -5250 42 1389 -4602 1618 2113
4781 1157 -3461 2349 -4274 -186 -1773 479
1575 3770 -1805 3147 365 3969 930 -1660
-2772 511 -2574 1284 2969 1386 -340 2483
55 -4129 -4588 -598 3918 -1734 -71 -2219
4143 -2700 -4840 316 -1943 -4086 1416 2027
4930 1038 -3379 2619 -3349 2866 -1894 789
1348 4001 -2298 3080 2692 3265 1381 -1647
-3132 223 -2977 954 3486 -348 -714 2559
-15 -3853 -4225 -512 1692 -3393 180 -1912
3782 -2907 -4429 716 -4053 -1590 1498 1821
5225 1088 -3565 2834 -842 4844 -2153 736
1002 4338 -2859 2871 4243 1434 1917 -1511
-3018 65 -3005 738 2609 -2099 -808 2168
-219 -3714 -4118 -368 -870 -3616 170 -1764
3562 -3000 -4259 1043 -4028 1428 1761 1702
5393 1247 -3913 2923 2323 4778 -2428 633
637 4342 -3095 2450 4229 -1172 2156 -1194
-3021 116 -3069 668 894 -3146 -946 1955
-524 -3478 -3754 75 -2970 -1799 120 -1600
3540 -3449 -4368 1416 -1946 4120 2174 1745
5503 1587 -4309 2712 4652 2679 -2547 380
370 4314 -3290 2148 2756 -3443 2522 -956
-2995 -2 -2978 647 -1377 -2880 -771 1811
-825 -3470 -3654 449 -3569 795 -109 -1672
3690 -3642 -4615 1414 865 4974 2179 2006
5338 1807 -4607 2441 5306 -410 -2601 -157
70 4188 -3281 1924 391 -4089 2401 -583
-2824 339 -2781 998 -2907 -1160 -689 1796
-1061 -3722 -3889 669 -2224 3007 -22 -1840
3849 -3602 -4821 1582 3874 3516 2278 2291
5121 2056 -4564 1999 3893 -3404 -2450 -481
131 4172 -3213 1800 -2187 -3390 2501 -446
-3120 643 -2657 2591 -3002 1259 -447 1760
-1231 -3597 -3740 3186 423 3882 57 -2029
4011 -3583 -5087 4388 5188 745 2168 2511
4882 1990 -4357 4622 1098 -5003 -2192 -699
172 4113 -3053 3911 -3809 -1345 2461 -490
-3482 718 -2907 3316 -1631 3112 -457 1914
-1472 -3957 -4267 3620 3031 3364 334 -2393
4041 -3483 -5118 4266 4543 -2436 1899 2690
4682 1919 -4182 4430 -1973 -4330 -1944 -925
349 4054 -2884 3915 -3532 1450 2325 -514
-3682 731 -3194 3475 843 3682 -624 2135
-1407 -4091 -4376 3564 4473 990 585 -2520
3932 -3236 -4989 3948 2009 -4607 1787 2616
4482 1808 -3809 4106 -3929 -2025 -1523 -996
435 4148 -2845 4081 -1732 3643 2424 -714
-3738 764 -3209 3603 3082 2637 -697 2044
-1220 -4131 -4503 3345 4156 -1717 978 -2542
3727 -3060 -4663 3627 -968 -4680 1385 2442
4536 1440 -3605 4265 -4210 1066 -1569 -838
424 4410 -3118 4236 940 4048 2692 -864
-3975 702 -3533 3704 4104 532 -1078 1747
-1122 -3961 -4429 3126 2049 -3608 1234 -2276
3414 -3073 -4339 3567 -3502 -2686 1353 2123
4532 1409 -3528 4297 -2453 3590 -1532 -892
343 4530 -3188 4400 3565 2803 2881 -776
-3953 461 -3671 3520 3721 -1847 -1362 1507
-1211 -3749 -4142 3062 -688 -4186 1402 -2255
3293 -3095 -4189 3617 -4317 227 1461 1977
4579 1330 -3593 4436 319 4411 -1545 -1198
150 4525 -3462 4375 4475 533 3115 -657
-4053 215 -3840 3387 1867 -3646 -1348 1191
-1043 -3568 -3887 2861 -2652 -2673 1316 -2086
2907 -3178 -3810 3632 -2943 2846 1441 1789
4649 1457 -3704 4490 3122 3276 -1645 -1459
54 4462 -1995 4238 3701 -2312 3144 -595
-3735 322 -1576 3073 -748 -3721 -1303 856
-1224 -3195 -1653 2798 -3596 -228 1323 -2122
2872 -3359 -1309 3940 -237 4353 1631 1830
4748 1540 -1178 4576 4810 936 -1564 -1790
-201 4297 -1223 3877 1748 -3818 2792 -204
-3475 220 -1458 2923 -2581 -2415 -1106 545
-1410 -3068 -1356 2870 -2712 2132 1118 -2171
2918 -3331 -1350 3878 2379 3465 1443 1824
4565 1650 -1429 4298 4305 -1695 -1523 -2267
-233 4075 -1377 3638 -840 -3818 2638 -134
-3347 241 -1327 2708 -3126 -48 -1139 258
-1424 -2971 -1293 2904 -554 3382 1015 -2245
3016 -3423 -1459 3959 4338 1354 1151 1869
4453 1689 -1580 4119 2229 -3861 -1304 -2421
-171 3738 -1182 3252 -2722 -2366 2392 -63
-3196 349 -996 2759 -2371 2061 -999 211
-1607 -3144 -1314 3234 1893 3316 1082 -2624
2931 -3213 -1635 3755 4301 -1059 854 1773
4075 1572 -1494 3757 -473 -4110 -952 -2427
15 3674 -964 3234 -3203 -58 2078 -378
-3064 522 -806 2885 -377 2973 -1042 219
-1483 -3050 -1352 3078 3407 1405 1301 -2784
3089 -3017 -1889 3595 2495 -3335 506 1594
3817 1524 -1472 3534 -2792 -2781 -915 -2441
140 3483 -670 3235 -2145 2261 1938 -643
-3138 590 -815 3054 1840 2736 -1296 216
-1365 -3241 -1659 3062 3946 -722 1480 -2668
3036 -2610 -1971 3072 203 -4108 69 1399
3618 1186 -1163 3281 -3433 -569 -764 -2428
479 3555 -338 3367 -266 3196 1939 -814
-3130 543 -714 2954 3066 1028 -1528 -32
-1033 -3149 -1867 2746 2652 -2468 1544 -2499
2716 -2393 -1787 2771 -1921 -3042 -218 896
3632 974 -825 3473 -2442 1867 -966 -2250
594 3570 -243 3464 2164 2546 1926 -936
-3159 415 -917 3417 3165 -1080 -1980 -313
-606 -2973 -2000 3655 530 -3368 1713 -2202
2424 -2293 -1540 3754 -3192 -1050 -373 629
3527 865 -631 3653 -576 3268 -1320 -2153
632 3644 -205 3493 3391 843 1889 -746
-2965 66 -1215 3211 2186 -2328 -2057 -622
-398 -2613 -1952 3128 -1198 -2945 1280 -1859
2320 -2189 -1406 3541 -2735 838 -383 345
3721 640 -347 3854 1652 2874 -1558 -2366
342 3633 -559 3530 3069 -1186 1694 -563
-2671 -279 -1360 2827 439 -2661 -2043 -959
-166 -2201 -1619 2691 -2168 -1259 903 -1523
2083 -2243 -1067 3510 -987 2614 -397 373
3831 573 -329 3899 3384 1097 -1833 -2371
316 3508 -642 3412 1832 -2911 1485 -182
-2277 -342 -1272 2216 -1071 -2172 -1888 -1151
-85 -1829 -1402 2278 -2225 258 377 -1451
1816 -2485 -793 3512 865 3001 -528 553
3961 675 -466 4075 3659 -982 -1908 -2714
158 3209 -765 3111 231 -2883 921 105
-1795 -661 -1150 1702 -1419 -977 -1640 -1257
-170 -1524 -1021 1955 -973 1182 42 -1425
2010 -2668 -954 3805 2597 1722 -755 893
3890 933 -864 4083 2318 -2808 -1564 -2863
-32 2664 -860 2523 -1331 -2008 203 105
-1354 -406 -845 1210 -1405 361 -1558 -1047
-347 -1548 -961 2115 399 1934 -140 -1580
2238 -2525 -1176 3897 3526 -42 -1085 1066
3727 1005 -1038 4038 447 -3671 -1469 -2787
295 2304 -464 1962 -1837 -654 -220 1
-983 -128 -256 865 -367 886 -1508 -605
-426 -1583 -765 2404 1603 1443 -184 -1810
2513 -2477 -987 4027 2896 -1910 -1659 1234
3318 1144 751 3519 -1177 -2640 -1148 -2419
518 1991 1101 1487 -1034 830 -613 -275
-924 24 984 889 897 783 -1763 -371
-246 -1687 342 2384 2258 307 -118 -1409
2565 -2155 196 3708 1206 -3216 -2164 946
2884 846 727 3011 -2467 -1204 -1143 -1751
1053 1780 1507 1184 41 1567 -696 -503
-864 78 1117 913 1320 350 -2159 -45
111 -1896 -46 2466 2513 -734 148 -1153
2661 -1815 -278 3540 -155 -3196 -2466 653
2743 451 860 2625 -1968 397 -1374 -1318
1376 1813 1871 1253 1445 836 -539 -419
-916 122 1154 1027 1175 -608 -2371 126
633 -1810 -621 2237 1534 -1762 165 -545
2489 -1328 -692 2915 -1471 -2141 -2580 304
2651 26 1245 2337 -537 1851 -1627 -770
1655 1798 2217 1251 2250 -285 -302 -285
-1084 -144 921 1177 1232 -1296 -2675 -72
985 -1810 -1136 1822 612 -2390 -108 290
1990 -1153 -609 2399 -2134 -930 -2230 95
2761 -415 1674 2288 971 1702 -2060 -311
1707 2106 2459 1618 1694 -1388 -114 210
-917 -702 258 927 665 -1039 -2634 -228
1549 -1336 -1693 1101 142 -2158 -422 913
1748 -1178 -411 2096 -1531 493 -2023 344
3191 -543 2094 2654 2504 466 -2435 -572
1534 2235 2293 1813 786 -2358 -110 914
-480 -1106 -295 254 204 -861 -2151 -403
1872 -806 -1793 354 -703 -1738 -994 1283
1301 -1299 -16 1945 -223 1418 -1607 592
3655 -484 2341 3198 2963 -905 -2416 -724
1269 2037 1917 1630 -83 -2225 -486 1442
51 -1581 -844 -372 504 -959 -1433 -205
1919 -299 -1626 492 -1123 -1308 -1492 1278
1326 -1879 498 1912 1093 1248 -1459 1436
3724 -230 2263 1575 1834 -2250 -2079 -823
941 1732 1357 418 -1012 -1108 -929 1721
804 -1520 -815 -257 836 -575 -848 391
1687 111 -1223 686 -717 -447 -1624 1064
1618 -2104 641 2340 2560 360 -1779 2048
3889 184 1899 2190 784 -3565 -1464 -847
736 1279 913 139 -965 -354 -1424 1781
1511 -1453 -720 -1093 633 -1328 -522 1064
1252 41 -707 681 -429 337 -1311 866
2212 -2218 435 3038 2808 -781 -2046 2449
3545 505 1237 2282 -689 -3017 -840 -332
1079 544 813 -748 247 450 -1435 1357
1833 -879 -65 -1771 564 -1876 -480 2047
1051 -50 -474 905 95 182 -937 949
2577 -2082 -38 3536 1974 -2371 -2485 2325
3122 499 934 2120 -1983 -1656 -395 361
1560 138 1222 -1474 1182 623 -1086 999
1912 -532 464 -1912 142 -1675 -710 2416
1135 -551 -708 1556 1289 149 -136 1272
3173 -1640 -775 3911 1071 -3476 -2619 2075
2596 318 576 1534 -1803 -467 -136 1129
2308 49 1911 -2261 1630 -740 -416 732
1732 -282 905 -1838 -566 -1667 -1241 2719
1634 -1037 -1334 2217 1583 -189 537 1938
3255 -997 -1572 3903 -221 -3379 -2293 1304
2405 -358 1029 676 -339 981 -354 1738
3005 105 2669 -2668 2007 -2099 529 773
1409 -263 970 -1424 -923 -1307 -1319 2390
2357 -1188 -2164 2635 1801 -1548 650 2699
3094 -481 -2027 3496 -1822 -2615 -1659 890
2516 -861 1551 71 702 1153 -683 2032
3341 496 3340 -2527 1264 -2680 1309 1361
1003 -676 897 -715 -356 -298 -1214 1863
3209 -1215 -2006 2640 1847 -2646 373 3440
2614 -394 -325 2856 -2033 -1518 -652 834
2962 -1414 2715 -179 1865 82 -980 1564
3459 1040 2879 -1974 -255 -3363 1788 2223
998 -1401 -824 -331 77 358 -331 1278
3769 -828 -2833 2197 561 -3012 -160 3595
2115 -615 -160 2216 -1238 297 374 1131
3745 -1667 3718 -26 2841 -1389 -974 883
3030 1450 3070 -1300 -1429 -2955 1671 2818
1374 -1967 -1719 -358 1234 -384 813 1099
4117 -151 -3448 1348 -876 -3357 -567 3238
1679 -1017 368 1816 -543 1154 768 1797
4516 -1429 4446 772 2368 -2765 -178 190
2478 1492 2737 -693 -1809 -1305 1357 3160
2007 -2528 -2575 -859 1989 -1126 1666 1461
3868 409 -3502 559 -1424 -2857 -618 2493
1734 -1744 1334 2074 1189 676 699 2475
5050 -731 4994 1804 700 -4357 782 -313
1858 1161 1981 -528 -1823 -145 917 2753
2874 -2529 -3308 -1843 1611 -2100 2525 2083
3409 883 -3217 -103 -1934 -1313 -360 1584
2313 -2515 2283 2983 2902 -174 235 2705
5121 -200 4854 2550 -867 -4341 1987 -251
1626 471 997 -984 -247 170 613 2134
3702 -2223 -3509 -2876 736 -3445 2752 2822
2690 685 -2262 61 -1696 -129 665 879
3043 -2847 2755 3914 2821 -2121 -318 2353
4810 412 4262 3037 -2428 -2923 2824 280
2130 -366 385 -2078 1424 588 1032 982
3992 -1501 -3019 -3614 -173 -3989 2204 3198
2105 7 -1170 901 117 522 1850 733
4056 -2763 2657 4993 1602 -4377 -726 1554
4035 523 3250 2729 -3201 -1442 3084 812
2666 -902 160 -3108 1903 -479 1875 114
3883 -813 -2220 -2346 -1512 -3158 1442 3140
1873 -678 -767 1798 1579 494 2720 1275
4715 -2216 1940 4096 144 -4905 -556 109
3516 144 2686 600 -1969 205 2772 1405
3587 -861 785 -3716 2364 -2519 2973 -233
3179 -269 -1136 -2617 -2321 -2284 653 2320
2400 -1675 -850 3129 2141 -1169 3114 1952
5007 -1405 823 4697 -2138 -4308 16 -993
3108 -418 2314 -157 -409 1465 2007 1264
4475 -506 1851 -4721 1851 -4096 4024 443
2367 -368 -336 -2023 -1541 -875 564 991
3326 -1905 -1645 4077 1986 -3050 2685 2453
4531 -758 -8 4608 -3592 -3080 1204 -1444
3489 -1244 2927 -1289 1267 960 1466 502
5099 453 3080 -5106 -326 -4659 4321 885
1639 -836 -218 -981 -783 301 1166 -119
4283 -2063 -2773 4938 1183 -4193 1652 2679
3806 -530 -360 3901 -3331 -767 2216 -1488
4179 -1986 4043 -2302 3107 -1007 1196 -854
4988 1319 4036 -4587 -1879 -4719 4063 1876
1268 -1833 -978 317 293 -263 2218 -1192
4998 -1479 -3755 5007 -1114 -4562 835 2128
3218 -926 7 2886 -2314 1519 2644 -967
5303 -2304 5450 -2886 3153 -3300 1559 -2346
4286 2166 4484 -3624 -2659 -3128 3182 2161
1604 -2891 -2129 1317 1380 -1309 3335 -1272
5370 -656 -4584 4310 -2718 -4248 94 668
2619 -1744 954 1805 168 1579 2375 -291
6727 -1837 6790 -2352 1425 -5395 2525 -3086
3392 2299 4116 -2437 -3389 -1173 2165 1704
2376 -3268 -3253 1328 1599 -2064 3874 -631
4874 62 -4514 3207 -3209 -2149 86 -792
2698 -2852 2365 1331 2751 142 1443 -35
7346 -1116 7433 -1460 -901 -6792 3700 -3628
2460 1760 2057 -1469 -2511 40 1133 677
3504 -3282 -4120 515 624 -3462 3701 81
4055 425 -2041 2028 -3162 -145 801 -1795
3453 -3982 5384 1642 3470 -2064 -58 -304
7547 91 7260 67 -3188 -5553 4699 -2930
1969 1108 591 -1078 -606 923 765 -744
4416 -2715 -5095 -720 -526 -4341 2801 771
2828 114 -936 1411 -1168 430 1839 -2147
4686 -4365 6791 2727 2271 -5019 -1319 -1442
7078 924 7221 1329 -5353 -3272 4951 -2023
2323 222 -662 -1771 1095 699 1142 -2139
4562 -1587 -4881 -2095 -1605 -3521 1383 467
2010 -733 595 1593 1059 153 2704 -1676
6011 -4230 7662 4232 117 -7204 -1818 -2902
6174 1280 6144 1818 -5120 -416 4262 -1097
3219 -388 -1538 -2987 1803 -1256 2027 -2291
4211 -525 -4122 -2972 -2731 -2833 -210 -466
1828 -1835 1968 2582 1762 -940 2802 -643
6960 -3732 7691 5704 -3151 -6713 -1790 -4541
5172 806 4815 1412 -2836 2270 2969 -789
4555 -458 -1626 -4464 2359 -3101 2927 -1948
3081 38 -2536 -3008 -2447 -2310 -988 -1776
2229 -3050 2945 4105 1541 -3636 1949 374
7108 -2701 6683 6422 -5884 -4553 -596 -5508
4805 -77 3881 184 -184 2941 1430 -1323
5566 52 -954 -5580 1052 -4652 3202 -1032
1850 174 -987 -2230 -1983 -1244 -882 -3503
3317 -3873 3194 5681 187 -5649 628 1183
6711 -1876 5447 6336 -6116 -1303 306 -5360
5067 -1041 3627 -1235 2494 939 545 -2550
6223 1298 626 -5898 -1339 -5983 2407 566
694 -586 76 -747 -1662 -851 -92 -4320
4399 -3945 2339 6563 -2488 -5577 -1056 1008
5650 -1592 4338 5245 -4160 2337 826 -4426
6021 -2102 4356 -3884 4332 -1948 453 -3883
6055 2625 2355 -7123 -3294 -5596 1118 1425
-44 -1560 429 81 -880 -1695 1054 -4328
5232 -3160 914 6009 -4531 -4490 -2538 -103
4538 -2026 3681 2039 -1431 3173 617 -3121
7478 -2271 5779 -6333 3432 -5235 1147 -4801
4955 3699 3769 -6388 -5080 -3435 -914 1436
351 -2828 -352 1641 -492 -2187 1894 -3515
5338 -2072 -489 5887 -4661 -2229 -2946 -1539
3678 -3166 4192 230 2149 1800 -763 -2134
8957 -1609 7717 -6815 140 -8047 2561 -4940
3730 3964 4253 -5056 -5599 -1354 -2573 674
1305 -3352 -1605 2590 -1152 -2392 1820 -2085
4699 -1154 -1209 4818 -3939 450 -2445 -2599
3656 -4588 5602 -1348 4296 -1180 -2406 -1917
9770 -721 9164 -6462 -3625 -7943 3511 -3825
2465 3548 3735 -3390 -4103 188 -3549 -708
2387 -3401 -3015 2678 -1696 -3027 788 -707
3315 -574 -946 3094 -2111 1034 -1428 -2794
4579 -5856 7538 -2134 3465 -5011 -4043 -2528
9870 628 9928 -5117 -7415 -5445 3935 -1911
1847 2644 2509 -2258 -2087 1765 -3218 -1838
3471 -2550 -4061 1756 -1689 -2843 -823 19
1834 -949 393 1413 461 519 -192 -2023
5997 -6519 9302 -2021 196 -8158 -5075 -4043
9059 1638 9482 -3437 -8509 -1962 3222 -310
1990 1391 837 -1848 -309 1344 -2241 -2378
3747 -1289 -3929 18 -2175 -2552 -2615 -419
753 -2038 2239 479 2057 -1075 116 -355
7532 -6249 10139 -660 -3720 -8170 -4712 -5455
7760 2122 8240 -1941 -6578 1609 1613 1004
3185 406 -478 -2689 1535 -1133 -980 -1891
3003 99 -2719 -1805 -2379 -2676 -3642 -1607
152 -3420 4252 268 1010 -4097 -271 1491
8375 -5150 9949 1200 -7623 -5596 -3451 -6172
6488 1641 5064 -1445 -3289 4430 -4 973
4677 706 -3006 -4357 1918 -3172 -396 -220
1722 927 -2232 -2996 -2030 -2255 -3520 -2962
761 -4740 6570 1509 -816 -5948 -1786 2948
8653 -3930 9947 2756 -8882 -2201 -1965 -5920
5813 494 3417 -2044 443 3917 -1116 460
5857 1392 -3301 -6158 86 -5420 -781 1560
-115 954 -139 -3072 -2162 -2058 -2425 -3905
2038 -5348 7437 3219 -3514 -5505 -3755 3168
7886 -2857 8730 3391 -6979 2047 -629 -4548
6050 -719 2008 -3515 3661 676 -1406 -818
6465 2698 -2344 -7483 -2338 -6576 -1970 3124
-1400 291 1689 -2166 -2986 -2405 -684 -3620
3355 -5340 7555 4868 -6217 -4068 -5137 2446
6427 -2475 6810 2962 -3675 4685 -570 -2603
7088 -1758 1504 -5412 3949 -3507 -329 -1877
6207 4290 -565 -7902 -4642 -5449 -4039 3658
-1848 -956 2960 -575 -3004 -2097 739 -2664
4421 -4543 6317 5771 -6486 -1795 -5667 1155
5021 -2825 5311 1566 397 3883 -1404 -1035
8660 -2121 2254 -7067 1311 -7480 1418 -1685
4965 5213 1559 -6943 -6697 -3210 -5660 2841
-1652 -2302 3297 1326 -3248 -1237 1405 -735
4448 -3312 4563 5490 -5220 1179 -4848 -172
3967 -4055 4505 -434 3677 591 -2767 -215
10193 -1354 3977 -7425 -2461 -8972 2915 -616
3310 5592 3098 -5267 -7124 -767 -6240 1367
-550 -3076 2305 2461 -3387 -1066 872 1210
3690 -2054 2828 4192 -3170 2381 -3315 -633
3979 -5476 4981 -2138 3560 -3399 -4209 -594
10934 -239 5917 -6851 -6621 -7170 3776 1569
1937 5036 3599 -3468 -5433 1959 -5852 211
783 -3179 660 2624 -2604 -989 -458 2365
2198 -1408 1925 2059 -359 1447 -1679 214
4798 -6809 6381 -7026 622 -7323 -4798 -2039
10811 1225 7547 -10423 -9730 -3480 3561 3649
1068 3773 2823 -3887 -2882 3106 -4349 -810
2035 -2068 -1172 2417 -2071 -671 -1899 2258
442 -1639 2163 -527 1271 -752 -392 1740
6263 -7513 8354 -7967 -3260 -8525 -4420 -3663
9742 2408 8083 -8737 -9472 847 2106 5169
1323 2326 1174 -2557 -253 1892 -2374 -572
2379 -602 -2296 1271 -1971 -1522 -2794 1115
-823 -2460 3275 -2487 339 -3045 -371 3728
7813 -7264 10051 -7640 -7532 -6457 -2692 -4731
8177 2840 7501 -6721 -6282 4706 626 5445
2452 1299 -742 -2135 1474 -277 -1074 774
1716 972 -2235 -754 -1860 -2387 -2478 -479
-1342 -4168 5328 -3595 -1799 -5289 -1332 5092
8787 -5903 10781 -6032 -9903 -2840 -476 -4522
6463 2465 5817 -5021 -2285 5575 -728 4703
3966 1107 -2080 -2911 819 -2587 -653 2376
311 1690 -1022 -2655 -2574 -2539 -1238 -1654
-765 -5421 7061 -3506 -4150 -5280 -2944 5505
8750 -4663 10185 -4056 -8976 1760 1242 -3101
5454 1104 3762 -4278 1705 3351 -1064 3005
5352 1881 -2288 -4731 -1115 -4986 -1260 4034
-1574 1784 972 -4124 -4085 -2569 782 -2009
534 -6256 8285 -2383 -6752 -3548 -4475 4669
7785 -3131 8696 -2183 -5711 5160 2237 -1424
5427 -377 2081 -4852 3586 -245 -75 1570
6032 3319 -1369 -6701 -3691 -5633 -2750 4535
-3006 948 3026 -4193 -4741 -2209 2737 -1095
2075 -6108 8047 -493 -7792 -962 -5114 2864
6129 -2459 6493 -1353 -1713 5280 1931 299
6312 -1553 1436 -6351 2178 -4157 1690 1072
5587 4741 556 -8154 -6584 -3997 -4363 3809
-3618 -391 4674 -3082 -4990 -961 3841 631
3142 -5051 7057 1352 -6206 1913 -4184 1000
4287 -2736 3220 -1663 1849 2803 782 1224
7955 -1944 -2771 -8410 -1174 -7203 3707 1521
4234 5831 -2187 -8437 -8008 -1484 -5227 2217
-3176 -1781 3623 -1307 -4956 369 3912 2517
3383 -3412 5562 2388 -3914 3341 -2619 -1
2971 -3915 1279 -3264 3136 -900 -838 939
9320 -1411 -2061 -9819 -5342 -6858 5020 3095
2386 6166 55 -7451 -7236 1020 -4833 28
-1853 -2496 3605 442 -3868 1048 2707 3571
2541 -1833 3322 2108 -1511 2483 -456 53
2776 -5362 389 -5177 1112 -4448 -1675 -330
10015 -128 -351 -10152 -8791 -4001 4891 4916
788 5355 1552 -5509 -5220 3395 -3090 -1357
-102 -2718 2501 1931 -2531 1139 977 3569
926 -1152 1385 636 349 753 964 1052
3710 -6476 864 -6654 -2229 -6380 -1427 -2148
9667 1272 1625 -9292 -9626 -248 3752 6071
-49 3827 1973 -3270 -2730 3558 -1065 -1718
1156 -1754 661 1814 -1803 404 -189 2418
-752 -1257 344 -1360 455 -1403 1413 2702
4954 -7121 2189 -7611 -6196 -5546 -178 -3944
8332 2611 3335 -7417 -7662 3365 1947 6476
157 2250 1181 -1732 -445 2132 798 -996
1585 -254 -1241 756 -1880 -902 -521 462
-2175 -2158 313 -3336 -1669 -3421 771 4097
6509 -6486 4151 -7044 -8940 -2505 1827 -4305
6440 2985 3924 -5044 -4477 5418 23 5248
1225 1119 -531 -1161 403 145 1552 478
1033 1292 -2562 -1232 -2123 -1491 442 -1153
-2504 -3616 1576 -4407 -3968 -3731 -857 4451
7413 -5214 5820 -5360 -8893 848 3810 -3605
4643 2489 3221 -3254 -1125 4877 -621 3429
2830 792 -2560 -1778 -720 -2368 1069 2082
-317 2269 -2588 -1400 -3349 -1636 2138 -2154
-1948 -4901 3443 -6623 -6247 -2376 -2566 3564
7348 -3577 6385 -7458 -6422 4091 4789 -1951
3582 1229 1575 -3545 1327 2315 -165 1462
4205 1309 -3907 -882 -2518 -3485 -326 2710
-2056 2344 -1463 -3368 -4780 -1525 3966 -1618
-321 -5525 5249 -6205 -7093 -400 -3339 1515
6256 -1863 5846 -5110 -3561 5376 4577 48
3485 -330 -577 -2677 1440 -966 1277 122
4820 2606 -4054 -2602 -4512 -2869 -2031 1974
-3447 1508 512 -4623 -5237 -322 5015 -247
1148 -5253 6001 -4855 -6063 1856 -3101 -434
4362 -1293 4159 -3146 -610 4084 3217 1099
4212 -1611 -2215 -3131 -660 -3709 3021 108
4307 4096 -2985 -4517 -6237 -1221 -2931 483
-3862 -81 2392 -4471 -5073 1098 4845 1522
2260 -4052 5585 -2760 -4162 3446 -1783 -1850
2501 -1569 1859 -2066 1041 1458 1482 955
5450 -1978 -2731 -4374 -3378 -4184 4143 1207
3075 4909 -1271 -5785 -6780 720 -3084 -1542
-3508 -1443 3682 -3569 -4267 1971 3730 2573
2663 -2460 4219 -705 -2436 3376 -1 -2262
1177 -2587 -33 -2325 336 -1238 -61 -130
6876 -1486 -2106 -6206 -6118 -2717 4252 2724
1230 5047 819 -6007 -5575 2706 -2053 -3188
-2095 -2406 3636 -1564 -2984 2054 1670 2897
1932 -999 2043 386 -1015 2016 1621 -1648
885 -3903 -861 -3459 -1696 -3074 -408 -1865
7453 -255 -392 -7466 -7526 -340 3070 3959
-305 4267 2299 -5069 -3853 3708 -218 -3869
-381 -2388 2486 301 -2073 1865 38 1764
381 -137 131 315 -565 394 2056 -80
1520 -4863 -605 -5121 -4014 -2870 370 -3388
6943 1340 1574 -7671 -7079 2251 1216 4277
-1182 2760 634 -3080 -1841 3165 1549 -3256
1035 -1516 1391 1637 -1864 972 -812 108
-1158 40 -1453 -742 -1645 -775 1451 1426
2973 -5323 -3004 -6528 -6065 -1215 1717 -4110
5658 2382 -960 -6691 -4928 4135 -716 3363
-935 1186 1029 -1021 -776 1982 2378 -1716
1655 -128 -411 1783 -1977 -3 -462 -1662
-2538 -861 -2571 -2609 -3109 -1338 -197 2061
4343 -4921 -1611 -7072 -6770 882 3337 -3683
3808 2810 723 -4926 -2570 4535 -1831 1799
92 23 261 467 -888 659 2005 -187
1236 1207 -2208 775 -2639 -180 851 -2588
-2787 -2167 -2301 -4141 -4289 -580 -1838 1604
5142 -3662 344 -6380 -5722 3034 4189 -2076
2044 2349 1492 -2717 -663 3353 -1963 -132
1598 -357 -1338 933 -1820 -735 556 1039
66 2212 -3452 -863 -3633 195 2394 -2491
-2141 -3398 -1215 -5067 -5106 634 -2994 221
4911 -1839 2095 -4552 -3688 4041 3939 -287
881 950 799 -879 2 1425 -715 -1397
2981 214 -3133 203 -2906 -977 -1093 928
-1555 2297 -3404 -2726 -4066 751 3485 -1373
-827 -3834 571 -4621 -4894 1880 -3070 -1576
3935 -537 2821 -2533 -1923 3840 2812 979
652 -357 -465 0 -824 5 750 -1755
3458 1304 -4223 -1347 -4122 -185 -2440 -193
-2832 1510 -2309 -3828 -4002 1551 3354 452
975 -3647 2485 -3241 -3899 2868 -1965 -3048
2199 63 2204 -658 -597 2415 777 1402
1466 -1624 -2366 -425 -2111 -980 2051 -871
3066 2565 -4306 -2948 -4593 1012 -2736 -1807
-3196 126 -520 -3668 -3747 2203 2333 1825
2159 -2580 3337 -1350 -2692 3308 -635 -3416
549 103 1004 405 -556 1255 -762 556
2709 -1880 -3602 479 -3475 -653 2235 602
1912 3323 -3318 -1955 -4092 2138 -2062 -3254
-2583 -1169 1228 -3549 -2934 2405 603 2261
2260 -1003 2867 -1405 -1705 2445 902 -2562
-637 -877 -864 825 -1420 135 -1552 -813
3904 -1590 -3998 -668 -4477 637 1646 1968
236 3483 -1498 -3230 -3392 2995 -584 -3790
-1338 -2024 2389 -2446 -2181 2378 -1051 1583
1783 341 1800 347 -1297 1798 1676 -1205
-706 -2088 -2342 481 -2397 -327 -1084 -2283
4569 -483 -3281 -2294 -4509 1743 63 2598
-985 2692 186 -3374 -2371 2991 949 -3088
181 -2082 2423 -721 -1849 2013 -2016 372
421 1218 27 1493 -1521 1282 1419 447
-208 -3006 -2941 -615 -3410 318 19 -2938
4204 958 -1631 -3692 -3766 2851 -1798 2381
-1736 1459 1559 -2507 -1546 2525 1933 -1750
1463 -1458 1476 1027 -1920 1516 -1904 -1198
-948 1081 -1609 1331 -1997 867 98 1535
1011 -3489 -2534 -2178 -3819 1299 1419 -2625
2965 1818 113 -3807 -2495 3339 -2643 1015
-1345 -39 1705 -807 -1194 1749 1664 -46
1945 -215 -33 2155 -1945 1495 -977 -2222
-1952 282 -2372 257 -2476 817 -1420 1358
2357 -2892 -1109 -3595 -3665 2096 2561 -1489
1540 2196 1512 -3172 -1600 2998 -2687 -700
-512 -984 1153 850 -1568 1326 857 1191
1529 1018 -1748 2190 -2294 1453 563 -2281
-2263 -710 -2169 -1087 -2789 1454 -2588 604
3134 -1811 602 -4063 -2889 2954 2663 121
65 1777 2024 -1645 -1052 2309 -1805 -1642
901 -1378 -311 2172 -2149 1112 -807 1472
584 1844 -2722 1407 -2408 1662 1715 -1285
-1651 -2045 -1059 -2698 -2921 1801 -2754 -915
2963 -609 516 -3399 -1874 3051 1610 1402
-724 738 1384 21 -983 1713 -476 -1972
2021 -871 -495 2352 -2346 1299 -2050 681
-868 1728 -2684 -189 -2319 1823 2026 155
-438 -2429 -1546 -3291 -2507 2273 -2111 -2055
2311 544 1279 -2196 -1307 2759 172 2062
-731 -591 852 1459 -1492 1099 814 -1414
2545 73 -1897 1737 -2476 1872 -2461 -408
-1774 1062 -2588 -1659 -2213 2030 1343 1511
883 -2287 101 -3024 -1957 2506 -722 -2423
966 1100 1845 -423 -946 2129 -1099 1467
33 -1479 -397 1855 -1927 1038 1444 43
2313 1297 -2975 250 -2353 2117 -2092 -1695
-2039 -24 -1611 -2366 -1824 2112 137 2101
1766 -1608 1439 -2130 -1411 2661 548 -2051
-282 823 1410 840 -951 1612 -1836 326
1090 -1749 -1723 1291 -2249 1420 1226 1322
1353 1969 -3178 -1223 -1983 2575 -1012 -2469
-1674 -1099 -145 -2490 -1566 2155 -1185 2007
2131 -392 2402 -558 -1214 2325 1484 -832
-964 100 330 1347 -1179 1170 -1657 -880
2107 -1348 -2861 81 -2472 1884 154 2195
174 2157 -2309 -2146 -1508 2543 385 -2118
-684 -1785 1292 -1591 -1368 2155 -2027 902
1680 664 2167 925 -977 2089 1347 565
-1034 -1100 -1088 1010 -1611 1084 -747 -1576
2922 -558 -3360 -1271 -2167 2517 -1175 2169
-921 1605 -970 -2276 -1032 2372 1427 -1134
610 -1723 2155 -119 -1368 1958 -2106 -434
572 1224 1193 1596 -1004 1745 569 1492
-493 -1966 -2304 68 -2076 1611 473 -1711
2794 569 -2744 -2436 -1640 2825 -2091 1293
-1286 753 318 -1658 -679 1990 1556 147
1598 -1219 2180 1218 -1140 1923 -1367 -1321
-433 1166 -133 1805 -1113 1557 -620 1650
663 -2410 -2751 273 -2294 1903 1563 -900
1994 1422 -1483 -1893 -877 2787 -2217 84
-981 -353 1228 -1121 -816 1546 901 1216
1881 -193 1334 1234 -1179 1969 -112 -1685
-1317 378 -1381 1447 -1262 1648 -1521 1136
1703 -2130 -2415 -981 -1852 2439 1923 262
1083 1590 -297 -2139 -279 2415 -1778 -911
-230 -1069 1402 21 -1037 1304 -141 1571
1523 733 84 2013 -1166 2001 1033 -998
-1413 -543 -1854 495 -1513 1607 -1955 -18
2437 -1374 -1379 -2233 -1314 2868 1483 1469
143 1236 603 -1597 18 1753 -747 -1175
830 -1278 771 1339 -1271 1369 -1292 1163
773 1280 -1126 2018 -1030 2035 1582 107
-938 -1470 -1711 -824 -1574 1798 -1565 -1059
2645 -674 -367 -2809 -361 2959 566 2027
-300 461 770 -561 -220 1161 358 -880
1761 -712 -486 2220 -1480 1653 -1779 213
-345 1393 -1921 1169 -1029 1945 1222 1119
-149 -2021 -969 -2003 -1387 2372 -673 -1790
2137 180 708 -2503 221 2417 -500 1805
9 -448 104 629 -652 624 985 -76
2343 109 -1731 2488 -1479 2175 -1632 -818
-979 872 -1785 116 -851 1989 487 1888
845 -2055 184 -2627 -748 2688 389 -1581
1408 479 1082 -1744 611 1729 -1094 1192
721 -1194 -1049 1513 -1367 649 805 987
2121 926 -2624 1924 -1118 2597 -644 -1590
-1297 35 -1130 -987 -700 1895 -559 1811
1543 -1498 1284 -2560 -244 2440 1292 -784
580 70 528 -593 193 784 -997 141
1793 -1571 -2273 1893 -1982 1366 71 1775
1552 1653 -2819 865 -681 2808 545 -1659
-1048 -827 -696 -1663 -515 1947 -1355 1259
1808 -1007 499 -1909 332 2152 1387 284
92 -689 -301 227 -380 148 -390 -450
2805 -1084 -2394 1340 -2056 2196 -921 1847
784 1830 -2437 -63 122 2596 1155 -1086
-375 -1337 -148 -1710 -267 1849 -1507 508
1473 -364 864 -1043 603 1550 982 861
253 -1630 -1352 521 -1364 333 637 -646
3482 -527 -3424 549 -1409 3296 -1714 1391
112 1608 -2121 -829 673 2212 1680 -198
436 -1294 792 -1076 -96 1542 -1124 -285
760 55 751 -191 196 817 4 1074
894 -2367 -2533 32 -2120 953 1506 17
3565 284 -3853 -567 -283 3720 -2200 497
-39 1006 -1214 -818 863 1223 1210 589
1035 -876 1346 -60 -199 1302 -142 -615
-80 -187 -128 130 -307 316 -557 688
1671 -2746 -3430 -737 -2135 2275 1894 700
3321 918 -3750 -1354 1073 3261 -1831 -405
261 340 -380 -237 379 391 738 972
1348 -100 1342 925 -476 1363 680 -359
-724 -753 -1178 -101 -1170 545 -1044 -138
2725 -2709 -4051 -1872 -1410 3487 1866 1806
2907 1067 -3192 -1642 2160 2115 -1265 -689
868 -97 128 707 -494 -34 -95 682
919 559 612 1334 -514 1289 1247 286
-788 -1612 -2241 -819 -1689 1226 -739 -992
3381 -2558 -4191 -2732 133 4122 1422 2388
2387 764 -2505 -1265 2231 398 -578 -857
1688 0 36 1597 -1375 216 -368 -4
499 727 -146 1295 -445 1496 1148 1079
-355 -2290 -2652 -1918 -1509 2164 -40 -1714
3629 -2002 -3706 -3261 1836 3417 564 2360
2283 203 -2055 -559 1097 -1130 -97 -173
2409 320 -427 2316 -1807 1255 -460 -696
-347 957 -1119 1548 -525 1832 617 1784
93 -2847 -2729 -1060 -679 3188 798 -1696
3503 -1690 -3140 -1399 2921 1967 -12 2049
2651 -331 -2224 1632 -773 -1597 -29 478
2600 1082 -1492 3095 -1836 2126 402 -1409
-858 538 -1544 1026 -137 1863 2 1795
695 -2932 -2259 -1865 675 3221 1428 -1429
3073 -1686 -2781 -1027 2787 -246 -83 1352
3341 -819 -2825 2522 -2672 -734 -505 773
2806 1776 -2334 3538 -891 3328 1261 -1497
-1060 238 -1565 507 555 1795 -620 1391
1172 -2640 -1620 -2286 1808 2435 1779 -701
2701 -1950 -2747 -444 1220 -1954 349 855
4239 -947 -3803 3260 -3660 1116 -1384 844
2414 2152 -2856 3212 548 3564 2069 -1169
-834 -513 -1061 -392 693 1574 -895 698
1300 -2406 -1183 -2224 2474 1056 1687 -360
2636 -2486 -3283 153 -1015 -2389 1041 893
5008 -833 -4729 3510 -2923 3326 -1852 310
1967 2562 -3249 2739 2081 2857 2462 -784
-574 -737 -624 -584 951 863 -723 313
1163 -2031 -972 -1853 1896 -427 1251 -186
2657 -3218 -4038 796 -3191 -936 1617 987
5656 -271 -5603 3433 -919 5125 -2302 -392
1747 2260 -2927 2332 2971 1152 2523 -392
-10 -757 47 -648 762 455 -181 -184
606 -2006 -1199 -1337 706 -1545 891 -368
3197 -3904 -5029 981 -4142 1226 1894 1651
5849 89 -5948 3039 1838 5038 -2100 -1029
1667 2119 -2619 2066 2504 -744 2110 -100
413 -607 344 -317 390 204 156 -193
199 -2159 -1743 -824 -1118 -1235 448 -902
3926 -4387 -5916 895 -3052 4009 1829 2217
5876 431 -5582 2532 4170 3277 -1792 -1724
1867 1665 -740 2169 958 -2175 1659 -95
629 -65 233 335 -417 39 563 220
-233 -2599 -2927 -531 -2490 -48 605 -1622
4460 -4381 -5883 493 -452 5665 1399 2743
5610 455 -4096 2331 4857 239 -1314 -1941
2386 1571 -216 2678 -988 -2137 1382 -690
389 378 274 953 -760 605 598 523
-300 -3196 -3720 -745 -2716 1663 1051 -2199
4989 -4245 -6290 -124 2601 5141 836 2743
5585 456 -4024 2261 3574 -2761 -900 -1910
2856 1489 153 3244 -2669 -744 1375 -1003
-44 593 -148 1128 -838 1240 18 823
-33 -3620 -4321 -1154 -1523 3459 1593 -2411
5255 -3992 -6419 -539 4953 2906 313 2580
5643 91 -3605 2747 630 -4576 -968 -1709
3434 1834 225 3916 -3222 1361 1722 -1511
-382 407 -675 1056 -463 1672 -466 803
368 -4055 -4741 -1826 288 4178 2142 -2127
5174 -3967 -6329 -596 5424 -511 63 2137
5821 -349 -3313 3231 -2735 -3923 -1179 -1574
3629 2188 -153 4368 -2098 3516 2086 -1743
-722 484 -1107 1094 607 1900 -786 615
806 -4236 -4817 -2333 2648 3392 2255 -1888
5012 -3947 -6097 -603 3403 -3760 -80 1590
6460 -579 -3524 3922 -5284 -1278 -1685 -1789
3731 2647 -682 4608 -83 4635 2602 -1477
-705 75 -1347 505 1229 1641 -1293 46
1058 -4028 -4560 -2563 3868 1472 2219 -1621
4929 -4241 -6032 -207 185 -5476 96 1499
7071 -695 -3871 4311 -5401 2649 -2266 -2028
3587 2898 -1050 4498 2479 3764 2751 -1326
-614 -337 -1333 151 1446 794 -1390 -413
1081 -3836 -4310 -2494 3443 -833 1998 -1407
4723 -4643 -5894 486 -3487 -3859 309 1411
7550 -537 -4251 7501 -2899 6025 -2640 -2712
3235 2978 -1387 5162 4314 1894 2882 -872
-325 -521 -1021 418 1385 -111 -1151 -823
999 -3686 -4133 -49 1902 -2938 1679 -1405
5092 -5216 -6442 4619 -5836 -972 205 1746
8004 -356 -4830 7819 932 7006 -2695 -3032
3272 2868 -1257 4975 4214 -741 2449 -679
-122 -414 -827 352 825 -643 -1119 -882
806 -3681 -4100 175 -397 -3543 1358 -1731
5337 -5626 -6855 5067 -5380 3349 -26 2180
8090 5 -5190 7790 4874 5057 -2652 -3608
3172 2566 -1064 4643 2335 -2999 2035 -474
188 -332 -422 234 -296 -625 -1035 -795
535 -3845 -4392 563 -2891 -2162 1298 -1922
5916 -5691 -7536 5069 -2585 6481 -673 2233
8044 64 -5372 7663 7164 1472 -2345 -3908
3249 2398 -759 4457 -289 -3825 1628 -659
398 -145 -183 393 -724 -430 -1202 -685
225 -3958 -4636 937 -3966 200 1398 -2153
6239 -5949 -7937 5119 1547 6997 -1122 2402
7965 203 -5279 7440 6106 -2774 -2148 -3631
3534 2218 -476 4621 -3002 -2556 1602 -840
458 100 -117 661 -835 433 -1454 -354
280 -4299 -5032 976 -3015 2854 1617 -2195
6355 -5886 -8125 4968 5480 4725 -1842 2385
7880 47 -5026 7402 2539 -6029 -2080 -3794
3950 2307 -289 4945 -4405 -148 1526 -792
156 211 -429 1017 -810 1413 -1878 -319
413 -4652 -5425 768 -1009 4593 1626 -1760
6620 -5731 -8165 4714 7512 760 -2260 2127
7906 -73 -4863 7431 -1839 -6370 -2101 -3545
4181 2357 -240 5231 -3451 2700 1432 -855
-6 145 -606 1050 -25 1392 -2314 -426
754 -4691 -5565 556 1638 4300 1766 -1558
6423 -5633 -4950 4464 5914 -3529 -2550 1900
8038 -258 -361 7552 -5718 -3697 -2408 -3600
4429 2523 2915 5580 -1041 4732 1574 -650
-89 102 -173 1050 1035 1350 -2592 -467
923 -4776 -5050 341 4092 2567 1571 -1007
6414 -5617 -4880 4436 2208 -6527 -2665 1761
8274 -599 97 7999 -6949 564 -2683 -3466
4543 2711 2882 5778 1808 4701 1441 -343
-143 -156 -422 832 1386 731 -2831 -699
1178 -4694 -5193 -31 4961 176 1137 -532
6322 -5657 -4757 4488 -2407 -6196 -2692 1691
8425 -747 234 8314 -4742 4916 -2776 -3230
4274 2856 2620 5720 4158 2588 1412 270
55 -466 -577 409 1140 -197 -2653 -879
1266 -4328 -4875 -173 3448 -2557 869 -304
5997 -5816 -4403 4696 -6062 -3230 -2819 1974
8617 -728 156 8449 -823 7608 -2873 -3607
4219 2782 2528 5788 5036 -411 1232 621
380 -450 -405 253 946 -602 -2516 -736
1269 -4161 -4646 -359 1155 -4034 582 -32
6137 -5921 -4527 4942 -6730 1039 -2989 2179
8950 -724 -13 8735 3701 6858 -2802 -3500
4140 2638 2447 5546 3441 -3447 980 1061
660 -642 -412 -11 432 -514 -2414 -542
1157 -4013 -4472 -224 -1625 -3379 434 11
6232 -6122 -4482 5064 -4373 5185 -3231 2285
8850 -439 -269 8474 6896 3027 -2371 -3459
4055 2373 2375 5223 592 -4758 598 1246
965 -701 -71 -265 -285 -471 -2304 -189
972 -4117 -4391 13 -3874 -1543 547 206
6433 -6285 -4700 5193 -533 7539 -3646 2618
8744 -231 -551 8280 7151 -1493 -2218 -3157
4111 2233 2558 5078 -2085 -3536 429 1379
1128 -396 269 -20 -308 242 -2343 303
970 -4244 -4519 2234 -3730 891 608 425
6626 -6274 -4888 8598 3872 6391 -3993 2694
8407 -314 -434 8234 4222 -5693 -1766 -2605
4128 1739 2758 2789 -4041 -965 326 1517
1207 -430 318 -498 -151 731 -2434 603
1045 -4310 -4600 3095 -2306 3413 641 846
6803 -6022 -5227 8440 6934 2966 -4168 2372
8261 -293 -432 8069 82 -7188 -1698 -2374
4341 1617 3111 2639 -3911 1776 578 1519
1232 -302 420 -383 228 694 -2476 724
1175 -4268 -4731 3092 -113 4438 876 1176
6752 -5873 -5169 8146 6742 -1494 -4100 2475
8079 -495 -108 7771 -4074 -5054 -1451 -1890
4492 1579 3238 2572 -1506 4032 637 1830
1207 -214 394 -309 848 309 -2429 804
1369 -4440 -5068 3009 2632 3660 1002 1877
6656 -5498 -5174 7731 3869 -5418 -3892 2138
7833 -671 136 7546 -6463 -1336 -1379 -1487
4571 1526 3364 2643 1354 4504 896 2063
1044 -510 -22 -280 667 428 -2234 935
1468 -4182 -4938 2745 4222 1793 764 2487
6408 -5452 -4853 7459 55 -6536 -3368 2399
7853 -833 365 7500 -5641 2912 -1414 -1407
4558 1562 3329 2760 3778 2630 1127 2638
1180 -643 -16 -332 377 55 -2069 723
1719 -4077 -4928 2387 3857 -645 775 2645
5993 -5433 -4515 7252 -3908 -4703 -3173 2506
7807 -903 494 7489 -2215 6166 -1070 -1431
4432 1606 3172 2861 4970 -4 1070 2986
1333 -939 -225 -680 493 -140 -1512 880
1786 -3759 -4677 1938 2391 -3010 487 2903
5739 -5341 -4150 6993 -6005 -1365 -2807 2499
7933 -944 480 7676 1891 6447 -692 -1531
4173 1533 2934 2684 3434 -2229 942 3273
1513 -1193 -686 -961 480 287 -983 1017
1737 -3413 -3471 1602 678 -3630 350 2877
5686 -5582 -133 7160 -5157 2755 -2531 2830
7868 -819 4827 7686 5625 3783 -108 -1438
3855 1294 4577 2405 916 -3855 1057 3243
1942 -1339 -474 -1389 94 664 -538 1446
1601 -3082 -3175 1459 -1689 -2880 678 2844
5639 -5446 -146 7004 -2050 5697 -2503 2714
7794 -455 4393 7687 6983 229 611 -1099
3614 1121 4097 2046 -1151 -3273 896 3108
2240 -1157 -261 -1831 706 428 -52 1722
1584 -2987 -2936 1492 -3049 -1371 817 2645
5759 -5580 -266 7211 1439 5817 -2346 2603
7304 -305 3949 7213 5024 -3177 1178 -486
3505 797 3971 1660 -3001 -962 1097 2835
2388 -1125 -203 -1940 1129 296 85 1994
1255 -2924 -2631 1662 -2508 1228 1414 2539
5765 -5417 -329 7083 4893 3487 -2287 2397
6853 -241 3632 6724 1809 -5599 1512 -357
3730 449 4039 1292 -3090 1382 1499 2610
2556 -704 356 -1828 794 -24 93 2060
1321 -2940 -2765 1782 -1372 3052 1911 2836
5846 -5019 -796 6695 6135 725 -1916 1835
6474 -345 3383 6242 -1714 -4919 1705 13
3937 87 4223 899 -917 3019 1954 2430
2466 -576 505 -1720 789 -816 163 1917
1448 -3097 -2943 1759 357 3054 1955 2905
5838 -4771 -1078 6471 4696 -2705 -1506 1312
5986 -471 3415 5661 -4330 -1839 1759 198
4065 3 4463 875 1308 3747 2443 2287
2212 -732 315 -1475 602 -686 415 1533
1643 -3021 -3198 1626 2566 2435 2150 3089
5512 -4186 -1356 5693 2171 -4863 -848 952
5751 -737 3568 5255 -4245 1087 1731 88
4178 95 4695 -407 2840 2125 2973 2471
2234 -720 269 -885 -51 -468 809 923
1993 -2988 -3556 3728 3556 1296 1936 2958
5280 -3770 -1476 5602 -711 -4308 -98 601
5747 -1063 3725 2307 -1848 3736 1805 -247
4142 293 4739 -1646 3971 -170 2886 2601
2055 -1072 -204 -744 -622 -220 1511 825
2202 -2649 -3679 3375 3227 -950 1643 2737
4696 -3795 -1069 5114 -3376 -2446 361 572
5689 -1192 3988 2275 746 4918 2035 -621
3633 387 4238 -1273 3306 -1778 2901 2547
2162 -1351 -555 -741 106 753 1923 444
2506 -2140 -3816 2719 2716 -2318 1450 2239
4185 -3608 -677 4461 -3381 -73 794 701
5762 -1124 4058 2409 3338 3427 2602 -1426
3242 535 3807 -920 1133 -3058 2527 2392
2515 -1771 -934 -1083 653 1486 2517 441
2379 -1794 -3456 2191 692 -2530 1329 1518
3808 -3903 -267 4315 -1789 2566 872 616
5635 -1074 3875 2532 5092 674 3006 -1459
2848 157 3187 -865 -628 -2904 2211 1677
2880 -1938 -1132 -1513 1536 825 2831 760
2140 -1354 -2946 1735 -908 -2090 1649 755
3916 -4065 -15 4447 66 4069 656 430
5708 -503 3329 2989 4551 -1711 3517 -1508
2249 -235 2511 -1079 -1304 -901 2076 1080
3374 -1864 -877 -2066 2529 394 2598 753
1730 -1185 -2406 1529 -1138 -1306 2044 138
4171 -4230 -65 4884 2539 3250 243 -131
5187 -75 2602 2978 2252 -3798 3785 -1231
2189 -741 2252 -1532 -1612 863 2134 45
3613 -1387 -279 -2544 2204 -148 2217 803
1183 -1150 -1871 1691 -991 535 2388 -234
4356 -4067 -563 5093 4393 1502 240 -1024
4404 107 2804 2592 116 -3799 3545 -826
2337 -1250 1463 -2194 -265 1650 2570 -573
3498 -1032 -1622 -2573 1619 -1466 1670 352
1025 -1366 -1109 2089 -548 1852 2645 -19
4441 -3552 2022 4996 4005 -824 413 -1759
3699 129 3396 2039 -1397 -2016 3021 -852
2656 -1515 1467 -2641 1737 2061 2954 -876
3166 -499 -990 -2323 1347 -2003 1177 -462
1023 -1792 -1126 2597 1080 1897 2404 55
4612 -3093 1300 4932 2861 -3047 682 -2516
3157 -136 3016 1247 -2320 -329 2429 -1001
3036 -1452 1959 -2889 2738 1531 3264 -800
2622 -424 -520 -1632 209 -1156 1140 -1233
1295 -2042 -1348 2921 2677 1560 1842 178
4238 -2489 618 4153 1368 -3296 1301 -2846
2866 -601 2879 633 -1137 1144 1694 -1545
3150 -982 2477 -2342 3254 -356 2921 -453
1952 -536 -379 -787 -320 -467 1358 -2094
1670 -1996 -1978 2822 2845 237 922 -77
3576 -1872 134 3270 -442 -2510 1611 -2642
2937 -1144 3354 213 802 2641 1303 -2498
3062 -571 2901 -1990 2986 -1837 2460 -235
1837 -1153 -1003 -494 87 187 1542 -2294
2138 -1579 -2661 2257 2761 -1307 85 -764
2824 -1872 194 2395 -1584 -1433 1560 -2174
3219 -1321 3826 205 2218 1924 1458 -3131
2540 -91 2896 -1159 1399 -2158 1532 -350
1855 -1573 -1445 -356 854 1109 1827 -2252
2249 -879 -3020 1321 2398 -1830 -395 -1621
2296 -2003 517 1988 -1088 154 1112 -1989
3605 -1252 4343 765 3743 193 1721 -3508
1744 129 2465 -535 267 -2207 548 -805
2111 -2112 -2160 -590 1462 788 1976 -1636
2105 -228 -3018 567 1028 -2269 -530 -2595
1823 -2502 1241 528 143 1560 283 -1747
3891 -739 4438 -866 3748 -954 2159 -3290
1162 10 1801 -676 98 -1547 -247 -1554
2668 -2168 -2713 334 2405 171 1395 -1042
1578 306 -2452 972 -13 -2207 -80 -3052
2047 -3065 1972 572 1521 1356 -800 -1804
3806 -71 3960 -74 2424 -2206 2095 -2610
704 -502 907 -512 -339 -71 -434 -2300
3103 -1863 -2687 -396 2722 -419 344 -790
694 377 -1507 367 -5 -1013 261 -3003
2435 -3325 2250 1154 2991 457 -1466 -2529
3482 632 3239 757 1398 -3197 1824 -1947
431 -1090 87 -577 241 368 -195 -2857
3552 -1238 -2085 -1328 2092 -1519 -770 -803
33 82 -599 291 30 39 523 -2336
3027 -3269 2073 1955 3387 -266 -1737 -3422
2530 1045 2051 1124 322 -2455 652 -1191
682 -1664 -179 -1325 1678 664 323 -2782
3224 -382 -1001 -1868 1546 -2051 -1727 -1526
-403 -405 35 659 706 141 153 -1422
3514 -2743 1347 2735 2772 -1817 -1571 -4037
1786 871 1241 872 -679 -1056 -474 -1109
1553 -1946 192 -2300 2485 553 694 -2165
2607 238 -12 -1872 1307 -1630 -2063 -2353
-310 -1272 155 1639 2100 182 -528 -572
3702 -2112 548 3052 2099 -3178 -943 -3995
1009 519 625 206 -281 -474 -1314 -1339
2242 -1661 1124 -2988 2406 -760 436 -1154
1767 626 799 -1415 711 -1548 -2025 -2902
54 -1755 -307 2537 2408 -169 -1665 -129
3265 -1146 -521 2865 1034 -2660 -326 -3337
868 -320 899 -843 905 532 -1909 -1956
2504 -826 2177 -3030 2796 -1570 -285 -62
788 306 981 -255 701 -1309 -1255 -3075
811 -1942 -1296 3004 2428 -1494 -2790 -528
2606 -649 803 2155 -335 -2041 -154 -2249
1309 -945 853 -1658 1582 915 -1850 -2571
2513 -12 997 -2602 2460 -2073 -1303 430
244 -379 603 745 1306 -759 -568 -2518
1402 -1508 14 2970 2259 -2384 -3551 -1019
1662 -713 202 879 -62 -1307 -551 -1060
1990 -1388 1629 -2059 2489 -272 -1097 -2738
1861 865 1916 -1402 1487 -2620 -2752 471
18 -1166 407 1653 1186 -876 -183 -1616
1506 -770 -915 2230 1140 -2174 -3405 -1703
829 -1264 461 -219 710 0 -1674 -217
2830 -1097 2812 -1633 3418 -1125 -229 -2360
794 1380 2312 36 1098 -2730 -3584 -163
563 -1636 -509 1775 1515 -1456 -201 -242
1285 255 -1561 902 383 -1965 -2661 -2057
419 -2260 1409 -919 1248 239 -2844 -85
3354 -583 3678 -671 3042 -2101 395 -1050
-218 1231 1911 1153 825 -2003 -3756 -939
1271 -1921 -1543 1306 1645 -1499 -1143 754
292 774 -1328 -189 715 -1643 -1609 -1752
794 -3146 2628 -756 2577 -521 -3928 -574
3553 620 4231 786 2133 -3393 432 466
-741 753 1030 1491 39 -1748 -3144 -1550
1949 -1413 -2074 146 1106 -1203 -2271 1006
-987 857 -296 -979 1076 -572 -771 -555
1543 -3733 3727 117 3415 -1194 -3968 -1489
3021 1510 3869 1889 1321 -3669 -260 1668
-843 -153 -80 1053 414 -1521 -2216 -1378
2153 -546 -1978 -946 1105 -1478 -3141 643
-1940 311 1102 -918 1598 -654 -445 898
2563 -3897 4483 1394 2992 -2662 -3419 -2107
2213 2052 2883 2366 152 -2894 -1298 2306
-294 -814 -915 12 882 -604 -1021 -523
2027 648 -1130 -1850 1818 -1609 -3402 -264
-2556 -800 2581 -1636 2559 -1419 -936 2326
3382 -3290 4407 390 1814 -4108 -2111 -2502
1312 1952 1699 1337 -725 -2220 -2358 2063
591 -1063 -1127 -815 1075 -407 -554 924
1050 1655 333 -2594 1979 -1459 -2763 -1212
-2280 -1816 3447 -905 2929 -2100 -2016 3224
3712 -2331 3344 1711 926 -3846 -800 -1668
532 1209 495 940 -245 -1305 -2723 1396
1605 -603 -262 -2127 2014 -952 -969 2176
-264 2181 1997 -2942 2087 -2266 -1453 -1620
-1736 -2894 3694 391 2017 -3413 -3141 3256
3290 -1339 2100 2256 -422 -3148 199 -469
496 167 212 -329 407 97 -2272 442
2280 478 1261 -3383 3044 -1573 -1866 3172
-1524 1683 3149 -2062 2420 -2938 192 -1152
-746 -2911 2885 1591 977 -3927 -3785 2314
2286 -652 891 1915 -1031 -2157 102 987
1150 -813 769 -1795 1653 82 -973 -48
2325 1826 2920 -3696 2865 -2547 -3278 3268
-2480 938 3801 -819 1651 -3629 1331 -82
-26 -2577 1746 2321 -52 -3371 -3620 1313
1138 -763 344 646 -134 -696 -579 2046
2185 -1382 2006 -2986 3071 -1003 465 241
1634 2979 4134 -2950 2315 -3915 -3910 2166
-2427 -32 3047 571 164 -3969 1720 1493
282 -1448 438 2098 -917 -2237 -2530 508
287 -1688 823 -917 900 316 -1669 2064
3589 -1207 3760 -3589 3669 -2296 1859 1259
590 3748 4812 -1699 1601 -4708 -4037 805
-1836 -1037 1830 1672 -535 -3460 1332 2753
-157 -341 -290 931 -454 -1356 -851 469
-130 -2925 2052 -2456 2480 -457 -2621 1319
4695 -332 5331 -3212 3053 -4050 2647 2895
-568 3561 4242 -157 -157 -4583 -3260 -399
-665 -1279 1680 1713 -739 -2031 298 3162
-1080 273 -92 -469 743 -367 352 1262
472 -4296 1603 -3218 3842 -2084 -2752 35
4939 859 4460 -1911 1777 -5616 2103 4366
-1428 2688 3653 1162 -1319 -3766 -1560 -894
242 -757 501 817 -657 -1094 -716 2544
-2580 325 227 -2247 2081 -310 1145 2732
1582 -5334 3498 -3021 3729 -3752 -1905 -1629
4487 2102 5115 -252 -36 -5543 946 4982
-1378 1494 2273 1355 -1361 -2029 -29 -421
731 624 -505 -947 875 -634 -1071 1222
-3703 -378 1304 -3164 3232 -2041 858 4052
2921 -5427 5089 -1814 1988 -5495 -412 -2402
3287 2721 4551 1147 -1809 -4331 -232 4747
-492 586 690 580 -716 -439 925 753
387 1951 -417 -2543 2344 -763 -425 -168
-4264 -1763 3222 -3095 3605 -3708 -382 4765
4068 -4777 5984 -121 294 -6391 1696 -2142
2230 2525 3347 1643 -2351 -2660 -1085 3428
691 307 -231 -943 481 -63 826 2049
-597 3108 578 -3676 2994 -2158 1090 -1092
-4230 -3223 4963 -2103 2139 -5185 -1874 4565
4522 -3401 5789 1449 -1691 -5319 2969 -1235
1539 1634 1878 968 -1561 -284 -636 1975
2075 758 -568 -2744 2582 -751 -96 2863
-2192 3488 2442 -3892 3314 -4208 2999 -1210
-3188 -4336 6059 -406 115 -6289 -2872 3277
4062 -2305 4691 2091 -3092 -3365 3271 222
1519 281 476 -445 108 534 323 769
2922 2008 392 -4267 3930 -2305 -1708 2790
-3497 3000 4253 -2900 1954 -5446 4420 -150
-1792 -4580 6066 1271 -1573 -5762 -3135 1542
3022 -1660 2954 1695 -2487 -1020 2483 1358
2359 -1028 78 -2451 2334 -65 2176 524
3086 3539 2098 -6205 3387 -4716 -2874 1384
-4409 1903 5568 -4560 -311 -6073 5139 1422
-709 -4067 4955 -523 -2997 -3832 -2193 -76
1620 -1709 1506 -604 -576 725 1224 1451
3713 -1872 792 -4882 4191 -1871 3686 1269
2311 4885 4002 -6471 1903 -6469 -3307 -408
-4348 460 5810 -2898 -2155 -5638 4648 2762
-240 -2793 3271 356 -2987 -1631 -581 -691
539 -2672 747 -2065 1550 455 -161 615
5399 -1568 2588 -6627 4394 -4393 4334 2903
920 5489 5461 -5815 -642 -6638 -2530 -2383
-3465 -790 4792 -1076 -3034 -3680 3030 3272
-623 -1491 1669 208 -1202 -91 974 -403
217 -4241 1285 -4133 3649 -1216 -624 -1205
6454 -576 4518 -7226 2415 -6925 3740 4439
-293 5388 5947 -4378 -3040 -5590 -979 -3311
-2076 -907 3085 -17 -2847 -1429 1475 2736
-1813 -631 759 -1097 896 416 1763 846
772 -5833 2913 -6006 4533 -3800 -131 -3190
6809 852 6218 -6771 -420 -7674 2231 5098
-904 4231 5035 -2538 -3823 -3583 774 -3256
-695 -318 1256 146 -1233 -198 566 1071
-3242 -519 1016 -2977 2670 -1019 1375 2280
2190 -6838 4987 -6848 3155 -6361 1315 -4277
6274 2181 6950 -5324 -3495 -6463 383 4753
-991 2679 3292 -1071 -3136 -1073 1921 -2218
9 1035 21 -1030 1099 -122 715 -613
-4665 -1395 2373 -4935 3710 -3336 97 3132
3682 -6911 6844 -6581 231 -8019 3295 -4382
5198 2915 6424 -3607 -5067 -4275 -1008 3481
-66 1510 1453 -955 -1424 605 1952 -665
-285 2589 -41 -2820 2536 -1471 1821 -1889
-5187 -2776 4293 -5986 2937 -5641 -1869 3075
5086 -6041 7820 -5140 -2713 -7375 4736 -3171
3842 2555 4174 -2169 -4490 -1118 -1305 1696
1428 983 -765 -1754 1188 190 839 535
-1301 3851 -1911 -4751 2835 -3872 3493 -2233
-4623 -4617 2571 -5665 661 -7167 -3586 1723
5497 -4677 5365 -3296 -5231 -5098 5201 -1680
2961 1466 2092 -1691 -2367 1185 -658 148
3023 1419 -2306 -3720 3168 -1490 -1027 709
-2659 4264 -837 -5930 1969 -5680 5035 -1287
-3392 -5694 4480 -4366 -2012 -7326 -4204 -463
5030 -3178 5149 -1586 -5436 -2423 4414 -62
2592 -193 -112 -2295 729 1286 1066 -610
4100 2564 -2772 -5728 3139 -4364 -2788 -328
-4142 3582 1116 -6090 -44 -6627 5530 427
-1769 -5929 5515 -2398 -4161 -5385 -3522 -2069
3831 -2372 3624 -801 -3647 490 2688 453
3545 -1556 -1535 -4048 3279 -522 2364 115
4329 4210 -2027 -7313 1685 -6861 -3577 -2116
-4883 2288 2924 -4901 -2566 -6377 4808 2225
-395 -5264 5441 -499 -5047 -3054 -1923 -3181
2317 -2413 1635 -1224 -830 1882 901 47
5096 -2590 -2213 -6267 4059 -3616 3151 1596
3621 5523 -327 -7699 -887 -7471 -2973 -4081
-4437 529 4170 -2870 -3951 -4606 2948 3098
249 -3894 4219 625 -4002 -802 -319 -3059
1084 -3422 -25 -2826 2114 623 -131 -1437
6821 -2547 -1683 -8116 2602 -6966 2694 3527
2147 5993 1539 -6789 -3809 -6365 -1760 -5380
-3293 -855 4237 -750 -4089 -2432 907 2939
169 -2141 2182 729 -1837 511 800 -1737
748 -4999 -812 -4950 3928 -2127 -16 -3357
8061 -1387 131 -8842 -440 -8774 927 4747
710 5543 2991 -4955 -5269 -4106 154 -5341
-1702 -1210 2961 560 -3088 -760 -505 1489
-996 -1251 406 -689 378 259 773 -67
1455 -6472 -133 -6808 3443 -5306 1139 -4522
8070 139 2172 -9397 -3864 -7829 -1079 4622
-183 4268 3287 -4774 -4863 -1409 1644 -4160
-311 -738 1141 100 -1299 -406 -960 -116
-2406 -1050 -524 -2320 2033 -1561 -549 1327
2959 -7482 1594 -8579 1026 -7961 3066 -4551
7467 1519 3706 -8731 -6346 -5253 -2903 3511
-91 2287 2069 -2491 -2769 606 1812 -2205
707 692 -1028 409 323 -1037 -120 -1656
-3519 -1824 -231 -4179 2293 -3755 -2291 1484
4546 -7485 3633 -9397 -2387 -8509 4459 -3226
6161 2230 4226 -7170 -6727 -1724 -3517 1626
995 938 70 -1005 -373 555 1051 -631
635 2092 -2311 -534 848 -2633 1409 -2154
-3842 -3357 1248 -5944 877 -5731 -3885 506
5853 -6587 5492 -9147 -5540 -6798 4919 -1467
4700 2061 3555 -5209 -4750 1422 -3062 -156
2516 203 -2036 -583 1747 -1106 -811 194
-162 3431 -2584 -2249 464 -4445 3030 -1438
-3469 -5017 3317 -6868 -1425 -6802 -4744 -1093
6352 -5100 6345 -7511 -7059 -3566 4405 436
3610 764 1733 -3482 -1395 2418 -1445 -840
4156 508 -3671 -1414 1971 -3542 -2554 -266
-1481 3571 -1357 -3898 -971 -5068 3741 141
-2106 -6270 5358 -6742 -3704 -6404 -4343 -2979
5871 -3443 6081 -5547 -6441 -136 2998 1599
3423 -992 -370 -2948 1901 1035 -41 -476
5233 1552 -4189 -3003 451 -5777 -3593 -1781
-2738 2823 480 -4886 -2623 -4900 3295 2171
-301 -6261 6348 -5070 -5154 -4484 -2711 -4033
4625 -2467 4485 -3791 -3764 2327 1112 1522
4177 -2461 -2039 -3655 3467 -2064 1228 936
5328 2922 -3473 -4851 -2228 -6605 -3603 -3374
-3383 1338 2322 -4777 -3583 -4013 1700 3295
1127 -5572 5716 -2964 -5544 -2211 -792 -4085
3042 -2429 928 -2868 -551 2273 -202 543
5594 -3362 -5902 -5237 2510 -5406 1050 2818
4651 4130 -5748 -6174 -4662 -5539 -2169 -4613
-2989 -371 1322 -3397 -3715 -2697 -228 3372
1956 -4062 4360 -957 -4452 -212 700 -2761
1853 -3257 -959 -3223 2189 267 -531 -1022
7165 -3222 -6557 -7349 -396 -7655 -277 4048
3239 4589 -3998 -6343 -5913 -3221 -265 -4781
-1672 -1752 2567 -1236 -3286 -1704 -1861 2234
1922 -2458 3283 310 -2852 779 1163 -1113
1522 -4875 -2711 -4746 3186 -2652 502 -2387
8150 -2233 -5917 -8731 -4138 -7597 -1959 4467
1921 4099 -2050 -5316 -5359 -849 1342 -3581
48 -2359 2736 1012 -2590 -1350 -2359 531
966 -1282 1443 372 -991 340 467 551
2144 -6293 -3349 -6701 1767 -5728 2262 -2645
8300 -710 -4281 -9275 -6946 -5346 -3643 3656
976 2523 -603 -3220 -3400 780 2009 -1829
1631 -1977 1791 2585 -2069 -1669 -1919 -1220
-341 -1157 -145 -810 417 -881 -1070 1315
3459 -7232 -2807 -8309 -1178 -7468 3688 -1622
7505 451 -2399 -8479 -7687 -1829 -4446 2019
926 769 -295 -1112 -1202 706 1465 -6
2719 -559 -236 2850 -1812 -2174 -312 -1952
-1372 -1878 -1010 -2509 791 -2502 -2609 666
4890 -6995 -1292 -8940 -4681 -6920 4521 -118
6158 1198 -883 -6860 -6149 1206 -3950 106
1969 -870 -1337 539 338 -911 -97 1038
2791 657 -1805 2053 -2101 -2450 1347 -1510
-1718 -3291 -557 -4082 -97 -4044 -3420 -797
6126 -5866 825 -8297 -6871 -4616 4044 1942
4601 963 -290 -4776 -3070 2939 -2640 -865
3413 -1673 -3077 1048 383 -3147 -1801 780
2029 1898 -2915 760 -2596 -2296 2367 -218
-1096 -4741 884 -5416 -1787 -4971 -3141 -2511
6630 -4430 2605 -8479 -7592 -1600 2706 3299
3477 -182 -950 -2456 -59 2193 -913 -987
4927 -1390 -5122 3525 -1097 -4779 -2886 -241
870 1984 -2741 691 -2617 -1790 2228 1458
214 -5654 2905 -6176 -3585 -4708 -1773 -3566
6149 -2858 3410 -7002 -6058 1477 971 3339
3330 -1847 -2740 -855 1875 -291 375 197
5932 -426 -6451 2857 -3308 -5052 -3045 -1915
-222 1394 -1767 -823 -2656 -1483 1315 2810
1862 -5925 4742 -6015 -5051 -3624 15 -3601
4825 -1806 3009 -4915 -3272 2963 -453 2432
3844 -3321 -4650 -184 1736 -3572 713 1869
6064 810 -6789 1408 -5159 -3567 -2064 -3176
-626 -35 70 -1692 -2200 -1391 -417 2997
3392 -5115 5958 -4512 -5620 -2038 1901 -2730
3478 -1769 1769 -3318 -534 2559 -1066 1013
5007 -3979 -5998 -752 -415 -5765 -28 3098
5238 1786 -5946 -303 -5904 -1404 -306 -3684
-385 -1752 2029 -1528 -1779 -1728 -1917 2029
4129 -3728 5826 -2545 -5211 -235 2519 -798
2273 -2578 -87 -2488 1390 407 -491 -424
6388 -4044 -6679 -2147 -3555 -6225 -1709 3733
3910 2092 -4166 -1288 -4823 511 1258 -2718
904 -3089 3234 -300 -2114 -2369 -2790 552
3992 -2214 4785 -764 -4095 1048 2207 693
2109 -3857 -1414 -3062 1718 -2362 1073 -839
7242 -3029 -6008 -3877 -6264 -4417 -3110 3045
2648 1575 -2519 -1329 -2734 1618 1927 -1311
2280 -3417 3157 1642 -2639 -2659 -1995 -1254
3098 -1099 3129 191 -2437 1558 1039 1688
2336 -5078 -2145 -4187 -181 -4720 2468 -685
7321 -1741 -4535 -5055 -7304 -1423 -3952 1608
1924 215 -1263 -289 -800 1151 1636 257
3817 -3207 4683 3531 -3950 -2434 -788 -2248
1966 -860 1751 206 -869 967 -614 1578
3721 -5946 -5302 -6054 -2604 -5635 3548 774
6687 -401 -6150 -5544 -6385 1333 -3787 63
1811 -1381 -132 1456 288 -754 418 1447
4747 -2048 3741 4810 -4545 -1613 753 -2187
1075 -1562 452 -923 11 -286 -1506 444
4977 -5765 -4778 -7464 -5272 -4554 3275 2462
5457 169 -4448 -4881 -3942 3158 -2592 -1196
2856 -2742 53 3363 -62 -2644 -925 1338
4645 -673 2161 4926 -4400 -220 1989 -1217
755 -2689 -251 -2421 -119 -2021 -1444 -869
6080 -4815 -3292 -8078 -6820 -2451 2060 3678
4031 -81 -3013 -3246 -997 2964 -946 -1255
3937 -3532 -537 4788 -2003 -3881 -2242 475
3942 174 858 4158 -3562 1043 2354 271
1119 -4175 76 -4061 -1138 -3472 -503 -2157
6379 -3572 -1592 -7531 -6732 542 729 3860
2984 -1037 -2485 -1524 997 998 378 -617
5143 -3322 -1883 5124 -4085 -3692 -2398 -961
2954 364 3 2784 -2255 1672 1739 1427
2174 -4924 1385 -4651 -2895 -3896 1111 -2506
5975 -2165 -109 -6327 -5092 2756 -955 3421
2940 -2445 -3226 -259 1581 -1459 733 730
5900 -2407 -3533 4473 -5538 -2234 -1946 -2357
1941 -164 113 1400 -830 973 420 1833
3477 -5036 3096 -4381 -4732 -3050 2426 -1796
5025 -1379 622 -4632 -2477 3404 -1490 1771
3190 -3445 -4260 359 -196 -3481 508 1943
5922 -1178 -4544 3159 -5826 298 -528 -2898
1542 -1374 1232 533 -171 -425 -843 1454
4644 -4321 4696 -3210 -5786 -1268 3151 -500
3676 -1124 412 -3093 -6 2412 -1096 532
4230 -4194 -5883 -165 -2563 -4549 -709 2531
5220 -335 -4551 4236 -4413 2407 875 -2415
1705 -2720 2782 -1135 -619 -2063 -1582 224
5047 -3084 5392 -4866 -5501 802 2986 1104
2799 -1908 -809 -1959 1353 443 -45 -326
5383 -4053 -7055 2932 -5087 -3576 -2070 2352
4185 78 -3802 3057 -2438 3058 1839 -1490
2467 -3728 4260 -1062 -1977 -2898 -1179 -1213
5015 -1944 5484 -3521 -4376 2430 2153 2087
2426 -2930 -2210 -1399 951 -1915 1332 -273
6143 -3389 -7492 1772 -6482 -1123 -2943 1319
3124 -233 -2485 2071 -243 2415 1759 -184
3738 -4150 5365 -232 -3843 -2738 -199 -2153
4178 -1101 4477 -2141 -2109 3030 874 2119
2791 -4050 -3346 -1753 -592 -3547 2016 722
6121 -2081 -6768 196 -5971 1488 -2994 -101
2391 -1272 -1042 1864 748 428 1009 815
4862 -3665 5350 1269 -5182 -1527 1259 -2243
3127 -971 3075 -1333 -177 2289 -183 1338
3698 -4706 -3926 -2899 -3094 -3809 2348 1760
5811 -1104 -5642 -936 -4126 3523 -2234 -1346
2238 -2488 100 2484 216 -1734 -220 1136
5403 -2768 4498 2570 -5520 401 2357 -1634
2311 -1469 1974 -1625 1102 679 -351 282
4808 -4870 -3695 -4219 -5391 -2504 1931 2850
4699 -631 -4160 -1124 -1530 3903 -929 -1506
2988 -3467 180 3852 -1243 -2975 -1073 194
5158 -1465 2998 3381 -4176 2014 2813 -398
1774 -2470 1135 -2420 604 -1542 234 -1070
5611 -4024 -2351 -5447 -5993 -328 457 3212
3692 -862 -3223 -488 750 2664 246 -1263
3946 -3804 -418 5103 -3471 -3046 -1485 -749
4573 -709 1894 3423 -2362 3083 2344 571
1917 -3499 1342 -3725 -972 -2776 1324 -1451
5930 -3116 -1226 -6008 -5317 2441 -581 2762
2932 -1458 -2316 405 1689 449 756 -494
4776 -3633 2281 5958 -4990 -1707 -1063 -1986
3493 -361 2631 2565 -505 2455 1488 1165
2652 -4261 -924 -4796 -3008 -2857 2268 -1234
5486 -2174 -3644 -5505 -3214 4140 -1216 1728
2911 -2454 -2252 1669 908 -1876 611 533
5422 -2638 887 6158 -5474 457 -88 -2958
2608 -912 1954 1323 752 1046 365 901
3533 -4293 -71 -5337 -4419 -1684 2877 -404
4720 -1537 -2548 -4449 -735 3816 -1124 422
3242 -3287 -2651 2588 -1134 -3280 42 1054
5332 -1787 -184 5423 -4532 2403 1064 -2708
2078 -1547 1824 293 552 -564 -330 55
4180 -3903 984 -5191 -5008 579 2867 755
3808 -1540 -2186 -3314 1394 2460 -480 -225
3975 -3787 -3719 2889 -3533 -3200 -1268 1054
4759 -840 -1117 4321 -2589 3464 1933 -2264
2114 -2535 2514 -645 -637 -1921 -372 -1013
4310 -3251 1854 -4613 -4102 2760 2255 1225
3166 -2065 -2488 -2306 1732 36 588 -507
4768 -3481 -4848 2336 -5182 -1396 -2056 16
3898 -461 -1173 3037 -331 3165 2025 -1132
2625 -3088 3448 -526 -2022 -2208 198 -1970
4039 -2232 2353 -3328 -2038 3430 1078 1237
2869 -2958 -3356 -1861 614 -2243 1230 -27
5319 -2928 -5661 1395 -5707 1054 -2276 -1156
3022 -660 -742 2299 927 1948 1672 -415
3387 -3092 4306 246 -3315 -1305 1035 -2109
3159 -1578 1966 -2305 -35 3140 350 813
3101 -3927 -4461 -2105 -1494 -2996 1365 654
5340 -2014 -5854 334 -4345 3127 -1971 -2122
2616 -1131 50 2047 1382 -6 768 -273
3897 -2866 4683 940 -3897 248 1665 -1765
2196 -1404 1234 -1743 966 1539 -157 -280
3782 -4469 -5400 -154 -3911 -2237 1115 1540
5210 -1072 -5668 2793 -2139 4452 -1260 -2712
2613 -1773 888 2046 620 -1505 59 -509
3997 -1969 4402 -640 -3216 1520 1963 -985
1451 -1947 42 -1953 910 -548 70 -1261
4510 -4520 -5799 -454 -5467 -481 -30 1893
4475 -709 -4841 2028 393 3968 -458 -2615
2920 -2317 1366 2450 -996 -2105 -441 -1174
3716 -1078 3566 268 -1954 2429 1557 -104
1007 -2695 -894 -2006 -209 -1585 592 -1668
5076 -4180 -5553 -1384 -4932 2156 -911 1679
3904 -761 -4031 1818 2262 2170 -5 -2185
3439 -2310 1208 3215 -2585 -2078 -379 -2003
3187 -410 2602 785 -904 2403 856 249
968 -3388 -1597 -2500 -2268 -1791 1394 -1735
5044 -3577 -5000 -1844 -2936 4267 -1629 1037
3394 -1172 -3338 2081 2532 -160 -313 -1570
4116 -1878 488 4240 -3628 -1086 396 -2677
2443 -109 1530 927 -48 1636 -149 199
1227 -3962 -1589 -3171 -3673 -816 1772 -1200
4882 -2996 -4189 -2117 -259 4402 -1935 305
3439 -1927 -3364 2856 1192 -2419 -815 -1101
4401 -1229 -306 4552 -3895 916 891 -2575
1557 -275 817 416 116 778 -988 -169
1632 -3979 -1241 -3775 -3588 1197 1648 -668
4442 -2708 -3657 -1897 2217 3078 -1640 -326
3757 -2282 -3697 3532 -952 -3588 -1665 -1162
4373 -391 -1361 4696 -3457 2338 1628 -2005
1049 -581 574 -128 -422 183 -1521 -888
1972 -3792 -559 -4100 -2877 2788 1272 82
3770 -2723 -3412 -1159 2973 707 -1137 -394
4202 -2610 -4421 4157 -3321 -2989 -2394 -1697
3942 272 -1839 4182 -1689 3374 1487 -1262
776 -1060 606 -772 -963 -94 -1527 -1462
2001 -3289 -1303 -3713 -874 3063 503 208
3284 -3176 -3774 -356 1909 -1958 -727 -238
4973 -2554 -2422 4221 -5120 -697 -2729 -2313
3544 760 -41 3546 -214 3566 1221 -488
1038 -1300 119 -1149 -1140 389 -1158 -1687
1463 -2733 -2087 -2950 1155 2252 -196 -3
2934 -3891 -3863 425 -334 -3551 -719 665
5226 -2179 -3131 3953 -4975 2083 -2718 -3065
2918 793 -365 2841 982 2465 682 75
1179 -1397 440 -1044 -1188 608 -832 -1374
875 -2397 -1877 -2132 1618 861 -611 -390
3259 -4517 -4611 645 -2934 -3170 -1204 1250
5342 -1513 -3757 3334 -3076 4592 -2225 -3194
2503 644 -284 2392 2032 979 48 225
1480 -831 860 -429 -894 239 -753 -833
26 -2452 -2209 -1441 983 -1221 -561 -944
3567 -4848 -5197 580 -4945 -756 -1699 1738
5238 -892 -4024 2627 -565 5384 -1775 -3197
2489 350 53 2244 1854 -330 -596 31
1321 -311 846 159 -584 321 -1111 -125
-551 -2788 -2785 -1023 -538 -2205 -205 -1242
4002 -5010 -5774 297 -4786 2011 -2392 1951
4800 -680 -3760 2168 2065 3999 -1396 -2725
2600 223 320 2461 644 -1787 -536 -90
1047 353 585 838 -1048 240 -1677 315
-964 -3096 -3310 -800 -2448 -1365 296 -901
4265 -4785 -5942 -306 -2949 4673 -3305 1731
4342 -626 -3429 1980 3963 1668 -1295 -2055
2984 426 367 3011 -854 -2521 -348 -407
619 901 46 1196 -1332 -61 -2395 355
-1051 -3628 -3994 -1093 -3550 171 622 -497
4288 -4382 -5678 -572 -101 5103 -3276 1367
4169 -785 -2951 2058 3605 -1072 -1514 -1470
3212 719 57 3353 -2466 -1627 138 187
-17 1139 -719 1472 -1462 461 -2839 381
-1145 -3972 -4327 890 -2731 2174 881 -42
4168 -4163 -5388 2645 2680 3698 -3363 1290
4076 -1196 -2661 4662 1377 -3590 -1872 -1273
3401 1236 -335 4003 -3664 -256 404 557
-547 1009 -1374 1601 -1734 1481 -3175 131
-1141 -4037 -4376 716 -1072 3793 800 643
3860 -4012 -4892 2660 4247 1140 -3010 1138
4251 -1431 -2712 5043 -1301 -4085 -2149 -1181
3408 1732 -883 4459 -3387 1413 577 1460
-961 969 -1879 1660 -1022 2033 -3189 -169
-1070 -3747 -4009 501 814 3232 416 1290
3503 -4062 -4592 2820 3392 -1831 -2667 1577
4699 -1639 -2973 5652 -4319 -2508 -2252 -1549
3090 2471 -1725 4650 -2440 3309 663 2351
-1162 721 -2154 1382 294 2266 -2850 -309
-1246 -3576 -3828 630 2718 1633 289 1283
3281 -4419 -4486 3299 796 -4093 -2562 2136
4923 -1332 -3454 5844 -5416 3 -1909 -1771
2893 2666 -2072 4438 -608 4214 441 2800
-1240 818 -2111 1372 1454 1770 -2592 -21
-1445 -3183 -3474 864 3055 -290 153 1441
3109 -4717 -4518 3717 -2025 -3736 -2486 2453
5179 -1035 -3876 5947 -4317 2968 -1440 -1735
2511 2879 -2387 4240 1744 3444 -48 3277
-1151 844 -1966 1261 1811 206 -2070 139
-1950 -2987 -3363 1414 1194 -2532 434 1223
3254 -5021 -4875 4099 -4769 -1743 -2629 3003
5152 -686 -4143 5640 -1915 5220 -702 -1556
2308 2770 -2332 3895 3326 1649 -85 3352
-1054 1116 -1827 1486 1731 -1147 -1872 555
-2359 -3029 -3666 1867 -1046 -3153 874 1252
3387 -5236 -5206 4291 -5234 1115 -2942 3155
5027 -360 -4322 5325 989 5314 -150 -1247
2370 2535 -2189 3751 3151 -489 -196 3429
-954 1486 -517 1970 291 -1960 -2063 808
-2801 -3047 -1939 2372 -3020 -1672 1270 1416
3494 -5448 -2463 4371 -3184 4112 -2926 3135
4808 -217 -1406 5045 3973 3220 188 -869
2427 2492 -132 3703 1855 -2840 119 3311
-1227 1746 -636 2280 -1680 -2184 -1893 875
-3150 -3352 -2152 2688 -4197 567 1822 1741
3760 -5121 -2788 4000 -491 5640 -3008 2961
4606 -211 -1428 4690 4833 434 508 -467
2601 2731 -50 4133 124 -3533 610 3510
-1516 2152 -536 2802 -2925 -872 -2031 787
-3168 -3565 -2339 2723 -3081 2556 2017 2114
3665 -4975 -2734 3801 2700 4462 -2763 2632
4340 -311 -1161 4636 3283 -2545 640 -66
2682 2904 0 4329 -2695 -2655 951 3673
-1859 2428 -757 3206 -3185 1517 -1858 599
-3229 -3737 -2577 2679 -584 4226 2354 2523
3455 -4706 -2541 3589 4724 1599 -2085 2405
4311 -608 -959 4762 943 -4811 1080 -146
2725 3170 -7 4559 -4197 -816 1240 3833
-2237 2336 -1208 3202 -2582 2968 -1486 212
-3223 -3622 -2474 2579 1749 3947 2597 2772
3311 -4583 -2317 3476 4220 -1218 -1769 2312
4423 -719 -812 4966 -2041 -4158 1306 -254
2706 3487 -345 4808 -3900 1959 1363 4377
-2332 2263 -1432 3190 -132 3598 -1008 -78
-3070 -3736 -2590 2433 3773 1827 2753 2949
3091 -4654 -2070 3648 1866 -3856 -1428 2219
4556 -802 -810 5182 -4674 -2018 1644 -372
2502 3561 -679 4664 -2266 4158 1358 4301
-2471 2157 -1591 3093 2210 3374 -534 -252
-3176 -3395 -2220 2516 4011 -853 2853 2682
2806 -4768 -1699 3857 -983 -4634 -1136 2348
4591 -780 -893 5771 -5012 1199 2074 -672
2251 3871 -1002 4760 -93 4398 1298 4299
-2541 1941 -1748 3596 3290 1440 25 -379
-3274 -3181 -1981 4009 1887 -2639 3049 2585
2683 -4819 -1545 5493 -3543 -2692 -1013 2246
4551 -652 -1009 5937 -3126 4385 2667 -844
2141 3886 -1113 4687 2949 3239 1390 3995
-2479 1983 -1663 3545 3589 -1293 541 -382
-3521 -2962 -1690 4231 -666 -3913 3270 2275
2733 -4946 -1556 5642 -5008 59 -984 2019
4410 -380 -1355 5853 -450 5326 3262 -795
1861 3746 -1469 4427 4125 1401 1185 3609
-2337 2136 -1359 3377 1815 -2739 720 -409
-3626 -2904 -1477 4263 -2648 -2784 3658 2007
2767 -4998 -1690 5791 -3743 3105 -1016 1658
4318 -147 -1569 5750 2422 3978 3546 -602
1865 3494 -1163 4148 3495 -1569 1414 3225
-2364 2203 -1231 3524 -987 -3068 826 -559
-3928 -2947 -1520 4577 -4071 -74 3974 1930
2881 -4924 -1806 5833 -902 5171 -772 1063
4118 22 -1660 5456 4633 1932 3766 -768
1717 3484 -1169 4068 1999 -3576 1575 2898
-2228 2553 -983 3569 -2933 -2293 791 -925
-3997 -3045 -1577 4677 -3686 2190 4060 1927
2935 -4718 -1883 5588 1637 4515 -626 414
3840 127 -1633 5105 4194 -853 3776 -796
2005 3332 -896 3997 -1087 -3454 1806 2601
-2351 2636 -1044 3698 -3353 -54 1108 -1488
-3990 -3105 -1686 4774 -1072 4034 4164 1880
3100 -4571 -2057 5533 3941 2329 -466 -48
3554 -144 -1259 4848 2079 -3695 3654 -1010
2164 3251 -733 3974 -3440 -2093 1983 2309
-2348 2705 -1049 3875 -3173 2583 1151 -2186
-3721 -3196 -1893 4562 1415 4298 4091 1743
2950 -4281 -1859 5131 4630 -144 -84 -523
3477 -280 1505 4765 -463 -4136 3662 -1248
2256 3288 2151 4084 -3621 -50 1852 2106
-2457 2729 1708 3986 -1148 3547 1307 -2556
-3671 -3356 699 4534 3131 2476 3793 1757
2798 -3979 682 4797 2650 -2586 77 -803
3314 -389 1647 4568 -3157 -2407 3508 -1560
2312 3383 2193 4209 -2786 2797 1723 1888
-2580 2583 1429 3912 1595 3821 1601 -2883
-3470 -3093 569 4154 3973 35 3330 1310
2594 -3817 803 4540 127 -3993 240 -1104
3289 -495 1780 4571 -4137 -292 3607 -2000
2099 3455 1973 4194 -1189 4187 1289 1430
-2617 2237 1085 3709 2900 2323 1981 -3153
-3227 -2769 644 3711 2982 -1689 2970 582
2394 -3732 980 4353 -2085 -2815 269 -1351
3410 -542 1858 4720 -2956 2232 3652 -2318
1953 3513 1781 4235 1560 3604 887 974
-2428 1984 933 3316 3058 -251 1965 -3056
-3091 -2426 671 3413 350 -2990 2872 166
2175 -3695 1158 4325 -3835 -563 -20 -1628
3577 -454 1697 4958 -1364 4359 3767 -2323
1751 3366 1419 3949 3326 2284 469 446
-1999 1951 979 2921 2481 -1814 1936 -3066
-3092 -2300 915 3253 -1512 -2718 2647 -300
2243 -4018 1358 4637 -3352 1466 -487 -1796
3639 -388 1573 5021 1040 4369 3800 -2373
1574 3022 1155 3587 3174 -180 184 -257
-1741 1751 912 2530 704 -2215 1569 -3035
-3152 -2125 1079 3201 -2784 -576 2589 -582
2353 -4025 1275 4740 -1378 3397 -887 -2268
3235 76 991 4561 3218 2486 3515 -2054
1427 2620 1000 3053 2201 -2170 89 -897
-1366 1830 1175 2263 -1595 -1959 1096 -3043
-3347 -2181 1227 3438 -3133 1251 2316 -594
2390 -3917 1034 4104 543 4275 -1068 -2686
2880 59 851 3181 3734 523 3066 -1986
1564 2171 1178 1958 589 -2383 127 -1064
-1330 2051 1450 1973 -2314 -456 694 -3411
-3241 -2253 1129 3155 -1346 2466 2053 -416
2631 -3591 549 3809 2336 3019 -1223 -3289
2522 81 685 2705 2299 -1932 2204 -2099
1664 1761 1396 1488 -1500 -1592 133 -1181
-1186 2127 1637 1851 -2120 1643 160 -3564
-3003 -2587 768 3475 325 3256 1449 -242
2786 -3293 231 3753 3724 962 -1011 -3630
2143 -28 701 2309 791 -2883 1639 -1963
2011 1616 1768 1217 -2737 -316 -124 -1048
-1179 2120 1587 1965 -1081 2345 197 -3873
-2843 -2646 462 3419 1585 2843 678 -336
2756 -2827 -78 3422 2970 -593 -925 -3573
2118 -451 1085 1907 -1059 -1990 1169 -2196
2220 1604 2023 1198 -1949 1724 -623 -788
-1495 1979 1399 2239 831 2397 60 -3958
-2317 -2706 -73 3331 2684 1236 -89 -260
2426 -2447 0 2772 1171 -2249 -849 -3182
1879 -698 1400 1611 -2583 -493 659 -2666
2359 1798 2194 1366 -820 3116 -1138 -770
-1464 1598 873 2252 1633 2146 133 -3791
-1770 -2493 -379 2948 2729 -22 -683 -675
2337 -2218 23 2428 -40 -2197 -966 -2952
2063 -1068 1841 1641 -2543 1260 571 -2702
2161 1897 1961 1506 898 2582 -1716 -742
-1348 1050 339 2257 1768 1151 341 -3229
-1323 -2299 -664 2440 1429 -619 -1376 -1134
1901 -2230 485 2091 -1624 -895 -1561 -2458
2306 -1124 2016 1881 -907 3289 706 -2544
1877 1858 1566 1736 2464 1618 -2278 -914
-843 573 -21 1627 1694 -203 -88 -2535
-1076 -1770 -1 1811 330 -1384 -1264 -1333
1742 -2485 2057 2067 -2471 339 -2177 -2271
2417 -967 3656 2041 696 3432 697 -2112
1542 1661 2604 1593 2306 664 -2527 -1055
-418 357 197 1013 1020 -256 -570 -1947
-1282 -1421 234 1488 -286 -754 -1288 -1320
1821 -2747 2400 2427 -1613 2087 -2723 -2374
2512 -544 3543 2403 2337 2225 378 -1362
1177 1214 1908 1294 1606 -672 -2665 -1522
244 244 -131 237 -19 150 -1215 -1375
-1346 -1255 454 1267 -942 117 -1094 -1116
2195 -3103 2669 2980 -32 3455 -3138 -2473
2395 -176 3001 2552 3139 1131 -45 -502
1033 437 1272 445 679 -1023 -2205 -1467
663 346 -36 -286 5 209 -1894 -1286
-1561 -1391 706 1563 -1168 511 -1245 -479
2672 -2996 2359 3424 1148 3107 -2961 -2768
1975 73 2438 2351 2421 -290 -695 -122
1303 -221 919 -330 -457 106 -1864 -1147
928 620 247 -601 519 995 -2409 -1267
-1629 -1696 989 2018 -208 1719 -1577 255
3112 -2697 1819 3690 2585 2013 -2451 -2695
1550 49 1989 1849 1423 -1728 -1346 130
1993 -703 1290 -1045 -1025 987 -1726 -315
796 952 628 -512 337 1058 -2425 -1410
-1295 -2251 674 2523 433 2313 -2049 909
3356 -2063 1102 3461 3139 1047 -1935 -2274
1054 -387 1646 1018 2 -1321 -1827 -30
2458 -897 1713 -1367 110 1720 -1624 556
619 1116 951 -144 717 605 -2127 -1462
-842 -2639 61 2712 825 1923 -2808 973
3287 -1592 458 3084 2428 -342 -1374 -1609
802 -1015 1837 343 -1221 113 -2006 -372
2816 -700 2221 -1236 1053 2539 -2006 1343
123 842 859 427 1072 766 -1636 -1002
-68 -2828 -762 2626 1799 1697 -3239 831
2971 -1105 17 2000 1772 -1495 -1277 -547
917 -1655 2386 -1061 -1269 1221 -1542 -292
3120 -167 2839 -2130 1705 1835 -2434 1585
109 324 374 477 707 658 -1083 -298
670 -2770 -1673 2756 2346 1631 -3407 330
2536 -906 12 1332 449 -1082 -1517 365
1341 -2121 3144 -1429 14 2431 -926 -236
2955 161 2952 -1539 2502 686 -2950 1625
324 -578 -724 948 222 590 -765 628
1127 -2150 -2240 2272 2135 433 -2977 -37
2045 -1197 546 744 -877 -228 -1972 808
2024 -2429 3985 -1480 1256 3469 -112 291
2474 254 2574 -896 2384 -120 -3142 1195
760 -1230 -1607 946 637 1437 -1039 1747
1408 -1583 -2618 1673 2441 -367 -2188 -196
1707 -1658 1182 370 -960 586 -2383 829
2533 -2052 4178 -738 2418 2392 218 1222
1850 53 1784 -455 1054 -844 -2515 845
1414 -1859 -2455 550 1059 2108 -1595 2125
1176 -1165 -2114 902 1456 -371 -1299 211
1838 -2452 2032 598 -153 2167 -2538 447
2826 -1452 3989 96 3597 1133 381 2281
1383 -473 949 -349 177 -867 -1898 630
2219 -1803 -2758 -379 1978 1651 -2174 2483
576 -857 -1256 364 399 -392 -607 996
2433 -3068 2431 1385 577 3300 -2031 -182
2728 -795 3382 764 3443 -239 -116 3039
1272 -1322 137 -743 -66 657 -660 720
2776 -1355 -2325 -1334 2872 1177 -2530 1846
369 -1133 -799 488 137 -349 -502 1853
3192 -3187 2239 2354 2117 2965 -1199 -552
2173 -380 2474 1096 2035 -1665 -704 2998
1753 -2125 -1028 -1804 -127 1779 131 1526
3029 -683 -3224 -2072 2846 748 -2343 996
-98 -1929 771 1256 -137 1084 -850 2493
3913 -3011 4171 3369 3785 2113 7 -528
1414 -384 2126 744 829 -1566 -1225 2558
2420 -2767 -1949 -3047 942 2405 415 2591
2607 -44 -2301 -2171 2306 -524 -1603 457
40 -2867 1281 2314 96 2375 -1468 2660
4290 -2180 3408 3804 3837 532 1065 234
1042 -876 1578 -75 -288 -527 -957 1759
3328 -2969 -1556 -4016 2613 2816 177 3347
2057 270 -1340 -1757 1756 -967 -427 209
715 -3547 1125 3408 1421 2706 -2099 2167
4276 -1628 2635 3838 3143 -1488 1540 994
781 -1821 1169 -1219 -963 899 -282 929
4065 -2207 -561 -4278 3449 2048 -672 3709
1411 -133 -949 -820 573 -477 560 680
1535 -3886 410 4066 2989 2740 -2242 1182
3812 -921 1662 3166 2290 -1989 1599 1921
1194 -2767 1662 -2134 -165 2272 937 694
4453 -1515 507 -3952 4099 325 -1391 3169
851 -741 -811 212 -20 497 1245 1561
2512 -3728 -710 4244 3755 1637 -1681 9
3005 -941 1301 2127 498 -1579 852 2336
2009 -3480 2674 -2605 1625 3571 2155 846
4074 -729 1327 -3085 3727 -1026 -1766 2230
806 -1840 -1422 1118 627 1540 1289 2573
3100 -2975 -1822 3654 4125 -206 -503 -670
2444 -1487 1696 1294 -1085 -545 69 1901
3046 -3526 4104 -2188 3327 3330 3127 1870
3516 -180 1677 -2063 2279 -1678 -1431 1085
1314 -2697 -2730 1105 1456 2598 539 3042
3270 -2125 -2545 2588 3658 -1367 702 -602
2059 -2504 2732 800 -816 1404 -347 798
4095 -3133 5275 -1840 5200 1564 3127 2832
2670 -208 1213 -2116 822 -1735 -401 208
2273 -3218 -4043 2575 2485 2515 -519 2790
2801 -1459 -2404 2992 1933 -1948 1832 -16
2260 -3651 4084 -1024 524 3319 -186 -321
4573 -2233 5880 -3353 5467 -185 2456 3685
2107 -835 154 -1275 168 -775 832 34
3276 -3046 -4918 1815 3760 1640 -1188 1671
1803 -1193 -1565 1801 320 -1709 1972 894
3060 -4584 5425 -708 2551 3668 682 -1602
4598 -1307 5678 -2151 4224 -2119 1439 3761
1849 -2044 -1262 -1063 -209 1258 1818 683
4080 -2253 -4937 598 4377 620 -1240 222
801 -1791 -19 1126 -291 -30 1455 1860
4215 -4891 6238 252 5075 2849 2203 -1967
4026 -884 4929 -1288 2328 -3542 343 2978
2483 -2913 -2095 -1868 624 2482 2217 1560
3996 -1201 -4224 -642 3622 -968 -494 -986
205 -2810 1298 1153 99 1710 405 1942
5145 -4480 6099 1628 6119 871 3521 -1515
3077 -842 3562 -856 285 -2916 93 1777
3327 -3603 -2345 -3089 2502 3091 1625 2440
3569 -94 -2892 -1709 2807 -1799 798 -1677
264 -3962 2089 2141 1465 2589 -890 1278
5708 -3741 5300 2826 5641 -1813 4148 -627
2338 -1605 2531 -1507 -1329 -719 578 408
4736 -3459 -1585 -4736 4275 2784 399 2655
2483 299 -1305 -1765 1938 -1525 2138 -1424
815 -5121 2217 3601 3849 2559 -1594 -35
5686 -2774 4027 3440 3958 -3996 4045 495
2157 -2707 2296 -2725 -1153 1642 1552 -497
5610 -2431 -76 -5941 5176 1128 -1044 2186
1315 296 -279 -1216 1087 -887 2918 -467
1945 -5586 1332 5148 5156 1535 -1281 -1749
4755 -1982 3137 3196 1281 -3925 2736 1000
2733 -3954 -29 -4335 766 3754 2898 -279
5935 -1416 -2541 -6399 5609 -1039 -2128 820
385 -735 574 372 1048 34 2887 833
2908 -5302 3847 5985 5522 -819 -443 -2617
3755 -2123 3555 2003 -1073 -2424 1751 737
3890 -4911 513 -5771 3437 4455 3781 744
5661 8 -734 -5789 4824 -2405 -2254 -1013
242 -2033 645 1976 1856 975 1828 1716
3625 -4457 2579 5886 4526 -2737 823 -2862
2737 -2829 3039 386 -1765 329 652 -240
5258 -4928 1891 -6346 6056 2913 3868 2137
4670 763 565 -4450 2861 -3533 -1483 -2357
803 -3108 -155 2894 2520 1215 298 1610
3632 -3273 1088 4932 2630 -3225 2112 -2139
2313 -4134 3646 -921 -370 3204 416 -1881
6508 -4253 3790 -5940 7672 230 2798 3354
3501 794 961 -2965 991 -3368 -214 -2785
1791 -3516 -1699 2967 3584 594 -795 688
2799 -2312 377 3454 441 -2802 2041 -963
2406 -5659 4919 -1841 2485 4570 1078 -3075
7073 -3114 5378 -4755 7252 -3027 998 3966
2653 48 382 -1787 -238 -1755 1103 -2391
3006 -3309 -3290 2169 4180 -207 -1696 -665
1371 -1926 588 1657 -79 -934 1386 303
3247 -6990 6757 -1743 5890 3556 2429 -3797
7000 -1840 5978 -3039 4757 -5465 -703 3000
2390 -1139 -1014 -1528 -651 211 1588 -1121
3807 -2151 -4240 405 3948 -840 -1039 -2116
-6 -2562 1967 770 406 1348 -207 830
4723 -7302 8467 -360 8073 881 3894 -3243
6335 -980 5697 -1863 1442 -6092 -1481 2022
3041 -2332 -2678 -2451 826 1846 1051 311
3822 -728 -4141 -1202 3365 -1733 212 -3053
-853 -3861 3846 526 2174 2518 -1913 484
5992 -7011 9504 -4600 8136 -3008 4818 -2002
5133 -882 4432 -4345 -1629 -4184 -1588 595
4309 -3028 -3974 -1819 2924 2910 -439 972
3068 576 -3086 -335 3062 -1878 1829 -2701
-886 -5438 5685 -1239 4647 2223 -2954 -1057
6627 -5929 9268 -2910 5662 -6120 4473 -342
4201 -1620 2817 -3923 -2992 -996 -649 -585
5701 -2651 -4027 -3577 5060 2344 -2293 909
1735 1379 -1281 -1712 2659 -1493 2805 -1425
-202 -6744 6835 -229 6438 438 -3132 -2725
6511 -4761 8113 -1494 2078 -6870 3436 783
3799 -3129 1356 -4618 -1594 2473 793 -449
6789 -1557 -3126 -5536 6612 260 -3517 -572
116 1178 774 -1976 2515 -1334 2971 406
1045 -7210 6774 1439 6458 -2400 -2292 -4047
5618 -3788 6413 -871 -1534 -5170 1866 1136
4381 -4558 1084 -6246 1556 4715 1664 541
7167 80 -1202 -7032 6794 -2059 -3710 -2419
-914 122 1995 -1067 2725 -1183 1825 1820
2029 -6732 5666 2978 4930 -4603 -719 -4179
4097 -3528 4773 -1222 -3261 -1796 387 350
5809 -5662 1832 -8459 5679 4506 2005 2404
6761 1515 658 -7504 5424 -4358 -3035 -3925
-1164 -1304 2166 573 2791 -1225 284 2374
2876 -5586 3956 3919 2526 -5093 583 -3475
2961 -4532 4284 -2870 -2223 2028 29 -1152
7390 -5709 3556 -10068 8712 1690 927 3947
5565 2546 2343 -6815 3171 -5635 -1349 -4646
-544 -2445 1265 2269 2754 -1447 -1442 1698
2735 -3988 2193 3579 40 -4099 1186 -1938
2237 -5904 4832 -4903 1303 4596 659 -2658
8753 -4838 5617 -10767 9461 -2427 -896 4729
4116 2505 2662 -5179 704 -5186 249 -4107
577 -3078 -299 3333 2771 -1648 -2192 483
1694 -3019 2344 2156 -1087 -1874 780 -185
2362 -7588 2132 -6696 5511 4312 2230 -3262
9281 -3471 1148 -10088 7278 -6368 -2793 4288
2897 1671 167 -3274 -1057 -3201 1226 -2720
1788 -2537 9 3150 2535 -1542 -1900 -922
153 -2414 1445 202 -196 454 -840 815
3327 -8714 3516 -7561 8719 1505 4075 -2816
8991 -1951 2727 -8574 3412 -8674 -4143 2846
2596 335 -634 -2056 -1298 -777 1177 -1189
2861 -1337 -1873 1994 2506 -1421 -670 -1928
-1464 -3065 1704 -1925 1942 1944 -2531 588
4663 -9188 5422 -7421 9369 -2950 5045 -1204
8004 -840 3427 -6689 -707 -7933 -4295 1221
3160 -1149 -2484 -1636 408 1523 -60 365
2814 354 -3080 3 2905 -1473 1221 -1968
-2507 -4240 3007 -3087 4692 1459 -3951 -571
6033 -8619 7181 -5983 7053 -7175 5180 679
6532 -833 2707 -5117 -3597 -4499 -3375 -115
4474 -1834 -4331 -2702 2871 2408 -1775 315
1924 1854 -3044 -2161 3349 -1498 2681 -585
-2512 -5729 4838 -2978 6509 -536 -4145 -2459
6621 -7274 7944 -4051 2928 -9155 4249 2421
5278 -1735 1008 -4616 -3741 -12 -1791 -319
5997 -1637 -5709 -4517 5485 1231 -3224 -783
492 2505 -1910 -3396 3403 -2077 2831 1340
-1788 -7177 6829 -1930 6518 -3592 -3270 -4042
6501 -5735 7523 -2387 -1289 -7995 2376 3125
4761 -3136 -857 -5159 -1128 3564 -121 436
7187 -377 -5993 -6634 7157 -1144 -3656 -2504
-1168 2336 56 -3649 3440 -2851 2197 3212
-328 -7525 7749 20 4709 -5882 -1496 -4589
5376 -4500 6036 -1405 -3844 -4550 689 2693
5138 -4719 -2597 -6820 3192 4499 414 2204
7560 1321 -4912 -8106 6823 -4055 -2894 -4224
-2335 1239 2043 -3958 2939 -3481 354 4139
1015 -7173 7630 -3030 1976 -6876 284 -4206
3801 -4274 3976 -4449 -3679 -130 -107 1189
6262 -5560 -2980 -6973 7144 2527 -258 3902
6839 2826 -2917 -6426 4723 -6299 -1114 -5061
-2613 -229 3247 -2726 1903 -3776 -1351 3668
1811 -5747 6187 -1184 -550 -5660 1527 -2511
2212 -4991 2033 -4957 -722 3460 206 -563
7861 -5552 -2179 -9089 9356 -1297 -1874 4697
5483 3774 -790 -6906 1787 -7097 934 -4747
-2103 -1597 3459 -1083 1081 -3631 -2475 2330
1620 -4102 4126 -195 -1832 -3215 1297 -551
1443 -6462 1298 -6441 3441 4024 1787 -1499
9153 -4861 -626 -10663 8614 -5815 -3749 4607
3902 3908 766 -6127 -1098 -6171 2402 -3218
-504 -2335 2246 1009 829 -2726 -2444 411
730 -2769 2276 -346 -1236 -537 198 610
1589 -7963 1604 -8371 7235 1762 3611 -1275
9607 -3010 1607 -11183 4997 -8886 -5272 3026
2526 2832 1196 -4322 -2403 -3750 2622 -1363
836 -1707 342 1971 838 -1833 -1351 -865
-979 -2040 982 -1725 1007 1072 -1567 848
2466 -9072 2952 -10110 9004 -2418 5077 -79
9141 -1427 3243 -10359 353 -9500 -5551 1208
2224 1313 293 -2268 -1904 -986 1696 235
1816 -549 -1599 1987 1601 -1351 519 -1069
-2506 -2522 1088 -3787 3625 917 -3123 -333
4032 -9367 4977 -10875 7630 -6691 5380 1856
7887 -351 3743 -8695 -3613 -7142 -4687 -508
2611 -202 -1475 -767 6 1023 85 718
1947 1172 -2852 756 2607 -1541 2110 -161
-3518 -3730 2406 -5651 5572 -1041 -3515 -2074
5342 -8568 6662 -10327 3819 -9212 4489 3622
6206 -198 3145 -6505 -4919 -3200 -3005 -1390
3808 -981 -3251 -524 2658 1356 -1400 -1
1113 2653 -3720 -1258 3301 -2384 2702 1567
-3649 -5284 151 -6759 5949 -3806 -2845 -3664
5949 -6969 2147 -8590 -728 -8942 2976 4531
4602 -1185 -1400 -4574 -3335 684 -1190 -774
5107 -758 -5467 -1327 4859 -310 -2303 -1405
-377 3392 -3795 -3386 3557 -3488 2190 3390
-2878 -6463 2002 -6521 4330 -6216 -1051 -4519
5611 -5118 2854 -6380 -3926 -6120 970 4125
3908 -2459 -2901 -3879 -74 2967 -335 639
6420 181 -6942 -3121 5712 -2736 -1410 -3286
-1933 3043 -2541 -4503 2923 -4479 473 4420
-1310 -6868 3722 -5167 1707 -7104 913 -4292
4530 -3842 2500 -4470 -4677 -2457 -359 2854
4152 -4069 -4905 -4358 3931 2446 -335 2187
6516 1872 -7058 -5124 4861 -5430 -25 -4208
-3007 1896 -640 -4642 1702 -5000 -1255 4268
186 -6168 4721 -3160 -925 -6119 2182 -2883
2752 -3342 896 -3385 -2599 905 -431 905
5096 -5036 -6364 -5835 6455 -261 -1508 3343
5935 3371 -5988 -6522 2716 -7135 2005 -4218
-3288 481 1240 -3650 341 -4903 -2725 2956
1035 -4797 4469 -1237 -2393 -4116 2449 -965
1183 -3891 -1206 -3695 838 2427 695 -309
6505 -5008 -6795 -7642 6832 -4108 -3334 3374
4517 4107 -4044 -6637 73 -6964 3391 -2867
-2413 -1088 2452 -1626 -425 -3824 -2824 1188
1014 -3062 2941 -128 -2132 -1869 1578 580
407 -5108 -2841 -4906 4030 1235 2134 -496
7558 -4025 -5908 -8923 4732 -7307 -4497 2122
2742 3950 -1865 -5603 -1954 -5311 3825 -900
-1159 -1665 2526 156 -527 -2695 -1981 -475
-1 -1668 870 -320 -537 -185 -39 1094
434 -6290 -3586 -6555 5842 -1529 3766 361
7908 -2509 -4102 -8077 1335 -8684 -5012 250
1540 2926 -450 -3576 -2611 -3081 3081 654
402 -1437 1395 587 -93 -1892 -406 -1052
-1383 -1078 -973 -941 1627 67 -1556 214
1313 -7187 -3070 -6047 5443 -4677 4248 2146
7296 -736 -1849 -7187 -1875 -7656 -4299 -1577
968 1390 -13 -1822 -1700 -1027 1653 1567
1436 -341 -413 1790 823 -1692 1232 -728
-2773 -1480 -1901 -2163 3350 -1148 -2288 -1173
2622 -7390 -1661 -7597 3116 -7426 3847 3643
5844 191 -368 -6189 -3895 -4782 -2539 -2397
1305 50 -737 92 32 22 16 1080
1610 1331 -2323 1870 1726 -1951 2075 720
-3565 -2466 -1825 -3809 3776 -3138 -1755 -2947
4027 -6467 340 -8179 54 -7960 2196 4641
4085 376 282 -4451 -3727 -1769 -757 -2233
2369 -840 -2281 1512 1958 -511 -995 -94
928 2618 -3528 807 2082 -2944 1935 2335
-3452 -3687 -628 -5303 2625 -4900 -295 -3771
4530 -4947 1826 -7455 -2634 -6441 391 4387
2635 -283 -178 -2363 -1859 447 638 -1158
3637 -808 -3957 1808 3173 -1945 -868 -1677
-399 3286 -3543 -1010 1745 -4038 827 3424
-2686 -4726 1032 -6166 724 -6086 1395 -3656
4282 -3242 2760 -5733 -3720 -3845 -1027 3010
1839 -1572 -1602 -697 782 869 760 416
4674 -39 -5136 1115 2985 -3686 325 -2774
-1793 2916 -2346 -2670 657 -4429 -910 3420
-1211 -4934 2652 -5637 -899 -5518 2901 -2547
3161 -1850 2277 -3607 -3044 -1293 -1226 1339
1967 -2804 -3270 -55 2974 -411 -91 1704
4900 1385 -5251 -634 1849 -5200 2153 -3071
-2746 1812 -610 -3789 -430 -4369 -2163 2376
155 -4441 3574 -4362 -2016 -4236 3408 -830
1550 -1368 658 -1685 -1133 245 -649 -153
2712 -3649 -4946 -440 3775 -2651 -1447 1869
4277 2700 -5750 -2444 211 -5614 3522 -2068
-2937 341 -1125 -3755 -1148 -3918 -2507 750
927 -3130 1820 -2481 -2338 -2543 2589 513
150 -1590 -1297 -631 1032 -81 1010 -1028
3761 -3518 -5973 -1688 2837 -4570 -2721 1086
2836 3259 -4656 -3526 -1570 -4989 4002 -587
-2264 -812 626 -2721 -1347 -3041 -2055 -955
1117 -1656 1861 -612 -1472 -1365 1309 1207
-587 -2532 -2904 -822 2418 -1431 2412 -662
4845 -2816 -6340 -3434 958 -6085 -3429 -466
1351 3112 -2989 -3648 -2425 -3606 3541 770
-1088 -1454 1718 -1128 -1221 -2230 -618 -1900
327 -387 581 358 -176 -965 -256 833
-585 -3699 -4282 -1932 2787 -3043 3085 726
4927 -1426 -5314 -4382 -1212 -5788 -2923 -2163
342 2099 -1034 -2730 -2008 -2183 2047 1713
441 -1223 1757 759 -500 -1876 1028 -1699
-973 219 -1101 349 894 -1565 -1292 -468
422 -4402 -4755 -3429 1540 -4512 2845 2102
4416 -94 -3674 -4763 -2657 -4465 -1420 -3131
-254 937 299 -1308 -1341 -1186 614 1540
1223 -384 937 1660 -73 -1873 1857 -766
-2068 -209 -2474 -632 1395 -2428 -1089 -1978
1461 -4312 -4080 -4420 -201 -5113 1690 2821
3109 792 -1767 -3913 -2962 -2836 183 -3202
119 -498 780 466 -429 -1160 -620 485
1471 914 -648 1765 249 -2315 1984 564
-2631 -1078 -3041 -2006 1020 -3214 -159 -3014
2582 -3627 -2696 -5057 -1696 -4733 83 2922
1560 1004 -231 -2427 -2207 -1303 1410 -2293
1082 -1277 58 1736 437 -1714 -1002 -1016
986 2081 -2146 1045 133 -2916 1080 1519
-2762 -2195 -2983 -2890 -4 -3926 1239 -3230
3026 -2436 -994 -3725 -2625 -3469 -1163 1661
438 221 218 -968 -1117 -484 1781 -961
2074 -1199 -1196 2612 791 -2543 -238 -2346
-145 2417 -2899 1376 -60 -3130 -336 1725
-1827 -2867 -1638 -2641 -879 -3924 2394 -2491
2929 -1014 454 -3330 -2580 -2220 -1839 259
-272 -667 31 545 -65 -880 1212 300
2901 -538 -2566 2757 132 -3296 937 -2795
-1346 2227 -2865 -113 -636 -3003 -1479 1076
-638 -3243 -133 -3348 -1695 -3210 2795 -1148
1936 -3 1187 -1905 -1692 -1151 -1400 -1262
-183 -1876 -1249 1792 691 -1733 -100 614
3166 601 -3450 1926 -437 -3587 2049 -2102
-2005 1218 -1850 -1565 -1221 -2987 -2278 -457
597 -2725 1326 -3089 -1917 -2618 2372 71
771 603 1127 -383 -1086 -845 -451 -2003
656 -2561 -2577 2161 660 -2632 -1513 234
2806 1409 -3572 696 -1161 -3199 2519 -1235
-2144 97 -465 -2467 -1263 -2557 -2038 -1690
1320 -1893 2188 -2081 -1644 -2063 1080 766
-397 167 -53 961 -168 -1205 826 -1888
1561 -2621 -3490 1773 -172 -3479 -2438 -848
1734 2057 -2879 -794 -1841 -2685 2317 -53
-1518 -1042 1103 -2469 -1247 -2107 -1068 -2568
1390 -696 2015 -590 -1276 -1543 -561 640
-837 -550 -1242 1425 245 -1788 1482 -1070
2208 -1941 -3586 579 -968 -3494 -2372 -2004
507 1795 -1357 -1758 -1821 -2098 1105 774
-545 -1502 1936 -1528 -1247 -1915 92 -2454
652 254 986 740 -930 -1204 -1445 -254
-704 -1580 -2290 1202 -15 -2294 1303 42
2530 -909 -3015 -832 -1687 -2894 -1540 -2966
-201 1142 -146 -1824 -1418 -1262 -210 811
503 -1115 2082 -146 -861 -1930 931 -1688
-211 657 594 1502 -660 -1703 -1825 -1322
-40 -2089 -2808 295 -713 -2934 402 1126
2108 44 -2963 -1699 -2148 -2121 -531 -3114
-581 223 372 -1327 -1175 -1107 -1542 313
1309 -441 1960 1135 -987 -1777 1139 -523
-1164 368 -675 1423 -434 -1911 -1297 -2326
905 -2186 -3211 -904 -1244 -2759 -662 1313
1327 747 -1827 -2130 -2049 -1491 370 -2311
-239 -777 1344 -97 -772 -1431 -1879 -870
1449 520 1223 1827 -1102 -1863 223 442
-1685 -445 -1739 479 -706 -1975 -389 -2548
1697 -1562 -2773 -1983 -1711 -2296 -2034 886
315 906 -551 -1743 -1454 -694 591 -1234
416 -1324 1470 1032 -511 -1565 -1624 -1772
957 1377 135 1929 -1035 -2136 -847 1115
-1707 -1349 -2333 -633 -1090 -2313 384 -2069
2210 -853 -1825 -2341 -2047 -1874 -2557 -264
-564 380 496 -592 -1024 -703 170 35
1377 -1334 1042 2027 -953 -1943 -968 -2299
23 1623 -1029 986 -936 -1650 -1916 576
-1015 -2045 -1970 -1652 -1181 -1907 673 -886
2210 221 -519 -2140 -1805 -1390 -2532 -1177
-1078 -518 901 621 -531 -1252 -828 576
2061 -728 -55 2089 -1131 -2210 57 -1867
-828 1463 -1678 -64 -1406 -1593 -2678 -14
-308 -2317 -1291 -2169 -1687 -1629 471 92
1465 754 314 -1142 -1276 -512 -1835 -1502
-837 -1382 387 1406 -339 -1326 -1884 542
2352 20 -1090 1450 -1232 -2012 368 -945
-1335 908 -1502 -1016 -1269 -1447 -2596 -729
564 -2107 -185 -2049 -1821 -1645 -363 1035
622 859 614 -115 -1061 -578 -1031 -1455
-125 -1995 -569 1705 -758 -1768 -2616 150
2083 814 -1779 599 -1789 -1442 440 221
-1428 -76 -862 -838 -1145 -1115 -2166 -1368
1224 -1596 801 -1951 -1570 -984 -1316 1177
72 514 183 154 -393 -808 -549 -558
706 -2136 -1635 2227 -1119 -2333 -2978 -605
1524 1136 -1971 1041 -2044 -1151 -157 1201
-1001 -634 111 -1341 -1426 -1176 -1328 -1273
1155 -676 1259 -1090 -1238 -589 -2086 865
-226 -222 -594 966 -187 -1026 -323 538
1378 -1694 -2540 1702 -1407 -2221 -2297 -1311
812 1215 -1498 -11 -1506 -802 -1117 1622
-406 -948 992 -1289 -1319 -1079 -685 -684
668 -256 1020 -167 -1109 -779 -2383 245
-113 -968 -1524 1282 -637 -1577 -731 1383
1856 -1073 -2847 1042 -2258 -1477 -1556 -1317
353 790 -684 -503 -1197 -83 -1858 1581
333 -819 1525 -764 -963 -772 -288 295
3 -24 341 566 -493 -829 -1940 -207
377 -1527 -2413 1054 -904 -2267 -1586 1984
1547 -569 -2423 180 -2231 -703 -772 -791
284 123 138 -518 -1025 -349 -2196 1044
825 -293 1477 120 -982 -839 -546 1299
-679 -507 -589 860 -491 -761 -1128 -309
988 -1861 -2939 511 -1714 -2074 -2504 2051
1353 -182 -2066 -358 -1827 155 -309 -123
527 -391 621 -119 -311 -498 -1839 606
913 435 965 1024 -1100 -1183 -1172 1975
-1207 -1145 -1521 846 -860 -1495 -286 59
1755 -1697 -2920 -393 -2609 -1307 -2678 1690
727 -188 -1306 -520 -1247 926 -250 870
1345 -815 642 951 -40 -909 -1139 356
553 986 82 1473 -823 -931 -1854 1951
-1165 -2003 -1886 91 -868 -1840 271 963
2121 -1265 -2410 -1101 -2521 -512 -2685 1216
502 -599 -985 -159 -456 514 -557 1417
1887 -745 1532 1683 -681 -1632 -192 605
-95 1230 -204 1405 -1177 -753 -2227 1590
-886 -2481 -2527 -666 -1746 -1355 536 1679
2048 -773 -2323 -1285 -1816 710 -2051 963
385 -1230 -120 673 721 -124 -1098 1557
2468 -261 779 2190 -1097 -1968 468 1338
-754 1158 -1016 1047 -1320 -1069 -2000 1163
-425 -2758 -2614 -1266 -2424 -836 392 2513
1728 -645 -1800 -1063 -1070 1470 -1249 1013
667 -1868 -115 1398 915 -988 -1225 1210
2826 295 110 2432 -1585 -1380 645 2209
-1131 773 -1290 223 -1200 -695 -1461 721
0 -2781 -2182 -1709 -1917 -229 81 2728
1323 -662 -1415 -513 82 913 -703 1339
1334 -2325 -635 2075 -69 -2597 -1143 609
2689 775 -496 2210 -2488 -712 684 2902
-1153 287 -1305 -312 -1490 -46 -732 601
294 -2354 -1651 -1597 -1335 868 -56 2579
985 -1074 -1476 80 1272 238 -330 1922
1985 -2452 -1211 2356 -1280 -2892 -699 258
2397 1167 -1154 1753 -2460 -110 464 3426
-902 -97 -966 -537 -1211 -94 83 876
403 -2068 -1213 -1244 -945 1078 -129 2307
842 -1708 -1894 626 1191 -1366 -391 2671
2566 -2399 -1988 2251 -2668 -1960 193 -42
2175 1182 -1157 1338 -1720 1201 231 3248
-628 -218 -493 -515 -452 -20 506 1357
-25 -1929 -1292 -725 383 631 351 1977
979 -2379 -2701 822 49 -3013 -693 2790
3008 -2096 -2642 1931 -3875 -762 1036 -38
1957 1041 -937 1039 -906 1729 227 2887
-88 -75 42 -152 -348 190 660 1673
-690 -2113 -1682 -295 1271 -111 1162 1713
1430 -3022 -3539 823 -1581 -3205 -951 2652
3157 -1764 -2964 2692 -3512 1036 1902 189
2058 663 -505 1777 553 1007 530 2434
132 366 277 41 -155 -352 455 1905
-1069 -2316 -2178 792 532 -1558 2003 1739
1941 -3200 -4151 2833 -3313 -2069 -1189 2172
3117 -1518 -2892 3480 -1872 3042 2172 543
2393 245 57 1911 1573 -24 1158 2093
144 735 211 445 -45 -866 370 1770
-1317 -2780 -2790 992 -459 -2514 2600 2028
2436 -3331 -4595 2626 -4435 -501 -1153 1383
2987 -1807 -2611 3459 123 3329 2353 656
2866 171 244 2426 1206 -1173 1837 2205
-107 1063 -157 995 -478 -807 344 1222
-1188 -3348 -3372 855 -1641 -2080 3020 2311
2660 -3349 -4750 2475 -3530 2006 -704 989
2979 -1975 -2432 3638 2498 1849 2238 464
3429 255 184 3000 41 -2584 2332 2143
-473 1131 -662 1218 -1416 -996 539 572
-1212 -3836 -3770 627 -3119 -1243 2971 2594
2810 -3243 -4650 2285 -1582 3965 -137 534
2983 -2714 -2175 4148 3317 -248 2318 -83
3857 519 -100 3563 -1093 -2893 2602 2437
-781 934 -968 1094 -1407 -474 871 -91
-909 -4098 -3801 260 -3493 130 2802 2584
2709 -3311 -4596 2285 941 3701 184 259
3421 -3023 -2400 4731 2328 -2676 2591 -690
4240 826 -444 4107 -3033 -1563 2649 2656
-1065 928 -1346 1023 -1436 473 1476 -536
-727 -4076 -3740 -41 -2216 2116 2522 2249
2543 -3285 -4426 2445 3549 1820 516 262
3798 -3431 -2652 5369 95 -4839 2840 -1094
4155 1207 -916 4186 -3831 -136 2301 2706
-1093 704 -1324 802 -1495 826 1846 -801
-530 -4124 -3611 -236 -760 3112 2588 1844
2249 -3812 -3203 3038 4094 -584 261 58
4346 -3625 174 5867 -2617 -4484 3244 -1854
4104 1380 889 4288 -2830 2223 2031 2393
-1041 361 -870 443 -777 950 2144 -1194
-612 -4050 -2923 -137 1198 2200 2438 1389
2212 -4261 -2445 3535 2228 -3607 109 -105
4903 -3669 -223 6296 -5304 -2069 3833 -2042
4024 1344 886 4123 -1030 3649 1845 1857
-794 354 -678 372 486 1121 2217 -1169
-909 -3877 -2711 196 2846 796 2709 933
2328 -4795 -2686 4058 -246 -5517 -266 -504
5256 -3556 -628 6368 -5657 980 4078 -2101
4029 1319 904 4121 780 3032 1863 1383
-644 404 -422 383 656 393 1987 -1321
-1048 -4051 -2823 479 2431 -905 2962 833
2606 -5255 -3052 4328 -3513 -4575 -689 -1119
5450 -3583 -708 6469 -3537 4730 4413 -2180
4221 1043 1221 4085 2988 1424 1742 1015
-561 581 -262 527 866 -806 1713 -1619
-1380 -4180 -3001 762 940 -3089 2931 657
2751 -5388 -3496 4305 -6003 -1611 -933 -1780
5503 -3574 -849 6483 -472 6191 4346 -2118
4405 876 1381 4218 3520 -536 1578 486
-304 802 145 824 215 -1052 1370 -1958
-1525 -4435 -3272 831 -824 -3730 2943 591
3105 -5509 -3903 4214 -5769 1833 -847 -2603
5341 -3507 -808 6340 2995 4516 3991 -2313
4672 832 1753 4414 1769 -3047 1741 362
-462 947 96 1081 -1054 -1061 1188 -2714
-1579 -4837 -3629 893 -3271 -2293 2752 613
3247 -5672 -4131 4160 -3162 5577 -1051 -3116
5423 -3906 -490 6620 5763 1525 3970 -2581
5102 730 2122 4873 -463 -4332 1520 505
-632 934 -191 1145 -1478 -1024 1177 -3116
-1404 -5147 -4114 2323 -4651 -356 2057 610
3461 -5479 -4241 7247 202 6377 -1032 -3412
5550 -4172 -271 7077 5575 -2204 3753 -2697
5233 872 2063 3222 -3069 -2962 999 345
-919 1065 -418 1149 -1573 -8 998 -3484
-1328 -5370 -4339 3501 -3422 1885 1359 321
3433 -5524 -4169 7164 3939 4474 -1237 -3744
5701 -4408 -63 7251 2187 -5762 3401 -3121
5585 1114 2169 3702 -4965 -802 433 429
-892 799 -525 988 -1622 1098 1110 -3586
-1007 -5375 -4336 3224 -1476 4079 964 199
3310 -5666 -4071 7248 6289 1169 -1491 -3757
5940 -4649 -16 7626 -1617 -6518 3513 -3209
5491 1194 1940 3809 -4220 1624 -156 346
-950 616 -697 808 -928 1311 887 -3657
-898 -5377 -4331 3078 641 3869 455 -93
3231 -5932 -3964 7476 5333 -3088 -1679 -3873
6384 -4745 -39 8075 -5814 -3969 3368 -3304
5558 1357 1836 3873 -2203 4210 -794 77
-808 356 -726 636 420 1184 735 -3528
-920 -5183 -4126 3015 3190 2376 2 -248
3066 -6128 -3782 7653 1672 -6324 -2275 -3894
6644 -4657 -306 8285 -7507 -354 3360 -3122
5436 1246 1755 3810 398 4814 -1161 -104
-632 275 -535 296 874 934 494 -3460
-959 -5318 -4111 2997 4107 395 -120 -369
3279 -6426 -4090 8103 -2314 -6299 -2626 -4329
6829 -4662 -461 8596 -5771 3870 3168 -2804
5396 1050 1899 3541 3384 2721 -1413 -144
-451 192 -354 142 556 -233 -27 -3101
-1073 -5224 -4087 3178 2707 -2559 -527 -114
3328 -6807 -4289 8459 -6374 -3524 -2974 -4575
6955 -4586 -660 8625 -2207 7180 2799 -2253
5320 894 1999 3344 4434 16 -1817 -325
-176 204 765 42 553 -696 -511 -3063
-1358 -5407 -2062 3412 436 -4283 -721 150
3515 -6798 157 8545 -7509 195 -3215 -4844
6830 -4578 4120 8419 2201 6870 2325 -2046
5410 625 4525 3124 2959 -2602 -1987 -322
-24 368 800 167 -60 -715 -859 -3211
-1257 -5510 -2208 3508 -1983 -3417 -1251 407
3933 -6956 -162 8632 -5492 4588 -3185 -5055
6536 -4642 4133 8086 5999 3444 1888 -1597
5702 413 4921 3086 516 -4766 -2183 -28
-110 454 975 287 -1299 -738 -1258 -3102
-1412 -5697 -2365 3724 -4512 -1604 -1750 683
4000 -6844 -425 8522 -1787 7432 -2943 -4715
6544 -4750 4246 8098 6755 -827 1327 -1417
5858 418 5161 3136 -2134 -3918 -2516 321
-168 474 944 388 -1292 -55 -1120 -2955
-1166 -5931 -2750 3609 -4710 617 -2336 969
4129 -6575 -614 8207 2716 6566 -3006 -4610
6508 -5112 4532 7975 4142 -5074 1340 -1214
6012 368 5422 3265 -4658 -1538 -2928 723
-436 400 707 549 -1185 1023 -998 -2875
-868 -6116 -3016 3450 -3079 3531 -2720 1089
3765 -6347 -546 7931 6183 3169 -2922 -4016
6510 -5351 4848 8046 115 -7365 1248 -993
6103 538 5434 3477 -4997 1257 -3327 936
-471 207 372 468 -1011 1021 -897 -2292
-567 -6106 -3306 3012 -1034 4759 -3222 895
3622 -6279 -479 7743 6374 -803 -2874 -3394
6545 -5543 5116 8217 -4377 -5644 1354 -878
6020 575 5347 3505 -2714 4132 -3604 1102
-470 -115 131 285 -191 1005 -758 -1797
-323 -5913 -3443 2699 1811 3750 -3324 972
3311 -6384 -90 7706 3570 -5017 -3252 -3148
6718 -5465 5050 8415 -7278 -1863 1522 -35
5909 709 5130 2496 15 5191 -4036 1198
-344 -532 -164 312 189 832 -1132 -1036
-113 -5587 -3200 4603 3669 1970 -3272 956
3063 -6464 180 7483 -233 -6894 -3258 -2838
6833 -5416 5015 4919 -6850 2663 1366 490
5588 565 4787 379 2405 3506 -4016 909
-7 -739 -241 -94 -126 388 -1122 -460
-58 -5229 -2975 4363 3262 -230 -3070 1162
3182 -6599 195 7629 -4284 -5165 -3366 -2838
6938 -5206 4781 5193 -3615 6571 1481 1196
5278 287 4522 127 4179 896 -3767 1053
289 -826 -69 -510 -96 -181 -1540 -163
-193 -5088 -2600 4205 1694 -2708 -2719 1639
3305 -6753 94 7879 -7062 -1666 -3202 -2811
6847 -4942 4390 5216 390 7258 1195 2038
4998 -23 4349 -285 3313 -1477 -3377 1264
723 -805 100 -881 -401 344 -1683 88
-402 -5077 -2607 4416 -103 -3814 -2698 2094
3484 -6708 -56 8109 -6436 2801 -2658 -2778
6433 -4578 3976 4965 4247 4821 861 2582
4993 -456 4464 -827 658 -3492 -2809 1674
893 -536 596 -1063 -1013 687 -1697 -28
-543 -5105 -2480 4594 -2824 -2682 -2797 2617
3754 -6481 -598 8180 -3435 6340 -1957 -2573
6088 -4494 3828 4534 6285 1243 466 2574
5013 -849 4652 -1288 -1792 -3425 -2542 2158
917 -305 762 -963 -665 531 -1333 -15
-429 -5315 -2818 4722 -4186 -1001 -2889 2580
3984 -6202 -1010 8049 222 6818 -1288 -2238
5629 -4550 3867 4062 5011 -2575 449 2508
5406 -1116 5156 -1604 -4147 -1072 -2515 2672
697 -219 769 -695 -194 757 -810 212
-356 -5634 -3264 5023 -3749 1759 -3168 2555
4197 -5475 -1551 7610 3579 4904 -425 -1367
5286 -4753 3970 3518 1380 -5369 519 2257
5681 -969 4876 -1418 -4610 1439 -2609 2996
422 -516 -73 -387 -352 684 -318 584
177 -5720 -1169 4803 -2474 3757 -3127 2168
3798 -5167 2880 6836 5727 1734 -347 -720
5044 -4959 6747 3110 -2385 -4885 1055 2301
5741 -707 5130 -1105 -2745 3429 -2868 2879
275 -758 -272 -172 -324 215 252 1039
733 -5575 -1828 4313 -720 4138 -2983 1686
3489 -4878 2765 6277 4595 -1798 -194 -81
5184 -5254 7184 3140 -5675 -2033 1717 2524
5430 -377 5033 -615 -371 4622 -2927 2541
73 -1164 -897 -81 -298 301 386 1699
1129 -5080 -2146 3685 1693 3385 -2269 1399
2826 -4797 3028 5791 1609 -4440 -411 99
5330 -5294 7511 3335 -6177 1415 2083 2893
4992 -300 4600 -316 1478 3771 -2449 1993
294 -1631 -1503 -459 -947 444 244 2053
1294 -4675 -2339 2968 2923 2180 -1455 1168
2389 -4939 3458 5520 -1929 -3989 -455 -75
5577 -5093 7469 3831 -4087 4592 2496 3417
4549 -186 4136 -187 3102 1580 -2139 1486
784 -2133 -2078 -1128 -1394 609 61 2243
1294 -4126 -2047 2435 2356 7 -724 1409
2273 -5262 3934 5804 -4921 -1962 -181 -596
5837 -4610 7106 4257 -918 6501 2344 3857
3870 -447 3304 -484 2699 -582 -1236 1120
1268 -2253 -2292 -1866 -1018 1665 -395 2072
1012 -3767 -1604 2213 1340 -1513 -227 1731
2572 -5475 4088 6277 -5525 925 322 -1035
5533 -4021 6428 4262 2235 5566 2039 4000
3330 -1170 2439 -1194 517 -2131 -346 1436
1797 -1963 -1991 -2398 -601 2226 -450 1241
480 -3695 -987 2539 -414 -1636 -161 2024
3069 -5420 3742 6686 -3932 3961 1132 -1317
4913 -3577 5457 871 4253 2603 1447 3780
3194 -1766 2077 -2915 -1595 -2065 254 1869
2048 -1547 -1379 -1711 -192 2093 -111 537
95 -3905 -550 3004 -2325 -1059 -377 2252
3367 -5151 3051 4615 -1509 5874 2050 -1129
4089 -3426 4645 461 3947 -387 995 2958
3422 -2123 2169 -3528 -2697 -181 463 2209
2034 -1108 -737 -1886 840 1792 547 178
93 -4283 -642 3566 -2873 103 -751 1805
3740 -4520 2185 4882 1310 5465 2721 -528
3244 -3341 4067 -67 1656 -2634 1106 2099
3902 -2293 2749 -4258 -3323 1915 -27 2640
1575 -719 -254 -1510 979 1320 1331 15
429 -4758 -1264 4300 -2844 2231 -1117 1077
3741 -3528 1181 4643 3376 3471 2914 84
2745 -3732 4096 -1045 -948 -3037 1690 1465
4455 -2124 3436 -4445 -2224 3481 -371 2423
893 -749 -214 -717 525 375 1931 330
984 -4793 -1960 4507 -1794 3663 -882 124
3250 -2791 680 3905 3531 1062 2527 685
2531 -4215 4503 -1709 -3084 -1236 2214 1131
4563 -1508 3952 -3960 -92 4280 -878 1816
381 -1206 -772 71 -100 -109 2123 1023
1941 -4650 -3047 4521 -319 4021 -341 -937
2456 -2407 746 2882 2074 -1274 1810 845
2755 -4652 5117 -2108 -4093 1261 2980 1167
4190 -831 3787 -3010 1416 3678 -975 674
132 -1858 -1569 674 -1047 485 1707 1477
2505 -4102 -3513 3778 1324 3670 617 -1297
1609 -2374 1225 1937 234 -2058 1198 231
3377 -4669 5699 -1803 -3220 3474 3166 1817
3722 -479 3504 -2158 2328 2029 -566 -370
307 -2686 -2682 914 -1846 1428 881 1560
2634 -3185 -3468 2677 1816 2663 1532 -1089
1121 -2740 2894 1460 -1828 -1273 884 -483
4046 -4179 5288 -918 -1137 5056 2846 2256
2736 -405 1298 -1356 2214 485 389 -954
1021 -3071 -3263 264 -1493 2223 38 1036
2359 -2358 -1689 1605 1852 1011 2095 -534
942 -3360 3991 1448 -3328 364 1068 -1480
4108 -3588 5303 -16 1038 4869 1942 2586
1721 -714 189 -965 551 -149 1248 -904
1885 -3062 -3919 -629 -667 3315 -530 44
1643 -1713 -1076 843 1230 49 1890 189
1313 -3797 4720 1970 -3044 2467 1821 -2081
4065 -2473 4912 995 2664 3396 715 2255
1091 -1493 -988 -1317 -927 -134 1892 -301
2713 -2580 -4120 -1779 95 3744 -578 -1009
632 -1723 -25 753 -131 -151 1197 655
2035 -3947 4973 2965 -1558 4242 2568 -1988
3285 -1806 3806 1223 3051 1577 -52 1084
1204 -2217 -1792 -2238 -1661 761 1645 653
2952 -1766 -3558 -2442 1149 3035 99 -1992
57 -2245 968 1401 -1348 196 107 497
2820 -3652 4568 3800 95 4543 3234 -1459
2338 -1330 2495 982 1916 206 -209 74
1675 -2787 -2018 -3253 -1782 2425 927 1128
2657 -855 -2384 -2664 1893 2368 920 -2363
-251 -2859 1623 2377 -1544 1519 -808 -232
3406 -2715 3455 4242 1619 3887 3253 -292
1161 -1599 1168 28 352 -497 231 -1134
2646 -2850 -1532 -4038 -1092 3547 -232 1191
1693 -227 -995 -1899 1317 1350 1834 -1706
146 -3689 1631 3525 -1429 2997 -1011 -1410
3266 -1875 2244 3864 2670 2756 2421 610
460 -2139 628 -1091 -815 192 1066 -1530
3529 -2291 -357 -4234 234 3965 -1316 573
572 -50 -3 -716 668 777 2086 -707
963 -3974 785 3642 -676 3737 -653 -2558
2589 -801 857 2487 2260 1363 1223 894
431 -3002 913 -2557 -1716 1528 1858 -1000
3651 -1526 701 -4278 1650 3809 -1899 -499
-296 -598 150 280 -13 1000 1501 380
1971 -3722 -437 4225 747 3847 252 -2976
1673 -366 265 1594 1570 216 15 542
946 -3695 1767 -3652 -1437 2921 2294 -67
3396 -424 1740 -3584 1909 2797 -1618 -1778
-833 -1431 -390 1582 -574 1651 464 858
2700 -2938 -1713 4016 1773 3413 1399 -2704
442 -521 423 200 144 290 -736 -541
2067 -3931 3177 -4079 -416 4142 1929 1258
2519 495 2211 -2290 2093 1817 -683 -2647
-462 -2403 -1609 2480 -625 2329 -908 666
2857 -1743 -2460 3078 2177 2446 1970 -1679
-416 -1230 1344 -1146 -944 1182 -721 -1752
3171 -3469 4295 -3490 805 4493 773 1854
1290 635 1655 -832 1670 1265 405 -2550
287 -2900 -2742 2570 -2 3071 -1801 -332
2309 -766 -2375 1595 2088 1564 1819 -232
-623 -2295 2643 -1832 -1042 2294 -98 -2559
3490 -2466 4505 -2300 2052 3792 -683 1911
255 274 449 360 788 895 1393 -1660
1446 -2761 -3543 1657 682 3344 -2000 -1563
1121 0 -1298 -140 1186 1366 871 780
-59 -3208 3950 -1665 -323 3601 1172 -2676
3509 -1201 4003 -684 2651 2769 -1857 914
-468 -552 -1096 821 71 1327 1453 -135
2362 -2034 -3530 335 1383 2984 -1289 -2392
-295 -42 304 -1080 363 1539 -645 1119
1060 -3509 4503 -550 607 4339 2259 -1728
2625 -216 2751 644 2545 1635 -2195 -269
-237 -1585 -1932 249 -111 1996 613 937
2576 -693 -2873 -1275 1630 2632 89 -2601
-1332 -721 1356 -1044 135 2057 -1871 332
2181 -3335 4699 862 1900 4059 2596 -316
1320 196 1704 1183 1747 780 -1735 -1461
675 -2112 -2835 -1148 -221 2746 -767 1314
2134 698 -2064 -2472 1613 2550 1395 -1901
-1881 -1857 2982 -224 415 3148 -2618 -866
2997 -2504 4370 2212 2889 3202 2061 963
207 -68 170 896 968 719 -653 -2120
1877 -2253 -3011 -2620 392 3196 -2044 846
840 1459 -413 -2551 1512 2385 2183 -537
-1440 -2936 3749 1285 1082 3528 -2188 -2075
3020 -1131 3112 2919 2904 1959 801 1828
-443 -1010 -1038 -536 114 1238 582 -1410
3063 -1474 -2090 -3675 1164 3574 -2804 -371
-633 1583 1412 -1675 1618 2452 1670 1030
-500 -3533 3872 2751 2119 3446 -1112 -3028
2379 -320 1623 2625 2424 782 -710 1544
-450 -2276 -1643 -2125 -376 2351 1605 -243
3654 -323 -485 -4061 1875 3701 -2594 -2012
-1756 1222 2589 -315 1838 2699 563 2168
823 -3213 2780 3445 2789 2743 290 -2808
883 253 -15 1251 1419 569 -1675 563
555 -3323 -1009 -3625 -29 3458 1336 1540
3347 1200 1451 -3287 2653 3315 -1515 -3090
-2446 71 2954 1332 2039 2490 -1089 2282
1709 -2415 1177 3334 2636 1832 1433 -1730
-514 -148 -625 -576 368 1175 -1773 -858
2116 -3672 605 -4161 1004 4363 233 2675
2322 2225 2796 -1681 3164 2767 110 -3233
-2243 -1083 2240 2487 2340 2099 -2135 1431
1632 -1007 -430 1991 2017 1092 1558 47
-1721 -1157 -436 -2366 -144 2490 -762 -2221
3576 -3135 2548 -3585 2513 4527 -1472 2984
940 2692 3493 -725 3291 2130 1558 -2281
-1146 -1716 688 2255 2113 1802 -2532 -124
897 192 -1294 912 1132 1322 461 1348
-1739 -2595 981 -3686 422 3615 871 -2477
4546 -1854 4191 -4654 3836 3904 -3000 2338
-256 2211 2785 -370 2816 1341 2171 -558
325 -1555 -936 2083 1629 1522 -1787 -1341
-699 915 -999 -1046 552 2109 -912 1929
-1054 -3899 2900 -4756 1782 4643 2608 -1652
4602 -365 4877 -3097 4456 2764 -3700 587
-916 1166 1392 825 2277 624 1553 826
1298 -484 -1751 859 1126 1605 -267 -1664
-2302 827 246 -2879 722 3021 -2579 1240
356 -4580 4666 -4480 3500 4336 3250 -62
3704 663 4316 -1463 4221 1132 -3154 -821
-512 -94 -306 1002 1301 794 256 1534
1762 897 -1738 -1038 931 2517 1377 -1120
-3809 -195 2235 -4222 1771 4029 -3561 -246
1885 -4443 5544 -3292 4818 3208 2954 1746
2158 1080 2774 184 3123 64 -1836 -1641
720 -803 -1407 -40 445 1504 -1382 1216
1121 2435 -584 -3027 1334 3284 2424 366
-4218 -1667 4181 -4159 3184 4108 -3234 -2056
2842 -3331 5212 -1403 4956 1622 1704 2977
873 547 989 522 1695 -250 -201 -1488
2224 -991 -1662 -1675 523 2720 -2204 -107
-255 3503 1431 -4462 2271 3891 2303 2385
-3904 -3029 5380 -3254 4552 3279 -1993 -3267
2912 -2194 3947 30 4112 -108 278 2994
89 -697 -456 -226 316 705 1029 -202
3564 -92 -504 -3724 1094 3847 -2238 -1945
-2120 3830 3562 -4896 3753 3897 1166 3760
-2704 -3647 5296 -1561 5069 1720 -228 -3406
2040 -996 2138 798 2533 -797 -1107 1985
420 -2181 -1455 -1925 -176 2296 964 1520
4622 1345 -1993 -5362 2673 4400 -1020 -3153
-3581 3001 2561 -3737 4728 2898 -741 4115
-1019 -3475 4114 294 4340 251 1342 -2495
501 -562 558 366 874 -133 -1355 336
1651 -3429 -2489 -4041 584 3980 -88 2886
4353 3105 -66 -5869 4417 4126 898 -3602
-4074 1840 3776 -2150 5098 1220 -2224 3320
-69 -2491 2952 1159 2857 -675 1904 -857
-1182 -988 -1159 -1347 -192 1464 -352 -1138
3395 -3880 -1745 -5814 2346 5095 -1780 3425
3203 4232 2023 -5022 5638 2829 2798 -2853
-3713 512 4004 -394 4428 -229 -2819 1603
-70 -1240 1095 689 1162 -527 1031 659
-2080 -2300 -1760 -3433 122 3338 1333 -1591
5026 -3417 -93 -6483 4622 4731 -3592 2648
1707 4544 3484 -3493 5786 664 3556 -1402
-2428 -237 2823 656 2693 -962 -2190 163
-685 191 -742 -546 207 1009 -336 1423
-2491 -4067 -1473 -5440 1990 4970 3032 -1009
6167 -2181 2033 -6012 6319 3208 -4505 930
255 3946 3905 -1537 4743 -1045 3309 541
-871 -297 1013 751 1276 -515 -946 -864
-2417 955 -1800 -2741 360 3036 -2262 980
-1542 -5560 224 -6473 4258 5202 4471 647
6165 -723 3691 -4519 6654 735 -4354 -844
-309 2739 2969 -223 2859 -1763 2129 1643
450 678 -849 -508 274 1000 841 -400
-4293 743 -1491 -4764 1792 4360 -3230 -566
108 -6367 2262 -6209 6401 3654 4249 2631
5202 540 4459 -2518 5657 -1577 -3029 -2330
55 1360 1260 -58 806 -993 392 1634
841 2367 -2068 -2639 444 2949 2132 996
-5676 -421 41 -5900 3954 4892 -3114 -2610
1823 -6079 4057 -5036 7212 1082 2909 4033
3786 882 3760 -3418 3383 -2752 -1177 -2474
1350 244 -805 -531 -229 832 -846 412
382 3985 -2169 -3275 2119 4192 2187 2777
-5979 -1906 2012 -7055 6028 3731 -1931 -4178
3024 -5037 5134 -5921 6410 -1404 1193 4519
2307 337 2067 -1852 862 -1978 279 -1429
3228 67 -2289 -1625 230 3134 -1008 -1486
-1113 4984 -907 -5388 4302 4448 1212 4237
-5385 -3430 4027 -6996 6962 1487 70 -4457
3164 -3629 4615 -4071 4140 -3108 -425 3621
1591 -1082 70 -1489 -881 23 679 206
4800 857 -2497 -3542 2056 4638 63 -2961
-2988 4963 1129 -6740 6142 3414 -720 4850
-3955 -4289 5131 -5782 6534 -1073 1923 -3853
2220 -2537 3198 -2491 1507 -2976 -1021 1927
1738 -2835 -1657 -2265 -533 2726 -38 1939
5684 2148 -1794 -5599 4802 4637 1755 -3677
-4325 4037 3076 -6853 6909 1149 -2525 4138
-2330 -4262 5107 -3880 4729 -2867 2920 -2095
583 -1986 1136 -1713 -587 -1010 -385 303
3020 -4147 -2144 -4210 1495 4868 -1772 2574
5441 3942 265 -7157 6735 3288 3811 -2997
-4914 2884 4298 -5782 6270 -1527 -3449 2493
-1042 -3252 3714 -1966 2239 -2995 2671 -389
-949 -2525 -379 -2371 -1148 1566 1112 -497
4711 -4642 -1447 -6301 4494 5284 -3558 1935
4290 5008 2154 -7571 7435 648 5060 -1489
-4353 1249 4346 -3915 4344 -2886 -3343 585
-972 -1782 1702 -1216 121 -1478 1202 498
-2053 -3767 -1210 -3983 582 4102 2980 -210
6494 -4166 263 -8025 7274 3738 -4815 413
2697 5247 3615 -6795 6462 -2267 4990 357
-2969 163 3234 -1821 2074 -2723 -1916 -743
-1541 -518 21 -1272 -513 752 -404 432
-2193 -5401 -4438 -6198 3617 5327 4499 1197
7549 -2923 -2980 -8745 8343 991 -4816 -1801
1251 4572 791 -4985 4147 -3722 3842 1857
-1142 222 805 -577 542 -1256 -184 -1036
-3056 295 -2768 -2762 405 3089 -1785 -982
-1302 -6853 -4070 -8021 6633 4241 4531 2942
7636 -1590 -1121 -8336 7508 -2248 -3651 -3359
670 3132 857 -3006 1284 -3437 2114 1997
216 967 -1079 -541 57 974 1224 30
-4654 5 -3501 -4573 2745 4107 -1832 -2679
491 -7399 -2320 -8779 8219 1768 3302 4557
6548 -551 335 -6707 4848 -4740 -1712 -3877
992 1597 -90 -1580 -530 -1373 642 1094
824 2326 -3023 -1452 1230 2585 1800 1532
-5834 -1183 -3289 -6394 5426 3825 -820 -4445
2172 -7361 -265 -8687 8325 -1434 1491 5289
5073 -159 915 -4860 1573 -4857 -32 -3222
2306 320 -2062 -1182 -366 1504 -83 -692
323 3806 -4205 -3322 3248 3253 906 3156
-6043 -2649 -1807 -7374 7068 1863 985 -4935
3148 -6235 1466 -7132 5992 -4294 -424 4509
3520 -826 31 -3313 -1105 -2636 801 -1765
4013 18 -4041 -1961 1324 3425 446 -2163
-922 4604 -4245 -5071 5460 2466 -634 3797
-5375 -4015 118 -7206 7463 -718 2818 -4555
3276 -4815 2209 -5246 2823 -5507 -1329 2917
2470 -2211 -1683 -2631 -1546 757 432 -71
5575 680 -5532 -3877 3933 3830 2040 -3415
-2523 4562 -3015 -6143 6480 655 -2456 3313
-3864 -5028 2204 -5858 6003 -3018 3887 -3009
2609 -3660 1941 -3687 -112 -4181 -1359 1030
2613 -3696 -3645 -3514 -34 3632 -964 573
6358 1984 -5910 -5591 6470 2302 3624 -2964
-3677 3584 -1241 -5951 6118 -1476 -3437 1610
-1998 -4855 3205 -5863 3663 -4357 3906 -1158
1145 -2923 521 -2960 -1738 -1306 -183 -300
3758 -5163 -5414 -1723 3227 4922 -2685 503
5970 3075 -4974 -3654 7408 -111 4894 -1613
-4072 1887 834 -5268 4655 -2708 -3615 -433
-644 -3950 3130 -3978 1393 -4013 2832 50
-440 -3321 -1416 -2361 -1274 1866 1393 -355
5452 -5603 -5834 -3384 6411 3671 -4017 -897
4949 4000 -3429 -4984 6410 -2910 4972 23
-3568 402 1952 -4116 2650 -3124 -2548 -1891
-303 -2613 1926 -2214 -292 -2070 1088 268
-1384 -4605 -2991 -2902 1238 4345 2481 683
6802 -5104 -5137 -5280 8496 834 -4301 -2835
3376 3991 -1640 -5017 3946 -4540 4007 1443
-2184 -710 2077 -2189 1273 -2546 -1056 -2332
-736 -1340 335 -1159 -420 -46 -416 -453
-1399 -5853 -3550 -4331 4423 4253 2821 2113
7538 -4124 -3773 -6581 8075 -2683 -3323 -4384
1962 3416 -305 -4133 1349 -4170 2171 1938
-389 -847 1021 -217 902 -1070 448 -1850
-1931 -813 -1179 -1384 800 1825 -937 -2205
-477 -6920 -3128 -6116 7212 2262 1954 3516
7514 -2897 -2060 -7117 5424 -5649 -2067 -5151
1445 1900 -236 -2237 -730 -2453 797 1215
1110 -310 -698 1317 1328 382 1066 -492
-3325 -1005 -1970 -2540 2848 2613 -391 -3517
937 -7731 -1591 -7867 8489 -687 95 4140
6450 -1908 -807 -6282 1697 -6147 -431 -4639
1720 350 -1178 -192 -544 30 -423 -129
1596 781 -2295 1460 2395 649 760 940
-4063 -2068 -1491 -4312 4593 1962 953 -4152
2624 -7266 321 -8569 7254 -3886 -1817 3576
5031 -1434 -217 -4888 -1424 -4422 467 -3487
2690 -867 -2871 1322 1113 2108 -313 -1936
1237 1805 -3414 595 3557 375 -709 1727
-4351 -3378 -3708 -5858 6036 248 2368 -3754
3516 -6302 -3141 -8084 4109 -6075 -2966 2266
3575 -2035 -2782 -2892 -2503 -1422 303 -1953
4191 -1372 -3583 1909 3233 2402 634 -2782
310 2361 -3615 -733 3976 -571 -2334 1531
-3415 -4602 -2168 -6444 5968 -1644 3160 -2510
3656 -4991 -1555 -6785 892 -5964 -3320 702
2703 -3230 -3518 -1492 -1391 1741 -660 -962
5504 -910 -5353 1204 5419 972 2075 -2817
-941 2195 -3433 -2104 3676 -1633 -3542 376
-1951 -5368 -226 -6286 4897 -3580 3208 -667
3044 -3771 -774 -5085 -1811 -3823 -2510 -604
2817 -4539 -4948 -1018 1355 3857 -2338 -659
5993 122 -6316 -159 6006 -1327 3125 -1744
-1861 1218 -2155 -2998 3378 -2034 -3882 -1174
-159 -5380 1668 -5025 3148 -4442 2219 583
1876 -3263 -1068 -3678 -2600 -1088 -1404 -901
3490 -5724 -6604 -1495 4583 3311 -3601 -1548
5675 911 -6450 -1304 4645 -3654 3140 -236
-2392 -104 -417 -2888 2532 -2084 -3098 -2287
901 -4676 2591 -3496 1205 -4187 675 1316
448 -3358 -2214 -3023 -1166 1708 -405 -369
4949 -6144 -7881 -2899 6904 910 -4082 -2853
4686 1681 -5545 -2357 2734 -4887 2281 1420
-1654 -1559 1334 -1618 1926 -1955 -1801 -2747
1341 -3498 2546 -1824 -421 -2899 -848 915
-259 -4315 -3776 -3499 1264 3420 -38 1042
6051 -5680 -8160 -4373 7138 -2199 -3624 -4078
3340 1651 -4064 -2361 589 -4074 925 1810
-506 -2630 2592 183 2124 -1630 -499 -2221
1061 -2550 1842 -1041 -800 -1620 -1782 -91
-277 -5468 -5002 -4664 4333 2891 -547 2448
6577 -4949 -7660 -5404 5000 -5417 -2506 -4572
2109 947 -2398 -949 -839 -2145 -796 1655
947 -2948 2864 103 2596 -1304 389 -915
140 -1989 498 -1094 -247 177 -1627 -930
288 -6276 -5420 -2511 6461 618 -2044 3052
6283 -3837 -6249 -1873 1901 -6563 -1137 -3863
1736 -355 -1373 756 -800 -279 -1665 816
2038 -2464 2100 1589 2230 -1780 143 611
-780 -2124 -546 -1274 851 1203 -822 -1617
1561 -6746 -4923 -4107 6511 -2088 -3352 3116
5501 -3057 -4809 -2164 -966 -5278 -246 -2879
1759 -1714 -957 2265 1156 1202 -1747 -399
2671 -1612 875 2640 2106 -2458 -639 1836
-1453 -2888 -1046 -2260 2659 992 416 -1313
2900 -6391 -3657 -5518 4765 -5052 -4541 2150
4231 -2758 -3618 -1523 -2730 -2534 -91 -1206
2586 -2632 -1557 3906 3221 1194 -1184 -1282
2427 -1019 -58 2732 1263 -2359 -1852 2107
-1242 -3861 -417 -3614 3898 354 1048 -166
3549 -5419 -2085 -5892 2165 -6309 -4793 1016
3082 -3064 -3214 -304 -2208 277 -713 155
3815 -3025 -2827 5032 4348 -488 218 -1305
1721 -423 -804 2035 415 -2053 -2822 1652
-576 -4934 707 -5012 4290 -867 1413 1302
3703 -4432 -875 -5678 -678 -5506 -4156 163
2504 -4124 -3935 1093 14 2613 -1832 584
4613 -2631 -3952 5274 4554 -2573 1317 -494
721 -671 -483 757 390 -1382 -3048 766
475 -5531 2077 -5711 3911 -2988 837 2714
3140 -3328 -238 -4463 -2688 -3420 -2953 -296
2423 -4992 -4787 2178 2647 2699 -2787 352
5010 -1989 -4687 4646 2819 -3882 1539 769
-97 -1423 488 -474 823 -316 -2574 -78
1863 -5403 3462 -5443 2852 -4275 -302 3417
2141 -3047 -597 -3189 -2719 -550 -1642 170
3007 -5972 -4889 2641 4858 533 -3272 -404
4791 -1265 -2089 3779 509 -4602 1324 1990
-76 -2477 1493 -858 1179 392 -1393 -280
2764 -4827 1191 -4564 898 -4616 -1330 3488
1388 -3004 -2992 -2273 -1049 1758 -1010 1173
3866 -6059 -5556 2066 5719 -1697 -2629 -1335
3917 -810 -2054 2679 -1140 -3632 600 2684
207 -3582 2808 -927 2436 -241 -109 281
3066 -3965 1944 -3345 -781 -4210 -2231 2842
713 -3647 -3974 -1866 997 2459 -1011 2357
4605 -5886 -6373 1279 4079 -4101 -1631 -1733
3005 -817 -1236 2016 -2055 -1262 -251 2825
1124 -4515 4343 -185 3396 -1348 911 1138
2929 -3247 2051 -2386 -1600 -2513 -2082 1914
523 -4432 -5001 -1953 3525 1356 -1368 3148
4992 -5316 -6545 307 1395 -5849 -559 -1525
2121 -1183 -119 1796 -1402 491 -850 2402
2185 -4520 5085 954 2789 -2848 1345 2298
2244 -2791 1285 -1856 -1746 -339 -1044 1242
1188 -5210 -5907 -2981 5183 -259 -2145 3110
4853 -4414 -6026 -509 -1197 -5185 604 -791
1742 -2193 1117 2527 760 1454 -801 1494
2954 -4342 5186 2020 1485 -4145 975 3180
1534 -2841 408 -1973 -793 829 -48 1222
1973 -5434 -6169 -3968 4423 -2773 -2670 2500
4248 -3819 -5026 -805 -3039 -2799 1289 332
1795 -2981 1979 3486 2732 1224 -69 548
3112 -3688 4611 2567 346 -3956 274 3764
948 -3468 -430 -2725 1178 1485 701 1828
2790 -5179 -5804 -4815 2715 -5084 -2621 1749
3452 -3648 -4079 -350 -3137 -255 1021 1238
2590 -3672 2055 4682 3506 -420 1122 584
3019 -3064 3849 2704 -1320 -3048 -396 3438
896 -4128 -807 -3657 3046 1153 1374 2622
3420 -4587 -5032 -4573 252 -5382 -2164 735
2724 -3954 -3345 2263 -1286 1818 569 1574
3078 -3813 1668 4597 3614 -2952 2315 798
2523 -2748 3132 693 -2315 -1522 -223 2643
1312 -4767 -613 -4208 3603 -882 1301 3382
3165 -3863 -4060 -2877 -2488 -4039 -1053 334
2286 -4479 -3020 2991 943 2812 134 1385
3693 -3558 818 5173 2212 -4369 2940 1373
1758 -2854 2675 152 -1318 504 209 1996
2128 -5175 299 -5114 3713 -2846 748 3701
2853 -3226 -3188 -2699 -3308 -2110 54 348
2190 -5250 -3288 3983 2963 1451 41 746
3940 -3063 275 5253 -575 -4799 3142 2021
1245 -3216 2799 -667 156 1685 833 1279
2852 -5025 1108 -5542 2029 -4083 276 3620
2323 -2912 -2828 -2186 -2530 418 879 637
2534 -5845 -3943 4669 4250 -1096 305 -75
3806 -2447 -386 4844 -2289 -3834 2904 2586
927 -3734 3183 -1446 1650 1026 2016 1318
3445 -4687 1899 -5491 -409 -4525 -174 2798
1396 -2979 -3097 -1151 -1104 2465 1156 1215
3328 -5861 -4784 4684 3592 -3094 1117 -650
3358 -1851 -457 4101 -2707 -1310 2378 2377
1192 -4456 4159 -1954 3372 -172 2689 1617
3381 -4088 2026 -4774 -2036 -3585 114 1892
1145 -3379 -3627 -724 1206 2431 956 1497
3765 -5684 -5264 4371 1250 -4989 1966 -1015
2765 -1776 -133 3365 -2422 704 2008 2056
1575 -4849 4728 -1978 3057 -1812 3104 1823
3205 -3413 2130 -3992 -2769 -1408 549 990
1008 -4041 -4569 -318 3636 1041 574 1323
4095 -5238 -5386 3718 -856 -4981 2864 -945
2108 -2084 612 2874 -751 1632 1853 1128
2144 -4826 5118 -1526 1746 -3554 2988 2381
2649 -3227 615 -3379 -2548 842 1230 499
1366 -4455 -5117 -534 3935 -1035 237 676
4145 -4720 -2785 3053 -2792 -3179 3266 -590
1918 -2376 2978 2759 1718 1963 2344 251
2569 -4418 3931 -759 275 -4095 2348 2251
2141 -3165 -1288 -2998 -578 1768 1965 553
1873 -4628 -5660 -1112 2630 -3810 70 -121
3618 -4432 -2391 2639 -3769 -890 3254 -433
2010 -2865 3575 3065 2887 778 2732 -155
2659 -3907 3869 -290 -1688 -2986 2001 1743
1613 -3494 -2093 -3042 1686 1972 2307 725
2194 -4544 -5815 -1593 804 -4966 155 -1084
3415 -4096 -2142 2364 -2961 1190 3002 -245
2479 -3027 3811 3670 3245 -1554 3409 -286
2504 -3394 3419 172 -2673 -1558 1567 992
1475 -4090 -2744 -3403 2560 811 2249 843
2488 -4153 -5628 -2040 -1684 -4226 665 -1877
2925 -4359 -1473 2676 -457 2973 2370 -656
2843 -3077 3608 4159 2658 -3006 3537 -20
2078 -2903 2636 212 -1860 -165 1441 -149
1711 -4287 -2815 -3902 2653 -1575 1930 783
2520 -3819 -5197 -2329 -3749 -2696 1090 -2154
2689 -4677 -1046 3138 1695 2597 2112 -1422
3318 -2727 3259 4573 482 -3715 3475 294
1491 -2921 2033 -76 -776 1452 1700 -861
1907 -4374 -2887 -4301 2083 -3019 1189 540
2229 -3442 -4560 -1987 -3672 68 1480 -2194
2847 -4961 -1082 3548 3547 581 2148 -1820
3479 -2349 2694 4577 -1549 -3682 3090 113
1177 -3045 1740 -515 106 1673 1946 -1155
2083 -4281 -2529 -4296 -288 -3616 756 16
1886 -3402 -4252 -1618 -2031 2532 1461 -2058
3184 -5218 -1316 3895 3830 -1489 2228 -2723
3354 -1766 2067 4209 -2351 -2499 2390 182
916 -3246 1559 -681 1591 462 2176 -1407
2202 -4169 -2271 -3496 -2343 -3341 421 -651
1376 -3601 -4174 1564 73 3030 834 -1867
3675 -5385 -1844 5724 2180 -3416 2660 -2936
3174 -1341 1600 3169 -3037 -222 1716 -205
933 -3375 1689 -2416 1942 -320 2020 -1380
2017 -3693 -1937 -3126 -2685 -994 308 -1234
1076 -3972 -4368 2147 2891 1940 384 -2285
4004 -5233 -2305 5748 183 -4918 2822 -2841
2795 -1178 1437 2732 -2459 1388 1336 -794
1060 -3400 1880 -2580 1076 -1711 1759 -1193
1718 -3364 -1798 -2648 -2340 1166 545 -1559
953 -4263 -4562 2515 3936 126 -205 -2441
4277 -4940 -2783 5637 -2093 -4295 3018 -2777
2625 -1080 1451 2492 -478 2081 989 -1156
1212 -3148 1987 -2317 122 -2300 1050 -1413
1238 -3219 -2040 -2097 -892 1744 657 -1662
1141 -4514 -5008 2703 2965 -2532 -736 -3047
4323 -4693 -2926 5363 -4171 -1880 2649 -2633
2366 -1182 1624 2388 1010 2382 840 -1488
1355 -2846 2041 -1946 -364 -1619 519 -1573
657 -3206 -2388 -1441 1478 1565 464 -1460
1237 -4739 -5416 2654 1294 -4720 -888 -3554
4224 -4407 -2839 5035 -4192 334 2055 -2246
2505 -1197 1693 2495 1815 916 620 -1405
1290 -2305 1758 -1315 -1064 -1042 -56 -2054
291 -3101 -2789 -1020 2268 510 232 -1227
1309 -4713 -5483 2534 -1553 -4320 -1317 -3891
4108 -4384 -2712 4918 -2358 2924 1812 -2435
2689 -1277 1831 2658 2699 -770 419 -1100
994 -1920 1237 -824 -1140 -765 -477 -2521
179 -3476 -3168 -1058 2102 -1628 -288 -848
1336 -4659 -5503 2394 -4111 -2582 -1346 -4119
3845 -4451 -2422 4912 -43 4270 1229 -2444
3091 -928 1464 3227 2453 -1822 -13 -859
724 -1440 321 -355 -369 -246 -559 -2882
-54 -3503 -3461 -992 1036 -3081 -894 -758
1358 -4433 -3541 2191 -4344 -21 -1318 -3915
3921 -4396 235 4926 2209 2883 889 -2476
3192 -625 2607 3433 641 -3099 -596 -572
312 -1248 170 -101 -456 42 -582 -2889
0 -3545 -3588 -1085 -1068 -2791 -1469 -615
1098 -4267 -3197 2338 -2553 2999 -1679 -3684
3868 -4616 377 5172 4228 820 783 -2396
3304 -158 2338 3754 -971 -3520 -1198 -282
-22 -1131 -154 -133 -297 -616 -509 -2905
-44 -3393 -3408 -1016 -2751 -1511 -1774 -683
740 -4257 -2821 2463 -274 4277 -2020 -3260
4118 -4710 419 5501 4011 -1845 716 -2198
3526 194 1949 3943 -2172 -2231 -2063 -247
-281 -1089 -404 -161 -179 -436 -678 -2478
-165 -3297 -3242 -866 -2591 -7 -2193 -647
553 -4414 -2760 2839 2493 3136 -2380 -3157
4414 -4847 264 5778 1831 -4586 782 -1943
3250 632 1432 3811 -3370 -818 -2445 -354
-304 -988 -584 -142 -785 73 -724 -2021
-500 -2889 -2916 -501 -1410 2115 -2283 -468
305 -4637 -2608 3176 4435 975 -2678 -2977
4712 -4640 -87 5749 -805 -5178 818 -1386
3128 823 1121 3774 -2966 637 -2885 -188
-391 -781 -535 69 -662 314 -1103 -1936
-782 -2745 -2714 -66 139 2664 -2238 -98
187 -4901 -2547 3507 3909 -2323 -3017 -2941
4900 -4485 -308 5702 -3474 -3431 677 -741
3058 1054 837 3608 -1662 2258 -3057 -214
-256 -594 -308 250 443 442 -1299 -1673
-1169 -2579 -2590 399 2185 1341 -2162 322
196 -5146 -2641 3794 1361 -4960 -3343 -2866
4971 -4224 -553 5512 -5172 -1093 419 -287
2956 915 868 2852 -291 3142 -3289 -112
-292 -215 -181 376 883 561 -1558 -1489
-1390 -2358 -2401 2655 2909 -325 -2162 1004
291 -5337 -2926 6187 -1441 -5124 -3387 -3049
4891 -4015 -827 5735 -4385 1658 360 424
3125 1116 853 2546 1893 2070 -3282 300
-318 219 -143 818 1059 -272 -1489 -1441
-1892 -2348 -2557 3180 1616 -2736 -2341 1471
414 -5154 -3088 5951 -3967 -3081 -2930 -2780
4785 -3822 -839 5620 -2099 4256 84 757
3208 1152 896 2742 3303 619 -3336 572
-595 683 -329 1423 1483 -1537 -1307 -1368
-2153 -2514 -2778 3523 -325 -3785 -2668 1993
492 -5045 -3057 5877 -5474 -479 -2819 -2482
4848 -3933 -729 5623 932 4682 26 1064
3391 1302 951 2981 2897 -1276 -3485 1076
-864 1114 -511 1979 395 -2137 -1031 -1226
-2348 -2558 -2860 3641 -2205 -2778 -2878 2384
540 -5109 -3035 5689 -3892 2714 -2405 -2202
4721 -3801 -726 5445 3668 2667 -61 1426
3523 1443 866 3264 1571 -3352 -3634 1510
-1121 1237 -755 2367 -1500 -2437 -697 -967
-2402 -2638 -3002 3716 -3879 -955 -2993 2525
254 -4889 -2747 5490 -1142 4711 -2233 -1714
4758 -4068 -405 5613 4916 -128 184 1450
3716 1930 483 3807 -91 -4253 -3832 1545
-1441 1389 -1081 2701 -2455 -1521 -267 -433
-2504 -2561 -2937 3731 -3779 1276 -2941 2655
46 -4859 -2408 5531 2093 3871 -2180 -1341
4857 -4139 -413 5808 3469 -3064 545 1992
3664 2348 139 4097 -2642 -3231 -3965 1507
-1643 1320 -1431 2652 -2731 260 218 96
-2491 -2365 -2676 3598 -1431 3216 -2747 2689
-220 -4864 -2121 5557 4613 1318 -2229 -1108
4986 -4128 1509 5932 994 -5283 798 2454
3549 2570 2665 4281 -4231 -1628 -4028 1242
-1751 1557 790 2768 -2611 1812 390 445
-2427 -2121 -268 3489 789 3428 -2409 2716
-657 -4918 1144 5663 4386 -1558 -2148 -968
5269 -4166 2779 6217 -2108 -5216 932 2987
3242 2762 2434 4307 -3896 1239 -3642 1319
-1689 1560 783 2795 -795 2557 436 669
-2713 -1788 179 3682 3011 1484 -2079 2998
-728 -5203 1266 6040 2249 -4340 -1728 -1083
5535 -3750 2368 6403 -4858 -2961 1265 3441
3077 2851 2193 4278 -2551 3462 -3284 1213
-1523 1561 946 2650 1507 2473 652 826
-2997 -1621 607 3876 3705 -932 -1712 3190
-625 -5372 1315 6289 -842 -5653 -1436 -1293
5466 -3571 2124 6234 -5463 54 1102 3802
3045 2725 2027 4045 -373 3735 -2827 1080
-1297 1899 1286 2837 2638 818 705 831
-3351 -1319 986 4283 1884 -2945 -1470 3721
-531 -5409 1101 6356 -3779 -4124 -828 -1338
5314 -3174 1792 5966 -3811 3557 1131 4005
2925 2703 2015 3808 2297 2711 -2243 1145
-1154 2197 1648 2990 2746 -1697 1199 700
-3589 -1500 868 4653 -500 -4413 -1784 3868
-366 -5449 905 6359 -5669 -1133 -110 -1286
4968 -3093 1655 5564 -1240 4951 1087 3941
2968 2602 2122 3713 3630 778 -2044 1451
-1298 2686 1981 3589 1453 -3227 1643 491
-3849 -1463 920 4902 -2829 -3618 -1713 3817
-77 -5159 506 5969 -4706 1845 514 -1116
4634 -2948 1671 5095 1813 3694 1250 3628
3315 2565 2461 4002 3212 -2033 -2092 1459
-1624 2889 1959 3930 -1315 -3635 2300 521
-3870 -1683 656 4976 -4488 -1368 -1828 3341
-126 -4914 492 5236 -2035 4449 839 -742
4485 -3081 1813 3421 4051 1542 1546 3193
3548 2642 2790 2583 1425 -4162 -2041 1332
-1847 3080 1877 3661 -3340 -3139 2956 784
-3699 -1850 306 4824 -4545 1327 -1789 3025
-334 -4454 608 4414 781 4230 1049 -569
4299 -3231 2151 3297 4080 -1407 2039 3219
3631 2817 2802 2790 -1355 -4119 -2181 1020
-2081 3049 1563 3899 -4302 -909 3276 1076
-3360 -1979 -2 4607 -2324 3102 -1307 2439
-544 -4180 838 4046 3145 2253 1060 -423
4398 -3614 2554 3302 1981 -4385 2379 3288
3687 3201 2600 3442 -4104 -3059 -2036 466
-2268 2771 1071 3962 -4036 1613 3358 1472
-3160 -1581 229 4228 336 3950 -1044 2193
-861 -4075 1251 3750 4021 -402 887 -574
4742 -3455 2475 3708 -755 -5020 2630 3475
3347 3470 2060 3715 -4750 -907 -1685 -298
-2248 2428 703 3762 -2213 2920 2989 1691
-2891 -1223 453 3618 2182 2266 -585 1885
-1227 -4240 1750 3622 2465 -3155 910 -1183
4883 -3348 2306 4004 -3874 -3531 2536 3712
2946 3735 1500 3998 -4121 1849 -1134 -806
-2052 2115 584 3373 345 3276 2860 1574
-3022 -829 951 3217 3117 -214 -43 1864
-1357 -4506 1973 3891 -344 -4800 1177 -1606
5071 -3064 1972 4404 -5472 -1343 2205 3868
2465 3452 1099 3713 -2479 3537 -324 -1212
-1632 1980 736 2687 1967 2010 2538 1103
-3296 -455 1552 3127 2428 -2375 -113 2074
-1177 -4695 1894 4272 -3030 -3917 1660 -2083
5068 -2485 1347 4507 -4720 1399 1606 3739
2087 3116 795 3220 258 3468 47 -1092
-1047 2142 1377 2207 2422 -528 2403 509
-3596 -319 2395 3324 -121 -3795 -263 2111
-693 -5002 4348 4767 -5035 -1742 2248 -2266
4583 -2052 3702 4156 -2754 3614 1109 3056
2221 2542 2949 2477 2411 1811 216 -690
-821 2415 3049 2073 1743 -2517 2779 -154
-3937 -491 3849 3737 -2728 -3710 -857 1989
-367 -4892 3946 4864 -5100 779 2762 -2109
4170 -1743 3181 3737 -395 4001 723 2323
2191 2031 2835 1920 2296 -385 269 -507
-845 2782 3573 2369 -344 -3411 3293 -403
-4154 -985 3807 4396 -4353 -1776 -1335 1400
190 -4436 3061 4750 -3261 2892 3154 -1602
3591 -1659 2795 2975 2059 2297 1078 1513
2600 1903 3343 1750 1398 -2663 -153 -384
-1130 3026 3854 2789 -2755 -2979 3685 -236
-3737 -1419 3203 4570 -4781 417 -1569 655
353 -3874 2329 4134 -1068 3826 3016 -1057
2990 -2040 2862 2289 2699 184 1316 1028
3173 1838 4139 1858 -467 -3569 -899 -831
-1582 3322 3967 3445 -4098 -1398 3846 70
-3306 -1825 2431 4398 -3400 2146 -1535 -261
54 -3211 1956 3357 1048 2802 2472 -705
2891 -2536 3342 2002 1672 -2277 1800 973
3335 2011 4374 2254 -2925 -2832 -1184 -1425
-2207 2897 3302 3883 -4263 740 3665 823
-2500 -1809 1629 3744 -1293 3060 -1035 -879
-346 -2686 1856 2475 2272 709 1688 -891
2907 -3041 3950 1933 -309 -3630 1907 1274
3323 2624 4508 3009 -4482 -1257 -1302 -2324
-2303 2336 2515 3774 -3327 2204 3024 1127
-1803 -1595 929 2976 187 2700 -435 -1332
-936 -2572 2272 2035 1707 -1330 1120 -1399
3259 -3205 4436 2371 -2630 -2990 1760 1578
2875 2962 4050 3408 -4252 864 -575 -3028
-2147 1537 1582 3380 -1438 2653 1895 1269
-1477 -761 923 1225 1317 904 260 -936
-1463 -2807 3078 -98 -236 -2919 864 -2087
3984 -3204 4741 391 -4544 -1483 1178 2263
2070 2979 3133 1712 -3074 2604 80 -3163
-1568 693 709 1733 71 2054 1030 553
-1399 -350 1203 442 1181 -646 314 -359
-1595 -3326 3707 69 -2175 -3180 1144 -2735
4363 -2567 4314 1352 -4749 657 230 2302
1494 2635 2269 1887 -1405 2856 689 -2785
-779 335 475 855 492 753 548 -228
-1739 176 1772 -75 -230 -1606 -30 147
-1314 -3889 3998 683 -3908 -1756 1802 -2836
4125 -1768 3343 2063 -3541 2524 -813 1716
824 2062 1251 1440 200 2017 1023 -1898
-61 543 772 -130 273 -629 444 -1008
-2348 255 2616 -155 -1831 -2082 -821 527
-529 -4295 3782 1615 -4747 62 2466 -2615
3663 -1016 2301 2252 -1822 3237 -1349 721
784 1027 950 544 710 725 724 -1066
616 1127 1632 -935 -847 -1289 1073 -1510
-2785 -80 2995 473 -2973 -1568 -1900 119
225 -4069 2848 2540 -4037 1898 2783 -1651
2775 -777 1586 1900 -15 2511 -1165 -183
1107 49 1147 -804 -56 -900 -77 -521
578 1627 2360 -1111 -2244 -999 1737 -1354
-2879 -879 2706 1491 -3672 -223 -2341 -706
949 -3599 1773 3074 -2501 3133 2427 -575
1866 -704 990 1023 843 1138 -691 -956
1802 -395 1862 -1701 -1373 -1450 -1044 -348
3 2028 2788 -639 -2877 -560 2135 -512
-2610 -1698 2007 2449 -3718 1051 -2368 -1737
1269 -2592 594 2936 -1155 2953 1650 389
1164 -1423 1306 -231 450 -474 293 -981
2616 -552 2855 -2094 -2835 -807 -1901 -963
-652 2002 2807 303 -2989 376 1935 540
-1681 -2450 2756 3279 -2882 2070 -1734 -2424
1109 -1724 1411 2171 54 2042 496 459
848 -2251 1343 -1253 -918 -1636 850 -293
2993 -21 2385 -1803 -3483 174 -2060 -1890
-1336 1594 2698 1346 -2806 1246 1103 1228
-604 -2674 1296 3194 -2030 2391 -461 -2609
284 -1240 882 933 525 665 -488 -53
1180 -3098 2183 -1769 -2489 -1570 931 736
2953 631 3047 -914 -3276 1345 -1439 -2681
-1679 506 1791 2072 -2226 1397 -139 1658
420 -2265 -90 2429 -1455 2025 489 -1926
-446 -1175 944 -63 -166 -428 -945 -890
1922 -3482 3290 -1492 -3907 -386 450 1724
2374 1425 3323 324 -2642 2214 -546 -2962
-1474 -658 388 2063 -1681 1437 -1290 975
973 -1476 -915 1318 -837 1577 877 -783
-1230 -1567 1675 -688 -1410 -1158 -550 -1751
2842 -3445 4336 -524 -4316 995 -733 2220
1352 1603 2584 1144 -1606 2323 584 -2292
-604 -1748 -1357 1298 -1899 1058 -2023 -217
760 -452 -941 89 -579 1015 538 337
-1413 -2636 3083 -436 -2798 -972 490 -2194
3330 -2686 4576 711 -3526 2317 -1884 1855
425 1066 1250 1237 -752 1591 1053 -1113
412 -2264 -2362 -6 -2198 1038 -1801 -1187
117 142 -317 -675 -1057 401 -415 1140
-867 -3473 4001 651 -3786 -3 1510 -1695
3596 -1599 4268 1810 -2357 3323 -2730 940
-265 71 -304 573 -864 745 921 255
1629 -1914 -2669 -1440 -2249 1285 -803 -1881
-656 187 766 -534 -1407 222 -1404 977
170 -4205 4730 2090 -4200 1238 2249 -650
2849 -760 2972 2152 -975 3036 -2600 -324
-337 -1251 -1532 24 -1691 129 -18 1228
2133 -1183 -2112 -1201 -2181 1765 360 -1974
-1459 -339 1959 -889 -2172 189 -2368 23
1079 -4302 4543 702 -3614 2648 2243 868
1964 -303 1659 815 -71 2110 -1699 -1160
294 -2450 -1943 -1276 -2625 99 -1412 1354
2184 -249 -1041 -2129 -1935 1938 1384 -1015
-1628 -1643 2502 218 -2772 290 -2262 -1171
2275 -3605 3386 2289 -2667 3577 1343 1958
744 -560 322 186 -295 626 -234 -1366
1361 -3106 -1521 -2870 -3376 1078 -2409 642
1345 399 244 -2138 -1384 1830 1652 260
-1218 -2774 2339 1755 -3208 997 -1495 -2286
2633 -2440 1827 3086 -1358 3626 23 2486
-12 -1502 20 -1087 -1086 -317 763 -547
2541 -2957 -237 -4180 -3670 2140 -2864 -737
410 514 980 -1235 -1118 1498 835 1478
-263 -3859 1309 3489 -3494 1933 -71 -2429
2309 -1381 417 2835 -333 2923 -1246 1796
-400 -2766 281 -2733 -2522 -309 1332 814
3244 -2124 1180 -4558 -2987 3166 -2312 -1940
-644 -104 954 282 -1407 923 -362 2007
1149 -4035 -392 4579 -3281 2848 1345 -1951
1308 -688 -230 1664 17 1719 -1758 630
368 -3923 1728 -4049 -3732 481 806 2135
3382 -1054 2365 -4054 -1723 3635 -927 -2569
-1004 -1360 -198 1826 -1892 568 -1638 1565
2317 -3709 -2017 4687 -2476 3584 2363 -536
93 -742 101 206 -349 484 -1421 -593
1585 -4580 3506 -4649 -4351 1891 -508 2874
2577 -213 2505 -2716 -467 3250 392 -2109
-1015 -2858 -1828 3145 -2930 1033 -2610 133
2816 -2549 -2919 3715 -1298 3682 2090 1065
-872 -1521 1429 -1341 -1597 -159 -160 -1567
2749 -4666 2344 -4394 -3850 3543 -1856 2783
1422 154 1174 -1012 -61 2181 1594 -1024
-5 -3906 -1522 3134 -3491 1784 -2325 -1243
2466 -1315 -1490 2081 -491 2946 953 2015
-1255 -2953 1773 -2134 -3207 214 1425 -1367
3788 -3721 3624 -3038 -2594 4682 -3052 1628
191 -317 248 177 -370 1074 1615 704
1365 -4470 -3368 2337 -3289 2961 -1329 -2285
1649 -646 -1389 687 -72 2015 -433 2054
-596 -4451 3801 -1688 -4246 1299 2664 -182
4017 -2512 4224 -1362 -822 4747 -3081 106
-564 -1440 -1373 433 -1547 450 515 1777
2711 -3940 -4613 589 -2647 3901 455 -2544
270 -472 -166 -205 -602 943 -1753 1142
715 -5412 5526 -267 -4468 2961 2811 1437
3409 -1335 3693 49 513 3782 -2305 -1151
-475 -2918 -3199 -505 -2816 564 -919 2086
3258 -2878 -4739 -914 -1479 4315 1910 -1705
-737 -1200 1506 20 -1643 394 -1901 -318
2109 -5491 6355 1537 -3553 4668 2129 2959
2335 -835 2397 430 1158 2259 -788 -1670
514 -4297 -4574 -2182 -3739 1531 -2325 1310
3332 -1567 -3928 -2152 -433 3854 2332 -109
-1287 -2617 3387 1279 -3086 660 -1001 -1842
3274 -4959 6250 3077 -1655 5559 678 3528
832 -1115 452 -232 200 563 870 -963
1994 -4899 -4978 -4256 -4080 3188 -2946 -332
2347 -484 -2204 -2284 94 2935 2002 1499
-980 -4203 4425 3202 -3923 2025 406 -2536
3644 -3747 5055 4011 232 5173 -1068 3204
-19 -2262 -918 -1812 -1443 -148 1529 399
3475 -4574 -4188 -5733 -3249 4731 -2537 -2007
864 -132 -278 -1256 -298 1721 544 2471
107 -5389 4412 5088 -3879 3778 2084 -2221
2998 -2492 3240 2282 1560 3480 -1830 1734
37 -3940 -1253 -3171 -3241 116 1131 2025
4360 -3552 -2512 -4696 -1834 5527 -868 -3087
-273 -774 708 71 -981 1119 -991 2173
1542 -5685 3268 4381 -2874 5100 3212 -864
1974 -1714 1803 1061 1502 1546 -1658 110
825 -5497 -604 -5331 -4700 1977 -110 3214
4428 -2051 -570 -5095 -101 5278 879 -3071
-1135 -2045 867 1878 -2112 1261 -2091 813
2791 -5073 1382 5389 -1074 5457 3174 948
511 -2059 1320 -537 197 -123 -431 -945
2359 -6258 1230 -7032 -4745 4090 -2121 3155
3668 -780 819 -4382 1040 4146 2284 -1867
-934 -3649 -116 3783 -2974 2157 -2273 -807
3142 -3687 -295 5087 719 4750 2218 2145
-672 -3097 1811 -2520 -2079 -447 1329 -928
3807 -6301 3076 -7844 -3050 6362 -3396 1910
2357 -133 1246 -2860 1447 2451 2661 -84
34 -4756 -2048 5020 -3160 3375 -1267 -2286
2827 -2298 -1132 3874 1511 3118 512 2504
-1107 -4824 3547 -4512 -4283 870 2886 64
5202 -5370 4984 -7428 -873 7270 -3888 113
998 -604 299 -910 503 966 1690 1351
1654 -5116 -3963 5016 -2468 4402 552 -2689
1555 -1375 -823 1842 1042 1487 -1027 1532
-510 -6424 5557 -5368 -4910 3260 3526 1762
5701 -4119 5788 -6128 1710 6638 -3286 -1646
230 -1746 -1351 400 -1010 442 416 1940
2913 -4586 -5079 3958 -1223 4959 2246 -1791
-186 -1253 736 -40 -582 645 -1643 -256
794 -7617 7626 -5120 -3899 5939 2790 3495
4996 -2764 5183 -4263 3298 4247 -1659 -2566
398 -3405 -3414 485 -2801 672 -1358 1043
3743 -3085 -5074 1935 -137 4753 3217 -325
-1492 -2153 2133 -1059 -2506 927 -949 -1932
2179 -7867 6285 -3774 -1517 7845 1382 4466
3759 -2138 2008 -2754 3143 1436 -80 -2219
1291 -4905 -5094 -421 -3848 2468 -2094 -457
3371 -1459 -3926 -99 677 3941 2792 1603
-2370 -3663 4130 -1158 -3503 2542 643 -3202
3400 -6995 7118 -1824 1362 7550 -551 4203
2345 -2392 383 -2325 1197 -799 1039 -894
3051 -5159 -6440 -2532 -3974 4313 -1714 -2349
2332 -91 -2766 -1449 786 3185 1440 2659
-2029 -5507 6222 244 -3238 4716 2519 -2920
3823 -5852 6959 -334 3837 5609 -1859 3075
1294 -3746 -1814 -3219 -1769 -1315 933 887
4694 -4884 -6856 -4643 -2675 6034 -353 -3565
744 405 -827 -1587 446 2489 -420 2654
-950 -6543 7328 2037 -1694 6517 3870 -1843
3284 -4533 5442 393 4221 2278 -1900 1114
1459 -5496 -3224 -5204 -4375 257 -287 1939
5835 -3527 -5861 -6401 -577 6939 1835 -3949
-645 -125 1170 -666 -139 2329 -1953 1632
529 -6851 7150 3953 567 6719 4261 -4
2005 -3806 3506 -275 2537 -782 -890 -201
2266 -7159 -3865 -7451 -5843 3323 -2263 2017
5879 -1875 -4054 -6889 1791 6488 3430 -2925
-1568 -1505 2594 1281 -831 2834 -2455 -350
1815 -6157 5943 4911 2527 5597 3447 1519
347 -4051 1852 -1930 -460 -1880 932 -577
3795 -7980 -3099 -9204 -4741 6558 -3719 983
5073 -350 -1984 -6080 3467 4895 4163 -1112
-1551 -3020 2768 3190 -975 3417 -1709 -1902
2103 -4618 3927 4459 3083 3112 1631 1924
-847 -5220 1134 -4126 -3844 -556 2513 250
5672 -7974 -1235 -10046 -1732 8880 -4642 -1042
3658 359 -337 -4387 3602 2724 3630 636
-320 -4142 1471 3812 -609 3835 -75 -2815
1750 -3057 2124 1821 2351 1146 29 1305
-1411 -6934 1593 -7151 -5803 2499 3234 1926
6794 -6955 788 -10012 2401 8981 -4113 -3144
2368 -35 -113 -2338 2404 726 2130 1428
1182 -4356 -413 4513 -181 4063 1535 -2305
330 -2003 1119 207 348 96 -1001 -455
-800 -8708 3235 -9249 -5038 6320 2881 3580
7318 -5582 2511 -9734 5840 6886 -2758 -4465
1593 -1268 -1092 -547 401 -399 411 1008
2526 -3726 -2396 4458 178 4141 2687 -830
-1462 -1813 1441 -2002 -2067 686 -721 -2435
412 -9904 5435 -10313 -1923 9232 1312 4957
6637 -3998 3134 -8014 6584 3194 -869 -4526
1632 -2676 -2733 835 -1626 58 -513 -381
3154 -2196 -3435 3122 550 3923 2305 843
-2895 -2614 2858 -4006 -3354 2555 569 -3689
1908 -10049 7155 -9971 2492 9391 -812 4728
5453 -3302 2567 -6177 5140 -522 414 -3480
2529 -4037 -4891 1039 -3251 2243 -726 -2101
2973 -448 -3490 1127 611 3800 985 2108
-3814 -4059 4785 -5215 -2825 5032 2312 -3786
3172 -9288 7940 -8585 6097 7097 -2442 3503
3915 -3750 725 -4740 1499 -3006 534 -1693
4165 -4493 -6216 -75 -3339 4806 351 -3615
1814 919 -2223 -1045 538 3568 -992 2420
-3517 -5699 6851 -5234 -860 7028 4063 -3100
3451 -7844 7530 -6766 7402 3242 -3019 1828
3080 -4938 -1204 -4414 -2340 -2506 -430 -591
5698 -3905 -6350 -2040 -1694 6890 2162 -3738
262 1507 -269 -2449 838 3495 -2843 1414
-2552 -6769 7791 -4042 1971 6965 4516 -1228
2784 -6395 6033 -5190 5668 -867 -2642 68
2886 -6452 -2603 -5134 -5176 642 -2222 -223
6739 -2568 -6209 -4259 916 7920 3921 -3071
-1181 1162 -91 -2664 1255 3594 -3629 -237
-1061 -6990 6215 -2245 4482 5512 3847 359
1373 -5515 1454 -4496 1944 -3421 -1028 -603
3799 -7967 -7313 -6905 -5577 4881 -4076 -873
6795 -727 -7154 -5812 3298 6799 4841 -1347
-1966 -50 1573 -1690 1393 3313 -3279 -2056
32 -6091 5906 -637 5151 2797 2307 1092
-251 -5588 -502 -4980 -2079 -2695 255 -203
5272 -8751 -7844 -8955 -3076 8702 -4946 -2719
5964 619 -5484 -6189 5397 4497 4254 519
-1721 -1400 2666 -71 1568 2619 -2050 -3137
488 -4574 4481 280 3951 133 302 989
-1381 -6536 -2195 -6565 -5190 580 1060 1259
6685 -8663 -7228 -10568 1340 10327 -4837 -4448
4519 1346 -3517 -5402 5476 1709 2789 1645
-988 -2731 2898 1719 1698 2440 -522 -2994
-120 -3018 2493 -175 1532 -1182 -857 -409
-1922 -8128 -2967 -8526 -5217 4749 852 3046
7976 -7591 -5546 -11188 5648 8652 -3538 -6091
3168 1095 -2100 -3809 3629 -630 978 1942
479 -2830 1585 2586 1128 2169 435 -1675
-1104 -1928 765 -1409 -1120 -329 -1037 -2083
-1365 -9578 -2485 -10123 -2324 8576 -645 4335
8188 -6049 -3619 -10550 8274 4816 -1895 -6249
2303 -72 -1879 -2089 999 -1742 -536 973
1854 -2151 -332 2624 665 2259 536 19
-2722 -1740 -213 -3345 -2732 1694 -150 -3129
-201 -10479 -1122 -10963 1949 9993 -2522 4700
7500 -4582 -2002 -8973 7876 378 -311 -5056
2242 -1281 -2654 -835 -1431 -532 -1038 -445
2378 -661 -2102 1307 442 2699 -555 1377
-4118 -2187 -332 -5332 -2075 4563 1400 -3502
985 -10575 480 -10647 6214 8053 -4228 3828
6257 -3863 -1543 -6512 4829 -3398 78 -3511
3181 -2647 -4343 2026 -3099 1786 -464 -1610
2306 924 -3255 1268 474 3568 -2239 2032
-4666 -3655 1059 -6979 -35 6634 2778 -2343
2115 -9504 2200 -10290 8522 4160 -5193 2319
4856 -3999 -2105 -4148 478 -4297 -485 -1839
4337 -2948 -6009 2228 -2398 4421 913 -2199
1482 2044 -3427 -410 1415 3837 -3916 1476
-4318 -4938 2627 -7840 2693 6846 3414 -838
2458 -8160 2816 -8918 7671 -470 -4919 641
3844 -4976 -3586 -2645 -3480 -1967 -1732 -954
5732 -2640 -7345 1391 -267 6655 2428 -1425
-76 2431 -2265 -2318 2521 3697 -4962 91
-3385 -5842 4153 -7682 5235 5237 3078 1052
1823 -6757 2359 -7095 4309 -4007 -3856 46
3660 -6328 -5324 -2138 -5408 1832 -3231 -1238
6431 -1345 -7374 -290 2537 6915 3218 233
-1356 2039 -627 -3514 3129 3415 -4795 -1284
-2174 -5912 4849 -6476 6187 2462 1793 2223
559 -5846 828 -5516 55 -4102 -2467 186
4302 -7411 -6487 -2754 -3910 5789 -4278 -2046
6334 -98 -6417 -1939 5264 5155 3019 2129
-1974 874 985 -3535 3251 2163 -3690 -2180
-1094 -5029 4549 -4805 4765 -596 247 2445
-603 -5613 -740 -4560 -3550 -1420 -1353 1418
5319 -8070 -6824 -4091 -271 8653 -4151 -3524
5603 1378 -4845 -3405 6572 2773 1961 3596
-1887 -367 1863 -2744 3245 1007 -2183 -2092
-720 -3702 3266 -3234 2494 -2083 -950 1821
-1692 -6365 -2117 -4906 -4884 2067 -1362 2793
6405 -7638 -6147 -5536 4254 8268 -3052 -4328
4278 1880 -3082 -3681 5543 43 446 4148
-1050 -1354 1903 -1227 2318 560 -969 -1231
-986 -2294 1493 -2259 57 -1300 -1384 550
-2122 -7434 -3093 -5932 -2668 6032 -2001 4084
7337 -6635 -9297 -6852 7651 5519 -1290 -4478
2935 1460 -3957 -2810 3413 -2219 -944 3685
225 -1593 1341 337 1037 363 -453 258
-1972 -1206 -1166 -2361 -1951 583 -606 -408
-1683 -8548 -6999 -7416 709 8097 -3432 4685
7370 -5193 -7704 -7112 8306 1622 162 -3522
2004 703 -2727 -1455 1063 -2242 -1557 2595
1217 -1086 324 1191 400 1041 -967 1705
-3162 -985 -2615 -3315 -2006 2681 656 -551
-614 -9120 -6410 -8598 4760 7154 -4602 4226
6763 -3981 -5983 -6460 6247 -2274 1060 -2202
1779 -522 -2320 103 -1362 -424 -968 1494
1820 52 -1196 1205 416 2386 -1849 2615
-4062 -1620 -3161 -4805 -160 4787 2067 114
329 -8883 -5280 -8889 7615 4105 -5079 2904
5581 -3174 -4581 -5182 3054 -4480 1085 -501
2480 -1333 -3082 913 -2170 1517 -40 1060
1700 1300 -2592 307 647 2914 -2933 2372
-4431 -2490 -3108 -6078 2279 5412 3015 1400
1114 -7937 -3538 -8350 7523 617 -4558 1729
4476 -3006 -3919 -3546 -442 -3684 453 657
3287 -1716 -4185 1127 -864 3997 1502 1398
1090 2268 -3440 -957 2000 2922 -3636 1438
-4249 -3546 -2142 -6684 4676 4071 3187 3022
1280 -6613 -2317 -6985 5042 -2825 -3625 813
3463 -3911 -4355 -2185 -3146 -694 -531 863
4117 -1422 -5415 514 1141 5178 2409 2444
-130 2530 -3399 -2458 3200 2739 -3289 323
-3207 -4028 -714 -6233 5672 1928 2370 4065
932 -5290 -1556 -5403 2025 -4255 -1987 755
3173 -4743 -5215 -1704 -3155 2618 -1190 254
4540 -565 -6180 -579 3101 4280 2550 3731
-1125 2165 -2717 -3263 3496 1656 -2138 -652
-2140 -4026 505 -5236 4797 -150 1367 4304
54 -4307 -1706 -2358 -953 -2809 -700 1374
3541 -5545 -6349 1618 -906 5475 -1035 -864
4454 374 -6232 1627 5111 2455 2192 4612
-1453 1220 -1319 -2514 3618 325 -681 -1035
-1129 -3367 1231 -4066 3028 -1924 529 3864
-1076 -4127 -2663 -1260 -2909 -56 -113 2325
4210 -5674 -7002 1153 1851 6075 -45 -1671
3763 1563 -5467 10 5313 792 1098 5190
-1354 120 -107 -2494 2785 -323 626 -377
-638 -2181 1116 -2499 1267 -2098 111 2660
-1736 -4472 -3729 -684 -2204 2808 -227 3405
5064 -5389 -6986 116 4563 4245 1156 -1709
2574 2050 -4117 -1014 3973 -1391 206 4570
-605 -743 647 -1584 1272 -294 1403 641
-775 -1150 267 -1271 -508 -632 835 1641
-1951 -5063 -4536 -789 280 4969 -985 3660
5489 -4517 -6278 -1069 6325 1933 2635 -1417
1534 1542 -2714 -1070 2246 -2366 -78 3483
209 -932 697 -591 726 -295 1600 1511
-1462 -404 -945 -609 -1240 774 1892 1040
-1669 -5691 -4636 -1598 2582 4671 -1489 2933
5509 -3481 -5193 -1912 5822 -806 3537 -637
895 776 -1825 -477 140 -1403 192 2235
1041 -685 4 530 498 609 1149 1987
-2093 -109 -1800 -609 84 2171 2955 932
-943 -5960 -4275 -2644 4736 3037 -1910 2050
4856 -2267 -3644 -2255 3372 -2958 3802 434
579 50 -1391 313 -910 -117 1088 1409
1490 50 -952 1150 426 1499 396 1768
-2644 -298 -2303 -1114 1538 3066 3805 1427
-181 -5695 -3256 -3333 5618 1061 -1573 782
3969 -1778 -2586 -1769 1160 -3082 3256 1130
851 -720 -1741 1290 -392 1146 2332 1102
1487 809 -1917 1217 1203 1569 -14 956
-3063 -1070 -3217 -2050 2684 2323 3928 2225
425 -4942 -4736 -3525 4370 -1350 -656 -140
2900 -1655 -2702 -878 -1085 -1597 2532 976
1581 -1109 -874 2013 500 2623 2952 1331
934 1482 -1796 635 2364 1420 136 -155
-2608 -1718 -3387 -2784 3696 1040 3629 2513
578 -3851 -3394 -3123 2338 -2852 423 -806
2292 -2012 -2229 115 -1711 126 1875 415
2042 -809 -1697 1887 1362 2798 3225 1846
295 1616 -2309 -274 2606 1002 715 -1295
-2018 -2162 -2641 -3181 3751 101 2745 2627
258 -2909 -2404 -2189 562 -2281 1501 -719
1916 -2544 -2244 862 -530 1747 1703 -549
2188 -265 -2425 1448 2888 1538 3029 2302
-426 1214 -2119 -1238 2373 -3 1718 -1780
-1194 -2163 -1556 -2926 2436 -1193 1912 1972
-377 -2270 -1863 -1206 -1093 -892 2055 -389
2196 -3162 -2819 1073 755 3148 1923 -1377
1946 583 -2909 529 3392 595 2337 2142
-696 570 -1414 -1659 2328 -378 2555 -1725
-611 -1727 -616 -2187 1419 -1618 1508 978
-909 -2018 -1846 -421 -1135 272 1889 95
2570 -3226 -3449 882 2104 2607 2617 -2108
1505 1146 -2850 -288 2676 -577 1471 1684
-498 -220 -570 -1628 1675 -414 3055 -1483
-287 -861 -59 -1145 608 -827 1511 -233
-1410 -2198 -2334 112 69 1663 1344 245
2982 -3043 -3845 163 3426 1116 3279 -2111
729 1192 -2118 -802 1761 -1576 962 490
-148 -754 197 -1222 788 -833 2990 -1051
-247 -291 14 -356 -107 -143 1830 -1129
-1651 -2470 -2811 136 1062 2368 789 -249
3247 -2391 -3689 -572 3401 -59 3554 -1786
14 1055 -1341 -990 1254 -1108 846 -617
531 -783 769 -606 712 -295 2447 -612
-715 319 -611 510 172 226 2445 -1326
-1257 -2848 -3176 1026 2254 1574 70 -852
3142 -1535 -3109 518 2040 -1255 3399 -1419
-516 594 -456 40 121 -551 1056 -1381
1051 -752 863 385 870 465 1619 -951
-944 461 -982 818 863 961 2635 -1370
-980 -3077 -3279 514 3072 333 6 -1801
2687 -913 -2324 -83 1297 -1964 2703 -1047
-531 28 20 298 -147 -179 1408 -1770
1277 -264 507 1013 642 258 840 -1373
-1442 378 -1627 859 1165 1053 2620 -1058
-379 -2864 -2900 -251 2524 -356 31 -2561
2230 -481 -1497 -312 488 -1156 1874 -1125
-528 -394 298 728 612 540 1732 -1925
1227 246 -131 1348 1309 119 389 -2178
-1393 -194 -1734 241 1757 297 1946 -812
-3 -2249 -2116 -774 1338 -1197 378 -2895
1554 -495 -837 -58 -423 -502 1094 -1606
-68 -536 -26 1221 931 1055 1676 -1605
938 574 -627 1308 1267 353 377 -2777
-1284 -519 -1561 -226 2040 -137 1266 -842
29 -1698 -1449 -915 980 -1555 771 -3080
1252 -601 -590 288 -108 17 591 -2059
137 -443 -459 1551 1024 282 1356 -1349
599 604 -901 970 1066 -40 634 -3134
-857 -860 -1054 -865 1365 -124 336 -1042
-29 -1067 -812 -839 300 -760 796 -2682
1128 -1036 -676 770 651 968 249 -2630
324 -52 -843 1523 1715 -42 547 -1129
191 295 -712 268 1306 -518 740 -3130
-429 -895 -508 -1055 904 -868 -298 -1497
-325 -864 -620 -500 -452 -655 540 -2314
1171 -1336 -1057 1093 937 964 299 -2972
340 176 -853 1323 1473 -163 -175 -1238
60 -69 -1018 -265 1039 -212 730 -2727
6 -641 -804 -881 885 -769 -656 -1965
-746 -796 -337 -55 36 -24 -19 -2066
1696 -1575 -364 1280 1402 298 444 -2956
-17 499 -673 772 962 -844 -965 -1552
80 -464 -781 -399 506 -196 446 -2248
166 -311 -347 -543 259 -283 -769 -2398
-959 -878 -330 435 724 942 -937 -1827
1793 -1344 -596 899 1782 -23 234 -2521
-353 745 -793 226 1014 -1060 -1319 -1917
380 -831 -236 -394 602 -481 -102 -1811
74 33 -123 -201 -20 -674 -792 -2466
-1027 -1241 -700 563 665 552 -1423 -1971
2090 -1107 -984 511 1320 -460 90 -2002
-761 511 -447 9 309 -357 -1280 -2212
814 -893 232 -63 855 -108 -1023 -1536
-120 325 -182 228 515 26 -604 -2029
-985 -1553 -1075 460 1244 38 -1745 -2212
1908 -794 -932 244 720 -1328 -410 -1565
-840 141 40 -58 -77 -121 -1262 -2132
1008 -800 503 257 379 -81 -1369 -1545
-546 310 -589 512 645 514 -843 -1430
-556 -1717 -1342 -12 1585 110 -1886 -2343
1796 -322 -860 -265 631 -1250 -842 -1058
-823 -115 300 214 281 -169 -1404 -1887
1103 -548 445 558 400 -515 -1775 -1628
-686 121 -913 285 476 107 -1198 -970
-288 -1548 -1417 -432 923 -360 -1808 -2364
1640 -347 -558 -176 -308 -468 -1452 -1120
-725 -357 546 443 559 396 -1438 -1314
1172 -33 124 971 1065 8 -2064 -1840
-874 -66 -1167 114 1076 -149 -1616 -628
-211 -1632 -1491 -510 675 -1443 -1802 -1951
1404 -436 -305 501 -482 -221 -1878 -1001
-381 -676 661 898 456 367 -1594 -695
884 28 -202 478 611 -97 -1931 -1644
-873 -447 -1415 -6 1250 67 -2327 -332
-89 -1369 -1261 155 199 -1034 -1699 -1534
1236 -620 10 831 82 102 -2028 -798
-287 -417 439 1069 950 -190 -1975 -356
688 125 -427 512 391 -584 -1708 -1370
-646 -663 -1372 -295 563 -717 -2402 -108
-261 -1245 -1047 226 -792 -532 -1796 -1032
1257 -1018 -58 1272 252 1135 -1691 -768
187 -317 135 1557 1456 -262 -2258 268
488 182 -601 378 754 -378 -1585 -878
-531 -659 -1151 -484 586 -1139 -2664 -181
-304 -1233 -892 323 -682 -188 -2053 -464
1601 -1287 -339 1670 720 890 -1437 -514
31 -13 -190 1504 828 -853 -2615 241
303 -2 -663 95 477 -136 -1536 -182
-481 -721 -1172 -617 -141 -684 -2615 59
-603 -1358 -960 634 -156 660 -2338 -176
1722 -1360 -551 1890 1672 166 -1334 76
223 91 -336 1579 340 -1455 -2688 400
349 -228 -513 -118 47 -584 -1580 127
-376 -566 -919 -523 -682 -482 -2330 298
-670 -1587 -1180 874 97 1389 -2349 -94
2019 -1657 -1032 2320 1880 -518 -976 579
59 204 -468 1336 184 -993 -2721 411
506 -428 -260 -298 227 -423 -1613 571
-464 -531 -949 -371 -356 -298 -2050 500
-736 -1925 -1518 1191 1049 952 -2476 13
2298 -1487 -1341 2151 1000 -1714 -1068 1265
-46 253 -382 1202 -723 -536 -2386 579
671 -289 -77 -98 -67 146 -1733 749
-738 -433 -1033 -65 -74 688 -1839 1197
-708 -2270 -883 1456 2010 121 -2293 -204
2298 -1459 -375 2167 230 -2218 -930 1593
19 15 13 1188 -923 -266 -2087 930
876 -266 19 43 -23 60 -1742 729
-872 -408 -712 164 275 1065 -1744 1605
-548 -2717 -1096 1563 2008 -757 -1914 -50
2385 -1642 -515 2280 -817 -1696 -895 2002
199 -141 367 1298 -246 761 -1695 1196
892 -180 164 125 645 -173 -1529 942
-1214 -540 -881 384 1223 443 -1638 2058
-326 -2877 -1405 1463 901 -2231 -1445 117
2338 -1470 -426 2168 -1887 -806 -883 2199
512 -516 669 1670 151 1468 -1635 1658
845 150 106 459 678 175 -976 820
-1532 -909 -1366 521 1874 -139 -1821 2288
-157 -3056 -1559 1412 56 -2624 -964 284
2327 -1790 -200 2363 -1812 585 -537 2124
712 -524 813 1836 1140 565 -1559 1884
692 376 -56 664 615 -230 -532 846
-1473 -1214 -1589 346 1132 -941 -1648 2322
-247 -2976 -1571 1381 -1429 -1738 -737 500
2356 -2206 2 2775 -635 2227 -9 2148
1034 -534 902 2270 2079 50 -1654 2043
517 562 -249 781 921 -925 -15 1105
-1595 -1410 -1884 228 479 -2268 -1725 2285
-115 -3266 -1773 1510 -2758 -832 -236 549
2479 -2547 99 3132 674 2493 312 2245
1353 -506 916 2681 1803 -908 -1579 2184
381 483 -440 712 552 -906 389 1319
-1343 -1619 -2004 -146 -227 -1921 -1507 2079
-352 -3401 -1627 1774 -2146 1225 -287 606
2756 -2821 57 3599 2685 1451 881 2540
1653 -277 682 2925 1168 -2221 -1703 1849
214 418 -707 522 -276 -997 815 1643
-1296 -1657 -2019 -235 -1631 -1265 -1214 2037
-495 -3689 -1605 3483 -618 2817 -84 709
2889 -3309 124 4105 3727 -209 1445 2852
1730 -22 463 2158 117 -2691 -1504 1497
181 122 -777 515 -520 -1045 1068 1803
-1495 -1590 -1980 1523 -2129 -286 -892 1960
-753 -3958 -1555 3909 1249 2759 176 315
3317 -3480 -196 4508 2925 -2161 1690 3080
1771 53 383 2267 -1621 -1895 -1252 1289
305 149 -486 401 -675 -40 1079 1667
-1559 -1686 -2030 1521 -1330 1189 -568 1914
-688 -4408 -1796 4497 3490 1279 371 -238
3581 -3540 -429 4965 1186 -4346 1999 3530
1732 -42 451 2201 -2479 -664 -859 924
438 -58 -375 123 -698 253 1110 1554
-1855 -1413 -1841 1868 103 2082 -284 2022
-844 -5127 -2153 5104 4237 -662 904 -586
3803 -3625 -731 5106 -1212 -4279 1642 3383
1755 -313 711 2028 -1856 1067 -464 1040
595 193 -96 254 -67 423 1348 1224
-2208 -1483 -1944 2266 1504 1429 -189 2268
-607 -5417 -2552 5371 2906 -3327 1458 -1044
3846 -3549 -787 5127 -3627 -2452 1702 3348
1976 -574 1038 1995 -660 2597 -366 967
806 340 145 470 1090 590 1673 729
-2708 -1803 -2423 2841 3057 267 -364 2099
-365 -5780 -3002 5663 696 -5094 2024 -1115
3847 -3508 -898 5116 -4264 -139 1546 3184
2390 -877 1486 2143 1066 2420 -240 943
679 670 122 777 1338 -48 2153 471
-2890 -2206 -2894 3070 3008 -1354 -639 1813
-132 -5923 -3324 5690 -2008 -4537 2528 -986
3813 -3835 -552 5115 -2906 2855 1764 2691
2698 -951 1775 2364 3042 1035 -451 795
763 834 172 1057 1248 -1239 2464 366
-2999 -2421 -1398 3293 1641 -3328 -968 1366
120 -6017 -538 5716 -4566 -2491 2764 -1087
3746 -4311 2897 5369 -249 4696 2176 2528
3054 -1015 3830 2751 3719 -901 -814 489
319 1093 844 1406 1193 -1609 2880 512
-2908 -2958 -1841 3169 -117 -4091 -990 719
-47 -5982 -401 5605 -4741 483 2703 -952
3846 -4676 3363 5683 2834 3747 2479 2268
3608 -822 4063 3344 2714 -3299 -991 -128
-9 1139 540 1620 35 -1949 2989 633
-2565 -3148 -2151 2705 -2114 -3039 -766 79
-171 -5964 -134 5640 -2757 3642 2618 -1066
3880 -5345 3867 6164 5491 997 2669 2491
3724 -458 4007 3721 641 -4563 -1050 -691
-175 810 242 1345 -927 -1750 2775 812
-2505 -3199 -2257 2578 -3462 -1412 -475 -200
-523 -6203 251 5945 354 5184 2374 -1647
4330 -5763 4198 6890 5571 -2518 2662 2825
3911 -339 3979 4069 -1771 -4048 -1115 -1470
-145 418 -96 925 -1131 -989 2483 803
-2415 -2936 -2068 2460 -2879 765 -259 -353
-930 -6741 748 6551 3904 3663 2364 -2091
4825 -5968 4219 7549 3292 -5905 2233 3040
3701 4 3453 3910 -3801 -2189 -637 -1882
-76 241 -216 684 -1311 -2 2061 613
-2439 -2538 -1674 2450 -1214 2703 -168 -229
-1059 -7108 913 7078 6106 458 2535 -2559
5193 -5967 3984 7920 -593 -7023 1777 3164
3410 -263 3334 3563 -3778 245 -354 -1990
329 47 259 216 -335 554 1762 -144
-2701 -2487 -1399 2785 948 3037 -558 -112
-985 -7788 909 7804 5627 -3637 3092 -3042
5302 -5703 3593 7834 -4362 -5249 1033 3104
3179 -694 3328 2943 -1970 2550 -155 -1767
702 47 560 223 661 457 1754 -465
-3299 -2327 -1007 4311 3409 1523 -1145 -49
-740 -8294 525 7753 2601 -6828 3580 -2763
5409 -5439 3295 5520 -6608 -1926 521 2638
3408 -1221 3667 500 445 3331 -291 -1581
1012 202 1133 -161 1293 -156 1865 -849
-3621 -2546 -1061 4850 4160 -939 -1575 -329
-369 -8688 22 8288 -1572 -7402 3865 -2563
5071 -5206 3135 5112 -5706 2029 228 2150
3545 -1839 4125 -147 3062 1838 -604 -1278
1059 730 1480 229 1392 -1039 2416 -774
-3850 -3227 -1625 5510 3107 -3672 -2248 -811
124 -8395 -618 8212 -5142 -5160 3954 -1955
4610 -5304 3367 4572 -2427 5194 300 1698
4113 -2036 5044 -146 4515 -603 -1421 -1531
833 1180 1608 663 1142 -2207 2700 -498
-4020 -3789 -2320 5983 878 -5225 -2251 -1684
413 -8190 -961 8014 -7145 -1573 3731 -1457
4154 -5848 4083 4098 2052 5342 559 1493
4698 -2138 5603 -90 3625 -3483 -1910 -1794
339 1375 1281 1463 162 -2527 2667 29
-3640 -4435 -3081 6033 -1723 -5097 -2256 -2393
270 -7673 -752 7332 -5465 2672 2857 -1204
4097 -6547 4842 3971 5830 2641 758 2024
5222 -1789 5862 519 1273 -5640 -2235 -2607
-289 1116 411 1781 -850 -2433 2190 841
-2999 -4648 -3563 5561 -3963 -3421 -1736 -2783
21 -7380 -339 6794 -1872 5314 2339 -1421
4249 -7151 5537 4199 6955 -1733 763 2564
5467 -1454 5766 1151 -1655 -5783 -2096 -3337
-498 612 -296 1853 -1389 -1839 1289 1178
-2517 -4556 -3660 4862 -4629 -969 -962 -2604
-610 -7315 358 6561 2573 4909 1961 -1894
4718 -7708 5834 4825 5042 -5884 158 2995
5015 -882 5821 1707 -4217 -3722 -1528 -3752
-648 -112 -144 1323 -1296 -968 487 948
-2244 -4183 -951 4244 -3417 1594 -689 -2020
-1036 -7651 5193 6693 6034 1856 1971 -2367
5231 -7674 9287 5571 942 -8625 -486 3524
4561 -454 5473 1955 -4867 -903 -833 -3642
-239 -796 -662 446 -1067 -419 -19 500
-2154 -3498 -432 3685 -1031 2756 -815 -1427
-1480 -8338 6087 7384 6677 -2379 2636 -2480
5823 -7374 9142 6324 -3814 -8005 -1688 3510
3963 -639 4696 1507 -3426 2034 -316 -2997
348 -1117 -853 -386 -458 -355 -326 -240
-2428 -2999 233 3594 1554 2019 -1239 -753
-1251 -9146 6422 8327 4316 -6555 3261 -2284
5953 -6727 8412 6563 -6950 -4354 -2448 2816
3422 -1286 3886 613 -764 3225 -259 -2195
960 -1192 -564 -1220 211 -859 129 -832
-3057 -2710 1217 4080 3501 11 -2186 -701
-732 -9786 6265 9286 25 -8839 4124 -1630
5799 -6208 7599 6393 -7319 253 -2641 2034
3379 -2077 3769 -368 2028 2262 -841 -1536
1532 -776 177 -1400 199 -1544 914 -886
-3797 -3026 1728 5087 3520 -2607 -2989 -1308
27 -9930 5488 9697 -4409 -7774 4314 -297
5018 -5515 6555 5483 -4560 4189 -2606 1131
3448 -3001 3891 -1353 3668 -565 -1477 -963
1703 -79 1100 -1132 -152 -2170 1392 -465
-4003 -3840 1466 5940 1895 -4900 -3236 -2063
792 -9515 4412 9492 -7339 -4459 3849 663
4352 -5690 6377 4477 -282 5626 -1699 945
4093 -3465 4773 -1629 3435 -3273 -2383 -1306
1212 631 1723 -232 -701 -2256 1796 415
-3961 -4762 773 6468 -754 -5957 -2768 -2850
1196 -8636 3424 8740 -7374 204 2781 1238
3305 -5990 6445 862 3677 3394 -965 1135
4853 -3603 5861 -4872 1189 -5672 -2806 -2119
493 762 1625 -196 -1172 -2068 1231 1476
-3247 -5531 -537 6623 -3206 -5366 -1685 -3646
1109 -7502 2695 5631 -4544 3863 1537 1337
3087 -6794 7304 -1476 5956 -419 -538 2042
5491 -3140 6598 -4500 -1846 -6020 -2475 -3064
-364 563 971 865 -1339 -2093 252 2217
-2325 -5807 -1699 6534 -4847 -3395 -491 -3229
418 -6755 2833 4439 -578 4923 816 581
3214 -7669 8263 -1898 5053 -4808 -709 2947
5585 -2155 6650 -3356 -4381 -4410 -1524 -3591
-789 -350 -252 1484 -1278 -1726 -774 2122
-1334 -5586 -2471 5804 -4784 -882 360 -2244
-330 -6334 3481 3315 3129 3088 844 -165
3817 -8162 9178 -1595 1737 -7770 -1601 3739
5105 -1341 6072 -2300 -5622 -1859 -395 -3689
-1185 -1475 -1586 1761 -1179 -1724 -1605 1352
-548 -4740 -2639 4503 -3479 1291 725 -1259
-1150 -6713 4576 2772 5142 -462 1368 -709
4545 -8206 9440 -618 -2779 -8074 -2806 3720
4197 -1040 4856 -1444 -4371 645 692 -2603
-456 -2530 -2555 898 -1092 -1930 -1780 220
-548 -3600 -1884 3184 -1256 1922 -22 -73
-1549 -7590 5668 3001 4519 -4536 2548 -853
5319 -7509 9091 586 -6732 -5705 -3808 3080
3151 -1078 3419 -1109 -2045 2057 896 -1540
497 -3110 -2746 -377 -1213 -2278 -1164 -816
-937 -2707 -667 2356 852 1174 -894 169
-1369 -8352 6121 3719 1317 -7326 3471 -42
5536 -6414 7831 1778 -7977 -1937 -4222 1614
2176 -1979 2251 -1711 380 1469 658 -103
1523 -3073 -2149 -1753 -1659 -2209 -141 -1291
-1747 -2401 365 2371 2010 -619 -1777 -242
-638 -9082 7443 5079 -2895 -7676 3993 1188
5111 -5218 7583 2210 -6272 1816 -3525 362
1875 -3136 -196 -2993 1948 -641 -509 398
2318 -2376 -2738 -2722 -2216 -1997 1066 -874
-2697 -2714 3202 3166 1780 -3006 -2401 -1297
491 -9092 8672 6316 -6208 -5559 3423 2546
4045 -4326 5840 1687 -2793 3847 -2463 -285
2208 -4177 -597 -4465 1771 -3213 -1735 88
2327 -1305 -1464 -2794 -2218 -1517 1855 256
-3186 -3682 3825 4479 332 -4547 -1685 -2355
1491 -8375 7243 6871 -7558 -2303 2208 3460
2766 -4035 4379 432 784 3216 -1174 -147
2977 -4867 -98 -5560 6 -5113 -2446 -866
1937 -341 -100 -2174 -2133 -1032 1683 1547
-2941 -4899 3529 5842 -1778 -5077 -579 -3083
2098 -7088 5602 6462 -6400 1117 665 3340
1525 -4674 3646 -1282 3079 286 -113 737
3947 -4900 1034 -5918 -2530 -5430 -2410 -2121
809 75 760 -742 -1763 -919 772 2416
-2260 -5935 2515 6614 -4157 -4364 832 -3020
2069 -5573 3928 5355 -3689 3118 -239 2521
1059 -5508 3932 -2409 2972 -3097 -30 1994
4641 -3995 2473 -5270 -4577 -3938 -1319 -3129
-270 -226 788 725 -1299 -1164 -712 2494
-918 -6202 661 6412 -5257 -2848 2206 -1994
1121 -4452 3025 3502 -396 2834 -697 1229
1376 -6754 5091 -2995 834 -5952 -742 3067
4645 -2895 3339 -3854 -5457 -1555 225 -3135
-1205 -1248 -105 1818 -1138 -1790 -1930 1586
340 -5613 -1022 5166 -5157 -845 2609 -255
-24 -3981 3163 2036 1827 850 -88 -57
2027 -7271 6246 -2511 -2314 -6573 -2000 3200
4127 -1461 3662 -2035 -4652 307 1484 -2357
-1293 -2772 -1906 1924 -1397 -2512 -2145 -35
1316 -4597 -2016 3705 -4222 655 2005 1019
-1081 -4328 3980 -1241 2147 -2009 1270 -655
3241 -7286 7557 -5883 -5341 -5298 -3451 2506
2956 -957 2785 -2763 -2786 1598 2138 -1067
-559 -4118 -3723 3176 -2260 -3072 -1657 -1456
1323 -2975 -2017 3084 -2461 1107 742 1632
-1693 -5309 5501 -2017 663 -4670 2600 50
4213 -6316 7794 -4375 -6728 -2351 -3763 951
1330 -983 1123 -1176 -959 1010 1810 699
728 -4615 -4802 2226 -3380 -2777 -287 -2264
717 -1890 -1076 1501 -971 806 -534 1524
-1527 -6510 6916 -1719 -1896 -5901 3260 1393
4575 -4818 7022 -2421 -6286 347 -3375 -674
217 -1913 -775 -690 125 -556 563 1567
1983 -4377 -4935 657 -4189 -2064 1390 -1980
-511 -1333 583 395 -202 -672 -1582 90
-522 -7154 7233 -385 -4477 -5080 2999 2933
3891 -3279 5330 -891 -4167 2286 -2157 -1770
-239 -3286 -2155 -1312 -91 -2382 -918 1315
2845 -3291 -4047 -1118 -4291 -1084 2518 -720
-1621 -1694 2030 520 -349 -2215 -1393 -1399
831 -7100 6641 1445 -6156 -3061 1669 3729
2702 -2118 3287 -210 -1757 2389 -393 -1769
155 -4587 -2698 -2876 -1631 -3623 -2134 312
2999 -1944 -2396 -2287 -3778 -33 2572 847
-2379 -2823 3001 1616 -1545 -3502 -263 -2536
2007 -6275 5100 3075 -6244 -464 33 3768
1115 -1836 1465 -735 109 796 1009 -671
1189 -5331 -1943 -4512 -3543 -3771 -2182 -1347
2401 -484 -557 -2540 -3036 451 1834 2110
-2347 -4167 2828 3236 -3172 -3846 1448 -2663
2760 -4687 3011 3886 -5151 1436 -1535 2865
-80 -2563 829 -2062 606 -1285 1373 696
2407 -5068 -389 -5653 -5091 -2691 -1301 -2563
1023 94 853 -1464 -2079 58 150 2482
-1226 -5306 4547 4904 -4468 -3076 2951 -1622
2501 -3053 3270 3535 -3154 2102 -2061 1055
-726 -3694 -1278 -3778 -577 -3132 888 2190
3478 -4214 -2394 -6092 -5630 -946 326 -3148
-540 -407 1011 514 -1548 -890 -1384 1548
120 -5583 3248 5849 -5272 -1740 3651 -72
1630 -1806 1513 2163 -1409 1558 -1403 -645
-400 -5125 -784 -5291 -2711 -4015 -727 2807
3740 -2514 -359 -5046 -5036 507 1911 -2582
-1471 -1445 1214 2248 -1906 -1808 -2136 79
1535 -5065 1149 5746 -5316 -138 3271 1716
131 -1328 460 197 -381 92 47 -1378
626 -5726 688 -5700 -4624 -3337 -2407 2087
3026 -1059 1024 -3176 -3480 1158 2860 -855
-1618 -2912 119 3527 -2656 -2442 -1502 -1703
2661 -3537 -900 4282 -4587 834 1617 2693
-1333 -1852 623 -1661 -731 -1728 1843 -1288
1969 -5714 2552 -4931 -6032 -1809 -3358 638
1773 -118 1527 -1224 -2395 1092 2798 633
-901 -4337 -1728 3711 -3852 -2388 -144 -2712
2327 -1711 -1837 2213 -3150 1212 -151 2363
-1989 -3015 1909 -2480 -1913 -2773 2944 84
3116 -4578 3997 -3191 -5818 -102 -3053 -1233
-36 -215 553 464 -1570 41 1475 1875
642 -4793 -3573 2446 -4517 -1549 1667 -2581
1535 -524 -1800 438 -2073 1139 -1368 1255
-1725 -4471 3806 -2072 -3692 -3003 2992 1928
3620 -2950 4545 -1107 -4786 1305 -1782 -2598
-1326 -1160 -1153 923 -1645 -1249 -400 1881
2014 -4423 -4788 621 -4956 -383 2981 -1600
27 271 -545 -908 -1672 -44 -1671 -581
-631 -5410 5353 -587 -5203 -2089 1861 3118
3047 -1204 3734 586 -3316 1912 34 -2985
-1661 -2596 -3114 404 -2523 -1873 -1814 820
3007 -3106 -4790 1677 -4581 731 3425 25
-1420 -276 1423 -1532 -1834 -1133 -714 -2295
810 -5560 6005 -2413 -5609 -648 135 3412
1885 -49 2095 -21 -2180 1393 1713 -2092
-1182 -4011 -4399 1154 -3617 -2028 -2079 -1123
3076 -1349 -3462 -340 -3668 1221 2516 1719
-2425 -1376 3268 -1631 -2923 -1606 998 -2913
2232 -4683 5509 -284 -5275 801 -1771 2502
236 99 -118 578 -1429 160 2356 -571
150 -4684 -4559 -641 -4509 -1354 -1441 -2722
2279 276 -1432 -1901 -3067 956 818 2376
-2536 -2999 4427 -343 -4074 -1502 2551 -2295
2827 -3159 3840 1498 -4194 1908 -2511 681
-952 -696 -1594 132 -1757 -799 1833 1006
1653 -4296 -3483 -2594 -4824 -200 228 -3614
791 983 637 -1973 -2539 432 -1079 1787
-1564 -4185 4131 1535 -4696 -810 3477 -785
2508 -1451 1715 2287 -2997 1894 -2114 -1290
-1458 -2122 -2276 -1594 -2708 -1756 117 1978
2841 -3002 -1483 -4131 -4891 743 1972 -3248
-684 999 2106 -1049 -2629 79 -2187 98
-60 -4408 2791 3466 -4854 333 3280 853
1357 -210 -196 1884 -1909 1045 -665 -2409
-1108 -3670 -1648 -3560 -3890 -1606 -1604 1540
3384 -1347 680 -4657 -4511 1312 3212 -1810
-1790 -154 2376 798 -3131 -383 -2141 -1820
1149 -3860 839 4255 -4454 1242 1727 2094
-297 123 -1054 271 -1765 136 1023 -2413
214 -4576 167 -5197 -4928 -729 -3045 180
2559 396 2280 -3530 -3494 1548 3154 153
-1959 -1635 1415 2611 -3488 -135 -1130 -3062
1961 -2195 -1053 3817 -3373 1420 -151 1936
-1619 -684 -576 -1701 -2429 -916 2406 -1247
1845 -4566 2298 -5640 -5470 222 -3265 -1859
1300 1290 2041 -1832 -2922 1677 1993 1558
-1170 -2760 1808 3710 -3698 274 494 -3270
1803 -561 -795 2396 -2514 1232 -1751 793
-2487 -2085 -1425 -3618 -3414 -1222 2611 475
3143 -3562 954 -5002 -5193 1516 -2347 -3509
-159 1135 2090 165 -2241 1189 203 1724
147 -3137 -3 3496 -3756 489 2040 -2362
692 908 -1909 173 -2514 735 -2454 -1014
-2375 -3666 67 -4621 -4749 -617 1621 2143
3788 -2023 2745 -3281 -4194 2682 -666 -4235
-1466 256 1388 1716 -2257 565 -1685 928
1722 -2625 -1972 2174 -3412 569 2358 -537
-1014 1403 -1727 -1913 -2837 -129 -1608 -2851
-1308 -4959 2128 -4061 -5466 449 -281 2865
3449 -470 3255 -1340 -2957 2964 961 -3511
-1623 -1122 -255 1726 -2386 310 -2347 -615
2658 -1178 -3099 30 -3346 790 1629 1165
-2513 1099 -419 -3119 -3521 -111 -46 -3644
121 -5143 3845 -2697 -5202 1869 -2185 2322
2278 630 2737 312 -1690 2224 1741 -1984
-1088 -2335 -2015 890 -3000 -2 -2187 -2281
2785 635 -3057 -1950 -3602 812 -150 2017
-3667 -146 1581 -3114 -4455 409 1586 -3259
1486 -4424 4576 -698 -3990 3147 -3399 806
813 777 1036 981 -1181 1328 1332 -278
526 -3198 -3488 -1218 -3406 -358 -660 -3262
2010 2156 -1775 -3378 -3716 812 -2148 1785
-3760 -1706 3454 -1927 -4853 1261 2749 -1868
2143 -2969 3988 988 -2695 3099 -3437 -925
-263 -106 -818 276 -1455 258 -68 945
2153 -2863 -3616 -3216 -4183 244 1104 -2980
640 3076 106 -3669 -3840 1433 -3592 624
-2893 -2765 4342 -203 -3962 2445 2575 -17
1779 -1592 2404 1533 -1211 2308 -2326 -2113
-862 -1552 -2380 -383 -2329 -817 -2040 1000
3372 -1645 -2514 -2928 -4853 949 2452 -1657
-898 2983 2113 -3835 -3894 2080 -4034 -1225
-1729 -3158 4089 -1289 -2903 3161 1467 1429
781 -433 420 526 -863 1256 -714 -2155
-420 -3365 -2921 -1920 -3757 -915 -3588 -164
3649 60 -499 -4394 -4548 1783 2472 345
-1882 2121 3420 -3049 -3335 2633 -3263 -2684
-514 -2662 2861 327 -1925 2618 -327 1845
-877 -432 -1174 -139 -1405 -62 521 -1136
898 -4100 -2027 -3892 -5005 120 -4011 -1840
3339 1540 1467 -5007 -4049 3148 1641 2210
-2175 760 3464 -1392 -2133 2955 -1883 -3001
176 -1170 858 1115 -1053 1579 -1904 1094
-2227 -1078 -2026 -1634 -2662 -881 893 775
2498 -4113 -331 -5428 -5381 1484 -3298 -3340
2183 2603 3046 -4411 -3212 3847 -39 3097
-1439 -185 2453 146 -1387 2442 -476 -2177
-223 399 -826 581 -1150 576 -2675 -276
-2981 -2610 -1517 -3815 -4304 -398 163 2612
3908 -3380 1718 -6204 -4858 3177 -1789 -4120
822 2523 3390 -2665 -1613 3499 -1820 2813
-60 -691 699 1119 -1074 1331 296 -724
-1150 1708 -1819 -800 -2469 -254 -2248 -1699
-2882 -4140 -101 -5448 -5427 1160 -1277 3511
4560 -2042 3208 -5670 -3277 4662 -107 -3461
-180 1576 2503 -976 -476 2686 -2829 1645
1208 -56 -888 837 -1129 244 -271 1058
-2582 2266 -1662 -2692 -3722 -219 -800 -2467
-1980 -5470 1953 -6462 -5240 2769 -3244 3665
4220 -623 3655 -4292 -1548 4625 986 -2023
-445 278 944 81 -383 1151 -2651 378
2142 1221 -1944 -409 -2411 -103 -1630 2242
-4359 1762 -295 -4791 -5058 1149 1167 -2166
-584 -5788 1054 -6109 -3664 4531 -4640 2601
3267 211 1727 -2564 283 3555 1040 -404
253 -944 -817 241 -1082 -208 -1468 -591
2355 2844 -3692 -2352 -3980 -61 -3288 2310
-5347 622 -2075 -5849 -5220 2793 2376 -906
447 -5205 1381 -4824 -1816 5247 -4712 1064
2040 163 1107 -1377 849 1807 186 1013
1686 -1513 -2810 -956 -2253 -704 264 -283
1613 4214 -3872 -4147 -4713 1349 -4571 1490
-5419 -745 -452 -5778 -3663 4166 2945 1075
1078 -4043 2014 -3329 147 4236 -3872 144
910 -755 -494 -1000 -110 -561 -1234 1415
3112 -1289 -3939 -2708 -4164 -111 1639 967
272 4965 -2752 -5433 -4888 3196 -4830 -5
-4646 -1805 1161 -4615 -1598 5058 2146 2558
713 -2874 1436 -2094 1559 2181 -2409 -13
693 -2182 -2255 -1982 -1715 -1536 -2408 849
4171 -298 -4249 -4646 -5418 1254 2380 2623
-1006 4796 -1122 -5616 -3604 4471 -4193 -1310
-3671 -2156 1877 -3308 176 4576 969 3413
-112 -2130 230 -1673 907 83 -921 691
1045 -3555 -3727 -3435 -3933 -689 -2875 -505
4599 962 -3421 -5860 -4927 3498 1723 4567
-1790 3980 257 -4855 -1132 5061 -2564 -2006
-2566 -1744 1716 -1833 1364 2571 -158 3325
-1429 -1975 -1420 -2018 -1043 -1627 -39 2110
2258 -4459 -4102 -5259 -5769 927 -2097 -2003
4249 2156 -2012 -6243 -3561 5272 553 5463
-1892 2786 1256 -3292 514 4455 -967 -1514
-2160 -635 470 -1283 1353 546 -732 2177
-2594 -2720 -2853 -3511 -3109 -1419 -360 3684
3573 -4699 -3649 -6664 -5686 3268 -722 -2607
3324 2760 -579 -5620 -742 5474 -500 5501
-1229 1889 1176 -1910 1442 2506 120 -349
-2165 617 -1067 -880 -515 -895 -498 1071
-3205 -4039 -3418 -2891 -5122 295 -1240 4604
4675 -3897 -2084 -5520 -3865 5746 1219 -2291
2134 2629 515 -4544 1570 4442 -1355 4525
-232 1347 230 -1676 1349 212 389 1048
-3036 1589 -2595 -1486 -2709 -1540 964 198
-3181 -5459 -3125 -4589 -6082 2547 -2614 4462
5088 -2889 -771 -5939 -1131 6501 2498 -1424
1463 1831 578 -3326 2242 2504 -1340 3323
1047 1771 -1404 -814 -320 -964 -369 2127
-4234 1921 -3184 -2533 -4288 198 2637 209
-2244 -6308 -1831 -5986 -4461 4968 -3457 3630
4915 -1935 260 -5409 1935 5121 3091 18
1224 636 -187 -1804 1630 -141 -384 2276
1848 2686 -2759 -867 -2746 -1042 -1230 2285
-5536 1625 -3142 -4216 -5377 2553 4084 1028
-1372 -6761 -596 -6664 -1466 6883 -3499 2380
4176 -1249 622 -4465 3453 3057 3037 1082
1723 -395 -1655 -871 -32 -1902 1114 1877
1953 3888 -3562 -1713 -4188 274 -2007 1419
-6147 487 -1918 -5582 -4596 4389 4920 2360
-255 -6430 681 -6543 1314 6160 -2953 1078
2918 -1218 19 -2858 2567 151 2186 1519
2881 -997 -3164 -740 -2854 -1504 2471 2471
1395 4728 -3556 -3085 -4522 2849 -2393 114
-6302 -762 -430 -6452 -2074 5959 4605 3774
70 -5479 1058 -5515 3789 3608 -1694 244
2061 -2141 -1375 -1965 692 -2569 1366 987
3869 -1063 -4157 -1209 -4866 279 3146 3419
402 5285 -2763 -4450 -4008 4668 -1644 -1385
-5636 -1617 718 -6234 794 5914 3743 4019
36 -4579 870 -4248 3615 1052 -288 200
1859 -3345 -2869 -1679 -2221 -2714 915 -209
4652 -247 -4250 -2621 -4888 2870 3025 4491
-433 5043 -2791 -5108 -1539 5470 -341 -2177
-4804 -1996 -1484 -5472 2776 3856 2763 3974
-708 -3863 -2081 -3232 1610 -1781 613 858
2247 -4212 -5642 -2385 -4981 -722 1531 -1496
4932 490 -6493 -3744 -3411 5667 2381 5130
-1149 4217 -3129 -5027 1183 5146 1204 -2388
-3837 -1770 -680 -4178 3535 1448 2040 3038
-1760 -3945 -3230 -2908 -1037 -3147 829 1693
3034 -4833 -6587 -3396 -5736 2159 2607 -2373
4646 1375 -5963 -4537 -1096 6127 1279 4953
-1290 3228 -1815 -4277 2435 3364 2370 -1773
-3329 -955 -880 -3113 1998 -590 2232 1753
-2553 -4371 -4495 -3290 -3809 -1799 61 2136
3973 -4995 -7099 -4702 -4157 5487 3813 -2667
3862 1686 -4971 -4593 2060 5075 450 3907
-789 2199 -1039 -3093 2543 820 2724 -1075
-3278 -295 -1580 -2631 -164 -2024 2743 807
-2907 -5444 -5440 -4331 -5762 829 -762 1745
4752 -4655 -6671 -5535 -1439 7225 4934 -2522
3129 1523 -3884 -4023 4017 2981 300 2718
77 1774 -1093 -1850 1574 -674 2289 -561
-3858 362 -2650 -2846 -2308 -1852 3720 233
-2686 -6303 -5870 -5563 -5025 3857 -1697 803
5056 -4040 -5922 -5883 1910 6368 5461 -1608
2285 806 -2919 -2860 3022 -68 625 1141
988 1785 -1545 -1078 -878 -1000 1468 -464
-4496 661 -3496 -3496 -4089 564 4649 507
-1970 -7119 -5537 -6689 -2452 6602 -1937 -576
4735 -3272 -4850 -5417 4737 3816 5094 -870
2270 -166 -2895 -1643 1209 -2260 1524 588
1565 2345 -2584 -964 -2477 -639 693 -1142
-5255 119 -3779 -4536 -4399 2587 4870 1098
-1114 -7206 -4606 -7004 571 7005 -1689 -1951
4209 -2755 -4143 -4561 4842 550 4435 -645
2394 -982 -3401 -783 -1203 -1946 2158 286
1623 2934 -3231 481 -2867 960 414 -2281
-5736 -665 -3589 -2779 -2446 4397 4468 1758
-537 -6956 -3638 -4180 3671 5015 -977 -2627
3360 -2790 -3937 -1460 2610 -2814 3568 -892
3130 -1624 -4374 1446 -3763 -481 2529 680
1398 3368 -3690 67 -2714 3141 408 -3208
-5520 -1619 -2586 -3761 -195 5632 3482 2039
-81 -6377 -2749 -4004 5292 2248 -224 -3185
2721 -3096 -4208 -280 -502 -3672 2817 -1831
3675 -1678 -5162 1586 -3919 1623 2326 1179
677 3618 -3559 -897 -1406 3824 1001 -4219
-4953 -2182 -1608 -4092 1783 4764 2405 1707
-178 -5556 -2362 -3244 4060 -1101 269 -2888
2406 -3940 -5187 430 -3621 -2078 2708 -2852
4159 -1481 -5793 1479 -2592 4381 1600 1558
97 3160 -2765 -1579 848 3495 1623 -4291
-4169 -2552 -625 -4121 3392 2710 1413 887
-698 -5294 -2730 -2429 1268 -3753 278 -2498
2364 -4783 -6222 677 -5522 614 2945 -3536
4164 -1219 -5667 913 -432 5388 578 1235
-354 2433 -1783 -2013 1789 2952 2160 -4121
-3395 -2553 72 -3577 3676 947 687 1
-1213 -5209 -3260 -1752 -1546 -3277 -344 -2124
2881 -5023 -6669 386 -4460 3644 3575 -3741
3939 -739 -5290 263 2501 4159 -483 777
-320 1554 -795 -1883 1873 1294 2139 -3392
-3010 -2126 77 -2870 2060 -1347 550 -832
-1560 -5594 -3908 -1732 -4210 -1344 -1173 -2328
3275 -5195 -6961 -101 -1690 6406 3771 -3471
3209 -694 -4411 -80 3841 1929 -888 -264
-25 600 -44 -1369 1694 166 1717 -2782
-2895 -1671 -283 -2204 180 -2232 959 -1305
-1755 -5954 -4497 -2000 -5365 1239 -2094 -2902
3715 -4908 -7235 -916 1644 6229 3708 -3002
2646 -1008 -3062 20 2945 -240 -1089 -1044
641 234 207 -384 498 125 814 -2456
-2957 -1374 -2174 -1876 -1264 -1281 1064 -1230
-1535 -6443 -6703 -2575 -3372 4163 -2531 -3384
3800 -4438 -6898 -1314 4646 3779 3383 -2237
2151 -1506 -2353 576 1256 -2272 -886 -1367
1159 150 351 308 -613 -126 -157 -2487
-3332 -1323 -2638 -1897 -2777 101 881 -910
-1211 -6868 -7025 -3277 -810 6331 -2610 -4181
3671 -3898 -6145 -1439 5262 769 2296 -1789
1866 -2180 -1677 1289 -629 -2231 -568 -1445
1651 313 139 852 -757 721 -667 -2904
-3622 -1689 -3038 -2557 -3083 1237 379 -245
-460 -6979 -6635 -3994 2124 5419 -2242 -4609
3029 -3704 -5554 -1002 3405 -2197 1380 -1693
1906 -2764 -1423 2018 -2546 -358 -675 -1029
1565 347 -1 773 -255 1510 -1101 -3247
-3718 -2298 -3039 -3229 -1762 3053 -424 175
-2 -6603 -6035 -4109 4831 3071 -2022 -4634
2501 -3536 -4901 -380 792 -4166 699 -1738
2279 -3224 -1623 2623 -3060 1546 -818 -472
1385 559 -323 472 -322 1195 -946 -3322
-3504 -2969 -2745 -3814 -494 3985 -1447 189
190 -6335 -5520 -3966 4969 500 -1584 -4220
2059 -3818 -4800 254 -1953 -3203 147 -2044
2510 -3399 -1784 2880 -1249 3589 -1302 -26
1077 502 -362 159 298 830 -946 -3182
-3162 -3424 -2281 -4155 1574 3328 -2153 19
303 -5896 -4984 -3673 3173 -2486 -1715 -3523
1912 -4204 -4932 627 -4357 -647 319 -2283
2644 -3366 -2036 2768 720 4123 -1986 204
692 -19 166 -297 382 773 -866 -2558
-2559 -3632 -1417 -3955 2848 2312 -2649 -470
144 -5715 -4814 -3285 944 -4299 -2055 -3131
1711 -4728 -5325 3958 -4170 2418 356 -2091
2837 -3174 -2149 4221 2256 2456 -2633 181
460 -577 744 -394 -262 564 -863 -1842
-1944 -3633 -730 -3214 2772 1141 -3073 -753
-61 -5475 -4711 -575 -1798 -3225 -2319 -2417
2090 -4902 -5674 3960 -1691 5012 402 -1659
2429 -3071 -1932 3832 3418 438 -2966 74
593 -1156 1400 -585 -207 379 -1158 -1219
-1726 -3503 -454 -2981 2366 -989 -2909 -602
-305 -5682 -5008 -254 -4070 -1118 -2823 -2356
2203 -5017 -5926 3938 991 5425 624 -1054
1989 -3107 -1551 3392 2663 -1082 -3041 20
806 -1715 2096 -709 -65 1371 -1714 -540
-1479 -3322 -184 -2854 1635 -2190 -2884 -543
-289 -5893 -5376 -227 -3906 1499 -3036 -2279
2485 -4727 -5820 3487 3371 3383 404 -277
1661 -3296 -1028 3264 259 -2496 -2731 37
1000 -2193 2679 -621 105 1981 -2200 -22
-1442 -3227 -260 -2579 -386 -2075 -2592 -157
-310 -6103 -5463 -437 -2111 4230 -2904 -2083
2499 -4358 -5622 3029 4763 896 -93 404
1156 -3610 -310 3035 -1282 -1987 -2365 176
1273 -2302 2804 -314 1109 1344 -2567 89
-1687 -3325 -627 -2539 -1966 -1562 -2470 445
3 -6230 -5491 -768 -14 4890 -2767 -2277
2267 -4350 -5283 3065 3974 -1885 -370 720
1065 -4088 -66 3315 -2628 66 -2174 739
1570 -2386 2815 33 1943 771 -2590 38
-1561 -3554 -517 -2862 -2174 -330 -2744 795
223 -6223 -5368 -1127 2614 3727 -2212 -1968
1969 -4024 -4754 2853 1162 -3761 -757 1023
1044 -4579 205 3719 -2508 2032 -1940 1336
1541 -2362 2807 5 1594 -132 -2460 248
-1551 -3798 -551 -3162 -2108 1867 -2924 980
420 -6037 -5614 -1392 4609 1865 -1697 -1537
1457 -3953 -2027 2906 -1204 -3561 -806 1106
1235 -4916 2779 4050 -463 3100 -1831 1929
1326 -2343 2111 -107 914 -1708 -2221 606
-1322 -4223 -2827 -3634 -1388 2860 -3067 1217
799 -5773 -5196 -1716 4130 -711 -1377 -879
1248 -4167 -1810 3268 -3565 -1358 -590 1283
1232 -5075 2920 4326 1769 3440 -2028 2416
1088 -2465 2017 -323 -24 -1881 -1734 1004
-1167 -4408 -2724 -3866 596 3166 -2961 972
783 -5544 -4946 -1653 2321 -3195 -1115 -231
1053 -4382 -1654 3656 -3841 1190 -318 1355
1407 -4934 2680 4332 2834 2024 -2074 2536
1069 -2709 2127 -464 -1338 -1121 -1671 1264
-809 -4569 -2400 -4191 2451 2931 -2768 811
805 -5536 -4793 -1602 241 -3566 -1089 171
960 -4549 -1579 3858 -1932 3301 41 1441
1428 -4778 2565 4201 3382 -649 -1990 2722
837 -2855 2139 -956 -2020 102 -1339 1707
-632 -4678 -2124 -4324 3251 1150 -2383 817
611 -5240 -4583 -1344 -2538 -2480 -990 471
1039 -4693 -1795 3910 219 4585 554 1969
1196 -4741 2529 3946 2337 -2357 -1717 2522
850 -3321 2522 -1040 -1492 1863 -1525 2097
-455 -4426 -1832 -4086 3099 -1047 -1853 829
324 -5065 -4492 -1045 -3598 -630 -757 588
1159 -4633 -1975 3835 2593 3479 823 2336
818 -4742 2639 3735 -151 -3030 -1301 2374
979 -3746 2945 -1102 -148 3215 -1481 2148
-314 -4449 -1680 -4034 2054 -2222 -1362 1017
340 -5307 -4607 -1023 -2823 1803 -544 670
1336 -4506 -2138 3544 4127 1014 930 2680
745 -4642 2745 3422 -2041 -2413 -825 2442
1024 -3985 3289 -1122 1472 2842 -1433 2066
-245 -4215 -1514 -3091 -247 -2727 -948 1179
467 -5537 -4914 1919 -1526 3910 -50 385
1426 -4349 -2224 5188 3715 -1294 866 2802
563 -4761 2888 1884 -2561 -190 -428 2491
1300 -3749 3410 -3211 2964 1578 -1297 2034
-450 -4347 -1814 -3223 -2015 -2389 -859 1187
396 -5667 -5176 1963 1030 3973 583 276
1297 -4081 -2043 4846 1658 -3231 907 2712
528 -5010 3326 1830 -2457 2083 55 2669
1481 -3836 3521 -3020 3460 92 -1122 1501
-496 -4277 -1930 -3101 -2933 -113 -768 1394
689 -5780 -5255 1746 3296 2666 933 428
1100 -3974 -1842 4711 -431 -3822 1073 2688
579 -5236 3482 1977 -973 3107 11 2907
1378 -3613 3268 -2884 2010 -1981 -706 1449
-675 -4562 -2129 -3195 -2785 2021 -510 1221
947 -5580 -5158 1386 4036 672 1477 342
996 -4217 -1681 4767 -2539 -2205 1415 2350
732 -5365 3573 2190 1589 3449 189 2818
1364 -3461 3087 -2711 528 -2900 -227 1268
-645 -4757 -2277 -3173 -670 3037 -412 916
799 -5427 -4971 1322 3012 -2009 1727 790
810 -4192 -1431 4678 -3520 57 1578 2005
760 -5264 3452 2270 3315 2237 62 2776
1107 -3519 2901 -2827 -1450 -2005 93 1216
-522 -4798 -2146 -3523 1395 3443 -77 452
945 -5247 -4711 1130 1404 -3668 1812 711
494 -4453 -1189 5036 -2644 2409 2107 2023
1047 -5167 3191 2501 3490 -156 40 2426
1016 -3456 2698 -2754 -2531 -653 467 1172
-318 -4878 -2006 -3634 2730 2385 133 224
881 -5109 -4522 1261 -1008 -3368 1832 519
838 -4488 -1576 5112 -512 4013 2301 2020
1103 -4917 2936 2539 3035 -2062 121 1985
593 -3432 1031 -3020 -2086 1149 444 1319
-254 -4918 -3854 -3810 3518 -10 530 -276
506 -5105 -3311 1360 -3059 -1992 1827 523
1043 -4706 1321 5373 1891 3755 2531 1998
1101 -4727 3719 2438 1001 -2620 207 1368
593 -3558 646 -3226 -702 2710 492 1082
-60 -4609 -3416 -3587 2792 -1992 880 -254
256 -5073 -3165 1753 -3302 677 1766 -94
1086 -4821 1147 5536 3856 1825 2594 2067
992 -4481 3455 2209 -1052 -2652 379 1025
592 -3743 814 -3307 697 3053 432 820
-137 -4454 -3254 -3379 780 -2905 1027 -323
-117 -5404 -3222 2186 -1850 3281 2002 -408
1417 -4800 823 5389 4540 -287 2148 1960
854 -4348 3351 2050 -2183 -1516 693 767
850 -3742 1096 -3236 2297 1918 256 466
-332 -4144 -3034 -2889 -1289 -2626 1244 -234
-8 -5446 -3348 2301 314 3980 2265 -874
1582 -4513 371 5153 3331 -2256 1963 2029
701 -4371 3377 1849 -2503 709 808 699
894 -3554 1351 -2925 3050 545 389 -175
-632 -4053 -3059 -2533 -2213 -822 913 -148
4 -5713 -3712 2309 2887 3116 2679 -1067
1632 -4328 243 4871 919 -3850 1718 1703
705 -4504 3605 1851 -1666 2374 832 690
1190 -3245 1567 -2427 2278 -836 708 -606
-986 -3997 -3304 -2264 -2083 1321 645 -330
241 -5806 -4064 2112 4589 1374 2950 -881
1360 -4175 357 4640 -1348 -3342 1358 1074
950 -4627 3916 2022 299 3080 538 756
1156 -2805 1475 -2035 1178 -2137 797 -732
-1357 -3853 -3506 -1900 -698 2517 297 -723
531 -5704 -4195 1785 4176 -1265 2951 -813
1235 -4003 450 4445 -3139 -1410 1488 718
1195 -4675 3992 1020 1983 2881 76 340
1114 -2312 1302 -2536 336 -1756 1296 -930
-1556 -4130 -3917 594 1471 2775 -83 -972
521 -5426 -4032 4388 2483 -3558 2813 -683
941 -4402 979 4193 -3421 1051 1581 611
1592 -4436 3903 154 2986 1631 -422 -12
796 -2019 808 -2121 -708 -852 1394 -660
-1589 -4261 -4092 574 3183 1803 22 -1591
407 -5252 -3825 4253 -214 -3853 2382 -631
726 -4518 1328 4207 -1531 3326 1860 487
2048 -4118 3746 751 3637 -419 -692 -460
422 -1716 328 -1630 -744 -51 1279 -421
-1288 -4356 -4084 183 3428 -233 149 -1889
213 -4955 -3408 4065 -2705 -2479 1924 -833
1011 -4949 1244 4689 714 4518 1819 995
2387 -3710 3250 1274 3142 -1891 -899 -1195
-18 -1739 -114 -1663 -33 898 974 -191
-1170 -4196 -3800 47 2705 -2095 214 -2031
-142 -4836 -2921 4141 -3433 -181 1658 -1157
1227 -5179 1150 5263 3304 3540 1543 1424
2428 -3169 2559 1635 1480 -2871 -637 -1787
-232 -1771 -336 -1756 830 1084 391 -109
-1040 -3646 -3170 -36 681 -2448 541 -1773
-696 -4876 -2596 4505 -2158 2657 1344 -1616
1644 -5402 740 5717 5091 1136 972 1626
2361 -2624 1943 1702 -29 -3002 -394 -2163
-29 -1986 -14 -2063 1181 661 73 -529
-1032 -3081 -2656 79 -983 -1802 489 -1262
-1237 -5229 -2473 5268 308 4558 1659 -2213
2294 -5190 -61 6061 5121 -1551 295 2001
1988 -2435 1682 1418 -1187 -1689 -87 -1870
165 -1895 267 -2152 1669 221 -103 -990
-1491 -2524 -2242 719 -1522 -187 -160 -884
-1290 -5770 -2988 5903 3144 3941 2192 -2229
2623 -4881 174 5916 3261 -4113 -480 1567
1722 -2299 2440 1067 -1860 -288 64 -1559
678 -1627 -73 -1847 1374 97 65 -1246
-1935 -2283 -1461 1352 -987 1556 -747 -824
-1210 -6220 77 6219 5348 1643 2438 -1893
2668 -4533 2418 5673 673 -4969 -1050 1192
1652 -2606 2641 807 -1455 1177 -381 -1030
925 -991 469 -1194 1091 -73 521 -1316
-2721 -2106 -1228 2376 777 2632 -1530 -892
-801 -6378 -490 6154 5349 -1498 2799 -1345
2306 -4067 2219 4953 -2062 -3494 -979 714
1766 -2899 3123 707 164 2471 -1053 -798
1126 -327 1083 -374 1343 -70 989 -972
-3246 -2301 -1449 2953 2846 2053 -2099 -1357
-459 -6237 -947 5841 3527 -4283 2554 -490
2007 -3994 2231 4544 -3599 -1154 -827 368
2338 -3109 3828 1188 1836 2745 -1676 -1063
1016 603 1436 755 1820 50 1430 -405
-3464 -2651 -1976 3014 4027 477 -2092 -2034
-207 -5663 -1222 5148 709 -5094 2198 -118
1434 -4292 2871 4227 -2928 1742 -273 455
3156 -3047 4464 2098 3663 1772 -2294 -1626
457 1103 1052 1485 2003 -292 1480 414
-3431 -2957 -2487 2893 3707 -1625 -1835 -2540
-251 -5163 -1130 4572 -2044 -3821 1524 92
1272 -4580 3393 4411 -707 3877 -238 1066
3989 -2475 4563 3261 4679 303 -2030 -2514
-305 1495 445 1964 2306 -1026 879 1251
-3162 -3110 -2838 2465 2203 -3462 -1199 -2588
-796 -4638 -334 4227 -3564 -977 962 -257
1354 -5339 4215 5238 2426 4289 -329 1846
4317 -1837 4211 3888 4391 -1682 -1574 -3070
-746 1367 -343 1809 1762 -1574 52 1500
-2584 -2836 -2591 1872 159 -3345 -770 -2186
-1475 -4367 539 4299 -2782 2119 870 -805
1895 -5711 4405 3285 5352 2569 -816 2588
4403 -1056 3512 2292 3171 -3495 -826 -3399
-1091 1005 -765 1962 839 -1960 -759 1504
-2191 -2140 -1806 2668 -1486 -1858 -546 -1273
-2280 -4570 1497 4089 52 3998 1091 -1388
2635 -5989 4063 4250 6625 -191 -1837 2870
3900 -163 2428 2773 1276 -4143 73 -3074
-957 487 -817 1366 -36 -1596 -925 885
-2184 -1252 -760 2244 -1629 148 -878 -486
-2845 -5121 1935 4710 3386 3869 1972 -1489
3501 -5655 3259 5147 5705 -3263 -2711 2552
3271 117 1646 2686 -841 -3492 648 -2265
-271 429 -266 642 -348 -487 -787 154
-2479 -563 194 2258 -348 1929 -1640 -207
-3078 -5846 1968 5737 6124 1637 2866 -1114
3916 -4936 2275 5547 3111 -5511 -3304 1816
2573 -38 1319 2012 -1974 -1687 637 -1360
566 609 773 86 18 660 -116 -212
-3543 40 1016 3057 2101 2636 -2643 -446
-2617 -6322 1320 6591 6697 -1583 3361 -124
3899 -4175 1430 5341 -208 -5745 -3377 906
2378 -615 1625 1101 -1658 455 -109 -747
1121 1252 1784 213 1264 1397 975 189
-4534 -15 1061 4170 4359 1483 -3149 -1062
-1807 -6611 242 7066 4941 -4489 3259 1041
3443 -3431 936 4629 -2732 -3870 -2747 190
2658 -1234 2404 500 -274 2298 -817 -739
1295 2374 2532 1066 2981 1226 1649 1173
-5178 -339 576 5273 5558 -866 -3087 -2243
-1039 -6481 -704 6986 1863 -6183 2712 1859
2615 -3228 1171 3477 -3248 -835 -1658 128
3326 -1659 3613 455 1931 2899 -1447 -1359
1067 3405 2784 2227 4398 10 1655 2373
-5533 -1000 51 5903 4661 -3438 -2487 -3016
-489 -5723 2630 6143 -1351 -5360 1758 2303
1682 -3564 3770 2513 -2023 2311 -1018 780
4440 -1594 5189 1013 4365 1677 -1434 -2422
296 4112 4396 3593 4698 -2074 1048 3339
-5136 -1684 2288 5943 2423 -5007 -1421 -3358
-495 -4706 2032 4798 -3158 -2617 766 1661
1290 -4243 4634 2157 760 3858 -712 1618
5159 -961 5905 2195 5558 -463 -726 -3178
-796 4380 3960 4602 3798 -3758 -125 3771
-4420 -2156 1140 5328 -116 -5020 -326 -2948
-1201 -3702 2286 3618 -2942 499 590 935
1371 -5298 5976 2575 4091 3199 -1328 2674
5811 -77 6395 3598 5500 -3182 548 -3612
-1613 3785 2747 4782 1702 -4566 -1297 3378
-3371 -1704 683 3959 -2027 -2981 319 -1681
-2094 -3373 3292 2946 -519 3004 896 -172
2007 -5904 6903 3517 6434 597 -2481 2936
5718 1169 5871 4818 3907 -5244 1858 -3282
-1907 3048 1716 4194 -599 -4154 -1782 2533
-2735 -1023 729 2803 -2266 -578 104 -681
-3129 -3541 4527 3097 2614 3338 1836 -575
3126 -6131 7198 4883 6758 -2686 -3641 2669
4915 1954 4579 5106 1224 -5737 2769 -2123
-1648 2126 765 3077 -1661 -2601 -1816 1287
-2579 111 1784 2021 -530 1624 -854 156
-3910 -4225 5711 3938 5368 1430 3194 -299
4256 -5720 6814 6104 5075 -5687 -4480 1629
3767 2283 3221 4749 -1303 -4690 2876 -792
-724 1699 884 1690 -1436 -277 -736 478
-2932 1240 3313 2000 2011 2390 -2008 -134
-4022 -5189 6373 5219 6574 -1690 4074 638
4822 -4619 5540 6491 2019 -6823 -4440 147
2654 1729 2013 3507 -2468 -2597 2205 244
567 1729 1687 901 138 1396 416 589
-3977 1899 4642 79 4444 1227 -2879 -1060
-3523 -6177 6148 2725 5665 -4910 4177 2137
4814 -3462 3987 3781 -1115 -5935 -3535 -1122
2161 706 1741 1011 -1970 70 894 422
1574 2486 3119 -1201 2509 1677 1404 1444
-5168 1914 5545 660 5679 -1567 -2859 -2314
-2408 -6418 5097 3959 2932 -6839 3372 3376
3887 -2387 2565 3221 -3035 -3470 -2166 -1467
2454 -449 2302 -521 117 1657 -144 -163
1986 3575 4566 -1271 4399 312 1665 2658
-6038 1173 5500 2161 5199 -4268 -2173 -3587
-1081 -5903 3304 4510 -122 -6350 1678 3872
2654 -2084 1980 2002 -2840 -598 -840 -960
3248 -1195 3607 -1663 2786 1707 -605 -1526
1505 4792 5722 -406 5265 -2021 1099 4042
-6238 -39 4454 3684 3029 -6149 -673 -4200
-324 -4906 1982 4205 -2537 -4434 505 3341
1146 -2254 2234 295 -744 1514 -156 300
4475 -1270 5098 -1847 4792 159 84 -2673
471 5514 5785 1002 4521 -4493 -178 4462
-5644 -1098 2878 4527 221 -6193 840 -3726
-158 -3560 1050 2985 -2800 -1659 -285 2090
519 -3265 3358 -1036 2158 1879 -458 1501
5621 -629 6267 -1203 5403 -2403 1262 -3320
-841 5370 4772 2574 2542 -5815 -1767 4043
-4440 -1710 1380 4398 -1827 -4734 1919 -2473
-872 -2356 1319 1223 -1380 701 -146 590
531 -4501 5127 -1579 4653 496 -1574 2354
6014 595 6409 365 4538 -4835 2960 -2925
-1997 4507 3230 3801 3 -5944 -2799 2818
-2927 -1617 263 3312 -2447 -2345 1858 -932
-2110 -1700 2454 -365 1261 1528 967 -496
1389 -5376 6349 -1163 5619 -2236 -3061 2097
5635 1747 5658 2030 2329 -6321 3927 -1753
-2473 3377 3276 3951 -1605 -4441 -2851 1091
-1768 -670 1208 1481 -1357 -347 1021 325
-3442 -1944 3521 -1148 3786 588 2425 -394
2601 -5567 6936 255 4652 -4874 -4016 1030
4535 2741 6000 3412 -79 -6126 4224 7
-1945 1845 1852 2911 -1861 -2311 -1881 -404
-1398 744 1254 -319 879 713 -693 477
-4259 -2773 4979 -979 5058 -1798 3580 520
4064 -5022 7609 2057 2634 -6761 -4223 -825
2904 2754 4243 3652 -1916 -4559 3338 1295
-682 1080 681 1176 -1075 -608 -512 -823
-1900 1929 2272 -1274 2933 73 -1751 -380
-4241 -4061 6481 418 4706 -4178 4001 2097
4644 -3688 6717 3496 -52 -6756 -3449 -2295
1524 2071 2305 2946 -2151 -2503 1976 2006
732 924 422 -608 819 10 1094 -60
-2994 2582 3807 -1230 4121 -1765 -2105 -1854
-3296 -5112 7036 2097 2842 -6019 3185 3602
4468 -2173 5010 4048 -1904 -5169 -1630 -3070
730 753 737 1219 -1004 -596 205 1364
1942 1584 1209 -1833 2659 -625 1814 1298
-4495 2350 5447 -30 4097 -3886 -1531 -3406
-1770 -5598 6640 3832 519 -6673 1540 4161
3323 -937 3001 3459 -2545 -2968 91 -2659
900 -677 323 -691 756 -83 -549 -35
2415 2726 2805 -2070 3560 -2212 1359 2762
-5441 1273 6364 1713 2686 -5516 209 -4244
-231 -5019 5089 4480 -1521 -5575 -200 3843
1679 -443 1153 1756 -1536 -850 1264 -1287
1865 -1742 945 -2210 2660 -955 -360 -1760
1936 3877 4348 -1144 3268 -4114 41 3481
-5520 -315 5985 3543 773 -6129 2016 -3928
824 -3886 3085 4178 -2578 -3780 -1358 2341
88 -878 515 -215 246 75 1162 223
3392 -2108 2467 -3916 3625 -2676 1022 -3004
528 4671 5472 -2784 2106 -5185 -1545 3286
-4684 -1668 4478 1763 -934 -5551 3149 -2500
1036 -2405 1247 2135 -2045 -1780 -1339 517
-845 -2214 999 -2502 2200 -666 162 1589
4606 -1464 4223 -4560 3018 -4430 2479 -2786
-925 4447 5356 -999 128 -5441 -2946 1954
-3109 -2401 2395 2846 -1859 -4041 3344 -662
240 -1012 222 640 -455 -533 -408 -920
-782 -3498 2466 -3937 3321 -2313 -1583 1580
5126 -195 5494 -3702 1637 -5607 3984 -1769
-2276 3341 4014 1227 -922 -4940 -3158 -171
-1303 -2383 299 2822 -1778 -2623 2472 882
-1301 -298 542 -1337 1189 -691 1209 -1554
190 -4587 4403 -4558 3270 -4281 -3077 443
4743 1238 5707 -1917 -168 -5674 4323 48
-2762 1789 1896 2427 -1469 -3795 -2175 -1722
72 -1382 -907 1606 -813 -1646 739 1348
-2869 -582 1844 -3052 2529 -1935 2763 -715
1713 -4881 5897 -3903 1986 -5902 -3598 -1328
3177 2000 4476 144 -1648 -4658 3407 1506
-2165 73 -292 2639 -1213 -2704 -489 -2555
530 -24 -970 -229 306 -1452 -937 635
-3615 -1680 3702 -3676 2888 -3468 3294 795
3103 -4201 6304 -2133 93 -6119 -2818 -3120
1392 1945 2431 1553 -1857 -3380 1530 2207
-724 -1084 -1872 1573 -413 -2352 1220 -2176
-87 1233 128 -2059 1048 -2117 -1860 -820
-3684 -3253 5465 -3234 2214 -4990 2544 2562
3902 -2799 5554 -167 -1806 -5246 -1296 -4007
-142 1128 276 1939 -1302 -2204 -259 1751
964 -1246 -2135 -374 379 -2558 2258 -685
-1516 1885 2057 -3001 1645 -3011 -1463 -2661
-2649 -4437 6118 -1603 614 -5917 952 3347
3571 -1293 4367 1495 -2724 -3981 668 -3883
-1029 -428 -789 993 -409 -1802 -1436 291
2226 -473 -2454 -2217 558 -2974 1995 909
-2918 1462 2110 -2639 1445 -3820 -126 -3720
-961 -4770 5756 479 -881 -5687 -1148 2996
2467 36 2605 2104 -2200 -2478 1933 -2443
-968 -1936 -2428 -741 604 -2456 -1673 -1607
2742 743 -1410 -3430 434 -3601 678 2049
-3950 354 3898 -1203 604 -4630 1571 -3644
809 -4478 5328 2460 -2190 -4771 -2653 1625
632 340 379 1296 -998 -1391 2091 -557
364 -3212 -2910 -2957 1031 -3389 -593 -3044
2233 1959 187 -3397 59 -3810 -1128 2119
-4086 -1276 4874 953 -102 -4927 3063 -2395
1979 -3279 3716 3438 -2707 -3607 -3097 -342
-1015 -147 -1342 -292 86 -1568 851 866
1875 -3609 -2312 -4362 466 -4273 1008 -3497
913 2594 1910 -2261 -512 -3610 -2631 1063
-3254 -2976 4608 3065 -934 -4633 3242 -627
2104 -1638 1534 2963 -2204 -2288 -2212 -2083
-1912 -1592 -1928 -2486 1210 -2614 -1004 1293
3249 -3122 -618 -4864 -560 -4923 2392 -2548
-802 2283 3008 -204 -782 -3429 -3292 -815
-1596 -3845 3132 4255 -1651 -4232 2207 1254
1280 -298 -227 1565 -1366 -1426 -638 -2639
-1965 -3103 -1315 -4197 1224 -3930 -2883 540
3731 -1703 1318 -3852 -1402 -4314 2977 -934
-2132 1224 2965 1858 -639 -3445 -2692 -2482
113 -3756 1052 4129 -2103 -3679 513 1957
-223 150 -928 -459 -246 -1611 911 -2106
-847 -4247 341 -4739 279 -4930 -3743 -1108
3219 -588 2367 -2142 -2196 -3295 2440 972
-2681 -440 1612 3171 -509 -3279 -1095 -3440
1482 -2908 -951 2981 -2109 -2951 -1553 1616
-1732 -187 -589 -2136 581 -2400 1624 -617
770 -4575 2335 -5711 -992 -5416 -3343 -2862
2048 312 2600 -2017 -2145 -2575 620 1986
-2108 -2140 -606 3884 -738 -3858 675 -3145
2033 -1524 -2103 2702 -2134 -2445 -2901 380
-2798 -1518 1112 -3594 818 -3408 1269 1347
2255 -4130 3963 -5165 -2349 -4895 -2269 -4078
249 409 1517 128 -1207 -1890 -1315 1777
-643 -3095 -2661 3954 -1052 -4080 1718 -1542
1236 -329 -1797 794 -1445 -2099 -2863 -1308
-2941 -3115 3194 -4427 -44 -4654 -60 2607
3072 -2821 4388 -3483 -3274 -3662 -458 -3933
-1219 -594 -440 1514 -268 -1890 -2802 562
1011 -3379 -4145 3182 -1930 -3958 1758 397
-178 335 -470 -902 -538 -2093 -1895 -2648
-1761 -4534 5127 -3916 -857 -5486 -2207 2665
2815 -1384 3660 -1487 -3092 -2286 933 -2400
-2061 -2067 -2628 1817 -42 -2919 -3172 -1154
2285 -2665 -4248 1298 -2670 -3544 704 1906
-1694 -218 1451 -1741 -316 -2283 -305 -2617
-290 -5057 5829 -2333 -2239 -4994 -3704 1725
1881 -307 2079 -25 -2106 -1052 1230 -642
-1830 -3881 -4292 983 -16 -4015 -2270 -2593
2789 -1369 -3247 -559 -2560 -2953 -1074 2684
-2872 -1184 3274 -1504 -197 -3281 1216 -1547
1354 -4807 5413 -224 -3437 -4212 -4372 171
208 -154 99 333 -988 -773 358 941
-484 -4966 -4576 -898 -1012 -4474 -618 -2921
2328 -127 -1619 -1532 -2339 -1817 -2622 1996
-3295 -3005 4437 62 -396 -4431 1728 316
2441 -3711 4006 1406 -3719 -2698 -3817 -1333
-1398 -865 -1497 -497 189 -1750 -1379 1924
968 -5189 -3847 -2744 -2467 -4563 1001 -2176
975 709 339 -1598 -1806 -1399 -3511 627
-2450 -4477 4662 2130 -1661 -4724 1363 2149
2332 -2582 3381 1993 -3120 -939 -2375 -2023
-2215 -2149 -3025 -2178 784 -2847 -3015 1512
2487 -4682 -4513 -4161 -3417 -3803 1898 -603
-623 511 1113 -327 -830 -1789 -3062 -863
-1035 -5316 5000 3925 -2776 -4502 -288 3212
1567 -1394 1537 1676 -2172 -386 -715 -1511
-2083 -3803 -3687 -4320 70 -4263 -4012 266
3183 -3524 -2780 -4585 -3899 -2411 1858 1385
-1909 -457 2213 1553 -159 -2476 -1796 -1555
536 -5351 3897 4985 -3632 -3527 -1969 3501
-85 -1046 -44 27 -461 -614 387 -88
-1039 -5043 -3023 -5911 -1645 -5243 -3922 -1063
2894 -2339 -1204 -3821 -3646 -920 671 2649
-2370 -1836 2232 3351 -686 -3138 -42 -1365
1635 -4534 2177 4924 -3965 -1750 -3173 2403
-1530 -1469 -658 -1833 771 -1537 422 1870
543 -5475 -1406 -6478 -3217 -4803 -2595 -2259
1799 -1478 15 -2311 -2261 -397 -869 3025
-2087 -3220 1159 4764 -1575 -4305 1342 -24
1825 -3276 622 3758 -3462 -667 -3236 1131
-2443 -2726 -14 -3434 597 -3188 -493 3282
1735 -5256 180 -6140 -4961 -3285 -868 -2501
247 -1398 238 -408 -908 -385 -2233 2253
-674 -4139 -681 4767 -2416 -4155 1913 1781
990 -2115 -263 1969 -1737 -93 -2323 -23
-2540 -4273 1523 -4217 -510 -4859 -1933 3717
2700 -4067 1728 -4686 -5111 -1550 612 -1429
-867 -2173 -698 618 -297 -1110 -2514 1100
751 -4118 -2366 3718 -3573 -3342 1249 3406
-343 -1614 236 409 -147 -193 -557 -281
-1842 -5552 3420 -3996 -2505 -5218 -3397 3326
2588 -2907 2186 -3095 -3885 121 1564 -60
-1432 -3534 -2465 747 337 -2866 -1386 -254
2008 -3421 -3413 2563 -4114 -2213 -138 4114
-1722 -1755 1338 -1430 134 -1695 1047 384
-610 -6232 4983 -6248 -4839 -4222 -3970 1910
1819 -2165 1553 -3016 -2116 1515 1324 1592
-1091 -4846 -4166 2894 -532 -3901 -45 -834
2342 -2017 -3345 2802 -3238 -780 -1469 3770
-2954 -2919 3356 -2471 -20 -3519 2045 1893
916 -6092 5758 -5082 -5632 -2576 -3340 540
392 -2167 93 -1973 -223 1087 236 2368
120 -5809 -5306 1960 -2349 -4489 1733 -314
1894 -779 -2340 1129 -2387 46 -2150 2621
-3272 -4230 4880 -2253 -1280 -4056 1993 3455
1644 -5387 5518 -3763 -5068 89 -2213 -240
-925 -2742 -1676 -1621 1337 -1023 -898 2291
1523 -6197 -5695 441 -3789 -4153 2901 1022
695 -99 -784 179 -1601 -292 -1931 1079
-2773 -5406 5779 -1368 -3510 -4025 1233 4474
1728 -4237 4274 -2446 -3491 2133 -557 -283
-1506 -4147 -2857 -2555 1375 -3159 -1417 1183
2980 -5639 -4996 -1374 -4603 -2461 3421 2643
-601 -19 739 81 -693 -931 -790 70
-1851 -6170 5787 25 -4709 -3100 23 4539
739 -3465 2845 -2113 -960 2210 708 562
-1307 -5413 -3146 -4058 -451 -5277 -1340 -349
3581 -4571 -3520 -2479 -5078 -489 2843 3813
-1568 -628 1702 904 -669 -1509 952 -201
-535 -6017 4756 1438 -4907 -749 -667 3852
-511 -3290 1652 -2765 1533 620 1175 1724
-244 -6495 -2514 -5876 -2854 -5860 -236 -1705
3519 -3462 -2051 -2897 -4183 730 1700 4243
-1961 -1820 1608 2486 -1428 -2559 2415 445
186 -5240 3345 2025 -4111 1022 -887 2401
-1908 -3684 1156 -4097 2054 -1746 620 2778
932 -6968 -1319 -7207 -5321 -4141 1505 -2097
2673 -2755 -1037 -2290 -2153 1858 687 3611
-1709 -2886 2795 3786 -2080 -2893 3205 1528
353 -4218 3158 1855 -2068 1532 -166 1223
-2786 -4684 -1441 -5816 419 -4698 -403 3225
2186 -6764 -4272 -7684 -6904 -1678 3037 -1863
1628 -2697 -2053 -1132 -464 1847 369 2360
-602 -3239 1762 4473 -3008 -2001 3013 2479
-513 -3279 1825 540 201 1023 1280 434
-2905 -6090 -1068 -7200 -1687 -5955 -1563 2351
2819 -6204 -3102 -7502 -6303 1306 3990 -883
814 -3333 -1909 80 710 26 808 1076
582 -3083 364 4302 -3475 -1442 2089 3021
-1718 -2802 1219 -1039 653 -424 2675 548
-2372 -7231 -51 -8137 -4991 -4948 -2126 1120
2857 -5386 -2120 -6640 -3868 4078 4287 108
435 -4261 -2671 954 1324 -1894 1883 100
1513 -2562 -1045 3555 -3115 -962 921 2565
-2986 -2980 1345 -2321 174 -2851 3781 1286
-1486 -7604 1147 -7890 -7257 -2459 -1776 -412
1988 -4604 -1793 -5406 -587 4303 3650 545
960 -5308 -4013 782 1 -3250 3168 265
1661 -1398 -1717 2103 -2458 167 238 1247
-3913 -3620 2326 -3147 -1185 -3950 3841 2403
-533 -7613 2272 -7201 -7042 1244 -1175 -1676
1082 -4712 -2483 -4880 2635 2328 2870 135
1996 -5988 -5382 -31 -2041 -4448 4075 882
1230 -305 -1745 744 -2312 483 216 -171
-4364 -4481 3467 -3195 -3718 -3560 3249 3007
84 -7037 2677 -6049 -4462 4501 108 -2284
229 -5138 -3525 -4701 3917 -580 2153 -654
3024 -6151 -6298 -1174 -3930 -3870 4362 1719
492 383 -1058 -145 -1652 -156 820 -1653
-3923 -5352 4602 -2437 -5330 -2283 2184 3020
-37 -6250 2209 -5250 -995 4999 908 -2036
-202 -6184 -4905 -5382 2389 -3965 2143 -2158
4073 -5614 -6406 1356 -5473 -1503 3752 2484
-626 504 80 -791 -1221 -201 1847 -2396
-3384 -5853 5098 -5094 -5175 568 1198 2321
-653 -5594 1330 -5643 2747 3218 1075 -1508
-25 -7188 -5806 -2444 -611 -6577 2591 -3256
4672 -4724 -5905 137 -5863 710 2567 2549
-1150 84 925 -809 -1694 -468 2834 -2376
-2534 -5527 4793 -3948 -3539 2788 790 993
-1616 -5430 184 -5358 4441 232 888 -946
723 -7860 -5930 -3632 -4213 -6237 3721 -3910
4559 -3953 -4981 -706 -4048 2618 1426 2171
-1592 -596 1697 -280 -1856 -749 3147 -1913
-2175 -5141 4220 -3288 -1457 3222 753 -67
-2593 -5814 -729 -5845 3074 -3637 -185 -881
1698 -8304 -5713 -4757 -7516 -3004 4534 -3935
4160 -3364 -4061 -1033 -1847 4142 565 1222
-1160 -1159 1457 568 -1417 -341 3017 -1234
-2017 -4230 3028 -2864 1349 2075 1567 -796
-3191 -6601 -1003 -6923 138 -6544 -1374 -1540
2549 -8135 -4871 -5692 -8258 754 5217 -3164
3364 -3243 -3409 -527 292 3344 328 -109
-437 -1316 776 1325 -1576 -209 2052 -1155
-2608 -3573 2198 -3172 2463 432 1982 -986
-3336 -7314 -948 -7900 -4151 -5973 -2081 -2492
3003 -7545 -3976 -6004 -5808 4615 5036 -2581
2792 -3558 -3316 257 2314 1080 461 -891
224 -1097 -76 1719 -1579 -623 915 -1446
-3431 -3181 1668 -3921 1423 -2497 2488 -556
-2895 -7991 -97 -8735 -7659 -3183 -2675 -3748
3027 -6959 -3307 -5746 -2010 7118 4675 -2148
2537 -4210 -3893 1066 2551 -1327 1052 -1060
834 -672 -1075 1588 -1206 -437 -55 -2262
-4333 -3223 1756 -4950 -412 -4160 2195 157
-2224 -8315 703 -9146 -8056 726 -2187 -4731
2530 -6659 -5099 -5045 2200 5789 3529 -1906
2921 -4853 -4166 1515 688 -3737 1296 -816
975 55 -673 934 -1522 -190 -302 -3066
-4821 -3522 -813 -5733 -3305 -3310 1445 744
-1595 -8209 -4140 -8954 -5510 5020 -1801 -5043
1906 -6504 -6606 -4296 5178 2275 2668 -2255
3630 -5033 -5080 1381 -1656 -4772 957 -45
790 718 -1319 65 -2005 -374 -397 -3932
-5149 -4079 -382 -6259 -5512 -1532 387 985
-1210 -7684 -3430 -8328 -1885 7230 -1400 -5159
1387 -6868 -7102 -3826 5216 -2033 2148 -2861
4274 -5021 -5772 925 -3879 -3093 402 520
252 1354 -1386 -834 -1869 -9 83 -4398
-4841 -4445 234 -6153 -5036 911 -585 755
-1429 -7202 -3423 -7712 2648 5916 -1106 -4788
1032 -7222 -7650 -3669 2233 -6040 1890 -3396
4939 -4771 -6475 71 -5771 -742 -720 749
-401 1517 -1009 -1446 -2066 852 527 -4268
-4361 -4604 755 -5689 -3288 3694 -1353 200
-1902 -6719 -3561 -7026 5567 2164 -1640 -3927
1165 -7970 -8476 -4002 -1856 -6917 2367 -3637
5152 -4194 -6456 -603 -5480 1774 -1681 821
-727 1248 -582 -1466 -1645 1027 620 -3784
-3843 -4543 1011 -5010 -904 4698 -1653 -174
-2609 -6585 -4261 -6871 5133 -2231 -2374 -3941
1577 -8308 -8861 -4636 -5782 -4686 2662 -3137
5210 -3586 -6271 -1337 -3208 4213 -2658 447
-898 1012 -140 -1213 -358 1056 251 -3110
-3527 -4148 896 -4464 1911 3315 -1806 -686
-3008 -6611 -4989 -6964 1993 -6127 -2958 -3671
2228 -8365 -8988 -5345 -8316 -999 2678 -2503
4716 -3165 -5573 -1413 -592 4997 -3155 -142
-764 780 139 -791 144 1265 -131 -2594
-3624 -3555 247 -4299 3525 950 -1553 -475
-3328 -6960 -5447 -4948 -1894 -6587 -3870 -4111
2511 -8192 -8714 -635 -7515 3383 2679 -1759
4369 -3036 -5068 1339 2553 3276 -3311 -269
-626 399 297 -458 82 423 -929 -2294
-3690 -2921 -467 -3470 2258 -1738 -1413 -24
-3366 -7325 -5585 -4210 -5868 -4138 -3916 -4481
2679 -7615 -8100 -1112 -3539 6812 2088 -888
3951 -3199 -4618 1578 3880 814 -3060 -524
1 598 -331 152 445 -835 -1401 -2260
-4216 -2567 -1015 -3513 160 -3883 -1572 700
-3112 -7535 -5370 -4684 -7970 -523 -3830 -4520
2593 -7140 -7377 -1255 751 7016 1526 -251
3798 -3514 -4582 2000 2839 -1692 -2880 -131
410 896 -882 501 -358 -935 -1694 -2316
-4541 -2650 -1236 -3880 -1993 -3477 -2130 1329
-2671 -7586 -4949 -4918 -6506 3786 -3524 -4441
2285 -6740 -6969 -1051 5017 4193 917 99
3936 -3701 -4840 2389 786 -3966 -3076 551
589 1271 -1404 443 -1692 -948 -1732 -2584
-4934 -2746 -1236 -4306 -4497 -1731 -2754 1881
-2382 -7127 -4487 -4850 -2537 6828 -3108 -4093
1788 -6597 -6806 -660 6179 457 515 134
4148 -3718 -5165 2489 -1371 -4332 -3383 1026
384 1840 -1730 51 -2048 -483 -1432 -2278
-4809 -3095 -908 -4552 -5071 494 -3261 1955
-2174 -6699 -4096 -4518 1679 6189 -2851 -3484
1403 -6561 -6849 -172 4304 -3537 619 219
4417 -3754 -5442 2507 -4043 -2154 -3564 1499
163 1955 -1640 -341 -1908 855 -1056 -1841
-4572 -3029 -724 -4422 -3083 3372 -3387 2144
-2033 -6309 -3870 -4205 5413 3323 -2837 -2829
1267 -6605 -7047 116 771 -6267 608 445
4652 -3473 -5640 2220 -5001 309 -4100 1640
-266 1991 -1530 -745 -1985 1553 -644 -1305
-4214 -3192 -2029 -4414 -698 4445 -3706 1944
-2130 -5905 -6780 -3789 5768 -168 -2673 -2233
1253 -6755 -7190 185 -3010 -5595 838 908
4751 -3129 -3986 1665 -3591 2805 -4313 1500
-629 1922 -1400 -1047 -852 1666 -562 -535
-3900 -3163 -3025 -4100 1630 3260 -3413 1869
-2556 -5642 -6721 -3332 3351 -3974 -2841 -1926
1456 -6870 -7377 -28 -6049 -2481 1016 1500
4718 -2661 -4106 1326 -1562 4775 -4307 1594
-636 1760 -1127 -1085 557 1756 -512 137
-3569 -2777 -2764 -3566 3450 1324 -3045 2043
-2603 -5434 -6642 -3066 141 -5795 -2813 -1689
1706 -6680 -7361 -410 -6290 1249 1097 2195
4314 -2364 -3712 908 565 3874 -4098 1355
-402 1532 -859 -810 1152 980 -612 502
-3377 -2409 -2777 -3110 2785 -819 -2712 2349
-2723 -5412 -6833 -3054 -3305 -4565 -2531 -1725
1869 -6486 -7323 -580 -3924 4815 1050 2789
4054 -2281 -3452 850 2946 2211 -3624 1364
-273 1327 -750 -542 1079 -514 -604 610
-3433 -2180 -2871 -2870 1119 -2813 -2376 2604
-2722 -5372 -6815 -3086 -5734 -1454 -2093 -1556
1970 -6138 -6951 -769 -663 6238 1047 3154
3654 -2291 -3012 987 3469 50 -3079 1584
-103 1182 -589 -254 743 -899 -465 802
-3505 -1944 -3153 -2787 -885 -3292 -2129 2992
-2436 -5337 -6668 -3170 -5192 1860 -1686 -1318
2001 -5525 -6413 -1015 2423 4640 767 3370
3365 -2432 -2708 1156 1992 -2243 -2665 1727
54 1441 -866 -133 -651 -887 -380 819
-3622 -1919 -3245 -2836 -2866 -1761 -2147 3172
-2172 -5259 -6365 -3303 -2652 4739 -1095 -1156
1557 -5132 -5802 -733 4562 1849 613 3356
3376 -2367 -2607 1282 121 -3394 -2364 2066
382 1649 -1116 962 -1580 -800 -13 844
-3544 -1826 -3242 -849 -3714 107 -2163 3245
-1982 -4940 -5911 -208 -36 5435 -313 -751
1524 -4939 -5418 2397 4359 -1044 684 3340
3218 -2388 -2531 3161 -1778 -2370 -2264 2245
70 1721 -1268 1039 -1497 -41 597 1006
-3483 -1946 -3062 -1058 -2437 1817 -1994 3022
-1641 -4600 -5340 -288 2756 3616 39 -388
1282 -4676 -5113 2516 1881 -3789 1178 3075
3368 -2330 -2610 3254 -3409 -857 -2053 2035
-13 1691 -1323 935 -1500 1299 1001 1105
-3264 -2035 -2740 -1261 -851 3184 -1643 2685
-1562 -4090 -4903 -260 4206 1164 357 170
1092 -4533 -4839 2562 -705 -4133 1321 2948
3438 -2189 -2765 3073 -3011 910 -1843 1934
-220 1612 -1215 684 -769 1341 1321 1397
-2939 -2182 -2351 -1459 528 2880 -1355 2295
-1633 -3689 -4550 35 3239 -1701 453 104
835 -4551 -4813 2654 -3203 -2503 1807 3062
3317 -1868 -2835 2852 -1825 2588 -1683 1684
-492 1674 -1211 321 302 1435 1672 1541
-2500 -1926 -2057 -1261 2034 1528 -939 2058
-1633 -3469 -4293 216 962 -3502 577 185
933 -4293 -4664 2490 -4282 -350 1875 3164
3200 -1627 -2743 2503 -382 3174 -1156 1252
-412 1395 -803 255 740 1097 1486 1669
-2340 -1710 -1855 -1018 2331 169 -479 1944
-1815 -3295 -4260 415 -1171 -3209 814 74
929 -4115 -4637 2304 -3255 2033 2026 3068
2840 -1478 -2454 2088 1392 2057 -749 905
-461 1145 -549 177 702 285 1533 1664
-2073 -1371 -1720 -625 1062 -1281 -97 1834
-1719 -3072 -4082 458 -3005 -1456 877 -215
1052 -3821 -4383 2000 -1428 3662 1916 3180
2413 -1152 -1381 1715 2086 729 -226 798
-279 1050 -657 312 798 -474 1545 1291
-1914 -1225 -2191 -468 -89 -1931 239 1850
-1644 -2920 -3565 401 -3637 393 1353 -370
947 -3502 -2591 1690 642 3492 1700 3089
2166 -1251 -683 1615 1495 -426 237 752
-82 863 -332 476 95 -350 1540 1002
-1900 -1125 -2162 -345 -1043 -1149 320 1651
-1557 -2876 -3494 259 -2258 2154 1758 -486
859 -2971 -2236 1253 2225 1747 1577 2427
1777 -1324 -291 1579 412 -1594 463 716
176 935 -375 776 -837 -542 1779 612
-2007 -876 -2311 -187 -2125 -71 168 1540
-1271 -2709 -3402 93 -614 3344 2001 -566
783 -2679 -2032 1171 2569 224 1543 2090
1683 -1356 -155 1583 -322 -1428 568 641
219 1034 -404 834 -891 80 1955 384
-1935 -1012 -2229 -350 -1819 667 268 1105
-807 -2425 -3034 -246 842 2563 2243 -351
601 -2273 -1638 1053 1414 -1041 1548 1323
1746 -1441 -73 1731 -1452 -514 628 555
125 1035 -525 786 -752 754 2161 274
-1893 -1101 -2347 -511 -827 1708 215 556
-558 -2084 -2610 -459 1977 1288 2212 -141
301 -2025 -1215 1042 182 -2016 1641 1029
1818 -1446 -135 1850 -1823 329 369 79
70 1305 -881 806 -828 1109 2442 303
-1670 -1226 -2211 -840 -244 2063 181 67
-529 -1758 -2136 -309 1831 160 2109 -254
10 -1992 -931 1286 -1009 -1390 1859 718
1791 -1301 -285 1783 -1065 1436 301 -71
-230 1136 -831 377 -237 843 2179 299
-1331 -1379 -1788 -908 732 1241 593 -220
-529 -1290 -1593 -196 716 -857 1608 -111
-62 -1959 -849 1242 -1879 -263 1903 597
1927 -1055 -528 2144 -390 2011 240 -502
-465 969 -934 322 185 964 1755 457
-955 -1324 -1291 -371 1077 741 862 -581
-613 -1022 -1329 998 -154 -1372 1295 -590
-28 -2044 -871 2327 -1750 913 1900 801
1602 -668 -778 1652 88 1411 469 -1083
-580 579 -620 -124 60 700 1448 226
-558 -1233 -808 -536 613 502 1054 -712
-798 -832 -1164 1166 -982 -662 1291 -940
120 -2154 -1084 2415 -765 1989 1579 660
1353 -544 -688 1383 842 879 598 -1206
-600 233 -226 -440 198 394 935 -112
-362 -900 -554 -233 238 -210 1104 -453
-951 -837 -1199 1410 -1538 260 1132 -1189
567 -1900 -1484 2092 -84 2145 1091 544
1035 -278 -693 822 766 628 1000 -1210
-397 162 42 -435 222 439 717 -457
-306 -412 -337 118 -158 -146 862 -334
-1109 -981 -1449 1593 -1202 1070 1326 -1491
620 -1419 -1447 1562 480 1521 519 316
600 -362 -317 435 307 64 1106 -1037
-32 -127 520 -300 -306 629 715 -1023
-547 -263 -570 475 -549 361 474 -142
-870 -1252 -1723 1369 -495 1908 1596 -1445
683 -1187 -1225 1076 1036 930 199 -273
259 -592 298 208 -23 -113 888 -695
348 173 443 210 -361 457 869 -1277
-726 -314 -821 666 -776 706 25 -350
-451 -1392 -1878 1009 -29 1816 1517 -1218
488 -564 -844 457 825 607 -28 -685
243 -893 698 261 -542 464 533 -340
581 275 410 547 -164 913 1004 -1350
-1186 -301 -1380 816 -422 1155 -483 -754
1 -1316 -1772 416 573 1435 1431 -707
-68 -394 -220 299 242 -76 219 -1044
486 -1182 1013 733 -787 851 -121 -479
277 864 294 911 -449 1137 1253 -999
-1231 -752 -1145 336 -188 1534 -602 -1297
139 -1037 -1203 48 997 1069 995 -384
-366 -467 264 431 -155 -7 438 -1158
595 -1257 1110 1024 -241 1172 -632 -674
243 910 113 1010 60 975 1148 -632
-1014 -1018 -1341 -217 -6 1383 -415 -1709
294 -540 -800 -316 727 584 341 -223
-793 -711 745 719 -682 618 748 -904
1209 -1153 945 1677 -41 1638 -957 -1185
-335 917 -523 609 234 1026 662 -173
-647 -1326 -1288 -709 470 1284 -112 -1859
319 -178 -295 -418 332 196 -206 -326
-817 -1133 1075 1270 -679 1139 826 -429
1371 -795 446 1686 189 1645 -715 -1568
-827 800 -1065 -17 135 1137 -29 139
-266 -1302 -965 -1006 677 1114 397 -1437
-122 141 331 21 -37 427 -727 -840
-533 -1500 859 1826 -366 1530 475 235
1448 -260 -308 1455 522 1435 -285 -1888
-941 306 -1001 -626 81 995 -776 -43
275 -1164 -354 -1048 450 895 638 -933
-741 12 600 800 -605 863 -550 -1437
50 -1863 222 2126 -60 2028 -216 517
1094 230 -869 951 798 1299 325 -1745
-1015 -177 -843 -1099 399 1172 -1097 -351
466 -600 310 -679 277 695 370 -277
-1192 -296 589 1484 -651 1255 -35 -1673
702 -1873 -541 2032 463 2163 -992 503
463 307 -900 182 582 851 491 -1200
-518 -592 -89 -1144 317 1297 -1138 -1032
248 -28 642 153 22 890 -317 204
-1307 -921 -111 2107 -386 1850 548 -1386
1152 -1521 -1214 2214 1175 1766 -1484 140
91 148 -610 -40 421 569 514 -387
118 -691 626 -1123 56 1092 -625 -1313
-236 369 557 502 -241 1095 -1054 233
-1162 -1503 -883 2527 205 2392 1040 -942
1138 -925 -1373 1748 1594 1254 -1741 -375
-333 -424 144 -755 251 837 -14 327
744 -457 1235 -788 167 1333 117 -1315
-1011 485 115 1395 -105 1498 -1652 -51
-626 -2149 -1824 2697 1009 2467 1226 -53
836 -555 -1112 908 1070 489 -1222 -945
-365 -1088 1014 -943 -175 1196 -796 433
1017 -29 1295 -41 256 1613 807 -715
-1598 15 -832 1987 156 2068 -1973 -854
60 -2159 -2226 1917 1607 1922 817 691
281 -516 -463 410 615 -8 -705 -1076
272 -1555 1631 -358 -390 1501 -1421 37
995 739 884 971 363 1822 1060 101
-2072 -649 -1929 2205 594 2440 -1563 -1588
373 -1836 -2172 1271 1843 1144 87 1092
-316 -698 388 304 -122 243 -19 -509
1079 -1970 2014 525 2 2348 -1909 -744
444 1347 14 1624 735 1854 639 1229
-1868 -1315 -2436 1599 1242 2228 -734 -1894
523 -1317 -1614 534 1461 307 -612 938
-838 -1299 1251 602 -871 1053 403 413
1963 -1730 1625 1607 595 2758 -1604 -1605
-439 1606 -1144 1823 978 1973 -175 1633
-1354 -1901 -2565 754 1826 1840 211 -1693
114 -711 -603 361 628 -104 -1118 204
-890 -2231 1553 1556 -876 2174 168 1367
2517 -1269 753 2517 1381 2580 -756 -2065
-1079 1397 -1828 1436 1345 1878 -1093 1721
-686 -1927 -1991 -93 1749 1122 651 -914
-682 -574 449 732 -366 194 -776 -512
-448 -3144 2872 2735 -54 3264 -619 2044
2722 -374 1538 2956 2246 2144 266 -2100
-1497 648 -1568 488 1511 1486 -1661 1033
-79 -1523 -1439 -592 1247 515 602 220
-1722 -745 1489 1673 -1131 1318 33 -1108
454 -3774 2822 4024 1192 3879 -1682 2101
2115 261 589 2537 2422 1314 1050 -1276
-1333 -263 -1630 -589 1381 1169 -1710 151
104 -840 -482 -571 663 394 24 945
-2427 -1532 1883 3074 -968 2645 1067 -921
1481 -3844 1925 4524 2688 3278 -2543 1585
1462 488 -124 1738 2022 414 1305 -314
-706 -925 -996 -1359 986 1124 -1132 -621
-262 126 636 389 -264 814 -1012 964
-2858 -2681 1844 4430 239 4153 2255 -338
2140 -3486 909 4610 3864 2111 -2973 461
777 54 -211 764 1138 -161 838 585
337 -1082 256 -1383 640 1399 83 -959
-1253 808 1334 1689 -407 1904 -1941 451
-2622 -3828 912 5247 1900 4447 2648 1038
2327 -2746 -62 3820 3726 512 -2463 -571
187 -727 385 -157 156 337 -5 987
1267 -675 1437 -696 560 1787 1163 -274
-2539 849 1217 3018 91 2980 -2342 -697
-1859 -4519 -187 5200 3785 3439 2444 2009
1904 -2071 -294 2767 2568 -1127 -1587 -800
385 -1715 1562 -329 -608 1387 -1138 440
1529 314 2253 661 664 2344 1747 861
-3457 289 285 3856 1261 3727 -1920 -2028
-944 -4702 -1407 4517 4746 1743 1414 2787
938 -1948 261 2050 584 -1442 -623 -595
1240 -2696 3088 381 -351 2765 -1594 -548
1628 1384 2489 1393 1325 2576 1442 1961
-4145 -785 -1067 4759 2771 3569 -896 -2700
-175 -4270 -2038 4669 4178 -269 192 2626
-120 -2356 1573 722 -1283 -128 213 420
2441 -3196 4301 -908 671 4027 -1320 -1793
779 2243 1753 2009 2173 2689 405 3042
-3898 -1945 -2550 4873 3893 2556 530 -2723
-53 -3358 -1775 3450 2468 -1771 -497 1867
-873 -3420 3185 463 -1938 1993 19 1640
3533 -2984 4757 325 2401 4325 -289 -2877
-401 2519 367 3094 2803 2327 -1026 3002
-3121 -2749 -3378 4003 4189 1134 1588 -1840
-656 -2766 -711 2637 133 -1819 -394 895
-789 -4882 4429 1193 -1171 4393 -1011 2487
4396 -2180 4307 1906 4076 3385 1171 -2998
-1476 2052 -980 3211 3085 1528 -1938 2267
-2080 -2889 -3403 2835 3450 -398 1845 -686
-1856 -2188 871 2092 -1840 18 446 -290
-156 -6088 5016 2499 1311 5969 -2272 2662
4501 -1090 3217 3036 4895 1560 2429 -2230
-1881 1070 -1869 2327 2797 652 -2198 935
-1266 -2260 -2469 1561 1932 -1026 1233 471
-3193 -2536 2234 2608 -2116 2630 1868 -474
1008 -6992 4817 4266 4298 5779 -3709 1974
3846 -146 1706 3464 4551 -326 3005 -1009
-1774 -78 -2108 1022 2304 269 -1723 -243
-952 -1117 -898 783 246 -353 -47 839
-4292 -3507 2923 3999 -521 5257 3158 295
2343 -7033 3651 5796 6545 3668 -4172 370
2745 109 693 2874 3089 -1538 2682 506
-838 -975 -1120 -550 1425 422 -408 -760
-1624 73 513 1121 -813 1156 -1328 199
-4677 -5050 2610 5968 2391 6668 3817 1792
3131 -6376 2188 6397 7071 358 -3695 -1151
1839 -300 446 1512 994 -1486 1432 1159
409 -1191 -625 -1548 1082 1135 1043 -473
-2791 734 2678 2403 -444 3037 -1802 -1276
-4281 -6505 6191 7672 5586 5827 3630 3510
3449 -5434 4759 6174 5637 -2836 -2802 -2035
1142 -1665 1324 -233 -728 -82 170 679
1527 -763 904 -1678 1154 2137 1856 850
-4242 866 3739 4081 1272 4667 -1542 -2786
-3250 -7496 5148 8715 7777 3081 2497 4604
2808 -4464 3568 4969 2592 -4096 -1275 -2134
1371 -3019 2249 -1433 -1064 2151 -658 -382
2249 340 2581 -828 1965 2757 1765 2319
-5457 32 3551 5890 3429 4963 -254 -3906
-1904 -7639 3432 8640 7699 -646 700 4491
1409 -4202 3362 3316 -879 -3053 -264 -1036
2141 -4176 3802 -1813 291 4194 -556 -1858
2014 1790 3785 826 3187 2887 652 3406
-6072 -1321 2500 6987 5607 3723 1451 -3997
-1153 -7012 2016 7558 5577 -3810 -587 3660
196 -4529 4073 2004 -2859 -119 -124 313
3695 -4775 5881 -1045 2798 5320 563 -3264
984 2791 3866 2618 4033 2370 -994 3558
-5795 -2824 638 7058 6603 1594 3099 -3132
-889 -5805 1410 5940 1987 -4792 -899 2247
-678 -5844 5835 1697 -2753 3731 -1141 1415
5161 -4492 7348 531 5549 4462 2405 -3528
-372 3088 2976 3785 4656 1355 -2470 2845
-4741 -3779 -1094 5956 5959 -993 3546 -1522
-1453 -4673 1774 4524 -1453 -3091 -148 833
-860 -7532 7927 2279 172 6687 -2699 1840
5905 -3350 7709 2385 7238 2139 3944 -2815
-1659 2393 1143 3853 4327 283 -3084 1164
-3472 -3903 -2056 4414 4082 -2824 3197 27
-2927 -4073 3329 3983 -3288 314 1276 300
-82 -9031 9641 2197 4534 7238 -4396 980
6056 -2103 7046 -534 7144 -529 4768 -1305
-2471 1194 -690 3319 3615 -383 -2584 -595
-2106 -3226 -1944 3664 1661 -2693 1694 719
-4406 -4246 5262 1042 -2345 4330 2813 821
1231 -9829 10301 -416 8427 5142 -5178 -815
5328 -1038 5565 782 5259 -2893 4458 471
-2221 -490 -2029 2140 2635 -358 -1216 -1651
-1832 -1997 -768 2052 -323 -1227 104 234
-5767 -5396 7207 1602 980 7169 3781 2338
2650 -9793 9928 1446 10238 1033 -4905 -2576
3664 -564 3418 1137 2440 -3348 3014 1355
-1127 -1583 -2098 344 1983 181 599 -1498
-2310 -676 999 1349 -1073 971 -819 -1116
-6082 -7010 7988 3128 5429 6961 3455 4264
3650 -8692 8365 3077 8766 -3154 -3569 -4088
2361 -1293 2316 103 -178 -2059 1485 1284
317 -1981 -1092 -1541 1984 926 1683 -350
-3619 346 2883 1365 258 3498 -858 -2804
-5419 -8453 7618 5217 9223 4287 1951 5654
3853 -7397 6578 3768 5235 -6066 -1777 -4463
1522 -2416 1945 -1656 -1113 570 154 284
1716 -1437 767 -2816 2326 1611 1795 1384
-5106 330 3870 2750 2693 4708 356 -4336
-4069 -9543 6142 7170 10533 308 53 5672
2960 -6053 5006 3052 673 -5946 -337 -3602
1543 -4178 2858 -3733 1 3358 -148 -1523
2447 -144 2572 -3110 3369 1642 799 2817
-6553 -666 3533 4904 5406 4198 2234 -4580
-2604 -9446 4269 7964 8600 -4125 -1697 4667
1471 -5529 4551 1321 -2747 -2976 198 -2063
2550 -5644 4703 -5462 2604 5042 721 -3191
2144 1345 3843 -1968 4252 1289 -952 3054
-6920 -2154 2139 6766 7501 2042 3862 -3657
-1232 -8558 2734 7714 4814 -6623 -2652 2728
-156 -5876 4688 -764 -3320 1414 -330 -436
4034 -6071 3124 -5790 5435 4433 2408 -3797
1036 2346 3713 -49 4658 477 -2823 2248
-6393 -3839 4954 7725 7701 -617 4689 -1989
-1032 -6945 5461 6140 182 -5970 -2063 1008
-1066 -7105 5505 -2283 -1040 5456 -2049 140
5490 -5729 5114 -4995 7768 1868 4154 -3210
-617 2583 3707 1897 4512 -463 -3770 492
-5267 -4913 2998 7667 6238 -3237 4273 -190
-1643 -5578 4712 4245 -2871 -2926 -862 -119
-1258 -8663 7230 -2938 3151 7335 -3938 -472
6195 -4617 6438 -3299 8113 -1325 5173 -1577
-2092 1839 2440 3123 4097 -964 -3379 -1395
-3559 -5164 1034 6468 3900 -4435 2916 980
-3054 -4585 5053 2281 -3021 1427 791 -109
-683 -10176 9281 -2457 7553 5692 -5045 -2015
6087 -2976 6675 -1197 6260 -3825 4857 364
-2808 355 329 3236 3411 -990 -2294 -2784
-2167 -4453 -177 4427 1133 -3595 887 927
-4563 -4679 6568 1497 -494 5205 1795 1121
840 -10783 10799 -833 10263 1593 -5180 -3914
5143 -1923 5686 36 3225 -5061 3703 1515
-2620 -1304 -1734 2033 2913 -904 -418 -2890
-1516 -3059 -179 2530 -471 -1795 -575 6
-5802 -5774 8578 1998 3435 6699 1662 3000
2278 -10553 11383 1188 10101 -3136 -3749 -5722
3507 -1367 3752 426 609 -3820 1493 1979
-1506 -2729 -3265 39 3057 -387 1094 -1942
-1834 -1663 1018 1475 -315 483 -1052 -1686
-6057 -7261 10374 3500 7574 4934 290 4395
3395 -9276 10655 2929 7051 -6806 -2134 -5991
1844 -1919 1483 -518 -1018 -1297 -208 984
25 -3217 -3503 -2028 3176 -160 1470 -190
-3154 -657 3085 1663 1148 2755 -352 -3177
-5501 -8698 10937 -1102 9912 1152 -1476 4825
3486 -7701 8819 -1795 2684 -7688 -316 -5374
825 -3228 -57 -2585 -253 1312 -1059 -558
1211 -2576 -2406 -1937 3385 -286 555 1458
-4514 -430 4784 -178 3531 3420 1189 -3722
-3934 -9465 10384 1072 9546 -3313 -3550 4095
2487 -6170 6534 -1325 -1449 -5354 566 -3626
845 -4849 -528 -4358 2092 3205 -700 -2269
2093 -1344 -576 -3338 3918 -692 -1122 2355
-5724 -1473 5744 1433 5923 2358 2792 -2969
-2396 -9269 8793 2759 6388 -6848 -4357 2439
891 -5340 4752 -1924 -3264 -1469 120 -1609
1625 -6165 210 -6340 4799 3060 689 -3276
1660 26 1100 -3122 3475 -863 -2831 1776
-6221 -3094 5365 3503 7201 196 3746 -1310
-1013 -8104 6528 3766 2543 -7381 -4613 597
-718 -5468 4062 -3530 -1953 2342 -1319 -466
3014 -6791 1901 -7767 6908 971 2452 -2667
633 959 2054 -2066 3030 -1103 -3981 473
-5587 -4596 3833 5375 6814 -2529 3289 907
-692 -6538 4620 3410 -1043 -5415 -3484 -1007
-1899 -6552 4701 -5604 1532 4881 -3144 -350
4226 -6363 3624 -8140 7402 -1824 3356 -1275
-898 1297 2152 -196 3069 -1265 -4225 -1157
-4248 -5567 1735 6377 5272 -4544 1880 2219
-1073 -4936 3711 1921 -3090 -2133 -1822 -870
-2112 -7988 6080 -7121 5525 4393 -4439 -1376
5081 -5067 4973 -7139 5737 -4192 3551 654
-2349 502 785 1769 2938 -857 -3104 -2319
-2366 -5919 -467 6214 3133 -4790 -39 2718
-2448 -3803 4033 -130 -1805 1532 -505 79
-1311 -9269 8063 -7538 8503 1698 -4664 -3022
4846 -3479 5079 -5121 3110 -5220 2210 2335
-3171 -998 -1364 3166 3070 -885 -1210 -2754
-1008 -5183 1454 5027 829 -4215 -1704 2159
-3660 -3822 4061 -1635 959 3911 -210 1632
-156 -9535 4782 -6751 8850 -2144 -3712 -4159
3822 -2244 1962 -3109 836 -4418 441 2917
-2913 -2688 -1056 3200 3548 -1074 342 -1706
-305 -3811 524 3128 -468 -2792 -2527 709
-4876 -4600 5357 -2503 4622 3716 -1068 3440
1260 -9307 6186 -5218 6636 -5649 -2160 -4643
2030 -1751 940 -1703 -557 -2020 -1325 2484
-1989 -3941 -3030 2246 3894 -1392 1136 216
-569 -2423 648 1343 -204 -601 -1923 -648
-4957 -5810 7134 -2004 7503 1396 -2637 4180
2134 -7880 6481 -3053 3216 -7292 -224 -3935
540 -2015 -851 -1136 -225 4 -2256 1247
-466 -4297 -4305 361 3504 -2241 810 1904
-1580 -1375 1782 321 928 987 -693 -1317
-4166 -6953 8471 -394 8058 -1624 -4294 3704
2444 -6282 5763 -1374 46 -6348 944 -2265
-262 -3299 -2835 -2109 1710 1606 -1992 -358
771 -3718 -4347 -1451 2886 -2972 -577 3182
-2803 -1280 3457 462 2744 1053 903 -874
-2906 -7517 8882 1391 6259 -4825 -5203 2527
1469 -4612 3865 -714 -2012 -3285 920 -203
-387 -4649 -4312 -3606 3923 1425 -702 -1212
1378 -2586 -3336 -2497 2175 -2828 -2078 3153
-3947 -2174 5087 1791 4647 524 2189 709
-1249 -7375 8333 3050 3696 -6682 -5001 804
149 -3848 1952 -1350 -1813 -308 -49 1296
316 -5858 -4659 -5376 5114 -524 883 -1032
1266 -1146 -1598 -2722 1369 -2511 -3300 2316
-4160 -3454 5769 3502 5176 -936 2194 2595
-233 -6449 6891 3773 701 -6310 -3825 -351
-1331 -3954 354 -2820 422 2253 -1622 1760
1490 -6135 -3800 -6441 5445 -2646 2301 4
192 -338 -132 -2055 917 -2041 -3222 965
-3673 -4904 5475 2257 4933 -2973 1315 4147
218 -4683 4646 461 -1470 -4115 -2069 -687
-2315 -4827 -417 -4757 3093 2586 -2737 965
2643 -5608 -2153 -5395 4297 -4063 2783 1834
-1169 -76 806 -82 1297 -923 -2195 -242
-2408 -5816 4062 3909 4019 -4397 -237 4622
-177 -3253 3020 240 -1821 -1658 -423 -31
-2391 -5904 190 -6181 5177 729 -2849 -301
3283 -4606 -610 -5669 1998 -5011 2266 3422
-2651 -754 891 1790 1935 -335 -496 -689
-818 -5907 2144 5022 2116 -4654 -1586 4137
-1274 -2320 2228 -985 -365 930 542 1569
-1779 -6919 1516 -7377 6333 -1635 -2038 -1533
3054 -3071 606 -4596 185 -4464 1150 4101
-3176 -1821 -91 3427 3048 -999 1365 -206
394 -5178 416 4785 233 -4329 -2164 2957
-2526 -2010 2179 -2573 1562 1709 311 3042
-692 -7244 2946 -7508 5149 -4095 -462 -2048
2276 -2019 774 -2926 -757 -2425 -205 3860
-2945 -3150 -1742 4364 3533 -1737 2296 1310
908 -3832 -524 3591 -315 -3161 -1757 1294
-3428 -2697 3292 -3816 3698 771 -365 3781
709 -6722 4166 -6639 2896 -5676 1331 -1626
988 -1434 15 -1127 -674 -832 -1040 2682
-2150 -4223 -3374 4414 3134 -2537 2464 2812
702 -2574 -422 2057 -462 -1361 -535 367
-3604 -3795 4889 -4323 5288 -725 -1682 3592
1338 -5689 4361 -5169 514 -5449 2578 -502
-391 -1635 -1551 87 1061 -104 -704 1071
-843 -4445 -4383 3492 2281 -3768 1641 3927
-103 -1809 546 648 93 -336 1203 297
-2856 -4792 5950 -3627 4713 -2849 -2357 2499
1425 -4146 3619 -3333 -1241 -3471 2876 1040
-1126 -2461 -2640 406 2620 240 543 60
48 -3833 -3045 2005 1367 -4118 645 3912
-1185 -1368 1412 -169 1662 147 2441 1050
-1884 -5120 4466 -2403 3111 -4883 -2175 1063
598 -3027 1222 -2098 -1821 -1695 2399 2094
-1044 -3680 -3840 -259 3222 -725 2132 -348
508 -2866 -3015 641 52 -3216 -256 3160
-2019 -2003 2710 1 2985 -100 2933 2279
-657 -4942 4910 -845 1405 -4988 -1213 -320
-482 -2162 -71 -1430 -360 -180 1475 2385
-436 -4466 -4683 -1446 3383 -2631 3338 328
344 -1607 -2083 -281 -598 -2461 -518 1657
-2337 -2930 3910 905 3102 -1639 2719 3194
185 -3967 4327 446 -456 -4024 315 -1002
-1442 -2259 -1371 -1850 997 932 447 1501
723 -4647 -4673 -2797 2758 -3766 3915 1296
-365 -600 -646 -457 136 -1303 145 346
-2025 -4000 4539 2297 2933 -3108 1609 3394
494 -2736 3244 1003 -1578 -2889 1630 -871
-2176 -2860 -2551 -2811 2453 74 -27 449
1602 -4243 -3957 -3587 920 -3993 3824 2166
-1464 -351 661 311 828 -303 1458 -539
-1074 -4632 4188 3470 2185 -3573 659 2829
178 -1495 1692 792 -984 -1181 2558 -72
-2209 -3735 -2726 -3975 3446 -1499 566 -1042
2317 -3270 -2626 -3848 -264 -3970 3109 2746
-2381 -557 1477 1519 1247 -756 2728 -685
43 -4623 3236 4060 580 -3875 -67 1751
-617 -922 533 -85 -365 270 2796 745
-1645 -4610 -2133 -4900 3211 -2760 1608 -1965
2253 -2173 -1206 -3114 -541 -2566 1849 2462
-2689 -1385 1369 2696 2103 -1343 3577 84
941 -3896 1762 3694 -616 -3483 84 200
-1615 -914 56 -1463 1104 303 2016 1219
-726 -4902 -1062 -4691 1637 -3815 2782 -2232
1726 -1217 -344 -1247 -1015 -1218 1131 1346
-2532 -2240 615 3095 2259 -1718 3553 740
1298 -3075 632 2134 -929 -2034 971 -834
-2288 -1279 138 -3035 2524 -685 995 1023
181 -4499 243 -4514 511 -4364 3758 -1709
717 -718 22 -84 -296 -636 859 -111
-1927 -2864 -343 3788 1329 -2950 3155 1391
1001 -1756 -92 1125 -894 -733 1940 -1477
-2506 -2156 1052 -3938 2708 -1624 188 122
763 -3746 1053 -3984 -662 -3315 3964 -896
-40 -839 -360 1003 941 -251 1392 -1335
-1083 -2880 -1382 3546 626 -3308 1997 1307
310 -1222 143 -71 205 -548 2823 -1243
-2093 -2845 2053 -4292 1794 -2871 -140 -1255
1053 -2873 1517 -3027 -1663 -2211 3314 -225
-286 -1458 -1277 1475 1592 -258 2111 -1771
-206 -2307 -1994 2609 66 -2425 839 243
-490 -943 680 -1043 1278 -544 3053 -630
-1556 -3177 2811 -3906 896 -4031 89 -2346
539 -2075 1123 -1968 -1405 -1107 2627 -111
-383 -2129 -2116 1619 1474 -1537 2836 -1721
87 -1501 -1877 1517 -681 -2014 306 -788
-1134 -1178 1642 -1603 1331 -927 2766 -136
-719 -3019 3142 -3064 -325 -3411 803 -3170
-206 -1690 209 -1117 -228 338 1455 -573
134 -2716 -2758 1148 1693 -2399 3242 -1331
-36 -356 -1099 290 -165 -1742 415 -2054
-1398 -1789 2450 -1678 1171 -2203 1759 248
-103 -2487 2834 -2026 -1629 -2615 1545 -3098
-799 -1756 -768 -883 637 509 705 -1604
995 -2721 -2594 64 1041 -2344 2711 -548
-618 519 54 -531 258 -1199 966 -2953
-1194 -2508 2859 -972 948 -2845 686 -214
-216 -1721 2173 -1336 -1612 -1160 1793 -2779
-1218 -2258 -1835 -1279 1515 -488 694 -2533
1761 -2462 -3047 -933 69 -2955 1829 -188
-1155 737 -208 -655 -226 -1066 1397 -3245
-805 -2646 2474 -354 -356 -2531 -150 -845
-483 -876 843 -933 -548 327 1622 -2085
-1222 -2951 -2376 -1999 2257 -1311 910 -3200
2328 -1704 -2519 -1792 -272 -2980 646 -272
-1727 573 596 -250 68 -1537 1815 -2890
-189 -2355 2000 159 -1214 -2007 -384 -1718
-1142 -600 36 -1379 166 612 579 -1782
-859 -3566 -2531 -2945 1809 -2182 1600 -3452
2551 -878 -1668 -2073 -1065 -1989 -493 -857
-1941 299 980 225 48 -1409 1638 -2482
242 -2007 1453 469 -823 -1053 -343 -2404
-1883 -506 -773 -1966 1412 -203 -411 -1695
-225 -3832 -2169 -3541 448 -3473 1792 -3249
2280 -256 -914 -1763 -1666 -1370 -1022 -1509
-1749 -96 822 739 -461 -861 900 -1842
377 -1052 453 59 -232 91 -55 -2579
-2357 -975 -1058 -2781 2345 -924 -1295 -2029
513 -3727 -1396 -3828 -406 -3401 1636 -2442
1880 37 -333 -1231 -1150 -824 -1257 -2085
-1329 -308 248 812 -364 -800 203 -1874
39 -339 -288 -640 329 -134 206 -2134
-2522 -1539 -938 -3542 1605 -2385 -2011 -2735
833 -3402 -775 -3608 -2081 -2319 1510 -1820
1541 39 -256 -782 -706 191 -1157 -2397
-741 -88 -478 588 449 -460 -723 -2008
-467 165 -706 -1423 1438 -677 298 -1456
-2388 -2076 -434 -3861 239 -3670 -2209 -3320
1001 -2831 -204 -3089 -2623 -1311 707 -1317
1378 -329 -564 -404 -212 699 -765 -2211
-192 275 -1145 -47 703 -520 -1319 -2488
-1179 393 -750 -2866 1627 -1479 -37 -724
-2132 -2340 94 -3576 -1007 -3126 -1967 -3683
1002 -2357 52 -1983 -1833 -3 -198 -1040
1509 -841 -1206 121 911 119 -916 -1723
-63 856 -1442 -410 772 -1446 -1584 -2869
-1483 264 -457 -2839 393 -2719 -740 -31
-1721 -2331 478 -3400 -2582 -1725 -1848 -3592
531 -2366 -305 -1475 -989 1705 -723 -1238
2129 -1083 -1778 -3 1938 -337 -1315 -771
-23 1684 -1586 -1232 1065 -1979 -1521 -3288
-1784 104 -60 -3207 -798 -2950 -1569 155
-1516 -2072 623 -3020 -2685 -551 -1716 -3084
194 -2510 -838 -1147 483 1713 -915 -1436
2727 -1008 -2034 -612 1561 -1412 -2145 -330
-116 2288 -1353 -1992 121 -2313 -1061 -3066
-1745 -218 278 -3177 -1960 -1742 -2237 297
-1659 -1661 303 -2564 -1489 1155 -1782 -2451
2 -2957 -1429 -1127 2337 402 -822 -1661
3250 -907 -2207 -1281 1021 -3040 -2865 8
-571 2337 -882 -2361 -1425 -2385 -801 -2646
-1638 -280 401 -3014 -2741 -369 -2625 167
-1861 -1509 -63 -2311 -318 2370 -2164 -1964
19 -3461 -1819 -1525 2676 -915 -467 -1373
3648 -593 -1920 -1872 37 -2996 -3505 180
-774 2549 -594 -2690 -2159 -1520 -658 -2037
-1340 -350 318 -2656 -1591 628 -2586 153
-2329 -1296 -747 -2196 1535 1425 -2682 -1438
438 -3794 -1740 -2087 1713 -2717 -155 -517
3708 -88 -1485 -2347 -1812 -2558 -3906 35
-860 2308 -467 -2532 -2409 371 -819 -1464
-1148 145 -238 -2344 -85 1892 -2383 427
-2807 -1369 -1154 -2450 3005 -283 -3258 -1438
679 -4137 -1692 -2586 364 -4012 -17 54
3691 258 -1030 -2563 -3093 -1650 -4019 -170
-925 2262 -747 -2365 -1927 1146 -1021 -821
-1189 549 -1586 -2338 1168 1781 -2138 913
-3162 -1671 -3020 -2897 2492 -1851 -3419 -1662
1052 -4345 -3891 -3101 -1570 -3293 -5 783
3465 401 -2900 -2545 -2860 538 -3885 -14
-419 2259 -1884 -2216 249 1896 -1115 -749
-1432 1060 -2191 -2507 2554 -70 -1904 1442
-3446 -2039 -3381 -3438 626 -3882 -3375 -1759
1338 -4151 -3583 -3262 -3528 -1955 -272 1484
3326 336 -2627 -2319 -1936 2251 -3489 81
-310 2376 -2180 -2112 1675 1874 -1221 -458
-1891 1211 -2557 -2972 2728 -1725 -2015 2221
-3437 -2524 -3358 -3897 -1139 -4063 -2935 -1786
1383 -4038 -3375 -3243 -3811 65 -435 2011
3339 198 -2768 -2182 -178 2431 -3262 572
-33 2586 -2479 -2197 2371 131 -1134 -477
-2350 1418 -3011 -3560 999 -3233 -2202 3085
-3211 -2657 -3144 -4049 -3157 -2357 -2529 -1700
1306 -3896 -3224 -3098 -2368 2656 -517 2311
3533 -59 -3134 -2037 2293 1761 -3211 1173
161 2915 -3020 -2449 2596 -2070 -678 -512
-2604 1382 -2906 -3791 -1122 -3887 -2386 3199
-3164 -2844 -2969 -4191 -4436 -373 -2165 -1347
1217 -4016 -3380 -2999 -409 3641 -400 2354
3857 -340 -3576 -2223 3161 386 -3307 1406
126 3284 -3262 -2926 1128 -3162 -163 -277
-2839 1145 -2790 -4180 -2684 -2742 -2626 3458
-3114 -2741 -2806 -3976 -3218 2046 -1573 -811
1040 -4133 -3613 -2931 2174 2522 -82 2284
4247 -354 -4047 -2632 2790 -2248 -3447 1742
106 3560 -3406 -3232 -1410 -3409 498 -23
-2855 1041 -2595 -4150 -3927 -383 -2591 3261
-3146 -2695 -2871 -3800 -819 3839 -1453 -442
940 -4420 -3971 -2940 4001 811 374 2768
4456 -452 -4243 -2689 1245 -4092 -3384 1733
0 3809 -3383 -1863 -3080 -2682 878 504
-2752 983 -2394 -1987 -3489 1523 -2286 3232
-3184 -2463 -2895 -1436 1552 3280 -1376 -132
917 -4730 -4340 -769 3541 -1723 786 3067
4584 -257 -4363 -940 -1373 -3899 -3304 1499
-110 3658 -3043 -1627 -3504 -163 1221 912
-2630 935 -2309 -1874 -1146 3294 -2099 3217
-3497 -2528 -3400 -1366 3771 1282 -1155 -332
955 -5047 -4538 -849 1720 -4292 1177 3376
4584 -97 -4216 -1137 -3643 -2436 -3096 1235
-337 3500 -2858 -1724 -3216 1983 1388 1249
-2684 1152 -2507 -1813 1311 3551 -1682 3220
-3851 -2686 -3710 -1391 4223 -1092 -990 -346
1283 -5244 -4848 -1171 -930 -4957 1460 3954
4656 47 -4156 -1328 -4086 -341 -2743 1088
-217 3297 -2697 -1495 -1222 2931 1551 1454
-2641 1307 -2708 -1632 2918 1598 -1327 3336
-4111 -2732 -4025 -1337 2224 -3652 -543 -427
1428 -5393 -4897 -1355 -3917 -3235 1575 4017
4698 -149 -4214 -1227 -3174 2822 -2279 967
-47 3129 -2716 -1315 1397 3124 1878 1463
-2715 1488 -2921 -1565 3907 -783 -1290 3515
-4148 -3128 -4195 -1733 -284 -5210 -91 -925
1573 -5267 -4714 -1559 -5063 -668 1802 4157
4313 -251 -3932 -1005 -1182 3836 -1953 918
171 3102 -2986 -1143 2894 1515 1946 1300
-2967 1619 -3226 -1711 2762 -2742 -1041 3489
-4136 -3430 -4165 -2015 -3069 -4007 592 -943
1563 -5316 -4670 -1554 -3981 2446 1616 4099
4193 -414 -3901 -680 1858 3164 -1463 1048
211 3195 -3095 -977 3118 -1088 2367 1060
-3127 1551 -3236 -1833 25 -4229 -1030 3445
-4064 -3561 -4092 -2255 -5159 -1366 1217 -1127
1421 -5219 -4567 -1415 -1635 4726 1755 3900
4192 -729 -4216 -454 3781 1353 -1290 909
375 3178 -3604 -911 2200 -2880 2655 947
-3374 1492 -4765 -2126 -2298 -3922 -1134 3156
-3791 -3802 -5807 -2493 -4806 1373 1546 -1179
1250 -5158 -5481 -1178 1359 4439 1904 3751
4295 -921 -4117 -245 3446 -1608 -1201 723
410 3248 -3746 -1024 -139 -3577 3115 857
-3526 1179 -4714 -2513 -4093 -1717 -1136 2751
-3845 -3898 -5761 -2557 -2596 4087 2004 -1084
1202 -5264 -5381 -1124 4013 2339 1955 3534
4430 -970 -4225 -208 1907 -3912 -1073 525
237 3383 -3700 -1232 -2552 -3016 3388 863
-3484 855 -4442 -2698 -4488 673 -1122 2212
-3719 -3709 -5532 -2454 226 5100 2173 -1097
906 -5453 -5536 -723 4623 -1075 2487 3347
4626 -1169 -4551 -111 -622 -4264 -1234 110
74 3345 -3702 -1358 -3496 -1161 3510 1067
-3316 602 -4199 -2648 -2680 2598 -918 1769
-3727 -3662 -5388 -2327 3081 3362 2108 -1150
771 -5639 -5694 -646 2736 -4106 2484 3151
4627 -1017 -4667 -328 -3376 -3063 -1100 -451
-24 3054 -3364 -1403 -3351 1232 3462 1093
-3112 375 -3901 -2605 -472 3810 -676 1419
-4002 -3539 -5601 -2007 4841 327 2086 -1337
930 -6014 -6103 -720 -163 -5578 2561 3077
4454 -1222 -4546 -162 -4588 -597 -761 -959
-128 2949 -3193 -1414 -2083 2460 3321 1138
-3033 452 -3659 -2442 1706 3261 -344 992
-4221 -3623 -5864 -2013 3960 -2778 2342 -1870
1086 -6201 -6356 -893 -3378 -4242 2478 3276
4241 -909 -4345 -529 -3668 2072 -518 -1281
-340 2432 -2548 -1225 229 2404 2961 824
-2856 478 -3482 -2208 3139 1058 -251 819
-4245 -3845 -6040 -2181 1234 -5160 2524 -2020
1179 -6357 -6571 1302 -5767 -1655 2130 3294
4002 -863 -4038 2320 -1679 3736 -218 -1553
-111 1920 -2212 886 1630 1723 2715 384
-2953 582 -3556 -19 3254 -1065 -279 655
-4431 -4198 -6354 1122 -1827 -5265 2666 -2330
1305 -6151 -6395 2430 -5428 1679 1621 2670
3617 -1112 -3586 2343 1215 3217 -99 -1562
-103 1485 -1768 888 1826 69 2647 36
-2935 588 -3564 -21 1469 -2917 -612 563
-4394 -4468 -6540 842 -4689 -3173 3177 -2592
1436 -5839 -6136 2088 -2904 4429 1306 2475
3289 -1488 -3217 2552 3009 1383 42 -1453
205 1384 -1778 1268 1445 -1644 2732 -306
-3169 626 -3928 51 -740 -3806 -873 196
-4197 -4840 -6496 384 -5909 -247 3396 -2287
1096 -5638 -5747 2107 242 5000 931 2008
2999 -1968 -2924 2959 2795 -988 -289 -1431
418 1329 -1740 1398 53 -2017 2718 -449
-3608 449 -4136 -390 -2607 -2922 -1370 -31
-3612 -4812 -6065 -113 -4696 2806 3297 -1924
706 -5423 -5389 2323 3498 2824 1010 1441
2972 -2221 -2790 3275 1153 -3111 -500 -1289
426 1573 -2053 1445 -1654 -1936 2979 -452
-3534 14 -3811 -894 -4014 -1130 -1555 -961
-3448 -4673 -5746 -264 -1879 4806 3174 -1728
406 -5337 -5105 2634 4437 171 1018 1182
3152 -2669 -3114 3826 -1036 -3920 -1022 -1721
150 1576 -2025 1125 -2154 -939 2616 -190
-3565 -595 -3444 -1533 -4157 612 -1411 -1491
-3066 -4489 -5213 -450 1060 4295 2653 -1515
138 -5667 -5268 3177 3082 -3006 1144 1150
3300 -2779 -3328 3975 -3285 -2384 -1229 -2125
-224 1503 -1930 599 -2281 265 2375 237
-3208 -1243 -2684 -2101 -2871 2322 -1001 -1943
-3080 -4121 -4458 -112 3589 2228 2084 -1438
-265 -5978 -2936 3702 252 -5058 1202 1364
3339 -2704 -1193 3820 -4287 -320 -1138 -2651
-761 1032 -1607 -43 -1918 770 1648 536
-2635 -1566 -3458 -2229 -1171 2934 -575 -1953
-3270 -3966 -4615 241 4051 -471 1754 -1783
-290 -6425 -3261 3996 -3007 -4759 962 1897
3184 -2379 -1261 3362 -3297 1974 -894 -2929
-894 524 -1125 -356 -1089 869 961 295
-2349 -1466 -2970 -2102 564 2358 -336 -1778
-3601 -3718 -4506 827 2147 -3300 1518 -2150
143 -6495 -3767 3776 -5218 -2335 73 2013
2877 -2094 -1339 2928 -1444 3323 -479 -2788
-1090 -207 -340 -604 -461 611 276 -61
-1981 -1440 -2543 -1725 1753 1225 -267 -1335
-3829 -4144 -5031 756 -262 -4842 1820 -2388
514 -6607 -4308 3491 -5787 966 -468 2104
2332 -2040 -766 2525 477 2631 -279 -2408
-947 -1067 529 -413 -652 64 30 -652
-1897 -1126 -2293 -1281 1590 -249 -575 -911
-3892 -4501 -5478 671 -3225 -4091 2165 -2166
670 -6181 -4256 2888 -3859 3851 -1126 1689
1505 -2264 47 2432 1766 759 -94 -1698
-515 -1607 1260 61 -1127 -257 3 -1174
-2353 -890 -2797 -1081 861 -1914 -1201 -842
-3722 -5181 -6192 154 -5525 -1928 2588 -1731
734 -5721 -4019 2395 -1063 4958 -1396 1009
972 -2782 959 2787 1526 -1185 -497 -1084
-94 -1619 1507 608 -1223 20 379 -1383
-2751 -988 -3303 -1304 -567 -2709 -1773 -1017
-3198 -5455 -6351 -581 -5500 1052 2589 -1035
603 -5037 -3484 2020 1520 3666 -1425 408
613 -3482 1701 3353 -339 -2576 -1142 -681
318 -1460 1466 1183 -1576 515 899 -1218
-3028 -1344 -3689 -733 -2192 -2378 -2020 -1550
-2720 -5745 -6376 2514 -4008 3662 2387 -72
-30 -4620 -2585 4089 3128 1117 -1070 174
509 -4105 2219 2906 -2515 -2578 -1946 -731
178 -1175 1008 300 -1130 705 920 -735
-3314 -2109 -4115 -465 -3617 -1523 -1658 -2291
-2071 -5371 -5725 1718 -1636 4729 1647 496
-759 -4488 -1722 4232 2550 -1718 -484 182
982 -4479 1937 3595 -3943 -1031 -2373 -1158
-89 -979 572 243 -527 595 702 64
-3206 -3134 -3937 -1547 -4047 -94 -1105 -2559
-1613 -4919 -4954 1219 919 4027 914 603
-1441 -4987 -1376 4964 178 -3835 -56 850
1317 -4450 1494 4109 -4278 920 -2311 -1901
-854 -814 63 -535 -564 -70 -8 711
-2646 -3869 -3323 -2684 -3879 1729 16 -2506
-1701 -4097 -4085 1239 2602 1772 152 197
-1714 -5542 -1457 5775 -2827 -3737 29 1556
1539 -4280 1005 4161 -2906 2606 -1670 -2231
-1585 -1311 231 -1531 -903 -787 -983 798
-1943 -4150 -2371 -3315 -2800 2920 578 -1789
-2131 -3628 -3653 1711 2433 -732 -157 -298
-1515 -6263 -2086 6561 -5218 -1962 -453 2282
1625 -3648 385 3932 -1075 3334 -1132 -2246
-2048 -1984 796 -2578 -1694 -1136 -1647 134
-1041 -4176 -1239 -3575 -1263 3310 897 -875
-2782 -3533 -3674 2536 723 -2886 225 -858
-973 -6601 -3006 6792 -5945 762 -1408 2632
1053 -2854 391 2788 531 2459 -243 -1739
-2135 -3156 2066 -3541 -2939 -790 -2044 -642
-640 -3512 -610 -3136 365 2877 599 -74
-3360 -3776 -4365 3466 -1875 -3399 1179 -1021
-219 -6521 -3746 6366 -4736 3175 -2299 2203
211 -2583 963 1778 1434 433 -56 -701
-2016 -4188 2297 -3857 -3720 492 -1746 -1667
-731 -2819 -1988 -2316 1180 1277 -145 409
-3621 -4712 -2949 3814 -4412 -2385 1827 -426
259 -6019 -615 5607 -2173 4769 -2637 1388
-761 -2681 2358 759 428 -1310 -123 327
-1152 -4636 2064 -3478 -3513 1877 -651 -2072
-1063 -2206 -1885 -1446 882 -345 -994 302
-3424 -5563 -4049 3610 -5840 -148 2316 483
426 -5096 -972 4450 365 4197 -2515 247
-1380 -3425 3447 455 -1519 -2312 -966 1008
-271 -4532 2885 -2431 -2479 3078 347 -1768
-1958 -2069 -2665 -909 -266 -1662 -1382 -541
-2699 -6328 -5210 2689 -5479 2379 2013 1777
136 -3980 -597 3329 1879 2182 -1689 -418
-1717 -4538 4801 900 -3615 -1923 -2040 869
181 -4008 3066 -1534 -1073 3278 1133 -980
-2823 -2448 -3821 -1023 -2287 -1974 -1166 -1340
-1751 -6372 -5744 1466 -3817 4457 1354 2532
-722 -3520 413 3079 1951 -415 -523 -219
-1439 -5520 5800 1874 -4734 103 -2683 137
266 -3119 2491 -693 164 2571 1221 170
-3156 -3592 -5050 -2046 -4159 -1318 -326 -2086
-707 -5958 -5640 92 -1567 4887 73 2781
-1696 -3500 1697 3393 126 -2352 277 477
-644 -6110 6152 3068 -4764 2495 -2804 -922
-551 -2414 1202 -928 747 988 510 1049
-3072 -4719 -5744 -3301 -5139 651 1037 -2138
-267 -4978 -4627 -465 877 3956 -787 2120
-2559 -3978 2853 4304 -2411 -2790 518 1445
254 -5922 5611 4016 -3470 4199 -2127 -1875
-1332 -2073 -3 -1618 53 -623 -525 1211
-2520 -5618 -5726 -4564 -4921 2801 2125 -1334
-525 -3956 -3450 -217 1964 1893 -1055 974
-2896 -5113 3324 5662 -4653 -1520 -62 2599
801 -5218 4557 3971 -1147 4594 -942 -2125
-2280 -2337 -856 -2457 -1643 -1364 -1611 674
-1479 -5937 -4807 -2379 -3402 4178 2654 -50
-1333 -2915 -1965 2135 1075 -535 -698 -127
-2546 -6099 2861 4928 -5667 974 -1130 2887
877 -4129 3232 1584 681 3689 235 -1848
-2952 -3397 -827 -3895 -3559 -888 -2088 -519
-394 -5586 -3443 -3273 -1297 4684 2373 1108
-2315 -2792 -1400 3103 -610 -2088 368 -562
-1712 -6926 1765 6246 -5186 3590 -2408 2461
416 -2927 1995 1000 1218 1772 1155 -724
-3060 -4547 -130 -5208 -4809 641 -1641 -1776
192 -4628 -2070 -3309 462 3899 1176 2088
-3230 -3343 -1652 4525 -3000 -2086 1715 -247
-652 -6926 285 6789 -3267 5504 -3189 1462
-583 -2379 1778 -239 721 -133 891 577
-2511 -5642 1178 -6335 -4858 2479 -381 -2531
138 -3293 -1133 -2422 1209 2033 -123 1791
-3742 -4646 -2862 5965 -5111 -573 2680 855
460 -5978 -1042 6203 -856 5591 -3103 -99
-1764 -2552 2389 -1801 -1188 -1213 -8 1531
-1394 -6273 2730 -6477 -3497 4282 961 -2628
-647 -2288 -1231 -904 675 71 -1023 800
-3519 -5849 -4253 6620 -5549 2016 2474 2167
619 -4917 -1380 5001 1241 4038 -2051 -1094
-2557 -3452 3826 -2957 -3381 -1048 -1435 1485
-95 -5745 3821 -5494 -1727 4881 2131 -1594
-2034 -1947 -2423 763 -1112 -1243 -1063 -689
-2662 -6822 -5858 6427 -4794 4801 1680 3585
422 -3570 -1079 3430 1905 1873 -590 -1271
-2833 -4726 5334 -3283 -4745 499 -2374 512
448 -4561 3762 -3875 -45 4107 2419 68
-3034 -2445 -3904 1607 -3147 -969 -210 -2000
-1440 -7051 -6573 5234 -2579 6127 156 3960
-728 -2919 314 2176 1009 -275 647 -741
-2178 -5862 4970 -2450 -4999 2588 -2555 -875
610 -3152 1569 -2326 897 2800 1844 1250
-3812 -3436 -4386 1624 -4573 620 1290 -2066
-435 -6292 -4048 3512 -73 5677 -1203 3036
-1972 -2866 2985 1619 -1261 -1415 1271 836
-977 -6542 6268 -969 -3939 4493 -1855 -2405
-86 -1999 692 -1101 454 1122 450 2011
-3733 -4798 -5997 565 -4851 3058 2827 -1716
70 -4975 -3718 2107 1740 4053 -1779 1664
-2995 -3744 4583 2215 -3601 -1068 538 2085
316 -6344 6530 793 -2073 5503 -439 -3079
-1284 -1260 -897 -916 -702 -39 -905 1459
-2883 -5838 -6861 -933 -3711 4943 3541 -267
-240 -3574 -2350 1430 2000 1553 -1471 122
-3186 -5080 6014 3692 -5355 810 -871 2757
1548 -5411 5924 2319 -140 5343 1214 -2834
-2471 -1407 -2514 -1493 -2265 280 -1831 210
-1678 -6016 -6468 -2356 -1556 5644 3228 1289
-1356 -2579 -610 1758 570 -497 -106 -824
-2841 -6559 6529 5457 -5582 3391 -2410 2404
1850 -3714 4173 2776 1065 4087 2409 -1625
-3271 -2439 -3520 -3016 -3278 1222 -1696 -1355
-425 -5401 -5381 -3257 246 5051 1967 2333
-2816 -2359 1122 3263 -1944 -1165 1677 -550
-1729 -7569 5955 7046 -4169 5673 -3557 1071
1360 -2391 2479 2181 1420 2161 2501 53
-3285 -3839 -3648 -4625 -3660 2785 -684 -2511
171 -3967 -3419 -2873 1345 3187 365 2175
-4126 -3079 2002 5167 -4443 -13 2754 520
-207 -7569 4498 7744 -1613 7028 -3873 -607
177 -1504 1080 598 585 640 1594 1336
-2437 -4939 -2577 -5678 -3046 4126 1203 -2647
16 -2217 -1551 -1622 946 1396 -1039 1033
-4741 -4371 1715 6777 -5515 2324 3240 2222
960 -6711 2509 5713 916 6470 -2782 -2291
-1096 -1687 754 -1560 -1045 -43 88 1574
-1122 -5176 -776 -4918 -1744 4679 2572 -1499
-1012 -872 -503 667 -517 369 -1292 -661
-4477 -5972 387 7430 -4780 5069 2275 3765
1578 -5396 928 5267 2722 4595 -1194 -2884
-1830 -2650 1558 -3149 -2530 273 -1230 744
403 -4626 1194 -4923 -640 4498 3040 110
-2551 -286 -556 2733 -2723 618 -515 -2357
-3596 -7113 -1426 8271 -2471 7045 610 4222
1129 -3794 450 3731 2904 1779 344 -2425
-1879 -4184 3199 -4385 -3643 1705 -1797 -914
1342 -3032 2428 -3561 -14 3814 2445 1713
-3989 -684 -1639 4613 -3710 2125 974 -3130
-2212 -7300 -3050 8017 434 7245 -1021 3733
0 -2812 943 1757 1172 -388 1252 -920
-985 -5458 5065 -4579 -3934 3558 -1178 -2670
1614 -1320 2786 -1578 -58 3302 788 2685
-4866 -1783 -3245 5725 -3434 4197 2674 -2834
-1084 -6436 -3744 6610 2800 5392 -2003 2250
-1521 -3040 2631 336 -1227 -1388 764 583
387 -6267 6499 -3419 -3283 5017 482 -3476
800 354 1707 543 -383 2810 -970 2389
-4886 -3314 -4986 5784 -2131 5795 3812 -1437
-546 -5102 -3295 4730 3409 2691 -1963 429
-2558 -4022 4490 -238 -3746 -129 -377 1613
2071 -5934 6813 -1569 -1613 6254 2257 -3614
-488 1302 -52 2150 -671 2885 -2385 1022
-3991 -4409 -5969 4645 -94 6112 3818 304
-951 -3297 -1679 2820 2020 52 -674 -884
-2920 -5570 6057 393 -5136 2413 -2336 1402
3401 -4597 5870 947 -5 6312 3903 -2174
-2019 1190 -2001 2497 -726 3268 -2613 -905
-2487 -4586 -5516 2710 1571 4846 2704 1585
-2312 -2129 1266 2131 -599 -1275 907 -957
-2342 -7264 8121 2355 -4966 5264 -3676 -50
3883 -2850 5697 2551 1676 5415 4152 -326
-2723 64 -2075 1530 -566 3261 -1680 -2328
-1119 -3624 -3576 843 1958 3099 840 1775
-3848 -1992 3705 2570 -3260 -255 2420 41
-969 -8287 8825 4419 -2790 7806 -4331 -2007
3380 -1198 4046 3170 2745 3821 3298 1188
-2792 -1326 -3293 -76 -368 3243 -35 -2779
-459 -1969 -2021 -51 1149 1271 -742 613
-5361 -2684 5733 4044 -5067 2360 2833 1874
690 -8313 8104 6122 314 8219 -3561 -3861
2237 -260 2057 2422 2375 2115 1622 1769
-1884 -2514 -3095 -1794 -210 3115 1341 -2179
-634 99 420 278 -678 573 -1359 -1111
-6132 -4307 6726 6109 -4661 5586 2038 3443
1940 -7343 6416 6882 3282 6871 -1898 -4861
698 -297 534 767 1029 840 -173 1284
-372 -2706 -1681 -2754 -538 2893 2102 -435
-1780 1626 2587 1797 -2552 1483 -876 -2967
-6019 -5901 6400 7994 -2193 8034 159 4323
2522 -5858 4395 6266 4888 4051 -95 -4422
-91 -1410 428 -959 -480 363 -1092 -165
1177 -1996 479 -2658 -933 2909 1414 1238
-3415 2201 3787 3910 -3286 3433 643 -4129
-4914 -7096 4905 8922 1086 8388 -1866 4087
2146 -4332 2790 4738 4503 1142 927 -3407
-97 -2961 1502 -2205 -2277 1248 -774 -1814
2291 -355 2858 -1205 -1231 3563 -258 2359
-4943 1802 3876 5993 -2211 5746 2503 -4002
-3363 -7161 2909 8461 4065 6488 -3284 2602
911 -3329 2122 2682 2009 -1066 951 -1590
760 -4253 3391 -2258 -3095 2764 437 -2873
2523 1422 4213 832 -1000 4551 -2341 2241
-5787 562 2698 6288 -165 6874 3700 -2568
-2224 -6256 1227 6063 5362 3520 -3427 760
-531 -3276 2823 -477 -1049 -1393 -335 -257
2352 -5061 5537 -4344 -2747 4869 2315 -3049
1854 3245 4587 311 -172 5177 -3954 905
-5535 -847 895 6145 2159 6168 4063 -839
-1661 -4709 502 4493 4382 319 -2696 -548
-1697 -4330 4614 -2120 -3774 501 -2276 -232
4057 -4722 7013 -3298 -1276 6701 3806 -1873
306 4025 3539 2503 1358 5374 -4536 -870
-4527 -1888 -714 5875 3899 4250 2944 615
-1992 -3082 971 2433 1548 -1608 -1124 -1040
-2041 -5997 6601 -2654 -4548 3478 -3734 -1023
5245 -3478 7521 -1306 812 7329 4151 238
-1092 3755 1834 3789 2454 4533 -4058 -2488
-3083 -2082 -1553 4505 3875 2011 1136 1248
-3197 -1704 2588 339 -1734 -942 299 -282
-1722 -7587 8301 -1944 -3215 6586 -4534 -2970
5704 -1708 6564 840 3251 6280 3446 2184
-1827 2647 193 3899 3009 2804 -2538 -3330
-1749 -1345 -1174 2518 2029 85 -662 742
-4843 -1448 4691 -501 -4090 1525 995 1428
-119 -8466 8701 25 -520 8602 -3924 -4748
5241 -15 4804 2553 4558 4325 1658 3301
-1883 1288 -857 2917 2647 1418 -976 -2751
-992 210 299 628 -139 -299 -1447 -572
-6170 -2174 6486 -123 -4053 4627 394 3377
1338 -8540 8068 1922 2991 8246 -2396 -5376
4060 797 2926 3028 4403 1667 -290 3234
-1083 18 -870 1093 1233 755 -98 -1384
-1059 2145 2463 -521 -2186 1359 -1392 -2293
-6762 -3667 7194 1364 -1643 7357 -1242 4503
2557 -7512 6412 3540 5740 5774 -651 -5396
2631 830 1500 2300 2960 -466 -1552 1982
414 -234 23 -828 -746 693 -353 492
-2010 3571 4396 -375 -2913 3598 -25 -3185
-6516 -5142 9119 3286 1483 8578 -3302 4503
3108 -5809 6826 4174 6190 2401 689 -3900
1501 -229 1221 559 773 -702 -1811 495
2010 178 1119 -2054 -1754 2250 -1703 1854
-3522 3917 6218 941 -1403 5702 1723 -3149
-5478 -6156 8616 4913 4687 7067 -4700 3372
2806 -4278 4878 3621 4546 -942 970 -2098
1480 -1673 1222 -1242 -1647 201 -809 -589
2940 1634 3168 -1877 -1784 4267 -3469 2010
-4683 3607 7307 2568 1344 7064 3142 -1904
-4021 -6229 7054 5611 6379 3943 -5322 1840
1574 -3373 3283 1994 1871 -2285 226 -418
2135 -3016 2081 -2499 -2892 2308 772 -746
3016 3224 5038 -807 -258 5748 -4992 1398
-5500 2296 7147 4402 3624 6545 3776 72
-2789 -5297 5107 5009 5626 550 -4620 362
208 -3138 2692 99 -1114 -1277 -1257 214
3474 -3516 3867 -2561 -2146 4765 2257 399
2193 4639 6406 1056 2159 6255 -5929 -285
-5332 1015 5863 5224 5461 4005 3220 1813
-2338 -3945 3413 3622 3175 -2010 -3166 -277
-835 -3985 3368 -1341 -3289 1052 -2795 -120
4930 -3368 5818 -1701 -206 6729 2978 2010
795 5245 6429 2898 4069 5413 -5158 -1774
-4351 -1 4058 4993 5372 1238 1677 2812
-2538 -2174 2643 1431 193 -1960 -1400 433
-1219 -5333 4799 -1735 -3286 3898 -3320 -1341
5830 -2054 6973 212 2525 6567 2447 3926
-389 4931 5506 3966 5126 3154 -3698 -2394
-3045 -290 2448 3684 3361 -857 179 2790
-3668 -1214 3128 -61 -2319 -61 -511 1708
-653 -6672 6542 -1141 -1065 6649 -2845 -2666
6037 -640 7193 542 5300 5215 1252 5296
-1045 3767 3749 1269 4902 620 -1912 -2285
-1755 447 1663 815 881 -1721 -674 1885
-4808 -924 4330 -3211 -3198 2738 -496 3537
434 -7318 7723 -4214 1880 7259 -1539 -3459
5535 756 6380 -905 5814 2914 -390 5492
-1218 2499 2192 1308 3128 -898 -575 -1009
-935 1607 1773 -943 -1235 -210 -569 624
-5986 -1517 6060 -3910 -1803 5405 -1523 4715
1635 -7283 8227 -2824 5147 5753 195 -3602
4313 1534 4735 469 4998 56 -1537 4622
-483 1240 1044 334 585 -1041 -202 577
-890 3062 2923 -2554 -2218 2191 293 -449
-6371 -2729 7337 -3354 1171 6906 -2868 4952
2746 -6356 7489 -948 6677 3304 1816 -2489
3088 1435 3091 790 3299 -1743 -1911 3254
655 790 1068 -1229 -1006 -51 -710 1815
-1618 3983 4496 -3412 -1497 4202 1880 -504
-6111 -3883 7773 -2091 3941 6045 -3890 4076
3155 -4945 5876 454 5744 355 2637 -638
2168 407 1911 -107 468 -1421 -1063 2016
2014 1032 1948 -2970 -1417 2520 -1778 2453
-2705 4493 5994 -3335 1105 5827 3530 302
-5232 -4810 7426 -431 6125 3689 -4281 2649
2728 -3553 4090 885 3699 -2002 2314 954
1747 -763 1494 -1391 -1338 -101 296 1499
2666 2120 3517 -3803 -870 4264 -2846 1923
-3849 3880 6686 -2111 3474 5655 4202 1753
-3921 -4731 5976 998 6215 1089 -3684 1206
1755 -2637 2780 430 1151 -2297 1379 1631
2281 -1853 2220 -2996 -1569 2169 1893 1817
2680 3167 4811 -3718 1252 4923 -3110 729
-4182 2697 6222 -642 4943 3350 4082 3166
-2734 -3982 4272 1608 4198 -1445 -2192 421
581 -2502 1617 -780 -1230 -662 424 1526
3132 -2366 894 -3877 -417 4400 2835 2867
2024 3961 4305 -2926 3706 4747 -2818 -786
-3927 1497 5774 819 5546 1073 3103 4098
-2211 -2762 3142 1137 1786 -2404 -441 491
-436 -3098 710 -2271 -1956 1444 -146 539
4270 -2186 2446 -4110 1199 5066 2773 4277
846 4284 5121 -1244 4656 2940 -1283 -1687
-3148 590 4798 1467 4328 -684 2023 3959
-2358 -1611 1900 29 -438 -1315 690 1093
-640 -4100 1284 -3228 -843 3539 318 -440
4728 -1209 3658 -3170 3614 4325 2102 4891
-234 3916 5054 90 4786 575 446 -1891
-2018 154 3145 1353 1908 -1868 1287 3032
-3058 -804 1297 -1244 -1869 712 1018 2076
-343 -5100 2377 -3647 1083 5192 1127 -1747
4819 -163 4356 -1894 5055 2683 1056 4944
-874 2784 3964 849 3892 -901 1742 -1127
-1057 468 1881 534 320 -1505 1032 1878
-4093 -507 1467 -2418 -1161 2726 676 2843
471 -5577 3608 -3046 3139 4497 2718 -1933
4063 888 4405 -460 4470 343 78 3867
-989 1631 2654 882 1896 -1237 2494 -178
-268 1301 1034 -694 -955 440 1784 595
-4690 -998 2326 -2795 809 4252 -190 2942
1426 -5457 4446 -1921 5052 2809 3871 -1520
3054 1403 3609 519 3531 -1450 -206 2514
-622 653 1255 247 188 -1143 2391 652
-136 2320 1068 -2015 -930 2073 2802 32
-4962 -1912 3559 -2344 2446 4460 -896 2086
2159 -4583 4502 -548 5019 563 4391 -659
2065 1130 2309 531 1881 -1615 258 1320
156 52 294 -889 -231 329 1610 941
-606 2987 1734 -2548 748 2985 3935 39
-4666 -2649 4326 -1441 4083 2715 -1213 877
2495 -3531 4001 -2400 3701 -1446 4353 421
1139 463 971 -898 -68 -830 1186 218
979 209 256 -1770 -395 2004 695 597
-1498 3095 2916 -3364 2119 3467 4356 771
-3874 -3284 4666 -3070 4820 1183 -921 -702
2033 -2583 2756 -1572 1957 -2299 3506 709
894 -582 67 -1425 -645 307 2320 46
1588 577 688 -2705 732 2456 204 -529
-2012 2550 3664 -3127 3081 2759 4344 1605
-3019 -3368 4260 -1870 3891 -781 -19 -1512
1225 -1843 1437 -1119 323 -1270 2661 444
954 -1191 -260 -2214 -33 1968 2966 420
1483 1362 1616 -3242 2395 2323 316 -1698
-2435 1514 4075 -1980 3824 1153 3547 1899
-2193 -2853 3373 -756 2277 -2204 1013 -2156
420 -1828 593 -1520 -1103 -34 1733 -374
1501 -1776 -9 -3208 925 2937 3094 944
883 1811 2405 -2920 2968 1873 827 -2742
-2163 655 3770 -828 3678 25 2365 1737
-1744 -2038 2185 -316 1013 -1771 1864 -1803
-333 -2172 153 -2280 -607 1349 1544 -1528
2019 -1619 690 -3724 2559 2029 2591 1279
72 1762 2683 -2111 2710 633 1732 -3025
-1618 -72 2998 255 2339 -1181 1513 827
-1835 -1365 1349 -468 -332 -641 2002 -1191
-656 -2773 363 -3188 709 2937 1840 -2667
2409 -1133 1511 -3764 3496 1178 1502 1098
-657 1430 2516 -1027 2703 -442 2517 -2804
-867 -435 1900 929 1456 -1488 844 -380
-2285 -714 885 -1110 -1098 312 1655 -987
-299 -3369 1162 -3683 1836 2733 2425 -2821
2255 -265 2036 -2984 2837 269 640 410
-1301 575 1770 153 2079 -332 2805 -2339
-55 -167 953 851 767 -718 937 -1433
-2858 -752 -599 -1845 25 1545 774 -667
206 -3750 -144 -3939 3372 1505 3020 -2805
1880 135 1068 -2218 2116 -1091 105 -449
-1336 -415 1154 845 881 -547 2363 -1572
449 141 149 580 118 -96 1289 -2157
-3298 -1098 -99 -2394 971 2535 -146 -1406
850 -3744 670 -3551 3587 463 3209 -2285
1178 356 1028 -1290 1499 -1327 -27 -1605
-999 -1135 259 901 880 -126 1485 -1373
382 639 -77 -109 -272 90 1590 -2268
-3410 -1743 617 -2529 2010 1882 -657 -1961
1235 -3235 1169 -2790 2556 -932 2754 -1888
370 249 507 -617 326 -431 40 -2273
-573 -1528 -538 659 1168 581 433 -1407
-52 901 115 -527 561 933 1541 -1867
-3230 -2232 1275 -2224 3148 941 -957 -2879
1330 -2741 1293 -2078 1684 -2116 2012 -1453
-366 -328 -513 -515 -192 347 744 -2419
33 -1695 -1125 68 1093 234 -332 -1861
-467 814 685 -685 731 1468 1298 -1369
-2801 -2828 2071 -1679 3155 80 -846 -3544
937 -2222 849 -1637 417 -1818 1012 -1533
-478 -873 -1164 -801 620 1142 852 -2061
92 -1554 -1024 -240 1121 -399 -598 -2489
-899 345 1429 -379 1366 1053 483 -884
-2198 -2846 2317 -866 2177 -1112 -329 -3702
474 -1787 170 -1387 -722 -417 -23 -1764
-289 -1486 -1732 -1432 1316 1553 563 -1602
58 -1166 -755 -529 1315 -129 -832 -2925
-996 -200 1891 266 2046 811 -388 -944
-1837 -2707 2200 -338 1657 -2112 -174 -3411
-74 -1860 -529 -1763 -782 501 -426 -2410
-96 -1878 -2031 -1983 1795 384 232 -1146
-379 -927 34 -195 427 -72 -478 -3031
-1074 -911 2315 105 1995 733 -1435 -1037
-1473 -2243 1615 -1635 390 -1648 -256 -2773
-449 -2172 -1011 -1574 331 1851 -608 -2769
-25 -1841 -1792 -439 2181 -479 -631 -973
-810 -989 381 403 262 -207 -418 -2637
-835 -1386 2279 -88 1931 -603 -1828 -1452
-1632 -2033 1282 -1567 -1008 -953 -575 -2362
-580 -2633 -1133 -2124 1156 2039 -510 -2803
211 -1695 -1485 -707 1792 -867 -1281 -801
-1276 -1340 493 1031 530 631 -449 -2086
-419 -1710 1866 644 2075 -1145 -2085 -2077
-2049 -1694 769 -1845 -995 25 -1430 -1957
-583 -3019 -1030 -2602 2159 905 -336 -2574
235 -1347 -1036 -662 374 -1458 -1826 -1200
-1633 -1890 445 1651 568 1145 -854 -1315
-34 -1615 1494 925 994 -1311 -2135 -2176
-2310 -1789 856 -2226 -292 1481 -1937 -1856
-359 -3301 -643 -3060 3011 36 -316 -1963
-237 -1199 -971 -297 -356 -1408 -2099 -1161
-1690 -2280 141 2122 1433 537 -1403 -778
-49 -1301 1346 731 -223 -1570 -2108 -1863
-2668 -2132 1073 -2685 326 2029 -2394 -1937
-41 -3313 -276 -3219 2472 -1118 -502 -1343
-515 -1165 -1066 118 -788 70 -2002 -1176
-1468 -2803 -410 2607 2174 128 -2057 -481
-32 -1107 1061 477 -455 -1049 -1850 -1278
-2857 -2585 1558 -3171 1728 1709 -2650 -2181
94 -3300 -23 -3136 880 -2534 -835 -814
-880 -1384 -1574 627 -989 1153 -1747 -964
-1420 -2928 -727 2667 1595 -529 -2527 -475
-289 -1054 1278 207 -823 317 -2037 -888
-2885 -2993 2043 -3327 2985 1003 -2460 -1956
181 -2979 42 -2887 -233 -2409 -1242 -329
-1230 -1646 -1947 935 437 1374 -1470 -426
-1051 -3083 -156 2665 1095 -1692 -2824 -277
-575 -1043 1731 6 -820 1207 -2425 -222
-2715 -3318 942 -3331 2780 -655 -2321 -1750
65 -2895 -1333 -2651 -1582 -1012 -1458 55
-1176 -2015 -2185 794 1534 1613 -1592 173
-945 -2875 -86 2333 517 -1872 -2630 -414
-945 -1068 1972 -267 692 1618 -2655 284
-2413 -3520 1287 -3215 1791 -2496 -1970 -1554
-218 -2996 -1692 -2683 -2271 129 -1628 116
-1109 -2428 -2700 650 2025 1067 -1720 995
-1038 -2637 -106 2058 -636 -951 -2425 -122
-1119 -1579 2479 -134 1927 1726 -2947 403
-2381 -3566 1370 -3019 564 -2679 -1905 -871
-461 -3091 -2005 -2705 -1144 1452 -1603 254
-940 -2604 -2981 474 2462 -885 -1960 1255
-1152 -2730 131 2195 -1394 -445 -2196 130
-1245 -2020 2993 135 2365 376 -3101 506
-2459 -3414 1234 -3059 -1507 -2047 -1745 -610
-751 -3555 -2523 -3042 158 2920 -1171 477
-676 -2716 -3046 39 2113 -1868 -2307 1666
-1359 -2529 440 2118 -600 815 -1978 573
-1224 -2198 3173 346 2413 -1358 -3132 516
-2417 -3383 1077 -2908 -2545 -1112 -1713 -34
-878 -3833 -2876 -3303 1858 2298 -817 715
-517 -2798 -3184 -86 340 -2403 -2309 1869
-1592 -2702 734 2420 178 1740 -1749 1212
-1157 -2316 3265 576 1682 -2077 -2780 506
-2662 -3578 1022 -3269 -2193 923 -1703 180
-772 -4254 -2979 -3904 3492 697 -286 1311
-508 -2571 -2863 -179 -882 -2396 -2314 1729
-1667 -2969 758 2734 775 1337 -1834 1428
-1036 -2262 3011 674 -183 -2363 -2383 848
-3030 -3501 655 -3649 -999 2970 -1748 297
-750 -4537 -3010 -4199 3534 -1140 -20 1770
-530 -2683 -2946 600 -1602 -1088 -2115 1987
-1703 -3234 818 1908 1949 565 -1681 1824
-1114 -2191 2877 -1614 -1591 -2067 -2048 1097
-3435 -3826 483 -4123 1157 3017 -1450 280
-598 -4820 -2992 -2240 1956 -3013 218 2339
-574 -2609 -2764 1618 -2078 571 -1683 1950
-1582 -3287 668 2046 2227 -195 -1689 2069
-1329 -1978 2783 -1850 -2001 -4 -1731 1507
-3604 -4189 640 -4679 3538 1918 -1088 2
-636 -4909 -2908 -2219 -14 -4118 218 2530
-658 -2897 -3111 1888 -1547 1798 -1352 2264
-1386 -3400 391 2248 1318 -1381 -1478 1713
-1554 -1902 2793 -2081 -1834 1682 -1523 1874
-3768 -4451 770 -4920 4033 -25 -612 145
-516 -4930 -2771 -2459 -2014 -3196 517 2824
-748 -3093 -3264 2127 357 2670 -1100 2385
-1291 -3233 265 2139 373 -2041 -1003 1760
-1892 -1730 2785 -2338 -42 2117 -1342 1847
-3829 -4820 917 -5398 2945 -2728 36 28
-628 -4964 -2877 -2315 -3751 -1010 597 2878
-834 -3351 -3498 2322 2030 2346 -793 2671
-1077 -3040 27 1908 -403 -1309 -548 1512
-2360 -1965 3068 -2768 2049 2030 -1343 2040
-3617 -4842 1183 -5399 1168 -4566 551 266
-716 -5073 -3081 -2403 -3578 1597 1045 2789
-571 -3565 -3826 2113 2750 708 -920 2813
-1138 -2811 108 1655 -1382 -719 -203 1513
-2620 -2157 3389 -3089 2825 977 -1390 1823
-3692 -5250 1359 -5628 -1605 -4251 986 318
-902 -5350 -3391 -2419 -1549 4035 1486 2920
-311 -3914 -4250 2123 3508 -1292 -866 2753
-1086 -2746 124 1501 -968 -212 449 1581
-2731 -2155 3609 -3262 2727 -1574 -1219 1560
-3763 -4987 1176 -5567 -4036 -2291 1251 506
-1183 -5565 -4340 -2415 1411 4449 1782 2773
-176 -3921 -3575 1825 2206 -2515 -925 2556
-1261 -2396 1283 1186 -350 745 850 1556
-2818 -2143 2047 -3226 1619 -3252 -940 1363
-4042 -5022 -2366 -5564 -4314 829 1413 283
-1140 -6088 -6192 -2811 3892 2827 2293 2986
194 -3938 -3836 1483 140 -3703 -996 2261
-1303 -2417 1359 1131 51 1032 1130 1812
-2879 -2218 2132 -3263 -641 -3340 -534 1052
-4345 -4995 -2826 -5741 -2477 4133 1517 -165
-1163 -6288 -6496 -3048 5693 3 2648 3312
376 -3923 -3860 1066 -1457 -3381 -687 1599
-1381 -2463 1516 1211 820 407 1149 1602
-2869 -2158 2053 -3155 -2708 -2279 -200 1032
-4641 -5174 -3195 -5989 583 4916 1557 -510
-1109 -6709 -6851 -3445 4683 -3134 2757 3532
397 -3676 -3739 1017 -3008 -1406 -405 1173
-1501 -2458 1662 1227 1327 -207 1180 1490
-2839 -1872 1832 -3068 -2678 -149 179 951
-5000 -5304 -3582 -6294 3950 3474 1899 -920
-888 -7066 -7101 -3927 1762 -5866 2798 3723
450 -3652 -3689 967 -3357 691 -154 882
-1273 -2536 1513 1422 802 -492 1199 905
-2897 -1574 1355 -3247 -1783 2187 212 918
-5265 -5559 -3888 -6714 6155 682 2331 -1468
-762 -6999 -6885 -4133 -1787 -5797 2566 3623
445 -3834 -3717 1029 -1962 2387 21 693
-885 -2510 1265 1537 541 -1229 1300 616
-3143 -1329 1046 -3506 -41 2835 232 849
-5514 -6053 -4066 -7288 5369 -3153 2759 -1682
-538 -7076 -6755 -4293 -4938 -3404 2078 3214
424 -4007 -3730 1178 271 3426 135 690
-763 -2428 968 1477 433 -1066 1614 103
-3557 -1053 589 -4045 2651 2229 -186 815
-5462 -6323 -3937 -6136 2473 -6143 3285 -1832
-618 -7003 -6685 -257 -5929 55 2140 2953
352 -4359 -3996 3622 2358 2996 -175 523
-411 -2116 413 841 -24 -900 1996 -71
-4028 -1006 496 -4411 4079 474 -487 322
-5234 -6456 -3642 -5243 -1353 -6209 3710 -1469
-884 -6963 -6788 -86 -4124 3556 2064 2382
704 -4671 -4434 3774 4131 577 -438 389
-359 -1707 134 805 -42 -1062 2427 -263
-4326 -1348 726 -4974 3723 -2209 -742 -296
-5189 -6369 -3541 -5213 -5195 -3991 3629 -1363
-1170 -7106 -6953 326 -599 5952 2314 2059
885 -4859 -4973 3884 4242 -2018 -780 27
-159 -1269 -173 397 248 -725 2600 -155
-4431 -1388 852 -5155 1776 -4269 -842 -932
-5029 -6239 -3415 -4960 -6135 -418 3447 -1504
-1374 -7316 -7397 599 3413 5304 2514 2151
1508 -5064 -5508 3667 2620 -4318 -1333 -795
-523 -1061 -35 -133 258 -617 2656 170
-4485 -1695 1238 -5271 -742 -4240 -780 -1371
-5078 -5854 -3569 -4558 -4364 3563 3167 -1598
-1689 -7809 -8037 707 6565 1901 2560 2301
1866 -4767 -5564 3241 48 -5318 -1322 -1499
-809 -960 369 -513 59 -927 2229 403
-4312 -1792 1460 -5019 -3250 -2984 -370 -1622
-5545 -5628 -4148 -4177 -709 6097 2870 -2096
-1632 -8304 -8494 637 6773 -2461 2383 2565
2337 -4432 -5620 2507 -2072 -4352 -1071 -2191
-1038 -871 536 -672 -54 -869 1793 353
-4039 -1666 1254 -4654 -3827 -662 -195 -1620
-5996 -5603 -4672 -4014 3539 5147 2814 -2479
-1406 -8605 -8697 187 4061 -6428 1742 3011
2170 -4103 -5195 2211 -4011 -1963 -845 -2547
-1056 -1229 792 -440 -29 -399 1302 -40
-3898 -1285 598 -4084 -2486 2053 -239 -1286
-6397 -5620 -8004 -4060 6659 1713 2857 -2877
-975 -8698 -8887 -441 54 -8153 957 3002
2052 -3856 -3319 1979 -4065 548 -373 -2575
-782 -1492 1012 121 46 -406 959 -557
-3798 -759 -2376 -3778 -89 3267 -683 -1034
-6858 -6039 -8798 -4470 6756 -2693 3280 -3161
-579 -8656 -8845 -905 -4225 -6430 314 2895
1570 -3743 -2701 2113 -2011 2890 -384 -2326
-459 -1678 1081 563 543 -546 1103 -970
-4097 -258 -3016 -3738 2637 2362 -1327 -883
-6790 -6410 -9009 -4972 3819 -6730 3730 -2925
-258 -8236 -8413 -1199 -6737 -2654 -437 2495
1242 -3815 -2233 2466 670 3473 -490 -1865
183 -1348 420 896 930 -426 1399 -1042
-4611 165 -3812 -4070 4393 90 -1906 -1189
-6528 -6920 -8956 -5733 -129 -8210 4033 -2273
-272 -7754 -7816 -1108 -6324 1692 -673 1628
1162 -4436 -2318 3131 3177 2105 -1052 -1737
724 -901 -341 995 1103 -1155 1812 -1123
-5203 181 -4289 -4769 3878 -2651 -2469 -1723
-6048 -6947 -8533 -5887 -4449 -6219 3695 -1615
-494 -7367 -7263 -739 -3149 5086 -629 1373
1311 -4966 -2622 3683 4926 -520 -1876 -1857
813 -272 -1131 698 1080 -1985 2231 -397
-5678 -79 -4470 -5460 1769 -5216 -2718 -2411
-5546 -6763 -7817 -5823 -6825 -2631 3356 -754
-1190 -7195 -6965 113 1477 5722 -279 1462
1855 -5241 -3284 3743 4039 -3225 -2297 -2333
547 436 -1783 -154 461 -2370 2054 361
-5699 -571 -4007 -5788 -872 -5541 -2156 -3102
-5143 -6127 -6953 -5167 -5941 1862 2411 -709
-1798 -7340 -7033 801 5381 3135 -32 1583
2557 -5250 -4181 3300 1890 -5504 -2540 -3138
157 832 -1936 -933 -546 -2509 1475 1085
-5441 -1003 -3374 -3757 -3410 -4083 -1777 -3091
-5197 -5527 -6639 -509 -2632 5004 1963 -883
-1999 -7726 -7636 5533 7132 -849 -166 2406
3256 -4858 -4935 5812 -1024 -6089 -2271 -3731
-328 853 -1595 -239 -1099 -2225 666 1407
-4742 -1238 -2437 -3625 -4405 -1528 -1127 -2774
-5488 -4829 -6516 435 1720 4923 1619 -1410
-1879 -8482 -8496 5913 5624 -5189 -744 2871
3505 -4081 -5130 4826 -3548 -4543 -1309 -4020
-753 511 -946 -804 -1438 -1346 -287 1148
-4029 -1171 -1897 -3055 -3200 1037 -715 -1850
-6104 -4516 -7189 1283 5509 2311 1779 -1821
-1384 -8874 -9171 5586 1758 -8117 -1702 3280
3236 -3263 -4599 3802 -4644 -1989 -508 -3555
-1004 -12 -151 -917 -1347 -522 -713 671
-3455 -504 -1943 -2015 -993 2390 -1000 -1203
-6678 -4665 -8033 1703 6683 -1678 2542 -1979
-761 -8883 -9396 4749 -2705 -8137 -2752 3346
2756 -2941 -3834 3102 -3821 672 33 -2880
-629 -709 519 -372 -442 -369 -705 -104
-3222 352 -2605 -851 1775 1696 -1850 -558
-7153 -5155 -8842 1565 4729 -5808 3266 -1575
16 -8382 -8939 3660 -6094 -5427 -3547 2359
1867 -2558 -2715 2594 -1602 2413 68 -1832
45 -1049 521 404 380 -436 -216 -485
-3520 1010 -3529 -283 3508 -254 -2716 -630
-6918 -5875 -9107 874 762 -8073 3760 -629
505 -7531 -7960 2525 -6822 -1288 -3494 1464
1382 -3001 -2068 3008 867 2336 -527 -1084
877 -841 -67 1473 1009 -1185 768 -360
-4204 1516 -4654 -227 3501 -2769 -3234 -1264
-6409 -6365 -8897 -140 -3529 -7586 4019 518
498 -6414 -6609 2042 -4975 2406 -2968 664
982 -3628 -1689 3678 2876 292 -1350 -905
1624 -404 -70 2365 1007 -2492 1496 381
-5080 1444 -5883 -745 1647 -5007 -3222 -2249
-5295 -6434 -8430 -1213 -6218 -4540 2959 1657
-211 -5736 -3959 2266 -1496 4363 -2006 449
1153 -4430 962 4871 3532 -2379 -2138 -1365
1797 566 -988 2415 449 -3238 1609 1469
-5499 763 -6349 -1800 -947 -5771 -2626 -3130
-4316 -5948 -7408 -1689 -6428 -703 1975 2011
-1157 -5237 -2733 3187 2355 3175 -919 841
1909 -5049 469 5741 2310 -4876 -2335 -2392
1593 1435 -2126 1857 -795 -3542 1197 2621
-5550 -201 -6190 -3063 -3188 -4867 -1440 -3589
-3527 -4952 -5934 -1513 -4093 2459 908 1779
-2143 -5453 -2196 4356 4698 18 -742 1905
2815 -4889 -702 5766 -19 -5921 -1606 -3314
752 2012 -2982 615 -1793 -3339 -4 3146
-4992 -1057 -5283 -3617 -4378 -2763 -208 -2859
-3407 -3777 -4552 -595 -763 3745 279 942
-2407 -6006 -2445 5116 4425 -3593 -1031 2725
3656 -4263 -2000 5181 -2567 -5501 -563 -3539
-360 1958 -3055 -680 -2378 -2392 -1052 2823
-3913 -1484 -3774 -3539 -3897 -660 540 -1724
-3674 -2767 -3639 711 2266 2141 418 -204
-2339 -6862 -3384 5585 2072 -6654 -1992 3379
3842 -2980 -3061 3666 -4208 -3742 876 -3254
-1117 1375 -2343 -1654 -2351 -1545 -1927 1892
-2750 -1308 -2325 -2604 -2322 859 539 -435
-4755 -2285 -3702 1965 3969 -926 1357 -693
-1526 -7250 -4615 4998 -1341 -7355 -3186 3173
3529 -1827 -3234 2263 -4448 -1525 1678 -2183
-1563 352 -1072 -1843 -1708 -987 -1865 551
-1841 -447 -1455 -1242 -503 1019 -97 489
-5494 -2549 -4494 2607 3244 -4184 2632 -625
-329 -7211 -5699 3653 -4346 -6123 -4215 2001
2669 -1029 -2722 2209 -3365 432 1980 -902
-1119 -747 436 -1429 -994 -968 -1092 -420
-1462 718 -1338 1046 1202 -336 -1437 522
-5950 -3021 -5551 5797 619 -6461 3575 305
748 -6548 -5990 5830 -5976 -3299 -4195 671
1362 -884 -1266 1397 -1339 904 1262 508
-86 -1347 1399 -655 -437 -1336 244 -632
-1917 1684 -2111 2420 1591 -2237 -2399 -156
-5685 -4162 -6739 5358 -2268 -6561 3719 1601
1400 -5308 -5362 3975 -5519 -453 -3429 -673
233 -1330 248 904 363 27 67 902
1133 -1395 1701 733 -370 -2253 1593 -18
-2790 2175 -3393 3173 485 -3950 -2746 -1437
-4742 -4917 -7043 4024 -4636 -4949 2924 2931
1291 -3734 -3882 2320 -3339 1408 -1831 -1285
-430 -2462 1594 1389 1199 -1674 -1224 373
2010 -657 826 2220 -635 -2985 2004 1313
-3861 1961 -4762 3090 -1153 -4748 -2012 -2612
-3527 -5115 -6615 2354 -5626 -2461 1515 3478
371 -2488 -2044 1476 -866 1528 -307 -879
-198 -3384 1803 2501 635 -3193 -1677 -804
2408 648 -673 3314 -1524 -3300 1639 2545
-4655 1081 -5554 2093 -2873 -4526 -489 -3353
-2077 -4351 -5108 749 -4835 -81 -2 3187
-882 -1988 -433 1756 1047 -89 637 284
772 -4097 1294 4029 -861 -4477 -1376 -2205
1954 1767 -2225 3373 -2445 -3199 347 3461
-4479 -194 -5059 318 -3838 -3200 1090 -2803
-830 -3287 -3162 -397 -2914 1064 -1000 1946
-1974 -2257 279 2852 1412 -2157 534 1752
1927 -4012 -224 5113 -2464 -4538 -181 -2937
726 2396 -3205 2395 -2788 -2644 -1198 3174
-3888 -1416 -4029 -1337 -4230 -1801 2239 -1721
-676 -1727 -1345 -221 -943 700 -1066 225
-2742 -3120 1957 4344 205 -4096 -474 2712
3036 -3116 1153 5233 -3733 -3704 1417 -2986
-592 2265 -2883 679 -2843 -2029 -2219 1904
-2202 -1881 -3183 -2250 -3258 -680 2260 202
-1335 -377 383 973 397 -828 -160 -920
-2400 -4303 1951 5515 -1528 -4924 -1921 2593
3404 -1831 -500 4246 -4097 -2353 2764 -1733
-1761 1240 -2926 -1183 -2768 -1574 -2521 179
-637 -1863 -1401 -2288 -2288 -372 1317 1280
-2548 208 1247 2622 357 -2462 1406 -1151
-1560 -5043 643 5998 -3547 -4650 -3048 1666
3031 -72 -2140 2478 -3858 -1310 3114 63
-2204 46 -2044 -2252 -2453 -1252 -1558 -1105
442 -682 467 -1043 -1327 -937 -203 1776
-3723 -236 983 4041 -831 -3912 2891 -469
3 -4955 -1190 5089 -4643 -3311 -3486 4
1699 796 -2357 591 -2929 -314 2339 1430
-1509 -1410 -219 -2378 -2045 -1459 -4 -1744
853 572 1603 527 -1149 -1612 -1492 1149
-4366 -1183 -314 4680 -2361 -4363 3256 1049
1374 -4011 -2688 3213 -4669 -1718 -2638 -1613
48 1053 -1638 -1077 -2059 -595 805 2173
-411 -2236 1648 -1606 -2097 -1804 1610 -1228
174 1957 1497 2362 -1455 -2404 -2242 -270
-4355 -2291 -1891 4342 -3902 -3761 2788 2641
2225 -2538 -3381 1064 -3975 -522 -935 -2512
-1169 222 90 -1552 -1559 -1270 -909 1756
1213 -2035 2879 323 -2128 -2177 2552 83
-1010 2403 392 3142 -2097 -2844 -1671 -1906
-3041 -3327 -3479 2593 -4529 -2607 1189 3536
1945 -940 -2663 -563 -2900 99 837 -2257
-1783 -943 1788 -879 -1594 -1849 -1815 424
2264 -1280 3017 2058 -2706 -2135 2458 1700
-2536 2122 -1532 3025 -2930 -3037 -306 -2908
-1442 -3852 -4338 1735 -4471 -1363 -621 3152
877 232 -1009 -568 -1944 -298 2018 -900
-1509 -2359 3371 -1327 -2070 -2655 -1764 -1379
2549 284 1792 1962 -3011 -2014 1132 2661
-3446 1121 -3190 3846 -3676 -2576 1462 -2786
192 -3189 -3684 1038 -3716 -518 -1983 1731
-537 719 934 -1396 -1568 -1091 2221 769
-564 -3160 3640 118 -3036 -2591 -694 -2632
1919 1555 -30 3122 -3233 -1915 -670 2701
-3512 -457 -4020 2375 -3852 -1919 2773 -1530
1232 -1823 -2137 -892 -3054 -214 -2129 -171
-1976 218 2518 -988 -1743 -1932 1137 2065
1000 -3276 2758 2095 -3710 -2171 1225 -2818
640 2281 -1809 3222 -3405 -1602 -2105 1777
-2705 -1892 -3944 352 -3811 -1330 3157 240
1291 -203 -27 -1805 -2414 -514 -1189 -1737
-2722 -885 3171 392 -2489 -2439 -476 2391
2281 -2220 957 3414 -3930 -1652 2760 -1868
-944 2148 -3043 2098 -3370 -1339 -2605 -137
-1108 -2540 -2502 -1645 -3639 -729 2376 1767
385 1267 1897 -1564 -2100 -1208 557 -2314
-2548 -2258 2606 2338 -3402 -2401 -1992 1545
2841 -828 -1088 3761 -3973 -1158 3391 -190
-2176 1066 -3165 97 -3288 -1288 -1734 -1768
659 -2100 -352 -2696 -3196 -613 650 2458
-962 1615 2616 -155 -2310 -1726 2272 -1631
-1329 -3399 869 3931 -4032 -1893 -2738 -150
2468 889 -2589 2842 -3593 -742 2835 1434
-2576 -257 -2126 -1676 -3257 -1106 -265 -2806
1874 -911 1637 -2682 -2956 -873 -1172 1877
-2505 1128 2233 1826 -3020 -1966 3160 -221
299 -3517 -1171 4381 -4358 -1268 -2316 -2081
1066 1863 -3008 956 -3258 -631 1084 2426
-1980 -1828 -119 -3064 -3262 -1013 1534 -2474
2025 625 2886 -1287 -2824 -884 -2151 267
-3342 -102 2754 3418 -3568 -1899 2727 1654
1788 -2758 -622 3729 -4107 -714 -794 -3126
-595 2008 -2747 -1112 -3011 -676 -612 2130
-563 -2531 -14 -3113 -3347 -1106 2805 -1048
1279 1910 2957 546 -3051 -1097 -2086 -1596
-3409 -1603 1372 4305 -4178 -1353 1427 2659
2623 -1271 -2267 1840 -3706 -200 1098 -3170
-1980 1013 -1677 -2582 -2878 -951 -1971 697
927 -2545 1888 -2088 -3325 -889 2805 646
-338 2600 2713 2531 -3299 -1288 -875 -2986
-2386 -2915 -757 3871 -4388 -961 -696 2682
2361 375 -2912 -172 -3262 16 2304 -1897
-2545 -486 166 -2930 -3144 -1189 -2248 -1252
2192 -1436 3073 -144 -3323 -717 1556 1999
-1914 2344 1321 3586 -3670 -1152 1010 -3247
-791 -3355 -2435 2326 -4091 -93 -2119 1486
1062 1467 -2016 -1791 -2770 -394 2685 -112
-2054 -1865 2104 -2002 -3422 -1242 -1226 -2762
2693 112 3225 1903 -3676 -694 -259 2465
-2930 1305 -527 3436 -3946 -808 2507 -2275
706 -2826 -3345 421 -3720 522 -2677 -237
-513 1588 -332 -2246 -2593 -671 1598 1383
-746 -2950 3598 -121 -3686 -1078 588 -3329
2000 1398 2080 3043 -3616 -435 -2030 1383
-3204 -305 -2448 2193 -4113 -347 3219 -582
1646 -1556 -2850 -1407 -3166 313 -1969 -2111
-1911 886 1660 -1515 -2872 -1035 -109 1875
946 -3057 3945 2001 -4124 -593 2252 -2631
752 2205 300 3153 -3593 -69 -2921 -251
-2292 -1633 -3437 122 -3765 259 2558 974
1436 -142 -1272 -2026 -2565 71 -383 -2921
-2727 -651 3391 212 -3507 -1317 -2024 1353
2331 -2257 3027 3414 -4244 -183 3100 -1032
-804 2189 -1655 2549 -3613 18 -2498 -2004
-963 -2321 -3342 507 -3608 506 851 1949
541 982 663 -2127 -2580 -284 1339 -2480
-2573 -2209 3985 -238 -4104 -1090 -3222 -223
2807 -814 1206 2977 -3976 457 2584 763
-2101 1119 -2960 2212 -3580 245 -1298 -3252
594 -1868 -1960 -1260 -3027 398 -995 1637
-1254 1499 2504 -1633 -2956 -982 2271 -903
-1453 -3555 3325 1918 -4670 -430 -3147 -2294
2482 633 -657 3366 -3582 954 1255 1975
-2499 -350 -2906 364 -3213 392 454 -2984
1575 -730 -13 -2174 -2638 306 -2318 322
-2849 746 3168 109 -3369 -1303 2056 927
159 -3878 1740 3520 -4782 416 -2002 -3635
1186 1553 -1998 2451 -3066 904 -709 2001
-1948 -1756 -1856 -1558 -3310 398 1729 -1952
1604 769 1752 -1892 -2722 13 -2550 -1392
-3857 -463 2795 2203 -4211 -1012 824 2425
1590 -3268 -272 4185 -4131 1512 -169 -3809
-234 1577 -2252 817 -2565 844 -2100 1104
-404 -2503 169 -2696 -3040 -57 1721 -9
795 2259 2733 -512 -3144 -574 -1674 -3033
-3952 -2020 1426 4069 -5004 -37 -1139 2934
2455 -2163 -1757 3714 -3394 2209 1090 -2948
-1514 734 -1266 -1179 -2351 375 -2737 -666
1261 -2170 2070 -2628 -3086 -2 735 1534
-783 2790 2409 1600 -3514 -747 -47 -3381
-3197 -3410 -622 4968 -4760 1060 -2850 1981
2150 -873 -2090 2202 -2257 1881 1485 -1331
-1997 -737 526 -2484 -2643 -221 -2097 -2121
2297 -1351 3150 -1557 -3466 122 -1108 2117
-2384 2604 1145 3413 -4200 -160 1512 -2535
-1837 -3983 -2201 4794 -4010 2589 -3756 587
991 29 -1250 310 -1247 1107 888 402
-1533 -2260 2504 -2663 -3000 -732 -573 -2602
2764 39 3375 249 -3771 138 -2852 1613
-3528 1647 1897 4512 -4570 608 2237 -881
-595 -3695 -949 3517 -2910 2922 -3390 -961
-484 209 -134 -1095 -1294 -47 -725 1303
-267 -3273 3101 -1810 -3935 -264 1155 -2073
2129 1445 3398 2157 -3699 611 -3933 265
-3880 247 125 4579 -4021 1635 1977 834
-3 -2674 -1423 1896 -1497 2309 -2324 -1777
-1943 -694 1718 -1339 -2095 -1338 -2448 984
1344 -3486 4551 -102 -4653 430 2023 -472
953 2294 2471 3405 -3801 1342 -3844 -1255
-3349 -915 -1581 3554 -3216 2706 845 2103
-241 -1461 -745 535 -422 1148 -770 -1419
-2679 -2193 3871 -559 -3462 -1567 -3699 -226
2774 -2872 5090 1829 -4610 1403 2184 1330
-495 2251 837 3607 -3344 1708 -2922 -2286
-2184 -1377 -2358 1953 -2217 2615 -718 2176
-1288 -511 781 86 -685 -396 190 -25
-2553 -3776 5508 1096 -5137 -523 -3826 -1749
3353 -1729 4333 3133 -3887 2595 1086 2864
-1504 1284 -876 2547 -2367 1942 -1399 -2205
-861 -1200 -2231 334 -1205 1892 -2033 1613
-2939 -268 2723 817 -2121 -1741 366 1563
-1451 -5058 6276 3195 -6031 895 -2812 -3005
3026 -583 2941 3456 -2752 3366 -326 3489
-1778 -37 -1850 917 -1878 1825 -157 -1298
-136 -66 -855 -269 -640 964 -2351 388
-4446 -802 4381 2295 -3925 -1653 -602 3288
-155 -5578 5911 4776 -5290 2878 -1124 -3332
1942 140 1291 2680 -1155 2708 -1854 2871
-1204 -1206 -1756 -714 -1747 947 253 417
-141 1277 847 64 -1364 -385 -1472 -823
-5501 -2181 5159 4212 -5697 -275 -2021 3964
1169 -5112 4502 5279 -3548 4600 311 -2679
804 -63 524 1521 -55 1697 -2269 1772
32 -1864 -729 -1159 -1615 517 -93 1895
-972 2430 2419 -407 -2596 -1116 -11 -1210
-5550 -3584 4784 2701 -6144 1496 -3461 3456
1587 -4268 3219 3086 -1205 4914 1139 -1308
-153 -943 516 -369 -319 -47 -1668 619
1380 -1615 883 -2099 -2215 339 -1189 2673
-2321 2909 3264 827 -3963 -408 1503 -589
-5122 -4807 3829 4311 -4944 3960 -4457 2498
1335 -3348 2288 2474 1196 3327 1165 80
-583 -2140 1487 -1909 -1398 -1409 -381 150
2376 -1007 2470 -2203 -3224 378 -2638 2515
-3788 2768 3093 2587 -5118 751 2687 816
-4100 -5355 2396 4980 -2652 5746 -4209 1365
346 -2715 2143 1088 1902 942 289 1179
-237 -3492 3126 -3140 -2892 -1168 1199 431
2729 292 3425 -1174 -3547 1023 -3509 1554
-4994 1903 2058 4360 -4838 2328 2818 2495
-3125 -5083 1275 4770 140 5233 -3283 353
-964 -2969 3040 -378 741 -1847 -839 1205
830 -4192 4703 -3368 -4621 -130 2294 1730
2224 1299 3497 374 -3565 2136 -3499 102
-5102 835 613 5006 -3245 4166 2214 3580
-2732 -4369 936 3781 2405 3014 -1850 344
-2137 -3655 4570 -1558 -1583 -3403 -1576 363
2127 -4540 5982 -2747 -5410 1679 2716 3236
1146 1920 2543 1733 -3036 2736 -2504 -957
-4736 -140 -691 5079 -1538 4717 1215 4167
-2971 -3384 1471 2384 2566 162 -735 1083
-2857 -4732 6285 -1980 -4506 -2519 -1481 -1016
3044 -3989 6118 -1581 -4150 3817 2078 4492
108 1815 1368 2679 -1607 3012 -1041 -1254
-3996 -525 -1266 4300 658 3652 204 3608
-3839 -2709 2775 1317 658 -2768 -198 2289
-2594 -6011 7288 -1264 -6764 -173 -483 -1951
3530 -3288 5284 -206 -2262 5419 1242 5068
-797 1237 1276 2613 -625 2849 560 -728
-2893 -322 898 2942 1847 1813 69 2498
-5225 -2631 5376 999 -2032 -3948 -712 3369
-1893 -7096 8196 -157 -6874 3246 949 -2614
3373 -2384 4793 644 -4 4696 258 4894
-1014 220 45 1731 -79 1831 1065 332
-2355 594 1249 1930 1196 -183 831 1514
-6377 -3201 6930 1524 -5163 -2467 -1461 3734
-886 -7329 8666 1191 -4436 6453 2582 -2210
2525 -1968 3734 735 2363 2998 -102 3947
-666 -758 -829 569 -32 734 1524 1351
-2399 1480 2270 1464 -415 -2066 1890 994
-7202 -4026 8190 2575 -7283 541 -2574 3377
-57 -7119 8340 2094 -849 7534 3571 -1500
1605 -2016 2478 122 2416 776 201 2725
140 -1347 -764 -677 -632 210 661 1824
-3069 2229 3555 1805 -2563 -2225 3402 1082
-7306 -5251 8843 4048 -6423 4175 -3267 2233
404 -6607 7612 2522 2850 5749 4068 -433
818 -2713 1772 -1108 980 -1815 1108 2102
1234 -1238 28 -1462 -2014 198 -104 1658
-4090 2747 4624 2699 -4607 -549 4203 1883
-6733 -6067 8684 5213 -3545 7304 -3057 794
94 -5797 6528 1928 5173 2421 3674 139
529 -3613 1782 -2350 -1228 -2885 2203 1827
1843 -742 1095 -1323 -2487 417 -510 728
-5180 2448 5225 3996 -5356 1441 4462 2843
-6082 -6412 7919 5557 340 7407 -2248 -56
-553 -5463 6002 1067 4487 -1460 2987 7
792 -4476 2418 -3153 -3973 -1487 3161 2236
2033 4 1975 -587 -2346 1463 -527 -478
-5900 1741 5076 5191 -3916 4189 4186 3577
-5405 -6388 7040 2481 3964 5189 -1220 -872
-1525 -5430 5813 -3523 1199 -4758 2373 -652
1444 -5302 3366 -5835 -5449 881 3631 2987
1795 498 2508 -1827 -2291 2638 47 -1624
-5991 1027 4330 2946 -1603 5705 3169 3708
-5170 -5771 6400 1353 5913 1757 -139 -952
-2381 -5889 6405 -4621 -2881 -4874 2389 -1642
2234 -5264 4381 -5873 -4466 3342 3103 3590
959 964 2394 -785 -1344 2618 1097 -2292
-5669 352 3377 3573 737 4968 2447 3207
-5173 -5242 6199 606 4341 -2481 124 -472
-2657 -6774 7488 -5357 -6647 -2226 2895 -2818
2735 -5141 4928 -5643 -2085 5723 2579 3874
276 729 1765 92 255 2697 2067 -2407
-4975 -131 2384 3454 3061 3143 1948 2276
-5835 -4711 6550 -461 833 -5354 -8 -55
-2584 -7496 8464 -5696 -7671 1626 3876 -3464
2979 -4662 5081 -4818 393 5914 1448 3348
-367 326 805 608 551 1887 2642 -1883
-4283 125 2058 2906 3800 969 1826 1218
-6525 -4757 7419 -1066 -3464 -4785 -620 -193
-2412 -8013 9250 -5547 -5396 5842 4654 -3500
2693 -4104 4507 -4068 3209 3617 961 2456
-503 -424 8 576 570 631 2682 -1480
-4030 406 2152 2182 2223 -1788 2353 510
-7275 -4951 8258 -1321 -6920 -1742 -1361 -458
-1661 -8179 9441 -4745 -1633 8508 5391 -3067
2115 -3770 3757 -3605 4064 903 897 1287
-440 -1076 -582 257 472 299 2169 -1279
-4025 1123 2852 1515 -80 -3227 2981 224
-7763 -5567 8997 -1097 -7278 2107 -1992 -1614
-1235 -7908 9136 -4083 2874 7639 5378 -2510
1473 -3801 2981 -3612 2460 -2220 932 421
13 -1455 -653 -511 -274 275 1505 -1572
-4351 1324 3852 1330 -2708 -2133 3323 332
-7768 -6077 8767 -407 -4700 6093 -2059 -2665
-1139 -7571 5812 -3601 6302 3887 4891 -2089
768 -4188 -139 -4037 -71 -3768 1547 52
577 -1559 -575 -1179 -1289 198 828 -1989
-4885 1535 5278 1484 -4585 -370 3058 694
-7329 -6550 8851 361 -901 8356 -2013 -3573
-1222 -6932 5133 -3385 6398 -605 4291 -2043
531 -4713 -709 -4704 -2534 -2472 1640 -31
942 -1314 -258 -1588 -1000 947 414 -2722
-5494 1273 5751 2129 -4101 1717 2266 968
-6787 -6770 8721 953 3338 7058 -1579 -4308
-1689 -6625 4476 -3632 3507 -4997 3597 -2191
596 -5218 -789 -5397 -4658 -82 1647 226
1029 -943 235 -1502 -873 1793 330 -3402
-5825 718 6070 2921 -2565 4344 1303 932
-6126 -6660 8193 1223 6428 3278 -1103 -4293
-2248 -6467 3958 -4271 -448 -6239 3135 -2888
664 -5674 -801 -5823 -4533 2438 1156 561
672 -621 709 -991 -505 1558 638 -3856
-5813 215 5837 3427 -432 5344 444 806
-5837 -6307 7606 1114 6134 -1049 -1045 -4131
-2607 -6513 3867 -4786 -4426 -4162 2988 -3392
1143 -5624 -189 -5865 -2079 4884 382 757
155 -472 876 -426 420 1127 958 -3784
-5574 -263 5382 3802 2276 4242 -387 248
-5929 -5911 7148 636 3209 -5141 -1151 -3992
-2831 -6852 4005 -5169 -7078 -561 2837 -3438
1310 -5377 112 -5628 778 5505 -363 511
-274 -716 699 80 388 1249 1038 -3509
-5137 -567 4742 3739 3978 2251 -757 -545
-5992 -5550 6852 284 -333 -5933 -1624 -3727
-2822 -7102 4278 -5310 -6192 3653 2921 -3545
1368 -5016 427 -5117 3398 3261 -1085 196
-656 -1128 149 425 -58 785 748 -2952
-4584 -382 4181 1297 3337 -275 -787 -800
-6384 -5488 7084 -4543 -4385 -4076 -2400 -3850
-2615 -7200 4612 -8555 -2468 7033 3007 -3096
1234 -4709 316 -5087 4621 768 -1598 -259
-771 -1536 -328 990 114 298 138 -2507
-4297 -323 3870 1256 1925 -2612 -881 -925
-6586 -5608 7289 -4714 -6671 -822 -2615 -4198
-2216 -7330 4975 -8407 1693 7305 2578 -2605
758 -4382 -120 -4477 2983 -1520 -1684 -772
-844 -1936 -824 1136 10 823 -494 -2303
-4236 -76 3941 878 95 -3046 -1124 -747
-6680 -5832 7655 -4795 -5759 3476 -3124 -4295
-1882 -6853 4888 -7766 5438 4321 2176 -1960
196 -4327 -653 -4118 469 -3279 -1742 -731
-586 -2162 -1152 976 -430 1065 -1231 -2290
-4336 -6 4015 779 -2288 -2403 -1429 -342
-6449 -6016 7733 -4487 -2336 6575 -3314 -4580
-1790 -6458 4444 -7378 6668 554 1546 -1615
-164 -4515 -1102 -4010 -1656 -3112 -1772 -526
-302 -2263 -1253 770 104 847 -1570 -2213
-4506 -12 4301 688 -3790 -687 -1788 -49
-6202 -6118 7584 -4071 1353 6389 -2793 -4291
-1762 -5953 4038 -6819 4484 -2962 708 -1216
-549 -4825 -1566 -4028 -3591 -506 -1851 -338
-388 -2212 -1120 704 613 787 -1653 -2123
-4598 -158 4348 868 -3152 1661 -2361 221
-5476 -6209 7312 -3418 4770 4081 -2715 -4010
-1969 -5584 3500 -6610 1108 -5503 524 -1151
-605 -4921 -1681 -4111 -3561 2055 -2061 187
-395 -2109 -1042 710 320 75 -1740 -2001
-4638 -478 4377 1189 -1803 3536 -2884 435
-5253 -6002 6975 -3160 6027 940 -2506 -3705
-2287 -5413 3170 -6541 -2256 -4693 181 -855
-411 -5170 -1412 -4363 -1572 3740 -2484 695
-608 -2014 -406 715 171 -523 -1675 -1738
-4504 -807 4602 1649 -34 3666 -3470 262
-4887 -5707 4362 -2832 4405 -2561 -2329 -3002
-2559 -5366 -729 -6624 -5110 -1611 31 -746
-269 -5033 -3528 -4358 732 4395 -2796 703
-889 -2029 -161 1062 -4 -299 -1605 -1085
-4323 -1043 4421 1966 2339 2932 -3415 278
-4768 -5515 4028 -2806 1841 -5043 -2640 -2619
-2633 -5283 -838 -6770 -5254 1708 406 -480
-219 -4828 -3256 -4249 2389 2712 -3232 1023
-995 -2084 -118 1239 -669 -169 -1662 -775
-3989 -1266 4142 2310 3163 1653 -3430 275
-4591 -5217 3666 -2783 -1533 -4342 -2639 -2062
-2605 -5359 -770 -6833 -2753 4578 235 53
-403 -4423 -3096 -3879 3438 244 -3161 1026
-1458 -2262 -104 1761 -1266 261 -1850 92
-3688 -1305 3823 2274 2989 -694 -3278 149
-4565 -4913 3483 -2847 -4278 -2090 -2737 -1596
-2564 -5248 -605 -6654 397 5840 316 674
-547 -4129 -2780 -3465 2695 -1490 -2983 1082
-1388 -2507 -380 1951 -621 1282 -2107 582
-3399 -1306 3398 2195 2155 -2110 -2920 555
-4575 -4826 3384 -2936 -4424 486 -2668 -1561
-2464 -5054 -551 -6356 3137 4077 207 1314
-727 -4020 -2791 -3175 441 -2878 -2937 1280
-1397 -2848 -669 1943 -120 1982 -2164 797
-3352 -1239 3355 2131 144 -2492 -2800 1004
-4545 -4886 3527 -2888 -2743 3415 -2421 -1391
-2124 -4811 -318 -5935 4812 1294 -180 1661
-1118 -3856 -2953 -2746 -1697 -2527 -2375 1575
-1407 -2986 -847 2041 896 1469 -2355 955
-3250 -1141 3217 1949 -1722 -1963 -2583 1261
-4330 -4995 3753 -2640 -713 5040 -1884 -1147
-1988 -4371 -279 -5651 4048 -1533 -236 2079
-1376 -3701 -3007 -103 -2388 -351 -1990 1958
-1248 -2847 -931 2802 1929 768 -2036 1053
-3225 -937 3168 -580 -2294 -782 -2490 1669
-4047 -4929 3731 -5217 2045 4112 -1470 -745
-1896 -3876 -333 -4750 1477 -3718 -255 2132
-1526 -3829 -3339 72 -2693 1526 -1789 2313
-1011 -2781 -1058 2571 1450 154 -1676 1150
-3315 -1173 3304 -410 -2144 1281 -2490 1691
-3732 -4942 3841 -4852 4033 2323 -904 -267
-2025 -3451 -542 -4307 -890 -3664 -169 2183
-1661 -3940 -3508 133 -1009 2575 -1607 2626
-1071 -2672 -915 2518 998 -1233 -1492 1346
-3328 -1276 3410 -275 -1567 2763 -2366 1609
-3225 -4696 3507 -4259 3783 -279 -517 252
-2081 -3320 -748 -4096 -2822 -1641 -31 2193
-1532 -3862 -3465 54 1012 3137 -1574 2968
-1257 -2533 -737 2379 292 -1638 -1072 1452
-3278 -1450 3428 -73 305 2875 -2074 1705
-2836 -4532 3282 -3855 2213 -2685 -315 695
-2281 -3051 -999 -3899 -3639 491 353 2167
-1326 -3802 -3329 -169 2219 2246 -1455 2867
-1366 -2384 -463 2389 -1006 -830 -638 1803
-3069 -1576 3375 190 1980 2603 -1701 1404
-2647 -4190 2928 -3475 551 -3009 31 1068
-2434 -3039 -1235 -3855 -2147 2425 757 2210
-1150 -3571 -3012 -242 2881 48 -1192 2741
-1482 -2379 -282 2482 -1714 83 -566 2034
-2744 -1761 3080 588 2413 1273 -1167 1183
-2679 -3875 2578 -3463 -1566 -2114 16 1130
-2253 -3163 -954 -4038 -163 3828 1139 2498
-1100 -3381 -2646 -271 2355 -1300 -979 2438
-1739 -2386 -325 2711 -1014 1152 -410 2354
-2346 -1684 2654 739 2395 -600 -662 1160
-2601 -3485 2228 -3376 -2902 -813 156 964
-2118 -3303 -3024 -4102 1776 3269 1399 2738
-1092 -2987 -2635 -37 475 -1749 -471 2121
-1856 -2534 971 2960 -121 2269 -317 2227
-2139 -1596 2793 813 1782 -1410 -80 1155
-2823 -3509 480 -3505 -2232 1204 255 903
-1684 -3041 -2577 -3934 3153 1418 1464 2757
-1355 -2752 -2412 344 -1009 -1702 47 1974
-1641 -2761 660 3073 536 2065 -301 1824
-2059 -1354 2537 571 66 -1839 290 1205
-2930 -3614 613 -3818 -1159 3176 948 482
-1477 -2786 -2251 -3640 3165 -189 1452 2831
-1538 -2544 -2189 532 -1380 -594 421 1949
-1364 -2834 397 3061 1820 1440 -190 1578
-1773 -1126 2041 397 -1157 -1426 476 1550
-2732 -3656 838 -3578 569 2975 1394 406
-1115 -2554 -1760 -3334 1853 -1534 1381 2618
-1668 -2537 -2210 767 -1614 1246 972 2001
-1052 -2851 66 2780 2188 614 267 1063
-1957 -978 1981 136 -1334 -21 509 1510
-2537 -3866 1184 -3462 2576 2245 1934 378
-1112 -2197 -1552 -2920 429 -2382 1320 2099
-1825 -2725 -2433 837 -858 2134 923 2233
-823 -2634 -138 2421 1512 -590 696 657
-2297 -763 2099 -221 -1319 1435 422 1195
-2194 -3690 1372 -3155 3033 1107 2356 495
-1291 -1770 -1672 -2375 -905 -1578 1502 1722
-1805 -2820 -2597 792 841 2484 950 2092
-620 -2189 -259 1775 662 -1208 1206 545
-2506 -892 2375 -251 -260 1938 311 668
-1759 -3477 1432 -2562 2234 -663 2280 739
-1532 -1537 -1823 -2060 -1772 52 1629 1102
-1416 -3015 -2949 312 1832 2193 550 1834
-568 -1747 -52 1524 2 -700 1494 575
-2636 -1094 2748 -101 1302 2131 480 133
-1421 -3162 1386 -2737 1581 -1846 2258 881
-1813 -1543 -2117 -298 -1387 1347 2033 797
-1052 -2942 -2865 1631 2139 773 213 1273
-745 -1254 301 595 -569 -12 1887 689
-2354 -1197 2665 -1670 1879 1660 793 -422
-1346 -2651 964 -2230 152 -1630 1923 736
-2014 -1741 -2521 -417 -71 2633 2603 882
-557 -2597 -2510 1003 2209 -294 283 564
-1116 -1119 724 446 -461 518 1681 909
-1978 -1403 2707 -1204 2196 359 1143 -563
-1408 -2054 399 -1745 -1139 -530 1454 226
-1930 -2022 -2530 -902 1134 2752 2521 1034
-275 -2179 -2027 511 1579 -681 539 -64
-1329 -1220 1040 544 316 1268 1323 800
-1577 -1309 2136 -637 1938 -629 1811 -628
-1825 -1928 -101 -1790 -1078 563 1178 -365
-1513 -2311 -2276 -1400 2174 1805 2329 1318
-57 -1854 -1577 216 529 -1162 839 -597
-1440 -1258 1046 831 659 1394 915 371
-1170 -876 1566 -432 854 -800 1826 -365
-2347 -1733 -472 -2209 -318 2130 1524 -1123
-1108 -2539 -1886 -1919 3038 677 1796 1368
-207 -1278 -933 217 16 -963 1207 -799
-1356 -1611 824 1416 1452 948 406 -288
-812 -326 842 -370 -79 -582 1575 -188
-2591 -1996 -455 -2615 820 2449 1795 -1510
-596 -2342 -1196 -2201 2704 -444 1056 968
-713 -1114 -636 676 -197 131 1574 -607
-783 -1752 146 1692 1736 619 474 -1020
-1072 344 264 -894 -111 197 996 13
-2818 -2470 -74 -3251 2152 2043 2312 -1682
-51 -1903 -456 -1998 1627 -1424 469 408
-1010 -1190 -832 1089 -290 858 1481 -267
13 -1535 -638 1382 1169 545 1095 -1477
-1452 804 -691 -1504 416 1339 330 18
-2540 -2875 -1673 -3647 3291 1114 2770 -1352
35 -1443 -1554 -1631 699 -1697 267 -83
-1090 -1633 -726 1489 358 1268 756 87
690 -1193 -387 1000 1259 246 1543 -1608
-2125 1090 -776 -2404 1150 1727 -443 -607
-1936 -2962 -958 -3414 3038 -350 2553 -906
-353 -1072 -1323 -881 -507 -652 541 -844
-872 -2141 -1446 1472 1022 1782 91 -186
1031 -372 -1090 13 1472 459 2047 -1213
-2698 726 -423 -2933 2355 1275 -960 -1350
-1471 -2872 -357 -2992 2083 -1642 2090 -429
-849 -900 -1460 -379 -966 300 945 -883
-206 -2586 -2367 912 1540 1853 -688 -749
1153 399 -1582 -920 1805 686 2205 -475
-2778 401 108 -2890 2865 569 -678 -2055
-1102 -2305 -128 -2086 868 -1623 1301 -196
-1421 -1116 -2059 -177 -360 1412 1305 -658
715 -2716 -3092 -31 2641 1296 -1171 -1589
620 978 -1176 -1771 1893 286 1758 232
-2493 -63 748 -2469 2326 -674 -164 -2439
-986 -1620 -301 -1432 -384 -815 459 -515
-1888 -1685 -3039 -362 971 2618 1554 78
1553 -2506 -3484 -1104 3305 507 -1158 -2535
201 1336 -670 -2082 2341 -213 920 800
-2027 -214 975 -1694 1530 -1379 319 -2159
-1457 -920 -1193 -991 -794 511 -34 -1375
-1878 -2453 -3816 -1304 2312 2585 951 942
2249 -1842 -3106 -2139 3139 -261 -554 -3155
-465 1074 187 -1679 1885 -557 -26 461
-1205 -222 902 -822 679 -844 538 -1462
-2280 -580 -2119 -1210 98 1919 -40 -2196
-1410 -3265 -4310 -2449 3879 1631 3 1526
2383 -1091 -2364 -2520 2687 -1369 295 -3020
-535 823 464 -1501 1033 -962 -695 -37
-682 577 -75 -263 -84 69 462 -577
-3144 -596 -3161 85 1497 2730 604 -2574
-589 -3623 -4029 -974 4389 231 -1144 1527
2009 -445 -1425 -1692 1936 -1766 932 -2452
-161 171 415 -553 542 -487 -811 -776
-399 1423 -1262 432 161 1127 -675 22
-3926 -927 -3850 -430 3449 2247 1572 -2642
425 -3683 -3296 -2127 3904 -1364 -2056 975
1365 -277 -739 -1421 619 -1700 940 -1584
511 -268 -257 451 393 593 -168 -1450
-796 2541 -2621 390 1597 2156 -1857 275
-4195 -1849 -3842 -1727 4809 917 2362 -1967
930 -3075 -2273 -2503 2546 -2719 -2429 134
747 -582 -573 -478 -257 -708 374 -621
1635 -234 -1519 1149 694 1373 710 -1388
-1610 3235 -3431 -302 3147 2118 -2834 -258
-3991 -2618 -3084 -2803 4725 -867 2644 -719
947 -2452 -1470 -2224 833 -2802 -2161 -580
399 -1262 -1249 564 -140 753 -740 -358
2634 440 -2903 1159 1929 1876 1590 -507
-2685 3321 -3576 -1573 4505 971 -3547 -1374
-3233 -2960 -2118 -3332 3394 -2730 2322 272
408 -1847 -1145 -1366 -636 -1609 -1305 -956
595 -2272 -2344 1496 748 2119 -1800 -833
3105 1526 -3876 382 3695 1848 2065 634
-3546 3021 -3123 -2699 4875 -914 -3295 -2315
-2305 -2929 -1063 -3131 1571 -3462 1325 921
-596 -1352 -1511 -102 -868 251 -458 -554
1524 -3003 -3708 1580 2188 2456 -2233 -1853
3056 2527 -4239 -687 4652 483 1714 1972
-3874 2116 -1888 -3509 3660 -2357 -2160 -2934
-1628 -2213 -526 -2294 -82 -2439 18 912
-1555 -1860 -2678 938 177 2204 124 584
2716 -3266 -4639 1095 4313 1752 -2114 -2995
2484 3453 -5090 -2101 4908 -1376 765 2936
-3550 1364 -3033 -3451 1959 -3272 -1001 -2803
-1617 -1125 -1692 -919 -1108 -551 -535 203
-2251 -2764 -3372 1305 2030 3099 -128 1968
4016 -2913 -5379 -289 5456 384 -974 -3833
1319 3734 -4405 -3117 3715 -2816 -537 3054
-2634 751 -1804 -2621 280 -2791 -247 -1884
-2224 -324 -2000 179 -420 1576 -381 -906
-2337 -3963 -4930 911 4468 2468 -1111 3015
4730 -2164 -5884 -1721 5358 -1890 311 -3859
391 3398 -3225 -3240 1827 -3363 -1752 2373
-1618 910 -1214 -1311 -672 -1032 66 -568
-3500 198 -3239 834 1558 3045 447 -1801
-1587 -5010 -6162 -300 6086 687 -2480 3110
4784 -1130 -5497 -2832 4014 -3687 1630 -3012
84 2371 -1958 -2559 201 -2829 -1892 1335
-700 1728 -1467 24 -480 1048 -853 446
-4761 -5 -4859 477 3892 2802 1751 -1839
-402 -5600 -6818 -1949 6260 -1809 -3742 2456
4019 -227 -4161 -3286 1729 -4080 2141 -1647
446 1427 -1058 -1269 -601 -1034 -1283 179
-373 2960 -2569 876 1377 2507 -2166 763
-5758 -834 -6372 -734 6075 1110 3182 -1076
739 -5454 -6428 -3230 4666 -4007 -4150 879
2940 -31 -2779 -2640 -335 -3182 1705 -269
1358 569 -990 345 -164 967 -39 -183
-1031 4038 -4279 677 3589 2617 -3368 73
-6293 -1895 -7341 -2298 6870 -1397 3880 605
1561 -4818 -5477 -3861 2268 -5137 -3932 -273
1837 -471 -1718 -1304 -1052 -1193 520 430
2724 538 -2025 1262 1463 2225 1283 584
-2147 4909 -5880 -361 5630 1161 -3843 -1184
-5656 -3141 -7098 -3752 5638 -4006 3513 2059
1530 -3654 -3953 -2927 -440 -4140 -2694 -1038
1275 -1524 -1523 1366 -386 1239 -744 157
4045 1150 -3609 3902 3941 2106 2201 1890
-3513 5079 -6943 2256 6543 -1289 -3567 -2854
-4572 -3798 -6020 -977 2993 -5565 2440 3026
687 -2633 -2577 -421 -1686 -1882 -1219 -899
1340 -2902 -2235 3111 1551 2719 -1545 -1134
4688 2459 -5491 4011 5826 634 1939 3491
-4740 4392 -6903 620 5726 -3780 -2289 -3656
-3323 -3622 -4428 -1650 185 -5029 1088 3192
-747 -2366 -2308 1026 -1175 859 -228 326
2519 -4134 -3944 4619 4365 2401 -1333 -2577
4297 3788 -6657 2988 6387 -1784 820 4500
-5143 3040 -5811 -988 3403 -5410 -731 -3847
-2498 -2792 -3022 -1344 -1743 -2959 -206 2169
-2098 -2793 -2938 2935 985 2916 -201 1659
3788 -4444 -5674 4941 6280 395 -172 -3721
3197 4701 -6603 1458 5369 -4141 -731 4785
-4672 1824 -4189 -2168 881 -5186 828 -2815
-2385 -1489 -2372 -61 -1829 -190 -350 803
-3001 -3866 -4384 4321 4036 2975 -1118 3002
5180 -4050 -7019 4194 6591 -2356 1503 -3849
1732 4736 -5651 -344 3192 -5280 -2220 3902
-3458 838 -2387 -2148 -937 -3404 1292 -1422
-3007 -172 -2660 1754 82 2163 461 -380
-3215 -5396 -6373 5120 6609 1134 -2709 3298
6095 -2949 -7542 2654 5409 -5025 3134 -3006
455 4099 -3916 -1575 780 -4905 -2798 2186
-2148 961 -1516 -845 -1465 -985 784 -61
-4496 264 -4173 3242 2868 2988 1985 -862
-2453 -6727 -8015 4616 7414 -2008 -4299 2378
5762 -1552 -6624 833 2792 -6091 3933 -1509
-171 2809 -2047 -1671 -686 -3231 -2217 728
-995 1724 -1637 850 -18 1088 -726 719
-6146 174 -5644 4119 5881 1771 3754 -371
-1001 -7278 -6685 3083 6188 -5248 -4947 825
4573 -564 -5287 -407 66 -5413 3608 151
86 1189 -1190 -691 -728 -990 -877 -230
-592 2979 -1334 2423 2248 2026 -2111 11
-7403 -867 -5666 3826 7574 -1028 4765 1481
435 -6917 -7244 1205 3372 -7080 -4634 -999
3109 -145 -3530 -797 -1402 -3238 2247 1241
1062 202 77 949 582 632 680 31
-1151 4230 -2622 3391 4636 1324 -2912 -1353
-7558 -2305 -7346 2367 6887 -4340 4315 3301
1363 -5970 -6678 -285 71 -6695 -3273 -2203
1496 -850 -1414 213 -1088 -502 551 1180
2748 -73 245 3011 2830 972 1865 1280
-2538 5137 -4555 3273 6329 -856 -2750 -3163
-6830 -3752 -8252 368 4388 -6877 3139 4475
1286 -4533 -5081 -790 -2285 -4387 -1645 -2295
657 -2280 161 2085 813 1384 -557 -119
4027 321 -657 4178 4574 -61 1933 2793
-4167 5016 -6429 1803 6358 -3398 -1461 -4646
-5270 -4637 -7884 -1543 1293 -7500 1274 4849
346 -3349 -3204 -179 -2488 -1143 -211 -1391
701 -3835 604 4126 3478 1353 -793 -1793
4425 1872 -2629 4114 5408 -1698 760 4101
-5426 3871 -7317 -256 4529 -5522 563 -4634
-3846 -4522 -6527 -2344 -1604 -5940 -300 3879
-1246 -2705 -1421 1585 -640 1535 223 257
1507 -4898 -102 5490 5574 -348 213 -3131
4073 3193 -4382 3072 4985 -3954 -976 4607
-6009 2363 -7259 -2228 2130 -6662 2318 -3830
-2674 -3374 -4463 -1914 -2724 -2765 -944 2053
-2920 -3245 -952 3736 2626 2377 -512 1829
3012 -5356 -1827 5911 6069 -2758 1913 -3678
2642 4035 -5441 1154 3207 -5236 -2576 3635
-5327 550 -5672 -3318 14 -5818 3243 -1990
-2503 -1900 -2689 1233 -1790 260 -353 264
-4058 -4348 -1532 6493 5813 972 -2253 2377
4429 -4779 -3704 7389 4864 -5263 3758 -3005
686 3998 -5292 2096 1432 -5255 -3565 1680
-3957 -348 -3703 -1210 -1381 -3865 2813 -245
-3180 -727 -1896 2553 635 1878 1054 -464
-3991 -5783 -3083 7870 6991 -2052 -3752 1689
5005 -3530 -4953 6360 2490 -6491 4855 -1343
-717 3127 -3914 50 108 -4319 -3112 -117
-2379 -512 -1750 -1251 -1364 -1790 1475 794
-4709 -23 -2516 4626 3833 1643 2929 -141
-3164 -7059 -5043 8528 6280 -5233 -4983 135
4650 -2136 -5034 4555 -261 -5926 4510 498
-1529 1545 -1764 -1436 -132 -3010 -1670 -1404
-1200 206 -642 -63 7 -173 -362 748
-6269 -296 -3931 6330 6249 -460 3941 1370
-1737 -7662 -6711 8014 3429 -7734 -4834 -1837
3295 -985 -3950 2467 -1536 -4198 3210 1835
-1237 -233 313 -1648 216 -1725 256 -1425
-712 1395 -723 1607 1880 140 -1516 -506
-7284 -1538 -6049 6970 6763 -3363 3797 3093
-253 -7268 -7201 6359 21 -7914 -3419 -3398
1569 -693 -1943 941 -1454 -1781 1341 1866
-174 -1528 1923 -745 1500 -1555 1874 -484
-1257 2784 -1933 3330 3608 -707 -1756 -2165
-7526 -3105 -7879 6515 5189 -6260 2589 4604
616 -5994 -6402 4256 -2642 -5915 -1453 -3804
-180 -1348 322 531 223 -70 -305 898
1345 -1904 2144 1032 2399 -1888 2083 1186
-2755 3517 -3969 4161 4709 -2184 -494 -3791
-6616 -4674 -8691 4841 2189 -7977 704 5102
637 -4318 -4517 2459 -3237 -2987 407 -3050
-1290 -2722 2119 1350 2366 -84 -943 -946
2393 -1384 1340 2575 2439 -2809 1423 2447
-4395 3065 -3573 3627 4496 -3928 1279 -4297
-5089 -5359 -6446 2746 -924 -7481 -1076 4187
-526 -2965 -1138 1954 -1829 16 1118 -1207
-1294 -4266 4420 3021 3960 -1622 -291 -2675
2919 -140 1898 3720 2490 -3610 -221 3284
-5645 1931 -5336 1984 3140 -5386 3014 -3439
-3413 -5250 -6076 796 -3019 -5422 -2248 2334
-2182 -2322 967 2694 805 1568 596 363
-552 -5517 4939 5017 4285 -3856 1216 -3461
2239 1106 78 3431 1697 -3918 -1924 2451
-6067 402 -6276 -84 1328 -6108 4012 -1859
-2315 -4228 -4532 45 -3483 -2538 -2121 400
-3867 -2671 2770 4352 3703 561 -864 1377
965 -5995 4188 6396 3026 -5787 2846 -3196
888 1870 -1769 2051 937 -3699 -2831 802
-5557 -1422 -6205 -2325 -313 -5807 3788 114
-1895 -2826 -2532 238 -1980 91 -623 -920
-4731 -3833 3092 6362 5307 -1764 -2560 846
2067 -5526 2588 6697 821 -6426 4086 -1935
-927 1914 -3028 -51 736 -3510 -2790 -1154
-4335 -2445 -4911 -3572 -1696 -4722 2479 1457
-2586 -1439 -869 1688 413 1300 932 -943
-5017 -5183 2679 7894 5085 -4947 -3926 -485
2489 -4273 885 5552 -1337 -5345 4111 -272
-2535 1043 -3020 -2263 929 -3365 -1679 -2582
-2732 -2806 -3045 -3648 -1995 -3188 744 1684
-4125 -685 -98 3648 3091 419 2070 -18
-4069 -6491 1025 8485 2953 -7386 -4034 -2259
2121 -2752 -408 3609 -2200 -3481 2767 1274
-3324 -680 -1684 -3706 1086 -3279 308 -2863
-1441 -2062 -1162 -2484 -1362 -1659 -899 709
-5468 -1083 -596 5125 4751 -1724 2426 1633
-2688 -6977 -856 7791 -87 -7856 -3270 -3894
719 -1624 -525 1683 -1632 -1537 860 1536
-3099 -2250 164 -4324 798 -3807 1774 -2086
-1084 -778 -319 -579 -380 -694 -1516 -711
-6315 -2088 -2152 7135 4529 -4511 1368 3119
-1178 -6443 -2391 7539 -2684 -6350 -1459 -4585
-981 -1254 616 -324 249 -532 -751 779
-1954 -3522 2215 -4475 528 -4182 2452 -497
-1446 388 -407 1035 1110 -679 -940 -2212
-6543 -3620 -4159 7867 2837 -6900 -488 3600
-325 -5049 -2669 5751 -3953 -3674 177 -3831
-2590 -1893 2431 -1904 2032 -1002 -1774 -812
-628 -4012 3535 -3802 -383 -4087 1984 1033
-2797 922 -1806 2523 2363 -1383 381 -2961
-5594 -5046 -5809 7315 226 -7486 -2303 3177
-410 -3681 -1910 3814 -3206 -974 960 -2332
-3566 -3142 4534 -2297 3085 -2720 -1337 -2520
471 -3303 3543 -2161 -1157 -3490 507 1870
-4377 729 -3683 3273 2622 -2764 1880 -2498
-4291 -5748 -6492 5916 -2462 -6537 -3520 1487
-1308 -2404 -289 2297 -975 679 776 -694
-3517 -4568 5945 -1604 2602 -4650 -234 -3406
900 -2207 2523 -698 -1178 -2535 -1221 1709
-5465 -294 -5417 2912 2317 -4519 2761 -1082
-2774 -5686 -6098 4014 -4033 -4499 -3521 -224
-2766 -1745 1706 1802 1711 561 -486 506
-2900 -5746 6392 -325 837 -5889 1286 -3537
432 -976 860 257 -742 -1507 -2382 597
-5979 -1689 -6419 1608 1123 -5660 2696 666
-1641 -4676 -4604 2237 -3768 -1813 -2477 -1532
-4207 -1906 3156 2245 3492 -1439 -2175 459
-1577 -6074 5494 1373 -1274 -5824 2270 -2295
-935 -322 -763 -100 237 -1110 -2539 -1141
-5366 -3268 -6128 -403 -672 -5915 1462 2110
-1441 -3529 -3090 1622 -2437 383 -1342 -1794
-5043 -3019 3618 3796 3752 -3766 -3401 -397
-363 -5561 4747 2539 -2911 -4577 2498 -795
-2502 -353 -2311 -1273 1335 -1645 -1751 -2155
-4110 -4191 -6256 -2134 -2403 -5208 -232 2550
-2069 -2340 -454 2045 81 824 159 -1029
-5162 -4341 6249 5439 2100 -5891 -3940 -1680
93 -4412 4104 2553 -3323 -2228 1625 762
-3774 -1067 -3430 -3275 2062 -2827 -79 -2555
-2743 -4332 -5150 -3174 -3185 -3483 -1824 1925
-3097 -1844 739 3165 2244 -86 328 430
-4375 -5146 5571 6597 -500 -6837 -3384 -2983
-104 -3209 2547 1741 -2550 -410 348 1495
-4351 -2335 -3422 -4874 1314 -4340 1028 -1753
-1798 -3702 -3693 -3026 -3348 -1425 -2673 892
-4311 -1946 1387 4700 3277 -2005 -208 1812
-3246 -5773 4319 7108 -3043 -5908 -2153 -3518
-1179 -2201 1351 61 -275 342 -1428 1100
-4130 -3722 -2399 -6006 -61 -5302 1867 -340
-1523 -2580 -2343 -2092 -2225 -144 -2402 -264
-5182 -2884 857 6162 2730 -4330 -1537 2676
-2258 -5337 2766 6471 -4548 -3498 -729 -3119
-2704 -1948 1367 -1633 1619 -5 -2038 21
-3406 -4641 -1035 -6345 -1780 -5024 1576 1270
-2062 -1496 -1671 -678 -58 460 -1270 -1023
-5437 -3944 -238 6801 804 -6266 -3077 2703
-1387 -4321 1391 5029 -4047 -1009 249 -1765
-3874 -2394 2033 -2823 2270 -2167 -2132 -1126
-2087 -4851 450 -5413 -3304 -3870 696 2449
-3041 -813 -1755 772 1388 -310 -34 -820
-4702 -5100 -1924 6208 -1589 -6097 -4040 1560
-1478 -3198 1209 3606 -2245 1015 336 -311
-4507 -3531 3591 -3065 2076 -4273 -1131 -2114
-1100 -4402 1326 -4083 -3789 -2108 -745 2678
-4209 -989 -2917 1283 2187 -1945 795 254
-3653 -5719 -3138 5172 -3979 -4857 -4276 416
-2214 -2070 1695 1295 31 1462 -445 847
-4396 -4643 4924 -5362 497 -5286 323 -1899
-623 -3284 1325 -3254 -2589 -172 -1886 2049
-5238 -1687 -4395 3980 1935 -3918 992 1715
-2559 -5489 -3658 5791 -4598 -2621 -3477 -479
-3345 -1680 3044 -104 1993 84 -1634 1243
-3734 -5401 5820 -4783 -1934 -5381 1481 -1050
-928 -2184 451 -1859 -1017 786 -2121 1043
-5543 -2654 -5636 3933 82 -5146 464 3083
-1761 -4863 -3372 4442 -3725 98 -2087 -925
-4289 -2060 4255 -339 2989 -2002 -2609 926
-2660 -5705 6043 -3538 -3772 -4183 1948 345
-1892 -1599 -878 -1229 761 178 -1544 169
-5279 -3742 -6362 2960 -2126 -5262 -624 3714
-1542 -3777 -2293 3266 -2194 1744 -1076 -271
-4905 -2722 5191 44 1994 -4148 -2897 -94
-1673 -5356 5324 -2233 -4195 -1619 1607 1709
-2848 -1342 -2070 -1191 1971 -1203 -440 -12
-4262 -4235 -6034 1626 -3458 -4137 -1617 3448
-2154 -2945 -991 2841 319 1693 -422 848
-4965 -3723 5639 1242 -106 -5868 -2561 -1352
-1262 -4444 4137 -1401 -3654 378 652 2453
-3703 -1697 -2906 -1820 1479 -2880 773 275
-3397 -4256 -5171 536 -4129 -1672 -2290 2730
-2886 -2431 -13 3098 2338 247 -206 2074
-4485 -4455 5192 2438 -2765 -5390 -1386 -1677
-1260 -3542 2935 -1099 -1535 1186 -156 2385
-3975 -2627 -2744 -2951 99 -4339 1656 1311
-2520 -3451 -3818 -85 -3481 379 -2054 1596
-4011 -2608 523 4140 2714 -2173 -1049 2827
-3427 -4790 4048 3442 -4584 -3494 28 -1610
-1796 -2749 2147 -1590 558 1218 -527 1826
-3709 -3356 -2076 -3973 -1428 -4551 1704 2532
-2422 -2655 -2895 244 -1554 1551 -1107 1056
-4651 -3260 1666 5353 1252 -4709 -1928 2907
-2508 -4750 5550 3831 -5304 -1236 1124 -743
-2564 -2651 644 -2613 1589 25 -500 968
-2926 -3865 -3930 -4574 -3046 -3355 1365 3372
-2774 -1733 -1987 1093 659 1532 30 936
-4810 -4145 3254 6402 -836 -5503 -2596 2253
-2093 -3972 4495 3417 -3760 1067 1493 295
-3232 -3002 638 -3503 1920 -2078 238 372
-1918 -3891 -2718 -4437 -3683 -1734 409 3562
-3606 -1138 -1385 2283 1721 -381 1235 1636
-4445 -4702 2528 6755 -3608 -4339 -2484 1472
-2127 -3339 3843 2562 -1547 2819 1432 1007
-3549 -3753 1321 -4122 1210 -3766 1471 357
-1219 -3371 -1716 -3702 -2915 -50 -165 2930
-4423 -1093 -1560 3260 1731 -2561 1762 2505
-3671 -5132 1397 6430 -5262 -2621 -1823 397
-2572 -2749 3534 1597 805 2293 966 1310
-3320 -4560 2265 -4189 -859 -4323 2597 671
-896 -2484 -1059 -2557 -1626 1256 -202 2101
-4986 -1288 -1945 3753 434 -3690 1708 3185
-3190 -5050 928 5849 -4751 342 -984 114
-3470 -2592 4165 1032 2947 207 454 1035
-2689 -5211 3376 -3508 -2634 -4224 3341 1570
-935 -1700 -915 -1542 -521 920 117 1207
-5113 -1882 -2700 3671 -1825 -3900 1283 3496
-2585 -4468 588 4746 -2903 2594 172 111
-3897 -2730 4840 915 2984 -2165 314 166
-1783 -5311 3951 -2499 -3562 -2545 3199 2340
-1222 -1091 -1180 -857 472 54 860 508
-4882 -2365 -3427 3124 -3524 -3128 537 3204
-2758 -3789 1101 4230 -78 2984 730 599
-4371 -3439 5867 1386 1324 -4327 833 -765
-1054 -4995 4075 -1490 -4028 -305 2832 2707
-1816 -795 -1824 -661 782 -730 1888 406
-4390 -2470 -3430 2590 -3701 -559 552 2461
-2930 -3161 1700 2622 2532 1569 826 1093
-4420 -3999 6396 -1583 -1018 -5534 1612 -1454
-484 -4516 3851 -2727 -3366 1170 2165 2705
-2209 -1082 -2451 549 -75 -1827 2474 590
-3956 -2287 -3201 3400 -3177 1317 517 1525
-3667 -2833 2568 2350 3278 -656 595 1155
-4066 -4564 6606 -913 -3595 -4354 2500 -1785
-315 -3880 3226 -1954 -1367 2244 1647 2185
-2107 -1397 -2547 157 -900 -2164 2758 904
-3454 -1653 -2384 2662 -1021 1769 1188 869
-4284 -3062 3283 2642 2138 -3531 -18 949
-3638 -4922 6498 -141 -5567 -1802 3383 -1656
-594 -3352 2518 -1747 295 2321 1558 1340
-1741 -1701 -2263 -507 -1293 -1485 2439 1238
-3390 -951 -1469 2389 1101 1371 1984 524
-4720 -3288 3620 3122 -8 -5462 -481 307
-2992 -4858 5913 531 -5214 929 3834 -1289
-1047 -3468 2341 -2127 1385 908 1825 767
-1297 -1819 -1788 -1006 -1865 -879 1958 794
-3586 -249 -793 2430 1682 119 2585 602
-4830 -3512 3467 3576 -3007 -4567 -636 -466
-2535 -4523 5198 832 -2918 3737 3807 -918
-1155 -3522 2365 -2366 2165 -650 2216 286
-385 -1643 -791 -1275 -1410 -813 1369 234
-3950 157 -323 2875 1302 -2282 2932 939
-4692 -3959 3107 4194 -5337 -2400 -512 -1349
-2592 -4058 4760 584 -354 4443 3363 -894
-1050 -4071 2908 -2853 1788 -1987 2672 232
38 -1159 -83 -1165 -1105 -207 1030 -641
-4383 343 -181 3422 -84 -3431 2677 1087
-4431 -4139 2669 4333 -5189 566 -165 -2120
-2857 -3756 4841 126 2422 2919 3117 -1394
-903 -4442 3465 -3053 -3 -3382 2927 410
342 -587 222 -642 -1226 -138 1171 -1511
-4686 392 2273 3785 -2279 -2730 2392 990
-3962 -3957 5431 4152 -3117 3911 68 -2481
-3103 -3707 4871 -226 4160 504 2864 -1652
-378 -4694 1769 -2867 -1448 -3596 2519 726
489 94 243 -36 -1022 -571 1318 -2255
-4837 343 2343 3982 -3799 -1245 1944 779
-3899 -3599 5177 3621 -408 4541 411 -2535
-3385 -3834 5099 -470 3628 -2347 2722 -2445
310 -4772 2371 -2382 -3093 -2131 1883 729
548 524 655 453 -1121 -261 1522 -2775
-4644 361 2170 3726 -3014 876 1385 460
-3855 -3161 5041 3080 2600 3064 109 -2459
-3463 -4171 5635 -484 1158 -4962 2992 -3033
1025 -4538 3040 -1636 -4196 -765 1084 735
307 707 569 799 -1491 431 1710 -2873
-4348 318 1903 3486 -1582 2822 1259 -130
-3985 -2921 5205 2664 4561 568 -257 -2434
-3395 -4621 6126 -245 -1647 -5194 3326 -3019
1432 -4321 3293 -1195 -3478 1050 549 199
154 737 344 881 -1089 498 1771 -2787
-3950 497 1877 3001 157 2562 1009 -623
-4350 -2625 5559 2500 3561 -2665 -884 -2683
-3324 -4944 6497 103 -4892 -3093 3405 -3172
1518 -4091 3283 -844 -2067 2980 -144 -234
425 692 373 727 250 883 1357 -2841
-3812 860 2230 2645 2391 1299 1131 -657
-4781 -2650 6177 2654 908 -5274 -1603 -3047
-2923 -5109 6691 551 -5959 -511 3461 -2721
1374 -3775 2926 -636 -362 3544 -461 -591
593 668 523 523 702 775 840 -2884
-3758 1432 2703 2484 2976 -465 1112 -739
-5028 -2848 6582 2952 -2240 -4873 -1887 -3589
-2459 -5080 6553 1090 -4618 2375 3120 -2415
1366 -3630 2792 -664 1965 2233 -553 -883
1031 753 908 -801 1047 -526 365 -3212
-3793 1936 3275 421 1261 -2856 862 -376
-5120 -2874 6646 -570 -5218 -2465 -2299 -3851
-2515 -4909 6313 -2534 -2032 5213 2575 -2207
1440 -3827 2872 -2877 3307 669 -953 -814
1612 897 1473 -1238 1340 -1568 -120 -3570
-4018 2185 3577 424 -748 -3739 487 -127
-4858 -2993 6479 -250 -5683 355 -2245 -4306
-2437 -4646 5961 -2388 1208 4940 2023 -2090
1494 -4021 3027 -3116 2660 -1575 -1101 -616
1811 1231 1870 -1376 -5 -1895 -373 -3861
-4288 2458 3978 522 -2851 -2537 -69 335
-4825 -3036 6384 -53 -3596 3589 -2180 -4342
-2445 -4513 5743 -2453 4146 2668 1575 -2057
1667 -4233 3252 -3295 1135 -3804 -1575 -496
2025 1394 2258 -1488 -1957 -2107 -470 -4030
-4186 2475 4023 540 -4321 -166 -538 478
-4518 -2708 5995 -169 -759 5394 -2390 -4222
-2615 -4429 5781 -2512 4969 -305 1542 -2027
1960 -4235 3672 -3418 -693 -3790 -2047 -69
2151 1788 2670 -1313 -2808 -1040 -447 -3847
-4152 2472 3894 528 -3296 1664 -1109 442
-4342 -2781 5753 -77 2375 4336 -2523 -4047
-2886 -4363 5765 -2774 2998 -3619 1025 -2014
2417 -4229 4104 -3319 -3184 -2711 -2752 -108
2124 2139 2941 -1135 -2969 977 -383 -3774
-4163 2515 3912 588 -1207 3768 -1777 483
-4257 -2280 5635 -542 4731 1228 -2726 -3474
-2819 -4654 6066 -2842 474 -5564 983 -1711
2767 -4095 4381 -3129 -4634 -868 -3587 -40
2032 2412 2919 -865 -2471 2110 -306 -3230
-4032 2496 3786 448 1056 3810 -1999 552
-4401 -2160 5807 -777 4368 -1609 -3222 -3377
-2736 -4656 6278 -2839 -2625 -4549 1151 -1268
2905 -3968 2373 -2831 -3741 1910 -3851 -69
2187 2337 2850 -945 -78 2825 -495 -2929
-3830 2519 4290 236 3219 1719 -2089 665
-4582 -1875 5046 -930 1754 -4603 -3481 -3214
-2527 -4884 4197 -2652 -5405 -2198 1076 -662
3120 -3671 2990 -2406 -2236 3902 -4183 -140
2082 2380 2854 -920 1752 2713 -625 -2419
-3358 2861 3972 -234 3680 -919 -2004 824
-4524 -1675 4944 -1176 -1211 -5142 -3699 -2811
-2334 -4911 4387 -2336 -5521 937 931 65
3111 -3447 2931 -2289 147 3931 -4208 -105
2322 2369 2759 -1164 2739 893 -902 -2069
-3405 3007 4154 -464 1826 -2831 -2140 1531
-4700 -1808 5050 -1082 -3906 -3087 -3825 -2938
-2113 -4800 4401 -2121 -3300 4316 724 573
2901 -3298 2691 -2171 2970 2714 -4251 103
2369 2180 2539 -1334 2729 -1585 -1191 -1817
-3227 3378 4118 -767 -845 -4123 -2151 2024
-4571 -1900 5284 -1021 -5551 -346 -3649 -2891
-1963 -4559 4184 -1908 -438 5271 348 1144
2927 -3315 2631 -2150 3687 681 -4057 277
2749 2335 2732 -1638 1304 -2886 -982 -1583
-3469 3546 4581 -759 -2812 -3265 -2446 2456
-4528 -1896 5225 -836 -4222 2878 -3228 -2656
-1932 -4362 4122 -1825 2560 3944 92 1548
2920 -3369 2561 -2291 3035 -2147 -3954 696
2893 2322 2886 -1734 -1372 -3121 -878 -1410
-3409 3609 4595 -698 -4444 -542 -2734 2918
-4376 -2003 5219 -694 -1367 5150 -2988 -2395
-1723 -4077 3792 -1690 4518 1505 -105 1724
2977 -3475 2672 -2439 1351 -4019 -4023 1154
3141 2533 3145 -1855 -3182 -2381 -560 -1152
-3477 3530 4668 -688 -4157 1928 -2882 3282
-4002 -1803 4884 -651 1421 4659 -2522 -1955
-1996 -4057 3503 -3349 3997 -1475 -141 2015
3161 -3622 2697 -4635 -1746 -3556 -4014 1576
3147 2668 3378 -3496 -3755 22 -163 -872
-3522 3298 4525 -2687 -1552 3870 -2938 3246
-3716 -1671 4394 -3370 3624 2150 -2292 -1281
-2059 -3908 3355 -4664 1766 -4159 87 2105
3220 -3648 2868 -4708 -4042 -2164 -4149 1602
3000 2918 3582 -3307 -3471 2389 195 -331
-3342 3200 4385 -2578 979 4252 -2928 3268
-3505 -1437 4080 -3324 4383 -345 -2118 -808
-2174 -3854 3309 -4721 -937 -4466 403 2520
3482 -3498 3208 -4677 -4338 20 -4176 1543
2794 2992 3723 -3095 -1560 3405 627 274
-3211 2803 4037 -2169 2403 2347 -2688 2908
-3403 -1093 3672 -3421 2198 -2920 -2060 -456
-2171 -4072 3461 -4831 -3814 -2674 781 2818
3604 -3198 3364 -4471 -3317 2707 -3883 1297
2486 2903 3497 -2711 1146 3623 718 906
-2659 2795 3459 -2270 3365 -228 -2159 3173
-3551 -968 3687 -3709 -392 -4310 -1973 -451
-2024 -4182 3770 -4815 -4869 -354 1095 3383
3549 -2839 3373 -3999 -1658 4119 -3450 1174
2272 2680 3150 -2398 2396 2108 830 1258
-2420 2784 3255 -2337 2404 -1865 -1653 3138
-3726 -812 3878 -3904 -2935 -3092 -1652 -499
-1778 -4261 3893 -4712 -3783 2304 1134 3840
3316 -2454 3192 -3502 1123 3491 -2827 1074
2205 2346 2730 -2308 2549 -444 643 1421
-2183 3051 3113 -2659 -226 -3202 -1286 3415
-3917 -855 4075 -4041 -4813 -614 -1277 -797
-1439 -3949 3837 -4214 -1770 4338 961 4045
3014 -2359 2768 -3191 2947 2078 -2152 1115
2247 1953 2252 -2308 1758 -1951 677 1286
-2232 3225 3296 -2942 -2301 -2873 -1128 3813
-3752 -1137 2737 -3803 -4160 1550 -487 -694
-1260 -3647 1743 -3668 517 4297 720 3930
2682 -2275 1101 -2972 2618 -305 -1529 1420
2488 1768 493 -2623 -182 -2384 1173 1020
-2410 3431 1074 -3152 -3753 -679 -1154 3803
-3533 -1344 1872 -3357 -2100 3499 388 -522
-1073 -3149 1688 -3064 2521 2513 550 3734
2191 -2325 536 -2912 1422 -2378 -1278 1600
2756 1843 393 -2969 -2429 -2128 1711 844
-2606 3436 1432 -2969 -3947 1273 -1268 3652
-3157 -1634 2129 -2830 -200 4412 966 -273
-1250 -2633 1175 -2797 2925 390 854 3270
1952 -2747 115 -3130 -249 -2366 -1032 1857
2770 2067 605 -3159 -3301 -411 2314 816
-2911 3062 1887 -2629 -2267 2722 -1402 3301
-2621 -1618 1977 -2234 1665 3043 1370 140
-1462 -2269 611 -2767 1494 -1925 1298 2722
2037 -2919 -47 -3514 -2503 -1590 -1097 1723
2817 2434 1086 -3170 -3427 1704 2795 1092
-2927 2667 2113 -2099 -324 3639 -1151 2580
-2086 -1258 1518 -1866 2742 970 1458 471
-1831 -2256 148 -3021 -180 -2864 1836 2416
2428 -2967 161 -3766 -3641 -372 -1132 1280
2456 2470 1350 -2774 -2167 2686 3044 1366
-2820 1900 2164 -1258 778 3001 -739 1814
-1832 -874 891 -1785 1804 -751 1298 677
-2137 -2384 -63 -3506 -2141 -1901 2373 2501
2692 -2973 547 -3991 -3204 1886 -1186 610
1872 2681 1886 -2103 -234 2885 3116 1917
-2322 1346 1660 -707 1711 1260 -72 1199
-1940 -625 623 -1930 211 -2238 1086 257
-2451 -2774 -121 -4031 -3772 -308 2744 2723
2835 -2465 951 -3450 -1915 3196 -655 -95
1046 2192 1786 -1132 690 2485 2635 2113
-1809 1089 1055 -995 1549 10 729 995
-2072 24 28 -2976 -1487 -1901 859 -163
-2038 -2988 361 -4097 -3531 1408 2639 2992
2692 -1932 1294 -3164 -131 3002 102 -583
744 1729 1466 -1274 1001 1247 2156 1777
-1368 1241 534 -1446 193 -762 1087 1130
-2425 165 -13 -3534 -2965 -400 1254 -903
-1712 -3232 1005 -4348 -2131 3446 2256 3149
2174 -1367 1418 -2395 1123 2252 844 -823
545 993 688 -484 771 -65 1613 1076
-1029 1588 -16 -1659 -1225 -1288 1198 1582
-2794 -308 580 -3965 -3518 922 1718 -1459
-836 -3077 1625 -3939 -752 3748 1523 2852
1465 -936 1138 -1386 1134 1280 1552 -624
756 307 -158 -196 -145 -374 1511 145
-1074 1993 27 -2147 -1912 -189 951 1619
-2800 -798 1245 -4205 -2697 2579 2456 -1535
-518 -2665 1829 -3297 931 2815 750 1978
664 -1093 199 -650 407 -176 1760 -122
1171 -82 -874 -385 -1529 4 1783 -764
-1547 2166 484 -2795 -2651 903 296 1438
-2581 -1654 2210 -3903 -1271 3591 3035 -1380
-363 -1880 1484 -2237 1590 1647 482 997
24 -1466 -694 -282 -471 -745 1321 338
1601 -65 -938 -789 -1671 542 2354 -936
-2116 2123 1271 -3032 -2522 1780 -371 957
-1982 -1936 2395 -3170 33 3266 3238 -770
-705 -1082 702 -1414 911 321 914 -16
-225 -2150 -1486 -346 -1695 338 632 605
1798 467 -540 -1517 -1627 1559 3003 -891
-2600 1639 2064 -2827 -1370 2679 -742 -209
-1291 -2130 2443 -2262 1142 2366 2943 -102
-1273 -599 -269 -959 -86 -651 1440 -695
-16 -2664 -1761 -929 -2258 1174 -195 78
1599 932 -627 -1918 -1423 1869 3173 -246
-2866 856 1354 -1989 -645 2918 -499 -1219
-564 -1735 1382 -1270 1328 1570 2163 295
-2058 -731 -1585 -1247 -1242 -563 2073 -535
549 -3130 -2959 -1802 -1867 2267 -798 -1024
951 1521 -359 -1879 -1014 1927 2793 418
-3008 -216 2222 -926 -226 2713 139 -2122
-403 -1092 658 -807 660 391 1046 -69
-2685 -1063 -2501 -1907 -2520 732 2559 -111
1121 -2970 -2552 -2407 -988 3123 -774 -1834
-79 1611 770 -1020 -370 1976 1806 701
-2162 -1090 2209 301 259 2241 1188 -2272
-421 -371 -205 -742 -166 -302 259 -724
-2911 -1704 -2928 -2750 -2588 2021 2342 605
1525 -2433 -1728 -2594 -235 2838 -150 -2659
-945 1089 1487 84 -566 1875 607 719
-1370 -1406 1757 1052 388 1902 1674 -1684
-1203 120 -1134 -1537 -1327 121 136 -1791
-2674 -2616 -2671 -3790 -1810 3296 1498 1395
1353 -1378 -568 -2025 502 2130 695 -2737
-1767 205 1824 1634 -1035 1749 -586 -258
-717 -1163 756 1153 170 1280 1676 -755
-1944 260 -1580 -2563 -2340 1020 527 -2602
-1942 -3181 -1803 -4155 -704 3950 213 1379
712 -514 263 -806 473 1548 1452 -2300
-1812 -853 1280 2512 -688 2261 -1165 -1229
-302 -612 -216 721 108 1060 1212 84
-2867 -291 -1492 -3741 -2605 2194 1458 -2926
-1155 -3128 -664 -3873 487 3525 -940 905
-364 -108 428 628 -593 812 1621 -896
-1440 -1927 125 3003 -708 2907 -912 -2535
-530 366 -721 -393 -630 1130 -74 443
-3149 -1259 -479 -4323 -1668 3415 2267 -2410
-349 -2458 395 -2756 1252 2596 -1539 -444
-1534 -202 -58 2056 -1327 1066 1021 163
-542 -2293 -1060 2810 -238 2711 70 -2857
-1234 985 -557 -1272 -1327 1215 -1185 -111
-2936 -2310 925 -4496 -823 4203 2487 -1107
-220 -1486 722 -1659 1135 1509 -1377 -1604
-2271 -1125 -1374 2889 -1722 2001 -111 764
293 -2053 -1930 2287 376 2638 1145 -2589
-2244 1079 313 -2488 -1475 1690 -1930 -1109
-1963 -3203 2219 -4227 372 4001 2177 97
-631 -454 258 -356 177 474 -471 -2037
-2411 -2236 -2765 3296 -1764 3105 -1634 606
769 -1345 -2014 1180 491 2353 1742 -1663
-3314 340 1919 -3333 -1549 2708 -1842 -2288
-1057 -3303 2847 -3417 1564 3406 1088 907
-1770 146 -1039 923 -926 551 632 -1845
-2053 -3327 -3961 2906 -938 3809 -2609 -407
472 -299 -1102 -73 331 1485 1373 -284
-3937 -696 3362 -3401 -1301 3797 -963 -3172
-266 -2718 2610 -2038 1623 2232 -305 1037
-2958 82 -2666 1406 -1947 1612 1440 -882
-1251 -3947 -4416 1793 328 4241 -2873 -1502
-352 657 261 -984 -134 1357 405 707
-3758 -1958 4285 -2509 -124 4098 190 -3210
-19 -1614 1592 -755 1047 973 -1445 257
-3953 -918 -4032 890 -2602 2850 1480 664
-73 -3777 -3839 194 1250 3734 -2113 -2700
-1611 880 1862 -898 -975 1774 -1009 1096
-3123 -3061 4497 -919 858 4350 1492 -2268
-534 -473 107 -254 47 574 -1797 -828
-4176 -2249 -4549 -425 -1822 4134 592 1849
543 -2896 -2564 -822 1885 2496 -798 -2805
-2922 523 2966 -152 -1456 2562 -2420 350
-2024 -3296 3647 493 1586 3509 2034 -858
-1541 181 -1186 -685 -1298 985 -1157 -1903
-3857 -3425 -4272 -1981 -149 5153 -725 2400
571 -1697 -1860 -1012 1587 1532 528 -2084
-3527 -694 4073 1493 -1159 3517 -3022 -1021
-959 -2866 3201 1340 1879 2155 1307 605
-2922 225 -3107 -2068 -2459 1973 285 -2251
-2781 -4441 -5346 -3599 1349 5134 -2307 2118
-220 -512 -119 -246 323 1008 1046 -814
-3558 -2146 4287 3224 -310 4454 -2479 -2210
-369 -1765 1588 1363 1284 1446 -151 1457
-4172 -720 -3915 -3789 -2237 3695 1630 -1805
-1585 -4409 -4059 -4124 2883 3916 -3194 922
-1484 -149 924 1274 -793 1051 732 773
-2772 -3424 3291 4461 570 4521 -1146 -2901
-850 -372 7 72 -24 1037 -1497 1199
-4802 -2013 -3737 -5543 -981 5322 2499 -300
-868 -3686 -2622 -3734 3182 2342 -3072 -446
-2847 -494 1186 3011 -1459 2050 -624 1766
-1595 -3825 1849 4632 1723 4096 436 -2791
-1936 695 -901 -1672 -1209 1461 -2664 15
-4656 -3592 -2567 -6563 987 5929 2725 1475
-687 -2470 -1359 -2425 2182 725 -1922 -1319
-3812 -1574 423 4413 -1539 3772 -2087 1813
-483 -3379 170 3705 2240 2983 1531 -1511
-3338 859 -644 -3374 -1683 2741 -2566 -1561
-3594 -4492 -777 -6288 2979 5152 1543 2927
-1301 -1218 -832 -687 571 -33 -405 -1392
-3962 -3309 -1381 4818 -848 5048 -3301 709
256 -2229 -989 2031 1707 2023 1779 395
-4632 376 357 -4477 -1110 4321 -1445 -2737
-2569 -4634 552 -5185 4018 3497 -46 3119
-2672 -702 -1815 588 -1335 428 971 -215
-3143 -4562 -3346 3902 672 5620 -3580 -999
135 -819 -1051 309 991 1406 930 1799
-5420 -926 2177 -4560 252 5335 176 -3162
-1448 -3996 1430 -3539 3581 1456 -1388 2336
-4230 -1088 -3474 3040 -2508 2272 1159 1434
-1932 -5528 -4868 5204 2219 5329 -2677 -2468
-643 459 -173 -864 267 1732 -499 2422
-5280 -2511 4013 -5925 2153 5459 1838 -2346
-1305 -2631 837 -2614 2171 -260 -1904 879
-5459 -2171 -5650 3711 -2331 4578 415 2796
-459 -5327 -5389 3572 3335 3969 -992 -3091
-2039 907 1654 -2168 -505 2528 -2191 1861
-4470 -3601 5053 -4810 3473 4387 2637 -606
-2028 -1081 -848 -945 -243 -378 -1164 -663
-5685 -3941 -7351 3046 -816 6593 -1133 3819
579 -4216 -4608 1654 3740 2339 735 -2629
-3454 411 3516 -2241 -371 3416 -2907 436
-3154 -3717 4783 -3102 3870 2592 2321 898
-3402 -269 -2819 -327 -2116 1063 362 -1363
-5296 -5593 -8177 1437 1738 7363 -3155 3359
639 -2844 -3064 431 3039 880 1752 -1332
-4283 -765 4694 -1289 521 4212 -2612 -1152
-1890 -2954 3446 -1230 2913 1001 890 2057
-5099 -48 -4681 -761 -2706 3677 2208 -863
-4154 -6624 -7739 -502 4511 6082 -4340 1938
-77 -1577 -1352 71 1450 142 1912 294
-4074 -2365 4666 656 1449 4499 -1176 -2345
-1400 -1536 1489 -424 1287 312 -750 1908
-6488 -1117 -5718 -2482 -1477 6368 3752 535
-2616 -6725 -6275 -2298 6012 3689 -4212 161
-1284 -951 0 843 -107 525 849 1473
-3151 -3614 3555 2455 2487 4028 590 -2249
-1834 210 -392 -744 -528 844 -2004 561
-7295 -2701 -5509 -4638 1413 7803 3944 2318
-1629 -5863 -4583 -2889 5753 777 -3332 -1243
-2842 -1455 244 2775 -1298 2086 -889 1796
-1649 -4121 1575 3832 2856 3478 2301 -1093
-2921 1556 -1576 -1984 -1122 2751 -2309 -1195
-7088 -4390 -7555 -6495 4617 7075 2902 4026
-1394 -4569 -4485 -2366 3559 -1548 -1367 -1707
-3783 -2894 2154 4759 -1311 3844 -2261 684
-35 -3378 1774 3832 2717 2755 2790 824
-4638 1834 -4141 -4261 -691 4874 -1223 -2955
-6051 -5515 -6925 -7448 6711 4469 1296 4537
-2205 -3174 -3119 -549 279 -1984 -69 -808
-3817 -4529 1075 6202 -29 5462 -2628 -1154
798 -2101 -151 2729 2419 2102 2002 2461
-6091 1436 -4298 -6188 1411 6091 352 -3767
-4755 -5544 -5167 -7058 6757 959 -393 4116
-3614 -2481 -2683 1454 -2389 -111 681 712
-3033 -6335 -886 6776 2155 6389 -1995 -2989
945 -269 -1718 717 2189 1967 368 3489
-7009 -193 -2930 -7472 3705 6022 2387 -3305
-3945 -4743 -3733 -5806 4745 -2005 -1287 2671
-5336 -2859 -3690 3001 -3569 2970 229 2396
-1491 -7168 -3093 5741 4142 5823 -115 -4061
-136 1135 -1750 -1261 1817 2145 -1291 2929
-6684 -1625 -996 -7239 5295 4174 3239 -1617
-3561 -3309 -3003 -3830 1166 -2722 -829 846
-6573 -4090 -5635 3597 -2304 6321 -1553 3206
233 -6818 -4759 3882 5762 3924 1773 -3752
-1571 1687 -737 -2658 1828 2582 -2703 1598
-5600 -2726 707 -5996 5530 1712 3230 -25
-4140 -1593 -3647 -2033 -2183 -1013 469 -234
-6877 -5947 -7945 2849 1104 8559 -3530 3033
1331 -5731 -5280 1891 6059 1552 3266 -2497
-2798 1378 880 -2822 2094 2635 -2525 -168
-4196 -2851 1568 -4119 4397 -362 2216 1376
-5782 -541 -5550 -1335 -3849 2360 2269 -211
-6370 -7547 -9674 1279 5210 8119 -4870 1497
1519 -4131 -4497 260 4760 -475 3654 -704
-3720 -107 2919 -1685 2332 2786 -1484 -1671
-2924 -1883 1117 -2358 2034 -1028 348 1482
-7392 -523 -7815 2908 -2495 6088 3807 1081
-5099 -8648 -10474 5465 8177 5398 -5343 -392
723 -2789 -2723 1780 2418 -1688 2757 882
-3473 -1741 4012 -2067 2420 2699 230 -1956
-2364 -179 -384 -1054 -336 -120 -1054 414
-8847 -1462 -9717 2461 973 8464 4165 3030
-3651 -8612 -9902 3475 8938 1278 -4495 -2159
-546 -2203 -911 1507 256 -1022 1100 1404
-2447 -2943 3999 -243 2665 2496 1869 -1029
-2616 1595 -2488 15 -1317 2009 -1646 -1402
-9482 -3123 -10657 974 5279 8205 3285 4668
-2688 -7711 -8403 2001 6894 -2642 -2847 -2959
-1838 -2624 349 2497 -1217 958 -479 676
-857 -3531 2687 1895 2793 2526 2741 558
-3810 2991 -4607 -147 -507 4605 -850 -3255
-9007 -4703 -10290 -1059 8600 5399 1673 5577
-2233 -6388 -6623 1298 3111 -4647 -1143 -2640
-2679 -3893 398 4279 -1296 3452 -947 -935
750 -2768 512 3149 2677 2354 1950 2330
-5443 3426 -5898 -1404 2017 6002 765 -4214
-7902 -5596 -8806 -2732 9366 1176 -319 5183
-2890 -4928 -5097 1991 -939 -3819 -125 -1402
-2761 -5626 -625 6337 393 5627 -564 -2753
1710 -1288 -1602 3261 2928 2343 400 3392
-6714 2634 -5530 -3353 4750 5515 2600 -3780
-6502 -5544 -6897 -3413 7050 -2965 -1386 3764
-4376 -4112 -4699 3802 -3676 -300 -270 325
-1914 -7301 -2594 7952 3210 6415 935 -3907
1773 451 -2977 2191 3391 2179 -1347 3204
-7423 1363 -4377 -5201 6786 3674 3932 -2680
-5406 -4702 -5364 -3005 3194 -5249 -1519 2080
-5843 -4441 -5531 5824 -3677 4160 -1547 1201
-293 -7768 -4540 8058 5730 4990 2835 -3840
812 1787 -3874 299 3673 1809 -2899 2011
-7184 -68 -6427 -6176 6947 754 4227 -869
-5124 -3149 -5611 -1465 -1071 -4060 -563 729
-6849 -5526 -2586 7316 -882 7587 -3316 1191
1092 -7488 -1605 7213 7508 2590 4339 -2577
-511 2457 -3254 -1560 3703 1218 -3196 151
-6128 -1185 -4606 -5757 5230 -1779 3154 464
-5384 -1445 -4693 570 -3533 -403 1087 377
-7268 -7198 -4282 7923 3559 8691 -4780 5
2163 -6435 -2976 5555 7072 -408 4730 -1084
-1687 1969 -2201 -2652 3265 648 -2475 -1333
-4773 -1331 -2970 -4514 2655 -2934 1646 874
-6765 -600 -5394 2174 -3515 4053 2502 1364
-6617 -8630 -6246 7156 7858 6537 -5273 -2024
2371 -4916 -3465 3634 5190 -2685 4271 685
-2484 656 -357 -2683 2603 526 -781 -2076
-3310 -565 -1872 -2473 68 -1805 16 258
-8208 -384 -6758 3061 -412 7397 2994 2805
-5455 -9360 -7696 5623 10229 2351 -4420 -3788
1706 -3450 -2697 2222 2139 -3384 2713 1455
-2278 -662 1234 -1609 2158 567 654 -1561
-2801 996 -2271 -685 -1353 537 -579 -1414
-9250 -1195 -8655 2718 4170 8071 2388 4310
-3953 -9249 -8173 3679 9195 -2231 -3099 -4726
482 -2842 -945 1914 -495 -1985 1175 1078
-1216 -1911 2371 338 1854 1181 1515 -225
-2962 2575 -3569 212 -720 3226 -183 -2971
-9661 -2535 -10105 1294 8222 5623 732 5371
-2977 -8157 -7417 2306 5501 -5560 -1423 -4612
-767 -2965 724 2657 -1685 428 243 -88
184 -2315 2300 2114 1954 1768 1127 1321
-4002 3639 -5395 62 1457 4937 1055 -3839
-9135 -3997 -10688 -558 10012 1498 -1050 4787
-2588 -6747 -6004 1657 879 -5945 -106 -3507
-1554 -4129 1903 3560 -887 3208 215 -1762
1381 -1810 1151 2371 2607 2021 -214 2153
-5078 3924 -6823 3086 4278 4735 2577 -3900
-8308 -4832 -10301 4410 8769 -3078 -2521 3976
-3117 -5345 -4173 4997 -2985 -3448 -163 -2225
-1531 -5592 2002 4780 1335 5039 1100 -2738
2148 -436 -637 3410 3520 1787 -1813 2243
-6212 3387 -7671 1947 6495 2813 3885 -2743
-6777 -4838 -8885 2878 4818 -5938 -2859 2259
-4066 -4499 -2771 5456 -4130 567 -835 -1047
-859 -6748 1286 6368 4084 4979 2595 -2755
2034 888 -2261 3336 3995 1043 -3233 1239
-6660 2196 -7450 357 7205 119 4121 -1335
-5577 -3907 -6943 2158 267 -5733 -2290 779
-5277 -4537 -2329 6830 -2428 4704 -2443 -756
308 -7216 -349 7542 6433 3016 3868 -2035
1403 2141 -3328 2493 4168 39 -3758 -271
-6456 956 -6227 -1053 5703 -2526 3306 106
-4989 -2499 -5310 2468 -3187 -2870 -1039 258
-6225 -5282 -2849 8340 1365 7081 -3745 -1646
1630 -6875 -1985 7601 7112 135 4250 -467
326 2562 -3359 967 3741 -794 -3181 -1671
-5361 11 -4567 -1824 3141 -3764 1947 771
-5224 -1286 -4732 3627 -3900 1070 16 587
-6454 -6402 -4045 9366 5586 6334 -4142 -2859
2481 -5722 -3167 6793 5962 -2671 3674 913
-900 2029 -2316 -562 2832 -1144 -2188 -2479
-4045 -392 -2970 -1754 653 -2949 387 481
-5921 -402 -4833 5008 -1622 4614 550 1599
-5773 -7494 -5530 9601 8284 3090 -3849 -4037
2617 -4406 -3363 5308 3568 -4228 2424 1906
-1445 1109 -988 -1352 1716 -1153 -934 -2233
-2899 247 -2137 -600 -1228 -1071 -434 -512
-6869 -251 -5909 6291 2115 6323 282 3170
-4717 -7948 -5192 8756 8468 -1043 -2659 -5137
1951 -3088 -428 3693 847 -3783 1006 1863
-1171 -136 -342 -1177 969 -421 -164 -1207
-2347 1421 -1539 979 -1003 1183 -514 -1591
-7573 -762 -2883 6558 5640 5009 -884 3728
-3659 -7671 -2280 7421 6162 -4815 -1369 -4958
1058 -2597 87 2672 -1120 -1989 -344 1254
-610 -986 907 -552 1149 455 -68 -16
-2405 2467 -1640 2118 558 3089 233 -2328
-7686 -1752 -4157 6170 7870 1924 -2308 3770
-2782 -6767 -2604 5841 2593 -6311 -436 -4033
2 -2628 1291 2279 -1450 353 -681 102
472 -1349 1751 869 1587 999 -963 1130
-3139 3301 -2468 2780 2647 3437 1234 -2384
-7108 -2812 -5151 4770 7474 -1642 -3678 2869
-2274 -5388 -2135 4467 -892 -4902 3 -2732
-629 -3177 2500 2634 -83 2433 -204 -887
1272 -923 1656 1985 2480 963 -2005 1369
-3832 3468 -3610 2658 4741 2204 2230 -1660
-5979 -3385 -5453 3410 4782 -4767 -4069 1705
-2574 -4126 -1015 3826 -3012 -1798 -426 -1206
-603 -4180 3250 3768 1950 3225 633 -1095
1833 -179 1007 2871 3271 581 -3315 1041
-4512 2777 -4620 1659 5430 215 2460 -416
-4842 -3354 -5083 2096 1707 -5608 -3590 555
-3316 -3429 373 4196 -2734 1551 -1422 -736
-169 -4889 3271 4857 3851 2291 1685 -432
1866 1041 -363 2827 3372 -76 -3769 -81
-4782 1863 -5021 526 4540 -1837 2255 861
-3859 -2576 -3845 1578 -1219 -4023 -2934 120
-4042 -3262 1104 4892 -385 3847 -2296 -842
660 -5123 2529 5444 5187 593 2011 721
1248 1674 -1349 2085 3121 -1194 -3616 -797
-4483 727 -4621 -727 2838 -3230 1028 1807
-3351 -1605 -2476 1901 -2839 -1241 -1858 369
-4578 -3665 1368 4916 2392 4173 -2773 -1400
1467 -4768 1510 4229 4821 -1315 1928 2005
296 1990 -1998 1894 2354 -1458 -2537 -1357
-3673 76 -3681 1329 977 -3225 -8 1827
-3324 -585 -1414 3682 -1979 1708 -1214 1257
-4692 -4336 1122 5699 5086 2270 -2677 -2095
1915 -3793 388 4126 3217 -3001 1013 2682
-484 1689 -2019 825 1250 -1487 -1571 -1255
-2764 -198 -2505 654 -555 -2085 -762 1476
-3690 -25 -976 4235 224 3493 -1202 2154
-4104 -4952 128 6213 5969 -102 -1933 -2501
2034 -2746 -456 3426 1398 -3313 -43 2872
-823 867 -1212 -131 693 -1224 -751 -505
-1946 141 -1388 618 -973 -670 -1010 697
-4164 118 -1011 4941 2740 3073 -1409 2868
-3240 -5118 -989 6123 4768 -2340 -626 -2355
1572 -1858 -598 2309 -309 -2229 -948 2478
-886 26 -263 -846 708 -388 -342 649
-1372 783 -664 1176 6 948 -388 123
-4602 -356 -1729 5554 4612 1398 -2225 3104
-2422 -4774 -1626 5476 2611 -4186 161 -1663
981 -1488 -257 1331 -1118 -945 -1061 1912
-487 -572 609 -732 567 68 -630 1482
-1288 1536 -732 2043 1226 1680 384 110
-4446 -948 -2500 5486 4976 -529 -2839 2618
-1905 -4047 -1677 4515 219 -3958 538 -644
319 -1452 657 612 -402 424 -825 1298
21 -681 914 -379 981 -69 -1076 1789
-1838 1990 -1390 2733 2213 1110 1097 797
-3957 -1597 -2884 4979 3518 -2657 -2874 2023
-1508 -2982 -1347 3267 -1460 -2210 571 290
-176 -1893 1381 369 644 1453 -69 1016
631 -586 996 395 1756 27 -1708 1758
-2167 1709 -1792 2722 2924 11 1440 1388
-3000 -1806 -974 3916 1822 -3556 -2435 1199
-1755 -2336 607 2482 -1838 -500 210 1009
-281 -2395 2562 661 1573 1317 932 1253
865 -69 1584 957 1769 -362 -1860 1263
-2560 1435 -844 2539 2843 -788 1545 2238
-2209 -1782 -1202 2987 -76 -2975 -1614 814
-2176 -1611 1189 1972 -633 979 -177 1247
118 -2621 2704 1185 2482 187 1212 1825
770 602 991 1392 1574 -980 -1434 663
-2724 754 -1403 1886 1778 -1927 1248 2602
-1531 -1260 -978 2102 -1340 -1599 -713 871
-2577 -1563 1737 2146 669 2059 -416 763
561 -2779 2697 1704 2708 -785 1584 2398
343 1007 255 1165 1471 -962 -732 358
-2588 151 -1764 1140 1081 -2316 755 2689
-1122 -736 -493 1658 -1280 -445 -61 1196
-2901 -1668 2165 2296 1831 1254 -234 441
1071 -2520 2242 2104 1881 -1817 1331 2875
-69 1107 -226 801 928 -937 43 356
-2019 -367 -1491 372 48 -1559 327 2315
-1048 -48 178 1577 -172 738 463 1653
-2816 -2138 2141 2844 2903 135 380 -69
1389 -1971 1488 2059 1206 -2215 783 2996
-550 981 -698 69 513 -983 1087 681
-1433 -468 -1000 -4 -434 -894 303 1725
-1171 325 641 1881 595 1433 549 2114
-2568 -2301 1750 2963 2607 -1070 1156 -90
1337 -1276 752 1446 415 -1497 582 2501
-869 580 -616 -501 564 -774 1389 1057
-903 -336 -325 63 -76 -431 818 1132
-1393 286 721 2209 1536 734 274 1912
-2159 -2329 1258 2967 1378 -2254 1627 -27
1071 -767 346 867 -405 -829 624 1889
-840 117 -175 -859 321 -251 1517 1555
-510 85 175 849 396 315 1452 843
-1628 214 620 1920 2368 -153 105 1785
-1670 -2128 554 1730 428 -2286 2042 499
704 -522 250 35 -407 -431 889 1286
-575 -212 236 -475 318 -379 1388 1518
-602 242 321 774 520 367 2028 792
-1434 -183 173 2076 1738 -895 220 1129
-1128 -1640 -60 1393 -41 -1415 2291 821
510 -432 293 -298 287 196 1405 783
-149 -418 704 -554 925 -569 1072 1381
-876 528 245 1220 1072 -27 2384 998
-1131 -487 -168 2084 797 -1919 461 681
-1070 -1285 -133 962 -809 -896 2130 881
180 -678 680 -690 434 452 1840 621
14 -258 947 -184 694 -300 1124 788
-974 474 38 1471 1352 -224 2426 962
-720 -651 -569 1872 458 -1671 1044 30
-1192 -695 33 258 -500 -215 1825 685
215 -1008 1049 -653 917 -73 2273 533
149 -49 877 58 357 -585 1177 241
-1181 268 -353 1518 788 -712 2334 1146
-355 -682 -771 1451 -129 -1081 1361 -351
-1425 -719 265 70 107 612 1691 274
263 -1175 1234 -538 1167 -584 2422 530
47 408 511 517 706 -685 1515 -404
-1287 56 -643 1485 423 -1268 2000 925
-11 -368 -627 880 -654 -827 1932 -426
-1633 -431 596 -146 392 495 1698 -250
695 -1257 1267 -120 712 -593 2274 589
-63 495 255 585 419 -371 1834 -674
-1066 -269 -606 987 463 -838 1698 402
100 -147 -398 697 -408 -136 1992 -509
-1799 -674 773 -41 967 -256 1709 -677
784 -1103 1027 12 280 -1138 2092 347
-444 661 666 592 -50 -467 2049 -925
-989 -676 -815 688 -127 -711 1554 -127
66 128 194 513 135 508 1952 -371
-1815 -1016 1514 325 1283 -259 2096 -1196
913 -964 1287 193 296 -1203 1741 -40
-634 536 -152 456 104 -530 2123 -944
-772 -541 -632 527 -371 -719 1742 -776
-65 349 472 487 307 288 1604 -569
-1770 -1123 1499 487 678 -734 2292 -1292
1036 -695 944 246 -340 -483 1487 -567
-709 365 -360 100 316 -161 2095 -987
-575 -507 -461 413 -39 -60 1561 -1112
-275 289 552 758 910 -167 1335 -955
-1579 -1230 1414 654 342 -1417 2171 -1444
958 -365 566 107 -496 -336 1249 -1098
-705 223 -312 1 -156 -311 1787 -1144
-711 -307 -267 514 78 322 1619 -1464
-476 140 707 1007 915 -168 943 -1355
-1459 -1265 1229 795 -46 -1247 2100 -1528
819 -318 493 -73 36 -136 1175 -1596
-655 76 -189 -124 -17 -488 1326 -1291
-616 -16 67 777 278 -34 1756 -1447
-627 142 776 1350 526 -919 631 -1952
-1347 -1157 1074 725 -802 -599 1745 -1470
680 -492 642 -255 243 580 1281 -1596
-359 -50 166 -115 542 -101 996 -1903
-690 132 202 942 899 -303 1504 -1376
-634 -170 616 1468 497 -1565 582 -2361
-1356 -1028 848 484 -797 -280 1317 -1659
632 -666 775 -326 114 9 1160 -1667
-208 55 364 83 373 -235 606 -2191
-966 308 327 1344 688 -307 1190 -1295
-649 -116 629 1551 -387 -1197 307 -2548
-1405 -1047 889 499 -297 243 888 -1862
605 -828 960 -702 734 -274 1046 -1750
-85 318 578 -20 246 -814 320 -2478
-1233 281 153 905 354 -1129 712 -1314
-419 -248 305 772 -1133 -558 360 -2591
-1535 -1066 1080 112 -103 1142 714 -2085
744 -1183 1480 -536 1158 -385 518 -1545
-63 543 598 256 584 -612 407 -2863
-1094 166 -31 838 100 -1284 181 -1515
-468 -141 340 783 -1170 -236 -83 -2787
-1925 -1046 1491 -200 575 538 502 -2422
939 -1291 1626 -383 610 -1099 -136 -1394
-162 729 465 514 -77 -453 205 -2780
-1258 97 -134 1040 -685 -733 -330 -1566
-534 -136 481 694 -395 764 -411 -2568
-2056 -1331 1811 -217 1554 70 246 -2517
1134 -1483 1840 -206 170 -1702 -613 -1344
-207 693 389 555 -323 -974 69 -2678
-1080 -37 -311 902 -1171 -346 -689 -1657
-769 176 883 511 93 1254 -861 -2341
-2141 -1735 2141 -31 1705 -631 263 -2456
1450 -1297 1754 132 -141 -1232 -1180 -1411
-400 689 202 630 -247 -545 -166 -2381
-1110 -45 -313 868 -541 -241 -952 -1877
-958 206 1032 501 987 640 -1395 -2363
-2344 -1985 2344 2 662 -2001 120 -2165
1516 -1276 1724 185 -1295 -820 -1574 -1553
-377 625 132 503 -611 198 -626 -2258
-902 142 32 573 113 846 -969 -1615
-1384 176 1520 658 2159 57 -1985 -2509
-2305 -2347 2529 327 -77 -2555 97 -1810
1505 -1126 1486 240 -1123 -491 -1972 -1626
-349 358 190 274 -389 113 -1088 -1949
-958 308 224 589 277 866 -1130 -1298
-1743 140 1724 889 1671 -1333 -2341 -2476
-2102 -2554 2522 618 -1190 -1741 -195 -1324
1297 -1187 1091 83 -739 793 -2013 -1373
-158 224 22 6 588 -60 -1609 -1881
-1216 698 1422 845 1460 62 -1327 -730
-2182 -108 3364 1311 577 -3006 -2660 -2780
-2132 -2681 2931 690 -2428 -932 -500 -976
1139 -1479 1015 -150 -339 1430 -2133 -1226
157 284 327 -33 732 235 -1692 -1858
-1364 892 1759 1082 1854 -542 -1653 -238
-2314 -451 3412 1723 -417 -2853 -2521 -2672
-2174 -2601 2850 581 -1977 471 -929 -665
1046 -1712 1136 -414 1012 826 -2360 -598
197 316 580 -156 661 -645 -1897 -1888
-1682 1042 2068 1536 939 -1795 -2210 228
-2470 -498 3469 1881 -2113 -1852 -2366 -2499
-2443 -2638 2881 384 -1018 2182 -1110 -409
816 -2149 1302 -945 2144 -355 -2431 2
521 527 1047 42 983 -1339 -1752 -1808
-2087 1242 2340 1953 -158 -2704 -2503 726
-2533 -724 3383 1995 -3199 -694 -2455 -2136
-2770 -2739 3137 91 584 2477 -1047 -387
1055 -2488 1779 -1011 1619 -1221 -2874 550
574 853 1325 421 399 -1425 -1416 -1533
-2351 1004 2175 2339 -1000 -2175 -3136 1001
-2556 -666 3404 2005 -2290 1278 -2334 -1731
-3173 -2924 3389 -104 2694 1115 -904 -81
1333 -2954 2346 -891 856 -2925 -3295 1001
481 1114 1467 761 -978 -1805 -1140 -1085
-2499 866 2115 2498 -2409 -1202 -3148 1001
-2732 -431 3443 1738 -796 2920 -2448 -1143
-3607 -3235 4007 -314 3495 -731 -540 174
1724 -3011 2801 -578 -92 -3268 -3703 1029
275 1246 1392 1079 -1395 -1333 -857 -570
-2408 735 1807 2330 -2523 -231 -3183 1133
-2965 -176 3730 1014 1452 2391 -2765 -900
-3859 -3758 4674 -2637 2427 -2956 -78 814
1906 -2890 3030 -2494 -2126 -2238 -3924 1133
-105 1264 968 61 -1268 -193 -875 206
-2307 655 1654 1067 -1292 1426 -2848 1171
-3487 61 4352 -657 3634 696 -2940 -697
-3984 -4393 5318 -2684 716 -5030 336 1532
2100 -2774 3047 -2186 -3059 -1051 -3640 833
-359 952 550 61 -1281 209 -1028 878
-2037 807 1750 704 0 2024 -2284 1604
-4186 174 5174 -1010 3864 -1578 -3092 -1022
-4026 -4861 5800 -2631 -1888 -4748 497 2469
1997 -2567 2788 -1908 -2439 928 -3548 898
-352 617 264 -216 -401 295 -1276 1083
-2070 1311 2219 295 1794 902 -1894 2309
-4848 47 5915 -947 2137 -4287 -2651 -1335
-3698 -5148 5989 -2152 -4412 -2768 356 3205
1548 -2491 2368 -1964 -1057 2501 -2905 1210
-28 317 360 -746 884 533 -1322 872
-2074 1663 2840 52 2958 -535 -1868 3087
-5211 -314 6341 -575 -156 -5878 -1966 -1522
-3385 -5085 5703 -1785 -4883 -28 115 3451
1210 -2538 2042 -2247 463 1996 -2347 1492
307 142 611 -1256 1063 -404 -952 637
-2372 2364 3601 25 2132 -2331 -2043 3715
-5496 -964 6588 5 -3298 -5100 -1170 -1507
-3469 -4966 5521 -1802 -3147 3290 76 3414
843 -3183 2038 -3019 2649 624 -2025 2282
876 132 1310 -1748 1194 -1995 -349 234
-3014 2616 4060 499 495 -4181 -2445 3803
-5370 -1228 6379 459 -5611 -2285 -217 -1095
-3690 -4590 5193 -2039 -478 4534 290 3315
663 -3755 2458 -3710 3262 -1388 -2224 2710
1230 435 1848 -1888 313 -2392 436 353
-3613 2414 4825 1294 -1344 -4644 -2689 3629
-5196 -1633 6177 984 -5312 790 426 -498
-4188 -4390 2908 -2775 2647 2930 643 2876
700 -4538 228 -4565 1700 -3961 -2339 3124
1241 912 1993 -1487 -1203 -2566 1524 668
-4164 2170 5532 2095 -3624 -3278 -3062 3242
-4976 -1391 5788 808 -2873 4060 547 -64
-4953 -4409 2786 -3645 5026 289 1709 2839
1163 -5026 945 -4865 -297 -5323 -3240 2789
1020 1472 2521 -833 -2061 -2535 2328 1364
-4313 1389 5088 2696 -4651 -1427 -2733 2317
-4775 -862 5142 236 233 4413 429 374
-5547 -5034 3187 -4324 4679 -3241 2455 3176
1803 -5218 1773 -4668 -3042 -4274 -3238 2048
332 1777 2542 -3 -2348 -1430 2482 2053
-4015 991 4437 2636 -3330 995 -1777 1967
-5033 -416 5006 -398 3425 2550 264 226
-6059 -5878 4029 -4893 1817 -6758 3426 3792
2055 -4875 2385 -4146 -5138 -2337 -2962 1232
-221 1608 2098 573 -2509 -130 2274 2549
-3495 693 3618 2227 -1538 2573 -812 1675
-5755 125 5319 -1322 5403 -729 -128 -603
-6035 -6660 5079 -4770 -1865 -7427 3624 4765
2217 -4349 2499 -3420 -4688 64 -2177 351
-733 1152 1284 690 -1600 203 1662 2511
-3007 930 3338 1510 488 2185 -136 2184
-6712 222 6353 -1705 4342 -4669 483 -1572
-5677 -7234 5853 -4248 -6071 -5088 3111 5381
2031 -3808 2240 -2807 -3037 2534 -1119 -56
-968 309 231 200 -117 83 1334 1951
-2638 1517 3366 648 2515 524 230 2579
-7508 -182 7462 -1592 850 -7525 1164 -2421
-5049 -7410 6334 -3441 -7817 -1746 2543 5457
1307 -3270 1290 -2493 -639 3065 -41 154
-697 -477 -529 -842 233 -478 1194 1025
-2777 2362 4022 -1850 3157 -1661 -133 3168
-8364 -918 8595 -6198 -3211 -7405 2391 -2973
-4347 -7107 6081 -6838 -6340 2272 1742 5114
352 -3529 197 -3544 2082 1398 404 749
-94 -804 -554 -939 222 -1822 1732 -112
-3357 3124 5138 -2358 1514 -4252 -819 3136
-8287 -1989 9141 -5396 -7015 -4799 3773 -2556
-4180 -6479 5390 -6162 -3129 5334 1276 4124
-380 -4174 -686 -4051 3291 -1269 284 1489
712 -806 -110 -1994 -39 -2468 2788 -679
-4236 3442 6240 -2299 -828 -5636 -1604 2502
-7798 -2687 9057 -4370 -8278 -1087 4377 -1888
-4396 -5517 4161 -5659 1070 4966 1571 2848
-759 -4941 -1013 -4939 1861 -3966 -508 1574
1149 -129 857 -2520 -1067 -2490 3796 -398
-5144 3108 6928 -1480 -3443 -4880 -2257 1234
-7126 -2827 8291 -3391 -6159 3058 4590 -1058
-5322 -5050 3337 -6282 4583 1921 2345 2040
-473 -5799 -600 -6142 -511 -5911 -1467 1110
1350 605 1792 -2774 -2563 -2412 4447 99
-5833 2252 6947 -221 -5673 -3089 -1975 -334
-6411 -2459 7241 -2768 -2741 5519 3902 -369
-6276 -4951 2883 -7297 5182 -2420 3414 1864
225 -6559 452 -7242 -3262 -5466 -2337 -138
829 1489 2786 -2054 -2903 -1852 4585 1109
-5883 1197 6116 1077 -5851 -727 -1268 -1393
-5705 -1755 6067 -2807 1345 4583 3014 -553
-7220 -5499 3259 -8657 2564 -6551 4230 2405
1023 -6481 1566 -7439 -5893 -3187 -2410 -1626
-146 1869 2702 -767 -2765 -678 3776 1846
-5484 282 4805 1890 -4421 1894 -106 -1882
-5976 -618 5542 -3854 4483 1331 2066 -1402
-7615 -6388 4280 -9690 -1500 -8541 4089 3454
1582 -5886 2402 -6873 -6383 -378 -1679 -2801
-1313 1623 2538 769 -2671 -462 2450 1883
-4545 -168 4392 1904 -2254 2990 721 -1498
-6828 186 2300 -5279 4530 -2837 1683 -2610
-7411 -7518 -349 -10215 -5850 -7013 3329 4373
1677 -4856 -476 -5652 -4549 2402 -621 -3328
-2191 756 1435 1786 -1724 -558 1107 929
-3554 -6 3108 1285 230 2074 1208 -839
-7788 473 2658 -6508 1754 -6882 2405 -3930
-6581 -8223 1086 -9699 -8742 -3273 1773 4453
1431 -3662 -229 -4099 -1905 3315 702 -3081
-2563 -562 -11 2100 -1571 -728 350 -208
-2879 919 2325 -92 2031 85 579 13
-8813 -188 3821 -7127 -2224 -8430 3535 -4381
-5494 -8307 2199 -8642 -8739 1129 141 3931
272 -2872 -897 -2910 536 2025 1180 -2238
-2021 -1526 -1316 1319 -1811 -1135 432 -1567
-2832 1982 2377 -1322 1435 -2222 -463 497
-9375 -1129 5260 -6844 -6458 -6529 4665 -4029
-4498 -7453 2646 -7029 -5586 4917 -716 2650
-1206 -3069 -2481 -2674 2265 -603 799 -906
-1174 -2211 -2356 163 -1964 -1669 1437 -2650
-3471 2867 3334 -2167 -273 -4625 -1938 157
-9149 -2459 6670 -5529 -9136 -2969 5420 -3034
-4044 -6282 2090 -5699 -1346 5766 -920 1150
-2244 -3769 -4112 -3188 1179 -3139 -336 -214
-71 -2131 -2557 -1350 -2403 -1446 2608 -2477
-4603 3164 4882 -1967 -2612 -5264 -3058 -1215
-8242 -3400 7252 -3872 -8488 1545 5196 -1348
-4171 -4927 800 -5110 2399 3372 -309 -7
-2612 -4937 -5315 -4551 -1292 -5092 -1860 -177
633 -1241 -1694 -2202 -2966 -1059 3336 -1498
-5824 2737 6357 -883 -5185 -4122 -3176 -2753
-6888 -3820 6946 -2185 -5582 4870 4089 -170
-5225 -3934 -1075 -5484 4124 -424 889 -279
-2513 -6006 -5778 -2866 -4275 -4899 -3053 -1120
801 27 -211 -1874 -3024 -1148 3318 30
-6713 1446 7421 -3745 -6710 -2206 -2432 -4166
-5834 -3236 5729 -5453 -1748 5450 2472 315
-6436 -3544 -2536 -5262 2502 -4437 1846 427
-1557 -6804 -5166 -3695 -6558 -2789 -3572 -2731
72 1064 1357 -1873 -2845 -883 2315 1330
-6695 -35 7163 -1928 -6281 477 -891 -4488
-4927 -2085 3988 -4422 1789 3406 934 -188
-7429 -4201 -2938 -6613 -1097 -6933 2093 1897
-334 -6655 -3607 -4812 -7096 -167 -2890 -4069
-1157 1582 2374 -846 -2838 -638 639 1724
-5944 -1240 6009 -159 -4791 2490 445 -3758
-5015 -817 2509 -4661 3548 133 82 -1570
-7926 -5289 -2435 -8104 -5327 -6517 1183 3247
656 -5485 -1901 -4855 -5407 2100 -1577 -4631
-2760 1151 2401 1070 -2809 -1127 -1058 1231
-4616 -1855 4290 1074 -3008 2947 1244 -2401
-5730 279 1580 -5695 2057 -3581 441 -2763
-7554 -6599 -1058 -9435 -8518 -3571 -573 3836
832 -4211 -648 -4109 -3126 3277 -98 -4203
-3764 38 1292 2993 -2970 -1102 -2298 -190
-3129 -1591 2435 1130 -800 2241 993 -850
-7026 624 1889 -7410 -1136 -6116 1604 -3612
-6292 -7329 756 -9768 -9096 177 -2318 3524
329 -2639 -207 -2380 -1039 2558 974 -2636
-4211 -1424 -427 4399 -3735 -1043 -2360 -1795
-2181 -564 1299 211 376 516 -365 421
-8144 -159 3258 -8773 -4902 -5771 3068 -3128
-4786 -7277 2130 -9067 -7047 3645 -3638 2436
-1185 -1643 -1351 -230 397 94 758 -950
-3740 -2807 -2276 4753 -4235 -587 -1251 -2968
-2152 712 1419 -1458 -71 -1403 -2099 423
-8639 -1447 5082 -9382 -8009 -3493 4246 -1709
-3495 -6375 304 -7283 -3640 5303 -3899 643
-2734 -1495 -2219 1333 -267 -2131 -236 595
-2492 -3695 -1347 3916 -4093 467 236 -2965
-2996 1888 701 -3110 -1348 -2962 -3269 -543
-8391 -2896 1419 -8799 -8818 -226 4165 310
-2990 -4750 -1055 -5213 -428 4449 -2937 -961
-3976 -2440 -3916 1769 -2327 -3728 -2098 1037
-1061 -3265 -2550 2070 -3497 1112 1716 -1874
-4259 2247 1912 -3964 -3428 -3264 -3618 -2101
-7136 -3981 3134 -7175 -7123 3130 3175 1867
-3109 -3117 -1610 -3402 1564 1439 -1229 -1165
-4476 -3756 -5799 1131 -4693 -3359 -3631 244
-188 -2313 -2616 450 -2863 1148 2124 -138
-5524 1667 3706 -3629 -5375 -2446 -2607 -3518
-5441 -4300 4021 -4960 -4457 4943 1342 2813
-4028 -1883 -3017 -2600 1113 -1681 290 -528
-4097 -4979 -7040 -298 -6291 -1234 -4081 -1235
30 -717 -1390 -782 -2206 694 1429 1491
-6532 385 5736 -2292 -6347 -909 -841 -4051
-3795 -3650 3604 -2981 -1458 4638 -447 2432
-5295 -1523 -4822 -2877 -1243 -3935 1060 1032
-2740 -5794 -7292 -2227 -6684 894 -3520 -2893
-797 559 436 -759 -1953 28 -173 2502
-6448 -1321 6742 -237 -6272 1245 1012 -3565
-2741 -2244 2155 -1803 465 2473 -1624 964
-6754 -2163 -6525 -4325 -4307 -4172 694 2950
-1214 -5504 -6177 -3502 -5478 2717 -1973 -3820
-2101 1188 2321 362 -2508 -723 -1923 2103
-5349 -2845 6452 1909 -5206 2689 2219 -1806
-2861 -679 235 -2182 804 -62 -1466 -541
-7141 -3561 -6973 -6150 -6800 -2362 -724 3936
-200 -4392 -4293 -3641 -3261 3421 -169 -3252
-3723 984 3711 2323 -3396 -1134 -3088 722
-3855 -3266 5137 2932 -3319 3259 2134 218
-3707 612 -1653 -2226 -801 -2523 -275 -1675
-6551 -4825 -6206 -3599 -7759 415 -2325 3970
112 -2805 -2309 -1322 -1488 2924 1265 -1942
-4999 -201 3783 1989 -4593 -807 -3221 -1231
-2178 -3081 3156 1076 -1790 2961 1211 1751
-5099 965 -2431 -3669 -3154 -3244 1569 -1759
-5271 -5676 -4430 -5077 -6797 3009 -3814 2619
-373 -1108 -634 -431 -571 1157 1565 -39
-5201 -1900 2638 4056 -5281 224 -1998 -2645
-1205 -1877 1200 1040 -964 1743 -493 2120
-6203 254 -1967 -5513 -5476 -2364 2956 -527
-3539 -5567 -2224 -5503 -4514 4578 -4168 810
-1784 -37 -153 1496 -1090 -615 680 1751
-4471 -3324 724 5346 -5151 1480 -236 -2955
-1124 -202 146 -258 -1060 103 -2063 1431
-6769 -1138 -327 -7073 -6938 -453 3460 1199
-1966 -4537 -434 -4679 -2000 4319 -3125 -865
-3295 -136 -1080 3522 -2630 -1555 -1007 2357
-2991 -4163 -1271 5511 -4307 2608 1692 -2041
-1861 893 266 -1987 -1904 -904 -2649 -299
-6387 -2666 1657 -7682 -6741 2001 2786 2964
-1144 -2900 298 -2835 -166 2706 -1517 -1694
-4692 -1027 -2745 5046 -4485 -1425 -2698 1641
-1510 -3840 -2458 4429 -3111 3234 2600 -446
-3245 1626 1485 -3900 -3542 -1309 -1948 -1901
-5173 -3802 3326 -7076 -5229 4049 1064 3881
-1471 -1282 -328 -768 77 664 421 -1210
-5024 -2409 -4685 5377 -5625 -106 -3660 151
-291 -2616 -2597 2383 -1897 2708 2297 1309
-4710 1069 3484 -4925 -4936 -636 -238 -2842
-3452 -4156 4231 -5296 -3194 4430 -876 3447
-2572 15 -2004 1128 -1351 -1020 1674 294
-4422 -3808 -5935 4370 -5607 1875 -3109 -1597
-118 -890 -1409 247 -1489 1578 823 2624
-5480 -223 4064 -4531 -5524 841 1683 -2593
-1868 -3528 1919 -3134 -1204 3650 -1918 2089
-4009 207 -2919 1654 -2985 -1661 1374 1955
-3061 -4472 -4653 2593 -4754 3366 -1766 -2872
-767 547 0 -995 -1713 460 -822 2326
-5408 -1816 4306 -3071 -5208 2296 2958 -1120
-783 -2037 1682 -1110 -362 2315 -2343 312
-5110 -567 -4766 1086 -4768 -792 309 3164
-1557 -4390 -4954 529 -3198 3966 282 -2991
-2075 1178 1847 -1142 -2618 -146 -2235 1249
-4337 -3021 5209 -1021 -4235 3388 3242 708
-998 -316 -27 -269 -427 473 -938 -1020
-5570 -1752 -6110 -403 -5665 1099 -1263 3453
-272 -3254 -3788 -835 -1614 3555 1632 -1924
-3621 938 3833 85 -3768 52 -2646 -637
-2820 -3574 4989 819 -2707 3714 2285 2246
-2011 913 -1923 -618 -1574 -607 588 -1424
-5057 -3255 -6552 -2429 -5376 2708 -2834 2368
339 -1625 -1931 -1325 -1035 2255 2302 7
-4479 -46 4857 1682 -4521 1049 -1743 -2272
-1190 -2961 3447 1950 -1454 3199 633 2887
-3262 1289 -3604 -1854 -3394 -536 2286 -782
-3902 -4187 -5857 -3946 -4117 4043 -3520 636
-16 -57 5 -659 -1074 1185 1886 1452
-4597 -1690 4751 3620 -4529 2048 55 -2843
-144 -1676 1430 1732 -843 2041 -1139 2050
-4390 633 -4238 -3606 -4535 384 3008 814
-2206 -4246 -3989 -4486 -2563 4418 -2819 -1225
-1289 869 1524 1089 -1902 312 206 2257
-3821 -2845 3553 4622 -3662 3045 1739 -2263
-13 -127 -484 577 -1117 1086 -1897 606
-5135 -544 -3855 -5251 -4995 1868 2695 2411
-952 -3380 -1907 -3787 -985 3766 -1350 -2178
-2464 798 1727 2758 -2888 229 -1233 1773
-2399 -3446 1717 4471 -2706 3530 2762 -838
-769 1129 -1405 -411 -2117 489 -1697 -1215
-4873 -1984 -2340 -4422 -4237 3394 1263 3469
-143 -1913 -363 -2001 -212 2441 365 -1959
-3694 -193 861 3584 -3874 805 -2450 552
-658 -3121 -448 3696 -1849 3245 2747 930
-2031 1726 -1310 -2204 -3115 484 -325 -2228
-3800 -2959 -489 -5062 -2806 4333 -444 3347
-458 -517 307 -476 -544 1133 1629 -1011
-3933 -1549 -850 4739 -4106 1873 -2206 -1151
558 -1724 -1692 2344 -1324 2438 1509 2231
-3224 1577 -384 -3751 -3706 1548 1277 -2470
-2380 -3183 1125 -4635 -1427 4229 -1794 2192
-1286 445 -306 1346 -1511 168 1748 696
-3136 -2883 -2600 4775 -3749 2901 -1088 -2417
829 -440 -1844 655 -1269 1980 -62 2469
-4017 504 1247 -4658 -3451 2693 2689 -1502
-1049 -2461 1780 -3062 -200 3233 -1995 567
-2648 546 -1668 2683 -2722 282 929 1852
-1792 -3692 -4051 3780 -2960 3530 589 -2849
414 1042 -915 -1285 -1684 1557 -1560 1611
-3977 -731 2744 -4349 -2730 3517 3180 115
-344 -1288 1316 -1276 -68 1834 -1314 -859
-3827 -247 -3549 3064 -3753 1029 -647 2210
-163 -3656 -4345 1968 -2030 3818 2219 -2162
-731 1749 625 -2415 -1919 1688 -2163 171
-3115 -1769 3482 -3137 -1582 3543 2463 1462
-515 194 -155 352 -771 542 166 -1439
-4225 -1494 -4817 2487 -4135 2348 -2204 1771
946 -2622 -3403 48 -1127 3448 2800 -649
-1747 1570 2021 -2446 -2016 2063 -1663 -1253
-1690 -2059 3064 -1326 -751 2972 1031 1930
-1386 1325 -1892 1144 -2050 420 1800 -1144
-3961 -2866 -5310 878 -3626 3450 -2857 181
1560 -1443 -2195 -1245 -428 3058 2698 796
-2429 693 2015 -1582 -1945 2258 -391 -2116
-380 -1406 1717 260 -600 1959 -408 1479
-2706 1616 -3036 750 -3235 828 2545 316
-2771 -3749 -5186 -943 -2375 4390 -2628 -1409
1181 -191 -1268 -1662 -280 2181 1441 1705
-2290 -452 2609 44 -1565 2081 1014 -1837
454 -240 444 1055 -1000 1161 -1328 270
-3744 1177 -4411 -452 -3848 2151 2534 1827
-1506 -3970 -4572 -2290 -950 4375 -1379 -2604
503 491 85 -1083 -314 1604 230 1592
-1673 -1411 2413 1399 -1435 2103 1951 -805
647 1346 -1426 948 -2078 1046 -1367 -1462
-4448 74 -5158 -2047 -3325 3599 1513 2851
-441 -3392 -3379 -2685 630 3650 -219 -2623
-606 303 978 205 -742 840 -730 610
-227 -1753 1083 2196 -1543 1845 1834 633
-79 2294 -2835 -140 -2692 1683 -372 -2535
-4538 -1031 -4896 -3342 -1942 4619 91 3028
49 -2276 -1837 -2198 1145 2323 948 -2048
-1364 -564 990 1646 -1461 644 -922 -680
1158 -1473 -593 2209 -1980 2070 1028 1779
-1189 2934 -3889 -1547 -2855 2761 862 -3004
-3656 -1800 -3702 -3804 -123 4414 -1177 2234
-280 -1228 -763 -862 689 793 1210 -809
-1526 -1721 190 2631 -2390 1097 -195 -1910
2014 -501 -2208 1123 -2114 2411 -409 2041
-2159 2740 -3766 -2950 -2034 3735 2096 -2526
-2716 -1959 -2370 -3529 1440 3381 -1506 1044
-1128 -614 -563 377 -399 -358 620 235
-878 -2768 -1505 2578 -2875 1842 1081 -2360
2532 630 -3362 -219 -1993 3219 -1722 1641
-2851 2145 -3099 -3737 -613 4189 2766 -1390
-1664 -1234 -1256 -2214 1610 1574 -1192 -244
-2265 -734 -1282 1383 -1859 -293 -494 616
230 -3489 -3023 3699 -2693 3126 2331 -1879
2358 1696 -3635 692 -1011 3699 -2506 526
-2665 1241 -1859 -2220 863 3276 2375 -237
-1380 -153 -1053 -353 673 -50 -240 -757
-3090 -1367 -2501 3142 -3167 689 -1779 87
1513 -3585 -4194 3049 -1938 4116 3021 -831
1599 2269 -3010 -522 145 3636 -2572 -790
-1997 601 -871 -1897 1569 1865 1501 270
-1585 935 -1424 1053 -940 -701 899 -665
-3523 -2474 -4007 3508 -3555 2444 -2685 -889
2454 -2864 -4485 1751 -748 4443 3011 477
775 2153 -1984 -1149 1129 2688 -1763 -1563
-1085 488 -513 -843 1000 457 279 172
-2400 1490 -2626 1918 -2498 -340 1422 334
-3224 -3536 -5011 2892 -2700 4121 -2578 -2240
2981 -2179 -4194 691 1079 4035 2330 1260
352 1661 -1121 -1139 1526 1398 -910 -1723
-109 865 -773 368 -331 -393 -455 -593
-3399 1848 -3984 2662 -3593 1452 1451 1428
-2686 -4354 -5539 1941 -936 5255 -2080 -3183
2724 -1290 -3155 -150 2166 2688 1101 1409
391 795 -625 -293 956 112 -135 -1157
582 1851 -1847 1668 -2011 -219 -656 -1876
-4248 1521 -4974 2336 -3129 3381 713 2359
-1754 -4418 -5092 680 1006 4724 -974 -3516
2165 -871 -2228 -300 2261 737 270 895
880 84 -784 822 -604 -464 -151 -138
508 2885 -3200 2190 -3048 1119 -101 -2622
-4763 868 -5510 1553 -1375 5004 -486 2608
-1172 -4109 -4287 51 2784 3225 -88 -3166
1465 -998 -1617 253 1192 -808 -216 187
1906 -104 -1791 1896 -2117 -300 -793 567
11 3768 -4466 2129 -3171 2992 908 -3055
-4815 206 -5424 632 781 5186 -1523 2357
-954 -3501 -3309 -163 3164 1017 116 -2403
965 -1700 -939 1299 -652 -1287 90 -563
2955 29 -1568 2594 -2995 1181 -1772 1015
-678 4110 -4152 1554 -1459 4495 1655 -2732
-4521 -379 -4894 -250 2767 3746 -2190 1683
-1280 -2867 -2582 346 2021 -1394 -266 -1701
850 -2446 -894 2180 -2540 -540 764 -850
3437 600 -2522 2519 -2756 3043 -2738 739
-1412 4068 -4769 600 654 5003 2085 -1930
-3813 -586 -4155 -610 3646 1446 -2240 849
-1843 -2609 -1913 1123 -160 -2124 -877 -1032
1313 -3297 -1687 3082 -3570 1183 1607 -539
3699 1462 -3742 2070 -1373 4484 -3546 -79
-1901 3640 -4736 -140 2482 3774 2033 -947
-3345 -208 -3423 -305 2836 -887 -1881 323
-2546 -2790 -1956 1936 -2510 -1547 -1790 -1464
2050 -3696 -2645 2946 -3091 3250 1913 367
3505 2002 -4295 1313 957 4697 -3765 -835
-1961 3014 -4297 -641 3502 1638 1541 -188
-3154 396 -2793 474 559 -2614 -1324 594
-3184 -3087 -2361 2639 -4017 370 -2224 -1926
2779 -3705 -3589 2642 -1374 4938 1986 1282
2948 2435 -4266 378 2547 3545 -3210 -1363
-1512 2602 -3462 -343 2968 -776 810 -130
-3328 1118 -2590 1319 -1877 -2208 -934 1085
-3573 -3861 -3173 2957 -3662 3012 -2359 -2525
3246 -3418 -4130 1955 1238 4885 1442 2123
2317 2234 -3838 27 3412 1284 -2758 -1610
-844 2546 -2943 294 923 -2408 304 -254
-3948 1654 -2986 2064 -3997 -371 -984 1925
-3512 -4558 -4083 2698 -1812 5201 -2031 -3112
3447 -2888 -4262 1195 3311 3600 625 2589
2031 1880 -3232 199 2962 -1079 -2250 -1162
-430 2779 -2784 909 -1406 -2504 195 -584
-4468 1720 -3538 3702 -4028 2201 -1406 2466
-3141 -4942 -4572 5262 1078 5559 -1345 -3165
3192 -2450 -3846 3481 3986 1045 67 2479
2014 1463 -2627 2127 1038 -2390 -2088 -612
-61 3415 -2857 3229 -3265 -652 451 -1003
-5283 1405 -4519 4884 -2416 4623 -2127 2876
-2517 -5161 -4892 4645 3712 4028 -618 -2872
2885 -2140 -3352 3038 3159 -1599 -371 2285
2278 904 -2206 2628 -1640 -2292 -2375 157
-160 3934 -3519 3781 -3989 1654 1107 -957
-5546 1005 -5066 4703 360 5671 -2849 2886
-2365 -4998 -4671 4212 4848 1426 -115 -2362
2376 -2361 -2686 3118 1004 -3054 -253 1866
2731 705 -2317 3137 -3077 -654 -2722 499
-484 4305 -4086 4043 -2583 3680 1567 -546
-5620 494 -5415 4330 3105 4681 -3371 2499
-2148 -4567 -4136 3774 3755 -1620 -167 -1490
2000 -2705 -2326 3570 -1822 -2679 234 1947
3246 846 -2816 3753 -3416 1783 -3282 377
-1056 4328 -4680 3808 -64 4915 2098 150
-5514 344 -5434 3815 5035 2062 -3366 2038
-2511 -4241 -3704 3840 1536 -3918 -390 -1153
1922 -3194 -2308 4050 -3664 -835 558 2033
3445 1016 -3137 3958 -2284 3574 -3291 117
-1565 4265 -5117 3398 2329 4479 2127 891
-5019 237 -4934 3351 4510 -889 -3059 1984
-2911 -4077 -3261 4176 -1512 -3687 -622 -920
2077 -3457 -2625 4580 -3661 2043 1007 2742
3468 1552 -3682 3936 51 4275 -3345 -283
-1653 3764 -4830 2776 4146 2171 1990 1439
-4736 462 -4498 3274 2203 -3443 -2391 1875
-3411 -4131 -3260 4761 -4179 -1750 -572 -1143
2180 -3739 -2811 4960 -1998 4367 1169 3234
3172 1693 -3822 3584 2583 3714 -2943 -591
-1676 3467 -3739 2403 4333 -305 1601 1915
-4704 787 -1964 3396 -491 -4461 -2246 2213
-3757 -4269 -303 5167 -4580 1466 -643 -1412
2474 -3796 -417 5079 458 4562 1003 3706
2722 1709 -1860 3019 3605 1655 -2275 -679
-1593 3203 -2514 2148 2471 -2386 1558 1976
-4885 1116 -1620 3767 -3260 -2768 -2034 2445
-3996 -4689 -510 5613 -2817 4587 -230 -1498
2760 -3551 -793 4838 3211 3458 731 4010
2226 1676 -1847 2421 3619 -756 -1734 -494
-1282 2968 -2173 2087 25 -3507 1380 1904
-4982 1351 -1523 4148 -4708 29 -1946 2734
-3918 -5179 -980 5696 -108 5714 461 -1630
2708 -3339 -867 4504 4547 1199 413 4074
1819 1284 -1419 2140 1750 -2082 -1098 -28
-1192 3009 -1967 2214 -1900 -2896 1740 1738
-5464 1218 -1867 4353 -3851 3055 -2053 2877
-3704 -5316 -1242 5569 3048 4446 1096 -1408
2491 -3015 -932 4155 3650 -1611 367 3755
1879 1026 -1144 2296 -510 -2590 -921 186
-1022 2990 -1803 2389 -3395 -571 2129 1680
-5718 1022 -2208 4419 -1224 5326 -2179 2624
-3553 -5281 -1465 5350 5285 1963 1688 -1102
1969 -2797 -503 3827 1525 -3399 626 3470
1706 640 -751 2144 -1987 -1711 -756 423
-1152 3166 -1933 2519 -3419 1673 2475 1785
-5911 891 -2401 4479 1741 5250 -2278 2433
-3446 -5038 -1411 5038 4897 -1313 1904 -618
1648 -2891 -108 3884 -1262 -3092 816 3222
1540 378 -535 2141 -2229 -10 -632 406
-1400 3222 -2218 2432 -1581 3497 2984 2100
-5770 645 -2765 4150 4324 2983 -2203 1862
-3483 -4910 -1190 4951 2450 -4218 2056 -505
1418 -2857 228 3880 -3277 -1385 1428 3023
1786 333 -439 2514 -1924 1997 -622 204
-1623 3236 -2577 4238 570 4190 3077 2334
-5719 298 -3000 5880 5423 427 -1758 1373
-3608 -4720 -923 5521 -614 -4640 2085 -475
1019 -3056 665 3314 -3163 879 1621 2947
1652 483 -611 2449 -643 2544 -255 -189
-1964 2929 -2914 3943 2349 2985 3006 2477
-5588 289 -2921 5715 3936 -2641 -1176 1131
-3734 -4484 -630 5352 -3613 -2717 2292 -378
895 -3192 753 3445 -1885 3147 1846 3071
1407 528 -765 2270 1350 2376 75 -546
-2106 2641 -3022 3616 3694 1120 3009 2661
-5481 157 -2879 5476 1280 -4575 -887 785
-4004 -4321 -314 5304 -4700 -72 2379 -659
758 -3332 907 3450 214 4184 2128 3139
1093 599 -925 2106 2012 1329 623 -635
-2306 2318 -3097 3185 3688 -573 2723 2385
-5258 350 -2574 5285 -1809 -3969 -482 710
-4230 -4465 -257 5541 -3464 2895 2618 -1157
956 -3148 702 3440 2577 2670 1858 2881
660 581 -936 1616 1862 -273 1134 -690
-2336 1959 -2953 2615 2045 -2247 2548 1993
-5350 420 -2506 5430 -4242 -1934 -388 444
-4381 -4600 -201 5753 -848 5102 2809 -1473
705 -2936 804 3190 3748 632 1782 2603
205 458 -919 1225 1601 -793 1524 -926
-2111 1590 -2667 2290 268 -2831 2431 1584
-5317 412 -2437 5399 -4461 634 -250 228
-4416 -4762 -315 5948 2062 4847 3377 -1650
570 -2735 787 3000 2731 -1683 1624 2206
-214 47 -571 503 505 -693 1746 -827
-2103 1599 -2551 2226 -1352 -1892 2639 1180
-5628 465 -2617 5678 -2707 3469 -241 -196
-4332 -4849 -554 5973 4655 2363 3715 -1555
349 -2520 1198 2548 955 -3149 1644 1575
-374 -215 243 101 -479 -704 1827 -899
-2058 1449 -1132 2132 -2640 -669 2650 967
-5612 524 386 5714 -198 5044 -286 -377
-4204 -4714 2701 5799 4882 -557 3645 -1598
42 -2266 2753 2164 -791 -2362 1717 1211
-730 -430 262 -233 -268 -96 1746 -906
-2173 1373 -1293 2116 -2208 594 2559 691
-5731 132 -45 5704 2427 4232 -365 -1193
-4076 -4562 2596 5530 2910 -3483 3575 -1692
-415 -2269 3003 1842 -2434 -801 1634 586
-803 -632 530 -413 67 838 1433 -1076
-2368 1362 -1368 2206 -1249 2350 2592 539
-5739 -80 -372 5667 4662 2005 -241 -1883
-3938 -4333 2508 5064 268 -4467 3264 -1533
-901 -2236 3350 1353 -2487 1257 2128 240
-895 -818 627 -469 73 479 1288 -1528
-2626 1352 -1729 2151 -74 2966 2310 327
-5672 -163 -470 5539 4615 -671 -162 -2196
-4027 -3958 2623 4853 -2271 -3030 3004 -1863
-1195 -2339 3483 1252 -588 2873 2006 129
-1019 -930 562 -509 739 -89 1212 -1864
-2798 1031 -2218 1880 1556 2491 1769 201
-5293 -501 -901 4998 2748 -3209 5 -2671
-4197 -3888 2932 4837 -4100 -796 2815 -2214
-1410 -2361 3744 1258 1350 3034 1936 -75
-1135 -706 294 -542 388 158 1330 -2223
-3174 578 -2654 1453 2863 1709 1158 -51
-5031 -433 -907 4685 622 -4172 183 -2649
-4414 -3737 3208 4714 -3425 1940 2354 -2570
-1421 -2596 3978 1408 2795 1368 1691 -94
-1605 -785 -61 -1017 -349 22 1325 -2362
-3398 162 -3086 899 2782 609 577 -410
-4894 -378 -832 4607 -1836 -3224 68 -2841
-4760 -3686 3556 3935 -944 4288 2450 -2907
-1588 -2448 3914 -1071 3577 -554 1109 -217
-2047 -760 -432 -570 -61 293 1308 -2275
-3355 -292 -3282 2667 2491 -1366 104 -949
-4811 -115 -548 4474 -3618 -1317 -125 -2705
-4994 -3788 3718 2288 1689 4379 2385 -3106
-1395 -2261 3474 -906 2060 -1706 529 -676
-2542 -837 -701 -910 78 1278 1136 -2013
-3203 -692 -3232 2218 1694 -2222 -119 -1583
-4925 -63 -408 4499 -3164 1238 -373 -2724
-4922 -4123 3620 2727 3967 2395 2316 -2995
-1426 -1945 3183 -962 221 -2601 115 -1057
-3163 -1064 -988 -1484 556 1786 718 -1688
-2980 -831 -2946 1907 -6 -2270 -327 -2009
-4904 3 -258 4507 -1269 3595 -1070 -2933
-4785 -4145 3453 2807 5021 16 2186 -2807
-1773 -1491 2919 -1398 -1193 -1938 -54 -1302
-3311 -1484 -749 -2074 1663 1194 95 -1468
-2925 -648 -2817 1881 -1608 -2097 -458 -1936
-5470 -39 -297 5111 828 4128 -1632 -3400
-4391 -4235 2858 3045 3718 -2153 1787 -2276
-2357 -1293 2916 -2077 -2134 527 -71 -1707
-3592 -1867 -527 -2641 2677 503 -712 -1301
-2755 -626 -2527 1887 -1651 -283 -584 -1948
-5649 -387 -728 5448 3334 2919 -1750 -3731
-4154 -3864 2677 2667 1309 -3973 1089 -2119
-2762 -977 2953 -2631 -1557 2212 54 -1688
-3542 -2170 -58 -2888 2170 -828 -1373 -1484
-3112 -366 -2828 2384 -1689 1617 -1033 -1339
-5616 -929 -1434 5690 4814 1438 -1600 -4063
-3974 -3538 2491 2299 -1014 -3302 401 -1602
-3290 -1261 3536 -3155 673 2959 -18 -1378
-3253 -2329 222 -2871 1376 -2220 -1762 -1734
-3415 -333 -3125 2728 -645 2492 -1604 -841
-5394 -1328 -1875 5625 4124 -1169 -1262 -4076
-4089 -3103 4218 1598 -2908 -945 -472 -1756
-3690 -1385 2256 -3472 2653 2988 -58 -708
-3197 -2081 -1655 -2490 369 -1890 -1868 -1983
-3918 -485 -2525 2932 1323 2984 -2402 -852
-4957 -1469 937 5209 2926 -3415 -1090 -3629
-4269 -2756 4243 1144 -2723 1232 -792 -2036
-3700 -1689 2794 -3421 3465 1025 -681 -64
-3262 -1805 -1801 -2139 -1156 -1113 -1762 -1941
-4405 -724 -3179 3032 3387 2696 -3225 -828
-4695 -1472 686 4778 506 -3749 -1215 -2971
-4642 -2510 4603 811 -632 3247 -788 -2194
-3432 -2042 3261 -2981 3924 -1319 -1494 455
-3432 -1269 -2116 -1734 -1560 84 -1471 -1537
-4680 -1329 -3903 2553 4018 627 -3762 -1332
-4086 -1227 565 4038 -1834 -2370 -1300 -1998
-5346 -2685 5373 918 1656 4229 -688 -2274
-3018 -2098 3358 -2434 2842 -2597 -2113 420
-3827 -1106 -2672 -1786 -553 1786 -1445 -757
-4453 -1835 -4297 1950 4120 -1622 -3799 -1583
-4050 -643 1079 3718 -2521 -648 -1930 -1416
-5495 -2947 5883 1336 3602 2678 -170 -1761
-2701 -1798 3093 -2096 329 -3283 -2652 334
-4489 -1162 -3529 -2203 973 2940 -1734 76
-3851 -2279 -4442 1092 2656 -2551 -3423 -1655
-4318 -161 1785 3755 -1492 1881 -2744 -1223
-5579 -3628 6211 2177 5108 336 159 -999
-2427 -1300 2343 -1952 -1365 -2346 -2680 -49
-5034 -1503 -4042 -2942 2592 2128 -2175 819
-3325 -2241 -4078 703 426 -3144 -2909 -1658
-4905 -67 2393 4339 -73 3877 -3231 -1340
-5073 -4012 5886 2758 4553 -1901 31 176
-2599 -746 1655 -2210 -1583 -42 -2306 -215
-5369 -2269 -4291 -3913 4474 1042 -3260 1558
-2896 -1891 -3368 607 -855 -2589 -2246 -876
-5544 -127 2764 2733 2329 3492 -3225 -1614
-4488 -4251 5309 100 2357 -3981 -258 1074
-3166 -203 969 -3041 -1133 1913 -1758 22
-5158 -2762 -3763 -1963 4146 -596 -3639 1191
-2745 -1204 -2479 2197 -1456 -331 -2037 261
-6095 -611 2708 3875 4851 2021 -2737 -2175
-3939 -3970 4578 307 340 -4212 -913 1811
-3875 -57 781 -3825 709 2651 -1019 751
-4573 -3100 -3073 -2527 2961 -2587 -3878 792
-3098 -752 -2178 2697 -1368 1801 -2272 992
-6027 -1279 2024 4723 5243 -220 -1720 -1965
-3594 -3445 3829 112 -1411 -2123 -1716 1655
-4534 -461 1134 -4749 3237 2826 -605 1989
-3904 -3198 -2139 -2715 1714 -3412 -3548 325
-3748 -320 -2123 3586 787 2732 -2752 1838
-5789 -1968 1161 5253 4151 -3337 -763 -1526
-3530 -2659 3501 -631 -2411 -150 -1890 1347
-4887 -1196 1960 -5372 4470 1557 -837 3139
-3245 -2758 -1478 -2188 -162 -2367 -2377 101
-4687 -235 -2611 4607 3249 2861 -3597 1738
-5146 -2187 391 5090 2311 -4340 -104 -324
-4088 -2134 3760 -1630 -1310 1935 -1512 767
-4774 -1988 3074 -5720 5147 -1074 -1475 3918
-2793 -1989 -1360 -1273 -1254 -856 -1602 710
-5254 -772 -3456 5177 4289 1223 -3850 1147
-4224 -2065 -205 4365 -12 -3814 101 950
-4922 -2091 4699 -2392 1280 3574 -551 550
-4135 -2700 4027 -5226 4398 -2865 -2326 3948
-3043 -1266 -1798 -266 -420 498 -556 1230
-5432 -1497 -4528 5242 4769 -1449 -3649 557
-3790 -1357 148 3291 -2137 -2314 -419 1609
-5748 -2231 5747 -2852 3577 2877 725 836
-3097 -2801 4229 -4246 2128 -3607 -2960 3425
-3620 -572 -2691 672 1013 1963 -190 2374
-4940 -1866 -2852 4489 3949 -3039 -2623 -37
-3813 -518 2765 2300 -1983 185 -979 1980
-6333 -2948 5347 -2479 5905 787 1794 1730
-2340 -2381 1475 -3007 237 -3730 -2864 2433
-4506 -581 -3610 753 2319 1913 -647 3532
-4191 -2252 -2485 3386 1692 -3823 -1259 -129
-4360 471 3800 1701 -260 2746 -1470 1392
-6280 -3868 6225 -1478 5999 -1687 2234 2821
-1674 -1604 1020 -1930 -571 -2338 -1972 1552
-5228 -963 -4657 306 3874 528 -1270 3706
-3125 -2067 -2209 2270 -387 -3521 -130 674
-5308 742 5039 1856 2186 3013 -1506 365
-5614 -4830 6899 -55 4470 -3849 2305 4264
-1735 -762 104 -1510 -988 -91 -781 1060
-5325 -1807 -5299 -870 4407 -701 -1946 3135
-2298 -1538 -1533 1413 -799 -1610 709 1567
-6399 616 6309 2682 5123 1593 -828 -670
-4658 -5026 6565 1033 2240 -5464 1393 4731
-2464 -126 -1034 -2067 -108 1315 599 1433
-4865 -2683 -5337 -2160 3451 -2489 -2262 2139
-2025 -195 -3 1429 -489 413 625 2677
-7191 -131 7061 4075 6370 -413 600 -1336
-3513 -4706 5454 1537 -77 -4791 542 4485
-3396 -35 -1928 -3043 2022 1877 1309 2309
-3773 -3269 -4306 -3003 2378 -3380 -1414 751
-2477 969 1562 2353 1110 1242 -125 3347
-7408 -1253 6885 5453 5505 -3339 2132 -1244
-2993 -4004 4232 1310 -2070 -2479 40 3629
-4284 -834 -1932 -4559 3713 1960 1337 3581
-2312 -3212 -2749 -3054 1652 -2829 -194 -102
-3330 1793 2610 3697 3533 1121 -1201 3082
-6715 -2078 5899 6004 3640 -5724 3525 -372
-2902 -2880 3025 186 -1875 -52 187 2101
-4622 -1729 -1243 -5424 4618 -101 641 4159
-1054 -2537 -1048 -2101 763 -2215 1568 -286
-4559 1813 2726 3559 4821 -121 -1965 2238
-5844 -2445 4549 3482 709 -5649 3656 784
-3732 -2020 2667 -2679 63 2249 1373 1105
-4250 -2982 467 -6159 5227 -2038 -793 3888
-367 -1318 195 -1263 739 -1656 2970 418
-5549 1249 1941 4894 4818 -2608 -1863 482
-4547 -1926 3202 2992 -1826 -3769 3076 1713
-4963 -1842 3271 -4252 2533 3246 2960 935
-3116 -3792 2001 -6409 4629 -3610 -1828 2848
-504 -2 571 86 1646 -928 3397 1665
-5600 190 580 5579 3649 -4428 -1106 -922
-3718 -1054 2627 1795 -2221 -1327 1975 1845
-6198 -2274 4539 -5624 5047 1542 4167 1301
-1627 -4206 3596 -5813 2846 -4962 -2242 860
-1330 757 -41 1610 1858 -891 3110 2547
-4974 -719 -743 5317 1433 -4484 419 -1530
-3785 249 3053 98 -588 1603 886 874
-6984 -3445 6375 -6177 6992 -1014 4905 2834
-147 -3682 4137 -4182 1143 -5132 -1585 -893
-2355 951 -1228 2677 2395 -1633 1799 2942
-3770 -1251 -1559 4242 -373 -3679 1924 -1187
-4620 1395 4339 -1466 1736 2905 506 -755
-6864 -4796 7794 -5591 6459 -4040 4257 4033
577 -2629 3522 -2525 -218 -3748 -167 -1940
-3293 106 -2673 2640 2531 -1879 491 2312
-2087 -723 -1111 2200 -559 -1967 2586 -51
-5846 1929 6107 -2331 4844 1558 890 -2400
-6049 -5958 8483 -4146 4167 -6724 2799 4726
492 -1544 2252 -1239 -1330 -2186 1438 -1947
-3412 -920 -3422 1698 1953 -1908 -136 826
-1056 253 203 562 304 30 2331 1250
-7356 1785 7879 -2203 7078 -971 2357 -3830
-4606 -6439 8085 -2290 1348 -7295 1095 4283
-455 -635 470 -809 -528 -746 2316 -1087
-2685 -2173 -2895 -145 1878 -2040 303 -912
-579 1867 2004 -734 2065 591 1039 2071
-8462 777 7964 -897 6620 -4486 4021 -3877
-3213 -6043 5917 -819 -1612 -5846 -119 3000
-1757 -540 -1493 -1507 932 648 2285 149
-1237 -2773 -2746 -1930 2380 -2190 1268 -2369
-1143 3318 3969 -717 4197 -347 -820 1799
-8394 -467 8668 833 4062 -7320 5494 -2886
-2164 -4873 4399 -27 -3239 -3238 -530 1217
-2836 -1301 -2600 -3126 2622 874 1143 1093
503 -2583 -1512 -3108 2521 -2057 2883 -2653
-2374 4239 5823 265 5278 -2253 -2382 585
-7716 -1666 8413 2328 903 -7636 5637 -1556
-2443 -3405 2569 -816 -2412 -171 256 -309
-3240 -2711 -2628 -4949 4451 -544 -654 1065
2176 -1777 527 -3479 2796 -2834 4479 -1800
-3808 4228 6920 1873 4241 -4945 -3084 -1117
-6328 -2048 6920 3054 -2107 -5705 4643 5
-3367 -2505 1259 -2256 -19 2242 1473 -914
-2826 -4150 -1517 -6250 5330 -2349 -2236 -105
3019 -154 2656 -2455 2993 -3730 4935 -221
-4786 3473 6720 3522 2338 -6165 -2348 -3104
-4813 -1713 5034 2642 -3579 -3028 3073 330
-4867 -1945 613 -4187 3257 2244 2962 -264
-1357 -5391 534 -6586 4686 -4381 -3069 -2005
2594 1251 4029 -684 2214 -4288 4191 1444
-5163 2130 5476 4523 328 -5676 -1118 -3849
-3832 -500 3286 1099 -2252 208 1285 -235
-6311 -2520 1349 -5709 6032 -37 3390 1246
460 -5553 2622 -5575 3138 -6302 -2666 -4040
1646 2243 4299 1116 731 -4549 2560 2204
-4337 1035 3810 4207 -1664 -4129 362 -3725
-3706 1137 2556 -993 564 2223 173 -1697
-7141 -3764 3053 -7476 6892 -3208 2897 3008
2079 -4849 4217 -6525 1154 -6773 -1369 -5235
253 2355 3469 406 -132 -4059 538 2138
-2721 553 1987 1760 -1920 -2060 1255 -2445
-4499 2394 2864 -4586 3869 1454 249 -3465
-6908 -5271 5059 -9013 5339 -6289 1083 4129
2900 -3699 4781 -4941 -1319 -5714 270 -5396
-849 1519 1686 1414 -419 -2631 -795 858
-977 870 1022 276 -309 -121 1009 -813
-6191 3118 4460 -6576 6529 -1105 1488 -4768
-5871 -6625 6834 -8435 2440 -8759 -952 4183
2932 -2103 4187 -2855 -2494 -3963 1565 -4275
-1080 136 111 1308 -361 -1449 -1076 -817
421 1996 1191 -1962 2066 395 -356 751
-7575 2725 6301 -7339 6400 -4495 3110 -4821
-4094 -6988 7512 -6585 -893 -8358 -2884 2902
1830 -1170 2535 -1499 -2200 -1435 1886 -2589
-302 -1088 -960 84 893 -995 -227 -2116
818 3679 2495 -4045 4147 -1143 -2332 995
-8726 1651 8125 -6907 4053 -7585 4437 -3585
-2569 -6592 6933 -4574 -3607 -5924 -3705 1110
168 -923 423 -1099 -403 362 795 -820
1471 -2078 -991 -2180 2808 -1060 1464 -2561
357 5154 4487 -5337 4844 -3625 -4114 78
-8672 190 8859 -5383 742 -8905 5120 -1674
-1528 -5090 5134 -2830 -4259 -2542 -3110 -442
-990 -1726 -628 -2064 1545 538 -878 -369
3174 -1969 238 -4186 3625 -2662 3133 -1714
-1177 6083 6451 -5291 3548 -5880 -4870 -1622
-7693 -1073 8310 -3404 -2599 -7563 4316 158
-1658 -3595 3113 -2181 -2479 612 -1802 -1378
-1662 -3175 -854 -3905 3914 -730 -2586 -939
4857 -828 2486 -5676 3703 -4576 3736 243
-2714 6013 7586 -4107 1068 -7446 -4667 -3447
-6088 -1446 6102 -1756 -4429 -4312 2760 1217
-2544 -2318 -66 -2726 319 1858 -223 -820
-1197 -4718 -3301 -5908 4926 -2963 -3740 -2359
5445 487 922 -5857 2275 -6230 3421 2331
-3807 5128 5863 -2208 -1446 -7080 -3185 -4390
-4379 -1134 3858 -884 -3812 -1040 797 1202
-4338 -1860 -1723 -4474 3469 751 787 634
200 -5925 -2222 -7376 4126 -5618 -3367 -4198
5014 1948 2902 -4804 -157 -6637 1645 3624
-4039 3547 5549 -319 -3162 -4874 -1424 -4249
-3112 -18 1786 -1177 -1289 1346 -607 173
-5749 -2456 -2202 -6396 5588 -1756 515 2609
2069 -6087 -260 -7850 2139 -7566 -1969 -5448
3754 2990 4224 -2915 -2087 -5954 -366 3880
-3140 2225 3999 566 -3369 -2165 -100 -2831
-2938 1711 -161 -2788 1814 1292 -786 -1549
-6486 -3635 -1565 -7883 5265 -5073 -775 3913
3660 -5246 1908 -6708 -865 -7418 -116 -5395
2077 3102 4323 -991 -2972 -4041 -1992 2834
-1678 1438 2074 357 -1690 -74 168 -1144
-3784 3069 -1100 -4845 4315 -802 133 -2910
-6402 -5128 161 -8451 3069 -7875 -2700 4248
4355 -3835 3487 -4817 -3366 -5972 1507 -4293
864 2221 3158 132 -2854 -1646 -2332 1357
237 1705 21 -1181 889 644 -780 483
-5266 3668 -595 -6554 5141 -3744 1962 -3011
-5105 -6168 2245 -7455 -264 -8322 -4175 3355
4003 -2276 3800 -2812 -4158 -3689 2327 -2443
260 885 1310 319 -1294 -381 -1780 -247
1550 2743 -1038 -3170 2885 -895 -2235 1235
-6611 3238 842 -7211 3685 -6653 3728 -2074
-3338 -6487 3920 -5712 -3494 -7015 -5156 1766
2850 -1196 2856 -1246 -3417 -961 1681 -690
829 -563 -606 -860 885 -182 -246 -762
1875 4044 -946 -4957 3841 -3264 -3909 526
-7590 2082 2868 -8545 744 -8112 4343 -133
-1703 -5793 4374 -6269 -5009 -4351 -4598 -133
1134 -976 1065 -1433 -1321 522 395 462
2357 -1518 -1798 -1625 2605 -1370 1456 -183
1235 5392 418 -6307 3076 -5588 -4815 -1040
-7564 570 4363 -7945 -2442 -7316 4081 1651
-717 -4451 3667 -4137 -4356 -1388 -3104 -1146
-282 -1595 -920 -1126 1242 291 -1248 256
3988 -1505 -1892 -3420 2952 -3581 2526 1277
-240 6053 2293 -7199 790 -7014 -4422 -2759
-6460 -700 5142 -6337 -4588 -5090 2757 3036
-591 -2826 2032 -2481 -2328 698 -1326 -1023
-910 -2958 -2111 -1969 2881 -1206 -2208 -891
5289 -642 -799 -5347 2155 -5581 2479 3090
-1877 5748 4064 -6939 -1957 -6839 -3070 -3798
-4797 -1277 4519 -4256 -4709 -2259 1018 3199
-1719 -1637 114 -1871 418 1075 -184 -6
-548 -4116 -2352 -3577 3127 -3563 -2157 -2317
5802 754 1113 -6499 165 -6494 1182 4422
-2937 4837 4879 -5604 -3721 -4961 -1167 -4007
-3170 -847 3003 -2488 -3168 165 -315 2245
-3159 -965 -1587 -2223 2611 -759 294 1764
589 -5086 -1487 -5267 1875 -5778 -1033 -3551
5185 1968 2699 -6427 -2327 -6036 -512 4681
-3117 3385 4545 -3677 -4302 -2606 534 -2901
-1893 168 1001 -1595 -614 942 -782 775
-4425 -1554 -1915 -3659 3200 -2974 -667 2936
2108 -5214 235 -6479 -268 -6712 781 -3839
3808 2890 3880 -5164 -3567 -4376 -1999 3787
-2340 2010 3154 -1791 -3117 -625 1128 -1304
-1744 1506 -669 -1868 1574 -122 -168 -727
-5151 -2546 -1279 -5401 2062 -5423 -2195 3319
3314 -4357 1951 -6438 -2635 -5771 2425 -2988
2089 2831 3748 -3286 -3719 -2159 -2730 2233
-900 1039 775 -667 -998 266 636 274
-2371 2758 -3246 -2989 2687 -2225 1394 -1225
-4980 -3766 -3912 -6652 -89 -6697 -3709 2757
3951 -3092 -275 -5655 -4039 -4169 3292 -1409
819 2094 1764 -1542 -2867 -577 -2320 712
595 1181 -839 -749 629 -315 -373 1135
-3659 3116 -3755 -4696 2143 -4381 2912 -778
-3828 -4809 -2199 -6820 -2454 -5994 -4318 1242
3623 -1738 1031 -3872 -3991 -1932 3111 187
236 859 794 -328 -1114 -56 -952 -377
1655 1886 -2469 -1831 1736 -1966 -1953 829
-4915 2699 -3212 -5931 205 -5898 3725 567
-2250 -4955 -448 -6040 -4052 -4287 -3865 -413
2379 -640 1293 -1971 -2783 -241 1829 1291
634 -604 -959 -124 578 -706 661 -275
1848 3078 -3173 -3396 1544 -3611 -2679 -276
-5558 1680 -1878 -6442 -1895 -5880 3518 2139
-867 -4226 848 -4385 -4323 -1992 -2701 -1437
887 -445 557 -774 -1124 324 499 1281
1633 -1322 -2371 -924 1021 -2045 1663 545
1235 4027 -2891 -4758 149 -4884 -2658 -1881
-5455 514 -288 -5802 -3792 -4310 2612 3050
-162 -3060 1302 -2743 -3264 -106 -1061 -1812
-444 -757 -910 -282 600 -596 -774 460
2831 -1350 -3338 -2288 720 -3537 1931 2099
36 4535 -1736 -5359 -1680 -5120 -1610 -2928
-4564 -718 1307 -4373 -4247 -2614 879 3494
-71 -1686 656 -1184 -1369 588 88 -893
-1158 -1855 -2528 -834 1071 -2051 -1104 -934
3722 -653 -3116 -3659 -295 -4269 1032 3218
-1361 4116 -19 -4912 -2911 -4163 -40 -3265
-3258 -1200 1909 -2687 -3598 -669 -325 2839
-860 -739 -539 -669 348 -71 718 331
-866 -2880 -3497 -2165 657 -3546 -424 -2188
3842 313 -2200 -3343 -1908 -4094 -164 3431
-2284 3208 1344 -4664 -3673 -2573 1221 -2576
-1757 -1057 1490 -2095 -1994 370 -956 1300
-2124 -261 -2104 253 1212 -1484 388 1450
-278 -3637 -3759 -1072 -794 -4274 785 -2487
3174 1204 -750 -3723 -2872 -3301 -1417 2769
-2379 1777 2029 -3370 -3297 -1057 1951 -1299
-787 -244 414 -673 -559 204 -629 46
-3156 -444 -3159 -100 813 -2959 -669 2004
884 -3484 -2863 -2403 -2198 -3930 2230 -2034
2048 1923 656 -3574 -2969 -2149 -2165 1451
-1942 618 1989 -1789 -2269 -222 1761 50
-802 853 -924 -267 510 -646 435 -643
-3679 -1277 -3469 -1267 -421 -4039 -1907 1648
1729 -2875 -1536 -3096 -3096 -2757 2733 -911
554 1866 1682 -2474 -2520 -1116 -1909 27
-1016 -57 1295 -357 -1323 -167 985 1096
-1300 1739 -2049 -450 938 -1971 1562 -646
-3534 -2274 -2816 -2549 -1978 -4007 -2546 568
2050 -1844 -230 -3146 -3146 -1532 2717 332
-512 1200 1624 -1042 -1806 -614 -997 -828
-45 -69 58 273 -580 -529 -89 996
-2198 2042 -2456 -1262 22 -3006 2289 218
-2832 -2946 -1768 -3452 -3281 -3061 -2595 -594
1778 -805 693 -2285 -2419 -400 1891 1114
-998 161 924 406 -1077 -664 203 -974
756 443 -1070 346 -111 -1338 -1098 163
-3281 1690 -2097 -2602 -1258 -3596 2531 1322
-1674 -3003 -487 -3591 -3602 -1619 -1799 -1556
796 8 880 -1007 -1515 -171 712 1457
-838 -782 -134 1380 -933 -1155 1168 -611
813 1198 -1485 -474 -195 -1846 -1163 -768
-3885 878 -980 -3650 -2556 -3228 1773 2134
-770 -2582 392 -2987 -2939 -221 -556 -1897
-382 91 477 322 -504 -465 -311 849
-245 -1425 -266 1489 -1049 -1572 1599 346
178 1855 -2014 -1607 -620 -2263 -552 -1645
-3811 -201 -2067 -3998 -3209 -2218 580 2396
-236 -1768 -585 -1880 -1862 606 438 -1353
-1354 -172 -151 1369 -254 -1307 -780 -239
420 -1440 -1190 1064 -1275 -1503 1223 1315
-643 2246 -1836 -2593 -1308 -2421 365 -2004
-3135 -1030 -795 -3619 -3331 -1173 -440 1999
-405 -836 -323 -770 -642 490 938 -584
-2005 -787 -959 1786 -807 -2097 -523 -1166
910 -1048 -1611 136 -1460 -1173 396 1491
-1742 1888 -666 -3010 -1858 -2237 1572 -1682
-2293 -1350 132 -2739 -2721 108 -946 1061
-887 -151 -601 254 98 -477 860 358
-1985 -1597 -2071 1443 -1563 -2314 302 -1804
1006 -382 -1415 -637 -1378 -955 -476 1138
-2539 1307 463 -2754 -2363 -1758 2034 -750
-1485 -1133 463 -1687 -1633 733 -771 25
-1844 19 -1649 332 316 -1495 8 714
-1445 -2009 -2657 588 -2259 -1617 1131 -1715
568 350 -648 -1164 -1125 -792 -1028 464
-2698 342 1594 -1817 -2394 -1221 1862 174
-1076 -592 228 -952 -650 655 -399 -632
-2586 -236 -2549 80 -463 -2370 -772 630
-893 -2049 -2742 -132 -2663 -670 1692 -1222
-230 689 354 -898 -924 -880 -894 -512
-2402 -460 2175 -921 -2487 -398 1326 832
-1020 -91 -379 -668 239 -8 566 -759
-3108 -748 -3454 -630 -1603 -2634 -1498 166
-298 -1645 -2164 -607 -2063 137 1576 -304
-1274 545 1399 -229 -976 -1214 -441 -1299
-1943 -727 2078 -231 -2028 313 570 782
-1608 509 -1315 -1028 546 -966 1005 -185
-3015 -1460 -3502 -180 -2512 -1830 -1592 -730
-257 -1044 -1353 217 -1117 625 1157 133
-2127 73 2120 -424 -1248 -1488 267 -1419
-1456 -791 1739 -777 -1334 630 -182 618
-2185 639 -1948 -381 -153 -1932 1138 366
-2752 -1801 -3350 -37 -3148 -595 -1271 -1395
-597 -443 -559 223 -350 369 429 450
-2442 -505 2196 331 -1807 -1226 999 -1150
-989 -540 1125 -446 -492 666 -467 -43
-2937 374 -2099 -1235 -859 -2448 717 1088
-2102 -2154 -2690 -715 -2781 465 -560 -1736
-1194 -49 -84 851 244 -560 -343 -90
-2331 -1141 1833 1184 -2263 -841 1379 -604
-985 -10 535 -592 50 184 -302 -820
-3374 63 -1893 -1954 -2029 -2108 -66 1193
-1590 -1733 -1948 -782 -1503 1370 -2 -1570
-2040 27 -105 1699 138 -1403 -567 -695
-1941 -1443 1185 1579 -2101 -157 1119 117
-1426 433 293 -1212 246 -799 180 -1140
-3622 -465 -1518 -2574 -3111 -1092 -621 1004
-1673 -1393 -1800 -337 -199 1563 62 -1177
-2533 -240 -518 2358 -662 -1793 -486 -1299
-1696 -1434 813 1532 -1552 803 607 300
-2024 645 581 -2011 -12 -1630 740 -952
-3408 -1125 -731 -3120 -3128 132 -1119 584
-1903 -980 -1804 245 997 579 -78 -632
-2850 -687 -1062 2860 -1778 -1842 -71 -1617
-1237 -1154 489 1152 -780 1032 19 306
-2635 559 1093 -2681 -1010 -2031 1025 -542
-3088 -1213 -333 -2953 -2321 1663 -1346 79
-2189 -693 -2074 771 1343 -601 -429 -556
-2890 -1164 -1746 3139 -2540 -1201 431 -1757
-1303 -981 562 796 115 834 -392 -14
-3082 358 1675 -3000 -2204 -1683 1018 -31
-2882 -1137 -850 -2622 -807 2174 -1133 -327
-2835 -510 -1985 1322 573 -2038 -1012 -408
-2638 -1478 -216 2870 -2733 154 776 -1437
-1507 -477 1219 210 556 -96 -650 -638
-3154 -60 315 -2877 -2484 -561 580 333
-2724 -741 -1960 -2135 821 1649 -785 -497
-3495 -917 -2681 1321 -686 -2868 -1546 -800
-2248 -1588 -666 2456 -2207 1298 921 -912
-1932 -282 1535 -159 149 -1120 -538 -1022
-3207 -417 833 -2795 -2704 696 65 629
-2983 -378 -2383 -1839 1943 437 -580 -127
-3809 -1339 -3407 1143 -2366 -2516 -1875 -1254
-2038 -1444 -709 2120 -941 1923 590 -480
-2490 -424 2211 51 -329 -1650 -243 -942
-3068 -304 780 -2498 -1647 1793 -265 550
-3338 -168 -2807 -1857 1674 -1281 -524 222
-3768 -1794 -3808 601 -3413 -970 -1620 -1684
-2091 -1364 -576 2087 487 2053 339 -345
-2636 -682 2573 325 -1126 -1434 0 -742
-2691 -391 783 -2152 -56 1952 -587 288
-3838 51 -3416 -2036 522 -2751 -839 665
-3806 -2080 -4132 357 -3572 922 -1562 -1789
-2301 -1071 -175 2173 1375 762 -82 -320
-2851 -916 2781 585 -1963 -825 76 -346
-2615 -49 411 -2197 1315 1326 -512 -155
-4469 -226 -4011 -2617 -1410 -3054 -1260 919
-3762 -2346 -4289 108 -2295 2829 -1347 -1824
-2470 -932 181 2266 1622 -648 -490 -346
-2763 -1271 2864 1051 -2205 -30 -60 98
-2793 402 -145 -2393 1749 -222 -432 -136
-4899 -341 -4314 -3133 -3397 -2036 -1938 925
-3680 -2325 -4112 -38 -329 3656 -1054 -1534
-2976 -983 390 2804 923 -1964 -373 -614
-2496 -1480 2552 1334 -1639 965 -366 423
-2941 712 -492 -2192 1301 -1725 -95 32
-5177 -489 -4556 -892 -4182 92 -2131 1024
-3664 -2214 -3942 2458 1696 2711 -1086 -1337
-3273 -1324 169 3263 -607 -2720 -87 -605
-2205 -1397 2195 102 -736 1479 -806 545
-3291 903 -643 -2823 -330 -2494 137 449
-5252 -713 -4446 -1202 -3144 2535 -2380 828
-3859 -2122 -3878 2737 3098 701 -1221 -952
-3297 -1675 -45 3662 -2140 -2451 90 -464
-1966 -1244 1798 46 159 1004 -1128 489
-3664 1092 -795 -3172 -2143 -2176 159 730
-5134 -852 -4351 -1330 -1333 4118 -2502 678
-4154 -2123 -4130 3039 2984 -1673 -1568 -957
-3326 -1904 -392 3889 -3000 -837 376 -59
-1833 -1143 1632 -50 908 596 -1182 480
-3877 934 -607 -3529 -3038 -920 121 1094
-5277 -597 -4470 -1086 1596 3670 -2329 907
-4589 -2233 -4521 3458 1190 -3886 -1602 -1060
-3282 -2285 -922 4219 -3398 825 709 428
-1882 -867 1633 -265 676 -73 -1278 283
-3938 882 -490 -3635 -2886 1347 -36 1545
-5453 -421 -4578 -943 3704 1907 -2149 900
-5077 -2426 -5044 3931 -1509 -4483 -1708 -1157
-2921 -2370 -1251 4035 -2408 2181 526 1036
-1983 -790 1737 -552 249 -943 -1001 377
-4072 845 -428 -3721 -1606 2984 -148 1700
-5708 -279 -4960 -766 3952 -1116 -2180 1498
-5253 -2814 -5467 3936 -3973 -2812 -1378 -1277
-2822 -2387 -1395 4023 -431 3174 432 1455
-2117 -780 1852 -629 -178 -1190 -875 544
-3861 959 -495 -3494 575 3017 -138 1755
-5984 20 -5363 -476 2040 -4047 -2253 1857
-5638 -3104 -5963 4100 -5490 -149 -1069 -1540
-2735 -2256 -1366 3858 1389 2871 499 1711
-2189 -974 1661 -433 -860 -578 -738 673
-3626 1032 -2775 -3112 2318 1950 -94 1723
-6390 127 -5826 -375 -642 -4916 -2375 2000
-5665 -3323 -3455 4040 -4625 3035 -815 -1393
-2907 -2388 1122 3773 2885 1008 317 1774
-2165 -1015 1446 -364 -1171 -150 -576 1003
-3614 1417 -3082 -2908 2487 -178 208 1603
-6908 114 -6329 -375 -3967 -3675 -2561 2099
-5626 -3575 -3770 3859 -1824 5368 -304 -1488
-2962 -2362 1137 3933 3082 -989 578 1793
-2144 -1093 1420 -221 -876 339 -595 1318
-3578 1696 -3355 -2780 1602 -2400 626 1816
-7261 -16 -6877 -605 -6144 -972 -2894 1942
-5520 -3673 -3835 3697 1538 5305 218 -1152
-3191 -2606 1279 4202 1706 -2652 773 1836
-1920 -1370 1474 184 -698 914 -700 1462
-3630 2059 -3794 -2827 -193 -3022 899 2124
-7416 -37 -7026 -677 -5234 2817 -2579 1892
-5664 -3563 -3863 3823 4825 2986 330 -840
-3298 -2663 1438 4423 -528 -3674 1151 1962
-1552 -1246 1173 205 -551 783 -796 1476
-3888 2338 -4091 -3019 -2615 -2426 1361 2294
-7572 -142 -7239 -845 -2461 5836 -2707 1810
-5711 -3608 -3786 3930 5601 -423 441 -846
-3329 -2999 1355 4715 -2377 -3143 1521 2229
-1199 -1250 828 420 -231 608 -801 1164
-4147 2591 -4476 -3283 -4142 -767 1452 2750
-7604 -194 -7188 -967 1298 5848 -2522 1432
-6014 -3549 -3654 4282 3684 -3922 711 -786
-3262 -3240 1013 5028 -4099 -951 1831 2604
-1016 -943 410 250 -23 592 -490 916
-4395 2617 -4666 -3536 -3728 2057 1554 2859
-7692 -76 -7036 -802 5105 3483 -1993 1344
-6301 -3545 -3737 4551 353 -6299 1005 -1022
-3099 -3586 657 5239 -4312 1293 2053 3002
-799 -741 144 -281 -466 414 -305 612
-4544 2574 -4607 -1310 -2073 3841 1598 3119
-7604 1 -7027 3694 5958 119 -1809 1476
-6679 -3718 -3962 7787 -3560 -5617 1282 -1381
-2778 -3639 283 5158 -2543 3745 2096 3373
-880 -723 38 -421 -342 166 252 421
-4472 2592 -4485 -1287 690 3792 1723 2952
-7773 260 -7066 3969 4112 -3902 -1631 1363
-6746 -3999 -4258 7901 -6423 -2290 1913 -1395
-2571 -3803 -15 5290 -190 4902 2036 3397
-1051 -627 38 -586 -40 457 814 427
-4146 2500 -4167 -1161 3033 2346 1619 2472
-8014 540 -7201 4494 530 -6422 -1597 1435
-6948 -4253 -4600 8313 -6766 1923 2351 -1762
-2451 -3611 -167 5054 1982 3610 1870 3170
-1066 -745 268 -735 -346 246 1142 453
-3861 2664 -4238 -899 3417 210 2118 2395
-8402 752 -7582 4846 -3676 -5666 -1721 1316
-7004 -4715 -5045 8483 -4193 6063 2976 -1967
-2376 -3495 -80 4839 3835 1249 1792 2937
-1139 -940 520 -722 -355 -189 1208 447
-3629 2988 -4363 -456 2163 -2659 2551 2053
-8762 816 -7971 5156 -6917 -2300 -1690 919
-6768 -4943 -5311 8224 -334 7736 3670 -1803
-2393 -3332 -42 4625 3764 -1055 1854 2513
-984 -1125 493 -460 -191 -83 1179 398
-3602 3311 -4662 -8 -66 -3864 2901 1902
-9054 707 -8417 5198 -7071 2144 -1865 288
-6510 -5056 -5395 7893 3703 5943 3895 -1619
-2680 -3389 338 4642 1532 -3403 2109 2174
-681 -1392 551 29 -929 108 973 16
-3565 3658 -5047 258 -2916 -2926 3344 2181
-9272 305 -8706 4867 -4271 6388 -1726 -616
-6216 -4745 -4956 7534 6362 2106 3857 -1472
-3090 -3399 2647 4732 -1101 -4126 2289 2090
-255 -1506 731 510 -1122 28 759 -482
-3670 4034 -4648 507 -4753 -637 3346 2168
-9110 285 -5520 4695 -225 7824 -1603 -1364
-6163 -4607 -477 7470 6008 -2163 3759 -1615
-3239 -3752 3418 5306 -3840 -2513 2648 1851
306 -1351 336 1015 -1254 451 858 -1471
-4045 4222 -5247 339 -4232 2007 3156 2425
-8868 88 -5502 4222 4040 5921 -1176 -1738
-6450 -4296 110 7588 2460 -5884 3566 -2025
-3154 -4155 3441 5799 -5483 10 2808 2221
614 -1029 -95 1239 -1541 1452 1013 -2281
-4317 3947 -5511 -205 -2377 4758 2639 2402
-8415 -38 -5145 3862 6470 2269 -557 -2086
-6729 -4211 402 7948 -1944 -6428 3611 -2555
-2817 -4637 3326 6362 -4582 2713 2528 2366
549 -590 -689 899 -947 1491 1517 -2545
-4316 3741 -5420 -457 75 4920 1964 1767
-8107 373 -4507 4145 5545 -2489 -492 -1801
-7206 -4085 627 8602 -6307 -3749 3723 -3164
-2431 -4716 2585 6499 -2277 5050 1765 2403
374 -123 -1194 490 92 1536 1994 -2726
-4232 3358 -5132 -825 2726 3602 1478 1240
-7876 774 -3890 4389 1895 -5788 -553 -1787
-7404 -4298 513 9009 -8044 281 4140 -3587
-1871 -4582 1881 6243 280 5529 910 1786
77 -95 -1239 61 520 1606 2092 -2610
-3822 3094 -4510 -796 3880 1393 1387 444
-8063 1256 -3522 4946 -2349 -5713 -1180 -1914
-7409 -4805 19 9198 -6320 4813 4747 -3619
-1531 -4179 1331 5779 3016 3709 245 1087
-464 -207 -1007 -417 438 773 2095 -2380
-3085 3002 -3747 -401 2492 -1548 1604 -203
-8442 1672 -3520 5715 -6415 -2905 -1858 -2144
-6991 -5145 -746 9607 -2639 7875 4953 -3068
-1495 -3585 1128 3748 4138 1094 -44 312
-549 -737 -347 -433 510 50 1583 -2140
-2627 3442 -3238 2793 165 -3153 2018 -591
-8826 1546 -3979 8914 -7791 918 -2739 -3030
-6357 -5367 -1330 9053 1754 7731 4895 -2626
-1690 -2912 1170 2843 2712 -1270 -70 -559
-564 -1249 326 -666 -306 246 679 -2091
-2300 3855 -3128 3341 -2163 -2269 2105 -335
-9330 1211 -4711 9295 -5648 5346 -2892 -3972
-5622 -5374 -1763 8376 5426 4639 4291 -2038
-2153 -2733 1771 2352 588 -3311 138 -890
73 -1769 1025 -173 -1664 144 -225 -2714
-2310 4535 -3566 4304 -4708 -443 2034 388
-9166 622 -5294 8821 -1896 7997 -2552 -4813
-5029 -4771 -1500 7443 6167 723 3313 -1729
-2787 -2826 2659 2078 -1962 -2847 607 -708
723 -1869 952 561 -1807 803 -606 -3662
-2748 4923 -4237 4631 -4710 1985 1213 932
-8842 81 -5616 8269 2298 7211 -2118 -5356
-4794 -4046 -764 6478 3724 -3041 2250 -2044
-3090 -3283 3201 2391 -4308 -687 442 -14
1607 -1720 603 1603 -1819 2276 -657 -4521
-3315 5040 -4953 4690 -2800 4678 193 1330
-8016 -315 -5263 7152 5459 4004 -1426 -5190
-4898 -3261 111 5888 103 -5140 1344 -2443
-3011 -3875 3252 3160 -4949 1810 -239 690
1905 -1007 -326 2187 -1703 2670 -76 -4880
-3871 4549 -5477 4014 -622 5773 -1227 1010
-6994 -377 -4543 6050 5287 640 -973 -4508
-5527 -2857 984 6121 -3618 -3914 1230 -3350
-2670 -4365 2919 3983 -3267 4698 -1322 1191
1834 -170 -1397 2340 -552 2880 567 -4634
-4102 3775 -5204 2995 1935 4365 -2044 363
-6215 79 -927 5379 2777 -2863 -1324 -3596
-6181 -2899 5055 6683 -6329 -545 1564 -3565
-1820 -4682 5257 4703 -876 6108 -2420 1144
1338 405 -431 1883 562 3039 867 -3770
-3764 2941 -3370 1943 3378 2709 -2662 -716
-5694 979 594 5347 -465 -4322 -2030 -2692
-6430 -3431 5220 7471 -6145 3390 2120 -3354
-901 -4144 4068 4696 1131 4803 -3603 96
436 498 -1023 733 677 2133 666 -2462
-2999 2198 -2694 1170 2520 823 -2276 -1423
-5850 1611 1413 5857 -3694 -2565 -3271 -2455
-6421 -4010 4955 8140 -3205 6992 2433 -2450
-172 -3388 2806 4298 3131 3221 -4182 -532
-471 146 -1222 -469 699 1099 -234 -1387
-1847 2086 -1404 1074 953 -1134 -1584 -1334
-6488 2105 1913 6843 -5841 425 -4116 -2915
-5695 -4766 3755 8265 -120 7724 2564 -961
-128 -2376 1635 3189 3160 1537 -3918 -1474
-914 -701 -596 -1238 250 1060 -1326 -788
-1047 2445 -183 1754 -828 -1383 -893 -667
-7163 2133 1732 7577 -4947 3977 -4602 -3694
-4541 -5131 2351 7772 2977 5834 1576 303
-944 -1324 1375 1765 1497 -635 -3145 -1670
-754 -1697 580 -1467 -806 1468 -2681 -796
-516 3255 581 2834 -2716 240 -713 448
-7626 1514 831 7908 -2201 6923 -4385 -4329
-3276 -4775 1029 6333 4743 3338 337 1370
-1882 -878 1701 558 -207 -1180 -2013 -1147
-138 -2390 1711 -855 -1014 1473 -3221 -1552
-723 4140 611 3939 -3352 1969 -1129 1795
-7562 570 -401 7442 631 6861 -3276 -4509
-2333 -3866 529 4806 4207 626 -981 1370
-2899 -1006 2764 183 -2220 311 -1575 59
1036 -2485 2625 427 -829 2312 -3111 -2339
-1568 4651 -181 4872 -2057 3898 -2393 2693
-6931 -631 -1757 6960 3088 5196 -2016 -3936
-2012 -2595 819 2393 1633 -1856 -2060 746
-3409 -1580 3884 -1805 -3033 2015 -1623 1428
1963 -2118 2735 538 -992 3287 -2096 -2718
-2412 4549 -1431 5577 -497 5214 -3607 2791
-5526 -1281 -2347 5524 4340 2965 -1002 -2601
-2395 -1372 1798 892 -715 -1696 -2090 -95
-3390 -2691 4899 -1338 -2177 3632 -2517 2770
2369 -1169 1983 1912 -281 3112 -870 -2382
-3323 3807 -2833 5334 687 4693 -4731 2238
-4144 -1152 -1972 3861 3185 580 -750 -834
-3027 -788 3030 265 -3024 494 -1430 -747
-2527 -3474 4976 -2 -725 5118 -3828 3010
2242 12 590 2897 911 3348 140 -1081
-3562 2618 -3448 4193 2215 3634 -4689 875
-2912 -454 -916 2174 982 -1091 -1433 751
-4123 -653 4206 496 -3590 2622 -23 -580
-1434 -3642 4145 1410 615 5278 -4684 2406
1420 1034 -997 3053 976 3120 653 694
-3261 1431 -3379 2534 2673 2773 -3956 54
-2313 588 619 1196 -717 -335 -2692 1423
-4735 -1262 4575 1456 -2029 4631 1250 445
-192 -3188 2803 2560 2352 3907 -5144 1386
53 1268 -2100 2217 870 2449 149 2301
-2020 497 -2189 923 1615 1303 -2440 -293
-2614 1791 2049 1329 -2537 1392 -3623 1214
-4628 -2455 3923 2915 -54 6052 1586 2022
682 -1891 821 2946 2852 2798 -4346 122
-1145 745 -2197 602 1115 2414 -1113 3161
-732 204 -742 -170 895 761 -867 352
-3450 2369 2636 2230 -2392 2870 -3880 70
-3690 -3427 2436 4122 1671 5738 1364 3716
738 -519 -473 2232 1840 1623 -2609 -402
-1716 -397 -2031 -1146 910 2595 -2223 3136
633 762 349 -269 -26 1611 244 1810
-4548 2277 4513 3653 -866 4723 -3349 -998
-2142 -3882 3857 4447 3241 3892 204 4689
-27 667 -214 639 959 869 -884 57
-1474 -1773 -1374 -2270 221 2424 -3028 1979
1114 1760 1813 542 -833 2449 307 3305
-5309 1491 4182 4926 508 5656 -1786 -1613
-561 -3696 1833 3976 3373 2706 -1170 4778
-1433 1370 -823 -1175 502 1661 520 1268
-602 -2779 182 -2440 506 2794 -2596 686
749 2935 2786 2112 -202 2979 -495 4543
-5377 -1 2586 5489 1961 4917 165 -1298
538 -2462 257 2287 2028 1113 -2142 3516
-2764 1041 -223 -2567 -298 2521 959 2891
775 -3032 1836 -1606 869 3321 -1359 -413
-321 3753 2629 3656 636 4063 -1821 4799
-4501 -1433 561 4910 3163 3583 1877 -38
920 -914 -731 251 1266 676 -2251 2053
-3395 72 1178 -2950 -232 2999 408 4131
1980 -2519 3038 -5 879 3195 595 -592
-1519 3694 1382 4414 1086 4302 -2819 3687
-3103 -2333 -1147 3458 3002 2734 2570 1592
363 426 -242 -1406 364 1633 -1049 553
-3408 -1367 3021 -2286 752 4022 -961 4520
2717 -1131 3160 1904 1624 3137 2551 327
-2655 2925 -454 4285 1975 3640 -3074 1963
-1363 -2168 -2079 1249 1914 1594 2009 3349
-895 1186 1180 -2070 -413 2526 829 -91
-2420 -2318 4090 -678 1483 4242 -2151 3797
2366 232 1990 3051 1740 3208 3144 1741
-3148 1458 -2220 2914 2565 3226 -2007 381
20 -1371 -1907 -602 1498 1336 678 3813
-2259 1043 2844 -1724 177 3391 2825 445
-1003 -2832 4446 1155 2019 3552 -2629 2037
1317 1450 165 3233 1668 3168 3052 3448
-2785 -238 -3320 2534 2143 3043 -180 -703
402 128 -513 -1607 862 2035 -671 3403
-3052 -23 4274 -2518 1257 4385 3784 1695
470 -2263 3451 1031 2794 3003 -1919 121
-328 1621 -1798 3237 1956 2682 1702 4288
-1460 -1195 -3183 504 2045 2255 1818 -553
-34 1529 1372 -2575 396 2542 -1504 1805
-2959 -1385 4532 -889 1789 4196 3692 3456
1493 -938 1618 2684 2513 2889 -160 -1138
-1560 1122 -2969 2229 2027 2896 136 3850
126 -1435 -1884 -1472 1992 2238 3275 603
-1206 2284 2934 -2233 904 3173 -1002 -206
-2366 -2693 4089 1058 2815 3510 2614 4444
1334 705 -511 2874 2000 2164 1850 -1257
-2272 -197 -3077 315 1792 3040 -1076 2370
1429 -631 117 -2570 1426 2548 3486 2231
-2643 2179 3672 -735 1715 3881 230 -1621
-667 -3150 2170 2713 3178 3007 854 4199
442 1892 -1922 2123 2151 1925 3355 -322
-1989 -1905 -1865 -1844 1976 2740 -1033 314
2133 727 1906 -2595 1418 2386 2666 3429
-3779 1375 3384 1127 2192 3595 2068 -2097
850 -2879 129 3256 2739 2355 -385 2838
-1127 2531 -2385 283 1576 2689 3886 1331
-878 -2861 -70 -2984 2332 2825 5 -1429
1704 2344 3053 -1352 2041 3044 1018 3574
-4051 -198 1826 2995 2898 3165 3962 -1340
1966 -1667 -1598 2509 2508 1648 -945 675
-2550 2211 -1636 -1677 1775 2861 3331 2746
640 -3132 1856 -3086 2172 2767 1786 -2211
477 3171 2951 697 2317 3238 -576 2445
-3235 -1824 -363 3818 3309 2941 4630 177
2256 -99 -2040 1019 2428 1741 -429 -1005
-3388 859 -2160 -3166 2283 2910 1485 3124
2104 -2560 1733 -2027 2258 2455 3606 -1783
-1150 3400 3407 2660 2421 2870 -1396 580
-1815 -2563 288 3333 2844 2183 3916 1741
1338 1272 -2256 -970 1710 2274 1294 -2223
-3217 -847 -214 -3456 2425 3263 -274 2251
2847 -1162 3041 -130 2889 2667 4532 -498
-2526 2520 1989 3737 2941 2691 -1002 -1512
-154 -2418 -1398 1723 2683 1469 2391 2361
-153 1970 -1595 -2719 1748 2509 3096 -2153
-2283 -2165 1866 -2563 2511 3022 -1469 417
2671 569 3230 1989 2827 2460 4175 1061
-3006 1121 32 3686 3272 2609 366 -2931
995 -1376 -2279 -311 2411 1713 471 1999
-1801 1751 39 -3400 2424 2890 4354 -1019
-612 -2701 3370 -678 3195 2430 -1391 -1693
1301 1831 1888 3304 2677 2120 2761 2146
-2607 -507 -1890 2340 2978 1884 2105 -3000
1262 67 -1687 -2097 1801 2009 -781 305
-2698 480 2319 -2567 2588 3366 4095 808
854 -2420 3773 1299 3509 2191 -162 -3191
1 2122 51 3407 2937 2020 763 1987
-1338 -1367 -2736 312 2950 1390 3429 -1965
657 1724 -144 -2952 1994 2286 -1108 -1530
-2976 -1204 4060 -867 3121 3014 2945 2052
1724 -1024 2786 2771 3071 1625 1530 -3590
-1375 1586 -1770 2289 2854 1961 -822 713
330 -1493 -2459 -1665 2399 1828 3506 -327
-867 2449 1974 -2317 2428 2822 -143 -3352
-2255 -2595 4746 1082 4051 2306 881 2400
1791 355 1180 3187 2953 1029 2898 -2872
-1995 71 -2987 319 2626 1646 -1433 -1155
1688 -585 -1051 -2667 2143 1914 2428 1113
-2633 2485 3846 -820 2907 3206 1284 -3900
-936 -3303 4020 580 4091 1631 -957 1479
757 1632 -902 2617 2901 1216 3356 -1296
-1849 -1482 -3074 -125 2771 1711 -890 -2833
2089 898 975 -3065 2573 2072 602 1712
-3792 1600 4873 -1364 3774 2717 2955 -3474
476 -3046 2486 2075 3583 566 -2014 -222
-625 2021 -2196 1670 2249 1301 2528 273
-545 -2461 -1645 -2062 2466 2049 515 -3479
1643 2475 2956 -2772 2887 2627 -1412 898
-4291 -12 4463 678 4468 1946 3758 -1923
1324 -1979 605 2508 3030 -4 -1758 -1888
-2234 1393 -2350 -413 1840 1668 649 1036
1062 -3003 246 -3451 2869 2040 2171 -3325
205 3657 4047 -1287 3233 2735 -2544 -540
-3785 -1249 3195 2291 4332 819 3319 -159
1256 -525 -734 1743 2176 332 -635 -2953
-2971 30 -1303 -2389 2366 2328 -1173 767
2299 -2229 2143 -3406 3386 1933 3201 -1776
-1228 3787 3975 519 4112 2005 -2794 -2404
-2515 -2067 1251 3103 3668 -398 1914 1065
311 715 -1108 -41 1318 967 885 -2871
-2952 -1638 543 -3888 2880 2771 -2629 -552
3138 -719 3582 -2288 3678 2065 3036 147
-2527 3224 2887 2361 4514 1206 -1891 -3632
-1355 -1982 -78 2597 2724 -814 351 1012
-1242 1111 -140 -2132 1193 1968 2008 -1451
-1931 -2980 2610 -4138 3789 2322 -2921 -2432
2931 726 3566 -401 3772 1526 1754 1481
-3133 1804 990 3454 3950 225 -301 -3924
-416 -976 -702 1227 1660 -147 -1309 238
-2786 802 1621 -3543 2192 3026 2073 255
-558 -3856 4222 -3425 4669 1841 -2071 -3928
1999 1762 2661 1256 3942 525 -88 1983
-2694 530 -669 3198 3203 -589 1077 -3009
-319 508 -680 -723 788 820 -1824 -1366
-4033 -320 881 -4258 3489 3308 1016 1882
633 -3513 3312 -2034 4655 572 -691 -4252
535 2139 2589 2541 3537 107 -1764 1477
-1594 -186 -10 1936 2262 -492 1296 -1424
-1040 2026 -37 -2440 1103 2226 -1026 -2757
-4337 -1767 2828 -3749 5137 2437 -770 2679
1514 -2533 3774 -323 4151 -747 791 -3707
-727 1461 902 2359 2535 -190 -2368 -17
-273 -327 -832 120 1402 248 585 264
-2596 2740 1744 -3091 2371 3409 396 -3322
-3830 -3298 4523 -2274 5914 1065 -2601 2227
1530 -1063 2893 993 3091 -1274 1642 -2113
-1118 401 -624 1388 2045 -90 -2197 -1243
769 705 -284 -1429 932 1122 -887 994
-4180 2833 3705 -2754 4155 3271 2119 -2851
-2916 -3906 5084 -771 5392 -1097 -3584 1224
597 -261 1387 1040 1569 -1015 1232 -640
-787 -1077 -1692 -363 1854 793 -839 -2190
1265 2116 1003 -2306 1860 2268 -2583 805
-5374 1973 5510 -1371 5869 1953 3095 -1380
-1722 -3860 4672 523 3850 -2731 -3658 -137
-637 6 -297 158 724 -39 149 587
123 -1989 -1634 -2051 1842 1312 713 -1727
752 3458 2840 -2089 3207 2686 -3694 -229
-6124 780 6481 356 6364 -11 3099 409
-1179 -2927 3349 816 1735 -2935 -2831 -1175
-1999 -768 -1329 -1715 698 1545 -1433 521
1522 -2269 -479 -3132 2594 1535 1665 -494
-463 4535 4666 -716 4479 2025 -3769 -1845
-5592 -234 6161 1584 5140 -2430 2347 1687
-1370 -1705 1770 0 -446 -1522 -1475 -1082
-2641 -1887 -1403 -3465 1697 2711 -2493 -450
2489 -1632 1063 -3102 3611 1491 1927 1203
-1877 4714 5559 -1661 5448 580 -3043 -3068
-4886 -929 5262 -1095 2967 -3877 997 2143
-2261 -885 905 -2185 -1130 540 -446 -137
-2702 -3378 -650 -4440 3305 2897 -2832 -1902
3102 -589 2547 -3682 4200 569 1329 2643
-2810 4254 5531 -795 5094 -1125 -1545 -3428
-3938 -804 3978 -565 503 -3424 -200 1870
-3662 -371 651 -3834 -70 3081 -2 1346
-1963 -4419 776 -5527 5064 1773 -2091 -3093
3151 749 3638 -2849 4305 -529 -146 3301
-3362 3208 4654 395 3683 -2828 -376 -2938
-3333 91 2860 -1265 -1607 -1379 -581 645
-5224 -790 1584 -5843 2227 4683 -563 2817
-1002 -4939 2246 -5977 5771 -156 -876 -3613
2189 1553 3639 -1469 3582 -1593 -1395 3029
-3140 2186 3270 1264 1945 -3147 502 -1773
-3384 1089 2629 -2382 -1759 1231 -86 -299
-6063 -1776 2982 -6930 4931 3891 -1947 3299
44 -4779 3202 -5407 4847 -2350 514 -3242
1033 1660 2685 -34 2218 -1846 -2015 1926
-2214 1565 2155 881 -169 -2088 240 -404
-4069 2341 3227 -4032 39 3833 927 -899
-6504 -3027 4546 -7761 7254 1454 -3187 3155
649 -4093 3537 -4305 3083 -3723 1544 -2302
83 1212 1320 794 1155 -1595 -1917 760
-1326 1792 1784 -124 -1085 -246 -622 348
-5339 3039 4679 -5485 2908 4946 2446 -543
-6016 -4106 5723 -7300 7162 -1861 -4079 2267
555 -3195 2814 -3186 690 -3554 1704 -972
-376 310 118 695 481 -679 -1094 102
-633 2398 2061 -1374 -392 1652 -1519 245
-6432 2923 6172 -5999 5878 3540 3584 457
-5553 -4589 6159 -6545 5049 -5087 -4237 1080
-284 -2418 1646 -2362 -1301 -1962 1117 -13
-215 -688 -648 -107 564 550 190 64
-361 3380 1413 -2547 1182 3154 -2301 -589
-7425 2422 3864 -5748 7506 477 3670 1759
-4666 -4511 2597 -5366 1603 -6085 -3657 160
-1236 -2279 -898 -2401 -1697 363 182 55
530 -1315 -1364 -1277 1221 1183 1010 830
-828 4368 2472 -3026 3374 3113 -2564 -1611
-7773 1560 4861 -4982 6875 -3438 3409 2794
-4289 -3752 2077 -4682 -2024 -4581 -2719 -168
-2237 -2839 -2268 -3298 -465 2676 -635 -499
1383 -1550 -1379 -2390 2542 1264 1378 1868
-1575 5034 3736 -2884 5170 1439 -1807 -2694
-7629 781 5449 -3910 4030 -6037 2258 3413
-4440 -3117 1129 -4718 -4233 -1455 -1896 9
-2761 -3546 -3121 -4282 2127 3513 -924 -1420
2082 -1193 -705 -3029 3305 538 961 2735
-2571 5317 4904 -2120 5693 -1005 -839 -3161
-7203 370 5371 -3204 236 -6453 1471 3263
-5193 -2165 -143 -5351 -3598 2468 -1384 907
-2925 -4468 -3321 -5486 4531 2525 -353 -2321
2359 -414 406 -2950 3536 -586 156 3287
-3487 4678 5601 -850 4593 -3367 333 -2980
-6629 474 4548 -2922 -3337 -4216 878 2552
-5948 -1873 -824 -6284 -521 5116 -1619 1648
-2411 -5258 -2794 -6275 5785 206 596 -3014
2082 349 1214 -2295 2965 -1832 -788 3122
-3641 4080 5387 -164 2072 -4659 998 -2327
-5956 1012 3555 -3240 -4791 -547 952 1814
-6895 -2244 -956 -7524 3556 5483 -2390 2114
-1838 -5603 -2109 -6533 5302 -2701 1449 -2902
1450 914 1830 -1270 1914 -2384 -1461 2371
-3663 3386 4920 566 -371 -4242 1281 -1478
-6024 1768 2961 -4103 -3448 3284 1586 1181
-7575 -2693 -780 -8420 6978 3086 -3247 1976
-1177 -5309 -1155 -5788 3110 -4622 2397 -2305
724 1129 1808 -1378 616 -2206 -1597 1542
-2997 2946 3901 -2265 -2526 -2252 742 -1011
-6523 2482 2810 -6938 61 5632 2434 1458
-7806 -3385 4 -8735 7957 -998 -3875 1138
-899 -4761 -666 -4754 204 -4977 2623 -1399
100 706 1096 -448 -92 -1333 -1009 750
-2511 2831 3234 -2227 -2823 127 308 -745
-7191 2723 3210 -7789 4222 5243 2883 1986
-7510 -4028 923 -9057 6186 -5005 -3856 307
-1154 -4183 -860 -3891 -2480 -3132 2149 -807
-448 124 312 123 -335 -312 -335 538
-2306 3278 3120 -2757 -1577 2420 -148 -1197
-7936 2643 4027 -8672 7238 2539 3017 2856
-7099 -4306 1441 -8892 2134 -7565 -3839 -535
-1558 -3635 -1280 -3157 -3285 -301 1638 -562
-525 -432 -431 361 243 337 286 641
-2085 3911 3318 -3548 942 3468 -328 -1855
-8479 2339 4776 -9070 7802 -1738 2699 3544
-6591 -4138 1516 -8193 -2261 -6836 -3058 -1006
-2231 -3538 -2054 -2648 -2146 2469 1144 -689
-46 -835 -815 -127 978 556 588 1143
-2543 4415 3962 -4177 3470 2830 40 -2445
-8757 1686 5541 -8836 5452 -5708 1913 3829
-6413 -3802 1273 -7592 -5367 -3455 -2439 -955
-2892 -3570 -2912 -2451 431 3918 948 -1174
329 -900 -788 -676 1677 331 358 1722
-3011 4732 4724 -4406 5032 780 663 -2689
-8421 1176 5710 -8200 1236 -7619 1268 3761
-6312 -3183 628 -7072 -5642 1202 -2315 -565
-3216 -3984 -3465 -2737 3363 3075 994 -1867
469 -851 -601 -992 1819 -488 -98 1908
-3579 4630 5260 -4158 4820 -1822 1570 -2605
-7984 897 5556 -7563 -2973 -6501 785 3361
-6745 -2890 -1099 -7094 -3234 5118 -2215 -270
-3355 -4544 -5716 -3265 5180 812 1642 -2032
600 -395 -912 -1232 1575 -1136 -689 1743
-3819 4280 3226 -3579 3017 -4096 1961 -2103
-7586 935 821 -7022 -5517 -2934 660 2616
-7195 -2383 -5078 -7233 1222 6445 -2597 8
-3070 -4720 -5665 -3649 4854 -2133 1919 -2016
290 133 -246 -1011 956 -1423 -1128 1260
-4008 3823 3482 -3010 497 -4840 2063 -1617
-7338 1101 460 -6904 -5716 1557 836 2462
-7612 -2598 -5314 -7583 5186 4536 -2879 -173
-2806 -4804 -5369 -3908 2670 -4386 2409 -1707
-115 300 280 -528 225 -1264 -1160 756
-4107 3258 3637 -2365 -1886 -3936 1893 -1101
-7259 1509 -47 -7038 -2890 5213 963 2393
-7776 -2781 -5364 -8105 7400 749 -3113 -739
-2598 -4593 -4966 -3797 -295 -4893 2554 -1214
-676 409 629 135 93 -966 -928 194
-3871 2897 3453 -1965 -3337 -1985 1588 -813
-7283 1929 -448 -7192 1310 6025 1298 2402
-7789 -3174 -5187 -8379 6596 -3464 -3132 -1180
-2605 -4230 -4502 -3469 -2965 -3301 2386 -871
-1059 126 491 630 -9 -433 -529 82
-3652 2867 3078 -1979 -3117 850 1222 -1087
-7609 2037 -444 -7706 5038 4365 1310 2894
-7565 -3329 -4854 -8335 3068 -6545 -2956 -1644
-2726 -3599 -4247 -2771 -3992 -405 2046 -752
-1438 -112 396 1012 228 -260 -185 64
-3358 2777 2708 -2115 -1611 2782 1072 -1301
-7861 2022 -288 -7894 6930 687 961 3048
-7161 -3406 -4378 -8012 -1332 -6781 -2535 -2054
-3077 -3258 -4175 -2375 -2870 2045 1735 -656
-1574 -424 53 1309 535 -533 172 135
-3623 2972 2836 -2264 554 3514 1347 -1359
-7895 1777 -23 -7751 6044 -3501 607 3127
-6913 -3189 -4090 -5152 -5006 -4345 -2033 -2187
-3398 -3128 -4459 724 -414 3545 1471 -879
-1389 -644 -201 1213 555 -651 -13 383
-3532 3124 2836 -4282 2755 2694 1498 -1445
-7786 1316 467 -7873 2944 -6192 22 3093
-6763 -2767 -4218 -4468 -6335 -179 -1929 -2007
-3840 -3062 -4710 1165 2238 3125 1451 -1201
-1410 -773 -380 1204 202 -828 -33 427
-3796 3095 3094 -4372 3957 613 1748 -1306
-7649 899 880 -7606 -1117 -6221 -453 2489
-6528 -2408 -4184 -4057 -4514 3520 -1793 -1756
-4137 -3196 -4980 1435 3992 809 1268 -1412
-1251 -603 -243 1046 -171 -660 -361 298
-4064 3054 3430 -4381 3684 -1823 2006 -1256
-7259 767 912 -7288 -4619 -4137 -634 2317
-6489 -2094 -4416 -3746 -824 5454 -1729 -1665
-4100 -3257 -5155 1311 3773 -1828 1559 -1501
-1388 -440 -37 910 -247 -149 -551 125
-4215 2614 3705 -4111 2212 -3386 1912 -829
-6983 590 1034 -6882 -5800 -690 -828 1813
-6490 -1914 -4475 -3490 2979 4746 -1824 -1581
-3957 -3327 -5102 1122 1966 -3872 1815 -1414
-1558 -189 344 945 53 459 -569 -364
-4396 2413 3858 -3837 41 -3731 1814 -521
-6631 759 739 -6498 -4331 2893 -550 1398
-6636 -1827 -4664 -3506 5422 1993 -2008 -1763
-4014 -3201 -5072 1119 -588 -4316 1804 -1181
-1870 -121 541 1028 349 397 -557 -345
-4413 2022 3891 -3384 -1917 -2909 1450 -253
-6339 643 684 -6129 -1338 4823 -592 1481
-6530 -1829 -4666 -3605 5435 -1688 -2238 -2026
-3843 -2896 -4620 1142 -2575 -2657 1701 -861
-2123 -56 779 1316 1079 209 -399 -722
-4349 1813 3519 -2998 -3059 -1356 1102 -180
-6316 693 -3139 -6074 1986 4582 -658 1367
-6463 -1864 -6811 -3603 3156 -4768 -2064 -2329
-3600 -2371 -3426 1070 -3201 -270 1333 -546
-2349 -110 1830 1640 1425 -356 -198 -656
-4049 1708 1908 -2943 -2936 808 824 -203
-6312 942 -3369 -6112 4593 2321 -753 1391
-6222 -1796 -6546 -3527 -341 -5628 -1967 -2288
-3826 -2163 -3125 1491 -2361 1917 944 -744
-2646 -388 2014 2082 1127 -1198 1 -406
-3920 1456 1887 -2581 -1797 2212 623 -286
-6267 829 -3248 -6070 4996 -746 -1044 1629
-5840 -2000 -6057 -3541 -3084 -4218 -1728 -2446
-3751 -1910 -2871 1625 -251 2839 719 -687
-2724 -503 1999 2259 296 -1851 -26 -432
-3918 1514 1851 -2612 157 2693 511 -275
-6288 525 -2950 -6174 3493 -3619 -1528 1456
-5419 -1754 -5699 -3213 -4667 -1175 -1336 -2336
-3930 -1661 -2707 1972 1877 2517 462 -772
-2643 -650 1814 2279 -740 -1595 -119 -100
-3849 1562 1703 -2730 1970 2079 480 -282
-6037 461 -2757 -5980 733 -5072 -1590 1194
-5262 -1496 -5358 -2886 -3881 1772 -1286 -1945
-4208 -1498 -2639 2276 3056 521 438 -1084
-2702 -689 1767 2388 -1687 -983 -265 66
-3969 1523 1923 -2736 2869 831 580 88
-5820 -3 -2272 -5729 -1968 -4360 -1895 1070
-4990 -1247 -5074 -2528 -1582 3771 -1273 -1660
-4469 -1447 -2684 2591 2931 -1736 531 -1021
-2425 -713 1560 2132 -1610 22 -607 67
-4091 1389 2075 -2697 2728 -1272 508 209
-5390 -80 -1907 -5238 -3672 -2221 -1871 561
-4802 -968 -4899 -2159 1184 3690 -1399 -1331
-4328 -1451 -2715 2414 1253 -2856 441 -1025
-2371 -431 1688 1813 -805 1075 -742 -37
-4370 1304 2354 -3761 1750 -2939 387 527
-5097 -77 -1634 -3789 -3794 430 -1955 415
-4672 -747 -4833 1027 3362 1747 -1739 -1239
-4103 -1611 -2820 3658 -743 -3251 558 -593
-2383 -230 1828 626 144 1510 -759 -176
-4215 1073 2455 -3713 -142 -3259 66 723
-4699 -40 -1551 -3324 -2278 2630 -1922 490
-4699 -713 -4945 1019 4068 -590 -1820 -1285
-4037 -1604 -2751 3442 -2220 -2330 471 -126
-2400 -38 2071 427 1260 770 -689 -208
-4180 586 2856 -3386 -1651 -2843 -398 1118
-4536 278 -1791 -2960 -6 3219 -1670 541
-4792 -705 -5169 1111 2756 -2913 -1888 -1398
-3724 -1424 -2485 3061 -2804 -278 237 36
-2708 10 2458 405 2022 -309 -343 -133
-4084 390 2876 -3117 -2361 -1369 -767 1009
-4207 284 -1722 -2741 1962 2210 -1436 720
-4758 -824 -5083 860 449 -4151 -1747 -1516
-3562 -1089 -2153 2780 -2061 1314 53 419
-2835 -77 2538 675 1598 -1369 -115 269
-3568 244 2611 -2575 -2293 359 -949 962
-4261 363 -1871 -2650 3378 521 -1593 1200
-4456 -912 -4874 670 -1834 -3611 -1400 -1352
-3454 -841 -1734 2577 -296 1893 -416 429
-3044 -187 2660 854 521 -2670 48 562
-3382 281 2350 -2326 -1530 1392 -966 899
-4418 539 -2128 -2816 3007 -1599 -1971 1260
-3937 -1136 -4200 116 -3112 -1762 -942 -874
-3530 -438 -1306 2704 1420 1701 -538 256
-2983 -521 2413 1219 -563 -2632 129 1077
-3072 616 1889 -2223 273 1689 -755 735
-4508 197 -1917 -3058 1559 -3414 -2163 1288
-3394 -1057 -3695 27 -3131 159 -767 -541
-3666 -218 -1187 2887 1988 250 -393 153
-2757 -862 3038 1648 -1632 -1938 -410 1684
-3055 792 18 -2377 1658 1268 -342 1001
-4329 -65 -3757 -3219 -415 -3514 -2300 1140
-2997 -753 -3014 158 -1612 1575 -560 12
-3875 -102 1098 3164 1954 -1748 -249 -17
-2266 -980 2721 1569 -2187 -832 -493 1759
-3273 1155 -265 -2723 2141 -257 -80 1404
-4159 -403 -3499 -3352 -2346 -2678 -2135 829
-2687 -301 -2521 462 20 2145 -625 555
-3943 -283 878 3287 996 -2638 294 254
-1831 -868 2111 1231 -1333 299 -934 1568
-3471 1065 -179 -2913 1852 -1723 76 1760
-3691 -772 -2788 -3160 -2870 -1300 -1802 540
-2580 94 -2107 900 1271 1222 -830 739
-3931 -814 337 3318 -533 -3070 808 621
-1542 -505 1795 749 -445 1079 -758 1379
-3566 1016 16 -3106 688 -2521 45 2388
-3273 -919 -2197 -2844 -2354 328 -1242 490
-2880 279 -2285 1306 2260 -437 -1072 676
-3810 -1124 -30 3228 -1814 -2562 951 1194
-1356 -171 1580 264 377 416 -489 941
-3812 748 470 -3165 -924 -2866 -498 2570
-2720 -642 -1842 -2158 -1355 1535 -400 744
-3185 337 -2632 1533 1864 -1992 -968 320
-3286 -1372 -611 2571 -2164 -1210 1140 1870
-1303 278 1618 -227 1213 -361 97 903
-3525 275 974 -2648 -1798 -2260 -586 2397
-2407 27 -1949 -1351 412 1218 -5 1409
-3313 84 -3076 1323 442 -3339 -635 -118
-2520 -1375 -942 1603 -2045 -197 662 2279
-1587 604 2108 -491 1000 -1254 900 1017
-3171 -180 1402 -1999 -2204 -1016 -899 2029
-2286 494 -2189 -844 1631 89 51 1907
-3345 -508 -3555 775 -955 -3426 140 -252
-2133 -961 -639 808 -1325 348 292 2267
-1839 377 2431 -1326 107 -2049 1348 1322
-2584 -263 1309 -2021 -1923 165 -538 1433
-2725 960 -2839 490 1669 -1110 -197 2153
-3161 -1009 -3837 2149 -2124 -2520 966 -304
-1965 -465 -95 1042 -24 624 155 1748
-1929 -28 2779 -973 -358 -2371 1531 2137
-1921 124 601 -1162 -686 318 224 915
-3126 922 -3518 386 716 -2860 -679 2165
-2640 -1518 -3678 1299 -2963 -1543 1778 138
-2016 -23 471 779 459 171 161 1104
-1790 -640 2730 -201 -1162 -1800 1157 2432
-1415 677 -189 -483 436 42 1169 792
-3560 819 -3970 22 -442 -3477 -957 1647
-1921 -1520 -3006 514 -2592 -169 2261 762
-2361 176 891 1005 767 -971 871 636
-1206 -1140 2113 593 -1592 -1399 707 2371
-1344 1362 -1079 -349 503 -734 1995 1136
-3752 349 -3803 -747 -1949 -2907 -999 814
-1402 -1120 -2252 277 -1344 1068 2072 1306
-3032 137 1097 1691 794 -1901 1864 461
-333 -1439 1144 1407 -1255 -1399 117 1832
-1671 1972 -1663 -769 193 -2161 2457 1692
-3505 -378 -3087 -1525 -3001 -2045 -400 -79
-1038 -531 -1390 230 -334 893 1564 1481
-3226 -452 564 2415 -205 -2235 2581 655
721 -1132 -150 1502 -886 -1014 31 758
-2086 2586 -2034 -1315 -580 -2599 2383 2302
-3067 -876 -2319 -1893 -2842 -472 482 -567
-1343 117 -1088 1108 949 -143 977 891
-3234 -1493 -459 3186 -911 -2948 3088 1337
1252 -446 -880 919 -1182 -1026 444 -237
-2658 2189 -1510 -2120 -1926 -2392 1994 2572
-2288 -956 -1444 -1796 -1892 840 1499 -613
-1919 656 -432 2084 1402 -1283 796 64
-2712 -2154 537 3302 -1566 -2854 3077 2054
1628 247 -1613 327 -1266 -1518 1362 -1184
-2972 1659 -2630 -2689 -2679 -1904 1141 2253
-1577 -495 -1326 -989 -840 775 1994 -57
-2635 666 -27 2819 409 -2623 1171 -1200
-1851 -2898 -856 2947 -2505 -2148 2200 2543
1358 1065 -1860 -685 -1404 -1196 2281 -1375
-2911 970 -1706 -2646 -2261 -606 621 1246
-1232 490 -782 266 726 -270 2112 620
-3384 -94 -1100 3257 -755 -4010 1941 -2168
-915 -2834 -1839 1920 -3198 -1491 1295 2342
959 1376 -1634 -1301 -1985 -931 3099 -1089
-2057 501 -823 -1543 -1346 382 832 62
-1353 1450 -952 1421 1065 -1471 1432 1091
-3525 -955 -2236 2827 -2086 -3799 3084 -2367
-236 -2481 -2392 880 -2806 -712 469 1414
243 1185 -751 -1491 -1732 -939 3305 -385
-1133 268 -133 -406 -681 -309 1576 -995
-2015 2411 -1866 2128 -120 -3125 291 925
-3143 -2073 -3353 1855 -3792 -2693 4094 -1987
227 -1441 -2143 -241 -2326 367 -26 88
51 447 260 -767 -910 -448 2554 78
-137 746 -234 938 243 -1240 2603 -1467
-2898 2567 -3115 1978 -1472 -4254 -707 -1
-2468 -2673 -3819 582 -4301 -1397 4336 -1036
-218 -623 -1084 -462 -1647 451 412 -1055
254 -675 1015 548 -686 -914 1463 102
632 1870 -1161 1936 -191 -2106 3503 -1148
-3916 2105 -4450 1144 -3246 -3737 -1456 -1418
-1494 -2839 -3670 -512 -3544 303 3980 -359
-898 -362 -22 5 -302 -84 1308 -1759
1138 -1548 806 1891 -613 -2062 231 -743
517 3164 -2632 1894 -1564 -3380 4030 -308
-4331 1153 -5070 938 -4765 -2132 -1202 -2885
-784 -2237 -2674 1229 -2494 1728 2903 40
-1745 -654 763 925 373 -688 2125 -1668
2367 -1979 -59 2633 -673 -2653 -633 -2122
-62 4158 -4030 3279 -2809 -3653 3679 866
-4232 160 -5017 1803 -4709 -625 -363 -3891
-543 -1267 -1358 888 -957 1140 1502 -508
-2497 -1717 925 2335 60 -2491 2646 -614
3702 -1713 -1706 3844 -2188 -3098 -487 -3930
-906 4604 -4942 2542 -4308 -2262 2438 1521
-3516 -651 -4064 623 -3298 1252 490 -4045
-961 -228 -429 1302 704 141 715 -1648
-2482 -3145 -56 4045 -849 -3928 2146 475
4516 -718 -3315 4043 -3698 -3226 270 -5054
-1913 4354 -5085 1372 -4946 -729 792 1276
-2377 -690 -2628 82 -1852 2084 1271 -3401
-2026 448 -28 2704 947 -1815 398 -3024
-1835 -4389 -1513 5238 -2222 -3845 816 1137
4798 563 -4462 3410 -4439 -2095 1557 -5355
-2321 3529 -4314 147 -3667 640 -506 353
-1319 106 -1227 417 -134 703 1171 -2201
-3237 356 -563 4236 -383 -3880 1094 -4212
-756 -5076 -3184 5611 -4562 -3220 -1065 1334
4230 1709 -4722 2080 -4847 -193 2508 -4655
-2065 2346 -2884 -545 -2022 1797 -1175 -1051
-960 1394 -605 1653 1015 -1001 -68 -1188
-4255 -497 -1964 5684 -2246 -4878 2342 -4446
530 -5254 -4570 5219 -5701 -2062 -2618 514
3476 2077 -4172 867 -4049 1026 2559 -3450
-1272 1389 -1410 -345 -695 1219 -743 -2230
-1391 2839 -1095 3541 196 -3189 -1768 -1015
-4709 -2167 -3865 6296 -4315 -4051 3309 -3697
1516 -4381 -5135 3864 -5427 204 -3689 -941
2455 1732 -2775 -57 -1925 1496 1793 -2182
9 1179 46 773 386 -885 129 -2678
-2549 3974 991 5022 -2046 -4895 -3536 -1720
-4460 -3404 -1943 5936 -6457 -2378 3876 -2165
1685 -3105 -3679 2305 -4490 2249 -3495 -2246
1896 626 -1164 89 -373 1149 140 -1472
1201 1938 1205 2609 265 -2519 1353 -2078
-3978 4268 -333 5933 -4135 -4612 -4581 -3255
-3459 -4496 -3575 4691 -6500 -84 3116 -495
1229 -1909 -3129 1009 -2163 2186 -2730 -3225
1968 -832 427 1095 133 -683 -1497 -1802
1947 3218 1258 4291 -2025 -4072 1799 -538
-5161 3655 -2000 5794 -6309 -2531 -4528 -4624
-2133 -4392 -4011 2915 -4938 2602 1515 616
-15 -1260 -1471 769 10 1297 -1549 -2900
2865 -1914 1514 2732 -73 -3013 -2622 -2883
1921 4920 12 5502 -4311 -4526 1247 1426
-5761 2312 -3636 4529 -7304 -484 -3647 -5763
-1217 -3636 -3570 1645 -2808 3410 -119 692
-1329 -1614 294 1699 489 -443 -798 -1545
4336 -2493 1514 4618 -1842 -3880 -2824 -4373
972 6271 -1879 5569 -6061 -2774 -57 2761
-5429 962 -4433 2876 -5778 2211 -2210 -5637
-962 -2109 -2038 1232 2 2029 -1617 46
-2455 -2729 1705 3337 -293 -3098 -956 167
5789 -2036 473 5852 -4705 -4084 -1998 -5352
-380 6662 -3682 4288 -7091 -453 -2401 3167
-4388 -44 -4047 1363 -3282 4030 -1174 -4376
-1505 -791 -279 1875 1251 134 -2185 -1296
-2531 -4446 1992 5305 -1922 -4688 -2353 1778
6666 -755 -1370 6078 -6239 -2660 -284 -5290
-1561 6136 -4603 2686 -6449 1905 -3879 2659
-3247 -161 -2817 687 -829 3137 -857 -2767
-2875 146 1330 3537 232 -2556 -1340 -2399
-1840 -6096 1054 6834 -4855 -4170 -4306 2398
6710 741 -3086 5129 -6778 350 1196 -4278
-2411 4841 -4601 4130 -3820 3507 -4822 1231
-1839 599 -853 2106 1170 631 -1642 -870
-4348 106 1910 4251 -1765 -4937 263 -2526
-527 -6932 -597 7105 -7216 -2599 -6134 2060
5997 2103 -4459 5800 -6388 2269 1957 -2289
-2130 3202 -3322 2371 -1422 3469 -4316 -110
-1496 2173 727 2635 836 -1561 -3282 171
-5675 -981 1223 6446 -4589 -4997 1913 -1605
880 -6688 -2537 7484 -7217 262 -6928 607
4567 2679 -4491 3934 -3990 3316 1354 -367
-1307 1975 -1486 1284 131 1224 -3091 -615
-1916 3858 1320 4277 -1297 -4079 -4958 -280
-5990 -2515 -410 7888 -7383 -2899 2733 404
1964 -5670 -3955 6795 -6200 3448 -6792 -784
3155 2149 -3272 2023 -1176 3239 -50 1100
187 1602 373 1441 707 -1104 -1244 95
-3066 4918 1010 6193 -3947 -5092 -5961 -1318
-5781 -4175 -2417 8793 -8416 -175 2593 2907
2121 -4019 -4212 4862 -4050 4095 -5205 -1703
2161 919 -1426 671 -97 1477 -1679 1492
1604 2358 1292 2793 -1159 -2749 -234 1740
-4636 5076 -562 8020 -6662 -3568 -5636 -2983
-4590 -5019 -3892 8131 -6691 3466 1260 4408
1301 -2637 -3244 2901 -1006 3421 -3452 -1562
2043 -793 501 562 64 -1186 -2855 587
2169 3863 1020 4839 -3663 -4064 -155 3949
-6067 4215 -2591 8939 -8528 -689 -4293 -4142
-3167 -4974 -4497 6600 -4382 5417 -389 5164
-160 -1781 -1386 1434 638 1696 -1884 -178
2929 -2251 1840 1596 -1350 -2514 -3057 -918
1925 5534 -292 6631 -5877 -3297 -1055 5641
-6712 2621 -4406 8551 -7549 2190 -2016 -3984
-2000 -3951 -3768 4543 -1391 4483 -1919 4445
-1836 -2083 882 1048 120 -1392 -1284 1790
4249 -2865 4643 3433 -4237 -2908 -1671 -2151
818 6785 2351 7608 -7419 -697 -2671 6158
-6374 1042 -1511 7046 -5033 5042 -168 -2960
-1804 -2387 -554 3018 1097 2575 -2385 2986
-2968 -3205 3847 1894 -1529 -3409 -1831 3646
5575 -2221 4557 5249 -6005 -2277 227 -2454
-819 7079 202 7350 -7566 1589 -4480 5482
-5191 -5 -2291 5115 -2425 5560 963 -1083
-2378 -694 1122 2375 1262 -343 -1452 1486
-3207 -4912 5407 3711 -4209 -3146 -3339 4515
6375 -998 3392 6361 -6576 -91 2333 -1418
-2271 6357 -1752 5948 -5283 3643 -5084 3899
-3931 -311 -1957 3385 251 3698 921 869
-3653 467 3356 3047 -781 -3491 225 866
-2583 -6318 5721 5617 -6999 -1558 -4674 4011
6227 781 1342 6317 -6574 2322 3588 523
-3254 4796 -3025 3766 -3066 4961 -4591 2144
-2518 497 -503 2513 1616 1148 -175 2133
-5163 342 4801 4731 -3523 -4055 2320 1392
-1244 -7104 4809 6973 -7320 495 -5486 2557
4989 2078 -616 4909 -4682 3575 3656 2465
-3069 3100 -2798 1944 -1149 3958 -2992 1040
-2024 1984 1365 2866 467 -1641 -1459 2072
-6602 -615 5656 6859 -6865 -2387 4097 2873
37 -6651 3012 7157 -6184 3398 -5097 643
3346 2764 -1983 2851 -2302 3698 2603 3869
-2249 1638 -1641 641 264 1772 -649 857
-2300 3525 3037 4343 -2314 -3660 -2547 981
-6905 -2254 4976 8425 -8500 60 4169 4831
898 -5388 1137 6119 -4217 5059 -3504 -678
1584 2376 -2120 534 -1271 2956 1040 4126
-970 1186 159 609 186 191 931 1806
-3747 4734 3913 6519 -5086 -3211 -2422 -894
-6570 -3697 3306 9019 -7367 3182 3498 6228
1051 -3551 -203 3954 -1322 4292 -1397 -1013
418 1030 -1025 248 -1134 1125 -245 3053
332 1759 1747 1010 -1544 -1593 1470 3405
-4934 4768 3370 5661 -7402 -894 -856 -2510
-5216 -4435 1406 6945 -4941 5924 1784 6710
193 -1858 -561 2255 273 2547 705 -336
360 -727 879 -1079 -1204 -129 -579 1333
983 3020 2729 2208 -3589 -2018 1002 4829
-6258 3878 1741 7358 -7910 1697 1107 -2993
-3867 -4375 -133 6354 -1836 6337 404 5950
-1345 -996 552 101 -79 394 1625 1223
884 -2022 2622 -1454 -2526 -178 416 -350
642 4503 2329 4051 -5060 -726 -376 5184
-7016 2216 -383 8353 -6211 4587 3084 -2763
-2634 -3231 -610 4490 962 4089 -350 4048
-2939 -1153 2264 -1565 -1575 -1516 1507 2667
2000 -2586 3680 -513 -3994 -98 1883 -1217
-548 5621 763 5892 -6231 845 -1852 4300
-6559 594 -2058 7804 -3665 6314 4522 -1194
-2268 -1635 122 2415 1845 1381 87 2201
-4184 -2107 4316 -2140 -3402 -1505 311 3358
2996 -2126 3620 967 -4224 1087 3655 -1069
-2088 5648 -1255 6612 -5764 2388 -2559 2558
-5527 -630 -3003 6382 -705 5783 4534 468
-2887 -51 1784 795 232 -1443 1635 775
-4643 -3575 5796 -1579 -5438 176 -1290 3084
3614 -827 2398 2597 -3885 2231 4879 142
-3630 5029 -3248 6460 -4248 4199 -2496 611
-4080 -810 -2497 4512 1657 3573 3491 1408
-4044 956 3690 156 -2125 -3068 3372 496
-3974 -4858 6088 93 -5869 2005 -2311 1647
3483 612 738 3600 -3465 2727 4926 1563
-4514 3468 -4384 5010 -2751 4816 -1069 -1079
-2828 -136 -1219 2799 1744 1087 2111 1466
-5629 939 5630 847 -4771 -2192 4569 1454
-2933 -5391 6560 1599 -4403 4155 -2118 -361
2215 1944 503 3330 -2522 2600 3955 2704
-4632 1736 -2934 3053 -1074 4010 569 -1909
-2240 1220 1783 2007 11 -1448 752 460
-6625 73 7568 2208 -6757 424 4816 2658
-1610 -4967 5605 2735 -2564 5195 -1427 -2027
516 2442 -1382 1993 -1913 2490 2177 2790
-3887 608 -2988 1343 215 3075 2051 -1341
-2691 2657 3496 2488 -2079 -2697 461 -1321
-6895 -1164 7933 3912 -6485 3373 4017 3874
-909 -3759 3851 2756 -711 4160 191 -2822
-965 2105 -2747 73 -2136 2174 733 1848
-2627 102 -1933 329 108 1810 2743 -254
-3860 3504 4907 3915 -4659 -1708 1242 -2831
-6474 -2528 7432 5213 -4331 6102 2586 4179
-816 -2217 1970 1744 506 2364 2026 -2416
-2094 815 -2971 -1898 -2167 1633 -199 247
-1654 379 -501 303 -418 290 2391 751
-5066 3655 5493 5587 -6403 479 2494 -3669
-5529 -3280 5895 5628 -1642 6475 781 3462
-1568 -806 771 -136 198 718 2507 -1142
-2558 -392 -2270 -3243 -2223 2334 -133 -1615
-1273 1370 788 1274 -1302 -526 1040 1355
-6140 2920 4990 6905 -5797 3255 3954 -3458
-4142 -2938 4108 4744 983 4685 -279 1833
-3072 177 234 -2122 -1681 -579 2307 163
-2137 -1600 -972 -3504 -2100 2938 833 -2488
-1559 2866 1451 3000 -2887 -340 -365 783
-6633 1426 3524 7620 -4098 5894 4836 -2405
-3214 -2046 2779 3304 2389 2432 -441 38
-4460 3 1105 -3470 -3154 -434 1179 920
-1237 -2066 478 -2756 -1346 2684 2060 -2859
-2436 3635 1048 4340 -4064 432 -1533 -486
-6290 -8 1677 6347 -1800 6190 4674 -883
-2843 -544 2307 376 1566 26 491 -1146
-5448 -752 2399 -5049 -4454 1644 -480 1005
-380 -1619 1130 -2147 -482 2336 2952 -2149
-3891 3796 -433 5003 -4133 1868 -1807 -2099
-5401 -963 313 5535 716 5184 3715 190
-3390 730 3058 -1308 -723 -1904 1546 -1386
-5686 -1736 3729 -5413 -4022 3396 -1682 -58
124 -532 858 -730 -591 1605 2847 -878
-4991 3050 -2144 5630 -3657 3710 -969 -3487
-4196 -1082 -316 4339 2466 3362 2140 519
-4166 1427 4082 -2536 -2917 -1516 2350 -839
-5233 -2738 4768 -4819 -2287 4599 -2343 -1277
-297 614 -256 516 -853 535 2011 3
-5672 1810 -3641 5485 -2601 4528 144 -3930
-3416 -572 -1 2892 2273 725 771 -273
-5427 1469 5712 -2999 -5003 497 2658 430
-4355 -3107 4848 -3573 -247 4837 -1983 -2695
-1191 1704 -1862 1428 -1628 448 593 664
-5612 600 -4491 4462 -746 4763 1245 -3550
-2838 477 988 1663 672 -1251 -28 -1002
-6180 802 6693 -2473 -5012 2710 2032 1382
-3416 -2802 3998 -2322 1114 3546 -988 -3208
-2419 1926 -3313 1225 -2661 946 -970 68
-5046 -418 -4431 3136 868 4148 1862 -2398
-3169 1553 2369 1276 -1448 -1627 74 -2193
-6522 -154 7042 -1352 -3389 4811 664 2113
-2832 -1772 2657 -1511 1713 1319 -12 -2740
-3639 1718 -4250 399 -3225 1879 -1746 -987
-4051 -679 -3659 1863 1625 2452 1582 -1214
-3940 2147 3428 1696 -3891 -601 858 -2907
-6131 -1268 6497 9 -1004 5940 -660 1836
-2808 -572 1213 -1461 767 -372 756 -1825
-4319 888 -4315 -923 -2603 3432 -1966 -2162
-3429 -356 -1863 1373 1670 680 713 -457
-4948 2287 5812 2707 -4753 1229 1865 -2617
-5301 -1631 5928 772 1478 5113 -1731 1141
-3255 391 -1268 -2140 -1069 -1133 461 -654
-4597 -71 -5363 -2124 -1226 4392 -1384 -3017
-3007 439 -427 1481 574 -410 -471 -191
-5720 1632 6106 3918 -3858 3600 2281 -1771
-4448 -1523 4828 995 2968 2635 -1967 33
-4259 844 -2204 -3483 -2895 -603 -451 280
-4123 -927 -4654 -2895 204 4074 -488 -3053
-3225 1537 732 2505 -1474 -1041 -1500 -915
-6068 695 5721 4836 -2105 5350 2398 -463
-3804 -927 3681 571 2781 245 -1614 -721
-5187 779 -2376 -4763 -3647 1523 -1646 599
-3591 -1211 -3794 -2969 1789 3058 346 -2611
-3911 1930 846 3627 -2816 -590 -1511 -1710
-5880 -337 4823 5448 207 5463 1851 609
-3428 -19 2651 -409 790 -1662 -688 -1028
-5839 212 -1803 -5538 -3317 3461 -2615 267
-2851 -1001 -2733 -2345 2238 1408 549 -1517
-4763 2216 833 4727 -3601 1524 -1310 -2522
-5287 -808 3637 5210 2461 4145 879 1116
-3918 808 2524 -1527 -1310 -2122 44 -522
-5872 -596 -941 -5618 -1606 4528 -2945 -561
-2614 -227 -2344 -1203 1224 -441 47 -516
-5504 1879 51 5136 -3143 3389 -466 -2608
-4552 -799 2965 4410 3330 1907 -107 1148
-4556 1230 2958 -2358 -3210 -656 356 454
-5540 -1149 -94 -5179 897 4660 -2849 -1298
-2732 513 -2479 -474 -217 -1303 -698 -14
-5930 952 -1141 5035 -1525 4633 629 -2380
-4023 -384 2619 3375 2419 -810 -658 379
-5401 1135 3881 -2490 -4100 1499 156 1267
-4976 -1465 540 -4470 2621 3454 -2133 -1663
-3027 1110 -2887 506 -1905 -627 -1472 -119
-5812 277 -1919 5575 778 4643 990 -1473
-3668 282 2828 1133 745 -2273 -700 -116
-5876 644 4750 -4970 -3268 3706 -663 2090
-4291 -1414 643 -4111 3118 1165 -1438 -1659
-3743 1548 -3896 2378 -3065 836 -2081 -448
-5376 -276 -2382 5009 2333 3646 1264 -537
-3987 974 3581 494 -1559 -2194 -69 -479
-6061 28 5322 -4591 -883 5173 -1392 2151
-3949 -1004 273 -3348 2504 -837 -747 -1019
-4268 1094 -4542 2105 -2673 2303 -2053 -1117
-4626 -327 -2115 3977 2880 1214 645 117
-4399 1631 4401 9 -3593 -489 535 -420
-6018 -562 5638 -4089 1558 5001 -2075 1851
-3746 -239 -497 -2688 337 -1702 -635 -184
-4776 658 -5116 1745 -1428 3887 -1358 -1698
-4138 24 -1474 3401 2213 -991 -77 343
-5066 1442 4996 431 -3866 1713 1072 225
-5511 -807 5331 -3300 3604 3062 -2242 1220
-4040 164 -1132 -2726 -1663 -1658 -837 313
-4743 66 -4996 901 264 4203 -744 -1705
-3923 485 -836 3149 377 -2070 -527 77
-5603 1194 5317 867 -2435 4105 1531 926
-5000 -812 4709 -2784 4074 556 -2026 592
-4442 387 -1509 -3028 -2891 -293 -1329 624
-4327 -254 -4432 366 2021 3063 -251 -1386
-3840 1082 -115 3198 -1689 -1839 -623 -314
-5890 765 5242 1582 -208 5069 1148 1628
-4600 -660 4184 -2551 2936 -1704 -1695 503
-4914 273 -1557 -3725 -3136 1987 -1901 459
-3885 -512 -3883 -25 2922 1401 241 -698
-4178 1672 370 3617 -2979 -88 -386 -931
-5792 413 4817 1986 2541 4187 892 1991
-4620 -184 3747 -2882 519 -3004 -1051 600
-5102 -239 -1596 -4328 -1972 3438 -1929 -145
-3098 -451 -2847 -155 2082 -269 313 69
-4557 1845 2997 4208 -2896 2052 27 -1129
-5478 197 5573 2079 4326 2070 413 2107
-4748 341 1402 -3453 -2167 -2514 -728 933
-5222 -911 -3242 -4837 -235 4202 -1909 -862
-2782 -63 -2148 199 725 -1437 -110 396
-4706 1707 2919 4502 -1421 3436 644 -949
-5050 231 5010 1912 3886 -809 143 1750
-5179 553 1360 -3948 -3754 -502 -739 1450
-4916 -1224 -2558 -4788 1764 3789 -1339 -1061
-2675 505 -1704 785 -619 -1306 -423 565
-4821 1484 2614 4606 754 3745 958 -653
-4843 493 4720 1420 2075 -2969 277 1324
-5755 357 1727 -4384 -3865 2123 -1158 1787
-4356 -1675 -1923 -4478 2957 2172 -733 -1163
-2706 637 -1722 990 -1527 -437 -602 398
-4632 1268 2344 4413 2671 2599 1157 -262
-4717 911 4564 980 -712 -3352 471 1149
-5943 117 2216 -4390 -2249 4210 -1637 1732
-4064 -1548 -1636 -4125 3270 -37 -283 -955
-2930 827 -1861 1357 -1831 866 -684 -40
-4299 1114 1942 4080 3179 575 934 31
-4772 1483 4710 437 -3263 -1942 1004 984
-6093 -286 2811 -4340 450 5380 -2041 1669
-3624 -1462 -1356 -3645 2303 -1616 80 -788
-2756 491 -1952 1137 -1117 1659 -400 -119
-3940 1247 1990 3540 2373 -1472 544 27
-5145 1577 5201 391 -4251 550 1367 1387
-5935 -793 3205 -3829 3015 4267 -2193 1076
-3474 -1312 -1277 -3357 623 -2531 259 -569
-2949 471 -2235 940 -2 2119 -105 -218
-3446 1511 2095 3029 384 -2185 382 -25
-5519 1729 5714 378 -3138 3478 1571 1761
-5740 -1128 3531 -3463 4591 1857 -2050 684
-3620 -1058 -1671 -2352 -1422 -2192 -83 -284
-2603 82 -2203 1832 780 1724 299 -112
-3169 1755 2333 1394 -1549 -1789 202 -400
-5668 1789 5869 -3110 -581 5083 1481 2018
-5555 -1151 3402 -5442 4432 -1322 -1914 493
-3614 -1108 -1729 -2526 -2593 -969 -30 -711
-2346 -258 -2060 1338 1284 1065 562 293
-3007 2142 2735 1010 -2543 -119 333 -852
-5911 1553 6144 -2942 2368 4813 1369 2399
-5374 -967 3112 -5182 2363 -3725 -1610 228
-3630 -1485 -1577 -2782 -2912 863 -83 -745
-1755 -176 -1410 838 989 413 420 633
-3027 2557 3278 821 -2111 2057 542 -1230
-5806 1464 6034 -2808 4492 2473 1008 2333
-5293 -940 3042 -5154 -356 -4381 -1372 329
-3646 -1857 -1260 -3253 -2245 2251 154 -1164
-1308 -278 -979 418 737 7 333 768
-3129 2759 3486 934 -646 3306 906 -1143
-5640 1564 5806 -2701 4642 -883 843 2186
-5696 -751 2942 -5474 -3353 -3037 -1556 472
-3647 -2120 -1030 -3556 -486 3424 391 -1340
-922 -133 -527 248 494 63 -43 1080
-3080 2825 3515 850 1447 3090 1034 -1089
-5321 1726 5486 -2778 2739 -3781 856 2032
-5787 -873 3027 -5623 -4778 -322 -1704 326
-3363 -2353 -689 -3790 1465 3301 868 -1365
-661 -1 -229 152 359 134 -173 937
-3031 2876 3551 830 2990 1547 1195 -985
-5373 1856 5521 -2966 -152 -4723 938 1882
-6118 -866 3191 -6050 -4284 2867 -1982 302
-3099 -2784 -176 -4037 3085 2188 1217 -1406
-525 291 49 173 380 273 -374 720
-2792 2714 3361 749 2958 -595 1249 -878
-5223 2136 5392 -3231 -3266 -3262 1244 1853
-6144 -1004 -61 -6135 -1720 4998 -2325 47
-2777 -3049 -2140 -4144 3759 415 1584 -1213
-354 345 284 136 550 8 -443 602
-2400 2738 3526 399 1555 -2445 1015 -1050
-5269 2366 3275 -3556 -4875 -459 1224 1857
-6226 -1379 152 -6271 1608 5361 -2455 -281
-2327 -3040 -1666 -3975 3124 -1367 1758 -873
-138 297 295 50 445 -342 -437 554
-2015 2913 3166 -27 -609 -2686 789 -1079
-5358 2777 3178 -4020 -4171 3022 1447 2067
-6131 -1526 363 -6149 4601 3558 -2476 -598
-2270 -2960 -1491 -3810 1485 -2839 1775 -721
23 137 169 -181 -236 -581 -227 651
-1691 3149 3089 -518 -2524 -1513 676 -1297
-5450 2743 3367 -4064 -1468 5217 1352 2519
-6076 -1712 528 -5993 5685 406 -2352 -973
-2162 -2843 -1469 -3606 -594 -3090 1693 -684
156 -95 36 -472 -665 -290 -338 663
-1443 3352 3090 -930 -3131 738 784 -1635
-5549 2787 3494 -4084 2167 5085 1123 2600
-5798 -1780 808 -5730 4499 -2811 -2098 -1195
-2164 -2950 -1510 -3638 -2384 -1960 1606 -717
596 -321 -127 -1073 -1163 620 -286 844
-1141 3621 3106 -1317 -1929 2811 947 -1823
-5680 2698 3696 -4036 4906 2993 923 2708
-5594 -1635 690 -5544 1626 -4959 -2027 -1235
-2108 -3207 -1541 -3960 -3344 -59 1793 -808
1055 -373 19 -1392 -931 1538 -525 1063
-1150 3903 3310 -1495 285 3771 1137 -2112
-5668 2500 3778 -3749 5739 -208 576 2688
-5497 -1742 834 -5332 -1566 -4867 -1656 -1468
-2099 -3400 -1508 -4149 -2810 2172 1798 -1028
1456 -470 150 -1856 93 2195 -880 1199
-1129 4079 3427 -1593 2779 2953 1322 -2137
-5339 2529 3594 -5443 3933 -3548 285 2554
-5690 -1461 449 -5934 -4433 -2574 -1814 -1416
-2042 -3659 -1491 -3557 -1237 4007 2194 -1089
1825 -285 583 -2310 1433 2141 -1222 1046
-1032 4082 3539 -3708 4072 859 1725 -1954
-5137 2478 3351 -5788 741 -5037 298 2296
-5692 -1459 332 -5966 -5004 934 -1938 -1273
-1900 -4121 -1246 -3992 1270 4250 2421 -1056
2197 -6 957 -2682 2515 1264 -1458 850
-1048 4063 3463 -3702 3587 -1625 1689 -1714
-4893 2598 3037 -5654 -2533 -4156 261 2098
-5782 -1387 293 -6109 -3322 4115 -2136 -1515
-1468 -4348 -782 -4400 3439 3042 2702 -641
2269 101 1126 -2674 2744 -405 -1567 426
-908 3838 3226 -3423 1616 -3305 1608 -1512
-4708 2745 2714 -5732 -4710 -1399 435 2021
-6013 -1569 407 -6458 -160 5900 -2297 -1791
-1016 -4300 -163 -4477 4441 861 2661 -159
2249 202 1304 -2600 2065 -1838 -1676 29
-656 3705 2898 -3441 -954 -3356 1397 -1553
-4610 3179 2465 -5889 -4390 2208 620 2047
-6122 -1821 721 -6738 3291 5099 -2313 -2345
-785 -4373 103 -4596 4037 -1797 2654 118
2182 308 1315 -2503 408 -2483 -1592 -118
-410 3660 2528 -3554 -2940 -1606 1166 -1729
-4524 3527 2161 -6170 -1755 5064 657 2328
-6014 -2157 1089 -6774 5656 2439 -2316 -2624
-545 -4188 402 -4338 2214 -3473 2356 472
2166 38 869 -2362 -1326 -1899 -1248 -98
154 3618 2129 -3738 -3201 965 956 -1877
-4861 3509 2500 -6484 1465 5667 295 2583
-5583 -2237 1410 -6532 5683 -1076 -1827 -3005
-609 -3823 282 -3837 -439 -3545 1891 212
2178 -364 556 -2370 -2301 -307 -1384 154
487 3941 -41 -4240 -1686 3398 1070 -2289
-5082 3478 -1143 -6693 4582 3948 -260 2864
-5297 -2505 -2094 -6262 3830 -4035 -1581 -3018
-580 -3741 -2288 -3683 -2761 -2252 1692 177
2565 -673 -1526 -2821 -2213 1664 -1434 331
641 4240 -762 -4669 922 4482 1519 -2421
-5185 3306 -824 -6580 5897 694 -693 2669
-4799 -2446 -1657 -5678 863 -4870 -960 -2833
-856 -3734 -2518 -3646 -3518 106 1594 -103
3034 -779 -1891 -3396 -575 3317 -1931 548
603 4688 -533 -5120 3340 3693 1862 -2441
-5009 2845 -356 -6239 5006 -2633 -1292 2323
-4554 -2083 -1691 -5125 -2328 -3596 -1003 -2445
-1044 -3908 -2916 -3762 -2592 2669 1728 -300
3405 -844 -2005 -3863 1842 3530 -2495 615
334 4842 -193 -5061 4801 1203 2120 -2007
-4574 2360 -58 -5444 2162 -4505 -1601 1856
-4498 -1617 -2173 -4879 -4151 -898 -1282 -2113
-1251 -4315 -3268 -4124 -323 4244 2028 -231
3763 -580 -1787 -4313 3702 2533 -2992 255
79 4612 232 -4740 4518 -1444 2192 -1473
-4071 2235 -186 -4861 -837 -4162 -1432 1320
-4645 -1107 -2621 -4802 -3603 2261 -1692 -2128
-1004 -4748 -3338 -4741 2612 4072 2413 46
4010 -66 -1235 -4501 4391 542 -3263 -423
-59 4139 406 -4258 2499 -3535 1878 -935
-3507 2352 -574 -4488 -3179 -1972 -1088 1181
-4960 -1107 -3024 -5152 -1161 4479 -2099 -2214
-427 -4969 -2878 -5147 4551 2614 2372 931
3868 356 -619 -4212 3905 -1782 -3029 -1121
-210 3555 534 -3536 95 -3616 1416 -458
-3053 2729 -1238 -4453 -3673 884 -673 1299
-5257 -1232 -3198 -5711 2121 4968 -2319 -2961
187 -5113 -2308 -5414 5116 187 2036 1700
3358 600 -158 -3562 2027 -2818 -2452 -1387
50 2904 61 -3191 -1801 -1940 660 -593
-2898 3280 -1913 -3533 -1898 3537 -643 1731
-5387 -1742 -2860 -4303 4796 3436 -2149 -3387
565 -4660 -1521 -4144 4192 -2316 1239 2130
2974 562 -105 -3028 -223 -2959 -2023 -1359
699 2779 -845 -2644 -2560 523 194 -968
-3045 3717 -2219 -3886 1154 4731 -909 2414
-5243 -2132 -2311 -4783 5949 715 -1463 -3803
876 -4072 -822 -3812 2225 -3623 453 2096
2489 243 -439 -2164 -1495 -1474 -1531 -776
1257 2762 -1574 -2617 -1565 2547 247 -1471
-3452 3651 -2032 -4465 3936 3712 -1602 2912
-4562 -2629 -1321 -4977 4946 -1842 -588 -3366
661 -3309 -563 -3067 -280 -3150 -228 1688
2316 -459 -1245 -1620 -1799 901 -1687 111
1693 3039 -2065 -2915 1049 3662 650 -1797
-3934 3455 -1513 -5054 5561 1400 -2425 2712
-3814 -2684 -551 -4691 2856 -3918 74 -2578
345 -2752 -665 -2108 -1687 -1566 -613 1109
2554 -1044 -2044 -1426 -787 2478 -2200 615
1771 3619 -2104 -3587 3412 3220 1399 -1610
-4212 2772 -568 -5354 5317 -1073 -3263 2350
-3045 -2109 -223 -3675 299 -3757 144 -1644
-557 -2761 -1646 -1294 -1676 951 -67 581
2998 -1304 -2548 -1744 1254 2973 -2970 986
1307 4131 -1473 -4467 4961 1331 2169 -941
-3961 1975 212 -5106 3421 -3226 -3569 1555
-2581 -1564 -243 -2690 -1488 -2130 -84 -575
-1075 -3016 -2309 -1011 -441 2685 517 496
3806 -1250 -2689 -2585 3555 2487 -3624 692
636 4407 -553 -5008 5112 -781 2383 285
-3351 1315 665 -4207 1286 -3840 -3072 796
-2436 -585 -976 -1524 -1753 166 -841 64
-1349 -3614 -3698 -1205 1581 2999 1290 1041
4129 -721 -4131 -3494 4500 1021 -3758 -320
-320 4077 -2197 -4834 3608 -2349 2001 1371
-2421 958 -1208 -3079 -675 -2655 -2271 328
-2977 -60 -2899 -1220 -624 2363 -1660 -203
-1223 -4356 -4769 -2004 3748 2195 1649 1943
4268 216 -3525 -4185 4612 -1038 -3384 -1076
-895 3225 -1045 -4024 1693 -3191 1118 2025
-1463 972 -1091 -1879 -1400 -563 -1136 627
-3706 254 -3881 -1377 1363 3194 -2004 -773
-576 -4742 -4935 -2966 4981 557 1484 3044
3821 1080 -2301 -4206 3494 -2324 -2424 -1654
-1104 2164 -187 -2763 319 -2571 43 2087
-760 1705 -1816 -1130 -558 1252 -356 1474
-4256 -65 -4648 -1903 3484 2199 -1826 -1606
449 -4619 -4269 -3847 4613 -1452 578 3932
2907 1703 -969 -3512 1706 -2631 -1063 -1414
-667 1220 -104 -1493 -426 -809 -667 1475
-598 2723 -3005 -1143 1323 2757 -352 2726
-4768 -931 -5075 -3175 5156 786 -818 -2176
1120 -3995 -3101 -3960 3404 -2794 -486 4015
1726 1524 -7 -2177 563 -2232 -11 -531
215 621 -773 -547 -296 647 -561 608
-1164 3301 -3935 -1917 3123 2227 -841 3513
-4358 -1868 -4559 -4133 5066 -1120 543 -2116
1447 -2876 -1651 -3340 1751 -2899 -1403 3345
749 738 187 -633 318 -736 442 900
1006 708 -1728 -430 1366 1340 -5 -285
-2017 3518 -4394 -3094 4498 812 -1826 3682
-3592 -2412 -3402 -4407 3733 -2976 1641 -1230
1080 -1600 -376 -1947 409 -2056 -1582 2171
274 -214 -275 490 570 414 131 1935
1615 1390 -2890 -1196 2745 1643 1281 -325
-2972 2922 -3872 -4276 5011 -605 -2692 2966
-2326 -2400 -1766 -3493 2209 -3281 2300 255
206 -819 -13 -746 334 -912 -984 912
634 -1048 -1417 1511 1594 858 -887 2487
1627 2361 -3551 90 3752 489 2667 224
-3615 1961 -2839 -2928 4305 -2228 -2954 1648
-1183 -1828 -453 -2518 721 -2520 2098 1653
-989 -605 -472 831 1005 580 541 397
1363 -1520 -2662 1673 2977 632 -1894 2030
951 3170 -3226 -1337 4313 -624 3285 1619
-3252 581 -1150 -3375 2786 -3221 -2204 344
-595 -630 108 -1155 36 -1325 1090 2290
-1984 -1070 -1552 1929 1856 891 1740 630
2362 -1454 -3405 1112 3460 -163 -2097 1060
-174 3460 -2194 -2669 4168 -1574 3198 2899
-2504 -352 295 -3235 1710 -2988 -1060 -540
-819 610 -463 544 786 16 -109 1974
-2581 -2176 -3118 2614 3397 202 2983 1658
3142 -538 -3454 -297 3503 -1289 -1778 -433
-1558 2887 -413 -3531 2998 -2471 2058 3681
-1288 -739 1031 -2077 579 -1999 712 -536
-1536 1545 -1415 1840 1796 901 -799 1209
-2220 -3219 -4160 1906 4039 -774 3117 2947
3025 752 -2296 -1789 3311 -1820 -360 -1358
-2509 1809 1213 -3534 2349 -2783 801 3530
-3 -614 1076 -519 479 -1224 2075 273
-2645 1967 -2969 2608 3040 503 -704 -375
-1429 -3782 -4364 665 3576 -1734 2334 3844
2416 1938 -669 -2878 2823 -1981 1543 -1640
-2817 305 2475 -2422 2131 -2246 -507 2651
733 617 -175 1070 1365 -161 2487 1602
-3866 1332 -4415 2002 4269 -580 536 -1629
-122 -3715 -3561 -989 2925 -2753 882 3771
918 2724 1263 -3033 2230 -2138 3111 -661
-2369 -917 2600 -775 1470 -1883 -617 817
794 1816 -1557 1872 2148 255 2011 2623
-4404 187 -4504 752 4391 -1724 2126 -2141
789 -2810 -2948 -2054 2366 -2709 -219 2753
-476 2536 1518 -1988 2282 -1928 3634 607
-1182 -1434 1762 734 1535 -1620 330 -743
-105 2853 -2731 1482 3247 -183 599 2776
-4254 -1065 -5112 -989 3471 -2942 3583 -1633
1158 -1334 -1085 -2236 1445 -2051 -586 1086
-1597 1677 2872 -267 2531 -1505 3259 1970
-64 -1258 879 1788 1923 -1143 1711 -1574
-1481 3168 -4395 202 4342 -1259 -709 2181
-3186 -2030 -4439 -2448 2606 -3810 4440 -428
678 90 834 -1430 1507 -1626 -43 -776
-2148 423 3290 1548 2317 -1954 1979 2572
691 -298 -775 1668 1956 -872 3344 -1318
-2926 2555 -5123 -1849 4239 -1884 -1410 214
-1727 -2052 -2838 -2903 1643 -3163 4180 1159
-650 1020 2338 327 2456 -1016 1420 -1926
-1929 -1036 2494 2930 2589 -2545 368 2045
575 1125 -2370 405 2664 -1204 4199 -268
-3712 1279 -4643 -3515 3384 -3106 -1129 -1655
-656 -1349 -1055 -2285 642 -2573 2986 1753
-2171 1209 2800 2264 3001 -960 2990 -1983
-847 -1667 876 3145 2320 -2347 -600 598
-342 2339 -3271 -1617 3497 -1350 4102 1304
-3615 -104 -3434 -4289 2739 -4089 151 -3094
-79 -25 389 -753 883 -1755 1356 1572
-3462 403 2100 3756 3310 -2075 4279 -1180
436 -1415 -713 2178 1679 -2400 -638 -1434
-1848 2704 -2993 -3399 3318 -1647 2833 2311
-2872 -1421 -1426 -4052 1698 -3735 1941 -3482
-242 1560 1168 1272 2109 -728 -193 238
-4305 -1004 378 4410 3763 -3002 4510 286
1379 -384 -1756 453 1757 -2477 236 -3014
-3475 2417 -1668 -4518 3225 -2827 1103 2026
-1405 -1621 207 -3263 502 -3404 3125 -2775
-1478 2716 422 2441 2895 -689 -418 -1963
-4025 -2352 -1468 4941 2921 -3484 3421 1525
1553 1234 -1717 59 1921 -1730 1827 -3630
-4575 1264 357 -4675 3293 -3650 -753 839
-19 -1233 1095 -2009 587 -2390 3615 -1395
-3189 2889 -1340 4036 3643 -1806 212 -3675
-2752 -3198 -2810 4002 1678 -3952 1672 1726
806 2624 -458 -1880 1931 -1434 3327 -3033
-4794 -460 2377 -4632 2267 -3824 -1812 -1066
695 142 535 103 1336 -1015 2831 -21
-4658 2195 -3416 4808 4312 -2829 1618 -4575
-1302 -3216 -3153 2427 1104 -3887 -284 1023
-732 3396 1702 -3201 2886 -2034 4024 -1441
-4092 -1676 3356 -3452 1108 -4234 -1332 -3013
564 1677 -966 1853 1913 -958 998 561
-5532 873 -5121 4285 3437 -3933 3363 -4201
-79 -2204 -2101 408 451 -2421 -1255 -854
-2326 3422 3643 -3379 3378 -2744 3256 76
-2903 -2195 3239 -1660 845 -3371 6 -4074
-705 2894 -3148 2432 3071 -1343 -945 -155
-5327 -774 -5915 2633 2233 -5215 4157 -2938
259 -911 -352 -903 435 -1706 -1231 -2871
-3536 2481 4927 -2418 2679 -3451 1659 937
-1402 -1761 1904 148 551 -2195 1402 -4015
-2329 3414 -5097 2078 4385 -2152 -2552 -1777
-4375 -1666 -5332 733 865 -4993 3864 -1238
-374 640 1635 -1158 1693 -1477 -322 -4005
-4022 871 5239 -436 2167 -4521 -602 692
-445 -576 -90 1153 903 -1793 2585 -2785
-3967 2936 -6091 504 3857 -3621 -2782 -3754
-2937 -1861 -3735 -830 -616 -3835 2262 57
-1723 1674 3266 -159 2893 -1333 1352 -4231
-3426 -650 4078 1667 1738 -4399 -2362 -452
-437 978 -2214 913 2112 -1493 2237 -1063
-4872 1578 -6355 -1527 2812 -5463 -1803 -5338
-1719 -1176 -2066 -1284 -856 -2470 78 279
-3496 1642 4758 1791 3187 -2217 2520 -2953
-2240 -1331 3589 2848 434 -3983 -2967 -2301
-1385 2484 -3883 -572 3358 -1563 886 447
-4921 77 -6036 -3324 1211 -5643 -423 -5789
-1075 220 -78 -567 381 -1238 -1639 -724
-4943 568 4988 4032 3514 -3886 2478 -1056
-548 -1194 1475 2960 103 -3405 -2361 -4028
-2948 3141 -4979 -2727 3264 -3185 -1072 1204
-4267 -1170 -4862 -4273 -832 -4977 825 -4946
-1743 1799 1367 1418 1485 -29 -2536 -2261
-5508 -1019 4087 5549 3004 -4811 1366 530
542 -147 -458 1917 715 -2378 -919 -4671
-4718 2767 -4842 -4731 3172 -4655 -3336 525
-2829 -1414 -2921 -3783 -1611 -3782 1394 -3104
-3127 2769 1830 3478 2897 -821 -2174 -3993
-5187 -2505 2221 6094 1286 -5687 -490 1605
679 1495 -1570 -84 1075 -1678 294 -3912
-5687 1681 -3558 -5794 1786 -5125 -4445 -1057
-1522 -694 -1350 -2230 -1076 -1650 703 -1391
-4961 2870 891 5259 4404 -2569 -744 -4553
-4070 -3583 188 5405 -201 -5661 -2684 1483
16 2929 -1604 -2126 1617 -2219 1220 -2246
-6092 394 -1827 -5927 -239 -5461 -4622 -2607
-1008 851 -938 -211 -100 277 -1160 -205
-6633 2213 -905 5993 4236 -4536 963 -4074
-2445 -3727 -1252 3646 -934 -4109 -4147 297
-1372 3710 -510 -3388 2384 -2833 802 -222
-5242 -922 11 -4559 -1088 -4633 -3469 -3542
-1300 2470 -1564 1438 1994 9 -3119 -167
-7549 669 -3216 5307 2508 -6676 2182 -2405
-1297 -3048 -1648 1819 -1665 -2652 -4519 -1374
-2982 3571 1417 -3835 2273 -3277 -648 1205
-3736 -1330 853 -3655 -1440 -2632 -1848 -3271
-2478 3911 -3373 4435 4408 -1585 -4827 -1271
-7458 -787 -4737 7380 195 -7397 2166 -201
-879 -1481 -586 1218 -966 -1623 -3638 -2291
-4078 2402 3249 -4598 1342 -4325 -2618 1613
-2259 -867 482 -1640 -961 -1095 -591 -1816
-4176 4295 -5555 5366 4469 -3723 -5182 -2831
-6534 -1876 -5559 5967 -2042 -6039 1173 1652
-1518 -119 1193 -86 972 -643 -2019 -2305
-4308 866 4406 -3522 841 -4809 -4248 1069
-1344 446 -956 154 928 -912 -279 167
-5810 3817 -7468 4970 2910 -6539 -4399 -4169
-5347 -2117 -5003 4237 -3816 -3954 -608 2474
-2811 676 3065 -208 2168 -775 -627 -1121
-3584 -455 4295 -1570 -188 -3979 -4795 -430
-1300 2107 -3105 1218 2644 -1329 -1037 2218
-6788 2964 -8379 3756 706 -7773 -2749 -4493
-4159 -1353 -3433 2930 -3314 -1310 -2123 2331
-4503 555 4386 854 3054 -2581 -204 783
-2276 -960 3237 313 -893 -3587 -4194 -1724
-2092 3468 -4981 1137 2815 -2776 -2807 3232
-7004 1646 -8226 2034 -2374 -6973 -939 -3798
-3802 -83 -1713 2795 -1113 1366 -2834 1141
-5693 -524 4519 2877 3548 -4286 -670 2812
-698 -875 1302 1523 -562 -3164 -2624 -2211
-3414 4149 -6038 -130 2185 -5031 -4408 3193
-6274 615 -7115 470 -4797 -4871 37 -2181
-4271 1286 -393 3686 1519 1619 -2281 -23
-6321 -2039 3598 4924 1770 -5553 -2162 4134
416 124 -507 1627 -372 -2245 -871 -1810
-4907 4094 -6200 -1935 933 -6345 -5536 2311
-4843 406 -5227 18 -4352 -1313 -2 -318
-5625 2114 -156 5417 4304 -509 -816 -400
-5668 -3592 3836 6350 -166 -6569 -3858 4353
872 1423 -1272 721 -347 -2095 416 -268
-5639 3036 -6568 -3523 -1651 -5982 -5300 840
-3852 988 -3272 570 -2229 1751 -909 1095
-7213 2357 3249 7327 5542 -3136 790 -98
-4767 -4512 3506 6810 -2050 -6171 -4811 3464
298 2703 -2352 -899 208 -2650 855 1603
-5718 1940 -5451 -4315 -3383 -4660 -4137 -115
-3374 2281 -1939 2113 662 2228 -2129 1427
-8888 1495 2596 9210 3849 -6460 2527 1243
-3389 -4610 1730 6049 -3737 -3887 -5059 1999
-831 3285 -2382 -2584 509 -2606 341 3022
-5013 972 -3898 -4035 -3283 -1933 -2610 -93
-3605 3760 -1402 4089 4232 478 -3150 396
-9557 256 918 9698 720 -8751 3164 3162
-2346 -3981 590 4692 -4089 -1697 -4137 751
-2135 3106 -1401 -3402 -177 -2896 -814 3594
-3676 575 -2322 -2724 -2122 158 -867 681
-4640 5064 -1970 5777 5799 -2397 -3305 -778
-9452 -999 -702 9202 -2969 -8412 2649 4860
-1890 -2852 375 3184 -2439 64 -2531 423
-2843 2180 179 -3279 -327 -3292 -1933 3069
-2247 1194 -1675 -805 -52 479 -153 2419
-5981 5492 -3260 6525 3866 -6178 -2234 -2110
-8769 -1867 -2015 8142 -6282 -5417 1795 5771
-2340 -1786 1137 2181 -366 1442 -1117 800
-3013 883 1657 -2314 -264 -2900 -2103 2050
-1665 2277 -2099 594 2518 -253 -442 3775
-7394 5146 -5028 6236 979 -8948 -560 -2815
-7647 -2203 -2494 6667 -6931 -1756 685 5717
-3357 -1282 2602 2079 1461 543 -127 2021
-2390 -266 2700 -595 -581 -2944 -1713 523
-1387 3534 -3251 1617 3304 -2166 -1274 4626
-8130 4245 -6385 5196 -3343 -8420 1295 -2436
-6688 -1706 -2055 5444 -4654 2104 24 4811
-4674 -1518 4095 44 3333 -1516 -99 3402
-1266 -862 2545 -932 -698 -3098 130 -196
-1943 4636 -4741 4709 2130 -4837 -2547 4411
-8153 3081 -6966 8573 -6719 -5464 2594 -1476
-6395 -450 -549 5746 -1080 4456 470 3540
-5541 -2300 4975 944 3343 -3781 -968 4115
-7 -669 1599 584 -480 -2666 1689 -163
-2977 5151 -6066 4660 67 -6382 -3205 3557
-7474 2262 -6566 7238 -7120 -1628 3027 -140
-6629 485 779 5524 2698 3146 1428 2699
-5928 -3407 5161 2363 1364 -6046 -1926 4046
995 -73 200 1641 -1174 -2483 3046 475
-4133 4993 -6831 3747 -2707 -5700 -2962 2022
-6539 2155 -5613 6270 -4891 2682 2776 556
-7761 953 1700 6339 5777 -88 2999 2371
-5615 -4649 4439 3972 -1280 -6951 -2862 3005
1195 889 -1040 1626 -1612 -2485 3712 1534
-4677 4326 -6711 2523 -4962 -3984 -2376 841
-5730 2829 -4344 5915 -1393 5146 2035 715
-8829 1172 2055 7467 5574 -4454 4256 3059
-4687 -5146 3170 4907 -3735 -5324 -3036 1496
960 1934 -2002 1059 -1393 -2189 3390 2623
-4776 3422 -5779 1407 -4698 -1291 -844 150
-5168 3743 -3217 6362 2989 3693 1398 -68
-9912 633 1496 8974 2610 -8326 4617 4344
-3533 -5017 1824 4939 -5555 -2723 -2059 227
3 2382 -1971 -112 -1611 -1343 2685 2869
-4048 2667 -4573 899 -3267 1524 284 200
-5290 4749 -2837 7427 5983 173 1079 -1269
-10181 -317 380 9889 -1834 -9171 4581 5125
-2861 -4688 1100 4563 -5184 -101 -1327 -728
-804 2274 -1354 -1191 -1406 -1275 1812 2499
-3034 2487 -3563 1287 -949 2778 940 941
-5975 5516 -1417 8596 5402 -4372 1599 -2421
-10146 -1130 5221 10226 -6061 -6656 3565 5550
-2573 -3853 3399 3545 -2872 2328 -40 -953
-1358 1648 -843 -1685 -506 -1071 1334 1270
-1974 2692 -1628 2131 1924 1479 889 1524
-6869 5855 1368 9629 2064 -8101 2799 -3161
-9513 -1802 4193 9833 -8491 -2684 2496 5131
-2704 -3076 3180 2514 -321 3019 852 -531
-1463 787 277 -1572 -262 -1011 1516 153
-1374 3444 -1012 3297 3498 -716 225 2014
-7603 5564 600 10011 -2238 -8582 3806 -3422
-8599 -1930 3302 8879 -7347 1697 1680 4386
-3470 -2691 3864 1892 2593 1338 846 101
-904 35 1351 -753 -119 -1462 2360 -642
-1235 4221 -1178 4325 2467 -3534 -804 1714
-8123 4889 -494 9756 -6300 -6198 4939 -2906
-7886 -1695 2983 7965 -3578 5309 1410 3173
-4215 -2680 4757 1859 3944 -1153 139 389
-189 -555 2023 202 1 -2312 3161 -1053
-1536 4946 -1928 4712 422 -5525 -1548 651
-8020 4099 -1327 8951 -8451 -2173 5111 -2099
-7560 -923 3437 7189 1056 5687 1722 2054
-4805 -3174 5702 2333 2699 -3749 -684 209
601 -377 1948 1120 -717 -2097 3887 -794
-2090 5133 -2657 4692 -2306 -5250 -1986 -336
-7470 3600 -1548 7939 -6866 2605 4803 -1518
-7495 -129 4148 6787 5007 2730 2417 1711
-4837 -3901 6195 3294 456 -5683 -1475 -587
1328 14 1396 1890 -1874 -2278 4306 -149
-2690 5027 -3440 4079 -4748 -3507 -1655 -1435
-6578 3367 -1166 7045 -2963 5630 4092 -1318
-7947 281 4970 7164 6288 -1223 2794 1817
-4546 -4437 6033 4091 -2206 -5622 -1709 -1588
1290 658 496 1792 -2061 -1499 3687 478
-2977 4407 -3636 4138 -5449 -765 -1024 -1973
-5905 3606 -531 6787 1465 5285 3205 -1505
-8564 334 5539 4025 4281 -5314 2726 2251
-3928 -4817 5563 1278 -4800 -3430 -1643 -2650
1187 1255 -231 1892 -2121 -422 2995 637
-3048 3639 -3520 4868 -3942 2013 -443 -2237
-5445 3982 295 6474 5130 2417 2817 -2267
-8944 104 5616 4541 318 -7851 2358 2785
-3322 -4759 4872 1746 -5594 -649 -1118 -3392
715 1575 -725 1509 -2034 127 2120 624
-2574 3193 -2830 4149 -1488 3342 -48 -1967
-5377 4525 934 6412 5727 -1433 2524 -2889
-8841 -365 5103 5142 -3819 -6972 1430 3006
-2598 -4247 3956 1895 -4055 2163 -591 -3650
100 1215 -513 751 -1066 419 1389 16
-1892 2931 -2059 3711 1133 2416 -81 -1465
-5682 4820 1068 6971 3444 -5323 2967 -3321
-8749 -1038 4440 5691 -6973 -3697 554 2935
-2546 -3793 3522 1492 -1654 3917 -74 -3374
-255 1027 -163 197 27 478 1185 -744
-1413 3019 -1502 3740 2915 702 -573 -1256
-5933 4770 944 7231 -328 -7092 3258 -3374
-8029 -1241 3787 5605 -7017 611 -137 2462
-2487 -3268 3303 937 785 3095 -75 -2790
-383 462 399 -216 437 -228 1162 -1014
-1025 3287 -1164 4000 2563 -1476 -1226 -1213
-6424 4492 351 7815 -4122 -6080 3596 -2883
-7556 -1250 3275 5317 -4598 4408 -846 1720
-2923 -2820 3642 206 3017 1002 -525 -2231
-126 36 1016 -136 339 -1238 1299 -1228
-882 3813 -1207 4669 1081 -3797 -1862 -1596
-6407 4131 -87 7729 -6611 -2765 3507 -2241
-6907 -1077 3039 4665 -861 5901 -752 1149
-3125 -2781 3824 -57 3257 -1218 -981 -2198
223 -208 1526 165 -105 -1521 1636 -1030
-1122 3808 1166 4781 -1059 -4098 -2215 -1887
-6266 3609 3852 7353 -6235 1059 3230 -1633
-6508 -751 5822 4066 2694 4228 -694 725
-3316 -2829 4388 -43 1673 -3395 -1407 -2323
731 -86 1446 731 -1050 -1426 1540 -533
-1375 3930 903 4984 -3237 -3014 -2133 -2391
-5699 3151 3245 6613 -3559 4308 2520 -1106
-6120 -177 5629 3366 4783 1064 -605 809
-3390 -2992 4587 161 -588 -4093 -1609 -2520
818 80 1330 981 -1491 -1215 1154 -61
-1694 3681 406 4676 -4140 -991 -1869 -2679
-5081 3058 3178 5943 -156 5301 1957 -1169
-6178 -67 5810 3263 4366 -2272 -687 930
-3151 -3161 4697 484 -2771 -2984 -1808 -2829
879 407 1080 1275 -1686 -445 734 357
-1840 3344 69 4276 -3309 1106 -1648 -2501
-4529 2930 3069 5285 2899 3399 1493 -1132
-6291 -123 5994 3304 1834 -4861 -878 1206
-2769 -3213 4540 926 -4029 -1153 -1495 -2999
754 511 777 1156 -1534 488 187 335
-1719 3003 -133 3739 -1595 2755 -1356 -2255
-4214 3185 3288 5016 4492 565 1284 -1108
-6251 -199 6008 3466 -1359 -5205 -1288 1528
-2358 -3191 4302 1136 -3564 935 -1192 -2898
511 746 378 992 -934 687 -349 315
-1560 2579 -228 3091 16 2654 -1227 -1761
-3943 3343 3457 4872 3614 -2480 1270 -1173
-6079 -386 5856 3651 -4070 -3267 -1662 1609
-2079 -2799 3720 1015 -1845 2501 -978 -2500
271 749 165 649 -1 674 -424 249
-1189 2208 35 2754 1693 1495 -1326 -1427
-4028 3338 3465 4884 1231 -4365 1361 -956
-5833 -596 5448 3634 -5197 -518 -1940 1448
-1802 -2566 3234 975 -212 2863 -573 -2185
-75 549 64 294 267 347 -621 -38
-826 2314 382 2267 2314 -49 -1551 -1147
-3920 3160 3399 2608 -1532 -4091 1373 -695
-5220 -635 4801 646 -3847 2010 -2199 1174
-1692 -2148 2849 -955 1562 1648 -798 -1538
-36 259 297 -154 344 -322 -284 -55
-740 2149 537 2149 1424 -1750 -1847 -1108
-3889 2906 3087 2663 -3685 -2317 1375 -252
-4699 -637 4315 593 -1600 3727 -2139 998
-1915 -1680 2515 -1245 2137 -45 -972 -1305
-53 71 370 -324 61 -637 -345 61
-608 2262 733 2158 -15 -2467 -1808 -1210
-3868 2684 2823 2742 -4341 -128 1174 159
-4098 -574 3804 565 886 3376 -1936 769
-1991 -1591 2543 -1310 1444 -1390 -1032 -1202
62 -96 615 -334 -295 -608 -110 341
-676 2307 676 2290 -1400 -2007 -1668 -1211
-3535 2309 2310 2680 -3025 1994 825 603
-3855 -351 3412 343 2508 1668 -1746 745
-1938 -1580 2456 -1402 170 -2228 -1057 -1069
237 -143 767 -207 -848 -503 -189 714
-786 2063 384 2309 -2211 -869 -1364 -1251
-3197 1949 1904 2519 -1157 3184 635 794
-3543 -169 3248 51 2756 -457 -1325 875
-1961 -1662 2607 -1454 -1085 -1954 -1047 -1084
343 176 563 89 -831 -248 -320 898
-884 1960 175 2254 -2257 190 -1044 -1078
-2846 1700 1672 2191 880 2645 407 795
-3568 29 3329 -88 1657 -2129 -1297 938
-1718 -1709 2478 -1225 -1953 -792 -891 -971
457 197 564 246 -889 282 -502 1078
-1023 1679 -165 2091 -1529 1194 -605 -864
-2335 1631 1681 1705 2155 1150 236 748
-3354 108 3208 -210 -104 -2916 -1191 1183
-1536 -1659 1923 -1012 -2131 254 -524 -1104
295 437 413 459 -768 361 -691 1034
-855 1326 934 1804 -477 1467 -482 -559
-2192 1581 2654 1482 2128 -409 411 617
-3329 72 3112 -195 -1682 -2238 -1423 1225
-1170 -1477 1514 -634 -1385 1231 -201 -876
-52 433 18 340 -291 214 -677 759
-999 1128 650 1565 269 1241 -292 -218
-1900 1687 2569 1146 1020 -1816 451 475
-3012 1 2840 -33 -2524 -699 -1435 1063
-1053 -1225 1211 -516 -343 1580 -125 -347
-95 572 -68 369 -157 319 -630 581
-718 922 586 1196 869 511 -366 31
-1769 1608 2507 1084 -268 -2181 569 513
-2674 -292 2677 186 -2301 590 -1398 886
-827 -1014 1009 -364 224 1049 111 -53
-254 398 -264 33 -159 -7 -398 480
-524 661 571 877 604 -169 -497 142
-1854 1587 2476 1142 -1408 -1512 729 767
-2413 -365 2486 407 -1377 1668 -1409 668
-637 -659 618 -301 646 329 67 105
-456 215 -390 -273 -233 -204 -83 468
-252 706 721 767 207 -791 -514 40
-1817 1430 2379 1233 -2104 -439 846 908
-2057 -352 2060 397 -227 1777 -935 379
-784 -373 211 -479 468 -236 -146 311
-448 -71 -373 -441 -449 -59 98 376
-230 881 896 881 -396 -940 -439 -148
-1847 1095 2160 1465 -1935 516 672 1227
-1623 -387 1614 516 503 1274 -767 142
-863 -377 213 -759 -77 -748 -248 103
-316 -124 -172 -483 -508 133 263 436
-293 973 1024 1034 -1036 -632 -254 -364
-1749 831 1806 1436 -1140 1322 356 1230
-1320 -48 1160 -264 913 305 -458 294
-1067 -361 188 -1092 -715 -644 -360 148
47 -210 259 -560 -581 111 331 857
-412 1100 1022 608 -1325 -68 31 -389
-1466 637 1390 548 -410 1413 117 1125
-1228 173 965 -671 590 -433 -36 398
-1153 -457 483 -1356 -1159 -350 -111 -363
137 73 290 -295 -489 105 7 951
-649 969 667 940 -1112 361 308 -311
-988 220 736 599 74 843 -180 753
-1133 367 849 -913 -177 -894 -34 644
-1061 -700 778 -1398 -1293 151 197 -568
395 106 464 -155 -598 273 -266 877
-823 702 297 1049 -926 694 711 33
-744 441 685 246 525 366 -53 520
-1376 423 1009 -1198 -936 -741 -39 890
-826 -926 1029 -1221 -1143 599 492 -553
204 497 244 363 -663 210 -490 595
-886 424 -74 1090 -595 817 667 267
-425 652 659 -115 228 -299 223 85
-1597 368 1287 -1322 -1508 -197 -388 773
-487 -967 1083 -877 -797 922 809 -229
31 732 -74 717 -737 367 -560 131
-840 -84 -505 847 -428 663 490 614
-276 803 854 -585 -477 -678 593 32
-1744 46 1688 -1094 -1662 248 -741 341
-32 -712 771 -311 -495 766 923 156
-214 665 -394 649 -646 371 -238 -42
-434 -188 -434 261 -268 440 159 620
-410 1114 1211 -737 -1023 -525 922 233
-1704 -258 1850 -775 -1409 850 -829 59
146 -514 496 191 -420 598 696 625
-560 426 -819 384 -800 296 281 -422
42 -136 -85 -195 -511 109 -341 493
-769 1229 1367 -747 -1556 -5 1124 516
-1496 -533 1444 -283 -934 1322 -618 -377
100 -102 117 234 -316 382 296 738
-680 75 -753 -95 -693 329 638 -193
403 83 133 -564 -783 -17 -540 -85
-1196 1346 1586 -457 -1609 571 1020 946
-965 -656 1300 209 -444 1313 -227 -709
-76 259 -425 195 -558 236 -38 546
-614 -330 -805 -520 -731 406 776 162
540 614 721 -557 -1100 211 -440 -618
-1541 873 1934 258 -1486 1041 549 1173
-596 -726 929 533 -179 1039 352 -763
-673 262 -793 -418 -755 -56 -262 47
-200 -581 -529 -935 -994 411 854 658
416 1010 1302 -275 -1403 427 91 -1065
-1655 468 1884 666 -915 1581 72 1148
-305 -171 227 278 -1 424 666 -285
-1179 35 -976 -1107 -1142 86 -325 -543
384 -632 154 -1056 -1177 579 370 1082
-19 1421 1850 437 -1557 798 895 -1101
-1445 63 1485 1151 -510 1465 -511 784
-300 359 -309 -333 -445 -54 641 177
-1421 -495 -601 -1681 -1577 407 184 -1051
937 -419 836 -811 -1237 843 -326 1051
-531 1320 1817 1033 -1261 1313 1318 -700
-1072 -256 959 1150 24 1221 -587 212
-736 632 -366 -975 -941 -259 243 699
-1367 -999 10 -1904 -1818 870 783 -1101
1114 -7 1244 -261 -1047 1121 -710 646
-964 1185 1529 1519 -851 1587 1411 -36
-397 116 226 331 -75 433 -29 -496
-1437 937 -151 -1723 -1666 -28 -509 806
-952 -1664 927 -1698 -1659 1497 1408 -895
1106 621 1606 598 -980 1336 -1114 -14
-1113 608 788 1313 -300 1383 1098 202
13 721 8 -485 -499 -268 502 -531
-2152 720 509 -2543 -2357 606 -1220 348
-418 -1843 1570 -2047 -1205 1850 1802 -89
638 1043 1162 451 -764 1346 -755 -823
-863 212 172 1005 -171 988 428 610
-81 1326 280 -1402 -1299 -328 1136 -336
-2884 -16 1663 -3013 -2469 1418 -1461 -549
288 -1643 1915 -1442 -687 2052 1689 592
-60 972 368 974 -630 1160 -185 -1132
-279 -109 -286 400 -371 464 -258 256
-520 2011 1030 -2299 -2212 110 1566 512
-3060 -622 2520 -3019 -2003 2721 -1587 -1336
583 -1264 1560 -692 106 1653 1003 943
-599 831 -365 1079 -462 917 475 -1037
698 -103 -233 -667 -963 98 -687 -381
-1432 2549 2240 -2909 -2840 1109 1400 1400
-2713 -1289 3005 -2283 -947 3059 -842 -1997
488 -585 893 -17 199 1239 234 898
-853 -1 -986 452 -771 681 921 -318
1224 513 582 -1562 -1649 251 -545 -1379
-2425 2555 3327 -2906 -2820 2379 619 2008
-2161 -1625 2840 -1567 207 2808 50 -2225
-117 -126 -132 54 -110 345 -329 111
-564 -686 -1050 -488 -1297 707 926 541
1422 1500 1807 -2261 -2410 883 120 -2225
-3136 2035 3988 -2213 -1818 3498 -337 2172
-1523 -1338 2203 -796 1132 1938 598 -1691
-1193 -66 -928 -528 -1018 -22 -474 -805
289 -1429 -343 -1694 -1884 958 187 1178
1202 2571 3100 -2413 -2686 1984 1107 -2336
-3410 1500 4054 -1466 -237 3849 -1240 1578
-1155 -737 1169 -600 907 661 846 -790
-2051 -608 -950 -1614 -2052 189 101 -1519
1338 -1505 501 -2663 -2181 1632 -978 1431
492 3034 2577 -1812 -2004 3104 2067 -1864
-3087 913 2974 -545 1008 3004 -1674 625
-1425 251 -330 -1176 -95 -656 211 -29
-2644 -1487 -2252 -3068 -3041 1138 1229 -1808
2344 -1123 337 -2957 -2135 2621 -2107 911
-556 3208 3523 -674 -934 3712 2542 -957
-2318 502 2288 18 1588 1703 -1421 -353
-2256 836 -1299 -2325 -1828 -830 -1011 297
-2516 -2585 -1783 -4104 -3028 2527 2347 -1459
2649 -225 1532 -2259 -1389 3080 -2728 -146
-1436 2775 3660 545 137 3582 2207 144
-1578 858 1226 -352 1040 95 -509 -782
-3704 1207 -1751 -4022 -3577 285 -2224 -298
-1901 -3613 -576 -4722 -2393 3923 2878 -310
2667 797 2473 -1249 -436 3435 -2472 -1325
-1733 1796 2814 1259 997 2557 1207 846
-979 1911 78 -1619 -637 -1098 589 -384
-4875 939 -1311 -5253 -4314 2137 -2915 -1498
-1019 -3832 560 -4394 -792 4636 2775 932
1575 1541 2588 169 187 2815 -1574 -2119
-1242 1063 1600 1050 1067 1235 -121 527
-1020 3064 -412 -3114 -2701 -773 1059 739
-5808 213 -330 -5931 -3503 4421 -2939 -2879
55 -3407 1609 -3167 834 3984 1700 1737
545 1512 1843 945 497 1939 -635 -2032
-273 550 382 184 36 126 -954 -366
-1803 4111 67 -4528 -4378 1030 1018 2117
-6123 -1102 1403 -5870 -1657 6177 -1975 -3999
621 -2652 1916 -1978 1765 2886 384 2055
-439 1042 487 1043 150 1196 305 -1234
1109 945 -162 -1491 -1478 -207 -922 -1725
-3131 4885 1262 -5409 -4560 3345 -68 3329
-5724 -1987 2607 -5019 884 6187 -812 -4376
284 -1622 1168 -1064 1381 956 -709 1244
-970 -82 -966 941 -748 975 275 131
1938 1703 29 -2881 -2949 814 -211 -2612
-4709 4805 2966 -7273 -3006 5752 -1636 3469
-4810 -2270 3016 -5630 3087 4456 393 -3522
-820 -853 -315 -518 101 -294 -1114 -4
-491 -1204 -1854 96 -1830 1202 -445 1343
2241 3043 1120 -4520 -3705 2515 1123 -3023
-5834 4142 4382 -7323 -452 7192 -3013 2900
-3783 -2059 2664 -4320 3615 1771 764 -2236
-2271 -776 -1909 -432 -1649 -168 -609 -1066
598 -2169 -2091 -1511 -2498 2253 -2079 1833
1809 4338 2825 -5521 -2954 4411 2558 -2236
-6211 3157 5323 -6532 2433 6486 -3938 1842
-3128 -968 1306 -3120 2078 -985 240 -890
-3646 -1462 -3191 -1280 -3634 1095 895 -1508
1872 -2250 -1232 -3051 -2278 3655 -3412 1465
319 5164 4620 -5491 -1310 5876 3175 -794
-5712 2240 5205 -5018 4251 4063 -3910 303
-3537 230 -334 -2879 -565 -1988 -958 -60
-4594 -2482 -3772 -2714 -4190 3353 2293 -1060
3138 -1512 383 -4207 -1227 4460 -4302 121
-1062 5235 5761 -4659 686 6330 3113 923
-4714 1711 4230 -3712 3988 1064 -2831 -595
-4624 1164 -1655 -3642 -3489 -971 -2395 -400
-4376 -4046 -2984 -4644 -3020 5589 3293 422
3778 -186 2158 -4451 221 4842 -4233 -1373
-2089 4472 5699 -3137 2621 5007 1867 2222
-3444 2174 2538 -3220 1788 -1758 -1437 -265
-6449 1634 -2348 -5413 -5822 1893 -3824 -1541
-3432 -5039 -1465 -6047 -678 6943 3238 2427
3242 1167 3325 -3446 1252 4533 -3256 -2414
-2727 3277 4760 -1440 3344 2955 350 2410
-2482 3328 1013 -3720 -1293 -2142 -345 934
-8086 1286 -1785 -7413 -5575 5440 -3677 -3254
-1953 -5343 -3824 -6448 2128 6250 2149 3815
2046 2156 2146 -1684 1635 3418 -1588 -2468
-1954 2155 2723 -593 2326 743 -957 1572
-2535 4905 -2578 -5337 -4454 -359 -293 2736
-9203 106 -5700 -9103 -2775 8380 -2626 -4524
-619 -4913 -2116 -5845 3984 4767 472 4518
564 2176 2251 -4 1626 2088 -239 -1510
-723 1405 1068 -639 516 -558 -1285 204
-3549 6370 -3544 -7428 -6128 2934 -1201 4343
-9392 -1245 -4445 -9960 1283 9092 -728 -4885
-229 -3751 -1061 -4260 3984 2084 -922 3838
-830 1401 1084 1231 666 1455 348 144
859 1628 -643 -2069 -1752 -160 -378 -849
-5164 6979 -3072 -9138 -5064 6607 -2942 4721
-8668 -2492 -2617 -9633 5289 7380 1181 -4169
-641 -2170 -814 -2230 2111 -144 -1784 2428
-1511 85 -647 1427 -741 1592 -188 1735
2057 2575 -1676 -3825 -3481 1819 1162 -1447
-6724 6986 -1717 -10382 -1340 9532 -4727 4589
-7309 -2801 -1195 -8232 6766 3751 2015 -2430
-1776 -1225 -1698 -866 -176 -898 -1198 846
-1172 -1322 -2421 510 -1250 2476 -1462 2802
2220 3974 -1350 -5587 -3875 4036 2990 -613
-8010 5971 410 -10011 2713 9186 -5662 2885
-5810 -2215 -736 -6318 5419 -109 2089 -747
-3521 -877 -3539 -545 -2653 516 365 248
130 -2265 -3685 -1213 -1362 3859 -3202 2552
1458 5639 112 -6727 -2343 6432 4130 1135
-8436 4572 2151 -8781 6315 6831 -5502 985
-5007 -1162 -1359 -4851 2224 -2852 879 644
-5158 -1545 -5658 -1385 -3904 3237 2196 456
1659 -2347 -3810 -2995 -826 4793 -4195 1265
-178 6458 2266 -6637 153 7797 4187 3301
-7559 3249 3000 -6785 7233 2953 -3964 -151
-5273 490 -3146 -2050 -1859 -2739 -628 716
-5997 -2965 -7143 1260 -2828 5943 3571 1915
2808 -1345 -2536 -2904 282 4859 -3997 -668
-1790 6237 4064 -7974 3024 6779 3274 4696
-6258 2740 2534 -6670 5256 -1002 -2229 -366
-6499 1826 -5228 -1598 -5106 396 -1622 -382
-5878 -4389 -7641 -374 -434 7936 3982 3906
3277 182 -677 -4074 1789 4829 -2678 -2006
-3234 5261 5229 -6627 4874 4915 1276 5119
-4680 2960 1189 -5003 1842 -3279 -565 536
-8243 2166 -6818 -2384 -5874 4409 -1650 -1940
-4771 -5434 -6851 -2291 2500 7367 3000 5419
2692 1708 1375 -4106 2303 3987 -650 -2537
-3709 3775 5107 -4723 5008 2534 -8 4217
-3598 4302 -912 -4244 -2298 -2348 133 2194
-9931 1872 -7556 -3973 -3376 8524 -429 -3622
-3167 -5710 -5049 -3695 5124 5346 1619 6132
1177 2684 2559 -2820 2173 2790 1442 -1804
-3157 2448 3979 -2853 3578 2 -492 2620
-3527 5836 -2588 -4722 -5274 820 -501 3597
-10941 550 -6925 -6074 795 10512 1608 -4289
-1751 -4909 -3117 -3985 5653 2641 -129 5459
-552 2791 2650 -880 2041 2234 2435 -165
-1807 1544 2078 -1708 1390 -962 -38 974
-4432 7078 -3346 -6308 -5283 4891 -1884 4206
-10978 -855 -5429 -7687 5384 9070 3753 -3720
-974 -3416 -1709 -2950 3894 -232 -849 3752
-2210 2038 1483 1273 1063 2209 2418 1659
-214 1561 260 -1859 -1253 143 1859 -129
-6092 7737 -2693 -8401 -2374 8650 -3595 3434
-9793 -2211 -3218 -8226 8007 5308 4988 -2255
-1572 -1849 -1605 -939 1180 -1551 -541 1868
-2890 627 -437 2619 613 2337 1152 2605
999 2522 -674 -3104 -2587 2009 3515 131
-7711 7527 -5749 -10178 1882 10244 -4547 1875
-8160 -2495 -6610 -7464 7753 833 5254 -408
-2760 -462 -1856 1306 -1327 -29 859 466
-2655 -906 -326 2889 848 3128 -259 2589
1165 3972 -3151 -5122 -1992 4250 5103 1224
-8928 6325 -5851 -10934 5790 8411 -4176 -316
-6671 -2062 -5005 -5835 4897 -2933 4446 767
-4432 -28 -2740 2802 -2846 2378 2756 112
-1461 -1641 -2057 1951 988 3715 -1546 1174
399 5416 -2819 -7043 -349 6663 5329 3152
-9125 4886 -3838 -10532 8392 4879 -3021 -1939
-5647 -667 -4496 -3634 637 -3695 2714 842
-6005 -545 -4413 3373 -1862 4954 4408 967
109 -1689 -3205 116 1573 3515 -1630 -819
-1177 6083 -1413 -7909 2082 7232 4268 4394
-8122 3446 -1922 -8948 7695 453 -1038 -2897
-5689 759 -5148 -1966 -3175 -1328 1406 -120
-6761 -1905 -6476 2504 558 6986 4901 2583
1215 -857 -3184 -1567 2573 3028 -617 -2488
-2760 5854 755 -7655 4623 5997 2459 4701
-6538 2778 -1018 -6735 4640 -3053 792 -2525
-6566 2141 -6712 -1271 -4978 2506 788 -2070
-6469 -3235 -7784 885 3296 7054 4345 4030
1706 665 -1837 -2767 2437 3062 1080 -3625
-4209 4850 2807 -6305 5979 4065 676 3904
-4946 2934 -1360 -5107 1099 -3593 1640 -1281
-8138 2653 -8706 -1812 -3455 6145 1603 -3748
-5346 -4266 -8009 -907 5764 4736 2539 4466
828 2350 376 -2509 1850 2684 3064 -3091
-4730 3093 4087 -4048 5292 1264 -432 1960
-3782 4028 -2766 -4120 -2616 -1308 1468 170
-9409 2205 -10051 -3331 305 8889 3027 -4745
-3762 -4128 -6834 -2015 6339 1920 823 3671
-483 3273 2287 -1368 2186 2409 4046 -1933
-4025 1635 3826 -3330 3963 -810 -345 -71
-3671 5417 -4589 -1492 -4491 1752 144 819
-10323 1089 -10509 1090 4599 8340 4531 -4739
-2406 -3610 -5193 357 4747 -302 -451 2201
-2334 3365 3603 -1597 2094 3028 3980 -418
-2864 723 2778 -2292 2136 -946 826 -1738
-4474 6585 -6064 -1856 -2956 5452 -1618 410
-10017 -377 -9670 -811 7772 5305 5933 -3501
-1781 -2092 -3086 216 2077 -1695 -518 11
-3790 2614 3879 276 2084 2793 2801 822
-1314 858 913 -1391 -280 -270 2226 -1905
-5820 7041 -6647 -3219 263 8080 -2824 -1182
-8931 -1484 -7966 -2367 8418 1722 6075 -1904
-1959 -369 -1568 1135 112 -813 373 -1752
-4462 1513 2957 1973 2853 2573 1008 745
-300 1591 -545 -1487 -1443 1026 3381 -1318
-7129 6603 -6008 -5136 4164 7677 -3273 -3094
-7253 -1662 -5971 -2588 5861 -1853 4870 -730
-3071 662 -1192 2831 -1302 1638 1767 -2301
-4163 73 1180 3290 3249 2467 -744 -250
-92 2615 -1270 -2620 -639 3273 3466 -51
-7867 5393 -4354 -6429 7209 5204 -2481 -4822
-5679 -1268 -4341 -1976 2692 -3853 3187 -324
-4337 1167 -1775 4591 -814 3768 2997 -1932
-3195 -611 -279 3297 2832 1263 -1410 -1820
-718 3866 -954 -4344 525 4887 2374 1132
-8042 3989 -2491 -7177 7858 2126 -953 -5588
-4789 -129 -3872 -356 -591 -2683 1277 -989
-5744 641 -3353 5940 1437 5377 3339 -642
-1831 -772 -1343 2409 2484 505 -1123 -3412
-2286 4383 408 -5962 2745 4952 611 1733
-7233 2792 -962 -6732 6178 -1475 249 -5476
-4617 1237 -4166 1387 -2685 457 266 -2320
-6309 -492 -5040 6085 3609 5352 2588 681
-799 125 -1458 767 2035 678 -111 -4229
-3757 4362 -2261 -6771 4806 4218 -1262 1183
-5717 2113 -3911 -5256 3587 -3642 1184 -4322
-5375 2318 -3792 2814 -2344 3519 125 -3911
-5914 -1368 -2153 5366 5067 3053 1097 1346
-619 1436 -118 -795 991 1039 1078 -4100
-4761 3370 -386 -6416 5320 2795 -2520 -198
-4225 2126 -2966 -3494 511 -3035 870 -2838
-6576 2524 -5142 3126 278 6249 911 -4822
-4895 -2103 -3034 3874 5584 664 -594 1237
-1087 2613 981 -1826 875 1539 1791 -2906
-4993 1947 1240 -5170 5066 392 -2941 -1961
-3232 2941 -3203 -1901 -1976 -768 -279 -1740
-7667 2307 -6573 2700 3158 6375 2059 -4780
-3640 -2214 -3088 2356 4537 -949 -2029 400
-2190 3483 2539 -1764 1541 2679 1578 -1435
-4575 815 2089 -3583 4300 -1467 -2529 -3002
-3045 3963 -4234 -1372 -2072 1737 -1815 -1559
-7919 1315 -7420 1360 5550 4091 2696 -3635
-2313 -1421 -2178 1112 1933 -2059 -2661 -998
-3697 3404 4213 -635 2057 3182 451 -182
-3463 -108 2190 -2026 2231 -1687 -1512 -3296
-3503 4858 -5513 -1561 -266 4544 -3171 -2191
-7532 186 -7571 -128 6862 1452 2625 -2257
-1883 -215 -558 1023 175 -1390 -2246 -2299
-4669 2920 5153 739 3337 2426 -1329 343
-2270 -186 1282 -1175 428 -1493 -589 -2757
-4543 5273 -6680 -2603 1768 5300 -3864 -3297
-6650 -732 -6789 -1298 5768 -1103 1834 -660
-2005 845 836 1782 -850 709 -1393 -2507
-4970 1901 5100 2087 4317 1326 -2686 -49
-1395 421 -77 -1288 -192 -243 -402 -1317
-5541 4931 -6878 -3991 4213 4163 -3414 -4205
-5305 -1001 -5312 -1593 3066 -3180 235 249
-2599 1705 1959 2220 -448 2492 -336 -1919
-4787 946 4380 769 3795 255 -3656 -794
-1230 1491 -1280 -1517 -232 1901 -1034 -194
-6122 4195 -6456 -1675 6138 2448 -2555 -4561
-4056 -792 -3803 953 797 -2949 -1190 77
-3562 2150 2423 3214 1752 3253 106 -874
-4083 268 3276 1540 2904 -1331 -3633 -1697
-1494 2217 -1873 -2348 538 2792 -2097 802
-6018 2903 -5123 -2734 5643 -222 -1542 -4141
-3318 203 -2548 1442 -1352 -782 -2183 -555
-4357 1732 1724 4322 3413 3353 -331 694
-2932 398 1974 1431 1903 -1767 -2979 -2176
-2445 2494 -1438 -3566 2359 3325 -3635 814
-5146 2020 -3605 -3113 3786 -2544 -730 -2738
-3183 1124 -2131 2392 -1583 1183 -2341 -1340
-4660 763 500 5092 4074 2096 -1137 1574
-1956 738 1116 651 495 -665 -1991 -1775
-3397 2370 -526 -4535 3913 2884 -4374 358
-4170 1458 -2373 -2895 2092 -2805 -662 -1298
-3602 1721 -2436 3456 -40 2809 -1832 -1580
-4442 46 -517 5110 4509 -268 -2415 1981
-1757 1470 1162 -342 -192 34 -1193 -1032
-4046 1575 718 -5076 4235 1145 -4689 -444
-3115 1573 -1937 -1848 -366 -1829 -1353 -156
-4356 1959 -3267 4215 1794 3903 -862 -1450
-3604 -672 -1317 4286 3581 -1742 -3326 1821
-2186 2403 2074 -1489 467 1648 -1063 388
-4038 711 1683 -4727 4083 -836 -4080 -1102
-2332 2054 -1965 -822 -1293 -583 -2213 515
-4936 1719 -4075 4414 3436 2826 -159 -542
-2650 -597 -1222 3315 1487 -2126 -3502 1069
-2708 2996 3011 -2179 1453 2540 -1509 1664
-3647 -118 2281 -3942 3381 -1533 -3002 -1215
-2245 2707 -2673 42 -726 1242 -2890 413
-5355 1031 -4034 3915 4774 823 302 571
-1833 -187 698 2189 29 -1963 -3211 652
-3436 2853 1971 -1988 2239 1871 -2221 2129
-2852 -503 -8 -2866 1254 -2107 -2129 -512
-2620 3335 -2961 479 291 2994 -3293 10
-5017 225 -2523 2904 4123 -853 1 1776
-1422 433 1121 1458 -281 -338 -2417 420
-4042 2416 2806 -1396 3401 1021 -2809 2408
-1971 -483 -127 -1807 49 -1815 -1330 358
-3179 3613 -3784 257 2046 2640 -2919 -406
-4350 -263 -2583 1902 2473 -2202 -567 2670
-1282 1083 1873 1113 -316 1182 -1259 764
-4192 1633 3348 -438 3596 51 -3206 1795
-1197 -62 -784 -1276 -443 -183 -1290 1615
-3617 3466 -4350 -345 3808 1502 -2019 -813
-3627 -635 -2368 1088 1070 -3054 -980 2856
-1916 1375 2550 1686 300 1700 -787 1702
-3727 1041 3047 337 2305 -1396 -2815 1416
-910 779 -1679 -1179 -442 1314 -1535 2346
-4058 2884 -4595 -1239 3930 330 -969 -314
-2842 -462 -1529 767 -167 -1728 -1561 2573
-2409 1548 3012 2333 2049 2027 -427 2588
-3090 595 2372 884 1467 -1927 -2175 1048
-1240 1031 -2211 -1766 865 1577 -2044 2480
-3901 2133 -4142 -1875 2872 -1412 -115 315
-2429 -40 -679 1012 -1221 -530 -1416 2179
-2693 1159 2849 2849 2780 1472 -603 3223
-2337 469 1590 914 600 -1104 -1177 914
-1657 1525 -2620 -2478 2255 1673 -2327 2227
-3480 1786 -3472 -1915 1896 -2745 383 1178
-2421 560 -136 1620 -835 964 -646 1713
-2860 646 2393 3313 2791 -169 -1073 3451
-1634 807 657 402 -330 -460 -277 1412
-1986 1306 -2457 -2826 2486 1013 -2197 1762
-2863 1467 -2616 -1939 372 -2113 444 1981
-2705 882 32 2835 654 2241 180 1646
-2652 63 1568 2527 2821 -1114 -1348 3205
-1297 1138 147 -625 129 -94 231 1840
-2163 952 -1932 -2308 2413 -530 -1461 1421
-2345 1586 -2073 102 -1212 -1510 312 2169
-3129 975 -256 3474 1651 2126 908 1822
-2176 -351 867 2564 1647 -1378 -1207 2601
-1311 1597 116 -1142 591 702 495 2462
-2019 695 -1464 -2327 2032 -1785 -931 1143
-1978 2051 -1912 687 -1165 143 -87 1941
-3384 766 -913 3682 2594 856 1583 2460
-1565 -660 190 2352 606 -1829 -1034 2002
-1360 1607 259 -1345 757 757 388 2605
-1735 170 -890 -2122 646 -1540 44 1201
-1775 2450 -1900 1269 -89 1732 38 1506
-3634 315 -1492 3844 3403 -177 1839 2915
-1139 -622 -13 1940 201 -1738 -429 1568
-1677 1509 609 -1527 1171 42 369 2430
-1025 110 -810 -1445 -592 -1338 581 1534
-2028 2751 -2367 1770 750 2011 410 850
-3612 -283 -1987 3594 2638 -1280 1802 3109
-777 -327 231 1447 -707 -509 115 1543
-1792 1333 937 -1372 1364 -113 444 2014
-313 62 -915 -693 -350 -45 814 1995
-2297 2986 -2922 2037 2260 1189 854 412
-3369 -414 -2050 3204 1179 -2790 1608 3156
-750 -182 439 1077 -825 187 958 1454
-1558 764 838 -718 602 5 732 1495
29 396 -1296 -166 33 1039 877 2099
-2680 3034 -3192 2012 3244 223 1640 91
-3092 -646 -2016 2681 4 -2640 1413 2856
-940 -213 501 1289 -323 499 1136 1450
-1252 322 623 -145 524 -445 1290 895
389 849 -1930 322 719 1003 692 1971
-2784 2820 -1780 1712 2474 -1443 2224 -15
-2704 -575 -464 2408 -1592 -1356 1510 2338
-1194 -215 1120 1543 384 1374 1028 1573
-820 48 549 368 1001 -69 1724 599
444 1197 -1539 464 1986 382 516 1785
-2853 2576 -2088 1444 1289 -2787 2483 127
-2669 -405 -269 2443 -2128 -264 1701 1884
-1268 -561 1102 1950 775 1462 808 1325
-180 -134 123 889 1036 -37 2360 439
313 1416 -1821 427 2331 -310 360 1076
-2711 2407 -1933 1312 -370 -2536 2564 161
-2689 -207 -13 2581 -1275 1186 2001 1471
-1339 -1088 832 2399 1756 774 650 640
266 -67 -246 961 1082 -673 2781 602
253 1407 -1913 261 1186 -1632 535 671
-2229 2320 -1520 1243 -2023 -1217 2371 -11
-2934 -105 122 2985 -167 2657 2377 1408
-1263 -1398 639 2666 2392 63 570 141
402 92 -620 978 1211 -978 2918 557
251 1321 -1765 259 186 -2204 588 338
-2073 2522 -1280 1501 -2191 186 2287 -324
-3264 -103 152 3206 1356 2389 2528 1409
-993 -1824 218 2899 1975 -1352 355 -454
750 55 -802 1010 492 -1355 2852 562
383 1259 -1647 294 -1100 -1310 819 31
-1954 2796 -1009 1891 -1004 1903 2167 -848
-3489 -255 -213 3465 2951 1053 2429 1489
-785 -2119 -142 2770 1284 -2363 528 -973
773 101 -924 1046 -744 -1592 2668 452
648 1172 -1310 540 -1854 -126 827 -112
-1875 3219 -927 2364 354 2829 2238 -1211
-3959 -432 -492 3655 3314 -454 2169 1443
-510 -2168 -514 2675 350 -2430 737 -1509
844 48 -905 1018 -1215 -953 2441 262
977 1274 -1213 1494 -1326 1061 509 -234
-1964 3311 -994 3525 2024 1903 2316 -1665
-3693 -747 -756 3913 2262 -2354 1617 1324
-392 -2106 -556 2412 -1281 -1904 922 -1734
1028 -144 -802 1567 -1531 541 2402 -169
1440 1356 -1012 2347 287 2170 294 -186
-2256 3364 -1258 3965 3504 383 2517 -2049
-3744 -880 -918 3932 626 -3574 1432 1083
-411 -2162 -628 2415 -2344 -954 669 -1857
1063 -459 -553 1716 -968 1440 2288 -465
1699 1635 -1083 2894 1640 2158 -149 -430
-2356 3640 -1470 4165 3082 -1535 2752 -2136
-3546 -994 -1097 3829 -1103 -2923 880 836
-361 -2234 -598 2506 -2135 879 569 -1863
1305 -686 -471 2053 748 1803 2404 -747
1779 1892 -1258 3111 2807 445 -456 -678
-2457 3520 -1498 4151 1102 -3424 2573 -2107
-3520 -1019 -1166 3782 -3012 -1640 728 616
-603 -2322 -363 2700 -1115 2434 166 -2144
1659 -927 -486 2560 2141 1675 2569 -691
2090 2085 -1454 3522 3006 -1337 -1027 -975
-2643 3581 -1825 4293 -535 -3855 2668 -2230
-3529 -884 -988 3780 -3223 425 573 508
-794 -2634 -334 3055 723 2723 -45 -2513
2204 -1069 -904 3140 2996 201 2626 -397
2174 2391 -1665 3868 1489 -3021 -1343 -1373
-2626 3448 -1781 4146 -2658 -2314 2365 -2056
-3639 -792 -851 3841 -1808 2686 399 384
-928 -2884 -332 3355 2900 1760 -488 -2800
2429 -1019 -1046 3359 2924 -1915 2437 -207
2000 2554 -1859 3760 -500 -3671 -1363 -1605
-2497 3466 -1631 4018 -3578 -229 2037 -2001
-3852 -650 -707 4048 298 3548 316 500
-825 -3352 -586 3864 3707 286 -603 -3243
2672 -1035 253 3539 1406 -3134 2080 -20
2018 2507 370 3705 -2243 -2488 -1566 -1769
-2256 3537 709 3925 -2529 2085 1686 -2063
-4167 -551 1859 4360 2726 2431 32 740
-633 -3599 1830 4095 3239 -2082 -575 -3448
2800 -933 1009 3603 -879 -3404 1541 331
2030 2458 379 3621 -3296 -493 -1588 -1924
-2145 3809 1053 4228 -271 3703 1626 -2136
-4386 -617 1972 4627 4207 568 -441 922
-531 -3812 1717 4344 1698 -3929 -620 -3682
2826 -913 906 3518 -2463 -2622 1274 382
2047 2361 601 3442 -2713 1567 -1570 -1615
-1997 4115 1456 4472 2215 3040 1449 -2290
-4756 -880 1862 5071 3928 -2018 -884 1144
-382 -3777 1532 4324 -977 -3938 -448 -3544
2739 -938 933 3401 -3112 -304 844 357
2372 2241 889 3685 -558 3188 -1898 -1437
-2272 4405 1644 4902 4207 989 1735 -2427
-4932 -976 1704 5343 2283 -4378 -1540 1268
-311 -3749 1250 4210 -3052 -2693 -304 -3297
2591 -1165 1053 3304 -2598 1803 659 255
2684 2387 1242 4044 1871 3253 -2384 -1379
-2543 4499 1568 5237 4539 -1436 1885 -2060
-4852 -1275 1414 5328 -525 -4798 -2013 1042
-424 -3662 1296 4069 -3596 -577 -220 -2984
2509 -1260 1338 3332 -597 3021 703 263
2854 2608 1417 4267 3560 1244 -2679 -1331
-2867 4631 1357 5609 2753 -3961 2092 -1711
-4629 -1265 1263 5164 -3212 -3415 -2414 859
-533 -3575 1396 3828 -2684 2175 -360 -2600
2568 -1554 1641 3438 1967 2704 856 468
3108 2958 1464 4855 4464 -1288 -3309 -1469
-3137 4525 950 5610 92 -5144 2257 -1150
-4465 -1352 1100 4907 -4340 -998 -2223 694
-940 -3387 1803 3081 -541 3413 -885 -2507
2834 -1949 2048 2992 3657 1074 991 762
2934 3227 1220 4483 3098 -3405 -3301 -1868
-3357 4329 626 4944 -2649 -4141 2018 -672
-4418 -912 1324 3691 -3342 1912 -2204 593
-1335 -3493 2390 2561 2408 2925 -1167 -2594
3097 -2020 2043 3279 3940 -1620 968 1441
2774 3549 822 4800 385 -4739 -3166 -2072
-3176 4062 470 4693 -4399 -1747 1682 -168
-4411 -579 1721 3278 -941 3867 -1814 917
-1447 -3653 2586 2632 4050 887 -1290 -2604
3460 -2007 1906 3765 2858 -3663 722 2034
2336 3744 362 4884 -2147 -4368 -2873 -2365
-3012 3816 454 4414 -4021 962 1362 21
-4631 -284 2178 3273 1996 3625 -1860 1392
-1577 -4116 2834 3089 4196 -2067 -1153 -3156
3736 -1487 1346 4185 305 -4498 326 2421
1958 3605 -15 4591 -3762 -2252 -2305 -2267
-2704 3781 744 3979 -1777 3250 930 -26
-5013 88 2832 3350 4523 1399 -1956 1881
-1458 -4482 2743 3560 2727 -4478 -607 -3218
3653 -1271 981 4170 -2329 -3956 -242 2622
1713 3279 -103 4124 -3780 258 -1906 -1826
-2401 4106 1364 3819 1112 3954 1102 -367
-5508 -55 2937 3798 4995 -1653 -2193 2339
-1143 -4500 2362 3938 110 -4992 -31 -3094
3188 -733 406 3718 -3257 -1934 -874 2268
1764 2806 188 3470 -1897 2175 -1704 -1310
-2245 4564 1873 3862 3731 2149 1369 -383
-5945 -427 2805 4470 3529 -4685 -2983 2300
-772 -4425 1766 4094 -2661 -4077 611 -2582
2688 -478 234 3156 -3162 268 -996 2035
2099 2595 736 3154 593 3062 -1926 -780
-2471 5024 2213 4365 5168 -847 2009 -406
-6069 -776 3817 5041 625 -6155 -3443 1961
-385 -4001 3758 3781 -4025 -1900 896 -1896
2108 -757 2000 2402 -1524 1799 -724 1445
2430 2421 2918 3033 2610 1967 -2274 -568
-2997 5355 5204 5051 4210 -3972 2604 117
-5657 -1112 5079 5119 -2526 -5103 -3457 1215
-616 -3281 3146 3020 -3333 725 811 -1099
1556 -1031 2035 1680 752 1826 -237 1148
2735 2666 3446 3455 3949 -330 -2649 -828
-3521 5383 4997 5670 1575 -6035 2819 984
-5312 -1395 4462 5088 -4743 -2786 -3431 672
-1038 -2790 2961 2222 -1342 2505 315 -781
1665 -1724 2762 1598 2531 960 481 1622
2918 3138 3914 4036 3648 -2951 -2857 -1292
-4169 4843 4394 6149 -1545 -5960 2877 1746
-4691 -1265 3758 4343 -4476 259 -2693 218
-1648 -2497 3249 1547 1335 2269 -125 -674
1898 -2114 3465 1735 3080 -1137 853 2107
2672 3889 3745 4953 1905 -4759 -2463 -2312
-4326 4302 3539 6101 -4035 -4064 2139 2450
-4329 -787 3534 3617 -2471 2714 -2021 264
-2448 -2445 3848 1059 3369 468 -594 -1218
2476 -2131 3896 2444 2485 -3197 763 2833
1950 4355 3032 5297 -596 -5232 -1629 -2625
-4223 3606 2731 5546 -4952 -1256 1464 2441
-4109 55 3734 2574 812 3101 -1344 950
-2953 -2767 4696 1167 3556 -2097 -473 -1885
2736 -1836 3721 3028 731 -4059 244 3403
1109 4549 2004 5419 -2558 -4306 -539 -2694
-3511 3153 2253 4578 -3636 1421 723 2031
-4514 717 4585 2300 3576 1438 -1290 1609
-3191 -3391 5454 1792 2254 -4487 159 -2511
3038 -1121 3088 3518 -1118 -3989 -698 3312
188 4039 785 4656 -3621 -2473 431 -2029
-2919 3060 2344 2971 -1049 3026 623 1353
-5167 1328 5543 -959 4591 -1571 -1686 2349
-2718 -3808 5446 -688 -52 -5345 1281 -2638
2794 -321 1844 2279 -2168 -2987 -1543 2695
-306 3237 42 3403 -3245 -485 831 -1005
-2197 3479 2990 1298 1884 2231 1042 591
-5914 1184 6344 -707 3484 -4417 -2414 2286
-2122 -3924 5052 161 -2482 -4412 2050 -1949
1939 635 532 2461 -2251 -1634 -1793 1599
-427 2443 -192 2446 -1882 955 567 -200
-2102 4087 3840 832 3896 16 1792 235
-6545 653 6742 222 936 -6398 -3342 1853
-1268 -3570 3976 940 -3661 -2557 2445 -1007
738 822 -318 1566 -1671 -578 -1363 564
199 1836 346 1488 -38 1219 -58 180
-2470 5037 4929 1187 4183 -2827 2881 727
-6678 -22 6488 1165 -2289 -6385 -3713 734
-1004 -2585 2695 994 -3085 -319 2304 -2
-356 676 -762 495 -607 -555 -434 -69
781 1577 1167 779 1470 143 -933 -31
-3258 5421 5343 2046 2418 -5298 3121 1658
-6201 -765 5586 2125 -4710 -4317 -3344 -489
-954 -1486 1678 470 -1538 1016 1457 724
-1027 -98 -270 -916 291 -1120 744 -203
1411 2016 2091 840 2232 -1483 -1530 -893
-4302 5359 5173 3347 -424 -6705 3135 2935
-5246 -1086 4177 2468 -4968 -1385 -2226 -1306
-1711 -480 1480 -900 494 774 293 549
-1227 -1118 716 -1959 350 -1960 1497 678
1588 2979 2627 1704 1822 -3153 -1239 -2008
-5159 4763 4092 4539 -3249 -5967 2088 3621
-4188 -874 3133 2019 -3504 1242 -1176 -1420
-2698 224 1721 -2515 1828 -1096 -657 -245
-696 -1560 1642 -2066 -58 -2529 1595 1665
1082 3995 2755 3141 674 -4400 -224 -2819
-5391 3507 5869 5207 -4942 -3934 626 3770
-3433 -5 3167 799 -818 2327 -32 -604
-3844 181 454 -3695 1750 -3111 -837 -1274
26 -1638 1421 -1349 -545 -2617 728 2440
-89 4547 3935 4370 -874 -4904 1141 -2850
-5030 2356 4296 5070 -4977 -1250 -465 2790
-3276 1138 2598 -654 1725 1132 229 467
-4648 -463 1460 -4137 358 -4570 -120 -2381
750 -1147 2049 -291 -1299 -2435 -272 2539
-1542 4679 2840 5175 -2423 -4526 2336 -2223
-4170 1614 2875 4104 -3477 930 -1053 1512
-3711 2208 2906 -2022 3019 -1467 -262 1393
-4733 -1357 2763 -3877 -1833 -5022 1004 -2904
981 -58 1854 1102 -1366 -2243 -1500 1949
-2783 3926 1021 5219 -3328 -3647 3006 -686
-2966 1477 2111 2589 -1185 1739 -582 272
-4842 2860 4090 -2530 2530 -4188 -1502 1970
-4232 -2077 3717 -2747 -3517 -3883 2474 -2361
584 1415 621 2083 -1022 -2307 -2049 474
-3366 3058 -503 4482 -3918 -2269 2685 551
-2001 2289 2373 1189 1090 914 626 -333
-5899 2783 5609 -2227 415 -6182 -3050 1374
-3022 -2448 3854 -1199 -4109 -2098 3069 -1156
-429 2448 -1071 2137 -936 -2613 -1759 -1078
-3340 1622 -1717 2873 -3299 -933 1469 1579
-1771 3446 3497 572 2449 -1228 1807 -166
-6658 2108 6769 -1136 -2509 -6199 -3548 66
-1902 -1879 2979 -180 -3314 -515 2811 269
-1892 2832 -2839 1235 -1197 -3122 -376 -2027
-2407 745 -1705 1370 -2267 43 40 1542
-2230 4424 4958 769 1962 -3686 2757 806
-6830 770 7332 561 -4991 -4682 -3396 -1460
-1243 -560 1222 48 -1557 172 1631 1223
-3329 2274 -4239 -609 -1756 -3616 1209 -2091
-1333 428 -920 924 -945 3 -1043 547
-3409 5351 6523 -1880 268 -5684 2621 2306
-6185 -344 6713 -2165 -5786 -2297 -2455 -2552
-1277 1004 -791 -452 117 -605 12 1167
-4337 1430 -4696 636 -2816 -3498 2437 -1311
-538 1085 558 233 216 -570 -1081 -1024
-4929 5222 7166 -347 -2145 -6180 1460 3602
-4845 -876 5128 -852 -4794 141 -682 -2917
-2275 2386 -2276 -1209 614 -2405 -1384 451
-4389 276 -4107 -1085 -3521 -2557 2809 248
-171 2295 2059 510 573 -2003 -337 -2207
-5913 4284 6825 1463 -4640 -5130 -238 3805
-3438 -663 3282 -181 -2576 1296 851 -2260
-3699 3003 -2705 -2969 27 -4272 -1865 -1438
-3678 -710 -2676 -2217 -3540 -1357 2223 1743
-647 3686 2890 1781 358 -3632 1250 -2623
-6596 2806 5429 3168 -6086 -3210 -1711 3068
-2509 519 1804 -907 -253 990 1301 -716
-5094 2769 -2050 -4877 -1771 -5240 -1174 -2897
-2388 -1023 -1013 -2284 -2793 -329 520 2262
-1912 4666 2651 3690 -1085 -4681 2704 -1877
-5829 1281 3396 4170 -5856 -835 -2757 1449
-2190 1950 1080 -2398 1137 -1056 911 845
-5940 1778 -588 -6263 -3888 -4847 196 -3685
-1154 -377 76 -1175 -1669 -229 -905 1593
-3618 4803 1281 5716 -2965 -5060 3562 -372
-4674 407 1732 3821 -4263 987 -2349 -454
-2922 3320 1691 -4354 1045 -3475 -573 1788
-6017 424 1194 -6757 -5198 -3124 1859 -3337
-652 1034 -92 692 -529 -1007 -1890 180
-5055 4099 -711 6899 -4848 -4259 3360 1297
-3170 521 895 2328 -1846 1220 -1034 -1565
-4292 4184 3290 -6043 -644 -5549 -2435 1386
-5095 -780 2564 -5795 -5236 -936 3008 -1834
-945 2654 583 2625 -197 -2431 -1757 -1643
-5724 2646 1521 6883 -5760 -2571 2024 2637
-2082 1389 1545 561 117 270 543 -1517
-5790 3929 1096 -6566 -3007 -5961 -3653 36
-3848 -1021 112 -4188 -4101 711 2870 -292
-2358 3863 -846 3886 -862 -3911 -462 -2994
-5300 976 -472 5538 -5611 -816 49 2831
-1803 2784 1993 -1181 995 -1754 1846 -409
-6906 2961 3040 -6037 -5415 -4767 -3927 -1739
-2411 -597 406 -2199 -2091 1030 1835 1127
-3886 4268 -2791 4031 -2517 -4547 1247 -2966
-4344 37 -1468 3717 -4165 699 -1472 1607
-2380 4386 3417 -1980 86 -4071 2203 1348
-7021 1442 4543 -4407 -6544 -2304 -2845 -3289
-1649 731 -609 -876 -308 289 4 1337
-5315 3781 -4729 3051 -4557 -4077 2898 -2310
-2855 -200 -1352 1912 -2220 1138 -2097 80
-3675 5234 5407 -1497 -1696 -5620 974 2861
-6089 30 5174 -2421 -5963 213 -1116 -3882
-1472 2489 -2478 -365 158 -1954 -1801 565
-6139 2498 -6158 1110 -5813 -2803 3506 -295
-1487 585 -84 848 -692 342 -1541 -1438
-5308 5306 7262 -165 -4322 -5461 -702 3322
-4752 -634 4399 -787 -4082 1893 612 -3237
-2417 3811 -4548 -1236 -522 -3737 -2468 -1192
-6062 814 -6300 -897 -5947 -947 2575 1460
-942 2118 2012 991 -29 -1609 157 -2409
-6671 4079 8179 2175 -6169 -3969 -2648 2722
-3377 -456 2804 -234 -1792 2090 1394 -1768
-4062 4454 -6075 -3250 -2393 -4696 -2085 -3006
-4985 -375 -5158 -2106 -4784 813 1189 2344
-1500 3667 3870 2415 -550 -3526 1829 -1839
-6917 2702 7680 3829 -6941 -1279 -3835 1216
-2217 793 639 -924 48 480 1081 147
-5658 4051 -6421 -2352 -4725 -4461 -479 -4039
-3598 -680 -3355 -93 -3131 1447 -869 2235
-2587 4811 5009 1439 -2617 -4708 2829 -374
-6314 1232 6073 841 -5856 1229 -3710 -775
-2066 2257 -839 -2258 672 -1642 -328 1264
-6521 2781 -5417 -3493 -6279 -2915 1351 -3820
-2001 -41 -1267 -247 -1393 722 -2081 882
-4175 5048 4845 3588 -4689 -4667 2741 1712
-5062 343 4087 1652 -3877 2466 -2661 -2037
-2796 3827 -1524 -4056 -443 -3955 -2318 1403
-6520 1195 -3576 -5007 -6700 -580 2664 -2437
-1318 1376 24 948 -578 -819 -2387 -896
-5630 4244 3466 5613 -6249 -2980 1412 3223
-3578 318 2408 1267 -1483 2131 -847 -2173
-4279 4549 -817 -6060 -2824 -4936 -3769 225
-5659 -292 -1438 -5510 -5808 1292 3029 -564
-1424 2900 198 2759 -1047 -2463 -1447 -2199
-6045 2705 1488 6595 -6544 -426 -537 3445
-2355 1303 1608 -222 330 592 451 -1123
-5984 4214 1037 -7856 -5457 -4405 -4330 -1639
-4088 -863 -84 -4548 -3621 2056 2063 1249
-2542 4076 -1023 4705 -2380 -3618 141 -2614
-5429 1229 -352 6185 -5565 1474 -2269 2685
-2037 3220 2223 -2502 603 -1937 861 691
-7128 3077 3152 -8507 -7428 -2326 -3447 -3300
-2678 -482 295 -2818 -1614 1943 330 2133
-4044 4541 -2844 5990 -4062 -3575 1692 -1758
-4225 204 -1237 4812 -3348 2320 -3055 1008
-2698 4625 3769 -4250 -1145 -3934 278 2347
-7354 1390 4872 -7862 -7508 22 -1856 -4054
-1659 569 -441 -938 -587 636 -1368 1700
-5352 3754 -4666 5921 -5400 -2370 2550 92
-2382 86 -952 2592 -1291 1796 -2577 -707
-4048 5843 5957 -5306 -3735 -4668 -1436 3525
-6673 122 3425 -6276 -5863 2539 -112 -3691
-1670 2027 -1647 363 -367 -1433 -2413 437
-5920 2298 -2805 4553 -5745 -707 2027 1869
-1073 985 700 758 -378 24 -1101 -1628
-5594 5782 4543 -4866 -6452 -3360 -3331 3153
-5318 -620 2241 -4338 -3360 3828 1087 -2044
-2613 3306 -3448 650 -1374 -3054 -2226 -1211
-5592 726 -4030 2582 -5022 996 625 3133
-466 2450 2100 -382 -592 -2006 666 -1250
-6947 5065 6338 -3553 -7759 -1184 -4671 2099
-4018 -370 1583 -2818 -824 3169 1216 -205
-4041 3726 -5284 -341 -3273 -3642 -879 -2278
-4290 -672 -4005 411 -3786 1823 -1193 3183
-706 4134 4163 -292 -2242 -3142 2047 146
-7044 3624 6975 -1655 -6852 1856 -4793 357
-3038 482 130 -2360 874 1026 204 1076
-5401 2981 -6481 -2178 -4995 -3051 971 -2047
-2624 -1110 -2778 -817 -2660 1519 -2706 2144
-1679 5143 5819 838 -4445 -2915 2128 1997
-6742 2368 6645 -138 -4756 4236 -3734 -877
-2980 2017 -1777 -3113 805 -1680 -1363 1461
-6198 1618 -6559 -4252 -5890 -1289 2411 -814
-1299 -599 -945 -948 -1652 772 -3014 703
-2917 5408 6766 2515 -5941 -1560 1509 3625
-5480 1391 5109 667 -1836 4168 -2154 -1263
-3802 3263 -3104 -4754 -978 -3868 -2700 674
-6344 34 -5710 -5744 -6403 784 3171 1168
-462 620 988 -75 -1627 12 -2318 -756
-3935 4673 6538 4054 -6083 862 155 4282
-4001 1651 3207 55 796 2427 -593 -344
-5189 3963 -3570 -6673 -3619 -4606 -2882 -874
-5251 -1364 -3725 -6014 -5432 2321 2667 2819
-407 2029 2268 1488 -2487 -783 -831 -1516
-4143 3458 5161 4677 -4825 2624 -1384 3814
-2853 2660 1468 -1696 1303 -422 359 1205
-6489 3546 -2743 -6474 -6205 -3113 -2344 -2336
-3825 -1905 -1810 -3836 -3579 3442 1288 4059
-1086 2846 2218 1661 -2769 -785 806 -1028
-3623 2080 3412 2016 -2601 3001 -1922 2434
-2480 4191 821 -4294 -176 -3180 48 2860
-7372 2648 -1214 -7868 -7874 -416 -750 -3285
-2492 -1804 -428 -3271 -1588 3392 -140 3859
-2358 3075 1200 3222 -3409 -274 1793 374
-2284 1192 1780 1528 -564 2137 -1395 1046
-3056 5670 1274 -6159 -2717 -4445 -1062 3700
-7645 1043 669 -8448 -7307 2617 946 -2900
-1688 -857 -128 -1820 -144 2021 -1036 2941
-3229 2372 -297 3920 -3517 192 1806 1828
-601 1174 918 73 -179 359 -54 57
-4247 6483 2630 -7688 -5698 -3296 -2520 3807
-7072 -218 2060 -7974 -4885 5220 2538 -1836
-1644 126 -596 -511 623 419 -978 1612
-3546 1080 -1816 3581 -3072 316 962 2970
727 1911 1089 -1745 -938 -1606 1614 -14
-5534 6583 4308 -8464 -7770 -797 -3702 2723
-6032 -787 2446 -6692 -1571 5744 3039 -455
-2348 1069 -2102 503 -313 -1205 179 527
-3310 -473 -2808 2420 -2929 637 -436 3031
1400 3245 2274 -3528 -2633 -2455 3235 1009
-6253 5960 5502 -8110 -7255 2753 -3927 1305
-4764 -808 2075 -5157 1315 4012 2750 806
-3394 1409 -3474 536 -1781 -2444 1524 354
-2154 -1572 -2597 527 -3087 721 -1477 2290
1255 4589 3830 -4514 -4695 -1586 3773 2293
-6650 4822 6090 -7052 -4649 5568 -3149 -92
-3984 13 786 -4032 2883 1260 1795 1220
-4561 777 -4344 -529 -3415 -2569 3065 1023
-659 -1825 -1527 -1130 -3059 556 -1905 715
645 5398 3864 -4441 -5891 212 3568 3668
-6113 3870 2435 -5567 -1233 5823 -1749 -688
-3918 1112 -2673 -3726 1956 -1774 808 519
-5089 -309 -5815 -1940 -5165 -952 3691 2351
506 -1757 -2016 -2414 -3089 1183 -1348 -847
-318 5441 3562 -3562 -4946 2693 2541 4156
-5051 3248 2046 -4403 1906 3925 -230 -486
-4580 2111 -4166 -4310 -683 -4166 387 -542
-5002 -1721 -5985 -3624 -5970 976 3551 3670
1341 -580 -413 -2632 -3162 1626 -2 -1803
-850 4980 3998 -2508 -2977 4333 1512 3771
-4080 3299 1002 -3993 3416 1268 451 83
-5631 2532 -5213 -5624 -3946 -4182 759 -2058
-4215 -2896 -5146 -4713 -4972 2675 2450 4115
1323 194 716 -2023 -2432 1979 1361 -2008
-1031 3869 3623 -1456 -722 3844 910 2877
-3096 4097 -599 -4388 1943 -2226 608 1103
-6589 2271 -5426 -7042 -6799 -1802 2137 -2934
-3152 -3515 -3788 -5193 -3416 4446 1170 4382
943 970 1407 -1098 -1076 2433 2457 -1498
-548 2805 2538 -948 1237 2296 924 1437
-2872 5273 -1809 -5509 -828 -4435 57 1592
-7307 1542 -4933 -8124 -7567 1342 3583 -3193
-2263 -3382 -2567 -4647 -1266 4730 325 3311
115 1035 1333 -190 -400 1853 2702 -634
467 2256 1087 -1410 1723 103 1899 468
-3189 6357 -2375 -6813 -4304 -3597 -957 1517
-7393 542 -3791 -8426 -5724 4536 4604 -2703
-1556 -2728 -1599 -3723 1112 3495 119 2193
-549 457 458 397 -90 435 2231 -143
1646 2200 -147 -2382 -23 -1972 2929 -33
-4016 6815 -1985 -7768 -6847 -1053 -1892 516
-6976 -551 -2521 -8042 -2705 6820 5103 -1742
-1518 -1884 -1501 -2672 2226 1455 468 874
-757 -511 -877 152 -122 -471 1368 -162
2645 2755 -846 -3476 -2193 -2689 3877 278
-4803 6783 -1096 -7246 -7013 2138 -2376 -1013
-5988 -926 -1503 -5571 718 6243 4997 -903
-2025 -1415 -2151 -877 1620 -1107 1308 256
-505 -1496 -1869 -103 -1252 -1037 443 -1010
3099 3454 -863 -4538 -4406 -1122 4298 1094
-5376 6187 5 -7554 -4449 5281 -1975 -2151
-5312 -723 -1297 -4773 3672 3496 4057 -741
-2745 -1215 -3006 -249 -62 -2909 2049 221
313 -2392 -2634 -990 -3111 -969 -114 -2130
3018 4375 -146 -5616 -5605 1062 4116 1856
-5274 5434 669 -7127 -1104 6744 -1222 -3062
-4497 -265 -1528 -3562 3900 225 3369 -922
-3128 -1788 -3715 -444 -1964 -2710 2176 885
1265 -2494 -2536 -2083 -3728 257 117 -3327
2695 4805 578 -6116 -3986 3261 3100 2070
-4991 4718 905 -6344 2297 5284 -608 -3108
-4537 385 -2331 -2983 2060 -3397 2595 -1755
-3509 -2392 -4328 -1101 -4441 -1328 1840 1318
2048 -2259 -1989 -3115 -3866 2311 660 -4278
2156 4852 1265 -5917 -1556 5007 2087 1827
-4404 4271 628 -5377 4256 2183 -13 -3046
-4769 1005 -3209 -2669 -841 -4518 2599 -2785
-3429 -3250 -4260 -2106 -5583 464 792 1742
2510 -1839 -1245 -3880 -2681 3445 1505 -4642
1643 4376 1518 -5201 758 4726 1204 1157
-3653 4364 -200 -4600 3564 -1286 -213 -2562
-5206 1193 -3689 -2968 -3917 -3029 2862 -3424
-2925 -3697 -3728 -2939 -4381 3416 -182 1517
2485 -1087 -458 -3818 -147 3721 1879 -4296
1651 3703 1181 -4432 2816 2308 863 237
-3053 4596 -1044 -4091 723 -3963 -768 -2136
-5792 1038 -3774 -3784 -6169 -633 3573 -3467
-2185 -4134 -3217 -3542 -2444 5207 -994 893
2198 -762 -1946 -3474 1464 3391 1923 -3855
1979 3055 -1086 -3707 3156 -61 774 -467
-2909 5268 -4357 -4317 -2163 -4132 -1761 -2199
-5904 567 -6582 -4431 -5874 2606 3797 -3313
-1631 -3990 -4776 -3748 577 4668 -1674 31
1778 -740 -1707 -2912 2187 1367 1555 -3301
2686 2588 -1943 -3307 1004 -2357 1059 -772
-3001 5786 -4869 -4765 -4873 -1829 -2466 -2692
-5889 -250 -6179 -5042 -3534 5470 3754 -2442
-1143 -3486 -4014 -3386 3003 3197 -1847 -672
1349 -1002 -1773 -2290 2235 -959 738 -3121
3159 2545 -2582 -3425 -1367 -3261 1295 -574
-3421 6020 -5061 -5433 -6123 883 -2839 -3479
-5542 -665 -5529 -5063 -382 6117 3368 -1969
-1104 -3081 -3645 -2863 3453 1024 -1790 -1229
1206 -1606 -2359 -2045 684 -2110 38 -3327
3714 2832 -3281 -3942 -3353 -1757 1256 -27
-3656 5906 -4862 -5688 -4336 4091 -3077 -4176
-4905 -966 -4672 -4637 3006 4242 2522 -1426
-1457 -2672 -3561 -2260 2392 -1800 -1507 -1212
1362 -2110 -2905 -2161 -1849 -2341 -565 -3757
3848 3106 -3464 -4297 -4603 571 741 597
-4041 5437 -4216 -5759 -1317 5872 -2654 -4503
-4488 -821 -4235 -4057 4562 1714 1536 -1317
-1614 -2477 -3704 -1894 720 -3393 -1659 -834
1594 -2519 -3448 -2438 -3186 -1182 -694 -4198
3760 3460 -3307 -4756 -4002 2683 -92 892
-3958 4850 -3535 -5298 1723 4757 -2497 -4233
-3989 -645 -3949 -3476 3419 -1176 832 -1392
-1949 -2595 -4060 -1967 -2121 -2791 -2022 -407
1937 -2539 -3663 -2883 -3506 1261 -640 -4292
3418 3541 -2931 -4865 -1356 4403 -805 1013
-3756 4375 -3024 -4894 4087 2347 -2358 -4136
-3970 -260 -4073 -3072 1456 -3782 505 -1484
-2173 -2884 -4485 -314 -3995 -1078 -2450 -40
2309 -2381 -3583 -1125 -3025 2943 -560 -4139
3127 3509 -2502 -2553 1274 4431 -1561 818
-3206 3963 -2817 -1992 3937 -174 -2275 -3379
-3741 184 -4292 -384 -1420 -3660 307 -1734
-2062 -3297 -4621 -280 -3812 1211 -3178 58
2398 -1994 -3267 -1623 -1075 3647 -288 -3626
2822 3375 -2067 -2559 2815 2270 -2043 557
-3006 3803 -2675 -1718 2045 -2484 -2621 -2994
-3951 153 -4471 -450 -3747 -1813 454 -1380
-1942 -3531 -4674 -648 -2791 3795 -3848 81
2239 -1690 -2807 -1723 1535 3466 -241 -2965
2745 2699 -1864 -1924 3546 -19 -2190 557
-2597 4076 -3067 -1223 -292 -3794 -3014 -2489
-3986 194 -4611 -551 -4441 479 511 -830
-1482 -3421 -4158 -1172 -1049 4061 -4135 -28
2104 -1441 -2438 -1779 2677 1909 -586 -2276
2786 2512 -1969 -1648 2042 -1628 -2195 617
-2351 4266 -3385 -945 -2720 -2479 -3396 -2128
-4057 -95 -4430 -1014 -3088 2980 382 -223
-1100 -3285 -3792 -1365 1637 3404 -4304 -311
1794 -1396 -2184 -1565 2719 -443 -654 -1686
2900 2091 -1994 -1123 -215 -2707 -2181 764
-2337 4175 -3418 -953 -4226 -109 -3719 -2308
-3875 -156 -4266 -1075 -962 4536 229 358
-1096 -2865 -3386 -1268 3214 1852 -4092 -130
1411 -1439 -2198 -1142 1902 -1811 -1152 -1448
3199 1922 -2378 -916 -1774 -2307 -2154 1340
-2456 4305 -3479 -1085 -3276 1956 -3566 -2034
-3617 -401 -3780 -1255 1222 3699 -208 908
-929 -2556 -3004 -1111 2767 -564 -3811 74
1111 -1481 -2128 -848 -273 -1933 -1459 -1013
3179 2032 -2457 -955 -3141 -265 -2210 1861
-2768 4094 -3200 -1472 -1232 3658 -3180 -1911
-3128 -637 -4644 -1349 3178 2134 -535 1507
-837 -2092 -2757 -893 1653 -2260 -3578 178
1206 -1661 -2299 -647 -1899 -1680 -1451 -764
3140 2109 -3411 -1057 -3027 1437 -2310 2367
-2743 3770 -4353 -1517 574 3893 -2879 -1690
-2755 -593 -3737 -1224 3255 75 -805 1692
-1094 -1925 -2576 -524 -28 -2225 -3314 917
1189 -1870 -2482 -603 -2479 -146 -1217 -608
2978 2297 -3334 -1331 -1265 2487 -2587 2628
-2627 3418 -3866 -1520 2248 2208 -2511 -1056
-2605 -363 -3502 -949 1758 -2233 -962 1757
-1211 -1851 -2611 -366 -2141 -1532 -3185 1351
1198 -1805 -2487 -592 -2337 1755 -974 -268
2760 2126 -3087 -1346 455 3010 -2667 2658
-2587 3080 -3498 -1487 3220 583 -2143 -671
-2170 -117 -3071 -574 123 -2708 -840 1841
-1185 -1873 -2586 -261 -2493 -219 -3051 1621
1393 -1564 -2584 -944 -1293 2295 -489 74
2493 2225 -2776 -1572 1553 2308 -2637 2691
-2424 2659 -3047 -1239 2150 -1063 -1752 67
-2204 -155 -3096 -490 -1520 -1718 -569 2014
-1289 -1914 -2682 -241 -1959 1656 -3067 1595
1173 -1285 -2274 -1010 656 2223 -258 622
2242 2119 -2488 -1543 2452 628 -2411 2576
-2160 2433 -2754 -981 417 -2440 -1566 601
-2204 112 -3113 -206 -2818 -355 -296 2300
-1220 -1863 -2658 -326 -941 2752 -2886 1663
1104 -1011 -1924 -1098 1423 1794 -135 1204
1953 1697 -1940 -1184 2017 -373 -1895 2539
-1912 2541 -2743 -650 -873 -1814 -1489 770
-2160 91 -3146 -275 -2198 1115 57 2572
-1027 -1887 -2547 -614 706 2207 -2547 1648
874 -836 -1622 -1029 1413 505 34 1658
1848 1538 -1702 -1088 659 -1417 -1641 2542
-1814 2488 -2760 772 -2018 -575 -1324 868
-2257 -47 -3216 1171 -1055 2759 364 2862
-821 -1650 -2244 983 1773 1283 -2033 1694
565 -722 -1205 394 1516 -675 128 1918
1725 1181 -1476 197 -469 -1530 -997 2568
-1887 2557 -2881 702 -2481 506 -1091 949
-2033 -281 -3040 974 220 2751 368 3247
-722 -1295 -1780 786 1609 496 -1554 1604
67 -580 -747 380 583 -608 151 1962
1709 1214 -1475 284 -906 -479 -609 2745
-1941 2477 -2795 518 -1231 1698 -439 865
-1957 -287 -2914 762 1882 1508 443 3204
-613 -944 -1364 682 881 -848 -772 1719
-124 -530 -440 519 -618 -655 289 1777
1839 1078 -1525 442 -1573 418 -368 2856
-2111 2490 -2869 276 -260 2745 77 843
-1689 -444 -2544 419 2152 607 586 3134
-1052 -593 -1052 923 363 -1216 -161 1811
-258 -688 -399 743 -687 -115 509 1747
1714 1188 -1609 303 -1376 794 -219 2922
-2397 2289 -2765 -56 954 2138 739 743
-1275 -297 -2135 487 1268 -583 744 2843
-1049 -161 -659 1087 -850 -282 7 2125
-475 -847 -472 921 -459 943 891 1483
1510 1395 -1558 -21 -266 1607 -235 2733
-2480 1928 -2459 -419 1992 1206 1234 975
-988 -37 -1714 503 438 -1433 780 2485
-1211 -86 -689 1282 -1295 204 157 2132
-292 -844 -608 871 -561 935 1446 1365
1188 1529 -1399 -425 31 1715 -3 2232
-2487 1576 -2122 -680 1847 525 1502 1170
-1040 202 -1700 807 -533 -1201 1361 2104
-1453 -71 -735 1592 -472 1347 305 2038
-184 -645 -484 669 14 570 1694 1396
780 1725 -1555 -938 733 1314 -18 1792
-2308 1336 -1828 -658 1042 -583 1605 1428
-1072 578 -493 1109 -1447 -62 1664 1740
-1643 -89 257 1829 246 2004 326 1707
-252 -179 -643 186 379 876 1933 1592
430 1497 -1549 -1081 1289 862 626 1157
-1973 1210 -1342 -413 547 -1245 1689 1393
-1277 866 -479 1477 -1491 950 2296 1730
-1443 -355 -109 1642 538 1305 367 1182
-399 256 -523 -240 -48 617 1892 1659
39 1306 -1235 -1399 1123 889 952 581
-1614 1274 -1171 -35 -445 -661 1550 961
-1554 995 -597 1742 -222 2312 2527 1650
-1430 -354 -219 1472 1455 564 690 627
-645 636 -221 -510 81 388 1753 1529
-171 925 -696 -1227 887 169 1602 431
-1645 1592 -1226 286 -1378 177 1384 481
-1789 871 -1043 1706 511 2520 2540 1852
-1063 -160 -189 945 1166 265 1286 278
-1086 868 442 -686 177 1058 1456 1102
-221 765 -430 -1027 1027 -357 1925 403
-1725 1963 -1607 437 -1156 971 1597 -247
-1963 527 -1570 1386 1364 1781 2186 1956
-838 259 102 670 131 -288 1731 33
-1537 893 938 -565 301 1428 1189 589
147 557 -354 -627 270 -166 1992 459
-1984 2188 -2090 373 -309 2151 1969 -742
-1761 167 -1639 833 2117 1001 1717 1489
-801 786 660 558 -201 -272 2022 109
-1862 670 1429 -66 746 1153 1028 -142
229 757 -612 -427 -454 -112 1753 593
-2596 2339 -2723 -196 95 2553 2449 -905
-1626 -10 -1585 536 2005 10 1453 974
-1189 1179 1337 909 -675 753 1973 308
-2243 265 1778 -105 1510 1065 1292 -903
464 1165 -1194 -176 -412 402 1147 374
-3125 2198 -3195 1239 1333 2266 3007 -979
-1147 4 -1090 1535 794 -994 1274 284
-1755 1567 1980 584 -702 1726 1663 594
-1962 -32 1524 -544 1290 685 1589 -1333
151 1722 -1752 -394 -477 1459 633 -217
-3306 1681 -3156 499 2378 1803 3088 -419
-890 378 -601 1378 125 -936 1186 -579
-2192 1518 2074 1147 342 2033 1008 471
-1653 -176 1125 -170 1025 -105 2019 -1289
-242 2229 -2145 -816 -257 1899 403 -990
-3320 1205 -2792 -2 2413 576 2717 -184
-809 1050 98 1671 -1040 255 1785 -1004
-2647 1316 2032 1901 1368 2403 225 -20
-1216 11 439 -81 796 -204 2268 -947
-894 2485 -2216 -1581 894 2331 461 -1734
-3080 933 -2203 -223 1694 -881 2024 -193
-1134 1705 226 2440 -1364 1371 2259 -839
-3054 771 1589 2468 2038 1970 -316 -704
-937 423 27 -502 62 310 1933 -564
-1424 2447 -1995 -2337 2181 2438 835 -2555
-2562 803 -1579 -223 992 -936 1109 -290
-1763 2160 -34 3318 -385 2531 2441 -393
-2821 143 707 2722 2541 683 -269 -1641
-832 1234 -93 -1318 -266 936 1079 -144
-1959 2011 -1231 -2893 2480 1294 1289 -2537
-2115 1206 -1487 478 -610 -503 599 -1115
-2557 2244 -728 4168 925 3510 2124 310
-2369 -139 160 2517 2420 -231 -58 -2389
-1466 1888 605 -2248 82 1899 154 -365
-2032 1269 -341 -3087 2583 232 1861 -2074
-1862 2120 -1702 1467 -1415 700 514 -1924
-3354 1937 -1740 4728 2436 3196 1456 847
-1871 -103 -493 1800 1213 -582 645 -2384
-2011 2241 -442 -2879 942 2472 -674 -954
-1577 771 -1087 -2438 2083 -377 1739 -1471
-2114 3050 -793 2484 -836 2345 769 -2745
-3789 1223 -220 4564 3686 1962 109 922
-1520 608 713 983 144 -809 881 -1993
-2753 2240 521 -3053 1538 2318 -868 -1940
-877 797 -775 -1536 585 -664 970 -817
-2800 3843 -1706 3094 206 3891 1651 -2834
-3795 726 -840 4137 4081 324 -823 581
-1622 1217 1213 383 -290 300 872 -1173
-3387 1395 1640 -2455 2498 1959 -699 -2796
-442 1144 -861 -706 -314 -272 -199 -532
-3768 4074 -2913 3025 2137 4021 2334 -2354
-3245 129 -1196 3200 2841 -1284 -1234 -321
-1977 2158 2244 185 -586 1722 366 -354
-3384 700 2207 -1566 2919 1184 -65 -3015
-31 2062 -1641 -127 -569 1259 -1094 -866
-4433 3845 -3970 2411 4247 2962 2575 -1275
-2743 124 -1098 2444 1448 -2239 -1413 -1131
-2887 2550 3361 822 129 2885 -813 108
-2831 -180 2381 -433 2452 224 809 -2754
-83 3268 -2936 -120 -101 2887 -1986 -1908
-4880 3097 -4634 1384 4926 1138 2425 -328
-2257 957 -63 2406 -441 -1438 -798 -1428
-3844 2376 4317 1867 1724 3506 -2032 -188
-1948 -489 1659 284 1848 -254 1235 -1600
-753 4186 -4270 -840 1584 3470 -2018 -2854
-5001 2319 -4693 370 4112 -1154 1337 533
-2220 2100 1364 2995 -1800 588 180 -1116
-4699 1508 4756 3341 3276 3435 -2957 -1156
-1149 -361 710 612 1407 143 1163 -401
-1676 4572 -5006 -1952 3456 3141 -1229 -3394
-4383 1763 -3901 -73 2584 -2713 87 715
-2797 3142 2387 4020 -1444 2960 788 -169
-4972 519 4259 1469 4175 1833 -3059 -2182
-394 442 -583 105 789 713 148 629
-2403 4324 -5055 275 4311 1804 -265 -3395
-3435 1865 -2603 2345 117 -2235 -675 -47
-3807 3841 2704 4167 511 5019 514 1546
-4765 -571 3293 2646 4901 228 -2448 -3111
-383 1691 -1556 -684 1083 1412 -1417 967
-3106 3643 -4509 -899 4426 -156 758 -2621
-2717 2667 -1678 2881 -1845 -586 -915 -920
-5026 3786 2201 5655 3169 5161 -378 2503
-3911 -1329 1769 3072 3992 -898 -1125 -3222
-919 2572 -1543 -1851 1550 2038 -2424 266
-2907 2668 -3259 -1491 3319 -1659 971 -1245
-2398 3888 -1204 4012 -1846 2097 -281 -1817
-6151 3263 1063 7090 5775 3617 -1802 3005
-2993 -1184 887 2680 2339 -1973 -65 -2752
-1789 3068 -948 -3064 2302 2042 -2763 -500
-2180 1780 -2012 -1365 1432 -1751 241 31
-2646 5397 -1536 5850 -7 4946 1237 -2078
-6798 2069 -557 7944 7352 1207 -3301 2675
-2213 -490 453 1518 760 -1664 511 -1383
-2780 2698 328 -3963 3005 1596 -2234 -1693
-1077 1558 -1256 -391 -22 -896 -864 695
-3667 6445 -2806 7381 2849 5629 2435 -1313
-6628 961 -1756 7651 6529 -1866 -3946 1663
-2149 653 1243 174 -530 -61 111 1
-3603 1630 1907 -4054 3446 1166 -982 -2238
29 2183 -1453 1318 -246 1151 -2364 397
-4903 6926 -4466 8392 6092 4297 3235 85
-6050 207 -2274 6833 3995 -4176 -3901 416
-2851 1772 2764 -915 -629 1924 -1049 745
-3646 125 3052 -3201 3295 756 565 -1641
704 3542 -2695 2950 662 3102 -3158 -787
-6160 6474 -6117 8261 8095 1531 3264 1804
-5041 449 1391 5368 648 -4284 -2970 -529
-4077 2331 3828 -942 765 3462 -2214 650
-2739 -920 2341 -1515 2979 19 1410 -415
786 5093 -1806 4172 2744 3845 -3068 -2202
-6652 5349 -2510 7347 7538 -1941 2330 3120
-4277 1163 1926 4229 -2040 -2105 -1472 -411
-5439 2080 5692 -239 2983 4461 -3196 -444
-1495 -1595 2501 283 3060 -46 1718 1399
-2 6296 -3512 4169 5152 3210 -2035 -3408
-6607 4218 -3357 5845 4911 -4674 759 3448
-4137 2704 3563 3975 -2890 1237 -369 816
-6452 926 7005 1457 5139 3726 -3350 -2072
-105 -1273 1585 1513 2824 65 854 2863
-1183 6719 -5042 3200 6567 1258 -377 -3645
-5649 3412 -2955 4564 1105 -4951 -221 2720
-4708 4105 5349 4624 -1034 4631 -187 2252
-6790 -647 7437 3311 6733 1262 -2362 -3167
885 -138 -114 1881 2949 227 -729 3393
-2399 6305 -6127 1626 6382 -1283 1320 -2908
-4367 3368 -1600 3948 -1970 -2904 -780 1482
-6050 5062 6868 6257 2415 6585 -985 3561
-6448 -2120 6870 4878 6992 -1186 -608 -4007
986 1285 -1736 990 3079 214 -2111 2792
-2874 5286 -5851 213 4496 -3200 1977 -1269
-3261 4388 206 4629 -3205 560 28 121
-7680 5037 7441 8335 6335 5924 -2594 4275
-5286 -3074 5317 5480 5447 -3514 1284 -3395
172 2475 -2772 -633 3031 173 -2788 1389
-2849 3700 -4703 -726 2043 -3236 1569 194
-2748 5881 1907 6086 -1315 4439 1888 -409
-8987 4286 7098 10098 9396 2585 -4463 3636
-3914 -3046 3476 4842 3092 -4407 2440 -1982
-943 3061 -2999 -2326 3090 -16 -2486 -126
-1780 2754 -2966 -347 -241 -2042 315 1145
-2924 7624 2735 6456 2367 6670 3505 -25
-9587 2758 5534 7260 9641 -1842 -5438 2282
-2923 -1936 2181 2039 699 -3445 2295 -287
-2260 2652 -1920 -2181 3266 35 -918 -1191
-358 2428 -1143 1626 -541 314 -1339 932
-4046 8917 2446 8374 6713 5757 4754 1381
-9231 1264 3582 8012 7272 -5787 -5354 273
-2752 -407 1932 363 -976 -1173 1357 879
-3011 1201 -75 -3236 3074 149 711 -1052
1110 3130 -93 2984 599 2733 -2393 -459
-5499 9082 1018 10306 9695 2537 4646 3431
-8050 184 2087 7522 3193 -7425 -4117 -1136
-3340 953 2672 -1496 -629 1333 -149 931
-3178 -493 1992 -3404 3352 99 2128 54
1892 4506 -200 4897 3131 3837 -2584 -2219
-6994 8431 -984 11271 10151 -2180 3864 5090
-6693 416 1706 5871 -1288 -5827 -2345 -1327
-4648 1677 4465 -2857 1324 3475 -1537 -64
-2172 -1905 3164 -2165 3726 130 2479 2034
1777 6167 -1527 6773 5764 3116 -1360 -3911
-7559 7075 -2684 10878 7283 -6458 1976 5529
-5683 1312 2334 4072 -3560 -2182 -956 -831
-6238 1396 6601 -3105 4194 4025 -1714 -1934
-578 -2545 3218 -178 4026 -169 1715 3556
1021 7515 -3253 8069 7564 819 336 -4511
-7184 5434 -3354 9463 2834 -8030 266 4948
-5076 2887 3970 2380 -2938 2325 -231 885
-7219 144 7873 -2154 6788 2410 -963 -3371
872 -2272 2323 1833 4215 -737 44 4331
-494 8035 -5171 8072 7308 -2250 2329 -3950
-5979 4488 -2876 7390 -1294 -6157 -650 3123
-5867 4422 5982 1927 144 5626 -932 2347
-7606 -1651 8316 -202 8255 -213 972 -4412
2060 -816 229 3319 4239 -1256 -1868 3721
-1656 7417 -2955 6745 5235 -4793 3426 -2357
-4443 4404 2141 5681 -3689 -2250 -245 1500
-6991 5430 9219 2642 4907 5918 -2407 2981
-6879 -3221 8624 1830 7526 -3219 2880 -4047
2088 743 429 3368 3677 -1735 -2904 2113
-2375 5907 -2969 4753 2441 -5389 3261 -473
-3091 4983 3543 4810 -2924 2141 1039 294
-8588 5414 10919 4316 9039 3523 -4114 2512
-5397 -4138 7673 3426 5103 -5296 4175 -2455
1318 2077 -1468 2328 2940 -1848 -2864 162
-2378 4346 -2869 2976 -12 -4190 2001 603
-2350 6795 5755 5204 631 5259 2864 416
-9980 4362 11583 6445 10920 -920 -5653 1033
-3902 -3987 5879 3829 2133 -5691 4270 -605
-124 2671 -2695 530 2417 -1712 -1722 -1116
-1250 2846 -1348 1729 -1039 -1524 253 776
-2647 8394 7564 6710 5275 5376 4178 1715
-10353 2624 10735 8107 9383 -5364 -5890 -1044
-2803 -2836 3768 2905 -484 -4022 3324 904
-1589 2152 -2703 -1509 2291 -966 117 -1431
492 2472 656 1962 -124 1168 -1205 -308
-3820 9490 8331 8675 9231 2599 4473 3457
-9630 1170 8972 8517 5136 -8289 -4827 -2661
-2497 -1063 2329 982 -1473 -1209 1688 1219
-2391 817 -1426 -2640 2373 -608 1624 -572
1924 3000 2595 3172 2234 2481 -1633 -2118
-5342 9610 7864 10437 10483 -1676 3468 5126
-8425 227 6931 7917 278 -8257 -3096 -3412
-3197 275 2071 -849 -327 1373 41 524
-2491 -960 584 -2714 3173 -435 2228 1256
2696 4431 3679 5121 4862 2062 -729 -3635
-6594 8706 6206 11128 8526 -6023 1619 5998
-6607 98 5016 6015 -2900 -5184 -1056 -2989
-4458 1111 2859 -2267 2113 2915 -549 -1084
-1566 -2343 2497 -2512 3777 -824 1538 2675
2660 5979 3515 4745 6937 118 872 -4550
-6902 7097 4229 7920 4227 -8407 -352 5188
-5301 1255 4476 1216 -3804 -771 -234 -1541
-5912 890 4570 -5385 4804 2399 -251 -2808
-148 -2883 3638 -1969 4034 -1579 -34 3592
1697 7168 2182 6537 7127 -2629 2719 -4181
-6491 5371 2297 7391 -226 -7774 -1570 3757
-4796 2636 4884 -708 -1691 3003 -356 63
-6789 -297 6367 -5660 6799 28 1192 -3802
1351 -2472 3747 -104 4123 -2410 -1928 3388
230 7435 220 7428 5406 -5032 3942 -2724
-5315 4181 1550 5768 -3255 -4663 -1499 1873
-5185 4034 6374 -2148 2043 4844 -1376 946
-6968 -1926 7756 -4593 7050 -2763 3200 -3487
2317 -1324 2705 1849 3579 -3047 -3155 1879
-1204 6663 -1616 7200 2729 -5966 3943 -787
-3612 3914 1915 3655 -3492 -502 -498 588
-6217 4971 8239 -2834 6137 3541 -3179 1213
-6212 -3163 7883 -2758 5421 -5255 4270 -2254
2344 363 831 3108 2564 -3325 -3366 88
-1897 5173 -2554 5741 231 -5132 2903 502
-2444 4339 3096 2023 -1139 2796 1092 251
-7432 4864 9424 -2068 8357 51 -4382 -251
-4781 -3852 6914 -770 2926 -6307 4697 -587
1548 1637 -1062 3130 1633 -3000 -2416 -1543
-1766 3520 -2344 3719 -1108 -3146 1238 1076
-1595 5585 4846 992 2498 4021 2199 942
-8435 3859 9889 -556 8325 -4273 -4899 -1978
-3180 -3524 5048 659 363 -5450 3793 1026
226 2137 -2136 1978 1295 -2303 -725 -2063
-750 2193 -1055 1798 -863 -809 -235 333
-1821 6980 6409 1354 5931 2552 2760 2500
-8628 2219 8990 1413 5651 -7309 -3956 -3490
-2140 -2506 3224 954 -1437 -3460 2172 1837
-1083 1671 -2094 250 1234 -1513 666 -1431
524 1611 1256 642 696 796 -1025 -1095
-2706 7819 8811 2680 7834 -761 1960 4028
-7662 804 8812 2747 1865 -7983 -2359 -4515
-1729 -960 1583 294 -1255 -1199 502 1443
-1981 549 -2176 -1603 1811 -1268 1469 -284
1669 2073 2898 868 2760 1304 -430 -2682
-3860 7624 9028 4202 7058 -4599 371 4601
-6403 -89 7085 3221 -1616 -6319 -680 -4081
-2124 442 206 -1395 333 671 -493 112
-1859 -800 -1094 -2431 2309 -1209 1162 1328
2462 3314 4595 1914 4546 17 715 -3544
-4988 6651 8360 5645 4444 -7003 -1269 4062
-4768 -231 4953 2653 -3161 -3283 438 -2933
-3167 1114 -71 -3023 2342 1059 -327 -1421
-1351 -2006 342 -2732 2653 -1830 39 2212
2365 4436 5264 3474 5042 -2065 2170 -3306
-5366 5297 6877 6195 1067 -7366 -2563 2901
-3431 480 3398 1190 -2650 -99 528 -1483
-4335 1029 527 -4140 4122 -71 529 -2414
-78 -2358 1989 -1540 2593 -2257 -1600 2008
1361 5223 4764 4802 4109 -3876 3344 -2093
-4812 3682 4759 5432 -1723 -5352 -2652 1152
-2867 1912 2688 -663 -17 2042 -279 -135
-4958 67 1971 -4201 4741 -1829 2028 -2415
1133 -2005 2941 18 2291 -2822 -2718 1040
229 5550 3607 5610 2437 -5154 3477 -637
-3926 2557 3138 4100 -3018 -2701 -1998 -142
-3036 3007 3111 -1910 2831 2078 -1724 -39
-5092 -966 3381 -3529 3929 -3904 3075 -1733
1862 -1051 2992 1512 1707 -3005 -3238 -375
-1004 4725 1792 5107 603 -4699 2508 743
-2560 2140 2268 2368 -2026 -119 -878 -709
-3775 3555 4227 -3083 5000 171 -2935 -562
-4381 -2255 4464 -4609 2396 -4803 3287 -219
1812 249 1926 1044 962 -2933 -2648 -1704
-1449 3547 269 3805 -721 -3708 994 1430
-1356 2613 2470 -634 125 1563 263 -264
-4557 3566 5325 -5051 5280 -2385 -3282 -1850
-3188 -2586 4342 -3130 456 -4683 2627 1004
1198 1279 422 2044 636 -2617 -1298 -2228
-1417 2040 -553 2548 -1137 -2095 -316 967
-877 3403 3307 -1746 2462 1247 846 831
-5128 2677 6157 -4214 3878 -4459 -2828 -3015
-1897 -2374 3429 -1424 -758 -3480 1310 1949
135 1735 -1033 2040 623 -2060 -181 -1965
-869 1107 -610 1157 -563 -896 -1216 31
-922 4252 4455 -2192 4063 -354 525 1913
-5192 1578 6233 -2953 1745 -5708 -1711 -3724
-1079 -1587 2166 -318 -1178 -2062 -84 1796
-999 1400 -1938 1169 685 -1758 653 -827
247 706 289 -156 541 -188 -1203 -1183
-1470 4843 5478 -2018 4236 -2457 -449 2561
-4557 386 5434 -1315 -448 -5203 -473 -3421
-798 -123 338 -77 -342 -532 -1104 712
-1685 689 -1933 -77 786 -1759 539 272
1151 940 1472 -954 1572 -540 -467 -1804
-2436 4623 5585 -745 2904 -4128 -1786 2562
-3386 -277 3935 -130 -1806 -3353 486 -2308
-1054 839 -539 -569 691 7 -1378 -294
-1610 -423 -1138 -1267 1031 -1736 -86 1223
1756 1742 2640 -889 2354 -1409 491 -1863
-3043 3731 4827 455 1047 -4740 -2649 1646
-2184 -235 2507 119 -1963 -1318 532 -1019
-1744 1333 -795 -1552 1595 -559 -696 -1199
-1110 -1252 -17 -2050 1016 -1992 -1322 1587
1569 2533 3100 -37 2120 -2256 1321 -965
-3253 2587 3912 1482 -642 -4056 -2913 651
-1300 83 1169 22 -839 -5 126 75
-2492 1158 -1847 -2572 2104 -1371 79 -1278
-349 -1579 -86 -2019 722 -2288 -2221 1170
1087 3137 3625 1110 1354 -3129 1628 13
-3054 1488 3323 1962 -1628 -2759 -2582 -225
-804 950 130 -872 518 496 -812 604
-3000 482 -1232 -3280 1996 -2335 1022 -639
549 -1300 1081 -1280 601 -1987 -2527 279
58 3223 3266 2107 564 -3301 1178 1161
-2222 741 1980 1643 -1595 -1336 -1686 -607
-862 1737 -306 -1875 1620 -249 -1793 413
-2828 -154 -442 -3073 856 -2923 1271 167
961 -653 1619 -232 98 -1888 -2358 -608
-664 2582 2161 2384 -294 -2685 165 1772
-1355 522 943 716 -517 -101 -651 -267
-1297 2021 10 -2488 2166 -1160 -2108 -97
-2493 -966 699 -2519 131 -2972 973 1181
1033 177 1640 697 113 -1884 -1442 -914
-1178 1876 1118 2260 -836 -2101 -788 1729
-576 616 314 -183 232 5 20 385
-1839 2070 757 -2688 1883 -2273 -1947 -907
-1606 -1147 1158 -1438 -536 -2151 246 1891
660 845 975 1376 174 -1632 -467 -762
-1036 928 105 1524 -603 -1447 -1352 1232
-307 1318 561 -1047 1151 -416 -30 1336
-2114 1585 1396 -2254 712 -3105 -1397 -1156
-885 -919 1210 -421 -865 -1426 -623 1909
12 1081 81 1249 -74 -1381 138 14
-394 268 -390 508 -368 -804 -1438 632
-373 1802 1077 -1259 1631 -1099 -446 2030
-2128 689 2043 -1197 -40 -2944 -385 -1072
-252 -456 835 294 -475 -1105 -1205 1713
-680 799 -780 704 -24 -1414 355 949
140 132 -270 -314 -51 -648 -784 115
-648 2085 1680 -2255 1076 -2007 -1040 2203
-1783 92 2035 -1931 -919 -2056 224 -451
-235 234 -74 119 -12 -519 -1168 987
-1154 419 -1359 1003 181 -1540 137 1662
843 389 304 -677 582 -738 -161 78
-1360 1881 2296 -1737 426 -2538 -1583 1914
-1190 -350 1644 -1024 -1263 -1388 573 497
-328 664 -625 283 113 -524 -920 524
-1070 -338 -1202 113 13 -1241 -446 2032
998 740 961 -846 730 -953 605 406
-1743 1536 2379 -1183 -200 -2281 -1727 1275
-395 -322 931 -356 -754 -661 552 1236
-801 901 -1103 4 404 -1027 -166 302
-749 -906 -816 -540 -273 -1352 -750 1900
1015 1303 1559 -809 423 -1399 981 1187
-1855 922 1996 -360 -831 -1572 -1191 730
41 -23 311 -154 -494 -30 288 1509
-1298 877 -1152 -638 673 -1198 667 643
-235 -958 -19 -844 28 -1116 -1001 1386
598 1564 1707 -274 157 -1681 1022 1769
-1927 401 1595 197 -1289 -1282 -626 461
306 466 -381 -301 38 -177 -213 1547
-1628 514 -839 -1195 154 -1383 1051 1110
176 -856 475 -842 -125 -843 -647 864
257 1615 1548 309 -97 -1365 664 2097
-1400 -4 774 409 -721 -548 90 584
155 841 -411 -875 625 -637 -319 1240
-1617 0 -220 -1557 -138 -1584 1308 1638
575 -513 931 -562 -413 -1047 -94 452
-235 1471 1161 844 -477 -1121 388 2005
-998 -87 246 328 -469 -46 702 787
-327 1190 -72 -1561 919 -969 -87 584
-1463 -373 292 -1631 -256 -1357 1045 1954
630 -115 873 -17 -195 -903 578 531
-379 1077 778 1001 -741 -1073 286 1773
-646 156 -198 -220 17 -119 872 1303
-543 1163 -592 -1846 378 -1365 517 241
-1158 -540 81 -1389 -732 -926 919 1933
415 93 794 384 -211 -511 1111 704
-266 683 268 877 -323 -436 418 1172
-507 618 -365 -785 804 -510 833 1551
-685 946 -236 -1850 -138 -1840 1038 115
-791 -574 440 -919 -893 -689 730 1704
40 145 569 534 -364 -633 1468 963
130 488 4 471 -372 -5 676 872
-682 893 -109 -1133 702 -743 538 1524
-869 511 324 -1597 -464 -1419 1649 229
-686 -334 519 -647 -570 -181 737 1277
-127 51 145 466 -163 -571 1321 1116
349 547 -176 141 136 -393 1298 512
-976 1089 258 -1180 137 -1255 506 1274
-843 185 625 -1408 -1299 -969 1921 272
-676 -182 320 -515 -351 329 889 910
-276 -316 -262 192 64 -311 1268 1150
950 761 6 -517 714 -602 1877 604
-1240 1258 688 -1198 32 -1851 528 615
-596 108 700 -1044 -1199 -441 1988 536
-760 126 44 -457 -117 -56 1348 493
-257 -604 -405 -254 29 -503 1077 704
1032 1089 297 -600 225 -687 2095 573
-1417 1135 931 -949 -846 -1358 576 131
-555 216 523 -1075 -732 682 1930 478
-981 107 -256 -703 519 -187 1700 441
-1 -984 -310 -681 268 -867 1019 289
1110 1443 683 -671 -268 -1446 2424 850
-1591 983 1067 -801 -1737 -746 690 -242
-492 237 419 -1053 -321 1056 1903 226
-1443 -48 -410 -1219 810 -349 2040 542
304 -1026 -57 -261 95 -914 1151 -362
1115 1570 920 -1310 -507 -1450 2179 846
-1843 943 1233 -1723 -1556 -44 1069 -539
-494 656 76 -1362 564 578 1905 -351
-1634 -272 -455 -799 420 -1182 1987 554
604 -953 238 -807 -505 -880 1295 -970
862 1842 1212 -1313 -1192 -866 1962 751
-1481 909 833 -1643 -604 1295 1243 -645
-647 939 -148 -1561 1442 117 1872 -771
-1794 -523 -331 -1205 113 -1691 1946 552
755 -847 509 -821 -732 -982 1577 -1245
733 1772 1170 -1055 -1432 -377 1719 292
-1351 924 641 -1640 36 1260 1176 -747
-1005 1141 -200 -2065 1535 -879 2102 -1274
-1902 -869 -69 -1601 -933 -1404 1551 582
873 -789 696 -867 -874 -409 1758 -1570
747 1705 1015 -1024 -703 459 1642 -161
-1423 1202 587 -1937 1108 662 999 -961
-1332 1198 -62 -2467 467 -2261 2251 -1535
-1694 -966 179 -1613 -1751 -793 1283 102
861 -740 690 -709 -1128 366 1695 -1690
976 1721 926 -1197 4 1384 1756 -366
-1358 1571 604 -2383 2005 -135 596 -1077
-1819 1056 270 -2937 -459 -2566 2524 -1911
-1741 -1090 313 -1771 -1729 -210 805 -184
630 -595 605 -520 -674 429 1609 -1641
1098 1726 808 -1231 457 815 1654 -627
-1422 1887 714 -2764 1432 -1577 213 -1358
-2011 999 472 -3152 -2239 -1519 2497 -1937
-1657 -1052 344 -1667 -1343 1174 565 -462
724 -784 490 -570 325 737 1355 -1863
1219 1789 830 -1556 1542 80 1777 -805
-1609 2330 940 -3336 94 -2949 -357 -1916
-2084 837 777 -3276 -2887 -713 2545 -1691
-1857 -981 -60 -1646 -611 1871 500 -833
524 -934 -600 -574 774 401 991 -2130
1611 2091 -175 -2090 1694 -848 1724 -872
-1967 2642 -336 -3681 -1249 -2734 -566 -2445
-2329 850 -914 -3492 -2440 898 2353 -1854
-2022 -970 -1251 -1616 957 1225 368 -1145
591 -1236 -917 -822 878 -769 637 -2535
1731 2408 -142 -2392 476 -2109 1493 -748
-2331 2683 -134 -3850 -3103 -1426 -752 -2823
-2178 850 -927 -3391 -1236 2760 2046 -1963
-2433 -827 -1703 -1715 2060 241 274 -978
713 -1474 -1015 -1188 950 -1127 295 -2974
1832 2674 -99 -2581 -889 -2598 1175 -478
-2587 2860 92 -4009 -3538 -37 -763 -3229
-2359 1346 -1469 -3562 814 2923 1624 -2241
-2737 -948 -2021 -1880 1578 -1202 -8 -898
1010 -1562 -1121 -1552 38 -1606 201 -3422
1792 3011 269 -2774 -2025 -1582 609 -322
-2702 2956 209 -4129 -2384 2174 -931 -3357
-2455 1581 -1609 -3632 2747 1359 1338 -2288
-3106 -1092 -2423 -2255 786 -2893 -568 -681
1164 -1636 -1032 -1684 -1440 -1788 121 -3487
1663 3304 620 -2743 -3118 -454 -131 -284
-2434 2952 23 -4087 -569 3604 -1251 -3477
-2762 1992 -2153 -4004 3344 -676 1232 -2431
-3297 -1477 -2624 -2818 -585 -2839 -1119 -409
1376 -1556 -803 -1788 -1837 -919 11 -3523
1353 3395 920 -2484 -2410 707 -682 -530
-2443 3131 -145 -4263 1806 2882 -1483 -3303
-3099 2110 -2372 -4471 1939 -3159 1074 -2567
-3411 -1734 -2652 -3030 -2658 -1951 -1703 -495
1442 -1328 -525 -1759 -1966 508 144 -3332
1219 3376 905 -2363 -1115 2322 -1142 -476
-2324 3348 -462 -4434 3607 801 -2010 -2960
-3643 2289 -2639 -3940 31 -4820 1392 -2419
-3310 -1900 -2511 -1712 -3667 -566 -2347 -385
1465 -1221 -321 -1857 -1818 1144 -95 -2986
1320 3311 798 -3250 254 2764 -1308 -507
-2178 3845 -750 -4148 3381 -1586 -2675 -3105
-4248 2260 -2776 -3548 -2682 -3976 1438 -1902
-3305 -2027 -2338 -1896 -2943 1688 -2844 -569
1260 -1050 -291 -1607 -219 1291 -504 -2544
1582 3247 576 -3162 2004 1260 -1449 -560
-2195 4278 -1098 -4504 1237 -4196 -3041 -2981
-4526 2200 -2671 -3979 -5096 -1930 1229 -1322
-3235 -1880 -2200 -1828 -1465 3261 -3227 -692
949 -1025 -490 -1256 817 1297 -1001 -2296
1775 3265 374 -3328 2898 -319 -1440 15
-2505 4828 -1042 -5211 -1189 -5253 -3644 -3419
-4688 1866 -2358 -4256 -5376 930 1151 -716
-3327 -1564 -2295 -1459 576 2638 -3072 -833
736 -1271 -848 -941 1096 172 -1363 -2177
2208 3536 61 -3711 1552 -2177 -1578 619
-3040 5189 -694 -5982 -4119 -3744 -3620 -3667
-4614 1812 -2181 -4344 -3302 4206 591 -83
-3556 -1393 -2620 -1102 2849 1368 -3195 -379
741 -1633 -1256 -906 1153 -1476 -1703 -2127
2432 3857 66 -4283 -364 -3902 -1857 1326
-3475 5182 -259 -6426 -6148 -1113 -3346 -3688
-4535 1795 -2076 -4170 -257 5154 160 407
-3981 -1084 -3161 -666 2881 -868 -3017 228
816 -1945 -1619 -1167 177 -2070 -1766 -2306
2447 4531 576 -4934 -2115 -3667 -2462 2026
-3885 5127 286 -6537 -5408 2312 -3052 -3577
-4367 1992 -2243 -3799 2839 3423 -162 520
-4420 -1201 -3765 -625 1474 -3325 -3261 954
1181 -2228 -1736 -1622 -1744 -2062 -1400 -2352
2269 5012 1204 -5428 -4328 -1942 -3253 2356
-4083 4928 -829 -6533 -2608 5178 -2541 -3072
-4352 2455 -5431 -3447 4958 774 -270 536
-4961 -1238 -5144 -530 -730 -4547 -3676 1618
1472 -2112 -2446 -2134 -2604 -1775 -825 -2058
1685 5266 -933 -5486 -5017 61 -3698 2234
-3871 4539 -3136 -6055 549 5099 -2498 -2327
-4698 3106 -6219 -3310 3993 -2879 95 409
-5337 -1697 -5757 -1099 -3727 -3343 -4187 1980
1851 -1775 -2175 -2515 -2839 -272 -233 -1238
1301 5327 -405 -5220 -3496 2554 -4004 2013
-3457 4735 -3465 -5741 3870 2942 -2619 -1774
-5203 3565 -7021 -3602 1088 -6138 765 822
-5386 -2100 -6079 -1690 -5467 -1101 -4863 2014
2032 -1384 -1622 -2693 -3015 1127 4 -343
887 5070 32 -4653 -1339 3821 -3842 1740
-3205 4945 -3818 -5598 5219 -85 -2731 -1245
-5735 3793 -7775 -4113 -2936 -6231 1198 1511
-5004 -2599 -5939 -2328 -4915 1280 -5041 1607
1684 -688 -817 -2265 -1854 1434 -48 649
829 4627 64 -4113 809 3004 -3154 1845
-2931 5676 -4671 -5856 3275 -3954 -3273 -1329
-6541 3726 -8181 -5030 -6689 -3594 1769 2545
-4759 -2384 -5426 -2397 -2991 3938 -4836 1166
1124 -331 -175 -1494 -336 1565 -488 1311
1035 4114 -280 -3591 2592 1035 -2404 2206
-2866 6388 -5516 -6459 -168 -6481 -3341 -1698
-7016 3262 -8192 -5833 -7975 1 1810 3743
-4199 -2203 -4572 -2203 -881 4153 -4038 894
297 -162 98 -381 76 502 -1051 1506
1532 3986 -979 -3708 2826 -973 -1979 3009
-3503 6908 -5963 -7427 -4238 -5831 -2746 -2258
-6893 2722 -7579 -6057 -6028 3888 1339 4514
-4165 -1322 -4071 -1237 1958 2322 -3013 1146
-354 -457 -168 367 -274 -952 -1338 1146
2132 4375 -1739 -3571 801 -3388 -1748 3828
-4147 7299 -5842 -4468 -7728 -2894 -1864 -2476
-6715 2530 -6948 -2083 -2780 6846 854 4853
-4336 -756 -3868 1368 2963 -82 -2127 1796
-524 -1184 -1037 1052 -484 -1302 -970 615
2498 4925 -2232 -3257 -1518 -4332 -2145 4558
-4843 7293 -5370 -5342 -8279 1022 -504 -2517
-6076 2454 -6224 -1759 1372 6154 443 4653
-4880 -111 -4157 2534 1285 -3091 -1825 2671
-399 -1886 -1941 1342 -1692 -1266 -160 145
2489 5765 -2018 -4346 -4309 -3099 -2788 4609
-5399 6589 -4323 -5880 -5755 4969 689 -1808
-5321 2748 -5830 -978 4545 2694 400 3877
-5687 120 -4937 3418 -1263 -4657 -1895 3470
439 -2121 -2514 614 -2890 -1274 1061 167
2020 6497 -1343 -5356 -6152 -1184 -3377 4103
-5383 5725 -3297 -5833 -2206 7131 1534 -779
-4889 3666 -6152 204 4550 -1559 1183 3214
-6531 -252 -6109 3735 -3819 -3594 -2728 3731
1047 -2014 -2511 -173 -3005 -157 2219 669
1155 6716 -225 -5932 -5521 1234 -3541 2985
-4784 5141 -2827 -5135 1914 5816 1658 57
-5055 4632 -7206 1211 1611 -5753 2429 2996
-6934 -934 -6997 3614 -6366 -1238 -3425 3371
1651 -1161 -1779 -1364 -3007 971 3008 1569
89 6628 1089 -6095 -4059 3716 -3000 1989
-4050 4809 -2904 -3988 4601 2309 1153 870
-5715 5229 -8317 1608 -2346 -6819 3540 3283
-6674 -1658 -7165 2610 -6513 1495 -3667 2263
1780 -174 -501 -2098 -2622 1093 3050 2664
-663 5922 1786 -5388 -1831 4623 -1715 1199
-3116 5125 -3710 -2970 3954 -1765 549 452
-6632 5443 -9330 1311 -6428 -4507 4390 4124
-6013 -2204 -6736 1442 -4271 4118 -3086 857
1337 797 708 -2131 -1557 1041 2399 3310
-871 4977 -938 -4152 536 3350 -296 932
-2596 5881 -6964 -2502 917 -5487 186 -517
-7562 5171 -9716 403 -9145 -805 4324 5249
-4883 -2020 -4535 606 -1704 4883 -1676 -159
275 1520 1292 -1442 -1624 1051 1377 3132
-571 4167 -762 -2963 1790 1564 876 1601
-2607 6837 -8161 -2555 -2905 -5981 611 -1743
-7927 4171 -10010 -910 -8359 3412 3700 6001
-3958 -1324 -3225 302 901 3223 -416 -343
-985 1592 2451 -156 -1948 543 726 2100
257 3642 -1397 -2184 975 -538 1214 2250
-3187 7682 -9336 -3535 -6865 -3828 1646 -2966
-7760 3183 -9611 -2016 -4918 6945 2539 6106
-3673 -89 -1693 1045 2051 723 935 127
-1975 783 2741 1494 -2065 71 412 725
1257 3812 -2725 -2139 -685 -2647 871 3182
-4412 7910 -9961 -5085 -9191 -455 3322 -3126
-6915 2326 -8334 -2519 -826 7292 1384 5032
-3945 1028 -457 2393 632 -1431 1664 1074
-2340 -64 2150 2478 -2409 645 1201 -563
1773 4720 -3948 -3155 -2596 -2749 -179 3007
-5580 7456 -9553 -6342 -8068 3879 4536 -2701
-5723 2127 -6727 -2000 3002 4581 949 3477
-4804 1993 96 4070 -1948 -3232 1234 2093
-1978 -1101 864 2661 -2974 997 2586 -1238
1826 5824 -4719 -4582 -5158 -1769 -1444 2146
-6228 6292 -8229 -7008 -4915 6950 5356 -1615
-4470 2738 -5219 -699 4114 858 1420 1862
-6081 2279 -475 5422 -4295 -2800 232 2333
-1140 -1333 -405 1953 -2507 1219 3703 -1091
920 6866 -4460 -6189 -6512 10 -1982 490
-6151 5046 -6516 -6794 -1197 7014 5321 -151
-3767 3817 -4495 985 1795 -2661 2375 457
-6969 1755 -1666 5836 -6286 -219 -1193 1832
32 -1218 -1280 1790 -2174 1765 4575 -335
-365 7259 -3146 -5037 -5808 2669 -1623 -1538
-5345 3977 -5041 -3006 2369 4737 4031 547
-3892 5205 -4925 5238 -1663 -5021 3925 516
-7396 699 -3069 7456 -6367 2588 -2129 219
1039 -165 -1320 -17 -2511 1131 4402 1101
-1854 6919 -1194 -6145 -4658 4484 -363 -2821
-4079 3503 -4112 -1786 3592 1706 2767 218
-4631 6142 -6033 6583 -5354 -3952 4754 1428
-7052 -491 -4255 6762 -4383 4697 -2251 -1413
1045 1238 -255 -1639 -2527 770 3214 1829
-2974 5930 508 -6169 -2674 4825 1016 -3211
-2730 3806 -4148 -134 1839 -1785 1414 -694
-5819 6264 -7707 7050 -8019 -742 4780 2443
-5668 -1153 -4340 4931 -1923 5450 -1006 -2967
375 2679 1712 -2913 -2742 926 1320 1782
-3129 4381 1601 -4994 -226 4114 2404 -2463
-1793 4648 -5295 1384 -1024 -3976 1110 -2444
-6972 5705 -8992 6468 -8074 2987 3449 3590
-4202 -1064 -3409 3175 -146 3983 370 -3527
-881 3340 3459 -2996 -3394 1300 -95 717
-2528 3216 1624 -3272 750 2847 2644 -1211
-1909 5960 -6992 2123 -4584 -3425 1866 -3920
-7445 4399 -9430 4924 -5693 6357 1676 4011
-2999 -114 -1609 1846 907 1582 1824 -2881
-2519 3476 5059 -2094 -4130 1676 -1190 -1117
-1365 2459 650 -1526 389 640 1979 -20
-2611 6959 -8402 1843 -7352 -671 2916 -4496
-6940 2970 -8458 3036 -2377 7588 -151 2805
-2291 1389 375 1329 101 -201 2326 -1523
-3747 2604 5294 -425 -3431 2908 -748 -2964
-113 2731 -942 -600 -526 -710 431 559
-4094 7143 -8895 276 -7619 2317 4436 -3822
-5705 1984 -6719 1496 650 5832 -1156 1186
-2618 2913 3467 2081 -2516 -1322 1693 147
-4033 1320 4829 1331 -2705 3811 430 -3891
725 3717 -3294 -836 -2557 -915 -1250 -33
-5304 6401 -9063 -1752 -5791 5552 5160 -2323
-4119 1552 -3780 738 2298 3175 -1393 -705
-3771 4057 4868 3746 -4629 -773 208 1109
-3648 103 3976 2535 -1550 3542 1835 -3816
875 5152 -5103 -2032 -4664 -323 -2387 -1580
-6049 5032 -8494 -3417 -3314 7194 4585 -400
-2574 2199 -1664 1138 1642 171 -298 -1833
-5040 4170 5206 5530 -5406 1524 -1715 820
-2273 -714 2112 2656 -716 2952 2911 -2609
-52 6174 -5883 -3927 -5303 1180 -2529 -3424
-5882 3236 -6790 -4194 -385 6426 3158 743
-1677 3508 69 2732 -881 -1954 1128 -1961
-6260 3240 4398 6917 -5476 3790 -3210 -353
-840 -405 267 1543 -703 2076 2695 -769
-1492 6709 -5667 -5640 -4941 3616 -1477 -4738
-4958 1885 -4760 -3923 1734 4576 1289 1047
-1850 4914 807 4722 -3700 -1817 2385 -940
-6681 2084 2801 7270 -3574 5283 -3638 -2109
330 801 -856 -519 -1424 763 1382 538
-3178 6293 -4181 -6780 -4118 5214 303 -4960
-3334 1465 -2736 -2485 1700 1844 -604 329
-2678 6000 369 6307 -5832 528 2580 527
-6023 565 733 6177 -1260 5744 -3064 -3605
505 2217 -916 -2354 -2188 569 -490 1177
-4332 5064 -2013 -6774 -2049 5668 1596 -4003
-1630 1792 -1791 -332 66 -549 -1482 -1329
-4165 6128 -1270 6862 -6503 3040 1597 2282
-4721 -497 -800 4310 188 4692 -1344 -4209
-121 3803 235 -3688 -3573 1382 -2515 390
-4569 3213 85 -5244 -324 5423 2488 -2216
-783 2806 -1876 1321 -1931 -963 -1057 -2787
-5526 5205 -3220 7559 -5001 5453 -320 3066
-2886 -318 -917 2930 938 2539 266 -3449
-1377 4657 2098 -5477 -4082 2752 -3586 -1057
-3751 1699 1302 -4321 496 3902 1937 -118
-683 4380 -3413 4363 -4372 -42 463 -3516
-6006 3700 -4746 7392 -2446 6712 -2412 2458
-1495 506 -87 826 363 979 1070 -1833
-3145 4412 4224 -5462 -3600 3919 -3147 -2849
-2304 903 1289 -2297 486 2132 206 1083
-1739 5395 -5322 5046 -5690 1764 2087 -3021
-5557 2045 -5254 5597 -28 6199 -3735 1173
-833 1983 1761 -836 -1618 417 1006 174
-4350 3382 5512 -4359 -2452 5230 -1938 -4007
-684 1330 -180 -414 -299 885 -1538 868
-3182 5720 -6888 4435 -5005 4252 3054 -1385
-4185 803 -4354 3312 1613 4163 -3624 -582
-1158 3668 3864 -1324 -3207 576 -377 1596
-4692 1928 5614 -2439 -1141 5342 -179 -3880
434 2434 -2085 704 -2090 592 -3046 -64
-4553 4995 -7499 2840 -3403 6127 2938 685
-2529 511 -2673 1535 1564 2291 -2683 -1870
-2301 4618 5368 -522 -3873 2239 -2297 1864
-4025 479 4390 -556 188 4425 1255 -2491
432 3794 -3726 418 -3397 1080 -3182 -1773
-5339 3672 -6840 808 -1068 6229 1771 2290
-934 1371 -291 794 5 563 -780 -2128
-3669 4512 5573 1231 -3709 4201 -3811 1032
-2501 -433 2338 949 630 3321 1671 -594
-161 5110 -4891 -679 -3880 2916 -2207 -3134
-5078 1922 -5146 -1064 977 5332 23 2947
-190 2514 1221 1305 -1623 60 814 -1140
-4915 3562 4599 3220 -2678 5434 -4412 -612
-804 -341 322 1056 -59 1917 939 1277
-1542 5450 -4485 -2561 -3514 4300 -485 -3428
-3929 611 -3456 -1917 1699 3655 -1699 2407
-356 3944 3413 2807 -3148 988 1416 845
-5295 2123 5181 4503 -729 5695 -3500 -2270
320 592 -920 -29 -852 1325 -634 2155
-3195 5095 -5644 -4539 -2312 5353 1363 -2798
-2404 -73 -1956 -1653 1152 1868 -2632 775
-1365 5053 3977 4781 -3930 2836 888 2529
-4848 373 3379 4894 546 5160 -1965 -3082
829 2244 -2267 -1997 -2111 1829 -2522 1848
-3998 3847 -4253 -5297 -330 5383 2344 -1039
-736 673 -143 -34 68 580 -2328 -733
-2867 5067 3195 6129 -3424 4516 -602 3521
-3477 -423 1342 3842 1076 3480 -188 -2527
142 3405 -2233 -3638 -2729 2586 -3233 422
-4159 2133 -2103 -5033 778 4696 2184 915
219 1735 818 1890 -1557 822 -996 -1717
-4099 4228 1516 6507 -1837 5807 -2242 3390
-1824 -845 -340 2123 984 2317 1233 -1277
-1001 4168 -1272 -4838 -2526 3642 -3317 -1143
-3232 738 -198 -3598 1264 3316 950 2267
289 3301 290 3674 -3033 1721 1013 -1554
-4734 2755 -467 5728 -132 5860 -3527 2049
-422 137 -669 74 0 1583 1502 727
-2380 3843 527 -4660 -1333 4432 -1907 -2199
-1677 162 768 -1603 985 1952 -772 2343
-492 4203 -966 4295 -3019 3461 2396 -346
-4454 1196 -2101 3991 1236 4831 -3676 526
89 1431 155 -1198 -1208 1378 530 1937
-3324 2666 2292 -3434 -389 4628 -146 -2343
103 373 662 456 -383 1466 -2227 1478
-1961 4657 -2846 3879 -1997 5039 2804 1280
-3274 115 -2569 1973 1909 3341 -2786 -955
-233 2554 1651 -1494 -1699 1945 -830 2442
-3599 1082 3369 -1578 547 4226 1550 -1522
1076 1492 -656 2094 -1458 1639 -2561 -186
-3372 3991 -4446 5200 -775 5678 2036 2964
-1811 -191 -1994 1687 1396 1882 -1072 -1599
-1365 3199 3379 -2804 -2027 3005 -2448 1656
-2887 -250 3329 -1733 842 3402 2291 180
1339 2641 -2210 2811 -1630 2600 -1839 -1437
-4072 2884 -5090 3769 913 5175 687 3598
-621 469 -374 344 289 798 412 -875
-2741 3117 4422 -1837 -1642 3856 -2834 153
-1417 -1219 2192 233 502 2773 1767 1735
745 3746 -3812 2792 -1382 3813 -371 -2376
-3810 1599 -4434 2165 2204 3805 -706 3051
-94 1483 1225 -89 -885 760 1263 495
-3783 2200 4489 -108 -760 4345 -2231 -1461
126 -1198 425 1491 271 2382 572 2779
-377 4136 -4493 1786 -450 4263 1214 -2017
-2896 579 -3086 745 2231 2031 -1562 1916
-397 2883 2505 636 -2054 1619 1108 1810
-4196 756 3487 1798 118 4608 -902 -2358
1275 -381 -1210 1735 225 2332 -875 2657
-1437 3878 -4307 258 639 4162 2305 -940
-1447 385 -1256 151 1114 714 -1474 323
-1322 3773 2878 2002 -2354 2981 -64 2823
-3667 -782 1696 3142 912 4192 817 -2450
1649 635 -2343 1051 138 2681 -1999 1751
-1959 2923 -3289 -865 1724 3249 2315 314
-169 782 197 433 -275 593 -423 -757
-2668 3770 2160 3724 -1611 4310 -1552 2812
-2698 -1684 -27 3390 1738 3419 2131 -1432
1462 1533 -2503 -84 266 2663 -2048 308
-1816 1652 -1521 -1493 1581 1923 1481 1440
621 1912 732 1810 -1767 1212 1067 -873
-3880 3003 590 5058 -287 5159 -2686 1767
-1486 -1894 -1146 2935 1973 2445 2463 -98
389 1962 -1914 -1406 487 2383 -1324 -791
-1158 405 -766 -1326 785 1297 86 1704
489 3070 2336 3334 -2067 2614 2373 -132
-4540 1930 2316 5501 1447 5043 -3018 343
-431 -1472 -384 1754 1691 1567 2007 1014
-670 1562 -1286 -1964 430 1999 9 -1121
212 97 779 -52 -224 1259 -1073 990
-81 4005 2158 4731 -1351 4210 2968 1190
-4243 686 737 4852 2775 3790 -2501 -1002
-97 -599 -605 445 1013 738 951 1671
-1340 726 163 -1791 197 1838 1130 -647
1731 315 1618 1748 -1254 2020 -1646 -371
-1257 4479 1095 5411 305 5215 2668 2445
-3525 -69 -204 3816 3211 2039 -1279 -1643
-391 304 30 -352 89 599 -156 1187
-1340 -777 1651 -432 -297 1997 1666 472
2531 1226 1426 3126 -1077 2939 -1179 -1737
-2153 4201 -238 5072 2090 4637 1587 3139
-2444 -141 -489 2421 2487 343 -184 -1481
-1211 642 1175 -228 -744 817 -611 158
-650 -1802 2477 1066 -572 2600 1471 1725
2955 2145 743 4139 15 4120 -215 -2655
-2480 3432 -1131 4105 3420 2998 356 2892
-1904 115 -230 1769 1239 -887 444 -790
-2392 464 2631 676 -1499 1762 -401 -1107
468 -2509 2536 2538 -284 3281 421 2538
2656 2963 -446 4183 1512 4173 1094 -2650
-2507 2314 -1686 2818 3407 1259 -595 2105
-1349 1119 992 1422 -612 -675 418 216
-3292 -388 3424 2107 -1384 3102 587 -1905
1569 -2513 1861 3483 865 3573 -778 2564
1837 3308 -1390 3401 2808 3049 1802 -2061
-1808 1928 -1129 2113 2247 -780 -487 1095
-1668 1979 2184 1970 -2115 499 -479 891
-3652 -1477 3612 2997 -414 4160 1742 -2102
2477 -2155 728 3486 2076 3523 -1737 1990
1205 2911 -1686 3502 3172 1294 2020 -1138
-957 1741 -222 1960 270 -1504 103 398
-2547 2625 3072 1177 -2413 2438 -1479 901
-3363 -2529 2873 2608 1131 4394 2773 -1397
2788 -1344 -274 3538 2767 2271 -2037 877
978 2277 -1323 2588 2285 -445 1548 -392
49 2198 1024 1516 -1613 -578 919 137
-3551 2690 3257 2302 -1338 4241 -2313 392
-2710 -3229 1963 3563 2964 3631 3323 -474
2498 -857 -774 3029 2964 696 -1856 2
890 1646 -612 1800 666 -1344 802 -240
614 2903 2003 1720 -2407 1422 1822 423
-4445 2252 2894 3529 675 5041 -2891 -679
-1839 -3339 873 3766 3788 1954 2910 399
2055 -611 -674 2308 2006 -621 -1055 -411
1698 1027 536 1518 -1169 -1004 90 -581
497 4041 2474 2784 -2090 3655 2225 1601
-4814 1533 1959 4305 2886 4313 -2487 -1828
-1273 -3033 260 3480 3610 -63 2360 908
1359 -891 -7 1579 239 -1281 -422 -179
2557 709 1471 1790 -2279 770 -387 -1554
-34 4592 2116 3875 -142 4886 1944 2327
-4822 855 1040 4748 4454 2518 -1762 -2487
-1110 -2506 196 2772 2186 -1673 1577 865
961 -1554 1012 1232 -1478 -702 -13 545
3442 839 2060 2443 -1908 2898 -269 -2319
-617 4757 1502 4600 2358 4603 1315 2941
-4309 453 440 4354 4500 -53 -1139 -2543
-1420 -2061 697 2067 -110 -2117 1020 299
901 -2387 1833 1409 -2124 900 -177 1098
3870 1428 1908 3440 -365 4352 428 -2976
-1334 4787 774 5173 4311 2986 278 3022
-3742 285 363 3665 2902 -2198 -554 -2092
-2002 -1908 2529 1683 -1972 -1151 1020 -388
1311 -3128 3627 2047 -1885 2982 -833 1717
4075 2083 3996 4210 1953 4309 1096 -2896
-1497 4211 3215 4798 4760 329 -249 2476
-3226 726 2580 2914 346 -2919 -444 -1617
-2781 -1948 3386 1749 -2848 874 1438 -913
2046 -3378 4124 2988 -217 4222 -1618 1665
3835 2608 3474 4684 3772 2971 1872 -2548
-1501 3819 2700 4318 3589 -2156 -535 1956
-3201 1083 3025 2616 -2184 -2060 -833 -1180
-3221 -2381 4179 2189 -2129 3106 2200 -862
2584 -3335 4051 3671 2038 4147 -2324 1159
3422 2998 2908 4770 4606 658 2186 -1978
-1278 3483 2429 3754 1084 -3359 -489 1402
-3488 1813 3812 2566 -3511 129 -1265 -1045
-3492 -3025 4749 2970 -146 4691 2810 -596
3096 -3096 3791 4183 3850 2630 -2755 621
2956 2674 2319 4196 3681 -1816 1989 -1532
-722 3607 2921 3430 -1840 -2796 -45 1304
-3887 2250 4432 2943 -2932 2907 -2013 -1451
-3306 -3379 4846 3529 2449 4344 3057 22
3210 -2777 3303 4159 4370 227 -2741 -30
2863 2249 2301 3679 1253 -3155 1583 -1185
-309 3857 3378 3355 -3608 -780 216 1416
-4468 2232 4928 3518 -824 4794 -2273 -2066
-3036 -3908 4618 4136 4344 2588 2996 662
3044 -2429 2864 3810 3401 -2098 -2339 -480
2985 2071 2458 3388 -1319 -2998 1130 -1380
-85 4141 3947 3581 -3504 2008 441 1778
-4993 2019 5135 4171 1938 5073 -2131 -2700
-2670 -3819 4156 4096 4705 -192 2402 1107
2633 -2320 2641 3406 1106 -3172 -1968 -492
3103 1802 2767 3212 -3209 -1077 1004 -1683
-144 4693 4527 4058 -1567 4411 261 2278
-5199 1836 5040 1682 4351 3206 -1809 -2963
-2464 -3536 3736 1530 3317 -2748 1957 1069
2320 -2312 2593 1365 -1416 -2746 -1668 -339
3647 1524 3358 1033 -3365 1553 882 -1946
-258 4968 4688 1558 1218 5004 -233 2525
-5094 1521 4667 1867 5192 246 -1233 -3198
-2255 -3262 3375 1475 1062 -3661 1404 1014
2078 -2521 2987 954 -3096 -983 -1880 35
3883 1619 3723 1246 -1760 3544 1141 -2209
-676 5079 4571 2050 3893 3742 -826 2669
-4944 1312 4251 1930 4019 -2846 -1065 -2985
-2521 -2964 3482 988 -1825 -3089 1185 738
2022 -2762 3175 697 -3051 1466 -2003 109
4163 2057 3829 1578 828 4433 1392 -2231
-1025 5008 4269 2439 5283 1042 -1334 2533
-4674 1381 4069 1746 1381 -4547 -872 -2701
-2669 -2926 3654 611 -3554 -1039 1325 486
2097 -3009 3561 761 -1605 3311 -2469 136
4040 2345 3668 2112 2968 3679 1787 -1844
-1267 4883 3848 2687 4630 -2085 -1627 2143
-4492 1529 4056 1546 -1648 -3948 -889 -2447
-3096 -2776 4064 266 -3451 1772 1436 614
2274 -3146 3753 889 948 3882 -2785 -77
3847 2594 3364 2388 4445 1284 1856 -1468
-1153 4621 3686 2539 2152 -4348 -1661 1779
-4260 1976 4222 966 -3968 -1596 -1166 -2176
-3487 -2784 4420 113 -1567 3932 1566 792
2505 -3027 3652 1254 2995 2938 -2952 -335
3597 2741 3055 2604 4344 -1374 1962 -1114
-1107 4525 3623 2353 -958 -4535 -1747 1729
-4441 2190 4614 799 -4239 1355 -1386 -2286
-3490 -2855 4549 207 1239 4147 1712 1148
2551 -2713 3315 1377 3883 793 -2999 -651
3204 2861 2614 2676 2460 -3195 1617 -563
-955 4359 4745 2150 -3421 -2700 -1715 1638
-4646 2552 5475 667 -2403 4171 -1482 -2342
-3551 -2964 4681 365 3741 2768 1510 1497
2334 -2426 3801 1515 3405 -1511 -2802 -688
2883 2556 3855 2262 -204 -3783 1302 -541
-705 4376 5045 1900 -4465 193 -1655 1930
-4729 2562 5546 789 607 4871 -1481 -2508
-3365 -2935 4593 500 4361 325 1218 1655
2404 -2142 3400 1534 1780 -2837 -2502 -799
2770 2537 3734 2172 -2232 -2681 1200 -318
-596 4587 5375 1877 -3320 3047 -1812 1949
-4879 2512 5722 987 3634 3624 -1261 -2668
-3088 -2860 4329 657 3415 -2229 982 1938
1966 -1830 2918 1230 -515 -2854 -2346 -715
2752 2433 3618 2039 -3322 -523 1080 -228
-785 4771 5539 1975 -614 4774 -1895 2196
-4979 2375 5848 1142 5248 982 -950 -2502
-3029 -2572 4059 468 1300 -3805 711 2051
1686 -1697 2582 972 -1855 -1630 -2110 -441
2668 2358 3584 1949 -2947 1605 1085 -141
-950 4989 5798 2261 2311 4382 -2358 2306
-5001 2323 5716 1197 4436 -2058 -767 -2250
-2916 -2326 3602 327 -1276 -3112 394 1840
1425 -1555 2260 661 -2198 240 -2112 -113
2774 2428 3751 1978 -1038 3280 1257 -85
-1087 4905 5805 2365 4519 2173 -2498 2108
-4871 2240 5618 1279 2275 -4423 -436 -2136
-3058 -1918 3294 -42 -2940 -1400 325 1930
1341 -1613 2231 494 -1709 1765 -2164 99
2672 2702 3735 2326 919 3463 1364 407
-1509 4805 5686 2818 5139 -481 -2562 2130
-4518 2261 5194 1123 -856 -4402 -245 -1619
-3167 -1619 3071 -497 -2778 1006 432 1735
1140 -1587 2145 386 -146 2168 -2091 235
2513 2930 3645 653 2655 2263 1527 664
-1515 4654 5467 -319 3434 -3146 -2630 1851
-4343 2454 4988 -2085 -3412 -2590 -212 -1392
-3417 -1422 3009 -2865 -1264 3031 778 1966
1181 -1500 2228 -1195 1533 2031 -2255 97
2243 3041 3450 555 3573 431 1485 1079
-1653 4428 5104 -86 950 -4458 -2334 1594
-4091 2661 4824 -2384 -4169 299 -342 -1209
-3653 -1344 3079 -3110 866 3341 814 2107
1108 -1301 1901 -1010 1956 708 -1928 64
1838 3164 3068 943 3150 -1126 1234 1465
-1685 4193 4880 24 -1827 -3797 -2171 1481
-3954 3032 4771 -2639 -2604 2961 -339 -1041
-3647 -1246 3067 -3140 2893 1956 1048 2323
1150 -1015 1783 -647 1951 -483 -1650 -204
1383 3386 2633 1455 1861 -2549 1104 1927
-1494 4025 4697 -167 -3729 -1520 -1776 1660
-3994 3295 4910 -2875 -168 4507 -111 -1033
-3753 -1240 3156 -3255 3638 -41 971 2781
1079 -599 1399 -284 1476 -1132 -1134 -130
989 3222 2220 1545 312 -2938 966 2062
-1377 3919 4599 -223 -3613 908 -1614 1657
-4217 3609 5208 -3226 2697 3814 83 -1183
-3467 -1100 2936 -2984 2590 -2091 843 2909
739 -18 706 81 530 -930 -465 230
700 3180 1744 1625 -1229 -2023 893 1917
-1278 4076 4796 -455 -1790 3334 -1307 1979
-4489 3522 5483 -3060 4726 1614 651 -1186
-3124 -925 2505 -2641 742 -3000 656 2752
360 328 49 187 53 -687 -52 406
596 2926 1633 1450 -2201 -797 944 1671
-1283 4203 5017 -486 538 4449 -1530 2071
-4509 3414 5558 -2896 4627 -1359 1016 -1026
-2897 -602 2080 -2438 -881 -2143 649 2475
7 586 -126 83 127 -313 219 709
440 2819 2487 1240 -1660 432 1137 1484
-1329 4392 4905 -416 2959 3294 -1506 1791
-4447 3067 3483 -2414 2733 -3768 1521 -860
-2703 -162 51 -2393 -2028 -582 638 2027
-426 545 -565 -173 287 293 349 1142
557 2871 2548 1234 -661 1848 1543 1402
-1853 4320 5216 131 4588 1230 -1592 1472
-4167 2987 3286 -2177 261 -4294 1879 -347
-2672 390 -643 -2507 -1447 1018 1044 1667
-906 478 -953 -709 811 21 90 1293
607 2937 2859 1271 400 2382 1997 1642
-1996 4216 5244 374 4270 -1568 -1554 1044
-3814 2961 2863 -2108 -2094 -2798 1924 -99
-3027 816 -1130 -2970 166 2380 1543 1547
-891 556 -966 -730 993 -617 238 1143
388 3472 3234 1848 1982 2030 2093 2025
-2664 4044 5392 1072 2814 -3791 -1180 457
-3373 3113 2287 -2168 -3373 -684 1715 230
-3322 1149 -1560 -3469 1902 2220 2174 1260
-755 606 -788 -654 550 -547 173 813
122 3849 3413 2418 3074 1172 1981 2156
-2611 3483 4823 1309 693 -4044 -456 -38
-3013 3482 1717 -2603 -2436 1750 1483 -60
-3733 1247 -1722 -3907 3296 402 2545 1540
-650 697 -607 -433 -64 -368 591 202
-547 4227 3414 3280 3171 -316 1481 2374
-2447 3140 4415 1425 -1524 -3069 200 -234
-2939 4040 1436 -3180 -27 3529 1415 -650
-4124 1156 -1482 -4301 3616 -1269 2530 1981
-385 1088 -446 147 189 -54 1163 -166
-1213 4256 2920 3661 2804 -1943 1013 2002
-2203 2842 3961 1150 -3010 -1382 777 -177
-3080 4481 1403 -3778 2447 3205 1454 -1084
-3916 730 -997 -3966 1944 -2469 2455 1899
-269 1817 -490 1457 669 926 1880 -287
-1792 3971 2234 2827 2007 -2735 627 1456
-1839 2989 3597 -1649 -2434 996 825 71
-3628 4772 1877 -5693 4703 1238 2032 -1947
-3483 741 -788 -3205 111 -2933 1816 1702
-664 2465 -1123 2334 1293 1117 2544 69
-2292 3605 1444 3213 509 -2904 525 628
-1513 3230 3651 -2120 -651 2915 732 293
-4013 4574 2441 -5862 4907 -1093 2698 -1955
-3133 813 -843 -2689 -917 -2087 1421 1109
-1102 3113 -1801 3075 2508 472 2671 481
-2231 3176 1010 2940 -1095 -2633 700 -138
-1443 3709 4201 -2797 1595 3137 182 -24
-4292 4172 2997 -5733 3335 -3198 3217 -1895
-2460 1088 -1290 -1836 -1492 193 1396 133
-2016 3173 -2777 3229 3120 -302 2251 854
-1884 2805 824 2354 -1408 -1002 1313 -682
-1695 4183 4881 -3078 4135 1859 -416 -626
-4371 3949 3275 -5179 1223 -4635 3573 -1529
-2179 1772 -2075 -1266 -811 1529 1535 -628
-2629 3169 -3508 3037 2607 -1961 1594 930
-1337 3017 1321 1780 -1180 779 1983 -674
-2509 4418 5663 -2840 4964 21 -645 -1576
-3832 3421 2975 -4299 -742 -3880 3262 -777
-2168 2549 -3117 -898 1543 2241 2244 -1465
-2986 2850 -3754 2471 1656 -3170 781 580
-880 3257 2020 1396 47 1480 2076 -490
-3173 4219 6049 -2146 4232 -2551 -378 -2773
-3124 3152 2256 -3517 -2279 -1505 2426 -790
-2602 3228 -3987 -1133 3458 1682 2922 -1379
-2908 2336 -3493 1814 371 -2963 278 -349
-930 4009 2796 1657 1998 1886 1719 78
-3731 3818 5938 -1302 2878 -4556 124 -3404
-2346 3491 583 -3235 -1924 519 1714 -903
-3308 3485 -5036 -1942 4124 -632 3313 -905
-2464 1906 -2039 1162 -1023 -2018 61 -1300
-1313 4700 4356 2303 3505 1365 782 399
-3768 2959 4704 -406 570 -4508 880 -3633
-1891 4272 -1573 -3572 112 2411 765 -1844
-4115 3336 -5392 -2870 4080 -2817 3209 -303
-1672 1883 -1183 1157 -1340 -893 399 -2199
-1952 5280 4951 3298 4302 -1007 -499 134
-3425 2303 4023 113 -1653 -3274 1484 -3153
-1778 4954 -2389 -4283 2246 2594 470 -2873
-4564 2625 -4944 -3757 2691 -3899 2216 377
-1104 2457 -187 1731 -101 892 1220 -2533
-2967 5245 4913 4507 4316 -2951 -1424 -868
-2675 1881 3046 32 -2038 -1508 1490 -2461
-2443 5809 -2876 -5580 4271 976 889 -3840
-4504 1986 -4237 -4000 220 -4408 1087 368
-633 3234 618 2824 1258 1513 1845 -2039
-3800 4792 4387 5201 2499 -4127 -2075 -1768
-1671 2071 1927 -811 -941 979 825 -1708
-3376 6195 -2624 -6570 5466 -1320 1573 -4169
-3844 1282 -3125 -3564 -1341 -3536 -112 -179
-862 4217 817 4103 3181 545 1772 -961
-4036 4046 3299 5182 335 -4502 -1821 -3035
-1113 2760 1541 -1899 430 2345 -475 -1499
-4299 5946 -1630 -7141 4641 -3766 2575 -3847
-2732 1095 -2100 -2415 -1602 -968 -972 -1102
-1706 4919 -4 4930 4546 -800 853 30
-3749 3135 2052 4492 -898 -3778 -1249 -3568
-914 3674 1647 -3063 2924 1690 -1863 -1999
-4958 5148 -389 -6610 2154 -5571 2683 -2733
-1920 1504 -1901 -1280 -1145 540 -995 -2281
-2676 4927 -1002 5176 3812 -2533 -242 478
-2786 2622 1411 3280 -1540 -1430 -415 -3157
-1482 4615 2664 -4003 5141 317 -2585 -3041
-4957 4313 646 -6038 -142 -5316 1995 -1387
-1279 2258 -2335 1796 1322 978 -381 -3019
-3822 4420 -2438 6241 2702 -4449 -1813 333
-1612 2650 1439 728 -1116 348 8 -2258
-2578 5227 4063 -6573 5208 -2456 -2860 -4234
-4291 3351 1247 -5035 -1916 -3458 1001 -607
-1647 3411 -3596 2803 3221 1033 417 -2664
-4175 3462 -3283 5604 1108 -5102 -2900 -502
-779 3479 2470 -595 1215 1329 -307 -747
-3694 5058 5358 -6514 3816 -5383 -2210 -5053
-3251 3140 803 -3799 -2621 -1579 -558 -258
-2411 4143 -5037 3080 4200 -416 1184 -1454
-3929 2340 -3493 4147 -531 -3963 -3399 -1820
-338 4451 3784 -1558 3428 1009 -1513 204
-4809 4153 6180 -5344 1913 -6051 -1059 -4825
-2067 3355 -377 -2453 -861 337 -1938 -905
-3731 4343 -6181 2384 4580 -3216 1033 -37
-2933 1660 -2727 2626 -1448 -2610 -2959 -2613
-675 5683 5311 -1606 4228 -1280 -2973 763
-4831 3542 5953 -4241 -932 -5431 -80 -4177
-1409 4290 -1804 -2062 1095 1853 -2265 -2006
-4950 3809 -6440 940 3670 -4914 -90 1364
-1461 1447 -1142 1406 -490 -990 -1761 -2880
-1679 6235 6181 -752 4304 -3786 -4635 257
-4072 2339 4738 -2713 -2743 -3782 95 -2536
-1595 5627 -3113 -2709 3378 1123 -1818 -2907
-5646 2598 -5651 -792 1407 -5504 -1844 2131
-133 2047 612 1180 856 238 -603 -2002
-2867 6266 6153 564 3115 -5113 -5246 -918
-2780 1737 3022 -1921 -2127 -1184 -439 -893
-2442 6793 -3624 -4138 5365 -1332 -528 -3154
-5540 1301 -4283 -2130 -455 -5666 -3430 2025
318 3186 1566 2044 1857 -361 -135 -482
-3878 5379 5016 2074 701 -5616 -5013 -1979
-1262 2224 633 -2610 -773 1392 -2116 109
-3999 7206 -6388 -5921 5428 -3748 1002 -2158
-4443 205 -4374 -2499 -1310 -3926 -4443 949
65 4182 3140 3233 3200 -1537 -568 1124
-4150 4094 5082 2960 -1216 -4963 -3671 -2416
-248 3399 -896 -4056 1995 1371 -3569 28
-5479 6822 -5805 -7456 3385 -6055 1758 -433
-3142 -320 -2666 -2154 -1870 -1957 -4365 -326
-973 5045 3371 4864 3513 -2734 -1703 2543
-3472 3058 3502 2725 -1789 -2765 -2217 -1944
-78 4577 -1702 -5688 4804 -246 -4738 -969
-6413 5779 -4397 -8071 904 -7597 1616 1442
-1710 110 -1338 -658 -1111 -783 -3502 -995
-2339 4968 2322 5656 2391 -4302 -3333 2587
-1975 2305 1709 1438 -1512 -763 -957 -416
-781 5913 -1510 -7381 5512 -2677 -4711 -2326
-6471 4377 -2555 -7577 -1544 -6471 622 3202
-1133 1300 -1096 1058 1048 265 -1906 -823
-3363 3910 419 5564 1246 -4950 -4460 1765
-338 2280 624 -473 665 -370 -723 1498
-2002 6671 -209 -8387 4084 -5756 -3402 -3392
-5742 3297 -1112 -6379 -3725 -4120 -884 3814
-1390 2438 -1793 2066 2596 -90 -449 348
-3787 2480 -1369 4394 228 -4215 -4524 418
1120 3176 653 -2405 2834 -652 -1527 3290
-3568 6512 1625 -8114 1867 -8142 -1587 -3551
-4233 2794 -556 -4516 -3436 -1389 -2109 3420
-2607 3349 -3558 2335 3390 -2005 -207 2426
-3197 862 -2661 2363 -629 -3740 -3486 -1078
1743 4530 1649 -3678 3332 -2284 -2950 4255
-4536 5446 3182 -6784 -1336 -7482 17 -2560
-2733 3125 -1128 -2989 -1118 1192 -2580 2209
-4088 3347 -5316 1440 3963 -3903 -699 4164
-1833 -194 -2791 380 -441 -3394 -1817 -1388
1164 5702 3424 -6446 2912 -4743 -4322 3671
-4606 4150 3801 -7101 -3973 -5177 1025 -678
-2026 4409 -2804 -406 1526 1712 -1837 888
-5822 2537 -6845 3648 3049 -5232 -2038 5109
-11 -487 -1791 -734 116 -2732 355 -708
31 6484 5045 -6243 1631 -6457 -5104 2668
-3815 2825 3473 -5147 -3856 -2352 1121 1421
-2183 5776 -4620 66 3912 -65 -116 337
-6649 1002 -7154 1679 857 -6600 -3737 4896
1457 54 -121 -2112 -76 -2581 1819 974
-1341 6441 5977 -5095 -822 -6165 -4751 965
-2155 2412 1825 -3571 -2058 1072 -27 2382
-3224 6987 -6236 -615 5707 -2785 2249 802
-6441 -711 -6297 -585 -881 -6785 -4762 3442
2217 1266 1742 -2439 267 -3270 2003 2864
-2302 5459 5624 -3354 -2745 -4907 -2965 92
-478 2766 -237 -2738 506 1586 -1472 2471
-4986 7465 -6809 -2309 4907 -5833 3686 2471
-5181 -2018 -4454 -2351 -2844 -5159 -4531 1687
1994 2592 3060 -1650 489 -3531 1373 4232
-2479 3891 4171 -1454 -2498 -2750 -854 53
692 3963 -2063 -3175 3688 60 -2477 1135
-6585 6908 -6044 -4407 1716 -8492 4261 4388
-3490 -2497 -2357 -2898 -3631 -3289 -3334 153
730 3255 2939 13 -226 -3130 -68 4477
-1615 2454 2034 -565 -1417 -633 715 1256
917 5533 -2983 -4736 5597 -2535 -2383 -709
-7866 5707 -4497 -6340 -1478 -8775 3579 6127
-1986 -2064 -817 -2220 -2594 -1750 -1245 -384
-793 3127 1777 1779 -275 -3287 -1278 3491
126 1517 -31 -802 304 -601 1606 2952
143 6945 -2637 -6742 4564 -5974 -833 -2149
-7786 4011 -2256 -6992 -4816 -6511 1945 6759
-1167 -955 -351 -623 -1067 -260 676 252
-2100 2219 721 2878 238 -3102 -1489 1720
2067 1532 -2249 -2276 2571 -1702 1000 4606
-1410 7811 -6492 -8578 1389 -8768 941 -3095
-6794 2720 -4980 -6420 -6003 -3619 489 6183
-1631 433 -951 1222 393 132 1601 1665
-2512 609 -414 2763 432 -3045 -324 -189
3588 2512 -3461 -4418 3399 -3308 -421 5079
-3123 7681 -5043 -9507 -2104 -8564 3207 -2642
-5221 2207 -3487 -4803 -4553 -404 -353 4455
-2853 1399 -1946 2477 2433 -1496 1451 3237
-1973 -1294 -2688 1542 428 -4172 1653 -1247
3994 3996 -3311 -6282 1842 -5782 -1952 4583
-3995 6514 -3043 -9047 -5530 -6120 4743 -1408
-3611 2672 -2894 -2770 -1863 2149 237 2528
-4607 1474 -4009 2620 3330 -3430 29 3936
-368 -2478 -4116 -793 679 -4429 3693 -983
3605 5330 -2315 -7506 -427 -7160 -3030 3099
-4051 4996 -1400 -7470 -6264 -3085 4771 288
-2711 3771 -3473 -1216 1251 1727 1654 1360
-5903 431 -5982 1343 2214 -5491 -1570 3377
1544 -2759 -4364 -2961 -401 -4818 5201 142
2409 6139 -557 -7462 -2781 -6139 -2898 911
-3029 3671 -543 -5464 -4535 265 4068 1529
-2869 5267 -5145 -799 4129 -862 3657 988
-6784 -1025 -7530 -644 412 -7381 -2632 1790
3069 -2160 -3390 -4462 -2015 -4999 5690 1757
867 5810 1118 -6039 -4630 -4087 -1654 -712
-1245 2995 -1166 -3533 -1498 2417 2236 1399
-4026 6492 -7222 -1601 4636 -4043 4985 2011
-6473 -2695 -7857 -2803 -1745 -6979 -3006 -421
3680 -986 -1712 -4711 -2831 -4060 4950 3081
-183 4835 1958 -4202 -4265 -1881 146 -1276
345 3350 -2778 -2829 1931 1261 1123 203
-5484 6865 -8791 -3125 2473 -7275 5341 3450
-5142 -3999 -6877 -2429 -4150 -5579 -1809 -2539
3436 252 -32 -3827 -3065 -2316 3360 3361
-318 3183 1565 -2863 -2398 263 1773 -866
1619 4296 -4769 177 4367 -1659 637 -1750
-7122 6336 -9308 243 -559 -9042 4538 4727
-3744 -4346 -5285 -2149 -5410 -3466 -225 -3551
2119 1122 1149 -2700 -2752 -1340 1702 2537
535 1767 64 -1033 -266 679 2348 363
1809 5838 -6492 -200 3779 -4832 1301 -3611
-8014 5054 -8525 -1776 -3961 -7753 2820 5436
-2156 -3800 -3268 -2608 -4371 -686 1470 -3257
740 933 883 -989 -975 -805 957 612
2061 822 -2073 99 1953 -1172 1848 1768
1091 7149 -7310 -1576 910 -7908 2817 -4731
-7911 3314 -6663 -3442 -6546 -4953 968 4620
-1396 -2714 -1920 -1895 -2578 1131 2510 -2272
-497 47 -348 875 446 -841 1322 -1214
3809 764 -3987 -72 2627 -3522 307 2229
-393 7644 -6785 -3509 -2190 -8461 4589 -4475
-6898 2052 -4719 -4088 -6768 -1569 -483 2964
-1616 -1398 -1584 -232 -302 747 2350 -937
-1047 -1402 -2182 1962 948 -2339 2463 -2291
5004 1477 -5043 -1118 708 -5464 -1466 1971
-1848 7410 -5397 -5120 -5389 -6438 5890 -3545
-5368 1545 -3277 -3376 -4516 1886 -568 1235
-2696 -581 -2590 1455 2049 -498 1011 -223
-525 -3001 -4268 2034 1131 -4414 4135 -2425
5476 2787 -5060 -3013 -1643 -7053 -3056 390
-2673 6052 -3532 -5572 -7020 -3082 5745 -1986
-3854 1904 -2643 -1887 -1488 2816 94 -260
-3997 -360 -4044 2649 2376 -2564 -730 -363
809 -3917 -5282 799 -300 -5324 5119 -1464
4894 4028 -3764 -4614 -3825 -6014 -3308 -1498
-2766 4668 -1940 -5137 -5872 394 4637 -787
-2998 3004 -2832 10 1673 1296 1533 -776
-5400 -1002 -3838 2742 1407 -5219 -2076 -1450
2317 -4035 -5708 -944 -2713 -5512 5402 108
3587 4525 -5696 -5289 -5670 -3329 -2706 -2977
-1889 3551 -3885 -3637 -2970 2683 3015 -352
-2978 4162 -3830 1296 3664 -1257 2551 -72
-5997 -2207 -5520 1959 -749 -6668 -2799 -3154
3600 -3518 -5871 -2732 -4364 -4706 4394 1460
2263 4372 -3940 -5043 -5449 -765 -1452 -3822
-527 2796 -3070 -1751 92 2287 1399 -1073
-3676 5099 -5110 1716 2760 -4348 2763 1198
-5604 -3550 -6765 130 -3448 -6060 -2180 -5022
4000 -2473 -5045 -3597 -4963 -2250 2886 2078
1263 3430 -2369 -3779 -3292 1415 -173 -3519
822 3167 -3610 -376 2596 105 553 -2324
-5069 5388 -6819 1037 348 -6919 1934 2592
-4524 -4439 -6833 -1527 -5590 -4139 -917 -5719
3584 -1160 -3287 -3665 -4502 -133 941 1743
998 2126 -1503 -2075 -856 1833 331 -2329
1724 3879 -4521 414 3165 -2699 647 -3702
-6087 4669 -7772 -331 -2774 -6918 443 3164
-3015 -4820 -6100 -2887 -5767 -1948 447 -5642
2663 -425 -1903 -2769 -2759 1070 -160 600
1661 886 -1727 -499 1087 182 91 -907
1880 4925 -6094 99 1206 -5346 1555 -4338
-6662 3580 -7951 -1891 -5668 -4955 -1346 2999
-1929 -4263 -4662 -3024 -4634 970 1245 -4438
1237 -389 -942 -1229 -242 1282 -320 -659
2767 171 -2893 395 2248 -2145 -1169 27
1320 5754 -7175 -969 -1699 -6632 2543 -4224
-6529 2369 -7249 -3149 -6504 -2239 -2685 1786
-1250 -3128 -2977 -2238 -2603 2146 1295 -2980
414 -1088 -1041 134 966 -97 158 -1684
3876 134 -4186 315 1068 -3804 -2516 12
133 6143 -7601 -1082 -4469 -5358 3548 -3209
-5446 1354 -5731 -125 -5385 662 -3127 552
-1263 -2127 -1877 360 -8 1591 341 -1685
-127 -2054 -1800 2519 1208 -2336 1310 -1722
4774 830 -5503 2703 -1395 -5191 -3716 -665
-811 5735 -6904 493 -6141 -2843 3505 -1578
-4291 1061 -4174 -428 -3180 2695 -2796 -821
-2029 -1139 -1566 1569 1527 30 -810 -1152
268 -3143 -3242 3408 457 -3951 2200 -1064
4779 1847 -5971 1700 -3558 -4706 -4256 -1769
-1612 4911 -5789 -745 -5809 -187 2867 -364
-3087 1063 -2915 -219 -677 2534 -1814 -1039
-3027 -994 -2310 2897 1546 -2416 -2130 -1683
1106 -3619 -4338 3191 -1470 -4179 2348 217
4396 2514 -5643 497 -5067 -2701 -3933 -2935
-1607 3532 -4101 -1255 -3624 1990 1665 358
-2377 1896 -2509 1016 1588 756 -837 -592
-3977 -1423 -3408 3714 332 -4173 -2627 -2590
2062 -3612 -5017 2404 -3606 -3807 1697 1604
3304 2823 -4583 -691 -5023 -301 -2841 -3283
-964 2505 -2806 -921 -1345 2636 221 341
-2177 2773 -2744 2231 1909 -1460 -363 248
-4079 -2068 -4280 3583 -1577 -4196 -2274 -3304
2825 -3094 -4806 1215 -4427 -2035 524 2289
2192 2706 -3232 -1368 -3503 1177 -1672 -2867
-62 2106 -2285 93 795 1513 -462 -302
-2779 3333 -3684 3025 734 -3750 -562 1404
-3945 -3025 -5146 3009 -3822 -3546 -1451 -3878
3115 -2205 -4040 76 -4403 119 -620 2440
1369 2164 -2074 -1205 -1481 2100 -1002 -2077
880 2190 -2481 1249 1824 -650 -535 -1113
-3332 3519 -4489 3192 -1186 -4416 -1367 2166
-2998 -3454 -4976 1818 -4703 -1861 -251 -3589
2681 -1184 -2777 -737 -3063 1254 -1511 1698
1142 1162 -1651 -433 99 1352 -799 -712
1384 2657 -1776 2079 1148 -2608 24 -1613
-4122 3033 -3317 2593 -3100 -3673 -2426 2216
-2070 -3348 -3722 803 -4164 440 340 -2706
1838 -650 -2247 -644 -1110 1579 -1680 901
1393 382 -1139 580 1095 -172 -1299 -113
1459 3161 -2374 2365 -734 -3851 911 -1438
-4368 2519 -3982 1822 -4727 -1925 -3152 1818
-1263 -2863 -3046 15 -2705 1763 620 -1498
1091 -516 -1297 -122 144 1170 -1326 326
1868 27 -1202 1470 879 -1749 -2053 272
1032 3707 -3209 2069 -2549 -3471 1513 -878
-4074 1560 -3940 739 -4420 187 -3343 948
-688 -2090 -2014 -214 -892 1650 202 -455
195 -801 -417 749 519 -311 -525 -101
2550 -37 -1688 1874 -532 -2664 -2663 77
389 3752 -3775 1345 -3717 -1921 1848 161
-3515 796 -3500 -97 -3042 1794 -2851 189
-786 -1309 -1087 169 448 941 -293 118
-24 -1367 -413 1533 359 -1665 249 464
2842 316 -2429 1685 -1918 -2778 -2797 -604
-394 3506 -3904 317 -4073 -229 1601 1031
-2670 615 -2534 -319 -1244 2173 -2130 -206
-1155 -778 -423 877 746 -205 -848 13
61 -1781 -822 1981 -674 -2200 587 1155
2827 913 -3104 1022 -2901 -1780 -2455 -1216
-894 2791 -3493 -506 -3153 1133 869 1720
-1831 766 -1559 94 412 1363 -1305 -57
-1717 -405 -87 1636 194 -1684 -1295 -317
489 -1973 -1448 1897 -1869 -1991 423 1799
2316 1578 -3231 118 -3224 -480 -1676 -1535
-938 2060 -2788 -794 -1657 1947 142 1691
-1262 1248 -792 665 1012 11 -636 449
-2182 -423 -350 2199 -832 -2117 -1048 -837
967 -1784 -1844 1496 -2403 -1021 120 2077
1681 1703 -2993 1068 -2832 697 -833 -1347
-699 1634 -1978 569 -262 1604 -181 1257
-1276 1614 -628 1859 650 -1294 -658 1083
-2399 -775 -840 2885 -2057 -1693 -657 -1239
1350 -1362 -2189 1748 -2404 -49 -657 2104
1064 1679 -2264 355 -1661 1295 -112 -778
-173 1367 -1324 756 882 656 -188 790
-1536 1985 -871 2375 -402 -2072 -775 1426
-1919 -1266 -1413 2575 -2457 -876 142 -1015
1354 -742 -1968 942 -2005 567 -1093 1691
338 1429 -1542 -311 -788 1300 175 -215
329 1444 -1052 1257 873 -465 50 276
-1930 2177 -1277 2833 -1611 -2066 -1322 1603
-1623 -1281 -1510 2236 -2265 310 628 -776
1023 -44 -1240 189 -1137 756 -1019 1171
192 1070 -979 -304 -112 777 113 369
308 1497 -1154 1539 244 -1396 533 240
-2123 1987 -1603 2872 -2534 -1092 -1528 1321
-1223 -1113 -1353 1623 -1436 1148 776 -141
594 253 -571 -230 -495 512 -831 518
109 598 -550 -102 334 163 -86 559
539 1879 -1496 1865 -726 -1792 988 429
-2260 1693 -1898 2617 -2675 54 -1483 819
-874 -782 -842 1129 -565 1130 715 318
-35 530 77 -447 -414 137 -308 280
444 526 -568 340 165 -323 -446 454
200 2205 -2025 2045 -1784 -1536 1315 816
-2235 1260 -2042 2078 -1907 1135 -1271 282
-575 -300 -334 630 244 476 352 447
-206 418 368 -210 -415 -169 226 369
563 471 -789 523 -190 -738 -529 150
-215 2260 -2326 1727 -2290 -626 1079 1218
-1701 1196 -1541 1721 -725 1722 -878 139
-584 91 285 498 216 -238 -27 547
-518 236 535 28 -473 -143 398 431
583 860 -833 476 -501 -1016 -382 -261
-437 2165 -1518 1466 -2185 421 857 1419
-1368 882 -479 1213 187 1238 -341 -25
-857 554 981 762 -189 -854 -144 165
-670 221 717 123 -740 177 563 719
596 1053 -1095 249 -962 -762 50 -409
-762 1862 -1642 899 -1457 1222 377 1360
-1186 1059 -135 1348 974 442 -195 198
-1081 702 1320 1019 -890 -1016 -179 -218
-445 186 456 245 -527 241 461 856
274 1399 -1534 -99 -1430 -441 471 -533
-848 1702 -1631 557 -676 1615 229 1186
-967 1348 287 1385 726 -573 116 424
-1371 920 1524 1272 -1468 -325 32 -361
-212 374 132 -36 -86 146 170 764
-99 1555 -1640 -585 -1412 -55 716 -336
-810 1531 -1495 454 317 1424 164 829
-987 1653 562 1795 134 -1371 -148 585
-1580 784 1489 1495 -1643 350 316 -613
-116 600 -19 -331 -5 -41 28 577
-418 1661 -1680 -932 -1295 559 915 -46
-601 1433 -1165 507 963 664 198 572
-1095 1966 772 2106 -931 -1439 -367 627
-1491 637 1258 1482 -1008 950 454 -498
-142 957 -164 -718 -170 -526 -164 147
-700 1803 -1691 -1249 -1108 1089 1028 181
-527 1420 -957 632 1038 -245 366 360
-1327 2033 617 2412 -1817 -824 -643 444
-1410 499 1120 1426 -168 1286 545 -289
-227 1252 -99 -1074 -499 -668 6 -180
-816 1611 -1381 -1322 -367 1243 771 364
-482 1695 -1025 898 575 -1150 484 425
-1662 2117 439 2651 -2288 146 -715 270
-1234 797 1177 521 614 933 631 -141
-487 1444 137 -1351 -1031 -424 217 -356
-667 1484 -1260 -383 437 1066 572 314
-534 2142 -1311 2116 -432 -1695 771 684
-1677 2111 283 2382 -1640 1248 -718 -37
-1129 968 1294 104 1049 30 429 -97
-671 1641 360 -1651 -1219 1 532 -300
-731 1452 -1237 -377 912 611 447 253
-684 2278 -1533 2219 -1419 -1314 547 754
-1819 1876 118 2372 -583 1932 -557 -182
-1048 1247 1445 -211 619 -789 235 -56
-984 1567 707 -1780 -1189 546 658 -293
-657 1565 -1392 -297 970 -343 466 14
-910 2460 -1905 2420 -2292 -438 588 884
-1806 1917 -43 2307 597 1839 -361 -415
-1204 1518 1808 -348 -17 -1348 141 -335
-1127 1521 850 -1859 -729 1306 760 -211
-402 1789 -1657 98 317 -1098 481 -381
-1030 2753 -2120 2675 -2246 887 203 1037
-1767 2008 199 2326 1641 913 -267 -469
-1316 1790 2190 -529 -1159 -1379 16 -641
-1195 1470 991 -1728 -18 1427 697 -2
-372 2049 -1975 222 -715 -1414 774 -445
-1225 2650 -2298 2547 -1377 2137 128 1078
-1634 2107 390 2241 1843 -391 -247 -306
-1690 1893 2417 -280 -1814 -592 97 -666
-1038 1423 783 -1501 654 889 394 76
-399 2592 -2446 254 -1786 -972 906 -302
-1467 2776 -2491 2569 106 2561 -139 969
-1722 2328 527 2380 1090 -1708 -507 -165
-2031 1877 2557 55 -2110 504 504 -1052
-899 1438 635 -1348 787 294 227 188
-612 2784 -2659 96 -2190 177 1062 -215
-1410 2724 -2407 2483 1534 1874 -232 692
-1850 2690 1650 2684 -325 -2461 -634 -206
-2193 1862 2875 265 -1574 1851 467 -1100
-653 1583 -537 -1426 541 -570 48 -71
-863 2865 -2894 -129 -1986 1425 1134 37
-1333 2865 -820 2579 2367 440 -160 521
-2163 3177 2837 3191 -2179 -2079 -1019 -254
-2198 1652 2776 546 -500 2418 845 -989
-538 1765 -678 -1552 -217 -974 148 -378
-917 2813 -2883 -267 -938 2105 1004 187
-1010 3043 -475 2734 1790 -1402 183 516
-2398 3371 2944 3607 -3274 -533 -1315 -621
-2262 1498 2686 695 731 2142 939 -755
-678 2080 -977 -1867 -1078 -728 94 -648
-1035 2869 -2793 -392 659 2165 816 132
-929 3471 -279 3268 300 -2713 279 674
-2885 3539 3076 4150 -3399 1557 -1431 -938
-2255 1465 2695 733 1699 1158 882 -572
-800 2175 -965 -2069 -1626 -179 349 -675
-868 2635 -2448 -291 1466 1121 456 21
-864 3836 -138 3683 -1697 -2694 261 993
-3260 3539 2966 4428 -2006 3450 -1455 -1323
-2096 1498 2462 569 1843 -210 688 -353
-1132 2390 -795 -2461 -1772 613 562 -525
-605 2621 -2261 -19 1596 -319 417 -254
-1059 4383 -190 4225 -3431 -1360 71 1270
-3348 3492 2798 4520 214 4058 -1378 -1546
-2086 1758 2493 243 1142 -1463 514 -521
-1227 2155 -554 -2373 -1103 1302 526 -284
-232 2572 -2010 496 606 -1621 520 -565
-1351 4701 -469 4632 -3974 940 -404 1485
-3477 3563 2677 4579 2307 3020 -897 -1701
-2287 1975 2818 117 -360 -2029 317 -688
-1498 1833 -19 -2115 -551 1561 526 47
90 3039 -2259 948 -889 -1974 729 -710
-1721 5014 -802 5023 -2956 3505 -947 1608
-3355 3490 2572 2728 3499 892 -835 -1531
-2515 2323 3342 -1914 -1974 -1768 405 -1038
-1461 1577 297 -1906 124 1419 172 317
278 3414 -2549 2878 -2447 -1300 1209 -728
-1971 5141 -1194 5638 -645 4766 -1201 1385
-3224 3564 2765 2521 3210 -1527 -816 -1495
-3033 2317 3891 -1927 -3229 -413 721 -1283
-1160 1272 431 -1417 440 872 -392 319
357 3921 -2989 3409 -3139 575 1503 -549
-2152 5114 -1489 5667 1972 4285 -1649 1070
-3146 4060 3325 2220 914 -3534 -1153 -1226
-3664 2320 4483 -1781 -3591 1434 1167 -1355
-785 1126 210 -850 201 433 -997 129
52 4295 -3573 3522 -2644 2425 1514 -31
-1956 4927 -1317 5308 3841 1938 -1446 726
-3304 4521 3880 2158 -2048 -3639 -1703 -1110
-4051 2043 4757 -1244 -2452 3067 1677 -951
-417 1250 -186 -412 -51 -61 -1145 -249
-198 4440 -3937 3413 -1229 3707 1296 481
-1631 4963 -899 5055 3841 -1070 -1188 722
-3610 5026 4440 2459 -4737 -1961 -2086 -1630
-4225 1593 4710 -719 -507 4070 1860 -384
29 1644 -963 -167 -688 86 -1117 -954
-427 4333 -3954 3125 907 3586 924 862
-1144 5175 -289 4964 1589 -3600 -828 831
-4292 5582 4992 3190 -5932 1116 -2387 -2178
-4062 1009 4233 -105 1311 3675 1630 220
-38 1953 -1231 -352 -921 490 -887 -1086
-506 4049 -3627 2624 2406 2131 376 628
-888 5746 211 5362 -1613 -4152 -822 1439
-5038 5646 4853 3951 -4633 4338 -2298 -2955
-3717 861 3694 110 2673 2011 1204 675
-412 2323 -1385 -985 -1215 909 -365 -932
-322 3604 -2248 2453 2528 117 95 258
-610 6384 4409 5909 -5076 -2270 -995 2248
-5492 5338 7357 4668 -1608 6445 -1809 -3322
-3302 817 3297 94 2759 -25 592 958
-978 2413 -1974 -1613 -937 1325 -38 -512
221 3246 -878 2421 1047 -1644 -33 -324
-818 7295 4838 6893 -6420 893 -1649 2541
-5889 4862 7034 5251 1899 6479 -1021 -3393
-3139 1252 2996 -426 1601 -1828 127 678
-1340 2141 -1515 -1972 -712 1599 -227 283
958 3368 -120 3216 -1077 -2100 489 -862
-1405 7912 4956 7921 -5248 4593 -2667 2710
-5770 4651 6572 5189 4885 3903 -610 -3012
-3266 1819 2955 -1191 -691 -2796 154 92
-1737 1549 -728 -2085 -683 1662 -546 945
1740 3656 577 4194 -3485 -913 1404 -749
-2022 8090 4495 8500 -1919 7286 -3537 2461
-5425 4363 6001 4640 5478 199 -353 -2314
-3598 2341 3408 -1869 -2907 -1765 667 -382
-1601 855 310 -1663 -510 1691 -1583 1262
2104 4460 653 5087 -4355 1169 1996 -171
-2514 7942 3747 8713 2008 7240 -3958 1542
-4894 4642 5853 3931 3372 -3400 -534 -1524
-4436 2399 4357 -1913 -4493 529 1347 -463
-1087 70 1169 -696 -437 1980 -2507 921
2036 5198 150 5904 -3557 3880 2400 980
-2636 7375 3053 8080 5224 4446 -3785 1037
-4361 5261 6239 3147 -285 -5093 -1251 -1239
-5297 2266 5514 -1525 -4507 3162 2333 273
-170 -145 1231 452 -648 1762 -2854 10
1689 5903 -600 6188 -1455 5781 2302 2014
-2391 6789 2762 7318 5879 593 -3092 602
-4533 6087 7143 3057 -4218 -3862 -1810 -1416
-5807 1519 6299 -510 -2712 5493 2782 1406
668 -110 1012 1729 -325 2122 -2715 -848
932 5790 -1524 6229 1418 5216 1445 2484
-1509 6427 2971 4443 3666 -3236 -2294 648
-4991 7067 8344 -1800 -7023 -103 -2417 -2288
-5989 598 6650 -3233 -40 6263 2403 2611
1061 557 67 1538 90 2386 -2051 -1368
105 5600 -2167 5737 3421 3709 589 2746
-695 6553 3856 3582 -181 -5196 -1713 1677
-5982 7788 9598 -1534 -6878 4614 -2129 -3339
-5536 -178 6464 -2141 2508 5254 1730 3618
1025 1464 -1068 1673 100 1982 -809 -1216
-105 4620 -2068 4528 3385 1120 -242 2056
99 7281 5185 2973 -4548 -3647 -1623 2690
-7017 7535 9997 -461 -3799 8275 -1035 -4035
-4779 -628 5491 -1210 4304 2941 686 3826
400 2116 -1826 1123 138 1596 103 -378
327 3760 -1190 3471 1976 -1285 -257 1162
337 8209 6266 3210 -7178 17 -2365 3650
-7742 6952 9786 820 673 9476 237 -4202
-3703 -425 4155 -784 3680 345 -253 3347
-473 2357 -1913 65 -6 1696 516 718
1043 3063 52 2714 -472 -2141 580 435
84 9156 6893 4007 -6569 4934 -3434 3859
-7870 5962 8785 1972 4900 7251 1595 -3388
-3260 263 3388 -1232 1624 -1787 -459 2490
-1485 1843 -1038 -1257 -673 1802 -58 1826
2169 2959 1367 2738 -3160 -896 1665 171
-758 9876 6787 5343 -3285 8809 -4370 3124
-7576 4978 7409 2611 7311 3437 2381 -2079
-3299 1283 3149 -2449 -1107 -2245 197 1497
-1983 790 329 -2236 -991 1952 -1068 2343
3234 3263 2371 3487 -4465 1627 3054 856
-1787 9974 5849 6647 1056 9424 -4813 1939
-6514 4437 6271 2187 6284 -991 2331 -692
-3971 2275 3452 -3907 -3757 -343 1412 1034
-1848 -84 89 -2355 -802 2613 -2202 1753
3579 4404 5506 4991 -3589 4615 3927 2141
-2693 9279 9268 7389 5406 7215 -4528 609
-5478 4703 6377 993 2650 -4250 1501 42
-5129 2656 1762 -5021 -4810 2508 2933 1400
-951 -1213 1682 -1464 -795 3412 -2749 589
3346 5431 5530 6333 -1341 6759 3733 3541
-3091 8105 7684 7134 7467 3296 -3234 -313
-4683 5427 6009 -527 -1989 -4351 412 -44
-6142 2267 3064 -5261 -3378 5263 3683 2480
273 -1434 2721 36 -107 3562 -2404 -884
2574 6416 4680 7320 1345 6779 2839 4538
-2360 6965 6332 5930 6108 -1209 -1680 -474
-4520 6596 6348 -1730 -5949 -1277 -236 -1118
-6942 1117 4799 -4568 -1017 7366 3879 4036
1408 -1090 2989 1550 1039 3827 -1249 -1996
1271 6437 3032 7152 3977 5170 1620 4675
-1440 6217 5513 4310 2414 -4070 -503 294
-4914 7764 7597 -2427 -6913 3163 -79 -2623
-6856 -123 5913 -3101 1932 7410 2943 5149
2070 -85 2229 2744 1473 3313 637 -2275
339 5703 1504 6073 4925 2717 377 3627
-31 6178 5765 2740 -1958 -3463 -74 1466
-6302 8202 9255 -1727 -4661 7240 1284 -3560
-5866 -1306 6118 -1318 4424 5068 1554 5136
1895 1310 596 2851 1415 2413 2138 -1487
-147 4270 510 4223 3541 92 172 1982
1099 6798 6863 1765 -5573 -400 -552 2693
-7537 8098 10545 -375 -644 10197 3037 -4345
-4550 -1764 5494 -15 5279 2412 217 4659
953 2359 -1169 1929 1457 2047 2936 -213
242 2994 713 2562 1266 -1284 849 609
1384 8009 8527 2084 -6083 3623 -1859 2868
-8314 6918 10960 1277 3894 9449 4707 -3528
-3126 -1631 3984 -2054 3828 -289 -600 2938
-397 2529 -2148 1221 774 1950 2492 1062
1154 1899 1704 406 -1225 -301 2349 -201
1162 9206 10031 -2567 -3369 7763 -3120 1912
-8418 5530 10251 -3280 7124 6016 5768 -2250
-2219 -613 2094 -1671 1458 -1763 -40 1138
-1638 2023 -2335 -422 -53 2081 1272 1726
2654 1664 3572 -643 -3138 1637 4095 90
-90 9877 10710 -1162 367 9900 -3909 195
-7595 4179 8683 -1738 7508 1662 5581 -694
-1996 921 523 -2330 -934 -603 1333 107
-2425 860 -1473 -2221 51 2845 -235 1255
3886 2296 5226 -597 -2513 4015 5024 1291
-1342 9701 10117 632 4470 8629 -3357 -1890
-6147 3317 6435 -953 4884 -2287 4360 534
-2825 2012 152 -3959 -2817 1649 2961 -220
-2094 -756 464 -3523 220 3904 -1141 -315
4208 3420 6085 601 -748 6259 4874 2745
-2532 8540 8479 2466 7258 5338 -2152 -3433
-4516 3386 4722 -1458 1288 -3571 2713 345
-4177 2573 909 -5784 -2898 4052 3994 737
-1203 -1750 2217 -3577 824 3975 -1271 -2352
3733 4782 5850 2453 1441 7082 3503 3822
-2795 6876 6325 3248 6943 1382 -258 -3835
-3403 4308 3965 -2876 -2242 -1739 1534 -871
-5439 2010 2601 -6959 -782 6272 4163 2156
368 -2289 3558 -2581 2093 4034 -271 -3927
2553 5720 4471 4238 3921 5856 1706 3730
-2198 5156 4354 2921 4522 -1954 1327 -3381
-3117 5679 4358 -4701 -4267 1522 1125 -2545
-6183 904 4464 -7276 1678 7188 3039 3248
1725 -1494 3580 -577 2503 3954 1474 -4759
921 5713 2429 5196 5234 3849 -50 2611
-917 4104 3458 1373 1232 -2839 1819 -1770
-3605 6962 1459 -6282 -3600 5182 1702 -4424
-6098 -615 1940 -6356 4265 5684 1312 3556
2283 -213 3610 1315 2478 3166 3227 -3932
-444 4826 3859 5012 4600 1716 -999 655
734 3836 2761 -613 -1726 -884 1269 -433
-4856 7527 2856 -6735 -573 8023 3306 -5073
-4765 -1909 3298 -4245 5649 3709 -736 2532
2172 1420 2540 2679 2809 2322 4004 -2656
-1085 3169 1779 3516 3042 -152 -716 -1429
1977 4547 3008 -2342 -3393 1891 -564 -16
-6190 7127 4819 -5962 2820 8261 4792 -4566
-3225 -2621 3647 -2050 4936 1793 -1964 474
1137 2780 578 2810 2354 2302 3394 -973
-904 1484 471 1558 1515 -102 559 -2668
2433 5907 4349 -3277 -2336 5161 -2489 -401
-7086 5671 6160 -4035 5910 5939 5677 -3228
-1497 -2105 2634 -462 3227 -95 -1968 -1407
-490 3094 -1429 1622 1528 2373 1798 -36
219 133 391 -551 -171 1081 2190 -2798
1807 7025 6097 -2735 428 7427 -3678 -2141
-7040 4025 6640 -1922 7221 3186 5276 -1430
-349 -862 846 108 1772 -441 -948 -2881
-2000 2554 -2799 -296 1590 2406 -265 -55
1839 -35 1732 -1687 -809 2412 3060 -1506
641 7856 7726 -1312 3381 7164 -3752 -4062
-6028 2305 5673 13 5773 509 3537 203
-175 784 -1424 -643 12 1232 628 -3158
-2789 1226 -2908 -2253 1779 2959 -1867 -1370
2966 663 3555 -1501 295 4170 2999 139
-1072 7371 8148 848 5846 5103 -2836 -5653
-4474 1295 3785 785 3556 -1615 1480 225
-1037 2069 -2799 -2345 -581 2808 1733 -2299
-2522 -388 -1682 -3567 1702 3086 -2477 -3214
3395 2093 5333 -232 1840 5222 1614 1560
-2168 6124 7352 -10 6632 2718 -1170 -6113
-2717 1350 1514 -1220 1326 -1196 -595 -506
-2137 2689 -3193 -2525 724 4031 1920 -695
-1449 -1472 90 -3216 2346 2623 -2075 -4834
3076 3490 6257 -1624 3184 4608 -481 2144
-2450 4413 5598 -24 5225 217 396 -5393
-1522 2427 -241 -1717 -819 807 -1631 -2149
-3539 2235 -2347 -4395 2172 5036 969 851
106 -1860 2079 -3342 3259 2840 -706 -5518
1598 4364 5641 542 4396 3484 -2658 1309
-1841 2649 3249 987 3454 -1349 907 -3546
-1061 3880 -1113 -3145 -747 2870 -1441 -3810
-4280 840 -417 -5748 3248 4399 -1045 1802
1535 -1062 3299 -2099 2986 2513 845 -4778
-119 4355 4104 2467 4646 2451 -3907 -338
-477 1384 1192 718 1514 -601 555 -1605
-1608 5088 -586 -4928 938 4523 -461 -4597
-4067 -766 1533 -5910 4616 2928 -3068 1481
2241 137 3340 -122 2828 1903 1702 -2988
-1374 3426 2023 3442 3864 782 -3978 -2058
1191 1095 85 -581 -90 1022 -1112 -176
-2870 5412 967 -6252 2550 5477 1172 -4134
-2910 -2017 2823 -4702 4767 1739 -4364 75
2010 1808 2083 1826 2948 1891 1371 -909
-1997 1739 -20 3337 3318 207 -2876 -3142
2346 1806 318 -2427 202 2315 -3142 -4
-4180 5094 2834 -6551 4098 4335 2043 -2465
-1226 -2633 3124 -2654 3527 445 -4606 -1510
854 2920 161 3009 2657 1935 -248 677
-1729 222 -1101 2086 2036 748 -1349 -3123
2742 2927 1478 -3944 1631 3673 -4369 -811
-5143 3715 4356 -5572 5277 2825 1806 -243
408 -2194 2075 -594 2594 -101 -3779 -2680
-673 3443 -1786 3198 2571 1682 -2091 1236
-668 -1070 -1413 229 1468 1212 -180 -2083
2294 4250 160 -4498 2598 4410 -4971 -2286
-5082 2096 2566 -3826 5015 1047 692 1240
1436 -915 1443 1023 2099 854 -2148 -2859
-2020 2660 -1739 1986 3009 1758 -3917 593
771 -1319 -1421 -1615 1837 1549 190 45
952 4882 2042 -3888 3887 3452 -4162 -3400
-4128 594 3056 -1613 3577 -514 -1216 2144
1378 546 -214 1244 1435 1519 -704 -1763
-2656 1359 -2843 104 2546 2133 -4513 -781
1860 -747 -339 -2558 2452 2480 -514 1780
-418 4510 3325 -2339 4850 2172 -2667 -3560
-2663 -332 2441 135 2726 -724 -2881 1932
830 1783 -1994 652 1849 1760 74 -208
-2361 -45 -2689 -1517 2608 1388 -3985 -1777
2339 527 1414 -2358 2608 2796 -2181 2813
-1421 3404 3852 -389 4376 905 -990 -2820
-1096 -275 838 847 1889 303 -3919 780
-443 2279 -3259 -942 2792 2401 -467 1766
-1530 -1062 -1743 -2560 3249 1002 -2697 -2287
1819 1835 2890 -975 3336 1914 -3558 2731
-1711 1908 3374 1247 3296 -491 7 -1018
-185 589 -955 405 1114 835 -3647 -420
-1767 1731 -3401 -2698 3005 2403 -1624 3205
-126 -1373 66 -2580 2892 1446 -973 -1741
789 2772 3734 709 3960 1591 -4648 1751
-1263 370 1889 2007 2806 -479 22 1038
213 1873 -2331 -930 1698 1494 -2475 -1086
-2187 617 -2371 -3573 3553 1189 -3081 3167
1104 -786 1726 -1529 2608 1188 169 -307
-567 2769 3402 2329 3332 750 -4468 409
-106 -460 215 1605 1893 109 -965 2258
-396 3065 -2915 -2596 2714 2408 -878 -1091
-2117 -717 -805 -3775 3805 794 -3985 2524
1579 301 2609 -660 2890 620 435 1460
-1716 1865 1957 1467 2997 71 -3373 -706
1244 -454 -1389 672 1273 479 -2276 2936
-1498 3569 -2119 -2382 2874 2095 480 296
-1256 -1801 908 -2934 3145 614 -4200 1220
1536 1655 2753 242 2959 908 -203 3056
-1999 626 395 2096 2808 111 -1672 -507
2163 44 -2012 -309 1812 1006 -3270 2465
-2715 3228 -685 -3530 3707 1060 877 2050
-40 -2259 1987 -2041 2552 24 -3180 167
675 2646 1749 1881 2385 564 -1305 3592
-1729 -719 -1128 2016 2108 188 -316 356
2486 1192 -1766 -1828 2432 1665 -3345 1402
-3434 2230 765 -3778 3812 623 619 3398
1168 -1804 2120 -530 2556 -240 -1606 -14
-607 2719 185 2600 2544 377 -2243 3269
-839 -1541 -1899 1023 1791 34 708 1688
1980 2268 -561 -3010 2669 1228 -2630 371
-3467 954 1943 -3235 3051 62 -237 4274
1761 -930 1470 812 2010 414 28 509
-1559 2264 -1149 2627 2727 541 -2619 2331
343 -1646 -1655 -507 2171 659 593 3134
989 2987 996 -3611 3512 842 -1076 -364
-2806 -140 2382 -1860 2567 -789 -1251 3983
1919 145 252 1875 1750 372 1001 1736
-2066 1217 -2028 1800 2264 280 -2150 1071
1326 -1098 -683 -1894 2271 1078 -270 3945
-96 2814 2072 -3123 3236 457 312 111
-1846 -689 1749 -370 2232 -547 -1801 2996
1235 1048 -1151 1947 2249 606 1136 2906
-1931 88 -2039 413 2271 -96 -708 409
1688 -50 645 -2484 2481 485 -1058 3992
-782 2087 2486 -2057 2611 -237 1491 1012
-881 -509 671 639 1463 -59 -1556 1900
311 1466 -1992 1334 2368 983 575 3704
-1138 -1029 -2365 -1095 2653 429 796 420
1564 954 336 -2398 3058 199 -1623 3073
-993 1161 2307 -813 2599 -1130 2053 2063
-152 304 105 842 1187 229 -239 885
-757 1012 -2472 18 2227 383 -330 3728
-134 -1215 -1546 -1756 2363 176 1985 969
652 1606 1497 -1420 2487 212 -1495 1880
-450 276 1716 178 1736 -685 1597 2920
-166 1218 -993 307 1744 723 1000 762
-1266 311 -2583 -1171 2732 -7 -912 3037
802 -836 -330 -1794 2230 -416 2515 1980
-137 1640 1961 -359 2135 -690 -664 957
303 -254 852 575 948 -203 976 3122
-749 2038 -1846 -864 1875 1103 2125 1197
-1269 -948 -1871 -2063 2917 94 -878 1879
1238 -88 777 -1161 2415 -255 2353 2838
-681 1327 1832 502 1958 -1055 465 445
1114 -150 -403 113 980 -11 381 2454
-1534 2467 -2177 -1941 2180 558 2874 2052
-861 -1738 -890 -2322 2378 -653 -453 580
1044 715 1287 -205 1583 -326 1766 3030
-950 323 953 970 1231 -421 1725 539
1826 659 -1275 -877 1400 912 120 1436
-2464 2400 -1735 -2931 3136 313 2881 2946
-131 -1925 54 -1916 2102 -1255 783 -178
518 1181 1247 571 1389 -833 1139 2551
-513 -457 -97 483 489 -99 2246 1135
1884 1538 -1642 -2042 1747 1129 546 106
-2963 1950 -1102 -3163 2890 -561 2385 3007
545 -1648 716 -952 1534 -1009 1666 -304
-292 1328 559 1130 1249 -415 869 1586
101 -1073 -1165 -144 1240 132 2338 1842
1608 2335 -1292 -2921 2480 510 1569 -670
-3192 1334 -264 -2821 2082 -1964 1707 2889
681 -1153 632 -721 340 -854 2118 46
-960 857 -402 701 762 274 1069 529
988 -884 -1408 -741 1606 886 1806 2175
944 3082 -619 -2863 3340 16 2483 -1063
-2986 672 513 -2179 1390 -2029 1008 1996
493 -437 54 112 287 -421 2316 563
-1145 85 -1266 494 933 415 1875 -331
1585 -430 -1225 -1679 1819 721 992 1813
372 3078 112 -3172 2780 -1241 3082 -877
-2523 597 420 -1575 118 -1422 1232 1092
-6 103 -882 657 489 723 1806 835
-926 -605 -1647 -111 1748 376 2559 -574
2041 288 -614 -2588 2729 -101 373 1174
-216 2806 866 -3188 1668 -2482 3490 -475
-2066 713 77 -1111 -856 -908 1356 346
-688 218 -1668 588 783 1220 1257 642
-555 -1106 -1689 -849 2054 371 3329 -567
1896 906 119 -2974 2743 -684 -45 216
-323 2526 1057 -2750 661 -2412 3206 -189
-1787 1358 -716 -570 -693 505 2062 16
-1439 97 -2285 69 2003 795 481 -198
-1 -1389 -1347 -1583 2066 -568 3488 -290
1612 1427 867 -3041 1855 -1927 116 -754
-14 2231 743 -2237 -829 -1409 2638 -353
-1902 2021 -1454 -577 97 1989 2551 17
-1924 -387 -2413 -646 2958 190 101 -959
646 -1191 -548 -2137 2243 -1180 3297 155
1162 1443 1085 -2674 714 -2346 395 -1333
386 2146 104 -1874 -1637 -289 1998 -722
-2318 2657 -2050 -1013 1493 2054 2573 268
-1967 -1006 -2106 -1407 2635 -735 -39 -1791
650 -790 -141 -2057 1267 -1575 2748 210
1088 1300 965 -2337 -272 -1642 782 -1522
913 2440 -439 -1882 -815 1404 1800 -1409
-2838 3070 -3818 -1699 3328 1007 2327 745
-1833 -1311 -3177 -1872 1937 -2303 350 -2307
719 -410 -650 -1779 -22 -1836 2049 110
1043 987 -134 -2024 -1408 -654 790 -1444
1131 3115 -2367 -2387 340 2672 1705 -2030
-3414 3098 -4117 -2521 3934 -345 1640 974
-1599 -1508 -2820 -1915 906 -2708 606 -2715
468 -364 -537 -1416 -569 -1235 1619 -288
1295 576 -620 -1848 -1307 461 577 -1004
1238 3771 -2971 -3041 2410 2276 1868 -2781
-3937 2959 -4212 -3063 2986 -2290 910 1086
-1462 -1355 -2592 -1760 -959 -2177 757 -2720
152 -438 -700 -1064 -833 180 1371 -941
1883 523 -1196 -2246 -47 1886 21 -887
1063 4346 -3331 -3798 4162 712 2247 -2909
-4036 2792 -3992 -3358 1361 -4106 352 797
-1406 -1177 -2434 -1445 -2072 -975 599 -2518
-148 -644 -1061 -827 -672 921 1443 -1144
2209 605 -1636 -2572 1281 2212 -677 -1040
735 4735 -3258 -4330 3967 -1070 2476 -2516
-4018 2589 -3745 -3354 -869 -3828 -202 474
-1428 -769 -2382 -1120 -1671 834 235 -2415
-291 -1048 -1535 -927 514 1303 1607 -1191
2529 967 -1840 -3170 2791 981 -1316 -1327
429 4977 -3181 -4723 2370 -3459 2537 -2371
-3833 2687 -3770 -3064 -3204 -2022 -332 219
-2087 -449 -3071 -858 -582 2615 -423 -2425
-94 -1346 -1852 -1284 1758 1339 1627 -913
2924 1339 -1942 -3728 3524 -474 -1661 -1875
264 5016 -2899 -4847 307 -4769 2430 -1933
-3795 2952 -3952 -3052 -3708 449 -407 7
-2471 -386 -3471 -857 1098 2338 -852 -2475
103 -1587 -2113 -1563 2146 221 1487 -714
2836 1787 -1560 -4069 2639 -1922 -1881 -2324
191 5109 -2900 -2785 -2369 -3730 1981 -1714
-3698 3335 -4299 -446 -2149 3281 -562 322
-2933 -358 -3970 999 3086 1381 -1180 -2844
255 -1568 -1974 -683 2348 -1163 1246 -150
2734 2065 -1246 -3047 1056 -3431 -1866 -2465
266 5048 -2970 -2698 -4241 -1250 1769 -1636
-3872 3756 -4753 -301 163 4377 -761 451
-3316 -502 -4381 904 3913 -430 -1442 -3204
585 -1455 -1820 -977 1467 -1956 867 143
2465 2209 -1014 -2993 -767 -3465 -1701 -2412
532 5252 -3307 -2569 -3821 1865 1504 -1714
-4143 4111 -5308 -264 3183 3390 -983 843
-3239 -855 -4373 518 2804 -2540 -1244 -3299
557 -1327 -1639 -1041 -231 -2244 443 349
2420 2263 -831 -3061 -2569 -2011 -1873 -2192
639 5508 -3701 -2505 -1582 4492 1589 -1598
-4491 4472 -5790 -271 5427 895 -1246 1421
-3403 -825 -4421 493 962 -3969 -1127 -3288
542 -1176 -1427 -1049 -1296 -1888 159 450
2515 2187 -1080 -2865 -3381 136 -2072 -2045
594 5791 -3929 -2596 1414 4790 1628 -1542
-4926 4687 -6147 -658 5392 -2161 -2054 1438
-3290 -716 -4377 491 -1840 -3483 -1030 -3187
343 -1021 -1316 -836 -1750 -465 -153 292
2538 2050 -1250 -2717 -2019 2248 -2129 -1736
711 6080 -4250 -2775 4356 2880 1685 -1359
-5092 4658 -6265 -881 2739 -5226 -2466 1576
-3399 -582 -4303 626 -3566 -1609 -987 -2702
301 -1014 -1315 -756 -1651 951 -287 388
2829 2057 -1568 -2770 74 3549 -2562 -1683
621 6584 -4389 -3103 5999 95 1973 -895
-5226 4738 -6263 -1024 -897 -5929 -2732 1556
-3360 -484 -4259 690 -3608 635 -1060 -2747
116 -1021 -1448 -379 -477 1637 -181 506
3036 2182 -3129 -2970 2189 2860 -2578 -1754
451 7035 -7043 -3519 4992 -3587 2099 -558
-5105 4722 -6795 -1076 -4465 -3986 -2881 1439
-3515 -129 -3513 1088 -1984 3246 -1193 -2510
-135 -1157 -1556 -194 1156 1545 -7 765
3160 2451 -3797 -3231 3852 1042 -2667 -1642
266 7192 -7194 -3745 1667 -6130 2147 -62
-5059 4651 -6772 -1000 -5880 -630 -2741 1488
-3693 78 -3471 1334 434 3926 -1295 -2258
-117 -1173 -1654 -150 2017 725 49 1136
3370 2727 -4117 -3655 4335 -1212 -2704 -2189
-2 7274 -7164 -4078 -2090 -5910 2057 505
-4955 4886 -6749 -807 -4733 3169 -2825 1797
-4084 386 -3482 1797 3180 2558 -1358 -2390
70 -1339 -1984 -277 2168 -696 -88 1597
3454 3065 -4212 -4005 2722 -3647 -2487 -2266
-152 7320 -7020 -4212 -5348 -3286 1853 768
-4871 5068 -6790 -575 -1504 5723 -2753 1733
-4224 292 -3824 1719 4469 241 -1209 -2296
140 -1366 -1947 -432 1634 -1860 -97 1822
3263 3371 -3938 -4260 236 -4528 -1993 -2129
-126 7226 -6933 -4162 -6156 394 1673 809
-4874 5528 -7079 -291 2628 5664 -2603 2047
-4275 254 -3949 1815 3613 -2672 -924 -2331
415 -1295 -2011 -708 452 -2181 -443 2042
2965 3600 -3535 -4346 -2103 -3669 -1546 -2103
-8 7254 -6866 -3865 -4183 4048 1711 1066
-4966 5896 -7368 -106 5944 2754 -2888 2277
-4587 389 -4183 1886 1401 -4940 -695 -2534
367 -977 -1723 -803 -856 -2013 -723 2214
2713 3598 -3314 -4241 -3925 -1608 -1266 -1687
282 7231 -6984 -3715 -375 5961 1805 992
-5084 6028 -7624 -139 6468 -1393 -3069 2281
-4520 104 -4245 1526 -1297 -4593 -187 -2241
548 -640 -1365 -385 -1358 -1151 -835 2027
2581 3444 -3084 -2120 -3773 814 -1171 -1429
409 7401 -7222 632 3578 5065 2096 1052
-5406 6266 -8108 4556 4391 -5551 -3278 2412
-4354 201 -4071 4089 -3657 -2601 138 -1912
274 -276 -826 13 -1275 114 -806 1645
2559 3373 -2893 -1934 -1991 2892 -1113 -1053
470 7795 -7622 726 6332 1881 2343 1342
-5612 6196 -8229 4433 362 -7453 -3664 2143
-4127 309 -3730 3898 -4222 43 522 -1546
-190 -46 -457 159 -652 625 -672 1522
2541 3155 -3022 -1786 373 3476 -1168 -1099
352 8229 -8079 625 6379 -2266 2751 1760
-5657 5943 -8221 4028 -3732 -6224 -3686 1686
-3995 687 -3348 3881 -2626 2756 419 -1141
-395 77 -198 431 374 578 -138 1415
2702 3115 -3256 -1551 2771 2299 -1318 -1109
283 8423 -8290 395 3805 -6085 2934 2403
-5596 5690 -7888 3591 -6185 -2751 -3547 1128
-3935 1126 -2939 4062 171 3790 80 -1078
-588 107 -94 727 878 141 138 1353
3049 3390 -3761 -1672 4253 275 -1201 -1698
-186 8586 -8274 -84 -275 -7648 2799 2801
-5276 5575 -7461 3698 -6056 1758 -3091 965
-4015 1644 -2575 4599 2969 2554 -61 -1132
-625 -163 -449 937 1073 -598 318 1772
2946 3740 -3770 -2108 3529 -2198 -884 -1996
-536 8326 -7878 -554 -4182 -5895 2244 3066
-4995 5686 -7195 3790 -3212 5138 -2661 946
-4282 2050 -2611 5022 4454 -93 -203 -1367
-644 -545 -812 1189 865 -1453 280 2224
2882 4303 -3767 -2740 1987 -4399 -124 -2200
-866 7919 -7234 -983 -6274 -2385 1780 3199
-4450 5947 -6791 4293 1134 5730 -2218 1210
-4665 2178 -1319 5441 3769 -2828 46 -1905
-301 -485 -566 803 194 -1502 -54 2295
2471 4748 -5503 -3391 -412 -5032 700 -2273
-897 7550 -7385 -1004 -5966 1751 1409 2905
-4245 6363 -3787 4898 5206 3436 -2215 1572
-4985 1968 18 5678 1568 -4948 717 -2334
23 -140 -822 340 -387 -1394 -564 2185
1969 4878 -4985 -3774 -2676 -3900 1092 -1685
-474 6983 -6529 -520 -2744 4727 1192 2317
-4215 6864 -3797 5384 6761 -634 -2419 1856
-5000 1670 -361 5481 -1402 -5127 1210 -2295
349 453 -787 -487 -349 -1317 -966 1705
1328 4748 -4341 -3823 -3856 -1907 1351 -1157
-145 6937 -6338 33 1190 5079 1551 1963
-4507 7079 -4214 5567 5249 -4618 -2942 1603
-4619 1314 -734 4931 -3706 -3336 1785 -1806
292 1182 -238 -981 -206 -1060 -1016 917
1011 4427 -3608 -3667 -3492 363 1302 -593
146 7068 -6305 513 4764 2836 2037 1813
-4790 7123 -4842 5399 1677 -7274 -3336 945
-4096 1227 -673 4215 -4101 -655 1936 -1083
16 1853 528 -1138 -17 -1111 -578 187
801 3816 -2954 -3039 -1949 1876 761 -182
282 7615 -6877 711 6408 -651 2435 2202
-5143 6785 -5265 4906 -2791 -7156 -3447 406
-3468 1409 -179 3564 -2610 1605 1680 -472
-733 2119 1450 -723 66 -1519 66 -84
1033 3374 -2844 -2391 198 2143 88 -525
269 8056 -7408 702 4873 -4569 2625 2702
-5245 5959 -5509 3911 -5557 -4505 -3142 -733
-2932 1896 541 3306 -234 2529 1091 -106
-1255 2246 2122 -239 -190 -1806 699 -110
1526 3203 -3204 -1982 2290 1218 67 -1022
-308 8368 -8023 13 1580 -7087 2179 3309
-4839 5325 -5080 4169 -6217 -476 -2408 -957
-2631 2787 1644 2650 2093 1485 295 -262
-1856 2048 2490 -1030 -654 -1994 1300 387
2124 3505 -4052 334 3439 -774 258 -1811
-980 8515 -8426 4323 -2302 -7068 1535 3647
-4254 4732 -4292 5685 -4162 2715 -1540 -1081
-2911 3607 2459 2920 3328 -1049 -237 -962
-1904 1277 2163 -148 -1007 -1825 1129 1138
2215 4055 -4631 162 2766 -2907 866 -2229
-1644 7987 -8158 3326 -5328 -4796 468 3594
-3216 4577 -3032 5047 -671 4136 -963 -697
-3406 4328 3034 3514 2730 -3787 -316 -1794
-1541 639 1352 471 -1070 -1354 728 1671
1991 4945 -5129 -676 1333 -4557 1971 -2070
-2102 7089 -7378 2189 -6184 -1574 -324 2884
-2609 5031 -2305 5254 2695 3033 -799 63
-4071 4109 2542 4470 709 -5231 490 -2430
-807 693 530 192 -598 -712 -295 1460
1358 5722 -5048 -1810 -821 -5137 2622 -1364
-1918 5862 -5965 1306 -4559 1543 -785 1667
-2199 5791 -1636 5970 4596 -299 -1193 796
-4407 3523 1701 5083 -1890 -5177 1342 -2593
-94 960 -98 -401 -118 -854 -1009 930
372 5906 -4121 -3033 -2864 -4422 2890 -345
-1213 5094 -4835 1574 -1563 3395 -237 945
-2215 6537 -1788 6822 4013 -3982 -2144 907
-4490 2790 770 5344 -3719 -3639 2306 -2087
408 1859 -86 -1585 617 -1327 -1299 -231
-510 5567 -2860 -3781 -3956 -2768 2427 709
-475 4751 -4258 2090 1316 2889 408 459
-2961 7048 -2581 7707 1464 -6564 -2899 446
-3886 1925 29 4620 -4159 -1237 2580 -1174
437 2985 725 -2835 728 -2209 -876 -1281
-1220 4641 -1527 -3886 -3882 -925 1277 1343
318 5055 -3009 3183 3262 265 1473 514
-3711 6960 1209 7957 -1836 -6915 -3477 -664
-2926 1371 1722 3388 -2944 368 2268 -16
-166 4060 -425 -3858 77 -3272 37 -1871
-1428 3547 -2524 -3311 -2802 484 193 1121
693 5853 -2199 4174 3495 -2770 1834 1660
-4411 6291 -48 7529 -4700 -5196 -3012 -1956
-1898 1664 1646 2015 -774 1246 1148 534
-1074 4737 924 -4204 -1039 -3945 1392 -1704
-813 2666 -1797 -2058 -1090 1114 -553 262
512 6704 -3016 4629 1656 -5402 1628 2494
-4561 5130 -1091 6352 -5831 -2434 -2035 -2727
-1041 2542 2178 817 1071 226 -80 595
-2173 4422 2242 -3531 -2339 -3587 2196 -672
94 2199 -1659 -836 445 311 -715 -1070
-320 7442 -4480 4440 -1067 -6609 675 3408
-4180 3820 -1715 4750 -4967 333 -708 -2838
-545 3813 3484 183 1902 -1967 -1088 -417
-2856 3506 3234 -2230 -3181 -2661 2160 451
1003 2669 -2625 -61 1498 -1232 319 -1910
-1371 7421 -5653 3301 -3786 -5797 -881 3306
-2942 2855 -1025 3188 -2310 1901 412 -1931
-1037 4889 4860 751 1107 -3903 -1294 -1583
-2971 2281 3434 -782 -3218 -1436 1476 1451
1523 3537 -3825 -81 1149 -3170 1459 -1916
-2496 6399 -6273 1425 -5338 -3748 -2193 2321
-1671 2646 64 2457 102 1463 822 -575
-1899 5483 5957 1946 -742 -5046 -600 -2914
-2267 1419 2568 65 -2535 -280 146 1773
1346 4721 -5134 -1116 -76 -4587 2642 -1284
-3054 5171 -5909 -88 -5382 -1149 -2792 738
-496 3384 1738 2803 1868 -555 207 558
-2970 5463 6270 3387 -2968 -5007 773 -3214
-1175 882 1063 253 -1335 -63 -1247 1174
410 5827 -5971 -2292 -1889 -5080 3174 247
-2750 3642 -4605 2138 -3967 855 -2250 -620
-71 4475 3066 2055 1870 -2906 -1110 1146
-3700 4542 5672 885 -4656 -3493 1959 -2839
4 1290 -496 -477 -340 -767 -1834 -205
-754 6088 -5846 -631 -3656 -4362 2532 1705
-1722 2538 -2774 1235 -1668 1340 -857 -1523
-355 5850 3674 3366 297 -5014 -2667 726
-3851 3143 4081 2182 -4837 -1585 2969 -1361
872 2228 -1616 -1189 70 -2029 -1480 -1666
-2181 5399 -4555 -2501 -4551 -2928 1047 2566
-477 2169 -1210 1364 368 364 545 -1069
-1357 6368 3100 4774 -2242 -5659 -3519 -621
-3019 1576 2028 2519 -3825 -73 2633 215
921 3876 -1801 -2990 -407 -3569 -214 -2697
-2737 4103 -2815 -3348 -4625 -1053 -549 2329
733 2687 -253 2428 1157 -1484 1400 -82
-2608 6285 1713 6009 -4308 -4795 -3283 -2159
-1840 813 773 1841 -2182 492 1197 1245
168 5001 -862 -4673 -1721 -4255 1394 -2556
-2585 2526 -983 -3262 -3606 -104 -1913 1125
1303 3936 -554 4042 496 -3381 1382 1473
-3655 5172 -253 6540 -5514 -3020 -2242 -3394
-441 886 282 201 -734 -51 -388 1467
-1161 5511 905 -5807 -3263 -4040 2521 -1356
-1776 1191 77 -2246 -2144 363 -2139 -420
1085 5260 -1827 5501 -1130 -4801 178 2682
-3994 3609 -1704 5868 -5229 -982 -475 -3644
816 1875 973 -1771 -154 -1614 -1933 403
-2439 5140 2633 -5885 -4360 -2944 2642 221
-444 836 -17 -365 -794 -221 -1305 -1759
81 6172 -3499 6185 -3238 -4828 -1314 2893
-3591 1974 -2370 4325 -3952 534 1136 -2637
1051 3399 2543 -3076 -460 -3026 -2372 -1181
-3282 3573 3709 -4592 -4568 -1697 1762 1928
1028 1294 -189 1429 -389 -1747 166 -2195
-1261 6261 -1530 5826 -4958 -3854 -3026 2165
-2321 984 -477 2322 -2256 1054 1467 -1042
577 4654 2252 -3512 -1761 -3938 -1625 -2654
-3360 2026 2235 -2870 -4045 -465 148 2556
1947 2394 -1295 2557 -942 -3108 1614 -1529
-2598 5350 -3319 4295 -5590 -2280 -3911 554
-709 916 189 544 -841 7 939 839
-826 5318 4080 -2578 -3355 -4080 -230 -3293
-2631 374 2583 -734 -3125 -53 -1734 2129
1851 3950 -3009 2458 -2284 -3769 2395 -56
-3149 3865 -4034 2379 -4939 -120 -3374 -1156
403 1548 1479 -273 -364 -1445 -488 1721
-2314 5035 5549 -835 -4654 -3269 1518 -2906
-966 -345 1394 670 -2093 -482 -2825 697
756 5066 -4734 1195 -3753 -3771 2145 1879
-2629 2151 -3554 600 -3693 1086 -2138 -2122
829 3167 3436 434 -760 -3032 -2287 1494
-3310 3688 5744 1249 -5027 -1733 2724 -1134
439 -12 -494 917 -1517 -1310 -2686 -1082
-454 5420 -5712 -507 -4819 -2754 809 3098
-1634 777 -2061 -474 -2150 809 -361 -1942
329 4600 4892 1977 -2305 -4031 -3586 234
-3593 1829 4778 2940 -5053 -623 2770 992
1361 1222 -2264 -98 -1818 -2024 -1419 -2256
-1911 4629 -5419 -2426 -5001 -1188 -1217 3280
64 602 28 -54 -912 -226 1011 -662
-1024 5543 5430 3965 -3923 -3900 -3695 -1462
-2918 211 2926 3401 -4110 87 1503 2490
1540 2619 -3461 -1681 -2616 -2518 227 -2306
-2479 3014 -3939 -3228 -4410 94 -2599 2031
1533 1327 1813 1432 -836 -1789 1273 1202
-2598 5419 4745 5649 -5470 -2685 -2651 -3022
-1524 -779 775 2567 -2936 398 -422 2959
849 3952 -3605 -1364 -3424 -2477 1776 -1325
-2154 1238 -1759 -1718 -3062 397 -2968 423
2076 2970 2670 1692 -1925 -3144 408 2770
-3776 4320 2896 4185 -5914 -1307 -679 -3369
44 -717 -795 1358 -2201 50 -1940 2382
-631 4215 -2312 -2874 -3892 -1829 2216 677
-1109 -217 253 -1648 -2128 74 -2236 -1200
1798 4597 2311 3706 -3403 -3586 -1248 3629
-4197 2520 732 4837 -5293 203 1112 -2510
1098 424 -1145 -452 -1703 -909 -2734 726
-2129 3478 -233 -3922 -4095 -1402 1513 2510
719 -773 1534 -183 -1991 -944 -387 -1803
746 5749 914 5470 -5063 -2843 -3134 3077
-3774 923 -838 4223 -4019 1434 1999 -860
1393 1821 -240 -2171 -1830 -1618 -2092 -764
-3003 1936 1782 -3908 -3783 -876 -82 3465
2372 -240 1507 2023 -2508 -2115 1415 -1263
-564 6004 -911 6351 -6130 -1279 -3998 1791
-2583 -120 -1519 2645 -2552 1549 1852 1030
623 3087 1386 -3373 -2586 -2035 -648 -1567
-3033 30 3146 -2497 -3532 -492 -1947 3154
3277 1123 242 3827 -3428 -2148 2600 234
-1984 5173 -2766 5989 -5690 417 -3807 -16
-953 -153 -810 520 -1233 363 554 2366
-833 3779 3484 -3549 -3356 -2537 1399 -1235
-2062 -1623 3202 -416 -3708 -566 -3172 1743
3320 2681 -1530 5153 -4739 -1799 2854 2363
-2331 3650 -3366 4388 -4157 1954 -2557 -1199
50 1071 899 -948 -825 -843 -978 2331
-2325 3259 4736 -2453 -4066 -2088 2789 178
-636 -2508 2219 1813 -3755 -515 -3273 34
2455 3688 -3105 4997 -5192 -570 1859 3765
-1974 1950 -2900 2311 -2503 1863 -503 -1309
404 2438 2665 -1414 -1588 -2185 -2108 1308
-3526 1810 5300 -378 -4959 -1286 3110 2282
1051 -2325 2275 3381 -3800 -153 -2030 -1612
1159 3872 -1918 3611 -4446 889 393 4094
-725 814 -916 545 -1016 739 971 -204
-189 4090 4201 -723 -2864 -3234 -2220 -468
-3753 20 5374 1724 -5343 -260 2372 3846
1913 -1212 542 3536 -3898 246 -343 -1979
113 3174 -2650 1881 -3310 1579 -949 3122
994 864 732 -68 -572 -732 1428 1567
-1584 4924 5793 1100 -4667 -2928 -1354 -2124
-3288 -1699 4659 3555 -4961 977 764 4805
1934 12 -979 2675 -3471 700 1672 -1369
-514 1634 -2325 146 -2030 1077 -1467 1616
2244 1734 2690 387 -1653 -2267 1032 3087
-3255 4793 6333 3211 -6028 -1485 624 -2756
-2002 -2449 3012 3842 -3963 2141 -725 4080
1325 1234 -2105 1098 -2612 1081 2445 32
-186 -18 -799 -663 -1193 30 -671 9
2831 3281 4646 1911 -3344 -3201 -507 3914
-4478 3923 5702 4850 -6343 454 2573 -2458
-649 -2378 1233 3257 -3052 2316 -1681 3059
-31 1423 -1795 -534 -2042 583 2155 1529
980 -1186 1255 -243 -1547 -984 1055 -812
2742 4858 5516 3871 -5329 -2362 -2060 3499
-4901 2428 4099 5377 -5122 2490 3955 -966
247 -1648 -26 1886 -1516 1822 -1379 1213
-1389 709 -448 -1384 -1581 -538 1086 2419
2640 -1766 3261 1037 -2946 -2099 2949 -629
1720 5911 5009 5484 -6462 -487 -3034 1988
-4615 966 2293 4823 -3494 3686 3991 544
453 -161 -135 138 -581 829 22 0
-2125 -797 1577 -1174 -1955 -1274 -571 2146
4054 -1295 4370 3029 -4290 -2004 4424 564
389 6042 3678 6137 -5856 1561 -3010 266
-3636 339 1092 3118 -1300 3149 3139 1528
-429 1021 952 -1104 -782 -886 1576 -80
-2112 -2567 3515 -1950 -3473 -1580 -1587 834
4892 -99 4310 1776 -5636 -467 4753 2153
-592 5484 2084 4305 -4155 3728 -1823 -1218
-2296 224 553 1623 291 1831 2054 1659
-1653 1494 2596 -2231 -1729 -2223 3012 690
-1347 -3911 4742 -866 -4784 -1394 -1757 -1092
4945 1208 3258 3262 -5607 1393 4079 3302
-1359 4357 553 4203 -2254 4078 -371 -1826
-1338 1023 1215 -122 399 -199 805 836
-3091 1020 4487 -2297 -3489 -2125 3502 2217
-26 -4613 4948 826 -5387 82 -932 -2728
4250 2239 1737 4217 -4059 2921 2718 3614
-712 2979 194 2651 -3 2685 1043 -1422
-1202 2498 2818 -1372 -809 -2410 577 -879
-3985 -132 5739 -1372 -5378 -1307 2873 3600
1204 -4373 4039 2533 -5344 2122 619 -3873
3282 2580 492 4026 -2004 4019 1605 2995
124 2212 605 1006 1114 781 1773 -556
-1602 3849 4583 -1819 -2821 -2987 1226 -2342
-4218 -1489 5961 349 -5813 145 1507 3922
1849 -3652 2843 3522 -3868 3537 2082 -3828
2356 1813 -46 2898 -243 2975 970 1706
1435 2223 2053 -361 193 -1560 1419 726
-2957 4470 5775 -972 -4967 -1952 2507 -3307
-3808 -2626 5346 1903 -5357 2655 99 3506
1950 -2435 1388 3575 -1381 3730 3138 -2651
1931 665 357 1356 969 847 1122 49
2712 2963 3824 -993 -2096 -3141 304 1357
-4161 4634 6406 340 -6587 -52 4009 -3391
-2842 -3314 4083 3089 -3843 4349 -1042 2071
1330 -1481 621 2727 208 2944 3034 -1680
2296 -651 1559 4 689 -1019 2050 -937
3081 4240 5401 -571 -4244 -2590 -1308 868
-5027 3877 7102 1921 -5828 2392 5047 -2548
-1763 -3095 4244 3254 -1024 4280 -1150 627
332 -1273 1264 1424 867 757 2264 -958
3109 -1503 2835 -611 -1418 -2536 3204 -973
2891 5445 6568 593 -6185 -468 -2378 -471
-5324 2776 6631 3125 -4019 4936 5329 -1545
-1093 -2400 3037 2564 1185 3043 -577 -616
-630 -1636 1336 155 790 -1094 917 -1295
4263 -1772 4297 -518 -3861 -2555 4136 -473
2147 6251 7158 2062 -6319 1862 -2740 -2017
-5151 1640 5470 3419 -1305 5272 4568 -583
-1131 -1388 2289 1426 1704 920 195 -1127
-1440 -2769 2325 -781 -1341 -2289 -384 -2168
5301 -1159 5655 725 -5360 -722 4350 679
1135 6594 6993 3236 -4303 4411 -2176 -3395
-4532 1182 4406 3054 1525 3875 3334 -333
-1644 -534 2355 219 966 -1756 959 -862
-1312 -3918 3804 -584 -3737 -2306 -680 -3546
5951 -242 6412 1929 -6134 1706 3582 1610
324 6013 5976 3746 -1659 5814 -1576 -4131
-3511 1206 3492 1837 2740 1378 2310 -952
-2415 -167 2888 -586 -813 -2743 1326 -96
-740 -4774 4894 175 -5130 -539 -350 -4732
5762 589 6166 2902 -4343 3813 2276 2030
88 5199 4880 3311 1230 4559 -661 -4138
-2867 1849 3283 732 1733 -1381 1421 -1880
-3358 -284 4028 -785 -3661 -2315 610 726
155 -5162 5683 1403 -5302 2113 403 -5524
5241 1376 5340 3591 -1585 5165 863 1629
259 4312 3956 2500 3061 1943 -127 -3503
-2610 2875 3834 -217 -346 -3566 1430 -2891
-4013 -916 5269 -209 -5523 -671 -486 1223
860 -4936 5702 2424 -4252 4078 1391 -5547
4529 1681 4296 2414 695 4679 -334 890
883 3880 3679 -366 2691 -729 -654 -2738
-2954 3957 4833 -3245 -2997 -3104 1795 -3493
-4291 -1795 6015 -3284 -5255 2353 -1834 1109
1341 -4179 4989 -499 -1456 4746 1742 -4871
3780 1011 3386 560 2643 2286 -693 -97
1654 3904 4063 -1437 370 -3097 -1436 -2320
-3816 4388 6069 -3432 -5510 -1282 2573 -3270
-3936 -2525 6050 -2252 -3745 4676 -2682 308
1254 -3340 3927 -34 1216 4254 1755 -3951
3362 458 2970 -44 2920 -226 -452 -796
2448 4229 4772 -2369 -2135 -3711 -2448 -2182
-4519 4325 6704 -3032 -6021 1671 3002 -2842
-3325 -2770 5637 -1464 -1221 5164 -3421 -585
777 -2677 2943 -101 2329 2143 922 -3051
3501 -364 3097 -1112 711 -2137 95 -814
2561 5100 5844 -2548 -4620 -1920 -3618 -2818
-5085 3804 7006 -2240 -3988 4800 2916 -1888
-2369 -2417 4601 -797 1766 4113 -3388 -1270
92 -2385 2393 -619 2473 -722 -196 -2711
3993 -663 3751 -1645 -1487 -3268 243 -212
2352 5863 6575 -2271 -6007 771 -3915 -3538
-5109 3102 6527 -1384 -1365 5928 2225 -904
-1994 -1870 3771 -756 3138 1985 -2990 -1557
-573 -2417 2292 -1381 937 -1988 -888 -2725
4575 -854 4539 -2021 -3576 -2346 101 498
1943 6195 6810 -1569 -4634 3659 -3854 -4148
-4934 2582 5838 -831 1597 4714 1252 -291
-2050 -1051 3232 -1332 2600 -1073 -2744 -1252
-1000 -2916 2868 -2119 -1823 -2335 -1426 -3327
4982 -357 5097 -1656 -4862 239 -598 1372
1124 6354 6628 -671 -1857 5796 -3563 -4406
-4394 2383 5130 -751 3968 2531 388 -89
-2338 -439 3114 -2158 940 -3132 -2516 -452
-934 -3277 2960 -2337 -3141 -1564 -1500 -3454
5168 304 5029 -1094 -4557 2505 -1331 1739
787 6088 5583 -47 778 5382 -2742 -4075
-3753 2450 3327 -1118 3737 -519 -364 -225
-2651 -13 1653 -2806 -1936 -2597 -2818 88
-788 -3601 2801 -2409 -3756 653 -1185 -3546
4929 783 5141 -304 -2120 4260 -2337 1928
591 5613 5095 139 3437 3184 -2638 -3469
-3370 2873 2863 -1779 1604 -3502 -346 -455
-3068 47 1912 -3232 -4106 -1207 -3380 749
-396 -3603 3451 -1914 -3391 2805 -696 -3141
4584 1139 4993 200 341 4727 -2918 1822
555 5108 4498 187 4366 766 -2357 -2695
-3199 3346 2677 -2421 -1116 -3809 -149 -567
-3310 -45 2201 -3328 -4055 922 -4219 1052
-20 -3240 3434 -1290 -1448 3469 -343 -2382
3978 1569 4506 795 1843 3106 -3283 1434
982 4812 4008 -423 2821 -2286 -2812 -1940
-3160 3765 2928 -2826 -4073 -2174 283 -50
-3322 -359 2612 -3111 -2765 3470 -4459 904
150 -2754 3190 -777 957 3410 -424 -1438
3575 1411 3934 738 3237 1013 -3126 1483
1171 4844 3918 -784 181 -4038 -3147 -1619
-3443 4042 3276 -3009 -5124 329 494 401
-2921 -509 2681 -2639 -895 4442 -4603 781
38 -1981 2623 -460 1724 1945 -585 -658
3295 1172 3419 569 2889 -613 -2907 1425
1386 5132 4087 -1088 -2351 -3208 -3300 -1397
-3828 4008 3729 -2789 -3875 3080 609 1317
-2698 -494 2520 -2330 1822 3292 -4402 603
-145 -1399 1963 -295 1724 47 -859 96
3204 837 3172 194 860 -2327 -2442 1717
1480 5403 4411 -1159 -4776 -1006 -3413 -1382
-4070 3826 4064 -2360 -1587 5355 407 2202
-2272 -277 2078 -2253 3249 1594 -3850 673
-449 -1194 1548 -942 1528 -794 -1210 496
3234 851 3080 -1309 -847 -2646 -2373 2316
1317 5730 4883 -3959 -4605 1279 -2979 -1529
-4047 3413 3929 -5106 1261 4902 115 2700
-1977 210 1484 -3299 2361 -997 -3443 1102
-994 -1012 950 -1023 -52 -980 -1375 378
3304 947 3353 -1451 -2432 -1326 -2380 2745
972 5878 5140 -3682 -2716 3773 -2418 -1368
-3834 3348 3696 -4790 3854 2641 -132 3002
-1700 656 853 -3089 810 -2699 -2932 1455
-1093 -981 698 -1127 -1300 -907 -1170 547
3443 1191 3601 -1380 -3392 130 -2359 3219
635 5706 5170 -3282 -411 5116 -1677 -1121
-3509 3138 3301 -4491 4184 -46 -192 2893
-1847 1029 537 -3199 -687 -2117 -2534 1861
-1180 -987 779 -1264 -1356 44 -748 620
3425 1557 3778 -1061 -2497 1279 -2587 3158
277 5714 5112 -2928 2126 4108 -1118 -539
-3079 3127 2783 -4364 2200 -2836 53 2932
-2039 1408 256 -3462 -2721 -748 -2473 2406
-1030 -815 862 -1038 -1098 1129 -249 1000
3085 1787 3702 -503 -1234 2714 -2450 2898
196 5450 4889 -2602 4119 1830 -667 -40
-2913 3315 2577 -4506 21 -4067 338 2889
-2066 1657 -72 -3557 -2914 927 -2191 2578
-959 -533 762 -797 -614 1024 45 1374
2808 2216 3634 -39 -91 3223 -2291 2809
62 5191 4504 -2327 3717 -489 -462 427
-2869 3697 2493 -4896 -2479 -2810 879 2952
-2093 1641 173 -3718 -1476 2757 -2260 2657
-777 -353 685 -561 393 770 439 1626
2382 2428 3344 544 1488 2268 -1938 2537
112 4922 4164 -2335 1861 -3149 -191 558
-2717 3737 2411 -4924 -4271 -647 1253 3220
-2094 1749 -1171 -3638 311 3273 -1860 2445
-754 238 512 42 275 836 693 2202
1940 2414 2745 845 2426 1254 -1346 2125
180 5019 2518 -2292 76 -3694 237 792
-2861 3918 -260 -5137 -3818 1897 1618 3345
-1789 1904 -1538 -3327 1892 1816 -1486 2273
-897 711 294 572 -279 283 571 2262
1681 2354 2581 978 1939 169 -850 2162
230 5043 2311 -2474 -2286 -2492 318 678
-2941 3885 -199 -5146 -1443 4193 1935 3614
-1687 2049 -1652 -3101 2885 39 -1019 2190
-1049 1179 101 851 -114 151 719 2138
1482 2399 2573 1209 1419 -1484 -292 2092
338 5204 2461 -2567 -4031 -793 843 453
-2869 3798 -51 -5015 952 4262 1924 3596
-1286 2287 -1783 -2766 1543 -1175 -441 2009
-1322 1477 -275 1177 -146 1075 614 2169
1564 2561 2480 1145 604 -1914 33 1992
233 5356 2673 -2608 -3495 1657 1202 258
-2732 3658 39 -4801 3184 2443 1935 3594
-988 2658 -1957 -2299 -144 -1978 96 1860
-1313 1749 -476 1281 -160 1405 778 1673
1331 2438 2446 1225 -970 -1773 325 1929
-143 5472 2962 -2404 -1639 3784 1778 150
-2499 3516 -109 -4585 3999 311 1976 3293
-997 2961 -2379 -2361 -1436 -1700 507 2094
-1484 1848 -701 1260 647 911 1122 1355
1199 2696 2758 1368 -2179 -1310 346 1691
-362 5569 3240 -2148 312 4045 2309 94
-2370 3380 -116 -4321 2595 -1756 1930 2838
-910 3360 -2839 -2297 -2549 486 865 2131
-1738 1910 -998 1221 1387 721 1342 987
1350 2807 2814 1412 -2072 382 529 1395
-547 5398 3394 -1814 2594 2915 2743 303
-2085 3481 -416 -4499 574 -3553 2209 2462
-1015 3718 -3172 77 -2304 2156 819 2035
-1582 1999 -848 2141 1034 -223 1775 660
1272 3336 3261 -440 -1954 1940 654 757
-749 5192 3455 -4179 3904 1426 2954 211
-1676 3503 -828 -3771 -1602 -2684 2438 1828
-998 3755 -3267 98 -196 2834 750 1710
-1463 2118 -687 2178 431 -1392 1865 722
1039 3794 3625 -143 -1067 2747 624 59
-749 5085 3297 -3977 3214 -1073 3070 275
-1599 3795 -1010 -3872 -3381 -580 2686 1509
-1259 3880 -3425 -89 1510 3198 604 1338
-1251 2448 -458 2443 -409 -1155 1872 681
715 3871 3553 281 791 2963 1145 -424
-717 4809 3097 -3718 1823 -3021 2838 204
-1542 4050 -1255 -4036 -3369 1615 2970 1475
-1199 3826 -3294 -167 2383 1492 653 780
-1146 2754 -373 2846 -1705 -519 1723 413
190 3916 3414 813 2228 2559 1474 -850
-540 4767 2775 -3661 -490 -2861 2516 -297
-1652 4314 -1269 -4285 -1344 3463 3027 1289
-1090 3661 -2996 -138 2729 -552 755 160
-1100 3072 -385 3225 -2203 500 1350 176
-28 3916 3217 1147 2839 831 1848 -1018
-325 4841 2703 -3906 -2744 -1636 2527 -627
-1904 4339 -1049 -4624 739 4519 2941 1340
-886 3690 -2929 47 1691 -1782 1016 -220
-1209 3612 -578 3801 -1349 2370 886 -99
-207 3718 2769 1248 3024 -930 2075 -1146
-172 4982 2642 -4173 -3190 219 2493 -1078
-2018 4297 -711 -4809 2590 3269 2422 1479
-610 3675 -2897 429 -542 -2318 1215 -413
-1464 3867 -951 4192 79 3375 543 -744
-155 3518 2618 1183 1501 -1714 1908 -1002
-293 5445 691 -4628 -2274 2717 2773 -1729
-2261 4156 -3027 -4712 3945 1118 1886 1064
-400 3927 -2931 821 -2225 -1477 1305 -373
-1804 4045 855 4480 1604 2766 432 -1536
101 3406 3156 802 -554 -2128 1590 -1148
-461 5702 961 -4837 -873 4573 3105 -1707
-2248 3701 -2646 -4375 3336 -1043 1535 438
-194 4424 -3085 1262 -2589 876 1280 -151
-2178 3943 407 4434 3189 1682 513 -2037
372 3578 3282 381 -1871 -1376 957 -1332
-928 5814 1562 -4833 1515 4322 3214 -1600
-1928 3636 -2534 -4096 1316 -2988 1209 -75
-185 4860 -3457 1674 -2106 2902 679 67
-2178 3641 40 3980 3102 263 865 -2349
625 3979 3566 119 -2551 811 442 -1808
-1254 5716 2049 -4449 3688 3034 3121 -1159
-1525 3551 -2636 -3543 -839 -2825 1191 -701
-522 5272 -4103 1519 -296 3721 20 19
-2105 3167 -92 3361 1923 -1324 1140 -2106
674 4483 4161 33 -2116 2977 265 -2524
-1469 5329 2346 -3833 4035 713 2634 -731
-1187 3757 -3136 -3321 -2523 -945 1435 -946
-1058 5385 -4712 920 2080 4011 -829 -485
-1533 3098 365 3152 357 -2075 876 -1715
489 5025 4842 386 -96 4108 195 -3068
-1586 4974 2326 -3361 3012 -1892 1825 -677
-884 4294 -3796 -3540 -3398 1256 1615 -634
-1512 5093 -4812 265 3457 2669 -1285 -1178
-1150 3082 824 3028 -1292 -1111 734 -1471
97 5241 5240 993 2115 4080 635 -3367
-1262 4614 1807 -3159 1197 -2767 1038 -794
-934 4922 -4505 -4002 -2260 3432 1710 -51
-1773 4685 -4672 -225 4039 263 -1278 -1837
-579 3411 1545 3288 -2275 639 -235 -1063
-570 5260 5342 -48 3489 2751 1162 -3310
-654 4614 1106 -3714 -1263 -2069 519 -1343
-1242 5372 -4743 -1537 254 5038 1143 458
-1798 4216 -4230 1979 3235 -1378 -1006 -2304
-305 4094 2209 2172 -1389 2412 -988 -1175
-941 4766 4816 -1060 3898 265 1270 -2604
-74 4810 389 -3787 -2998 -454 527 -2030
-1941 5553 -4572 -2416 2751 4661 257 1064
-1327 3622 -3216 1644 1081 -1918 -610 -2343
-487 4602 2266 2924 55 3840 -1613 -1560
-862 4070 3996 -605 3041 -1268 1002 -1811
457 5339 -186 -4425 -2759 2221 894 -2426
-2482 5356 -4073 -3137 4939 2543 -797 1019
-765 3520 -2616 1860 -735 -1727 -248 -1811
-1098 4811 1686 3733 1465 3816 -1805 -2468
-588 3399 3141 -624 935 -1898 399 -1018
342 6207 63 -5464 -1047 4603 1398 -2231
-2876 4720 -3077 -3633 5189 377 -1731 611
-217 4016 -2479 2654 -1700 -284 -311 -989
-1706 4691 972 4287 3146 2766 -1403 -2968
340 3053 2541 -1304 -1139 -1383 -838 -937
-79 6860 723 -6518 1550 5363 2176 -1603
-2759 4098 -2377 -3484 3576 -1775 -2074 -81
132 4576 -2696 3569 -1740 2357 -962 -162
-2393 4157 -147 4358 3884 1355 -652 -2944
1157 3230 2476 -2348 -1852 704 -1680 -1191
-690 6990 1627 -6909 4492 4182 2279 -535
-2335 3515 -1838 -2842 1455 -3121 -2056 -770
-455 5224 -3696 4158 -724 3744 -1871 191
-2550 3124 -919 3761 3018 -156 117 -2421
1924 3915 3114 -3504 -1404 2975 -2056 -1960
-1422 6989 2598 -7025 5848 2171 1853 654
-1510 3537 -2338 -1769 -1038 -2372 -1229 -807
-1126 5822 -4930 4431 1505 4777 -3116 -177
-2123 2124 -728 2575 1755 -968 548 -1092
2165 4719 1702 -4217 466 4030 -1874 -2820
-1866 6246 -755 -6256 5112 -764 778 1201
-720 3954 -4074 -854 -2776 201 -498 -261
-2164 5592 -3715 3657 3252 4359 -3542 -1183
-1287 1546 377 1327 821 -445 185 23
1673 5450 2766 -4315 2976 4139 -972 -3175
-1798 5393 -329 -5162 3215 -2968 -253 1294
-466 5033 -5153 -618 -2525 2962 -80 791
-3091 4915 -4636 2516 4435 2337 -3213 -2073
-247 1388 844 162 6 496 -670 991
1029 5871 3768 -3785 4573 2900 111 -2869
-1095 4663 -639 -4089 352 -2985 -1063 584
-683 5888 -6365 -1003 -419 5365 -259 2154
-3567 3907 -5177 1096 4943 522 -2437 -2949
486 1827 1864 -15 180 1388 -1752 1162
151 5461 4269 -2544 4895 551 835 -1946
-42 4416 -1750 -3557 -2168 -1143 -924 -387
-1480 6747 -7556 -2143 2482 6133 -1240 3160
-3412 2612 -4629 -162 4122 -1010 -1083 -3021
762 2754 2942 537 1087 2292 -2638 557
-361 4549 3992 -1358 3832 -1261 865 -543
1107 4965 -3203 -3890 -2569 1839 -104 -1095
-2700 7037 -8152 -3688 5306 4745 -2509 3279
-2662 1860 -3560 -648 2306 -1946 38 -1996
284 3431 3631 1504 1950 2487 -2842 -528
-436 3334 3012 -595 1821 -1771 155 461
1729 5788 -4522 -4809 -856 4740 1235 -1115
-3810 6618 -7775 -5033 7148 2062 -3840 2696
-1659 1663 -2182 -276 581 -1807 446 -809
-552 3825 3685 2865 2874 2022 -1956 -1457
418 2162 1296 -753 -1 -768 -1062 1063
1884 6986 -5356 -6398 2059 6225 2610 -161
-4367 5658 -6736 -5631 6774 -1138 -4312 1543
-949 2257 -1287 399 -642 -298 101 546
-1523 3504 2716 1926 3279 1513 -576 -1685
1675 1749 -311 -1449 -468 1045 -2205 558
1322 8097 -5307 -4434 5406 5211 3243 1185
-4249 4330 -5102 -2272 4361 -3604 -3757 242
-592 3199 -939 2512 -865 1513 -1045 1100
-2486 2358 976 2974 3078 1213 856 -918
3008 1822 -1510 -2486 495 3251 -2959 -827
224 8465 -4228 -5843 7561 2561 3063 2806
-3476 3561 -3891 -1957 1270 -4031 -2640 -358
-1052 4204 -1688 3999 264 3189 -2221 847
-2509 1086 -701 3012 2910 742 1793 547
3914 2753 -1537 -4006 2419 4206 -2644 -2147
-809 8016 -2723 -6549 7356 -899 1849 3837
-2268 3321 -3316 -673 -1441 -2188 -1208 -363
-2320 4858 -3321 5182 2160 4354 -2706 -467
-2122 -543 -2244 2089 3085 712 1625 2182
4346 3863 -882 -5534 4800 3507 -1393 -3175
-1504 6934 -1401 -6311 5156 -3823 490 3861
-1141 4103 -4006 1008 -2721 811 -128 869
-3833 4633 -5152 5304 4099 4218 -2544 -2160
-787 -1499 -2531 318 3191 948 647 3473
3788 4967 759 -6518 6091 1705 435 -3221
-1470 5630 -670 -5045 1995 -4287 -519 2910
-537 5294 -5314 2406 -1440 3853 -189 2345
-4971 3712 -6493 4451 5977 2616 -1176 -3132
592 -1658 -1876 -1550 3401 770 -1028 3672
2760 5287 2020 -6358 5714 -913 1754 -2151
-388 4559 -1153 -3204 -1310 -2545 -624 1400
-1074 6777 -7286 2758 1455 6054 -1122 3417
-5495 2188 -6880 2704 6616 638 687 -3550
1804 -840 -277 -2793 3705 220 -2347 2834
1494 4791 2759 -5202 4050 -2481 2263 -625
1018 4268 -2516 -1606 -2541 560 245 82
-1859 7657 -8635 2265 5195 5833 -2800 3891
-5257 521 -5798 625 6004 -1214 2515 -2667
2072 247 -545 -2925 3190 -285 -2722 1397
833 3655 364 -3439 1966 -2546 1626 720
2427 4595 -4984 -642 -1123 3806 1910 -222
-3593 7882 -9106 508 8039 3660 -4400 2859
-4258 -495 -5155 -842 4273 -3015 3182 -1188
1445 1254 1025 -2025 2571 -585 -2106 -66
782 2008 76 -1582 93 -1056 126 1252
3392 5779 -6947 -863 2122 5807 3515 302
-5010 7193 -9749 -1443 9040 100 -5133 1153
-2832 -696 -3660 -1436 2162 -3249 2932 470
339 1729 1953 -338 2143 -117 -561 -919
1749 533 -1411 -485 -278 1115 -1422 739
3424 7410 -8798 -2293 5966 5360 4579 1933
-5597 5673 -9028 -3081 7333 -3333 -4526 -651
-1710 116 -1836 -623 253 -1968 1721 1351
-1184 1308 1806 1508 1894 752 1038 -491
3206 -196 -3388 -498 1260 2971 -2288 -824
2529 8508 -9680 -4184 8692 2699 4350 3872
-5406 4141 -7381 -3748 4212 -5432 -3254 -2019
-1243 1198 -559 688 -339 4 356 1223
-2204 61 460 2639 2189 1515 2181 878
5046 70 -5638 -1727 3878 3784 -2158 -2685
1083 8939 -9221 -5923 8858 -1045 2909 4972
-4247 3188 -5447 -3135 762 -5007 -1343 -2116
-1832 2474 -324 2606 399 2392 -914 -14
-2485 -1782 -1738 2692 3338 1953 2169 2646
6065 1182 -6810 -3715 6359 2573 -994 -4240
-224 8275 -7772 -6679 6653 -4452 1272 5098
-2816 2803 -3711 -1711 -1643 -2516 -75 -1103
-3284 3282 -1428 3987 2280 3703 -898 -1844
-1741 -3401 -3917 1462 4922 1664 1036 4048
6297 2652 -6697 -5515 7351 260 992 -4403
-985 6986 -5802 -6272 3263 -5886 -413 4129
-1605 3587 -3296 2310 -2081 1105 166 480
-4922 3013 -3459 6361 4755 3606 285 -3317
-291 -4396 -5453 2908 5870 404 -774 4471
5499 3739 -5527 -3110 6609 -2386 2794 -3561
-745 5197 -3958 -2154 -155 -4566 -814 2173
-818 4894 -3751 4221 1 4109 -565 1847
-6180 2100 -5410 6658 6933 1773 2114 -3647
1220 -4476 -5768 1066 5839 -1350 -2507 3456
3993 4086 -3571 -3941 4201 -4166 3361 -1917
193 3980 -3051 -792 -1923 -1644 -407 692
-1140 6426 -5483 5826 3321 5123 -2218 2267
-6865 195 -7185 5624 7831 -489 3971 -3120
2396 -3307 -4560 -966 4650 -2717 -3586 1834
2584 3545 -1708 -3676 1846 -4060 3027 -190
1759 3500 -3530 1417 -1448 2108 1391 -13
-2373 7340 -7468 6263 6660 3805 -4150 1503
-6271 -1516 -7491 3580 6796 -2957 5166 -1209
2833 -1961 -2880 -2232 2957 -3335 -3120 -37
1627 2242 -814 -2199 -132 -2258 1410 602
3466 3921 -4949 3334 1400 4396 3049 88
-3924 7528 -9177 5613 8942 872 -5154 -236
-4887 -2291 -6510 1414 4512 -4638 4772 568
2137 -666 -926 -2311 1415 -2732 -1757 -1290
1582 412 -1068 34 -315 408 -423 348
4308 5036 -6838 4182 4919 4274 4176 1580
-5316 6647 -9540 3798 8655 -2703 -4881 -2120
-3354 -2451 -4808 -121 1718 -4685 3486 1856
688 -149 20 -1082 397 -1283 -154 -1185
2350 -1019 -2371 2030 1281 2228 -1514 -1031
4274 6757 -8704 3830 7871 2181 4043 3537
-6058 5158 -8834 1706 6152 -5676 -3573 -3715
-1957 -1602 -2688 -537 -169 -3228 1586 2083
-784 -392 71 888 803 667 1224 -34
3974 -1692 -4545 3127 3762 2926 -1704 -2916
3283 7552 -8119 2363 8706 -1341 2686 4886
-5521 3340 -6837 -116 2535 -6316 -1608 -4009
-1510 -191 -1049 354 -715 -731 135 968
-2000 -1518 648 2967 2390 1800 1579 1854
5382 -1211 -4535 2849 5949 1778 -540 -4480
1755 7857 -8590 322 7389 -4554 677 5545
-4320 2127 -5105 -797 -613 -4779 7 -3198
-1895 1036 254 1908 264 1515 -195 -675
-2289 -3120 -618 4202 4394 1647 641 3246
6497 -275 -6424 1837 7312 -879 1166 -5013
179 6986 -7832 -1500 4115 -6206 -1146 4306
-2703 1801 -3074 -241 -1963 -2050 673 -1690
-3230 2099 576 4017 2566 2733 448 -2320
-1677 -4713 -2640 4301 5993 359 -1230 3702
6529 1116 -7274 -74 6593 -3489 2858 -4201
-664 5575 -6251 -2268 715 -5733 -1898 2760
-1296 2508 -1393 1347 -1067 1056 241 141
-4559 1849 -505 5194 4884 2178 2019 -2804
-207 -5458 -4601 3132 6376 -1816 -2929 2922
5473 2365 -6873 -1822 4299 -5041 3785 -2432
-524 3998 -4074 -1798 -1487 -3379 -1731 755
-488 3644 -823 3275 1275 2925 -1195 763
-5820 1014 -2142 5599 6561 67 3609 -2387
1282 -5128 -5695 1290 5292 -3797 -3963 1328
4091 2690 -5498 -2573 1543 -5194 3454 -753
428 2604 -2247 -315 -1713 -415 -415 -261
-605 4992 -1273 4667 4185 2833 -2796 428
-6255 -629 -4220 4412 6622 -2325 4554 -852
2461 -4086 -5705 -689 3341 -4755 -3880 -496
2529 2399 -3464 -2528 -255 -3453 2172 459
1804 2058 -1257 1590 255 1762 1143 -364
-1801 5743 -2900 4980 6364 1065 -3888 -994
-5539 -2028 -5359 2602 5096 -4648 4593 794
2568 -2683 -4498 -1730 1238 -4466 -2743 -1867
1520 1146 -1640 -639 -949 -1311 696 621
3152 2483 -1612 4229 2872 2586 2336 770
-3159 5800 -4557 7231 6965 -1706 -3981 -2616
-4319 -2829 -5710 4210 2861 -5561 3445 2230
2098 -1397 -2832 -84 -175 -3084 -1225 -2155
1298 -364 -552 1036 255 668 -752 -321
3895 3430 -2863 5766 5357 1396 2441 2326
-4376 4855 -5967 6315 5720 -4349 -2886 -4092
-2810 -2863 -4795 2335 401 -4879 1784 2578
766 -665 -961 -274 -367 -1161 170 -1398
2098 -1626 -732 2874 2297 1512 -1130 -1836
3685 4610 -4464 6110 6320 -1032 1498 3635
-4751 3599 -6230 4746 3182 -5827 -1221 -4504
-1376 -1992 -3051 760 -830 -3043 197 1918
-784 -829 189 801 593 465 716 66
3184 -2084 -1811 4291 4172 846 -552 -3199
2673 5470 -5724 5591 5562 -3411 -164 4081
-4267 1932 -5254 2570 775 -5257 404 -3758
-898 -664 -1118 435 -618 -862 -789 455
-1650 -1651 148 2339 2343 808 104 1407
4455 -1773 -3481 5166 5341 -998 843 -3665
1359 5583 -6251 4010 3519 -5076 -1648 3408
-3279 1011 -3779 1202 -973 -3622 1147 -2360
-1182 478 60 1094 474 627 -455 -913
-1863 -2901 -722 3860 3848 141 -1106 1948
5061 -774 -4786 4833 4929 -2913 2226 -3224
149 5015 -5653 2309 1312 -5461 -2802 2016
-1909 772 -1985 723 -1353 -1259 958 -889
-2128 1312 393 2503 2254 828 617 -1723
-1342 -3918 -2296 4723 4546 -1320 -2756 1787
4957 531 -5367 3484 3257 -4219 2883 -1863
-647 3827 -4248 791 -549 -4136 -2773 481
-601 1234 -555 1142 -106 612 -215 96
-3306 1350 -258 3971 3961 -80 1890 -1593
-248 -4232 -2118 4544 4133 -2927 -3664 556
4153 1616 -3926 1703 1515 -4654 2914 -322
-540 2439 -2357 78 -1219 -2111 -1731 -625
-39 2145 1308 2329 1710 1104 -1565 168
-4076 620 1324 4920 4469 -1574 2698 -534
820 -3949 -2099 3507 2602 -3907 -3668 -828
2861 1889 -3456 294 -154 -3792 1954 701
46 1361 -698 277 -539 -207 -504 -713
-94 3176 1794 3650 3452 197 -2526 -512
-4389 -427 -129 5012 3847 -3254 2872 1032
1722 -3076 -2969 1955 908 -4033 -2736 -1855
1543 1719 -2458 -564 -795 -2310 535 1115
1093 993 521 1350 891 681 397 -129
-892 3710 1268 4562 4224 -1296 -2717 -1702
-3744 -1266 -1471 4022 2304 -4191 1909 2079
1837 -1817 -2861 466 -88 -3309 -1625 -2250
782 852 -1019 -435 -522 -836 -677 650
2142 1231 1127 2650 2491 393 744 1010
-1713 3729 138 4750 3661 -2902 -2215 -2631
-2495 -1838 -2348 2463 658 -3805 458 2527
1259 -683 -1886 -430 -324 -1880 -352 -1567
543 -224 307 371 536 0 -1235 -230
2471 1998 789 3521 3379 -830 264 2132
-2715 3066 -1388 4103 2376 -4032 -952 -3146
-1356 -1671 -2373 1014 -511 -2988 -743 2169
428 -106 -647 -671 -167 -914 303 -601
1029 -957 964 1382 1633 23 -969 -1243
2333 2887 -231 3841 3433 -2068 -760 2430
-3055 2027 -2175 2894 595 -4156 91 -2570
-371 -1008 -1640 70 -644 -1786 -1410 1185
-764 -22 635 -68 670 -621 89 568
1806 -1249 781 2361 2370 -847 -138 -1716
1673 3558 -1439 3438 2541 -3342 -1975 2309
-2708 1034 -2482 1511 -618 -3248 922 -1474
-95 53 -418 -311 -185 -499 -1431 238
-1343 -571 1340 185 1542 -524 -805 1373
2557 -852 -36 2833 2574 -1692 789 -1288
648 3535 -2361 3954 1052 -3834 -2719 1484
-1744 253 -1796 1642 -1094 -1858 773 -282
-265 1114 898 -353 765 -227 -687 -484
-1529 -1247 1374 935 1808 -1215 -1770 1440
2878 -163 -1141 3190 2097 -2338 1527 -499
-383 3070 -2714 2879 -107 -3277 -2629 486
-731 203 -766 711 -543 -609 205 657
-720 1723 1693 31 1618 -780 248 -559
-1104 -1823 640 1776 1659 -1949 -2347 1002
2808 802 -2138 2871 1188 -2768 1465 675
-797 2310 -2377 1705 -1077 -2324 -2023 -174
11 530 261 307 237 123 -696 1071
-1471 1708 1764 850 1919 -1358 888 126
-484 -1856 -160 2020 1171 -2173 -2356 152
2226 1436 -2462 1950 402 -2809 1057 1630
-917 1500 -1513 752 -910 -1316 -1041 -357
519 1231 1216 698 1260 -95 -1407 671
-2011 1362 1274 1658 1467 -2180 1222 1038
298 -1489 -1037 1725 674 -1891 -1786 -561
1354 1782 -2367 816 -224 -2194 193 1928
-273 926 -572 430 -412 -351 -353 -10
305 1824 1386 1416 2006 -822 -1628 1
-2004 784 576 2058 597 -2597 852 1852
809 -1032 -1573 1054 131 -1793 -923 -629
645 1839 -1767 -138 -599 -1779 -631 1939
280 818 59 609 189 223 49 728
-228 2186 978 2351 2055 -1699 -1137 -727
-1769 474 -135 1914 -28 -2115 272 2334
938 -150 -1428 41 250 -1496 -58 -344
-65 1372 -876 -743 -472 -1388 -956 1326
689 1020 284 1238 1018 -23 -40 1490
-748 2292 625 2812 1016 -2617 -524 -683
-1117 119 531 1421 -658 -1431 -432 2204
518 634 -1130 -915 314 -1150 567 417
-82 907 -721 -658 -392 -666 -798 803
943 1624 1043 1996 1799 -757 -321 2062
-1419 2010 1235 3020 156 -2851 281 -622
-474 398 130 602 -603 -752 -629 1515
-196 1030 -579 -1482 357 -1297 562 1275
224 535 -75 -184 -169 -217 -110 454
800 2192 680 2613 1713 -1408 -867 1971
-1420 1631 707 2777 -799 -2256 902 -201
173 816 -7 -174 145 -370 -641 1060
-712 1001 -22 -1576 325 -1447 350 1714
731 522 59 398 428 -219 522 474
449 2498 189 2725 827 -2305 -1115 1631
-1276 1118 187 2136 -1465 -1273 1148 508
308 1576 438 -733 680 -223 -9 570
-1050 805 526 -1401 -137 -1317 152 1875
1097 818 -246 781 985 -241 1004 864
11 2702 -440 2565 133 -2469 -1056 990
-811 785 132 1425 -1097 -403 1035 1123
53 2020 1183 -689 1163 -793 789 483
-1039 631 731 -1038 -526 -1084 -239 1484
1224 1237 -729 942 953 -555 1276 1359
-420 2703 -1042 2322 -868 -2148 -835 487
-367 907 544 1144 -232 670 720 1067
-230 2439 1837 -498 1139 -1550 1367 613
-989 225 719 -593 -482 -731 -118 1229
1361 1882 -1423 869 974 -1454 1225 1775
-807 2332 -1262 1667 -1570 -1498 -45 281
6 1251 1096 1214 580 773 448 907
-755 2514 2186 -45 372 -1808 1752 1040
-439 218 179 -475 -76 -48 477 557
1162 2272 -1844 481 636 -1871 998 1903
-710 2116 -1164 1650 -1513 -351 533 212
192 1529 1601 103 1493 -117 515 491
-1071 2562 2383 -1126 -563 -2137 1900 1366
-193 453 -112 -333 -70 206 718 446
572 2549 -2271 1439 -253 -2049 690 1709
-446 2148 -860 1844 -948 883 896 394
39 1976 2047 328 1744 -963 652 23
-1146 2339 2154 -796 -1026 -1637 1551 1529
25 811 -503 -384 543 -194 1336 420
454 2505 -2226 1227 -1222 -1996 472 1475
-104 2235 -411 1879 -27 1233 862 618
-103 2439 2262 695 1022 -2101 1152 -529
-1045 2211 1886 -659 -1445 -335 1389 1321
190 1150 -867 -646 1015 -463 1682 533
248 2437 -2118 883 -1458 -776 614 983
57 2456 -281 2145 1342 815 814 438
-474 2479 2067 1220 79 -2906 1763 -733
-730 2135 1669 -720 -1294 643 1405 946
-125 1394 -780 -1139 585 -1210 1780 680
160 2209 -1720 589 -1391 190 891 283
215 2815 -198 2606 2247 77 498 218
-719 2608 1980 1544 -1248 -2491 2231 -691
-581 2458 1725 -996 -107 1126 1534 592
-395 1583 -497 -1548 234 -1798 1764 810
490 2270 -1719 961 -929 872 1124 227
249 3287 -320 3085 1847 -1547 360 -8
-956 2430 1716 1759 -2449 -1109 2234 -625
-564 2579 1750 -1304 881 1350 1613 174
-711 1588 -230 -1642 -351 -1480 1626 688
799 2186 -1590 1270 549 1043 1614 228
83 3600 -537 3503 824 -3031 271 -578
-956 2510 1682 1664 -2543 306 2289 -757
-425 2988 2096 -1621 1414 192 1963 -69
-703 1432 -61 -1726 -1195 -959 1348 220
998 2444 -1563 1608 1350 790 1602 258
-54 3926 1526 3784 -860 -2963 298 -1009
-862 2416 2982 1552 -1232 1784 2131 -818
-566 3291 1498 -1921 1772 -1140 2175 -304
-807 1295 -985 -1582 -1403 -592 1119 -318
1325 2639 -1224 2000 1596 -761 1584 279
-343 4073 1291 3956 -2609 -2061 547 -1533
-668 2803 3295 1390 149 2761 2017 -1112
-925 3443 1963 -1781 1369 -1818 2350 -86
-782 1054 -927 -1327 -734 477 1166 -662
1455 3047 -1388 2219 1391 -2032 1295 158
-361 4081 1209 3888 -3097 -445 508 -1818
-641 2986 3663 1457 1848 1897 2066 -1603
-1274 3646 2339 -1802 -315 -2699 2133 -108
-511 1096 -1034 -1175 -348 1036 1221 -1099
1452 3163 -1539 2263 -178 -2347 904 15
-126 4171 1419 3927 -2172 1900 436 -1950
-627 3323 4006 1485 3227 256 2024 -1714
-1569 3569 2690 -1482 -1462 -2578 1766 -43
-534 1072 -982 -1089 222 548 1158 -1279
1450 3528 -1902 2338 -1704 -2120 695 -401
-65 4249 1517 3947 -789 3290 344 -2150
-791 3919 4541 1765 2955 -1889 1893 -2302
-1803 3543 2896 -1285 -2185 -1095 1409 -184
-236 1075 -1185 -940 992 -32 1202 -1617
1331 3573 -1896 2264 -2257 -1130 197 -608
28 4456 1775 4073 1502 2752 47 -2183
-978 4142 4902 2100 1143 -3900 2153 -2594
-1899 3348 2935 -944 -2742 262 921 -379
-151 1320 -1519 -1070 695 -441 1165 -1593
1230 3584 -1989 2161 -2180 749 182 -968
383 4708 2139 4353 3502 1224 -294 -2410
-1291 4383 5174 2491 -1009 -4294 2337 -2416
-1921 3432 3016 -984 -1817 1406 654 -664
-377 1411 -1512 -1228 214 -1217 867 -1585
1522 3514 -1720 2797 -1283 2246 90 -1154
562 5181 2455 3040 3758 -1357 -806 -2882
-1655 4531 5336 -170 -3299 -2791 2264 -2515
-1844 3528 2858 -2255 -188 2413 241 -873
-304 1459 -1489 -365 -49 -1537 493 -1646
1826 3390 -1406 2951 808 2029 179 -1143
802 5466 2860 3157 1872 -4156 -1280 -3210
-1824 4742 5580 89 -5059 -706 2337 -2336
-1808 3731 2825 -2411 1236 2300 93 -1136
-591 1282 -1191 -664 -606 -964 -162 -1854
2170 3329 -1084 2971 2474 1310 -71 -933
795 6094 2998 3641 -573 -4998 -1480 -3742
-1993 4661 5420 195 -4004 2015 1748 -2146
-1801 4043 2949 -2807 2728 405 -34 -933
-858 1144 -928 -877 -1089 -623 -423 -2054
2368 3503 -1013 3318 2339 -778 -436 -708
634 6465 3015 4072 -3679 -3670 -1766 -3869
-1800 4767 5504 143 -1519 4499 1364 -2067
-2093 4233 3269 -2999 2991 -1364 -426 -631
-808 929 -600 -923 -691 -336 -782 -2428
2906 3664 -748 3792 1349 -3059 -841 -68
555 6588 2928 4333 -5730 -1367 -1861 -4236
-1665 4950 5687 -95 1604 4449 1093 -2013
-2400 4339 3688 -3281 1577 -2925 -607 -257
-675 688 -401 -640 -489 322 -937 -2720
3044 3948 -906 4056 -220 -3288 -1495 -315
365 6600 2744 4392 -4842 2007 -1714 -4083
-1502 5277 5986 -427 4458 1991 589 -2172
-2694 4466 4072 -3429 -588 -4003 -1181 -44
-547 227 -58 -387 -755 33 -967 -2733
3125 4234 -1206 4553 -2731 -2952 -2184 -43
404 6557 2694 4365 -2371 4821 -1808 -3680
-1410 5633 6456 -717 5158 -1104 784 -2053
-3299 4375 4713 -3280 -2201 -3549 -1876 414
-271 102 -607 26 -364 -162 -917 -2655
2894 4423 1557 4598 -4084 -1447 -2660 -118
672 6566 6024 4144 1194 4874 -2189 -3485
-1493 6116 6566 -816 3320 -4392 948 -1963
-3558 4367 2545 -3108 -4070 -1335 -2718 428
56 247 -695 349 -142 1 -813 -2055
2843 4550 1432 4553 -3474 1209 -3014 -256
1064 6482 6261 3786 4640 2517 -2659 -2987
-1769 6620 7264 -667 111 -6889 1152 -1535
-3570 3901 2823 -2595 -4198 750 -3264 392
349 381 -875 630 -768 -446 -846 -1444
2830 4358 1361 4219 -2131 2978 -3019 -276
1597 6600 6783 3400 5353 -911 -3281 -2861
-2225 6848 7847 -374 -3625 -6088 1413 -1046
-3645 3658 2913 -2177 -2534 3021 -3689 334
141 652 -1337 349 -619 -763 -1258 -946
2792 3972 1438 3826 429 2791 -2846 109
1909 7072 7392 3611 3333 -4716 -3726 -2987
-2727 6902 8310 199 -6735 -2773 1565 -32
-3316 3557 2558 -2067 -336 4039 -3726 263
-291 911 -1658 -193 -376 -476 -1833 -351
3146 3621 1989 3613 2801 1448 -2536 555
2098 7775 8258 4141 172 -7325 -3946 -3250
-3171 6748 8360 894 -7013 1034 1238 1085
-3120 3716 2173 -2223 1600 2528 -3225 321
-674 760 -1517 -672 -709 -648 -2256 -489
3503 3339 2544 3553 2811 -783 -2423 1584
1917 8287 8650 4820 -4070 -6375 -3663 -3670
-3297 6467 8147 1092 -4490 5202 814 1648
-2951 4195 1760 -2801 3450 237 -3123 848
-977 505 -1218 -1047 -707 -1191 -2407 -676
4203 3408 3346 3998 1616 -3603 -2832 2363
1482 8711 8816 5498 -7448 -3147 -2903 -3635
-3124 6258 7761 1047 -717 6659 123 1992
-3152 4569 1818 -3363 3201 -2146 -2911 1671
-1291 -117 -398 -1405 -714 -1033 -2088 -1091
4822 3709 3896 2321 -714 -4938 -3328 3014
1055 8643 8413 1317 -7366 1009 -2054 -3282
-2507 6294 7156 -3697 3312 4577 -222 1936
-3477 5032 1994 -5530 689 -4492 -2928 2498
-1120 -762 362 -1504 -1741 -858 -1444 -1068
5113 4355 4013 3090 -3691 -4044 -4021 3243
705 8389 7839 1630 -4625 5358 -1536 -2568
-1985 6528 6951 -4190 5879 1055 -51 1868
-4365 5064 2873 -6263 -1907 -5353 -3585 3145
-655 -1231 1022 -1216 -1848 -1206 -543 -654
4777 4853 3529 3808 -5532 -2061 -4365 2893
710 7736 7159 1447 -775 6588 -1224 -1598
-1676 7044 7254 -5029 5226 -3481 718 1890
-5123 4820 3818 -6546 -4713 -3571 -4162 3327
4 -1385 1265 -598 -1927 -496 218 199
4351 5200 2872 4373 -5039 596 -4391 2324
1186 7393 6840 949 3332 4582 -1441 -713
-1745 7730 8043 -5810 1571 -7175 1621 2071
-5582 4277 4686 -6208 -6531 -1101 -4877 3051
739 -980 755 396 -2236 99 563 1176
3785 4988 2213 4164 -3272 3515 -3789 1862
1969 7063 7031 -35 5876 808 -1764 -488
-2269 8330 8989 -6168 -2935 -7711 2533 3001
-5449 3677 4873 -5519 -5346 1595 -4567 2302
994 -507 102 997 -1997 153 670 2282
3134 4652 1553 3677 -1087 3624 -2810 1764
2811 7136 7690 -1065 4579 -3839 -2095 -536
-3121 8646 9959 -5982 -7455 -4958 2922 4188
-4928 2990 4582 -4358 -3196 3823 -4059 1443
764 232 -918 1075 -920 -123 -82 2686
2932 3831 1537 2598 1685 2306 -1676 2263
3420 7824 8790 -1522 796 -7420 -2108 -1258
-3541 8529 8313 -5359 -9462 -789 3004 5295
-4012 2759 1522 -3582 -649 4283 -3120 1241
239 531 -462 642 -909 148 -409 2493
3367 3006 3632 1537 2834 -19 -901 3213
3633 8510 8645 -1401 -3605 -7292 -1289 -2213
-4242 7721 6915 -4051 -7542 3419 2298 6020
-3148 3030 578 -3131 1802 2005 -1601 1227
-857 601 -1364 -545 -1079 -863 -626 1776
4201 2583 4346 872 1391 -2997 -927 4129
3066 9285 9669 -593 -7936 -4454 72 -2672
-4155 6688 6565 -2961 -3869 6732 1310 5803
-2760 3814 -565 -3677 2888 -756 -803 2201
-1547 76 -1396 -1592 -1072 -1075 -146 758
5178 2412 5441 706 -1083 -4720 -1505 4766
2129 9525 10062 592 -9507 -441 1719 -2453
-3667 5877 5618 -2506 514 6495 1017 5127
-2928 4630 -1465 -4586 1207 -3119 -662 3009
-1966 -799 -807 -2549 -1960 -1038 1021 144
5810 3102 6617 1538 -3700 -4007 -2509 4568
1202 9172 9797 1705 -7260 3962 2965 -1526
-2625 5495 4317 -2728 4119 3231 1152 4173
-3592 5306 -1672 -5831 -1318 -5089 -1129 3503
-1668 -1783 382 -2670 -3134 -1054 2482 48
6093 3885 7319 2653 -6366 -2062 -2958 3676
411 8344 8705 2253 -3691 6816 3421 -338
-1404 5664 3030 -3703 4614 -1187 1896 2984
-4714 5504 -1218 -6873 -4025 -4211 -1941 3642
-690 -2428 1914 -1906 -3458 -623 3881 616
5735 4827 7273 3931 -6702 278 -2893 2051
78 7191 7246 2144 607 5959 3137 478
-683 6538 2442 -5132 1878 -5255 3472 2592
-5699 4784 128 -6988 -6493 -1922 -2783 2477
502 -2572 2881 -722 -3412 642 4453 1763
4603 5287 6216 4674 -4925 3108 -1983 696
877 6132 5747 -53 3761 2564 2345 829
-795 7505 2916 -8568 -1912 -7275 4512 3182
-6125 3942 1494 -7551 -7015 724 -2766 898
1409 -2111 2943 -740 -3324 1008 4088 2807
3217 5161 4662 2342 -3093 4196 -528 -317
1872 5547 5026 -3600 3764 -1281 1538 227
-1433 8267 3980 -9658 -6004 -5487 5197 4120
-5821 2708 2572 -6833 -5237 3528 -2058 -579
2002 -944 2285 938 -2598 1006 3220 3400
2080 4331 3011 2251 -395 3119 977 -164
3077 5520 5028 -4948 884 -4930 967 -1246
-2604 8510 5432 -10107 -9071 -1914 4776 5334
-4949 1654 3043 -5442 -2812 4735 -697 -1735
1676 340 639 2078 -2045 1127 1776 2729
1784 3048 2127 1283 1166 1245 1999 659
3799 6239 6062 -6221 -2652 -6426 1434 -2637
-3771 7918 6599 -9295 -8793 2266 3510 5678
-3450 1414 2272 -3631 -571 3497 948 -1819
596 1137 -1028 2143 -2083 435 922 1335
2061 1980 1925 -270 389 -656 2070 1758
4021 7322 7581 -6865 -6426 -4546 2703 -3792
-4547 6812 7071 -7835 -5871 5863 2047 5156
-2050 1838 802 -2278 1068 1363 2104 -1044
-907 1336 -2248 1401 -2106 -254 814 -395
3357 1223 2974 -1895 -1285 -2788 1010 2436
3337 8163 8834 -6526 -8854 -1159 4339 -3957
-4287 5377 6265 -5954 -2290 6631 792 3892
-1124 3106 -1065 -1692 532 -708 2388 151
-2083 510 -2325 -321 -2518 -198 1847 -1921
4591 1077 4493 -2985 -3322 -3130 -372 2251
1844 8412 9225 -5019 -8036 2794 5717 -2904
-3450 4006 4831 -4214 804 4581 201 1772
-1376 4203 -2332 -2332 -1464 -2598 1591 1059
-2550 -577 -1405 -1866 -3524 243 3259 -2331
5650 1911 5403 -2735 -5491 -1799 -1800 903
453 7893 6479 -3031 -5290 5817 6052 -1677
-1873 3333 1071 -3304 2590 1729 765 273
-2343 4981 -4434 -3728 -3447 -2845 -128 1213
-2130 -2087 -1612 -3221 -3828 110 4701 -1820
5735 3167 5449 -1516 -6422 86 -2469 -895
-603 6594 5975 -1349 -2334 6195 5451 -329
-218 3614 -900 -3714 1477 -1637 2269 -736
-3784 5167 -4765 -5472 -5757 -1154 -1740 273
-876 -2902 170 -3256 -3753 744 5155 -351
4926 4333 6226 214 -5462 2565 -1931 -2789
-863 4913 4469 -373 504 4216 3546 517
644 4419 -2308 -4756 -1303 -3641 3515 -645
-4899 4542 -3864 -6577 -6505 942 -2379 -1621
542 -2872 1764 -2284 -3734 1683 4429 985
3509 5019 6027 2124 -4108 4192 -502 -3917
-118 3377 2362 -527 1770 1587 1700 -48
726 5745 -3056 -6523 -4478 -3415 4197 577
-5436 3201 -2195 -6798 -5525 2678 -2195 -3407
2056 -2043 3032 -398 -3335 1703 2903 1699
1635 4847 4608 3269 -2646 3834 1254 -3841
1236 2494 520 -1678 608 -1057 450 -1530
-59 6569 -2369 -7840 -7035 -1064 3637 2100
-5060 1631 -170 -5751 -3913 4132 -865 -4734
2736 -539 3244 1714 -2692 1858 633 1345
247 3763 2473 3150 -995 2910 2396 -2828
2783 2611 -372 -3537 -1837 -2742 137 -3204
-1557 6640 -769 -8062 -7452 1492 2057 3036
-3669 486 1318 -3799 -2277 4072 810 -4910
2098 950 2072 2860 -2668 1717 -933 163
-169 2172 498 1826 -475 1724 2330 -1061
3759 3385 -211 -5012 -4327 -2087 1016 -4542
-3081 6025 1241 -7196 -5860 3897 -27 3035
-1888 47 1755 -1698 -695 2630 1916 -3766
748 1982 125 3342 -2904 1249 -1362 -1757
206 658 -728 133 -1417 363 1042 211
3842 4616 1185 -6891 -6473 -160 2429 -4742
-3980 4501 2801 -6999 -3509 5485 -1753 1704
-117 596 1037 -127 -586 1435 2280 -2131
-886 1926 -1730 3283 -2708 1521 -837 -3434
1532 -189 -675 -1719 -2407 -322 -639 663
2730 5620 3050 -7317 -6376 1816 3645 -3750
-3782 2622 3396 -5096 -1463 5066 -2648 6
779 1881 -820 1506 -1863 92 1304 -167
-2243 1102 -3053 2243 -2989 1887 602 -3959
3007 -196 426 -3464 -3695 311 -2587 -93
1137 6053 4712 -6762 -4985 4001 4137 -1844
-2541 1100 2671 -2650 79 3085 -2321 -2053
608 3167 -2633 1980 -2921 -174 -359 524
-2860 -125 -3228 497 -3287 1899 2035 -3429
4246 658 2361 -4417 -4585 1126 -3411 -1643
-601 5420 5327 -4934 -3330 5158 3320 15
-695 591 895 -808 -59 1321 -1051 -2890
-535 4328 -4291 1154 -3926 725 -2526 215
-2405 -1501 -2095 -1464 -3091 2139 2844 -1738
4345 2261 4084 -4069 -4292 2060 -3283 -3386
-1746 4065 4700 -2637 -1491 4487 1506 1091
863 911 -1081 -12 -1366 -181 601 -2598
-2099 4489 -4466 -479 -4559 2067 -3626 -1094
-912 -2515 -43 -2760 -2902 2481 2349 194
3522 3494 4956 -2641 -3602 3263 -1916 -4384
-1998 2203 3011 -620 -222 3149 -556 1289
1999 1826 -2730 -254 -2771 -278 1608 -1311
-3380 3606 -3304 -2371 -4321 2860 -3735 -2939
792 -2632 1899 -2863 -2783 2372 712 1669
1847 4205 4598 -520 -2983 3773 -245 -4202
-1196 743 924 422 -380 1942 -2079 89
2006 3281 -3388 -1858 -4115 716 1521 696
-4048 2113 -1452 -3746 -3232 3774 -2600 -4116
2271 -1624 1785 -1584 -2280 2262 -1206 1848
52 4089 4147 1446 -2018 3501 1289 -2878
349 -197 -483 259 -1506 739 -2633 -1600
973 4343 -4678 -3609 -4762 2115 383 2147
-3577 490 -2061 -3981 -2292 3939 -703 -4183
2753 -298 2992 275 -2355 2521 -2992 873
-1298 2790 2571 2397 -1216 2881 1471 -807
1811 91 -2058 -941 -2258 588 -1800 -2789
-603 4395 -3852 -4827 -4224 3343 -1477 2646
-2266 -634 42 -2974 -1519 3174 847 -2953
2233 1363 3151 2319 -2600 2622 -3733 -662
-1779 1295 616 2514 -1434 2611 876 943
2944 931 -2993 -2729 -3386 1333 -309 -3228
-2110 3832 -2077 -5239 -2990 4274 -3176 1978
-460 -963 1564 -1039 -878 2547 1411 -1072
779 2209 1816 3487 -2364 2365 -2963 -2285
-1128 -150 -1170 1162 -1547 1820 -802 1730
2976 2371 -2543 -4383 -4026 2163 1357 -2349
-3013 2322 55 -4477 -1885 4341 -3988 494
1054 -305 1980 934 -1434 2103 952 887
-876 2401 -28 3627 -2293 2802 -1435 -3066
326 -1170 -2428 -884 -2125 1848 -2753 1510
2145 3338 -1082 -4797 -3480 3101 2127 -467
-2782 652 1708 -2579 -941 3505 -3648 -1278
1957 996 1124 2529 -2091 1721 -454 2096
-2105 1528 -1826 2433 -2202 3079 300 -2496
1811 -1012 -2124 -2432 -2497 2062 -3613 187
646 3906 750 -4434 -2502 4181 1922 1325
-1617 -569 2193 -587 -390 2833 -2201 -2163
1651 2199 -480 2740 -2104 1955 -2091 2106
-2660 -22 -3066 458 -1913 2901 1413 -953
2919 -125 -869 -3303 -2735 2308 -3374 -1400
-1009 3287 2431 -2638 -1677 3859 540 2665
32 -983 1536 1042 -912 2042 -387 -1956
623 3161 -2247 3500 -2353 2693 -3321 959
-2144 -1351 -2984 325 -1570 2891 1586 960
3083 1180 844 -3768 -2297 2971 -2150 -2428
-2084 2164 3181 -2611 -879 3480 -1166 2853
1444 -628 49 1899 -1400 1604 961 -837
-1081 3337 -3556 2476 -2424 3094 -3357 -620
-724 -2332 -1853 -1496 -1604 2752 633 2390
2411 2423 2497 -3550 -1816 3363 -435 -2340
-2128 664 2684 -654 -445 2963 -2435 2024
2279 324 -1721 2465 -1864 1846 1379 982
-2294 2484 -3688 672 -1856 3208 -2337 -1901
708 -2244 -146 -2661 -1521 2684 -859 2922
1030 2979 3342 -2306 -1520 3328 1136 -1560
-1413 -706 1314 1142 -710 2372 -2842 504
2185 1679 -2961 1817 -2208 2545 713 2371
-2962 1178 -2749 -1208 -1429 3476 -665 -2236
1870 -1393 1587 -2616 -1302 2679 -2302 2193
-416 2862 3123 -462 -917 3099 1819 204
62 -1078 -467 1699 -885 1802 -1938 -852
1117 2700 -3356 264 -2209 2869 -769 3014
-2675 -121 -1232 -2401 -959 3238 887 -1502
2414 -265 2606 -1720 -1223 2756 -2810 830
-1516 1896 1894 1232 -623 2918 1368 1683
1404 -1013 -1988 1410 -1435 1985 -522 -1570
-325 2957 -2700 -1486 -1706 3341 -2024 2652
-1559 -1087 555 -2666 -531 2944 1855 -270
1912 849 2561 -114 -1135 2660 -2539 -497
-1774 489 44 2024 -700 2410 237 2540
2322 62 -2607 -21 -1929 2322 1146 -1065
-1544 2666 -1416 -2716 -990 3788 -2930 1332
-175 -1330 1716 -1965 -277 2686 1771 1202
773 1589 1504 1371 -934 2533 -1073 -1305
-1073 -652 -1415 1777 -711 2130 -1268 2334
2479 1176 -2298 -1525 -1850 2800 2168 95
-2322 1458 -984 -3236 -446 3427 -2685 -191
849 -832 1469 -587 -482 2199 811 2204
-615 1585 1508 2288 -782 2467 363 -1191
180 -1316 -1792 528 -1130 2145 -2125 1172
1806 2289 -2812 -2954 -1167 3325 2218 1471
-2296 356 -266 -2677 248 2948 -1687 -1134
1347 165 1712 948 -639 1907 -497 2291
-1720 872 -52 2243 -845 2483 1635 -366
1554 -1211 -2587 -1042 -1447 2462 -2184 -297
665 2926 -1788 -3629 -577 3765 1574 2617
-1522 -495 862 -1418 374 2359 -178 -1428
965 1423 703 1918 -915 1897 -1540 1394
-2000 -253 -1566 1291 -765 2428 1956 1062
2435 -451 -2256 -2470 -1163 2648 -1280 -1452
-536 2649 -352 -3209 265 3253 291 2796
-421 -679 1116 -104 83 1416 928 -572
-43 2088 -726 1995 -1369 2125 -1638 -32
-1607 -1498 -2622 -239 -789 2731 1378 2205
2746 548 -1522 -3228 -552 3203 -50 -2020
-1233 1868 893 -2164 652 2672 -926 2233
638 -169 465 875 -285 1084 1300 498
-1268 2139 -2083 1211 -1350 2454 -1035 -1196
-701 -2276 -2639 -1686 -567 2816 248 2707
2345 1515 -108 -3095 10 3264 1262 -1545
-1146 874 1169 -890 810 1681 -1143 1169
1165 835 -822 1150 -1066 1273 917 1530
-2352 1582 -3095 -64 -1004 2946 167 -1799
379 -2353 -1939 -2591 57 2901 -883 2347
1544 1972 1033 -2318 717 2632 1887 -546
-427 271 673 -1 242 767 -808 8
1137 1867 -2249 610 -1819 1954 -87 2090
-2906 709 -3336 -1481 -423 3416 1469 -1544
1214 -1735 -741 -2515 480 2628 -1570 1274
607 1680 1279 -1171 1010 1822 1773 448
687 -67 -490 779 -615 661 199 -570
383 2658 -3275 1446 -1643 2763 -1265 1789
-2777 -274 -2792 -887 532 3220 2270 -666
1626 -916 402 -2146 787 2124 -1465 384
-103 1177 1128 -700 502 1086 943 1056
1712 476 -1796 906 -1534 1016 1305 -456
-814 3133 -3686 178 -940 3519 -1953 918
-2170 -779 -1890 -1495 1450 2543 2272 240
1246 -158 895 -1486 850 1382 -849 -535
65 262 196 171 -70 551 -72 938
2377 1234 -2913 534 -2028 2045 2162 222
-1706 3132 -3559 -910 387 3932 -2240 -302
-1366 -895 -880 -1581 1547 1603 1785 904
351 215 712 -352 329 883 124 -681
598 -497 -1045 541 -970 676 -695 131
2404 2277 -3393 -411 -1571 3201 2363 1213
-2148 2575 -2833 -1686 1985 3218 -1814 -1052
-643 -609 -197 -1144 1195 640 1049 1080
-311 130 104 517 -292 596 959 -104
1417 -820 -1883 309 -1571 1359 -929 -936
2059 2993 -3239 -1508 -253 4036 1960 2098
-2196 1979 -1862 -1992 2573 1927 -905 -1532
-501 220 -336 -160 377 -148 384 628
-930 -357 -932 1093 -823 1060 1169 666
2421 -852 -2526 -460 -1545 2395 -416 -1749
1364 3534 -2597 -2540 1383 3918 1003 2478
-1768 1700 -1502 -1670 2369 238 -212 -1333
-1063 890 -1145 792 -918 -78 49 -193
-1210 -1140 -1932 998 -1129 1756 683 1433
3040 -386 -2483 -1536 -638 3283 381 -2288
903 3544 -1942 -2789 2961 2515 377 2227
-1140 1714 -1523 -849 1083 -1197 72 -727
-1807 1387 -2143 1356 -1761 794 449 -1003
-1086 -1930 -2578 531 -846 2509 -23 1804
3359 298 -2820 -2349 818 3463 1136 -2154
483 3332 -3154 -2816 3296 826 -221 1722
-637 2095 -2124 -178 -725 -1588 -118 -256
-2473 1497 -2154 1451 -1803 2118 1021 -1424
-336 -2356 -2840 -520 -33 2923 -911 1722
3202 902 -2936 -2820 2074 2675 1583 -1602
606 2858 -2709 -2207 2254 -1131 -123 1123
-277 3007 -2704 520 -2463 -460 -811 211
-3247 1272 -3040 1099 -953 3479 1848 -1451
257 -2344 -2888 -1181 1238 2745 -1495 1198
2839 1256 -2388 -2861 2858 1228 1797 -1114
1131 2594 -2758 -1631 278 -2299 229 814
-525 3711 -3649 559 -3169 1541 -1547 -56
-3534 841 -3552 461 562 3670 2356 -845
608 -2096 -2403 -1549 1962 1751 -1546 414
2519 1229 -2021 -2518 2489 -333 1467 -694
1761 2629 -3261 -1159 -1808 -1795 703 872
-1067 4344 -4515 198 -2226 3690 -2067 -582
-3628 468 -3881 -77 2431 2997 2504 -278
813 -1716 -1894 -1586 2174 491 -1357 -2
2164 853 -1734 -1852 975 -1586 806 -600
2359 3026 -4025 -1109 -3350 -41 1081 1269
-1695 4792 -5335 -471 -263 5011 -2169 -1411
-3412 201 -3605 -487 3270 1223 2302 115
592 -1304 -1438 -1234 1524 -673 -945 -236
2340 513 -2072 -1666 -609 -1834 557 -809
2810 3650 -4953 -1461 -3407 2474 1197 1824
-2178 4825 -5690 -1062 2394 4474 -2097 -2041
-3082 242 -3234 -435 2953 -826 1916 515
169 -1120 -1237 -629 188 -1166 -572 -90
2647 245 -2547 -1498 -2181 -717 465 -1380
2710 4283 -5437 -2216 -1766 4483 835 2346
-2366 4771 -5700 -1330 4509 2311 -1660 -2249
-2786 444 -2824 -120 1334 -2230 1448 349
-248 -1219 -1287 194 -1097 -775 -451 252
3160 161 -3176 216 -2750 1072 632 -1937
2645 4823 -5807 738 857 5266 140 2569
-2431 4655 -5525 1883 4759 -603 -1350 -2325
-2902 964 -2694 2162 -943 -2449 1407 -113
-608 -1399 -1689 1224 -1815 304 -751 577
3746 218 -3799 19 -1999 2950 1229 -2102
2484 5218 -6010 357 3791 3972 -292 2657
-2109 4618 -5286 1973 2929 -3421 -1171 -2150
-3078 1381 -2766 2735 -2885 -1005 1465 -446
-488 -1799 -2194 1297 -1692 1675 -1104 868
4139 443 -4081 -262 53 4059 1639 -2052
2281 5299 -5879 2 5280 1254 -737 2290
-1899 4859 -5349 2401 -195 -4560 -1243 -2125
-3525 1677 -3208 3340 -3381 1076 1776 -583
-436 -1943 -2421 1352 -516 2533 -1647 810
4297 886 -4101 -792 2185 3725 1906 -1744
2239 5305 -5783 -58 4663 -2190 -881 2156
-1739 5157 -5394 2755 -3371 -3345 -1659 -1914
-3853 1905 -3536 3686 -2158 3306 2162 -494
-318 -2118 -2704 1202 1093 2648 -2013 478
4259 1090 -3888 -1212 3772 2047 2104 -1262
2266 5279 -5783 141 1995 -4559 -753 1885
-1592 5648 -5838 3320 -5242 -330 -1734 -2041
-4255 1855 -4057 3730 119 4400 2409 -11
-28 -2063 -2544 810 2114 1841 -2068 15
4094 1365 -3619 -1433 3937 -438 1890 -1063
2445 5228 -5719 265 -1375 -4762 -797 1772
-1685 6079 -6252 3613 -4625 3144 -2015 -2383
-4364 1763 -4200 3746 2682 3555 2336 239
330 -1892 -2275 398 2415 398 -2053 -412
3867 1464 -3373 -1451 2639 -2623 1688 -868
2810 5467 -6218 649 -4568 -2876 -804 2149
-1923 6354 -6818 3696 -1828 5758 -2114 -2776
-4428 1722 -3890 3563 4305 1450 2324 461
162 -1573 -1808 456 1943 -1188 -1883 -401
3864 1461 -4221 -1375 404 -3517 1362 -837
3014 5520 -5956 728 -5765 700 -869 2210
-1997 6709 -4731 3827 2122 6119 -1925 -3192
-4212 1689 -2080 3443 4016 -1255 2024 846
230 -1349 -1551 317 739 -1692 -1634 -463
3818 1372 -4158 -1210 -1940 -2832 1277 -897
3286 5871 -6345 891 -4211 4267 -1047 2628
-2119 6728 -4907 3732 5331 3678 -1830 -3255
-4082 1682 -1875 3352 2083 -3422 1621 774
45 -1119 -1222 428 -596 -1482 -1526 -437
3971 1299 -4310 -1072 -3651 -843 1450 -1008
3322 6263 -6810 737 -865 6360 -1518 2795
-2309 6716 -5157 3478 6460 36 -1494 -3385
-3892 1998 -1492 3444 -578 -3918 1601 771
-144 -962 -951 740 -1447 -491 -1559 -251
4111 1318 -4538 -1056 -3678 1623 1664 -1062
3207 6570 -7187 551 3278 5816 -2013 2680
-2314 6651 -5029 3495 4815 -3942 -1297 -3268
-3993 2326 -1213 3761 -3124 -2445 1372 655
-289 -1089 -1066 929 -1660 836 -1927 35
4401 1347 -4827 -1136 -1893 3747 1809 -909
2932 6713 -7325 194 6061 3006 -2283 2482
-2130 6799 -4910 3606 1223 -6326 -1273 -2971
-3970 2641 -1026 4139 -4110 294 1572 684
-314 -1014 -965 958 -855 1713 -2033 100
4490 1676 -5020 -1426 541 4351 1963 -469
2806 6883 -7414 7 6553 -1106 -2526 2262
-1930 6846 -4676 3738 -2808 -5670 -1072 -2817
-4034 2735 -871 4245 -2903 3150 1552 738
-276 -1037 -1012 986 267 1852 -2182 -55
4622 1948 -5233 -1725 3193 3300 2035 -113
2748 6701 -7285 -66 4202 -4749 -2820 2044
-1783 6969 -4538 4012 -5721 -2381 -1220 -2556
-4219 2959 -847 5189 -480 4608 1679 922
-122 -1107 -1253 1519 1360 1554 -2357 -256
4512 2276 -5184 878 4477 1091 1837 223
2805 6626 -7121 4458 275 -6472 -2688 1940
-1452 7186 -4436 7167 -6005 1994 -1342 -2740
-4331 3124 -869 5469 2386 3993 1916 1309
211 -1023 -1353 1163 1734 603 -2235 -393
4261 2551 -4976 463 3887 -1332 1653 627
2771 6513 -6934 4316 -3543 -5275 -2688 1900
-1608 7448 -4543 7562 -3368 5833 -1412 -2759
-4344 3062 -1006 5466 4477 1827 1711 1730
284 -738 -1158 787 1627 -450 -2103 -567
4059 2731 -4778 152 2213 -3332 1402 922
2945 6542 -6895 4534 -5986 -1745 -2447 1967
-1654 7665 -4799 7818 597 7072 -1163 -2884
-4315 3074 -1100 5424 4717 -1096 1594 2019
354 -369 -849 521 899 -916 -1722 -455
3840 2852 -4486 -71 -8 -3942 1140 969
3209 6508 -6962 4704 -5496 2592 -2521 2272
-1711 7904 -4977 7979 4827 5220 -969 -3033
-3969 2971 -973 5011 2571 -3370 1192 2262
512 -52 -463 84 65 -710 -1401 -203
3635 2739 -4281 -87 -2204 -2919 1038 1072
3322 6691 -7245 4931 -2784 6169 -2703 2420
-1902 7908 -5180 7889 7092 1503 -546 -2906
-3852 3076 -738 4747 -209 -4081 904 2269
293 180 -134 -75 -357 -431 -1204 110
3658 2663 -4266 207 -3559 -573 1155 891
3456 6933 -7462 5135 1363 6739 -2829 2339
-2125 7735 -5247 7701 6583 -2726 -13 -2941
-3433 3206 -387 4404 -2805 -2647 797 2052
87 671 533 -203 72 317 -903 624
3738 2734 -4390 237 -2858 1852 1382 1149
3231 7161 -7767 4995 5182 4681 -3176 2400
-1867 7410 -974 7321 3122 -5765 383 -2393
-3110 3482 2594 4225 -3703 -15 747 1748
-281 718 778 95 284 705 -1214 731
3874 2693 -4031 337 -1081 3671 1641 1308
2914 7375 -5021 4686 7174 1106 -3408 1977
-1731 7204 -626 6924 -1110 -6117 611 -1784
-3025 3910 3122 4221 -2487 2542 1173 1694
-370 598 837 267 658 508 -1280 741
4114 2939 -4521 289 1216 3943 1814 1649
2467 7394 -5343 4060 6311 -2763 -3214 1343
-1216 6895 -180 6624 -4690 -3432 409 -1278
-3021 4374 3562 4470 12 4098 1506 1730
-206 381 551 494 1063 311 -1449 549
4257 3387 -5013 -187 3507 2871 1971 2305
1998 7019 -5189 3453 3153 -5557 -2826 946
-747 6840 399 6699 -5619 340 268 -1106
-3205 4651 3824 4820 2653 3828 2078 2062
-50 269 317 401 1005 -29 -1182 361
3965 3934 -5319 -843 4717 1016 1628 2707
1887 6641 -4959 3204 -757 -5749 -2322 729
-359 7195 834 7083 -3713 4107 178 -1216
-3496 4676 3811 5226 4640 1488 2121 2493
509 328 -248 -79 806 -166 -799 -64
3287 4188 -5162 -1528 4181 -1265 976 2919
1876 6139 -4328 3068 -4043 -3390 -1599 922
-223 7421 1179 7459 49 6272 159 -1675
-3705 4339 3443 5386 4856 -1212 2207 2953
878 674 -518 -697 762 194 -107 -193
2831 4413 -4920 -2137 2853 -3034 719 2729
2195 5787 -3713 3421 -5099 130 -1325 1305
-223 7820 1116 7904 3911 5517 791 -2061
-3512 3917 2737 4882 2925 -3127 1658 3197
1297 1259 -668 -1580 1052 801 964 22
2177 4303 -4199 -2323 857 -3124 395 2221
2576 5632 -3375 5651 -3255 3545 -1180 1468
-653 7910 612 7719 6659 2383 1396 -2231
-3138 3640 2350 2548 607 -3940 1027 2798
1213 2075 -220 -2359 1431 720 1483 598
1830 4042 -3529 278 -1219 -2397 620 1429
2988 5764 -3335 6758 -149 5670 -1508 1863
-1215 7699 -124 7798 6718 -1270 2413 -1957
-2418 3398 2200 1754 -1349 -2336 888 2259
880 2488 507 -3002 2210 539 1544 1248
1900 3528 -3084 643 -2091 -731 1267 1113
3007 6186 -3819 7296 3442 5143 -1970 1379
-1521 7181 -622 7478 4388 -4521 3126 -1444
-1728 3642 2535 780 -2267 12 1007 1416
279 2972 1367 -3348 2731 152 1284 1746
2225 3252 -3004 1187 -1643 1419 1906 979
2601 6681 -4539 7533 6188 2648 -2180 635
-1444 6376 -843 6709 1130 -5710 3118 -645
-1042 4104 3280 -137 -1248 2098 1652 591
-443 2715 1952 -2963 2211 -839 639 1644
2545 3305 -3392 1623 -440 2800 2424 1214
1980 6919 -5270 7232 6557 -411 -1919 -577
-1136 5570 -652 5573 -1817 -4092 2768 -223
-905 4883 4233 -440 1234 3413 2521 433
-677 2388 2245 -2437 1954 -1695 104 1079
3110 3562 -4165 2102 1833 2994 2464 2039
1118 6604 -5588 6300 4846 -3707 -1264 -1498
-247 5068 166 4522 -3324 -1074 2134 -133
-1143 5558 5064 -421 3603 2738 3154 552
-512 1861 1711 -1768 730 -1351 132 163
3173 4436 -5183 1870 3901 2380 2146 2581
319 6158 -5477 5241 2498 -5289 -70 -2028
567 5083 1157 4010 -2461 1845 1391 -639
-1728 5769 5189 260 4836 534 3634 1287
17 1149 816 -1058 -11 -727 568 -954
2995 5269 -4785 1246 4756 834 1160 2693
95 5232 -2621 4105 -277 -4491 946 -1922
1255 5479 4421 4078 238 4172 1190 -1674
-2482 5600 5882 1301 5122 -1590 3258 1934
975 1187 -398 -1222 239 41 1507 -1378
1985 5957 -5600 -133 4709 -1350 62 1905
342 4163 -1802 3339 -2308 -2446 1446 -1258
1521 6171 5323 4703 3340 3911 1338 -2572
-2867 4859 5359 1938 3402 -3053 2378 2006
1811 1437 -1619 -1741 1027 1296 2535 -1255
954 6065 -5681 -1353 3942 -3146 -615 719
1086 3588 -691 3449 -2202 464 1380 -555
1107 6858 5683 5754 5700 1712 2200 -3375
-2702 3905 4213 1998 1023 -3574 1281 1464
2214 2517 -2355 -3037 2024 1658 3060 -778
17 5477 -4744 -2143 1947 -3608 -511 -785
1994 3446 364 3944 -333 2852 639 -107
170 7107 5182 6635 6639 -859 3355 -3391
-2008 3126 2883 1417 -202 -2552 371 440
2336 3495 -2656 -4313 3583 787 2991 239
-530 4720 -3665 -2237 101 -3463 37 -1904
2564 3874 880 5110 1965 3251 -571 -459
-633 6854 4105 6901 5221 -3256 3951 -2599
-830 2649 1753 156 -800 -264 196 -1071
1456 4375 -1920 -5359 4550 -330 2030 1033
-199 3457 -2115 -1393 -335 -1654 1085 -2332
2816 4671 666 6103 4542 2065 -1568 -1521
-1283 5843 2544 6324 2807 -4846 3913 -1616
285 3021 1463 -1302 7 1442 873 -2046
551 4643 -766 -5644 4042 -1949 561 994
464 2850 -1472 -314 -377 138 1885 -1927
2326 5577 -261 6612 6240 315 -2024 -2822
-1371 4556 1343 4994 390 -4279 3242 -724
824 3706 1903 -2327 2139 1848 1814 -2622
-585 4104 783 -4822 3063 -3456 -826 236
1515 2631 -1348 2115 662 1091 2087 -786
1182 5841 -1787 6910 5501 -2213 -1310 -4257
-743 3350 628 2540 -1110 -2234 1568 -126
1037 4770 3072 -4740 4132 1536 2875 -2361
-1021 3065 1619 -4094 1883 -3477 -1449 -1038
2530 3267 -2297 3563 2770 1447 1211 138
-87 5729 -3107 6562 4077 -4363 -138 -4733
466 2876 1180 898 -1024 -282 245 -844
259 5759 4550 -5109 4741 -169 3066 -1199
-820 1766 1782 -2602 552 -2543 -1334 -2753
2742 4235 -3694 4314 4404 1027 -188 661
-1115 4856 -3802 5350 2139 -4514 1014 -4543
1684 2733 2134 -572 904 1262 -902 -1970
-905 6068 5736 -4436 5058 -2719 2614 265
20 763 1006 -973 183 -1574 -435 -3544
2239 5317 -5011 4111 4778 -976 -1946 308
-1285 3571 -3372 3631 -106 -3559 1747 -3474
2696 3556 3851 -1214 2791 2158 -1042 -3556
-2178 5612 5903 -2963 4041 -3871 1002 1044
1270 690 -516 108 966 -39 774 -3318
1329 6268 -6039 3151 4978 -2973 -3154 -921
-850 2043 -2209 1886 -490 -2163 1305 -1777
2678 4678 4881 -878 4205 690 -325 -4409
-2784 4406 4955 -1234 1869 -4261 -870 935
2488 937 -2086 422 2296 596 1390 -2268
-121 6125 -5663 1415 3458 -3592 -3356 -2425
209 1197 -594 1036 148 -284 32 -818
2069 5839 5502 462 5539 -1507 924 -4492
-2851 2959 3402 189 663 -3889 -2362 -77
3101 1988 -3134 -417 3283 -210 1221 -554
-1214 5355 -4505 -251 1561 -4008 -2874 -3689
1595 1144 978 1258 1219 1164 -1699 -514
677 6267 4861 2224 5048 -3231 1779 -3375
-1891 1728 1893 691 444 -2097 -3142 -1501
2966 3362 -4907 -1973 4471 -1287 182 611
-1827 3955 -3961 -1349 819 -3739 -1494 -4033
2727 1933 3479 2404 3282 712 -3465 -1092
-646 5930 6150 3767 3321 -5013 2246 -1473
-621 1066 408 2 541 -830 -2666 -2723
1820 4223 -4740 -3605 4087 -2005 -1665 1132
-1441 2547 -2089 -1288 346 -2183 -242 -3106
2984 3098 4083 4051 4825 -539 -4109 -2535
-1675 4784 4463 4344 1816 -5154 1297 152
778 1512 -952 -1693 1509 -352 -1316 -3188
402 4383 -3740 -4706 3263 -3614 -3440 828
-169 1406 -129 -42 566 -625 227 -1445
2477 4366 3778 5712 4982 -2202 -3824 -3891
-1847 3346 2567 3653 304 -3818 -353 1088
1542 2396 -1306 -3294 3235 -91 73 -2330
-948 3568 -1870 -4698 2536 -4136 -4663 -528
1344 1210 998 1861 2078 -418 -347 616
1356 5090 2460 6504 3973 -4599 -2574 -4673
-1125 1917 823 2247 -439 -2650 -2380 1265
1442 3720 -536 -4495 3736 -910 694 -833
-1463 2089 279 -3562 1397 -3451 -4389 -2015
2624 1714 1135 3676 3619 -772 -1834 1939
-167 4986 534 6094 2625 -5246 -990 -4091
421 1148 191 102 210 -1168 -3618 141
384 4972 1273 -4823 4160 -2667 400 1233
-1366 370 1711 -1568 861 -2877 -3159 -2931
3228 2969 5 4837 3736 -1934 -3748 2236
-1186 3835 -1140 4494 833 -4626 190 -2538
1895 1304 748 -1502 1921 -39 -3729 -1314
-1331 5221 3278 -3686 3993 -3673 -1135 2749
-187 -1151 2004 631 1458 -2517 -1411 -2690
2787 4430 -1882 4759 3591 -3725 -5120 1274
-1633 2360 -2002 2445 -509 -3804 352 -280
2770 2553 2421 -2792 2881 -323 -2620 -2186
-2939 4581 4883 -4254 2733 -4230 -3021 3241
1374 -1555 976 1470 1814 -1769 29 -1334
1564 5135 -3501 5055 2891 -4300 -5360 -154
-919 838 -1542 1347 -261 -2160 -654 1405
2786 3993 4359 -3608 4360 -1670 -702 -2145
-3882 3088 5227 -2214 1593 -4772 -4528 2705
2708 -1145 -726 2871 1856 -2002 614 731
52 5057 -4331 3667 1262 -4394 -4490 -1308
515 -196 -25 -542 975 -497 -2426 2201
1924 5358 5894 -2916 4659 -3137 946 -886
-3912 1455 4360 -119 1021 -4484 -5207 1196
3477 36 -2496 3101 2211 -2829 62 2536
-1108 3998 -4054 1607 192 -4103 -2778 -1707
2198 -84 2126 -1510 2164 -646 -4008 1807
316 6026 6518 -1085 3639 -4502 1887 1273
-2999 91 2608 1520 22 -3265 -4526 -286
3132 1311 -3551 2042 2258 -2813 -1350 3618
-1591 2379 -2430 -366 601 -2661 -817 -868
3505 870 4024 -1064 3980 -1759 -4736 256
-1260 5781 5891 1010 2118 -6017 1660 3350
-1648 -762 628 2230 -207 -2647 -3008 -1037
1977 2244 -3387 161 1412 -3168 -2876 3472
-1079 584 -218 -1547 1079 -1699 261 1127
3865 2187 4851 263 4292 -2993 -4183 -1205
-2423 4536 4192 2792 528 -5776 254 4865
-295 -444 -789 1458 574 -2031 -1183 -533
240 2140 -1868 -1742 1370 -3211 -3684 2186
348 -631 1869 -1411 1874 -2074 319 3256
3374 3675 4598 2246 3077 -4901 -2536 -2135
-2660 3036 2168 3534 -1267 -4443 -1389 5105
412 717 -912 -333 1373 -1133 358 925
-1210 1346 210 -2971 2002 -2752 -3361 488
2115 -1011 3316 -14 3291 -2741 -634 4998
1961 4819 3673 4119 1869 -6414 -416 -2076
-1920 1607 2305 2887 -1615 -3004 -2603 4048
39 2162 -1748 -2105 1638 -1464 726 2819
-1907 -373 233 -2975 2051 -3104 -1848 -844
3439 -286 4844 1905 3000 -3628 -2401 5337
429 4560 4773 4859 -154 -5674 1490 -808
-439 951 743 1226 -491 -1338 -2535 2487
-1162 3338 -633 -3464 2969 -2320 -193 4514
-1667 -2099 2344 -1712 1939 -3899 478 -987
4090 1045 4712 3811 1786 -5048 -3631 4325
-573 3681 2839 4440 -1982 -4213 2280 951
1005 1252 250 -784 788 -6 -1130 1038
-2792 3545 1337 -3448 3239 -2996 -1538 4717
-641 -3700 4054 328 2172 -4279 2484 -22
3764 2407 3631 4757 465 -5531 -3844 2946
-790 2132 1252 2887 -1863 -2621 2002 2622
1851 2544 1212 -2124 2110 -705 698 707
-4390 3037 3512 -2488 2638 -4575 -3111 4022
1034 -4131 4254 2452 929 -4528 3728 1739
2726 3206 1938 4545 -1121 -4288 -3099 1169
21 635 519 829 -370 -675 490 3318
1858 4149 2860 -2729 3891 -2153 2962 1388
-5347 1601 5194 -518 1805 -5839 -3845 2282
2236 -3717 3399 3554 -457 -4748 3506 3306
1388 3011 392 3280 -1958 -2869 -1191 462
1451 -174 1039 -1012 1046 59 -892 2626
1031 5542 4995 -2018 3955 -3983 4085 2864
-5508 118 5690 1507 499 -5656 -3199 289
2899 -2524 1758 3729 -1129 -3776 2537 4250
116 2090 -578 1323 -758 -1848 773 467
3062 90 2767 -1623 2831 -1143 -1383 1273
-489 6169 6555 -275 2370 -6150 4214 4585
-4651 -1385 4902 3085 -1627 -4880 -1497 -982
2515 -1581 379 2874 -1765 -2141 1295 4215
-214 371 -19 -519 728 -498 2131 1696
4355 904 4697 -3636 4089 -2909 -990 -850
-1933 6071 7163 -2389 605 -6865 3221 5801
-3471 -1903 3494 1017 -2611 -3850 280 -1272
1488 -640 -494 915 -973 -1169 418 2689
502 -1072 1491 -2300 1920 -834 2403 3282
4801 2496 6523 -3217 3296 -5134 516 -2320
-3178 5050 6630 -504 -1599 -5837 1682 5878
-2245 -1545 1777 1307 -2326 -1624 1979 -573
20 -543 -378 -901 874 -834 584 1034
1628 -2126 3479 -3327 3266 -2752 1512 4421
4318 3858 7351 -1920 1020 -7025 2300 -2978
-3244 3593 5163 899 -3576 -4237 374 4816
-1670 -548 768 447 -1423 106 2361 677
-1319 -1264 903 -2899 2267 -1152 1652 -667
3226 -2317 5280 -3228 3190 -4425 43 4591
3165 4788 7013 -135 -1109 -6618 4087 -2345
-2529 2446 3416 1431 -3405 -1964 153 3041
-1949 792 779 -1206 859 -23 1913 1731
-1945 -2716 2796 -3927 2621 -2746 3298 -1360
4482 -1847 6331 -2102 1028 -6136 -1373 3609
2036 4529 5722 1138 -3409 -4578 4968 -1063
-1285 2012 2338 680 -2025 745 779 1427
-2962 1983 1721 -3080 2979 -904 638 1902
-1636 -4312 4688 -3951 2681 -4883 5132 -979
5070 -777 6359 -528 -1233 -6493 -2031 1868
1079 3737 4130 1791 -4286 -2462 4593 176
-119 2369 1962 -677 158 1268 1928 515
-4354 2257 3423 -4265 3249 -2656 -865 1094
-811 -5491 5946 -3089 943 -5904 6047 244
4725 476 5270 1042 -2975 -4822 -1882 79
846 2537 2690 1305 -2676 -5 3528 631
622 3398 2672 -2392 2762 -87 3310 371
-5590 1584 5093 -4258 2516 -5090 -1694 -460
347 -5786 6080 -1564 -1828 -6053 5961 1347
3717 1177 5415 1641 -4055 -2369 -816 -1314
1605 1501 2149 57 -487 1836 2309 186
652 4774 1349 -3692 3955 -2165 4279 1246
-6420 825 4164 -3723 849 -6665 -1634 -2505
1395 -5322 5717 -51 -3375 -4556 4937 2309
2674 1114 3677 1380 -3419 -329 413 -1508
2599 881 1556 -1595 2035 822 1294 -1189
7 5896 2788 -4048 3026 -4584 4149 2536
-6341 -615 5285 -2221 -2039 -6032 -731 -3708
1908 -4448 4914 796 -3936 -1774 3538 2096
1768 385 2391 266 -882 1410 1244 -1023
3880 982 1968 -2941 3842 -1480 1196 -2723
-1269 6405 4508 -3535 1067 -6859 2983 3379
-5675 -1397 5434 -897 -4221 -4456 429 -4334
1623 -3237 3420 776 -3265 235 2213 1162
1460 -736 1747 -1202 1422 1344 1363 -236
4678 1804 3331 -3371 3615 -3762 2006 -3992
-2327 6062 5513 -2221 -1733 -6695 1533 3413
-4727 -1898 4960 254 -4498 -1724 1709 -4044
864 -2492 2186 22 -1230 1203 1645 -10
1747 -1926 1887 -2575 3088 -1046 764 734
4853 2998 4743 -2915 1373 -5999 3116 -4445
-2934 5446 5894 -990 -4486 -4749 154 2720
-3785 -1417 3666 322 -3392 1127 1948 -3354
-292 -2309 1461 -1362 1554 1194 1918 -1252
2736 -2638 2945 -3199 3405 -3437 -751 809
4587 3909 5866 -2128 -1390 -6938 4027 -4269
-3124 4456 5516 98 -5302 -2070 -662 1493
-3250 -598 2413 -409 -1343 1986 1455 -2360
-1206 -2916 1540 -2718 3050 -821 2852 -1950
3784 -2569 4330 -2910 1439 -5019 -2089 197
3645 4604 6392 -702 -3933 -5324 4483 -3241
-2550 3573 4356 355 -3987 1124 -836 202
-3364 469 1507 -1620 1663 1390 445 -1881
-1554 -3499 2214 -4793 2933 -3321 3608 -1595
4634 -1936 5507 -4911 -1117 -6108 -2940 -1018
2790 4596 6124 -3473 -5496 -2498 4208 -2273
-1762 3394 3256 -2665 -1593 3058 -322 -378
-3819 1286 1342 -3791 3233 -432 -817 -2143
-1443 -4522 3407 -5144 1404 -4894 3881 -869
4851 -1040 5971 -4031 -3314 -5126 -3077 -2271
2225 3970 5160 -2608 -4686 418 3310 -1346
-834 3670 2383 -3240 1362 2268 360 -486
-4720 1592 1962 -5093 3094 -3254 -1758 -3072
-716 -5048 4425 -4961 -1518 -5185 3635 179
4470 -341 5682 -2942 -4872 -2427 -2635 -3090
2123 3272 4162 -2256 -2182 2951 2159 -1408
-252 4361 2173 -4271 3817 336 717 75
-5354 1362 2871 -5676 1314 -5308 -1886 -4058
59 -5199 4952 -4370 -3648 -4452 2796 928
3885 304 4969 -1897 -4710 38 -1861 -3410
2498 2318 3184 -2516 623 3027 1100 -1909
-313 5116 2538 -5155 3796 -2551 528 861
-5890 657 3905 -5952 -1360 -5393 -1594 -4761
743 -4610 4821 -3226 -4396 -2109 1490 1360
3229 376 4103 -1360 -2493 1865 -1258 -2939
3159 2262 3103 -3277 2961 1267 739 -2379
-598 5860 3398 -5955 1902 -5371 -176 1672
-5609 -58 4384 -5222 -4083 -4068 -775 -4908
1071 -3851 4073 -2196 -4044 458 338 984
2599 8 3178 -1473 -88 2902 -1234 -2177
3823 2265 3265 -4122 3991 -1317 891 -2934
-1351 6207 4418 -6126 -826 -6118 -1362 1867
-5165 -454 4304 -4548 -4813 -1708 -235 -4483
930 -3045 3177 -1731 -2293 1949 -170 480
2364 -571 2825 -2100 1931 1605 -1789 -1476
4158 2906 4115 -4795 2778 -4112 1526 -2969
-1935 6009 4942 -5854 -3933 -4551 -2434 1731
-4288 -391 2577 -3471 -3863 1275 104 -3667
410 -2312 1185 -1645 360 1922 -257 -191
2561 -1125 892 -2622 3027 -598 -2370 -1036
4134 3477 1569 -4898 115 -5676 2071 -2580
-2161 5468 2143 -5069 -5620 -2064 -3104 1084
-3643 -197 1311 -3023 -1905 2860 -155 -2788
-151 -2196 468 -1988 1784 1040 91 -440
2958 -1392 926 -3200 2543 -2699 -3243 -1060
3983 4024 2278 -4801 -2763 -5040 2427 -1803
-2152 4908 2249 -4357 -4826 948 -3056 600
-3214 465 485 -2959 858 2438 -718 -2242
-533 -2316 87 -2528 2181 -1083 376 -156
3446 -1361 1551 -3332 464 -4123 -3447 -1455
3375 4392 2955 -4141 -4856 -2727 2245 -786
-1747 4491 1840 -3900 -2490 3464 -2759 181
-3102 996 -204 -3174 2620 789 -1245 -1872
-668 -2419 38 -2824 1565 -2593 642 341
3771 -822 2289 -3055 -1671 -4312 -3615 -2017
2923 4344 3192 -3478 -5346 -128 1744 -27
-1093 4320 1102 -3781 470 3793 -2423 214
-3466 1520 -789 -3766 2612 -1428 -1688 -2001
-606 -2546 276 -2915 -166 -3006 521 1007
3701 -180 2762 -2331 -3106 -2709 -3105 -2297
2418 4029 3106 -2749 -3516 2391 1091 462
-587 4357 390 -3984 3069 1863 -1951 641
-3568 1867 -1062 -4099 1157 -3515 -1824 -2291
-263 -2700 783 -2694 -1877 -2761 98 1599
3591 261 3090 -1715 -4107 -788 -2425 -2350
2365 3649 2630 -2583 -936 3936 589 348
-433 4763 72 -4501 3857 -684 -1816 1292
-3820 1883 -1001 -4403 -822 -3734 -1506 -2450
251 -2507 1184 -2212 -2550 -1507 -483 1875
3132 788 3140 -946 -3336 857 -1778 -1883
2327 3293 2238 -2575 1630 3047 238 315
-312 5071 -163 -4875 2517 -3487 -2081 1890
-3848 1664 -589 -3710 -2942 -2675 -1062 -2455
459 -1872 1184 -2046 -2324 191 -917 1784
2757 982 2786 -2496 -1650 2307 -1484 -1542
2606 3190 1920 -4351 3493 1097 480 239
-408 5217 -17 -5153 5 -4845 -2218 1905
-3488 1441 -353 -3404 -3681 -604 -633 -2147
655 -1343 1157 -1345 -1699 801 -1143 1434
2355 1058 2478 -2030 -117 2532 -1204 -988
2906 3229 1808 -4618 3452 -1351 722 256
-633 5427 241 -5428 -2520 -4065 -2653 1757
-3089 1241 -264 -2972 -2614 1442 -320 -1303
564 -689 666 -732 -368 858 -1073 1194
2250 928 2205 -1896 1456 1583 -1346 -562
3013 3502 2006 -4941 1657 -3695 1157 484
-927 5196 730 -5412 -4396 -1996 -2818 1633
-2584 1393 -478 -2446 -829 2600 -290 -958
631 -240 423 -162 156 659 -984 1056
2139 825 2005 -1973 2130 105 -1475 -377
2857 3722 2341 -4983 -539 -4509 1448 893
-820 5136 664 -5122 -4367 1018 -2721 1402
-2319 1635 -811 -2037 892 1997 -303 -622
292 55 29 57 268 -47 -548 867
2198 902 2135 -1989 1695 -1120 -1350 -498
2743 4098 2763 -5156 -2894 -3453 1429 1372
-708 4837 614 -4837 -2543 3380 -2484 1051
-1920 1991 -1306 -1627 2218 454 -476 -374
-1 357 -433 208 -41 -701 -90 1007
2291 1082 2307 -1974 705 -2249 -1122 -564
2497 4252 3070 -4950 -4261 -1298 1356 1698
-606 4503 527 -4457 -42 3849 -2104 965
-1751 2502 -1870 -1371 1902 -1167 -510 -323
9 394 -540 202 -408 -577 45 1190
2372 1418 2730 -1963 -364 -2716 -831 -769
2129 4220 2375 -4574 -3912 1137 1093 1929
-266 4444 -2394 -4149 2452 2472 -1756 1067
-1511 2688 -3039 -1120 277 -2393 -628 -414
231 501 -310 235 -494 -181 -117 1384
2274 1872 2026 -1492 -1495 -2147 -217 -660
1953 4098 633 -4255 -2210 3159 711 1928
-36 4488 -2639 -4113 3681 311 -1459 1128
-1594 2931 -3324 -1246 -1305 -2431 -467 -522
423 664 -95 451 -241 13 -215 1264
2295 2249 2436 -1297 -2567 -1247 49 -627
1933 4043 620 -4053 35 3645 757 1813
110 4655 -2942 -4123 2910 -2126 -1372 1271
-1496 2959 -3320 -1235 -2726 -1037 -270 -765
528 812 121 636 57 66 -218 1252
2016 2425 2582 -830 -2407 189 334 -419
1755 3957 674 -3775 2005 2510 609 1559
309 4783 -3251 -4275 704 -3714 -1419 1394
-1432 3130 -3429 -1225 -2889 787 44 -720
805 1322 474 1209 264 -369 -293 852
1616 2657 2773 -356 -2021 1411 770 -148
1871 3755 489 -3855 3371 685 780 1389
346 4851 -3186 -4374 -1782 -3423 -1323 1325
-1229 3110 -3220 -998 -1392 1995 158 -573
1034 1678 798 1688 -66 -1158 -240 490
1416 2833 2855 20 -1046 1920 722 159
1964 3610 284 -3796 2868 -1537 924 1455
347 4938 -3245 -4503 -3719 -1652 -1552 1254
-1132 2958 -3002 -895 122 2489 409 -422
899 2239 773 2184 -661 -1353 3 207
1327 2837 2812 87 385 2186 720 118
2074 4004 409 -4207 1235 -3333 1099 1596
188 4965 -3089 -4605 -4086 558 -1461 808
-513 3050 -2820 -266 1665 1302 197 -152
720 2343 611 2367 -1438 -997 317 -80
1328 2707 2684 -328 1691 1494 760 132
1936 4108 432 -4458 -1003 -3416 1093 1534
194 4819 -3007 -2457 -2673 2764 -1384 484
-442 3192 -2938 1718 2217 -391 128 -229
727 2728 547 2281 -2003 -151 606 -142
1325 2829 2789 -1709 2151 98 703 -53
1832 4430 745 -4740 -3138 -2414 1079 1833
150 4722 -2863 -2461 -508 3634 -1088 252
-73 3381 -2871 2107 1198 -2048 48 -258
532 2928 388 2469 -1707 982 738 -17
1420 3025 2988 -1818 1924 -1404 813 -159
1591 4443 1079 -4659 -3855 -574 760 1865
239 4290 -2620 -2169 1623 2831 -819 101
147 3900 -3232 2593 -604 -2749 -128 -420
426 2945 285 2521 -811 1811 851 148
1624 3202 3242 -2051 611 -2374 1018 -239
1423 4600 1368 -4802 -3436 1711 467 1895
579 4293 -2912 -1762 2974 734 -616 312
167 4086 -3638 2766 -2321 -2283 -294 -760
486 3107 355 2605 559 1969 851 110
1696 3560 3666 -2154 -1141 -2645 1449 -268
1018 4691 1651 -4746 -1845 3328 185 1686
757 4203 -2994 -1573 2563 -1444 -572 339
49 4305 -3887 2792 -3331 -492 -132 -1090
745 2920 491 2295 1599 1019 616 193
1605 3994 4113 -2072 -2718 -1886 1608 -122
934 4418 1688 -4393 244 3465 -132 1268
1229 4477 -3535 -1276 784 -3289 -706 422
-111 4399 -4104 2675 -3164 1540 106 -1318
1003 2951 859 2206 1918 -417 433 -49
1468 4212 4360 -1934 -3476 -126 1738 267
1057 4219 1426 -4119 2161 2186 9 950
1244 4702 -3904 -1287 -1622 -3408 -970 619
-281 4327 -3986 2422 -1681 2776 580 -1255
1204 3189 1242 2251 895 -1831 140 -417
1236 4550 3700 -1654 -3340 1723 1736 568
1187 3966 -1230 -3876 2762 150 391 777
1194 5098 -5110 -1676 -3559 -2085 -1443 292
-220 3895 -2397 2042 243 2951 823 -1004
1487 3544 3076 2470 -722 -2435 331 -892
968 4456 3648 -1157 -1614 2950 1334 816
1632 3911 -1697 -3862 1898 -2084 491 757
827 5391 -5361 -2222 -4485 15 -1700 -116
65 3798 -1994 2103 1889 1855 661 -678
1693 4035 3649 2982 -2607 -2017 752 -1107
649 4222 3539 -841 194 3255 919 863
1984 4095 -2274 -4204 -78 -3373 913 998
557 5489 -5372 -2583 -3773 2428 -1696 -544
315 3616 -1569 2264 2341 -150 406 -422
1315 4502 3729 3584 -3630 -553 1141 -1106
784 3857 3078 -892 1645 2045 463 515
2145 4780 -2463 -4965 -2434 -3214 711 1559
247 5307 -5016 -2845 -1762 3849 -1399 -1116
862 3787 -1075 2857 1374 -1969 -114 -388
1078 4715 3564 3999 -3517 1284 1452 -969
1066 3528 2594 -1159 2156 44 439 118
2175 5150 -2447 -5483 -4386 -1445 386 1953
159 4808 -4484 -2629 624 3640 -741 -1220
1084 4123 -1101 3458 -652 -2885 -543 -910
639 4550 3099 4020 -2200 2819 1595 -323
1519 3388 2237 -1683 1268 -1856 439 -394
1902 5634 -2172 -5943 -4874 1069 -281 2130
339 4369 -3960 -2155 2447 1878 -345 -1033
1159 4688 -1320 3919 -2798 -2570 -631 -1413
355 4144 2319 3828 -615 3186 1346 266
2038 3514 2102 -2452 -736 -2824 1108 -702
1377 5616 -1526 -5828 -3502 3274 -864 1730
702 4175 -3858 -1637 2736 -274 -207 -566
926 5341 -1927 4215 -4334 -988 -251 -1948
306 3557 1852 2048 865 2350 835 401
2352 4022 2563 -4415 -2806 -2409 1701 -296
871 5547 -854 -5004 -1340 4404 -1217 1094
1314 4235 -4012 1429 1365 -2417 -316 31
493 5453 -2592 5485 -4458 1280 263 -2377
605 2931 1651 1358 1310 779 80 466
2384 4509 3170 -4931 -4228 -585 2001 134
717 5011 -508 -4427 1176 3667 -1245 435
1735 4641 -4609 2012 -1081 -3314 -1043 267
-273 5382 -3398 5043 -3323 3061 997 -2081
1025 2661 1965 571 827 -928 -497 -221
2053 5103 3942 -4948 -4377 1688 1997 939
970 4392 -754 -3631 2795 1681 -746 95
1883 5384 -5603 2373 -3684 -2846 -1813 -15
-830 4837 -3667 4334 -1495 4006 1708 -1439
1774 2689 2682 -101 -629 -1795 -359 -977
1556 5231 4306 -4582 -3014 3446 1420 1381
1513 3848 -1392 -2789 2351 -869 -136 -65
1718 6225 -6532 2138 -5459 -573 -2577 -716
-1061 4152 -3441 3359 323 3579 1704 -638
2181 3245 3497 -204 -2271 -1573 110 -1527
946 4933 4272 -3669 -854 3803 450 1312
2408 3883 -2502 -2347 383 -2948 472 598
979 6763 -6835 1294 -5451 2222 -2672 -1721
-749 3474 -2692 2640 1501 1987 1377 58
2270 3880 4107 121 -3550 -314 670 -1589
755 4055 3443 -2707 1070 2800 -296 896
3139 4461 -3490 -2529 -2511 -3178 603 1454
187 6949 -6772 216 -3963 4653 -2094 -2561
-278 2968 -1918 2270 1578 64 439 225
1655 4479 4033 1045 -3766 1095 1519 -1034
883 3045 2282 -1993 1575 933 -601 -88
3426 5274 -4050 -3364 -5062 -1711 -21 2296
-514 6545 -6094 -731 -1372 5695 -1296 -3021
419 3033 357 2499 379 -1432 -364 -16
792 4595 4694 2095 -3144 2396 1789 -130
1491 2299 -260 -2030 871 -839 -303 -898
3389 6173 -6849 -4511 -6193 1011 -1134 2743
-726 5718 -5634 -1177 1339 4640 -379 -2738
854 3730 1259 3514 -1522 -2165 -741 -807
-67 4221 3928 2833 -1853 3099 1320 1018
2501 2137 -1338 -2981 -1135 -1837 632 -1376
2723 6928 -6854 -5580 -5163 4208 -2285 2484
-508 4888 -4651 -961 2774 2287 169 -1980
851 4585 1498 4533 -3474 -1548 -521 -1839
-679 3268 2581 2959 -885 2738 195 1553
3511 2302 -2392 -4157 -3510 -1256 1767 -1076
1901 7091 -6079 -6231 -2700 6188 -2863 1605
33 4401 -3766 -255 2583 -515 14 -924
236 5514 749 5490 -4776 234 570 -2482
-830 2017 1008 2250 -360 2165 -1144 1533
4154 3102 -2506 -5374 -4709 585 2464 -168
1356 6601 -4928 -6036 456 6013 -2957 447
1089 4473 -3351 1164 365 -2819 -819 -253
-828 5927 -579 5666 -5002 2265 1741 -2097
-222 775 -121 866 -410 1416 -2107 423
4076 3958 -1994 -6088 -4303 3107 2403 1056
1078 5548 -3776 -5085 2725 3817 -2422 -484
1925 5271 -3890 2264 -2685 -3286 -1975 -166
-2071 5672 -2181 4962 -4064 4055 2608 -1071
871 127 -521 -708 -1103 980 -2461 -666
3344 4633 -688 -6011 -2830 4681 1566 1906
1449 4371 -3266 -3560 2931 457 -1158 -479
2140 6339 -5096 2769 -5498 -1403 -3174 -1087
-2923 4728 -3432 3645 -2085 5178 3103 312
1805 194 -1 -1625 -1502 1009 -1764 -1795
2441 4805 439 -5172 -640 4955 345 2420
2468 3561 -3668 -2188 946 -2391 -223 332
1665 7693 -6723 5036 -7102 1629 -3395 -2516
-3351 3397 -4062 4509 -205 5029 2355 1830
2432 788 1069 -2528 -1894 1571 -543 -2122
1483 4197 1099 -4405 1096 3648 -783 1880
3840 3553 -4879 1486 -2201 -3159 212 1593
528 8558 -8146 6033 -6346 4974 -2792 -3608
-3028 2108 -3681 2822 1361 3685 914 2519
2455 1866 2419 -2646 -2013 2028 504 -1444
930 2851 780 -2657 1246 1513 -1338 464
4937 4130 -6501 2234 -5454 -1514 -564 3235
-870 8542 -8791 4465 -3624 7118 -1277 -4367
-2068 1322 -2368 1573 1791 1950 -433 2351
1634 2826 3262 -1679 -1768 2165 1153 -194
1243 1310 -354 -1011 48 -266 -914 -865
5404 5366 -8009 2002 -7051 1636 -2004 3752
-1931 7915 -8511 2918 -44 7653 313 -3972
-1013 1556 -948 1192 898 228 -1331 1358
371 3098 3150 -41 -1629 2303 711 1256
2299 -159 -2352 237 -2150 -630 380 -1574
5289 6846 -9021 901 -6530 5236 -3528 3590
-2251 6573 -7240 1398 3175 5718 1451 -2870
-241 2457 237 2009 -925 -993 -1071 -58
-953 2378 1861 1775 -1982 2197 -707 2396
3627 -639 -4149 264 -4108 569 1934 -1397
4565 7711 -8857 -755 -3482 7881 -4706 2637
-1830 5244 -5577 807 4277 2552 1479 -1196
-355 3747 260 3531 -2699 -912 151 -783
-1781 946 -2 2967 -2111 2496 -2182 2281
4998 -289 -5453 -664 -5108 2774 3336 -2
3142 7821 -7583 -2274 329 7960 -4836 1018
-695 4447 -4109 1400 2804 -804 521 43
-1153 4969 -577 5300 -4682 871 1787 -771
-1906 -878 -2106 3317 -2386 3256 -3635 1308
5674 809 -5410 -2250 -4106 5149 3452 1734
1909 7047 -6454 -3168 3387 5857 -4031 -380
528 4521 -1697 2648 -109 -2810 -772 351
-2713 5513 1540 6526 -5205 3003 3082 560
-967 -2358 -2355 2337 -2344 3912 -4096 -384
5540 2229 -7023 -3951 -1941 6589 2884 3311
1596 5530 -5623 -2505 4347 2448 -2310 -767
1639 5437 -1092 4636 -3743 -2364 -2200 -459
-4251 5205 -278 6891 -4245 5454 3621 2498
284 -3112 -3820 677 -1495 4286 -3228 -1950
4558 3216 -5816 -4745 637 5921 1375 4065
2107 3988 -4019 -1185 2663 -928 -794 -72
1959 6973 -1737 6120 -6420 215 -2346 -2090
-5481 3942 -2446 6085 -2402 7142 2919 4371
1637 -2949 -4145 -1281 -414 4541 -1557 -2790
3207 3310 -4027 -4443 2501 4018 -54 3518
3271 2868 -3148 877 -534 -2632 126 1603
1345 8447 -3340 6643 -6757 4088 -1752 -3508
-5732 2155 -4139 4245 -67 6987 1471 5372
2324 -1784 -3212 -2322 389 3913 200 -2316
1891 2459 -2220 -3050 2282 1888 -807 2110
4844 2452 -3390 2773 -4168 -1470 -301 3352
17 9324 -5446 5966 -4899 7637 113 -4416
-5017 621 -4624 2160 2234 5469 -316 5110
2346 -331 -1452 -2418 629 2507 1345 -765
1210 867 -1235 -879 472 -138 -485 505
6115 3357 -4908 3621 -6435 1528 -1570 4193
-1629 9221 -7111 4294 -1438 9393 2131 -4029
-3808 -150 -3809 764 3166 3308 -1489 3919
1446 712 239 -1255 386 1602 1466 885
1454 -1030 -1469 1207 -1847 -412 1052 -621
6676 4853 -6881 3363 -6161 5318 -3302 4221
-2895 8104 -7814 2035 2069 8382 3960 -2796
-2446 -193 -2182 157 2225 948 -1507 2116
-210 1061 1269 765 -1020 1173 399 2100
2367 -2362 -2738 3214 -3877 1326 3066 -673
6317 6440 -8596 7111 -3516 8411 -4769 2702
-3309 6350 -7014 4973 4590 5425 4308 -888
-1422 852 -380 1306 377 -588 -335 775
-1584 465 1215 1719 -2131 1578 -1109 2265
4033 -2868 -4852 4942 -4738 3705 4654 474
5119 7381 -9260 5576 131 9284 -4950 932
-2776 4875 -5394 3404 4938 1899 3784 796
-1388 2451 986 2253 -1934 -172 1452 278
-2517 -1131 -74 3933 -2898 2961 -2658 1220
5377 -2312 -6726 4905 -3079 6077 5451 2278
3701 7382 -8802 3634 3532 7344 -4097 -780
-1421 3748 -3242 2672 2602 -1274 2294 1309
-2331 3802 1120 4199 -4125 1339 3146 1146
-2580 -3005 -2115 5397 -2806 4925 -3124 -695
6052 -880 -7718 3698 -552 7603 4828 3928
2418 6344 -7098 1805 5147 4047 -2020 -1792
131 3654 -1419 3200 -733 -1969 662 674
-3675 4493 153 6175 -4429 3620 3876 2814
-1619 -4535 -4204 5608 -1328 6100 -2309 -2466
5776 553 -7527 1786 1905 6898 3306 4665
1904 4645 -4948 939 4178 487 -65 -1383
1143 4810 -1063 4886 -3933 -514 0 -887
-5331 3928 -1924 7556 -3270 6301 3599 4494
-150 -5225 -5622 4511 888 6272 -500 -3881
4627 1527 -6148 167 3812 4574 1549 4416
2273 2893 -3053 1315 1344 -1694 1144 -174
1573 6267 -1536 6855 -5678 2494 466 -2942
-6429 2624 -4010 7873 -914 7744 2088 5485
1160 -4823 -5745 2722 2431 5542 1577 -3776
3046 1819 -4079 -933 3745 2146 243 2804
3500 1594 -2036 2872 -1874 -1331 1107 1299
877 7689 -3274 8221 -4593 5752 1992 -4171
-6588 861 -5474 6916 1977 7174 117 5221
2094 -3483 -5175 722 3071 3492 3052 -2795
1558 1038 -2248 -740 1820 -50 374 919
4921 1416 739 4781 -4413 992 65 2250
-446 8491 -170 8602 -1891 8257 3842 -4222
-5788 -782 -3208 4915 4053 5515 -1393 3753
2077 -1949 -3084 -444 2842 1504 3437 -1256
818 -571 -351 654 -552 -514 1388 -703
6198 2187 328 6419 -5015 3986 -1605 2164
-1983 8148 -2153 7762 1436 8426 5512 -3288
-4343 -1525 -3477 2875 4183 2965 -1574 1652
1264 -586 -1278 -549 1317 578 2620 153
876 -2418 815 2748 -2560 1081 3221 -1299
6644 3594 -1080 7110 -2842 6809 -2918 841
-3117 6991 -3719 5949 4445 6408 6011 -1476
-2831 -1438 -2698 1375 3192 463 -914 -243
-367 -36 804 725 -995 358 1006 323
1944 -3732 803 4632 -3470 3462 4732 -801
6190 4982 -2862 6584 286 8265 -3577 -1072
-3425 5242 -4192 3869 5444 3665 5218 119
-1824 -121 -838 1097 1120 -781 593 -1029
-1756 -586 1970 2489 -2046 1904 -654 -465
3084 -4109 -424 5577 -2513 5486 5318 796
4903 5838 -4363 4950 3239 6938 -2998 -2960
-2981 3534 -3617 2164 4280 818 3898 670
-1645 1394 1021 1861 -1379 154 2189 -961
-2499 -1875 1904 4361 -2215 3982 -1512 -2154
4304 -3416 -2182 5354 248 6813 4693 2124
3309 5843 -5055 2917 5323 4540 -1490 -4346
-1680 2406 -1898 1373 2091 -1278 2069 429
-2349 2648 2182 3397 -2758 1658 2794 36
-2445 -3502 785 5489 -1526 5394 -1235 -4195
4794 -1865 -3860 3922 2412 6390 3112 2946
2013 4777 -4449 1122 4855 1922 133 -4192
-233 2476 3 2070 -524 -1122 901 -1201
-3589 3221 2358 5213 -2452 4137 2453 1502
-1556 -4732 -1029 5913 551 6015 1 -5523
4539 -481 -4629 5421 4361 4194 1322 2652
1530 3191 -2880 2708 2763 -532 1126 -3213
893 3227 1452 2361 -2634 990 597 -2769
-4724 2814 1417 4944 -1068 5988 1137 2313
-224 -5061 -2727 5709 2960 5502 1566 -5612
3468 777 -4462 3461 4660 2167 -384 1418
1773 1564 -983 1837 674 -1304 1280 -1886
1168 4493 1944 3701 -2832 3187 1270 -4012
-5491 1677 -178 6087 918 6109 -830 2268
1241 -4393 -3828 4464 3612 3804 2772 -4602
1865 1015 -2954 1719 2899 483 -940 -235
2727 367 716 2016 -1451 157 234 -782
730 5716 1333 5275 -1228 5725 2660 -4325
-5503 44 -1978 6098 3208 5072 -2346 1151
1880 -3220 -3731 2874 3961 1521 2940 -3284
457 366 -1188 688 960 -463 -446 -1855
4017 287 1271 3216 -2604 2301 -1344 -583
-516 6154 -221 6304 636 6267 3535 -3583
-4575 -1159 -3090 5061 4336 3466 -3140 -511
1984 -1727 -2698 1068 2817 592 2071 -1750
-247 -723 394 665 -335 90 447 -2517
4842 821 1013 4561 -1561 4099 -2776 -1329
-1746 5827 -1832 6560 2736 5246 3890 -2137
-3227 -1686 -3182 3368 3656 1159 -2783 -2047
1304 -343 -1049 -55 911 260 689 -1222
-139 -2074 1193 1707 -1393 1899 1422 -2110
5117 2037 -214 5787 544 5679 -3692 -2610
-2541 4700 -2936 5665 4398 3516 2998 -727
-2063 -1540 -2494 1753 2736 -387 -1950 -2883
151 28 436 -133 -283 453 -983 -1463
532 -3080 1193 3117 -1235 3354 1859 -983
4670 3093 -1680 6074 2179 5158 -3598 -4019
-2817 3368 -3270 4238 4301 1592 1630 128
-978 -666 -455 406 904 0 -884 -2870
-855 -169 2268 510 -482 1782 -2103 -2358
1651 -3167 2664 4330 410 4160 1269 419
3743 3764 82 5549 3675 3416 -2680 -4863
-2265 1944 -1341 2455 2710 -385 -195 198
-838 514 790 154 -574 568 -230 -1853
-1482 -1058 3148 1763 -396 3376 -2473 -3355
2453 -2696 1743 4911 2121 4544 44 1432
2457 3785 -1228 4245 4396 1932 -1693 -4663
-1300 1244 -821 1272 1435 -827 -1479 -488
-1141 1652 2238 586 -588 1762 -356 -508
-1384 -2033 3011 3007 725 3585 -1975 -4163
2684 -1438 188 4346 2837 3121 -1614 1570
1459 2954 -1866 2631 3218 377 -571 -3631
-195 1161 172 762 -265 212 -1938 -1428
-2134 2100 3115 1786 -24 3251 -1181 631
-733 -2973 2118 3748 2291 3496 -747 -4065
2307 -265 -984 3199 3491 1709 -2997 962
1006 1708 -1356 1298 1472 -788 -515 -2055
440 1850 1537 1191 -1148 1185 -1484 -2248
-2762 1806 3148 2713 758 3738 -2532 1063
289 -2957 776 3382 2705 2607 -2 -3163
1473 623 -1598 1724 3052 957 -3511 -34
1170 746 -529 718 595 -354 -1197 -937
826 2664 2435 1963 -36 2428 -931 -2393
-3245 1062 2470 3366 2301 2959 -3738 723
1084 -2465 -383 2407 2551 1186 271 -1639
508 895 -1574 524 1833 -62 -3459 -955
1741 -95 732 831 -545 883 -2301 -94
553 3446 2742 3068 825 3642 -38 -1797
-3212 176 1422 3448 3230 2031 -4386 29
1711 -1324 -1104 958 2363 592 -341 -429
-559 754 -946 -331 1000 -205 -2594 -1301
2641 -21 1561 1845 -632 1407 -3307 -148
-208 3797 2212 1925 1740 3298 399 -403
-2601 -792 181 2511 2620 923 -4236 -693
1802 -308 -1189 1124 1734 500 -1143 536
-985 -18 195 59 427 550 -1694 -603
3102 275 1809 1096 515 2364 -3784 -627
-1025 3533 1126 2650 2921 2105 -55 841
-1646 -1075 -492 1736 1863 -327 -3323 -915
1330 597 -514 -26 658 226 -2246 811
-915 -798 1045 67 -175 1231 -1111 178
3282 1076 1395 2141 1064 3035 -3712 -1058
-1400 2973 228 2545 3065 940 -795 1650
-735 -839 -624 631 1318 17 -2285 -668
590 977 446 -716 702 661 -2801 707
-562 -1277 1381 672 540 1097 -1186 1271
3013 1831 601 2896 2062 2351 -3039 -1471
-1602 2080 -492 2257 2137 -218 -1512 2268
-309 -135 -30 -308 298 313 -1748 195
79 1112 1134 -991 1027 1325 -2971 254
139 -1276 1125 1513 1005 1758 -1584 2245
2405 2363 -263 3128 3008 1177 -2228 -1121
-1291 1417 -727 1376 1450 -972 -2164 2038
126 593 722 -1245 10 855 -1261 1398
-191 577 1622 -479 737 1070 -2503 -180
660 -736 389 2290 1084 1975 -2291 2592
1647 2355 -1178 2797 2485 712 -1219 -298
-726 893 -414 415 696 -276 -2418 1672
-112 1141 1467 -1295 826 1502 -1353 2214
-133 159 1490 55 1291 696 -1594 -44
903 27 -542 2550 1636 1254 -2773 2425
1178 1991 -1398 2173 1759 -430 -593 581
85 1157 461 -250 -525 280 -1933 1163
-581 1602 2086 -1116 1376 1796 -1706 2655
285 -253 997 733 1247 871 -662 548
751 768 -1353 2267 2053 1029 -2829 1905
1032 1429 -1291 1444 1303 -1011 -748 1613
489 1391 1343 -505 -146 929 -1188 1028
-863 1564 2211 -564 1448 832 -2067 2752
807 -218 545 924 775 493 -365 1402
234 1235 -1247 1766 1698 868 -2463 1556
1149 867 -268 799 400 -511 -847 2131
657 1891 2043 -195 740 1954 -443 1439
-1110 1189 2274 -71 2114 193 -2267 2405
1427 103 -325 748 942 223 -193 2075
-298 1482 -1668 1019 1500 -39 -1636 1343
1516 799 289 876 -743 -377 -1003 2063
379 2623 2681 449 1201 1853 367 1979
-1087 796 1975 158 1489 -102 -1856 2066
1630 687 -936 221 859 941 -347 2651
-606 1338 -1641 536 1532 -599 -775 1367
1885 709 780 948 -352 501 -1000 2061
118 2861 2889 926 2029 928 753 2658
-813 581 1387 149 638 -790 -1108 1783
1588 1388 -1337 -439 607 1029 -570 2790
-832 1041 -1362 233 655 -385 5 1824
2217 1128 1181 1542 229 1717 -699 1586
-192 2876 2635 1319 2543 242 671 3119
-251 241 763 -222 399 -680 -281 1693
1582 1877 -1505 -1092 1259 579 -556 2572
-640 767 -992 339 -151 -783 314 2156
2393 1579 1379 2093 605 1781 -79 1196
-582 2677 2240 1549 1923 -469 662 3156
146 513 487 -843 -374 480 334 1946
1114 2047 -1231 -1462 1740 508 -634 2108
-356 504 -654 789 -142 81 313 2414
2343 2141 1367 2604 1797 1283 592 991
-520 2476 2033 1329 897 -1730 587 2974
316 1037 584 -1335 -409 1047 848 2371
791 1970 -769 -1460 1125 58 -34 1602
-47 633 -669 1449 -346 1012 141 2423
2124 2296 1015 1837 2586 822 1255 1113
-319 2180 1753 141 -34 -1478 826 2506
456 1348 826 -1622 640 1223 944 2659
683 1792 -557 -966 822 -1026 602 1375
315 889 -774 1620 -174 1081 323 2135
1814 2462 628 2112 2170 -511 1806 1183
-40 2145 1820 -223 -1191 -384 1231 2262
277 1786 1261 -1950 1347 1528 968 2622
827 1598 -540 -649 563 -590 1125 1290
569 1388 -1189 2008 942 1418 397 1659
1751 2368 505 2054 1548 -1954 2140 1298
272 2357 2155 -605 -1514 558 1741 1912
49 2087 1670 -2126 1491 989 763 2305
930 1474 -605 -480 -364 -447 1655 1374
577 1512 -1377 2136 1817 1268 668 1173
1675 2343 396 1899 258 -1892 2202 1313
501 2727 2621 -876 -375 1621 2294 1781
-182 2118 2009 -2119 2079 -545 828 1971
1195 1444 -807 -50 -619 -150 1907 1415
448 1889 -1780 2192 1820 35 978 623
1878 2316 619 1791 -1504 -1248 2151 907
454 3223 3187 -817 588 2697 2693 1706
-497 2009 2156 -1831 1848 -1076 934 1383
1468 1610 -1084 115 -84 699 1821 1220
401 2014 -1975 2261 1869 -1316 1265 269
2087 2349 851 1648 -1922 -443 2109 667
412 3585 3500 -736 1653 2006 2822 1647
-515 1955 2121 -1704 442 -1936 1002 746
1571 1854 -1356 3 369 1266 1780 1037
371 1930 -1919 2092 705 -1559 1603 23
2447 2459 1305 1628 -1316 1421 2325 -33
284 3883 3697 -459 3026 530 2800 1820
-428 1891 1961 -1623 -659 -1918 1240 415
1575 2216 -1572 -228 682 741 1704 687
407 1982 -259 1977 -686 -1568 1724 37
2707 2901 3396 1900 -403 3000 2523 -506
159 4270 3911 -252 3153 -1058 2615 1654
-219 1961 326 -1727 -1155 -619 1378 162
1514 2393 -2236 -410 1529 376 1523 171
630 1642 52 2037 -1219 -996 1634 -88
2916 3181 3826 2248 1426 2843 2837 -861
59 4300 3929 -53 1584 -3029 2290 1338
-44 2116 169 -1930 -1704 610 1467 14
1244 2367 -2151 -660 1413 43 1581 -422
816 1609 328 2060 -1263 714 1433 -294
3171 3615 4234 2615 3526 1304 3067 -1320
-40 4328 3965 44 14 -3526 2122 1105
-80 2456 174 -2288 -1311 1523 1280 -179
1119 2301 -1921 -781 893 -855 1812 -798
1324 1579 665 2469 -866 2108 1057 -710
3164 3940 4386 3000 3679 -632 3209 -1353
109 4268 3898 -110 -1875 -2259 2013 654
3 2770 228 -2577 512 2367 1003 -541
1000 2223 -1766 -786 651 -1220 1943 -1111
1525 1580 873 2752 869 2107 769 -1141
3154 4156 4362 3224 2402 -3109 3275 -1439
403 4546 4086 -369 -3519 -390 2026 375
-252 3064 483 -2800 1641 2350 434 -645
1020 1953 -1458 -550 -135 -603 1984 -1038
1871 1808 1029 3268 2561 1558 351 -1544
3190 4348 4438 3359 607 -4076 3083 -1496
396 4809 4277 -398 -3109 1689 1767 361
-473 3331 831 -2899 2922 741 54 -1147
955 1731 -1273 -508 -628 -353 1878 -1302
2259 1945 1098 3581 2667 43 348 -1988
3300 4420 4523 3428 -2001 -3338 2885 -1468
625 5212 4638 -621 -830 4055 1730 370
-713 3414 1171 -2995 3371 -928 -373 -1587
1171 1545 -1119 102 -61 -50 1719 -1034
2201 2113 956 3103 2262 -2127 175 -2430
3405 4335 4603 900 -3987 -1388 2446 -1761
693 5486 4983 -3601 1819 4151 1569 494
-1135 3247 1669 -3876 2200 -2060 -354 -2223
1239 1458 -1087 246 215 441 1353 -983
2130 2063 925 3023 838 -2817 195 -2372
3648 4332 4868 519 -3623 1555 2279 -2156
723 6216 5761 -3860 4595 2335 1195 762
-1234 3249 1777 -3819 553 -3228 -453 -2565
1474 1541 -1190 505 200 432 985 -1012
2111 2128 700 3057 -1117 -2655 290 -2547
4170 4536 5440 202 -1467 4324 2104 -2337
423 6665 6279 -3873 5698 -276 637 956
-1211 3099 1740 -3635 -994 -2958 -364 -2759
1459 1900 -1625 546 806 152 348 -1356
2191 1897 798 2807 -2512 -1569 72 -2358
4638 4657 5941 -74 1578 4521 2061 -2584
216 6884 6610 -3793 4396 -3392 -180 1081
-1226 3171 1646 -3638 -2685 -1137 -582 -2652
1280 2096 -1813 356 1214 67 213 -1556
2278 1540 1238 2404 -2138 845 -610 -2081
4816 5152 6568 34 4891 2743 2305 -2671
128 6926 6648 -3672 1564 -5684 -742 995
-1022 3178 1418 -3558 -2723 906 -674 -2382
870 2171 -1756 -65 810 -394 99 -1692
2548 1334 1694 2252 -960 2571 -1119 -2064
4928 5648 7077 335 6339 -89 2616 -2260
-58 7023 6766 -3407 -1714 -5501 -1230 673
-972 3487 1327 -3745 -1160 2472 -916 -2136
662 2019 -1420 -357 737 -648 261 -1717
3098 1208 2329 2320 1166 2766 -1896 -2155
4996 6141 7239 591 5057 -3823 2628 -1811
86 6812 5636 -3330 -4633 -2801 -1500 510
-1012 3917 -1278 -4303 875 3622 -1544 -2028
152 1773 -1110 -947 1029 -607 513 -1514
3569 1231 4592 2494 3606 1687 -2345 -2629
4678 6371 7593 1035 2144 -6416 2502 -1142
294 6743 3683 -3506 -5055 778 -1410 453
-1207 4475 -1372 -4929 2860 2682 -2239 -2218
172 1132 -363 -949 927 -614 649 -825
4153 1452 5116 2968 4526 -408 -2356 -2864
4480 6387 7352 1313 -1706 -5925 1866 -596
760 6880 3350 -4112 -2843 4295 -1341 565
-1633 4879 -1166 -5489 4641 373 -2591 -2456
378 723 148 -699 801 -892 474 -147
4258 1973 5173 3653 3754 -2813 -1967 -3201
4265 6123 7000 1274 -4789 -3438 1636 -467
1157 7222 3248 -4671 706 6047 -1277 1171
-2165 4823 -553 -5657 4715 -2032 -2606 -3159
724 419 670 -149 1104 -863 -35 615
4209 2331 4946 3979 1814 -4528 -1642 -3195
4535 5821 6749 873 -5448 322 1167 -384
1270 7942 3666 -5327 4691 4693 -1438 1876
-2641 4630 247 -5606 2962 -4482 -2259 -3428
994 330 910 358 717 -912 -876 729
4021 2555 4569 4084 -904 -4148 -1145 -2624
4881 5527 6497 167 -3021 4285 822 -696
1215 8667 4356 -5681 7498 1194 -2205 2666
-2865 4139 774 -5060 372 -5225 -1711 -3407
1481 720 548 959 514 -1196 -1323 847
3501 2422 3913 3678 -2991 -2556 -1220 -2114
5504 5318 6591 -643 830 6118 1323 -1019
817 9205 5215 -5660 7391 -3462 -2961 3085
-2801 3680 1089 -4412 -1966 -3976 -1019 -3226
1557 1091 -5 1026 618 -951 -1708 438
3271 1909 3575 2960 -2833 -144 -1321 -1306
6235 5792 7421 -1206 5063 4560 1920 -808
170 9330 5917 -9120 4408 -7222 -3878 2856
-2362 3224 976 -4422 -3447 -1718 -540 -2278
1273 1576 -635 1374 433 -638 -1608 -85
3244 1035 3567 175 -1109 2329 -2006 -659
6763 6292 8268 -6130 7897 822 2738 -305
-387 9089 6416 -8490 153 -8280 -4268 2320
-1850 3393 329 -4095 -3020 808 -608 -1550
492 1972 -1336 862 809 -535 -789 -144
3718 486 4184 -720 1273 3272 -2734 -907
6773 7149 9176 -6175 7436 -4026 3148 660
-635 8671 6263 -7799 -4131 -6129 -4187 1555
-1431 3828 -488 -3887 -681 2987 -1110 -932
-219 1755 -1390 -141 1640 -735 235 101
4563 93 5253 -1435 4122 1892 -3091 -1646
6288 7795 9717 -5466 4352 -7825 3152 2055
-452 7859 5631 -6913 -6265 -2268 -3716 855
-1189 4538 -1238 -4230 2204 3338 -1868 -873
-847 1143 -831 -1255 1930 -887 725 1112
5422 138 6273 -1518 5578 -618 -2832 -2494
5775 7991 9651 -4592 -32 -8619 2573 2827
72 7321 4533 -6533 -5082 2148 -2700 967
-1372 5358 -1542 -4951 4827 1273 -2374 -1415
-980 241 154 -1949 1932 -1582 808 2211
5845 832 6892 -887 4836 -3732 -2102 -3129
4983 7680 8933 -3688 -4302 -6224 1799 3169
1055 7319 3615 -6946 -1203 5313 -2118 1619
-2134 5848 -977 -6222 5917 -1414 -2073 -2323
-742 -573 1287 -2149 1871 -2340 233 3140
5957 1708 6902 142 2648 -5892 -799 -3085
4453 6963 7804 -3035 -6320 -2298 837 2792
1772 7719 3202 -7740 3544 5229 -1793 2455
-3175 5790 119 -7233 4891 -4285 -1346 -2952
171 -1119 2172 -1546 1270 -2646 -773 3512
5585 2496 6296 1237 0 -5999 170 -2561
4476 5874 4503 -3233 -4811 2120 567 1852
2117 8616 -1853 -9003 7323 2154 -2329 3412
-3902 5245 -3044 -7405 2310 -6316 -82 -3334
948 -1067 2001 -553 423 -2751 -1698 3092
4571 2835 5899 1976 -2562 -4302 830 -1442
5171 5081 3327 -4207 -985 4865 1163 1171
2012 9505 -1487 -10009 8409 -2288 -3483 3760
-4202 4290 -1781 -6928 -544 -6484 1348 -2836
1616 -254 1999 769 272 -2237 -2201 1886
3730 2401 4702 1806 -3486 -1881 834 -302
6091 4774 2738 -5449 3766 4504 2171 674
1124 10154 -296 -10462 6391 -6713 -4444 3188
-3942 3270 -673 -5880 -3039 -4475 2164 -1845
1935 800 1459 1729 178 -1719 -1793 811
2869 1600 3178 1101 -2153 527 -15 477
7013 4968 2718 -6679 7380 1212 3634 962
91 10176 1076 -9904 2206 -9494 -5203 2090
-2923 2566 -323 -4327 -3695 -1606 2236 -550
1410 1780 237 1883 376 -1512 -834 71
2924 432 2433 -403 236 1822 -1173 182
7407 5978 3894 -7246 8073 -3099 4278 2274
-694 9406 2196 -8593 -2335 -8722 -4893 531
-1820 2458 -896 -3084 -2117 1033 1442 392
454 2202 -1204 1152 901 -1541 604 16
3409 -596 2294 -1821 2887 1075 -1924 -653
7371 6981 5255 -7083 5543 -7494 4263 3668
-1225 8261 2849 -7002 -5399 -5427 -3908 -651
-767 3241 -2302 -2689 552 2167 94 513
-821 1926 -2266 -399 1538 -1772 1682 842
4487 -983 3284 -2644 4778 -929 -1817 -2263
6322 7858 6595 -5715 1473 -9508 3338 4819
-941 6904 2269 -5521 -5654 -981 -2345 -958
-445 4384 -3818 -3141 3227 986 -884 -359
-1674 1074 -2444 -1959 1748 -2477 1935 2251
5657 -684 4755 -5239 4644 -3674 -800 -3480
5032 8071 7285 -8677 -2690 -8490 1746 5110
-123 5711 978 -5440 -3077 2656 -869 -504
-738 5457 -4952 -1414 4831 -1301 -936 -1729
-1885 -118 -1606 -1887 1587 -3312 1201 3513
6368 340 6129 -5475 2838 -6107 705 -3901
3662 7338 6806 -6802 -5328 -5231 282 4409
1161 5476 -614 -4785 763 3874 -360 832
-1755 6115 -5205 -2652 4721 -4144 -266 -3007
-1453 -1451 -134 -3088 1000 -3906 -169 3929
6176 1609 6871 -4356 466 -6876 2199 -3199
2921 6002 5427 -5093 -5193 -1097 -366 2964
2256 5994 -2086 -5103 4583 2003 -868 2018
-3103 5996 -4440 -4459 2898 -6399 1276 -3682
-222 -2022 1711 -3137 177 -3940 -1683 3213
5377 2812 6734 -2573 -1834 -5928 3128 -1815
2826 4495 3563 -4154 -2567 2195 -138 1182
2930 6979 -2722 -6251 6640 -1636 -2087 2574
-4022 4958 -2693 -5633 177 -6985 2924 -3169
1094 -1756 2696 -2123 -370 -3636 -2499 1802
4013 3225 5571 -744 -3041 -4202 3168 43
3701 3309 1830 -4207 1005 2811 1155 99
2510 8141 -2073 -7782 5875 -5562 -3532 2218
-4332 3591 -914 -5944 -2446 -5982 3946 -2041
2229 -714 2895 -355 -405 -3199 -2432 8
2594 2685 3639 255 -2773 -1783 1815 972
4870 2633 802 -5294 4247 891 2651 226
1413 8803 -667 -8968 2995 -8202 -4698 636
-3835 1910 685 -5062 -3658 -3871 3966 -161
2417 743 1922 1429 -362 -2787 -1230 -1366
1524 1666 1794 367 -1357 -325 235 1147
5973 3064 1021 -6826 5681 -2341 3641 1231
50 8792 1224 -9433 -968 -8611 -4604 -1100
-2496 1038 938 -3228 -3005 -1663 2944 1244
1757 2206 1399 2807 -166 -2734 427 -1746
1317 5 37 -724 693 -136 -1162 25
6603 4243 -2687 -8269 4773 -5781 3876 2838
-1118 7669 -2539 -8442 -4169 -6555 -3676 -2650
-842 978 -576 -1149 -1261 -275 1361 1594
486 2768 -52 2904 268 -2874 1819 -785
2023 -1301 -1062 -2545 2304 -1282 -1524 -1681
6313 5725 -1205 -8942 2025 -8082 2791 4371
-1848 5965 -767 -6647 -5149 -3611 -1627 -3294
518 1815 -1233 483 796 -330 -400 734
-1005 2613 -1992 1994 294 -3278 2533 732
3263 -1736 -1013 -4154 2827 -3237 -855 -3082
5032 6565 878 -8200 -1126 -7971 770 4854
-1544 4195 -56 -4520 -4289 -712 49 -2762
1066 3172 -2832 1073 2252 -1883 -1264 -813
-2055 1540 -3189 128 180 -3671 1870 2273
4657 -1278 332 -5083 2029 -4943 697 -3831
3309 6710 2590 -6546 -3940 -6238 -997 4239
-341 2862 -462 -2556 -1618 933 910 -1068
597 4503 -4586 289 2351 -3735 -714 -2491
-2397 -138 -3298 -1814 -105 -3881 233 3201
5281 17 2185 -4796 477 -5949 2517 -3394
1768 5782 3385 -4229 -4858 -3536 -2110 2517
1268 2375 -2023 -1601 1162 444 718 557
-530 5272 -5946 -1305 1283 -5412 657 -3470
-1507 -1483 -2042 -2848 -453 -3742 -1498 2786
5177 1549 4009 -3359 -1188 -5793 3707 -1767
782 4119 2912 -2192 -3783 -1026 -2054 486
2500 3032 -3909 -1998 2845 -1534 -452 1688
-2016 5097 -6152 -3213 -305 -6112 2487 -3256
-228 -2169 -194 -3094 -963 -3636 -2734 1326
4073 2912 4967 -1311 -2551 -4720 3550 135
675 2332 1499 -948 -1734 130 -1007 -1085
3233 4068 -5381 -3178 2760 -4105 -2232 1618
-3081 4024 -5143 -3090 -2076 -5444 3647 -2100
1461 -1737 1838 -3121 -947 -3529 -2820 -597
2425 3419 4754 -2195 -2973 -3422 2444 1590
1658 881 -578 -730 546 -239 902 -1208
2778 5486 -5751 -1504 1458 -6088 -3485 258
-3585 2191 -2984 -2943 -2951 -4148 3895 0
2551 -570 3070 -1897 -952 -3310 -1780 -2288
645 2955 3354 33 -2549 -2239 391 2165
2907 285 -2300 -760 1679 -1908 2280 -566
1621 6279 -4939 -3329 -878 -6648 -3741 -1317
-2816 573 -870 -3162 -2894 -2640 2622 1626
2803 926 3231 -44 -1082 -3322 -12 -2831
-356 1532 1064 1115 -1505 -1603 -1193 1070
4128 821 -3133 -2048 1787 -3882 2779 1292
-77 6221 -3090 -4959 -2866 -5893 -2870 -3190
-1358 -517 770 -2186 -1966 -1677 947 2220
2028 2401 2035 2018 -1155 -3278 1606 -2041
-416 -183 -808 1020 -497 -1778 -1937 -522
4765 2112 -2690 -3988 573 -5374 1967 2808
-1426 4989 -929 -5363 -3920 -4107 -1100 -3800
325 -513 1263 -319 -842 -1533 -939 1591
589 3135 104 3426 -1307 -3377 2584 -366
197 -1398 -1803 -26 -6 -2458 -1612 -2095
4334 3499 -1064 -5429 -1183 -5897 326 3576
-1999 3218 864 -4420 -3698 -2281 727 -3255
1587 419 302 1773 -29 -2225 -1942 48
-920 2789 -1757 3408 -1583 -3236 2205 1185
1458 -1825 -1598 -1825 -63 -3218 -46 -3031
3112 4436 940 -6004 -2781 -5257 -1620 3114
-1664 1679 1480 -2752 -2665 -907 1894 -1904
2057 1763 -1242 3124 -73 -3093 -1962 -1597
-1994 1645 -3003 2272 -1629 -3268 768 2447
2952 -1298 -333 -3648 -629 -4154 1730 -2798
1416 4565 2645 -5393 -3533 -3849 -2957 1542
-573 238 1341 -487 -1261 -896 1868 102
1660 3096 -943 3579 -610 -3874 -750 -2818
-2113 266 -2719 516 -1800 -2902 -1135 2226
3618 -303 -1353 -4448 -1523 -4293 2743 -1564
23 3731 1130 -3615 -3357 -2303 -2884 -280
1002 -93 211 1314 -200 -1677 594 1423
486 3822 -2673 2650 -1600 -4141 1007 -2939
-1508 -1196 -2848 -1461 -1969 -2811 -2580 1179
3528 1314 685 -4137 -2248 -3931 3060 251
-926 2214 2092 -1428 -2623 -1331 -1977 -1804
2331 515 -1280 2019 163 -2706 -1049 1609
-1002 3615 -3954 856 -2384 -3798 2442 -1886
-83 -1934 -1705 -2690 -1827 -2722 -2981 -501
2513 2427 2403 -2771 -2647 -3267 1825 1850
-701 522 1633 355 -1598 -1128 -263 -2201
2714 1688 -2876 1464 -540 -3677 -2590 982
-1936 2535 -4099 -892 -2886 -3018 2764 -146
1332 -1575 161 -2627 -1735 -2623 -2025 -2030
984 2838 3338 -780 -2819 -2513 292 2424
-9 -599 350 1389 -908 -1688 1160 -1563
2202 2966 -4310 -65 -1472 -4036 -3147 -722
-2425 914 -3181 -2433 -2970 -2338 2065 1325
2268 -521 1974 -1627 -1738 -2632 -482 -2802
-461 2453 3135 1070 -2467 -1930 -1538 1882
1307 -948 -1385 1017 -566 -2225 1883 -82
1226 3659 -4591 -1763 -2510 -3757 -2672 -2283
-1885 -533 -1428 -2649 -2484 -1845 594 2292
2437 949 3047 133 -1916 -2682 938 -2187
-1553 1107 1822 2079 -2071 -1708 -2393 372
2488 -508 -2872 -190 -891 -2943 1465 1509
-299 3609 -3781 -3128 -3243 -2970 -1305 -3060
-741 -1404 412 -1913 -2012 -1642 -1095 2042
1810 2107 2984 1745 -2021 -2411 1762 -916
-1571 -198 136 1952 -1683 -1686 -2314 -1053
3144 650 -3497 -1122 -1637 -3284 136 2464
-1457 2793 -2119 -2268 -3181 -2145 306 -2671
671 -1194 1658 -1386 -1683 -1611 -2157 822
560 2566 1993 1600 -2283 -2219 1737 702
-690 -1499 -1591 1786 -1313 -1856 -1133 -2104
2989 1867 -3058 -1255 -2404 -3068 -1393 2447
-1982 1445 -318 -2730 -2721 -1344 1323 -1523
1594 -364 1761 124 -1363 -1828 -2209 -632
-678 2454 310 2682 -2325 -2109 678 1931
482 -1884 -2366 648 -1455 -2172 296 -2135
2080 2838 -1721 -2785 -3002 -2577 -2621 1478
-1626 78 1057 -2046 -2125 -935 1497 82
2032 583 1259 1668 -1563 -2213 -1444 -1807
-1641 1310 -1319 2609 -2012 -1831 -849 2160
1633 -1588 -2236 -835 -1818 -2401 1546 -1181
730 3082 51 -3294 -3034 -1976 -2916 -29
-772 -769 1481 -769 -1760 -969 927 1317
1441 1670 -258 2665 -1804 -2305 7 -2074
-1855 36 -2305 1625 -2003 -1737 -2192 1362
2376 -644 -1202 -2312 -2288 -2124 1841 263
-275 2352 1240 -2771 -2662 -1070 -2257 -1070
413 -822 943 784 -1283 -1399 -482 1919
357 2487 -1898 2891 -2077 -2400 1289 -1208
-1340 -1053 -2376 192 -2221 -1723 -2826 280
2358 526 296 -3075 -2630 -1945 1387 1719
-909 1340 1864 -1566 -2264 -575 -1029 -1504
1369 -152 -426 1910 -1145 -1761 -1893 1400
-877 2293 -2951 2034 -2316 -2028 1893 179
-250 -1629 -1551 -1476 -2110 -1621 -2246 -965
1693 1377 1579 -2773 -2625 -1422 269 2343
-676 204 1384 -118 -1616 -635 153 -1060
1753 936 -1880 2186 -1521 -2147 -2431 314
-1730 1520 -3076 731 -2754 -1520 1492 1485
726 -1381 -212 -2187 -2201 -1180 -1313 -1595
623 1678 2223 -1788 -2254 -852 -1033 1996
240 -446 673 1059 -1012 -984 935 35
1437 1926 -1867 1710 -1947 -2313 -2253 -851
-2057 396 -2838 -719 -2765 -1097 537 2345
1410 -693 -238 -2261 -2244 -1035 125 -1268
-393 1160 1615 -357 -1912 -642 -1841 1230
1200 -654 -365 1491 -1064 -1426 901 1395
612 2728 -3074 508 -2452 -1939 -1183 -1623
-1665 -538 -2135 -1665 -2324 -502 -685 2491
1540 219 924 -1496 -1870 -843 943 -260
-896 218 1242 708 -1383 -678 -1619 234
2223 -254 -1730 1086 -1371 -1986 -34 2238
-353 2809 -3392 -743 -3119 -1338 89 -1702
-972 -1020 -1036 -1908 -2006 -149 -1434 1757
958 971 1441 -287 -1575 -574 995 815
-811 -875 219 1302 -988 -1103 -820 -598
2727 629 -2861 227 -2058 -2045 -964 2570
-1288 2427 -3051 -1759 -3071 -573 1110 -900
-240 -1019 -37 -1320 -1579 -17 -1580 1008
84 1384 1366 823 -1375 -796 456 1814
-149 -1602 -1053 1025 -1237 -1341 299 -706
2775 1612 -3408 -1047 -2792 -1529 -1812 2061
-1644 1600 -2141 -2057 -2368 423 1519 254
485 -362 656 -198 -756 -266 -923 189
-802 988 464 1379 -1064 -1210 -412 1990
708 -1972 -2202 166 -1783 -1801 1483 -92
2360 2327 -3271 -2098 -3274 -871 -2168 1142
-1310 1088 -1302 -1600 -1617 991 1232 1059
517 581 630 755 -688 -615 31 -113
-1366 309 -680 1326 -1340 -1395 -1310 1566
1680 -1724 -2826 -943 -2210 -1564 1973 899
1666 2559 -2642 -2518 -3038 243 -1741 295
-780 598 -465 -762 -586 486 634 1533
158 1158 -105 1388 -714 -1396 1041 479
-1562 -565 -1763 617 -2013 -1450 -1589 723
2134 -1258 -2725 -181 -2856 -742 1931 1817
1073 2276 -1744 -1277 -1944 1378 -959 -17
-67 698 -492 306 316 -54 5 1161
-641 1734 -1160 2436 -1185 -2053 1801 1343
-1261 -1152 -2329 1383 -2310 -1138 -1314 -115
2298 -632 -2237 -972 -2924 76 1527 2335
963 1818 -1110 -1079 -909 1263 -57 128
481 1371 -1182 1363 232 -1189 -316 534
-1467 1637 -2192 2476 -2234 -1684 1820 2175
-710 -1537 -2387 590 -2478 -270 -667 -647
1798 -230 -1447 -1331 -1980 1079 896 2367
1240 1286 -1133 -291 359 633 548 497
723 2183 -2106 2101 -545 -2379 15 -237
-2207 1285 -2937 2074 -2927 -1173 1251 2679
-129 -1620 -2092 -65 -2443 683 289 -873
1491 -1 -924 -1216 -953 1611 695 1905
1949 866 -1649 717 1071 -677 507 1327
455 2974 -3182 2337 -1834 -2618 748 -1016
-2309 797 -3091 1513 -3000 66 709 2886
280 -971 -1299 -520 -1715 993 1096 -477
987 -393 -822 -682 73 898 777 1243
2783 1047 -2499 1241 347 -1964 182 1658
118 3588 -4005 2196 -3532 -1696 1627 -1305
-2195 392 -2831 946 -2293 1510 282 2427
271 -686 -843 -523 -397 1317 1404 -55
970 -972 -1155 72 1048 -121 1317 629
3342 1451 -3469 1415 -853 -2924 -372 1535
-335 3847 -4377 1711 -4103 -126 2342 -1117
-1856 214 -2252 613 -1278 2100 313 1793
-97 -242 -539 69 381 642 1222 177
1059 -1517 -1820 629 793 -1237 2059 380
3710 2023 -4156 1198 -2574 -2490 -872 1134
