0 seeded 4 0 0.070 3.91
0 seeded 4 1 0.068 3.91
0 seeded 4 2 0.070 3.91
0 seeded 4 4 0.069 3.91
0 seeded 4 8 0.068 3.91
0 seeded 4 32 0.069 3.91
0 seeded 4 128 0.069 3.91
0 seeded 8 0 0.070 3.91
0 seeded 8 1 0.069 3.91
0 seeded 8 2 0.069 3.91
0 seeded 8 4 0.068 3.91
0 seeded 8 8 0.069 3.91
0 seeded 8 32 0.069 3.91
0 seeded 8 128 0.070 3.91
0 seeded 16 0 0.069 3.91
0 seeded 16 1 0.069 3.91
0 seeded 16 2 0.070 3.91
0 seeded 16 4 0.072 3.91
0 seeded 16 8 0.069 3.91
0 seeded 16 32 0.070 3.91
0 seeded 16 128 0.070 3.91
0 auto 4 0 0.070 3.91
0 auto 4 1 0.068 3.91
0 auto 4 2 0.070 3.91
0 auto 4 4 0.069 3.91
0 auto 4 8 0.068 3.91
0 auto 4 32 0.069 3.91
0 auto 4 128 0.069 3.91
0 auto 8 0 0.070 3.91
0 auto 8 1 0.069 3.91
0 auto 8 2 0.069 3.91
0 auto 8 4 0.068 3.91
0 auto 8 8 0.069 3.91
0 auto 8 32 0.069 3.91
0 auto 8 128 0.070 3.91
0 auto 16 0 0.069 3.91
0 auto 16 1 0.069 3.91
0 auto 16 2 0.070 3.91
0 auto 16 4 0.072 3.91
0 auto 16 8 0.069 3.91
0 auto 16 32 0.070 3.91
0 auto 16 128 0.070 3.91
1 seeded 4 0 0.062 4.00
1 seeded 4 1 0.063 4.00
1 seeded 4 2 0.063 4.00
1 seeded 4 4 0.061 4.00
1 seeded 4 8 0.063 4.00
1 seeded 4 32 0.062 4.00
1 seeded 4 128 0.063 4.00
1 seeded 8 0 0.062 4.00
1 seeded 8 1 0.062 4.00
1 seeded 8 2 0.062 4.00
1 seeded 8 4 0.062 4.00
1 seeded 8 8 0.062 4.00
1 seeded 8 32 0.061 4.00
1 seeded 8 128 0.062 4.00
1 seeded 16 0 0.063 4.00
1 seeded 16 1 0.062 4.00
1 seeded 16 2 0.064 4.00
1 seeded 16 4 0.062 4.00
1 seeded 16 8 0.063 4.00
1 seeded 16 32 0.064 4.00
1 seeded 16 128 0.063 4.00
1 auto 4 0 1.000 3.94
1 auto 4 1 1.000 3.94
1 auto 4 2 1.000 3.94
1 auto 4 4 1.000 3.94
1 auto 4 8 1.000 3.94
1 auto 4 32 1.000 3.94
1 auto 4 128 1.000 3.94
1 auto 8 0 1.000 3.94
1 auto 8 1 1.000 3.94
1 auto 8 2 1.000 3.94
1 auto 8 4 1.000 3.94
1 auto 8 8 1.000 3.94
1 auto 8 32 1.000 3.94
1 auto 8 128 1.000 3.94
1 auto 16 0 1.000 3.94
1 auto 16 1 1.000 3.94
1 auto 16 2 1.000 3.94
1 auto 16 4 1.000 3.94
1 auto 16 8 1.000 3.94
1 auto 16 32 1.000 3.94
1 auto 16 128 1.000 3.94
2 seeded 4 0 0.063 4.00
2 seeded 4 1 0.064 4.00
2 seeded 4 2 0.063 4.00
2 seeded 4 4 0.064 4.00
2 seeded 4 8 0.066 4.00
2 seeded 4 32 0.081 4.00
2 seeded 4 128 0.233 3.99
2 seeded 8 0 0.064 4.00
2 seeded 8 1 0.062 4.00
2 seeded 8 2 0.062 4.00
2 seeded 8 4 0.063 4.00
2 seeded 8 8 0.065 4.00
2 seeded 8 32 0.091 4.00
2 seeded 8 128 0.247 3.99
2 seeded 16 0 0.067 4.00
2 seeded 16 1 0.063 4.00
2 seeded 16 2 0.066 4.00
2 seeded 16 4 0.065 4.00
2 seeded 16 8 0.069 4.00
2 seeded 16 32 0.088 4.00
2 seeded 16 128 0.248 3.99
2 auto 4 0 1.000 3.95
2 auto 4 1 1.000 3.95
2 auto 4 2 1.000 3.95
2 auto 4 4 1.000 3.95
2 auto 4 8 1.000 3.95
2 auto 4 32 1.000 3.95
2 auto 4 128 1.000 3.95
2 auto 8 0 1.000 3.95
2 auto 8 1 1.000 3.95
2 auto 8 2 1.000 3.95
2 auto 8 4 1.000 3.95
2 auto 8 8 1.000 3.95
2 auto 8 32 1.000 3.95
2 auto 8 128 1.000 3.95
2 auto 16 0 1.000 3.95
2 auto 16 1 1.000 3.95
2 auto 16 2 1.000 3.95
2 auto 16 4 1.000 3.95
2 auto 16 8 1.000 3.95
2 auto 16 32 1.000 3.95
2 auto 16 128 1.000 3.95
3 seeded 4 0 0.064 4.00
3 seeded 4 1 0.063 4.00
3 seeded 4 2 0.062 4.00
3 seeded 4 4 0.063 4.00
3 seeded 4 8 0.064 4.00
3 seeded 4 32 0.063 4.00
3 seeded 4 128 0.063 4.00
3 seeded 8 0 0.063 4.00
3 seeded 8 1 0.062 4.00
3 seeded 8 2 0.064 4.00
3 seeded 8 4 0.062 4.00
3 seeded 8 8 0.064 4.00
3 seeded 8 32 0.062 4.00
3 seeded 8 128 0.062 4.00
3 seeded 16 0 0.063 4.00
3 seeded 16 1 0.063 4.00
3 seeded 16 2 0.063 4.00
3 seeded 16 4 0.064 4.00
3 seeded 16 8 0.062 4.00
3 seeded 16 32 0.062 4.00
3 seeded 16 128 0.063 4.00
3 auto 4 0 1.000 3.95
3 auto 4 1 1.000 3.95
3 auto 4 2 1.000 3.95
3 auto 4 4 1.000 3.95
3 auto 4 8 1.000 3.95
3 auto 4 32 1.000 3.95
3 auto 4 128 1.000 3.95
3 auto 8 0 1.000 3.95
3 auto 8 1 1.000 3.95
3 auto 8 2 1.000 3.95
3 auto 8 4 1.000 3.95
3 auto 8 8 1.000 3.95
3 auto 8 32 1.000 3.95
3 auto 8 128 1.000 3.95
3 auto 16 0 1.000 3.95
3 auto 16 1 1.000 3.95
3 auto 16 2 1.000 3.95
3 auto 16 4 1.000 3.95
3 auto 16 8 1.000 3.95
3 auto 16 32 1.000 3.95
3 auto 16 128 1.000 3.95
4 seeded 4 0 0.062 4.00
4 seeded 4 1 0.062 4.00
4 seeded 4 2 0.062 4.00
4 seeded 4 4 0.062 4.00
4 seeded 4 8 0.062 4.00
4 seeded 4 32 0.063 4.00
4 seeded 4 128 0.063 4.00
4 seeded 8 0 0.063 4.00
4 seeded 8 1 0.063 4.00
4 seeded 8 2 0.062 4.00
4 seeded 8 4 0.062 4.00
4 seeded 8 8 0.061 4.00
4 seeded 8 32 0.062 4.00
4 seeded 8 128 0.063 4.00
4 seeded 16 0 0.062 4.00
4 seeded 16 1 0.063 4.00
4 seeded 16 2 0.062 4.00
4 seeded 16 4 0.062 4.00
4 seeded 16 8 0.063 4.00
4 seeded 16 32 0.063 4.00
4 seeded 16 128 0.064 4.00
4 auto 4 0 0.063 4.00
4 auto 4 1 0.063 4.00
4 auto 4 2 0.063 4.00
4 auto 4 4 0.061 4.00
4 auto 4 8 0.063 4.00
4 auto 4 32 0.062 4.00
4 auto 4 128 0.063 4.00
4 auto 8 0 0.062 4.00
4 auto 8 1 0.063 4.00
4 auto 8 2 0.064 4.00
4 auto 8 4 0.062 4.00
4 auto 8 8 0.062 4.00
4 auto 8 32 0.063 4.00
4 auto 8 128 0.063 4.00
4 auto 16 0 0.062 4.00
4 auto 16 1 0.064 4.00
4 auto 16 2 0.062 4.00
4 auto 16 4 0.062 4.00
4 auto 16 8 0.063 4.00
4 auto 16 32 0.063 4.00
4 auto 16 128 0.063 4.00
5 seeded 4 0 0.061 4.00
5 seeded 4 1 0.063 4.00
5 seeded 4 2 0.064 4.00
5 seeded 4 4 0.063 4.00
5 seeded 4 8 0.062 4.00
5 seeded 4 32 0.063 4.00
5 seeded 4 128 0.062 4.00
5 seeded 8 0 0.062 4.00
5 seeded 8 1 0.063 4.00
5 seeded 8 2 0.063 4.00
5 seeded 8 4 0.063 4.00
5 seeded 8 8 0.063 4.00
5 seeded 8 32 0.062 4.00
5 seeded 8 128 0.063 4.00
5 seeded 16 0 0.064 4.00
5 seeded 16 1 0.062 4.00
5 seeded 16 2 0.063 4.00
5 seeded 16 4 0.061 4.00
5 seeded 16 8 0.062 4.00
5 seeded 16 32 0.062 4.00
5 seeded 16 128 0.064 4.00
5 auto 4 0 1.000 3.97
5 auto 4 1 1.000 3.97
5 auto 4 2 1.000 3.97
5 auto 4 4 1.000 3.97
5 auto 4 8 1.000 3.97
5 auto 4 32 1.000 3.97
5 auto 4 128 1.000 3.97
5 auto 8 0 1.000 3.97
5 auto 8 1 1.000 3.97
5 auto 8 2 1.000 3.97
5 auto 8 4 1.000 3.97
5 auto 8 8 1.000 3.97
5 auto 8 32 1.000 3.97
5 auto 8 128 1.000 3.97
5 auto 16 0 1.000 3.97
5 auto 16 1 1.000 3.97
5 auto 16 2 1.000 3.97
5 auto 16 4 1.000 3.97
5 auto 16 8 1.000 3.97
5 auto 16 32 1.000 3.97
5 auto 16 128 1.000 3.97
6 seeded 4 0 0.063 4.00
6 seeded 4 1 0.063 4.00
6 seeded 4 2 0.063 4.00
6 seeded 4 4 0.062 4.00
6 seeded 4 8 0.063 4.00
6 seeded 4 32 0.062 4.00
6 seeded 4 128 0.064 4.00
6 seeded 8 0 0.063 4.00
6 seeded 8 1 0.063 4.00
6 seeded 8 2 0.062 4.00
6 seeded 8 4 0.062 4.00
6 seeded 8 8 0.062 4.00
6 seeded 8 32 0.063 4.00
6 seeded 8 128 0.063 4.00
6 seeded 16 0 0.062 4.00
6 seeded 16 1 0.062 4.00
6 seeded 16 2 0.062 4.00
6 seeded 16 4 0.062 4.00
6 seeded 16 8 0.062 4.00
6 seeded 16 32 0.062 4.00
6 seeded 16 128 0.064 4.00
6 auto 4 0 1.000 3.93
6 auto 4 1 1.000 3.93
6 auto 4 2 1.000 3.93
6 auto 4 4 1.000 3.93
6 auto 4 8 1.000 3.93
6 auto 4 32 1.000 3.93
6 auto 4 128 1.000 3.93
6 auto 8 0 1.000 3.93
6 auto 8 1 1.000 3.93
6 auto 8 2 1.000 3.93
6 auto 8 4 1.000 3.93
6 auto 8 8 1.000 3.93
6 auto 8 32 1.000 3.93
6 auto 8 128 1.000 3.93
6 auto 16 0 1.000 3.93
6 auto 16 1 1.000 3.93
6 auto 16 2 1.000 3.93
6 auto 16 4 1.000 3.93
6 auto 16 8 1.000 3.93
6 auto 16 32 1.000 3.93
6 auto 16 128 1.000 3.93
7 seeded 4 0 0.063 4.00
7 seeded 4 1 0.063 4.00
7 seeded 4 2 0.062 4.00
7 seeded 4 4 0.062 4.00
7 seeded 4 8 0.062 4.00
7 seeded 4 32 0.063 4.00
7 seeded 4 128 0.062 4.00
7 seeded 8 0 0.063 4.00
7 seeded 8 1 0.062 4.00
7 seeded 8 2 0.062 4.00
7 seeded 8 4 0.061 4.00
7 seeded 8 8 0.063 4.00
7 seeded 8 32 0.062 4.00
7 seeded 8 128 0.063 4.00
7 seeded 16 0 0.063 4.00
7 seeded 16 1 0.064 4.00
7 seeded 16 2 0.063 4.00
7 seeded 16 4 0.063 4.00
7 seeded 16 8 0.062 4.00
7 seeded 16 32 0.063 4.00
7 seeded 16 128 0.062 4.00
7 auto 4 0 0.063 4.00
7 auto 4 1 0.062 4.00
7 auto 4 2 0.063 4.00
7 auto 4 4 0.060 4.00
7 auto 4 8 0.063 4.00
7 auto 4 32 0.062 4.00
7 auto 4 128 0.062 4.00
7 auto 8 0 0.063 4.00
7 auto 8 1 0.062 4.00
7 auto 8 2 0.062 4.00
7 auto 8 4 0.063 4.00
7 auto 8 8 0.063 4.00
7 auto 8 32 0.064 4.00
7 auto 8 128 0.063 4.00
7 auto 16 0 0.062 4.00
7 auto 16 1 0.062 4.00
7 auto 16 2 0.063 4.00
7 auto 16 4 0.063 4.00
7 auto 16 8 0.061 4.00
7 auto 16 32 0.063 4.00
7 auto 16 128 0.063 4.00
8 seeded 4 0 0.063 4.00
8 seeded 4 1 0.063 4.00
8 seeded 4 2 0.062 4.00
8 seeded 4 4 0.063 4.00
8 seeded 4 8 0.062 4.00
8 seeded 4 32 0.062 4.00
8 seeded 4 128 0.062 4.00
8 seeded 8 0 0.062 4.00
8 seeded 8 1 0.062 4.00
8 seeded 8 2 0.062 4.00
8 seeded 8 4 0.062 4.00
8 seeded 8 8 0.061 4.00
8 seeded 8 32 0.063 4.00
8 seeded 8 128 0.063 4.00
8 seeded 16 0 0.062 4.00
8 seeded 16 1 0.063 4.00
8 seeded 16 2 0.063 4.00
8 seeded 16 4 0.063 4.00
8 seeded 16 8 0.062 4.00
8 seeded 16 32 0.061 4.00
8 seeded 16 128 0.061 4.00
8 auto 4 0 0.061 4.00
8 auto 4 1 0.063 4.00
8 auto 4 2 0.063 4.00
8 auto 4 4 0.062 4.00
8 auto 4 8 0.064 4.00
8 auto 4 32 0.063 4.00
8 auto 4 128 0.061 4.00
8 auto 8 0 0.064 4.00
8 auto 8 1 0.062 4.00
8 auto 8 2 0.063 4.00
8 auto 8 4 0.063 4.00
8 auto 8 8 0.062 4.00
8 auto 8 32 0.062 4.00
8 auto 8 128 0.063 4.00
8 auto 16 0 0.062 4.00
8 auto 16 1 0.063 4.00
8 auto 16 2 0.063 4.00
8 auto 16 4 0.062 4.00
8 auto 16 8 0.064 4.00
8 auto 16 32 0.063 4.00
8 auto 16 128 0.064 4.00
9 seeded 4 0 0.111 3.50
9 seeded 4 1 0.113 3.49
9 seeded 4 2 0.115 3.50
9 seeded 4 4 0.113 3.49
9 seeded 4 8 0.113 3.50
9 seeded 4 32 0.111 3.49
9 seeded 4 128 0.114 3.49
9 seeded 8 0 0.113 3.50
9 seeded 8 1 0.111 3.50
9 seeded 8 2 0.114 3.50
9 seeded 8 4 0.113 3.50
9 seeded 8 8 0.112 3.50
9 seeded 8 32 0.112 3.50
9 seeded 8 128 0.112 3.50
9 seeded 16 0 0.114 3.50
9 seeded 16 1 0.113 3.50
9 seeded 16 2 0.115 3.50
9 seeded 16 4 0.116 3.49
9 seeded 16 8 0.112 3.50
9 seeded 16 32 0.113 3.49
9 seeded 16 128 0.115 3.49
9 auto 4 0 0.113 3.50
9 auto 4 1 0.114 3.50
9 auto 4 2 0.114 3.49
9 auto 4 4 0.115 3.49
9 auto 4 8 0.113 3.49
9 auto 4 32 0.112 3.49
9 auto 4 128 0.112 3.50
9 auto 8 0 0.111 3.50
9 auto 8 1 0.114 3.50
9 auto 8 2 0.111 3.50
9 auto 8 4 0.114 3.50
9 auto 8 8 0.112 3.50
9 auto 8 32 0.114 3.49
9 auto 8 128 0.114 3.49
9 auto 16 0 0.111 3.50
9 auto 16 1 0.112 3.50
9 auto 16 2 0.113 3.49
9 auto 16 4 0.113 3.49
9 auto 16 8 0.112 3.50
9 auto 16 32 0.113 3.51
9 auto 16 128 0.111 3.50
10 seeded 4 0 1.000 0.00
10 seeded 4 1 1.000 0.00
10 seeded 4 2 1.000 0.00
10 seeded 4 4 1.000 0.00
10 seeded 4 8 1.000 0.00
10 seeded 4 32 1.000 0.00
10 seeded 4 128 1.000 0.00
10 seeded 8 0 1.000 0.00
10 seeded 8 1 1.000 0.00
10 seeded 8 2 1.000 0.00
10 seeded 8 4 1.000 0.00
10 seeded 8 8 1.000 0.00
10 seeded 8 32 1.000 0.00
10 seeded 8 128 1.000 0.00
10 seeded 16 0 1.000 0.00
10 seeded 16 1 1.000 0.00
10 seeded 16 2 1.000 0.00
10 seeded 16 4 1.000 0.00
10 seeded 16 8 1.000 0.00
10 seeded 16 32 1.000 0.00
10 seeded 16 128 1.000 0.00
10 auto 4 0 1.000 0.00
10 auto 4 1 1.000 0.00
10 auto 4 2 1.000 0.00
10 auto 4 4 1.000 0.00
10 auto 4 8 1.000 0.00
10 auto 4 32 1.000 0.00
10 auto 4 128 1.000 0.00
10 auto 8 0 1.000 0.00
10 auto 8 1 1.000 0.00
10 auto 8 2 1.000 0.00
10 auto 8 4 1.000 0.00
10 auto 8 8 1.000 0.00
10 auto 8 32 1.000 0.00
10 auto 8 128 1.000 0.00
10 auto 16 0 1.000 0.00
10 auto 16 1 1.000 0.00
10 auto 16 2 1.000 0.00
10 auto 16 4 1.000 0.00
10 auto 16 8 1.000 0.00
10 auto 16 32 1.000 0.00
10 auto 16 128 1.000 0.00
11 seeded 4 0 0.060 3.97
11 seeded 4 1 0.060 3.97
11 seeded 4 2 0.060 3.97
11 seeded 4 4 0.060 3.97
11 seeded 4 8 0.060 3.97
11 seeded 4 32 0.060 3.97
11 seeded 4 128 0.060 3.97
11 seeded 8 0 0.062 3.97
11 seeded 8 1 0.062 3.97
11 seeded 8 2 0.062 3.97
11 seeded 8 4 0.062 3.97
11 seeded 8 8 0.062 3.97
11 seeded 8 32 0.062 3.97
11 seeded 8 128 0.062 3.97
11 seeded 16 0 0.073 3.97
11 seeded 16 1 0.073 3.97
11 seeded 16 2 0.073 3.97
11 seeded 16 4 0.073 3.97
11 seeded 16 8 0.073 3.97
11 seeded 16 32 0.073 3.97
11 seeded 16 128 0.073 3.97
11 auto 4 0 0.060 3.97
11 auto 4 1 0.060 3.97
11 auto 4 2 0.060 3.97
11 auto 4 4 0.060 3.97
11 auto 4 8 0.060 3.97
11 auto 4 32 0.060 3.97
11 auto 4 128 0.060 3.97
11 auto 8 0 0.062 3.97
11 auto 8 1 0.062 3.97
11 auto 8 2 0.062 3.97
11 auto 8 4 0.062 3.97
11 auto 8 8 0.062 3.97
11 auto 8 32 0.062 3.97
11 auto 8 128 0.062 3.97
11 auto 16 0 0.073 3.97
11 auto 16 1 0.073 3.97
11 auto 16 2 0.073 3.97
11 auto 16 4 0.073 3.97
11 auto 16 8 0.073 3.97
11 auto 16 32 0.073 3.97
11 auto 16 128 0.073 3.97
12 seeded 4 0 0.062 4.00
12 seeded 4 1 0.063 4.00
12 seeded 4 2 0.063 4.00
12 seeded 4 4 0.062 4.00
12 seeded 4 8 0.060 4.00
12 seeded 4 32 0.062 4.00
12 seeded 4 128 0.062 4.00
12 seeded 8 0 0.062 4.00
12 seeded 8 1 0.062 4.00
12 seeded 8 2 0.061 4.00
12 seeded 8 4 0.062 4.00
12 seeded 8 8 0.062 4.00
12 seeded 8 32 0.062 4.00
12 seeded 8 128 0.062 4.00
12 seeded 16 0 0.061 4.00
12 seeded 16 1 0.062 4.00
12 seeded 16 2 0.063 4.00
12 seeded 16 4 0.062 4.00
12 seeded 16 8 0.064 4.00
12 seeded 16 32 0.062 4.00
12 seeded 16 128 0.062 4.00
12 auto 4 0 1.000 3.96
12 auto 4 1 1.000 3.96
12 auto 4 2 1.000 3.96
12 auto 4 4 1.000 3.96
12 auto 4 8 1.000 3.96
12 auto 4 32 1.000 3.96
12 auto 4 128 1.000 3.96
12 auto 8 0 1.000 3.96
12 auto 8 1 1.000 3.96
12 auto 8 2 1.000 3.96
12 auto 8 4 1.000 3.96
12 auto 8 8 1.000 3.96
12 auto 8 32 1.000 3.96
12 auto 8 128 1.000 3.96
12 auto 16 0 1.000 3.96
12 auto 16 1 1.000 3.96
12 auto 16 2 1.000 3.96
12 auto 16 4 1.000 3.96
12 auto 16 8 1.000 3.96
12 auto 16 32 1.000 3.96
12 auto 16 128 1.000 3.96
13 seeded 4 0 0.062 4.00
13 seeded 4 1 0.063 4.00
13 seeded 4 2 0.063 4.00
13 seeded 4 4 0.062 4.00
13 seeded 4 8 0.063 4.00
13 seeded 4 32 0.064 4.00
13 seeded 4 128 0.062 4.00
13 seeded 8 0 0.063 4.00
13 seeded 8 1 0.062 4.00
13 seeded 8 2 0.061 4.00
13 seeded 8 4 0.062 4.00
13 seeded 8 8 0.064 4.00
13 seeded 8 32 0.063 4.00
13 seeded 8 128 0.062 4.00
13 seeded 16 0 0.064 4.00
13 seeded 16 1 0.061 4.00
13 seeded 16 2 0.063 4.00
13 seeded 16 4 0.062 4.00
13 seeded 16 8 0.061 4.00
13 seeded 16 32 0.064 4.00
13 seeded 16 128 0.062 4.00
13 auto 4 0 1.000 3.97
13 auto 4 1 1.000 3.97
13 auto 4 2 1.000 3.97
13 auto 4 4 1.000 3.97
13 auto 4 8 1.000 3.97
13 auto 4 32 1.000 3.97
13 auto 4 128 1.000 3.97
13 auto 8 0 1.000 3.97
13 auto 8 1 1.000 3.97
13 auto 8 2 1.000 3.97
13 auto 8 4 1.000 3.97
13 auto 8 8 1.000 3.97
13 auto 8 32 1.000 3.97
13 auto 8 128 1.000 3.97
13 auto 16 0 1.000 3.97
13 auto 16 1 1.000 3.97
13 auto 16 2 1.000 3.97
13 auto 16 4 1.000 3.97
13 auto 16 8 1.000 3.97
13 auto 16 32 1.000 3.97
13 auto 16 128 1.000 3.97
14 seeded 4 0 1.000 3.95
14 seeded 4 1 1.000 3.95
14 seeded 4 2 1.000 3.95
14 seeded 4 4 1.000 3.95
14 seeded 4 8 1.000 3.95
14 seeded 4 32 1.000 3.95
14 seeded 4 128 1.000 3.95
14 seeded 8 0 1.000 3.95
14 seeded 8 1 1.000 3.95
14 seeded 8 2 1.000 3.95
14 seeded 8 4 1.000 3.95
14 seeded 8 8 1.000 3.95
14 seeded 8 32 1.000 3.95
14 seeded 8 128 1.000 3.95
14 seeded 16 0 1.000 3.95
14 seeded 16 1 1.000 3.95
14 seeded 16 2 1.000 3.95
14 seeded 16 4 1.000 3.95
14 seeded 16 8 1.000 3.95
14 seeded 16 32 1.000 3.95
14 seeded 16 128 1.000 3.95
14 auto 4 0 1.000 3.95
14 auto 4 1 1.000 3.95
14 auto 4 2 1.000 3.95
14 auto 4 4 1.000 3.95
14 auto 4 8 1.000 3.95
14 auto 4 32 1.000 3.95
14 auto 4 128 1.000 3.95
14 auto 8 0 1.000 3.95
14 auto 8 1 1.000 3.95
14 auto 8 2 1.000 3.95
14 auto 8 4 1.000 3.95
14 auto 8 8 1.000 3.95
14 auto 8 32 1.000 3.95
14 auto 8 128 1.000 3.95
14 auto 16 0 1.000 3.95
14 auto 16 1 1.000 3.95
14 auto 16 2 1.000 3.95
14 auto 16 4 1.000 3.95
14 auto 16 8 1.000 3.95
14 auto 16 32 1.000 3.95
14 auto 16 128 1.000 3.95
15 seeded 4 0 0.062 4.00
15 seeded 4 1 0.063 4.00
15 seeded 4 2 0.063 4.00
15 seeded 4 4 0.063 4.00
15 seeded 4 8 0.063 4.00
15 seeded 4 32 0.063 4.00
15 seeded 4 128 0.062 4.00
15 seeded 8 0 0.063 4.00
15 seeded 8 1 0.063 4.00
15 seeded 8 2 0.063 4.00
15 seeded 8 4 0.064 4.00
15 seeded 8 8 0.062 4.00
15 seeded 8 32 0.063 4.00
15 seeded 8 128 0.063 4.00
15 seeded 16 0 0.063 4.00
15 seeded 16 1 0.062 4.00
15 seeded 16 2 0.062 4.00
15 seeded 16 4 0.063 4.00
15 seeded 16 8 0.063 4.00
15 seeded 16 32 0.064 4.00
15 seeded 16 128 0.062 4.00
15 auto 4 0 0.062 4.00
15 auto 4 1 0.063 4.00
15 auto 4 2 0.063 4.00
15 auto 4 4 0.063 4.00
15 auto 4 8 0.063 4.00
15 auto 4 32 0.063 4.00
15 auto 4 128 0.062 4.00
15 auto 8 0 0.063 4.00
15 auto 8 1 0.063 4.00
15 auto 8 2 0.063 4.00
15 auto 8 4 0.064 4.00
15 auto 8 8 0.062 4.00
15 auto 8 32 0.063 4.00
15 auto 8 128 0.063 4.00
15 auto 16 0 0.063 4.00
15 auto 16 1 0.062 4.00
15 auto 16 2 0.062 4.00
15 auto 16 4 0.063 4.00
15 auto 16 8 0.063 4.00
15 auto 16 32 0.064 4.00
15 auto 16 128 0.062 4.00
16 seeded 4 0 0.062 4.00
16 seeded 4 1 0.063 4.00
16 seeded 4 2 0.064 4.00
16 seeded 4 4 0.063 4.00
16 seeded 4 8 0.062 4.00
16 seeded 4 32 0.063 4.00
16 seeded 4 128 0.062 4.00
16 seeded 8 0 0.063 4.00
16 seeded 8 1 0.063 4.00
16 seeded 8 2 0.063 4.00
16 seeded 8 4 0.062 4.00
16 seeded 8 8 0.061 4.00
16 seeded 8 32 0.064 4.00
16 seeded 8 128 0.063 4.00
16 seeded 16 0 0.062 4.00
16 seeded 16 1 0.062 4.00
16 seeded 16 2 0.063 4.00
16 seeded 16 4 0.062 4.00
16 seeded 16 8 0.061 4.00
16 seeded 16 32 0.063 4.00
16 seeded 16 128 0.064 4.00
16 auto 4 0 0.063 4.00
16 auto 4 1 0.062 4.00
16 auto 4 2 0.062 4.00
16 auto 4 4 0.063 4.00
16 auto 4 8 0.063 4.00
16 auto 4 32 0.062 4.00
16 auto 4 128 0.062 4.00
16 auto 8 0 0.062 4.00
16 auto 8 1 0.062 4.00
16 auto 8 2 0.063 4.00
16 auto 8 4 0.062 4.00
16 auto 8 8 0.062 4.00
16 auto 8 32 0.062 4.00
16 auto 8 128 0.062 4.00
16 auto 16 0 0.061 4.00
16 auto 16 1 0.062 4.00
16 auto 16 2 0.061 4.00
16 auto 16 4 0.063 4.00
16 auto 16 8 0.062 4.00
16 auto 16 32 0.063 4.00
16 auto 16 128 0.062 4.00
17 seeded 4 0 0.063 4.00
17 seeded 4 1 0.062 4.00
17 seeded 4 2 0.062 4.00
17 seeded 4 4 0.062 4.00
17 seeded 4 8 0.063 4.00
17 seeded 4 32 0.063 4.00
17 seeded 4 128 0.064 4.00
17 seeded 8 0 0.061 4.00
17 seeded 8 1 0.063 4.00
17 seeded 8 2 0.062 4.00
17 seeded 8 4 0.062 4.00
17 seeded 8 8 0.062 4.00
17 seeded 8 32 0.062 4.00
17 seeded 8 128 0.063 4.00
17 seeded 16 0 0.063 4.00
17 seeded 16 1 0.063 4.00
17 seeded 16 2 0.063 4.00
17 seeded 16 4 0.062 4.00
17 seeded 16 8 0.062 4.00
17 seeded 16 32 0.061 4.00
17 seeded 16 128 0.062 4.00
17 auto 4 0 0.063 4.00
17 auto 4 1 0.062 4.00
17 auto 4 2 0.062 4.00
17 auto 4 4 0.063 4.00
17 auto 4 8 0.063 4.00
17 auto 4 32 0.061 4.00
17 auto 4 128 0.063 4.00
17 auto 8 0 0.065 4.00
17 auto 8 1 0.063 4.00
17 auto 8 2 0.063 4.00
17 auto 8 4 0.062 4.00
17 auto 8 8 0.062 4.00
17 auto 8 32 0.062 4.00
17 auto 8 128 0.064 4.00
17 auto 16 0 0.062 4.00
17 auto 16 1 0.062 4.00
17 auto 16 2 0.063 4.00
17 auto 16 4 0.063 4.00
17 auto 16 8 0.063 4.00
17 auto 16 32 0.062 4.00
17 auto 16 128 0.063 4.00
18 seeded 4 0 1.000 0.00
18 seeded 4 1 1.000 0.00
18 seeded 4 2 1.000 0.00
18 seeded 4 4 1.000 0.00
18 seeded 4 8 1.000 0.00
18 seeded 4 32 1.000 0.00
18 seeded 4 128 1.000 0.00
18 seeded 8 0 1.000 0.00
18 seeded 8 1 1.000 0.00
18 seeded 8 2 1.000 0.00
18 seeded 8 4 1.000 0.00
18 seeded 8 8 1.000 0.00
18 seeded 8 32 1.000 0.00
18 seeded 8 128 1.000 0.00
18 seeded 16 0 1.000 0.00
18 seeded 16 1 1.000 0.00
18 seeded 16 2 1.000 0.00
18 seeded 16 4 1.000 0.00
18 seeded 16 8 1.000 0.00
18 seeded 16 32 1.000 0.00
18 seeded 16 128 1.000 0.00
18 auto 4 0 1.000 0.00
18 auto 4 1 1.000 0.00
18 auto 4 2 1.000 0.00
18 auto 4 4 1.000 0.00
18 auto 4 8 1.000 0.00
18 auto 4 32 1.000 0.00
18 auto 4 128 1.000 0.00
18 auto 8 0 1.000 0.00
18 auto 8 1 1.000 0.00
18 auto 8 2 1.000 0.00
18 auto 8 4 1.000 0.00
18 auto 8 8 1.000 0.00
18 auto 8 32 1.000 0.00
18 auto 8 128 1.000 0.00
18 auto 16 0 1.000 0.00
18 auto 16 1 1.000 0.00
18 auto 16 2 1.000 0.00
18 auto 16 4 1.000 0.00
18 auto 16 8 1.000 0.00
18 auto 16 32 1.000 0.00
18 auto 16 128 1.000 0.00
19 seeded 4 0 0.062 4.00
19 seeded 4 1 0.062 4.00
19 seeded 4 2 0.061 4.00
19 seeded 4 4 0.062 4.00
19 seeded 4 8 0.062 4.00
19 seeded 4 32 0.063 4.00
19 seeded 4 128 0.062 4.00
19 seeded 8 0 0.063 4.00
19 seeded 8 1 0.062 4.00
19 seeded 8 2 0.063 4.00
19 seeded 8 4 0.061 4.00
19 seeded 8 8 0.062 4.00
19 seeded 8 32 0.063 4.00
19 seeded 8 128 0.062 4.00
19 seeded 16 0 0.062 4.00
19 seeded 16 1 0.063 4.00
19 seeded 16 2 0.064 4.00
19 seeded 16 4 0.063 4.00
19 seeded 16 8 0.064 4.00
19 seeded 16 32 0.061 4.00
19 seeded 16 128 0.063 4.00
19 auto 4 0 0.063 4.00
19 auto 4 1 0.063 4.00
19 auto 4 2 0.062 4.00
19 auto 4 4 0.062 4.00
19 auto 4 8 0.063 4.00
19 auto 4 32 0.062 4.00
19 auto 4 128 0.062 4.00
19 auto 8 0 0.062 4.00
19 auto 8 1 0.063 4.00
19 auto 8 2 0.062 4.00
19 auto 8 4 0.063 4.00
19 auto 8 8 0.062 4.00
19 auto 8 32 0.062 4.00
19 auto 8 128 0.063 4.00
19 auto 16 0 0.063 4.00
19 auto 16 1 0.063 4.00
19 auto 16 2 0.062 4.00
19 auto 16 4 0.064 4.00
19 auto 16 8 0.064 4.00
19 auto 16 32 0.062 4.00
19 auto 16 128 0.063 4.00
20 seeded 4 0 0.062 4.00
20 seeded 4 1 0.062 4.00
20 seeded 4 2 0.062 4.00
20 seeded 4 4 0.062 4.00
20 seeded 4 8 0.063 4.00
20 seeded 4 32 0.064 4.00
20 seeded 4 128 0.063 4.00
20 seeded 8 0 0.062 4.00
20 seeded 8 1 0.063 4.00
20 seeded 8 2 0.063 4.00
20 seeded 8 4 0.062 4.00
20 seeded 8 8 0.063 4.00
20 seeded 8 32 0.063 4.00
20 seeded 8 128 0.062 4.00
20 seeded 16 0 0.061 4.00
20 seeded 16 1 0.063 4.00
20 seeded 16 2 0.062 4.00
20 seeded 16 4 0.061 4.00
20 seeded 16 8 0.063 4.00
20 seeded 16 32 0.062 4.00
20 seeded 16 128 0.061 4.00
20 auto 4 0 0.063 4.00
20 auto 4 1 0.063 4.00
20 auto 4 2 0.063 4.00
20 auto 4 4 0.062 4.00
20 auto 4 8 0.062 4.00
20 auto 4 32 0.063 4.00
20 auto 4 128 0.063 4.00
20 auto 8 0 0.062 4.00
20 auto 8 1 0.063 4.00
20 auto 8 2 0.063 4.00
20 auto 8 4 0.063 4.00
20 auto 8 8 0.063 4.00
20 auto 8 32 0.062 4.00
20 auto 8 128 0.061 4.00
20 auto 16 0 0.064 4.00
20 auto 16 1 0.063 4.00
20 auto 16 2 0.062 4.00
20 auto 16 4 0.061 4.00
20 auto 16 8 0.062 4.00
20 auto 16 32 0.064 4.00
20 auto 16 128 0.061 4.00
21 seeded 4 0 0.063 4.00
21 seeded 4 1 0.062 4.00
21 seeded 4 2 0.064 4.00
21 seeded 4 4 0.062 4.00
21 seeded 4 8 0.062 4.00
21 seeded 4 32 0.062 4.00
21 seeded 4 128 0.062 4.00
21 seeded 8 0 0.063 4.00
21 seeded 8 1 0.063 4.00
21 seeded 8 2 0.061 4.00
21 seeded 8 4 0.062 4.00
21 seeded 8 8 0.061 4.00
21 seeded 8 32 0.062 4.00
21 seeded 8 128 0.063 4.00
21 seeded 16 0 0.062 4.00
21 seeded 16 1 0.062 4.00
21 seeded 16 2 0.063 4.00
21 seeded 16 4 0.062 4.00
21 seeded 16 8 0.062 4.00
21 seeded 16 32 0.061 4.00
21 seeded 16 128 0.063 4.00
21 auto 4 0 1.000 3.95
21 auto 4 1 1.000 3.95
21 auto 4 2 1.000 3.95
21 auto 4 4 1.000 3.95
21 auto 4 8 1.000 3.95
21 auto 4 32 1.000 3.95
21 auto 4 128 1.000 3.95
21 auto 8 0 1.000 3.95
21 auto 8 1 1.000 3.95
21 auto 8 2 1.000 3.95
21 auto 8 4 1.000 3.95
21 auto 8 8 1.000 3.95
21 auto 8 32 1.000 3.95
21 auto 8 128 1.000 3.95
21 auto 16 0 1.000 3.95
21 auto 16 1 1.000 3.95
21 auto 16 2 1.000 3.95
21 auto 16 4 1.000 3.95
21 auto 16 8 1.000 3.95
21 auto 16 32 1.000 3.95
21 auto 16 128 1.000 3.95
22 seeded 4 0 0.062 4.00
22 seeded 4 1 0.062 4.00
22 seeded 4 2 0.064 4.00
22 seeded 4 4 0.063 4.00
22 seeded 4 8 0.062 4.00
22 seeded 4 32 0.062 4.00
22 seeded 4 128 0.063 4.00
22 seeded 8 0 0.064 4.00
22 seeded 8 1 0.062 4.00
22 seeded 8 2 0.062 4.00
22 seeded 8 4 0.063 4.00
22 seeded 8 8 0.061 4.00
22 seeded 8 32 0.062 4.00
22 seeded 8 128 0.062 4.00
22 seeded 16 0 0.062 4.00
22 seeded 16 1 0.061 4.00
22 seeded 16 2 0.063 4.00
22 seeded 16 4 0.062 4.00
22 seeded 16 8 0.062 4.00
22 seeded 16 32 0.062 4.00
22 seeded 16 128 0.061 4.00
22 auto 4 0 1.000 3.93
22 auto 4 1 1.000 3.93
22 auto 4 2 1.000 3.93
22 auto 4 4 1.000 3.93
22 auto 4 8 1.000 3.93
22 auto 4 32 1.000 3.93
22 auto 4 128 1.000 3.93
22 auto 8 0 1.000 3.93
22 auto 8 1 1.000 3.93
22 auto 8 2 1.000 3.93
22 auto 8 4 1.000 3.93
22 auto 8 8 1.000 3.93
22 auto 8 32 1.000 3.93
22 auto 8 128 1.000 3.93
22 auto 16 0 1.000 3.93
22 auto 16 1 1.000 3.93
22 auto 16 2 1.000 3.93
22 auto 16 4 1.000 3.93
22 auto 16 8 1.000 3.93
22 auto 16 32 1.000 3.93
22 auto 16 128 1.000 3.93
23 seeded 4 0 0.063 4.00
23 seeded 4 1 0.063 4.00
23 seeded 4 2 0.063 4.00
23 seeded 4 4 0.063 4.00
23 seeded 4 8 0.063 4.00
23 seeded 4 32 0.063 4.00
23 seeded 4 128 0.063 4.00
23 seeded 8 0 0.063 4.00
23 seeded 8 1 0.060 4.00
23 seeded 8 2 0.062 4.00
23 seeded 8 4 0.062 4.00
23 seeded 8 8 0.062 4.00
23 seeded 8 32 0.063 4.00
23 seeded 8 128 0.063 4.00
23 seeded 16 0 0.062 4.00
23 seeded 16 1 0.062 4.00
23 seeded 16 2 0.063 4.00
23 seeded 16 4 0.064 4.00
23 seeded 16 8 0.061 4.00
23 seeded 16 32 0.063 4.00
23 seeded 16 128 0.062 4.00
23 auto 4 0 0.063 4.00
23 auto 4 1 0.063 4.00
23 auto 4 2 0.063 4.00
23 auto 4 4 0.063 4.00
23 auto 4 8 0.063 4.00
23 auto 4 32 0.062 4.00
23 auto 4 128 0.062 4.00
23 auto 8 0 0.062 4.00
23 auto 8 1 0.063 4.00
23 auto 8 2 0.063 4.00
23 auto 8 4 0.063 4.00
23 auto 8 8 0.062 4.00
23 auto 8 32 0.062 4.00
23 auto 8 128 0.064 4.00
23 auto 16 0 0.063 4.00
23 auto 16 1 0.063 4.00
23 auto 16 2 0.063 4.00
23 auto 16 4 0.063 4.00
23 auto 16 8 0.063 4.00
23 auto 16 32 0.062 4.00
23 auto 16 128 0.061 4.00
24 seeded 4 0 0.061 4.00
24 seeded 4 1 0.063 4.00
24 seeded 4 2 0.062 4.00
24 seeded 4 4 0.062 4.00
24 seeded 4 8 0.063 4.00
24 seeded 4 32 0.063 4.00
24 seeded 4 128 0.063 4.00
24 seeded 8 0 0.063 4.00
24 seeded 8 1 0.063 4.00
24 seeded 8 2 0.062 4.00
24 seeded 8 4 0.063 4.00
24 seeded 8 8 0.062 4.00
24 seeded 8 32 0.063 4.00
24 seeded 8 128 0.063 4.00
24 seeded 16 0 0.063 4.00
24 seeded 16 1 0.063 4.00
24 seeded 16 2 0.063 4.00
24 seeded 16 4 0.063 4.00
24 seeded 16 8 0.062 4.00
24 seeded 16 32 0.062 4.00
24 seeded 16 128 0.061 4.00
24 auto 4 0 0.063 4.00
24 auto 4 1 0.062 4.00
24 auto 4 2 0.063 4.00
24 auto 4 4 0.062 4.00
24 auto 4 8 0.061 4.00
24 auto 4 32 0.062 4.00
24 auto 4 128 0.063 4.00
24 auto 8 0 0.062 4.00
24 auto 8 1 0.063 4.00
24 auto 8 2 0.062 4.00
24 auto 8 4 0.063 4.00
24 auto 8 8 0.063 4.00
24 auto 8 32 0.063 4.00
24 auto 8 128 0.063 4.00
24 auto 16 0 0.063 4.00
24 auto 16 1 0.062 4.00
24 auto 16 2 0.063 4.00
24 auto 16 4 0.063 4.00
24 auto 16 8 0.062 4.00
24 auto 16 32 0.064 4.00
24 auto 16 128 0.063 4.00
25 seeded 4 0 0.062 4.00
25 seeded 4 1 0.062 4.00
25 seeded 4 2 0.063 4.00
25 seeded 4 4 0.063 4.00
25 seeded 4 8 0.062 4.00
25 seeded 4 32 0.063 4.00
25 seeded 4 128 0.062 4.00
25 seeded 8 0 0.063 4.00
25 seeded 8 1 0.062 4.00
25 seeded 8 2 0.063 4.00
25 seeded 8 4 0.062 4.00
25 seeded 8 8 0.062 4.00
25 seeded 8 32 0.063 4.00
25 seeded 8 128 0.063 4.00
25 seeded 16 0 0.063 4.00
25 seeded 16 1 0.062 4.00
25 seeded 16 2 0.062 4.00
25 seeded 16 4 0.063 4.00
25 seeded 16 8 0.062 4.00
25 seeded 16 32 0.062 4.00
25 seeded 16 128 0.062 4.00
25 auto 4 0 0.063 4.00
25 auto 4 1 0.062 4.00
25 auto 4 2 0.062 4.00
25 auto 4 4 0.064 4.00
25 auto 4 8 0.063 4.00
25 auto 4 32 0.063 4.00
25 auto 4 128 0.062 4.00
25 auto 8 0 0.063 4.00
25 auto 8 1 0.062 4.00
25 auto 8 2 0.062 4.00
25 auto 8 4 0.062 4.00
25 auto 8 8 0.062 4.00
25 auto 8 32 0.062 4.00
25 auto 8 128 0.063 4.00
25 auto 16 0 0.062 4.00
25 auto 16 1 0.062 4.00
25 auto 16 2 0.062 4.00
25 auto 16 4 0.063 4.00
25 auto 16 8 0.062 4.00
25 auto 16 32 0.063 4.00
25 auto 16 128 0.062 4.00
26 seeded 4 0 0.081 3.77
26 seeded 4 1 0.081 3.77
26 seeded 4 2 0.081 3.77
26 seeded 4 4 0.081 3.77
26 seeded 4 8 0.081 3.77
26 seeded 4 32 0.082 3.77
26 seeded 4 128 0.080 3.77
26 seeded 8 0 0.081 3.77
26 seeded 8 1 0.081 3.77
26 seeded 8 2 0.080 3.77
26 seeded 8 4 0.079 3.77
26 seeded 8 8 0.080 3.77
26 seeded 8 32 0.081 3.77
26 seeded 8 128 0.080 3.77
26 seeded 16 0 0.081 3.77
26 seeded 16 1 0.081 3.77
26 seeded 16 2 0.082 3.77
26 seeded 16 4 0.081 3.77
26 seeded 16 8 0.080 3.77
26 seeded 16 32 0.080 3.77
26 seeded 16 128 0.080 3.77
26 auto 4 0 1.000 3.77
26 auto 4 1 1.000 3.77
26 auto 4 2 1.000 3.77
26 auto 4 4 1.000 3.77
26 auto 4 8 1.000 3.77
26 auto 4 32 1.000 3.77
26 auto 4 128 1.000 3.77
26 auto 8 0 1.000 3.77
26 auto 8 1 1.000 3.77
26 auto 8 2 1.000 3.77
26 auto 8 4 1.000 3.77
26 auto 8 8 1.000 3.77
26 auto 8 32 1.000 3.77
26 auto 8 128 1.000 3.77
26 auto 16 0 1.000 3.77
26 auto 16 1 1.000 3.77
26 auto 16 2 1.000 3.77
26 auto 16 4 1.000 3.77
26 auto 16 8 1.000 3.77
26 auto 16 32 1.000 3.77
26 auto 16 128 1.000 3.77
27 seeded 4 0 0.061 4.00
27 seeded 4 1 0.063 4.00
27 seeded 4 2 0.062 4.00
27 seeded 4 4 0.063 4.00
27 seeded 4 8 0.062 4.00
27 seeded 4 32 0.062 4.00
27 seeded 4 128 0.063 4.00
27 seeded 8 0 0.062 4.00
27 seeded 8 1 0.063 4.00
27 seeded 8 2 0.062 4.00
27 seeded 8 4 0.062 4.00
27 seeded 8 8 0.063 4.00
27 seeded 8 32 0.062 4.00
27 seeded 8 128 0.062 4.00
27 seeded 16 0 0.063 4.00
27 seeded 16 1 0.062 4.00
27 seeded 16 2 0.062 4.00
27 seeded 16 4 0.063 4.00
27 seeded 16 8 0.064 4.00
27 seeded 16 32 0.064 4.00
27 seeded 16 128 0.062 4.00
27 auto 4 0 0.062 4.00
27 auto 4 1 0.064 4.00
27 auto 4 2 0.063 4.00
27 auto 4 4 0.062 4.00
27 auto 4 8 0.063 4.00
27 auto 4 32 0.063 4.00
27 auto 4 128 0.061 4.00
27 auto 8 0 0.063 4.00
27 auto 8 1 0.062 4.00
27 auto 8 2 0.061 4.00
27 auto 8 4 0.061 4.00
27 auto 8 8 0.062 4.00
27 auto 8 32 0.064 4.00
27 auto 8 128 0.062 4.00
27 auto 16 0 0.064 4.00
27 auto 16 1 0.063 4.00
27 auto 16 2 0.063 4.00
27 auto 16 4 0.063 4.00
27 auto 16 8 0.064 4.00
27 auto 16 32 0.060 4.00
27 auto 16 128 0.063 4.00
28 seeded 4 0 0.062 4.00
28 seeded 4 1 0.062 4.00
28 seeded 4 2 0.063 4.00
28 seeded 4 4 0.063 4.00
28 seeded 4 8 0.063 4.00
28 seeded 4 32 0.063 4.00
28 seeded 4 128 0.063 4.00
28 seeded 8 0 0.063 4.00
28 seeded 8 1 0.062 4.00
28 seeded 8 2 0.061 4.00
28 seeded 8 4 0.062 4.00
28 seeded 8 8 0.062 4.00
28 seeded 8 32 0.063 4.00
28 seeded 8 128 0.062 4.00
28 seeded 16 0 0.063 4.00
28 seeded 16 1 0.063 4.00
28 seeded 16 2 0.062 4.00
28 seeded 16 4 0.063 4.00
28 seeded 16 8 0.062 4.00
28 seeded 16 32 0.062 4.00
28 seeded 16 128 0.062 4.00
28 auto 4 0 1.000 3.96
28 auto 4 1 1.000 3.96
28 auto 4 2 1.000 3.96
28 auto 4 4 1.000 3.96
28 auto 4 8 1.000 3.96
28 auto 4 32 1.000 3.96
28 auto 4 128 1.000 3.96
28 auto 8 0 1.000 3.96
28 auto 8 1 1.000 3.96
28 auto 8 2 1.000 3.96
28 auto 8 4 1.000 3.96
28 auto 8 8 1.000 3.96
28 auto 8 32 1.000 3.96
28 auto 8 128 1.000 3.96
28 auto 16 0 1.000 3.96
28 auto 16 1 1.000 3.96
28 auto 16 2 1.000 3.96
28 auto 16 4 1.000 3.96
28 auto 16 8 1.000 3.96
28 auto 16 32 1.000 3.96
28 auto 16 128 1.000 3.96
29 seeded 4 0 0.101 3.49
29 seeded 4 1 0.102 3.48
29 seeded 4 2 0.101 3.49
29 seeded 4 4 0.103 3.49
29 seeded 4 8 0.101 3.49
29 seeded 4 32 0.101 3.49
29 seeded 4 128 0.100 3.49
29 seeded 8 0 0.100 3.49
29 seeded 8 1 0.102 3.48
29 seeded 8 2 0.102 3.48
29 seeded 8 4 0.102 3.48
29 seeded 8 8 0.102 3.48
29 seeded 8 32 0.100 3.48
29 seeded 8 128 0.100 3.49
29 seeded 16 0 0.100 3.49
29 seeded 16 1 0.102 3.49
29 seeded 16 2 0.102 3.49
29 seeded 16 4 0.103 3.49
29 seeded 16 8 0.102 3.49
29 seeded 16 32 0.101 3.49
29 seeded 16 128 0.102 3.48
29 auto 4 0 0.100 3.49
29 auto 4 1 0.100 3.49
29 auto 4 2 0.100 3.49
29 auto 4 4 0.101 3.49
29 auto 4 8 0.101 3.48
29 auto 4 32 0.102 3.49
29 auto 4 128 0.102 3.48
29 auto 8 0 0.101 3.49
29 auto 8 1 0.100 3.49
29 auto 8 2 0.103 3.49
29 auto 8 4 0.101 3.49
29 auto 8 8 0.102 3.49
29 auto 8 32 0.101 3.49
29 auto 8 128 0.100 3.49
29 auto 16 0 0.101 3.49
29 auto 16 1 0.101 3.48
29 auto 16 2 0.101 3.48
29 auto 16 4 0.101 3.48
29 auto 16 8 0.101 3.48
29 auto 16 32 0.101 3.49
29 auto 16 128 0.103 3.48
30 seeded 4 0 1.000 3.48
30 seeded 4 1 1.000 3.48
30 seeded 4 2 1.000 3.48
30 seeded 4 4 1.000 3.48
30 seeded 4 8 1.000 3.48
30 seeded 4 32 1.000 3.48
30 seeded 4 128 1.000 3.48
30 seeded 8 0 1.000 3.48
30 seeded 8 1 1.000 3.48
30 seeded 8 2 1.000 3.48
30 seeded 8 4 1.000 3.48
30 seeded 8 8 1.000 3.48
30 seeded 8 32 1.000 3.48
30 seeded 8 128 1.000 3.48
30 seeded 16 0 1.000 3.48
30 seeded 16 1 1.000 3.48
30 seeded 16 2 1.000 3.48
30 seeded 16 4 1.000 3.48
30 seeded 16 8 1.000 3.48
30 seeded 16 32 1.000 3.48
30 seeded 16 128 1.000 3.48
30 auto 4 0 1.000 3.48
30 auto 4 1 1.000 3.48
30 auto 4 2 1.000 3.48
30 auto 4 4 1.000 3.48
30 auto 4 8 1.000 3.48
30 auto 4 32 1.000 3.48
30 auto 4 128 1.000 3.48
30 auto 8 0 1.000 3.48
30 auto 8 1 1.000 3.48
30 auto 8 2 1.000 3.48
30 auto 8 4 1.000 3.48
30 auto 8 8 1.000 3.48
30 auto 8 32 1.000 3.48
30 auto 8 128 1.000 3.48
30 auto 16 0 1.000 3.48
30 auto 16 1 1.000 3.48
30 auto 16 2 1.000 3.48
30 auto 16 4 1.000 3.48
30 auto 16 8 1.000 3.48
30 auto 16 32 1.000 3.48
30 auto 16 128 1.000 3.48
31 seeded 4 0 0.063 4.00
31 seeded 4 1 0.064 4.00
31 seeded 4 2 0.063 4.00
31 seeded 4 4 0.062 4.00
31 seeded 4 8 0.062 4.00
31 seeded 4 32 0.062 4.00
31 seeded 4 128 0.062 4.00
31 seeded 8 0 0.062 4.00
31 seeded 8 1 0.065 4.00
31 seeded 8 2 0.062 4.00
31 seeded 8 4 0.062 4.00
31 seeded 8 8 0.063 4.00
31 seeded 8 32 0.063 4.00
31 seeded 8 128 0.062 4.00
31 seeded 16 0 0.062 4.00
31 seeded 16 1 0.063 4.00
31 seeded 16 2 0.063 4.00
31 seeded 16 4 0.063 4.00
31 seeded 16 8 0.063 4.00
31 seeded 16 32 0.064 4.00
31 seeded 16 128 0.064 4.00
31 auto 4 0 0.063 4.00
31 auto 4 1 0.063 4.00
31 auto 4 2 0.063 4.00
31 auto 4 4 0.062 4.00
31 auto 4 8 0.063 4.00
31 auto 4 32 0.061 4.00
31 auto 4 128 0.063 4.00
31 auto 8 0 0.062 4.00
31 auto 8 1 0.063 4.00
31 auto 8 2 0.062 4.00
31 auto 8 4 0.063 4.00
31 auto 8 8 0.062 4.00
31 auto 8 32 0.063 4.00
31 auto 8 128 0.063 4.00
31 auto 16 0 0.063 4.00
31 auto 16 1 0.062 4.00
31 auto 16 2 0.062 4.00
31 auto 16 4 0.062 4.00
31 auto 16 8 0.061 4.00
31 auto 16 32 0.061 4.00
31 auto 16 128 0.062 4.00
32 seeded 4 0 0.063 4.00
32 seeded 4 1 0.062 4.00
32 seeded 4 2 0.061 4.00
32 seeded 4 4 0.063 4.00
32 seeded 4 8 0.063 4.00
32 seeded 4 32 0.064 4.00
32 seeded 4 128 0.063 4.00
32 seeded 8 0 0.063 4.00
32 seeded 8 1 0.062 4.00
32 seeded 8 2 0.063 4.00
32 seeded 8 4 0.064 4.00
32 seeded 8 8 0.062 4.00
32 seeded 8 32 0.063 4.00
32 seeded 8 128 0.062 4.00
32 seeded 16 0 0.061 4.00
32 seeded 16 1 0.062 4.00
32 seeded 16 2 0.063 4.00
32 seeded 16 4 0.063 4.00
32 seeded 16 8 0.062 4.00
32 seeded 16 32 0.062 4.00
32 seeded 16 128 0.064 4.00
32 auto 4 0 0.062 4.00
32 auto 4 1 0.063 4.00
32 auto 4 2 0.062 4.00
32 auto 4 4 0.063 4.00
32 auto 4 8 0.062 4.00
32 auto 4 32 0.061 4.00
32 auto 4 128 0.064 4.00
32 auto 8 0 0.062 4.00
32 auto 8 1 0.062 4.00
32 auto 8 2 0.063 4.00
32 auto 8 4 0.062 4.00
32 auto 8 8 0.063 4.00
32 auto 8 32 0.062 4.00
32 auto 8 128 0.062 4.00
32 auto 16 0 0.062 4.00
32 auto 16 1 0.061 4.00
32 auto 16 2 0.062 4.00
32 auto 16 4 0.061 4.00
32 auto 16 8 0.062 4.00
32 auto 16 32 0.063 4.00
32 auto 16 128 0.064 4.00
33 seeded 4 0 0.063 4.00
33 seeded 4 1 0.063 4.00
33 seeded 4 2 0.062 4.00
33 seeded 4 4 0.061 4.00
33 seeded 4 8 0.063 4.00
33 seeded 4 32 0.063 4.00
33 seeded 4 128 0.063 4.00
33 seeded 8 0 0.063 4.00
33 seeded 8 1 0.063 4.00
33 seeded 8 2 0.062 4.00
33 seeded 8 4 0.061 4.00
33 seeded 8 8 0.064 4.00
33 seeded 8 32 0.062 4.00
33 seeded 8 128 0.063 4.00
33 seeded 16 0 0.062 4.00
33 seeded 16 1 0.063 4.00
33 seeded 16 2 0.063 4.00
33 seeded 16 4 0.063 4.00
33 seeded 16 8 0.064 4.00
33 seeded 16 32 0.063 4.00
33 seeded 16 128 0.063 4.00
33 auto 4 0 0.063 4.00
33 auto 4 1 0.063 4.00
33 auto 4 2 0.062 4.00
33 auto 4 4 0.061 4.00
33 auto 4 8 0.063 4.00
33 auto 4 32 0.063 4.00
33 auto 4 128 0.063 4.00
33 auto 8 0 0.063 4.00
33 auto 8 1 0.063 4.00
33 auto 8 2 0.062 4.00
33 auto 8 4 0.061 4.00
33 auto 8 8 0.064 4.00
33 auto 8 32 0.062 4.00
33 auto 8 128 0.063 4.00
33 auto 16 0 0.062 4.00
33 auto 16 1 0.063 4.00
33 auto 16 2 0.063 4.00
33 auto 16 4 0.063 4.00
33 auto 16 8 0.064 4.00
33 auto 16 32 0.063 4.00
33 auto 16 128 0.063 4.00
34 seeded 4 0 0.061 4.00
34 seeded 4 1 0.063 4.00
34 seeded 4 2 0.062 4.00
34 seeded 4 4 0.061 4.00
34 seeded 4 8 0.062 4.00
34 seeded 4 32 0.063 4.00
34 seeded 4 128 0.062 4.00
34 seeded 8 0 0.061 4.00
34 seeded 8 1 0.065 4.00
34 seeded 8 2 0.063 4.00
34 seeded 8 4 0.063 4.00
34 seeded 8 8 0.062 4.00
34 seeded 8 32 0.062 4.00
34 seeded 8 128 0.062 4.00
34 seeded 16 0 0.062 4.00
34 seeded 16 1 0.063 4.00
34 seeded 16 2 0.062 4.00
34 seeded 16 4 0.063 4.00
34 seeded 16 8 0.063 4.00
34 seeded 16 32 0.063 4.00
34 seeded 16 128 0.064 4.00
34 auto 4 0 0.063 4.00
34 auto 4 1 0.062 4.00
34 auto 4 2 0.061 4.00
34 auto 4 4 0.063 4.00
34 auto 4 8 0.063 4.00
34 auto 4 32 0.063 4.00
34 auto 4 128 0.062 4.00
34 auto 8 0 0.063 4.00
34 auto 8 1 0.062 4.00
34 auto 8 2 0.062 4.00
34 auto 8 4 0.063 4.00
34 auto 8 8 0.064 4.00
34 auto 8 32 0.062 4.00
34 auto 8 128 0.064 4.00
34 auto 16 0 0.063 4.00
34 auto 16 1 0.063 4.00
34 auto 16 2 0.062 4.00
34 auto 16 4 0.063 4.00
34 auto 16 8 0.061 4.00
34 auto 16 32 0.062 4.00
34 auto 16 128 0.063 4.00
35 seeded 4 0 0.061 4.00
35 seeded 4 1 0.064 4.00
35 seeded 4 2 0.063 4.00
35 seeded 4 4 0.062 4.00
35 seeded 4 8 0.062 4.00
35 seeded 4 32 0.062 4.00
35 seeded 4 128 0.061 4.00
35 seeded 8 0 0.062 4.00
35 seeded 8 1 0.062 4.00
35 seeded 8 2 0.063 4.00
35 seeded 8 4 0.063 4.00
35 seeded 8 8 0.063 4.00
35 seeded 8 32 0.062 4.00
35 seeded 8 128 0.062 4.00
35 seeded 16 0 0.062 4.00
35 seeded 16 1 0.064 4.00
35 seeded 16 2 0.062 4.00
35 seeded 16 4 0.062 4.00
35 seeded 16 8 0.062 4.00
35 seeded 16 32 0.062 4.00
35 seeded 16 128 0.063 4.00
35 auto 4 0 1.000 3.95
35 auto 4 1 1.000 3.95
35 auto 4 2 1.000 3.95
35 auto 4 4 1.000 3.95
35 auto 4 8 1.000 3.95
35 auto 4 32 1.000 3.95
35 auto 4 128 1.000 3.95
35 auto 8 0 1.000 3.95
35 auto 8 1 1.000 3.95
35 auto 8 2 1.000 3.95
35 auto 8 4 1.000 3.95
35 auto 8 8 1.000 3.95
35 auto 8 32 1.000 3.95
35 auto 8 128 1.000 3.95
35 auto 16 0 1.000 3.95
35 auto 16 1 1.000 3.95
35 auto 16 2 1.000 3.95
35 auto 16 4 1.000 3.95
35 auto 16 8 1.000 3.95
35 auto 16 32 1.000 3.95
35 auto 16 128 1.000 3.95
36 seeded 4 0 0.063 4.00
36 seeded 4 1 0.063 4.00
36 seeded 4 2 0.064 4.00
36 seeded 4 4 0.062 4.00
36 seeded 4 8 0.063 4.00
36 seeded 4 32 0.063 4.00
36 seeded 4 128 0.062 4.00
36 seeded 8 0 0.062 4.00
36 seeded 8 1 0.063 4.00
36 seeded 8 2 0.063 4.00
36 seeded 8 4 0.062 4.00
36 seeded 8 8 0.062 4.00
36 seeded 8 32 0.063 4.00
36 seeded 8 128 0.064 4.00
36 seeded 16 0 0.062 4.00
36 seeded 16 1 0.063 4.00
36 seeded 16 2 0.062 4.00
36 seeded 16 4 0.063 4.00
36 seeded 16 8 0.062 4.00
36 seeded 16 32 0.063 4.00
36 seeded 16 128 0.063 4.00
36 auto 4 0 0.063 4.00
36 auto 4 1 0.061 4.00
36 auto 4 2 0.063 4.00
36 auto 4 4 0.062 4.00
36 auto 4 8 0.063 4.00
36 auto 4 32 0.062 4.00
36 auto 4 128 0.063 4.00
36 auto 8 0 0.063 4.00
36 auto 8 1 0.064 4.00
36 auto 8 2 0.063 4.00
36 auto 8 4 0.061 4.00
36 auto 8 8 0.062 4.00
36 auto 8 32 0.063 4.00
36 auto 8 128 0.063 4.00
36 auto 16 0 0.062 4.00
36 auto 16 1 0.061 4.00
36 auto 16 2 0.063 4.00
36 auto 16 4 0.064 4.00
36 auto 16 8 0.061 4.00
36 auto 16 32 0.063 4.00
36 auto 16 128 0.063 4.00
37 seeded 4 0 0.061 4.00
37 seeded 4 1 0.062 4.00
37 seeded 4 2 0.063 4.00
37 seeded 4 4 0.063 4.00
37 seeded 4 8 0.063 4.00
37 seeded 4 32 0.062 4.00
37 seeded 4 128 0.062 4.00
37 seeded 8 0 0.063 4.00
37 seeded 8 1 0.062 4.00
37 seeded 8 2 0.062 4.00
37 seeded 8 4 0.064 4.00
37 seeded 8 8 0.062 4.00
37 seeded 8 32 0.064 4.00
37 seeded 8 128 0.062 4.00
37 seeded 16 0 0.061 4.00
37 seeded 16 1 0.062 4.00
37 seeded 16 2 0.061 4.00
37 seeded 16 4 0.061 4.00
37 seeded 16 8 0.063 4.00
37 seeded 16 32 0.062 4.00
37 seeded 16 128 0.063 4.00
37 auto 4 0 0.063 4.00
37 auto 4 1 0.062 4.00
37 auto 4 2 0.063 4.00
37 auto 4 4 0.063 4.00
37 auto 4 8 0.062 4.00
37 auto 4 32 0.063 4.00
37 auto 4 128 0.063 4.00
37 auto 8 0 0.063 4.00
37 auto 8 1 0.062 4.00
37 auto 8 2 0.063 4.00
37 auto 8 4 0.064 4.00
37 auto 8 8 0.062 4.00
37 auto 8 32 0.063 4.00
37 auto 8 128 0.061 4.00
37 auto 16 0 0.062 4.00
37 auto 16 1 0.063 4.00
37 auto 16 2 0.061 4.00
37 auto 16 4 0.063 4.00
37 auto 16 8 0.062 4.00
37 auto 16 32 0.062 4.00
37 auto 16 128 0.063 4.00
38 seeded 4 0 1.000 3.97
38 seeded 4 1 1.000 3.97
38 seeded 4 2 1.000 3.97
38 seeded 4 4 1.000 3.97
38 seeded 4 8 1.000 3.97
38 seeded 4 32 1.000 3.97
38 seeded 4 128 1.000 3.97
38 seeded 8 0 1.000 3.97
38 seeded 8 1 1.000 3.97
38 seeded 8 2 1.000 3.97
38 seeded 8 4 1.000 3.97
38 seeded 8 8 1.000 3.97
38 seeded 8 32 1.000 3.97
38 seeded 8 128 1.000 3.97
38 seeded 16 0 1.000 3.97
38 seeded 16 1 1.000 3.97
38 seeded 16 2 1.000 3.97
38 seeded 16 4 1.000 3.97
38 seeded 16 8 1.000 3.97
38 seeded 16 32 1.000 3.97
38 seeded 16 128 1.000 3.97
38 auto 4 0 1.000 3.97
38 auto 4 1 1.000 3.97
38 auto 4 2 1.000 3.97
38 auto 4 4 1.000 3.97
38 auto 4 8 1.000 3.97
38 auto 4 32 1.000 3.97
38 auto 4 128 1.000 3.97
38 auto 8 0 1.000 3.97
38 auto 8 1 1.000 3.97
38 auto 8 2 1.000 3.97
38 auto 8 4 1.000 3.97
38 auto 8 8 1.000 3.97
38 auto 8 32 1.000 3.97
38 auto 8 128 1.000 3.97
38 auto 16 0 1.000 3.97
38 auto 16 1 1.000 3.97
38 auto 16 2 1.000 3.97
38 auto 16 4 1.000 3.97
38 auto 16 8 1.000 3.97
38 auto 16 32 1.000 3.97
38 auto 16 128 1.000 3.97
39 seeded 4 0 0.082 3.75
39 seeded 4 1 0.082 3.75
39 seeded 4 2 0.081 3.74
39 seeded 4 4 0.081 3.75
39 seeded 4 8 0.082 3.74
39 seeded 4 32 0.082 3.74
39 seeded 4 128 0.082 3.75
39 seeded 8 0 0.079 3.75
39 seeded 8 1 0.082 3.74
39 seeded 8 2 0.081 3.74
39 seeded 8 4 0.082 3.74
39 seeded 8 8 0.082 3.74
39 seeded 8 32 0.081 3.75
39 seeded 8 128 0.082 3.74
39 seeded 16 0 0.080 3.75
39 seeded 16 1 0.083 3.74
39 seeded 16 2 0.082 3.74
39 seeded 16 4 0.082 3.74
39 seeded 16 8 0.082 3.75
39 seeded 16 32 0.082 3.74
39 seeded 16 128 0.082 3.74
39 auto 4 0 0.082 3.74
39 auto 4 1 0.083 3.74
39 auto 4 2 0.082 3.75
39 auto 4 4 0.083 3.74
39 auto 4 8 0.081 3.74
39 auto 4 32 0.082 3.75
39 auto 4 128 0.082 3.74
39 auto 8 0 0.081 3.74
39 auto 8 1 0.081 3.75
39 auto 8 2 0.081 3.74
39 auto 8 4 0.082 3.74
39 auto 8 8 0.080 3.74
39 auto 8 32 0.081 3.74
39 auto 8 128 0.081 3.74
39 auto 16 0 0.081 3.74
39 auto 16 1 0.081 3.74
39 auto 16 2 0.083 3.74
39 auto 16 4 0.082 3.75
39 auto 16 8 0.081 3.74
39 auto 16 32 0.081 3.74
39 auto 16 128 0.082 3.75
40 seeded 4 0 1.000 3.91
40 seeded 4 1 1.000 3.91
40 seeded 4 2 1.000 3.91
40 seeded 4 4 1.000 3.91
40 seeded 4 8 1.000 3.91
40 seeded 4 32 1.000 3.91
40 seeded 4 128 1.000 3.91
40 seeded 8 0 1.000 3.91
40 seeded 8 1 1.000 3.91
40 seeded 8 2 1.000 3.91
40 seeded 8 4 1.000 3.91
40 seeded 8 8 1.000 3.91
40 seeded 8 32 1.000 3.91
40 seeded 8 128 1.000 3.91
40 seeded 16 0 1.000 3.91
40 seeded 16 1 1.000 3.91
40 seeded 16 2 1.000 3.91
40 seeded 16 4 1.000 3.91
40 seeded 16 8 1.000 3.91
40 seeded 16 32 1.000 3.91
40 seeded 16 128 1.000 3.91
40 auto 4 0 1.000 3.91
40 auto 4 1 1.000 3.91
40 auto 4 2 1.000 3.91
40 auto 4 4 1.000 3.91
40 auto 4 8 1.000 3.91
40 auto 4 32 1.000 3.91
40 auto 4 128 1.000 3.91
40 auto 8 0 1.000 3.91
40 auto 8 1 1.000 3.91
40 auto 8 2 1.000 3.91
40 auto 8 4 1.000 3.91
40 auto 8 8 1.000 3.91
40 auto 8 32 1.000 3.91
40 auto 8 128 1.000 3.91
40 auto 16 0 1.000 3.91
40 auto 16 1 1.000 3.91
40 auto 16 2 1.000 3.91
40 auto 16 4 1.000 3.91
40 auto 16 8 1.000 3.91
40 auto 16 32 1.000 3.91
40 auto 16 128 1.000 3.91
41 seeded 4 0 0.064 4.00
41 seeded 4 1 0.062 4.00
41 seeded 4 2 0.061 4.00
41 seeded 4 4 0.063 4.00
41 seeded 4 8 0.062 4.00
41 seeded 4 32 0.062 4.00
41 seeded 4 128 0.062 4.00
41 seeded 8 0 0.062 4.00
41 seeded 8 1 0.063 4.00
41 seeded 8 2 0.063 4.00
41 seeded 8 4 0.064 4.00
41 seeded 8 8 0.063 4.00
41 seeded 8 32 0.061 4.00
41 seeded 8 128 0.064 4.00
41 seeded 16 0 0.062 4.00
41 seeded 16 1 0.063 4.00
41 seeded 16 2 0.062 4.00
41 seeded 16 4 0.063 4.00
41 seeded 16 8 0.062 4.00
41 seeded 16 32 0.062 4.00
41 seeded 16 128 0.062 4.00
41 auto 4 0 0.062 4.00
41 auto 4 1 0.063 4.00
41 auto 4 2 0.062 4.00
41 auto 4 4 0.063 4.00
41 auto 4 8 0.063 4.00
41 auto 4 32 0.062 4.00
41 auto 4 128 0.063 4.00
41 auto 8 0 0.064 4.00
41 auto 8 1 0.062 4.00
41 auto 8 2 0.062 4.00
41 auto 8 4 0.063 4.00
41 auto 8 8 0.062 4.00
41 auto 8 32 0.062 4.00
41 auto 8 128 0.062 4.00
41 auto 16 0 0.063 4.00
41 auto 16 1 0.063 4.00
41 auto 16 2 0.062 4.00
41 auto 16 4 0.064 4.00
41 auto 16 8 0.062 4.00
41 auto 16 32 0.063 4.00
41 auto 16 128 0.062 4.00
42 seeded 4 0 0.063 4.00
42 seeded 4 1 0.063 4.00
42 seeded 4 2 0.062 4.00
42 seeded 4 4 0.064 4.00
42 seeded 4 8 0.063 4.00
42 seeded 4 32 0.062 4.00
42 seeded 4 128 0.063 4.00
42 seeded 8 0 0.063 4.00
42 seeded 8 1 0.063 4.00
42 seeded 8 2 0.064 4.00
42 seeded 8 4 0.062 4.00
42 seeded 8 8 0.062 4.00
42 seeded 8 32 0.062 4.00
42 seeded 8 128 0.062 4.00
42 seeded 16 0 0.063 4.00
42 seeded 16 1 0.062 4.00
42 seeded 16 2 0.062 4.00
42 seeded 16 4 0.062 4.00
42 seeded 16 8 0.064 4.00
42 seeded 16 32 0.062 4.00
42 seeded 16 128 0.063 4.00
42 auto 4 0 0.063 4.00
42 auto 4 1 0.063 4.00
42 auto 4 2 0.062 4.00
42 auto 4 4 0.064 4.00
42 auto 4 8 0.063 4.00
42 auto 4 32 0.062 4.00
42 auto 4 128 0.063 4.00
42 auto 8 0 0.063 4.00
42 auto 8 1 0.063 4.00
42 auto 8 2 0.064 4.00
42 auto 8 4 0.062 4.00
42 auto 8 8 0.062 4.00
42 auto 8 32 0.062 4.00
42 auto 8 128 0.062 4.00
42 auto 16 0 0.063 4.00
42 auto 16 1 0.062 4.00
42 auto 16 2 0.062 4.00
42 auto 16 4 0.062 4.00
42 auto 16 8 0.064 4.00
42 auto 16 32 0.062 4.00
42 auto 16 128 0.063 4.00
43 seeded 4 0 0.063 4.00
43 seeded 4 1 0.062 4.00
43 seeded 4 2 0.063 4.00
43 seeded 4 4 0.064 4.00
43 seeded 4 8 0.062 4.00
43 seeded 4 32 0.062 4.00
43 seeded 4 128 0.062 4.00
43 seeded 8 0 0.063 4.00
43 seeded 8 1 0.063 4.00
43 seeded 8 2 0.062 4.00
43 seeded 8 4 0.064 4.00
43 seeded 8 8 0.063 4.00
43 seeded 8 32 0.061 4.00
43 seeded 8 128 0.062 4.00
43 seeded 16 0 0.063 4.00
43 seeded 16 1 0.062 4.00
43 seeded 16 2 0.063 4.00
43 seeded 16 4 0.063 4.00
43 seeded 16 8 0.063 4.00
43 seeded 16 32 0.063 4.00
43 seeded 16 128 0.062 4.00
43 auto 4 0 0.062 4.00
43 auto 4 1 0.063 4.00
43 auto 4 2 0.062 4.00
43 auto 4 4 0.062 4.00
43 auto 4 8 0.062 4.00
43 auto 4 32 0.062 4.00
43 auto 4 128 0.062 4.00
43 auto 8 0 0.062 4.00
43 auto 8 1 0.062 4.00
43 auto 8 2 0.062 4.00
43 auto 8 4 0.063 4.00
43 auto 8 8 0.063 4.00
43 auto 8 32 0.062 4.00
43 auto 8 128 0.063 4.00
43 auto 16 0 0.061 4.00
43 auto 16 1 0.061 4.00
43 auto 16 2 0.063 4.00
43 auto 16 4 0.063 4.00
43 auto 16 8 0.063 4.00
43 auto 16 32 0.062 4.00
43 auto 16 128 0.062 4.00
44 seeded 4 0 0.061 4.00
44 seeded 4 1 0.063 4.00
44 seeded 4 2 0.063 4.00
44 seeded 4 4 0.061 4.00
44 seeded 4 8 0.062 4.00
44 seeded 4 32 0.064 4.00
44 seeded 4 128 0.064 4.00
44 seeded 8 0 0.064 4.00
44 seeded 8 1 0.063 4.00
44 seeded 8 2 0.063 4.00
44 seeded 8 4 0.061 4.00
44 seeded 8 8 0.063 4.00
44 seeded 8 32 0.063 4.00
44 seeded 8 128 0.062 4.00
44 seeded 16 0 0.063 4.00
44 seeded 16 1 0.064 4.00
44 seeded 16 2 0.064 4.00
44 seeded 16 4 0.063 4.00
44 seeded 16 8 0.063 4.00
44 seeded 16 32 0.064 4.00
44 seeded 16 128 0.063 4.00
44 auto 4 0 0.062 4.00
44 auto 4 1 0.062 4.00
44 auto 4 2 0.063 4.00
44 auto 4 4 0.063 4.00
44 auto 4 8 0.063 4.00
44 auto 4 32 0.062 4.00
44 auto 4 128 0.062 4.00
44 auto 8 0 0.062 4.00
44 auto 8 1 0.062 4.00
44 auto 8 2 0.062 4.00
44 auto 8 4 0.062 4.00
44 auto 8 8 0.064 4.00
44 auto 8 32 0.062 4.00
44 auto 8 128 0.062 4.00
44 auto 16 0 0.062 4.00
44 auto 16 1 0.062 4.00
44 auto 16 2 0.062 4.00
44 auto 16 4 0.063 4.00
44 auto 16 8 0.062 4.00
44 auto 16 32 0.063 4.00
44 auto 16 128 0.061 4.00
45 seeded 4 0 0.062 4.00
45 seeded 4 1 0.063 4.00
45 seeded 4 2 0.062 4.00
45 seeded 4 4 0.063 4.00
45 seeded 4 8 0.063 4.00
45 seeded 4 32 0.061 4.00
45 seeded 4 128 0.063 4.00
45 seeded 8 0 0.062 4.00
45 seeded 8 1 0.064 4.00
45 seeded 8 2 0.063 4.00
45 seeded 8 4 0.063 4.00
45 seeded 8 8 0.062 4.00
45 seeded 8 32 0.062 4.00
45 seeded 8 128 0.063 4.00
45 seeded 16 0 0.063 4.00
45 seeded 16 1 0.063 4.00
45 seeded 16 2 0.063 4.00
45 seeded 16 4 0.062 4.00
45 seeded 16 8 0.062 4.00
45 seeded 16 32 0.062 4.00
45 seeded 16 128 0.062 4.00
45 auto 4 0 1.000 3.98
45 auto 4 1 1.000 3.98
45 auto 4 2 1.000 3.98
45 auto 4 4 1.000 3.98
45 auto 4 8 1.000 3.98
45 auto 4 32 1.000 3.98
45 auto 4 128 1.000 3.98
45 auto 8 0 1.000 3.98
45 auto 8 1 1.000 3.98
45 auto 8 2 1.000 3.98
45 auto 8 4 1.000 3.98
45 auto 8 8 1.000 3.98
45 auto 8 32 1.000 3.98
45 auto 8 128 1.000 3.98
45 auto 16 0 1.000 3.98
45 auto 16 1 1.000 3.98
45 auto 16 2 1.000 3.98
45 auto 16 4 1.000 3.98
45 auto 16 8 1.000 3.98
45 auto 16 32 1.000 3.98
45 auto 16 128 1.000 3.98
46 seeded 4 0 0.080 3.78
46 seeded 4 1 0.079 3.78
46 seeded 4 2 0.081 3.78
46 seeded 4 4 0.081 3.78
46 seeded 4 8 0.080 3.78
46 seeded 4 32 0.081 3.78
46 seeded 4 128 0.080 3.78
46 seeded 8 0 0.079 3.78
46 seeded 8 1 0.080 3.78
46 seeded 8 2 0.079 3.78
46 seeded 8 4 0.081 3.78
46 seeded 8 8 0.081 3.78
46 seeded 8 32 0.080 3.78
46 seeded 8 128 0.080 3.78
46 seeded 16 0 0.080 3.78
46 seeded 16 1 0.079 3.78
46 seeded 16 2 0.081 3.78
46 seeded 16 4 0.080 3.78
46 seeded 16 8 0.082 3.78
46 seeded 16 32 0.079 3.78
46 seeded 16 128 0.080 3.78
46 auto 4 0 0.081 3.78
46 auto 4 1 0.080 3.78
46 auto 4 2 0.080 3.78
46 auto 4 4 0.080 3.78
46 auto 4 8 0.080 3.78
46 auto 4 32 0.080 3.78
46 auto 4 128 0.081 3.77
46 auto 8 0 0.079 3.78
46 auto 8 1 0.081 3.78
46 auto 8 2 0.081 3.78
46 auto 8 4 0.080 3.78
46 auto 8 8 0.081 3.78
46 auto 8 32 0.081 3.78
46 auto 8 128 0.082 3.78
46 auto 16 0 0.081 3.78
46 auto 16 1 0.079 3.78
46 auto 16 2 0.080 3.78
46 auto 16 4 0.081 3.78
46 auto 16 8 0.080 3.78
46 auto 16 32 0.080 3.78
46 auto 16 128 0.080 3.78
47 seeded 4 0 0.062 4.00
47 seeded 4 1 0.063 4.00
47 seeded 4 2 0.061 4.00
47 seeded 4 4 0.062 4.00
47 seeded 4 8 0.062 4.00
47 seeded 4 32 0.062 4.00
47 seeded 4 128 0.063 4.00
47 seeded 8 0 0.062 4.00
47 seeded 8 1 0.062 4.00
47 seeded 8 2 0.062 4.00
47 seeded 8 4 0.063 4.00
47 seeded 8 8 0.063 4.00
47 seeded 8 32 0.063 4.00
47 seeded 8 128 0.064 4.00
47 seeded 16 0 0.062 4.00
47 seeded 16 1 0.064 4.00
47 seeded 16 2 0.064 4.00
47 seeded 16 4 0.062 4.00
47 seeded 16 8 0.063 4.00
47 seeded 16 32 0.062 4.00
47 seeded 16 128 0.061 4.00
47 auto 4 0 1.000 3.98
47 auto 4 1 1.000 3.98
47 auto 4 2 1.000 3.98
47 auto 4 4 1.000 3.98
47 auto 4 8 1.000 3.98
47 auto 4 32 1.000 3.98
47 auto 4 128 1.000 3.98
47 auto 8 0 1.000 3.98
47 auto 8 1 1.000 3.98
47 auto 8 2 1.000 3.98
47 auto 8 4 1.000 3.98
47 auto 8 8 1.000 3.98
47 auto 8 32 1.000 3.98
47 auto 8 128 1.000 3.98
47 auto 16 0 1.000 3.98
47 auto 16 1 1.000 3.98
47 auto 16 2 1.000 3.98
47 auto 16 4 1.000 3.98
47 auto 16 8 1.000 3.98
47 auto 16 32 1.000 3.98
47 auto 16 128 1.000 3.98
48 seeded 4 0 0.063 4.00
48 seeded 4 1 0.064 4.00
48 seeded 4 2 0.063 4.00
48 seeded 4 4 0.062 4.00
48 seeded 4 8 0.063 4.00
48 seeded 4 32 0.062 4.00
48 seeded 4 128 0.063 4.00
48 seeded 8 0 0.062 4.00
48 seeded 8 1 0.062 4.00
48 seeded 8 2 0.063 4.00
48 seeded 8 4 0.063 4.00
48 seeded 8 8 0.062 4.00
48 seeded 8 32 0.062 4.00
48 seeded 8 128 0.063 4.00
48 seeded 16 0 0.062 4.00
48 seeded 16 1 0.063 4.00
48 seeded 16 2 0.062 4.00
48 seeded 16 4 0.062 4.00
48 seeded 16 8 0.063 4.00
48 seeded 16 32 0.063 4.00
48 seeded 16 128 0.063 4.00
48 auto 4 0 1.000 3.97
48 auto 4 1 1.000 3.97
48 auto 4 2 1.000 3.97
48 auto 4 4 1.000 3.97
48 auto 4 8 1.000 3.97
48 auto 4 32 1.000 3.97
48 auto 4 128 1.000 3.97
48 auto 8 0 1.000 3.97
48 auto 8 1 1.000 3.97
48 auto 8 2 1.000 3.97
48 auto 8 4 1.000 3.97
48 auto 8 8 1.000 3.97
48 auto 8 32 1.000 3.97
48 auto 8 128 1.000 3.97
48 auto 16 0 1.000 3.97
48 auto 16 1 1.000 3.97
48 auto 16 2 1.000 3.97
48 auto 16 4 1.000 3.97
48 auto 16 8 1.000 3.97
48 auto 16 32 1.000 3.97
48 auto 16 128 1.000 3.97
49 seeded 4 0 0.062 4.00
49 seeded 4 1 0.062 4.00
49 seeded 4 2 0.062 4.00
49 seeded 4 4 0.064 4.00
49 seeded 4 8 0.061 4.00
49 seeded 4 32 0.063 4.00
49 seeded 4 128 0.063 4.00
49 seeded 8 0 0.062 4.00
49 seeded 8 1 0.062 4.00
49 seeded 8 2 0.062 4.00
49 seeded 8 4 0.063 4.00
49 seeded 8 8 0.064 4.00
49 seeded 8 32 0.062 4.00
49 seeded 8 128 0.062 4.00
49 seeded 16 0 0.062 4.00
49 seeded 16 1 0.062 4.00
49 seeded 16 2 0.062 4.00
49 seeded 16 4 0.063 4.00
49 seeded 16 8 0.062 4.00
49 seeded 16 32 0.063 4.00
49 seeded 16 128 0.062 4.00
49 auto 4 0 0.062 4.00
49 auto 4 1 0.063 4.00
49 auto 4 2 0.063 4.00
49 auto 4 4 0.063 4.00
49 auto 4 8 0.063 4.00
49 auto 4 32 0.061 4.00
49 auto 4 128 0.063 4.00
49 auto 8 0 0.063 4.00
49 auto 8 1 0.063 4.00
49 auto 8 2 0.063 4.00
49 auto 8 4 0.062 4.00
49 auto 8 8 0.062 4.00
49 auto 8 32 0.063 4.00
49 auto 8 128 0.063 4.00
49 auto 16 0 0.063 4.00
49 auto 16 1 0.062 4.00
49 auto 16 2 0.062 4.00
49 auto 16 4 0.062 4.00
49 auto 16 8 0.062 4.00
49 auto 16 32 0.062 4.00
49 auto 16 128 0.061 4.00
50 seeded 4 0 0.062 4.00
50 seeded 4 1 0.063 4.00
50 seeded 4 2 0.062 4.00
50 seeded 4 4 0.062 4.00
50 seeded 4 8 0.063 4.00
50 seeded 4 32 0.062 4.00
50 seeded 4 128 0.062 4.00
50 seeded 8 0 0.064 4.00
50 seeded 8 1 0.063 4.00
50 seeded 8 2 0.061 4.00
50 seeded 8 4 0.063 4.00
50 seeded 8 8 0.062 4.00
50 seeded 8 32 0.063 4.00
50 seeded 8 128 0.063 4.00
50 seeded 16 0 0.063 4.00
50 seeded 16 1 0.063 4.00
50 seeded 16 2 0.062 4.00
50 seeded 16 4 0.062 4.00
50 seeded 16 8 0.061 4.00
50 seeded 16 32 0.062 4.00
50 seeded 16 128 0.061 4.00
50 auto 4 0 1.000 3.95
50 auto 4 1 1.000 3.95
50 auto 4 2 1.000 3.95
50 auto 4 4 1.000 3.95
50 auto 4 8 1.000 3.95
50 auto 4 32 1.000 3.95
50 auto 4 128 1.000 3.95
50 auto 8 0 1.000 3.95
50 auto 8 1 1.000 3.95
50 auto 8 2 1.000 3.95
50 auto 8 4 1.000 3.95
50 auto 8 8 1.000 3.95
50 auto 8 32 1.000 3.95
50 auto 8 128 1.000 3.95
50 auto 16 0 1.000 3.95
50 auto 16 1 1.000 3.95
50 auto 16 2 1.000 3.95
50 auto 16 4 1.000 3.95
50 auto 16 8 1.000 3.95
50 auto 16 32 1.000 3.95
50 auto 16 128 1.000 3.95
51 seeded 4 0 0.062 4.00
51 seeded 4 1 0.061 4.00
51 seeded 4 2 0.062 4.00
51 seeded 4 4 0.063 4.00
51 seeded 4 8 0.063 4.00
51 seeded 4 32 0.062 4.00
51 seeded 4 128 0.062 4.00
51 seeded 8 0 0.063 4.00
51 seeded 8 1 0.062 4.00
51 seeded 8 2 0.062 4.00
51 seeded 8 4 0.062 4.00
51 seeded 8 8 0.063 4.00
51 seeded 8 32 0.064 4.00
51 seeded 8 128 0.063 4.00
51 seeded 16 0 0.063 4.00
51 seeded 16 1 0.061 4.00
51 seeded 16 2 0.062 4.00
51 seeded 16 4 0.061 4.00
51 seeded 16 8 0.061 4.00
51 seeded 16 32 0.064 4.00
51 seeded 16 128 0.062 4.00
51 auto 4 0 1.000 3.93
51 auto 4 1 1.000 3.93
51 auto 4 2 1.000 3.93
51 auto 4 4 1.000 3.93
51 auto 4 8 1.000 3.93
51 auto 4 32 1.000 3.93
51 auto 4 128 1.000 3.93
51 auto 8 0 1.000 3.93
51 auto 8 1 1.000 3.93
51 auto 8 2 1.000 3.93
51 auto 8 4 1.000 3.93
51 auto 8 8 1.000 3.93
51 auto 8 32 1.000 3.93
51 auto 8 128 1.000 3.93
51 auto 16 0 1.000 3.93
51 auto 16 1 1.000 3.93
51 auto 16 2 1.000 3.93
51 auto 16 4 1.000 3.93
51 auto 16 8 1.000 3.93
51 auto 16 32 1.000 3.93
51 auto 16 128 1.000 3.93
52 seeded 4 0 0.062 4.00
52 seeded 4 1 0.062 4.00
52 seeded 4 2 0.062 4.00
52 seeded 4 4 0.062 4.00
52 seeded 4 8 0.062 4.00
52 seeded 4 32 0.062 4.00
52 seeded 4 128 0.062 4.00
52 seeded 8 0 0.063 4.00
52 seeded 8 1 0.063 4.00
52 seeded 8 2 0.063 4.00
52 seeded 8 4 0.063 4.00
52 seeded 8 8 0.063 4.00
52 seeded 8 32 0.063 4.00
52 seeded 8 128 0.063 4.00
52 seeded 16 0 0.062 4.00
52 seeded 16 1 0.062 4.00
52 seeded 16 2 0.062 4.00
52 seeded 16 4 0.062 4.00
52 seeded 16 8 0.062 4.00
52 seeded 16 32 0.062 4.00
52 seeded 16 128 0.062 4.00
52 auto 4 0 0.062 4.00
52 auto 4 1 0.062 4.00
52 auto 4 2 0.062 4.00
52 auto 4 4 0.062 4.00
52 auto 4 8 0.062 4.00
52 auto 4 32 0.062 4.00
52 auto 4 128 0.062 4.00
52 auto 8 0 0.063 4.00
52 auto 8 1 0.063 4.00
52 auto 8 2 0.063 4.00
52 auto 8 4 0.063 4.00
52 auto 8 8 0.063 4.00
52 auto 8 32 0.063 4.00
52 auto 8 128 0.063 4.00
52 auto 16 0 0.062 4.00
52 auto 16 1 0.062 4.00
52 auto 16 2 0.062 4.00
52 auto 16 4 0.062 4.00
52 auto 16 8 0.062 4.00
52 auto 16 32 0.062 4.00
52 auto 16 128 0.062 4.00
53 seeded 4 0 0.062 4.00
53 seeded 4 1 0.061 4.00
53 seeded 4 2 0.063 4.00
53 seeded 4 4 0.063 4.00
53 seeded 4 8 0.062 4.00
53 seeded 4 32 0.062 4.00
53 seeded 4 128 0.063 4.00
53 seeded 8 0 0.062 4.00
53 seeded 8 1 0.063 4.00
53 seeded 8 2 0.063 4.00
53 seeded 8 4 0.063 4.00
53 seeded 8 8 0.064 4.00
53 seeded 8 32 0.063 4.00
53 seeded 8 128 0.063 4.00
53 seeded 16 0 0.063 4.00
53 seeded 16 1 0.063 4.00
53 seeded 16 2 0.063 4.00
53 seeded 16 4 0.061 4.00
53 seeded 16 8 0.063 4.00
53 seeded 16 32 0.062 4.00
53 seeded 16 128 0.062 4.00
53 auto 4 0 1.000 3.98
53 auto 4 1 1.000 3.98
53 auto 4 2 1.000 3.98
53 auto 4 4 1.000 3.98
53 auto 4 8 1.000 3.98
53 auto 4 32 1.000 3.98
53 auto 4 128 1.000 3.98
53 auto 8 0 1.000 3.98
53 auto 8 1 1.000 3.98
53 auto 8 2 1.000 3.98
53 auto 8 4 1.000 3.98
53 auto 8 8 1.000 3.98
53 auto 8 32 1.000 3.98
53 auto 8 128 1.000 3.98
53 auto 16 0 1.000 3.98
53 auto 16 1 1.000 3.98
53 auto 16 2 1.000 3.98
53 auto 16 4 1.000 3.98
53 auto 16 8 1.000 3.98
53 auto 16 32 1.000 3.98
53 auto 16 128 1.000 3.98
54 seeded 4 0 1.000 3.68
54 seeded 4 1 1.000 3.68
54 seeded 4 2 1.000 3.68
54 seeded 4 4 1.000 3.68
54 seeded 4 8 1.000 3.68
54 seeded 4 32 1.000 3.68
54 seeded 4 128 1.000 3.68
54 seeded 8 0 1.000 3.68
54 seeded 8 1 1.000 3.68
54 seeded 8 2 1.000 3.68
54 seeded 8 4 1.000 3.68
54 seeded 8 8 1.000 3.68
54 seeded 8 32 1.000 3.68
54 seeded 8 128 1.000 3.68
54 seeded 16 0 1.000 3.68
54 seeded 16 1 1.000 3.68
54 seeded 16 2 1.000 3.68
54 seeded 16 4 1.000 3.68
54 seeded 16 8 1.000 3.68
54 seeded 16 32 1.000 3.68
54 seeded 16 128 1.000 3.68
54 auto 4 0 1.000 3.68
54 auto 4 1 1.000 3.68
54 auto 4 2 1.000 3.68
54 auto 4 4 1.000 3.68
54 auto 4 8 1.000 3.68
54 auto 4 32 1.000 3.68
54 auto 4 128 1.000 3.68
54 auto 8 0 1.000 3.68
54 auto 8 1 1.000 3.68
54 auto 8 2 1.000 3.68
54 auto 8 4 1.000 3.68
54 auto 8 8 1.000 3.68
54 auto 8 32 1.000 3.68
54 auto 8 128 1.000 3.68
54 auto 16 0 1.000 3.68
54 auto 16 1 1.000 3.68
54 auto 16 2 1.000 3.68
54 auto 16 4 1.000 3.68
54 auto 16 8 1.000 3.68
54 auto 16 32 1.000 3.68
54 auto 16 128 1.000 3.68
55 seeded 4 0 1.000 4.00
55 seeded 4 1 1.000 4.00
55 seeded 4 2 1.000 4.00
55 seeded 4 4 1.000 4.00
55 seeded 4 8 1.000 4.00
55 seeded 4 32 1.000 4.00
55 seeded 4 128 1.000 4.00
55 seeded 8 0 1.000 4.00
55 seeded 8 1 1.000 4.00
55 seeded 8 2 1.000 4.00
55 seeded 8 4 1.000 4.00
55 seeded 8 8 1.000 4.00
55 seeded 8 32 1.000 4.00
55 seeded 8 128 1.000 4.00
55 seeded 16 0 1.000 4.00
55 seeded 16 1 1.000 4.00
55 seeded 16 2 1.000 4.00
55 seeded 16 4 1.000 4.00
55 seeded 16 8 1.000 4.00
55 seeded 16 32 1.000 4.00
55 seeded 16 128 1.000 4.00
55 auto 4 0 1.000 4.00
55 auto 4 1 1.000 4.00
55 auto 4 2 1.000 4.00
55 auto 4 4 1.000 4.00
55 auto 4 8 1.000 4.00
55 auto 4 32 1.000 4.00
55 auto 4 128 1.000 4.00
55 auto 8 0 1.000 4.00
55 auto 8 1 1.000 4.00
55 auto 8 2 1.000 4.00
55 auto 8 4 1.000 4.00
55 auto 8 8 1.000 4.00
55 auto 8 32 1.000 4.00
55 auto 8 128 1.000 4.00
55 auto 16 0 1.000 4.00
55 auto 16 1 1.000 4.00
55 auto 16 2 1.000 4.00
55 auto 16 4 1.000 4.00
55 auto 16 8 1.000 4.00
55 auto 16 32 1.000 4.00
55 auto 16 128 1.000 4.00
56 seeded 4 0 0.078 3.78
56 seeded 4 1 0.080 3.78
56 seeded 4 2 0.078 3.78
56 seeded 4 4 0.079 3.78
56 seeded 4 8 0.078 3.78
56 seeded 4 32 0.080 3.78
56 seeded 4 128 0.078 3.78
56 seeded 8 0 0.079 3.78
56 seeded 8 1 0.079 3.78
56 seeded 8 2 0.079 3.78
56 seeded 8 4 0.080 3.78
56 seeded 8 8 0.079 3.78
56 seeded 8 32 0.082 3.78
56 seeded 8 128 0.080 3.78
56 seeded 16 0 0.080 3.78
56 seeded 16 1 0.080 3.78
56 seeded 16 2 0.080 3.78
56 seeded 16 4 0.080 3.78
56 seeded 16 8 0.080 3.78
56 seeded 16 32 0.079 3.78
56 seeded 16 128 0.079 3.78
56 auto 4 0 1.000 3.77
56 auto 4 1 1.000 3.77
56 auto 4 2 1.000 3.77
56 auto 4 4 1.000 3.77
56 auto 4 8 1.000 3.77
56 auto 4 32 1.000 3.77
56 auto 4 128 1.000 3.77
56 auto 8 0 1.000 3.77
56 auto 8 1 1.000 3.77
56 auto 8 2 1.000 3.77
56 auto 8 4 1.000 3.77
56 auto 8 8 1.000 3.77
56 auto 8 32 1.000 3.77
56 auto 8 128 1.000 3.77
56 auto 16 0 1.000 3.77
56 auto 16 1 1.000 3.77
56 auto 16 2 1.000 3.77
56 auto 16 4 1.000 3.77
56 auto 16 8 1.000 3.77
56 auto 16 32 1.000 3.77
56 auto 16 128 1.000 3.77
57 seeded 4 0 0.068 3.95
57 seeded 4 1 0.066 3.94
57 seeded 4 2 0.066 3.95
57 seeded 4 4 0.067 3.94
57 seeded 4 8 0.067 3.94
57 seeded 4 32 0.069 3.95
57 seeded 4 128 0.068 3.94
57 seeded 8 0 0.067 3.95
57 seeded 8 1 0.067 3.94
57 seeded 8 2 0.067 3.94
57 seeded 8 4 0.068 3.95
57 seeded 8 8 0.068 3.94
57 seeded 8 32 0.066 3.95
57 seeded 8 128 0.067 3.95
57 seeded 16 0 0.067 3.95
57 seeded 16 1 0.069 3.95
57 seeded 16 2 0.069 3.94
57 seeded 16 4 0.066 3.95
57 seeded 16 8 0.066 3.95
57 seeded 16 32 0.067 3.95
57 seeded 16 128 0.066 3.95
57 auto 4 0 0.068 3.94
57 auto 4 1 0.067 3.95
57 auto 4 2 0.067 3.95
57 auto 4 4 0.068 3.95
57 auto 4 8 0.067 3.95
57 auto 4 32 0.066 3.94
57 auto 4 128 0.067 3.94
57 auto 8 0 0.068 3.94
57 auto 8 1 0.068 3.94
57 auto 8 2 0.067 3.94
57 auto 8 4 0.067 3.94
57 auto 8 8 0.068 3.95
57 auto 8 32 0.067 3.94
57 auto 8 128 0.066 3.95
57 auto 16 0 0.066 3.94
57 auto 16 1 0.068 3.95
57 auto 16 2 0.067 3.95
57 auto 16 4 0.067 3.95
57 auto 16 8 0.067 3.94
57 auto 16 32 0.068 3.94
57 auto 16 128 0.068 3.95
58 seeded 4 0 0.082 3.72
58 seeded 4 1 0.083 3.72
58 seeded 4 2 0.082 3.72
58 seeded 4 4 0.082 3.72
58 seeded 4 8 0.082 3.72
58 seeded 4 32 0.081 3.73
58 seeded 4 128 0.082 3.72
58 seeded 8 0 0.084 3.72
58 seeded 8 1 0.082 3.72
58 seeded 8 2 0.083 3.72
58 seeded 8 4 0.082 3.72
58 seeded 8 8 0.083 3.72
58 seeded 8 32 0.083 3.72
58 seeded 8 128 0.082 3.72
58 seeded 16 0 0.084 3.72
58 seeded 16 1 0.084 3.72
58 seeded 16 2 0.082 3.73
58 seeded 16 4 0.084 3.72
58 seeded 16 8 0.084 3.72
58 seeded 16 32 0.083 3.72
58 seeded 16 128 0.083 3.72
58 auto 4 0 0.083 3.72
58 auto 4 1 0.082 3.72
58 auto 4 2 0.082 3.72
58 auto 4 4 0.083 3.72
58 auto 4 8 0.082 3.72
58 auto 4 32 0.082 3.72
58 auto 4 128 0.081 3.72
58 auto 8 0 0.084 3.72
58 auto 8 1 0.083 3.72
58 auto 8 2 0.081 3.72
58 auto 8 4 0.084 3.72
58 auto 8 8 0.083 3.72
58 auto 8 32 0.082 3.72
58 auto 8 128 0.082 3.72
58 auto 16 0 0.082 3.72
58 auto 16 1 0.084 3.72
58 auto 16 2 0.082 3.72
58 auto 16 4 0.085 3.72
58 auto 16 8 0.084 3.72
58 auto 16 32 0.083 3.72
58 auto 16 128 0.085 3.72
59 seeded 4 0 1.000 3.95
59 seeded 4 1 1.000 3.95
59 seeded 4 2 1.000 3.95
59 seeded 4 4 1.000 3.95
59 seeded 4 8 1.000 3.95
59 seeded 4 32 1.000 3.95
59 seeded 4 128 1.000 3.95
59 seeded 8 0 1.000 3.95
59 seeded 8 1 1.000 3.95
59 seeded 8 2 1.000 3.95
59 seeded 8 4 1.000 3.95
59 seeded 8 8 1.000 3.95
59 seeded 8 32 1.000 3.95
59 seeded 8 128 1.000 3.95
59 seeded 16 0 1.000 3.95
59 seeded 16 1 1.000 3.95
59 seeded 16 2 1.000 3.95
59 seeded 16 4 1.000 3.95
59 seeded 16 8 1.000 3.95
59 seeded 16 32 1.000 3.95
59 seeded 16 128 1.000 3.95
59 auto 4 0 1.000 3.95
59 auto 4 1 1.000 3.95
59 auto 4 2 1.000 3.95
59 auto 4 4 1.000 3.95
59 auto 4 8 1.000 3.95
59 auto 4 32 1.000 3.95
59 auto 4 128 1.000 3.95
59 auto 8 0 1.000 3.95
59 auto 8 1 1.000 3.95
59 auto 8 2 1.000 3.95
59 auto 8 4 1.000 3.95
59 auto 8 8 1.000 3.95
59 auto 8 32 1.000 3.95
59 auto 8 128 1.000 3.95
59 auto 16 0 1.000 3.95
59 auto 16 1 1.000 3.95
59 auto 16 2 1.000 3.95
59 auto 16 4 1.000 3.95
59 auto 16 8 1.000 3.95
59 auto 16 32 1.000 3.95
59 auto 16 128 1.000 3.95
60 seeded 4 0 0.061 4.00
60 seeded 4 1 0.063 4.00
60 seeded 4 2 0.061 4.00
60 seeded 4 4 0.064 4.00
60 seeded 4 8 0.063 4.00
60 seeded 4 32 0.062 4.00
60 seeded 4 128 0.063 4.00
60 seeded 8 0 0.063 4.00
60 seeded 8 1 0.063 4.00
60 seeded 8 2 0.062 4.00
60 seeded 8 4 0.063 4.00
60 seeded 8 8 0.062 4.00
60 seeded 8 32 0.063 4.00
60 seeded 8 128 0.065 4.00
60 seeded 16 0 0.063 4.00
60 seeded 16 1 0.062 4.00
60 seeded 16 2 0.062 4.00
60 seeded 16 4 0.061 4.00
60 seeded 16 8 0.063 4.00
60 seeded 16 32 0.062 4.00
60 seeded 16 128 0.063 4.00
60 auto 4 0 1.000 3.96
60 auto 4 1 1.000 3.96
60 auto 4 2 1.000 3.96
60 auto 4 4 1.000 3.96
60 auto 4 8 1.000 3.96
60 auto 4 32 1.000 3.96
60 auto 4 128 1.000 3.96
60 auto 8 0 1.000 3.96
60 auto 8 1 1.000 3.96
60 auto 8 2 1.000 3.96
60 auto 8 4 1.000 3.96
60 auto 8 8 1.000 3.96
60 auto 8 32 1.000 3.96
60 auto 8 128 1.000 3.96
60 auto 16 0 1.000 3.96
60 auto 16 1 1.000 3.96
60 auto 16 2 1.000 3.96
60 auto 16 4 1.000 3.96
60 auto 16 8 1.000 3.96
60 auto 16 32 1.000 3.96
60 auto 16 128 1.000 3.96
61 seeded 4 0 0.062 4.00
61 seeded 4 1 0.064 4.00
61 seeded 4 2 0.063 4.00
61 seeded 4 4 0.062 4.00
61 seeded 4 8 0.064 4.00
61 seeded 4 32 0.062 4.00
61 seeded 4 128 0.062 4.00
61 seeded 8 0 0.062 4.00
61 seeded 8 1 0.061 4.00
61 seeded 8 2 0.063 4.00
61 seeded 8 4 0.062 4.00
61 seeded 8 8 0.063 4.00
61 seeded 8 32 0.063 4.00
61 seeded 8 128 0.062 4.00
61 seeded 16 0 0.064 4.00
61 seeded 16 1 0.063 4.00
61 seeded 16 2 0.062 4.00
61 seeded 16 4 0.063 4.00
61 seeded 16 8 0.063 4.00
61 seeded 16 32 0.063 4.00
61 seeded 16 128 0.062 4.00
61 auto 4 0 0.063 4.00
61 auto 4 1 0.062 4.00
61 auto 4 2 0.062 4.00
61 auto 4 4 0.063 4.00
61 auto 4 8 0.063 4.00
61 auto 4 32 0.062 4.00
61 auto 4 128 0.063 4.00
61 auto 8 0 0.063 4.00
61 auto 8 1 0.061 4.00
61 auto 8 2 0.063 4.00
61 auto 8 4 0.063 4.00
61 auto 8 8 0.063 4.00
61 auto 8 32 0.062 4.00
61 auto 8 128 0.061 4.00
61 auto 16 0 0.063 4.00
61 auto 16 1 0.063 4.00
61 auto 16 2 0.063 4.00
61 auto 16 4 0.063 4.00
61 auto 16 8 0.063 4.00
61 auto 16 32 0.064 4.00
61 auto 16 128 0.062 4.00
62 seeded 4 0 0.063 4.00
62 seeded 4 1 0.063 4.00
62 seeded 4 2 0.062 4.00
62 seeded 4 4 0.062 4.00
62 seeded 4 8 0.063 4.00
62 seeded 4 32 0.062 4.00
62 seeded 4 128 0.063 4.00
62 seeded 8 0 0.063 4.00
62 seeded 8 1 0.063 4.00
62 seeded 8 2 0.062 4.00
62 seeded 8 4 0.064 4.00
62 seeded 8 8 0.062 4.00
62 seeded 8 32 0.063 4.00
62 seeded 8 128 0.063 4.00
62 seeded 16 0 0.062 4.00
62 seeded 16 1 0.062 4.00
62 seeded 16 2 0.063 4.00
62 seeded 16 4 0.063 4.00
62 seeded 16 8 0.064 4.00
62 seeded 16 32 0.064 4.00
62 seeded 16 128 0.062 4.00
62 auto 4 0 1.000 3.97
62 auto 4 1 1.000 3.97
62 auto 4 2 1.000 3.97
62 auto 4 4 1.000 3.97
62 auto 4 8 1.000 3.97
62 auto 4 32 1.000 3.97
62 auto 4 128 1.000 3.97
62 auto 8 0 1.000 3.97
62 auto 8 1 1.000 3.97
62 auto 8 2 1.000 3.97
62 auto 8 4 1.000 3.97
62 auto 8 8 1.000 3.97
62 auto 8 32 1.000 3.97
62 auto 8 128 1.000 3.97
62 auto 16 0 1.000 3.97
62 auto 16 1 1.000 3.97
62 auto 16 2 1.000 3.97
62 auto 16 4 1.000 3.97
62 auto 16 8 1.000 3.97
62 auto 16 32 1.000 3.97
62 auto 16 128 1.000 3.97
63 seeded 4 0 0.063 4.00
63 seeded 4 1 0.062 4.00
63 seeded 4 2 0.061 4.00
63 seeded 4 4 0.063 4.00
63 seeded 4 8 0.062 4.00
63 seeded 4 32 0.063 4.00
63 seeded 4 128 0.063 4.00
63 seeded 8 0 0.063 4.00
63 seeded 8 1 0.062 4.00
63 seeded 8 2 0.063 4.00
63 seeded 8 4 0.062 4.00
63 seeded 8 8 0.062 4.00
63 seeded 8 32 0.063 4.00
63 seeded 8 128 0.064 4.00
63 seeded 16 0 0.062 4.00
63 seeded 16 1 0.062 4.00
63 seeded 16 2 0.062 4.00
63 seeded 16 4 0.062 4.00
63 seeded 16 8 0.062 4.00
63 seeded 16 32 0.063 4.00
63 seeded 16 128 0.062 4.00
63 auto 4 0 1.000 3.95
63 auto 4 1 1.000 3.95
63 auto 4 2 1.000 3.95
63 auto 4 4 1.000 3.95
63 auto 4 8 1.000 3.95
63 auto 4 32 1.000 3.95
63 auto 4 128 1.000 3.95
63 auto 8 0 1.000 3.95
63 auto 8 1 1.000 3.95
63 auto 8 2 1.000 3.95
63 auto 8 4 1.000 3.95
63 auto 8 8 1.000 3.95
63 auto 8 32 1.000 3.95
63 auto 8 128 1.000 3.95
63 auto 16 0 1.000 3.95
63 auto 16 1 1.000 3.95
63 auto 16 2 1.000 3.95
63 auto 16 4 1.000 3.95
63 auto 16 8 1.000 3.95
63 auto 16 32 1.000 3.95
63 auto 16 128 1.000 3.95
64 seeded 4 0 0.067 3.94
64 seeded 4 1 0.068 3.94
64 seeded 4 2 0.066 3.95
64 seeded 4 4 0.066 3.95
64 seeded 4 8 0.068 3.94
64 seeded 4 32 0.068 3.95
64 seeded 4 128 0.067 3.95
64 seeded 8 0 0.066 3.94
64 seeded 8 1 0.067 3.94
64 seeded 8 2 0.067 3.94
64 seeded 8 4 0.067 3.95
64 seeded 8 8 0.067 3.95
64 seeded 8 32 0.067 3.95
64 seeded 8 128 0.067 3.95
64 seeded 16 0 0.066 3.94
64 seeded 16 1 0.068 3.95
64 seeded 16 2 0.068 3.95
64 seeded 16 4 0.067 3.94
64 seeded 16 8 0.068 3.94
64 seeded 16 32 0.068 3.94
64 seeded 16 128 0.068 3.95
64 auto 4 0 0.067 3.94
64 auto 4 1 0.068 3.94
64 auto 4 2 0.066 3.95
64 auto 4 4 0.066 3.95
64 auto 4 8 0.068 3.94
64 auto 4 32 0.068 3.95
64 auto 4 128 0.067 3.95
64 auto 8 0 0.066 3.94
64 auto 8 1 0.067 3.94
64 auto 8 2 0.067 3.94
64 auto 8 4 0.067 3.95
64 auto 8 8 0.067 3.95
64 auto 8 32 0.067 3.95
64 auto 8 128 0.067 3.95
64 auto 16 0 0.066 3.94
64 auto 16 1 0.068 3.95
64 auto 16 2 0.068 3.95
64 auto 16 4 0.067 3.94
64 auto 16 8 0.068 3.94
64 auto 16 32 0.068 3.94
64 auto 16 128 0.068 3.95
65 seeded 4 0 0.063 4.00
65 seeded 4 1 0.061 4.00
65 seeded 4 2 0.061 4.00
65 seeded 4 4 0.064 4.00
65 seeded 4 8 0.063 4.00
65 seeded 4 32 0.062 4.00
65 seeded 4 128 0.063 4.00
65 seeded 8 0 0.064 4.00
65 seeded 8 1 0.064 4.00
65 seeded 8 2 0.062 4.00
65 seeded 8 4 0.063 4.00
65 seeded 8 8 0.062 4.00
65 seeded 8 32 0.064 4.00
65 seeded 8 128 0.063 4.00
65 seeded 16 0 0.061 4.00
65 seeded 16 1 0.063 4.00
65 seeded 16 2 0.062 4.00
65 seeded 16 4 0.062 4.00
65 seeded 16 8 0.062 4.00
65 seeded 16 32 0.064 4.00
65 seeded 16 128 0.061 4.00
65 auto 4 0 1.000 3.96
65 auto 4 1 1.000 3.96
65 auto 4 2 1.000 3.96
65 auto 4 4 1.000 3.96
65 auto 4 8 1.000 3.96
65 auto 4 32 1.000 3.96
65 auto 4 128 1.000 3.96
65 auto 8 0 1.000 3.96
65 auto 8 1 1.000 3.96
65 auto 8 2 1.000 3.96
65 auto 8 4 1.000 3.96
65 auto 8 8 1.000 3.96
65 auto 8 32 1.000 3.96
65 auto 8 128 1.000 3.96
65 auto 16 0 1.000 3.96
65 auto 16 1 1.000 3.96
65 auto 16 2 1.000 3.96
65 auto 16 4 1.000 3.96
65 auto 16 8 1.000 3.96
65 auto 16 32 1.000 3.96
65 auto 16 128 1.000 3.96
66 seeded 4 0 0.063 4.00
66 seeded 4 1 0.063 4.00
66 seeded 4 2 0.063 4.00
66 seeded 4 4 0.062 4.00
66 seeded 4 8 0.063 4.00
66 seeded 4 32 0.062 4.00
66 seeded 4 128 0.061 4.00
66 seeded 8 0 0.064 4.00
66 seeded 8 1 0.061 4.00
66 seeded 8 2 0.062 4.00
66 seeded 8 4 0.063 4.00
66 seeded 8 8 0.062 4.00
66 seeded 8 32 0.063 4.00
66 seeded 8 128 0.063 4.00
66 seeded 16 0 0.062 4.00
66 seeded 16 1 0.062 4.00
66 seeded 16 2 0.062 4.00
66 seeded 16 4 0.062 4.00
66 seeded 16 8 0.062 4.00
66 seeded 16 32 0.062 4.00
66 seeded 16 128 0.062 4.00
66 auto 4 0 1.000 3.97
66 auto 4 1 1.000 3.97
66 auto 4 2 1.000 3.97
66 auto 4 4 1.000 3.97
66 auto 4 8 1.000 3.97
66 auto 4 32 1.000 3.97
66 auto 4 128 1.000 3.97
66 auto 8 0 1.000 3.97
66 auto 8 1 1.000 3.97
66 auto 8 2 1.000 3.97
66 auto 8 4 1.000 3.97
66 auto 8 8 1.000 3.97
66 auto 8 32 1.000 3.97
66 auto 8 128 1.000 3.97
66 auto 16 0 1.000 3.97
66 auto 16 1 1.000 3.97
66 auto 16 2 1.000 3.97
66 auto 16 4 1.000 3.97
66 auto 16 8 1.000 3.97
66 auto 16 32 1.000 3.97
66 auto 16 128 1.000 3.97
67 seeded 4 0 0.063 4.00
67 seeded 4 1 0.062 4.00
67 seeded 4 2 0.063 4.00
67 seeded 4 4 0.062 4.00
67 seeded 4 8 0.063 4.00
67 seeded 4 32 0.061 4.00
67 seeded 4 128 0.062 4.00
67 seeded 8 0 0.063 4.00
67 seeded 8 1 0.062 4.00
67 seeded 8 2 0.062 4.00
67 seeded 8 4 0.062 4.00
67 seeded 8 8 0.064 4.00
67 seeded 8 32 0.063 4.00
67 seeded 8 128 0.063 4.00
67 seeded 16 0 0.063 4.00
67 seeded 16 1 0.063 4.00
67 seeded 16 2 0.064 4.00
67 seeded 16 4 0.063 4.00
67 seeded 16 8 0.062 4.00
67 seeded 16 32 0.063 4.00
67 seeded 16 128 0.062 4.00
67 auto 4 0 1.000 3.93
67 auto 4 1 1.000 3.93
67 auto 4 2 1.000 3.93
67 auto 4 4 1.000 3.93
67 auto 4 8 1.000 3.93
67 auto 4 32 1.000 3.93
67 auto 4 128 1.000 3.93
67 auto 8 0 1.000 3.93
67 auto 8 1 1.000 3.93
67 auto 8 2 1.000 3.93
67 auto 8 4 1.000 3.93
67 auto 8 8 1.000 3.93
67 auto 8 32 1.000 3.93
67 auto 8 128 1.000 3.93
67 auto 16 0 1.000 3.93
67 auto 16 1 1.000 3.93
67 auto 16 2 1.000 3.93
67 auto 16 4 1.000 3.93
67 auto 16 8 1.000 3.93
67 auto 16 32 1.000 3.93
67 auto 16 128 1.000 3.93
68 seeded 4 0 0.062 4.00
68 seeded 4 1 0.064 4.00
68 seeded 4 2 0.062 4.00
68 seeded 4 4 0.064 4.00
68 seeded 4 8 0.065 4.00
68 seeded 4 32 0.062 4.00
68 seeded 4 128 0.064 4.00
68 seeded 8 0 0.062 4.00
68 seeded 8 1 0.062 4.00
68 seeded 8 2 0.064 4.00
68 seeded 8 4 0.063 4.00
68 seeded 8 8 0.063 4.00
68 seeded 8 32 0.063 4.00
68 seeded 8 128 0.063 4.00
68 seeded 16 0 0.063 4.00
68 seeded 16 1 0.063 4.00
68 seeded 16 2 0.063 4.00
68 seeded 16 4 0.062 4.00
68 seeded 16 8 0.064 4.00
68 seeded 16 32 0.063 4.00
68 seeded 16 128 0.061 4.00
68 auto 4 0 1.000 3.93
68 auto 4 1 1.000 3.93
68 auto 4 2 1.000 3.93
68 auto 4 4 1.000 3.93
68 auto 4 8 1.000 3.93
68 auto 4 32 1.000 3.93
68 auto 4 128 1.000 3.93
68 auto 8 0 1.000 3.93
68 auto 8 1 1.000 3.93
68 auto 8 2 1.000 3.93
68 auto 8 4 1.000 3.93
68 auto 8 8 1.000 3.93
68 auto 8 32 1.000 3.93
68 auto 8 128 1.000 3.93
68 auto 16 0 1.000 3.93
68 auto 16 1 1.000 3.93
68 auto 16 2 1.000 3.93
68 auto 16 4 1.000 3.93
68 auto 16 8 1.000 3.93
68 auto 16 32 1.000 3.93
68 auto 16 128 1.000 3.93
69 seeded 4 0 1.000 3.50
69 seeded 4 1 1.000 3.50
69 seeded 4 2 1.000 3.50
69 seeded 4 4 1.000 3.50
69 seeded 4 8 1.000 3.50
69 seeded 4 32 1.000 3.50
69 seeded 4 128 1.000 3.50
69 seeded 8 0 1.000 3.50
69 seeded 8 1 1.000 3.50
69 seeded 8 2 1.000 3.50
69 seeded 8 4 1.000 3.50
69 seeded 8 8 1.000 3.50
69 seeded 8 32 1.000 3.50
69 seeded 8 128 1.000 3.50
69 seeded 16 0 1.000 3.50
69 seeded 16 1 1.000 3.50
69 seeded 16 2 1.000 3.50
69 seeded 16 4 1.000 3.50
69 seeded 16 8 1.000 3.50
69 seeded 16 32 1.000 3.50
69 seeded 16 128 1.000 3.50
69 auto 4 0 1.000 3.50
69 auto 4 1 1.000 3.50
69 auto 4 2 1.000 3.50
69 auto 4 4 1.000 3.50
69 auto 4 8 1.000 3.50
69 auto 4 32 1.000 3.50
69 auto 4 128 1.000 3.50
69 auto 8 0 1.000 3.50
69 auto 8 1 1.000 3.50
69 auto 8 2 1.000 3.50
69 auto 8 4 1.000 3.50
69 auto 8 8 1.000 3.50
69 auto 8 32 1.000 3.50
69 auto 8 128 1.000 3.50
69 auto 16 0 1.000 3.50
69 auto 16 1 1.000 3.50
69 auto 16 2 1.000 3.50
69 auto 16 4 1.000 3.50
69 auto 16 8 1.000 3.50
69 auto 16 32 1.000 3.50
69 auto 16 128 1.000 3.50
70 seeded 4 0 0.063 4.00
70 seeded 4 1 0.063 4.00
70 seeded 4 2 0.061 4.00
70 seeded 4 4 0.063 4.00
70 seeded 4 8 0.063 4.00
70 seeded 4 32 0.063 4.00
70 seeded 4 128 0.062 4.00
70 seeded 8 0 0.062 4.00
70 seeded 8 1 0.062 4.00
70 seeded 8 2 0.062 4.00
70 seeded 8 4 0.063 4.00
70 seeded 8 8 0.062 4.00
70 seeded 8 32 0.062 4.00
70 seeded 8 128 0.062 4.00
70 seeded 16 0 0.063 4.00
70 seeded 16 1 0.063 4.00
70 seeded 16 2 0.061 4.00
70 seeded 16 4 0.063 4.00
70 seeded 16 8 0.063 4.00
70 seeded 16 32 0.064 4.00
70 seeded 16 128 0.062 4.00
70 auto 4 0 0.062 4.00
70 auto 4 1 0.062 4.00
70 auto 4 2 0.063 4.00
70 auto 4 4 0.063 4.00
70 auto 4 8 0.063 4.00
70 auto 4 32 0.063 4.00
70 auto 4 128 0.062 4.00
70 auto 8 0 0.062 4.00
70 auto 8 1 0.063 4.00
70 auto 8 2 0.063 4.00
70 auto 8 4 0.062 4.00
70 auto 8 8 0.064 4.00
70 auto 8 32 0.064 4.00
70 auto 8 128 0.062 4.00
70 auto 16 0 0.063 4.00
70 auto 16 1 0.063 4.00
70 auto 16 2 0.062 4.00
70 auto 16 4 0.064 4.00
70 auto 16 8 0.061 4.00
70 auto 16 32 0.062 4.00
70 auto 16 128 0.064 4.00
71 seeded 4 0 0.063 3.98
71 seeded 4 1 0.065 3.98
71 seeded 4 2 0.064 3.98
71 seeded 4 4 0.065 3.98
71 seeded 4 8 0.064 3.98
71 seeded 4 32 0.065 3.98
71 seeded 4 128 0.065 3.98
71 seeded 8 0 0.064 3.98
71 seeded 8 1 0.063 3.98
71 seeded 8 2 0.064 3.98
71 seeded 8 4 0.065 3.98
71 seeded 8 8 0.064 3.98
71 seeded 8 32 0.064 3.98
71 seeded 8 128 0.065 3.98
71 seeded 16 0 0.064 3.98
71 seeded 16 1 0.064 3.98
71 seeded 16 2 0.064 3.98
71 seeded 16 4 0.065 3.98
71 seeded 16 8 0.064 3.98
71 seeded 16 32 0.066 3.98
71 seeded 16 128 0.065 3.98
71 auto 4 0 0.063 3.98
71 auto 4 1 0.065 3.98
71 auto 4 2 0.064 3.98
71 auto 4 4 0.065 3.98
71 auto 4 8 0.064 3.98
71 auto 4 32 0.065 3.98
71 auto 4 128 0.065 3.98
71 auto 8 0 0.064 3.98
71 auto 8 1 0.063 3.98
71 auto 8 2 0.064 3.98
71 auto 8 4 0.065 3.98
71 auto 8 8 0.064 3.98
71 auto 8 32 0.064 3.98
71 auto 8 128 0.065 3.98
71 auto 16 0 0.064 3.98
71 auto 16 1 0.064 3.98
71 auto 16 2 0.064 3.98
71 auto 16 4 0.065 3.98
71 auto 16 8 0.064 3.98
71 auto 16 32 0.066 3.98
71 auto 16 128 0.065 3.98
72 seeded 4 0 0.081 3.78
72 seeded 4 1 0.081 3.78
72 seeded 4 2 0.080 3.77
72 seeded 4 4 0.080 3.78
72 seeded 4 8 0.081 3.77
72 seeded 4 32 0.080 3.78
72 seeded 4 128 0.080 3.77
72 seeded 8 0 0.080 3.78
72 seeded 8 1 0.081 3.77
72 seeded 8 2 0.081 3.77
72 seeded 8 4 0.082 3.77
72 seeded 8 8 0.081 3.77
72 seeded 8 32 0.080 3.77
72 seeded 8 128 0.081 3.77
72 seeded 16 0 0.079 3.78
72 seeded 16 1 0.082 3.77
72 seeded 16 2 0.080 3.77
72 seeded 16 4 0.081 3.78
72 seeded 16 8 0.081 3.77
72 seeded 16 32 0.082 3.78
72 seeded 16 128 0.081 3.78
72 auto 4 0 0.081 3.78
72 auto 4 1 0.081 3.78
72 auto 4 2 0.080 3.77
72 auto 4 4 0.080 3.78
72 auto 4 8 0.081 3.77
72 auto 4 32 0.080 3.78
72 auto 4 128 0.080 3.77
72 auto 8 0 0.080 3.78
72 auto 8 1 0.081 3.77
72 auto 8 2 0.081 3.77
72 auto 8 4 0.082 3.77
72 auto 8 8 0.081 3.77
72 auto 8 32 0.080 3.77
72 auto 8 128 0.081 3.77
72 auto 16 0 0.079 3.78
72 auto 16 1 0.082 3.77
72 auto 16 2 0.080 3.77
72 auto 16 4 0.081 3.78
72 auto 16 8 0.081 3.77
72 auto 16 32 0.082 3.78
72 auto 16 128 0.081 3.78
73 seeded 4 0 0.059 4.00
73 seeded 4 1 0.062 4.00
73 seeded 4 2 0.063 4.00
73 seeded 4 4 0.063 4.00
73 seeded 4 8 0.062 4.00
73 seeded 4 32 0.062 4.00
73 seeded 4 128 0.062 4.00
73 seeded 8 0 0.063 4.00
73 seeded 8 1 0.061 4.00
73 seeded 8 2 0.064 4.00
73 seeded 8 4 0.062 4.00
73 seeded 8 8 0.062 4.00
73 seeded 8 32 0.063 4.00
73 seeded 8 128 0.062 4.00
73 seeded 16 0 0.062 4.00
73 seeded 16 1 0.063 4.00
73 seeded 16 2 0.062 4.00
73 seeded 16 4 0.062 4.00
73 seeded 16 8 0.062 4.00
73 seeded 16 32 0.062 4.00
73 seeded 16 128 0.063 4.00
73 auto 4 0 1.000 3.97
73 auto 4 1 1.000 3.97
73 auto 4 2 1.000 3.97
73 auto 4 4 1.000 3.97
73 auto 4 8 1.000 3.97
73 auto 4 32 1.000 3.97
73 auto 4 128 1.000 3.97
73 auto 8 0 1.000 3.97
73 auto 8 1 1.000 3.97
73 auto 8 2 1.000 3.97
73 auto 8 4 1.000 3.97
73 auto 8 8 1.000 3.97
73 auto 8 32 1.000 3.97
73 auto 8 128 1.000 3.97
73 auto 16 0 1.000 3.97
73 auto 16 1 1.000 3.97
73 auto 16 2 1.000 3.97
73 auto 16 4 1.000 3.97
73 auto 16 8 1.000 3.97
73 auto 16 32 1.000 3.97
73 auto 16 128 1.000 3.97
74 seeded 4 0 1.000 3.67
74 seeded 4 1 1.000 3.67
74 seeded 4 2 1.000 3.67
74 seeded 4 4 1.000 3.67
74 seeded 4 8 1.000 3.67
74 seeded 4 32 1.000 3.67
74 seeded 4 128 1.000 3.67
74 seeded 8 0 1.000 3.67
74 seeded 8 1 1.000 3.67
74 seeded 8 2 1.000 3.67
74 seeded 8 4 1.000 3.67
74 seeded 8 8 1.000 3.67
74 seeded 8 32 1.000 3.67
74 seeded 8 128 1.000 3.67
74 seeded 16 0 1.000 3.67
74 seeded 16 1 1.000 3.67
74 seeded 16 2 1.000 3.67
74 seeded 16 4 1.000 3.67
74 seeded 16 8 1.000 3.67
74 seeded 16 32 1.000 3.67
74 seeded 16 128 1.000 3.67
74 auto 4 0 1.000 3.67
74 auto 4 1 1.000 3.67
74 auto 4 2 1.000 3.67
74 auto 4 4 1.000 3.67
74 auto 4 8 1.000 3.67
74 auto 4 32 1.000 3.67
74 auto 4 128 1.000 3.67
74 auto 8 0 1.000 3.67
74 auto 8 1 1.000 3.67
74 auto 8 2 1.000 3.67
74 auto 8 4 1.000 3.67
74 auto 8 8 1.000 3.67
74 auto 8 32 1.000 3.67
74 auto 8 128 1.000 3.67
74 auto 16 0 1.000 3.67
74 auto 16 1 1.000 3.67
74 auto 16 2 1.000 3.67
74 auto 16 4 1.000 3.67
74 auto 16 8 1.000 3.67
74 auto 16 32 1.000 3.67
74 auto 16 128 1.000 3.67
75 seeded 4 0 0.063 4.00
75 seeded 4 1 0.062 4.00
75 seeded 4 2 0.062 4.00
75 seeded 4 4 0.063 4.00
75 seeded 4 8 0.063 4.00
75 seeded 4 32 0.062 4.00
75 seeded 4 128 0.062 4.00
75 seeded 8 0 0.063 4.00
75 seeded 8 1 0.061 4.00
75 seeded 8 2 0.063 4.00
75 seeded 8 4 0.063 4.00
75 seeded 8 8 0.062 4.00
75 seeded 8 32 0.063 4.00
75 seeded 8 128 0.062 4.00
75 seeded 16 0 0.063 4.00
75 seeded 16 1 0.062 4.00
75 seeded 16 2 0.063 4.00
75 seeded 16 4 0.064 4.00
75 seeded 16 8 0.063 4.00
75 seeded 16 32 0.062 4.00
75 seeded 16 128 0.063 4.00
75 auto 4 0 1.000 3.93
75 auto 4 1 1.000 3.93
75 auto 4 2 1.000 3.93
75 auto 4 4 1.000 3.93
75 auto 4 8 1.000 3.93
75 auto 4 32 1.000 3.93
75 auto 4 128 1.000 3.93
75 auto 8 0 1.000 3.93
75 auto 8 1 1.000 3.93
75 auto 8 2 1.000 3.93
75 auto 8 4 1.000 3.93
75 auto 8 8 1.000 3.93
75 auto 8 32 1.000 3.93
75 auto 8 128 1.000 3.93
75 auto 16 0 1.000 3.93
75 auto 16 1 1.000 3.93
75 auto 16 2 1.000 3.93
75 auto 16 4 1.000 3.93
75 auto 16 8 1.000 3.93
75 auto 16 32 1.000 3.93
75 auto 16 128 1.000 3.93
76 seeded 4 0 0.062 4.00
76 seeded 4 1 0.063 4.00
76 seeded 4 2 0.062 4.00
76 seeded 4 4 0.063 4.00
76 seeded 4 8 0.062 4.00
76 seeded 4 32 0.062 4.00
76 seeded 4 128 0.062 4.00
76 seeded 8 0 0.062 4.00
76 seeded 8 1 0.063 4.00
76 seeded 8 2 0.062 4.00
76 seeded 8 4 0.062 4.00
76 seeded 8 8 0.061 4.00
76 seeded 8 32 0.063 4.00
76 seeded 8 128 0.063 4.00
76 seeded 16 0 0.061 4.00
76 seeded 16 1 0.064 4.00
76 seeded 16 2 0.062 4.00
76 seeded 16 4 0.062 4.00
76 seeded 16 8 0.063 4.00
76 seeded 16 32 0.063 4.00
76 seeded 16 128 0.063 4.00
76 auto 4 0 0.062 4.00
76 auto 4 1 0.063 4.00
76 auto 4 2 0.062 4.00
76 auto 4 4 0.063 4.00
76 auto 4 8 0.062 4.00
76 auto 4 32 0.062 4.00
76 auto 4 128 0.062 4.00
76 auto 8 0 0.062 4.00
76 auto 8 1 0.063 4.00
76 auto 8 2 0.062 4.00
76 auto 8 4 0.062 4.00
76 auto 8 8 0.061 4.00
76 auto 8 32 0.063 4.00
76 auto 8 128 0.063 4.00
76 auto 16 0 0.061 4.00
76 auto 16 1 0.064 4.00
76 auto 16 2 0.062 4.00
76 auto 16 4 0.062 4.00
76 auto 16 8 0.063 4.00
76 auto 16 32 0.063 4.00
76 auto 16 128 0.063 4.00
77 seeded 4 0 0.074 4.00
77 seeded 4 1 0.068 4.00
77 seeded 4 2 0.069 4.00
77 seeded 4 4 0.068 4.00
77 seeded 4 8 0.046 4.00
77 seeded 4 32 0.066 4.00
77 seeded 4 128 0.076 4.00
77 seeded 8 0 0.061 4.00
77 seeded 8 1 0.068 4.00
77 seeded 8 2 0.065 4.00
77 seeded 8 4 0.063 4.00
77 seeded 8 8 0.043 4.00
77 seeded 8 32 0.053 4.00
77 seeded 8 128 0.063 4.00
77 seeded 16 0 0.064 4.00
77 seeded 16 1 0.067 4.00
77 seeded 16 2 0.050 4.00
77 seeded 16 4 0.063 4.00
77 seeded 16 8 0.058 4.00
77 seeded 16 32 0.061 4.00
77 seeded 16 128 0.053 4.00
77 auto 4 0 1.000 4.00
77 auto 4 1 1.000 4.00
77 auto 4 2 1.000 4.00
77 auto 4 4 1.000 4.00
77 auto 4 8 1.000 4.00
77 auto 4 32 1.000 4.00
77 auto 4 128 1.000 4.00
77 auto 8 0 1.000 4.00
77 auto 8 1 1.000 4.00
77 auto 8 2 1.000 4.00
77 auto 8 4 1.000 4.00
77 auto 8 8 1.000 4.00
77 auto 8 32 1.000 4.00
77 auto 8 128 1.000 4.00
77 auto 16 0 1.000 4.00
77 auto 16 1 1.000 4.00
77 auto 16 2 1.000 4.00
77 auto 16 4 1.000 4.00
77 auto 16 8 1.000 4.00
77 auto 16 32 1.000 4.00
77 auto 16 128 1.000 4.00
78 seeded 4 0 0.063 4.00
78 seeded 4 1 0.063 4.00
78 seeded 4 2 0.061 4.00
78 seeded 4 4 0.063 4.00
78 seeded 4 8 0.062 4.00
78 seeded 4 32 0.063 4.00
78 seeded 4 128 0.062 4.00
78 seeded 8 0 0.063 4.00
78 seeded 8 1 0.063 4.00
78 seeded 8 2 0.063 4.00
78 seeded 8 4 0.062 4.00
78 seeded 8 8 0.063 4.00
78 seeded 8 32 0.064 4.00
78 seeded 8 128 0.061 4.00
78 seeded 16 0 0.063 4.00
78 seeded 16 1 0.063 4.00
78 seeded 16 2 0.062 4.00
78 seeded 16 4 0.062 4.00
78 seeded 16 8 0.063 4.00
78 seeded 16 32 0.063 4.00
78 seeded 16 128 0.063 4.00
78 auto 4 0 1.000 3.96
78 auto 4 1 1.000 3.96
78 auto 4 2 1.000 3.96
78 auto 4 4 1.000 3.96
78 auto 4 8 1.000 3.96
78 auto 4 32 1.000 3.96
78 auto 4 128 1.000 3.96
78 auto 8 0 1.000 3.96
78 auto 8 1 1.000 3.96
78 auto 8 2 1.000 3.96
78 auto 8 4 1.000 3.96
78 auto 8 8 1.000 3.96
78 auto 8 32 1.000 3.96
78 auto 8 128 1.000 3.96
78 auto 16 0 1.000 3.96
78 auto 16 1 1.000 3.96
78 auto 16 2 1.000 3.96
78 auto 16 4 1.000 3.96
78 auto 16 8 1.000 3.96
78 auto 16 32 1.000 3.96
78 auto 16 128 1.000 3.96
79 seeded 4 0 0.063 4.00
79 seeded 4 1 0.062 4.00
79 seeded 4 2 0.063 4.00
79 seeded 4 4 0.063 4.00
79 seeded 4 8 0.063 4.00
79 seeded 4 32 0.062 4.00
79 seeded 4 128 0.062 4.00
79 seeded 8 0 0.062 4.00
79 seeded 8 1 0.062 4.00
79 seeded 8 2 0.062 4.00
79 seeded 8 4 0.062 4.00
79 seeded 8 8 0.063 4.00
79 seeded 8 32 0.063 4.00
79 seeded 8 128 0.064 4.00
79 seeded 16 0 0.062 4.00
79 seeded 16 1 0.063 4.00
79 seeded 16 2 0.063 4.00
79 seeded 16 4 0.063 4.00
79 seeded 16 8 0.062 4.00
79 seeded 16 32 0.063 4.00
79 seeded 16 128 0.062 4.00
79 auto 4 0 1.000 3.96
79 auto 4 1 1.000 3.96
79 auto 4 2 1.000 3.96
79 auto 4 4 1.000 3.96
79 auto 4 8 1.000 3.96
79 auto 4 32 1.000 3.96
79 auto 4 128 1.000 3.96
79 auto 8 0 1.000 3.96
79 auto 8 1 1.000 3.96
79 auto 8 2 1.000 3.96
79 auto 8 4 1.000 3.96
79 auto 8 8 1.000 3.96
79 auto 8 32 1.000 3.96
79 auto 8 128 1.000 3.96
79 auto 16 0 1.000 3.96
79 auto 16 1 1.000 3.96
79 auto 16 2 1.000 3.96
79 auto 16 4 1.000 3.96
79 auto 16 8 1.000 3.96
79 auto 16 32 1.000 3.96
79 auto 16 128 1.000 3.96
80 seeded 4 0 0.102 3.99
80 seeded 4 1 0.067 3.98
80 seeded 4 2 0.067 3.98
80 seeded 4 4 0.080 3.97
80 seeded 4 8 0.067 3.99
80 seeded 4 32 0.082 3.99
80 seeded 4 128 0.059 3.98
80 seeded 8 0 0.101 3.99
80 seeded 8 1 0.059 3.98
80 seeded 8 2 0.055 3.97
80 seeded 8 4 0.068 3.97
80 seeded 8 8 0.070 3.98
80 seeded 8 32 0.051 3.99
80 seeded 8 128 0.081 3.99
80 seeded 16 0 0.067 3.99
80 seeded 16 1 0.046 3.98
80 seeded 16 2 0.065 3.98
80 seeded 16 4 0.057 3.98
80 seeded 16 8 0.063 3.98
80 seeded 16 32 0.056 3.98
80 seeded 16 128 0.050 3.98
80 auto 4 0 1.000 1.00
80 auto 4 1 1.000 1.00
80 auto 4 2 1.000 1.00
80 auto 4 4 1.000 1.00
80 auto 4 8 1.000 1.00
80 auto 4 32 1.000 1.00
80 auto 4 128 1.000 1.00
80 auto 8 0 1.000 1.00
80 auto 8 1 1.000 1.00
80 auto 8 2 1.000 1.00
80 auto 8 4 1.000 1.00
80 auto 8 8 1.000 1.00
80 auto 8 32 1.000 1.00
80 auto 8 128 1.000 1.00
80 auto 16 0 1.000 1.00
80 auto 16 1 1.000 1.00
80 auto 16 2 1.000 1.00
80 auto 16 4 1.000 1.00
80 auto 16 8 1.000 1.00
80 auto 16 32 1.000 1.00
80 auto 16 128 1.000 1.00
81 seeded 4 0 1.000 3.96
81 seeded 4 1 1.000 3.96
81 seeded 4 2 1.000 3.96
81 seeded 4 4 1.000 3.96
81 seeded 4 8 1.000 3.96
81 seeded 4 32 1.000 3.96
81 seeded 4 128 1.000 3.96
81 seeded 8 0 1.000 3.96
81 seeded 8 1 1.000 3.96
81 seeded 8 2 1.000 3.96
81 seeded 8 4 1.000 3.96
81 seeded 8 8 1.000 3.96
81 seeded 8 32 1.000 3.96
81 seeded 8 128 1.000 3.96
81 seeded 16 0 1.000 3.96
81 seeded 16 1 1.000 3.96
81 seeded 16 2 1.000 3.96
81 seeded 16 4 1.000 3.96
81 seeded 16 8 1.000 3.96
81 seeded 16 32 1.000 3.96
81 seeded 16 128 1.000 3.96
81 auto 4 0 1.000 3.96
81 auto 4 1 1.000 3.96
81 auto 4 2 1.000 3.96
81 auto 4 4 1.000 3.96
81 auto 4 8 1.000 3.96
81 auto 4 32 1.000 3.96
81 auto 4 128 1.000 3.96
81 auto 8 0 1.000 3.96
81 auto 8 1 1.000 3.96
81 auto 8 2 1.000 3.96
81 auto 8 4 1.000 3.96
81 auto 8 8 1.000 3.96
81 auto 8 32 1.000 3.96
81 auto 8 128 1.000 3.96
81 auto 16 0 1.000 3.96
81 auto 16 1 1.000 3.96
81 auto 16 2 1.000 3.96
81 auto 16 4 1.000 3.96
81 auto 16 8 1.000 3.96
81 auto 16 32 1.000 3.96
81 auto 16 128 1.000 3.96
82 seeded 4 0 0.062 4.00
82 seeded 4 1 0.063 4.00
82 seeded 4 2 0.063 4.00
82 seeded 4 4 0.063 4.00
82 seeded 4 8 0.062 4.00
82 seeded 4 32 0.063 4.00
82 seeded 4 128 0.062 4.00
82 seeded 8 0 0.064 4.00
82 seeded 8 1 0.063 4.00
82 seeded 8 2 0.064 4.00
82 seeded 8 4 0.061 4.00
82 seeded 8 8 0.062 4.00
82 seeded 8 32 0.063 4.00
82 seeded 8 128 0.063 4.00
82 seeded 16 0 0.063 4.00
82 seeded 16 1 0.061 4.00
82 seeded 16 2 0.062 4.00
82 seeded 16 4 0.063 4.00
82 seeded 16 8 0.063 4.00
82 seeded 16 32 0.062 4.00
82 seeded 16 128 0.062 4.00
82 auto 4 0 1.000 3.97
82 auto 4 1 1.000 3.97
82 auto 4 2 1.000 3.97
82 auto 4 4 1.000 3.97
82 auto 4 8 1.000 3.97
82 auto 4 32 1.000 3.97
82 auto 4 128 1.000 3.97
82 auto 8 0 1.000 3.97
82 auto 8 1 1.000 3.97
82 auto 8 2 1.000 3.97
82 auto 8 4 1.000 3.97
82 auto 8 8 1.000 3.97
82 auto 8 32 1.000 3.97
82 auto 8 128 1.000 3.97
82 auto 16 0 1.000 3.97
82 auto 16 1 1.000 3.97
82 auto 16 2 1.000 3.97
82 auto 16 4 1.000 3.97
82 auto 16 8 1.000 3.97
82 auto 16 32 1.000 3.97
82 auto 16 128 1.000 3.97
83 seeded 4 0 0.062 4.00
83 seeded 4 1 0.062 4.00
83 seeded 4 2 0.063 4.00
83 seeded 4 4 0.064 4.00
83 seeded 4 8 0.061 4.00
83 seeded 4 32 0.061 4.00
83 seeded 4 128 0.062 4.00
83 seeded 8 0 0.062 4.00
83 seeded 8 1 0.063 4.00
83 seeded 8 2 0.063 4.00
83 seeded 8 4 0.062 4.00
83 seeded 8 8 0.062 4.00
83 seeded 8 32 0.063 4.00
83 seeded 8 128 0.063 4.00
83 seeded 16 0 0.062 4.00
83 seeded 16 1 0.063 4.00
83 seeded 16 2 0.062 4.00
83 seeded 16 4 0.062 4.00
83 seeded 16 8 0.063 4.00
83 seeded 16 32 0.064 4.00
83 seeded 16 128 0.063 4.00
83 auto 4 0 1.000 3.94
83 auto 4 1 1.000 3.94
83 auto 4 2 1.000 3.94
83 auto 4 4 1.000 3.94
83 auto 4 8 1.000 3.94
83 auto 4 32 1.000 3.94
83 auto 4 128 1.000 3.94
83 auto 8 0 1.000 3.94
83 auto 8 1 1.000 3.94
83 auto 8 2 1.000 3.94
83 auto 8 4 1.000 3.94
83 auto 8 8 1.000 3.94
83 auto 8 32 1.000 3.94
83 auto 8 128 1.000 3.94
83 auto 16 0 1.000 3.94
83 auto 16 1 1.000 3.94
83 auto 16 2 1.000 3.94
83 auto 16 4 1.000 3.94
83 auto 16 8 1.000 3.94
83 auto 16 32 1.000 3.94
83 auto 16 128 1.000 3.94
84 seeded 4 0 0.063 4.00
84 seeded 4 1 0.061 4.00
84 seeded 4 2 0.063 4.00
84 seeded 4 4 0.062 4.00
84 seeded 4 8 0.062 4.00
84 seeded 4 32 0.062 4.00
84 seeded 4 128 0.062 4.00
84 seeded 8 0 0.061 4.00
84 seeded 8 1 0.061 4.00
84 seeded 8 2 0.063 4.00
84 seeded 8 4 0.062 4.00
84 seeded 8 8 0.064 4.00
84 seeded 8 32 0.062 4.00
84 seeded 8 128 0.062 4.00
84 seeded 16 0 0.062 4.00
84 seeded 16 1 0.063 4.00
84 seeded 16 2 0.061 4.00
84 seeded 16 4 0.062 4.00
84 seeded 16 8 0.063 4.00
84 seeded 16 32 0.063 4.00
84 seeded 16 128 0.061 4.00
84 auto 4 0 1.000 3.96
84 auto 4 1 1.000 3.96
84 auto 4 2 1.000 3.96
84 auto 4 4 1.000 3.96
84 auto 4 8 1.000 3.96
84 auto 4 32 1.000 3.96
84 auto 4 128 1.000 3.96
84 auto 8 0 1.000 3.96
84 auto 8 1 1.000 3.96
84 auto 8 2 1.000 3.96
84 auto 8 4 1.000 3.96
84 auto 8 8 1.000 3.96
84 auto 8 32 1.000 3.96
84 auto 8 128 1.000 3.96
84 auto 16 0 1.000 3.96
84 auto 16 1 1.000 3.96
84 auto 16 2 1.000 3.96
84 auto 16 4 1.000 3.96
84 auto 16 8 1.000 3.96
84 auto 16 32 1.000 3.96
84 auto 16 128 1.000 3.96
85 seeded 4 0 0.064 4.00
85 seeded 4 1 0.062 4.00
85 seeded 4 2 0.062 4.00
85 seeded 4 4 0.063 4.00
85 seeded 4 8 0.063 4.00
85 seeded 4 32 0.062 4.00
85 seeded 4 128 0.062 4.00
85 seeded 8 0 0.063 4.00
85 seeded 8 1 0.062 4.00
85 seeded 8 2 0.063 4.00
85 seeded 8 4 0.062 4.00
85 seeded 8 8 0.062 4.00
85 seeded 8 32 0.063 4.00
85 seeded 8 128 0.063 4.00
85 seeded 16 0 0.064 4.00
85 seeded 16 1 0.062 4.00
85 seeded 16 2 0.062 4.00
85 seeded 16 4 0.064 4.00
85 seeded 16 8 0.063 4.00
85 seeded 16 32 0.063 4.00
85 seeded 16 128 0.062 4.00
85 auto 4 0 0.064 4.00
85 auto 4 1 0.062 4.00
85 auto 4 2 0.062 4.00
85 auto 4 4 0.063 4.00
85 auto 4 8 0.063 4.00
85 auto 4 32 0.062 4.00
85 auto 4 128 0.062 4.00
85 auto 8 0 0.063 4.00
85 auto 8 1 0.062 4.00
85 auto 8 2 0.063 4.00
85 auto 8 4 0.062 4.00
85 auto 8 8 0.062 4.00
85 auto 8 32 0.063 4.00
85 auto 8 128 0.063 4.00
85 auto 16 0 0.064 4.00
85 auto 16 1 0.062 4.00
85 auto 16 2 0.062 4.00
85 auto 16 4 0.064 4.00
85 auto 16 8 0.063 4.00
85 auto 16 32 0.063 4.00
85 auto 16 128 0.062 4.00
86 seeded 4 0 0.063 4.00
86 seeded 4 1 0.063 4.00
86 seeded 4 2 0.063 4.00
86 seeded 4 4 0.063 4.00
86 seeded 4 8 0.062 4.00
86 seeded 4 32 0.061 4.00
86 seeded 4 128 0.063 4.00
86 seeded 8 0 0.065 4.00
86 seeded 8 1 0.064 4.00
86 seeded 8 2 0.062 4.00
86 seeded 8 4 0.064 4.00
86 seeded 8 8 0.062 4.00
86 seeded 8 32 0.063 4.00
86 seeded 8 128 0.063 4.00
86 seeded 16 0 0.061 4.00
86 seeded 16 1 0.062 4.00
86 seeded 16 2 0.063 4.00
86 seeded 16 4 0.062 4.00
86 seeded 16 8 0.062 4.00
86 seeded 16 32 0.063 4.00
86 seeded 16 128 0.062 4.00
86 auto 4 0 1.000 3.97
86 auto 4 1 1.000 3.97
86 auto 4 2 1.000 3.97
86 auto 4 4 1.000 3.97
86 auto 4 8 1.000 3.97
86 auto 4 32 1.000 3.97
86 auto 4 128 1.000 3.97
86 auto 8 0 1.000 3.97
86 auto 8 1 1.000 3.97
86 auto 8 2 1.000 3.97
86 auto 8 4 1.000 3.97
86 auto 8 8 1.000 3.97
86 auto 8 32 1.000 3.97
86 auto 8 128 1.000 3.97
86 auto 16 0 1.000 3.97
86 auto 16 1 1.000 3.97
86 auto 16 2 1.000 3.97
86 auto 16 4 1.000 3.97
86 auto 16 8 1.000 3.97
86 auto 16 32 1.000 3.97
86 auto 16 128 1.000 3.97
87 seeded 4 0 0.062 4.00
87 seeded 4 1 0.061 4.00
87 seeded 4 2 0.063 4.00
87 seeded 4 4 0.062 4.00
87 seeded 4 8 0.061 4.00
87 seeded 4 32 0.062 4.00
87 seeded 4 128 0.061 4.00
87 seeded 8 0 0.062 4.00
87 seeded 8 1 0.061 4.00
87 seeded 8 2 0.062 4.00
87 seeded 8 4 0.063 4.00
87 seeded 8 8 0.062 4.00
87 seeded 8 32 0.062 4.00
87 seeded 8 128 0.062 4.00
87 seeded 16 0 0.063 4.00
87 seeded 16 1 0.062 4.00
87 seeded 16 2 0.063 4.00
87 seeded 16 4 0.062 4.00
87 seeded 16 8 0.063 4.00
87 seeded 16 32 0.062 4.00
87 seeded 16 128 0.063 4.00
87 auto 4 0 0.062 4.00
87 auto 4 1 0.063 4.00
87 auto 4 2 0.062 4.00
87 auto 4 4 0.061 4.00
87 auto 4 8 0.062 4.00
87 auto 4 32 0.062 4.00
87 auto 4 128 0.064 4.00
87 auto 8 0 0.062 4.00
87 auto 8 1 0.062 4.00
87 auto 8 2 0.062 4.00
87 auto 8 4 0.062 4.00
87 auto 8 8 0.061 4.00
87 auto 8 32 0.062 4.00
87 auto 8 128 0.063 4.00
87 auto 16 0 0.062 4.00
87 auto 16 1 0.062 4.00
87 auto 16 2 0.063 4.00
87 auto 16 4 0.063 4.00
87 auto 16 8 0.063 4.00
87 auto 16 32 0.063 4.00
87 auto 16 128 0.063 4.00
88 seeded 4 0 0.062 4.00
88 seeded 4 1 0.062 4.00
88 seeded 4 2 0.062 4.00
88 seeded 4 4 0.062 4.00
88 seeded 4 8 0.062 4.00
88 seeded 4 32 0.062 4.00
88 seeded 4 128 0.062 4.00
88 seeded 8 0 0.062 4.00
88 seeded 8 1 0.064 4.00
88 seeded 8 2 0.062 4.00
88 seeded 8 4 0.063 4.00
88 seeded 8 8 0.062 4.00
88 seeded 8 32 0.062 4.00
88 seeded 8 128 0.062 4.00
88 seeded 16 0 0.062 4.00
88 seeded 16 1 0.062 4.00
88 seeded 16 2 0.063 4.00
88 seeded 16 4 0.062 4.00
88 seeded 16 8 0.062 4.00
88 seeded 16 32 0.063 4.00
88 seeded 16 128 0.063 4.00
88 auto 4 0 1.000 3.97
88 auto 4 1 1.000 3.97
88 auto 4 2 1.000 3.97
88 auto 4 4 1.000 3.97
88 auto 4 8 1.000 3.97
88 auto 4 32 1.000 3.97
88 auto 4 128 1.000 3.97
88 auto 8 0 1.000 3.97
88 auto 8 1 1.000 3.97
88 auto 8 2 1.000 3.97
88 auto 8 4 1.000 3.97
88 auto 8 8 1.000 3.97
88 auto 8 32 1.000 3.97
88 auto 8 128 1.000 3.97
88 auto 16 0 1.000 3.97
88 auto 16 1 1.000 3.97
88 auto 16 2 1.000 3.97
88 auto 16 4 1.000 3.97
88 auto 16 8 1.000 3.97
88 auto 16 32 1.000 3.97
88 auto 16 128 1.000 3.97
89 seeded 4 0 0.061 4.00
89 seeded 4 1 0.063 4.00
89 seeded 4 2 0.062 4.00
89 seeded 4 4 0.063 4.00
89 seeded 4 8 0.062 4.00
89 seeded 4 32 0.063 4.00
89 seeded 4 128 0.063 4.00
89 seeded 8 0 0.062 4.00
89 seeded 8 1 0.063 4.00
89 seeded 8 2 0.061 4.00
89 seeded 8 4 0.063 4.00
89 seeded 8 8 0.062 4.00
89 seeded 8 32 0.062 4.00
89 seeded 8 128 0.062 4.00
89 seeded 16 0 0.063 4.00
89 seeded 16 1 0.062 4.00
89 seeded 16 2 0.062 4.00
89 seeded 16 4 0.062 4.00
89 seeded 16 8 0.063 4.00
89 seeded 16 32 0.062 4.00
89 seeded 16 128 0.063 4.00
89 auto 4 0 0.061 4.00
89 auto 4 1 0.063 4.00
89 auto 4 2 0.062 4.00
89 auto 4 4 0.063 4.00
89 auto 4 8 0.062 4.00
89 auto 4 32 0.063 4.00
89 auto 4 128 0.063 4.00
89 auto 8 0 0.062 4.00
89 auto 8 1 0.063 4.00
89 auto 8 2 0.061 4.00
89 auto 8 4 0.063 4.00
89 auto 8 8 0.062 4.00
89 auto 8 32 0.062 4.00
89 auto 8 128 0.062 4.00
89 auto 16 0 0.063 4.00
89 auto 16 1 0.062 4.00
89 auto 16 2 0.062 4.00
89 auto 16 4 0.062 4.00
89 auto 16 8 0.063 4.00
89 auto 16 32 0.062 4.00
89 auto 16 128 0.063 4.00
90 seeded 4 0 0.063 4.00
90 seeded 4 1 0.062 4.00
90 seeded 4 2 0.063 4.00
90 seeded 4 4 0.063 4.00
90 seeded 4 8 0.064 4.00
90 seeded 4 32 0.062 4.00
90 seeded 4 128 0.063 4.00
90 seeded 8 0 0.062 4.00
90 seeded 8 1 0.062 4.00
90 seeded 8 2 0.062 4.00
90 seeded 8 4 0.063 4.00
90 seeded 8 8 0.061 4.00
90 seeded 8 32 0.061 4.00
90 seeded 8 128 0.062 4.00
90 seeded 16 0 0.063 4.00
90 seeded 16 1 0.062 4.00
90 seeded 16 2 0.063 4.00
90 seeded 16 4 0.063 4.00
90 seeded 16 8 0.062 4.00
90 seeded 16 32 0.061 4.00
90 seeded 16 128 0.063 4.00
90 auto 4 0 0.063 4.00
90 auto 4 1 0.063 4.00
90 auto 4 2 0.061 4.00
90 auto 4 4 0.063 4.00
90 auto 4 8 0.062 4.00
90 auto 4 32 0.063 4.00
90 auto 4 128 0.063 4.00
90 auto 8 0 0.063 4.00
90 auto 8 1 0.062 4.00
90 auto 8 2 0.063 4.00
90 auto 8 4 0.064 4.00
90 auto 8 8 0.061 4.00
90 auto 8 32 0.064 4.00
90 auto 8 128 0.064 4.00
90 auto 16 0 0.062 4.00
90 auto 16 1 0.062 4.00
90 auto 16 2 0.062 4.00
90 auto 16 4 0.063 4.00
90 auto 16 8 0.063 4.00
90 auto 16 32 0.062 4.00
90 auto 16 128 0.062 4.00
91 seeded 4 0 1.000 0.00
91 seeded 4 1 1.000 0.00
91 seeded 4 2 1.000 0.00
91 seeded 4 4 1.000 0.00
91 seeded 4 8 1.000 0.00
91 seeded 4 32 1.000 0.00
91 seeded 4 128 1.000 0.00
91 seeded 8 0 1.000 0.00
91 seeded 8 1 1.000 0.00
91 seeded 8 2 1.000 0.00
91 seeded 8 4 1.000 0.00
91 seeded 8 8 1.000 0.00
91 seeded 8 32 1.000 0.00
91 seeded 8 128 1.000 0.00
91 seeded 16 0 1.000 0.00
91 seeded 16 1 1.000 0.00
91 seeded 16 2 1.000 0.00
91 seeded 16 4 1.000 0.00
91 seeded 16 8 1.000 0.00
91 seeded 16 32 1.000 0.00
91 seeded 16 128 1.000 0.00
91 auto 4 0 1.000 0.00
91 auto 4 1 1.000 0.00
91 auto 4 2 1.000 0.00
91 auto 4 4 1.000 0.00
91 auto 4 8 1.000 0.00
91 auto 4 32 1.000 0.00
91 auto 4 128 1.000 0.00
91 auto 8 0 1.000 0.00
91 auto 8 1 1.000 0.00
91 auto 8 2 1.000 0.00
91 auto 8 4 1.000 0.00
91 auto 8 8 1.000 0.00
91 auto 8 32 1.000 0.00
91 auto 8 128 1.000 0.00
91 auto 16 0 1.000 0.00
91 auto 16 1 1.000 0.00
91 auto 16 2 1.000 0.00
91 auto 16 4 1.000 0.00
91 auto 16 8 1.000 0.00
91 auto 16 32 1.000 0.00
91 auto 16 128 1.000 0.00
92 seeded 4 0 0.062 4.00
92 seeded 4 1 0.063 4.00
92 seeded 4 2 0.062 4.00
92 seeded 4 4 0.063 4.00
92 seeded 4 8 0.062 4.00
92 seeded 4 32 0.063 4.00
92 seeded 4 128 0.062 4.00
92 seeded 8 0 0.062 4.00
92 seeded 8 1 0.064 4.00
92 seeded 8 2 0.062 4.00
92 seeded 8 4 0.063 4.00
92 seeded 8 8 0.064 4.00
92 seeded 8 32 0.063 4.00
92 seeded 8 128 0.064 4.00
92 seeded 16 0 0.062 4.00
92 seeded 16 1 0.062 4.00
92 seeded 16 2 0.062 4.00
92 seeded 16 4 0.063 4.00
92 seeded 16 8 0.062 4.00
92 seeded 16 32 0.064 4.00
92 seeded 16 128 0.063 4.00
92 auto 4 0 1.000 3.96
92 auto 4 1 1.000 3.96
92 auto 4 2 1.000 3.96
92 auto 4 4 1.000 3.96
92 auto 4 8 1.000 3.96
92 auto 4 32 1.000 3.96
92 auto 4 128 1.000 3.96
92 auto 8 0 1.000 3.96
92 auto 8 1 1.000 3.96
92 auto 8 2 1.000 3.96
92 auto 8 4 1.000 3.96
92 auto 8 8 1.000 3.96
92 auto 8 32 1.000 3.96
92 auto 8 128 1.000 3.96
92 auto 16 0 1.000 3.96
92 auto 16 1 1.000 3.96
92 auto 16 2 1.000 3.96
92 auto 16 4 1.000 3.96
92 auto 16 8 1.000 3.96
92 auto 16 32 1.000 3.96
92 auto 16 128 1.000 3.96
93 seeded 4 0 0.083 3.73
93 seeded 4 1 0.084 3.72
93 seeded 4 2 0.083 3.73
93 seeded 4 4 0.084 3.73
93 seeded 4 8 0.083 3.72
93 seeded 4 32 0.082 3.72
93 seeded 4 128 0.084 3.73
93 seeded 8 0 0.083 3.73
93 seeded 8 1 0.082 3.72
93 seeded 8 2 0.083 3.72
93 seeded 8 4 0.083 3.73
93 seeded 8 8 0.083 3.72
93 seeded 8 32 0.084 3.73
93 seeded 8 128 0.082 3.72
93 seeded 16 0 0.084 3.73
93 seeded 16 1 0.083 3.72
93 seeded 16 2 0.084 3.72
93 seeded 16 4 0.084 3.72
93 seeded 16 8 0.084 3.72
93 seeded 16 32 0.084 3.72
93 seeded 16 128 0.083 3.73
93 auto 4 0 0.084 3.73
93 auto 4 1 0.083 3.72
93 auto 4 2 0.084 3.72
93 auto 4 4 0.084 3.72
93 auto 4 8 0.084 3.72
93 auto 4 32 0.081 3.72
93 auto 4 128 0.083 3.72
93 auto 8 0 0.084 3.73
93 auto 8 1 0.084 3.72
93 auto 8 2 0.083 3.72
93 auto 8 4 0.083 3.72
93 auto 8 8 0.082 3.72
93 auto 8 32 0.084 3.73
93 auto 8 128 0.083 3.72
93 auto 16 0 0.084 3.73
93 auto 16 1 0.084 3.73
93 auto 16 2 0.082 3.73
93 auto 16 4 0.083 3.73
93 auto 16 8 0.083 3.72
93 auto 16 32 0.083 3.73
93 auto 16 128 0.084 3.73
94 seeded 4 0 1.000 3.95
94 seeded 4 1 1.000 3.95
94 seeded 4 2 1.000 3.95
94 seeded 4 4 1.000 3.95
94 seeded 4 8 1.000 3.95
94 seeded 4 32 1.000 3.95
94 seeded 4 128 1.000 3.95
94 seeded 8 0 1.000 3.95
94 seeded 8 1 1.000 3.95
94 seeded 8 2 1.000 3.95
94 seeded 8 4 1.000 3.95
94 seeded 8 8 1.000 3.95
94 seeded 8 32 1.000 3.95
94 seeded 8 128 1.000 3.95
94 seeded 16 0 1.000 3.95
94 seeded 16 1 1.000 3.95
94 seeded 16 2 1.000 3.95
94 seeded 16 4 1.000 3.95
94 seeded 16 8 1.000 3.95
94 seeded 16 32 1.000 3.95
94 seeded 16 128 1.000 3.95
94 auto 4 0 1.000 3.95
94 auto 4 1 1.000 3.95
94 auto 4 2 1.000 3.95
94 auto 4 4 1.000 3.95
94 auto 4 8 1.000 3.95
94 auto 4 32 1.000 3.95
94 auto 4 128 1.000 3.95
94 auto 8 0 1.000 3.95
94 auto 8 1 1.000 3.95
94 auto 8 2 1.000 3.95
94 auto 8 4 1.000 3.95
94 auto 8 8 1.000 3.95
94 auto 8 32 1.000 3.95
94 auto 8 128 1.000 3.95
94 auto 16 0 1.000 3.95
94 auto 16 1 1.000 3.95
94 auto 16 2 1.000 3.95
94 auto 16 4 1.000 3.95
94 auto 16 8 1.000 3.95
94 auto 16 32 1.000 3.95
94 auto 16 128 1.000 3.95
95 seeded 4 0 0.062 4.00
95 seeded 4 1 0.062 4.00
95 seeded 4 2 0.062 4.00
95 seeded 4 4 0.062 4.00
95 seeded 4 8 0.063 4.00
95 seeded 4 32 0.063 4.00
95 seeded 4 128 0.062 4.00
95 seeded 8 0 0.063 4.00
95 seeded 8 1 0.063 4.00
95 seeded 8 2 0.061 4.00
95 seeded 8 4 0.062 4.00
95 seeded 8 8 0.062 4.00
95 seeded 8 32 0.063 4.00
95 seeded 8 128 0.062 4.00
95 seeded 16 0 0.063 4.00
95 seeded 16 1 0.062 4.00
95 seeded 16 2 0.062 4.00
95 seeded 16 4 0.062 4.00
95 seeded 16 8 0.061 4.00
95 seeded 16 32 0.061 4.00
95 seeded 16 128 0.062 4.00
95 auto 4 0 0.063 4.00
95 auto 4 1 0.063 4.00
95 auto 4 2 0.064 4.00
95 auto 4 4 0.064 4.00
95 auto 4 8 0.062 4.00
95 auto 4 32 0.063 4.00
95 auto 4 128 0.062 4.00
95 auto 8 0 0.063 4.00
95 auto 8 1 0.062 4.00
95 auto 8 2 0.061 4.00
95 auto 8 4 0.062 4.00
95 auto 8 8 0.061 4.00
95 auto 8 32 0.062 4.00
95 auto 8 128 0.063 4.00
95 auto 16 0 0.062 4.00
95 auto 16 1 0.062 4.00
95 auto 16 2 0.063 4.00
95 auto 16 4 0.061 4.00
95 auto 16 8 0.061 4.00
95 auto 16 32 0.062 4.00
95 auto 16 128 0.062 4.00
96 seeded 4 0 0.063 4.00
96 seeded 4 1 0.063 4.00
96 seeded 4 2 0.062 4.00
96 seeded 4 4 0.063 4.00
96 seeded 4 8 0.063 4.00
96 seeded 4 32 0.063 4.00
96 seeded 4 128 0.062 4.00
96 seeded 8 0 0.063 4.00
96 seeded 8 1 0.064 4.00
96 seeded 8 2 0.063 4.00
96 seeded 8 4 0.063 4.00
96 seeded 8 8 0.060 4.00
96 seeded 8 32 0.063 4.00
96 seeded 8 128 0.062 4.00
96 seeded 16 0 0.062 4.00
96 seeded 16 1 0.062 4.00
96 seeded 16 2 0.062 4.00
96 seeded 16 4 0.062 4.00
96 seeded 16 8 0.063 4.00
96 seeded 16 32 0.062 4.00
96 seeded 16 128 0.062 4.00
96 auto 4 0 1.000 3.90
96 auto 4 1 1.000 3.90
96 auto 4 2 1.000 3.90
96 auto 4 4 1.000 3.90
96 auto 4 8 1.000 3.90
96 auto 4 32 1.000 3.90
96 auto 4 128 1.000 3.90
96 auto 8 0 1.000 3.90
96 auto 8 1 1.000 3.90
96 auto 8 2 1.000 3.90
96 auto 8 4 1.000 3.90
96 auto 8 8 1.000 3.90
96 auto 8 32 1.000 3.90
96 auto 8 128 1.000 3.90
96 auto 16 0 1.000 3.90
96 auto 16 1 1.000 3.90
96 auto 16 2 1.000 3.90
96 auto 16 4 1.000 3.90
96 auto 16 8 1.000 3.90
96 auto 16 32 1.000 3.90
96 auto 16 128 1.000 3.90
97 seeded 4 0 0.063 4.00
97 seeded 4 1 0.063 4.00
97 seeded 4 2 0.063 4.00
97 seeded 4 4 0.062 4.00
97 seeded 4 8 0.063 4.00
97 seeded 4 32 0.063 4.00
97 seeded 4 128 0.062 4.00
97 seeded 8 0 0.062 4.00
97 seeded 8 1 0.062 4.00
97 seeded 8 2 0.063 4.00
97 seeded 8 4 0.063 4.00
97 seeded 8 8 0.063 4.00
97 seeded 8 32 0.063 4.00
97 seeded 8 128 0.064 4.00
97 seeded 16 0 0.062 4.00
97 seeded 16 1 0.062 4.00
97 seeded 16 2 0.062 4.00
97 seeded 16 4 0.062 4.00
97 seeded 16 8 0.062 4.00
97 seeded 16 32 0.062 4.00
97 seeded 16 128 0.064 4.00
97 auto 4 0 1.000 3.95
97 auto 4 1 1.000 3.95
97 auto 4 2 1.000 3.95
97 auto 4 4 1.000 3.95
97 auto 4 8 1.000 3.95
97 auto 4 32 1.000 3.95
97 auto 4 128 1.000 3.95
97 auto 8 0 1.000 3.95
97 auto 8 1 1.000 3.95
97 auto 8 2 1.000 3.95
97 auto 8 4 1.000 3.95
97 auto 8 8 1.000 3.95
97 auto 8 32 1.000 3.95
97 auto 8 128 1.000 3.95
97 auto 16 0 1.000 3.95
97 auto 16 1 1.000 3.95
97 auto 16 2 1.000 3.95
97 auto 16 4 1.000 3.95
97 auto 16 8 1.000 3.95
97 auto 16 32 1.000 3.95
97 auto 16 128 1.000 3.95
98 seeded 4 0 0.131 3.29
98 seeded 4 1 0.130 3.29
98 seeded 4 2 0.131 3.29
98 seeded 4 4 0.132 3.28
98 seeded 4 8 0.131 3.28
98 seeded 4 32 0.130 3.29
98 seeded 4 128 0.131 3.29
98 seeded 8 0 0.130 3.29
98 seeded 8 1 0.132 3.29
98 seeded 8 2 0.132 3.29
98 seeded 8 4 0.131 3.29
98 seeded 8 8 0.131 3.29
98 seeded 8 32 0.132 3.29
98 seeded 8 128 0.131 3.29
98 seeded 16 0 0.130 3.29
98 seeded 16 1 0.130 3.29
98 seeded 16 2 0.131 3.29
98 seeded 16 4 0.132 3.29
98 seeded 16 8 0.131 3.29
98 seeded 16 32 0.130 3.29
98 seeded 16 128 0.130 3.29
98 auto 4 0 0.130 3.29
98 auto 4 1 0.131 3.29
98 auto 4 2 0.131 3.29
98 auto 4 4 0.130 3.29
98 auto 4 8 0.132 3.29
98 auto 4 32 0.130 3.29
98 auto 4 128 0.131 3.30
98 auto 8 0 0.132 3.29
98 auto 8 1 0.130 3.29
98 auto 8 2 0.132 3.29
98 auto 8 4 0.128 3.30
98 auto 8 8 0.129 3.29
98 auto 8 32 0.131 3.30
98 auto 8 128 0.131 3.29
98 auto 16 0 0.132 3.29
98 auto 16 1 0.130 3.29
98 auto 16 2 0.131 3.29
98 auto 16 4 0.132 3.28
98 auto 16 8 0.129 3.29
98 auto 16 32 0.130 3.29
98 auto 16 128 0.130 3.29
99 seeded 4 0 0.119 3.43
99 seeded 4 1 0.118 3.43
99 seeded 4 2 0.120 3.43
99 seeded 4 4 0.120 3.43
99 seeded 4 8 0.119 3.43
99 seeded 4 32 0.120 3.43
99 seeded 4 128 0.118 3.43
99 seeded 8 0 0.119 3.43
99 seeded 8 1 0.116 3.42
99 seeded 8 2 0.119 3.43
99 seeded 8 4 0.118 3.43
99 seeded 8 8 0.119 3.42
99 seeded 8 32 0.118 3.43
99 seeded 8 128 0.120 3.43
99 seeded 16 0 0.117 3.43
99 seeded 16 1 0.122 3.42
99 seeded 16 2 0.117 3.42
99 seeded 16 4 0.118 3.43
99 seeded 16 8 0.118 3.43
99 seeded 16 32 0.119 3.42
99 seeded 16 128 0.118 3.43
99 auto 4 0 0.117 3.43
99 auto 4 1 0.119 3.43
99 auto 4 2 0.117 3.43
99 auto 4 4 0.120 3.43
99 auto 4 8 0.118 3.43
99 auto 4 32 0.120 3.43
99 auto 4 128 0.120 3.43
99 auto 8 0 0.119 3.43
99 auto 8 1 0.118 3.43
99 auto 8 2 0.119 3.43
99 auto 8 4 0.118 3.42
99 auto 8 8 0.120 3.42
99 auto 8 32 0.119 3.42
99 auto 8 128 0.118 3.42
99 auto 16 0 0.116 3.43
99 auto 16 1 0.119 3.43
99 auto 16 2 0.118 3.42
99 auto 16 4 0.119 3.43
99 auto 16 8 0.120 3.42
99 auto 16 32 0.117 3.43
99 auto 16 128 0.118 3.43
