[05:42:48] INFO     Starting a new run of the 'Classic' flow with    flow.py:654
                    the tag 'synth48'.                                          
[05:42:49] INFO     Starting…                                  sequential.py:339
──────────────────────────────── Verilator Lint ────────────────────────────────
[05:42:49] VERBOSE  Running 'Verilator.Lint' at                     step.py:1138
                    '../runs/synth48/01-verilator-lint'…                        
[05:42:49] VERBOSE  Logging subprocess to                           step.py:1338
                    '../runs/synth48/01-verilator-lint/verilator-li             
                    nt.log'…                                                    
%Warning-UNUSEDSIGNAL:                                                          
/home/matthias/prog/janestreet/emulator/prototypes/one-bit-synth/one_bit_synth.v
:205:17: Bits of signal are not used: '_287'[15:12]                             
                                                                                
                              : ... note: In instance 'one_bit_synth'           
  205 |     wire [15:0] _287;                                                   
      |                 ^~~~                                                    
                       ... For warning description see                          
https://verilator.org/warn/UNUSEDSIGNAL?v=5.044                                 
                       ... Use "/* verilator lint_off UNUSEDSIGNAL */" and      
lint_on around source to disable this message.                                  
%Warning-UNUSEDSIGNAL:                                                          
/home/matthias/prog/janestreet/emulator/prototypes/one-bit-synth/one_bit_synth.v
:207:17: Bits of signal are not used: '_290'[1:0]                               
                                                                                
                              : ... note: In instance 'one_bit_synth'           
  207 |     wire [15:0] _290;                                                   
      |                 ^~~~                                                    
%Warning-UNUSEDSIGNAL:                                                          
/home/matthias/prog/janestreet/emulator/prototypes/one-bit-synth/one_bit_synth.v
:240:10: Signal is not used: 'vdd'                                              
                                                                                
                              : ... note: In instance 'one_bit_synth'           
  240 |     wire vdd;                                                           
      |          ^~~                                                            
%Warning-COMBDLY:                                                               
/home/matthias/prog/janestreet/emulator/prototypes/one-bit-synth/one_bit_synth.v
:421:18: Non-blocking assignment '<=' in combinational logic process            
                                                                                
                         : ... This will be executed as a blocking assignment   
'='!                                                                            
  421 |             _302 <= _300;                                               
      |                  ^~                                                     
                  ... For warning description see                               
https://verilator.org/warn/COMBDLY?v=5.044                                      
                  ... Use "/* verilator lint_off COMBDLY */" and lint_on around 
source to disable this message.                                                 
                  *** See https://verilator.org/warn/COMBDLY?v=5.044 before     
disabling this,                                                                 
                  else you may end up with different sim results.               
%Warning-COMBDLY:                                                               
/home/matthias/prog/janestreet/emulator/prototypes/one-bit-synth/one_bit_synth.v
:454:18: Non-blocking assignment '<=' in combinational logic process            
                                                                                
                         : ... This will be executed as a blocking assignment   
'='!                                                                            
  454 |             _323 <= _319;                                               
      |                  ^~                                                     
%Warning-COMBDLY:                                                               
/home/matthias/prog/janestreet/emulator/prototypes/one-bit-synth/one_bit_synth.v
:476:18: Non-blocking assignment '<=' in combinational logic process            
                                                                                
                         : ... This will be executed as a blocking assignment   
'='!                                                                            
  476 |             _283 <= _155;                                               
      |                  ^~                                                     
- V e r i l a t i o n   R e p o r t: Verilator 5.044 2026-01-01 rev v5.040      
- Verilator: Built from 0.178 MB sources in 108 modules, into 0.418 MB in 3 C++ 
files needing 0.000 MB                                                          
- Verilator: Walltime 0.026 s (elab=0.002, cvt=0.014, bld=0.000); cpu 0.021 s on
1 threads; alloced 22.762 MB                                                    
────────────────────────── Lint Timing Errors Checker ──────────────────────────
[05:42:49] VERBOSE  Running 'Checker.LintTimingConstructs' at       step.py:1138
                    '../runs/synth48/02-checker-linttimingconstruct             
                    s'…                                                         
[05:42:49] INFO     Check for Lint Timing Errors clear.           checker.py:412
───────────────────────────── Lint Errors Checker ──────────────────────────────
[05:42:49] VERBOSE  Running 'Checker.LintErrors' at                 step.py:1138
                    '../runs/synth48/03-checker-linterrors'…                    
[05:42:49] INFO     Check for Lint errors clear.                  checker.py:131
──────────────────────────── Lint Warnings Checker ─────────────────────────────
[05:42:49] VERBOSE  Running 'Checker.LintWarnings' at               step.py:1138
                    '../runs/synth48/04-checker-lintwarnings'…                  
[05:42:49] WARNING  6 Lint warnings found.                        checker.py:122
───────────────────────────── Generate JSON Header ─────────────────────────────
[05:42:49] VERBOSE  Running 'Yosys.JsonHeader' at                   step.py:1138
                    '../runs/synth48/05-yosys-jsonheader'…                      
[05:42:49] VERBOSE  Logging subprocess to                           step.py:1338
                    '../runs/synth48/05-yosys-jsonheader/yosys-json             
                    header.log'…                                                
                                                                                
 /----------------------------------------------------------------------------\ 
 |  yosys -- Yosys Open SYnthesis Suite                                       | 
 |  Copyright (C) 2012 - 2026  Claire Xenia Wolf <claire@yosyshq.com>         | 
 |  Distributed under an ISC-like license, type "license" to see terms        | 
 \----------------------------------------------------------------------------/ 
 Yosys 0.62 (git sha1 7326bb7d6641500ecb285c291a54a662cb1e76cf, clang++ 21.1.2  
-fPIC -O3)                                                                      
                                                                                
1. Executing Verilog-2005 frontend:                                             
/home/matthias/prog/janestreet/emulator/prototypes/one-bit-synth/runs/synth48/tm
p/8a140d7dce864315b10a59735ad5a0a7.bb.v                                         
Parsing SystemVerilog input from                                                
`/home/matthias/prog/janestreet/emulator/prototypes/one-bit-synth/runs/synth48/t
mp/8a140d7dce864315b10a59735ad5a0a7.bb.v' to AST representation.                
Generating RTLIL representation for module `\sg13g2_a21o_1'.                    
Generating RTLIL representation for module `\sg13g2_a21o_2'.                    
Generating RTLIL representation for module `\sg13g2_a21oi_1'.                   
Generating RTLIL representation for module `\sg13g2_a21oi_2'.                   
Generating RTLIL representation for module `\sg13g2_a221oi_1'.                  
Generating RTLIL representation for module `\sg13g2_a22oi_1'.                   
Generating RTLIL representation for module `\sg13g2_and2_1'.                    
Generating RTLIL representation for module `\sg13g2_and2_2'.                    
Generating RTLIL representation for module `\sg13g2_and3_1'.                    
Generating RTLIL representation for module `\sg13g2_and3_2'.                    
Generating RTLIL representation for module `\sg13g2_and4_1'.                    
Generating RTLIL representation for module `\sg13g2_and4_2'.                    
Generating RTLIL representation for module `\sg13g2_antennanp'.                 
Generating RTLIL representation for module `\sg13g2_buf_1'.                     
Generating RTLIL representation for module `\sg13g2_buf_16'.                    
Generating RTLIL representation for module `\sg13g2_buf_2'.                     
Generating RTLIL representation for module `\sg13g2_buf_4'.                     
Generating RTLIL representation for module `\sg13g2_buf_8'.                     
Generating RTLIL representation for module `\sg13g2_decap_4'.                   
Generating RTLIL representation for module `\sg13g2_decap_8'.                   
Generating RTLIL representation for module `\sg13g2_dfrbp_1'.                   
Generating RTLIL representation for module `\sg13g2_dfrbp_2'.                   
Generating RTLIL representation for module `\sg13g2_dfrbpq_1'.                  
Generating RTLIL representation for module `\sg13g2_dfrbpq_2'.                  
Generating RTLIL representation for module `\sg13g2_dlhq_1'.                    
Generating RTLIL representation for module `\sg13g2_dlhr_1'.                    
Generating RTLIL representation for module `\sg13g2_dlhrq_1'.                   
Generating RTLIL representation for module `\sg13g2_dllr_1'.                    
Generating RTLIL representation for module `\sg13g2_dllrq_1'.                   
Generating RTLIL representation for module `\sg13g2_dlygate4sd1_1'.             
Generating RTLIL representation for module `\sg13g2_dlygate4sd2_1'.             
Generating RTLIL representation for module `\sg13g2_dlygate4sd3_1'.             
Generating RTLIL representation for module `\sg13g2_ebufn_2'.                   
Generating RTLIL representation for module `\sg13g2_ebufn_4'.                   
Generating RTLIL representation for module `\sg13g2_ebufn_8'.                   
Generating RTLIL representation for module `\sg13g2_einvn_2'.                   
Generating RTLIL representation for module `\sg13g2_einvn_4'.                   
Generating RTLIL representation for module `\sg13g2_einvn_8'.                   
Generating RTLIL representation for module `\sg13g2_fill_1'.                    
Generating RTLIL representation for module `\sg13g2_fill_2'.                    
Generating RTLIL representation for module `\sg13g2_fill_4'.                    
Generating RTLIL representation for module `\sg13g2_fill_8'.                    
Generating RTLIL representation for module `\sg13g2_inv_1'.                     
Generating RTLIL representation for module `\sg13g2_inv_16'.                    
Generating RTLIL representation for module `\sg13g2_inv_2'.                     
Generating RTLIL representation for module `\sg13g2_inv_4'.                     
Generating RTLIL representation for module `\sg13g2_inv_8'.                     
Generating RTLIL representation for module `\sg13g2_lgcp_1'.                    
Generating RTLIL representation for module `\sg13g2_mux2_1'.                    
Generating RTLIL representation for module `\sg13g2_mux2_2'.                    
Generating RTLIL representation for module `\sg13g2_mux4_1'.                    
Generating RTLIL representation for module `\sg13g2_nand2_1'.                   
Generating RTLIL representation for module `\sg13g2_nand2_2'.                   
Generating RTLIL representation for module `\sg13g2_nand2b_1'.                  
Generating RTLIL representation for module `\sg13g2_nand2b_2'.                  
Generating RTLIL representation for module `\sg13g2_nand3_1'.                   
Generating RTLIL representation for module `\sg13g2_nand3b_1'.                  
Generating RTLIL representation for module `\sg13g2_nand4_1'.                   
Generating RTLIL representation for module `\sg13g2_nor2_1'.                    
Generating RTLIL representation for module `\sg13g2_nor2_2'.                    
Generating RTLIL representation for module `\sg13g2_nor2b_1'.                   
Generating RTLIL representation for module `\sg13g2_nor2b_2'.                   
Generating RTLIL representation for module `\sg13g2_nor3_1'.                    
Generating RTLIL representation for module `\sg13g2_nor3_2'.                    
Generating RTLIL representation for module `\sg13g2_nor4_1'.                    
Generating RTLIL representation for module `\sg13g2_nor4_2'.                    
Generating RTLIL representation for module `\sg13g2_o21ai_1'.                   
Generating RTLIL representation for module `\sg13g2_or2_1'.                     
Generating RTLIL representation for module `\sg13g2_or2_2'.                     
Generating RTLIL representation for module `\sg13g2_or3_1'.                     
Generating RTLIL representation for module `\sg13g2_or3_2'.                     
Generating RTLIL representation for module `\sg13g2_or4_1'.                     
Generating RTLIL representation for module `\sg13g2_or4_2'.                     
Generating RTLIL representation for module `\sg13g2_sdfbbp_1'.                  
Generating RTLIL representation for module `\sg13g2_sdfrbp_1'.                  
Generating RTLIL representation for module `\sg13g2_sdfrbp_2'.                  
Generating RTLIL representation for module `\sg13g2_sdfrbpq_1'.                 
Generating RTLIL representation for module `\sg13g2_sdfrbpq_2'.                 
Generating RTLIL representation for module `\sg13g2_sighold'.                   
Generating RTLIL representation for module `\sg13g2_slgcp_1'.                   
Generating RTLIL representation for module `\sg13g2_tiehi'.                     
Generating RTLIL representation for module `\sg13g2_tielo'.                     
Generating RTLIL representation for module `\sg13g2_xnor2_1'.                   
Generating RTLIL representation for module `\sg13g2_xor2_1'.                    
Successfully finished Verilog frontend.                                         
                                                                                
2. Executing Verilog-2005 frontend:                                             
/home/matthias/prog/janestreet/emulator/prototypes/one-bit-synth/runs/synth48/tm
p/7d5f6121164b4b44860d36930ab23ab6.bb.v                                         
Parsing SystemVerilog input from                                                
`/home/matthias/prog/janestreet/emulator/prototypes/one-bit-synth/runs/synth48/t
mp/7d5f6121164b4b44860d36930ab23ab6.bb.v' to AST representation.                
Generating RTLIL representation for module `\sg13g2_Corner'.                    
Generating RTLIL representation for module `\sg13g2_Filler1000'.                
Generating RTLIL representation for module `\sg13g2_Filler10000'.               
Generating RTLIL representation for module `\sg13g2_Filler200'.                 
Generating RTLIL representation for module `\sg13g2_Filler2000'.                
Generating RTLIL representation for module `\sg13g2_Filler400'.                 
Generating RTLIL representation for module `\sg13g2_Filler4000'.                
Generating RTLIL representation for module `\sg13g2_IOPadAnalog'.               
Generating RTLIL representation for module `\sg13g2_IOPadIOVdd'.                
Generating RTLIL representation for module `\sg13g2_IOPadIOVss'.                
Generating RTLIL representation for module `\sg13g2_IOPadIn'.                   
Generating RTLIL representation for module `\sg13g2_IOPadInOut16mA'.            
Generating RTLIL representation for module `\sg13g2_IOPadInOut30mA'.            
Generating RTLIL representation for module `\sg13g2_IOPadInOut4mA'.             
Generating RTLIL representation for module `\sg13g2_IOPadOut16mA'.              
Generating RTLIL representation for module `\sg13g2_IOPadOut30mA'.              
Generating RTLIL representation for module `\sg13g2_IOPadOut4mA'.               
Generating RTLIL representation for module `\sg13g2_IOPadTriOut16mA'.           
Generating RTLIL representation for module `\sg13g2_IOPadTriOut30mA'.           
Generating RTLIL representation for module `\sg13g2_IOPadTriOut4mA'.            
Generating RTLIL representation for module `\sg13g2_IOPadVdd'.                  
Generating RTLIL representation for module `\sg13g2_IOPadVss'.                  
Successfully finished Verilog frontend.                                         
                                                                                
3. Executing Verilog-2005 frontend:                                             
/home/matthias/prog/janestreet/emulator/prototypes/one-bit-synth/one_bit_synth.v
Parsing SystemVerilog input from                                                
`/home/matthias/prog/janestreet/emulator/prototypes/one-bit-synth/one_bit_synth.
v' to AST representation.                                                       
Storing AST representation for module `$abstract\one_bit_synth'.                
Successfully finished Verilog frontend.                                         
                                                                                
4. Executing HIERARCHY pass (managing design hierarchy).                        
                                                                                
5. Executing AST frontend in derive mode using pre-parsed AST for module        
`\one_bit_synth'.                                                               
Generating RTLIL representation for module `\one_bit_synth'.                    
                                                                                
5.1. Analyzing design hierarchy..                                               
Top module:  \one_bit_synth                                                     
                                                                                
5.2. Analyzing design hierarchy..                                               
Top module:  \one_bit_synth                                                     
Removing unused module `$abstract\one_bit_synth'.                               
Removed 1 unused modules.                                                       
Renaming module one_bit_synth to one_bit_synth.                                 
                                                                                
6. Executing PROC pass (convert processes to netlists).                         
                                                                                
6.1. Executing PROC_CLEAN pass (remove empty switches from decision trees).     
Cleaned up 0 empty switches.                                                    
                                                                                
6.2. Executing PROC_RMDEAD pass (remove dead branches from decision trees).     
Marked 1 switch rules as full_case in process                                   
$proc$/home/matthias/prog/janestreet/emulator/prototypes/one-bit-synth/one_bit_s
ynth.v:1062$46 in module one_bit_synth.                                         
Marked 1 switch rules as full_case in process                                   
$proc$/home/matthias/prog/janestreet/emulator/prototypes/one-bit-synth/one_bit_s
ynth.v:1053$43 in module one_bit_synth.                                         
Marked 1 switch rules as full_case in process                                   
$proc$/home/matthias/prog/janestreet/emulator/prototypes/one-bit-synth/one_bit_s
ynth.v:1032$35 in module one_bit_synth.                                         
Marked 1 switch rules as full_case in process                                   
$proc$/home/matthias/prog/janestreet/emulator/prototypes/one-bit-synth/one_bit_s
ynth.v:1015$28 in module one_bit_synth.                                         
Marked 1 switch rules as full_case in process                                   
$proc$/home/matthias/prog/janestreet/emulator/prototypes/one-bit-synth/one_bit_s
ynth.v:473$25 in module one_bit_synth.                                          
Marked 1 switch rules as full_case in process                                   
$proc$/home/matthias/prog/janestreet/emulator/prototypes/one-bit-synth/one_bit_s
ynth.v:466$24 in module one_bit_synth.                                          
Marked 1 switch rules as full_case in process                                   
$proc$/home/matthias/prog/janestreet/emulator/prototypes/one-bit-synth/one_bit_s
ynth.v:451$21 in module one_bit_synth.                                          
Marked 1 switch rules as full_case in process                                   
$proc$/home/matthias/prog/janestreet/emulator/prototypes/one-bit-synth/one_bit_s
ynth.v:445$20 in module one_bit_synth.                                          
Marked 1 switch rules as full_case in process                                   
$proc$/home/matthias/prog/janestreet/emulator/prototypes/one-bit-synth/one_bit_s
ynth.v:435$16 in module one_bit_synth.                                          
Marked 1 switch rules as full_case in process                                   
$proc$/home/matthias/prog/janestreet/emulator/prototypes/one-bit-synth/one_bit_s
ynth.v:418$11 in module one_bit_synth.                                          
Removed a total of 0 dead cases.                                                
                                                                                
6.3. Executing PROC_PRUNE pass (remove redundant assignments in processes).     
Removed 10 redundant assignments.                                               
Promoted 0 assignments to connections.                                          
                                                                                
6.4. Executing PROC_INIT pass (extract init attributes).                        
                                                                                
6.5. Executing PROC_ARST pass (detect async resets in processes).               
                                                                                
6.6. Executing PROC_ROM pass (convert switches to ROMs).                        
Converted 1 switch.                                                             
<suppressed ~9 debug messages>                                                  
                                                                                
6.7. Executing PROC_MUX pass (convert decision trees to multiplexers).          
Creating decoders for process                                                   
`\one_bit_synth.$proc$/home/matthias/prog/janestreet/emulator/prototypes/one-bit
-synth/one_bit_synth.v:1062$46'.                                                
     1/1: $0\_336[0:0]                                                          
Creating decoders for process                                                   
`\one_bit_synth.$proc$/home/matthias/prog/janestreet/emulator/prototypes/one-bit
-synth/one_bit_synth.v:1053$43'.                                                
     1/1: $0\_20[3:0]                                                           
Creating decoders for process                                                   
`\one_bit_synth.$proc$/home/matthias/prog/janestreet/emulator/prototypes/one-bit
-synth/one_bit_synth.v:1032$35'.                                                
     1/1: $0\_360[19:0]                                                         
Creating decoders for process                                                   
`\one_bit_synth.$proc$/home/matthias/prog/janestreet/emulator/prototypes/one-bit
-synth/one_bit_synth.v:1015$28'.                                                
     1/1: $0\_328[19:0]                                                         
Creating decoders for process                                                   
`\one_bit_synth.$proc$/home/matthias/prog/janestreet/emulator/prototypes/one-bit
-synth/one_bit_synth.v:473$25'.                                                 
     1/1: $0\_283[11:0]                                                         
Creating decoders for process                                                   
`\one_bit_synth.$proc$/home/matthias/prog/janestreet/emulator/prototypes/one-bit
-synth/one_bit_synth.v:466$24'.                                                 
     1/1: $0\_25[23:0]                                                          
Creating decoders for process                                                   
`\one_bit_synth.$proc$/home/matthias/prog/janestreet/emulator/prototypes/one-bit
-synth/one_bit_synth.v:451$21'.                                                 
     1/1: $0\_323[23:0]                                                         
Creating decoders for process                                                   
`\one_bit_synth.$proc$/home/matthias/prog/janestreet/emulator/prototypes/one-bit
-synth/one_bit_synth.v:445$20'.                                                 
     1/1: $0\_17[4:0]                                                           
Creating decoders for process                                                   
`\one_bit_synth.$proc$/home/matthias/prog/janestreet/emulator/prototypes/one-bit
-synth/one_bit_synth.v:435$16'.                                                 
     1/1: $0\_297[23:0]                                                         
Creating decoders for process                                                   
`\one_bit_synth.$proc$/home/matthias/prog/janestreet/emulator/prototypes/one-bit
-synth/one_bit_synth.v:418$11'.                                                 
     1/1: $0\_302[23:0]                                                         
                                                                                
6.8. Executing PROC_DLATCH pass (convert process syncs to latches).             
No latch inferred for signal `\one_bit_synth.\_283' from process                
`\one_bit_synth.$proc$/home/matthias/prog/janestreet/emulator/prototypes/one-bit
-synth/one_bit_synth.v:473$25'.                                                 
No latch inferred for signal `\one_bit_synth.\_323' from process                
`\one_bit_synth.$proc$/home/matthias/prog/janestreet/emulator/prototypes/one-bit
-synth/one_bit_synth.v:451$21'.                                                 
No latch inferred for signal `\one_bit_synth.\_302' from process                
`\one_bit_synth.$proc$/home/matthias/prog/janestreet/emulator/prototypes/one-bit
-synth/one_bit_synth.v:418$11'.                                                 
                                                                                
6.9. Executing PROC_DFF pass (convert process syncs to FFs).                    
Creating register for signal `\one_bit_synth.\_336' using process               
`\one_bit_synth.$proc$/home/matthias/prog/janestreet/emulator/prototypes/one-bit
-synth/one_bit_synth.v:1062$46'.                                                
  created $dff cell `$procdff$83' with positive edge clock.                     
Creating register for signal `\one_bit_synth.\_20' using process                
`\one_bit_synth.$proc$/home/matthias/prog/janestreet/emulator/prototypes/one-bit
-synth/one_bit_synth.v:1053$43'.                                                
  created $dff cell `$procdff$84' with positive edge clock.                     
Creating register for signal `\one_bit_synth.\_360' using process               
`\one_bit_synth.$proc$/home/matthias/prog/janestreet/emulator/prototypes/one-bit
-synth/one_bit_synth.v:1032$35'.                                                
  created $dff cell `$procdff$85' with positive edge clock.                     
Creating register for signal `\one_bit_synth.\_328' using process               
`\one_bit_synth.$proc$/home/matthias/prog/janestreet/emulator/prototypes/one-bit
-synth/one_bit_synth.v:1015$28'.                                                
  created $dff cell `$procdff$86' with positive edge clock.                     
Creating register for signal `\one_bit_synth.\_25' using process                
`\one_bit_synth.$proc$/home/matthias/prog/janestreet/emulator/prototypes/one-bit
-synth/one_bit_synth.v:466$24'.                                                 
  created $dff cell `$procdff$87' with positive edge clock.                     
Creating register for signal `\one_bit_synth.\_17' using process                
`\one_bit_synth.$proc$/home/matthias/prog/janestreet/emulator/prototypes/one-bit
-synth/one_bit_synth.v:445$20'.                                                 
  created $dff cell `$procdff$88' with positive edge clock.                     
Creating register for signal `\one_bit_synth.\_297' using process               
`\one_bit_synth.$proc$/home/matthias/prog/janestreet/emulator/prototypes/one-bit
-synth/one_bit_synth.v:435$16'.                                                 
  created $dff cell `$procdff$89' with positive edge clock.                     
                                                                                
6.10. Executing PROC_MEMWR pass (convert process memory writes to cells).       
                                                                                
6.11. Executing PROC_CLEAN pass (remove empty switches from decision trees).    
Found and cleaned up 1 empty switch in                                          
`\one_bit_synth.$proc$/home/matthias/prog/janestreet/emulator/prototypes/one-bit
-synth/one_bit_synth.v:1062$46'.                                                
Removing empty process                                                          
`one_bit_synth.$proc$/home/matthias/prog/janestreet/emulator/prototypes/one-bit-
synth/one_bit_synth.v:1062$46'.                                                 
Found and cleaned up 1 empty switch in                                          
`\one_bit_synth.$proc$/home/matthias/prog/janestreet/emulator/prototypes/one-bit
-synth/one_bit_synth.v:1053$43'.                                                
Removing empty process                                                          
`one_bit_synth.$proc$/home/matthias/prog/janestreet/emulator/prototypes/one-bit-
synth/one_bit_synth.v:1053$43'.                                                 
Found and cleaned up 1 empty switch in                                          
`\one_bit_synth.$proc$/home/matthias/prog/janestreet/emulator/prototypes/one-bit
-synth/one_bit_synth.v:1032$35'.                                                
Removing empty process                                                          
`one_bit_synth.$proc$/home/matthias/prog/janestreet/emulator/prototypes/one-bit-
synth/one_bit_synth.v:1032$35'.                                                 
Found and cleaned up 1 empty switch in                                          
`\one_bit_synth.$proc$/home/matthias/prog/janestreet/emulator/prototypes/one-bit
-synth/one_bit_synth.v:1015$28'.                                                
Removing empty process                                                          
`one_bit_synth.$proc$/home/matthias/prog/janestreet/emulator/prototypes/one-bit-
synth/one_bit_synth.v:1015$28'.                                                 
Found and cleaned up 1 empty switch in                                          
`\one_bit_synth.$proc$/home/matthias/prog/janestreet/emulator/prototypes/one-bit
-synth/one_bit_synth.v:473$25'.                                                 
Removing empty process                                                          
`one_bit_synth.$proc$/home/matthias/prog/janestreet/emulator/prototypes/one-bit-
synth/one_bit_synth.v:473$25'.                                                  
Found and cleaned up 1 empty switch in                                          
`\one_bit_synth.$proc$/home/matthias/prog/janestreet/emulator/prototypes/one-bit
-synth/one_bit_synth.v:466$24'.                                                 
Removing empty process                                                          
`one_bit_synth.$proc$/home/matthias/prog/janestreet/emulator/prototypes/one-bit-
synth/one_bit_synth.v:466$24'.                                                  
Found and cleaned up 1 empty switch in                                          
`\one_bit_synth.$proc$/home/matthias/prog/janestreet/emulator/prototypes/one-bit
-synth/one_bit_synth.v:451$21'.                                                 
Removing empty process                                                          
`one_bit_synth.$proc$/home/matthias/prog/janestreet/emulator/prototypes/one-bit-
synth/one_bit_synth.v:451$21'.                                                  
Found and cleaned up 1 empty switch in                                          
`\one_bit_synth.$proc$/home/matthias/prog/janestreet/emulator/prototypes/one-bit
-synth/one_bit_synth.v:445$20'.                                                 
Removing empty process                                                          
`one_bit_synth.$proc$/home/matthias/prog/janestreet/emulator/prototypes/one-bit-
synth/one_bit_synth.v:445$20'.                                                  
Found and cleaned up 1 empty switch in                                          
`\one_bit_synth.$proc$/home/matthias/prog/janestreet/emulator/prototypes/one-bit
-synth/one_bit_synth.v:435$16'.                                                 
Removing empty process                                                          
`one_bit_synth.$proc$/home/matthias/prog/janestreet/emulator/prototypes/one-bit-
synth/one_bit_synth.v:435$16'.                                                  
Found and cleaned up 1 empty switch in                                          
`\one_bit_synth.$proc$/home/matthias/prog/janestreet/emulator/prototypes/one-bit
-synth/one_bit_synth.v:418$11'.                                                 
Removing empty process                                                          
`one_bit_synth.$proc$/home/matthias/prog/janestreet/emulator/prototypes/one-bit-
synth/one_bit_synth.v:418$11'.                                                  
Cleaned up 10 empty switches.                                                   
                                                                                
6.12. Executing OPT_EXPR pass (perform const folding).                          
Optimizing module one_bit_synth.                                                
<suppressed ~2 debug messages>                                                  
                                                                                
7. Executing FLATTEN pass (flatten design).                                     
                                                                                
8. Executing OPT_CLEAN pass (remove unused cells and wires).                    
Finding unused cells or wires in module \one_bit_synth..                        
Removed 0 unused cells and 246 unused wires.                                    
<suppressed ~191 debug messages>                                                
────────────────────────────────── Synthesis ───────────────────────────────────
[05:42:49] VERBOSE  Running 'Yosys.Synthesis' at                    step.py:1138
                    '../runs/synth48/06-yosys-synthesis'…                       
[05:42:49] VERBOSE  Logging subprocess to                           step.py:1338
                    '../runs/synth48/06-yosys-synthesis/yosys-synth             
                    esis.log'…                                                  
                                                                                
 /----------------------------------------------------------------------------\ 
 |  yosys -- Yosys Open SYnthesis Suite                                       | 
 |  Copyright (C) 2012 - 2026  Claire Xenia Wolf <claire@yosyshq.com>         | 
 |  Distributed under an ISC-like license, type "license" to see terms        | 
 \----------------------------------------------------------------------------/ 
 Yosys 0.62 (git sha1 7326bb7d6641500ecb285c291a54a662cb1e76cf, clang++ 21.1.2  
-fPIC -O3)                                                                      
                                                                                
1. Executing Liberty frontend:                                                  
/home/matthias/.ciel/ihp-sg13g2/ihp-sg13g2/libs.ref/sg13g2_stdcell/lib/sg13g2_st
dcell_typ_1p20V_25C.lib                                                         
Imported 84 cell types from liberty file.                                       
                                                                                
2. Executing Liberty frontend:                                                  
/home/matthias/.ciel/ihp-sg13g2/ihp-sg13g2/libs.ref/sg13g2_io/lib/sg13g2_io_typ_
1p2V_3p3V_25C.lib                                                               
Imported 15 cell types from liberty file.                                       
[INFO] Using SDC file                                                           
'/home/matthias/prog/janestreet/emulator/prototypes/one-bit-synth/runs/synth48/0
6-yosys-synthesis/synthesis.abc.sdc' for ABC…                                   
                                                                                
3. Executing Verilog-2005 frontend:                                             
/home/matthias/prog/janestreet/emulator/prototypes/one-bit-synth/one_bit_synth.v
Parsing SystemVerilog input from                                                
`/home/matthias/prog/janestreet/emulator/prototypes/one-bit-synth/one_bit_synth.
v' to AST representation.                                                       
Storing AST representation for module `$abstract\one_bit_synth'.                
Successfully finished Verilog frontend.                                         
                                                                                
4. Executing HIERARCHY pass (managing design hierarchy).                        
                                                                                
5. Executing AST frontend in derive mode using pre-parsed AST for module        
`\one_bit_synth'.                                                               
Generating RTLIL representation for module `\one_bit_synth'.                    
                                                                                
5.1. Analyzing design hierarchy..                                               
Top module:  \one_bit_synth                                                     
                                                                                
5.2. Analyzing design hierarchy..                                               
Top module:  \one_bit_synth                                                     
Removing unused module `$abstract\one_bit_synth'.                               
Removed 1 unused modules.                                                       
Renaming module one_bit_synth to one_bit_synth.                                 
                                                                                
6. Executing ATTRMAP pass (move or copy attributes).                            
                                                                                
7. Executing TRIBUF pass.                                                       
                                                                                
8. Executing HIERARCHY pass (managing design hierarchy).                        
                                                                                
8.1. Analyzing design hierarchy..                                               
Top module:  \one_bit_synth                                                     
                                                                                
8.2. Analyzing design hierarchy..                                               
Top module:  \one_bit_synth                                                     
Removed 0 unused modules.                                                       
                                                                                
9. Executing PROC_CLEAN pass (remove empty switches from decision trees).       
Cleaned up 0 empty switches.                                                    
                                                                                
10. Executing PROC_RMDEAD pass (remove dead branches from decision trees).      
Marked 1 switch rules as full_case in process                                   
$proc$/home/matthias/prog/janestreet/emulator/prototypes/one-bit-synth/one_bit_s
ynth.v:1062$46 in module one_bit_synth.                                         
Marked 1 switch rules as full_case in process                                   
$proc$/home/matthias/prog/janestreet/emulator/prototypes/one-bit-synth/one_bit_s
ynth.v:1053$43 in module one_bit_synth.                                         
Marked 1 switch rules as full_case in process                                   
$proc$/home/matthias/prog/janestreet/emulator/prototypes/one-bit-synth/one_bit_s
ynth.v:1032$35 in module one_bit_synth.                                         
Marked 1 switch rules as full_case in process                                   
$proc$/home/matthias/prog/janestreet/emulator/prototypes/one-bit-synth/one_bit_s
ynth.v:1015$28 in module one_bit_synth.                                         
Marked 1 switch rules as full_case in process                                   
$proc$/home/matthias/prog/janestreet/emulator/prototypes/one-bit-synth/one_bit_s
ynth.v:473$25 in module one_bit_synth.                                          
Marked 1 switch rules as full_case in process                                   
$proc$/home/matthias/prog/janestreet/emulator/prototypes/one-bit-synth/one_bit_s
ynth.v:466$24 in module one_bit_synth.                                          
Marked 1 switch rules as full_case in process                                   
$proc$/home/matthias/prog/janestreet/emulator/prototypes/one-bit-synth/one_bit_s
ynth.v:451$21 in module one_bit_synth.                                          
Marked 1 switch rules as full_case in process                                   
$proc$/home/matthias/prog/janestreet/emulator/prototypes/one-bit-synth/one_bit_s
ynth.v:445$20 in module one_bit_synth.                                          
Marked 1 switch rules as full_case in process                                   
$proc$/home/matthias/prog/janestreet/emulator/prototypes/one-bit-synth/one_bit_s
ynth.v:435$16 in module one_bit_synth.                                          
Marked 1 switch rules as full_case in process                                   
$proc$/home/matthias/prog/janestreet/emulator/prototypes/one-bit-synth/one_bit_s
ynth.v:418$11 in module one_bit_synth.                                          
Removed a total of 0 dead cases.                                                
                                                                                
11. Executing PROC_PRUNE pass (remove redundant assignments in processes).      
Removed 10 redundant assignments.                                               
Promoted 0 assignments to connections.                                          
                                                                                
12. Executing PROC_INIT pass (extract init attributes).                         
                                                                                
13. Executing PROC_ARST pass (detect async resets in processes).                
                                                                                
14. Executing PROC_ROM pass (convert switches to ROMs).                         
Converted 1 switch.                                                             
<suppressed ~9 debug messages>                                                  
                                                                                
15. Executing PROC_MUX pass (convert decision trees to multiplexers).           
Creating decoders for process                                                   
`\one_bit_synth.$proc$/home/matthias/prog/janestreet/emulator/prototypes/one-bit
-synth/one_bit_synth.v:1062$46'.                                                
     1/1: $0\_336[0:0]                                                          
Creating decoders for process                                                   
`\one_bit_synth.$proc$/home/matthias/prog/janestreet/emulator/prototypes/one-bit
-synth/one_bit_synth.v:1053$43'.                                                
     1/1: $0\_20[3:0]                                                           
Creating decoders for process                                                   
`\one_bit_synth.$proc$/home/matthias/prog/janestreet/emulator/prototypes/one-bit
-synth/one_bit_synth.v:1032$35'.                                                
     1/1: $0\_360[19:0]                                                         
Creating decoders for process                                                   
`\one_bit_synth.$proc$/home/matthias/prog/janestreet/emulator/prototypes/one-bit
-synth/one_bit_synth.v:1015$28'.                                                
     1/1: $0\_328[19:0]                                                         
Creating decoders for process                                                   
`\one_bit_synth.$proc$/home/matthias/prog/janestreet/emulator/prototypes/one-bit
-synth/one_bit_synth.v:473$25'.                                                 
     1/1: $0\_283[11:0]                                                         
Creating decoders for process                                                   
`\one_bit_synth.$proc$/home/matthias/prog/janestreet/emulator/prototypes/one-bit
-synth/one_bit_synth.v:466$24'.                                                 
     1/1: $0\_25[23:0]                                                          
Creating decoders for process                                                   
`\one_bit_synth.$proc$/home/matthias/prog/janestreet/emulator/prototypes/one-bit
-synth/one_bit_synth.v:451$21'.                                                 
     1/1: $0\_323[23:0]                                                         
Creating decoders for process                                                   
`\one_bit_synth.$proc$/home/matthias/prog/janestreet/emulator/prototypes/one-bit
-synth/one_bit_synth.v:445$20'.                                                 
     1/1: $0\_17[4:0]                                                           
Creating decoders for process                                                   
`\one_bit_synth.$proc$/home/matthias/prog/janestreet/emulator/prototypes/one-bit
-synth/one_bit_synth.v:435$16'.                                                 
     1/1: $0\_297[23:0]                                                         
Creating decoders for process                                                   
`\one_bit_synth.$proc$/home/matthias/prog/janestreet/emulator/prototypes/one-bit
-synth/one_bit_synth.v:418$11'.                                                 
     1/1: $0\_302[23:0]                                                         
                                                                                
16. Executing PROC_DLATCH pass (convert process syncs to latches).              
No latch inferred for signal `\one_bit_synth.\_283' from process                
`\one_bit_synth.$proc$/home/matthias/prog/janestreet/emulator/prototypes/one-bit
-synth/one_bit_synth.v:473$25'.                                                 
No latch inferred for signal `\one_bit_synth.\_323' from process                
`\one_bit_synth.$proc$/home/matthias/prog/janestreet/emulator/prototypes/one-bit
-synth/one_bit_synth.v:451$21'.                                                 
No latch inferred for signal `\one_bit_synth.\_302' from process                
`\one_bit_synth.$proc$/home/matthias/prog/janestreet/emulator/prototypes/one-bit
-synth/one_bit_synth.v:418$11'.                                                 
                                                                                
17. Executing PROC_DFF pass (convert process syncs to FFs).                     
Creating register for signal `\one_bit_synth.\_336' using process               
`\one_bit_synth.$proc$/home/matthias/prog/janestreet/emulator/prototypes/one-bit
-synth/one_bit_synth.v:1062$46'.                                                
  created $dff cell `$procdff$83' with positive edge clock.                     
Creating register for signal `\one_bit_synth.\_20' using process                
`\one_bit_synth.$proc$/home/matthias/prog/janestreet/emulator/prototypes/one-bit
-synth/one_bit_synth.v:1053$43'.                                                
  created $dff cell `$procdff$84' with positive edge clock.                     
Creating register for signal `\one_bit_synth.\_360' using process               
`\one_bit_synth.$proc$/home/matthias/prog/janestreet/emulator/prototypes/one-bit
-synth/one_bit_synth.v:1032$35'.                                                
  created $dff cell `$procdff$85' with positive edge clock.                     
Creating register for signal `\one_bit_synth.\_328' using process               
`\one_bit_synth.$proc$/home/matthias/prog/janestreet/emulator/prototypes/one-bit
-synth/one_bit_synth.v:1015$28'.                                                
  created $dff cell `$procdff$86' with positive edge clock.                     
Creating register for signal `\one_bit_synth.\_25' using process                
`\one_bit_synth.$proc$/home/matthias/prog/janestreet/emulator/prototypes/one-bit
-synth/one_bit_synth.v:466$24'.                                                 
  created $dff cell `$procdff$87' with positive edge clock.                     
Creating register for signal `\one_bit_synth.\_17' using process                
`\one_bit_synth.$proc$/home/matthias/prog/janestreet/emulator/prototypes/one-bit
-synth/one_bit_synth.v:445$20'.                                                 
  created $dff cell `$procdff$88' with positive edge clock.                     
Creating register for signal `\one_bit_synth.\_297' using process               
`\one_bit_synth.$proc$/home/matthias/prog/janestreet/emulator/prototypes/one-bit
-synth/one_bit_synth.v:435$16'.                                                 
  created $dff cell `$procdff$89' with positive edge clock.                     
                                                                                
18. Executing PROC_MEMWR pass (convert process memory writes to cells).         
                                                                                
19. Executing PROC_CLEAN pass (remove empty switches from decision trees).      
Found and cleaned up 1 empty switch in                                          
`\one_bit_synth.$proc$/home/matthias/prog/janestreet/emulator/prototypes/one-bit
-synth/one_bit_synth.v:1062$46'.                                                
Removing empty process                                                          
`one_bit_synth.$proc$/home/matthias/prog/janestreet/emulator/prototypes/one-bit-
synth/one_bit_synth.v:1062$46'.                                                 
Found and cleaned up 1 empty switch in                                          
`\one_bit_synth.$proc$/home/matthias/prog/janestreet/emulator/prototypes/one-bit
-synth/one_bit_synth.v:1053$43'.                                                
Removing empty process                                                          
`one_bit_synth.$proc$/home/matthias/prog/janestreet/emulator/prototypes/one-bit-
synth/one_bit_synth.v:1053$43'.                                                 
Found and cleaned up 1 empty switch in                                          
`\one_bit_synth.$proc$/home/matthias/prog/janestreet/emulator/prototypes/one-bit
-synth/one_bit_synth.v:1032$35'.                                                
Removing empty process                                                          
`one_bit_synth.$proc$/home/matthias/prog/janestreet/emulator/prototypes/one-bit-
synth/one_bit_synth.v:1032$35'.                                                 
Found and cleaned up 1 empty switch in                                          
`\one_bit_synth.$proc$/home/matthias/prog/janestreet/emulator/prototypes/one-bit
-synth/one_bit_synth.v:1015$28'.                                                
Removing empty process                                                          
`one_bit_synth.$proc$/home/matthias/prog/janestreet/emulator/prototypes/one-bit-
synth/one_bit_synth.v:1015$28'.                                                 
Found and cleaned up 1 empty switch in                                          
`\one_bit_synth.$proc$/home/matthias/prog/janestreet/emulator/prototypes/one-bit
-synth/one_bit_synth.v:473$25'.                                                 
Removing empty process                                                          
`one_bit_synth.$proc$/home/matthias/prog/janestreet/emulator/prototypes/one-bit-
synth/one_bit_synth.v:473$25'.                                                  
Found and cleaned up 1 empty switch in                                          
`\one_bit_synth.$proc$/home/matthias/prog/janestreet/emulator/prototypes/one-bit
-synth/one_bit_synth.v:466$24'.                                                 
Removing empty process                                                          
`one_bit_synth.$proc$/home/matthias/prog/janestreet/emulator/prototypes/one-bit-
synth/one_bit_synth.v:466$24'.                                                  
Found and cleaned up 1 empty switch in                                          
`\one_bit_synth.$proc$/home/matthias/prog/janestreet/emulator/prototypes/one-bit
-synth/one_bit_synth.v:451$21'.                                                 
Removing empty process                                                          
`one_bit_synth.$proc$/home/matthias/prog/janestreet/emulator/prototypes/one-bit-
synth/one_bit_synth.v:451$21'.                                                  
Found and cleaned up 1 empty switch in                                          
`\one_bit_synth.$proc$/home/matthias/prog/janestreet/emulator/prototypes/one-bit
-synth/one_bit_synth.v:445$20'.                                                 
Removing empty process                                                          
`one_bit_synth.$proc$/home/matthias/prog/janestreet/emulator/prototypes/one-bit-
synth/one_bit_synth.v:445$20'.                                                  
Found and cleaned up 1 empty switch in                                          
`\one_bit_synth.$proc$/home/matthias/prog/janestreet/emulator/prototypes/one-bit
-synth/one_bit_synth.v:435$16'.                                                 
Removing empty process                                                          
`one_bit_synth.$proc$/home/matthias/prog/janestreet/emulator/prototypes/one-bit-
synth/one_bit_synth.v:435$16'.                                                  
Found and cleaned up 1 empty switch in                                          
`\one_bit_synth.$proc$/home/matthias/prog/janestreet/emulator/prototypes/one-bit
-synth/one_bit_synth.v:418$11'.                                                 
Removing empty process                                                          
`one_bit_synth.$proc$/home/matthias/prog/janestreet/emulator/prototypes/one-bit-
synth/one_bit_synth.v:418$11'.                                                  
Cleaned up 10 empty switches.                                                   
                                                                                
20. Executing CHECK pass (checking for obvious problems).                       
Checking module one_bit_synth...                                                
Found and reported 0 problems.                                                  
                                                                                
21. Executing OPT_EXPR pass (perform const folding).                            
Optimizing module one_bit_synth.                                                
<suppressed ~2 debug messages>                                                  
                                                                                
22. Executing FLATTEN pass (flatten design).                                    
                                                                                
23. Executing OPT_EXPR pass (perform const folding).                            
Optimizing module one_bit_synth.                                                
                                                                                
24. Executing OPT_CLEAN pass (remove unused cells and wires).                   
Finding unused cells or wires in module \one_bit_synth..                        
Removed 0 unused cells and 56 unused wires.                                     
<suppressed ~1 debug messages>                                                  
                                                                                
25. Executing OPT_EXPR pass (perform const folding).                            
Optimizing module one_bit_synth.                                                
                                                                                
26. Executing OPT_MERGE pass (detect identical cells).                          
Finding identical cells in module `\one_bit_synth'.                             
Computing hashes of 60 cells of `\one_bit_synth'.                               
Finding duplicate cells in `\one_bit_synth'.                                    
Computing hashes of 55 cells of `\one_bit_synth'.                               
Finding duplicate cells in `\one_bit_synth'.                                    
<suppressed ~15 debug messages>                                                 
Removed a total of 5 cells.                                                     
                                                                                
27. Executing OPT_MUXTREE pass (detect dead branches in mux trees).             
Running muxtree optimizer on module \one_bit_synth..                            
  Creating internal representation of mux trees.                                
  Evaluating internal representation of mux trees.                              
  Analyzing evaluation results.                                                 
Removed 0 multiplexer ports.                                                    
<suppressed ~36 debug messages>                                                 
                                                                                
28. Executing OPT_REDUCE pass (consolidate $*mux and $reduce_* inputs).         
  Optimizing cells in module \one_bit_synth.                                    
    New ctrl vector for $pmux cell $procmux$79:                                 
$auto$opt_reduce.cc:137:opt_pmux$91                                             
  Optimizing cells in module \one_bit_synth.                                    
Performed a total of 1 changes.                                                 
                                                                                
29. Executing OPT_MERGE pass (detect identical cells).                          
Finding identical cells in module `\one_bit_synth'.                             
Computing hashes of 56 cells of `\one_bit_synth'.                               
Finding duplicate cells in `\one_bit_synth'.                                    
Removed a total of 0 cells.                                                     
                                                                                
30. Executing OPT_DFF pass (perform DFF optimizations).                         
                                                                                
31. Executing OPT_CLEAN pass (remove unused cells and wires).                   
Finding unused cells or wires in module \one_bit_synth..                        
Removed 0 unused cells and 3 unused wires.                                      
<suppressed ~1 debug messages>                                                  
                                                                                
32. Executing OPT_EXPR pass (perform const folding).                            
Optimizing module one_bit_synth.                                                
                                                                                
33. Rerunning OPT passes. (Maybe there is more to do…)                          
                                                                                
34. Executing OPT_MUXTREE pass (detect dead branches in mux trees).             
Running muxtree optimizer on module \one_bit_synth..                            
  Creating internal representation of mux trees.                                
  Evaluating internal representation of mux trees.                              
  Analyzing evaluation results.                                                 
Removed 0 multiplexer ports.                                                    
<suppressed ~36 debug messages>                                                 
                                                                                
35. Executing OPT_REDUCE pass (consolidate $*mux and $reduce_* inputs).         
  Optimizing cells in module \one_bit_synth.                                    
Performed a total of 0 changes.                                                 
                                                                                
36. Executing OPT_MERGE pass (detect identical cells).                          
Finding identical cells in module `\one_bit_synth'.                             
Computing hashes of 56 cells of `\one_bit_synth'.                               
Finding duplicate cells in `\one_bit_synth'.                                    
Removed a total of 0 cells.                                                     
                                                                                
37. Executing OPT_DFF pass (perform DFF optimizations).                         
                                                                                
38. Executing OPT_CLEAN pass (remove unused cells and wires).                   
Finding unused cells or wires in module \one_bit_synth..                        
                                                                                
39. Executing OPT_EXPR pass (perform const folding).                            
Optimizing module one_bit_synth.                                                
                                                                                
40. Executing FSM pass (extract and optimize FSM).                              
                                                                                
40.1. Executing FSM_DETECT pass (finding FSMs in design).                       
                                                                                
40.2. Executing FSM_EXTRACT pass (extracting FSM from design).                  
                                                                                
40.3. Executing FSM_OPT pass (simple optimizations of FSMs).                    
                                                                                
40.4. Executing OPT_CLEAN pass (remove unused cells and wires).                 
Finding unused cells or wires in module \one_bit_synth..                        
                                                                                
40.5. Executing FSM_OPT pass (simple optimizations of FSMs).                    
                                                                                
40.6. Executing FSM_RECODE pass (re-assigning FSM state encoding).              
                                                                                
40.7. Executing FSM_INFO pass (dumping all available information on FSM cells). 
                                                                                
40.8. Executing FSM_MAP pass (mapping FSMs to basic logic).                     
                                                                                
41. Executing OPT_EXPR pass (perform const folding).                            
Optimizing module one_bit_synth.                                                
                                                                                
42. Executing OPT_MERGE pass (detect identical cells).                          
Finding identical cells in module `\one_bit_synth'.                             
Computing hashes of 56 cells of `\one_bit_synth'.                               
Finding duplicate cells in `\one_bit_synth'.                                    
Removed a total of 0 cells.                                                     
                                                                                
43. Executing OPT_MUXTREE pass (detect dead branches in mux trees).             
Running muxtree optimizer on module \one_bit_synth..                            
  Creating internal representation of mux trees.                                
  Evaluating internal representation of mux trees.                              
  Analyzing evaluation results.                                                 
Removed 0 multiplexer ports.                                                    
<suppressed ~36 debug messages>                                                 
                                                                                
44. Executing OPT_REDUCE pass (consolidate $*mux and $reduce_* inputs).         
  Optimizing cells in module \one_bit_synth.                                    
Performed a total of 0 changes.                                                 
                                                                                
45. Executing OPT_MERGE pass (detect identical cells).                          
Finding identical cells in module `\one_bit_synth'.                             
Computing hashes of 56 cells of `\one_bit_synth'.                               
Finding duplicate cells in `\one_bit_synth'.                                    
Removed a total of 0 cells.                                                     
                                                                                
46. Executing OPT_DFF pass (perform DFF optimizations).                         
Adding SRST signal on $procdff$89 ($dff) from module one_bit_synth (D = \_310, Q
= \_297, rval = 24'000000000000000000000000).                                   
Adding EN signal on $auto$ff.cc:337:slice$92 ($sdff) from module one_bit_synth  
(D = \_309, Q = \_297).                                                         
Adding SRST signal on $procdff$88 ($dff) from module one_bit_synth (D = \_318, Q
= \_17, rval = 5'00000).                                                        
Adding EN signal on $auto$ff.cc:337:slice$94 ($sdff) from module one_bit_synth  
(D = \_316, Q = \_17).                                                          
Adding SRST signal on $procdff$87 ($dff) from module one_bit_synth (D = \_325, Q
= \_25, rval = 24'000000000000000000000000).                                    
Adding EN signal on $auto$ff.cc:337:slice$98 ($sdff) from module one_bit_synth  
(D = \_324, Q = \_25).                                                          
Adding SRST signal on $procdff$86 ($dff) from module one_bit_synth (D = \_357, Q
= \_328, rval = 20'00000000000000000000).                                       
Adding EN signal on $auto$ff.cc:337:slice$100 ($sdff) from module one_bit_synth 
(D = \_356, Q = \_328).                                                         
Adding SRST signal on $procdff$85 ($dff) from module one_bit_synth (D = \_379, Q
= \_360, rval = 20'00000000000000000000).                                       
Adding EN signal on $auto$ff.cc:337:slice$102 ($sdff) from module one_bit_synth 
(D = \_378, Q = \_360).                                                         
Adding SRST signal on $procdff$84 ($dff) from module one_bit_synth (D = \_381, Q
= \_20, rval = 4'0000).                                                         
Adding SRST signal on $procdff$83 ($dff) from module one_bit_synth (D = \_12, Q 
= \_336, rval = 1'0).                                                           
Adding EN signal on $auto$ff.cc:337:slice$107 ($sdff) from module one_bit_synth 
(D = \_385, Q = \_336).                                                         
                                                                                
47. Executing OPT_CLEAN pass (remove unused cells and wires).                   
Finding unused cells or wires in module \one_bit_synth..                        
Removed 15 unused cells and 22 unused wires.                                    
<suppressed ~31 debug messages>                                                 
                                                                                
48. Executing OPT_EXPR pass (perform const folding).                            
Optimizing module one_bit_synth.                                                
                                                                                
49. Rerunning OPT passes. (Maybe there is more to do…)                          
                                                                                
50. Executing OPT_MUXTREE pass (detect dead branches in mux trees).             
Running muxtree optimizer on module \one_bit_synth..                            
  Creating internal representation of mux trees.                                
  Evaluating internal representation of mux trees.                              
  Analyzing evaluation results.                                                 
Removed 0 multiplexer ports.                                                    
<suppressed ~16 debug messages>                                                 
                                                                                
51. Executing OPT_REDUCE pass (consolidate $*mux and $reduce_* inputs).         
  Optimizing cells in module \one_bit_synth.                                    
Performed a total of 0 changes.                                                 
                                                                                
52. Executing OPT_MERGE pass (detect identical cells).                          
Finding identical cells in module `\one_bit_synth'.                             
Computing hashes of 43 cells of `\one_bit_synth'.                               
Finding duplicate cells in `\one_bit_synth'.                                    
Removed a total of 0 cells.                                                     
                                                                                
53. Executing OPT_DFF pass (perform DFF optimizations).                         
                                                                                
54. Executing OPT_CLEAN pass (remove unused cells and wires).                   
Finding unused cells or wires in module \one_bit_synth..                        
                                                                                
55. Executing OPT_EXPR pass (perform const folding).                            
Optimizing module one_bit_synth.                                                
                                                                                
56. Executing WREDUCE pass (reducing word size of cells).                       
Removed top 24 address bits (of 32) from memory init port                       
one_bit_synth.$auto$mem.cc:351:emit$50 ($auto$proc_rom.cc:155:do_switch$48).    
Removed top 1 bits (of 20) from port B of cell                                  
one_bit_synth.$lt$/home/matthias/prog/janestreet/emulator/prototypes/one-bit-syn
th/one_bit_synth.v:259$2 ($lt).                                                 
Removed top 1 bits (of 20) from port B of cell                                  
one_bit_synth.$lt$/home/matthias/prog/janestreet/emulator/prototypes/one-bit-syn
th/one_bit_synth.v:267$5 ($lt).                                                 
Removed top 4 bits (of 5) from port B of cell                                   
one_bit_synth.$add$/home/matthias/prog/janestreet/emulator/prototypes/one-bit-sy
nth/one_bit_synth.v:411$8 ($add).                                               
Removed top 3 bits (of 5) from port B of cell                                   
one_bit_synth.$eq$/home/matthias/prog/janestreet/emulator/prototypes/one-bit-syn
th/one_bit_synth.v:413$9 ($eq).                                                 
Removed top 23 bits (of 24) from port B of cell                                 
one_bit_synth.$sub$/home/matthias/prog/janestreet/emulator/prototypes/one-bit-sy
nth/one_bit_synth.v:430$12 ($sub).                                              
Removed top 23 bits (of 24) from port B of cell                                 
one_bit_synth.$add$/home/matthias/prog/janestreet/emulator/prototypes/one-bit-sy
nth/one_bit_synth.v:431$13 ($add).                                              
Removed top 3 bits (of 4) from port B of cell                                   
one_bit_synth.$add$/home/matthias/prog/janestreet/emulator/prototypes/one-bit-sy
nth/one_bit_synth.v:1050$41 ($add).                                             
Removed top 3 bits (of 5) from port B of cell one_bit_synth.$procmux$69_CMP0    
($eq).                                                                          
Removed top 10 bits (of 24) from mux cell one_bit_synth.$procmux$68 ($pmux).    
Removed top 4 bits (of 5) from port B of cell one_bit_synth.$procmux$70_CMP0    
($eq).                                                                          
Removed top 8 bits (of 24) from mux cell one_bit_synth.$procmux$79 ($mux).      
Removed top 8 bits (of 24) from wire one_bit_synth._302.                        
Removed top 10 bits (of 24) from wire one_bit_synth._323.                       
                                                                                
57. Executing PEEPOPT pass (run peephole optimizers).                           
                                                                                
58. Executing OPT_CLEAN pass (remove unused cells and wires).                   
Finding unused cells or wires in module \one_bit_synth..                        
Removed 0 unused cells and 2 unused wires.                                      
<suppressed ~1 debug messages>                                                  
                                                                                
59. Executing ALUMACC pass (create $alu and $macc cells).                       
Extracting $alu and $macc cells in module one_bit_synth:                        
  creating $macc model for                                                      
$add$/home/matthias/prog/janestreet/emulator/prototypes/one-bit-synth/one_bit_sy
nth.v:1021$29 ($add).                                                           
  creating $macc model for                                                      
$add$/home/matthias/prog/janestreet/emulator/prototypes/one-bit-synth/one_bit_sy
nth.v:1038$36 ($add).                                                           
  creating $macc model for                                                      
$add$/home/matthias/prog/janestreet/emulator/prototypes/one-bit-synth/one_bit_sy
nth.v:1050$41 ($add).                                                           
  creating $macc model for                                                      
$add$/home/matthias/prog/janestreet/emulator/prototypes/one-bit-synth/one_bit_sy
nth.v:411$8 ($add).                                                             
  creating $macc model for                                                      
$add$/home/matthias/prog/janestreet/emulator/prototypes/one-bit-synth/one_bit_sy
nth.v:431$13 ($add).                                                            
  creating $macc model for                                                      
$add$/home/matthias/prog/janestreet/emulator/prototypes/one-bit-synth/one_bit_sy
nth.v:463$22 ($add).                                                            
  creating $macc model for                                                      
$sub$/home/matthias/prog/janestreet/emulator/prototypes/one-bit-synth/one_bit_sy
nth.v:1011$26 ($sub).                                                           
  creating $macc model for                                                      
$sub$/home/matthias/prog/janestreet/emulator/prototypes/one-bit-synth/one_bit_sy
nth.v:1029$33 ($sub).                                                           
  creating $macc model for                                                      
$sub$/home/matthias/prog/janestreet/emulator/prototypes/one-bit-synth/one_bit_sy
nth.v:430$12 ($sub).                                                            
  merging $macc model for                                                       
$sub$/home/matthias/prog/janestreet/emulator/prototypes/one-bit-synth/one_bit_sy
nth.v:1029$33 into                                                              
$add$/home/matthias/prog/janestreet/emulator/prototypes/one-bit-synth/one_bit_sy
nth.v:1038$36.                                                                  
  merging $macc model for                                                       
$sub$/home/matthias/prog/janestreet/emulator/prototypes/one-bit-synth/one_bit_sy
nth.v:1011$26 into                                                              
$add$/home/matthias/prog/janestreet/emulator/prototypes/one-bit-synth/one_bit_sy
nth.v:1021$29.                                                                  
  creating $alu model for $macc                                                 
$sub$/home/matthias/prog/janestreet/emulator/prototypes/one-bit-synth/one_bit_sy
nth.v:430$12.                                                                   
  creating $alu model for $macc                                                 
$add$/home/matthias/prog/janestreet/emulator/prototypes/one-bit-synth/one_bit_sy
nth.v:463$22.                                                                   
  creating $alu model for $macc                                                 
$add$/home/matthias/prog/janestreet/emulator/prototypes/one-bit-synth/one_bit_sy
nth.v:431$13.                                                                   
  creating $alu model for $macc                                                 
$add$/home/matthias/prog/janestreet/emulator/prototypes/one-bit-synth/one_bit_sy
nth.v:411$8.                                                                    
  creating $alu model for $macc                                                 
$add$/home/matthias/prog/janestreet/emulator/prototypes/one-bit-synth/one_bit_sy
nth.v:1050$41.                                                                  
  creating $macc cell for                                                       
$add$/home/matthias/prog/janestreet/emulator/prototypes/one-bit-synth/one_bit_sy
nth.v:1038$36: $auto$alumacc.cc:382:replace_macc$111                            
  creating $macc cell for                                                       
$add$/home/matthias/prog/janestreet/emulator/prototypes/one-bit-synth/one_bit_sy
nth.v:1021$29: $auto$alumacc.cc:382:replace_macc$112                            
  creating $alu model for                                                       
$lt$/home/matthias/prog/janestreet/emulator/prototypes/one-bit-synth/one_bit_syn
th.v:1027$31 ($lt): new $alu                                                    
  creating $alu model for                                                       
$lt$/home/matthias/prog/janestreet/emulator/prototypes/one-bit-synth/one_bit_syn
th.v:1043$38 ($lt): new $alu                                                    
  creating $alu model for                                                       
$lt$/home/matthias/prog/janestreet/emulator/prototypes/one-bit-synth/one_bit_syn
th.v:259$2 ($lt): new $alu                                                      
  creating $alu model for                                                       
$lt$/home/matthias/prog/janestreet/emulator/prototypes/one-bit-synth/one_bit_syn
th.v:267$5 ($lt): new $alu                                                      
  creating $alu cell for                                                        
$lt$/home/matthias/prog/janestreet/emulator/prototypes/one-bit-synth/one_bit_syn
th.v:267$5: $auto$alumacc.cc:512:replace_alu$117                                
  creating $alu cell for                                                        
$lt$/home/matthias/prog/janestreet/emulator/prototypes/one-bit-synth/one_bit_syn
th.v:259$2: $auto$alumacc.cc:512:replace_alu$122                                
  creating $alu cell for                                                        
$lt$/home/matthias/prog/janestreet/emulator/prototypes/one-bit-synth/one_bit_syn
th.v:1043$38: $auto$alumacc.cc:512:replace_alu$127                              
  creating $alu cell for                                                        
$lt$/home/matthias/prog/janestreet/emulator/prototypes/one-bit-synth/one_bit_syn
th.v:1027$31: $auto$alumacc.cc:512:replace_alu$132                              
  creating $alu cell for                                                        
$add$/home/matthias/prog/janestreet/emulator/prototypes/one-bit-synth/one_bit_sy
nth.v:1050$41: $auto$alumacc.cc:512:replace_alu$137                             
  creating $alu cell for                                                        
$add$/home/matthias/prog/janestreet/emulator/prototypes/one-bit-synth/one_bit_sy
nth.v:411$8: $auto$alumacc.cc:512:replace_alu$140                               
  creating $alu cell for                                                        
$add$/home/matthias/prog/janestreet/emulator/prototypes/one-bit-synth/one_bit_sy
nth.v:431$13: $auto$alumacc.cc:512:replace_alu$143                              
  creating $alu cell for                                                        
$add$/home/matthias/prog/janestreet/emulator/prototypes/one-bit-synth/one_bit_sy
nth.v:463$22: $auto$alumacc.cc:512:replace_alu$146                              
  creating $alu cell for                                                        
$sub$/home/matthias/prog/janestreet/emulator/prototypes/one-bit-synth/one_bit_sy
nth.v:430$12: $auto$alumacc.cc:512:replace_alu$149                              
  created 9 $alu and 2 $macc cells.                                             
                                                                                
60. Executing SHARE pass (SAT-based resource sharing).                          
                                                                                
61. Executing OPT_EXPR pass (perform const folding).                            
Optimizing module one_bit_synth.                                                
<suppressed ~4 debug messages>                                                  
                                                                                
62. Executing OPT_MERGE pass (detect identical cells).                          
Finding identical cells in module `\one_bit_synth'.                             
Computing hashes of 47 cells of `\one_bit_synth'.                               
Finding duplicate cells in `\one_bit_synth'.                                    
Removed a total of 0 cells.                                                     
                                                                                
63. Executing OPT_MUXTREE pass (detect dead branches in mux trees).             
Running muxtree optimizer on module \one_bit_synth..                            
  Creating internal representation of mux trees.                                
  Evaluating internal representation of mux trees.                              
  Analyzing evaluation results.                                                 
Removed 0 multiplexer ports.                                                    
<suppressed ~16 debug messages>                                                 
                                                                                
64. Executing OPT_REDUCE pass (consolidate $*mux and $reduce_* inputs).         
  Optimizing cells in module \one_bit_synth.                                    
Performed a total of 0 changes.                                                 
                                                                                
65. Executing OPT_MERGE pass (detect identical cells).                          
Finding identical cells in module `\one_bit_synth'.                             
Computing hashes of 47 cells of `\one_bit_synth'.                               
Finding duplicate cells in `\one_bit_synth'.                                    
Removed a total of 0 cells.                                                     
                                                                                
66. Executing OPT_DFF pass (perform DFF optimizations).                         
                                                                                
67. Executing OPT_CLEAN pass (remove unused cells and wires).                   
Finding unused cells or wires in module \one_bit_synth..                        
Removed 6 unused cells and 10 unused wires.                                     
<suppressed ~13 debug messages>                                                 
                                                                                
68. Executing OPT_EXPR pass (perform const folding).                            
Optimizing module one_bit_synth.                                                
                                                                                
69. Rerunning OPT passes. (Maybe there is more to do…)                          
                                                                                
70. Executing OPT_MUXTREE pass (detect dead branches in mux trees).             
Running muxtree optimizer on module \one_bit_synth..                            
  Creating internal representation of mux trees.                                
  Evaluating internal representation of mux trees.                              
  Analyzing evaluation results.                                                 
Removed 0 multiplexer ports.                                                    
<suppressed ~16 debug messages>                                                 
                                                                                
71. Executing OPT_REDUCE pass (consolidate $*mux and $reduce_* inputs).         
  Optimizing cells in module \one_bit_synth.                                    
Performed a total of 0 changes.                                                 
                                                                                
72. Executing OPT_MERGE pass (detect identical cells).                          
Finding identical cells in module `\one_bit_synth'.                             
Computing hashes of 41 cells of `\one_bit_synth'.                               
Finding duplicate cells in `\one_bit_synth'.                                    
Removed a total of 0 cells.                                                     
                                                                                
73. Executing OPT_DFF pass (perform DFF optimizations).                         
                                                                                
74. Executing OPT_CLEAN pass (remove unused cells and wires).                   
Finding unused cells or wires in module \one_bit_synth..                        
                                                                                
75. Executing OPT_EXPR pass (perform const folding).                            
Optimizing module one_bit_synth.                                                
                                                                                
76. Executing MEMORY pass.                                                      
                                                                                
76.1. Executing OPT_MEM pass (optimize memories).                               
Performed a total of 0 transformations.                                         
                                                                                
76.2. Executing OPT_MEM_PRIORITY pass (removing unnecessary memory write        
priority relations).                                                            
Performed a total of 0 transformations.                                         
                                                                                
76.3. Executing OPT_MEM_FEEDBACK pass (finding memory read-to-write feedback    
paths).                                                                         
                                                                                
76.4. Executing MEMORY_BMUX2ROM pass (converting muxes to ROMs).                
                                                                                
76.5. Executing MEMORY_DFF pass (merging $dff cells to $memrd).                 
Checking read port `$auto$proc_rom.cc:155:do_switch$48'[0] in module            
`\one_bit_synth': no output FF found.                                           
Checking read port address `$auto$proc_rom.cc:155:do_switch$48'[0] in module    
`\one_bit_synth': merged address FF to cell.                                    
                                                                                
76.6. Executing OPT_CLEAN pass (remove unused cells and wires).                 
Finding unused cells or wires in module \one_bit_synth..                        
                                                                                
76.7. Executing MEMORY_SHARE pass (consolidating $memrd/$memwr cells).          
                                                                                
76.8. Executing OPT_MEM_WIDEN pass (optimize memories where all ports are wide).
Performed a total of 0 transformations.                                         
                                                                                
76.9. Executing OPT_CLEAN pass (remove unused cells and wires).                 
Finding unused cells or wires in module \one_bit_synth..                        
                                                                                
76.10. Executing MEMORY_COLLECT pass (generating $mem cells).                   
                                                                                
77. Executing OPT_CLEAN pass (remove unused cells and wires).                   
Finding unused cells or wires in module \one_bit_synth..                        
                                                                                
78. Executing OPT_EXPR pass (perform const folding).                            
Optimizing module one_bit_synth.                                                
<suppressed ~4 debug messages>                                                  
                                                                                
79. Executing OPT_MERGE pass (detect identical cells).                          
Finding identical cells in module `\one_bit_synth'.                             
Computing hashes of 114 cells of `\one_bit_synth'.                              
Finding duplicate cells in `\one_bit_synth'.                                    
Computing hashes of 78 cells of `\one_bit_synth'.                               
Finding duplicate cells in `\one_bit_synth'.                                    
<suppressed ~108 debug messages>                                                
Removed a total of 36 cells.                                                    
                                                                                
80. Executing OPT_DFF pass (perform DFF optimizations).                         
                                                                                
81. Executing OPT_CLEAN pass (remove unused cells and wires).                   
Finding unused cells or wires in module \one_bit_synth..                        
Removed 36 unused cells and 72 unused wires.                                    
<suppressed ~37 debug messages>                                                 
                                                                                
82. Executing MEMORY_MAP pass (converting memories to logic and flip-flops).    
Mapping memory $auto$proc_rom.cc:155:do_switch$48 in module \one_bit_synth:     
  created 256 $dff cells and 0 static cells of width 12.                        
Extracted data FF from read port 0 of                                           
one_bit_synth.$auto$proc_rom.cc:155:do_switch$48:                               
$$auto$proc_rom.cc:155:do_switch$48$rdreg[0]                                    
  read interface: 1 $dff and 255 $mux cells.                                    
  write interface: 0 write mux blocks.                                          
                                                                                
83. Executing OPT_EXPR pass (perform const folding).                            
Optimizing module one_bit_synth.                                                
                                                                                
84. Executing OPT_MERGE pass (detect identical cells).                          
Finding identical cells in module `\one_bit_synth'.                             
Computing hashes of 297 cells of `\one_bit_synth'.                              
Finding duplicate cells in `\one_bit_synth'.                                    
Removed a total of 0 cells.                                                     
                                                                                
85. Executing OPT_MUXTREE pass (detect dead branches in mux trees).             
Running muxtree optimizer on module \one_bit_synth..                            
  Creating internal representation of mux trees.                                
  Evaluating internal representation of mux trees.                              
  Analyzing evaluation results.                                                 
Removed 0 multiplexer ports.                                                    
<suppressed ~275 debug messages>                                                
                                                                                
86. Executing OPT_REDUCE pass (consolidate $*mux and $reduce_* inputs).         
  Optimizing cells in module \one_bit_synth.                                    
    Consolidated identical input bits for $mux cell                             
$memory$auto$proc_rom.cc:155:do_switch$48$rdmux[0][7][126]$1061:                
      Old ports: A=12'111100110111, B=12'111101101001,                          
Y=$memory$auto$proc_rom.cc:155:do_switch$48$rdmux[0][6][63]$a$681               
      New ports: A=2'01, B=2'10, Y={                                            
$memory$auto$proc_rom.cc:155:do_switch$48$rdmux[0][6][63]$a$681 [3]             
$memory$auto$proc_rom.cc:155:do_switch$48$rdmux[0][6][63]$a$681 [1] }           
      New connections: {                                                        
$memory$auto$proc_rom.cc:155:do_switch$48$rdmux[0][6][63]$a$681 [11:4]          
$memory$auto$proc_rom.cc:155:do_switch$48$rdmux[0][6][63]$a$681 [2]             
$memory$auto$proc_rom.cc:155:do_switch$48$rdmux[0][6][63]$a$681 [0] } = {       
5'11110 $memory$auto$proc_rom.cc:155:do_switch$48$rdmux[0][6][63]$a$681 [3] 1'1 
$memory$auto$proc_rom.cc:155:do_switch$48$rdmux[0][6][63]$a$681 [1]             
$memory$auto$proc_rom.cc:155:do_switch$48$rdmux[0][6][63]$a$681 [1] 1'1 }       
    Consolidated identical input bits for $mux cell                             
$memory$auto$proc_rom.cc:155:do_switch$48$rdmux[0][7][125]$1058:                
      Old ports: A=12'111011010100, B=12'111100000101,                          
Y=$memory$auto$proc_rom.cc:155:do_switch$48$rdmux[0][6][62]$b$679               
      New ports: A=2'10, B=2'01, Y={                                            
$memory$auto$proc_rom.cc:155:do_switch$48$rdmux[0][6][62]$b$679 [4]             
$memory$auto$proc_rom.cc:155:do_switch$48$rdmux[0][6][62]$b$679 [0] }           
      New connections: {                                                        
$memory$auto$proc_rom.cc:155:do_switch$48$rdmux[0][6][62]$b$679 [11:5]          
$memory$auto$proc_rom.cc:155:do_switch$48$rdmux[0][6][62]$b$679 [3:1] } = {     
3'111 $memory$auto$proc_rom.cc:155:do_switch$48$rdmux[0][6][62]$b$679 [0]       
$memory$auto$proc_rom.cc:155:do_switch$48$rdmux[0][6][62]$b$679 [4]             
$memory$auto$proc_rom.cc:155:do_switch$48$rdmux[0][6][62]$b$679 [4] 4'0010 }    
    Consolidated identical input bits for $mux cell                             
$memory$auto$proc_rom.cc:155:do_switch$48$rdmux[0][7][124]$1055:                
      Old ports: A=12'111001110001, B=12'111010100010,                          
Y=$memory$auto$proc_rom.cc:155:do_switch$48$rdmux[0][6][62]$a$678               
      New ports: A=2'01, B=2'10,                                                
Y=$memory$auto$proc_rom.cc:155:do_switch$48$rdmux[0][6][62]$a$678 [1:0]         
      New connections:                                                          
$memory$auto$proc_rom.cc:155:do_switch$48$rdmux[0][6][62]$a$678 [11:2] = {      
4'1110 $memory$auto$proc_rom.cc:155:do_switch$48$rdmux[0][6][62]$a$678 [1:0] 1'1
$memory$auto$proc_rom.cc:155:do_switch$48$rdmux[0][6][62]$a$678 [0] 2'00 }      
    Consolidated identical input bits for $mux cell                             
$memory$auto$proc_rom.cc:155:do_switch$48$rdmux[0][7][123]$1052:                
      Old ports: A=12'111000001111, B=12'111000111111,                          
Y=$memory$auto$proc_rom.cc:155:do_switch$48$rdmux[0][6][61]$b$676               
      New ports: A=1'0, B=1'1,                                                  
Y=$memory$auto$proc_rom.cc:155:do_switch$48$rdmux[0][6][61]$b$676 [4]           
      New connections: {                                                        
$memory$auto$proc_rom.cc:155:do_switch$48$rdmux[0][6][61]$b$676 [11:5]          
$memory$auto$proc_rom.cc:155:do_switch$48$rdmux[0][6][61]$b$676 [3:0] } = {     
6'111000 $memory$auto$proc_rom.cc:155:do_switch$48$rdmux[0][6][61]$b$676 [4]    
4'1111 }                                                                        
    Consolidated identical input bits for $mux cell                             
$memory$auto$proc_rom.cc:155:do_switch$48$rdmux[0][7][122]$1049:                
      Old ports: A=12'110110101110, B=12'110111011110,                          
Y=$memory$auto$proc_rom.cc:155:do_switch$48$rdmux[0][6][61]$a$675               
      New ports: A=2'10, B=2'01,                                                
Y=$memory$auto$proc_rom.cc:155:do_switch$48$rdmux[0][6][61]$a$675 [5:4]         
      New connections: {                                                        
$memory$auto$proc_rom.cc:155:do_switch$48$rdmux[0][6][61]$a$675 [11:6]          
$memory$auto$proc_rom.cc:155:do_switch$48$rdmux[0][6][61]$a$675 [3:0] } = {     
5'11011 $memory$auto$proc_rom.cc:155:do_switch$48$rdmux[0][6][61]$a$675 [4]     
4'1110 }                                                                        
    Consolidated identical input bits for $mux cell                             
$memory$auto$proc_rom.cc:155:do_switch$48$rdmux[0][7][121]$1046:                
      Old ports: A=12'110101001110, B=12'110101111110,                          
Y=$memory$auto$proc_rom.cc:155:do_switch$48$rdmux[0][6][60]$b$673               
      New ports: A=1'0, B=1'1,                                                  
Y=$memory$auto$proc_rom.cc:155:do_switch$48$rdmux[0][6][60]$b$673 [4]           
      New connections: {                                                        
$memory$auto$proc_rom.cc:155:do_switch$48$rdmux[0][6][60]$b$673 [11:5]          
$memory$auto$proc_rom.cc:155:do_switch$48$rdmux[0][6][60]$b$673 [3:0] } = {     
6'110101 $memory$auto$proc_rom.cc:155:do_switch$48$rdmux[0][6][60]$b$673 [4]    
4'1110 }                                                                        
    Consolidated identical input bits for $mux cell                             
$memory$auto$proc_rom.cc:155:do_switch$48$rdmux[0][7][120]$1043:                
      Old ports: A=12'110011110001, B=12'110100011111,                          
Y=$memory$auto$proc_rom.cc:155:do_switch$48$rdmux[0][6][60]$a$672               
      New ports: A=2'10, B=2'01, Y={                                            
$memory$auto$proc_rom.cc:155:do_switch$48$rdmux[0][6][60]$a$672 [5]             
$memory$auto$proc_rom.cc:155:do_switch$48$rdmux[0][6][60]$a$672 [1] }           
      New connections: {                                                        
$memory$auto$proc_rom.cc:155:do_switch$48$rdmux[0][6][60]$a$672 [11:6]          
$memory$auto$proc_rom.cc:155:do_switch$48$rdmux[0][6][60]$a$672 [4:2]           
$memory$auto$proc_rom.cc:155:do_switch$48$rdmux[0][6][60]$a$672 [0] } = { 3'110 
$memory$auto$proc_rom.cc:155:do_switch$48$rdmux[0][6][60]$a$672 [1]             
$memory$auto$proc_rom.cc:155:do_switch$48$rdmux[0][6][60]$a$672 [5]             
$memory$auto$proc_rom.cc:155:do_switch$48$rdmux[0][6][60]$a$672 [5] 1'1         
$memory$auto$proc_rom.cc:155:do_switch$48$rdmux[0][6][60]$a$672 [1]             
$memory$auto$proc_rom.cc:155:do_switch$48$rdmux[0][6][60]$a$672 [1] 1'1 }       
    Consolidated identical input bits for $mux cell                             
$memory$auto$proc_rom.cc:155:do_switch$48$rdmux[0][7][119]$1040:                
      Old ports: A=12'110010010101, B=12'110011000010,                          
Y=$memory$auto$proc_rom.cc:155:do_switch$48$rdmux[0][6][59]$b$670               
      New ports: A=2'01, B=2'10,                                                
Y=$memory$auto$proc_rom.cc:155:do_switch$48$rdmux[0][6][59]$b$670 [1:0]         
      New connections:                                                          
$memory$auto$proc_rom.cc:155:do_switch$48$rdmux[0][6][59]$b$670 [11:2] = {      
5'11001 $memory$auto$proc_rom.cc:155:do_switch$48$rdmux[0][6][59]$b$670 [1] 1'0 
$memory$auto$proc_rom.cc:155:do_switch$48$rdmux[0][6][59]$b$670 [0] 1'0         
$memory$auto$proc_rom.cc:155:do_switch$48$rdmux[0][6][59]$b$670 [0] }           
    Consolidated identical input bits for $mux cell                             
$memory$auto$proc_rom.cc:155:do_switch$48$rdmux[0][7][118]$1037:                
      Old ports: A=12'110000111011, B=12'110001101000,                          
Y=$memory$auto$proc_rom.cc:155:do_switch$48$rdmux[0][6][59]$a$669               
      New ports: A=2'01, B=2'10, Y={                                            
$memory$auto$proc_rom.cc:155:do_switch$48$rdmux[0][6][59]$a$669 [6]             
$memory$auto$proc_rom.cc:155:do_switch$48$rdmux[0][6][59]$a$669 [0] }           
      New connections: {                                                        
$memory$auto$proc_rom.cc:155:do_switch$48$rdmux[0][6][59]$a$669 [11:7]          
$memory$auto$proc_rom.cc:155:do_switch$48$rdmux[0][6][59]$a$669 [5:1] } = {     
6'110001 $memory$auto$proc_rom.cc:155:do_switch$48$rdmux[0][6][59]$a$669 [0]    
2'10 $memory$auto$proc_rom.cc:155:do_switch$48$rdmux[0][6][59]$a$669 [0] }      
    Consolidated identical input bits for $mux cell                             
$memory$auto$proc_rom.cc:155:do_switch$48$rdmux[0][7][117]$1034:                
      Old ports: A=12'101111100100, B=12'110000001111,                          
Y=$memory$auto$proc_rom.cc:155:do_switch$48$rdmux[0][6][58]$b$667               
      New ports: A=2'10, B=2'01, Y={                                            
$memory$auto$proc_rom.cc:155:do_switch$48$rdmux[0][6][58]$b$667 [5]             
$memory$auto$proc_rom.cc:155:do_switch$48$rdmux[0][6][58]$b$667 [0] }           
      New connections: {                                                        
$memory$auto$proc_rom.cc:155:do_switch$48$rdmux[0][6][58]$b$667 [11:6]          
$memory$auto$proc_rom.cc:155:do_switch$48$rdmux[0][6][58]$b$667 [4:1] } = { 1'1 
$memory$auto$proc_rom.cc:155:do_switch$48$rdmux[0][6][58]$b$667 [0]             
$memory$auto$proc_rom.cc:155:do_switch$48$rdmux[0][6][58]$b$667 [5]             
$memory$auto$proc_rom.cc:155:do_switch$48$rdmux[0][6][58]$b$667 [5]             
$memory$auto$proc_rom.cc:155:do_switch$48$rdmux[0][6][58]$b$667 [5]             
$memory$auto$proc_rom.cc:155:do_switch$48$rdmux[0][6][58]$b$667 [5] 1'0         
$memory$auto$proc_rom.cc:155:do_switch$48$rdmux[0][6][58]$b$667 [0] 1'1         
$memory$auto$proc_rom.cc:155:do_switch$48$rdmux[0][6][58]$b$667 [0] }           
    Consolidated identical input bits for $mux cell                             
$memory$auto$proc_rom.cc:155:do_switch$48$rdmux[0][7][116]$1031:                
      Old ports: A=12'101110001111, B=12'101110111001,                          
Y=$memory$auto$proc_rom.cc:155:do_switch$48$rdmux[0][6][58]$a$666               
      New ports: A=2'01, B=2'10, Y={                                            
$memory$auto$proc_rom.cc:155:do_switch$48$rdmux[0][6][58]$a$666 [4]             
$memory$auto$proc_rom.cc:155:do_switch$48$rdmux[0][6][58]$a$666 [1] }           
      New connections: {                                                        
$memory$auto$proc_rom.cc:155:do_switch$48$rdmux[0][6][58]$a$666 [11:5]          
$memory$auto$proc_rom.cc:155:do_switch$48$rdmux[0][6][58]$a$666 [3:2]           
$memory$auto$proc_rom.cc:155:do_switch$48$rdmux[0][6][58]$a$666 [0] } = {       
6'101110 $memory$auto$proc_rom.cc:155:do_switch$48$rdmux[0][6][58]$a$666 [4] 1'1
$memory$auto$proc_rom.cc:155:do_switch$48$rdmux[0][6][58]$a$666 [1] 1'1 }       
    Consolidated identical input bits for $mux cell                             
$memory$auto$proc_rom.cc:155:do_switch$48$rdmux[0][7][115]$1028:                
      Old ports: A=12'101100111101, B=12'101101100101,                          
Y=$memory$auto$proc_rom.cc:155:do_switch$48$rdmux[0][6][57]$b$664               
      New ports: A=2'01, B=2'10, Y={                                            
$memory$auto$proc_rom.cc:155:do_switch$48$rdmux[0][6][57]$b$664 [6]             
$memory$auto$proc_rom.cc:155:do_switch$48$rdmux[0][6][57]$b$664 [3] }           
      New connections: {                                                        
$memory$auto$proc_rom.cc:155:do_switch$48$rdmux[0][6][57]$b$664 [11:7]          
$memory$auto$proc_rom.cc:155:do_switch$48$rdmux[0][6][57]$b$664 [5:4]           
$memory$auto$proc_rom.cc:155:do_switch$48$rdmux[0][6][57]$b$664 [2:0] } = {     
6'101101 $memory$auto$proc_rom.cc:155:do_switch$48$rdmux[0][6][57]$b$664 [3]    
3'101 }                                                                         
    Consolidated identical input bits for $mux cell                             
$memory$auto$proc_rom.cc:155:do_switch$48$rdmux[0][7][114]$1025:                
      Old ports: A=12'101011101101, B=12'101100010101,                          
Y=$memory$auto$proc_rom.cc:155:do_switch$48$rdmux[0][6][57]$a$663               
      New ports: A=2'01, B=2'10,                                                
Y=$memory$auto$proc_rom.cc:155:do_switch$48$rdmux[0][6][57]$a$663 [4:3]         
      New connections: {                                                        
$memory$auto$proc_rom.cc:155:do_switch$48$rdmux[0][6][57]$a$663 [11:5]          
$memory$auto$proc_rom.cc:155:do_switch$48$rdmux[0][6][57]$a$663 [2:0] } = {     
3'101 $memory$auto$proc_rom.cc:155:do_switch$48$rdmux[0][6][57]$a$663 [4:3]     
$memory$auto$proc_rom.cc:155:do_switch$48$rdmux[0][6][57]$a$663 [3]             
$memory$auto$proc_rom.cc:155:do_switch$48$rdmux[0][6][57]$a$663 [3] 3'101 }     
    Consolidated identical input bits for $mux cell                             
$memory$auto$proc_rom.cc:155:do_switch$48$rdmux[0][7][113]$1022:                
      Old ports: A=12'101010100001, B=12'101011000111,                          
Y=$memory$auto$proc_rom.cc:155:do_switch$48$rdmux[0][6][56]$b$661               
      New ports: A=2'10, B=2'01, Y={                                            
$memory$auto$proc_rom.cc:155:do_switch$48$rdmux[0][6][56]$b$661 [5]             
$memory$auto$proc_rom.cc:155:do_switch$48$rdmux[0][6][56]$b$661 [1] }           
      New connections: {                                                        
$memory$auto$proc_rom.cc:155:do_switch$48$rdmux[0][6][56]$b$661 [11:6]          
$memory$auto$proc_rom.cc:155:do_switch$48$rdmux[0][6][56]$b$661 [4:2]           
$memory$auto$proc_rom.cc:155:do_switch$48$rdmux[0][6][56]$b$661 [0] } = {       
5'10101 $memory$auto$proc_rom.cc:155:do_switch$48$rdmux[0][6][56]$b$661 [1] 2'00
$memory$auto$proc_rom.cc:155:do_switch$48$rdmux[0][6][56]$b$661 [1] 1'1 }       
    Consolidated identical input bits for $mux cell                             
$memory$auto$proc_rom.cc:155:do_switch$48$rdmux[0][7][112]$1019:                
      Old ports: A=12'101001011001, B=12'101001111101,                          
Y=$memory$auto$proc_rom.cc:155:do_switch$48$rdmux[0][6][56]$a$660               
      New ports: A=1'0, B=1'1,                                                  
Y=$memory$auto$proc_rom.cc:155:do_switch$48$rdmux[0][6][56]$a$660 [2]           
      New connections: {                                                        
$memory$auto$proc_rom.cc:155:do_switch$48$rdmux[0][6][56]$a$660 [11:3]          
$memory$auto$proc_rom.cc:155:do_switch$48$rdmux[0][6][56]$a$660 [1:0] } = {     
6'101001 $memory$auto$proc_rom.cc:155:do_switch$48$rdmux[0][6][56]$a$660 [2]    
4'1101 }                                                                        
    Consolidated identical input bits for $mux cell                             
$memory$auto$proc_rom.cc:155:do_switch$48$rdmux[0][7][111]$1016:                
      Old ports: A=12'101000010011, B=12'101000110101,                          
Y=$memory$auto$proc_rom.cc:155:do_switch$48$rdmux[0][6][55]$b$658               
      New ports: A=2'01, B=2'10,                                                
Y=$memory$auto$proc_rom.cc:155:do_switch$48$rdmux[0][6][55]$b$658 [2:1]         
      New connections: {                                                        
$memory$auto$proc_rom.cc:155:do_switch$48$rdmux[0][6][55]$b$658 [11:3]          
$memory$auto$proc_rom.cc:155:do_switch$48$rdmux[0][6][55]$b$658 [0] } = {       
6'101000 $memory$auto$proc_rom.cc:155:do_switch$48$rdmux[0][6][55]$b$658 [2]    
3'101 }                                                                         
    Consolidated identical input bits for $mux cell                             
$memory$auto$proc_rom.cc:155:do_switch$48$rdmux[0][7][110]$1013:                
      Old ports: A=12'100111010010, B=12'100111110010,                          
Y=$memory$auto$proc_rom.cc:155:do_switch$48$rdmux[0][6][55]$a$657               
      New ports: A=1'0, B=1'1,                                                  
Y=$memory$auto$proc_rom.cc:155:do_switch$48$rdmux[0][6][55]$a$657 [5]           
      New connections: {                                                        
$memory$auto$proc_rom.cc:155:do_switch$48$rdmux[0][6][55]$a$657 [11:6]          
$memory$auto$proc_rom.cc:155:do_switch$48$rdmux[0][6][55]$a$657 [4:0] } =       
11'10011110010                                                                  
    Consolidated identical input bits for $mux cell                             
$memory$auto$proc_rom.cc:155:do_switch$48$rdmux[0][7][109]$1010:                
      Old ports: A=12'100110010100, B=12'100110110010,                          
Y=$memory$auto$proc_rom.cc:155:do_switch$48$rdmux[0][6][54]$b$655               
      New ports: A=2'10, B=2'01,                                                
Y=$memory$auto$proc_rom.cc:155:do_switch$48$rdmux[0][6][54]$b$655 [2:1]         
      New connections: {                                                        
$memory$auto$proc_rom.cc:155:do_switch$48$rdmux[0][6][54]$b$655 [11:3]          
$memory$auto$proc_rom.cc:155:do_switch$48$rdmux[0][6][54]$b$655 [0] } = {       
6'100110 $memory$auto$proc_rom.cc:155:do_switch$48$rdmux[0][6][54]$b$655 [1]    
3'100 }                                                                         
    Consolidated identical input bits for $mux cell                             
$memory$auto$proc_rom.cc:155:do_switch$48$rdmux[0][7][108]$1007:                
      Old ports: A=12'100101011010, B=12'100101110110,                          
Y=$memory$auto$proc_rom.cc:155:do_switch$48$rdmux[0][6][54]$a$654               
      New ports: A=2'10, B=2'01,                                                
Y=$memory$auto$proc_rom.cc:155:do_switch$48$rdmux[0][6][54]$a$654 [3:2]         
      New connections: {                                                        
$memory$auto$proc_rom.cc:155:do_switch$48$rdmux[0][6][54]$a$654 [11:4]          
$memory$auto$proc_rom.cc:155:do_switch$48$rdmux[0][6][54]$a$654 [1:0] } = {     
6'100101 $memory$auto$proc_rom.cc:155:do_switch$48$rdmux[0][6][54]$a$654 [2]    
3'110 }                                                                         
    Consolidated identical input bits for $mux cell                             
$memory$auto$proc_rom.cc:155:do_switch$48$rdmux[0][7][107]$1004:                
      Old ports: A=12'100100100100, B=12'100100111111,                          
Y=$memory$auto$proc_rom.cc:155:do_switch$48$rdmux[0][6][53]$b$652               
      New ports: A=1'0, B=1'1,                                                  
Y=$memory$auto$proc_rom.cc:155:do_switch$48$rdmux[0][6][53]$b$652 [0]           
      New connections:                                                          
$memory$auto$proc_rom.cc:155:do_switch$48$rdmux[0][6][53]$b$652 [11:1] = {      
7'1001001 $memory$auto$proc_rom.cc:155:do_switch$48$rdmux[0][6][53]$b$652 [0]   
$memory$auto$proc_rom.cc:155:do_switch$48$rdmux[0][6][53]$b$652 [0] 1'1         
$memory$auto$proc_rom.cc:155:do_switch$48$rdmux[0][6][53]$b$652 [0] }           
    Consolidated identical input bits for $mux cell                             
$memory$auto$proc_rom.cc:155:do_switch$48$rdmux[0][7][106]$1001:                
      Old ports: A=12'100011110011, B=12'100100001011,                          
Y=$memory$auto$proc_rom.cc:155:do_switch$48$rdmux[0][6][53]$a$651               
      New ports: A=2'10, B=2'01,                                                
Y=$memory$auto$proc_rom.cc:155:do_switch$48$rdmux[0][6][53]$a$651 [4:3]         
      New connections: {                                                        
$memory$auto$proc_rom.cc:155:do_switch$48$rdmux[0][6][53]$a$651 [11:5]          
$memory$auto$proc_rom.cc:155:do_switch$48$rdmux[0][6][53]$a$651 [2:0] } = {     
3'100 $memory$auto$proc_rom.cc:155:do_switch$48$rdmux[0][6][53]$a$651 [3]       
$memory$auto$proc_rom.cc:155:do_switch$48$rdmux[0][6][53]$a$651 [4]             
$memory$auto$proc_rom.cc:155:do_switch$48$rdmux[0][6][53]$a$651 [4]             
$memory$auto$proc_rom.cc:155:do_switch$48$rdmux[0][6][53]$a$651 [4] 3'011 }     
    Consolidated identical input bits for $mux cell                             
$memory$auto$proc_rom.cc:155:do_switch$48$rdmux[0][7][105]$998:                 
      Old ports: A=12'100011000110, B=12'100011011100,                          
Y=$memory$auto$proc_rom.cc:155:do_switch$48$rdmux[0][6][52]$b$649               
      New ports: A=2'01, B=2'10, Y={                                            
$memory$auto$proc_rom.cc:155:do_switch$48$rdmux[0][6][52]$b$649 [3]             
$memory$auto$proc_rom.cc:155:do_switch$48$rdmux[0][6][52]$b$649 [1] }           
      New connections: {                                                        
$memory$auto$proc_rom.cc:155:do_switch$48$rdmux[0][6][52]$b$649 [11:4]          
$memory$auto$proc_rom.cc:155:do_switch$48$rdmux[0][6][52]$b$649 [2]             
$memory$auto$proc_rom.cc:155:do_switch$48$rdmux[0][6][52]$b$649 [0] } = {       
7'1000110 $memory$auto$proc_rom.cc:155:do_switch$48$rdmux[0][6][52]$b$649 [3]   
2'10 }                                                                          
    Consolidated identical input bits for $mux cell                             
$memory$auto$proc_rom.cc:155:do_switch$48$rdmux[0][7][104]$995:                 
      Old ports: A=12'100010011101, B=12'100010110001,                          
Y=$memory$auto$proc_rom.cc:155:do_switch$48$rdmux[0][6][52]$a$648               
      New ports: A=2'01, B=2'10, Y={                                            
$memory$auto$proc_rom.cc:155:do_switch$48$rdmux[0][6][52]$a$648 [5]             
$memory$auto$proc_rom.cc:155:do_switch$48$rdmux[0][6][52]$a$648 [2] }           
      New connections: {                                                        
$memory$auto$proc_rom.cc:155:do_switch$48$rdmux[0][6][52]$a$648 [11:6]          
$memory$auto$proc_rom.cc:155:do_switch$48$rdmux[0][6][52]$a$648 [4:3]           
$memory$auto$proc_rom.cc:155:do_switch$48$rdmux[0][6][52]$a$648 [1:0] } = {     
7'1000101 $memory$auto$proc_rom.cc:155:do_switch$48$rdmux[0][6][52]$a$648 [2]   
2'01 }                                                                          
    Consolidated identical input bits for $mux cell                             
$memory$auto$proc_rom.cc:155:do_switch$48$rdmux[0][7][103]$992:                 
      Old ports: A=12'100001111001, B=12'100010001010,                          
Y=$memory$auto$proc_rom.cc:155:do_switch$48$rdmux[0][6][51]$b$646               
      New ports: A=2'01, B=2'10,                                                
Y=$memory$auto$proc_rom.cc:155:do_switch$48$rdmux[0][6][51]$b$646 [1:0]         
      New connections:                                                          
$memory$auto$proc_rom.cc:155:do_switch$48$rdmux[0][6][51]$b$646 [11:2] = {      
4'1000 $memory$auto$proc_rom.cc:155:do_switch$48$rdmux[0][6][51]$b$646 [1:0]    
$memory$auto$proc_rom.cc:155:do_switch$48$rdmux[0][6][51]$b$646 [0]             
$memory$auto$proc_rom.cc:155:do_switch$48$rdmux[0][6][51]$b$646 [0] 2'10 }      
    Consolidated identical input bits for $mux cell                             
$memory$auto$proc_rom.cc:155:do_switch$48$rdmux[0][7][102]$989:                 
      Old ports: A=12'100001011001, B=12'100001101000,                          
Y=$memory$auto$proc_rom.cc:155:do_switch$48$rdmux[0][6][51]$a$645               
      New ports: A=2'01, B=2'10, Y={                                            
$memory$auto$proc_rom.cc:155:do_switch$48$rdmux[0][6][51]$a$645 [5]             
$memory$auto$proc_rom.cc:155:do_switch$48$rdmux[0][6][51]$a$645 [0] }           
      New connections: {                                                        
$memory$auto$proc_rom.cc:155:do_switch$48$rdmux[0][6][51]$a$645 [11:6]          
$memory$auto$proc_rom.cc:155:do_switch$48$rdmux[0][6][51]$a$645 [4:1] } = {     
6'100001 $memory$auto$proc_rom.cc:155:do_switch$48$rdmux[0][6][51]$a$645 [0]    
3'100 }                                                                         
    Consolidated identical input bits for $mux cell                             
$memory$auto$proc_rom.cc:155:do_switch$48$rdmux[0][7][101]$986:                 
      Old ports: A=12'100000111110, B=12'100001001011,                          
Y=$memory$auto$proc_rom.cc:155:do_switch$48$rdmux[0][6][50]$b$643               
      New ports: A=2'10, B=2'01, Y={                                            
$memory$auto$proc_rom.cc:155:do_switch$48$rdmux[0][6][50]$b$643 [2]             
$memory$auto$proc_rom.cc:155:do_switch$48$rdmux[0][6][50]$b$643 [0] }           
      New connections: {                                                        
$memory$auto$proc_rom.cc:155:do_switch$48$rdmux[0][6][50]$b$643 [11:3]          
$memory$auto$proc_rom.cc:155:do_switch$48$rdmux[0][6][50]$b$643 [1] } = {       
5'10000 $memory$auto$proc_rom.cc:155:do_switch$48$rdmux[0][6][50]$b$643 [0]     
$memory$auto$proc_rom.cc:155:do_switch$48$rdmux[0][6][50]$b$643 [2]             
$memory$auto$proc_rom.cc:155:do_switch$48$rdmux[0][6][50]$b$643 [2] 2'11 }      
    Consolidated identical input bits for $mux cell                             
$memory$auto$proc_rom.cc:155:do_switch$48$rdmux[0][7][100]$983:                 
      Old ports: A=12'100000101000, B=12'100000110011,                          
Y=$memory$auto$proc_rom.cc:155:do_switch$48$rdmux[0][6][50]$a$642               
      New ports: A=2'10, B=2'01, Y={                                            
$memory$auto$proc_rom.cc:155:do_switch$48$rdmux[0][6][50]$a$642 [3]             
$memory$auto$proc_rom.cc:155:do_switch$48$rdmux[0][6][50]$a$642 [0] }           
      New connections: {                                                        
$memory$auto$proc_rom.cc:155:do_switch$48$rdmux[0][6][50]$a$642 [11:4]          
$memory$auto$proc_rom.cc:155:do_switch$48$rdmux[0][6][50]$a$642 [2:1] } = {     
7'1000001 $memory$auto$proc_rom.cc:155:do_switch$48$rdmux[0][6][50]$a$642 [0]   
1'0 $memory$auto$proc_rom.cc:155:do_switch$48$rdmux[0][6][50]$a$642 [0] }       
    Consolidated identical input bits for $mux cell                             
$memory$auto$proc_rom.cc:155:do_switch$48$rdmux[0][7][99]$980:                  
      Old ports: A=12'100000010111, B=12'100000011111,                          
Y=$memory$auto$proc_rom.cc:155:do_switch$48$rdmux[0][6][49]$b$640               
      New ports: A=1'0, B=1'1,                                                  
Y=$memory$auto$proc_rom.cc:155:do_switch$48$rdmux[0][6][49]$b$640 [3]           
      New connections: {                                                        
$memory$auto$proc_rom.cc:155:do_switch$48$rdmux[0][6][49]$b$640 [11:4]          
$memory$auto$proc_rom.cc:155:do_switch$48$rdmux[0][6][49]$b$640 [2:0] } =       
11'10000001111                                                                  
    Consolidated identical input bits for $mux cell                             
$memory$auto$proc_rom.cc:155:do_switch$48$rdmux[0][7][98]$977:                  
      Old ports: A=12'100000001011, B=12'100000010000,                          
Y=$memory$auto$proc_rom.cc:155:do_switch$48$rdmux[0][6][49]$a$639               
      New ports: A=2'01, B=2'10, Y={                                            
$memory$auto$proc_rom.cc:155:do_switch$48$rdmux[0][6][49]$a$639 [4]             
$memory$auto$proc_rom.cc:155:do_switch$48$rdmux[0][6][49]$a$639 [0] }           
      New connections: {                                                        
$memory$auto$proc_rom.cc:155:do_switch$48$rdmux[0][6][49]$a$639 [11:5]          
$memory$auto$proc_rom.cc:155:do_switch$48$rdmux[0][6][49]$a$639 [3:1] } = {     
7'1000000 $memory$auto$proc_rom.cc:155:do_switch$48$rdmux[0][6][49]$a$639 [0]   
1'0 $memory$auto$proc_rom.cc:155:do_switch$48$rdmux[0][6][49]$a$639 [0] }       
    Consolidated identical input bits for $mux cell                             
$memory$auto$proc_rom.cc:155:do_switch$48$rdmux[0][7][97]$974:                  
      Old ports: A=12'100000000011, B=12'100000000111,                          
Y=$memory$auto$proc_rom.cc:155:do_switch$48$rdmux[0][6][48]$b$637               
      New ports: A=1'0, B=1'1,                                                  
Y=$memory$auto$proc_rom.cc:155:do_switch$48$rdmux[0][6][48]$b$637 [2]           
      New connections: {                                                        
$memory$auto$proc_rom.cc:155:do_switch$48$rdmux[0][6][48]$b$637 [11:3]          
$memory$auto$proc_rom.cc:155:do_switch$48$rdmux[0][6][48]$b$637 [1:0] } =       
11'10000000011                                                                  
    Consolidated identical input bits for $mux cell                             
$memory$auto$proc_rom.cc:155:do_switch$48$rdmux[0][7][96]$971:                  
      Old ports: A=12'100000000001, B=12'100000000010,                          
Y=$memory$auto$proc_rom.cc:155:do_switch$48$rdmux[0][6][48]$a$636               
      New ports: A=2'01, B=2'10,                                                
Y=$memory$auto$proc_rom.cc:155:do_switch$48$rdmux[0][6][48]$a$636 [1:0]         
      New connections:                                                          
$memory$auto$proc_rom.cc:155:do_switch$48$rdmux[0][6][48]$a$636 [11:2] =        
10'1000000000                                                                   
    Consolidated identical input bits for $mux cell                             
$memory$auto$proc_rom.cc:155:do_switch$48$rdmux[0][7][95]$968:                  
      Old ports: A=12'100000000011, B=12'100000000010,                          
Y=$memory$auto$proc_rom.cc:155:do_switch$48$rdmux[0][6][47]$b$634               
      New ports: A=1'1, B=1'0,                                                  
Y=$memory$auto$proc_rom.cc:155:do_switch$48$rdmux[0][6][47]$b$634 [0]           
      New connections:                                                          
$memory$auto$proc_rom.cc:155:do_switch$48$rdmux[0][6][47]$b$634 [11:1] =        
11'10000000001                                                                  
    Consolidated identical input bits for $mux cell                             
$memory$auto$proc_rom.cc:155:do_switch$48$rdmux[0][7][94]$965:                  
      Old ports: A=12'100000001011, B=12'100000000111,                          
Y=$memory$auto$proc_rom.cc:155:do_switch$48$rdmux[0][6][47]$a$633               
      New ports: A=2'10, B=2'01,                                                
Y=$memory$auto$proc_rom.cc:155:do_switch$48$rdmux[0][6][47]$a$633 [3:2]         
      New connections: {                                                        
$memory$auto$proc_rom.cc:155:do_switch$48$rdmux[0][6][47]$a$633 [11:4]          
$memory$auto$proc_rom.cc:155:do_switch$48$rdmux[0][6][47]$a$633 [1:0] } =       
10'1000000011                                                                   
    Consolidated identical input bits for $mux cell                             
$memory$auto$proc_rom.cc:155:do_switch$48$rdmux[0][7][93]$962:                  
      Old ports: A=12'100000010111, B=12'100000010000,                          
Y=$memory$auto$proc_rom.cc:155:do_switch$48$rdmux[0][6][46]$b$631               
      New ports: A=1'1, B=1'0,                                                  
Y=$memory$auto$proc_rom.cc:155:do_switch$48$rdmux[0][6][46]$b$631 [0]           
      New connections:                                                          
$memory$auto$proc_rom.cc:155:do_switch$48$rdmux[0][6][46]$b$631 [11:1] = {      
9'100000010 $memory$auto$proc_rom.cc:155:do_switch$48$rdmux[0][6][46]$b$631 [0] 
$memory$auto$proc_rom.cc:155:do_switch$48$rdmux[0][6][46]$b$631 [0] }           
    Consolidated identical input bits for $mux cell                             
$memory$auto$proc_rom.cc:155:do_switch$48$rdmux[0][7][92]$959:                  
      Old ports: A=12'100000101000, B=12'100000011111,                          
Y=$memory$auto$proc_rom.cc:155:do_switch$48$rdmux[0][6][46]$a$630               
      New ports: A=2'10, B=2'01, Y={                                            
$memory$auto$proc_rom.cc:155:do_switch$48$rdmux[0][6][46]$a$630 [5]             
$memory$auto$proc_rom.cc:155:do_switch$48$rdmux[0][6][46]$a$630 [0] }           
      New connections: {                                                        
$memory$auto$proc_rom.cc:155:do_switch$48$rdmux[0][6][46]$a$630 [11:6]          
$memory$auto$proc_rom.cc:155:do_switch$48$rdmux[0][6][46]$a$630 [4:1] } = {     
6'100000 $memory$auto$proc_rom.cc:155:do_switch$48$rdmux[0][6][46]$a$630 [0] 1'1
$memory$auto$proc_rom.cc:155:do_switch$48$rdmux[0][6][46]$a$630 [0]             
$memory$auto$proc_rom.cc:155:do_switch$48$rdmux[0][6][46]$a$630 [0] }           
    Consolidated identical input bits for $mux cell                             
$memory$auto$proc_rom.cc:155:do_switch$48$rdmux[0][7][91]$956:                  
      Old ports: A=12'100000111110, B=12'100000110011,                          
Y=$memory$auto$proc_rom.cc:155:do_switch$48$rdmux[0][6][45]$b$628               
      New ports: A=2'10, B=2'01, Y={                                            
$memory$auto$proc_rom.cc:155:do_switch$48$rdmux[0][6][45]$b$628 [2]             
$memory$auto$proc_rom.cc:155:do_switch$48$rdmux[0][6][45]$b$628 [0] }           
      New connections: {                                                        
$memory$auto$proc_rom.cc:155:do_switch$48$rdmux[0][6][45]$b$628 [11:3]          
$memory$auto$proc_rom.cc:155:do_switch$48$rdmux[0][6][45]$b$628 [1] } = {       
8'10000011 $memory$auto$proc_rom.cc:155:do_switch$48$rdmux[0][6][45]$b$628 [2]  
1'1 }                                                                           
    Consolidated identical input bits for $mux cell                             
$memory$auto$proc_rom.cc:155:do_switch$48$rdmux[0][7][90]$953:                  
      Old ports: A=12'100001011001, B=12'100001001011,                          
Y=$memory$auto$proc_rom.cc:155:do_switch$48$rdmux[0][6][45]$a$627               
      New ports: A=2'10, B=2'01, Y={                                            
$memory$auto$proc_rom.cc:155:do_switch$48$rdmux[0][6][45]$a$627 [4]             
$memory$auto$proc_rom.cc:155:do_switch$48$rdmux[0][6][45]$a$627 [1] }           
      New connections: {                                                        
$memory$auto$proc_rom.cc:155:do_switch$48$rdmux[0][6][45]$a$627 [11:5]          
$memory$auto$proc_rom.cc:155:do_switch$48$rdmux[0][6][45]$a$627 [3:2]           
$memory$auto$proc_rom.cc:155:do_switch$48$rdmux[0][6][45]$a$627 [0] } =         
10'1000010101                                                                   
    Consolidated identical input bits for $mux cell                             
$memory$auto$proc_rom.cc:155:do_switch$48$rdmux[0][7][89]$950:                  
      Old ports: A=12'100001111001, B=12'100001101000,                          
Y=$memory$auto$proc_rom.cc:155:do_switch$48$rdmux[0][6][44]$b$625               
      New ports: A=1'1, B=1'0,                                                  
Y=$memory$auto$proc_rom.cc:155:do_switch$48$rdmux[0][6][44]$b$625 [0]           
      New connections:                                                          
$memory$auto$proc_rom.cc:155:do_switch$48$rdmux[0][6][44]$b$625 [11:1] = {      
7'1000011 $memory$auto$proc_rom.cc:155:do_switch$48$rdmux[0][6][44]$b$625 [0]   
3'100 }                                                                         
    Consolidated identical input bits for $mux cell                             
$memory$auto$proc_rom.cc:155:do_switch$48$rdmux[0][7][88]$947:                  
      Old ports: A=12'100010011101, B=12'100010001010,                          
Y=$memory$auto$proc_rom.cc:155:do_switch$48$rdmux[0][6][44]$a$624               
      New ports: A=2'01, B=2'10,                                                
Y=$memory$auto$proc_rom.cc:155:do_switch$48$rdmux[0][6][44]$a$624 [1:0]         
      New connections:                                                          
$memory$auto$proc_rom.cc:155:do_switch$48$rdmux[0][6][44]$a$624 [11:2] = {      
7'1000100 $memory$auto$proc_rom.cc:155:do_switch$48$rdmux[0][6][44]$a$624 [0]   
1'1 $memory$auto$proc_rom.cc:155:do_switch$48$rdmux[0][6][44]$a$624 [0] }       
    Consolidated identical input bits for $mux cell                             
$memory$auto$proc_rom.cc:155:do_switch$48$rdmux[0][7][87]$944:                  
      Old ports: A=12'100011000110, B=12'100010110001,                          
Y=$memory$auto$proc_rom.cc:155:do_switch$48$rdmux[0][6][43]$b$622               
      New ports: A=2'10, B=2'01,                                                
Y=$memory$auto$proc_rom.cc:155:do_switch$48$rdmux[0][6][43]$b$622 [1:0]         
      New connections:                                                          
$memory$auto$proc_rom.cc:155:do_switch$48$rdmux[0][6][43]$b$622 [11:2] = {      
5'10001 $memory$auto$proc_rom.cc:155:do_switch$48$rdmux[0][6][43]$b$622 [1:0]   
$memory$auto$proc_rom.cc:155:do_switch$48$rdmux[0][6][43]$b$622 [0] 1'0         
$memory$auto$proc_rom.cc:155:do_switch$48$rdmux[0][6][43]$b$622 [1] }           
    Consolidated identical input bits for $mux cell                             
$memory$auto$proc_rom.cc:155:do_switch$48$rdmux[0][7][86]$941:                  
      Old ports: A=12'100011110011, B=12'100011011100,                          
Y=$memory$auto$proc_rom.cc:155:do_switch$48$rdmux[0][6][43]$a$621               
      New ports: A=2'01, B=2'10, Y={                                            
$memory$auto$proc_rom.cc:155:do_switch$48$rdmux[0][6][43]$a$621 [2]             
$memory$auto$proc_rom.cc:155:do_switch$48$rdmux[0][6][43]$a$621 [0] }           
      New connections: {                                                        
$memory$auto$proc_rom.cc:155:do_switch$48$rdmux[0][6][43]$a$621 [11:3]          
$memory$auto$proc_rom.cc:155:do_switch$48$rdmux[0][6][43]$a$621 [1] } = {       
6'100011 $memory$auto$proc_rom.cc:155:do_switch$48$rdmux[0][6][43]$a$621 [0] 1'1
$memory$auto$proc_rom.cc:155:do_switch$48$rdmux[0][6][43]$a$621 [2]             
$memory$auto$proc_rom.cc:155:do_switch$48$rdmux[0][6][43]$a$621 [0] }           
    Consolidated identical input bits for $mux cell                             
$memory$auto$proc_rom.cc:155:do_switch$48$rdmux[0][7][85]$938:                  
      Old ports: A=12'100100100100, B=12'100100001011,                          
Y=$memory$auto$proc_rom.cc:155:do_switch$48$rdmux[0][6][42]$b$619               
      New ports: A=2'10, B=2'01, Y={                                            
$memory$auto$proc_rom.cc:155:do_switch$48$rdmux[0][6][42]$b$619 [2]             
$memory$auto$proc_rom.cc:155:do_switch$48$rdmux[0][6][42]$b$619 [0] }           
      New connections: {                                                        
$memory$auto$proc_rom.cc:155:do_switch$48$rdmux[0][6][42]$b$619 [11:3]          
$memory$auto$proc_rom.cc:155:do_switch$48$rdmux[0][6][42]$b$619 [1] } = {       
6'100100 $memory$auto$proc_rom.cc:155:do_switch$48$rdmux[0][6][42]$b$619 [2] 1'0
$memory$auto$proc_rom.cc:155:do_switch$48$rdmux[0][6][42]$b$619 [0]             
$memory$auto$proc_rom.cc:155:do_switch$48$rdmux[0][6][42]$b$619 [0] }           
    Consolidated identical input bits for $mux cell                             
$memory$auto$proc_rom.cc:155:do_switch$48$rdmux[0][7][84]$935:                  
      Old ports: A=12'100101011010, B=12'100100111111,                          
Y=$memory$auto$proc_rom.cc:155:do_switch$48$rdmux[0][6][42]$a$618               
      New ports: A=2'10, B=2'01, Y={                                            
$memory$auto$proc_rom.cc:155:do_switch$48$rdmux[0][6][42]$a$618 [6]             
$memory$auto$proc_rom.cc:155:do_switch$48$rdmux[0][6][42]$a$618 [0] }           
      New connections: {                                                        
$memory$auto$proc_rom.cc:155:do_switch$48$rdmux[0][6][42]$a$618 [11:7]          
$memory$auto$proc_rom.cc:155:do_switch$48$rdmux[0][6][42]$a$618 [5:1] } = {     
5'10010 $memory$auto$proc_rom.cc:155:do_switch$48$rdmux[0][6][42]$a$618 [0] 2'11
$memory$auto$proc_rom.cc:155:do_switch$48$rdmux[0][6][42]$a$618 [0] 1'1 }       
    Consolidated identical input bits for $mux cell                             
$memory$auto$proc_rom.cc:155:do_switch$48$rdmux[0][7][83]$932:                  
      Old ports: A=12'100110010100, B=12'100101110110,                          
Y=$memory$auto$proc_rom.cc:155:do_switch$48$rdmux[0][6][41]$b$616               
      New ports: A=2'10, B=2'01, Y={                                            
$memory$auto$proc_rom.cc:155:do_switch$48$rdmux[0][6][41]$b$616 [7]             
$memory$auto$proc_rom.cc:155:do_switch$48$rdmux[0][6][41]$b$616 [1] }           
      New connections: {                                                        
$memory$auto$proc_rom.cc:155:do_switch$48$rdmux[0][6][41]$b$616 [11:8]          
$memory$auto$proc_rom.cc:155:do_switch$48$rdmux[0][6][41]$b$616 [6:2]           
$memory$auto$proc_rom.cc:155:do_switch$48$rdmux[0][6][41]$b$616 [0] } = { 4'1001
$memory$auto$proc_rom.cc:155:do_switch$48$rdmux[0][6][41]$b$616 [1]             
$memory$auto$proc_rom.cc:155:do_switch$48$rdmux[0][6][41]$b$616 [1] 4'1010 }    
    Consolidated identical input bits for $mux cell                             
$memory$auto$proc_rom.cc:155:do_switch$48$rdmux[0][7][82]$929:                  
      Old ports: A=12'100111010010, B=12'100110110010,                          
Y=$memory$auto$proc_rom.cc:155:do_switch$48$rdmux[0][6][41]$a$615               
      New ports: A=2'10, B=2'01,                                                
Y=$memory$auto$proc_rom.cc:155:do_switch$48$rdmux[0][6][41]$a$615 [6:5]         
      New connections: {                                                        
$memory$auto$proc_rom.cc:155:do_switch$48$rdmux[0][6][41]$a$615 [11:7]          
$memory$auto$proc_rom.cc:155:do_switch$48$rdmux[0][6][41]$a$615 [4:0] } =       
10'1001110010                                                                   
    Consolidated identical input bits for $mux cell                             
$memory$auto$proc_rom.cc:155:do_switch$48$rdmux[0][7][81]$926:                  
      Old ports: A=12'101000010011, B=12'100111110010,                          
Y=$memory$auto$proc_rom.cc:155:do_switch$48$rdmux[0][6][40]$b$613               
      New ports: A=2'01, B=2'10, Y={                                            
$memory$auto$proc_rom.cc:155:do_switch$48$rdmux[0][6][40]$b$613 [5]             
$memory$auto$proc_rom.cc:155:do_switch$48$rdmux[0][6][40]$b$613 [0] }           
      New connections: {                                                        
$memory$auto$proc_rom.cc:155:do_switch$48$rdmux[0][6][40]$b$613 [11:6]          
$memory$auto$proc_rom.cc:155:do_switch$48$rdmux[0][6][40]$b$613 [4:1] } = { 2'10
$memory$auto$proc_rom.cc:155:do_switch$48$rdmux[0][6][40]$b$613 [0]             
$memory$auto$proc_rom.cc:155:do_switch$48$rdmux[0][6][40]$b$613 [5]             
$memory$auto$proc_rom.cc:155:do_switch$48$rdmux[0][6][40]$b$613 [5]             
$memory$auto$proc_rom.cc:155:do_switch$48$rdmux[0][6][40]$b$613 [5] 4'1001 }    
    Consolidated identical input bits for $mux cell                             
$memory$auto$proc_rom.cc:155:do_switch$48$rdmux[0][7][80]$923:                  
      Old ports: A=12'101001011001, B=12'101000110101,                          
Y=$memory$auto$proc_rom.cc:155:do_switch$48$rdmux[0][6][40]$a$612               
      New ports: A=2'10, B=2'01,                                                
Y=$memory$auto$proc_rom.cc:155:do_switch$48$rdmux[0][6][40]$a$612 [3:2]         
      New connections: {                                                        
$memory$auto$proc_rom.cc:155:do_switch$48$rdmux[0][6][40]$a$612 [11:4]          
$memory$auto$proc_rom.cc:155:do_switch$48$rdmux[0][6][40]$a$612 [1:0] } = {     
5'10100 $memory$auto$proc_rom.cc:155:do_switch$48$rdmux[0][6][40]$a$612 [3:2]   
3'101 }                                                                         
    Consolidated identical input bits for $mux cell                             
$memory$auto$proc_rom.cc:155:do_switch$48$rdmux[0][7][79]$920:                  
      Old ports: A=12'101010100001, B=12'101001111101,                          
Y=$memory$auto$proc_rom.cc:155:do_switch$48$rdmux[0][6][39]$b$610               
      New ports: A=2'10, B=2'01, Y={                                            
$memory$auto$proc_rom.cc:155:do_switch$48$rdmux[0][6][39]$b$610 [7]             
$memory$auto$proc_rom.cc:155:do_switch$48$rdmux[0][6][39]$b$610 [2] }           
      New connections: {                                                        
$memory$auto$proc_rom.cc:155:do_switch$48$rdmux[0][6][39]$b$610 [11:8]          
$memory$auto$proc_rom.cc:155:do_switch$48$rdmux[0][6][39]$b$610 [6:3]           
$memory$auto$proc_rom.cc:155:do_switch$48$rdmux[0][6][39]$b$610 [1:0] } = {     
4'1010 $memory$auto$proc_rom.cc:155:do_switch$48$rdmux[0][6][39]$b$610 [2] 1'1  
$memory$auto$proc_rom.cc:155:do_switch$48$rdmux[0][6][39]$b$610 [2]             
$memory$auto$proc_rom.cc:155:do_switch$48$rdmux[0][6][39]$b$610 [2] 2'01 }      
    Consolidated identical input bits for $mux cell                             
$memory$auto$proc_rom.cc:155:do_switch$48$rdmux[0][7][78]$917:                  
      Old ports: A=12'101011101101, B=12'101011000111,                          
Y=$memory$auto$proc_rom.cc:155:do_switch$48$rdmux[0][6][39]$a$609               
      New ports: A=2'10, B=2'01, Y={                                            
$memory$auto$proc_rom.cc:155:do_switch$48$rdmux[0][6][39]$a$609 [3]             
$memory$auto$proc_rom.cc:155:do_switch$48$rdmux[0][6][39]$a$609 [1] }           
      New connections: {                                                        
$memory$auto$proc_rom.cc:155:do_switch$48$rdmux[0][6][39]$a$609 [11:4]          
$memory$auto$proc_rom.cc:155:do_switch$48$rdmux[0][6][39]$a$609 [2]             
$memory$auto$proc_rom.cc:155:do_switch$48$rdmux[0][6][39]$a$609 [0] } = {       
6'101011 $memory$auto$proc_rom.cc:155:do_switch$48$rdmux[0][6][39]$a$609 [3]    
3'011 }                                                                         
    Consolidated identical input bits for $mux cell                             
$memory$auto$proc_rom.cc:155:do_switch$48$rdmux[0][7][77]$914:                  
      Old ports: A=12'101100111101, B=12'101100010101,                          
Y=$memory$auto$proc_rom.cc:155:do_switch$48$rdmux[0][6][38]$b$607               
      New ports: A=1'1, B=1'0,                                                  
Y=$memory$auto$proc_rom.cc:155:do_switch$48$rdmux[0][6][38]$b$607 [3]           
      New connections: {                                                        
$memory$auto$proc_rom.cc:155:do_switch$48$rdmux[0][6][38]$b$607 [11:4]          
$memory$auto$proc_rom.cc:155:do_switch$48$rdmux[0][6][38]$b$607 [2:0] } = {     
6'101100 $memory$auto$proc_rom.cc:155:do_switch$48$rdmux[0][6][38]$b$607 [3]    
4'1101 }                                                                        
    Consolidated identical input bits for $mux cell                             
$memory$auto$proc_rom.cc:155:do_switch$48$rdmux[0][7][76]$911:                  
      Old ports: A=12'101110001111, B=12'101101100101,                          
Y=$memory$auto$proc_rom.cc:155:do_switch$48$rdmux[0][6][38]$a$606               
      New ports: A=2'01, B=2'10, Y={                                            
$memory$auto$proc_rom.cc:155:do_switch$48$rdmux[0][6][38]$a$606 [5]             
$memory$auto$proc_rom.cc:155:do_switch$48$rdmux[0][6][38]$a$606 [1] }           
      New connections: {                                                        
$memory$auto$proc_rom.cc:155:do_switch$48$rdmux[0][6][38]$a$606 [11:6]          
$memory$auto$proc_rom.cc:155:do_switch$48$rdmux[0][6][38]$a$606 [4:2]           
$memory$auto$proc_rom.cc:155:do_switch$48$rdmux[0][6][38]$a$606 [0] } = { 4'1011
$memory$auto$proc_rom.cc:155:do_switch$48$rdmux[0][6][38]$a$606 [1]             
$memory$auto$proc_rom.cc:155:do_switch$48$rdmux[0][6][38]$a$606 [5] 1'0         
$memory$auto$proc_rom.cc:155:do_switch$48$rdmux[0][6][38]$a$606 [1] 2'11 }      
    Consolidated identical input bits for $mux cell                             
$memory$auto$proc_rom.cc:155:do_switch$48$rdmux[0][7][75]$908:                  
      Old ports: A=12'101111100100, B=12'101110111001,                          
Y=$memory$auto$proc_rom.cc:155:do_switch$48$rdmux[0][6][37]$b$604               
      New ports: A=2'10, B=2'01, Y={                                            
$memory$auto$proc_rom.cc:155:do_switch$48$rdmux[0][6][37]$b$604 [2]             
$memory$auto$proc_rom.cc:155:do_switch$48$rdmux[0][6][37]$b$604 [0] }           
      New connections: {                                                        
$memory$auto$proc_rom.cc:155:do_switch$48$rdmux[0][6][37]$b$604 [11:3]          
$memory$auto$proc_rom.cc:155:do_switch$48$rdmux[0][6][37]$b$604 [1] } = {       
5'10111 $memory$auto$proc_rom.cc:155:do_switch$48$rdmux[0][6][37]$b$604 [2] 1'1 
$memory$auto$proc_rom.cc:155:do_switch$48$rdmux[0][6][37]$b$604 [0]             
$memory$auto$proc_rom.cc:155:do_switch$48$rdmux[0][6][37]$b$604 [0] 1'0 }       
    Consolidated identical input bits for $mux cell                             
$memory$auto$proc_rom.cc:155:do_switch$48$rdmux[0][7][74]$905:                  
      Old ports: A=12'110000111011, B=12'110000001111,                          
Y=$memory$auto$proc_rom.cc:155:do_switch$48$rdmux[0][6][37]$a$603               
      New ports: A=2'10, B=2'01, Y={                                            
$memory$auto$proc_rom.cc:155:do_switch$48$rdmux[0][6][37]$a$603 [4]             
$memory$auto$proc_rom.cc:155:do_switch$48$rdmux[0][6][37]$a$603 [2] }           
      New connections: {                                                        
$memory$auto$proc_rom.cc:155:do_switch$48$rdmux[0][6][37]$a$603 [11:5]          
$memory$auto$proc_rom.cc:155:do_switch$48$rdmux[0][6][37]$a$603 [3]             
$memory$auto$proc_rom.cc:155:do_switch$48$rdmux[0][6][37]$a$603 [1:0] } = {     
6'110000 $memory$auto$proc_rom.cc:155:do_switch$48$rdmux[0][6][37]$a$603 [4]    
3'111 }                                                                         
    Consolidated identical input bits for $mux cell                             
$memory$auto$proc_rom.cc:155:do_switch$48$rdmux[0][7][73]$902:                  
      Old ports: A=12'110010010101, B=12'110001101000,                          
Y=$memory$auto$proc_rom.cc:155:do_switch$48$rdmux[0][6][36]$b$601               
      New ports: A=2'01, B=2'10, Y={                                            
$memory$auto$proc_rom.cc:155:do_switch$48$rdmux[0][6][36]$b$601 [3]             
$memory$auto$proc_rom.cc:155:do_switch$48$rdmux[0][6][36]$b$601 [0] }           
      New connections: {                                                        
$memory$auto$proc_rom.cc:155:do_switch$48$rdmux[0][6][36]$b$601 [11:4]          
$memory$auto$proc_rom.cc:155:do_switch$48$rdmux[0][6][36]$b$601 [2:1] } = {     
4'1100 $memory$auto$proc_rom.cc:155:do_switch$48$rdmux[0][6][36]$b$601 [0]      
$memory$auto$proc_rom.cc:155:do_switch$48$rdmux[0][6][36]$b$601 [3]             
$memory$auto$proc_rom.cc:155:do_switch$48$rdmux[0][6][36]$b$601 [3]             
$memory$auto$proc_rom.cc:155:do_switch$48$rdmux[0][6][36]$b$601 [0]             
$memory$auto$proc_rom.cc:155:do_switch$48$rdmux[0][6][36]$b$601 [0] 1'0 }       
    Consolidated identical input bits for $mux cell                             
$memory$auto$proc_rom.cc:155:do_switch$48$rdmux[0][7][72]$899:                  
      Old ports: A=12'110011110001, B=12'110011000010,                          
Y=$memory$auto$proc_rom.cc:155:do_switch$48$rdmux[0][6][36]$a$600               
      New ports: A=2'01, B=2'10,                                                
Y=$memory$auto$proc_rom.cc:155:do_switch$48$rdmux[0][6][36]$a$600 [1:0]         
      New connections:                                                          
$memory$auto$proc_rom.cc:155:do_switch$48$rdmux[0][6][36]$a$600 [11:2] = {      
6'110011 $memory$auto$proc_rom.cc:155:do_switch$48$rdmux[0][6][36]$a$600 [0]    
$memory$auto$proc_rom.cc:155:do_switch$48$rdmux[0][6][36]$a$600 [0] 2'00 }      
    Consolidated identical input bits for $mux cell                             
$memory$auto$proc_rom.cc:155:do_switch$48$rdmux[0][7][71]$896:                  
      Old ports: A=12'110101001110, B=12'110100011111,                          
Y=$memory$auto$proc_rom.cc:155:do_switch$48$rdmux[0][6][35]$b$598               
      New ports: A=2'10, B=2'01, Y={                                            
$memory$auto$proc_rom.cc:155:do_switch$48$rdmux[0][6][35]$b$598 [6]             
$memory$auto$proc_rom.cc:155:do_switch$48$rdmux[0][6][35]$b$598 [0] }           
      New connections: {                                                        
$memory$auto$proc_rom.cc:155:do_switch$48$rdmux[0][6][35]$b$598 [11:7]          
$memory$auto$proc_rom.cc:155:do_switch$48$rdmux[0][6][35]$b$598 [5:1] } = {     
6'110100 $memory$auto$proc_rom.cc:155:do_switch$48$rdmux[0][6][35]$b$598 [0]    
3'111 }                                                                         
    Consolidated identical input bits for $mux cell                             
$memory$auto$proc_rom.cc:155:do_switch$48$rdmux[0][7][70]$893:                  
      Old ports: A=12'110110101110, B=12'110101111110,                          
Y=$memory$auto$proc_rom.cc:155:do_switch$48$rdmux[0][6][35]$a$597               
      New ports: A=2'10, B=2'01, Y={                                            
$memory$auto$proc_rom.cc:155:do_switch$48$rdmux[0][6][35]$a$597 [7]             
$memory$auto$proc_rom.cc:155:do_switch$48$rdmux[0][6][35]$a$597 [4] }           
      New connections: {                                                        
$memory$auto$proc_rom.cc:155:do_switch$48$rdmux[0][6][35]$a$597 [11:8]          
$memory$auto$proc_rom.cc:155:do_switch$48$rdmux[0][6][35]$a$597 [6:5]           
$memory$auto$proc_rom.cc:155:do_switch$48$rdmux[0][6][35]$a$597 [3:0] } = {     
4'1101 $memory$auto$proc_rom.cc:155:do_switch$48$rdmux[0][6][35]$a$597 [4]      
5'11110 }                                                                       
    Consolidated identical input bits for $mux cell                             
$memory$auto$proc_rom.cc:155:do_switch$48$rdmux[0][7][69]$890:                  
      Old ports: A=12'111000001111, B=12'110111011110,                          
Y=$memory$auto$proc_rom.cc:155:do_switch$48$rdmux[0][6][34]$b$595               
      New ports: A=2'01, B=2'10, Y={                                            
$memory$auto$proc_rom.cc:155:do_switch$48$rdmux[0][6][34]$b$595 [4]             
$memory$auto$proc_rom.cc:155:do_switch$48$rdmux[0][6][34]$b$595 [0] }           
      New connections: {                                                        
$memory$auto$proc_rom.cc:155:do_switch$48$rdmux[0][6][34]$b$595 [11:5]          
$memory$auto$proc_rom.cc:155:do_switch$48$rdmux[0][6][34]$b$595 [3:1] } = { 2'11
$memory$auto$proc_rom.cc:155:do_switch$48$rdmux[0][6][34]$b$595 [0]             
$memory$auto$proc_rom.cc:155:do_switch$48$rdmux[0][6][34]$b$595 [4]             
$memory$auto$proc_rom.cc:155:do_switch$48$rdmux[0][6][34]$b$595 [4]             
$memory$auto$proc_rom.cc:155:do_switch$48$rdmux[0][6][34]$b$595 [4] 4'0111 }    
    Consolidated identical input bits for $mux cell                             
$memory$auto$proc_rom.cc:155:do_switch$48$rdmux[0][7][68]$887:                  
      Old ports: A=12'111001110001, B=12'111000111111,                          
Y=$memory$auto$proc_rom.cc:155:do_switch$48$rdmux[0][6][34]$a$594               
      New ports: A=2'10, B=2'01, Y={                                            
$memory$auto$proc_rom.cc:155:do_switch$48$rdmux[0][6][34]$a$594 [6]             
$memory$auto$proc_rom.cc:155:do_switch$48$rdmux[0][6][34]$a$594 [1] }           
      New connections: {                                                        
$memory$auto$proc_rom.cc:155:do_switch$48$rdmux[0][6][34]$a$594 [11:7]          
$memory$auto$proc_rom.cc:155:do_switch$48$rdmux[0][6][34]$a$594 [5:2]           
$memory$auto$proc_rom.cc:155:do_switch$48$rdmux[0][6][34]$a$594 [0] } = {       
7'1110011 $memory$auto$proc_rom.cc:155:do_switch$48$rdmux[0][6][34]$a$594 [1]   
$memory$auto$proc_rom.cc:155:do_switch$48$rdmux[0][6][34]$a$594 [1] 1'1 }       
    Consolidated identical input bits for $mux cell                             
$memory$auto$proc_rom.cc:155:do_switch$48$rdmux[0][7][67]$884:                  
      Old ports: A=12'111011010100, B=12'111010100010,                          
Y=$memory$auto$proc_rom.cc:155:do_switch$48$rdmux[0][6][33]$b$592               
      New ports: A=2'10, B=2'01,                                                
Y=$memory$auto$proc_rom.cc:155:do_switch$48$rdmux[0][6][33]$b$592 [2:1]         
      New connections: {                                                        
$memory$auto$proc_rom.cc:155:do_switch$48$rdmux[0][6][33]$b$592 [11:3]          
$memory$auto$proc_rom.cc:155:do_switch$48$rdmux[0][6][33]$b$592 [0] } = {       
5'11101 $memory$auto$proc_rom.cc:155:do_switch$48$rdmux[0][6][33]$b$592 [2:1]   
$memory$auto$proc_rom.cc:155:do_switch$48$rdmux[0][6][33]$b$592 [2] 2'00 }      
    Consolidated identical input bits for $mux cell                             
$memory$auto$proc_rom.cc:155:do_switch$48$rdmux[0][7][66]$881:                  
      Old ports: A=12'111100110111, B=12'111100000101,                          
Y=$memory$auto$proc_rom.cc:155:do_switch$48$rdmux[0][6][33]$a$591               
      New ports: A=1'1, B=1'0,                                                  
Y=$memory$auto$proc_rom.cc:155:do_switch$48$rdmux[0][6][33]$a$591 [1]           
      New connections: {                                                        
$memory$auto$proc_rom.cc:155:do_switch$48$rdmux[0][6][33]$a$591 [11:2]          
$memory$auto$proc_rom.cc:155:do_switch$48$rdmux[0][6][33]$a$591 [0] } = {       
6'111100 $memory$auto$proc_rom.cc:155:do_switch$48$rdmux[0][6][33]$a$591 [1]    
$memory$auto$proc_rom.cc:155:do_switch$48$rdmux[0][6][33]$a$591 [1] 3'011 }     
    Consolidated identical input bits for $mux cell                             
$memory$auto$proc_rom.cc:155:do_switch$48$rdmux[0][7][65]$878:                  
      Old ports: A=12'111110011100, B=12'111101101001,                          
Y=$memory$auto$proc_rom.cc:155:do_switch$48$rdmux[0][6][32]$b$589               
      New ports: A=2'10, B=2'01, Y={                                            
$memory$auto$proc_rom.cc:155:do_switch$48$rdmux[0][6][32]$b$589 [2]             
$memory$auto$proc_rom.cc:155:do_switch$48$rdmux[0][6][32]$b$589 [0] }           
      New connections: {                                                        
$memory$auto$proc_rom.cc:155:do_switch$48$rdmux[0][6][32]$b$589 [11:3]          
$memory$auto$proc_rom.cc:155:do_switch$48$rdmux[0][6][32]$b$589 [1] } = { 4'1111
$memory$auto$proc_rom.cc:155:do_switch$48$rdmux[0][6][32]$b$589 [2]             
$memory$auto$proc_rom.cc:155:do_switch$48$rdmux[0][6][32]$b$589 [0]             
$memory$auto$proc_rom.cc:155:do_switch$48$rdmux[0][6][32]$b$589 [0]             
$memory$auto$proc_rom.cc:155:do_switch$48$rdmux[0][6][32]$b$589 [2] 2'10 }      
    Consolidated identical input bits for $mux cell                             
$memory$auto$proc_rom.cc:155:do_switch$48$rdmux[0][7][64]$875:                  
      Old ports: A=12'000000000000, B=12'111111001110,                          
Y=$memory$auto$proc_rom.cc:155:do_switch$48$rdmux[0][6][32]$a$588               
      New ports: A=1'0, B=1'1,                                                  
Y=$memory$auto$proc_rom.cc:155:do_switch$48$rdmux[0][6][32]$a$588 [1]           
      New connections: {                                                        
$memory$auto$proc_rom.cc:155:do_switch$48$rdmux[0][6][32]$a$588 [11:2]          
$memory$auto$proc_rom.cc:155:do_switch$48$rdmux[0][6][32]$a$588 [0] } = {       
$memory$auto$proc_rom.cc:155:do_switch$48$rdmux[0][6][32]$a$588 [1]             
$memory$auto$proc_rom.cc:155:do_switch$48$rdmux[0][6][32]$a$588 [1]             
$memory$auto$proc_rom.cc:155:do_switch$48$rdmux[0][6][32]$a$588 [1]             
$memory$auto$proc_rom.cc:155:do_switch$48$rdmux[0][6][32]$a$588 [1]             
$memory$auto$proc_rom.cc:155:do_switch$48$rdmux[0][6][32]$a$588 [1]             
$memory$auto$proc_rom.cc:155:do_switch$48$rdmux[0][6][32]$a$588 [1] 2'00        
$memory$auto$proc_rom.cc:155:do_switch$48$rdmux[0][6][32]$a$588 [1]             
$memory$auto$proc_rom.cc:155:do_switch$48$rdmux[0][6][32]$a$588 [1] 1'0 }       
    Consolidated identical input bits for $mux cell                             
$memory$auto$proc_rom.cc:155:do_switch$48$rdmux[0][7][63]$872:                  
      Old ports: A=12'000001100100, B=12'000000110010,                          
Y=$memory$auto$proc_rom.cc:155:do_switch$48$rdmux[0][6][31]$b$586               
      New ports: A=2'10, B=2'01,                                                
Y=$memory$auto$proc_rom.cc:155:do_switch$48$rdmux[0][6][31]$b$586 [2:1]         
      New connections: {                                                        
$memory$auto$proc_rom.cc:155:do_switch$48$rdmux[0][6][31]$b$586 [11:3]          
$memory$auto$proc_rom.cc:155:do_switch$48$rdmux[0][6][31]$b$586 [0] } = {       
5'00000 $memory$auto$proc_rom.cc:155:do_switch$48$rdmux[0][6][31]$b$586 [2] 1'1 
$memory$auto$proc_rom.cc:155:do_switch$48$rdmux[0][6][31]$b$586 [1] 2'00 }      
    Consolidated identical input bits for $mux cell                             
$memory$auto$proc_rom.cc:155:do_switch$48$rdmux[0][7][62]$869:                  
      Old ports: A=12'000011001001, B=12'000010010111,                          
Y=$memory$auto$proc_rom.cc:155:do_switch$48$rdmux[0][6][31]$a$585               
      New ports: A=2'10, B=2'01, Y={                                            
$memory$auto$proc_rom.cc:155:do_switch$48$rdmux[0][6][31]$a$585 [3]             
$memory$auto$proc_rom.cc:155:do_switch$48$rdmux[0][6][31]$a$585 [1] }           
      New connections: {                                                        
$memory$auto$proc_rom.cc:155:do_switch$48$rdmux[0][6][31]$a$585 [11:4]          
$memory$auto$proc_rom.cc:155:do_switch$48$rdmux[0][6][31]$a$585 [2]             
$memory$auto$proc_rom.cc:155:do_switch$48$rdmux[0][6][31]$a$585 [0] } = {       
5'00001 $memory$auto$proc_rom.cc:155:do_switch$48$rdmux[0][6][31]$a$585 [3] 1'0 
$memory$auto$proc_rom.cc:155:do_switch$48$rdmux[0][6][31]$a$585 [1]             
$memory$auto$proc_rom.cc:155:do_switch$48$rdmux[0][6][31]$a$585 [1] 1'1 }       
    Consolidated identical input bits for $mux cell                             
$memory$auto$proc_rom.cc:155:do_switch$48$rdmux[0][7][61]$866:                  
      Old ports: A=12'000100101100, B=12'000011111011,                          
Y=$memory$auto$proc_rom.cc:155:do_switch$48$rdmux[0][6][30]$b$583               
      New ports: A=2'10, B=2'01, Y={                                            
$memory$auto$proc_rom.cc:155:do_switch$48$rdmux[0][6][30]$b$583 [2]             
$memory$auto$proc_rom.cc:155:do_switch$48$rdmux[0][6][30]$b$583 [0] }           
      New connections: {                                                        
$memory$auto$proc_rom.cc:155:do_switch$48$rdmux[0][6][30]$b$583 [11:3]          
$memory$auto$proc_rom.cc:155:do_switch$48$rdmux[0][6][30]$b$583 [1] } = { 3'000 
$memory$auto$proc_rom.cc:155:do_switch$48$rdmux[0][6][30]$b$583 [2]             
$memory$auto$proc_rom.cc:155:do_switch$48$rdmux[0][6][30]$b$583 [0]             
$memory$auto$proc_rom.cc:155:do_switch$48$rdmux[0][6][30]$b$583 [0] 1'1         
$memory$auto$proc_rom.cc:155:do_switch$48$rdmux[0][6][30]$b$583 [0] 1'1         
$memory$auto$proc_rom.cc:155:do_switch$48$rdmux[0][6][30]$b$583 [0] }           
    Consolidated identical input bits for $mux cell                             
$memory$auto$proc_rom.cc:155:do_switch$48$rdmux[0][7][60]$863:                  
      Old ports: A=12'000110001111, B=12'000101011110,                          
Y=$memory$auto$proc_rom.cc:155:do_switch$48$rdmux[0][6][30]$a$582               
      New ports: A=2'01, B=2'10, Y={                                            
$memory$auto$proc_rom.cc:155:do_switch$48$rdmux[0][6][30]$a$582 [4]             
$memory$auto$proc_rom.cc:155:do_switch$48$rdmux[0][6][30]$a$582 [0] }           
      New connections: {                                                        
$memory$auto$proc_rom.cc:155:do_switch$48$rdmux[0][6][30]$a$582 [11:5]          
$memory$auto$proc_rom.cc:155:do_switch$48$rdmux[0][6][30]$a$582 [3:1] } = {     
4'0001 $memory$auto$proc_rom.cc:155:do_switch$48$rdmux[0][6][30]$a$582 [0]      
$memory$auto$proc_rom.cc:155:do_switch$48$rdmux[0][6][30]$a$582 [4] 4'0111 }    
    Consolidated identical input bits for $mux cell                             
$memory$auto$proc_rom.cc:155:do_switch$48$rdmux[0][7][59]$860:                  
      Old ports: A=12'000111110001, B=12'000111000001,                          
Y=$memory$auto$proc_rom.cc:155:do_switch$48$rdmux[0][6][29]$b$580               
      New ports: A=1'1, B=1'0,                                                  
Y=$memory$auto$proc_rom.cc:155:do_switch$48$rdmux[0][6][29]$b$580 [4]           
      New connections: {                                                        
$memory$auto$proc_rom.cc:155:do_switch$48$rdmux[0][6][29]$b$580 [11:5]          
$memory$auto$proc_rom.cc:155:do_switch$48$rdmux[0][6][29]$b$580 [3:0] } = {     
6'000111 $memory$auto$proc_rom.cc:155:do_switch$48$rdmux[0][6][29]$b$580 [4]    
4'0001 }                                                                        
    Consolidated identical input bits for $mux cell                             
$memory$auto$proc_rom.cc:155:do_switch$48$rdmux[0][7][58]$857:                  
      Old ports: A=12'001001010010, B=12'001000100010,                          
Y=$memory$auto$proc_rom.cc:155:do_switch$48$rdmux[0][6][29]$a$579               
      New ports: A=2'01, B=2'10,                                                
Y=$memory$auto$proc_rom.cc:155:do_switch$48$rdmux[0][6][29]$a$579 [5:4]         
      New connections: {                                                        
$memory$auto$proc_rom.cc:155:do_switch$48$rdmux[0][6][29]$a$579 [11:6]          
$memory$auto$proc_rom.cc:155:do_switch$48$rdmux[0][6][29]$a$579 [3:0] } = {     
5'00100 $memory$auto$proc_rom.cc:155:do_switch$48$rdmux[0][6][29]$a$579 [4]     
4'0010 }                                                                        
    Consolidated identical input bits for $mux cell                             
$memory$auto$proc_rom.cc:155:do_switch$48$rdmux[0][7][57]$854:                  
      Old ports: A=12'001010110010, B=12'001010000010,                          
Y=$memory$auto$proc_rom.cc:155:do_switch$48$rdmux[0][6][28]$b$577               
      New ports: A=1'1, B=1'0,                                                  
Y=$memory$auto$proc_rom.cc:155:do_switch$48$rdmux[0][6][28]$b$577 [4]           
      New connections: {                                                        
$memory$auto$proc_rom.cc:155:do_switch$48$rdmux[0][6][28]$b$577 [11:5]          
$memory$auto$proc_rom.cc:155:do_switch$48$rdmux[0][6][28]$b$577 [3:0] } = {     
6'001010 $memory$auto$proc_rom.cc:155:do_switch$48$rdmux[0][6][28]$b$577 [4]    
4'0010 }                                                                        
    Consolidated identical input bits for $mux cell                             
$memory$auto$proc_rom.cc:155:do_switch$48$rdmux[0][7][56]$851:                  
      Old ports: A=12'001100001111, B=12'001011100001,                          
Y=$memory$auto$proc_rom.cc:155:do_switch$48$rdmux[0][6][28]$a$576               
      New ports: A=2'01, B=2'10, Y={                                            
$memory$auto$proc_rom.cc:155:do_switch$48$rdmux[0][6][28]$a$576 [5]             
$memory$auto$proc_rom.cc:155:do_switch$48$rdmux[0][6][28]$a$576 [1] }           
      New connections: {                                                        
$memory$auto$proc_rom.cc:155:do_switch$48$rdmux[0][6][28]$a$576 [11:6]          
$memory$auto$proc_rom.cc:155:do_switch$48$rdmux[0][6][28]$a$576 [4:2]           
$memory$auto$proc_rom.cc:155:do_switch$48$rdmux[0][6][28]$a$576 [0] } = { 3'001 
$memory$auto$proc_rom.cc:155:do_switch$48$rdmux[0][6][28]$a$576 [1]             
$memory$auto$proc_rom.cc:155:do_switch$48$rdmux[0][6][28]$a$576 [5]             
$memory$auto$proc_rom.cc:155:do_switch$48$rdmux[0][6][28]$a$576 [5] 1'0         
$memory$auto$proc_rom.cc:155:do_switch$48$rdmux[0][6][28]$a$576 [1]             
$memory$auto$proc_rom.cc:155:do_switch$48$rdmux[0][6][28]$a$576 [1] 1'1 }       
    Consolidated identical input bits for $mux cell                             
$memory$auto$proc_rom.cc:155:do_switch$48$rdmux[0][7][55]$848:                  
      Old ports: A=12'001101101011, B=12'001100111110,                          
Y=$memory$auto$proc_rom.cc:155:do_switch$48$rdmux[0][6][27]$b$574               
      New ports: A=2'01, B=2'10, Y={                                            
$memory$auto$proc_rom.cc:155:do_switch$48$rdmux[0][6][27]$b$574 [2]             
$memory$auto$proc_rom.cc:155:do_switch$48$rdmux[0][6][27]$b$574 [0] }           
      New connections: {                                                        
$memory$auto$proc_rom.cc:155:do_switch$48$rdmux[0][6][27]$b$574 [11:3]          
$memory$auto$proc_rom.cc:155:do_switch$48$rdmux[0][6][27]$b$574 [1] } = {       
5'00110 $memory$auto$proc_rom.cc:155:do_switch$48$rdmux[0][6][27]$b$574 [0] 1'1 
$memory$auto$proc_rom.cc:155:do_switch$48$rdmux[0][6][27]$b$574 [2] 2'11 }      
    Consolidated identical input bits for $mux cell                             
$memory$auto$proc_rom.cc:155:do_switch$48$rdmux[0][7][54]$845:                  
      Old ports: A=12'001111000101, B=12'001110011000,                          
Y=$memory$auto$proc_rom.cc:155:do_switch$48$rdmux[0][6][27]$a$573               
      New ports: A=2'01, B=2'10, Y={                                            
$memory$auto$proc_rom.cc:155:do_switch$48$rdmux[0][6][27]$a$573 [3]             
$memory$auto$proc_rom.cc:155:do_switch$48$rdmux[0][6][27]$a$573 [0] }           
      New connections: {                                                        
$memory$auto$proc_rom.cc:155:do_switch$48$rdmux[0][6][27]$a$573 [11:4]          
$memory$auto$proc_rom.cc:155:do_switch$48$rdmux[0][6][27]$a$573 [2:1] } = {     
5'00111 $memory$auto$proc_rom.cc:155:do_switch$48$rdmux[0][6][27]$a$573 [0] 1'0 
$memory$auto$proc_rom.cc:155:do_switch$48$rdmux[0][6][27]$a$573 [3]             
$memory$auto$proc_rom.cc:155:do_switch$48$rdmux[0][6][27]$a$573 [0] 1'0 }       
    Consolidated identical input bits for $mux cell                             
$memory$auto$proc_rom.cc:155:do_switch$48$rdmux[0][7][53]$842:                  
      Old ports: A=12'010000011100, B=12'001111110001,                          
Y=$memory$auto$proc_rom.cc:155:do_switch$48$rdmux[0][6][26]$b$571               
      New ports: A=2'10, B=2'01, Y={                                            
$memory$auto$proc_rom.cc:155:do_switch$48$rdmux[0][6][26]$b$571 [2]             
$memory$auto$proc_rom.cc:155:do_switch$48$rdmux[0][6][26]$b$571 [0] }           
      New connections: {                                                        
$memory$auto$proc_rom.cc:155:do_switch$48$rdmux[0][6][26]$b$571 [11:3]          
$memory$auto$proc_rom.cc:155:do_switch$48$rdmux[0][6][26]$b$571 [1] } = { 1'0   
$memory$auto$proc_rom.cc:155:do_switch$48$rdmux[0][6][26]$b$571 [2]             
$memory$auto$proc_rom.cc:155:do_switch$48$rdmux[0][6][26]$b$571 [0]             
$memory$auto$proc_rom.cc:155:do_switch$48$rdmux[0][6][26]$b$571 [0]             
$memory$auto$proc_rom.cc:155:do_switch$48$rdmux[0][6][26]$b$571 [0]             
$memory$auto$proc_rom.cc:155:do_switch$48$rdmux[0][6][26]$b$571 [0]             
$memory$auto$proc_rom.cc:155:do_switch$48$rdmux[0][6][26]$b$571 [0] 1'1         
$memory$auto$proc_rom.cc:155:do_switch$48$rdmux[0][6][26]$b$571 [2] 1'0 }       
    Consolidated identical input bits for $mux cell                             
$memory$auto$proc_rom.cc:155:do_switch$48$rdmux[0][7][52]$839:                  
      Old ports: A=12'010001110001, B=12'010001000111,                          
Y=$memory$auto$proc_rom.cc:155:do_switch$48$rdmux[0][6][26]$a$570               
      New ports: A=2'10, B=2'01, Y={                                            
$memory$auto$proc_rom.cc:155:do_switch$48$rdmux[0][6][26]$a$570 [4]             
$memory$auto$proc_rom.cc:155:do_switch$48$rdmux[0][6][26]$a$570 [1] }           
      New connections: {                                                        
$memory$auto$proc_rom.cc:155:do_switch$48$rdmux[0][6][26]$a$570 [11:5]          
$memory$auto$proc_rom.cc:155:do_switch$48$rdmux[0][6][26]$a$570 [3:2]           
$memory$auto$proc_rom.cc:155:do_switch$48$rdmux[0][6][26]$a$570 [0] } = {       
6'010001 $memory$auto$proc_rom.cc:155:do_switch$48$rdmux[0][6][26]$a$570 [4] 1'0
$memory$auto$proc_rom.cc:155:do_switch$48$rdmux[0][6][26]$a$570 [1] 1'1 }       
    Consolidated identical input bits for $mux cell                             
$memory$auto$proc_rom.cc:155:do_switch$48$rdmux[0][7][51]$836:                  
      Old ports: A=12'010011000011, B=12'010010011011,                          
Y=$memory$auto$proc_rom.cc:155:do_switch$48$rdmux[0][6][25]$b$568               
      New ports: A=2'10, B=2'01, Y={                                            
$memory$auto$proc_rom.cc:155:do_switch$48$rdmux[0][6][25]$b$568 [6]             
$memory$auto$proc_rom.cc:155:do_switch$48$rdmux[0][6][25]$b$568 [3] }           
      New connections: {                                                        
$memory$auto$proc_rom.cc:155:do_switch$48$rdmux[0][6][25]$b$568 [11:7]          
$memory$auto$proc_rom.cc:155:do_switch$48$rdmux[0][6][25]$b$568 [5:4]           
$memory$auto$proc_rom.cc:155:do_switch$48$rdmux[0][6][25]$b$568 [2:0] } = {     
6'010010 $memory$auto$proc_rom.cc:155:do_switch$48$rdmux[0][6][25]$b$568 [3]    
3'011 }                                                                         
    Consolidated identical input bits for $mux cell                             
$memory$auto$proc_rom.cc:155:do_switch$48$rdmux[0][7][50]$833:                  
      Old ports: A=12'010100010011, B=12'010011101011,                          
Y=$memory$auto$proc_rom.cc:155:do_switch$48$rdmux[0][6][25]$a$567               
      New ports: A=2'10, B=2'01,                                                
Y=$memory$auto$proc_rom.cc:155:do_switch$48$rdmux[0][6][25]$a$567 [4:3]         
      New connections: {                                                        
$memory$auto$proc_rom.cc:155:do_switch$48$rdmux[0][6][25]$a$567 [11:5]          
$memory$auto$proc_rom.cc:155:do_switch$48$rdmux[0][6][25]$a$567 [2:0] } = {     
3'010 $memory$auto$proc_rom.cc:155:do_switch$48$rdmux[0][6][25]$a$567 [4:3]     
$memory$auto$proc_rom.cc:155:do_switch$48$rdmux[0][6][25]$a$567 [3]             
$memory$auto$proc_rom.cc:155:do_switch$48$rdmux[0][6][25]$a$567 [3] 3'011 }     
    Consolidated identical input bits for $mux cell                             
$memory$auto$proc_rom.cc:155:do_switch$48$rdmux[0][7][49]$830:                  
      Old ports: A=12'010101011111, B=12'010100111001,                          
Y=$memory$auto$proc_rom.cc:155:do_switch$48$rdmux[0][6][24]$b$565               
      New ports: A=2'01, B=2'10, Y={                                            
$memory$auto$proc_rom.cc:155:do_switch$48$rdmux[0][6][24]$b$565 [5]             
$memory$auto$proc_rom.cc:155:do_switch$48$rdmux[0][6][24]$b$565 [1] }           
      New connections: {                                                        
$memory$auto$proc_rom.cc:155:do_switch$48$rdmux[0][6][24]$b$565 [11:6]          
$memory$auto$proc_rom.cc:155:do_switch$48$rdmux[0][6][24]$b$565 [4:2]           
$memory$auto$proc_rom.cc:155:do_switch$48$rdmux[0][6][24]$b$565 [0] } = {       
5'01010 $memory$auto$proc_rom.cc:155:do_switch$48$rdmux[0][6][24]$b$565 [1] 2'11
$memory$auto$proc_rom.cc:155:do_switch$48$rdmux[0][6][24]$b$565 [1] 1'1 }       
    Consolidated identical input bits for $mux cell                             
$memory$auto$proc_rom.cc:155:do_switch$48$rdmux[0][7][48]$827:                  
      Old ports: A=12'010110100111, B=12'010110000011,                          
Y=$memory$auto$proc_rom.cc:155:do_switch$48$rdmux[0][6][24]$a$564               
      New ports: A=1'1, B=1'0,                                                  
Y=$memory$auto$proc_rom.cc:155:do_switch$48$rdmux[0][6][24]$a$564 [2]           
      New connections: {                                                        
$memory$auto$proc_rom.cc:155:do_switch$48$rdmux[0][6][24]$a$564 [11:3]          
$memory$auto$proc_rom.cc:155:do_switch$48$rdmux[0][6][24]$a$564 [1:0] } = {     
6'010110 $memory$auto$proc_rom.cc:155:do_switch$48$rdmux[0][6][24]$a$564 [2]    
4'0011 }                                                                        
    Consolidated identical input bits for $mux cell                             
$memory$auto$proc_rom.cc:155:do_switch$48$rdmux[0][7][47]$824:                  
      Old ports: A=12'010111101101, B=12'010111001011,                          
Y=$memory$auto$proc_rom.cc:155:do_switch$48$rdmux[0][6][23]$b$562               
      New ports: A=2'10, B=2'01,                                                
Y=$memory$auto$proc_rom.cc:155:do_switch$48$rdmux[0][6][23]$b$562 [2:1]         
      New connections: {                                                        
$memory$auto$proc_rom.cc:155:do_switch$48$rdmux[0][6][23]$b$562 [11:3]          
$memory$auto$proc_rom.cc:155:do_switch$48$rdmux[0][6][23]$b$562 [0] } = {       
6'010111 $memory$auto$proc_rom.cc:155:do_switch$48$rdmux[0][6][23]$b$562 [2]    
3'011 }                                                                         
    Consolidated identical input bits for $mux cell                             
$memory$auto$proc_rom.cc:155:do_switch$48$rdmux[0][7][46]$821:                  
      Old ports: A=12'011000101110, B=12'011000001110,                          
Y=$memory$auto$proc_rom.cc:155:do_switch$48$rdmux[0][6][23]$a$561               
      New ports: A=1'1, B=1'0,                                                  
Y=$memory$auto$proc_rom.cc:155:do_switch$48$rdmux[0][6][23]$a$561 [5]           
      New connections: {                                                        
$memory$auto$proc_rom.cc:155:do_switch$48$rdmux[0][6][23]$a$561 [11:6]          
$memory$auto$proc_rom.cc:155:do_switch$48$rdmux[0][6][23]$a$561 [4:0] } =       
11'01100001110                                                                  
    Consolidated identical input bits for $mux cell                             
$memory$auto$proc_rom.cc:155:do_switch$48$rdmux[0][7][45]$818:                  
      Old ports: A=12'011001101100, B=12'011001001110,                          
Y=$memory$auto$proc_rom.cc:155:do_switch$48$rdmux[0][6][22]$b$559               
      New ports: A=2'10, B=2'01, Y={                                            
$memory$auto$proc_rom.cc:155:do_switch$48$rdmux[0][6][22]$b$559 [5]             
$memory$auto$proc_rom.cc:155:do_switch$48$rdmux[0][6][22]$b$559 [1] }           
      New connections: {                                                        
$memory$auto$proc_rom.cc:155:do_switch$48$rdmux[0][6][22]$b$559 [11:6]          
$memory$auto$proc_rom.cc:155:do_switch$48$rdmux[0][6][22]$b$559 [4:2]           
$memory$auto$proc_rom.cc:155:do_switch$48$rdmux[0][6][22]$b$559 [0] } =         
10'0110010110                                                                   
    Consolidated identical input bits for $mux cell                             
$memory$auto$proc_rom.cc:155:do_switch$48$rdmux[0][7][44]$815:                  
      Old ports: A=12'011010100110, B=12'011010001010,                          
Y=$memory$auto$proc_rom.cc:155:do_switch$48$rdmux[0][6][22]$a$558               
      New ports: A=2'01, B=2'10,                                                
Y=$memory$auto$proc_rom.cc:155:do_switch$48$rdmux[0][6][22]$a$558 [3:2]         
      New connections: {                                                        
$memory$auto$proc_rom.cc:155:do_switch$48$rdmux[0][6][22]$a$558 [11:4]          
$memory$auto$proc_rom.cc:155:do_switch$48$rdmux[0][6][22]$a$558 [1:0] } = {     
6'011010 $memory$auto$proc_rom.cc:155:do_switch$48$rdmux[0][6][22]$a$558 [2]    
3'010 }                                                                         
    Consolidated identical input bits for $mux cell                             
$memory$auto$proc_rom.cc:155:do_switch$48$rdmux[0][7][43]$812:                  
      Old ports: A=12'011011011100, B=12'011011000001,                          
Y=$memory$auto$proc_rom.cc:155:do_switch$48$rdmux[0][6][21]$b$556               
      New ports: A=2'10, B=2'01, Y={                                            
$memory$auto$proc_rom.cc:155:do_switch$48$rdmux[0][6][21]$b$556 [2]             
$memory$auto$proc_rom.cc:155:do_switch$48$rdmux[0][6][21]$b$556 [0] }           
      New connections: {                                                        
$memory$auto$proc_rom.cc:155:do_switch$48$rdmux[0][6][21]$b$556 [11:3]          
$memory$auto$proc_rom.cc:155:do_switch$48$rdmux[0][6][21]$b$556 [1] } = {       
7'0110110 $memory$auto$proc_rom.cc:155:do_switch$48$rdmux[0][6][21]$b$556 [2]   
$memory$auto$proc_rom.cc:155:do_switch$48$rdmux[0][6][21]$b$556 [2] 1'0 }       
    Consolidated identical input bits for $mux cell                             
$memory$auto$proc_rom.cc:155:do_switch$48$rdmux[0][7][42]$809:                  
      Old ports: A=12'011100001101, B=12'011011110101,                          
Y=$memory$auto$proc_rom.cc:155:do_switch$48$rdmux[0][6][21]$a$555               
      New ports: A=2'01, B=2'10,                                                
Y=$memory$auto$proc_rom.cc:155:do_switch$48$rdmux[0][6][21]$a$555 [4:3]         
      New connections: {                                                        
$memory$auto$proc_rom.cc:155:do_switch$48$rdmux[0][6][21]$a$555 [11:5]          
$memory$auto$proc_rom.cc:155:do_switch$48$rdmux[0][6][21]$a$555 [2:0] } = {     
3'011 $memory$auto$proc_rom.cc:155:do_switch$48$rdmux[0][6][21]$a$555 [3]       
$memory$auto$proc_rom.cc:155:do_switch$48$rdmux[0][6][21]$a$555 [4]             
$memory$auto$proc_rom.cc:155:do_switch$48$rdmux[0][6][21]$a$555 [4]             
$memory$auto$proc_rom.cc:155:do_switch$48$rdmux[0][6][21]$a$555 [4] 3'101 }     
    Consolidated identical input bits for $mux cell                             
$memory$auto$proc_rom.cc:155:do_switch$48$rdmux[0][7][41]$806:                  
      Old ports: A=12'011100111010, B=12'011100100100,                          
Y=$memory$auto$proc_rom.cc:155:do_switch$48$rdmux[0][6][20]$b$553               
      New ports: A=2'01, B=2'10,                                                
Y=$memory$auto$proc_rom.cc:155:do_switch$48$rdmux[0][6][20]$b$553 [2:1]         
      New connections: {                                                        
$memory$auto$proc_rom.cc:155:do_switch$48$rdmux[0][6][20]$b$553 [11:3]          
$memory$auto$proc_rom.cc:155:do_switch$48$rdmux[0][6][20]$b$553 [0] } = {       
7'0111001 $memory$auto$proc_rom.cc:155:do_switch$48$rdmux[0][6][20]$b$553 [1]   
$memory$auto$proc_rom.cc:155:do_switch$48$rdmux[0][6][20]$b$553 [1] 1'0 }       
    Consolidated identical input bits for $mux cell                             
$memory$auto$proc_rom.cc:155:do_switch$48$rdmux[0][7][40]$803:                  
      Old ports: A=12'011101100011, B=12'011101001111,                          
Y=$memory$auto$proc_rom.cc:155:do_switch$48$rdmux[0][6][20]$a$552               
      New ports: A=2'10, B=2'01, Y={                                            
$memory$auto$proc_rom.cc:155:do_switch$48$rdmux[0][6][20]$a$552 [5]             
$memory$auto$proc_rom.cc:155:do_switch$48$rdmux[0][6][20]$a$552 [2] }           
      New connections: {                                                        
$memory$auto$proc_rom.cc:155:do_switch$48$rdmux[0][6][20]$a$552 [11:6]          
$memory$auto$proc_rom.cc:155:do_switch$48$rdmux[0][6][20]$a$552 [4:3]           
$memory$auto$proc_rom.cc:155:do_switch$48$rdmux[0][6][20]$a$552 [1:0] } = {     
7'0111010 $memory$auto$proc_rom.cc:155:do_switch$48$rdmux[0][6][20]$a$552 [2]   
2'11 }                                                                          
    Consolidated identical input bits for $mux cell                             
$memory$auto$proc_rom.cc:155:do_switch$48$rdmux[0][7][39]$800:                  
      Old ports: A=12'011110000111, B=12'011101110110,                          
Y=$memory$auto$proc_rom.cc:155:do_switch$48$rdmux[0][6][19]$b$550               
      New ports: A=2'01, B=2'10, Y={                                            
$memory$auto$proc_rom.cc:155:do_switch$48$rdmux[0][6][19]$b$550 [4]             
$memory$auto$proc_rom.cc:155:do_switch$48$rdmux[0][6][19]$b$550 [0] }           
      New connections: {                                                        
$memory$auto$proc_rom.cc:155:do_switch$48$rdmux[0][6][19]$b$550 [11:5]          
$memory$auto$proc_rom.cc:155:do_switch$48$rdmux[0][6][19]$b$550 [3:1] } = {     
4'0111 $memory$auto$proc_rom.cc:155:do_switch$48$rdmux[0][6][19]$b$550 [0]      
$memory$auto$proc_rom.cc:155:do_switch$48$rdmux[0][6][19]$b$550 [4]             
$memory$auto$proc_rom.cc:155:do_switch$48$rdmux[0][6][19]$b$550 [4] 3'011 }     
    Consolidated identical input bits for $mux cell                             
$memory$auto$proc_rom.cc:155:do_switch$48$rdmux[0][7][38]$797:                  
      Old ports: A=12'011110100111, B=12'011110011000,                          
Y=$memory$auto$proc_rom.cc:155:do_switch$48$rdmux[0][6][19]$a$549               
      New ports: A=2'01, B=2'10, Y={                                            
$memory$auto$proc_rom.cc:155:do_switch$48$rdmux[0][6][19]$a$549 [3]             
$memory$auto$proc_rom.cc:155:do_switch$48$rdmux[0][6][19]$a$549 [0] }           
      New connections: {                                                        
$memory$auto$proc_rom.cc:155:do_switch$48$rdmux[0][6][19]$a$549 [11:4]          
$memory$auto$proc_rom.cc:155:do_switch$48$rdmux[0][6][19]$a$549 [2:1] } = {     
6'011110 $memory$auto$proc_rom.cc:155:do_switch$48$rdmux[0][6][19]$a$549 [0]    
$memory$auto$proc_rom.cc:155:do_switch$48$rdmux[0][6][19]$a$549 [3]             
$memory$auto$proc_rom.cc:155:do_switch$48$rdmux[0][6][19]$a$549 [0]             
$memory$auto$proc_rom.cc:155:do_switch$48$rdmux[0][6][19]$a$549 [0] }           
    Consolidated identical input bits for $mux cell                             
$memory$auto$proc_rom.cc:155:do_switch$48$rdmux[0][7][37]$794:                  
      Old ports: A=12'011111000010, B=12'011110110101,                          
Y=$memory$auto$proc_rom.cc:155:do_switch$48$rdmux[0][6][18]$b$547               
      New ports: A=2'10, B=2'01,                                                
Y=$memory$auto$proc_rom.cc:155:do_switch$48$rdmux[0][6][18]$b$547 [1:0]         
      New connections:                                                          
$memory$auto$proc_rom.cc:155:do_switch$48$rdmux[0][6][18]$b$547 [11:2] = {      
5'01111 $memory$auto$proc_rom.cc:155:do_switch$48$rdmux[0][6][18]$b$547 [1:0]   
$memory$auto$proc_rom.cc:155:do_switch$48$rdmux[0][6][18]$b$547 [0] 1'0         
$memory$auto$proc_rom.cc:155:do_switch$48$rdmux[0][6][18]$b$547 [0] }           
    Consolidated identical input bits for $mux cell                             
$memory$auto$proc_rom.cc:155:do_switch$48$rdmux[0][7][36]$791:                  
      Old ports: A=12'011111011000, B=12'011111001101,                          
Y=$memory$auto$proc_rom.cc:155:do_switch$48$rdmux[0][6][18]$a$546               
      New ports: A=2'10, B=2'01, Y={                                            
$memory$auto$proc_rom.cc:155:do_switch$48$rdmux[0][6][18]$a$546 [4]             
$memory$auto$proc_rom.cc:155:do_switch$48$rdmux[0][6][18]$a$546 [0] }           
      New connections: {                                                        
$memory$auto$proc_rom.cc:155:do_switch$48$rdmux[0][6][18]$a$546 [11:5]          
$memory$auto$proc_rom.cc:155:do_switch$48$rdmux[0][6][18]$a$546 [3:1] } = {     
8'01111101 $memory$auto$proc_rom.cc:155:do_switch$48$rdmux[0][6][18]$a$546 [0]  
1'0 }                                                                           
    Consolidated identical input bits for $mux cell                             
$memory$auto$proc_rom.cc:155:do_switch$48$rdmux[0][7][35]$788:                  
      Old ports: A=12'011111101001, B=12'011111100001,                          
Y=$memory$auto$proc_rom.cc:155:do_switch$48$rdmux[0][6][17]$b$544               
      New ports: A=1'1, B=1'0,                                                  
Y=$memory$auto$proc_rom.cc:155:do_switch$48$rdmux[0][6][17]$b$544 [3]           
      New connections: {                                                        
$memory$auto$proc_rom.cc:155:do_switch$48$rdmux[0][6][17]$b$544 [11:4]          
$memory$auto$proc_rom.cc:155:do_switch$48$rdmux[0][6][17]$b$544 [2:0] } =       
11'01111110001                                                                  
    Consolidated identical input bits for $mux cell                             
$memory$auto$proc_rom.cc:155:do_switch$48$rdmux[0][7][34]$785:                  
      Old ports: A=12'011111110101, B=12'011111110000,                          
Y=$memory$auto$proc_rom.cc:155:do_switch$48$rdmux[0][6][17]$a$543               
      New ports: A=1'1, B=1'0,                                                  
Y=$memory$auto$proc_rom.cc:155:do_switch$48$rdmux[0][6][17]$a$543 [0]           
      New connections:                                                          
$memory$auto$proc_rom.cc:155:do_switch$48$rdmux[0][6][17]$a$543 [11:1] = {      
9'011111110 $memory$auto$proc_rom.cc:155:do_switch$48$rdmux[0][6][17]$a$543 [0] 
1'0 }                                                                           
    Consolidated identical input bits for $mux cell                             
$memory$auto$proc_rom.cc:155:do_switch$48$rdmux[0][7][33]$782:                  
      Old ports: A=12'011111111101, B=12'011111111001,                          
Y=$memory$auto$proc_rom.cc:155:do_switch$48$rdmux[0][6][16]$b$541               
      New ports: A=1'1, B=1'0,                                                  
Y=$memory$auto$proc_rom.cc:155:do_switch$48$rdmux[0][6][16]$b$541 [2]           
      New connections: {                                                        
$memory$auto$proc_rom.cc:155:do_switch$48$rdmux[0][6][16]$b$541 [11:3]          
$memory$auto$proc_rom.cc:155:do_switch$48$rdmux[0][6][16]$b$541 [1:0] } =       
11'01111111101                                                                  
    Consolidated identical input bits for $mux cell                             
$memory$auto$proc_rom.cc:155:do_switch$48$rdmux[0][7][32]$779:                  
      Old ports: A=12'011111111111, B=12'011111111110,                          
Y=$memory$auto$proc_rom.cc:155:do_switch$48$rdmux[0][6][16]$a$540               
      New ports: A=1'1, B=1'0,                                                  
Y=$memory$auto$proc_rom.cc:155:do_switch$48$rdmux[0][6][16]$a$540 [0]           
      New connections:                                                          
$memory$auto$proc_rom.cc:155:do_switch$48$rdmux[0][6][16]$a$540 [11:1] =        
11'01111111111                                                                  
    Consolidated identical input bits for $mux cell                             
$memory$auto$proc_rom.cc:155:do_switch$48$rdmux[0][7][31]$776:                  
      Old ports: A=12'011111111101, B=12'011111111110,                          
Y=$memory$auto$proc_rom.cc:155:do_switch$48$rdmux[0][6][15]$b$538               
      New ports: A=2'01, B=2'10,                                                
Y=$memory$auto$proc_rom.cc:155:do_switch$48$rdmux[0][6][15]$b$538 [1:0]         
      New connections:                                                          
$memory$auto$proc_rom.cc:155:do_switch$48$rdmux[0][6][15]$b$538 [11:2] =        
10'0111111111                                                                   
    Consolidated identical input bits for $mux cell                             
$memory$auto$proc_rom.cc:155:do_switch$48$rdmux[0][7][30]$773:                  
      Old ports: A=12'011111110101, B=12'011111111001,                          
Y=$memory$auto$proc_rom.cc:155:do_switch$48$rdmux[0][6][15]$a$537               
      New ports: A=2'01, B=2'10,                                                
Y=$memory$auto$proc_rom.cc:155:do_switch$48$rdmux[0][6][15]$a$537 [3:2]         
      New connections: {                                                        
$memory$auto$proc_rom.cc:155:do_switch$48$rdmux[0][6][15]$a$537 [11:4]          
$memory$auto$proc_rom.cc:155:do_switch$48$rdmux[0][6][15]$a$537 [1:0] } =       
10'0111111101                                                                   
    Consolidated identical input bits for $mux cell                             
$memory$auto$proc_rom.cc:155:do_switch$48$rdmux[0][7][29]$770:                  
      Old ports: A=12'011111101001, B=12'011111110000,                          
Y=$memory$auto$proc_rom.cc:155:do_switch$48$rdmux[0][6][14]$b$535               
      New ports: A=2'01, B=2'10, Y={                                            
$memory$auto$proc_rom.cc:155:do_switch$48$rdmux[0][6][14]$b$535 [4]             
$memory$auto$proc_rom.cc:155:do_switch$48$rdmux[0][6][14]$b$535 [0] }           
      New connections: {                                                        
$memory$auto$proc_rom.cc:155:do_switch$48$rdmux[0][6][14]$b$535 [11:5]          
$memory$auto$proc_rom.cc:155:do_switch$48$rdmux[0][6][14]$b$535 [3:1] } = {     
7'0111111 $memory$auto$proc_rom.cc:155:do_switch$48$rdmux[0][6][14]$b$535 [0]   
2'00 }                                                                          
    Consolidated identical input bits for $mux cell                             
$memory$auto$proc_rom.cc:155:do_switch$48$rdmux[0][7][28]$767:                  
      Old ports: A=12'011111011000, B=12'011111100001,                          
Y=$memory$auto$proc_rom.cc:155:do_switch$48$rdmux[0][6][14]$a$534               
      New ports: A=2'10, B=2'01, Y={                                            
$memory$auto$proc_rom.cc:155:do_switch$48$rdmux[0][6][14]$a$534 [3]             
$memory$auto$proc_rom.cc:155:do_switch$48$rdmux[0][6][14]$a$534 [0] }           
      New connections: {                                                        
$memory$auto$proc_rom.cc:155:do_switch$48$rdmux[0][6][14]$a$534 [11:4]          
$memory$auto$proc_rom.cc:155:do_switch$48$rdmux[0][6][14]$a$534 [2:1] } = {     
6'011111 $memory$auto$proc_rom.cc:155:do_switch$48$rdmux[0][6][14]$a$534 [0]    
$memory$auto$proc_rom.cc:155:do_switch$48$rdmux[0][6][14]$a$534 [3] 2'00 }      
    Consolidated identical input bits for $mux cell                             
$memory$auto$proc_rom.cc:155:do_switch$48$rdmux[0][7][27]$764:                  
      Old ports: A=12'011111000010, B=12'011111001101,                          
Y=$memory$auto$proc_rom.cc:155:do_switch$48$rdmux[0][6][13]$b$532               
      New ports: A=2'10, B=2'01,                                                
Y=$memory$auto$proc_rom.cc:155:do_switch$48$rdmux[0][6][13]$b$532 [1:0]         
      New connections:                                                          
$memory$auto$proc_rom.cc:155:do_switch$48$rdmux[0][6][13]$b$532 [11:2] = {      
8'01111100 $memory$auto$proc_rom.cc:155:do_switch$48$rdmux[0][6][13]$b$532 [0]  
$memory$auto$proc_rom.cc:155:do_switch$48$rdmux[0][6][13]$b$532 [0] }           
    Consolidated identical input bits for $mux cell                             
$memory$auto$proc_rom.cc:155:do_switch$48$rdmux[0][7][26]$761:                  
      Old ports: A=12'011110100111, B=12'011110110101,                          
Y=$memory$auto$proc_rom.cc:155:do_switch$48$rdmux[0][6][13]$a$531               
      New ports: A=2'01, B=2'10, Y={                                            
$memory$auto$proc_rom.cc:155:do_switch$48$rdmux[0][6][13]$a$531 [4]             
$memory$auto$proc_rom.cc:155:do_switch$48$rdmux[0][6][13]$a$531 [1] }           
      New connections: {                                                        
$memory$auto$proc_rom.cc:155:do_switch$48$rdmux[0][6][13]$a$531 [11:5]          
$memory$auto$proc_rom.cc:155:do_switch$48$rdmux[0][6][13]$a$531 [3:2]           
$memory$auto$proc_rom.cc:155:do_switch$48$rdmux[0][6][13]$a$531 [0] } =         
10'0111101011                                                                   
    Consolidated identical input bits for $mux cell                             
$memory$auto$proc_rom.cc:155:do_switch$48$rdmux[0][7][25]$758:                  
      Old ports: A=12'011110000111, B=12'011110011000,                          
Y=$memory$auto$proc_rom.cc:155:do_switch$48$rdmux[0][6][12]$b$529               
      New ports: A=2'01, B=2'10, Y={                                            
$memory$auto$proc_rom.cc:155:do_switch$48$rdmux[0][6][12]$b$529 [3]             
$memory$auto$proc_rom.cc:155:do_switch$48$rdmux[0][6][12]$b$529 [0] }           
      New connections: {                                                        
$memory$auto$proc_rom.cc:155:do_switch$48$rdmux[0][6][12]$b$529 [11:4]          
$memory$auto$proc_rom.cc:155:do_switch$48$rdmux[0][6][12]$b$529 [2:1] } = {     
7'0111100 $memory$auto$proc_rom.cc:155:do_switch$48$rdmux[0][6][12]$b$529 [3]   
$memory$auto$proc_rom.cc:155:do_switch$48$rdmux[0][6][12]$b$529 [0]             
$memory$auto$proc_rom.cc:155:do_switch$48$rdmux[0][6][12]$b$529 [0] }           
    Consolidated identical input bits for $mux cell                             
$memory$auto$proc_rom.cc:155:do_switch$48$rdmux[0][7][24]$755:                  
      Old ports: A=12'011101100011, B=12'011101110110,                          
Y=$memory$auto$proc_rom.cc:155:do_switch$48$rdmux[0][6][12]$a$528               
      New ports: A=2'01, B=2'10, Y={                                            
$memory$auto$proc_rom.cc:155:do_switch$48$rdmux[0][6][12]$a$528 [2]             
$memory$auto$proc_rom.cc:155:do_switch$48$rdmux[0][6][12]$a$528 [0] }           
      New connections: {                                                        
$memory$auto$proc_rom.cc:155:do_switch$48$rdmux[0][6][12]$a$528 [11:3]          
$memory$auto$proc_rom.cc:155:do_switch$48$rdmux[0][6][12]$a$528 [1] } = {       
7'0111011 $memory$auto$proc_rom.cc:155:do_switch$48$rdmux[0][6][12]$a$528 [2]   
2'01 }                                                                          
    Consolidated identical input bits for $mux cell                             
$memory$auto$proc_rom.cc:155:do_switch$48$rdmux[0][7][23]$752:                  
      Old ports: A=12'011100111010, B=12'011101001111,                          
Y=$memory$auto$proc_rom.cc:155:do_switch$48$rdmux[0][6][11]$b$526               
      New ports: A=2'10, B=2'01, Y={                                            
$memory$auto$proc_rom.cc:155:do_switch$48$rdmux[0][6][11]$b$526 [4]             
$memory$auto$proc_rom.cc:155:do_switch$48$rdmux[0][6][11]$b$526 [0] }           
      New connections: {                                                        
$memory$auto$proc_rom.cc:155:do_switch$48$rdmux[0][6][11]$b$526 [11:5]          
$memory$auto$proc_rom.cc:155:do_switch$48$rdmux[0][6][11]$b$526 [3:1] } = {     
5'01110 $memory$auto$proc_rom.cc:155:do_switch$48$rdmux[0][6][11]$b$526 [0]     
$memory$auto$proc_rom.cc:155:do_switch$48$rdmux[0][6][11]$b$526 [4] 1'1         
$memory$auto$proc_rom.cc:155:do_switch$48$rdmux[0][6][11]$b$526 [0] 1'1 }       
    Consolidated identical input bits for $mux cell                             
$memory$auto$proc_rom.cc:155:do_switch$48$rdmux[0][7][22]$749:                  
      Old ports: A=12'011100001101, B=12'011100100100,                          
Y=$memory$auto$proc_rom.cc:155:do_switch$48$rdmux[0][6][11]$a$525               
      New ports: A=2'01, B=2'10, Y={                                            
$memory$auto$proc_rom.cc:155:do_switch$48$rdmux[0][6][11]$a$525 [5]             
$memory$auto$proc_rom.cc:155:do_switch$48$rdmux[0][6][11]$a$525 [0] }           
      New connections: {                                                        
$memory$auto$proc_rom.cc:155:do_switch$48$rdmux[0][6][11]$a$525 [11:6]          
$memory$auto$proc_rom.cc:155:do_switch$48$rdmux[0][6][11]$a$525 [4:1] } = {     
7'0111000 $memory$auto$proc_rom.cc:155:do_switch$48$rdmux[0][6][11]$a$525 [0]   
2'10 }                                                                          
    Consolidated identical input bits for $mux cell                             
$memory$auto$proc_rom.cc:155:do_switch$48$rdmux[0][7][21]$746:                  
      Old ports: A=12'011011011100, B=12'011011110101,                          
Y=$memory$auto$proc_rom.cc:155:do_switch$48$rdmux[0][6][10]$b$523               
      New ports: A=2'10, B=2'01, Y={                                            
$memory$auto$proc_rom.cc:155:do_switch$48$rdmux[0][6][10]$b$523 [3]             
$memory$auto$proc_rom.cc:155:do_switch$48$rdmux[0][6][10]$b$523 [0] }           
      New connections: {                                                        
$memory$auto$proc_rom.cc:155:do_switch$48$rdmux[0][6][10]$b$523 [11:4]          
$memory$auto$proc_rom.cc:155:do_switch$48$rdmux[0][6][10]$b$523 [2:1] } = {     
6'011011 $memory$auto$proc_rom.cc:155:do_switch$48$rdmux[0][6][10]$b$523 [0]    
3'110 }                                                                         
    Consolidated identical input bits for $mux cell                             
$memory$auto$proc_rom.cc:155:do_switch$48$rdmux[0][7][20]$743:                  
      Old ports: A=12'011010100110, B=12'011011000001,                          
Y=$memory$auto$proc_rom.cc:155:do_switch$48$rdmux[0][6][10]$a$522               
      New ports: A=2'10, B=2'01,                                                
Y=$memory$auto$proc_rom.cc:155:do_switch$48$rdmux[0][6][10]$a$522 [1:0]         
      New connections:                                                          
$memory$auto$proc_rom.cc:155:do_switch$48$rdmux[0][6][10]$a$522 [11:2] = {      
5'01101 $memory$auto$proc_rom.cc:155:do_switch$48$rdmux[0][6][10]$a$522 [0]     
$memory$auto$proc_rom.cc:155:do_switch$48$rdmux[0][6][10]$a$522 [1] 2'00        
$memory$auto$proc_rom.cc:155:do_switch$48$rdmux[0][6][10]$a$522 [1] }           
    Consolidated identical input bits for $mux cell                             
$memory$auto$proc_rom.cc:155:do_switch$48$rdmux[0][7][19]$740:                  
      Old ports: A=12'011001101100, B=12'011010001010,                          
Y=$memory$auto$proc_rom.cc:155:do_switch$48$rdmux[0][6][9]$b$520                
      New ports: A=2'10, B=2'01,                                                
Y=$memory$auto$proc_rom.cc:155:do_switch$48$rdmux[0][6][9]$b$520 [2:1]          
      New connections: {                                                        
$memory$auto$proc_rom.cc:155:do_switch$48$rdmux[0][6][9]$b$520 [11:3]           
$memory$auto$proc_rom.cc:155:do_switch$48$rdmux[0][6][9]$b$520 [0] } = { 4'0110 
$memory$auto$proc_rom.cc:155:do_switch$48$rdmux[0][6][9]$b$520 [1]              
$memory$auto$proc_rom.cc:155:do_switch$48$rdmux[0][6][9]$b$520 [2]              
$memory$auto$proc_rom.cc:155:do_switch$48$rdmux[0][6][9]$b$520 [2] 3'010 }      
    Consolidated identical input bits for $mux cell                             
$memory$auto$proc_rom.cc:155:do_switch$48$rdmux[0][7][18]$737:                  
      Old ports: A=12'011000101110, B=12'011001001110,                          
Y=$memory$auto$proc_rom.cc:155:do_switch$48$rdmux[0][6][9]$a$519                
      New ports: A=2'01, B=2'10,                                                
Y=$memory$auto$proc_rom.cc:155:do_switch$48$rdmux[0][6][9]$a$519 [6:5]          
      New connections: {                                                        
$memory$auto$proc_rom.cc:155:do_switch$48$rdmux[0][6][9]$a$519 [11:7]           
$memory$auto$proc_rom.cc:155:do_switch$48$rdmux[0][6][9]$a$519 [4:0] } =        
10'0110001110                                                                   
    Consolidated identical input bits for $mux cell                             
$memory$auto$proc_rom.cc:155:do_switch$48$rdmux[0][7][17]$734:                  
      Old ports: A=12'010111101101, B=12'011000001110,                          
Y=$memory$auto$proc_rom.cc:155:do_switch$48$rdmux[0][6][8]$b$517                
      New ports: A=2'01, B=2'10,                                                
Y=$memory$auto$proc_rom.cc:155:do_switch$48$rdmux[0][6][8]$b$517 [1:0]          
      New connections:                                                          
$memory$auto$proc_rom.cc:155:do_switch$48$rdmux[0][6][8]$b$517 [11:2] = { 2'01  
$memory$auto$proc_rom.cc:155:do_switch$48$rdmux[0][6][8]$b$517 [1:0]            
$memory$auto$proc_rom.cc:155:do_switch$48$rdmux[0][6][8]$b$517 [0]              
$memory$auto$proc_rom.cc:155:do_switch$48$rdmux[0][6][8]$b$517 [0]              
$memory$auto$proc_rom.cc:155:do_switch$48$rdmux[0][6][8]$b$517 [0] 3'011 }      
    Consolidated identical input bits for $mux cell                             
$memory$auto$proc_rom.cc:155:do_switch$48$rdmux[0][7][16]$731:                  
      Old ports: A=12'010110100111, B=12'010111001011,                          
Y=$memory$auto$proc_rom.cc:155:do_switch$48$rdmux[0][6][8]$a$516                
      New ports: A=2'01, B=2'10,                                                
Y=$memory$auto$proc_rom.cc:155:do_switch$48$rdmux[0][6][8]$a$516 [3:2]          
      New connections: {                                                        
$memory$auto$proc_rom.cc:155:do_switch$48$rdmux[0][6][8]$a$516 [11:4]           
$memory$auto$proc_rom.cc:155:do_switch$48$rdmux[0][6][8]$a$516 [1:0] } = {      
5'01011 $memory$auto$proc_rom.cc:155:do_switch$48$rdmux[0][6][8]$a$516 [3:2]    
3'011 }                                                                         
    Consolidated identical input bits for $mux cell                             
$memory$auto$proc_rom.cc:155:do_switch$48$rdmux[0][7][15]$728:                  
      Old ports: A=12'010101011111, B=12'010110000011,                          
Y=$memory$auto$proc_rom.cc:155:do_switch$48$rdmux[0][6][7]$b$514                
      New ports: A=2'01, B=2'10, Y={                                            
$memory$auto$proc_rom.cc:155:do_switch$48$rdmux[0][6][7]$b$514 [7]              
$memory$auto$proc_rom.cc:155:do_switch$48$rdmux[0][6][7]$b$514 [2] }            
      New connections: {                                                        
$memory$auto$proc_rom.cc:155:do_switch$48$rdmux[0][6][7]$b$514 [11:8]           
$memory$auto$proc_rom.cc:155:do_switch$48$rdmux[0][6][7]$b$514 [6:3]            
$memory$auto$proc_rom.cc:155:do_switch$48$rdmux[0][6][7]$b$514 [1:0] } = {      
4'0101 $memory$auto$proc_rom.cc:155:do_switch$48$rdmux[0][6][7]$b$514 [2] 1'0   
$memory$auto$proc_rom.cc:155:do_switch$48$rdmux[0][6][7]$b$514 [2]              
$memory$auto$proc_rom.cc:155:do_switch$48$rdmux[0][6][7]$b$514 [2] 2'11 }       
    Consolidated identical input bits for $mux cell                             
$memory$auto$proc_rom.cc:155:do_switch$48$rdmux[0][7][14]$725:                  
      Old ports: A=12'010100010011, B=12'010100111001,                          
Y=$memory$auto$proc_rom.cc:155:do_switch$48$rdmux[0][6][7]$a$513                
      New ports: A=2'01, B=2'10, Y={                                            
$memory$auto$proc_rom.cc:155:do_switch$48$rdmux[0][6][7]$a$513 [3]              
$memory$auto$proc_rom.cc:155:do_switch$48$rdmux[0][6][7]$a$513 [1] }            
      New connections: {                                                        
$memory$auto$proc_rom.cc:155:do_switch$48$rdmux[0][6][7]$a$513 [11:4]           
$memory$auto$proc_rom.cc:155:do_switch$48$rdmux[0][6][7]$a$513 [2]              
$memory$auto$proc_rom.cc:155:do_switch$48$rdmux[0][6][7]$a$513 [0] } = {        
6'010100 $memory$auto$proc_rom.cc:155:do_switch$48$rdmux[0][6][7]$a$513 [3]     
3'101 }                                                                         
    Consolidated identical input bits for $mux cell                             
$memory$auto$proc_rom.cc:155:do_switch$48$rdmux[0][7][13]$722:                  
      Old ports: A=12'010011000011, B=12'010011101011,                          
Y=$memory$auto$proc_rom.cc:155:do_switch$48$rdmux[0][6][6]$b$511                
      New ports: A=1'0, B=1'1,                                                  
Y=$memory$auto$proc_rom.cc:155:do_switch$48$rdmux[0][6][6]$b$511 [3]            
      New connections: {                                                        
$memory$auto$proc_rom.cc:155:do_switch$48$rdmux[0][6][6]$b$511 [11:4]           
$memory$auto$proc_rom.cc:155:do_switch$48$rdmux[0][6][6]$b$511 [2:0] } = {      
6'010011 $memory$auto$proc_rom.cc:155:do_switch$48$rdmux[0][6][6]$b$511 [3]     
4'0011 }                                                                        
    Consolidated identical input bits for $mux cell                             
$memory$auto$proc_rom.cc:155:do_switch$48$rdmux[0][7][12]$719:                  
      Old ports: A=12'010001110001, B=12'010010011011,                          
Y=$memory$auto$proc_rom.cc:155:do_switch$48$rdmux[0][6][6]$a$510                
      New ports: A=2'10, B=2'01, Y={                                            
$memory$auto$proc_rom.cc:155:do_switch$48$rdmux[0][6][6]$a$510 [5]              
$memory$auto$proc_rom.cc:155:do_switch$48$rdmux[0][6][6]$a$510 [1] }            
      New connections: {                                                        
$memory$auto$proc_rom.cc:155:do_switch$48$rdmux[0][6][6]$a$510 [11:6]           
$memory$auto$proc_rom.cc:155:do_switch$48$rdmux[0][6][6]$a$510 [4:2]            
$memory$auto$proc_rom.cc:155:do_switch$48$rdmux[0][6][6]$a$510 [0] } = { 4'0100 
$memory$auto$proc_rom.cc:155:do_switch$48$rdmux[0][6][6]$a$510 [1]              
$memory$auto$proc_rom.cc:155:do_switch$48$rdmux[0][6][6]$a$510 [5] 1'1          
$memory$auto$proc_rom.cc:155:do_switch$48$rdmux[0][6][6]$a$510 [1] 2'01 }       
    Consolidated identical input bits for $mux cell                             
$memory$auto$proc_rom.cc:155:do_switch$48$rdmux[0][7][11]$716:                  
      Old ports: A=12'010000011100, B=12'010001000111,                          
Y=$memory$auto$proc_rom.cc:155:do_switch$48$rdmux[0][6][5]$b$508                
      New ports: A=2'10, B=2'01, Y={                                            
$memory$auto$proc_rom.cc:155:do_switch$48$rdmux[0][6][5]$b$508 [3]              
$memory$auto$proc_rom.cc:155:do_switch$48$rdmux[0][6][5]$b$508 [0] }            
      New connections: {                                                        
$memory$auto$proc_rom.cc:155:do_switch$48$rdmux[0][6][5]$b$508 [11:4]           
$memory$auto$proc_rom.cc:155:do_switch$48$rdmux[0][6][5]$b$508 [2:1] } = {      
5'01000 $memory$auto$proc_rom.cc:155:do_switch$48$rdmux[0][6][5]$b$508 [0] 1'0  
$memory$auto$proc_rom.cc:155:do_switch$48$rdmux[0][6][5]$b$508 [3] 1'1          
$memory$auto$proc_rom.cc:155:do_switch$48$rdmux[0][6][5]$b$508 [0] }            
    Consolidated identical input bits for $mux cell                             
$memory$auto$proc_rom.cc:155:do_switch$48$rdmux[0][7][10]$713:                  
      Old ports: A=12'001111000101, B=12'001111110001,                          
Y=$memory$auto$proc_rom.cc:155:do_switch$48$rdmux[0][6][5]$a$507                
      New ports: A=2'01, B=2'10, Y={                                            
$memory$auto$proc_rom.cc:155:do_switch$48$rdmux[0][6][5]$a$507 [4]              
$memory$auto$proc_rom.cc:155:do_switch$48$rdmux[0][6][5]$a$507 [2] }            
      New connections: {                                                        
$memory$auto$proc_rom.cc:155:do_switch$48$rdmux[0][6][5]$a$507 [11:5]           
$memory$auto$proc_rom.cc:155:do_switch$48$rdmux[0][6][5]$a$507 [3]              
$memory$auto$proc_rom.cc:155:do_switch$48$rdmux[0][6][5]$a$507 [1:0] } = {      
6'001111 $memory$auto$proc_rom.cc:155:do_switch$48$rdmux[0][6][5]$a$507 [4]     
3'001 }                                                                         
    Consolidated identical input bits for $mux cell                             
$memory$auto$proc_rom.cc:155:do_switch$48$rdmux[0][7][9]$710:                   
      Old ports: A=12'001101101011, B=12'001110011000,                          
Y=$memory$auto$proc_rom.cc:155:do_switch$48$rdmux[0][6][4]$b$505                
      New ports: A=2'01, B=2'10, Y={                                            
$memory$auto$proc_rom.cc:155:do_switch$48$rdmux[0][6][4]$b$505 [4]              
$memory$auto$proc_rom.cc:155:do_switch$48$rdmux[0][6][4]$b$505 [0] }            
      New connections: {                                                        
$memory$auto$proc_rom.cc:155:do_switch$48$rdmux[0][6][4]$b$505 [11:5]           
$memory$auto$proc_rom.cc:155:do_switch$48$rdmux[0][6][4]$b$505 [3:1] } = {      
4'0011 $memory$auto$proc_rom.cc:155:do_switch$48$rdmux[0][6][4]$b$505 [4]       
$memory$auto$proc_rom.cc:155:do_switch$48$rdmux[0][6][4]$b$505 [0]              
$memory$auto$proc_rom.cc:155:do_switch$48$rdmux[0][6][4]$b$505 [0] 2'10         
$memory$auto$proc_rom.cc:155:do_switch$48$rdmux[0][6][4]$b$505 [0] }            
    Consolidated identical input bits for $mux cell                             
$memory$auto$proc_rom.cc:155:do_switch$48$rdmux[0][7][8]$707:                   
      Old ports: A=12'001100001111, B=12'001100111110,                          
Y=$memory$auto$proc_rom.cc:155:do_switch$48$rdmux[0][6][4]$a$504                
      New ports: A=2'01, B=2'10, Y={                                            
$memory$auto$proc_rom.cc:155:do_switch$48$rdmux[0][6][4]$a$504 [4]              
$memory$auto$proc_rom.cc:155:do_switch$48$rdmux[0][6][4]$a$504 [0] }            
      New connections: {                                                        
$memory$auto$proc_rom.cc:155:do_switch$48$rdmux[0][6][4]$a$504 [11:5]           
$memory$auto$proc_rom.cc:155:do_switch$48$rdmux[0][6][4]$a$504 [3:1] } = {      
6'001100 $memory$auto$proc_rom.cc:155:do_switch$48$rdmux[0][6][4]$a$504 [4]     
3'111 }                                                                         
    Consolidated identical input bits for $mux cell                             
$memory$auto$proc_rom.cc:155:do_switch$48$rdmux[0][7][7]$704:                   
      Old ports: A=12'001010110010, B=12'001011100001,                          
Y=$memory$auto$proc_rom.cc:155:do_switch$48$rdmux[0][6][3]$b$502                
      New ports: A=2'10, B=2'01,                                                
Y=$memory$auto$proc_rom.cc:155:do_switch$48$rdmux[0][6][3]$b$502 [1:0]          
      New connections:                                                          
$memory$auto$proc_rom.cc:155:do_switch$48$rdmux[0][6][3]$b$502 [11:2] = {       
5'00101 $memory$auto$proc_rom.cc:155:do_switch$48$rdmux[0][6][3]$b$502 [0] 1'1  
$memory$auto$proc_rom.cc:155:do_switch$48$rdmux[0][6][3]$b$502 [1] 2'00 }       
    Consolidated identical input bits for $mux cell                             
$memory$auto$proc_rom.cc:155:do_switch$48$rdmux[0][7][6]$701:                   
      Old ports: A=12'001001010010, B=12'001010000010,                          
Y=$memory$auto$proc_rom.cc:155:do_switch$48$rdmux[0][6][3]$a$501                
      New ports: A=2'01, B=2'10, Y={                                            
$memory$auto$proc_rom.cc:155:do_switch$48$rdmux[0][6][3]$a$501 [7]              
$memory$auto$proc_rom.cc:155:do_switch$48$rdmux[0][6][3]$a$501 [4] }            
      New connections: {                                                        
$memory$auto$proc_rom.cc:155:do_switch$48$rdmux[0][6][3]$a$501 [11:8]           
$memory$auto$proc_rom.cc:155:do_switch$48$rdmux[0][6][3]$a$501 [6:5]            
$memory$auto$proc_rom.cc:155:do_switch$48$rdmux[0][6][3]$a$501 [3:0] } = {      
4'0010 $memory$auto$proc_rom.cc:155:do_switch$48$rdmux[0][6][3]$a$501 [4]       
5'00010 }                                                                       
    Consolidated identical input bits for $mux cell                             
$memory$auto$proc_rom.cc:155:do_switch$48$rdmux[0][7][5]$698:                   
      Old ports: A=12'000111110001, B=12'001000100010,                          
Y=$memory$auto$proc_rom.cc:155:do_switch$48$rdmux[0][6][2]$b$499                
      New ports: A=2'01, B=2'10,                                                
Y=$memory$auto$proc_rom.cc:155:do_switch$48$rdmux[0][6][2]$b$499 [1:0]          
      New connections:                                                          
$memory$auto$proc_rom.cc:155:do_switch$48$rdmux[0][6][2]$b$499 [11:2] = { 2'00  
$memory$auto$proc_rom.cc:155:do_switch$48$rdmux[0][6][2]$b$499 [1:0]            
$memory$auto$proc_rom.cc:155:do_switch$48$rdmux[0][6][2]$b$499 [0]              
$memory$auto$proc_rom.cc:155:do_switch$48$rdmux[0][6][2]$b$499 [0] 1'1          
$memory$auto$proc_rom.cc:155:do_switch$48$rdmux[0][6][2]$b$499 [0] 2'00 }       
    Consolidated identical input bits for $mux cell                             
$memory$auto$proc_rom.cc:155:do_switch$48$rdmux[0][7][4]$695:                   
      Old ports: A=12'000110001111, B=12'000111000001,                          
Y=$memory$auto$proc_rom.cc:155:do_switch$48$rdmux[0][6][2]$a$498                
      New ports: A=2'01, B=2'10, Y={                                            
$memory$auto$proc_rom.cc:155:do_switch$48$rdmux[0][6][2]$a$498 [6]              
$memory$auto$proc_rom.cc:155:do_switch$48$rdmux[0][6][2]$a$498 [1] }            
      New connections: {                                                        
$memory$auto$proc_rom.cc:155:do_switch$48$rdmux[0][6][2]$a$498 [11:7]           
$memory$auto$proc_rom.cc:155:do_switch$48$rdmux[0][6][2]$a$498 [5:2]            
$memory$auto$proc_rom.cc:155:do_switch$48$rdmux[0][6][2]$a$498 [0] } = {        
7'0001100 $memory$auto$proc_rom.cc:155:do_switch$48$rdmux[0][6][2]$a$498 [1]    
$memory$auto$proc_rom.cc:155:do_switch$48$rdmux[0][6][2]$a$498 [1] 1'1 }        
    Consolidated identical input bits for $mux cell                             
$memory$auto$proc_rom.cc:155:do_switch$48$rdmux[0][7][3]$692:                   
      Old ports: A=12'000100101100, B=12'000101011110,                          
Y=$memory$auto$proc_rom.cc:155:do_switch$48$rdmux[0][6][1]$b$496                
      New ports: A=2'10, B=2'01, Y={                                            
$memory$auto$proc_rom.cc:155:do_switch$48$rdmux[0][6][1]$b$496 [5]              
$memory$auto$proc_rom.cc:155:do_switch$48$rdmux[0][6][1]$b$496 [1] }            
      New connections: {                                                        
$memory$auto$proc_rom.cc:155:do_switch$48$rdmux[0][6][1]$b$496 [11:6]           
$memory$auto$proc_rom.cc:155:do_switch$48$rdmux[0][6][1]$b$496 [4:2]            
$memory$auto$proc_rom.cc:155:do_switch$48$rdmux[0][6][1]$b$496 [0] } = { 5'00010
$memory$auto$proc_rom.cc:155:do_switch$48$rdmux[0][6][1]$b$496 [1]              
$memory$auto$proc_rom.cc:155:do_switch$48$rdmux[0][6][1]$b$496 [1] 3'110 }      
    Consolidated identical input bits for $mux cell                             
$memory$auto$proc_rom.cc:155:do_switch$48$rdmux[0][7][2]$689:                   
      Old ports: A=12'000011001001, B=12'000011111011,                          
Y=$memory$auto$proc_rom.cc:155:do_switch$48$rdmux[0][6][1]$a$495                
      New ports: A=1'0, B=1'1,                                                  
Y=$memory$auto$proc_rom.cc:155:do_switch$48$rdmux[0][6][1]$a$495 [1]            
      New connections: {                                                        
$memory$auto$proc_rom.cc:155:do_switch$48$rdmux[0][6][1]$a$495 [11:2]           
$memory$auto$proc_rom.cc:155:do_switch$48$rdmux[0][6][1]$a$495 [0] } = {        
6'000011 $memory$auto$proc_rom.cc:155:do_switch$48$rdmux[0][6][1]$a$495 [1]     
$memory$auto$proc_rom.cc:155:do_switch$48$rdmux[0][6][1]$a$495 [1] 3'101 }      
    Consolidated identical input bits for $mux cell                             
$memory$auto$proc_rom.cc:155:do_switch$48$rdmux[0][7][1]$686:                   
      Old ports: A=12'000001100100, B=12'000010010111,                          
Y=$memory$auto$proc_rom.cc:155:do_switch$48$rdmux[0][6][0]$b$493                
      New ports: A=2'10, B=2'01, Y={                                            
$memory$auto$proc_rom.cc:155:do_switch$48$rdmux[0][6][0]$b$493 [5]              
$memory$auto$proc_rom.cc:155:do_switch$48$rdmux[0][6][0]$b$493 [0] }            
      New connections: {                                                        
$memory$auto$proc_rom.cc:155:do_switch$48$rdmux[0][6][0]$b$493 [11:6]           
$memory$auto$proc_rom.cc:155:do_switch$48$rdmux[0][6][0]$b$493 [4:1] } = {      
4'0000 $memory$auto$proc_rom.cc:155:do_switch$48$rdmux[0][6][0]$b$493 [0]       
$memory$auto$proc_rom.cc:155:do_switch$48$rdmux[0][6][0]$b$493 [5]              
$memory$auto$proc_rom.cc:155:do_switch$48$rdmux[0][6][0]$b$493 [0] 2'01         
$memory$auto$proc_rom.cc:155:do_switch$48$rdmux[0][6][0]$b$493 [0] }            
    Consolidated identical input bits for $mux cell                             
$memory$auto$proc_rom.cc:155:do_switch$48$rdmux[0][7][0]$683:                   
      Old ports: A=12'000000000000, B=12'000000110010,                          
Y=$memory$auto$proc_rom.cc:155:do_switch$48$rdmux[0][6][0]$a$492                
      New ports: A=1'0, B=1'1,                                                  
Y=$memory$auto$proc_rom.cc:155:do_switch$48$rdmux[0][6][0]$a$492 [1]            
      New connections: {                                                        
$memory$auto$proc_rom.cc:155:do_switch$48$rdmux[0][6][0]$a$492 [11:2]           
$memory$auto$proc_rom.cc:155:do_switch$48$rdmux[0][6][0]$a$492 [0] } = {        
6'000000 $memory$auto$proc_rom.cc:155:do_switch$48$rdmux[0][6][0]$a$492 [1]     
$memory$auto$proc_rom.cc:155:do_switch$48$rdmux[0][6][0]$a$492 [1] 3'000 }      
    Consolidated identical input bits for $mux cell                             
$memory$auto$proc_rom.cc:155:do_switch$48$rdmux[0][7][127]$1064:                
      Old ports: A=12'111110011100, B=12'111111001110,                          
Y=$memory$auto$proc_rom.cc:155:do_switch$48$rdmux[0][6][63]$b$682               
      New ports: A=2'10, B=2'01, Y={                                            
$memory$auto$proc_rom.cc:155:do_switch$48$rdmux[0][6][63]$b$682 [4]             
$memory$auto$proc_rom.cc:155:do_switch$48$rdmux[0][6][63]$b$682 [1] }           
      New connections: {                                                        
$memory$auto$proc_rom.cc:155:do_switch$48$rdmux[0][6][63]$b$682 [11:5]          
$memory$auto$proc_rom.cc:155:do_switch$48$rdmux[0][6][63]$b$682 [3:2]           
$memory$auto$proc_rom.cc:155:do_switch$48$rdmux[0][6][63]$b$682 [0] } = {       
5'11111 $memory$auto$proc_rom.cc:155:do_switch$48$rdmux[0][6][63]$b$682 [1]     
4'0110 }                                                                        
    Consolidated identical input bits for $pmux cell $procmux$68:               
      Old ports: A=14'10101110110001,                                           
B=42'010101110110000110110100111110000011000101, Y=\_323                        
      New ports: A=12'101110110001, B=36'010111011000001101001111100011000101,  
Y={ \_323 [13] \_323 [10:0] }                                                   
      New connections: \_323 [12:11] = { \_323 [3] \_323 [9] }                  
    Consolidated identical input bits for $mux cell $procmux$79:                
      Old ports: A=16'1010111111001000, B=16'0111010100110000, Y=\_302          
      New ports: A=2'01, B=2'10, Y=\_302 [4:3]                                  
      New connections: { \_302 [15:5] \_302 [2:0] } = { \_302 [3] \_302 [4] 1'1 
\_302 [4:3] 1'1 \_302 [3] 1'1 \_302 [3] \_302 [3] \_302 [4] 3'000 }             
    Consolidated identical input bits for $mux cell                             
$ternary$/home/matthias/prog/janestreet/emulator/prototypes/one-bit-synth/one_bi
t_synth.v:272$7:                                                                
      Old ports: A=20'11111000000000000000, B=20'00001000000000000000, Y=\_339  
      New ports: A=1'1, B=1'0, Y=\_339 [16]                                     
      New connections: { \_339 [19:17] \_339 [15:0] } = { \_339 [16] \_339 [16] 
\_339 [16] 16'1000000000000000 }                                                
  Optimizing cells in module \one_bit_synth.                                    
    Consolidated identical input bits for $mux cell                             
$memory$auto$proc_rom.cc:155:do_switch$48$rdmux[0][6][63]$680:                  
      Old ports:                                                                
A=$memory$auto$proc_rom.cc:155:do_switch$48$rdmux[0][6][63]$a$681,              
B=$memory$auto$proc_rom.cc:155:do_switch$48$rdmux[0][6][63]$b$682,              
Y=$memory$auto$proc_rom.cc:155:do_switch$48$rdmux[0][5][31]$b$490               
      New ports: A={ 1'0                                                        
$memory$auto$proc_rom.cc:155:do_switch$48$rdmux[0][6][63]$a$681 [3]             
$memory$auto$proc_rom.cc:155:do_switch$48$rdmux[0][6][63]$a$681 [1]             
$memory$auto$proc_rom.cc:155:do_switch$48$rdmux[0][6][63]$a$681 [3]             
$memory$auto$proc_rom.cc:155:do_switch$48$rdmux[0][6][63]$a$681 [1]             
$memory$auto$proc_rom.cc:155:do_switch$48$rdmux[0][6][63]$a$681 [1] 1'1 }, B={  
1'1 $memory$auto$proc_rom.cc:155:do_switch$48$rdmux[0][6][63]$b$682 [1]         
$memory$auto$proc_rom.cc:155:do_switch$48$rdmux[0][6][63]$b$682 [4] 2'11        
$memory$auto$proc_rom.cc:155:do_switch$48$rdmux[0][6][63]$b$682 [1] 1'0 }, Y={  
$memory$auto$proc_rom.cc:155:do_switch$48$rdmux[0][5][31]$b$490 [7:6]           
$memory$auto$proc_rom.cc:155:do_switch$48$rdmux[0][5][31]$b$490 [4:0] }         
      New connections: {                                                        
$memory$auto$proc_rom.cc:155:do_switch$48$rdmux[0][5][31]$b$490 [11:8]          
$memory$auto$proc_rom.cc:155:do_switch$48$rdmux[0][5][31]$b$490 [5] } = { 4'1111
$memory$auto$proc_rom.cc:155:do_switch$48$rdmux[0][5][31]$b$490 [0] }           
    Consolidated identical input bits for $mux cell                             
$memory$auto$proc_rom.cc:155:do_switch$48$rdmux[0][6][62]$677:                  
      Old ports:                                                                
A=$memory$auto$proc_rom.cc:155:do_switch$48$rdmux[0][6][62]$a$678,              
B=$memory$auto$proc_rom.cc:155:do_switch$48$rdmux[0][6][62]$b$679,              
Y=$memory$auto$proc_rom.cc:155:do_switch$48$rdmux[0][5][31]$a$489               
      New ports: A={ 1'0                                                        
$memory$auto$proc_rom.cc:155:do_switch$48$rdmux[0][6][62]$a$678 [1] 1'1         
$memory$auto$proc_rom.cc:155:do_switch$48$rdmux[0][6][62]$a$678 [0] 1'0         
$memory$auto$proc_rom.cc:155:do_switch$48$rdmux[0][6][62]$a$678 [1:0] }, B={    
$memory$auto$proc_rom.cc:155:do_switch$48$rdmux[0][6][62]$b$679 [0]             
$memory$auto$proc_rom.cc:155:do_switch$48$rdmux[0][6][62]$b$679 [4] 1'0         
$memory$auto$proc_rom.cc:155:do_switch$48$rdmux[0][6][62]$b$679 [4] 2'10        
$memory$auto$proc_rom.cc:155:do_switch$48$rdmux[0][6][62]$b$679 [0] }, Y={      
$memory$auto$proc_rom.cc:155:do_switch$48$rdmux[0][5][31]$a$489 [8:7]           
$memory$auto$proc_rom.cc:155:do_switch$48$rdmux[0][5][31]$a$489 [5:4]           
$memory$auto$proc_rom.cc:155:do_switch$48$rdmux[0][5][31]$a$489 [2:0] }         
      New connections: {                                                        
$memory$auto$proc_rom.cc:155:do_switch$48$rdmux[0][5][31]$a$489 [11:9]          
$memory$auto$proc_rom.cc:155:do_switch$48$rdmux[0][5][31]$a$489 [6]             
$memory$auto$proc_rom.cc:155:do_switch$48$rdmux[0][5][31]$a$489 [3] } = { 3'111 
$memory$auto$proc_rom.cc:155:do_switch$48$rdmux[0][5][31]$a$489 [4] 1'0 }       
    Consolidated identical input bits for $mux cell                             
$memory$auto$proc_rom.cc:155:do_switch$48$rdmux[0][6][61]$674:                  
      Old ports:                                                                
A=$memory$auto$proc_rom.cc:155:do_switch$48$rdmux[0][6][61]$a$675,              
B=$memory$auto$proc_rom.cc:155:do_switch$48$rdmux[0][6][61]$b$676,              
Y=$memory$auto$proc_rom.cc:155:do_switch$48$rdmux[0][5][30]$b$487               
      New ports: A={ 1'1                                                        
$memory$auto$proc_rom.cc:155:do_switch$48$rdmux[0][6][61]$a$675 [4]             
$memory$auto$proc_rom.cc:155:do_switch$48$rdmux[0][6][61]$a$675 [5:4] 1'0 }, B={
2'00 $memory$auto$proc_rom.cc:155:do_switch$48$rdmux[0][6][61]$b$676 [4]        
$memory$auto$proc_rom.cc:155:do_switch$48$rdmux[0][6][61]$b$676 [4] 1'1 }, Y={  
$memory$auto$proc_rom.cc:155:do_switch$48$rdmux[0][5][30]$b$487 [7:4]           
$memory$auto$proc_rom.cc:155:do_switch$48$rdmux[0][5][30]$b$487 [0] }           
      New connections: {                                                        
$memory$auto$proc_rom.cc:155:do_switch$48$rdmux[0][5][30]$b$487 [11:8]          
$memory$auto$proc_rom.cc:155:do_switch$48$rdmux[0][5][30]$b$487 [3:1] } = { 2'11
$memory$auto$proc_rom.cc:155:do_switch$48$rdmux[0][5][30]$b$487 [0]             
$memory$auto$proc_rom.cc:155:do_switch$48$rdmux[0][5][30]$b$487 [7] 3'111 }     
    Consolidated identical input bits for $mux cell                             
$memory$auto$proc_rom.cc:155:do_switch$48$rdmux[0][6][60]$671:                  
      Old ports:                                                                
A=$memory$auto$proc_rom.cc:155:do_switch$48$rdmux[0][6][60]$a$672,              
B=$memory$auto$proc_rom.cc:155:do_switch$48$rdmux[0][6][60]$b$673,              
Y=$memory$auto$proc_rom.cc:155:do_switch$48$rdmux[0][5][30]$a$486               
      New ports: A={                                                            
$memory$auto$proc_rom.cc:155:do_switch$48$rdmux[0][6][60]$a$672 [5]             
$memory$auto$proc_rom.cc:155:do_switch$48$rdmux[0][6][60]$a$672 [5]             
$memory$auto$proc_rom.cc:155:do_switch$48$rdmux[0][6][60]$a$672 [5] 1'1         
$memory$auto$proc_rom.cc:155:do_switch$48$rdmux[0][6][60]$a$672 [1] 1'1 }, B={  
2'01 $memory$auto$proc_rom.cc:155:do_switch$48$rdmux[0][6][60]$b$673 [4]        
$memory$auto$proc_rom.cc:155:do_switch$48$rdmux[0][6][60]$b$673 [4] 2'10 }, Y={ 
$memory$auto$proc_rom.cc:155:do_switch$48$rdmux[0][5][30]$a$486 [7:4]           
$memory$auto$proc_rom.cc:155:do_switch$48$rdmux[0][5][30]$a$486 [1:0] }         
      New connections: {                                                        
$memory$auto$proc_rom.cc:155:do_switch$48$rdmux[0][5][30]$a$486 [11:8]          
$memory$auto$proc_rom.cc:155:do_switch$48$rdmux[0][5][30]$a$486 [3:2] } = {     
3'110 $memory$auto$proc_rom.cc:155:do_switch$48$rdmux[0][5][30]$a$486 [1]       
$memory$auto$proc_rom.cc:155:do_switch$48$rdmux[0][5][30]$a$486 [1]             
$memory$auto$proc_rom.cc:155:do_switch$48$rdmux[0][5][30]$a$486 [1] }           
    Consolidated identical input bits for $mux cell                             
$memory$auto$proc_rom.cc:155:do_switch$48$rdmux[0][6][59]$668:                  
      Old ports:                                                                
A=$memory$auto$proc_rom.cc:155:do_switch$48$rdmux[0][6][59]$a$669,              
B=$memory$auto$proc_rom.cc:155:do_switch$48$rdmux[0][6][59]$b$670,              
Y=$memory$auto$proc_rom.cc:155:do_switch$48$rdmux[0][5][29]$b$484               
      New ports: A={ 1'0                                                        
$memory$auto$proc_rom.cc:155:do_switch$48$rdmux[0][6][59]$a$669 [6] 2'10        
$memory$auto$proc_rom.cc:155:do_switch$48$rdmux[0][6][59]$a$669 [0]             
$memory$auto$proc_rom.cc:155:do_switch$48$rdmux[0][6][59]$a$669 [0] }, B={ 1'1  
$memory$auto$proc_rom.cc:155:do_switch$48$rdmux[0][6][59]$b$670 [1] 1'0         
$memory$auto$proc_rom.cc:155:do_switch$48$rdmux[0][6][59]$b$670 [0]             
$memory$auto$proc_rom.cc:155:do_switch$48$rdmux[0][6][59]$b$670 [1:0] }, Y={    
$memory$auto$proc_rom.cc:155:do_switch$48$rdmux[0][5][29]$b$484 [7:6]           
$memory$auto$proc_rom.cc:155:do_switch$48$rdmux[0][5][29]$b$484 [3:0] }         
      New connections: {                                                        
$memory$auto$proc_rom.cc:155:do_switch$48$rdmux[0][5][29]$b$484 [11:8]          
$memory$auto$proc_rom.cc:155:do_switch$48$rdmux[0][5][29]$b$484 [5:4] } = {     
4'1100 $memory$auto$proc_rom.cc:155:do_switch$48$rdmux[0][5][29]$b$484 [3]      
$memory$auto$proc_rom.cc:155:do_switch$48$rdmux[0][5][29]$b$484 [0] }           
    Consolidated identical input bits for $mux cell                             
$memory$auto$proc_rom.cc:155:do_switch$48$rdmux[0][6][58]$665:                  
      Old ports:                                                                
A=$memory$auto$proc_rom.cc:155:do_switch$48$rdmux[0][6][58]$a$666,              
B=$memory$auto$proc_rom.cc:155:do_switch$48$rdmux[0][6][58]$b$667,              
Y=$memory$auto$proc_rom.cc:155:do_switch$48$rdmux[0][5][29]$a$483               
      New ports: A={ 3'010                                                      
$memory$auto$proc_rom.cc:155:do_switch$48$rdmux[0][6][58]$a$666 [4]             
$memory$auto$proc_rom.cc:155:do_switch$48$rdmux[0][6][58]$a$666 [4]             
$memory$auto$proc_rom.cc:155:do_switch$48$rdmux[0][6][58]$a$666 [1]             
$memory$auto$proc_rom.cc:155:do_switch$48$rdmux[0][6][58]$a$666 [1] 1'1 }, B={  
$memory$auto$proc_rom.cc:155:do_switch$48$rdmux[0][6][58]$b$667 [0]             
$memory$auto$proc_rom.cc:155:do_switch$48$rdmux[0][6][58]$b$667 [5]             
$memory$auto$proc_rom.cc:155:do_switch$48$rdmux[0][6][58]$b$667 [5]             
$memory$auto$proc_rom.cc:155:do_switch$48$rdmux[0][6][58]$b$667 [5] 2'01        
$memory$auto$proc_rom.cc:155:do_switch$48$rdmux[0][6][58]$b$667 [0]             
$memory$auto$proc_rom.cc:155:do_switch$48$rdmux[0][6][58]$b$667 [0] }, Y={      
$memory$auto$proc_rom.cc:155:do_switch$48$rdmux[0][5][29]$a$483 [10]            
$memory$auto$proc_rom.cc:155:do_switch$48$rdmux[0][5][29]$a$483 [7:4]           
$memory$auto$proc_rom.cc:155:do_switch$48$rdmux[0][5][29]$a$483 [2:0] }         
      New connections: {                                                        
$memory$auto$proc_rom.cc:155:do_switch$48$rdmux[0][5][29]$a$483 [11]            
$memory$auto$proc_rom.cc:155:do_switch$48$rdmux[0][5][29]$a$483 [9:8]           
$memory$auto$proc_rom.cc:155:do_switch$48$rdmux[0][5][29]$a$483 [3] } = { 1'1   
$memory$auto$proc_rom.cc:155:do_switch$48$rdmux[0][5][29]$a$483 [7]             
$memory$auto$proc_rom.cc:155:do_switch$48$rdmux[0][5][29]$a$483 [7]             
$memory$auto$proc_rom.cc:155:do_switch$48$rdmux[0][5][29]$a$483 [0] }           
    Consolidated identical input bits for $mux cell                             
$memory$auto$proc_rom.cc:155:do_switch$48$rdmux[0][6][57]$662:                  
      Old ports:                                                                
A=$memory$auto$proc_rom.cc:155:do_switch$48$rdmux[0][6][57]$a$663,              
B=$memory$auto$proc_rom.cc:155:do_switch$48$rdmux[0][6][57]$b$664,              
Y=$memory$auto$proc_rom.cc:155:do_switch$48$rdmux[0][5][28]$b$481               
      New ports: A={                                                            
$memory$auto$proc_rom.cc:155:do_switch$48$rdmux[0][6][57]$a$663 [4:3]           
$memory$auto$proc_rom.cc:155:do_switch$48$rdmux[0][6][57]$a$663 [3]             
$memory$auto$proc_rom.cc:155:do_switch$48$rdmux[0][6][57]$a$663 [3]             
$memory$auto$proc_rom.cc:155:do_switch$48$rdmux[0][6][57]$a$663 [4:3] }, B={    
2'10 $memory$auto$proc_rom.cc:155:do_switch$48$rdmux[0][6][57]$b$664 [6] 1'1    
$memory$auto$proc_rom.cc:155:do_switch$48$rdmux[0][6][57]$b$664 [3]             
$memory$auto$proc_rom.cc:155:do_switch$48$rdmux[0][6][57]$b$664 [3] },          
Y=$memory$auto$proc_rom.cc:155:do_switch$48$rdmux[0][5][28]$b$481 [8:3]         
      New connections: {                                                        
$memory$auto$proc_rom.cc:155:do_switch$48$rdmux[0][5][28]$b$481 [11:9]          
$memory$auto$proc_rom.cc:155:do_switch$48$rdmux[0][5][28]$b$481 [2:0] } =       
6'101101                                                                        
    Consolidated identical input bits for $mux cell                             
$memory$auto$proc_rom.cc:155:do_switch$48$rdmux[0][6][56]$659:                  
      Old ports:                                                                
A=$memory$auto$proc_rom.cc:155:do_switch$48$rdmux[0][6][56]$a$660,              
B=$memory$auto$proc_rom.cc:155:do_switch$48$rdmux[0][6][56]$b$661,              
Y=$memory$auto$proc_rom.cc:155:do_switch$48$rdmux[0][5][28]$a$480               
      New ports: A={ 2'01                                                       
$memory$auto$proc_rom.cc:155:do_switch$48$rdmux[0][6][56]$a$660 [2] 1'1         
$memory$auto$proc_rom.cc:155:do_switch$48$rdmux[0][6][56]$a$660 [2] 1'0 }, B={  
1'1 $memory$auto$proc_rom.cc:155:do_switch$48$rdmux[0][6][56]$b$661 [1]         
$memory$auto$proc_rom.cc:155:do_switch$48$rdmux[0][6][56]$b$661 [5] 1'0         
$memory$auto$proc_rom.cc:155:do_switch$48$rdmux[0][6][56]$b$661 [1]             
$memory$auto$proc_rom.cc:155:do_switch$48$rdmux[0][6][56]$b$661 [1] }, Y={      
$memory$auto$proc_rom.cc:155:do_switch$48$rdmux[0][5][28]$a$480 [7:5]           
$memory$auto$proc_rom.cc:155:do_switch$48$rdmux[0][5][28]$a$480 [3:1] }         
      New connections: {                                                        
$memory$auto$proc_rom.cc:155:do_switch$48$rdmux[0][5][28]$a$480 [11:8]          
$memory$auto$proc_rom.cc:155:do_switch$48$rdmux[0][5][28]$a$480 [4]             
$memory$auto$proc_rom.cc:155:do_switch$48$rdmux[0][5][28]$a$480 [0] } = { 4'1010
$memory$auto$proc_rom.cc:155:do_switch$48$rdmux[0][5][28]$a$480 [3] 1'1 }       
    Consolidated identical input bits for $mux cell                             
$memory$auto$proc_rom.cc:155:do_switch$48$rdmux[0][6][55]$656:                  
      Old ports:                                                                
A=$memory$auto$proc_rom.cc:155:do_switch$48$rdmux[0][6][55]$a$657,              
B=$memory$auto$proc_rom.cc:155:do_switch$48$rdmux[0][6][55]$b$658,              
Y=$memory$auto$proc_rom.cc:155:do_switch$48$rdmux[0][5][27]$b$478               
      New ports: A={ 1'1                                                        
$memory$auto$proc_rom.cc:155:do_switch$48$rdmux[0][6][55]$a$657 [5] 3'010 }, B={
1'0 $memory$auto$proc_rom.cc:155:do_switch$48$rdmux[0][6][55]$b$658 [2]         
$memory$auto$proc_rom.cc:155:do_switch$48$rdmux[0][6][55]$b$658 [2:1] 1'1 }, Y={
$memory$auto$proc_rom.cc:155:do_switch$48$rdmux[0][5][27]$b$478 [6:5]           
$memory$auto$proc_rom.cc:155:do_switch$48$rdmux[0][5][27]$b$478 [2:0] }         
      New connections: {                                                        
$memory$auto$proc_rom.cc:155:do_switch$48$rdmux[0][5][27]$b$478 [11:7]          
$memory$auto$proc_rom.cc:155:do_switch$48$rdmux[0][5][27]$b$478 [4:3] } = { 2'10
$memory$auto$proc_rom.cc:155:do_switch$48$rdmux[0][5][27]$b$478 [0]             
$memory$auto$proc_rom.cc:155:do_switch$48$rdmux[0][5][27]$b$478 [6]             
$memory$auto$proc_rom.cc:155:do_switch$48$rdmux[0][5][27]$b$478 [6] 2'10 }      
    Consolidated identical input bits for $mux cell                             
$memory$auto$proc_rom.cc:155:do_switch$48$rdmux[0][6][54]$653:                  
      Old ports:                                                                
A=$memory$auto$proc_rom.cc:155:do_switch$48$rdmux[0][6][54]$a$654,              
B=$memory$auto$proc_rom.cc:155:do_switch$48$rdmux[0][6][54]$b$655,              
Y=$memory$auto$proc_rom.cc:155:do_switch$48$rdmux[0][5][27]$a$477               
      New ports: A={ 2'01                                                       
$memory$auto$proc_rom.cc:155:do_switch$48$rdmux[0][6][54]$a$654 [2]             
$memory$auto$proc_rom.cc:155:do_switch$48$rdmux[0][6][54]$a$654 [3:2] 1'1 }, B={
2'10 $memory$auto$proc_rom.cc:155:do_switch$48$rdmux[0][6][54]$b$655 [1] 1'0    
$memory$auto$proc_rom.cc:155:do_switch$48$rdmux[0][6][54]$b$655 [2:1] }, Y={    
$memory$auto$proc_rom.cc:155:do_switch$48$rdmux[0][5][27]$a$477 [7:5]           
$memory$auto$proc_rom.cc:155:do_switch$48$rdmux[0][5][27]$a$477 [3:1] }         
      New connections: {                                                        
$memory$auto$proc_rom.cc:155:do_switch$48$rdmux[0][5][27]$a$477 [11:8]          
$memory$auto$proc_rom.cc:155:do_switch$48$rdmux[0][5][27]$a$477 [4]             
$memory$auto$proc_rom.cc:155:do_switch$48$rdmux[0][5][27]$a$477 [0] } = 6'100110
    Consolidated identical input bits for $mux cell                             
$memory$auto$proc_rom.cc:155:do_switch$48$rdmux[0][6][53]$650:                  
      Old ports:                                                                
A=$memory$auto$proc_rom.cc:155:do_switch$48$rdmux[0][6][53]$a$651,              
B=$memory$auto$proc_rom.cc:155:do_switch$48$rdmux[0][6][53]$b$652,              
Y=$memory$auto$proc_rom.cc:155:do_switch$48$rdmux[0][5][26]$b$475               
      New ports: A={                                                            
$memory$auto$proc_rom.cc:155:do_switch$48$rdmux[0][6][53]$a$651 [3]             
$memory$auto$proc_rom.cc:155:do_switch$48$rdmux[0][6][53]$a$651 [4]             
$memory$auto$proc_rom.cc:155:do_switch$48$rdmux[0][6][53]$a$651 [4]             
$memory$auto$proc_rom.cc:155:do_switch$48$rdmux[0][6][53]$a$651 [4:3] 2'01 },   
B={ 3'101 $memory$auto$proc_rom.cc:155:do_switch$48$rdmux[0][6][53]$b$652 [0]   
$memory$auto$proc_rom.cc:155:do_switch$48$rdmux[0][6][53]$b$652 [0] 1'1         
$memory$auto$proc_rom.cc:155:do_switch$48$rdmux[0][6][53]$b$652 [0] }, Y={      
$memory$auto$proc_rom.cc:155:do_switch$48$rdmux[0][5][26]$b$475 [8]             
$memory$auto$proc_rom.cc:155:do_switch$48$rdmux[0][5][26]$b$475 [6:2]           
$memory$auto$proc_rom.cc:155:do_switch$48$rdmux[0][5][26]$b$475 [0] }           
      New connections: {                                                        
$memory$auto$proc_rom.cc:155:do_switch$48$rdmux[0][5][26]$b$475 [11:9]          
$memory$auto$proc_rom.cc:155:do_switch$48$rdmux[0][5][26]$b$475 [7]             
$memory$auto$proc_rom.cc:155:do_switch$48$rdmux[0][5][26]$b$475 [1] } = { 3'100 
$memory$auto$proc_rom.cc:155:do_switch$48$rdmux[0][5][26]$b$475 [6]             
$memory$auto$proc_rom.cc:155:do_switch$48$rdmux[0][5][26]$b$475 [0] }           
    Consolidated identical input bits for $mux cell                             
$memory$auto$proc_rom.cc:155:do_switch$48$rdmux[0][6][52]$647:                  
      Old ports:                                                                
A=$memory$auto$proc_rom.cc:155:do_switch$48$rdmux[0][6][52]$a$648,              
B=$memory$auto$proc_rom.cc:155:do_switch$48$rdmux[0][6][52]$b$649,              
Y=$memory$auto$proc_rom.cc:155:do_switch$48$rdmux[0][5][26]$a$474               
      New ports: A={ 1'0                                                        
$memory$auto$proc_rom.cc:155:do_switch$48$rdmux[0][6][52]$a$648 [5] 1'1         
$memory$auto$proc_rom.cc:155:do_switch$48$rdmux[0][6][52]$a$648 [2]             
$memory$auto$proc_rom.cc:155:do_switch$48$rdmux[0][6][52]$a$648 [2] 2'01 }, B={ 
2'10 $memory$auto$proc_rom.cc:155:do_switch$48$rdmux[0][6][52]$b$649 [3]        
$memory$auto$proc_rom.cc:155:do_switch$48$rdmux[0][6][52]$b$649 [3] 1'1         
$memory$auto$proc_rom.cc:155:do_switch$48$rdmux[0][6][52]$b$649 [1] 1'0 },      
Y=$memory$auto$proc_rom.cc:155:do_switch$48$rdmux[0][5][26]$a$474 [6:0]         
      New connections:                                                          
$memory$auto$proc_rom.cc:155:do_switch$48$rdmux[0][5][26]$a$474 [11:7] = 5'10001
    Consolidated identical input bits for $mux cell                             
$memory$auto$proc_rom.cc:155:do_switch$48$rdmux[0][6][51]$644:                  
      Old ports:                                                                
A=$memory$auto$proc_rom.cc:155:do_switch$48$rdmux[0][6][51]$a$645,              
B=$memory$auto$proc_rom.cc:155:do_switch$48$rdmux[0][6][51]$b$646,              
Y=$memory$auto$proc_rom.cc:155:do_switch$48$rdmux[0][5][25]$b$472               
      New ports: A={ 1'1                                                        
$memory$auto$proc_rom.cc:155:do_switch$48$rdmux[0][6][51]$a$645 [5] 1'0         
$memory$auto$proc_rom.cc:155:do_switch$48$rdmux[0][6][51]$a$645 [0] }, B={      
$memory$auto$proc_rom.cc:155:do_switch$48$rdmux[0][6][51]$b$646 [0]             
$memory$auto$proc_rom.cc:155:do_switch$48$rdmux[0][6][51]$b$646 [0]             
$memory$auto$proc_rom.cc:155:do_switch$48$rdmux[0][6][51]$b$646 [1:0] }, Y={    
$memory$auto$proc_rom.cc:155:do_switch$48$rdmux[0][5][25]$b$472 [6:5]           
$memory$auto$proc_rom.cc:155:do_switch$48$rdmux[0][5][25]$b$472 [1:0] }         
      New connections: {                                                        
$memory$auto$proc_rom.cc:155:do_switch$48$rdmux[0][5][25]$b$472 [11:7]          
$memory$auto$proc_rom.cc:155:do_switch$48$rdmux[0][5][25]$b$472 [4:2] } = {     
4'1000 $memory$auto$proc_rom.cc:155:do_switch$48$rdmux[0][5][25]$b$472 [1:0]    
2'10 }                                                                          
    Consolidated identical input bits for $mux cell                             
$memory$auto$proc_rom.cc:155:do_switch$48$rdmux[0][6][50]$641:                  
      Old ports:                                                                
A=$memory$auto$proc_rom.cc:155:do_switch$48$rdmux[0][6][50]$a$642,              
B=$memory$auto$proc_rom.cc:155:do_switch$48$rdmux[0][6][50]$b$643,              
Y=$memory$auto$proc_rom.cc:155:do_switch$48$rdmux[0][5][25]$a$471               
      New ports: A={ 2'01                                                       
$memory$auto$proc_rom.cc:155:do_switch$48$rdmux[0][6][50]$a$642 [0]             
$memory$auto$proc_rom.cc:155:do_switch$48$rdmux[0][6][50]$a$642 [3] 1'0         
$memory$auto$proc_rom.cc:155:do_switch$48$rdmux[0][6][50]$a$642 [0]             
$memory$auto$proc_rom.cc:155:do_switch$48$rdmux[0][6][50]$a$642 [0] }, B={      
$memory$auto$proc_rom.cc:155:do_switch$48$rdmux[0][6][50]$b$643 [0]             
$memory$auto$proc_rom.cc:155:do_switch$48$rdmux[0][6][50]$b$643 [2]             
$memory$auto$proc_rom.cc:155:do_switch$48$rdmux[0][6][50]$b$643 [2] 1'1         
$memory$auto$proc_rom.cc:155:do_switch$48$rdmux[0][6][50]$b$643 [2] 1'1         
$memory$auto$proc_rom.cc:155:do_switch$48$rdmux[0][6][50]$b$643 [0] },          
Y=$memory$auto$proc_rom.cc:155:do_switch$48$rdmux[0][5][25]$a$471 [6:0]         
      New connections:                                                          
$memory$auto$proc_rom.cc:155:do_switch$48$rdmux[0][5][25]$a$471 [11:7] = 5'10000
    Consolidated identical input bits for $mux cell                             
$memory$auto$proc_rom.cc:155:do_switch$48$rdmux[0][6][49]$638:                  
      Old ports:                                                                
A=$memory$auto$proc_rom.cc:155:do_switch$48$rdmux[0][6][49]$a$639,              
B=$memory$auto$proc_rom.cc:155:do_switch$48$rdmux[0][6][49]$b$640,              
Y=$memory$auto$proc_rom.cc:155:do_switch$48$rdmux[0][5][24]$b$469               
      New ports: A={                                                            
$memory$auto$proc_rom.cc:155:do_switch$48$rdmux[0][6][49]$a$639 [4]             
$memory$auto$proc_rom.cc:155:do_switch$48$rdmux[0][6][49]$a$639 [0] 1'0         
$memory$auto$proc_rom.cc:155:do_switch$48$rdmux[0][6][49]$a$639 [0] }, B={ 1'1  
$memory$auto$proc_rom.cc:155:do_switch$48$rdmux[0][6][49]$b$640 [3] 2'11 }, Y={ 
$memory$auto$proc_rom.cc:155:do_switch$48$rdmux[0][5][24]$b$469 [4:2]           
$memory$auto$proc_rom.cc:155:do_switch$48$rdmux[0][5][24]$b$469 [0] }           
      New connections: {                                                        
$memory$auto$proc_rom.cc:155:do_switch$48$rdmux[0][5][24]$b$469 [11:5]          
$memory$auto$proc_rom.cc:155:do_switch$48$rdmux[0][5][24]$b$469 [1] } = {       
7'1000000 $memory$auto$proc_rom.cc:155:do_switch$48$rdmux[0][5][24]$b$469 [0] } 
    Consolidated identical input bits for $mux cell                             
$memory$auto$proc_rom.cc:155:do_switch$48$rdmux[0][6][48]$635:                  
      Old ports:                                                                
A=$memory$auto$proc_rom.cc:155:do_switch$48$rdmux[0][6][48]$a$636,              
B=$memory$auto$proc_rom.cc:155:do_switch$48$rdmux[0][6][48]$b$637,              
Y=$memory$auto$proc_rom.cc:155:do_switch$48$rdmux[0][5][24]$a$468               
      New ports: A={ 1'0                                                        
$memory$auto$proc_rom.cc:155:do_switch$48$rdmux[0][6][48]$a$636 [1:0] }, B={    
$memory$auto$proc_rom.cc:155:do_switch$48$rdmux[0][6][48]$b$637 [2] 2'11 },     
Y=$memory$auto$proc_rom.cc:155:do_switch$48$rdmux[0][5][24]$a$468 [2:0]         
      New connections:                                                          
$memory$auto$proc_rom.cc:155:do_switch$48$rdmux[0][5][24]$a$468 [11:3] =        
9'100000000                                                                     
    Consolidated identical input bits for $mux cell                             
$memory$auto$proc_rom.cc:155:do_switch$48$rdmux[0][6][47]$632:                  
      Old ports:                                                                
A=$memory$auto$proc_rom.cc:155:do_switch$48$rdmux[0][6][47]$a$633,              
B=$memory$auto$proc_rom.cc:155:do_switch$48$rdmux[0][6][47]$b$634,              
Y=$memory$auto$proc_rom.cc:155:do_switch$48$rdmux[0][5][23]$b$466               
      New ports: A={                                                            
$memory$auto$proc_rom.cc:155:do_switch$48$rdmux[0][6][47]$a$633 [3:2] 1'1 }, B={
2'00 $memory$auto$proc_rom.cc:155:do_switch$48$rdmux[0][6][47]$b$634 [0] }, Y={ 
$memory$auto$proc_rom.cc:155:do_switch$48$rdmux[0][5][23]$b$466 [3:2]           
$memory$auto$proc_rom.cc:155:do_switch$48$rdmux[0][5][23]$b$466 [0] }           
      New connections: {                                                        
$memory$auto$proc_rom.cc:155:do_switch$48$rdmux[0][5][23]$b$466 [11:4]          
$memory$auto$proc_rom.cc:155:do_switch$48$rdmux[0][5][23]$b$466 [1] } =         
9'100000001                                                                     
    Consolidated identical input bits for $mux cell                             
$memory$auto$proc_rom.cc:155:do_switch$48$rdmux[0][6][46]$629:                  
      Old ports:                                                                
A=$memory$auto$proc_rom.cc:155:do_switch$48$rdmux[0][6][46]$a$630,              
B=$memory$auto$proc_rom.cc:155:do_switch$48$rdmux[0][6][46]$b$631,              
Y=$memory$auto$proc_rom.cc:155:do_switch$48$rdmux[0][5][23]$a$465               
      New ports: A={                                                            
$memory$auto$proc_rom.cc:155:do_switch$48$rdmux[0][6][46]$a$630 [5]             
$memory$auto$proc_rom.cc:155:do_switch$48$rdmux[0][6][46]$a$630 [0] 1'1         
$memory$auto$proc_rom.cc:155:do_switch$48$rdmux[0][6][46]$a$630 [0] }, B={ 3'010
$memory$auto$proc_rom.cc:155:do_switch$48$rdmux[0][6][46]$b$631 [0] }, Y={      
$memory$auto$proc_rom.cc:155:do_switch$48$rdmux[0][5][23]$a$465 [5:3]           
$memory$auto$proc_rom.cc:155:do_switch$48$rdmux[0][5][23]$a$465 [0] }           
      New connections: {                                                        
$memory$auto$proc_rom.cc:155:do_switch$48$rdmux[0][5][23]$a$465 [11:6]          
$memory$auto$proc_rom.cc:155:do_switch$48$rdmux[0][5][23]$a$465 [2:1] } = {     
6'100000 $memory$auto$proc_rom.cc:155:do_switch$48$rdmux[0][5][23]$a$465 [0]    
$memory$auto$proc_rom.cc:155:do_switch$48$rdmux[0][5][23]$a$465 [0] }           
    Consolidated identical input bits for $mux cell                             
$memory$auto$proc_rom.cc:155:do_switch$48$rdmux[0][6][45]$626:                  
      Old ports:                                                                
A=$memory$auto$proc_rom.cc:155:do_switch$48$rdmux[0][6][45]$a$627,              
B=$memory$auto$proc_rom.cc:155:do_switch$48$rdmux[0][6][45]$b$628,              
Y=$memory$auto$proc_rom.cc:155:do_switch$48$rdmux[0][5][22]$b$463               
      New ports: A={ 2'10                                                       
$memory$auto$proc_rom.cc:155:do_switch$48$rdmux[0][6][45]$a$627 [4] 2'10        
$memory$auto$proc_rom.cc:155:do_switch$48$rdmux[0][6][45]$a$627 [1] 1'1 }, B={  
3'011 $memory$auto$proc_rom.cc:155:do_switch$48$rdmux[0][6][45]$b$628 [2]       
$memory$auto$proc_rom.cc:155:do_switch$48$rdmux[0][6][45]$b$628 [2] 1'1         
$memory$auto$proc_rom.cc:155:do_switch$48$rdmux[0][6][45]$b$628 [0] },          
Y=$memory$auto$proc_rom.cc:155:do_switch$48$rdmux[0][5][22]$b$463 [6:0]         
      New connections:                                                          
$memory$auto$proc_rom.cc:155:do_switch$48$rdmux[0][5][22]$b$463 [11:7] = 5'10000
    Consolidated identical input bits for $mux cell                             
$memory$auto$proc_rom.cc:155:do_switch$48$rdmux[0][6][44]$623:                  
      Old ports:                                                                
A=$memory$auto$proc_rom.cc:155:do_switch$48$rdmux[0][6][44]$a$624,              
B=$memory$auto$proc_rom.cc:155:do_switch$48$rdmux[0][6][44]$b$625,              
Y=$memory$auto$proc_rom.cc:155:do_switch$48$rdmux[0][5][22]$a$462               
      New ports: A={ 2'10                                                       
$memory$auto$proc_rom.cc:155:do_switch$48$rdmux[0][6][44]$a$624 [0]             
$memory$auto$proc_rom.cc:155:do_switch$48$rdmux[0][6][44]$a$624 [1:0] }, B={    
4'0100 $memory$auto$proc_rom.cc:155:do_switch$48$rdmux[0][6][44]$b$625 [0] },   
Y={ $memory$auto$proc_rom.cc:155:do_switch$48$rdmux[0][5][22]$a$462 [7]         
$memory$auto$proc_rom.cc:155:do_switch$48$rdmux[0][5][22]$a$462 [5]             
$memory$auto$proc_rom.cc:155:do_switch$48$rdmux[0][5][22]$a$462 [2:0] }         
      New connections: {                                                        
$memory$auto$proc_rom.cc:155:do_switch$48$rdmux[0][5][22]$a$462 [11:8]          
$memory$auto$proc_rom.cc:155:do_switch$48$rdmux[0][5][22]$a$462 [6]             
$memory$auto$proc_rom.cc:155:do_switch$48$rdmux[0][5][22]$a$462 [4:3] } = {     
4'1000 $memory$auto$proc_rom.cc:155:do_switch$48$rdmux[0][5][22]$a$462 [5]      
$memory$auto$proc_rom.cc:155:do_switch$48$rdmux[0][5][22]$a$462 [0] 1'1 }       
    Consolidated identical input bits for $mux cell                             
$memory$auto$proc_rom.cc:155:do_switch$48$rdmux[0][6][43]$620:                  
      Old ports:                                                                
A=$memory$auto$proc_rom.cc:155:do_switch$48$rdmux[0][6][43]$a$621,              
B=$memory$auto$proc_rom.cc:155:do_switch$48$rdmux[0][6][43]$b$622,              
Y=$memory$auto$proc_rom.cc:155:do_switch$48$rdmux[0][5][21]$b$460               
      New ports: A={ 2'11                                                       
$memory$auto$proc_rom.cc:155:do_switch$48$rdmux[0][6][43]$a$621 [2]             
$memory$auto$proc_rom.cc:155:do_switch$48$rdmux[0][6][43]$a$621 [2]             
$memory$auto$proc_rom.cc:155:do_switch$48$rdmux[0][6][43]$a$621 [0]             
$memory$auto$proc_rom.cc:155:do_switch$48$rdmux[0][6][43]$a$621 [0] }, B={      
$memory$auto$proc_rom.cc:155:do_switch$48$rdmux[0][6][43]$b$622 [1:0] 1'0       
$memory$auto$proc_rom.cc:155:do_switch$48$rdmux[0][6][43]$b$622 [1]             
$memory$auto$proc_rom.cc:155:do_switch$48$rdmux[0][6][43]$b$622 [1:0] }, Y={    
$memory$auto$proc_rom.cc:155:do_switch$48$rdmux[0][5][21]$b$460 [6]             
$memory$auto$proc_rom.cc:155:do_switch$48$rdmux[0][5][21]$b$460 [4:0] }         
      New connections: {                                                        
$memory$auto$proc_rom.cc:155:do_switch$48$rdmux[0][5][21]$b$460 [11:7]          
$memory$auto$proc_rom.cc:155:do_switch$48$rdmux[0][5][21]$b$460 [5] } = {       
5'10001 $memory$auto$proc_rom.cc:155:do_switch$48$rdmux[0][5][21]$b$460 [0] }   
    Consolidated identical input bits for $mux cell                             
$memory$auto$proc_rom.cc:155:do_switch$48$rdmux[0][6][42]$617:                  
      Old ports:                                                                
A=$memory$auto$proc_rom.cc:155:do_switch$48$rdmux[0][6][42]$a$618,              
B=$memory$auto$proc_rom.cc:155:do_switch$48$rdmux[0][6][42]$b$619,              
Y=$memory$auto$proc_rom.cc:155:do_switch$48$rdmux[0][5][21]$a$459               
      New ports: A={                                                            
$memory$auto$proc_rom.cc:155:do_switch$48$rdmux[0][6][42]$a$618 [6] 1'1         
$memory$auto$proc_rom.cc:155:do_switch$48$rdmux[0][6][42]$a$618 [0] 1'1         
$memory$auto$proc_rom.cc:155:do_switch$48$rdmux[0][6][42]$a$618 [0] }, B={ 2'00 
$memory$auto$proc_rom.cc:155:do_switch$48$rdmux[0][6][42]$b$619 [2]             
$memory$auto$proc_rom.cc:155:do_switch$48$rdmux[0][6][42]$b$619 [0]             
$memory$auto$proc_rom.cc:155:do_switch$48$rdmux[0][6][42]$b$619 [0] }, Y={      
$memory$auto$proc_rom.cc:155:do_switch$48$rdmux[0][5][21]$a$459 [6]             
$memory$auto$proc_rom.cc:155:do_switch$48$rdmux[0][5][21]$a$459 [4]             
$memory$auto$proc_rom.cc:155:do_switch$48$rdmux[0][5][21]$a$459 [2:0] }         
      New connections: {                                                        
$memory$auto$proc_rom.cc:155:do_switch$48$rdmux[0][5][21]$a$459 [11:7]          
$memory$auto$proc_rom.cc:155:do_switch$48$rdmux[0][5][21]$a$459 [5]             
$memory$auto$proc_rom.cc:155:do_switch$48$rdmux[0][5][21]$a$459 [3] } = {       
5'10010 $memory$auto$proc_rom.cc:155:do_switch$48$rdmux[0][5][21]$a$459 [2:1] } 
    Consolidated identical input bits for $mux cell                             
$memory$auto$proc_rom.cc:155:do_switch$48$rdmux[0][6][41]$614:                  
      Old ports:                                                                
A=$memory$auto$proc_rom.cc:155:do_switch$48$rdmux[0][6][41]$a$615,              
B=$memory$auto$proc_rom.cc:155:do_switch$48$rdmux[0][6][41]$b$616,              
Y=$memory$auto$proc_rom.cc:155:do_switch$48$rdmux[0][5][20]$b$457               
      New ports: A={ 1'1                                                        
$memory$auto$proc_rom.cc:155:do_switch$48$rdmux[0][6][41]$a$615 [6:5] 2'01 },   
B={ $memory$auto$proc_rom.cc:155:do_switch$48$rdmux[0][6][41]$b$616 [7]         
$memory$auto$proc_rom.cc:155:do_switch$48$rdmux[0][6][41]$b$616 [1]             
$memory$auto$proc_rom.cc:155:do_switch$48$rdmux[0][6][41]$b$616 [1] 1'1         
$memory$auto$proc_rom.cc:155:do_switch$48$rdmux[0][6][41]$b$616 [1] }, Y={      
$memory$auto$proc_rom.cc:155:do_switch$48$rdmux[0][5][20]$b$457 [7:5]           
$memory$auto$proc_rom.cc:155:do_switch$48$rdmux[0][5][20]$b$457 [2:1] }         
      New connections: {                                                        
$memory$auto$proc_rom.cc:155:do_switch$48$rdmux[0][5][20]$b$457 [11:8]          
$memory$auto$proc_rom.cc:155:do_switch$48$rdmux[0][5][20]$b$457 [4:3]           
$memory$auto$proc_rom.cc:155:do_switch$48$rdmux[0][5][20]$b$457 [0] } =         
7'1001100                                                                       
    Consolidated identical input bits for $mux cell                             
$memory$auto$proc_rom.cc:155:do_switch$48$rdmux[0][6][40]$611:                  
      Old ports:                                                                
A=$memory$auto$proc_rom.cc:155:do_switch$48$rdmux[0][6][40]$a$612,              
B=$memory$auto$proc_rom.cc:155:do_switch$48$rdmux[0][6][40]$b$613,              
Y=$memory$auto$proc_rom.cc:155:do_switch$48$rdmux[0][5][20]$a$456               
      New ports: A={ 1'0                                                        
$memory$auto$proc_rom.cc:155:do_switch$48$rdmux[0][6][40]$a$612 [3:2]           
$memory$auto$proc_rom.cc:155:do_switch$48$rdmux[0][6][40]$a$612 [3:2] 2'01 },   
B={ $memory$auto$proc_rom.cc:155:do_switch$48$rdmux[0][6][40]$b$613 [5]         
$memory$auto$proc_rom.cc:155:do_switch$48$rdmux[0][6][40]$b$613 [5]             
$memory$auto$proc_rom.cc:155:do_switch$48$rdmux[0][6][40]$b$613 [5] 3'001       
$memory$auto$proc_rom.cc:155:do_switch$48$rdmux[0][6][40]$b$613 [0] }, Y={      
$memory$auto$proc_rom.cc:155:do_switch$48$rdmux[0][5][20]$a$456 [7:5]           
$memory$auto$proc_rom.cc:155:do_switch$48$rdmux[0][5][20]$a$456 [3:0] }         
      New connections: {                                                        
$memory$auto$proc_rom.cc:155:do_switch$48$rdmux[0][5][20]$a$456 [11:8]          
$memory$auto$proc_rom.cc:155:do_switch$48$rdmux[0][5][20]$a$456 [4] } = { 2'10  
$memory$auto$proc_rom.cc:155:do_switch$48$rdmux[0][5][20]$a$456 [0]             
$memory$auto$proc_rom.cc:155:do_switch$48$rdmux[0][5][20]$a$456 [7] 1'1 }       
    Consolidated identical input bits for $mux cell                             
$memory$auto$proc_rom.cc:155:do_switch$48$rdmux[0][6][39]$608:                  
      Old ports:                                                                
A=$memory$auto$proc_rom.cc:155:do_switch$48$rdmux[0][6][39]$a$609,              
B=$memory$auto$proc_rom.cc:155:do_switch$48$rdmux[0][6][39]$b$610,              
Y=$memory$auto$proc_rom.cc:155:do_switch$48$rdmux[0][5][19]$b$454               
      New ports: A={ 1'1                                                        
$memory$auto$proc_rom.cc:155:do_switch$48$rdmux[0][6][39]$a$609 [3] 1'0         
$memory$auto$proc_rom.cc:155:do_switch$48$rdmux[0][6][39]$a$609 [3] 1'1         
$memory$auto$proc_rom.cc:155:do_switch$48$rdmux[0][6][39]$a$609 [1] }, B={      
$memory$auto$proc_rom.cc:155:do_switch$48$rdmux[0][6][39]$b$610 [7] 1'1         
$memory$auto$proc_rom.cc:155:do_switch$48$rdmux[0][6][39]$b$610 [2]             
$memory$auto$proc_rom.cc:155:do_switch$48$rdmux[0][6][39]$b$610 [2]             
$memory$auto$proc_rom.cc:155:do_switch$48$rdmux[0][6][39]$b$610 [2] 1'0 }, Y={  
$memory$auto$proc_rom.cc:155:do_switch$48$rdmux[0][5][19]$b$454 [7]             
$memory$auto$proc_rom.cc:155:do_switch$48$rdmux[0][5][19]$b$454 [5:1] }         
      New connections: {                                                        
$memory$auto$proc_rom.cc:155:do_switch$48$rdmux[0][5][19]$b$454 [11:8]          
$memory$auto$proc_rom.cc:155:do_switch$48$rdmux[0][5][19]$b$454 [6]             
$memory$auto$proc_rom.cc:155:do_switch$48$rdmux[0][5][19]$b$454 [0] } = { 4'1010
$memory$auto$proc_rom.cc:155:do_switch$48$rdmux[0][5][19]$b$454 [2] 1'1 }       
    Consolidated identical input bits for $mux cell                             
$memory$auto$proc_rom.cc:155:do_switch$48$rdmux[0][6][38]$605:                  
      Old ports:                                                                
A=$memory$auto$proc_rom.cc:155:do_switch$48$rdmux[0][6][38]$a$606,              
B=$memory$auto$proc_rom.cc:155:do_switch$48$rdmux[0][6][38]$b$607,              
Y=$memory$auto$proc_rom.cc:155:do_switch$48$rdmux[0][5][19]$a$453               
      New ports: A={                                                            
$memory$auto$proc_rom.cc:155:do_switch$48$rdmux[0][6][38]$a$606 [5]             
$memory$auto$proc_rom.cc:155:do_switch$48$rdmux[0][6][38]$a$606 [5] 1'0         
$memory$auto$proc_rom.cc:155:do_switch$48$rdmux[0][6][38]$a$606 [1]             
$memory$auto$proc_rom.cc:155:do_switch$48$rdmux[0][6][38]$a$606 [1] }, B={ 1'0  
$memory$auto$proc_rom.cc:155:do_switch$48$rdmux[0][6][38]$b$607 [3] 1'1         
$memory$auto$proc_rom.cc:155:do_switch$48$rdmux[0][6][38]$b$607 [3] 1'0 }, Y={  
$memory$auto$proc_rom.cc:155:do_switch$48$rdmux[0][5][19]$a$453 [6:3]           
$memory$auto$proc_rom.cc:155:do_switch$48$rdmux[0][5][19]$a$453 [1] }           
      New connections: {                                                        
$memory$auto$proc_rom.cc:155:do_switch$48$rdmux[0][5][19]$a$453 [11:7]          
$memory$auto$proc_rom.cc:155:do_switch$48$rdmux[0][5][19]$a$453 [2]             
$memory$auto$proc_rom.cc:155:do_switch$48$rdmux[0][5][19]$a$453 [0] } = { 4'1011
$memory$auto$proc_rom.cc:155:do_switch$48$rdmux[0][5][19]$a$453 [1] 2'11 }      
    Consolidated identical input bits for $mux cell                             
$memory$auto$proc_rom.cc:155:do_switch$48$rdmux[0][6][37]$602:                  
      Old ports:                                                                
A=$memory$auto$proc_rom.cc:155:do_switch$48$rdmux[0][6][37]$a$603,              
B=$memory$auto$proc_rom.cc:155:do_switch$48$rdmux[0][6][37]$b$604,              
Y=$memory$auto$proc_rom.cc:155:do_switch$48$rdmux[0][5][18]$b$451               
      New ports: A={ 2'00                                                       
$memory$auto$proc_rom.cc:155:do_switch$48$rdmux[0][6][37]$a$603 [4]             
$memory$auto$proc_rom.cc:155:do_switch$48$rdmux[0][6][37]$a$603 [4]             
$memory$auto$proc_rom.cc:155:do_switch$48$rdmux[0][6][37]$a$603 [2] 2'11 }, B={ 
1'1 $memory$auto$proc_rom.cc:155:do_switch$48$rdmux[0][6][37]$b$604 [2] 1'1     
$memory$auto$proc_rom.cc:155:do_switch$48$rdmux[0][6][37]$b$604 [0]             
$memory$auto$proc_rom.cc:155:do_switch$48$rdmux[0][6][37]$b$604 [2] 1'0         
$memory$auto$proc_rom.cc:155:do_switch$48$rdmux[0][6][37]$b$604 [0] }, Y={      
$memory$auto$proc_rom.cc:155:do_switch$48$rdmux[0][5][18]$b$451 [7:4]           
$memory$auto$proc_rom.cc:155:do_switch$48$rdmux[0][5][18]$b$451 [2:0] }         
      New connections: {                                                        
$memory$auto$proc_rom.cc:155:do_switch$48$rdmux[0][5][18]$b$451 [11:8]          
$memory$auto$proc_rom.cc:155:do_switch$48$rdmux[0][5][18]$b$451 [3] } = { 1'1   
$memory$auto$proc_rom.cc:155:do_switch$48$rdmux[0][5][18]$b$451 [1]             
$memory$auto$proc_rom.cc:155:do_switch$48$rdmux[0][5][18]$b$451 [7]             
$memory$auto$proc_rom.cc:155:do_switch$48$rdmux[0][5][18]$b$451 [7]             
$memory$auto$proc_rom.cc:155:do_switch$48$rdmux[0][5][18]$b$451 [0] }           
    Consolidated identical input bits for $mux cell                             
$memory$auto$proc_rom.cc:155:do_switch$48$rdmux[0][6][36]$599:                  
      Old ports:                                                                
A=$memory$auto$proc_rom.cc:155:do_switch$48$rdmux[0][6][36]$a$600,              
B=$memory$auto$proc_rom.cc:155:do_switch$48$rdmux[0][6][36]$b$601,              
Y=$memory$auto$proc_rom.cc:155:do_switch$48$rdmux[0][5][18]$a$450               
      New ports: A={ 2'11                                                       
$memory$auto$proc_rom.cc:155:do_switch$48$rdmux[0][6][36]$a$600 [0] 2'00        
$memory$auto$proc_rom.cc:155:do_switch$48$rdmux[0][6][36]$a$600 [1:0] }, B={    
$memory$auto$proc_rom.cc:155:do_switch$48$rdmux[0][6][36]$b$601 [0]             
$memory$auto$proc_rom.cc:155:do_switch$48$rdmux[0][6][36]$b$601 [3]             
$memory$auto$proc_rom.cc:155:do_switch$48$rdmux[0][6][36]$b$601 [3]             
$memory$auto$proc_rom.cc:155:do_switch$48$rdmux[0][6][36]$b$601 [3]             
$memory$auto$proc_rom.cc:155:do_switch$48$rdmux[0][6][36]$b$601 [0] 1'0         
$memory$auto$proc_rom.cc:155:do_switch$48$rdmux[0][6][36]$b$601 [0] }, Y={      
$memory$auto$proc_rom.cc:155:do_switch$48$rdmux[0][5][18]$a$450 [7:5]           
$memory$auto$proc_rom.cc:155:do_switch$48$rdmux[0][5][18]$a$450 [3:0] }         
      New connections: {                                                        
$memory$auto$proc_rom.cc:155:do_switch$48$rdmux[0][5][18]$a$450 [11:8]          
$memory$auto$proc_rom.cc:155:do_switch$48$rdmux[0][5][18]$a$450 [4] } = { 4'1100
$memory$auto$proc_rom.cc:155:do_switch$48$rdmux[0][5][18]$a$450 [0] }           
    Consolidated identical input bits for $mux cell                             
$memory$auto$proc_rom.cc:155:do_switch$48$rdmux[0][6][35]$596:                  
      Old ports:                                                                
A=$memory$auto$proc_rom.cc:155:do_switch$48$rdmux[0][6][35]$a$597,              
B=$memory$auto$proc_rom.cc:155:do_switch$48$rdmux[0][6][35]$b$598,              
Y=$memory$auto$proc_rom.cc:155:do_switch$48$rdmux[0][5][17]$b$448               
      New ports: A={                                                            
$memory$auto$proc_rom.cc:155:do_switch$48$rdmux[0][6][35]$a$597 [7]             
$memory$auto$proc_rom.cc:155:do_switch$48$rdmux[0][6][35]$a$597 [4] 1'1         
$memory$auto$proc_rom.cc:155:do_switch$48$rdmux[0][6][35]$a$597 [4] 1'0 }, B={  
1'0 $memory$auto$proc_rom.cc:155:do_switch$48$rdmux[0][6][35]$b$598 [6] 1'0     
$memory$auto$proc_rom.cc:155:do_switch$48$rdmux[0][6][35]$b$598 [0]             
$memory$auto$proc_rom.cc:155:do_switch$48$rdmux[0][6][35]$b$598 [0] }, Y={      
$memory$auto$proc_rom.cc:155:do_switch$48$rdmux[0][5][17]$b$448 [7:4]           
$memory$auto$proc_rom.cc:155:do_switch$48$rdmux[0][5][17]$b$448 [0] }           
      New connections: {                                                        
$memory$auto$proc_rom.cc:155:do_switch$48$rdmux[0][5][17]$b$448 [11:8]          
$memory$auto$proc_rom.cc:155:do_switch$48$rdmux[0][5][17]$b$448 [3:1] } =       
7'1101111                                                                       
    Consolidated identical input bits for $mux cell                             
$memory$auto$proc_rom.cc:155:do_switch$48$rdmux[0][6][34]$593:                  
      Old ports:                                                                
A=$memory$auto$proc_rom.cc:155:do_switch$48$rdmux[0][6][34]$a$594,              
B=$memory$auto$proc_rom.cc:155:do_switch$48$rdmux[0][6][34]$b$595,              
Y=$memory$auto$proc_rom.cc:155:do_switch$48$rdmux[0][5][17]$a$447               
      New ports: A={ 1'0                                                        
$memory$auto$proc_rom.cc:155:do_switch$48$rdmux[0][6][34]$a$594 [6] 2'11        
$memory$auto$proc_rom.cc:155:do_switch$48$rdmux[0][6][34]$a$594 [1] 1'1 }, B={  
$memory$auto$proc_rom.cc:155:do_switch$48$rdmux[0][6][34]$b$595 [4]             
$memory$auto$proc_rom.cc:155:do_switch$48$rdmux[0][6][34]$b$595 [4] 1'0         
$memory$auto$proc_rom.cc:155:do_switch$48$rdmux[0][6][34]$b$595 [4] 1'1         
$memory$auto$proc_rom.cc:155:do_switch$48$rdmux[0][6][34]$b$595 [0] }, Y={      
$memory$auto$proc_rom.cc:155:do_switch$48$rdmux[0][5][17]$a$447 [7:4]           
$memory$auto$proc_rom.cc:155:do_switch$48$rdmux[0][5][17]$a$447 [1:0] }         
      New connections: {                                                        
$memory$auto$proc_rom.cc:155:do_switch$48$rdmux[0][5][17]$a$447 [11:8]          
$memory$auto$proc_rom.cc:155:do_switch$48$rdmux[0][5][17]$a$447 [3:2] } = { 2'11
$memory$auto$proc_rom.cc:155:do_switch$48$rdmux[0][5][17]$a$447 [0]             
$memory$auto$proc_rom.cc:155:do_switch$48$rdmux[0][5][17]$a$447 [7]             
$memory$auto$proc_rom.cc:155:do_switch$48$rdmux[0][5][17]$a$447 [1]             
$memory$auto$proc_rom.cc:155:do_switch$48$rdmux[0][5][17]$a$447 [1] }           
    Consolidated identical input bits for $mux cell                             
$memory$auto$proc_rom.cc:155:do_switch$48$rdmux[0][6][33]$590:                  
      Old ports:                                                                
A=$memory$auto$proc_rom.cc:155:do_switch$48$rdmux[0][6][33]$a$591,              
B=$memory$auto$proc_rom.cc:155:do_switch$48$rdmux[0][6][33]$b$592,              
Y=$memory$auto$proc_rom.cc:155:do_switch$48$rdmux[0][5][16]$b$445               
      New ports: A={ 2'00                                                       
$memory$auto$proc_rom.cc:155:do_switch$48$rdmux[0][6][33]$a$591 [1] 1'1         
$memory$auto$proc_rom.cc:155:do_switch$48$rdmux[0][6][33]$a$591 [1] 1'1 }, B={  
1'1 $memory$auto$proc_rom.cc:155:do_switch$48$rdmux[0][6][33]$b$592 [2]         
$memory$auto$proc_rom.cc:155:do_switch$48$rdmux[0][6][33]$b$592 [2]             
$memory$auto$proc_rom.cc:155:do_switch$48$rdmux[0][6][33]$b$592 [2:1] 1'0 }, Y={
$memory$auto$proc_rom.cc:155:do_switch$48$rdmux[0][5][16]$b$445 [7:6]           
$memory$auto$proc_rom.cc:155:do_switch$48$rdmux[0][5][16]$b$445 [4]             
$memory$auto$proc_rom.cc:155:do_switch$48$rdmux[0][5][16]$b$445 [2:0] }         
      New connections: {                                                        
$memory$auto$proc_rom.cc:155:do_switch$48$rdmux[0][5][16]$b$445 [11:8]          
$memory$auto$proc_rom.cc:155:do_switch$48$rdmux[0][5][16]$b$445 [5]             
$memory$auto$proc_rom.cc:155:do_switch$48$rdmux[0][5][16]$b$445 [3] } = { 3'111 
$memory$auto$proc_rom.cc:155:do_switch$48$rdmux[0][5][16]$b$445 [0]             
$memory$auto$proc_rom.cc:155:do_switch$48$rdmux[0][5][16]$b$445 [1] 1'0 }       
    Consolidated identical input bits for $mux cell                             
$memory$auto$proc_rom.cc:155:do_switch$48$rdmux[0][6][32]$587:                  
      Old ports:                                                                
A=$memory$auto$proc_rom.cc:155:do_switch$48$rdmux[0][6][32]$a$588,              
B=$memory$auto$proc_rom.cc:155:do_switch$48$rdmux[0][6][32]$b$589,              
Y=$memory$auto$proc_rom.cc:155:do_switch$48$rdmux[0][5][16]$a$444               
      New ports: A={                                                            
$memory$auto$proc_rom.cc:155:do_switch$48$rdmux[0][6][32]$a$588 [1] 1'0         
$memory$auto$proc_rom.cc:155:do_switch$48$rdmux[0][6][32]$a$588 [1]             
$memory$auto$proc_rom.cc:155:do_switch$48$rdmux[0][6][32]$a$588 [1]             
$memory$auto$proc_rom.cc:155:do_switch$48$rdmux[0][6][32]$a$588 [1] 1'0 }, B={  
$memory$auto$proc_rom.cc:155:do_switch$48$rdmux[0][6][32]$b$589 [0]             
$memory$auto$proc_rom.cc:155:do_switch$48$rdmux[0][6][32]$b$589 [2] 1'1         
$memory$auto$proc_rom.cc:155:do_switch$48$rdmux[0][6][32]$b$589 [2] 1'0         
$memory$auto$proc_rom.cc:155:do_switch$48$rdmux[0][6][32]$b$589 [0] }, Y={      
$memory$auto$proc_rom.cc:155:do_switch$48$rdmux[0][5][16]$a$444 [6]             
$memory$auto$proc_rom.cc:155:do_switch$48$rdmux[0][5][16]$a$444 [4:0] }         
      New connections: {                                                        
$memory$auto$proc_rom.cc:155:do_switch$48$rdmux[0][5][16]$a$444 [11:7]          
$memory$auto$proc_rom.cc:155:do_switch$48$rdmux[0][5][16]$a$444 [5] } = {       
$memory$auto$proc_rom.cc:155:do_switch$48$rdmux[0][5][16]$a$444 [3]             
$memory$auto$proc_rom.cc:155:do_switch$48$rdmux[0][5][16]$a$444 [3]             
$memory$auto$proc_rom.cc:155:do_switch$48$rdmux[0][5][16]$a$444 [3]             
$memory$auto$proc_rom.cc:155:do_switch$48$rdmux[0][5][16]$a$444 [3:2]           
$memory$auto$proc_rom.cc:155:do_switch$48$rdmux[0][5][16]$a$444 [0] }           
    Consolidated identical input bits for $mux cell                             
$memory$auto$proc_rom.cc:155:do_switch$48$rdmux[0][6][31]$584:                  
      Old ports:                                                                
A=$memory$auto$proc_rom.cc:155:do_switch$48$rdmux[0][6][31]$a$585,              
B=$memory$auto$proc_rom.cc:155:do_switch$48$rdmux[0][6][31]$b$586,              
Y=$memory$auto$proc_rom.cc:155:do_switch$48$rdmux[0][5][15]$b$442               
      New ports: A={                                                            
$memory$auto$proc_rom.cc:155:do_switch$48$rdmux[0][6][31]$a$585 [3] 1'0         
$memory$auto$proc_rom.cc:155:do_switch$48$rdmux[0][6][31]$a$585 [3]             
$memory$auto$proc_rom.cc:155:do_switch$48$rdmux[0][6][31]$a$585 [1]             
$memory$auto$proc_rom.cc:155:do_switch$48$rdmux[0][6][31]$a$585 [1] 1'1 }, B={  
$memory$auto$proc_rom.cc:155:do_switch$48$rdmux[0][6][31]$b$586 [2] 2'10        
$memory$auto$proc_rom.cc:155:do_switch$48$rdmux[0][6][31]$b$586 [2:1] 1'0 }, Y={
$memory$auto$proc_rom.cc:155:do_switch$48$rdmux[0][5][15]$b$442 [6:5]           
$memory$auto$proc_rom.cc:155:do_switch$48$rdmux[0][5][15]$b$442 [3:0] }         
      New connections: {                                                        
$memory$auto$proc_rom.cc:155:do_switch$48$rdmux[0][5][15]$b$442 [11:7]          
$memory$auto$proc_rom.cc:155:do_switch$48$rdmux[0][5][15]$b$442 [4] } = { 4'0000
$memory$auto$proc_rom.cc:155:do_switch$48$rdmux[0][5][15]$b$442 [0]             
$memory$auto$proc_rom.cc:155:do_switch$48$rdmux[0][5][15]$b$442 [1] }           
    Consolidated identical input bits for $mux cell                             
$memory$auto$proc_rom.cc:155:do_switch$48$rdmux[0][6][30]$581:                  
      Old ports:                                                                
A=$memory$auto$proc_rom.cc:155:do_switch$48$rdmux[0][6][30]$a$582,              
B=$memory$auto$proc_rom.cc:155:do_switch$48$rdmux[0][6][30]$b$583,              
Y=$memory$auto$proc_rom.cc:155:do_switch$48$rdmux[0][5][15]$a$441               
      New ports: A={ 1'0                                                        
$memory$auto$proc_rom.cc:155:do_switch$48$rdmux[0][6][30]$a$582 [4] 2'11        
$memory$auto$proc_rom.cc:155:do_switch$48$rdmux[0][6][30]$a$582 [0] }, B={ 1'1  
$memory$auto$proc_rom.cc:155:do_switch$48$rdmux[0][6][30]$b$583 [0]             
$memory$auto$proc_rom.cc:155:do_switch$48$rdmux[0][6][30]$b$583 [2]             
$memory$auto$proc_rom.cc:155:do_switch$48$rdmux[0][6][30]$b$583 [0]             
$memory$auto$proc_rom.cc:155:do_switch$48$rdmux[0][6][30]$b$583 [0] }, Y={      
$memory$auto$proc_rom.cc:155:do_switch$48$rdmux[0][5][15]$a$441 [5:4]           
$memory$auto$proc_rom.cc:155:do_switch$48$rdmux[0][5][15]$a$441 [2:0] }         
      New connections: {                                                        
$memory$auto$proc_rom.cc:155:do_switch$48$rdmux[0][5][15]$a$441 [11:6]          
$memory$auto$proc_rom.cc:155:do_switch$48$rdmux[0][5][15]$a$441 [3] } = { 3'000 
$memory$auto$proc_rom.cc:155:do_switch$48$rdmux[0][5][15]$a$441 [2]             
$memory$auto$proc_rom.cc:155:do_switch$48$rdmux[0][5][15]$a$441 [0]             
$memory$auto$proc_rom.cc:155:do_switch$48$rdmux[0][5][15]$a$441 [4] 1'1 }       
    Consolidated identical input bits for $mux cell                             
$memory$auto$proc_rom.cc:155:do_switch$48$rdmux[0][6][29]$578:                  
      Old ports:                                                                
A=$memory$auto$proc_rom.cc:155:do_switch$48$rdmux[0][6][29]$a$579,              
B=$memory$auto$proc_rom.cc:155:do_switch$48$rdmux[0][6][29]$b$580,              
Y=$memory$auto$proc_rom.cc:155:do_switch$48$rdmux[0][5][14]$b$439               
      New ports: A={                                                            
$memory$auto$proc_rom.cc:155:do_switch$48$rdmux[0][6][29]$a$579 [4]             
$memory$auto$proc_rom.cc:155:do_switch$48$rdmux[0][6][29]$a$579 [5:4] 2'10 },   
B={ 1'1 $memory$auto$proc_rom.cc:155:do_switch$48$rdmux[0][6][29]$b$580 [4]     
$memory$auto$proc_rom.cc:155:do_switch$48$rdmux[0][6][29]$b$580 [4] 2'01 }, Y={ 
$memory$auto$proc_rom.cc:155:do_switch$48$rdmux[0][5][14]$b$439 [6:4]           
$memory$auto$proc_rom.cc:155:do_switch$48$rdmux[0][5][14]$b$439 [1:0] }         
      New connections: {                                                        
$memory$auto$proc_rom.cc:155:do_switch$48$rdmux[0][5][14]$b$439 [11:7]          
$memory$auto$proc_rom.cc:155:do_switch$48$rdmux[0][5][14]$b$439 [3:2] } = { 2'00
$memory$auto$proc_rom.cc:155:do_switch$48$rdmux[0][5][14]$b$439 [1:0]           
$memory$auto$proc_rom.cc:155:do_switch$48$rdmux[0][5][14]$b$439 [0] 2'00 }      
    Consolidated identical input bits for $mux cell                             
$memory$auto$proc_rom.cc:155:do_switch$48$rdmux[0][6][28]$575:                  
      Old ports:                                                                
A=$memory$auto$proc_rom.cc:155:do_switch$48$rdmux[0][6][28]$a$576,              
B=$memory$auto$proc_rom.cc:155:do_switch$48$rdmux[0][6][28]$b$577,              
Y=$memory$auto$proc_rom.cc:155:do_switch$48$rdmux[0][5][14]$a$438               
      New ports: A={                                                            
$memory$auto$proc_rom.cc:155:do_switch$48$rdmux[0][6][28]$a$576 [5]             
$memory$auto$proc_rom.cc:155:do_switch$48$rdmux[0][6][28]$a$576 [5]             
$memory$auto$proc_rom.cc:155:do_switch$48$rdmux[0][6][28]$a$576 [5] 1'0         
$memory$auto$proc_rom.cc:155:do_switch$48$rdmux[0][6][28]$a$576 [1]             
$memory$auto$proc_rom.cc:155:do_switch$48$rdmux[0][6][28]$a$576 [1] 1'1 }, B={  
2'10 $memory$auto$proc_rom.cc:155:do_switch$48$rdmux[0][6][28]$b$577 [4]        
$memory$auto$proc_rom.cc:155:do_switch$48$rdmux[0][6][28]$b$577 [4] 3'010 }, Y={
$memory$auto$proc_rom.cc:155:do_switch$48$rdmux[0][5][14]$a$438 [7:4]           
$memory$auto$proc_rom.cc:155:do_switch$48$rdmux[0][5][14]$a$438 [2:0] }         
      New connections: {                                                        
$memory$auto$proc_rom.cc:155:do_switch$48$rdmux[0][5][14]$a$438 [11:8]          
$memory$auto$proc_rom.cc:155:do_switch$48$rdmux[0][5][14]$a$438 [3] } = { 3'001 
$memory$auto$proc_rom.cc:155:do_switch$48$rdmux[0][5][14]$a$438 [2]             
$memory$auto$proc_rom.cc:155:do_switch$48$rdmux[0][5][14]$a$438 [2] }           
    Consolidated identical input bits for $mux cell                             
$memory$auto$proc_rom.cc:155:do_switch$48$rdmux[0][6][27]$572:                  
      Old ports:                                                                
A=$memory$auto$proc_rom.cc:155:do_switch$48$rdmux[0][6][27]$a$573,              
B=$memory$auto$proc_rom.cc:155:do_switch$48$rdmux[0][6][27]$b$574,              
Y=$memory$auto$proc_rom.cc:155:do_switch$48$rdmux[0][5][13]$b$436               
      New ports: A={ 1'1                                                        
$memory$auto$proc_rom.cc:155:do_switch$48$rdmux[0][6][27]$a$573 [3]             
$memory$auto$proc_rom.cc:155:do_switch$48$rdmux[0][6][27]$a$573 [3]             
$memory$auto$proc_rom.cc:155:do_switch$48$rdmux[0][6][27]$a$573 [0] 1'0         
$memory$auto$proc_rom.cc:155:do_switch$48$rdmux[0][6][27]$a$573 [0] }, B={ 1'0  
$memory$auto$proc_rom.cc:155:do_switch$48$rdmux[0][6][27]$b$574 [2] 1'1         
$memory$auto$proc_rom.cc:155:do_switch$48$rdmux[0][6][27]$b$574 [2] 1'1         
$memory$auto$proc_rom.cc:155:do_switch$48$rdmux[0][6][27]$b$574 [0] }, Y={      
$memory$auto$proc_rom.cc:155:do_switch$48$rdmux[0][5][13]$b$436 [7]             
$memory$auto$proc_rom.cc:155:do_switch$48$rdmux[0][5][13]$b$436 [4:0] }         
      New connections: {                                                        
$memory$auto$proc_rom.cc:155:do_switch$48$rdmux[0][5][13]$b$436 [11:8]          
$memory$auto$proc_rom.cc:155:do_switch$48$rdmux[0][5][13]$b$436 [6:5] } = {     
4'0011 $memory$auto$proc_rom.cc:155:do_switch$48$rdmux[0][5][13]$b$436 [0]      
$memory$auto$proc_rom.cc:155:do_switch$48$rdmux[0][5][13]$b$436 [1] }           
    Consolidated identical input bits for $mux cell                             
$memory$auto$proc_rom.cc:155:do_switch$48$rdmux[0][6][26]$569:                  
      Old ports:                                                                
A=$memory$auto$proc_rom.cc:155:do_switch$48$rdmux[0][6][26]$a$570,              
B=$memory$auto$proc_rom.cc:155:do_switch$48$rdmux[0][6][26]$b$571,              
Y=$memory$auto$proc_rom.cc:155:do_switch$48$rdmux[0][5][13]$a$435               
      New ports: A={ 2'10                                                       
$memory$auto$proc_rom.cc:155:do_switch$48$rdmux[0][6][26]$a$570 [4]             
$memory$auto$proc_rom.cc:155:do_switch$48$rdmux[0][6][26]$a$570 [4] 1'0         
$memory$auto$proc_rom.cc:155:do_switch$48$rdmux[0][6][26]$a$570 [1]             
$memory$auto$proc_rom.cc:155:do_switch$48$rdmux[0][6][26]$a$570 [1] 1'1 }, B={  
$memory$auto$proc_rom.cc:155:do_switch$48$rdmux[0][6][26]$b$571 [2]             
$memory$auto$proc_rom.cc:155:do_switch$48$rdmux[0][6][26]$b$571 [0]             
$memory$auto$proc_rom.cc:155:do_switch$48$rdmux[0][6][26]$b$571 [0] 1'1         
$memory$auto$proc_rom.cc:155:do_switch$48$rdmux[0][6][26]$b$571 [2]             
$memory$auto$proc_rom.cc:155:do_switch$48$rdmux[0][6][26]$b$571 [2] 1'0         
$memory$auto$proc_rom.cc:155:do_switch$48$rdmux[0][6][26]$b$571 [0] }, Y={      
$memory$auto$proc_rom.cc:155:do_switch$48$rdmux[0][5][13]$a$435 [10]            
$memory$auto$proc_rom.cc:155:do_switch$48$rdmux[0][5][13]$a$435 [7]             
$memory$auto$proc_rom.cc:155:do_switch$48$rdmux[0][5][13]$a$435 [5:0] }         
      New connections: {                                                        
$memory$auto$proc_rom.cc:155:do_switch$48$rdmux[0][5][13]$a$435 [11]            
$memory$auto$proc_rom.cc:155:do_switch$48$rdmux[0][5][13]$a$435 [9:8]           
$memory$auto$proc_rom.cc:155:do_switch$48$rdmux[0][5][13]$a$435 [6] } = { 1'0   
$memory$auto$proc_rom.cc:155:do_switch$48$rdmux[0][5][13]$a$435 [7]             
$memory$auto$proc_rom.cc:155:do_switch$48$rdmux[0][5][13]$a$435 [7]             
$memory$auto$proc_rom.cc:155:do_switch$48$rdmux[0][5][13]$a$435 [0] }           
    Consolidated identical input bits for $mux cell                             
$memory$auto$proc_rom.cc:155:do_switch$48$rdmux[0][6][25]$566:                  
      Old ports:                                                                
A=$memory$auto$proc_rom.cc:155:do_switch$48$rdmux[0][6][25]$a$567,              
B=$memory$auto$proc_rom.cc:155:do_switch$48$rdmux[0][6][25]$b$568,              
Y=$memory$auto$proc_rom.cc:155:do_switch$48$rdmux[0][5][12]$b$433               
      New ports: A={                                                            
$memory$auto$proc_rom.cc:155:do_switch$48$rdmux[0][6][25]$a$567 [4:3]           
$memory$auto$proc_rom.cc:155:do_switch$48$rdmux[0][6][25]$a$567 [3]             
$memory$auto$proc_rom.cc:155:do_switch$48$rdmux[0][6][25]$a$567 [3]             
$memory$auto$proc_rom.cc:155:do_switch$48$rdmux[0][6][25]$a$567 [4:3] }, B={    
2'01 $memory$auto$proc_rom.cc:155:do_switch$48$rdmux[0][6][25]$b$568 [6] 1'0    
$memory$auto$proc_rom.cc:155:do_switch$48$rdmux[0][6][25]$b$568 [3]             
$memory$auto$proc_rom.cc:155:do_switch$48$rdmux[0][6][25]$b$568 [3] },          
Y=$memory$auto$proc_rom.cc:155:do_switch$48$rdmux[0][5][12]$b$433 [8:3]         
      New connections: {                                                        
$memory$auto$proc_rom.cc:155:do_switch$48$rdmux[0][5][12]$b$433 [11:9]          
$memory$auto$proc_rom.cc:155:do_switch$48$rdmux[0][5][12]$b$433 [2:0] } =       
6'010011                                                                        
    Consolidated identical input bits for $mux cell                             
$memory$auto$proc_rom.cc:155:do_switch$48$rdmux[0][6][24]$563:                  
      Old ports:                                                                
A=$memory$auto$proc_rom.cc:155:do_switch$48$rdmux[0][6][24]$a$564,              
B=$memory$auto$proc_rom.cc:155:do_switch$48$rdmux[0][6][24]$b$565,              
Y=$memory$auto$proc_rom.cc:155:do_switch$48$rdmux[0][5][12]$a$432               
      New ports: A={ 2'10                                                       
$memory$auto$proc_rom.cc:155:do_switch$48$rdmux[0][6][24]$a$564 [2] 1'0         
$memory$auto$proc_rom.cc:155:do_switch$48$rdmux[0][6][24]$a$564 [2] 1'1 }, B={  
1'0 $memory$auto$proc_rom.cc:155:do_switch$48$rdmux[0][6][24]$b$565 [1]         
$memory$auto$proc_rom.cc:155:do_switch$48$rdmux[0][6][24]$b$565 [5] 1'1         
$memory$auto$proc_rom.cc:155:do_switch$48$rdmux[0][6][24]$b$565 [1]             
$memory$auto$proc_rom.cc:155:do_switch$48$rdmux[0][6][24]$b$565 [1] }, Y={      
$memory$auto$proc_rom.cc:155:do_switch$48$rdmux[0][5][12]$a$432 [7:5]           
$memory$auto$proc_rom.cc:155:do_switch$48$rdmux[0][5][12]$a$432 [3:1] }         
      New connections: {                                                        
$memory$auto$proc_rom.cc:155:do_switch$48$rdmux[0][5][12]$a$432 [11:8]          
$memory$auto$proc_rom.cc:155:do_switch$48$rdmux[0][5][12]$a$432 [4]             
$memory$auto$proc_rom.cc:155:do_switch$48$rdmux[0][5][12]$a$432 [0] } = { 4'0101
$memory$auto$proc_rom.cc:155:do_switch$48$rdmux[0][5][12]$a$432 [3] 1'1 }       
    Consolidated identical input bits for $mux cell                             
$memory$auto$proc_rom.cc:155:do_switch$48$rdmux[0][6][23]$560:                  
      Old ports:                                                                
A=$memory$auto$proc_rom.cc:155:do_switch$48$rdmux[0][6][23]$a$561,              
B=$memory$auto$proc_rom.cc:155:do_switch$48$rdmux[0][6][23]$b$562,              
Y=$memory$auto$proc_rom.cc:155:do_switch$48$rdmux[0][5][11]$b$430               
      New ports: A={ 1'1                                                        
$memory$auto$proc_rom.cc:155:do_switch$48$rdmux[0][6][23]$a$561 [5] 3'110 }, B={
1'0 $memory$auto$proc_rom.cc:155:do_switch$48$rdmux[0][6][23]$b$562 [2]         
$memory$auto$proc_rom.cc:155:do_switch$48$rdmux[0][6][23]$b$562 [2:1] 1'1 }, Y={
$memory$auto$proc_rom.cc:155:do_switch$48$rdmux[0][5][11]$b$430 [9]             
$memory$auto$proc_rom.cc:155:do_switch$48$rdmux[0][5][11]$b$430 [5]             
$memory$auto$proc_rom.cc:155:do_switch$48$rdmux[0][5][11]$b$430 [2:0] }         
      New connections: {                                                        
$memory$auto$proc_rom.cc:155:do_switch$48$rdmux[0][5][11]$b$430 [11:10]         
$memory$auto$proc_rom.cc:155:do_switch$48$rdmux[0][5][11]$b$430 [8:6]           
$memory$auto$proc_rom.cc:155:do_switch$48$rdmux[0][5][11]$b$430 [4:3] } = { 2'01
$memory$auto$proc_rom.cc:155:do_switch$48$rdmux[0][5][11]$b$430 [0]             
$memory$auto$proc_rom.cc:155:do_switch$48$rdmux[0][5][11]$b$430 [0]             
$memory$auto$proc_rom.cc:155:do_switch$48$rdmux[0][5][11]$b$430 [0] 2'01 }      
    Consolidated identical input bits for $mux cell                             
$memory$auto$proc_rom.cc:155:do_switch$48$rdmux[0][6][22]$557:                  
      Old ports:                                                                
A=$memory$auto$proc_rom.cc:155:do_switch$48$rdmux[0][6][22]$a$558,              
B=$memory$auto$proc_rom.cc:155:do_switch$48$rdmux[0][6][22]$b$559,              
Y=$memory$auto$proc_rom.cc:155:do_switch$48$rdmux[0][5][11]$a$429               
      New ports: A={ 2'10                                                       
$memory$auto$proc_rom.cc:155:do_switch$48$rdmux[0][6][22]$a$558 [2]             
$memory$auto$proc_rom.cc:155:do_switch$48$rdmux[0][6][22]$a$558 [3:2] 1'1 }, B={
2'01 $memory$auto$proc_rom.cc:155:do_switch$48$rdmux[0][6][22]$b$559 [5] 2'11   
$memory$auto$proc_rom.cc:155:do_switch$48$rdmux[0][6][22]$b$559 [1] }, Y={      
$memory$auto$proc_rom.cc:155:do_switch$48$rdmux[0][5][11]$a$429 [7:5]           
$memory$auto$proc_rom.cc:155:do_switch$48$rdmux[0][5][11]$a$429 [3:1] }         
      New connections: {                                                        
$memory$auto$proc_rom.cc:155:do_switch$48$rdmux[0][5][11]$a$429 [11:8]          
$memory$auto$proc_rom.cc:155:do_switch$48$rdmux[0][5][11]$a$429 [4]             
$memory$auto$proc_rom.cc:155:do_switch$48$rdmux[0][5][11]$a$429 [0] } = 6'011000
    Consolidated identical input bits for $mux cell                             
$memory$auto$proc_rom.cc:155:do_switch$48$rdmux[0][6][21]$554:                  
      Old ports:                                                                
A=$memory$auto$proc_rom.cc:155:do_switch$48$rdmux[0][6][21]$a$555,              
B=$memory$auto$proc_rom.cc:155:do_switch$48$rdmux[0][6][21]$b$556,              
Y=$memory$auto$proc_rom.cc:155:do_switch$48$rdmux[0][5][10]$b$427               
      New ports: A={                                                            
$memory$auto$proc_rom.cc:155:do_switch$48$rdmux[0][6][21]$a$555 [3]             
$memory$auto$proc_rom.cc:155:do_switch$48$rdmux[0][6][21]$a$555 [4]             
$memory$auto$proc_rom.cc:155:do_switch$48$rdmux[0][6][21]$a$555 [4]             
$memory$auto$proc_rom.cc:155:do_switch$48$rdmux[0][6][21]$a$555 [4:3] 2'11 },   
B={ 3'010 $memory$auto$proc_rom.cc:155:do_switch$48$rdmux[0][6][21]$b$556 [2]   
$memory$auto$proc_rom.cc:155:do_switch$48$rdmux[0][6][21]$b$556 [2]             
$memory$auto$proc_rom.cc:155:do_switch$48$rdmux[0][6][21]$b$556 [2]             
$memory$auto$proc_rom.cc:155:do_switch$48$rdmux[0][6][21]$b$556 [0] }, Y={      
$memory$auto$proc_rom.cc:155:do_switch$48$rdmux[0][5][10]$b$427 [8]             
$memory$auto$proc_rom.cc:155:do_switch$48$rdmux[0][5][10]$b$427 [6:2]           
$memory$auto$proc_rom.cc:155:do_switch$48$rdmux[0][5][10]$b$427 [0] }           
      New connections: {                                                        
$memory$auto$proc_rom.cc:155:do_switch$48$rdmux[0][5][10]$b$427 [11:9]          
$memory$auto$proc_rom.cc:155:do_switch$48$rdmux[0][5][10]$b$427 [7]             
$memory$auto$proc_rom.cc:155:do_switch$48$rdmux[0][5][10]$b$427 [1] } = { 3'011 
$memory$auto$proc_rom.cc:155:do_switch$48$rdmux[0][5][10]$b$427 [6] 1'0 }       
    Consolidated identical input bits for $mux cell                             
$memory$auto$proc_rom.cc:155:do_switch$48$rdmux[0][6][20]$551:                  
      Old ports:                                                                
A=$memory$auto$proc_rom.cc:155:do_switch$48$rdmux[0][6][20]$a$552,              
B=$memory$auto$proc_rom.cc:155:do_switch$48$rdmux[0][6][20]$b$553,              
Y=$memory$auto$proc_rom.cc:155:do_switch$48$rdmux[0][5][10]$a$426               
      New ports: A={                                                            
$memory$auto$proc_rom.cc:155:do_switch$48$rdmux[0][6][20]$a$552 [5] 1'0         
$memory$auto$proc_rom.cc:155:do_switch$48$rdmux[0][6][20]$a$552 [2]             
$memory$auto$proc_rom.cc:155:do_switch$48$rdmux[0][6][20]$a$552 [2] 2'11 }, B={ 
1'1 $memory$auto$proc_rom.cc:155:do_switch$48$rdmux[0][6][20]$b$553 [1]         
$memory$auto$proc_rom.cc:155:do_switch$48$rdmux[0][6][20]$b$553 [1]             
$memory$auto$proc_rom.cc:155:do_switch$48$rdmux[0][6][20]$b$553 [2:1] 1'0 },    
Y=$memory$auto$proc_rom.cc:155:do_switch$48$rdmux[0][5][10]$a$426 [5:0]         
      New connections:                                                          
$memory$auto$proc_rom.cc:155:do_switch$48$rdmux[0][5][10]$a$426 [11:6] = {      
5'01110 $memory$auto$proc_rom.cc:155:do_switch$48$rdmux[0][5][10]$a$426 [0] }   
    Consolidated identical input bits for $mux cell                             
$memory$auto$proc_rom.cc:155:do_switch$48$rdmux[0][6][19]$548:                  
      Old ports:                                                                
A=$memory$auto$proc_rom.cc:155:do_switch$48$rdmux[0][6][19]$a$549,              
B=$memory$auto$proc_rom.cc:155:do_switch$48$rdmux[0][6][19]$b$550,              
Y=$memory$auto$proc_rom.cc:155:do_switch$48$rdmux[0][5][9]$b$424                
      New ports: A={ 2'10                                                       
$memory$auto$proc_rom.cc:155:do_switch$48$rdmux[0][6][19]$a$549 [0]             
$memory$auto$proc_rom.cc:155:do_switch$48$rdmux[0][6][19]$a$549 [3]             
$memory$auto$proc_rom.cc:155:do_switch$48$rdmux[0][6][19]$a$549 [3]             
$memory$auto$proc_rom.cc:155:do_switch$48$rdmux[0][6][19]$a$549 [0]             
$memory$auto$proc_rom.cc:155:do_switch$48$rdmux[0][6][19]$a$549 [0] }, B={      
$memory$auto$proc_rom.cc:155:do_switch$48$rdmux[0][6][19]$b$550 [0]             
$memory$auto$proc_rom.cc:155:do_switch$48$rdmux[0][6][19]$b$550 [4]             
$memory$auto$proc_rom.cc:155:do_switch$48$rdmux[0][6][19]$b$550 [4]             
$memory$auto$proc_rom.cc:155:do_switch$48$rdmux[0][6][19]$b$550 [4] 2'01        
$memory$auto$proc_rom.cc:155:do_switch$48$rdmux[0][6][19]$b$550 [0] }, Y={      
$memory$auto$proc_rom.cc:155:do_switch$48$rdmux[0][5][9]$b$424 [7:3]            
$memory$auto$proc_rom.cc:155:do_switch$48$rdmux[0][5][9]$b$424 [1:0] }          
      New connections: {                                                        
$memory$auto$proc_rom.cc:155:do_switch$48$rdmux[0][5][9]$b$424 [11:8]           
$memory$auto$proc_rom.cc:155:do_switch$48$rdmux[0][5][9]$b$424 [2] } = { 4'0111 
$memory$auto$proc_rom.cc:155:do_switch$48$rdmux[0][5][9]$b$424 [1] }            
    Consolidated identical input bits for $mux cell                             
$memory$auto$proc_rom.cc:155:do_switch$48$rdmux[0][6][18]$545:                  
      Old ports:                                                                
A=$memory$auto$proc_rom.cc:155:do_switch$48$rdmux[0][6][18]$a$546,              
B=$memory$auto$proc_rom.cc:155:do_switch$48$rdmux[0][6][18]$b$547,              
Y=$memory$auto$proc_rom.cc:155:do_switch$48$rdmux[0][5][9]$a$423                
      New ports: A={ 2'10                                                       
$memory$auto$proc_rom.cc:155:do_switch$48$rdmux[0][6][18]$a$546 [4] 2'10        
$memory$auto$proc_rom.cc:155:do_switch$48$rdmux[0][6][18]$a$546 [0] }, B={      
$memory$auto$proc_rom.cc:155:do_switch$48$rdmux[0][6][18]$b$547 [1:0]           
$memory$auto$proc_rom.cc:155:do_switch$48$rdmux[0][6][18]$b$547 [0] 1'0         
$memory$auto$proc_rom.cc:155:do_switch$48$rdmux[0][6][18]$b$547 [1:0] }, Y={    
$memory$auto$proc_rom.cc:155:do_switch$48$rdmux[0][5][9]$a$423 [6:3]            
$memory$auto$proc_rom.cc:155:do_switch$48$rdmux[0][5][9]$a$423 [1:0] }          
      New connections: {                                                        
$memory$auto$proc_rom.cc:155:do_switch$48$rdmux[0][5][9]$a$423 [11:7]           
$memory$auto$proc_rom.cc:155:do_switch$48$rdmux[0][5][9]$a$423 [2] } = { 5'01111
$memory$auto$proc_rom.cc:155:do_switch$48$rdmux[0][5][9]$a$423 [0] }            
    Consolidated identical input bits for $mux cell                             
$memory$auto$proc_rom.cc:155:do_switch$48$rdmux[0][6][17]$542:                  
      Old ports:                                                                
A=$memory$auto$proc_rom.cc:155:do_switch$48$rdmux[0][6][17]$a$543,              
B=$memory$auto$proc_rom.cc:155:do_switch$48$rdmux[0][6][17]$b$544,              
Y=$memory$auto$proc_rom.cc:155:do_switch$48$rdmux[0][5][8]$b$421                
      New ports: A={ 2'10                                                       
$memory$auto$proc_rom.cc:155:do_switch$48$rdmux[0][6][17]$a$543 [0]             
$memory$auto$proc_rom.cc:155:do_switch$48$rdmux[0][6][17]$a$543 [0] }, B={ 1'0  
$memory$auto$proc_rom.cc:155:do_switch$48$rdmux[0][6][17]$b$544 [3] 2'01 }, Y={ 
$memory$auto$proc_rom.cc:155:do_switch$48$rdmux[0][5][8]$b$421 [4:2]            
$memory$auto$proc_rom.cc:155:do_switch$48$rdmux[0][5][8]$b$421 [0] }            
      New connections: {                                                        
$memory$auto$proc_rom.cc:155:do_switch$48$rdmux[0][5][8]$b$421 [11:5]           
$memory$auto$proc_rom.cc:155:do_switch$48$rdmux[0][5][8]$b$421 [1] } =          
8'01111110                                                                      
    Consolidated identical input bits for $mux cell                             
$memory$auto$proc_rom.cc:155:do_switch$48$rdmux[0][6][16]$539:                  
      Old ports:                                                                
A=$memory$auto$proc_rom.cc:155:do_switch$48$rdmux[0][6][16]$a$540,              
B=$memory$auto$proc_rom.cc:155:do_switch$48$rdmux[0][6][16]$b$541,              
Y=$memory$auto$proc_rom.cc:155:do_switch$48$rdmux[0][5][8]$a$420                
      New ports: A={ 2'11                                                       
$memory$auto$proc_rom.cc:155:do_switch$48$rdmux[0][6][16]$a$540 [0] }, B={      
$memory$auto$proc_rom.cc:155:do_switch$48$rdmux[0][6][16]$b$541 [2] 2'01 },     
Y=$memory$auto$proc_rom.cc:155:do_switch$48$rdmux[0][5][8]$a$420 [2:0]          
      New connections:                                                          
$memory$auto$proc_rom.cc:155:do_switch$48$rdmux[0][5][8]$a$420 [11:3] =         
9'011111111                                                                     
    Consolidated identical input bits for $mux cell                             
$memory$auto$proc_rom.cc:155:do_switch$48$rdmux[0][6][15]$536:                  
      Old ports:                                                                
A=$memory$auto$proc_rom.cc:155:do_switch$48$rdmux[0][6][15]$a$537,              
B=$memory$auto$proc_rom.cc:155:do_switch$48$rdmux[0][6][15]$b$538,              
Y=$memory$auto$proc_rom.cc:155:do_switch$48$rdmux[0][5][7]$b$418                
      New ports: A={                                                            
$memory$auto$proc_rom.cc:155:do_switch$48$rdmux[0][6][15]$a$537 [3:2] 2'01 },   
B={ 2'11 $memory$auto$proc_rom.cc:155:do_switch$48$rdmux[0][6][15]$b$538 [1:0]  
}, Y=$memory$auto$proc_rom.cc:155:do_switch$48$rdmux[0][5][7]$b$418 [3:0]       
      New connections:                                                          
$memory$auto$proc_rom.cc:155:do_switch$48$rdmux[0][5][7]$b$418 [11:4] =         
8'01111111                                                                      
    Consolidated identical input bits for $mux cell                             
$memory$auto$proc_rom.cc:155:do_switch$48$rdmux[0][6][14]$533:                  
      Old ports:                                                                
A=$memory$auto$proc_rom.cc:155:do_switch$48$rdmux[0][6][14]$a$534,              
B=$memory$auto$proc_rom.cc:155:do_switch$48$rdmux[0][6][14]$b$535,              
Y=$memory$auto$proc_rom.cc:155:do_switch$48$rdmux[0][5][7]$a$417                
      New ports: A={                                                            
$memory$auto$proc_rom.cc:155:do_switch$48$rdmux[0][6][14]$a$534 [0]             
$memory$auto$proc_rom.cc:155:do_switch$48$rdmux[0][6][14]$a$534 [3]             
$memory$auto$proc_rom.cc:155:do_switch$48$rdmux[0][6][14]$a$534 [3]             
$memory$auto$proc_rom.cc:155:do_switch$48$rdmux[0][6][14]$a$534 [0] }, B={ 1'1  
$memory$auto$proc_rom.cc:155:do_switch$48$rdmux[0][6][14]$b$535 [4]             
$memory$auto$proc_rom.cc:155:do_switch$48$rdmux[0][6][14]$b$535 [0]             
$memory$auto$proc_rom.cc:155:do_switch$48$rdmux[0][6][14]$b$535 [0] }, Y={      
$memory$auto$proc_rom.cc:155:do_switch$48$rdmux[0][5][7]$a$417 [5:3]            
$memory$auto$proc_rom.cc:155:do_switch$48$rdmux[0][5][7]$a$417 [0] }            
      New connections: {                                                        
$memory$auto$proc_rom.cc:155:do_switch$48$rdmux[0][5][7]$a$417 [11:6]           
$memory$auto$proc_rom.cc:155:do_switch$48$rdmux[0][5][7]$a$417 [2:1] } =        
8'01111100                                                                      
    Consolidated identical input bits for $mux cell                             
$memory$auto$proc_rom.cc:155:do_switch$48$rdmux[0][6][13]$530:                  
      Old ports:                                                                
A=$memory$auto$proc_rom.cc:155:do_switch$48$rdmux[0][6][13]$a$531,              
B=$memory$auto$proc_rom.cc:155:do_switch$48$rdmux[0][6][13]$b$532,              
Y=$memory$auto$proc_rom.cc:155:do_switch$48$rdmux[0][5][6]$b$415                
      New ports: A={ 2'01                                                       
$memory$auto$proc_rom.cc:155:do_switch$48$rdmux[0][6][13]$a$531 [4] 1'0         
$memory$auto$proc_rom.cc:155:do_switch$48$rdmux[0][6][13]$a$531 [1] 1'1 }, B={  
3'100 $memory$auto$proc_rom.cc:155:do_switch$48$rdmux[0][6][13]$b$532 [0]       
$memory$auto$proc_rom.cc:155:do_switch$48$rdmux[0][6][13]$b$532 [1:0] }, Y={    
$memory$auto$proc_rom.cc:155:do_switch$48$rdmux[0][5][6]$b$415 [6:3]            
$memory$auto$proc_rom.cc:155:do_switch$48$rdmux[0][5][6]$b$415 [1:0] }          
      New connections: {                                                        
$memory$auto$proc_rom.cc:155:do_switch$48$rdmux[0][5][6]$b$415 [11:7]           
$memory$auto$proc_rom.cc:155:do_switch$48$rdmux[0][5][6]$b$415 [2] } = { 5'01111
$memory$auto$proc_rom.cc:155:do_switch$48$rdmux[0][5][6]$b$415 [0] }            
    Consolidated identical input bits for $mux cell                             
$memory$auto$proc_rom.cc:155:do_switch$48$rdmux[0][6][12]$527:                  
      Old ports:                                                                
A=$memory$auto$proc_rom.cc:155:do_switch$48$rdmux[0][6][12]$a$528,              
B=$memory$auto$proc_rom.cc:155:do_switch$48$rdmux[0][6][12]$b$529,              
Y=$memory$auto$proc_rom.cc:155:do_switch$48$rdmux[0][5][6]$a$414                
      New ports: A={ 2'01                                                       
$memory$auto$proc_rom.cc:155:do_switch$48$rdmux[0][6][12]$a$528 [2] 1'0         
$memory$auto$proc_rom.cc:155:do_switch$48$rdmux[0][6][12]$a$528 [2] 1'1         
$memory$auto$proc_rom.cc:155:do_switch$48$rdmux[0][6][12]$a$528 [0] }, B={ 2'10 
$memory$auto$proc_rom.cc:155:do_switch$48$rdmux[0][6][12]$b$529 [3]             
$memory$auto$proc_rom.cc:155:do_switch$48$rdmux[0][6][12]$b$529 [3]             
$memory$auto$proc_rom.cc:155:do_switch$48$rdmux[0][6][12]$b$529 [0]             
$memory$auto$proc_rom.cc:155:do_switch$48$rdmux[0][6][12]$b$529 [0]             
$memory$auto$proc_rom.cc:155:do_switch$48$rdmux[0][6][12]$b$529 [0] }, Y={      
$memory$auto$proc_rom.cc:155:do_switch$48$rdmux[0][5][6]$a$414 [7]              
$memory$auto$proc_rom.cc:155:do_switch$48$rdmux[0][5][6]$a$414 [5:0] }          
      New connections: {                                                        
$memory$auto$proc_rom.cc:155:do_switch$48$rdmux[0][5][6]$a$414 [11:8]           
$memory$auto$proc_rom.cc:155:do_switch$48$rdmux[0][5][6]$a$414 [6] } = { 4'0111 
$memory$auto$proc_rom.cc:155:do_switch$48$rdmux[0][5][6]$a$414 [5] }            
    Consolidated identical input bits for $mux cell                             
$memory$auto$proc_rom.cc:155:do_switch$48$rdmux[0][6][11]$524:                  
      Old ports:                                                                
A=$memory$auto$proc_rom.cc:155:do_switch$48$rdmux[0][6][11]$a$525,              
B=$memory$auto$proc_rom.cc:155:do_switch$48$rdmux[0][6][11]$b$526,              
Y=$memory$auto$proc_rom.cc:155:do_switch$48$rdmux[0][5][5]$b$412                
      New ports: A={ 1'0                                                        
$memory$auto$proc_rom.cc:155:do_switch$48$rdmux[0][6][11]$a$525 [5] 1'0         
$memory$auto$proc_rom.cc:155:do_switch$48$rdmux[0][6][11]$a$525 [0] 2'10        
$memory$auto$proc_rom.cc:155:do_switch$48$rdmux[0][6][11]$a$525 [0] }, B={      
$memory$auto$proc_rom.cc:155:do_switch$48$rdmux[0][6][11]$b$526 [0]             
$memory$auto$proc_rom.cc:155:do_switch$48$rdmux[0][6][11]$b$526 [4]             
$memory$auto$proc_rom.cc:155:do_switch$48$rdmux[0][6][11]$b$526 [4] 1'1         
$memory$auto$proc_rom.cc:155:do_switch$48$rdmux[0][6][11]$b$526 [0] 1'1         
$memory$auto$proc_rom.cc:155:do_switch$48$rdmux[0][6][11]$b$526 [0] },          
Y=$memory$auto$proc_rom.cc:155:do_switch$48$rdmux[0][5][5]$b$412 [6:0]          
      New connections:                                                          
$memory$auto$proc_rom.cc:155:do_switch$48$rdmux[0][5][5]$b$412 [11:7] = 5'01110 
    Consolidated identical input bits for $mux cell                             
$memory$auto$proc_rom.cc:155:do_switch$48$rdmux[0][6][10]$521:                  
      Old ports:                                                                
A=$memory$auto$proc_rom.cc:155:do_switch$48$rdmux[0][6][10]$a$522,              
B=$memory$auto$proc_rom.cc:155:do_switch$48$rdmux[0][6][10]$b$523,              
Y=$memory$auto$proc_rom.cc:155:do_switch$48$rdmux[0][5][5]$a$411                
      New ports: A={                                                            
$memory$auto$proc_rom.cc:155:do_switch$48$rdmux[0][6][10]$a$522 [0]             
$memory$auto$proc_rom.cc:155:do_switch$48$rdmux[0][6][10]$a$522 [1] 2'00        
$memory$auto$proc_rom.cc:155:do_switch$48$rdmux[0][6][10]$a$522 [1]             
$memory$auto$proc_rom.cc:155:do_switch$48$rdmux[0][6][10]$a$522 [1:0] }, B={ 1'1
$memory$auto$proc_rom.cc:155:do_switch$48$rdmux[0][6][10]$b$523 [0] 1'1         
$memory$auto$proc_rom.cc:155:do_switch$48$rdmux[0][6][10]$b$523 [3] 2'10        
$memory$auto$proc_rom.cc:155:do_switch$48$rdmux[0][6][10]$b$523 [0] },          
Y=$memory$auto$proc_rom.cc:155:do_switch$48$rdmux[0][5][5]$a$411 [6:0]          
      New connections:                                                          
$memory$auto$proc_rom.cc:155:do_switch$48$rdmux[0][5][5]$a$411 [11:7] = 5'01101 
    Consolidated identical input bits for $mux cell                             
$memory$auto$proc_rom.cc:155:do_switch$48$rdmux[0][6][9]$518:                   
      Old ports:                                                                
A=$memory$auto$proc_rom.cc:155:do_switch$48$rdmux[0][6][9]$a$519,               
B=$memory$auto$proc_rom.cc:155:do_switch$48$rdmux[0][6][9]$b$520,               
Y=$memory$auto$proc_rom.cc:155:do_switch$48$rdmux[0][5][4]$b$409                
      New ports: A={ 1'0                                                        
$memory$auto$proc_rom.cc:155:do_switch$48$rdmux[0][6][9]$a$519 [6:5] 2'11 }, B={
$memory$auto$proc_rom.cc:155:do_switch$48$rdmux[0][6][9]$b$520 [1]              
$memory$auto$proc_rom.cc:155:do_switch$48$rdmux[0][6][9]$b$520 [2]              
$memory$auto$proc_rom.cc:155:do_switch$48$rdmux[0][6][9]$b$520 [2]              
$memory$auto$proc_rom.cc:155:do_switch$48$rdmux[0][6][9]$b$520 [2:1] }, Y={     
$memory$auto$proc_rom.cc:155:do_switch$48$rdmux[0][5][4]$b$409 [7:5]            
$memory$auto$proc_rom.cc:155:do_switch$48$rdmux[0][5][4]$b$409 [2:1] }          
      New connections: {                                                        
$memory$auto$proc_rom.cc:155:do_switch$48$rdmux[0][5][4]$b$409 [11:8]           
$memory$auto$proc_rom.cc:155:do_switch$48$rdmux[0][5][4]$b$409 [4:3]            
$memory$auto$proc_rom.cc:155:do_switch$48$rdmux[0][5][4]$b$409 [0] } = 7'0110010
    Consolidated identical input bits for $mux cell                             
$memory$auto$proc_rom.cc:155:do_switch$48$rdmux[0][6][8]$515:                   
      Old ports:                                                                
A=$memory$auto$proc_rom.cc:155:do_switch$48$rdmux[0][6][8]$a$516,               
B=$memory$auto$proc_rom.cc:155:do_switch$48$rdmux[0][6][8]$b$517,               
Y=$memory$auto$proc_rom.cc:155:do_switch$48$rdmux[0][5][4]$a$408                
      New ports: A={ 1'0                                                        
$memory$auto$proc_rom.cc:155:do_switch$48$rdmux[0][6][8]$a$516 [3:2]            
$memory$auto$proc_rom.cc:155:do_switch$48$rdmux[0][6][8]$a$516 [3:2] 2'11 }, B={
$memory$auto$proc_rom.cc:155:do_switch$48$rdmux[0][6][8]$b$517 [1:0]            
$memory$auto$proc_rom.cc:155:do_switch$48$rdmux[0][6][8]$b$517 [0] 2'11         
$memory$auto$proc_rom.cc:155:do_switch$48$rdmux[0][6][8]$b$517 [1:0] }, Y={     
$memory$auto$proc_rom.cc:155:do_switch$48$rdmux[0][5][4]$a$408 [9]              
$memory$auto$proc_rom.cc:155:do_switch$48$rdmux[0][5][4]$a$408 [6:5]            
$memory$auto$proc_rom.cc:155:do_switch$48$rdmux[0][5][4]$a$408 [3:0] }          
      New connections: {                                                        
$memory$auto$proc_rom.cc:155:do_switch$48$rdmux[0][5][4]$a$408 [11:10]          
$memory$auto$proc_rom.cc:155:do_switch$48$rdmux[0][5][4]$a$408 [8:7]            
$memory$auto$proc_rom.cc:155:do_switch$48$rdmux[0][5][4]$a$408 [4] } = { 2'01   
$memory$auto$proc_rom.cc:155:do_switch$48$rdmux[0][5][4]$a$408 [0]              
$memory$auto$proc_rom.cc:155:do_switch$48$rdmux[0][5][4]$a$408 [0] 1'0 }        
    Consolidated identical input bits for $mux cell                             
$memory$auto$proc_rom.cc:155:do_switch$48$rdmux[0][6][7]$512:                   
      Old ports:                                                                
A=$memory$auto$proc_rom.cc:155:do_switch$48$rdmux[0][6][7]$a$513,               
B=$memory$auto$proc_rom.cc:155:do_switch$48$rdmux[0][6][7]$b$514,               
Y=$memory$auto$proc_rom.cc:155:do_switch$48$rdmux[0][5][3]$b$406                
      New ports: A={ 1'0                                                        
$memory$auto$proc_rom.cc:155:do_switch$48$rdmux[0][6][7]$a$513 [3] 1'1          
$memory$auto$proc_rom.cc:155:do_switch$48$rdmux[0][6][7]$a$513 [3] 1'0          
$memory$auto$proc_rom.cc:155:do_switch$48$rdmux[0][6][7]$a$513 [1] }, B={       
$memory$auto$proc_rom.cc:155:do_switch$48$rdmux[0][6][7]$b$514 [7] 1'0          
$memory$auto$proc_rom.cc:155:do_switch$48$rdmux[0][6][7]$b$514 [2]              
$memory$auto$proc_rom.cc:155:do_switch$48$rdmux[0][6][7]$b$514 [2]              
$memory$auto$proc_rom.cc:155:do_switch$48$rdmux[0][6][7]$b$514 [2] 1'1 }, Y={   
$memory$auto$proc_rom.cc:155:do_switch$48$rdmux[0][5][3]$b$406 [7]              
$memory$auto$proc_rom.cc:155:do_switch$48$rdmux[0][5][3]$b$406 [5:1] }          
      New connections: {                                                        
$memory$auto$proc_rom.cc:155:do_switch$48$rdmux[0][5][3]$b$406 [11:8]           
$memory$auto$proc_rom.cc:155:do_switch$48$rdmux[0][5][3]$b$406 [6]              
$memory$auto$proc_rom.cc:155:do_switch$48$rdmux[0][5][3]$b$406 [0] } = { 4'0101 
$memory$auto$proc_rom.cc:155:do_switch$48$rdmux[0][5][3]$b$406 [2] 1'1 }        
    Consolidated identical input bits for $mux cell                             
$memory$auto$proc_rom.cc:155:do_switch$48$rdmux[0][6][6]$509:                   
      Old ports:                                                                
A=$memory$auto$proc_rom.cc:155:do_switch$48$rdmux[0][6][6]$a$510,               
B=$memory$auto$proc_rom.cc:155:do_switch$48$rdmux[0][6][6]$b$511,               
Y=$memory$auto$proc_rom.cc:155:do_switch$48$rdmux[0][5][3]$a$405                
      New ports: A={                                                            
$memory$auto$proc_rom.cc:155:do_switch$48$rdmux[0][6][6]$a$510 [5]              
$memory$auto$proc_rom.cc:155:do_switch$48$rdmux[0][6][6]$a$510 [5] 1'1          
$memory$auto$proc_rom.cc:155:do_switch$48$rdmux[0][6][6]$a$510 [1]              
$memory$auto$proc_rom.cc:155:do_switch$48$rdmux[0][6][6]$a$510 [1] }, B={ 1'1   
$memory$auto$proc_rom.cc:155:do_switch$48$rdmux[0][6][6]$b$511 [3] 1'0          
$memory$auto$proc_rom.cc:155:do_switch$48$rdmux[0][6][6]$b$511 [3] 1'1 }, Y={   
$memory$auto$proc_rom.cc:155:do_switch$48$rdmux[0][5][3]$a$405 [6:3]            
$memory$auto$proc_rom.cc:155:do_switch$48$rdmux[0][5][3]$a$405 [1] }            
      New connections: {                                                        
$memory$auto$proc_rom.cc:155:do_switch$48$rdmux[0][5][3]$a$405 [11:7]           
$memory$auto$proc_rom.cc:155:do_switch$48$rdmux[0][5][3]$a$405 [2]              
$memory$auto$proc_rom.cc:155:do_switch$48$rdmux[0][5][3]$a$405 [0] } = { 4'0100 
$memory$auto$proc_rom.cc:155:do_switch$48$rdmux[0][5][3]$a$405 [1] 2'01 }       
    Consolidated identical input bits for $mux cell                             
$memory$auto$proc_rom.cc:155:do_switch$48$rdmux[0][6][5]$506:                   
      Old ports:                                                                
A=$memory$auto$proc_rom.cc:155:do_switch$48$rdmux[0][6][5]$a$507,               
B=$memory$auto$proc_rom.cc:155:do_switch$48$rdmux[0][6][5]$b$508,               
Y=$memory$auto$proc_rom.cc:155:do_switch$48$rdmux[0][5][2]$b$403                
      New ports: A={ 2'01                                                       
$memory$auto$proc_rom.cc:155:do_switch$48$rdmux[0][6][5]$a$507 [4]              
$memory$auto$proc_rom.cc:155:do_switch$48$rdmux[0][6][5]$a$507 [4] 1'0          
$memory$auto$proc_rom.cc:155:do_switch$48$rdmux[0][6][5]$a$507 [2] 2'01 }, B={  
3'100 $memory$auto$proc_rom.cc:155:do_switch$48$rdmux[0][6][5]$b$508 [3]        
$memory$auto$proc_rom.cc:155:do_switch$48$rdmux[0][6][5]$b$508 [3] 1'1          
$memory$auto$proc_rom.cc:155:do_switch$48$rdmux[0][6][5]$b$508 [0]              
$memory$auto$proc_rom.cc:155:do_switch$48$rdmux[0][6][5]$b$508 [0] }, Y={       
$memory$auto$proc_rom.cc:155:do_switch$48$rdmux[0][5][2]$b$403 [10]             
$memory$auto$proc_rom.cc:155:do_switch$48$rdmux[0][5][2]$b$403 [7]              
$memory$auto$proc_rom.cc:155:do_switch$48$rdmux[0][5][2]$b$403 [5:0] }          
      New connections: {                                                        
$memory$auto$proc_rom.cc:155:do_switch$48$rdmux[0][5][2]$b$403 [11]             
$memory$auto$proc_rom.cc:155:do_switch$48$rdmux[0][5][2]$b$403 [9:8]            
$memory$auto$proc_rom.cc:155:do_switch$48$rdmux[0][5][2]$b$403 [6] } = { 1'0    
$memory$auto$proc_rom.cc:155:do_switch$48$rdmux[0][5][2]$b$403 [7]              
$memory$auto$proc_rom.cc:155:do_switch$48$rdmux[0][5][2]$b$403 [7]              
$memory$auto$proc_rom.cc:155:do_switch$48$rdmux[0][5][2]$b$403 [0] }            
    Consolidated identical input bits for $mux cell                             
$memory$auto$proc_rom.cc:155:do_switch$48$rdmux[0][6][4]$503:                   
      Old ports:                                                                
A=$memory$auto$proc_rom.cc:155:do_switch$48$rdmux[0][6][4]$a$504,               
B=$memory$auto$proc_rom.cc:155:do_switch$48$rdmux[0][6][4]$b$505,               
Y=$memory$auto$proc_rom.cc:155:do_switch$48$rdmux[0][5][2]$a$402                
      New ports: A={ 2'00                                                       
$memory$auto$proc_rom.cc:155:do_switch$48$rdmux[0][6][4]$a$504 [4]              
$memory$auto$proc_rom.cc:155:do_switch$48$rdmux[0][6][4]$a$504 [4] 2'11         
$memory$auto$proc_rom.cc:155:do_switch$48$rdmux[0][6][4]$a$504 [0] }, B={       
$memory$auto$proc_rom.cc:155:do_switch$48$rdmux[0][6][4]$b$505 [4]              
$memory$auto$proc_rom.cc:155:do_switch$48$rdmux[0][6][4]$b$505 [0]              
$memory$auto$proc_rom.cc:155:do_switch$48$rdmux[0][6][4]$b$505 [0]              
$memory$auto$proc_rom.cc:155:do_switch$48$rdmux[0][6][4]$b$505 [4] 1'0          
$memory$auto$proc_rom.cc:155:do_switch$48$rdmux[0][6][4]$b$505 [0]              
$memory$auto$proc_rom.cc:155:do_switch$48$rdmux[0][6][4]$b$505 [0] }, Y={       
$memory$auto$proc_rom.cc:155:do_switch$48$rdmux[0][5][2]$a$402 [7:4]            
$memory$auto$proc_rom.cc:155:do_switch$48$rdmux[0][5][2]$a$402 [2:0] }          
      New connections: {                                                        
$memory$auto$proc_rom.cc:155:do_switch$48$rdmux[0][5][2]$a$402 [11:8]           
$memory$auto$proc_rom.cc:155:do_switch$48$rdmux[0][5][2]$a$402 [3] } = 5'00111  
    Consolidated identical input bits for $mux cell                             
$memory$auto$proc_rom.cc:155:do_switch$48$rdmux[0][6][3]$500:                   
      Old ports:                                                                
A=$memory$auto$proc_rom.cc:155:do_switch$48$rdmux[0][6][3]$a$501,               
B=$memory$auto$proc_rom.cc:155:do_switch$48$rdmux[0][6][3]$b$502,               
Y=$memory$auto$proc_rom.cc:155:do_switch$48$rdmux[0][5][1]$b$400                
      New ports: A={                                                            
$memory$auto$proc_rom.cc:155:do_switch$48$rdmux[0][6][3]$a$501 [7]              
$memory$auto$proc_rom.cc:155:do_switch$48$rdmux[0][6][3]$a$501 [4] 1'0          
$memory$auto$proc_rom.cc:155:do_switch$48$rdmux[0][6][3]$a$501 [4] 2'10 }, B={  
1'1 $memory$auto$proc_rom.cc:155:do_switch$48$rdmux[0][6][3]$b$502 [0] 1'1      
$memory$auto$proc_rom.cc:155:do_switch$48$rdmux[0][6][3]$b$502 [1]              
$memory$auto$proc_rom.cc:155:do_switch$48$rdmux[0][6][3]$b$502 [1:0] }, Y={     
$memory$auto$proc_rom.cc:155:do_switch$48$rdmux[0][5][1]$b$400 [7:4]            
$memory$auto$proc_rom.cc:155:do_switch$48$rdmux[0][5][1]$b$400 [1:0] }          
      New connections: {                                                        
$memory$auto$proc_rom.cc:155:do_switch$48$rdmux[0][5][1]$b$400 [11:8]           
$memory$auto$proc_rom.cc:155:do_switch$48$rdmux[0][5][1]$b$400 [3:2] } =        
6'001000                                                                        
    Consolidated identical input bits for $mux cell                             
$memory$auto$proc_rom.cc:155:do_switch$48$rdmux[0][6][2]$497:                   
      Old ports:                                                                
A=$memory$auto$proc_rom.cc:155:do_switch$48$rdmux[0][6][2]$a$498,               
B=$memory$auto$proc_rom.cc:155:do_switch$48$rdmux[0][6][2]$b$499,               
Y=$memory$auto$proc_rom.cc:155:do_switch$48$rdmux[0][5][1]$a$399                
      New ports: A={ 1'0                                                        
$memory$auto$proc_rom.cc:155:do_switch$48$rdmux[0][6][2]$a$498 [6] 2'00         
$memory$auto$proc_rom.cc:155:do_switch$48$rdmux[0][6][2]$a$498 [1]              
$memory$auto$proc_rom.cc:155:do_switch$48$rdmux[0][6][2]$a$498 [1] 1'1 }, B={   
$memory$auto$proc_rom.cc:155:do_switch$48$rdmux[0][6][2]$b$499 [1:0] 1'1        
$memory$auto$proc_rom.cc:155:do_switch$48$rdmux[0][6][2]$b$499 [0] 1'0          
$memory$auto$proc_rom.cc:155:do_switch$48$rdmux[0][6][2]$b$499 [1:0] }, Y={     
$memory$auto$proc_rom.cc:155:do_switch$48$rdmux[0][5][1]$a$399 [9]              
$memory$auto$proc_rom.cc:155:do_switch$48$rdmux[0][5][1]$a$399 [6:4]            
$memory$auto$proc_rom.cc:155:do_switch$48$rdmux[0][5][1]$a$399 [2:0] }          
      New connections: {                                                        
$memory$auto$proc_rom.cc:155:do_switch$48$rdmux[0][5][1]$a$399 [11:10]          
$memory$auto$proc_rom.cc:155:do_switch$48$rdmux[0][5][1]$a$399 [8:7]            
$memory$auto$proc_rom.cc:155:do_switch$48$rdmux[0][5][1]$a$399 [3] } = { 2'00   
$memory$auto$proc_rom.cc:155:do_switch$48$rdmux[0][5][1]$a$399 [0]              
$memory$auto$proc_rom.cc:155:do_switch$48$rdmux[0][5][1]$a$399 [0]              
$memory$auto$proc_rom.cc:155:do_switch$48$rdmux[0][5][1]$a$399 [2] }            
    Consolidated identical input bits for $mux cell                             
$memory$auto$proc_rom.cc:155:do_switch$48$rdmux[0][6][1]$494:                   
      Old ports:                                                                
A=$memory$auto$proc_rom.cc:155:do_switch$48$rdmux[0][6][1]$a$495,               
B=$memory$auto$proc_rom.cc:155:do_switch$48$rdmux[0][6][1]$b$496,               
Y=$memory$auto$proc_rom.cc:155:do_switch$48$rdmux[0][5][0]$b$397                
      New ports: A={ 1'1                                                        
$memory$auto$proc_rom.cc:155:do_switch$48$rdmux[0][6][1]$a$495 [1] 1'0          
$memory$auto$proc_rom.cc:155:do_switch$48$rdmux[0][6][1]$a$495 [1] 1'1 }, B={   
$memory$auto$proc_rom.cc:155:do_switch$48$rdmux[0][6][1]$b$496 [1]              
$memory$auto$proc_rom.cc:155:do_switch$48$rdmux[0][6][1]$b$496 [5] 1'1          
$memory$auto$proc_rom.cc:155:do_switch$48$rdmux[0][6][1]$b$496 [1] 1'0 }, Y={   
$memory$auto$proc_rom.cc:155:do_switch$48$rdmux[0][5][0]$b$397 [6:5]            
$memory$auto$proc_rom.cc:155:do_switch$48$rdmux[0][5][0]$b$397 [2:0] }          
      New connections: {                                                        
$memory$auto$proc_rom.cc:155:do_switch$48$rdmux[0][5][0]$b$397 [11:7]           
$memory$auto$proc_rom.cc:155:do_switch$48$rdmux[0][5][0]$b$397 [4:3] } = { 3'000
$memory$auto$proc_rom.cc:155:do_switch$48$rdmux[0][5][0]$b$397 [2]              
$memory$auto$proc_rom.cc:155:do_switch$48$rdmux[0][5][0]$b$397 [0]              
$memory$auto$proc_rom.cc:155:do_switch$48$rdmux[0][5][0]$b$397 [1] 1'1 }        
    Consolidated identical input bits for $mux cell                             
$memory$auto$proc_rom.cc:155:do_switch$48$rdmux[0][6][0]$491:                   
      Old ports:                                                                
A=$memory$auto$proc_rom.cc:155:do_switch$48$rdmux[0][6][0]$a$492,               
B=$memory$auto$proc_rom.cc:155:do_switch$48$rdmux[0][6][0]$b$493,               
Y=$memory$auto$proc_rom.cc:155:do_switch$48$rdmux[0][5][0]$a$396                
      New ports: A={ 1'0                                                        
$memory$auto$proc_rom.cc:155:do_switch$48$rdmux[0][6][0]$a$492 [1] 1'0          
$memory$auto$proc_rom.cc:155:do_switch$48$rdmux[0][6][0]$a$492 [1] 1'0 }, B={   
$memory$auto$proc_rom.cc:155:do_switch$48$rdmux[0][6][0]$b$493 [5]              
$memory$auto$proc_rom.cc:155:do_switch$48$rdmux[0][6][0]$b$493 [5] 1'1          
$memory$auto$proc_rom.cc:155:do_switch$48$rdmux[0][6][0]$b$493 [0]              
$memory$auto$proc_rom.cc:155:do_switch$48$rdmux[0][6][0]$b$493 [0] }, Y={       
$memory$auto$proc_rom.cc:155:do_switch$48$rdmux[0][5][0]$a$396 [6:5]            
$memory$auto$proc_rom.cc:155:do_switch$48$rdmux[0][5][0]$a$396 [2:0] }          
      New connections: {                                                        
$memory$auto$proc_rom.cc:155:do_switch$48$rdmux[0][5][0]$a$396 [11:7]           
$memory$auto$proc_rom.cc:155:do_switch$48$rdmux[0][5][0]$a$396 [4:3] } = {      
4'0000 $memory$auto$proc_rom.cc:155:do_switch$48$rdmux[0][5][0]$a$396 [0]       
$memory$auto$proc_rom.cc:155:do_switch$48$rdmux[0][5][0]$a$396 [1] 1'0 }        
  Optimizing cells in module \one_bit_synth.                                    
    Consolidated identical input bits for $mux cell                             
$memory$auto$proc_rom.cc:155:do_switch$48$rdmux[0][5][31]$488:                  
      Old ports:                                                                
A=$memory$auto$proc_rom.cc:155:do_switch$48$rdmux[0][5][31]$a$489,              
B=$memory$auto$proc_rom.cc:155:do_switch$48$rdmux[0][5][31]$b$490,              
Y=$memory$auto$proc_rom.cc:155:do_switch$48$rdmux[0][4][15]$b$394               
      New ports: A={                                                            
$memory$auto$proc_rom.cc:155:do_switch$48$rdmux[0][5][31]$a$489 [8:7]           
$memory$auto$proc_rom.cc:155:do_switch$48$rdmux[0][5][31]$a$489 [4]             
$memory$auto$proc_rom.cc:155:do_switch$48$rdmux[0][5][31]$a$489 [5:4] 1'0       
$memory$auto$proc_rom.cc:155:do_switch$48$rdmux[0][5][31]$a$489 [2:0] }, B={ 1'1
$memory$auto$proc_rom.cc:155:do_switch$48$rdmux[0][5][31]$b$490 [7:6]           
$memory$auto$proc_rom.cc:155:do_switch$48$rdmux[0][5][31]$b$490 [0]             
$memory$auto$proc_rom.cc:155:do_switch$48$rdmux[0][5][31]$b$490 [4:0] },        
Y=$memory$auto$proc_rom.cc:155:do_switch$48$rdmux[0][4][15]$b$394 [8:0]         
      New connections:                                                          
$memory$auto$proc_rom.cc:155:do_switch$48$rdmux[0][4][15]$b$394 [11:9] = 3'111  
    Consolidated identical input bits for $mux cell                             
$memory$auto$proc_rom.cc:155:do_switch$48$rdmux[0][5][30]$485:                  
      Old ports:                                                                
A=$memory$auto$proc_rom.cc:155:do_switch$48$rdmux[0][5][30]$a$486,              
B=$memory$auto$proc_rom.cc:155:do_switch$48$rdmux[0][5][30]$b$487,              
Y=$memory$auto$proc_rom.cc:155:do_switch$48$rdmux[0][4][15]$a$393               
      New ports: A={ 1'0                                                        
$memory$auto$proc_rom.cc:155:do_switch$48$rdmux[0][5][30]$a$486 [1]             
$memory$auto$proc_rom.cc:155:do_switch$48$rdmux[0][5][30]$a$486 [7:4]           
$memory$auto$proc_rom.cc:155:do_switch$48$rdmux[0][5][30]$a$486 [1:0] }, B={    
$memory$auto$proc_rom.cc:155:do_switch$48$rdmux[0][5][30]$b$487 [0]             
$memory$auto$proc_rom.cc:155:do_switch$48$rdmux[0][5][30]$b$487 [7]             
$memory$auto$proc_rom.cc:155:do_switch$48$rdmux[0][5][30]$b$487 [7:4] 1'1       
$memory$auto$proc_rom.cc:155:do_switch$48$rdmux[0][5][30]$b$487 [0] }, Y={      
$memory$auto$proc_rom.cc:155:do_switch$48$rdmux[0][4][15]$a$393 [9:4]           
$memory$auto$proc_rom.cc:155:do_switch$48$rdmux[0][4][15]$a$393 [1:0] }         
      New connections: {                                                        
$memory$auto$proc_rom.cc:155:do_switch$48$rdmux[0][4][15]$a$393 [11:10]         
$memory$auto$proc_rom.cc:155:do_switch$48$rdmux[0][4][15]$a$393 [3:2] } = { 2'11
$memory$auto$proc_rom.cc:155:do_switch$48$rdmux[0][4][15]$a$393 [1]             
$memory$auto$proc_rom.cc:155:do_switch$48$rdmux[0][4][15]$a$393 [1] }           
    Consolidated identical input bits for $mux cell                             
$memory$auto$proc_rom.cc:155:do_switch$48$rdmux[0][5][29]$482:                  
      Old ports:                                                                
A=$memory$auto$proc_rom.cc:155:do_switch$48$rdmux[0][5][29]$a$483,              
B=$memory$auto$proc_rom.cc:155:do_switch$48$rdmux[0][5][29]$b$484,              
Y=$memory$auto$proc_rom.cc:155:do_switch$48$rdmux[0][4][14]$b$391               
      New ports: A={                                                            
$memory$auto$proc_rom.cc:155:do_switch$48$rdmux[0][5][29]$a$483 [10]            
$memory$auto$proc_rom.cc:155:do_switch$48$rdmux[0][5][29]$a$483 [7]             
$memory$auto$proc_rom.cc:155:do_switch$48$rdmux[0][5][29]$a$483 [7:4]           
$memory$auto$proc_rom.cc:155:do_switch$48$rdmux[0][5][29]$a$483 [0]             
$memory$auto$proc_rom.cc:155:do_switch$48$rdmux[0][5][29]$a$483 [2:0] }, B={    
2'10 $memory$auto$proc_rom.cc:155:do_switch$48$rdmux[0][5][29]$b$484 [7:6]      
$memory$auto$proc_rom.cc:155:do_switch$48$rdmux[0][5][29]$b$484 [3]             
$memory$auto$proc_rom.cc:155:do_switch$48$rdmux[0][5][29]$b$484 [0]             
$memory$auto$proc_rom.cc:155:do_switch$48$rdmux[0][5][29]$b$484 [3:0] }, Y={    
$memory$auto$proc_rom.cc:155:do_switch$48$rdmux[0][4][14]$b$391 [10]            
$memory$auto$proc_rom.cc:155:do_switch$48$rdmux[0][4][14]$b$391 [8:0] }         
      New connections: {                                                        
$memory$auto$proc_rom.cc:155:do_switch$48$rdmux[0][4][14]$b$391 [11]            
$memory$auto$proc_rom.cc:155:do_switch$48$rdmux[0][4][14]$b$391 [9] } = { 1'1   
$memory$auto$proc_rom.cc:155:do_switch$48$rdmux[0][4][14]$b$391 [8] }           
    Consolidated identical input bits for $mux cell                             
$memory$auto$proc_rom.cc:155:do_switch$48$rdmux[0][5][28]$479:                  
      Old ports:                                                                
A=$memory$auto$proc_rom.cc:155:do_switch$48$rdmux[0][5][28]$a$480,              
B=$memory$auto$proc_rom.cc:155:do_switch$48$rdmux[0][5][28]$b$481,              
Y=$memory$auto$proc_rom.cc:155:do_switch$48$rdmux[0][4][14]$a$390               
      New ports: A={ 1'0                                                        
$memory$auto$proc_rom.cc:155:do_switch$48$rdmux[0][5][28]$a$480 [7:5]           
$memory$auto$proc_rom.cc:155:do_switch$48$rdmux[0][5][28]$a$480 [3]             
$memory$auto$proc_rom.cc:155:do_switch$48$rdmux[0][5][28]$a$480 [3:1] }, B={    
$memory$auto$proc_rom.cc:155:do_switch$48$rdmux[0][5][28]$b$481 [8:3] 2'10 },   
Y=$memory$auto$proc_rom.cc:155:do_switch$48$rdmux[0][4][14]$a$390 [8:1]         
      New connections: {                                                        
$memory$auto$proc_rom.cc:155:do_switch$48$rdmux[0][4][14]$a$390 [11:9]          
$memory$auto$proc_rom.cc:155:do_switch$48$rdmux[0][4][14]$a$390 [0] } = 4'1011  
    Consolidated identical input bits for $mux cell                             
$memory$auto$proc_rom.cc:155:do_switch$48$rdmux[0][5][27]$476:                  
      Old ports:                                                                
A=$memory$auto$proc_rom.cc:155:do_switch$48$rdmux[0][5][27]$a$477,              
B=$memory$auto$proc_rom.cc:155:do_switch$48$rdmux[0][5][27]$b$478,              
Y=$memory$auto$proc_rom.cc:155:do_switch$48$rdmux[0][4][13]$b$388               
      New ports: A={ 1'1                                                        
$memory$auto$proc_rom.cc:155:do_switch$48$rdmux[0][5][27]$a$477 [7:5]           
$memory$auto$proc_rom.cc:155:do_switch$48$rdmux[0][5][27]$a$477 [3:1] 1'0 }, B={
$memory$auto$proc_rom.cc:155:do_switch$48$rdmux[0][5][27]$b$478 [6]             
$memory$auto$proc_rom.cc:155:do_switch$48$rdmux[0][5][27]$b$478 [6]             
$memory$auto$proc_rom.cc:155:do_switch$48$rdmux[0][5][27]$b$478 [6:5] 1'0       
$memory$auto$proc_rom.cc:155:do_switch$48$rdmux[0][5][27]$b$478 [2:0] }, Y={    
$memory$auto$proc_rom.cc:155:do_switch$48$rdmux[0][4][13]$b$388 [8:5]           
$memory$auto$proc_rom.cc:155:do_switch$48$rdmux[0][4][13]$b$388 [3:0] }         
      New connections: {                                                        
$memory$auto$proc_rom.cc:155:do_switch$48$rdmux[0][4][13]$b$388 [11:9]          
$memory$auto$proc_rom.cc:155:do_switch$48$rdmux[0][4][13]$b$388 [4] } = { 2'10  
$memory$auto$proc_rom.cc:155:do_switch$48$rdmux[0][4][13]$b$388 [0] 1'1 }       
    Consolidated identical input bits for $mux cell                             
$memory$auto$proc_rom.cc:155:do_switch$48$rdmux[0][5][26]$473:                  
      Old ports:                                                                
A=$memory$auto$proc_rom.cc:155:do_switch$48$rdmux[0][5][26]$a$474,              
B=$memory$auto$proc_rom.cc:155:do_switch$48$rdmux[0][5][26]$b$475,              
Y=$memory$auto$proc_rom.cc:155:do_switch$48$rdmux[0][4][13]$a$387               
      New ports: A={ 2'01                                                       
$memory$auto$proc_rom.cc:155:do_switch$48$rdmux[0][5][26]$a$474 [6:0] }, B={    
$memory$auto$proc_rom.cc:155:do_switch$48$rdmux[0][5][26]$b$475 [8]             
$memory$auto$proc_rom.cc:155:do_switch$48$rdmux[0][5][26]$b$475 [6]             
$memory$auto$proc_rom.cc:155:do_switch$48$rdmux[0][5][26]$b$475 [6:2]           
$memory$auto$proc_rom.cc:155:do_switch$48$rdmux[0][5][26]$b$475 [0]             
$memory$auto$proc_rom.cc:155:do_switch$48$rdmux[0][5][26]$b$475 [0] },          
Y=$memory$auto$proc_rom.cc:155:do_switch$48$rdmux[0][4][13]$a$387 [8:0]         
      New connections:                                                          
$memory$auto$proc_rom.cc:155:do_switch$48$rdmux[0][4][13]$a$387 [11:9] = 3'100  
    Consolidated identical input bits for $mux cell                             
$memory$auto$proc_rom.cc:155:do_switch$48$rdmux[0][5][25]$470:                  
      Old ports:                                                                
A=$memory$auto$proc_rom.cc:155:do_switch$48$rdmux[0][5][25]$a$471,              
B=$memory$auto$proc_rom.cc:155:do_switch$48$rdmux[0][5][25]$b$472,              
Y=$memory$auto$proc_rom.cc:155:do_switch$48$rdmux[0][4][12]$b$385               
      New ports: A={ 1'0                                                        
$memory$auto$proc_rom.cc:155:do_switch$48$rdmux[0][5][25]$a$471 [6:0] }, B={    
$memory$auto$proc_rom.cc:155:do_switch$48$rdmux[0][5][25]$b$472 [1]             
$memory$auto$proc_rom.cc:155:do_switch$48$rdmux[0][5][25]$b$472 [6:5]           
$memory$auto$proc_rom.cc:155:do_switch$48$rdmux[0][5][25]$b$472 [0] 2'10        
$memory$auto$proc_rom.cc:155:do_switch$48$rdmux[0][5][25]$b$472 [1:0] },        
Y=$memory$auto$proc_rom.cc:155:do_switch$48$rdmux[0][4][12]$b$385 [7:0]         
      New connections:                                                          
$memory$auto$proc_rom.cc:155:do_switch$48$rdmux[0][4][12]$b$385 [11:8] = 4'1000 
    Consolidated identical input bits for $mux cell                             
$memory$auto$proc_rom.cc:155:do_switch$48$rdmux[0][5][24]$467:                  
      Old ports:                                                                
A=$memory$auto$proc_rom.cc:155:do_switch$48$rdmux[0][5][24]$a$468,              
B=$memory$auto$proc_rom.cc:155:do_switch$48$rdmux[0][5][24]$b$469,              
Y=$memory$auto$proc_rom.cc:155:do_switch$48$rdmux[0][4][12]$a$384               
      New ports: A={ 2'00                                                       
$memory$auto$proc_rom.cc:155:do_switch$48$rdmux[0][5][24]$a$468 [2:0] }, B={    
$memory$auto$proc_rom.cc:155:do_switch$48$rdmux[0][5][24]$b$469 [4:2]           
$memory$auto$proc_rom.cc:155:do_switch$48$rdmux[0][5][24]$b$469 [0]             
$memory$auto$proc_rom.cc:155:do_switch$48$rdmux[0][5][24]$b$469 [0] },          
Y=$memory$auto$proc_rom.cc:155:do_switch$48$rdmux[0][4][12]$a$384 [4:0]         
      New connections:                                                          
$memory$auto$proc_rom.cc:155:do_switch$48$rdmux[0][4][12]$a$384 [11:5] =        
7'1000000                                                                       
    Consolidated identical input bits for $mux cell                             
$memory$auto$proc_rom.cc:155:do_switch$48$rdmux[0][5][23]$464:                  
      Old ports:                                                                
A=$memory$auto$proc_rom.cc:155:do_switch$48$rdmux[0][5][23]$a$465,              
B=$memory$auto$proc_rom.cc:155:do_switch$48$rdmux[0][5][23]$b$466,              
Y=$memory$auto$proc_rom.cc:155:do_switch$48$rdmux[0][4][11]$b$382               
      New ports: A={                                                            
$memory$auto$proc_rom.cc:155:do_switch$48$rdmux[0][5][23]$a$465 [5:3]           
$memory$auto$proc_rom.cc:155:do_switch$48$rdmux[0][5][23]$a$465 [0]             
$memory$auto$proc_rom.cc:155:do_switch$48$rdmux[0][5][23]$a$465 [0]             
$memory$auto$proc_rom.cc:155:do_switch$48$rdmux[0][5][23]$a$465 [0] }, B={ 2'00 
$memory$auto$proc_rom.cc:155:do_switch$48$rdmux[0][5][23]$b$466 [3:2] 1'1       
$memory$auto$proc_rom.cc:155:do_switch$48$rdmux[0][5][23]$b$466 [0] },          
Y=$memory$auto$proc_rom.cc:155:do_switch$48$rdmux[0][4][11]$b$382 [5:0]         
      New connections:                                                          
$memory$auto$proc_rom.cc:155:do_switch$48$rdmux[0][4][11]$b$382 [11:6] =        
6'100000                                                                        
    Consolidated identical input bits for $mux cell                             
$memory$auto$proc_rom.cc:155:do_switch$48$rdmux[0][5][22]$461:                  
      Old ports:                                                                
A=$memory$auto$proc_rom.cc:155:do_switch$48$rdmux[0][5][22]$a$462,              
B=$memory$auto$proc_rom.cc:155:do_switch$48$rdmux[0][5][22]$b$463,              
Y=$memory$auto$proc_rom.cc:155:do_switch$48$rdmux[0][4][11]$a$381               
      New ports: A={                                                            
$memory$auto$proc_rom.cc:155:do_switch$48$rdmux[0][5][22]$a$462 [7]             
$memory$auto$proc_rom.cc:155:do_switch$48$rdmux[0][5][22]$a$462 [5]             
$memory$auto$proc_rom.cc:155:do_switch$48$rdmux[0][5][22]$a$462 [5]             
$memory$auto$proc_rom.cc:155:do_switch$48$rdmux[0][5][22]$a$462 [0] 1'1         
$memory$auto$proc_rom.cc:155:do_switch$48$rdmux[0][5][22]$a$462 [2:0] }, B={ 1'0
$memory$auto$proc_rom.cc:155:do_switch$48$rdmux[0][5][22]$b$463 [6:0] },        
Y=$memory$auto$proc_rom.cc:155:do_switch$48$rdmux[0][4][11]$a$381 [7:0]         
      New connections:                                                          
$memory$auto$proc_rom.cc:155:do_switch$48$rdmux[0][4][11]$a$381 [11:8] = 4'1000 
    Consolidated identical input bits for $mux cell                             
$memory$auto$proc_rom.cc:155:do_switch$48$rdmux[0][5][21]$458:                  
      Old ports:                                                                
A=$memory$auto$proc_rom.cc:155:do_switch$48$rdmux[0][5][21]$a$459,              
B=$memory$auto$proc_rom.cc:155:do_switch$48$rdmux[0][5][21]$b$460,              
Y=$memory$auto$proc_rom.cc:155:do_switch$48$rdmux[0][4][10]$b$379               
      New ports: A={ 2'10                                                       
$memory$auto$proc_rom.cc:155:do_switch$48$rdmux[0][5][21]$a$459 [6]             
$memory$auto$proc_rom.cc:155:do_switch$48$rdmux[0][5][21]$a$459 [2]             
$memory$auto$proc_rom.cc:155:do_switch$48$rdmux[0][5][21]$a$459 [4]             
$memory$auto$proc_rom.cc:155:do_switch$48$rdmux[0][5][21]$a$459 [1]             
$memory$auto$proc_rom.cc:155:do_switch$48$rdmux[0][5][21]$a$459 [2:0] }, B={    
2'01 $memory$auto$proc_rom.cc:155:do_switch$48$rdmux[0][5][21]$b$460 [6]        
$memory$auto$proc_rom.cc:155:do_switch$48$rdmux[0][5][21]$b$460 [0]             
$memory$auto$proc_rom.cc:155:do_switch$48$rdmux[0][5][21]$b$460 [4:0] },        
Y=$memory$auto$proc_rom.cc:155:do_switch$48$rdmux[0][4][10]$b$379 [8:0]         
      New connections:                                                          
$memory$auto$proc_rom.cc:155:do_switch$48$rdmux[0][4][10]$b$379 [11:9] = 3'100  
    Consolidated identical input bits for $mux cell                             
$memory$auto$proc_rom.cc:155:do_switch$48$rdmux[0][5][20]$455:                  
      Old ports:                                                                
A=$memory$auto$proc_rom.cc:155:do_switch$48$rdmux[0][5][20]$a$456,              
B=$memory$auto$proc_rom.cc:155:do_switch$48$rdmux[0][5][20]$b$457,              
Y=$memory$auto$proc_rom.cc:155:do_switch$48$rdmux[0][4][10]$a$378               
      New ports: A={                                                            
$memory$auto$proc_rom.cc:155:do_switch$48$rdmux[0][5][20]$a$456 [7]             
$memory$auto$proc_rom.cc:155:do_switch$48$rdmux[0][5][20]$a$456 [7:5]           
$memory$auto$proc_rom.cc:155:do_switch$48$rdmux[0][5][20]$a$456 [3:0] }, B={ 1'1
$memory$auto$proc_rom.cc:155:do_switch$48$rdmux[0][5][20]$b$457 [7:5] 1'0       
$memory$auto$proc_rom.cc:155:do_switch$48$rdmux[0][5][20]$b$457 [2:1] 1'0 }, Y={
$memory$auto$proc_rom.cc:155:do_switch$48$rdmux[0][4][10]$a$378 [8:5]           
$memory$auto$proc_rom.cc:155:do_switch$48$rdmux[0][4][10]$a$378 [3:0] }         
      New connections: {                                                        
$memory$auto$proc_rom.cc:155:do_switch$48$rdmux[0][4][10]$a$378 [11:9]          
$memory$auto$proc_rom.cc:155:do_switch$48$rdmux[0][4][10]$a$378 [4] } = { 2'10  
$memory$auto$proc_rom.cc:155:do_switch$48$rdmux[0][4][10]$a$378 [0] 1'1 }       
    Consolidated identical input bits for $mux cell                             
$memory$auto$proc_rom.cc:155:do_switch$48$rdmux[0][5][19]$452:                  
      Old ports:                                                                
A=$memory$auto$proc_rom.cc:155:do_switch$48$rdmux[0][5][19]$a$453,              
B=$memory$auto$proc_rom.cc:155:do_switch$48$rdmux[0][5][19]$b$454,              
Y=$memory$auto$proc_rom.cc:155:do_switch$48$rdmux[0][4][9]$b$376                
      New ports: A={ 1'1                                                        
$memory$auto$proc_rom.cc:155:do_switch$48$rdmux[0][5][19]$a$453 [1]             
$memory$auto$proc_rom.cc:155:do_switch$48$rdmux[0][5][19]$a$453 [6:3] 1'1       
$memory$auto$proc_rom.cc:155:do_switch$48$rdmux[0][5][19]$a$453 [1] }, B={ 1'0  
$memory$auto$proc_rom.cc:155:do_switch$48$rdmux[0][5][19]$b$454 [7]             
$memory$auto$proc_rom.cc:155:do_switch$48$rdmux[0][5][19]$b$454 [2]             
$memory$auto$proc_rom.cc:155:do_switch$48$rdmux[0][5][19]$b$454 [5:1] },        
Y=$memory$auto$proc_rom.cc:155:do_switch$48$rdmux[0][4][9]$b$376 [8:1]          
      New connections: {                                                        
$memory$auto$proc_rom.cc:155:do_switch$48$rdmux[0][4][9]$b$376 [11:9]           
$memory$auto$proc_rom.cc:155:do_switch$48$rdmux[0][4][9]$b$376 [0] } = 4'1011   
    Consolidated identical input bits for $mux cell                             
$memory$auto$proc_rom.cc:155:do_switch$48$rdmux[0][5][18]$449:                  
      Old ports:                                                                
A=$memory$auto$proc_rom.cc:155:do_switch$48$rdmux[0][5][18]$a$450,              
B=$memory$auto$proc_rom.cc:155:do_switch$48$rdmux[0][5][18]$b$451,              
Y=$memory$auto$proc_rom.cc:155:do_switch$48$rdmux[0][4][9]$a$375                
      New ports: A={ 2'10                                                       
$memory$auto$proc_rom.cc:155:do_switch$48$rdmux[0][5][18]$a$450 [7:5]           
$memory$auto$proc_rom.cc:155:do_switch$48$rdmux[0][5][18]$a$450 [0]             
$memory$auto$proc_rom.cc:155:do_switch$48$rdmux[0][5][18]$a$450 [3:0] }, B={    
$memory$auto$proc_rom.cc:155:do_switch$48$rdmux[0][5][18]$b$451 [1]             
$memory$auto$proc_rom.cc:155:do_switch$48$rdmux[0][5][18]$b$451 [7]             
$memory$auto$proc_rom.cc:155:do_switch$48$rdmux[0][5][18]$b$451 [7:4]           
$memory$auto$proc_rom.cc:155:do_switch$48$rdmux[0][5][18]$b$451 [0]             
$memory$auto$proc_rom.cc:155:do_switch$48$rdmux[0][5][18]$b$451 [2:0] }, Y={    
$memory$auto$proc_rom.cc:155:do_switch$48$rdmux[0][4][9]$a$375 [10]             
$memory$auto$proc_rom.cc:155:do_switch$48$rdmux[0][4][9]$a$375 [8:0] }          
      New connections: {                                                        
$memory$auto$proc_rom.cc:155:do_switch$48$rdmux[0][4][9]$a$375 [11]             
$memory$auto$proc_rom.cc:155:do_switch$48$rdmux[0][4][9]$a$375 [9] } = { 1'1    
$memory$auto$proc_rom.cc:155:do_switch$48$rdmux[0][4][9]$a$375 [8] }            
    Consolidated identical input bits for $mux cell                             
$memory$auto$proc_rom.cc:155:do_switch$48$rdmux[0][5][17]$446:                  
      Old ports:                                                                
A=$memory$auto$proc_rom.cc:155:do_switch$48$rdmux[0][5][17]$a$447,              
B=$memory$auto$proc_rom.cc:155:do_switch$48$rdmux[0][5][17]$b$448,              
Y=$memory$auto$proc_rom.cc:155:do_switch$48$rdmux[0][4][8]$b$373                
      New ports: A={                                                            
$memory$auto$proc_rom.cc:155:do_switch$48$rdmux[0][5][17]$a$447 [0]             
$memory$auto$proc_rom.cc:155:do_switch$48$rdmux[0][5][17]$a$447 [7]             
$memory$auto$proc_rom.cc:155:do_switch$48$rdmux[0][5][17]$a$447 [7:4]           
$memory$auto$proc_rom.cc:155:do_switch$48$rdmux[0][5][17]$a$447 [1:0] }, B={    
2'01 $memory$auto$proc_rom.cc:155:do_switch$48$rdmux[0][5][17]$b$448 [7:4] 1'1  
$memory$auto$proc_rom.cc:155:do_switch$48$rdmux[0][5][17]$b$448 [0] }, Y={      
$memory$auto$proc_rom.cc:155:do_switch$48$rdmux[0][4][8]$b$373 [9:4]            
$memory$auto$proc_rom.cc:155:do_switch$48$rdmux[0][4][8]$b$373 [1:0] }          
      New connections: {                                                        
$memory$auto$proc_rom.cc:155:do_switch$48$rdmux[0][4][8]$b$373 [11:10]          
$memory$auto$proc_rom.cc:155:do_switch$48$rdmux[0][4][8]$b$373 [3:2] } = { 2'11 
$memory$auto$proc_rom.cc:155:do_switch$48$rdmux[0][4][8]$b$373 [1]              
$memory$auto$proc_rom.cc:155:do_switch$48$rdmux[0][4][8]$b$373 [1] }            
    Consolidated identical input bits for $mux cell                             
$memory$auto$proc_rom.cc:155:do_switch$48$rdmux[0][5][16]$443:                  
      Old ports:                                                                
A=$memory$auto$proc_rom.cc:155:do_switch$48$rdmux[0][5][16]$a$444,              
B=$memory$auto$proc_rom.cc:155:do_switch$48$rdmux[0][5][16]$b$445,              
Y=$memory$auto$proc_rom.cc:155:do_switch$48$rdmux[0][4][8]$a$372                
      New ports: A={                                                            
$memory$auto$proc_rom.cc:155:do_switch$48$rdmux[0][5][16]$a$444 [3]             
$memory$auto$proc_rom.cc:155:do_switch$48$rdmux[0][5][16]$a$444 [3:2]           
$memory$auto$proc_rom.cc:155:do_switch$48$rdmux[0][5][16]$a$444 [6]             
$memory$auto$proc_rom.cc:155:do_switch$48$rdmux[0][5][16]$a$444 [0]             
$memory$auto$proc_rom.cc:155:do_switch$48$rdmux[0][5][16]$a$444 [4:0] }, B={ 1'1
$memory$auto$proc_rom.cc:155:do_switch$48$rdmux[0][5][16]$b$445 [0]             
$memory$auto$proc_rom.cc:155:do_switch$48$rdmux[0][5][16]$b$445 [7:6]           
$memory$auto$proc_rom.cc:155:do_switch$48$rdmux[0][5][16]$b$445 [1]             
$memory$auto$proc_rom.cc:155:do_switch$48$rdmux[0][5][16]$b$445 [4] 1'0         
$memory$auto$proc_rom.cc:155:do_switch$48$rdmux[0][5][16]$b$445 [2:0] },        
Y=$memory$auto$proc_rom.cc:155:do_switch$48$rdmux[0][4][8]$a$372 [9:0]          
      New connections:                                                          
$memory$auto$proc_rom.cc:155:do_switch$48$rdmux[0][4][8]$a$372 [11:10] = {      
$memory$auto$proc_rom.cc:155:do_switch$48$rdmux[0][4][8]$a$372 [9]              
$memory$auto$proc_rom.cc:155:do_switch$48$rdmux[0][4][8]$a$372 [9] }            
    Consolidated identical input bits for $mux cell                             
$memory$auto$proc_rom.cc:155:do_switch$48$rdmux[0][5][15]$440:                  
      Old ports:                                                                
A=$memory$auto$proc_rom.cc:155:do_switch$48$rdmux[0][5][15]$a$441,              
B=$memory$auto$proc_rom.cc:155:do_switch$48$rdmux[0][5][15]$b$442,              
Y=$memory$auto$proc_rom.cc:155:do_switch$48$rdmux[0][4][7]$b$370                
      New ports: A={                                                            
$memory$auto$proc_rom.cc:155:do_switch$48$rdmux[0][5][15]$a$441 [2]             
$memory$auto$proc_rom.cc:155:do_switch$48$rdmux[0][5][15]$a$441 [4]             
$memory$auto$proc_rom.cc:155:do_switch$48$rdmux[0][5][15]$a$441 [5:4] 1'1       
$memory$auto$proc_rom.cc:155:do_switch$48$rdmux[0][5][15]$a$441 [2:0] }, B={ 1'0
$memory$auto$proc_rom.cc:155:do_switch$48$rdmux[0][5][15]$b$442 [6:5]           
$memory$auto$proc_rom.cc:155:do_switch$48$rdmux[0][5][15]$b$442 [1]             
$memory$auto$proc_rom.cc:155:do_switch$48$rdmux[0][5][15]$b$442 [3:0] }, Y={    
$memory$auto$proc_rom.cc:155:do_switch$48$rdmux[0][4][7]$b$370 [8]              
$memory$auto$proc_rom.cc:155:do_switch$48$rdmux[0][4][7]$b$370 [6:0] }          
      New connections: {                                                        
$memory$auto$proc_rom.cc:155:do_switch$48$rdmux[0][4][7]$b$370 [11:9]           
$memory$auto$proc_rom.cc:155:do_switch$48$rdmux[0][4][7]$b$370 [7] } = { 3'000  
$memory$auto$proc_rom.cc:155:do_switch$48$rdmux[0][4][7]$b$370 [0] }            
    Consolidated identical input bits for $mux cell                             
$memory$auto$proc_rom.cc:155:do_switch$48$rdmux[0][5][14]$437:                  
      Old ports:                                                                
A=$memory$auto$proc_rom.cc:155:do_switch$48$rdmux[0][5][14]$a$438,              
B=$memory$auto$proc_rom.cc:155:do_switch$48$rdmux[0][5][14]$b$439,              
Y=$memory$auto$proc_rom.cc:155:do_switch$48$rdmux[0][4][7]$a$369                
      New ports: A={ 1'1                                                        
$memory$auto$proc_rom.cc:155:do_switch$48$rdmux[0][5][14]$a$438 [2]             
$memory$auto$proc_rom.cc:155:do_switch$48$rdmux[0][5][14]$a$438 [7:4]           
$memory$auto$proc_rom.cc:155:do_switch$48$rdmux[0][5][14]$a$438 [2:0] }, B={    
$memory$auto$proc_rom.cc:155:do_switch$48$rdmux[0][5][14]$b$439 [1:0]           
$memory$auto$proc_rom.cc:155:do_switch$48$rdmux[0][5][14]$b$439 [0]             
$memory$auto$proc_rom.cc:155:do_switch$48$rdmux[0][5][14]$b$439 [6:4] 1'0       
$memory$auto$proc_rom.cc:155:do_switch$48$rdmux[0][5][14]$b$439 [1:0] }, Y={    
$memory$auto$proc_rom.cc:155:do_switch$48$rdmux[0][4][7]$a$369 [9:4]            
$memory$auto$proc_rom.cc:155:do_switch$48$rdmux[0][4][7]$a$369 [2:0] }          
      New connections: {                                                        
$memory$auto$proc_rom.cc:155:do_switch$48$rdmux[0][4][7]$a$369 [11:10]          
$memory$auto$proc_rom.cc:155:do_switch$48$rdmux[0][4][7]$a$369 [3] } = { 2'00   
$memory$auto$proc_rom.cc:155:do_switch$48$rdmux[0][4][7]$a$369 [2] }            
    Consolidated identical input bits for $mux cell                             
$memory$auto$proc_rom.cc:155:do_switch$48$rdmux[0][5][13]$434:                  
      Old ports:                                                                
A=$memory$auto$proc_rom.cc:155:do_switch$48$rdmux[0][5][13]$a$435,              
B=$memory$auto$proc_rom.cc:155:do_switch$48$rdmux[0][5][13]$b$436,              
Y=$memory$auto$proc_rom.cc:155:do_switch$48$rdmux[0][4][6]$b$367                
      New ports: A={                                                            
$memory$auto$proc_rom.cc:155:do_switch$48$rdmux[0][5][13]$a$435 [10]            
$memory$auto$proc_rom.cc:155:do_switch$48$rdmux[0][5][13]$a$435 [7]             
$memory$auto$proc_rom.cc:155:do_switch$48$rdmux[0][5][13]$a$435 [7]             
$memory$auto$proc_rom.cc:155:do_switch$48$rdmux[0][5][13]$a$435 [5:0] }, B={    
2'01 $memory$auto$proc_rom.cc:155:do_switch$48$rdmux[0][5][13]$b$436 [7]        
$memory$auto$proc_rom.cc:155:do_switch$48$rdmux[0][5][13]$b$436 [1]             
$memory$auto$proc_rom.cc:155:do_switch$48$rdmux[0][5][13]$b$436 [4:0] }, Y={    
$memory$auto$proc_rom.cc:155:do_switch$48$rdmux[0][4][6]$b$367 [10]             
$memory$auto$proc_rom.cc:155:do_switch$48$rdmux[0][4][6]$b$367 [8:7]            
$memory$auto$proc_rom.cc:155:do_switch$48$rdmux[0][4][6]$b$367 [5:0] }          
      New connections: {                                                        
$memory$auto$proc_rom.cc:155:do_switch$48$rdmux[0][4][6]$b$367 [11]             
$memory$auto$proc_rom.cc:155:do_switch$48$rdmux[0][4][6]$b$367 [9]              
$memory$auto$proc_rom.cc:155:do_switch$48$rdmux[0][4][6]$b$367 [6] } = { 1'0    
$memory$auto$proc_rom.cc:155:do_switch$48$rdmux[0][4][6]$b$367 [8]              
$memory$auto$proc_rom.cc:155:do_switch$48$rdmux[0][4][6]$b$367 [0] }            
    Consolidated identical input bits for $mux cell                             
$memory$auto$proc_rom.cc:155:do_switch$48$rdmux[0][5][12]$431:                  
      Old ports:                                                                
A=$memory$auto$proc_rom.cc:155:do_switch$48$rdmux[0][5][12]$a$432,              
B=$memory$auto$proc_rom.cc:155:do_switch$48$rdmux[0][5][12]$b$433,              
Y=$memory$auto$proc_rom.cc:155:do_switch$48$rdmux[0][4][6]$a$366                
      New ports: A={ 1'1                                                        
$memory$auto$proc_rom.cc:155:do_switch$48$rdmux[0][5][12]$a$432 [7:5]           
$memory$auto$proc_rom.cc:155:do_switch$48$rdmux[0][5][12]$a$432 [3]             
$memory$auto$proc_rom.cc:155:do_switch$48$rdmux[0][5][12]$a$432 [3:1] }, B={    
$memory$auto$proc_rom.cc:155:do_switch$48$rdmux[0][5][12]$b$433 [8:3] 2'01 },   
Y=$memory$auto$proc_rom.cc:155:do_switch$48$rdmux[0][4][6]$a$366 [8:1]          
      New connections: {                                                        
$memory$auto$proc_rom.cc:155:do_switch$48$rdmux[0][4][6]$a$366 [11:9]           
$memory$auto$proc_rom.cc:155:do_switch$48$rdmux[0][4][6]$a$366 [0] } = 4'0101   
    Consolidated identical input bits for $mux cell                             
$memory$auto$proc_rom.cc:155:do_switch$48$rdmux[0][5][11]$428:                  
      Old ports:                                                                
A=$memory$auto$proc_rom.cc:155:do_switch$48$rdmux[0][5][11]$a$429,              
B=$memory$auto$proc_rom.cc:155:do_switch$48$rdmux[0][5][11]$b$430,              
Y=$memory$auto$proc_rom.cc:155:do_switch$48$rdmux[0][4][5]$b$364                
      New ports: A={ 1'1                                                        
$memory$auto$proc_rom.cc:155:do_switch$48$rdmux[0][5][11]$a$429 [7:5]           
$memory$auto$proc_rom.cc:155:do_switch$48$rdmux[0][5][11]$a$429 [3:1] 1'0 }, B={
$memory$auto$proc_rom.cc:155:do_switch$48$rdmux[0][5][11]$b$430 [9]             
$memory$auto$proc_rom.cc:155:do_switch$48$rdmux[0][5][11]$b$430 [0]             
$memory$auto$proc_rom.cc:155:do_switch$48$rdmux[0][5][11]$b$430 [0]             
$memory$auto$proc_rom.cc:155:do_switch$48$rdmux[0][5][11]$b$430 [5] 1'1         
$memory$auto$proc_rom.cc:155:do_switch$48$rdmux[0][5][11]$b$430 [2:0] }, Y={    
$memory$auto$proc_rom.cc:155:do_switch$48$rdmux[0][4][5]$b$364 [9]              
$memory$auto$proc_rom.cc:155:do_switch$48$rdmux[0][4][5]$b$364 [7:5]            
$memory$auto$proc_rom.cc:155:do_switch$48$rdmux[0][4][5]$b$364 [3:0] }          
      New connections: {                                                        
$memory$auto$proc_rom.cc:155:do_switch$48$rdmux[0][4][5]$b$364 [11:10]          
$memory$auto$proc_rom.cc:155:do_switch$48$rdmux[0][4][5]$b$364 [8]              
$memory$auto$proc_rom.cc:155:do_switch$48$rdmux[0][4][5]$b$364 [4] } = { 2'01   
$memory$auto$proc_rom.cc:155:do_switch$48$rdmux[0][4][5]$b$364 [0] 1'0 }        
    Consolidated identical input bits for $mux cell                             
$memory$auto$proc_rom.cc:155:do_switch$48$rdmux[0][5][10]$425:                  
      Old ports:                                                                
A=$memory$auto$proc_rom.cc:155:do_switch$48$rdmux[0][5][10]$a$426,              
B=$memory$auto$proc_rom.cc:155:do_switch$48$rdmux[0][5][10]$b$427,              
Y=$memory$auto$proc_rom.cc:155:do_switch$48$rdmux[0][4][5]$a$363                
      New ports: A={ 2'10                                                       
$memory$auto$proc_rom.cc:155:do_switch$48$rdmux[0][5][10]$a$426 [0]             
$memory$auto$proc_rom.cc:155:do_switch$48$rdmux[0][5][10]$a$426 [5:0] }, B={    
$memory$auto$proc_rom.cc:155:do_switch$48$rdmux[0][5][10]$b$427 [8]             
$memory$auto$proc_rom.cc:155:do_switch$48$rdmux[0][5][10]$b$427 [6]             
$memory$auto$proc_rom.cc:155:do_switch$48$rdmux[0][5][10]$b$427 [6:2] 1'0       
$memory$auto$proc_rom.cc:155:do_switch$48$rdmux[0][5][10]$b$427 [0] },          
Y=$memory$auto$proc_rom.cc:155:do_switch$48$rdmux[0][4][5]$a$363 [8:0]          
      New connections:                                                          
$memory$auto$proc_rom.cc:155:do_switch$48$rdmux[0][4][5]$a$363 [11:9] = 3'011   
    Consolidated identical input bits for $mux cell                             
$memory$auto$proc_rom.cc:155:do_switch$48$rdmux[0][5][9]$422:                   
      Old ports:                                                                
A=$memory$auto$proc_rom.cc:155:do_switch$48$rdmux[0][5][9]$a$423,               
B=$memory$auto$proc_rom.cc:155:do_switch$48$rdmux[0][5][9]$b$424,               
Y=$memory$auto$proc_rom.cc:155:do_switch$48$rdmux[0][4][4]$b$361                
      New ports: A={ 1'1                                                        
$memory$auto$proc_rom.cc:155:do_switch$48$rdmux[0][5][9]$a$423 [6:3]            
$memory$auto$proc_rom.cc:155:do_switch$48$rdmux[0][5][9]$a$423 [0]              
$memory$auto$proc_rom.cc:155:do_switch$48$rdmux[0][5][9]$a$423 [1:0] }, B={     
$memory$auto$proc_rom.cc:155:do_switch$48$rdmux[0][5][9]$b$424 [7:3]            
$memory$auto$proc_rom.cc:155:do_switch$48$rdmux[0][5][9]$b$424 [1]              
$memory$auto$proc_rom.cc:155:do_switch$48$rdmux[0][5][9]$b$424 [1:0] },         
Y=$memory$auto$proc_rom.cc:155:do_switch$48$rdmux[0][4][4]$b$361 [7:0]          
      New connections:                                                          
$memory$auto$proc_rom.cc:155:do_switch$48$rdmux[0][4][4]$b$361 [11:8] = 4'0111  
    Consolidated identical input bits for $mux cell                             
$memory$auto$proc_rom.cc:155:do_switch$48$rdmux[0][5][8]$419:                   
      Old ports:                                                                
A=$memory$auto$proc_rom.cc:155:do_switch$48$rdmux[0][5][8]$a$420,               
B=$memory$auto$proc_rom.cc:155:do_switch$48$rdmux[0][5][8]$b$421,               
Y=$memory$auto$proc_rom.cc:155:do_switch$48$rdmux[0][4][4]$a$360                
      New ports: A={ 2'11                                                       
$memory$auto$proc_rom.cc:155:do_switch$48$rdmux[0][5][8]$a$420 [2:0] }, B={     
$memory$auto$proc_rom.cc:155:do_switch$48$rdmux[0][5][8]$b$421 [4:2] 1'0        
$memory$auto$proc_rom.cc:155:do_switch$48$rdmux[0][5][8]$b$421 [0] },           
Y=$memory$auto$proc_rom.cc:155:do_switch$48$rdmux[0][4][4]$a$360 [4:0]          
      New connections:                                                          
$memory$auto$proc_rom.cc:155:do_switch$48$rdmux[0][4][4]$a$360 [11:5] =         
7'0111111                                                                       
    Consolidated identical input bits for $mux cell                             
$memory$auto$proc_rom.cc:155:do_switch$48$rdmux[0][5][7]$416:                   
      Old ports:                                                                
A=$memory$auto$proc_rom.cc:155:do_switch$48$rdmux[0][5][7]$a$417,               
B=$memory$auto$proc_rom.cc:155:do_switch$48$rdmux[0][5][7]$b$418,               
Y=$memory$auto$proc_rom.cc:155:do_switch$48$rdmux[0][4][3]$b$358                
      New ports: A={                                                            
$memory$auto$proc_rom.cc:155:do_switch$48$rdmux[0][5][7]$a$417 [5:3] 2'00       
$memory$auto$proc_rom.cc:155:do_switch$48$rdmux[0][5][7]$a$417 [0] }, B={ 2'11  
$memory$auto$proc_rom.cc:155:do_switch$48$rdmux[0][5][7]$b$418 [3:0] },         
Y=$memory$auto$proc_rom.cc:155:do_switch$48$rdmux[0][4][3]$b$358 [5:0]          
      New connections:                                                          
$memory$auto$proc_rom.cc:155:do_switch$48$rdmux[0][4][3]$b$358 [11:6] = 6'011111
    Consolidated identical input bits for $mux cell                             
$memory$auto$proc_rom.cc:155:do_switch$48$rdmux[0][5][6]$413:                   
      Old ports:                                                                
A=$memory$auto$proc_rom.cc:155:do_switch$48$rdmux[0][5][6]$a$414,               
B=$memory$auto$proc_rom.cc:155:do_switch$48$rdmux[0][5][6]$b$415,               
Y=$memory$auto$proc_rom.cc:155:do_switch$48$rdmux[0][4][3]$a$357                
      New ports: A={                                                            
$memory$auto$proc_rom.cc:155:do_switch$48$rdmux[0][5][6]$a$414 [7]              
$memory$auto$proc_rom.cc:155:do_switch$48$rdmux[0][5][6]$a$414 [5]              
$memory$auto$proc_rom.cc:155:do_switch$48$rdmux[0][5][6]$a$414 [5:0] }, B={ 1'1 
$memory$auto$proc_rom.cc:155:do_switch$48$rdmux[0][5][6]$b$415 [6:3]            
$memory$auto$proc_rom.cc:155:do_switch$48$rdmux[0][5][6]$b$415 [0]              
$memory$auto$proc_rom.cc:155:do_switch$48$rdmux[0][5][6]$b$415 [1:0] },         
Y=$memory$auto$proc_rom.cc:155:do_switch$48$rdmux[0][4][3]$a$357 [7:0]          
      New connections:                                                          
$memory$auto$proc_rom.cc:155:do_switch$48$rdmux[0][4][3]$a$357 [11:8] = 4'0111  
    Consolidated identical input bits for $mux cell                             
$memory$auto$proc_rom.cc:155:do_switch$48$rdmux[0][5][5]$410:                   
      Old ports:                                                                
A=$memory$auto$proc_rom.cc:155:do_switch$48$rdmux[0][5][5]$a$411,               
B=$memory$auto$proc_rom.cc:155:do_switch$48$rdmux[0][5][5]$b$412,               
Y=$memory$auto$proc_rom.cc:155:do_switch$48$rdmux[0][4][2]$b$355                
      New ports: A={ 2'01                                                       
$memory$auto$proc_rom.cc:155:do_switch$48$rdmux[0][5][5]$a$411 [6:0] }, B={ 2'10
$memory$auto$proc_rom.cc:155:do_switch$48$rdmux[0][5][5]$b$412 [6:0] },         
Y=$memory$auto$proc_rom.cc:155:do_switch$48$rdmux[0][4][2]$b$355 [8:0]          
      New connections:                                                          
$memory$auto$proc_rom.cc:155:do_switch$48$rdmux[0][4][2]$b$355 [11:9] = 3'011   
    Consolidated identical input bits for $mux cell                             
$memory$auto$proc_rom.cc:155:do_switch$48$rdmux[0][5][4]$407:                   
      Old ports:                                                                
A=$memory$auto$proc_rom.cc:155:do_switch$48$rdmux[0][5][4]$a$408,               
B=$memory$auto$proc_rom.cc:155:do_switch$48$rdmux[0][5][4]$b$409,               
Y=$memory$auto$proc_rom.cc:155:do_switch$48$rdmux[0][4][2]$a$354                
      New ports: A={                                                            
$memory$auto$proc_rom.cc:155:do_switch$48$rdmux[0][5][4]$a$408 [9]              
$memory$auto$proc_rom.cc:155:do_switch$48$rdmux[0][5][4]$a$408 [0]              
$memory$auto$proc_rom.cc:155:do_switch$48$rdmux[0][5][4]$a$408 [6:5]            
$memory$auto$proc_rom.cc:155:do_switch$48$rdmux[0][5][4]$a$408 [3:0] }, B={ 1'1 
$memory$auto$proc_rom.cc:155:do_switch$48$rdmux[0][5][4]$b$409 [7:5] 1'1        
$memory$auto$proc_rom.cc:155:do_switch$48$rdmux[0][5][4]$b$409 [2:1] 1'0 }, Y={ 
$memory$auto$proc_rom.cc:155:do_switch$48$rdmux[0][4][2]$a$354 [9]              
$memory$auto$proc_rom.cc:155:do_switch$48$rdmux[0][4][2]$a$354 [7:5]            
$memory$auto$proc_rom.cc:155:do_switch$48$rdmux[0][4][2]$a$354 [3:0] }          
      New connections: {                                                        
$memory$auto$proc_rom.cc:155:do_switch$48$rdmux[0][4][2]$a$354 [11:10]          
$memory$auto$proc_rom.cc:155:do_switch$48$rdmux[0][4][2]$a$354 [8]              
$memory$auto$proc_rom.cc:155:do_switch$48$rdmux[0][4][2]$a$354 [4] } = { 2'01   
$memory$auto$proc_rom.cc:155:do_switch$48$rdmux[0][4][2]$a$354 [0] 1'0 }        
    Consolidated identical input bits for $mux cell                             
$memory$auto$proc_rom.cc:155:do_switch$48$rdmux[0][5][3]$404:                   
      Old ports:                                                                
A=$memory$auto$proc_rom.cc:155:do_switch$48$rdmux[0][5][3]$a$405,               
B=$memory$auto$proc_rom.cc:155:do_switch$48$rdmux[0][5][3]$b$406,               
Y=$memory$auto$proc_rom.cc:155:do_switch$48$rdmux[0][4][1]$b$352                
      New ports: A={ 1'0                                                        
$memory$auto$proc_rom.cc:155:do_switch$48$rdmux[0][5][3]$a$405 [1]              
$memory$auto$proc_rom.cc:155:do_switch$48$rdmux[0][5][3]$a$405 [6:3] 1'0        
$memory$auto$proc_rom.cc:155:do_switch$48$rdmux[0][5][3]$a$405 [1] }, B={ 1'1   
$memory$auto$proc_rom.cc:155:do_switch$48$rdmux[0][5][3]$b$406 [7]              
$memory$auto$proc_rom.cc:155:do_switch$48$rdmux[0][5][3]$b$406 [2]              
$memory$auto$proc_rom.cc:155:do_switch$48$rdmux[0][5][3]$b$406 [5:1] },         
Y=$memory$auto$proc_rom.cc:155:do_switch$48$rdmux[0][4][1]$b$352 [8:1]          
      New connections: {                                                        
$memory$auto$proc_rom.cc:155:do_switch$48$rdmux[0][4][1]$b$352 [11:9]           
$memory$auto$proc_rom.cc:155:do_switch$48$rdmux[0][4][1]$b$352 [0] } = 4'0101   
    Consolidated identical input bits for $mux cell                             
$memory$auto$proc_rom.cc:155:do_switch$48$rdmux[0][5][2]$401:                   
      Old ports:                                                                
A=$memory$auto$proc_rom.cc:155:do_switch$48$rdmux[0][5][2]$a$402,               
B=$memory$auto$proc_rom.cc:155:do_switch$48$rdmux[0][5][2]$b$403,               
Y=$memory$auto$proc_rom.cc:155:do_switch$48$rdmux[0][4][1]$a$351                
      New ports: A={ 2'01                                                       
$memory$auto$proc_rom.cc:155:do_switch$48$rdmux[0][5][2]$a$402 [7:4] 1'1        
$memory$auto$proc_rom.cc:155:do_switch$48$rdmux[0][5][2]$a$402 [2:0] }, B={     
$memory$auto$proc_rom.cc:155:do_switch$48$rdmux[0][5][2]$b$403 [10]             
$memory$auto$proc_rom.cc:155:do_switch$48$rdmux[0][5][2]$b$403 [7]              
$memory$auto$proc_rom.cc:155:do_switch$48$rdmux[0][5][2]$b$403 [7]              
$memory$auto$proc_rom.cc:155:do_switch$48$rdmux[0][5][2]$b$403 [0]              
$memory$auto$proc_rom.cc:155:do_switch$48$rdmux[0][5][2]$b$403 [5:0] }, Y={     
$memory$auto$proc_rom.cc:155:do_switch$48$rdmux[0][4][1]$a$351 [10]             
$memory$auto$proc_rom.cc:155:do_switch$48$rdmux[0][4][1]$a$351 [8:0] }          
      New connections: {                                                        
$memory$auto$proc_rom.cc:155:do_switch$48$rdmux[0][4][1]$a$351 [11]             
$memory$auto$proc_rom.cc:155:do_switch$48$rdmux[0][4][1]$a$351 [9] } = { 1'0    
$memory$auto$proc_rom.cc:155:do_switch$48$rdmux[0][4][1]$a$351 [8] }            
    Consolidated identical input bits for $mux cell                             
$memory$auto$proc_rom.cc:155:do_switch$48$rdmux[0][5][1]$398:                   
      Old ports:                                                                
A=$memory$auto$proc_rom.cc:155:do_switch$48$rdmux[0][5][1]$a$399,               
B=$memory$auto$proc_rom.cc:155:do_switch$48$rdmux[0][5][1]$b$400,               
Y=$memory$auto$proc_rom.cc:155:do_switch$48$rdmux[0][4][0]$b$349                
      New ports: A={                                                            
$memory$auto$proc_rom.cc:155:do_switch$48$rdmux[0][5][1]$a$399 [9]              
$memory$auto$proc_rom.cc:155:do_switch$48$rdmux[0][5][1]$a$399 [0]              
$memory$auto$proc_rom.cc:155:do_switch$48$rdmux[0][5][1]$a$399 [0]              
$memory$auto$proc_rom.cc:155:do_switch$48$rdmux[0][5][1]$a$399 [6:4]            
$memory$auto$proc_rom.cc:155:do_switch$48$rdmux[0][5][1]$a$399 [2:0] }, B={ 2'10
$memory$auto$proc_rom.cc:155:do_switch$48$rdmux[0][5][1]$b$400 [7:4] 1'0        
$memory$auto$proc_rom.cc:155:do_switch$48$rdmux[0][5][1]$b$400 [1:0] }, Y={     
$memory$auto$proc_rom.cc:155:do_switch$48$rdmux[0][4][0]$b$349 [9:4]            
$memory$auto$proc_rom.cc:155:do_switch$48$rdmux[0][4][0]$b$349 [2:0] }          
      New connections: {                                                        
$memory$auto$proc_rom.cc:155:do_switch$48$rdmux[0][4][0]$b$349 [11:10]          
$memory$auto$proc_rom.cc:155:do_switch$48$rdmux[0][4][0]$b$349 [3] } = { 2'00   
$memory$auto$proc_rom.cc:155:do_switch$48$rdmux[0][4][0]$b$349 [2] }            
    Consolidated identical input bits for $mux cell                             
$memory$auto$proc_rom.cc:155:do_switch$48$rdmux[0][5][0]$395:                   
      Old ports:                                                                
A=$memory$auto$proc_rom.cc:155:do_switch$48$rdmux[0][5][0]$a$396,               
B=$memory$auto$proc_rom.cc:155:do_switch$48$rdmux[0][5][0]$b$397,               
Y=$memory$auto$proc_rom.cc:155:do_switch$48$rdmux[0][4][0]$a$348                
      New ports: A={ 1'0                                                        
$memory$auto$proc_rom.cc:155:do_switch$48$rdmux[0][5][0]$a$396 [6:5] 1'0        
$memory$auto$proc_rom.cc:155:do_switch$48$rdmux[0][5][0]$a$396 [2:0] }, B={     
$memory$auto$proc_rom.cc:155:do_switch$48$rdmux[0][5][0]$b$397 [2]              
$memory$auto$proc_rom.cc:155:do_switch$48$rdmux[0][5][0]$b$397 [6:5] 1'1        
$memory$auto$proc_rom.cc:155:do_switch$48$rdmux[0][5][0]$b$397 [2:0] }, Y={     
$memory$auto$proc_rom.cc:155:do_switch$48$rdmux[0][4][0]$a$348 [8]              
$memory$auto$proc_rom.cc:155:do_switch$48$rdmux[0][4][0]$a$348 [6:5]            
$memory$auto$proc_rom.cc:155:do_switch$48$rdmux[0][4][0]$a$348 [3:0] }          
      New connections: {                                                        
$memory$auto$proc_rom.cc:155:do_switch$48$rdmux[0][4][0]$a$348 [11:9]           
$memory$auto$proc_rom.cc:155:do_switch$48$rdmux[0][4][0]$a$348 [7]              
$memory$auto$proc_rom.cc:155:do_switch$48$rdmux[0][4][0]$a$348 [4] } = { 3'000  
$memory$auto$proc_rom.cc:155:do_switch$48$rdmux[0][4][0]$a$348 [0]              
$memory$auto$proc_rom.cc:155:do_switch$48$rdmux[0][4][0]$a$348 [1] }            
  Optimizing cells in module \one_bit_synth.                                    
    Consolidated identical input bits for $mux cell                             
$memory$auto$proc_rom.cc:155:do_switch$48$rdmux[0][4][15]$392:                  
      Old ports:                                                                
A=$memory$auto$proc_rom.cc:155:do_switch$48$rdmux[0][4][15]$a$393,              
B=$memory$auto$proc_rom.cc:155:do_switch$48$rdmux[0][4][15]$b$394,              
Y=$memory$auto$proc_rom.cc:155:do_switch$48$rdmux[0][3][7]$b$346                
      New ports: A={                                                            
$memory$auto$proc_rom.cc:155:do_switch$48$rdmux[0][4][15]$a$393 [9:4]           
$memory$auto$proc_rom.cc:155:do_switch$48$rdmux[0][4][15]$a$393 [1]             
$memory$auto$proc_rom.cc:155:do_switch$48$rdmux[0][4][15]$a$393 [1]             
$memory$auto$proc_rom.cc:155:do_switch$48$rdmux[0][4][15]$a$393 [1:0] }, B={ 1'1
$memory$auto$proc_rom.cc:155:do_switch$48$rdmux[0][4][15]$b$394 [8:0] },        
Y=$memory$auto$proc_rom.cc:155:do_switch$48$rdmux[0][3][7]$b$346 [9:0]          
      New connections:                                                          
$memory$auto$proc_rom.cc:155:do_switch$48$rdmux[0][3][7]$b$346 [11:10] = 2'11   
    Consolidated identical input bits for $mux cell                             
$memory$auto$proc_rom.cc:155:do_switch$48$rdmux[0][4][14]$389:                  
      Old ports:                                                                
A=$memory$auto$proc_rom.cc:155:do_switch$48$rdmux[0][4][14]$a$390,              
B=$memory$auto$proc_rom.cc:155:do_switch$48$rdmux[0][4][14]$b$391,              
Y=$memory$auto$proc_rom.cc:155:do_switch$48$rdmux[0][3][7]$a$345                
      New ports: A={ 2'01                                                       
$memory$auto$proc_rom.cc:155:do_switch$48$rdmux[0][4][14]$a$390 [8:1] 1'1 }, B={
$memory$auto$proc_rom.cc:155:do_switch$48$rdmux[0][4][14]$b$391 [10]            
$memory$auto$proc_rom.cc:155:do_switch$48$rdmux[0][4][14]$b$391 [8]             
$memory$auto$proc_rom.cc:155:do_switch$48$rdmux[0][4][14]$b$391 [8:0] },        
Y=$memory$auto$proc_rom.cc:155:do_switch$48$rdmux[0][3][7]$a$345 [10:0]         
      New connections:                                                          
$memory$auto$proc_rom.cc:155:do_switch$48$rdmux[0][3][7]$a$345 [11] = 1'1       
    Consolidated identical input bits for $mux cell                             
$memory$auto$proc_rom.cc:155:do_switch$48$rdmux[0][4][13]$386:                  
      Old ports:                                                                
A=$memory$auto$proc_rom.cc:155:do_switch$48$rdmux[0][4][13]$a$387,              
B=$memory$auto$proc_rom.cc:155:do_switch$48$rdmux[0][4][13]$b$388,              
Y=$memory$auto$proc_rom.cc:155:do_switch$48$rdmux[0][3][6]$b$343                
      New ports: A={ 1'0                                                        
$memory$auto$proc_rom.cc:155:do_switch$48$rdmux[0][4][13]$a$387 [8:0] }, B={    
$memory$auto$proc_rom.cc:155:do_switch$48$rdmux[0][4][13]$b$388 [0]             
$memory$auto$proc_rom.cc:155:do_switch$48$rdmux[0][4][13]$b$388 [8:5] 1'1       
$memory$auto$proc_rom.cc:155:do_switch$48$rdmux[0][4][13]$b$388 [3:0] },        
Y=$memory$auto$proc_rom.cc:155:do_switch$48$rdmux[0][3][6]$b$343 [9:0]          
      New connections:                                                          
$memory$auto$proc_rom.cc:155:do_switch$48$rdmux[0][3][6]$b$343 [11:10] = 2'10   
    Consolidated identical input bits for $mux cell                             
$memory$auto$proc_rom.cc:155:do_switch$48$rdmux[0][4][12]$383:                  
      Old ports:                                                                
A=$memory$auto$proc_rom.cc:155:do_switch$48$rdmux[0][4][12]$a$384,              
B=$memory$auto$proc_rom.cc:155:do_switch$48$rdmux[0][4][12]$b$385,              
Y=$memory$auto$proc_rom.cc:155:do_switch$48$rdmux[0][3][6]$a$342                
      New ports: A={ 3'000                                                      
$memory$auto$proc_rom.cc:155:do_switch$48$rdmux[0][4][12]$a$384 [4:0] },        
B=$memory$auto$proc_rom.cc:155:do_switch$48$rdmux[0][4][12]$b$385 [7:0],        
Y=$memory$auto$proc_rom.cc:155:do_switch$48$rdmux[0][3][6]$a$342 [7:0]          
      New connections:                                                          
$memory$auto$proc_rom.cc:155:do_switch$48$rdmux[0][3][6]$a$342 [11:8] = 4'1000  
    Consolidated identical input bits for $mux cell                             
$memory$auto$proc_rom.cc:155:do_switch$48$rdmux[0][4][11]$380:                  
      Old ports:                                                                
A=$memory$auto$proc_rom.cc:155:do_switch$48$rdmux[0][4][11]$a$381,              
B=$memory$auto$proc_rom.cc:155:do_switch$48$rdmux[0][4][11]$b$382,              
Y=$memory$auto$proc_rom.cc:155:do_switch$48$rdmux[0][3][5]$b$340                
      New ports:                                                                
A=$memory$auto$proc_rom.cc:155:do_switch$48$rdmux[0][4][11]$a$381 [7:0], B={    
2'00 $memory$auto$proc_rom.cc:155:do_switch$48$rdmux[0][4][11]$b$382 [5:0] },   
Y=$memory$auto$proc_rom.cc:155:do_switch$48$rdmux[0][3][5]$b$340 [7:0]          
      New connections:                                                          
$memory$auto$proc_rom.cc:155:do_switch$48$rdmux[0][3][5]$b$340 [11:8] = 4'1000  
    Consolidated identical input bits for $mux cell                             
$memory$auto$proc_rom.cc:155:do_switch$48$rdmux[0][4][10]$377:                  
      Old ports:                                                                
A=$memory$auto$proc_rom.cc:155:do_switch$48$rdmux[0][4][10]$a$378,              
B=$memory$auto$proc_rom.cc:155:do_switch$48$rdmux[0][4][10]$b$379,              
Y=$memory$auto$proc_rom.cc:155:do_switch$48$rdmux[0][3][5]$a$339                
      New ports: A={                                                            
$memory$auto$proc_rom.cc:155:do_switch$48$rdmux[0][4][10]$a$378 [0]             
$memory$auto$proc_rom.cc:155:do_switch$48$rdmux[0][4][10]$a$378 [8:5] 1'1       
$memory$auto$proc_rom.cc:155:do_switch$48$rdmux[0][4][10]$a$378 [3:0] }, B={ 1'0
$memory$auto$proc_rom.cc:155:do_switch$48$rdmux[0][4][10]$b$379 [8:0] },        
Y=$memory$auto$proc_rom.cc:155:do_switch$48$rdmux[0][3][5]$a$339 [9:0]          
      New connections:                                                          
$memory$auto$proc_rom.cc:155:do_switch$48$rdmux[0][3][5]$a$339 [11:10] = 2'10   
    Consolidated identical input bits for $mux cell                             
$memory$auto$proc_rom.cc:155:do_switch$48$rdmux[0][4][9]$374:                   
      Old ports:                                                                
A=$memory$auto$proc_rom.cc:155:do_switch$48$rdmux[0][4][9]$a$375,               
B=$memory$auto$proc_rom.cc:155:do_switch$48$rdmux[0][4][9]$b$376,               
Y=$memory$auto$proc_rom.cc:155:do_switch$48$rdmux[0][3][4]$b$337                
      New ports: A={                                                            
$memory$auto$proc_rom.cc:155:do_switch$48$rdmux[0][4][9]$a$375 [10]             
$memory$auto$proc_rom.cc:155:do_switch$48$rdmux[0][4][9]$a$375 [8]              
$memory$auto$proc_rom.cc:155:do_switch$48$rdmux[0][4][9]$a$375 [8:0] }, B={ 2'01
$memory$auto$proc_rom.cc:155:do_switch$48$rdmux[0][4][9]$b$376 [8:1] 1'1 },     
Y=$memory$auto$proc_rom.cc:155:do_switch$48$rdmux[0][3][4]$b$337 [10:0]         
      New connections:                                                          
$memory$auto$proc_rom.cc:155:do_switch$48$rdmux[0][3][4]$b$337 [11] = 1'1       
    Consolidated identical input bits for $mux cell                             
$memory$auto$proc_rom.cc:155:do_switch$48$rdmux[0][4][8]$371:                   
      Old ports:                                                                
A=$memory$auto$proc_rom.cc:155:do_switch$48$rdmux[0][4][8]$a$372,               
B=$memory$auto$proc_rom.cc:155:do_switch$48$rdmux[0][4][8]$b$373,               
Y=$memory$auto$proc_rom.cc:155:do_switch$48$rdmux[0][3][4]$a$336                
      New ports: A={                                                            
$memory$auto$proc_rom.cc:155:do_switch$48$rdmux[0][4][8]$a$372 [9]              
$memory$auto$proc_rom.cc:155:do_switch$48$rdmux[0][4][8]$a$372 [9:0] }, B={ 1'1 
$memory$auto$proc_rom.cc:155:do_switch$48$rdmux[0][4][8]$b$373 [9:4]            
$memory$auto$proc_rom.cc:155:do_switch$48$rdmux[0][4][8]$b$373 [1]              
$memory$auto$proc_rom.cc:155:do_switch$48$rdmux[0][4][8]$b$373 [1]              
$memory$auto$proc_rom.cc:155:do_switch$48$rdmux[0][4][8]$b$373 [1:0] },         
Y=$memory$auto$proc_rom.cc:155:do_switch$48$rdmux[0][3][4]$a$336 [10:0]         
      New connections:                                                          
$memory$auto$proc_rom.cc:155:do_switch$48$rdmux[0][3][4]$a$336 [11] =           
$memory$auto$proc_rom.cc:155:do_switch$48$rdmux[0][3][4]$a$336 [10]             
    Consolidated identical input bits for $mux cell                             
$memory$auto$proc_rom.cc:155:do_switch$48$rdmux[0][4][7]$368:                   
      Old ports:                                                                
A=$memory$auto$proc_rom.cc:155:do_switch$48$rdmux[0][4][7]$a$369,               
B=$memory$auto$proc_rom.cc:155:do_switch$48$rdmux[0][4][7]$b$370,               
Y=$memory$auto$proc_rom.cc:155:do_switch$48$rdmux[0][3][3]$b$334                
      New ports: A={                                                            
$memory$auto$proc_rom.cc:155:do_switch$48$rdmux[0][4][7]$a$369 [9:4]            
$memory$auto$proc_rom.cc:155:do_switch$48$rdmux[0][4][7]$a$369 [2]              
$memory$auto$proc_rom.cc:155:do_switch$48$rdmux[0][4][7]$a$369 [2:0] }, B={ 1'0 
$memory$auto$proc_rom.cc:155:do_switch$48$rdmux[0][4][7]$b$370 [8]              
$memory$auto$proc_rom.cc:155:do_switch$48$rdmux[0][4][7]$b$370 [0]              
$memory$auto$proc_rom.cc:155:do_switch$48$rdmux[0][4][7]$b$370 [6:0] },         
Y=$memory$auto$proc_rom.cc:155:do_switch$48$rdmux[0][3][3]$b$334 [9:0]          
      New connections:                                                          
$memory$auto$proc_rom.cc:155:do_switch$48$rdmux[0][3][3]$b$334 [11:10] = 2'00   
    Consolidated identical input bits for $mux cell                             
$memory$auto$proc_rom.cc:155:do_switch$48$rdmux[0][4][6]$365:                   
      Old ports:                                                                
A=$memory$auto$proc_rom.cc:155:do_switch$48$rdmux[0][4][6]$a$366,               
B=$memory$auto$proc_rom.cc:155:do_switch$48$rdmux[0][4][6]$b$367,               
Y=$memory$auto$proc_rom.cc:155:do_switch$48$rdmux[0][3][3]$a$333                
      New ports: A={ 2'10                                                       
$memory$auto$proc_rom.cc:155:do_switch$48$rdmux[0][4][6]$a$366 [8:1] 1'1 }, B={ 
$memory$auto$proc_rom.cc:155:do_switch$48$rdmux[0][4][6]$b$367 [10]             
$memory$auto$proc_rom.cc:155:do_switch$48$rdmux[0][4][6]$b$367 [8]              
$memory$auto$proc_rom.cc:155:do_switch$48$rdmux[0][4][6]$b$367 [8:7]            
$memory$auto$proc_rom.cc:155:do_switch$48$rdmux[0][4][6]$b$367 [0]              
$memory$auto$proc_rom.cc:155:do_switch$48$rdmux[0][4][6]$b$367 [5:0] },         
Y=$memory$auto$proc_rom.cc:155:do_switch$48$rdmux[0][3][3]$a$333 [10:0]         
      New connections:                                                          
$memory$auto$proc_rom.cc:155:do_switch$48$rdmux[0][3][3]$a$333 [11] = 1'0       
    Consolidated identical input bits for $mux cell                             
$memory$auto$proc_rom.cc:155:do_switch$48$rdmux[0][4][5]$362:                   
      Old ports:                                                                
A=$memory$auto$proc_rom.cc:155:do_switch$48$rdmux[0][4][5]$a$363,               
B=$memory$auto$proc_rom.cc:155:do_switch$48$rdmux[0][4][5]$b$364,               
Y=$memory$auto$proc_rom.cc:155:do_switch$48$rdmux[0][3][2]$b$331                
      New ports: A={ 1'1                                                        
$memory$auto$proc_rom.cc:155:do_switch$48$rdmux[0][4][5]$a$363 [8:0] }, B={     
$memory$auto$proc_rom.cc:155:do_switch$48$rdmux[0][4][5]$b$364 [9]              
$memory$auto$proc_rom.cc:155:do_switch$48$rdmux[0][4][5]$b$364 [0]              
$memory$auto$proc_rom.cc:155:do_switch$48$rdmux[0][4][5]$b$364 [7:5] 1'0        
$memory$auto$proc_rom.cc:155:do_switch$48$rdmux[0][4][5]$b$364 [3:0] },         
Y=$memory$auto$proc_rom.cc:155:do_switch$48$rdmux[0][3][2]$b$331 [9:0]          
      New connections:                                                          
$memory$auto$proc_rom.cc:155:do_switch$48$rdmux[0][3][2]$b$331 [11:10] = 2'01   
    Consolidated identical input bits for $mux cell                             
$memory$auto$proc_rom.cc:155:do_switch$48$rdmux[0][4][4]$359:                   
      Old ports:                                                                
A=$memory$auto$proc_rom.cc:155:do_switch$48$rdmux[0][4][4]$a$360,               
B=$memory$auto$proc_rom.cc:155:do_switch$48$rdmux[0][4][4]$b$361,               
Y=$memory$auto$proc_rom.cc:155:do_switch$48$rdmux[0][3][2]$a$330                
      New ports: A={ 3'111                                                      
$memory$auto$proc_rom.cc:155:do_switch$48$rdmux[0][4][4]$a$360 [4:0] },         
B=$memory$auto$proc_rom.cc:155:do_switch$48$rdmux[0][4][4]$b$361 [7:0],         
Y=$memory$auto$proc_rom.cc:155:do_switch$48$rdmux[0][3][2]$a$330 [7:0]          
      New connections:                                                          
$memory$auto$proc_rom.cc:155:do_switch$48$rdmux[0][3][2]$a$330 [11:8] = 4'0111  
    Consolidated identical input bits for $mux cell                             
$memory$auto$proc_rom.cc:155:do_switch$48$rdmux[0][4][3]$356:                   
      Old ports:                                                                
A=$memory$auto$proc_rom.cc:155:do_switch$48$rdmux[0][4][3]$a$357,               
B=$memory$auto$proc_rom.cc:155:do_switch$48$rdmux[0][4][3]$b$358,               
Y=$memory$auto$proc_rom.cc:155:do_switch$48$rdmux[0][3][1]$b$328                
      New ports:                                                                
A=$memory$auto$proc_rom.cc:155:do_switch$48$rdmux[0][4][3]$a$357 [7:0], B={ 2'11
$memory$auto$proc_rom.cc:155:do_switch$48$rdmux[0][4][3]$b$358 [5:0] },         
Y=$memory$auto$proc_rom.cc:155:do_switch$48$rdmux[0][3][1]$b$328 [7:0]          
      New connections:                                                          
$memory$auto$proc_rom.cc:155:do_switch$48$rdmux[0][3][1]$b$328 [11:8] = 4'0111  
    Consolidated identical input bits for $mux cell                             
$memory$auto$proc_rom.cc:155:do_switch$48$rdmux[0][4][2]$353:                   
      Old ports:                                                                
A=$memory$auto$proc_rom.cc:155:do_switch$48$rdmux[0][4][2]$a$354,               
B=$memory$auto$proc_rom.cc:155:do_switch$48$rdmux[0][4][2]$b$355,               
Y=$memory$auto$proc_rom.cc:155:do_switch$48$rdmux[0][3][1]$a$327                
      New ports: A={                                                            
$memory$auto$proc_rom.cc:155:do_switch$48$rdmux[0][4][2]$a$354 [9]              
$memory$auto$proc_rom.cc:155:do_switch$48$rdmux[0][4][2]$a$354 [0]              
$memory$auto$proc_rom.cc:155:do_switch$48$rdmux[0][4][2]$a$354 [7:5] 1'0        
$memory$auto$proc_rom.cc:155:do_switch$48$rdmux[0][4][2]$a$354 [3:0] }, B={ 1'1 
$memory$auto$proc_rom.cc:155:do_switch$48$rdmux[0][4][2]$b$355 [8:0] },         
Y=$memory$auto$proc_rom.cc:155:do_switch$48$rdmux[0][3][1]$a$327 [9:0]          
      New connections:                                                          
$memory$auto$proc_rom.cc:155:do_switch$48$rdmux[0][3][1]$a$327 [11:10] = 2'01   
    Consolidated identical input bits for $mux cell                             
$memory$auto$proc_rom.cc:155:do_switch$48$rdmux[0][4][1]$350:                   
      Old ports:                                                                
A=$memory$auto$proc_rom.cc:155:do_switch$48$rdmux[0][4][1]$a$351,               
B=$memory$auto$proc_rom.cc:155:do_switch$48$rdmux[0][4][1]$b$352,               
Y=$memory$auto$proc_rom.cc:155:do_switch$48$rdmux[0][3][0]$b$325                
      New ports: A={                                                            
$memory$auto$proc_rom.cc:155:do_switch$48$rdmux[0][4][1]$a$351 [10]             
$memory$auto$proc_rom.cc:155:do_switch$48$rdmux[0][4][1]$a$351 [8]              
$memory$auto$proc_rom.cc:155:do_switch$48$rdmux[0][4][1]$a$351 [8:0] }, B={ 2'10
$memory$auto$proc_rom.cc:155:do_switch$48$rdmux[0][4][1]$b$352 [8:1] 1'1 },     
Y=$memory$auto$proc_rom.cc:155:do_switch$48$rdmux[0][3][0]$b$325 [10:0]         
      New connections:                                                          
$memory$auto$proc_rom.cc:155:do_switch$48$rdmux[0][3][0]$b$325 [11] = 1'0       
    Consolidated identical input bits for $mux cell                             
$memory$auto$proc_rom.cc:155:do_switch$48$rdmux[0][4][0]$347:                   
      Old ports:                                                                
A=$memory$auto$proc_rom.cc:155:do_switch$48$rdmux[0][4][0]$a$348,               
B=$memory$auto$proc_rom.cc:155:do_switch$48$rdmux[0][4][0]$b$349,               
Y=$memory$auto$proc_rom.cc:155:do_switch$48$rdmux[0][3][0]$a$324                
      New ports: A={ 1'0                                                        
$memory$auto$proc_rom.cc:155:do_switch$48$rdmux[0][4][0]$a$348 [8]              
$memory$auto$proc_rom.cc:155:do_switch$48$rdmux[0][4][0]$a$348 [0]              
$memory$auto$proc_rom.cc:155:do_switch$48$rdmux[0][4][0]$a$348 [6:5]            
$memory$auto$proc_rom.cc:155:do_switch$48$rdmux[0][4][0]$a$348 [1]              
$memory$auto$proc_rom.cc:155:do_switch$48$rdmux[0][4][0]$a$348 [3:0] }, B={     
$memory$auto$proc_rom.cc:155:do_switch$48$rdmux[0][4][0]$b$349 [9:4]            
$memory$auto$proc_rom.cc:155:do_switch$48$rdmux[0][4][0]$b$349 [2]              
$memory$auto$proc_rom.cc:155:do_switch$48$rdmux[0][4][0]$b$349 [2:0] },         
Y=$memory$auto$proc_rom.cc:155:do_switch$48$rdmux[0][3][0]$a$324 [9:0]          
      New connections:                                                          
$memory$auto$proc_rom.cc:155:do_switch$48$rdmux[0][3][0]$a$324 [11:10] = 2'00   
  Optimizing cells in module \one_bit_synth.                                    
    Consolidated identical input bits for $mux cell                             
$memory$auto$proc_rom.cc:155:do_switch$48$rdmux[0][3][7]$344:                   
      Old ports:                                                                
A=$memory$auto$proc_rom.cc:155:do_switch$48$rdmux[0][3][7]$a$345,               
B=$memory$auto$proc_rom.cc:155:do_switch$48$rdmux[0][3][7]$b$346,               
Y=$memory$auto$proc_rom.cc:155:do_switch$48$rdmux[0][2][3]$b$322                
      New ports:                                                                
A=$memory$auto$proc_rom.cc:155:do_switch$48$rdmux[0][3][7]$a$345 [10:0], B={ 1'1
$memory$auto$proc_rom.cc:155:do_switch$48$rdmux[0][3][7]$b$346 [9:0] },         
Y=$memory$auto$proc_rom.cc:155:do_switch$48$rdmux[0][2][3]$b$322 [10:0]         
      New connections:                                                          
$memory$auto$proc_rom.cc:155:do_switch$48$rdmux[0][2][3]$b$322 [11] = 1'1       
    Consolidated identical input bits for $mux cell                             
$memory$auto$proc_rom.cc:155:do_switch$48$rdmux[0][3][6]$341:                   
      Old ports:                                                                
A=$memory$auto$proc_rom.cc:155:do_switch$48$rdmux[0][3][6]$a$342,               
B=$memory$auto$proc_rom.cc:155:do_switch$48$rdmux[0][3][6]$b$343,               
Y=$memory$auto$proc_rom.cc:155:do_switch$48$rdmux[0][2][3]$a$321                
      New ports: A={ 2'00                                                       
$memory$auto$proc_rom.cc:155:do_switch$48$rdmux[0][3][6]$a$342 [7:0] },         
B=$memory$auto$proc_rom.cc:155:do_switch$48$rdmux[0][3][6]$b$343 [9:0],         
Y=$memory$auto$proc_rom.cc:155:do_switch$48$rdmux[0][2][3]$a$321 [9:0]          
      New connections:                                                          
$memory$auto$proc_rom.cc:155:do_switch$48$rdmux[0][2][3]$a$321 [11:10] = 2'10   
    Consolidated identical input bits for $mux cell                             
$memory$auto$proc_rom.cc:155:do_switch$48$rdmux[0][3][5]$338:                   
      Old ports:                                                                
A=$memory$auto$proc_rom.cc:155:do_switch$48$rdmux[0][3][5]$a$339,               
B=$memory$auto$proc_rom.cc:155:do_switch$48$rdmux[0][3][5]$b$340,               
Y=$memory$auto$proc_rom.cc:155:do_switch$48$rdmux[0][2][2]$b$319                
      New ports:                                                                
A=$memory$auto$proc_rom.cc:155:do_switch$48$rdmux[0][3][5]$a$339 [9:0], B={ 2'00
$memory$auto$proc_rom.cc:155:do_switch$48$rdmux[0][3][5]$b$340 [7:0] },         
Y=$memory$auto$proc_rom.cc:155:do_switch$48$rdmux[0][2][2]$b$319 [9:0]          
      New connections:                                                          
$memory$auto$proc_rom.cc:155:do_switch$48$rdmux[0][2][2]$b$319 [11:10] = 2'10   
    Consolidated identical input bits for $mux cell                             
$memory$auto$proc_rom.cc:155:do_switch$48$rdmux[0][3][3]$332:                   
      Old ports:                                                                
A=$memory$auto$proc_rom.cc:155:do_switch$48$rdmux[0][3][3]$a$333,               
B=$memory$auto$proc_rom.cc:155:do_switch$48$rdmux[0][3][3]$b$334,               
Y=$memory$auto$proc_rom.cc:155:do_switch$48$rdmux[0][2][1]$b$316                
      New ports:                                                                
A=$memory$auto$proc_rom.cc:155:do_switch$48$rdmux[0][3][3]$a$333 [10:0], B={ 1'0
$memory$auto$proc_rom.cc:155:do_switch$48$rdmux[0][3][3]$b$334 [9:0] },         
Y=$memory$auto$proc_rom.cc:155:do_switch$48$rdmux[0][2][1]$b$316 [10:0]         
      New connections:                                                          
$memory$auto$proc_rom.cc:155:do_switch$48$rdmux[0][2][1]$b$316 [11] = 1'0       
    Consolidated identical input bits for $mux cell                             
$memory$auto$proc_rom.cc:155:do_switch$48$rdmux[0][3][2]$329:                   
      Old ports:                                                                
A=$memory$auto$proc_rom.cc:155:do_switch$48$rdmux[0][3][2]$a$330,               
B=$memory$auto$proc_rom.cc:155:do_switch$48$rdmux[0][3][2]$b$331,               
Y=$memory$auto$proc_rom.cc:155:do_switch$48$rdmux[0][2][1]$a$315                
      New ports: A={ 2'11                                                       
$memory$auto$proc_rom.cc:155:do_switch$48$rdmux[0][3][2]$a$330 [7:0] },         
B=$memory$auto$proc_rom.cc:155:do_switch$48$rdmux[0][3][2]$b$331 [9:0],         
Y=$memory$auto$proc_rom.cc:155:do_switch$48$rdmux[0][2][1]$a$315 [9:0]          
      New connections:                                                          
$memory$auto$proc_rom.cc:155:do_switch$48$rdmux[0][2][1]$a$315 [11:10] = 2'01   
    Consolidated identical input bits for $mux cell                             
$memory$auto$proc_rom.cc:155:do_switch$48$rdmux[0][3][1]$326:                   
      Old ports:                                                                
A=$memory$auto$proc_rom.cc:155:do_switch$48$rdmux[0][3][1]$a$327,               
B=$memory$auto$proc_rom.cc:155:do_switch$48$rdmux[0][3][1]$b$328,               
Y=$memory$auto$proc_rom.cc:155:do_switch$48$rdmux[0][2][0]$b$313                
      New ports:                                                                
A=$memory$auto$proc_rom.cc:155:do_switch$48$rdmux[0][3][1]$a$327 [9:0], B={ 2'11
$memory$auto$proc_rom.cc:155:do_switch$48$rdmux[0][3][1]$b$328 [7:0] },         
Y=$memory$auto$proc_rom.cc:155:do_switch$48$rdmux[0][2][0]$b$313 [9:0]          
      New connections:                                                          
$memory$auto$proc_rom.cc:155:do_switch$48$rdmux[0][2][0]$b$313 [11:10] = 2'01   
    Consolidated identical input bits for $mux cell                             
$memory$auto$proc_rom.cc:155:do_switch$48$rdmux[0][3][0]$323:                   
      Old ports:                                                                
A=$memory$auto$proc_rom.cc:155:do_switch$48$rdmux[0][3][0]$a$324,               
B=$memory$auto$proc_rom.cc:155:do_switch$48$rdmux[0][3][0]$b$325,               
Y=$memory$auto$proc_rom.cc:155:do_switch$48$rdmux[0][2][0]$a$312                
      New ports: A={ 1'0                                                        
$memory$auto$proc_rom.cc:155:do_switch$48$rdmux[0][3][0]$a$324 [9:0] },         
B=$memory$auto$proc_rom.cc:155:do_switch$48$rdmux[0][3][0]$b$325 [10:0],        
Y=$memory$auto$proc_rom.cc:155:do_switch$48$rdmux[0][2][0]$a$312 [10:0]         
      New connections:                                                          
$memory$auto$proc_rom.cc:155:do_switch$48$rdmux[0][2][0]$a$312 [11] = 1'0       
  Optimizing cells in module \one_bit_synth.                                    
    Consolidated identical input bits for $mux cell                             
$memory$auto$proc_rom.cc:155:do_switch$48$rdmux[0][2][3]$320:                   
      Old ports:                                                                
A=$memory$auto$proc_rom.cc:155:do_switch$48$rdmux[0][2][3]$a$321,               
B=$memory$auto$proc_rom.cc:155:do_switch$48$rdmux[0][2][3]$b$322,               
Y=$memory$auto$proc_rom.cc:155:do_switch$48$rdmux[0][1][1]$b$310                
      New ports: A={ 1'0                                                        
$memory$auto$proc_rom.cc:155:do_switch$48$rdmux[0][2][3]$a$321 [9:0] },         
B=$memory$auto$proc_rom.cc:155:do_switch$48$rdmux[0][2][3]$b$322 [10:0],        
Y=$memory$auto$proc_rom.cc:155:do_switch$48$rdmux[0][1][1]$b$310 [10:0]         
      New connections:                                                          
$memory$auto$proc_rom.cc:155:do_switch$48$rdmux[0][1][1]$b$310 [11] = 1'1       
    Consolidated identical input bits for $mux cell                             
$memory$auto$proc_rom.cc:155:do_switch$48$rdmux[0][2][1]$314:                   
      Old ports:                                                                
A=$memory$auto$proc_rom.cc:155:do_switch$48$rdmux[0][2][1]$a$315,               
B=$memory$auto$proc_rom.cc:155:do_switch$48$rdmux[0][2][1]$b$316,               
Y=$memory$auto$proc_rom.cc:155:do_switch$48$rdmux[0][1][0]$b$307                
      New ports: A={ 1'1                                                        
$memory$auto$proc_rom.cc:155:do_switch$48$rdmux[0][2][1]$a$315 [9:0] },         
B=$memory$auto$proc_rom.cc:155:do_switch$48$rdmux[0][2][1]$b$316 [10:0],        
Y=$memory$auto$proc_rom.cc:155:do_switch$48$rdmux[0][1][0]$b$307 [10:0]         
      New connections:                                                          
$memory$auto$proc_rom.cc:155:do_switch$48$rdmux[0][1][0]$b$307 [11] = 1'0       
    Consolidated identical input bits for $mux cell                             
$memory$auto$proc_rom.cc:155:do_switch$48$rdmux[0][2][0]$311:                   
      Old ports:                                                                
A=$memory$auto$proc_rom.cc:155:do_switch$48$rdmux[0][2][0]$a$312,               
B=$memory$auto$proc_rom.cc:155:do_switch$48$rdmux[0][2][0]$b$313,               
Y=$memory$auto$proc_rom.cc:155:do_switch$48$rdmux[0][1][0]$a$306                
      New ports:                                                                
A=$memory$auto$proc_rom.cc:155:do_switch$48$rdmux[0][2][0]$a$312 [10:0], B={ 1'1
$memory$auto$proc_rom.cc:155:do_switch$48$rdmux[0][2][0]$b$313 [9:0] },         
Y=$memory$auto$proc_rom.cc:155:do_switch$48$rdmux[0][1][0]$a$306 [10:0]         
      New connections:                                                          
$memory$auto$proc_rom.cc:155:do_switch$48$rdmux[0][1][0]$a$306 [11] = 1'0       
  Optimizing cells in module \one_bit_synth.                                    
    Consolidated identical input bits for $mux cell                             
$memory$auto$proc_rom.cc:155:do_switch$48$rdmux[0][1][0]$305:                   
      Old ports:                                                                
A=$memory$auto$proc_rom.cc:155:do_switch$48$rdmux[0][1][0]$a$306,               
B=$memory$auto$proc_rom.cc:155:do_switch$48$rdmux[0][1][0]$b$307,               
Y=$memory$auto$proc_rom.cc:155:do_switch$48$rdmux[0][0][0]$a$303                
      New ports:                                                                
A=$memory$auto$proc_rom.cc:155:do_switch$48$rdmux[0][1][0]$a$306 [10:0],        
B=$memory$auto$proc_rom.cc:155:do_switch$48$rdmux[0][1][0]$b$307 [10:0],        
Y=$memory$auto$proc_rom.cc:155:do_switch$48$rdmux[0][0][0]$a$303 [10:0]         
      New connections:                                                          
$memory$auto$proc_rom.cc:155:do_switch$48$rdmux[0][0][0]$a$303 [11] = 1'0       
  Optimizing cells in module \one_bit_synth.                                    
Performed a total of 254 changes.                                               
                                                                                
87. Executing OPT_MERGE pass (detect identical cells).                          
Finding identical cells in module `\one_bit_synth'.                             
Computing hashes of 297 cells of `\one_bit_synth'.                              
Finding duplicate cells in `\one_bit_synth'.                                    
Computing hashes of 173 cells of `\one_bit_synth'.                              
Finding duplicate cells in `\one_bit_synth'.                                    
<suppressed ~372 debug messages>                                                
Removed a total of 124 cells.                                                   
                                                                                
88. Executing OPT_SHARE pass.                                                   
                                                                                
89. Executing OPT_DFF pass (perform DFF optimizations).                         
                                                                                
90. Executing OPT_CLEAN pass (remove unused cells and wires).                   
Finding unused cells or wires in module \one_bit_synth..                        
Removed 0 unused cells and 380 unused wires.                                    
<suppressed ~1 debug messages>                                                  
                                                                                
91. Executing OPT_EXPR pass (perform const folding).                            
Optimizing module one_bit_synth.                                                
<suppressed ~34 debug messages>                                                 
                                                                                
92. Rerunning OPT passes. (Maybe there is more to do…)                          
                                                                                
93. Executing OPT_MUXTREE pass (detect dead branches in mux trees).             
Running muxtree optimizer on module \one_bit_synth..                            
  Creating internal representation of mux trees.                                
  Evaluating internal representation of mux trees.                              
  Analyzing evaluation results.                                                 
Removed 0 multiplexer ports.                                                    
<suppressed ~253 debug messages>                                                
                                                                                
94. Executing OPT_REDUCE pass (consolidate $*mux and $reduce_* inputs).         
  Optimizing cells in module \one_bit_synth.                                    
    Consolidated identical input bits for $mux cell                             
$memory$auto$proc_rom.cc:155:do_switch$48$rdmux[0][6][10]$521:                  
      Old ports: A={                                                            
$memory$auto$proc_rom.cc:155:do_switch$48$rdmux[0][6][0]$b$493 [7:6] 2'00       
$memory$auto$proc_rom.cc:155:do_switch$48$rdmux[0][6][0]$b$493 [6]              
$memory$auto$proc_rom.cc:155:do_switch$48$rdmux[0][6][0]$b$493 [6]              
$memory$auto$proc_rom.cc:155:do_switch$48$rdmux[0][6][0]$b$493 [7] }, B={ 1'1   
$memory$auto$proc_rom.cc:155:do_switch$48$rdmux[0][6][0]$b$493 [7] 1'1          
$memory$auto$proc_rom.cc:155:do_switch$48$rdmux[0][6][0]$b$493 [6] 2'10         
$memory$auto$proc_rom.cc:155:do_switch$48$rdmux[0][6][0]$b$493 [7] },           
Y=$memory$auto$proc_rom.cc:155:do_switch$48$rdmux[0][5][5]$a$411 [6:0]          
      New ports: A={                                                            
$memory$auto$proc_rom.cc:155:do_switch$48$rdmux[0][6][0]$b$493 [7:6] 2'00       
$memory$auto$proc_rom.cc:155:do_switch$48$rdmux[0][6][0]$b$493 [6]              
$memory$auto$proc_rom.cc:155:do_switch$48$rdmux[0][6][0]$b$493 [6] }, B={ 1'1   
$memory$auto$proc_rom.cc:155:do_switch$48$rdmux[0][6][0]$b$493 [7] 1'1          
$memory$auto$proc_rom.cc:155:do_switch$48$rdmux[0][6][0]$b$493 [6] 2'10 },      
Y=$memory$auto$proc_rom.cc:155:do_switch$48$rdmux[0][5][5]$a$411 [6:1]          
      New connections:                                                          
$memory$auto$proc_rom.cc:155:do_switch$48$rdmux[0][5][5]$a$411 [0] =            
$memory$auto$proc_rom.cc:155:do_switch$48$rdmux[0][6][0]$b$493 [7]              
    Consolidated identical input bits for $mux cell                             
$memory$auto$proc_rom.cc:155:do_switch$48$rdmux[0][6][12]$527:                  
      Old ports: A={ 2'01                                                       
$memory$auto$proc_rom.cc:155:do_switch$48$rdmux[0][6][11]$a$525 [5] 1'0         
$memory$auto$proc_rom.cc:155:do_switch$48$rdmux[0][6][11]$a$525 [5] 1'1         
$memory$auto$proc_rom.cc:155:do_switch$48$rdmux[0][6][11]$a$525 [3] }, B={ 2'10 
$memory$auto$proc_rom.cc:155:do_switch$48$rdmux[0][6][11]$a$525 [5]             
$memory$auto$proc_rom.cc:155:do_switch$48$rdmux[0][6][11]$a$525 [5]             
$memory$auto$proc_rom.cc:155:do_switch$48$rdmux[0][6][11]$a$525 [3]             
$memory$auto$proc_rom.cc:155:do_switch$48$rdmux[0][6][11]$a$525 [3]             
$memory$auto$proc_rom.cc:155:do_switch$48$rdmux[0][6][11]$a$525 [3] }, Y={      
$memory$auto$proc_rom.cc:155:do_switch$48$rdmux[0][5][6]$a$414 [7:6]            
$memory$auto$proc_rom.cc:155:do_switch$48$rdmux[0][5][6]$a$414 [4:0] }          
      New ports: A={ 3'010                                                      
$memory$auto$proc_rom.cc:155:do_switch$48$rdmux[0][6][11]$a$525 [5] 1'1 }, B={  
2'10 $memory$auto$proc_rom.cc:155:do_switch$48$rdmux[0][6][11]$a$525 [5]        
$memory$auto$proc_rom.cc:155:do_switch$48$rdmux[0][6][11]$a$525 [3]             
$memory$auto$proc_rom.cc:155:do_switch$48$rdmux[0][6][11]$a$525 [3] }, Y={      
$memory$auto$proc_rom.cc:155:do_switch$48$rdmux[0][5][6]$a$414 [7:6]            
$memory$auto$proc_rom.cc:155:do_switch$48$rdmux[0][5][6]$a$414 [3:1] }          
      New connections: {                                                        
$memory$auto$proc_rom.cc:155:do_switch$48$rdmux[0][5][6]$a$414 [4]              
$memory$auto$proc_rom.cc:155:do_switch$48$rdmux[0][5][6]$a$414 [0] } = {        
$memory$auto$proc_rom.cc:155:do_switch$48$rdmux[0][6][11]$a$525 [5]             
$memory$auto$proc_rom.cc:155:do_switch$48$rdmux[0][6][11]$a$525 [3] }           
    Consolidated identical input bits for $mux cell                             
$memory$auto$proc_rom.cc:155:do_switch$48$rdmux[0][6][18]$545:                  
      Old ports: A={ 2'10                                                       
$memory$auto$proc_rom.cc:155:do_switch$48$rdmux[0][6][0]$b$493 [6] 2'10         
$memory$auto$proc_rom.cc:155:do_switch$48$rdmux[0][6][0]$b$493 [7] }, B={       
$memory$auto$proc_rom.cc:155:do_switch$48$rdmux[0][6][0]$b$493 [6]              
$memory$auto$proc_rom.cc:155:do_switch$48$rdmux[0][6][0]$b$493 [7]              
$memory$auto$proc_rom.cc:155:do_switch$48$rdmux[0][6][0]$b$493 [7] 1'0          
$memory$auto$proc_rom.cc:155:do_switch$48$rdmux[0][6][0]$b$493 [6]              
$memory$auto$proc_rom.cc:155:do_switch$48$rdmux[0][6][0]$b$493 [7] }, Y={       
$memory$auto$proc_rom.cc:155:do_switch$48$rdmux[0][5][9]$a$423 [6:3]            
$memory$auto$proc_rom.cc:155:do_switch$48$rdmux[0][5][9]$a$423 [1]              
$memory$auto$proc_rom.cc:155:do_switch$48$rdmux[0][5][9]$a$423 [2] }            
      New ports: A={ 2'10                                                       
$memory$auto$proc_rom.cc:155:do_switch$48$rdmux[0][6][0]$b$493 [6] 2'10 }, B={  
$memory$auto$proc_rom.cc:155:do_switch$48$rdmux[0][6][0]$b$493 [6]              
$memory$auto$proc_rom.cc:155:do_switch$48$rdmux[0][6][0]$b$493 [7]              
$memory$auto$proc_rom.cc:155:do_switch$48$rdmux[0][6][0]$b$493 [7] 1'0          
$memory$auto$proc_rom.cc:155:do_switch$48$rdmux[0][6][0]$b$493 [6] }, Y={       
$memory$auto$proc_rom.cc:155:do_switch$48$rdmux[0][5][9]$a$423 [6:3]            
$memory$auto$proc_rom.cc:155:do_switch$48$rdmux[0][5][9]$a$423 [1] }            
      New connections:                                                          
$memory$auto$proc_rom.cc:155:do_switch$48$rdmux[0][5][9]$a$423 [2] =            
$memory$auto$proc_rom.cc:155:do_switch$48$rdmux[0][6][0]$b$493 [7]              
    Consolidated identical input bits for $mux cell                             
$memory$auto$proc_rom.cc:155:do_switch$48$rdmux[0][6][19]$548:                  
      Old ports: A={ 2'10                                                       
$memory$auto$proc_rom.cc:155:do_switch$48$rdmux[0][6][11]$a$525 [3]             
$memory$auto$proc_rom.cc:155:do_switch$48$rdmux[0][6][11]$a$525 [5]             
$memory$auto$proc_rom.cc:155:do_switch$48$rdmux[0][6][11]$a$525 [5]             
$memory$auto$proc_rom.cc:155:do_switch$48$rdmux[0][6][11]$a$525 [3]             
$memory$auto$proc_rom.cc:155:do_switch$48$rdmux[0][6][11]$a$525 [3] }, B={      
$memory$auto$proc_rom.cc:155:do_switch$48$rdmux[0][6][11]$a$525 [3]             
$memory$auto$proc_rom.cc:155:do_switch$48$rdmux[0][6][11]$a$525 [5]             
$memory$auto$proc_rom.cc:155:do_switch$48$rdmux[0][6][11]$a$525 [5]             
$memory$auto$proc_rom.cc:155:do_switch$48$rdmux[0][6][11]$a$525 [5] 2'01        
$memory$auto$proc_rom.cc:155:do_switch$48$rdmux[0][6][11]$a$525 [3] }, Y={      
$memory$auto$proc_rom.cc:155:do_switch$48$rdmux[0][5][9]$b$424 [7:2]            
$memory$auto$proc_rom.cc:155:do_switch$48$rdmux[0][5][9]$b$424 [0] }            
      New ports: A={ 2'10                                                       
$memory$auto$proc_rom.cc:155:do_switch$48$rdmux[0][6][11]$a$525 [3]             
$memory$auto$proc_rom.cc:155:do_switch$48$rdmux[0][6][11]$a$525 [5]             
$memory$auto$proc_rom.cc:155:do_switch$48$rdmux[0][6][11]$a$525 [3] }, B={      
$memory$auto$proc_rom.cc:155:do_switch$48$rdmux[0][6][11]$a$525 [3]             
$memory$auto$proc_rom.cc:155:do_switch$48$rdmux[0][6][11]$a$525 [5]             
$memory$auto$proc_rom.cc:155:do_switch$48$rdmux[0][6][11]$a$525 [5] 2'01 }, Y={ 
$memory$auto$proc_rom.cc:155:do_switch$48$rdmux[0][5][9]$b$424 [7:5]            
$memory$auto$proc_rom.cc:155:do_switch$48$rdmux[0][5][9]$b$424 [3:2] }          
      New connections: {                                                        
$memory$auto$proc_rom.cc:155:do_switch$48$rdmux[0][5][9]$b$424 [4]              
$memory$auto$proc_rom.cc:155:do_switch$48$rdmux[0][5][9]$b$424 [0] } = {        
$memory$auto$proc_rom.cc:155:do_switch$48$rdmux[0][6][11]$a$525 [5]             
$memory$auto$proc_rom.cc:155:do_switch$48$rdmux[0][6][11]$a$525 [3] }           
    Consolidated identical input bits for $mux cell                             
$memory$auto$proc_rom.cc:155:do_switch$48$rdmux[0][6][25]$566:                  
      Old ports: A={                                                            
$memory$auto$proc_rom.cc:155:do_switch$48$rdmux[0][6][0]$b$493 [6]              
$memory$auto$proc_rom.cc:155:do_switch$48$rdmux[0][6][0]$b$493 [7]              
$memory$auto$proc_rom.cc:155:do_switch$48$rdmux[0][6][0]$b$493 [7]              
$memory$auto$proc_rom.cc:155:do_switch$48$rdmux[0][6][0]$b$493 [7:6]            
$memory$auto$proc_rom.cc:155:do_switch$48$rdmux[0][6][0]$b$493 [7] }, B={ 2'01  
$memory$auto$proc_rom.cc:155:do_switch$48$rdmux[0][6][0]$b$493 [6] 1'0          
$memory$auto$proc_rom.cc:155:do_switch$48$rdmux[0][6][0]$b$493 [7]              
$memory$auto$proc_rom.cc:155:do_switch$48$rdmux[0][6][0]$b$493 [7] },           
Y=$memory$auto$proc_rom.cc:155:do_switch$48$rdmux[0][5][12]$b$433 [8:3]         
      New ports: A={                                                            
$memory$auto$proc_rom.cc:155:do_switch$48$rdmux[0][6][0]$b$493 [6]              
$memory$auto$proc_rom.cc:155:do_switch$48$rdmux[0][6][0]$b$493 [7]              
$memory$auto$proc_rom.cc:155:do_switch$48$rdmux[0][6][0]$b$493 [7]              
$memory$auto$proc_rom.cc:155:do_switch$48$rdmux[0][6][0]$b$493 [7:6] }, B={ 2'01
$memory$auto$proc_rom.cc:155:do_switch$48$rdmux[0][6][0]$b$493 [6] 1'0          
$memory$auto$proc_rom.cc:155:do_switch$48$rdmux[0][6][0]$b$493 [7] },           
Y=$memory$auto$proc_rom.cc:155:do_switch$48$rdmux[0][5][12]$b$433 [8:4]         
      New connections:                                                          
$memory$auto$proc_rom.cc:155:do_switch$48$rdmux[0][5][12]$b$433 [3] =           
$memory$auto$proc_rom.cc:155:do_switch$48$rdmux[0][6][0]$b$493 [7]              
    Consolidated identical input bits for $mux cell                             
$memory$auto$proc_rom.cc:155:do_switch$48$rdmux[0][6][27]$572:                  
      Old ports: A={ 1'1                                                        
$memory$auto$proc_rom.cc:155:do_switch$48$rdmux[0][6][11]$a$525 [5]             
$memory$auto$proc_rom.cc:155:do_switch$48$rdmux[0][6][11]$a$525 [5]             
$memory$auto$proc_rom.cc:155:do_switch$48$rdmux[0][6][11]$a$525 [3] 1'0         
$memory$auto$proc_rom.cc:155:do_switch$48$rdmux[0][6][11]$a$525 [3] }, B={ 1'0  
$memory$auto$proc_rom.cc:155:do_switch$48$rdmux[0][6][11]$a$525 [5] 1'1         
$memory$auto$proc_rom.cc:155:do_switch$48$rdmux[0][6][11]$a$525 [5] 1'1         
$memory$auto$proc_rom.cc:155:do_switch$48$rdmux[0][6][11]$a$525 [3] }, Y={      
$memory$auto$proc_rom.cc:155:do_switch$48$rdmux[0][5][13]$b$436 [7]             
$memory$auto$proc_rom.cc:155:do_switch$48$rdmux[0][5][13]$b$436 [4:2]           
$memory$auto$proc_rom.cc:155:do_switch$48$rdmux[0][5][13]$b$436 [5]             
$memory$auto$proc_rom.cc:155:do_switch$48$rdmux[0][5][13]$b$436 [6] }           
      New ports: A={ 1'1                                                        
$memory$auto$proc_rom.cc:155:do_switch$48$rdmux[0][6][11]$a$525 [5]             
$memory$auto$proc_rom.cc:155:do_switch$48$rdmux[0][6][11]$a$525 [3] 1'0 }, B={  
2'01 $memory$auto$proc_rom.cc:155:do_switch$48$rdmux[0][6][11]$a$525 [5] 1'1 }, 
Y={ $memory$auto$proc_rom.cc:155:do_switch$48$rdmux[0][5][13]$b$436 [7]         
$memory$auto$proc_rom.cc:155:do_switch$48$rdmux[0][5][13]$b$436 [3:2]           
$memory$auto$proc_rom.cc:155:do_switch$48$rdmux[0][5][13]$b$436 [5] }           
      New connections: {                                                        
$memory$auto$proc_rom.cc:155:do_switch$48$rdmux[0][5][13]$b$436 [4]             
$memory$auto$proc_rom.cc:155:do_switch$48$rdmux[0][5][13]$b$436 [6] } = {       
$memory$auto$proc_rom.cc:155:do_switch$48$rdmux[0][6][11]$a$525 [5]             
$memory$auto$proc_rom.cc:155:do_switch$48$rdmux[0][6][11]$a$525 [3] }           
    Consolidated identical input bits for $mux cell                             
$memory$auto$proc_rom.cc:155:do_switch$48$rdmux[0][6][31]$584:                  
      Old ports: A={                                                            
$memory$auto$proc_rom.cc:155:do_switch$48$rdmux[0][6][0]$b$493 [6] 1'0          
$memory$auto$proc_rom.cc:155:do_switch$48$rdmux[0][6][0]$b$493 [6]              
$memory$auto$proc_rom.cc:155:do_switch$48$rdmux[0][6][0]$b$493 [7]              
$memory$auto$proc_rom.cc:155:do_switch$48$rdmux[0][6][0]$b$493 [7] 1'1 }, B={   
$memory$auto$proc_rom.cc:155:do_switch$48$rdmux[0][6][0]$b$493 [6] 2'10         
$memory$auto$proc_rom.cc:155:do_switch$48$rdmux[0][6][0]$b$493 [6]              
$memory$auto$proc_rom.cc:155:do_switch$48$rdmux[0][6][0]$b$493 [7] 1'0 }, Y={   
$memory$auto$proc_rom.cc:155:do_switch$48$rdmux[0][5][15]$b$442 [6:5]           
$memory$auto$proc_rom.cc:155:do_switch$48$rdmux[0][5][15]$b$442 [3:2]           
$memory$auto$proc_rom.cc:155:do_switch$48$rdmux[0][5][15]$b$442 [4]             
$memory$auto$proc_rom.cc:155:do_switch$48$rdmux[0][5][15]$b$442 [7] }           
      New ports: A={ 1'0                                                        
$memory$auto$proc_rom.cc:155:do_switch$48$rdmux[0][6][0]$b$493 [6]              
$memory$auto$proc_rom.cc:155:do_switch$48$rdmux[0][6][0]$b$493 [7] 1'1 }, B={   
2'10 $memory$auto$proc_rom.cc:155:do_switch$48$rdmux[0][6][0]$b$493 [6] 1'0 },  
Y={ $memory$auto$proc_rom.cc:155:do_switch$48$rdmux[0][5][15]$b$442 [5]         
$memory$auto$proc_rom.cc:155:do_switch$48$rdmux[0][5][15]$b$442 [3:2]           
$memory$auto$proc_rom.cc:155:do_switch$48$rdmux[0][5][15]$b$442 [7] }           
      New connections: {                                                        
$memory$auto$proc_rom.cc:155:do_switch$48$rdmux[0][5][15]$b$442 [6]             
$memory$auto$proc_rom.cc:155:do_switch$48$rdmux[0][5][15]$b$442 [4] } = {       
$memory$auto$proc_rom.cc:155:do_switch$48$rdmux[0][6][0]$b$493 [6]              
$memory$auto$proc_rom.cc:155:do_switch$48$rdmux[0][6][0]$b$493 [7] }            
    Consolidated identical input bits for $mux cell                             
$memory$auto$proc_rom.cc:155:do_switch$48$rdmux[0][6][35]$596:                  
      Old ports: A={                                                            
$memory$auto$proc_rom.cc:155:do_switch$48$rdmux[0][6][0]$b$493 [6]              
$memory$auto$proc_rom.cc:155:do_switch$48$rdmux[0][6][0]$b$493 [7] 1'1          
$memory$auto$proc_rom.cc:155:do_switch$48$rdmux[0][6][0]$b$493 [7] 1'0 }, B={   
1'0 $memory$auto$proc_rom.cc:155:do_switch$48$rdmux[0][6][0]$b$493 [6] 1'0      
$memory$auto$proc_rom.cc:155:do_switch$48$rdmux[0][6][0]$b$493 [7]              
$memory$auto$proc_rom.cc:155:do_switch$48$rdmux[0][6][0]$b$493 [7] }, Y={       
$memory$auto$proc_rom.cc:155:do_switch$48$rdmux[0][5][17]$b$448 [7:4]           
$memory$auto$proc_rom.cc:155:do_switch$48$rdmux[0][5][17]$b$448 [0] }           
      New ports: A={                                                            
$memory$auto$proc_rom.cc:155:do_switch$48$rdmux[0][6][0]$b$493 [6]              
$memory$auto$proc_rom.cc:155:do_switch$48$rdmux[0][6][0]$b$493 [7] 2'10 }, B={  
1'0 $memory$auto$proc_rom.cc:155:do_switch$48$rdmux[0][6][0]$b$493 [6] 1'0      
$memory$auto$proc_rom.cc:155:do_switch$48$rdmux[0][6][0]$b$493 [7] }, Y={       
$memory$auto$proc_rom.cc:155:do_switch$48$rdmux[0][5][17]$b$448 [7:5]           
$memory$auto$proc_rom.cc:155:do_switch$48$rdmux[0][5][17]$b$448 [0] }           
      New connections:                                                          
$memory$auto$proc_rom.cc:155:do_switch$48$rdmux[0][5][17]$b$448 [4] =           
$memory$auto$proc_rom.cc:155:do_switch$48$rdmux[0][6][0]$b$493 [7]              
    Consolidated identical input bits for $mux cell                             
$memory$auto$proc_rom.cc:155:do_switch$48$rdmux[0][6][36]$599:                  
      Old ports: A={ 2'11                                                       
$memory$auto$proc_rom.cc:155:do_switch$48$rdmux[0][6][11]$a$525 [3] 2'00        
$memory$auto$proc_rom.cc:155:do_switch$48$rdmux[0][6][11]$a$525 [5]             
$memory$auto$proc_rom.cc:155:do_switch$48$rdmux[0][6][11]$a$525 [3] }, B={      
$memory$auto$proc_rom.cc:155:do_switch$48$rdmux[0][6][11]$a$525 [3]             
$memory$auto$proc_rom.cc:155:do_switch$48$rdmux[0][6][11]$a$525 [5]             
$memory$auto$proc_rom.cc:155:do_switch$48$rdmux[0][6][11]$a$525 [5]             
$memory$auto$proc_rom.cc:155:do_switch$48$rdmux[0][6][11]$a$525 [5]             
$memory$auto$proc_rom.cc:155:do_switch$48$rdmux[0][6][11]$a$525 [3] 1'0         
$memory$auto$proc_rom.cc:155:do_switch$48$rdmux[0][6][11]$a$525 [3] }, Y={      
$memory$auto$proc_rom.cc:155:do_switch$48$rdmux[0][5][18]$a$450 [7:5]           
$memory$auto$proc_rom.cc:155:do_switch$48$rdmux[0][5][18]$a$450 [3:1]           
$memory$auto$proc_rom.cc:155:do_switch$48$rdmux[0][5][18]$a$450 [4] }           
      New ports: A={ 2'11                                                       
$memory$auto$proc_rom.cc:155:do_switch$48$rdmux[0][6][11]$a$525 [3] 2'00        
$memory$auto$proc_rom.cc:155:do_switch$48$rdmux[0][6][11]$a$525 [5] }, B={      
$memory$auto$proc_rom.cc:155:do_switch$48$rdmux[0][6][11]$a$525 [3]             
$memory$auto$proc_rom.cc:155:do_switch$48$rdmux[0][6][11]$a$525 [5]             
$memory$auto$proc_rom.cc:155:do_switch$48$rdmux[0][6][11]$a$525 [5]             
$memory$auto$proc_rom.cc:155:do_switch$48$rdmux[0][6][11]$a$525 [5]             
$memory$auto$proc_rom.cc:155:do_switch$48$rdmux[0][6][11]$a$525 [3] 1'0 }, Y={  
$memory$auto$proc_rom.cc:155:do_switch$48$rdmux[0][5][18]$a$450 [7:5]           
$memory$auto$proc_rom.cc:155:do_switch$48$rdmux[0][5][18]$a$450 [3:1] }         
      New connections:                                                          
$memory$auto$proc_rom.cc:155:do_switch$48$rdmux[0][5][18]$a$450 [4] =           
$memory$auto$proc_rom.cc:155:do_switch$48$rdmux[0][6][11]$a$525 [3]             
    Consolidated identical input bits for $mux cell                             
$memory$auto$proc_rom.cc:155:do_switch$48$rdmux[0][6][41]$614:                  
      Old ports: A={ 1'1                                                        
$memory$auto$proc_rom.cc:155:do_switch$48$rdmux[0][6][0]$b$493 [6]              
$memory$auto$proc_rom.cc:155:do_switch$48$rdmux[0][6][0]$b$493 [7] 2'01 }, B={  
$memory$auto$proc_rom.cc:155:do_switch$48$rdmux[0][6][0]$b$493 [6]              
$memory$auto$proc_rom.cc:155:do_switch$48$rdmux[0][6][0]$b$493 [7]              
$memory$auto$proc_rom.cc:155:do_switch$48$rdmux[0][6][0]$b$493 [7] 1'1          
$memory$auto$proc_rom.cc:155:do_switch$48$rdmux[0][6][0]$b$493 [7] }, Y={       
$memory$auto$proc_rom.cc:155:do_switch$48$rdmux[0][5][20]$b$457 [7:5]           
$memory$auto$proc_rom.cc:155:do_switch$48$rdmux[0][5][20]$b$457 [2:1] }         
      New ports: A={ 1'1                                                        
$memory$auto$proc_rom.cc:155:do_switch$48$rdmux[0][6][0]$b$493 [6] 2'01 }, B={  
$memory$auto$proc_rom.cc:155:do_switch$48$rdmux[0][6][0]$b$493 [6]              
$memory$auto$proc_rom.cc:155:do_switch$48$rdmux[0][6][0]$b$493 [7] 1'1          
$memory$auto$proc_rom.cc:155:do_switch$48$rdmux[0][6][0]$b$493 [7] }, Y={       
$memory$auto$proc_rom.cc:155:do_switch$48$rdmux[0][5][20]$b$457 [7:6]           
$memory$auto$proc_rom.cc:155:do_switch$48$rdmux[0][5][20]$b$457 [2:1] }         
      New connections:                                                          
$memory$auto$proc_rom.cc:155:do_switch$48$rdmux[0][5][20]$b$457 [5] =           
$memory$auto$proc_rom.cc:155:do_switch$48$rdmux[0][6][0]$b$493 [7]              
    Consolidated identical input bits for $mux cell                             
$memory$auto$proc_rom.cc:155:do_switch$48$rdmux[0][6][42]$617:                  
      Old ports: A={                                                            
$memory$auto$proc_rom.cc:155:do_switch$48$rdmux[0][6][0]$b$493 [6] 1'1          
$memory$auto$proc_rom.cc:155:do_switch$48$rdmux[0][6][0]$b$493 [7] 1'1          
$memory$auto$proc_rom.cc:155:do_switch$48$rdmux[0][6][0]$b$493 [7] }, B={ 2'00  
$memory$auto$proc_rom.cc:155:do_switch$48$rdmux[0][6][0]$b$493 [6]              
$memory$auto$proc_rom.cc:155:do_switch$48$rdmux[0][6][0]$b$493 [7]              
$memory$auto$proc_rom.cc:155:do_switch$48$rdmux[0][6][0]$b$493 [7] }, Y={       
$memory$auto$proc_rom.cc:155:do_switch$48$rdmux[0][5][21]$a$459 [6]             
$memory$auto$proc_rom.cc:155:do_switch$48$rdmux[0][5][21]$a$459 [4]             
$memory$auto$proc_rom.cc:155:do_switch$48$rdmux[0][5][21]$a$459 [5]             
$memory$auto$proc_rom.cc:155:do_switch$48$rdmux[0][5][21]$a$459 [3]             
$memory$auto$proc_rom.cc:155:do_switch$48$rdmux[0][5][21]$a$459 [0] }           
      New ports: A={                                                            
$memory$auto$proc_rom.cc:155:do_switch$48$rdmux[0][6][0]$b$493 [6] 1'1          
$memory$auto$proc_rom.cc:155:do_switch$48$rdmux[0][6][0]$b$493 [7] 1'1 }, B={   
2'00 $memory$auto$proc_rom.cc:155:do_switch$48$rdmux[0][6][0]$b$493 [6]         
$memory$auto$proc_rom.cc:155:do_switch$48$rdmux[0][6][0]$b$493 [7] }, Y={       
$memory$auto$proc_rom.cc:155:do_switch$48$rdmux[0][5][21]$a$459 [6]             
$memory$auto$proc_rom.cc:155:do_switch$48$rdmux[0][5][21]$a$459 [4]             
$memory$auto$proc_rom.cc:155:do_switch$48$rdmux[0][5][21]$a$459 [5]             
$memory$auto$proc_rom.cc:155:do_switch$48$rdmux[0][5][21]$a$459 [3] }           
      New connections:                                                          
$memory$auto$proc_rom.cc:155:do_switch$48$rdmux[0][5][21]$a$459 [0] =           
$memory$auto$proc_rom.cc:155:do_switch$48$rdmux[0][6][0]$b$493 [7]              
    Consolidated identical input bits for $mux cell                             
$memory$auto$proc_rom.cc:155:do_switch$48$rdmux[0][6][4]$503:                   
      Old ports: A={ 2'00                                                       
$memory$auto$proc_rom.cc:155:do_switch$48$rdmux[0][6][11]$a$525 [5]             
$memory$auto$proc_rom.cc:155:do_switch$48$rdmux[0][6][11]$a$525 [5] 2'11        
$memory$auto$proc_rom.cc:155:do_switch$48$rdmux[0][6][11]$a$525 [3] }, B={      
$memory$auto$proc_rom.cc:155:do_switch$48$rdmux[0][6][11]$a$525 [5]             
$memory$auto$proc_rom.cc:155:do_switch$48$rdmux[0][6][11]$a$525 [3]             
$memory$auto$proc_rom.cc:155:do_switch$48$rdmux[0][6][11]$a$525 [3]             
$memory$auto$proc_rom.cc:155:do_switch$48$rdmux[0][6][11]$a$525 [5] 1'0         
$memory$auto$proc_rom.cc:155:do_switch$48$rdmux[0][6][11]$a$525 [3]             
$memory$auto$proc_rom.cc:155:do_switch$48$rdmux[0][6][11]$a$525 [3] }, Y={      
$memory$auto$proc_rom.cc:155:do_switch$48$rdmux[0][5][2]$a$402 [7:4]            
$memory$auto$proc_rom.cc:155:do_switch$48$rdmux[0][5][2]$a$402 [2:0] }          
      New ports: A={ 2'00                                                       
$memory$auto$proc_rom.cc:155:do_switch$48$rdmux[0][6][11]$a$525 [5] 2'11 }, B={ 
$memory$auto$proc_rom.cc:155:do_switch$48$rdmux[0][6][11]$a$525 [5]             
$memory$auto$proc_rom.cc:155:do_switch$48$rdmux[0][6][11]$a$525 [3]             
$memory$auto$proc_rom.cc:155:do_switch$48$rdmux[0][6][11]$a$525 [3] 1'0         
$memory$auto$proc_rom.cc:155:do_switch$48$rdmux[0][6][11]$a$525 [3] }, Y={      
$memory$auto$proc_rom.cc:155:do_switch$48$rdmux[0][5][2]$a$402 [7:5]            
$memory$auto$proc_rom.cc:155:do_switch$48$rdmux[0][5][2]$a$402 [2:1] }          
      New connections: {                                                        
$memory$auto$proc_rom.cc:155:do_switch$48$rdmux[0][5][2]$a$402 [4]              
$memory$auto$proc_rom.cc:155:do_switch$48$rdmux[0][5][2]$a$402 [0] } = {        
$memory$auto$proc_rom.cc:155:do_switch$48$rdmux[0][6][11]$a$525 [5]             
$memory$auto$proc_rom.cc:155:do_switch$48$rdmux[0][6][11]$a$525 [3] }           
    Consolidated identical input bits for $mux cell                             
$memory$auto$proc_rom.cc:155:do_switch$48$rdmux[0][6][50]$641:                  
      Old ports: A={ 2'01                                                       
$memory$auto$proc_rom.cc:155:do_switch$48$rdmux[0][6][0]$b$493 [7:6] 1'0        
$memory$auto$proc_rom.cc:155:do_switch$48$rdmux[0][6][0]$b$493 [7]              
$memory$auto$proc_rom.cc:155:do_switch$48$rdmux[0][6][0]$b$493 [7] }, B={       
$memory$auto$proc_rom.cc:155:do_switch$48$rdmux[0][6][0]$b$493 [7:6]            
$memory$auto$proc_rom.cc:155:do_switch$48$rdmux[0][6][0]$b$493 [6] 1'1          
$memory$auto$proc_rom.cc:155:do_switch$48$rdmux[0][6][0]$b$493 [6] 1'1          
$memory$auto$proc_rom.cc:155:do_switch$48$rdmux[0][6][0]$b$493 [7] },           
Y=$memory$auto$proc_rom.cc:155:do_switch$48$rdmux[0][5][25]$a$471 [6:0]         
      New ports: A={ 2'01                                                       
$memory$auto$proc_rom.cc:155:do_switch$48$rdmux[0][6][0]$b$493 [7:6] 1'0        
$memory$auto$proc_rom.cc:155:do_switch$48$rdmux[0][6][0]$b$493 [7] }, B={       
$memory$auto$proc_rom.cc:155:do_switch$48$rdmux[0][6][0]$b$493 [7:6]            
$memory$auto$proc_rom.cc:155:do_switch$48$rdmux[0][6][0]$b$493 [6] 1'1          
$memory$auto$proc_rom.cc:155:do_switch$48$rdmux[0][6][0]$b$493 [6] 1'1 },       
Y=$memory$auto$proc_rom.cc:155:do_switch$48$rdmux[0][5][25]$a$471 [6:1]         
      New connections:                                                          
$memory$auto$proc_rom.cc:155:do_switch$48$rdmux[0][5][25]$a$471 [0] =           
$memory$auto$proc_rom.cc:155:do_switch$48$rdmux[0][6][0]$b$493 [7]              
    Consolidated identical input bits for $mux cell                             
$memory$auto$proc_rom.cc:155:do_switch$48$rdmux[0][6][51]$644:                  
      Old ports: A={ 1'1                                                        
$memory$auto$proc_rom.cc:155:do_switch$48$rdmux[0][6][11]$a$525 [5] 1'0         
$memory$auto$proc_rom.cc:155:do_switch$48$rdmux[0][6][11]$a$525 [3] }, B={      
$memory$auto$proc_rom.cc:155:do_switch$48$rdmux[0][6][11]$a$525 [3]             
$memory$auto$proc_rom.cc:155:do_switch$48$rdmux[0][6][11]$a$525 [3]             
$memory$auto$proc_rom.cc:155:do_switch$48$rdmux[0][6][11]$a$525 [5]             
$memory$auto$proc_rom.cc:155:do_switch$48$rdmux[0][6][11]$a$525 [3] }, Y={      
$memory$auto$proc_rom.cc:155:do_switch$48$rdmux[0][5][25]$b$472 [6:5]           
$memory$auto$proc_rom.cc:155:do_switch$48$rdmux[0][5][25]$b$472 [7]             
$memory$auto$proc_rom.cc:155:do_switch$48$rdmux[0][5][25]$b$472 [4] }           
      New ports: A={ 1'1                                                        
$memory$auto$proc_rom.cc:155:do_switch$48$rdmux[0][6][11]$a$525 [5] 1'0 }, B={  
$memory$auto$proc_rom.cc:155:do_switch$48$rdmux[0][6][11]$a$525 [3]             
$memory$auto$proc_rom.cc:155:do_switch$48$rdmux[0][6][11]$a$525 [3]             
$memory$auto$proc_rom.cc:155:do_switch$48$rdmux[0][6][11]$a$525 [5] }, Y={      
$memory$auto$proc_rom.cc:155:do_switch$48$rdmux[0][5][25]$b$472 [6:5]           
$memory$auto$proc_rom.cc:155:do_switch$48$rdmux[0][5][25]$b$472 [7] }           
      New connections:                                                          
$memory$auto$proc_rom.cc:155:do_switch$48$rdmux[0][5][25]$b$472 [4] =           
$memory$auto$proc_rom.cc:155:do_switch$48$rdmux[0][6][11]$a$525 [3]             
    Consolidated identical input bits for $mux cell                             
$memory$auto$proc_rom.cc:155:do_switch$48$rdmux[0][6][54]$653:                  
      Old ports: A={ 2'01                                                       
$memory$auto$proc_rom.cc:155:do_switch$48$rdmux[0][6][0]$b$493 [7:6]            
$memory$auto$proc_rom.cc:155:do_switch$48$rdmux[0][6][0]$b$493 [7] 1'1 }, B={   
2'10 $memory$auto$proc_rom.cc:155:do_switch$48$rdmux[0][6][0]$b$493 [7] 1'0     
$memory$auto$proc_rom.cc:155:do_switch$48$rdmux[0][6][0]$b$493 [6]              
$memory$auto$proc_rom.cc:155:do_switch$48$rdmux[0][6][0]$b$493 [7] }, Y={       
$memory$auto$proc_rom.cc:155:do_switch$48$rdmux[0][5][27]$a$477 [7:5]           
$memory$auto$proc_rom.cc:155:do_switch$48$rdmux[0][5][27]$a$477 [3:1] }         
      New ports: A={ 2'01                                                       
$memory$auto$proc_rom.cc:155:do_switch$48$rdmux[0][6][0]$b$493 [6]              
$memory$auto$proc_rom.cc:155:do_switch$48$rdmux[0][6][0]$b$493 [7] 1'1 }, B={   
3'100 $memory$auto$proc_rom.cc:155:do_switch$48$rdmux[0][6][0]$b$493 [6]        
$memory$auto$proc_rom.cc:155:do_switch$48$rdmux[0][6][0]$b$493 [7] }, Y={       
$memory$auto$proc_rom.cc:155:do_switch$48$rdmux[0][5][27]$a$477 [7:6]           
$memory$auto$proc_rom.cc:155:do_switch$48$rdmux[0][5][27]$a$477 [3:1] }         
      New connections:                                                          
$memory$auto$proc_rom.cc:155:do_switch$48$rdmux[0][5][27]$a$477 [5] =           
$memory$auto$proc_rom.cc:155:do_switch$48$rdmux[0][6][0]$b$493 [7]              
    Consolidated identical input bits for $mux cell                             
$memory$auto$proc_rom.cc:155:do_switch$48$rdmux[0][6][57]$662:                  
      Old ports: A={                                                            
$memory$auto$proc_rom.cc:155:do_switch$48$rdmux[0][6][11]$a$525 [5]             
$memory$auto$proc_rom.cc:155:do_switch$48$rdmux[0][6][11]$a$525 [3]             
$memory$auto$proc_rom.cc:155:do_switch$48$rdmux[0][6][11]$a$525 [3]             
$memory$auto$proc_rom.cc:155:do_switch$48$rdmux[0][6][11]$a$525 [3]             
$memory$auto$proc_rom.cc:155:do_switch$48$rdmux[0][6][11]$a$525 [5]             
$memory$auto$proc_rom.cc:155:do_switch$48$rdmux[0][6][11]$a$525 [3] }, B={ 2'10 
$memory$auto$proc_rom.cc:155:do_switch$48$rdmux[0][6][11]$a$525 [5] 1'1         
$memory$auto$proc_rom.cc:155:do_switch$48$rdmux[0][6][11]$a$525 [3]             
$memory$auto$proc_rom.cc:155:do_switch$48$rdmux[0][6][11]$a$525 [3] },          
Y=$memory$auto$proc_rom.cc:155:do_switch$48$rdmux[0][5][28]$b$481 [8:3]         
      New ports: A={                                                            
$memory$auto$proc_rom.cc:155:do_switch$48$rdmux[0][6][11]$a$525 [5]             
$memory$auto$proc_rom.cc:155:do_switch$48$rdmux[0][6][11]$a$525 [3]             
$memory$auto$proc_rom.cc:155:do_switch$48$rdmux[0][6][11]$a$525 [3]             
$memory$auto$proc_rom.cc:155:do_switch$48$rdmux[0][6][11]$a$525 [3]             
$memory$auto$proc_rom.cc:155:do_switch$48$rdmux[0][6][11]$a$525 [5] }, B={ 2'10 
$memory$auto$proc_rom.cc:155:do_switch$48$rdmux[0][6][11]$a$525 [5] 1'1         
$memory$auto$proc_rom.cc:155:do_switch$48$rdmux[0][6][11]$a$525 [3] },          
Y=$memory$auto$proc_rom.cc:155:do_switch$48$rdmux[0][5][28]$b$481 [8:4]         
      New connections:                                                          
$memory$auto$proc_rom.cc:155:do_switch$48$rdmux[0][5][28]$b$481 [3] =           
$memory$auto$proc_rom.cc:155:do_switch$48$rdmux[0][6][11]$a$525 [3]             
    Consolidated identical input bits for $mux cell                             
$memory$auto$proc_rom.cc:155:do_switch$48$rdmux[0][6][59]$668:                  
      Old ports: A={ 1'0                                                        
$memory$auto$proc_rom.cc:155:do_switch$48$rdmux[0][6][11]$a$525 [5] 2'10        
$memory$auto$proc_rom.cc:155:do_switch$48$rdmux[0][6][11]$a$525 [3]             
$memory$auto$proc_rom.cc:155:do_switch$48$rdmux[0][6][11]$a$525 [3] }, B={ 1'1  
$memory$auto$proc_rom.cc:155:do_switch$48$rdmux[0][6][11]$a$525 [5] 1'0         
$memory$auto$proc_rom.cc:155:do_switch$48$rdmux[0][6][11]$a$525 [3]             
$memory$auto$proc_rom.cc:155:do_switch$48$rdmux[0][6][11]$a$525 [5]             
$memory$auto$proc_rom.cc:155:do_switch$48$rdmux[0][6][11]$a$525 [3] }, Y={      
$memory$auto$proc_rom.cc:155:do_switch$48$rdmux[0][5][29]$b$484 [7:5]           
$memory$auto$proc_rom.cc:155:do_switch$48$rdmux[0][5][29]$b$484 [2:1]           
$memory$auto$proc_rom.cc:155:do_switch$48$rdmux[0][5][29]$b$484 [4] }           
      New ports: A={ 3'010                                                      
$memory$auto$proc_rom.cc:155:do_switch$48$rdmux[0][6][11]$a$525 [3] }, B={ 2'10 
$memory$auto$proc_rom.cc:155:do_switch$48$rdmux[0][6][11]$a$525 [3]             
$memory$auto$proc_rom.cc:155:do_switch$48$rdmux[0][6][11]$a$525 [5] }, Y={      
$memory$auto$proc_rom.cc:155:do_switch$48$rdmux[0][5][29]$b$484 [7]             
$memory$auto$proc_rom.cc:155:do_switch$48$rdmux[0][5][29]$b$484 [5]             
$memory$auto$proc_rom.cc:155:do_switch$48$rdmux[0][5][29]$b$484 [2:1] }         
      New connections: {                                                        
$memory$auto$proc_rom.cc:155:do_switch$48$rdmux[0][5][29]$b$484 [6]             
$memory$auto$proc_rom.cc:155:do_switch$48$rdmux[0][5][29]$b$484 [4] } = {       
$memory$auto$proc_rom.cc:155:do_switch$48$rdmux[0][6][11]$a$525 [5]             
$memory$auto$proc_rom.cc:155:do_switch$48$rdmux[0][6][11]$a$525 [3] }           
    Consolidated identical input bits for $mux cell                             
$memory$auto$proc_rom.cc:155:do_switch$48$rdmux[0][6][8]$515:                   
      Old ports: A={ 1'0                                                        
$memory$auto$proc_rom.cc:155:do_switch$48$rdmux[0][6][11]$a$525 [5]             
$memory$auto$proc_rom.cc:155:do_switch$48$rdmux[0][6][11]$a$525 [3]             
$memory$auto$proc_rom.cc:155:do_switch$48$rdmux[0][6][11]$a$525 [5]             
$memory$auto$proc_rom.cc:155:do_switch$48$rdmux[0][6][11]$a$525 [3] 2'11 }, B={ 
$memory$auto$proc_rom.cc:155:do_switch$48$rdmux[0][6][11]$a$525 [5]             
$memory$auto$proc_rom.cc:155:do_switch$48$rdmux[0][6][11]$a$525 [3]             
$memory$auto$proc_rom.cc:155:do_switch$48$rdmux[0][6][11]$a$525 [3] 2'11        
$memory$auto$proc_rom.cc:155:do_switch$48$rdmux[0][6][11]$a$525 [5]             
$memory$auto$proc_rom.cc:155:do_switch$48$rdmux[0][6][11]$a$525 [3] }, Y={      
$memory$auto$proc_rom.cc:155:do_switch$48$rdmux[0][5][4]$a$408 [9]              
$memory$auto$proc_rom.cc:155:do_switch$48$rdmux[0][5][4]$a$408 [6:5]            
$memory$auto$proc_rom.cc:155:do_switch$48$rdmux[0][5][4]$a$408 [3:1]            
$memory$auto$proc_rom.cc:155:do_switch$48$rdmux[0][5][4]$a$408 [8] }            
      New ports: A={ 1'0                                                        
$memory$auto$proc_rom.cc:155:do_switch$48$rdmux[0][6][11]$a$525 [5]             
$memory$auto$proc_rom.cc:155:do_switch$48$rdmux[0][6][11]$a$525 [5]             
$memory$auto$proc_rom.cc:155:do_switch$48$rdmux[0][6][11]$a$525 [3] 2'11 }, B={ 
$memory$auto$proc_rom.cc:155:do_switch$48$rdmux[0][6][11]$a$525 [5]             
$memory$auto$proc_rom.cc:155:do_switch$48$rdmux[0][6][11]$a$525 [3] 2'11        
$memory$auto$proc_rom.cc:155:do_switch$48$rdmux[0][6][11]$a$525 [5]             
$memory$auto$proc_rom.cc:155:do_switch$48$rdmux[0][6][11]$a$525 [3] }, Y={      
$memory$auto$proc_rom.cc:155:do_switch$48$rdmux[0][5][4]$a$408 [9]              
$memory$auto$proc_rom.cc:155:do_switch$48$rdmux[0][5][4]$a$408 [6]              
$memory$auto$proc_rom.cc:155:do_switch$48$rdmux[0][5][4]$a$408 [3:1]            
$memory$auto$proc_rom.cc:155:do_switch$48$rdmux[0][5][4]$a$408 [8] }            
      New connections:                                                          
$memory$auto$proc_rom.cc:155:do_switch$48$rdmux[0][5][4]$a$408 [5] =            
$memory$auto$proc_rom.cc:155:do_switch$48$rdmux[0][6][11]$a$525 [3]             
  Optimizing cells in module \one_bit_synth.                                    
Performed a total of 18 changes.                                                
                                                                                
95. Executing OPT_MERGE pass (detect identical cells).                          
Finding identical cells in module `\one_bit_synth'.                             
Computing hashes of 178 cells of `\one_bit_synth'.                              
Finding duplicate cells in `\one_bit_synth'.                                    
Computing hashes of 175 cells of `\one_bit_synth'.                              
Finding duplicate cells in `\one_bit_synth'.                                    
<suppressed ~9 debug messages>                                                  
Removed a total of 3 cells.                                                     
                                                                                
96. Executing OPT_SHARE pass.                                                   
                                                                                
97. Executing OPT_DFF pass (perform DFF optimizations).                         
Adding SRST signal on $$auto$proc_rom.cc:155:do_switch$48$rdreg[0] ($dff) from  
module one_bit_synth (D =                                                       
$memory$auto$proc_rom.cc:155:do_switch$48$rdmux[0][0][0]$b$304 [11], Q = \_283  
[11], rval = 1'0).                                                              
                                                                                
98. Executing OPT_CLEAN pass (remove unused cells and wires).                   
Finding unused cells or wires in module \one_bit_synth..                        
Removed 2 unused cells and 27 unused wires.                                     
<suppressed ~3 debug messages>                                                  
                                                                                
99. Executing OPT_EXPR pass (perform const folding).                            
Optimizing module one_bit_synth.                                                
                                                                                
100. Rerunning OPT passes. (Maybe there is more to do…)                         
                                                                                
101. Executing OPT_MUXTREE pass (detect dead branches in mux trees).            
Running muxtree optimizer on module \one_bit_synth..                            
  Creating internal representation of mux trees.                                
  Evaluating internal representation of mux trees.                              
  Analyzing evaluation results.                                                 
Removed 0 multiplexer ports.                                                    
<suppressed ~236 debug messages>                                                
                                                                                
102. Executing OPT_REDUCE pass (consolidate $*mux and $reduce_* inputs).        
  Optimizing cells in module \one_bit_synth.                                    
Performed a total of 0 changes.                                                 
                                                                                
103. Executing OPT_MERGE pass (detect identical cells).                         
Finding identical cells in module `\one_bit_synth'.                             
Computing hashes of 174 cells of `\one_bit_synth'.                              
Finding duplicate cells in `\one_bit_synth'.                                    
Removed a total of 0 cells.                                                     
                                                                                
104. Executing OPT_SHARE pass.                                                  
                                                                                
105. Executing OPT_DFF pass (perform DFF optimizations).                        
                                                                                
106. Executing OPT_CLEAN pass (remove unused cells and wires).                  
Finding unused cells or wires in module \one_bit_synth..                        
                                                                                
107. Executing OPT_EXPR pass (perform const folding).                           
Optimizing module one_bit_synth.                                                
                                                                                
108. Executing TECHMAP pass (map to technology primitives).                     
                                                                                
108.1. Executing Verilog-2005 frontend:                                         
/nix/store/f1q0w7rd0a4ny4hqvfxlhs4cmariidcy-yosys-0.62/bin/../share/yosys/techma
p.v                                                                             
Parsing Verilog input from                                                      
`/nix/store/f1q0w7rd0a4ny4hqvfxlhs4cmariidcy-yosys-0.62/bin/../share/yosys/techm
ap.v' to AST representation.                                                    
Generating RTLIL representation for module `\_90_simplemap_bool_ops'.           
Generating RTLIL representation for module `\_90_simplemap_reduce_ops'.         
Generating RTLIL representation for module `\_90_simplemap_logic_ops'.          
Generating RTLIL representation for module `\_90_simplemap_compare_ops'.        
Generating RTLIL representation for module `\_90_simplemap_various'.            
Generating RTLIL representation for module `\_90_simplemap_registers'.          
Generating RTLIL representation for module `\_90_shift_ops_shr_shl_sshl_sshr'.  
Generating RTLIL representation for module `\_90_shift_shiftx'.                 
Generating RTLIL representation for module `\_90_fa'.                           
Generating RTLIL representation for module `\_90_lcu_brent_kung'.               
Generating RTLIL representation for module `\_90_alu'.                          
Generating RTLIL representation for module `\_90_macc'.                         
Generating RTLIL representation for module `\_90_alumacc'.                      
Generating RTLIL representation for module `$__div_mod_u'.                      
Generating RTLIL representation for module `$__div_mod_trunc'.                  
Generating RTLIL representation for module `\_90_div'.                          
Generating RTLIL representation for module `\_90_mod'.                          
Generating RTLIL representation for module `$__div_mod_floor'.                  
Generating RTLIL representation for module `\_90_divfloor'.                     
Generating RTLIL representation for module `\_90_modfloor'.                     
Generating RTLIL representation for module `\_90_pow'.                          
Generating RTLIL representation for module `\_90_pmux'.                         
Generating RTLIL representation for module `\_90_demux'.                        
Generating RTLIL representation for module `\_90_lut'.                          
Generating RTLIL representation for module `$connect'.                          
Generating RTLIL representation for module `$input_port'.                       
Successfully finished Verilog frontend.                                         
                                                                                
108.2. Continuing TECHMAP pass.                                                 
Using extmapper simplemap for cells of type $dff.                               
Using extmapper simplemap for cells of type $sdff.                              
Using template $paramod$00298f3f8094950cb9a5ff2fda48d0d8bde8806c\_90_alu for    
cells of type $alu.                                                             
Using template $paramod$fc972a7a46956c1788f3cb5257b53c8f1df2d0cc\_90_alu for    
cells of type $alu.                                                             
Using extmapper simplemap for cells of type $mux.                               
Using template $paramod$c654a831025ee805eb993d5880de10a3d616cd3b\_90_pmux for   
cells of type $pmux.                                                            
Using template $paramod$e82d3fc1811c5751348a3964470632b35a435fc7\_90_alu for    
cells of type $alu.                                                             
Using template $paramod$79aa992f2eb7f354d4aaf651790713cf239111fa\_90_alu for    
cells of type $alu.                                                             
Using template $paramod$672a140277c71df8314410f22acc08d55222c3c7\_90_alu for    
cells of type $alu.                                                             
Using template $paramod$32a7b7b86c07519b7537abc18e96f0331f97914d\_90_alu for    
cells of type $alu.                                                             
Using template $paramod$7e708ae28ab761f11d0fb59d3ffc72f6a4baf5d9\_90_alu for    
cells of type $alu.                                                             
Using template $paramod$ba698a254f9a5947e85cbe7beae6b161eefc5386\_90_alu for    
cells of type $alu.                                                             
Using extmapper maccmap for cells of type $macc_v2.                             
  add \_328 (20 bits, unsigned)                                                 
  add { \_283 [11] \_283 [11] \_283 [11] \_283 [11] \_283 [11] \_283 [11] \_283 
2'00 } (20 bits, unsigned)                                                      
  sub { \_339 [19] \_339 [19] \_339 [19] \_339 [19] 16'1000000000000000 } (20   
bits, unsigned)                                                                 
  add \_360 (20 bits, unsigned)                                                 
  add \_356 (20 bits, unsigned)                                                 
  sub { \_339 [19] \_339 [19] \_339 [19] \_339 [19] 16'1000000000000000 } (20   
bits, unsigned)                                                                 
  packed 1 (1) bits / 1 words into adder tree                                   
Using extmapper simplemap for cells of type $sdffe.                             
Using extmapper simplemap for cells of type $reduce_or.                         
Using extmapper simplemap for cells of type $reduce_and.                        
Using extmapper simplemap for cells of type $not.                               
Using extmapper simplemap for cells of type $eq.                                
Using extmapper simplemap for cells of type $logic_not.                         
Using template $paramod\_90_fa\WIDTH=32'00000000000000000000000000010100 for    
cells of type $fa.                                                              
Using template $paramod$6fc37af1c109ae54e8aed83fcd995c12d378ce93\_90_alu for    
cells of type $alu.                                                             
Using extmapper simplemap for cells of type $pos.                               
Using template $paramod\_90_fa\WIDTH=32'00000000000000000000000000000101 for    
cells of type $fa.                                                              
Using template                                                                  
$paramod\_90_lcu_brent_kung\WIDTH=32'00000000000000000000000000000101 for cells 
of type $lcu.                                                                   
Using extmapper simplemap for cells of type $xor.                               
Using template $paramod\_90_fa\WIDTH=32'00000000000000000000000000011000 for    
cells of type $fa.                                                              
Using template                                                                  
$paramod\_90_lcu_brent_kung\WIDTH=32'00000000000000000000000000011000 for cells 
of type $lcu.                                                                   
Using extmapper simplemap for cells of type $and.                               
Using template $paramod\_90_fa\WIDTH=32'00000000000000000000000000000001 for    
cells of type $fa.                                                              
Using template                                                                  
$paramod\_90_lcu_brent_kung\WIDTH=32'00000000000000000000000000000001 for cells 
of type $lcu.                                                                   
Using template $paramod\_90_fa\WIDTH=32'00000000000000000000000000000110 for    
cells of type $fa.                                                              
Using template                                                                  
$paramod\_90_lcu_brent_kung\WIDTH=32'00000000000000000000000000000110 for cells 
of type $lcu.                                                                   
Using template $paramod\_90_fa\WIDTH=32'00000000000000000000000000000100 for    
cells of type $fa.                                                              
Using template                                                                  
$paramod\_90_lcu_brent_kung\WIDTH=32'00000000000000000000000000000100 for cells 
of type $lcu.                                                                   
Using template $paramod\_90_fa\WIDTH=32'00000000000000000000000000000010 for    
cells of type $fa.                                                              
Using template                                                                  
$paramod\_90_lcu_brent_kung\WIDTH=32'00000000000000000000000000000010 for cells 
of type $lcu.                                                                   
Using extmapper simplemap for cells of type $or.                                
Using template                                                                  
$paramod\_90_lcu_brent_kung\WIDTH=32'00000000000000000000000000010100 for cells 
of type $lcu.                                                                   
No more expansions possible.                                                    
<suppressed ~1928 debug messages>                                               
                                                                                
109. Executing OPT_EXPR pass (perform const folding).                           
Optimizing module one_bit_synth.                                                
<suppressed ~1143 debug messages>                                               
                                                                                
110. Executing OPT_MERGE pass (detect identical cells).                         
Finding identical cells in module `\one_bit_synth'.                             
Computing hashes of 1967 cells of `\one_bit_synth'.                             
Finding duplicate cells in `\one_bit_synth'.                                    
Computing hashes of 1641 cells of `\one_bit_synth'.                             
Finding duplicate cells in `\one_bit_synth'.                                    
Computing hashes of 1546 cells of `\one_bit_synth'.                             
Finding duplicate cells in `\one_bit_synth'.                                    
Computing hashes of 1500 cells of `\one_bit_synth'.                             
Finding duplicate cells in `\one_bit_synth'.                                    
Computing hashes of 1494 cells of `\one_bit_synth'.                             
Finding duplicate cells in `\one_bit_synth'.                                    
Computing hashes of 1493 cells of `\one_bit_synth'.                             
Finding duplicate cells in `\one_bit_synth'.                                    
Computing hashes of 1492 cells of `\one_bit_synth'.                             
Finding duplicate cells in `\one_bit_synth'.                                    
<suppressed ~1425 debug messages>                                               
Removed a total of 475 cells.                                                   
                                                                                
111. Executing OPT_DFF pass (perform DFF optimizations).                        
                                                                                
112. Executing OPT_CLEAN pass (remove unused cells and wires).                  
Finding unused cells or wires in module \one_bit_synth..                        
Removed 122 unused cells and 829 unused wires.                                  
<suppressed ~124 debug messages>                                                
                                                                                
113. Executing OPT_EXPR pass (perform const folding).                           
Optimizing module one_bit_synth.                                                
<suppressed ~18 debug messages>                                                 
                                                                                
114. Executing OPT_MERGE pass (detect identical cells).                         
Finding identical cells in module `\one_bit_synth'.                             
Computing hashes of 1354 cells of `\one_bit_synth'.                             
Finding duplicate cells in `\one_bit_synth'.                                    
Computing hashes of 1349 cells of `\one_bit_synth'.                             
Finding duplicate cells in `\one_bit_synth'.                                    
Computing hashes of 1348 cells of `\one_bit_synth'.                             
Finding duplicate cells in `\one_bit_synth'.                                    
Computing hashes of 1347 cells of `\one_bit_synth'.                             
Finding duplicate cells in `\one_bit_synth'.                                    
Computing hashes of 1346 cells of `\one_bit_synth'.                             
Finding duplicate cells in `\one_bit_synth'.                                    
Computing hashes of 1345 cells of `\one_bit_synth'.                             
Finding duplicate cells in `\one_bit_synth'.                                    
<suppressed ~27 debug messages>                                                 
Removed a total of 9 cells.                                                     
                                                                                
115. Executing OPT_DFF pass (perform DFF optimizations).                        
                                                                                
116. Executing OPT_CLEAN pass (remove unused cells and wires).                  
Finding unused cells or wires in module \one_bit_synth..                        
Removed 0 unused cells and 8 unused wires.                                      
<suppressed ~1 debug messages>                                                  
                                                                                
117. Executing ABC pass (technology mapping using ABC).                         
                                                                                
117.1. Extracting gate netlist of module `\one_bit_synth' to                    
`<abc-temp-dir>/input.blif'..                                                   
                                                                                
117.1.1. Executed ABC.                                                          
Extracted 1235 gates and 1348 wires to a netlist network with 111 inputs and 115
outputs.                                                                        
Running ABC script: <abc-temp-dir>/abc.script                                   
ABC: ======== ABC command line "source <abc-temp-dir>/abc.script"               
ABC: + read_blif <abc-temp-dir>/input.blif                                      
ABC: + read_library /tmp/yosys-abc-VfcgkT/stdcells.genlib                       
ABC: + strash                                                                   
ABC: + dretime                                                                  
ABC: + map                                                                      
ABC: + write_blif <abc-temp-dir>/output.blif                                    
                                                                                
117.1.2. Re-integrating ABC results.                                            
ABC RESULTS:               AND cells:       22                                  
ABC RESULTS:            ANDNOT cells:      312                                  
ABC RESULTS:               MUX cells:      327                                  
ABC RESULTS:              NAND cells:       43                                  
ABC RESULTS:               NOR cells:       65                                  
ABC RESULTS:               NOT cells:       83                                  
ABC RESULTS:                OR cells:      159                                  
ABC RESULTS:             ORNOT cells:       32                                  
ABC RESULTS:              XNOR cells:       41                                  
ABC RESULTS:               XOR cells:      154                                  
ABC RESULTS:        internal signals:     1122                                  
ABC RESULTS:           input signals:      111                                  
ABC RESULTS:          output signals:      115                                  
Removing temp directory.                                                        
Removing global temp directory.                                                 
                                                                                
118. Executing OPT pass (performing simple optimizations).                      
                                                                                
118.1. Executing OPT_EXPR pass (perform const folding).                         
Optimizing module one_bit_synth.                                                
<suppressed ~349 debug messages>                                                
                                                                                
118.2. Executing OPT_MERGE pass (detect identical cells).                       
Finding identical cells in module `\one_bit_synth'.                             
Computing hashes of 1348 cells of `\one_bit_synth'.                             
Finding duplicate cells in `\one_bit_synth'.                                    
Computing hashes of 1343 cells of `\one_bit_synth'.                             
Finding duplicate cells in `\one_bit_synth'.                                    
Computing hashes of 1340 cells of `\one_bit_synth'.                             
Finding duplicate cells in `\one_bit_synth'.                                    
<suppressed ~24 debug messages>                                                 
Removed a total of 8 cells.                                                     
                                                                                
118.3. Executing OPT_DFF pass (perform DFF optimizations).                      
                                                                                
118.4. Executing OPT_CLEAN pass (remove unused cells and wires).                
Finding unused cells or wires in module \one_bit_synth..                        
Removed 0 unused cells and 544 unused wires.                                    
<suppressed ~17 debug messages>                                                 
                                                                                
118.5. Finished fast OPT passes.                                                
                                                                                
119. Executing HIERARCHY pass (managing design hierarchy).                      
                                                                                
119.1. Analyzing design hierarchy..                                             
Top module:  \one_bit_synth                                                     
                                                                                
119.2. Analyzing design hierarchy..                                             
Top module:  \one_bit_synth                                                     
Removed 0 unused modules.                                                       
                                                                                
120. Executing CHECK pass (checking for obvious problems).                      
Checking module one_bit_synth...                                                
Found and reported 0 problems.                                                  
                                                                                
121. Printing statistics.                                                       
                                                                                
=== one_bit_synth ===                                                           
                                                                                
        +----------Local Count, excluding submodules.                           
        |                                                                       
     1324 wires                                                                 
     3571 wire bits                                                             
      201 public wires                                                          
     2437 public wire bits                                                      
        6 ports                                                                 
       25 port bits                                                             
     1340 cells                                                                 
      311   $_ANDNOT_                                                           
       21   $_AND_                                                              
       11   $_DFF_P_                                                            
      327   $_MUX_                                                              
       42   $_NAND_                                                             
       65   $_NOR_                                                              
       82   $_NOT_                                                              
       31   $_ORNOT_                                                            
      158   $_OR_                                                               
       93   $_SDFFE_PP0P_                                                       
        1   $_SDFF_PN0_                                                         
        4   $_SDFF_PP0_                                                         
       41   $_XNOR_                                                             
      153   $_XOR_                                                              
                                                                                
122. Executing OPT pass (performing simple optimizations).                      
                                                                                
122.1. Executing OPT_EXPR pass (perform const folding).                         
Optimizing module one_bit_synth.                                                
                                                                                
122.2. Executing OPT_MERGE pass (detect identical cells).                       
Finding identical cells in module `\one_bit_synth'.                             
Computing hashes of 1340 cells of `\one_bit_synth'.                             
Finding duplicate cells in `\one_bit_synth'.                                    
Removed a total of 0 cells.                                                     
                                                                                
122.3. Executing OPT_MUXTREE pass (detect dead branches in mux trees).          
Running muxtree optimizer on module \one_bit_synth..                            
  Creating internal representation of mux trees.                                
  No muxes found in this module.                                                
Removed 0 multiplexer ports.                                                    
                                                                                
122.4. Executing OPT_REDUCE pass (consolidate $*mux and $reduce_* inputs).      
  Optimizing cells in module \one_bit_synth.                                    
Performed a total of 0 changes.                                                 
                                                                                
122.5. Executing OPT_MERGE pass (detect identical cells).                       
Finding identical cells in module `\one_bit_synth'.                             
Computing hashes of 1340 cells of `\one_bit_synth'.                             
Finding duplicate cells in `\one_bit_synth'.                                    
Removed a total of 0 cells.                                                     
                                                                                
122.6. Executing OPT_DFF pass (perform DFF optimizations).                      
                                                                                
122.7. Executing OPT_CLEAN pass (remove unused cells and wires).                
Finding unused cells or wires in module \one_bit_synth..                        
                                                                                
122.8. Executing OPT_EXPR pass (perform const folding).                         
Optimizing module one_bit_synth.                                                
                                                                                
122.9. Finished fast OPT passes. (There is nothing left to do.)                 
                                                                                
123. Executing OPT_CLEAN pass (remove unused cells and wires).                  
Finding unused cells or wires in module \one_bit_synth..                        
Removed 0 unused cells and 181 unused wires.                                    
<suppressed ~181 debug messages>                                                
{                                                                               
   "creator": "Yosys 0.62 (git sha1 7326bb7d6641500ecb285c291a54a662cb1e76cf,   
clang++ 21.1.2 -fPIC -O3)",                                                     
   "invocation": "stat -json -liberty                                           
/home/matthias/prog/janestreet/emulator/prototypes/one-bit-synth/runs/synth48/tm
p/f573a8fedff641e59bc9751aed9ff3d8.lib -liberty                                 
/home/matthias/prog/janestreet/emulator/prototypes/one-bit-synth/runs/synth48/tm
p/19210d15c4f44d409d2044c41f4bd389.lib ",                                       
   "modules": {                                                                 
      "\\one_bit_synth": {                                                      
         "num_wires":         1143,                                             
         "num_wire_bits":     1351,                                             
         "num_pub_wires":     20,                                               
         "num_pub_wire_bits": 217,                                              
         "num_ports":         6,                                                
         "num_port_bits":     25,                                               
         "num_memories":      0,                                                
         "num_memory_bits":   0,                                                
         "num_processes":     0,                                                
         "num_cells":         1340,                                             
         "num_submodules":       0,                                             
         "num_cells_by_type": {                                                 
            "$_ANDNOT_": 311,                                                   
            "$_AND_": 21,                                                       
            "$_DFF_P_": 11,                                                     
            "$_MUX_": 327,                                                      
            "$_NAND_": 42,                                                      
            "$_NOR_": 65,                                                       
            "$_NOT_": 82,                                                       
            "$_ORNOT_": 31,                                                     
            "$_OR_": 158,                                                       
            "$_SDFFE_PP0P_": 93,                                                
            "$_SDFF_PN0_": 1,                                                   
            "$_SDFF_PP0_": 4,                                                   
            "$_XNOR_": 41,                                                      
            "$_XOR_": 153                                                       
         }                                                                      
      }                                                                         
   },                                                                           
      "design": {                                                               
         "num_wires":         1143,                                             
         "num_wire_bits":     1351,                                             
         "num_pub_wires":     20,                                               
         "num_pub_wire_bits": 217,                                              
         "num_ports":         6,                                                
         "num_port_bits":     25,                                               
         "num_memories":      0,                                                
         "num_memory_bits":   0,                                                
         "num_processes":     0,                                                
         "num_cells":         1340,                                             
         "num_submodules":       0,                                             
         "num_cells_by_type": {                                                 
            "$_ANDNOT_": 311,                                                   
            "$_AND_": 21,                                                       
            "$_DFF_P_": 11,                                                     
            "$_MUX_": 327,                                                      
            "$_NAND_": 42,                                                      
            "$_NOR_": 65,                                                       
            "$_NOT_": 82,                                                       
            "$_ORNOT_": 31,                                                     
            "$_OR_": 158,                                                       
            "$_SDFFE_PP0P_": 93,                                                
            "$_SDFF_PN0_": 1,                                                   
            "$_SDFF_PP0_": 4,                                                   
            "$_XNOR_": 41,                                                      
            "$_XOR_": 153                                                       
         }                                                                      
      }                                                                         
}                                                                               
                                                                                
124. Printing statistics.                                                       
                                                                                
=== one_bit_synth ===                                                           
                                                                                
        +----------Local Count, excluding submodules.                           
        |                                                                       
     1143 wires                                                                 
     1351 wire bits                                                             
       20 public wires                                                          
      217 public wire bits                                                      
        6 ports                                                                 
       25 port bits                                                             
     1340 cells                                                                 
      311   $_ANDNOT_                                                           
       21   $_AND_                                                              
       11   $_DFF_P_                                                            
      327   $_MUX_                                                              
       42   $_NAND_                                                             
       65   $_NOR_                                                              
       82   $_NOT_                                                              
       31   $_ORNOT_                                                            
      158   $_OR_                                                               
       93   $_SDFFE_PP0P_                                                       
        1   $_SDFF_PN0_                                                         
        4   $_SDFF_PP0_                                                         
       41   $_XNOR_                                                             
      153   $_XOR_                                                              
                                                                                
   Area for cell type $_ANDNOT_ is unknown!                                     
   Area for cell type $_AND_ is unknown!                                        
   Area for cell type $_DFF_P_ is unknown!                                      
   Area for cell type $_MUX_ is unknown!                                        
   Area for cell type $_NAND_ is unknown!                                       
   Area for cell type $_NOR_ is unknown!                                        
   Area for cell type $_NOT_ is unknown!                                        
   Area for cell type $_ORNOT_ is unknown!                                      
   Area for cell type $_OR_ is unknown!                                         
   Area for cell type $_SDFFE_PP0P_ is unknown!                                 
   Area for cell type $_SDFF_PN0_ is unknown!                                   
   Area for cell type $_SDFF_PP0_ is unknown!                                   
   Area for cell type $_XNOR_ is unknown!                                       
   Area for cell type $_XOR_ is unknown!                                        
                                                                                
[INFO] Applying tri-state buffer mapping from                                   
'/home/matthias/.ciel/ihp-sg13g2/ihp-sg13g2/libs.tech/librelane/sg13g2_stdcell/t
ribuff_map.v'…                                                                  
                                                                                
125. Executing TECHMAP pass (map to technology primitives).                     
                                                                                
125.1. Executing Verilog-2005 frontend:                                         
/home/matthias/.ciel/ihp-sg13g2/ihp-sg13g2/libs.tech/librelane/sg13g2_stdcell/tr
ibuff_map.v                                                                     
Parsing Verilog input from                                                      
`/home/matthias/.ciel/ihp-sg13g2/ihp-sg13g2/libs.tech/librelane/sg13g2_stdcell/t
ribuff_map.v' to AST representation.                                            
Generating RTLIL representation for module `$_TBUF_'.                           
Successfully finished Verilog frontend.                                         
                                                                                
125.2. Continuing TECHMAP pass.                                                 
No more expansions possible.                                                    
<suppressed ~3 debug messages>                                                  
                                                                                
126. Executing SIMPLEMAP pass (map simple cells to gate primitives).            
[INFO] Applying latch mapping from                                              
'/home/matthias/.ciel/ihp-sg13g2/ihp-sg13g2/libs.tech/librelane/sg13g2_stdcell/l
atch_map.v'…                                                                    
                                                                                
127. Executing TECHMAP pass (map to technology primitives).                     
                                                                                
127.1. Executing Verilog-2005 frontend:                                         
/home/matthias/.ciel/ihp-sg13g2/ihp-sg13g2/libs.tech/librelane/sg13g2_stdcell/la
tch_map.v                                                                       
Parsing Verilog input from                                                      
`/home/matthias/.ciel/ihp-sg13g2/ihp-sg13g2/libs.tech/librelane/sg13g2_stdcell/l
atch_map.v' to AST representation.                                              
Generating RTLIL representation for module `$_DLATCH_P_'.                       
Generating RTLIL representation for module `$_DLATCH_PN0_'.                     
Generating RTLIL representation for module `$_DLATCH_N_'.                       
Generating RTLIL representation for module `$_DLATCH_NN0_'.                     
Successfully finished Verilog frontend.                                         
                                                                                
127.2. Continuing TECHMAP pass.                                                 
No more expansions possible.                                                    
<suppressed ~6 debug messages>                                                  
                                                                                
128. Executing SIMPLEMAP pass (map simple cells to gate primitives).            
                                                                                
129. Executing DFFLIBMAP pass (mapping DFF cells to sequential cells from       
liberty file).                                                                  
  cell sg13g2_dfrbpq_1 (noninv, pins=4, area=48.99) is a direct match for cell  
type $_DFF_PN0_.                                                                
  final dff cell mappings:                                                      
    unmapped dff cell: $_DFF_N_                                                 
    unmapped dff cell: $_DFF_P_                                                 
    unmapped dff cell: $_DFF_NN0_                                               
    unmapped dff cell: $_DFF_NN1_                                               
    unmapped dff cell: $_DFF_NP0_                                               
    unmapped dff cell: $_DFF_NP1_                                               
    \sg13g2_dfrbpq_1 _DFF_PN0_ (.CLK( C), .D( D), .Q( Q), .RESET_B( R));        
    unmapped dff cell: $_DFF_PN1_                                               
    unmapped dff cell: $_DFF_PP0_                                               
    unmapped dff cell: $_DFF_PP1_                                               
    unmapped dff cell: $_DFFE_NN_                                               
    unmapped dff cell: $_DFFE_NP_                                               
    unmapped dff cell: $_DFFE_PN_                                               
    unmapped dff cell: $_DFFE_PP_                                               
    unmapped dff cell: $_DFFSR_NNN_                                             
    unmapped dff cell: $_DFFSR_NNP_                                             
    unmapped dff cell: $_DFFSR_NPN_                                             
    unmapped dff cell: $_DFFSR_NPP_                                             
    unmapped dff cell: $_DFFSR_PNN_                                             
    unmapped dff cell: $_DFFSR_PNP_                                             
    unmapped dff cell: $_DFFSR_PPN_                                             
    unmapped dff cell: $_DFFSR_PPP_                                             
                                                                                
129.1. Executing DFFLEGALIZE pass (convert FFs to types supported by the        
target).                                                                        
<suppressed ~4 debug messages>                                                  
Mapping DFF cells in module `\one_bit_synth':                                   
  mapped 109 $_DFF_PN0_ cells to \sg13g2_dfrbpq_1 cells.                        
{                                                                               
   "creator": "Yosys 0.62 (git sha1 7326bb7d6641500ecb285c291a54a662cb1e76cf,   
clang++ 21.1.2 -fPIC -O3)",                                                     
   "invocation": "stat -json -liberty                                           
/home/matthias/prog/janestreet/emulator/prototypes/one-bit-synth/runs/synth48/tm
p/f573a8fedff641e59bc9751aed9ff3d8.lib -liberty                                 
/home/matthias/prog/janestreet/emulator/prototypes/one-bit-synth/runs/synth48/tm
p/19210d15c4f44d409d2044c41f4bd389.lib ",                                       
   "modules": {                                                                 
      "\\one_bit_synth": {                                                      
         "num_wires":         1334,                                             
         "num_wire_bits":     1542,                                             
         "num_pub_wires":     20,                                               
         "num_pub_wire_bits": 217,                                              
         "num_ports":         6,                                                
         "num_port_bits":     25,                                               
         "num_memories":      0,                                                
         "num_memory_bits":   0,                                                
         "num_processes":     0,                                                
         "num_cells":         1531,                                             
         "num_submodules":       0,                                             
         "area":              5339.779200,                                      
         "sequential_area":    5339.779200,                                     
         "num_cells_by_type": {                                                 
            "$_ANDNOT_": 311,                                                   
            "$_AND_": 21,                                                       
            "$_MUX_": 518,                                                      
            "$_NAND_": 42,                                                      
            "$_NOR_": 65,                                                       
            "$_NOT_": 82,                                                       
            "$_ORNOT_": 31,                                                     
            "$_OR_": 158,                                                       
            "$_XNOR_": 41,                                                      
            "$_XOR_": 153,                                                      
            "sg13g2_dfrbpq_1": 109                                              
         }                                                                      
      }                                                                         
   },                                                                           
      "design": {                                                               
         "num_wires":         1334,                                             
         "num_wire_bits":     1542,                                             
         "num_pub_wires":     20,                                               
         "num_pub_wire_bits": 217,                                              
         "num_ports":         6,                                                
         "num_port_bits":     25,                                               
         "num_memories":      0,                                                
         "num_memory_bits":   0,                                                
         "num_processes":     0,                                                
         "num_cells":         1531,                                             
         "num_submodules":       0,                                             
         "area":              5339.779200,                                      
         "sequential_area":    5339.779200,                                     
         "num_cells_by_type": {                                                 
            "$_ANDNOT_": 311,                                                   
            "$_AND_": 21,                                                       
            "$_MUX_": 518,                                                      
            "$_NAND_": 42,                                                      
            "$_NOR_": 65,                                                       
            "$_NOT_": 82,                                                       
            "$_ORNOT_": 31,                                                     
            "$_OR_": 158,                                                       
            "$_XNOR_": 41,                                                      
            "$_XOR_": 153,                                                      
            "sg13g2_dfrbpq_1": 109                                              
         }                                                                      
      }                                                                         
}                                                                               
                                                                                
130. Printing statistics.                                                       
                                                                                
=== one_bit_synth ===                                                           
                                                                                
        +----------Local Count, excluding submodules.                           
        |        +-Local Area, excluding submodules.                            
        |        |                                                              
     1334        - wires                                                        
     1542        - wire bits                                                    
       20        - public wires                                                 
      217        - public wire bits                                             
        6        - ports                                                        
       25        - port bits                                                    
     1531 5.34E+03 cells                                                        
      311        -   $_ANDNOT_                                                  
       21        -   $_AND_                                                     
      518        -   $_MUX_                                                     
       42        -   $_NAND_                                                    
       65        -   $_NOR_                                                     
       82        -   $_NOT_                                                     
       31        -   $_ORNOT_                                                   
      158        -   $_OR_                                                      
       41        -   $_XNOR_                                                    
      153        -   $_XOR_                                                     
      109 5.34E+03   sg13g2_dfrbpq_1                                            
                                                                                
   Area for cell type $_ANDNOT_ is unknown!                                     
   Area for cell type $_AND_ is unknown!                                        
   Area for cell type $_MUX_ is unknown!                                        
   Area for cell type $_NAND_ is unknown!                                       
   Area for cell type $_NOR_ is unknown!                                        
   Area for cell type $_NOT_ is unknown!                                        
   Area for cell type $_ORNOT_ is unknown!                                      
   Area for cell type $_OR_ is unknown!                                         
   Area for cell type $_XNOR_ is unknown!                                       
   Area for cell type $_XOR_ is unknown!                                        
                                                                                
   Chip area for module '\one_bit_synth': 5339.779200                           
     of which used for sequential elements: 5339.779200 (100.00%)               
                                                                                
[INFO] Using generated ABC script                                               
'/home/matthias/prog/janestreet/emulator/prototypes/one-bit-synth/runs/synth48/0
6-yosys-synthesis/AREA_0.abc'…                                                  
                                                                                
131. Executing ABC pass (technology mapping using ABC).                         
                                                                                
131.1. Extracting gate netlist of module `\one_bit_synth' to                    
`/tmp/yosys-abc-CwwDls/input.blif'..                                            
                                                                                
131.1.1. Executed ABC.                                                          
Extracted 1422 gates and 1533 wires to a netlist network with 110 inputs and 110
outputs.                                                                        
Running ABC script: /tmp/yosys-abc-CwwDls/abc.script                            
ABC: ======== ABC command line "source /tmp/yosys-abc-CwwDls/abc.script"        
ABC: + read_blif /tmp/yosys-abc-CwwDls/input.blif                               
ABC: + read_lib -w                                                              
/home/matthias/prog/janestreet/emulator/prototypes/one-bit-synth/runs/synth48/tm
p/f573a8fedff641e59bc9751aed9ff3d8.lib                                          
ABC: Parsing finished successfully.  Parsing time =     0.01 sec                
ABC: Scl_LibertyReadGenlib() skipped cell "sg13g2_antennanp" due to dont_use    
attribute.                                                                      
ABC: Scl_LibertyReadGenlib() skipped cell "sg13g2_decap_4" due to dont_use      
attribute.                                                                      
ABC: Scl_LibertyReadGenlib() skipped cell "sg13g2_decap_8" due to dont_use      
attribute.                                                                      
ABC: Scl_LibertyReadGenlib() skipped sequential cell "sg13g2_dfrbp_1".          
ABC: Scl_LibertyReadGenlib() skipped sequential cell "sg13g2_dfrbpq_1".         
ABC: Scl_LibertyReadGenlib() skipped sequential cell "sg13g2_dfrbpq_2".         
ABC: Scl_LibertyReadGenlib() skipped sequential cell "sg13g2_dlhq_1".           
ABC: Scl_LibertyReadGenlib() skipped sequential cell "sg13g2_dlhr_1".           
ABC: Scl_LibertyReadGenlib() skipped sequential cell "sg13g2_dlhrq_1".          
ABC: Scl_LibertyReadGenlib() skipped sequential cell "sg13g2_dllr_1".           
ABC: Scl_LibertyReadGenlib() skipped sequential cell "sg13g2_dllrq_1".          
ABC: Scl_LibertyReadGenlib() skipped three-state cell "sg13g2_ebufn_2".         
ABC: Scl_LibertyReadGenlib() skipped three-state cell "sg13g2_ebufn_4".         
ABC: Scl_LibertyReadGenlib() skipped three-state cell "sg13g2_ebufn_8".         
ABC: Scl_LibertyReadGenlib() skipped three-state cell "sg13g2_einvn_2".         
ABC: Scl_LibertyReadGenlib() skipped three-state cell "sg13g2_einvn_4".         
ABC: Scl_LibertyReadGenlib() skipped three-state cell "sg13g2_einvn_8".         
ABC: Scl_LibertyReadGenlib() skipped cell "sg13g2_fill_1" due to dont_use       
attribute.                                                                      
ABC: Scl_LibertyReadGenlib() skipped cell "sg13g2_fill_2" due to dont_use       
attribute.                                                                      
ABC: Scl_LibertyReadGenlib() skipped cell "sg13g2_fill_4" due to dont_use       
attribute.                                                                      
ABC: Scl_LibertyReadGenlib() skipped cell "sg13g2_fill_8" due to dont_use       
attribute.                                                                      
ABC: Scl_LibertyReadGenlib() skipped sequential cell "sg13g2_sdfrbp_1".         
ABC: Scl_LibertyReadGenlib() skipped sequential cell "sg13g2_sdfrbp_2".         
ABC: Scl_LibertyReadGenlib() skipped sequential cell "sg13g2_sdfrbpq_1".        
ABC: Scl_LibertyReadGenlib() skipped sequential cell "sg13g2_sdfrbpq_2".        
ABC: Library "sg13g2_stdcell_typ_1p20V_25C" from                                
"/home/matthias/prog/janestreet/emulator/prototypes/one-bit-synth/runs/synth48/t
mp/f573a8fedff641e59bc9751aed9ff3d8.lib" has 54 cells (25 skipped: 12 seq; 6    
tri-state; 0 no func; 7 dont_use; 0 with 2 outputs; 0 with 3+ outputs).  Time = 
0.01 sec                                                                        
ABC: Memory =    2.63 MB. Time =     0.01 sec                                   
ABC: + read_lib -m -w                                                           
/home/matthias/prog/janestreet/emulator/prototypes/one-bit-synth/runs/synth48/tm
p/19210d15c4f44d409d2044c41f4bd389.lib                                          
ABC: Parsing finished successfully.  Parsing time =     0.00 sec                
ABC: Scl_LibertyReadGenlib() skipped cell "sg13g2_IOPadIOVdd" without logic     
function.                                                                       
ABC: Scl_LibertyReadGenlib() skipped cell "sg13g2_IOPadIOVss" without logic     
function.                                                                       
ABC: Scl_LibertyReadGenlib() skipped cell "sg13g2_IOPadIn" due to dont_use      
attribute.                                                                      
ABC: Scl_LibertyReadGenlib() skipped cell "sg13g2_IOPadInOut16mA" due to        
dont_use attribute.                                                             
ABC: Scl_LibertyReadGenlib() skipped cell "sg13g2_IOPadInOut30mA" due to        
dont_use attribute.                                                             
ABC: Scl_LibertyReadGenlib() skipped cell "sg13g2_IOPadInOut4mA" due to dont_use
attribute.                                                                      
ABC: Scl_LibertyReadGenlib() skipped cell "sg13g2_IOPadOut16mA" due to dont_use 
attribute.                                                                      
ABC: Scl_LibertyReadGenlib() skipped cell "sg13g2_IOPadOut30mA" due to dont_use 
attribute.                                                                      
ABC: Scl_LibertyReadGenlib() skipped cell "sg13g2_IOPadOut4mA" due to dont_use  
attribute.                                                                      
ABC: Scl_LibertyReadGenlib() skipped cell "sg13g2_IOPadTriOut16mA" due to       
dont_use attribute.                                                             
ABC: Scl_LibertyReadGenlib() skipped cell "sg13g2_IOPadTriOut30mA" due to       
dont_use attribute.                                                             
ABC: Scl_LibertyReadGenlib() skipped cell "sg13g2_IOPadTriOut4mA" due to        
dont_use attribute.                                                             
ABC: Scl_LibertyReadGenlib() skipped cell "sg13g2_IOPadVdd" without logic       
function.                                                                       
ABC: Scl_LibertyReadGenlib() skipped cell "sg13g2_IOPadVss" without logic       
function.                                                                       
ABC: Scl_LibertyReadGenlib() skipped cell "sg13g2_IOPadAnalog" due to dont_use  
attribute.                                                                      
ABC: Library "sg13g2_io_typ_1p2V_3p3V_25C" from                                 
"/home/matthias/prog/janestreet/emulator/prototypes/one-bit-synth/runs/synth48/t
mp/19210d15c4f44d409d2044c41f4bd389.lib" has 0 cells (15 skipped: 0 seq; 0      
tri-state; 4 no func; 11 dont_use; 0 with 2 outputs; 0 with 3+ outputs).  Time =
0.00 sec                                                                        
ABC: Memory =    0.38 MB. Time =     0.00 sec                                   
ABC: Updated library "sg13g2_stdcell_typ_1p20V_25C" with additional 0 cells from
library "sg13g2_io_typ_1p2V_3p3V_25C".                                          
ABC: + read_constr -v                                                           
/home/matthias/prog/janestreet/emulator/prototypes/one-bit-synth/runs/synth48/06
-yosys-synthesis/synthesis.abc.sdc                                              
ABC: Setting driving cell to be "sg13g2_buf_4/X".                               
ABC: Setting output load to be 6.000000.                                        
ABC: + source                                                                   
/home/matthias/prog/janestreet/emulator/prototypes/one-bit-synth/runs/synth48/06
-yosys-synthesis/AREA_0.abc                                                     
ABC: Error: The network is combinational.                                       
ABC: Cannot find the default PI driving cell (sg13g2_buf_4/X) in the library.   
ABC: WireLoad = "none"  Gates =   1082 (  4.8 %)   Cap =  7.8 ff (  2.2 %)      
Area =    10186.76 ( 95.7 %)   Delay =  5036.71 ps  ( 10.1 %)                   
ABC: Path  0 --      25 : 0    6 pi              A =   0.00  Df =   0.0   -0.0  
ps  S =   0.0 ps  Cin =  0.0 ff  Cout =  18.0 ff  Cmax =   0.0 ff  G =    0     
ABC: Path  1 --     250 : 4   12 sg13g2_nor4_1   A =  10.89  Df = 603.5 -490.0  
ps  S = 752.3 ps  Cin =  2.9 ff  Cout =  42.7 ff  Cmax = 300.0 ff  G = 1428     
ABC: Path  2 --     277 : 3    1 sg13g2_a21oi_1  A =   9.07  Df = 785.3 -562.1  
ps  S = 123.3 ps  Cin =  3.0 ff  Cout =   3.5 ff  Cmax = 300.0 ff  G =  112     
ABC: Path  3 --     279 : 3    2 sg13g2_o21ai_1  A =   9.07  Df = 938.0 -425.6  
ps  S = 132.6 ps  Cin =  3.3 ff  Cout =   8.6 ff  Cmax = 300.0 ff  G =  261     
ABC: Path  4 --     281 : 3    2 sg13g2_a21oi_1  A =   9.07  Df =1165.1 -112.4  
ps  S = 101.3 ps  Cin =  3.0 ff  Cout =   8.6 ff  Cmax = 300.0 ff  G =  282     
ABC: Path  5 --     282 : 3    2 sg13g2_o21ai_1  A =   9.07  Df =1265.3  -72.4  
ps  S = 128.8 ps  Cin =  3.3 ff  Cout =   8.8 ff  Cmax = 300.0 ff  G =  264     
ABC: Path  6 --     285 : 3    2 sg13g2_a21oi_1  A =   9.07  Df =1383.4  -77.1  
ps  S =  99.4 ps  Cin =  3.0 ff  Cout =   8.6 ff  Cmax = 300.0 ff  G =  282     
ABC: Path  7 --     286 : 3    2 sg13g2_o21ai_1  A =   9.07  Df =1479.0  -38.8  
ps  S = 121.1 ps  Cin =  3.3 ff  Cout =   8.0 ff  Cmax = 300.0 ff  G =  238     
ABC: Path  8 --     287 : 3    2 sg13g2_a21o_1   A =  12.70  Df =1622.9  -34.2  
ps  S =  49.5 ps  Cin =  2.7 ff  Cout =   8.2 ff  Cmax = 300.0 ff  G =  299     
ABC: Path  9 --     288 : 3    3 sg13g2_a21oi_1  A =   9.07  Df =1732.1  -56.1  
ps  S = 111.6 ps  Cin =  3.0 ff  Cout =   8.7 ff  Cmax = 300.0 ff  G =  285     
ABC: Path 10 --     294 : 3    2 sg13g2_o21ai_1  A =   9.07  Df =1829.3  -30.0  
ps  S =  96.7 ps  Cin =  3.3 ff  Cout =   5.7 ff  Cmax = 300.0 ff  G =  168     
ABC: Path 11 --     298 : 4    2 sg13g2_nand4_1  A =  10.89  Df =1943.9  -48.8  
ps  S = 120.7 ps  Cin =  3.0 ff  Cout =   5.9 ff  Cmax = 300.0 ff  G =  197     
ABC: Path 12 --     301 : 3    4 sg13g2_a21oi_1  A =   9.07  Df =2084.1  -90.7  
ps  S = 120.6 ps  Cin =  3.0 ff  Cout =  10.9 ff  Cmax = 300.0 ff  G =  360     
ABC: Path 13 --     304 : 3    3 sg13g2_a21oi_1  A =   9.07  Df =2200.0  -78.6  
ps  S = 106.4 ps  Cin =  3.0 ff  Cout =   9.0 ff  Cmax = 300.0 ff  G =  299     
ABC: Path 14 --     309 : 4    3 sg13g2_nor4_1   A =  10.89  Df =2441.5 -229.1  
ps  S = 248.6 ps  Cin =  2.9 ff  Cout =  10.8 ff  Cmax = 300.0 ff  G =  361     
ABC: Path 15 --     327 : 3    2 sg13g2_a21oi_1  A =   9.07  Df =2569.2 -259.1  
ps  S =  77.5 ps  Cin =  3.0 ff  Cout =   5.3 ff  Cmax = 300.0 ff  G =  175     
ABC: Path 16 --     328 : 2    7 sg13g2_nor2_1   A =   7.26  Df =2759.9  -16.0  
ps  S = 204.3 ps  Cin =  3.0 ff  Cout =  22.8 ff  Cmax = 300.0 ff  G =  740     
ABC: Path 17 --     335 : 2   44 sg13g2_nand2_1  A =   7.26  Df =3404.0 -236.3  
ps  S = 789.8 ps  Cin =  2.9 ff  Cout = 130.7 ff  Cmax = 300.0 ff  G = 4416     
ABC: Path 18 --     336 : 1   40 sg13g2_inv_1    A =   5.44  Df =4155.8 -381.8  
ps  S = 634.6 ps  Cin =  2.9 ff  Cout = 125.0 ff  Cmax = 300.0 ff  G = 4306     
ABC: Path 19 --     656 : 3    1 sg13g2_a21oi_1  A =   9.07  Df =4527.3 -213.5  
ps  S = 120.1 ps  Cin =  3.0 ff  Cout =   2.3 ff  Cmax = 300.0 ff  G =   75     
ABC: Path 20 --     657 : 2    1 sg13g2_nand2b_1 A =   9.07  Df =4614.9 -193.9  
ps  S =  47.1 ps  Cin =  2.6 ff  Cout =   2.6 ff  Cmax = 300.0 ff  G =   94     
ABC: Path 21 --     659 : 4    1 sg13g2_and4_1   A =  14.52  Df =4770.6 -254.2  
ps  S =  40.9 ps  Cin =  2.5 ff  Cout =   3.1 ff  Cmax = 300.0 ff  G =  123     
ABC: Path 22 --     660 : 3    2 sg13g2_a21oi_1  A =   9.07  Df =4842.0 -240.0  
ps  S =  95.7 ps  Cin =  3.0 ff  Cout =   5.7 ff  Cmax = 300.0 ff  G =  188     
ABC: Path 23 --     669 : 2    1 sg13g2_nand2b_1 A =   9.07  Df =4935.0 -240.5  
ps  S =  38.7 ps  Cin =  2.6 ff  Cout =   3.5 ff  Cmax = 300.0 ff  G =  126     
ABC: Path 24 --     676 : 3    1 sg13g2_o21ai_1  A =   9.07  Df =5036.7  -22.7  
ps  S = 104.5 ps  Cin =  3.3 ff  Cout =   6.0 ff  Cmax = 300.0 ff  G =  181     
ABC: Start-point = pi24 (\note [4]).  End-point = po8                           
($$auto$proc_rom.cc:155:do_switch$48$rdreg[0]$d [7]).                           
ABC: netlist                       : i/o =  110/  110  lat =    0  nd =  1082   
edge =   2723  area =10186.85  delay =26.00  lev = 26                           
ABC: + write_blif /tmp/yosys-abc-CwwDls/output.blif                             
                                                                                
131.1.2. Re-integrating ABC results.                                            
ABC RESULTS:     sg13g2_a21o_1 cells:       22                                  
ABC RESULTS:    sg13g2_a21oi_1 cells:      160                                  
ABC RESULTS:   sg13g2_a221oi_1 cells:       11                                  
ABC RESULTS:    sg13g2_a22oi_1 cells:       29                                  
ABC RESULTS:     sg13g2_and2_1 cells:       43                                  
ABC RESULTS:     sg13g2_and3_1 cells:       14                                  
ABC RESULTS:     sg13g2_and4_1 cells:        3                                  
ABC RESULTS:      sg13g2_inv_1 cells:       52                                  
ABC RESULTS:     sg13g2_mux2_1 cells:        3                                  
ABC RESULTS:    sg13g2_nand2_1 cells:      120                                  
ABC RESULTS:   sg13g2_nand2b_1 cells:       36                                  
ABC RESULTS:    sg13g2_nand3_1 cells:       38                                  
ABC RESULTS:   sg13g2_nand3b_1 cells:        4                                  
ABC RESULTS:    sg13g2_nand4_1 cells:       10                                  
ABC RESULTS:     sg13g2_nor2_1 cells:      135                                  
ABC RESULTS:    sg13g2_nor2b_1 cells:       18                                  
ABC RESULTS:     sg13g2_nor3_1 cells:       49                                  
ABC RESULTS:     sg13g2_nor4_1 cells:       14                                  
ABC RESULTS:    sg13g2_o21ai_1 cells:      163                                  
ABC RESULTS:      sg13g2_or2_1 cells:       31                                  
ABC RESULTS:      sg13g2_or3_1 cells:        7                                  
ABC RESULTS:      sg13g2_or4_1 cells:        3                                  
ABC RESULTS:    sg13g2_xnor2_1 cells:       78                                  
ABC RESULTS:     sg13g2_xor2_1 cells:       39                                  
ABC RESULTS:        internal signals:     1313                                  
ABC RESULTS:           input signals:      110                                  
ABC RESULTS:          output signals:      110                                  
Removing temp directory.                                                        
Removing global temp directory.                                                 
                                                                                
132. Executing SETUNDEF pass (replace undef values with defined constants).     
                                                                                
133. Executing HILOMAP pass (mapping to constant drivers).                      
                                                                                
134. Executing SPLITNETS pass (splitting up multi-bit signals).                 
                                                                                
135. Executing OPT_CLEAN pass (remove unused cells and wires).                  
Finding unused cells or wires in module \one_bit_synth..                        
Removed 0 unused cells and 1538 unused wires.                                   
<suppressed ~101 debug messages>                                                
                                                                                
136. Executing INSBUF pass (insert buffer cells for connected wires).           
Add one_bit_synth/$auto$insbuf.cc:97:execute$7638: \_284 -> \sample [13]        
Add one_bit_synth/$auto$insbuf.cc:97:execute$7639: \_284 -> \sample [14]        
Add one_bit_synth/$auto$insbuf.cc:97:execute$7640: \_284 -> \sample [15]        
                                                                                
137. Executing CHECK pass (checking for obvious problems).                      
Checking module one_bit_synth...                                                
Found and reported 0 problems.                                                  
{                                                                               
   "creator": "Yosys 0.62 (git sha1 7326bb7d6641500ecb285c291a54a662cb1e76cf,   
clang++ 21.1.2 -fPIC -O3)",                                                     
   "invocation": "stat -json -liberty                                           
/home/matthias/prog/janestreet/emulator/prototypes/one-bit-synth/runs/synth48/tm
p/f573a8fedff641e59bc9751aed9ff3d8.lib -liberty                                 
/home/matthias/prog/janestreet/emulator/prototypes/one-bit-synth/runs/synth48/tm
p/19210d15c4f44d409d2044c41f4bd389.lib ",                                       
   "modules": {                                                                 
      "\\one_bit_synth": {                                                      
         "num_wires":         1288,                                             
         "num_wire_bits":     1307,                                             
         "num_pub_wires":     98,                                               
         "num_pub_wire_bits": 117,                                              
         "num_ports":         6,                                                
         "num_port_bits":     25,                                               
         "num_memories":      0,                                                
         "num_memory_bits":   0,                                                
         "num_processes":     0,                                                
         "num_cells":         1305,                                             
         "num_submodules":       0,                                             
         "area":              16353.905400,                                     
         "sequential_area":    5339.779200,                                     
         "num_cells_by_type": {                                                 
            "sg13g2_a21o_1": 22,                                                
            "sg13g2_a21oi_1": 160,                                              
            "sg13g2_a221oi_1": 11,                                              
            "sg13g2_a22oi_1": 29,                                               
            "sg13g2_and2_1": 43,                                                
            "sg13g2_and3_1": 14,                                                
            "sg13g2_and4_1": 3,                                                 
            "sg13g2_buf_1": 3,                                                  
            "sg13g2_dfrbpq_1": 109,                                             
            "sg13g2_inv_1": 52,                                                 
            "sg13g2_mux2_1": 3,                                                 
            "sg13g2_nand2_1": 120,                                              
            "sg13g2_nand2b_1": 36,                                              
            "sg13g2_nand3_1": 38,                                               
            "sg13g2_nand3b_1": 4,                                               
            "sg13g2_nand4_1": 10,                                               
            "sg13g2_nor2_1": 135,                                               
            "sg13g2_nor2b_1": 18,                                               
            "sg13g2_nor3_1": 49,                                                
            "sg13g2_nor4_1": 14,                                                
            "sg13g2_o21ai_1": 163,                                              
            "sg13g2_or2_1": 31,                                                 
            "sg13g2_or3_1": 7,                                                  
            "sg13g2_or4_1": 3,                                                  
            "sg13g2_tiehi": 109,                                                
            "sg13g2_tielo": 2,                                                  
            "sg13g2_xnor2_1": 78,                                               
            "sg13g2_xor2_1": 39                                                 
         }                                                                      
      }                                                                         
   },                                                                           
      "design": {                                                               
         "num_wires":         1288,                                             
         "num_wire_bits":     1307,                                             
         "num_pub_wires":     98,                                               
         "num_pub_wire_bits": 117,                                              
         "num_ports":         6,                                                
         "num_port_bits":     25,                                               
         "num_memories":      0,                                                
         "num_memory_bits":   0,                                                
         "num_processes":     0,                                                
         "num_cells":         1305,                                             
         "num_submodules":       0,                                             
         "area":              16353.905400,                                     
         "sequential_area":    5339.779200,                                     
         "num_cells_by_type": {                                                 
            "sg13g2_a21o_1": 22,                                                
            "sg13g2_a21oi_1": 160,                                              
            "sg13g2_a221oi_1": 11,                                              
            "sg13g2_a22oi_1": 29,                                               
            "sg13g2_and2_1": 43,                                                
            "sg13g2_and3_1": 14,                                                
            "sg13g2_and4_1": 3,                                                 
            "sg13g2_buf_1": 3,                                                  
            "sg13g2_dfrbpq_1": 109,                                             
            "sg13g2_inv_1": 52,                                                 
            "sg13g2_mux2_1": 3,                                                 
            "sg13g2_nand2_1": 120,                                              
            "sg13g2_nand2b_1": 36,                                              
            "sg13g2_nand3_1": 38,                                               
            "sg13g2_nand3b_1": 4,                                               
            "sg13g2_nand4_1": 10,                                               
            "sg13g2_nor2_1": 135,                                               
            "sg13g2_nor2b_1": 18,                                               
            "sg13g2_nor3_1": 49,                                                
            "sg13g2_nor4_1": 14,                                                
            "sg13g2_o21ai_1": 163,                                              
            "sg13g2_or2_1": 31,                                                 
            "sg13g2_or3_1": 7,                                                  
            "sg13g2_or4_1": 3,                                                  
            "sg13g2_tiehi": 109,                                                
            "sg13g2_tielo": 2,                                                  
            "sg13g2_xnor2_1": 78,                                               
            "sg13g2_xor2_1": 39                                                 
         }                                                                      
      }                                                                         
}                                                                               
                                                                                
138. Printing statistics.                                                       
                                                                                
=== one_bit_synth ===                                                           
                                                                                
        +----------Local Count, excluding submodules.                           
        |        +-Local Area, excluding submodules.                            
        |        |                                                              
     1288        - wires                                                        
     1307        - wire bits                                                    
       98        - public wires                                                 
      117        - public wire bits                                             
        6        - ports                                                        
       25        - port bits                                                    
     1305 1.64E+04 cells                                                        
       22  279.418   sg13g2_a21o_1                                              
      160  1451.52   sg13g2_a21oi_1                                             
       11  159.667   sg13g2_a221oi_1                                            
       29  314.609   sg13g2_a22oi_1                                             
       43  390.096   sg13g2_and2_1                                              
       14  177.811   sg13g2_and3_1                                              
        3   43.546   sg13g2_and4_1                                              
        3   21.773   sg13g2_buf_1                                               
      109 5.34E+03   sg13g2_dfrbpq_1                                            
       52  283.046   sg13g2_inv_1                                               
        3   54.432   sg13g2_mux2_1                                              
      120  870.912   sg13g2_nand2_1                                             
       36  326.592   sg13g2_nand2b_1                                            
       38  344.736   sg13g2_nand3_1                                             
        4   50.803   sg13g2_nand3b_1                                            
       10  108.864   sg13g2_nand4_1                                             
      135  979.776   sg13g2_nor2_1                                              
       18  163.296   sg13g2_nor2b_1                                             
       49  444.528   sg13g2_nor3_1                                              
       14   152.41   sg13g2_nor4_1                                              
      163 1.48E+03   sg13g2_o21ai_1                                             
       31  281.232   sg13g2_or2_1                                               
        7   88.906   sg13g2_or3_1                                               
        3   43.546   sg13g2_or4_1                                               
      109  791.078   sg13g2_tiehi                                               
        2   14.515   sg13g2_tielo                                               
       78 1.13E+03   sg13g2_xnor2_1                                             
       39  566.093   sg13g2_xor2_1                                              
                                                                                
   Chip area for module '\one_bit_synth': 16353.905400                          
     of which used for sequential elements: 5339.779200 (32.65%)                
                                                                                
139. Executing Verilog backend.                                                 
Dumping module `\one_bit_synth'.                                                
                                                                                
140. Executing JSON backend.                                                    
[05:42:53] VERBOSE  Parsing synthesis checks…                       pyosys.py:59
[05:42:53] VERBOSE  Parsing synthesis checks…                       pyosys.py:59
──────────────────────────── Unmapped Cells Checker ────────────────────────────
[05:42:53] VERBOSE  Running 'Checker.YosysUnmappedCells' at         step.py:1138
                    '../runs/synth48/07-checker-yosysunmappedcells'             
                    …                                                           
[05:42:53] INFO     Check for Unmapped Yosys instances clear.     checker.py:131
────────────────────────────── Yosys Synth Checks ──────────────────────────────
[05:42:53] VERBOSE  Running 'Checker.YosysSynthChecks' at           step.py:1138
                    '../runs/synth48/08-checker-yosyssynthchecks'…              
[05:42:53] INFO     Check for Yosys check errors clear.           checker.py:131
─────────────────────── Netlist Assign Statement Checker ───────────────────────
[05:42:53] VERBOSE  Running 'Checker.NetlistAssignStatements' at    step.py:1138
                    '../runs/synth48/09-checker-netlistassignstatem             
                    ents'…                                                      
─────────────────────────────── Check SDC Files ────────────────────────────────
[05:42:53] VERBOSE  Running 'OpenROAD.CheckSDCFiles' at             step.py:1138
                    '../runs/synth48/10-openroad-checksdcfiles'…                
[05:42:53] WARNING  'PNR_SDC_FILE' is not defined. Using generic openroad.py:184
                    fallback SDC for OpenROAD PnR steps.                        
[05:42:53] WARNING  'SIGNOFF_SDC_FILE' is not defined. Using     openroad.py:188
                    generic fallback SDC for OpenROAD PnR steps.                
──────────────────────────── Check Macro Instances ─────────────────────────────
[05:42:53] VERBOSE  Running 'OpenROAD.CheckMacroInstances' at       step.py:1138
                    '../runs/synth48/11-openroad-checkmacroinstance             
                    s'…                                                         
[05:42:53] INFO     No macros found, skipping instance check…    openroad.py:694
─────────────────────── Static Timing Analysis (Pre-PnR) ───────────────────────
[05:42:53] VERBOSE  Running 'OpenROAD.STAPrePNR' at                 step.py:1138
                    '../runs/synth48/12-openroad-staprepnr'…                    
[05:42:53] INFO     Starting STA for the nom_fast_1p32V_m40C     openroad.py:749
                    timing corner…                                              
[05:42:53] INFO     Starting STA for the nom_slow_1p08V_125C     openroad.py:749
                    timing corner…                                              
[05:42:53] INFO     Starting STA for the nom_typ_1p20V_25C       openroad.py:749
                    timing corner…                                              
[05:42:53] VERBOSE  Logging subprocess to                           step.py:1338
                    '../runs/synth48/12-openroad-staprepnr/nom_fast             
                    _1p32V_m40C/sta.log'…                                       
[05:42:53] VERBOSE  Logging subprocess to                           step.py:1338
                    '../runs/synth48/12-openroad-staprepnr/nom_slow             
                    _1p08V_125C/sta.log'…                                       
[05:42:53] VERBOSE  Logging subprocess to                           step.py:1338
                    '../runs/synth48/12-openroad-staprepnr/nom_typ_             
                    1p20V_25C/sta.log'…                                         
[05:42:53] INFO     Finished STA for the nom_typ_1p20V_25C       openroad.py:764
                    timing corner.                                              
[05:42:53] INFO     Finished STA for the nom_fast_1p32V_m40C     openroad.py:764
                    timing corner.                                              
[05:42:53] INFO     Finished STA for the nom_slow_1p08V_125C     openroad.py:764
                    timing corner.                                              
┏━━━━━━━━━━━━━━━━━━━━━━┳━━━━┳━━━━┳━━━━┳━━━━┳━━━━┳━━━┳━━━━┳━━━┳━━━━┳━━━┳━━━━┳━━━┓
┃                      ┃    ┃    ┃    ┃    ┃ of ┃   ┃    ┃   ┃    ┃ … ┃    ┃   ┃
┃                      ┃    ┃ R… ┃    ┃    ┃ w… ┃   ┃ R… ┃   ┃    ┃ … ┃    ┃   ┃
┃                      ┃ H… ┃ to ┃    ┃ H… ┃ r… ┃ … ┃ to ┃   ┃ S… ┃ … ┃ M… ┃ … ┃
┃                      ┃ W… ┃ R… ┃ H… ┃ V… ┃ to ┃ … ┃ R… ┃ … ┃ V… ┃ … ┃ C… ┃ … ┃
┃ Corner/Group         ┃ S… ┃ P… ┃ T… ┃ C… ┃ r… ┃ … ┃ P… ┃ … ┃ C… ┃ … ┃ V… ┃ … ┃
┡━━━━━━━━━━━━━━━━━━━━━━╇━━━━╇━━━━╇━━━━╇━━━━╇━━━━╇━━━╇━━━━╇━━━╇━━━━╇━━━╇━━━━╇━━━┩
│ Overall              │ -… │ -… │ -… │ 81 │ 81 │ … │ 1… │ … │ 0  │ 0 │ 0  │ 0 │
│ nom_fast_1p32V_m40C  │ -… │ -… │ -… │ 81 │ 81 │ … │ N… │ … │ 0  │ 0 │ 0  │ 0 │
│ nom_slow_1p08V_125C  │ 0… │ 0… │ 0… │ 0  │ 0  │ … │ 1… │ … │ 0  │ 0 │ 0  │ 0 │
│ nom_typ_1p20V_25C    │ 0… │ 0… │ 0… │ 0  │ 0  │ … │ N… │ … │ 0  │ 0 │ 0  │ 0 │
└──────────────────────┴────┴────┴────┴────┴────┴───┴────┴───┴────┴───┴────┴───┘
─────────────────────────── Floorplan Initialization ───────────────────────────
[05:42:53] VERBOSE  Running 'OpenROAD.Floorplan' at                 step.py:1138
                    '../runs/synth48/13-openroad-floorplan'…                    
[05:42:53] VERBOSE  Logging subprocess to                           step.py:1338
                    '../runs/synth48/13-openroad-floorplan/openroad             
                    -floorplan.log'…                                            
Reading timing models for corner nom_typ_1p20V_25C…                             
Reading timing library for the 'nom_typ_1p20V_25C' corner at                    
'/home/matthias/.ciel/ihp-sg13g2/ihp-sg13g2/libs.ref/sg13g2_stdcell/lib/sg13g2_s
tdcell_typ_1p20V_25C.lib'…                                                      
Reading timing library for the 'nom_typ_1p20V_25C' corner at                    
'/home/matthias/.ciel/ihp-sg13g2/ihp-sg13g2/libs.ref/sg13g2_io/lib/sg13g2_io_typ
_1p2V_3p3V_25C.lib'…                                                            
Reading technology LEF file at                                                  
'/home/matthias/.ciel/ihp-sg13g2/ihp-sg13g2/libs.ref/sg13g2_stdcell/lef/sg13g2_t
ech.lef'…                                                                       
[INFO ODB-0227] LEF file:                                                       
/home/matthias/.ciel/ihp-sg13g2/ihp-sg13g2/libs.ref/sg13g2_stdcell/lef/sg13g2_te
ch.lef, created 19 layers, 70 vias                                              
Reading cell LEF file at                                                        
'/home/matthias/.ciel/ihp-sg13g2/ihp-sg13g2/libs.ref/sg13g2_stdcell/lef/sg13g2_s
tdcell.lef'…                                                                    
[INFO ODB-0227] LEF file:                                                       
/home/matthias/.ciel/ihp-sg13g2/ihp-sg13g2/libs.ref/sg13g2_stdcell/lef/sg13g2_st
dcell.lef, created 84 library cells                                             
Reading gpio pad LEF file at                                                    
'/home/matthias/.ciel/ihp-sg13g2/ihp-sg13g2/libs.ref/sg13g2_io/lef/sg13g2_io.lef
'…                                                                              
[INFO ODB-0227] LEF file:                                                       
/home/matthias/.ciel/ihp-sg13g2/ihp-sg13g2/libs.ref/sg13g2_io/lef/sg13g2_io.lef,
created 22 library cells                                                        
Reading top-level netlist at                                                    
'/home/matthias/prog/janestreet/emulator/prototypes/one-bit-synth/runs/synth48/0
6-yosys-synthesis/one_bit_synth.nl.v'…                                          
Linking design 'one_bit_synth' from netlist…                                    
Reading design constraints file at                                              
'/nix/store/8y4m6wgn5kqlbig1qwnwbxijqqp0jwib-python3-3.13.9-env/lib/python3.13/s
ite-packages/librelane/scripts/base.sdc'…                                       
[INFO] Using clock clock…                                                       
[INFO] Setting output delay to: 4.16                                            
[INFO] Setting input delay to: 4.16                                             
[INFO] Setting load to: 0.006                                                   
[INFO] Setting clock uncertainty to: 0.25                                       
[INFO] Setting clock transition to: 0.15                                        
[INFO] Setting timing derate to: 5.0%                                           
Using site height: 3.78 and site width: 0.48…                                   
[INFO] Using relative sizing for the floorplan.                                 
+ initialize_floorplan -site CoreSite -utilization 55.0 -aspect_ratio 1.0       
-core_space 15.12 15.12 5.76 5.76                                               
[INFO IFP-0107] Defining die area using utilization: 55.00% and aspect ratio: 1.
[INFO IFP-0001] Added 45 rows of 359 site CoreSite.                             
[INFO IFP-0100] Die BBox:  (  0.000  0.000 ) ( 183.960 202.680 ) um             
[INFO IFP-0101] Core BBox: (  5.760 15.120 ) ( 178.080 185.220 ) um             
[INFO IFP-0102] Core area:                        29311.632 um^2                
[INFO IFP-0103] Total instances area:             16355.002 um^2                
[INFO IFP-0104] Effective utilization:                0.558                     
[INFO IFP-0105] Number of instances:                   1305                     
[INFO IFP-0030] Inserted 0 tiecells using sg13g2_tielo/L_LO.                    
[INFO IFP-0030] Inserted 0 tiecells using sg13g2_tiehi/L_HI.                    
[INFO] Extracting DIE_AREA and CORE_AREA from the floorplan                     
[INFO] Floorplanned on a die area of 0.0 0.0 183.96 202.68 (µm).                
[INFO] Floorplanned on a core area of 5.76 15.12 178.08 185.22 (µm).            
Writing metric design__die__bbox: 0.0 0.0 183.96 202.68                         
Writing metric design__core__bbox: 5.76 15.12 178.08 185.22                     
Setting global connections for newly added cells…                               
[INFO] Setting global connections...                                            
[INFO ODB-0403] 0 connections made, 0 conflicts skipped.                        
Updating metrics…                                                               
Cell type report:                       Count       Area                        
  Buffer                                    3      21.77                        
  Inverter                                 52     283.05                        
  Sequential cell                         109    5339.78                        
  Multi-Input combinational cell         1141   10710.40                        
  Total                                  1305   16355.00                        
Writing OpenROAD database to                                                    
'/home/matthias/prog/janestreet/emulator/prototypes/one-bit-synth/runs/synth48/1
3-openroad-floorplan/one_bit_synth.odb'…                                        
Writing netlist to                                                              
'/home/matthias/prog/janestreet/emulator/prototypes/one-bit-synth/runs/synth48/1
3-openroad-floorplan/one_bit_synth.nl.v'…                                       
Writing powered netlist to                                                      
'/home/matthias/prog/janestreet/emulator/prototypes/one-bit-synth/runs/synth48/1
3-openroad-floorplan/one_bit_synth.pnl.v'…                                      
Writing layout to                                                               
'/home/matthias/prog/janestreet/emulator/prototypes/one-bit-synth/runs/synth48/1
3-openroad-floorplan/one_bit_synth.def'…                                        
Writing timing constraints to                                                   
'/home/matthias/prog/janestreet/emulator/prototypes/one-bit-synth/runs/synth48/1
3-openroad-floorplan/one_bit_synth.sdc'…                                        
──────────────────────────────── Dump RC Values ────────────────────────────────
[05:42:54] VERBOSE  Running 'OpenROAD.DumpRCValues' at              step.py:1138
                    '../runs/synth48/14-openroad-dumprcvalues'…                 
[05:42:54] VERBOSE  Logging subprocess to                           step.py:1338
                    '../runs/synth48/14-openroad-dumprcvalues/openr             
                    oad-dumprcvalues.log'…                                      
Reading timing models for corner nom_typ_1p20V_25C…                             
Reading timing library for the 'nom_typ_1p20V_25C' corner at                    
'/home/matthias/.ciel/ihp-sg13g2/ihp-sg13g2/libs.ref/sg13g2_stdcell/lib/sg13g2_s
tdcell_typ_1p20V_25C.lib'…                                                      
Reading timing library for the 'nom_typ_1p20V_25C' corner at                    
'/home/matthias/.ciel/ihp-sg13g2/ihp-sg13g2/libs.ref/sg13g2_io/lib/sg13g2_io_typ
_1p2V_3p3V_25C.lib'…                                                            
Reading technology LEF file at                                                  
'/home/matthias/.ciel/ihp-sg13g2/ihp-sg13g2/libs.ref/sg13g2_stdcell/lef/sg13g2_t
ech.lef'…                                                                       
[INFO ODB-0227] LEF file:                                                       
/home/matthias/.ciel/ihp-sg13g2/ihp-sg13g2/libs.ref/sg13g2_stdcell/lef/sg13g2_te
ch.lef, created 19 layers, 70 vias                                              
Reading cell LEF file at                                                        
'/home/matthias/.ciel/ihp-sg13g2/ihp-sg13g2/libs.ref/sg13g2_stdcell/lef/sg13g2_s
tdcell.lef'…                                                                    
[INFO ODB-0227] LEF file:                                                       
/home/matthias/.ciel/ihp-sg13g2/ihp-sg13g2/libs.ref/sg13g2_stdcell/lef/sg13g2_st
dcell.lef, created 84 library cells                                             
Reading gpio pad LEF file at                                                    
'/home/matthias/.ciel/ihp-sg13g2/ihp-sg13g2/libs.ref/sg13g2_io/lef/sg13g2_io.lef
'…                                                                              
[INFO ODB-0227] LEF file:                                                       
/home/matthias/.ciel/ihp-sg13g2/ihp-sg13g2/libs.ref/sg13g2_io/lef/sg13g2_io.lef,
created 22 library cells                                                        
[INFO ODB-0127] Reading DEF file:                                               
/home/matthias/prog/janestreet/emulator/prototypes/one-bit-synth/runs/synth48/13
-openroad-floorplan/one_bit_synth.def                                           
[INFO ODB-0128] Design: one_bit_synth                                           
[INFO ODB-0130]     Created 25 pins.                                            
[INFO ODB-0131]     Created 1305 components and 6968 component-terminals.       
[INFO ODB-0132]     Created 2 special nets and 2610 connections.                
[INFO ODB-0133]     Created 1307 nets and 4358 connections.                     
[INFO ODB-0134] Finished DEF file:                                              
/home/matthias/prog/janestreet/emulator/prototypes/one-bit-synth/runs/synth48/13
-openroad-floorplan/one_bit_synth.def                                           
────────── Check Antenna Properties of Macros Pins in Their LEF Views ──────────
[05:42:54] VERBOSE  Running 'Odb.CheckMacroAntennaProperties' at    step.py:1138
                    '../runs/synth48/15-odb-checkmacroantennaproper             
                    ties'…                                                      
[05:42:54] INFO     No cells provided, skipping                       odb.py:234
                    'Odb.CheckMacroAntennaProperties'…                          
──────────────────────────── Set Power Connections ─────────────────────────────
[05:42:54] VERBOSE  Running 'Odb.SetPowerConnections' at            step.py:1138
                    '../runs/synth48/16-odb-setpowerconnections'…               
[05:42:54] VERBOSE  Logging subprocess to                           step.py:1338
                    '../runs/synth48/16-odb-setpowerconnections/odb             
                    -setpowerconnections.log'…                                  
──────────────────────────── Manual Macro Placement ────────────────────────────
[05:42:54] VERBOSE  Running 'Odb.ManualMacroPlacement' at           step.py:1138
                    '../runs/synth48/17-odb-manualmacroplacement'…              
[05:42:54] INFO     No instances found, skipping                      odb.py:468
                    'Odb.ManualMacroPlacement'…                                 
─────────────────────────────────── Cut Rows ───────────────────────────────────
[05:42:54] VERBOSE  Running 'OpenROAD.CutRows' at                   step.py:1138
                    '../runs/synth48/18-openroad-cutrows'…                      
[05:42:54] VERBOSE  Logging subprocess to                           step.py:1338
                    '../runs/synth48/18-openroad-cutrows/openroad-c             
                    utrows.log'…                                                
Reading timing models for corner nom_typ_1p20V_25C…                             
Reading timing library for the 'nom_typ_1p20V_25C' corner at                    
'/home/matthias/.ciel/ihp-sg13g2/ihp-sg13g2/libs.ref/sg13g2_stdcell/lib/sg13g2_s
tdcell_typ_1p20V_25C.lib'…                                                      
Reading timing library for the 'nom_typ_1p20V_25C' corner at                    
'/home/matthias/.ciel/ihp-sg13g2/ihp-sg13g2/libs.ref/sg13g2_io/lib/sg13g2_io_typ
_1p2V_3p3V_25C.lib'…                                                            
Reading OpenROAD database at                                                    
'/home/matthias/prog/janestreet/emulator/prototypes/one-bit-synth/runs/synth48/1
6-odb-setpowerconnections/one_bit_synth.odb'…                                   
Reading design constraints file at                                              
'/nix/store/8y4m6wgn5kqlbig1qwnwbxijqqp0jwib-python3-3.13.9-env/lib/python3.13/s
ite-packages/librelane/scripts/base.sdc'…                                       
[INFO] Using clock clock…                                                       
[INFO] Setting output delay to: 4.16                                            
[INFO] Setting input delay to: 4.16                                             
[INFO] Setting load to: 0.006                                                   
[INFO] Setting clock uncertainty to: 0.25                                       
[INFO] Setting clock transition to: 0.15                                        
[INFO] Setting timing derate to: 5.0%                                           
+ cut_rows -halo_width_x 10.0 -halo_width_y 10.0                                
Setting global connections for newly added cells…                               
[INFO] Setting global connections...                                            
[INFO ODB-0403] 0 connections made, 0 conflicts skipped.                        
Updating metrics…                                                               
Cell type report:                       Count       Area                        
  Buffer                                    3      21.77                        
  Inverter                                 52     283.05                        
  Sequential cell                         109    5339.78                        
  Multi-Input combinational cell         1141   10710.40                        
  Total                                  1305   16355.00                        
Writing OpenROAD database to                                                    
'/home/matthias/prog/janestreet/emulator/prototypes/one-bit-synth/runs/synth48/1
8-openroad-cutrows/one_bit_synth.odb'…                                          
Writing layout to                                                               
'/home/matthias/prog/janestreet/emulator/prototypes/one-bit-synth/runs/synth48/1
8-openroad-cutrows/one_bit_synth.def'…                                          
───────────────────────────── Tap/Decap Insertion ──────────────────────────────
[05:42:55] VERBOSE  Running 'OpenROAD.TapEndcapInsertion' at        step.py:1138
                    '../runs/synth48/19-openroad-tapendcapinsertion             
                    '…                                                          
[05:42:55] VERBOSE  Logging subprocess to                           step.py:1338
                    '../runs/synth48/19-openroad-tapendcapinsertion             
                    /openroad-tapendcapinsertion.log'…                          
Reading timing models for corner nom_typ_1p20V_25C…                             
Reading timing library for the 'nom_typ_1p20V_25C' corner at                    
'/home/matthias/.ciel/ihp-sg13g2/ihp-sg13g2/libs.ref/sg13g2_stdcell/lib/sg13g2_s
tdcell_typ_1p20V_25C.lib'…                                                      
Reading timing library for the 'nom_typ_1p20V_25C' corner at                    
'/home/matthias/.ciel/ihp-sg13g2/ihp-sg13g2/libs.ref/sg13g2_io/lib/sg13g2_io_typ
_1p2V_3p3V_25C.lib'…                                                            
Reading OpenROAD database at                                                    
'/home/matthias/prog/janestreet/emulator/prototypes/one-bit-synth/runs/synth48/1
8-openroad-cutrows/one_bit_synth.odb'…                                          
Reading design constraints file at                                              
'/nix/store/8y4m6wgn5kqlbig1qwnwbxijqqp0jwib-python3-3.13.9-env/lib/python3.13/s
ite-packages/librelane/scripts/base.sdc'…                                       
[INFO] Using clock clock…                                                       
[INFO] Setting output delay to: 4.16                                            
[INFO] Setting input delay to: 4.16                                             
[INFO] Setting load to: 0.006                                                   
[INFO] Setting clock uncertainty to: 0.25                                       
[INFO] Setting clock transition to: 0.15                                        
[INFO] Setting timing derate to: 5.0%                                           
+ tapcell -halo_width_x 10.0 -halo_width_y 10.0 -distance 0.0                   
Setting global connections for newly added cells…                               
[INFO] Setting global connections...                                            
[INFO ODB-0403] 0 connections made, 0 conflicts skipped.                        
Updating metrics…                                                               
Cell type report:                       Count       Area                        
  Buffer                                    3      21.77                        
  Inverter                                 52     283.05                        
  Sequential cell                         109    5339.78                        
  Multi-Input combinational cell         1141   10710.40                        
  Total                                  1305   16355.00                        
Writing OpenROAD database to                                                    
'/home/matthias/prog/janestreet/emulator/prototypes/one-bit-synth/runs/synth48/1
9-openroad-tapendcapinsertion/one_bit_synth.odb'…                               
Writing netlist to                                                              
'/home/matthias/prog/janestreet/emulator/prototypes/one-bit-synth/runs/synth48/1
9-openroad-tapendcapinsertion/one_bit_synth.nl.v'…                              
Writing powered netlist to                                                      
'/home/matthias/prog/janestreet/emulator/prototypes/one-bit-synth/runs/synth48/1
9-openroad-tapendcapinsertion/one_bit_synth.pnl.v'…                             
Writing layout to                                                               
'/home/matthias/prog/janestreet/emulator/prototypes/one-bit-synth/runs/synth48/1
9-openroad-tapendcapinsertion/one_bit_synth.def'…                               
Writing timing constraints to                                                   
'/home/matthias/prog/janestreet/emulator/prototypes/one-bit-synth/runs/synth48/1
9-openroad-tapendcapinsertion/one_bit_synth.sdc'…                               
───────────────────────────── Add PDN obstructions ─────────────────────────────
[05:42:55] VERBOSE  Running 'Odb.AddPDNObstructions' at             step.py:1138
                    '../runs/synth48/20-odb-addpdnobstructions'…                
[05:42:55] INFO     'PDN_OBSTRUCTIONS' is not defined. Skipping       odb.py:589
                    'Odb.AddPDNObstructions'…                                   
──────────────────── Power Distribution Network Generation ─────────────────────
[05:42:55] VERBOSE  Running 'OpenROAD.GeneratePDN' at               step.py:1138
                    '../runs/synth48/21-openroad-generatepdn'…                  
[05:42:55] INFO     'PDN_CFG' not explicitly set, setting it to openroad.py:1483
                    /nix/store/8y4m6wgn5kqlbig1qwnwbxijqqp0jwib                 
                    -python3-3.13.9-env/lib/python3.13/site-pac                 
                    kages/librelane/scripts/openroad/common/pdn                 
                    _cfg.tcl…                                                   
[05:42:55] VERBOSE  Logging subprocess to                           step.py:1338
                    '../runs/synth48/21-openroad-generatepdn/openro             
                    ad-generatepdn.log'…                                        
Reading timing models for corner nom_typ_1p20V_25C…                             
Reading timing library for the 'nom_typ_1p20V_25C' corner at                    
'/home/matthias/.ciel/ihp-sg13g2/ihp-sg13g2/libs.ref/sg13g2_stdcell/lib/sg13g2_s
tdcell_typ_1p20V_25C.lib'…                                                      
Reading timing library for the 'nom_typ_1p20V_25C' corner at                    
'/home/matthias/.ciel/ihp-sg13g2/ihp-sg13g2/libs.ref/sg13g2_io/lib/sg13g2_io_typ
_1p2V_3p3V_25C.lib'…                                                            
Reading OpenROAD database at                                                    
'/home/matthias/prog/janestreet/emulator/prototypes/one-bit-synth/runs/synth48/1
9-openroad-tapendcapinsertion/one_bit_synth.odb'…                               
Reading design constraints file at                                              
'/nix/store/8y4m6wgn5kqlbig1qwnwbxijqqp0jwib-python3-3.13.9-env/lib/python3.13/s
ite-packages/librelane/scripts/base.sdc'…                                       
[INFO] Using clock clock…                                                       
[INFO] Setting output delay to: 4.16                                            
[INFO] Setting input delay to: 4.16                                             
[INFO] Setting load to: 0.006                                                   
[INFO] Setting clock uncertainty to: 0.25                                       
[INFO] Setting clock transition to: 0.15                                        
[INFO] Setting timing derate to: 5.0%                                           
[INFO] Setting global connections...                                            
[INFO ODB-0403] 0 connections made, 0 conflicts skipped.                        
+ pdngen                                                                        
[INFO PDN-0001] Inserting grid: stdcell_grid                                    
Setting global connections for newly added cells…                               
[INFO] Setting global connections...                                            
[INFO ODB-0403] 0 connections made, 0 conflicts skipped.                        
Updating metrics…                                                               
Cell type report:                       Count       Area                        
  Buffer                                    3      21.77                        
  Inverter                                 52     283.05                        
  Sequential cell                         109    5339.78                        
  Multi-Input combinational cell         1141   10710.40                        
  Total                                  1305   16355.00                        
Writing OpenROAD database to                                                    
'/home/matthias/prog/janestreet/emulator/prototypes/one-bit-synth/runs/synth48/2
1-openroad-generatepdn/one_bit_synth.odb'…                                      
Writing netlist to                                                              
'/home/matthias/prog/janestreet/emulator/prototypes/one-bit-synth/runs/synth48/2
1-openroad-generatepdn/one_bit_synth.nl.v'…                                     
Writing powered netlist to                                                      
'/home/matthias/prog/janestreet/emulator/prototypes/one-bit-synth/runs/synth48/2
1-openroad-generatepdn/one_bit_synth.pnl.v'…                                    
Writing layout to                                                               
'/home/matthias/prog/janestreet/emulator/prototypes/one-bit-synth/runs/synth48/2
1-openroad-generatepdn/one_bit_synth.def'…                                      
Writing timing constraints to                                                   
'/home/matthias/prog/janestreet/emulator/prototypes/one-bit-synth/runs/synth48/2
1-openroad-generatepdn/one_bit_synth.sdc'…                                      
[INFO PSM-0040] All shapes on net VPWR are connected.                           
[INFO PSM-0040] All shapes on net VGND are connected.                           
─────────────────────────── Remove PDN obstructions ────────────────────────────
[05:42:55] VERBOSE  Running 'Odb.RemovePDNObstructions' at          step.py:1138
                    '../runs/synth48/22-odb-removepdnobstructions'…             
[05:42:55] INFO     'PDN_OBSTRUCTIONS' is not defined. Skipping       odb.py:589
                    'Odb.RemovePDNObstructions'…                                
─────────────────────────────── Add Obstructions ───────────────────────────────
[05:42:55] VERBOSE  Running 'Odb.AddRoutingObstructions' at         step.py:1138
                    '../runs/synth48/23-odb-addroutingobstructions'             
                    …                                                           
[05:42:55] INFO     'ROUTING_OBSTRUCTIONS' is not defined. Skipping   odb.py:589
                    'Odb.AddRoutingObstructions'…                               
─────────────────────────── Global Placement Skip IO ───────────────────────────
[05:42:55] VERBOSE  Running 'OpenROAD.GlobalPlacementSkipIO' at     step.py:1138
                    '../runs/synth48/24-openroad-globalplacementski             
                    pio'…                                                       
[05:42:55] VERBOSE  Logging subprocess to                           step.py:1338
                    '../runs/synth48/24-openroad-globalplacementski             
                    pio/openroad-globalplacementskipio.log'…                    
Reading timing models for corner nom_typ_1p20V_25C…                             
Reading timing library for the 'nom_typ_1p20V_25C' corner at                    
'/home/matthias/.ciel/ihp-sg13g2/ihp-sg13g2/libs.ref/sg13g2_stdcell/lib/sg13g2_s
tdcell_typ_1p20V_25C.lib'…                                                      
Reading timing library for the 'nom_typ_1p20V_25C' corner at                    
'/home/matthias/.ciel/ihp-sg13g2/ihp-sg13g2/libs.ref/sg13g2_io/lib/sg13g2_io_typ
_1p2V_3p3V_25C.lib'…                                                            
Reading OpenROAD database at                                                    
'/home/matthias/prog/janestreet/emulator/prototypes/one-bit-synth/runs/synth48/2
1-openroad-generatepdn/one_bit_synth.odb'…                                      
Reading design constraints file at                                              
'/nix/store/8y4m6wgn5kqlbig1qwnwbxijqqp0jwib-python3-3.13.9-env/lib/python3.13/s
ite-packages/librelane/scripts/base.sdc'…                                       
[INFO] Using clock clock…                                                       
[INFO] Setting output delay to: 4.16                                            
[INFO] Setting input delay to: 4.16                                             
[INFO] Setting load to: 0.006                                                   
[INFO] Setting clock uncertainty to: 0.25                                       
[INFO] Setting clock transition to: 0.15                                        
[INFO] Setting timing derate to: 5.0%                                           
+ global_placement -density 0.62 -skip_io -pad_right 0 -pad_left 0              
-init_wirelength_coef 0.25                                                      
[INFO GPL-0001] ---- Initialize GPL Main Data Structures                        
[INFO GPL-0002] DBU: 1000                                                       
[INFO GPL-0003] SiteSize: (  0.480  3.780 ) um                                  
[INFO GPL-0004] CoreBBox: (  5.760 15.120 ) ( 178.080 185.220 ) um              
[INFO GPL-0036] Movable instances area:      16355.002 um^2                     
[INFO GPL-0037] Total instances area:        16355.002 um^2                     
[INFO GPL-0035] Pin density area adjust:      2494.010 um^2                     
[INFO GPL-0032] ---- Initialize Region: Top-level                               
[INFO GPL-0006] Number of instances:              1305                          
[INFO GPL-0007] Movable instances:                1305                          
[INFO GPL-0008] Fixed instances:                     0                          
[INFO GPL-0009] Dummy instances:                     0                          
[INFO GPL-0010] Number of nets:                   1307                          
[INFO GPL-0011] Number of pins:                   4358                          
[INFO GPL-0012] Die BBox:  (  0.000  0.000 ) ( 183.960 202.680 ) um             
[INFO GPL-0013] Core BBox: (  5.760 15.120 ) ( 178.080 185.220 ) um             
[INFO GPL-0016] Core area:                   29311.632 um^2                     
[INFO GPL-0014] Region name: top-level.                                         
[INFO GPL-0015] Region area:                 29311.632 um^2                     
[INFO GPL-0017] Fixed instances area:            0.000 um^2                     
[INFO GPL-0018] Movable instances area:      18849.011 um^2                     
[INFO GPL-0019] Utilization:                    64.306 %                        
[INFO GPL-0020] Standard cells area:         18849.011 um^2                     
[INFO GPL-0021] Large instances area:            0.000 um^2                     
[INFO GPL-0005] ---- Execute Conjugate Gradient Initial Placement.              
[INFO GPL-0051] Source of initial instance position counters:                   
        Odb location = 0        Core center = 1305      Region center = 0       
[INFO GPL-0033] ---- Initialize Nesterov Region: Top-level                      
[05:42:55] WARNING  [GPL-0302] Target density 0.6200 is too low  openroad.py:314
                    for the available free area.                                
Automatically adjusting to uniform density 0.6500.                              
[INFO GPL-0023] Placement target density:       0.6500                          
[INFO GPL-0024] Movable insts average area:     14.444 um^2                     
[INFO GPL-0025] Ideal bin area:                 22.221 um^2                     
[INFO GPL-0026] Ideal bin count:                  1319                          
[INFO GPL-0027] Total bin area:              29311.632 um^2                     
[INFO GPL-0028] Bin count (X, Y):          32 ,     32                          
[INFO GPL-0029] Bin size (W * H):       5.385 *  5.316 um                       
[INFO GPL-0030] Number of bins:                   1024                          
[INFO GPL-0007] ---- Execute Nesterov Global Placement.                         
[INFO GPL-0031] HPWL: Half-Perimeter Wirelength                                 
Iteration | Overflow |     HPWL (um) |  HPWL(%) |   Penalty | Group             
---------------------------------------------------------------                 
        0 |   0.9918 |  3.335276e+03 |   +0.00% |  5.19e-15 |                   
       10 |   0.9914 |  2.693562e+03 |  -19.24% |  8.45e-15 |                   
       20 |   0.9911 |  2.641525e+03 |   -1.93% |  1.38e-14 |                   
       30 |   0.9904 |  2.614292e+03 |   -1.03% |  2.24e-14 |                   
       40 |   0.9899 |  2.591592e+03 |   -0.87% |  3.65e-14 |                   
       50 |   0.9897 |  2.579240e+03 |   -0.48% |  5.95e-14 |                   
       60 |   0.9890 |  2.573725e+03 |   -0.21% |  9.69e-14 |                   
       70 |   0.9879 |  2.572314e+03 |   -0.05% |  1.58e-13 |                   
       80 |   0.9876 |  2.575696e+03 |   +0.13% |  2.57e-13 |                   
       90 |   0.9873 |  2.587789e+03 |   +0.47% |  4.19e-13 |                   
      100 |   0.9865 |  2.618084e+03 |   +1.17% |  6.82e-13 |                   
      110 |   0.9852 |  2.678162e+03 |   +2.29% |  1.11e-12 |                   
      120 |   0.9818 |  2.790746e+03 |   +4.20% |  1.81e-12 |                   
      130 |   0.9729 |  3.002790e+03 |   +7.60% |  2.95e-12 |                   
      140 |   0.9623 |  3.420022e+03 |  +13.89% |  4.80e-12 |                   
      150 |   0.9446 |  3.991764e+03 |  +16.72% |  7.82e-12 |                   
      160 |   0.9187 |  4.602704e+03 |  +15.31% |  1.27e-11 |                   
      170 |   0.8965 |  5.111226e+03 |  +11.05% |  2.08e-11 |                   
      180 |   0.8761 |  5.791999e+03 |  +13.32% |  3.38e-11 |                   
      190 |   0.8495 |  6.636594e+03 |  +14.58% |  5.51e-11 |                   
      200 |   0.8179 |  7.625552e+03 |  +14.90% |  8.97e-11 |                   
      210 |   0.7859 |  8.668481e+03 |  +13.68% |  1.46e-10 |                   
      220 |   0.7489 |  9.613221e+03 |  +10.90% |  2.38e-10 |                   
      230 |   0.7083 |  1.061387e+04 |  +10.41% |  3.88e-10 |                   
      240 |   0.6698 |  1.148072e+04 |   +8.17% |  6.31e-10 |                   
      250 |   0.6259 |  1.229537e+04 |   +7.10% |  1.03e-09 |                   
      260 |   0.5832 |  1.326938e+04 |   +7.92% |  1.67e-09 |                   
      270 |   0.5381 |  1.405433e+04 |   +5.92% |  2.73e-09 |                   
      280 |   0.4917 |  1.488829e+04 |   +5.93% |  4.44e-09 |                   
      290 |   0.4463 |  1.573013e+04 |   +5.65% |  7.23e-09 |                   
      300 |   0.3939 |  1.656792e+04 |   +5.33% |  1.18e-08 |                   
      310 |   0.3443 |  1.734156e+04 |   +4.67% |  1.92e-08 |                   
      320 |   0.3070 |  1.791168e+04 |   +3.29% |  2.83e-08 |                   
      330 |   0.2784 |  1.852461e+04 |   +3.42% |  4.16e-08 |                   
      340 |   0.2412 |  1.898386e+04 |   +2.48% |  6.13e-08 |                   
      350 |   0.2109 |  1.938979e+04 |   +2.14% |  9.04e-08 |                   
      360 |   0.1858 |  1.969454e+04 |   +1.57% |  1.33e-07 |                   
      370 |   0.1640 |  1.992909e+04 |   +1.19% |  1.96e-07 |                   
      380 |   0.1444 |  2.014925e+04 |   +1.10% |  2.89e-07 |                   
      390 |   0.1266 |  2.035130e+04 |   +1.00% |  4.26e-07 |                   
      400 |   0.1091 |  2.052069e+04 |   +0.83% |  6.27e-07 |                   
      406 |   0.0986 |  2.064300e+04 |          |  8.22e-07 |                   
---------------------------------------------------------------                 
[INFO GPL-1001] Global placement finished at iteration 406                      
[INFO GPL-1002] Placed Cell Area            18849.0114                          
[INFO GPL-1003] Available Free Area         29311.6320                          
[INFO GPL-1004] Minimum Feasible Density        0.6500 (cell_area / free_area)  
[INFO GPL-1006]   Suggested Target Densities:                                   
[INFO GPL-1007]     - For 90% usage of free space: 0.7145                       
[INFO GPL-1008]     - For 80% usage of free space: 0.8038                       
[INFO GPL-1014] Final placement area: 18849.01 (+0.00%)                         
Setting global connections for newly added cells…                               
[INFO] Setting global connections...                                            
[INFO ODB-0403] 0 connections made, 0 conflicts skipped.                        
Updating metrics…                                                               
Cell type report:                       Count       Area                        
  Buffer                                    3      21.77                        
  Inverter                                 52     283.05                        
  Sequential cell                         109    5339.78                        
  Multi-Input combinational cell         1141   10710.40                        
  Total                                  1305   16355.00                        
Writing OpenROAD database to                                                    
'/home/matthias/prog/janestreet/emulator/prototypes/one-bit-synth/runs/synth48/2
4-openroad-globalplacementskipio/one_bit_synth.odb'…                            
Writing netlist to                                                              
'/home/matthias/prog/janestreet/emulator/prototypes/one-bit-synth/runs/synth48/2
4-openroad-globalplacementskipio/one_bit_synth.nl.v'…                           
Writing powered netlist to                                                      
'/home/matthias/prog/janestreet/emulator/prototypes/one-bit-synth/runs/synth48/2
4-openroad-globalplacementskipio/one_bit_synth.pnl.v'…                          
Writing layout to                                                               
'/home/matthias/prog/janestreet/emulator/prototypes/one-bit-synth/runs/synth48/2
4-openroad-globalplacementskipio/one_bit_synth.def'…                            
Writing timing constraints to                                                   
'/home/matthias/prog/janestreet/emulator/prototypes/one-bit-synth/runs/synth48/2
4-openroad-globalplacementskipio/one_bit_synth.sdc'…                            
──────────────────────────────── I/O Placement ─────────────────────────────────
[05:42:56] VERBOSE  Running 'OpenROAD.IOPlacement' at               step.py:1138
                    '../runs/synth48/25-openroad-ioplacement'…                  
[05:42:56] VERBOSE  Logging subprocess to                           step.py:1338
                    '../runs/synth48/25-openroad-ioplacement/openro             
                    ad-ioplacement.log'…                                        
Reading timing models for corner nom_typ_1p20V_25C…                             
Reading timing library for the 'nom_typ_1p20V_25C' corner at                    
'/home/matthias/.ciel/ihp-sg13g2/ihp-sg13g2/libs.ref/sg13g2_stdcell/lib/sg13g2_s
tdcell_typ_1p20V_25C.lib'…                                                      
Reading timing library for the 'nom_typ_1p20V_25C' corner at                    
'/home/matthias/.ciel/ihp-sg13g2/ihp-sg13g2/libs.ref/sg13g2_io/lib/sg13g2_io_typ
_1p2V_3p3V_25C.lib'…                                                            
Reading OpenROAD database at                                                    
'/home/matthias/prog/janestreet/emulator/prototypes/one-bit-synth/runs/synth48/2
4-openroad-globalplacementskipio/one_bit_synth.odb'…                            
Reading design constraints file at                                              
'/nix/store/8y4m6wgn5kqlbig1qwnwbxijqqp0jwib-python3-3.13.9-env/lib/python3.13/s
ite-packages/librelane/scripts/base.sdc'…                                       
[INFO] Using clock clock…                                                       
[INFO] Setting output delay to: 4.16                                            
[INFO] Setting input delay to: 4.16                                             
[INFO] Setting load to: 0.006                                                   
[INFO] Setting clock uncertainty to: 0.25                                       
[INFO] Setting clock transition to: 0.15                                        
[INFO] Setting timing derate to: 5.0%                                           
+ place_pins -hor_layers Metal3 -ver_layers Metal2                              
Found 0 macro blocks.                                                           
Using 2 tracks default min distance between IO pins.                            
[INFO PPL-0001] Number of available slots 848                                   
[INFO PPL-0002] Number of I/O             25                                    
[INFO PPL-0003] Number of I/O w/sink      25                                    
[INFO PPL-0004] Number of I/O w/o sink    0                                     
[INFO PPL-0005] Slots per section         200                                   
[INFO PPL-0008] Successfully assigned pins to sections.                         
[INFO PPL-0012] I/O nets HPWL: 2262.59 um.                                      
Setting global connections for newly added cells…                               
[INFO] Setting global connections...                                            
[INFO ODB-0403] 0 connections made, 0 conflicts skipped.                        
Updating metrics…                                                               
Cell type report:                       Count       Area                        
  Buffer                                    3      21.77                        
  Inverter                                 52     283.05                        
  Sequential cell                         109    5339.78                        
  Multi-Input combinational cell         1141   10710.40                        
  Total                                  1305   16355.00                        
Writing OpenROAD database to                                                    
'/home/matthias/prog/janestreet/emulator/prototypes/one-bit-synth/runs/synth48/2
5-openroad-ioplacement/one_bit_synth.odb'…                                      
Writing netlist to                                                              
'/home/matthias/prog/janestreet/emulator/prototypes/one-bit-synth/runs/synth48/2
5-openroad-ioplacement/one_bit_synth.nl.v'…                                     
Writing powered netlist to                                                      
'/home/matthias/prog/janestreet/emulator/prototypes/one-bit-synth/runs/synth48/2
5-openroad-ioplacement/one_bit_synth.pnl.v'…                                    
Writing layout to                                                               
'/home/matthias/prog/janestreet/emulator/prototypes/one-bit-synth/runs/synth48/2
5-openroad-ioplacement/one_bit_synth.def'…                                      
Writing timing constraints to                                                   
'/home/matthias/prog/janestreet/emulator/prototypes/one-bit-synth/runs/synth48/2
5-openroad-ioplacement/one_bit_synth.sdc'…                                      
─────────────────────── Custom I/O Pin Placement Script ────────────────────────
[05:42:56] VERBOSE  Running 'Odb.CustomIOPlacement' at              step.py:1138
                    '../runs/synth48/26-odb-customioplacement'…                 
[05:42:56] INFO     No custom I/O placement file configured, skipping odb.py:718
                    'Odb.CustomIOPlacement'…                                    
────────────────────────────── Apply DEF Template ──────────────────────────────
[05:42:56] VERBOSE  Running 'Odb.ApplyDEFTemplate' at               step.py:1138
                    '../runs/synth48/27-odb-applydeftemplate'…                  
[05:42:56] INFO     No DEF template provided, skipping                odb.py:302
                    'Odb.ApplyDEFTemplate'…                                     
─────────────────────────────── Global Placement ───────────────────────────────
[05:42:56] VERBOSE  Running 'OpenROAD.GlobalPlacement' at           step.py:1138
                    '../runs/synth48/28-openroad-globalplacement'…              
[05:42:56] VERBOSE  Logging subprocess to                           step.py:1338
                    '../runs/synth48/28-openroad-globalplacement/op             
                    enroad-globalplacement.log'…                                
Reading timing models for corner nom_typ_1p20V_25C…                             
Reading timing library for the 'nom_typ_1p20V_25C' corner at                    
'/home/matthias/.ciel/ihp-sg13g2/ihp-sg13g2/libs.ref/sg13g2_stdcell/lib/sg13g2_s
tdcell_typ_1p20V_25C.lib'…                                                      
Reading timing library for the 'nom_typ_1p20V_25C' corner at                    
'/home/matthias/.ciel/ihp-sg13g2/ihp-sg13g2/libs.ref/sg13g2_io/lib/sg13g2_io_typ
_1p2V_3p3V_25C.lib'…                                                            
Reading OpenROAD database at                                                    
'/home/matthias/prog/janestreet/emulator/prototypes/one-bit-synth/runs/synth48/2
5-openroad-ioplacement/one_bit_synth.odb'…                                      
Reading design constraints file at                                              
'/nix/store/8y4m6wgn5kqlbig1qwnwbxijqqp0jwib-python3-3.13.9-env/lib/python3.13/s
ite-packages/librelane/scripts/base.sdc'…                                       
[INFO] Using clock clock…                                                       
[INFO] Setting output delay to: 4.16                                            
[INFO] Setting input delay to: 4.16                                             
[INFO] Setting load to: 0.006                                                   
[INFO] Setting clock uncertainty to: 0.25                                       
[INFO] Setting clock transition to: 0.15                                        
[INFO] Setting timing derate to: 5.0%                                           
[INFO] Setting signal min routing layer to: Metal2 and clock min routing layer  
to Metal2.                                                                      
[INFO] Setting signal max routing layer to: TopMetal2 and clock max routing     
layer to TopMetal2.                                                             
+ global_placement -density 0.62 -routability_driven -pad_right 0 -pad_left 0   
-init_wirelength_coef 0.25                                                      
[INFO GPL-0001] ---- Initialize GPL Main Data Structures                        
[INFO GPL-0002] DBU: 1000                                                       
[INFO GPL-0003] SiteSize: (  0.480  3.780 ) um                                  
[INFO GPL-0004] CoreBBox: (  5.760 15.120 ) ( 178.080 185.220 ) um              
[INFO GPL-0036] Movable instances area:      16355.002 um^2                     
[INFO GPL-0037] Total instances area:        16355.002 um^2                     
[INFO GPL-0035] Pin density area adjust:      2494.010 um^2                     
[INFO GPL-0032] ---- Initialize Region: Top-level                               
[INFO GPL-0006] Number of instances:              1305                          
[INFO GPL-0007] Movable instances:                1305                          
[INFO GPL-0008] Fixed instances:                     0                          
[INFO GPL-0009] Dummy instances:                     0                          
[INFO GPL-0010] Number of nets:                   1307                          
[INFO GPL-0011] Number of pins:                   4383                          
[INFO GPL-0012] Die BBox:  (  0.000  0.000 ) ( 183.960 202.680 ) um             
[INFO GPL-0013] Core BBox: (  5.760 15.120 ) ( 178.080 185.220 ) um             
[INFO GPL-0016] Core area:                   29311.632 um^2                     
[INFO GPL-0014] Region name: top-level.                                         
[INFO GPL-0015] Region area:                 29311.632 um^2                     
[INFO GPL-0017] Fixed instances area:            0.000 um^2                     
[INFO GPL-0018] Movable instances area:      18849.011 um^2                     
[INFO GPL-0019] Utilization:                    64.306 %                        
[INFO GPL-0020] Standard cells area:         18849.011 um^2                     
[INFO GPL-0021] Large instances area:            0.000 um^2                     
[INFO GPL-0005] ---- Execute Conjugate Gradient Initial Placement.              
[INFO GPL-0051] Source of initial instance position counters:                   
        Odb location = 1305     Core center = 0 Region center = 0               
[InitialPlace]  Iter: 1 conjugate gradient residual: 0.00046710 HPWL: 32440284  
[InitialPlace]  Iter: 2 conjugate gradient residual: 0.00026228 HPWL: 17852038  
[InitialPlace]  Iter: 3 conjugate gradient residual: 0.00012367 HPWL: 16103047  
[InitialPlace]  Iter: 4 conjugate gradient residual: 0.00002064 HPWL: 15840646  
[InitialPlace]  Iter: 5 conjugate gradient residual: 0.00002775 HPWL: 15780414  
[InitialPlace]  Iter: 6 conjugate gradient residual: 0.00002494 HPWL: 15756876  
[InitialPlace]  Iter: 7 conjugate gradient residual: 0.00005068 HPWL: 15749710  
[InitialPlace]  Iter: 8 conjugate gradient residual: 0.00001609 HPWL: 15746020  
[InitialPlace]  Iter: 9 conjugate gradient residual: 0.00004612 HPWL: 15735318  
[InitialPlace]  Iter: 10 conjugate gradient residual: 0.00006838 HPWL: 15739417 
[InitialPlace]  Iter: 11 conjugate gradient residual: 0.00029485 HPWL: 15730908 
[InitialPlace]  Iter: 12 conjugate gradient residual: 0.00002056 HPWL: 15734892 
[InitialPlace]  Iter: 13 conjugate gradient residual: 0.00003970 HPWL: 15723769 
[InitialPlace]  Iter: 14 conjugate gradient residual: 0.00001023 HPWL: 15728919 
[InitialPlace]  Iter: 15 conjugate gradient residual: 0.00003143 HPWL: 15724829 
[InitialPlace]  Iter: 16 conjugate gradient residual: 0.00001124 HPWL: 15729034 
[InitialPlace]  Iter: 17 conjugate gradient residual: 0.00002382 HPWL: 15721516 
[InitialPlace]  Iter: 18 conjugate gradient residual: 0.00033521 HPWL: 15725252 
[InitialPlace]  Iter: 19 conjugate gradient residual: 0.00002720 HPWL: 15722847 
[InitialPlace]  Iter: 20 conjugate gradient residual: 0.00000843 HPWL: 15722169 
[INFO GPL-0033] ---- Initialize Nesterov Region: Top-level                      
[05:42:56] WARNING  [GPL-0302] Target density 0.6200 is too low  openroad.py:314
                    for the available free area.                                
Automatically adjusting to uniform density 0.6500.                              
[INFO GPL-0023] Placement target density:       0.6500                          
[INFO GPL-0024] Movable insts average area:     14.444 um^2                     
[INFO GPL-0025] Ideal bin area:                 22.221 um^2                     
[INFO GPL-0026] Ideal bin count:                  1319                          
[INFO GPL-0027] Total bin area:              29311.632 um^2                     
[INFO GPL-0028] Bin count (X, Y):          32 ,     32                          
[INFO GPL-0029] Bin size (W * H):       5.385 *  5.316 um                       
[INFO GPL-0030] Number of bins:                   1024                          
[INFO GPL-0007] ---- Execute Nesterov Global Placement.                         
[INFO GPL-0031] HPWL: Half-Perimeter Wirelength                                 
Iteration | Overflow |     HPWL (um) |  HPWL(%) |   Penalty | Group             
---------------------------------------------------------------                 
        0 |   0.9574 |  5.810261e+03 |   +0.00% |  5.15e-15 |                   
       10 |   0.9105 |  7.627894e+03 |  +31.28% |  8.39e-15 |                   
       20 |   0.8957 |  7.987504e+03 |   +4.71% |  1.37e-14 |                   
       30 |   0.8939 |  7.963901e+03 |   -0.30% |  2.23e-14 |                   
       40 |   0.8963 |  7.893378e+03 |   -0.89% |  3.63e-14 |                   
       50 |   0.8986 |  7.852826e+03 |   -0.51% |  5.91e-14 |                   
       60 |   0.8949 |  7.818816e+03 |   -0.43% |  9.62e-14 |                   
       70 |   0.8962 |  7.787430e+03 |   -0.40% |  1.57e-13 |                   
       80 |   0.8942 |  7.753600e+03 |   -0.43% |  2.55e-13 |                   
       90 |   0.8932 |  7.724639e+03 |   -0.37% |  4.16e-13 |                   
      100 |   0.8920 |  7.714393e+03 |   -0.13% |  6.78e-13 |                   
      110 |   0.8933 |  7.720169e+03 |   +0.07% |  1.10e-12 |                   
      120 |   0.8918 |  7.746486e+03 |   +0.34% |  1.80e-12 |                   
      130 |   0.8882 |  7.804222e+03 |   +0.75% |  2.93e-12 |                   
      140 |   0.8816 |  7.907367e+03 |   +1.32% |  4.77e-12 |                   
      150 |   0.8736 |  8.071692e+03 |   +2.08% |  7.77e-12 |                   
      160 |   0.8591 |  8.310729e+03 |   +2.96% |  1.27e-11 |                   
      170 |   0.8458 |  8.631430e+03 |   +3.86% |  2.06e-11 |                   
      180 |   0.8270 |  9.042179e+03 |   +4.76% |  3.36e-11 |                   
      190 |   0.8049 |  9.551347e+03 |   +5.63% |  5.47e-11 |                   
      200 |   0.7790 |  1.015338e+04 |   +6.30% |  8.91e-11 |                   
      210 |   0.7527 |  1.091069e+04 |   +7.46% |  1.45e-10 |                   
      220 |   0.7226 |  1.160242e+04 |   +6.34% |  2.36e-10 |                   
      230 |   0.6887 |  1.236999e+04 |   +6.62% |  3.85e-10 |                   
      240 |   0.6465 |  1.305848e+04 |   +5.57% |  6.27e-10 |                   
      250 |   0.6049 |  1.384544e+04 |   +6.03% |  1.02e-09 |                   
[INFO GPL-0038] Routability snapshot saved at iter = 252                        
      251 |   0.5995 |  1.391237e+04 |          |           |                   
      260 |   0.5648 |  1.460737e+04 |   +5.50% |  1.66e-09 |                   
      270 |   0.5238 |  1.533459e+04 |   +4.98% |  2.71e-09 |                   
      280 |   0.4779 |  1.599920e+04 |   +4.33% |  4.41e-09 |                   
      290 |   0.4320 |  1.668913e+04 |   +4.31% |  7.19e-09 |                   
      300 |   0.3886 |  1.757639e+04 |   +5.32% |  1.17e-08 |                   
      310 |   0.3433 |  1.837023e+04 |   +4.52% |  1.91e-08 |                   
      320 |   0.3050 |  1.899232e+04 |   +3.39% |  2.81e-08 |                   
[INFO GPL-0040] Routability iteration: 1                                        
[INFO GPL-0041] Total routing overflow: 0.0000                                  
[INFO GPL-0042] Number of overflowed tiles: 0 (0.00%)                           
[INFO GPL-0043] Average top 0.5% routing congestion: 0.7977                     
[INFO GPL-0044] Average top 1.0% routing congestion: 0.7853                     
[INFO GPL-0045] Average top 2.0% routing congestion: 0.7622                     
[INFO GPL-0046] Average top 5.0% routing congestion: 0.7011                     
[INFO GPL-0047] Routability iteration weighted routing congestion: 0.7915       
[INFO GPL-0050] Weighted routing congestion is lower than target routing        
congestion(1.0100), end routability optimization.                               
[INFO GPL-0090] Routability finished. Target routing congestion achieved        
succesfully.                                                                    
Iteration | Overflow |     HPWL (um) |  HPWL(%) |   Penalty | Group             
---------------------------------------------------------------                 
      330 |   0.2704 |  1.960092e+04 |   +3.20% |  4.14e-08 |                   
      340 |   0.2396 |  2.004873e+04 |   +2.28% |  6.09e-08 |                   
      350 |   0.2140 |  2.043327e+04 |   +1.92% |  8.98e-08 |                   
      360 |   0.1851 |  2.068112e+04 |   +1.21% |  1.32e-07 |                   
      370 |   0.1639 |  2.094225e+04 |   +1.26% |  1.95e-07 |                   
      380 |   0.1409 |  2.111297e+04 |   +0.82% |  2.87e-07 |                   
      390 |   0.1240 |  2.125654e+04 |   +0.68% |  4.23e-07 |                   
      400 |   0.1087 |  2.141771e+04 |   +0.76% |  6.23e-07 |                   
      406 |   0.0992 |  2.151211e+04 |          |  8.17e-07 |                   
---------------------------------------------------------------                 
[INFO GPL-1001] Global placement finished at iteration 406                      
[INFO GPL-1003] Routability mode iteration count: 70                            
[INFO GPL-1005] Routability final weighted congestion: 0.7032                   
[INFO GPL-1002] Placed Cell Area            18849.0114                          
[INFO GPL-1003] Available Free Area         29311.6320                          
[INFO GPL-1004] Minimum Feasible Density        0.6500 (cell_area / free_area)  
[INFO GPL-1006]   Suggested Target Densities:                                   
[INFO GPL-1007]     - For 90% usage of free space: 0.7145                       
[INFO GPL-1008]     - For 80% usage of free space: 0.8038                       
[INFO GPL-1011] Original area (um^2): 18849.01                                  
[INFO GPL-1012] Total routability artificial inflation: 0.00 (+0.00%)           
[INFO GPL-1014] Final placement area: 18849.01 (+0.00%)                         
Setting global connections for newly added cells…                               
[INFO] Setting global connections...                                            
[INFO ODB-0403] 0 connections made, 0 conflicts skipped.                        
Updating metrics…                                                               
Cell type report:                       Count       Area                        
  Buffer                                    3      21.77                        
  Inverter                                 52     283.05                        
  Sequential cell                         109    5339.78                        
  Multi-Input combinational cell         1141   10710.40                        
  Total                                  1305   16355.00                        
Writing OpenROAD database to                                                    
'/home/matthias/prog/janestreet/emulator/prototypes/one-bit-synth/runs/synth48/2
8-openroad-globalplacement/one_bit_synth.odb'…                                  
Writing netlist to                                                              
'/home/matthias/prog/janestreet/emulator/prototypes/one-bit-synth/runs/synth48/2
8-openroad-globalplacement/one_bit_synth.nl.v'…                                 
Writing powered netlist to                                                      
'/home/matthias/prog/janestreet/emulator/prototypes/one-bit-synth/runs/synth48/2
8-openroad-globalplacement/one_bit_synth.pnl.v'…                                
Writing layout to                                                               
'/home/matthias/prog/janestreet/emulator/prototypes/one-bit-synth/runs/synth48/2
8-openroad-globalplacement/one_bit_synth.def'…                                  
Writing timing constraints to                                                   
'/home/matthias/prog/janestreet/emulator/prototypes/one-bit-synth/runs/synth48/2
8-openroad-globalplacement/one_bit_synth.sdc'…                                  
───────────────────────────── Write Verilog Header ─────────────────────────────
[05:42:57] VERBOSE  Running 'Odb.WriteVerilogHeader' at             step.py:1138
                    '../runs/synth48/29-odb-writeverilogheader'…                
[05:42:57] VERBOSE  Logging subprocess to                           step.py:1338
                    '../runs/synth48/29-odb-writeverilogheader/odb-             
                    writeverilogheader.log'…                                    
───────────────────────── Power Grid Violation Checker ─────────────────────────
[05:42:57] VERBOSE  Running 'Checker.PowerGridViolations' at        step.py:1138
                    '../runs/synth48/30-checker-powergridviolations             
                    '…                                                          
[05:42:57] INFO     Check for power grid violations (as reported  checker.py:131
                    by OpenROAD PSM- you may ignore these if LVS                
                    passes) clear.                                              
─────────────────────── Static Timing Analysis (Mid-PnR) ───────────────────────
[05:42:57] VERBOSE  Running 'OpenROAD.STAMidPNR' at                 step.py:1138
                    '../runs/synth48/31-openroad-stamidpnr'…                    
[05:42:57] VERBOSE  Logging subprocess to                           step.py:1338
                    '../runs/synth48/31-openroad-stamidpnr/openroad             
                    -stamidpnr.log'…                                            
Reading timing models for corner nom_typ_1p20V_25C…                             
Reading timing library for the 'nom_typ_1p20V_25C' corner at                    
'/home/matthias/.ciel/ihp-sg13g2/ihp-sg13g2/libs.ref/sg13g2_stdcell/lib/sg13g2_s
tdcell_typ_1p20V_25C.lib'…                                                      
Reading timing library for the 'nom_typ_1p20V_25C' corner at                    
'/home/matthias/.ciel/ihp-sg13g2/ihp-sg13g2/libs.ref/sg13g2_io/lib/sg13g2_io_typ
_1p2V_3p3V_25C.lib'…                                                            
Reading OpenROAD database at                                                    
'/home/matthias/prog/janestreet/emulator/prototypes/one-bit-synth/runs/synth48/2
8-openroad-globalplacement/one_bit_synth.odb'…                                  
Reading design constraints file at                                              
'/nix/store/8y4m6wgn5kqlbig1qwnwbxijqqp0jwib-python3-3.13.9-env/lib/python3.13/s
ite-packages/librelane/scripts/base.sdc'…                                       
[INFO] Using clock clock…                                                       
[INFO] Setting output delay to: 4.16                                            
[INFO] Setting input delay to: 4.16                                             
[INFO] Setting load to: 0.006                                                   
[INFO] Setting clock uncertainty to: 0.25                                       
[INFO] Setting clock transition to: 0.15                                        
[INFO] Setting timing derate to: 5.0%                                           
──────────────────── Repair Design (Post-Global Placement) ─────────────────────
[05:42:58] VERBOSE  Running 'OpenROAD.RepairDesignPostGPL' at       step.py:1138
                    '../runs/synth48/32-openroad-repairdesignpostgp             
                    l'…                                                         
[05:42:58] VERBOSE  Logging subprocess to                           step.py:1338
                    '../runs/synth48/32-openroad-repairdesignpostgp             
                    l/openroad-repairdesignpostgpl.log'…                        
Reading timing models for corner nom_fast_1p32V_m40C…                           
Reading timing library for the 'nom_fast_1p32V_m40C' corner at                  
'/home/matthias/.ciel/ihp-sg13g2/ihp-sg13g2/libs.ref/sg13g2_stdcell/lib/sg13g2_s
tdcell_fast_1p32V_m40C.lib'…                                                    
Reading timing library for the 'nom_fast_1p32V_m40C' corner at                  
'/home/matthias/.ciel/ihp-sg13g2/ihp-sg13g2/libs.ref/sg13g2_io/lib/sg13g2_io_fas
t_1p32V_3p6V_m40C.lib'…                                                         
Reading timing models for corner nom_slow_1p08V_125C…                           
Reading timing library for the 'nom_slow_1p08V_125C' corner at                  
'/home/matthias/.ciel/ihp-sg13g2/ihp-sg13g2/libs.ref/sg13g2_stdcell/lib/sg13g2_s
tdcell_slow_1p08V_125C.lib'…                                                    
Reading timing library for the 'nom_slow_1p08V_125C' corner at                  
'/home/matthias/.ciel/ihp-sg13g2/ihp-sg13g2/libs.ref/sg13g2_io/lib/sg13g2_io_slo
w_1p08V_3p0V_125C.lib'…                                                         
Reading timing models for corner nom_typ_1p20V_25C…                             
Reading timing library for the 'nom_typ_1p20V_25C' corner at                    
'/home/matthias/.ciel/ihp-sg13g2/ihp-sg13g2/libs.ref/sg13g2_stdcell/lib/sg13g2_s
tdcell_typ_1p20V_25C.lib'…                                                      
Reading timing library for the 'nom_typ_1p20V_25C' corner at                    
'/home/matthias/.ciel/ihp-sg13g2/ihp-sg13g2/libs.ref/sg13g2_io/lib/sg13g2_io_typ
_1p2V_3p3V_25C.lib'…                                                            
Reading OpenROAD database at                                                    
'/home/matthias/prog/janestreet/emulator/prototypes/one-bit-synth/runs/synth48/2
8-openroad-globalplacement/one_bit_synth.odb'…                                  
Reading design constraints file at                                              
'/nix/store/8y4m6wgn5kqlbig1qwnwbxijqqp0jwib-python3-3.13.9-env/lib/python3.13/s
ite-packages/librelane/scripts/base.sdc'…                                       
[INFO] Using clock clock…                                                       
[INFO] Setting output delay to: 4.16                                            
[INFO] Setting input delay to: 4.16                                             
[INFO] Setting load to: 0.006                                                   
[INFO] Setting clock uncertainty to: 0.25                                       
[INFO] Setting clock transition to: 0.15                                        
[INFO] Setting timing derate to: 5.0%                                           
[INFO RSZ-0027] Inserted 1 sg13g2_buf_1 input buffers.                          
[INFO RSZ-0028] Inserted 21 sg13g2_buf_1 output buffers.                        
+ repair_design -verbose -max_wire_length 0.0 -slew_margin 20.0 -cap_margin 20.0
Iteration |   Area    | Resized | Buffers | Nets repaired | Remaining           
---------------------------------------------------------------------           
        0 |     +0.0% |       0 |       0 |             0 |      1329           
       10 |     +0.0% |       0 |       0 |             0 |      1319           
       20 |     +0.0% |       0 |       0 |             0 |      1309           
       30 |     +0.0% |       0 |       0 |             0 |      1299           
       40 |     +0.0% |       0 |       0 |             0 |      1289           
       50 |     +0.0% |       0 |       0 |             0 |      1279           
       60 |     +0.0% |       0 |       0 |             0 |      1269           
       70 |     +0.0% |       0 |       0 |             0 |      1259           
       80 |     +0.0% |       0 |       0 |             0 |      1249           
       90 |     +0.0% |       0 |       0 |             0 |      1239           
      100 |     +0.0% |       0 |       0 |             0 |      1229           
      110 |     +0.0% |       0 |       0 |             0 |      1219           
      120 |     +0.1% |       0 |       2 |             1 |      1209           
      130 |     +0.1% |       0 |       2 |             1 |      1199           
      140 |     +0.1% |       0 |       2 |             1 |      1189           
      150 |     +0.1% |       0 |       2 |             1 |      1179           
      160 |     +0.1% |       0 |       2 |             1 |      1169           
      170 |     +0.2% |       0 |       4 |             2 |      1159           
      180 |     +0.2% |       0 |       4 |             2 |      1149           
      190 |     +0.2% |       0 |       4 |             2 |      1139           
      200 |     +0.2% |       0 |       4 |             2 |      1129           
      210 |     +0.2% |       0 |       4 |             2 |      1119           
      220 |     +0.2% |       0 |       4 |             2 |      1109           
      230 |     +0.2% |       0 |       5 |             3 |      1099           
      240 |     +0.2% |       0 |       5 |             3 |      1089           
      250 |     +0.2% |       0 |       5 |             3 |      1079           
      260 |     +0.2% |       0 |       5 |             3 |      1069           
      270 |     +0.2% |       0 |       5 |             3 |      1059           
      280 |     +0.2% |       0 |       5 |             3 |      1049           
      290 |     +0.2% |       0 |       5 |             3 |      1039           
      300 |     +0.2% |       0 |       5 |             3 |      1029           
      310 |     +0.2% |       0 |       5 |             3 |      1019           
      320 |     +0.3% |       0 |       7 |             4 |      1009           
      330 |     +0.4% |       0 |       9 |             5 |       999           
      340 |     +0.4% |       0 |       9 |             5 |       989           
      350 |     +0.4% |       0 |       9 |             5 |       979           
      360 |     +0.4% |       0 |       9 |             5 |       969           
      370 |     +0.4% |       0 |       9 |             5 |       959           
      380 |     +0.4% |       0 |      10 |             6 |       949           
      390 |     +0.6% |       0 |      13 |             8 |       939           
      400 |     +0.7% |       0 |      15 |             9 |       929           
      410 |     +0.7% |       0 |      15 |             9 |       919           
      420 |     +0.7% |       0 |      15 |             9 |       909           
      430 |     +0.7% |       0 |      15 |             9 |       899           
      440 |     +1.2% |       0 |      27 |            13 |       889           
      450 |     +1.2% |       0 |      27 |            13 |       879           
      460 |     +1.6% |       0 |      37 |            16 |       869           
      470 |     +1.8% |       0 |      41 |            17 |       859           
      480 |     +1.8% |       0 |      41 |            17 |       849           
      490 |     +1.9% |       0 |      43 |            19 |       839           
      500 |     +1.9% |       0 |      43 |            19 |       829           
      510 |     +1.9% |       0 |      44 |            20 |       819           
      520 |     +1.9% |       0 |      44 |            20 |       809           
      530 |     +1.9% |       0 |      44 |            20 |       799           
      540 |     +1.9% |       0 |      44 |            20 |       789           
      550 |     +1.9% |       0 |      44 |            20 |       779           
      560 |     +1.9% |       0 |      44 |            20 |       769           
      570 |     +1.9% |       0 |      44 |            20 |       759           
      580 |     +1.9% |       0 |      44 |            20 |       749           
      590 |     +1.9% |       0 |      44 |            20 |       739           
      600 |     +1.9% |       0 |      44 |            20 |       729           
      610 |     +1.9% |       0 |      44 |            20 |       719           
      620 |     +1.9% |       0 |      44 |            20 |       709           
      630 |     +1.9% |       0 |      44 |            20 |       699           
      640 |     +1.9% |       0 |      44 |            20 |       689           
      650 |     +1.9% |       0 |      44 |            20 |       679           
      660 |     +1.9% |       0 |      44 |            20 |       669           
      670 |     +1.9% |       0 |      44 |            20 |       659           
      680 |     +1.9% |       0 |      44 |            20 |       649           
      690 |     +1.9% |       0 |      44 |            20 |       639           
      700 |     +1.9% |       0 |      44 |            20 |       629           
      710 |     +1.9% |       0 |      44 |            20 |       619           
      720 |     +1.9% |       0 |      44 |            20 |       609           
      730 |     +1.9% |       0 |      44 |            20 |       599           
      740 |     +2.1% |       0 |      48 |            22 |       589           
      750 |     +2.1% |       0 |      48 |            22 |       579           
      760 |     +2.1% |       0 |      48 |            22 |       569           
      770 |     +2.1% |       0 |      48 |            22 |       559           
      780 |     +2.2% |       0 |      49 |            23 |       549           
      790 |     +2.2% |       0 |      49 |            23 |       539           
      800 |     +2.2% |       0 |      49 |            23 |       529           
      810 |     +2.2% |       0 |      49 |            23 |       519           
      820 |     +2.2% |       0 |      49 |            23 |       509           
      830 |     +2.2% |       0 |      49 |            23 |       499           
      840 |     +2.2% |       0 |      49 |            23 |       489           
      850 |     +2.2% |       0 |      49 |            23 |       479           
      860 |     +2.2% |       0 |      49 |            23 |       469           
      870 |     +2.2% |       0 |      49 |            23 |       459           
      880 |     +2.2% |       0 |      49 |            23 |       449           
      890 |     +2.2% |       0 |      49 |            23 |       439           
      900 |     +2.2% |       0 |      49 |            23 |       429           
      910 |     +2.2% |       0 |      49 |            23 |       419           
      920 |     +2.2% |       0 |      49 |            23 |       409           
      930 |     +2.2% |       0 |      49 |            23 |       399           
      940 |     +2.2% |       0 |      49 |            23 |       389           
      950 |     +2.2% |       0 |      49 |            23 |       379           
      960 |     +2.5% |       0 |      56 |            24 |       369           
      970 |     +2.5% |       0 |      56 |            24 |       359           
      980 |     +2.5% |       0 |      56 |            24 |       349           
      990 |     +2.5% |       0 |      56 |            24 |       339           
     1000 |     +2.5% |       0 |      56 |            24 |       329           
     1010 |     +2.5% |       0 |      56 |            24 |       319           
     1020 |     +2.9% |       0 |      67 |            25 |       309           
     1030 |     +2.9% |       0 |      67 |            25 |       299           
     1040 |     +2.9% |       0 |      67 |            25 |       289           
     1050 |     +2.9% |       0 |      67 |            25 |       279           
     1060 |     +2.9% |       0 |      67 |            25 |       269           
     1070 |     +3.0% |       0 |      69 |            26 |       259           
     1080 |     +3.0% |       0 |      69 |            26 |       249           
     1090 |     +3.0% |       0 |      69 |            26 |       239           
     1100 |     +3.0% |       0 |      69 |            26 |       229           
     1110 |     +3.0% |       0 |      69 |            26 |       219           
     1120 |     +3.0% |       0 |      69 |            26 |       209           
     1130 |     +3.0% |       0 |      69 |            26 |       199           
     1140 |     +3.1% |       0 |      70 |            27 |       189           
     1150 |     +3.1% |       0 |      70 |            27 |       179           
     1160 |     +3.1% |       0 |      70 |            27 |       169           
     1170 |     +3.1% |       0 |      70 |            27 |       159           
     1180 |     +3.1% |       0 |      70 |            27 |       149           
     1190 |     +3.1% |       0 |      70 |            27 |       139           
     1200 |     +3.1% |       0 |      70 |            27 |       129           
     1210 |     +3.3% |       0 |      74 |            29 |       119           
     1220 |     +3.9% |       0 |      89 |            31 |       109           
     1230 |     +3.9% |       0 |      89 |            31 |        99           
     1240 |     +3.9% |       0 |      89 |            31 |        89           
     1250 |     +3.9% |       0 |      89 |            31 |        79           
     1260 |     +3.9% |       0 |      89 |            31 |        69           
     1270 |     +3.9% |       0 |      89 |            31 |        59           
     1280 |     +3.9% |       0 |      89 |            31 |        49           
     1290 |     +3.9% |       0 |      89 |            31 |        39           
     1300 |     +3.9% |       0 |      89 |            31 |        29           
     1310 |     +3.9% |       0 |      89 |            31 |        19           
     1320 |     +3.9% |       0 |      89 |            31 |         9           
    final |     +3.9% |       0 |      89 |            31 |         0           
---------------------------------------------------------------------           
[INFO RSZ-0035] Found 31 fanout violations.                                     
[INFO RSZ-0038] Inserted 89 buffers in 31 nets.                                 
[INFO RSZ-0042] Inserted 2 tie sg13g2_tielo instances.                          
[INFO RSZ-0042] Inserted 109 tie sg13g2_tiehi instances.                        
+ detailed_placement -max_displacement  500 100                                 
Placement Analysis                                                              
---------------------------------                                               
total displacement       3755.1 u                                               
average displacement        2.7 u                                               
max displacement           27.8 u                                               
original HPWL           27652.3 u                                               
legalized HPWL          30249.4 u                                               
delta HPWL                    9 %                                               
                                                                                
[INFO DPL-0020] Mirrored 632 instances                                          
[INFO DPL-0021] HPWL before           30249.4 u                                 
[INFO DPL-0022] HPWL after            29546.6 u                                 
[INFO DPL-0023] HPWL delta               -2.3 %                                 
Setting global connections for newly added cells…                               
[INFO] Setting global connections...                                            
[INFO ODB-0403] 444 connections made, 0 conflicts skipped.                      
Updating metrics…                                                               
Cell type report:                       Count       Area                        
  Buffer                                    3      21.77                        
  Timing Repair Buffer                    111     805.59                        
  Inverter                                 52     283.05                        
  Sequential cell                         109    5339.78                        
  Multi-Input combinational cell         1141   10710.40                        
  Total                                  1416   17160.60                        
Writing OpenROAD database to                                                    
'/home/matthias/prog/janestreet/emulator/prototypes/one-bit-synth/runs/synth48/3
2-openroad-repairdesignpostgpl/one_bit_synth.odb'…                              
Writing netlist to                                                              
'/home/matthias/prog/janestreet/emulator/prototypes/one-bit-synth/runs/synth48/3
2-openroad-repairdesignpostgpl/one_bit_synth.nl.v'…                             
Writing powered netlist to                                                      
'/home/matthias/prog/janestreet/emulator/prototypes/one-bit-synth/runs/synth48/3
2-openroad-repairdesignpostgpl/one_bit_synth.pnl.v'…                            
Writing layout to                                                               
'/home/matthias/prog/janestreet/emulator/prototypes/one-bit-synth/runs/synth48/3
2-openroad-repairdesignpostgpl/one_bit_synth.def'…                              
Writing timing constraints to                                                   
'/home/matthias/prog/janestreet/emulator/prototypes/one-bit-synth/runs/synth48/3
2-openroad-repairdesignpostgpl/one_bit_synth.sdc'…                              
─────────────────────────── Manual Global Placement ────────────────────────────
[05:42:58] VERBOSE  Running 'Odb.ManualGlobalPlacement' at          step.py:1138
                    '../runs/synth48/33-odb-manualglobalplacement'…             
[05:42:58] INFO     'MANUAL_GLOBAL_PLACEMENTS' not set. Skipping     odb.py:1033
                    'Odb.ManualGlobalPlacement'…                                
────────────────────────────── Detailed Placement ──────────────────────────────
[05:42:58] VERBOSE  Running 'OpenROAD.DetailedPlacement' at         step.py:1138
                    '../runs/synth48/34-openroad-detailedplacement'             
                    …                                                           
[05:42:58] VERBOSE  Logging subprocess to                           step.py:1338
                    '../runs/synth48/34-openroad-detailedplacement/             
                    openroad-detailedplacement.log'…                            
Reading timing models for corner nom_typ_1p20V_25C…                             
Reading timing library for the 'nom_typ_1p20V_25C' corner at                    
'/home/matthias/.ciel/ihp-sg13g2/ihp-sg13g2/libs.ref/sg13g2_stdcell/lib/sg13g2_s
tdcell_typ_1p20V_25C.lib'…                                                      
Reading timing library for the 'nom_typ_1p20V_25C' corner at                    
'/home/matthias/.ciel/ihp-sg13g2/ihp-sg13g2/libs.ref/sg13g2_io/lib/sg13g2_io_typ
_1p2V_3p3V_25C.lib'…                                                            
Reading OpenROAD database at                                                    
'/home/matthias/prog/janestreet/emulator/prototypes/one-bit-synth/runs/synth48/3
2-openroad-repairdesignpostgpl/one_bit_synth.odb'…                              
Reading design constraints file at                                              
'/nix/store/8y4m6wgn5kqlbig1qwnwbxijqqp0jwib-python3-3.13.9-env/lib/python3.13/s
ite-packages/librelane/scripts/base.sdc'…                                       
[INFO] Using clock clock…                                                       
[INFO] Setting output delay to: 4.16                                            
[INFO] Setting input delay to: 4.16                                             
[INFO] Setting load to: 0.006                                                   
[INFO] Setting clock uncertainty to: 0.25                                       
[INFO] Setting clock transition to: 0.15                                        
[INFO] Setting timing derate to: 5.0%                                           
+ detailed_placement -max_displacement  500 100                                 
Placement Analysis                                                              
---------------------------------                                               
total displacement          0.0 u                                               
average displacement        0.0 u                                               
max displacement            0.0 u                                               
original HPWL           29546.6 u                                               
legalized HPWL          30249.4 u                                               
delta HPWL                    2 %                                               
                                                                                
[INFO DPL-0020] Mirrored 632 instances                                          
[INFO DPL-0021] HPWL before           30249.4 u                                 
[INFO DPL-0022] HPWL after            29546.6 u                                 
[INFO DPL-0023] HPWL delta               -2.3 %                                 
Setting global connections for newly added cells…                               
[INFO] Setting global connections...                                            
[INFO ODB-0403] 0 connections made, 0 conflicts skipped.                        
Updating metrics…                                                               
Cell type report:                       Count       Area                        
  Buffer                                    3      21.77                        
  Timing Repair Buffer                    111     805.59                        
  Inverter                                 52     283.05                        
  Sequential cell                         109    5339.78                        
  Multi-Input combinational cell         1141   10710.40                        
  Total                                  1416   17160.60                        
Writing OpenROAD database to                                                    
'/home/matthias/prog/janestreet/emulator/prototypes/one-bit-synth/runs/synth48/3
4-openroad-detailedplacement/one_bit_synth.odb'…                                
Writing netlist to                                                              
'/home/matthias/prog/janestreet/emulator/prototypes/one-bit-synth/runs/synth48/3
4-openroad-detailedplacement/one_bit_synth.nl.v'…                               
Writing powered netlist to                                                      
'/home/matthias/prog/janestreet/emulator/prototypes/one-bit-synth/runs/synth48/3
4-openroad-detailedplacement/one_bit_synth.pnl.v'…                              
Writing layout to                                                               
'/home/matthias/prog/janestreet/emulator/prototypes/one-bit-synth/runs/synth48/3
4-openroad-detailedplacement/one_bit_synth.def'…                                
Writing timing constraints to                                                   
'/home/matthias/prog/janestreet/emulator/prototypes/one-bit-synth/runs/synth48/3
4-openroad-detailedplacement/one_bit_synth.sdc'…                                
───────────────────────────── Clock Tree Synthesis ─────────────────────────────
[05:42:59] VERBOSE  Running 'OpenROAD.CTS' at                       step.py:1138
                    '../runs/synth48/35-openroad-cts'…                          
[05:42:59] VERBOSE  Logging subprocess to                           step.py:1338
                    '../runs/synth48/35-openroad-cts/openroad-cts.l             
                    og'…                                                        
Reading timing models for corner nom_fast_1p32V_m40C…                           
Reading timing library for the 'nom_fast_1p32V_m40C' corner at                  
'/home/matthias/.ciel/ihp-sg13g2/ihp-sg13g2/libs.ref/sg13g2_stdcell/lib/sg13g2_s
tdcell_fast_1p32V_m40C.lib'…                                                    
Reading timing library for the 'nom_fast_1p32V_m40C' corner at                  
'/home/matthias/.ciel/ihp-sg13g2/ihp-sg13g2/libs.ref/sg13g2_io/lib/sg13g2_io_fas
t_1p32V_3p6V_m40C.lib'…                                                         
Reading timing models for corner nom_slow_1p08V_125C…                           
Reading timing library for the 'nom_slow_1p08V_125C' corner at                  
'/home/matthias/.ciel/ihp-sg13g2/ihp-sg13g2/libs.ref/sg13g2_stdcell/lib/sg13g2_s
tdcell_slow_1p08V_125C.lib'…                                                    
Reading timing library for the 'nom_slow_1p08V_125C' corner at                  
'/home/matthias/.ciel/ihp-sg13g2/ihp-sg13g2/libs.ref/sg13g2_io/lib/sg13g2_io_slo
w_1p08V_3p0V_125C.lib'…                                                         
Reading timing models for corner nom_typ_1p20V_25C…                             
Reading timing library for the 'nom_typ_1p20V_25C' corner at                    
'/home/matthias/.ciel/ihp-sg13g2/ihp-sg13g2/libs.ref/sg13g2_stdcell/lib/sg13g2_s
tdcell_typ_1p20V_25C.lib'…                                                      
Reading timing library for the 'nom_typ_1p20V_25C' corner at                    
'/home/matthias/.ciel/ihp-sg13g2/ihp-sg13g2/libs.ref/sg13g2_io/lib/sg13g2_io_typ
_1p2V_3p3V_25C.lib'…                                                            
Reading OpenROAD database at                                                    
'/home/matthias/prog/janestreet/emulator/prototypes/one-bit-synth/runs/synth48/3
4-openroad-detailedplacement/one_bit_synth.odb'…                                
Reading design constraints file at                                              
'/nix/store/8y4m6wgn5kqlbig1qwnwbxijqqp0jwib-python3-3.13.9-env/lib/python3.13/s
ite-packages/librelane/scripts/base.sdc'…                                       
[INFO] Using clock clock…                                                       
[INFO] Setting output delay to: 4.16                                            
[INFO] Setting input delay to: 4.16                                             
[INFO] Setting load to: 0.006                                                   
[INFO] Setting clock uncertainty to: 0.25                                       
[INFO] Setting clock transition to: 0.15                                        
[INFO] Setting timing derate to: 5.0%                                           
[INFO] Configuring cts characterization…                                        
+ configure_cts_characterization                                                
[INFO] Performing clock tree synthesis…                                         
[INFO] Looking for the following net(s): clock                                  
[INFO] Running Clock Tree Synthesis…                                            
+ clock_tree_synthesis -buf_list sg13g2_buf_8 sg13g2_buf_4 sg13g2_buf_2         
-root_buf sg13g2_buf_16 -sink_clustering_enable -apply_ndr half                 
[INFO CTS-0050] Root buffer is sg13g2_buf_16.                                   
[INFO CTS-0051] Sink buffer is sg13g2_buf_8.                                    
[INFO CTS-0052] The following clock buffers will be used for CTS:               
                    sg13g2_buf_2                                                
                    sg13g2_buf_4                                                
                    sg13g2_buf_8                                                
[INFO CTS-0049] Characterization buffer is sg13g2_buf_8.                        
[INFO CTS-0007] Net "clock" found for clock "clock".                            
[INFO CTS-0010]  Clock net "clock" has 109 sinks.                               
[INFO CTS-0008] TritonCTS found 1 clock nets.                                   
[INFO CTS-0097] Characterization used 3 buffer(s) types.                        
[INFO CTS-0201] 0 blockages from hard placement blockages and placed macros will
be used.                                                                        
[INFO CTS-0027] Generating H-Tree topology for net clock.                       
[INFO CTS-0028]  Total number of sinks: 109.                                    
[INFO CTS-0090]  Sinks will be clustered based on buffer max cap.               
[INFO CTS-0030]  Number of static layers: 0.                                    
[INFO CTS-0020]  Wire segment unit: 18900  dbu (18 um).                         
[INFO CTS-0023]  Original sink region: [(12480, 16800), (171840, 179760)].      
[INFO CTS-0024]  Normalized sink region: [(0.660317, 0.888889), (9.09206,       
9.51111)].                                                                      
[INFO CTS-0025]     Width:  8.4317.                                             
[INFO CTS-0026]     Height: 8.6222.                                             
 Level 1                                                                        
    Direction: Vertical                                                         
    Sinks per sub-region: 55                                                    
    Sub-region size: 8.4317 X 4.3111                                            
[INFO CTS-0034]     Segment length (rounded): 2.                                
 Level 2                                                                        
    Direction: Horizontal                                                       
    Sinks per sub-region: 28                                                    
    Sub-region size: 4.2159 X 4.3111                                            
[INFO CTS-0034]     Segment length (rounded): 2.                                
 Level 3                                                                        
    Direction: Vertical                                                         
    Sinks per sub-region: 14                                                    
    Sub-region size: 4.2159 X 2.1556                                            
[INFO CTS-0034]     Segment length (rounded): 1.                                
 Level 4                                                                        
    Direction: Horizontal                                                       
    Sinks per sub-region: 7                                                     
    Sub-region size: 2.1079 X 2.1556                                            
[INFO CTS-0034]     Segment length (rounded): 1.                                
[INFO CTS-0032]  Stop criterion found. Max number of sinks is 8.                
[INFO CTS-0035]  Number of sinks covered: 109.                                  
[INFO CTS-0018]     Created 17 clock buffers.                                   
[INFO CTS-0012]     Minimum number of buffers in the clock path: 2.             
[INFO CTS-0013]     Maximum number of buffers in the clock path: 2.             
[INFO CTS-0015]     Created 17 clock nets.                                      
[INFO CTS-0016]     Fanout distribution for the current clock = 6:3, 7:13..     
[INFO CTS-0017]     Max level of the clock tree: 4.                             
[INFO CTS-0098] Clock net "clock"                                               
[INFO CTS-0099]  Sinks 112                                                      
[INFO CTS-0100]  Leaf buffers 0                                                 
[INFO CTS-0101]  Average sink wire length 257.46 um                             
[INFO CTS-0102]  Path depth 2 - 2                                               
[INFO CTS-0207]  Dummy loads inserted 3                                         
[INFO] Repairing long wires on clock nets…                                      
[INFO RSZ-0058] Using max wire length 2937um.                                   
Setting global connections for newly added cells…                               
[INFO] Setting global connections...                                            
[INFO ODB-0403] 40 connections made, 0 conflicts skipped.                       
Updating metrics…                                                               
Cell type report:                       Count       Area                        
  Buffer                                    3      21.77                        
  Clock buffer                             17     422.76                        
  Timing Repair Buffer                    111     805.59                        
  Inverter                                 52     283.05                        
  Clock inverter                            3      16.33                        
  Sequential cell                         109    5339.78                        
  Multi-Input combinational cell         1141   10710.40                        
  Total                                  1436   17599.68                        
Writing OpenROAD database to                                                    
'/home/matthias/prog/janestreet/emulator/prototypes/one-bit-synth/runs/synth48/3
5-openroad-cts/one_bit_synth.odb'…                                              
Writing netlist to                                                              
'/home/matthias/prog/janestreet/emulator/prototypes/one-bit-synth/runs/synth48/3
5-openroad-cts/one_bit_synth.nl.v'…                                             
Writing powered netlist to                                                      
'/home/matthias/prog/janestreet/emulator/prototypes/one-bit-synth/runs/synth48/3
5-openroad-cts/one_bit_synth.pnl.v'…                                            
Writing layout to                                                               
'/home/matthias/prog/janestreet/emulator/prototypes/one-bit-synth/runs/synth48/3
5-openroad-cts/one_bit_synth.def'…                                              
Writing timing constraints to                                                   
'/home/matthias/prog/janestreet/emulator/prototypes/one-bit-synth/runs/synth48/3
5-openroad-cts/one_bit_synth.sdc'…                                              
[INFO] Legalizing…                                                              
+ detailed_placement -max_displacement  500 100                                 
Placement Analysis                                                              
---------------------------------                                               
total displacement        189.8 u                                               
average displacement        0.1 u                                               
max displacement            7.6 u                                               
original HPWL           30742.5 u                                               
legalized HPWL          31518.2 u                                               
delta HPWL                    3 %                                               
                                                                                
[INFO DPL-0020] Mirrored 639 instances                                          
[INFO DPL-0021] HPWL before           31518.2 u                                 
[INFO DPL-0022] HPWL after            30814.1 u                                 
[INFO DPL-0023] HPWL delta               -2.2 %                                 
Setting global connections for newly added cells…                               
[INFO] Setting global connections...                                            
[INFO ODB-0403] 0 connections made, 0 conflicts skipped.                        
Updating metrics…                                                               
Cell type report:                       Count       Area                        
  Buffer                                    3      21.77                        
  Clock buffer                             17     422.76                        
  Timing Repair Buffer                    111     805.59                        
  Inverter                                 52     283.05                        
  Clock inverter                            3      16.33                        
  Sequential cell                         109    5339.78                        
  Multi-Input combinational cell         1141   10710.40                        
  Total                                  1436   17599.68                        
Writing OpenROAD database to                                                    
'/home/matthias/prog/janestreet/emulator/prototypes/one-bit-synth/runs/synth48/3
5-openroad-cts/one_bit_synth.odb'…                                              
Writing netlist to                                                              
'/home/matthias/prog/janestreet/emulator/prototypes/one-bit-synth/runs/synth48/3
5-openroad-cts/one_bit_synth.nl.v'…                                             
Writing powered netlist to                                                      
'/home/matthias/prog/janestreet/emulator/prototypes/one-bit-synth/runs/synth48/3
5-openroad-cts/one_bit_synth.pnl.v'…                                            
Writing layout to                                                               
'/home/matthias/prog/janestreet/emulator/prototypes/one-bit-synth/runs/synth48/3
5-openroad-cts/one_bit_synth.def'…                                              
Writing timing constraints to                                                   
'/home/matthias/prog/janestreet/emulator/prototypes/one-bit-synth/runs/synth48/3
5-openroad-cts/one_bit_synth.sdc'…                                              
─────────────────────── Static Timing Analysis (Mid-PnR) ───────────────────────
[05:43:03] VERBOSE  Running 'OpenROAD.STAMidPNR-1' at               step.py:1138
                    '../runs/synth48/36-openroad-stamidpnr-1'…                  
[05:43:03] VERBOSE  Logging subprocess to                           step.py:1338
                    '../runs/synth48/36-openroad-stamidpnr-1/openro             
                    ad-stamidpnr-1.log'…                                        
Reading timing models for corner nom_typ_1p20V_25C…                             
Reading timing library for the 'nom_typ_1p20V_25C' corner at                    
'/home/matthias/.ciel/ihp-sg13g2/ihp-sg13g2/libs.ref/sg13g2_stdcell/lib/sg13g2_s
tdcell_typ_1p20V_25C.lib'…                                                      
Reading timing library for the 'nom_typ_1p20V_25C' corner at                    
'/home/matthias/.ciel/ihp-sg13g2/ihp-sg13g2/libs.ref/sg13g2_io/lib/sg13g2_io_typ
_1p2V_3p3V_25C.lib'…                                                            
Reading OpenROAD database at                                                    
'/home/matthias/prog/janestreet/emulator/prototypes/one-bit-synth/runs/synth48/3
5-openroad-cts/one_bit_synth.odb'…                                              
Reading design constraints file at                                              
'/nix/store/8y4m6wgn5kqlbig1qwnwbxijqqp0jwib-python3-3.13.9-env/lib/python3.13/s
ite-packages/librelane/scripts/base.sdc'…                                       
[INFO] Using clock clock…                                                       
[INFO] Setting output delay to: 4.16                                            
[INFO] Setting input delay to: 4.16                                             
[INFO] Setting load to: 0.006                                                   
[INFO] Setting clock uncertainty to: 0.25                                       
[INFO] Setting clock transition to: 0.15                                        
[INFO] Setting timing derate to: 5.0%                                           
─────────── Resizer Timing Optimizations (Post-Clock Tree Synthesis) ───────────
[05:43:03] VERBOSE  Running 'OpenROAD.ResizerTimingPostCTS' at      step.py:1138
                    '../runs/synth48/37-openroad-resizertimingpostc             
                    ts'…                                                        
[05:43:03] VERBOSE  Logging subprocess to                           step.py:1338
                    '../runs/synth48/37-openroad-resizertimingpostc             
                    ts/openroad-resizertimingpostcts.log'…                      
Reading timing models for corner nom_fast_1p32V_m40C…                           
Reading timing library for the 'nom_fast_1p32V_m40C' corner at                  
'/home/matthias/.ciel/ihp-sg13g2/ihp-sg13g2/libs.ref/sg13g2_stdcell/lib/sg13g2_s
tdcell_fast_1p32V_m40C.lib'…                                                    
Reading timing library for the 'nom_fast_1p32V_m40C' corner at                  
'/home/matthias/.ciel/ihp-sg13g2/ihp-sg13g2/libs.ref/sg13g2_io/lib/sg13g2_io_fas
t_1p32V_3p6V_m40C.lib'…                                                         
Reading timing models for corner nom_slow_1p08V_125C…                           
Reading timing library for the 'nom_slow_1p08V_125C' corner at                  
'/home/matthias/.ciel/ihp-sg13g2/ihp-sg13g2/libs.ref/sg13g2_stdcell/lib/sg13g2_s
tdcell_slow_1p08V_125C.lib'…                                                    
Reading timing library for the 'nom_slow_1p08V_125C' corner at                  
'/home/matthias/.ciel/ihp-sg13g2/ihp-sg13g2/libs.ref/sg13g2_io/lib/sg13g2_io_slo
w_1p08V_3p0V_125C.lib'…                                                         
Reading timing models for corner nom_typ_1p20V_25C…                             
Reading timing library for the 'nom_typ_1p20V_25C' corner at                    
'/home/matthias/.ciel/ihp-sg13g2/ihp-sg13g2/libs.ref/sg13g2_stdcell/lib/sg13g2_s
tdcell_typ_1p20V_25C.lib'…                                                      
Reading timing library for the 'nom_typ_1p20V_25C' corner at                    
'/home/matthias/.ciel/ihp-sg13g2/ihp-sg13g2/libs.ref/sg13g2_io/lib/sg13g2_io_typ
_1p2V_3p3V_25C.lib'…                                                            
Reading OpenROAD database at                                                    
'/home/matthias/prog/janestreet/emulator/prototypes/one-bit-synth/runs/synth48/3
5-openroad-cts/one_bit_synth.odb'…                                              
Reading design constraints file at                                              
'/nix/store/8y4m6wgn5kqlbig1qwnwbxijqqp0jwib-python3-3.13.9-env/lib/python3.13/s
ite-packages/librelane/scripts/base.sdc'…                                       
[INFO] Using clock clock…                                                       
[INFO] Setting output delay to: 4.16                                            
[INFO] Setting input delay to: 4.16                                             
[INFO] Setting load to: 0.006                                                   
[INFO] Setting clock uncertainty to: 0.25                                       
[INFO] Setting clock transition to: 0.15                                        
[INFO] Setting timing derate to: 5.0%                                           
+ repair_timing -verbose -setup -setup_margin                                   
0.05000000000000000277555756156289135105907917022705078125 -max_buffer_percent  
50.0                                                                            
[INFO RSZ-0100] Repair move sequence: UnbufferMove SizeUpMove SwapPinsMove      
BufferMove CloneMove SplitLoadMove                                              
[INFO RSZ-0098] No setup violations found                                       
+ repair_timing -verbose -hold -setup_margin                                    
0.05000000000000000277555756156289135105907917022705078125 -hold_margin         
0.1000000000000000055511151231257827021181583404541015625 -max_buffer_percent   
50.0                                                                            
[INFO RSZ-0046] Found 96 endpoints with hold violations.                        
Iteration | Resized | Buffers | Cloned Gates |   Area   |   WNS   |   TNS   |   
Endpoint                                                                        
--------------------------------------------------------------------------------
------                                                                          
        0 |       0 |       0 |            0 |    +0.0% |  -0.068 |  -3.490 |   
_2572_/D                                                                        
       10 |       0 |      19 |            0 |    +1.8% |  -0.057 |  -2.928 |   
_2606_/D                                                                        
       20 |       0 |      33 |            0 |    +3.1% |  -0.053 |  -2.371 |   
_2600_/D                                                                        
       30 |       0 |      46 |            0 |    +4.3% |  -0.049 |  -1.853 |   
_2574_/D                                                                        
       40 |       0 |      60 |            0 |    +5.6% |  -0.046 |  -1.376 |   
_2582_/D                                                                        
       50 |       0 |      78 |            0 |    +7.2% |  -0.037 |  -0.946 |   
_2620_/D                                                                        
       60 |       0 |      94 |            0 |    +8.7% |  -0.033 |  -0.595 |   
_2619_/D                                                                        
       70 |       0 |     112 |            0 |   +10.4% |  -0.027 |  -0.303 |   
_2618_/D                                                                        
       80 |       0 |     124 |            0 |   +11.5% |  -0.017 |  -0.062 |   
_2579_/D                                                                        
       90 |       0 |     138 |            0 |   +12.8% |   0.035 |   0.000 |   
_2569_/D                                                                        
      100 |       0 |     144 |            0 |   +13.4% |   0.092 |   0.000 |   
_2613_/D                                                                        
    final |       0 |     145 |            0 |   +13.5% |   0.103 |   0.000 |   
_2613_/D                                                                        
--------------------------------------------------------------------------------
------                                                                          
[INFO RSZ-0032] Inserted 145 hold buffers.                                      
+ detailed_placement -max_displacement  500 100                                 
Placement Analysis                                                              
---------------------------------                                               
total displacement       1444.3 u                                               
average displacement        0.9 u                                               
max displacement           16.1 u                                               
original HPWL           31820.4 u                                               
legalized HPWL          33680.3 u                                               
delta HPWL                    6 %                                               
                                                                                
[INFO DPL-0020] Mirrored 751 instances                                          
[INFO DPL-0021] HPWL before           33680.3 u                                 
[INFO DPL-0022] HPWL after            32673.7 u                                 
[INFO DPL-0023] HPWL delta               -3.0 %                                 
Setting global connections for newly added cells…                               
[INFO] Setting global connections...                                            
[INFO ODB-0403] 290 connections made, 0 conflicts skipped.                      
Updating metrics…                                                               
Cell type report:                       Count       Area                        
  Buffer                                    3      21.77                        
  Clock buffer                             17     422.76                        
  Timing Repair Buffer                    256    3173.39                        
  Inverter                                 52     283.05                        
  Clock inverter                            3      16.33                        
  Sequential cell                         109    5339.78                        
  Multi-Input combinational cell         1141   10710.40                        
  Total                                  1581   19967.47                        
Writing OpenROAD database to                                                    
'/home/matthias/prog/janestreet/emulator/prototypes/one-bit-synth/runs/synth48/3
7-openroad-resizertimingpostcts/one_bit_synth.odb'…                             
Writing netlist to                                                              
'/home/matthias/prog/janestreet/emulator/prototypes/one-bit-synth/runs/synth48/3
7-openroad-resizertimingpostcts/one_bit_synth.nl.v'…                            
Writing powered netlist to                                                      
'/home/matthias/prog/janestreet/emulator/prototypes/one-bit-synth/runs/synth48/3
7-openroad-resizertimingpostcts/one_bit_synth.pnl.v'…                           
Writing layout to                                                               
'/home/matthias/prog/janestreet/emulator/prototypes/one-bit-synth/runs/synth48/3
7-openroad-resizertimingpostcts/one_bit_synth.def'…                             
Writing timing constraints to                                                   
'/home/matthias/prog/janestreet/emulator/prototypes/one-bit-synth/runs/synth48/3
7-openroad-resizertimingpostcts/one_bit_synth.sdc'…                             
─────────────────────── Static Timing Analysis (Mid-PnR) ───────────────────────
[05:43:05] VERBOSE  Running 'OpenROAD.STAMidPNR-2' at               step.py:1138
                    '../runs/synth48/38-openroad-stamidpnr-2'…                  
[05:43:05] VERBOSE  Logging subprocess to                           step.py:1338
                    '../runs/synth48/38-openroad-stamidpnr-2/openro             
                    ad-stamidpnr-2.log'…                                        
Reading timing models for corner nom_typ_1p20V_25C…                             
Reading timing library for the 'nom_typ_1p20V_25C' corner at                    
'/home/matthias/.ciel/ihp-sg13g2/ihp-sg13g2/libs.ref/sg13g2_stdcell/lib/sg13g2_s
tdcell_typ_1p20V_25C.lib'…                                                      
Reading timing library for the 'nom_typ_1p20V_25C' corner at                    
'/home/matthias/.ciel/ihp-sg13g2/ihp-sg13g2/libs.ref/sg13g2_io/lib/sg13g2_io_typ
_1p2V_3p3V_25C.lib'…                                                            
Reading OpenROAD database at                                                    
'/home/matthias/prog/janestreet/emulator/prototypes/one-bit-synth/runs/synth48/3
7-openroad-resizertimingpostcts/one_bit_synth.odb'…                             
Reading design constraints file at                                              
'/nix/store/8y4m6wgn5kqlbig1qwnwbxijqqp0jwib-python3-3.13.9-env/lib/python3.13/s
ite-packages/librelane/scripts/base.sdc'…                                       
[INFO] Using clock clock…                                                       
[INFO] Setting output delay to: 4.16                                            
[INFO] Setting input delay to: 4.16                                             
[INFO] Setting load to: 0.006                                                   
[INFO] Setting clock uncertainty to: 0.25                                       
[INFO] Setting clock transition to: 0.15                                        
[INFO] Setting timing derate to: 5.0%                                           
──────────────────────────────── Global Routing ────────────────────────────────
[05:43:05] VERBOSE  Running 'OpenROAD.GlobalRouting' at             step.py:1138
                    '../runs/synth48/39-openroad-globalrouting'…                
[05:43:05] VERBOSE  Logging subprocess to                           step.py:1338
                    '../runs/synth48/39-openroad-globalrouting/open             
                    road-globalrouting.log'…                                    
Reading timing models for corner nom_typ_1p20V_25C…                             
Reading timing library for the 'nom_typ_1p20V_25C' corner at                    
'/home/matthias/.ciel/ihp-sg13g2/ihp-sg13g2/libs.ref/sg13g2_stdcell/lib/sg13g2_s
tdcell_typ_1p20V_25C.lib'…                                                      
Reading timing library for the 'nom_typ_1p20V_25C' corner at                    
'/home/matthias/.ciel/ihp-sg13g2/ihp-sg13g2/libs.ref/sg13g2_io/lib/sg13g2_io_typ
_1p2V_3p3V_25C.lib'…                                                            
Reading OpenROAD database at                                                    
'/home/matthias/prog/janestreet/emulator/prototypes/one-bit-synth/runs/synth48/3
7-openroad-resizertimingpostcts/one_bit_synth.odb'…                             
Reading design constraints file at                                              
'/nix/store/8y4m6wgn5kqlbig1qwnwbxijqqp0jwib-python3-3.13.9-env/lib/python3.13/s
ite-packages/librelane/scripts/base.sdc'…                                       
[INFO] Using clock clock…                                                       
[INFO] Setting output delay to: 4.16                                            
[INFO] Setting input delay to: 4.16                                             
[INFO] Setting load to: 0.006                                                   
[INFO] Setting clock uncertainty to: 0.25                                       
[INFO] Setting clock transition to: 0.15                                        
[INFO] Setting timing derate to: 5.0%                                           
[INFO] Setting signal min routing layer to: Metal2 and clock min routing layer  
to Metal2.                                                                      
[INFO] Setting signal max routing layer to: TopMetal2 and clock max routing     
layer to TopMetal2.                                                             
+ global_route -congestion_iterations 50 -verbose                               
[INFO GRT-0020] Min routing layer: Metal2                                       
[INFO GRT-0021] Max routing layer: TopMetal2                                    
[INFO GRT-0022] Global adjustment: 30%                                          
[INFO GRT-0023] Grid origin: (0, 0)                                             
[INFO GRT-0088] Layer Metal1  Track-Pitch = 0.4200  line-2-Via Pitch: 0.3650    
[INFO GRT-0088] Layer Metal2  Track-Pitch = 0.4800  line-2-Via Pitch: 0.4150    
[INFO GRT-0088] Layer Metal3  Track-Pitch = 0.4200  line-2-Via Pitch: 0.4150    
[INFO GRT-0088] Layer Metal4  Track-Pitch = 0.4800  line-2-Via Pitch: 0.4150    
[INFO GRT-0088] Layer Metal5  Track-Pitch = 0.4200  line-2-Via Pitch: 0.6200    
[INFO GRT-0088] Layer TopMetal1 Track-Pitch = 2.2800  line-2-Via Pitch: 3.4100  
[INFO GRT-0088] Layer TopMetal2 Track-Pitch = 4.0000  line-2-Via Pitch: 3.9500  
[INFO GRT-0003] Macros: 0                                                       
[INFO GRT-0004] Blockages: 0                                                    
[INFO GRT-0019] Found 18 clock nets.                                            
[INFO GRT-0001] Minimum degree: 2                                               
[INFO GRT-0002] Maximum degree: 17                                              
                                                                                
[INFO GRT-0053] Routing resources analysis:                                     
          Routing      Original      Derated      Resource                      
Layer     Direction    Resources     Resources    Reduction (%)                 
---------------------------------------------------------------                 
Metal1     Horizontal          0             0          0.00%                   
Metal2     Vertical         9766          6494          33.50%                  
Metal3     Horizontal      11451          7504          34.47%                  
Metal4     Vertical         9766          6494          33.50%                  
Metal5     Horizontal      11332          7415          34.57%                  
TopMetal1    Vertical         1992          1254          37.05%                
TopMetal2    Horizontal       1008           648          35.71%                
---------------------------------------------------------------                 
                                                                                
[INFO GRT-0197] Via related to pin nodes: 7938                                  
[INFO GRT-0198] Via related Steiner nodes: 114                                  
[INFO GRT-0199] Via filling finished.                                           
[INFO GRT-0111] Final number of vias: 9587                                      
[INFO GRT-0112] Final usage 3D: 33864                                           
                                                                                
[INFO GRT-0096] Final congestion report:                                        
Layer         Resource        Demand        Usage (%)    Max H / Max V / Total  
Overflow                                                                        
--------------------------------------------------------------------------------
-------                                                                         
Metal1               0             0            0.00%             0 /  0 /  0   
Metal2            6494          2561           39.44%             0 /  0 /  0   
Metal3            7504          2256           30.06%             0 /  0 /  0   
Metal4            6494           172            2.65%             0 /  0 /  0   
Metal5            7415           114            1.54%             0 /  0 /  0   
TopMetal1           1254             0            0.00%             0 /  0 /  0 
TopMetal2            648             0            0.00%             0 /  0 /  0 
--------------------------------------------------------------------------------
-------                                                                         
Total            29809          5103           17.12%             0 /  0 /  0   
                                                                                
[INFO GRT-0018] Total wirelength: 59040 um                                      
[INFO GRT-0014] Routed nets: 1580                                               
[INFO GRT-0303] Global routing runtime = 00:00:00                               
Setting global connections for newly added cells…                               
[INFO] Setting global connections...                                            
[INFO ODB-0403] 0 connections made, 0 conflicts skipped.                        
Updating metrics…                                                               
Cell type report:                       Count       Area                        
  Buffer                                    3      21.77                        
  Clock buffer                             17     422.76                        
  Timing Repair Buffer                    256    3173.39                        
  Inverter                                 52     283.05                        
  Clock inverter                            3      16.33                        
  Sequential cell                         109    5339.78                        
  Multi-Input combinational cell         1141   10710.40                        
  Total                                  1581   19967.47                        
Writing OpenROAD database to                                                    
'/home/matthias/prog/janestreet/emulator/prototypes/one-bit-synth/runs/synth48/3
9-openroad-globalrouting/one_bit_synth.odb'…                                    
Writing layout to                                                               
'/home/matthias/prog/janestreet/emulator/prototypes/one-bit-synth/runs/synth48/3
9-openroad-globalrouting/one_bit_synth.def'…                                    
──────────────────────────────── Check Antennas ────────────────────────────────
[05:43:06] VERBOSE  Running 'OpenROAD.CheckAntennas' at             step.py:1138
                    '../runs/synth48/40-openroad-checkantennas'…                
[05:43:06] VERBOSE  Logging subprocess to                           step.py:1338
                    '../runs/synth48/40-openroad-checkantennas/open             
                    road-checkantennas.log'…                                    
Reading timing models for corner nom_typ_1p20V_25C…                             
Reading timing library for the 'nom_typ_1p20V_25C' corner at                    
'/home/matthias/.ciel/ihp-sg13g2/ihp-sg13g2/libs.ref/sg13g2_stdcell/lib/sg13g2_s
tdcell_typ_1p20V_25C.lib'…                                                      
Reading timing library for the 'nom_typ_1p20V_25C' corner at                    
'/home/matthias/.ciel/ihp-sg13g2/ihp-sg13g2/libs.ref/sg13g2_io/lib/sg13g2_io_typ
_1p2V_3p3V_25C.lib'…                                                            
Reading OpenROAD database at                                                    
'/home/matthias/prog/janestreet/emulator/prototypes/one-bit-synth/runs/synth48/3
9-openroad-globalrouting/one_bit_synth.odb'…                                    
Reading design constraints file at                                              
'/nix/store/8y4m6wgn5kqlbig1qwnwbxijqqp0jwib-python3-3.13.9-env/lib/python3.13/s
ite-packages/librelane/scripts/base.sdc'…                                       
[INFO] Using clock clock…                                                       
[INFO] Setting output delay to: 4.16                                            
[INFO] Setting input delay to: 4.16                                             
[INFO] Setting load to: 0.006                                                   
[INFO] Setting clock uncertainty to: 0.25                                       
[INFO] Setting clock transition to: 0.15                                        
[INFO] Setting timing derate to: 5.0%                                           
[05:43:06] INFO     Gating variable for step                   sequential.py:362
                    'OpenROAD.RepairDesignPostGRT' set to                       
                    'False'- the step will be skipped.                          
[05:43:06] INFO     Skipping step 'Repair Design (Post-Global  sequential.py:370
                    Routing)'…                                                  
────────────────────── Diodes on Ports Protection Routine ──────────────────────
[05:43:06] VERBOSE  Running 'Odb.DiodesOnPorts' at                  step.py:1138
                    '../runs/synth48/41-odb-diodesonports'…                     
[05:43:06] INFO     'DIODE_ON_PORTS' is set to 'none': skipping       odb.py:820
                    'Odb.DiodesOnPorts'…                                        
[05:43:06] INFO     Gating variable for step                   sequential.py:362
                    'Odb.HeuristicDiodeInsertion' set to                        
                    'False'- the step will be skipped.                          
[05:43:06] INFO     Skipping step 'Heuristic Diode Insertion'… sequential.py:370
──────────────────────────────── Antenna Repair ────────────────────────────────
[05:43:06] VERBOSE  Running 'OpenROAD.RepairAntennas' at            step.py:1138
                    '../runs/synth48/42-openroad-repairantennas'…               
─────────────────────────────── Diode Insertion ────────────────────────────────
[05:43:06] VERBOSE  Running 'OpenROAD.DiodeInsertion' at            step.py:1138
                    '../runs/synth48/42-openroad-repairantennas/1-o             
                    penroad-diodeinsertion'…                                    
[05:43:06] VERBOSE  Logging subprocess to                           step.py:1338
                    '../runs/synth48/42-openroad-repairantennas/1-o             
                    penroad-diodeinsertion/openroad-diodeinsertion.             
                    log'…                                                       
Reading timing models for corner nom_typ_1p20V_25C…                             
Reading timing library for the 'nom_typ_1p20V_25C' corner at                    
'/home/matthias/.ciel/ihp-sg13g2/ihp-sg13g2/libs.ref/sg13g2_stdcell/lib/sg13g2_s
tdcell_typ_1p20V_25C.lib'…                                                      
Reading timing library for the 'nom_typ_1p20V_25C' corner at                    
'/home/matthias/.ciel/ihp-sg13g2/ihp-sg13g2/libs.ref/sg13g2_io/lib/sg13g2_io_typ
_1p2V_3p3V_25C.lib'…                                                            
Reading OpenROAD database at                                                    
'/home/matthias/prog/janestreet/emulator/prototypes/one-bit-synth/runs/synth48/3
9-openroad-globalrouting/one_bit_synth.odb'…                                    
Reading design constraints file at                                              
'/nix/store/8y4m6wgn5kqlbig1qwnwbxijqqp0jwib-python3-3.13.9-env/lib/python3.13/s
ite-packages/librelane/scripts/base.sdc'…                                       
[INFO] Using clock clock…                                                       
[INFO] Setting output delay to: 4.16                                            
[INFO] Setting input delay to: 4.16                                             
[INFO] Setting load to: 0.006                                                   
[INFO] Setting clock uncertainty to: 0.25                                       
[INFO] Setting clock transition to: 0.15                                        
[INFO] Setting timing derate to: 5.0%                                           
+ repair_antennas sg13g2_antennanp -iterations 3 -ratio_margin 10               
[INFO GRT-0012] Found 0 antenna violations.                                     
Setting global connections for newly added cells…                               
[INFO] Setting global connections...                                            
[INFO ODB-0403] 0 connections made, 0 conflicts skipped.                        
Updating metrics…                                                               
Cell type report:                       Count       Area                        
  Buffer                                    3      21.77                        
  Clock buffer                             17     422.76                        
  Timing Repair Buffer                    256    3173.39                        
  Inverter                                 52     283.05                        
  Clock inverter                            3      16.33                        
  Sequential cell                         109    5339.78                        
  Multi-Input combinational cell         1141   10710.40                        
  Total                                  1581   19967.47                        
Writing OpenROAD database to                                                    
'/home/matthias/prog/janestreet/emulator/prototypes/one-bit-synth/runs/synth48/4
2-openroad-repairantennas/1-openroad-diodeinsertion/one_bit_synth.odb'…         
Writing layout to                                                               
'/home/matthias/prog/janestreet/emulator/prototypes/one-bit-synth/runs/synth48/4
2-openroad-repairantennas/1-openroad-diodeinsertion/one_bit_synth.def'…         
──────────────────────────────── Check Antennas ────────────────────────────────
[05:43:07] VERBOSE  Running 'OpenROAD.CheckAntennas' at             step.py:1138
                    '../runs/synth48/42-openroad-repairantennas/2-o             
                    penroad-checkantennas'…                                     
[05:43:07] VERBOSE  Logging subprocess to                           step.py:1338
                    '../runs/synth48/42-openroad-repairantennas/2-o             
                    penroad-checkantennas/openroad-checkantennas.lo             
                    g'…                                                         
Reading timing models for corner nom_typ_1p20V_25C…                             
Reading timing library for the 'nom_typ_1p20V_25C' corner at                    
'/home/matthias/.ciel/ihp-sg13g2/ihp-sg13g2/libs.ref/sg13g2_stdcell/lib/sg13g2_s
tdcell_typ_1p20V_25C.lib'…                                                      
Reading timing library for the 'nom_typ_1p20V_25C' corner at                    
'/home/matthias/.ciel/ihp-sg13g2/ihp-sg13g2/libs.ref/sg13g2_io/lib/sg13g2_io_typ
_1p2V_3p3V_25C.lib'…                                                            
Reading OpenROAD database at                                                    
'/home/matthias/prog/janestreet/emulator/prototypes/one-bit-synth/runs/synth48/4
2-openroad-repairantennas/1-openroad-diodeinsertion/one_bit_synth.odb'…         
Reading design constraints file at                                              
'/nix/store/8y4m6wgn5kqlbig1qwnwbxijqqp0jwib-python3-3.13.9-env/lib/python3.13/s
ite-packages/librelane/scripts/base.sdc'…                                       
[INFO] Using clock clock…                                                       
[INFO] Setting output delay to: 4.16                                            
[INFO] Setting input delay to: 4.16                                             
[INFO] Setting load to: 0.006                                                   
[INFO] Setting clock uncertainty to: 0.25                                       
[INFO] Setting clock transition to: 0.15                                        
[INFO] Setting timing derate to: 5.0%                                           
[05:43:08] INFO     Gating variable for step                   sequential.py:362
                    'OpenROAD.ResizerTimingPostGRT' set to                      
                    'False'- the step will be skipped.                          
[05:43:08] INFO     Skipping step 'Resizer Timing              sequential.py:370
                    Optimizations (Post-Global Routing)'…                       
─────────────────────── Static Timing Analysis (Mid-PnR) ───────────────────────
[05:43:08] VERBOSE  Running 'OpenROAD.STAMidPNR-3' at               step.py:1138
                    '../runs/synth48/43-openroad-stamidpnr-3'…                  
[05:43:08] VERBOSE  Logging subprocess to                           step.py:1338
                    '../runs/synth48/43-openroad-stamidpnr-3/openro             
                    ad-stamidpnr-3.log'…                                        
Reading timing models for corner nom_typ_1p20V_25C…                             
Reading timing library for the 'nom_typ_1p20V_25C' corner at                    
'/home/matthias/.ciel/ihp-sg13g2/ihp-sg13g2/libs.ref/sg13g2_stdcell/lib/sg13g2_s
tdcell_typ_1p20V_25C.lib'…                                                      
Reading timing library for the 'nom_typ_1p20V_25C' corner at                    
'/home/matthias/.ciel/ihp-sg13g2/ihp-sg13g2/libs.ref/sg13g2_io/lib/sg13g2_io_typ
_1p2V_3p3V_25C.lib'…                                                            
Reading OpenROAD database at                                                    
'/home/matthias/prog/janestreet/emulator/prototypes/one-bit-synth/runs/synth48/4
2-openroad-repairantennas/1-openroad-diodeinsertion/one_bit_synth.odb'…         
Reading design constraints file at                                              
'/nix/store/8y4m6wgn5kqlbig1qwnwbxijqqp0jwib-python3-3.13.9-env/lib/python3.13/s
ite-packages/librelane/scripts/base.sdc'…                                       
[INFO] Using clock clock…                                                       
[INFO] Setting output delay to: 4.16                                            
[INFO] Setting input delay to: 4.16                                             
[INFO] Setting load to: 0.006                                                   
[INFO] Setting clock uncertainty to: 0.25                                       
[INFO] Setting clock transition to: 0.15                                        
[INFO] Setting timing derate to: 5.0%                                           
─────────────────────────────── Detailed Routing ───────────────────────────────
[05:43:09] VERBOSE  Running 'OpenROAD.DetailedRouting' at           step.py:1138
                    '../runs/synth48/44-openroad-detailedrouting'…              
[05:43:09] INFO     Running TritonRoute with 32 threads…        openroad.py:2004
[05:43:09] VERBOSE  Logging subprocess to                           step.py:1338
                    '../runs/synth48/44-openroad-detailedrouting/op             
                    enroad-detailedrouting.log'…                                
Reading timing models for corner nom_typ_1p20V_25C…                             
Reading timing library for the 'nom_typ_1p20V_25C' corner at                    
'/home/matthias/.ciel/ihp-sg13g2/ihp-sg13g2/libs.ref/sg13g2_stdcell/lib/sg13g2_s
tdcell_typ_1p20V_25C.lib'…                                                      
Reading timing library for the 'nom_typ_1p20V_25C' corner at                    
'/home/matthias/.ciel/ihp-sg13g2/ihp-sg13g2/libs.ref/sg13g2_io/lib/sg13g2_io_typ
_1p2V_3p3V_25C.lib'…                                                            
Reading OpenROAD database at                                                    
'/home/matthias/prog/janestreet/emulator/prototypes/one-bit-synth/runs/synth48/4
2-openroad-repairantennas/1-openroad-diodeinsertion/one_bit_synth.odb'…         
Reading design constraints file at                                              
'/nix/store/8y4m6wgn5kqlbig1qwnwbxijqqp0jwib-python3-3.13.9-env/lib/python3.13/s
ite-packages/librelane/scripts/base.sdc'…                                       
[INFO] Using clock clock…                                                       
[INFO] Setting output delay to: 4.16                                            
[INFO] Setting input delay to: 4.16                                             
[INFO] Setting load to: 0.006                                                   
[INFO] Setting clock uncertainty to: 0.25                                       
[INFO] Setting clock transition to: 0.15                                        
[INFO] Setting timing derate to: 5.0%                                           
[INFO ORD-0030] Using 32 thread(s).                                             
+ detailed_route -droute_end_iter 64 -or_seed 42 -verbose 1 -output_drc         
/home/matthias/prog/janestreet/emulator/prototypes/one-bit-synth/runs/synth48/44
-openroad-detailedrouting/drt-run-0/one_bit_synth.drc                           
[INFO DRT-0149] Reading tech and libs.                                          
[05:43:09] WARNING  [DRT-0349] LEF58_ENCLOSURE with no CUTCLASS  openroad.py:314
                    is not supported. Skipping for layer Cont                   
[05:43:09] WARNING  [DRT-0349] LEF58_ENCLOSURE with no CUTCLASS  openroad.py:314
                    is not supported. Skipping for layer Via1                   
[05:43:09] WARNING  [DRT-0349] LEF58_ENCLOSURE with no CUTCLASS  openroad.py:314
                    is not supported. Skipping for layer Via1                   
[05:43:09] WARNING  [DRT-0349] LEF58_ENCLOSURE with no CUTCLASS  openroad.py:314
                    is not supported. Skipping for layer Via2                   
[05:43:09] WARNING  [DRT-0349] LEF58_ENCLOSURE with no CUTCLASS  openroad.py:314
                    is not supported. Skipping for layer Via3                   
[05:43:09] WARNING  [DRT-0349] LEF58_ENCLOSURE with no CUTCLASS  openroad.py:314
                    is not supported. Skipping for layer Via4                   
[05:43:09] WARNING  [DRT-0349] LEF58_ENCLOSURE with no CUTCLASS  openroad.py:314
                    is not supported. Skipping for layer TopVia1                
[05:43:09] WARNING  [DRT-0349] LEF58_ENCLOSURE with no CUTCLASS  openroad.py:314
                    is not supported. Skipping for layer TopVia1                
[05:43:09] WARNING  [DRT-0349] LEF58_ENCLOSURE with no CUTCLASS  openroad.py:314
                    is not supported. Skipping for layer TopVia2                
[05:43:09] WARNING  [DRT-0349] LEF58_ENCLOSURE with no CUTCLASS  openroad.py:314
                    is not supported. Skipping for layer TopVia2                
                                                                                
Units:                1000                                                      
Number of layers:     15                                                        
Number of macros:     106                                                       
Number of vias:       76                                                        
Number of viarulegen: 6                                                         
                                                                                
[INFO DRT-0150] Reading design.                                                 
                                                                                
Design:                   one_bit_synth                                         
Die area:                 ( 0 0 ) ( 183960 202680 )                             
Number of track patterns: 14                                                    
Number of DEF vias:       0                                                     
Number of components:     1581                                                  
Number of terminals:      27                                                    
Number of snets:          2                                                     
Number of nets:           1580                                                  
                                                                                
[INFO DRT-0167] List of default vias:                                           
  Layer Via2                                                                    
    default via: Via2_YX                                                        
  Layer Via3                                                                    
    default via: Via3_XY                                                        
  Layer Via4                                                                    
    default via: Via4_YX                                                        
  Layer TopVia1                                                                 
    default via: TopVia1EWNS                                                    
  Layer TopVia2                                                                 
    default via: TopVia2EWNS                                                    
[INFO DRT-0162] Library cell analysis.                                          
[INFO DRT-0163] Instance analysis.                                              
[INFO DRT-0164] Number of unique instances = 111.                               
[INFO DRT-0168] Init region query.                                              
[INFO DRT-0024]   Complete GatPoly.                                             
[INFO DRT-0024]   Complete Cont.                                                
[INFO DRT-0024]   Complete Metal1.                                              
[INFO DRT-0024]   Complete Via1.                                                
[INFO DRT-0024]   Complete Metal2.                                              
[INFO DRT-0024]   Complete Via2.                                                
[INFO DRT-0024]   Complete Metal3.                                              
[INFO DRT-0024]   Complete Via3.                                                
[INFO DRT-0024]   Complete Metal4.                                              
[INFO DRT-0024]   Complete Via4.                                                
[INFO DRT-0024]   Complete Metal5.                                              
[INFO DRT-0024]   Complete TopVia1.                                             
[INFO DRT-0024]   Complete TopMetal1.                                           
[INFO DRT-0024]   Complete TopVia2.                                             
[INFO DRT-0024]   Complete TopMetal2.                                           
[INFO DRT-0033] GatPoly shape region query size = 0.                            
[INFO DRT-0033] Cont shape region query size = 0.                               
[INFO DRT-0033] Metal1 shape region query size = 33472.                         
[INFO DRT-0033] Via1 shape region query size = 690.                             
[INFO DRT-0033] Metal2 shape region query size = 287.                           
[INFO DRT-0033] Via2 shape region query size = 690.                             
[INFO DRT-0033] Metal3 shape region query size = 290.                           
[INFO DRT-0033] Via3 shape region query size = 690.                             
[INFO DRT-0033] Metal4 shape region query size = 276.                           
[INFO DRT-0033] Via4 shape region query size = 690.                             
[INFO DRT-0033] Metal5 shape region query size = 414.                           
[INFO DRT-0033] TopVia1 shape region query size = 276.                          
[INFO DRT-0033] TopMetal1 shape region query size = 165.                        
[INFO DRT-0033] TopVia2 shape region query size = 15.                           
[INFO DRT-0033] TopMetal2 shape region query size = 25.                         
[INFO DRT-0165] Start pin access.                                               
[INFO DRT-0078]   Complete 610 pins.                                            
[INFO DRT-0079]   Complete 100 unique inst patterns.                            
[INFO DRT-0081]   Complete 111 unique inst patterns.                            
[INFO DRT-0084]   Complete 764 groups.                                          
#scanned instances     = 1581                                                   
#unique  instances     = 111                                                    
#stdCellGenAp          = 4930                                                   
#stdCellValidPlanarAp  = 0                                                      
#stdCellValidViaAp     = 3779                                                   
#stdCellPinNoAp        = 0                                                      
#stdCellPinCnt         = 4907                                                   
#instTermValidViaApCnt = 0                                                      
#macroGenAp            = 0                                                      
#macroValidPlanarAp    = 0                                                      
#macroValidViaAp       = 0                                                      
#macroNoAp             = 0                                                      
[INFO DRT-0166] Complete pin access.                                            
[INFO DRT-0267] cpu time = 00:00:27, elapsed time = 00:00:01, memory = 119.41   
(MB), peak = 114.15 (MB)                                                        
                                                                                
[INFO DRT-0157] Number of guides:     10342                                     
                                                                                
[INFO DRT-0169] Post process guides.                                            
[INFO DRT-0176] GCELLGRID X 0 DO 25 STEP 7200 ;                                 
[INFO DRT-0177] GCELLGRID Y 0 DO 28 STEP 7200 ;                                 
[INFO DRT-0028]   Complete GatPoly.                                             
[INFO DRT-0028]   Complete Cont.                                                
[INFO DRT-0028]   Complete Metal1.                                              
[INFO DRT-0028]   Complete Via1.                                                
[INFO DRT-0028]   Complete Metal2.                                              
[INFO DRT-0028]   Complete Via2.                                                
[INFO DRT-0028]   Complete Metal3.                                              
[INFO DRT-0028]   Complete Via3.                                                
[INFO DRT-0028]   Complete Metal4.                                              
[INFO DRT-0028]   Complete Via4.                                                
[INFO DRT-0028]   Complete Metal5.                                              
[INFO DRT-0028]   Complete TopVia1.                                             
[INFO DRT-0028]   Complete TopMetal1.                                           
[INFO DRT-0028]   Complete TopVia2.                                             
[INFO DRT-0028]   Complete TopMetal2.                                           
[INFO DRT-0178] Init guide query.                                               
[INFO DRT-0035]   Complete GatPoly (guide).                                     
[INFO DRT-0035]   Complete Cont (guide).                                        
[INFO DRT-0035]   Complete Metal1 (guide).                                      
[INFO DRT-0035]   Complete Via1 (guide).                                        
[INFO DRT-0035]   Complete Metal2 (guide).                                      
[INFO DRT-0035]   Complete Via2 (guide).                                        
[INFO DRT-0035]   Complete Metal3 (guide).                                      
[INFO DRT-0035]   Complete Via3 (guide).                                        
[INFO DRT-0035]   Complete Metal4 (guide).                                      
[INFO DRT-0035]   Complete Via4 (guide).                                        
[INFO DRT-0035]   Complete Metal5 (guide).                                      
[INFO DRT-0035]   Complete TopVia1 (guide).                                     
[INFO DRT-0035]   Complete TopMetal1 (guide).                                   
[INFO DRT-0035]   Complete TopVia2 (guide).                                     
[INFO DRT-0035]   Complete TopMetal2 (guide).                                   
[INFO DRT-0036] GatPoly guide region query size = 0.                            
[INFO DRT-0036] Cont guide region query size = 0.                               
[INFO DRT-0036] Metal1 guide region query size = 3967.                          
[INFO DRT-0036] Via1 guide region query size = 0.                               
[INFO DRT-0036] Metal2 guide region query size = 3102.                          
[INFO DRT-0036] Via2 guide region query size = 0.                               
[INFO DRT-0036] Metal3 guide region query size = 1427.                          
[INFO DRT-0036] Via3 guide region query size = 0.                               
[INFO DRT-0036] Metal4 guide region query size = 70.                            
[INFO DRT-0036] Via4 guide region query size = 0.                               
[INFO DRT-0036] Metal5 guide region query size = 21.                            
[INFO DRT-0036] TopVia1 guide region query size = 0.                            
[INFO DRT-0036] TopMetal1 guide region query size = 0.                          
[INFO DRT-0036] TopVia2 guide region query size = 0.                            
[INFO DRT-0036] TopMetal2 guide region query size = 0.                          
[INFO DRT-0179] Init gr pin query.                                              
[INFO DRT-0267] cpu time = 00:00:00, elapsed time = 00:00:00, memory = 122.61   
(MB), peak = 117.65 (MB)                                                        
[INFO DRT-0245] skipped writing guide updates to database.                      
[INFO DRT-0185] Post process initialize RPin region query.                      
[INFO DRT-0181] Start track assignment.                                         
[INFO DRT-0184] Done with 3172 vertical wires in 1 frboxes and 5415 horizontal  
wires in 1 frboxes.                                                             
[INFO DRT-0186] Done with 962 vertical wires in 1 frboxes and 596 horizontal    
wires in 1 frboxes.                                                             
[INFO DRT-0182] Complete track assignment.                                      
[INFO DRT-0267] cpu time = 00:00:00, elapsed time = 00:00:00, memory = 138.57   
(MB), peak = 133.15 (MB)                                                        
[INFO DRT-0187] Start routing data preparation.                                 
[INFO DRT-0267] cpu time = 00:00:00, elapsed time = 00:00:00, memory = 138.57   
(MB), peak = 133.15 (MB)                                                        
[INFO DRT-0194] Start detail routing.                                           
[INFO DRT-0195] Start 0th optimization iteration.                               
    Completing 10% with 0 violations.                                           
    elapsed time = 00:00:01, memory = 295.04 (MB).                              
    Completing 20% with 0 violations.                                           
    elapsed time = 00:00:07, memory = 215.22 (MB).                              
    Completing 30% with 65 violations.                                          
    elapsed time = 00:00:07, memory = 407.56 (MB).                              
    Completing 40% with 65 violations.                                          
    elapsed time = 00:00:09, memory = 359.90 (MB).                              
    Completing 50% with 65 violations.                                          
    elapsed time = 00:00:11, memory = 314.62 (MB).                              
    Completing 60% with 170 violations.                                         
    elapsed time = 00:00:11, memory = 424.76 (MB).                              
    Completing 70% with 170 violations.                                         
    elapsed time = 00:00:21, memory = 372.02 (MB).                              
    Completing 80% with 256 violations.                                         
    elapsed time = 00:00:21, memory = 479.77 (MB).                              
    Completing 90% with 256 violations.                                         
    elapsed time = 00:00:23, memory = 460.38 (MB).                              
    Completing 100% with 343 violations.                                        
    elapsed time = 00:00:23, memory = 451.02 (MB).                              
[INFO DRT-0199]   Number of violations = 466.                                   
Viol/Layer      Metal1   Via1 Metal2   Via2 Metal3 Metal4                       
Metal Spacing        0      0    157      0      2      0                       
Off Grid             0      0      1      0      0      0                       
Recheck              1      0     80      0     40      2                       
Short                0      1    160      2     20      0                       
[INFO DRT-0267] cpu time = 00:00:39, elapsed time = 00:00:23, memory = 825.28   
(MB), peak = 820.89 (MB)                                                        
Total wire length = 38598 um.                                                   
Total wire length on LAYER Metal1 = 0 um.                                       
Total wire length on LAYER Metal2 = 19544 um.                                   
Total wire length on LAYER Metal3 = 16541 um.                                   
Total wire length on LAYER Metal4 = 1708 um.                                    
Total wire length on LAYER Metal5 = 803 um.                                     
Total wire length on LAYER TopMetal1 = 0 um.                                    
Total wire length on LAYER TopMetal2 = 0 um.                                    
Total number of vias = 9515.                                                    
Up-via summary (total 9515):                                                    
                                                                                
------------------                                                              
   GatPoly       0                                                              
    Metal1    4972                                                              
    Metal2    4292                                                              
    Metal3     206                                                              
    Metal4      45                                                              
    Metal5       0                                                              
 TopMetal1       0                                                              
------------------                                                              
          9515                                                                  
                                                                                
                                                                                
[INFO DRT-0195] Start 1st optimization iteration.                               
    Completing 10% with 466 violations.                                         
    elapsed time = 00:00:00, memory = 882.04 (MB).                              
    Completing 20% with 466 violations.                                         
    elapsed time = 00:00:00, memory = 886.38 (MB).                              
    Completing 30% with 466 violations.                                         
    elapsed time = 00:00:01, memory = 857.86 (MB).                              
    Completing 40% with 439 violations.                                         
    elapsed time = 00:00:03, memory = 944.46 (MB).                              
    Completing 50% with 439 violations.                                         
    elapsed time = 00:00:04, memory = 874.97 (MB).                              
    Completing 60% with 413 violations.                                         
    elapsed time = 00:00:04, memory = 882.99 (MB).                              
    Completing 70% with 413 violations.                                         
    elapsed time = 00:00:04, memory = 916.72 (MB).                              
    Completing 80% with 413 violations.                                         
    elapsed time = 00:00:11, memory = 880.41 (MB).                              
    Completing 90% with 409 violations.                                         
    elapsed time = 00:00:14, memory = 981.23 (MB).                              
    Completing 100% with 287 violations.                                        
    elapsed time = 00:00:19, memory = 880.42 (MB).                              
[INFO DRT-0199]   Number of violations = 287.                                   
Viol/Layer      Metal2 Metal3                                                   
Metal Spacing      144      1                                                   
Short              141      1                                                   
[INFO DRT-0267] cpu time = 00:00:33, elapsed time = 00:00:19, memory = 883.43   
(MB), peak = 1011.41 (MB)                                                       
Total wire length = 38192 um.                                                   
Total wire length on LAYER Metal1 = 0 um.                                       
Total wire length on LAYER Metal2 = 19289 um.                                   
Total wire length on LAYER Metal3 = 16393 um.                                   
Total wire length on LAYER Metal4 = 1692 um.                                    
Total wire length on LAYER Metal5 = 817 um.                                     
Total wire length on LAYER TopMetal1 = 0 um.                                    
Total wire length on LAYER TopMetal2 = 0 um.                                    
Total number of vias = 9474.                                                    
Up-via summary (total 9474):                                                    
                                                                                
------------------                                                              
   GatPoly       0                                                              
    Metal1    4970                                                              
    Metal2    4221                                                              
    Metal3     235                                                              
    Metal4      48                                                              
    Metal5       0                                                              
 TopMetal1       0                                                              
------------------                                                              
          9474                                                                  
                                                                                
                                                                                
[INFO DRT-0195] Start 2nd optimization iteration.                               
    Completing 10% with 287 violations.                                         
    elapsed time = 00:00:00, memory = 883.43 (MB).                              
    Completing 20% with 287 violations.                                         
    elapsed time = 00:00:00, memory = 883.43 (MB).                              
    Completing 30% with 287 violations.                                         
    elapsed time = 00:00:00, memory = 924.42 (MB).                              
    Completing 40% with 295 violations.                                         
    elapsed time = 00:00:01, memory = 883.45 (MB).                              
    Completing 50% with 295 violations.                                         
    elapsed time = 00:00:01, memory = 943.12 (MB).                              
    Completing 60% with 295 violations.                                         
    elapsed time = 00:00:05, memory = 899.43 (MB).                              
    Completing 70% with 272 violations.                                         
    elapsed time = 00:00:05, memory = 1012.98 (MB).                             
    Completing 80% with 272 violations.                                         
    elapsed time = 00:00:07, memory = 956.91 (MB).                              
    Completing 90% with 272 violations.                                         
    elapsed time = 00:00:10, memory = 1018.39 (MB).                             
    Completing 100% with 219 violations.                                        
    elapsed time = 00:00:20, memory = 903.96 (MB).                              
[INFO DRT-0199]   Number of violations = 219.                                   
Viol/Layer      Metal2 Metal3                                                   
Metal Spacing      112      3                                                   
Short               95      9                                                   
[INFO DRT-0267] cpu time = 00:00:32, elapsed time = 00:00:20, memory = 904.04   
(MB), peak = 1059.73 (MB)                                                       
Total wire length = 38132 um.                                                   
Total wire length on LAYER Metal1 = 0 um.                                       
Total wire length on LAYER Metal2 = 19147 um.                                   
Total wire length on LAYER Metal3 = 16394 um.                                   
Total wire length on LAYER Metal4 = 1776 um.                                    
Total wire length on LAYER Metal5 = 813 um.                                     
Total wire length on LAYER TopMetal1 = 0 um.                                    
Total wire length on LAYER TopMetal2 = 0 um.                                    
Total number of vias = 9417.                                                    
Up-via summary (total 9417):                                                    
                                                                                
------------------                                                              
   GatPoly       0                                                              
    Metal1    4963                                                              
    Metal2    4176                                                              
    Metal3     231                                                              
    Metal4      47                                                              
    Metal5       0                                                              
 TopMetal1       0                                                              
------------------                                                              
          9417                                                                  
                                                                                
                                                                                
[INFO DRT-0195] Start 3rd optimization iteration.                               
    Completing 10% with 219 violations.                                         
    elapsed time = 00:00:00, memory = 1011.17 (MB).                             
    Completing 20% with 219 violations.                                         
    elapsed time = 00:00:00, memory = 904.10 (MB).                              
    Completing 30% with 150 violations.                                         
    elapsed time = 00:00:01, memory = 904.10 (MB).                              
    Completing 40% with 150 violations.                                         
    elapsed time = 00:00:01, memory = 904.10 (MB).                              
    Completing 50% with 150 violations.                                         
    elapsed time = 00:00:01, memory = 904.10 (MB).                              
    Completing 60% with 121 violations.                                         
    elapsed time = 00:00:01, memory = 966.61 (MB).                              
    Completing 70% with 121 violations.                                         
    elapsed time = 00:00:02, memory = 904.10 (MB).                              
    Completing 80% with 57 violations.                                          
    elapsed time = 00:00:02, memory = 936.03 (MB).                              
    Completing 90% with 57 violations.                                          
    elapsed time = 00:00:03, memory = 904.10 (MB).                              
    Completing 100% with 0 violations.                                          
    elapsed time = 00:00:03, memory = 904.10 (MB).                              
[INFO DRT-0199]   Number of violations = 0.                                     
[INFO DRT-0267] cpu time = 00:00:07, elapsed time = 00:00:03, memory = 904.11   
(MB), peak = 1059.73 (MB)                                                       
Total wire length = 38028 um.                                                   
Total wire length on LAYER Metal1 = 0 um.                                       
Total wire length on LAYER Metal2 = 18251 um.                                   
Total wire length on LAYER Metal3 = 16374 um.                                   
Total wire length on LAYER Metal4 = 2555 um.                                    
Total wire length on LAYER Metal5 = 847 um.                                     
Total wire length on LAYER TopMetal1 = 0 um.                                    
Total wire length on LAYER TopMetal2 = 0 um.                                    
Total number of vias = 9565.                                                    
Up-via summary (total 9565):                                                    
                                                                                
------------------                                                              
   GatPoly       0                                                              
    Metal1    4967                                                              
    Metal2    4212                                                              
    Metal3     336                                                              
    Metal4      50                                                              
    Metal5       0                                                              
 TopMetal1       0                                                              
------------------                                                              
          9565                                                                  
                                                                                
                                                                                
[INFO DRT-0198] Complete detail routing.                                        
Total wire length = 38028 um.                                                   
Total wire length on LAYER Metal1 = 0 um.                                       
Total wire length on LAYER Metal2 = 18251 um.                                   
Total wire length on LAYER Metal3 = 16374 um.                                   
Total wire length on LAYER Metal4 = 2555 um.                                    
Total wire length on LAYER Metal5 = 847 um.                                     
Total wire length on LAYER TopMetal1 = 0 um.                                    
Total wire length on LAYER TopMetal2 = 0 um.                                    
Total number of vias = 9565.                                                    
Up-via summary (total 9565):                                                    
                                                                                
------------------                                                              
   GatPoly       0                                                              
    Metal1    4967                                                              
    Metal2    4212                                                              
    Metal3     336                                                              
    Metal4      50                                                              
    Metal5       0                                                              
 TopMetal1       0                                                              
------------------                                                              
          9565                                                                  
                                                                                
                                                                                
[INFO DRT-0267] cpu time = 00:01:53, elapsed time = 00:01:07, memory = 904.30   
(MB), peak = 1059.73 (MB)                                                       
                                                                                
[INFO DRT-0180] Post processing.                                                
+ check_antennas                                                                
[INFO ANT-0002] Found 0 net violations.                                         
[INFO ANT-0001] Found 0 pin violations.                                         
Setting global connections for newly added cells…                               
[INFO] Setting global connections...                                            
[INFO ODB-0403] 0 connections made, 0 conflicts skipped.                        
Updating metrics…                                                               
Cell type report:                       Count       Area                        
  Buffer                                    3      21.77                        
  Clock buffer                             17     422.76                        
  Timing Repair Buffer                    256    3173.39                        
  Inverter                                 52     283.05                        
  Clock inverter                            3      16.33                        
  Sequential cell                         109    5339.78                        
  Multi-Input combinational cell         1141   10710.40                        
  Total                                  1581   19967.47                        
Writing OpenROAD database to                                                    
'/home/matthias/prog/janestreet/emulator/prototypes/one-bit-synth/runs/synth48/4
4-openroad-detailedrouting/one_bit_synth.odb'…                                  
Writing netlist to                                                              
'/home/matthias/prog/janestreet/emulator/prototypes/one-bit-synth/runs/synth48/4
4-openroad-detailedrouting/one_bit_synth.nl.v'…                                 
Writing powered netlist to                                                      
'/home/matthias/prog/janestreet/emulator/prototypes/one-bit-synth/runs/synth48/4
4-openroad-detailedrouting/one_bit_synth.pnl.v'…                                
Writing layout to                                                               
'/home/matthias/prog/janestreet/emulator/prototypes/one-bit-synth/runs/synth48/4
4-openroad-detailedrouting/one_bit_synth.def'…                                  
Writing timing constraints to                                                   
'/home/matthias/prog/janestreet/emulator/prototypes/one-bit-synth/runs/synth48/4
4-openroad-detailedrouting/one_bit_synth.sdc'…                                  
───────────────────────────── Remove Obstructions ──────────────────────────────
[05:44:18] VERBOSE  Running 'Odb.RemoveRoutingObstructions' at      step.py:1138
                    '../runs/synth48/45-odb-removeroutingobstructio             
                    ns'…                                                        
[05:44:18] INFO     'ROUTING_OBSTRUCTIONS' is not defined. Skipping   odb.py:589
                    'Odb.RemoveRoutingObstructions'…                            
──────────────────────────────── Check Antennas ────────────────────────────────
[05:44:18] VERBOSE  Running 'OpenROAD.CheckAntennas-1' at           step.py:1138
                    '../runs/synth48/46-openroad-checkantennas-1'…              
[05:44:18] VERBOSE  Logging subprocess to                           step.py:1338
                    '../runs/synth48/46-openroad-checkantennas-1/op             
                    enroad-checkantennas-1.log'…                                
Reading timing models for corner nom_typ_1p20V_25C…                             
Reading timing library for the 'nom_typ_1p20V_25C' corner at                    
'/home/matthias/.ciel/ihp-sg13g2/ihp-sg13g2/libs.ref/sg13g2_stdcell/lib/sg13g2_s
tdcell_typ_1p20V_25C.lib'…                                                      
Reading timing library for the 'nom_typ_1p20V_25C' corner at                    
'/home/matthias/.ciel/ihp-sg13g2/ihp-sg13g2/libs.ref/sg13g2_io/lib/sg13g2_io_typ
_1p2V_3p3V_25C.lib'…                                                            
Reading OpenROAD database at                                                    
'/home/matthias/prog/janestreet/emulator/prototypes/one-bit-synth/runs/synth48/4
4-openroad-detailedrouting/one_bit_synth.odb'…                                  
Reading design constraints file at                                              
'/nix/store/8y4m6wgn5kqlbig1qwnwbxijqqp0jwib-python3-3.13.9-env/lib/python3.13/s
ite-packages/librelane/scripts/base.sdc'…                                       
[INFO] Using clock clock…                                                       
[INFO] Setting output delay to: 4.16                                            
[INFO] Setting input delay to: 4.16                                             
[INFO] Setting load to: 0.006                                                   
[INFO] Setting clock uncertainty to: 0.25                                       
[INFO] Setting clock transition to: 0.15                                        
[INFO] Setting timing derate to: 5.0%                                           
───────────────────────── Routing Design Rule Checker ──────────────────────────
[05:44:19] VERBOSE  Running 'Checker.TrDRC' at                      step.py:1138
                    '../runs/synth48/47-checker-trdrc'…                         
[05:44:19] INFO     Check for Routing DRC errors clear.           checker.py:131
─────────────────────────── Report Disconnected Pins ───────────────────────────
[05:44:19] VERBOSE  Running 'Odb.ReportDisconnectedPins' at         step.py:1138
                    '../runs/synth48/48-odb-reportdisconnectedpins'             
                    …                                                           
[05:44:19] VERBOSE  Logging subprocess to                           step.py:1338
                    '../runs/synth48/48-odb-reportdisconnectedpins/             
                    odb-reportdisconnectedpins.log'…                            
Found 0 disconnected pin(s), of which 0 are critical.                           
────────────────────────── Disconnected Pins Checker ───────────────────────────
[05:44:19] VERBOSE  Running 'Checker.DisconnectedPins' at           step.py:1138
                    '../runs/synth48/49-checker-disconnectedpins'…              
[05:44:19] INFO     Check for critical disconnected pins clear.   checker.py:131
────────────────────────────── Report Wire Length ──────────────────────────────
[05:44:19] VERBOSE  Running 'Odb.ReportWireLength' at               step.py:1138
                    '../runs/synth48/50-odb-reportwirelength'…                  
[05:44:19] VERBOSE  Logging subprocess to                           step.py:1338
                    '../runs/synth48/50-odb-reportwirelength/odb-re             
                    portwirelength.log'…                                        
──────────────────────── Wire Length Threshold Checker ─────────────────────────
[05:44:20] VERBOSE  Running 'Checker.WireLength' at                 step.py:1138
                    '../runs/synth48/51-checker-wirelength'…                    
[05:44:20] WARNING  Threshold for Threshold-surpassing long wires checker.py:108
                    is not set. The checker will be skipped.                    
──────────────────────────────── Fill Insertion ────────────────────────────────
[05:44:20] VERBOSE  Running 'OpenROAD.FillInsertion' at             step.py:1138
                    '../runs/synth48/52-openroad-fillinsertion'…                
[05:44:20] VERBOSE  Logging subprocess to                           step.py:1338
                    '../runs/synth48/52-openroad-fillinsertion/open             
                    road-fillinsertion.log'…                                    
Reading timing models for corner nom_typ_1p20V_25C…                             
Reading timing library for the 'nom_typ_1p20V_25C' corner at                    
'/home/matthias/.ciel/ihp-sg13g2/ihp-sg13g2/libs.ref/sg13g2_stdcell/lib/sg13g2_s
tdcell_typ_1p20V_25C.lib'…                                                      
Reading timing library for the 'nom_typ_1p20V_25C' corner at                    
'/home/matthias/.ciel/ihp-sg13g2/ihp-sg13g2/libs.ref/sg13g2_io/lib/sg13g2_io_typ
_1p2V_3p3V_25C.lib'…                                                            
Reading OpenROAD database at                                                    
'/home/matthias/prog/janestreet/emulator/prototypes/one-bit-synth/runs/synth48/4
8-odb-reportdisconnectedpins/one_bit_synth.odb'…                                
Reading design constraints file at                                              
'/nix/store/8y4m6wgn5kqlbig1qwnwbxijqqp0jwib-python3-3.13.9-env/lib/python3.13/s
ite-packages/librelane/scripts/base.sdc'…                                       
[INFO] Using clock clock…                                                       
[INFO] Setting output delay to: 4.16                                            
[INFO] Setting input delay to: 4.16                                             
[INFO] Setting load to: 0.006                                                   
[INFO] Setting clock uncertainty to: 0.25                                       
[INFO] Setting clock transition to: 0.15                                        
[INFO] Setting timing derate to: 5.0%                                           
sg13g2_decap_* sg13g2_fill_1 sg13g2_fill_2                                      
[INFO DPL-0001] Placed 1440 filler instances.                                   
Setting global connections for newly added cells…                               
[INFO] Setting global connections...                                            
[INFO ODB-0403] 2880 connections made, 0 conflicts skipped.                     
Updating metrics…                                                               
Cell type report:                       Count       Area                        
  Fill cell                              1440    9344.16                        
  Buffer                                    3      21.77                        
  Clock buffer                             17     422.76                        
  Timing Repair Buffer                    256    3173.39                        
  Inverter                                 52     283.05                        
  Clock inverter                            3      16.33                        
  Sequential cell                         109    5339.78                        
  Multi-Input combinational cell         1141   10710.40                        
  Total                                  3021   29311.63                        
Writing OpenROAD database to                                                    
'/home/matthias/prog/janestreet/emulator/prototypes/one-bit-synth/runs/synth48/5
2-openroad-fillinsertion/one_bit_synth.odb'…                                    
Writing netlist to                                                              
'/home/matthias/prog/janestreet/emulator/prototypes/one-bit-synth/runs/synth48/5
2-openroad-fillinsertion/one_bit_synth.nl.v'…                                   
Writing powered netlist to                                                      
'/home/matthias/prog/janestreet/emulator/prototypes/one-bit-synth/runs/synth48/5
2-openroad-fillinsertion/one_bit_synth.pnl.v'…                                  
Writing layout to                                                               
'/home/matthias/prog/janestreet/emulator/prototypes/one-bit-synth/runs/synth48/5
2-openroad-fillinsertion/one_bit_synth.def'…                                    
Writing timing constraints to                                                   
'/home/matthias/prog/janestreet/emulator/prototypes/one-bit-synth/runs/synth48/5
2-openroad-fillinsertion/one_bit_synth.sdc'…                                    
──────────────────────── Generate Cell Frequency Tables ────────────────────────
[05:44:20] VERBOSE  Running 'Odb.CellFrequencyTables' at            step.py:1138
                    '../runs/synth48/53-odb-cellfrequencytables'…               
[05:44:20] VERBOSE  Logging subprocess to                           step.py:1338
                    '../runs/synth48/53-odb-cellfrequencytables/buf             
                    fer_list.txt'…                                              
sg13g2_buf_1                                                                    
sg13g2_buf_16                                                                   
sg13g2_buf_2                                                                    
sg13g2_buf_4                                                                    
sg13g2_buf_8                                                                    
sg13g2_dlygate4sd1_1                                                            
sg13g2_dlygate4sd2_1                                                            
sg13g2_dlygate4sd3_1                                                            
[05:44:20] VERBOSE  Logging subprocess to                           step.py:1338
                    '../runs/synth48/53-odb-cellfrequencytables/odb             
                    -cellfrequencytables.log'…                                  
                                Cells by Master                                 
┏━━━━━━━━━━━━━━━━━━━━━━━━━━━━━━━━━━━━━━━━━━━━━━━━━━━━━━━━━━━┳━━━━━━━━━━━━━━━━━━┓
┃ Cell                                                      ┃ Count            ┃
┡━━━━━━━━━━━━━━━━━━━━━━━━━━━━━━━━━━━━━━━━━━━━━━━━━━━━━━━━━━━╇━━━━━━━━━━━━━━━━━━┩
│ sg13g2_a21o_1                                             │ 22               │
│ sg13g2_a21oi_1                                            │ 160              │
│ sg13g2_a221oi_1                                           │ 11               │
│ sg13g2_a22oi_1                                            │ 29               │
│ sg13g2_and2_1                                             │ 43               │
│ sg13g2_and3_1                                             │ 14               │
│ sg13g2_and4_1                                             │ 3                │
│ sg13g2_buf_1                                              │ 114              │
│ sg13g2_buf_16                                             │ 1                │
│ sg13g2_buf_8                                              │ 16               │
│ sg13g2_decap_4                                            │ 259              │
│ sg13g2_decap_8                                            │ 425              │
│ sg13g2_dfrbpq_1                                           │ 109              │
│ sg13g2_dlygate4sd3_1                                      │ 145              │
│ sg13g2_fill_1                                             │ 373              │
│ sg13g2_fill_2                                             │ 383              │
│ sg13g2_inv_1                                              │ 55               │
│ sg13g2_mux2_1                                             │ 3                │
│ sg13g2_nand2_1                                            │ 120              │
│ sg13g2_nand2b_1                                           │ 36               │
│ sg13g2_nand3_1                                            │ 38               │
│ sg13g2_nand3b_1                                           │ 4                │
│ sg13g2_nand4_1                                            │ 10               │
│ sg13g2_nor2_1                                             │ 135              │
│ sg13g2_nor2b_1                                            │ 18               │
│ sg13g2_nor3_1                                             │ 49               │
│ sg13g2_nor4_1                                             │ 14               │
│ sg13g2_o21ai_1                                            │ 163              │
│ sg13g2_or2_1                                              │ 31               │
│ sg13g2_or3_1                                              │ 7                │
│ sg13g2_or4_1                                              │ 3                │
│ sg13g2_tiehi                                              │ 109              │
│ sg13g2_tielo                                              │ 2                │
│ sg13g2_xnor2_1                                            │ 78               │
│ sg13g2_xor2_1                                             │ 39               │
└───────────────────────────────────────────────────────────┴──────────────────┘
                               Cells by Function                                
┏━━━━━━━━━━━━━━━━━━━━━━━━━━━━━━━━━━━━━━━━━━━━━━━━━━━━━┳━━━━━━━━━━━━━━━━━━━━━━━━┓
┃ Cell Function                                       ┃ Count                  ┃
┡━━━━━━━━━━━━━━━━━━━━━━━━━━━━━━━━━━━━━━━━━━━━━━━━━━━━━╇━━━━━━━━━━━━━━━━━━━━━━━━┩
└─────────────────────────────────────────────────────┴────────────────────────┘
                                  Cells by SCL                                  
┏━━━━━━━━━━━━━━━━━━━━━━━━━━━━━━━━━┳━━━━━━━━━━━━━━━━━━━━━━━━━━━━━━━━━━━━━━━━━━━━┓
┃ SCL                             ┃ Count                                      ┃
┡━━━━━━━━━━━━━━━━━━━━━━━━━━━━━━━━━╇━━━━━━━━━━━━━━━━━━━━━━━━━━━━━━━━━━━━━━━━━━━━┩
└─────────────────────────────────┴────────────────────────────────────────────┘
                             Buffers by Cell Master                             
┏━━━━━━━━━━━━━━━━━━━━━━━━━━━━━━━━━━━━━━━━━━━━━━━━━━━━━━━━━━━┳━━━━━━━━━━━━━━━━━━┓
┃ Buffer                                                    ┃ Count            ┃
┡━━━━━━━━━━━━━━━━━━━━━━━━━━━━━━━━━━━━━━━━━━━━━━━━━━━━━━━━━━━╇━━━━━━━━━━━━━━━━━━┩
│ sg13g2_buf_1                                              │ 114              │
│ sg13g2_buf_16                                             │ 1                │
│ sg13g2_buf_8                                              │ 16               │
│ sg13g2_dlygate4sd3_1                                      │ 145              │
└───────────────────────────────────────────────────────────┴──────────────────┘
───────────────── Parasitic Resistance/Capacitance Extraction ──────────────────
[05:44:21] VERBOSE  Running 'OpenROAD.RCX' at                       step.py:1138
                    '../runs/synth48/54-openroad-rcx'…                          
[05:44:21] INFO     Running RCX for corners matching nom_*      openroad.py:2147
                    (/home/matthias/prog/janestreet/emulator/pr                 
                    ototypes/one-bit-synth/runs/synth48/54-open                 
                    road-rcx/nom/rcx.log)…                                      
[05:44:21] VERBOSE  Logging subprocess to                           step.py:1338
                    '../runs/synth48/54-openroad-rcx/nom/rcx.log'…              
[05:44:21] INFO     Finished RCX for corners matching nom_*.    openroad.py:2156
────────────────────── Static Timing Analysis (Post-PnR) ───────────────────────
[05:44:21] VERBOSE  Running 'OpenROAD.STAPostPNR' at                step.py:1138
                    '../runs/synth48/55-openroad-stapostpnr'…                   
[05:44:21] INFO     Starting STA for the nom_fast_1p32V_m40C     openroad.py:749
                    timing corner…                                              
[05:44:21] INFO     Starting STA for the nom_slow_1p08V_125C     openroad.py:749
                    timing corner…                                              
[05:44:21] INFO     Starting STA for the nom_typ_1p20V_25C       openroad.py:749
                    timing corner…                                              
[05:44:21] VERBOSE  Logging subprocess to                           step.py:1338
                    '../runs/synth48/55-openroad-stapostpnr/nom_typ             
                    _1p20V_25C/sta.log'…                                        
[05:44:21] VERBOSE  Logging subprocess to                           step.py:1338
                    '../runs/synth48/55-openroad-stapostpnr/nom_slo             
                    w_1p08V_125C/sta.log'…                                      
[05:44:21] VERBOSE  Logging subprocess to                           step.py:1338
                    '../runs/synth48/55-openroad-stapostpnr/nom_fas             
                    t_1p32V_m40C/sta.log'…                                      
[05:44:22] INFO     Finished STA for the nom_slow_1p08V_125C     openroad.py:764
                    timing corner.                                              
[05:44:22] INFO     Finished STA for the nom_fast_1p32V_m40C     openroad.py:764
                    timing corner.                                              
[05:44:22] VERBOSE  Logging subprocess to                           step.py:1338
                    '../runs/synth48/55-openroad-stapostpnr/nom_slo             
                    w_1p08V_125C/filter_unannotated.log'…                       
[05:44:22] VERBOSE  Logging subprocess to                           step.py:1338
                    '../runs/synth48/55-openroad-stapostpnr/nom_fas             
                    t_1p32V_m40C/filter_unannotated.log'…                       
[05:44:22] INFO     Finished STA for the nom_typ_1p20V_25C       openroad.py:764
                    timing corner.                                              
[05:44:22] VERBOSE  Logging subprocess to                           step.py:1338
                    '../runs/synth48/55-openroad-stapostpnr/nom_typ             
                    _1p20V_25C/filter_unannotated.log'…                         
┏━━━━━━━━━━━━━━━━━━━━━━┳━━━━┳━━━━┳━━━━┳━━━━┳━━━━┳━━━┳━━━━┳━━━┳━━━━┳━━━┳━━━━┳━━━┓
┃                      ┃    ┃    ┃    ┃    ┃ of ┃   ┃    ┃   ┃    ┃ … ┃    ┃   ┃
┃                      ┃    ┃ R… ┃    ┃    ┃ w… ┃   ┃ R… ┃   ┃    ┃ … ┃    ┃   ┃
┃                      ┃ H… ┃ to ┃    ┃ H… ┃ r… ┃ … ┃ to ┃   ┃ S… ┃ … ┃ M… ┃ … ┃
┃                      ┃ W… ┃ R… ┃ H… ┃ V… ┃ to ┃ … ┃ R… ┃ … ┃ V… ┃ … ┃ C… ┃ … ┃
┃ Corner/Group         ┃ S… ┃ P… ┃ T… ┃ C… ┃ r… ┃ … ┃ P… ┃ … ┃ C… ┃ … ┃ V… ┃ … ┃
┡━━━━━━━━━━━━━━━━━━━━━━╇━━━━╇━━━━╇━━━━╇━━━━╇━━━━╇━━━╇━━━━╇━━━╇━━━━╇━━━╇━━━━╇━━━┩
│ Overall              │ 0… │ 0… │ 0… │ 0  │ 0  │ … │ 1… │ … │ 0  │ 0 │ 0  │ 0 │
│ nom_fast_1p32V_m40C  │ 0… │ 0… │ 0… │ 0  │ 0  │ … │ N… │ … │ 0  │ 0 │ 0  │ 0 │
│ nom_slow_1p08V_125C  │ 0… │ 0… │ 0… │ 0  │ 0  │ … │ 1… │ … │ 0  │ 0 │ 0  │ 0 │
│ nom_typ_1p20V_25C    │ 0… │ 0… │ 0… │ 0  │ 0  │ … │ 1… │ … │ 0  │ 0 │ 0  │ 0 │
└──────────────────────┴────┴────┴────┴────┴────┴───┴────┴───┴────┴───┴────┴───┘
[05:44:22] INFO     Gating variable for step                   sequential.py:362
                    'OpenROAD.IRDropReport' set to 'False'-                     
                    the step will be skipped.                                   
[05:44:22] INFO     Skipping step 'IR Drop Report'…            sequential.py:370
─────────────────────────── GDSII Stream Out (Magic) ───────────────────────────
[05:44:22] VERBOSE  Running 'Magic.StreamOut' at                    step.py:1138
                    '../runs/synth48/56-magic-streamout'…                       
[05:44:22] VERBOSE  Logging subprocess to                           step.py:1338
                    '../runs/synth48/56-magic-streamout/magic-strea             
                    mout.log'…                                                  
                                                                                
Magic 8.3 revision 623 - Compiled on Tue Mar 17 08:19:38 UTC 2026.              
Starting magic under Tcl interpreter                                            
Using the terminal as the console.                                              
Using NULL graphics device.                                                     
Processing system .magicrc file                                                 
Switching to WIRING tool.                                                       
Switching to NETLIST tool.                                                      
Switching to PICK tool.                                                         
Switching to BOX tool.                                                          
Sourcing design .magicrc for technology ihp-sg13g2 ...                          
2 Magic internal units = 1 Lambda                                               
Input style sg13g2(): scaleFactor=2, multiplier=2                               
The following types are not handled by extraction and will be treated as        
non-electrical types:                                                           
    pblock sealcont difffill nemitter hvnemitter hvisodiffres sealvia1 sealvia2 
sealvia3 sealvia4 sealvia5 sealvia6 pillar solder seal glass thruvia inductor   
Scaled tech values by 2 / 1 to match internal grid scaling                      
Loading ihp-sg13g2 Device Generator Menu ...                                    
Loading                                                                         
"/nix/store/8y4m6wgn5kqlbig1qwnwbxijqqp0jwib-python3-3.13.9-env/lib/python3.13/s
ite-packages/librelane/scripts/magic/wrapper.tcl" from command line.            
> gds read                                                                      
/home/matthias/.ciel/ihp-sg13g2/ihp-sg13g2/libs.ref/sg13g2_stdcell/gds/sg13g2_st
dcell.gds                                                                       
Warning: Calma reading is not undoable!  I hope that's OK.                      
Library written using GDS-II Release 5.0                                        
Library name: sg13g2_stdcell                                                    
Reading "sg13g2_a21o_1".                                                        
Reading "sg13g2_a21o_2".                                                        
Reading "sg13g2_a21oi_1".                                                       
CIF file read warning: CIF style sg13g2(): units rescaled by factor of 5 / 1    
Reading "sg13g2_a21oi_2".                                                       
Reading "sg13g2_a221oi_1".                                                      
Reading "sg13g2_a22oi_1".                                                       
Reading "sg13g2_and2_1".                                                        
Reading "sg13g2_and2_2".                                                        
Reading "sg13g2_and3_1".                                                        
Reading "sg13g2_and3_2".                                                        
Reading "sg13g2_and4_1".                                                        
Reading "sg13g2_and4_2".                                                        
Reading "sg13g2_antennanp".                                                     
Reading "sg13g2_buf_1".                                                         
Reading "sg13g2_buf_16".                                                        
Reading "sg13g2_buf_2".                                                         
Reading "sg13g2_buf_4".                                                         
Reading "sg13g2_buf_8".                                                         
Reading "sg13g2_decap_4".                                                       
Reading "sg13g2_decap_8".                                                       
Reading "sg13g2_dfrbp_1".                                                       
Reading "sg13g2_dfrbp_2".                                                       
Reading "sg13g2_dfrbpq_1".                                                      
Reading "sg13g2_dfrbpq_2".                                                      
Reading "sg13g2_dlhq_1".                                                        
Reading "sg13g2_dlhr_1".                                                        
Reading "sg13g2_dlhrq_1".                                                       
Reading "sg13g2_dllr_1".                                                        
Reading "sg13g2_dllrq_1".                                                       
Reading "sg13g2_dlygate4sd1_1".                                                 
Reading "sg13g2_dlygate4sd2_1".                                                 
Reading "sg13g2_dlygate4sd3_1".                                                 
Reading "sg13g2_ebufn_2".                                                       
Reading "sg13g2_ebufn_4".                                                       
Reading "sg13g2_ebufn_8".                                                       
Reading "sg13g2_einvn_2".                                                       
Reading "sg13g2_einvn_4".                                                       
Reading "sg13g2_einvn_8".                                                       
Reading "sg13g2_fill_1".                                                        
Reading "sg13g2_fill_2".                                                        
Reading "sg13g2_fill_4".                                                        
Reading "sg13g2_fill_8".                                                        
Reading "sg13g2_inv_1".                                                         
Reading "sg13g2_inv_16".                                                        
Reading "sg13g2_inv_2".                                                         
Reading "sg13g2_inv_4".                                                         
Reading "sg13g2_inv_8".                                                         
Reading "sg13g2_lgcp_1".                                                        
Reading "sg13g2_mux2_1".                                                        
Reading "sg13g2_mux2_2".                                                        
Reading "sg13g2_mux4_1".                                                        
Reading "sg13g2_nand2_1".                                                       
Reading "sg13g2_nand2_2".                                                       
Reading "sg13g2_nand2b_1".                                                      
Reading "sg13g2_nand2b_2".                                                      
Reading "sg13g2_nand3_1".                                                       
Reading "sg13g2_nand3b_1".                                                      
Reading "sg13g2_nand4_1".                                                       
Reading "sg13g2_nor2_1".                                                        
Reading "sg13g2_nor2_2".                                                        
Reading "sg13g2_nor2b_1".                                                       
Reading "sg13g2_nor2b_2".                                                       
Reading "sg13g2_nor3_1".                                                        
Reading "sg13g2_nor3_2".                                                        
Reading "sg13g2_nor4_1".                                                        
Reading "sg13g2_nor4_2".                                                        
Reading "sg13g2_o21ai_1".                                                       
Reading "sg13g2_or2_1".                                                         
Reading "sg13g2_or2_2".                                                         
Reading "sg13g2_or3_1".                                                         
Reading "sg13g2_or3_2".                                                         
Reading "sg13g2_or4_1".                                                         
Reading "sg13g2_or4_2".                                                         
Reading "sg13g2_sdfbbp_1".                                                      
Reading "sg13g2_sdfrbp_1".                                                      
Reading "sg13g2_sdfrbp_2".                                                      
Reading "sg13g2_sdfrbpq_1".                                                     
Reading "sg13g2_sdfrbpq_2".                                                     
Reading "sg13g2_sighold".                                                       
Reading "sg13g2_slgcp_1".                                                       
Reading "sg13g2_tiehi".                                                         
Reading "sg13g2_tielo".                                                         
Reading "sg13g2_xnor2_1".                                                       
Reading "sg13g2_xor2_1".                                                        
> lef read                                                                      
/home/matthias/.ciel/ihp-sg13g2/ihp-sg13g2/libs.ref/sg13g2_stdcell/lef/sg13g2_st
dcell.lef                                                                       
Reading LEF data from file                                                      
/home/matthias/.ciel/ihp-sg13g2/ihp-sg13g2/libs.ref/sg13g2_stdcell/lef/sg13g2_st
dcell.lef.                                                                      
This action cannot be undone.                                                   
LEF read, Line 6473 (Message): Unknown keyword "ANTENNAMAXCUTCAR" in LEF file;  
ignoring.                                                                       
LEF read: Processed 7927 lines.                                                 
> gds read                                                                      
/home/matthias/.ciel/ihp-sg13g2/ihp-sg13g2/libs.ref/sg13g2_io/gds/sg13g2_io.gds 
Warning: Calma reading is not undoable!  I hope that's OK.                      
Library written using GDS-II Release 5.0                                        
Library name: sg13g2_io                                                         
Reading "sg13g2_Clamp_N43N43D4R".                                               
Reading "sg13g2_RCClampResistor".                                               
Reading "sg13g2_RCClampInverter".                                               
Reading "sg13g2_IOPadVdd".                                                      
Reading "sg13g2_IOPadIOVdd".                                                    
Reading "sg13g2_Filler4000".                                                    
Reading "sg13g2_DCNDiode".                                                      
Reading "sg13g2_DCPDiode".                                                      
Reading "sg13g2_IOPadIOVss".                                                    
Reading "sg13g2_IOPadVss".                                                      
Reading "sg13g2_SecondaryProtection".                                           
Reading "sg13g2_LevelDown".                                                     
Reading "sg13g2_IOPadIn".                                                       
Reading "sg13g2_io_inv_x1".                                                     
Reading "sg13g2_LevelUp".                                                       
Reading "sg13g2_io_nor2_x1".                                                    
Reading "sg13g2_io_tie".                                                        
Reading "sg13g2_io_nand2_x1".                                                   
Reading "sg13g2_GateDecode".                                                    
Reading "sg13g2_Clamp_N2N2D".                                                   
Reading "sg13g2_Clamp_P2N2D".                                                   
Reading "sg13g2_IOPadInOut4mA".                                                 
Reading "sg13g2_Clamp_P15N15D".                                                 
Reading "sg13g2_Clamp_N15N15D".                                                 
Reading "sg13g2_IOPadInOut30mA".                                                
Reading "sg13g2_LevelUpInv".                                                    
Reading "sg13g2_GateLevelUpInv".                                                
Reading "sg13g2_IOPadOut4mA".                                                   
Reading "sg13g2_IOPadOut30mA".                                                  
Reading "sg13g2_Clamp_N8N8D".                                                   
Reading "sg13g2_Clamp_P8N8D".                                                   
Reading "sg13g2_IOPadInOut16mA".                                                
Reading "sg13g2_IOPadOut16mA".                                                  
Reading "sg13g2_IOPadTriOut4mA".                                                
Reading "sg13g2_IOPadTriOut16mA".                                               
Reading "sg13g2_IOPadTriOut30mA".                                               
Reading "sg13g2_Corner".                                                        
Reading "sg13g2_Filler200".                                                     
Reading "sg13g2_Filler400".                                                     
Reading "sg13g2_Filler1000".                                                    
Reading "sg13g2_Filler2000".                                                    
Reading "sg13g2_Filler10000".                                                   
Reading "sg13g2_Clamp_N20N0D".                                                  
Reading "sg13g2_Clamp_P20N0D".                                                  
Reading "sg13g2_IOPadAnalog".                                                   
Reading "sg12g2_Gallery".                                                       
> lef read                                                                      
/home/matthias/.ciel/ihp-sg13g2/ihp-sg13g2/libs.ref/sg13g2_io/lef/sg13g2_io.lef 
Reading LEF data from file                                                      
/home/matthias/.ciel/ihp-sg13g2/ihp-sg13g2/libs.ref/sg13g2_io/lef/sg13g2_io.lef.
This action cannot be undone.                                                   
LEF read: Processed 4552 lines.                                                 
Cell (NEWCELL) couldn't be read                                                 
No such file or directory                                                       
Creating new cell                                                               
> lef read                                                                      
/home/matthias/.ciel/ihp-sg13g2/ihp-sg13g2/libs.ref/sg13g2_stdcell/lef/sg13g2_te
ch.lef                                                                          
Reading LEF data from file                                                      
/home/matthias/.ciel/ihp-sg13g2/ihp-sg13g2/libs.ref/sg13g2_stdcell/lef/sg13g2_te
ch.lef.                                                                         
This action cannot be undone.                                                   
LEF read, Line 79 (Message): Unknown keyword "MAXIMUMDENSITY" in LEF file;      
ignoring.                                                                       
LEF read, Line 80 (Message): Unknown keyword "DENSITYCHECKSTEP" in LEF file;    
ignoring.                                                                       
LEF read, Line 81 (Message): Unknown keyword "DENSITYCHECKWINDOW" in LEF file;  
ignoring.                                                                       
LEF read, Line 87 (Message): Unknown keyword "MINIMUMCUT" in LEF file; ignoring.
LEF read, Line 91 (Message): Unknown keyword "ANTENNACUMAREARATIO" in LEF file; 
ignoring.                                                                       
LEF read, Line 92 (Message): Unknown keyword "ANTENNACUMDIFFAREARATIO" in LEF   
file; ignoring.                                                                 
LEF read, Line 121 (Message): Unknown keyword "MAXIMUMDENSITY" in LEF file;     
ignoring.                                                                       
LEF read, Line 122 (Message): Unknown keyword "DENSITYCHECKSTEP" in LEF file;   
ignoring.                                                                       
LEF read, Line 123 (Message): Unknown keyword "DENSITYCHECKWINDOW" in LEF file; 
ignoring.                                                                       
LEF read, Line 129 (Message): Unknown keyword "MINIMUMCUT" in LEF file;         
ignoring.                                                                       
LEF read, Line 134 (Message): Unknown keyword "ANTENNACUMAREARATIO" in LEF file;
ignoring.                                                                       
LEF read, Line 135 (Message): Unknown keyword "ANTENNACUMDIFFAREARATIO" in LEF  
file; ignoring.                                                                 
LEF read, Line 163 (Message): Unknown keyword "MAXIMUMDENSITY" in LEF file;     
ignoring.                                                                       
LEF read, Line 164 (Message): Unknown keyword "DENSITYCHECKSTEP" in LEF file;   
ignoring.                                                                       
LEF read, Line 165 (Message): Unknown keyword "DENSITYCHECKWINDOW" in LEF file; 
ignoring.                                                                       
LEF read, Line 171 (Message): Unknown keyword "MINIMUMCUT" in LEF file;         
ignoring.                                                                       
LEF read, Line 176 (Message): Unknown keyword "ANTENNACUMAREARATIO" in LEF file;
ignoring.                                                                       
LEF read, Line 177 (Message): Unknown keyword "ANTENNACUMDIFFAREARATIO" in LEF  
file; ignoring.                                                                 
LEF read, Line 205 (Message): Unknown keyword "MAXIMUMDENSITY" in LEF file;     
ignoring.                                                                       
LEF read, Line 206 (Message): Unknown keyword "DENSITYCHECKSTEP" in LEF file;   
ignoring.                                                                       
LEF read, Line 207 (Message): Unknown keyword "DENSITYCHECKWINDOW" in LEF file; 
ignoring.                                                                       
LEF read, Line 213 (Message): Unknown keyword "MINIMUMCUT" in LEF file;         
ignoring.                                                                       
LEF read, Line 218 (Message): Unknown keyword "ANTENNACUMAREARATIO" in LEF file;
ignoring.                                                                       
LEF read, Line 219 (Message): Unknown keyword "ANTENNACUMDIFFAREARATIO" in LEF  
file; ignoring.                                                                 
LEF read, Line 246 (Message): Unknown keyword "MAXIMUMDENSITY" in LEF file;     
ignoring.                                                                       
LEF read, Line 247 (Message): Unknown keyword "DENSITYCHECKSTEP" in LEF file;   
ignoring.                                                                       
LEF read, Line 248 (Message): Unknown keyword "DENSITYCHECKWINDOW" in LEF file; 
ignoring.                                                                       
LEF read, Line 254 (Message): Unknown keyword "MINIMUMCUT" in LEF file;         
ignoring.                                                                       
LEF read, Line 259 (Message): Unknown keyword "ANTENNACUMAREARATIO" in LEF file;
ignoring.                                                                       
LEF read, Line 260 (Message): Unknown keyword "ANTENNACUMDIFFAREARATIO" in LEF  
file; ignoring.                                                                 
LEF read, Line 286 (Message): Unknown keyword "MAXIMUMDENSITY" in LEF file;     
ignoring.                                                                       
LEF read, Line 287 (Message): Unknown keyword "DENSITYCHECKSTEP" in LEF file;   
ignoring.                                                                       
LEF read, Line 288 (Message): Unknown keyword "DENSITYCHECKWINDOW" in LEF file; 
ignoring.                                                                       
LEF read, Line 293 (Message): Unknown keyword "ANTENNACUMAREARATIO" in LEF file;
ignoring.                                                                       
LEF read, Line 294 (Message): Unknown keyword "ANTENNACUMDIFFAREARATIO" in LEF  
file; ignoring.                                                                 
LEF read, Line 320 (Message): Unknown keyword "MAXIMUMDENSITY" in LEF file;     
ignoring.                                                                       
LEF read, Line 321 (Message): Unknown keyword "DENSITYCHECKSTEP" in LEF file;   
ignoring.                                                                       
LEF read, Line 322 (Message): Unknown keyword "DENSITYCHECKWINDOW" in LEF file; 
ignoring.                                                                       
LEF read, Line 327 (Message): Unknown keyword "ANTENNACUMAREARATIO" in LEF file;
ignoring.                                                                       
LEF read, Line 328 (Message): Unknown keyword "ANTENNACUMDIFFAREARATIO" in LEF  
file; ignoring.                                                                 
LEF read: Processed 1197 lines.                                                 
> def read                                                                      
/home/matthias/prog/janestreet/emulator/prototypes/one-bit-synth/runs/synth48/53
-odb-cellfrequencytables/one_bit_synth.def -noblockage                          
Reading DEF data from file                                                      
/home/matthias/prog/janestreet/emulator/prototypes/one-bit-synth/runs/synth48/53
-odb-cellfrequencytables/one_bit_synth.def.                                     
This action cannot be undone.                                                   
  Processed 6 vias total.                                                       
  Processed 1 non-default rules total.                                          
  Processed 3021 subcell instances total.                                       
  Processed 27 pins total.                                                      
  Processed 2 special nets total.                                               
  Processed 1580 nets total.                                                    
DEF read: Processed 26704 lines.                                                
   Copying output for cell sg13g2_fill_2 from                                   
$PDKPATH/libs.ref/sg13g2_stdcell/gds/sg13g2_stdcell.gds                         
   Copying output for cell sg13g2_xnor2_1 from                                  
$PDKPATH/libs.ref/sg13g2_stdcell/gds/sg13g2_stdcell.gds                         
   Copying output for cell sg13g2_nor3_1 from                                   
$PDKPATH/libs.ref/sg13g2_stdcell/gds/sg13g2_stdcell.gds                         
   Copying output for cell sg13g2_a21oi_1 from                                  
$PDKPATH/libs.ref/sg13g2_stdcell/gds/sg13g2_stdcell.gds                         
   Copying output for cell sg13g2_o21ai_1 from                                  
$PDKPATH/libs.ref/sg13g2_stdcell/gds/sg13g2_stdcell.gds                         
   Copying output for cell sg13g2_inv_1 from                                    
$PDKPATH/libs.ref/sg13g2_stdcell/gds/sg13g2_stdcell.gds                         
   Copying output for cell sg13g2_dfrbpq_1 from                                 
$PDKPATH/libs.ref/sg13g2_stdcell/gds/sg13g2_stdcell.gds                         
   Copying output for cell sg13g2_buf_1 from                                    
$PDKPATH/libs.ref/sg13g2_stdcell/gds/sg13g2_stdcell.gds                         
   Copying output for cell sg13g2_tielo from                                    
$PDKPATH/libs.ref/sg13g2_stdcell/gds/sg13g2_stdcell.gds                         
   Copying output for cell sg13g2_dlygate4sd3_1 from                            
$PDKPATH/libs.ref/sg13g2_stdcell/gds/sg13g2_stdcell.gds                         
   Copying output for cell sg13g2_tiehi from                                    
$PDKPATH/libs.ref/sg13g2_stdcell/gds/sg13g2_stdcell.gds                         
   Copying output for cell sg13g2_decap_4 from                                  
$PDKPATH/libs.ref/sg13g2_stdcell/gds/sg13g2_stdcell.gds                         
   Copying output for cell sg13g2_decap_8 from                                  
$PDKPATH/libs.ref/sg13g2_stdcell/gds/sg13g2_stdcell.gds                         
   Copying output for cell sg13g2_nor2_1 from                                   
$PDKPATH/libs.ref/sg13g2_stdcell/gds/sg13g2_stdcell.gds                         
   Copying output for cell sg13g2_fill_1 from                                   
$PDKPATH/libs.ref/sg13g2_stdcell/gds/sg13g2_stdcell.gds                         
   Copying output for cell sg13g2_and2_1 from                                   
$PDKPATH/libs.ref/sg13g2_stdcell/gds/sg13g2_stdcell.gds                         
   Copying output for cell sg13g2_and3_1 from                                   
$PDKPATH/libs.ref/sg13g2_stdcell/gds/sg13g2_stdcell.gds                         
   Copying output for cell sg13g2_nand2_1 from                                  
$PDKPATH/libs.ref/sg13g2_stdcell/gds/sg13g2_stdcell.gds                         
   Copying output for cell sg13g2_xor2_1 from                                   
$PDKPATH/libs.ref/sg13g2_stdcell/gds/sg13g2_stdcell.gds                         
   Copying output for cell sg13g2_a21o_1 from                                   
$PDKPATH/libs.ref/sg13g2_stdcell/gds/sg13g2_stdcell.gds                         
   Copying output for cell sg13g2_nor4_1 from                                   
$PDKPATH/libs.ref/sg13g2_stdcell/gds/sg13g2_stdcell.gds                         
   Copying output for cell sg13g2_nand4_1 from                                  
$PDKPATH/libs.ref/sg13g2_stdcell/gds/sg13g2_stdcell.gds                         
   Copying output for cell sg13g2_nand3_1 from                                  
$PDKPATH/libs.ref/sg13g2_stdcell/gds/sg13g2_stdcell.gds                         
   Copying output for cell sg13g2_mux2_1 from                                   
$PDKPATH/libs.ref/sg13g2_stdcell/gds/sg13g2_stdcell.gds                         
   Copying output for cell sg13g2_or4_1 from                                    
$PDKPATH/libs.ref/sg13g2_stdcell/gds/sg13g2_stdcell.gds                         
   Copying output for cell sg13g2_nand2b_1 from                                 
$PDKPATH/libs.ref/sg13g2_stdcell/gds/sg13g2_stdcell.gds                         
   Copying output for cell sg13g2_nor2b_1 from                                  
$PDKPATH/libs.ref/sg13g2_stdcell/gds/sg13g2_stdcell.gds                         
   Copying output for cell sg13g2_buf_8 from                                    
$PDKPATH/libs.ref/sg13g2_stdcell/gds/sg13g2_stdcell.gds                         
   Copying output for cell sg13g2_or3_1 from                                    
$PDKPATH/libs.ref/sg13g2_stdcell/gds/sg13g2_stdcell.gds                         
   Copying output for cell sg13g2_a22oi_1 from                                  
$PDKPATH/libs.ref/sg13g2_stdcell/gds/sg13g2_stdcell.gds                         
   Copying output for cell sg13g2_or2_1 from                                    
$PDKPATH/libs.ref/sg13g2_stdcell/gds/sg13g2_stdcell.gds                         
   Copying output for cell sg13g2_and4_1 from                                   
$PDKPATH/libs.ref/sg13g2_stdcell/gds/sg13g2_stdcell.gds                         
   Copying output for cell sg13g2_nand3b_1 from                                 
$PDKPATH/libs.ref/sg13g2_stdcell/gds/sg13g2_stdcell.gds                         
   Copying output for cell sg13g2_buf_16 from                                   
$PDKPATH/libs.ref/sg13g2_stdcell/gds/sg13g2_stdcell.gds                         
   Copying output for cell sg13g2_a221oi_1 from                                 
$PDKPATH/libs.ref/sg13g2_stdcell/gds/sg13g2_stdcell.gds                         
   Generating output for cell one_bit_synth                                     
[INFO] GDS Write Complete                                                       
────────────────────────── GDSII Stream Out (KLayout) ──────────────────────────
[05:44:31] VERBOSE  Running 'KLayout.StreamOut' at                  step.py:1138
                    '../runs/synth48/57-klayout-streamout'…                     
[05:44:31] VERBOSE  Logging subprocess to                           step.py:1338
                    '../runs/synth48/57-klayout-streamout/klayout-s             
                    treamout.log'…                                              
[INFO] Clearing cells…                                                          
[INFO] Merging GDS files…                                                       
[INFO] Copying top level cell 'one_bit_synth'…                                  
[INFO] Checking for missing GDS…                                                
[INFO] All LEF cells have matching GDS cells.                                   
[INFO] Writing out GDS                                                          
'/home/matthias/prog/janestreet/emulator/prototypes/one-bit-synth/runs/synth48/5
7-klayout-streamout/one_bit_synth.klayout.gds'…                                 
[INFO] Done.                                                                    
────────────────────────── Render Image (w/ KLayout) ───────────────────────────
[05:44:32] VERBOSE  Running 'KLayout.Render' at                     step.py:1138
                    '../runs/synth48/58-klayout-render'…                        
[05:44:32] VERBOSE  Logging subprocess to                           step.py:1338
                    '../runs/synth48/58-klayout-render/klayout-rend             
                    er.log'…                                                    
────────────────────────────── Write LEF (Magic) ───────────────────────────────
[05:44:33] VERBOSE  Running 'Magic.WriteLEF' at                     step.py:1138
                    '../runs/synth48/59-magic-writelef'…                        
[05:44:33] VERBOSE  Logging subprocess to                           step.py:1338
                    '../runs/synth48/59-magic-writelef/magic-writel             
                    ef.log'…                                                    
                                                                                
Magic 8.3 revision 623 - Compiled on Tue Mar 17 08:19:38 UTC 2026.              
Starting magic under Tcl interpreter                                            
Using the terminal as the console.                                              
Using NULL graphics device.                                                     
Processing system .magicrc file                                                 
Switching to WIRING tool.                                                       
Switching to NETLIST tool.                                                      
Switching to PICK tool.                                                         
Switching to BOX tool.                                                          
Sourcing design .magicrc for technology ihp-sg13g2 ...                          
2 Magic internal units = 1 Lambda                                               
Input style sg13g2(): scaleFactor=2, multiplier=2                               
The following types are not handled by extraction and will be treated as        
non-electrical types:                                                           
    pblock sealcont difffill nemitter hvnemitter hvisodiffres sealvia1 sealvia2 
sealvia3 sealvia4 sealvia5 sealvia6 pillar solder seal glass thruvia inductor   
Scaled tech values by 2 / 1 to match internal grid scaling                      
Loading ihp-sg13g2 Device Generator Menu ...                                    
Loading                                                                         
"/nix/store/8y4m6wgn5kqlbig1qwnwbxijqqp0jwib-python3-3.13.9-env/lib/python3.13/s
ite-packages/librelane/scripts/magic/wrapper.tcl" from command line.            
> lef read                                                                      
/home/matthias/.ciel/ihp-sg13g2/ihp-sg13g2/libs.ref/sg13g2_stdcell/lef/sg13g2_te
ch.lef                                                                          
Reading LEF data from file                                                      
/home/matthias/.ciel/ihp-sg13g2/ihp-sg13g2/libs.ref/sg13g2_stdcell/lef/sg13g2_te
ch.lef.                                                                         
This action cannot be undone.                                                   
LEF read, Line 79 (Message): Unknown keyword "MAXIMUMDENSITY" in LEF file;      
ignoring.                                                                       
LEF read, Line 80 (Message): Unknown keyword "DENSITYCHECKSTEP" in LEF file;    
ignoring.                                                                       
LEF read, Line 81 (Message): Unknown keyword "DENSITYCHECKWINDOW" in LEF file;  
ignoring.                                                                       
LEF read, Line 87 (Message): Unknown keyword "MINIMUMCUT" in LEF file; ignoring.
LEF read, Line 91 (Message): Unknown keyword "ANTENNACUMAREARATIO" in LEF file; 
ignoring.                                                                       
LEF read, Line 92 (Message): Unknown keyword "ANTENNACUMDIFFAREARATIO" in LEF   
file; ignoring.                                                                 
LEF read, Line 121 (Message): Unknown keyword "MAXIMUMDENSITY" in LEF file;     
ignoring.                                                                       
LEF read, Line 122 (Message): Unknown keyword "DENSITYCHECKSTEP" in LEF file;   
ignoring.                                                                       
LEF read, Line 123 (Message): Unknown keyword "DENSITYCHECKWINDOW" in LEF file; 
ignoring.                                                                       
LEF read, Line 129 (Message): Unknown keyword "MINIMUMCUT" in LEF file;         
ignoring.                                                                       
LEF read, Line 134 (Message): Unknown keyword "ANTENNACUMAREARATIO" in LEF file;
ignoring.                                                                       
LEF read, Line 135 (Message): Unknown keyword "ANTENNACUMDIFFAREARATIO" in LEF  
file; ignoring.                                                                 
LEF read, Line 163 (Message): Unknown keyword "MAXIMUMDENSITY" in LEF file;     
ignoring.                                                                       
LEF read, Line 164 (Message): Unknown keyword "DENSITYCHECKSTEP" in LEF file;   
ignoring.                                                                       
LEF read, Line 165 (Message): Unknown keyword "DENSITYCHECKWINDOW" in LEF file; 
ignoring.                                                                       
LEF read, Line 171 (Message): Unknown keyword "MINIMUMCUT" in LEF file;         
ignoring.                                                                       
LEF read, Line 176 (Message): Unknown keyword "ANTENNACUMAREARATIO" in LEF file;
ignoring.                                                                       
LEF read, Line 177 (Message): Unknown keyword "ANTENNACUMDIFFAREARATIO" in LEF  
file; ignoring.                                                                 
LEF read, Line 205 (Message): Unknown keyword "MAXIMUMDENSITY" in LEF file;     
ignoring.                                                                       
LEF read, Line 206 (Message): Unknown keyword "DENSITYCHECKSTEP" in LEF file;   
ignoring.                                                                       
LEF read, Line 207 (Message): Unknown keyword "DENSITYCHECKWINDOW" in LEF file; 
ignoring.                                                                       
LEF read, Line 213 (Message): Unknown keyword "MINIMUMCUT" in LEF file;         
ignoring.                                                                       
LEF read, Line 218 (Message): Unknown keyword "ANTENNACUMAREARATIO" in LEF file;
ignoring.                                                                       
LEF read, Line 219 (Message): Unknown keyword "ANTENNACUMDIFFAREARATIO" in LEF  
file; ignoring.                                                                 
LEF read, Line 246 (Message): Unknown keyword "MAXIMUMDENSITY" in LEF file;     
ignoring.                                                                       
LEF read, Line 247 (Message): Unknown keyword "DENSITYCHECKSTEP" in LEF file;   
ignoring.                                                                       
LEF read, Line 248 (Message): Unknown keyword "DENSITYCHECKWINDOW" in LEF file; 
ignoring.                                                                       
LEF read, Line 254 (Message): Unknown keyword "MINIMUMCUT" in LEF file;         
ignoring.                                                                       
LEF read, Line 259 (Message): Unknown keyword "ANTENNACUMAREARATIO" in LEF file;
ignoring.                                                                       
LEF read, Line 260 (Message): Unknown keyword "ANTENNACUMDIFFAREARATIO" in LEF  
file; ignoring.                                                                 
LEF read, Line 286 (Message): Unknown keyword "MAXIMUMDENSITY" in LEF file;     
ignoring.                                                                       
LEF read, Line 287 (Message): Unknown keyword "DENSITYCHECKSTEP" in LEF file;   
ignoring.                                                                       
LEF read, Line 288 (Message): Unknown keyword "DENSITYCHECKWINDOW" in LEF file; 
ignoring.                                                                       
LEF read, Line 293 (Message): Unknown keyword "ANTENNACUMAREARATIO" in LEF file;
ignoring.                                                                       
LEF read, Line 294 (Message): Unknown keyword "ANTENNACUMDIFFAREARATIO" in LEF  
file; ignoring.                                                                 
LEF read, Line 320 (Message): Unknown keyword "MAXIMUMDENSITY" in LEF file;     
ignoring.                                                                       
LEF read, Line 321 (Message): Unknown keyword "DENSITYCHECKSTEP" in LEF file;   
ignoring.                                                                       
LEF read, Line 322 (Message): Unknown keyword "DENSITYCHECKWINDOW" in LEF file; 
ignoring.                                                                       
LEF read, Line 327 (Message): Unknown keyword "ANTENNACUMAREARATIO" in LEF file;
ignoring.                                                                       
LEF read, Line 328 (Message): Unknown keyword "ANTENNACUMDIFFAREARATIO" in LEF  
file; ignoring.                                                                 
LEF read: Processed 1197 lines.                                                 
> gds read                                                                      
/home/matthias/.ciel/ihp-sg13g2/ihp-sg13g2/libs.ref/sg13g2_stdcell/gds/sg13g2_st
dcell.gds                                                                       
Warning: Calma reading is not undoable!  I hope that's OK.                      
Library written using GDS-II Release 5.0                                        
Library name: sg13g2_stdcell                                                    
Reading "sg13g2_a21o_1".                                                        
Reading "sg13g2_a21o_2".                                                        
Reading "sg13g2_a21oi_1".                                                       
CIF file read warning: CIF style sg13g2(): units rescaled by factor of 5 / 1    
Reading "sg13g2_a21oi_2".                                                       
Reading "sg13g2_a221oi_1".                                                      
Reading "sg13g2_a22oi_1".                                                       
Reading "sg13g2_and2_1".                                                        
Reading "sg13g2_and2_2".                                                        
Reading "sg13g2_and3_1".                                                        
Reading "sg13g2_and3_2".                                                        
Reading "sg13g2_and4_1".                                                        
Reading "sg13g2_and4_2".                                                        
Reading "sg13g2_antennanp".                                                     
Reading "sg13g2_buf_1".                                                         
Reading "sg13g2_buf_16".                                                        
Reading "sg13g2_buf_2".                                                         
Reading "sg13g2_buf_4".                                                         
Reading "sg13g2_buf_8".                                                         
Reading "sg13g2_decap_4".                                                       
Reading "sg13g2_decap_8".                                                       
Reading "sg13g2_dfrbp_1".                                                       
Reading "sg13g2_dfrbp_2".                                                       
Reading "sg13g2_dfrbpq_1".                                                      
Reading "sg13g2_dfrbpq_2".                                                      
Reading "sg13g2_dlhq_1".                                                        
Reading "sg13g2_dlhr_1".                                                        
Reading "sg13g2_dlhrq_1".                                                       
Reading "sg13g2_dllr_1".                                                        
Reading "sg13g2_dllrq_1".                                                       
Reading "sg13g2_dlygate4sd1_1".                                                 
Reading "sg13g2_dlygate4sd2_1".                                                 
Reading "sg13g2_dlygate4sd3_1".                                                 
Reading "sg13g2_ebufn_2".                                                       
Reading "sg13g2_ebufn_4".                                                       
Reading "sg13g2_ebufn_8".                                                       
Reading "sg13g2_einvn_2".                                                       
Reading "sg13g2_einvn_4".                                                       
Reading "sg13g2_einvn_8".                                                       
Reading "sg13g2_fill_1".                                                        
Reading "sg13g2_fill_2".                                                        
Reading "sg13g2_fill_4".                                                        
Reading "sg13g2_fill_8".                                                        
Reading "sg13g2_inv_1".                                                         
Reading "sg13g2_inv_16".                                                        
Reading "sg13g2_inv_2".                                                         
Reading "sg13g2_inv_4".                                                         
Reading "sg13g2_inv_8".                                                         
Reading "sg13g2_lgcp_1".                                                        
Reading "sg13g2_mux2_1".                                                        
Reading "sg13g2_mux2_2".                                                        
Reading "sg13g2_mux4_1".                                                        
Reading "sg13g2_nand2_1".                                                       
Reading "sg13g2_nand2_2".                                                       
Reading "sg13g2_nand2b_1".                                                      
Reading "sg13g2_nand2b_2".                                                      
Reading "sg13g2_nand3_1".                                                       
Reading "sg13g2_nand3b_1".                                                      
Reading "sg13g2_nand4_1".                                                       
Reading "sg13g2_nor2_1".                                                        
Reading "sg13g2_nor2_2".                                                        
Reading "sg13g2_nor2b_1".                                                       
Reading "sg13g2_nor2b_2".                                                       
Reading "sg13g2_nor3_1".                                                        
Reading "sg13g2_nor3_2".                                                        
Reading "sg13g2_nor4_1".                                                        
Reading "sg13g2_nor4_2".                                                        
Reading "sg13g2_o21ai_1".                                                       
Reading "sg13g2_or2_1".                                                         
Reading "sg13g2_or2_2".                                                         
Reading "sg13g2_or3_1".                                                         
Reading "sg13g2_or3_2".                                                         
Reading "sg13g2_or4_1".                                                         
Reading "sg13g2_or4_2".                                                         
Reading "sg13g2_sdfbbp_1".                                                      
Reading "sg13g2_sdfrbp_1".                                                      
Reading "sg13g2_sdfrbp_2".                                                      
Reading "sg13g2_sdfrbpq_1".                                                     
Reading "sg13g2_sdfrbpq_2".                                                     
Reading "sg13g2_sighold".                                                       
Reading "sg13g2_slgcp_1".                                                       
Reading "sg13g2_tiehi".                                                         
Reading "sg13g2_tielo".                                                         
Reading "sg13g2_xnor2_1".                                                       
Reading "sg13g2_xor2_1".                                                        
> gds read                                                                      
/home/matthias/.ciel/ihp-sg13g2/ihp-sg13g2/libs.ref/sg13g2_io/gds/sg13g2_io.gds 
Warning: Calma reading is not undoable!  I hope that's OK.                      
Library written using GDS-II Release 5.0                                        
Library name: sg13g2_io                                                         
Reading "sg13g2_Clamp_N43N43D4R".                                               
Reading "sg13g2_RCClampResistor".                                               
Reading "sg13g2_RCClampInverter".                                               
Reading "sg13g2_IOPadVdd".                                                      
Reading "sg13g2_IOPadIOVdd".                                                    
Reading "sg13g2_Filler4000".                                                    
Reading "sg13g2_DCNDiode".                                                      
Reading "sg13g2_DCPDiode".                                                      
Reading "sg13g2_IOPadIOVss".                                                    
Reading "sg13g2_IOPadVss".                                                      
Reading "sg13g2_SecondaryProtection".                                           
Reading "sg13g2_LevelDown".                                                     
Reading "sg13g2_IOPadIn".                                                       
Reading "sg13g2_io_inv_x1".                                                     
Reading "sg13g2_LevelUp".                                                       
Reading "sg13g2_io_nor2_x1".                                                    
Reading "sg13g2_io_tie".                                                        
Reading "sg13g2_io_nand2_x1".                                                   
Reading "sg13g2_GateDecode".                                                    
Reading "sg13g2_Clamp_N2N2D".                                                   
Reading "sg13g2_Clamp_P2N2D".                                                   
Reading "sg13g2_IOPadInOut4mA".                                                 
Reading "sg13g2_Clamp_P15N15D".                                                 
Reading "sg13g2_Clamp_N15N15D".                                                 
Reading "sg13g2_IOPadInOut30mA".                                                
Reading "sg13g2_LevelUpInv".                                                    
Reading "sg13g2_GateLevelUpInv".                                                
Reading "sg13g2_IOPadOut4mA".                                                   
Reading "sg13g2_IOPadOut30mA".                                                  
Reading "sg13g2_Clamp_N8N8D".                                                   
Reading "sg13g2_Clamp_P8N8D".                                                   
Reading "sg13g2_IOPadInOut16mA".                                                
Reading "sg13g2_IOPadOut16mA".                                                  
Reading "sg13g2_IOPadTriOut4mA".                                                
Reading "sg13g2_IOPadTriOut16mA".                                               
Reading "sg13g2_IOPadTriOut30mA".                                               
Reading "sg13g2_Corner".                                                        
Reading "sg13g2_Filler200".                                                     
Reading "sg13g2_Filler400".                                                     
Reading "sg13g2_Filler1000".                                                    
Reading "sg13g2_Filler2000".                                                    
Reading "sg13g2_Filler10000".                                                   
Reading "sg13g2_Clamp_N20N0D".                                                  
Reading "sg13g2_Clamp_P20N0D".                                                  
Reading "sg13g2_IOPadAnalog".                                                   
Reading "sg12g2_Gallery".                                                       
Cell (REFRESHLAYOUT?) couldn't be read                                          
No such file or directory                                                       
Creating new cell                                                               
> def read                                                                      
/home/matthias/prog/janestreet/emulator/prototypes/one-bit-synth/runs/synth48/53
-odb-cellfrequencytables/one_bit_synth.def -noblockage                          
Reading DEF data from file                                                      
/home/matthias/prog/janestreet/emulator/prototypes/one-bit-synth/runs/synth48/53
-odb-cellfrequencytables/one_bit_synth.def.                                     
This action cannot be undone.                                                   
  Processed 6 vias total.                                                       
  Processed 1 non-default rules total.                                          
  Processed 3021 subcell instances total.                                       
  Processed 27 pins total.                                                      
  Processed 2 special nets total.                                               
  Processed 1580 nets total.                                                    
DEF read: Processed 26704 lines.                                                
[INFO] Ignoring 'VPWR VGND'                                                     
[INFO] Writing abstract LEF…                                                    
[INFO] Not specifiying -pinonly (nets connected to pins on the same layer are   
declared as part of the pin)…                                                   
Generating LEF output                                                           
/home/matthias/prog/janestreet/emulator/prototypes/one-bit-synth/runs/synth48/59
-magic-writelef/one_bit_synth.lef for cell one_bit_synth:                       
Diagnostic:  Write LEF header for cell one_bit_synth                            
Diagnostic:  Writing LEF output for cell one_bit_synth                          
Diagnostic:  Scale value is 0.005000                                            
[INFO] LEF Write Complete.                                                      
────── Check Antenna Properties of Pins in The Generated Design LEF view ───────
[05:44:41] VERBOSE  Running 'Odb.CheckDesignAntennaProperties' at   step.py:1138
                    '../runs/synth48/60-odb-checkdesignantennaprope             
                    rties'…                                                     
[05:44:41] VERBOSE  Logging subprocess to                           step.py:1338
                    '../runs/synth48/60-odb-checkdesignantennaprope             
                    rties/odb-checkdesignantennaproperties.log'…                
[INFO ODB-0227] LEF file:                                                       
/home/matthias/.ciel/ihp-sg13g2/ihp-sg13g2/libs.ref/sg13g2_stdcell/lef/sg13g2_te
ch.lef, created 19 layers, 70 vias                                              
[INFO ODB-0227] LEF file:                                                       
/home/matthias/.ciel/ihp-sg13g2/ihp-sg13g2/libs.ref/sg13g2_stdcell/lef/sg13g2_st
dcell.lef, created 84 library cells                                             
[INFO ODB-0227] LEF file:                                                       
/home/matthias/.ciel/ihp-sg13g2/ihp-sg13g2/libs.ref/sg13g2_io/lef/sg13g2_io.lef,
created 22 library cells                                                        
The NOWIREEXTENSIONATPIN statement will be ignored. See file                    
/home/matthias/prog/janestreet/emulator/prototypes/one-bit-synth/runs/synth48/59
-magic-writelef/one_bit_synth.lef at line 2.                                    
                                                                                
[INFO ODB-0227] LEF file:                                                       
/home/matthias/prog/janestreet/emulator/prototypes/one-bit-synth/runs/synth48/59
-magic-writelef/one_bit_synth.lef, created 1 library cells                      
[INFO ODB-0127] Reading DEF file: /tmp/tmprsyedp6f                              
[INFO ODB-0128] Design: empty                                                   
[INFO ODB-0134] Finished DEF file: /tmp/tmprsyedp6f                             
[05:44:42] INFO     Gating variable for step 'KLayout.XOR' set sequential.py:362
                    to 'False'- the step will be skipped.                       
[05:44:42] INFO     Skipping step 'KLayout vs. Magic XOR'…     sequential.py:370
[05:44:42] INFO     Gating variable for step 'Checker.XOR' set sequential.py:362
                    to 'False'- the step will be skipped.                       
[05:44:42] INFO     Skipping step 'XOR Difference Checker'…    sequential.py:370
[05:44:42] INFO     Gating variable for step 'Magic.DRC' set   sequential.py:362
                    to 'False'- the step will be skipped.                       
[05:44:42] INFO     Skipping step 'DRC'…                       sequential.py:370
[05:44:42] INFO     Gating variable for step 'KLayout.DRC' set sequential.py:362
                    to 'False'- the step will be skipped.                       
[05:44:42] INFO     Skipping step 'Design Rule Check           sequential.py:370
                    (KLayout)'…                                                 
[05:44:42] INFO     Gating variable for step                   sequential.py:362
                    'Checker.MagicDRC' set to 'False'- the                      
                    step will be skipped.                                       
[05:44:42] INFO     Skipping step 'Magic DRC Checker'…         sequential.py:370
[05:44:42] INFO     Gating variable for step                   sequential.py:362
                    'Checker.KLayoutDRC' set to 'False'- the                    
                    step will be skipped.                                       
[05:44:42] INFO     Skipping step 'KLayout DRC Checker'…       sequential.py:370
──────────────────────────── SPICE Model Extraction ────────────────────────────
[05:44:42] VERBOSE  Running 'Magic.SpiceExtraction' at              step.py:1138
                    '../runs/synth48/61-magic-spiceextraction'…                 
[05:44:42] VERBOSE  Logging subprocess to                           step.py:1338
                    '../runs/synth48/61-magic-spiceextraction/magic             
                    -spiceextraction.log'…                                      
                                                                                
Magic 8.3 revision 623 - Compiled on Tue Mar 17 08:19:38 UTC 2026.              
Starting magic under Tcl interpreter                                            
Using the terminal as the console.                                              
Using NULL graphics device.                                                     
Processing system .magicrc file                                                 
Switching to WIRING tool.                                                       
Switching to NETLIST tool.                                                      
Switching to PICK tool.                                                         
Switching to BOX tool.                                                          
Sourcing design .magicrc for technology ihp-sg13g2 ...                          
2 Magic internal units = 1 Lambda                                               
Input style sg13g2(): scaleFactor=2, multiplier=2                               
The following types are not handled by extraction and will be treated as        
non-electrical types:                                                           
    pblock sealcont difffill nemitter hvnemitter hvisodiffres sealvia1 sealvia2 
sealvia3 sealvia4 sealvia5 sealvia6 pillar solder seal glass thruvia inductor   
Scaled tech values by 2 / 1 to match internal grid scaling                      
Loading ihp-sg13g2 Device Generator Menu ...                                    
Loading                                                                         
"/nix/store/8y4m6wgn5kqlbig1qwnwbxijqqp0jwib-python3-3.13.9-env/lib/python3.13/s
ite-packages/librelane/scripts/magic/wrapper.tcl" from command line.            
> lef read                                                                      
/home/matthias/.ciel/ihp-sg13g2/ihp-sg13g2/libs.ref/sg13g2_stdcell/lef/sg13g2_te
ch.lef                                                                          
Reading LEF data from file                                                      
/home/matthias/.ciel/ihp-sg13g2/ihp-sg13g2/libs.ref/sg13g2_stdcell/lef/sg13g2_te
ch.lef.                                                                         
This action cannot be undone.                                                   
LEF read, Line 79 (Message): Unknown keyword "MAXIMUMDENSITY" in LEF file;      
ignoring.                                                                       
LEF read, Line 80 (Message): Unknown keyword "DENSITYCHECKSTEP" in LEF file;    
ignoring.                                                                       
LEF read, Line 81 (Message): Unknown keyword "DENSITYCHECKWINDOW" in LEF file;  
ignoring.                                                                       
LEF read, Line 87 (Message): Unknown keyword "MINIMUMCUT" in LEF file; ignoring.
LEF read, Line 91 (Message): Unknown keyword "ANTENNACUMAREARATIO" in LEF file; 
ignoring.                                                                       
LEF read, Line 92 (Message): Unknown keyword "ANTENNACUMDIFFAREARATIO" in LEF   
file; ignoring.                                                                 
LEF read, Line 121 (Message): Unknown keyword "MAXIMUMDENSITY" in LEF file;     
ignoring.                                                                       
LEF read, Line 122 (Message): Unknown keyword "DENSITYCHECKSTEP" in LEF file;   
ignoring.                                                                       
LEF read, Line 123 (Message): Unknown keyword "DENSITYCHECKWINDOW" in LEF file; 
ignoring.                                                                       
LEF read, Line 129 (Message): Unknown keyword "MINIMUMCUT" in LEF file;         
ignoring.                                                                       
LEF read, Line 134 (Message): Unknown keyword "ANTENNACUMAREARATIO" in LEF file;
ignoring.                                                                       
LEF read, Line 135 (Message): Unknown keyword "ANTENNACUMDIFFAREARATIO" in LEF  
file; ignoring.                                                                 
LEF read, Line 163 (Message): Unknown keyword "MAXIMUMDENSITY" in LEF file;     
ignoring.                                                                       
LEF read, Line 164 (Message): Unknown keyword "DENSITYCHECKSTEP" in LEF file;   
ignoring.                                                                       
LEF read, Line 165 (Message): Unknown keyword "DENSITYCHECKWINDOW" in LEF file; 
ignoring.                                                                       
LEF read, Line 171 (Message): Unknown keyword "MINIMUMCUT" in LEF file;         
ignoring.                                                                       
LEF read, Line 176 (Message): Unknown keyword "ANTENNACUMAREARATIO" in LEF file;
ignoring.                                                                       
LEF read, Line 177 (Message): Unknown keyword "ANTENNACUMDIFFAREARATIO" in LEF  
file; ignoring.                                                                 
LEF read, Line 205 (Message): Unknown keyword "MAXIMUMDENSITY" in LEF file;     
ignoring.                                                                       
LEF read, Line 206 (Message): Unknown keyword "DENSITYCHECKSTEP" in LEF file;   
ignoring.                                                                       
LEF read, Line 207 (Message): Unknown keyword "DENSITYCHECKWINDOW" in LEF file; 
ignoring.                                                                       
LEF read, Line 213 (Message): Unknown keyword "MINIMUMCUT" in LEF file;         
ignoring.                                                                       
LEF read, Line 218 (Message): Unknown keyword "ANTENNACUMAREARATIO" in LEF file;
ignoring.                                                                       
LEF read, Line 219 (Message): Unknown keyword "ANTENNACUMDIFFAREARATIO" in LEF  
file; ignoring.                                                                 
LEF read, Line 246 (Message): Unknown keyword "MAXIMUMDENSITY" in LEF file;     
ignoring.                                                                       
LEF read, Line 247 (Message): Unknown keyword "DENSITYCHECKSTEP" in LEF file;   
ignoring.                                                                       
LEF read, Line 248 (Message): Unknown keyword "DENSITYCHECKWINDOW" in LEF file; 
ignoring.                                                                       
LEF read, Line 254 (Message): Unknown keyword "MINIMUMCUT" in LEF file;         
ignoring.                                                                       
LEF read, Line 259 (Message): Unknown keyword "ANTENNACUMAREARATIO" in LEF file;
ignoring.                                                                       
LEF read, Line 260 (Message): Unknown keyword "ANTENNACUMDIFFAREARATIO" in LEF  
file; ignoring.                                                                 
LEF read, Line 286 (Message): Unknown keyword "MAXIMUMDENSITY" in LEF file;     
ignoring.                                                                       
LEF read, Line 287 (Message): Unknown keyword "DENSITYCHECKSTEP" in LEF file;   
ignoring.                                                                       
LEF read, Line 288 (Message): Unknown keyword "DENSITYCHECKWINDOW" in LEF file; 
ignoring.                                                                       
LEF read, Line 293 (Message): Unknown keyword "ANTENNACUMAREARATIO" in LEF file;
ignoring.                                                                       
LEF read, Line 294 (Message): Unknown keyword "ANTENNACUMDIFFAREARATIO" in LEF  
file; ignoring.                                                                 
LEF read, Line 320 (Message): Unknown keyword "MAXIMUMDENSITY" in LEF file;     
ignoring.                                                                       
LEF read, Line 321 (Message): Unknown keyword "DENSITYCHECKSTEP" in LEF file;   
ignoring.                                                                       
LEF read, Line 322 (Message): Unknown keyword "DENSITYCHECKWINDOW" in LEF file; 
ignoring.                                                                       
LEF read, Line 327 (Message): Unknown keyword "ANTENNACUMAREARATIO" in LEF file;
ignoring.                                                                       
LEF read, Line 328 (Message): Unknown keyword "ANTENNACUMDIFFAREARATIO" in LEF  
file; ignoring.                                                                 
LEF read: Processed 1197 lines.                                                 
> lef read                                                                      
/home/matthias/.ciel/ihp-sg13g2/ihp-sg13g2/libs.ref/sg13g2_stdcell/lef/sg13g2_st
dcell.lef                                                                       
Reading LEF data from file                                                      
/home/matthias/.ciel/ihp-sg13g2/ihp-sg13g2/libs.ref/sg13g2_stdcell/lef/sg13g2_st
dcell.lef.                                                                      
This action cannot be undone.                                                   
LEF read, Line 6473 (Message): Unknown keyword "ANTENNAMAXCUTCAR" in LEF file;  
ignoring.                                                                       
LEF read: Processed 7927 lines.                                                 
> lef read                                                                      
/home/matthias/.ciel/ihp-sg13g2/ihp-sg13g2/libs.ref/sg13g2_io/lef/sg13g2_io.lef 
Reading LEF data from file                                                      
/home/matthias/.ciel/ihp-sg13g2/ihp-sg13g2/libs.ref/sg13g2_io/lef/sg13g2_io.lef.
This action cannot be undone.                                                   
LEF read: Processed 4552 lines.                                                 
> def read                                                                      
/home/matthias/prog/janestreet/emulator/prototypes/one-bit-synth/runs/synth48/53
-odb-cellfrequencytables/one_bit_synth.def -noblockage                          
Reading DEF data from file                                                      
/home/matthias/prog/janestreet/emulator/prototypes/one-bit-synth/runs/synth48/53
-odb-cellfrequencytables/one_bit_synth.def.                                     
This action cannot be undone.                                                   
  Processed 6 vias total.                                                       
  Processed 1 non-default rules total.                                          
  Processed 3021 subcell instances total.                                       
  Processed 27 pins total.                                                      
  Processed 2 special nets total.                                               
  Processed 1580 nets total.                                                    
DEF read: Processed 26704 lines.                                                
> spice read                                                                    
/home/matthias/.ciel/ihp-sg13g2/ihp-sg13g2/libs.ref/sg13g2_stdcell/spice/sg13g2_
stdcell.spice                                                                   
Annotating port orders from                                                     
/home/matthias/.ciel/ihp-sg13g2/ihp-sg13g2/libs.ref/sg13g2_stdcell/spice/sg13g2_
stdcell.spice                                                                   
Annotating cell sg13g2_a21o_1                                                   
Cell sg13g2_a21o_1 port order was modified.                                     
Annotating cell sg13g2_a21o_2                                                   
Cell sg13g2_a21o_2 port order was modified.                                     
Annotating cell sg13g2_a21oi_1                                                  
Cell sg13g2_a21oi_1 port order was modified.                                    
Annotating cell sg13g2_a21oi_2                                                  
Cell sg13g2_a21oi_2 port order was modified.                                    
Annotating cell sg13g2_a221oi_1                                                 
Cell sg13g2_a221oi_1 port order was modified.                                   
Annotating cell sg13g2_and2_1                                                   
Cell sg13g2_and2_1 port order was modified.                                     
Annotating cell sg13g2_and2_2                                                   
Cell sg13g2_and2_2 port order was modified.                                     
Annotating cell sg13g2_and3_1                                                   
Cell sg13g2_and3_1 port order was modified.                                     
Annotating cell sg13g2_and3_2                                                   
Cell sg13g2_and3_2 port order was modified.                                     
Annotating cell sg13g2_and4_1                                                   
Cell sg13g2_and4_1 port order was modified.                                     
Annotating cell sg13g2_and4_2                                                   
Cell sg13g2_and4_2 port order was modified.                                     
Annotating cell sg13g2_antennanp                                                
Cell sg13g2_antennanp port order was modified.                                  
Annotating cell sg13g2_buf_1                                                    
Cell sg13g2_buf_1 port order was modified.                                      
Annotating cell sg13g2_buf_16                                                   
Cell sg13g2_buf_16 port order was modified.                                     
Annotating cell sg13g2_buf_2                                                    
Cell sg13g2_buf_2 port order was modified.                                      
Annotating cell sg13g2_buf_4                                                    
Cell sg13g2_buf_4 port order was modified.                                      
Annotating cell sg13g2_buf_8                                                    
Cell sg13g2_buf_8 port order was modified.                                      
Annotating cell sg13g2_decap_4                                                  
Cell sg13g2_decap_4 port order was modified.                                    
Annotating cell sg13g2_decap_8                                                  
Cell sg13g2_decap_8 port order was modified.                                    
Annotating cell sg13g2_dfrbp_1                                                  
Cell sg13g2_dfrbp_1 port order was modified.                                    
Annotating cell sg13g2_dfrbp_2                                                  
Cell sg13g2_dfrbp_2 port order was modified.                                    
Annotating cell sg13g2_dlhq_1                                                   
Cell sg13g2_dlhq_1 port order was modified.                                     
Annotating cell sg13g2_dlhr_1                                                   
Cell sg13g2_dlhr_1 port order was modified.                                     
Annotating cell sg13g2_dlhrq_1                                                  
Cell sg13g2_dlhrq_1 port order was modified.                                    
Annotating cell sg13g2_dllr_1                                                   
Cell sg13g2_dllr_1 port order was modified.                                     
Annotating cell sg13g2_dllrq_1                                                  
Cell sg13g2_dllrq_1 port order was modified.                                    
Annotating cell sg13g2_dlygate4sd1_1                                            
Cell sg13g2_dlygate4sd1_1 port order was modified.                              
Annotating cell sg13g2_dlygate4sd2_1                                            
Cell sg13g2_dlygate4sd2_1 port order was modified.                              
Annotating cell sg13g2_dlygate4sd3_1                                            
Cell sg13g2_dlygate4sd3_1 port order was modified.                              
Annotating cell sg13g2_ebufn_2                                                  
Cell sg13g2_ebufn_2 port order was modified.                                    
Annotating cell sg13g2_ebufn_4                                                  
Cell sg13g2_ebufn_4 port order was modified.                                    
Annotating cell sg13g2_ebufn_8                                                  
Cell sg13g2_ebufn_8 port order was modified.                                    
Annotating cell sg13g2_einvn_2                                                  
Cell sg13g2_einvn_2 port order was modified.                                    
Annotating cell sg13g2_einvn_4                                                  
Cell sg13g2_einvn_4 port order was modified.                                    
Annotating cell sg13g2_einvn_8                                                  
Cell sg13g2_einvn_8 port order was modified.                                    
Annotating cell sg13g2_inv_1                                                    
Cell sg13g2_inv_1 port order was modified.                                      
Annotating cell sg13g2_inv_16                                                   
Cell sg13g2_inv_16 port order was modified.                                     
Annotating cell sg13g2_inv_2                                                    
Cell sg13g2_inv_2 port order was modified.                                      
Annotating cell sg13g2_inv_4                                                    
Cell sg13g2_inv_4 port order was modified.                                      
Annotating cell sg13g2_inv_8                                                    
Cell sg13g2_inv_8 port order was modified.                                      
Annotating cell sg13g2_lgcp_1                                                   
Cell sg13g2_lgcp_1 port order was modified.                                     
Annotating cell sg13g2_mux2_1                                                   
Cell sg13g2_mux2_1 port order was modified.                                     
Annotating cell sg13g2_mux2_2                                                   
Cell sg13g2_mux2_2 port order was modified.                                     
Annotating cell sg13g2_mux4_1                                                   
Cell sg13g2_mux4_1 port order was modified.                                     
Annotating cell sg13g2_nand2_1                                                  
Cell sg13g2_nand2_1 port order was modified.                                    
Annotating cell sg13g2_nand2_2                                                  
Cell sg13g2_nand2_2 port order was modified.                                    
Annotating cell sg13g2_nand2b_1                                                 
Cell sg13g2_nand2b_1 port order was modified.                                   
Annotating cell sg13g2_nand2b_2                                                 
Cell sg13g2_nand2b_2 port order was modified.                                   
Annotating cell sg13g2_nand3_1                                                  
Cell sg13g2_nand3_1 port order was modified.                                    
Annotating cell sg13g2_nand3b_1                                                 
Cell sg13g2_nand3b_1 port order was modified.                                   
Annotating cell sg13g2_nand4_1                                                  
Cell sg13g2_nand4_1 port order was modified.                                    
Annotating cell sg13g2_nor2_1                                                   
Cell sg13g2_nor2_1 port order was modified.                                     
Annotating cell sg13g2_nor2_2                                                   
Cell sg13g2_nor2_2 port order was modified.                                     
Annotating cell sg13g2_nor2b_1                                                  
Cell sg13g2_nor2b_1 port order was modified.                                    
Annotating cell sg13g2_nor2b_2                                                  
Cell sg13g2_nor2b_2 port order was modified.                                    
Annotating cell sg13g2_nor3_1                                                   
Cell sg13g2_nor3_1 port order was modified.                                     
Annotating cell sg13g2_nor3_2                                                   
Cell sg13g2_nor3_2 port order was modified.                                     
Annotating cell sg13g2_nor4_1                                                   
Cell sg13g2_nor4_1 port order was modified.                                     
Annotating cell sg13g2_nor4_2                                                   
Cell sg13g2_nor4_2 port order was modified.                                     
Annotating cell sg13g2_o21ai_1                                                  
Cell sg13g2_o21ai_1 port order was modified.                                    
Annotating cell sg13g2_or2_1                                                    
Cell sg13g2_or2_1 port order was modified.                                      
Annotating cell sg13g2_or2_2                                                    
Cell sg13g2_or2_2 port order was modified.                                      
Annotating cell sg13g2_or3_1                                                    
Cell sg13g2_or3_1 port order was modified.                                      
Annotating cell sg13g2_or3_2                                                    
Cell sg13g2_or3_2 port order was modified.                                      
Annotating cell sg13g2_or4_1                                                    
Cell sg13g2_or4_1 port order was modified.                                      
Annotating cell sg13g2_or4_2                                                    
Cell sg13g2_or4_2 port order was modified.                                      
Annotating cell sg13g2_sdfbbp_1                                                 
Cell sg13g2_sdfbbp_1 port order was modified.                                   
Annotating cell sg13g2_sighold                                                  
Cell sg13g2_sighold port order was modified.                                    
Annotating cell sg13g2_slgcp_1                                                  
Cell sg13g2_slgcp_1 port order was modified.                                    
Annotating cell sg13g2_tiehi                                                    
Cell sg13g2_tiehi port order was modified.                                      
Annotating cell sg13g2_tielo                                                    
Cell sg13g2_tielo port order was modified.                                      
Annotating cell sg13g2_xnor2_1                                                  
Cell sg13g2_xnor2_1 port order was modified.                                    
Annotating cell sg13g2_xor2_1                                                   
Cell sg13g2_xor2_1 port order was modified.                                     
Annotating cell sg13g2_a22oi_1                                                  
Cell sg13g2_a22oi_1 port order was modified.                                    
Annotating cell sg13g2_sdfrbpq_2                                                
Cell sg13g2_sdfrbpq_2 port order was modified.                                  
Annotating cell sg13g2_sdfrbpq_1                                                
Cell sg13g2_sdfrbpq_1 port order was modified.                                  
Annotating cell sg13g2_sdfrbp_2                                                 
Cell sg13g2_sdfrbp_2 port order was modified.                                   
Annotating cell sg13g2_sdfrbp_1                                                 
Cell sg13g2_sdfrbp_1 port order was modified.                                   
Annotating cell sg13g2_dfrbpq_2                                                 
Cell sg13g2_dfrbpq_2 port order was modified.                                   
Annotating cell sg13g2_dfrbpq_1                                                 
Cell sg13g2_dfrbpq_1 port order was modified.                                   
Annotating cell sg13g2_fill_1                                                   
Cell sg13g2_fill_1 port order was modified.                                     
Annotating cell sg13g2_fill_2                                                   
Cell sg13g2_fill_2 port order was modified.                                     
Annotating cell sg13g2_fill_4                                                   
Cell sg13g2_fill_4 port order was modified.                                     
Annotating cell sg13g2_fill_8                                                   
Cell sg13g2_fill_8 port order was modified.                                     
Processing one_bit_synth                                                        
Extracting sg13g2_buf_1 into sg13g2_buf_1.ext:                                  
Extracting sg13g2_tielo into sg13g2_tielo.ext:                                  
Extracting sg13g2_dlygate4sd3_1 into sg13g2_dlygate4sd3_1.ext:                  
Extracting sg13g2_inv_1 into sg13g2_inv_1.ext:                                  
Extracting sg13g2_buf_8 into sg13g2_buf_8.ext:                                  
Extracting sg13g2_buf_16 into sg13g2_buf_16.ext:                                
Extracting sg13g2_tiehi into sg13g2_tiehi.ext:                                  
Extracting sg13g2_dfrbpq_1 into sg13g2_dfrbpq_1.ext:                            
Extracting sg13g2_o21ai_1 into sg13g2_o21ai_1.ext:                              
Extracting sg13g2_a21oi_1 into sg13g2_a21oi_1.ext:                              
Extracting sg13g2_nor3_1 into sg13g2_nor3_1.ext:                                
Extracting sg13g2_and2_1 into sg13g2_and2_1.ext:                                
Extracting sg13g2_nor2_1 into sg13g2_nor2_1.ext:                                
Extracting sg13g2_and3_1 into sg13g2_and3_1.ext:                                
Extracting sg13g2_xnor2_1 into sg13g2_xnor2_1.ext:                              
Extracting sg13g2_nor4_1 into sg13g2_nor4_1.ext:                                
Extracting sg13g2_nand2_1 into sg13g2_nand2_1.ext:                              
Extracting sg13g2_nand4_1 into sg13g2_nand4_1.ext:                              
Extracting sg13g2_a22oi_1 into sg13g2_a22oi_1.ext:                              
Extracting sg13g2_nand3_1 into sg13g2_nand3_1.ext:                              
Extracting sg13g2_and4_1 into sg13g2_and4_1.ext:                                
Extracting sg13g2_a21o_1 into sg13g2_a21o_1.ext:                                
Extracting sg13g2_nand2b_1 into sg13g2_nand2b_1.ext:                            
Extracting sg13g2_xor2_1 into sg13g2_xor2_1.ext:                                
Extracting sg13g2_nor2b_1 into sg13g2_nor2b_1.ext:                              
Extracting sg13g2_or2_1 into sg13g2_or2_1.ext:                                  
Extracting sg13g2_or3_1 into sg13g2_or3_1.ext:                                  
Extracting sg13g2_or4_1 into sg13g2_or4_1.ext:                                  
Extracting sg13g2_mux2_1 into sg13g2_mux2_1.ext:                                
Extracting sg13g2_nand3b_1 into sg13g2_nand3b_1.ext:                            
Extracting sg13g2_a221oi_1 into sg13g2_a221oi_1.ext:                            
Extracting sg13g2_fill_2 into sg13g2_fill_2.ext:                                
Extracting sg13g2_decap_4 into sg13g2_decap_4.ext:                              
Extracting sg13g2_fill_1 into sg13g2_fill_1.ext:                                
Extracting sg13g2_decap_8 into sg13g2_decap_8.ext:                              
Extracting one_bit_synth into one_bit_synth.ext:                                
exttospice finished.                                                            
──────────────── Spice Extraction-based Illegal Overlap Checker ────────────────
[05:44:43] VERBOSE  Running 'Checker.IllegalOverlap' at             step.py:1138
                    '../runs/synth48/62-checker-illegaloverlap'…                
[05:44:43] INFO     Check for Magic Illegal Overlap errors clear. checker.py:131
[05:44:43] INFO     Gating variable for step 'Netgen.LVS' set  sequential.py:362
                    to 'False'- the step will be skipped.                       
[05:44:43] INFO     Skipping step 'Netgen LVS'…                sequential.py:370
[05:44:43] INFO     Gating variable for step 'Checker.LVS' set sequential.py:362
                    to 'False'- the step will be skipped.                       
[05:44:43] INFO     Skipping step 'LVS Error Checker'…         sequential.py:370
[05:44:43] INFO     Gating variable for step 'Yosys.EQY' set   sequential.py:362
                    to 'False'- the step will be skipped.                       
[05:44:43] INFO     Skipping step 'Equivalence Check'…         sequential.py:370
─────────────────────── Setup Timing Violations Checker ────────────────────────
[05:44:43] VERBOSE  Running 'Checker.SetupViolations' at            step.py:1138
                    '../runs/synth48/63-checker-setupviolations'…               
[05:44:43] VERBOSE  No setup violations found                     checker.py:628
──────────────────────── Hold Timing Violations Checker ────────────────────────
[05:44:43] VERBOSE  Running 'Checker.HoldViolations' at             step.py:1138
                    '../runs/synth48/64-checker-holdviolations'…                
[05:44:43] VERBOSE  No hold violations found                      checker.py:628
─────────────────────── Maximum Slew Violations Checker ────────────────────────
[05:44:43] VERBOSE  Running 'Checker.MaxSlewViolations' at          step.py:1138
                    '../runs/synth48/65-checker-maxslewviolations'…             
[05:44:43] VERBOSE  No max slew violations found                  checker.py:628
──────────────────── Maximum Capacitance Violations Checker ────────────────────
[05:44:43] VERBOSE  Running 'Checker.MaxCapViolations' at           step.py:1138
                    '../runs/synth48/66-checker-maxcapviolations'…              
[05:44:43] VERBOSE  No max cap violations found                   checker.py:628
───────────────── Report Manufacturability (DRC, LVS, Antenna) ─────────────────
[05:44:43] VERBOSE  Running 'Misc.ReportManufacturability' at       step.py:1138
                    '../runs/synth48/67-misc-reportmanufacturabilit             
                    y'…                                                         
[05:44:43] WARNING  'design__lvs_error__count' not reported.          misc.py:84
                    Netgen.LVS may have been skipped.                           
[05:44:43] WARNING  klayout__drc_error__count not reported.          misc.py:102
                    KLayout.DRC may have been skipped.                          
[05:44:43] WARNING  magic__drc_error__count not reported. Magic.DRC  misc.py:110
                    may have been skipped.                                      
* Antenna
Passed ✅

* LVS
N/A

* DRC
N/A

[05:44:43] INFO     Saving views to                                 state.py:209
                    '/home/matthias/prog/janestreet/emulator/protot             
                    ypes/one-bit-synth/runs/synth48/final'…                     
[05:44:43] INFO     Flow complete.                             sequential.py:413
Classic - Stage 80 - Report Manufacturability ━━━━━━━━━━━━━━━━━━━━ 80/80 0:01:54

[05:44:43] WARNING  The following warnings were generated by the     flow.py:699
                    flow:                                                       
[05:44:43] WARNING  [Checker.LintWarnings] 6 Lint warnings found.    flow.py:701
[05:44:43] WARNING  [OpenROAD.CheckSDCFiles] 'PNR_SDC_FILE' is not   flow.py:701
                    defined. Using generic fallback SDC for OpenROAD            
                    PnR steps.                                                  
[05:44:43] WARNING  [OpenROAD.CheckSDCFiles] 'SIGNOFF_SDC_FILE' is   flow.py:701
                    not defined. Using generic fallback SDC for                 
                    OpenROAD PnR steps.                                         
[05:44:43] WARNING  [OpenROAD.GlobalPlacementSkipIO] [GPL-0302]      flow.py:701
                    Target density 0.6200 is too low for the                    
                    available free area. (and 1 similar warnings)               
[05:44:43] WARNING  [OpenROAD.DetailedRouting] [DRT-0349]            flow.py:701
                    LEF58_ENCLOSURE with no CUTCLASS is not                     
                    supported. Skipping for layer Cont (and 9                   
                    similar warnings)                                           
[05:44:43] WARNING  [Checker.WireLength] Threshold for               flow.py:701
                    Threshold-surpassing long wires is not set. The             
                    checker will be skipped.                                    
[05:44:43] WARNING  [Misc.ReportManufacturability]                   flow.py:701
                    'design__lvs_error__count' not reported.                    
                    Netgen.LVS may have been skipped.                           
[05:44:43] WARNING  [Misc.ReportManufacturability]                   flow.py:701
                    klayout__drc_error__count not reported.                     
                    KLayout.DRC may have been skipped.                          
[05:44:43] WARNING  [Misc.ReportManufacturability]                   flow.py:701
                    magic__drc_error__count not reported. Magic.DRC             
                    may have been skipped.                                      
librelane exit 0 Tue 22 Sep 13:45:07 +08 2026
