00000 features=806 size=29 p=5 tap=41 reset=false scheme=2 ops=2,3,3,3,0,3,1,1,0,0,0,0,3,1,3,2,3,3,1,0,0,0,0,3,3,0,2,1,2,3,3,0,0,3,1,0,0,0,2,0,0,1,3,0,3,2,1,2,1,2,1,3,1,1,0,1,0,2,3,0,0,0,3,1 ks=0,0,0,0,89,152,0,0,0,0,77,0,0,86,154,91,208,91,0,171,0,0,0,0,76,0,161,124,82,0,0,0,128,116,204,0,158,87,0,0,0,0,142,0,0,110,0,112,139,0,0,0,175,0,172,198,0,0,191,12,0,0,200,28
00001 features=768 size=29 p=5 tap=41 reset=false scheme=2 ops=2,3,3,3,0,3,1,1,0,0,0,0,3,1,3,2,3,3,1,0,0,0,0,3,3,0,2,1,2,3,3,0,0,3,1,0,0,0,2,0,0,1,3,0,3,2,1,2,1,2,1,3,1,1,0,1,0,2,3,0,0,0,3,1 ks=0,127,0,0,89,0,0,0,0,0,247,0,0,86,154,91,208,91,0,171,0,0,0,0,254,0,161,124,82,0,253,0,128,116,204,0,158,87,0,0,0,0,127,0,0,110,0,112,139,0,0,0,0,0,172,198,0,0,191,12,0,0,200,28
00002 features=817 size=28 p=1 tap=41 reset=false scheme=2 ops=2,3,3,3,0,2,1,1,0,0,0,0,3,1,3,2,3,3,1,0,0,0,0,3,3,0,2,1,0,3,3,0,0,3,1,0,2,0,2,0,0,1,3,0,3,2,0,2,1,2,1,3,1,1,0,1,0,2,3,0,0,0,3,1 ks=0,0,0,0,88,152,0,0,0,0,77,0,0,86,154,91,208,91,0,171,0,0,0,0,0,0,161,124,82,0,0,0,128,116,204,0,158,87,0,0,0,0,142,0,0,110,0,112,139,0,0,0,175,0,172,198,0,0,191,12,0,0,200,28
00003 features=805 size=29 p=1 tap=41 reset=false scheme=2 ops=2,3,3,3,0,3,1,1,0,0,0,0,3,1,3,2,3,3,1,0,0,0,0,3,3,0,2,1,2,3,3,0,0,3,1,0,0,0,2,0,0,1,3,0,3,2,1,2,1,2,1,3,1,1,0,1,0,2,3,0,0,0,3,1 ks=0,0,0,0,89,152,0,0,0,0,77,0,0,86,154,91,208,91,0,171,0,0,0,0,76,0,161,124,82,0,0,0,128,116,204,0,158,87,0,0,0,0,142,0,0,110,0,112,139,0,0,0,175,0,172,198,0,0,191,12,0,0,200,28
00004 features=817 size=31 p=5 tap=41 reset=false scheme=2 ops=2,3,3,3,0,3,1,1,0,0,1,0,3,1,3,2,3,3,1,0,0,0,0,3,3,0,2,1,2,3,3,0,0,3,1,0,0,0,2,0,0,1,3,0,3,2,1,2,1,2,1,3,1,1,0,1,0,2,3,0,0,0,3,1 ks=0,0,0,0,89,152,0,0,0,0,77,0,0,86,154,91,208,91,32,171,0,0,0,0,76,0,161,125,82,0,0,0,128,116,204,0,158,87,0,0,0,0,142,28,0,110,0,112,139,0,0,0,175,0,172,198,0,0,191,12,0,0,200,28
00005 features=874 size=33 p=5 tap=11 reset=false scheme=2 ops=2,2,0,0,0,1,1,1,0,0,0,0,0,1,2,2,0,1,1,0,0,0,0,2,2,0,2,1,2,0,1,0,0,2,1,0,0,0,2,0,0,1,2,0,1,2,1,2,1,2,1,1,1,1,0,1,0,2,1,0,0,0,1,1 ks=0,0,0,0,89,152,2,0,1,0,77,1,0,86,154,91,208,91,0,171,0,0,0,0,76,0,161,124,82,0,0,0,128,116,204,0,158,87,0,0,0,0,142,0,0,110,0,112,139,0,0,0,175,0,172,198,0,0,191,12,0,59,200,28
00006 features=991 size=28 p=5 tap=41 reset=true scheme=2 ops=0,3,3,3,0,3,0,3,0,0,0,0,3,3,3,3,3,3,0,0,0,0,0,3,3,0,3,0,3,3,3,0,0,3,3,0,0,0,3,0,0,3,3,0,3,3,0,0,3,0,0,3,3,3,0,0,0,0,3,0,0,0,3,3 ks=0,0,0,0,89,152,0,0,0,0,77,0,0,0,154,91,208,91,0,171,0,0,0,64,76,0,161,124,82,0,0,0,128,116,204,0,0,0,0,0,128,0,142,0,0,110,0,112,139,0,0,0,175,0,172,198,0,0,191,12,0,0,200,28
00007 features=622 size=4 p=5 tap=41 reset=false scheme=3 ops=2,3,3,3,0,0,1,1,0,0,0,0,3,1,3,2,3,3,1,0,0,0,0,3,3,0,2,2,2,3,3,0,0,3,1,0,0,0,2,0,0,1,3,0,3,2,1,2,1,2,1,3,1,1,0,1,0,2,3,0,0,0,3,1 ks=0,0,0,0,0,152,0,0,0,0,0,0,0,0,0,0,208,0,0,171,0,0,0,0,0,0,0,0,0,0,0,0,0,0,0,0,0,0,0,0,0,0,0,0,0,0,0,0,0,0,0,0,0,0,0,0,0,0,0,0,0,0,200,0
00008 features=632 size=0 p=5 tap=41 reset=false scheme=2 ops=2,3,3,3,0,3,1,1,0,0,0,0,3,1,3,2,3,3,1,2,0,0,0,3,3,0,2,1,2,3,3,0,0,3,1,0,0,0,2,0,0,1,3,0,3,2,1,2,1,2,1,3,1,1,0,1,0,2,3,0,0,0,3,1 ks=0,0,0,0,0,0,0,0,0,0,0,0,0,0,0,0,0,0,0,0,0,0,0,0,0,0,0,0,0,0,0,0,0,0,0,0,0,0,0,0,0,0,0,0,0,0,0,0,0,0,0,0,0,0,0,0,0,0,0,0,0,0,0,0
00009 features=979 size=29 p=5 tap=41 reset=false scheme=2 ops=0,0,0,0,0,0,0,0,0,0,0,0,0,0,0,0,0,0,0,0,0,0,0,0,0,0,0,0,0,0,0,0,0,0,0,0,0,0,0,0,0,0,0,0,0,0,0,0,0,0,0,0,0,0,0,0,0,0,0,0,0,0,0,0 ks=0,0,0,0,89,152,0,0,0,0,77,0,0,86,154,91,208,91,0,171,0,0,0,0,76,0,161,124,82,0,0,0,128,116,204,0,158,87,0,0,0,0,142,0,0,110,0,112,139,0,0,0,175,0,172,198,0,0,191,12,0,0,200,28
00010 features=145 size=13 p=5 tap=41 reset=false scheme=2 ops=3,3,3,3,3,3,3,3,3,3,3,3,3,3,3,3,3,3,3,3,3,3,3,3,3,3,3,3,3,3,3,3,3,3,3,3,3,3,3,3,3,3,3,3,3,3,3,3,3,3,3,3,3,3,3,3,3,3,3,3,3,3,3,3 ks=0,0,0,0,92,0,0,0,0,0,0,0,0,86,0,0,0,91,0,0,0,0,0,0,76,0,161,124,82,0,0,0,128,0,0,0,158,0,0,0,0,0,142,0,0,110,0,0,139,0,0,0,0,0,0,0,0,0,191,0,0,0,0,0
00011 features=508 size=0 p=5 tap=41 reset=false scheme=2 ops=3,3,3,3,0,3,3,0,0,0,0,0,3,3,3,3,3,3,3,0,0,0,0,3,3,0,0,3,3,3,3,0,0,3,3,0,0,0,0,0,0,3,3,0,3,0,3,0,0,3,0,3,3,0,0,0,0,0,3,0,0,0,3,3 ks=0,0,0,0,0,0,0,0,0,0,0,0,0,0,0,0,0,0,0,0,0,0,0,0,0,0,0,0,0,0,0,0,0,0,0,0,0,0,0,0,0,0,0,0,0,0,0,0,0,0,0,0,0,0,0,0,0,0,0,0,0,0,0,0
00012 features=818 size=1 p=5 tap=41 reset=true scheme=2 ops=2,3,3,3,0,3,1,1,0,0,0,0,3,1,3,2,3,3,3,0,0,0,0,3,3,0,2,1,2,3,3,0,0,3,1,0,0,0,2,0,0,1,3,0,3,2,1,2,1,2,1,3,1,1,0,1,0,2,3,0,0,0,3,1 ks=0,0,45,0,0,0,0,0,0,0,0,0,0,0,0,0,0,0,0,0,0,0,0,0,0,0,0,0,0,0,0,0,0,0,0,0,0,0,0,0,0,0,0,0,0,0,0,0,0,0,0,0,0,0,0,0,0,0,0,0,0,0,0,0
00013 features=609 size=1 p=5 tap=41 reset=false scheme=2 ops=2,2,3,3,0,3,1,1,0,0,0,0,3,1,3,2,3,3,1,0,0,0,0,3,3,0,2,1,2,3,3,0,0,3,1,0,0,0,2,0,0,1,3,0,3,2,1,2,1,2,1,3,1,1,0,1,0,2,3,0,0,0,3,1 ks=0,0,0,0,0,0,0,0,0,0,0,0,0,0,0,0,0,0,0,0,0,254,0,0,0,0,0,0,0,0,0,0,0,0,0,0,0,0,0,0,0,0,0,0,0,0,0,0,0,0,0,0,0,0,0,0,0,0,0,0,0,0,0,0
00014 features=912 size=31 p=5 tap=41 reset=true scheme=2 ops=2,3,3,3,2,3,2,2,3,3,2,3,3,3,3,2,3,3,3,3,2,2,2,3,3,3,2,2,2,3,3,2,3,3,2,2,2,2,2,2,3,2,3,3,3,2,2,2,3,2,3,3,2,2,2,2,3,2,3,3,2,2,3,2 ks=0,0,0,0,89,152,0,0,0,0,77,0,0,86,154,91,12,91,0,171,0,0,0,0,76,0,161,255,82,32,0,0,128,116,204,0,158,87,0,0,0,4,142,0,0,110,0,112,139,0,0,0,175,0,172,198,0,0,191,12,0,0,200,28
00015 features=537 size=1 p=5 tap=41 reset=false scheme=2 ops=3,3,3,3,0,3,3,0,0,0,0,0,3,3,3,3,3,3,3,0,0,0,0,3,3,0,0,3,3,3,3,0,0,3,3,0,0,0,0,0,0,3,3,0,3,0,3,0,0,3,0,3,3,0,0,0,0,0,3,0,0,0,3,3 ks=0,0,148,0,0,0,0,0,0,0,0,0,0,0,0,0,0,0,0,0,0,0,0,0,0,0,0,0,0,0,0,0,0,0,0,0,0,0,0,0,0,0,0,0,0,0,0,0,0,0,0,0,0,0,0,0,0,0,0,0,0,0,0,0
00016 features=530 size=0 p=5 tap=41 reset=true scheme=2 ops=1,0,1,0,0,0,1,1,0,0,0,0,1,1,1,1,1,0,0,0,0,0,0,1,1,0,1,1,1,0,0,0,0,1,1,0,0,0,0,0,0,1,1,0,1,1,1,1,1,1,1,1,1,1,0,1,0,1,1,0,0,0,1,1 ks=0,0,0,0,0,0,0,0,0,0,0,0,0,0,0,0,0,0,0,0,0,0,0,0,0,0,0,0,0,0,0,0,0,0,0,0,0,0,0,0,0,0,0,0,0,0,0,0,0,0,0,0,0,0,0,0,0,0,0,0,0,0,0,0
00017 features=940 size=19 p=5 tap=41 reset=true scheme=2 ops=2,3,3,3,2,3,2,2,3,3,2,3,3,3,3,2,3,3,3,3,2,2,2,3,3,3,2,2,2,3,3,2,3,3,2,2,2,2,2,2,3,1,3,0,3,2,2,2,3,2,3,3,2,2,2,2,3,2,3,3,2,2,3,2 ks=0,0,0,0,89,152,0,0,0,0,0,0,0,86,154,91,12,91,0,171,0,0,0,0,0,0,0,255,0,32,0,0,128,116,204,0,158,87,0,0,0,0,0,0,0,110,0,0,0,0,0,0,0,0,0,0,0,0,191,12,0,0,200,0
00018 features=249 size=0 p=5 tap=15 reset=false scheme=2 ops=3,3,3,3,3,1,3,3,3,3,0,0,0,0,0,0,0,0,3,3,3,0,0,3,3,0,2,1,2,3,1,2,3,3,3,3,3,3,3,3,3,3,3,3,3,3,3,3,3,3,1,3,3,3,3,3,3,3,3,3,3,3,3,3 ks=0,0,0,0,0,0,0,0,0,0,0,0,0,0,0,0,0,0,0,0,0,0,0,0,0,0,0,0,0,0,0,0,0,0,0,0,0,0,0,0,0,0,0,0,0,0,0,0,0,0,0,0,0,0,0,0,0,0,0,0,0,0,0,0
00019 features=1016 size=1 p=5 tap=41 reset=false scheme=2 ops=0,0,0,0,0,0,0,0,0,0,0,0,0,0,0,0,0,0,0,0,0,0,0,0,0,0,0,0,0,0,0,0,0,0,0,0,0,0,0,0,0,0,0,0,0,0,0,0,0,0,0,0,0,0,0,0,0,0,0,0,0,0,0,0 ks=0,0,0,0,0,0,0,0,0,0,0,0,0,0,0,0,0,0,0,0,0,0,0,0,0,0,0,255,0,0,0,0,0,0,0,0,0,0,0,0,0,0,0,0,0,0,0,0,0,0,0,0,0,0,0,0,0,0,0,0,0,0,0,0
00020 features=886 size=14 p=5 tap=41 reset=true scheme=2 ops=2,3,3,3,0,3,2,2,3,2,2,3,3,3,3,2,3,3,3,3,2,2,2,3,3,3,2,1,2,3,3,0,0,3,1,0,0,2,2,2,3,2,3,3,3,2,2,2,3,2,3,3,2,2,2,2,3,2,3,3,2,2,3,2 ks=0,0,0,0,89,152,0,113,0,0,0,0,0,86,154,91,12,91,0,171,0,0,0,0,0,0,0,0,0,0,0,0,128,116,0,0,0,0,0,0,0,4,0,0,0,0,0,0,0,0,0,0,0,0,0,0,0,0,191,12,0,0,0,0
00021 features=590 size=1 p=5 tap=41 reset=false scheme=2 ops=2,3,3,3,0,3,1,1,0,0,0,0,3,1,3,2,3,3,1,2,0,0,0,3,3,0,2,1,2,3,3,0,0,3,1,0,0,0,2,0,0,1,3,0,3,2,1,2,1,2,1,3,1,1,0,1,0,2,3,0,0,0,3,1 ks=0,0,0,0,0,0,0,0,0,0,0,0,0,0,0,0,0,0,0,0,0,0,0,0,0,0,0,0,0,0,0,0,0,0,0,0,0,0,0,0,0,0,0,0,0,0,0,0,0,0,0,0,0,0,0,0,0,0,0,0,0,254,0,0
00022 features=782 size=1 p=5 tap=41 reset=true scheme=2 ops=2,3,3,3,0,3,1,1,0,0,0,0,3,1,3,2,3,3,3,0,0,0,0,3,3,0,2,1,2,3,3,0,0,3,1,0,0,0,2,0,0,1,3,0,3,2,1,2,1,2,1,3,1,1,0,1,0,2,3,0,0,0,3,1 ks=0,0,0,0,0,0,0,0,0,0,0,0,0,0,0,0,0,0,0,0,0,0,2,0,0,0,0,0,0,0,0,0,0,0,0,0,0,0,0,0,0,0,0,0,0,0,0,0,0,0,0,0,0,0,0,0,0,0,0,0,0,0,0,0
00023 features=920 size=34 p=5 tap=41 reset=true scheme=2 ops=2,3,1,3,2,3,2,2,1,3,2,3,3,3,3,2,3,3,3,3,2,2,2,3,2,3,2,2,2,3,3,2,3,3,2,2,2,2,2,2,3,2,3,3,3,2,2,2,3,2,3,3,2,2,2,2,3,2,3,3,2,2,3,2 ks=205,0,0,0,89,152,0,0,0,0,77,0,0,86,154,91,12,91,0,171,0,0,0,0,76,0,161,255,82,32,0,2,128,116,204,0,158,87,0,0,0,4,142,0,0,110,0,112,139,127,0,0,175,0,172,198,0,0,191,12,0,0,200,28
00024 features=924 size=13 p=5 tap=41 reset=true scheme=2 ops=2,3,3,3,0,3,2,2,3,2,2,3,3,3,3,2,3,3,3,3,2,2,2,3,3,3,2,1,2,3,3,0,0,3,2,2,2,2,2,2,3,1,3,0,3,2,2,2,3,2,3,3,3,2,2,2,3,2,3,3,2,2,3,2 ks=0,0,0,0,89,152,0,113,0,0,0,0,0,0,154,91,12,91,0,171,0,0,0,0,0,0,0,0,0,0,2,0,128,116,0,0,0,0,0,0,0,0,0,0,0,0,0,0,0,0,0,0,0,0,0,0,0,0,191,12,0,0,0,0
00025 features=994 size=0 p=5 tap=41 reset=true scheme=1 ops=3,3,3,3,0,3,3,0,0,0,0,0,3,3,3,3,0,3,3,0,0,0,0,3,3,0,0,3,3,3,3,0,0,3,3,0,0,0,0,0,0,3,3,0,3,0,3,0,0,3,0,3,3,0,3,0,0,0,3,0,0,0,3,3 ks=0,0,0,0,0,0,0,0,0,0,0,0,0,0,0,0,0,0,0,0,0,0,0,0,0,0,0,0,0,0,0,0,0,0,0,0,0,0,0,0,0,0,0,0,0,0,0,0,0,0,0,0,0,0,0,0,0,0,0,0,0,0,0,0
00026 features=92 size=0 p=5 tap=41 reset=false scheme=2 ops=3,3,3,3,3,3,3,3,3,3,3,3,3,3,3,3,3,3,3,3,3,3,3,3,3,3,3,3,3,3,3,3,3,3,3,3,3,3,3,3,3,3,3,3,3,3,3,3,3,3,3,3,3,3,3,3,3,3,3,3,3,3,3,3 ks=0,0,0,0,0,0,0,0,0,0,0,0,0,0,0,0,0,0,0,0,0,0,0,0,0,0,0,0,0,0,0,0,0,0,0,0,0,0,0,0,0,0,0,0,0,0,0,0,0,0,0,0,0,0,0,0,0,0,0,0,0,0,0,0
00027 features=880 size=32 p=5 tap=41 reset=true scheme=2 ops=2,3,1,3,2,3,2,2,1,3,2,3,3,3,3,2,3,3,3,3,2,3,2,3,2,3,2,2,2,3,3,2,3,3,2,2,2,2,2,2,3,2,3,3,3,2,2,2,3,2,3,3,2,2,2,2,3,2,3,3,2,2,3,1 ks=205,0,0,0,89,152,0,0,0,0,77,0,0,86,154,91,12,91,0,171,0,0,0,0,76,0,161,255,82,255,0,0,128,116,0,0,158,87,0,0,0,4,255,0,0,110,0,112,139,127,0,0,175,0,172,198,0,0,191,12,0,0,200,28
00028 features=910 size=36 p=5 tap=41 reset=true scheme=2 ops=2,3,1,3,2,3,2,2,1,3,2,3,3,3,3,2,3,3,3,3,2,2,2,3,2,2,2,2,2,3,3,2,3,3,2,2,2,2,2,3,3,2,3,3,3,2,2,2,3,2,3,3,2,2,2,2,3,2,3,3,2,2,3,2 ks=205,0,0,0,89,152,0,0,0,0,77,0,0,86,0,91,12,91,0,171,0,0,252,0,76,0,161,255,82,32,0,2,128,116,204,0,158,87,0,0,0,4,142,8,0,110,0,112,124,127,16,0,175,0,172,198,0,0,191,12,0,0,200,28
00029 features=942 size=34 p=5 tap=41 reset=true scheme=2 ops=2,3,1,3,2,3,2,2,1,1,2,3,3,3,3,2,3,3,3,3,2,2,2,3,2,3,2,2,2,3,3,2,3,3,2,2,2,2,2,2,3,2,3,3,3,2,2,2,3,2,3,3,2,2,2,2,3,2,3,3,2,2,3,2 ks=205,0,0,0,89,152,0,0,0,0,77,0,0,86,154,91,12,91,0,171,0,0,0,0,76,0,161,255,82,32,0,2,128,116,204,0,158,87,0,0,0,4,142,0,0,110,0,112,139,127,0,0,175,0,172,198,0,0,191,12,0,0,200,28
00030 features=873 size=20 p=5 tap=41 reset=true scheme=1 ops=2,3,3,3,2,3,2,2,3,3,2,3,3,3,3,2,3,3,3,3,2,2,2,3,1,3,2,2,2,3,3,2,3,3,2,2,2,2,2,2,3,1,3,0,3,2,2,2,3,2,3,3,2,2,2,2,3,2,3,3,2,2,3,2 ks=0,0,0,0,89,152,0,0,0,0,0,0,0,86,154,91,12,91,0,171,0,0,0,0,0,0,0,255,0,32,0,0,128,116,204,0,158,87,0,0,0,0,0,0,0,110,0,0,0,0,0,0,0,8,0,0,0,0,191,12,0,0,200,0
00031 features=950 size=30 p=5 tap=41 reset=true scheme=2 ops=2,3,3,3,2,3,2,2,3,3,2,3,3,3,3,2,3,3,3,3,2,2,2,3,3,0,2,1,2,3,3,0,0,3,2,2,2,2,2,2,3,2,3,3,3,2,2,2,3,2,1,3,2,2,2,2,3,2,3,3,2,2,2,2 ks=0,0,0,0,89,152,0,0,0,0,77,0,0,86,154,91,12,91,0,171,0,0,0,0,76,0,161,124,82,0,0,0,128,116,204,0,158,87,0,0,0,4,142,0,0,110,0,112,171,0,0,0,175,0,172,198,0,0,191,12,0,0,200,28
00032 features=947 size=14 p=5 tap=41 reset=true scheme=2 ops=2,3,3,3,2,3,2,2,3,3,2,3,3,3,3,2,3,3,3,3,2,2,2,3,3,3,2,2,2,3,3,2,3,3,2,2,2,2,2,2,3,1,3,0,3,2,2,2,3,2,3,3,2,2,2,2,3,2,3,3,2,2,3,2 ks=0,0,0,0,89,152,0,0,0,0,0,0,0,86,154,91,12,91,0,171,0,0,0,0,0,0,0,0,0,0,121,0,128,116,0,0,0,87,0,0,0,0,0,0,0,110,0,0,0,0,0,0,0,0,0,0,0,0,191,0,0,0,0,0
00033 features=950 size=29 p=2 tap=41 reset=true scheme=2 ops=2,3,3,3,2,3,2,2,0,3,2,3,3,3,3,2,3,3,3,3,2,2,2,3,3,3,2,2,2,3,3,2,3,3,2,2,2,2,2,2,3,2,3,3,3,2,2,2,3,2,3,3,2,2,2,2,0,2,3,3,2,2,3,2 ks=0,0,0,0,89,0,0,0,0,2,77,0,0,86,154,91,0,91,0,171,0,0,0,0,0,0,161,0,0,32,0,0,128,116,204,0,158,87,239,0,0,4,142,0,0,110,2,112,139,0,0,0,175,0,172,198,0,0,191,12,0,0,200,28
00034 features=916 size=6 p=5 tap=41 reset=true scheme=5 ops=2,3,1,3,2,3,2,2,1,3,2,3,3,3,3,2,3,3,3,3,2,3,2,3,2,3,2,2,2,3,3,2,0,3,2,2,2,2,2,2,3,2,3,3,3,2,2,2,3,2,3,3,2,2,2,2,3,2,3,3,2,2,3,1 ks=0,0,0,0,0,152,0,0,0,0,0,0,0,0,0,0,0,91,0,171,0,0,0,0,0,0,0,0,0,0,0,0,128,116,0,0,0,0,0,0,0,4,0,0,0,0,0,0,0,0,0,0,0,0,0,0,0,0,0,0,0,0,0,0
00035 features=1020 size=1 p=5 tap=41 reset=true scheme=2 ops=0,0,0,0,0,0,0,0,0,0,0,0,0,0,0,0,0,0,0,0,0,0,0,0,0,0,0,0,0,0,0,0,0,0,0,0,0,0,0,0,0,0,0,0,0,0,0,0,0,0,0,0,0,0,0,0,0,0,0,0,0,0,0,0 ks=0,0,0,0,0,0,0,0,0,0,0,0,0,0,0,0,0,0,0,0,0,0,0,0,0,0,0,0,0,0,0,0,0,0,0,0,0,0,0,0,0,0,0,0,0,0,0,0,0,0,0,0,0,0,0,0,0,0,0,0,0,0,0,250
00036 features=98 size=1 p=1 tap=11 reset=false scheme=2 ops=3,3,3,3,3,3,3,3,3,3,3,3,3,3,3,3,3,3,3,3,3,3,3,3,3,3,3,3,3,3,3,3,3,3,3,3,3,3,3,3,3,3,3,3,3,3,3,3,3,3,3,3,3,3,3,3,3,3,3,3,3,3,3,3 ks=0,0,0,0,0,0,0,0,0,175,0,0,0,0,0,0,0,0,0,0,0,0,0,0,0,0,0,0,0,0,0,0,0,0,0,0,0,0,0,0,0,0,0,0,0,0,0,0,0,0,0,0,0,0,0,0,0,0,0,0,0,0,0,0
00037 features=930 size=13 p=5 tap=41 reset=true scheme=2 ops=2,3,3,3,0,3,2,2,3,2,2,3,3,3,3,2,3,3,3,0,2,2,2,3,3,3,2,2,2,3,3,0,0,3,2,2,2,2,2,2,3,2,3,0,3,2,2,2,3,2,3,3,3,2,2,2,3,2,3,3,2,2,3,2 ks=0,0,0,0,89,152,0,113,0,0,0,0,0,0,154,69,12,91,0,171,0,0,0,0,0,0,0,0,0,0,2,0,128,116,0,0,0,0,0,0,0,0,0,0,0,0,0,0,0,0,0,0,0,0,0,0,0,0,191,12,0,0,0,0
00038 features=974 size=29 p=5 tap=41 reset=true scheme=2 ops=2,3,1,3,0,0,0,0,0,0,0,0,0,0,0,0,0,0,0,3,2,2,2,3,2,3,2,2,2,3,3,2,3,3,2,2,2,2,2,2,3,2,3,3,3,2,2,2,3,2,3,3,2,2,2,2,3,2,3,3,2,2,3,2 ks=205,0,0,128,89,0,0,0,0,0,0,0,0,0,0,0,0,0,0,171,0,0,0,0,76,0,161,255,82,32,0,2,128,116,127,0,158,87,0,0,2,4,142,0,0,110,0,112,139,127,0,0,175,0,44,198,0,0,191,12,0,0,200,28
00039 features=943 size=10 p=5 tap=41 reset=true scheme=2 ops=2,3,1,3,2,3,2,2,1,3,2,3,3,3,3,2,3,3,3,3,2,2,2,3,2,2,2,2,2,3,3,2,3,3,2,2,2,2,2,3,3,2,3,3,3,2,2,2,3,2,3,3,2,2,2,2,3,2,3,3,2,2,3,2 ks=0,0,0,0,0,152,0,0,0,1,0,0,0,0,0,91,0,91,0,171,0,0,0,0,0,0,0,0,0,0,0,2,128,116,0,0,0,0,0,0,0,4,0,0,0,106,0,0,0,0,0,0,0,0,0,0,0,0,0,0,0,0,0,0
00040 features=916 size=35 p=5 tap=41 reset=true scheme=2 ops=2,3,1,3,2,3,2,2,1,3,2,3,3,3,3,2,3,3,3,3,2,2,2,3,2,3,2,2,2,3,3,2,3,3,2,2,2,2,2,2,3,2,3,3,3,2,2,2,3,2,3,3,2,2,2,2,3,2,3,3,2,2,3,2 ks=205,0,0,0,89,152,0,0,0,0,77,0,0,86,154,91,12,91,0,171,0,0,0,0,76,252,161,255,82,32,0,2,128,116,204,0,158,87,0,0,0,4,142,0,0,110,0,112,139,127,0,0,175,0,172,198,0,0,191,12,0,0,200,28
00041 features=899 size=8 p=5 tap=41 reset=true scheme=2 ops=2,3,3,3,2,3,2,0,3,3,2,3,3,3,3,2,3,3,3,3,2,2,2,3,3,3,2,2,2,3,3,2,3,3,2,2,2,2,2,2,3,1,3,0,3,2,2,2,3,2,3,3,2,2,2,2,3,2,3,3,2,2,3,2 ks=0,0,0,0,0,0,0,0,0,0,0,0,0,86,154,91,0,0,3,171,0,0,0,0,0,0,0,0,0,0,121,0,128,116,0,0,0,0,0,0,0,0,0,0,0,0,0,0,0,0,0,0,0,0,0,0,0,0,0,0,0,0,0,0
00042 features=945 size=9 p=5 tap=41 reset=true scheme=1 ops=2,3,3,3,2,3,2,2,3,3,2,3,3,3,3,2,3,3,3,3,2,2,2,3,1,3,2,2,2,3,3,2,3,3,2,2,2,2,2,2,3,1,3,0,3,2,2,2,3,2,3,3,2,2,2,2,3,2,3,3,2,2,3,2 ks=0,0,0,0,0,0,0,0,0,57,0,0,0,86,154,91,12,91,0,171,0,0,0,0,0,0,0,0,0,0,0,0,128,116,0,0,0,0,0,0,0,0,0,0,0,0,0,0,0,0,0,0,0,0,0,0,0,0,0,0,0,0,0,0
00043 features=232 size=3 p=5 tap=49 reset=false scheme=2 ops=2,3,3,3,0,3,1,1,0,0,0,0,3,1,3,2,3,3,3,3,3,3,3,3,3,3,3,3,3,3,3,3,3,3,3,3,3,3,3,3,3,3,3,3,3,3,3,3,3,3,3,3,3,2,2,2,3,2,3,3,3,3,3,3 ks=0,0,0,0,0,0,0,0,0,0,0,0,0,0,0,0,0,0,0,0,0,0,0,0,0,0,0,0,0,0,0,0,0,0,0,0,0,0,0,0,0,0,142,0,0,110,0,0,139,0,0,0,0,0,0,0,0,0,0,0,0,0,0,0
00044 features=702 size=0 p=5 tap=41 reset=true scheme=4 ops=3,3,3,3,3,3,0,3,3,3,3,3,3,3,3,3,3,3,3,3,3,3,3,3,3,3,3,3,3,3,3,3,3,3,3,3,3,3,3,3,3,3,3,3,3,3,3,3,3,3,3,3,3,3,3,3,3,3,3,3,3,3,3,3 ks=0,0,0,0,0,0,0,0,0,0,0,0,0,0,0,0,0,0,0,0,0,0,0,0,0,0,0,0,0,0,0,0,0,0,0,0,0,0,0,0,0,0,0,0,0,0,0,0,0,0,0,0,0,0,0,0,0,0,0,0,0,0,0,0
00045 features=119 size=4 p=5 tap=41 reset=false scheme=2 ops=3,3,3,3,3,3,3,3,3,3,3,3,3,3,3,3,3,3,3,3,3,3,3,3,3,3,3,3,3,3,3,3,3,3,3,3,3,3,3,3,3,1,3,3,3,3,3,3,3,3,3,3,3,3,3,3,3,3,3,3,3,3,3,3 ks=0,0,0,0,0,0,0,0,0,0,0,0,0,0,0,0,0,0,0,0,0,0,0,0,0,0,0,0,82,0,39,0,0,0,0,0,0,0,0,0,0,0,142,0,0,110,0,0,0,0,0,0,0,0,0,0,0,0,0,0,0,0,0,0
00046 features=855 size=6 p=1 tap=41 reset=true scheme=2 ops=2,3,1,3,2,3,2,2,1,3,2,3,3,3,3,2,3,3,3,3,2,2,2,3,2,2,2,2,2,3,3,2,3,3,2,2,2,2,2,3,3,2,3,2,3,2,2,2,3,2,3,3,2,2,2,2,3,2,3,3,2,2,3,2 ks=0,0,0,0,0,0,0,253,0,0,0,0,0,0,0,0,0,0,0,167,0,0,0,0,0,0,0,0,0,0,0,0,53,116,0,0,0,0,0,0,0,4,0,0,0,110,0,0,0,0,0,0,0,0,0,0,0,0,0,0,0,0,0,0
00047 features=949 size=30 p=10 tap=41 reset=true scheme=2 ops=2,3,1,3,2,3,2,2,1,1,2,3,3,3,3,2,3,3,3,3,2,2,2,3,3,3,2,0,2,3,3,0,0,3,2,2,2,2,2,2,3,2,3,3,3,2,2,2,3,2,3,3,2,2,2,2,3,2,3,3,2,2,3,2 ks=205,0,0,0,89,152,0,0,0,0,77,0,0,86,154,156,12,91,0,171,0,0,2,0,0,0,0,0,0,0,2,0,128,116,1,0,158,91,0,0,0,4,140,0,0,110,0,112,139,127,0,0,175,0,172,198,0,0,191,12,0,0,200,28
00048 features=943 size=6 p=5 tap=41 reset=true scheme=2 ops=2,3,3,2,1,3,2,2,3,2,2,3,3,3,3,2,3,3,3,3,2,2,2,3,3,3,2,1,2,3,3,0,0,3,2,2,2,2,2,2,3,1,3,0,3,2,2,2,3,2,3,3,3,2,2,2,3,2,3,3,2,2,3,2 ks=0,0,0,0,0,0,0,0,0,0,0,0,0,0,154,91,0,91,0,171,0,0,0,0,0,0,0,0,0,0,0,0,128,116,0,0,0,0,0,0,0,0,0,0,0,0,0,0,0,0,0,0,0,0,0,0,0,0,0,0,0,0,0,0
00049 features=854 size=1 p=5 tap=13 reset=true scheme=2 ops=2,3,3,3,2,3,2,2,3,3,2,3,3,3,3,2,3,3,3,3,2,2,2,3,3,3,2,2,2,3,3,0,0,3,1,0,0,0,2,0,0,1,3,0,3,2,1,2,3,2,3,3,2,2,2,2,3,2,3,3,2,2,3,2 ks=0,0,0,0,0,0,0,0,0,0,0,0,0,86,0,0,0,0,0,0,0,0,0,0,0,0,0,0,0,0,0,0,0,0,0,0,0,0,0,0,0,0,0,0,0,0,0,0,0,0,0,0,0,0,0,0,0,0,0,0,0,0,0,0
00050 features=864 size=8 p=5 tap=41 reset=true scheme=2 ops=2,3,1,3,2,3,2,2,1,3,2,3,3,3,3,2,3,3,3,3,2,2,2,3,2,2,2,2,2,3,3,2,3,3,2,2,2,2,2,3,3,2,3,3,3,2,2,2,3,2,3,3,2,2,2,2,3,2,3,3,2,2,3,2 ks=0,0,0,0,0,152,0,0,0,0,0,0,0,0,0,91,0,88,0,171,0,0,0,0,0,0,0,0,0,0,0,0,128,116,0,0,0,0,0,0,0,4,0,0,0,0,0,0,0,0,0,0,0,0,0,0,0,0,0,0,0,0,200,0
00051 features=443 size=1 p=5 tap=22 reset=false scheme=5 ops=2,3,1,3,2,3,2,2,1,3,2,3,3,3,3,2,3,3,3,3,2,3,2,3,2,3,2,2,2,3,3,2,0,3,2,2,2,2,2,2,3,2,3,3,3,2,2,2,3,2,3,3,2,2,2,2,3,2,3,3,2,2,3,1 ks=0,0,0,0,0,0,0,0,0,0,0,0,0,0,0,0,0,0,0,0,0,0,0,0,0,0,0,0,0,0,0,0,0,0,0,0,0,0,0,0,0,0,0,0,128,0,0,0,0,0,0,0,0,0,0,0,0,0,0,0,0,0,0,0
00052 features=929 size=12 p=5 tap=41 reset=true scheme=2 ops=2,3,3,3,0,3,2,2,3,2,2,3,3,3,3,2,3,3,3,3,2,2,2,3,3,3,2,1,2,3,3,0,0,3,1,0,0,2,2,2,3,2,3,3,3,2,2,2,3,2,3,3,2,2,2,2,3,2,3,3,2,2,3,2 ks=0,0,0,0,89,152,0,113,0,0,0,0,0,86,2,91,12,91,0,152,0,0,0,0,0,0,0,0,0,0,0,0,128,116,0,0,0,0,0,0,0,0,0,0,0,0,0,0,0,0,0,0,0,0,0,0,0,0,0,76,0,0,0,0
00053 features=609 size=22 p=5 tap=41 reset=true scheme=2 ops=1,3,3,3,3,3,1,3,1,1,3,1,3,3,3,3,3,3,3,1,1,1,3,3,3,3,3,1,3,3,3,1,1,3,3,1,1,1,3,1,1,3,3,3,3,3,1,3,3,1,1,3,3,3,3,1,3,3,3,3,1,1,3,3 ks=0,0,0,0,0,152,0,0,0,0,0,0,0,0,154,91,208,91,0,171,0,0,0,64,76,0,0,124,0,0,0,0,128,116,0,0,0,0,0,0,128,0,142,0,0,110,0,112,0,0,0,0,175,163,172,0,0,0,191,12,0,0,200,28
00054 features=949 size=10 p=1 tap=41 reset=true scheme=2 ops=2,3,1,3,2,3,2,2,1,3,2,3,3,3,3,2,3,3,3,3,2,2,2,3,2,2,2,2,2,3,3,2,3,3,2,2,2,2,2,3,3,2,3,3,3,2,2,2,3,2,3,3,2,2,2,2,3,2,3,3,2,2,3,2 ks=0,0,0,0,0,152,0,0,0,1,0,0,0,0,0,91,0,91,0,171,0,0,0,0,0,0,0,0,0,0,0,2,128,116,0,0,0,0,0,0,0,4,0,0,0,106,0,0,0,0,0,0,0,0,0,0,0,0,0,0,0,0,0,0
00055 features=917 size=12 p=10 tap=41 reset=true scheme=2 ops=2,3,3,3,0,3,2,2,3,2,2,3,3,3,3,2,3,3,3,0,2,2,2,3,3,3,2,2,2,3,3,0,0,3,2,2,2,2,2,2,3,2,3,0,3,2,2,2,3,2,3,3,3,2,2,2,3,2,3,3,2,2,3,2 ks=0,0,0,0,89,152,0,113,0,0,0,0,0,0,154,91,0,91,0,171,0,0,0,0,0,0,0,0,0,0,2,0,128,116,0,0,0,0,0,0,0,0,0,0,0,0,0,0,0,0,0,0,0,0,0,0,0,0,191,12,0,0,0,0
00056 features=923 size=7 p=2 tap=41 reset=true scheme=2 ops=2,3,3,3,0,3,1,1,0,0,0,0,3,1,3,2,3,3,3,3,2,2,2,3,3,3,2,2,2,3,3,2,3,3,2,2,2,2,2,2,3,1,3,0,3,2,2,2,3,2,3,3,2,2,2,2,3,2,3,3,2,2,3,2 ks=0,0,0,0,0,0,0,0,0,0,0,0,0,0,0,0,0,91,0,171,0,0,0,0,0,0,0,0,0,32,0,0,128,116,0,0,0,0,0,0,0,0,0,0,0,0,0,0,0,0,0,0,0,0,0,0,0,0,191,12,0,0,0,0
00057 features=905 size=1 p=5 tap=22 reset=true scheme=5 ops=2,3,1,3,2,3,2,2,1,3,2,3,3,3,3,2,3,3,3,3,2,3,2,3,2,2,2,2,2,3,3,2,2,3,2,2,2,2,2,2,3,2,3,3,3,2,2,2,3,2,3,3,2,2,2,2,3,2,3,3,2,2,3,1 ks=0,0,0,0,0,0,0,0,0,0,0,0,0,0,0,0,0,0,0,0,0,0,0,0,0,0,0,0,0,0,0,0,0,0,0,0,0,0,0,0,0,0,0,0,128,0,0,0,0,0,0,0,0,0,0,0,0,0,0,0,0,0,0,0
00058 features=104 size=0 p=5 tap=41 reset=false scheme=2 ops=3,3,3,3,3,3,3,3,3,3,3,3,3,3,3,3,0,3,3,3,3,3,3,3,3,3,3,3,3,3,3,3,3,3,3,3,3,3,3,3,3,3,3,3,3,3,0,3,3,3,3,3,3,3,3,3,3,3,3,3,3,3,3,3 ks=0,0,0,0,0,0,0,0,0,0,0,0,0,0,0,0,0,0,0,0,0,0,0,0,0,0,0,0,0,0,0,0,0,0,0,0,0,0,0,0,0,0,0,0,0,0,0,0,0,0,0,0,0,0,0,0,0,0,0,0,0,0,0,0
00059 features=745 size=9 p=5 tap=41 reset=false scheme=2 ops=2,3,1,3,2,3,2,2,1,0,2,3,3,3,3,2,3,3,3,3,2,2,2,3,3,3,2,2,2,3,3,2,3,3,2,2,2,2,2,2,3,2,3,3,3,2,2,2,3,2,3,3,2,2,2,2,3,2,3,3,2,2,3,1 ks=0,0,0,0,0,0,0,0,0,0,0,0,0,86,154,91,12,91,0,171,0,0,0,0,0,0,0,0,0,0,0,0,136,116,0,0,0,0,0,0,0,4,0,0,0,0,0,0,0,0,0,0,0,0,0,0,0,0,0,0,0,0,0,0
00060 features=926 size=8 p=10 tap=41 reset=true scheme=2 ops=2,3,3,3,0,3,2,2,3,2,2,3,3,3,3,2,3,3,3,3,2,2,2,3,3,3,2,1,2,3,3,0,0,3,1,0,0,2,2,2,3,2,3,3,3,2,2,2,3,2,3,3,2,2,2,0,3,2,3,3,2,2,3,2 ks=0,0,0,0,0,152,253,180,0,0,0,0,0,0,0,91,0,91,0,152,0,0,0,0,0,0,0,0,0,0,0,0,128,116,0,0,0,0,0,0,0,0,0,0,0,0,0,0,0,0,0,0,0,0,0,0,0,0,0,0,0,0,0,0
00061 features=938 size=6 p=5 tap=41 reset=true scheme=1 ops=2,3,1,3,2,3,2,2,1,3,2,3,3,3,3,2,3,3,3,3,2,2,2,3,2,0,2,1,0,3,3,2,0,3,1,0,0,2,2,2,3,2,3,3,3,2,2,2,3,2,3,3,2,2,2,2,0,0,3,0,0,0,3,2 ks=0,0,0,0,0,152,0,0,0,0,0,0,0,0,0,0,0,0,0,175,0,0,0,0,0,0,0,0,0,0,0,2,128,116,0,0,0,0,0,0,0,4,0,0,0,0,0,0,0,0,0,0,0,0,0,0,0,0,0,0,0,0,0,0
00062 features=882 size=9 p=5 tap=41 reset=true scheme=2 ops=2,3,3,3,0,3,2,2,3,2,2,3,3,3,3,2,3,3,3,3,2,2,2,3,3,3,2,1,2,3,3,0,0,3,1,0,0,2,2,2,3,2,3,3,3,2,2,2,3,2,3,3,2,2,2,0,3,2,3,3,2,2,3,2 ks=0,0,0,0,0,152,252,180,0,0,0,0,0,0,0,91,0,91,0,152,0,0,0,0,0,0,0,0,0,0,0,0,128,112,0,0,0,0,0,0,0,0,2,0,0,0,0,0,0,0,0,0,0,0,0,0,0,0,0,0,0,0,0,0
00063 features=818 size=29 p=10 tap=41 reset=true scheme=2 ops=0,3,0,3,3,3,0,0,0,0,0,3,3,3,3,0,3,3,3,3,3,0,0,3,3,3,3,0,3,3,3,0,0,3,3,3,0,3,3,3,3,3,3,3,3,3,0,0,3,3,3,3,3,3,3,0,3,3,3,3,0,3,3,3 ks=205,0,0,0,89,152,0,0,0,0,77,0,0,86,154,91,12,91,0,171,0,0,0,0,0,0,0,0,0,0,2,0,128,116,1,0,158,91,0,0,0,4,140,0,0,110,0,112,143,127,0,0,175,0,172,198,0,0,191,12,0,0,200,28
00064 features=586 size=19 p=5 tap=41 reset=true scheme=2 ops=1,3,3,3,3,3,1,3,1,1,3,1,3,3,3,3,3,3,3,1,1,1,3,3,3,3,3,1,3,3,3,1,1,3,3,1,1,1,3,1,1,3,3,3,3,3,1,3,3,1,1,3,3,3,3,1,3,3,3,3,1,1,3,3 ks=0,0,0,0,0,152,0,0,0,0,0,0,0,0,154,91,208,91,0,171,0,0,0,64,0,0,0,0,0,0,0,0,128,116,0,0,0,0,0,0,128,0,142,0,0,110,128,112,0,0,0,0,175,0,0,0,0,0,191,12,0,0,200,28
00065 features=703 size=13 p=5 tap=41 reset=false scheme=2 ops=2,3,3,3,0,3,2,2,3,2,2,3,3,3,3,2,3,3,3,3,2,2,2,3,3,3,2,1,2,3,3,0,0,3,0,0,0,2,2,2,3,2,2,3,3,2,2,2,3,2,3,3,2,2,2,2,3,2,3,3,2,2,3,2 ks=0,0,0,0,89,152,0,113,0,0,0,0,0,86,2,91,12,91,0,152,0,0,0,0,0,0,0,0,0,0,0,0,128,116,0,0,0,0,0,0,0,0,0,0,0,0,0,0,0,127,0,0,0,0,0,0,0,0,0,76,0,0,0,0
00066 features=948 size=4 p=1 tap=55 reset=true scheme=2 ops=3,3,3,3,3,3,0,3,0,3,3,3,3,3,3,3,3,3,3,3,3,3,3,3,0,3,0,3,0,3,3,3,3,3,0,0,3,0,3,3,3,0,3,0,3,3,3,3,3,3,3,3,0,0,0,0,3,0,3,3,0,3,3,0 ks=0,0,0,0,0,0,0,0,0,0,0,0,0,0,0,0,0,0,0,0,0,0,0,0,0,0,0,0,0,0,0,0,53,116,0,0,0,0,0,0,0,4,0,0,0,110,0,0,0,0,0,0,0,0,0,0,0,0,0,0,0,0,0,0
00067 features=119 size=3 p=5 tap=41 reset=false scheme=2 ops=3,3,3,3,3,3,3,3,3,3,3,3,3,3,3,3,3,3,3,3,3,3,3,3,3,3,3,3,3,3,3,3,3,3,3,3,3,3,3,3,3,3,3,3,3,3,3,3,3,3,3,3,3,3,3,3,3,3,3,3,3,3,3,3 ks=0,0,0,0,89,0,0,0,0,0,0,0,0,0,0,0,0,0,0,171,0,0,0,0,0,0,0,0,0,0,0,0,0,0,0,0,0,0,0,0,0,0,0,0,0,0,0,0,0,0,0,0,0,0,0,0,0,0,191,0,0,0,0,0
00068 features=482 size=1 p=5 tap=41 reset=true scheme=2 ops=2,3,3,3,1,3,1,1,1,3,1,1,3,1,3,2,3,3,3,1,3,3,3,3,3,3,2,1,2,3,3,3,1,3,1,1,1,3,3,3,3,1,3,3,3,3,3,3,3,3,1,3,1,1,2,1,3,2,3,1,3,3,3,1 ks=0,0,0,0,0,0,0,0,0,0,0,0,0,0,0,0,0,0,0,0,0,0,2,0,0,0,0,0,0,0,0,0,0,0,0,0,0,0,0,0,0,0,0,0,0,0,0,0,0,0,0,0,0,0,0,0,0,0,0,0,0,0,0,0
00069 features=636 size=11 p=5 tap=41 reset=false scheme=2 ops=2,3,3,3,0,3,2,2,3,2,2,3,3,3,3,2,3,3,3,3,2,2,2,3,3,3,0,3,2,3,3,0,0,3,3,0,0,2,2,2,3,2,3,3,3,2,2,2,3,2,3,3,2,2,2,2,3,2,3,3,2,2,3,2 ks=0,0,0,0,0,0,255,113,0,0,0,0,0,86,154,91,0,91,66,171,0,0,0,0,0,0,0,0,0,0,1,0,128,116,0,0,0,0,0,0,0,0,0,0,0,0,0,0,0,0,0,0,0,0,0,0,0,0,0,0,0,0,0,0
00070 features=828 size=8 p=5 tap=9 reset=true scheme=2 ops=2,3,1,3,2,3,2,2,1,3,2,3,3,3,3,2,3,3,3,3,2,2,2,3,2,2,2,2,2,3,3,2,3,3,2,2,3,2,2,3,3,2,3,3,3,2,2,2,3,2,3,3,2,2,2,2,3,2,3,3,2,2,3,2 ks=0,0,0,0,0,152,0,0,0,1,0,0,0,0,0,91,0,91,0,171,0,0,0,0,0,0,0,0,0,0,0,2,128,0,0,0,0,0,0,0,0,4,0,0,0,0,0,0,0,0,0,0,0,0,0,0,0,0,0,0,0,0,0,0
00071 features=948 size=9 p=5 tap=41 reset=true scheme=1 ops=2,3,3,3,2,3,2,2,3,3,2,3,3,3,3,2,3,1,3,3,2,2,2,3,1,3,2,2,2,3,3,2,3,3,2,2,2,2,2,2,3,1,3,0,3,2,2,2,3,2,3,3,2,2,2,2,3,2,3,3,2,2,3,2 ks=0,0,0,252,0,0,0,0,0,57,0,0,0,86,154,91,12,0,0,171,0,0,0,0,0,0,0,0,0,0,0,0,128,116,0,0,0,0,0,0,0,0,0,0,0,0,0,0,0,0,0,0,0,0,0,0,0,0,0,0,0,0,0,0
00072 features=944 size=7 p=5 tap=41 reset=true scheme=2 ops=2,3,1,3,2,3,2,2,1,3,2,3,3,3,3,2,3,3,3,3,2,2,2,3,2,2,2,2,2,3,3,2,0,3,2,2,2,2,2,3,3,2,3,3,3,2,2,2,3,2,3,3,2,2,2,2,3,2,3,3,2,2,3,2 ks=0,0,0,0,0,152,0,0,0,0,0,0,0,0,0,0,0,91,0,171,0,0,0,0,0,0,0,0,0,0,0,2,128,116,0,0,0,0,0,0,0,4,0,0,0,0,0,0,0,0,0,0,0,0,0,0,0,0,0,0,0,0,0,0
00073 features=936 size=6 p=5 tap=41 reset=true scheme=2 ops=2,3,1,3,2,3,2,2,1,3,2,3,3,3,3,2,3,3,3,3,2,2,2,3,2,2,2,2,2,3,3,2,0,3,2,2,2,2,2,3,3,2,3,3,3,2,2,2,3,2,3,3,2,2,2,2,3,2,3,3,2,2,3,2 ks=0,0,0,0,0,152,0,0,0,0,0,0,0,0,0,0,0,0,0,128,0,0,0,0,0,0,0,0,0,0,0,2,128,116,0,0,0,0,0,0,0,4,0,0,0,0,0,0,0,0,0,0,0,0,0,0,0,0,0,0,0,0,0,0
00074 features=551 size=20 p=5 tap=41 reset=true scheme=2 ops=1,3,3,3,3,3,1,3,1,1,3,1,3,3,3,3,3,3,3,1,1,1,3,3,3,3,3,1,3,3,3,1,1,3,3,1,1,1,3,1,1,3,3,3,3,3,1,3,3,1,1,3,3,3,3,1,3,3,3,3,1,1,3,3 ks=0,0,0,0,0,152,0,0,0,0,0,0,0,0,154,91,208,91,0,171,0,0,0,64,0,0,0,0,0,0,0,0,128,116,0,0,0,3,0,0,128,0,142,0,0,110,128,112,0,0,0,0,175,0,0,0,0,0,191,12,0,0,200,28
00075 features=990 size=6 p=10 tap=41 reset=true scheme=2 ops=2,2,3,3,2,3,2,2,3,3,2,3,3,3,3,2,3,3,3,3,2,2,2,3,3,3,2,2,2,3,3,2,3,3,2,2,2,2,2,2,3,1,3,0,3,2,2,2,3,2,3,3,2,2,2,2,3,2,3,3,2,2,3,2 ks=0,0,0,0,0,152,0,0,0,0,0,0,0,0,0,0,0,91,0,171,0,0,0,0,0,0,0,0,0,0,121,0,24,116,0,0,0,0,0,0,0,0,0,0,0,0,0,0,0,0,0,0,0,0,0,0,0,0,0,0,0,0,0,0
00076 features=944 size=7 p=5 tap=41 reset=true scheme=2 ops=2,3,3,2,1,3,2,2,3,2,2,3,3,3,3,2,3,3,3,3,2,2,2,3,3,3,2,1,2,3,3,0,0,3,2,2,2,2,2,2,3,1,3,0,3,2,2,2,3,2,3,3,3,2,2,2,3,2,3,3,2,2,3,2 ks=0,0,0,0,0,0,0,0,0,0,0,0,0,0,154,91,0,91,0,171,0,0,0,0,0,128,0,0,0,0,0,0,128,116,0,0,0,0,0,0,0,0,0,0,0,0,0,0,0,0,0,0,0,0,0,0,0,0,0,0,0,0,0,0
00077 features=494 size=0 p=5 tap=41 reset=false scheme=2 ops=2,3,3,3,0,3,1,0,0,0,0,0,3,1,3,2,3,3,1,0,0,0,0,3,3,0,0,3,3,3,3,0,0,3,3,0,0,0,0,0,0,3,3,3,3,0,3,0,0,3,0,3,3,0,0,0,0,0,3,0,0,0,3,3 ks=0,0,0,0,0,0,0,0,0,0,0,0,0,0,0,0,0,0,0,0,0,0,0,0,0,0,0,0,0,0,0,0,0,0,0,0,0,0,0,0,0,0,0,0,0,0,0,0,0,0,0,0,0,0,0,0,0,0,0,0,0,0,0,0
00078 features=721 size=5 p=1 tap=41 reset=true scheme=3 ops=2,3,3,3,2,3,2,2,3,3,2,3,3,3,3,2,3,3,3,3,2,2,2,3,2,2,2,2,2,3,3,2,3,3,2,2,2,2,2,3,3,2,3,2,3,2,2,2,3,2,3,3,2,2,2,2,3,2,3,3,2,2,3,2 ks=0,0,0,0,0,0,0,0,0,0,0,0,0,0,0,0,0,0,0,167,0,0,0,0,0,0,0,0,0,0,0,32,53,116,0,0,0,0,0,0,0,4,0,0,0,0,0,0,0,0,0,0,0,0,0,0,0,0,0,0,0,0,0,0
00079 features=793 size=11 p=5 tap=41 reset=false scheme=2 ops=2,3,0,3,0,2,1,1,0,0,0,0,3,1,3,2,3,3,3,3,2,2,2,3,3,3,2,2,2,3,3,2,3,3,2,0,0,2,2,2,3,2,2,3,3,2,2,2,3,2,3,3,2,2,2,2,3,2,3,3,2,2,3,2 ks=0,0,0,0,0,152,0,0,0,0,0,0,0,86,154,91,208,27,0,171,0,0,0,0,0,0,0,0,0,0,121,0,128,116,0,0,0,0,0,0,0,0,0,0,0,0,0,0,0,127,0,0,0,0,0,0,0,0,0,0,0,0,0,0
00080 features=931 size=6 p=5 tap=41 reset=true scheme=2 ops=2,3,3,2,1,3,2,2,3,2,2,3,3,3,2,2,3,3,3,3,2,2,2,3,3,3,2,1,2,3,3,0,0,3,2,2,2,2,2,2,3,1,3,0,3,2,2,2,3,2,3,3,3,2,2,2,3,2,3,3,2,2,3,2 ks=0,0,0,0,0,0,0,0,0,0,0,0,0,0,154,89,0,91,0,171,0,0,0,0,0,0,0,0,0,0,0,0,128,116,0,0,0,0,0,0,0,0,0,0,0,0,0,0,0,0,0,0,0,0,0,0,0,0,0,0,0,0,0,0
00081 features=953 size=8 p=10 tap=41 reset=true scheme=5 ops=2,3,3,3,2,3,2,2,3,2,2,3,0,3,3,2,3,3,3,3,2,2,0,3,3,0,2,1,2,3,3,0,0,3,1,0,0,2,2,2,3,2,3,3,3,2,2,2,3,2,3,3,2,2,2,0,3,2,3,3,3,3,3,3 ks=0,0,0,73,0,0,253,180,0,0,0,0,0,0,0,91,0,91,0,152,0,0,0,0,0,0,0,0,0,0,0,0,128,116,0,0,0,0,0,0,0,0,0,0,0,0,0,0,0,0,0,0,0,0,0,0,0,0,0,0,0,0,0,0
00082 features=918 size=6 p=5 tap=41 reset=true scheme=2 ops=2,3,1,3,2,3,2,2,1,3,2,3,3,3,3,2,3,3,3,3,2,2,2,3,2,2,2,2,2,3,3,0,3,3,2,2,2,2,2,3,3,2,3,3,3,2,2,2,3,2,3,3,2,2,2,2,3,2,3,3,2,2,3,2 ks=0,0,0,0,0,152,0,0,0,0,0,0,0,0,0,91,0,88,0,171,0,0,0,0,0,0,0,0,0,0,0,0,128,116,0,0,0,0,0,0,0,0,0,0,0,0,0,0,0,0,0,0,0,0,0,0,0,0,0,0,0,0,0,0
00083 features=919 size=8 p=10 tap=41 reset=true scheme=2 ops=2,3,3,3,0,3,2,2,3,2,2,3,3,3,3,2,3,3,3,3,2,2,2,3,3,3,2,1,2,3,3,0,0,3,1,0,0,2,2,2,3,2,3,3,3,2,2,2,3,2,3,3,2,2,2,0,3,2,3,3,2,2,3,2 ks=0,0,0,0,0,0,253,180,0,0,0,0,0,0,0,91,0,91,0,152,0,0,0,0,0,0,0,0,0,0,0,0,128,116,0,0,0,0,0,0,0,0,0,0,64,0,0,0,0,0,0,0,0,0,0,0,0,0,0,0,0,0,0,0
00084 features=892 size=4 p=2 tap=41 reset=true scheme=2 ops=2,3,3,3,0,3,1,1,0,0,0,0,3,1,3,2,3,3,3,3,2,2,2,3,3,3,2,2,2,3,3,2,3,3,2,2,2,2,2,2,3,1,3,0,3,2,2,2,3,2,3,3,1,1,0,1,0,2,3,0,0,0,3,2 ks=0,0,0,0,0,0,0,0,0,0,0,0,0,0,0,0,0,0,0,171,0,0,0,0,0,0,0,0,125,0,0,0,128,116,0,0,0,0,0,0,0,0,0,0,0,0,0,0,0,0,0,0,0,0,0,0,0,0,0,0,0,0,0,0
00085 features=562 size=6 p=10 tap=54 reset=false scheme=2 ops=2,3,3,2,1,3,2,2,3,2,2,3,3,3,3,2,3,3,3,3,2,2,2,3,3,3,2,1,2,3,3,0,0,3,2,2,2,2,2,2,3,1,3,0,3,2,2,2,3,3,3,3,3,2,2,2,3,2,3,3,2,2,3,2 ks=0,0,0,0,0,0,0,0,0,0,0,0,0,0,154,91,0,91,0,171,0,0,0,0,0,0,0,0,0,0,0,0,128,116,0,0,0,0,0,0,0,0,0,0,0,0,0,0,0,0,0,0,0,0,0,0,0,0,0,0,0,0,0,0
00086 features=687 size=15 p=5 tap=41 reset=true scheme=2 ops=1,3,3,3,3,3,1,3,1,1,3,1,3,3,3,3,3,3,3,1,1,1,3,3,3,3,3,1,3,3,3,1,1,3,2,2,2,2,2,3,3,2,3,3,3,2,2,2,3,1,1,3,3,3,3,1,3,3,3,3,1,1,3,3 ks=0,0,0,0,0,152,0,0,0,0,0,0,0,0,154,91,208,91,0,171,0,0,0,64,0,0,0,0,0,0,0,0,128,116,0,0,0,0,0,0,0,4,0,0,0,0,0,0,0,0,0,0,175,0,0,0,0,0,191,12,0,0,200,28
00087 features=944 size=7 p=10 tap=41 reset=true scheme=2 ops=2,3,3,3,0,3,2,2,3,2,2,3,3,3,3,2,3,3,3,3,2,2,2,3,3,3,2,1,2,3,3,0,0,3,1,0,0,2,2,2,3,2,3,3,3,2,2,2,3,2,3,3,2,2,2,0,3,2,3,3,2,2,3,2 ks=0,0,0,0,0,0,0,180,0,0,0,0,0,0,16,91,0,91,0,152,0,0,0,0,0,0,0,0,0,0,0,0,128,116,0,0,0,0,0,0,0,0,0,0,0,0,0,0,0,0,0,0,0,0,0,0,0,0,0,0,0,0,0,0
00088 features=842 size=12 p=10 tap=41 reset=true scheme=2 ops=2,3,3,3,0,3,2,2,3,2,2,3,3,3,3,2,3,3,3,1,1,1,3,3,3,3,2,2,2,3,3,0,0,3,2,2,2,2,2,2,3,2,3,0,3,2,2,2,3,2,3,3,3,2,2,2,3,2,3,3,2,2,3,2 ks=0,0,0,0,89,152,0,0,0,0,0,0,0,0,154,91,0,91,0,171,0,0,0,64,0,0,0,0,0,0,2,0,128,116,0,0,0,0,0,0,0,0,0,0,0,0,0,0,0,0,0,0,0,0,0,0,0,0,191,12,0,0,0,0
00089 features=848 size=13 p=1 tap=41 reset=true scheme=3 ops=2,3,3,3,2,3,2,2,3,3,2,3,3,1,3,2,3,3,1,0,0,3,3,3,2,2,2,2,2,3,3,2,3,3,2,2,2,2,2,3,3,2,3,2,3,2,2,2,3,2,3,3,2,2,2,2,3,2,3,3,2,2,3,2 ks=0,0,134,0,0,0,0,0,0,0,0,0,0,86,154,0,208,91,0,171,0,0,2,0,0,0,0,0,0,0,0,32,55,116,0,0,0,0,0,0,0,4,0,0,0,252,0,0,252,0,0,0,0,0,0,0,0,0,0,0,0,0,0,0
00090 features=756 size=7 p=1 tap=54 reset=true scheme=3 ops=2,3,3,3,2,3,2,2,3,3,2,3,3,3,3,2,3,3,3,3,2,2,2,3,2,2,2,1,2,3,3,0,0,3,2,2,2,2,2,3,3,2,3,2,3,2,2,2,3,2,3,3,2,2,2,2,3,2,3,3,2,2,3,2 ks=0,0,0,0,0,0,0,0,0,1,0,0,0,0,0,0,0,0,0,167,0,0,0,0,0,0,1,0,0,0,0,0,128,116,0,0,0,0,0,0,0,4,0,0,0,0,0,0,0,0,0,0,0,0,0,0,0,0,0,0,0,2,0,0
00091 features=744 size=6 p=10 tap=41 reset=true scheme=2 ops=3,3,3,3,0,3,3,0,3,3,0,3,3,3,3,3,3,3,3,3,0,0,3,3,3,3,1,1,1,3,3,3,3,3,0,1,3,0,3,1,3,1,3,0,3,3,1,0,3,1,3,3,1,0,3,1,3,1,3,3,1,1,3,3 ks=0,0,0,0,0,0,0,0,0,0,0,0,0,0,0,0,0,91,0,171,0,0,0,0,0,0,0,0,0,0,121,0,24,116,0,0,0,0,0,0,0,0,0,0,0,26,0,0,0,0,0,0,0,0,0,0,0,0,0,0,0,0,0,0
00092 features=623 size=6 p=2 tap=41 reset=false scheme=2 ops=2,3,3,3,0,3,1,1,0,0,0,0,3,1,3,2,3,3,3,3,2,2,2,3,0,3,2,2,2,3,3,2,3,3,2,2,2,2,2,2,3,1,3,0,3,2,2,2,3,2,3,3,2,2,2,2,3,2,3,3,2,2,3,2 ks=0,0,0,0,0,0,0,0,0,0,0,0,0,0,0,0,0,0,0,171,0,0,0,0,0,0,0,0,0,32,0,0,128,116,0,0,0,0,0,0,0,0,0,0,0,0,0,0,0,0,0,0,0,0,0,0,0,0,191,12,0,0,0,0
00093 features=631 size=13 p=5 tap=41 reset=true scheme=2 ops=1,3,3,3,3,3,1,3,1,3,3,1,3,3,3,3,3,3,3,1,1,1,3,3,3,3,3,1,3,3,3,1,1,3,3,1,1,1,3,1,1,3,3,3,3,2,2,2,3,2,3,3,2,2,2,0,3,2,3,3,1,1,3,3 ks=0,0,0,0,0,152,0,0,0,0,0,0,0,0,154,91,208,91,0,171,0,0,0,64,0,0,0,124,0,0,0,0,128,116,0,0,0,0,0,0,128,0,142,0,0,0,0,0,255,0,0,0,0,0,0,0,0,0,0,0,0,0,0,0
00094 features=930 size=13 p=10 tap=33 reset=true scheme=2 ops=2,3,3,3,0,3,2,2,3,2,2,3,3,3,3,2,3,3,3,0,2,2,2,3,3,3,2,2,2,3,3,0,0,3,2,2,2,2,2,2,3,2,3,0,3,2,2,2,3,2,3,3,3,2,2,2,3,2,3,3,2,2,3,2 ks=0,0,0,128,89,152,0,113,0,0,0,0,0,0,154,91,0,91,0,171,0,0,0,0,0,0,0,0,0,0,3,0,128,116,0,0,0,0,0,0,0,0,0,0,0,0,0,0,0,0,0,0,0,0,0,0,0,0,191,12,0,0,0,0
00095 features=884 size=3 p=10 tap=41 reset=true scheme=2 ops=2,3,3,3,1,3,1,1,1,3,1,1,3,3,3,2,3,3,3,3,2,2,2,3,3,3,2,1,2,3,3,0,0,3,1,0,0,2,2,2,3,2,3,3,3,2,2,2,3,2,3,3,2,2,2,0,3,2,3,3,2,2,3,2 ks=0,0,0,0,0,0,0,0,0,0,0,0,0,0,0,0,0,0,0,152,0,0,0,0,0,0,0,0,0,0,0,0,128,116,0,0,0,0,0,0,0,0,0,0,0,0,0,0,0,0,0,0,0,0,0,0,0,0,0,0,0,0,0,0
00096 features=939 size=1 p=5 tap=59 reset=true scheme=2 ops=0,3,3,3,0,3,3,3,3,3,3,3,3,3,3,0,3,3,3,3,0,0,3,3,3,3,3,0,3,3,3,0,0,3,0,0,0,3,3,0,3,0,3,3,3,0,0,0,3,3,3,3,0,3,3,3,3,0,3,3,3,0,3,3 ks=0,0,0,0,0,0,0,0,0,0,0,0,0,0,0,0,0,0,0,0,0,0,0,0,0,0,0,0,0,0,0,0,0,0,0,0,0,0,0,0,0,0,0,0,0,0,0,0,0,0,0,0,0,0,0,0,0,0,0,76,0,0,0,0
00097 features=897 size=6 p=5 tap=41 reset=true scheme=2 ops=2,3,2,3,2,3,2,2,3,3,2,3,3,3,3,2,3,3,3,3,2,2,2,3,2,2,2,2,2,3,3,2,2,3,2,2,2,2,2,3,3,2,3,3,3,2,2,2,3,2,3,3,2,2,2,2,3,2,3,3,2,2,3,2 ks=0,0,0,0,0,152,0,0,0,0,0,0,0,0,0,0,0,0,0,128,0,0,0,0,0,0,0,0,0,0,0,2,128,116,0,0,0,0,0,0,0,4,0,0,0,0,0,0,0,0,0,0,0,0,0,0,0,0,0,0,0,0,0,0
00098 features=926 size=7 p=10 tap=41 reset=true scheme=2 ops=2,3,3,3,0,3,2,2,3,2,2,3,3,3,3,2,3,3,3,3,2,2,2,3,3,3,2,1,2,3,3,0,0,3,1,0,0,2,2,2,3,2,3,3,3,2,2,2,3,2,3,3,2,2,2,0,3,2,3,3,2,2,3,2 ks=0,0,0,0,0,0,253,180,0,0,0,0,0,0,0,91,0,91,0,152,0,0,0,0,0,0,0,0,0,0,0,0,128,120,0,0,0,0,0,0,0,0,0,0,0,0,0,0,0,0,0,0,0,0,0,0,0,0,0,0,0,0,0,0
00099 features=685 size=15 p=5 tap=41 reset=true scheme=2 ops=1,3,3,3,3,3,1,3,1,1,3,1,3,3,3,3,3,3,3,1,1,1,3,3,3,3,3,1,3,3,3,1,1,3,2,2,2,2,2,3,3,2,3,3,3,2,2,2,3,1,1,3,3,3,3,1,3,3,3,0,1,1,3,3 ks=0,0,0,0,0,152,0,0,0,0,0,0,0,0,154,91,208,91,0,171,0,0,0,64,0,0,0,0,0,0,0,0,128,116,0,0,0,0,0,0,0,4,0,0,0,0,0,0,0,0,0,0,175,0,0,0,0,0,191,12,0,0,200,28
00100 features=717 size=8 p=2 tap=4 reset=true scheme=3 ops=2,3,3,3,0,3,1,1,0,0,0,0,3,1,3,2,3,3,3,3,2,2,2,3,3,3,2,2,2,3,3,2,3,3,2,2,2,2,2,2,3,1,3,0,3,2,2,2,3,2,3,3,1,1,0,1,0,2,3,0,0,0,3,2 ks=0,0,0,0,0,0,0,0,0,0,2,0,0,0,0,0,0,0,0,171,0,0,0,0,0,0,0,0,125,0,0,0,128,116,0,0,0,0,0,0,0,0,1,0,0,0,0,0,0,0,0,0,0,0,0,0,0,3,255,0,0,0,0,0
00101 features=932 size=6 p=5 tap=41 reset=true scheme=2 ops=2,3,3,2,1,3,2,2,3,2,2,3,3,3,2,0,3,3,3,3,2,2,2,3,3,3,2,1,2,3,3,0,0,3,2,2,2,2,2,2,3,1,3,0,3,2,2,2,3,2,3,3,3,2,2,2,3,2,3,3,2,2,3,2 ks=0,0,0,0,0,0,0,0,0,0,0,0,0,0,154,89,0,91,0,175,0,0,0,0,0,0,0,0,0,0,0,0,128,116,0,0,0,0,0,0,0,0,0,0,0,0,0,0,0,0,0,0,0,0,0,0,0,0,0,0,0,0,0,0
00102 features=692 size=4 p=10 tap=62 reset=true scheme=2 ops=1,3,3,3,3,3,1,3,1,1,3,1,3,3,3,3,3,3,3,1,3,1,3,3,3,3,3,1,3,3,3,1,1,3,2,2,2,2,2,3,3,2,3,3,3,2,2,2,3,1,1,3,3,3,3,1,3,3,3,3,1,3,3,3 ks=0,0,0,0,0,0,0,0,0,0,0,0,0,0,0,0,0,0,0,0,0,0,0,0,0,0,0,0,0,0,0,0,0,116,0,0,0,0,0,0,0,0,0,0,0,0,0,0,0,0,0,0,0,0,0,0,0,0,0,12,0,0,200,28
00103 features=930 size=8 p=5 tap=41 reset=true scheme=2 ops=2,3,3,2,1,3,2,2,3,2,2,3,3,3,3,2,3,3,3,3,2,2,2,3,3,3,2,1,2,3,3,0,0,3,2,2,2,2,2,2,3,1,3,0,3,2,2,2,3,2,3,3,3,2,2,2,3,2,3,3,2,2,3,2 ks=0,0,0,0,0,253,0,0,0,4,0,0,0,0,154,91,0,91,0,171,0,0,0,0,0,0,0,0,0,0,0,0,128,116,0,0,0,0,0,0,0,0,0,0,0,0,0,0,0,0,0,0,0,0,0,0,0,0,0,0,0,0,0,0
00104 features=822 size=7 p=5 tap=41 reset=true scheme=2 ops=3,3,0,3,3,3,3,3,3,3,0,3,3,3,3,3,3,3,3,3,0,0,3,3,0,0,0,3,0,3,3,0,3,3,3,0,0,0,0,3,3,0,3,3,3,3,0,0,3,3,3,3,3,0,3,0,3,0,3,3,0,3,3,0 ks=0,0,0,0,0,152,0,0,0,0,0,0,0,0,0,91,0,88,0,171,0,0,0,0,0,0,0,0,0,0,0,0,128,116,0,0,0,0,0,0,0,4,0,0,0,0,0,0,0,0,0,0,0,0,0,0,0,0,0,0,0,0,0,0
00105 features=937 size=12 p=10 tap=41 reset=true scheme=1 ops=2,3,3,3,0,3,2,2,3,2,2,3,3,3,3,2,3,3,3,0,0,0,3,3,3,2,2,2,2,3,3,0,0,3,2,2,2,2,2,2,3,2,3,0,3,2,2,2,3,2,3,3,2,2,2,2,3,2,3,3,2,2,3,2 ks=0,0,0,0,89,152,0,0,0,0,32,0,0,0,154,91,0,91,0,171,0,0,0,64,0,0,0,0,0,0,2,0,128,116,0,0,64,0,0,0,0,0,0,0,0,0,0,0,0,0,0,0,0,0,0,0,0,0,0,0,0,0,0,0
00106 features=923 size=19 p=10 tap=33 reset=true scheme=2 ops=2,3,3,3,0,3,2,2,3,2,2,3,3,3,3,2,3,3,3,0,2,2,2,3,3,3,2,2,2,3,3,0,0,3,2,2,2,2,2,2,3,2,3,3,3,2,2,2,3,2,3,3,3,2,2,2,3,2,3,3,2,2,3,2 ks=0,0,0,128,89,152,0,109,0,0,0,0,0,0,154,91,0,91,0,171,0,0,0,0,0,0,0,0,0,0,3,0,128,116,0,0,0,0,0,0,2,4,142,0,0,110,0,112,139,0,0,0,0,0,0,0,0,0,191,12,0,0,0,0
00107 features=916 size=15 p=10 tap=33 reset=true scheme=2 ops=2,3,3,3,0,3,2,2,3,2,2,3,3,3,3,2,3,3,3,0,2,2,2,3,3,3,2,2,2,3,3,0,0,3,2,2,2,2,2,2,3,2,3,0,3,2,2,2,3,2,3,3,3,2,2,2,3,2,3,3,2,2,3,2 ks=0,0,0,128,89,152,0,113,0,0,0,0,0,0,154,91,0,91,0,171,0,254,0,0,0,0,0,0,0,0,3,0,128,116,0,0,0,0,0,0,0,0,0,0,0,0,0,0,0,0,0,0,1,0,0,0,0,0,191,12,0,0,0,0
00108 features=636 size=12 p=10 tap=41 reset=false scheme=2 ops=2,3,3,3,0,3,2,2,3,2,2,3,3,3,3,2,3,3,3,0,2,2,2,3,3,3,2,2,2,3,3,0,0,3,2,2,2,2,2,2,3,2,3,0,3,2,2,2,3,2,3,3,3,2,2,2,3,2,3,3,2,2,3,2 ks=0,0,0,0,89,1,0,113,0,0,0,0,0,0,154,91,0,91,0,171,0,0,0,0,0,0,0,0,0,0,2,0,128,116,0,0,0,0,0,0,0,0,0,0,0,0,0,0,0,0,0,0,0,0,0,0,0,0,191,12,0,0,0,0
00109 features=985 size=14 p=10 tap=41 reset=true scheme=2 ops=2,3,3,3,0,3,2,2,3,2,2,3,3,3,3,2,3,3,3,3,2,2,2,3,3,3,2,2,2,3,3,0,0,3,2,2,2,2,2,3,3,2,3,0,3,2,2,2,3,2,3,3,3,2,2,2,3,2,3,3,2,2,3,2 ks=0,0,0,16,89,152,0,0,0,0,0,0,0,86,2,91,12,91,0,152,0,0,0,0,0,0,0,0,0,0,0,64,128,116,0,0,0,0,0,0,0,64,0,0,0,0,0,0,0,0,0,0,0,0,0,0,0,0,0,12,0,0,0,0
00110 features=953 size=8 p=10 tap=18 reset=true scheme=2 ops=2,3,3,3,0,3,2,2,3,2,2,3,3,3,3,2,3,3,3,0,2,2,2,3,3,3,2,2,2,3,3,0,0,3,2,2,2,2,2,2,3,2,3,0,3,2,2,2,3,2,3,2,3,2,2,2,3,2,3,3,2,2,3,2 ks=0,0,0,0,89,152,0,113,0,255,0,0,0,0,154,91,0,91,0,0,0,0,0,0,0,0,0,0,0,0,0,0,0,0,0,0,0,0,0,0,0,0,0,0,0,0,0,0,0,0,0,0,0,0,0,0,0,0,191,0,0,0,0,0
00111 features=948 size=8 p=10 tap=41 reset=true scheme=5 ops=2,3,3,3,2,3,2,2,3,2,2,3,0,0,3,2,3,3,3,3,2,2,0,3,3,0,2,1,2,3,3,0,0,3,1,0,0,2,2,2,3,2,3,3,3,2,2,2,3,2,3,3,2,2,2,0,3,2,3,3,3,3,3,3 ks=0,0,0,0,0,0,253,180,0,0,0,0,0,0,0,91,0,91,0,144,0,0,0,0,0,0,0,0,0,0,0,0,128,116,0,0,0,0,0,0,0,197,0,0,0,0,0,0,0,0,0,0,0,0,0,0,0,0,0,0,0,0,0,0
00112 features=662 size=13 p=5 tap=41 reset=true scheme=2 ops=1,3,3,3,3,3,1,3,1,3,3,1,3,3,3,3,3,3,3,1,1,1,3,3,3,3,3,1,0,3,3,1,1,3,3,1,0,1,3,1,1,3,3,3,3,2,2,2,3,2,3,3,2,2,2,0,3,2,3,3,1,1,3,3 ks=0,0,0,0,0,152,0,0,0,0,0,0,0,0,154,91,208,91,0,171,0,0,0,64,0,0,0,124,0,0,0,0,128,116,0,0,0,0,0,0,128,0,142,0,0,0,0,0,255,0,0,0,0,0,0,0,0,0,0,0,0,0,0,0
00113 features=819 size=5 p=2 tap=41 reset=true scheme=2 ops=2,3,3,3,0,3,1,1,0,0,0,0,3,1,3,2,3,3,3,3,2,2,2,3,3,3,2,2,2,3,3,2,3,3,2,2,2,2,2,2,3,1,3,0,3,2,2,2,3,2,3,3,1,1,0,1,0,2,3,0,0,0,3,2 ks=0,0,0,0,0,0,0,0,0,0,0,0,0,0,0,254,0,0,0,171,0,0,0,0,0,0,0,0,125,0,0,0,128,116,0,0,0,0,0,0,0,0,0,0,0,0,0,0,0,0,0,0,0,0,0,0,0,0,0,0,0,0,0,0
00114 features=127 size=1 p=5 tap=41 reset=false scheme=2 ops=3,3,3,3,3,3,3,3,3,3,3,0,3,3,3,3,3,3,3,3,3,3,3,3,3,3,3,3,3,3,3,3,3,3,3,3,3,3,3,3,3,1,3,3,3,3,3,3,3,3,1,3,3,3,3,3,3,3,3,3,3,3,3,3 ks=0,0,0,0,0,0,0,0,0,0,0,0,0,0,0,0,0,0,0,0,0,0,0,0,0,0,0,0,0,0,0,0,0,0,0,0,0,252,0,0,0,0,0,0,0,0,0,0,0,0,0,0,0,0,0,0,0,0,0,0,0,0,0,0
00115 features=804 size=8 p=2 tap=41 reset=true scheme=3 ops=2,3,3,3,0,3,1,1,0,0,0,0,3,1,3,2,3,3,3,3,2,2,2,3,3,3,2,2,2,3,3,2,3,3,2,2,2,2,2,2,3,1,3,0,3,2,2,2,3,2,3,3,2,2,2,2,3,2,3,3,2,2,3,2 ks=0,0,0,0,0,0,0,0,0,0,0,0,1,0,0,0,0,91,0,171,0,0,0,0,0,0,0,0,0,32,0,0,124,116,0,0,0,0,0,0,0,0,0,0,0,0,0,0,0,0,0,0,0,0,0,0,0,0,191,12,0,0,0,0
00116 features=852 size=4 p=10 tap=41 reset=true scheme=2 ops=2,3,3,3,1,3,1,1,1,3,1,1,3,3,3,2,3,3,3,3,2,2,2,3,3,3,2,1,2,3,3,0,0,3,1,0,0,2,2,2,3,2,3,3,3,2,2,2,3,2,3,3,2,2,2,0,3,2,3,3,2,2,3,2 ks=0,0,0,0,0,0,0,0,0,0,0,0,0,0,0,0,0,0,0,152,0,0,0,0,0,0,0,0,0,0,0,0,128,116,0,0,0,0,254,0,0,0,0,0,0,0,0,0,0,0,0,0,0,0,0,0,0,0,0,0,0,0,0,0
00117 features=950 size=8 p=5 tap=41 reset=true scheme=2 ops=2,3,1,3,2,3,2,2,1,3,2,3,3,3,3,2,3,3,3,3,2,2,2,3,2,2,2,2,2,3,3,2,0,3,2,2,2,2,2,3,3,2,3,3,3,2,2,2,3,2,3,3,2,2,2,2,3,2,3,3,2,2,3,2 ks=0,0,0,0,0,152,0,0,0,0,0,0,0,0,0,0,254,91,0,171,0,0,0,0,0,0,0,0,0,0,0,2,128,116,0,0,0,0,0,0,0,4,0,0,0,0,0,0,0,0,0,0,0,0,0,0,0,0,0,0,0,0,0,0
00118 features=849 size=5 p=10 tap=59 reset=true scheme=2 ops=0,3,3,3,0,3,3,3,3,3,3,3,3,3,3,0,3,3,3,3,0,0,3,3,3,3,3,0,3,3,3,0,0,3,0,0,0,3,3,0,3,0,3,3,3,0,0,0,3,3,3,3,0,3,3,3,3,0,3,3,3,0,3,3 ks=86,0,0,0,0,0,0,0,0,0,0,0,0,0,0,0,0,0,253,0,0,0,0,0,0,0,2,0,0,0,0,0,0,0,0,0,0,0,0,0,0,0,6,0,0,0,0,0,0,0,0,0,0,0,0,0,0,0,0,76,0,0,0,0
00119 features=886 size=8 p=5 tap=41 reset=true scheme=0 ops=2,3,3,3,2,3,2,2,3,3,2,3,3,3,3,2,3,1,3,3,2,2,2,3,1,3,2,2,2,3,3,2,3,3,2,2,2,2,2,2,3,1,3,0,3,2,2,2,3,2,3,3,2,2,2,2,3,2,3,3,2,2,3,2 ks=0,0,0,252,0,0,0,0,0,57,0,0,0,86,154,91,0,0,0,255,0,0,0,0,0,0,0,0,0,0,0,0,128,116,0,0,0,0,0,0,0,0,0,0,0,0,0,0,0,0,0,0,0,0,0,0,0,0,0,0,0,0,0,0
00120 features=315 size=0 p=5 tap=41 reset=true scheme=2 ops=1,2,1,3,1,1,1,1,1,1,1,1,1,1,1,1,1,2,2,1,1,1,2,1,1,3,1,1,1,1,3,3,1,1,1,3,3,3,2,1,1,1,1,3,1,1,1,1,1,1,1,1,1,1,1,1,2,1,1,3,3,3,1,1 ks=0,0,0,0,0,0,0,0,0,0,0,0,0,0,0,0,0,0,0,0,0,0,0,0,0,0,0,0,0,0,0,0,0,0,0,0,0,0,0,0,0,0,0,0,0,0,0,0,0,0,0,0,0,0,0,0,0,0,0,0,0,0,0,0
00121 features=813 size=6 p=2 tap=41 reset=true scheme=2 ops=2,3,3,3,0,3,1,1,0,0,0,0,3,1,3,2,3,3,3,3,2,2,2,3,3,3,2,2,2,3,3,2,3,3,2,2,2,2,2,2,3,1,3,0,3,2,2,2,3,2,3,3,1,1,0,1,0,2,3,0,0,0,3,2 ks=0,0,0,0,0,0,0,0,0,0,0,0,0,0,0,254,0,0,0,171,0,0,0,0,0,0,0,0,125,0,0,0,128,116,0,0,0,0,32,0,0,0,0,0,0,0,0,0,0,0,0,0,0,0,0,0,0,0,0,0,0,0,0,0
00122 features=920 size=6 p=5 tap=41 reset=true scheme=2 ops=2,3,3,2,1,3,2,2,3,2,2,3,3,3,2,0,3,3,3,3,2,2,2,3,3,3,2,1,2,3,3,0,0,3,2,2,2,2,2,2,3,1,3,0,3,2,2,2,3,2,3,3,3,2,2,2,3,2,3,3,2,2,3,2 ks=0,0,0,0,0,0,0,0,0,0,0,0,0,0,154,89,0,91,0,175,0,0,0,0,0,0,0,0,0,0,0,0,128,206,0,0,0,0,0,0,0,0,0,0,0,0,0,0,0,0,0,0,0,0,0,0,0,0,0,0,0,0,0,0
00123 features=728 size=10 p=5 tap=10 reset=false scheme=1 ops=2,3,3,3,2,3,2,2,3,3,2,3,3,3,3,2,3,1,3,3,2,2,2,3,1,3,2,2,2,3,3,2,3,3,2,2,2,2,2,2,3,1,3,0,3,2,2,2,3,2,3,3,2,2,2,2,3,2,3,3,2,2,3,2 ks=0,0,0,252,0,0,0,0,0,57,0,0,0,86,154,91,12,0,0,171,0,0,0,0,0,0,0,0,0,0,0,0,128,116,0,0,0,0,0,0,0,0,0,0,0,0,0,0,0,0,0,0,0,0,0,0,0,0,0,0,0,0,0,254
00124 features=955 size=10 p=5 tap=41 reset=true scheme=5 ops=2,3,3,3,2,3,2,0,3,3,2,3,3,3,3,2,3,3,3,3,2,2,2,3,3,3,2,2,2,3,3,2,3,3,2,2,2,2,2,2,3,1,3,0,3,2,2,2,3,2,3,3,2,2,2,2,3,2,3,3,2,2,3,2 ks=0,0,0,0,0,0,0,0,0,0,0,0,0,86,154,91,0,0,3,171,0,0,0,253,0,0,0,0,0,0,121,0,128,116,0,0,0,0,0,0,0,0,0,0,0,0,0,0,0,0,0,0,0,0,0,0,0,0,0,0,0,245,0,0
00125 features=785 size=9 p=10 tap=41 reset=true scheme=2 ops=2,3,1,3,2,3,2,2,1,3,2,3,3,3,3,2,3,3,3,3,2,1,3,3,3,2,2,2,2,3,3,3,0,3,2,2,2,2,2,3,3,2,3,3,3,3,1,3,3,2,3,3,2,2,2,2,3,2,3,3,2,2,3,2 ks=0,0,0,0,0,0,0,0,0,0,0,0,0,0,0,0,0,91,111,171,0,0,0,64,0,0,0,0,0,0,0,2,128,116,0,0,0,0,0,0,0,4,0,0,0,110,0,0,0,0,0,0,0,0,0,0,0,0,0,0,0,0,0,0
00126 features=920 size=6 p=5 tap=41 reset=true scheme=2 ops=2,3,1,3,2,3,2,2,1,3,2,3,3,3,3,2,3,3,3,3,2,2,0,3,2,2,2,2,2,2,3,2,3,3,2,2,2,2,2,3,3,2,3,3,3,2,2,2,3,2,3,3,2,2,2,2,3,2,3,3,2,2,3,2 ks=0,0,0,0,0,0,0,0,0,0,0,0,0,0,0,0,254,0,0,171,0,0,0,0,0,0,0,0,0,0,0,0,129,116,0,0,0,0,0,0,4,0,0,0,0,0,0,0,0,0,0,0,0,0,0,0,253,0,0,0,0,0,0,0
00127 features=822 size=14 p=5 tap=41 reset=true scheme=2 ops=2,3,3,3,0,3,2,2,3,2,2,3,3,3,3,2,3,3,3,3,2,2,2,3,3,3,2,1,2,3,3,0,0,3,1,0,0,3,2,2,3,2,3,3,3,2,2,3,3,2,3,3,2,2,2,0,3,2,3,3,2,2,3,2 ks=0,0,0,0,0,152,252,180,0,0,0,0,227,0,0,91,0,91,0,152,0,0,0,0,0,0,2,0,0,0,0,0,128,112,0,0,0,0,252,0,0,0,2,0,0,0,0,0,0,0,0,0,0,0,0,1,0,0,0,0,0,0,0,1
00128 features=951 size=4 p=5 tap=41 reset=true scheme=1 ops=2,3,1,3,2,3,2,2,1,3,2,3,3,3,3,2,3,3,3,3,2,2,2,3,2,0,2,1,0,3,3,2,0,3,2,2,2,2,2,2,3,1,3,3,3,2,2,2,3,2,3,3,2,2,2,2,0,0,3,0,0,0,3,2 ks=0,0,0,0,0,0,0,0,0,0,0,0,0,0,0,0,0,0,0,175,0,0,0,0,0,0,0,0,0,0,0,2,128,116,0,0,0,0,0,0,0,0,0,0,0,0,0,0,0,0,0,0,0,0,0,0,0,0,0,0,0,0,0,0
00129 features=720 size=14 p=5 tap=41 reset=true scheme=1 ops=1,3,3,3,3,3,1,3,1,1,3,1,3,3,3,3,3,3,3,1,1,1,3,3,3,3,3,1,3,3,3,1,1,3,2,2,2,2,2,3,3,2,3,3,3,2,2,2,2,1,1,3,3,3,3,1,3,3,3,3,1,1,3,3 ks=0,0,0,0,0,128,0,0,0,0,0,0,0,0,154,0,208,91,0,171,0,0,0,64,0,0,0,0,0,0,0,0,128,116,0,0,0,0,0,0,0,4,0,0,0,0,0,0,0,0,0,0,175,0,0,0,0,0,191,12,0,0,200,28
00130 features=890 size=6 p=10 tap=41 reset=true scheme=2 ops=2,3,3,3,0,3,1,1,0,0,0,0,3,1,3,2,3,3,3,3,2,2,2,3,3,3,2,2,2,3,3,2,3,3,2,2,2,2,2,2,3,1,3,0,3,2,2,2,3,2,3,3,1,1,0,1,0,2,3,0,0,2,3,3 ks=0,0,0,0,0,0,0,0,0,0,0,0,0,0,0,0,0,91,0,171,0,0,0,0,0,0,0,0,0,0,0,0,128,116,0,0,0,0,0,0,0,0,0,0,0,0,0,0,0,0,0,0,0,0,0,0,0,0,0,0,0,0,200,28
00131 features=795 size=1 p=10 tap=9 reset=true scheme=2 ops=2,3,3,3,1,3,1,1,1,3,1,1,3,3,3,2,3,3,3,3,2,2,2,3,3,3,2,1,2,0,3,0,0,3,1,0,0,2,2,2,2,2,3,3,3,2,2,2,3,2,3,3,2,2,2,0,3,2,3,3,2,2,3,2 ks=0,0,0,0,0,0,0,0,0,0,0,0,0,0,0,0,0,0,0,152,0,0,0,0,0,0,0,0,0,0,0,0,0,0,0,0,0,0,0,0,0,0,0,0,0,0,0,0,0,0,0,0,0,0,0,0,0,0,0,0,0,0,0,0
00132 features=607 size=13 p=5 tap=41 reset=true scheme=2 ops=1,3,3,3,3,3,1,3,1,3,3,1,3,3,3,3,3,3,3,1,1,1,3,3,3,3,3,1,3,3,3,1,1,3,3,1,1,1,3,1,1,3,3,3,3,2,2,2,3,2,3,3,2,2,2,0,3,2,3,3,1,1,3,3 ks=0,0,0,0,0,152,0,0,0,0,0,0,0,0,154,91,208,91,0,171,0,0,0,64,0,0,0,124,0,0,0,0,128,119,0,0,0,0,0,0,128,0,142,0,0,0,0,0,255,0,0,0,0,0,0,0,0,0,0,0,0,0,0,0
00133 features=621 size=17 p=5 tap=41 reset=true scheme=2 ops=1,3,3,3,3,3,1,3,1,1,3,1,3,3,3,2,3,3,3,3,2,2,2,3,3,3,2,1,3,3,3,1,1,3,3,1,1,1,3,1,1,3,3,3,3,3,1,3,3,1,1,3,3,3,3,1,3,3,3,3,1,1,3,3 ks=0,0,0,0,0,152,0,0,0,0,0,0,0,0,154,91,12,91,0,171,0,0,0,0,0,0,0,124,0,0,0,0,128,116,0,0,0,0,0,0,128,0,142,0,0,110,0,112,0,0,0,0,0,0,0,0,0,0,191,12,0,0,200,28
00134 features=855 size=4 p=10 tap=41 reset=true scheme=2 ops=2,3,3,3,1,3,1,1,1,3,1,1,3,3,3,2,3,3,3,3,2,2,2,3,3,3,2,1,2,3,3,0,0,3,1,0,0,2,2,2,3,2,3,3,3,2,2,2,3,2,3,3,2,2,2,0,3,2,3,3,2,2,3,2 ks=0,0,0,0,0,0,0,0,0,0,0,0,0,0,0,0,0,0,0,152,0,0,0,0,0,0,0,0,0,0,0,0,128,116,0,0,0,0,126,0,0,0,0,0,0,0,0,0,0,0,0,0,0,0,0,0,0,0,0,0,0,0,0,0
00135 features=956 size=7 p=5 tap=41 reset=true scheme=2 ops=2,3,3,2,1,3,2,2,3,2,2,3,3,3,3,2,3,3,3,3,2,2,2,3,3,3,2,1,2,3,3,0,0,3,2,2,2,2,2,2,3,1,3,0,3,2,2,2,3,2,3,3,3,2,2,2,3,2,3,3,2,2,3,2 ks=0,0,0,0,0,0,0,0,0,0,0,0,0,0,154,91,0,91,0,171,0,0,0,0,0,0,0,0,0,0,4,0,134,116,0,0,0,0,0,0,0,0,0,0,0,0,0,0,0,0,0,0,0,0,0,0,0,0,0,0,0,0,0,0
00136 features=951 size=6 p=5 tap=41 reset=true scheme=2 ops=2,3,3,3,3,3,3,3,3,3,3,3,3,3,3,2,3,3,3,3,2,2,2,3,2,2,2,2,2,3,3,2,3,3,2,2,2,2,2,3,3,2,3,3,3,2,2,2,3,2,3,3,2,2,2,2,3,2,3,3,2,2,3,2 ks=0,0,0,0,0,0,0,0,0,175,0,0,0,0,0,91,0,88,0,171,0,0,0,0,0,0,0,0,0,0,0,0,128,116,0,0,0,0,0,0,0,0,0,0,0,0,0,0,0,0,0,0,0,0,0,0,0,0,0,0,0,0,0,0
00137 features=837 size=8 p=10 tap=41 reset=true scheme=0 ops=0,3,3,3,0,3,1,3,3,3,3,3,3,3,3,0,3,3,3,3,1,0,3,3,3,3,3,0,3,0,3,0,0,3,1,0,3,0,0,3,3,1,3,0,3,0,3,3,3,1,3,3,3,1,3,0,3,0,3,3,1,3,3,1 ks=0,0,0,0,127,152,0,0,0,0,0,0,0,0,0,0,0,91,0,152,0,0,0,0,0,0,0,0,0,0,0,64,128,116,0,0,0,0,0,0,0,64,0,0,0,0,0,0,0,0,0,0,0,0,0,0,0,0,0,0,0,0,0,0
00138 features=930 size=7 p=5 tap=41 reset=true scheme=2 ops=2,3,1,3,2,3,2,2,1,3,2,3,3,3,3,2,3,3,3,1,2,2,2,3,2,2,2,2,2,3,3,2,3,3,2,2,2,2,2,3,3,2,0,3,3,2,2,2,3,2,3,3,2,2,2,2,3,2,3,3,2,2,3,2 ks=0,0,0,0,0,0,0,0,0,0,0,0,0,0,0,91,0,88,0,171,0,0,0,0,0,0,0,0,0,0,0,0,128,116,0,0,0,0,0,0,0,4,0,0,0,0,0,0,0,0,0,0,0,0,0,0,0,0,0,0,0,0,200,0
00139 features=778 size=15 p=5 tap=41 reset=true scheme=2 ops=2,3,3,3,3,3,2,3,3,3,3,3,3,3,3,3,3,3,3,3,3,2,3,3,3,3,3,2,3,3,3,2,2,3,2,2,2,2,2,3,3,2,3,3,3,2,2,2,3,3,3,3,3,3,3,3,3,3,3,3,2,2,3,3 ks=0,0,0,0,0,152,0,0,0,0,0,0,0,0,154,91,208,91,0,171,0,0,0,64,0,0,0,0,0,0,0,0,128,116,0,0,0,0,0,0,0,4,0,0,0,0,0,0,0,0,0,0,175,0,0,0,0,0,191,12,0,0,200,28
00140 features=612 size=13 p=5 tap=41 reset=true scheme=0 ops=1,3,3,3,3,3,1,3,1,3,3,1,3,3,3,3,3,3,3,1,1,1,3,3,3,3,3,1,0,3,3,1,1,3,3,1,0,1,3,1,1,3,3,3,3,2,2,2,3,2,3,3,2,2,2,0,3,2,3,3,1,1,3,3 ks=0,0,0,0,0,152,0,0,0,0,0,0,0,0,154,91,208,91,0,171,0,0,0,64,0,0,0,124,0,0,0,0,128,116,0,0,0,0,0,0,128,0,142,0,0,0,0,0,255,0,0,0,0,0,0,0,0,0,0,0,0,0,0,0
00141 features=799 size=6 p=5 tap=41 reset=true scheme=3 ops=2,3,3,3,3,3,3,3,3,3,3,3,3,3,3,2,3,3,3,3,2,2,2,3,2,2,2,2,2,3,3,2,3,3,2,2,2,2,2,3,3,2,3,3,3,2,2,2,3,2,3,3,2,2,2,2,3,2,3,3,2,2,3,2 ks=0,0,0,0,0,0,0,0,0,175,0,0,0,0,0,91,0,88,0,171,0,0,0,0,0,0,0,0,0,0,0,0,128,116,0,0,0,0,0,0,0,0,0,0,0,0,0,0,0,0,0,0,0,0,0,0,0,0,0,0,0,0,0,0
00142 features=798 size=6 p=5 tap=41 reset=true scheme=3 ops=2,3,3,3,3,3,3,3,3,3,3,3,3,3,3,2,3,3,3,3,2,2,2,3,2,2,2,2,2,3,3,2,3,3,2,2,2,2,2,3,3,2,3,3,3,2,2,2,2,2,3,2,2,2,2,2,3,2,3,3,2,2,3,2 ks=0,0,0,0,0,0,0,0,0,175,0,0,0,0,0,91,0,88,0,171,0,0,0,0,0,0,0,0,0,0,0,0,128,116,0,0,0,0,0,0,0,0,0,0,0,0,0,0,0,0,0,0,0,0,0,0,0,0,0,0,0,0,0,0
00143 features=958 size=8 p=10 tap=18 reset=true scheme=5 ops=2,3,3,3,0,3,2,2,3,2,2,3,3,3,3,2,3,3,3,3,2,2,2,3,1,3,2,2,2,3,3,2,3,3,2,2,2,2,2,2,3,2,3,0,3,2,2,2,3,2,3,2,3,2,2,2,3,2,3,3,2,2,3,2 ks=0,0,0,0,89,152,0,113,0,255,0,0,0,0,154,91,0,91,0,0,0,0,0,0,0,0,0,0,0,0,0,0,0,0,0,0,0,0,0,0,0,0,0,0,0,0,0,0,0,0,0,0,0,0,0,0,0,0,191,0,0,0,0,0
00144 features=910 size=10 p=5 tap=41 reset=true scheme=5 ops=2,3,1,3,2,3,2,2,1,3,2,3,3,3,3,2,3,3,3,3,2,2,0,3,2,2,2,2,2,2,3,2,3,3,2,2,2,2,2,3,3,2,3,3,3,2,2,2,3,2,3,3,2,2,2,2,3,2,3,3,2,2,3,2 ks=0,0,0,0,0,152,0,0,0,0,0,0,0,0,0,0,254,0,0,171,0,0,0,0,0,0,0,0,0,0,0,0,129,116,0,0,0,2,0,0,4,0,0,0,0,254,0,0,0,0,0,0,0,0,0,0,253,0,0,0,0,0,255,0
00145 features=965 size=5 p=10 tap=33 reset=true scheme=2 ops=2,3,3,3,3,3,2,2,3,2,2,3,3,3,3,2,3,3,3,2,2,2,2,3,3,3,2,2,2,3,3,3,3,3,2,2,2,2,2,2,3,2,3,3,3,2,2,2,3,2,3,3,3,2,2,2,3,2,3,3,2,2,3,2 ks=0,0,0,0,0,0,0,0,0,0,0,0,0,0,0,91,0,0,0,171,0,0,0,0,0,0,0,0,0,0,0,0,130,116,0,0,0,0,0,0,2,0,0,0,0,0,0,0,0,0,0,0,0,0,0,0,0,0,0,0,0,0,0,0
00146 features=835 size=9 p=5 tap=41 reset=true scheme=1 ops=3,3,1,3,0,3,0,1,1,3,1,3,3,3,3,0,3,0,3,3,1,0,0,3,0,0,3,1,0,3,3,1,0,3,0,0,0,0,0,0,3,0,3,3,3,3,1,0,3,1,3,3,1,3,3,1,0,0,3,0,0,0,3,3 ks=0,0,0,0,0,152,0,0,0,0,0,0,0,0,0,0,0,0,0,175,0,0,0,0,0,0,0,0,0,0,0,2,128,116,0,0,0,0,73,0,0,4,0,0,2,0,0,0,0,0,0,0,0,0,0,0,0,0,0,0,0,0,0,28
00147 features=885 size=12 p=10 tap=18 reset=true scheme=2 ops=2,3,3,3,0,3,2,2,3,2,2,3,3,3,3,2,3,3,3,1,1,1,3,3,3,3,3,1,3,3,3,0,0,3,2,2,2,2,2,2,3,2,3,0,3,2,2,2,3,2,3,2,3,2,2,2,3,2,3,3,2,2,3,2 ks=0,0,0,0,89,152,0,113,0,255,0,0,0,0,2,91,208,91,0,171,0,0,0,64,0,0,0,0,0,0,0,0,0,0,0,0,0,0,0,0,0,0,0,0,0,0,0,0,0,0,0,0,0,0,0,253,0,0,191,0,0,0,0,0
00148 features=941 size=8 p=10 tap=41 reset=true scheme=2 ops=2,3,1,3,2,3,2,2,1,3,2,3,3,3,3,2,3,3,3,3,2,2,2,3,2,2,2,2,2,3,3,2,0,3,2,2,2,2,2,3,3,2,3,3,3,2,2,2,3,2,3,3,2,2,2,2,3,2,3,3,2,2,3,2 ks=0,0,0,0,0,152,0,0,0,0,0,0,0,0,0,0,0,91,0,171,0,0,0,0,0,0,0,0,0,0,54,2,128,116,0,0,0,0,0,0,0,4,0,0,0,0,0,0,0,0,0,0,0,0,0,0,0,0,0,0,0,0,0,0
00149 features=730 size=11 p=5 tap=14 reset=false scheme=2 ops=2,3,1,3,2,3,2,2,1,0,2,3,3,3,3,2,3,3,3,0,2,2,2,3,3,3,2,2,2,3,3,2,3,3,2,2,2,2,2,2,3,2,3,3,3,2,2,2,3,2,3,3,2,2,2,2,3,2,3,3,2,2,3,1 ks=0,0,0,0,0,0,0,0,0,0,0,0,0,86,154,91,12,27,0,171,0,0,0,0,0,0,0,0,0,0,0,0,136,116,0,0,0,0,0,94,0,4,0,0,0,0,0,0,0,0,0,0,0,0,0,0,80,0,0,0,0,0,0,0
00150 features=943 size=8 p=5 tap=41 reset=true scheme=2 ops=2,3,3,2,1,3,2,2,3,2,2,3,3,3,3,2,3,3,3,3,2,2,2,3,3,3,2,1,2,3,3,0,0,3,2,2,2,2,2,2,3,1,3,0,3,2,2,2,3,2,3,3,3,2,2,2,3,2,3,3,2,2,3,2 ks=0,0,0,0,0,253,0,0,0,4,0,0,0,0,154,91,0,91,0,171,0,0,0,0,0,0,0,0,0,0,0,0,0,116,0,0,0,0,0,0,0,0,0,0,0,0,0,0,0,0,0,254,0,0,0,0,0,0,0,0,0,0,0,0
00151 features=783 size=10 p=10 tap=41 reset=true scheme=2 ops=2,3,3,3,0,3,2,2,3,2,2,3,3,3,3,2,3,3,3,3,2,2,2,3,3,3,2,1,2,2,3,0,0,3,1,0,0,2,2,2,3,2,3,3,3,2,1,2,3,2,3,3,2,2,2,0,3,2,3,3,2,2,3,2 ks=0,0,0,0,0,0,253,180,0,0,0,0,0,0,0,91,0,91,0,128,0,0,0,0,0,0,0,0,0,0,0,0,128,120,0,0,0,0,0,0,0,0,0,8,0,0,0,0,0,0,0,0,0,0,0,0,0,0,0,255,2,0,0,0
00152 features=793 size=1 p=10 tap=9 reset=true scheme=2 ops=2,3,3,3,3,3,3,1,1,3,1,1,3,3,3,2,3,3,3,3,2,2,2,3,3,3,2,1,2,0,3,3,0,3,1,0,0,2,2,2,2,2,3,3,3,2,2,2,3,2,3,3,2,2,2,0,3,2,3,3,2,2,3,2 ks=0,0,0,0,0,0,0,0,0,0,0,0,0,252,0,0,0,0,0,0,0,0,0,0,0,0,0,0,0,0,0,0,0,0,0,0,0,0,0,0,0,0,0,0,0,0,0,0,0,0,0,0,0,0,0,0,0,0,0,0,0,0,0,0
00153 features=930 size=4 p=1 tap=41 reset=true scheme=1 ops=2,3,1,3,2,3,2,2,1,3,2,3,3,3,3,2,3,3,3,3,2,2,2,3,2,0,2,1,0,3,3,2,0,3,1,0,0,2,2,2,3,2,3,3,3,2,2,2,3,2,3,3,1,2,2,2,0,0,3,0,0,0,3,2 ks=0,0,0,0,0,0,0,0,0,0,0,0,0,0,0,0,0,0,0,175,0,0,0,0,0,0,0,0,0,0,0,2,128,116,0,0,0,0,0,0,0,0,0,0,0,0,0,0,0,0,0,0,0,0,0,0,0,0,0,0,0,0,0,0
00154 features=833 size=3 p=10 tap=41 reset=true scheme=2 ops=2,3,3,3,1,3,1,1,1,3,1,1,3,3,3,2,3,3,3,3,2,2,2,3,3,3,2,1,2,3,3,0,0,3,1,0,0,2,2,2,3,2,3,3,3,2,2,2,3,2,3,3,2,2,2,0,3,2,3,3,2,2,3,2 ks=0,0,0,0,0,0,0,0,0,0,0,0,0,0,0,0,0,0,0,152,0,0,0,0,0,0,0,0,0,0,0,0,128,127,0,0,0,0,0,0,0,0,0,0,0,0,0,0,0,0,0,0,0,0,0,0,0,0,0,0,0,0,0,0
00155 features=530 size=1 p=10 tap=9 reset=false scheme=2 ops=2,3,3,3,1,3,1,1,1,3,1,1,3,3,3,2,3,3,3,3,2,2,2,3,3,3,2,1,2,0,3,0,0,3,1,0,0,2,2,2,2,2,3,3,3,2,2,2,3,2,3,3,2,2,2,0,3,2,3,3,2,2,3,2 ks=0,0,0,0,0,0,0,0,0,0,0,0,0,0,0,0,0,0,0,152,0,0,0,0,0,0,0,0,0,0,0,0,0,0,0,0,0,0,0,0,0,0,0,0,0,0,0,0,0,0,0,0,0,0,0,0,0,0,0,0,0,0,0,0
00156 features=896 size=9 p=5 tap=41 reset=true scheme=2 ops=2,3,3,3,0,3,2,2,3,3,3,3,3,3,3,2,3,3,3,3,2,2,2,3,3,3,2,1,2,3,3,0,0,3,1,0,0,2,2,2,3,2,3,3,3,2,2,2,3,2,3,3,2,2,2,0,3,2,3,3,2,2,3,2 ks=0,0,0,0,0,152,252,180,0,0,0,0,0,0,0,91,0,91,0,152,0,0,0,0,0,0,0,0,0,0,0,0,128,112,0,0,0,0,0,0,0,0,2,0,0,0,0,0,0,0,0,0,0,0,0,0,0,0,0,0,0,0,0,0
00157 features=584 size=10 p=5 tap=41 reset=true scheme=0 ops=1,3,3,3,3,3,1,3,1,3,3,1,3,3,3,3,3,3,3,1,1,1,3,3,3,3,3,1,2,3,3,0,0,3,3,1,0,1,3,1,1,3,3,3,3,2,2,2,3,2,3,3,2,2,2,0,3,2,3,3,1,1,3,3 ks=0,0,0,0,0,0,0,0,0,0,0,0,0,0,154,91,208,0,0,171,0,0,0,64,0,0,0,0,0,0,0,0,128,116,0,0,0,0,0,0,128,0,142,0,0,0,0,0,255,0,0,0,0,0,0,0,0,0,0,0,0,0,0,0
00158 features=881 size=9 p=10 tap=41 reset=true scheme=2 ops=2,3,3,3,0,3,1,1,0,0,0,0,3,1,3,2,3,3,3,3,2,2,2,3,3,3,2,2,2,3,3,2,3,3,2,2,2,2,2,2,3,1,3,0,3,2,1,2,1,2,1,3,1,1,0,1,0,2,3,0,0,2,3,3 ks=0,0,0,0,0,0,0,0,0,0,0,0,0,0,0,0,0,91,0,171,0,0,0,0,0,0,0,0,0,0,0,0,128,116,0,0,0,0,0,0,0,0,0,0,0,0,0,112,139,0,0,0,0,0,0,198,0,0,0,0,0,0,200,28
00159 features=893 size=11 p=5 tap=41 reset=true scheme=2 ops=2,3,3,3,0,3,2,2,3,2,2,3,3,3,3,2,3,3,3,3,1,1,3,3,3,3,3,1,3,3,3,0,0,3,1,0,0,2,2,2,3,2,3,3,3,2,2,2,3,2,3,3,2,2,2,0,3,2,2,3,2,2,3,2 ks=0,0,0,0,0,152,252,180,0,0,0,0,0,0,0,91,0,91,0,152,0,0,0,64,0,0,0,0,0,0,0,0,128,112,0,0,0,0,0,0,0,0,2,0,0,0,0,0,0,0,0,0,0,0,0,0,0,0,0,0,0,0,200,0
00160 features=906 size=7 p=1 tap=41 reset=true scheme=1 ops=2,3,1,3,2,3,2,2,1,3,2,3,3,3,3,2,3,3,3,3,2,2,2,3,2,0,2,1,0,3,3,2,0,3,1,0,0,2,2,2,3,1,3,0,3,2,2,2,3,2,3,3,2,2,2,2,0,0,3,3,2,2,3,2 ks=0,0,0,0,0,0,0,0,0,0,0,0,0,125,0,0,32,0,0,175,0,0,0,0,0,0,0,0,0,0,0,2,128,116,0,0,0,0,0,0,0,0,0,0,0,0,0,0,0,0,0,0,0,0,0,0,0,0,0,12,0,0,0,0
00161 features=827 size=7 p=10 tap=18 reset=true scheme=2 ops=2,3,3,3,0,3,2,2,3,2,2,0,3,3,3,2,3,3,3,1,1,1,3,3,3,3,3,1,3,3,3,0,0,3,2,2,2,2,2,0,3,2,3,0,3,2,2,2,3,2,3,2,3,2,2,2,3,2,3,3,2,2,3,2 ks=0,0,0,0,89,152,0,113,0,255,0,0,0,0,0,0,208,91,2,0,0,0,0,0,0,0,0,0,0,0,0,0,0,0,0,0,0,0,0,0,0,0,0,0,0,0,0,0,0,0,0,0,0,0,0,0,0,0,0,0,0,0,0,0
00162 features=855 size=14 p=1 tap=41 reset=true scheme=3 ops=2,3,3,3,2,3,2,2,3,3,2,3,3,1,3,2,3,3,1,0,0,3,3,3,2,2,2,2,2,3,3,2,3,3,2,2,2,2,2,3,3,2,3,2,3,2,2,2,3,2,3,3,2,2,2,2,3,2,3,3,2,2,3,2 ks=0,0,134,0,0,2,0,0,0,0,0,0,0,86,154,0,208,91,0,171,0,0,2,0,0,0,0,0,0,0,0,32,55,116,0,0,0,0,0,0,0,4,0,0,0,252,0,0,252,0,0,0,0,0,0,0,0,0,0,0,0,0,0,0
00163 features=613 size=21 p=5 tap=41 reset=true scheme=2 ops=1,3,3,3,3,3,1,3,1,1,3,1,3,3,3,3,3,3,3,1,1,1,3,3,3,3,3,1,3,3,3,1,1,3,3,1,1,1,3,1,1,3,3,3,3,3,1,3,3,1,1,3,3,3,3,1,3,3,3,3,1,1,3,3 ks=0,0,4,0,0,152,0,0,0,0,0,0,0,0,154,91,208,221,0,174,0,0,0,64,0,0,0,0,0,0,0,0,128,116,0,0,0,0,0,0,128,0,142,0,0,110,128,112,0,0,0,0,175,0,0,0,0,0,191,12,114,0,200,28
00164 features=870 size=6 p=5 tap=41 reset=true scheme=2 ops=2,3,3,3,0,3,1,1,3,3,0,3,3,3,3,3,3,3,3,3,0,0,3,3,0,0,0,3,0,3,3,0,3,3,3,0,0,0,0,3,3,0,3,3,3,3,0,0,3,3,3,3,3,0,3,0,3,0,3,3,0,3,3,0 ks=0,0,0,0,0,0,0,0,0,0,0,0,0,0,0,91,0,88,0,171,0,0,0,0,0,0,0,0,0,0,0,0,128,116,0,0,0,0,0,0,0,4,0,0,0,0,0,0,0,0,0,0,0,0,0,0,0,0,0,0,0,0,0,0
00165 features=804 size=9 p=5 tap=41 reset=true scheme=3 ops=2,3,3,2,1,3,2,2,3,2,2,3,3,3,3,2,3,3,3,3,2,2,2,3,3,3,2,1,2,3,3,0,0,3,2,2,2,2,2,2,3,1,3,0,3,2,2,2,3,2,3,3,3,2,2,2,3,2,3,3,2,2,3,2 ks=0,0,0,0,0,253,0,0,0,4,0,0,0,0,154,91,0,91,127,171,0,0,0,0,0,0,0,0,0,0,0,0,128,116,0,0,0,0,0,0,0,0,0,0,0,0,0,0,0,0,0,0,0,0,0,0,0,0,0,0,0,0,0,0
00166 features=601 size=11 p=5 tap=41 reset=false scheme=2 ops=2,3,3,2,1,3,2,2,3,2,2,3,3,3,3,2,3,3,3,3,2,2,2,3,3,3,2,1,2,3,3,0,0,3,2,2,2,1,2,2,3,2,3,3,3,2,2,2,3,2,3,3,2,2,2,2,3,2,3,3,2,2,3,2 ks=0,0,0,0,0,0,0,0,0,0,0,0,0,0,154,91,0,91,0,171,0,0,0,0,0,4,0,0,0,0,4,0,134,116,0,0,0,0,0,0,0,0,0,0,0,0,0,0,0,0,0,0,0,178,0,0,0,0,64,0,0,0,0,156
00167 features=806 size=7 p=5 tap=41 reset=true scheme=3 ops=2,3,3,3,3,3,3,3,3,3,3,3,3,3,3,2,3,3,3,3,2,2,2,3,2,2,2,2,2,3,3,2,3,3,2,2,2,2,2,3,3,2,3,3,3,2,2,2,3,2,3,3,2,2,2,2,3,2,3,3,2,2,3,2 ks=0,0,0,0,0,0,0,0,0,175,0,0,0,0,0,64,0,88,0,171,0,0,0,0,0,0,0,0,0,0,0,0,128,116,0,0,0,0,0,0,0,0,0,0,0,0,0,0,0,0,0,0,0,0,2,0,0,0,0,0,0,0,0,0
00168 features=789 size=7 p=5 tap=41 reset=true scheme=3 ops=2,3,3,3,3,3,3,3,3,3,3,3,3,3,3,2,3,3,3,3,2,2,2,3,2,2,2,2,2,3,3,2,3,3,2,2,2,2,2,3,3,2,3,3,3,2,2,2,3,2,3,3,2,2,2,2,3,2,3,3,2,2,3,2 ks=0,0,0,0,0,0,0,0,0,175,0,0,0,0,0,91,0,88,0,171,0,254,0,0,0,0,0,0,0,0,0,0,53,116,0,0,0,0,0,0,0,0,0,0,0,0,0,0,0,0,0,0,0,0,0,0,0,0,0,0,0,0,0,0
00169 features=625 size=11 p=10 tap=41 reset=false scheme=3 ops=2,3,3,3,2,3,2,2,3,2,2,3,3,3,3,2,3,3,3,1,3,1,3,3,3,2,2,2,2,3,3,3,2,3,2,2,2,2,2,2,3,2,3,2,3,2,2,2,3,2,3,3,2,2,2,2,3,2,3,3,2,2,3,2 ks=0,0,0,0,89,152,0,0,0,0,32,0,0,0,154,91,0,91,0,171,0,0,0,64,0,0,0,0,0,0,2,0,128,116,0,0,0,0,0,0,0,0,0,0,0,0,0,0,0,0,0,0,0,0,0,0,0,0,0,0,0,0,0,0
00170 features=928 size=11 p=10 tap=41 reset=true scheme=1 ops=2,3,3,3,0,3,2,2,3,2,2,3,3,3,3,2,3,3,3,0,0,0,3,3,3,2,2,2,2,3,3,0,0,3,2,2,2,2,2,2,3,2,3,0,3,2,2,2,3,2,3,3,2,2,2,2,3,2,3,3,2,2,3,2 ks=0,0,0,0,89,0,0,0,0,0,32,0,0,0,154,91,0,91,0,178,0,0,0,64,0,0,0,0,0,0,2,0,128,116,0,0,64,0,0,0,0,0,0,0,0,0,0,0,0,0,0,0,0,0,0,0,0,0,0,0,0,0,0,0
00171 features=932 size=30 p=10 tap=41 reset=true scheme=0 ops=2,3,3,3,2,2,2,2,3,3,2,3,3,3,3,2,3,3,3,3,2,2,2,3,3,0,2,1,2,3,3,0,0,3,2,2,2,2,2,2,3,2,3,3,3,2,2,2,3,2,1,3,2,2,2,2,3,2,3,3,2,2,2,2 ks=0,0,0,0,89,152,0,1,0,0,77,0,0,86,154,91,0,91,0,171,0,0,0,0,76,0,161,124,82,0,0,0,128,116,204,0,158,87,0,0,0,4,142,0,0,110,0,112,171,0,0,0,175,0,172,198,0,0,191,12,0,0,200,28
00172 features=825 size=9 p=2 tap=41 reset=true scheme=3 ops=2,3,3,3,0,3,1,1,0,0,0,0,3,1,3,2,3,3,3,3,2,2,2,3,3,3,2,2,2,3,3,2,3,3,2,2,2,2,2,2,3,1,3,0,3,2,2,2,3,2,3,3,2,2,2,2,3,2,3,3,2,2,3,2 ks=0,0,0,0,0,0,0,0,0,0,0,0,1,0,0,0,0,91,0,171,0,0,0,64,0,0,0,0,0,32,0,0,124,116,0,0,0,0,0,0,0,0,0,0,0,0,0,0,0,0,0,0,0,0,0,0,0,0,191,12,0,0,0,0
00173 features=886 size=7 p=10 tap=41 reset=true scheme=2 ops=2,3,3,3,0,3,2,2,1,3,3,1,3,3,3,2,3,3,3,3,2,2,2,3,3,3,2,2,2,3,3,2,3,3,2,0,0,2,2,2,3,2,3,3,3,2,2,2,3,2,3,3,2,2,2,0,3,2,3,3,2,2,3,2 ks=0,0,0,0,0,0,0,180,0,0,0,0,0,0,0,91,0,91,0,152,0,0,0,0,0,0,0,0,0,0,121,0,128,116,0,0,0,0,0,0,0,0,0,0,0,0,0,0,0,0,0,0,0,0,0,0,0,0,0,0,0,0,0,0
00174 features=469 size=11 p=5 tap=10 reset=false scheme=1 ops=2,3,3,3,2,3,2,2,3,3,2,3,3,3,3,2,3,3,3,3,2,2,2,3,2,3,2,2,2,3,3,2,3,3,2,2,2,2,2,2,3,3,3,0,3,2,2,2,3,2,3,3,3,3,3,3,3,2,3,3,2,2,3,2 ks=0,0,0,252,0,0,0,0,0,57,0,0,0,86,154,91,12,0,0,171,0,0,0,0,0,0,0,0,0,0,0,0,128,116,0,0,0,0,0,0,0,0,0,0,0,0,0,0,0,0,0,0,0,0,0,0,0,0,191,12,0,0,0,0
00175 features=814 size=8 p=10 tap=41 reset=true scheme=2 ops=3,3,3,3,0,3,1,3,3,3,3,3,3,3,3,0,3,3,3,1,1,1,3,3,3,3,3,3,1,3,3,0,0,3,3,3,3,1,3,3,3,0,3,0,3,3,0,1,3,1,3,3,3,3,0,1,3,1,3,3,0,3,3,0 ks=0,0,0,0,0,152,0,0,0,0,0,0,0,0,154,91,0,0,0,171,0,0,0,64,0,0,0,0,0,0,0,0,128,116,0,0,0,0,0,0,0,0,0,0,0,0,0,0,0,0,0,0,0,0,0,0,0,0,191,0,0,0,0,0
00176 features=637 size=13 p=10 tap=41 reset=false scheme=2 ops=2,3,3,3,0,3,2,2,3,2,2,3,3,3,3,2,3,3,3,0,2,2,2,3,3,3,2,2,2,3,3,0,0,3,2,2,2,2,2,2,3,2,3,0,3,2,2,2,3,2,3,3,3,2,2,2,3,2,3,3,2,2,3,2 ks=0,0,0,0,89,1,0,113,0,0,0,0,0,0,154,91,0,91,0,171,138,0,0,0,0,0,0,0,0,0,2,0,128,116,0,0,0,0,0,0,0,0,0,0,0,0,0,0,0,0,0,0,0,0,0,0,0,0,191,12,0,0,0,0
00177 features=261 size=12 p=5 tap=41 reset=false scheme=2 ops=3,3,3,1,1,3,1,3,3,3,1,3,3,3,3,1,3,3,3,3,1,3,3,3,3,3,1,1,3,3,3,1,1,3,1,3,3,1,1,1,3,1,3,3,3,3,1,3,3,1,3,3,1,1,1,3,3,3,3,3,3,1,3,1 ks=0,0,0,0,0,0,0,0,0,0,0,0,0,0,154,91,0,91,0,171,0,0,0,0,0,4,0,0,0,0,4,0,134,116,0,0,0,2,0,0,0,0,0,0,0,0,0,0,0,0,0,0,0,178,0,0,0,0,64,0,0,0,0,156
00178 features=715 size=16 p=5 tap=41 reset=false scheme=2 ops=2,3,3,3,2,3,2,2,3,2,2,3,3,3,3,2,3,3,3,1,2,2,2,3,3,3,2,2,2,3,3,3,2,3,2,2,2,2,2,2,3,2,3,2,3,2,2,2,3,2,3,3,3,2,2,2,3,2,3,3,2,2,3,2 ks=0,0,0,0,89,152,0,113,0,0,1,0,0,0,154,69,12,91,0,171,0,0,0,0,0,0,0,0,0,0,2,0,128,254,0,0,1,0,0,0,0,0,0,0,0,0,0,0,0,0,0,0,98,0,0,0,0,0,191,12,0,0,0,0
00179 features=586 size=6 p=5 tap=41 reset=true scheme=2 ops=1,3,3,3,1,3,1,3,3,1,1,3,3,3,3,1,3,3,3,3,3,3,1,3,3,3,1,1,1,3,3,1,1,3,1,1,1,3,1,3,3,1,3,3,3,3,1,1,3,1,3,3,3,1,3,1,3,1,3,3,3,1,3,3 ks=0,0,0,0,0,0,0,0,0,0,0,0,0,0,154,89,0,91,0,171,0,0,0,0,0,0,0,0,0,0,0,0,128,116,0,0,0,0,0,0,0,0,0,0,0,0,0,0,0,0,0,0,0,0,0,0,0,0,0,0,0,0,0,0
00180 features=823 size=6 p=5 tap=41 reset=true scheme=2 ops=2,3,1,3,2,0,2,2,1,3,2,3,3,3,1,2,3,3,3,3,2,2,0,3,2,2,2,2,2,2,3,2,3,3,2,2,2,2,2,3,3,2,3,3,3,3,1,3,3,2,3,3,2,2,2,2,3,2,3,3,2,2,3,2 ks=0,0,0,0,0,0,0,0,0,0,0,0,0,0,0,0,254,0,0,171,0,0,0,0,0,0,0,0,0,0,0,0,129,116,0,0,0,0,0,0,0,4,0,0,0,110,0,0,0,0,0,0,0,0,0,0,0,0,0,0,0,0,0,0
00181 features=929 size=10 p=5 tap=41 reset=true scheme=2 ops=2,3,3,2,1,3,2,2,3,2,2,3,3,3,3,2,3,3,3,3,2,2,2,3,3,3,2,1,2,3,3,0,0,3,2,2,2,2,2,2,3,1,3,0,3,2,2,2,3,2,3,3,3,2,2,2,3,2,3,3,2,2,3,2 ks=0,0,0,0,0,253,0,0,0,4,0,0,0,0,154,91,0,91,0,171,0,0,0,0,0,0,0,0,0,0,0,0,0,116,0,0,0,0,0,0,0,0,0,0,0,0,0,0,0,0,0,254,0,0,4,0,0,186,0,0,0,0,0,0
00182 features=768 size=9 p=1 tap=54 reset=true scheme=3 ops=2,3,3,3,2,3,2,2,3,2,2,3,3,3,3,2,3,3,3,3,2,2,2,3,2,2,2,1,2,3,3,0,0,3,2,2,2,2,2,3,3,2,3,2,3,2,2,2,3,2,3,3,2,2,2,2,3,2,3,3,2,2,3,2 ks=0,0,0,0,0,0,127,0,0,1,0,0,0,0,0,0,0,0,0,167,0,0,0,0,0,0,1,0,0,0,0,0,128,116,0,0,0,0,0,0,0,4,0,0,0,0,0,0,0,0,0,0,0,2,0,0,0,0,0,0,0,2,0,0
00183 features=461 size=5 p=10 tap=33 reset=true scheme=0 ops=3,3,3,3,1,3,1,1,1,3,1,1,3,3,3,1,3,3,3,3,3,3,1,3,3,3,1,1,3,3,3,3,3,3,1,3,1,3,1,1,3,3,3,3,3,1,3,1,3,1,3,3,3,3,1,1,3,3,3,3,1,3,3,3 ks=0,0,0,0,0,0,0,0,0,0,0,0,0,0,0,0,0,0,0,152,0,0,0,0,0,0,0,0,0,0,1,0,128,127,0,0,0,0,0,0,0,0,0,0,0,0,0,0,0,2,0,0,0,0,0,0,0,0,0,0,0,0,0,0
00184 features=810 size=6 p=5 tap=41 reset=true scheme=3 ops=2,3,3,3,3,3,3,3,3,3,3,3,3,3,3,2,3,3,3,3,2,2,2,3,2,2,2,2,2,3,3,2,3,3,2,2,2,2,2,3,3,2,3,3,3,2,2,2,3,2,3,3,2,2,2,2,3,2,3,3,2,2,3,2 ks=0,0,2,0,0,0,0,0,0,175,0,0,0,0,0,0,0,88,0,171,0,0,0,0,0,0,0,0,0,0,0,0,53,116,0,0,0,0,0,0,0,0,0,0,0,0,0,0,0,0,0,0,0,0,0,0,0,0,0,0,0,0,0,0
00185 features=901 size=5 p=5 tap=22 reset=true scheme=5 ops=2,3,1,3,2,3,2,2,3,3,2,3,3,1,3,2,3,3,1,0,2,3,2,3,2,2,2,2,2,3,3,2,2,3,2,2,2,2,2,2,3,2,3,3,3,2,2,2,3,2,3,3,2,2,2,2,3,2,3,3,2,2,3,1 ks=0,0,0,0,0,0,0,0,0,0,0,0,0,86,154,0,0,0,0,171,0,0,0,0,0,0,0,0,0,0,0,0,0,0,0,0,0,0,0,0,0,0,0,0,128,0,0,0,0,0,0,0,0,0,0,0,0,0,0,0,0,0,0,32
00186 features=585 size=12 p=5 tap=41 reset=false scheme=2 ops=2,3,3,2,1,3,2,2,3,2,2,3,3,3,3,2,3,3,3,3,2,2,2,3,3,3,2,1,2,3,3,0,0,3,2,2,2,1,2,2,3,2,3,3,3,2,2,2,3,2,3,3,2,2,2,2,3,2,3,3,2,2,3,2 ks=0,0,0,0,0,0,0,0,0,0,0,0,0,0,154,91,0,91,0,171,0,0,0,0,0,4,0,0,0,0,4,29,134,116,0,0,0,0,0,0,0,0,0,0,0,0,0,0,0,0,0,0,0,178,0,0,0,0,64,0,0,0,0,156
00187 features=929 size=14 p=10 tap=33 reset=true scheme=2 ops=2,3,3,3,0,3,2,2,3,2,2,3,3,3,3,2,3,3,1,0,2,2,2,3,3,3,2,2,2,3,3,0,0,3,2,2,2,2,2,2,3,2,3,0,3,2,2,0,3,2,3,3,3,2,2,2,3,2,3,3,2,2,3,2 ks=0,0,0,128,89,152,0,0,0,0,0,0,0,0,154,91,0,91,0,171,0,254,0,0,0,0,0,0,0,0,3,0,128,116,0,0,0,0,0,0,0,0,0,0,0,0,0,0,0,0,0,0,1,0,0,0,0,0,191,12,0,0,0,0
00188 features=952 size=12 p=5 tap=17 reset=true scheme=1 ops=2,3,3,3,2,3,2,2,3,3,2,3,3,3,3,2,3,3,2,3,2,2,2,3,1,3,2,2,2,3,3,2,3,3,2,2,2,2,2,3,3,2,3,2,3,2,2,2,3,2,3,3,2,2,2,2,3,2,3,3,2,2,3,2 ks=0,0,0,0,0,0,0,0,0,57,0,0,0,86,154,91,12,91,0,171,0,0,0,0,0,0,0,0,0,0,0,0,128,2,0,0,0,0,0,0,0,4,0,0,0,128,0,0,0,0,0,0,131,0,0,0,0,0,0,0,0,0,0,0
00189 features=568 size=11 p=1 tap=41 reset=false scheme=2 ops=2,3,3,2,1,3,2,2,3,2,2,3,3,3,3,2,3,3,3,0,2,2,2,3,3,3,2,1,2,3,3,0,0,3,2,2,2,1,2,2,3,1,3,3,3,2,2,2,3,2,3,3,2,2,2,2,3,2,3,3,2,2,3,2 ks=0,0,0,0,0,0,0,113,0,0,0,0,0,0,154,91,0,91,0,171,0,0,0,0,0,4,0,0,0,0,4,0,134,116,0,0,0,0,0,0,0,0,0,0,0,0,0,0,0,0,0,0,0,178,0,0,0,0,0,0,0,0,0,156
00190 features=507 size=2 p=5 tap=41 reset=false scheme=2 ops=2,3,3,3,0,3,2,2,3,3,3,3,3,3,3,2,3,3,3,3,2,2,2,3,3,3,2,1,2,0,3,0,0,3,1,0,0,2,2,2,3,2,3,3,3,2,2,2,3,2,3,3,3,2,2,0,3,2,3,3,2,2,3,2 ks=0,0,0,0,0,0,0,0,0,0,0,0,0,0,0,0,0,0,0,152,0,0,0,0,0,0,0,0,0,0,0,0,0,112,0,0,0,0,0,0,0,0,0,0,0,0,0,0,0,0,0,0,0,0,0,0,0,0,0,0,0,0,0,0
00191 features=881 size=2 p=10 tap=41 reset=true scheme=2 ops=2,3,3,3,1,3,2,2,3,3,2,3,3,3,3,3,3,3,3,0,2,2,2,3,3,3,2,1,2,3,3,0,0,3,1,0,0,2,2,2,3,2,3,3,3,2,2,2,3,2,3,3,2,2,2,0,3,2,3,3,2,2,3,2 ks=0,0,0,0,0,0,0,0,0,0,0,0,0,0,0,0,0,0,0,0,0,0,0,0,0,0,0,0,0,0,0,0,128,116,0,0,0,0,0,0,0,0,0,0,0,0,0,0,0,0,0,0,0,0,0,0,0,0,0,0,0,0,0,0
00192 features=778 size=10 p=5 tap=41 reset=true scheme=3 ops=2,3,3,3,3,3,3,3,3,3,3,3,3,3,3,2,3,3,3,3,2,2,2,3,2,2,2,2,2,3,3,2,3,3,2,2,2,2,2,3,3,2,3,3,3,2,2,2,3,2,3,3,2,2,2,2,3,2,3,3,2,2,3,2 ks=0,0,2,0,0,0,0,0,0,175,0,0,0,0,0,0,0,88,0,171,0,0,0,0,0,0,0,0,0,0,0,0,53,116,0,0,0,0,0,0,0,0,0,0,255,0,0,0,0,0,253,0,0,0,0,0,0,0,191,12,0,0,0,0
00193 features=536 size=4 p=10 tap=41 reset=false scheme=0 ops=2,3,3,3,1,3,1,1,1,3,1,1,3,3,3,2,3,3,3,3,2,2,2,3,3,3,2,1,2,3,3,0,0,3,1,0,0,2,2,2,3,2,3,3,3,2,2,2,3,2,3,3,2,2,2,0,3,2,3,3,2,2,3,2 ks=0,0,0,0,0,0,0,0,0,0,0,0,0,0,0,0,0,91,0,171,0,0,0,0,0,0,0,0,0,0,0,0,128,116,0,0,0,0,0,0,0,0,0,0,0,0,0,0,0,0,0,0,0,0,0,0,0,0,0,0,0,0,0,0
00194 features=923 size=8 p=5 tap=41 reset=true scheme=1 ops=2,3,3,3,2,3,2,2,3,3,2,3,3,3,3,1,3,3,3,3,0,0,2,3,1,3,2,2,2,3,3,2,3,3,2,2,2,2,2,2,3,1,3,0,3,3,0,2,3,2,3,3,2,2,2,2,3,2,3,3,2,2,3,2 ks=0,0,0,0,0,0,0,0,0,57,0,0,0,86,154,91,0,91,0,171,0,0,0,0,0,0,0,0,0,0,0,0,128,116,0,0,0,0,0,0,0,0,0,0,0,0,0,0,0,0,0,0,0,0,0,0,0,0,0,0,0,0,0,0
00195 features=974 size=6 p=10 tap=41 reset=true scheme=2 ops=2,2,3,3,2,3,2,2,3,3,2,3,3,3,3,2,3,3,3,3,2,2,2,3,3,3,2,2,2,3,3,2,3,3,2,2,2,2,2,2,3,1,3,0,3,2,2,2,3,2,3,3,2,2,2,2,3,2,3,3,2,2,3,2 ks=0,0,0,0,0,152,0,0,0,0,0,0,0,0,0,0,0,87,0,171,0,0,0,0,0,0,0,0,0,0,121,0,24,116,0,0,0,0,0,0,0,0,0,0,0,0,0,0,0,0,0,0,0,0,0,0,0,0,0,0,0,0,0,0
00196 features=765 size=6 p=5 tap=53 reset=true scheme=3 ops=2,3,2,3,2,3,2,2,3,3,2,3,3,3,3,2,3,3,3,3,2,2,2,3,2,2,2,2,2,3,3,2,2,3,2,2,2,2,2,3,3,2,3,3,3,2,2,2,3,2,3,3,2,2,2,2,3,2,3,3,2,2,3,2 ks=0,0,0,0,0,152,0,0,0,0,0,0,0,0,0,0,0,0,0,128,0,0,0,0,0,0,0,0,0,0,0,2,128,116,0,0,0,0,0,0,0,4,0,0,0,0,0,0,0,0,0,0,0,0,0,0,0,0,0,0,0,0,0,0
00197 features=923 size=4 p=10 tap=41 reset=true scheme=2 ops=2,3,1,3,2,3,2,2,1,3,2,3,3,3,3,2,3,3,3,3,2,2,2,3,2,2,2,2,2,3,3,2,0,3,2,0,0,2,2,2,3,2,3,3,3,2,2,2,3,2,3,3,2,2,2,2,3,2,3,3,2,2,3,2 ks=0,0,0,0,0,0,0,0,0,0,0,0,0,0,0,0,0,0,0,171,0,0,0,0,0,0,0,0,0,0,54,0,128,2,0,0,0,0,0,0,0,0,0,0,0,0,0,0,0,0,0,0,0,0,0,0,0,0,0,0,0,0,0,0
00198 features=917 size=14 p=10 tap=33 reset=true scheme=2 ops=2,3,3,3,0,3,0,2,3,2,2,3,3,3,3,2,3,3,3,0,2,2,2,3,3,3,2,2,2,3,3,0,0,3,2,3,2,2,2,2,3,2,3,0,2,2,2,2,3,2,3,1,3,2,2,2,3,2,3,3,2,2,3,2 ks=0,0,0,128,0,152,0,113,0,0,59,0,0,0,154,91,0,91,0,171,0,254,0,0,0,0,0,0,0,0,3,0,128,116,0,0,0,0,0,0,0,0,0,0,0,0,0,0,0,0,0,0,1,3,0,0,0,0,0,0,0,0,0,0
00199 features=676 size=10 p=5 tap=41 reset=false scheme=2 ops=2,3,3,3,0,3,2,2,3,2,2,3,3,3,3,2,3,3,3,3,2,2,2,3,3,3,2,2,2,2,3,2,3,3,2,2,0,2,2,2,3,2,3,3,3,2,2,2,3,2,3,3,2,2,2,2,3,2,3,3,2,2,3,2 ks=0,0,0,0,0,0,255,113,0,0,0,0,0,86,154,91,0,91,66,171,0,0,0,0,0,0,0,0,0,0,0,0,129,198,0,0,0,0,0,0,0,0,0,0,0,0,0,0,0,0,0,0,0,0,0,0,0,0,0,0,0,0,0,0
00200 features=512 size=18 p=5 tap=41 reset=true scheme=2 ops=1,3,3,3,3,3,1,3,1,1,3,1,3,3,3,3,3,3,3,1,1,1,3,3,3,3,3,1,3,3,3,1,1,3,3,1,1,1,3,1,1,3,3,3,3,3,1,3,3,1,1,3,3,3,3,1,3,3,3,3,1,1,3,3 ks=0,0,0,0,0,152,0,0,0,0,0,0,0,0,154,91,255,91,0,171,0,0,0,64,0,0,0,0,0,0,0,0,128,116,0,0,0,0,0,0,128,0,142,0,0,110,128,112,0,0,0,0,175,0,0,0,0,0,191,12,0,0,200,0
00201 features=832 size=8 p=2 tap=28 reset=true scheme=3 ops=2,3,3,0,0,3,1,1,0,0,0,0,3,1,3,2,3,3,3,3,2,2,2,3,3,3,2,3,2,3,3,2,3,3,2,2,2,2,2,2,3,1,3,0,3,2,2,2,3,2,3,3,2,2,2,2,3,2,3,3,2,2,3,2 ks=0,0,0,0,0,0,0,0,0,0,0,0,0,0,2,0,0,179,0,171,0,0,0,0,0,0,0,0,0,32,0,0,124,116,0,0,0,0,0,0,0,0,0,0,0,0,0,0,0,0,0,0,0,0,0,0,0,0,191,12,0,0,0,0
00202 features=956 size=6 p=5 tap=41 reset=true scheme=2 ops=2,3,3,3,0,3,2,2,3,3,0,3,3,3,3,2,3,3,3,3,2,2,2,3,0,3,2,1,2,3,3,0,0,3,1,0,0,2,2,2,3,2,3,3,3,2,2,2,3,2,3,3,2,2,2,0,3,2,3,3,2,2,3,2 ks=0,0,0,0,0,152,0,0,0,0,0,0,0,0,0,0,0,91,0,152,0,0,0,0,0,0,0,0,0,0,0,211,208,112,0,0,0,0,0,0,0,0,0,0,0,0,0,0,0,0,0,0,0,0,0,0,0,0,0,0,0,0,0,0
00203 features=572 size=7 p=5 tap=41 reset=false scheme=2 ops=2,3,3,3,0,3,2,2,1,3,3,3,3,3,3,2,3,3,3,0,2,2,2,3,3,3,2,1,2,0,3,0,0,3,1,0,0,2,2,2,3,2,3,3,3,2,2,2,3,2,3,3,3,2,2,0,3,2,3,3,2,2,3,2 ks=0,0,0,0,0,0,0,0,0,0,0,0,0,0,154,91,0,91,0,171,0,0,0,0,0,0,0,0,0,0,0,0,0,112,0,0,0,0,0,0,0,0,0,128,0,0,0,8,0,0,0,0,0,0,0,0,0,0,0,0,0,0,0,0
00204 features=813 size=9 p=10 tap=63 reset=true scheme=0 ops=0,3,3,3,0,3,1,3,3,3,3,3,3,3,3,0,3,3,3,3,1,0,3,3,3,3,3,0,3,0,3,0,0,3,1,0,3,0,0,3,3,1,3,0,3,0,3,3,3,1,3,3,3,1,3,0,3,0,3,3,1,3,3,1 ks=0,0,0,0,127,152,0,16,0,0,0,0,0,0,0,0,0,91,0,152,0,0,0,0,0,0,0,0,0,0,0,64,128,116,0,0,0,0,0,0,0,64,0,0,0,0,0,0,0,0,0,0,0,0,0,0,0,0,0,0,0,0,0,0
00205 features=810 size=11 p=10 tap=1 reset=true scheme=2 ops=2,3,3,3,0,3,2,2,3,2,2,3,3,3,3,2,3,3,3,0,2,2,2,3,3,3,2,2,2,3,3,0,0,3,2,2,2,2,2,2,3,2,3,3,3,2,2,2,3,2,3,3,3,2,2,2,3,2,3,3,2,2,3,2 ks=0,0,0,0,0,0,0,109,0,0,0,0,0,252,0,91,0,0,0,0,0,0,0,0,0,0,0,0,0,0,0,0,128,116,0,0,0,0,0,0,0,0,142,0,0,110,0,0,139,0,0,0,0,0,0,0,0,127,191,12,0,0,0,0
00206 features=621 size=19 p=5 tap=41 reset=true scheme=2 ops=1,3,3,3,3,3,1,3,1,1,3,1,3,3,3,3,3,3,3,1,1,1,3,3,3,3,3,1,3,3,3,1,1,3,3,1,1,1,3,1,1,3,3,3,3,3,1,3,3,1,1,3,3,3,3,1,3,3,3,3,1,1,3,3 ks=0,0,0,0,0,152,0,0,0,0,0,0,0,0,154,91,208,91,0,171,0,0,0,64,20,0,0,0,0,0,0,0,128,116,0,0,0,0,0,0,128,0,0,0,0,110,128,112,0,0,0,0,175,0,0,0,0,0,191,12,0,0,200,28
00207 features=932 size=6 p=5 tap=41 reset=true scheme=2 ops=2,3,3,2,1,3,2,2,3,2,2,3,3,3,3,2,3,3,3,3,2,2,2,3,3,3,2,1,2,3,3,0,0,3,2,2,2,2,2,2,3,1,3,0,3,2,2,2,3,2,3,3,3,2,2,2,3,2,3,3,2,2,3,2 ks=0,0,0,0,0,0,0,0,0,4,0,0,0,0,0,91,0,0,0,171,0,0,0,0,0,0,0,0,0,0,0,0,0,116,0,0,0,0,0,0,0,0,0,0,0,0,0,0,0,0,0,254,0,0,0,0,0,186,0,0,0,0,0,0
00208 features=791 size=6 p=5 tap=41 reset=true scheme=3 ops=2,3,3,3,3,3,3,3,3,3,3,3,3,3,3,2,3,3,3,3,2,2,2,3,2,2,2,2,2,3,3,2,3,3,2,2,2,2,2,3,3,2,3,3,3,2,2,2,3,2,3,3,1,2,2,2,3,2,3,3,2,2,3,2 ks=0,0,0,0,0,0,0,0,0,175,0,0,0,0,0,91,0,88,0,171,0,0,0,0,0,0,0,0,0,0,0,0,128,116,0,0,0,0,0,0,0,0,0,0,0,0,0,0,0,0,0,0,0,0,0,0,0,0,0,0,0,0,0,0
00209 features=811 size=10 p=5 tap=36 reset=true scheme=2 ops=3,3,0,3,3,3,3,3,3,3,0,3,3,3,3,3,3,3,3,3,0,0,3,3,0,0,0,3,0,3,3,0,3,3,3,0,0,0,0,3,3,0,3,3,3,3,0,0,3,3,3,3,3,0,3,0,3,0,3,3,2,2,3,2 ks=0,0,0,0,0,152,0,0,0,0,0,0,0,0,0,91,0,88,0,171,0,0,0,0,0,0,0,0,0,0,0,0,128,116,0,0,0,0,0,0,0,0,0,0,0,0,0,0,0,0,0,0,0,0,0,106,0,2,191,12,0,0,0,0
00210 features=540 size=13 p=5 tap=41 reset=true scheme=2 ops=1,3,3,3,3,3,1,3,1,1,3,1,3,3,3,3,3,3,3,1,1,1,3,3,3,3,3,1,3,3,3,1,1,3,3,1,1,1,3,1,3,3,3,3,3,3,1,3,3,1,1,3,3,3,3,1,3,3,3,3,1,1,3,3 ks=0,0,0,0,0,152,0,0,0,0,0,0,0,0,154,91,0,91,0,171,0,0,0,64,0,0,0,0,0,0,0,0,128,60,0,0,0,0,0,0,0,0,0,0,0,0,128,112,0,0,0,0,0,0,0,0,0,0,191,12,0,0,200,0
00211 features=571 size=7 p=5 tap=41 reset=false scheme=2 ops=2,3,3,2,2,3,2,2,3,2,2,3,3,3,3,2,3,3,3,3,2,2,2,3,3,3,2,2,2,3,3,2,3,3,2,2,2,2,2,2,3,2,3,3,3,2,2,2,3,2,3,3,2,2,2,2,3,2,3,3,2,2,3,2 ks=0,0,0,0,0,0,0,0,0,0,0,0,0,0,154,91,0,91,0,171,0,0,0,0,0,0,0,0,0,0,4,0,134,116,0,0,0,0,0,0,0,0,0,0,0,0,0,0,0,0,0,0,0,0,0,0,0,0,0,0,0,0,0,0
00212 features=941 size=8 p=10 tap=45 reset=true scheme=2 ops=2,3,1,3,2,3,2,2,1,3,2,3,3,3,3,2,3,3,3,3,2,2,2,3,2,2,2,2,2,3,3,2,0,3,2,2,2,2,2,3,3,2,3,3,3,2,2,2,3,2,3,3,2,2,2,2,3,2,3,3,2,2,3,2 ks=0,0,0,0,0,152,0,0,0,0,0,0,0,0,0,0,0,91,0,171,0,0,0,0,0,0,0,0,0,0,54,2,128,116,0,0,0,0,0,0,0,4,0,0,0,0,0,0,0,0,0,0,0,0,0,0,0,0,0,0,0,0,0,0
00213 features=536 size=10 p=5 tap=41 reset=false scheme=2 ops=2,3,3,3,0,3,2,2,3,2,2,3,3,3,3,2,3,3,3,3,1,1,3,3,0,3,3,1,3,3,3,0,0,3,1,0,0,2,2,2,3,2,3,3,3,2,2,2,3,2,3,3,2,2,2,0,3,2,2,3,2,2,3,2 ks=0,0,0,0,0,0,252,180,0,0,0,0,0,0,0,91,0,91,0,152,0,0,0,64,0,0,0,0,0,0,0,0,128,112,0,0,0,0,0,0,0,0,2,0,0,0,0,0,0,0,0,0,0,0,0,0,0,0,0,0,0,0,200,0
00214 features=710 size=10 p=5 tap=10 reset=false scheme=1 ops=2,3,3,3,2,3,2,2,3,2,2,3,3,3,3,2,3,1,3,3,2,2,2,3,1,3,2,2,2,3,3,2,3,3,2,2,2,2,2,2,3,1,3,1,3,2,2,2,3,2,3,3,2,2,2,2,3,2,3,3,2,2,3,2 ks=0,0,0,252,0,0,0,113,0,0,0,0,0,86,154,91,12,0,0,171,0,0,0,0,0,0,0,0,0,0,0,0,128,116,0,0,0,0,0,0,0,0,0,0,0,0,0,0,0,0,0,0,0,0,0,0,0,0,0,0,0,0,0,254
00215 features=818 size=7 p=5 tap=41 reset=true scheme=3 ops=2,3,3,3,3,3,3,3,3,3,3,3,3,3,3,2,3,3,3,3,2,2,2,3,2,2,2,2,2,3,3,2,3,3,2,2,2,2,2,3,3,2,3,3,3,2,2,2,2,2,3,2,2,2,2,2,0,2,3,3,2,2,3,2 ks=0,0,0,0,0,4,0,0,0,175,0,0,0,0,0,91,0,88,0,171,0,0,0,0,0,0,0,0,0,0,0,0,128,116,0,0,0,0,0,0,0,0,0,0,0,0,0,0,0,0,0,0,0,0,0,0,0,0,0,0,0,0,0,0
00216 features=505 size=9 p=10 tap=33 reset=true scheme=0 ops=3,3,3,3,1,3,1,1,1,3,1,1,3,3,3,1,3,3,2,3,3,3,1,3,3,3,1,1,3,3,1,3,3,3,1,3,1,3,1,1,3,3,3,3,3,3,3,1,3,1,3,3,3,3,1,1,3,3,3,3,1,3,3,3 ks=0,0,0,0,0,0,2,0,0,0,0,0,0,0,0,0,0,0,0,152,0,0,0,0,0,0,0,0,0,0,1,0,128,127,0,0,1,0,0,1,0,0,0,0,0,0,0,0,0,2,0,0,0,246,0,0,0,0,0,0,0,0,0,0
00217 features=855 size=3 p=10 tap=41 reset=true scheme=2 ops=2,3,3,3,1,3,1,1,1,3,1,1,3,3,3,2,3,3,3,3,2,2,2,3,3,3,2,1,2,3,3,0,0,3,1,0,0,2,2,2,3,2,3,3,3,2,2,2,3,2,3,3,3,2,2,2,3,2,3,3,2,2,3,2 ks=0,0,0,0,0,0,0,0,0,0,0,0,0,0,0,0,0,0,0,152,0,0,0,0,0,0,0,0,0,0,0,0,128,206,0,0,0,0,0,0,0,0,0,0,0,0,0,0,0,0,0,0,0,0,0,0,0,0,0,0,0,0,0,0
00218 features=975 size=8 p=10 tap=31 reset=true scheme=2 ops=2,3,3,3,0,3,2,2,3,2,2,3,3,3,3,2,3,3,3,3,2,2,2,3,3,3,2,3,2,3,3,0,0,3,2,0,0,2,2,2,3,2,2,3,3,2,2,2,3,2,3,3,2,2,2,0,3,2,3,3,2,2,3,2 ks=0,139,0,0,0,0,253,180,0,0,0,0,0,0,0,91,0,91,0,152,0,0,0,0,0,0,0,0,0,0,0,0,128,120,0,0,0,0,0,0,0,0,0,0,0,0,0,0,0,0,0,0,0,0,0,0,0,0,0,0,0,0,0,0
00219 features=604 size=4 p=5 tap=41 reset=false scheme=2 ops=2,3,3,3,0,3,2,2,3,3,0,3,3,3,3,2,3,3,3,3,2,2,2,3,0,3,2,1,2,3,3,0,0,3,1,0,0,2,2,2,3,2,3,3,3,2,2,2,3,2,3,3,2,2,2,0,3,2,3,3,2,2,3,2 ks=0,0,0,0,0,0,0,0,0,0,0,0,0,0,0,0,0,0,0,152,0,0,0,0,0,0,0,0,0,0,0,211,208,112,0,0,0,0,0,0,0,0,0,0,0,0,0,0,0,0,0,0,0,0,0,0,0,0,0,0,0,0,0,0
00220 features=626 size=14 p=10 tap=33 reset=true scheme=2 ops=3,3,3,3,3,3,3,3,3,3,3,3,3,3,3,3,3,3,3,3,3,3,3,3,3,3,3,3,3,3,3,3,3,3,3,3,3,3,3,3,3,3,3,3,3,3,3,3,3,3,3,3,3,3,3,3,3,3,3,3,3,3,3,3 ks=0,0,0,128,89,0,0,109,0,0,0,0,0,0,0,91,0,91,0,171,0,0,0,0,0,0,0,0,0,0,3,254,128,116,0,0,0,0,0,0,0,0,142,0,0,110,0,0,0,0,0,0,0,0,0,0,0,0,191,12,0,0,0,0
00221 features=700 size=11 p=10 tap=41 reset=false scheme=2 ops=2,3,3,3,0,3,2,2,3,2,2,3,3,3,3,2,3,3,3,0,2,2,2,3,3,3,2,2,2,3,3,0,0,3,2,2,2,2,2,2,3,2,3,0,3,2,2,2,3,2,3,3,3,2,2,2,3,2,3,3,2,2,2,2 ks=0,0,0,0,89,1,0,113,0,0,0,0,0,0,154,91,0,91,0,171,0,0,0,0,0,0,0,0,0,0,2,0,128,116,0,0,0,32,0,0,0,0,0,0,0,0,0,0,0,0,0,0,0,0,0,0,0,0,0,0,0,0,0,0
00222 features=950 size=7 p=10 tap=41 reset=true scheme=1 ops=2,3,3,3,0,3,2,2,3,2,2,3,3,3,3,2,3,3,3,0,0,0,3,3,3,2,2,2,2,3,3,0,0,3,2,2,2,2,2,2,3,2,3,0,3,2,2,2,3,2,3,3,2,2,2,2,3,2,3,3,2,2,3,2 ks=0,0,0,0,89,0,0,0,0,0,0,0,0,0,154,91,0,91,0,178,0,0,0,0,0,0,0,0,0,0,0,0,128,116,0,0,0,0,0,0,0,0,0,0,0,0,0,0,0,0,0,0,0,0,0,0,0,0,0,0,0,0,0,0
00223 features=525 size=9 p=10 tap=41 reset=false scheme=0 ops=2,3,3,3,0,3,2,2,3,2,2,3,3,3,1,2,3,3,2,1,1,1,3,3,3,3,2,2,2,3,3,0,0,3,2,2,2,2,0,2,3,2,3,1,3,2,2,2,3,2,3,3,3,2,2,2,3,2,3,3,2,2,3,2 ks=0,0,0,0,89,152,0,0,0,0,0,0,0,0,154,0,0,0,0,171,0,0,0,0,0,0,0,0,0,0,2,0,0,116,0,0,0,0,0,0,0,0,0,0,0,0,0,0,0,0,0,0,0,0,0,0,2,0,191,12,0,0,0,0
00224 features=424 size=18 p=5 tap=41 reset=false scheme=2 ops=1,3,3,3,3,3,1,3,1,1,3,1,3,3,3,3,3,3,3,1,1,1,3,3,3,3,3,1,3,3,3,1,1,3,3,1,1,1,3,0,1,3,1,0,3,2,2,2,3,2,3,3,3,3,3,1,3,3,3,3,1,1,3,3 ks=0,0,0,0,0,152,0,0,0,0,0,0,0,0,154,91,208,91,0,171,0,0,0,64,0,0,0,124,0,0,0,0,128,116,0,0,0,0,0,0,128,0,142,255,0,0,0,0,0,0,0,1,0,0,0,0,0,0,191,12,0,0,200,28
00225 features=751 size=5 p=10 tap=41 reset=true scheme=3 ops=2,3,3,3,3,3,3,3,3,2,2,3,3,3,3,2,3,3,3,3,2,2,2,3,2,2,2,2,2,3,3,2,3,3,2,2,2,2,2,2,3,2,3,0,3,2,2,2,2,2,3,2,2,2,2,2,0,2,3,3,2,2,3,2 ks=0,0,0,0,0,0,0,0,0,0,0,0,0,0,2,0,0,0,0,167,0,0,0,0,0,0,0,0,0,0,0,0,128,116,0,0,0,0,0,0,0,0,0,164,0,0,0,0,0,0,0,0,0,0,0,0,0,0,0,0,0,0,0,0
00226 features=831 size=10 p=2 tap=41 reset=true scheme=3 ops=2,3,3,3,0,3,1,1,0,0,0,0,3,1,3,2,3,3,3,3,2,2,2,3,3,3,2,2,2,3,3,2,3,3,2,2,2,2,2,2,3,1,3,0,3,2,2,2,3,2,3,3,2,2,2,2,3,2,3,3,2,2,3,2 ks=0,0,0,0,0,0,0,0,0,0,0,0,1,0,0,0,0,91,0,171,0,0,0,64,0,0,0,0,0,32,0,0,124,116,0,0,0,0,0,0,0,0,0,0,0,0,0,0,0,0,0,0,0,0,0,16,0,0,191,12,0,0,0,0
00227 features=254 size=1 p=5 tap=41 reset=true scheme=3 ops=1,2,1,3,1,1,1,1,1,1,1,1,1,1,1,1,1,2,2,1,1,1,2,1,1,3,1,1,1,1,3,3,1,1,1,3,3,3,2,1,1,1,1,3,1,1,1,1,1,1,1,1,1,1,1,1,2,1,1,3,3,3,1,1 ks=0,0,0,0,0,0,0,0,0,0,0,0,0,0,0,0,0,0,0,0,0,0,0,0,0,0,0,0,0,0,0,0,0,0,0,0,0,0,0,0,0,0,0,0,0,0,0,0,0,0,0,2,0,0,0,0,0,0,0,0,0,0,0,0
00228 features=779 size=10 p=5 tap=41 reset=true scheme=3 ops=2,3,3,3,3,3,3,3,3,3,3,3,3,3,3,2,3,3,3,3,2,2,2,3,2,2,2,2,2,3,3,0,3,3,2,2,2,2,2,3,3,2,3,3,3,2,2,2,3,2,3,3,2,2,2,2,3,2,3,3,2,2,3,2 ks=0,0,2,0,0,0,0,0,0,175,0,0,0,0,0,0,0,88,0,171,0,0,0,0,0,0,0,0,0,0,0,0,53,116,0,0,0,0,0,0,0,0,0,0,255,0,0,0,0,0,253,0,0,0,0,0,0,0,191,12,0,0,0,0
00229 features=810 size=7 p=5 tap=42 reset=true scheme=3 ops=2,3,3,3,3,3,3,3,3,3,3,0,3,3,3,2,3,3,3,3,2,2,2,3,2,2,2,2,2,3,3,2,3,3,2,2,2,2,2,3,3,2,3,3,3,2,2,2,2,2,3,2,2,2,2,2,0,2,3,3,2,2,3,2 ks=0,0,0,0,0,4,0,0,0,175,0,0,0,0,0,91,0,88,0,171,0,0,0,0,0,0,0,0,0,0,0,0,128,116,0,0,0,0,0,0,0,0,0,0,0,0,0,0,0,0,0,0,0,0,0,0,0,0,0,0,0,0,0,0
00230 features=959 size=2 p=5 tap=41 reset=true scheme=2 ops=2,3,3,2,1,3,2,2,3,2,2,3,3,3,3,2,3,3,3,3,2,2,2,3,3,3,2,1,2,3,3,0,0,3,2,2,2,2,2,2,3,1,3,0,3,2,2,2,3,2,3,3,3,2,2,2,3,2,3,3,2,2,3,2 ks=0,0,0,0,0,0,0,0,0,0,0,0,0,0,0,0,0,0,0,164,0,0,0,0,0,0,0,0,0,0,0,0,0,116,0,0,0,0,0,0,0,0,0,0,0,0,0,0,0,0,0,0,0,0,0,0,0,0,0,0,0,0,0,0
00231 features=1024 size=9 p=10 tap=41 reset=true scheme=3 ops=2,2,2,2,2,2,2,2,2,2,2,2,2,2,2,2,2,2,2,2,2,2,2,2,2,2,2,2,2,2,2,2,2,2,2,2,2,2,2,2,2,2,2,2,2,2,2,2,2,2,2,2,2,2,2,2,2,2,2,2,2,2,2,2 ks=0,0,0,0,0,253,0,0,0,4,0,0,0,0,154,91,0,91,127,127,0,0,0,0,0,0,0,0,0,0,0,0,128,116,0,0,0,0,0,0,0,0,0,0,0,0,0,0,0,0,0,0,0,0,0,0,0,0,0,0,0,0,0,0
00232 features=430 size=5 p=1 tap=54 reset=true scheme=3 ops=1,3,3,3,3,3,3,1,3,3,3,3,3,3,3,1,3,3,3,3,3,3,3,3,3,3,3,1,1,3,3,1,1,3,3,1,1,3,3,3,3,3,3,1,3,3,3,1,3,1,3,3,1,3,1,1,3,1,3,3,3,3,3,1 ks=0,0,0,0,0,0,0,0,0,0,0,0,0,0,0,0,0,0,0,167,0,0,0,0,0,0,0,0,0,0,0,0,128,116,0,0,0,0,0,0,0,4,0,0,0,0,0,0,0,0,0,0,0,0,0,0,0,0,0,0,0,2,0,0
00233 features=659 size=12 p=5 tap=41 reset=true scheme=0 ops=0,3,3,3,3,3,0,3,0,3,3,0,3,3,3,3,3,3,3,0,3,0,3,3,3,3,3,3,0,3,3,0,0,3,3,3,0,0,3,0,0,3,3,3,3,3,0,0,3,0,3,3,3,0,3,0,3,0,3,3,3,0,3,3 ks=0,0,0,0,0,152,0,0,0,0,0,0,0,0,157,91,208,91,0,171,0,0,0,64,0,0,0,124,0,0,0,0,128,116,0,0,0,0,0,0,0,0,142,0,0,0,0,0,255,0,0,0,0,0,0,0,0,0,0,0,0,0,0,0
00234 features=748 size=15 p=5 tap=41 reset=true scheme=2 ops=0,3,3,3,3,3,3,3,3,3,3,3,3,3,3,3,3,3,3,2,2,2,3,3,3,3,3,2,3,3,3,0,2,3,3,3,2,0,3,2,2,3,3,3,3,2,3,2,3,2,3,3,2,2,2,0,3,2,3,3,3,3,3,3 ks=0,0,0,255,0,152,0,0,64,0,0,0,0,0,154,91,208,91,0,171,0,0,0,64,0,0,0,124,0,0,0,0,128,119,0,0,0,0,0,0,128,0,128,0,0,0,0,0,255,0,0,0,0,0,0,0,0,0,0,0,0,0,0,0
00235 features=881 size=3 p=5 tap=41 reset=true scheme=2 ops=2,3,3,3,1,3,1,1,1,3,1,1,3,3,3,2,3,3,3,3,0,2,2,3,3,3,2,1,2,3,3,0,0,3,1,0,0,2,2,2,3,2,2,3,3,2,2,2,3,2,3,3,2,2,2,0,3,2,3,3,2,2,3,2 ks=0,0,0,0,0,0,0,0,0,0,0,0,0,0,0,0,0,0,0,152,0,0,0,0,0,0,0,0,0,0,0,0,128,116,0,0,0,0,0,0,0,0,0,0,0,0,0,0,0,0,0,0,0,0,0,0,0,0,0,0,0,0,0,0
00236 features=575 size=7 p=5 tap=41 reset=true scheme=2 ops=1,3,3,3,1,3,1,3,3,1,1,3,3,3,3,1,3,3,3,3,3,3,1,3,3,3,1,1,1,3,3,1,1,3,1,1,1,3,1,3,3,1,3,3,3,3,1,1,3,1,3,3,3,1,3,1,3,1,3,3,3,1,3,3 ks=0,0,0,0,0,0,0,0,0,0,0,0,0,0,154,89,0,91,0,171,0,0,0,0,0,0,0,0,0,0,0,0,128,116,0,0,0,0,0,0,0,0,128,0,0,0,0,0,0,0,0,0,0,0,0,0,0,0,0,0,0,0,0,0
00237 features=669 size=9 p=10 tap=41 reset=false scheme=2 ops=2,3,3,3,0,3,2,2,3,2,2,3,3,3,3,2,3,3,3,3,2,2,2,3,3,3,2,1,2,3,3,0,0,3,1,0,0,2,2,2,3,2,3,3,3,2,2,2,3,2,3,3,2,2,2,0,3,2,3,3,2,2,3,2 ks=128,0,0,0,0,0,253,180,0,0,0,0,0,0,0,91,0,91,0,152,0,0,0,0,0,0,0,0,0,0,0,0,128,120,0,0,0,0,0,0,0,0,0,0,0,0,0,0,0,0,0,0,0,0,184,0,0,0,0,0,0,0,0,0
00238 features=922 size=7 p=5 tap=41 reset=true scheme=2 ops=0,3,3,3,3,3,0,3,3,0,3,2,3,3,3,3,3,3,3,3,0,3,3,3,3,3,3,0,3,3,3,0,0,3,3,0,2,2,3,0,2,3,3,0,3,2,2,2,3,2,3,3,3,3,3,0,3,3,3,3,3,2,3,3 ks=0,0,0,0,0,0,0,0,0,0,0,0,0,0,154,91,0,91,0,171,0,0,0,64,0,0,0,0,0,0,0,0,128,116,0,0,0,0,0,0,0,0,0,0,0,0,0,0,0,0,0,0,0,0,0,0,0,0,0,0,0,0,0,0
00239 features=905 size=12 p=10 tap=41 reset=true scheme=1 ops=2,3,3,3,0,3,2,2,3,2,2,3,3,3,3,2,3,3,3,0,0,0,3,3,3,2,2,2,2,3,3,0,0,3,2,2,2,2,2,2,3,2,3,0,3,2,2,2,3,2,3,3,2,2,2,2,3,2,3,3,2,2,2,2 ks=0,0,0,0,89,0,0,0,0,0,0,0,0,0,154,91,0,91,0,178,0,0,0,64,0,0,0,0,0,0,2,0,128,116,0,0,64,0,0,0,0,0,0,0,0,0,0,0,0,0,0,0,0,0,0,0,0,0,191,12,0,0,0,0
00240 features=906 size=3 p=2 tap=41 reset=true scheme=2 ops=2,3,3,3,0,3,1,1,0,0,0,0,3,1,3,2,3,3,3,3,2,2,2,3,3,3,2,2,2,3,3,2,0,3,1,0,0,2,2,2,3,1,3,0,3,2,2,2,3,2,3,3,1,1,0,1,0,2,3,0,0,0,3,2 ks=0,0,0,0,0,0,0,0,0,0,0,0,0,0,0,0,0,0,0,171,0,0,0,0,0,0,0,0,0,0,0,0,128,116,0,0,0,0,0,0,0,0,0,0,0,0,0,0,0,0,0,0,0,0,0,0,0,0,0,0,0,0,0,0
00241 features=642 size=19 p=5 tap=41 reset=true scheme=2 ops=1,3,3,3,3,3,1,3,1,1,3,1,3,3,3,2,3,3,3,3,2,2,2,3,3,3,2,1,3,3,3,1,1,3,3,1,1,1,3,1,1,3,3,3,3,3,1,3,3,1,1,3,3,3,3,1,3,3,3,3,1,1,3,3 ks=0,0,0,0,0,152,0,0,0,0,0,0,0,0,154,91,13,91,0,243,0,0,0,0,0,0,0,124,0,0,0,0,128,116,0,240,0,0,0,0,128,0,142,0,0,110,0,112,0,0,0,0,0,0,0,0,0,0,191,12,4,0,200,28
00242 features=802 size=9 p=5 tap=53 reset=true scheme=3 ops=2,3,2,3,2,3,2,2,3,3,2,3,3,3,2,2,3,2,3,3,2,2,2,3,2,2,2,2,2,3,3,2,2,3,2,2,2,2,2,3,3,2,3,3,3,2,2,0,3,2,3,3,2,2,2,2,3,2,3,3,2,2,3,2 ks=0,0,0,0,0,152,0,0,0,0,0,0,0,0,0,0,252,0,0,173,0,0,0,0,0,0,0,0,0,0,0,2,128,116,0,0,0,0,0,0,0,17,0,0,0,0,0,0,0,0,0,0,0,0,2,0,0,0,0,8,0,0,0,0
00243 features=497 size=9 p=10 tap=41 reset=false scheme=0 ops=2,3,3,3,1,3,1,1,1,3,1,1,3,3,3,2,3,3,3,3,2,2,2,3,3,0,2,1,2,3,3,0,0,3,1,0,0,2,2,2,3,2,3,3,3,2,2,2,3,2,3,3,3,3,3,1,3,3,3,3,1,1,3,2 ks=0,0,0,0,0,0,0,0,0,0,0,0,0,0,0,0,0,91,0,171,0,0,0,0,0,0,0,0,0,0,253,0,128,116,0,0,0,0,0,0,0,0,0,0,0,0,0,0,0,0,0,0,175,0,0,0,0,0,191,12,0,0,200,0
00244 features=740 size=26 p=5 tap=41 reset=true scheme=3 ops=2,3,3,3,2,3,2,2,3,3,2,3,3,3,3,2,3,3,3,3,2,2,2,3,3,0,2,1,2,3,3,0,0,3,2,2,2,2,2,2,3,2,3,3,3,2,0,0,3,3,3,3,3,0,3,0,3,0,3,3,0,3,2,2 ks=170,0,0,0,89,152,0,64,0,0,77,0,0,86,154,91,12,91,0,171,0,0,8,0,76,0,161,124,82,0,0,0,128,116,204,0,158,87,0,0,0,4,142,0,0,110,0,0,0,0,0,0,0,0,0,0,0,0,0,0,0,0,200,28
00245 features=168 size=2 p=5 tap=35 reset=false scheme=2 ops=1,3,3,3,3,3,1,3,1,1,3,1,3,3,3,3,3,3,3,1,1,1,3,3,3,3,3,1,3,3,3,1,1,3,3,1,1,1,2,2,3,2,2,3,3,2,2,2,3,1,1,3,3,3,3,1,3,3,3,3,1,1,3,3 ks=0,0,0,0,0,0,0,0,0,0,0,0,0,0,0,0,0,0,0,0,0,0,0,0,0,0,0,0,0,0,0,0,128,60,0,0,0,0,0,0,0,0,0,0,0,0,0,0,0,0,0,0,0,0,0,0,0,0,0,0,0,0,0,0
00246 features=898 size=7 p=5 tap=41 reset=true scheme=2 ops=2,3,3,3,0,3,2,2,3,2,2,3,3,3,3,2,3,3,3,3,1,1,3,3,3,3,3,1,3,3,3,0,0,3,1,0,0,2,2,2,3,2,3,3,3,2,2,2,3,2,3,3,2,2,2,0,3,2,2,3,2,2,3,2 ks=0,0,0,0,0,0,0,180,0,0,0,0,0,0,0,91,0,91,0,152,0,0,0,96,0,0,0,0,0,0,0,0,128,112,0,0,0,0,0,0,0,0,0,0,0,0,0,0,0,0,0,0,0,0,0,0,0,0,0,0,0,0,0,0
00247 features=863 size=8 p=10 tap=18 reset=true scheme=2 ops=2,3,3,3,0,3,2,2,3,2,2,0,3,3,3,2,3,3,3,1,1,1,3,3,3,3,3,1,3,3,3,0,0,3,2,2,2,2,2,0,3,2,3,0,3,2,2,2,3,2,3,2,3,2,2,2,3,2,3,3,2,2,3,2 ks=0,0,0,0,89,152,0,113,0,255,0,0,0,0,0,0,208,91,2,0,0,0,189,0,0,0,0,0,0,0,0,0,0,0,0,0,0,0,0,0,0,0,0,0,0,0,0,0,0,0,0,0,0,0,0,0,0,0,0,0,0,0,0,0
00248 features=889 size=9 p=10 tap=41 reset=true scheme=5 ops=2,3,3,3,2,3,2,2,3,2,2,3,0,0,3,2,3,3,3,3,2,2,0,3,3,0,2,1,2,3,3,0,0,3,1,0,0,2,2,2,3,2,3,3,3,2,2,2,3,2,3,3,2,2,2,0,3,2,3,3,3,3,3,3 ks=0,0,0,0,0,0,253,180,0,0,0,0,0,0,0,91,0,91,0,144,0,0,0,0,0,0,0,0,0,0,0,0,128,116,0,0,0,0,0,0,0,197,0,0,0,254,0,0,0,0,0,0,0,0,0,0,0,0,0,0,0,0,0,0
00249 features=770 size=10 p=2 tap=41 reset=true scheme=1 ops=0,3,1,3,0,3,0,1,1,3,1,3,3,3,3,0,3,0,3,3,1,0,0,3,0,1,3,1,0,3,3,1,0,3,0,0,0,0,0,0,3,0,3,3,3,3,1,0,3,1,3,3,1,2,2,2,3,2,3,3,2,2,3,3 ks=0,0,0,0,0,152,255,0,0,0,0,0,0,0,0,0,0,0,0,175,0,0,0,0,0,0,0,0,0,0,0,2,128,116,0,0,0,0,73,0,0,4,0,0,2,0,0,0,0,0,0,0,0,0,0,0,0,0,0,0,0,0,0,28
00250 features=718 size=7 p=10 tap=41 reset=true scheme=2 ops=3,3,3,3,0,3,3,0,3,3,0,3,3,3,3,3,3,3,3,3,0,0,3,3,3,3,1,1,1,3,3,3,3,3,0,1,3,0,3,1,3,1,3,0,3,3,1,0,3,1,3,3,1,0,3,1,3,1,3,3,1,1,3,3 ks=0,0,0,127,0,0,0,0,0,0,0,0,0,0,0,0,0,91,0,171,0,0,0,0,0,0,0,0,0,0,121,0,24,116,0,0,0,0,0,0,0,0,0,0,0,26,0,0,0,0,0,0,0,0,0,0,0,0,0,0,0,0,0,0
00251 features=680 size=10 p=10 tap=41 reset=false scheme=2 ops=2,3,3,2,1,3,2,2,3,2,2,3,3,3,3,2,3,3,3,3,0,2,2,3,3,3,2,1,2,3,3,1,0,3,2,2,2,2,2,2,3,1,3,0,3,2,2,2,3,2,3,3,3,2,2,2,3,2,3,3,2,2,3,2 ks=0,0,0,0,0,0,0,0,0,0,0,0,0,0,154,91,0,91,0,171,0,0,0,0,0,0,0,60,0,250,0,0,128,116,0,0,155,0,0,0,0,0,0,0,0,0,0,0,0,0,0,0,4,0,0,0,0,0,0,0,0,0,0,0
00252 features=988 size=4 p=5 tap=41 reset=true scheme=2 ops=2,3,1,3,0,0,0,0,0,0,0,0,0,0,3,0,0,0,0,3,2,2,2,3,2,3,2,2,2,3,3,2,3,3,2,2,2,2,2,2,3,2,3,3,3,2,2,2,3,2,3,3,3,2,2,2,3,2,3,3,2,2,3,2 ks=0,0,0,0,0,0,0,0,0,0,0,0,0,0,0,0,0,0,0,171,0,0,0,0,0,0,0,0,0,0,0,0,128,116,0,0,0,0,0,0,2,0,0,0,0,0,0,0,0,0,0,0,0,0,0,0,0,0,0,0,0,0,0,0
00253 features=815 size=10 p=5 tap=42 reset=true scheme=3 ops=2,3,3,3,3,3,3,3,3,3,3,0,3,3,3,2,3,3,3,3,2,0,2,3,2,2,2,2,2,3,3,2,3,3,2,2,2,2,2,3,3,2,3,3,3,2,2,2,2,2,3,2,2,2,2,2,3,2,3,3,2,2,3,2 ks=0,0,0,0,0,4,0,0,0,175,0,0,0,0,0,91,151,88,0,171,0,0,0,0,0,0,0,0,0,0,0,0,128,116,0,0,0,0,0,0,0,0,0,0,177,0,0,0,0,0,0,0,0,0,0,0,0,0,0,76,0,0,0,0
00254 features=702 size=11 p=5 tap=41 reset=true scheme=2 ops=0,3,3,3,3,3,0,3,3,0,3,2,3,3,3,3,3,3,3,3,0,3,3,3,3,3,3,0,3,3,3,0,0,3,3,0,2,2,3,0,2,3,3,0,3,2,2,2,3,2,3,3,3,3,3,0,3,3,3,3,3,2,3,3 ks=0,0,0,0,0,0,0,0,0,0,0,0,0,0,154,91,254,91,224,171,0,2,0,64,0,0,0,0,0,0,0,0,128,116,0,0,0,0,0,0,0,0,0,0,0,0,0,0,0,0,0,0,0,0,0,0,0,0,0,255,0,0,0,0
00255 features=815 size=19 p=2 tap=41 reset=true scheme=2 ops=2,3,3,3,3,3,2,3,3,3,3,3,3,3,3,3,3,3,3,3,3,2,3,3,3,3,3,2,3,3,3,2,2,3,2,2,2,2,2,3,3,2,3,3,3,2,2,2,0,3,3,3,3,3,3,3,3,3,3,3,2,2,3,3 ks=2,8,0,0,0,152,0,0,0,0,0,0,64,0,154,91,208,91,0,171,0,0,0,64,0,0,0,0,0,0,0,0,128,116,0,0,0,0,0,0,0,4,64,0,0,0,0,0,0,0,0,0,175,0,0,0,0,0,191,12,0,0,200,28
00256 features=921 size=8 p=10 tap=45 reset=true scheme=2 ops=2,3,1,3,2,3,2,2,1,3,2,3,3,3,3,2,3,3,3,3,2,2,2,3,2,2,2,2,2,3,3,2,0,3,2,2,2,2,2,3,3,2,3,3,3,2,2,2,3,2,3,3,2,2,2,2,3,2,3,3,2,2,3,2 ks=0,0,0,0,0,152,0,0,0,0,0,0,0,0,0,0,0,0,0,171,0,0,0,0,0,0,0,0,0,0,54,2,128,116,0,0,0,0,0,0,0,4,0,0,0,0,0,0,0,0,0,0,0,0,0,2,0,0,0,0,0,0,0,0
00257 features=816 size=10 p=1 tap=42 reset=true scheme=3 ops=2,3,3,3,3,3,3,3,3,3,3,0,3,3,3,2,3,3,3,3,2,0,2,3,2,2,2,2,2,3,3,2,3,3,2,2,2,2,2,3,3,2,3,3,3,2,2,2,2,2,3,2,2,2,2,2,3,2,3,3,2,2,3,2 ks=0,0,0,0,0,4,0,0,0,175,0,0,0,0,0,91,151,88,0,171,0,0,0,0,0,0,0,0,0,0,0,0,128,116,0,0,0,0,0,0,0,0,0,0,177,0,0,0,0,0,0,0,0,0,0,0,0,0,0,76,0,0,0,0
00258 features=832 size=11 p=5 tap=41 reset=true scheme=2 ops=2,3,3,3,0,3,2,2,3,2,2,3,3,3,3,2,3,3,3,3,2,2,2,3,3,3,2,1,2,3,3,0,0,3,1,0,0,2,2,2,3,2,3,3,3,2,1,1,3,1,3,3,3,1,3,1,3,2,3,3,2,2,3,2 ks=0,0,0,0,0,152,252,180,0,0,0,0,0,128,0,91,0,91,3,152,0,0,0,0,0,0,0,0,0,0,0,0,128,112,0,0,0,0,0,0,0,0,2,0,0,0,0,0,0,0,0,0,0,0,0,0,0,0,0,0,0,0,0,0
00259 features=537 size=14 p=5 tap=41 reset=true scheme=2 ops=1,3,3,3,3,3,1,3,1,1,3,1,3,3,3,3,3,3,3,1,1,1,3,3,3,3,3,1,3,3,3,1,1,3,3,1,1,1,3,1,3,3,3,3,3,3,1,3,3,1,1,3,3,3,3,1,3,3,3,3,1,1,3,3 ks=0,0,0,0,0,152,0,0,0,0,0,0,0,0,154,91,0,91,0,171,0,0,0,64,0,0,0,0,0,175,0,0,128,60,0,0,0,0,0,0,0,0,0,0,0,0,128,112,0,0,0,0,0,0,0,0,0,0,191,12,0,0,200,0
00260 features=588 size=14 p=5 tap=41 reset=false scheme=2 ops=2,3,3,2,1,3,2,2,3,2,2,3,3,3,3,2,3,3,3,3,2,2,2,3,3,3,2,1,2,3,3,0,0,3,2,2,2,1,2,3,3,2,3,3,3,2,2,2,3,2,3,3,2,2,2,2,3,2,3,3,2,2,3,2 ks=0,0,0,0,0,0,0,0,0,0,0,0,0,0,154,91,0,91,0,171,0,0,0,0,0,4,0,0,0,0,4,29,134,116,0,0,0,0,0,0,0,4,64,0,0,0,0,0,0,0,0,0,0,178,0,0,0,0,64,0,0,0,0,156
00261 features=776 size=8 p=10 tap=41 reset=true scheme=3 ops=2,3,3,3,3,3,3,3,3,3,3,3,3,3,3,2,3,3,3,3,2,2,2,3,2,2,2,2,2,3,3,2,3,3,2,2,2,2,2,3,3,2,3,3,3,2,2,2,3,2,3,3,2,2,2,2,3,2,3,3,2,2,3,2 ks=0,0,0,0,0,0,0,0,0,175,0,0,0,0,0,91,0,88,0,171,0,254,0,0,0,0,0,0,0,0,0,0,53,116,0,1,0,0,0,0,0,0,0,0,0,0,0,0,0,0,0,0,0,0,0,0,0,0,0,0,0,0,0,0
00262 features=794 size=7 p=10 tap=41 reset=true scheme=3 ops=2,3,3,3,3,3,3,3,3,3,3,3,3,3,3,2,3,3,3,3,2,2,2,3,2,2,2,2,2,3,3,2,3,3,2,2,2,2,2,3,3,2,3,3,3,2,2,2,3,2,3,3,2,2,2,2,3,2,3,3,2,2,3,2 ks=0,0,0,0,0,0,0,0,0,175,0,0,0,0,0,64,0,88,0,171,0,0,0,0,0,0,0,0,0,0,0,0,128,116,0,0,0,0,0,0,0,0,0,0,0,0,0,0,0,0,0,0,0,0,2,0,0,0,0,0,0,0,0,0
00263 features=506 size=7 p=10 tap=54 reset=false scheme=2 ops=2,3,3,2,1,3,2,2,3,2,2,3,3,3,3,2,3,3,3,3,2,2,2,3,3,3,2,1,2,3,3,0,0,3,2,2,2,2,2,2,3,1,3,0,3,2,2,2,3,3,3,3,3,2,2,2,3,2,3,3,2,3,3,2 ks=0,0,0,0,0,0,0,0,0,0,0,0,0,0,127,91,0,91,0,171,0,0,0,0,0,0,0,0,0,0,0,0,128,116,0,0,254,0,0,0,0,0,0,0,0,0,0,0,0,0,0,0,0,0,0,0,0,0,0,0,0,0,0,0
00264 features=895 size=4 p=1 tap=41 reset=true scheme=2 ops=2,3,1,3,2,3,2,3,1,3,2,3,3,3,3,2,3,3,3,3,2,2,2,3,2,2,2,2,2,3,3,2,0,3,2,0,0,2,2,2,3,2,3,3,3,2,2,2,3,2,3,3,2,2,2,2,3,2,3,3,2,2,3,2 ks=0,0,0,0,0,0,0,0,0,0,0,0,0,0,0,0,0,0,0,171,0,0,0,0,0,0,0,0,0,0,54,0,128,2,0,0,0,0,0,0,0,0,0,0,0,0,0,0,0,0,0,0,0,0,0,0,0,0,0,0,0,0,0,0
00265 features=718 size=8 p=2 tap=41 reset=true scheme=3 ops=2,3,3,3,0,3,1,1,0,0,0,0,3,1,3,2,3,3,3,3,2,2,2,3,3,3,2,2,2,3,3,2,3,3,2,2,2,2,2,2,3,1,3,0,3,2,2,2,1,1,1,1,1,1,1,1,2,1,1,3,2,2,3,2 ks=0,0,0,0,0,0,0,0,0,0,0,0,1,0,0,0,0,91,0,171,0,0,0,64,0,0,0,0,0,32,0,0,124,116,0,0,0,0,0,0,0,0,0,0,0,0,0,0,0,0,0,0,0,0,0,0,0,0,0,12,0,0,0,0
00266 features=938 size=6 p=10 tap=45 reset=true scheme=2 ops=2,3,1,3,2,3,2,3,1,3,2,3,3,3,3,2,3,3,3,3,2,2,2,3,2,2,2,2,2,3,3,2,0,3,2,2,2,2,2,3,3,2,3,3,3,2,2,2,3,2,3,3,2,2,2,2,3,2,3,3,2,2,3,2 ks=0,0,0,0,0,152,0,0,0,0,0,0,0,0,0,0,0,91,0,171,0,0,0,0,0,0,0,0,0,0,54,0,128,116,0,0,0,0,0,0,0,0,0,0,0,0,0,0,0,0,0,0,0,0,0,0,0,0,0,0,0,0,0,0
00267 features=624 size=13 p=5 tap=41 reset=true scheme=0 ops=1,3,3,3,3,3,1,3,1,3,3,1,3,3,3,3,1,3,3,1,1,1,3,3,3,3,3,1,0,3,3,1,1,3,3,1,0,1,3,1,1,3,3,3,3,2,2,2,3,2,3,3,2,2,2,0,3,2,3,3,1,1,3,3 ks=0,0,0,0,0,152,0,0,0,0,0,0,0,0,154,91,208,91,0,171,0,0,0,64,0,0,0,124,0,0,0,0,128,116,0,0,0,0,0,0,128,0,142,0,0,0,0,0,255,0,0,0,0,0,0,0,0,0,0,0,0,0,0,0
00268 features=167 size=8 p=5 tap=41 reset=false scheme=0 ops=1,3,3,3,1,3,1,3,3,1,2,3,3,3,3,1,3,3,3,3,3,3,1,3,3,3,1,1,1,3,3,1,1,3,1,1,1,3,1,3,3,1,3,3,3,3,1,1,3,1,3,3,2,1,3,1,3,1,3,3,3,1,3,3 ks=0,0,0,0,254,0,0,0,0,0,0,0,0,0,154,89,0,91,0,171,0,0,0,0,0,0,0,0,0,90,0,0,128,116,0,0,0,0,0,0,0,0,0,0,0,0,0,0,0,0,0,0,0,0,0,0,0,0,0,0,0,0,0,0
00269 features=245 size=13 p=5 tap=41 reset=false scheme=2 ops=1,3,3,3,3,3,1,3,1,3,3,1,3,3,3,3,3,3,3,1,1,1,3,3,3,3,3,1,3,3,3,1,1,3,3,1,1,1,3,1,1,3,3,3,3,2,2,2,3,2,3,3,2,2,2,0,3,2,3,3,1,1,3,3 ks=0,0,0,0,0,152,0,0,0,0,0,0,0,0,154,91,208,91,0,171,0,0,0,64,0,0,0,124,0,0,0,0,128,119,0,0,0,0,0,0,128,0,142,0,0,0,0,0,255,0,0,0,0,0,0,0,0,0,0,0,0,0,0,0
00270 features=625 size=10 p=5 tap=41 reset=false scheme=1 ops=2,3,3,2,1,3,2,2,3,2,2,3,3,3,3,2,3,3,3,3,2,2,2,3,3,2,2,0,2,3,3,0,0,3,2,2,2,1,2,2,3,2,3,3,3,2,2,2,3,2,3,3,2,2,2,2,3,2,3,3,2,2,3,2 ks=0,0,0,0,0,0,0,0,0,0,0,0,0,0,154,91,0,91,0,171,0,0,0,0,0,0,0,0,0,0,4,0,134,116,0,0,128,0,0,0,0,0,0,0,0,0,0,0,0,0,0,0,0,178,0,0,0,0,0,0,0,0,0,156
00271 features=525 size=10 p=5 tap=41 reset=false scheme=0 ops=2,3,3,3,1,3,1,1,1,3,1,1,3,3,3,2,3,3,3,3,2,2,2,0,3,0,2,1,2,3,3,0,0,3,1,0,0,2,2,2,3,2,3,3,3,2,2,2,3,2,3,3,3,3,3,1,3,3,3,3,1,1,3,2 ks=0,0,0,0,0,0,0,0,0,0,0,0,0,0,0,0,0,91,0,171,0,0,0,0,0,0,0,0,0,248,0,0,128,116,0,0,0,0,0,0,0,0,0,0,0,0,53,0,0,0,0,0,175,0,0,0,0,0,159,12,0,0,200,0
00272 features=790 size=9 p=5 tap=36 reset=true scheme=3 ops=2,3,3,3,3,3,3,3,3,3,3,3,3,3,3,2,3,3,3,3,2,2,2,3,2,2,2,2,2,3,3,2,3,3,2,2,2,2,2,3,3,2,3,3,3,2,2,2,2,2,3,2,2,2,2,2,0,2,3,3,2,2,3,2 ks=0,0,0,3,0,4,0,0,0,175,0,0,0,0,0,91,0,88,0,171,0,0,0,0,0,0,0,0,0,0,0,0,128,116,0,0,0,0,253,0,0,0,0,0,0,0,0,0,0,0,0,0,0,0,0,0,0,0,0,0,0,0,0,0
00273 features=237 size=12 p=5 tap=41 reset=false scheme=2 ops=3,3,3,0,3,3,3,3,3,3,0,3,3,3,3,0,3,3,3,3,3,0,3,3,3,3,0,0,3,3,3,3,0,3,0,3,3,0,0,3,3,0,3,3,3,3,0,3,3,3,3,3,3,3,3,3,3,3,3,3,3,3,3,3 ks=0,0,0,0,0,0,0,0,0,0,0,0,0,0,154,91,0,91,0,171,0,0,0,0,0,0,0,0,0,0,4,2,134,116,0,0,0,2,0,2,0,0,0,0,0,0,0,0,0,0,0,0,0,0,0,0,0,0,64,0,0,0,0,156
00274 features=576 size=3 p=10 tap=41 reset=true scheme=3 ops=2,3,3,3,1,3,1,1,1,3,1,1,3,3,3,2,3,3,3,3,2,2,2,3,3,3,2,1,2,3,3,0,0,3,1,0,0,2,2,2,3,2,3,3,3,2,2,2,3,2,3,3,2,2,2,0,3,2,3,3,1,1,3,3 ks=0,0,0,0,0,0,0,0,0,0,0,0,0,0,0,0,0,0,0,152,0,0,0,0,0,0,0,0,0,0,0,0,128,127,0,0,0,0,0,0,0,0,0,0,0,0,0,0,0,0,0,0,0,0,0,0,0,0,0,0,0,0,0,0
00275 features=483 size=19 p=1 tap=41 reset=true scheme=3 ops=1,3,3,3,3,3,1,3,3,2,2,3,3,3,3,2,3,3,3,1,1,1,3,3,3,3,3,1,3,3,3,1,1,3,3,1,1,1,3,1,1,3,3,3,3,3,1,3,3,1,1,3,3,3,3,1,3,3,3,3,1,1,3,3 ks=0,0,0,0,0,152,0,0,0,0,0,0,0,0,0,91,0,91,0,171,0,0,0,64,0,0,0,0,0,0,0,0,128,116,0,0,0,3,0,0,128,0,142,0,0,110,192,112,0,128,0,0,175,0,0,0,0,0,191,12,0,0,200,28
00276 features=631 size=14 p=5 tap=41 reset=false scheme=2 ops=2,3,3,2,1,3,2,2,3,2,2,3,3,3,3,2,3,3,3,3,2,2,1,3,3,3,2,1,2,3,3,0,0,3,2,2,2,1,2,3,3,2,3,3,3,2,2,2,3,2,3,3,2,2,2,2,3,2,3,3,2,2,3,2 ks=0,0,0,0,0,0,0,0,0,0,0,0,0,0,154,1,0,91,0,171,0,0,0,0,0,4,0,0,0,0,4,29,134,116,0,0,0,0,0,0,0,4,64,0,0,0,0,0,0,0,0,0,0,178,0,0,0,0,64,0,0,0,0,156
00277 features=671 size=13 p=10 tap=41 reset=true scheme=2 ops=1,3,3,3,3,3,1,3,1,3,3,1,3,3,3,3,3,3,3,1,1,1,3,3,3,3,3,1,0,3,3,1,1,3,3,1,0,1,3,1,1,3,3,3,3,2,2,0,3,2,3,3,2,2,2,0,3,2,3,3,1,1,3,3 ks=0,0,0,0,0,152,0,0,0,0,0,0,0,0,154,91,208,91,0,171,0,0,0,64,0,0,0,124,0,0,0,0,128,116,0,0,0,0,0,0,128,0,142,0,0,0,0,0,255,0,0,0,0,0,0,0,0,0,0,0,0,0,0,0
00278 features=464 size=17 p=5 tap=33 reset=false scheme=2 ops=1,3,3,3,3,3,1,3,1,1,3,1,3,3,3,3,3,3,3,1,1,1,3,3,3,3,0,1,3,3,3,1,1,3,3,1,1,1,3,0,1,3,1,0,3,2,2,2,3,3,3,3,3,3,3,1,3,3,3,3,1,1,3,3 ks=0,0,0,0,0,152,0,0,0,0,0,0,0,0,154,91,208,91,0,171,0,0,0,64,0,0,0,124,0,0,0,0,163,116,0,0,0,0,0,0,128,0,142,255,1,0,0,0,0,0,0,0,0,0,0,0,0,0,0,12,0,0,200,28
00279 features=479 size=13 p=5 tap=10 reset=false scheme=1 ops=2,3,3,3,2,3,2,2,3,3,2,3,3,3,3,2,3,3,3,0,2,2,2,3,2,3,1,2,2,3,3,2,3,3,2,2,2,2,2,2,3,3,3,2,3,2,2,2,3,2,3,3,3,3,3,3,3,2,3,3,2,2,3,2 ks=0,0,0,252,0,0,0,0,0,57,0,0,0,86,154,91,12,0,0,0,0,0,50,0,0,0,0,0,0,0,0,0,128,116,0,0,0,0,0,0,0,0,0,0,0,172,0,0,0,0,0,0,0,0,127,0,0,0,191,12,0,0,0,0
00280 features=263 size=20 p=5 tap=41 reset=false scheme=2 ops=1,3,3,3,3,3,1,3,1,1,3,1,3,3,3,3,3,3,3,1,1,1,3,3,3,3,3,1,3,3,3,1,1,3,3,1,1,1,3,1,1,3,3,3,3,3,1,3,3,1,1,3,3,3,3,1,3,3,3,3,1,1,3,3 ks=0,0,0,0,0,152,0,0,0,0,0,0,0,0,154,91,208,91,0,171,0,0,0,64,0,0,0,0,0,0,0,0,128,116,0,0,0,0,0,0,128,0,0,0,0,110,128,112,0,0,0,0,175,0,0,0,0,0,191,12,2,128,200,28
00281 features=841 size=10 p=10 tap=45 reset=true scheme=3 ops=2,3,1,3,2,3,2,2,1,3,2,3,3,3,3,2,3,3,3,3,2,2,2,0,2,2,2,1,2,3,3,2,0,3,2,2,2,2,2,3,3,2,3,3,3,2,2,2,3,2,3,3,2,2,2,2,3,2,3,3,2,2,3,2 ks=0,0,0,0,0,152,0,0,0,0,0,0,0,0,0,0,0,91,0,171,0,0,0,0,0,0,0,0,0,0,54,2,128,116,0,0,0,0,0,0,0,4,0,0,0,0,0,0,0,0,0,0,2,0,0,0,0,0,32,0,0,0,0,0
00282 features=497 size=19 p=10 tap=33 reset=false scheme=2 ops=1,3,3,3,3,3,1,3,1,1,3,1,3,3,3,3,3,3,3,1,3,1,3,3,3,3,0,1,3,3,3,1,1,3,3,1,1,1,3,0,1,3,1,0,3,2,2,2,3,3,3,3,3,3,3,1,3,3,3,3,1,1,1,3 ks=0,0,0,0,0,152,0,0,0,0,0,0,0,0,154,91,208,91,0,171,0,0,0,64,0,0,0,124,0,0,0,8,163,116,0,0,0,0,128,0,128,0,142,255,0,0,0,0,0,253,0,0,0,0,0,0,0,0,0,12,0,0,200,28
00283 features=517 size=6 p=1 tap=41 reset=false scheme=3 ops=2,3,3,3,2,3,2,2,3,3,2,3,3,1,3,0,3,3,3,3,0,0,3,3,3,3,3,2,2,3,3,2,3,3,2,2,2,2,2,3,3,2,3,2,3,2,2,2,3,2,3,3,2,2,2,2,3,2,3,3,2,2,3,2 ks=0,0,0,0,0,0,0,0,0,0,0,0,0,0,154,0,0,0,253,0,0,0,0,0,0,0,0,0,0,0,0,32,55,116,0,0,0,0,0,0,0,4,0,0,0,0,0,0,0,0,0,0,0,0,0,0,0,0,0,0,0,0,0,0
00284 features=623 size=4 p=5 tap=41 reset=false scheme=2 ops=2,3,0,2,0,3,2,2,3,2,2,3,3,3,3,2,3,3,3,3,2,2,2,3,3,3,2,1,2,3,3,0,0,3,2,2,2,2,2,2,3,1,3,0,3,2,2,2,3,2,3,3,3,0,2,2,3,2,3,3,2,2,3,2 ks=0,0,0,0,0,0,252,180,0,0,0,0,0,0,0,0,0,0,0,164,0,0,0,0,0,0,0,0,0,0,0,0,0,116,0,0,0,0,0,0,0,0,0,0,0,0,0,0,0,0,0,0,0,0,0,0,0,0,0,0,0,0,0,0
00285 features=807 size=7 p=10 tap=18 reset=true scheme=0 ops=2,3,3,3,0,3,2,2,3,2,2,0,3,3,3,2,3,3,3,1,1,1,3,3,3,3,3,1,3,3,3,0,0,3,2,2,2,2,2,0,3,2,3,0,3,2,2,2,3,2,3,2,0,2,2,2,3,2,3,3,2,2,3,2 ks=0,0,0,0,89,152,0,113,0,255,0,0,0,0,0,0,208,91,2,0,0,0,0,0,0,0,0,0,0,0,0,0,0,0,0,0,0,0,0,0,0,0,0,0,0,0,0,0,0,0,0,0,0,0,0,0,0,0,0,0,0,0,0,0
00286 features=585 size=9 p=10 tap=41 reset=false scheme=2 ops=2,3,3,3,0,3,2,2,3,2,2,3,3,3,3,2,3,3,3,0,2,2,2,3,3,3,2,2,2,3,3,0,0,3,2,2,2,2,2,2,3,2,3,0,3,2,2,2,3,2,3,3,3,2,2,2,3,2,3,3,2,2,3,2 ks=0,0,0,0,89,0,0,0,0,56,0,0,0,0,154,91,0,91,0,171,0,0,0,0,0,0,0,0,0,0,2,0,128,116,0,0,0,0,0,0,0,0,0,0,0,0,0,0,0,0,0,0,0,0,0,0,0,0,0,0,0,0,0,0
00287 features=690 size=12 p=10 tap=41 reset=false scheme=2 ops=2,3,3,3,0,3,2,2,3,2,2,3,3,3,1,2,3,3,3,3,3,2,2,3,3,3,2,1,2,3,3,0,0,3,1,0,0,2,2,2,3,2,3,3,2,2,2,2,3,2,3,3,2,2,2,0,3,2,3,3,2,2,3,2 ks=128,0,0,0,0,0,224,180,0,0,0,0,0,0,0,91,0,91,0,152,9,0,0,0,0,0,0,0,0,0,0,0,128,120,64,0,0,0,0,0,0,0,0,0,0,0,0,0,223,0,0,0,0,0,184,0,0,0,0,0,0,0,0,0
00288 features=798 size=3 p=10 tap=59 reset=true scheme=2 ops=0,3,3,3,0,3,3,3,3,3,3,3,3,3,3,0,3,3,3,3,0,0,3,3,3,3,3,0,3,3,3,0,0,3,0,0,0,3,3,0,3,0,3,3,3,0,0,2,3,3,3,3,2,2,2,2,3,2,3,3,2,2,3,2 ks=0,0,0,0,0,0,0,0,0,0,0,0,0,0,0,0,0,0,253,0,0,0,0,0,0,0,0,0,0,0,0,0,0,0,0,0,0,0,0,0,0,0,0,0,0,0,0,0,0,0,0,0,0,0,0,0,0,0,191,12,0,0,0,0
00289 features=502 size=2 p=10 tap=41 reset=false scheme=2 ops=2,3,3,3,0,3,2,2,3,3,3,3,3,3,3,2,3,3,3,3,2,2,2,3,3,3,2,1,2,0,3,0,0,3,1,0,0,2,2,2,3,2,3,3,3,2,2,2,3,2,3,3,3,2,2,0,3,2,3,3,2,2,3,2 ks=0,0,0,0,0,0,0,0,0,0,0,0,0,0,0,0,0,0,0,152,0,0,0,0,0,0,0,0,0,0,0,0,0,112,0,0,0,0,0,0,0,0,0,0,0,0,0,0,0,0,0,0,0,0,0,0,0,0,0,0,0,0,0,0
00290 features=593 size=9 p=5 tap=41 reset=false scheme=2 ops=2,3,3,2,1,3,2,2,3,2,2,3,3,3,3,2,3,3,3,3,2,2,2,3,3,3,2,1,2,3,3,0,0,3,2,2,2,2,2,2,3,1,3,0,3,1,2,2,3,2,3,3,3,2,2,2,3,2,3,3,2,2,3,1 ks=0,0,0,0,0,0,0,0,0,0,0,0,0,0,154,91,0,91,0,171,0,0,0,0,0,0,0,0,0,0,4,0,134,116,0,0,0,0,0,0,0,0,0,0,0,0,0,0,8,0,0,0,0,0,0,0,0,0,254,0,0,0,0,0
00291 features=877 size=7 p=10 tap=18 reset=true scheme=2 ops=2,3,3,3,0,3,2,2,3,2,2,0,3,3,3,2,3,3,3,1,1,2,2,3,3,3,2,2,2,3,3,0,0,3,2,2,2,2,2,0,3,2,3,0,3,2,2,2,3,2,3,2,3,2,2,2,3,2,3,3,2,2,3,2 ks=0,0,0,0,89,152,0,113,0,255,0,0,0,0,0,0,208,91,2,0,0,0,0,0,0,0,0,0,0,0,0,0,0,0,0,0,0,0,0,0,0,0,0,0,0,0,0,0,0,0,0,0,0,0,0,0,0,0,0,0,0,0,0,0
00292 features=926 size=12 p=10 tap=63 reset=true scheme=1 ops=0,3,3,3,0,3,1,3,3,3,3,3,3,3,3,0,3,3,3,3,1,0,3,3,3,3,3,0,3,0,3,0,0,3,1,0,3,0,0,3,3,1,3,3,3,2,2,2,3,2,3,3,2,2,2,0,3,0,3,3,1,3,3,1 ks=0,0,0,0,0,152,0,0,0,0,0,0,0,0,0,0,0,91,0,152,0,0,0,0,0,0,0,0,0,0,0,64,0,116,0,0,0,0,0,0,0,80,142,8,0,110,0,0,0,0,16,0,175,0,0,0,41,0,0,0,0,0,0,0
00293 features=558 size=12 p=2 tap=41 reset=false scheme=2 ops=2,3,3,3,0,3,2,2,3,2,2,3,3,3,3,2,3,3,3,3,2,2,3,3,3,3,2,2,2,2,3,2,3,3,2,2,0,2,2,2,3,2,3,3,3,2,2,2,3,2,3,3,2,2,2,2,3,2,3,3,2,2,3,2 ks=0,0,0,254,0,0,255,113,0,0,0,0,128,86,154,91,0,91,66,171,0,0,0,0,0,0,0,0,0,0,0,0,129,198,0,0,0,0,0,0,0,0,0,0,0,0,0,0,0,0,0,0,0,0,0,0,0,0,0,0,0,0,0,0
00294 features=336 size=11 p=5 tap=41 reset=false scheme=2 ops=2,3,3,3,3,3,2,3,3,3,3,3,3,3,3,3,3,3,3,3,3,2,3,3,3,3,3,2,3,3,3,2,2,3,2,2,2,2,2,3,3,1,3,3,3,2,2,2,3,3,3,3,3,3,3,3,3,3,3,3,2,2,3,3 ks=0,0,0,0,0,152,0,0,0,0,0,0,0,0,154,91,208,91,0,171,0,0,0,64,0,0,0,0,0,0,0,0,128,116,0,0,0,0,0,0,0,4,0,0,0,0,0,0,0,0,0,0,0,0,0,0,0,0,191,0,0,0,0,0
00295 features=949 size=6 p=5 tap=41 reset=true scheme=0 ops=2,3,3,3,3,3,3,3,3,3,3,3,3,3,3,2,3,3,3,3,2,2,2,3,2,2,2,2,2,3,3,0,3,3,2,2,2,2,2,3,3,2,3,3,3,2,2,2,3,2,3,3,2,2,2,2,3,2,3,3,2,2,3,2 ks=0,0,0,0,0,0,0,0,0,175,0,0,0,0,0,0,0,88,0,171,0,0,0,0,0,0,0,0,0,0,0,0,53,116,0,0,0,0,0,0,0,0,0,0,0,0,0,0,0,0,0,0,0,0,0,0,0,0,0,12,0,0,0,0
00296 features=802 size=6 p=5 tap=41 reset=true scheme=2 ops=3,3,3,3,3,3,3,3,3,3,0,3,3,3,3,3,3,2,3,3,0,0,3,1,0,0,0,3,0,3,3,0,3,3,3,0,0,2,2,3,3,2,3,3,3,3,0,0,3,3,3,3,3,0,3,0,3,0,3,3,0,3,3,0 ks=0,0,0,0,0,0,0,0,0,0,0,0,0,0,0,91,0,0,0,171,0,0,0,0,0,0,0,0,0,0,0,0,128,116,0,0,0,0,0,0,4,0,0,0,0,252,0,0,0,0,0,0,0,0,0,0,0,0,0,0,0,0,0,0
00297 features=869 size=5 p=10 tap=41 reset=true scheme=0 ops=0,3,3,3,0,3,1,3,3,3,3,3,3,3,3,2,3,3,3,3,1,0,0,0,0,0,0,0,0,0,3,0,0,3,1,0,3,0,0,3,3,1,3,0,3,0,3,3,3,1,3,3,3,1,3,0,3,0,3,3,1,3,3,1 ks=0,0,0,0,0,0,0,0,0,0,0,0,0,0,0,0,0,0,0,175,0,0,0,0,0,0,0,0,0,0,0,64,128,116,0,0,0,0,0,0,0,64,0,0,0,0,0,0,0,0,0,0,0,0,0,0,0,0,0,0,0,0,0,0
00298 features=329 size=3 p=10 tap=59 reset=false scheme=2 ops=0,3,3,3,0,3,3,3,3,3,3,3,3,3,3,0,3,3,3,3,0,0,3,3,3,3,3,0,3,3,3,0,0,3,0,0,0,3,3,0,3,0,3,3,3,0,0,0,3,3,3,3,0,0,0,3,3,0,3,3,3,3,3,0 ks=0,0,0,0,0,0,0,0,0,0,0,0,0,0,0,0,0,0,253,0,0,0,0,0,0,0,0,0,0,0,0,0,0,0,0,0,0,0,0,0,0,0,0,0,0,0,0,0,0,0,0,0,0,0,0,0,0,0,191,12,0,0,0,0
00299 features=629 size=10 p=5 tap=41 reset=true scheme=0 ops=1,3,3,3,3,3,1,3,1,3,3,1,3,3,3,3,3,3,3,1,1,1,3,3,3,3,3,1,2,3,3,0,0,3,3,1,0,1,3,1,3,3,3,3,3,2,2,2,3,2,3,3,2,2,2,0,3,2,3,3,1,1,3,3 ks=0,0,0,0,0,0,0,0,0,0,0,0,0,0,154,91,128,0,0,171,0,0,241,64,0,0,0,0,0,0,0,0,96,116,0,0,0,0,0,0,128,0,0,0,0,0,0,0,255,0,0,0,0,0,0,0,0,0,0,0,0,0,0,0
00300 features=599 size=12 p=1 tap=41 reset=false scheme=2 ops=2,3,3,2,1,3,2,2,3,2,2,3,3,3,3,2,3,3,3,0,2,2,2,3,3,3,2,1,2,3,3,0,0,3,2,2,2,1,2,2,3,1,3,3,3,2,2,2,3,2,3,3,2,2,2,2,3,2,3,3,2,2,3,2 ks=0,0,0,0,0,0,0,113,0,0,0,0,0,0,154,91,0,91,0,171,0,0,0,0,0,4,0,0,0,0,4,0,134,116,0,0,0,0,0,0,0,0,0,0,0,0,0,0,0,0,0,0,0,178,0,4,0,0,0,0,0,0,0,156
00301 features=758 size=8 p=1 tap=54 reset=true scheme=3 ops=2,3,3,3,2,3,2,2,3,3,2,3,3,3,3,2,3,3,3,3,2,2,2,3,2,2,2,1,2,3,3,0,0,3,2,2,2,2,2,3,3,2,3,2,3,2,2,2,3,2,3,3,2,2,2,2,3,2,3,3,2,2,3,2 ks=0,0,0,0,0,0,0,254,0,1,0,0,0,0,0,0,0,0,0,167,0,0,0,0,0,0,1,0,0,0,0,0,128,116,0,0,0,0,0,0,0,4,0,0,0,0,0,0,0,0,0,0,0,0,0,0,0,0,0,0,0,2,0,0
00302 features=511 size=4 p=10 tap=41 reset=false scheme=0 ops=2,3,3,3,1,3,1,1,1,3,1,1,3,3,3,2,3,3,3,3,2,2,2,3,3,3,2,1,2,3,3,0,0,3,1,0,0,2,2,2,3,2,3,3,3,0,2,2,3,2,3,3,2,2,2,0,3,2,3,3,2,2,3,2 ks=0,0,0,0,0,0,0,0,4,0,0,0,0,0,0,0,0,0,0,171,0,0,0,0,0,0,0,0,0,0,0,0,128,116,0,0,0,0,0,0,0,0,0,0,0,0,0,0,0,0,0,0,0,0,0,0,0,0,0,0,0,0,0,0
00303 features=701 size=12 p=1 tap=38 reset=true scheme=3 ops=2,3,3,3,2,3,2,2,1,3,3,1,3,3,3,2,3,3,3,3,2,2,2,3,2,2,2,1,2,1,3,2,3,3,1,1,3,3,1,3,3,1,3,2,3,2,2,2,3,2,3,3,2,2,2,2,3,2,3,3,2,2,3,2 ks=0,0,0,0,0,0,127,0,0,0,0,0,0,105,0,0,0,0,0,167,0,0,0,0,0,0,1,0,255,0,0,64,128,116,0,0,0,0,0,0,0,64,0,0,0,0,0,32,0,0,0,0,0,2,0,0,0,0,0,0,0,2,0,0
00304 features=795 size=12 p=5 tap=41 reset=true scheme=3 ops=2,3,0,3,3,3,3,3,3,3,3,3,3,3,3,2,3,3,3,3,2,2,2,3,2,2,2,2,2,3,3,2,3,3,2,2,2,2,2,3,3,2,3,3,3,2,2,2,3,2,3,3,2,2,2,2,3,2,3,3,2,2,3,2 ks=0,0,2,0,117,0,0,0,0,175,126,0,0,0,0,0,0,88,0,171,0,0,0,0,0,0,0,0,0,0,0,0,53,116,0,0,0,0,0,0,0,0,0,0,255,0,0,0,0,0,253,0,0,0,0,0,0,0,191,12,0,0,0,0
00305 features=873 size=4 p=10 tap=41 reset=true scheme=2 ops=2,3,3,3,2,3,1,1,1,3,1,1,3,3,3,2,3,3,3,3,2,2,2,3,3,3,3,0,3,3,3,0,0,3,1,0,0,2,2,2,3,2,3,3,3,2,2,2,3,2,3,3,2,2,2,0,3,2,3,3,2,2,3,2 ks=0,0,0,0,0,0,0,0,0,0,0,0,0,0,0,0,0,0,0,152,0,0,0,0,0,0,0,0,0,0,128,0,128,116,0,0,0,0,0,0,0,0,0,0,0,0,0,0,0,0,0,0,0,0,0,0,0,0,0,0,0,0,0,0
00306 features=483 size=8 p=10 tap=41 reset=false scheme=2 ops=2,3,3,3,3,3,3,1,3,3,3,3,3,3,3,1,3,3,3,3,2,2,2,3,3,3,2,2,2,3,3,3,1,3,2,2,2,2,2,2,3,2,3,3,3,2,2,2,3,2,3,3,1,2,2,2,3,2,3,3,2,2,2,1 ks=0,0,0,0,89,0,0,220,0,0,0,0,0,0,0,0,0,0,0,167,0,0,0,0,0,0,118,0,0,0,2,0,128,116,0,0,0,32,0,0,0,0,0,0,0,0,0,0,0,0,0,0,0,0,0,0,0,0,0,0,0,0,0,0
00307 features=1000 size=7 p=10 tap=41 reset=true scheme=1 ops=2,2,3,3,2,3,2,2,3,3,2,3,3,3,3,2,3,3,3,3,2,2,2,3,3,3,2,2,2,3,3,2,3,3,2,2,2,2,2,2,3,1,3,0,3,2,2,2,3,2,3,3,2,2,2,2,3,2,3,3,2,2,3,2 ks=0,0,0,0,0,152,0,0,0,0,0,0,0,0,0,0,0,91,0,171,0,0,0,0,0,0,0,0,0,0,122,0,24,116,0,0,0,0,0,0,255,0,0,0,0,0,0,0,0,0,0,0,0,0,0,0,0,0,0,0,0,0,0,0
00308 features=329 size=12 p=5 tap=41 reset=false scheme=2 ops=2,3,3,3,3,3,2,3,3,3,3,3,3,3,3,3,3,3,3,3,3,2,3,3,3,3,3,2,3,3,3,2,2,3,2,2,2,2,2,3,3,1,3,3,3,2,2,2,3,3,3,3,3,3,3,3,3,3,3,3,3,2,3,3 ks=0,0,0,0,0,152,0,0,0,0,0,0,0,0,154,91,208,91,0,171,0,119,0,64,0,0,0,0,0,0,0,0,128,116,0,0,0,0,0,0,0,4,0,0,0,0,0,0,0,0,0,0,0,0,0,0,0,0,191,0,0,0,0,0
00309 features=823 size=10 p=1 tap=42 reset=true scheme=3 ops=2,3,3,3,3,3,3,3,3,3,3,0,3,3,3,2,3,3,3,3,2,0,2,3,2,2,2,2,2,3,3,2,3,3,2,2,2,2,2,3,3,2,3,3,3,2,2,2,2,2,3,2,2,2,2,2,3,2,3,3,2,2,3,2 ks=0,0,0,0,0,4,0,0,0,175,0,0,0,0,0,91,151,88,0,171,0,0,0,0,0,0,0,0,0,0,0,0,128,116,0,0,0,0,0,0,0,0,0,0,0,0,0,0,0,0,0,0,0,0,0,0,0,0,128,76,0,0,0,0
00310 features=753 size=13 p=10 tap=41 reset=true scheme=2 ops=2,3,3,3,3,3,2,3,3,3,3,3,3,3,3,3,3,3,3,2,2,2,3,3,3,3,3,2,2,3,3,2,2,3,3,3,2,2,3,3,2,3,3,3,3,2,2,2,3,2,3,3,2,2,2,2,3,2,3,3,2,3,3,3 ks=0,0,0,0,0,152,0,0,0,0,0,0,0,0,154,91,208,91,0,171,0,0,0,64,0,0,0,124,0,0,0,0,128,116,0,0,0,0,0,0,127,0,142,0,0,0,0,0,255,0,0,0,0,0,0,0,0,0,0,0,0,0,0,0
00311 features=935 size=7 p=10 tap=41 reset=true scheme=2 ops=2,3,3,3,0,2,2,2,3,2,2,3,3,3,3,2,3,3,3,3,3,2,3,3,3,3,3,2,2,3,3,0,0,3,1,0,0,2,2,2,3,2,3,3,3,2,2,2,3,2,3,3,2,2,2,0,3,2,3,3,2,2,3,2 ks=0,0,0,0,0,0,253,180,0,0,0,0,0,0,0,91,0,91,0,171,0,0,0,0,0,0,0,0,0,0,0,0,128,116,0,0,0,0,0,0,0,0,0,0,0,0,0,0,0,0,0,0,0,0,0,0,0,0,0,0,0,0,0,0
00312 features=799 size=10 p=5 tap=41 reset=true scheme=3 ops=2,3,3,3,3,3,3,3,3,3,3,3,3,3,3,2,3,3,3,3,2,2,2,3,2,2,2,2,2,3,3,2,3,3,2,2,2,2,2,3,3,0,3,3,3,2,2,2,3,2,3,3,2,2,2,2,3,2,3,3,2,2,3,2 ks=0,0,2,0,0,0,0,0,0,36,0,0,0,0,0,0,0,88,0,171,0,0,0,0,0,0,0,0,0,0,0,0,53,116,0,0,0,0,0,0,0,0,0,0,255,0,0,0,0,0,253,0,0,0,0,0,0,0,191,12,0,0,0,0
00313 features=684 size=14 p=10 tap=33 reset=false scheme=2 ops=2,3,3,3,0,3,0,2,3,2,2,3,3,3,3,2,3,3,3,0,2,2,2,3,3,3,2,2,2,3,3,0,0,3,2,3,2,2,2,2,3,2,3,0,2,2,2,0,3,1,3,3,1,3,3,1,3,2,3,3,2,2,3,2 ks=0,0,0,0,0,152,0,113,0,0,59,0,0,0,154,91,2,91,0,171,0,254,0,0,0,0,0,0,0,0,3,0,128,116,0,0,0,0,0,8,0,0,0,0,0,0,0,0,0,0,0,0,0,0,0,0,0,0,0,0,128,0,0,0
00314 features=592 size=7 p=2 tap=41 reset=false scheme=2 ops=2,3,3,2,1,3,2,2,3,2,2,3,3,3,3,2,3,3,3,3,0,2,2,3,3,3,2,1,2,3,3,1,0,3,2,2,2,2,2,2,3,1,3,0,3,2,2,2,3,2,3,3,3,2,2,2,3,2,3,3,2,2,3,2 ks=0,0,0,0,0,0,0,0,0,0,0,0,0,0,154,91,0,91,0,171,0,0,0,0,0,0,0,0,0,0,0,0,128,116,0,0,0,0,0,0,0,0,0,0,0,0,0,0,16,0,0,0,0,0,0,0,0,0,0,0,0,0,0,0
00315 features=551 size=13 p=5 tap=41 reset=true scheme=3 ops=1,3,3,3,3,3,1,3,1,3,3,1,3,3,3,3,3,3,3,1,1,1,3,3,3,3,3,1,0,3,3,1,1,3,0,1,0,1,3,1,1,3,3,3,3,2,2,2,3,2,3,3,2,2,2,0,3,2,3,3,1,1,3,3 ks=0,0,0,0,0,152,0,0,0,0,0,0,0,0,154,91,208,91,0,169,0,0,0,64,0,0,0,124,0,0,0,0,128,116,0,0,0,0,0,0,128,0,142,0,0,0,0,0,255,0,0,0,0,0,0,0,0,0,0,0,0,0,0,0
00316 features=469 size=19 p=10 tap=33 reset=false scheme=2 ops=1,3,3,3,3,3,1,3,1,1,3,1,3,3,3,3,0,3,3,1,3,1,3,3,3,3,0,1,3,3,3,1,1,3,3,1,1,1,3,0,1,3,1,0,3,2,2,2,3,3,3,3,3,3,3,1,3,3,3,1,1,1,1,2 ks=0,0,0,0,0,152,0,0,0,0,0,0,0,0,154,91,208,91,0,171,0,0,0,64,0,0,0,124,0,0,0,8,179,116,0,0,0,0,128,0,128,0,142,255,0,0,0,0,0,253,0,0,0,0,0,0,0,0,0,12,0,0,200,28
00317 features=743 size=11 p=5 tap=10 reset=false scheme=2 ops=2,3,3,3,2,3,2,2,3,3,2,3,3,3,3,2,3,1,3,3,2,2,2,3,1,3,2,2,2,3,3,2,3,3,2,2,2,2,2,2,3,1,3,0,3,2,2,2,3,2,3,3,2,2,2,2,3,2,3,3,2,2,3,2 ks=0,0,0,252,0,0,0,0,0,57,0,0,0,86,154,91,12,0,0,171,0,0,0,0,0,0,0,0,0,0,32,0,128,116,0,0,0,0,0,0,0,0,0,0,0,0,0,0,0,0,0,0,0,0,0,0,0,0,0,0,0,0,0,254
00318 features=730 size=13 p=1 tap=41 reset=true scheme=0 ops=1,3,3,3,3,3,1,3,1,3,3,1,3,3,3,3,3,3,3,1,1,1,3,3,3,3,3,1,2,3,3,0,0,3,3,1,0,1,3,1,1,3,3,3,3,2,2,2,3,2,3,3,2,2,2,0,3,2,3,3,0,0,3,1 ks=0,0,0,0,0,0,0,0,0,0,0,0,0,0,154,91,212,0,0,171,0,0,0,64,0,0,0,0,0,0,0,254,128,116,0,254,0,0,0,0,128,0,142,0,0,0,0,0,0,0,0,0,0,0,0,0,0,0,1,0,0,107,0,0
00319 features=580 size=4 p=5 tap=41 reset=true scheme=2 ops=3,3,3,3,3,3,3,3,3,3,3,3,3,3,3,3,3,3,3,3,3,3,3,3,3,3,3,3,3,3,3,3,3,3,3,3,3,3,3,3,3,3,3,3,3,3,3,3,3,3,3,3,3,3,3,3,3,3,3,3,3,3,3,3 ks=0,0,0,0,0,0,0,0,0,0,0,0,0,0,154,0,0,0,0,0,0,0,0,0,0,0,0,0,0,0,0,0,128,60,0,0,0,0,0,0,32,0,0,0,0,0,0,0,0,0,0,0,0,0,0,0,0,0,0,0,0,0,0,0
00320 features=682 size=6 p=5 tap=41 reset=false scheme=4 ops=2,3,3,3,0,3,2,2,3,3,0,3,3,3,3,2,3,3,3,3,2,2,2,3,0,3,2,1,2,3,3,0,0,3,2,3,2,2,2,2,3,2,3,0,2,2,2,2,3,2,3,3,2,2,2,2,3,2,3,3,2,2,3,2 ks=0,0,0,0,0,0,0,0,0,0,0,0,0,0,0,0,0,0,0,152,0,0,0,0,0,0,0,0,0,0,0,156,128,116,0,0,0,0,0,0,0,253,0,0,0,0,0,0,0,0,0,1,0,0,0,0,0,0,0,0,0,0,0,0
00321 features=536 size=4 p=10 tap=41 reset=false scheme=4 ops=2,3,3,3,1,3,1,1,1,3,1,1,3,3,3,2,3,3,3,3,2,2,2,3,3,3,2,1,2,3,3,0,0,3,1,0,0,2,2,2,3,2,3,3,3,2,2,2,3,2,3,3,2,2,2,0,3,2,3,3,2,2,3,2 ks=0,0,0,0,0,0,0,0,0,0,0,0,0,0,0,0,0,0,0,171,0,0,0,0,0,0,0,0,0,0,16,0,128,116,0,0,0,0,0,0,0,0,0,0,0,0,0,0,0,0,0,0,0,0,0,0,0,0,0,0,0,0,0,0
00322 features=818 size=9 p=10 tap=18 reset=true scheme=2 ops=2,3,3,3,0,3,2,2,3,2,2,0,3,3,3,2,3,3,3,1,1,1,3,3,3,3,3,1,3,3,3,0,0,3,2,2,2,2,2,0,3,2,3,0,3,2,2,0,3,2,3,2,3,2,2,2,3,2,3,3,2,2,3,2 ks=0,0,0,0,89,152,0,113,0,255,0,0,0,0,0,0,208,91,2,0,0,0,8,0,0,0,0,0,0,0,0,0,0,0,0,0,0,0,0,0,253,0,0,0,0,0,0,0,0,0,0,0,0,0,0,0,0,0,0,0,0,0,0,0
00323 features=828 size=10 p=1 tap=31 reset=true scheme=3 ops=2,3,3,3,3,3,3,3,3,3,3,0,3,3,3,2,3,3,3,3,2,0,2,3,2,2,2,2,2,3,3,2,3,3,2,2,2,2,2,3,3,2,3,3,3,2,2,2,2,2,3,2,2,2,2,2,3,2,3,3,2,2,3,2 ks=0,0,0,0,0,4,0,0,0,175,0,0,0,0,0,91,151,88,0,171,0,0,0,0,0,0,0,0,0,0,0,0,128,116,0,0,0,0,0,0,0,0,0,0,0,0,0,0,0,0,0,0,0,0,0,0,0,0,128,76,0,0,0,0
00324 features=474 size=14 p=5 tap=10 reset=false scheme=1 ops=2,3,3,3,2,3,2,2,3,3,2,3,3,3,3,2,3,3,3,0,2,2,2,3,2,3,1,2,2,3,3,2,3,3,2,2,2,2,2,2,3,3,3,2,3,2,2,2,3,2,3,3,3,3,3,3,3,2,3,3,2,2,3,2 ks=0,0,0,252,0,0,0,0,0,57,0,0,0,86,154,91,12,0,0,0,0,0,50,0,0,0,0,0,0,0,0,0,128,116,0,0,0,0,0,0,0,0,0,0,0,172,0,0,0,0,0,0,0,0,127,0,0,0,191,12,0,71,0,0
00325 features=799 size=3 p=10 tap=41 reset=true scheme=2 ops=2,3,3,3,1,3,1,1,1,3,1,1,3,3,3,2,3,3,3,3,2,2,2,3,2,2,2,1,3,3,3,0,0,3,1,0,0,2,2,2,3,2,3,3,3,2,2,2,3,2,3,3,2,2,2,0,3,2,3,3,2,2,3,2 ks=0,0,0,0,0,0,0,0,0,0,0,0,0,0,0,0,0,0,0,171,0,0,0,0,0,0,0,0,0,0,0,0,128,127,0,0,0,0,0,0,0,0,0,0,0,0,0,0,0,0,0,0,0,0,0,0,0,0,0,0,0,0,0,0
00326 features=790 size=4 p=10 tap=41 reset=true scheme=2 ops=3,3,3,3,0,3,3,0,3,3,0,3,3,3,3,0,3,3,3,3,0,0,3,3,3,3,0,1,1,3,3,3,3,3,0,1,3,0,3,1,3,1,3,0,3,3,1,0,3,1,0,3,1,0,3,1,3,1,3,3,1,1,3,3 ks=0,0,0,0,0,0,0,0,0,0,0,0,0,0,0,0,0,0,0,171,0,0,0,0,0,0,0,0,0,0,121,0,24,116,0,0,0,0,0,0,0,0,0,0,0,0,0,0,0,0,0,0,0,0,0,0,0,0,0,0,0,0,0,0
00327 features=901 size=12 p=5 tap=41 reset=true scheme=2 ops=2,3,3,2,1,3,2,2,3,2,2,3,3,3,3,2,3,3,3,3,2,2,2,3,3,3,2,1,2,3,3,0,0,3,2,2,2,2,2,2,3,1,3,0,3,2,2,2,3,1,3,3,3,2,2,2,3,2,3,3,2,2,3,2 ks=0,0,0,0,0,253,0,0,0,3,0,0,0,0,154,91,0,91,0,0,0,36,0,0,0,0,0,0,0,254,0,0,0,116,0,0,0,0,0,0,0,0,0,0,0,0,0,146,0,0,0,254,0,0,4,0,0,186,0,0,0,0,0,0
00328 features=377 size=14 p=5 tap=41 reset=false scheme=1 ops=1,3,3,3,3,3,1,3,1,1,3,1,3,3,3,3,3,3,3,1,1,1,3,3,3,3,3,1,3,3,3,1,1,3,2,2,2,2,2,3,3,2,3,3,3,2,2,2,2,1,1,3,3,3,3,1,3,3,3,3,1,1,3,3 ks=0,0,0,0,0,128,0,0,0,0,0,0,0,0,154,0,208,91,0,171,0,0,0,64,0,0,0,0,0,0,0,0,128,116,0,0,0,0,0,0,0,4,0,0,0,0,0,0,0,0,0,0,175,0,0,0,0,0,191,12,0,0,200,28
00329 features=680 size=10 p=1 tap=54 reset=true scheme=3 ops=2,3,3,3,2,3,2,2,3,3,2,3,3,3,3,2,3,3,3,3,2,2,2,3,2,2,3,1,2,3,3,0,0,3,2,2,2,2,2,3,3,2,3,2,3,2,1,1,3,1,3,3,2,2,2,2,3,2,3,3,2,2,3,2 ks=252,0,0,0,0,0,0,0,0,1,0,0,0,0,0,0,0,0,0,167,0,0,0,0,0,0,1,0,0,0,252,0,127,116,254,0,0,0,0,0,0,4,0,0,0,0,0,0,0,0,0,0,0,0,0,0,0,0,0,0,0,2,0,0
00330 features=809 size=11 p=5 tap=18 reset=true scheme=3 ops=2,3,3,3,3,3,3,3,3,3,3,3,3,3,3,2,3,3,3,3,2,2,2,3,3,2,2,2,2,3,3,2,3,3,2,2,2,2,2,3,3,2,3,3,3,2,2,2,2,2,3,2,2,2,2,2,0,2,3,3,2,2,3,2 ks=0,0,0,3,0,4,0,0,0,175,0,0,0,252,0,91,0,88,0,171,0,0,0,0,0,0,0,0,0,0,0,0,128,116,0,0,0,0,253,0,0,128,0,0,0,0,0,0,0,0,0,0,0,0,0,0,0,0,0,0,0,0,0,0
00331 features=741 size=18 p=5 tap=41 reset=true scheme=1 ops=1,3,3,3,3,3,1,3,1,1,3,1,3,3,3,3,3,3,3,1,1,1,3,3,3,3,3,1,3,3,3,1,1,3,2,2,2,2,2,3,3,2,3,2,3,2,2,1,2,1,1,3,3,3,3,1,3,3,3,3,1,1,2,3 ks=0,73,0,0,0,128,0,0,0,0,0,0,0,0,154,0,208,91,0,171,0,0,0,64,0,0,0,0,0,0,0,1,128,116,0,0,0,0,0,2,0,4,0,225,0,0,0,0,0,0,0,0,175,0,0,0,0,0,191,12,0,0,200,28
00332 features=886 size=5 p=10 tap=41 reset=true scheme=2 ops=2,3,3,3,1,3,1,1,1,3,1,1,3,3,3,2,3,3,3,3,2,2,2,3,3,3,2,1,2,3,3,0,0,3,1,0,0,2,2,2,3,2,3,3,3,2,2,2,3,2,3,3,2,2,2,0,3,2,3,3,2,2,3,2 ks=0,0,0,0,0,0,0,0,0,0,0,0,0,0,0,0,0,0,0,152,0,0,0,0,0,0,0,32,0,0,0,0,128,116,0,0,0,0,0,0,0,0,0,0,0,0,0,0,0,0,0,0,0,0,0,0,0,0,0,127,0,0,0,0
00333 features=780 size=9 p=5 tap=16 reset=true scheme=3 ops=2,3,3,3,3,1,3,3,3,3,3,3,3,3,3,1,3,3,3,3,2,2,2,3,2,3,2,2,2,3,3,2,3,3,2,2,2,2,2,3,3,2,3,3,3,2,2,2,3,2,3,3,2,2,2,2,3,2,3,0,2,2,3,2 ks=0,0,0,0,0,0,0,0,128,175,0,0,0,0,0,91,0,88,0,171,0,254,0,0,0,0,0,0,0,0,0,0,53,116,0,0,0,0,0,0,0,0,0,0,0,0,0,0,0,0,0,0,0,0,0,0,0,0,0,0,0,0,2,0
00334 features=469 size=14 p=5 tap=10 reset=false scheme=1 ops=2,3,3,3,2,3,2,2,3,3,2,3,3,3,3,2,3,3,3,1,2,2,2,3,2,3,1,2,2,3,3,2,3,3,2,2,2,2,2,2,3,3,3,2,3,2,2,2,3,2,3,3,3,3,3,3,3,1,3,3,2,2,3,2 ks=0,0,0,252,0,0,0,0,0,57,0,0,0,86,154,91,12,0,0,0,0,0,50,0,0,0,0,0,0,0,0,0,128,116,0,0,0,0,0,0,0,0,0,0,0,172,0,0,0,0,0,0,0,0,127,0,0,0,191,12,0,71,0,0
00335 features=610 size=15 p=5 tap=10 reset=false scheme=1 ops=2,3,3,3,2,3,2,2,3,3,2,3,3,3,3,1,3,3,3,1,1,1,2,3,1,3,2,2,2,3,3,0,3,3,2,2,2,2,2,2,3,1,3,0,3,2,2,2,3,1,1,3,3,3,3,1,3,3,3,3,1,1,3,2 ks=0,0,0,252,0,0,0,0,0,57,0,0,0,86,154,91,212,0,0,171,0,0,0,0,0,0,0,0,0,0,0,0,128,116,0,0,0,0,0,0,0,0,0,0,0,0,0,0,0,128,0,0,175,0,0,0,0,0,191,12,0,0,200,254
00336 features=541 size=6 p=10 tap=41 reset=false scheme=2 ops=2,3,3,2,1,3,1,2,3,2,2,3,3,3,3,2,3,3,3,3,0,2,2,3,3,3,2,1,2,3,3,1,0,3,2,2,2,2,2,2,3,1,3,0,3,2,2,2,3,2,3,3,3,2,2,2,3,2,3,1,2,2,3,2 ks=0,0,0,0,0,0,0,0,0,0,0,0,0,0,154,91,0,0,204,171,0,0,0,0,0,0,0,0,0,0,0,0,128,116,0,0,0,0,0,0,0,0,0,0,0,0,0,0,0,0,0,0,0,0,0,0,0,0,0,0,0,0,0,0
00337 features=955 size=1 p=10 tap=4 reset=true scheme=2 ops=2,3,3,3,0,2,2,2,3,2,2,2,3,3,3,2,3,3,3,3,3,2,3,3,3,3,3,2,2,3,3,0,0,3,1,0,0,2,2,2,3,2,3,3,3,2,2,2,3,2,3,3,2,2,2,0,3,2,3,3,2,2,3,2 ks=0,0,0,0,106,0,0,0,0,0,0,0,0,0,0,0,0,0,0,0,0,0,0,0,0,0,0,0,0,0,0,0,0,0,0,0,0,0,0,0,0,0,0,0,0,0,0,0,0,0,0,0,0,0,0,0,0,0,0,0,0,0,0,0
00338 features=782 size=8 p=10 tap=41 reset=true scheme=2 ops=3,3,3,3,0,3,3,0,0,0,0,0,3,3,3,0,3,3,3,3,0,0,3,3,3,3,0,1,1,3,3,0,3,3,0,1,3,0,3,1,3,1,3,0,3,3,1,0,3,1,0,3,1,0,3,1,3,1,3,3,1,1,1,3 ks=0,0,0,0,0,0,0,0,0,0,0,0,0,0,0,0,0,0,0,171,0,0,0,0,0,0,120,0,0,0,121,0,24,116,0,0,0,16,0,1,0,0,0,127,0,0,0,0,0,0,0,0,0,0,0,0,0,0,0,0,0,0,0,0
00339 features=721 size=8 p=2 tap=41 reset=false scheme=3 ops=2,3,0,2,0,3,2,2,3,2,2,3,3,3,3,2,3,3,3,3,2,2,2,3,3,3,2,1,2,3,3,0,0,3,2,2,2,2,2,2,3,1,3,0,3,2,2,2,3,2,3,3,3,0,2,2,3,2,3,3,2,2,3,2 ks=0,0,0,0,0,0,252,180,0,0,0,0,0,0,0,0,0,0,0,164,0,0,0,67,0,2,0,0,0,0,0,0,0,116,0,0,0,0,0,0,0,0,0,0,0,0,0,0,0,0,0,8,127,0,0,0,0,0,0,0,0,0,0,0
00340 features=721 size=14 p=10 tap=41 reset=true scheme=2 ops=2,3,3,3,3,3,2,3,3,3,3,3,3,3,3,3,3,3,3,2,2,2,3,3,3,3,3,2,2,3,3,2,1,3,3,3,2,2,3,3,2,3,3,3,3,2,2,2,3,2,3,3,2,2,2,2,3,2,3,3,2,3,1,3 ks=0,0,0,0,0,152,0,0,0,0,0,0,0,0,154,91,208,91,0,171,0,0,0,64,0,0,0,124,0,0,0,0,128,116,0,194,0,0,0,0,127,0,142,0,0,0,0,0,255,0,0,0,0,0,0,0,0,0,0,0,0,0,0,0
00341 features=448 size=6 p=2 tap=54 reset=true scheme=3 ops=1,3,3,3,3,3,3,1,3,3,3,3,3,3,3,1,3,3,3,3,3,3,3,3,3,3,3,1,1,3,3,1,1,3,3,1,1,3,3,3,3,3,3,1,3,3,3,1,3,1,3,3,1,3,1,1,3,1,3,3,3,3,3,1 ks=0,0,0,0,0,0,0,0,0,0,0,0,0,0,0,0,0,0,0,167,0,0,0,0,0,0,0,0,0,0,0,0,128,116,0,0,0,0,0,0,0,4,0,0,0,0,0,0,0,0,0,0,0,0,2,0,0,0,0,0,0,2,0,0
00342 features=848 size=17 p=2 tap=41 reset=true scheme=1 ops=0,3,1,3,0,3,0,1,1,3,1,3,3,3,3,2,3,3,3,3,2,2,0,3,0,1,3,1,0,3,3,1,0,3,0,0,0,0,0,0,3,0,3,3,3,3,1,0,3,1,3,3,1,2,2,2,3,2,3,3,2,2,3,3 ks=0,0,0,0,0,152,255,12,0,0,0,0,0,0,0,91,0,91,0,152,0,0,0,0,0,1,0,0,0,0,1,2,128,116,0,0,0,0,73,0,0,4,0,0,2,0,0,0,0,0,0,0,0,0,1,0,166,0,0,0,0,0,0,28
00343 features=432 size=11 p=5 tap=10 reset=false scheme=1 ops=2,3,3,3,2,2,2,2,3,3,2,3,3,3,3,2,3,3,3,3,2,2,2,3,2,3,2,2,2,3,3,2,3,3,2,2,2,2,2,2,3,3,3,0,3,2,2,2,3,2,3,3,3,3,3,3,3,2,3,3,2,2,3,2 ks=0,8,0,252,0,0,0,0,0,57,0,0,0,86,154,91,12,0,0,171,0,0,0,0,0,0,0,0,0,0,0,0,128,0,0,0,0,0,0,0,0,0,0,0,0,0,0,0,0,0,0,0,0,0,0,0,0,0,191,12,0,0,0,0
00344 features=718 size=10 p=5 tap=14 reset=false scheme=2 ops=2,3,1,3,2,3,2,2,1,0,2,3,3,3,3,2,3,3,3,0,2,2,2,3,3,3,2,2,2,3,3,2,3,3,2,2,2,2,2,2,3,2,3,3,3,2,2,1,3,2,3,3,2,2,2,0,3,2,3,3,2,2,3,1 ks=0,0,0,0,0,0,0,0,0,0,0,0,0,86,154,91,12,27,0,171,0,0,0,0,0,0,0,0,0,0,0,0,136,116,0,0,0,0,0,94,0,4,0,0,0,0,0,0,0,0,0,0,0,0,0,0,0,0,0,0,0,0,0,0
00345 features=255 size=14 p=5 tap=41 reset=false scheme=1 ops=1,3,3,3,3,3,1,3,1,1,3,1,1,3,3,3,3,3,3,1,1,1,3,3,3,3,3,1,3,3,3,1,1,3,1,1,0,0,0,3,3,1,3,3,3,3,0,0,1,1,1,3,3,3,3,1,3,3,3,3,1,1,3,3 ks=0,0,0,0,0,128,0,0,0,0,0,0,0,0,154,0,208,91,0,171,0,0,0,64,0,0,0,0,0,0,0,0,128,116,0,0,0,0,0,0,0,4,0,0,0,0,0,0,0,0,0,0,175,0,0,0,0,0,191,12,0,0,200,28
00346 features=385 size=7 p=10 tap=41 reset=true scheme=3 ops=1,2,1,3,1,3,1,3,1,3,3,1,3,3,3,3,3,3,3,1,1,1,2,1,1,3,1,1,1,1,3,3,1,1,1,3,3,3,2,0,1,1,1,3,1,1,1,1,1,1,1,1,1,1,1,1,2,1,1,3,3,3,1,1 ks=0,0,0,0,0,152,0,0,0,0,0,0,0,0,154,91,208,91,0,169,0,0,0,0,0,0,0,0,0,0,0,0,0,0,0,0,0,0,0,0,0,0,0,0,0,0,0,0,0,0,0,2,0,0,0,0,0,0,0,0,0,0,0,0
00347 features=869 size=5 p=5 tap=41 reset=true scheme=2 ops=3,3,0,3,3,3,0,0,3,3,0,3,3,3,3,3,3,3,3,3,3,0,0,3,3,3,0,3,3,3,3,3,0,3,0,3,0,3,0,3,3,0,3,3,3,3,0,0,3,0,3,3,0,0,3,3,3,3,3,3,0,0,3,0 ks=0,0,0,0,0,0,0,0,0,0,0,0,0,0,0,0,0,0,0,0,0,0,8,0,0,0,0,0,0,0,0,2,128,116,0,0,0,0,0,0,4,0,0,0,0,0,0,0,0,0,0,0,0,0,0,0,0,0,0,0,0,0,0,0
00348 features=521 size=3 p=10 tap=41 reset=false scheme=2 ops=2,3,3,3,1,3,1,1,1,3,1,1,3,3,3,2,3,3,3,3,2,2,2,3,3,3,2,1,2,3,3,0,0,3,1,0,0,2,2,2,3,2,3,3,3,2,2,2,3,2,3,3,2,2,2,0,3,2,3,2,2,2,0,2 ks=0,0,0,0,0,0,0,0,0,0,0,0,0,0,0,0,0,0,0,152,0,0,0,0,0,0,0,0,0,0,0,0,128,112,0,0,0,0,0,0,0,0,0,0,0,0,0,0,0,0,0,0,0,0,0,0,0,0,0,0,0,0,0,0
00349 features=922 size=4 p=5 tap=36 reset=true scheme=2 ops=3,3,0,3,3,3,3,3,3,3,0,3,3,3,3,3,3,3,3,3,0,0,3,3,0,0,0,3,0,3,3,0,3,3,3,0,0,0,0,3,3,0,3,3,3,3,0,0,3,3,3,3,3,0,3,0,3,0,3,3,2,2,3,2 ks=0,0,0,0,0,152,0,0,0,0,0,0,0,0,0,91,0,88,0,128,0,0,0,0,0,0,0,0,0,0,0,0,0,0,0,0,0,0,0,0,0,0,0,0,0,0,0,0,0,0,0,0,0,0,0,0,0,0,0,0,0,0,0,0
00350 features=905 size=13 p=5 tap=41 reset=true scheme=1 ops=3,3,0,3,0,3,0,0,3,3,3,3,3,3,3,3,3,3,3,3,0,0,3,3,0,0,3,3,0,3,3,0,0,3,0,0,0,0,0,0,3,0,3,3,3,3,3,0,3,0,3,3,3,3,3,3,0,0,3,0,0,0,3,3 ks=0,0,0,0,0,152,0,0,0,0,0,0,0,0,0,0,254,91,0,171,0,0,0,0,0,0,0,0,0,0,0,2,128,116,0,0,0,0,73,0,0,4,54,0,2,0,0,254,0,0,0,0,0,0,0,0,0,0,0,0,0,0,0,28
00351 features=678 size=11 p=1 tap=54 reset=true scheme=3 ops=2,3,3,3,2,3,2,2,3,3,2,3,3,3,3,2,3,3,3,3,2,2,2,3,2,2,3,1,2,3,3,0,0,3,2,2,2,2,2,3,3,2,3,2,3,2,1,1,3,1,3,3,2,2,2,2,3,2,3,3,2,2,3,2 ks=252,0,0,0,0,0,0,0,0,1,0,0,0,0,0,0,0,0,0,167,0,0,0,0,0,0,1,0,0,0,252,0,127,116,254,0,0,0,0,0,0,4,0,0,0,0,0,0,0,0,0,0,0,0,0,0,0,0,0,170,0,2,0,0
00352 features=583 size=4 p=10 tap=41 reset=true scheme=3 ops=2,3,3,3,1,3,1,1,1,3,1,1,3,3,3,2,3,3,3,3,2,2,2,3,3,3,3,1,2,3,3,0,0,3,1,0,0,2,2,2,3,2,3,3,3,2,2,2,3,2,3,3,2,2,2,0,3,2,3,3,1,1,3,3 ks=0,0,0,0,0,0,0,0,0,0,0,0,0,0,0,0,0,0,0,152,0,0,0,0,0,0,0,0,0,0,0,0,128,127,0,0,0,0,2,0,0,0,0,0,0,0,0,0,0,0,0,0,0,0,0,0,0,0,0,0,0,0,0,0
00353 features=392 size=12 p=5 tap=10 reset=false scheme=3 ops=2,3,3,3,2,3,2,2,3,3,2,3,3,3,3,2,3,3,3,3,2,2,2,3,2,3,2,2,2,3,3,2,3,3,2,2,2,2,2,2,3,3,0,0,3,2,2,2,3,2,3,3,3,3,3,3,3,2,3,3,2,2,3,2 ks=0,0,0,252,0,0,0,0,0,57,0,0,0,86,154,91,12,0,0,171,0,0,0,0,0,0,0,0,0,0,0,0,128,116,0,0,0,0,0,0,0,0,0,16,0,0,0,0,0,0,0,0,0,0,0,0,0,0,191,12,0,0,0,0
00354 features=486 size=19 p=10 tap=33 reset=false scheme=2 ops=1,3,3,3,3,3,1,3,1,1,3,1,3,3,3,3,3,3,3,1,3,1,3,3,3,3,0,1,3,3,3,2,1,3,3,1,1,1,3,0,1,3,1,0,3,2,2,2,3,3,3,3,3,3,3,1,3,3,3,3,1,1,1,3 ks=0,0,0,0,0,152,0,0,0,0,0,0,0,0,154,91,208,91,0,171,0,0,0,64,0,0,0,124,0,0,0,8,163,116,0,0,0,0,128,0,128,0,142,255,0,0,0,0,0,253,0,0,0,0,0,0,0,0,0,12,0,0,200,28
00355 features=763 size=15 p=10 tap=41 reset=true scheme=2 ops=2,3,3,3,3,3,2,3,3,3,3,3,3,3,3,3,3,3,3,2,2,2,3,3,3,3,3,2,2,3,3,2,1,3,3,3,2,2,3,3,2,3,3,3,3,2,2,2,3,2,3,3,2,2,2,2,3,2,3,3,2,3,1,3 ks=0,0,0,0,0,152,0,0,0,0,0,0,49,0,154,91,208,91,0,171,0,0,0,64,0,0,0,124,0,0,0,0,128,116,0,194,0,0,0,0,127,0,142,0,0,0,0,0,255,0,0,0,0,0,0,0,0,0,0,0,0,0,0,0
00356 features=584 size=16 p=2 tap=41 reset=false scheme=2 ops=2,3,3,3,0,3,2,2,3,2,2,3,3,3,3,2,3,3,3,3,2,2,3,3,3,3,2,2,2,2,3,2,3,3,2,2,0,2,2,2,3,2,3,3,3,2,2,2,3,2,3,3,2,2,2,2,3,2,3,3,2,2,3,2 ks=0,0,0,254,0,0,255,113,0,0,15,0,128,86,154,91,0,91,66,171,2,0,0,0,0,1,0,0,0,0,0,0,129,198,0,0,0,0,0,0,0,0,0,0,0,0,0,0,0,0,0,0,0,0,0,0,0,0,0,0,0,127,0,0
00357 features=834 size=11 p=2 tap=42 reset=true scheme=3 ops=2,3,3,3,3,3,3,3,3,3,3,0,3,3,3,2,3,3,3,3,2,0,2,3,2,2,2,2,2,3,3,2,3,3,2,2,2,2,2,3,3,2,3,3,3,2,2,2,2,2,3,2,2,2,2,2,3,2,3,3,2,2,3,2 ks=0,0,0,0,0,4,0,0,0,175,0,0,0,0,0,91,151,88,0,171,0,0,0,0,0,0,0,0,0,0,0,0,128,116,0,0,0,0,0,0,0,0,0,0,0,0,0,0,0,0,1,0,0,0,0,0,0,0,128,76,0,0,0,0
00358 features=535 size=5 p=10 tap=41 reset=false scheme=4 ops=2,3,3,3,1,3,1,1,1,3,1,1,3,3,3,2,3,3,3,3,2,2,2,3,3,3,2,1,2,3,3,0,0,3,1,0,0,2,2,2,3,2,3,3,3,2,2,2,3,2,3,3,2,2,2,0,3,2,3,3,2,2,3,2 ks=0,0,0,0,0,0,0,0,0,0,0,0,0,0,0,0,0,0,0,171,0,0,0,0,0,0,0,0,0,0,16,8,128,116,0,0,0,0,0,0,0,0,0,0,0,0,0,0,0,0,0,0,0,0,0,0,0,0,0,0,0,0,0,0
00359 features=969 size=12 p=10 tap=33 reset=true scheme=2 ops=2,3,3,3,0,3,0,2,3,2,2,3,3,3,3,2,3,3,3,0,2,2,2,3,3,3,2,2,2,3,3,0,0,3,2,3,2,2,2,2,3,2,3,0,2,2,2,2,3,2,3,1,3,2,2,2,3,2,3,3,2,2,3,2 ks=0,0,0,128,4,152,0,113,0,0,0,0,0,0,154,91,0,91,0,171,0,0,0,0,0,0,0,0,0,0,3,0,128,116,0,0,0,0,0,0,0,0,0,0,0,0,0,0,0,0,0,0,0,3,0,0,0,0,0,0,0,0,0,0
00360 features=927 size=3 p=5 tap=41 reset=true scheme=2 ops=2,3,1,3,2,3,2,2,1,3,2,2,3,3,3,2,3,3,3,3,2,2,0,3,2,2,2,2,2,2,3,2,3,3,1,0,0,2,2,2,3,2,3,3,3,2,2,2,3,2,3,3,2,3,2,3,3,2,3,3,2,2,3,2 ks=0,0,0,0,0,0,0,0,0,0,0,0,0,0,0,0,0,0,0,171,0,0,0,0,0,0,0,0,0,0,0,0,129,116,0,0,0,0,0,0,0,0,0,0,0,0,0,0,0,0,0,0,0,0,0,0,0,0,0,0,0,0,0,0
00361 features=566 size=11 p=10 tap=18 reset=false scheme=2 ops=2,3,3,3,0,3,2,2,3,2,2,3,2,3,3,2,3,3,3,0,2,2,2,3,3,3,2,2,2,3,3,0,0,3,2,2,2,2,2,2,3,2,3,0,3,2,2,2,3,2,3,2,3,2,2,2,3,2,3,3,2,2,3,3 ks=0,2,0,0,89,152,0,45,0,255,0,0,0,0,154,91,0,91,0,32,0,0,0,0,0,0,0,0,0,0,0,0,0,0,0,0,0,0,0,0,0,0,0,0,0,0,0,0,0,0,0,0,0,0,0,0,0,0,191,0,0,0,0,28
00362 features=510 size=13 p=10 tap=41 reset=false scheme=3 ops=2,3,0,2,0,3,2,2,3,2,2,3,3,3,3,2,3,3,3,3,2,2,2,3,3,3,2,1,2,3,3,0,0,3,2,2,2,2,2,2,3,1,3,0,3,3,0,0,3,3,3,3,3,0,3,0,3,0,3,3,2,2,3,2 ks=16,0,0,0,0,0,252,180,0,0,0,0,0,0,1,0,0,0,0,164,0,0,0,67,0,2,0,0,0,0,0,0,0,116,0,0,0,0,0,0,0,0,0,0,0,0,0,0,0,0,0,0,0,0,0,106,0,2,191,12,4,0,0,0
00363 features=670 size=31 p=10 tap=27 reset=true scheme=0 ops=1,3,3,3,3,1,3,3,3,3,1,3,3,3,3,1,3,3,3,3,3,1,1,3,3,3,3,1,1,3,3,3,1,3,1,3,1,3,1,1,3,1,3,3,3,1,3,3,3,1,1,3,3,3,3,1,3,1,3,3,1,1,3,1 ks=0,0,0,0,89,152,0,1,0,0,77,0,0,86,154,91,0,91,0,171,0,0,0,3,76,0,161,124,82,0,0,0,128,116,204,0,158,87,0,0,0,4,142,0,0,110,0,112,171,0,0,0,175,0,172,198,0,0,191,12,0,0,200,28
00364 features=650 size=12 p=10 tap=41 reset=false scheme=3 ops=2,3,3,3,2,3,2,2,3,2,2,3,3,3,3,2,3,3,3,1,1,1,3,3,3,3,2,2,2,3,3,3,2,3,2,2,2,2,2,2,3,2,3,2,3,2,2,2,3,2,3,3,2,2,2,1,3,2,3,3,2,2,3,2 ks=0,0,0,0,89,152,0,0,0,0,0,0,0,0,154,91,255,91,0,171,0,0,0,64,0,0,0,0,0,0,2,0,128,116,0,0,0,0,0,0,0,0,0,0,2,0,0,0,0,0,0,0,0,0,0,0,0,0,0,0,0,0,0,0
00365 features=798 size=7 p=5 tap=41 reset=true scheme=0 ops=1,3,3,3,3,3,1,3,1,3,3,1,3,3,3,3,3,3,3,1,1,1,3,3,3,3,3,1,2,3,3,0,3,3,2,2,2,2,2,2,3,1,3,0,3,2,2,2,3,2,3,3,2,2,2,0,3,2,3,3,1,1,3,3 ks=0,0,0,0,0,0,0,0,0,0,0,0,0,0,154,91,208,0,0,171,0,0,0,64,0,0,0,0,0,0,0,0,53,116,0,0,0,0,0,0,0,0,0,0,0,0,0,0,0,0,0,0,0,0,0,0,0,0,0,0,0,0,0,0
00366 features=427 size=12 p=5 tap=10 reset=false scheme=3 ops=2,3,3,3,2,3,2,2,3,3,2,3,3,3,3,2,3,3,3,3,2,2,2,3,2,3,2,2,2,3,3,2,3,3,2,2,2,2,2,2,3,3,0,0,3,2,2,2,3,2,3,3,3,3,3,3,3,2,3,3,2,2,3,2 ks=0,0,0,128,0,0,0,0,0,57,0,0,0,86,154,91,12,0,0,171,0,0,0,0,0,0,0,0,0,0,0,0,128,116,0,0,0,0,0,0,0,0,0,16,0,0,0,0,0,0,0,0,0,0,0,0,0,0,191,12,0,0,0,0
00367 features=669 size=9 p=10 tap=41 reset=false scheme=2 ops=2,3,3,3,2,3,2,2,3,2,2,3,3,3,3,2,3,3,3,1,3,1,3,3,3,2,2,2,2,3,3,3,2,3,2,2,2,2,2,2,3,2,3,2,3,2,2,2,3,2,3,3,2,2,2,2,3,2,3,3,2,2,3,2 ks=0,0,0,0,89,152,0,0,0,0,0,0,0,0,154,91,0,0,0,171,0,0,0,64,0,0,0,0,0,0,2,0,128,116,0,0,0,0,0,0,0,0,0,0,0,0,0,0,0,0,0,0,0,0,0,0,0,0,0,0,0,0,0,0
00368 features=690 size=18 p=5 tap=41 reset=true scheme=2 ops=1,3,3,3,3,3,1,3,1,1,3,1,3,3,3,2,3,3,3,3,2,2,2,3,3,3,2,1,3,3,3,1,1,3,3,1,1,1,3,1,1,3,3,3,3,3,1,3,3,1,1,3,3,3,3,1,3,3,3,3,1,1,3,3 ks=0,0,0,0,0,152,0,0,0,0,0,0,0,0,154,91,13,91,0,0,0,0,0,0,0,0,0,124,0,0,0,0,128,116,0,240,0,0,0,0,128,0,142,0,0,229,0,112,0,0,0,0,0,0,0,0,0,0,191,12,4,0,200,127
00369 features=624 size=10 p=5 tap=41 reset=true scheme=0 ops=1,3,3,3,3,3,1,3,1,3,3,1,3,3,3,3,3,3,3,1,1,1,3,3,3,3,3,1,2,3,3,0,0,1,3,0,0,1,3,1,1,3,3,3,3,2,2,2,3,2,3,3,2,2,2,0,3,2,3,3,1,1,3,3 ks=0,0,0,0,0,0,0,0,0,0,0,0,0,0,154,91,208,0,0,171,0,0,0,64,0,0,0,0,0,0,0,0,128,116,0,0,0,0,0,0,128,0,142,0,0,0,0,0,255,0,0,0,0,0,0,0,0,0,0,0,0,0,0,0
00370 features=760 size=12 p=5 tap=41 reset=true scheme=3 ops=2,3,0,3,3,3,3,3,3,3,3,3,3,3,3,2,3,3,3,3,2,2,2,3,2,2,2,2,2,3,3,2,3,3,3,2,2,2,2,3,3,2,3,3,3,2,2,2,3,2,3,0,2,2,2,2,3,2,3,3,2,2,3,2 ks=0,0,2,0,117,0,0,0,0,175,126,0,0,0,0,0,0,88,0,171,0,0,0,0,0,0,0,0,0,0,0,0,53,116,0,0,0,0,0,0,0,0,0,0,255,0,0,0,0,0,253,0,0,0,0,0,0,0,191,12,0,0,0,0
00371 features=951 size=3 p=10 tap=41 reset=true scheme=2 ops=2,3,3,3,0,3,2,2,1,3,2,3,3,3,3,2,3,3,3,3,2,2,3,3,3,3,3,2,2,3,3,0,0,3,1,0,0,2,2,2,3,2,3,3,3,2,2,2,3,2,3,3,2,2,2,0,3,2,3,3,2,2,3,2 ks=0,0,0,0,0,0,0,0,0,0,0,0,0,0,0,0,0,0,0,171,0,0,0,0,0,0,0,0,0,0,0,16,0,116,0,0,0,0,0,0,0,0,0,0,0,0,0,0,0,0,0,0,0,0,0,0,0,0,0,0,0,0,0,0
00372 features=229 size=7 p=1 tap=54 reset=false scheme=3 ops=1,3,3,2,3,3,3,1,3,3,3,3,3,3,3,1,3,3,3,3,3,3,3,3,3,3,3,1,1,3,3,1,1,3,3,1,1,3,3,3,3,3,3,1,3,3,3,1,3,1,3,3,1,3,1,1,3,1,3,3,3,3,3,1 ks=0,0,0,0,0,0,0,0,0,0,0,0,0,0,0,0,0,0,0,167,0,0,0,0,0,0,0,0,0,0,0,0,128,116,0,0,0,0,0,0,0,4,0,0,0,0,0,0,0,0,0,0,0,252,0,0,0,0,0,0,30,2,0,0
00373 features=818 size=13 p=10 tap=41 reset=true scheme=2 ops=2,3,3,3,3,3,2,3,3,3,3,3,3,3,3,3,3,3,3,2,2,2,3,3,3,3,3,2,2,3,3,2,1,3,3,3,2,2,3,3,2,3,3,3,3,2,3,3,3,3,3,3,2,2,2,2,3,2,3,3,2,3,1,3 ks=0,0,0,0,0,152,0,0,0,0,0,0,0,0,154,91,208,91,0,171,0,0,0,64,0,0,0,124,0,0,0,0,128,116,0,2,0,0,0,0,127,0,142,0,0,0,0,0,0,0,0,0,0,0,0,0,0,0,0,0,0,0,0,0
00374 features=582 size=8 p=10 tap=41 reset=false scheme=2 ops=2,3,3,3,0,3,2,2,3,2,2,3,3,3,3,2,3,3,3,3,3,1,3,3,3,3,2,1,2,3,3,0,0,3,1,0,0,2,2,2,3,2,3,3,3,2,2,2,3,2,3,3,2,2,2,0,3,2,3,3,2,2,3,2 ks=128,0,0,0,0,0,253,180,0,0,0,0,0,0,0,0,0,91,0,152,0,0,0,0,0,0,0,0,0,0,0,0,128,120,0,0,0,0,0,0,0,0,0,0,0,0,0,0,0,0,0,0,0,0,184,0,0,0,0,0,0,0,0,0
00375 features=701 size=6 p=1 tap=38 reset=true scheme=3 ops=2,3,3,2,1,3,1,2,3,2,2,3,3,3,3,2,3,3,3,3,2,2,2,3,2,2,2,1,2,1,3,2,3,3,1,1,3,3,1,3,3,1,3,2,3,2,2,2,1,2,3,3,2,2,2,2,3,2,3,1,2,2,3,2 ks=0,0,0,0,0,0,0,0,0,0,0,0,0,0,154,0,0,0,0,167,0,0,0,0,0,0,0,0,0,0,0,64,128,116,0,0,0,0,0,0,0,64,0,0,0,0,0,0,0,0,0,0,0,0,0,0,0,0,0,0,0,0,0,0
00376 features=685 size=12 p=5 tap=41 reset=false scheme=2 ops=2,3,1,3,2,3,2,2,1,3,2,3,3,3,3,2,3,3,3,3,2,2,2,3,2,2,2,2,2,3,3,2,0,3,2,2,2,2,2,3,3,2,3,3,3,2,2,2,3,2,3,3,2,2,2,2,3,2,3,3,2,2,3,2 ks=0,0,0,0,0,152,0,0,0,0,0,0,0,0,0,254,254,91,0,171,0,0,0,0,0,0,210,0,0,0,0,2,128,116,0,0,0,0,0,0,0,127,253,0,0,0,0,0,0,0,0,0,0,0,0,0,0,0,0,0,0,0,64,0
00377 features=263 size=12 p=5 tap=41 reset=false scheme=2 ops=3,3,3,1,1,3,1,3,3,3,1,3,3,3,3,1,3,3,3,2,1,3,3,3,3,3,1,1,3,3,3,1,1,3,1,3,3,1,0,1,3,1,3,3,3,3,1,3,3,1,3,3,1,1,1,3,3,3,3,3,3,1,3,1 ks=0,0,0,0,0,0,0,0,0,0,0,0,0,0,154,91,0,91,0,171,0,0,0,0,0,0,0,0,0,0,4,0,134,116,0,0,0,2,0,0,0,0,0,0,0,0,228,0,0,0,0,0,0,178,0,0,0,0,64,0,0,0,0,156
00378 features=591 size=9 p=5 tap=41 reset=false scheme=2 ops=2,3,3,2,1,3,2,2,3,2,2,3,3,3,3,2,3,3,3,3,2,2,2,3,3,3,2,1,2,3,3,0,0,3,2,2,2,1,2,3,3,2,3,3,3,2,2,2,0,2,3,3,2,2,2,2,3,2,3,3,2,2,3,2 ks=0,0,0,0,0,0,0,0,0,0,0,0,0,0,158,91,0,91,0,171,0,0,0,0,0,0,0,0,0,0,4,29,134,116,0,0,0,0,0,0,0,4,0,0,0,0,0,0,0,0,0,0,0,0,0,0,0,0,0,0,0,0,0,0
00379 features=241 size=13 p=5 tap=40 reset=false scheme=2 ops=1,3,3,3,3,3,1,3,1,3,3,1,3,3,3,3,3,3,3,1,1,1,3,3,3,3,3,1,3,3,3,1,1,3,3,1,1,1,3,1,1,3,3,3,3,2,2,2,3,2,3,3,2,2,2,1,3,2,3,3,1,1,3,3 ks=0,0,0,0,0,152,0,0,0,0,0,0,0,0,154,91,208,91,0,171,0,0,0,64,0,0,0,124,0,0,0,0,128,119,0,0,0,0,0,0,128,0,142,0,0,0,0,0,255,0,0,0,0,0,0,0,0,0,0,0,0,0,0,0
00380 features=590 size=12 p=5 tap=10 reset=false scheme=1 ops=2,3,3,3,2,3,2,2,3,3,2,3,3,3,3,2,3,3,3,1,2,2,2,3,2,3,1,2,2,3,3,2,3,3,2,2,2,2,2,2,3,3,3,2,3,2,2,2,3,2,3,3,2,2,2,3,3,1,3,3,2,2,3,2 ks=0,0,0,252,0,0,0,0,0,57,0,0,0,86,154,91,12,0,0,0,0,0,50,0,0,0,0,0,0,0,0,0,128,116,0,0,0,0,0,0,0,0,0,0,0,0,0,0,0,0,0,0,0,0,0,0,0,0,191,12,0,71,0,0
00381 features=795 size=9 p=5 tap=53 reset=true scheme=3 ops=2,3,2,3,2,3,2,2,3,3,2,3,3,3,2,2,3,2,3,3,2,2,2,3,2,2,2,2,2,3,3,2,2,3,2,2,2,2,2,3,3,2,3,3,3,2,2,0,3,2,3,3,2,2,2,2,3,2,3,3,2,2,3,2 ks=0,0,0,0,0,152,0,0,0,0,0,0,0,0,0,0,252,0,0,173,0,0,0,0,0,0,0,0,0,0,0,2,128,116,0,0,0,0,0,0,0,17,0,0,0,0,0,0,0,0,0,0,0,0,2,0,0,0,0,163,0,0,0,0
00382 features=948 size=3 p=5 tap=41 reset=true scheme=2 ops=2,3,3,3,0,3,2,2,3,3,0,3,3,3,3,2,3,3,3,3,2,2,2,3,0,3,2,1,2,3,3,0,0,3,1,0,0,2,2,2,3,2,3,3,3,2,2,2,3,2,3,3,2,2,2,0,3,2,3,3,2,2,3,2 ks=0,0,0,0,0,0,0,0,0,0,0,0,0,0,0,0,0,0,0,152,0,0,0,0,0,0,0,0,0,0,0,0,208,112,0,0,0,0,0,0,0,0,0,0,0,0,0,0,0,0,0,0,0,0,0,0,0,0,0,0,0,0,0,0
00383 features=537 size=10 p=10 tap=41 reset=false scheme=0 ops=2,3,3,3,0,3,2,2,3,2,2,3,3,3,1,2,3,3,2,1,1,1,3,3,3,3,2,2,2,3,3,0,0,3,2,2,2,2,2,2,3,2,3,0,3,2,2,2,3,2,3,3,3,2,2,2,3,2,3,3,2,2,3,2 ks=0,0,0,0,89,152,0,0,0,0,0,0,0,0,154,0,0,0,0,171,0,0,0,0,0,0,0,0,0,0,2,0,128,116,0,0,0,0,0,0,0,0,0,0,0,0,0,0,0,0,0,0,0,0,0,0,2,0,191,12,0,0,0,0
00384 features=941 size=10 p=5 tap=41 reset=true scheme=2 ops=2,3,3,3,0,3,3,3,3,3,3,3,3,3,3,2,3,3,3,3,2,2,2,3,3,3,2,1,2,3,3,0,0,3,1,0,2,2,2,2,3,2,3,3,3,2,2,2,3,0,3,3,2,2,2,2,3,2,3,3,2,2,3,2 ks=0,0,0,0,89,152,0,0,0,175,0,0,0,0,0,0,0,88,0,171,0,0,0,0,0,0,0,0,0,0,0,0,128,116,0,0,0,0,0,0,0,198,0,0,0,0,0,0,0,0,0,0,0,0,0,0,0,0,191,12,0,0,0,0
00385 features=500 size=6 p=5 tap=41 reset=false scheme=2 ops=2,3,3,3,0,3,2,2,1,3,3,3,3,3,3,2,3,3,3,0,2,2,2,3,3,3,2,1,2,0,3,0,0,3,1,0,0,2,2,2,3,2,3,3,3,2,2,2,3,2,3,3,3,2,2,0,3,2,3,3,2,2,3,2 ks=0,0,0,0,0,0,0,0,0,0,0,0,0,0,152,91,0,91,0,171,0,0,0,0,0,0,0,0,0,0,0,0,0,112,0,0,0,0,0,0,0,0,0,0,0,0,0,8,0,0,0,0,0,0,0,0,0,0,0,0,0,0,0,0
00386 features=798 size=11 p=5 tap=42 reset=true scheme=3 ops=2,3,3,3,3,3,3,3,3,3,3,0,3,3,3,2,3,3,3,3,2,0,2,3,2,2,2,2,2,3,3,2,3,3,2,2,2,2,2,3,3,2,3,3,3,2,2,2,2,2,3,2,3,2,2,2,3,2,3,3,2,2,3,2 ks=0,0,0,0,0,4,0,0,0,175,0,0,0,0,0,91,151,88,4,171,0,0,0,0,0,0,0,0,0,0,0,0,128,116,0,0,0,0,0,0,0,0,0,0,177,0,0,0,0,0,0,0,0,0,0,0,0,0,0,76,0,0,0,0
00387 features=654 size=6 p=1 tap=31 reset=true scheme=3 ops=2,3,3,3,3,3,3,3,3,3,3,0,3,3,3,2,3,3,3,3,2,0,0,3,2,2,0,2,2,3,3,0,0,3,1,0,0,0,2,0,0,1,3,3,3,2,2,2,2,2,3,2,3,3,3,1,3,3,3,3,1,1,3,3 ks=0,0,0,0,0,0,0,0,0,175,0,0,0,0,0,91,249,88,0,171,0,254,0,0,0,0,0,0,0,0,0,0,0,0,0,0,0,0,0,0,0,0,0,0,0,0,0,0,0,0,0,0,0,0,0,0,0,0,0,0,0,0,0,0
00388 features=943 size=11 p=10 tap=63 reset=true scheme=1 ops=0,3,3,3,0,3,1,3,3,3,3,3,3,3,3,0,3,3,3,3,2,2,2,3,3,3,2,1,2,3,3,0,0,3,1,0,3,0,0,3,3,1,3,3,3,2,2,2,3,2,3,3,2,2,2,0,3,0,3,3,1,3,3,1 ks=0,0,0,0,0,152,0,0,0,0,0,0,0,0,0,0,0,91,0,152,0,0,0,0,0,0,0,0,0,0,2,0,0,116,0,0,0,0,0,0,0,80,142,8,0,110,0,0,0,0,16,0,0,0,0,0,41,0,0,0,0,0,0,0
00389 features=601 size=16 p=2 tap=41 reset=false scheme=2 ops=2,3,0,3,0,3,2,2,3,2,2,3,3,3,3,2,3,3,3,3,2,2,3,3,3,3,2,2,2,2,3,2,3,3,2,2,0,2,2,2,3,2,3,3,3,2,2,2,3,2,3,3,2,2,2,2,3,2,3,3,2,2,3,2 ks=0,0,0,254,0,0,255,113,0,91,15,0,128,86,154,91,0,91,66,171,0,0,0,0,0,0,0,0,0,0,0,0,129,198,0,0,0,0,0,0,0,0,0,0,0,0,0,0,0,0,0,0,0,3,0,0,0,0,0,0,0,127,0,0
00390 features=878 size=8 p=10 tap=18 reset=true scheme=2 ops=2,3,3,3,0,3,2,2,3,2,2,0,3,3,3,2,3,3,3,1,1,1,3,3,3,3,3,1,3,3,3,0,0,3,2,2,2,2,2,0,3,2,3,0,3,2,2,2,3,2,3,2,3,2,2,2,3,2,3,3,2,2,3,2 ks=0,0,0,0,89,152,0,113,0,255,0,0,0,0,0,0,208,91,2,0,0,0,31,0,0,0,0,0,0,0,0,0,0,0,0,0,0,0,0,0,0,0,0,0,0,0,0,0,0,0,0,0,0,0,0,0,0,0,0,0,0,0,0,0
00391 features=487 size=19 p=10 tap=33 reset=false scheme=2 ops=1,3,3,3,3,3,1,3,1,1,3,1,3,3,3,3,3,3,3,1,3,1,3,3,3,3,0,1,3,3,3,2,1,3,3,1,1,1,3,0,1,3,1,0,3,2,2,2,3,3,3,3,3,3,3,1,3,3,3,3,1,1,1,3 ks=0,0,0,0,0,152,0,0,0,0,0,0,0,0,154,91,208,91,0,171,0,0,0,64,0,0,0,124,0,0,0,24,163,116,0,0,0,0,128,0,128,0,142,255,0,0,0,0,0,253,0,0,0,0,0,0,0,0,0,12,0,0,200,28
00392 features=514 size=14 p=5 tap=10 reset=false scheme=1 ops=2,3,3,2,2,3,2,2,3,3,2,3,3,3,3,2,3,3,3,1,2,2,2,3,2,3,1,2,2,3,3,2,3,3,2,2,2,2,2,2,3,3,3,2,3,2,2,2,3,2,3,3,3,3,3,3,3,1,3,3,2,2,3,2 ks=0,0,0,252,0,0,0,0,0,57,0,0,0,86,154,91,12,0,0,0,0,0,50,0,0,0,0,0,0,0,0,0,128,116,0,0,0,0,0,0,0,0,0,0,0,172,0,0,0,0,0,0,0,0,127,0,0,0,191,12,0,71,0,0
00393 features=407 size=7 p=10 tap=41 reset=true scheme=3 ops=1,3,1,3,1,3,1,3,1,3,3,1,3,3,3,3,3,3,3,1,1,1,2,1,1,3,1,1,1,1,3,3,1,1,1,3,3,3,2,0,1,1,1,3,1,1,1,1,1,1,1,1,1,1,1,1,2,1,1,3,3,3,1,1 ks=0,0,0,0,0,152,0,0,0,0,0,0,0,0,154,91,208,91,0,169,0,0,0,0,0,0,0,0,0,0,0,0,0,0,0,0,0,0,0,0,0,0,0,0,0,0,0,0,0,0,0,2,0,0,0,0,0,0,0,0,0,0,0,0
00394 features=312 size=10 p=10 tap=41 reset=false scheme=2 ops=2,3,3,3,3,3,2,3,3,3,3,3,3,3,3,3,3,3,3,2,2,2,3,3,3,3,3,2,2,3,3,2,1,3,2,2,2,2,2,2,3,1,3,3,3,2,3,3,3,3,3,3,2,2,2,2,3,2,3,3,1,3,3,3 ks=0,0,0,0,0,152,0,0,0,0,0,0,0,255,154,91,0,91,0,171,0,0,0,64,0,0,0,0,0,0,0,0,128,116,0,0,0,0,0,0,0,0,2,0,0,0,0,0,0,0,0,0,0,0,0,0,0,0,0,0,0,0,0,0
00395 features=730 size=16 p=5 tap=41 reset=true scheme=1 ops=1,3,3,3,3,3,1,3,1,1,3,1,1,3,3,3,3,3,3,1,1,1,3,3,3,3,3,1,3,3,3,1,1,3,2,2,2,2,2,3,3,2,3,2,3,2,2,1,2,1,1,3,3,3,3,1,3,3,3,3,1,1,2,3 ks=0,0,0,0,0,128,0,0,0,0,0,0,0,0,154,0,208,91,0,171,0,0,0,64,0,0,0,0,0,0,0,1,128,116,0,0,0,0,0,2,0,4,0,225,0,0,0,0,0,0,0,0,0,0,0,0,0,0,191,12,0,0,200,28
00396 features=787 size=7 p=10 tap=41 reset=true scheme=3 ops=2,3,3,3,0,3,2,2,3,2,2,3,3,3,3,2,3,3,3,3,2,2,2,3,3,3,2,1,2,3,3,0,0,3,1,0,0,2,2,2,3,2,3,3,3,2,2,2,3,2,3,3,2,2,2,0,3,2,3,3,2,2,3,2 ks=0,0,0,0,0,0,253,180,0,0,0,0,0,0,0,91,0,91,0,152,0,0,0,0,0,0,0,0,0,0,0,0,128,120,0,0,0,0,0,0,0,0,0,0,0,0,0,0,0,0,0,0,0,0,0,0,0,0,0,0,0,0,0,0
00397 features=604 size=4 p=5 tap=41 reset=false scheme=2 ops=2,3,3,3,0,3,2,2,3,3,0,3,3,3,3,2,3,3,3,3,2,2,2,3,0,3,2,1,2,3,3,0,0,3,1,0,0,2,2,2,3,2,3,3,3,2,2,2,3,2,3,3,2,2,2,0,3,2,3,3,2,2,3,2 ks=0,0,0,0,0,0,0,0,0,0,0,0,0,0,0,0,0,0,0,152,0,0,0,0,0,0,0,0,0,0,0,83,208,112,0,0,0,0,0,0,0,0,0,0,0,0,0,0,0,0,0,0,0,0,0,0,0,0,0,0,0,0,0,0
00398 features=840 size=10 p=2 tap=41 reset=true scheme=3 ops=2,3,3,3,0,3,1,1,0,0,0,0,3,1,3,2,3,3,3,3,2,2,2,3,3,3,2,2,2,3,3,2,3,3,2,2,2,2,2,2,3,1,3,0,3,2,2,2,3,2,3,3,2,2,2,2,3,2,3,3,2,2,3,2 ks=0,0,0,0,0,0,0,0,0,0,0,0,1,0,0,0,0,91,0,171,0,0,0,64,0,0,0,0,0,32,0,0,124,116,0,2,0,0,0,0,0,0,0,0,0,0,0,0,0,0,0,0,0,0,0,0,0,0,191,12,0,0,0,0
00399 features=224 size=2 p=5 tap=41 reset=false scheme=2 ops=3,3,3,0,3,3,3,3,3,3,0,3,3,3,3,0,3,3,3,1,1,1,3,3,3,3,3,1,2,3,3,3,0,3,0,3,3,0,0,3,3,0,3,3,3,3,0,3,3,3,3,3,3,3,3,3,3,3,3,3,3,3,3,3 ks=0,0,0,0,0,0,0,0,0,0,0,0,0,0,0,0,0,0,0,0,0,0,0,0,0,0,0,0,0,0,0,0,134,116,0,0,0,0,0,0,0,0,0,0,0,0,0,0,0,0,0,0,0,0,0,0,0,0,0,0,0,0,0,0
00400 features=573 size=6 p=10 tap=3 reset=false scheme=2 ops=2,3,3,2,1,3,2,2,3,2,2,3,3,3,3,2,3,3,3,3,2,2,2,3,3,3,2,1,2,3,3,0,0,3,2,2,2,2,2,2,3,1,3,0,3,2,2,2,3,3,3,3,3,2,2,2,3,2,3,3,2,2,3,2 ks=0,0,0,0,0,0,0,0,0,0,0,0,0,0,154,91,0,91,0,171,0,0,0,0,0,0,0,0,0,0,0,0,128,116,0,0,0,0,0,0,0,0,0,0,0,0,0,0,0,0,0,0,0,0,0,0,0,0,0,0,0,0,0,0
00401 features=855 size=15 p=1 tap=10 reset=true scheme=1 ops=2,3,3,3,2,3,2,2,3,3,2,3,3,3,3,2,3,3,3,1,2,2,2,3,2,3,1,2,2,3,3,2,3,3,2,2,2,2,2,2,3,3,3,2,3,2,2,2,3,2,3,3,3,3,3,3,3,1,3,3,2,2,3,2 ks=0,0,0,252,0,0,0,0,0,57,0,0,0,86,154,91,12,0,0,0,0,0,50,0,0,0,0,0,0,0,0,0,128,116,0,0,0,0,0,0,0,0,0,0,0,172,0,0,0,0,0,0,0,0,127,0,0,0,191,12,0,71,0,144
00402 features=363 size=12 p=10 tap=33 reset=false scheme=2 ops=1,3,3,3,3,3,1,3,1,1,3,1,3,3,3,3,3,3,3,1,3,1,3,3,3,3,0,1,3,3,3,1,1,3,3,1,1,1,3,0,1,3,1,0,3,2,2,2,3,3,3,3,3,3,3,1,3,3,3,3,1,1,1,3 ks=0,0,0,0,0,152,0,0,0,0,0,0,0,0,154,91,208,91,0,171,0,0,0,64,0,0,0,0,0,0,0,8,163,113,0,0,0,0,128,0,0,0,0,0,0,0,0,0,0,0,0,0,0,0,0,0,0,0,0,12,0,0,0,0
00403 features=734 size=9 p=2 tap=16 reset=true scheme=3 ops=2,3,3,3,3,3,3,3,3,3,3,0,3,3,3,2,3,3,3,3,2,0,2,3,2,3,2,2,2,3,3,2,3,3,2,2,2,2,2,1,3,2,3,3,3,2,2,2,2,2,3,2,2,2,2,2,3,2,3,3,2,2,3,2 ks=0,0,0,0,0,4,0,0,0,175,0,0,0,0,0,91,151,88,0,171,0,0,0,0,0,0,0,0,0,0,0,0,0,0,0,0,0,0,0,0,0,0,0,0,0,0,0,0,0,0,1,0,0,0,0,0,0,0,128,76,0,0,0,0
00404 features=715 size=9 p=5 tap=41 reset=true scheme=3 ops=2,3,3,2,1,3,2,2,3,2,2,3,3,3,3,2,3,3,3,3,2,2,2,3,3,3,2,1,2,3,3,0,0,3,2,2,2,2,2,2,3,1,3,0,3,2,2,3,3,2,3,3,3,2,2,2,3,2,3,3,2,2,3,2 ks=0,0,0,0,0,253,0,0,0,4,0,0,0,0,154,91,0,91,127,171,0,0,0,0,0,0,0,0,0,0,0,0,128,116,0,0,0,0,0,0,0,0,0,0,0,0,0,0,0,0,0,0,0,0,0,0,0,0,0,0,0,0,0,0
00405 features=583 size=16 p=5 tap=10 reset=false scheme=3 ops=2,3,3,3,2,3,2,2,3,3,2,3,3,3,3,1,3,3,3,1,1,1,2,3,1,3,2,2,2,3,3,0,3,3,2,2,2,2,2,2,3,1,3,0,3,2,2,2,3,1,1,3,3,3,3,1,3,3,3,3,1,1,3,2 ks=0,0,0,252,0,0,0,0,0,57,0,0,0,86,154,91,212,0,0,171,0,0,0,0,0,0,0,0,0,0,0,0,128,116,0,0,0,0,32,0,0,0,0,0,0,0,0,0,0,128,0,0,175,0,0,0,0,0,191,12,0,0,200,254
00406 features=951 size=5 p=5 tap=32 reset=true scheme=2 ops=2,3,3,3,3,3,3,3,3,3,3,3,3,3,3,2,3,3,3,3,2,2,2,3,2,2,2,2,2,3,3,2,3,3,2,2,2,2,2,3,3,2,3,3,3,2,2,2,2,2,3,2,2,2,2,2,0,2,3,3,2,2,3,2 ks=0,0,0,0,0,0,0,0,0,175,0,0,0,0,0,0,0,88,0,171,0,0,0,0,0,0,0,0,0,0,0,0,128,116,0,0,0,0,0,0,0,0,0,0,0,0,0,0,0,0,0,0,0,0,0,0,0,0,0,0,0,0,0,0
00407 features=647 size=14 p=5 tap=41 reset=true scheme=0 ops=1,3,3,3,3,3,1,3,1,3,3,1,3,3,2,3,1,3,3,1,1,1,3,3,3,1,3,1,0,3,3,1,1,3,3,1,0,0,3,1,1,3,3,3,3,2,2,2,3,2,3,3,2,2,2,0,3,2,3,3,1,1,3,2 ks=0,0,0,0,0,152,0,0,0,0,0,0,0,0,154,91,208,91,0,171,0,0,1,64,0,0,0,124,0,0,0,0,128,116,0,0,0,0,0,0,128,0,142,0,0,0,0,0,255,0,0,0,0,0,0,0,0,0,0,0,0,0,0,0
00408 features=116 size=6 p=10 tap=41 reset=false scheme=3 ops=3,3,3,3,3,3,3,3,3,3,3,3,3,3,3,3,3,3,3,3,3,3,3,3,3,3,3,3,3,3,3,3,3,3,3,3,3,3,3,3,3,3,3,3,3,3,3,3,3,3,3,3,3,3,3,3,3,3,3,3,3,3,3,3 ks=0,0,0,0,0,0,0,0,0,0,0,0,0,0,0,0,0,0,0,0,0,0,0,0,0,0,0,0,0,0,0,32,55,116,0,0,0,0,0,234,128,4,0,0,0,0,0,0,0,0,0,0,0,0,0,0,0,0,0,0,0,0,0,0
00409 features=325 size=12 p=10 tap=41 reset=false scheme=0 ops=0,3,3,3,3,3,1,3,0,3,3,0,3,3,3,3,3,3,3,0,3,0,3,3,3,3,3,3,0,3,3,0,0,3,3,3,0,0,3,0,0,3,3,3,3,3,0,0,3,0,3,3,3,0,3,0,3,0,3,3,3,0,3,3 ks=0,0,0,8,0,152,0,0,0,0,0,0,0,0,157,0,208,91,0,171,0,0,0,64,0,0,0,124,0,0,0,0,128,116,0,0,0,0,0,0,0,0,142,0,0,126,0,0,0,0,0,0,0,0,0,0,0,0,0,0,0,0,0,0
00410 features=630 size=20 p=5 tap=41 reset=true scheme=2 ops=1,3,3,3,3,3,1,3,1,1,3,1,3,3,3,3,3,3,3,1,1,1,3,3,3,3,3,1,3,3,3,1,1,3,3,1,1,1,3,1,1,3,3,3,3,3,1,3,3,1,1,3,3,3,3,1,3,3,3,3,1,1,3,3 ks=0,0,0,0,0,152,0,0,0,0,0,0,0,0,154,91,208,91,0,171,0,0,0,64,20,0,0,0,0,0,0,0,128,116,0,0,0,0,0,0,128,0,0,0,0,110,128,112,0,38,0,0,175,0,0,0,0,0,191,12,0,0,200,28
00411 features=856 size=6 p=5 tap=59 reset=true scheme=2 ops=0,3,3,3,0,3,1,1,0,0,0,0,3,1,3,2,3,3,1,3,0,0,3,3,3,3,3,0,3,3,3,0,0,3,0,0,0,3,3,0,3,0,3,3,3,0,0,0,3,3,3,3,3,3,3,3,0,0,3,0,0,0,3,3 ks=0,0,0,0,0,0,0,0,0,0,128,0,0,0,154,91,208,91,0,0,0,0,0,0,0,0,0,0,0,0,0,0,0,0,0,0,0,0,0,0,0,0,0,0,0,0,0,0,0,0,0,0,0,0,0,0,0,0,0,0,0,0,0,28
00412 features=413 size=15 p=5 tap=10 reset=false scheme=1 ops=2,3,3,3,2,3,2,2,3,3,2,3,3,3,3,2,3,3,3,1,3,3,3,3,3,3,1,2,2,3,3,2,3,3,2,2,2,2,2,2,3,3,3,2,3,2,2,2,3,2,3,3,3,3,3,3,3,2,3,3,2,2,3,2 ks=0,0,0,252,0,0,0,0,0,57,0,0,0,86,154,91,208,221,0,0,0,0,2,0,0,0,0,0,0,0,0,0,128,116,0,0,0,0,0,0,0,0,0,0,0,172,0,0,0,0,0,0,0,0,127,0,0,0,191,12,0,71,0,0
00413 features=504 size=8 p=1 tap=41 reset=false scheme=3 ops=2,3,3,3,3,3,3,3,3,3,2,3,3,1,3,0,3,3,3,3,0,0,3,3,3,3,3,2,2,3,3,2,3,3,2,2,2,2,2,3,3,2,3,2,3,2,2,2,3,2,3,3,2,2,2,2,3,2,3,3,2,2,3,2 ks=0,0,0,0,0,152,0,0,0,0,0,0,0,0,154,0,0,0,253,0,0,0,0,0,0,0,0,0,0,0,0,32,55,116,0,0,2,0,0,0,0,4,0,0,0,0,0,0,0,0,0,0,0,0,0,0,0,0,0,0,0,0,0,0
00414 features=417 size=15 p=5 tap=10 reset=false scheme=1 ops=2,3,3,3,2,3,2,2,3,3,2,3,3,3,3,2,3,3,3,0,2,2,2,3,2,3,1,2,2,3,3,2,3,3,2,2,2,2,2,2,3,3,3,2,3,2,2,2,3,2,3,3,3,3,3,3,3,2,3,3,2,2,3,2 ks=0,0,0,252,0,0,0,0,0,57,0,0,0,86,154,91,12,0,0,0,0,0,50,0,0,0,199,0,0,0,0,0,128,116,0,0,0,0,0,0,0,0,0,0,0,172,0,0,0,0,0,0,0,0,127,0,0,0,191,12,0,71,0,0
00415 features=662 size=5 p=5 tap=41 reset=false scheme=4 ops=2,3,3,3,0,3,2,2,3,3,0,3,3,0,3,2,3,3,3,3,2,2,2,3,0,3,2,1,2,3,3,0,0,3,2,3,2,2,2,2,3,2,3,0,2,2,2,2,3,2,3,3,2,2,2,2,3,2,3,3,2,2,3,2 ks=0,0,0,0,0,0,0,0,0,0,0,0,0,0,0,0,0,0,4,152,0,0,0,0,0,0,0,0,0,0,0,156,128,116,0,0,0,0,0,0,0,0,0,0,0,0,0,0,0,0,0,0,0,0,0,0,0,0,0,0,0,0,0,0
00416 features=517 size=3 p=10 tap=41 reset=false scheme=2 ops=2,3,3,3,1,3,1,1,1,3,1,1,3,3,3,2,3,3,3,3,2,2,2,3,2,2,2,1,3,3,3,0,0,3,1,0,0,2,2,2,3,2,0,3,3,2,2,2,3,2,3,3,2,2,2,0,3,2,3,3,2,2,3,2 ks=0,0,0,0,0,0,0,0,0,0,0,0,0,0,0,0,0,0,0,171,0,0,0,0,0,0,0,0,0,0,0,0,128,127,0,0,0,0,0,0,0,0,0,0,0,0,0,0,0,0,0,0,0,0,0,0,0,0,0,0,0,0,0,0
00417 features=688 size=12 p=10 tap=41 reset=false scheme=2 ops=2,3,3,3,2,3,2,2,3,2,2,3,3,3,3,2,3,3,3,1,3,1,3,3,3,2,2,2,2,3,3,3,2,3,2,2,2,2,2,2,3,2,3,2,3,2,2,2,3,2,3,3,2,2,2,2,3,2,3,3,2,2,3,2 ks=0,0,0,0,89,154,0,0,0,0,0,0,0,0,154,91,0,91,0,171,0,0,0,64,0,0,0,0,0,0,2,0,128,116,0,143,0,0,0,0,0,0,0,0,0,0,0,0,0,0,0,0,0,0,0,0,0,0,255,0,0,0,0,0
00418 features=780 size=4 p=5 tap=41 reset=true scheme=2 ops=3,3,1,3,0,0,0,0,0,0,0,0,0,0,3,0,0,0,0,3,1,0,1,3,3,3,0,1,0,3,3,0,3,3,1,1,3,3,1,0,3,3,3,3,3,1,3,1,3,0,3,3,3,1,0,1,3,0,3,3,0,3,3,3 ks=0,0,0,0,0,0,0,0,0,0,0,0,0,0,0,0,0,0,0,171,0,0,0,0,0,0,0,0,0,0,0,0,128,116,0,0,0,0,0,0,2,0,0,0,0,0,0,0,0,0,0,0,0,0,0,0,0,0,0,0,0,0,0,0
00419 features=803 size=8 p=5 tap=41 reset=true scheme=3 ops=2,3,3,3,3,3,3,3,3,3,3,3,3,3,3,2,3,3,3,3,2,2,2,3,2,2,2,2,2,3,3,2,3,3,2,2,2,2,2,3,3,2,3,3,3,2,2,2,3,2,3,3,2,2,2,2,3,2,3,3,2,2,3,2 ks=0,0,2,0,0,0,0,0,0,175,0,0,0,0,0,0,0,88,0,171,0,0,0,0,0,0,0,0,0,0,0,0,53,244,0,0,0,0,0,0,254,0,0,0,0,0,0,0,0,254,0,0,0,0,0,0,0,0,0,0,0,0,0,0
00420 features=942 size=13 p=1 tap=41 reset=true scheme=1 ops=2,3,3,3,2,3,2,2,3,3,0,3,3,3,3,2,3,1,3,3,2,2,2,3,1,3,2,2,2,3,3,2,3,3,2,2,2,2,2,2,3,1,3,0,3,2,2,2,3,2,3,3,2,2,2,2,3,0,3,3,2,2,3,2 ks=0,0,0,252,0,0,0,0,0,57,0,0,0,86,154,91,12,0,0,171,0,0,1,0,0,0,0,0,0,128,0,0,128,116,0,0,0,0,0,0,0,0,0,0,0,0,0,0,0,0,0,0,0,0,255,0,255,0,0,0,0,0,0,0
00421 features=880 size=17 p=1 tap=10 reset=true scheme=1 ops=2,3,3,3,2,3,2,2,3,3,2,3,3,3,3,2,3,3,3,1,2,2,2,3,2,3,1,2,2,3,3,2,3,3,2,2,2,2,2,2,3,3,3,2,3,2,2,2,3,2,3,3,3,3,3,3,3,1,3,3,2,2,3,2 ks=0,0,0,252,0,0,0,0,0,57,0,0,0,86,154,91,12,128,0,0,0,0,50,0,0,0,0,0,0,0,0,255,128,116,0,0,0,0,0,0,0,0,0,0,0,172,0,0,0,0,0,0,0,0,127,0,0,0,191,12,0,71,0,144
00422 features=937 size=4 p=5 tap=41 reset=true scheme=1 ops=0,3,0,3,0,3,0,0,3,3,3,3,3,3,3,3,3,3,3,1,0,0,3,3,0,0,3,3,0,3,3,0,0,3,0,0,0,0,0,0,3,0,3,3,3,3,3,0,3,0,3,3,2,2,3,3,0,0,3,0,0,0,3,3 ks=0,0,0,0,0,0,0,0,0,0,0,0,0,0,0,0,0,0,0,171,0,0,0,0,0,0,0,0,0,0,0,2,128,116,0,0,0,0,0,0,0,0,0,0,0,0,0,0,0,0,0,0,0,0,0,0,0,0,0,0,0,0,0,0
00423 features=931 size=6 p=10 tap=18 reset=true scheme=2 ops=2,3,3,3,0,3,2,2,3,2,2,0,3,3,3,2,3,3,3,3,2,2,2,3,2,2,3,1,3,3,3,0,0,3,2,2,2,2,2,0,3,2,3,3,3,2,2,2,3,2,3,2,3,2,2,2,3,2,3,3,2,2,3,2 ks=0,0,0,0,89,152,0,113,0,255,0,0,0,0,0,91,0,88,0,0,0,0,0,0,0,0,0,0,0,0,0,0,0,0,0,0,0,0,0,0,0,0,0,0,0,0,0,0,0,0,0,0,0,0,0,0,0,0,0,0,0,0,0,0
00424 features=690 size=10 p=10 tap=41 reset=false scheme=2 ops=2,3,3,3,0,3,2,2,3,2,2,3,3,3,3,2,3,3,3,0,2,2,2,3,3,3,2,2,2,3,3,0,0,3,2,2,2,2,2,2,3,2,3,0,3,2,2,2,3,2,3,3,3,2,2,2,3,2,3,3,2,2,2,2 ks=0,0,0,0,0,1,0,113,0,0,0,0,0,0,154,91,0,91,0,171,0,0,0,0,0,0,0,0,0,0,2,0,128,116,0,0,0,32,0,0,0,0,0,0,0,0,0,0,0,0,0,0,0,0,0,0,0,0,0,0,0,0,0,0
00425 features=878 size=13 p=10 tap=45 reset=true scheme=2 ops=2,3,1,1,2,3,2,2,1,3,2,3,3,3,3,2,3,3,3,3,2,1,3,3,3,3,3,1,3,3,3,1,1,3,2,2,2,2,2,3,3,2,3,3,3,2,2,2,3,2,3,3,2,2,2,2,3,2,3,3,2,2,3,2 ks=0,0,0,0,0,152,0,0,0,0,0,254,0,86,154,91,0,91,66,171,0,0,0,64,0,0,0,0,0,0,0,0,128,116,0,0,0,0,0,0,0,4,0,0,0,0,0,0,0,4,0,0,0,0,0,0,0,0,0,0,0,0,0,0
00426 features=661 size=8 p=10 tap=41 reset=false scheme=3 ops=2,3,3,3,0,3,2,2,3,0,0,0,3,1,3,2,3,3,3,3,2,2,2,3,3,3,2,1,2,3,3,0,0,3,1,0,0,2,2,2,3,2,3,3,3,2,2,2,3,2,3,3,2,2,2,0,3,2,3,3,2,2,3,2 ks=0,0,0,0,0,0,237,180,128,0,0,0,0,0,0,0,0,91,0,171,0,0,0,0,0,0,0,0,0,0,0,0,128,120,0,0,0,0,0,0,0,0,0,0,0,0,0,0,0,0,0,0,0,0,0,0,0,0,0,0,0,0,0,1
00427 features=803 size=8 p=5 tap=41 reset=true scheme=3 ops=2,3,3,3,3,3,3,3,3,3,3,3,3,3,3,2,3,3,3,3,2,2,2,3,2,2,2,2,2,3,3,2,3,3,2,2,2,2,2,3,3,2,3,3,3,2,2,2,3,2,3,3,2,2,2,2,3,2,3,3,2,2,3,2 ks=0,0,0,0,0,0,0,0,0,175,0,0,0,0,0,64,0,88,0,171,0,0,0,0,0,0,0,0,0,100,0,0,128,116,0,0,0,0,0,0,0,0,0,0,0,0,0,0,0,0,0,0,0,0,2,0,0,0,0,0,0,0,0,0
00428 features=706 size=5 p=10 tap=45 reset=false scheme=3 ops=2,3,1,3,2,3,2,2,3,3,2,3,3,3,3,2,3,3,3,3,2,2,2,0,2,2,2,1,2,3,3,2,0,3,2,2,2,2,2,3,3,2,3,3,3,2,2,2,3,2,3,3,2,2,2,2,3,2,3,3,2,2,3,2 ks=0,0,0,0,0,0,0,0,0,0,0,0,0,0,0,0,0,0,0,171,0,0,0,0,0,0,0,0,0,0,54,2,128,116,0,0,0,0,0,0,0,0,0,0,0,0,0,0,0,0,0,0,0,0,0,0,0,0,0,0,0,0,0,0
00429 features=888 size=3 p=1 tap=41 reset=true scheme=2 ops=2,3,3,3,1,3,1,1,1,3,1,1,3,3,3,2,3,3,3,3,2,2,2,3,3,3,2,1,2,3,3,0,0,3,1,0,0,2,2,2,3,2,3,3,3,2,2,2,3,2,0,3,2,2,2,3,3,2,3,3,2,2,3,2 ks=0,0,0,0,0,0,0,0,0,0,0,0,0,0,0,0,0,0,0,152,0,0,0,0,0,0,0,0,0,0,0,0,128,116,0,0,0,0,0,0,0,0,0,0,0,0,0,0,0,0,0,0,0,0,0,0,0,0,0,0,0,0,0,0
00430 features=530 size=14 p=5 tap=41 reset=true scheme=3 ops=1,3,3,3,3,3,1,3,1,3,3,1,3,3,3,3,3,3,3,1,1,1,3,3,3,3,3,1,0,3,3,1,1,3,3,1,0,1,3,1,1,3,3,3,3,2,2,2,3,2,3,3,2,2,2,0,3,2,3,3,1,1,3,3 ks=0,0,0,0,0,152,0,0,0,0,0,0,0,0,154,91,208,91,0,171,0,0,0,64,0,0,0,124,0,0,0,197,128,116,0,0,0,0,0,0,128,0,142,0,0,0,0,0,255,0,0,0,0,0,0,0,0,0,0,0,0,0,0,0
00431 features=465 size=8 p=10 tap=33 reset=true scheme=0 ops=3,3,3,3,1,3,1,1,1,3,1,1,3,3,3,1,3,3,2,3,3,3,1,3,3,3,1,1,3,3,1,3,3,3,1,3,1,3,1,1,3,3,3,3,3,3,1,1,3,1,3,3,3,3,1,1,3,3,3,3,1,3,3,3 ks=0,0,0,0,0,0,2,0,0,0,0,0,0,0,0,254,0,0,0,152,0,0,0,53,0,0,0,0,0,0,0,0,128,127,0,0,1,0,0,0,0,0,0,0,0,128,0,0,0,0,0,0,0,0,0,0,0,0,0,0,0,0,0,0
00432 features=770 size=14 p=10 tap=41 reset=true scheme=2 ops=2,3,3,3,3,3,2,3,3,3,3,3,3,3,3,3,3,3,3,2,2,2,3,3,3,3,3,2,2,3,3,2,2,3,3,3,2,2,3,3,2,3,3,3,3,2,2,2,3,2,3,3,2,2,2,2,3,2,3,3,2,3,3,3 ks=0,0,0,0,0,152,0,0,0,0,0,0,0,0,154,91,208,91,0,171,0,0,0,64,1,0,0,124,0,0,0,0,128,116,0,0,0,0,0,0,127,0,142,0,0,0,0,0,255,0,0,0,0,0,0,0,0,0,0,0,0,0,0,0
00433 features=925 size=8 p=10 tap=18 reset=true scheme=2 ops=2,3,3,3,0,3,2,2,3,2,2,3,3,3,3,2,1,3,3,0,2,2,2,3,3,3,2,2,2,3,3,0,0,3,2,2,2,2,2,2,3,2,3,0,3,2,2,2,3,2,3,2,3,2,2,2,3,2,3,3,2,2,3,2 ks=0,0,0,0,89,152,0,112,0,255,0,0,0,0,154,91,0,91,0,0,128,0,0,0,0,0,0,0,0,0,0,0,0,0,0,0,0,0,0,0,0,0,0,0,0,0,0,0,0,0,0,0,0,0,0,0,0,0,0,0,0,0,0,0
00434 features=694 size=10 p=5 tap=42 reset=false scheme=5 ops=2,3,3,3,3,3,3,3,3,3,3,0,3,3,3,2,3,3,3,3,2,0,2,3,1,2,2,2,2,3,3,2,3,3,2,2,2,2,2,3,3,2,3,3,3,2,2,2,2,2,3,3,2,2,2,2,3,2,3,3,2,2,3,2 ks=0,0,0,0,0,4,0,0,0,175,0,0,0,0,0,91,151,88,4,171,0,0,0,0,0,0,0,0,0,0,0,0,128,116,0,0,0,0,0,0,0,0,0,0,177,0,0,0,0,0,0,0,0,0,0,0,0,0,0,0,0,0,0,0
00435 features=256 size=15 p=5 tap=41 reset=false scheme=1 ops=1,3,3,3,3,3,1,3,1,1,3,1,1,3,3,3,3,3,3,1,1,1,3,3,3,3,3,1,3,3,3,1,1,3,1,1,0,0,0,3,3,1,3,3,3,3,0,0,1,1,1,3,3,3,3,1,3,3,3,3,1,1,3,3 ks=0,0,0,0,0,128,0,0,0,0,0,0,0,0,154,0,208,91,0,171,0,0,0,64,0,0,0,2,0,0,0,0,128,116,0,0,0,0,0,0,0,4,0,0,0,0,0,0,0,0,0,0,175,0,0,0,0,0,191,14,0,0,200,28
00436 features=947 size=14 p=1 tap=41 reset=true scheme=1 ops=2,3,3,3,2,3,2,2,3,3,0,3,3,3,3,2,3,1,3,3,2,2,2,3,1,3,2,2,2,3,3,2,3,3,2,2,2,2,2,2,3,1,3,0,3,2,2,2,3,2,3,3,2,2,2,2,3,0,3,3,2,2,3,2 ks=0,0,0,252,0,0,0,0,0,57,0,0,0,86,154,91,12,0,0,171,0,0,1,0,0,0,0,0,0,128,4,0,128,116,0,0,0,0,0,0,0,0,0,0,0,0,0,0,0,0,0,0,0,0,255,0,255,0,0,0,0,0,0,0
00437 features=552 size=10 p=5 tap=41 reset=false scheme=3 ops=2,3,3,3,3,3,3,3,3,3,3,3,3,3,3,2,3,3,3,3,2,2,1,3,2,2,2,2,2,3,3,2,3,3,2,2,2,2,2,3,3,2,3,3,3,2,0,2,3,2,3,3,1,2,2,2,3,2,3,3,2,2,3,2 ks=0,0,0,0,0,0,0,0,0,175,0,0,4,0,0,91,0,88,0,171,0,8,128,0,0,0,0,0,0,0,0,0,128,116,0,0,0,0,0,0,0,0,0,0,0,0,0,0,0,0,0,0,0,0,0,0,0,198,0,0,0,0,0,0
00438 features=813 size=12 p=5 tap=42 reset=true scheme=3 ops=2,3,3,3,3,3,3,3,3,3,3,0,3,3,3,2,3,3,3,3,2,0,2,3,2,2,2,2,2,3,3,2,3,3,2,2,2,2,2,3,3,2,3,3,3,2,2,2,2,2,3,2,2,2,2,2,3,2,3,3,2,2,3,2 ks=0,0,0,0,0,4,0,0,0,175,0,0,0,0,0,91,151,88,0,171,0,0,0,0,0,0,0,0,0,0,0,0,128,116,0,0,0,1,0,0,0,0,0,0,177,0,0,0,0,0,0,0,0,0,0,0,0,0,0,76,0,0,16,0
00439 features=714 size=5 p=1 tap=41 reset=true scheme=3 ops=2,3,3,3,2,3,2,2,3,3,2,3,3,3,3,2,3,3,3,3,0,0,2,3,2,2,2,2,2,3,3,2,3,3,2,2,2,2,2,3,3,2,3,2,3,2,2,2,3,2,3,3,2,2,2,2,3,2,3,3,2,2,3,2 ks=0,0,0,0,0,0,0,0,0,0,0,0,0,0,0,0,0,0,0,167,0,0,0,0,0,0,0,0,0,0,0,32,53,116,0,0,0,0,0,0,0,21,0,0,0,0,0,0,0,0,0,0,0,0,0,0,0,0,0,0,0,0,0,0
00440 features=794 size=4 p=5 tap=41 reset=true scheme=1 ops=0,3,0,3,0,3,0,0,3,3,3,3,3,3,3,3,3,3,3,1,0,0,3,3,0,0,3,3,2,3,3,0,0,3,1,0,0,0,0,0,3,0,3,3,3,3,3,0,3,0,3,3,2,2,3,3,0,3,3,3,2,2,3,3 ks=0,0,0,0,0,0,0,0,0,0,0,0,0,0,0,0,0,0,61,171,0,0,0,0,0,0,0,0,0,0,0,0,128,127,0,0,0,0,0,0,0,0,0,0,0,0,0,0,0,0,0,0,0,0,0,0,0,0,0,0,0,0,0,0
00441 features=703 size=6 p=5 tap=41 reset=false scheme=4 ops=2,3,3,3,0,3,2,2,3,3,0,3,3,3,3,2,3,3,3,3,2,2,2,3,0,3,2,1,2,3,3,0,0,1,2,3,2,2,2,2,3,2,3,0,2,2,2,2,3,2,3,3,2,2,2,2,3,2,3,3,2,2,3,2 ks=0,0,0,0,0,0,0,0,0,0,0,0,0,0,0,0,0,0,0,152,0,0,0,0,0,0,0,0,0,0,0,156,128,116,0,0,0,0,0,0,0,253,0,0,0,0,0,0,0,0,0,1,0,0,0,0,0,0,0,0,0,0,0,0
00442 features=374 size=9 p=5 tap=10 reset=false scheme=1 ops=2,3,3,3,2,3,2,2,3,3,2,3,3,3,3,2,3,3,3,3,2,2,2,3,2,3,2,2,2,3,3,2,3,3,2,2,1,2,2,2,3,3,3,0,3,2,2,2,3,2,3,3,3,3,3,3,3,2,3,3,2,2,3,2 ks=0,0,0,252,0,0,0,0,0,57,0,0,0,86,154,91,0,0,0,171,0,0,0,0,0,0,0,0,0,0,0,0,128,116,0,0,0,0,0,0,0,0,0,0,0,0,0,0,0,0,0,0,0,0,0,0,0,0,191,0,0,0,0,0
00443 features=913 size=6 p=5 tap=41 reset=true scheme=0 ops=2,3,3,3,3,3,3,3,3,3,3,3,3,3,3,2,3,3,3,3,2,2,2,3,2,2,2,2,2,3,3,0,3,3,2,2,2,2,1,3,3,2,3,3,3,2,2,2,3,2,3,3,2,2,2,2,3,2,3,3,2,2,3,2 ks=0,0,0,0,0,0,0,0,0,175,0,0,0,0,0,0,0,88,0,172,0,0,0,4,0,0,0,0,0,0,0,0,53,205,0,0,0,0,0,0,0,0,0,0,0,0,0,0,0,0,0,0,0,0,0,0,0,0,0,0,0,0,0,0
00444 features=323 size=14 p=5 tap=41 reset=false scheme=2 ops=0,3,3,3,3,3,3,3,3,3,3,1,3,3,3,3,3,3,3,2,2,2,3,3,3,3,3,2,3,3,3,0,2,3,3,3,2,0,3,2,2,3,3,3,3,2,3,2,3,2,3,3,2,2,2,0,3,2,3,3,3,3,3,3 ks=0,0,0,255,0,152,0,0,64,0,0,0,0,0,154,91,208,91,0,171,0,0,0,64,0,0,0,124,0,0,0,0,128,119,0,0,0,0,0,0,128,0,128,0,0,0,0,0,0,0,0,0,0,0,0,0,0,0,0,0,0,0,0,0
00445 features=669 size=7 p=5 tap=41 reset=false scheme=2 ops=2,3,3,3,0,3,2,2,3,2,2,3,3,3,3,2,3,3,3,3,2,2,2,3,3,3,2,2,2,2,3,2,3,3,2,2,0,2,2,2,3,2,3,3,3,2,2,2,3,2,3,3,2,2,2,2,3,2,3,3,2,2,3,2 ks=0,0,0,0,0,0,255,113,0,0,0,0,0,0,0,91,0,91,66,0,0,0,0,0,0,0,0,0,0,0,0,0,129,198,0,0,0,0,0,0,0,0,0,0,0,0,0,0,0,0,0,0,0,0,0,0,0,0,0,0,0,0,0,0
00446 features=223 size=13 p=5 tap=41 reset=false scheme=1 ops=1,3,3,3,3,3,1,3,1,1,3,1,1,3,3,3,3,3,3,1,1,1,3,3,3,3,3,1,3,3,3,1,1,3,1,1,0,0,0,3,3,1,3,3,3,3,0,0,3,1,1,3,3,3,3,1,3,3,3,3,1,1,3,3 ks=0,0,0,0,0,128,0,0,0,0,0,0,0,0,154,0,208,91,0,171,0,0,0,64,0,0,0,0,0,0,0,0,128,116,0,0,0,0,0,0,0,4,0,0,0,0,0,0,0,0,0,0,0,0,0,0,0,0,191,12,0,0,200,28
00447 features=912 size=10 p=5 tap=41 reset=true scheme=2 ops=2,3,3,2,1,3,2,2,3,2,2,3,3,3,3,2,3,3,3,3,2,2,2,3,3,3,2,1,2,3,3,0,0,3,2,2,2,2,2,2,3,1,3,0,3,2,2,2,3,2,3,3,3,0,2,2,3,2,3,3,2,2,3,2 ks=0,0,0,127,0,0,0,0,0,0,0,0,0,0,1,91,0,91,0,171,253,0,1,0,0,0,0,0,0,0,0,0,128,33,0,254,0,0,0,0,0,0,0,0,0,0,0,0,0,0,0,0,0,0,0,0,0,0,0,0,0,0,0,0
00448 features=548 size=10 p=10 tap=41 reset=false scheme=0 ops=2,3,3,3,0,3,2,2,3,2,2,3,3,3,1,2,3,3,2,1,1,1,3,3,3,3,2,2,2,3,3,0,0,3,0,2,2,2,2,2,3,2,3,0,3,2,2,2,3,2,3,3,3,2,2,2,3,2,3,3,2,2,3,2 ks=0,0,0,0,89,152,0,0,0,0,0,0,0,0,154,0,0,0,0,171,0,0,0,0,0,0,0,0,0,0,2,0,128,116,0,0,0,0,0,0,0,0,0,0,0,0,0,0,0,0,0,0,0,0,0,0,2,0,191,12,0,0,0,0
00449 features=779 size=3 p=10 tap=41 reset=true scheme=2 ops=2,3,3,3,1,3,1,3,3,3,3,3,3,3,3,0,3,3,3,3,0,0,3,3,2,2,2,1,3,3,3,0,0,3,1,0,0,2,2,2,3,2,3,3,3,2,2,2,3,2,3,3,2,2,2,0,3,2,3,3,2,2,3,2 ks=0,0,0,0,0,0,0,0,0,0,0,0,0,0,0,0,0,0,253,0,0,0,0,0,0,0,0,0,0,0,0,0,128,127,0,0,0,0,0,0,0,0,0,0,0,0,0,0,0,0,0,0,0,0,0,0,0,0,0,0,0,0,0,0
00450 features=931 size=6 p=2 tap=41 reset=true scheme=2 ops=2,3,3,3,0,3,1,1,0,0,0,0,3,1,3,2,3,3,3,3,2,2,2,3,3,3,2,2,2,3,3,1,1,3,2,2,0,2,2,2,3,1,3,0,3,2,2,2,3,2,3,2,2,2,2,2,3,2,3,3,2,2,3,2 ks=0,1,0,0,0,0,0,0,0,0,0,0,0,0,0,0,0,0,255,171,0,0,0,0,0,0,0,0,0,0,0,0,128,116,0,0,177,0,0,0,0,0,0,0,0,0,0,0,0,0,0,0,0,0,0,0,0,0,0,0,0,0,0,0
00451 features=625 size=9 p=2 tap=41 reset=false scheme=3 ops=2,3,3,3,3,3,3,3,3,3,3,0,3,3,3,2,3,3,3,3,2,2,2,3,2,2,2,2,2,3,3,0,3,3,2,2,2,2,2,3,3,2,3,3,3,2,2,2,2,2,3,2,2,2,2,2,0,2,3,3,2,2,3,2 ks=0,0,0,64,0,4,0,0,0,175,0,0,0,0,0,91,0,88,0,171,0,0,0,0,0,0,0,0,0,0,0,0,128,116,0,0,0,0,0,0,0,0,0,0,0,0,0,0,0,0,0,0,0,0,0,253,0,0,0,0,0,0,0,0
00452 features=222 size=4 p=10 tap=41 reset=false scheme=3 ops=3,3,3,3,3,3,3,3,3,3,3,3,3,3,3,3,3,3,3,3,3,3,3,3,3,3,3,3,3,3,3,3,3,3,2,2,2,2,2,3,3,2,3,2,3,2,1,1,3,3,3,3,3,3,3,3,3,3,3,3,3,3,3,3 ks=0,0,0,0,0,0,0,0,0,0,0,0,0,0,0,0,0,0,0,0,0,0,0,0,0,0,0,0,0,0,0,32,55,116,0,0,0,0,0,0,0,4,0,0,0,0,0,0,0,0,0,0,0,0,0,0,0,0,0,0,0,0,0,0
00453 features=963 size=5 p=5 tap=41 reset=true scheme=2 ops=2,3,3,3,1,3,2,2,3,3,3,3,3,3,3,2,3,3,3,3,2,2,2,3,3,3,2,1,2,3,3,0,0,3,2,2,2,2,2,3,3,2,3,3,3,2,2,2,3,2,3,3,2,2,2,0,2,2,3,3,2,2,3,2 ks=0,0,0,0,0,152,0,0,0,0,0,0,0,0,0,0,0,0,0,152,0,0,0,0,0,0,0,0,0,0,0,0,128,112,0,0,0,0,0,0,0,22,0,0,0,0,0,0,0,0,0,0,0,0,0,0,0,0,0,0,0,0,0,0
00454 features=536 size=18 p=10 tap=33 reset=false scheme=2 ops=1,3,3,3,3,3,1,3,1,1,3,1,0,3,3,3,3,3,3,1,3,1,3,3,3,3,0,1,3,3,3,2,1,3,3,1,1,1,3,0,1,3,1,0,3,2,2,2,3,3,3,3,3,3,3,1,3,3,3,3,1,1,1,3 ks=0,0,0,0,0,152,0,0,0,0,0,0,0,0,154,91,208,91,0,171,0,0,0,64,0,0,0,124,0,0,0,24,163,116,0,0,0,0,128,0,128,0,0,255,0,0,0,0,0,253,0,0,0,0,0,0,0,0,0,12,0,0,200,28
00455 features=937 size=10 p=5 tap=18 reset=true scheme=4 ops=2,3,3,3,0,3,2,2,3,2,2,0,3,3,3,2,3,3,3,3,2,2,2,3,2,2,3,1,3,3,3,0,3,3,2,2,0,2,2,2,3,2,0,3,3,2,2,2,3,2,3,2,3,2,2,2,3,2,3,3,2,2,3,2 ks=0,0,0,0,89,152,0,113,0,255,0,0,0,0,0,91,0,88,0,0,0,0,0,0,0,0,0,0,0,0,0,0,129,198,0,0,0,2,0,0,0,0,0,0,0,0,0,0,0,119,0,0,0,0,0,0,0,0,0,0,0,0,0,0
00456 features=867 size=2 p=5 tap=6 reset=true scheme=2 ops=2,3,3,3,0,3,2,2,3,3,3,3,3,3,3,2,3,3,3,3,2,2,2,3,3,3,2,1,2,3,3,0,0,3,1,0,0,2,2,2,3,2,3,3,3,2,2,2,3,2,3,3,2,2,2,0,3,2,3,3,2,2,3,2 ks=0,0,0,0,0,152,252,0,0,0,0,0,0,0,0,0,0,0,0,0,0,0,0,0,0,0,0,0,0,0,0,0,0,0,0,0,0,0,0,0,0,0,0,0,0,0,0,0,0,0,0,0,0,0,0,0,0,0,0,0,0,0,0,0
00457 features=670 size=6 p=5 tap=41 reset=false scheme=4 ops=2,3,3,3,0,3,2,2,3,3,0,3,3,3,3,2,3,3,3,3,2,2,2,3,0,3,2,1,2,3,3,0,0,1,2,3,2,2,2,2,3,2,3,0,2,2,2,2,3,2,3,3,2,2,2,2,3,2,3,3,2,2,3,2 ks=0,0,0,0,0,0,0,0,0,0,0,0,0,0,0,0,0,0,0,152,0,0,0,0,0,0,0,0,0,0,0,156,128,114,0,0,0,0,0,0,0,253,0,0,0,0,0,0,0,0,0,1,0,0,0,0,0,0,0,0,0,0,0,0
00458 features=736 size=8 p=5 tap=41 reset=true scheme=3 ops=2,3,3,3,3,3,3,3,3,3,3,3,3,3,3,2,3,3,3,3,2,2,2,3,2,2,2,2,2,3,3,2,3,3,2,2,2,2,2,3,3,2,3,3,3,2,2,2,3,2,3,3,2,2,2,2,3,2,3,3,2,3,3,2 ks=0,0,0,0,0,0,0,0,0,175,0,0,0,0,0,64,0,88,0,171,0,0,0,0,0,0,0,0,0,100,0,0,128,116,0,0,0,0,0,0,0,0,0,0,0,0,0,0,0,0,0,0,0,0,2,0,0,0,0,0,0,0,0,0
00459 features=651 size=12 p=10 tap=41 reset=false scheme=3 ops=2,3,3,3,2,3,2,2,3,2,2,3,3,3,3,2,3,3,3,0,3,3,3,3,3,3,2,2,2,3,3,3,2,3,2,2,2,2,2,2,3,2,3,2,3,2,2,2,3,2,3,3,2,2,2,3,3,2,3,3,2,2,3,2 ks=0,0,0,0,89,152,0,0,0,0,0,0,0,0,154,91,255,91,0,171,0,0,0,64,0,0,0,0,0,0,2,0,128,116,0,0,0,0,0,0,0,0,0,0,2,0,0,0,0,0,0,0,0,0,0,0,0,0,0,0,0,0,0,0
00460 features=569 size=6 p=1 tap=54 reset=true scheme=3 ops=1,3,1,3,2,3,2,3,1,3,2,3,3,3,3,1,3,3,3,3,3,3,3,3,3,3,0,1,1,3,3,1,1,3,3,1,1,3,3,3,3,3,3,1,3,0,0,0,3,3,3,3,0,3,1,1,3,1,3,3,3,3,3,1 ks=0,0,0,0,0,0,0,0,0,0,0,0,0,0,0,0,0,0,0,167,0,0,0,0,0,0,0,0,0,0,0,0,128,116,0,0,0,0,0,0,0,4,0,0,0,0,0,0,0,0,0,0,0,0,2,0,0,0,0,0,0,2,0,0
00461 features=623 size=9 p=5 tap=41 reset=false scheme=2 ops=2,3,3,2,1,3,2,2,3,2,2,3,3,3,3,2,3,3,3,3,2,2,2,3,3,3,2,1,2,3,3,0,0,3,2,2,2,1,2,2,3,2,3,3,3,2,2,2,3,2,3,3,2,2,2,2,3,2,3,3,2,2,3,2 ks=0,0,0,0,0,0,0,0,0,0,0,0,0,0,154,91,0,91,0,171,0,0,0,0,0,4,0,2,0,0,4,0,134,116,0,0,0,0,0,0,0,0,0,0,0,0,0,0,0,0,0,0,0,0,0,0,0,0,0,0,0,0,0,0
00462 features=786 size=6 p=10 tap=18 reset=true scheme=2 ops=2,3,3,3,0,3,2,2,3,2,2,0,3,3,3,2,3,3,3,1,2,2,2,3,2,2,3,1,3,3,3,0,0,3,2,2,2,2,2,0,3,2,3,3,3,2,2,2,0,2,3,2,3,2,2,2,3,2,3,3,2,2,3,2 ks=0,0,0,0,0,152,210,113,0,255,0,0,0,0,0,91,0,91,0,0,0,0,0,0,0,0,0,0,0,0,0,0,0,0,0,0,0,0,0,0,0,0,0,0,0,0,0,0,0,0,0,0,0,0,0,0,0,0,0,0,0,0,0,0
00463 features=681 size=14 p=5 tap=41 reset=true scheme=2 ops=1,3,3,3,3,3,1,3,1,3,3,1,3,3,3,3,3,3,3,1,1,1,3,3,3,3,3,1,0,3,3,1,1,3,3,1,0,1,3,1,1,3,3,3,3,2,2,2,3,2,3,3,2,2,2,0,3,2,3,3,2,2,3,3 ks=0,0,0,0,0,152,0,0,0,0,0,0,0,0,154,91,208,91,0,171,0,0,0,64,0,1,0,124,0,0,0,0,128,116,0,0,0,0,0,0,128,0,142,0,0,0,0,0,255,0,0,0,0,0,0,0,0,0,0,0,0,0,0,0
00464 features=636 size=10 p=5 tap=41 reset=true scheme=0 ops=1,3,3,3,3,3,1,3,1,3,3,1,3,3,3,3,3,3,3,1,1,1,3,3,3,3,3,1,2,3,3,0,0,3,3,1,0,1,3,1,3,3,3,3,3,2,2,2,2,2,3,3,2,2,2,0,3,2,3,3,1,1,3,3 ks=0,0,0,0,0,0,0,0,0,0,0,0,0,0,154,91,128,0,0,171,0,0,241,64,0,0,0,0,0,0,0,0,254,116,0,0,0,0,0,0,128,0,0,0,0,0,0,0,255,0,0,0,0,0,0,0,0,0,0,0,0,0,0,0
00465 features=717 size=4 p=5 tap=41 reset=true scheme=2 ops=3,3,3,3,3,3,3,3,3,3,3,3,3,3,3,3,3,3,3,3,3,3,3,3,3,3,3,3,3,3,3,3,3,3,3,3,3,3,3,3,3,3,3,3,3,3,3,3,3,3,3,3,3,3,3,3,3,3,3,3,3,3,3,3 ks=0,0,0,0,0,0,0,0,0,0,0,0,0,0,0,0,0,0,0,0,0,0,0,2,0,0,0,0,0,0,0,0,128,60,0,0,0,0,0,0,32,0,0,0,0,0,0,0,0,0,0,0,0,0,0,0,0,0,0,0,0,0,0,0
00466 features=520 size=1 p=10 tap=54 reset=false scheme=2 ops=2,3,3,3,0,3,2,2,3,2,2,3,3,3,3,2,3,3,3,0,2,2,2,3,3,3,2,2,2,3,3,0,0,3,2,2,2,2,2,2,3,2,3,0,3,2,2,2,3,2,3,3,3,2,2,2,1,2,3,2,2,2,3,2 ks=0,0,0,0,0,0,0,0,0,0,0,0,0,0,0,0,0,0,0,0,0,0,0,0,0,0,0,0,0,0,0,0,0,0,0,0,0,0,0,0,0,0,0,0,0,0,0,0,0,0,0,0,128,0,0,0,0,0,0,0,0,0,0,0
00467 features=801 size=9 p=5 tap=10 reset=true scheme=3 ops=2,3,2,3,2,3,2,2,3,3,2,3,3,3,2,2,3,2,3,3,2,2,2,3,2,2,2,2,2,3,3,2,2,3,2,2,2,2,2,3,3,2,3,3,3,2,2,0,3,2,3,3,2,2,2,2,3,2,3,3,2,2,3,2 ks=0,0,0,0,0,152,0,0,0,0,0,0,0,0,0,0,252,0,0,173,0,0,0,0,0,0,0,0,0,0,0,2,128,116,0,0,0,0,0,0,0,17,0,0,0,0,0,0,0,0,0,0,0,0,2,0,0,0,0,163,0,0,0,0
00468 features=814 size=12 p=5 tap=42 reset=true scheme=3 ops=2,3,3,3,3,3,3,3,3,3,3,0,3,3,3,2,3,3,3,3,2,0,2,3,2,2,2,2,2,3,3,2,3,3,2,2,2,2,2,3,3,2,3,3,3,2,2,2,2,2,3,2,2,2,2,2,3,2,3,3,2,2,3,2 ks=0,0,0,0,0,4,0,0,0,175,0,0,0,0,0,91,255,88,0,171,0,0,0,0,0,0,0,0,0,0,0,0,128,116,0,0,0,1,0,0,0,0,0,0,177,0,0,0,0,0,0,0,0,0,0,0,0,0,0,76,0,0,16,0
00469 features=278 size=2 p=5 tap=41 reset=true scheme=3 ops=1,2,1,3,1,1,1,2,1,1,1,1,1,1,1,1,1,2,2,1,1,1,2,1,1,3,1,1,1,1,3,3,1,1,1,3,3,3,2,1,1,1,1,3,1,1,1,1,1,1,1,1,1,1,1,1,2,1,1,3,3,3,1,1 ks=0,0,0,0,0,0,0,0,0,0,0,0,0,0,0,0,0,0,0,0,0,0,0,0,0,0,0,0,0,0,0,0,0,0,0,0,0,0,0,0,0,0,0,0,0,0,0,0,0,0,0,2,0,0,0,0,0,0,0,130,0,0,0,0
00470 features=377 size=12 p=5 tap=10 reset=false scheme=3 ops=2,3,3,3,2,3,2,2,3,3,2,3,3,3,3,2,3,3,3,3,2,2,2,3,2,3,2,2,2,3,3,2,3,3,2,2,2,2,2,2,3,3,0,0,3,2,2,2,3,2,3,3,3,3,3,3,3,2,3,3,2,2,3,2 ks=0,0,0,128,0,0,0,0,0,57,0,0,0,86,154,1,12,0,0,171,0,0,0,0,0,0,0,0,0,0,0,0,128,116,0,0,0,0,0,0,0,0,0,16,0,0,0,0,0,0,0,0,0,0,0,0,0,0,191,12,0,0,0,0
00471 features=535 size=13 p=2 tap=41 reset=true scheme=2 ops=1,3,3,3,3,3,1,3,1,1,3,1,3,3,3,3,3,3,3,1,1,1,3,3,3,3,3,1,3,3,3,1,1,3,3,1,1,1,3,1,3,3,3,3,3,3,1,3,3,1,1,3,3,3,3,1,3,3,3,3,1,1,3,3 ks=0,0,0,0,0,152,0,0,0,0,0,0,0,0,154,0,0,91,0,171,0,0,0,64,0,0,0,0,0,175,0,0,128,60,0,0,0,0,0,0,0,0,0,0,0,0,128,112,0,0,0,0,0,0,0,0,0,0,191,12,0,0,200,0
00472 features=713 size=14 p=5 tap=41 reset=true scheme=2 ops=1,3,3,3,3,3,1,3,1,1,3,1,3,3,3,3,3,3,3,1,1,1,3,3,3,3,3,1,3,3,3,1,1,3,2,2,2,2,2,3,3,2,3,3,3,2,2,2,3,1,1,3,3,3,3,1,3,3,3,3,1,1,3,3 ks=0,0,0,0,0,152,0,0,0,0,0,0,0,0,154,91,208,91,0,171,0,0,0,64,0,0,0,0,0,0,0,0,128,116,0,0,0,0,0,0,0,4,0,0,0,0,0,0,0,0,0,0,175,0,0,0,0,0,0,12,0,0,200,28
00473 features=570 size=23 p=5 tap=41 reset=true scheme=2 ops=1,3,3,3,3,3,1,3,1,1,3,1,3,3,3,3,3,3,3,1,1,1,3,3,3,3,3,1,3,3,3,1,1,3,3,1,1,1,3,1,1,3,3,3,1,3,1,3,3,1,1,3,3,3,3,1,3,3,3,3,1,1,3,3 ks=0,0,0,0,0,152,0,0,0,0,0,0,0,0,154,91,208,91,254,171,0,0,0,64,76,0,0,124,0,0,0,0,128,116,0,0,0,0,0,0,128,0,142,0,0,110,0,112,0,0,0,0,175,163,172,0,0,0,191,12,0,0,200,28
00474 features=263 size=13 p=5 tap=41 reset=false scheme=2 ops=3,3,3,0,1,3,0,3,3,1,0,3,3,3,3,0,3,3,3,3,1,3,3,3,3,3,3,1,1,3,3,0,0,3,0,3,1,1,1,0,3,0,3,3,3,1,3,0,3,0,3,3,1,0,0,3,3,1,3,3,0,0,3,1 ks=0,0,0,0,0,0,0,0,0,0,0,0,0,0,154,91,0,54,0,171,0,254,0,0,0,4,0,0,0,0,4,29,134,116,0,0,0,0,0,0,0,0,0,0,0,0,0,0,0,0,0,0,0,178,0,0,0,0,64,0,0,0,0,156
00475 features=222 size=15 p=5 tap=41 reset=false scheme=1 ops=1,3,3,3,3,3,1,3,1,1,3,1,1,3,3,3,3,3,3,1,1,1,3,3,3,3,3,1,3,3,3,1,1,3,1,1,0,0,0,3,3,1,3,3,3,3,0,0,1,1,1,3,3,3,3,1,3,3,3,3,1,1,3,3 ks=0,0,0,0,0,128,0,0,0,0,0,0,3,0,154,0,208,91,0,171,0,0,0,64,0,0,0,0,0,0,0,0,128,116,0,0,0,0,0,0,0,4,0,0,0,0,0,0,0,0,0,0,175,0,0,0,0,0,191,12,0,0,200,28
00476 features=566 size=6 p=1 tap=49 reset=true scheme=3 ops=2,3,3,3,3,3,3,3,3,3,2,3,3,1,3,0,3,3,3,3,0,0,3,3,3,3,3,2,2,3,3,2,3,3,2,2,2,2,2,3,3,2,3,2,3,2,2,2,3,2,3,3,2,2,2,2,3,2,3,3,3,2,3,2 ks=0,0,0,0,0,0,0,0,0,0,0,0,0,0,0,0,0,0,253,0,0,0,0,0,0,0,0,0,0,0,0,32,0,116,0,0,2,0,127,0,0,4,0,0,0,0,0,0,0,0,0,0,0,0,0,0,0,0,0,0,0,0,0,0
00477 features=776 size=12 p=2 tap=41 reset=true scheme=2 ops=2,3,3,3,3,3,2,3,3,3,3,3,3,3,3,3,3,3,3,3,3,2,3,3,3,3,3,2,3,3,3,2,2,3,2,2,2,2,2,3,3,2,3,3,3,2,2,2,0,3,3,3,3,3,3,3,3,3,3,3,2,2,3,3 ks=0,8,0,0,0,152,0,0,0,0,0,0,68,0,154,91,208,91,0,171,0,0,0,64,0,0,0,0,0,0,0,0,128,116,0,0,0,0,0,0,0,4,0,0,0,0,0,0,0,0,0,0,0,0,0,0,0,0,0,0,0,0,0,0
00478 features=772 size=10 p=5 tap=41 reset=true scheme=3 ops=2,3,3,3,3,3,3,3,3,3,3,3,3,3,3,2,3,3,3,3,2,2,2,3,2,2,2,2,2,3,3,1,1,3,2,2,2,2,2,3,3,2,3,3,3,2,2,2,3,2,3,3,2,2,2,2,3,2,3,3,2,2,3,2 ks=0,0,2,0,0,0,0,0,0,175,0,0,0,0,0,0,0,88,0,171,0,0,0,0,0,0,0,0,0,0,0,0,128,116,0,0,0,0,0,0,0,0,0,0,255,0,0,0,0,0,253,0,0,0,0,0,0,0,191,12,0,0,0,0
00479 features=635 size=14 p=5 tap=41 reset=false scheme=2 ops=2,3,3,2,1,3,2,2,3,2,2,3,3,3,3,2,3,3,3,3,2,2,2,3,3,3,2,1,2,3,3,0,0,3,2,2,2,1,2,3,3,2,3,3,3,2,2,2,3,2,3,3,2,2,2,2,3,2,3,3,2,2,3,2 ks=0,0,0,0,0,0,0,0,0,0,0,0,0,0,154,1,0,91,0,171,0,0,0,0,0,4,0,0,0,0,4,29,134,116,0,0,0,0,0,0,0,4,64,0,0,0,0,0,0,0,0,0,0,178,0,0,0,0,64,0,0,0,0,156
00480 features=680 size=7 p=5 tap=14 reset=false scheme=2 ops=2,3,1,3,2,3,2,2,1,0,2,3,3,3,3,2,3,3,3,0,2,2,2,3,3,3,2,2,2,3,3,2,3,3,2,2,2,2,2,2,3,2,3,3,3,2,2,1,3,2,3,3,2,2,2,0,3,2,3,3,2,2,3,2 ks=0,0,0,0,0,0,0,0,0,0,0,0,0,86,154,0,0,27,0,171,0,0,0,0,0,0,0,0,0,0,0,0,136,0,0,0,0,0,0,94,0,4,0,0,0,0,0,0,0,0,0,0,0,0,0,0,0,0,0,0,0,0,0,0
00481 features=663 size=7 p=10 tap=41 reset=false scheme=2 ops=2,3,3,3,0,3,2,2,3,2,2,3,3,3,3,2,3,3,0,0,2,2,2,3,3,3,2,2,2,3,3,0,0,3,2,2,2,2,2,2,3,2,3,0,3,2,2,2,3,2,3,3,3,2,2,2,3,2,3,3,2,2,2,2 ks=0,0,0,0,0,0,0,113,0,0,0,0,0,0,154,91,0,91,0,171,0,0,0,0,0,0,0,0,0,0,0,0,128,116,0,0,0,0,0,0,0,0,0,0,0,0,0,0,0,0,0,0,0,0,0,0,0,0,0,0,0,0,0,0
00482 features=498 size=13 p=1 tap=41 reset=false scheme=2 ops=2,3,3,2,1,3,2,2,3,2,2,3,3,3,3,2,3,3,3,3,2,2,2,3,3,3,2,1,2,3,3,0,0,3,2,2,2,3,2,3,3,2,3,3,3,2,2,2,3,2,3,3,3,2,2,2,3,2,3,3,2,2,3,2 ks=0,0,0,0,0,0,0,0,0,0,0,0,0,0,154,91,0,91,0,171,0,0,0,0,0,4,0,0,0,0,4,29,134,116,0,0,0,0,0,0,0,4,64,0,0,0,0,0,0,0,0,0,0,0,0,0,0,0,64,0,0,0,0,156
00483 features=546 size=16 p=5 tap=41 reset=true scheme=2 ops=1,3,3,3,3,3,1,3,1,1,3,1,3,3,3,3,3,3,3,1,1,1,3,3,3,3,3,1,3,3,3,1,1,3,3,1,1,1,3,1,3,0,3,3,3,3,1,3,3,1,1,3,3,3,3,1,3,3,3,3,1,1,3,3 ks=0,0,0,0,0,152,0,0,0,0,0,0,0,0,154,91,0,91,0,171,0,0,0,64,0,0,254,0,0,175,244,0,128,60,0,0,0,0,0,0,0,0,0,0,0,0,128,112,0,0,0,0,0,0,0,0,0,0,191,12,0,0,200,0
00484 features=852 size=14 p=2 tap=42 reset=true scheme=3 ops=2,3,3,3,2,3,2,2,3,3,2,3,3,3,3,2,3,3,3,3,2,0,2,3,2,2,2,2,2,3,3,2,3,3,2,2,2,2,2,3,3,2,3,3,3,2,2,2,2,2,3,2,2,2,2,2,3,2,3,3,2,2,3,2 ks=0,0,0,0,89,255,0,0,255,2,77,0,0,0,0,91,151,88,0,171,0,0,0,0,0,0,0,0,0,0,0,0,128,116,0,0,0,0,0,0,0,0,0,0,0,0,0,0,0,0,1,0,0,0,0,0,0,0,128,76,0,0,0,0
00485 features=613 size=15 p=5 tap=10 reset=false scheme=1 ops=2,3,3,3,2,3,2,2,3,3,2,3,3,3,3,1,3,3,3,1,1,1,2,3,1,3,2,2,2,3,3,0,3,3,2,2,2,2,2,2,3,1,3,0,3,2,2,2,3,1,1,3,3,3,3,1,3,3,3,3,1,1,3,2 ks=0,0,0,252,0,0,0,0,0,57,152,0,0,86,154,91,212,0,0,171,0,0,0,0,0,0,0,0,0,0,0,0,128,116,0,0,0,0,0,0,0,0,0,0,0,0,0,0,0,128,0,0,175,0,0,0,0,0,191,12,0,0,0,254
00486 features=914 size=3 p=5 tap=41 reset=true scheme=1 ops=2,3,1,3,2,3,2,2,1,3,2,3,3,3,3,2,3,3,3,3,2,2,2,3,2,0,2,1,2,3,3,0,0,3,1,0,0,2,2,2,3,2,3,3,3,2,2,2,3,2,3,3,2,2,2,2,0,2,3,0,0,0,3,2 ks=0,0,0,0,0,0,0,0,0,0,0,0,0,0,0,0,0,0,0,175,0,0,0,0,0,0,0,0,0,0,0,0,0,0,0,0,0,0,0,0,254,36,0,0,0,0,0,0,0,0,0,0,0,0,0,0,0,0,0,0,0,0,0,0
00487 features=656 size=13 p=5 tap=41 reset=true scheme=2 ops=1,3,3,3,3,3,1,3,1,3,3,1,3,3,3,2,3,3,3,1,1,1,3,3,3,3,3,1,3,3,3,1,1,3,3,1,1,1,3,1,1,3,3,3,3,2,2,2,3,2,3,3,2,2,2,0,3,2,3,3,1,1,3,3 ks=0,0,0,0,0,152,0,0,0,0,0,0,0,0,154,91,208,91,0,171,0,0,0,64,0,0,0,124,0,0,0,0,128,119,0,0,0,0,0,0,128,0,142,0,0,0,0,0,255,0,0,0,0,0,0,0,0,0,0,0,0,0,0,0
00488 features=604 size=18 p=5 tap=41 reset=true scheme=2 ops=1,3,3,3,3,3,1,3,1,1,3,1,3,3,3,3,3,3,3,1,1,1,3,3,3,3,3,1,3,3,3,1,1,3,3,1,1,0,3,1,1,3,3,3,3,3,1,3,3,1,1,3,3,3,3,1,3,3,3,3,1,1,3,3 ks=0,0,0,0,0,152,0,0,0,0,0,0,0,0,154,91,208,91,0,171,0,0,0,64,0,0,0,0,0,0,0,0,128,116,0,0,0,0,0,128,128,0,142,0,0,110,128,112,0,0,0,0,0,0,0,0,0,0,191,12,0,0,0,28
00489 features=521 size=9 p=10 tap=41 reset=false scheme=0 ops=2,3,3,3,0,0,2,2,3,2,2,0,3,3,1,2,2,3,2,1,1,1,3,3,3,3,2,2,2,3,3,0,0,3,2,2,2,2,0,2,3,2,3,1,3,2,2,2,3,2,3,3,3,2,2,2,3,2,3,3,2,2,3,2 ks=0,0,0,0,89,216,0,0,0,0,0,0,0,0,154,0,0,0,0,171,0,0,0,0,0,0,0,0,0,0,0,0,0,116,0,2,0,0,0,0,0,0,0,0,0,0,0,0,0,0,0,0,0,0,0,0,2,0,220,12,0,0,0,0
00490 features=934 size=7 p=5 tap=33 reset=true scheme=2 ops=2,3,3,2,1,3,2,2,3,2,2,3,3,3,3,2,3,3,3,3,2,2,3,3,3,3,2,1,2,3,3,0,0,3,2,2,2,2,2,2,3,1,3,0,3,2,2,2,3,2,3,3,3,2,2,2,3,2,3,3,2,2,3,2 ks=0,0,0,0,0,253,0,0,0,4,0,0,0,0,154,91,0,91,0,171,0,0,0,0,0,0,0,0,0,0,0,0,0,116,0,0,0,0,0,0,0,0,0,0,0,0,0,0,0,0,0,0,0,0,0,0,0,0,0,0,0,0,0,0
00491 features=780 size=11 p=5 tap=41 reset=true scheme=3 ops=2,3,3,3,3,3,3,3,3,3,3,0,3,3,3,2,3,3,3,3,2,2,2,3,2,2,2,2,2,3,3,2,3,3,2,2,2,2,2,3,3,2,3,3,3,2,2,2,3,2,3,3,2,2,2,2,3,2,3,3,2,2,3,2 ks=0,0,2,0,0,0,0,0,0,175,0,0,0,0,0,0,0,0,0,139,0,151,0,0,0,0,0,0,0,43,0,0,53,244,0,0,0,0,0,0,254,0,0,0,0,0,0,0,0,251,0,0,0,0,0,0,0,0,191,12,0,0,0,0
00492 features=817 size=11 p=1 tap=18 reset=true scheme=3 ops=2,3,3,3,3,3,3,3,3,3,3,3,3,3,3,2,3,3,3,3,2,2,2,3,3,2,2,2,2,3,3,2,3,3,2,2,2,2,2,3,3,2,3,3,3,2,2,2,2,2,3,2,2,2,2,2,0,2,3,3,2,2,3,2 ks=0,0,0,3,0,4,0,0,0,175,0,0,0,252,0,91,0,88,0,171,0,0,0,0,0,0,0,0,0,0,0,0,128,116,0,0,0,0,253,0,0,128,0,0,0,0,0,0,0,0,0,0,0,0,0,0,0,0,0,0,0,0,0,0
00493 features=379 size=12 p=5 tap=10 reset=false scheme=3 ops=2,3,3,3,2,3,2,2,3,3,2,3,3,3,3,2,3,3,3,3,2,2,2,3,2,3,2,2,2,3,3,2,3,3,2,2,2,2,2,2,3,3,0,0,3,2,2,2,3,2,3,3,3,3,3,3,3,2,3,3,2,2,3,2 ks=0,0,0,128,0,0,0,0,0,57,0,0,254,86,154,1,0,0,0,171,0,0,0,0,0,0,0,0,0,0,0,0,128,116,0,0,0,0,0,0,0,0,0,16,0,0,0,0,0,0,0,0,0,0,0,0,0,0,191,12,0,0,0,0
00494 features=770 size=8 p=10 tap=41 reset=true scheme=3 ops=2,3,3,3,3,3,3,3,3,3,3,3,3,3,3,2,2,3,3,3,3,2,2,3,2,2,2,2,2,3,3,2,3,3,2,2,2,2,2,3,3,2,3,3,3,2,2,2,3,2,3,3,2,2,2,2,3,2,3,3,2,2,3,2 ks=0,0,0,0,0,0,0,0,0,175,0,0,0,0,0,64,0,88,0,171,0,169,0,0,0,0,0,0,0,0,0,0,128,116,0,0,0,0,0,0,0,0,0,0,0,0,0,0,0,0,0,0,0,0,2,0,0,0,0,0,0,0,0,0
00495 features=459 size=19 p=10 tap=33 reset=false scheme=2 ops=1,3,3,3,3,3,1,3,1,1,3,1,0,3,3,3,3,3,3,1,3,1,3,3,3,3,0,1,3,3,3,2,1,3,3,1,1,1,3,0,1,3,1,0,3,2,2,2,3,3,3,3,3,3,3,1,3,3,3,3,1,1,1,3 ks=0,0,0,0,0,152,0,0,0,0,0,0,0,0,154,91,208,89,2,171,0,0,0,64,0,0,0,124,0,0,0,24,163,116,0,0,0,0,128,0,128,0,0,255,0,0,0,0,0,253,0,0,0,0,0,0,0,0,0,12,0,0,200,28
00496 features=911 size=8 p=5 tap=18 reset=true scheme=2 ops=2,3,3,3,0,3,2,2,3,2,2,3,3,3,3,2,1,3,3,0,2,1,2,3,3,3,2,2,2,3,3,0,0,3,2,2,2,2,2,2,3,2,3,0,3,2,2,2,3,2,3,2,3,2,2,2,3,2,3,3,2,2,3,2 ks=0,0,0,0,89,152,0,112,0,255,0,0,0,0,154,91,0,91,0,0,128,0,0,0,0,0,0,0,0,0,0,0,0,0,0,0,0,0,0,0,0,0,0,0,0,0,0,0,0,0,0,0,0,0,0,0,0,0,0,0,0,0,0,0
00497 features=627 size=5 p=10 tap=54 reset=false scheme=2 ops=2,3,3,2,1,3,2,2,3,2,2,3,3,3,3,2,3,3,3,3,2,2,2,3,3,3,2,1,2,3,3,0,0,3,2,2,2,2,2,2,3,1,3,0,3,2,2,2,3,3,3,3,3,2,2,2,3,2,3,3,2,2,3,2 ks=0,0,0,0,0,0,0,0,0,0,0,0,0,0,154,0,0,0,0,171,0,0,0,0,0,0,0,0,0,0,0,0,128,116,0,0,0,0,0,0,0,0,0,0,0,0,0,0,0,0,0,0,253,0,0,0,0,0,0,0,0,0,0,0
00498 features=859 size=7 p=10 tap=41 reset=true scheme=0 ops=0,3,3,3,0,3,1,3,3,3,3,3,3,3,3,0,3,3,3,3,1,0,3,3,3,3,3,0,3,0,3,0,0,3,1,0,3,0,0,3,3,1,3,0,3,0,3,3,3,1,3,3,3,1,3,0,3,0,3,3,1,3,3,1 ks=0,0,0,0,127,152,0,0,0,0,0,0,0,0,0,0,0,91,0,0,0,0,0,0,0,0,0,0,0,0,0,64,128,116,0,0,0,0,0,0,0,64,0,0,0,0,0,0,0,0,0,0,0,0,0,0,0,0,0,0,0,0,0,0
00499 features=797 size=8 p=2 tap=41 reset=true scheme=1 ops=0,3,1,3,0,3,0,1,1,3,1,3,3,3,3,0,3,0,3,3,1,0,0,3,0,1,3,0,0,3,3,1,0,3,0,0,0,0,0,0,3,0,3,3,3,3,1,0,3,1,3,3,1,2,2,0,3,2,3,3,2,2,3,3 ks=0,0,0,0,0,0,255,0,0,0,0,0,0,0,0,0,0,0,0,175,0,0,0,0,0,0,0,0,0,0,0,2,128,116,0,0,0,0,73,0,0,4,0,0,0,0,0,0,0,0,0,0,0,0,0,0,0,0,0,0,0,0,0,28
00500 features=969 size=2 p=5 tap=41 reset=true scheme=2 ops=2,2,3,2,1,3,2,2,3,2,2,3,3,3,3,2,3,3,3,3,2,2,2,3,3,3,2,1,2,3,3,0,0,3,2,2,2,2,2,2,3,1,3,0,3,2,2,2,3,2,3,3,3,2,2,2,3,2,3,3,2,2,3,2 ks=0,0,0,0,0,0,0,0,0,0,0,0,0,0,0,0,0,0,0,164,0,0,0,0,0,0,0,0,0,0,0,0,0,100,0,0,0,0,0,0,0,0,0,0,0,0,0,0,0,0,0,0,0,0,0,0,0,0,0,0,0,0,0,0
00501 features=736 size=11 p=5 tap=41 reset=true scheme=3 ops=2,3,0,3,3,3,3,3,3,3,3,3,3,3,3,2,3,3,3,3,2,2,2,3,2,2,2,2,2,3,3,2,3,3,3,2,2,2,2,3,3,2,3,3,3,2,2,2,3,2,3,0,2,2,2,2,3,2,3,3,2,2,3,2 ks=0,0,18,0,0,0,0,0,0,175,126,0,0,0,0,0,0,88,0,171,0,0,0,0,0,0,0,0,0,0,0,0,53,116,0,0,0,0,0,0,0,0,0,0,255,0,0,0,0,0,253,0,0,0,0,0,0,0,191,12,0,0,0,0
00502 features=788 size=11 p=5 tap=41 reset=true scheme=3 ops=2,3,3,3,3,3,3,3,3,3,3,0,3,3,3,2,3,3,3,3,2,2,2,3,3,2,2,2,2,3,3,2,3,3,2,2,2,2,2,3,3,2,3,3,3,2,2,2,3,2,3,3,2,2,2,2,3,2,3,3,2,2,3,2 ks=0,0,2,0,0,0,0,0,0,175,0,0,0,0,0,0,0,0,0,139,0,151,0,0,0,0,0,0,0,43,0,0,53,244,0,0,0,0,0,0,254,0,0,0,0,0,0,0,0,251,0,0,0,0,0,0,0,0,191,12,0,0,0,0
00503 features=802 size=9 p=10 tap=41 reset=true scheme=3 ops=2,3,3,3,3,3,3,3,3,3,3,3,3,3,3,2,2,1,3,3,3,2,2,3,2,2,2,2,2,3,3,2,3,3,2,2,2,2,2,3,3,2,3,3,3,2,2,2,3,2,3,3,2,2,2,2,3,2,3,3,2,2,3,2 ks=0,0,0,0,0,0,0,0,0,175,0,0,0,0,0,64,0,88,0,171,0,169,0,0,0,0,0,0,0,0,0,0,128,116,0,0,0,0,0,0,0,0,0,0,0,16,0,0,0,0,0,0,0,0,2,0,0,0,0,0,0,0,0,0
00504 features=660 size=6 p=1 tap=41 reset=false scheme=2 ops=2,3,3,3,0,3,1,1,0,0,0,0,3,1,3,2,3,3,3,3,2,2,2,3,0,3,2,2,2,3,3,2,3,1,2,2,2,2,2,2,3,1,3,3,3,2,2,2,3,2,3,3,2,2,2,2,3,2,3,3,2,2,3,2 ks=0,0,0,0,0,0,0,0,0,0,0,0,0,0,0,0,0,0,0,171,0,0,0,0,0,0,0,0,0,32,0,0,128,116,0,0,0,0,0,0,0,0,0,0,0,0,0,0,0,0,0,0,0,0,0,0,0,0,191,12,0,0,0,0
00505 features=710 size=15 p=10 tap=41 reset=true scheme=2 ops=2,3,3,3,3,3,2,3,3,3,3,3,3,3,3,3,3,3,3,2,2,2,3,3,3,3,3,2,2,3,3,2,1,3,3,3,2,2,3,3,2,3,3,3,3,2,2,2,3,2,3,3,2,2,2,2,3,2,3,3,2,3,2,3 ks=0,0,0,0,0,0,0,255,0,0,0,0,0,0,232,91,208,91,0,171,0,0,0,64,0,32,0,124,0,0,0,0,128,116,0,194,0,0,0,0,127,0,142,0,0,0,0,0,255,0,0,0,0,0,0,0,0,0,0,0,0,0,0,0
00506 features=647 size=11 p=1 tap=18 reset=true scheme=3 ops=2,3,3,3,3,3,3,3,3,3,3,3,3,3,3,2,3,3,3,3,2,2,2,3,3,2,2,2,2,3,3,2,3,3,2,2,2,2,2,3,3,2,3,3,3,2,2,2,2,2,1,1,1,1,1,1,2,1,1,3,3,2,3,2 ks=0,0,0,3,0,4,0,0,8,175,0,0,0,252,0,91,0,88,0,171,0,0,0,0,0,0,0,0,0,0,0,0,0,0,0,0,0,0,0,0,0,0,0,0,0,0,0,0,0,0,0,2,0,0,0,0,0,0,0,0,0,204,0,8
00507 features=711 size=12 p=10 tap=53 reset=true scheme=3 ops=2,3,3,3,0,3,2,2,3,2,2,3,3,3,3,2,3,3,3,3,1,2,2,3,3,3,2,1,2,2,3,0,0,3,1,0,0,2,2,2,3,2,3,3,3,2,1,2,3,2,3,3,2,2,2,0,3,2,3,3,2,2,3,2 ks=0,0,0,0,0,0,253,180,0,0,0,0,0,0,0,91,0,91,0,128,0,0,0,0,0,0,0,0,0,0,0,0,128,120,0,0,0,0,0,232,0,0,0,8,0,0,0,0,0,0,0,0,1,0,0,0,0,0,0,255,2,0,0,0
00508 features=943 size=5 p=10 tap=41 reset=true scheme=2 ops=2,2,3,3,2,3,2,2,3,3,2,3,3,3,3,2,3,3,3,3,2,2,2,3,3,3,2,2,2,3,3,2,3,3,2,2,2,2,2,2,3,1,3,0,3,2,1,2,3,2,3,3,2,2,2,2,3,2,3,3,2,2,3,2 ks=0,0,0,0,0,152,0,0,0,0,0,0,0,0,0,0,0,0,0,169,0,0,0,0,0,0,0,0,0,0,127,0,24,116,0,0,0,0,0,0,0,0,0,0,0,0,0,0,0,0,0,0,0,0,0,0,0,0,0,0,0,0,0,0
00509 features=915 size=9 p=10 tap=41 reset=true scheme=2 ops=2,3,3,3,0,3,2,2,3,2,2,3,3,3,3,2,3,3,3,3,2,2,2,3,3,3,2,1,2,3,3,0,0,3,1,0,0,0,0,3,3,0,0,3,3,0,0,3,3,3,3,3,2,2,2,0,3,2,3,3,2,3,3,2 ks=0,0,0,0,0,0,253,180,0,0,0,0,0,0,0,91,0,91,128,152,0,0,0,0,0,0,0,0,0,0,0,0,128,116,0,0,0,0,0,2,0,0,0,0,0,0,0,0,0,0,0,0,0,0,0,0,0,0,0,0,0,0,0,0
00510 features=257 size=2 p=5 tap=41 reset=true scheme=3 ops=1,2,1,3,1,1,1,1,1,1,1,1,1,1,1,1,1,2,2,1,1,1,2,1,1,3,1,1,1,1,3,3,1,1,1,3,3,3,2,1,1,1,1,3,1,1,1,1,1,1,1,1,1,1,1,1,2,1,1,3,3,3,1,1 ks=0,0,0,0,0,0,0,0,0,0,0,0,0,0,0,0,0,0,0,0,0,0,0,0,0,0,0,0,0,0,0,0,0,0,0,0,0,0,0,0,0,0,0,0,0,0,0,0,0,0,0,2,0,0,0,0,0,0,0,246,0,0,0,0
00511 features=868 size=17 p=10 tap=41 reset=true scheme=3 ops=2,3,3,3,2,3,2,2,3,3,2,3,3,1,3,2,3,3,1,0,0,3,3,3,2,2,2,2,2,3,3,2,3,3,2,2,2,2,2,3,3,2,3,2,3,2,2,2,3,2,3,3,2,2,2,2,3,2,3,3,2,2,3,2 ks=0,0,134,0,0,2,0,0,0,0,0,0,0,86,154,0,208,91,0,171,0,0,2,0,0,0,0,0,253,0,0,32,55,116,0,0,32,0,0,0,0,4,0,0,0,252,0,0,252,0,0,0,0,0,0,0,4,0,0,0,0,0,0,0
00512 features=670 size=17 p=5 tap=41 reset=true scheme=0 ops=1,2,3,3,3,3,1,3,1,3,3,1,3,3,3,3,3,3,3,1,1,1,1,3,3,3,3,1,0,3,3,1,1,3,3,1,0,1,3,3,2,3,3,3,3,2,2,2,3,2,3,3,2,2,2,0,3,2,3,3,1,1,3,3 ks=0,0,0,0,0,152,0,136,0,0,0,0,0,0,154,91,208,91,0,171,0,0,0,64,0,0,0,124,0,0,0,0,128,116,0,254,0,0,0,0,127,0,142,0,0,0,0,0,255,0,0,0,0,0,239,0,0,0,0,254,0,0,0,0
00513 features=475 size=6 p=5 tap=41 reset=false scheme=0 ops=2,3,3,3,0,3,2,2,1,3,3,3,3,3,3,2,3,3,3,0,2,2,2,3,3,3,2,1,2,0,3,0,0,3,1,0,0,2,2,2,3,2,3,3,3,2,2,2,3,2,3,3,3,2,2,0,3,2,3,3,2,2,3,2 ks=0,0,0,0,0,0,0,0,0,0,0,0,0,0,152,91,0,91,0,171,0,0,0,0,0,0,0,0,0,0,0,0,0,112,0,0,0,0,0,0,0,0,0,0,0,0,0,8,0,0,0,0,0,0,0,0,0,0,0,0,0,0,0,0
00514 features=742 size=4 p=5 tap=41 reset=true scheme=3 ops=0,2,2,3,0,2,3,3,2,0,2,3,0,3,0,0,0,2,2,2,3,3,2,3,2,3,2,3,0,0,3,3,0,2,2,3,3,3,2,3,2,3,3,3,0,3,3,2,0,3,0,2,0,0,2,0,2,0,3,3,3,3,3,2 ks=0,0,0,0,0,0,0,0,0,0,0,0,0,0,0,0,0,0,0,0,0,0,0,0,0,0,0,0,0,0,0,0,0,0,0,0,0,0,2,128,0,0,0,0,0,0,0,0,0,0,0,2,0,0,0,0,0,191,0,0,0,0,0,0
00515 features=414 size=10 p=10 tap=41 reset=false scheme=0 ops=3,3,1,3,0,0,1,0,3,1,0,0,3,3,1,0,3,3,0,1,1,1,3,3,3,3,1,0,0,3,3,0,0,3,1,3,1,1,0,3,3,0,3,3,3,0,0,1,3,0,3,3,3,1,1,1,3,0,3,3,1,0,3,1 ks=0,0,0,0,89,216,0,0,0,0,0,0,0,0,154,0,0,0,0,171,0,0,0,96,0,0,0,0,0,0,0,0,0,116,0,2,0,0,0,0,0,0,0,0,0,0,0,0,0,0,0,0,0,0,0,0,2,0,220,12,0,0,0,0
00516 features=421 size=5 p=10 tap=41 reset=false scheme=2 ops=2,3,1,3,2,3,2,2,1,3,2,3,3,3,3,2,3,3,3,3,2,1,3,3,3,2,2,2,2,3,3,3,0,3,2,2,2,0,2,3,3,2,3,3,3,3,1,3,3,2,3,3,2,2,2,2,3,2,3,3,2,2,3,2 ks=0,0,0,0,0,0,0,0,0,0,0,0,0,0,0,0,0,0,0,0,0,0,0,0,1,0,0,0,0,0,0,4,128,194,0,0,0,0,0,0,0,4,0,0,0,0,0,0,0,0,0,0,0,0,0,0,0,0,0,0,0,0,0,0
00517 features=652 size=7 p=2 tap=41 reset=false scheme=3 ops=2,3,3,3,3,3,3,3,3,3,3,0,3,3,3,2,3,3,3,3,2,2,2,3,2,2,2,2,2,3,3,0,3,3,2,2,2,2,2,3,3,2,3,3,3,2,2,0,2,2,3,2,2,2,2,2,0,2,3,3,2,2,3,2 ks=0,0,0,64,0,0,0,0,0,175,0,0,0,0,0,0,0,88,0,171,0,0,0,0,0,0,0,0,0,0,0,0,128,116,0,0,0,0,0,0,0,0,0,0,0,0,0,0,0,0,0,0,0,0,0,253,0,0,0,0,0,0,0,0
00518 features=757 size=12 p=5 tap=41 reset=true scheme=3 ops=2,3,3,3,3,3,3,3,3,3,3,3,3,3,3,2,3,3,3,3,2,2,2,3,3,3,2,2,2,3,3,1,1,3,2,2,2,2,2,3,3,2,3,3,3,2,2,2,3,2,3,3,2,2,2,2,3,2,3,3,2,2,3,2 ks=0,0,2,0,0,0,0,0,0,175,32,0,0,0,0,0,0,88,0,171,0,0,0,0,0,0,0,0,0,0,0,0,128,116,0,0,0,0,0,0,0,0,0,0,255,0,0,0,0,0,253,0,0,0,0,0,128,0,191,12,0,0,0,0
00519 features=482 size=19 p=10 tap=33 reset=false scheme=2 ops=1,3,3,3,3,3,1,3,1,1,3,0,0,3,3,3,3,3,3,1,3,1,3,3,3,3,0,1,3,3,3,2,1,3,3,1,1,1,3,0,1,3,1,3,3,2,2,2,3,3,3,3,3,3,2,1,3,3,3,3,1,1,1,3 ks=0,0,0,0,0,152,0,0,0,0,0,0,0,0,154,91,208,89,2,171,0,0,0,64,0,0,0,124,0,0,0,24,163,116,0,0,0,0,128,0,125,0,0,255,0,0,0,0,0,253,0,0,0,0,0,0,0,0,0,12,0,0,200,28
00520 features=737 size=8 p=5 tap=41 reset=true scheme=3 ops=2,3,3,3,3,3,3,3,3,3,3,3,3,3,3,2,3,3,3,3,2,2,2,3,2,2,2,2,2,3,3,0,0,3,2,0,0,2,2,2,3,2,2,3,3,2,2,2,3,2,3,3,2,2,2,2,3,2,3,3,2,3,3,2 ks=0,0,0,0,0,0,0,0,0,175,0,0,0,0,0,64,0,88,0,171,0,0,0,0,0,0,0,0,0,100,0,0,128,120,0,0,0,0,0,0,0,0,0,0,0,0,0,0,0,0,0,0,0,0,2,0,0,0,0,0,0,0,0,0
00521 features=440 size=7 p=5 tap=10 reset=false scheme=1 ops=2,3,3,3,2,3,2,2,3,3,2,3,3,3,3,1,3,3,3,1,1,1,2,3,1,3,2,2,2,3,3,0,3,3,2,2,2,2,2,2,3,1,3,0,3,2,2,2,3,1,1,3,3,3,3,1,3,3,3,3,1,1,3,2 ks=0,0,0,252,0,0,0,0,0,57,152,0,0,86,26,91,212,0,0,0,0,0,0,0,0,0,0,0,0,0,0,0,0,0,0,0,0,0,0,0,0,0,0,0,0,0,0,0,0,0,0,0,0,0,0,0,0,0,0,0,0,0,0,0
00522 features=670 size=8 p=1 tap=10 reset=true scheme=3 ops=2,3,3,3,3,3,3,3,3,3,3,0,3,3,3,2,3,3,3,3,2,0,2,3,1,2,2,2,2,3,3,2,3,3,2,2,2,2,2,3,3,2,3,3,3,2,2,2,3,2,3,2,3,2,2,2,3,2,3,3,2,2,3,3 ks=0,128,0,0,0,0,0,0,0,175,0,0,0,0,0,91,151,0,12,171,0,0,0,0,0,0,0,0,0,0,0,0,0,116,0,0,0,0,0,0,0,0,0,0,177,0,0,0,0,0,0,0,0,0,0,0,0,0,0,0,0,0,0,0
00523 features=384 size=12 p=5 tap=10 reset=false scheme=3 ops=2,3,3,3,2,3,2,2,3,3,2,3,3,3,3,2,3,3,3,3,2,2,2,3,2,3,2,2,2,3,3,2,3,3,2,2,2,2,2,2,3,3,3,1,3,2,2,2,3,2,3,3,3,3,3,3,3,2,3,3,2,2,3,2 ks=0,0,0,128,0,0,0,0,0,57,0,0,254,86,154,1,0,0,0,171,0,0,0,0,0,0,0,0,0,0,0,0,128,116,0,0,0,0,0,0,0,0,0,16,0,0,0,0,0,0,0,0,0,0,0,0,0,0,191,12,0,0,0,0
00524 features=758 size=9 p=5 tap=47 reset=true scheme=3 ops=2,3,3,3,3,3,3,3,3,3,3,0,3,3,3,2,3,3,3,3,2,0,2,3,2,2,2,2,2,3,3,2,3,3,2,2,2,2,2,3,3,2,3,3,3,2,2,2,2,2,3,2,2,2,2,2,3,2,3,3,2,2,3,2 ks=0,0,0,0,0,4,0,0,0,0,0,0,0,0,0,91,151,88,0,171,0,0,0,0,0,0,0,0,0,0,0,0,128,116,0,0,0,0,0,0,0,0,0,0,177,0,0,0,0,0,0,0,0,0,0,0,0,0,0,76,0,0,0,0
00525 features=934 size=5 p=5 tap=41 reset=true scheme=0 ops=2,3,3,3,0,3,2,2,1,3,3,3,3,3,3,2,3,3,3,0,2,2,2,3,3,2,2,2,0,3,3,0,0,3,1,0,0,2,2,2,3,2,3,3,3,2,2,2,3,2,3,3,3,2,2,0,3,2,3,3,2,2,3,2 ks=0,0,0,0,0,0,0,0,0,0,0,0,0,0,152,91,0,0,0,171,0,0,0,0,0,0,0,0,0,0,0,0,128,112,0,0,0,0,0,0,0,0,0,0,0,0,0,0,0,0,0,0,0,0,0,0,0,0,0,0,0,0,0,0
00526 features=472 size=4 p=1 tap=54 reset=true scheme=3 ops=1,3,3,3,3,3,3,1,3,3,3,3,3,3,3,1,3,3,3,3,3,3,3,3,3,3,3,2,2,3,3,0,0,3,2,2,2,2,2,2,3,3,3,1,3,3,3,1,3,1,3,3,1,3,1,1,2,1,3,3,3,3,3,1 ks=0,0,0,0,0,0,0,0,0,0,0,0,0,0,0,0,0,0,0,0,0,0,0,0,0,0,0,0,0,0,0,0,0,0,0,0,0,0,0,0,0,4,0,0,0,0,0,0,0,254,0,0,198,0,0,0,0,0,0,0,0,2,0,0
00527 features=314 size=16 p=5 tap=40 reset=false scheme=2 ops=1,3,3,3,3,3,1,3,0,3,3,1,3,3,3,3,3,3,3,1,1,1,3,3,3,3,3,1,3,3,3,1,1,3,3,1,1,1,3,1,1,3,2,2,3,2,2,2,3,2,3,3,2,2,2,1,3,2,3,3,1,1,3,3 ks=0,254,0,0,0,152,0,0,0,0,0,0,0,0,154,91,208,91,0,171,0,0,0,64,0,0,0,124,0,0,0,0,128,119,0,0,0,0,0,0,128,0,142,0,0,0,0,0,255,0,0,0,0,0,0,0,195,0,0,0,0,0,106,0
00528 features=795 size=8 p=5 tap=41 reset=true scheme=3 ops=2,1,2,1,1,2,2,2,1,1,2,1,2,1,2,2,2,1,2,2,2,2,2,1,2,2,2,2,2,2,2,1,1,1,2,2,2,2,2,1,2,2,2,1,1,2,2,2,1,2,1,2,2,2,2,2,1,2,1,1,2,2,1,2 ks=0,0,0,0,0,0,0,0,0,0,0,0,0,0,0,0,0,88,0,171,0,0,0,0,0,0,0,0,0,0,0,0,128,116,0,0,0,0,0,0,0,0,0,0,255,0,0,0,0,0,253,0,0,0,0,0,0,0,191,12,0,0,0,0
00529 features=910 size=7 p=5 tap=41 reset=true scheme=0 ops=2,3,3,0,3,3,3,3,3,3,3,3,3,2,3,2,3,3,3,3,2,2,2,3,2,2,2,2,2,3,3,0,3,3,2,2,2,2,2,3,3,2,3,3,3,2,2,2,3,2,3,3,2,2,2,0,3,2,3,3,2,2,3,2 ks=0,0,0,0,0,0,0,0,0,175,0,0,0,0,0,0,0,88,0,171,0,0,0,0,0,0,0,0,0,0,0,0,53,116,2,0,0,0,0,0,0,0,0,0,0,0,0,0,0,0,0,0,32,0,0,0,0,0,0,0,0,0,0,0
00530 features=892 size=4 p=10 tap=32 reset=true scheme=2 ops=2,3,3,3,0,3,2,2,3,2,2,3,3,3,3,2,3,3,3,0,2,2,2,3,3,3,2,2,2,3,3,0,0,3,2,2,3,2,2,2,3,2,3,3,3,2,2,2,3,2,0,3,3,2,2,2,3,2,3,3,2,2,3,2 ks=0,0,0,0,0,0,0,0,0,0,0,0,0,252,0,91,0,0,0,0,0,0,0,0,0,0,0,0,0,0,0,0,128,116,0,0,0,0,0,0,0,0,0,0,0,0,0,0,0,0,0,0,0,0,0,0,0,0,0,0,0,0,0,0
00531 features=380 size=17 p=5 tap=33 reset=false scheme=2 ops=1,3,3,3,3,3,1,3,1,1,3,0,0,3,3,3,3,3,3,3,3,0,1,3,3,0,3,1,3,3,3,3,1,3,3,1,1,1,3,0,1,3,1,3,3,0,1,1,3,3,3,3,3,3,0,1,3,3,3,3,1,0,3,1 ks=0,0,0,255,0,152,0,0,0,0,0,0,0,0,154,91,12,91,0,171,0,0,8,0,76,0,161,124,0,0,0,24,163,116,0,0,0,0,128,0,125,0,0,255,0,0,0,0,0,0,0,0,0,0,0,0,0,0,0,0,0,0,0,0
00532 features=607 size=9 p=10 tap=41 reset=true scheme=2 ops=3,3,3,3,3,3,3,1,3,3,3,3,3,3,3,3,3,3,3,3,3,1,3,3,3,3,1,1,1,3,3,3,3,3,1,1,3,1,3,1,3,1,3,1,3,3,1,3,3,1,3,3,1,3,3,1,3,1,3,3,3,3,3,1 ks=0,0,0,0,0,0,0,0,0,0,0,0,0,0,0,0,0,91,0,171,0,0,0,0,0,0,159,0,0,0,121,0,24,116,0,0,0,0,0,0,0,0,0,0,0,26,0,0,0,0,0,0,0,0,0,0,0,0,191,12,0,0,0,0
00533 features=646 size=14 p=5 tap=41 reset=true scheme=0 ops=1,3,3,3,3,3,1,3,1,3,3,1,3,3,2,3,1,3,3,1,1,1,3,3,3,1,3,1,0,3,3,1,1,2,3,1,0,0,3,1,1,3,3,3,3,2,2,2,3,2,3,3,2,2,2,0,3,2,3,3,1,1,3,2 ks=0,0,0,0,0,152,0,0,0,0,0,0,0,0,154,91,208,91,0,171,0,0,1,64,0,0,0,124,0,0,0,0,128,116,0,0,0,0,0,0,128,0,145,0,0,0,0,0,255,0,0,0,0,0,0,0,0,0,0,0,0,0,0,0
00534 features=241 size=4 p=5 tap=41 reset=false scheme=3 ops=3,3,3,3,3,3,3,3,3,3,3,3,3,3,3,3,3,3,3,3,3,3,3,3,3,3,3,3,3,3,3,3,3,3,2,2,2,2,2,2,3,2,3,2,3,2,1,1,3,3,3,3,2,2,2,2,3,3,3,3,3,3,3,3 ks=0,0,0,0,0,0,0,0,0,0,0,0,0,0,0,0,0,0,0,0,0,0,0,0,0,0,0,0,0,0,0,32,55,116,0,0,0,0,0,0,0,4,0,0,0,0,0,0,0,0,0,0,0,0,0,0,0,0,0,0,0,0,0,0
00535 features=555 size=21 p=5 tap=41 reset=true scheme=2 ops=1,3,3,3,3,3,1,3,1,1,3,1,3,3,3,3,3,3,3,1,1,1,3,3,3,3,3,1,3,3,3,1,1,3,3,1,1,1,3,1,1,3,3,3,3,3,1,3,3,1,1,3,3,3,3,1,3,3,3,3,1,1,3,3 ks=0,0,0,0,0,152,0,0,0,0,0,0,0,0,154,91,208,91,0,171,0,0,0,64,0,0,0,124,0,0,63,0,128,116,0,0,0,0,0,0,128,0,142,0,0,110,0,2,0,0,0,0,175,0,0,0,128,0,191,12,0,0,200,28
00536 features=565 size=15 p=5 tap=41 reset=true scheme=3 ops=1,3,3,3,3,3,1,3,1,3,3,1,3,3,3,3,3,3,3,1,1,1,3,3,3,3,3,1,0,3,3,1,1,3,3,1,0,1,3,1,1,3,3,3,3,2,2,2,3,2,3,3,2,2,2,0,3,2,3,3,1,1,3,3 ks=0,0,0,0,0,152,0,136,0,0,0,0,0,0,154,91,208,91,0,171,0,0,0,64,0,0,0,124,0,0,0,197,128,116,0,0,0,0,0,0,128,0,142,0,0,0,0,0,255,0,0,0,0,0,0,0,0,0,0,0,0,0,0,0
00537 features=543 size=6 p=10 tap=54 reset=false scheme=2 ops=2,3,3,2,1,3,2,2,3,2,2,3,3,3,3,2,3,3,3,3,2,2,2,3,3,3,2,1,2,3,3,0,0,3,2,2,2,2,2,2,3,1,3,0,3,2,2,2,3,3,3,3,3,2,2,2,3,2,3,3,2,2,3,2 ks=0,0,0,0,0,0,0,0,0,0,0,0,0,0,154,91,0,91,0,0,0,0,0,0,0,0,0,0,0,0,253,0,128,116,0,0,0,0,0,0,0,0,0,0,0,0,0,0,0,0,0,0,0,0,0,0,0,0,0,0,0,0,0,0
00538 features=393 size=11 p=1 tap=33 reset=false scheme=2 ops=1,3,3,3,3,3,1,3,1,1,2,1,3,3,3,3,3,3,3,1,3,1,3,3,3,3,0,1,3,3,3,1,1,3,3,1,1,1,3,0,1,3,1,0,3,2,2,2,3,3,1,3,3,3,3,1,3,3,3,3,1,1,1,3 ks=0,0,0,0,0,152,0,0,0,0,0,0,0,0,154,91,208,91,0,171,0,0,0,64,0,0,0,0,0,0,0,8,163,113,0,0,0,0,0,0,0,0,0,0,0,0,0,0,0,0,0,0,0,0,0,0,0,0,0,12,0,0,0,0
00539 features=208 size=3 p=10 tap=33 reset=false scheme=2 ops=0,3,3,3,3,3,3,3,3,0,3,0,0,3,3,3,3,3,3,3,3,0,3,3,3,3,0,0,3,3,3,3,3,3,3,0,0,0,3,0,3,3,3,3,3,3,0,0,3,3,3,3,3,3,0,0,3,3,3,3,3,3,3,3 ks=0,0,0,0,0,0,0,0,0,0,0,0,0,0,0,0,0,0,0,0,0,0,0,0,0,0,0,0,0,0,0,24,163,116,0,0,0,0,0,0,0,0,0,0,0,0,0,0,0,0,0,0,0,0,0,0,0,0,0,0,0,0,0,0
00540 features=628 size=10 p=2 tap=41 reset=false scheme=1 ops=2,3,3,2,1,3,2,2,3,2,2,3,3,3,3,2,3,3,3,3,2,2,2,3,3,2,2,0,2,3,3,0,0,3,2,2,2,1,2,2,3,2,3,3,3,2,2,2,3,2,3,3,2,2,2,2,3,2,3,3,2,2,3,2 ks=0,0,0,0,0,0,0,0,0,0,0,0,0,0,154,91,0,91,0,171,0,0,0,0,0,0,0,0,0,0,4,0,134,116,0,0,128,0,0,0,0,0,0,0,0,0,0,0,0,0,0,0,0,178,0,0,0,0,0,0,0,0,0,156
00541 features=754 size=14 p=1 tap=54 reset=true scheme=3 ops=2,2,3,2,2,3,2,2,3,3,2,3,3,3,3,2,3,3,3,3,3,2,2,3,3,2,3,1,2,3,3,0,0,3,2,2,2,2,2,3,3,2,3,2,3,2,1,1,3,1,3,3,2,2,2,2,3,2,3,3,2,2,3,2 ks=252,255,0,0,0,0,0,0,2,1,0,0,0,0,0,0,0,0,0,167,0,0,0,64,0,0,1,0,0,0,252,0,127,116,254,0,0,0,0,0,0,4,0,0,0,0,0,0,0,0,0,0,0,0,0,0,0,0,0,170,0,2,0,0
00542 features=553 size=18 p=1 tap=41 reset=true scheme=3 ops=1,3,3,3,3,3,1,3,3,2,2,3,3,3,3,2,3,3,3,1,1,1,3,3,3,3,3,1,3,3,3,1,1,3,3,1,1,1,3,1,1,3,3,3,3,3,1,3,3,1,1,3,3,3,3,1,3,2,3,3,1,1,3,3 ks=0,0,0,0,0,152,0,0,0,0,0,0,0,0,0,91,0,91,0,171,0,138,0,64,0,0,0,0,0,0,0,0,128,116,0,0,0,3,0,0,128,0,142,0,0,110,192,112,0,128,0,0,175,0,0,0,0,0,0,0,0,0,200,28
00543 features=685 size=15 p=10 tap=41 reset=true scheme=2 ops=1,3,3,3,3,3,1,3,1,3,3,1,3,3,3,3,3,3,3,1,1,1,3,3,3,3,3,1,0,3,3,1,1,3,3,1,0,1,3,1,1,3,3,3,3,2,2,0,3,2,3,3,2,2,2,0,3,2,3,3,1,1,3,3 ks=0,0,0,0,0,152,0,0,0,0,0,0,0,0,154,91,208,91,0,171,8,0,0,64,0,0,0,124,0,0,0,0,128,116,127,0,0,0,0,0,128,0,142,0,0,0,0,0,255,0,0,0,0,0,0,0,0,0,0,0,0,0,0,0
00544 features=527 size=6 p=1 tap=49 reset=true scheme=3 ops=2,3,3,3,3,3,3,3,3,3,2,3,3,1,3,0,3,3,3,3,0,0,3,3,3,3,3,2,2,3,3,2,3,3,2,1,2,2,2,3,3,2,3,2,3,2,2,2,3,2,3,3,2,2,2,2,3,2,3,3,3,2,3,2 ks=0,0,0,0,0,0,0,0,0,0,0,0,0,0,0,0,0,0,253,0,0,0,0,0,0,0,0,0,0,0,0,32,0,116,0,0,2,0,127,0,0,4,0,0,0,0,0,0,0,0,0,0,0,0,0,0,0,0,0,0,0,0,0,0
00545 features=579 size=2 p=5 tap=41 reset=true scheme=3 ops=2,3,3,3,3,3,3,3,3,3,3,3,3,3,3,2,3,3,3,3,2,2,2,3,3,3,2,2,2,3,3,3,1,1,1,3,3,2,2,3,3,2,3,3,3,2,2,2,3,2,3,3,2,2,2,0,3,2,3,3,2,2,3,2 ks=0,0,0,0,0,0,0,0,0,0,0,0,0,0,0,0,0,0,0,171,0,0,0,1,0,0,0,0,0,0,0,0,0,0,0,0,0,0,0,0,0,0,0,0,0,0,0,0,0,0,0,0,0,0,0,0,0,0,0,0,0,0,0,0
00546 features=289 size=17 p=10 tap=41 reset=false scheme=1 ops=1,3,3,3,3,3,1,3,1,1,3,1,1,3,3,3,3,3,3,1,1,1,3,3,3,3,3,1,3,3,3,1,1,3,1,1,1,0,0,3,3,1,3,3,3,3,0,0,1,1,1,3,3,3,3,1,3,3,3,3,1,1,3,3 ks=0,0,0,0,0,128,0,0,0,0,0,254,3,0,154,0,208,91,0,171,0,0,0,64,0,0,0,0,0,0,0,0,128,114,0,0,0,0,0,0,2,4,4,0,0,0,0,0,0,0,0,0,0,0,0,0,0,0,255,12,0,0,200,28
00547 features=245 size=4 p=5 tap=41 reset=false scheme=2 ops=3,3,3,0,3,3,3,3,1,3,0,3,3,3,3,0,3,3,3,1,1,1,3,3,3,3,3,1,2,3,3,3,0,3,0,3,3,0,0,3,3,0,3,3,3,3,0,3,3,3,3,3,3,3,3,3,3,3,3,3,3,3,3,3 ks=0,0,0,0,0,0,0,0,0,0,0,0,0,0,0,0,0,0,0,0,0,0,0,0,0,0,255,0,0,0,0,0,134,116,0,0,0,0,0,0,0,0,0,0,0,0,0,0,0,0,0,0,0,0,0,0,0,0,0,0,134,0,0,0
00548 features=236 size=10 p=5 tap=41 reset=false scheme=2 ops=3,3,3,1,1,3,1,3,3,3,1,3,3,3,3,1,3,3,3,3,1,3,3,3,3,3,1,1,3,3,3,3,1,3,1,3,3,1,1,1,3,1,3,3,3,3,1,3,3,1,3,3,1,1,1,3,3,3,3,3,3,1,3,1 ks=0,0,0,0,0,0,0,0,0,0,0,0,0,0,0,91,0,91,0,171,0,0,0,0,0,0,0,0,1,0,4,0,134,116,0,0,0,2,0,0,0,0,0,0,0,0,0,0,0,0,0,0,0,0,0,0,0,0,64,0,0,0,0,156
00549 features=389 size=7 p=5 tap=41 reset=true scheme=3 ops=1,3,1,3,1,3,1,3,1,3,3,1,3,3,3,3,3,3,3,1,1,1,2,1,1,3,1,1,1,1,3,3,1,1,1,3,3,3,2,0,1,1,1,3,1,1,1,1,1,1,1,1,1,1,1,1,2,1,1,3,3,3,1,1 ks=0,0,0,0,0,152,0,0,0,0,0,0,0,0,154,91,208,91,0,173,0,0,0,0,0,0,0,0,0,0,0,0,0,0,0,0,0,0,0,0,0,0,0,0,0,0,0,0,0,0,0,2,0,0,0,0,0,0,0,0,0,0,0,0
00550 features=330 size=10 p=5 tap=40 reset=false scheme=2 ops=0,3,3,3,3,3,3,3,0,3,3,3,3,3,3,3,3,3,3,3,0,0,3,3,3,3,3,0,3,3,3,3,0,3,3,3,0,0,3,0,3,3,3,0,3,3,0,3,3,0,3,3,3,3,0,3,3,0,3,3,3,0,3,3 ks=0,0,0,0,0,0,0,0,0,0,0,0,0,0,154,91,0,0,0,171,0,0,0,64,0,0,0,124,0,0,0,0,128,119,0,2,0,0,0,0,128,0,142,0,0,0,0,0,0,0,0,0,0,0,0,0,0,0,0,0,0,0,0,0
00551 features=205 size=14 p=5 tap=41 reset=false scheme=2 ops=1,3,3,3,3,3,1,3,1,1,3,3,3,3,3,3,3,3,3,1,1,1,3,3,3,3,3,1,3,3,3,1,1,3,3,1,1,1,3,1,1,3,3,3,3,3,1,3,3,1,1,3,3,3,3,1,3,3,3,3,1,1,3,3 ks=0,0,0,0,0,152,0,0,0,0,0,0,0,0,154,91,255,91,0,171,0,0,0,64,0,0,0,0,0,0,0,0,128,116,0,0,0,0,0,0,128,0,142,0,0,110,0,0,0,0,0,0,0,0,0,0,0,0,191,12,0,0,0,0
00552 features=737 size=9 p=5 tap=36 reset=true scheme=3 ops=2,3,3,3,3,3,3,3,3,3,3,3,3,3,3,2,3,3,3,3,2,2,2,3,2,2,2,2,2,3,3,2,3,3,2,2,2,2,2,3,3,2,3,3,3,2,2,2,2,2,3,2,2,2,2,2,0,2,3,3,2,2,3,2 ks=0,0,0,3,0,4,0,0,252,175,0,0,0,0,0,91,0,88,0,171,0,0,0,0,0,0,0,0,0,0,0,0,0,116,0,0,0,0,253,0,0,0,0,0,0,0,0,0,0,0,0,0,0,0,0,0,0,0,0,0,0,0,0,0
00553 features=827 size=13 p=1 tap=42 reset=true scheme=3 ops=2,3,3,3,3,3,3,3,3,3,3,0,3,3,3,2,3,3,3,3,2,0,2,3,2,2,2,2,2,3,3,2,3,3,2,2,2,2,2,3,3,2,3,3,3,2,2,2,2,2,3,2,2,2,2,2,3,2,3,3,2,2,3,2 ks=0,0,0,0,0,4,1,0,0,175,0,0,0,0,0,91,151,92,0,171,0,0,0,0,0,8,0,0,0,0,0,0,128,116,0,0,0,0,0,0,0,0,0,0,0,0,0,0,0,0,0,0,0,0,0,0,127,0,128,76,0,0,0,0
00554 features=472 size=8 p=10 tap=41 reset=false scheme=0 ops=2,3,3,3,0,3,2,2,3,2,2,3,3,3,3,2,3,3,2,1,1,1,3,3,3,3,2,2,2,3,3,0,0,3,2,2,2,2,1,2,3,2,0,0,3,2,2,2,3,2,3,3,3,2,2,2,3,2,3,3,1,2,3,2 ks=0,0,0,0,89,0,0,2,0,0,0,0,0,0,154,0,0,0,0,171,0,0,0,0,0,0,0,0,0,0,2,0,128,116,0,0,0,0,0,0,0,0,0,0,0,0,0,0,0,0,0,0,0,0,0,0,0,0,0,12,0,0,0,0
00555 features=778 size=6 p=10 tap=18 reset=true scheme=2 ops=2,3,3,3,0,3,2,2,3,2,2,0,3,3,2,2,3,3,3,1,2,2,2,3,2,2,3,1,3,3,3,0,0,3,2,2,2,2,2,0,3,2,3,3,3,2,2,2,0,2,3,2,3,2,2,2,3,2,3,3,2,2,3,2 ks=0,0,0,0,0,152,210,113,0,255,0,0,0,0,0,91,0,91,0,0,0,0,0,0,0,0,0,0,0,0,0,0,0,0,0,0,0,0,0,0,0,0,0,0,0,0,0,0,0,0,0,0,0,0,0,0,0,0,0,0,0,0,0,0
00556 features=555 size=7 p=2 tap=41 reset=false scheme=2 ops=2,3,3,3,2,3,2,2,3,2,2,3,3,3,3,2,3,3,3,3,3,3,3,3,3,3,2,2,2,3,3,2,2,3,2,3,3,2,2,2,3,2,3,3,3,2,2,2,3,2,2,3,2,2,2,2,3,2,3,3,2,2,3,2 ks=0,0,0,0,0,0,253,180,0,0,0,0,0,0,0,91,0,91,0,152,0,0,0,0,0,0,0,0,0,0,0,0,128,120,0,0,0,0,0,0,0,0,0,0,0,0,0,0,0,0,0,0,0,0,0,0,0,0,0,0,0,0,0,0
00557 features=919 size=13 p=10 tap=33 reset=true scheme=2 ops=2,3,3,3,0,3,0,2,3,2,2,3,3,3,3,2,3,3,3,0,2,2,2,3,3,3,2,2,2,3,3,0,0,3,2,3,2,2,2,2,3,2,3,0,2,2,2,2,3,2,3,1,3,2,2,2,3,2,3,3,2,2,3,2 ks=0,0,0,128,0,152,0,113,0,0,59,0,0,0,154,91,0,91,0,48,0,254,0,0,0,0,0,0,0,0,3,0,128,116,0,0,0,0,0,0,0,0,0,0,0,0,0,0,0,0,0,0,0,3,0,0,0,0,0,0,0,0,0,0
00558 features=696 size=12 p=5 tap=41 reset=false scheme=4 ops=2,3,3,3,0,3,2,2,3,2,2,3,3,3,3,2,3,3,3,3,1,2,2,3,3,3,2,2,2,2,3,2,3,3,2,2,0,2,2,2,3,2,3,3,3,2,2,2,3,2,3,3,2,2,2,2,1,2,3,3,2,2,3,2 ks=0,0,0,0,0,0,0,113,0,0,0,0,0,86,154,91,0,91,66,171,0,0,0,0,0,0,0,0,0,0,0,0,129,198,0,0,0,0,0,0,0,255,0,128,0,0,0,79,0,0,0,0,0,0,0,0,0,0,0,0,0,0,0,0
00559 features=833 size=8 p=5 tap=41 reset=true scheme=3 ops=2,3,3,3,3,3,3,3,3,3,3,3,3,3,3,2,3,3,3,3,2,2,2,3,2,2,2,2,2,3,3,0,0,3,2,0,0,2,2,2,3,2,2,3,3,2,2,2,3,2,3,3,2,2,2,2,3,2,3,3,2,0,3,2 ks=0,0,0,0,0,0,0,0,0,175,0,0,0,0,0,0,0,88,0,171,0,0,0,0,0,0,0,0,0,100,0,0,128,120,0,0,0,0,0,0,0,0,0,0,105,0,0,0,0,0,0,0,0,0,2,0,0,0,0,0,0,0,0,0
00560 features=653 size=7 p=1 tap=49 reset=true scheme=3 ops=2,3,3,3,3,3,3,3,3,3,2,3,3,1,3,0,3,3,3,3,0,0,3,3,3,3,2,2,2,3,3,2,3,3,2,1,2,2,2,3,3,2,3,1,3,2,2,2,3,2,3,3,2,2,2,2,3,2,3,3,3,2,3,2 ks=0,0,0,0,0,0,0,0,0,0,0,0,0,0,0,0,0,0,253,0,0,0,0,0,0,0,0,0,0,0,0,32,144,116,0,0,2,0,127,0,0,4,0,0,0,0,0,0,0,0,0,0,0,0,0,0,0,0,0,0,0,0,0,0
00561 features=583 size=14 p=1 tap=41 reset=false scheme=2 ops=2,3,3,2,1,3,2,2,3,2,2,3,3,3,3,2,3,3,3,0,2,2,2,3,3,3,2,1,2,3,3,0,0,3,2,2,2,1,2,2,3,1,3,3,3,2,2,2,3,2,3,3,2,2,2,2,3,2,3,3,2,2,3,2 ks=0,0,0,0,0,0,0,113,0,0,0,0,0,0,154,91,0,91,0,174,0,0,0,0,0,4,0,0,0,1,4,0,134,116,255,0,0,0,0,0,0,0,0,0,0,0,0,0,0,0,0,0,0,178,0,0,0,0,0,0,0,0,2,156
00562 features=264 size=2 p=5 tap=41 reset=true scheme=3 ops=1,2,1,3,1,1,1,1,1,1,1,1,1,1,1,1,1,2,2,1,1,1,2,1,1,3,1,1,1,1,3,3,1,1,1,3,3,3,2,1,1,1,1,3,1,1,1,1,1,1,1,1,1,1,3,1,2,1,1,3,3,3,1,1 ks=0,0,0,0,0,0,0,0,0,0,0,0,0,0,0,0,0,0,0,0,0,0,0,0,0,0,0,0,0,0,0,0,0,0,0,0,0,0,0,0,0,0,0,0,0,0,0,0,0,0,0,2,0,0,0,0,0,0,0,246,0,0,0,0
00563 features=816 size=12 p=5 tap=42 reset=true scheme=3 ops=2,3,3,3,3,3,3,3,3,0,3,0,3,3,3,2,3,3,3,3,2,0,2,3,2,2,2,2,2,3,3,2,3,3,2,2,2,3,2,3,3,2,3,3,3,2,2,2,2,2,3,2,3,2,2,2,3,2,3,3,2,2,3,2 ks=0,0,0,0,0,4,0,0,0,175,0,0,0,0,0,91,151,88,4,171,0,0,0,0,0,0,0,0,0,0,0,0,128,116,0,0,0,0,0,0,0,0,0,0,177,0,0,0,0,0,0,0,0,0,0,0,0,0,0,76,0,0,58,0
00564 features=792 size=8 p=5 tap=41 reset=true scheme=2 ops=2,3,3,3,0,3,2,2,3,2,2,3,3,3,3,2,3,3,3,3,1,1,3,3,3,3,3,1,3,3,3,0,0,3,1,0,0,2,2,2,3,2,3,3,3,2,2,2,3,2,3,3,2,2,2,0,3,2,2,3,2,2,3,2 ks=0,0,0,0,0,0,0,180,0,0,0,0,0,0,0,91,0,91,0,152,0,0,0,96,0,0,0,0,0,0,0,0,128,112,0,0,0,0,0,0,0,0,0,0,0,0,0,0,0,0,0,0,0,0,0,0,0,0,0,254,0,0,0,0
00565 features=391 size=5 p=5 tap=41 reset=true scheme=3 ops=1,2,1,3,1,1,2,2,3,2,2,3,3,3,3,2,3,3,2,1,1,1,2,1,2,3,1,1,1,1,3,3,1,1,1,3,3,3,2,1,1,1,1,3,1,1,1,1,1,1,1,1,1,1,1,1,2,1,1,3,3,3,1,1 ks=0,0,0,0,0,0,0,0,0,0,0,0,0,0,154,91,0,91,0,0,0,0,0,0,0,0,0,0,0,0,0,0,0,0,0,0,0,0,0,0,0,0,0,0,0,0,0,0,0,0,0,2,0,0,0,0,0,0,0,246,0,0,0,0
00566 features=726 size=15 p=5 tap=10 reset=true scheme=3 ops=2,3,3,3,2,3,2,2,3,3,2,3,3,3,3,2,3,3,3,0,2,2,2,3,3,3,2,2,2,3,3,2,3,3,2,2,2,2,2,2,3,3,0,0,3,2,2,2,3,2,3,3,3,3,3,3,3,2,3,3,2,2,3,2 ks=0,0,216,252,0,0,0,0,0,57,0,0,0,86,154,87,12,0,0,171,0,0,0,0,0,0,0,0,0,0,0,0,128,116,0,0,0,0,0,223,0,0,0,16,0,0,0,0,0,0,0,0,0,0,0,0,0,0,191,12,61,0,0,0
00567 features=966 size=5 p=5 tap=41 reset=true scheme=2 ops=2,2,1,3,2,3,2,2,1,3,2,3,3,3,3,2,3,3,3,3,2,2,2,3,3,3,2,1,2,3,3,0,0,3,2,2,2,2,2,2,3,1,3,0,3,2,2,2,3,2,3,3,3,2,2,2,3,2,3,3,2,2,3,2 ks=0,0,0,0,0,0,0,0,0,0,0,0,0,0,0,0,254,4,0,164,0,0,0,2,0,0,0,0,0,0,0,0,0,100,0,0,0,0,0,0,0,0,0,0,0,0,0,0,0,0,0,0,0,0,0,0,0,0,0,0,0,0,0,0
00568 features=797 size=12 p=1 tap=42 reset=true scheme=3 ops=2,3,3,3,3,3,3,3,3,3,3,0,3,3,3,2,3,3,3,3,2,0,2,3,2,2,2,2,2,3,3,2,3,3,2,2,2,2,2,3,3,2,2,3,3,2,2,0,3,0,3,3,2,2,2,2,1,2,3,3,2,2,0,2 ks=0,0,0,0,0,0,1,0,0,175,0,0,45,0,0,91,151,92,0,171,0,0,0,0,0,0,0,0,0,0,0,0,128,116,0,0,0,0,0,0,0,0,0,0,0,0,0,0,0,0,0,0,0,0,0,0,127,0,128,76,0,0,0,0
00569 features=739 size=12 p=1 tap=41 reset=true scheme=2 ops=2,3,3,3,3,3,2,3,3,3,3,3,3,3,3,3,3,3,3,3,3,2,3,3,3,3,3,2,3,3,2,2,2,3,2,2,2,2,0,2,3,1,3,3,3,2,2,2,3,3,3,3,3,3,3,3,3,3,3,3,3,2,3,3 ks=0,0,0,0,0,152,0,0,0,0,0,0,0,0,154,91,208,91,0,171,0,119,0,0,0,0,0,0,0,0,0,0,128,116,0,0,0,0,0,0,0,4,254,0,0,0,0,0,0,0,0,0,0,0,0,0,0,0,191,0,0,0,0,0
00570 features=741 size=18 p=2 tap=27 reset=true scheme=5 ops=1,3,3,3,3,1,3,3,3,3,1,3,3,3,3,1,3,3,3,3,2,2,2,3,3,3,3,1,1,3,3,3,1,3,1,3,1,3,1,1,3,1,3,3,3,1,3,3,3,1,1,3,3,3,3,1,3,1,3,3,2,2,3,2 ks=0,0,0,0,0,0,0,0,0,25,0,0,0,86,154,91,0,91,0,171,0,0,0,0,76,0,161,124,82,0,0,0,128,116,204,0,158,87,252,0,0,0,142,0,0,110,0,0,0,0,0,0,0,0,0,0,0,0,0,0,0,0,0,0
00571 features=635 size=17 p=10 tap=10 reset=false scheme=1 ops=2,3,3,3,2,3,2,2,3,3,2,3,3,3,3,1,3,3,3,1,1,1,2,3,1,3,2,2,1,3,3,0,3,3,2,2,2,2,2,2,3,1,3,0,3,2,2,2,3,1,1,3,3,3,3,1,3,3,3,3,1,1,3,2 ks=0,0,0,236,0,0,0,0,0,57,152,0,0,86,154,91,212,0,0,171,0,0,0,0,253,0,0,0,0,0,0,0,128,116,0,0,0,0,0,0,0,0,0,0,0,0,0,1,0,128,0,0,175,0,0,0,0,0,191,12,0,0,0,254
00572 features=585 size=8 p=1 tap=54 reset=true scheme=3 ops=1,3,1,3,2,3,2,3,1,3,2,3,3,3,3,1,3,3,3,3,3,3,3,3,3,3,0,1,1,3,3,1,0,3,2,2,2,2,2,2,3,1,3,0,3,2,2,3,3,3,3,3,0,3,1,1,3,1,3,3,3,3,3,1 ks=0,0,0,246,0,0,0,0,0,0,0,0,0,142,0,0,0,0,0,167,0,0,0,0,1,0,0,0,0,0,0,0,128,116,0,0,0,0,0,0,0,0,0,0,0,0,0,0,0,0,0,0,0,0,2,0,0,0,0,0,0,2,0,0
00573 features=498 size=7 p=10 tap=19 reset=false scheme=0 ops=2,3,3,3,1,3,1,1,1,3,1,1,3,3,3,2,3,3,3,3,2,2,2,3,3,3,2,1,2,3,3,0,0,3,1,0,0,2,2,2,3,2,3,3,3,2,2,2,3,2,3,3,2,2,2,0,3,2,3,3,2,2,3,2 ks=0,0,0,0,0,0,0,0,0,0,0,0,0,0,0,0,0,91,0,171,0,0,0,0,0,0,0,0,0,0,0,0,128,116,0,0,0,0,137,0,0,0,0,0,0,0,0,128,0,0,0,0,0,0,0,0,255,0,0,0,0,0,0,0
00574 features=781 size=8 p=5 tap=41 reset=true scheme=3 ops=2,3,3,3,3,3,3,3,3,3,3,3,3,3,3,2,3,3,3,3,2,2,2,3,2,2,2,2,2,3,3,2,3,3,2,2,2,2,2,3,3,2,3,3,3,2,2,2,2,2,3,2,2,2,2,2,3,2,1,3,2,2,3,2 ks=0,0,0,0,0,0,0,0,0,175,0,0,0,0,0,0,0,88,0,171,0,0,0,0,0,48,0,0,2,0,0,0,128,116,0,0,0,0,0,0,112,0,0,0,0,0,0,0,0,0,0,0,0,0,0,0,0,0,0,0,0,0,0,0
00575 features=816 size=9 p=10 tap=45 reset=true scheme=3 ops=2,3,1,3,2,3,2,2,1,3,2,3,3,3,3,2,3,3,3,3,2,2,2,3,2,2,2,2,2,3,3,2,0,3,2,2,2,2,2,3,3,2,3,3,3,2,2,2,3,2,3,3,2,2,2,2,3,2,3,3,2,2,3,2 ks=0,0,0,0,0,152,0,0,75,0,0,0,0,0,0,0,0,0,0,171,0,0,0,0,0,0,0,32,0,0,54,2,128,116,0,0,0,0,0,0,0,0,0,0,0,0,0,0,0,0,0,0,0,0,0,2,0,0,0,0,0,0,0,0
00576 features=897 size=6 p=5 tap=41 reset=true scheme=1 ops=1,3,1,3,2,3,2,2,1,3,2,3,3,3,3,2,3,3,3,3,2,2,1,3,3,3,2,1,2,3,3,0,0,3,1,0,0,0,2,2,3,2,3,3,3,2,2,2,3,2,3,3,2,2,2,2,0,2,3,3,2,2,3,2 ks=0,0,0,0,0,152,0,0,0,0,0,0,0,0,0,0,0,0,0,171,0,0,0,0,0,0,0,0,0,0,0,2,128,116,0,0,0,0,0,0,0,4,0,0,0,0,0,0,0,0,0,0,0,0,0,0,0,0,0,0,0,0,0,0
00577 features=718 size=15 p=5 tap=41 reset=false scheme=4 ops=2,3,3,3,0,3,2,2,3,2,2,3,3,3,3,2,3,3,3,3,1,2,2,3,3,3,2,2,2,2,3,2,3,3,2,2,0,2,2,2,3,2,3,3,3,2,2,2,3,2,3,3,2,2,2,2,1,2,3,3,2,2,3,2 ks=0,0,0,0,0,0,218,113,0,0,0,225,0,86,154,91,64,91,66,171,0,0,0,0,0,0,0,0,0,0,0,0,129,198,0,0,0,0,0,0,0,255,0,128,0,0,0,79,0,0,0,0,0,0,0,0,0,0,0,0,0,0,0,0
00578 features=751 size=8 p=5 tap=33 reset=true scheme=3 ops=2,3,3,2,1,3,2,2,3,2,2,3,3,3,3,2,3,3,3,3,2,2,3,3,3,3,2,1,2,3,3,0,0,3,2,2,2,2,2,2,3,1,3,0,3,2,2,2,3,2,3,3,3,2,2,2,3,2,3,3,2,2,3,2 ks=0,0,0,0,0,253,0,0,0,4,1,0,0,0,154,91,0,0,0,164,0,0,0,0,0,0,0,0,0,0,0,0,0,116,0,0,0,0,0,0,0,0,0,0,0,0,0,0,0,0,0,0,0,0,0,0,0,0,0,0,0,0,128,0
00579 features=602 size=15 p=1 tap=10 reset=false scheme=1 ops=2,3,3,3,2,3,2,2,3,3,2,3,3,3,3,1,3,3,3,1,1,1,2,3,1,3,2,2,2,3,3,0,3,3,2,2,2,2,2,2,3,1,3,0,3,2,2,2,3,1,1,3,3,3,3,1,3,3,3,3,1,1,3,2 ks=0,0,0,252,0,0,0,0,0,57,152,0,0,86,154,91,212,0,0,171,0,0,0,0,0,0,0,0,0,0,0,0,128,116,0,0,0,0,0,0,0,0,0,0,0,0,0,0,0,128,0,0,175,0,0,0,0,0,191,12,0,0,0,254
00580 features=407 size=9 p=5 tap=10 reset=false scheme=4 ops=2,3,3,3,2,3,2,2,3,3,2,3,3,3,3,2,3,3,3,3,2,2,2,3,2,3,2,2,2,3,3,2,3,3,2,2,1,2,2,2,3,3,3,0,3,2,2,2,3,2,3,3,3,3,3,3,3,2,3,3,2,2,3,2 ks=0,0,0,252,0,0,0,0,0,57,0,0,0,86,154,91,0,0,0,171,0,0,0,0,0,0,0,0,0,0,0,0,128,116,0,0,0,0,0,0,0,0,0,0,0,0,0,0,0,0,0,0,0,0,0,0,0,0,191,0,0,0,0,0
00581 features=293 size=2 p=5 tap=41 reset=true scheme=3 ops=1,2,1,3,1,1,1,1,1,1,1,1,1,1,1,2,1,2,2,1,1,1,2,1,1,3,1,1,1,1,3,3,1,1,1,3,3,3,2,1,1,1,1,3,1,1,1,1,1,1,1,1,1,1,3,1,2,1,1,3,3,3,1,1 ks=0,0,0,0,0,0,0,0,0,0,0,0,0,0,0,0,0,0,0,0,0,0,0,0,0,0,0,0,0,0,0,0,0,0,0,0,0,0,0,0,0,0,0,0,0,0,0,0,0,0,0,2,0,0,0,0,0,0,0,246,0,0,0,0
00582 features=859 size=8 p=10 tap=18 reset=true scheme=2 ops=2,3,3,3,0,3,2,2,3,2,2,3,3,3,3,2,3,3,3,1,1,1,3,3,3,3,3,1,3,3,3,0,0,3,2,2,2,2,2,2,3,2,3,0,3,2,2,2,3,2,3,2,3,2,2,2,3,2,3,3,2,2,3,2 ks=0,0,0,0,89,0,0,113,0,255,0,0,0,0,0,91,208,91,0,171,0,0,0,64,0,0,0,0,0,0,0,0,0,0,0,0,0,0,0,0,0,0,0,0,0,0,0,0,0,0,0,0,0,0,0,0,0,0,0,0,0,0,0,0
00583 features=343 size=3 p=2 tap=59 reset=false scheme=2 ops=0,3,3,3,0,3,3,3,3,3,3,3,3,3,3,0,3,3,3,3,0,0,3,3,3,3,3,0,3,3,3,0,0,3,0,0,0,3,3,0,3,0,3,3,3,0,0,0,3,3,3,3,0,0,0,3,3,0,3,3,3,3,3,0 ks=0,0,0,0,0,0,0,0,0,0,0,0,0,0,0,0,0,0,253,0,0,0,0,0,0,0,0,0,0,0,0,0,0,0,0,0,0,0,0,0,0,0,0,0,0,0,0,0,0,0,0,0,0,0,0,0,0,0,191,12,0,0,0,0
00584 features=788 size=11 p=1 tap=42 reset=true scheme=3 ops=2,3,3,3,3,3,3,3,3,3,3,0,3,3,3,2,3,3,3,3,2,0,2,3,2,2,2,2,2,3,3,2,3,3,2,2,2,2,2,3,3,2,3,3,3,2,2,2,2,2,3,2,2,2,2,2,3,2,3,3,2,2,3,2 ks=0,0,0,0,0,4,0,0,0,175,0,0,0,0,0,91,151,88,0,171,0,0,0,0,0,0,0,0,0,0,0,0,128,116,0,0,0,0,0,0,0,0,0,0,0,0,0,253,0,0,0,0,0,0,0,0,0,0,128,76,0,0,0,0
00585 features=822 size=17 p=10 tap=41 reset=true scheme=3 ops=2,3,3,3,3,3,1,3,1,1,3,3,3,3,3,3,3,0,1,0,0,3,3,3,2,2,2,2,2,3,3,2,3,3,2,2,2,2,2,3,3,2,3,2,3,2,2,2,3,2,3,3,2,2,2,2,3,2,3,0,2,2,3,2 ks=0,0,134,0,0,152,0,0,0,0,0,0,0,0,154,91,208,91,0,171,0,0,2,0,0,0,0,0,0,0,0,32,55,116,0,0,32,0,0,0,0,4,0,0,0,84,0,254,252,0,0,0,0,0,0,0,4,0,0,0,0,0,0,0
00586 features=787 size=19 p=5 tap=10 reset=true scheme=3 ops=2,3,3,3,2,3,2,2,3,3,2,3,3,3,3,3,3,3,3,1,1,1,2,3,1,3,2,2,2,3,2,0,3,3,2,2,2,2,3,1,1,3,3,0,3,2,2,2,3,1,1,3,3,3,3,1,3,3,3,3,1,1,3,2 ks=0,0,0,253,0,0,0,0,0,57,0,0,0,86,154,91,212,0,0,171,0,0,0,0,0,0,0,0,0,0,0,0,128,116,0,0,0,0,0,0,128,0,142,0,0,2,4,0,0,128,0,0,175,0,0,0,0,0,191,12,0,0,200,254
00587 features=773 size=4 p=5 tap=41 reset=true scheme=3 ops=2,0,3,3,3,3,3,3,3,3,3,3,3,3,3,2,3,3,1,2,0,0,0,3,2,2,2,2,2,3,3,0,0,3,2,1,0,2,2,2,3,2,2,3,3,2,2,2,3,2,3,3,2,2,2,2,3,2,3,3,2,3,3,2 ks=0,0,0,0,0,0,0,0,0,175,0,0,0,0,0,0,0,0,0,0,0,0,0,0,0,0,0,0,0,0,231,0,128,120,0,0,0,0,0,0,0,0,0,0,0,0,0,0,0,0,0,0,0,0,0,0,0,0,0,0,0,0,0,0
00588 features=296 size=2 p=10 tap=41 reset=true scheme=3 ops=1,2,1,3,1,1,1,2,1,1,1,1,1,1,1,1,1,2,2,1,1,1,2,1,1,3,1,1,1,1,3,3,1,1,1,3,3,3,2,1,1,1,1,3,1,1,1,1,1,1,1,1,1,1,1,1,2,1,1,3,3,3,1,1 ks=0,0,0,0,0,0,0,0,0,0,0,0,0,0,0,0,0,0,0,0,0,0,0,0,0,0,0,0,0,0,0,0,0,0,0,0,0,0,0,0,0,0,0,0,0,0,0,0,0,0,0,2,0,0,0,0,0,0,0,130,0,0,0,0
00589 features=554 size=7 p=1 tap=54 reset=true scheme=3 ops=1,3,3,3,3,3,3,1,3,3,3,3,3,3,3,1,3,3,3,3,3,3,3,3,3,3,3,2,2,3,3,0,0,3,2,2,2,2,2,2,1,3,3,1,3,3,3,1,3,1,1,3,1,3,1,1,2,1,3,3,3,3,3,1 ks=0,0,0,0,0,0,0,0,0,0,157,0,0,0,0,0,0,0,0,0,0,0,0,0,0,0,0,0,0,0,0,0,0,0,8,0,0,0,0,0,0,4,0,0,0,148,0,0,0,254,0,0,198,0,0,0,0,0,0,0,0,2,0,0
00590 features=941 size=6 p=10 tap=31 reset=true scheme=2 ops=2,3,3,3,0,3,2,2,3,3,2,3,3,3,3,2,3,3,3,3,2,2,2,3,3,3,2,1,2,3,3,0,0,1,1,0,0,0,2,2,3,2,3,3,3,2,2,2,3,2,3,3,2,2,2,0,3,2,3,3,2,2,2,2 ks=0,0,0,0,0,0,0,0,0,3,0,0,0,86,154,91,0,91,0,171,0,0,0,0,0,0,0,0,0,0,0,0,0,0,0,0,0,0,0,0,0,0,0,0,0,0,0,0,0,0,0,0,0,0,0,0,0,0,0,0,0,0,0,0
00591 features=784 size=12 p=5 tap=41 reset=true scheme=3 ops=2,3,3,3,3,3,3,3,3,3,3,3,3,3,3,2,3,3,3,3,2,2,2,3,2,2,2,2,2,3,3,2,3,3,2,2,2,2,2,0,3,0,3,3,3,2,2,2,3,2,3,3,2,2,2,2,3,2,3,3,2,2,3,2 ks=0,0,2,0,0,0,253,0,0,36,0,0,0,0,0,0,0,88,0,171,0,0,0,0,0,0,0,0,0,0,0,0,56,116,0,0,0,0,0,0,0,0,0,0,255,0,0,0,0,0,253,0,0,255,0,0,0,0,191,12,0,0,0,0
00592 features=742 size=9 p=5 tap=41 reset=true scheme=3 ops=2,3,3,3,3,3,3,3,3,3,3,3,3,3,3,2,3,3,3,3,2,2,2,3,2,2,2,2,2,3,3,0,0,3,2,0,0,2,2,2,3,2,2,3,3,2,2,2,3,2,3,3,2,2,2,2,3,2,3,3,2,3,3,2 ks=0,0,0,0,0,0,0,0,0,175,0,0,25,0,0,64,0,88,0,171,0,0,0,0,0,0,0,0,0,100,0,0,128,120,0,0,0,0,0,0,0,0,0,0,0,0,0,0,0,0,0,0,0,0,2,0,0,0,0,0,0,0,0,0
00593 features=825 size=5 p=5 tap=16 reset=true scheme=0 ops=2,3,3,3,3,1,3,3,3,3,3,3,3,3,3,1,3,3,3,3,2,2,2,3,2,3,2,2,2,3,3,2,3,3,2,2,2,2,2,3,3,2,3,3,3,2,2,2,3,2,3,3,2,2,2,2,3,2,3,0,2,2,3,2 ks=0,0,0,0,0,0,0,0,128,175,0,0,0,0,0,91,0,88,0,0,0,254,0,0,0,0,0,0,0,0,0,0,0,0,0,0,0,0,0,0,0,0,0,0,0,0,0,0,0,0,0,0,0,0,0,0,0,0,0,0,0,0,0,0
00594 features=560 size=4 p=10 tap=41 reset=true scheme=3 ops=2,3,3,3,1,3,1,1,1,3,1,1,3,3,3,2,3,3,3,3,2,2,3,3,3,3,2,1,2,3,3,0,0,3,1,0,0,2,2,3,3,2,3,3,3,2,2,2,3,2,3,3,2,2,2,0,3,2,3,3,1,1,3,3 ks=0,0,0,0,0,0,0,0,0,0,0,0,0,0,0,0,0,0,0,152,0,0,0,0,0,0,0,0,0,0,252,0,128,127,0,0,0,0,0,0,0,0,0,0,0,0,0,0,0,0,0,0,0,0,0,0,0,0,0,0,0,0,0,0
00595 features=591 size=16 p=5 tap=10 reset=false scheme=3 ops=2,3,3,3,2,3,2,2,3,3,2,3,3,3,3,1,3,3,3,1,1,1,2,3,1,3,2,2,2,3,3,0,3,3,2,2,2,2,2,2,3,1,3,0,3,2,2,2,3,1,1,3,3,3,3,1,3,3,3,3,1,1,3,2 ks=0,0,0,252,0,0,0,0,0,57,0,0,0,86,154,91,212,0,0,171,0,0,0,0,0,0,0,0,0,0,0,0,128,116,0,0,0,0,32,0,0,0,0,0,0,0,0,0,0,113,0,0,175,0,0,0,0,0,191,12,0,0,200,254
00596 features=947 size=7 p=5 tap=41 reset=true scheme=0 ops=2,3,3,3,2,3,2,2,3,3,2,3,3,3,3,2,3,1,3,3,2,2,2,3,1,3,2,2,2,3,3,2,3,3,2,2,2,2,2,2,3,1,3,0,3,2,2,2,3,2,3,3,2,2,2,2,3,2,3,3,2,2,3,2 ks=0,0,8,252,0,0,0,0,0,57,0,0,0,86,154,0,0,0,0,0,0,0,0,0,0,0,0,0,0,0,0,0,128,116,0,0,0,0,0,0,0,0,0,0,0,0,0,0,0,0,0,0,0,0,0,0,0,0,0,0,0,0,0,0
00597 features=818 size=11 p=10 tap=27 reset=true scheme=2 ops=2,3,3,3,0,3,1,1,0,0,0,0,3,1,3,2,3,3,3,3,2,2,2,3,3,3,2,2,2,3,3,2,3,1,2,2,2,2,2,2,3,1,3,0,3,2,2,2,3,2,3,3,1,1,0,1,0,2,3,0,0,2,3,3 ks=0,0,0,0,0,0,0,0,0,4,0,0,125,0,0,0,0,91,0,171,0,1,0,0,0,104,0,0,0,0,0,0,128,116,0,0,0,0,0,0,0,0,0,0,0,0,0,0,0,0,0,0,0,0,0,0,0,0,0,224,0,0,200,28
00598 features=370 size=13 p=5 tap=45 reset=false scheme=1 ops=1,3,3,3,3,3,1,3,1,1,3,1,1,3,3,3,3,3,3,1,1,1,3,3,3,3,3,1,3,3,3,1,1,3,1,1,0,0,0,3,0,3,3,3,3,0,0,0,1,1,1,3,3,3,3,1,3,3,3,3,1,1,3,3 ks=0,0,0,0,0,128,0,0,0,0,0,0,0,0,154,0,208,91,0,171,0,0,0,64,0,0,0,0,0,0,0,0,128,116,0,0,0,0,0,0,0,0,0,0,0,0,0,0,0,0,0,0,175,0,0,0,0,0,191,12,0,0,200,28
00599 features=582 size=16 p=5 tap=41 reset=true scheme=3 ops=1,0,3,3,3,3,1,3,1,3,3,1,3,3,3,3,3,3,3,1,1,1,3,3,3,3,3,1,0,3,3,1,1,3,3,1,0,1,3,1,1,3,3,3,3,2,2,2,3,2,3,3,2,2,2,0,3,2,3,3,1,1,3,3 ks=0,0,0,0,0,152,0,136,0,0,0,0,0,0,154,91,208,91,0,171,0,0,0,64,0,0,0,124,0,0,0,197,128,116,0,0,0,16,0,0,128,0,142,0,0,0,0,0,255,0,0,0,0,0,0,0,0,0,0,0,0,0,0,0
00600 features=416 size=17 p=10 tap=33 reset=false scheme=2 ops=1,3,3,3,3,3,1,3,1,1,3,1,3,3,3,3,3,3,3,1,3,1,3,3,3,3,0,1,3,3,3,3,1,3,1,3,3,1,1,0,1,3,1,0,3,2,2,2,3,3,3,3,3,3,3,1,3,3,3,3,1,1,1,3 ks=0,0,0,0,0,152,0,0,0,0,0,0,0,0,154,91,208,91,0,171,0,0,0,64,0,0,0,124,0,0,4,0,134,116,0,0,0,2,0,0,128,0,0,255,0,0,0,0,0,0,0,0,0,0,0,0,0,0,0,12,0,0,200,28
00601 features=550 size=15 p=5 tap=41 reset=true scheme=3 ops=1,3,3,3,3,3,1,3,3,2,2,3,3,3,3,3,3,3,3,1,1,1,3,3,3,3,3,1,0,3,3,1,1,3,3,1,0,1,3,1,1,3,3,3,3,2,2,2,3,2,3,3,2,2,2,0,3,2,3,3,1,1,3,3 ks=0,0,0,0,0,152,0,136,0,0,0,0,0,0,154,91,208,91,0,171,0,0,0,64,0,0,0,124,0,0,0,197,128,116,0,0,0,0,0,0,128,0,142,0,0,0,0,0,255,0,0,0,0,0,0,0,0,0,0,0,0,0,0,0
00602 features=525 size=4 p=1 tap=41 reset=false scheme=4 ops=2,3,3,3,2,3,2,2,3,3,2,3,3,1,3,3,3,3,3,3,1,1,3,3,3,3,3,2,2,3,3,2,3,3,2,2,2,2,2,3,3,2,3,2,3,2,2,2,3,2,3,3,2,2,2,2,3,2,3,3,2,2,3,2 ks=0,0,0,0,0,0,0,0,0,0,0,0,0,0,0,0,0,0,0,0,0,0,0,0,0,0,0,0,0,0,0,32,55,116,0,0,0,0,0,0,0,4,0,0,0,0,0,0,0,0,0,0,0,0,0,0,0,0,0,0,0,0,0,0
00603 features=782 size=14 p=5 tap=10 reset=true scheme=3 ops=2,3,3,3,2,3,2,2,3,3,2,3,3,3,3,2,3,3,3,0,2,2,2,3,3,3,2,2,2,3,3,2,3,3,2,2,2,2,2,2,3,3,0,0,3,2,2,2,3,2,3,3,3,3,3,3,3,2,3,3,2,2,3,2 ks=0,0,216,236,2,2,0,0,0,57,0,0,0,86,154,87,12,0,0,171,0,0,0,0,0,0,0,0,0,0,0,0,128,116,0,0,0,0,0,0,0,0,0,34,0,0,0,0,0,0,0,0,0,0,0,0,0,0,191,0,0,0,0,0
00604 features=669 size=7 p=1 tap=49 reset=true scheme=3 ops=2,3,3,3,3,3,3,3,3,3,2,3,3,1,3,0,1,3,3,3,0,0,3,3,3,3,0,3,0,3,3,0,3,3,2,2,0,2,2,2,3,3,0,0,3,2,2,2,3,2,3,3,3,3,3,1,3,3,3,3,3,2,3,2 ks=0,0,0,0,0,0,0,0,0,0,0,0,0,0,0,0,0,0,253,0,0,0,0,0,0,0,0,0,0,0,0,3,128,116,0,0,0,0,0,223,0,0,0,16,2,0,0,0,0,0,0,0,0,0,0,0,0,0,0,0,0,0,0,0
00605 features=810 size=5 p=5 tap=41 reset=true scheme=1 ops=0,3,0,3,0,3,0,0,3,3,3,3,3,3,3,3,3,3,3,1,0,0,3,3,0,0,3,3,2,3,3,0,0,3,1,0,0,0,0,0,3,0,3,3,3,3,3,0,3,0,3,3,2,2,3,3,0,3,3,3,2,2,3,3 ks=0,0,0,0,0,0,0,0,0,0,0,0,0,0,0,0,0,0,61,171,0,0,0,0,0,0,0,0,0,0,0,0,128,127,0,0,0,0,0,0,0,0,0,224,0,0,0,0,0,0,0,0,0,0,0,0,0,0,0,0,0,0,0,0
00606 features=645 size=15 p=10 tap=41 reset=true scheme=2 ops=1,3,3,3,3,3,1,3,1,3,3,1,3,3,3,3,3,3,3,1,1,1,3,3,3,0,3,1,0,3,3,1,1,3,3,1,0,1,3,1,1,3,3,3,3,2,2,0,3,1,1,2,3,3,3,1,3,3,3,3,1,1,3,3 ks=0,0,0,0,0,152,0,0,0,0,0,0,0,0,154,91,208,91,0,171,8,0,0,64,0,0,0,124,0,0,0,0,128,116,127,0,0,0,0,0,128,0,142,0,0,0,0,0,255,0,0,0,0,0,0,0,0,0,0,0,0,0,0,0
00607 features=642 size=17 p=5 tap=41 reset=true scheme=2 ops=1,3,3,3,3,3,1,3,1,1,3,1,3,3,3,2,3,3,3,3,2,2,2,3,3,3,2,1,3,3,3,1,1,3,3,1,1,1,3,1,1,3,3,3,3,3,1,3,3,1,1,3,3,3,3,1,3,3,3,3,1,1,3,3 ks=0,0,0,0,0,0,0,0,0,0,0,0,0,0,154,91,13,91,0,0,0,0,0,0,0,64,0,124,210,0,0,0,128,116,0,240,0,0,0,0,128,0,142,0,0,229,0,112,0,0,0,0,0,0,0,0,0,0,191,0,4,0,200,0
00608 features=605 size=12 p=10 tap=41 reset=false scheme=2 ops=2,3,3,3,0,3,2,2,3,2,2,3,3,3,3,2,3,3,3,0,2,2,2,3,3,3,2,2,2,3,3,0,0,3,2,2,2,2,2,2,3,2,3,0,3,2,2,2,3,2,3,3,3,2,2,2,3,2,3,3,2,2,3,2 ks=0,0,0,0,89,0,128,113,0,0,0,0,0,0,154,91,0,91,0,171,0,0,0,0,0,0,0,0,0,0,2,0,132,116,0,0,0,0,0,0,0,0,0,0,0,0,0,0,0,0,0,0,0,0,0,0,0,0,191,12,0,0,0,0
00609 features=833 size=6 p=5 tap=41 reset=true scheme=2 ops=3,3,3,3,0,3,1,3,3,3,3,3,3,3,3,0,3,3,3,1,1,1,3,3,3,3,3,3,1,3,3,0,0,3,3,3,3,1,3,3,3,0,3,0,3,3,0,1,3,1,3,3,3,3,0,1,3,1,3,3,0,3,3,0 ks=0,0,0,0,0,0,0,0,0,0,0,0,0,0,154,91,0,0,0,171,0,0,0,64,0,0,0,0,0,0,0,0,128,116,0,0,0,0,0,0,0,0,0,0,0,0,0,0,0,0,0,0,0,0,0,0,0,0,0,0,0,0,0,0
00610 features=695 size=6 p=5 tap=41 reset=true scheme=3 ops=2,3,3,3,3,3,3,3,3,3,3,0,3,3,3,2,3,3,3,3,2,2,2,3,3,2,2,2,2,3,3,2,3,3,2,2,2,2,2,3,3,2,3,3,3,2,2,2,3,2,3,3,2,2,2,2,3,2,3,3,2,2,3,2 ks=0,0,0,0,0,0,0,0,0,175,0,0,0,0,0,0,0,0,0,139,0,151,0,0,0,0,0,0,0,43,0,0,0,244,0,0,0,0,0,0,254,0,0,0,0,0,0,0,0,0,0,0,0,0,0,0,0,0,0,0,0,0,0,0
00611 features=805 size=13 p=1 tap=42 reset=true scheme=3 ops=2,3,3,3,3,3,3,3,3,3,3,0,3,3,3,2,3,3,3,3,2,0,2,3,2,2,2,2,2,3,3,2,3,3,2,2,2,2,2,3,2,2,2,3,3,2,2,0,3,0,3,3,2,2,2,2,1,2,3,3,2,2,0,2 ks=0,0,0,0,0,0,1,0,0,175,0,0,45,0,0,91,151,93,0,171,0,0,4,0,0,0,0,0,0,0,0,0,128,116,0,0,0,0,0,0,0,0,0,0,0,0,0,0,0,0,0,0,0,0,0,0,127,0,128,76,0,0,0,0
00612 features=351 size=3 p=5 tap=15 reset=false scheme=4 ops=2,3,3,3,2,3,2,2,3,3,2,3,3,3,3,2,3,3,3,3,2,2,2,3,2,3,2,2,2,3,3,2,3,3,2,2,1,2,2,2,3,3,3,0,3,2,2,2,3,2,3,3,3,3,3,3,3,2,3,3,2,2,3,2 ks=0,0,0,0,0,0,0,0,0,0,0,0,0,86,154,91,0,0,0,0,0,0,0,0,0,0,0,0,0,0,0,0,0,0,0,0,0,0,0,0,0,0,0,0,0,0,0,0,0,0,0,0,0,0,0,0,0,0,0,0,0,0,0,0
00613 features=261 size=16 p=1 tap=41 reset=false scheme=2 ops=1,3,3,3,3,3,1,3,1,3,3,1,3,3,3,3,3,3,3,1,1,1,3,3,3,3,3,1,0,3,3,1,1,3,3,1,0,1,3,1,1,3,3,3,3,2,2,0,3,2,3,3,2,2,2,0,3,2,3,3,1,1,3,3 ks=0,0,0,0,0,152,0,0,0,0,0,0,0,124,154,91,208,91,0,171,0,0,0,64,0,0,0,124,0,0,0,0,128,128,0,0,255,0,179,0,128,0,142,0,0,0,0,0,255,0,0,0,0,0,0,0,0,0,0,0,0,0,0,0
00614 features=792 size=10 p=5 tap=36 reset=true scheme=3 ops=2,3,3,3,3,3,3,3,3,3,3,3,3,3,3,2,3,3,3,3,2,2,2,3,2,2,2,2,2,3,3,2,3,3,2,2,2,2,2,3,3,2,3,3,3,2,2,2,2,2,3,2,2,2,2,2,0,2,3,3,2,2,3,2 ks=0,0,0,3,0,4,0,0,0,175,4,0,0,0,0,91,0,88,0,171,0,0,0,0,0,0,0,0,0,0,0,0,128,116,0,0,0,0,253,0,0,0,0,0,0,0,0,0,0,0,0,0,0,0,0,0,0,0,0,0,0,0,0,0
00615 features=705 size=12 p=5 tap=59 reset=true scheme=3 ops=2,3,3,3,3,3,3,3,3,3,3,3,3,3,3,2,3,3,3,3,2,2,2,3,2,2,2,2,2,3,3,1,1,3,2,2,2,2,2,3,3,2,3,3,3,2,2,2,3,2,3,3,2,2,2,2,3,2,3,3,2,2,3,2 ks=0,0,2,0,0,0,0,0,0,175,0,0,233,0,0,0,0,88,0,171,0,0,0,0,0,0,0,0,0,0,0,0,128,116,0,0,0,0,0,0,0,0,0,0,255,0,0,0,0,0,253,0,0,0,0,0,0,0,191,12,254,0,0,0
00616 features=662 size=7 p=1 tap=31 reset=true scheme=3 ops=2,3,3,3,3,3,3,3,3,3,3,0,3,3,3,2,3,3,3,3,2,0,0,3,2,2,0,2,2,3,3,0,0,3,1,0,0,0,2,0,0,1,3,3,3,2,2,2,2,2,3,2,3,3,3,1,3,3,3,3,1,1,3,3 ks=0,0,0,0,0,0,0,0,0,175,0,0,0,0,253,91,249,88,0,171,0,254,0,0,0,0,0,0,0,0,0,0,0,0,0,0,0,0,0,0,0,0,0,0,0,0,0,0,0,0,0,0,0,0,0,0,0,0,0,0,0,0,0,0
00617 features=430 size=15 p=5 tap=10 reset=false scheme=1 ops=2,3,3,3,2,2,2,2,3,3,2,3,3,3,3,2,3,3,3,3,2,2,2,3,2,3,2,2,2,3,3,2,3,3,2,2,2,2,2,2,3,3,3,0,3,2,2,2,3,2,3,3,3,3,3,3,3,2,3,3,2,2,3,2 ks=0,8,0,252,0,0,0,0,0,57,0,0,0,86,154,91,12,0,0,171,0,0,0,0,0,0,0,0,0,0,0,0,128,0,0,0,0,0,0,0,0,128,0,0,0,254,0,0,0,4,0,0,0,0,0,0,0,250,191,12,0,0,0,0
00618 features=616 size=14 p=5 tap=41 reset=false scheme=2 ops=2,3,3,2,1,3,2,2,3,2,2,3,3,3,3,2,3,3,3,3,2,2,1,3,3,3,2,1,2,3,3,0,0,3,2,2,2,1,2,3,3,2,3,3,3,2,2,2,3,2,3,3,2,2,2,2,3,2,3,3,1,2,3,2 ks=0,0,0,0,0,0,0,0,0,0,0,0,0,0,154,1,0,91,0,171,0,0,0,0,0,4,0,0,0,0,4,29,178,116,0,0,0,0,0,0,0,4,64,0,0,0,0,0,0,0,0,0,0,178,0,0,0,0,64,0,0,0,0,156
00619 features=576 size=10 p=5 tap=41 reset=false scheme=2 ops=2,3,3,2,1,3,2,2,3,2,2,3,3,3,3,2,3,3,3,3,2,2,2,3,3,3,2,1,2,0,3,0,0,3,1,0,3,2,2,2,3,1,3,0,3,1,1,2,3,2,3,3,3,2,2,2,3,2,3,3,2,2,3,1 ks=0,0,0,0,0,0,0,0,0,0,0,0,0,0,154,91,0,91,0,169,8,0,0,0,0,0,0,0,0,0,4,0,134,81,0,0,0,0,0,0,0,0,0,0,0,0,0,0,8,0,0,0,0,0,0,0,0,0,254,0,0,0,0,0
00620 features=839 size=7 p=10 tap=18 reset=true scheme=0 ops=2,3,3,3,0,3,2,2,3,2,2,0,3,3,3,2,3,3,0,1,1,1,3,3,3,3,3,1,3,3,3,0,0,3,2,2,2,2,2,0,3,2,3,0,3,2,2,2,3,2,3,2,0,2,2,2,3,2,3,3,2,2,3,2 ks=0,0,0,0,89,152,0,113,0,255,0,0,0,0,0,0,208,91,2,0,0,0,0,0,0,0,0,0,0,0,0,0,0,0,0,0,0,0,0,0,0,0,0,0,0,0,0,0,0,0,0,0,0,0,0,0,0,0,0,0,0,0,0,0
00621 features=311 size=9 p=5 tap=41 reset=false scheme=2 ops=3,3,3,0,1,3,0,3,3,1,0,3,3,3,3,0,3,3,3,3,1,3,3,3,3,3,3,1,1,3,3,0,0,3,0,3,1,1,1,0,3,0,3,3,3,1,3,0,3,0,3,3,1,0,0,3,3,1,3,3,0,2,1,2 ks=0,0,0,0,0,0,0,0,0,0,0,0,0,0,154,91,0,118,0,171,0,254,0,0,0,0,0,0,0,0,4,29,134,121,0,0,0,0,0,0,0,0,0,0,0,0,0,0,0,0,0,0,0,0,0,0,0,0,0,0,0,0,0,0
00622 features=801 size=14 p=5 tap=42 reset=true scheme=3 ops=2,3,3,3,3,3,3,1,3,3,3,0,3,3,3,2,3,3,3,3,2,0,2,3,2,2,2,2,2,3,3,2,3,3,2,2,2,2,2,1,3,2,3,3,3,2,2,2,2,2,3,2,2,2,2,2,3,2,3,3,2,2,3,2 ks=0,0,0,0,0,4,0,0,0,175,0,0,0,0,64,91,255,88,0,171,0,0,0,0,0,0,0,0,0,0,0,0,128,116,0,0,0,1,0,1,0,0,0,0,177,0,0,0,0,0,0,0,0,0,0,0,0,0,0,76,0,0,16,0
00623 features=863 size=12 p=1 tap=42 reset=true scheme=3 ops=2,3,3,3,2,3,2,3,3,3,3,0,3,3,3,2,3,3,3,3,2,0,2,3,2,2,2,2,2,3,3,2,3,3,2,2,2,2,2,3,3,2,3,3,3,2,2,2,2,2,3,2,2,2,2,2,3,2,3,3,2,2,3,2 ks=0,0,0,128,0,0,0,0,0,175,0,0,0,0,0,91,151,92,0,171,0,0,0,0,0,8,0,0,0,0,0,0,128,116,0,0,0,0,0,0,0,0,0,0,0,0,0,0,0,0,0,0,0,0,0,0,127,0,128,76,0,0,0,0
00624 features=442 size=18 p=5 tap=25 reset=false scheme=2 ops=1,3,3,3,3,3,1,3,1,1,3,0,0,3,3,3,3,3,3,3,3,0,1,3,3,0,3,1,3,3,3,3,1,3,3,1,1,1,3,0,1,3,1,3,3,0,1,1,3,3,3,3,3,3,0,1,3,3,3,3,3,0,3,1 ks=0,0,0,255,0,152,0,0,223,0,0,0,0,0,154,91,12,91,0,171,0,0,8,0,76,0,161,124,0,0,0,24,163,116,0,0,0,0,128,0,125,0,0,255,0,0,0,0,0,0,0,0,0,0,0,0,0,0,0,0,0,0,0,0
00625 features=331 size=1 p=5 tap=41 reset=true scheme=3 ops=1,2,1,3,1,1,1,1,1,1,1,1,1,1,1,1,1,2,2,1,1,1,2,1,1,3,1,1,1,1,3,3,1,1,1,3,3,3,2,1,1,1,1,3,1,1,1,0,3,1,3,3,1,0,3,1,2,1,1,3,3,3,1,1 ks=0,0,0,0,0,0,0,0,0,0,0,0,0,0,0,0,0,0,0,0,0,0,0,0,0,0,0,0,0,0,0,0,0,0,0,0,0,0,0,0,0,0,0,0,0,0,0,0,0,0,0,0,0,0,0,0,0,0,0,246,0,0,0,0
00626 features=285 size=14 p=5 tap=41 reset=false scheme=2 ops=1,3,3,3,3,3,1,3,1,1,2,1,1,3,3,3,3,3,3,1,1,1,3,3,3,3,3,1,3,3,3,1,1,3,1,1,0,2,0,2,3,2,3,3,2,3,0,0,3,1,1,3,3,3,3,1,3,3,3,3,1,1,3,3 ks=0,0,0,0,0,128,0,0,0,0,0,0,0,0,154,0,208,91,0,171,0,0,0,64,0,0,0,0,0,0,0,32,128,116,0,0,0,0,0,0,0,0,0,0,0,8,0,0,0,0,0,0,0,0,0,0,0,0,191,12,0,0,200,28
00627 features=407 size=8 p=10 tap=41 reset=true scheme=3 ops=1,2,1,3,1,3,1,3,1,3,3,1,3,3,3,3,3,3,3,1,1,1,2,1,1,3,1,1,1,1,3,3,1,1,1,3,3,3,2,0,1,1,1,3,1,1,1,1,1,1,1,1,1,1,1,1,2,1,1,3,3,3,1,1 ks=0,0,0,0,0,152,0,0,0,0,0,0,0,0,154,91,208,91,0,169,0,0,0,0,0,0,0,0,0,0,0,0,0,0,0,4,0,0,0,0,0,0,0,0,0,0,0,0,0,0,0,2,0,0,0,0,0,0,0,0,0,0,0,0
00628 features=834 size=13 p=1 tap=42 reset=true scheme=3 ops=2,3,3,3,2,3,2,3,3,3,3,0,3,3,3,2,3,3,3,3,2,0,2,3,2,2,2,2,2,3,3,2,3,3,2,2,2,2,2,3,3,2,3,3,3,2,2,2,2,2,3,2,2,2,2,2,3,2,3,3,2,2,3,2 ks=0,0,0,128,0,0,0,0,0,175,0,0,0,0,0,91,151,92,0,171,0,0,0,0,0,8,0,0,0,0,0,0,128,116,0,0,0,0,0,0,0,0,0,0,0,0,98,0,0,0,0,0,0,0,0,0,127,0,128,76,0,0,0,0
00629 features=783 size=10 p=10 tap=41 reset=true scheme=3 ops=2,3,3,3,3,3,3,3,3,3,2,3,3,3,3,2,3,3,3,3,2,2,2,3,2,2,2,2,2,3,3,2,3,3,2,2,2,2,2,3,3,2,3,3,3,2,2,2,3,2,3,3,2,2,2,2,3,2,3,2,2,2,3,2 ks=0,0,0,0,0,0,0,0,0,175,0,225,0,86,154,91,0,88,0,171,0,254,0,0,0,0,0,0,0,0,0,0,53,116,0,0,0,0,0,0,0,0,0,0,0,0,0,0,0,0,0,0,0,0,0,0,0,0,0,0,0,0,0,0
00630 features=411 size=7 p=5 tap=41 reset=true scheme=3 ops=1,2,1,3,1,1,2,2,3,2,2,3,3,3,3,2,3,3,2,1,1,1,2,1,2,3,1,1,1,1,3,3,1,1,1,3,3,3,2,1,1,1,1,3,1,1,1,1,1,1,1,1,1,1,1,1,2,1,1,3,3,3,1,1 ks=0,0,0,0,127,0,0,0,0,0,0,0,0,0,154,91,0,91,0,0,0,0,0,0,0,0,0,0,0,0,0,252,0,0,0,0,0,0,0,0,0,0,0,0,0,0,0,0,0,0,0,2,0,0,0,0,0,0,0,246,0,0,0,0
00631 features=815 size=5 p=10 tap=41 reset=true scheme=2 ops=2,3,3,3,1,3,1,1,1,3,1,3,3,3,3,2,3,3,3,3,2,2,2,3,3,3,2,1,2,3,3,0,0,3,1,0,0,2,2,2,3,2,3,3,3,2,2,2,3,2,3,3,2,2,2,0,3,2,3,3,2,2,3,2 ks=0,0,0,0,0,0,0,0,0,0,0,0,0,0,0,0,0,0,0,152,0,0,0,0,0,0,0,32,0,0,0,0,128,116,0,0,0,0,0,0,0,0,0,0,0,0,0,0,0,0,0,0,0,0,0,0,0,0,0,254,0,0,0,0
00632 features=808 size=7 p=1 tap=42 reset=true scheme=3 ops=2,3,3,3,3,3,3,3,3,3,3,0,3,3,3,2,3,3,3,3,2,0,2,3,2,2,2,2,2,3,3,2,3,3,2,2,2,1,2,3,3,2,3,3,3,2,2,0,2,2,3,2,2,2,2,2,3,2,3,3,2,2,3,2 ks=0,0,0,0,0,0,0,0,8,175,0,0,0,0,0,91,0,92,0,171,0,0,0,0,0,0,0,0,0,0,0,0,128,116,0,0,0,0,0,0,0,0,0,0,0,0,0,0,0,0,0,0,0,0,0,0,0,0,0,0,0,0,0,0
00633 features=593 size=14 p=5 tap=41 reset=false scheme=2 ops=2,3,3,1,1,3,0,2,3,2,2,3,3,3,3,2,3,3,3,3,2,2,2,3,3,3,2,1,2,3,3,0,0,3,2,2,2,1,2,3,3,2,3,3,3,2,2,2,3,2,3,3,2,2,2,2,3,2,3,3,2,2,3,2 ks=0,0,0,0,0,0,0,0,0,0,0,0,0,0,152,91,0,91,0,171,0,0,0,0,0,4,0,0,0,2,4,29,134,116,0,0,0,16,0,0,0,4,0,0,0,0,0,0,0,0,0,0,0,178,0,0,0,0,63,0,0,0,0,0
00634 features=919 size=10 p=5 tap=14 reset=true scheme=2 ops=2,3,1,3,2,3,2,2,1,0,2,3,3,3,3,2,3,3,3,0,2,2,2,3,3,3,2,2,2,3,3,2,3,3,2,2,2,2,2,2,3,2,3,3,3,2,2,1,3,2,3,3,2,2,2,0,3,2,3,3,2,2,3,1 ks=0,0,0,0,0,0,0,0,0,0,0,0,0,86,154,91,12,27,0,171,0,0,0,0,0,0,0,0,0,0,0,0,136,116,0,0,0,0,0,94,0,4,0,0,0,0,0,0,0,0,0,0,0,0,0,0,0,0,0,0,0,0,0,0
00635 features=713 size=7 p=5 tap=41 reset=false scheme=2 ops=2,3,3,2,2,3,2,2,3,2,2,3,3,3,3,2,3,3,3,3,2,2,2,3,3,3,2,2,2,3,3,2,3,3,2,2,2,2,2,2,3,2,3,3,3,2,2,2,3,2,3,3,2,2,2,2,3,2,3,3,2,2,3,2 ks=0,0,0,0,0,0,0,0,0,0,0,0,0,0,154,91,0,91,0,171,0,0,0,0,0,0,0,0,0,0,0,0,134,116,0,0,0,0,0,0,2,0,0,0,0,0,0,0,0,0,0,0,0,0,0,0,0,0,0,0,0,0,0,0
00636 features=344 size=13 p=5 tap=41 reset=false scheme=2 ops=3,3,3,0,1,3,0,3,3,1,0,3,3,3,3,0,3,3,3,3,1,3,3,3,3,3,3,1,1,3,3,0,0,3,0,3,1,1,1,0,3,0,3,3,3,1,3,0,3,0,3,3,1,0,0,3,3,1,3,3,0,0,3,1 ks=0,0,0,0,0,0,0,0,0,0,0,0,0,0,154,91,0,54,0,171,0,254,0,0,232,4,0,0,0,0,4,29,134,116,0,0,0,0,0,0,0,0,0,0,0,0,0,0,0,0,0,0,0,178,0,0,0,0,0,0,0,0,0,156
00637 features=722 size=14 p=5 tap=41 reset=false scheme=4 ops=2,3,3,3,0,3,2,2,3,2,2,3,3,3,3,2,3,3,3,3,1,2,2,3,3,3,2,2,2,2,3,2,3,3,2,2,0,2,2,2,3,2,3,3,3,2,2,2,3,2,3,3,2,2,2,2,1,2,3,3,2,2,3,2 ks=0,0,0,0,0,0,218,113,0,0,0,225,0,86,154,0,64,91,66,171,0,0,0,0,0,0,0,0,0,0,0,0,129,198,0,0,0,0,0,0,0,255,0,128,0,0,0,79,0,0,0,0,0,0,0,0,0,0,0,0,0,0,0,0
00638 features=308 size=7 p=5 tap=41 reset=false scheme=0 ops=2,3,3,3,3,3,1,1,1,3,1,1,3,3,3,2,3,3,3,3,2,2,2,3,3,3,2,1,2,2,3,2,3,3,1,1,3,2,2,2,3,2,3,3,3,2,2,2,3,2,3,3,3,2,2,3,3,2,3,3,2,2,3,2 ks=0,0,0,0,0,0,0,0,0,0,0,0,0,0,0,0,0,91,0,171,0,0,0,0,0,0,0,0,0,0,0,0,32,112,0,128,0,0,0,0,0,0,0,0,0,0,0,8,0,0,0,0,0,0,0,0,253,0,0,0,0,0,0,0
00639 features=441 size=12 p=5 tap=10 reset=false scheme=4 ops=2,3,3,3,2,3,2,2,3,3,2,3,3,3,3,2,3,3,3,3,2,2,2,3,2,3,2,2,2,3,3,2,3,3,2,2,1,2,2,2,3,3,3,0,3,2,2,2,3,2,3,3,3,3,3,3,3,2,3,3,2,2,3,2 ks=0,0,0,252,2,0,0,0,0,57,0,0,0,86,154,91,0,0,0,171,0,0,0,0,0,0,0,0,0,32,0,0,128,116,0,0,0,0,0,0,0,0,0,0,0,0,254,0,0,0,0,0,0,0,0,0,0,0,191,0,0,0,0,0
00640 features=536 size=6 p=2 tap=41 reset=false scheme=2 ops=2,3,3,2,1,3,2,2,3,2,2,3,3,3,3,2,3,3,3,3,3,3,3,3,3,3,2,2,2,3,3,2,2,3,2,3,3,2,2,2,3,2,3,3,3,2,2,2,3,2,2,3,2,2,2,2,3,2,3,3,2,2,3,2 ks=0,0,0,0,0,0,0,109,0,0,0,0,0,0,0,91,0,91,0,156,0,0,0,0,0,0,0,0,0,0,0,0,128,120,0,0,0,0,0,0,0,0,0,0,0,0,0,0,0,0,0,0,0,0,0,0,0,0,0,0,0,0,0,0
00641 features=484 size=15 p=1 tap=10 reset=false scheme=1 ops=2,3,3,3,2,3,2,2,3,3,2,3,3,3,3,2,3,3,3,1,2,2,2,3,2,3,1,2,2,3,3,2,3,3,2,2,2,2,2,2,3,3,3,2,3,2,2,2,3,2,3,3,3,3,3,3,3,1,3,3,2,2,3,2 ks=0,0,0,252,0,0,0,0,0,57,0,0,0,86,154,91,12,0,0,0,0,0,50,0,0,0,0,0,0,0,0,0,128,116,0,0,0,0,0,0,0,0,0,0,0,172,0,0,0,0,0,0,0,0,127,0,0,0,191,12,0,71,0,144
00642 features=246 size=2 p=5 tap=41 reset=false scheme=3 ops=1,2,1,3,1,1,1,1,1,1,1,1,1,1,1,1,1,2,2,1,1,1,2,1,1,3,1,1,1,1,3,3,1,1,1,3,3,3,2,1,1,1,1,3,1,1,1,0,3,1,3,3,1,0,3,1,2,1,1,3,3,3,1,1 ks=0,0,0,0,0,0,0,0,0,0,0,0,0,0,0,0,0,0,0,0,0,0,0,0,0,0,0,0,0,0,0,0,0,0,0,0,0,0,0,0,0,0,0,0,0,0,0,0,0,0,0,0,0,254,0,0,0,0,0,246,0,0,0,0
00643 features=788 size=10 p=10 tap=10 reset=true scheme=0 ops=2,3,3,3,0,3,2,2,3,2,2,0,3,3,3,2,3,3,3,1,1,1,3,3,3,3,3,1,3,3,3,0,0,3,2,2,2,2,2,0,3,2,3,0,3,2,2,2,3,2,3,2,0,2,2,2,3,2,3,3,2,2,3,2 ks=0,0,0,0,89,152,0,113,0,255,0,0,0,0,0,0,208,91,2,0,0,0,0,0,1,0,0,0,0,0,0,0,0,0,0,0,0,127,0,0,0,0,0,0,0,0,0,0,0,0,0,0,0,0,0,0,0,0,0,0,0,0,0,1
00644 features=517 size=4 p=5 tap=16 reset=false scheme=0 ops=2,3,3,3,3,1,3,3,3,3,3,3,3,3,3,1,3,3,3,3,2,2,2,3,2,3,2,2,2,3,3,2,3,3,2,2,2,2,2,3,3,2,3,3,3,2,2,2,3,2,3,3,2,2,2,2,3,2,3,0,2,2,0,2 ks=0,0,0,0,0,0,0,0,128,175,0,0,0,0,0,91,0,88,0,0,0,0,0,0,0,0,0,0,0,0,0,0,0,0,0,0,0,0,0,0,0,0,0,0,0,0,0,0,0,0,0,0,0,0,0,0,0,0,0,0,0,0,0,0
00645 features=894 size=6 p=5 tap=41 reset=true scheme=0 ops=2,3,3,3,3,3,3,3,1,1,3,1,3,3,3,2,3,3,3,3,2,2,2,3,2,2,2,2,2,3,3,0,3,3,2,2,2,2,1,3,3,2,3,3,3,2,2,2,3,2,3,3,2,2,2,2,3,2,3,3,2,2,3,2 ks=0,0,0,0,0,0,0,0,0,0,0,0,0,0,0,0,0,88,0,172,0,0,0,4,0,0,0,0,0,0,0,0,53,205,0,0,0,0,0,0,0,0,0,0,0,0,0,0,0,0,0,0,0,0,0,0,0,0,0,0,0,0,128,0
00646 features=604 size=13 p=1 tap=41 reset=false scheme=2 ops=2,3,3,3,0,3,2,2,3,2,2,3,3,3,3,2,3,3,3,3,2,2,3,3,3,3,2,2,2,2,3,2,3,3,2,2,0,2,3,2,3,2,3,3,3,2,2,2,3,1,3,3,2,2,2,2,3,2,3,3,2,2,3,2 ks=0,0,0,254,0,0,255,113,0,0,0,0,192,86,154,91,0,91,66,171,0,0,0,0,0,0,0,0,0,0,0,0,128,198,0,0,0,0,0,117,0,0,0,0,0,0,0,0,0,0,0,0,0,0,0,0,0,0,0,0,0,0,0,0
00647 features=829 size=8 p=2 tap=41 reset=true scheme=3 ops=2,3,3,3,3,3,0,3,3,0,3,2,3,3,3,2,3,3,3,3,2,2,2,3,2,3,2,2,2,3,3,2,3,3,2,2,2,2,2,3,3,1,3,0,3,2,2,2,3,2,3,3,2,2,2,2,3,2,3,3,2,2,3,2 ks=0,0,0,0,0,0,0,0,0,0,0,0,0,0,154,0,0,91,0,171,0,0,28,0,0,0,0,0,0,0,0,0,53,116,0,0,0,0,0,0,0,0,0,0,254,0,0,0,0,0,0,0,0,0,0,0,0,0,0,12,0,0,0,0
00648 features=488 size=3 p=5 tap=41 reset=false scheme=2 ops=2,3,3,3,0,3,2,2,3,3,3,3,3,3,3,2,3,3,3,3,2,2,2,3,3,3,2,1,2,0,3,0,0,3,1,0,0,2,2,2,3,2,3,3,3,2,2,2,3,2,3,3,3,2,2,0,3,2,3,3,2,2,3,2 ks=0,0,0,0,0,0,0,0,0,0,0,0,0,0,0,0,0,0,17,152,0,0,0,0,0,0,0,0,0,0,0,0,0,112,0,0,0,0,0,0,0,0,0,0,0,0,0,0,0,0,0,0,0,0,0,0,0,0,0,0,0,0,0,0
00649 features=792 size=12 p=2 tap=42 reset=true scheme=3 ops=2,3,3,3,3,3,3,3,3,3,3,0,3,3,3,2,3,3,3,3,2,0,2,3,2,2,2,2,2,3,3,2,3,3,2,2,2,0,2,3,3,2,2,3,3,2,2,0,3,0,3,3,2,2,2,2,1,2,3,3,2,2,0,2 ks=0,0,0,0,0,0,1,0,0,175,0,0,13,0,0,91,151,92,0,171,0,0,0,0,0,0,0,0,0,0,0,0,128,116,0,0,0,0,0,0,0,0,0,0,0,0,0,0,0,0,0,0,0,0,0,0,127,0,128,76,0,0,0,0
00650 features=885 size=6 p=5 tap=41 reset=true scheme=1 ops=2,3,3,2,1,3,2,2,3,2,2,3,3,3,3,2,3,3,3,3,2,2,2,3,3,3,2,1,2,0,3,0,0,3,1,0,3,2,2,2,3,1,3,0,3,1,1,2,3,2,3,3,3,2,2,2,3,2,3,3,2,2,3,1 ks=0,0,0,0,0,0,0,0,0,0,0,0,0,0,154,91,0,91,0,169,0,0,0,0,0,0,0,0,0,0,0,0,134,81,0,0,0,0,0,0,0,0,0,0,0,0,0,0,0,0,0,0,0,0,0,0,0,0,0,0,0,0,0,0
00651 features=333 size=16 p=5 tap=41 reset=false scheme=1 ops=1,3,3,3,3,3,1,3,1,1,3,1,1,3,3,3,3,3,3,1,1,1,3,3,3,3,3,1,3,3,3,1,1,3,1,1,0,0,0,3,3,1,3,3,3,3,0,0,1,1,1,3,3,3,3,1,3,3,3,3,1,1,2,3 ks=0,0,0,0,0,128,0,0,0,0,0,0,3,0,154,0,208,91,0,171,2,0,0,64,0,0,0,0,0,0,0,0,128,116,0,0,0,0,0,0,0,4,0,0,0,0,0,0,0,0,0,0,175,0,0,0,0,0,191,12,0,0,200,28
00652 features=962 size=13 p=10 tap=33 reset=true scheme=2 ops=2,3,3,3,0,3,0,2,3,2,2,3,3,3,3,2,3,3,3,0,2,2,2,3,3,3,2,2,2,3,3,0,0,3,2,3,2,2,2,2,3,2,3,0,2,2,2,2,3,2,3,1,3,2,2,2,3,2,3,3,2,2,3,2 ks=0,0,0,128,4,152,255,113,0,0,0,0,0,0,97,91,0,91,0,171,0,0,0,0,0,0,0,0,0,0,3,0,128,116,0,0,0,0,0,0,0,0,0,0,0,0,0,0,0,0,0,0,0,3,0,0,0,0,0,0,0,0,0,0
00653 features=455 size=6 p=2 tap=54 reset=true scheme=3 ops=1,3,3,3,3,3,3,1,3,3,3,3,3,3,3,1,3,3,3,3,3,3,3,3,3,3,3,1,1,3,3,1,1,3,3,1,1,3,3,2,2,3,3,1,3,3,3,1,3,1,3,3,1,3,1,1,3,1,3,3,3,3,3,1 ks=0,0,0,0,0,0,0,0,0,0,0,0,0,0,0,0,0,0,0,167,0,0,0,0,0,0,0,0,0,0,0,0,128,116,0,0,0,0,0,0,0,4,0,0,0,0,0,0,0,0,0,0,0,0,2,0,0,0,0,0,0,2,0,0
00654 features=479 size=19 p=10 tap=33 reset=false scheme=2 ops=1,3,3,3,3,3,1,3,1,1,3,1,0,3,3,3,3,3,3,1,3,1,3,3,3,3,0,1,3,3,3,2,1,3,3,1,1,1,3,0,1,3,1,0,3,2,2,2,3,3,3,3,3,3,3,1,3,3,3,3,1,1,1,3 ks=0,0,0,0,0,152,0,0,0,0,0,254,0,0,154,91,208,91,0,171,0,0,0,64,0,0,0,124,0,0,0,24,163,116,0,0,0,0,128,0,128,0,0,255,0,0,0,0,0,253,0,0,0,0,0,0,0,0,0,12,0,0,200,28
00655 features=810 size=12 p=5 tap=42 reset=true scheme=3 ops=2,3,3,3,3,3,3,3,3,3,3,0,3,3,3,2,3,3,3,3,2,0,2,3,2,2,2,2,2,3,3,2,0,3,2,2,2,2,2,3,3,2,3,3,3,2,2,2,2,2,3,2,2,2,2,2,3,2,3,3,2,2,3,2 ks=0,0,0,0,0,4,0,0,0,175,0,0,0,0,0,91,151,88,0,171,0,0,0,0,0,0,0,0,0,0,0,0,128,116,0,0,0,1,0,0,0,0,0,0,177,0,0,0,0,0,0,0,0,0,0,0,0,0,0,76,0,0,16,0
00656 features=799 size=13 p=1 tap=42 reset=true scheme=3 ops=2,2,3,3,3,3,3,3,3,3,3,0,3,3,3,2,3,3,3,3,2,0,2,3,2,2,2,2,2,3,3,2,3,3,2,2,2,2,2,3,3,2,3,3,3,2,2,2,2,2,3,2,2,2,2,2,3,2,3,3,2,2,3,2 ks=0,0,0,0,0,4,1,0,0,175,0,0,0,0,0,91,151,92,0,171,0,0,0,0,0,8,0,0,0,0,0,0,128,116,0,0,0,0,0,0,0,0,0,0,0,0,0,0,0,0,0,0,0,0,0,0,127,0,128,76,0,0,0,0
00657 features=597 size=9 p=10 tap=41 reset=false scheme=2 ops=2,3,3,2,1,3,2,2,3,2,2,3,3,3,3,2,3,3,3,3,0,2,2,3,3,3,2,1,2,3,3,1,0,3,2,2,2,2,2,2,3,1,3,0,3,2,2,2,3,2,3,3,3,2,2,2,3,2,3,3,2,2,3,2 ks=0,0,0,0,0,0,0,0,0,0,0,0,3,0,154,91,0,91,0,171,0,0,0,0,0,0,0,0,0,250,0,0,128,116,0,0,2,0,0,0,0,0,0,0,0,0,0,0,0,0,0,0,0,0,0,0,0,0,0,0,0,0,0,0
00658 features=412 size=12 p=5 tap=10 reset=false scheme=3 ops=2,3,3,3,2,3,2,2,3,3,2,3,3,3,3,2,3,3,3,3,2,2,2,3,2,3,2,2,2,3,3,2,3,3,2,2,2,2,2,2,3,3,0,0,3,2,2,2,3,2,3,3,3,3,3,3,3,2,2,3,2,2,3,2 ks=0,0,0,128,0,0,0,0,0,57,0,0,0,86,154,91,12,0,0,171,0,0,0,0,0,0,0,0,0,0,0,0,128,116,0,0,0,0,0,0,0,0,0,16,0,0,0,0,0,0,0,0,0,0,0,0,0,0,191,12,0,0,0,0
00659 features=812 size=6 p=5 tap=10 reset=true scheme=1 ops=2,3,3,3,2,3,2,2,3,2,2,3,3,3,3,2,3,3,3,0,2,2,2,3,2,3,1,2,2,3,3,2,3,3,2,2,2,2,2,2,3,3,3,2,3,2,2,2,3,2,3,3,3,3,3,3,3,2,3,3,2,2,3,2 ks=0,0,0,252,0,0,0,0,0,57,0,0,0,86,154,91,12,0,0,0,0,0,0,0,0,0,0,0,0,0,0,0,0,0,0,0,0,0,0,0,0,0,0,0,0,0,0,0,0,0,0,0,0,0,0,0,0,0,0,0,0,0,0,0
00660 features=624 size=5 p=10 tap=14 reset=false scheme=5 ops=2,3,1,3,2,3,2,2,1,0,2,3,3,3,3,2,3,3,3,0,2,2,2,3,3,3,2,2,2,3,3,2,3,3,2,2,2,2,2,2,3,2,3,3,3,2,2,1,3,2,3,3,2,2,2,0,3,2,3,3,2,2,3,2 ks=0,0,0,0,0,0,0,0,0,0,0,0,0,86,154,0,0,27,0,0,0,0,0,0,0,0,0,0,0,0,0,0,0,0,0,0,0,0,0,0,0,4,0,0,0,0,0,0,0,0,0,0,0,0,0,0,0,0,0,198,0,0,0,0
00661 features=626 size=12 p=10 tap=41 reset=false scheme=3 ops=2,3,3,3,0,3,2,2,3,2,2,3,3,3,3,2,3,3,3,0,2,2,2,3,3,3,2,1,2,3,3,0,0,3,2,2,2,3,2,3,3,2,3,0,3,2,2,2,3,2,3,3,2,2,2,2,3,2,3,3,2,2,3,2 ks=0,0,0,0,89,0,0,0,0,56,0,0,0,0,154,91,0,91,0,171,0,0,0,0,0,0,0,0,0,0,4,128,134,116,0,0,0,0,0,0,0,83,255,0,0,0,0,0,0,0,0,0,0,0,0,0,0,0,0,0,0,0,0,0
00662 features=481 size=7 p=2 tap=54 reset=true scheme=3 ops=1,3,3,3,3,3,3,1,3,3,2,3,3,2,3,2,3,3,3,3,2,2,2,3,3,3,3,1,1,3,3,1,1,3,3,1,1,3,3,3,3,3,3,1,3,3,3,1,3,1,3,3,1,3,1,1,3,1,3,3,3,3,3,1 ks=0,0,0,0,0,0,0,0,0,0,0,0,0,0,0,0,0,0,0,152,0,0,0,0,0,0,0,0,0,0,0,0,128,116,0,0,0,0,0,0,0,4,0,0,0,0,0,236,0,0,0,0,0,0,2,0,0,0,0,0,0,2,0,0
00663 features=474 size=2 p=10 tap=14 reset=false scheme=5 ops=2,3,1,3,2,3,2,2,1,0,2,3,3,3,3,2,3,3,3,0,2,2,2,3,3,3,2,2,2,3,3,2,3,3,2,2,2,2,2,2,3,2,3,3,3,2,2,1,3,2,3,3,2,2,2,0,2,1,1,3,3,3,1,1 ks=0,0,0,0,0,0,0,0,0,0,0,0,0,86,154,0,0,0,0,0,0,0,0,0,0,0,0,0,0,0,0,0,0,0,0,0,0,0,0,0,0,0,0,0,0,0,0,0,0,0,0,0,0,0,0,0,0,0,0,0,0,0,0,0
00664 features=716 size=7 p=5 tap=47 reset=true scheme=3 ops=2,3,3,3,3,3,3,3,3,3,3,0,3,3,3,2,3,3,3,3,2,0,2,3,2,2,2,2,2,3,3,2,3,3,2,2,2,2,2,3,3,2,3,3,3,2,2,2,2,2,3,2,2,2,2,2,3,2,3,3,2,2,3,2 ks=0,0,0,0,0,0,0,0,254,0,0,0,0,0,0,91,0,0,0,171,0,0,0,0,0,0,0,0,0,0,0,0,128,117,0,0,0,0,0,0,0,0,0,0,177,0,0,0,0,0,0,0,0,0,0,0,0,0,0,76,0,0,0,0
00665 features=859 size=4 p=10 tap=41 reset=true scheme=2 ops=0,3,3,3,0,3,1,3,1,3,0,3,3,3,3,0,3,3,3,3,1,0,3,3,0,3,2,2,2,3,3,0,0,3,2,1,0,0,0,3,3,1,3,0,3,0,3,3,3,1,3,3,3,1,3,0,3,0,3,3,0,3,3,1 ks=0,0,0,0,0,0,0,0,0,0,0,0,0,0,0,0,0,0,0,152,0,0,0,0,0,0,0,0,0,0,231,0,128,120,0,0,0,0,0,0,0,0,0,0,0,0,0,0,0,0,0,0,0,0,0,0,0,0,0,0,0,0,0,0
00666 features=337 size=6 p=10 tap=59 reset=false scheme=2 ops=0,3,3,3,0,3,3,3,3,3,3,3,3,3,3,0,3,3,3,3,0,0,3,3,3,3,3,0,3,3,3,0,0,3,0,0,0,3,3,0,3,0,3,3,3,0,0,0,3,3,3,3,0,0,0,3,3,0,3,3,3,3,3,0 ks=0,0,0,0,0,0,0,0,0,0,0,0,0,0,0,0,0,0,253,0,229,0,0,0,0,255,0,0,0,0,0,0,0,0,0,0,0,0,0,0,0,0,0,0,0,0,0,0,0,0,0,0,0,0,0,0,0,0,191,12,0,0,214,0
00667 features=486 size=19 p=10 tap=33 reset=false scheme=2 ops=1,3,3,3,3,3,1,3,1,1,3,1,3,3,3,3,0,3,3,1,3,1,3,3,3,3,0,1,3,3,3,1,1,3,3,1,1,1,3,0,1,3,1,0,3,2,2,2,3,3,3,3,3,3,3,1,3,3,3,1,1,1,1,3 ks=0,0,0,0,0,152,0,0,0,0,0,0,0,0,154,91,208,91,0,171,0,0,0,64,0,0,0,124,0,0,0,8,179,116,0,0,0,0,128,0,128,0,142,255,0,0,0,0,0,253,0,0,0,0,0,0,0,0,0,12,0,0,200,28
00668 features=752 size=10 p=10 tap=41 reset=true scheme=3 ops=3,3,0,3,0,3,3,3,3,0,0,3,3,3,3,0,3,3,3,3,0,0,3,3,3,3,3,0,0,3,3,0,0,3,0,0,3,3,3,0,3,3,3,0,3,3,0,0,3,3,3,3,3,0,3,0,3,0,3,3,0,3,3,3 ks=0,0,0,0,0,0,0,180,0,0,0,0,0,0,1,0,0,0,0,171,0,0,0,64,0,0,0,0,0,0,0,0,0,116,0,0,0,0,0,0,64,0,0,0,0,0,0,0,0,0,0,0,0,0,0,0,0,2,191,12,4,0,0,0
00669 features=908 size=6 p=5 tap=41 reset=true scheme=0 ops=2,3,3,0,3,3,3,3,3,3,3,3,3,2,3,2,3,3,3,3,2,2,2,3,2,2,2,2,2,3,3,0,3,3,2,2,2,2,2,3,3,2,3,3,3,2,2,2,3,2,3,3,2,2,2,0,3,2,3,3,0,2,3,2 ks=0,0,0,0,0,0,0,0,0,175,0,0,0,0,0,0,0,88,0,171,0,0,0,0,0,0,0,0,0,0,0,0,53,225,2,0,0,0,0,0,0,0,0,0,0,0,0,0,0,0,0,0,0,0,0,0,0,0,0,0,0,0,0,0
00670 features=728 size=11 p=10 tap=41 reset=true scheme=3 ops=2,3,3,0,3,3,3,3,3,3,3,3,3,3,3,2,3,3,3,3,2,2,2,3,2,2,2,2,2,3,3,1,1,3,3,2,2,2,2,3,3,2,3,3,3,2,2,2,3,2,3,3,2,2,2,2,3,2,3,0,2,2,3,2 ks=0,0,0,0,0,0,0,0,0,175,0,0,0,0,0,64,0,88,0,171,0,0,0,0,0,0,0,0,0,0,0,0,128,119,0,0,158,87,0,0,0,4,0,0,0,0,0,0,254,0,0,0,0,0,4,0,0,0,0,0,0,0,0,0
00671 features=924 size=3 p=2 tap=41 reset=true scheme=2 ops=2,3,1,3,2,3,2,2,1,3,2,2,3,3,3,2,3,3,3,3,2,2,0,3,2,2,2,2,2,2,3,2,3,3,1,0,0,2,2,2,3,2,3,3,3,2,2,2,3,2,3,3,2,3,2,3,3,2,3,3,2,2,3,2 ks=0,0,0,0,0,0,0,0,0,0,0,0,0,0,0,0,0,0,0,171,0,0,0,0,0,0,0,0,0,0,0,0,129,116,0,0,0,0,0,0,0,0,0,0,0,0,0,0,0,0,0,0,0,0,0,0,0,0,0,0,0,0,0,0
00672 features=740 size=6 p=1 tap=10 reset=true scheme=1 ops=2,3,3,3,2,3,2,2,3,3,2,3,3,3,3,2,3,3,3,1,2,2,2,3,2,3,1,1,2,3,3,2,3,1,2,2,2,2,2,2,3,3,3,2,3,2,2,2,3,2,3,3,3,1,3,3,3,1,3,3,2,2,1,1 ks=0,0,0,252,0,0,0,0,0,246,0,0,0,86,154,91,12,0,0,0,0,0,0,0,0,0,0,0,0,0,0,0,0,0,0,0,0,0,0,0,0,0,0,0,0,0,0,0,0,0,0,0,0,0,0,0,0,0,0,0,0,0,0,0
00673 features=505 size=13 p=1 tap=41 reset=false scheme=2 ops=2,3,3,2,1,3,2,2,3,2,2,3,3,3,3,2,3,3,3,3,2,2,2,3,3,3,2,1,2,3,3,0,0,3,2,2,2,3,2,3,3,2,3,3,3,2,2,2,3,2,3,3,3,2,2,2,3,2,3,3,2,2,3,2 ks=0,0,0,0,0,0,0,0,0,0,0,0,0,0,154,91,0,91,0,171,0,0,0,0,0,0,0,0,0,0,4,29,134,116,0,0,0,0,0,0,0,4,64,0,0,0,0,0,0,0,0,0,0,4,0,0,0,0,64,0,0,0,0,156
00674 features=467 size=16 p=5 tap=33 reset=false scheme=2 ops=1,3,3,3,3,3,1,3,3,1,1,3,3,3,3,1,3,3,3,3,1,1,3,3,3,3,0,1,3,3,3,1,1,3,3,1,1,1,3,0,1,3,1,0,3,2,2,2,3,3,3,3,3,3,3,1,3,3,3,3,1,1,3,3 ks=0,0,0,0,0,152,0,0,0,0,0,0,0,0,154,89,0,91,0,171,0,0,0,64,0,0,0,124,0,0,0,0,163,116,0,0,0,0,0,0,128,0,142,255,1,0,0,0,0,0,0,0,0,0,0,0,0,0,0,12,0,0,42,28
00675 features=560 size=16 p=5 tap=41 reset=true scheme=2 ops=1,3,3,3,3,3,1,3,1,1,3,1,3,3,3,3,3,3,3,1,1,1,3,3,3,3,3,1,3,3,3,1,1,3,3,1,1,1,3,1,3,0,3,3,3,3,1,3,3,1,1,3,3,3,3,1,3,3,3,3,1,1,3,3 ks=0,0,0,0,0,152,0,0,0,0,0,0,0,0,154,91,0,91,0,171,0,0,0,64,0,0,254,0,0,175,255,0,128,60,0,0,0,0,0,0,0,0,0,0,0,0,128,112,0,0,0,0,0,0,0,0,0,0,191,12,0,0,200,0
00676 features=601 size=12 p=1 tap=41 reset=false scheme=2 ops=2,3,3,2,1,3,2,2,3,2,2,3,3,3,3,2,3,3,3,0,2,2,2,3,3,3,2,1,2,3,3,0,0,3,2,2,2,1,2,2,3,1,3,3,3,2,2,2,3,2,3,3,2,2,2,2,3,2,3,3,2,2,3,2 ks=0,0,0,0,0,0,0,113,0,0,0,0,0,0,154,91,0,91,2,171,0,0,0,0,0,4,0,0,0,0,4,0,134,116,0,0,0,0,0,0,0,0,0,0,0,0,0,0,0,0,0,0,0,178,0,0,0,0,0,0,0,0,0,156
00677 features=539 size=15 p=10 tap=10 reset=false scheme=3 ops=2,3,3,3,2,3,2,2,3,3,2,3,3,3,3,1,3,3,3,1,1,1,2,3,1,3,2,2,1,3,3,0,3,3,2,2,2,2,2,2,3,2,3,3,3,2,2,2,3,2,3,3,3,3,3,1,3,3,3,3,1,1,2,2 ks=0,0,0,236,0,0,0,0,0,57,152,0,0,86,154,91,212,0,0,171,0,0,0,0,253,0,0,0,0,0,0,0,128,116,0,0,0,0,0,0,0,0,0,0,0,0,0,0,0,0,0,0,175,0,0,0,0,0,191,12,0,0,0,254
00678 features=713 size=13 p=5 tap=41 reset=true scheme=3 ops=3,3,0,3,0,3,0,0,3,3,3,3,3,3,3,3,3,3,3,3,0,0,3,3,0,0,3,3,0,3,3,0,0,3,0,0,0,0,0,0,3,0,3,3,3,3,3,0,3,0,3,3,3,3,3,3,0,0,3,0,0,0,3,3 ks=0,0,0,0,0,152,0,0,0,0,0,0,0,0,0,0,254,91,0,171,0,0,0,0,0,0,0,0,0,0,0,2,0,116,0,0,0,0,73,0,0,4,54,0,254,0,0,254,0,0,0,0,0,0,0,0,0,0,128,0,0,0,0,28
00679 features=421 size=4 p=5 tap=15 reset=false scheme=4 ops=2,3,3,3,2,3,2,2,3,3,2,3,1,3,3,2,3,3,3,3,2,2,2,3,2,3,2,2,2,3,3,2,3,3,2,2,1,2,2,2,3,3,3,0,3,2,2,2,3,2,3,3,3,3,3,3,3,2,3,3,2,2,3,2 ks=0,0,0,0,0,0,0,0,0,0,0,0,0,86,154,91,0,0,0,0,0,0,0,0,0,0,0,0,0,0,0,0,0,0,0,0,0,0,0,0,0,0,0,0,0,0,0,0,0,0,0,0,0,0,0,0,0,0,0,218,0,0,0,0
00680 features=303 size=20 p=10 tap=41 reset=false scheme=1 ops=1,3,3,3,3,3,1,3,1,1,3,1,1,3,3,3,3,3,3,1,1,1,3,3,3,3,3,1,3,3,3,1,1,3,1,1,1,0,0,3,3,1,3,3,3,3,0,0,1,1,1,3,3,3,3,1,3,3,3,3,1,1,3,3 ks=0,0,0,0,0,128,0,0,0,0,0,254,3,0,154,252,208,91,0,171,0,0,0,64,0,0,0,0,0,0,0,0,128,114,0,0,0,0,0,0,2,4,4,0,0,0,231,0,0,0,0,0,0,0,0,0,32,0,255,12,0,0,200,28
00681 features=182 size=10 p=5 tap=41 reset=false scheme=2 ops=3,3,3,1,1,3,1,3,3,3,1,3,3,3,3,1,3,3,3,3,1,3,3,3,3,3,1,1,3,3,3,1,1,3,1,3,3,1,1,1,3,1,3,3,3,3,1,3,3,1,3,3,1,1,1,3,3,3,3,3,3,1,3,1 ks=0,0,0,0,0,0,0,0,0,0,0,0,0,0,154,91,0,91,0,171,0,0,0,0,0,4,0,0,0,0,4,0,134,116,0,0,0,2,0,0,0,0,0,0,0,0,0,0,0,0,0,0,0,0,0,0,0,0,64,0,0,0,0,0
00682 features=374 size=16 p=5 tap=41 reset=false scheme=2 ops=2,3,3,3,3,3,2,2,3,2,2,3,3,3,3,2,3,3,3,3,2,1,3,3,3,3,2,2,2,2,3,2,3,3,2,2,2,2,2,2,3,2,3,3,3,2,2,2,3,2,3,3,2,2,2,2,3,2,3,3,1,1,1,3 ks=0,0,0,254,0,0,255,113,0,91,15,0,128,86,154,91,0,91,66,171,0,0,0,0,0,0,0,0,0,0,0,0,129,198,0,0,0,0,0,0,0,0,0,0,0,0,0,0,0,0,0,0,0,3,0,0,0,0,0,12,0,0,0,0
00683 features=659 size=10 p=1 tap=41 reset=false scheme=3 ops=2,3,3,3,3,3,3,3,3,3,3,3,3,3,3,2,3,3,3,3,2,2,2,3,2,2,2,2,2,3,3,2,3,3,2,2,2,2,2,3,3,2,3,3,3,2,2,2,3,2,3,3,2,2,2,2,3,2,3,3,2,2,3,1 ks=0,0,45,0,0,0,0,0,0,174,0,0,0,0,0,91,0,88,0,171,0,254,0,0,0,0,0,0,16,0,0,0,53,116,0,0,0,0,0,0,0,0,0,0,0,0,0,0,0,0,0,0,0,0,0,0,0,249,0,0,0,0,0,0
00684 features=791 size=7 p=2 tap=41 reset=true scheme=3 ops=2,3,3,3,0,3,1,1,0,0,0,0,3,1,3,2,3,3,3,3,2,2,2,3,3,3,2,2,2,3,3,2,3,3,2,2,2,2,2,2,3,1,3,0,3,2,2,2,3,2,3,3,2,2,2,2,3,2,3,3,2,2,3,2 ks=0,0,0,0,0,0,0,0,0,0,0,0,0,0,0,0,0,91,0,171,0,0,0,0,0,0,0,0,0,0,0,0,124,244,0,0,0,0,0,0,0,0,0,0,0,0,0,0,0,0,143,0,0,0,0,0,0,0,191,12,0,0,0,0
00685 features=856 size=4 p=2 tap=41 reset=true scheme=1 ops=0,3,1,2,0,3,0,1,1,3,1,3,3,3,3,0,3,0,3,3,1,0,0,3,0,1,3,0,0,3,3,1,0,3,0,0,0,0,0,0,3,2,3,3,3,3,1,0,3,1,3,3,1,2,2,0,3,2,3,3,2,2,3,3 ks=0,0,0,0,0,0,0,0,0,0,0,0,0,0,0,0,0,0,0,175,0,0,0,0,0,0,0,0,0,0,0,2,128,116,0,0,0,0,0,0,0,0,0,0,0,0,0,0,0,0,0,0,0,0,0,0,0,0,0,0,0,0,0,0
00686 features=101 size=2 p=5 tap=14 reset=false scheme=2 ops=3,3,3,3,3,3,3,3,3,3,3,3,3,3,3,3,3,3,3,3,3,3,3,3,3,3,3,3,3,3,3,3,3,3,3,3,3,3,3,3,3,3,3,3,3,3,3,3,3,3,3,3,3,3,3,3,3,3,3,3,3,3,3,3 ks=0,0,0,0,0,0,0,0,0,0,0,0,0,86,154,0,0,0,0,0,0,0,0,0,0,0,0,0,0,0,0,0,0,0,0,0,0,0,0,0,0,0,0,0,0,0,0,0,0,0,0,0,0,0,0,0,0,0,0,0,0,0,0,0
00687 features=975 size=4 p=2 tap=41 reset=true scheme=4 ops=0,3,0,3,0,3,0,0,3,3,3,3,3,3,0,3,3,3,3,1,0,0,3,3,0,0,3,3,0,3,3,0,0,3,0,0,0,0,0,0,3,0,3,3,3,3,3,0,3,0,3,3,2,2,3,3,0,0,3,0,0,0,3,3 ks=0,0,0,0,0,0,0,0,0,0,0,0,0,0,0,0,0,0,0,171,0,0,0,0,0,0,0,0,0,0,0,2,128,116,0,0,0,0,0,0,0,0,0,0,0,0,0,0,0,0,0,0,0,0,0,0,0,0,0,0,0,0,0,0
00688 features=751 size=18 p=5 tap=10 reset=true scheme=3 ops=2,3,3,3,2,3,3,2,3,3,2,3,3,3,3,3,3,3,3,1,1,1,2,3,1,3,2,2,2,3,2,0,3,3,2,2,2,2,3,1,1,3,3,0,3,2,2,2,3,1,1,3,3,3,3,1,3,3,3,3,1,1,3,2 ks=0,0,0,253,0,0,0,0,0,57,0,0,0,86,154,91,212,0,0,171,0,0,0,0,0,0,0,0,0,0,0,0,128,116,0,0,0,0,0,0,128,0,142,0,0,2,4,0,0,0,0,0,175,0,0,0,0,0,191,12,0,0,200,254
00689 features=809 size=6 p=10 tap=41 reset=true scheme=2 ops=0,3,3,3,0,3,1,1,3,3,2,3,3,3,3,1,3,3,3,3,1,0,3,3,0,3,2,2,2,3,3,0,0,3,2,2,2,0,0,3,3,1,3,0,3,0,3,3,3,1,3,3,3,1,3,0,3,0,3,3,0,3,3,1 ks=0,0,0,0,0,0,0,0,0,57,0,0,0,0,0,0,212,0,0,152,0,0,0,0,0,0,0,0,0,0,231,0,128,120,0,0,0,0,0,0,0,0,0,0,0,0,0,0,0,0,0,0,0,0,0,0,0,0,0,0,0,0,0,0
00690 features=728 size=6 p=10 tap=41 reset=true scheme=0 ops=0,3,3,3,0,3,1,3,3,3,3,3,3,3,3,1,3,3,3,3,0,0,0,3,3,3,1,1,0,3,3,0,0,3,1,0,3,0,0,3,3,1,3,0,3,0,3,3,3,1,3,3,3,1,3,0,3,0,3,3,1,3,3,1 ks=0,0,0,0,0,255,0,0,0,0,0,0,0,0,0,0,0,0,0,171,0,0,0,0,0,0,0,0,0,0,0,64,128,116,0,0,0,0,0,0,0,64,0,0,0,0,0,0,0,0,0,0,0,0,0,0,0,0,0,0,0,0,0,0
00691 features=812 size=8 p=5 tap=41 reset=true scheme=1 ops=3,3,0,3,0,3,0,0,3,3,3,3,3,3,3,3,3,3,3,3,2,2,3,3,3,3,2,1,2,3,3,0,0,3,0,0,0,0,0,0,3,0,3,3,1,3,3,0,3,0,3,3,3,3,3,3,0,0,3,0,0,0,1,3 ks=0,0,0,0,0,0,0,0,0,0,0,0,0,0,0,0,0,0,0,152,0,0,0,0,0,0,0,0,0,0,0,2,128,116,0,0,0,0,73,0,0,4,54,0,2,0,0,0,0,0,0,0,0,0,0,0,0,0,0,0,0,0,0,0
00692 features=376 size=9 p=5 tap=41 reset=false scheme=2 ops=3,3,3,3,0,3,1,3,3,3,3,3,3,3,3,2,3,3,3,3,2,1,3,3,3,3,2,2,2,2,3,2,3,3,2,2,2,2,2,2,3,2,3,3,3,2,2,2,3,2,3,3,2,2,2,2,3,2,3,3,1,1,1,3 ks=0,0,0,0,0,152,0,0,0,0,0,0,128,86,154,91,0,0,66,171,0,0,0,0,0,0,0,0,0,0,0,0,129,198,0,0,0,0,0,0,0,0,0,0,0,0,0,0,0,0,0,0,0,0,0,0,0,0,0,0,0,0,0,0
00693 features=759 size=13 p=2 tap=41 reset=true scheme=3 ops=2,3,3,3,0,3,1,1,0,0,0,0,3,3,3,2,3,3,3,3,2,0,1,3,2,2,2,2,2,3,3,2,3,3,1,1,0,0,0,3,3,1,3,3,3,2,2,2,3,2,3,3,2,2,2,2,3,2,3,3,2,2,3,2 ks=0,0,0,0,0,0,0,0,0,0,239,0,0,0,0,0,151,92,1,171,0,0,0,0,0,8,0,0,0,0,0,0,124,244,0,0,0,0,0,73,0,4,0,0,0,0,0,0,0,0,143,0,0,0,0,0,0,0,191,12,0,0,0,0
00694 features=803 size=11 p=10 tap=1 reset=true scheme=2 ops=2,3,3,3,0,3,2,2,3,2,2,3,3,3,3,2,3,3,3,0,2,2,2,3,3,3,2,2,2,3,3,0,2,3,2,2,2,2,2,2,3,2,3,3,3,2,2,2,3,2,3,3,3,2,2,2,3,2,3,3,2,2,3,2 ks=0,0,0,0,0,0,0,109,0,0,0,0,0,252,0,91,0,0,0,0,0,0,0,0,0,0,0,0,0,0,0,0,128,116,0,0,0,0,0,0,0,0,142,0,0,110,0,0,139,0,0,0,0,0,0,0,0,127,191,12,0,0,0,0
00695 features=147 size=4 p=10 tap=41 reset=false scheme=0 ops=1,3,3,3,3,3,1,3,3,3,3,3,3,3,3,1,3,3,3,3,1,3,3,3,3,3,1,1,3,3,3,3,1,3,1,1,3,1,1,3,3,1,3,3,3,3,3,3,3,1,3,3,3,1,3,1,3,3,3,3,1,3,3,1 ks=0,0,0,0,0,0,0,0,0,0,0,0,0,0,0,0,0,0,0,171,0,0,0,0,0,0,0,0,0,0,0,0,128,116,0,0,0,0,0,0,0,64,0,0,0,0,0,0,0,0,0,0,0,0,0,0,0,0,0,0,0,0,0,0
00696 features=818 size=13 p=5 tap=33 reset=true scheme=3 ops=2,3,3,2,1,3,2,2,3,2,2,3,3,3,3,2,3,3,3,3,2,2,3,3,3,3,2,1,2,3,3,0,0,3,2,2,2,2,2,2,3,1,3,0,3,2,2,2,3,2,2,3,2,2,2,2,3,2,3,3,2,2,1,3 ks=0,0,0,0,0,253,0,0,107,4,0,0,0,0,154,91,0,0,0,164,0,0,0,0,0,0,0,0,0,0,0,64,128,116,0,0,0,0,0,0,0,0,0,0,0,0,0,0,0,0,0,0,0,178,0,0,0,0,64,0,0,0,200,28
00697 features=758 size=5 p=10 tap=18 reset=true scheme=2 ops=2,3,3,3,0,3,2,2,3,2,2,3,3,3,3,2,3,3,3,1,1,1,3,3,3,3,3,1,3,3,3,0,0,3,2,2,2,2,2,2,3,2,3,0,3,2,2,2,3,2,3,2,3,2,2,2,3,2,3,3,2,2,3,2 ks=0,0,0,0,85,0,0,113,0,255,0,0,0,0,0,0,208,91,0,0,0,0,0,0,0,0,0,0,0,0,0,0,0,0,0,0,0,0,0,0,0,0,0,0,0,0,0,0,0,0,0,0,0,0,0,0,0,0,0,0,0,0,0,0
00698 features=834 size=12 p=10 tap=41 reset=true scheme=2 ops=3,3,3,3,0,3,1,3,3,3,3,3,3,3,3,2,3,3,3,3,2,1,3,3,3,3,2,2,2,2,3,2,3,3,2,2,2,2,2,2,3,2,3,3,3,2,2,2,3,2,3,3,2,2,2,2,3,2,3,3,1,1,1,3 ks=0,0,0,0,0,152,0,0,0,0,0,0,128,86,154,91,0,255,66,171,0,2,0,0,0,0,0,0,0,0,0,0,138,198,0,0,0,0,0,0,0,0,0,0,0,0,0,0,0,0,0,0,0,0,0,1,0,0,0,0,0,0,0,0
00699 features=504 size=7 p=10 tap=14 reset=false scheme=5 ops=2,3,1,3,2,3,2,2,1,0,2,3,3,3,3,2,3,3,3,0,2,2,2,3,3,3,2,2,2,3,3,2,3,3,2,2,2,2,2,2,3,2,3,3,3,2,2,1,3,2,3,3,2,2,2,1,2,1,1,3,3,3,1,1 ks=0,183,2,0,0,0,0,0,0,0,0,0,0,86,154,0,0,0,0,0,128,0,0,0,0,0,0,0,0,0,0,0,0,0,0,0,0,0,0,0,0,0,0,0,0,0,0,0,0,0,0,0,0,0,64,0,0,0,0,0,0,255,0,0
00700 features=432 size=13 p=10 tap=10 reset=false scheme=3 ops=2,3,3,3,2,3,2,2,3,3,2,3,3,3,3,2,3,3,3,3,2,2,2,3,2,3,2,2,2,3,3,2,3,3,2,2,2,2,2,2,3,3,0,0,3,2,2,2,3,2,3,3,3,3,3,3,3,2,3,3,2,2,3,2 ks=0,0,0,128,0,0,0,0,0,57,0,0,0,85,154,91,12,0,0,171,0,0,0,0,0,0,0,0,0,0,0,0,128,116,0,0,0,0,0,0,0,0,0,16,0,0,0,0,0,0,0,0,0,0,0,64,0,0,191,12,0,0,0,0
00701 features=459 size=20 p=10 tap=33 reset=false scheme=1 ops=1,3,3,3,3,3,1,3,1,1,3,1,3,3,3,3,3,3,3,1,3,1,3,3,3,3,0,1,3,3,3,2,1,3,3,1,1,1,3,0,1,3,1,0,3,2,2,2,0,3,3,3,3,3,3,1,3,3,3,3,1,1,1,3 ks=0,0,0,0,0,152,0,0,0,0,0,0,0,0,154,91,208,91,0,171,0,0,0,64,0,0,18,124,0,0,0,24,163,116,0,0,0,0,128,0,0,0,142,255,0,0,0,0,73,253,0,0,0,0,0,0,0,0,0,12,0,0,200,28
00702 features=992 size=8 p=5 tap=41 reset=true scheme=2 ops=2,3,3,3,0,3,3,3,3,3,2,3,3,3,3,2,3,3,3,0,2,2,2,3,3,3,2,0,2,3,3,0,0,3,2,0,2,2,2,2,3,2,3,3,3,2,2,2,3,0,3,3,2,2,2,2,3,2,3,3,2,2,3,2 ks=0,0,0,0,0,0,0,0,0,175,0,0,0,0,154,91,0,91,0,171,0,0,0,0,0,0,0,0,0,0,0,0,128,116,0,0,0,0,0,0,0,198,0,0,0,0,0,0,0,0,0,0,0,0,0,0,0,0,0,0,0,0,0,0
00703 features=774 size=15 p=5 tap=10 reset=true scheme=3 ops=2,3,3,3,2,3,2,2,3,3,2,3,3,3,3,2,3,3,3,0,2,2,2,3,3,3,2,2,2,3,3,2,3,3,2,2,2,2,2,2,3,3,0,0,3,2,2,2,3,2,3,3,3,3,3,3,3,2,3,3,2,2,3,2 ks=0,0,216,236,2,2,0,0,0,57,0,0,0,86,154,87,12,0,0,171,0,0,0,0,0,0,0,0,0,0,0,0,128,116,0,128,0,0,0,0,0,0,0,34,0,0,0,0,0,0,0,0,0,0,0,0,0,0,191,0,0,0,0,0
00704 features=315 size=13 p=5 tap=41 reset=false scheme=2 ops=3,3,3,3,3,3,3,3,0,3,3,0,3,3,3,3,3,3,3,0,3,0,3,3,3,3,3,0,3,3,3,0,0,3,3,0,0,3,3,0,3,3,3,3,3,0,0,3,3,3,3,3,0,3,3,0,3,0,3,3,3,0,3,3 ks=0,0,0,0,0,152,0,0,0,0,0,0,0,0,154,91,208,91,0,171,0,0,0,64,0,0,0,124,0,0,0,0,128,119,0,0,0,0,0,0,128,0,142,0,0,0,0,0,255,0,0,0,0,0,0,0,0,0,0,0,0,0,0,0
00705 features=609 size=15 p=5 tap=41 reset=true scheme=3 ops=2,3,3,3,3,3,2,3,0,3,3,0,3,3,3,3,3,3,3,3,0,2,3,3,3,3,3,0,0,3,3,3,3,3,3,0,0,2,3,2,0,3,3,3,3,2,2,2,3,2,3,3,2,2,2,0,3,2,3,3,3,2,3,3 ks=0,0,0,0,0,152,0,136,0,0,0,0,0,0,154,91,0,91,16,171,0,0,0,64,0,0,0,124,0,0,0,197,128,116,0,0,0,0,0,0,128,0,142,0,0,0,0,0,255,0,0,0,0,0,0,0,0,0,0,0,0,0,0,0
00706 features=184 size=10 p=5 tap=41 reset=false scheme=0 ops=1,3,3,3,1,3,1,3,3,1,2,3,3,3,3,1,3,3,3,3,3,3,1,3,3,3,1,1,1,3,3,1,1,3,1,1,1,3,1,3,3,1,3,3,3,3,1,1,3,1,3,3,2,1,3,1,3,1,3,3,3,1,3,3 ks=0,0,0,0,254,0,0,0,0,0,8,0,0,0,154,89,0,91,0,171,0,0,0,0,0,0,0,0,0,90,0,0,128,116,0,0,0,0,0,0,0,0,0,0,0,0,0,0,0,1,0,0,0,0,0,0,0,0,0,0,0,0,0,0
00707 features=522 size=14 p=1 tap=41 reset=false scheme=2 ops=2,3,3,2,1,3,2,2,3,1,2,3,3,3,3,2,3,3,3,3,2,2,2,3,3,3,2,1,2,3,3,0,0,3,2,2,2,3,2,3,3,2,3,3,3,2,2,2,3,2,3,3,3,2,2,2,3,2,3,3,2,2,3,2 ks=0,0,0,0,0,0,2,0,0,0,0,0,0,0,154,91,0,91,0,171,0,0,0,0,0,4,0,0,0,0,4,29,134,116,0,0,0,0,0,0,0,4,64,0,0,0,0,0,0,0,0,0,0,0,0,0,0,0,64,0,0,0,0,156
00708 features=204 size=15 p=5 tap=41 reset=false scheme=1 ops=1,3,3,3,3,3,1,3,1,1,3,1,1,3,3,3,3,3,0,1,1,1,3,3,3,3,3,1,3,3,3,1,1,3,1,1,0,0,0,3,3,1,3,3,3,3,0,0,3,1,1,3,3,3,3,1,3,3,3,3,1,1,3,3 ks=0,0,0,0,187,128,0,0,0,0,0,0,0,0,154,0,208,91,0,171,0,0,0,64,0,0,0,0,0,0,0,0,128,116,0,0,0,0,0,0,0,4,0,0,0,0,0,0,0,0,0,0,0,0,0,0,2,0,191,12,0,0,200,28
00709 features=755 size=11 p=10 tap=41 reset=true scheme=3 ops=3,3,0,3,0,3,3,3,3,0,0,3,3,3,3,0,3,3,3,3,0,0,3,3,3,3,3,2,0,3,3,0,0,3,0,0,3,3,3,0,3,3,3,0,3,3,0,0,3,3,3,3,3,0,3,0,3,0,3,3,0,3,3,3 ks=0,0,0,0,0,0,0,180,0,0,0,0,0,0,1,0,0,0,0,171,0,0,0,64,0,0,0,0,0,0,0,0,0,116,0,0,0,0,0,0,64,0,0,0,0,0,0,0,0,0,2,0,0,0,0,0,0,2,191,12,4,0,0,0
00710 features=690 size=9 p=2 tap=16 reset=true scheme=3 ops=2,3,3,3,3,3,3,3,3,3,3,0,3,3,3,2,3,3,3,3,2,0,2,3,0,3,2,2,2,2,3,2,3,3,2,2,2,2,2,1,3,2,3,3,3,2,2,2,2,2,3,2,2,2,2,2,3,2,3,3,2,2,3,2 ks=0,0,0,0,0,4,0,0,0,175,0,0,0,0,0,91,147,88,0,171,0,0,0,0,0,0,0,0,0,0,0,0,0,0,0,0,0,0,0,0,0,0,0,0,0,0,0,0,0,0,0,0,0,0,0,0,0,0,128,76,255,0,0,0
00711 features=592 size=8 p=5 tap=41 reset=false scheme=2 ops=2,3,3,3,2,3,2,0,3,3,2,3,3,3,3,2,3,3,3,3,2,2,2,3,3,3,2,2,2,3,3,2,3,3,2,2,2,2,2,2,3,1,3,0,3,2,2,2,3,2,3,3,2,2,2,2,3,2,3,3,2,2,3,2 ks=0,0,0,0,0,0,0,0,0,0,0,0,0,86,154,91,0,0,3,171,0,0,0,0,0,0,0,0,0,0,121,0,128,116,0,0,0,0,0,0,0,0,0,0,0,0,0,0,0,0,0,0,0,0,0,0,0,0,0,0,0,0,0,0
00712 features=724 size=3 p=10 tap=41 reset=true scheme=3 ops=2,2,1,1,1,2,1,1,1,2,1,1,2,2,2,2,2,1,1,2,2,2,2,2,1,1,2,1,2,2,2,2,2,2,1,1,2,2,2,2,2,2,1,2,2,2,2,2,2,2,2,1,2,2,2,2,2,2,2,2,1,1,1,2 ks=0,0,0,0,0,0,0,0,0,0,0,0,0,0,0,0,0,0,0,152,0,0,0,0,0,0,0,0,0,0,0,0,128,127,0,0,0,0,0,0,0,0,0,0,0,0,0,0,0,0,0,0,0,0,0,0,0,0,0,0,0,0,0,0
00713 features=853 size=5 p=10 tap=18 reset=true scheme=2 ops=2,3,3,3,0,3,2,2,3,2,2,0,3,3,3,2,3,3,3,1,1,1,3,3,3,3,3,1,3,3,3,0,0,3,2,2,2,2,2,0,3,2,3,0,3,2,2,2,3,2,3,2,3,2,2,2,3,2,3,3,2,2,3,2 ks=0,0,0,0,0,144,0,113,0,0,0,0,0,0,0,0,208,91,2,0,0,0,0,0,0,0,0,0,0,0,0,0,0,0,0,0,0,0,0,0,0,0,0,0,0,0,0,0,0,0,0,0,0,0,0,0,0,0,0,0,0,0,0,0
00714 features=784 size=9 p=5 tap=53 reset=true scheme=3 ops=2,3,2,3,2,3,2,2,3,3,2,3,3,3,2,2,3,2,3,3,2,2,2,3,2,2,2,2,2,3,3,2,2,3,2,2,2,2,2,3,3,2,3,3,3,2,2,0,3,2,3,3,2,2,2,2,3,2,3,3,3,2,3,2 ks=0,0,0,0,0,152,0,0,0,0,0,0,0,0,0,0,252,0,0,173,0,0,0,0,0,0,0,0,0,0,0,2,128,116,0,0,0,0,0,0,0,17,0,0,0,0,0,0,0,0,0,0,0,0,2,0,0,0,0,163,0,0,0,0
00715 features=921 size=7 p=2 tap=41 reset=true scheme=2 ops=2,3,3,3,0,3,1,1,0,0,0,0,3,1,3,2,3,3,3,3,0,2,2,3,3,3,2,2,2,3,3,1,1,3,2,2,0,2,2,2,3,1,3,0,3,2,2,2,3,2,3,2,2,2,2,2,3,2,3,3,2,2,3,2 ks=0,1,0,0,0,0,0,0,0,0,0,0,0,0,0,1,0,0,255,171,0,0,0,0,0,0,0,0,0,0,0,0,128,116,0,0,177,0,0,0,0,0,0,0,0,0,0,0,0,0,0,0,0,0,0,0,0,0,0,0,0,0,0,0
00716 features=861 size=15 p=1 tap=10 reset=true scheme=3 ops=2,3,3,3,2,3,2,2,3,3,2,3,3,3,3,2,3,3,3,0,2,2,2,3,3,3,2,2,2,3,3,2,3,3,2,2,2,2,2,2,3,3,0,0,3,2,2,2,3,2,3,3,3,3,3,3,3,2,3,3,2,2,3,2 ks=0,0,216,236,2,2,0,0,0,57,0,0,0,86,154,87,12,0,0,171,0,0,0,0,0,0,0,0,0,0,0,0,128,116,0,0,0,0,0,0,0,0,0,34,0,0,0,0,0,0,0,32,0,0,0,0,0,0,191,0,0,0,0,0
00717 features=826 size=12 p=5 tap=42 reset=true scheme=3 ops=2,3,3,3,3,3,3,3,3,3,3,0,3,3,3,2,3,3,3,3,2,0,2,3,2,2,2,2,2,3,3,2,0,3,2,2,2,2,2,3,3,2,3,3,3,2,2,2,2,2,3,2,2,2,2,2,3,2,3,3,2,2,3,2 ks=0,0,0,0,0,4,0,0,0,173,0,0,0,0,0,91,151,88,0,171,0,0,0,0,0,0,0,0,0,0,0,0,128,116,0,0,0,1,0,0,0,0,0,0,177,0,0,0,0,0,0,0,0,0,0,0,0,0,0,76,0,0,16,0
00718 features=187 size=16 p=5 tap=34 reset=false scheme=3 ops=1,3,3,3,3,3,1,3,1,1,3,1,1,3,3,3,3,3,0,1,1,1,3,3,3,3,3,1,3,3,3,1,1,3,1,1,0,0,0,3,3,1,3,3,3,3,0,0,3,1,1,3,3,3,3,1,3,3,3,3,1,1,3,3 ks=0,0,0,0,187,128,0,0,0,0,2,0,0,0,154,252,208,91,0,171,0,0,0,64,0,0,0,0,0,0,0,0,128,116,0,0,0,0,0,0,0,4,0,0,0,0,0,0,0,0,0,0,0,0,0,0,0,0,191,12,0,0,200,28
00719 features=507 size=19 p=10 tap=33 reset=false scheme=2 ops=1,3,3,3,3,3,1,3,1,1,3,1,3,3,3,3,3,3,3,1,3,1,3,3,3,3,0,1,3,3,3,2,1,3,3,1,1,1,3,0,1,3,1,0,3,2,2,2,3,3,3,3,3,3,3,1,3,3,3,3,1,1,1,3 ks=0,0,0,0,0,152,0,0,0,0,0,0,0,0,154,91,208,91,0,171,0,0,0,64,0,0,0,124,0,0,0,24,163,116,0,0,0,0,128,0,128,0,142,255,0,0,0,0,0,0,0,0,0,0,0,0,0,128,0,12,0,0,200,28
00720 features=837 size=9 p=1 tap=42 reset=true scheme=3 ops=2,3,3,3,3,3,3,3,3,3,3,0,3,3,3,2,3,3,3,3,2,0,2,3,2,2,2,2,2,3,3,2,3,3,2,2,2,2,2,2,3,2,3,3,3,2,2,0,2,2,3,2,2,2,2,2,3,2,3,3,2,2,3,2 ks=0,0,0,0,0,0,0,0,8,175,0,0,0,0,0,91,77,92,0,171,0,0,0,0,0,122,0,0,0,0,0,0,128,116,0,0,0,0,0,0,0,0,0,0,0,0,0,0,0,0,0,0,0,0,0,0,0,0,0,0,0,0,0,0
00721 features=604 size=16 p=5 tap=41 reset=true scheme=0 ops=1,3,3,3,3,3,1,3,1,3,3,1,3,3,3,3,3,3,3,1,1,1,3,3,3,3,3,1,0,3,3,1,1,3,3,1,0,1,3,1,1,3,3,3,3,2,2,2,3,2,3,3,2,2,2,0,3,2,3,3,1,1,3,3 ks=0,0,2,0,0,152,0,0,0,0,0,0,0,0,154,91,208,91,110,171,0,0,0,64,0,0,0,124,0,0,0,197,128,116,0,0,0,0,0,0,128,0,142,0,0,0,0,0,255,0,0,0,0,0,0,0,0,0,0,0,0,0,0,0
00722 features=942 size=4 p=5 tap=41 reset=true scheme=2 ops=2,3,3,3,0,3,2,2,3,3,0,3,3,3,3,2,3,3,3,3,2,2,2,3,0,3,2,1,2,3,3,0,0,3,1,0,0,2,2,2,3,2,3,3,3,2,2,2,3,2,3,3,2,2,2,0,3,2,3,3,2,2,3,2 ks=0,0,0,0,0,0,0,0,0,0,0,0,0,0,0,0,0,0,0,152,129,0,0,0,0,0,0,0,0,0,0,0,208,112,0,0,0,0,0,0,0,0,0,0,0,0,0,0,0,0,0,0,0,0,0,0,0,0,0,0,0,0,0,0
00723 features=234 size=11 p=1 tap=41 reset=false scheme=2 ops=3,3,3,1,1,3,1,3,3,3,2,3,3,3,3,1,3,3,3,3,1,3,3,3,3,3,1,1,3,3,3,1,1,3,1,3,3,1,1,1,3,1,3,3,3,3,1,3,3,1,3,2,1,1,1,3,3,3,3,3,3,1,3,1 ks=0,0,180,0,0,0,0,0,0,0,0,0,0,0,0,91,0,91,0,171,0,0,0,0,0,0,0,0,0,0,4,0,134,116,0,255,0,2,0,0,0,0,0,0,0,0,0,0,0,0,0,0,0,0,0,0,0,178,64,0,0,0,0,0
00724 features=244 size=7 p=1 tap=54 reset=false scheme=3 ops=1,3,3,2,3,3,3,1,3,3,3,3,3,3,3,1,3,3,3,3,3,3,3,3,3,3,3,1,1,3,3,1,1,3,3,1,1,3,3,3,3,3,3,1,3,3,3,1,3,1,3,3,1,3,1,1,3,1,3,3,3,3,3,1 ks=0,0,64,0,0,0,0,0,0,0,0,0,0,0,0,0,0,0,0,167,0,0,0,0,0,0,0,0,0,0,0,0,128,116,0,0,0,0,0,0,0,4,0,0,0,0,0,0,0,0,0,0,0,0,0,0,0,0,0,0,30,2,0,0
00725 features=949 size=3 p=5 tap=41 reset=true scheme=2 ops=2,3,3,3,0,3,0,2,3,3,0,3,3,3,3,2,3,3,3,3,2,2,2,3,0,3,2,1,2,3,3,0,0,3,1,0,0,2,2,2,3,2,3,3,3,2,2,2,3,2,3,3,2,2,2,0,3,2,3,3,2,2,3,2 ks=0,0,0,0,0,0,0,0,0,0,0,0,0,0,0,0,0,0,0,152,0,0,0,0,0,0,0,0,0,0,0,0,216,112,0,0,0,0,0,0,0,0,0,0,0,0,0,0,0,0,0,0,0,0,0,0,0,0,0,0,0,0,0,0
00726 features=532 size=7 p=1 tap=49 reset=true scheme=3 ops=2,3,3,3,3,3,3,3,3,3,2,3,3,1,3,0,3,3,3,3,0,0,3,3,3,3,3,2,2,3,3,2,3,3,2,1,2,2,2,3,3,2,3,2,3,2,2,2,3,2,3,3,2,2,2,2,3,1,3,3,3,2,3,2 ks=0,0,0,0,0,0,0,0,0,0,0,0,0,0,0,0,0,0,253,0,0,0,0,0,0,0,0,0,0,0,0,32,0,116,0,0,2,0,127,0,0,4,0,0,0,0,0,32,0,0,0,0,0,0,0,0,0,0,0,0,0,0,0,0
00727 features=804 size=16 p=2 tap=41 reset=true scheme=3 ops=2,3,3,3,0,3,1,1,0,0,0,0,3,1,3,2,2,3,3,3,2,0,2,3,2,3,2,2,2,3,3,2,3,3,2,2,2,2,2,2,3,2,3,3,3,2,2,2,3,2,3,3,2,2,2,2,3,2,3,3,2,2,3,2 ks=0,0,0,0,0,0,0,0,0,0,0,0,1,0,0,91,151,88,0,171,0,0,0,0,0,0,0,0,0,0,0,0,124,116,0,0,0,0,0,0,0,4,142,0,0,110,0,112,139,127,0,0,0,0,0,16,0,0,191,12,0,0,0,0
00728 features=773 size=15 p=10 tap=27 reset=true scheme=0 ops=1,3,3,3,3,1,3,3,3,3,1,3,3,3,3,1,3,3,3,3,3,1,1,3,3,3,3,1,1,3,3,3,1,3,1,2,2,2,2,2,3,1,3,0,3,2,2,2,3,1,1,3,3,3,3,1,3,3,3,3,2,2,3,2 ks=0,0,0,0,0,0,0,1,0,0,77,0,0,86,240,91,0,91,0,171,0,0,0,3,76,0,161,124,82,0,0,0,128,254,204,0,0,0,0,0,0,0,0,0,0,0,0,0,0,0,0,0,0,0,0,0,0,0,0,0,0,0,0,0
00729 features=719 size=16 p=5 tap=10 reset=true scheme=3 ops=2,3,3,3,2,3,2,2,3,3,2,3,3,3,3,2,3,3,3,0,2,2,2,3,3,3,2,2,2,3,3,2,3,3,2,2,2,2,2,2,3,3,0,0,3,2,2,2,3,2,3,3,3,3,3,3,3,2,3,3,2,2,3,2 ks=0,0,216,252,0,0,32,0,0,57,0,0,0,86,154,87,12,0,0,171,0,0,0,0,0,0,0,0,0,0,0,0,128,116,0,0,0,0,0,223,0,0,0,16,0,0,0,0,0,0,0,0,0,0,0,0,0,0,191,12,61,0,0,0
00730 features=566 size=10 p=10 tap=41 reset=false scheme=2 ops=2,3,3,2,1,3,2,2,3,2,2,3,3,3,3,2,3,3,3,3,2,2,2,3,3,3,2,1,3,3,3,1,1,3,3,1,1,0,3,1,1,3,3,3,3,2,2,2,3,2,3,3,2,2,2,2,3,2,3,3,2,2,3,2 ks=0,0,0,0,0,0,0,0,0,0,0,0,0,0,154,91,0,91,0,171,0,0,0,0,0,0,0,2,0,0,0,0,128,116,0,0,0,0,0,128,128,0,142,0,0,0,0,0,0,0,0,0,0,0,0,0,0,0,0,0,0,0,0,0
00731 features=590 size=15 p=5 tap=41 reset=false scheme=2 ops=2,3,3,1,1,3,0,2,3,2,2,3,3,3,3,2,3,3,3,3,2,2,2,3,3,3,2,1,2,3,3,0,0,3,2,2,2,1,2,3,3,2,3,3,3,2,2,2,3,2,3,3,2,2,2,2,3,2,3,3,2,2,3,2 ks=0,0,0,0,0,0,0,0,0,0,0,0,0,0,152,91,0,91,0,171,0,0,0,0,0,4,0,0,0,2,4,29,134,116,0,0,0,16,0,0,0,4,0,0,0,128,0,0,0,0,0,0,0,178,0,0,0,0,63,0,0,0,0,0
00732 features=912 size=7 p=5 tap=41 reset=true scheme=2 ops=2,3,3,2,1,3,2,2,3,2,2,3,3,3,3,2,3,3,3,3,2,2,2,3,2,2,2,2,2,3,3,2,0,3,2,0,0,1,2,2,3,2,3,3,3,2,2,2,3,2,3,3,2,2,2,2,3,2,3,3,2,2,3,2 ks=0,0,0,0,0,0,0,0,0,0,0,0,0,0,154,91,0,91,0,171,0,0,0,0,0,0,0,0,0,0,54,0,128,2,0,0,0,0,0,0,0,0,0,0,0,0,0,0,0,0,0,0,0,0,0,0,0,0,0,0,0,0,0,0
00733 features=835 size=13 p=1 tap=42 reset=true scheme=3 ops=2,2,3,3,3,3,3,3,3,3,3,0,3,3,3,2,3,3,3,3,2,0,2,3,2,2,2,2,2,3,3,2,3,3,2,2,2,2,2,3,3,2,3,3,3,2,2,2,2,2,3,2,2,2,2,2,3,2,3,3,2,2,3,2 ks=0,0,0,0,0,4,1,0,0,175,0,0,0,0,0,91,151,92,0,171,0,0,0,0,0,0,0,0,0,0,0,0,128,116,0,0,0,0,254,0,0,0,0,0,0,0,0,0,0,0,0,0,0,0,0,0,127,0,128,76,0,0,0,0
00734 features=198 size=16 p=5 tap=34 reset=false scheme=3 ops=1,3,3,3,3,3,1,3,1,1,3,1,1,3,3,3,3,3,0,1,1,1,3,3,3,3,3,1,3,3,3,1,1,3,1,1,0,0,0,3,3,1,3,3,3,3,0,0,3,1,1,3,3,3,3,1,3,3,3,3,1,1,3,3 ks=0,0,0,0,187,131,0,0,0,0,2,0,0,0,154,252,208,91,0,171,0,0,0,64,0,0,0,0,0,0,0,0,128,116,0,0,0,0,0,0,0,4,0,0,0,0,0,0,0,0,0,0,0,0,0,0,0,0,191,12,0,0,200,28
00735 features=733 size=5 p=10 tap=46 reset=true scheme=2 ops=0,3,3,3,3,3,3,1,3,3,3,3,3,3,3,3,3,3,3,3,3,1,3,3,3,3,3,3,3,3,3,1,1,3,1,2,2,1,3,1,3,1,3,1,3,3,1,3,3,1,3,3,1,3,3,1,3,1,3,3,3,3,3,1 ks=0,0,0,0,0,0,0,0,0,0,0,0,0,0,0,0,0,0,0,171,0,0,0,0,0,0,0,0,0,0,0,0,134,116,0,0,0,127,0,0,0,0,0,0,0,26,0,0,0,0,0,0,0,0,0,0,0,0,0,0,0,0,0,0
00736 features=810 size=8 p=5 tap=42 reset=true scheme=3 ops=2,3,3,3,3,3,3,3,3,3,3,0,3,3,3,2,3,3,3,3,2,0,2,3,2,2,2,2,2,3,3,2,3,3,2,2,2,2,2,3,3,2,3,3,3,2,2,2,3,2,3,2,3,2,2,2,3,2,3,3,2,2,3,2 ks=0,0,0,0,0,0,0,0,0,175,0,0,0,0,0,0,151,88,4,171,0,0,0,0,0,0,0,0,0,0,0,0,128,116,0,0,0,0,0,0,0,4,0,0,0,0,0,0,0,0,0,0,0,0,0,0,0,0,0,0,0,0,0,0
00737 features=845 size=7 p=5 tap=32 reset=true scheme=0 ops=2,3,3,3,3,3,3,3,3,3,3,3,3,3,3,2,3,3,2,3,2,2,2,3,2,2,2,2,2,3,3,2,3,3,2,1,2,2,2,3,1,2,3,3,3,2,2,2,2,2,3,2,2,2,2,2,0,2,3,3,2,2,3,2 ks=0,0,0,0,0,0,0,0,0,175,0,0,252,0,0,0,0,88,0,171,0,0,0,0,0,0,0,0,0,0,0,0,128,116,0,0,0,0,48,0,0,0,0,0,0,0,0,0,0,0,0,0,0,0,0,0,0,0,0,0,0,0,0,0
00738 features=637 size=16 p=5 tap=10 reset=false scheme=1 ops=2,3,3,3,2,2,2,2,3,3,2,3,3,3,3,1,3,3,3,1,1,1,2,3,1,3,2,2,2,3,3,0,3,3,2,2,2,2,2,3,3,1,3,0,3,2,2,2,3,1,1,3,3,3,3,1,3,3,3,3,1,1,3,2 ks=0,0,0,252,0,0,0,0,0,57,152,0,0,86,154,91,212,0,0,171,0,0,0,0,0,4,0,0,0,0,0,0,128,116,0,0,0,0,0,0,0,0,0,0,0,0,0,0,0,192,0,0,175,0,0,0,0,0,191,12,0,0,0,254
00739 features=660 size=13 p=10 tap=33 reset=false scheme=2 ops=2,3,3,3,0,3,0,2,3,2,2,3,3,3,3,2,3,3,3,3,0,0,3,3,0,0,0,3,0,3,3,0,0,3,2,3,2,2,2,2,3,2,3,0,2,2,2,0,3,1,3,3,1,3,3,1,3,2,3,3,2,0,3,2 ks=0,0,0,0,0,152,0,113,0,0,0,0,0,0,154,91,2,91,0,171,0,0,0,0,0,0,0,0,0,0,3,0,128,116,0,0,0,0,0,8,0,0,0,0,0,0,0,197,0,0,0,0,0,0,0,0,0,0,0,0,128,0,0,0
00740 features=980 size=8 p=10 tap=33 reset=true scheme=2 ops=2,3,3,3,0,3,0,2,3,2,2,3,3,3,3,2,3,3,3,3,2,2,2,3,3,3,2,2,2,3,3,0,0,3,2,3,2,2,2,2,3,2,3,0,2,2,2,2,3,2,3,1,3,2,2,2,3,2,3,3,2,2,3,2 ks=0,0,0,128,0,152,0,0,0,0,0,0,0,0,154,91,0,91,0,171,0,0,0,0,0,0,0,0,0,0,0,0,128,116,0,0,0,0,0,0,0,0,0,0,0,0,0,0,0,0,0,0,0,0,0,0,0,0,0,0,0,0,0,0
00741 features=275 size=9 p=1 tap=54 reset=false scheme=3 ops=1,3,3,3,3,3,3,1,3,3,3,3,3,3,3,2,3,3,3,3,2,2,2,3,1,3,3,1,1,3,3,1,1,3,3,1,1,3,3,3,3,3,3,1,3,3,3,1,3,1,3,3,1,3,1,1,3,0,3,3,1,0,3,1 ks=0,0,0,0,0,0,0,0,0,0,0,0,0,0,146,0,0,0,0,171,0,0,0,0,0,0,0,0,0,0,0,0,128,116,0,0,0,0,0,0,0,4,0,0,252,0,0,0,0,32,0,0,0,0,0,0,0,0,220,12,0,0,0,0
00742 features=906 size=5 p=5 tap=10 reset=true scheme=0 ops=2,3,3,3,2,2,2,2,3,3,2,3,3,3,3,2,3,3,3,3,2,2,2,3,2,3,2,2,2,3,3,2,3,2,2,2,2,2,2,2,3,3,3,0,3,2,2,2,3,2,3,3,3,3,3,3,3,2,3,3,2,2,3,2 ks=0,0,0,0,0,0,0,0,0,57,0,0,0,86,154,91,12,0,0,0,0,0,0,0,0,0,0,0,0,0,0,0,0,0,0,0,0,0,0,0,0,0,0,0,0,0,0,0,0,0,0,0,0,0,0,0,0,0,0,0,0,0,0,0
00743 features=620 size=15 p=5 tap=10 reset=false scheme=1 ops=2,3,3,3,2,3,2,2,3,3,2,3,3,3,3,1,3,3,3,1,1,1,2,3,1,3,2,2,2,3,3,0,3,3,2,2,2,2,2,2,3,1,3,0,3,2,2,2,3,1,1,3,3,3,3,1,3,3,3,3,1,1,3,2 ks=0,0,0,252,0,0,0,0,0,57,0,0,0,86,154,91,212,0,0,171,0,0,0,0,0,0,0,0,0,0,0,0,128,116,0,0,0,0,0,0,0,0,0,0,0,0,0,0,0,128,2,0,175,0,0,0,0,0,191,12,0,0,0,254
00744 features=646 size=7 p=5 tap=10 reset=false scheme=4 ops=2,3,3,3,2,3,2,2,3,3,2,3,3,3,3,2,3,3,3,3,2,2,2,3,1,3,2,2,2,3,3,2,3,3,2,2,2,2,2,2,3,1,3,0,3,2,2,2,3,2,3,3,2,2,2,2,3,2,3,3,2,2,3,2 ks=0,0,0,0,0,0,0,0,255,57,0,0,0,86,154,91,208,221,0,0,0,0,0,0,0,0,0,0,0,0,0,0,0,0,0,0,0,0,0,0,0,0,0,0,0,0,0,0,0,0,0,0,0,0,0,0,0,0,0,0,0,0,0,0
00745 features=530 size=17 p=1 tap=41 reset=true scheme=3 ops=1,3,3,3,3,3,1,3,3,2,2,3,3,3,3,2,3,3,3,1,1,1,3,3,3,3,3,1,3,3,3,1,1,3,3,1,1,1,3,1,1,3,3,3,3,3,1,3,3,1,1,3,3,3,3,1,3,2,3,3,1,1,3,3 ks=32,0,0,0,0,152,0,0,0,0,0,0,0,0,0,91,0,91,0,171,0,138,0,64,0,0,0,0,0,0,0,0,128,116,0,0,0,0,0,0,128,0,142,0,0,110,192,112,0,128,0,0,175,0,0,0,0,0,0,0,0,0,0,28
00746 features=942 size=9 p=10 tap=45 reset=true scheme=2 ops=2,3,0,3,0,3,0,0,3,3,3,3,3,3,3,2,3,3,3,3,2,1,3,3,3,3,3,1,3,3,3,1,1,3,2,2,2,2,2,3,3,2,3,3,3,2,2,2,3,2,3,3,2,2,2,2,3,2,3,3,2,2,3,2 ks=0,0,0,0,0,0,0,0,0,0,0,0,0,86,154,91,0,0,66,171,0,0,0,64,0,0,0,0,0,0,0,0,128,116,0,0,0,0,0,0,0,4,0,0,0,0,0,0,0,0,0,0,0,0,0,0,0,0,0,0,0,0,0,0
00747 features=381 size=15 p=5 tap=11 reset=false scheme=2 ops=1,3,3,3,3,3,1,3,1,1,2,1,1,3,3,3,3,3,3,1,1,1,3,3,3,3,3,1,3,3,3,1,1,3,1,1,0,2,0,2,3,2,3,3,2,3,0,0,3,1,1,3,3,3,3,1,3,3,3,3,1,1,3,3 ks=0,0,0,0,0,128,0,0,0,0,0,0,0,0,154,0,127,91,0,171,0,0,0,64,0,0,0,0,27,0,0,32,128,116,0,0,0,0,0,0,0,0,0,0,0,8,0,0,0,0,0,0,0,0,0,0,0,0,191,12,0,0,200,28
00748 features=794 size=17 p=2 tap=41 reset=true scheme=3 ops=2,3,3,3,0,3,1,1,0,0,0,0,3,3,3,2,3,3,3,3,2,0,1,3,2,2,2,2,2,3,3,2,3,3,1,1,0,0,0,3,3,1,3,3,3,2,2,2,3,2,3,3,2,2,2,2,3,2,3,3,2,2,3,2 ks=0,1,0,0,0,0,0,0,0,0,239,0,0,0,0,0,151,92,1,171,0,0,0,0,0,8,0,0,0,0,0,0,124,244,0,254,0,0,0,73,0,4,0,0,0,55,0,0,0,0,143,0,0,0,0,0,0,0,191,12,1,0,0,0
00749 features=368 size=7 p=10 tap=59 reset=false scheme=2 ops=0,3,3,3,0,3,3,3,3,3,3,3,3,3,3,0,3,3,3,3,0,0,3,3,3,3,3,0,3,3,3,0,0,3,0,0,0,3,3,0,3,0,3,3,3,0,0,0,3,3,3,3,0,0,0,3,3,0,3,3,3,3,3,0 ks=0,0,0,0,0,0,0,0,0,0,0,0,0,0,0,0,0,0,253,0,229,0,0,0,0,255,0,0,0,0,0,0,0,0,0,0,0,0,120,0,0,0,0,0,0,0,0,0,0,0,0,0,0,0,0,0,0,0,191,12,0,0,214,0
00750 features=758 size=9 p=5 tap=47 reset=true scheme=3 ops=2,3,3,3,3,3,3,3,3,3,2,3,3,3,3,2,3,3,3,3,2,0,2,3,2,2,2,2,2,3,3,2,3,3,2,2,2,2,2,3,3,2,3,3,3,2,2,2,2,2,3,2,2,2,2,2,3,2,3,3,2,2,3,2 ks=0,0,0,0,0,4,0,0,0,0,0,0,0,0,0,91,151,88,0,171,0,0,0,0,0,0,0,0,0,0,0,0,128,116,0,0,0,0,0,0,0,0,0,0,177,0,0,0,0,0,0,0,0,0,0,0,0,0,0,76,0,0,0,0
00751 features=470 size=17 p=10 tap=33 reset=false scheme=2 ops=1,3,3,3,3,3,1,3,1,1,3,1,3,3,3,3,3,3,3,1,3,1,3,3,3,3,0,1,3,3,3,3,1,3,1,3,3,1,1,0,1,3,1,0,3,2,2,2,3,3,3,3,3,3,3,1,3,3,3,3,1,1,1,3 ks=0,0,0,0,0,152,0,0,0,0,0,0,0,0,154,91,208,91,0,171,127,0,0,64,0,0,0,0,0,0,4,0,134,116,0,0,0,2,0,0,128,0,0,255,0,0,0,0,0,0,0,0,0,0,0,0,0,0,0,12,0,0,200,28
00752 features=874 size=9 p=5 tap=41 reset=true scheme=2 ops=2,3,3,3,2,3,2,0,3,3,2,3,3,3,3,2,3,3,3,3,1,2,2,3,2,3,2,2,2,3,3,2,3,3,2,2,2,2,2,2,3,2,3,2,3,2,2,2,3,2,3,3,2,2,2,2,3,2,3,3,2,2,3,2 ks=0,0,0,0,0,0,0,0,0,0,0,0,0,86,154,91,0,0,3,171,0,0,0,0,0,0,0,0,0,0,121,0,128,116,0,0,0,0,0,0,0,4,0,0,0,0,0,0,0,0,0,0,0,0,0,0,0,0,0,0,0,0,0,0
00753 features=442 size=2 p=10 tap=41 reset=true scheme=3 ops=1,2,1,3,1,1,1,2,1,1,1,1,1,1,1,1,1,2,2,1,1,1,2,1,1,3,1,1,1,1,3,3,1,1,1,3,3,3,2,1,1,1,1,3,1,1,1,0,3,2,3,3,2,2,2,2,3,2,3,3,3,2,1,1 ks=0,0,0,0,0,0,0,0,0,0,0,0,0,0,0,0,0,0,0,0,0,0,0,0,0,0,0,0,0,0,0,0,0,0,0,0,0,0,0,0,0,0,0,0,0,0,0,0,0,0,0,0,0,0,2,0,0,0,0,163,0,0,0,0
00754 features=235 size=4 p=2 tap=41 reset=false scheme=3 ops=3,3,3,3,3,3,3,3,3,3,2,3,3,3,3,3,3,3,3,3,3,3,3,3,3,3,3,3,3,3,3,3,3,3,2,2,2,2,2,2,3,2,3,2,3,2,1,1,3,3,3,3,2,2,2,2,3,3,3,3,3,3,3,3 ks=0,0,0,0,0,0,0,0,0,0,0,0,0,0,0,0,0,0,0,0,0,0,0,0,0,0,0,0,0,0,0,101,51,116,0,0,0,0,0,0,0,3,0,0,0,0,0,0,0,0,0,0,0,0,0,0,0,0,0,0,0,0,0,0
00755 features=358 size=11 p=1 tap=33 reset=false scheme=2 ops=1,3,3,3,3,3,1,3,1,1,2,1,3,3,3,3,3,3,3,1,3,1,3,3,3,3,0,1,3,3,3,1,1,3,2,1,1,1,3,0,1,3,1,0,3,2,2,2,3,3,1,3,3,3,3,1,3,3,3,3,1,1,1,3 ks=0,0,0,0,0,152,0,0,0,0,0,0,0,0,154,91,208,91,0,171,0,0,0,64,0,0,0,0,0,0,0,8,163,113,0,0,0,0,0,0,0,0,0,0,0,0,0,0,0,0,0,0,0,0,0,0,0,0,0,12,0,0,0,0
00756 features=640 size=8 p=1 tap=49 reset=true scheme=3 ops=2,3,3,3,3,3,3,3,3,3,2,3,3,1,3,0,3,3,3,3,0,0,3,3,3,3,2,2,2,3,3,2,3,3,2,1,2,2,2,3,3,2,3,1,3,2,2,2,3,2,3,3,2,2,2,2,3,2,3,3,3,2,3,2 ks=0,0,0,0,0,0,0,0,0,0,0,0,0,0,0,0,0,0,253,0,0,0,0,0,0,0,0,0,0,0,0,32,144,116,0,0,2,0,127,0,0,4,0,0,0,0,0,225,0,0,0,0,0,0,0,0,0,0,0,0,0,0,0,0
00757 features=954 size=4 p=1 tap=41 reset=true scheme=1 ops=2,3,1,3,2,3,2,2,1,3,2,3,3,3,3,2,3,3,3,3,2,2,2,3,2,0,2,1,0,3,3,2,0,3,1,0,0,2,2,2,3,2,3,3,3,2,2,2,3,2,3,3,1,2,2,2,0,0,3,0,0,0,3,2 ks=0,0,0,0,0,0,0,0,0,0,0,0,0,0,0,0,0,0,0,114,0,0,0,0,0,0,0,0,0,0,0,2,128,116,0,0,0,0,0,0,0,0,0,0,0,0,0,0,0,0,0,0,0,0,0,0,0,0,0,0,0,0,0,0
00758 features=535 size=14 p=5 tap=41 reset=true scheme=0 ops=1,2,3,3,3,3,1,3,1,3,3,1,3,3,3,3,3,3,3,1,1,1,1,3,3,3,3,1,0,3,3,1,1,3,3,1,0,1,3,3,2,3,3,3,3,3,0,0,1,1,1,3,3,3,3,0,3,2,3,3,1,1,3,3 ks=0,0,0,0,0,152,0,136,0,0,0,0,0,0,154,91,208,91,0,171,0,0,0,64,0,0,0,0,0,0,0,0,128,116,0,254,0,0,0,0,127,0,0,0,0,0,0,0,0,0,0,0,175,0,0,0,0,0,0,254,0,0,0,0
00759 features=288 size=18 p=5 tap=41 reset=false scheme=0 ops=1,2,3,3,3,3,1,3,1,3,3,1,3,3,3,3,3,3,3,1,1,1,1,3,3,3,3,1,0,3,3,1,1,3,3,1,0,1,3,3,2,3,3,3,3,2,2,2,3,2,3,3,2,2,2,0,3,2,3,3,1,1,3,3 ks=0,0,0,0,0,152,0,136,0,0,0,0,255,0,154,91,208,91,0,171,0,0,0,64,0,0,0,124,0,0,0,0,128,116,0,254,0,0,0,0,127,0,142,0,0,0,0,0,255,0,0,0,0,0,0,0,0,254,0,254,0,0,0,0
00760 features=941 size=3 p=5 tap=36 reset=true scheme=2 ops=3,3,0,3,3,3,3,3,3,3,0,3,3,3,3,3,3,3,3,3,0,0,3,3,0,0,0,3,0,3,3,0,3,3,3,0,0,0,0,3,3,0,3,3,3,3,0,0,3,3,3,3,3,0,3,0,3,0,3,3,0,2,3,2 ks=0,0,0,0,0,0,0,0,0,0,0,0,0,252,0,91,0,0,0,128,0,0,0,0,0,0,0,0,0,0,0,0,0,0,0,0,0,0,0,0,0,0,0,0,0,0,0,0,0,0,0,0,0,0,0,0,0,0,0,0,0,0,0,0
00761 features=760 size=17 p=10 tap=42 reset=true scheme=3 ops=2,3,3,3,3,3,3,3,3,3,0,3,3,3,3,0,3,3,3,3,3,0,0,3,3,3,2,2,2,3,3,2,3,3,2,2,2,2,2,3,3,2,3,3,3,2,2,2,2,2,3,3,2,2,2,2,3,2,3,3,1,2,3,2 ks=0,0,0,0,252,4,0,0,0,175,77,0,128,86,154,91,12,91,0,171,0,0,0,0,0,0,0,0,0,0,0,0,160,116,0,0,0,1,0,0,0,0,0,0,177,0,0,0,0,0,0,0,0,0,0,0,0,0,0,76,0,0,16,0
00762 features=267 size=10 p=2 tap=41 reset=false scheme=2 ops=3,3,3,3,3,3,0,3,3,3,3,3,0,3,3,3,3,3,3,0,3,0,3,3,3,3,0,3,3,3,3,3,0,3,3,3,0,3,3,0,0,3,3,3,3,0,0,0,3,0,0,3,3,3,3,3,3,3,3,3,3,0,3,3 ks=0,0,0,0,0,128,0,0,0,0,0,0,0,0,154,0,208,91,0,0,0,0,0,64,0,0,0,0,0,0,0,0,128,116,0,0,0,0,0,0,128,0,0,0,0,172,0,0,0,0,0,0,0,0,0,0,0,0,191,0,0,0,0,0
00763 features=676 size=7 p=5 tap=41 reset=false scheme=4 ops=2,3,3,3,0,3,2,2,3,3,0,3,3,3,3,2,3,3,3,3,2,2,2,3,0,3,2,1,2,3,3,0,0,1,2,3,2,2,2,2,3,2,3,0,2,2,2,2,3,2,3,3,2,2,2,2,3,2,3,3,2,2,3,2 ks=0,0,0,0,0,0,0,0,0,0,0,0,0,0,0,0,0,0,0,152,0,64,0,0,0,0,0,0,0,0,0,156,128,114,0,0,0,0,0,0,0,253,0,0,0,0,0,0,0,0,0,1,0,0,0,0,0,0,0,0,0,0,0,0
00764 features=385 size=7 p=10 tap=41 reset=false scheme=1 ops=0,3,3,3,3,3,3,3,0,0,3,0,0,3,3,3,3,3,3,0,0,3,3,3,3,3,3,0,3,3,3,3,0,3,3,0,0,0,0,3,3,3,3,3,3,3,0,0,3,0,3,3,3,3,3,0,3,3,3,3,0,0,3,3 ks=0,0,0,0,0,0,0,0,0,0,0,0,0,0,0,0,0,0,0,171,0,0,0,0,0,0,0,0,0,0,0,0,128,114,0,0,0,0,0,0,2,4,4,23,0,0,0,0,0,0,0,0,0,0,0,0,0,0,0,0,0,0,0,0
00765 features=629 size=15 p=5 tap=10 reset=false scheme=1 ops=2,3,3,3,2,3,2,2,3,3,2,3,3,3,3,1,3,3,3,1,1,3,2,3,1,3,2,2,2,3,3,0,3,3,2,2,2,2,2,2,3,1,3,0,3,2,2,2,3,1,1,3,3,3,3,1,3,3,3,3,1,1,3,2 ks=0,0,0,252,0,0,0,0,0,57,0,0,0,86,154,91,212,0,0,171,0,0,0,0,0,0,0,0,0,0,0,0,128,116,0,0,0,0,0,0,0,0,0,0,0,0,0,0,0,128,2,0,175,0,0,0,0,0,191,12,0,0,0,254
00766 features=810 size=5 p=10 tap=8 reset=true scheme=4 ops=2,3,3,3,1,3,1,1,1,3,1,1,3,3,3,2,3,3,3,3,2,2,2,3,3,3,3,1,2,3,3,0,0,3,1,0,0,2,2,2,3,2,3,3,3,2,2,2,3,2,3,3,2,2,2,0,3,2,3,3,1,1,3,3 ks=0,0,2,0,0,0,0,0,0,29,0,0,0,0,0,0,0,0,0,0,0,0,0,0,0,0,0,0,0,0,0,0,128,127,0,0,0,0,2,0,0,0,0,0,0,0,0,0,0,0,0,0,0,0,0,0,0,0,0,0,0,0,0,0
00767 features=258 size=14 p=2 tap=41 reset=false scheme=1 ops=1,3,3,3,3,3,1,3,1,1,3,1,1,3,3,3,3,3,3,1,1,1,3,3,3,3,3,1,3,3,3,1,1,3,1,1,0,0,0,3,3,1,3,3,3,3,0,0,1,1,1,3,3,3,3,1,3,3,3,3,1,1,3,3 ks=0,0,0,0,0,128,0,0,0,0,0,0,0,0,154,0,208,91,0,171,0,0,0,64,0,0,0,0,0,0,0,0,128,116,0,0,0,0,0,0,0,4,0,0,0,0,0,0,0,0,0,0,175,0,0,0,0,0,191,12,0,0,200,28
00768 features=790 size=15 p=5 tap=10 reset=true scheme=3 ops=2,3,3,3,2,3,2,2,3,3,2,3,3,3,3,2,3,3,3,0,2,2,2,3,3,3,2,2,2,3,3,2,3,3,2,2,3,2,2,2,3,3,0,0,3,2,2,2,3,2,3,3,3,3,3,3,3,2,3,3,2,2,3,2 ks=0,0,216,236,2,2,0,0,0,57,0,0,0,86,154,87,12,0,0,171,0,0,0,0,0,0,0,0,0,0,0,0,128,166,0,128,0,0,0,0,0,0,0,34,0,0,0,0,0,0,0,0,0,0,0,0,0,0,191,0,0,0,0,0
00769 features=220 size=15 p=5 tap=41 reset=false scheme=2 ops=1,3,3,3,3,3,1,3,1,1,3,3,3,3,3,3,3,3,3,1,1,1,3,3,3,3,3,1,3,3,3,1,1,3,3,1,1,1,3,1,1,3,3,3,3,3,1,3,3,1,1,3,3,3,3,1,3,3,3,3,1,1,3,3 ks=0,0,0,0,0,152,0,0,0,0,0,0,0,0,154,91,255,91,0,171,0,0,0,64,0,0,0,0,0,0,0,32,128,116,0,0,0,0,0,0,128,0,142,0,0,110,0,0,0,0,0,0,0,0,0,0,0,0,191,12,0,0,0,0
00770 features=738 size=4 p=5 tap=0 reset=true scheme=5 ops=1,3,3,3,3,3,1,3,1,1,3,1,1,3,3,3,3,3,3,1,1,0,3,3,3,3,3,1,3,3,3,1,1,3,1,1,2,2,0,3,0,3,3,3,3,0,0,0,1,1,1,3,2,2,2,0,3,3,3,3,1,1,3,3 ks=0,0,0,0,0,0,0,0,0,0,0,0,0,0,0,0,0,0,0,0,0,0,0,0,0,0,0,0,0,0,0,0,0,116,0,0,0,0,0,0,0,0,0,0,0,0,0,0,0,0,0,0,0,0,0,0,0,0,0,12,0,0,200,28
00771 features=913 size=7 p=2 tap=41 reset=true scheme=2 ops=2,3,3,3,0,3,1,1,0,0,0,0,0,1,3,2,3,3,3,3,2,2,2,3,3,3,2,2,2,3,3,1,1,3,2,2,0,2,2,2,3,1,3,0,3,2,2,2,3,2,3,2,2,2,2,2,3,2,3,3,2,2,3,2 ks=0,1,0,0,0,0,0,0,0,0,0,0,0,0,0,0,0,0,255,171,0,0,0,0,0,0,0,0,0,0,0,0,128,116,0,0,0,0,0,51,0,52,0,0,0,0,0,0,0,0,0,0,0,0,0,0,0,0,0,0,0,0,0,0
00772 features=635 size=12 p=10 tap=41 reset=false scheme=3 ops=2,3,3,3,2,3,2,2,3,2,2,3,3,3,3,2,3,3,3,3,3,0,3,3,3,2,2,2,2,3,3,3,2,3,2,2,2,2,2,2,3,2,3,2,3,2,2,2,3,2,3,3,2,2,2,2,3,2,3,3,2,2,3,2 ks=0,0,0,0,89,152,0,0,0,0,0,0,0,255,154,91,0,91,0,171,0,0,0,64,0,0,0,128,0,0,2,0,128,116,0,0,0,0,0,0,0,0,0,0,0,0,0,0,0,0,0,0,0,0,0,0,0,0,0,0,0,0,0,0
00773 features=294 size=8 p=5 tap=11 reset=false scheme=2 ops=1,3,3,3,3,3,3,3,1,1,2,1,1,3,3,3,3,3,3,1,1,2,3,3,3,3,3,1,3,3,3,1,1,3,1,1,0,2,0,2,3,2,3,3,2,3,0,0,3,1,1,3,3,3,3,1,3,3,3,3,1,1,3,3 ks=0,0,0,0,0,128,0,0,0,0,0,0,0,0,154,0,127,91,0,0,0,0,0,64,0,0,0,0,0,0,0,0,0,0,0,0,0,0,0,0,0,0,0,0,0,0,0,0,0,0,0,0,0,0,0,0,0,0,0,12,0,0,200,1
00774 features=507 size=8 p=5 tap=41 reset=false scheme=2 ops=2,3,3,3,0,3,2,2,3,2,2,3,3,3,3,2,3,3,3,3,3,1,3,3,3,2,2,1,2,1,3,0,0,3,1,0,0,2,2,2,3,2,3,3,3,2,2,2,3,2,3,3,2,2,2,0,3,2,3,3,2,0,3,3 ks=0,0,0,0,0,0,253,180,0,0,0,0,0,0,0,0,0,91,0,152,0,0,0,0,0,0,0,0,0,0,0,0,128,120,0,0,0,0,0,0,0,0,0,0,0,0,0,0,0,0,0,0,0,0,184,0,0,0,0,0,0,0,0,28
00775 features=850 size=12 p=1 tap=42 reset=true scheme=3 ops=2,3,3,3,3,3,3,3,3,3,3,0,3,3,3,2,3,3,3,3,2,0,2,3,2,2,2,2,2,3,3,2,3,3,2,2,2,2,2,3,3,2,2,3,3,2,2,0,3,0,3,0,2,2,2,2,1,2,3,3,2,2,0,2 ks=0,0,0,0,0,0,0,0,0,175,0,0,45,0,0,54,151,92,0,171,0,0,0,0,0,0,0,0,0,0,0,0,128,116,0,0,0,0,0,0,0,0,0,0,0,0,0,0,0,0,0,0,0,0,0,0,127,4,128,76,0,0,0,0
00776 features=686 size=14 p=10 tap=41 reset=true scheme=0 ops=1,3,3,3,3,3,1,3,1,3,3,1,3,3,2,3,1,3,3,1,1,1,3,3,3,3,3,1,0,3,3,1,1,3,3,1,0,0,3,1,1,3,3,3,3,2,2,2,3,2,3,3,2,2,2,0,3,2,3,3,1,1,3,2 ks=0,0,0,0,0,152,0,0,0,0,0,0,0,0,154,91,208,91,0,171,0,0,1,64,0,0,0,124,0,0,0,0,128,116,0,0,0,0,0,0,128,0,142,0,0,0,0,0,255,0,0,0,0,0,0,0,0,0,0,0,0,0,0,0
00777 features=849 size=14 p=2 tap=17 reset=true scheme=3 ops=2,3,3,3,0,3,2,2,3,2,2,0,3,1,3,2,3,3,3,3,2,2,2,3,3,3,2,2,2,3,3,2,3,3,2,2,2,2,2,2,3,1,3,0,3,2,2,2,3,2,3,3,2,2,2,2,3,2,3,3,2,2,3,2 ks=0,0,0,0,89,152,0,113,0,255,0,0,1,0,0,0,0,91,0,171,0,0,0,64,0,0,0,0,0,32,0,0,124,116,0,0,0,0,0,0,0,0,0,0,0,0,0,0,0,0,0,0,0,0,0,0,0,0,191,12,209,0,0,0
00778 features=338 size=12 p=5 tap=41 reset=false scheme=2 ops=1,3,3,3,3,3,1,3,1,3,3,1,3,3,3,3,3,3,3,1,1,1,3,3,2,3,3,1,2,3,3,0,0,1,3,0,0,1,3,1,1,3,3,3,3,2,2,2,3,2,3,3,2,3,2,0,3,2,3,3,1,1,3,3 ks=0,0,0,0,0,0,0,0,252,0,0,0,0,0,154,91,0,0,127,171,0,0,0,64,0,0,2,0,0,0,0,0,128,116,0,0,0,0,0,0,128,0,142,0,0,0,0,0,255,0,0,0,0,0,0,0,0,0,0,0,0,0,0,0
00779 features=673 size=8 p=5 tap=41 reset=false scheme=0 ops=2,3,3,3,3,3,3,3,1,1,3,1,3,3,3,2,3,3,3,3,2,2,2,3,2,2,2,2,2,3,3,0,3,3,2,2,2,2,1,3,3,2,3,3,3,2,2,2,3,2,3,3,2,2,2,2,3,2,3,3,2,2,3,2 ks=0,0,0,0,0,0,0,0,0,0,0,0,0,0,0,0,0,88,194,172,0,0,0,4,0,0,128,0,0,0,0,0,53,205,0,0,0,0,0,0,0,0,0,0,0,0,0,0,0,0,0,0,0,0,0,0,0,0,0,0,0,0,128,0
00780 features=250 size=14 p=2 tap=41 reset=false scheme=1 ops=1,3,3,3,3,3,1,3,1,1,3,1,1,3,3,3,3,3,3,1,1,1,3,3,3,3,3,1,3,3,3,1,1,3,1,1,0,0,0,3,3,1,3,3,3,3,0,0,1,1,1,3,3,3,3,1,3,3,3,3,1,1,3,3 ks=0,0,0,0,0,128,0,0,0,0,0,0,0,0,154,0,208,91,0,171,0,0,0,72,0,0,0,0,0,0,0,0,128,116,0,0,0,0,0,0,0,4,0,0,0,0,0,0,0,0,0,0,175,0,0,0,0,0,191,12,0,0,200,28
00781 features=540 size=12 p=2 tap=41 reset=true scheme=2 ops=1,3,3,3,3,3,1,3,1,1,3,1,3,3,3,3,3,3,3,1,1,1,3,3,3,3,3,1,3,3,3,1,1,3,3,1,1,1,3,1,3,3,3,3,3,3,1,3,3,1,1,3,3,3,3,1,3,3,3,3,1,1,3,3 ks=0,0,0,0,0,152,0,0,0,0,0,0,0,0,0,0,0,91,0,171,0,0,0,64,0,0,0,0,0,175,0,0,128,60,0,0,0,0,0,0,0,0,0,0,0,0,128,112,0,0,0,0,0,0,0,0,0,0,191,12,0,0,200,0
00782 features=610 size=19 p=5 tap=10 reset=false scheme=3 ops=2,3,3,3,2,3,2,2,3,3,2,3,3,3,3,1,3,3,3,1,1,1,2,3,1,3,2,2,2,3,3,0,3,3,2,2,2,2,2,2,3,1,3,0,3,2,2,2,3,1,1,3,3,3,3,1,3,3,3,3,1,1,3,2 ks=33,0,0,252,0,0,0,0,0,57,0,0,0,86,154,91,212,0,0,171,0,0,0,0,0,0,0,0,101,0,0,0,128,116,0,0,0,0,32,0,0,0,0,0,0,0,0,0,0,128,0,0,175,0,0,0,0,0,191,12,3,0,200,254
00783 features=361 size=13 p=1 tap=10 reset=false scheme=2 ops=1,3,3,3,3,3,1,3,1,1,2,1,3,3,3,3,3,3,0,1,3,1,3,3,3,3,0,1,3,3,3,1,1,3,2,1,1,1,3,0,1,3,1,0,3,2,2,2,3,3,1,3,3,3,3,1,3,3,3,3,1,1,1,3 ks=0,0,0,0,0,152,0,0,0,127,0,0,0,0,154,91,208,91,0,171,0,0,0,64,0,0,0,0,0,0,0,8,163,113,0,0,0,0,0,0,0,0,0,0,0,0,0,0,0,252,0,0,0,0,0,0,0,0,0,12,0,0,0,0
00784 features=700 size=13 p=5 tap=10 reset=true scheme=3 ops=2,3,3,3,2,3,2,2,3,3,2,3,3,3,3,3,3,3,3,1,2,1,2,3,1,3,2,2,2,3,0,0,3,3,2,2,2,2,3,1,1,3,3,0,3,2,2,2,3,1,1,3,3,3,3,1,3,3,3,3,1,1,3,2 ks=0,1,0,253,0,0,0,0,0,57,0,0,0,86,154,91,212,0,0,171,0,0,0,0,0,0,0,0,0,0,0,0,0,0,0,0,0,0,0,0,0,0,0,0,0,0,0,0,4,128,0,0,0,0,0,0,0,0,191,12,0,0,0,254
00785 features=591 size=4 p=5 tap=41 reset=true scheme=2 ops=3,3,3,3,3,3,3,3,3,3,3,3,3,3,3,3,3,3,3,3,3,3,3,3,3,0,0,3,3,3,3,3,3,3,3,3,3,3,3,3,3,3,3,3,3,3,3,3,3,3,3,3,3,3,3,3,3,3,3,3,3,3,3,3 ks=0,0,0,0,0,0,0,0,0,0,0,0,0,0,154,0,0,0,0,0,0,0,0,0,0,0,0,0,0,0,0,0,128,60,0,0,0,0,0,0,32,0,0,0,0,0,0,0,0,0,0,0,0,0,0,0,0,0,0,0,0,0,0,0
00786 features=656 size=20 p=5 tap=41 reset=true scheme=1 ops=1,3,3,3,3,3,1,3,1,1,3,1,3,3,3,3,3,3,3,1,1,1,3,3,3,3,3,1,3,3,3,1,1,3,3,3,0,0,0,3,3,0,3,3,3,1,1,1,0,1,1,3,3,3,3,1,3,3,3,3,1,1,3,3 ks=0,73,0,0,0,128,0,0,0,0,0,0,0,0,154,0,208,91,0,171,0,0,0,64,0,0,0,0,0,0,0,1,128,116,0,0,254,0,0,2,0,4,0,225,0,0,0,0,0,0,0,0,175,255,0,0,0,0,191,12,0,0,200,28
00787 features=934 size=15 p=10 tap=33 reset=true scheme=2 ops=2,3,3,3,0,3,0,2,3,2,2,3,3,3,3,2,3,3,3,0,2,2,2,3,3,3,2,2,2,3,3,0,0,3,2,3,2,2,2,2,3,2,3,0,2,2,2,2,3,2,3,1,3,2,2,2,3,2,3,3,2,2,3,2 ks=0,0,0,128,0,152,0,113,0,0,59,0,0,0,154,91,0,254,0,48,0,254,0,0,0,0,0,0,0,254,3,0,128,116,0,0,0,0,0,0,0,0,0,0,0,0,0,1,0,0,0,0,0,3,0,0,0,0,0,0,0,0,0,0
00788 features=748 size=7 p=1 tap=10 reset=true scheme=1 ops=2,3,3,3,2,3,2,2,3,3,2,3,3,3,3,2,3,3,3,1,2,2,2,3,2,3,1,1,2,3,3,2,3,1,2,2,2,2,2,2,3,3,3,2,3,2,2,2,3,2,3,3,3,1,3,3,3,1,3,3,2,2,1,1 ks=0,0,0,252,0,0,0,0,252,246,0,0,0,86,154,91,12,0,0,0,0,0,0,0,0,0,0,0,0,0,0,0,0,0,0,0,0,0,0,0,0,0,0,0,0,0,0,0,0,0,0,0,0,0,0,0,0,0,0,0,0,0,0,0
00789 features=469 size=4 p=5 tap=42 reset=false scheme=3 ops=2,3,3,3,3,0,3,3,3,3,3,0,3,3,3,2,3,3,3,3,2,0,2,3,2,2,2,2,2,3,3,2,0,3,2,2,2,2,2,3,3,2,3,3,3,2,2,2,3,3,3,3,3,3,0,0,3,3,3,3,3,3,3,2 ks=0,0,0,0,0,0,0,0,0,0,0,0,0,0,0,0,0,0,0,171,0,0,0,0,0,0,0,0,0,0,0,0,128,116,0,0,0,0,0,0,0,0,0,0,177,0,0,0,0,0,0,0,0,0,0,0,0,0,0,0,0,0,0,0
00790 features=490 size=12 p=1 tap=41 reset=false scheme=2 ops=2,3,3,2,1,3,2,2,3,2,2,3,3,3,3,2,3,3,3,3,2,2,2,3,3,3,2,1,2,3,3,0,0,3,2,2,2,3,2,3,3,2,3,3,3,2,2,2,3,2,3,3,3,2,2,2,3,2,3,3,2,0,3,2 ks=0,0,0,0,0,0,0,0,0,0,0,0,0,0,154,91,0,91,0,171,0,0,0,0,0,0,0,0,0,0,4,29,134,116,0,0,0,0,0,0,0,4,0,0,0,0,0,0,0,0,0,0,0,4,0,0,0,0,64,0,0,0,0,156
00791 features=609 size=14 p=1 tap=41 reset=false scheme=2 ops=2,3,3,2,1,3,2,2,3,2,2,3,3,3,3,2,3,3,3,0,2,2,2,3,3,3,2,1,2,3,3,0,0,3,2,2,2,1,2,2,3,1,3,3,3,2,2,2,3,2,3,3,2,2,2,2,3,2,3,3,2,2,3,2 ks=0,0,0,0,0,0,0,113,0,0,0,0,0,0,154,91,0,91,0,174,0,0,0,0,0,4,0,0,0,1,4,0,134,116,255,0,0,0,0,0,0,0,0,0,0,0,0,0,0,254,0,0,0,178,0,0,0,0,0,0,0,0,2,0
00792 features=565 size=5 p=10 tap=41 reset=true scheme=3 ops=2,3,3,3,1,3,1,1,1,3,1,1,3,3,3,2,3,3,3,3,2,2,3,3,3,3,2,1,2,3,3,0,0,3,1,0,0,2,2,3,3,2,3,3,3,2,2,2,3,2,3,3,2,2,2,0,3,2,3,3,1,1,3,3 ks=0,0,0,0,0,0,0,0,0,0,0,0,0,0,0,0,0,0,0,152,0,0,0,0,8,0,0,0,0,0,252,0,128,127,0,0,0,0,0,0,0,0,0,0,0,0,0,0,0,0,0,0,0,0,0,0,0,0,0,0,0,0,0,0
00793 features=507 size=11 p=2 tap=41 reset=false scheme=0 ops=2,3,3,3,0,3,2,2,3,2,2,3,3,3,1,2,3,3,3,3,3,1,3,3,3,3,2,1,2,3,3,0,0,3,2,2,2,2,0,2,3,2,3,1,3,2,2,2,3,2,3,3,3,2,2,2,3,2,3,3,2,2,3,2 ks=0,0,0,0,89,152,0,0,0,0,0,0,0,0,154,0,0,91,0,152,0,0,0,0,0,0,0,0,0,0,0,0,0,116,2,0,0,0,0,0,0,0,0,0,0,0,0,0,0,0,0,0,0,0,0,0,2,0,191,12,254,0,0,0
00794 features=556 size=9 p=5 tap=41 reset=true scheme=0 ops=1,3,3,3,3,3,1,3,1,3,3,1,3,3,3,3,3,3,3,1,1,1,3,3,3,3,3,1,2,3,3,0,0,3,3,1,0,1,3,1,3,3,3,3,3,2,2,2,3,2,3,3,2,2,2,0,3,2,3,3,1,1,3,3 ks=0,0,0,0,0,0,0,0,0,0,0,0,0,0,154,91,128,0,0,171,0,0,241,0,0,0,0,0,0,0,0,0,96,116,0,0,0,0,0,0,128,0,0,0,0,0,0,0,255,0,0,0,0,0,0,0,0,0,0,0,0,0,0,0
00795 features=356 size=9 p=10 tap=41 reset=false scheme=2 ops=2,3,3,2,1,3,3,2,3,2,2,3,3,3,3,2,3,3,3,3,0,2,2,3,3,3,2,1,2,3,3,1,0,3,2,2,2,2,2,2,3,1,3,0,3,3,2,2,3,2,3,3,3,2,2,2,3,2,3,3,2,2,3,2 ks=0,0,0,0,0,0,0,0,0,0,0,0,3,0,154,91,0,91,0,171,0,0,0,0,0,0,0,0,0,250,0,0,128,116,0,0,2,0,0,0,0,0,0,0,0,0,0,0,0,0,0,0,0,0,0,0,0,0,0,0,0,0,0,0
00796 features=910 size=4 p=5 tap=41 reset=true scheme=4 ops=2,3,1,3,2,3,2,2,1,3,2,2,3,3,3,2,3,3,3,3,2,2,0,3,2,2,2,2,2,2,3,2,3,3,1,0,0,2,2,2,3,2,3,3,3,2,2,2,3,2,3,3,2,3,2,3,2,2,3,3,2,2,3,2 ks=0,0,0,0,0,0,0,0,0,0,0,0,0,0,0,0,0,0,0,171,0,0,0,0,0,0,0,0,0,0,0,0,133,116,0,0,0,0,0,0,255,0,0,0,0,0,0,0,0,0,0,0,0,0,0,0,0,0,0,0,0,0,0,0
00797 features=472 size=19 p=10 tap=33 reset=false scheme=2 ops=1,3,3,3,3,3,1,3,1,1,3,1,3,3,3,3,3,3,3,1,3,1,3,3,3,3,1,1,3,3,3,2,1,3,3,1,1,1,3,0,1,3,1,0,3,2,2,2,3,3,3,3,3,3,3,1,3,3,3,3,1,1,1,3 ks=0,0,0,0,0,152,0,0,0,0,0,0,0,0,154,91,208,91,0,171,0,0,0,64,0,0,0,124,0,0,0,24,163,116,0,0,0,0,128,0,128,0,142,255,0,0,0,0,0,253,0,0,0,0,0,0,0,0,0,12,0,0,200,28
00798 features=597 size=6 p=5 tap=41 reset=false scheme=2 ops=2,3,3,2,1,3,2,2,3,2,2,3,3,3,3,2,3,3,3,3,2,2,2,3,2,2,2,2,2,3,3,2,3,3,2,2,2,2,2,2,3,2,3,3,3,2,2,2,3,2,3,3,2,2,2,2,3,2,3,3,2,2,3,2 ks=0,0,0,0,0,0,0,0,0,0,0,0,0,0,154,91,0,0,0,171,0,0,0,0,0,0,0,0,0,0,4,0,134,116,0,0,0,0,0,0,0,0,0,0,0,0,0,0,0,0,0,0,0,0,0,0,0,0,0,0,0,0,0,0
00799 features=794 size=6 p=5 tap=10 reset=true scheme=3 ops=2,3,2,3,2,3,2,2,3,3,2,3,3,3,2,2,3,2,3,3,2,2,2,3,2,2,2,2,2,3,3,0,0,3,0,0,0,3,3,0,3,0,3,3,3,0,2,0,3,2,3,3,2,2,2,2,3,2,3,3,2,2,3,2 ks=0,0,0,0,0,152,0,0,0,0,0,0,0,0,0,0,0,0,0,173,0,0,0,0,0,0,0,0,0,0,0,0,0,0,0,0,0,0,0,0,0,0,6,0,0,0,0,0,0,0,0,0,0,0,2,0,225,0,0,163,0,0,0,0
00800 features=359 size=7 p=2 tap=59 reset=false scheme=2 ops=0,3,3,3,0,3,1,3,3,2,2,3,3,3,3,0,3,3,3,3,0,0,3,3,3,3,3,0,3,3,3,0,0,3,0,0,0,3,3,0,3,0,3,3,3,0,2,2,3,2,3,3,2,2,2,3,3,0,3,3,3,3,3,0 ks=0,0,0,0,6,152,0,0,0,0,0,0,0,0,0,0,0,0,253,0,0,0,0,0,0,0,0,0,0,0,0,0,0,0,0,0,0,0,0,0,0,0,0,0,0,0,0,0,0,0,0,0,0,0,0,0,0,146,191,12,0,255,0,0
00801 features=837 size=15 p=2 tap=17 reset=true scheme=3 ops=2,3,3,3,0,3,2,2,3,2,2,0,3,1,3,2,3,3,3,3,2,2,2,3,3,3,2,2,2,3,3,2,3,3,2,2,2,2,2,2,3,1,3,0,3,2,2,2,3,2,3,3,2,2,2,2,3,2,3,3,2,2,3,2 ks=0,0,0,0,89,152,0,113,0,255,0,0,1,0,0,0,0,91,0,171,0,0,0,64,0,0,0,0,0,32,0,0,124,116,0,0,0,8,0,0,0,0,0,0,0,0,0,0,0,0,0,0,0,0,0,0,0,0,191,12,209,0,0,0
00802 features=478 size=5 p=1 tap=10 reset=false scheme=1 ops=2,3,3,3,2,3,2,2,3,3,2,3,3,3,3,2,3,1,3,3,2,2,2,3,1,3,2,2,2,3,3,2,3,3,2,2,2,2,2,2,3,1,3,0,3,2,2,2,3,2,3,3,2,2,2,2,3,2,3,3,0,0,3,3 ks=0,0,0,0,0,0,0,0,0,57,0,0,0,86,154,91,12,0,0,0,0,0,0,0,0,0,0,0,0,0,0,0,0,0,0,0,0,0,0,0,0,0,0,0,0,0,0,0,0,0,0,0,0,0,0,0,0,0,0,0,0,0,0,0
00803 features=720 size=12 p=1 tap=49 reset=true scheme=3 ops=2,3,3,3,3,3,3,3,3,3,2,3,3,3,3,2,3,3,3,1,2,2,2,3,3,3,3,2,2,3,3,2,3,3,2,2,3,1,2,0,1,1,1,3,3,2,2,2,3,2,3,3,2,2,2,2,3,2,3,3,3,2,3,2 ks=0,0,0,0,0,0,0,0,246,57,0,0,128,86,154,91,12,128,0,0,0,0,50,0,0,0,0,0,0,0,0,32,0,116,0,0,0,0,0,0,0,0,0,0,0,0,0,0,0,0,0,0,0,0,0,0,16,0,0,0,0,0,0,0
00804 features=880 size=18 p=1 tap=10 reset=true scheme=1 ops=2,3,3,3,2,3,2,2,3,3,2,3,3,3,3,2,3,3,3,1,2,2,2,3,2,3,1,2,2,3,3,2,3,3,2,2,2,2,2,2,3,3,3,2,3,2,2,2,3,2,3,3,3,3,3,3,3,1,3,3,2,2,3,2 ks=0,0,0,252,0,0,0,0,0,57,0,0,0,86,154,91,12,128,0,0,0,0,50,0,0,0,0,0,0,0,0,255,128,116,0,0,0,0,0,0,0,0,0,0,0,172,0,0,1,0,0,0,0,0,127,0,0,0,191,12,0,71,0,144
00805 features=582 size=12 p=10 tap=41 reset=false scheme=3 ops=2,3,3,3,0,3,2,2,3,2,2,3,3,3,3,2,3,3,3,1,2,2,2,3,3,3,2,1,2,3,3,0,0,3,2,2,2,3,2,3,3,2,3,0,3,2,2,2,3,2,3,3,2,2,2,2,3,2,3,3,2,2,3,2 ks=0,0,0,0,89,0,0,0,0,56,0,0,0,0,154,91,12,128,0,0,0,0,0,0,0,0,0,0,0,0,4,128,134,116,0,0,0,0,0,0,0,83,255,0,0,0,0,0,0,0,0,0,0,0,0,0,0,0,0,0,0,0,0,0
00806 features=557 size=5 p=5 tap=41 reset=false scheme=2 ops=2,3,0,2,0,3,2,2,3,2,2,3,3,3,3,2,3,3,3,3,2,2,2,3,3,3,2,1,2,3,3,0,0,3,2,2,2,2,2,2,3,1,3,0,3,2,2,2,3,2,3,3,3,0,2,2,3,2,3,3,2,2,3,2 ks=0,0,0,0,0,0,252,180,0,0,0,0,0,0,0,0,0,0,0,164,0,0,0,0,0,0,0,0,0,0,0,254,0,116,0,0,0,0,0,0,0,0,0,0,0,0,0,0,0,0,0,0,0,0,0,0,0,0,0,0,0,0,0,0
00807 features=409 size=13 p=5 tap=10 reset=false scheme=0 ops=2,3,3,3,2,3,2,2,3,3,2,3,3,3,3,2,3,3,3,3,2,2,2,3,2,3,2,2,2,3,3,2,3,3,2,2,2,2,2,2,3,3,0,0,3,2,2,2,3,2,3,3,3,3,3,3,3,2,3,3,2,2,3,2 ks=67,0,0,128,0,0,0,0,0,57,0,0,254,86,154,1,0,0,0,171,0,0,0,0,0,0,0,0,0,0,0,0,128,116,0,0,0,0,0,0,0,0,0,16,0,0,0,0,0,0,0,0,0,0,0,0,0,0,191,12,0,0,0,0
00808 features=591 size=7 p=5 tap=41 reset=true scheme=3 ops=2,3,3,3,3,3,2,3,0,3,3,0,3,3,3,3,2,3,3,3,0,2,3,3,3,0,3,0,0,3,3,3,3,3,3,0,0,2,3,2,0,3,3,3,3,2,2,2,3,2,3,3,2,2,2,0,3,2,3,3,3,2,3,3 ks=0,0,0,0,0,0,0,0,0,0,0,0,0,0,0,0,0,0,0,171,0,0,0,0,0,0,0,0,0,0,0,197,128,116,0,0,0,0,0,0,128,0,142,0,0,64,0,0,0,0,0,0,0,0,0,0,0,0,0,0,0,0,0,0
00809 features=511 size=11 p=10 tap=41 reset=false scheme=1 ops=2,3,3,3,3,3,3,1,3,3,3,3,3,3,3,1,3,3,3,3,2,2,2,3,3,3,2,2,2,3,3,3,1,3,2,2,2,2,2,2,3,2,3,3,3,2,2,2,3,2,3,3,1,2,2,2,3,2,3,3,2,2,2,1 ks=0,0,0,0,89,0,0,220,0,0,0,0,0,0,0,0,0,0,0,167,0,0,0,0,0,0,118,0,0,0,2,0,128,52,0,0,0,0,0,0,0,0,0,0,128,0,0,0,227,0,0,0,0,0,0,0,0,1,0,0,0,0,0,237
00810 features=665 size=8 p=10 tap=41 reset=false scheme=2 ops=2,3,3,3,0,3,2,2,3,2,2,3,3,3,3,2,3,3,3,0,2,2,2,3,3,3,2,2,2,3,3,0,0,3,2,2,2,2,2,2,3,2,3,0,3,2,2,2,3,2,3,3,3,2,2,2,3,2,3,3,2,2,2,2 ks=0,0,0,0,0,0,128,113,0,0,0,0,0,0,154,91,0,91,0,171,0,0,0,0,0,0,0,0,0,0,0,0,128,116,0,0,0,0,0,0,0,0,0,0,0,0,0,0,0,0,0,0,0,0,0,0,0,0,0,0,0,0,0,0
00811 features=900 size=4 p=5 tap=15 reset=true scheme=4 ops=2,3,3,3,2,3,2,2,3,3,2,3,1,3,3,2,3,3,3,3,2,2,2,3,2,3,2,2,2,3,3,2,3,3,2,2,1,2,2,2,3,3,3,0,3,2,2,2,3,2,3,3,3,3,3,3,3,2,3,3,2,2,3,2 ks=0,0,0,0,0,0,0,0,0,254,0,0,0,86,154,91,0,0,0,0,0,0,0,0,0,0,0,0,0,0,0,0,0,0,0,0,0,0,0,0,0,0,0,0,0,0,0,0,0,0,0,0,0,0,0,0,0,0,0,0,0,0,0,0
00812 features=809 size=7 p=10 tap=18 reset=true scheme=2 ops=2,3,3,3,0,3,2,2,3,2,2,0,3,3,3,2,3,3,3,1,1,1,3,3,3,3,3,1,3,3,3,0,0,3,2,2,0,2,2,0,3,2,3,0,3,2,2,2,3,2,3,2,3,2,2,2,3,2,3,3,2,2,3,2 ks=0,0,0,0,91,152,0,113,0,255,0,0,0,0,0,0,208,91,0,0,0,0,189,0,0,0,0,0,0,0,0,0,0,0,0,0,0,0,0,0,0,0,0,0,0,0,0,0,0,0,0,0,0,0,0,0,0,0,0,0,0,0,0,0
00813 features=780 size=11 p=5 tap=41 reset=true scheme=3 ops=2,3,3,3,3,3,3,3,3,3,3,0,3,3,3,2,3,3,3,3,2,2,2,3,2,2,2,2,2,3,3,2,3,3,2,2,2,2,2,3,3,2,3,3,3,2,2,2,3,2,3,3,2,2,2,2,3,2,3,3,2,2,3,2 ks=0,0,2,2,0,0,0,0,0,175,0,0,0,0,0,0,0,0,0,139,0,0,0,0,0,0,0,0,0,43,0,0,53,244,0,0,0,0,0,0,254,0,0,0,0,0,0,0,0,251,0,0,0,0,0,0,0,0,191,12,0,0,0,0
00814 features=891 size=3 p=2 tap=41 reset=true scheme=2 ops=2,3,3,2,1,3,2,2,3,2,2,3,3,3,3,2,3,3,3,3,2,2,2,3,3,3,2,1,2,3,3,0,0,3,2,2,2,2,2,2,3,1,3,3,3,2,2,2,3,2,3,3,3,2,2,2,3,2,3,3,2,2,3,2 ks=0,0,0,0,0,0,0,0,0,0,0,0,0,0,0,0,0,0,0,171,0,0,0,0,0,0,0,0,0,0,0,255,0,116,0,0,0,0,0,0,0,0,0,0,0,0,0,0,0,0,0,0,0,0,0,0,0,0,0,0,0,0,0,0
00815 features=256 size=11 p=1 tap=41 reset=false scheme=2 ops=3,3,3,1,1,3,1,3,3,3,2,3,3,3,3,1,3,3,3,3,1,3,3,3,3,3,1,1,3,3,3,1,1,3,1,3,3,1,1,1,3,1,3,3,3,3,1,3,3,1,3,2,1,1,1,3,3,3,3,3,3,1,3,1 ks=0,0,180,0,0,0,0,0,0,0,0,0,0,0,0,91,0,91,0,171,0,0,0,0,0,0,0,0,0,0,128,0,134,116,0,255,0,2,0,0,0,0,0,0,0,0,0,0,0,0,0,0,0,0,0,0,0,178,64,0,0,0,0,0
00816 features=908 size=7 p=5 tap=41 reset=true scheme=0 ops=2,3,3,0,3,3,3,3,3,3,3,3,3,2,3,2,3,3,3,3,2,2,2,3,2,2,2,2,2,3,3,0,3,3,2,2,2,2,2,3,3,2,3,3,3,3,2,2,3,2,3,3,2,2,2,2,3,2,3,3,2,2,3,2 ks=171,0,0,0,0,0,0,0,0,175,0,0,0,0,0,0,0,88,0,171,0,0,0,0,0,0,0,0,0,0,0,195,53,116,0,0,0,0,0,0,0,0,0,0,0,0,0,0,0,0,0,0,0,0,0,0,0,0,0,0,0,0,0,0
00817 features=742 size=7 p=5 tap=41 reset=true scheme=3 ops=2,3,3,3,3,3,3,3,3,3,3,3,3,3,3,2,3,3,3,3,2,2,2,3,2,2,2,2,2,3,3,2,3,3,2,2,2,2,2,3,3,2,3,3,3,2,2,2,3,2,3,3,2,2,2,2,3,2,3,3,2,2,3,2 ks=0,0,2,0,0,0,0,0,0,175,0,0,0,0,253,0,0,0,0,171,0,0,0,0,0,0,0,0,0,0,0,0,53,116,0,0,0,0,0,0,0,0,0,0,0,0,0,0,0,0,0,0,0,0,0,0,0,0,191,0,0,0,0,0
00818 features=400 size=7 p=10 tap=41 reset=true scheme=3 ops=1,3,1,3,1,3,1,3,1,3,3,1,3,3,3,3,3,3,3,1,1,1,2,1,1,3,1,1,1,1,3,3,1,1,1,3,3,3,2,0,1,1,1,3,1,1,1,1,1,1,1,1,1,1,1,0,2,1,1,3,3,3,1,1 ks=0,0,0,0,0,152,0,0,0,0,0,0,0,0,154,91,208,91,0,169,0,0,0,0,0,0,0,0,0,0,0,0,0,0,0,0,0,0,0,0,0,0,0,0,0,0,0,0,0,0,0,2,0,0,0,0,0,0,0,0,0,0,0,0
00819 features=650 size=15 p=5 tap=10 reset=false scheme=3 ops=2,3,3,3,2,3,2,2,3,3,2,3,3,3,3,1,3,3,3,1,1,3,2,3,1,3,2,2,2,3,3,0,3,3,2,2,2,2,2,2,3,1,3,0,3,2,2,2,3,1,1,3,3,3,3,1,3,3,3,3,1,1,3,2 ks=0,0,0,2,0,0,0,0,0,57,0,0,0,86,154,91,212,0,0,171,0,0,0,0,0,0,0,0,0,0,0,0,128,116,0,0,0,0,0,0,0,0,0,0,0,0,0,0,0,128,2,0,175,0,0,0,0,0,191,12,0,0,0,254
00820 features=585 size=8 p=5 tap=41 reset=false scheme=4 ops=2,3,3,3,0,3,2,2,3,3,0,3,3,3,3,2,3,3,3,3,2,2,2,3,0,0,2,1,2,3,3,0,0,1,2,3,2,2,2,2,3,2,3,3,2,2,2,2,3,2,3,3,2,2,0,1,0,2,3,0,0,0,3,1 ks=0,0,0,0,0,177,0,0,0,0,0,0,0,0,0,0,0,0,1,152,0,0,0,0,0,0,0,0,0,0,0,156,128,116,0,0,32,0,0,0,0,0,0,0,0,0,0,0,0,0,0,1,0,0,0,0,0,0,0,0,0,0,0,0
00821 features=419 size=6 p=10 tap=41 reset=false scheme=4 ops=2,3,3,3,1,3,1,1,1,3,1,1,3,3,3,3,3,3,3,1,1,1,2,3,3,3,2,1,2,1,3,3,2,3,1,1,3,2,2,2,3,2,3,3,3,2,2,2,3,2,3,3,2,2,2,2,1,2,3,3,2,2,3,2 ks=0,0,0,0,0,0,0,0,0,0,0,0,0,0,154,91,208,91,0,169,0,0,0,0,0,0,0,0,0,0,0,0,0,112,0,0,0,0,0,0,0,0,0,0,0,0,0,0,0,0,0,0,0,0,0,0,0,0,0,0,0,0,0,0
00822 features=134 size=4 p=5 tap=47 reset=false scheme=0 ops=1,3,3,3,1,3,1,3,3,1,2,3,3,3,3,1,3,3,3,3,3,3,1,3,3,3,1,1,1,1,3,1,1,3,1,1,1,3,1,3,3,1,3,3,3,3,1,1,3,1,3,3,2,1,3,1,3,1,3,3,3,1,3,3 ks=4,0,0,0,0,0,0,0,0,0,0,0,0,0,0,0,0,0,0,171,0,0,0,0,0,0,0,0,0,0,0,0,128,116,0,0,0,0,0,0,0,0,0,0,0,0,0,0,0,0,0,0,0,0,0,0,0,0,0,0,0,0,0,0
00823 features=529 size=17 p=5 tap=41 reset=true scheme=2 ops=1,3,3,3,3,3,1,3,1,1,3,1,3,3,3,3,3,3,3,1,1,1,3,3,3,3,3,1,3,3,3,1,1,3,3,1,1,1,3,1,1,3,3,3,3,3,1,3,3,1,1,3,3,3,3,1,3,3,3,3,1,1,3,3 ks=0,0,0,0,0,152,0,0,0,0,0,0,0,0,154,91,255,91,0,171,0,0,0,64,0,0,0,0,0,0,0,0,128,116,0,0,0,0,0,0,128,0,142,0,0,110,0,112,0,0,0,254,0,0,0,0,0,0,191,12,0,0,200,0
00824 features=512 size=7 p=10 tap=10 reset=false scheme=0 ops=2,3,3,3,3,3,2,2,3,3,2,3,3,3,3,2,3,3,3,3,2,2,2,3,2,3,2,2,2,3,3,2,3,3,2,2,2,2,2,2,3,3,0,0,3,2,2,2,3,2,3,3,3,3,3,3,3,2,3,3,2,2,2,2 ks=0,0,0,0,0,0,0,0,0,57,0,0,254,86,154,0,0,0,0,0,0,0,0,0,0,0,0,0,0,0,0,0,0,116,0,0,0,0,0,0,0,0,0,16,0,0,0,0,0,0,0,0,0,0,0,0,0,0,191,0,0,0,0,0
00825 features=861 size=5 p=5 tap=10 reset=true scheme=0 ops=2,3,3,3,2,2,2,2,3,3,2,3,3,3,3,2,2,3,3,3,2,0,3,3,0,1,3,1,2,3,3,2,3,2,2,2,2,2,2,2,3,3,3,0,3,2,2,2,3,2,3,3,3,0,3,3,3,2,3,3,2,2,3,2 ks=0,0,0,0,0,0,0,0,0,57,0,0,0,86,154,91,12,0,0,0,0,0,0,0,0,0,0,0,0,0,0,0,0,0,0,0,0,0,0,0,0,0,0,0,0,0,0,0,0,0,0,0,0,0,0,0,0,0,0,0,0,0,0,0
00826 features=701 size=12 p=1 tap=10 reset=false scheme=1 ops=2,3,3,3,2,3,2,2,3,2,2,3,3,3,3,2,3,1,3,3,2,2,2,3,1,3,2,2,2,3,3,2,3,3,2,2,2,2,2,2,3,1,3,1,3,2,2,2,3,2,3,3,2,2,2,2,3,2,3,3,2,2,3,2 ks=0,0,0,252,0,0,0,113,0,0,0,0,0,86,154,91,12,0,0,171,0,0,0,0,0,0,0,0,0,0,0,2,128,116,0,0,0,0,0,0,0,0,0,0,0,0,0,0,0,0,0,0,0,0,0,0,0,0,0,0,0,0,198,254
00827 features=272 size=15 p=5 tap=41 reset=false scheme=3 ops=1,3,3,3,3,3,1,3,1,1,3,1,1,3,3,3,3,3,3,1,1,1,3,3,3,3,3,1,3,3,3,1,1,3,1,1,0,0,0,3,3,1,3,3,3,3,0,0,1,1,1,3,3,3,3,1,3,3,3,3,1,1,3,3 ks=0,0,0,0,0,128,0,0,0,0,0,0,0,0,154,0,208,91,0,171,0,0,0,64,0,0,0,2,0,0,0,0,128,116,0,0,0,0,0,0,127,0,0,0,0,0,0,0,0,0,0,0,175,0,0,0,0,0,191,14,0,0,200,28
00828 features=599 size=8 p=10 tap=41 reset=false scheme=2 ops=2,3,3,3,0,3,2,2,3,2,2,3,3,3,3,2,3,3,3,3,3,1,3,3,3,3,2,1,2,3,3,0,0,3,1,0,0,2,2,2,3,2,2,3,3,2,2,2,3,2,3,3,2,2,2,0,3,2,3,3,2,2,3,2 ks=128,0,0,0,0,0,253,52,0,0,0,0,0,0,0,0,0,91,0,152,0,0,0,0,0,0,0,0,0,0,0,0,128,120,0,0,0,0,0,0,0,0,0,0,0,0,0,0,0,0,0,0,0,0,184,0,0,0,0,0,0,0,0,0
00829 features=905 size=8 p=5 tap=41 reset=true scheme=2 ops=2,3,3,2,1,3,2,2,3,2,2,3,3,3,3,2,3,3,3,3,2,2,2,3,2,2,2,2,2,3,3,2,0,3,2,0,0,1,2,2,3,2,3,3,3,2,2,2,3,2,3,3,2,2,2,2,3,2,3,3,2,2,3,2 ks=0,0,0,0,0,0,0,0,0,0,0,0,0,0,154,91,0,91,0,171,0,0,0,0,0,0,0,0,0,0,54,0,128,2,0,0,83,0,0,0,0,0,0,0,0,0,0,0,0,0,0,0,0,0,0,0,0,0,0,0,0,0,0,0
00830 features=336 size=1 p=5 tap=41 reset=true scheme=2 ops=1,2,1,3,1,1,1,1,1,1,1,1,1,1,1,1,1,2,2,1,1,1,2,1,1,3,1,1,1,1,3,3,1,1,1,3,3,3,2,1,1,1,1,3,1,1,1,1,1,1,1,1,1,0,3,1,2,1,1,3,3,3,1,1 ks=0,0,0,0,0,0,0,0,0,0,0,0,0,0,0,0,0,0,0,0,0,0,0,0,0,0,0,0,0,0,0,0,0,0,0,0,0,0,0,0,0,0,0,0,0,0,0,0,0,0,0,0,0,0,0,0,0,0,0,246,0,0,0,0
00831 features=437 size=5 p=10 tap=41 reset=true scheme=3 ops=1,2,1,3,1,1,1,2,1,1,1,1,1,1,1,1,1,2,2,1,1,1,2,1,3,3,1,1,1,1,3,3,1,1,1,3,3,3,2,1,1,1,1,3,1,1,1,0,3,2,3,3,2,2,2,2,3,2,3,3,3,2,1,1 ks=0,0,0,0,0,44,0,0,0,0,0,0,0,0,0,0,0,0,0,0,0,0,2,0,0,0,0,0,0,0,0,0,0,0,0,0,0,0,0,0,0,0,0,0,0,0,0,0,0,0,0,0,0,0,2,252,0,0,0,163,0,0,0,0
00832 features=923 size=8 p=10 tap=45 reset=true scheme=2 ops=2,3,1,3,2,3,1,1,1,3,1,1,3,3,3,2,3,3,3,3,2,2,2,3,2,2,2,2,2,3,3,2,0,3,2,2,2,2,2,3,3,2,3,0,3,2,2,2,3,2,3,3,2,2,2,2,3,2,3,3,2,2,3,2 ks=0,0,0,0,0,152,0,0,0,0,0,0,0,0,0,0,0,0,175,152,0,0,0,0,0,0,0,0,0,0,54,2,128,116,0,0,0,0,0,0,0,4,0,0,0,0,0,0,0,0,0,0,0,0,0,0,0,0,0,0,0,0,0,0
00833 features=249 size=7 p=1 tap=54 reset=false scheme=3 ops=1,3,3,2,3,3,3,1,3,3,3,3,3,3,3,1,3,3,3,3,3,3,3,3,3,3,3,1,1,3,3,1,1,3,3,1,1,3,3,3,3,3,3,1,3,3,3,1,3,1,3,3,1,3,1,1,3,1,3,3,3,3,3,1 ks=0,0,0,0,0,0,0,0,0,0,0,0,0,0,0,0,0,0,0,167,0,0,0,0,0,0,0,0,0,0,0,0,0,116,0,0,0,4,0,0,0,4,0,0,0,0,0,0,0,0,0,0,0,252,0,0,0,0,0,0,30,2,0,0
00834 features=313 size=3 p=5 tap=41 reset=true scheme=3 ops=1,2,1,3,1,1,1,1,1,1,1,1,1,1,1,1,1,2,2,1,1,1,2,1,1,3,1,1,1,1,3,3,1,1,1,3,3,3,2,1,1,1,1,3,1,1,1,0,3,1,3,3,1,0,3,1,2,1,1,3,3,3,1,1 ks=0,0,0,0,0,0,0,0,252,0,0,0,0,0,0,0,0,0,0,0,0,0,0,0,0,0,0,0,0,0,0,0,0,0,0,0,0,77,0,0,0,0,0,0,0,0,0,0,0,0,0,0,0,0,0,0,0,0,0,246,0,0,0,0
00835 features=703 size=13 p=5 tap=41 reset=false scheme=4 ops=2,3,3,3,0,3,2,2,3,2,2,3,3,3,3,2,3,3,3,3,1,2,2,3,3,3,2,2,2,2,3,2,3,3,2,2,0,2,2,2,3,2,3,3,3,2,2,2,3,2,3,3,2,2,2,0,1,2,3,3,2,2,3,2 ks=0,0,0,0,0,0,0,113,0,0,0,0,0,86,154,91,0,91,66,171,0,0,0,0,0,0,0,0,0,0,2,0,129,198,0,0,0,0,0,0,0,255,0,128,0,0,0,79,0,0,0,0,0,0,0,0,0,0,0,0,0,0,0,0
00836 features=423 size=11 p=10 tap=41 reset=false scheme=0 ops=1,3,1,3,0,0,1,0,3,1,0,0,3,3,1,0,3,3,0,1,1,1,3,3,3,3,1,0,0,3,3,0,0,3,1,3,1,1,0,3,3,0,3,3,3,0,0,1,3,0,3,3,3,1,1,1,3,0,3,3,1,0,3,1 ks=0,0,0,0,89,216,0,0,0,0,0,0,0,0,154,0,0,0,0,171,0,0,0,96,0,0,0,0,0,0,0,0,0,116,0,2,0,0,0,0,0,0,0,0,0,0,0,0,0,0,0,0,0,0,0,0,2,128,220,12,0,0,0,0
00837 features=690 size=5 p=2 tap=41 reset=true scheme=3 ops=2,3,3,3,3,3,3,3,3,3,3,0,3,3,3,2,3,3,3,3,3,3,3,3,3,3,3,3,3,3,3,3,3,3,2,2,2,2,2,1,3,2,3,3,3,2,2,2,2,2,3,2,0,2,2,2,3,2,3,3,2,2,3,2 ks=0,0,0,0,0,0,0,0,0,175,0,0,0,0,0,0,0,0,0,0,0,0,0,0,0,0,0,0,0,0,0,32,55,116,0,0,0,0,0,0,0,0,0,0,0,0,0,0,0,0,1,0,0,0,0,0,0,0,0,0,0,0,0,0
00838 features=572 size=16 p=1 tap=41 reset=true scheme=3 ops=1,3,3,3,3,3,1,3,3,2,2,3,3,3,3,2,3,3,3,1,1,1,3,3,3,3,3,1,3,3,3,1,1,3,3,1,1,1,3,1,2,3,3,3,3,3,1,3,3,1,1,3,3,3,3,1,3,2,3,3,1,2,3,2 ks=0,0,0,0,0,152,0,0,0,0,0,0,0,0,0,91,0,91,0,255,0,138,0,64,0,0,0,0,0,0,0,0,128,116,0,0,0,0,0,0,128,0,142,0,0,110,192,112,0,128,0,0,175,0,0,0,0,0,0,0,0,0,8,0
00839 features=623 size=6 p=2 tap=41 reset=false scheme=0 ops=2,3,3,3,3,3,3,3,1,1,3,1,3,3,3,2,3,3,3,3,3,2,2,3,2,2,2,2,1,3,3,0,3,3,2,2,2,2,1,3,3,2,3,3,3,2,2,2,3,2,3,3,2,2,2,2,3,2,3,3,2,2,3,2 ks=0,0,0,0,0,0,0,0,0,0,0,0,0,0,0,0,0,91,0,152,9,0,0,4,0,0,0,0,0,0,0,0,53,205,0,0,0,0,0,0,0,0,0,0,0,0,0,0,0,0,0,0,0,0,0,0,0,0,0,0,0,0,0,0
00840 features=157 size=6 p=5 tap=41 reset=false scheme=2 ops=1,3,3,3,1,3,1,3,3,1,1,3,3,3,3,1,3,3,3,3,3,3,1,3,3,3,1,1,1,3,3,1,1,3,1,1,1,3,1,3,3,1,3,3,3,3,1,1,3,1,3,3,3,1,3,1,3,1,3,3,3,1,3,3 ks=0,0,0,0,0,0,0,0,0,0,0,0,0,0,154,89,0,91,0,171,0,0,0,0,0,0,0,0,0,0,0,0,128,116,0,0,0,0,0,0,0,0,0,0,0,0,0,0,0,0,0,0,0,0,0,0,0,0,0,0,0,0,0,0
00841 features=870 size=4 p=1 tap=41 reset=true scheme=2 ops=2,3,3,3,1,3,1,1,1,3,1,1,1,3,3,2,3,3,3,3,2,0,2,3,2,2,2,0,2,3,3,0,0,3,1,0,0,2,2,2,3,2,3,3,3,2,2,2,3,2,0,3,2,2,2,3,3,2,3,3,2,2,3,2 ks=0,0,0,0,0,0,0,0,0,0,0,0,0,0,0,0,0,0,0,171,0,0,0,0,0,0,0,0,0,0,0,0,128,116,0,0,0,0,0,0,0,58,0,0,0,0,0,0,0,0,0,0,0,0,0,0,0,0,0,0,0,0,0,0
00842 features=674 size=6 p=2 tap=41 reset=true scheme=3 ops=2,3,3,3,0,3,1,1,0,0,2,3,3,3,3,2,3,3,3,3,2,0,1,3,2,2,2,2,2,3,3,2,3,3,1,1,0,0,0,3,3,1,3,3,3,2,2,2,3,2,3,3,2,2,2,2,3,2,3,3,2,2,3,2 ks=0,0,0,0,0,0,0,0,0,0,0,0,0,0,154,91,0,0,0,171,0,0,0,0,0,0,0,0,0,0,0,0,124,244,0,0,0,0,0,0,0,4,0,0,0,0,0,0,0,0,0,0,0,0,0,0,0,0,0,0,0,0,0,0
00843 features=691 size=7 p=5 tap=41 reset=false scheme=4 ops=2,3,3,3,0,3,2,2,3,3,0,3,3,3,3,2,0,3,3,3,2,2,2,3,0,3,2,1,2,3,3,0,0,1,2,3,2,2,2,2,3,2,3,0,2,2,2,2,3,2,3,3,2,2,2,2,3,2,3,3,2,2,3,2 ks=0,0,0,0,0,0,0,0,0,0,0,0,0,0,0,0,0,0,0,152,0,64,0,0,0,0,0,0,0,0,0,248,128,114,0,0,0,0,0,0,0,253,0,0,0,0,0,0,0,0,0,1,0,0,0,0,0,0,0,0,0,0,0,0
00844 features=639 size=17 p=10 tap=41 reset=true scheme=0 ops=1,3,3,3,3,3,1,3,1,3,3,1,3,3,3,3,3,3,3,1,1,1,3,3,3,3,3,1,0,3,3,1,1,3,3,1,0,1,3,1,1,3,3,3,3,2,2,2,3,2,3,3,2,2,2,0,3,2,3,3,1,1,3,3 ks=0,0,2,0,0,152,0,0,0,0,0,0,0,0,154,91,208,91,110,171,0,0,0,64,0,0,0,124,0,0,0,197,128,116,0,0,0,0,0,0,128,4,142,0,0,0,0,0,255,0,0,0,0,0,0,0,0,0,0,0,0,0,0,0
00845 features=282 size=8 p=1 tap=54 reset=false scheme=3 ops=1,3,3,2,3,3,3,1,3,3,3,3,3,3,3,1,3,3,3,3,2,2,2,3,3,3,2,2,2,3,3,2,1,3,3,1,1,3,3,3,3,3,3,1,3,3,3,1,3,1,3,3,1,3,1,1,3,1,3,3,3,3,3,1 ks=254,0,0,0,0,0,0,0,0,0,0,0,0,0,0,0,0,0,0,167,0,0,0,0,0,0,0,0,0,0,0,0,0,116,0,0,0,4,0,0,0,4,0,0,0,0,0,0,0,0,0,0,0,252,0,0,0,0,0,0,30,2,0,0
00846 features=628 size=17 p=5 tap=10 reset=false scheme=1 ops=2,3,3,3,2,2,2,2,3,3,2,3,3,3,3,1,3,3,3,1,1,1,2,3,1,3,2,2,2,3,3,0,3,3,2,2,2,2,2,3,3,1,3,0,3,2,2,2,3,1,1,3,3,3,3,1,3,3,3,3,1,1,3,2 ks=0,0,0,252,0,0,0,0,0,57,152,0,0,86,154,91,212,0,0,171,0,0,0,0,0,4,0,0,0,0,0,0,128,116,0,0,0,0,0,0,0,0,0,0,0,32,0,0,0,192,0,0,175,0,0,0,0,0,191,12,0,0,0,254
00847 features=482 size=19 p=10 tap=33 reset=false scheme=2 ops=1,3,3,3,3,3,1,3,1,1,3,1,3,3,3,3,0,3,3,1,3,1,3,3,3,3,0,1,3,3,3,1,1,3,3,1,1,1,3,0,1,3,1,0,3,2,2,2,3,3,3,3,3,3,3,1,3,3,3,1,1,1,1,3 ks=0,0,0,0,0,152,0,0,0,0,0,0,0,0,154,91,208,91,0,171,0,0,0,64,0,0,0,124,0,0,0,8,179,116,0,0,0,0,144,0,128,0,142,255,0,0,0,0,0,253,0,0,0,0,0,0,0,0,0,11,0,0,200,28
00848 features=514 size=6 p=5 tap=41 reset=true scheme=3 ops=1,2,1,3,1,1,2,2,3,2,2,3,3,3,3,2,3,3,2,1,1,1,2,1,2,3,1,1,1,1,3,3,1,1,1,3,2,2,2,2,3,2,3,0,3,2,2,2,3,2,3,3,3,1,1,1,2,1,1,3,3,3,1,1 ks=0,0,0,0,127,0,0,0,0,0,0,0,0,0,154,91,0,91,0,0,0,0,0,0,0,0,0,0,0,0,0,252,0,0,0,0,0,0,0,0,0,0,0,0,0,0,0,0,0,0,0,0,0,0,0,0,0,0,0,246,0,0,0,0
00849 features=399 size=8 p=5 tap=10 reset=false scheme=1 ops=2,3,3,3,2,3,2,2,3,3,3,3,3,3,3,2,3,3,3,0,2,2,2,3,2,3,1,1,2,3,3,0,0,3,2,2,2,2,2,2,3,3,3,2,3,2,2,2,3,2,3,3,3,3,3,3,3,2,3,3,2,2,3,2 ks=0,0,0,252,0,0,0,0,0,57,0,0,0,86,154,91,12,0,0,0,0,0,0,0,0,0,199,0,0,0,0,0,0,0,0,0,0,0,0,0,0,0,0,0,0,0,0,0,0,0,0,0,0,0,0,0,0,0,0,12,0,0,0,0
00850 features=442 size=6 p=5 tap=42 reset=false scheme=3 ops=2,3,3,3,3,0,3,3,3,3,3,0,3,3,3,2,3,3,3,3,2,2,2,3,2,2,2,2,2,3,3,2,0,3,2,2,2,2,2,2,3,2,3,3,3,2,2,2,3,3,2,3,3,3,0,0,3,3,3,3,3,3,3,2 ks=0,0,0,0,0,0,0,0,0,0,0,0,0,0,0,0,0,91,0,152,0,0,0,0,0,0,0,0,0,0,0,0,128,116,0,0,0,0,0,0,0,0,0,0,177,0,0,0,0,128,0,0,0,0,0,0,0,0,0,0,0,0,0,0
00851 features=295 size=19 p=5 tap=41 reset=false scheme=0 ops=1,2,3,3,3,3,1,3,1,3,3,1,3,3,3,3,3,3,3,1,1,1,1,3,3,3,3,1,0,3,3,1,1,3,3,1,0,1,3,3,2,3,3,3,3,2,2,2,3,2,3,3,2,2,2,0,3,2,3,3,1,1,3,3 ks=0,0,0,0,0,152,0,136,0,0,0,0,0,0,154,91,208,91,0,171,0,0,0,64,244,0,0,124,252,0,0,0,128,116,0,254,0,0,0,0,127,0,142,0,0,0,0,0,255,0,0,0,0,0,239,0,0,0,0,254,0,0,0,0
00852 features=454 size=5 p=1 tap=54 reset=true scheme=3 ops=1,3,3,3,3,3,3,1,3,3,3,3,3,3,3,1,3,3,3,3,3,3,3,3,3,3,3,2,2,3,3,0,0,3,2,2,2,2,2,2,3,3,3,1,3,3,3,1,3,1,3,3,1,3,1,1,2,1,3,3,3,3,2,1 ks=0,0,0,0,0,0,0,0,0,0,0,0,0,0,0,0,0,0,0,0,0,0,0,0,0,0,0,0,0,0,0,0,0,0,0,0,0,0,0,0,0,4,64,0,0,0,0,0,0,254,0,0,198,0,0,0,0,0,0,0,0,2,0,0
00853 features=328 size=2 p=5 tap=41 reset=true scheme=3 ops=1,2,1,3,1,1,1,1,1,1,1,1,1,1,1,1,1,2,2,1,1,1,2,1,1,3,1,1,1,1,3,3,1,1,1,3,3,3,2,1,1,1,1,3,1,1,1,0,3,1,3,3,1,0,3,1,2,1,1,3,3,3,1,1 ks=0,0,0,0,0,0,0,0,0,0,0,0,0,0,0,0,0,182,0,0,0,0,0,0,0,0,0,0,0,0,0,0,0,0,0,0,0,0,0,0,0,0,0,0,0,0,0,0,0,0,0,0,0,0,0,0,0,0,0,246,0,0,0,0
00854 features=679 size=9 p=10 tap=41 reset=true scheme=3 ops=3,3,0,3,0,3,3,3,3,0,0,3,3,3,3,0,3,3,3,3,0,0,3,3,3,3,3,0,0,3,3,0,0,3,0,3,1,1,1,0,3,0,3,3,3,1,3,0,3,0,3,3,3,0,3,0,3,0,3,3,0,3,3,3 ks=0,0,0,0,0,0,0,180,0,0,0,0,0,0,1,0,0,0,0,171,0,0,0,64,0,0,0,0,0,0,0,0,0,116,0,0,0,0,0,0,0,0,0,0,0,0,0,0,0,0,0,0,0,0,0,0,0,2,191,12,4,0,0,0
00855 features=761 size=6 p=1 tap=19 reset=true scheme=3 ops=2,3,3,3,3,3,3,3,3,3,3,0,3,3,3,2,3,3,3,3,2,2,2,3,2,2,2,2,2,3,3,2,3,3,2,2,2,2,2,3,3,2,3,3,3,2,2,2,2,2,3,2,2,2,2,2,0,2,3,3,2,2,3,2 ks=0,0,0,0,0,4,0,0,0,175,0,0,0,0,0,0,0,88,0,171,0,0,0,0,0,0,0,0,0,0,0,128,128,0,0,0,0,0,0,0,0,0,0,0,0,0,0,0,0,0,0,0,0,0,0,0,0,0,0,0,0,0,0,0
00856 features=323 size=11 p=5 tap=41 reset=false scheme=2 ops=1,3,3,3,3,3,1,3,1,3,3,1,3,3,3,3,3,3,3,1,1,1,3,3,2,3,3,1,2,3,3,0,0,1,3,0,0,1,3,1,1,3,3,3,3,2,2,2,3,2,3,3,2,3,2,0,3,2,3,3,1,1,3,3 ks=0,0,0,0,0,0,0,0,252,0,0,0,0,0,154,91,0,0,127,171,0,0,0,64,0,0,2,0,0,0,0,0,128,116,0,0,0,0,0,0,0,0,142,0,0,0,0,0,127,0,0,0,0,0,0,0,0,0,0,0,0,0,0,0
00857 features=839 size=7 p=2 tap=10 reset=true scheme=3 ops=2,3,2,3,2,3,2,2,3,3,2,3,3,3,2,2,3,2,3,3,2,2,2,3,2,2,2,2,2,3,3,0,0,3,0,0,0,3,3,0,3,0,3,3,3,0,2,0,3,2,3,3,2,2,2,2,3,3,3,3,2,2,3,2 ks=0,0,0,0,0,152,0,0,0,0,0,0,0,0,0,0,0,0,0,45,0,0,0,0,0,0,0,0,0,0,0,0,0,0,0,0,0,0,0,0,0,0,6,0,19,0,0,0,0,0,0,0,0,0,2,0,225,0,0,163,0,0,0,0
00858 features=727 size=14 p=10 tap=41 reset=true scheme=2 ops=2,1,3,3,3,3,2,3,3,3,3,3,3,3,3,3,3,3,3,2,2,2,3,3,3,3,3,1,2,3,3,2,2,3,3,3,2,2,3,3,2,3,3,3,3,2,2,2,3,2,3,3,2,2,2,2,3,2,3,3,2,3,3,3 ks=0,0,0,0,0,152,254,0,0,0,0,0,0,0,154,0,208,91,0,171,0,0,0,64,1,8,0,0,0,0,0,0,128,116,0,0,0,0,0,0,127,0,142,0,0,0,0,0,255,0,0,0,0,0,0,0,0,0,0,0,0,0,0,0
00859 features=815 size=7 p=5 tap=41 reset=true scheme=3 ops=2,3,3,3,3,3,3,3,3,3,3,3,3,3,3,2,3,3,3,3,2,2,2,3,2,2,2,2,2,3,3,2,3,3,2,2,2,2,2,3,3,2,3,3,3,2,2,2,3,2,3,3,2,2,2,2,3,2,3,3,2,2,3,2 ks=0,0,0,0,0,0,0,0,0,175,0,0,0,0,0,91,0,88,0,171,0,0,0,0,0,0,0,0,0,0,0,0,53,116,0,0,0,0,0,0,0,0,0,0,0,0,0,0,0,0,0,0,32,0,0,0,0,0,0,0,0,0,0,0
00860 features=617 size=8 p=5 tap=41 reset=false scheme=2 ops=2,3,3,2,1,3,2,2,3,2,2,3,3,3,3,2,3,3,3,3,2,2,2,3,3,3,2,1,2,3,3,0,0,3,2,2,2,1,2,3,3,2,3,3,2,2,2,2,0,2,3,3,2,2,2,2,3,2,3,3,2,2,3,2 ks=0,0,0,0,0,0,0,0,0,0,0,0,0,0,158,91,0,91,0,127,0,0,0,0,0,0,0,0,0,0,4,29,134,124,0,0,0,0,0,0,0,0,0,0,0,0,0,0,0,0,0,0,0,0,0,0,0,0,0,0,0,0,0,0
00861 features=346 size=4 p=5 tap=41 reset=true scheme=3 ops=1,2,1,3,1,1,1,1,1,1,1,1,1,1,3,2,3,3,2,1,1,1,2,1,1,3,1,1,1,1,3,3,1,1,1,3,3,3,2,1,1,1,1,3,1,1,1,1,1,1,3,3,1,0,3,1,2,1,1,3,3,3,1,1 ks=0,0,0,0,0,0,0,0,0,0,0,0,0,0,154,91,0,91,0,0,0,0,0,0,0,0,0,0,0,0,0,0,0,0,0,0,0,0,0,0,0,0,0,0,0,0,0,0,0,0,0,0,0,0,0,0,0,0,0,246,0,0,0,0
00862 features=594 size=12 p=2 tap=41 reset=false scheme=2 ops=2,3,3,3,0,3,2,2,3,2,2,3,3,3,3,2,3,3,3,0,2,2,2,3,3,3,2,2,2,3,3,0,0,3,2,2,2,2,2,2,3,2,3,0,3,2,2,2,3,2,3,3,3,2,2,2,3,2,3,3,2,2,3,2 ks=0,0,0,0,89,0,128,113,0,0,0,0,0,0,154,91,0,91,0,171,0,0,0,0,0,0,0,0,0,0,2,0,132,116,0,0,0,0,0,0,0,0,0,0,0,0,0,0,0,0,0,0,0,0,0,0,0,0,0,12,0,0,0,135
00863 features=592 size=9 p=5 tap=16 reset=false scheme=3 ops=2,3,3,3,3,1,3,3,3,3,3,3,3,0,3,1,3,3,3,3,2,2,2,3,2,3,2,2,2,3,3,2,3,3,2,2,2,2,2,3,3,2,3,3,3,2,2,2,3,2,3,3,2,2,2,2,3,2,3,0,2,2,3,2 ks=0,0,0,0,0,0,0,0,128,175,0,0,0,0,0,91,0,88,0,171,0,190,0,0,0,0,0,0,0,0,0,0,53,0,0,0,0,0,0,0,33,0,0,0,0,0,0,0,0,0,0,0,0,0,0,0,0,0,0,0,0,0,2,0
00864 features=471 size=11 p=5 tap=10 reset=false scheme=1 ops=2,3,3,3,2,3,2,2,3,3,2,3,3,3,3,2,3,3,3,3,2,2,2,3,2,3,2,2,2,3,3,2,3,3,2,2,1,2,2,2,3,3,3,0,3,2,2,2,3,2,3,3,3,3,3,3,3,2,3,3,2,2,3,2 ks=0,0,0,252,0,2,0,0,0,57,0,0,0,86,154,91,0,0,0,171,0,0,0,0,0,0,0,0,0,0,0,0,128,116,0,0,0,0,0,0,0,0,64,0,0,0,0,0,0,0,0,0,0,0,0,0,0,0,191,0,0,0,0,0
00865 features=641 size=11 p=5 tap=41 reset=false scheme=2 ops=2,3,3,2,1,3,2,2,3,2,2,3,3,3,3,2,3,3,3,3,2,2,1,3,3,3,2,3,2,3,3,0,0,3,2,2,2,1,2,3,3,2,3,3,3,2,2,2,3,2,3,3,2,2,2,2,3,2,3,3,1,2,3,2 ks=0,0,0,0,0,0,0,0,0,0,0,0,0,0,154,1,0,91,0,171,0,0,0,0,0,0,0,0,0,0,4,29,178,116,0,0,0,0,0,0,0,4,0,0,0,0,0,0,0,0,0,0,0,0,0,0,0,0,64,0,0,0,0,156
00866 features=481 size=7 p=2 tap=57 reset=true scheme=3 ops=1,3,3,3,3,3,3,1,3,3,2,3,3,2,3,2,3,3,3,3,2,2,2,3,3,3,3,1,1,3,3,1,1,3,3,1,1,3,3,3,3,3,3,1,3,3,3,1,3,1,3,3,1,3,1,1,3,1,3,3,3,3,3,1 ks=0,0,0,0,0,0,0,0,0,0,0,0,0,0,0,0,0,0,0,152,0,0,0,0,0,0,0,0,0,0,0,0,128,116,0,0,0,0,0,0,0,4,0,0,0,0,0,236,0,0,0,0,0,0,2,0,0,0,0,0,0,2,0,0
00867 features=1041 size=4 p=2 tap=41 reset=true scheme=4 ops=2,3,3,3,0,3,2,2,3,2,2,3,3,3,0,3,3,3,3,1,0,0,3,3,0,0,3,3,0,3,3,0,0,3,0,0,0,0,0,0,3,0,3,3,3,3,3,0,3,0,3,3,2,2,3,3,0,0,3,0,0,0,3,2 ks=0,0,0,0,0,0,0,0,0,0,0,0,0,0,0,0,0,0,0,171,0,0,0,0,0,0,0,0,0,0,0,2,160,116,0,0,0,0,0,0,0,0,0,0,0,0,0,0,0,0,0,0,0,0,0,0,0,0,0,0,0,0,0,0
00868 features=365 size=12 p=5 tap=10 reset=false scheme=3 ops=2,3,3,3,2,3,2,2,3,3,2,3,3,3,3,2,3,3,3,3,2,2,2,3,2,3,2,2,2,3,3,2,3,3,2,2,2,2,2,2,3,3,0,0,3,2,2,2,3,2,3,3,3,3,3,3,3,2,3,3,2,2,3,2 ks=0,0,0,128,0,0,0,0,0,57,0,0,0,86,154,1,12,0,0,171,0,0,0,0,0,0,0,0,0,0,0,0,128,231,0,0,0,0,0,0,0,0,0,16,0,0,0,0,0,0,0,0,0,0,0,0,0,0,191,12,0,0,0,0
00869 features=979 size=5 p=5 tap=41 reset=true scheme=1 ops=0,3,0,3,0,3,0,0,3,3,3,3,3,3,3,3,3,3,3,1,0,0,3,3,0,0,3,3,0,3,3,0,0,3,0,0,0,2,2,2,3,2,3,3,3,2,2,2,3,2,3,3,2,2,3,3,0,0,3,0,0,0,3,3 ks=0,0,0,0,0,0,0,0,0,0,0,0,0,0,0,0,0,0,0,171,0,0,0,0,0,0,0,0,0,0,16,2,128,116,0,0,0,0,0,0,0,0,0,0,0,0,0,0,0,0,0,0,0,0,0,0,0,0,0,0,0,0,0,0
00870 features=797 size=9 p=5 tap=10 reset=true scheme=1 ops=2,3,3,3,2,3,2,2,3,3,2,3,3,3,3,2,3,3,3,3,2,2,2,3,2,3,2,2,2,3,3,2,3,3,2,2,2,2,2,2,3,3,3,0,3,2,2,2,3,2,3,3,3,3,3,3,3,2,3,3,2,2,3,2 ks=0,0,0,252,0,0,0,0,0,57,0,0,0,86,154,91,12,0,0,171,0,0,0,0,0,0,0,0,0,0,0,0,0,0,0,0,0,0,0,0,0,0,0,0,0,0,0,0,0,0,0,0,0,0,0,0,0,0,191,12,0,0,0,0
00871 features=825 size=12 p=1 tap=42 reset=true scheme=3 ops=2,3,3,3,3,3,3,3,3,3,3,0,3,3,3,2,3,3,3,3,2,0,2,3,2,2,2,2,2,3,3,2,3,3,2,2,2,2,2,3,3,2,3,3,3,2,2,2,2,2,3,2,2,2,2,2,3,2,3,3,2,2,3,2 ks=0,0,0,0,0,4,0,0,1,175,0,0,0,0,0,91,151,88,0,171,0,0,0,0,0,0,0,0,0,0,0,0,128,116,0,0,0,0,0,0,0,0,0,0,177,0,0,0,0,0,0,0,0,0,0,0,0,0,0,76,0,0,16,0
00872 features=599 size=11 p=5 tap=42 reset=false scheme=5 ops=2,3,3,3,3,3,3,3,3,3,3,0,3,3,3,2,3,3,3,3,2,0,2,3,1,2,2,2,2,3,3,2,3,3,2,2,2,2,2,3,3,2,3,3,3,2,2,2,2,2,3,3,2,2,2,2,3,2,3,3,2,2,3,2 ks=0,0,0,0,0,4,0,0,0,175,0,0,0,0,0,91,151,88,4,171,0,0,0,0,0,0,0,0,0,0,0,0,128,116,0,0,0,0,0,0,0,0,0,0,177,0,0,0,0,0,0,0,0,0,0,0,8,0,0,0,0,0,0,0
00873 features=373 size=9 p=5 tap=41 reset=false scheme=2 ops=2,3,3,3,0,3,1,1,3,3,0,3,3,3,3,3,3,3,3,3,0,0,2,3,3,3,2,1,2,3,3,0,0,3,2,2,0,0,0,3,3,0,3,3,3,3,0,0,3,3,3,3,3,0,3,0,3,0,3,3,0,3,3,0 ks=0,0,0,0,0,0,0,0,0,0,0,0,0,0,0,91,255,88,0,171,0,0,0,0,0,0,0,0,0,0,4,29,134,116,0,0,0,0,0,0,0,4,0,0,0,0,0,0,0,0,0,0,0,0,0,0,0,0,0,0,0,0,0,0
00874 features=818 size=8 p=5 tap=41 reset=true scheme=3 ops=2,3,3,3,3,3,3,3,3,3,3,3,3,3,3,2,3,3,3,3,2,2,2,3,3,3,2,2,2,2,3,2,3,3,2,2,2,2,2,3,3,2,3,3,3,2,2,2,2,2,3,2,2,2,2,2,3,2,3,3,2,2,3,2 ks=85,0,0,0,0,0,0,0,0,175,0,0,0,0,0,91,0,88,0,171,0,0,0,0,0,0,0,0,0,0,0,0,129,198,0,0,0,0,0,0,0,0,0,0,128,0,0,0,0,0,0,0,0,0,0,0,0,0,0,0,0,0,0,0
00875 features=728 size=9 p=2 tap=41 reset=true scheme=3 ops=2,3,3,3,3,3,1,3,3,3,3,2,2,3,3,2,3,3,3,3,2,2,2,3,2,3,2,2,2,3,3,2,3,3,2,2,2,2,2,3,3,1,3,3,3,2,2,2,3,2,3,3,2,2,2,2,1,2,3,3,2,2,3,2 ks=0,64,0,0,0,0,0,0,0,0,0,0,0,0,154,0,254,91,0,171,0,0,28,0,0,0,0,0,0,0,0,0,53,116,0,0,0,0,0,0,0,0,0,0,0,0,0,0,0,0,0,0,0,0,0,0,0,0,0,12,0,0,0,0
00876 features=258 size=5 p=1 tap=54 reset=false scheme=0 ops=1,3,3,2,3,3,3,1,3,3,3,3,3,3,3,1,3,3,3,3,2,2,2,3,3,3,2,2,2,3,3,2,1,3,3,1,1,3,3,3,3,3,3,1,3,3,3,1,3,1,3,3,1,3,1,1,3,1,3,3,3,3,3,1 ks=254,0,0,0,0,0,0,0,0,0,0,0,0,0,0,0,0,0,0,0,0,0,0,0,0,0,0,0,0,0,0,0,0,0,0,0,0,0,0,0,230,0,0,0,0,0,0,0,0,0,0,0,0,252,0,0,0,0,0,0,30,2,0,0
00877 features=473 size=6 p=2 tap=54 reset=true scheme=3 ops=1,3,3,3,3,3,3,1,3,3,3,3,3,3,3,1,3,3,3,3,3,3,3,3,3,3,3,1,1,3,3,1,1,3,3,1,1,3,3,3,0,3,3,1,3,3,3,1,3,1,3,3,1,3,1,1,3,1,3,3,3,3,3,1 ks=0,0,0,0,0,0,0,0,0,0,0,0,0,0,0,0,0,0,0,167,0,0,0,0,0,0,0,0,0,0,0,0,128,116,0,0,0,0,0,0,0,4,0,0,0,0,0,0,0,0,0,0,0,0,2,0,0,0,0,0,0,2,0,0
00878 features=778 size=7 p=2 tap=41 reset=true scheme=1 ops=0,3,1,3,0,3,0,2,3,3,0,3,3,3,3,0,3,0,3,3,1,0,0,3,0,1,3,0,0,3,3,1,2,3,0,0,0,0,0,0,3,0,3,3,3,3,1,0,3,1,3,3,1,2,2,0,3,2,3,3,2,2,3,3 ks=0,0,0,0,0,0,255,0,0,0,0,0,0,0,0,0,0,0,0,175,0,0,0,0,0,0,0,0,0,0,0,2,128,60,0,0,0,0,0,0,0,4,4,0,0,0,0,0,0,0,0,0,0,0,0,0,0,0,0,0,0,0,0,0
00879 features=298 size=4 p=5 tap=41 reset=true scheme=3 ops=1,2,1,3,1,1,3,1,1,1,1,1,1,1,1,1,1,1,2,1,1,1,2,1,1,3,1,1,1,1,3,3,3,1,1,3,3,3,2,1,1,1,1,3,1,1,1,1,1,1,1,1,1,1,3,1,2,1,1,3,3,3,1,1 ks=0,0,0,0,0,0,0,0,0,0,0,0,0,0,0,0,0,0,0,0,0,0,0,0,0,0,0,0,0,0,0,4,252,0,0,0,0,0,0,0,0,0,0,0,0,0,0,0,0,0,0,2,0,0,0,0,0,0,0,246,0,0,0,0
00880 features=718 size=15 p=5 tap=41 reset=false scheme=4 ops=2,3,3,3,0,3,2,2,3,2,2,3,3,3,3,2,3,3,3,3,1,2,2,3,3,3,2,2,2,2,3,2,3,3,2,2,0,2,2,2,3,2,3,3,3,2,2,2,3,2,3,3,2,2,2,2,1,2,3,3,2,2,3,2 ks=0,0,0,0,0,0,218,113,0,0,0,225,0,86,154,0,64,91,66,171,0,0,0,0,0,0,0,0,0,0,0,0,129,198,0,0,0,0,0,0,0,255,0,128,0,0,0,79,0,0,0,0,0,0,0,0,0,0,0,0,0,254,0,0
00881 features=403 size=7 p=5 tap=41 reset=true scheme=3 ops=1,2,1,3,1,3,3,3,3,3,3,3,3,3,3,2,1,2,2,1,1,1,2,1,1,3,1,1,1,1,3,3,1,1,1,3,3,3,2,1,1,1,1,3,1,1,1,1,1,1,1,1,1,1,3,1,2,1,1,3,3,3,1,1 ks=0,0,0,0,0,0,0,0,0,175,126,0,0,0,0,0,0,1,0,0,0,0,0,2,0,0,0,0,0,0,0,0,127,0,0,0,0,0,0,0,0,0,0,0,0,0,0,0,0,0,0,2,0,0,0,0,0,0,0,246,0,0,0,0
00882 features=179 size=17 p=5 tap=34 reset=false scheme=3 ops=1,3,3,3,3,3,1,3,1,1,3,1,1,3,3,3,3,3,0,1,1,1,3,3,3,3,3,1,3,3,3,1,1,3,1,1,0,0,0,3,3,1,3,3,3,3,0,0,3,1,1,3,3,3,3,1,3,3,3,3,1,1,3,3 ks=0,0,0,0,187,128,0,0,0,0,2,0,0,0,154,252,208,91,0,171,0,0,0,64,0,0,0,0,0,0,0,0,128,116,0,0,0,0,0,0,0,4,0,0,0,0,0,0,0,0,0,0,0,0,0,0,0,0,191,12,4,0,200,28
00883 features=205 size=11 p=1 tap=41 reset=false scheme=2 ops=0,3,3,1,1,3,1,3,3,3,2,3,3,3,3,1,3,3,3,3,1,3,3,3,3,3,1,1,3,3,3,1,1,3,1,3,3,1,1,1,3,1,3,3,3,3,1,3,3,1,3,2,1,1,1,3,3,3,3,3,3,1,3,1 ks=0,0,180,0,0,0,0,0,0,0,0,0,0,0,0,91,0,91,0,171,0,0,0,0,0,0,0,0,0,0,4,0,134,127,0,255,0,2,0,0,0,0,0,0,0,0,0,0,0,0,0,0,0,0,0,0,0,178,64,0,0,0,0,0
00884 features=581 size=8 p=10 tap=41 reset=false scheme=2 ops=2,3,3,3,0,3,2,2,3,2,2,3,3,3,3,2,3,3,3,3,3,1,3,3,3,3,2,1,2,3,3,0,0,3,1,0,0,2,2,2,3,2,2,3,3,2,2,2,3,2,3,3,2,2,2,0,3,2,3,3,2,2,3,2 ks=128,0,0,0,0,0,253,0,0,0,0,0,0,0,0,0,0,91,0,152,0,0,0,0,0,0,0,0,0,0,0,0,128,120,0,0,0,0,0,0,0,0,0,0,1,0,0,0,0,0,0,0,0,0,184,0,0,0,0,0,0,0,0,0
00885 features=466 size=16 p=5 tap=41 reset=false scheme=1 ops=1,3,3,3,3,3,1,3,1,1,3,1,1,3,3,3,3,3,3,1,1,1,3,3,3,3,3,1,3,3,3,1,1,3,1,1,0,0,0,3,3,1,3,2,3,2,2,2,3,2,3,3,2,2,2,1,3,2,3,3,1,1,2,3 ks=0,0,0,0,0,128,0,0,0,0,0,0,3,0,154,0,236,91,0,171,2,0,0,64,0,0,0,0,0,0,0,0,128,116,0,0,0,0,0,0,0,4,0,0,2,0,0,0,0,0,0,0,0,0,0,0,0,0,189,12,0,0,200,28
00886 features=284 size=14 p=5 tap=41 reset=false scheme=2 ops=1,3,3,3,3,3,1,3,1,1,2,1,1,3,3,3,3,3,3,1,1,1,3,3,3,3,3,1,3,3,3,1,1,1,1,1,0,2,0,2,3,2,3,3,2,3,0,0,3,1,1,3,3,3,3,1,3,3,3,3,1,1,3,3 ks=0,0,0,0,0,128,0,0,0,0,0,0,0,0,154,0,208,91,0,171,0,0,0,64,0,0,0,0,0,0,0,32,128,116,0,0,0,0,0,0,0,0,0,0,0,8,0,0,0,0,0,0,0,0,0,0,0,0,191,12,0,0,200,28
00887 features=270 size=21 p=5 tap=41 reset=false scheme=2 ops=1,3,3,3,3,3,1,3,1,1,3,1,3,3,3,3,3,3,3,1,1,1,3,3,3,3,3,1,3,3,3,1,1,3,3,1,1,1,3,1,1,3,3,3,3,3,1,3,3,1,1,3,3,3,3,1,3,3,3,3,1,1,3,3 ks=0,0,0,0,0,152,0,0,0,0,0,0,0,0,154,91,208,91,0,171,0,0,0,64,0,0,0,0,233,0,0,0,128,116,0,0,0,0,0,0,128,0,0,0,0,110,128,112,0,0,0,0,175,0,0,0,0,0,191,12,2,128,200,28
00888 features=491 size=7 p=1 tap=41 reset=false scheme=3 ops=2,3,3,3,3,3,3,3,3,3,2,3,3,1,3,0,3,3,3,3,0,0,3,3,3,3,3,2,2,3,3,2,3,3,2,2,2,2,2,3,3,2,3,2,3,2,2,2,3,2,3,3,2,2,2,2,3,2,3,1,2,2,3,2 ks=0,0,0,0,0,152,0,0,0,0,0,0,0,0,154,0,0,0,253,0,0,0,0,0,0,0,0,0,0,0,0,32,55,116,0,0,0,0,0,0,0,0,0,0,0,0,0,0,0,0,0,0,0,0,0,0,0,0,0,0,0,0,2,0
00889 features=954 size=8 p=10 tap=45 reset=true scheme=2 ops=2,3,0,3,0,3,0,0,3,3,3,3,3,3,3,2,3,3,3,3,2,1,3,3,3,3,3,1,3,3,3,1,1,3,2,2,2,2,2,3,3,2,3,3,3,2,2,2,3,2,3,3,2,2,2,2,3,2,3,3,2,2,3,2 ks=0,0,0,0,0,0,0,0,0,0,0,0,0,86,154,87,0,0,66,171,0,0,0,64,0,0,0,0,0,0,0,0,128,116,0,0,0,0,0,0,0,0,0,0,0,0,0,0,0,0,0,0,0,0,0,0,0,0,0,0,0,0,0,0
00890 features=608 size=9 p=5 tap=41 reset=false scheme=2 ops=2,3,3,2,1,3,2,2,3,2,2,3,3,3,3,2,3,3,3,3,2,2,2,3,3,3,2,1,2,3,3,0,0,3,2,2,2,1,2,3,3,2,3,3,2,2,2,2,0,2,3,3,2,2,2,2,3,2,3,3,2,2,3,2 ks=0,0,0,0,0,0,0,0,0,0,0,0,0,0,158,91,0,91,0,127,0,0,0,0,0,0,0,0,0,0,4,29,134,124,0,0,0,0,0,0,0,127,0,0,0,0,0,0,0,0,0,0,0,0,0,0,0,0,0,0,0,0,0,0
00891 features=549 size=17 p=1 tap=41 reset=true scheme=3 ops=1,3,3,3,3,3,1,3,3,2,2,3,3,3,3,2,3,3,3,1,1,1,3,3,3,3,3,1,3,3,3,1,1,3,3,1,1,1,3,0,1,3,3,3,3,3,1,3,3,1,1,3,3,3,3,1,3,2,3,3,1,1,3,3 ks=0,0,0,0,0,152,0,0,0,0,0,0,0,0,0,91,0,91,0,171,0,138,0,64,0,0,0,0,0,0,0,0,128,116,0,0,0,0,0,0,128,0,142,0,0,110,192,112,0,128,0,0,175,0,0,0,0,0,0,0,0,0,200,28
00892 features=222 size=9 p=5 tap=41 reset=false scheme=2 ops=3,3,3,0,3,3,3,3,3,3,0,3,3,3,3,0,3,3,3,3,3,0,3,3,3,3,0,0,3,3,3,3,0,3,0,3,3,0,0,3,3,0,3,3,3,3,0,3,3,3,3,3,3,3,3,3,3,3,3,3,3,3,3,3 ks=0,0,0,0,0,0,74,0,0,0,0,0,0,0,154,91,0,91,0,171,0,0,0,0,0,0,0,0,0,0,1,0,134,116,0,0,0,0,0,0,0,0,0,0,0,0,0,0,0,127,0,0,0,0,0,0,0,0,0,0,0,0,0,0
00893 features=547 size=6 p=10 tap=41 reset=false scheme=2 ops=2,3,3,3,3,3,1,3,1,3,3,1,3,3,3,3,3,3,3,3,0,2,2,3,3,3,2,1,2,3,3,1,0,3,2,2,2,2,2,2,3,1,3,0,3,1,2,2,3,2,3,3,3,2,2,2,3,2,3,1,2,2,3,2 ks=0,0,0,0,0,0,0,0,0,0,0,0,0,0,0,91,128,91,0,171,0,0,0,0,0,0,0,0,0,0,0,0,128,116,0,0,0,0,0,0,0,0,0,0,0,0,0,0,0,0,0,0,0,0,0,0,0,0,0,0,0,0,0,0
00894 features=297 size=18 p=5 tap=41 reset=false scheme=1 ops=1,3,3,3,3,3,1,3,1,1,3,1,1,3,3,3,3,3,3,1,1,1,3,3,3,3,3,1,3,3,3,1,1,3,1,1,0,0,0,3,3,1,3,3,3,3,0,0,1,1,1,3,3,3,3,1,3,3,3,3,1,1,2,3 ks=0,0,0,2,0,132,0,0,0,0,0,0,3,0,154,0,208,91,0,171,2,0,0,64,0,0,0,0,0,0,174,0,128,116,0,0,0,0,0,0,0,4,0,0,0,0,0,0,0,0,0,0,175,0,0,0,0,0,191,12,0,0,200,28
00895 features=570 size=6 p=5 tap=10 reset=false scheme=0 ops=2,3,3,3,2,2,2,2,3,3,2,3,3,3,3,2,3,3,3,3,2,2,2,3,2,3,2,2,2,3,3,2,3,2,2,2,2,2,2,2,3,3,3,3,3,2,2,2,3,2,3,3,2,2,2,0,3,2,3,3,2,2,3,2 ks=0,0,0,0,0,0,0,0,0,57,0,0,0,86,154,91,12,0,0,0,0,0,0,0,0,0,0,0,0,0,0,0,0,0,0,0,0,0,0,0,0,0,0,0,0,0,0,0,255,0,0,0,0,0,0,0,0,0,0,0,0,0,0,0
00896 features=848 size=13 p=5 tap=42 reset=true scheme=3 ops=2,3,3,3,3,3,3,3,3,3,3,0,3,3,3,2,3,3,3,3,2,0,2,3,2,2,2,2,2,3,3,2,0,3,2,2,2,2,2,3,3,2,3,3,3,2,2,2,2,2,3,2,2,2,2,2,3,2,3,3,2,2,3,2 ks=0,0,0,0,0,4,115,0,0,173,0,0,0,0,0,91,151,88,0,171,0,0,0,0,0,0,0,0,0,0,0,0,128,116,0,0,0,1,0,0,0,0,0,0,177,0,0,0,0,0,0,0,0,0,0,0,0,0,0,76,0,0,16,0
00897 features=573 size=12 p=1 tap=54 reset=true scheme=3 ops=1,3,1,3,2,3,2,3,1,3,2,3,3,3,3,1,3,3,3,1,1,3,3,3,3,3,1,1,2,3,3,1,2,3,2,2,2,2,2,2,3,1,3,2,3,2,2,3,3,2,3,3,1,3,1,1,3,1,3,3,3,3,3,1 ks=0,0,0,246,0,0,0,0,0,0,0,2,0,86,154,91,212,0,0,171,0,0,0,0,1,0,0,0,0,0,0,0,128,116,0,0,0,0,0,0,0,0,0,0,0,0,0,0,0,0,0,0,0,0,2,0,0,0,0,0,0,2,0,0
00898 features=568 size=16 p=10 tap=41 reset=false scheme=3 ops=2,3,3,3,0,3,2,2,3,2,2,3,3,3,3,2,3,3,3,1,2,2,2,3,3,3,2,1,2,3,3,0,0,3,2,2,2,3,2,0,3,2,3,0,3,2,2,2,3,2,3,3,3,3,3,2,3,2,3,3,2,2,3,2 ks=0,0,8,0,89,0,0,0,0,56,0,0,0,0,154,91,12,128,0,0,0,0,0,0,0,0,0,0,0,0,4,128,134,116,0,0,0,0,0,254,0,83,255,0,0,0,0,0,0,0,0,0,0,0,0,0,0,0,0,2,0,0,0,254
00899 features=854 size=11 p=1 tap=42 reset=true scheme=3 ops=2,3,3,3,3,3,3,3,3,3,3,0,3,3,3,2,3,3,3,3,2,0,2,3,2,2,2,2,2,3,3,2,3,3,2,2,2,2,2,2,3,2,3,3,3,2,2,0,2,2,3,2,2,2,2,2,3,2,3,3,2,2,3,2 ks=0,1,0,0,0,0,0,0,8,175,0,4,0,0,0,91,77,92,0,171,0,0,0,0,0,122,0,0,0,0,0,0,128,116,0,0,0,0,0,0,0,0,0,0,0,0,0,0,0,0,0,0,0,0,0,0,0,0,0,0,0,0,0,0
00900 features=569 size=9 p=10 tap=18 reset=false scheme=2 ops=2,3,3,3,0,3,2,2,3,2,2,3,3,3,3,2,3,3,3,3,2,2,2,3,2,3,3,1,3,3,3,0,0,3,2,2,2,2,2,2,3,2,3,0,3,2,2,2,3,2,3,2,3,2,2,2,3,2,3,3,2,2,3,2 ks=0,0,0,0,89,152,0,113,0,255,0,0,0,0,0,91,0,88,0,171,0,0,0,0,0,0,0,0,0,0,0,0,0,0,0,0,0,0,0,0,0,0,0,0,0,0,0,0,0,0,0,0,0,0,0,253,0,0,6,0,0,0,0,0
00901 features=217 size=8 p=1 tap=54 reset=false scheme=3 ops=1,3,3,2,3,3,3,1,3,3,3,3,3,3,3,1,3,3,3,3,3,3,3,3,3,3,3,1,1,3,3,1,1,3,3,1,1,3,3,3,3,3,3,1,3,3,3,1,3,1,3,3,1,3,1,1,3,1,3,3,3,3,3,1 ks=0,0,1,0,0,0,0,0,0,0,0,0,0,0,0,0,0,0,0,167,0,0,0,0,0,0,0,0,0,0,0,0,0,116,0,0,0,4,0,0,0,4,0,0,0,0,0,0,0,0,0,0,0,252,0,0,0,0,0,0,30,2,0,0
00902 features=359 size=13 p=5 tap=10 reset=false scheme=3 ops=2,3,3,3,2,3,2,2,3,3,2,3,3,3,3,2,3,3,3,3,2,2,2,3,2,3,2,2,2,3,3,2,3,3,2,2,2,2,2,2,3,3,3,1,3,2,2,2,3,2,3,3,3,3,3,3,3,2,3,3,2,2,3,2 ks=0,0,0,128,0,0,0,0,0,57,0,0,254,86,154,1,0,0,0,171,0,0,0,0,0,0,0,0,0,0,0,0,128,116,0,0,0,0,0,0,0,0,0,16,0,0,0,0,0,234,0,0,0,0,0,0,0,0,191,12,0,0,0,0
00903 features=621 size=13 p=10 tap=16 reset=false scheme=3 ops=2,3,3,3,3,1,3,3,3,3,3,3,3,3,3,1,3,3,3,3,3,2,2,3,2,3,2,2,2,3,3,2,3,3,2,2,2,2,2,3,3,2,3,3,3,2,2,2,3,2,3,3,2,2,2,2,3,2,3,0,2,2,3,2 ks=0,0,0,0,0,0,0,0,128,175,0,0,0,86,154,158,0,88,0,171,0,254,0,0,0,0,3,0,0,0,0,0,53,116,0,0,0,252,0,0,0,0,0,0,0,0,0,0,0,0,0,0,0,0,0,0,0,0,0,0,0,0,2,0
00904 features=278 size=4 p=5 tap=47 reset=false scheme=0 ops=1,3,3,3,1,3,1,3,3,1,2,3,3,3,3,1,3,3,3,3,3,3,1,3,3,3,1,1,1,1,3,1,1,3,1,1,0,0,0,3,3,1,3,0,3,0,1,1,3,1,3,3,2,1,3,1,3,1,3,3,3,1,3,3 ks=4,0,0,0,0,0,0,0,0,0,0,0,0,0,0,0,0,0,0,171,0,0,0,0,0,0,0,0,0,0,0,0,128,116,0,0,0,0,0,0,0,0,0,0,0,0,0,0,0,0,0,0,0,0,0,0,0,0,0,0,0,0,0,0
00905 features=715 size=9 p=5 tap=47 reset=true scheme=3 ops=2,0,3,3,3,3,3,3,3,3,3,0,3,3,3,2,3,3,3,3,2,0,2,3,2,2,2,2,2,3,3,2,3,3,2,2,2,2,2,3,3,2,3,3,3,2,2,2,3,1,1,3,3,3,3,1,3,3,3,3,1,2,3,2 ks=0,0,0,0,0,0,0,0,0,0,0,0,0,0,0,91,151,88,0,171,0,0,0,0,0,0,0,0,0,0,0,0,128,116,0,0,0,0,0,0,0,0,0,0,177,0,0,0,0,0,0,0,175,0,0,0,0,0,0,12,0,0,0,0
00906 features=629 size=15 p=1 tap=42 reset=false scheme=3 ops=2,3,3,3,2,3,2,3,3,3,3,0,3,3,3,2,3,3,3,3,2,0,2,3,2,2,2,2,2,3,3,2,3,3,2,2,2,2,2,3,3,2,3,3,3,2,2,2,2,2,3,2,2,2,2,2,3,2,3,3,2,2,3,2 ks=0,0,0,128,0,0,0,0,0,175,0,0,0,0,0,91,151,92,0,171,0,0,0,0,0,8,0,0,0,0,0,0,128,116,0,0,0,0,0,0,0,0,0,0,0,0,98,0,0,0,0,0,0,0,1,0,127,0,128,76,0,128,0,0
00907 features=747 size=5 p=10 tap=46 reset=true scheme=2 ops=0,3,3,3,3,3,3,1,3,3,3,3,3,3,3,3,3,3,3,3,3,1,3,3,3,3,3,3,3,3,3,1,1,3,1,2,2,1,3,1,3,1,3,1,3,3,1,3,3,1,3,3,1,3,3,1,3,1,3,3,3,3,3,1 ks=0,0,0,0,0,0,0,0,0,0,0,0,0,0,0,0,0,0,0,171,0,0,0,0,0,0,0,0,0,0,0,0,134,118,0,0,0,127,0,0,0,0,0,0,0,26,0,0,0,0,0,0,0,0,0,0,0,0,0,0,0,0,0,0
00908 features=795 size=14 p=1 tap=42 reset=true scheme=3 ops=2,3,3,3,2,3,2,3,3,3,3,0,3,3,3,2,3,3,3,3,2,0,2,3,2,2,2,2,2,3,3,2,3,3,2,2,2,2,2,3,3,2,3,3,3,2,2,2,2,2,3,2,2,2,2,2,3,2,3,3,2,2,3,2 ks=0,0,0,128,0,0,0,0,0,175,0,0,0,0,0,91,151,92,2,171,0,0,0,0,0,0,0,0,0,0,0,0,128,116,0,0,0,0,253,0,0,0,0,0,0,0,98,0,0,0,0,0,0,0,0,0,127,0,128,76,0,0,0,0
00909 features=291 size=14 p=1 tap=41 reset=false scheme=0 ops=1,3,3,3,3,3,1,3,1,1,3,1,1,3,3,3,3,3,3,1,1,1,3,3,3,3,3,1,3,3,3,1,1,3,1,1,0,0,0,3,3,0,3,3,3,3,0,0,1,1,1,3,3,3,3,1,3,3,3,3,1,1,3,1 ks=0,0,0,0,0,128,0,0,0,0,0,0,11,0,154,0,208,91,0,171,0,0,0,64,0,0,0,0,0,0,0,0,128,116,0,0,0,0,0,0,0,0,0,0,0,0,0,0,0,0,0,0,175,0,0,0,0,2,191,12,0,0,0,254
00910 features=555 size=7 p=1 tap=49 reset=true scheme=3 ops=2,3,3,3,3,3,3,3,3,2,2,3,3,1,3,0,3,3,3,3,0,0,3,3,3,3,3,2,2,3,3,2,3,3,2,1,2,2,2,3,3,2,3,2,3,2,2,2,3,2,3,3,2,2,2,2,3,1,3,3,3,2,3,2 ks=0,0,0,0,0,0,0,0,0,0,0,0,0,0,0,0,0,0,253,0,0,0,0,0,0,0,0,0,0,0,0,32,0,116,0,0,0,0,127,2,0,4,0,0,0,0,0,32,0,0,0,0,0,0,0,0,0,0,0,0,0,0,0,0
00911 features=169 size=1 p=5 tap=41 reset=false scheme=3 ops=1,3,1,3,1,1,1,1,1,1,1,1,1,1,1,1,1,3,1,1,3,1,3,1,1,3,1,1,1,1,3,3,1,1,1,3,3,3,1,1,1,1,1,3,1,1,1,3,3,1,3,3,1,3,3,1,1,1,1,3,3,3,1,1 ks=0,0,0,0,0,0,0,0,0,0,0,0,0,0,0,0,0,0,0,0,0,0,0,0,0,0,0,0,0,0,0,0,0,0,0,0,0,0,0,0,0,0,0,0,0,0,0,0,0,0,0,0,0,0,0,0,0,0,0,246,0,0,0,0
00912 features=640 size=14 p=5 tap=41 reset=true scheme=0 ops=1,3,3,3,3,3,1,3,1,3,3,1,3,3,2,3,1,3,3,1,1,1,3,3,3,1,3,1,0,3,3,1,1,2,3,1,0,0,3,1,1,3,3,3,3,2,2,2,3,2,3,3,2,2,2,0,3,2,3,3,1,1,3,2 ks=0,0,0,0,0,152,0,0,0,0,0,0,0,0,154,91,208,91,0,171,0,0,1,64,0,0,0,124,0,0,0,0,128,116,0,0,0,0,0,0,128,0,115,0,0,0,0,0,255,0,0,0,0,0,0,0,0,0,0,0,0,0,0,0
00913 features=318 size=13 p=5 tap=41 reset=false scheme=2 ops=3,3,3,3,3,3,3,3,0,3,3,0,3,3,3,3,3,3,3,0,3,0,3,3,3,3,3,0,3,3,3,0,0,1,3,0,0,3,3,0,3,3,3,3,3,0,0,3,3,3,3,3,0,3,3,0,3,0,3,3,3,0,3,3 ks=0,0,0,0,0,152,0,0,0,0,0,0,0,0,154,91,208,91,0,171,0,0,0,64,0,0,0,124,0,0,0,0,128,119,0,0,0,0,0,0,128,0,142,0,0,0,0,0,255,0,0,0,0,0,0,0,0,0,0,0,0,0,0,0
00914 features=292 size=12 p=10 tap=10 reset=false scheme=1 ops=0,3,3,3,3,3,3,0,3,3,3,3,3,3,3,0,3,3,3,0,0,0,0,3,0,3,0,0,3,3,3,0,0,3,3,3,3,3,3,3,3,3,3,0,3,3,0,0,3,3,3,3,3,3,3,3,3,3,3,3,3,0,3,3 ks=0,0,0,252,0,0,0,0,0,57,0,0,0,86,154,91,12,0,0,0,0,0,0,0,2,0,199,0,0,255,0,0,0,0,4,0,0,0,0,0,32,0,0,0,0,0,0,0,0,0,0,0,0,0,0,0,0,0,0,12,0,0,0,0
00915 features=492 size=3 p=1 tap=41 reset=false scheme=2 ops=2,3,3,3,0,3,2,2,3,3,3,3,3,3,3,2,3,3,3,3,2,0,2,3,3,3,2,1,2,0,3,0,0,3,1,0,0,2,2,2,3,2,3,3,3,2,2,2,3,2,3,3,3,2,2,0,3,2,3,3,2,2,3,2 ks=0,0,0,0,0,0,0,0,0,0,0,0,0,0,0,0,0,0,17,152,0,0,0,0,0,0,0,0,0,0,0,0,0,112,0,0,0,0,0,0,0,0,0,0,0,0,0,0,0,0,0,0,0,0,0,0,0,0,0,0,0,0,0,0
00916 features=412 size=11 p=10 tap=41 reset=false scheme=0 ops=3,3,1,3,0,0,1,0,3,1,0,0,3,3,1,0,3,3,0,1,1,1,3,3,3,3,1,0,0,3,3,0,0,3,1,3,1,1,0,3,3,0,3,3,3,0,0,1,3,0,3,3,3,1,1,1,3,0,3,3,1,0,3,1 ks=0,0,0,0,89,216,0,0,0,0,0,0,0,0,154,0,0,0,0,171,0,0,0,96,0,0,0,0,0,0,0,247,0,116,0,2,0,0,0,0,0,0,0,0,0,0,0,0,0,0,0,0,0,0,0,0,2,0,220,12,0,0,0,0
00917 features=617 size=11 p=10 tap=41 reset=true scheme=0 ops=1,3,3,3,3,3,1,1,1,3,1,1,3,3,3,2,3,3,3,3,1,1,3,3,3,3,3,1,0,3,3,1,1,3,3,1,0,1,3,1,1,3,3,3,3,2,2,2,3,2,3,3,2,2,2,0,3,2,3,3,1,1,3,3 ks=0,0,2,0,0,0,0,0,0,0,0,0,0,0,0,0,0,0,0,152,0,0,0,64,0,0,0,124,0,0,0,197,128,116,0,0,0,0,0,0,128,4,142,0,0,0,0,0,255,0,0,0,0,0,0,0,0,0,0,0,0,0,0,0
00918 features=372 size=16 p=1 tap=41 reset=false scheme=2 ops=1,3,3,3,3,3,0,3,1,1,3,1,3,3,3,3,3,3,3,1,1,1,3,3,3,1,3,1,3,3,3,1,1,3,3,1,1,1,3,1,1,3,3,3,3,3,1,3,3,1,1,3,3,3,2,3,3,2,3,3,2,2,3,2 ks=0,0,0,0,0,152,0,0,0,0,0,0,0,0,154,91,208,91,0,171,0,0,0,64,231,0,0,0,0,0,0,0,128,116,0,0,0,0,0,0,128,0,1,0,0,110,127,112,0,0,0,0,175,0,0,0,0,0,0,0,0,0,0,0
00919 features=497 size=16 p=5 tap=41 reset=false scheme=2 ops=2,3,3,3,3,3,2,2,3,3,2,3,3,3,3,2,3,3,3,3,2,1,3,3,3,3,2,2,2,2,3,2,3,3,2,2,2,2,2,2,3,2,3,3,3,2,2,2,3,2,3,3,2,2,2,2,3,2,3,3,1,1,1,3 ks=134,0,0,254,0,0,255,113,0,57,0,0,0,86,154,91,0,91,66,171,0,0,0,0,0,0,0,0,0,0,0,0,129,198,0,0,0,0,0,0,1,0,0,0,0,0,0,0,0,0,0,0,0,3,0,0,0,0,0,12,0,0,0,0
00920 features=643 size=8 p=5 tap=41 reset=false scheme=4 ops=2,3,3,3,0,3,2,2,3,3,0,3,3,3,3,2,3,3,3,3,0,2,2,3,0,3,2,1,2,3,3,0,0,1,2,3,2,2,2,2,3,2,3,0,2,2,2,2,3,2,3,3,2,2,2,2,3,2,3,3,2,2,3,2 ks=0,0,0,0,0,0,0,0,0,0,0,0,0,0,0,0,0,0,1,152,0,64,0,0,0,0,0,0,0,0,0,156,128,114,0,0,0,0,0,0,0,253,0,0,0,0,0,0,0,0,0,1,0,0,0,0,0,0,0,0,0,0,0,0
00921 features=538 size=13 p=5 tap=41 reset=true scheme=2 ops=1,3,3,3,3,3,1,3,1,1,3,1,3,3,3,3,3,3,3,1,1,1,3,3,3,3,3,1,3,3,3,1,1,3,3,1,1,1,3,1,3,3,3,3,3,3,1,3,3,1,1,3,3,3,3,1,3,3,3,3,1,1,3,3 ks=0,0,0,0,0,152,0,0,0,0,0,0,0,0,154,219,0,91,0,171,0,0,0,64,0,0,0,0,0,0,0,0,128,60,0,0,0,0,0,0,0,0,0,0,0,0,128,112,0,0,0,0,0,0,0,0,0,0,191,12,0,0,200,0
00922 features=415 size=16 p=5 tap=10 reset=false scheme=3 ops=2,3,3,3,2,3,2,2,3,3,2,3,3,3,3,2,3,3,3,3,2,2,2,3,2,3,2,2,2,3,3,2,3,3,2,2,2,2,2,2,3,3,0,0,3,2,2,2,3,3,3,3,3,3,3,3,3,2,2,3,2,2,3,2 ks=16,0,0,128,0,0,0,0,0,57,0,0,0,86,154,91,12,0,0,171,0,0,0,0,0,0,0,0,0,0,0,0,128,105,0,0,0,2,0,0,0,0,0,16,0,0,151,0,0,0,0,0,0,0,0,0,0,165,191,12,0,0,0,0
00923 features=267 size=4 p=5 tap=47 reset=false scheme=2 ops=1,3,3,3,1,3,1,3,3,1,2,3,3,3,3,1,3,3,3,3,3,3,1,3,3,3,1,1,1,1,3,1,1,3,1,1,0,0,0,3,3,1,3,0,3,0,1,1,3,1,3,3,2,1,3,1,3,1,3,3,3,1,3,3 ks=4,0,0,0,0,0,0,0,0,0,0,0,0,0,0,0,0,0,0,171,0,0,0,0,0,0,0,0,0,0,0,0,128,116,0,0,0,0,0,0,0,0,0,0,0,0,0,0,0,0,0,0,0,0,0,0,0,0,0,0,0,0,0,0
00924 features=705 size=17 p=5 tap=10 reset=false scheme=3 ops=2,3,3,3,2,3,2,2,3,3,2,3,3,3,3,1,3,3,3,1,1,3,2,3,1,3,2,2,2,3,3,0,3,3,2,2,2,2,2,2,3,1,3,0,3,2,2,2,3,1,1,3,3,3,3,1,3,3,3,3,1,1,3,2 ks=0,0,0,2,0,0,0,0,0,57,0,0,0,86,154,91,212,4,254,171,0,0,0,0,0,0,0,0,0,0,0,0,128,116,0,0,0,0,0,0,0,0,0,0,0,0,0,0,0,128,2,0,175,0,0,0,0,0,191,12,0,0,0,254
00925 features=960 size=2 p=2 tap=6 reset=true scheme=4 ops=2,3,3,3,2,3,2,2,3,3,3,3,3,3,3,2,3,3,3,3,2,2,2,3,3,3,2,3,2,3,3,2,2,2,1,1,1,2,2,2,3,2,3,3,3,2,2,2,3,2,3,3,2,2,2,3,3,2,3,3,2,2,3,2 ks=0,0,0,0,0,152,252,0,0,0,0,0,0,0,0,0,0,0,0,0,0,0,0,0,0,0,0,0,0,0,0,0,0,0,0,0,0,0,0,0,0,0,0,0,0,0,0,0,0,0,0,0,0,0,0,0,0,0,0,0,0,0,0,0
00926 features=811 size=6 p=1 tap=10 reset=true scheme=1 ops=2,3,3,3,2,3,2,2,3,3,2,3,3,3,3,2,3,3,3,1,2,2,2,3,2,3,1,2,2,3,3,2,3,3,2,2,2,2,2,2,3,3,3,2,3,2,2,2,3,2,3,3,3,3,3,3,3,1,3,3,2,2,3,2 ks=0,0,0,252,0,0,0,0,0,0,0,0,0,86,154,91,12,128,0,0,0,0,0,0,0,0,0,0,0,0,0,0,0,0,0,0,0,0,0,0,0,0,0,0,0,0,0,0,0,0,0,0,0,0,0,0,0,0,0,0,0,0,0,0
00927 features=317 size=2 p=5 tap=41 reset=true scheme=3 ops=1,2,1,3,1,1,1,1,1,1,1,1,1,1,1,1,1,2,2,1,1,1,2,1,1,3,1,1,1,1,3,3,1,1,1,3,3,3,2,1,1,1,1,3,1,1,1,0,3,1,3,3,1,0,3,1,2,1,1,3,3,3,1,1 ks=0,0,0,0,0,0,0,0,0,0,0,0,0,0,0,0,0,0,0,0,0,0,0,0,0,0,0,0,0,255,0,0,0,0,0,0,0,0,0,0,0,0,0,0,0,0,0,0,0,0,0,0,0,0,0,0,0,0,0,246,0,0,0,0
00928 features=380 size=12 p=5 tap=10 reset=false scheme=0 ops=2,3,3,3,2,3,2,2,3,3,2,3,3,3,3,1,3,3,3,3,2,2,2,3,2,3,2,2,2,3,3,2,3,3,2,2,2,2,2,2,3,3,0,0,3,2,2,2,3,2,3,3,3,3,3,3,3,2,3,3,2,2,3,2 ks=67,0,0,128,0,0,0,0,0,57,0,0,254,86,154,253,0,0,0,0,0,0,0,0,0,0,0,0,0,0,0,0,128,116,0,0,0,0,0,0,0,0,0,16,0,0,0,0,0,0,0,0,0,0,0,0,0,0,191,12,0,0,0,0
00929 features=621 size=9 p=5 tap=41 reset=false scheme=2 ops=2,3,3,3,3,3,3,3,1,1,3,1,3,2,3,2,3,3,3,3,2,2,2,3,3,3,2,2,2,3,3,0,3,3,2,2,2,2,1,3,3,2,3,3,3,2,2,2,3,2,3,3,2,2,2,2,3,2,3,3,2,2,3,2 ks=0,0,0,0,0,0,0,0,0,0,0,0,0,0,0,0,0,88,210,172,0,0,0,0,0,0,0,0,0,0,0,0,53,205,0,0,0,0,0,0,0,0,0,0,0,0,0,0,2,0,0,0,0,0,0,0,0,0,191,12,0,0,128,0
00930 features=363 size=6 p=2 tap=59 reset=false scheme=2 ops=0,3,3,3,0,3,1,3,3,2,2,3,3,3,3,0,3,3,3,3,0,0,3,3,3,3,3,0,3,3,3,0,0,3,0,0,0,3,3,0,3,0,3,3,3,0,2,2,3,2,3,3,2,2,2,3,3,0,3,3,3,3,3,0 ks=0,0,0,0,6,152,0,0,0,0,0,0,0,0,0,0,0,0,253,0,0,0,0,0,0,0,0,0,0,0,0,0,0,0,0,0,0,0,0,0,0,0,0,0,0,0,0,0,0,0,0,0,0,0,0,0,0,146,191,12,0,0,0,0
00931 features=318 size=1 p=5 tap=15 reset=true scheme=3 ops=1,2,1,3,1,1,1,1,1,1,1,1,1,1,1,1,1,2,2,1,1,1,2,1,1,3,1,1,1,1,3,3,1,1,1,3,3,3,2,1,1,1,1,3,1,1,1,0,3,1,3,3,1,0,3,1,2,1,1,3,3,3,1,1 ks=0,0,0,0,0,0,0,0,0,0,0,0,0,0,0,0,0,0,0,0,0,0,0,0,0,0,0,0,0,0,0,0,0,0,0,0,0,0,0,0,0,0,0,0,0,0,0,0,0,0,0,0,0,0,0,0,0,0,0,246,0,0,0,0
00932 features=829 size=8 p=1 tap=42 reset=true scheme=3 ops=2,3,3,3,3,3,3,3,3,3,3,0,3,3,3,2,3,3,3,3,2,0,2,3,2,2,2,2,2,3,3,2,3,3,2,2,2,1,2,3,3,2,3,3,3,2,2,0,2,2,3,2,2,2,2,2,3,2,3,3,2,2,3,2 ks=0,0,0,0,0,0,0,0,8,175,0,0,0,0,0,91,0,92,0,171,0,0,0,0,0,0,0,0,0,0,0,0,128,116,0,0,0,0,0,0,0,0,0,0,0,0,0,0,0,0,0,0,0,0,0,0,0,0,0,0,0,0,127,0
00933 features=726 size=18 p=5 tap=10 reset=true scheme=3 ops=2,3,3,3,2,3,2,2,3,3,2,3,3,3,3,3,3,3,3,1,1,1,2,3,1,3,2,2,2,3,2,0,3,3,2,2,2,2,3,1,1,3,3,0,3,2,2,2,3,1,1,3,3,3,3,1,3,3,3,3,1,1,3,2 ks=0,0,0,253,0,0,0,0,0,0,0,0,0,86,154,91,212,0,0,171,0,0,0,0,0,0,0,0,0,0,0,0,128,116,0,0,0,0,0,0,128,0,142,0,0,2,4,0,0,128,0,0,175,0,0,0,0,0,191,12,0,0,200,254
00934 features=709 size=10 p=5 tap=41 reset=false scheme=4 ops=3,3,3,3,0,3,2,2,3,3,0,3,3,3,3,2,3,3,3,3,2,2,2,3,0,3,2,1,2,3,3,0,0,1,2,3,2,2,2,2,3,2,3,0,2,2,2,2,3,2,3,3,2,3,2,0,3,2,3,3,2,2,3,2 ks=0,111,0,0,0,0,0,0,0,0,0,0,0,0,255,0,170,0,0,152,16,0,0,0,0,0,0,0,0,0,0,156,128,114,0,0,0,0,0,0,0,253,0,0,0,0,0,0,0,0,0,1,0,0,0,0,0,0,0,0,0,0,0,0
00935 features=876 size=9 p=5 tap=41 reset=true scheme=2 ops=2,3,3,2,1,3,2,2,3,2,2,3,3,3,3,2,3,3,3,3,2,2,1,3,3,3,2,3,2,3,3,0,0,3,2,2,2,1,2,3,3,2,3,3,3,2,2,2,3,2,3,3,2,2,2,2,3,2,3,3,1,2,3,2 ks=0,0,0,0,0,0,0,254,0,0,0,0,0,0,154,0,0,91,0,171,0,0,0,0,0,0,0,0,0,0,4,29,178,116,0,0,0,0,0,0,0,4,0,0,0,0,0,0,0,0,0,0,0,0,0,0,0,0,0,0,0,0,0,0
00936 features=803 size=31 p=10 tap=27 reset=true scheme=0 ops=1,3,3,3,3,1,3,3,3,3,1,3,3,3,3,1,3,3,0,3,3,1,1,3,3,3,3,1,1,3,3,3,1,3,1,3,1,3,1,1,3,1,3,3,3,1,3,3,3,1,2,3,3,3,3,1,3,1,3,3,1,1,3,1 ks=0,0,0,0,89,152,0,1,0,0,77,0,0,86,154,91,0,91,0,171,0,0,0,3,254,0,161,124,82,0,0,0,128,116,206,0,158,87,0,0,0,254,142,0,0,110,0,96,171,0,0,0,175,0,172,198,0,0,191,12,0,0,200,28
00937 features=576 size=14 p=5 tap=10 reset=false scheme=3 ops=2,3,3,3,2,3,2,2,3,3,2,3,3,3,3,1,3,3,3,1,1,1,2,3,1,3,2,2,2,3,3,0,3,3,2,2,2,2,2,2,3,1,3,0,3,2,2,2,3,1,1,3,3,3,3,1,3,3,3,3,1,1,3,2 ks=0,0,0,252,127,0,0,0,0,57,0,0,0,86,154,91,212,0,0,171,0,0,0,0,0,0,0,0,0,0,0,0,128,116,0,0,0,0,0,0,0,0,0,0,0,0,0,0,0,113,0,0,0,0,0,0,0,0,191,12,0,0,200,0
00938 features=493 size=7 p=5 tap=16 reset=false scheme=0 ops=2,3,3,3,3,1,3,3,3,3,2,3,3,3,3,2,3,3,3,3,2,2,2,3,2,3,2,2,2,3,3,2,3,3,2,2,2,2,2,3,3,2,3,3,3,2,2,2,3,0,3,3,2,2,2,2,3,2,3,0,2,2,0,2 ks=0,0,0,0,0,0,0,0,128,57,0,0,0,86,154,91,0,0,0,171,0,0,0,0,0,0,0,0,0,0,0,0,0,0,0,0,0,0,0,0,0,0,0,0,0,0,0,0,0,0,0,0,0,0,0,0,0,0,0,233,0,0,0,0
00939 features=198 size=11 p=5 tap=41 reset=false scheme=2 ops=3,3,3,1,1,3,1,3,3,3,1,3,3,3,2,1,3,3,3,2,1,3,3,3,3,3,1,1,3,3,3,1,1,3,1,3,3,1,0,1,3,1,3,3,3,3,1,3,3,1,3,3,1,1,1,3,3,3,1,3,3,1,3,1 ks=0,0,0,0,0,0,0,0,0,0,0,0,0,0,154,91,0,91,0,171,0,0,0,0,0,0,0,0,0,0,4,0,134,116,0,0,0,2,0,0,0,0,0,0,0,0,228,0,0,0,0,0,0,0,0,0,0,0,64,0,0,0,0,156
00940 features=387 size=14 p=1 tap=33 reset=false scheme=2 ops=1,3,3,3,3,3,1,3,1,3,3,1,3,3,3,3,3,3,3,1,3,1,3,3,3,3,0,1,3,3,3,1,1,3,3,1,1,1,3,0,1,3,1,0,3,2,2,2,3,3,1,3,3,3,3,1,3,3,3,3,1,2,1,3 ks=0,0,0,0,0,152,0,136,0,0,0,0,0,0,154,91,208,91,0,171,0,0,0,64,0,2,0,0,0,0,0,8,114,113,0,0,0,0,0,0,0,0,0,0,0,0,0,0,0,0,0,0,255,0,0,0,0,0,0,12,0,0,0,0
00941 features=459 size=7 p=5 tap=41 reset=false scheme=2 ops=2,3,3,3,0,3,2,2,1,3,3,3,3,3,3,2,3,3,3,3,2,2,2,3,3,3,2,1,2,0,3,0,0,3,1,0,0,2,2,2,3,2,3,3,3,2,2,2,3,2,3,3,3,2,2,0,3,2,3,3,3,2,3,2 ks=0,0,0,0,0,0,0,0,0,0,0,0,0,0,152,91,0,91,0,171,0,0,0,0,0,0,0,0,0,0,0,221,0,112,0,0,0,0,0,0,0,0,0,0,0,0,0,8,0,0,0,0,0,0,0,0,0,0,0,0,0,0,0,0
00942 features=724 size=13 p=5 tap=41 reset=false scheme=4 ops=2,3,3,3,0,3,2,2,3,2,2,3,3,3,3,2,3,3,3,3,1,2,2,3,3,3,2,2,2,2,3,2,3,3,2,2,0,2,2,2,3,2,3,3,3,2,2,2,3,2,3,3,2,2,2,2,1,2,3,3,2,2,3,2 ks=0,0,0,0,0,0,218,0,0,0,0,225,0,86,154,0,64,91,66,171,0,0,0,0,0,0,0,0,0,0,0,0,129,198,0,0,0,0,0,0,0,255,0,128,0,0,0,79,0,0,0,0,0,0,0,0,0,0,0,0,0,0,0,0
00943 features=235 size=10 p=1 tap=41 reset=false scheme=2 ops=3,3,3,1,1,3,0,3,3,3,1,3,3,3,3,1,3,3,3,3,1,3,3,3,3,3,1,1,3,3,2,3,1,3,1,3,3,1,1,1,3,1,3,3,3,3,1,3,3,1,3,3,1,1,1,3,3,3,3,3,3,1,3,1 ks=0,0,0,0,0,0,0,0,0,0,0,0,0,0,0,91,0,58,0,171,0,0,0,0,0,0,0,0,1,0,4,0,134,116,0,0,0,2,0,0,0,0,0,0,0,0,0,0,0,0,0,0,0,0,0,0,0,0,64,0,0,0,0,156
00944 features=776 size=14 p=10 tap=10 reset=true scheme=3 ops=2,3,3,3,2,3,2,2,3,3,2,3,3,3,3,2,3,3,3,0,2,2,2,3,3,3,2,2,2,3,3,2,3,3,2,2,2,2,2,2,3,3,0,0,3,2,2,2,3,2,3,3,3,3,3,3,3,2,3,3,2,2,3,2 ks=0,0,216,236,2,2,0,0,0,57,0,0,0,86,154,87,12,0,0,171,0,0,0,0,0,0,0,0,0,0,0,0,128,116,0,0,0,0,0,0,0,0,0,34,0,0,0,0,0,0,0,0,0,0,0,0,0,0,191,0,0,0,0,0
00945 features=732 size=15 p=10 tap=41 reset=true scheme=2 ops=2,1,3,3,3,3,2,3,3,3,3,3,3,3,3,3,3,3,3,2,2,2,3,3,3,3,3,1,2,3,3,2,2,3,3,3,2,2,3,3,2,3,3,3,3,2,2,2,3,2,3,3,2,2,2,2,3,3,3,3,1,1,3,3 ks=0,0,0,0,0,152,0,0,0,0,0,0,0,0,154,0,0,0,0,171,0,0,0,0,0,8,0,0,0,17,0,0,128,116,0,0,16,0,0,0,127,0,142,0,0,0,0,0,255,0,0,0,0,0,0,0,0,0,191,12,0,0,200,28
00946 features=824 size=13 p=1 tap=42 reset=true scheme=3 ops=2,3,3,3,3,3,3,3,3,3,3,0,3,3,3,2,3,3,3,3,2,0,2,3,2,2,2,2,2,3,3,2,3,3,2,2,2,2,2,3,3,2,2,3,3,2,2,0,3,0,2,0,2,2,2,2,1,2,3,3,2,2,0,2 ks=0,0,0,0,0,0,0,0,0,175,0,0,45,0,0,54,151,92,0,171,0,0,0,0,0,0,0,0,0,0,0,0,128,116,0,0,0,0,0,0,0,0,0,0,0,0,0,0,0,0,254,0,0,0,0,0,127,4,128,76,0,0,0,0
00947 features=580 size=13 p=1 tap=54 reset=true scheme=3 ops=1,3,1,3,2,3,2,3,1,3,2,3,3,3,3,1,3,3,3,1,1,3,3,3,3,3,1,1,2,3,3,1,2,3,2,1,2,2,2,2,3,1,3,2,3,2,2,3,3,2,3,3,1,3,1,1,3,1,3,3,3,3,3,1 ks=0,0,0,246,0,0,0,0,0,156,0,2,0,86,154,91,212,0,0,171,0,0,0,0,1,0,0,0,0,0,0,0,128,116,0,0,0,0,0,0,0,0,0,0,0,0,0,0,0,0,0,0,0,0,2,0,0,0,0,0,0,2,0,0
00948 features=295 size=12 p=5 tap=11 reset=false scheme=2 ops=1,3,3,3,3,3,1,3,1,1,2,1,1,3,3,3,3,3,3,1,1,1,3,3,3,3,2,2,2,3,3,1,1,3,1,1,0,2,0,2,3,2,3,3,2,3,0,0,3,1,1,3,3,3,3,1,3,3,3,3,1,1,3,3 ks=0,0,0,0,0,128,0,0,0,0,0,8,0,0,154,0,127,91,0,171,0,0,0,64,0,0,0,0,0,0,0,0,0,0,0,0,0,0,0,0,0,0,0,0,0,0,0,0,0,0,0,0,0,0,0,0,0,1,191,12,0,0,200,28
00949 features=819 size=6 p=2 tap=41 reset=true scheme=2 ops=2,3,3,3,0,3,1,1,0,0,0,0,0,1,3,2,3,3,3,3,2,2,2,3,3,3,2,2,2,3,3,1,1,3,2,2,0,2,2,2,3,1,3,0,3,2,2,2,3,2,3,2,2,2,2,2,3,2,3,3,2,2,3,2 ks=0,0,0,0,0,0,0,0,0,0,0,0,0,0,0,0,0,0,0,171,0,0,253,0,0,0,0,0,0,0,0,0,128,116,0,0,0,0,0,51,0,52,0,0,0,0,0,0,0,0,0,0,0,0,0,0,0,0,0,0,0,0,0,0
00950 features=216 size=13 p=2 tap=41 reset=false scheme=2 ops=3,3,3,1,1,3,1,3,3,3,1,3,3,3,3,1,3,3,3,3,1,3,3,3,3,3,1,1,3,3,3,1,1,3,1,3,3,1,1,1,3,1,3,3,3,3,1,3,3,1,3,3,3,1,1,3,3,3,3,3,3,1,3,1 ks=0,0,0,0,0,0,0,0,0,0,0,0,0,0,154,91,0,91,0,171,64,0,0,0,0,4,0,0,0,0,4,0,134,116,0,66,0,2,0,0,0,0,0,0,0,0,0,140,0,0,0,0,0,0,0,0,0,0,0,0,0,1,0,0
00951 features=198 size=15 p=2 tap=41 reset=false scheme=1 ops=1,3,3,3,3,3,1,3,1,1,3,1,1,3,3,3,3,3,3,1,1,1,3,3,3,3,3,1,3,3,3,1,1,3,1,1,3,3,1,3,3,1,3,3,3,3,3,3,1,1,1,3,3,3,3,1,3,3,3,3,1,1,3,3 ks=0,0,0,0,0,128,0,0,0,0,0,0,0,189,154,0,208,91,0,171,0,0,0,72,0,0,0,0,0,0,0,0,128,116,0,0,0,0,0,0,0,4,0,0,0,0,0,0,0,0,0,0,175,0,0,0,0,0,191,12,0,0,200,28
00952 features=506 size=17 p=10 tap=33 reset=false scheme=2 ops=1,3,3,3,0,3,1,3,1,1,3,0,0,3,3,3,3,3,3,1,3,1,3,3,3,3,0,1,3,3,3,2,0,3,3,1,1,1,3,0,1,3,1,3,3,2,2,2,3,3,3,3,3,3,2,1,3,3,3,3,1,1,1,3 ks=0,0,0,0,0,152,0,0,0,0,0,0,0,0,154,91,208,89,2,171,0,8,0,64,0,0,0,0,0,0,0,24,163,116,0,0,0,0,0,0,0,0,0,255,0,0,0,0,0,253,0,0,0,0,0,0,0,0,0,12,0,0,200,28
00953 features=887 size=4 p=2 tap=41 reset=true scheme=2 ops=2,3,1,3,2,3,2,2,1,3,2,2,3,3,3,2,2,3,3,3,2,2,0,3,2,2,2,2,2,2,3,2,3,3,1,0,0,2,2,2,3,2,3,3,3,3,2,2,3,2,3,3,2,3,2,3,3,2,3,3,2,2,3,2 ks=0,0,0,0,0,0,0,0,0,0,0,0,0,0,0,0,0,0,0,171,0,0,0,0,0,0,0,0,0,0,252,0,129,116,0,0,0,0,0,0,0,0,0,0,0,0,0,0,0,0,0,0,0,0,0,0,0,0,0,0,0,0,0,0
00954 features=623 size=6 p=1 tap=41 reset=false scheme=3 ops=2,3,3,3,2,3,2,2,3,3,2,3,3,3,3,2,3,3,3,3,0,0,2,3,2,2,2,2,2,3,3,2,3,3,2,2,2,2,2,3,3,2,3,2,3,2,2,2,3,2,3,3,2,2,2,3,3,2,3,3,2,2,3,2 ks=0,0,0,0,0,0,0,0,0,0,0,0,0,0,0,0,0,0,0,167,0,0,0,0,0,0,0,0,0,0,0,32,53,116,0,0,0,0,0,0,255,21,0,0,0,0,0,0,0,0,0,0,0,0,0,0,0,0,0,0,0,0,0,0
00955 features=233 size=3 p=5 tap=41 reset=false scheme=3 ops=1,2,1,3,1,1,1,1,1,1,1,1,1,1,1,1,1,2,2,1,1,1,2,1,1,3,1,1,1,1,3,3,1,1,1,3,3,3,2,1,1,1,1,3,1,1,1,0,3,1,3,3,1,0,3,1,2,1,1,3,3,3,1,1 ks=0,0,0,0,0,0,0,0,0,0,0,0,0,0,0,0,0,0,0,0,0,0,0,0,0,0,0,0,0,0,0,0,0,0,0,0,0,0,0,0,0,32,0,0,0,0,0,0,0,0,0,0,0,254,0,0,0,0,0,246,0,0,0,0
00956 features=330 size=4 p=5 tap=41 reset=true scheme=3 ops=1,2,1,3,1,1,1,1,1,1,1,1,1,1,3,2,3,3,2,1,1,1,2,1,1,3,1,1,1,1,3,3,1,1,1,3,3,3,2,1,1,1,1,3,1,1,1,1,1,1,3,3,1,0,3,1,2,1,1,3,1,3,1,1 ks=0,0,0,0,0,0,0,0,0,0,0,0,0,0,154,91,0,91,0,0,0,0,0,0,0,0,0,0,0,0,0,0,0,0,0,0,0,0,0,0,0,0,0,0,0,0,0,0,0,0,0,0,0,0,0,0,0,0,0,246,0,0,0,0
00957 features=685 size=10 p=5 tap=41 reset=false scheme=4 ops=2,3,3,3,0,3,2,2,3,3,0,3,3,3,3,2,3,3,3,3,0,2,2,3,0,3,2,1,2,3,3,0,0,1,2,3,2,2,2,2,3,2,3,0,2,2,2,2,3,2,3,3,2,2,2,2,3,2,3,3,2,2,3,2 ks=0,0,0,0,0,0,0,0,0,0,0,0,0,0,0,0,0,0,1,152,0,64,0,0,0,0,0,0,0,0,0,156,128,114,0,0,0,0,0,0,0,253,0,0,128,0,0,0,0,0,0,1,0,0,0,0,0,107,0,0,0,0,0,0
00958 features=778 size=11 p=10 tap=41 reset=true scheme=3 ops=2,3,3,3,3,3,3,3,3,3,2,3,3,3,3,2,3,3,3,3,2,2,2,3,2,2,2,2,2,3,3,2,3,3,2,2,2,2,2,3,3,2,3,3,3,2,2,2,3,2,3,3,2,2,2,2,3,2,3,2,2,2,3,2 ks=1,0,0,0,0,0,0,0,0,175,0,225,0,86,154,91,0,88,0,171,0,254,0,0,0,0,0,0,0,0,0,0,53,116,0,0,0,0,0,0,0,0,0,0,0,0,0,0,0,0,0,0,0,0,0,0,0,0,0,0,0,0,0,0
00959 features=637 size=5 p=1 tap=41 reset=false scheme=2 ops=2,3,1,3,2,3,2,3,1,3,2,3,3,3,3,2,3,3,3,3,2,2,2,3,2,2,2,2,2,3,3,2,0,3,2,0,0,2,2,2,3,2,3,3,3,2,2,2,3,2,3,3,2,2,2,2,3,2,3,3,2,2,3,2 ks=0,0,0,0,0,0,0,0,0,0,0,0,0,0,0,0,0,0,255,171,0,0,0,0,0,0,0,0,0,0,54,0,128,2,0,0,0,0,0,0,0,0,0,0,0,0,0,0,0,0,0,0,0,0,0,0,0,0,0,0,0,0,0,0
00960 features=686 size=10 p=2 tap=41 reset=false scheme=4 ops=2,3,3,3,1,3,2,2,3,3,1,3,3,3,3,2,3,3,3,3,2,2,2,3,2,3,2,1,2,3,3,2,2,1,2,3,2,2,2,2,3,2,3,1,2,2,2,2,3,2,3,3,2,3,2,2,3,2,3,3,2,2,3,2 ks=0,0,0,0,0,0,0,0,0,0,0,0,0,0,32,0,0,0,0,152,0,72,0,0,0,0,0,0,0,0,0,156,128,114,0,0,1,0,0,0,0,253,0,0,0,0,0,0,1,0,0,1,0,0,0,0,0,0,0,0,0,0,0,0
00961 features=838 size=11 p=1 tap=42 reset=true scheme=3 ops=2,3,3,3,3,3,3,3,3,3,3,0,3,3,3,2,3,3,3,3,2,0,2,3,2,2,2,2,2,3,3,2,3,3,2,2,2,2,2,3,3,2,3,3,3,2,2,1,2,0,3,2,2,2,2,2,3,2,3,3,2,2,3,2 ks=0,0,0,0,0,4,0,0,0,175,0,0,0,0,0,91,151,88,0,171,0,0,0,0,0,0,0,0,0,0,0,0,128,116,0,0,0,0,0,0,0,0,100,0,177,0,0,0,0,0,0,0,0,0,0,0,0,0,0,76,0,0,0,0
00962 features=438 size=8 p=10 tap=10 reset=false scheme=0 ops=2,3,3,3,3,3,2,2,3,3,2,3,3,3,3,2,3,3,3,3,2,2,2,3,2,3,2,2,2,3,3,2,3,3,2,2,2,2,1,2,3,3,0,0,3,2,2,2,3,2,3,3,3,3,3,3,3,2,3,1,2,2,2,2 ks=0,0,0,0,0,0,0,0,0,57,0,0,254,86,154,0,0,0,0,0,0,0,0,0,0,0,0,0,0,0,0,0,0,116,0,0,0,0,0,0,0,0,0,16,0,0,0,0,0,0,0,0,0,0,0,0,0,0,191,0,0,0,87,0
00963 features=919 size=15 p=5 tap=41 reset=true scheme=5 ops=3,3,0,3,0,3,0,0,3,3,3,3,3,3,3,3,3,3,3,3,0,0,3,3,0,0,3,3,0,3,3,0,0,3,0,0,0,0,0,0,3,0,3,3,3,3,3,0,3,0,3,3,3,3,3,3,0,0,3,0,0,0,3,3 ks=0,0,0,0,0,152,0,0,0,0,0,0,0,0,0,0,254,91,0,171,0,0,0,0,0,0,0,0,0,0,0,18,0,116,0,0,0,0,73,0,0,4,54,0,254,0,0,254,0,0,0,0,41,0,0,0,0,0,128,0,0,0,128,28
00964 features=514 size=5 p=5 tap=41 reset=false scheme=2 ops=2,3,3,3,0,3,2,2,1,3,3,3,3,3,3,2,3,2,3,0,2,2,2,3,3,3,2,1,2,0,3,0,0,3,1,0,0,2,2,2,3,2,3,3,3,2,2,2,3,2,3,3,3,2,2,0,3,2,3,3,2,2,3,2 ks=0,0,0,0,0,0,0,0,0,0,0,0,0,0,152,91,0,0,0,171,0,0,0,0,0,0,0,0,0,0,0,0,0,112,0,0,0,0,0,0,0,133,0,0,0,0,0,0,0,0,0,0,0,0,0,0,0,0,0,0,0,0,0,0
00965 features=358 size=9 p=2 tap=31 reset=false scheme=1 ops=1,3,3,3,3,3,1,3,1,1,3,1,1,3,3,3,3,3,3,1,1,1,3,3,3,3,3,1,3,3,3,1,1,3,2,2,2,2,0,3,3,1,3,3,3,3,0,0,1,1,1,3,3,3,3,1,3,3,3,3,1,1,3,3 ks=0,0,0,0,0,128,0,0,0,0,0,0,0,0,154,0,208,91,0,171,0,0,0,64,0,0,0,0,0,0,0,0,0,0,0,0,0,0,0,0,0,0,0,0,0,0,0,0,0,0,0,0,0,0,0,0,0,0,191,12,0,0,0,28
00966 features=326 size=14 p=5 tap=41 reset=false scheme=2 ops=3,3,3,3,3,3,3,3,0,3,3,0,3,3,3,3,3,3,3,0,3,0,3,3,3,3,3,0,3,3,3,0,0,3,3,0,0,3,3,0,3,3,3,3,3,0,0,3,3,3,3,3,0,3,3,0,3,0,3,3,3,0,3,3 ks=0,0,0,0,0,152,0,0,0,0,0,0,0,0,82,91,208,91,0,171,0,0,0,64,0,0,0,124,0,0,0,0,128,119,0,0,0,0,0,2,128,0,142,0,0,0,0,0,255,0,0,0,0,0,0,0,0,0,0,0,0,0,0,0
00967 features=257 size=15 p=5 tap=41 reset=false scheme=3 ops=1,3,3,3,3,3,1,3,1,1,3,1,1,3,3,3,3,3,3,1,1,1,3,3,3,3,3,1,3,3,3,1,1,3,3,1,0,0,0,3,3,1,3,3,3,3,0,0,1,1,1,3,3,3,3,1,3,3,3,3,1,1,3,3 ks=0,0,0,0,0,128,0,0,0,0,0,0,0,0,154,0,208,91,0,171,0,0,0,64,0,0,0,2,0,0,0,0,128,116,0,0,0,0,0,0,127,0,0,0,0,0,0,0,0,0,0,0,175,0,0,0,0,0,191,14,0,0,200,28
00968 features=520 size=9 p=10 tap=16 reset=false scheme=3 ops=2,3,3,2,3,1,3,3,3,3,3,3,3,3,3,1,3,3,3,3,2,2,2,3,2,3,2,2,2,3,3,2,1,3,3,1,1,3,3,3,3,3,3,1,3,0,2,2,3,2,3,3,2,2,2,2,3,2,3,0,2,2,0,2 ks=0,0,0,0,0,0,0,0,129,175,0,0,0,0,0,91,0,88,0,0,0,0,0,0,254,0,0,0,0,0,0,0,128,116,0,0,0,0,0,0,0,4,0,0,0,0,0,0,0,0,0,0,0,4,0,0,0,0,0,0,0,0,0,0
00969 features=331 size=14 p=2 tap=46 reset=false scheme=2 ops=0,3,3,3,3,3,2,2,3,2,2,3,3,3,3,2,3,3,3,3,2,2,2,3,3,3,2,1,2,3,3,0,1,3,1,2,2,1,3,1,3,1,3,1,3,3,1,3,3,1,3,3,1,3,3,1,3,1,3,3,3,3,3,1 ks=0,32,0,0,0,0,0,0,0,0,0,0,0,0,154,91,0,91,0,171,0,0,0,0,0,4,0,0,0,0,4,29,134,118,0,8,0,127,0,66,0,0,0,0,0,26,0,0,0,0,0,0,0,0,0,0,0,0,0,0,0,0,0,0
00970 features=686 size=10 p=10 tap=41 reset=true scheme=3 ops=3,3,0,3,0,3,3,3,3,0,0,3,3,3,3,0,3,3,3,3,0,0,3,3,3,3,2,1,2,3,3,0,0,3,0,0,3,3,3,0,3,3,3,0,3,3,0,0,3,3,3,3,3,0,3,0,3,0,3,3,0,3,3,3 ks=0,0,0,0,0,0,0,0,0,0,0,0,0,0,1,0,0,0,0,171,0,0,0,64,0,0,0,0,0,1,0,0,134,116,0,0,0,0,0,0,64,0,0,0,0,0,0,0,0,0,0,0,0,0,0,0,0,2,191,0,4,0,0,0
00971 features=790 size=13 p=1 tap=42 reset=true scheme=3 ops=2,3,3,3,3,3,3,3,3,3,3,0,3,3,3,2,3,3,3,3,2,0,2,3,2,2,2,2,2,3,3,2,3,3,2,2,2,2,2,3,3,2,2,3,3,2,2,0,3,0,3,3,2,2,2,2,1,2,3,3,2,2,0,2 ks=0,0,0,0,0,0,1,0,0,175,0,0,45,0,0,91,151,92,0,171,0,0,0,0,0,0,0,0,0,0,0,0,128,116,0,0,0,0,0,0,0,0,128,0,0,0,0,0,0,0,0,0,0,0,0,0,127,0,128,76,0,0,0,0
00972 features=478 size=8 p=5 tap=41 reset=true scheme=3 ops=1,2,1,3,1,1,2,2,3,2,2,3,3,3,3,2,3,3,2,1,1,1,2,1,2,3,1,3,1,1,3,3,1,1,1,3,3,3,2,1,1,1,1,3,1,1,2,1,2,1,1,1,1,1,1,1,2,1,1,3,3,3,1,1 ks=0,0,0,0,127,0,0,0,0,0,0,0,0,0,154,91,0,91,0,0,0,0,0,0,0,0,0,0,0,0,0,252,0,0,0,0,0,32,0,0,0,0,0,0,0,0,0,0,0,0,0,2,0,0,0,0,0,0,0,246,0,0,0,0
00973 features=609 size=9 p=5 tap=41 reset=false scheme=2 ops=2,3,3,3,2,3,1,3,1,1,2,3,3,3,3,2,3,3,3,3,2,2,2,3,3,3,2,2,2,3,3,2,3,3,2,2,2,2,2,2,3,1,3,0,3,2,2,2,3,2,3,3,2,2,2,2,3,2,3,3,2,2,3,2 ks=0,0,0,0,0,0,0,0,0,0,0,0,0,86,154,91,0,0,5,171,0,0,0,0,0,0,0,0,0,0,121,0,128,116,0,0,0,0,0,0,0,68,0,0,0,0,0,0,0,0,0,0,0,0,0,0,0,0,0,0,0,0,0,0
00974 features=540 size=18 p=10 tap=33 reset=false scheme=2 ops=1,3,3,3,3,3,1,3,1,1,3,1,0,3,3,3,3,3,3,1,3,1,3,3,3,3,0,1,3,3,3,2,1,3,3,1,1,1,3,0,1,3,1,0,3,2,2,2,3,3,3,3,3,3,3,1,3,3,3,3,1,1,1,3 ks=0,0,0,0,0,152,0,0,0,0,0,254,0,0,154,91,208,91,0,171,0,0,0,64,0,0,0,124,0,0,0,24,166,116,0,0,0,0,128,0,128,0,0,255,0,0,0,0,0,0,0,0,0,0,0,0,0,0,0,12,0,0,200,28
00975 features=849 size=14 p=10 tap=41 reset=true scheme=2 ops=0,3,3,3,3,3,0,3,2,3,3,2,3,3,3,3,3,3,3,3,3,3,3,3,3,3,3,3,0,3,3,0,3,3,3,3,0,0,3,3,0,3,3,3,3,2,2,0,3,2,3,3,2,2,2,0,3,2,3,3,0,2,3,3 ks=0,0,0,0,0,152,0,0,0,0,0,0,0,0,154,91,209,91,0,171,8,0,0,64,0,0,0,124,0,0,0,0,128,116,127,0,0,0,0,0,128,0,142,0,0,0,0,0,0,0,0,0,0,0,0,0,0,0,0,0,0,0,0,0
00976 features=435 size=14 p=10 tap=10 reset=false scheme=3 ops=2,3,3,3,2,3,2,2,3,3,2,3,3,3,3,2,3,3,3,3,2,2,2,3,2,3,2,2,2,3,3,2,3,3,2,2,2,2,2,2,3,3,0,0,3,2,2,2,3,2,3,3,3,3,3,3,3,2,3,3,2,2,3,2 ks=0,0,0,128,0,0,0,0,0,57,0,0,0,85,154,91,12,0,0,171,0,0,41,0,0,0,0,0,0,0,0,0,128,116,0,0,0,0,0,0,0,0,0,16,0,0,0,0,0,0,0,0,0,0,0,64,0,0,191,12,0,0,0,0
00977 features=757 size=10 p=2 tap=16 reset=true scheme=3 ops=2,3,3,3,3,3,3,3,3,3,3,0,3,3,3,2,3,3,3,3,2,0,2,3,2,3,2,2,2,3,3,2,3,3,2,2,2,2,2,1,3,2,3,3,3,2,2,2,2,2,3,2,2,2,2,2,3,2,3,3,2,2,3,2 ks=0,0,0,0,0,4,0,0,0,175,0,0,0,0,0,91,151,88,0,171,0,128,0,0,0,0,0,0,0,0,0,0,0,0,0,0,0,0,0,0,0,0,0,0,0,0,0,0,0,0,1,0,0,0,0,0,0,0,128,76,0,0,0,0
00978 features=251 size=17 p=2 tap=41 reset=false scheme=1 ops=1,3,3,3,3,3,1,3,1,1,3,1,1,3,3,3,3,3,3,1,1,1,3,3,3,3,3,1,3,3,3,1,1,3,1,1,3,3,1,3,3,1,3,3,3,3,3,3,1,1,1,3,3,3,3,1,3,3,3,3,1,1,3,3 ks=0,0,0,0,0,128,0,0,0,0,0,0,0,189,154,0,208,91,0,171,0,0,0,72,0,0,0,0,0,0,0,0,128,116,0,0,0,0,0,0,0,4,0,0,0,2,0,0,0,0,22,0,175,0,0,0,0,0,191,12,0,0,200,28
00979 features=690 size=11 p=5 tap=41 reset=true scheme=2 ops=3,3,3,3,3,3,3,3,3,2,2,3,3,3,3,2,3,3,3,3,3,3,3,3,3,3,2,2,2,3,3,2,3,3,3,3,3,2,3,3,3,2,3,3,3,3,3,3,3,3,3,3,3,3,3,2,3,3,3,3,3,3,3,3 ks=0,0,0,0,0,0,0,0,155,0,0,0,0,0,0,89,252,91,0,171,0,0,0,0,0,0,0,0,128,0,0,0,128,116,64,0,0,0,0,0,4,0,128,0,0,0,0,0,0,0,0,0,0,0,0,0,0,0,0,0,0,0,0,0
00980 features=582 size=9 p=1 tap=49 reset=true scheme=3 ops=2,3,3,3,3,3,2,3,3,3,2,3,3,2,3,3,3,3,2,3,2,2,3,3,3,3,2,2,2,3,3,2,3,3,2,3,2,2,2,3,3,2,3,3,3,2,2,2,3,2,3,3,3,2,2,2,3,2,3,3,3,2,3,2 ks=0,0,0,0,0,0,0,0,0,0,0,0,0,0,0,0,0,0,253,0,0,0,0,0,0,0,0,0,0,0,0,32,144,116,0,0,2,0,127,0,0,4,0,0,0,0,0,225,0,0,0,0,0,0,0,0,0,0,0,131,0,0,0,0
00981 features=774 size=11 p=1 tap=10 reset=true scheme=1 ops=2,2,3,3,2,3,2,2,3,3,2,3,3,3,3,2,3,3,3,3,2,2,2,3,2,3,2,2,2,3,3,2,3,3,2,3,3,3,2,0,1,1,1,3,3,2,2,2,3,2,3,3,2,2,2,2,3,2,0,3,2,2,3,2 ks=0,0,0,252,255,0,0,0,0,57,0,0,0,86,154,91,8,0,0,171,0,0,0,0,0,0,0,0,0,0,0,0,0,0,0,0,0,0,0,0,0,0,0,0,0,0,0,0,0,0,0,0,0,0,0,0,8,0,191,12,0,0,0,0
00982 features=108 size=4 p=10 tap=41 reset=false scheme=0 ops=1,3,3,3,3,3,1,3,3,3,3,3,3,3,3,1,3,3,3,3,1,3,3,3,3,3,1,1,3,3,3,3,1,3,3,1,3,1,1,3,3,1,3,3,3,3,3,3,3,1,3,3,3,1,3,1,3,3,3,3,1,3,3,1 ks=0,0,0,0,0,0,0,0,0,0,0,0,0,0,0,0,0,0,0,171,0,0,0,0,0,0,0,0,0,0,0,0,128,116,0,0,0,0,0,0,0,64,0,0,0,0,0,0,0,0,0,0,0,0,0,0,0,0,0,0,0,0,0,0
00983 features=544 size=9 p=2 tap=54 reset=true scheme=3 ops=1,3,3,3,3,3,3,1,3,3,2,3,3,2,3,2,3,3,3,3,2,2,2,3,3,3,3,1,1,3,3,1,1,3,3,1,1,3,3,3,3,3,3,1,3,3,3,1,3,1,3,3,1,3,1,2,3,1,3,3,3,3,3,1 ks=0,0,0,0,0,0,0,0,0,0,0,0,0,0,0,0,0,0,0,152,0,0,0,0,0,0,0,0,0,0,0,0,128,116,0,1,0,0,0,0,0,4,0,0,0,0,0,236,0,154,0,0,0,0,2,0,0,0,0,0,0,2,0,0
00984 features=617 size=6 p=10 tap=45 reset=false scheme=2 ops=2,3,1,3,2,3,2,2,1,3,2,3,3,3,3,2,3,3,3,3,2,2,2,3,2,2,2,2,2,3,3,2,3,3,2,2,2,2,2,3,3,2,3,3,3,2,2,2,3,2,3,3,2,2,2,2,3,2,3,3,2,2,3,2 ks=0,0,0,0,0,0,0,0,0,0,0,0,0,0,0,0,0,0,255,171,0,0,0,0,0,0,0,0,0,0,0,0,53,116,0,0,0,0,0,0,0,4,0,255,0,0,0,0,0,0,0,0,0,0,0,0,0,0,0,0,0,0,0,0
00985 features=981 size=5 p=2 tap=41 reset=true scheme=4 ops=0,3,0,3,0,3,0,0,3,3,3,3,3,3,0,3,3,3,3,1,0,0,3,3,0,0,3,3,0,3,3,0,0,3,0,0,0,0,0,0,3,0,3,3,1,3,3,0,3,0,3,3,2,2,3,3,0,0,3,0,0,0,3,3 ks=0,0,0,0,0,0,0,0,0,0,0,0,0,0,0,0,0,0,0,171,0,0,0,0,0,0,0,0,0,0,2,1,128,116,0,0,0,0,0,0,0,0,0,0,0,0,0,0,0,0,0,0,0,0,0,0,0,0,0,0,0,0,0,0
00986 features=544 size=7 p=1 tap=49 reset=true scheme=3 ops=2,3,3,3,3,3,3,3,3,3,2,3,3,1,3,0,3,3,3,3,0,0,3,3,3,3,3,2,2,3,3,2,3,3,2,1,2,2,2,3,3,2,3,2,3,1,2,2,3,2,3,3,2,2,2,2,3,2,3,3,3,2,3,2 ks=0,0,0,0,0,0,0,0,0,0,0,0,0,0,0,0,0,0,253,0,0,0,0,0,0,0,0,0,0,0,0,32,0,116,0,128,0,3,127,0,0,4,0,0,0,0,0,0,0,0,0,0,0,0,0,0,0,0,0,0,0,0,0,0
00987 features=394 size=9 p=5 tap=41 reset=true scheme=3 ops=1,2,1,3,1,1,1,1,1,1,1,1,1,1,1,1,2,2,2,1,1,1,2,1,1,3,1,1,1,1,3,3,1,1,1,3,3,3,2,1,1,1,1,3,1,1,1,3,3,1,3,3,1,3,3,1,2,1,1,3,3,3,1,1 ks=0,0,0,0,0,0,0,0,252,0,0,255,0,0,0,0,255,0,0,0,0,0,0,254,0,0,0,0,1,0,0,0,0,0,0,0,0,77,138,0,0,0,0,0,0,0,0,0,0,0,0,92,0,0,0,0,0,0,0,246,0,0,0,0
00988 features=670 size=12 p=10 tap=41 reset=true scheme=2 ops=0,1,3,3,3,3,1,3,3,3,3,3,3,3,3,3,3,3,3,3,1,3,3,3,3,3,3,1,0,3,3,3,1,3,3,3,0,0,3,3,1,3,3,3,3,3,1,1,3,1,3,3,1,1,1,0,3,0,3,3,0,3,3,3 ks=0,0,0,0,0,0,0,0,252,0,0,0,0,0,154,0,0,0,0,171,0,0,0,66,1,8,0,0,0,0,0,2,128,116,0,0,0,0,0,0,127,0,142,0,127,0,0,0,0,0,0,0,0,0,0,0,0,0,0,0,0,0,0,0
00989 features=298 size=19 p=5 tap=41 reset=false scheme=0 ops=1,2,3,3,3,3,1,3,1,3,3,1,3,3,3,2,3,3,3,1,1,1,1,3,3,3,3,1,0,3,3,1,1,3,3,1,0,1,3,3,2,3,3,3,3,2,2,2,3,2,3,3,2,2,2,0,3,2,3,3,1,1,3,3 ks=0,0,0,0,0,152,0,136,0,0,0,0,255,0,154,91,208,91,0,171,0,0,0,64,0,0,0,124,0,0,0,0,128,116,0,254,0,8,0,0,127,0,142,0,0,0,0,0,255,0,0,0,0,0,0,0,0,254,0,254,0,0,0,0
00990 features=844 size=5 p=2 tap=16 reset=true scheme=1 ops=2,3,3,3,3,3,3,3,3,3,3,0,3,3,3,2,3,3,3,3,2,0,2,3,0,3,2,2,0,3,3,2,3,3,2,2,2,2,2,1,3,2,3,3,3,1,2,2,2,2,3,2,2,2,2,2,3,2,3,3,2,2,3,2 ks=0,0,0,0,0,0,0,0,0,171,0,0,0,0,0,91,147,88,0,171,0,0,0,0,0,0,0,0,0,0,0,0,0,0,0,0,0,0,0,0,0,0,0,0,0,0,0,0,0,0,0,0,0,0,0,0,0,0,0,0,0,0,0,0
00991 features=616 size=12 p=1 tap=41 reset=false scheme=2 ops=2,3,3,2,1,3,2,2,3,2,2,3,3,3,3,2,3,3,3,0,2,2,2,3,3,3,2,1,2,3,3,0,0,3,2,2,2,1,2,2,3,1,3,3,3,2,2,2,3,2,3,3,2,2,2,1,3,2,3,3,2,2,3,2 ks=0,0,0,0,0,0,0,113,0,0,0,0,0,0,154,91,0,91,0,171,0,0,0,0,0,4,0,0,0,0,80,0,134,116,0,0,0,0,0,0,0,0,0,0,0,0,0,0,0,0,0,0,0,178,0,4,0,0,0,0,0,0,0,156
00992 features=635 size=16 p=5 tap=10 reset=false scheme=1 ops=2,3,3,3,2,3,2,2,3,3,2,3,3,3,3,1,3,3,3,1,1,3,2,3,1,3,2,2,2,3,3,0,3,3,2,2,2,2,2,2,3,1,3,0,3,2,2,2,3,1,1,3,3,3,3,1,3,3,3,3,1,1,3,2 ks=0,0,0,252,0,0,0,0,0,57,41,0,0,86,154,91,212,0,0,171,0,0,0,0,0,0,0,0,0,0,0,0,128,116,0,0,0,0,0,0,0,0,0,0,0,0,0,0,0,128,2,0,175,0,0,0,0,0,191,12,0,0,0,254
00993 features=423 size=7 p=10 tap=41 reset=false scheme=4 ops=2,3,3,3,1,3,1,1,1,3,1,1,3,3,3,3,3,3,3,1,1,1,1,3,3,3,2,1,2,1,3,3,2,3,1,1,3,2,2,2,3,2,3,3,3,2,2,2,3,2,3,3,2,2,2,2,1,2,3,3,2,2,3,2 ks=0,0,0,0,0,253,0,0,0,0,0,0,0,0,154,91,0,91,0,169,0,0,0,0,0,0,0,0,0,0,92,0,0,80,0,0,0,0,0,0,0,0,0,0,0,0,0,0,0,0,0,0,0,0,0,0,0,0,0,0,0,0,0,0
00994 features=227 size=11 p=5 tap=11 reset=false scheme=2 ops=1,3,3,3,3,3,1,3,1,1,2,1,1,3,3,1,3,3,3,1,1,1,3,3,3,3,2,2,2,3,3,1,1,3,1,1,0,2,0,2,3,2,3,3,2,3,0,0,3,1,1,3,3,3,3,1,3,3,3,3,1,1,3,3 ks=0,0,0,0,0,128,0,0,0,0,0,8,0,0,154,0,0,91,0,171,0,0,0,64,0,0,0,0,0,0,0,0,0,0,0,0,0,1,0,0,0,0,0,0,0,0,0,0,0,0,0,0,0,0,0,0,0,0,191,12,0,0,200,28
00995 features=240 size=7 p=10 tap=41 reset=false scheme=3 ops=3,3,3,3,3,3,3,3,3,3,3,3,3,3,3,3,3,3,3,3,3,3,3,3,3,3,3,3,3,3,0,3,3,3,2,2,2,2,2,3,3,2,3,2,3,2,1,1,3,3,3,3,3,3,3,3,3,2,3,3,1,3,3,3 ks=0,0,0,0,0,0,0,0,134,0,0,0,0,0,0,0,0,0,0,0,0,0,0,0,0,0,0,0,0,0,0,32,55,116,0,0,0,0,0,0,0,4,0,2,0,0,0,0,0,0,0,0,0,0,0,0,0,0,0,118,0,0,0,0
00996 features=215 size=23 p=5 tap=41 reset=false scheme=2 ops=1,3,3,3,3,3,1,3,1,1,3,1,3,3,3,3,3,3,3,1,1,1,3,3,3,3,3,1,3,3,3,1,1,3,3,1,1,1,3,1,1,3,3,3,3,3,1,3,3,1,1,3,3,3,3,1,3,3,3,3,1,1,3,3 ks=1,0,0,0,0,152,0,0,0,0,0,0,0,0,154,91,208,91,0,171,0,0,0,64,0,0,0,0,233,0,0,0,128,116,0,0,0,0,0,0,128,1,0,0,0,110,128,112,0,0,0,0,175,0,0,0,0,0,191,12,2,128,200,28
00997 features=408 size=4 p=5 tap=41 reset=true scheme=3 ops=1,2,2,3,1,1,1,1,1,1,1,1,1,1,3,2,3,3,3,3,2,2,2,3,2,2,2,2,2,1,3,3,1,1,1,2,3,3,2,1,1,1,1,3,1,1,1,1,1,1,1,1,1,1,1,1,2,1,1,3,3,3,1,1 ks=0,0,0,0,0,0,0,0,0,0,0,0,0,0,0,0,0,0,0,167,0,0,0,0,0,0,0,0,0,0,0,0,0,0,0,0,0,0,0,0,0,0,0,0,0,0,0,0,0,0,0,6,0,0,0,0,0,4,0,246,0,0,0,0
00998 features=432 size=8 p=10 tap=41 reset=true scheme=3 ops=1,2,1,3,1,3,1,3,1,3,3,1,3,3,3,3,3,3,3,1,1,1,2,1,1,3,1,1,1,1,3,3,1,1,1,3,3,3,2,0,1,1,1,3,1,1,1,1,1,1,1,1,1,1,1,1,2,1,1,3,3,3,3,2 ks=0,0,0,0,0,152,0,0,0,0,0,0,0,0,154,91,208,91,0,169,0,0,0,0,0,0,0,0,0,0,0,0,0,0,0,4,0,0,0,0,0,0,0,0,0,0,0,0,0,0,0,2,0,0,0,0,0,0,0,0,0,0,0,0
00999 features=338 size=8 p=5 tap=41 reset=true scheme=3 ops=1,2,1,3,1,1,3,1,1,1,1,1,1,1,1,1,1,1,2,1,1,1,2,1,1,3,1,1,1,1,3,3,3,1,1,3,3,3,2,1,1,1,1,3,1,1,1,1,1,1,1,1,1,1,3,1,2,1,1,3,3,3,1,1 ks=0,0,0,0,0,0,0,0,0,139,0,0,0,0,0,0,0,0,0,0,0,0,1,0,0,64,0,0,0,0,0,4,252,0,0,0,0,0,0,0,0,0,0,0,0,0,0,0,0,0,0,2,0,0,0,0,0,0,223,246,0,0,0,0
01000 features=690 size=5 p=5 tap=41 reset=false scheme=4 ops=2,3,3,3,0,3,2,2,3,3,0,3,3,3,3,2,3,3,3,3,2,2,2,3,0,3,2,1,2,3,3,0,0,1,2,3,2,2,2,2,3,2,3,0,2,2,2,2,3,2,3,2,2,2,2,2,3,2,3,3,2,2,3,2 ks=0,0,0,0,0,0,0,0,0,0,0,0,0,0,0,0,0,0,0,152,0,0,0,0,0,0,0,0,0,0,0,156,128,114,0,0,0,0,0,0,0,253,0,0,0,0,0,0,0,0,0,0,0,0,0,0,0,0,0,0,0,0,0,0
01001 features=891 size=3 p=2 tap=33 reset=true scheme=2 ops=2,3,3,2,1,3,2,2,3,2,2,3,3,3,3,2,3,3,3,3,2,2,2,3,3,3,2,1,2,3,3,0,0,3,2,2,2,2,2,2,3,1,3,3,3,2,2,2,3,2,3,3,3,2,2,2,3,2,3,3,2,2,3,2 ks=0,0,0,0,0,0,0,0,0,0,0,0,0,0,0,0,0,0,0,171,0,0,0,0,0,0,0,0,0,0,0,255,0,116,0,0,0,0,0,0,0,0,0,0,0,0,0,0,0,0,0,0,0,0,0,0,0,0,0,0,0,0,0,0
01002 features=420 size=12 p=5 tap=1 reset=false scheme=2 ops=2,3,3,3,0,3,2,2,3,2,2,3,3,3,3,2,3,3,3,0,2,2,2,3,3,3,2,2,2,3,3,0,2,3,2,2,2,2,2,2,3,2,3,3,3,2,2,2,3,2,3,3,3,2,2,2,3,2,3,3,2,2,3,2 ks=0,0,0,0,0,0,0,109,0,0,0,0,0,252,0,0,0,0,0,0,0,0,0,0,0,32,0,0,0,0,0,0,128,116,0,0,0,0,0,0,0,0,142,0,0,110,0,0,139,0,0,0,0,0,0,0,0,127,191,12,0,0,0,16
01003 features=205 size=6 p=1 tap=54 reset=false scheme=3 ops=1,3,3,2,3,3,3,1,3,3,3,3,3,3,3,1,3,3,3,3,3,3,3,3,3,3,3,1,1,3,3,1,1,3,3,1,1,3,3,3,3,3,3,1,3,3,3,1,3,1,3,3,1,3,1,1,3,1,3,3,3,3,3,1 ks=0,0,0,0,0,0,0,0,0,0,0,0,0,0,0,0,0,0,0,167,0,0,0,0,0,0,0,0,0,0,0,0,0,116,0,0,0,4,0,0,0,4,0,0,0,0,0,0,0,0,0,0,0,153,0,0,0,0,0,0,0,2,0,0
01004 features=810 size=10 p=5 tap=42 reset=true scheme=3 ops=2,3,3,3,3,3,3,3,3,3,3,0,3,3,3,2,3,3,3,3,2,0,2,3,2,2,2,2,2,3,3,2,0,3,2,2,2,2,2,3,3,2,3,3,3,2,2,2,2,2,3,2,2,2,2,2,3,2,3,3,2,2,3,2 ks=0,0,0,0,0,0,0,0,0,173,0,0,0,0,0,91,151,0,0,171,0,0,0,0,0,0,0,0,0,0,0,127,128,116,0,0,0,0,0,0,0,0,0,0,177,0,0,0,0,0,0,0,0,0,0,0,0,0,0,76,0,0,0,2
01005 features=660 size=9 p=10 tap=41 reset=false scheme=2 ops=2,3,3,3,0,3,2,2,3,2,2,3,3,3,3,2,3,3,3,0,2,2,2,3,3,3,2,2,2,3,3,0,0,3,2,2,2,2,2,2,3,2,3,0,3,2,2,2,3,2,3,3,3,2,2,2,3,2,3,3,2,2,2,2 ks=0,0,0,0,0,0,128,113,0,0,0,0,0,0,154,91,0,91,0,171,0,0,0,0,0,0,0,0,0,0,0,0,144,116,0,0,0,0,0,0,0,0,0,0,0,0,0,0,0,0,0,0,0,0,0,0,0,0,0,238,0,0,0,0
01006 features=267 size=12 p=1 tap=41 reset=false scheme=2 ops=0,3,3,1,1,3,2,3,3,3,2,3,3,3,3,1,3,3,3,3,1,3,3,3,3,3,1,1,3,3,3,1,1,3,1,3,3,1,1,1,3,1,3,3,3,3,1,3,3,1,3,2,1,1,1,3,3,3,3,3,3,1,3,1 ks=0,0,180,0,0,32,0,0,0,0,0,0,0,0,0,91,0,91,0,171,0,0,0,0,0,0,0,0,0,0,4,0,134,127,0,255,0,2,0,0,0,0,0,0,0,0,0,0,0,0,0,0,0,0,0,0,0,178,64,0,0,0,0,0
01007 features=271 size=15 p=1 tap=41 reset=false scheme=3 ops=1,3,3,3,3,3,1,3,3,3,2,3,3,3,3,2,3,3,3,1,1,1,3,3,3,3,3,1,3,3,3,1,1,1,3,1,1,1,3,1,1,3,3,3,3,3,1,3,3,1,1,3,3,3,2,2,3,2,3,3,2,2,3,3 ks=0,0,0,0,0,152,0,0,0,0,0,0,0,0,0,91,0,91,10,171,0,0,0,64,0,0,0,0,0,0,0,0,128,116,0,0,0,0,0,0,136,0,142,0,0,110,0,112,0,128,0,0,175,0,0,0,0,0,0,0,0,0,0,28
01008 features=541 size=6 p=10 tap=35 reset=true scheme=2 ops=1,3,3,3,1,3,1,3,3,1,3,3,3,3,3,3,3,3,3,3,1,1,1,3,3,3,1,1,3,3,3,3,1,3,1,1,1,3,3,1,3,3,3,3,1,3,1,3,3,3,3,3,1,3,3,3,3,3,3,3,1,1,3,3 ks=0,0,0,0,0,0,0,180,0,0,0,0,0,0,0,91,0,91,0,156,0,0,0,0,0,0,0,0,0,0,0,0,128,120,0,0,0,0,0,0,0,0,0,0,0,0,0,0,0,0,0,0,0,0,0,0,0,0,0,0,0,0,0,0
01009 features=316 size=16 p=5 tap=41 reset=false scheme=0 ops=1,2,3,3,3,3,1,3,1,3,3,1,3,3,3,2,3,3,3,1,1,1,1,3,3,3,3,1,0,3,3,1,1,3,3,1,0,1,3,3,2,3,3,3,3,2,2,2,3,2,3,3,2,2,2,0,3,2,3,3,1,1,3,3 ks=0,0,0,0,0,152,0,136,0,0,0,0,0,0,154,91,208,91,0,171,0,0,0,64,0,0,0,124,0,0,0,0,128,116,0,254,0,8,0,0,127,0,0,0,0,0,0,0,0,0,0,0,0,0,0,0,0,254,0,254,0,0,0,0
01010 features=812 size=19 p=5 tap=10 reset=true scheme=3 ops=2,3,3,3,2,2,2,2,3,3,2,3,3,3,3,3,3,3,3,1,1,1,2,3,1,3,2,2,2,3,2,0,3,3,2,2,2,2,3,1,1,3,3,0,3,2,2,2,3,1,1,3,3,3,3,1,3,3,3,3,1,1,3,2 ks=0,0,0,253,0,0,0,0,0,57,0,0,0,86,154,91,212,0,0,171,0,0,0,0,0,0,0,0,0,0,0,0,128,116,0,0,0,0,0,0,128,0,142,0,0,2,4,0,0,128,0,0,175,0,0,0,0,0,191,12,0,0,200,254
01011 features=463 size=15 p=5 tap=33 reset=false scheme=2 ops=1,3,3,3,3,3,1,3,3,1,1,3,3,3,3,1,3,3,3,1,1,1,3,3,3,3,3,1,3,3,3,1,1,3,3,1,1,1,3,0,1,3,1,0,3,2,2,2,3,3,3,3,3,3,3,1,3,3,3,3,1,1,3,3 ks=0,0,0,0,0,0,254,0,0,0,0,0,0,0,154,89,0,91,0,171,0,0,0,64,0,0,0,0,0,0,0,0,128,116,0,0,0,0,0,0,128,0,142,255,1,0,0,0,0,0,0,0,0,0,0,0,0,0,0,12,0,0,42,28
01012 features=785 size=6 p=2 tap=41 reset=true scheme=3 ops=2,3,3,3,3,3,0,3,3,0,3,2,3,3,3,2,3,3,3,3,2,2,2,3,3,3,2,1,2,3,3,2,3,3,2,2,2,2,2,3,3,1,3,0,3,2,2,2,3,2,3,3,2,2,2,2,3,2,3,3,2,2,3,2 ks=0,0,0,0,0,0,0,0,0,0,0,0,0,0,154,0,0,91,0,171,0,0,0,0,0,0,0,0,0,0,194,0,53,116,0,0,0,0,0,0,0,0,0,0,0,0,0,0,0,0,0,0,0,0,0,0,0,0,0,0,0,0,0,0
01013 features=760 size=5 p=5 tap=41 reset=true scheme=3 ops=2,3,3,3,3,3,3,3,3,3,3,3,3,3,3,2,3,3,3,3,2,2,2,3,2,2,2,2,2,3,3,0,3,3,2,2,2,2,2,3,3,2,3,3,3,2,2,1,3,2,3,3,2,2,2,2,3,2,3,3,2,2,3,2 ks=0,0,0,0,0,0,0,0,0,175,0,0,0,0,0,0,0,91,0,171,0,0,0,0,0,0,0,0,0,0,0,0,53,244,0,0,0,0,0,0,0,0,0,0,0,0,0,0,0,0,0,0,0,0,0,0,0,0,0,0,0,0,0,0
01014 features=441 size=5 p=10 tap=41 reset=true scheme=3 ops=3,3,3,3,1,3,3,3,3,3,1,3,3,3,3,1,3,3,3,3,1,1,3,3,3,3,3,1,3,3,3,3,1,3,3,1,3,3,3,1,3,3,3,1,3,3,3,3,3,3,3,3,3,3,3,1,3,1,3,3,3,3,3,3 ks=0,0,0,0,0,0,0,180,0,0,0,0,0,0,0,0,0,0,0,171,0,0,0,64,0,0,0,0,0,0,0,0,0,116,0,0,0,0,0,0,64,0,0,0,0,0,0,0,0,0,0,0,0,0,0,0,0,0,0,0,0,0,0,0
01015 features=597 size=7 p=2 tap=41 reset=false scheme=2 ops=2,3,3,2,1,3,2,2,3,2,2,3,3,3,3,2,3,3,3,3,3,3,3,3,3,3,2,2,2,3,3,2,2,3,2,3,3,2,2,2,3,2,3,3,3,2,2,2,3,2,2,3,2,2,2,2,3,2,3,3,2,2,3,2 ks=0,0,0,0,0,0,0,109,0,0,0,0,0,0,0,91,0,91,0,156,0,0,0,0,0,0,0,0,0,0,0,0,128,120,0,0,0,0,0,0,0,0,0,0,0,0,0,0,0,0,0,0,0,0,168,0,0,0,0,0,0,0,0,0
01016 features=690 size=12 p=2 tap=54 reset=true scheme=2 ops=1,3,3,3,3,3,2,1,3,3,2,3,3,2,3,2,3,3,3,3,2,2,2,3,3,3,3,1,1,3,3,1,1,3,3,1,1,3,3,3,3,1,3,1,3,3,3,1,3,1,3,3,1,3,1,2,3,1,3,3,3,3,3,1 ks=0,0,0,0,0,0,0,0,0,0,0,0,0,0,0,0,206,0,0,152,0,0,0,0,0,0,0,0,0,0,0,0,128,116,0,0,0,0,0,0,0,4,0,0,0,0,0,236,0,154,0,128,0,0,2,0,255,0,121,0,0,2,0,0
01017 features=851 size=15 p=2 tap=42 reset=true scheme=3 ops=2,3,3,3,2,3,2,2,3,3,2,3,3,3,3,2,3,3,3,3,2,0,2,3,2,2,2,2,2,3,3,2,3,3,2,2,2,2,2,3,3,2,0,3,3,2,2,2,2,2,3,2,2,2,2,2,3,2,3,3,2,2,3,2 ks=0,0,0,0,89,255,0,0,255,2,0,0,0,0,0,91,151,88,0,171,0,0,0,0,0,0,0,0,0,0,0,0,128,116,0,0,0,0,0,0,0,0,0,0,0,0,0,0,115,0,1,0,0,0,0,0,0,0,128,76,0,0,0,223
01018 features=603 size=5 p=2 tap=41 reset=true scheme=3 ops=3,3,0,3,0,3,3,3,3,0,0,3,3,3,3,0,3,3,3,3,0,0,3,3,3,3,2,1,2,3,3,0,0,3,0,0,3,3,3,0,3,3,3,0,3,3,0,0,3,3,3,3,3,0,3,0,3,0,3,3,0,3,3,3 ks=0,0,0,0,0,0,0,0,0,0,0,0,0,0,0,0,0,0,0,171,0,0,0,0,0,0,0,0,0,1,0,0,134,116,0,0,0,0,0,0,64,0,0,0,0,0,0,0,0,0,0,0,0,0,0,0,0,0,0,0,0,0,0,0
01019 features=529 size=11 p=10 tap=41 reset=false scheme=2 ops=2,3,3,2,1,3,2,2,3,2,2,3,3,3,3,2,3,3,3,3,2,2,2,3,3,3,2,1,3,3,3,1,1,3,3,1,1,0,3,1,1,3,3,3,3,2,2,2,3,2,3,3,2,2,2,2,3,2,3,3,2,2,3,2 ks=0,0,0,0,0,0,0,0,0,0,0,0,253,0,154,91,0,91,0,171,0,0,0,0,0,0,0,2,0,0,0,0,128,116,0,0,0,0,0,128,128,0,142,0,0,0,0,0,0,0,0,0,0,0,0,0,0,0,0,0,0,0,0,0
01020 features=886 size=9 p=5 tap=41 reset=true scheme=2 ops=2,3,3,2,1,2,2,2,3,2,2,3,3,3,3,2,3,3,3,3,2,2,2,3,2,2,2,2,2,3,3,2,0,3,2,0,0,1,2,2,3,2,3,3,3,2,2,2,3,2,3,3,2,2,2,2,3,2,3,3,2,2,3,2 ks=0,0,0,0,0,0,0,0,0,0,0,0,0,0,154,91,0,91,0,171,0,0,0,0,0,0,0,0,0,0,255,253,128,2,0,0,83,0,0,0,0,0,0,0,0,0,0,0,0,0,0,0,0,0,0,0,0,0,0,0,0,0,0,0
01021 features=407 size=10 p=10 tap=10 reset=false scheme=3 ops=2,3,3,3,3,3,2,2,3,3,2,3,3,3,3,2,3,3,3,3,2,2,2,3,2,3,2,2,2,3,3,2,3,3,2,2,2,2,2,2,3,3,0,0,3,2,2,2,3,2,3,3,3,3,3,3,3,2,3,3,2,2,3,2 ks=0,0,0,0,0,0,0,0,0,57,0,0,254,86,154,0,0,199,0,0,0,0,0,0,0,0,0,0,0,0,0,0,0,116,0,0,255,0,0,0,0,0,0,16,0,0,0,0,0,0,0,0,0,0,0,0,0,0,191,16,0,0,0,0
01022 features=602 size=10 p=5 tap=41 reset=true scheme=0 ops=1,3,3,3,3,3,1,3,1,3,3,1,3,3,3,3,3,3,3,1,1,1,3,3,3,3,3,1,3,3,3,0,0,1,3,1,0,1,3,1,1,3,3,3,3,2,2,2,3,2,3,0,2,2,2,0,3,2,3,3,1,1,3,3 ks=0,0,0,0,0,0,0,0,0,0,0,0,0,0,154,91,208,0,0,171,0,0,0,72,0,0,0,0,0,0,0,0,128,116,0,0,0,0,0,0,128,0,142,0,0,0,0,0,255,0,0,0,0,0,0,0,0,0,0,0,0,0,0,0
01023 features=885 size=4 p=1 tap=41 reset=true scheme=2 ops=2,3,3,3,1,3,1,1,1,3,1,1,3,3,3,2,3,3,3,3,2,2,2,3,3,3,3,1,2,3,3,0,0,3,1,0,0,2,2,2,3,2,3,3,3,2,2,3,3,2,0,3,2,2,2,3,3,2,3,3,2,2,3,2 ks=0,0,0,0,0,0,0,0,0,0,0,0,0,0,0,0,0,0,128,152,0,0,0,0,0,0,0,0,0,0,0,0,128,116,0,0,0,0,0,0,0,0,0,0,0,0,0,0,0,0,0,0,0,0,0,0,0,0,0,0,0,0,0,0
01024 features=778 size=13 p=1 tap=42 reset=true scheme=3 ops=2,3,3,3,2,3,2,3,3,3,3,0,3,3,3,2,3,3,3,3,2,2,2,3,3,3,2,1,2,3,3,0,0,3,1,2,2,2,2,3,3,0,3,3,3,2,2,2,2,2,3,2,2,2,2,2,3,2,3,3,2,2,3,2 ks=0,0,0,128,0,0,0,0,0,175,0,0,0,0,0,91,151,92,0,171,0,0,0,0,0,0,0,0,0,0,0,0,128,120,64,0,0,0,0,0,0,0,0,0,0,0,98,0,0,0,0,0,0,0,0,0,127,0,128,76,0,0,0,0
01025 features=630 size=14 p=5 tap=41 reset=false scheme=2 ops=2,3,3,2,1,3,2,2,3,2,2,3,3,3,3,2,3,3,3,3,2,2,1,3,3,3,2,1,2,3,3,0,0,3,2,2,2,1,2,3,3,2,3,3,3,2,2,2,3,2,3,3,2,2,2,2,3,2,3,3,1,2,3,2 ks=0,0,0,0,0,0,0,0,0,0,0,0,0,0,154,1,0,91,0,171,0,0,0,0,0,4,0,0,0,0,4,29,178,116,0,0,0,0,0,0,0,4,0,0,0,0,0,0,0,0,0,0,0,178,0,0,0,0,64,0,0,0,252,156
01026 features=405 size=8 p=5 tap=41 reset=true scheme=3 ops=1,2,1,3,1,1,2,2,3,2,2,3,3,3,3,2,3,3,2,1,1,1,2,1,2,3,1,1,1,1,3,3,1,1,1,3,3,3,2,1,1,1,1,3,1,1,1,1,1,1,1,1,1,1,1,1,2,1,1,3,3,3,1,1 ks=0,0,0,0,127,0,0,0,0,0,0,0,0,0,154,91,0,91,0,0,0,0,0,0,0,0,0,0,0,0,0,252,0,0,0,0,0,0,0,0,0,0,0,0,0,0,0,0,0,0,0,2,0,0,0,0,0,0,0,246,0,0,0,2
01027 features=293 size=19 p=5 tap=41 reset=false scheme=2 ops=1,3,3,3,3,3,1,3,1,1,3,1,3,3,3,3,3,3,3,1,1,1,3,3,3,3,3,1,3,3,3,1,1,3,3,1,1,1,3,1,1,3,3,3,3,2,2,2,3,2,3,3,2,2,3,1,3,3,3,3,1,1,3,3 ks=129,0,0,0,0,0,0,0,0,0,0,0,0,0,154,91,208,91,0,254,0,0,0,64,0,0,0,0,233,0,0,0,128,116,0,0,0,0,0,0,128,1,0,0,0,0,0,0,0,0,0,0,0,0,2,0,0,0,191,12,2,128,200,28
01028 features=378 size=10 p=5 tap=41 reset=false scheme=2 ops=3,3,3,1,1,3,1,3,3,3,1,3,3,3,3,1,3,3,3,3,1,3,3,3,3,3,1,1,3,3,3,1,1,3,1,3,3,1,1,1,3,1,3,2,3,2,2,2,3,2,3,3,2,2,2,2,3,2,3,3,3,1,3,1 ks=0,0,0,0,0,0,0,0,0,0,0,0,0,0,154,91,2,231,0,171,0,0,0,0,0,0,0,0,0,0,4,0,134,116,0,0,0,0,0,0,0,128,0,0,0,0,0,0,0,0,0,0,0,0,0,0,0,0,61,0,0,0,0,0
01029 features=286 size=12 p=10 tap=10 reset=false scheme=3 ops=0,3,3,3,3,3,3,0,3,3,3,3,3,3,3,0,3,3,3,0,0,0,0,3,0,3,0,0,3,3,3,0,0,3,3,3,3,3,3,3,3,3,3,0,3,3,0,0,3,3,3,3,3,3,3,3,3,3,3,3,3,0,0,3 ks=0,0,0,252,0,0,0,0,0,57,0,0,0,86,154,91,12,0,0,0,0,0,0,0,2,0,199,0,0,255,0,0,0,0,4,0,0,0,0,0,32,0,0,0,0,0,0,0,0,0,0,0,0,0,0,0,0,0,0,12,0,0,0,0
01030 features=528 size=17 p=1 tap=41 reset=false scheme=2 ops=2,3,3,2,1,3,2,2,3,2,2,3,3,3,3,2,3,3,3,3,2,2,2,3,3,3,2,1,2,3,3,0,0,3,2,2,2,3,2,3,3,0,3,3,3,3,3,0,3,0,3,3,2,2,2,2,3,2,3,3,2,2,3,2 ks=0,0,0,0,0,0,0,0,0,0,0,0,0,0,154,91,0,91,0,171,0,71,0,0,0,0,0,0,0,0,4,29,134,116,238,0,0,0,0,0,0,4,54,0,2,0,0,254,0,255,0,0,0,0,0,0,0,0,0,32,0,0,0,156
01031 features=325 size=21 p=2 tap=41 reset=false scheme=1 ops=1,3,3,3,3,3,1,3,1,1,3,1,1,3,3,3,3,3,3,1,1,1,3,3,3,3,3,1,3,3,3,1,1,3,1,1,0,0,0,3,3,1,3,3,3,3,0,0,1,1,1,3,3,3,3,1,3,3,3,3,1,1,3,3 ks=0,0,4,128,0,128,0,0,0,0,0,0,0,0,154,0,208,91,0,171,0,0,0,72,0,0,0,0,0,0,0,0,128,116,0,0,0,0,8,0,96,4,0,0,0,0,4,230,0,0,0,0,175,127,0,0,0,0,191,12,0,0,200,28
01032 features=855 size=4 p=10 tap=41 reset=true scheme=0 ops=0,3,3,3,0,3,1,3,3,3,3,3,3,3,3,1,3,3,3,3,0,0,0,3,3,3,1,1,0,3,3,0,0,3,2,1,3,0,0,3,3,1,3,0,3,0,3,3,3,1,3,3,3,1,3,0,3,0,3,3,1,3,3,1 ks=0,0,0,0,0,0,0,0,0,0,0,0,0,0,0,0,0,0,0,171,0,0,0,0,0,0,0,0,0,0,0,64,0,6,0,0,0,0,0,0,0,64,0,0,0,0,0,0,0,0,0,0,0,0,0,0,0,0,0,0,0,0,0,0
01033 features=800 size=2 p=5 tap=6 reset=true scheme=0 ops=2,3,3,3,0,3,1,1,1,3,1,1,3,3,3,2,3,3,3,3,2,2,2,3,3,3,2,1,2,3,3,0,0,3,1,0,0,2,2,1,3,2,3,3,3,2,2,2,0,2,3,3,2,2,2,0,3,2,3,3,2,2,3,2 ks=0,0,0,4,0,152,0,0,0,0,0,0,0,0,0,0,0,0,0,0,0,0,0,0,0,0,0,0,0,0,0,0,0,0,0,0,0,0,0,0,0,0,0,0,0,0,0,0,0,0,0,0,0,0,0,0,0,0,0,0,0,0,0,0
01034 features=319 size=14 p=5 tap=41 reset=false scheme=2 ops=3,3,3,0,1,3,0,3,3,1,0,3,3,3,3,0,3,3,3,3,1,3,3,3,3,3,3,1,1,3,3,0,0,3,0,3,1,1,1,0,3,0,3,3,3,1,3,0,3,0,3,3,1,0,0,3,3,1,3,3,0,0,3,1 ks=0,0,0,0,0,0,0,0,0,20,0,0,0,0,154,91,0,54,0,171,0,128,0,0,0,4,0,0,0,0,4,29,134,116,0,0,0,0,0,0,0,0,0,0,0,0,0,0,0,0,0,0,0,178,0,0,0,0,64,0,0,0,0,156
01035 features=511 size=4 p=5 tap=41 reset=false scheme=0 ops=2,3,3,3,3,3,3,3,1,1,3,1,3,3,3,2,3,3,3,3,0,0,3,3,3,3,3,0,3,3,3,0,0,3,2,2,2,2,1,3,3,2,3,3,3,2,2,2,3,2,3,3,2,2,2,2,3,2,3,3,2,2,3,2 ks=0,0,0,0,0,0,0,0,0,0,0,0,0,0,0,0,0,88,0,172,0,0,0,0,0,0,0,0,0,0,0,0,0,205,0,0,0,0,0,0,0,0,0,0,0,0,0,0,0,0,0,0,0,0,0,0,0,0,0,0,0,0,128,0
01036 features=393 size=6 p=1 tap=47 reset=false scheme=2 ops=1,3,3,3,1,3,1,3,3,1,2,3,3,3,3,1,3,3,3,3,0,0,3,2,0,0,0,3,0,3,3,1,1,3,1,1,0,0,0,3,3,1,3,0,3,0,1,1,3,1,3,3,2,1,2,1,3,1,3,3,3,1,3,3 ks=4,0,0,0,0,0,0,0,0,0,0,0,0,0,0,0,0,0,0,171,0,0,0,0,0,0,0,0,0,0,0,0,128,116,0,0,0,0,0,0,0,0,0,0,0,4,0,254,0,0,0,0,0,0,0,0,0,0,0,0,0,0,0,0
01037 features=642 size=12 p=10 tap=41 reset=true scheme=3 ops=0,3,3,3,3,3,3,3,3,3,3,3,3,0,3,3,0,0,3,3,3,0,3,3,3,0,0,3,3,3,3,0,3,3,3,3,0,3,0,3,3,0,3,3,3,0,3,3,3,3,3,3,3,0,3,3,3,0,3,3,3,0,3,0 ks=0,0,0,0,0,0,0,0,0,175,0,0,0,0,0,64,0,88,0,171,0,169,0,0,0,0,0,0,0,0,0,255,128,116,0,0,138,0,0,254,0,0,0,0,0,16,0,0,0,0,0,0,0,0,2,0,0,0,0,0,0,0,0,0
01038 features=520 size=9 p=10 tap=41 reset=false scheme=3 ops=2,3,3,3,3,0,3,3,3,3,3,3,3,3,3,2,3,3,3,3,2,2,1,3,2,2,2,2,2,3,3,2,3,3,2,2,2,2,2,3,3,2,1,3,3,2,0,2,3,2,3,3,1,2,2,2,3,2,3,3,2,2,3,2 ks=0,0,0,0,0,0,0,0,0,175,0,0,4,0,0,91,0,88,0,171,0,0,0,0,0,0,0,0,0,0,0,2,128,116,0,0,0,0,0,0,0,0,0,0,0,0,0,0,0,0,0,0,0,252,0,0,0,0,0,0,0,0,0,0
01039 features=831 size=14 p=5 tap=33 reset=true scheme=3 ops=2,3,3,2,1,3,2,2,3,2,2,3,3,3,3,2,3,3,3,3,2,2,3,3,3,3,2,1,2,3,3,0,0,3,2,2,2,2,2,2,3,1,3,0,3,2,2,2,3,2,2,3,2,2,2,2,3,2,3,3,2,2,1,3 ks=0,0,0,0,0,253,0,0,107,4,0,2,0,0,154,91,0,0,0,164,0,0,0,0,0,0,0,0,0,0,0,64,128,116,0,0,0,0,0,0,0,0,0,0,0,0,0,0,0,0,0,0,0,178,0,0,0,0,64,0,0,0,200,28
01040 features=167 size=6 p=10 tap=54 reset=false scheme=3 ops=1,3,3,3,0,3,1,3,1,3,3,3,3,3,3,1,3,3,3,3,3,3,3,3,3,3,3,1,1,3,3,1,1,3,3,1,1,3,3,3,3,3,3,1,3,3,3,1,3,1,3,3,1,3,3,1,3,1,3,3,3,3,3,1 ks=0,0,0,0,0,0,0,0,0,0,0,0,0,0,0,0,0,0,0,175,0,0,0,0,0,0,0,0,0,0,0,0,252,116,0,0,0,0,0,0,0,4,0,0,0,0,0,0,0,0,0,0,0,252,0,0,0,0,0,0,30,0,0,0
01041 features=590 size=7 p=2 tap=41 reset=true scheme=2 ops=2,3,3,3,3,3,2,3,3,2,3,3,3,3,3,3,3,3,3,3,2,3,3,3,3,3,3,2,3,3,3,3,2,3,3,3,2,2,3,2,3,3,3,3,3,3,2,3,3,2,3,3,3,3,3,3,3,3,3,3,2,2,3,3 ks=0,0,0,0,0,0,0,254,0,0,0,0,0,0,0,0,0,91,0,171,0,0,0,0,0,0,0,0,0,175,0,0,128,60,0,0,0,0,0,0,0,0,0,0,0,0,0,0,0,0,0,0,0,0,0,0,0,0,191,0,0,0,0,0
01042 features=337 size=13 p=1 tap=33 reset=false scheme=2 ops=1,3,3,3,3,3,1,3,1,3,3,1,3,3,3,3,3,3,3,1,3,1,3,3,3,3,0,1,3,3,3,1,1,3,3,1,1,1,3,0,1,3,1,0,3,2,2,2,3,3,1,3,3,3,3,1,3,3,3,3,1,2,1,3 ks=0,0,0,0,0,152,0,136,0,0,0,0,0,0,154,91,208,91,0,171,0,0,0,64,0,2,0,0,0,0,0,8,114,113,0,0,0,0,0,0,0,0,0,0,0,0,0,0,0,0,0,0,0,0,0,0,0,0,0,12,0,0,0,0
01043 features=629 size=8 p=1 tap=41 reset=true scheme=3 ops=2,3,3,3,3,3,2,3,0,3,3,0,3,3,3,3,2,3,3,3,0,2,3,3,3,0,3,0,0,3,3,3,3,3,3,0,0,2,3,2,0,3,3,3,3,2,2,2,3,2,3,3,2,2,2,0,3,2,3,3,3,2,3,3 ks=0,0,0,0,0,0,0,0,0,0,0,0,0,0,0,0,0,0,0,171,0,0,0,0,0,0,0,0,0,0,0,197,128,116,0,0,0,0,0,0,128,253,142,0,0,61,0,0,0,0,0,0,0,0,0,0,0,0,0,0,0,0,0,0
01044 features=680 size=9 p=5 tap=41 reset=false scheme=2 ops=2,3,3,3,0,3,2,2,3,2,2,3,3,3,3,2,3,3,3,3,2,2,2,3,3,3,2,2,2,2,3,2,3,3,2,2,0,2,2,2,3,2,3,3,3,2,2,2,3,2,3,3,2,2,2,2,3,2,3,3,2,2,3,2 ks=0,0,0,0,0,0,2,0,0,0,0,0,0,86,154,91,0,91,66,171,0,0,0,0,0,0,0,0,0,0,0,0,129,198,0,0,0,0,0,0,0,0,0,0,0,0,0,0,0,0,0,0,0,0,0,0,0,0,0,0,0,0,0,0
01045 features=788 size=3 p=1 tap=33 reset=true scheme=2 ops=1,3,3,3,0,3,1,3,1,1,2,1,3,3,3,3,3,3,3,1,3,1,3,3,3,3,0,3,3,3,3,3,3,3,3,1,3,3,3,3,3,3,1,0,3,2,2,2,3,3,1,3,3,3,3,1,3,3,3,3,1,1,1,3 ks=0,0,0,0,0,0,0,0,0,0,0,0,0,0,0,0,0,0,0,0,0,0,0,0,0,0,0,0,0,0,0,32,55,116,0,0,0,0,0,0,0,0,0,0,0,0,0,0,0,0,0,0,0,0,0,0,0,0,0,0,0,0,0,0
01046 features=765 size=8 p=10 tap=41 reset=true scheme=3 ops=2,3,3,3,3,3,3,3,3,3,3,3,3,3,3,2,3,3,3,3,2,2,2,3,2,2,2,2,2,3,3,2,3,3,2,2,2,2,2,3,3,2,3,3,3,2,2,2,3,2,3,3,2,2,2,2,3,2,3,3,2,2,3,2 ks=0,0,2,0,0,0,0,0,0,175,0,0,0,0,253,0,0,0,0,171,0,0,0,0,0,0,0,0,0,0,0,0,53,116,0,0,0,79,0,0,0,0,0,0,0,0,0,0,0,0,0,0,0,0,0,0,0,0,191,0,0,0,0,0
01047 features=375 size=2 p=5 tap=41 reset=true scheme=3 ops=1,2,1,3,1,1,1,2,1,1,1,1,1,1,1,1,1,2,2,1,1,1,2,1,1,3,1,1,1,1,3,3,1,1,1,3,3,2,2,2,3,1,3,1,3,2,2,2,3,2,3,3,2,1,1,1,2,1,1,3,3,3,1,1 ks=0,0,0,0,0,0,0,0,0,0,0,0,0,0,0,0,0,0,0,0,0,0,0,0,0,0,0,0,0,0,0,64,0,0,0,0,0,0,0,0,0,0,0,0,0,0,0,0,0,0,0,0,0,0,0,0,0,0,0,130,0,0,0,0
01048 features=738 size=10 p=2 tap=41 reset=true scheme=3 ops=2,3,3,3,3,3,1,3,3,3,3,2,2,3,3,2,3,3,3,3,2,2,2,3,2,3,2,2,2,3,3,2,3,3,2,2,2,2,2,3,3,1,3,3,3,2,2,2,3,2,3,3,2,2,2,2,1,2,3,3,2,2,3,2 ks=0,64,0,0,0,0,0,0,0,0,0,0,0,0,154,0,254,91,0,171,0,0,28,0,0,0,0,0,0,0,0,0,53,116,0,0,0,0,0,0,0,0,0,0,0,0,0,0,0,0,0,254,0,0,0,0,0,0,0,12,0,0,0,0
01049 features=333 size=5 p=5 tap=47 reset=false scheme=2 ops=1,3,3,3,1,3,1,3,3,1,2,3,3,3,3,1,3,3,3,3,3,3,1,3,3,3,1,1,1,1,3,1,1,3,1,1,0,0,0,3,3,1,3,0,3,0,1,1,3,1,3,3,2,1,3,1,3,1,3,3,3,1,3,3 ks=4,0,0,0,0,0,0,0,0,0,0,0,0,0,0,0,0,0,0,171,0,0,0,0,0,0,16,0,0,0,0,0,128,116,0,0,0,0,0,0,0,0,0,0,0,0,0,0,0,0,0,0,0,0,0,0,0,0,0,0,0,0,0,0
01050 features=924 size=4 p=5 tap=42 reset=true scheme=2 ops=2,3,1,3,2,3,2,2,1,3,2,3,3,3,3,2,3,3,3,3,2,2,2,3,2,2,2,2,2,3,3,2,0,3,2,2,2,2,2,3,3,2,3,3,3,2,2,2,3,2,3,3,2,2,2,2,3,2,3,3,2,2,3,2 ks=0,0,0,0,0,0,0,0,0,0,0,0,0,0,0,0,0,0,0,171,0,0,0,0,0,0,0,0,0,0,0,2,192,116,0,0,0,0,0,0,0,0,0,0,0,0,0,0,0,0,0,0,0,0,0,0,0,0,0,0,0,0,0,0
01051 features=274 size=4 p=5 tap=41 reset=false scheme=3 ops=1,2,1,3,1,1,1,1,1,1,1,1,1,1,3,2,3,3,2,1,1,1,2,1,1,3,1,1,1,1,3,3,1,1,1,3,3,3,2,1,1,1,1,3,1,1,3,1,1,1,3,3,1,0,3,1,2,1,1,3,3,3,1,1 ks=0,0,0,0,0,0,0,0,0,0,0,0,0,0,154,91,0,91,0,0,0,0,0,0,0,0,0,0,0,0,0,0,0,0,0,0,0,0,0,0,0,0,0,0,0,0,0,0,0,0,0,0,0,0,0,0,0,0,0,246,0,0,0,0
01052 features=204 size=14 p=1 tap=41 reset=false scheme=2 ops=1,3,3,3,3,3,1,3,1,1,3,3,3,3,3,3,3,3,3,1,1,1,3,3,3,3,3,1,3,3,3,1,1,3,3,1,1,1,3,1,1,3,3,3,3,3,1,3,3,1,1,3,3,3,3,1,3,3,3,3,1,1,3,3 ks=0,0,0,0,0,152,0,0,0,0,0,0,0,0,154,91,255,91,0,171,0,0,0,64,0,0,0,0,0,0,0,0,128,116,0,0,0,0,0,0,128,0,142,0,0,110,0,0,0,0,0,0,0,0,0,0,0,0,191,12,0,0,0,0
01053 features=713 size=11 p=5 tap=10 reset=false scheme=1 ops=2,2,3,3,2,3,2,2,3,2,2,3,3,3,3,2,3,2,3,3,2,2,2,3,2,3,2,2,2,3,3,2,3,3,2,2,2,2,2,2,3,2,3,3,3,2,2,2,3,2,3,3,2,2,2,2,3,2,3,3,2,2,3,2 ks=0,0,0,252,49,0,0,113,0,0,0,0,0,86,154,91,12,0,0,171,0,0,0,0,0,0,0,0,0,0,0,0,128,116,0,0,0,0,0,0,0,0,0,0,0,0,0,0,0,0,0,0,0,0,0,0,0,0,0,0,0,0,0,254
01054 features=488 size=15 p=5 tap=10 reset=false scheme=1 ops=0,3,3,3,3,3,1,1,3,3,3,3,3,3,3,1,3,3,3,1,1,1,0,3,1,3,1,1,3,3,3,0,0,3,3,1,0,0,1,0,3,1,3,0,3,0,3,3,3,1,0,3,3,3,3,1,3,3,3,3,1,1,3,0 ks=0,0,0,252,0,0,0,0,0,57,0,0,0,86,154,91,212,0,0,171,0,0,0,0,0,0,0,0,0,0,0,0,128,116,0,0,0,0,0,0,0,0,0,0,0,0,0,0,0,128,2,0,175,0,0,0,0,0,191,12,0,0,0,254
01055 features=315 size=14 p=2 tap=41 reset=false scheme=0 ops=1,3,3,3,3,3,1,3,1,1,3,1,1,3,3,3,3,3,3,1,1,1,3,3,3,3,3,1,3,3,3,1,1,3,1,1,0,0,0,3,3,0,3,3,3,3,0,0,1,1,1,3,3,3,3,1,3,3,3,3,1,1,3,1 ks=0,0,0,0,0,128,0,0,0,0,0,0,11,0,154,0,208,91,0,171,0,0,0,64,0,0,0,0,0,0,0,0,128,116,0,0,0,0,0,0,0,0,0,0,0,0,0,0,0,0,0,0,175,0,0,0,0,2,191,12,0,0,0,254
01056 features=645 size=9 p=1 tap=31 reset=true scheme=3 ops=2,3,3,3,3,3,3,3,3,3,3,0,3,3,3,2,3,3,3,3,2,0,2,3,2,2,0,2,2,3,3,0,0,3,1,0,0,0,2,0,0,1,3,3,3,2,2,2,3,2,3,3,3,3,3,3,3,2,3,3,1,1,3,3 ks=0,0,0,0,0,0,0,0,0,175,0,0,0,0,253,91,249,88,0,171,0,128,0,0,0,0,0,0,0,0,0,0,0,0,16,0,0,0,0,0,0,0,0,0,0,0,0,0,0,0,0,0,0,0,0,0,0,0,191,0,0,0,0,0
01057 features=587 size=14 p=1 tap=54 reset=true scheme=3 ops=1,3,1,3,2,3,2,3,1,3,2,3,3,3,3,1,3,3,3,1,1,3,3,3,3,3,1,1,2,3,3,1,2,3,2,1,2,2,2,2,3,1,3,2,3,2,2,3,3,2,3,3,1,3,1,1,3,1,3,3,3,3,3,1 ks=0,0,0,246,0,0,0,0,0,156,0,2,0,86,154,91,212,193,0,171,0,0,0,0,1,0,0,0,0,0,0,0,128,116,0,0,0,0,0,0,0,0,0,0,0,0,0,0,0,0,0,0,0,0,2,0,0,0,0,0,0,2,0,0
01058 features=515 size=3 p=10 tap=41 reset=false scheme=2 ops=2,3,3,3,1,3,1,1,1,3,1,1,3,3,3,3,3,3,3,3,2,2,2,3,3,3,2,1,2,2,3,2,3,3,2,0,0,2,2,2,3,2,3,3,3,2,2,2,3,2,3,3,2,2,2,0,3,2,3,2,2,2,0,2 ks=0,0,0,0,0,0,0,0,0,0,0,0,0,0,0,0,0,0,0,152,0,0,0,0,0,0,0,0,0,0,0,0,129,198,0,0,0,0,0,0,0,0,0,0,0,0,0,0,0,0,0,0,0,0,0,0,0,0,0,0,0,0,0,0
01059 features=655 size=17 p=10 tap=10 reset=false scheme=3 ops=2,3,3,3,2,3,2,2,3,3,2,3,3,3,3,1,3,3,3,1,1,3,2,3,1,3,2,2,2,3,3,0,3,3,2,2,2,2,2,2,3,1,3,0,3,2,2,2,3,1,3,3,2,2,2,1,3,3,3,3,1,1,3,2 ks=0,0,0,2,0,0,0,0,0,38,0,0,0,86,154,91,212,4,254,43,0,0,0,0,0,0,0,253,0,0,0,0,128,116,0,0,0,0,0,0,0,0,0,0,0,0,0,0,0,128,0,1,0,0,0,0,0,0,191,254,0,0,0,254
01060 features=415 size=9 p=5 tap=10 reset=false scheme=1 ops=2,3,3,3,2,3,2,2,3,3,2,3,3,3,3,1,3,3,3,1,1,1,2,3,1,3,2,2,2,3,3,0,3,3,2,2,2,2,2,2,3,1,3,0,3,2,2,2,3,1,1,3,3,3,3,1,3,3,3,3,1,1,3,2 ks=0,0,0,252,0,0,0,0,0,57,152,0,0,86,26,91,212,0,128,0,0,0,0,0,0,0,0,0,0,0,0,0,0,0,0,0,0,0,0,0,0,0,0,0,0,0,0,0,4,0,0,0,0,0,0,0,0,0,0,0,0,0,0,0
01061 features=403 size=16 p=5 tap=33 reset=false scheme=2 ops=1,3,3,3,3,1,1,3,1,1,3,1,3,3,3,3,3,3,3,1,1,1,3,3,3,3,0,1,3,3,3,1,1,3,3,1,1,1,3,0,1,3,1,0,3,2,2,2,3,3,3,3,3,3,3,1,3,3,3,3,1,1,3,3 ks=0,0,0,0,0,152,0,0,0,0,0,0,0,0,154,91,208,91,0,171,0,0,0,64,0,0,0,0,0,0,0,0,163,116,0,2,0,0,0,0,128,0,142,255,0,0,0,0,0,0,0,0,0,0,0,0,0,0,0,12,0,0,200,28
01062 features=539 size=6 p=5 tap=41 reset=false scheme=0 ops=2,3,3,0,3,3,3,3,3,3,3,3,3,2,3,2,3,3,3,3,2,2,2,3,2,2,2,2,2,3,3,0,3,1,2,2,2,2,2,3,3,2,3,3,3,2,2,2,3,2,3,3,2,2,2,0,3,2,3,3,2,2,3,2 ks=0,0,0,0,0,0,0,0,0,175,0,0,0,0,0,0,0,0,0,171,0,0,0,0,0,0,0,0,0,0,0,0,53,116,2,0,0,0,0,0,0,0,0,0,0,0,0,0,0,0,0,0,32,0,0,0,0,0,0,0,0,0,0,0
01063 features=573 size=16 p=5 tap=1 reset=true scheme=2 ops=1,3,3,3,3,3,1,1,1,3,1,1,3,3,3,2,3,3,3,1,1,1,3,3,3,3,3,1,3,3,3,1,1,3,3,1,1,1,3,1,1,3,3,3,3,3,2,0,3,1,1,3,3,3,3,1,3,3,3,3,1,1,3,3 ks=0,0,0,0,0,152,0,0,0,0,0,128,248,0,0,0,0,0,0,171,0,0,0,64,20,0,0,0,0,0,0,0,128,116,0,0,0,0,0,0,128,0,0,0,0,110,128,0,0,0,0,0,175,0,0,0,0,0,191,12,0,0,200,28
01064 features=273 size=13 p=5 tap=40 reset=false scheme=2 ops=1,3,3,3,3,3,1,3,1,3,3,1,3,3,3,3,3,3,3,1,1,1,3,3,3,3,3,1,3,3,3,1,2,2,3,1,1,1,3,1,1,3,3,3,3,2,2,2,3,2,3,3,2,2,2,1,3,2,3,3,1,1,3,3 ks=0,0,0,0,0,152,0,0,0,0,0,0,0,0,154,91,208,91,0,171,0,0,0,64,0,0,0,124,0,0,0,0,128,119,0,0,0,0,0,0,128,0,142,0,0,0,0,0,255,0,0,0,0,0,0,0,0,0,0,0,0,0,0,0
01065 features=553 size=6 p=10 tap=35 reset=true scheme=2 ops=1,3,3,3,1,3,1,3,3,1,3,3,3,3,3,3,3,3,3,3,1,1,1,3,3,3,1,1,3,3,3,3,2,3,1,1,1,3,3,1,3,3,3,3,1,3,1,3,3,3,3,3,1,3,3,3,3,3,3,3,1,1,3,3 ks=0,0,0,0,0,0,0,180,0,0,0,0,0,0,0,91,0,91,0,156,0,0,0,0,0,0,0,0,0,0,0,0,128,120,0,0,0,0,0,0,0,0,0,0,0,0,0,0,0,0,0,0,0,0,0,0,0,0,0,0,0,0,0,0
01066 features=581 size=18 p=1 tap=41 reset=true scheme=3 ops=1,3,3,3,3,3,1,3,3,2,2,3,3,3,3,2,3,3,3,1,1,1,3,3,3,3,3,1,3,3,3,1,1,3,3,1,1,1,3,1,1,3,3,3,3,3,1,3,3,1,1,3,3,3,3,1,3,2,3,3,1,1,3,3 ks=0,0,0,4,0,152,0,0,0,0,0,0,0,0,0,91,0,91,0,0,0,138,0,64,0,0,0,0,0,0,0,0,128,116,0,0,0,3,0,0,128,0,142,0,0,110,192,112,0,128,0,0,175,0,0,0,0,0,0,0,0,0,200,28
01067 features=607 size=15 p=5 tap=41 reset=false scheme=2 ops=2,3,3,3,3,3,3,3,1,3,2,3,3,3,3,1,3,3,3,1,1,1,2,3,1,3,2,2,2,3,3,0,3,3,2,2,2,2,1,3,3,2,3,3,3,2,2,2,3,2,3,3,2,2,2,2,3,2,3,3,2,2,3,2 ks=0,0,0,0,0,0,0,0,0,57,2,0,0,86,154,91,212,0,0,171,0,0,0,0,254,0,0,0,0,0,0,0,53,205,0,0,0,0,0,0,0,0,22,0,0,0,0,0,2,0,0,0,0,0,0,0,0,0,191,12,0,0,128,0
01068 features=571 size=12 p=1 tap=42 reset=false scheme=5 ops=2,3,3,3,3,3,3,3,3,3,3,2,3,3,3,2,3,3,3,3,2,3,2,3,2,2,2,2,2,3,3,2,3,3,2,2,2,2,2,3,3,2,3,3,3,2,2,2,2,2,3,3,2,2,2,2,3,2,3,3,2,2,3,2 ks=0,0,0,0,0,4,0,0,0,175,0,0,0,0,0,91,151,88,4,171,0,0,0,0,0,0,0,0,0,0,0,0,128,116,0,0,0,0,0,0,0,0,0,0,177,0,1,0,0,0,0,0,0,0,0,0,8,0,0,0,0,0,0,0
01069 features=212 size=14 p=5 tap=41 reset=false scheme=1 ops=1,3,3,3,3,3,1,3,1,1,3,1,1,3,3,3,3,3,3,1,1,1,3,3,3,3,3,1,3,3,3,1,1,3,1,1,0,0,0,3,3,1,3,3,3,3,0,0,1,1,1,3,3,3,3,1,3,3,3,3,1,1,3,3 ks=0,0,0,0,0,128,0,0,0,0,0,0,0,0,154,0,208,91,0,171,0,0,0,64,0,0,0,2,0,0,0,0,128,116,0,0,0,0,0,0,0,4,0,0,0,0,0,0,0,0,0,0,175,0,0,0,0,0,191,14,0,0,200,0
01070 features=201 size=17 p=5 tap=34 reset=false scheme=3 ops=1,3,3,3,3,3,1,3,1,1,3,1,1,3,3,3,3,3,0,1,1,1,3,3,3,3,3,1,3,3,3,1,1,3,1,1,0,0,0,3,3,1,3,3,3,3,0,0,3,1,1,3,3,3,3,1,3,3,3,3,1,1,3,3 ks=0,0,0,0,187,147,0,0,0,0,2,0,0,0,154,252,208,91,0,171,0,0,0,64,0,0,0,0,0,0,0,0,128,116,0,0,0,0,0,0,0,4,0,1,0,0,0,0,0,0,0,0,0,0,0,0,0,0,191,12,0,0,200,28
01071 features=521 size=16 p=1 tap=41 reset=true scheme=3 ops=1,3,3,3,3,3,1,3,3,2,2,3,3,3,3,2,3,3,3,1,1,1,3,3,3,3,3,1,3,3,3,1,1,3,3,1,1,1,3,0,1,3,3,3,3,1,1,3,3,1,1,3,3,3,3,1,3,2,3,3,1,1,3,3 ks=0,0,0,0,0,152,0,0,0,0,0,0,0,0,0,91,0,91,0,171,0,138,0,64,0,0,0,0,0,0,0,0,128,116,0,0,0,0,0,0,128,0,142,0,0,110,0,112,0,128,0,0,175,0,0,0,0,0,0,0,0,0,200,28
01072 features=804 size=17 p=10 tap=42 reset=true scheme=3 ops=2,3,3,3,3,3,3,3,3,3,0,3,3,3,3,0,3,3,3,3,3,0,0,3,3,3,2,2,2,3,2,2,3,3,2,2,2,2,2,3,3,2,3,3,3,2,2,2,2,2,3,3,2,2,2,2,3,2,3,3,1,2,3,2 ks=0,0,0,0,252,4,0,0,0,175,77,0,128,86,154,91,12,91,0,199,0,0,0,0,0,0,0,0,0,0,0,0,160,116,0,0,0,1,0,0,0,0,0,0,177,0,0,0,0,0,0,0,0,0,0,0,0,0,0,76,0,0,16,0
01073 features=328 size=20 p=5 tap=41 reset=false scheme=0 ops=1,2,3,3,3,3,1,3,1,3,3,1,3,3,3,2,3,3,3,1,1,1,1,3,3,3,3,1,0,3,3,1,1,3,3,1,0,1,3,3,2,3,3,3,3,2,2,2,3,2,3,3,2,2,2,0,3,2,3,3,1,1,3,3 ks=0,0,0,0,0,152,0,136,0,0,0,0,255,0,154,91,208,91,0,171,0,0,0,64,0,0,0,124,0,0,0,0,128,116,0,254,0,0,0,0,127,0,142,0,0,0,0,0,255,0,0,0,0,0,151,0,0,254,0,254,0,29,0,0
01074 features=757 size=13 p=5 tap=41 reset=false scheme=5 ops=2,3,3,3,0,3,2,2,3,2,2,3,3,3,3,2,3,3,3,0,2,2,2,3,3,3,2,2,2,2,3,2,3,3,2,2,0,2,2,2,3,2,3,3,3,2,2,2,3,2,3,3,2,2,2,2,1,2,3,3,2,2,3,2 ks=0,0,0,0,0,0,218,0,0,0,0,225,0,86,154,0,64,27,0,171,0,0,0,0,0,0,0,0,0,0,0,0,129,198,0,0,0,0,0,0,0,255,0,128,0,0,0,79,0,79,0,0,0,0,0,0,0,0,0,0,0,0,0,0
01075 features=884 size=14 p=1 tap=42 reset=true scheme=3 ops=2,3,3,3,3,3,3,3,3,3,3,0,3,3,3,2,3,3,3,3,2,0,2,3,2,2,2,2,2,3,3,2,3,3,2,2,2,2,2,3,3,2,2,3,3,2,2,0,3,0,2,0,2,2,2,2,1,2,3,3,2,2,0,2 ks=0,0,0,0,0,0,0,0,0,175,0,0,45,0,0,54,151,92,0,171,0,0,0,0,0,0,0,0,0,0,0,0,128,116,0,0,0,0,0,0,0,0,0,0,0,0,0,0,0,0,254,0,0,0,0,0,127,4,128,76,0,3,0,0
01076 features=675 size=12 p=5 tap=10 reset=true scheme=3 ops=2,3,3,3,2,3,2,2,3,3,2,3,3,3,3,2,3,3,3,3,2,2,2,3,2,3,2,2,2,3,3,2,3,3,2,2,0,2,2,2,3,1,3,1,3,2,2,2,3,2,3,3,3,3,3,3,3,2,3,3,2,2,3,2 ks=0,0,0,128,0,0,0,0,0,57,0,0,254,0,154,1,0,0,0,171,0,0,0,0,0,0,0,0,0,0,0,0,128,116,0,0,0,0,0,0,0,0,0,0,0,0,0,0,0,0,0,0,0,0,0,0,0,1,191,12,0,0,252,0
01077 features=929 size=5 p=5 tap=10 reset=true scheme=0 ops=2,3,3,3,2,3,2,2,3,3,2,3,3,3,3,2,3,3,3,3,2,2,2,3,3,2,3,2,2,3,3,2,3,2,2,2,2,2,2,2,3,3,3,3,3,2,2,2,3,2,3,3,3,2,3,3,3,2,3,3,2,2,3,2 ks=0,0,0,0,0,0,0,0,0,57,0,0,0,86,154,64,0,88,0,0,0,0,0,0,0,0,0,0,0,0,0,0,0,0,0,0,0,0,0,0,0,0,0,0,0,0,0,0,0,0,0,0,0,0,0,0,0,0,0,0,0,0,0,0
01078 features=223 size=10 p=5 tap=41 reset=false scheme=2 ops=3,3,3,1,1,3,1,3,3,3,1,3,3,3,3,1,3,3,3,3,1,3,3,3,3,3,1,1,3,3,3,3,1,3,1,3,3,1,1,1,3,1,3,3,3,3,1,3,3,1,3,3,1,1,1,3,3,3,3,3,3,1,3,1 ks=0,0,0,0,0,0,0,0,0,0,0,0,0,0,0,91,0,91,0,171,0,0,0,0,0,0,0,0,0,0,4,0,134,116,0,0,255,2,0,0,0,0,0,0,0,0,0,0,0,0,0,0,0,0,0,0,0,0,64,0,0,0,0,156
01079 features=409 size=7 p=5 tap=41 reset=true scheme=3 ops=1,2,1,3,1,1,2,2,3,2,2,3,3,3,3,2,3,3,2,1,1,1,2,1,2,3,1,1,1,1,3,3,1,1,1,3,3,3,2,1,1,1,1,3,1,1,1,1,1,1,1,1,1,1,1,1,2,1,1,3,3,3,1,1 ks=0,0,0,128,0,0,0,0,0,0,0,0,0,0,154,91,0,91,0,0,0,0,0,0,0,0,0,0,0,0,0,0,0,0,0,0,0,0,0,0,0,0,0,0,0,0,0,0,0,0,0,2,0,0,0,0,0,0,0,246,0,0,255,0
01080 features=524 size=6 p=1 tap=54 reset=true scheme=3 ops=1,3,3,3,3,0,3,1,3,3,3,3,3,3,3,1,3,3,3,3,3,3,3,3,3,3,3,2,2,3,3,0,0,3,2,2,2,2,2,2,3,3,3,1,3,3,3,1,3,1,3,2,1,3,1,1,2,1,3,3,3,3,2,1 ks=0,0,0,0,0,0,0,0,0,0,0,0,0,0,0,0,0,0,0,0,0,0,0,0,0,0,0,255,0,0,0,0,0,0,0,0,0,0,0,0,0,4,64,0,0,0,0,0,0,254,0,0,198,0,0,0,0,0,0,0,0,2,0,0
01081 features=776 size=22 p=5 tap=10 reset=true scheme=3 ops=2,3,3,3,2,3,2,2,3,3,2,3,3,3,3,1,3,3,3,1,1,1,2,3,1,3,2,2,2,3,3,0,3,3,2,2,2,2,2,2,3,1,3,0,3,2,2,2,3,1,1,3,3,3,3,1,3,3,3,3,1,1,3,2 ks=33,0,0,252,187,0,0,0,0,57,0,0,0,86,154,91,212,0,0,171,0,0,0,0,218,0,0,0,101,0,0,0,128,116,0,253,0,0,32,0,0,0,0,0,0,0,0,0,0,128,0,0,175,0,255,0,0,0,191,0,3,0,200,254
01082 features=585 size=12 p=5 tap=41 reset=true scheme=0 ops=1,2,3,3,3,3,1,3,1,3,3,1,3,3,3,3,3,3,3,1,1,1,1,3,3,3,3,1,0,3,3,1,1,3,3,1,0,1,3,3,2,3,3,3,3,3,0,0,1,1,1,2,3,3,3,0,3,2,3,3,1,1,3,3 ks=0,0,0,0,0,152,0,136,0,0,0,0,0,0,154,91,208,91,0,171,0,0,0,64,0,0,0,0,0,0,0,0,128,116,0,0,0,0,0,0,127,0,0,0,0,0,0,0,0,0,0,0,0,0,0,0,0,0,0,254,0,0,0,0
01083 features=512 size=9 p=10 tap=41 reset=false scheme=0 ops=2,3,3,3,0,0,2,2,3,2,2,0,3,3,1,2,2,3,2,1,1,1,3,3,3,3,2,2,1,3,3,0,0,3,2,2,2,2,0,2,3,2,3,1,3,2,2,2,3,2,3,3,3,2,2,2,3,2,3,3,2,2,3,2 ks=0,0,0,0,18,216,0,0,0,0,0,0,0,0,154,0,0,0,0,171,0,0,0,0,0,0,0,0,0,0,0,0,0,116,0,2,0,0,0,0,0,0,0,0,0,0,0,0,0,0,0,0,0,0,0,0,2,0,220,12,0,0,0,0
01084 features=599 size=16 p=5 tap=1 reset=true scheme=2 ops=1,3,3,3,0,3,1,3,3,3,3,1,3,3,3,2,3,3,3,1,1,1,3,3,3,3,3,1,3,3,3,1,1,3,3,1,1,1,3,1,1,3,3,3,3,3,2,0,3,1,1,3,3,3,3,1,3,3,3,3,1,1,3,3 ks=0,0,0,0,127,0,0,0,0,0,0,0,248,0,0,0,0,0,0,171,0,0,0,64,0,0,0,0,0,0,0,0,0,116,0,0,0,64,0,16,136,0,0,0,0,110,128,0,0,0,0,0,175,0,0,0,0,0,191,12,92,0,200,28
01085 features=931 size=6 p=5 tap=41 reset=true scheme=0 ops=2,3,3,0,3,3,3,3,3,3,3,3,3,2,3,2,3,3,3,3,2,0,2,3,2,2,2,2,2,3,3,0,3,3,2,2,2,2,2,3,3,2,3,3,3,2,2,2,3,2,3,3,2,3,2,0,3,2,3,3,0,2,3,2 ks=0,0,0,0,0,0,0,0,0,175,0,0,0,0,0,0,0,88,0,171,0,0,0,128,0,0,0,0,0,0,0,0,53,225,0,0,0,0,0,0,0,0,0,0,0,0,0,0,0,0,0,0,0,0,0,0,0,0,0,0,0,0,0,0
01086 features=200 size=11 p=5 tap=11 reset=false scheme=2 ops=1,3,3,3,3,3,3,3,1,1,1,1,1,3,3,3,3,3,3,1,1,3,3,3,3,3,3,1,3,3,3,1,1,3,1,1,0,3,0,0,3,3,3,3,3,3,0,0,3,1,1,3,3,3,3,1,3,3,3,3,1,1,3,3 ks=0,0,0,0,0,128,0,0,0,0,0,0,240,0,154,0,127,91,0,0,0,0,0,64,0,0,186,0,0,0,252,0,0,0,0,0,0,0,0,0,0,0,0,0,0,0,0,0,0,0,0,0,0,0,0,0,0,0,0,12,0,0,200,1
01087 features=357 size=5 p=5 tap=41 reset=true scheme=3 ops=1,2,1,3,1,1,1,1,1,1,1,1,1,1,3,2,3,3,2,1,1,1,2,1,1,3,1,1,1,1,3,3,1,1,1,3,3,3,2,1,1,1,1,3,1,1,1,1,1,1,3,3,1,0,3,1,2,1,1,3,1,3,1,1 ks=0,0,0,0,0,0,0,0,0,0,0,0,0,0,154,91,0,91,0,0,0,0,0,203,0,0,0,0,0,0,0,0,0,0,0,0,0,0,0,0,0,0,0,0,0,0,0,0,0,0,0,0,0,0,0,0,0,0,0,246,0,0,0,0
01088 features=378 size=9 p=5 tap=41 reset=false scheme=2 ops=2,3,3,3,0,3,1,1,3,3,0,3,3,3,3,3,3,3,3,3,0,0,2,3,3,3,2,1,2,3,3,0,0,3,2,2,0,0,0,3,3,0,3,3,3,3,0,0,3,3,3,3,3,0,3,0,3,0,3,3,0,3,3,0 ks=0,0,0,0,0,0,0,0,0,0,0,0,0,0,0,91,0,88,0,171,0,0,0,0,0,0,0,0,0,0,4,29,134,116,0,0,0,0,0,0,0,4,254,0,0,0,0,0,0,0,0,0,0,0,0,0,0,0,0,0,0,0,0,0
01089 features=492 size=11 p=1 tap=41 reset=false scheme=2 ops=2,3,3,0,1,3,2,2,3,2,2,3,3,3,3,2,3,3,3,0,2,2,2,3,3,3,2,1,2,3,3,0,0,3,2,2,2,1,2,2,3,1,3,3,3,2,2,2,3,1,1,3,3,3,3,1,3,2,3,3,2,2,3,2 ks=0,0,0,0,0,0,0,113,0,0,0,0,0,0,154,91,0,91,0,171,0,0,0,0,0,4,0,0,0,0,4,0,134,116,0,0,0,0,0,0,0,0,0,0,0,0,0,0,0,128,0,0,0,0,0,0,0,0,0,0,0,0,0,156
01090 features=367 size=10 p=2 tap=31 reset=false scheme=1 ops=1,3,3,3,3,3,1,3,1,1,3,1,1,3,3,3,0,3,3,1,1,1,3,3,3,3,3,1,3,3,3,1,1,3,2,2,2,2,0,3,3,1,3,3,3,3,0,0,1,1,1,3,3,3,3,1,3,3,3,3,1,1,3,3 ks=0,0,0,0,0,128,0,0,0,0,0,0,0,0,154,0,18,91,0,171,0,0,0,64,0,0,0,0,0,0,0,0,0,0,0,0,0,0,0,0,0,0,0,0,0,0,0,0,0,0,0,0,0,0,0,0,255,0,191,16,0,0,0,28
01091 features=732 size=7 p=5 tap=41 reset=true scheme=3 ops=2,3,3,3,3,3,3,3,3,3,3,3,3,3,3,2,3,3,3,3,2,2,2,3,2,0,2,2,2,3,3,2,3,3,2,3,2,2,2,3,3,2,3,3,3,2,2,2,3,2,3,3,2,2,2,2,3,2,3,3,2,2,3,2 ks=0,0,2,0,0,0,0,0,0,175,0,0,0,0,0,0,0,88,0,171,0,0,0,0,0,0,0,0,0,0,0,0,192,116,0,0,0,0,0,0,0,0,0,0,0,0,0,254,0,0,0,0,0,0,0,0,0,0,0,0,0,0,0,0
01092 features=257 size=15 p=5 tap=41 reset=false scheme=1 ops=1,3,3,3,3,3,1,3,1,1,3,1,1,3,3,3,3,3,3,1,1,1,3,3,3,3,3,1,3,3,3,1,1,3,1,1,0,0,0,3,3,1,3,3,3,3,0,0,1,1,1,3,3,3,3,1,3,3,3,3,1,1,3,3 ks=0,0,0,0,0,128,0,0,0,0,0,0,0,254,154,0,208,91,0,171,0,0,0,64,0,0,0,2,0,0,0,0,128,116,0,0,0,0,0,0,0,4,0,0,0,0,0,0,0,0,0,0,175,0,0,0,0,0,191,14,0,0,200,0
01093 features=631 size=10 p=5 tap=49 reset=true scheme=3 ops=2,3,3,3,3,3,3,3,3,3,2,3,3,1,3,0,3,3,3,3,0,0,3,3,3,3,2,2,2,3,3,2,3,3,2,1,2,2,2,3,3,2,3,1,3,2,2,2,3,2,3,3,2,2,2,2,3,2,3,3,3,2,3,2 ks=0,0,0,0,0,0,0,0,0,0,0,0,0,0,0,0,0,0,253,0,0,0,0,0,0,0,2,0,0,0,0,32,144,116,128,0,2,0,127,0,0,4,0,0,0,0,0,225,0,0,0,0,0,0,0,0,0,0,0,0,0,0,0,0
01094 features=755 size=18 p=5 tap=10 reset=true scheme=3 ops=2,3,3,3,2,3,2,2,3,3,2,3,3,3,2,3,3,3,3,1,1,1,2,3,1,3,2,2,2,3,2,0,3,3,2,2,2,2,3,1,1,3,3,0,3,2,2,2,3,1,1,3,3,3,3,1,3,3,3,3,1,1,3,2 ks=0,0,0,253,0,0,0,0,0,57,0,0,0,86,154,91,212,0,0,171,0,0,0,0,0,0,0,0,0,0,0,0,128,116,0,0,0,0,0,0,128,0,142,0,0,0,4,0,0,128,0,0,175,0,0,0,0,0,191,12,0,0,200,254
01095 features=451 size=17 p=5 tap=33 reset=false scheme=2 ops=1,3,3,3,3,3,1,3,1,1,3,1,3,3,3,3,3,3,3,1,1,1,3,3,3,3,0,1,3,3,3,1,1,3,3,1,1,1,3,0,1,3,1,0,3,2,2,0,3,3,3,3,3,3,3,1,3,3,3,3,1,1,3,3 ks=0,0,0,0,0,152,0,0,255,0,0,0,0,0,154,91,208,91,0,171,0,0,0,64,0,0,0,124,0,0,0,0,163,116,0,0,0,0,0,0,128,0,142,255,0,0,0,0,0,0,0,0,0,0,0,0,0,0,0,12,0,0,200,28
01096 features=280 size=12 p=1 tap=41 reset=false scheme=2 ops=3,3,3,1,1,3,2,3,3,3,2,3,3,3,3,1,3,3,3,3,1,3,1,3,3,3,1,1,3,3,3,1,1,3,1,3,3,1,1,1,3,1,3,3,3,3,1,3,3,1,3,2,1,1,1,3,3,3,3,3,3,2,3,1 ks=0,0,180,0,0,32,0,0,0,0,0,0,0,0,0,91,0,91,0,171,0,0,0,0,0,0,0,0,0,0,4,0,134,127,0,255,0,2,0,0,0,0,0,0,0,0,0,0,0,0,0,0,0,0,0,0,0,178,64,0,0,0,0,0
01097 features=452 size=11 p=1 tap=41 reset=false scheme=2 ops=2,3,3,2,1,3,2,2,3,2,2,3,3,3,3,2,3,3,3,3,2,2,2,3,3,3,2,1,2,3,3,0,0,3,2,2,2,3,2,3,3,2,3,3,3,2,2,2,3,2,3,3,3,2,2,2,3,2,3,3,2,2,3,2 ks=0,0,0,0,0,0,0,0,0,0,0,0,0,0,154,0,0,0,0,171,0,0,0,0,0,0,0,0,0,3,4,29,134,116,0,0,0,0,0,0,0,0,64,0,0,0,0,0,0,0,0,0,0,4,0,0,0,0,64,0,0,0,0,156
01098 features=433 size=20 p=10 tap=41 reset=false scheme=1 ops=1,3,3,3,3,3,1,3,1,1,3,1,1,3,3,3,3,3,3,1,1,1,3,3,3,3,3,1,3,3,3,1,1,3,1,1,1,0,0,3,3,1,3,3,3,3,0,0,1,1,1,0,3,3,3,1,3,3,3,3,1,1,3,3 ks=0,0,0,0,0,128,0,0,0,0,0,254,3,0,154,0,208,91,0,171,0,0,0,64,0,0,0,0,0,0,0,0,128,114,0,0,0,0,0,0,2,2,4,0,8,0,231,0,0,0,0,0,0,0,0,0,32,0,255,12,0,0,200,28
01099 features=599 size=7 p=10 tap=54 reset=true scheme=3 ops=1,3,1,3,2,3,2,3,1,3,2,3,3,3,3,1,3,3,3,3,3,3,3,3,3,3,0,1,1,3,3,1,0,3,2,2,2,2,2,2,3,1,3,0,3,2,2,3,3,3,3,3,0,3,1,1,3,1,3,3,3,3,3,1 ks=0,0,0,246,0,0,0,0,0,0,0,0,0,142,0,0,0,0,0,167,0,0,0,0,1,0,0,0,0,0,0,0,0,116,0,0,0,0,0,0,0,0,0,0,0,0,0,0,0,0,0,0,0,0,2,0,0,0,0,0,0,2,0,0
01100 features=591 size=13 p=5 tap=40 reset=true scheme=2 ops=1,3,3,3,3,3,1,3,1,3,3,1,3,3,3,3,3,3,3,1,1,1,3,3,3,3,3,1,3,3,3,1,1,3,3,1,1,1,3,1,1,3,3,3,3,2,2,2,3,2,3,3,2,2,2,1,3,2,3,3,1,1,3,3 ks=0,0,0,0,0,152,0,0,0,0,0,0,0,0,154,91,208,91,0,171,0,0,0,64,0,0,0,124,0,0,0,0,128,119,0,0,0,0,0,0,128,0,142,0,0,0,0,0,255,0,0,0,0,0,0,0,0,0,0,0,0,0,0,0
01101 features=804 size=11 p=1 tap=42 reset=true scheme=3 ops=2,3,3,2,1,3,3,3,3,3,3,0,3,3,3,2,3,3,3,3,2,0,2,3,2,2,2,2,2,3,3,2,3,3,2,2,2,2,2,2,3,2,3,3,3,2,2,0,2,2,3,2,2,2,2,2,3,2,3,3,2,2,3,2 ks=0,0,0,0,0,0,0,0,8,174,0,0,0,0,0,91,77,92,0,171,0,0,0,0,0,122,0,0,0,0,0,0,128,116,0,0,0,0,0,0,0,252,0,0,0,0,0,0,0,0,0,0,0,0,0,0,0,0,1,0,0,0,0,0
01102 features=791 size=12 p=5 tap=42 reset=true scheme=3 ops=2,3,3,3,3,3,3,3,3,3,3,0,3,3,3,2,3,3,3,3,2,0,2,3,2,2,2,2,2,3,3,2,3,3,2,2,2,2,2,3,3,2,3,3,3,2,2,2,2,2,3,2,2,2,2,2,3,2,3,3,2,2,3,2 ks=0,0,0,0,0,4,0,0,0,175,0,0,0,0,0,91,151,88,0,171,0,0,0,0,0,0,0,0,0,0,0,0,128,116,0,0,0,1,0,0,0,0,0,0,177,0,0,0,0,0,0,0,0,0,0,0,0,0,0,249,0,0,16,0
01103 features=746 size=9 p=2 tap=41 reset=true scheme=3 ops=2,3,3,3,3,3,0,3,3,0,3,2,3,3,3,2,3,3,3,3,2,2,2,3,2,3,2,2,2,3,3,2,3,3,2,2,2,2,2,1,3,1,3,0,3,2,2,2,3,2,3,3,2,2,2,2,3,2,3,3,2,2,3,2 ks=0,0,0,0,0,0,0,0,0,0,0,0,8,0,154,0,0,0,0,171,0,0,28,0,0,0,0,0,0,0,255,0,53,116,0,0,0,0,0,0,0,0,0,0,254,0,0,0,0,0,0,0,0,0,0,0,0,0,0,12,0,0,0,0
01104 features=378 size=13 p=2 tap=31 reset=false scheme=1 ops=1,3,3,3,3,3,1,3,1,1,3,1,1,3,3,3,0,3,3,1,1,1,3,3,3,3,3,1,3,3,3,1,1,3,2,2,2,2,0,3,3,1,3,3,3,3,0,0,1,1,1,3,3,3,3,1,3,3,3,3,1,1,3,3 ks=0,0,0,0,0,128,253,64,0,0,0,0,0,0,154,0,18,91,0,171,0,0,0,64,0,0,0,0,0,0,0,128,0,0,0,0,0,0,0,0,0,0,0,0,0,0,0,0,0,0,0,0,0,0,0,0,255,0,159,16,0,0,0,28
01105 features=428 size=17 p=5 tap=33 reset=false scheme=2 ops=1,3,3,3,3,3,1,3,1,1,3,1,3,3,3,3,3,3,3,1,1,1,3,3,3,3,0,1,3,3,3,1,1,3,3,1,1,1,3,0,1,3,1,0,3,2,2,0,3,3,3,3,3,3,3,1,3,3,3,3,1,1,3,3 ks=0,0,0,0,0,152,0,0,255,0,0,0,0,0,154,91,208,91,0,171,0,0,0,64,0,0,0,124,0,0,0,0,163,116,0,0,0,0,0,0,128,0,142,75,0,0,0,0,0,0,0,0,0,0,0,0,0,0,0,12,0,0,200,28
01106 features=485 size=13 p=10 tap=41 reset=false scheme=1 ops=2,3,3,3,3,3,3,1,3,1,3,3,3,3,3,1,3,3,3,3,2,2,2,3,3,3,2,2,2,3,3,3,1,3,2,2,2,2,2,3,3,1,3,3,3,2,2,2,3,2,3,3,3,2,2,2,3,2,3,3,2,2,2,1 ks=0,0,0,0,89,0,0,220,0,0,0,0,0,0,0,0,0,0,0,167,0,0,127,0,0,0,118,0,0,0,2,254,128,52,0,2,0,0,0,0,0,4,0,0,0,0,0,254,252,0,0,0,0,0,0,0,0,0,0,0,0,0,0,0
01107 features=603 size=9 p=1 tap=41 reset=false scheme=2 ops=2,3,1,3,2,3,2,3,1,3,2,3,3,3,3,2,3,3,3,3,2,2,2,3,2,2,2,2,2,3,3,2,0,1,1,3,1,3,1,1,3,2,3,3,1,2,2,2,3,2,3,3,2,2,2,2,3,2,3,3,2,2,3,2 ks=0,0,0,0,0,0,0,0,0,0,0,0,0,0,0,0,0,0,255,171,0,0,0,0,0,0,0,0,0,0,50,0,129,2,204,0,158,87,0,0,0,0,0,0,0,1,0,0,0,0,0,0,0,0,0,0,0,0,0,0,0,0,0,0
01108 features=537 size=7 p=1 tap=41 reset=false scheme=3 ops=2,3,3,3,3,1,3,3,1,3,2,3,3,3,3,2,3,3,3,3,2,2,2,3,2,2,2,2,2,3,3,2,3,3,2,2,2,2,2,3,3,2,3,3,3,2,2,2,3,2,3,3,2,2,2,2,3,2,3,3,2,2,3,1 ks=0,0,45,0,0,0,0,0,0,0,0,0,0,0,0,0,0,0,0,171,0,0,0,0,0,0,0,0,16,220,0,0,49,116,0,0,0,0,0,0,0,0,0,0,0,0,0,0,0,0,0,0,0,0,0,0,0,249,0,0,0,0,0,0
01109 features=423 size=8 p=5 tap=41 reset=true scheme=3 ops=1,2,1,3,1,3,3,3,3,3,3,3,3,3,3,2,1,2,2,1,1,1,2,1,1,3,1,1,1,1,3,3,1,1,1,3,3,3,2,1,1,1,1,3,1,1,1,1,1,1,1,1,1,1,3,1,2,1,1,3,3,3,1,1 ks=0,0,0,0,0,0,0,0,0,175,126,0,0,0,0,0,0,1,0,0,0,0,0,2,0,0,0,0,0,0,0,0,127,0,0,0,0,0,0,0,0,0,0,0,0,0,0,0,0,0,0,2,0,127,0,0,0,0,0,246,0,0,0,0
01110 features=646 size=6 p=5 tap=41 reset=false scheme=0 ops=2,3,3,3,0,3,2,2,3,3,0,3,3,3,3,2,3,3,3,3,2,2,2,3,0,3,2,1,2,3,3,0,0,1,2,3,2,2,2,2,3,2,3,0,2,2,2,2,3,2,3,2,2,2,2,2,3,2,3,3,2,2,3,2 ks=0,0,0,0,0,0,0,0,0,0,0,0,0,0,0,0,0,0,80,152,0,0,0,0,0,0,0,0,0,0,0,156,128,114,0,0,0,0,0,0,0,253,0,0,0,0,0,0,0,0,0,0,0,0,0,0,0,0,0,0,0,0,0,0
01111 features=940 size=3 p=10 tap=33 reset=true scheme=2 ops=3,3,3,3,3,3,2,3,2,2,3,0,3,3,3,3,0,3,3,0,3,2,3,3,3,3,0,0,3,3,3,3,0,3,3,2,0,0,3,0,3,3,3,0,3,2,2,2,3,3,3,3,3,3,3,2,3,3,3,2,0,0,0,2 ks=0,0,0,0,0,0,0,0,0,0,0,0,0,0,0,0,0,0,0,0,0,0,0,0,0,0,0,0,0,0,0,8,179,116,0,0,0,0,0,0,0,0,0,0,0,0,0,0,0,0,0,0,0,0,0,0,0,0,0,0,0,0,0,0
01112 features=319 size=6 p=5 tap=47 reset=false scheme=2 ops=1,3,3,3,1,3,1,3,3,1,2,3,3,3,3,1,3,3,3,3,3,3,1,3,3,3,1,1,1,1,3,1,1,3,1,1,0,0,0,3,3,1,3,0,3,0,1,1,3,1,3,3,2,1,3,1,3,1,3,3,3,1,3,3 ks=0,0,0,0,79,0,0,0,0,3,0,0,0,0,0,0,0,0,0,171,254,0,0,0,0,0,0,0,0,0,0,0,128,114,0,0,0,0,0,0,0,0,0,0,0,0,0,0,0,0,0,0,0,0,0,0,0,0,0,0,0,0,0,0
01113 features=413 size=17 p=10 tap=33 reset=false scheme=2 ops=1,3,3,3,3,3,1,3,1,1,3,1,3,3,3,3,3,3,3,1,3,1,3,3,3,3,0,1,3,3,3,3,1,3,1,3,3,1,1,0,1,3,1,0,3,2,2,2,3,3,3,3,3,3,3,1,3,3,3,3,1,1,1,3 ks=0,0,0,0,0,152,0,0,0,0,0,0,0,0,155,91,208,91,0,171,0,0,0,64,0,0,0,124,0,0,4,0,134,116,0,0,0,2,0,0,128,0,0,255,0,0,0,0,0,0,0,0,0,0,0,0,0,0,0,12,0,0,200,28
01114 features=394 size=6 p=5 tap=41 reset=true scheme=3 ops=1,2,1,3,1,1,1,1,1,1,1,1,1,1,3,2,3,1,2,2,2,1,2,1,1,3,1,1,1,1,3,3,1,1,1,3,3,3,2,1,1,1,1,3,1,1,1,1,1,1,3,3,1,0,3,1,2,1,1,3,3,3,1,1 ks=0,0,0,0,0,128,0,0,0,0,0,0,0,0,154,91,0,88,0,171,0,0,0,0,0,0,0,0,0,0,0,0,0,0,0,0,0,0,0,0,0,0,0,0,0,0,0,0,0,0,0,0,0,0,0,0,0,0,0,246,0,0,0,0
01115 features=262 size=4 p=5 tap=41 reset=false scheme=3 ops=1,2,1,3,1,1,1,1,1,1,1,1,1,1,1,1,1,2,2,1,1,1,2,1,1,3,1,1,1,1,3,3,1,1,1,3,3,3,2,1,1,1,1,3,1,1,1,0,3,1,3,3,1,0,3,1,2,1,1,3,3,3,2,1 ks=0,0,88,0,0,0,0,0,0,0,0,0,0,0,0,0,0,182,0,0,0,0,0,0,0,0,0,0,0,0,0,0,0,0,0,0,0,0,0,0,0,32,0,0,0,0,0,0,0,0,0,0,0,0,0,0,0,0,0,246,0,0,0,0
01116 features=452 size=10 p=5 tap=41 reset=false scheme=2 ops=3,3,3,3,0,3,1,3,3,3,3,1,3,3,3,2,3,3,0,3,2,1,3,3,3,3,2,1,2,2,3,2,3,3,2,2,2,2,2,2,3,2,3,3,3,2,2,2,3,2,3,3,2,2,2,2,3,2,3,3,2,1,1,3 ks=0,0,0,0,0,152,0,0,0,0,0,0,128,86,154,91,0,0,66,171,0,0,0,233,0,0,0,0,0,0,0,0,129,198,0,0,0,0,0,0,0,0,0,0,0,0,0,0,0,0,0,0,0,0,0,0,0,0,0,0,0,0,0,0
01117 features=546 size=8 p=2 tap=41 reset=false scheme=2 ops=2,3,3,2,1,3,2,2,3,2,2,3,3,3,3,2,3,3,3,3,3,3,3,3,3,3,2,2,2,3,3,2,2,3,2,3,3,2,2,2,3,2,3,3,3,2,2,2,3,2,2,3,2,2,2,2,3,2,3,3,2,2,3,2 ks=0,0,0,0,0,0,0,109,0,0,0,248,0,0,0,0,0,91,0,156,0,0,0,0,0,0,0,127,0,0,0,0,128,120,0,30,0,0,0,0,0,0,0,0,0,0,0,0,0,0,0,0,0,0,0,0,0,0,0,0,0,0,0,0
01118 features=825 size=13 p=1 tap=42 reset=true scheme=3 ops=2,2,3,3,3,3,3,3,3,3,3,0,3,3,3,2,3,3,3,3,2,0,2,3,2,3,2,2,2,3,3,2,3,3,2,2,2,2,2,3,3,2,3,2,3,2,2,2,2,2,3,2,2,2,2,2,3,2,3,3,2,2,3,2 ks=0,0,0,0,0,4,1,0,0,175,0,0,0,0,0,91,151,92,0,171,0,3,0,0,0,0,0,0,0,0,0,0,128,116,0,0,0,0,0,0,0,0,0,0,0,0,0,0,0,0,0,0,0,0,0,0,127,0,128,76,0,0,0,0
01119 features=237 size=17 p=1 tap=41 reset=false scheme=3 ops=1,3,3,3,2,3,1,3,1,3,3,1,3,3,3,3,3,3,3,1,1,1,3,3,3,3,3,1,0,3,3,1,1,3,3,1,0,1,3,1,1,3,3,3,3,2,2,0,3,2,3,3,2,2,2,0,3,2,3,3,1,1,3,3 ks=0,0,0,0,0,152,0,0,0,0,0,0,0,124,154,91,208,91,0,171,0,0,0,64,0,0,0,124,0,0,0,0,128,128,0,0,255,41,179,0,128,0,142,0,0,0,0,0,255,0,0,0,0,0,0,0,0,0,0,0,0,0,0,0
01120 features=492 size=13 p=5 tap=10 reset=false scheme=4 ops=2,3,3,3,2,3,2,2,3,3,2,3,3,3,3,2,3,3,3,3,2,2,2,3,2,3,2,2,2,3,3,2,3,3,2,2,1,2,2,2,3,3,3,0,3,2,2,2,3,2,3,3,3,3,3,3,3,2,3,3,2,2,3,2 ks=0,0,0,252,2,1,0,0,0,57,0,0,0,86,154,91,0,0,0,171,0,0,0,0,0,0,0,0,0,32,0,0,128,116,0,0,0,0,0,0,0,0,0,0,0,0,254,0,0,0,0,0,0,0,0,0,0,0,191,0,0,0,0,0
01121 features=500 size=9 p=2 tap=31 reset=false scheme=1 ops=1,3,3,3,3,3,1,3,1,1,3,1,1,3,3,3,0,3,3,1,1,0,3,3,3,3,3,1,3,3,3,1,1,3,2,2,2,2,0,3,3,1,3,3,3,3,0,0,1,1,1,3,3,3,2,0,3,2,3,3,1,1,3,3 ks=0,0,0,0,0,132,0,0,0,0,0,0,0,0,154,0,18,91,0,171,0,0,4,64,0,0,0,0,0,0,0,0,0,0,0,0,0,0,0,0,0,0,0,0,0,0,0,0,0,0,0,157,0,0,0,0,0,0,0,0,0,0,0,28
01122 features=658 size=8 p=5 tap=30 reset=true scheme=2 ops=3,3,3,3,3,3,3,3,3,2,2,3,3,3,3,2,3,3,3,3,3,3,3,3,3,3,2,2,2,3,3,2,3,3,3,3,3,2,3,3,3,2,3,3,3,3,3,3,3,3,3,3,3,3,0,2,3,3,3,3,3,3,3,3 ks=0,0,0,0,0,0,0,0,0,0,0,0,0,0,0,89,252,91,0,171,0,0,0,0,0,0,0,0,0,0,0,0,128,0,64,0,0,0,0,0,4,0,128,0,0,0,0,0,0,0,0,0,0,0,0,0,0,0,0,0,0,0,0,0
01123 features=856 size=18 p=1 tap=42 reset=true scheme=3 ops=2,3,3,3,3,3,3,3,3,3,3,0,3,3,3,2,3,3,3,3,2,0,2,3,2,2,2,2,2,3,3,2,3,3,2,2,2,2,2,3,3,2,2,3,3,2,2,0,3,0,2,0,2,2,2,2,1,2,3,3,2,2,0,2 ks=0,196,0,0,0,0,0,0,0,175,0,0,45,0,0,54,151,92,0,171,0,0,0,0,0,0,0,0,0,0,0,0,128,116,0,0,0,0,127,101,0,0,0,0,0,1,0,0,0,0,254,0,0,0,0,0,127,4,128,76,0,3,0,0
01124 features=777 size=9 p=10 tap=55 reset=true scheme=2 ops=3,3,3,3,3,3,0,3,0,3,3,3,3,3,3,3,3,3,3,3,3,3,3,3,0,3,0,3,0,3,3,3,3,3,0,0,0,0,3,3,3,0,3,0,3,3,3,3,3,3,3,3,0,0,0,0,3,0,3,3,0,3,3,0 ks=0,0,0,0,0,0,0,0,0,0,0,0,0,0,0,188,0,0,0,0,117,0,0,0,0,0,0,0,0,0,0,0,255,116,0,0,0,207,0,0,0,4,0,0,0,110,0,0,0,87,0,0,0,0,0,0,0,0,0,0,0,0,255,0
01125 features=776 size=18 p=5 tap=10 reset=true scheme=3 ops=2,3,3,3,2,3,2,2,3,3,2,3,3,3,2,3,3,3,3,1,1,1,2,3,1,3,2,2,2,3,2,0,3,3,2,2,2,2,3,1,1,3,3,0,3,2,2,2,3,1,1,3,3,3,3,1,3,3,3,3,1,1,3,2 ks=0,0,0,253,0,0,0,0,0,57,0,0,0,86,154,91,212,0,0,171,0,0,0,0,0,0,0,0,0,0,0,0,128,116,0,0,0,0,0,0,128,0,142,0,0,0,4,0,0,128,0,0,171,0,0,0,0,0,191,28,0,0,200,254
01126 features=850 size=4 p=1 tap=41 reset=true scheme=2 ops=2,3,3,3,1,3,1,1,1,3,1,1,1,3,3,2,3,3,3,3,2,0,2,3,2,2,2,0,2,3,3,0,0,3,1,0,0,2,1,1,3,2,3,3,3,2,2,2,3,2,0,3,2,2,2,3,3,2,3,3,2,2,3,2 ks=0,0,0,0,0,0,0,0,0,0,0,0,0,0,0,0,0,0,0,171,0,0,0,0,0,0,0,0,0,0,0,0,100,116,0,0,0,0,0,0,0,58,0,0,0,0,0,0,0,0,0,0,0,0,0,0,0,0,0,0,0,0,0,0
01127 features=944 size=9 p=10 tap=33 reset=true scheme=2 ops=2,3,3,3,0,3,0,2,3,2,2,3,3,3,3,2,3,3,3,0,2,2,2,3,3,2,2,2,2,3,3,2,3,3,2,3,2,2,2,2,3,2,3,0,2,2,2,2,3,2,3,1,3,2,2,2,3,2,3,3,3,2,1,2 ks=0,0,0,128,0,152,0,113,0,0,0,0,0,0,154,91,0,91,0,171,0,0,0,0,0,0,0,0,0,0,0,0,128,116,0,0,0,0,0,0,0,0,0,0,0,0,0,0,0,0,0,0,0,0,0,0,0,0,0,0,0,0,0,0
01128 features=681 size=7 p=5 tap=41 reset=false scheme=4 ops=2,3,3,3,0,3,2,2,3,3,0,3,3,3,3,2,3,3,3,3,2,2,2,3,0,3,2,1,2,3,3,0,0,1,2,3,2,2,2,2,3,2,3,0,2,2,2,2,3,2,3,3,2,2,2,2,3,2,3,3,2,2,3,2 ks=0,0,0,0,0,0,0,0,0,0,0,0,0,0,0,0,0,0,0,152,0,0,0,0,0,0,0,0,0,0,0,156,128,116,0,0,0,0,0,0,0,253,0,0,0,0,0,255,0,0,0,1,0,0,0,0,0,0,0,0,0,0,0,0
01129 features=520 size=8 p=10 tap=41 reset=false scheme=1 ops=2,3,3,3,3,3,3,1,3,3,3,3,3,3,3,1,3,3,3,3,2,2,2,3,3,3,2,2,2,3,3,3,1,3,2,2,2,2,2,2,3,1,3,3,3,2,2,2,3,2,3,3,1,2,2,2,3,2,3,3,2,2,2,1 ks=0,0,0,0,89,0,0,220,0,0,0,0,0,0,0,0,0,0,0,167,0,0,0,0,0,0,118,0,0,0,2,0,128,52,0,0,0,0,0,0,0,0,0,0,0,0,0,0,0,0,0,0,0,0,0,0,0,0,0,0,0,0,0,237
01130 features=813 size=3 p=10 tap=33 reset=true scheme=2 ops=3,3,3,3,3,3,3,3,2,2,3,3,3,3,3,3,3,3,3,3,3,2,3,3,3,3,3,3,3,3,3,3,3,3,3,2,3,3,3,3,3,3,3,3,3,2,2,2,3,3,3,3,3,3,2,2,3,3,3,2,2,2,2,2 ks=0,0,0,0,0,0,0,0,0,0,0,0,0,0,0,0,0,0,0,0,0,0,0,0,0,0,0,0,0,0,0,8,179,116,0,0,0,0,0,0,0,0,0,0,0,0,0,0,0,0,0,0,0,0,0,0,0,0,0,0,0,0,0,0
01131 features=533 size=7 p=5 tap=41 reset=false scheme=0 ops=2,3,3,0,3,3,3,3,3,3,3,3,3,2,3,2,3,3,3,3,2,2,2,3,2,2,2,2,2,3,3,0,3,1,1,1,0,0,0,3,3,2,3,3,3,2,2,2,3,2,3,3,2,2,2,0,3,2,3,3,2,2,3,2 ks=0,0,0,0,0,0,0,0,0,175,0,155,0,0,0,0,0,0,0,171,0,0,0,0,0,0,0,0,0,0,0,0,53,116,0,254,0,0,0,73,0,0,0,0,0,0,0,0,0,0,0,0,0,0,0,0,0,0,0,0,0,0,0,0
01132 features=468 size=11 p=2 tap=27 reset=false scheme=2 ops=2,3,3,2,1,3,2,2,3,2,2,3,3,3,3,2,3,3,3,3,2,2,2,3,3,3,2,2,2,3,3,2,3,3,2,2,2,2,2,3,3,2,3,2,3,2,2,2,3,3,3,3,3,2,2,2,3,2,3,3,2,2,3,2 ks=0,0,0,0,0,0,0,0,0,0,0,0,0,0,154,91,0,91,0,171,0,0,0,0,0,127,0,0,0,0,0,32,53,116,0,0,0,0,0,0,0,4,0,0,0,0,0,0,127,0,0,0,0,127,0,0,0,0,0,0,0,0,0,0
01133 features=315 size=14 p=5 tap=41 reset=false scheme=2 ops=1,3,3,3,3,3,1,3,1,1,2,0,1,3,3,3,3,3,3,1,1,1,3,3,3,3,3,1,3,3,3,1,1,3,1,1,0,2,0,2,3,2,3,3,2,3,0,0,3,1,1,3,3,3,3,1,3,3,3,3,1,1,3,3 ks=0,0,0,0,0,128,0,0,0,0,0,0,0,0,154,0,208,91,0,171,0,0,0,64,0,0,0,0,0,0,0,32,128,116,0,0,0,0,0,0,0,0,0,0,0,8,0,0,0,0,0,0,0,0,0,0,0,0,191,12,0,0,200,28
01134 features=527 size=10 p=10 tap=41 reset=false scheme=2 ops=2,3,3,2,1,3,2,2,3,2,2,3,3,3,3,2,3,3,3,3,2,2,2,3,3,3,2,1,3,3,3,1,1,3,3,1,1,0,3,1,1,3,3,3,3,2,2,2,3,2,3,3,2,2,2,2,3,2,3,3,2,2,3,2 ks=0,0,0,0,0,0,0,0,0,0,0,0,0,0,154,91,0,91,0,163,0,0,0,0,0,0,0,2,0,0,0,0,128,116,0,0,0,0,0,128,128,0,142,0,0,0,0,0,0,0,0,0,0,0,0,0,0,0,0,0,0,0,0,0
01135 features=417 size=9 p=5 tap=41 reset=false scheme=2 ops=3,3,3,3,0,3,1,3,3,3,3,3,3,3,3,2,3,3,0,3,2,1,3,3,3,3,2,2,2,2,3,2,3,3,2,2,2,2,2,2,3,2,3,3,3,2,2,2,3,2,3,3,2,2,2,2,3,2,3,3,3,3,3,0 ks=0,0,0,0,0,0,0,0,0,0,0,0,128,86,154,91,0,0,66,171,0,0,0,0,0,0,0,0,0,0,0,0,129,198,0,0,0,0,0,0,0,0,0,0,0,0,0,0,0,0,0,0,0,0,0,0,0,0,0,0,0,255,0,0
01136 features=361 size=13 p=10 tap=41 reset=false scheme=2 ops=3,3,3,3,3,3,3,3,0,3,3,0,3,3,3,3,3,3,3,0,3,0,3,3,3,3,3,0,3,3,3,0,0,1,3,0,0,3,3,0,3,3,3,3,3,0,0,3,3,3,3,3,0,3,3,0,3,0,3,3,3,0,3,3 ks=0,0,0,0,0,152,0,0,0,0,0,0,0,0,154,91,208,91,0,171,0,0,0,64,0,0,0,124,0,0,0,0,128,119,0,0,0,0,0,0,128,0,142,0,0,0,0,0,255,0,0,0,0,0,0,0,0,0,0,0,0,0,0,0
01137 features=443 size=13 p=2 tap=31 reset=false scheme=1 ops=1,3,3,3,3,3,1,3,1,1,3,1,1,3,3,3,0,3,3,1,1,1,3,3,3,3,3,1,3,3,3,1,1,3,2,2,2,2,0,3,3,1,3,3,3,3,0,0,3,2,3,3,3,3,3,1,3,3,3,3,1,1,3,3 ks=0,0,0,0,0,128,253,64,0,0,0,0,0,0,154,0,18,91,0,171,0,0,0,64,0,0,0,0,0,0,0,128,0,0,0,0,0,0,0,0,0,0,0,0,0,0,0,0,0,0,0,0,0,0,0,0,255,0,159,16,0,0,0,28
01138 features=561 size=5 p=10 tap=42 reset=false scheme=2 ops=2,3,3,3,0,3,2,2,3,2,2,3,3,3,3,2,3,3,3,3,3,1,3,3,3,3,2,1,2,3,3,0,0,3,1,0,0,2,2,2,3,2,3,3,3,2,2,2,3,2,3,3,2,2,2,0,3,2,3,3,2,2,3,2 ks=0,0,0,0,0,0,0,180,0,0,0,0,0,0,0,0,0,1,0,152,0,0,0,0,0,0,0,0,0,0,0,0,128,120,0,0,0,0,0,0,0,0,0,0,0,0,0,0,0,0,0,0,0,0,0,0,0,0,0,0,0,0,0,0
01139 features=961 size=3 p=5 tap=41 reset=true scheme=2 ops=2,2,3,3,0,3,2,2,3,3,0,3,3,3,3,2,3,3,3,3,2,2,2,3,0,3,2,1,2,3,3,0,0,3,1,0,0,2,2,2,3,2,3,3,3,2,2,2,3,2,3,3,1,2,2,0,3,2,2,3,2,2,3,2 ks=0,0,0,0,0,0,0,0,0,0,0,0,0,0,0,0,0,0,0,152,0,0,0,0,0,0,0,0,0,0,0,0,208,128,0,0,0,0,0,0,0,0,0,0,0,0,0,0,0,0,0,0,0,0,0,0,0,0,0,0,0,0,0,0
01140 features=468 size=21 p=10 tap=33 reset=false scheme=1 ops=1,3,3,3,3,3,1,3,1,1,3,1,3,3,3,3,3,3,3,1,3,1,3,3,3,3,0,1,3,3,3,2,1,3,3,1,1,1,3,0,1,3,1,0,3,2,2,2,0,3,3,3,3,3,3,1,3,3,3,3,1,1,1,3 ks=0,0,0,0,0,152,0,0,0,0,0,0,0,0,154,91,208,91,0,171,0,0,0,64,0,0,18,124,0,0,0,24,163,116,0,0,0,0,128,0,0,0,142,255,0,0,0,0,73,253,0,0,0,0,0,128,0,0,0,12,0,0,200,28
