00000 features=806 size=29 p=5 tap=41 reset=false scheme=2 ops=2,3,3,3,0,3,1,1,0,0,0,0,3,1,3,2,3,3,1,0,0,0,0,3,3,0,2,1,2,3,3,0,0,3,1,0,0,0,2,0,0,1,3,0,3,2,1,2,1,2,1,3,1,1,0,1,0,2,3,0,0,0,3,1 ks=0,0,0,0,89,152,0,0,0,0,77,0,0,86,154,91,208,91,0,171,0,0,0,0,76,0,161,124,82,0,0,0,128,116,204,0,158,87,0,0,0,0,142,0,0,110,0,112,139,0,0,0,175,0,172,198,0,0,191,12,0,0,200,28
00001 features=900 size=23 p=2 tap=5 reset=true scheme=5 ops=0,1,3,3,2,1,2,0,0,1,3,2,3,3,0,0,3,0,3,2,1,2,1,1,1,2,0,2,0,1,3,0,0,0,3,3,2,1,2,2,2,0,3,3,0,2,0,2,2,1,3,0,3,2,2,2,1,0,2,3,2,2,0,3 ks=0,0,177,0,199,11,117,0,0,100,193,239,0,199,17,143,0,0,0,119,0,0,41,0,0,0,208,147,0,229,0,0,191,0,0,0,0,0,0,0,0,0,0,28,0,227,0,0,11,0,0,0,185,0,28,63,0,0,0,61,0,0,0,0
00002 features=916 size=44 p=10 tap=53 reset=false scheme=4 ops=1,3,3,1,1,3,2,1,1,2,2,2,3,0,0,1,0,3,3,0,2,2,3,3,0,3,0,1,0,1,2,1,2,1,0,1,3,3,1,2,3,3,3,2,1,2,2,2,2,0,1,2,1,2,1,3,2,2,3,3,3,1,3,0 ks=106,0,39,1,0,178,18,20,0,0,101,253,255,209,0,149,6,0,171,0,229,60,75,105,0,0,0,191,6,251,115,221,184,12,220,22,190,209,0,0,52,0,85,0,155,3,1,0,187,114,155,0,0,92,153,0,49,0,0,107,165,172,83,76
00003 features=619 size=41 p=1 tap=47 reset=false scheme=1 ops=1,1,0,3,2,1,1,3,1,0,2,1,1,3,2,2,1,0,0,3,0,0,2,0,1,3,0,1,1,3,3,1,1,2,3,1,3,3,2,3,3,1,3,3,2,1,0,2,3,1,0,3,2,0,3,1,1,1,0,1,0,3,2,1 ks=0,208,86,201,205,0,244,0,129,168,213,40,76,0,101,251,0,226,228,205,0,140,27,255,0,185,157,0,0,204,35,155,0,0,0,232,76,242,0,35,0,0,0,0,177,119,0,195,108,143,254,0,80,156,206,101,121,50,0,0,0,167,0,13
00004 features=722 size=21 p=2 tap=52 reset=true scheme=3 ops=0,0,0,1,3,3,2,2,0,2,2,3,3,0,1,3,1,1,2,2,1,1,0,1,0,1,0,2,1,2,0,2,3,3,1,3,1,3,1,0,1,3,3,3,1,0,0,3,2,3,3,0,3,1,3,0,3,1,2,0,0,0,1,0 ks=0,0,4,0,0,27,2,0,0,71,4,176,0,0,0,0,0,0,0,0,0,94,130,0,0,0,150,0,92,0,201,17,0,0,0,0,65,0,0,102,0,0,0,42,0,0,0,0,0,0,224,0,0,0,134,0,0,0,0,55,44,0,21,114
00005 features=1008 size=64 p=5 tap=55 reset=false scheme=4 ops=3,2,1,1,2,3,3,2,2,3,2,2,1,3,3,0,2,0,2,1,0,3,1,0,2,1,1,1,1,0,2,2,3,2,0,2,0,2,3,2,3,3,1,0,2,1,3,3,0,0,1,3,2,2,3,3,2,0,0,0,1,1,3,1 ks=94,122,45,113,166,182,106,29,176,38,237,212,58,162,67,141,21,1,200,12,234,243,151,151,119,144,154,192,65,7,32,52,228,31,7,90,134,148,162,58,43,123,86,176,24,192,101,37,36,170,118,81,239,178,56,81,98,148,30,139,184,172,31,240
00006 features=856 size=26 p=2 tap=22 reset=false scheme=5 ops=3,3,3,3,2,2,0,2,1,2,0,2,3,1,0,3,3,2,1,3,3,3,0,3,3,2,2,3,1,3,2,1,2,0,2,3,1,2,1,3,0,2,2,3,2,1,3,1,3,3,2,0,0,3,2,0,0,1,2,2,3,3,3,0 ks=57,0,0,0,0,0,183,36,0,170,0,132,0,0,163,190,0,0,0,0,0,0,223,0,0,92,0,0,0,0,4,183,0,214,0,17,0,0,0,69,212,253,0,113,43,227,10,194,0,0,0,0,0,0,0,89,115,0,205,0,0,56,0,66
00007 features=982 size=63 p=5 tap=63 reset=false scheme=3 ops=2,0,2,3,0,2,0,3,2,2,2,0,1,3,0,3,0,2,0,2,2,2,0,3,2,0,3,1,0,1,1,2,1,3,2,3,1,3,0,2,2,1,1,1,1,0,3,1,3,2,2,3,0,1,2,0,2,1,3,3,1,1,3,0 ks=181,179,237,3,153,118,23,251,66,185,241,154,8,149,88,139,130,93,93,116,12,130,71,34,250,161,227,162,153,212,106,146,56,209,70,10,105,244,215,183,169,90,73,102,129,100,20,188,86,25,162,235,153,0,187,6,247,165,48,192,61,207,95,38
00008 features=1005 size=64 p=5 tap=9 reset=true scheme=5 ops=3,3,3,0,2,2,3,0,0,0,3,1,0,3,3,1,3,2,0,3,2,2,3,0,3,2,0,3,0,3,3,0,1,2,2,2,3,2,0,3,0,2,3,0,1,2,1,2,1,3,0,3,2,2,2,3,0,3,1,0,2,3,0,3 ks=246,210,137,203,249,83,155,84,51,95,36,21,151,153,1,172,94,132,195,251,39,94,68,219,39,142,46,246,68,93,80,10,164,164,188,225,5,50,122,106,200,71,172,12,236,52,110,85,178,179,254,82,151,85,222,36,148,249,234,129,62,43,243,229
00009 features=834 size=18 p=2 tap=62 reset=true scheme=0 ops=1,3,0,2,0,2,3,2,2,0,1,2,1,2,1,1,1,3,3,1,2,2,1,3,0,2,0,1,1,2,2,1,2,0,1,0,2,3,2,0,2,3,3,0,0,0,3,1,1,0,3,2,2,0,3,1,2,1,3,2,2,0,0,1 ks=145,0,0,0,0,0,0,0,0,227,102,241,0,0,99,0,0,137,0,0,0,25,0,0,0,0,0,0,0,0,158,95,220,60,0,0,0,0,0,60,0,0,0,0,0,0,11,0,0,0,0,0,25,216,0,0,0,95,20,0,70,0,0,0
00010 features=993 size=64 p=5 tap=5 reset=false scheme=3 ops=1,3,3,1,3,1,1,1,2,1,0,3,3,2,3,1,0,3,3,2,2,1,0,0,1,2,0,3,0,1,2,1,1,3,1,0,3,0,2,3,3,1,1,3,3,2,1,0,2,3,3,3,0,0,2,1,1,0,3,3,2,3,0,1 ks=153,83,175,38,45,52,119,93,70,241,202,200,82,199,189,177,10,32,90,85,56,52,26,208,97,200,254,87,76,72,253,65,113,26,52,247,153,1,184,248,67,180,89,176,148,255,7,136,145,144,40,232,97,174,135,203,221,115,80,213,104,2,7,255
00011 features=788 size=18 p=2 tap=18 reset=true scheme=4 ops=3,2,1,1,1,0,1,1,3,3,2,2,1,0,2,0,1,0,0,1,1,0,2,1,3,2,1,2,1,3,0,3,2,3,2,1,1,1,1,3,2,3,1,3,3,1,3,3,3,1,3,1,2,3,0,0,3,1,3,1,3,3,3,0 ks=0,0,18,0,120,0,0,83,0,10,13,0,0,63,0,0,0,0,0,0,0,0,0,128,0,0,81,54,126,0,0,0,0,0,0,174,234,0,106,0,103,173,0,0,0,0,0,0,0,0,0,0,0,172,0,0,127,0,0,0,0,238,0,0
00012 features=638 size=20 p=1 tap=29 reset=false scheme=1 ops=0,1,3,3,3,1,3,1,1,3,0,3,1,3,0,0,2,3,1,3,0,1,3,0,2,3,2,3,1,0,0,2,1,2,1,0,1,0,1,0,3,0,2,3,2,2,1,3,1,0,3,3,1,3,1,3,2,1,3,2,1,3,0,0 ks=111,0,0,44,0,0,0,0,81,230,0,0,0,0,0,0,137,0,0,0,0,0,33,0,0,236,0,0,0,0,73,0,137,0,102,0,0,222,140,121,0,0,21,0,0,123,0,0,0,0,182,0,0,0,32,0,0,80,0,88,0,124,0,0
00013 features=999 size=64 p=10 tap=58 reset=true scheme=1 ops=3,0,0,1,3,3,2,1,1,0,3,1,0,0,0,2,0,2,0,1,1,3,0,3,3,3,0,3,2,3,3,3,0,0,2,0,2,0,2,0,2,1,3,0,2,0,0,1,3,3,1,0,2,1,1,1,2,0,1,1,3,1,2,0 ks=118,103,91,57,153,231,87,115,110,223,186,109,55,206,6,197,68,174,100,134,220,211,106,92,12,123,177,124,18,190,182,150,171,43,218,254,254,110,231,159,197,132,191,50,157,226,149,205,218,112,31,61,245,162,159,228,188,41,55,66,139,182,94,39
00014 features=977 size=64 p=1 tap=59 reset=false scheme=0 ops=1,3,0,3,3,2,2,3,2,3,3,1,3,2,1,1,3,2,0,0,0,3,1,2,3,0,0,0,0,1,1,1,3,0,1,1,1,0,3,0,1,2,2,2,2,3,3,0,0,3,2,3,3,0,1,0,0,3,1,3,1,2,2,3 ks=56,108,132,162,254,80,24,53,154,22,202,67,23,175,24,146,68,91,24,14,172,110,181,15,58,57,243,209,216,49,42,132,159,38,76,158,165,160,64,137,2,10,56,28,112,179,123,228,216,208,193,160,181,15,115,110,106,165,15,102,31,152,215,152
00015 features=793 size=23 p=1 tap=1 reset=true scheme=2 ops=3,0,3,3,2,2,1,1,3,3,3,1,0,3,3,1,2,2,2,2,2,2,1,2,0,1,1,1,2,0,3,3,0,1,3,0,1,1,1,1,1,0,3,0,3,3,3,1,1,1,3,1,1,3,0,2,0,3,3,3,3,3,0,3 ks=171,197,0,0,232,62,0,0,0,0,0,0,0,93,221,0,220,0,0,0,8,0,0,107,0,206,0,248,0,0,0,0,0,163,153,72,83,175,0,207,0,139,0,68,0,0,0,0,0,0,0,0,0,0,0,0,67,0,85,0,0,0,131,241
00016 features=1001 size=64 p=10 tap=61 reset=true scheme=2 ops=0,3,3,3,0,0,0,2,1,3,0,0,0,1,2,0,0,1,0,1,2,1,1,1,3,2,3,0,0,0,2,2,3,0,3,3,2,3,2,3,0,2,0,1,1,3,2,0,0,0,1,3,0,2,2,2,3,0,2,1,2,2,2,1 ks=101,124,248,1,109,110,240,184,171,125,45,71,163,29,17,23,195,194,202,126,234,194,186,13,244,143,65,54,28,63,44,83,211,144,13,142,130,232,183,129,243,245,82,68,232,93,172,194,64,120,17,134,204,25,255,17,104,199,186,207,66,113,120,182
00017 features=1012 size=64 p=1 tap=14 reset=true scheme=4 ops=0,1,3,3,1,0,1,3,1,1,3,0,1,0,0,1,2,1,2,0,2,1,2,3,2,2,1,2,0,2,2,1,2,3,3,3,1,1,3,0,1,2,0,0,1,2,3,1,0,1,3,1,0,0,2,1,0,0,2,0,1,2,2,0 ks=184,217,15,100,130,208,87,84,20,230,114,76,74,129,194,244,99,174,247,78,91,186,80,61,145,244,136,78,19,80,255,4,150,173,167,241,42,231,171,142,208,164,107,145,207,105,72,27,55,177,181,202,173,137,191,137,186,84,87,180,216,33,64,42
00018 features=934 size=44 p=10 tap=2 reset=true scheme=0 ops=2,0,2,3,1,2,1,2,0,0,1,0,3,1,0,1,2,2,3,0,0,2,2,0,3,3,0,3,1,3,3,2,1,2,1,1,2,1,3,2,0,1,1,0,1,2,0,3,0,3,3,2,2,2,1,3,1,1,3,0,3,2,0,0 ks=170,34,45,130,0,38,0,0,0,251,238,151,76,176,0,0,0,203,84,0,167,242,0,61,215,0,113,0,226,0,143,242,133,0,82,215,0,92,100,248,248,128,43,98,51,50,167,217,0,58,255,0,42,173,0,0,251,209,0,205,0,50,224,140
00019 features=776 size=26 p=2 tap=37 reset=false scheme=0 ops=1,0,0,2,3,0,2,0,0,1,0,3,3,2,3,2,0,1,1,1,1,2,0,2,3,2,2,2,3,3,2,0,0,0,3,3,0,0,2,3,0,3,1,1,0,2,1,2,3,2,0,3,0,0,2,3,1,1,1,0,0,3,3,0 ks=224,12,153,0,0,36,0,0,141,0,61,0,94,0,19,126,97,97,0,0,0,2,0,0,0,140,0,0,188,21,0,147,0,244,0,0,0,186,0,0,0,0,0,91,0,214,159,0,123,0,0,19,212,0,0,0,0,0,44,0,53,0,0,0
00020 features=903 size=50 p=5 tap=0 reset=false scheme=4 ops=1,3,2,2,1,1,1,3,1,3,0,3,0,0,1,0,1,3,2,0,1,3,1,3,1,1,2,0,3,0,3,2,3,0,0,3,0,2,3,1,3,1,2,3,3,0,0,0,1,3,2,3,2,3,0,0,3,3,2,2,1,3,3,2 ks=36,12,252,0,6,228,0,151,248,248,32,211,140,221,121,31,173,234,231,124,91,161,138,0,21,0,213,21,223,26,0,109,19,13,83,77,20,247,120,212,0,126,0,135,140,36,0,0,54,76,0,100,230,0,0,255,64,0,249,118,189,78,28,0
00021 features=872 size=39 p=10 tap=40 reset=false scheme=2 ops=3,0,3,2,3,3,0,2,3,2,2,0,2,0,1,2,0,1,1,2,1,1,1,2,0,0,1,0,3,1,1,3,3,0,3,1,1,1,1,3,3,2,0,2,0,2,0,3,0,3,1,0,2,3,2,1,2,3,2,0,0,3,0,3 ks=0,213,0,222,0,42,0,0,142,2,63,0,239,0,232,49,152,0,81,254,36,231,0,45,0,0,0,221,175,213,139,0,0,245,107,185,212,244,25,0,170,0,0,142,39,120,223,0,0,232,194,0,89,32,203,0,255,0,226,0,0,16,0,107
00022 features=988 size=64 p=10 tap=0 reset=false scheme=4 ops=3,0,3,1,0,3,0,0,1,1,3,2,1,0,0,3,3,2,0,3,0,1,2,2,0,0,2,1,1,3,2,1,1,1,1,2,3,1,1,3,1,3,1,2,1,3,2,0,2,0,3,3,3,1,2,0,2,0,2,3,2,0,0,0 ks=113,184,51,239,87,5,172,212,155,244,199,186,128,173,132,225,163,33,151,38,125,99,173,204,100,183,129,99,47,89,128,167,124,95,83,228,24,93,118,142,177,176,52,72,253,71,155,214,122,181,160,105,87,108,14,88,197,151,95,63,168,8,217,100
00023 features=926 size=64 p=5 tap=23 reset=true scheme=3 ops=0,2,0,3,1,2,2,2,0,2,0,0,2,0,1,2,2,3,1,0,0,2,0,3,1,3,1,2,3,0,0,2,1,1,2,3,2,2,2,0,3,0,0,3,2,3,3,2,0,0,2,0,1,0,2,1,3,3,0,1,0,1,0,3 ks=10,237,171,125,202,189,200,55,104,52,201,219,152,158,201,81,52,207,233,234,85,66,229,160,200,222,129,238,133,124,179,18,34,145,241,122,218,28,232,239,8,239,26,116,147,132,182,189,79,177,53,189,37,67,207,10,25,219,176,149,83,139,233,85
00024 features=777 size=24 p=2 tap=58 reset=true scheme=0 ops=1,1,3,3,3,2,0,2,2,3,3,2,1,3,3,0,0,3,3,1,2,1,3,2,1,1,3,0,3,1,1,0,1,3,0,2,2,3,2,0,0,0,3,1,0,2,2,2,0,3,2,1,3,3,3,3,1,0,2,3,1,2,1,1 ks=57,0,29,0,0,31,241,0,0,0,0,16,0,0,0,82,91,223,0,0,0,0,83,0,132,0,112,219,204,0,217,50,121,102,0,0,0,0,204,0,0,0,0,0,217,0,126,0,0,0,0,0,223,0,0,22,0,0,0,230,0,113,0,0
00025 features=713 size=19 p=5 tap=5 reset=false scheme=1 ops=1,3,0,0,1,1,1,3,1,0,1,0,1,3,2,3,1,0,0,3,0,1,0,0,0,0,3,1,3,2,0,0,3,0,2,2,1,3,2,2,2,2,3,1,0,2,0,1,0,2,0,2,2,3,1,2,0,3,3,2,0,1,3,0 ks=0,152,0,0,72,0,120,0,77,133,0,0,0,0,126,0,0,0,154,227,0,0,204,176,0,0,0,196,46,0,0,187,0,0,0,0,139,0,0,0,0,0,0,189,0,0,192,0,0,0,0,0,0,0,253,183,0,153,0,0,0,0,0,0
00026 features=829 size=19 p=5 tap=48 reset=true scheme=2 ops=3,0,1,1,1,3,0,3,2,3,1,0,3,3,0,0,1,1,2,2,2,0,2,3,3,0,0,2,3,2,0,1,3,2,0,1,0,2,0,0,0,2,2,1,0,2,1,2,3,3,3,3,3,3,1,2,1,3,3,0,0,3,1,1 ks=0,0,248,0,0,0,0,0,104,0,0,153,0,0,45,73,136,0,0,0,0,135,0,0,211,221,0,0,0,0,166,204,0,0,0,0,0,0,18,0,183,0,238,0,0,101,53,0,0,0,182,0,0,0,217,0,4,0,0,0,0,0,0,0
00027 features=845 size=41 p=1 tap=45 reset=true scheme=4 ops=3,3,1,3,2,0,1,2,1,3,1,2,3,1,2,2,0,0,3,3,3,1,0,2,2,2,3,2,2,3,1,2,0,3,1,1,3,3,2,3,2,3,1,3,2,0,1,0,0,0,3,0,2,0,3,3,3,0,1,1,3,2,1,1 ks=112,0,99,69,104,0,150,0,0,134,151,25,0,0,109,47,0,54,211,65,0,0,25,196,0,6,33,180,179,0,59,184,0,0,0,0,0,98,119,120,140,0,105,0,231,114,217,0,0,0,35,23,0,66,226,203,52,0,199,230,91,118,36,100
00028 features=618 size=30 p=10 tap=23 reset=false scheme=2 ops=2,1,2,1,3,0,2,1,2,3,1,1,2,3,1,2,1,1,3,2,2,3,0,3,3,0,0,2,1,2,0,0,1,3,2,3,3,0,2,1,3,0,3,3,1,3,3,1,1,2,0,2,1,0,1,2,1,0,0,2,2,3,2,3 ks=0,148,19,0,194,141,0,0,0,0,32,0,0,231,0,139,0,0,210,0,93,0,0,29,0,241,0,219,25,123,0,23,0,11,158,31,204,18,96,0,0,192,0,0,56,0,249,0,92,0,88,197,0,0,0,0,183,232,8,0,0,0,0,0
00029 features=795 size=41 p=10 tap=41 reset=false scheme=0 ops=1,3,1,0,3,3,2,0,2,1,2,2,2,0,1,1,3,0,2,3,0,0,3,3,2,0,3,3,3,2,3,3,3,3,0,3,1,0,1,0,3,1,2,0,2,1,1,0,3,2,1,0,3,1,2,1,2,2,1,0,2,0,0,0 ks=114,63,144,228,183,0,9,127,8,0,0,18,151,131,0,254,0,12,0,0,0,183,184,0,71,48,214,0,0,0,197,170,0,99,0,93,213,20,29,0,36,0,165,7,154,227,0,0,0,0,223,70,0,200,36,198,194,160,0,95,248,0,41,136
00030 features=970 size=64 p=10 tap=40 reset=false scheme=0 ops=2,0,0,1,2,3,0,2,1,3,0,3,3,1,2,2,1,1,3,1,0,3,1,3,0,3,2,3,0,2,0,2,0,2,0,3,2,2,2,0,3,3,2,0,0,1,0,3,0,0,1,2,3,2,3,2,3,1,1,0,2,0,2,1 ks=135,207,244,163,70,230,219,111,77,146,64,165,188,132,245,254,116,227,201,99,196,184,241,210,100,190,236,22,152,252,214,12,243,187,54,97,220,68,18,32,114,24,82,205,12,3,221,208,125,133,227,60,238,169,38,103,247,24,110,67,60,158,109,49
00031 features=938 size=40 p=1 tap=45 reset=false scheme=3 ops=2,1,2,2,0,3,0,0,2,0,2,0,2,3,3,0,2,3,3,3,2,0,2,2,0,3,1,1,2,2,2,2,0,0,1,0,1,2,1,3,3,3,0,3,1,3,2,0,0,2,1,0,0,1,3,0,1,2,3,1,1,2,0,0 ks=69,0,33,38,0,0,0,14,187,198,0,0,56,179,241,0,0,148,117,87,152,0,0,0,0,0,0,113,185,191,192,0,0,0,0,120,25,111,246,225,24,251,0,40,232,33,28,0,93,0,68,4,222,39,12,159,0,0,0,85,215,67,121,141
00032 features=1020 size=63 p=10 tap=9 reset=false scheme=3 ops=0,2,3,2,1,1,0,1,3,3,3,0,0,0,1,1,2,2,3,1,0,3,1,2,2,1,0,0,2,3,1,2,2,3,0,3,0,0,0,3,2,2,2,2,3,0,2,3,1,0,3,0,3,1,2,2,2,2,0,0,3,3,3,2 ks=168,6,176,49,7,111,44,245,61,77,59,190,202,17,200,64,238,143,102,67,97,171,222,211,145,69,115,95,67,33,48,42,143,39,5,172,188,28,139,0,252,83,2,22,235,111,120,36,90,61,254,214,29,119,116,217,25,29,79,86,238,27,122,187
00033 features=1000 size=64 p=10 tap=46 reset=false scheme=2 ops=0,0,3,0,2,1,3,2,0,0,0,1,2,3,2,3,1,0,3,1,2,0,3,3,2,2,2,2,0,2,1,1,2,2,0,2,2,2,1,0,1,3,2,3,2,3,3,3,0,1,0,1,3,0,2,0,1,1,0,0,3,0,1,0 ks=49,245,125,76,248,109,98,219,136,221,93,83,50,81,144,59,144,11,124,164,142,119,170,38,129,69,249,184,89,109,211,209,180,65,68,96,228,89,135,90,211,219,105,1,234,44,241,28,135,14,185,58,99,248,20,26,243,212,53,129,128,154,56,3
00034 features=843 size=45 p=5 tap=27 reset=true scheme=3 ops=1,3,3,0,1,2,2,3,0,3,0,1,3,0,0,0,3,2,2,1,0,1,3,1,3,1,0,3,2,0,3,1,1,1,2,2,0,3,3,3,0,2,3,0,0,0,3,0,3,2,0,0,2,1,2,2,1,2,3,0,3,3,3,1 ks=0,36,226,54,235,237,87,161,25,216,184,0,0,114,89,60,0,0,116,101,26,212,0,137,0,113,243,242,0,242,78,234,248,0,40,6,119,0,147,0,0,30,166,41,27,79,0,29,192,124,0,0,0,44,0,30,218,41,162,0,207,99,14,0
00035 features=956 size=64 p=2 tap=49 reset=true scheme=3 ops=2,3,1,0,0,0,2,3,1,1,1,0,2,2,2,3,3,3,0,1,1,1,2,1,2,1,0,0,2,1,3,2,1,1,2,2,1,0,0,2,2,2,3,1,2,3,0,0,0,3,0,0,0,0,0,2,3,3,3,0,2,2,2,0 ks=155,202,121,129,164,86,16,118,20,67,75,183,162,94,10,39,163,133,129,251,205,31,189,33,89,248,223,247,117,45,201,118,36,25,166,153,60,90,250,29,55,238,183,243,27,131,55,88,35,241,8,197,230,26,223,42,207,46,38,130,133,194,136,28
00036 features=956 size=62 p=2 tap=55 reset=true scheme=5 ops=1,2,3,1,3,3,0,2,2,1,1,3,0,1,0,1,2,2,3,1,1,3,2,2,3,3,0,2,0,0,2,1,0,0,3,1,3,3,2,2,1,3,2,0,0,3,1,3,2,3,0,2,0,3,0,2,3,1,3,3,1,0,1,3 ks=7,14,33,179,55,254,211,230,213,30,68,54,138,160,39,134,61,206,62,118,215,68,138,138,186,115,124,203,213,247,81,2,44,253,17,50,166,2,11,199,0,133,78,179,185,50,232,208,80,2,75,131,202,0,123,171,129,49,26,112,1,236,103,162
00037 features=928 size=49 p=5 tap=2 reset=true scheme=5 ops=2,2,3,3,3,1,0,3,1,2,2,0,2,1,3,2,0,3,3,3,0,1,0,3,3,2,2,0,3,0,1,2,1,0,1,2,2,1,3,1,1,0,2,3,2,3,2,3,1,2,3,2,2,1,2,1,3,2,1,1,2,3,3,2 ks=0,222,126,24,116,118,70,59,0,199,155,171,22,53,22,249,165,246,38,190,0,0,195,168,13,199,0,217,212,183,96,0,77,0,119,92,150,221,0,140,64,1,164,0,0,88,0,51,19,77,42,253,193,151,210,210,0,97,0,0,83,0,28,91
00038 features=904 size=48 p=1 tap=57 reset=true scheme=0 ops=2,2,3,0,0,1,2,1,0,3,1,2,2,0,0,3,0,0,1,1,0,2,1,0,0,1,3,3,1,1,1,1,2,2,2,2,1,0,3,1,1,1,3,2,1,3,1,3,1,1,0,0,3,1,1,3,2,3,3,2,0,3,3,0 ks=227,152,163,185,25,2,81,183,61,63,0,0,247,0,82,198,100,29,44,82,29,140,0,222,0,208,235,120,166,16,12,0,0,58,14,20,67,0,122,28,3,0,229,194,0,0,245,0,0,0,192,194,22,21,154,59,34,164,89,110,0,0,228,220
00039 features=649 size=17 p=5 tap=30 reset=false scheme=5 ops=0,1,0,0,0,3,0,2,0,3,1,3,2,0,1,1,0,0,1,3,1,3,1,1,0,0,1,2,3,0,1,0,1,2,2,3,2,3,0,2,3,3,0,2,3,3,0,1,1,0,0,1,3,2,0,2,3,0,1,2,3,1,3,2 ks=0,0,0,0,0,24,54,0,0,0,106,0,22,0,44,155,58,0,0,204,0,0,0,0,0,0,0,0,0,0,0,0,0,0,0,141,175,42,12,0,0,0,0,0,0,0,87,0,0,0,26,19,0,109,0,17,0,0,0,0,0,0,0,0
00040 features=825 size=21 p=10 tap=32 reset=true scheme=0 ops=0,1,1,1,1,3,1,1,1,2,2,2,0,0,2,2,1,1,3,0,3,1,0,0,0,1,2,0,3,0,0,2,3,0,2,0,1,1,1,0,2,1,2,0,2,1,0,3,1,2,0,2,0,3,2,0,1,3,3,0,2,0,2,0 ks=0,114,0,166,0,42,0,0,53,0,195,0,0,43,230,0,0,0,0,0,0,0,241,49,1,0,0,3,242,0,0,0,195,0,0,188,0,0,0,0,0,0,0,0,0,184,99,0,0,0,99,0,0,96,0,0,73,79,0,0,0,0,0,143
00041 features=760 size=25 p=2 tap=5 reset=true scheme=3 ops=0,2,3,3,3,1,1,3,2,0,2,2,2,0,3,2,1,2,1,1,0,2,0,1,3,1,2,1,2,3,2,1,0,1,1,0,0,2,0,0,2,3,2,0,2,3,3,0,3,3,3,1,2,3,1,3,2,3,2,3,1,1,0,3 ks=0,0,0,0,0,102,0,255,0,79,0,151,159,0,2,0,95,111,0,0,199,78,96,192,130,0,0,0,0,0,87,121,29,0,0,0,242,177,0,0,0,0,0,146,0,0,0,156,0,0,0,0,153,0,0,0,0,167,123,0,0,0,205,250
00042 features=861 size=38 p=10 tap=1 reset=true scheme=2 ops=0,3,1,3,3,1,0,2,3,2,2,2,3,1,1,0,1,3,0,1,3,1,0,1,0,0,2,0,3,1,1,2,0,1,2,0,2,2,3,2,0,1,2,0,3,1,2,1,3,2,3,3,2,3,3,0,0,1,3,0,2,3,2,2 ks=0,23,32,0,52,0,11,232,35,236,173,254,78,231,0,45,157,193,185,0,0,255,52,79,19,137,0,157,0,0,0,144,163,0,0,0,0,112,224,19,64,0,124,128,154,63,0,119,95,32,0,0,0,0,0,72,89,0,43,0,0,0,0,57
00043 features=853 size=40 p=2 tap=24 reset=true scheme=3 ops=1,2,0,3,2,0,3,1,2,1,3,1,3,3,3,2,1,3,0,1,0,3,3,2,3,0,0,2,1,1,0,3,0,3,1,2,0,2,2,1,1,2,3,3,1,3,0,3,3,3,3,1,0,3,3,3,3,3,0,2,2,1,0,1 ks=154,88,169,0,39,0,69,230,0,27,198,24,0,6,240,110,147,22,76,0,0,0,0,203,189,0,103,248,0,168,32,151,195,0,0,143,223,0,117,92,0,175,0,39,254,0,0,2,116,12,227,0,46,0,34,0,221,93,0,0,0,159,72,0
00044 features=940 size=37 p=10 tap=4 reset=true scheme=2 ops=3,3,0,3,3,2,1,2,3,0,3,0,2,0,0,3,1,0,3,3,0,2,0,1,1,0,1,1,3,1,0,2,1,3,0,2,0,0,2,3,2,0,1,0,2,3,0,3,3,0,2,2,0,0,2,2,1,3,3,2,2,2,1,3 ks=22,23,0,160,130,27,0,180,100,137,0,241,214,135,0,0,107,65,0,0,12,0,32,240,104,174,121,0,0,0,0,0,180,0,54,0,197,143,0,209,0,0,0,103,201,0,198,171,0,25,0,0,0,0,117,0,143,136,0,100,92,92,176,62
00045 features=797 size=35 p=10 tap=36 reset=false scheme=3 ops=1,1,1,0,2,3,1,3,2,1,1,1,2,0,0,1,2,0,0,2,1,2,2,3,0,3,3,1,0,1,0,0,3,0,3,3,3,1,2,1,2,3,0,0,1,3,1,1,1,0,1,2,2,1,3,3,2,0,0,0,0,1,1,3 ks=104,0,0,28,0,130,0,0,76,29,49,0,119,197,38,103,0,57,91,0,0,48,0,191,54,0,130,89,41,99,104,0,0,3,120,6,0,216,0,237,0,0,6,239,149,233,0,0,0,20,15,0,0,0,0,0,0,0,0,68,169,177,0,173
00046 features=731 size=19 p=1 tap=27 reset=true scheme=0 ops=1,1,2,0,1,2,1,1,3,1,1,0,0,3,3,0,0,1,1,2,1,2,2,3,3,3,1,3,2,3,1,0,0,2,0,1,2,0,1,0,0,0,0,3,0,1,1,3,2,1,1,2,0,0,0,1,2,1,2,0,2,1,1,0 ks=0,234,0,0,61,81,0,0,0,40,0,0,209,0,0,0,0,0,0,22,167,0,0,0,0,0,0,0,218,32,0,107,0,0,70,0,0,139,0,0,0,0,0,191,44,0,0,0,217,0,0,132,0,0,165,0,0,0,51,0,0,0,0,25
00047 features=887 size=43 p=5 tap=24 reset=false scheme=5 ops=2,3,1,3,1,2,0,1,3,1,2,2,2,1,0,3,2,2,1,2,1,2,2,3,2,3,3,2,2,1,1,0,2,2,2,2,1,0,3,0,3,3,0,2,1,2,1,0,3,1,3,0,2,0,1,3,1,1,2,0,3,3,0,2 ks=197,0,239,0,0,166,62,106,176,0,0,0,150,228,128,248,103,29,105,245,0,106,0,18,0,155,195,110,0,12,0,0,94,245,0,89,110,155,0,49,86,0,158,0,0,8,10,0,32,232,255,106,249,24,234,252,102,196,178,110,0,0,43,0
00048 features=814 size=39 p=5 tap=25 reset=true scheme=3 ops=1,3,3,0,0,0,2,2,1,3,2,3,3,3,3,1,2,1,1,0,0,0,2,0,3,1,3,0,0,3,3,0,1,0,3,3,2,0,3,0,0,0,0,0,3,3,2,0,2,2,1,2,0,0,1,2,1,0,1,0,3,0,0,2 ks=28,152,244,114,47,196,0,0,43,0,122,0,0,219,69,0,0,0,126,93,191,160,190,142,41,0,0,0,238,87,0,26,0,129,0,127,60,0,0,139,194,137,214,0,0,0,10,214,0,26,223,167,0,69,49,24,97,140,0,0,233,0,138,0
00049 features=806 size=22 p=10 tap=45 reset=true scheme=2 ops=1,0,3,0,0,0,1,0,0,3,0,3,0,0,2,3,0,1,0,3,2,0,1,1,2,0,2,1,3,1,0,0,3,0,1,1,0,1,3,0,0,3,0,2,3,0,0,1,2,2,0,3,2,2,0,2,2,0,3,1,1,3,1,1 ks=0,232,0,0,0,0,196,209,0,0,118,0,154,183,0,225,160,0,67,0,0,0,240,0,0,0,124,0,0,0,0,0,0,0,148,205,63,0,0,239,0,0,173,0,0,0,0,0,255,0,154,72,0,0,0,243,0,70,0,0,203,0,0,0
00050 features=799 size=23 p=5 tap=24 reset=true scheme=3 ops=2,0,3,1,2,1,3,2,0,3,2,1,2,3,2,2,1,3,0,3,1,0,1,3,1,0,1,0,0,0,1,3,0,1,1,3,1,3,1,0,2,3,0,2,0,2,3,0,1,0,2,1,2,0,1,0,1,0,0,3,3,0,0,0 ks=0,0,164,0,0,8,134,0,0,133,0,0,0,0,251,58,0,169,141,0,115,0,0,0,134,0,184,0,126,0,17,0,9,0,0,54,0,104,0,0,0,0,0,0,0,51,184,0,0,66,0,0,0,0,0,0,182,0,15,0,0,161,0,76
00051 features=705 size=29 p=2 tap=41 reset=false scheme=2 ops=3,3,3,3,1,3,0,3,0,0,2,2,2,0,2,0,3,2,2,0,3,0,3,0,0,1,1,1,3,2,0,3,3,2,3,0,2,2,2,2,1,3,3,3,0,3,1,1,1,1,3,2,2,0,1,3,1,3,0,0,3,2,2,2 ks=41,77,0,0,0,0,171,23,0,0,185,23,21,0,219,192,27,240,102,0,82,150,0,0,0,0,0,76,0,166,227,0,0,0,138,0,0,0,0,0,243,184,107,33,0,0,0,160,0,0,0,0,0,212,201,152,0,0,0,203,0,33,0,132
00052 features=656 size=24 p=10 tap=48 reset=true scheme=3 ops=0,0,3,3,3,1,2,1,3,3,2,2,0,3,3,0,2,2,3,3,2,3,3,3,3,0,3,2,3,2,3,0,3,1,3,1,0,0,0,2,2,3,1,1,3,0,3,3,0,3,0,0,0,2,3,0,1,3,2,1,3,1,3,0 ks=0,31,0,0,0,0,11,0,119,0,226,0,0,135,0,197,96,0,33,0,0,0,0,0,253,0,0,108,0,0,241,49,0,147,0,0,0,0,0,31,0,0,0,0,0,122,0,40,155,0,0,0,49,0,0,223,0,127,0,201,108,0,12,206
00053 features=995 size=64 p=10 tap=28 reset=true scheme=0 ops=2,2,0,1,3,0,0,3,0,0,2,2,3,0,0,0,1,3,2,2,3,2,1,3,1,3,0,0,3,3,1,0,0,0,1,1,2,3,1,3,0,3,0,2,3,0,0,3,1,0,2,2,2,3,1,1,3,2,3,2,3,2,0,3 ks=224,243,5,88,116,55,226,65,32,145,92,195,11,107,122,237,35,203,57,103,204,64,221,217,132,11,252,40,190,229,50,18,235,68,180,217,224,70,22,181,41,161,216,73,118,47,246,228,79,164,158,228,14,121,98,9,210,152,70,130,1,230,129,4
00054 features=688 size=20 p=1 tap=52 reset=false scheme=2 ops=3,2,0,2,0,2,2,0,0,0,2,2,1,2,1,0,2,2,3,1,0,0,2,3,0,1,1,3,1,2,0,2,0,2,3,0,1,1,0,1,1,3,1,3,3,3,0,2,3,2,3,3,0,1,1,3,0,1,2,1,0,3,2,3 ks=79,0,30,0,0,125,0,128,0,0,108,0,0,173,198,0,230,0,0,0,64,0,0,0,0,0,206,0,0,0,72,44,0,151,232,0,0,189,0,0,0,0,0,114,0,0,228,55,0,0,0,0,0,0,0,0,0,67,0,75,0,0,0,0
00055 features=812 size=27 p=10 tap=33 reset=true scheme=3 ops=3,0,3,3,2,1,3,3,0,3,2,2,0,0,3,1,2,3,2,1,1,2,1,0,3,3,1,3,0,1,3,1,1,2,2,0,1,2,3,3,1,2,0,2,2,0,0,2,3,1,1,2,2,1,2,3,0,0,2,0,1,2,1,0 ks=0,10,14,63,0,0,149,24,123,0,252,0,232,0,0,58,77,80,0,0,0,0,0,0,135,0,209,136,0,0,194,0,0,0,84,0,0,0,70,0,0,0,0,0,30,0,0,21,0,109,0,0,8,170,0,0,0,0,242,216,26,0,112,185
00056 features=702 size=38 p=10 tap=23 reset=false scheme=0 ops=3,1,2,2,1,1,3,2,3,0,2,3,2,1,3,2,3,1,0,2,1,3,3,3,1,1,0,0,2,2,2,1,1,3,0,3,0,0,2,3,2,3,1,0,1,3,0,3,2,0,2,1,3,3,0,1,2,0,2,2,1,2,3,3 ks=145,0,168,14,54,0,57,249,0,0,110,31,18,127,0,122,0,47,177,151,0,0,177,126,0,0,177,23,86,175,153,232,0,223,37,0,0,113,78,99,117,154,108,0,239,0,52,0,0,0,180,196,0,0,0,0,0,58,0,196,0,62,202,0
00057 features=952 size=46 p=1 tap=9 reset=true scheme=0 ops=1,2,3,1,1,0,2,3,3,0,1,0,2,1,1,2,2,3,2,1,0,2,3,1,3,3,1,2,3,1,0,3,2,0,1,0,3,2,1,2,1,1,1,3,3,1,1,0,3,1,1,1,0,0,2,2,2,2,2,3,1,3,3,0 ks=92,13,80,0,140,0,146,0,0,158,244,212,0,28,144,97,0,28,249,255,66,59,0,255,43,232,0,143,227,232,147,0,0,0,0,0,163,179,151,184,121,102,232,76,199,196,94,249,0,180,84,13,241,73,0,217,137,0,22,124,0,155,37,0
00058 features=842 size=19 p=1 tap=42 reset=true scheme=2 ops=0,1,0,1,1,0,0,0,2,3,3,3,3,0,2,0,2,0,1,2,2,3,3,2,2,0,2,1,1,3,1,0,1,3,2,3,2,2,2,1,1,3,3,3,2,1,0,2,2,3,3,3,2,3,3,2,3,3,2,2,2,3,0,3 ks=0,0,94,0,0,0,47,0,0,200,0,220,216,0,80,69,0,0,0,123,0,0,0,0,0,41,0,192,0,0,0,0,0,0,35,0,0,0,79,25,239,70,0,205,0,0,0,0,0,0,0,243,193,100,0,0,0,0,0,0,0,0,0,0
00059 features=849 size=37 p=1 tap=39 reset=true scheme=3 ops=2,2,0,1,1,1,2,2,3,3,3,2,2,2,0,2,3,3,0,0,2,2,0,0,1,1,1,2,0,1,1,1,3,0,0,3,2,0,0,0,1,1,2,2,0,2,2,2,2,3,3,3,2,1,3,2,0,0,1,1,3,0,0,1 ks=0,0,168,18,0,0,95,65,225,14,0,44,0,214,96,62,135,0,125,126,0,223,0,185,0,167,0,0,79,0,0,0,0,173,240,109,0,86,202,74,180,39,37,0,0,207,71,0,0,196,146,0,0,247,4,0,0,0,16,183,6,0,16,105
00060 features=646 size=20 p=10 tap=41 reset=false scheme=5 ops=3,3,0,0,0,3,3,0,3,3,0,0,1,1,1,0,0,0,3,2,2,1,1,0,1,2,2,2,1,1,2,0,3,0,2,0,2,1,1,2,3,1,2,1,2,2,3,0,1,2,3,2,3,3,3,2,2,0,3,0,3,2,1,3 ks=0,0,0,0,142,0,0,147,0,0,89,0,85,0,193,214,0,87,190,0,0,196,0,0,0,0,0,0,0,0,0,86,0,0,81,43,183,159,0,0,0,0,0,128,0,0,0,0,0,91,29,103,0,0,127,0,0,0,0,0,0,159,0,0
00061 features=973 size=64 p=2 tap=30 reset=true scheme=3 ops=2,0,3,3,1,3,0,0,1,0,2,2,1,0,1,0,2,3,2,2,2,2,0,0,0,3,3,3,3,0,0,2,3,3,3,2,0,3,3,0,2,1,1,1,1,0,3,1,0,3,2,3,0,0,1,0,0,2,3,0,0,2,2,2 ks=198,43,246,161,177,110,73,27,90,180,188,105,89,3,194,35,239,65,245,214,208,212,191,102,201,239,118,116,106,141,124,208,147,243,215,37,9,122,29,65,209,120,214,76,180,121,5,74,187,148,188,134,147,38,47,38,25,245,78,85,177,89,168,113
00062 features=520 size=18 p=10 tap=6 reset=false scheme=3 ops=3,2,3,1,2,3,2,2,1,3,0,2,2,3,3,3,2,2,3,1,3,0,3,1,1,0,2,0,2,3,2,1,1,1,0,3,1,1,0,2,3,1,3,1,1,1,3,3,1,3,1,1,1,2,2,1,1,2,1,0,2,2,0,1 ks=186,203,0,0,197,0,0,74,0,0,209,224,0,0,0,81,0,236,0,0,0,24,0,0,0,0,0,0,0,0,0,0,0,0,0,0,127,0,0,55,0,0,245,0,0,0,121,0,0,0,183,0,68,129,0,0,219,221,0,0,0,0,0,0
00063 features=833 size=19 p=5 tap=44 reset=true scheme=1 ops=3,3,0,0,0,0,0,2,2,3,3,2,3,3,3,0,3,0,2,1,3,3,0,2,2,1,0,1,2,2,3,2,0,0,3,1,1,2,1,3,1,0,1,3,2,2,1,3,1,3,1,1,1,3,0,1,1,3,0,2,1,3,3,1 ks=47,171,0,0,0,0,0,0,0,0,243,0,0,0,0,81,243,0,0,0,0,0,0,145,180,0,59,147,0,0,0,234,0,0,0,209,0,0,0,0,0,0,223,205,0,0,0,0,0,0,76,0,243,167,0,0,133,85,0,122,0,0,0,0
00064 features=966 size=48 p=2 tap=57 reset=true scheme=5 ops=2,2,2,0,0,0,1,3,3,3,3,3,3,2,2,0,0,3,2,3,2,0,3,0,3,3,3,1,3,2,0,1,3,3,2,2,0,1,2,1,1,2,0,2,3,2,1,0,3,1,0,3,3,1,3,2,1,3,3,3,3,1,1,3 ks=191,172,0,39,223,150,34,165,0,52,145,126,21,104,0,179,109,0,100,107,42,129,67,0,244,42,247,0,95,248,0,2,245,147,131,148,207,131,140,135,0,0,161,65,161,0,120,213,0,142,0,155,0,56,0,61,108,0,113,0,163,240,79,2
00065 features=870 size=39 p=5 tap=55 reset=true scheme=5 ops=2,3,3,0,0,2,1,2,3,2,2,3,3,3,3,3,1,3,3,2,0,2,0,0,1,3,0,0,0,3,0,2,1,3,2,2,1,1,0,2,1,1,2,0,3,1,2,2,1,1,2,2,3,1,3,2,0,3,3,2,3,3,2,2 ks=52,0,0,82,0,201,187,172,0,0,3,0,172,0,95,0,140,0,189,123,55,178,31,133,178,0,0,57,155,154,0,29,0,0,0,42,0,220,21,0,0,12,40,0,153,0,190,179,0,41,0,224,0,132,166,162,222,204,167,0,179,119,0,124
00066 features=899 size=42 p=2 tap=46 reset=true scheme=3 ops=0,3,0,3,1,1,3,0,3,1,0,0,0,0,0,0,2,2,3,3,0,1,3,3,0,2,1,2,2,1,0,2,2,3,1,1,3,2,0,0,1,1,1,2,2,0,3,2,3,2,3,2,3,1,0,3,3,1,1,3,3,2,3,1 ks=215,184,109,223,0,187,0,0,219,141,0,25,252,0,222,0,0,176,79,0,0,0,0,129,0,188,200,63,0,0,0,99,174,0,137,92,185,0,0,84,0,249,210,252,240,77,9,251,0,0,9,0,158,61,62,205,126,136,215,97,74,119,66,239
00067 features=700 size=26 p=5 tap=4 reset=false scheme=2 ops=0,2,1,2,3,3,0,2,1,0,3,2,3,0,3,2,2,1,0,0,2,0,1,0,3,0,0,0,0,2,2,1,3,2,1,0,3,2,0,3,3,0,3,2,3,0,2,1,1,1,3,1,3,0,0,0,1,2,0,3,1,2,3,0 ks=59,0,0,0,24,0,224,116,0,47,20,169,0,0,0,29,0,0,0,0,0,110,0,0,0,40,0,0,0,0,144,110,0,0,144,149,6,0,222,0,0,0,144,0,0,0,70,0,102,84,0,0,22,182,239,0,42,0,195,47,0,0,0,0
00068 features=722 size=28 p=2 tap=42 reset=false scheme=5 ops=2,1,1,2,3,2,2,2,2,0,0,3,3,1,0,2,2,2,3,0,2,0,2,3,0,1,0,0,1,3,0,3,1,1,3,3,1,3,3,0,3,3,2,3,2,0,3,3,0,3,1,1,2,2,1,2,0,0,2,0,3,0,1,2 ks=124,0,0,208,0,0,0,0,0,0,0,168,0,116,59,190,0,212,22,0,0,169,0,55,236,136,18,130,0,108,192,0,103,0,0,0,177,0,100,0,0,0,0,186,191,44,0,0,0,0,0,74,127,79,60,0,255,0,0,0,0,68,0,0
00069 features=893 size=41 p=10 tap=33 reset=true scheme=5 ops=1,1,3,1,1,0,3,2,1,2,2,0,0,2,1,1,0,2,2,2,2,2,1,1,0,3,2,3,1,2,1,2,1,3,1,1,1,3,1,3,2,1,1,3,2,0,2,0,1,1,2,3,3,2,0,2,0,1,3,3,1,1,3,3 ks=232,2,240,0,0,0,185,202,85,12,28,0,252,0,118,0,0,123,193,0,134,0,77,74,50,0,120,40,30,0,129,0,0,198,0,37,179,0,177,166,0,0,96,81,209,42,236,0,155,20,0,0,163,82,0,244,54,0,188,149,0,127,52,91
00070 features=743 size=17 p=5 tap=17 reset=true scheme=0 ops=2,2,1,2,1,1,1,1,2,2,0,3,2,3,2,3,1,1,1,2,1,2,3,3,3,1,2,1,3,3,2,2,3,2,0,1,2,1,0,3,0,1,0,0,0,3,1,1,0,1,3,3,0,0,2,1,0,0,2,2,2,1,1,2 ks=59,0,176,0,0,0,161,0,0,0,140,120,0,0,0,215,0,0,0,0,0,173,127,0,0,0,103,0,42,0,0,0,0,0,0,0,65,0,0,0,0,0,135,0,0,0,121,0,0,0,0,0,101,0,232,91,0,0,0,0,0,0,98,0
00071 features=814 size=30 p=2 tap=10 reset=false scheme=1 ops=0,0,3,0,1,2,1,3,2,0,0,2,1,1,1,3,3,0,0,0,1,3,3,1,3,3,1,3,0,2,0,2,1,2,3,2,3,2,0,2,0,3,2,1,2,0,0,0,2,2,1,2,1,2,2,0,1,1,2,1,2,2,0,1 ks=43,0,105,10,252,84,0,0,0,0,252,0,91,117,66,0,0,65,192,19,142,0,0,0,228,188,0,104,0,0,0,0,0,0,237,236,0,225,192,234,0,0,0,44,121,0,228,151,226,0,127,0,0,0,0,0,0,163,0,0,0,0,142,163
00072 features=642 size=23 p=1 tap=52 reset=true scheme=3 ops=0,0,3,0,1,3,1,1,3,1,0,0,1,1,3,2,1,1,0,0,3,3,3,3,0,1,3,2,3,1,3,1,3,2,3,2,1,1,3,0,0,1,0,3,0,0,2,1,2,3,3,1,1,0,3,0,0,2,1,1,2,3,0,2 ks=0,0,131,0,179,0,0,0,119,0,0,0,0,0,0,40,0,0,0,162,165,0,0,0,151,0,188,0,0,0,0,153,0,247,0,97,0,0,0,137,0,101,21,0,167,0,0,0,5,84,0,0,57,0,5,0,0,0,0,128,136,0,103,58
00073 features=1005 size=63 p=2 tap=50 reset=true scheme=5 ops=2,2,3,2,0,3,2,0,0,1,1,2,1,3,0,1,2,2,2,2,1,3,0,3,3,0,3,2,0,2,1,3,2,2,3,2,2,0,1,2,0,0,0,2,2,2,3,0,3,3,3,3,2,1,0,1,1,1,0,2,1,0,0,1 ks=67,28,184,25,82,186,174,141,72,9,16,250,230,192,183,193,190,15,44,161,101,180,228,224,26,31,2,177,125,31,70,237,64,155,82,215,242,127,118,71,73,64,80,93,57,98,248,171,109,177,11,245,151,228,189,249,125,118,205,13,13,0,205,119
00074 features=866 size=37 p=10 tap=26 reset=true scheme=2 ops=0,1,1,0,0,2,0,2,3,3,2,2,0,2,3,1,1,0,0,1,1,0,3,0,3,3,3,3,0,2,2,1,0,3,0,2,0,0,1,3,0,0,2,0,1,1,2,3,0,3,0,1,1,0,1,1,2,2,1,2,1,3,3,0 ks=0,185,0,203,0,0,224,188,0,0,130,36,53,0,0,0,0,74,0,28,0,171,163,0,228,82,223,48,0,111,93,121,0,0,0,191,0,196,0,0,84,11,40,189,0,0,9,195,0,0,230,0,0,22,196,51,194,177,12,0,242,173,46,36
00075 features=984 size=64 p=1 tap=6 reset=true scheme=3 ops=1,1,2,0,3,0,3,3,2,3,3,2,0,0,2,2,3,0,3,1,3,3,2,2,1,3,0,2,3,1,3,0,2,3,0,2,0,2,3,3,1,0,3,1,0,0,1,1,0,0,2,3,0,3,2,1,1,0,1,1,2,3,3,3 ks=131,151,209,167,235,77,200,27,248,15,188,151,16,163,171,101,82,209,123,9,29,98,95,232,61,224,160,150,224,64,35,19,3,50,81,148,128,148,12,239,94,223,193,118,177,136,215,85,188,129,150,124,41,157,119,225,196,154,40,203,74,186,234,32
00076 features=730 size=21 p=10 tap=23 reset=false scheme=0 ops=3,0,1,3,0,3,1,3,1,0,0,2,2,1,2,3,2,1,0,3,0,2,3,1,0,2,2,0,3,2,2,2,0,2,3,2,0,1,3,0,0,1,3,3,2,3,1,2,2,1,3,0,0,0,1,0,1,2,0,3,3,1,0,1 ks=0,0,0,0,0,0,68,0,0,0,168,109,0,0,84,0,0,93,0,0,0,0,0,0,206,0,0,0,0,0,165,0,74,162,0,0,199,0,96,0,0,143,0,239,217,0,45,0,0,5,0,231,234,0,0,0,170,0,0,217,0,0,0,139
00077 features=1015 size=63 p=10 tap=14 reset=false scheme=0 ops=1,1,3,2,0,0,2,0,0,2,2,2,3,3,3,1,2,3,0,1,3,1,2,3,0,3,3,3,3,2,0,3,1,1,3,3,2,2,0,1,1,3,2,0,3,1,0,3,0,3,2,2,1,3,0,1,2,3,0,0,2,0,0,3 ks=51,129,33,225,80,55,61,15,81,64,210,176,30,170,97,235,150,219,213,40,253,131,30,120,204,5,166,238,194,113,100,86,135,153,151,138,143,0,122,36,32,1,139,110,131,158,145,61,193,182,109,24,222,103,75,161,166,57,71,61,24,43,80,226
00078 features=677 size=21 p=5 tap=23 reset=false scheme=5 ops=1,2,2,3,0,3,3,0,0,3,1,1,1,2,0,0,3,3,2,0,0,3,0,0,0,1,3,3,2,1,0,1,2,2,1,2,2,0,2,3,1,3,1,2,0,1,0,0,1,2,1,1,3,3,1,1,0,2,0,2,2,3,2,3 ks=0,207,218,0,0,0,243,0,0,0,28,50,0,0,73,0,0,0,0,0,0,0,0,35,169,0,0,0,0,0,0,0,0,0,122,131,145,192,0,0,99,0,0,0,181,83,185,127,0,16,23,0,0,0,0,0,0,0,0,49,0,0,0,163
00079 features=733 size=22 p=1 tap=35 reset=true scheme=3 ops=3,2,0,3,3,0,0,3,2,2,3,3,0,0,2,2,1,1,1,2,0,1,3,3,2,3,3,0,1,2,3,1,3,2,0,0,1,1,2,0,2,3,0,1,1,0,3,2,3,0,0,0,1,0,3,1,0,2,3,3,1,3,0,3 ks=132,0,25,0,0,0,20,0,0,41,0,0,53,0,0,0,106,0,187,0,0,0,0,0,0,151,0,244,0,74,65,55,0,0,0,187,0,0,0,0,215,0,0,0,0,12,193,0,0,0,222,0,197,24,0,0,0,63,0,7,0,0,0,180
00080 features=490 size=18 p=10 tap=24 reset=false scheme=0 ops=2,2,1,2,3,3,2,3,3,1,3,3,3,3,3,0,1,1,3,1,0,3,2,3,1,2,2,2,1,1,3,1,3,3,2,3,1,1,3,0,3,2,3,3,1,0,2,3,3,0,3,3,2,0,2,3,1,0,3,1,0,2,3,0 ks=0,153,0,0,0,0,146,0,213,159,14,0,0,0,0,171,0,0,183,0,149,0,75,0,102,0,0,0,0,111,0,0,0,0,155,231,0,0,0,0,0,0,0,0,0,58,168,0,24,0,0,0,131,0,0,0,204,0,0,0,0,0,0,0
00081 features=876 size=45 p=2 tap=60 reset=true scheme=3 ops=1,2,1,3,1,0,0,1,0,0,3,1,2,2,2,3,3,0,1,3,1,2,3,1,1,1,2,2,3,3,1,0,3,3,2,1,2,2,1,3,2,0,2,0,3,0,3,2,3,2,3,3,0,0,2,3,0,0,2,2,3,0,2,3 ks=0,2,230,0,140,200,132,64,0,33,78,0,73,205,170,189,231,0,0,0,67,11,0,113,194,0,47,71,71,222,53,1,199,148,221,181,0,0,0,90,241,230,0,159,93,187,191,136,233,23,20,0,0,60,0,2,200,54,83,28,23,0,0,0
00082 features=994 size=64 p=5 tap=46 reset=false scheme=1 ops=1,2,2,1,1,0,3,2,1,2,1,0,3,3,3,3,0,2,2,3,3,0,0,2,1,2,0,2,1,0,3,1,3,2,0,1,0,2,3,0,1,3,3,2,1,0,3,0,2,1,1,0,1,1,1,0,1,2,0,2,2,2,1,3 ks=126,164,105,216,209,121,124,233,193,142,48,194,202,81,124,26,6,183,174,81,32,150,203,88,241,143,35,149,14,75,86,33,244,61,163,11,188,194,155,82,32,62,73,17,216,112,231,233,31,174,119,42,148,178,70,108,5,201,166,73,74,156,84,201
00083 features=997 size=64 p=10 tap=43 reset=false scheme=2 ops=3,0,0,1,3,2,2,1,2,3,2,0,1,2,1,1,3,2,3,3,1,3,1,1,2,3,2,2,2,0,0,3,1,0,2,2,1,0,3,3,3,0,3,3,1,2,2,1,2,0,2,1,0,0,1,3,3,1,0,3,3,0,0,3 ks=26,56,120,128,139,11,56,164,202,244,232,172,139,141,41,100,215,59,8,220,194,61,255,134,179,107,168,126,156,131,162,133,87,199,196,188,108,113,122,168,44,190,223,79,181,17,122,112,44,106,224,47,20,13,151,134,255,217,112,129,183,206,62,252
00084 features=896 size=38 p=10 tap=23 reset=true scheme=4 ops=0,0,2,2,3,1,3,1,1,0,2,1,3,2,1,1,2,3,1,2,3,2,0,3,2,2,3,3,1,0,0,3,0,1,1,0,1,2,3,3,0,0,2,3,0,1,0,3,1,0,3,0,1,0,0,3,2,1,1,2,0,1,0,0 ks=0,0,0,0,70,247,0,103,0,150,133,37,146,0,0,64,120,27,0,200,0,177,0,207,0,157,0,32,65,0,0,27,0,59,244,32,95,2,0,47,187,191,11,0,69,0,199,37,0,23,0,224,31,0,99,0,29,0,125,62,0,249,0,217
00085 features=863 size=17 p=5 tap=34 reset=true scheme=2 ops=0,2,2,1,1,2,3,0,3,0,1,1,0,2,0,3,3,3,0,2,2,1,3,0,2,0,3,2,3,1,3,2,0,3,0,2,2,2,3,2,2,3,2,1,0,1,3,2,3,0,3,1,3,3,1,2,0,0,1,1,1,0,2,0 ks=0,0,0,0,87,0,0,157,0,0,0,0,179,65,0,0,203,30,0,206,0,0,0,0,0,0,0,0,0,17,0,0,185,0,0,0,0,0,0,0,205,108,0,209,184,0,0,76,0,0,0,0,0,102,0,0,243,167,0,0,0,0,0,0
00086 features=900 size=52 p=1 tap=35 reset=true scheme=3 ops=2,2,3,1,2,0,1,2,3,1,3,3,1,1,3,0,3,2,0,0,1,2,0,3,3,3,1,3,0,2,1,0,0,3,1,3,1,1,0,0,3,3,2,0,0,2,2,0,0,1,1,0,0,3,2,1,2,2,1,0,3,1,3,1 ks=150,0,193,106,209,32,163,174,49,0,119,81,52,188,191,237,120,220,242,34,0,48,117,0,70,54,64,133,151,205,75,175,204,0,213,234,166,0,0,118,0,230,240,0,1,0,113,57,221,158,37,0,60,126,117,120,121,0,238,136,234,94,146,167
00087 features=960 size=64 p=1 tap=62 reset=true scheme=3 ops=1,3,0,1,3,1,0,1,0,2,3,0,2,0,0,2,1,2,1,1,0,3,3,0,2,0,0,0,3,1,2,3,3,0,3,3,0,0,2,1,1,1,0,1,1,1,1,2,3,0,2,2,2,3,1,1,3,1,2,0,0,0,3,1 ks=32,184,222,36,110,238,18,68,56,84,30,142,251,108,39,79,185,224,137,127,10,173,255,10,10,198,2,90,48,61,169,233,200,12,94,34,243,71,255,64,78,249,67,181,252,73,25,18,92,245,130,94,87,134,172,193,20,100,33,148,110,175,67,122
00088 features=838 size=25 p=1 tap=23 reset=true scheme=3 ops=1,3,1,2,0,3,3,0,3,1,3,2,3,2,2,1,2,1,0,2,2,3,2,2,2,0,0,0,3,1,3,2,0,2,2,1,0,1,1,0,1,0,2,0,3,0,2,0,0,0,2,3,1,0,3,0,2,1,1,3,0,3,2,3 ks=43,0,123,169,0,123,129,0,0,0,0,0,0,0,0,159,0,0,82,0,0,0,252,141,0,0,0,151,97,32,0,184,0,91,0,0,0,0,0,61,0,0,148,113,0,0,125,92,0,56,0,243,57,0,0,131,0,0,254,0,0,0,63,0
00089 features=890 size=46 p=10 tap=5 reset=true scheme=1 ops=1,1,1,1,2,3,3,1,3,0,0,0,3,3,2,1,0,1,1,2,3,3,3,0,3,2,1,2,2,0,0,0,1,1,1,0,2,2,2,2,0,0,2,2,2,2,1,1,2,0,3,0,2,0,3,3,0,1,3,0,0,0,0,0 ks=197,189,0,0,0,214,170,0,86,193,64,0,88,0,198,78,143,149,40,63,9,83,0,28,176,0,0,184,237,148,240,15,150,219,142,19,81,153,95,0,0,0,60,134,131,215,0,1,241,0,0,219,0,106,101,149,0,160,60,0,33,52,85,255
00090 features=843 size=46 p=2 tap=44 reset=true scheme=3 ops=2,0,2,2,0,2,1,3,3,2,0,2,2,0,1,3,3,2,3,1,3,3,0,2,3,0,0,1,3,0,1,3,1,3,1,2,1,2,3,2,0,1,0,3,0,1,2,0,3,0,1,2,2,3,1,0,3,1,2,3,2,2,3,0 ks=0,85,131,0,50,117,0,104,96,151,0,236,22,0,0,15,153,251,171,0,18,24,148,85,0,255,2,0,0,79,102,101,93,0,251,239,0,209,111,125,81,0,33,15,0,0,254,0,0,156,66,201,71,22,0,191,19,81,249,140,132,174,159,142
00091 features=936 size=64 p=5 tap=32 reset=true scheme=3 ops=1,2,1,3,1,2,0,3,0,0,0,2,2,3,2,0,0,0,3,2,1,0,2,3,2,1,1,0,3,1,0,2,3,1,1,1,1,3,3,3,1,2,0,1,3,0,0,3,0,0,3,1,3,2,1,1,3,2,1,0,1,3,2,0 ks=223,131,161,22,245,107,54,135,228,222,141,71,66,34,10,132,226,253,188,189,241,216,143,134,85,110,242,51,18,92,219,238,41,123,182,69,68,136,35,5,69,135,123,69,107,144,160,143,49,58,250,194,204,105,219,55,83,30,118,28,158,242,72,185
00092 features=988 size=64 p=5 tap=23 reset=true scheme=3 ops=1,0,3,1,3,1,1,0,3,1,1,1,2,1,3,2,3,3,1,1,2,1,1,1,3,2,1,2,2,3,3,2,1,0,3,3,3,1,0,3,0,0,1,0,1,3,3,3,0,3,0,3,0,1,0,2,2,3,3,3,1,3,1,0 ks=235,4,201,158,240,216,130,33,125,205,41,72,50,107,110,18,45,25,178,215,7,231,119,166,201,114,79,12,83,158,59,185,48,36,190,165,202,178,57,91,24,234,66,138,73,195,203,155,123,230,154,167,236,197,16,63,227,204,248,66,86,72,113,201
00093 features=693 size=26 p=5 tap=41 reset=false scheme=3 ops=0,1,3,1,2,1,0,1,3,0,2,1,1,0,1,2,3,1,2,3,3,3,3,0,2,1,0,2,3,1,0,2,3,3,3,1,0,1,3,0,3,1,3,1,1,3,1,0,3,1,0,0,0,1,2,1,1,0,3,2,3,1,1,1 ks=156,0,135,0,0,0,97,220,97,119,61,0,0,0,220,0,0,12,223,0,0,52,0,0,222,0,0,0,38,221,0,0,0,0,0,0,0,253,0,0,80,103,0,241,0,0,0,0,0,0,172,66,0,0,26,0,58,204,231,189,0,0,0,183
00094 features=1026 size=63 p=2 tap=63 reset=true scheme=2 ops=1,0,2,2,3,1,2,2,3,1,2,0,1,0,0,3,2,1,1,2,0,1,1,3,3,0,1,3,3,3,2,2,3,3,2,1,0,3,1,3,0,3,2,3,0,1,3,1,2,0,1,1,0,2,0,1,3,0,0,0,2,2,0,3 ks=238,229,37,67,71,153,174,67,112,223,138,60,19,141,181,97,76,219,80,126,29,122,164,149,86,172,233,228,193,165,0,124,182,221,212,16,10,184,162,135,243,240,245,217,122,231,195,29,147,100,5,30,139,129,25,214,99,143,232,169,165,140,53,253
00095 features=881 size=44 p=10 tap=46 reset=false scheme=2 ops=0,0,1,2,3,1,2,3,1,2,1,2,2,1,3,0,2,1,1,2,0,1,0,3,2,2,1,3,0,3,3,2,0,1,2,3,2,2,1,3,2,3,3,3,3,2,3,2,3,3,3,0,1,3,0,1,0,0,2,2,2,2,2,1 ks=189,13,1,186,0,192,212,0,0,187,120,0,138,187,168,0,0,231,0,129,233,26,199,138,0,225,138,104,148,0,126,0,212,6,0,240,41,72,211,166,68,111,0,109,93,136,70,0,0,0,112,185,0,0,0,246,52,121,25,252,148,0,181,0
00096 features=817 size=47 p=5 tap=46 reset=false scheme=5 ops=1,2,0,1,3,1,1,0,0,3,0,2,2,0,0,0,2,1,0,2,2,2,0,3,3,0,3,3,2,0,3,0,2,0,2,3,3,3,2,0,1,1,3,1,3,2,3,1,0,2,3,1,3,1,1,1,2,3,0,1,2,3,3,1 ks=209,196,32,0,114,104,121,72,195,0,3,0,0,116,43,108,0,0,104,211,234,0,147,228,0,0,184,167,35,74,6,16,5,195,0,114,123,0,0,19,0,193,34,0,0,27,121,0,247,60,235,180,196,89,51,177,248,0,92,102,201,252,171,129
00097 features=866 size=49 p=10 tap=20 reset=true scheme=3 ops=3,0,3,0,2,3,0,3,3,1,1,3,3,0,3,3,3,0,1,0,3,0,3,1,2,1,1,3,1,0,2,0,1,1,2,1,1,2,1,2,0,3,3,2,0,2,3,0,2,0,2,3,3,2,1,1,2,0,0,0,1,2,1,3 ks=129,138,75,190,190,19,153,52,5,30,236,26,122,91,95,0,14,137,0,0,45,227,0,0,42,237,52,0,229,93,209,250,111,143,182,52,135,39,175,50,0,0,56,191,94,153,0,0,151,107,107,56,133,8,0,144,203,0,69,0,176,0,194,0
00098 features=736 size=19 p=1 tap=62 reset=true scheme=2 ops=3,3,1,3,2,3,3,0,2,0,0,3,0,3,2,3,0,3,3,1,0,0,3,1,2,2,2,0,1,3,0,0,2,2,1,2,3,0,2,1,1,2,1,3,2,1,1,0,1,0,0,3,3,2,1,3,2,2,0,1,2,3,0,3 ks=0,42,0,0,0,0,0,116,223,0,0,0,47,0,245,95,211,179,0,0,0,0,0,0,0,183,0,0,0,0,0,0,0,0,0,125,0,0,0,245,0,248,0,0,0,0,0,246,0,0,0,46,140,15,111,0,48,0,182,0,0,0,0,0
00099 features=816 size=37 p=5 tap=10 reset=false scheme=1 ops=0,0,2,1,3,1,1,2,3,2,3,0,3,3,3,0,1,2,3,0,1,3,3,1,2,0,0,2,2,3,1,0,2,3,1,0,3,3,3,0,1,3,2,0,3,2,3,2,3,1,0,0,3,3,2,0,1,0,0,0,3,2,1,1 ks=149,232,234,126,0,0,201,0,0,13,238,0,0,212,6,69,162,0,212,31,161,169,0,179,0,63,93,179,0,0,89,126,0,114,0,125,48,185,76,0,0,0,0,0,0,0,123,0,193,0,0,14,118,0,0,0,0,179,248,128,6,120,30,7
00100 features=945 size=63 p=10 tap=33 reset=false scheme=3 ops=0,1,0,0,0,1,2,1,2,2,2,3,0,3,3,2,3,1,0,3,1,3,0,2,2,3,0,0,2,2,2,0,2,3,2,3,3,0,3,3,1,0,2,2,1,2,3,2,1,2,3,0,0,2,1,1,2,1,0,2,1,2,1,3 ks=231,7,92,169,133,117,52,179,200,62,73,55,9,243,172,55,248,209,114,121,97,59,83,228,230,74,147,242,230,27,19,23,148,244,252,58,102,20,163,79,174,199,53,77,91,177,196,234,204,232,250,22,24,97,124,2,109,110,18,9,114,212,254,0
00101 features=736 size=22 p=10 tap=34 reset=false scheme=5 ops=3,1,3,3,1,1,1,2,3,2,3,2,3,2,0,0,3,2,2,2,0,3,2,1,1,0,3,1,0,2,2,0,0,3,1,2,3,3,0,2,0,0,2,2,0,1,3,2,2,1,2,1,0,3,0,2,0,2,1,0,2,1,3,2 ks=0,134,0,0,116,0,212,0,0,0,0,0,0,124,5,0,213,0,0,0,0,0,0,230,0,0,0,0,0,88,0,0,0,0,0,28,0,0,232,0,43,0,53,96,236,0,0,0,253,129,194,179,138,85,0,116,0,0,0,0,0,150,0,0
00102 features=981 size=63 p=10 tap=62 reset=false scheme=0 ops=3,3,2,2,3,1,2,0,0,0,0,3,1,1,1,0,2,2,1,2,2,2,0,3,0,2,1,3,3,0,3,3,3,1,1,1,1,3,0,3,0,2,3,3,0,3,2,1,0,3,3,1,3,2,1,2,0,1,2,2,2,3,3,3 ks=210,253,211,85,141,135,78,79,159,226,162,185,37,230,120,107,0,127,255,243,4,227,208,32,105,234,166,225,158,42,144,60,101,150,175,123,116,219,146,107,243,10,102,60,155,83,193,159,205,108,129,163,69,15,92,105,209,26,107,172,117,19,127,192
00103 features=755 size=20 p=10 tap=63 reset=true scheme=3 ops=0,2,1,2,0,0,2,3,3,2,3,2,2,3,2,2,3,1,2,3,1,3,1,1,2,2,0,1,0,2,2,0,1,0,0,3,2,3,0,3,2,1,3,3,2,3,2,3,2,1,0,2,1,3,2,3,1,1,3,3,1,3,3,0 ks=0,108,0,0,0,0,251,109,0,0,0,0,0,113,0,69,0,0,0,0,0,146,0,0,242,0,124,183,0,0,0,146,0,0,174,0,0,0,0,0,0,222,0,0,227,0,0,195,0,161,146,215,0,231,0,0,0,142,0,0,0,167,0,0
00104 features=873 size=22 p=2 tap=9 reset=true scheme=1 ops=2,3,0,2,2,0,0,3,0,3,1,3,2,1,0,2,0,2,0,1,1,0,0,0,3,3,0,2,2,3,3,2,1,1,3,2,2,2,0,3,2,3,1,1,0,1,1,1,2,2,2,3,1,2,2,2,2,1,3,3,2,3,1,2 ks=64,131,0,0,126,0,219,0,0,39,0,78,0,0,0,0,55,161,0,0,0,0,0,0,0,148,0,0,49,0,0,0,0,0,46,0,222,141,0,104,196,0,254,97,253,0,0,205,0,0,0,251,131,0,0,0,0,0,0,0,0,0,221,0
00105 features=719 size=19 p=5 tap=28 reset=true scheme=3 ops=2,2,0,1,3,2,3,0,1,1,2,2,2,2,3,1,0,3,0,1,2,0,1,3,3,2,3,2,2,2,0,0,2,2,3,3,0,0,0,1,1,2,0,3,3,0,2,1,1,1,0,1,3,1,3,0,2,2,0,0,2,2,3,1 ks=0,0,0,0,0,0,106,0,0,0,53,0,0,0,0,0,58,0,0,0,0,245,0,224,76,0,160,144,0,0,0,0,0,0,248,0,0,114,0,50,9,0,0,0,107,0,80,0,0,0,216,0,0,0,0,0,137,0,145,0,239,0,31,0
00106 features=775 size=20 p=5 tap=49 reset=false scheme=3 ops=0,3,0,3,3,1,1,2,3,0,0,0,2,2,1,0,0,1,0,1,2,0,1,2,1,3,3,1,3,1,0,1,2,0,0,2,2,2,1,1,3,1,3,0,2,0,2,2,3,3,3,0,3,2,1,3,3,1,1,0,1,0,0,3 ks=0,0,0,217,0,0,0,0,0,0,0,0,24,87,89,0,0,0,0,102,0,0,114,0,0,227,0,0,0,0,0,4,0,223,0,0,143,0,130,181,0,78,142,0,0,0,0,41,0,0,0,244,0,0,0,0,0,160,119,159,0,0,66,0
00107 features=824 size=23 p=10 tap=32 reset=false scheme=4 ops=1,3,2,3,2,3,0,2,3,0,0,2,2,1,3,1,3,0,2,0,0,2,1,3,2,2,0,3,1,0,0,1,3,2,2,2,3,3,3,0,1,0,2,1,2,1,2,0,2,1,2,0,3,2,1,3,1,0,1,3,1,0,2,1 ks=204,116,0,0,0,241,0,0,218,0,0,134,0,64,0,0,181,193,144,81,0,0,0,0,0,91,0,150,0,0,0,206,162,0,0,0,0,0,178,0,98,0,126,134,0,0,0,58,0,0,0,0,0,89,0,0,0,0,9,0,0,0,175,19
00108 features=810 size=27 p=1 tap=49 reset=true scheme=3 ops=3,0,3,2,3,1,1,3,1,0,1,1,1,0,2,3,3,0,1,2,2,3,2,1,0,0,2,1,3,2,3,2,0,0,1,0,0,2,1,3,2,1,0,2,0,1,1,3,0,3,2,2,1,1,0,0,1,0,2,2,2,2,0,1 ks=0,0,109,255,0,0,0,0,0,125,0,212,2,0,210,57,0,0,0,0,0,0,141,4,0,251,139,49,3,51,61,93,0,0,73,0,0,0,0,0,0,95,210,247,0,0,0,234,0,0,0,0,148,46,0,50,21,0,0,0,75,0,191,0
00109 features=830 size=23 p=2 tap=19 reset=true scheme=2 ops=1,2,2,0,3,1,2,1,3,2,3,3,0,3,3,3,2,3,2,1,1,0,1,0,0,1,0,0,3,3,0,3,0,1,1,3,0,3,3,3,2,0,3,1,1,0,2,2,1,2,3,1,1,3,2,2,2,0,0,2,3,3,3,3 ks=10,134,0,65,0,174,0,0,0,80,0,96,67,131,0,0,0,0,188,0,222,138,0,0,82,159,0,241,0,0,0,231,0,177,0,21,72,0,0,0,0,154,11,207,0,0,0,146,0,0,0,0,0,0,0,0,0,0,0,0,237,0,0,0
00110 features=983 size=64 p=10 tap=63 reset=false scheme=2 ops=0,3,0,0,2,2,3,1,2,2,3,1,0,0,1,0,1,2,0,3,0,1,1,3,1,3,2,1,0,0,1,2,0,3,0,1,1,1,1,1,3,1,3,0,1,3,3,1,2,3,0,0,3,2,2,2,3,0,0,1,1,0,1,3 ks=41,87,56,67,210,151,60,105,151,195,50,250,7,24,255,9,217,247,99,25,219,112,232,71,23,150,78,165,81,110,168,141,161,122,254,134,166,66,20,43,38,3,212,253,122,118,17,39,88,177,209,117,7,105,114,172,253,172,178,190,253,35,117,12
00111 features=812 size=38 p=5 tap=34 reset=true scheme=3 ops=1,2,2,0,0,1,3,2,0,1,0,2,2,2,3,0,3,2,3,2,2,0,0,3,2,1,2,1,0,3,2,0,0,3,3,3,3,3,2,3,3,0,3,1,0,0,2,1,1,0,1,3,1,0,0,1,2,0,0,1,3,3,3,1 ks=0,2,72,7,0,0,0,254,0,0,236,0,166,0,0,149,135,62,210,17,130,0,0,0,152,200,0,0,0,120,0,21,0,120,94,241,0,62,217,150,0,114,49,0,240,27,0,142,0,0,0,81,252,32,0,98,225,155,10,124,209,0,67,215
00112 features=911 size=44 p=2 tap=23 reset=true scheme=3 ops=0,0,1,0,0,0,1,3,1,0,3,2,3,3,3,0,3,0,3,2,3,1,1,3,0,1,3,0,0,0,3,0,2,1,2,3,0,0,0,3,1,2,3,2,0,1,3,2,3,1,1,0,3,2,1,0,2,3,3,0,0,3,1,2 ks=49,243,0,0,147,0,144,12,18,0,137,0,0,161,65,255,0,54,98,0,49,102,0,151,171,180,0,206,162,223,47,0,175,20,253,93,0,0,157,0,248,208,16,0,18,77,135,138,249,0,160,8,121,114,225,0,0,0,142,67,0,18,155,119
00113 features=770 size=24 p=10 tap=35 reset=true scheme=3 ops=0,0,3,3,3,0,2,1,1,1,2,0,0,2,1,0,0,1,2,0,3,0,2,0,2,3,3,3,2,1,3,2,2,0,0,3,3,1,1,1,0,0,2,2,1,1,0,3,3,3,2,2,1,1,1,2,2,1,2,3,1,3,2,0 ks=74,63,48,0,179,158,70,0,151,208,0,0,0,0,0,197,147,0,0,196,0,60,202,0,0,0,0,0,42,218,0,0,0,194,0,246,0,0,0,0,0,0,0,0,0,0,132,167,212,0,0,102,0,0,0,105,112,0,0,0,25,0,0,0
00114 features=907 size=44 p=1 tap=24 reset=true scheme=2 ops=2,2,3,0,3,0,2,3,0,0,0,2,1,1,2,2,3,3,0,3,2,2,3,2,1,1,2,2,1,1,2,1,3,1,3,2,0,2,3,1,0,1,3,2,0,3,3,0,0,1,3,1,1,1,2,3,1,1,0,1,2,1,1,2 ks=0,95,168,210,85,15,153,168,0,154,201,0,43,71,0,0,247,119,0,0,50,0,0,0,0,139,203,182,163,239,0,176,197,236,0,242,224,209,88,244,0,184,0,196,95,90,39,188,28,0,136,193,0,66,152,0,157,0,80,164,225,3,0,219
00115 features=996 size=64 p=10 tap=28 reset=true scheme=4 ops=3,3,1,1,0,0,3,2,1,0,3,2,2,3,3,2,2,1,3,1,2,1,0,0,1,2,1,0,3,2,3,3,2,2,1,1,0,2,0,1,3,1,1,0,2,0,1,2,3,2,3,0,2,0,0,1,2,2,3,0,0,0,0,0 ks=221,239,200,207,223,189,216,42,43,78,242,85,143,245,183,173,93,167,110,14,142,120,129,158,70,150,138,99,179,62,63,242,231,24,255,170,214,249,149,75,240,102,254,136,194,109,222,18,71,123,98,69,83,194,5,5,56,175,55,75,186,153,43,67
00116 features=705 size=19 p=2 tap=56 reset=true scheme=3 ops=3,1,3,0,3,1,1,2,1,1,0,0,1,1,0,2,2,0,0,2,3,2,3,3,3,0,2,0,0,3,1,2,0,0,3,2,1,1,3,3,3,3,0,2,2,0,0,0,1,3,1,0,1,2,3,3,3,2,3,0,0,3,1,0 ks=20,0,22,0,0,0,0,251,0,37,0,0,0,0,0,0,0,135,201,0,0,173,0,0,0,233,0,0,246,0,0,0,0,178,0,0,0,0,19,9,0,0,236,0,0,0,0,159,54,0,0,0,0,8,0,195,92,0,0,227,0,0,0,0
00117 features=782 size=42 p=1 tap=45 reset=false scheme=5 ops=3,3,1,0,0,1,3,0,1,3,1,3,1,0,3,2,2,0,1,2,2,0,1,1,0,0,1,1,2,1,0,1,3,3,0,1,0,1,0,1,2,3,0,3,1,2,2,3,2,1,1,3,3,1,2,0,0,0,1,3,3,0,3,2 ks=171,0,0,150,144,91,254,53,0,0,145,164,62,138,0,0,0,186,214,0,0,0,97,204,250,232,0,33,212,105,161,231,0,0,154,0,0,80,0,0,244,231,236,226,89,106,75,68,47,67,0,0,238,81,221,224,86,72,249,86,0,95,0,0
00118 features=844 size=25 p=1 tap=35 reset=false scheme=5 ops=0,1,1,0,2,2,3,2,2,0,3,0,2,2,3,2,0,2,0,3,0,0,2,0,2,2,3,2,2,0,3,1,3,3,1,1,3,1,3,2,0,2,3,0,2,3,2,2,2,3,3,1,1,2,2,0,1,3,0,1,2,2,3,3 ks=0,4,218,0,131,46,155,0,0,227,0,170,0,0,60,0,11,0,0,0,0,51,0,0,126,0,230,0,1,61,0,124,0,234,0,13,0,214,0,152,161,0,46,0,0,0,108,0,0,0,0,0,80,0,0,54,0,0,134,0,0,0,0,0
00119 features=744 size=18 p=10 tap=61 reset=false scheme=3 ops=1,3,1,2,3,2,0,1,1,2,0,3,0,0,1,2,2,1,3,0,2,3,3,3,0,1,0,1,1,2,2,0,0,3,1,2,1,0,1,2,0,0,2,0,2,3,1,1,1,2,1,2,0,0,0,2,2,0,0,1,0,3,1,1 ks=0,0,0,0,0,0,0,0,100,0,0,0,0,0,0,0,0,235,155,164,255,248,26,243,0,0,0,0,0,0,0,0,70,0,194,0,0,0,0,0,0,193,0,0,0,17,150,136,0,0,0,5,0,0,0,0,0,100,0,76,0,232,0,0
00120 features=751 size=26 p=2 tap=16 reset=false scheme=0 ops=3,3,3,0,3,2,2,3,2,2,1,2,3,3,1,3,1,3,3,2,3,2,3,3,2,2,1,1,1,2,2,2,2,0,1,0,0,0,3,2,1,1,0,0,1,2,2,0,3,1,2,3,0,0,1,2,0,0,0,1,1,3,3,0 ks=0,0,57,175,0,0,0,154,0,0,0,37,142,212,0,0,0,152,41,0,0,0,0,154,0,189,0,0,0,81,0,114,6,247,0,0,0,183,0,223,52,0,0,0,0,0,0,0,50,33,0,23,0,166,0,62,234,0,0,0,0,46,64,32
00121 features=958 size=64 p=2 tap=13 reset=true scheme=3 ops=2,3,1,3,3,2,2,0,0,3,3,1,0,3,3,2,3,2,0,0,2,2,2,3,2,2,1,3,2,0,2,1,2,1,0,2,0,0,0,0,3,3,2,3,3,0,0,0,2,2,1,2,0,2,1,3,1,0,0,1,2,1,1,1 ks=168,26,52,26,189,43,218,240,249,13,181,251,230,127,205,98,128,254,124,11,188,211,135,136,64,101,131,141,80,212,189,100,14,145,22,126,151,74,22,95,2,23,196,31,222,67,143,233,237,243,108,214,55,72,115,122,254,180,112,148,105,2,162,39
00122 features=917 size=64 p=10 tap=7 reset=true scheme=3 ops=0,0,3,0,1,2,1,2,3,0,2,0,0,3,2,3,1,2,1,0,3,1,0,1,3,3,2,3,3,1,2,3,2,3,1,3,0,1,0,2,1,1,3,1,1,3,2,1,2,0,0,2,0,0,0,0,3,0,0,2,1,3,0,2 ks=65,46,179,235,228,246,201,141,198,195,233,29,235,165,179,231,177,176,124,172,121,115,247,38,209,251,61,125,19,237,104,93,139,168,66,145,218,24,143,218,89,123,111,28,18,244,23,41,177,16,116,200,27,55,236,190,170,26,142,78,12,160,121,84
00123 features=762 size=36 p=10 tap=25 reset=true scheme=3 ops=3,3,0,0,2,1,0,1,0,2,2,1,2,3,2,2,3,1,1,2,3,3,3,0,2,0,2,0,0,1,0,0,1,2,0,3,2,0,1,1,0,1,3,0,2,3,3,1,2,2,2,1,1,3,3,3,0,0,0,0,3,0,1,2 ks=0,114,111,197,211,225,150,0,127,143,0,255,221,126,0,0,138,0,0,0,0,0,0,3,0,0,0,0,0,7,0,218,0,163,0,0,0,233,0,0,116,0,142,0,249,18,77,54,23,0,1,33,0,151,72,160,205,209,15,27,0,147,211,199
00124 features=839 size=37 p=10 tap=63 reset=true scheme=3 ops=2,1,3,3,1,0,1,0,2,1,1,1,1,3,1,1,1,1,2,3,2,0,0,0,1,0,0,3,0,2,0,0,2,0,2,3,3,1,3,1,3,2,3,0,1,3,2,1,3,1,1,3,3,0,1,0,3,0,3,0,2,1,0,3 ks=0,41,232,84,0,0,166,0,222,82,0,88,0,0,139,0,213,0,0,111,0,0,151,0,0,39,248,186,101,84,0,1,67,194,240,198,0,18,0,0,219,0,0,0,247,245,151,235,44,0,175,127,0,0,0,0,115,37,81,0,237,184,211,144
00125 features=830 size=18 p=10 tap=38 reset=true scheme=2 ops=3,3,2,0,1,2,2,1,1,1,3,3,1,2,1,1,2,2,0,3,1,2,0,3,2,2,1,3,3,1,3,1,0,0,2,2,2,3,1,0,0,1,1,3,3,0,2,3,0,1,1,0,0,3,0,0,1,3,3,3,3,0,1,3 ks=232,35,0,0,0,0,0,31,244,84,0,193,0,0,0,0,0,0,0,0,109,0,0,0,0,0,0,27,0,177,0,0,0,0,221,0,171,0,0,65,0,0,141,196,0,0,0,194,0,0,0,0,166,0,0,0,92,0,0,0,0,0,0,78
00126 features=950 size=64 p=5 tap=7 reset=true scheme=3 ops=0,1,2,3,1,0,1,3,1,2,1,0,2,2,0,0,1,2,0,1,2,0,2,2,2,1,2,0,0,2,1,2,2,1,1,3,3,0,3,2,0,2,0,0,2,1,1,1,0,2,1,0,2,1,3,3,2,1,2,1,1,3,3,0 ks=137,142,92,161,248,228,205,36,237,125,208,144,89,82,150,92,14,40,93,83,214,192,57,177,7,47,247,216,120,51,167,215,157,48,78,165,19,234,246,129,247,222,7,186,19,192,119,162,22,46,239,110,69,156,55,66,78,132,19,131,178,78,178,39
00127 features=702 size=19 p=10 tap=6 reset=false scheme=2 ops=2,0,1,3,1,3,0,0,2,0,1,0,0,0,2,2,3,3,3,3,0,2,3,0,2,2,3,2,1,2,1,3,3,2,3,3,3,0,0,1,2,0,3,3,2,2,2,2,1,3,3,2,0,3,2,2,1,2,0,3,2,1,3,0 ks=0,179,0,210,75,0,0,0,0,0,0,0,0,0,0,188,177,0,0,0,0,0,0,0,179,0,0,0,252,237,0,242,0,0,0,0,11,0,0,0,0,4,0,47,0,0,0,56,0,172,0,0,0,219,239,169,0,0,0,0,82,0,167,0
00128 features=904 size=48 p=1 tap=62 reset=true scheme=3 ops=0,0,3,3,2,0,2,1,2,1,0,3,2,0,0,3,1,3,2,1,2,1,0,1,2,0,3,1,0,3,0,1,2,1,2,1,0,1,0,3,2,0,3,1,3,2,3,2,2,1,3,3,0,3,1,3,1,2,3,3,1,2,1,3 ks=63,191,152,0,0,188,252,29,195,172,119,180,0,212,0,156,0,96,230,252,86,162,0,131,165,0,173,251,179,94,180,0,35,20,193,0,65,0,217,224,167,0,0,12,215,48,0,188,121,128,32,165,13,0,207,119,60,78,253,0,0,151,200,63
00129 features=616 size=26 p=2 tap=23 reset=false scheme=4 ops=1,2,1,2,3,3,0,0,2,1,2,0,3,3,3,0,3,1,0,1,1,3,3,1,0,3,1,0,3,2,3,0,3,3,1,1,3,0,1,3,0,1,3,2,0,3,3,1,0,1,0,0,2,1,3,0,3,1,1,2,0,3,0,3 ks=0,179,42,0,0,0,98,108,0,0,0,179,0,0,170,0,154,0,171,0,85,156,0,151,0,0,0,47,0,0,195,0,0,0,0,40,0,0,80,255,0,229,183,212,0,0,0,0,4,129,255,0,154,215,0,0,0,0,0,0,0,181,179,0
00130 features=845 size=19 p=5 tap=14 reset=true scheme=4 ops=2,0,0,3,2,1,1,1,0,2,0,1,3,3,1,2,2,3,0,2,1,0,1,2,2,0,1,2,2,2,0,2,1,3,1,3,1,2,1,3,2,3,2,0,0,0,3,0,0,3,2,0,3,1,1,0,0,0,3,3,3,1,0,2 ks=0,211,0,0,0,0,0,0,0,0,0,0,149,0,0,0,0,235,249,11,0,19,10,0,0,9,0,101,0,0,0,80,147,0,0,0,122,0,0,0,0,0,0,0,69,227,1,0,0,0,0,0,0,186,0,0,0,113,236,194,0,0,0,0
00131 features=961 size=43 p=1 tap=1 reset=true scheme=3 ops=1,3,3,0,0,2,0,0,2,0,3,1,0,0,1,0,3,2,0,2,3,2,2,1,2,0,1,0,0,2,0,3,0,1,3,0,1,3,2,3,1,2,3,2,1,1,1,1,0,3,0,3,3,0,2,1,2,3,1,1,0,2,1,1 ks=59,48,69,165,63,0,74,0,157,0,44,77,0,48,247,0,193,0,0,64,208,144,0,162,0,7,70,0,91,58,148,0,183,202,0,41,248,107,173,32,0,0,54,220,124,5,75,0,0,1,42,0,66,83,0,226,106,0,75,71,0,0,93,46
00132 features=665 size=23 p=2 tap=17 reset=false scheme=2 ops=2,3,1,2,3,2,0,0,0,2,2,0,1,0,3,3,0,1,0,0,2,1,3,1,2,0,1,1,2,0,0,2,3,2,0,3,1,3,1,2,2,3,1,0,3,2,1,1,0,0,3,3,0,0,0,3,0,3,1,0,0,3,1,1 ks=0,36,223,0,0,131,138,0,0,4,0,223,0,0,0,0,157,200,0,221,0,0,0,224,0,0,167,0,0,0,0,0,184,81,0,107,0,0,173,0,0,0,0,0,249,0,36,0,0,32,0,0,20,65,0,240,249,0,225,0,0,0,0,0
00133 features=939 size=36 p=10 tap=25 reset=true scheme=5 ops=2,1,1,3,3,0,3,1,2,2,3,0,1,2,1,2,3,3,2,0,1,0,2,3,3,2,1,3,0,0,2,2,0,2,2,3,3,1,3,2,2,0,3,1,1,3,1,1,3,0,2,3,2,1,1,3,3,0,2,0,3,2,3,0 ks=237,29,0,0,0,0,169,0,184,43,0,140,196,0,195,77,34,243,131,0,216,0,25,0,0,52,197,0,214,0,116,0,162,3,92,243,0,198,0,136,81,0,122,0,0,16,75,111,164,0,19,0,11,0,176,0,0,98,0,0,0,65,181,0
00134 features=951 size=50 p=10 tap=46 reset=true scheme=0 ops=1,3,0,0,2,2,0,2,2,1,0,3,3,3,3,0,2,0,1,0,0,1,3,3,1,0,1,1,2,0,0,3,0,0,0,1,1,2,1,1,1,2,1,1,3,1,3,2,2,2,3,3,0,1,0,2,1,0,0,2,2,2,1,1 ks=11,0,27,13,0,0,105,162,148,213,0,115,180,219,67,13,0,0,111,39,0,21,115,0,141,139,100,192,185,102,192,50,33,8,142,0,32,33,131,186,0,195,230,0,153,0,203,5,38,8,57,0,193,1,0,95,157,174,59,202,98,59,113,14
00135 features=951 size=63 p=1 tap=0 reset=true scheme=3 ops=0,3,1,1,0,2,0,3,2,1,0,3,0,3,0,2,0,1,0,1,2,3,2,3,2,3,3,3,2,1,0,0,1,1,0,0,1,1,3,1,0,0,1,2,2,0,3,3,2,1,1,3,3,1,2,2,0,3,1,3,3,3,3,3 ks=255,224,117,88,251,220,210,3,82,74,218,111,89,192,38,44,247,130,154,11,155,97,88,87,153,86,11,64,250,110,17,37,234,250,84,222,115,201,165,246,177,58,140,122,92,9,44,131,51,0,95,16,175,63,61,165,52,147,224,1,21,222,217,188
00136 features=981 size=64 p=2 tap=43 reset=false scheme=4 ops=3,1,0,2,2,0,2,0,2,3,3,1,3,2,3,1,2,0,3,0,0,0,0,3,2,2,0,1,2,0,0,0,0,3,3,3,0,2,0,3,0,3,3,3,0,0,0,0,3,3,3,3,1,1,1,0,1,0,1,3,2,0,0,1 ks=101,200,130,245,242,23,17,14,13,47,222,208,240,66,26,154,209,89,255,128,3,215,189,188,185,119,14,162,204,110,26,137,202,197,212,41,79,106,154,75,18,122,211,245,183,141,106,232,228,4,216,60,146,163,223,19,153,59,56,149,22,17,114,3
00137 features=1006 size=64 p=10 tap=41 reset=false scheme=1 ops=1,1,2,1,1,3,0,3,1,0,0,3,2,1,3,1,2,3,0,1,3,3,0,2,3,2,2,2,1,1,3,1,2,1,0,3,2,1,3,1,3,3,3,3,3,2,1,3,1,1,0,3,2,2,3,0,1,0,0,1,3,0,0,1 ks=125,43,228,80,128,41,234,25,207,43,65,199,107,223,9,169,146,47,208,64,156,64,223,56,30,20,254,94,9,136,153,212,201,71,18,133,120,200,92,65,23,33,223,60,183,179,44,136,194,35,50,25,4,42,240,129,12,169,78,222,172,230,115,117
00138 features=954 size=43 p=10 tap=5 reset=true scheme=4 ops=0,0,1,0,0,3,3,3,1,2,1,2,1,0,2,0,0,0,1,2,2,1,3,1,2,2,3,0,2,3,3,0,3,1,1,1,3,3,0,2,0,0,0,2,3,0,0,3,1,1,3,2,2,0,1,2,2,1,2,1,2,0,2,2 ks=163,0,55,0,149,184,0,5,178,214,164,0,114,234,97,0,23,155,0,143,97,63,108,153,1,0,0,0,12,170,0,169,0,19,74,95,140,67,0,104,206,0,231,0,149,0,134,136,83,147,0,188,0,227,30,0,10,100,0,0,234,211,126,0
00139 features=950 size=44 p=2 tap=39 reset=true scheme=3 ops=0,0,1,3,0,0,3,0,2,1,1,0,1,2,0,1,2,3,2,1,3,2,0,3,2,2,2,2,1,0,2,1,2,3,0,3,1,3,2,3,2,0,3,0,3,1,2,0,1,2,2,0,2,3,0,2,2,1,3,0,1,1,1,0 ks=10,0,102,196,87,44,0,238,14,33,150,21,0,184,244,118,154,65,0,51,0,251,172,32,161,0,25,0,0,89,240,197,128,170,0,106,134,56,243,103,18,0,0,0,9,18,57,216,0,240,168,0,7,0,88,0,0,190,0,0,202,184,129,0
00140 features=921 size=62 p=5 tap=58 reset=true scheme=3 ops=0,0,2,1,0,1,0,3,3,0,1,1,2,0,2,2,0,3,3,0,0,1,3,2,1,2,2,0,0,0,1,0,1,3,2,2,0,2,2,3,3,1,0,0,2,3,0,0,0,0,1,3,2,3,3,1,0,0,3,1,1,2,3,1 ks=134,210,195,182,137,111,253,166,214,34,12,175,199,36,44,237,140,34,68,208,25,254,0,184,140,145,242,0,23,204,106,182,107,141,191,123,51,125,215,13,138,222,248,26,138,36,168,132,60,55,156,160,68,51,112,249,190,11,84,237,202,176,210,1
00141 features=626 size=20 p=2 tap=53 reset=false scheme=2 ops=1,0,0,1,1,1,3,3,1,3,2,3,0,0,0,3,3,3,0,3,1,3,0,2,1,2,0,1,0,3,0,2,1,0,0,3,1,3,3,1,1,3,3,0,1,1,1,3,1,3,3,3,3,0,3,1,1,2,0,1,3,0,3,0 ks=0,0,94,9,0,0,0,32,0,0,159,0,213,189,0,0,0,109,0,0,0,0,0,0,0,54,22,0,172,0,0,0,164,21,247,0,0,0,219,0,0,0,0,0,0,0,0,232,0,0,0,0,0,0,0,81,194,76,0,0,119,0,121,0
00142 features=999 size=64 p=10 tap=9 reset=true scheme=4 ops=3,1,2,1,3,0,1,0,0,3,3,0,3,2,2,3,2,0,2,2,3,3,1,0,0,2,3,1,1,3,2,3,2,0,0,3,2,1,2,0,3,2,1,2,2,1,1,2,0,0,2,1,0,3,2,3,1,2,1,1,2,0,0,0 ks=100,26,69,34,69,147,98,90,245,21,14,155,178,12,68,156,170,191,149,54,137,139,216,164,13,199,176,237,252,220,199,253,137,132,197,199,101,252,237,224,148,115,193,134,119,97,113,20,63,180,180,104,253,223,65,221,150,228,119,51,149,226,26,198
00143 features=663 size=15 p=2 tap=24 reset=false scheme=0 ops=0,3,2,0,2,2,2,0,1,1,2,3,0,3,3,2,2,1,0,0,0,3,0,1,0,2,1,3,2,1,3,1,3,2,0,0,0,1,1,1,2,3,3,3,1,1,2,1,0,1,1,3,3,0,0,1,1,0,2,0,1,1,0,0 ks=147,0,0,0,0,0,185,0,0,0,0,0,0,236,0,188,0,0,0,0,0,0,0,0,0,0,29,0,0,135,3,0,0,0,0,0,0,0,0,0,0,202,0,151,0,0,0,0,0,0,137,0,74,225,76,0,0,1,0,0,0,0,155,0
00144 features=843 size=30 p=10 tap=9 reset=true scheme=3 ops=0,2,0,1,0,1,0,0,1,0,3,0,0,1,2,3,3,2,3,0,3,0,2,0,2,2,1,2,0,0,0,0,0,1,3,3,1,3,0,0,0,1,1,0,3,1,3,2,3,2,2,2,3,2,0,0,1,0,1,2,2,3,2,2 ks=30,245,0,62,0,0,0,37,0,0,0,149,0,59,0,104,0,166,0,0,120,135,0,69,230,173,0,0,93,208,0,0,0,56,107,22,176,0,94,0,129,0,0,3,0,96,0,0,0,204,0,203,0,142,0,0,0,212,0,68,0,33,0,77
00145 features=1000 size=63 p=10 tap=14 reset=true scheme=2 ops=3,1,2,0,1,2,3,3,0,3,1,0,1,2,3,3,1,0,3,1,3,3,0,0,3,0,3,3,3,1,1,2,1,2,3,1,0,3,1,2,2,0,0,0,2,1,1,3,1,2,2,3,2,2,0,2,2,3,2,1,3,2,3,1 ks=54,104,254,219,149,145,155,18,63,110,28,16,128,153,54,77,98,10,46,182,136,84,231,124,146,66,194,136,134,55,160,113,189,200,134,0,208,111,194,116,85,149,242,132,5,29,175,149,16,231,122,223,151,100,73,120,75,187,111,172,156,227,222,141
00146 features=1019 size=64 p=10 tap=44 reset=true scheme=2 ops=3,1,2,1,1,0,2,3,1,3,1,0,0,3,2,2,2,1,0,3,2,3,0,3,0,1,3,0,0,2,1,2,3,3,0,3,0,2,1,3,1,1,3,3,3,2,1,1,0,2,2,1,1,1,0,0,2,3,0,0,3,2,2,1 ks=214,56,230,12,191,60,138,11,235,252,233,72,127,76,238,208,246,158,157,253,230,191,183,191,184,187,179,139,71,8,17,189,13,99,62,89,79,110,140,45,151,112,39,166,209,162,195,28,148,179,178,110,142,64,145,25,210,227,101,218,250,43,17,32
00147 features=844 size=40 p=2 tap=13 reset=true scheme=3 ops=0,0,3,3,0,2,3,3,3,3,3,1,1,3,1,2,0,2,1,0,1,0,3,0,3,0,1,2,0,3,3,1,1,2,2,3,0,0,0,0,3,2,0,1,0,2,1,1,1,1,3,0,1,0,2,1,0,3,3,0,2,2,0,2 ks=4,0,251,53,0,65,179,64,0,211,170,0,39,243,0,42,0,207,138,152,144,1,4,0,0,130,0,0,0,42,0,0,189,27,97,0,52,188,175,171,120,96,81,0,0,0,0,0,7,0,240,124,150,0,192,223,58,139,22,26,200,0,0,0
00148 features=854 size=24 p=1 tap=16 reset=true scheme=5 ops=1,3,3,3,2,3,1,1,1,1,3,3,0,1,0,1,3,3,3,0,3,3,0,2,3,1,1,2,2,0,0,2,3,2,2,0,2,1,1,2,0,1,0,1,1,0,2,1,3,3,0,2,0,3,3,0,0,0,3,3,2,0,2,3 ks=0,0,230,0,64,0,255,0,0,0,0,0,0,0,220,75,50,92,0,0,0,0,184,0,0,0,255,192,0,0,0,213,140,0,0,0,0,179,141,0,0,117,0,0,0,0,0,0,249,0,111,94,0,81,0,0,128,252,30,243,84,0,0,0
00149 features=1005 size=64 p=10 tap=4 reset=false scheme=4 ops=1,1,2,0,3,2,2,0,1,3,0,2,1,3,3,1,0,0,2,0,0,0,2,1,2,0,1,2,0,3,2,3,2,2,2,3,1,1,3,3,1,3,1,1,3,2,0,3,0,3,0,1,2,2,3,0,3,3,0,2,0,0,1,2 ks=178,102,73,82,36,160,11,35,216,140,130,188,23,126,136,226,160,81,105,62,57,73,134,203,175,138,92,112,120,84,241,99,202,166,214,218,123,7,96,127,165,53,101,234,139,163,22,187,205,187,182,247,30,171,246,194,126,195,165,180,237,83,217,195
00150 features=892 size=38 p=1 tap=20 reset=false scheme=2 ops=0,0,2,2,0,0,0,3,0,2,3,2,3,3,1,3,3,0,2,3,3,3,1,1,2,1,0,2,1,0,0,1,0,1,1,0,2,1,2,3,3,1,2,0,2,3,2,0,2,1,0,0,2,1,3,0,3,3,1,1,0,0,3,1 ks=135,0,226,0,152,0,8,225,0,61,0,0,63,124,105,31,122,0,91,0,30,0,0,88,19,14,0,253,0,134,219,163,182,0,0,0,0,183,0,27,147,173,185,0,219,0,0,42,17,25,0,129,25,0,15,24,21,0,164,0,0,165,0,58
00151 features=850 size=42 p=10 tap=47 reset=true scheme=3 ops=3,0,2,0,3,3,0,2,1,2,2,2,3,0,2,2,2,2,3,2,1,0,0,3,0,1,0,3,3,0,0,2,0,1,3,3,1,1,3,2,2,1,3,1,2,1,2,3,3,3,3,0,2,1,3,3,3,1,3,1,1,3,3,3 ks=0,228,0,233,228,46,0,0,249,0,21,141,0,245,199,16,0,0,0,236,0,59,59,40,172,0,0,131,0,0,242,251,228,126,95,0,81,163,233,236,224,61,251,0,163,0,64,0,126,138,40,0,181,192,90,63,228,12,0,0,74,166,156,0
00152 features=958 size=25 p=1 tap=16 reset=true scheme=2 ops=2,0,3,3,0,3,3,2,2,1,0,0,3,3,0,3,0,2,2,2,1,3,3,2,0,3,0,0,3,1,0,2,1,3,1,0,0,2,0,3,2,3,3,2,3,1,0,3,3,1,0,0,3,2,2,3,2,0,3,0,1,2,0,0 ks=8,0,0,160,0,0,0,246,0,0,159,0,94,0,146,0,0,0,0,0,29,0,146,0,188,0,0,0,0,47,0,0,127,61,69,216,0,22,0,0,0,41,0,0,2,122,0,62,176,0,0,0,210,0,247,0,94,166,0,0,0,0,238,0
00153 features=780 size=40 p=2 tap=24 reset=true scheme=3 ops=3,0,0,0,0,2,0,3,1,1,3,2,3,0,1,2,2,3,3,0,0,3,1,1,2,1,0,3,1,2,0,3,2,3,0,3,1,1,3,1,1,1,2,3,1,3,0,3,3,1,1,3,0,2,3,2,1,0,2,2,2,2,1,1 ks=0,157,163,0,105,66,0,0,29,0,17,24,0,113,74,0,0,0,0,158,195,0,191,175,106,0,156,161,128,106,235,58,0,53,207,56,4,119,193,0,0,138,0,0,0,0,2,68,174,126,0,216,144,201,177,107,111,0,0,153,0,0,154,18
00154 features=788 size=37 p=2 tap=23 reset=false scheme=1 ops=3,3,3,0,1,1,0,1,2,2,3,2,1,3,3,1,0,3,2,2,1,3,2,0,1,1,0,1,1,0,0,2,2,0,0,0,1,0,2,2,1,3,0,0,0,3,2,0,3,0,2,1,0,1,2,1,1,1,1,0,3,2,1,3 ks=0,144,38,49,0,0,207,147,58,146,180,84,0,63,148,216,0,0,38,0,0,0,0,0,223,0,160,0,0,34,0,105,237,137,0,0,0,37,0,17,0,103,240,238,0,145,120,0,65,0,217,179,193,0,0,38,45,150,135,33,0,3,127,0
00155 features=851 size=21 p=2 tap=6 reset=true scheme=0 ops=3,0,1,3,3,1,2,1,0,3,2,1,3,0,1,2,1,0,3,0,0,3,0,0,3,2,1,3,0,3,0,0,2,3,0,1,2,2,1,3,0,3,0,1,0,3,3,2,0,0,3,3,0,3,0,1,1,3,1,2,0,0,2,3 ks=153,0,0,0,0,11,0,32,0,0,184,0,0,125,52,0,0,0,0,250,127,0,0,0,52,211,0,0,172,0,152,0,0,58,0,0,0,0,0,0,0,0,0,0,247,4,0,0,240,0,0,0,53,0,0,0,147,0,240,225,0,217,0,0
00156 features=682 size=23 p=10 tap=53 reset=false scheme=4 ops=3,1,3,3,2,3,0,1,2,1,2,3,2,2,2,1,0,1,0,0,0,1,1,2,1,1,0,1,3,0,3,2,0,2,1,3,2,3,2,0,3,2,3,3,2,1,1,0,2,1,3,2,2,3,2,0,3,1,0,0,1,2,2,1 ks=0,0,0,0,0,2,0,185,0,0,148,0,124,0,40,0,58,0,0,0,0,0,157,0,0,0,0,75,0,0,0,0,67,0,0,178,0,0,0,0,0,0,250,246,175,0,0,131,165,0,208,85,24,29,244,213,247,0,0,0,0,0,0,207
00157 features=849 size=21 p=2 tap=39 reset=true scheme=3 ops=2,1,0,2,2,0,3,2,2,0,2,2,3,0,1,2,2,2,2,1,1,0,1,3,3,0,2,0,3,2,3,3,0,3,3,0,1,2,0,3,0,2,3,1,1,0,0,0,3,3,2,3,0,2,0,2,3,0,3,1,1,2,0,1 ks=0,133,0,0,139,0,0,113,0,0,54,0,0,137,0,0,136,0,0,93,0,64,0,0,161,0,0,147,0,0,0,47,0,0,202,0,0,0,0,0,0,235,0,169,0,19,241,0,0,0,0,193,0,0,0,0,217,0,111,0,0,0,83,128
00158 features=923 size=46 p=10 tap=4 reset=false scheme=5 ops=2,2,3,3,1,1,0,1,2,2,2,3,3,3,2,0,2,0,0,0,1,3,1,2,1,0,3,1,1,3,2,2,0,0,0,3,3,1,3,1,3,2,3,1,3,1,2,1,2,3,0,3,1,0,1,0,0,2,2,0,0,0,1,0 ks=0,249,0,111,37,0,228,0,181,0,69,0,37,0,35,0,45,0,66,6,153,144,163,165,186,0,121,0,142,187,0,0,110,199,123,232,32,8,31,175,72,72,186,84,254,40,116,146,46,0,143,105,0,41,119,215,250,209,0,0,106,129,12,0
00159 features=869 size=19 p=2 tap=18 reset=true scheme=4 ops=0,2,3,2,0,1,2,0,0,3,0,2,0,1,0,2,3,1,0,3,0,1,3,0,2,3,1,3,3,3,1,3,3,0,0,0,2,3,3,3,0,3,0,1,3,0,0,3,2,2,3,2,1,3,0,0,1,3,3,1,1,2,0,1 ks=44,0,0,0,0,0,172,0,0,0,0,0,0,173,0,0,231,0,211,0,0,0,0,0,247,182,0,35,15,0,0,0,0,0,0,176,0,0,52,0,0,0,0,0,84,0,0,173,0,0,188,125,0,37,0,208,212,0,213,0,0,0,0,0
00160 features=761 size=15 p=10 tap=58 reset=true scheme=3 ops=0,1,1,2,2,1,0,2,2,2,1,1,0,1,0,1,2,1,3,3,1,0,3,2,2,1,2,1,1,0,3,0,3,1,0,0,3,2,2,2,2,2,1,0,2,0,3,2,0,3,0,1,1,0,0,0,3,3,3,1,0,2,3,2 ks=0,0,0,0,0,0,196,0,0,0,0,0,0,0,0,0,0,251,0,0,0,12,0,0,0,0,0,54,0,12,0,0,0,0,0,0,0,0,0,0,152,0,155,29,0,246,101,0,0,0,83,0,0,0,0,211,0,0,0,135,0,138,0,123
00161 features=948 size=64 p=10 tap=7 reset=true scheme=3 ops=0,3,1,0,1,2,1,3,2,3,2,3,1,2,3,3,0,3,2,2,0,1,3,2,1,1,2,1,3,3,1,0,1,2,0,0,2,1,0,1,3,2,2,2,3,2,1,1,1,1,1,3,1,0,0,2,0,2,2,0,2,0,2,2 ks=233,27,102,32,187,101,170,163,18,31,205,39,189,43,32,200,203,246,72,69,147,123,253,69,12,158,238,224,220,144,193,205,124,155,201,6,108,169,71,206,33,218,80,149,58,230,188,186,217,113,49,88,136,220,45,29,181,235,220,147,228,58,67,230
00162 features=864 size=27 p=5 tap=5 reset=true scheme=5 ops=3,0,0,0,3,2,2,0,2,1,2,0,2,2,1,1,3,2,3,0,2,1,2,0,2,1,0,0,0,0,2,2,1,1,0,2,2,1,0,1,0,2,3,0,3,0,2,0,0,0,1,0,1,1,0,0,3,1,2,0,3,0,2,0 ks=0,0,236,164,0,88,205,0,188,0,0,0,12,4,0,0,228,0,237,0,28,0,0,0,178,0,47,0,0,81,0,71,239,0,0,205,0,0,0,140,141,0,0,0,228,124,117,248,0,119,0,0,0,0,90,0,0,109,0,0,0,13,25,0
00163 features=934 size=50 p=2 tap=1 reset=true scheme=2 ops=3,1,0,2,0,3,2,0,3,3,1,1,1,2,0,2,0,1,1,3,1,0,0,1,3,3,1,0,3,1,3,3,2,1,3,1,1,2,0,3,0,1,2,0,0,1,0,1,0,3,2,1,1,0,0,3,3,3,2,3,2,3,3,0 ks=49,213,58,141,23,81,196,175,61,175,20,22,0,197,201,24,125,158,237,58,8,159,0,161,21,0,3,0,49,0,0,219,221,187,90,139,214,49,0,178,82,199,198,241,169,0,126,16,241,0,0,0,157,119,4,141,30,91,88,217,0,0,0,216
00164 features=807 size=39 p=5 tap=35 reset=true scheme=3 ops=3,2,0,0,0,0,2,1,2,0,0,3,0,1,3,3,1,0,3,2,2,3,2,1,2,1,2,2,0,3,0,0,0,1,0,1,3,0,1,1,2,2,0,0,0,0,0,3,0,3,3,0,0,1,3,1,0,2,3,2,0,2,0,0 ks=177,220,252,68,0,103,57,0,246,79,206,37,0,98,0,117,0,0,175,243,125,0,0,0,92,179,88,97,0,0,0,227,0,130,134,23,204,221,0,0,109,54,176,173,35,0,0,0,218,135,213,244,0,0,168,222,93,0,0,224,0,0,0,221
00165 features=650 size=17 p=2 tap=29 reset=true scheme=3 ops=3,0,0,1,2,3,0,0,3,2,2,3,1,1,1,0,1,1,1,0,0,1,1,3,3,1,1,0,3,0,1,3,2,1,0,1,0,2,1,0,2,0,2,2,1,0,3,3,3,1,3,0,3,1,3,1,3,3,3,1,1,3,2,3 ks=0,0,0,0,120,0,121,0,29,0,42,0,0,0,157,0,161,0,0,0,0,6,0,0,0,0,0,14,0,0,0,0,0,0,0,0,0,109,104,0,0,0,15,0,0,0,0,0,0,255,0,0,0,185,0,0,235,0,0,193,172,250,0,0
00166 features=888 size=43 p=1 tap=1 reset=true scheme=3 ops=0,3,0,3,1,3,1,3,2,0,2,0,0,0,3,3,1,3,2,2,2,1,1,3,0,2,2,2,0,0,1,1,0,3,1,0,2,2,0,0,3,1,3,1,3,0,3,0,0,0,0,0,1,1,1,2,3,2,2,2,3,3,3,2 ks=183,181,41,218,4,0,0,160,2,167,163,0,153,0,0,46,10,77,0,0,0,0,236,21,0,40,239,0,5,224,105,0,11,0,53,161,0,45,0,152,47,50,59,0,169,244,136,0,0,30,251,150,103,66,242,0,0,155,88,52,0,82,23,22
00167 features=795 size=28 p=5 tap=12 reset=true scheme=3 ops=0,1,2,1,2,2,1,1,2,1,0,2,0,0,0,1,1,1,3,3,0,3,3,2,0,0,3,2,3,3,0,2,0,2,3,1,2,0,2,2,2,2,2,1,3,2,1,0,3,3,1,3,1,2,0,3,2,3,3,0,1,2,0,1 ks=0,0,108,0,139,18,0,0,151,35,0,0,0,97,0,88,0,0,0,190,0,0,177,0,69,0,0,68,0,0,0,0,188,161,130,0,22,0,9,149,0,0,0,0,248,236,224,0,170,0,134,24,0,218,0,254,123,118,0,95,0,0,0,0
00168 features=1021 size=64 p=5 tap=9 reset=true scheme=4 ops=0,1,1,1,1,0,1,2,3,2,2,2,2,1,0,3,2,1,1,0,2,1,3,0,3,1,3,1,3,3,0,0,2,2,3,1,0,1,2,1,2,2,0,3,3,2,1,1,0,1,3,1,3,1,1,1,2,1,1,3,0,0,0,2 ks=80,65,141,171,229,242,124,55,190,227,103,108,14,7,148,208,225,235,102,254,156,210,45,230,32,202,157,125,70,21,192,146,100,178,67,243,84,114,241,186,15,27,219,59,230,119,116,14,196,214,232,202,163,20,110,211,24,157,139,43,171,4,179,223
00169 features=1008 size=64 p=5 tap=47 reset=true scheme=1 ops=2,2,2,3,3,1,3,0,2,2,0,0,3,3,0,1,1,3,3,0,2,1,3,2,3,3,1,3,3,2,2,0,0,3,1,2,0,0,2,0,1,3,1,0,3,3,3,3,1,3,2,3,3,1,1,3,2,2,3,3,2,3,3,2 ks=164,43,31,58,79,102,130,124,202,86,190,93,99,36,170,227,149,119,210,117,147,100,65,140,67,24,25,97,155,255,21,201,135,185,88,41,158,29,167,251,249,7,17,53,32,251,234,209,131,95,144,169,30,4,251,58,227,140,141,31,195,156,237,38
00170 features=752 size=19 p=1 tap=33 reset=true scheme=3 ops=3,1,0,3,1,1,2,1,2,1,3,2,0,3,3,2,1,0,1,0,1,2,1,0,2,0,2,0,1,3,0,0,1,2,2,3,2,1,1,1,3,3,2,0,0,1,2,0,3,3,2,3,3,0,3,1,1,0,0,0,0,3,1,0 ks=228,0,0,0,0,0,0,0,150,0,61,0,0,130,0,47,0,0,171,0,0,0,0,0,90,0,0,52,32,0,0,160,0,44,0,0,0,0,0,39,0,0,0,0,0,0,0,0,227,0,163,0,0,48,233,0,72,0,250,0,0,143,0,0
00171 features=974 size=64 p=1 tap=24 reset=true scheme=3 ops=1,1,3,0,1,2,3,1,3,0,3,3,3,1,1,0,3,2,3,2,0,0,0,3,3,3,1,0,3,2,1,1,3,2,3,3,3,1,1,0,1,2,3,2,3,0,3,1,2,2,0,0,3,2,2,1,0,3,2,1,2,3,1,1 ks=82,183,254,32,217,18,178,10,170,103,150,246,114,19,106,250,76,30,193,38,119,72,244,212,177,107,177,185,242,69,136,153,178,201,180,231,84,184,188,167,39,51,138,213,19,40,1,132,114,239,202,208,252,238,213,47,233,219,153,93,254,17,135,213
00172 features=380 size=17 p=1 tap=48 reset=false scheme=1 ops=3,0,3,0,3,1,2,3,3,2,1,0,3,1,3,0,2,2,1,0,3,1,3,3,3,0,0,3,1,1,1,2,0,3,0,0,1,0,1,1,3,3,2,3,0,0,2,0,2,3,3,1,2,2,1,2,2,2,1,3,2,3,3,0 ks=0,0,0,0,0,0,176,0,0,0,0,118,0,0,0,0,0,0,0,154,0,0,0,0,0,0,24,219,0,67,105,7,0,0,0,0,0,0,0,0,0,167,0,0,4,0,0,0,181,231,0,143,133,0,114,0,0,33,0,0,0,0,126,0
00173 features=746 size=26 p=10 tap=4 reset=false scheme=0 ops=3,1,3,1,1,3,2,3,3,2,3,0,0,0,1,3,3,0,1,0,0,1,2,1,2,2,2,1,3,3,0,0,2,0,1,2,2,2,1,3,0,1,3,1,3,1,3,3,3,3,1,1,1,3,0,1,3,0,1,3,2,1,1,0 ks=0,0,0,0,179,226,105,0,210,0,0,216,52,0,0,0,151,83,189,0,0,0,0,206,0,0,0,0,6,0,0,0,0,80,224,0,0,0,0,111,0,175,189,194,0,0,0,151,79,23,0,140,0,236,0,0,0,137,54,150,0,0,159,0
00174 features=869 size=48 p=10 tap=46 reset=false scheme=5 ops=3,3,1,1,2,1,0,3,1,0,3,0,3,2,0,3,1,0,3,2,3,2,2,3,2,0,3,3,2,1,3,3,2,3,2,2,3,0,2,1,3,3,3,0,1,2,0,3,3,3,2,3,3,0,3,2,2,0,1,2,1,0,2,2 ks=166,198,2,156,202,0,6,74,19,82,236,117,0,0,245,142,0,0,7,229,61,144,92,36,99,249,156,16,83,116,190,0,43,158,134,0,0,11,0,0,0,112,127,241,0,0,38,168,134,43,205,53,34,0,118,175,196,164,9,0,149,0,15,117
00175 features=799 size=26 p=2 tap=9 reset=true scheme=5 ops=3,1,3,3,1,0,3,3,1,3,0,0,0,3,3,0,2,2,2,3,0,0,1,1,0,2,2,2,0,1,0,1,0,3,1,0,2,1,2,0,1,3,3,0,2,3,3,3,1,2,1,2,2,2,2,3,2,3,0,1,1,1,0,1 ks=5,0,67,232,141,0,243,0,0,38,53,0,0,243,0,0,63,19,0,187,48,0,0,0,0,0,0,0,0,0,112,0,0,0,79,0,215,216,88,0,0,149,0,0,162,214,0,0,0,0,0,0,249,197,0,0,244,0,0,211,173,0,222,0
00176 features=830 size=50 p=10 tap=6 reset=false scheme=0 ops=3,0,0,1,0,3,0,3,0,3,2,1,0,3,2,3,0,2,1,0,0,2,3,3,3,0,0,2,0,3,0,2,0,2,1,1,1,3,0,1,0,0,3,0,2,2,1,3,1,1,2,0,1,0,0,1,0,1,0,1,3,0,3,0 ks=3,14,0,160,0,0,42,0,67,129,235,0,0,118,0,0,160,43,36,19,137,83,0,0,0,18,9,128,68,89,128,115,91,0,232,173,227,245,0,142,0,191,94,75,168,198,23,182,169,42,225,33,185,193,3,169,39,63,64,19,75,34,105,51
00177 features=1006 size=64 p=10 tap=13 reset=true scheme=4 ops=3,2,2,0,2,1,0,0,0,3,0,2,3,3,0,3,2,2,2,2,3,2,3,3,3,1,1,2,3,0,3,1,3,0,1,1,2,0,3,2,0,2,0,2,2,1,1,2,1,3,2,0,1,2,3,0,2,2,3,3,1,2,3,3 ks=135,88,167,119,126,180,47,200,212,112,30,42,114,135,74,24,194,68,246,228,249,186,181,145,252,196,239,238,170,181,51,132,187,101,170,197,167,105,180,8,130,23,251,91,253,107,130,198,68,95,48,237,72,90,80,19,58,118,254,251,178,21,101,221
00178 features=870 size=38 p=2 tap=37 reset=true scheme=1 ops=0,1,2,3,1,1,2,1,0,0,0,2,1,0,2,0,1,0,0,2,0,1,1,0,0,1,1,0,2,0,1,2,1,1,3,1,0,0,0,1,2,0,3,3,1,1,1,2,0,1,1,0,3,3,2,1,3,3,0,3,1,0,0,0 ks=171,208,216,0,22,0,100,8,0,202,108,131,54,18,81,107,207,247,69,7,23,0,194,0,74,204,76,0,51,252,0,159,0,0,0,0,72,0,0,0,0,0,0,0,172,84,0,157,0,0,0,126,187,195,0,202,175,0,223,0,73,0,33,126
00179 features=886 size=46 p=2 tap=24 reset=true scheme=2 ops=1,1,3,0,2,0,1,3,1,2,2,2,3,1,1,2,3,3,1,1,0,1,3,3,2,2,0,0,3,0,3,2,3,0,1,1,3,0,1,2,1,1,3,2,2,0,1,1,3,3,0,0,3,3,3,0,0,3,1,1,3,3,0,1 ks=188,74,54,66,0,0,0,237,177,177,202,0,0,218,184,38,59,191,82,0,97,208,0,137,93,47,63,0,14,78,95,75,185,155,0,0,4,175,129,50,227,188,155,0,0,185,0,60,21,130,164,152,0,157,0,0,115,110,113,0,178,97,252,0
00180 features=550 size=16 p=10 tap=52 reset=false scheme=0 ops=1,2,3,2,1,2,2,2,0,2,1,0,0,1,2,2,0,0,2,3,3,2,2,2,0,2,3,0,0,3,2,0,0,2,0,3,0,3,2,3,0,3,1,3,2,1,3,2,3,1,1,1,3,1,1,3,3,3,2,2,3,1,1,3 ks=88,0,0,0,0,120,0,163,0,78,0,0,0,0,90,0,0,0,232,0,39,98,0,0,0,0,0,0,0,0,0,0,0,0,0,0,0,215,0,232,42,0,157,0,0,0,0,0,0,175,0,127,0,0,232,0,200,0,0,0,0,0,0,0
00181 features=955 size=64 p=1 tap=38 reset=true scheme=3 ops=3,1,1,2,3,1,2,0,0,3,0,3,2,3,1,2,2,0,1,3,2,3,1,0,1,1,0,0,0,2,2,3,3,0,0,2,3,1,3,1,0,0,0,0,0,0,0,1,3,3,3,2,1,0,0,3,0,3,3,1,1,0,1,3 ks=112,128,65,44,226,2,40,56,227,225,51,46,203,6,181,199,57,164,109,169,140,71,144,62,200,76,230,190,229,112,192,114,75,85,201,237,2,169,204,126,77,67,223,112,195,25,27,245,85,236,166,200,146,140,208,180,9,28,222,185,60,97,25,147
00182 features=563 size=22 p=10 tap=44 reset=false scheme=3 ops=1,3,2,0,2,1,3,3,3,2,1,2,1,1,3,1,1,3,2,0,2,3,2,3,2,0,2,1,3,2,1,3,2,2,1,2,1,0,2,2,2,1,0,3,0,3,1,3,3,2,0,2,0,1,1,0,0,1,2,3,3,3,2,3 ks=216,0,0,133,240,0,65,84,0,0,204,93,0,185,0,237,0,0,0,0,0,0,0,87,144,226,0,0,0,0,0,0,138,0,0,0,0,0,173,254,87,0,0,0,106,0,255,0,0,255,0,20,101,0,0,0,0,0,0,138,0,0,0,0
00183 features=805 size=18 p=2 tap=23 reset=true scheme=5 ops=2,2,1,3,1,1,0,2,1,3,3,3,3,3,3,2,2,0,3,3,0,3,3,3,1,0,0,2,3,1,1,2,0,1,1,2,0,1,3,0,2,1,3,0,2,1,0,3,1,3,3,1,2,0,2,0,0,2,1,3,0,2,0,1 ks=0,0,0,0,132,0,0,0,0,0,225,49,0,0,0,0,0,0,0,0,99,0,49,0,0,0,0,215,0,17,224,160,0,0,0,0,113,0,236,228,0,0,0,0,0,89,0,0,0,0,203,0,0,0,0,188,0,0,244,0,0,163,54,0
00184 features=862 size=44 p=5 tap=24 reset=true scheme=3 ops=3,2,2,2,0,3,2,2,0,3,2,2,1,0,2,1,2,0,3,2,3,1,0,1,2,1,3,1,0,2,0,3,1,3,3,3,2,0,3,1,2,3,3,1,2,1,3,1,0,1,3,1,0,0,3,2,0,2,3,2,0,2,2,1 ks=231,0,139,180,0,0,0,127,209,0,223,193,14,51,120,162,0,175,0,179,24,23,163,30,0,0,227,216,195,0,41,0,253,0,120,155,0,0,0,154,0,135,68,244,0,232,89,101,25,0,73,34,68,0,222,99,83,156,236,23,253,25,0,111
00185 features=771 size=17 p=5 tap=52 reset=true scheme=3 ops=3,1,2,0,1,1,1,3,0,0,2,1,2,2,2,1,1,0,3,0,1,2,2,3,3,1,0,0,2,0,0,3,1,3,2,0,2,0,1,1,0,1,0,2,0,3,1,0,0,3,2,1,3,2,1,3,0,3,0,0,1,0,1,2 ks=0,241,0,0,0,159,0,246,76,39,9,0,0,0,0,0,109,20,0,0,105,0,0,0,0,145,50,0,246,0,0,0,0,0,109,0,0,0,0,0,0,0,0,163,0,252,0,0,0,0,0,0,0,0,0,208,0,0,0,0,0,242,0,0
00186 features=786 size=39 p=10 tap=15 reset=true scheme=3 ops=1,1,2,3,0,0,2,2,3,2,3,1,1,0,2,0,3,1,1,2,0,1,3,1,1,3,2,3,1,3,0,2,3,1,3,1,1,1,1,3,3,3,1,3,0,0,3,0,2,3,3,0,2,0,0,3,0,1,0,0,2,1,0,2 ks=0,177,0,0,0,118,0,76,0,0,0,249,137,215,57,0,238,208,148,0,0,0,11,226,105,135,165,87,10,0,0,244,36,234,0,227,241,0,0,4,85,223,0,0,0,99,0,114,5,191,97,104,50,191,38,211,0,0,0,188,0,171,222,198
00187 features=876 size=42 p=5 tap=15 reset=true scheme=5 ops=1,3,2,0,3,1,0,2,2,0,1,1,1,1,3,3,3,3,1,2,0,3,3,2,0,2,0,1,0,2,1,2,1,2,2,3,0,3,0,3,1,1,1,3,1,1,0,3,0,0,1,2,0,2,0,2,3,1,3,0,0,2,2,3 ks=179,0,21,71,194,0,0,52,85,194,221,0,17,0,19,0,139,106,93,68,0,8,0,27,64,18,0,186,0,183,101,0,210,164,8,8,41,0,0,5,105,254,0,0,166,0,174,0,111,14,12,0,186,0,30,180,0,81,0,63,110,68,76,0
00188 features=1016 size=64 p=2 tap=54 reset=true scheme=2 ops=3,2,3,3,1,2,2,0,2,0,0,2,2,0,3,2,0,2,2,1,0,2,0,0,3,1,0,2,1,2,1,3,2,3,3,2,3,3,0,3,1,3,1,2,2,1,3,1,1,2,0,1,3,2,3,3,2,0,3,2,3,2,1,2 ks=251,178,27,162,122,47,238,62,93,100,243,149,220,69,87,99,198,53,149,7,117,35,203,75,117,42,79,138,33,164,252,216,238,213,38,198,85,202,74,23,170,217,110,167,155,2,226,39,104,151,102,246,104,87,64,179,179,95,99,59,33,237,254,123
00189 features=714 size=40 p=5 tap=9 reset=false scheme=0 ops=3,3,3,0,1,2,2,2,1,3,2,0,1,2,3,3,1,1,0,0,1,2,3,2,3,3,3,3,3,3,1,0,3,1,3,3,1,2,1,3,2,0,1,3,1,2,2,0,2,1,0,0,1,3,0,1,1,0,2,2,3,2,2,3 ks=87,96,198,153,124,217,0,158,0,14,0,121,84,0,91,181,0,0,21,0,250,94,64,195,0,168,0,14,233,0,0,224,154,0,0,0,0,202,0,203,0,111,19,0,0,0,17,0,95,0,175,207,186,32,154,114,242,88,0,135,4,207,2,0
00190 features=826 size=21 p=10 tap=10 reset=true scheme=1 ops=1,2,0,1,2,1,2,1,0,3,1,1,3,2,3,1,3,1,2,3,3,0,3,3,0,1,1,1,1,3,3,1,3,1,2,0,2,3,2,3,2,0,2,0,0,1,1,2,3,3,2,2,0,1,2,3,3,1,3,2,1,1,1,1 ks=0,0,0,118,0,67,0,0,0,0,149,0,127,55,0,0,0,135,0,0,0,0,156,0,0,0,0,0,240,0,0,0,0,0,249,0,0,173,0,0,0,0,0,0,0,209,116,0,0,206,29,38,0,0,134,0,142,0,55,0,138,0,184,42
00191 features=810 size=43 p=10 tap=55 reset=false scheme=0 ops=3,1,3,1,1,2,0,2,3,2,1,2,3,3,3,3,3,2,1,3,1,1,0,3,2,1,0,0,2,1,1,0,0,2,3,1,0,3,2,1,0,1,0,3,2,1,2,2,3,0,1,2,3,2,2,1,2,3,0,2,3,0,0,2 ks=54,0,227,236,91,194,62,108,168,34,0,0,124,177,0,0,199,162,47,0,101,0,0,191,81,210,0,118,174,216,100,58,0,99,0,211,0,144,188,140,98,243,221,0,102,216,252,0,103,57,0,97,23,0,0,45,125,0,0,242,23,0,0,104
00192 features=799 size=45 p=5 tap=35 reset=false scheme=3 ops=2,1,0,1,3,1,3,0,2,1,2,0,0,1,0,2,2,0,2,0,1,0,0,1,2,3,3,1,2,0,2,0,3,0,2,3,0,2,1,1,1,3,0,2,1,1,1,3,1,1,1,2,3,1,1,0,2,2,3,2,3,0,0,2 ks=0,0,0,205,156,157,0,0,73,0,182,249,240,91,0,218,217,0,100,6,203,191,229,15,0,132,0,138,105,67,75,27,0,161,36,118,1,236,0,4,198,215,156,162,134,156,0,70,183,0,84,113,157,0,0,116,0,161,111,0,235,251,0,39
00193 features=725 size=22 p=2 tap=16 reset=true scheme=3 ops=3,1,0,0,1,1,3,3,0,2,3,1,3,2,1,3,1,0,2,2,2,3,3,0,2,3,3,3,2,1,0,2,0,1,1,0,2,2,1,2,3,0,1,3,3,1,1,1,3,1,3,1,0,3,0,3,3,2,3,1,3,2,3,1 ks=0,158,0,0,0,0,0,0,211,170,157,0,0,38,33,0,0,78,0,0,0,0,0,201,0,100,242,0,0,0,45,9,0,38,0,0,0,27,0,103,0,0,0,0,0,0,0,0,5,0,0,0,0,193,0,131,58,0,0,117,0,0,237,67
00194 features=784 size=40 p=2 tap=53 reset=false scheme=0 ops=0,2,0,0,3,3,3,1,1,3,1,3,0,0,2,2,0,3,1,0,0,0,2,2,1,0,0,3,2,3,1,1,1,3,2,2,2,2,2,0,0,1,3,3,3,3,1,3,0,1,2,3,3,2,3,1,0,2,1,3,2,3,0,0 ks=193,0,19,148,0,140,97,0,0,0,147,105,212,0,83,0,221,162,20,0,48,208,0,180,118,86,13,167,251,52,218,111,114,50,0,0,0,93,128,19,159,101,193,0,233,123,0,0,0,0,0,144,0,0,110,196,0,7,0,55,249,0,0,243
00195 features=826 size=24 p=1 tap=15 reset=true scheme=1 ops=0,3,1,3,0,2,1,1,1,0,2,2,0,3,0,3,3,2,1,0,1,2,1,1,3,0,3,3,1,2,0,0,1,0,1,1,3,3,1,1,2,0,2,2,0,2,0,3,2,1,1,1,3,1,2,2,2,3,3,0,3,1,1,3 ks=0,211,0,128,0,0,0,0,6,0,0,78,0,0,210,0,0,0,29,0,175,197,0,108,0,0,96,0,85,0,0,0,61,0,0,0,0,92,58,175,0,62,0,0,128,0,165,220,0,0,0,0,0,0,0,0,136,80,0,249,157,180,0,0
00196 features=651 size=19 p=10 tap=25 reset=false scheme=4 ops=3,2,1,0,3,2,0,0,2,3,3,0,1,2,1,2,1,0,3,1,2,2,3,1,2,3,1,1,0,0,2,1,1,3,3,3,0,1,0,1,2,3,2,2,3,1,3,2,3,2,2,3,1,3,0,3,2,3,0,0,1,0,1,1 ks=182,0,150,1,0,0,0,0,0,60,0,159,0,224,0,0,0,0,0,0,0,221,0,0,0,0,0,78,0,0,0,0,0,0,45,0,0,0,103,0,0,141,77,13,106,0,0,0,0,172,0,36,22,0,0,0,0,0,162,6,0,0,0,0
00197 features=906 size=40 p=1 tap=23 reset=true scheme=2 ops=0,3,3,2,2,1,1,1,1,0,1,0,0,1,3,0,0,3,2,3,2,0,3,1,2,1,3,3,2,2,0,2,2,0,2,0,0,3,2,1,1,1,3,1,2,2,3,3,2,2,3,2,3,1,0,2,3,0,2,3,1,3,0,0 ks=0,0,0,0,0,157,0,8,179,85,0,0,185,0,170,0,231,246,48,92,231,207,0,0,27,0,0,141,0,195,0,0,232,54,40,0,196,57,0,0,71,248,215,11,187,0,222,185,85,79,41,233,157,25,15,0,66,5,0,215,112,0,33,166
00198 features=887 size=21 p=1 tap=15 reset=true scheme=2 ops=1,0,2,3,0,3,0,0,1,1,0,1,0,3,0,1,2,2,0,3,2,1,3,3,3,2,1,2,0,3,1,1,1,1,0,1,1,3,3,2,3,1,3,0,2,0,0,3,0,1,0,1,2,2,2,0,0,1,0,2,2,0,1,1 ks=1,0,122,0,239,0,0,0,0,243,0,0,0,0,0,91,0,0,0,13,0,0,0,0,0,0,0,0,0,0,0,20,101,0,227,0,127,0,111,0,217,171,0,49,149,0,0,0,140,0,189,0,0,14,0,0,0,0,0,192,0,0,49,108
00199 features=688 size=30 p=10 tap=34 reset=false scheme=0 ops=3,2,3,2,3,2,2,3,3,1,0,0,2,2,2,0,1,1,2,1,1,0,2,0,1,1,0,0,2,2,2,2,3,3,2,3,1,0,3,0,2,3,3,1,0,3,3,3,0,2,2,2,2,2,2,1,0,1,1,1,0,3,0,2 ks=204,92,55,67,137,4,157,240,0,206,0,0,228,138,0,86,0,0,0,251,0,0,0,0,0,0,0,0,162,242,0,0,235,0,62,250,214,0,39,0,0,0,107,0,0,186,0,0,248,165,143,72,0,0,177,0,0,0,20,0,135,0,0,17
00200 features=810 size=41 p=10 tap=41 reset=false scheme=2 ops=0,3,0,2,1,3,1,2,0,3,2,0,1,3,2,0,2,3,1,0,2,3,1,3,0,1,3,2,1,2,0,0,3,1,0,0,0,3,1,1,1,3,1,3,2,1,2,2,2,1,0,0,3,1,1,1,2,3,2,3,1,0,3,0 ks=73,164,206,15,0,110,178,0,90,222,243,47,0,0,55,0,70,0,200,125,69,129,245,18,207,72,18,0,74,33,0,0,0,166,0,145,13,147,163,0,16,79,0,37,0,227,0,0,0,0,0,167,74,10,57,0,0,208,219,0,0,41,211,9
00201 features=844 size=44 p=5 tap=58 reset=false scheme=5 ops=2,3,0,2,1,1,0,2,2,1,1,3,1,0,2,3,0,1,2,1,3,1,0,2,0,2,0,0,0,0,3,1,1,3,2,2,2,2,1,3,3,3,3,0,2,1,2,2,2,3,0,3,0,3,3,3,3,0,2,1,0,0,0,3 ks=73,233,111,239,0,15,67,222,9,226,0,0,103,234,35,128,30,242,0,36,244,111,153,0,115,0,231,73,0,89,223,51,0,122,0,27,0,177,179,0,0,174,0,139,0,10,139,0,0,0,0,16,32,0,181,246,70,58,210,205,137,214,89,0
00202 features=826 size=42 p=10 tap=1 reset=false scheme=5 ops=1,3,1,2,3,1,0,0,0,3,3,3,0,0,0,0,0,1,3,0,3,2,2,1,0,0,1,3,2,0,3,0,1,3,2,3,3,3,0,3,2,3,3,2,3,2,3,2,1,3,2,2,3,1,1,1,0,0,2,0,1,3,1,3 ks=185,214,0,97,28,42,107,141,218,0,0,204,0,198,96,241,27,137,138,0,58,90,215,72,0,99,40,0,105,77,0,0,0,102,0,129,0,0,0,160,8,0,188,32,95,0,0,119,173,94,146,149,0,226,85,0,110,121,0,55,0,0,196,102
00203 features=797 size=26 p=2 tap=42 reset=true scheme=3 ops=2,2,3,0,1,2,2,2,2,2,0,1,3,2,2,2,3,2,3,1,1,1,1,3,1,1,2,3,3,2,1,0,3,3,1,0,3,1,1,1,3,1,1,3,0,0,3,0,0,2,3,1,3,2,3,2,3,1,0,0,3,0,1,1 ks=0,201,117,231,141,0,0,0,105,174,0,193,0,31,3,0,0,17,0,0,0,0,207,0,76,33,0,0,165,0,0,0,44,0,166,213,0,0,0,99,0,65,165,0,0,152,0,226,0,0,0,24,0,0,134,0,0,0,70,0,0,0,0,202
00204 features=802 size=25 p=10 tap=16 reset=true scheme=2 ops=0,3,0,3,2,0,1,1,0,0,1,3,2,2,0,1,3,0,2,3,2,3,0,0,1,2,2,1,2,0,2,2,3,3,1,1,0,1,0,1,1,3,3,1,0,2,2,2,1,2,2,3,1,1,1,3,1,3,3,2,3,0,3,1 ks=0,111,0,171,110,0,0,0,106,0,234,0,0,0,0,0,0,0,0,94,0,0,26,86,0,0,0,0,0,0,0,90,0,0,0,148,0,0,0,0,0,171,146,83,33,86,0,62,0,0,79,214,0,0,69,206,0,28,167,203,0,0,68,138
00205 features=732 size=21 p=10 tap=21 reset=false scheme=5 ops=1,3,0,0,2,3,1,0,0,3,2,3,0,3,2,1,2,0,1,3,2,3,0,3,3,1,1,3,0,2,3,1,3,2,2,3,1,1,0,1,3,1,0,1,3,2,3,2,3,2,0,0,0,3,1,2,0,0,3,2,0,0,3,2 ks=167,37,166,0,0,0,0,146,0,15,0,198,0,205,0,0,173,140,107,0,95,252,0,0,34,0,0,0,147,0,0,0,28,71,72,0,0,0,0,196,0,0,0,169,0,0,0,0,0,0,0,0,0,0,0,0,0,0,0,0,198,2,0,0
00206 features=954 size=63 p=1 tap=58 reset=true scheme=3 ops=3,0,3,0,0,3,3,3,0,0,0,0,1,0,0,3,0,3,0,1,3,0,1,1,2,0,1,2,0,0,3,1,3,0,0,2,2,2,0,0,1,0,1,2,0,3,3,2,1,3,3,1,1,3,3,2,3,0,3,3,2,0,2,1 ks=172,121,123,112,214,141,139,86,229,105,55,66,213,248,245,117,189,49,41,55,66,110,134,248,9,61,58,253,31,77,177,86,147,51,126,7,219,31,95,174,249,33,192,206,18,155,253,197,96,122,220,250,189,183,230,63,239,87,90,55,78,122,205,0
00207 features=955 size=63 p=10 tap=37 reset=true scheme=3 ops=3,1,2,1,0,2,2,1,1,2,2,3,2,1,1,0,1,2,2,0,2,2,3,2,0,0,3,3,2,3,1,2,1,2,0,2,1,1,0,3,2,1,2,1,1,0,1,2,1,3,3,2,1,0,2,3,3,1,2,0,2,1,0,1 ks=45,105,2,79,160,9,104,108,142,100,206,214,28,152,86,144,177,127,173,37,149,36,255,21,31,12,157,68,94,169,167,197,10,120,131,26,9,219,57,0,173,126,22,171,165,127,40,63,61,165,133,246,165,19,36,206,153,205,38,214,124,146,144,119
00208 features=850 size=43 p=1 tap=49 reset=true scheme=3 ops=2,0,2,1,0,3,1,3,1,3,3,3,3,1,1,2,1,0,0,2,2,1,3,3,1,2,1,0,1,1,2,3,0,3,1,0,1,3,1,2,1,1,1,0,3,2,0,2,2,2,3,0,3,2,1,3,3,2,1,3,1,1,2,2 ks=0,0,236,73,196,0,161,163,16,222,49,32,182,0,236,235,3,0,0,189,62,90,169,235,57,0,254,217,71,0,82,18,0,70,98,118,158,93,0,0,0,0,190,76,0,0,8,0,220,0,142,228,107,140,0,181,158,207,116,0,239,0,247,0
00209 features=955 size=45 p=1 tap=35 reset=true scheme=2 ops=1,3,0,3,3,1,2,0,3,0,2,0,2,0,0,1,3,3,3,1,1,2,3,0,1,3,1,1,3,0,1,0,3,3,2,0,1,2,3,2,1,3,1,2,1,2,0,1,2,1,1,3,3,0,1,3,2,3,0,0,0,1,0,3 ks=0,0,143,0,77,146,0,151,154,140,154,183,0,228,86,252,0,21,0,85,134,0,74,0,0,216,32,0,0,140,121,189,0,134,63,0,0,221,80,121,192,49,128,3,142,176,166,146,239,214,87,0,162,130,174,31,131,0,0,0,250,175,108,183
00210 features=852 size=28 p=5 tap=37 reset=true scheme=3 ops=1,2,2,1,0,1,1,2,3,1,0,3,2,0,3,1,2,2,3,3,0,2,2,0,0,3,1,0,2,2,2,2,1,2,2,2,0,0,1,3,3,2,2,0,3,3,0,0,3,2,2,1,3,0,1,2,2,2,1,1,1,1,3,2 ks=0,0,0,32,0,0,194,0,0,0,0,0,0,0,0,152,58,0,0,0,0,83,38,0,0,169,217,223,0,170,33,120,0,116,0,109,233,104,88,0,0,79,0,0,0,227,0,0,0,121,15,0,132,16,57,0,139,0,236,128,0,0,0,154
00211 features=866 size=24 p=10 tap=33 reset=true scheme=1 ops=3,1,1,0,0,3,3,0,3,1,1,1,2,2,0,2,0,3,3,0,3,0,3,1,1,2,2,3,1,0,2,1,1,3,1,2,0,2,0,0,0,0,2,0,3,3,3,0,3,2,3,3,2,2,1,3,1,3,3,3,2,0,1,2 ks=182,93,142,0,184,0,186,0,0,57,0,0,0,0,0,113,0,0,0,0,0,0,102,0,161,210,0,0,0,0,0,0,0,116,162,0,0,0,0,39,0,0,48,0,0,131,0,0,109,0,232,0,150,220,0,231,0,156,0,252,0,0,255,206
00212 features=770 size=25 p=5 tap=22 reset=true scheme=3 ops=1,3,1,0,3,3,1,3,3,0,2,0,0,0,0,3,3,2,3,1,0,1,3,1,2,0,3,0,3,1,0,0,2,2,0,3,3,0,3,0,1,0,3,2,0,0,0,0,1,3,2,0,1,0,1,1,2,2,1,1,3,2,1,0 ks=0,47,167,0,0,183,200,0,189,65,0,0,190,69,218,0,0,0,67,188,0,0,154,0,0,171,0,0,0,67,159,0,235,0,0,0,62,0,0,48,0,246,0,0,45,0,0,0,0,181,0,0,0,0,154,0,0,178,0,108,0,0,170,0
00213 features=829 size=23 p=10 tap=58 reset=true scheme=3 ops=3,3,0,2,2,0,1,2,0,0,3,1,3,3,0,2,1,1,3,2,3,0,0,3,1,3,2,0,2,0,1,3,2,1,3,3,2,1,1,2,3,2,3,2,3,2,1,3,3,3,3,0,3,0,2,2,1,1,3,2,0,3,0,3 ks=0,0,0,0,0,0,15,0,0,92,178,112,0,0,0,0,53,155,106,139,0,0,0,108,0,0,0,0,31,0,111,195,0,0,237,144,160,0,0,0,6,0,0,0,0,254,0,0,216,0,0,79,0,175,0,0,0,242,0,0,89,0,0,184
00214 features=617 size=17 p=2 tap=49 reset=false scheme=5 ops=3,0,2,2,0,0,3,0,0,3,1,2,0,0,3,3,1,2,3,3,3,1,1,0,3,2,3,2,3,1,2,2,3,0,1,2,3,3,2,3,1,3,3,3,1,2,0,2,1,3,3,2,3,2,2,3,3,3,3,1,1,1,0,0 ks=101,0,97,0,0,0,0,0,0,31,0,211,0,0,0,94,77,0,0,0,212,43,0,0,0,0,0,0,54,6,0,203,0,0,25,0,0,17,0,32,0,0,0,0,0,0,0,0,0,0,0,0,0,0,0,171,218,0,0,245,0,0,0,0
00215 features=931 size=41 p=10 tap=51 reset=true scheme=4 ops=1,1,0,3,0,0,1,2,1,3,0,0,3,0,2,1,2,0,3,0,0,2,3,2,2,2,3,1,2,1,0,2,2,2,1,3,3,3,2,2,3,0,0,3,2,2,2,1,1,3,3,1,3,3,2,2,3,2,3,1,1,3,2,3 ks=0,230,0,32,117,0,227,226,17,0,75,224,56,156,0,39,5,161,0,180,0,42,213,0,87,0,165,42,111,0,62,38,0,91,41,0,0,0,30,37,55,57,0,53,148,117,182,32,0,118,0,154,131,0,0,60,36,87,0,0,17,0,27,0
00216 features=773 size=29 p=2 tap=17 reset=false scheme=3 ops=1,1,0,2,2,2,1,3,1,3,3,2,0,0,3,0,2,2,3,3,2,3,3,2,3,1,0,0,1,3,1,0,3,3,3,1,3,2,0,3,0,2,3,2,2,2,3,3,2,3,2,2,2,1,3,2,3,2,2,3,3,2,0,0 ks=0,242,0,110,116,0,85,0,30,0,0,0,45,0,0,188,225,0,0,0,0,0,0,85,0,0,47,0,0,72,0,193,18,21,198,195,0,0,0,31,213,0,0,31,207,0,91,243,0,147,0,0,15,153,155,0,68,32,0,0,77,0,0,0
00217 features=752 size=41 p=10 tap=18 reset=false scheme=2 ops=3,3,1,1,0,3,3,1,3,2,0,3,1,0,1,3,1,3,2,2,0,2,0,1,0,0,1,0,1,0,2,1,2,1,3,1,2,0,1,2,0,1,1,3,0,3,3,2,3,0,2,3,0,1,2,3,3,1,3,0,2,1,3,3 ks=135,202,0,217,232,204,16,0,0,0,11,246,94,39,107,51,0,0,63,0,158,222,173,233,50,61,0,0,45,185,202,0,0,0,101,0,250,0,248,145,0,143,0,0,0,185,21,170,204,226,0,47,0,215,0,36,234,0,114,221,68,227,0,120
00218 features=600 size=22 p=5 tap=52 reset=false scheme=0 ops=0,2,0,3,0,1,3,2,2,2,3,3,0,3,2,1,2,3,2,0,2,1,1,1,3,0,2,2,3,2,1,2,0,1,0,2,1,2,2,1,0,1,1,3,0,3,3,2,1,2,3,3,2,1,3,0,0,3,3,2,1,0,1,3 ks=0,0,0,0,0,106,0,0,121,0,74,178,84,0,0,3,54,161,0,65,0,0,0,0,108,72,0,201,0,0,67,0,61,0,0,0,0,0,42,0,0,0,0,0,0,105,0,0,0,159,0,0,100,0,164,0,239,0,0,0,227,0,191,0
00219 features=995 size=64 p=10 tap=26 reset=false scheme=0 ops=3,3,0,1,1,2,2,2,0,1,2,3,2,2,1,1,0,3,0,1,0,0,0,2,3,3,3,1,0,1,1,1,1,2,1,0,3,2,0,0,2,2,1,0,1,0,2,3,2,0,3,1,2,0,0,1,3,1,2,2,3,0,3,2 ks=248,151,44,203,89,165,74,249,44,220,34,138,104,49,133,25,205,179,84,244,84,255,139,77,237,163,77,77,222,166,185,147,28,184,87,248,144,245,205,179,158,119,111,189,238,129,30,51,226,203,50,213,193,154,158,102,141,72,251,151,12,241,225,99
00220 features=972 size=63 p=5 tap=62 reset=true scheme=3 ops=3,3,1,3,0,1,0,2,1,0,1,1,2,3,2,3,0,2,1,0,3,1,3,0,3,0,2,3,0,2,3,2,1,1,2,3,1,1,1,2,3,1,0,3,2,0,1,3,1,2,2,0,1,0,2,1,2,3,1,2,1,3,3,3 ks=94,96,140,148,19,207,47,150,181,243,171,76,246,179,255,8,23,194,142,226,128,76,214,154,246,83,249,226,229,37,116,35,127,47,4,199,202,53,72,184,192,128,42,140,160,28,53,159,127,251,0,52,124,221,225,13,11,88,12,251,234,228,211,152
00221 features=851 size=20 p=1 tap=31 reset=true scheme=3 ops=3,2,1,3,3,3,2,3,2,0,2,0,3,0,0,0,3,3,3,2,2,3,0,2,0,3,0,2,1,1,3,3,3,2,1,0,2,1,2,1,2,0,3,0,2,2,0,0,0,3,0,2,1,0,3,0,0,1,2,3,1,0,0,2 ks=0,0,0,0,0,0,0,0,0,0,83,0,151,0,0,248,33,151,0,0,0,0,45,37,0,0,0,0,0,252,0,120,221,0,32,156,0,0,0,0,0,18,0,9,0,0,223,0,141,0,0,148,174,0,0,0,0,0,0,12,0,0,5,0
00222 features=996 size=62 p=10 tap=35 reset=false scheme=4 ops=2,2,3,2,3,1,0,0,2,3,0,3,1,2,2,1,3,2,1,2,3,2,3,0,2,2,0,1,3,1,1,1,2,2,2,3,1,1,0,0,1,1,1,3,2,1,2,3,3,1,3,3,2,2,1,3,2,2,2,1,2,2,1,3 ks=6,230,31,238,99,131,14,112,178,31,146,251,253,96,179,42,71,151,165,158,222,194,207,114,46,0,92,93,8,88,163,117,232,169,35,240,33,68,53,137,0,2,236,207,207,1,211,144,139,50,34,221,23,7,171,50,227,61,114,74,129,252,26,113
00223 features=784 size=23 p=1 tap=38 reset=true scheme=0 ops=2,0,2,3,2,2,3,1,0,2,3,3,2,0,1,0,1,1,3,0,2,1,3,2,1,3,1,0,1,1,2,2,3,1,1,3,1,1,2,3,1,0,1,3,3,2,2,2,1,1,2,2,2,2,1,0,3,1,3,1,2,2,3,2 ks=155,103,0,0,0,0,32,0,11,0,0,180,0,0,149,0,0,36,0,0,0,0,0,0,0,72,85,38,0,0,122,179,20,7,0,0,0,0,0,0,94,18,29,0,99,0,0,187,0,0,0,236,0,0,0,0,70,0,0,0,72,0,0,255
00224 features=956 size=44 p=10 tap=61 reset=true scheme=5 ops=2,1,1,0,0,3,1,3,2,3,1,0,0,0,0,3,2,1,3,2,3,1,2,1,0,3,1,2,2,0,0,1,0,3,1,0,0,0,2,1,0,0,0,3,3,2,0,2,3,0,2,2,2,1,2,0,2,0,1,1,2,3,0,1 ks=36,253,133,0,0,126,0,81,16,64,200,0,213,0,152,0,75,213,118,0,82,184,205,0,20,49,178,1,162,134,0,195,238,140,77,182,0,0,43,0,104,179,215,24,143,227,57,250,0,0,0,247,0,90,0,143,0,0,0,183,14,177,35,26
00225 features=778 size=41 p=5 tap=18 reset=false scheme=1 ops=3,0,3,1,1,0,3,3,2,0,0,2,3,2,2,3,1,2,3,3,2,3,2,1,1,0,3,1,0,3,0,1,0,1,0,2,3,3,1,0,2,3,1,3,3,2,1,3,3,1,3,3,3,1,0,2,0,2,2,2,0,1,2,3 ks=84,44,111,240,184,150,146,0,4,17,175,109,0,252,206,0,108,0,83,211,0,0,41,0,46,0,198,37,0,0,0,220,0,0,92,7,95,0,0,0,229,27,143,0,78,0,0,65,252,152,0,10,52,97,32,134,0,251,49,133,122,0,0,15
00226 features=673 size=25 p=2 tap=15 reset=true scheme=3 ops=2,0,1,2,1,1,1,3,2,0,0,3,1,0,0,0,2,2,2,0,0,0,3,2,3,2,1,2,1,3,3,2,3,1,1,0,2,3,0,0,3,1,2,3,0,0,2,2,0,1,0,1,1,1,0,3,3,0,2,1,1,1,1,1 ks=0,0,0,0,0,101,0,0,0,0,1,0,0,0,108,12,89,0,0,0,22,0,40,0,67,0,0,25,224,137,0,210,0,170,0,0,32,0,252,0,0,0,213,0,132,0,170,0,211,233,134,0,0,0,0,206,32,0,135,0,26,0,0,0
00227 features=943 size=48 p=10 tap=51 reset=true scheme=4 ops=0,3,3,2,2,1,0,0,2,1,3,2,3,3,3,0,0,2,1,0,1,0,1,2,0,3,2,1,3,1,0,3,1,0,1,1,0,0,3,3,3,3,3,3,1,0,1,2,2,1,3,2,3,2,2,2,3,3,2,0,2,1,3,3 ks=215,57,204,0,204,94,0,0,0,14,144,107,90,24,0,0,0,224,0,0,101,57,125,52,12,106,62,103,118,0,34,40,137,1,12,113,130,216,240,80,252,0,163,0,244,130,0,232,181,236,230,137,186,43,0,0,122,116,0,179,135,67,54,32
00228 features=928 size=63 p=5 tap=55 reset=true scheme=3 ops=3,2,3,1,1,0,2,1,1,3,0,1,1,2,1,0,3,3,3,2,3,0,2,1,1,3,0,0,1,3,2,1,2,2,3,3,0,0,0,3,2,0,0,3,3,2,3,0,3,2,0,2,0,1,0,0,2,0,0,3,1,0,0,0 ks=196,243,205,185,197,177,42,133,144,105,17,230,80,148,53,6,226,48,179,74,242,133,181,6,120,213,102,79,98,254,107,11,150,113,93,162,117,115,194,62,54,178,27,37,247,2,108,203,133,60,0,10,82,246,118,251,89,124,137,237,1,140,111,200
00229 features=937 size=31 p=10 tap=5 reset=true scheme=2 ops=2,2,1,2,3,1,0,3,0,3,0,2,0,0,3,0,3,1,0,0,0,2,0,0,3,1,2,3,1,0,1,3,2,0,2,0,2,3,3,2,1,2,3,1,2,1,0,3,2,1,3,0,2,0,2,3,2,1,1,3,0,1,3,1 ks=177,0,213,0,0,32,0,0,161,0,0,0,37,0,0,0,198,0,0,0,0,7,26,0,184,152,0,0,0,166,7,0,49,162,0,71,0,193,33,0,27,207,0,0,93,171,0,51,0,84,0,215,14,31,112,0,217,0,57,0,147,0,0,145
00230 features=1007 size=64 p=5 tap=2 reset=false scheme=0 ops=3,3,3,0,1,2,3,3,0,1,3,2,1,2,3,2,1,3,3,3,1,1,0,1,3,1,2,2,3,3,1,2,1,1,3,1,0,2,2,3,3,2,2,3,3,0,3,2,1,2,1,0,2,0,3,1,2,2,0,0,2,1,2,3 ks=197,188,27,235,38,54,15,48,172,181,110,29,59,128,211,234,130,78,86,53,166,65,139,90,126,144,71,240,187,148,31,187,125,205,112,162,64,68,201,220,179,58,80,85,74,222,176,233,249,242,115,71,48,113,77,93,90,145,210,166,173,138,194,132
00231 features=764 size=24 p=10 tap=23 reset=false scheme=3 ops=1,3,0,0,1,2,3,3,1,2,2,0,3,1,2,3,1,0,0,0,1,3,1,0,1,1,0,0,3,0,3,0,3,2,2,0,1,0,2,2,3,1,1,2,2,3,2,2,1,0,3,1,0,3,2,1,0,1,1,0,0,1,0,0 ks=0,0,125,0,50,232,0,21,0,12,0,129,231,0,0,0,0,29,0,0,217,0,0,153,237,0,0,94,0,0,74,0,29,0,184,0,0,0,0,0,0,0,0,94,237,1,0,146,36,0,0,0,0,0,60,0,0,12,0,125,17,0,0,0
00232 features=632 size=21 p=10 tap=8 reset=false scheme=3 ops=2,2,3,2,3,3,1,2,3,1,1,2,2,0,3,3,3,1,2,2,2,1,1,3,0,0,2,3,3,2,1,2,2,1,3,2,2,1,3,1,2,0,2,3,2,0,0,2,3,2,3,3,0,3,2,1,1,0,0,2,2,3,3,3 ks=0,0,32,0,55,125,158,0,121,0,19,0,0,0,0,0,157,0,0,0,186,141,0,0,0,97,0,0,0,0,0,0,0,0,122,0,99,0,146,0,0,0,0,0,89,0,0,185,199,0,0,67,189,0,0,0,0,54,0,0,0,0,79,18
00233 features=942 size=30 p=1 tap=24 reset=true scheme=5 ops=2,2,1,3,2,2,2,2,0,3,0,1,2,0,0,3,0,2,0,2,0,3,1,1,2,0,0,2,3,2,2,2,2,2,3,0,0,1,0,3,3,2,1,3,0,1,3,1,0,3,3,3,0,2,0,1,2,2,3,1,3,0,3,0 ks=0,0,0,151,137,11,0,0,0,129,0,0,31,229,6,249,0,0,50,85,200,0,0,0,232,0,0,4,0,0,154,0,94,0,0,231,5,177,96,0,0,0,0,246,62,0,144,24,0,75,100,0,0,0,142,228,0,0,154,52,0,0,0,34
00234 features=1025 size=64 p=5 tap=26 reset=true scheme=0 ops=0,3,1,0,2,0,2,0,1,1,3,3,2,2,3,3,1,1,2,2,3,2,3,3,3,3,3,2,1,1,2,1,3,0,2,1,0,3,2,3,0,0,3,2,2,3,1,1,2,0,0,2,3,3,2,1,1,3,1,1,1,2,3,2 ks=98,79,125,231,174,131,112,13,113,129,234,21,26,37,104,180,79,252,172,173,134,100,138,40,254,51,224,35,178,109,181,152,71,32,223,40,11,88,65,87,125,208,102,63,207,100,128,143,133,173,148,219,148,121,121,247,142,102,61,22,171,7,206,44
00235 features=888 size=39 p=10 tap=7 reset=true scheme=5 ops=3,3,3,2,0,3,3,3,2,3,0,0,0,3,1,0,1,1,2,3,0,0,0,2,2,3,0,2,1,2,1,2,0,0,3,3,2,2,1,3,3,3,3,0,0,0,0,3,1,0,3,2,1,3,3,1,1,3,3,0,3,3,1,1 ks=0,0,69,0,118,96,151,108,0,0,66,142,68,97,232,30,154,41,120,0,22,228,0,217,0,244,168,121,0,24,207,0,234,170,148,0,0,118,236,0,0,0,190,134,114,191,184,0,0,251,0,53,232,0,39,241,0,0,0,0,220,0,162,0
00236 features=848 size=41 p=2 tap=43 reset=true scheme=3 ops=3,1,3,1,2,3,1,3,3,2,2,2,2,1,0,2,3,1,3,1,1,3,2,1,1,2,2,1,2,3,3,2,3,1,3,3,1,0,3,3,2,3,1,3,1,3,0,0,0,1,1,2,3,3,1,3,3,3,0,2,1,2,3,0 ks=0,0,0,0,0,0,58,0,0,0,48,3,145,35,115,20,200,0,35,197,0,220,104,0,0,29,54,0,0,0,34,109,48,53,21,84,41,0,0,197,23,0,175,48,154,1,140,0,55,6,78,97,45,100,69,181,52,0,196,0,188,122,28,0
00237 features=611 size=21 p=2 tap=34 reset=false scheme=4 ops=3,2,2,0,3,2,3,2,2,0,2,2,3,2,3,2,0,0,3,2,3,1,2,2,3,1,2,1,0,0,0,3,3,3,2,1,3,2,0,3,2,0,2,3,0,0,3,2,3,2,2,1,1,2,0,0,1,3,1,1,3,0,3,1 ks=216,80,220,0,0,191,208,0,0,0,0,0,122,180,0,0,95,33,0,161,0,0,0,0,0,0,0,0,0,0,84,49,0,238,103,0,0,0,0,0,0,0,0,0,0,0,66,53,0,0,33,0,0,8,36,0,0,0,0,0,17,69,0,0
00238 features=875 size=47 p=5 tap=45 reset=true scheme=3 ops=3,1,1,0,3,2,2,0,1,3,2,1,3,2,2,2,3,1,3,0,1,1,2,0,3,1,0,1,1,0,1,3,1,0,2,1,1,1,3,0,1,1,3,0,2,0,0,3,0,0,0,3,0,1,3,0,0,2,0,1,2,3,0,1 ks=186,0,97,232,168,0,0,88,105,158,167,156,0,19,152,244,170,247,0,0,0,210,0,192,238,62,238,136,0,0,244,0,21,67,138,0,0,201,224,177,252,101,217,0,10,165,128,44,220,225,107,239,122,60,232,0,120,141,99,211,0,67,0,89
00239 features=1006 size=64 p=10 tap=55 reset=false scheme=0 ops=0,0,1,0,2,2,1,3,3,2,1,3,3,0,0,1,1,1,2,1,3,0,1,2,1,2,2,0,2,0,2,3,0,2,3,0,3,3,2,0,0,2,1,3,3,1,1,2,0,2,2,3,2,3,2,3,3,3,3,3,2,3,2,2 ks=133,161,79,44,15,157,54,239,151,16,213,124,103,191,58,182,6,156,254,38,71,153,35,198,112,54,83,183,221,35,17,2,61,4,24,7,249,217,224,253,125,186,230,7,186,174,114,193,50,19,242,243,94,249,31,6,231,77,143,58,155,113,129,17
00240 features=807 size=45 p=10 tap=53 reset=true scheme=3 ops=1,2,1,2,1,0,3,1,1,1,1,1,3,1,0,3,0,0,2,1,1,3,3,2,2,0,1,3,3,1,2,0,0,2,1,2,3,0,0,2,1,3,2,2,1,2,0,0,1,3,3,2,1,3,0,1,0,1,3,0,0,2,0,3 ks=0,0,0,0,0,0,55,97,0,105,161,0,11,95,174,0,252,253,32,0,0,158,99,239,0,244,226,236,14,0,105,70,0,121,213,5,97,0,25,196,251,179,143,18,32,69,204,243,34,56,235,145,229,0,0,233,140,169,0,214,179,166,45,0
00241 features=989 size=62 p=1 tap=19 reset=true scheme=3 ops=2,0,0,2,2,3,2,2,0,0,1,1,1,0,3,2,3,2,3,2,2,2,3,2,2,3,3,0,3,0,3,0,3,3,1,1,0,3,3,3,3,0,3,0,0,0,3,1,1,1,1,2,1,2,1,1,0,3,3,3,3,1,3,1 ks=104,208,212,157,147,66,146,177,64,82,221,175,223,108,162,146,91,101,72,136,218,24,139,1,199,61,97,87,43,17,235,119,15,162,183,45,216,92,29,49,65,46,110,47,227,0,241,109,20,172,247,47,187,97,60,101,73,169,204,0,250,99,161,200
00242 features=940 size=64 p=10 tap=27 reset=true scheme=3 ops=2,1,3,0,3,2,3,1,3,0,1,1,0,1,2,3,3,3,1,0,2,3,3,2,1,3,3,3,0,0,0,0,3,3,3,2,2,2,0,0,0,3,1,3,0,1,2,0,2,3,1,0,1,0,2,3,1,3,1,1,0,2,1,1 ks=250,168,34,157,188,90,16,239,149,143,131,225,210,243,249,217,188,71,105,205,12,44,186,246,161,245,161,9,124,196,158,32,191,214,204,154,11,124,51,180,67,168,27,52,118,208,65,203,253,103,28,131,43,53,112,195,130,28,188,138,155,60,90,252
00243 features=923 size=64 p=2 tap=57 reset=true scheme=3 ops=3,2,0,2,0,0,2,2,3,3,2,0,2,1,2,2,3,3,2,3,0,1,2,0,1,0,0,2,0,0,1,1,3,3,0,1,1,2,3,0,2,2,0,1,0,0,0,0,3,1,0,2,2,1,0,2,3,1,1,1,1,1,2,0 ks=109,173,8,96,5,254,81,219,60,53,126,212,81,135,66,244,192,184,91,157,163,6,168,112,24,197,50,181,160,133,134,49,249,158,247,21,153,228,3,35,198,202,104,159,167,236,147,169,123,229,99,96,209,207,154,35,109,184,41,29,30,113,81,160
00244 features=890 size=38 p=2 tap=52 reset=true scheme=3 ops=3,1,2,1,2,3,1,0,3,2,0,3,3,0,3,0,3,0,1,2,3,2,3,0,2,0,2,1,0,1,3,0,3,0,1,1,3,2,1,0,0,3,0,3,1,0,0,2,2,1,3,0,1,2,1,2,1,0,2,3,3,2,0,3 ks=0,133,166,158,0,37,0,0,59,187,0,83,0,0,222,122,169,87,0,0,188,95,49,232,199,15,0,0,0,229,232,95,166,0,137,98,28,0,201,0,177,63,3,0,220,0,45,0,7,171,44,255,0,0,138,0,0,131,0,0,0,76,0,78
00245 features=680 size=23 p=1 tap=15 reset=false scheme=2 ops=2,1,3,1,3,2,1,1,3,1,2,0,2,3,3,1,2,1,1,3,2,3,2,2,1,0,3,1,0,1,2,2,1,3,0,1,3,2,0,2,2,1,1,3,0,3,2,0,3,0,3,3,3,0,2,1,2,0,2,3,0,0,1,2 ks=0,0,206,0,141,0,0,0,0,146,70,193,0,0,0,247,79,108,64,108,46,0,112,0,0,191,246,0,0,150,0,167,0,19,0,60,0,0,0,0,0,133,0,0,0,0,0,3,0,0,9,0,0,0,10,0,239,0,0,0,0,0,0,0
00246 features=799 size=43 p=2 tap=16 reset=false scheme=4 ops=0,2,2,3,3,3,2,2,1,2,1,3,3,0,3,3,2,3,0,0,3,3,1,0,1,1,0,2,0,3,1,1,1,0,2,0,2,3,3,1,2,2,0,3,3,2,0,0,3,3,3,3,0,1,2,3,1,0,3,2,2,3,2,0 ks=192,0,0,159,42,71,242,225,212,0,0,119,0,55,155,200,34,196,245,0,40,0,117,0,8,161,0,127,40,45,118,0,86,145,0,211,0,196,213,235,0,247,122,0,176,0,88,0,183,0,0,123,80,6,190,70,181,0,61,128,0,0,182,71
00247 features=937 size=64 p=10 tap=10 reset=true scheme=3 ops=1,3,3,2,1,0,3,3,3,1,3,3,3,2,1,3,3,1,3,3,0,3,2,1,2,0,1,3,0,3,2,2,3,2,2,3,1,1,0,3,1,2,2,1,1,0,1,1,1,1,1,0,2,0,3,1,0,1,2,3,3,1,0,3 ks=123,160,86,106,44,226,164,228,219,111,17,87,244,50,156,173,205,136,152,19,172,73,170,239,104,71,149,244,221,26,140,74,14,202,227,247,43,37,202,173,5,149,45,93,228,214,250,15,174,234,45,202,11,57,124,225,139,218,251,64,162,161,80,197
00248 features=634 size=20 p=1 tap=23 reset=false scheme=1 ops=2,1,0,3,1,0,0,1,3,0,1,1,0,3,2,3,0,3,2,3,1,3,3,2,3,3,3,3,1,3,3,3,0,2,1,0,2,3,0,2,0,3,0,0,0,1,1,2,2,2,1,2,3,2,1,0,0,3,2,3,3,3,3,3 ks=57,0,0,0,0,0,0,195,0,0,0,116,0,0,0,0,0,0,0,214,0,90,0,100,0,20,0,171,0,0,180,0,0,100,205,222,85,0,0,0,159,0,0,0,0,0,0,58,0,104,0,233,0,106,0,0,118,0,0,0,0,0,128,0
00249 features=735 size=23 p=2 tap=37 reset=false scheme=2 ops=3,2,2,3,2,1,0,3,2,3,1,1,0,1,1,0,1,1,3,3,0,0,2,0,2,3,3,1,0,1,2,2,0,2,0,3,2,2,3,0,3,3,2,0,2,0,0,0,3,2,3,3,3,0,2,3,1,1,1,1,3,1,3,2 ks=230,0,255,0,0,3,110,0,0,0,201,0,0,0,0,0,0,105,71,0,0,0,0,0,106,27,0,0,0,26,131,208,20,24,190,0,0,0,0,0,0,0,0,0,221,0,0,223,133,0,1,62,0,0,0,0,61,0,15,0,109,0,0,0
00250 features=638 size=14 p=2 tap=24 reset=false scheme=4 ops=0,3,0,0,1,0,1,3,1,0,2,1,0,2,2,0,1,3,2,2,3,3,1,3,2,1,2,2,3,3,2,2,3,3,1,3,0,2,1,0,2,3,2,0,3,3,2,0,3,3,2,2,2,1,3,0,2,0,0,0,3,3,2,3 ks=0,60,202,0,0,0,213,214,0,35,0,0,0,0,0,0,0,0,0,0,0,0,0,0,158,0,0,0,0,0,0,59,0,173,0,0,0,0,149,0,0,0,80,0,0,0,0,0,0,0,0,0,0,0,184,218,0,0,64,0,0,58,0,0
00251 features=828 size=39 p=10 tap=23 reset=false scheme=0 ops=3,3,0,1,2,3,0,3,2,1,3,1,1,0,2,3,0,0,2,3,3,2,3,1,3,3,2,0,3,1,3,0,0,2,0,2,3,0,0,2,0,0,0,0,1,1,3,1,3,3,1,1,0,2,1,2,0,1,3,0,3,0,1,0 ks=39,75,114,162,0,0,103,42,120,111,81,0,138,0,0,0,0,150,0,231,189,130,0,162,119,0,0,0,110,95,59,0,242,35,151,132,0,40,0,207,215,0,0,57,0,85,168,131,70,174,0,0,20,231,245,0,0,0,0,0,250,22,90,157
00252 features=858 size=42 p=5 tap=19 reset=true scheme=3 ops=2,0,0,1,2,3,0,0,1,1,0,2,2,1,1,0,0,1,2,3,1,3,2,0,2,2,0,2,3,1,0,0,3,1,2,1,3,1,0,2,3,0,1,3,0,0,2,2,2,3,1,3,1,1,0,0,2,2,0,1,1,2,2,3 ks=120,0,170,0,85,169,194,169,222,0,51,211,0,92,0,38,154,61,0,0,5,221,0,83,0,253,118,81,191,0,0,0,193,85,55,51,0,0,171,224,92,0,30,140,17,237,0,243,10,0,15,0,187,0,0,236,184,0,193,5,221,0,154,177
00253 features=860 size=40 p=2 tap=29 reset=true scheme=3 ops=2,1,1,3,0,1,0,0,3,2,0,0,3,0,2,3,3,1,2,0,3,3,0,2,3,0,1,1,2,3,0,2,1,1,1,0,2,0,1,1,2,1,3,0,2,1,0,3,2,2,2,1,1,3,0,1,0,1,3,1,0,1,3,3 ks=222,84,79,144,150,195,0,0,17,86,178,0,145,104,0,53,10,15,47,0,0,0,0,0,138,116,0,164,0,255,237,0,218,250,95,102,172,125,113,205,0,0,171,0,0,0,234,166,0,0,190,8,0,223,0,179,59,0,216,0,141,0,219,211
00254 features=710 size=24 p=1 tap=36 reset=false scheme=4 ops=1,0,1,0,2,3,3,1,3,3,0,0,0,3,0,1,2,3,2,3,2,1,0,3,0,2,2,0,0,3,3,0,2,3,1,1,2,1,0,3,0,3,3,2,2,2,3,3,3,2,3,1,2,3,2,1,2,0,3,1,0,1,2,2 ks=78,0,0,0,0,241,0,0,0,0,242,110,236,0,0,173,0,0,44,0,92,0,0,247,0,60,0,0,0,62,0,69,0,0,204,144,174,0,0,0,225,53,0,0,31,0,236,0,28,174,0,0,0,0,0,195,0,41,219,0,0,0,0,0
00255 features=839 size=28 p=2 tap=18 reset=false scheme=3 ops=0,2,3,1,0,3,3,3,0,3,2,1,2,0,3,0,3,3,2,3,1,2,2,1,0,3,3,2,1,1,2,1,2,2,0,3,0,2,2,2,0,3,2,0,2,3,1,0,3,0,2,3,3,0,2,0,1,0,3,0,0,0,1,2 ks=0,1,0,251,231,0,0,0,3,234,0,0,0,0,0,0,230,0,86,116,0,0,0,0,0,73,180,90,109,0,0,0,45,0,0,157,0,0,137,0,72,216,73,30,1,0,128,0,215,41,0,8,0,199,0,206,0,137,0,0,0,0,154,0
00256 features=827 size=21 p=5 tap=61 reset=true scheme=3 ops=2,2,3,2,0,3,1,1,0,0,1,0,0,1,2,2,2,0,3,0,2,2,3,1,0,2,3,2,0,0,2,2,0,0,3,1,1,3,0,2,0,2,0,0,1,0,1,2,2,1,3,2,0,1,2,2,3,1,2,2,2,2,3,0 ks=0,0,236,174,0,0,0,0,0,0,128,0,0,80,0,0,0,66,58,0,0,218,144,173,0,212,0,0,105,224,0,140,13,0,0,0,29,0,5,0,0,0,0,0,0,116,0,0,171,0,0,0,0,0,165,0,0,0,125,122,0,0,0,0
00257 features=830 size=40 p=2 tap=53 reset=true scheme=3 ops=3,1,1,3,3,3,2,0,2,3,0,3,2,1,2,2,3,0,3,2,3,3,2,0,3,2,0,2,1,0,3,3,3,1,2,0,3,1,2,3,3,2,1,3,2,3,1,1,2,1,1,1,0,3,2,1,3,2,0,1,2,0,0,0 ks=0,0,27,214,0,184,0,14,126,121,8,17,0,0,0,0,173,0,84,150,43,106,197,113,189,65,3,0,0,0,252,0,0,218,81,142,0,212,134,100,0,132,0,102,0,70,209,0,0,188,32,165,191,61,0,0,186,0,0,94,151,147,151,218
00258 features=680 size=21 p=2 tap=25 reset=false scheme=4 ops=3,3,0,0,1,0,0,1,1,3,1,0,3,2,3,2,1,3,1,3,0,2,2,3,1,2,2,3,0,0,0,2,3,0,3,1,2,1,2,3,3,3,3,0,0,3,3,1,2,1,1,1,2,2,1,0,3,3,3,0,2,1,3,3 ks=190,0,0,142,236,0,153,0,0,0,0,0,0,0,29,0,113,0,184,0,120,80,0,0,0,29,57,0,0,0,0,217,0,40,0,0,0,0,126,0,0,171,0,145,0,187,0,0,0,17,0,89,0,0,0,0,0,0,0,0,246,0,0,139
00259 features=813 size=26 p=1 tap=24 reset=true scheme=0 ops=1,2,2,0,0,2,2,2,3,1,1,2,1,3,2,1,3,2,3,1,0,2,3,2,2,1,1,2,1,2,1,3,1,0,0,0,1,2,2,2,0,2,0,2,0,1,2,3,0,1,3,2,1,2,1,0,3,2,2,2,3,0,2,1 ks=0,186,0,178,185,225,0,0,0,0,44,0,206,171,0,0,1,0,0,0,140,0,0,40,0,221,0,190,0,0,0,0,148,160,0,134,0,0,48,0,0,24,0,0,0,0,253,160,155,5,0,243,0,0,0,0,121,0,247,0,144,0,60,0
00260 features=781 size=21 p=2 tap=61 reset=true scheme=3 ops=1,2,2,0,2,2,3,1,2,3,2,0,3,1,2,0,2,2,1,0,0,3,2,3,0,3,0,3,2,0,1,3,0,0,1,3,2,3,0,2,0,0,2,3,2,2,1,3,3,2,3,2,2,2,1,0,0,2,0,3,3,2,1,3 ks=0,0,0,0,0,206,75,0,233,0,0,0,0,0,0,0,0,0,0,223,0,0,0,0,0,0,0,0,195,0,55,123,0,0,41,0,0,219,203,208,0,73,62,132,7,156,0,0,0,0,0,0,135,73,197,0,0,29,0,0,0,0,0,146
00261 features=774 size=23 p=1 tap=36 reset=true scheme=5 ops=1,1,1,0,1,0,3,2,1,3,3,1,2,1,3,0,1,1,1,1,2,3,2,1,0,3,1,3,3,0,0,3,1,1,3,1,3,1,0,1,2,1,3,0,3,1,3,0,2,3,1,0,3,0,3,3,2,0,1,3,2,0,3,2 ks=131,0,0,155,0,212,0,0,0,0,66,65,0,0,0,99,22,0,0,224,24,161,0,0,56,0,0,117,0,0,0,99,0,0,0,0,0,0,163,19,0,104,110,0,0,0,0,0,0,0,0,200,0,2,0,239,79,0,0,227,0,108,0,0
00262 features=902 size=38 p=5 tap=50 reset=true scheme=5 ops=3,1,1,2,2,0,1,2,3,3,2,3,0,3,1,2,3,3,1,2,2,0,3,2,1,3,3,2,0,2,1,0,2,1,3,0,2,1,2,2,2,2,3,2,3,1,3,3,3,3,3,1,2,0,2,0,2,3,0,2,2,3,2,3 ks=166,0,0,226,88,0,0,177,1,0,0,27,0,160,0,0,56,87,0,235,90,147,0,0,175,187,0,170,30,94,63,244,79,88,202,0,220,0,147,0,72,119,0,104,135,251,176,0,0,37,9,0,0,131,0,0,151,47,26,37,0,0,0,218
00263 features=960 size=42 p=1 tap=0 reset=true scheme=1 ops=3,1,3,3,0,1,3,0,0,0,3,0,0,1,0,1,2,3,0,0,3,0,1,1,2,2,0,0,3,2,0,1,1,0,0,0,1,2,2,3,0,0,3,0,0,3,0,1,3,0,1,3,0,3,1,1,0,1,2,0,0,3,0,3 ks=144,207,0,103,195,0,168,193,85,0,136,23,0,0,223,0,13,0,6,166,254,0,241,0,0,0,142,226,0,0,180,19,19,0,90,177,222,0,14,205,114,0,0,87,64,143,0,220,72,58,106,151,50,0,23,123,132,205,174,0,0,0,219,250
00264 features=785 size=18 p=2 tap=44 reset=true scheme=2 ops=2,1,2,0,1,0,3,0,0,0,3,0,0,2,2,1,1,3,3,0,3,2,3,3,2,0,0,1,2,2,1,2,1,3,1,2,0,2,1,2,1,0,3,3,2,0,0,2,1,2,0,0,2,1,0,0,2,3,3,1,1,3,3,1 ks=110,0,189,0,0,153,234,20,0,142,0,0,141,0,0,0,11,0,21,0,0,0,0,0,0,0,0,0,0,0,0,42,72,0,0,0,195,247,156,0,0,53,152,0,0,0,0,0,0,0,0,0,34,0,0,0,0,0,0,0,0,53,0,0
00265 features=821 size=44 p=10 tap=40 reset=true scheme=4 ops=2,2,3,0,1,0,0,3,1,0,1,1,3,2,0,2,2,2,0,2,1,1,3,0,3,1,1,3,3,3,0,0,0,3,0,2,1,3,0,0,3,3,2,3,0,3,2,3,3,3,0,1,1,0,0,0,0,2,1,3,2,0,2,0 ks=245,104,88,0,253,228,250,0,147,39,0,0,195,0,199,161,0,7,184,168,0,217,113,138,0,27,0,0,0,97,114,14,152,0,145,61,0,61,0,102,39,215,0,0,183,35,0,0,202,16,249,11,150,244,0,248,170,53,173,0,38,161,113,129
00266 features=709 size=16 p=2 tap=7 reset=true scheme=1 ops=0,2,0,3,1,3,3,2,3,1,3,3,2,1,2,1,3,1,3,2,3,1,3,1,0,3,1,3,1,2,1,1,3,3,0,3,3,2,1,2,1,0,3,3,1,2,2,0,2,1,1,3,1,0,0,1,3,1,0,0,3,1,1,1 ks=157,0,0,0,0,0,0,0,0,0,205,14,0,0,0,0,0,53,0,0,69,93,0,0,0,182,0,0,0,0,0,0,21,0,0,0,65,182,0,0,0,54,0,0,0,0,0,0,0,112,0,0,0,205,24,0,0,0,66,0,0,0,198,0
00267 features=946 size=63 p=10 tap=22 reset=true scheme=3 ops=3,1,2,3,2,2,3,3,3,1,0,0,0,3,1,0,3,2,2,3,2,2,3,3,1,3,0,3,0,0,3,2,1,0,1,2,1,3,3,1,1,3,0,1,0,1,1,1,1,2,1,2,2,2,0,0,0,0,3,2,2,0,0,0 ks=204,46,97,29,105,122,125,75,126,9,12,25,148,197,130,146,144,173,104,72,244,31,149,78,73,178,135,202,208,88,132,107,74,129,184,77,167,142,10,150,176,150,54,174,70,48,222,51,0,13,238,72,126,190,81,164,34,113,82,41,120,196,204,255
00268 features=706 size=16 p=5 tap=39 reset=true scheme=3 ops=1,0,1,0,3,0,3,1,2,1,2,0,0,0,2,0,0,0,2,0,3,1,3,1,1,3,0,3,0,1,1,0,1,2,3,1,2,3,0,3,3,2,2,3,1,1,2,2,3,2,0,1,2,1,0,3,1,1,3,1,0,1,1,3 ks=145,0,0,0,0,0,0,0,0,0,0,25,186,74,0,0,230,0,0,131,83,0,155,167,0,0,0,0,35,0,0,0,0,0,0,0,0,0,0,0,0,122,0,0,0,0,0,0,0,0,0,0,208,0,0,152,0,56,0,127,0,179,0,0
00269 features=819 size=41 p=2 tap=18 reset=true scheme=3 ops=0,2,1,2,0,2,3,3,0,2,2,0,3,0,3,0,1,1,3,3,2,0,0,0,3,1,3,1,2,0,2,3,3,3,3,2,0,2,0,2,3,0,3,1,1,2,1,1,2,3,2,2,1,3,0,0,2,1,3,0,1,0,2,3 ks=0,211,0,43,246,184,0,0,0,113,121,97,131,3,255,35,0,43,234,44,192,23,152,62,0,0,0,237,7,0,191,16,0,118,65,88,100,0,143,112,62,0,0,244,165,0,0,0,140,0,0,240,120,2,63,159,0,184,99,0,189,73,0,0
00270 features=731 size=27 p=5 tap=45 reset=true scheme=3 ops=2,1,0,0,0,3,2,1,3,2,3,0,2,1,3,3,2,2,2,1,1,3,3,1,3,1,0,2,1,0,1,2,3,2,3,0,1,0,0,0,2,2,1,1,0,3,0,3,2,1,1,0,0,0,2,0,1,1,0,2,3,3,1,3 ks=0,0,0,184,24,231,210,44,0,13,65,0,0,0,0,171,43,0,0,0,182,0,64,0,0,0,72,0,0,0,0,0,179,0,0,111,248,45,0,0,0,0,203,143,0,0,0,0,123,184,175,0,165,205,143,0,239,0,0,0,0,190,237,0
00271 features=588 size=18 p=10 tap=36 reset=false scheme=3 ops=2,0,1,2,1,3,2,0,3,0,0,1,3,2,0,3,3,0,2,3,1,2,3,1,3,3,1,2,1,1,1,3,3,0,3,1,1,1,1,0,0,1,1,3,3,0,3,2,3,2,2,2,0,2,1,2,3,1,1,1,1,1,3,1 ks=0,69,0,0,129,0,6,0,223,236,101,62,132,0,0,0,190,0,11,0,0,0,0,158,0,0,200,0,0,0,0,0,144,0,0,0,111,0,0,0,0,63,0,36,0,0,0,0,0,0,0,0,0,0,0,0,167,0,0,0,146,0,0,0
00272 features=897 size=41 p=2 tap=10 reset=true scheme=5 ops=3,2,1,1,3,3,3,0,3,2,3,1,1,3,3,0,0,1,3,3,3,0,3,2,0,0,2,3,0,1,0,1,0,1,3,3,1,1,1,1,3,0,1,1,1,1,1,2,0,0,0,0,1,3,1,1,0,1,0,2,2,3,2,0 ks=0,248,216,52,17,0,142,0,0,115,0,223,0,0,227,0,75,6,101,0,207,0,233,0,189,0,0,228,144,93,0,137,0,0,0,0,74,0,87,35,150,219,227,0,83,232,157,159,157,0,8,163,176,148,0,71,35,0,103,127,36,153,56,249
00273 features=903 size=47 p=5 tap=8 reset=false scheme=4 ops=0,1,2,2,3,2,1,1,3,2,0,0,3,2,1,1,2,1,1,0,2,0,2,1,2,1,0,2,1,1,1,3,2,0,1,1,3,2,3,1,3,0,3,2,0,2,0,0,2,1,3,1,1,2,2,0,2,0,1,0,0,0,1,3 ks=234,78,203,0,37,56,52,154,240,238,188,150,216,0,250,165,37,20,76,0,0,185,0,149,127,177,58,0,155,244,182,0,24,0,0,0,138,122,85,0,94,105,95,0,49,0,0,229,224,115,169,54,0,0,139,240,191,150,0,13,35,197,114,253
00274 features=939 size=64 p=2 tap=41 reset=true scheme=3 ops=1,3,0,0,2,0,1,2,2,2,2,1,0,3,1,3,1,1,3,3,3,3,0,3,1,1,1,3,1,0,1,0,2,2,0,3,2,1,3,1,3,3,0,3,3,3,3,0,1,3,2,1,2,0,1,0,2,0,3,3,2,0,1,2 ks=225,31,131,252,77,123,221,38,122,199,239,92,144,53,16,58,21,179,94,213,25,67,37,212,20,171,100,187,10,220,210,25,133,10,106,124,10,23,91,205,52,62,227,71,86,157,61,86,105,226,48,177,172,143,3,177,207,249,92,53,113,167,114,226
00275 features=729 size=21 p=1 tap=58 reset=true scheme=3 ops=2,2,1,2,2,1,1,1,3,1,3,2,1,0,1,3,2,1,0,1,0,3,1,3,1,0,3,0,3,1,0,3,0,1,1,3,3,3,3,0,0,2,2,0,3,0,0,2,3,2,0,1,2,0,2,2,1,0,3,2,0,2,3,0 ks=0,0,172,0,0,220,40,0,0,152,117,0,0,0,0,0,0,0,165,0,228,0,0,0,0,11,0,0,28,0,0,0,253,0,0,0,0,0,59,0,0,0,126,0,0,19,0,0,125,9,0,185,0,0,186,0,0,100,0,62,97,0,0,163
00276 features=777 size=26 p=1 tap=41 reset=true scheme=3 ops=2,1,2,0,3,0,1,2,3,2,3,2,0,1,2,1,3,1,2,0,2,3,0,3,0,1,1,0,1,1,0,0,3,3,2,2,3,0,3,0,3,0,3,1,3,0,3,2,2,1,0,3,0,0,2,2,0,0,0,0,3,2,2,3 ks=0,213,155,181,0,0,0,200,0,0,8,0,92,0,0,0,132,0,227,75,0,199,0,0,0,0,64,0,0,0,0,0,236,0,113,0,194,0,160,0,174,69,214,124,0,0,0,104,0,0,46,41,0,229,0,0,223,0,0,0,249,0,0,3
00277 features=974 size=63 p=10 tap=63 reset=true scheme=3 ops=1,1,0,1,0,1,3,0,3,2,0,1,0,1,2,1,0,2,1,2,3,1,3,3,3,2,3,1,1,1,3,0,0,2,1,1,1,2,0,0,3,1,3,3,3,0,2,1,1,2,3,1,0,0,0,1,2,1,1,3,2,3,3,1 ks=109,204,134,21,145,135,96,21,10,20,147,21,221,158,255,31,122,40,49,54,14,39,46,152,69,245,104,172,74,30,24,175,24,36,127,42,64,211,67,101,228,156,11,48,232,4,79,217,167,11,68,186,72,0,37,47,21,76,213,217,96,10,53,118
00278 features=580 size=20 p=2 tap=30 reset=false scheme=0 ops=3,1,1,3,0,0,3,3,3,2,1,0,1,1,3,2,1,0,1,1,1,1,2,1,2,3,1,0,1,3,2,1,1,3,2,0,3,0,3,3,2,1,0,3,0,2,0,1,3,3,1,0,3,3,1,1,1,0,0,1,3,3,1,3 ks=77,0,0,0,6,0,0,0,0,0,0,25,0,0,0,0,63,0,0,0,73,0,0,0,20,0,183,154,0,0,0,83,0,0,0,21,43,230,198,185,31,0,0,0,0,0,0,101,0,0,0,0,0,0,0,195,0,66,0,222,0,0,0,139
00279 features=728 size=25 p=5 tap=26 reset=false scheme=1 ops=2,1,2,1,1,3,2,0,0,2,0,2,0,1,2,0,0,2,0,0,0,3,2,1,1,1,3,0,2,3,3,3,0,0,1,2,3,2,1,1,0,3,0,3,0,1,0,0,2,0,2,0,2,1,1,1,1,3,0,1,2,3,0,2 ks=0,0,210,0,128,0,0,0,0,0,89,91,168,0,0,0,193,218,0,0,0,0,90,62,0,0,178,0,0,7,0,0,0,0,0,168,0,0,0,110,219,187,0,0,155,155,96,0,0,0,40,77,152,0,0,0,0,135,0,0,0,113,232,203
00280 features=822 size=44 p=5 tap=8 reset=true scheme=3 ops=1,0,2,2,2,0,1,0,3,0,2,1,0,1,3,0,1,0,0,3,0,0,1,1,3,0,0,0,0,1,1,3,1,2,3,1,3,2,1,1,3,1,2,0,0,1,1,0,0,1,2,1,0,2,3,0,1,1,3,1,0,1,1,3 ks=30,0,9,121,203,0,60,51,203,129,113,0,107,183,0,71,38,118,0,0,0,0,189,71,0,195,24,0,240,198,0,0,159,252,0,62,158,216,0,24,35,196,168,0,129,0,0,226,155,21,0,101,87,0,2,212,18,0,36,119,145,11,234,79
00281 features=730 size=19 p=2 tap=38 reset=true scheme=3 ops=2,0,0,1,3,0,3,3,3,3,2,1,2,2,0,0,2,0,2,1,3,3,3,2,0,2,0,0,1,0,0,3,2,2,0,0,2,3,0,3,3,3,3,1,1,2,1,1,1,3,1,3,2,2,0,2,3,0,3,2,1,2,1,1 ks=245,113,0,0,0,0,0,69,0,0,0,0,69,0,184,0,0,225,0,171,0,0,0,0,147,0,209,0,0,0,0,0,0,134,0,113,0,0,0,0,0,0,0,112,3,0,12,0,117,0,0,43,186,98,0,0,0,0,0,0,0,0,0,18
00282 features=844 size=44 p=10 tap=7 reset=true scheme=3 ops=0,1,2,0,1,0,0,0,2,3,3,1,2,0,2,3,2,2,3,3,2,1,1,3,1,2,2,0,0,0,2,3,3,0,1,3,2,3,0,0,3,1,0,2,0,2,2,3,2,0,0,3,3,3,0,0,2,1,0,0,1,1,2,2 ks=90,8,0,180,196,118,104,0,212,73,66,159,124,0,0,0,103,0,0,0,196,124,0,0,0,216,53,0,160,208,39,52,90,87,121,24,0,136,0,0,0,93,245,76,74,116,207,154,0,0,246,0,214,217,183,142,138,0,170,41,44,198,254,93
00283 features=746 size=24 p=10 tap=2 reset=false scheme=4 ops=0,2,3,3,1,1,1,3,0,3,1,0,2,0,0,2,1,0,0,2,2,2,2,0,3,1,3,0,1,0,3,3,3,0,0,0,1,1,2,1,3,3,1,1,2,1,1,1,0,2,2,0,2,0,1,2,2,2,3,3,3,2,2,0 ks=51,70,59,147,34,0,0,0,49,0,54,1,65,15,0,0,210,0,0,0,145,0,167,0,25,0,84,0,0,0,0,0,75,144,233,0,33,0,150,0,0,16,0,189,0,0,0,0,0,0,0,0,0,0,228,0,0,0,0,119,0,0,0,0
00284 features=859 size=26 p=10 tap=24 reset=true scheme=4 ops=2,3,3,0,3,2,3,2,3,0,3,0,3,3,0,3,2,1,0,3,1,0,0,3,2,3,3,0,0,2,1,0,2,2,1,1,0,3,3,3,1,1,0,2,1,2,1,0,3,0,0,1,2,1,1,0,3,3,3,1,0,3,2,2 ks=138,254,120,54,0,158,180,0,123,0,0,0,53,0,0,160,0,0,0,0,0,0,142,0,84,0,132,30,121,138,239,0,0,0,175,0,52,0,0,118,0,0,0,0,0,0,0,155,0,0,131,0,0,68,0,0,168,0,83,0,0,63,0,1
00285 features=817 size=25 p=2 tap=15 reset=true scheme=2 ops=2,0,2,0,0,2,2,0,3,3,1,0,3,3,2,0,3,2,2,2,0,0,3,3,1,1,2,0,2,2,0,3,3,1,2,2,1,1,0,2,1,2,1,3,1,3,3,1,2,3,0,1,1,1,1,1,2,1,0,0,3,2,3,3 ks=228,0,64,95,193,136,0,0,0,0,0,195,0,0,0,237,0,92,7,108,0,6,0,246,0,0,0,0,242,0,0,0,0,0,0,0,0,43,187,0,0,0,0,0,30,0,196,9,0,79,0,120,234,147,0,0,0,1,15,0,0,0,26,0
00286 features=656 size=14 p=10 tap=34 reset=false scheme=2 ops=0,2,0,0,2,3,3,3,3,3,1,0,2,1,2,3,2,1,1,1,2,1,2,1,2,3,2,1,3,2,1,1,2,3,1,0,0,0,3,0,1,2,2,0,3,1,3,0,1,3,2,3,0,3,2,1,1,0,3,3,0,2,1,1 ks=0,0,36,0,172,0,0,0,0,0,0,0,152,198,0,0,0,0,159,0,0,0,21,0,0,0,157,0,0,0,0,0,0,0,0,0,0,0,0,0,0,176,47,0,0,215,0,0,235,103,0,0,0,0,0,70,0,253,0,0,0,0,0,0
00287 features=931 size=37 p=1 tap=2 reset=true scheme=0 ops=0,3,2,1,2,2,2,0,0,2,0,2,0,2,1,1,1,2,0,1,2,0,0,3,0,0,2,2,1,1,1,0,0,3,0,0,3,3,3,0,1,2,3,1,2,1,2,0,1,3,3,1,3,0,3,1,3,3,3,2,0,3,1,3 ks=0,0,65,149,4,0,89,0,0,0,0,137,250,137,38,196,187,2,54,41,119,219,0,59,161,0,0,0,181,243,101,0,18,236,248,0,0,4,128,23,0,81,137,0,0,128,248,0,0,142,155,0,57,182,133,0,0,95,146,0,0,0,0,0
00288 features=894 size=64 p=10 tap=22 reset=true scheme=3 ops=1,2,3,0,0,1,2,0,2,0,3,0,3,3,1,1,2,1,0,1,3,3,0,0,0,3,0,2,3,0,0,1,0,2,0,0,0,0,1,3,0,1,1,0,1,3,3,0,3,2,2,2,0,2,0,2,0,1,3,3,0,0,2,0 ks=6,205,40,75,233,75,185,147,45,176,223,34,252,24,166,191,65,53,205,146,4,188,22,209,164,4,168,33,13,208,214,88,99,77,150,140,98,36,57,87,114,161,214,100,144,56,154,14,81,139,83,128,179,10,217,60,133,201,219,191,129,124,153,230
00289 features=600 size=13 p=2 tap=6 reset=false scheme=3 ops=3,1,3,3,3,3,2,0,2,3,3,2,2,0,2,3,2,1,2,1,0,1,3,3,2,0,0,2,3,3,0,1,3,2,2,2,0,3,3,1,2,0,0,3,2,2,2,3,2,1,3,2,3,3,1,0,3,1,0,2,1,0,2,1 ks=0,0,0,0,21,232,0,4,0,0,0,0,0,0,0,0,0,0,0,241,0,0,0,0,154,0,0,92,0,12,146,0,26,0,0,0,11,0,0,100,0,0,0,0,0,0,154,88,0,0,0,0,0,0,0,0,0,0,0,0,0,0,0,0
00290 features=895 size=43 p=2 tap=54 reset=true scheme=3 ops=0,2,0,2,1,1,3,1,3,3,3,0,2,3,0,2,3,3,2,1,1,0,2,2,0,0,0,0,3,0,2,3,0,1,3,0,1,0,3,3,3,2,1,1,2,3,1,2,3,1,3,1,1,3,3,0,1,1,0,3,1,1,0,1 ks=168,16,1,137,0,132,242,0,80,0,103,0,112,206,0,0,74,137,59,158,27,223,81,198,251,0,0,34,233,0,101,59,0,205,246,210,0,0,0,200,225,154,99,212,235,133,125,0,0,0,97,172,0,15,132,0,35,0,16,0,183,131,0,112
00291 features=968 size=64 p=10 tap=14 reset=false scheme=2 ops=0,1,0,2,0,2,0,1,1,1,1,0,1,3,3,1,1,0,0,1,0,1,3,2,0,0,0,3,1,2,2,0,2,0,1,1,2,0,0,2,2,3,2,0,2,0,0,0,1,1,0,3,3,2,0,0,3,2,2,2,3,2,2,3 ks=148,9,116,237,140,162,1,36,246,24,19,66,92,87,193,163,152,32,71,139,79,239,55,185,128,205,56,4,190,134,81,129,8,246,51,205,191,82,138,175,3,28,243,83,211,24,235,92,132,93,108,188,181,55,207,228,205,248,73,28,48,52,64,255
00292 features=827 size=41 p=5 tap=17 reset=true scheme=3 ops=0,1,2,0,1,3,2,3,0,3,1,1,1,1,2,3,2,3,2,0,0,2,2,3,1,1,0,3,1,2,2,0,3,1,3,0,1,0,1,2,2,3,3,3,0,2,2,2,0,0,1,0,2,1,2,3,1,2,0,0,1,2,0,3 ks=0,161,255,24,0,0,193,0,158,186,4,97,0,148,0,158,0,220,136,0,41,0,31,250,0,174,72,0,0,138,45,189,0,61,187,0,33,0,181,56,245,60,167,17,129,0,73,0,131,163,0,11,134,0,0,0,99,124,0,33,91,0,234,67
00293 features=976 size=64 p=10 tap=21 reset=false scheme=3 ops=1,0,1,0,0,2,0,0,1,0,3,3,0,1,3,3,3,3,3,1,0,3,1,0,2,3,1,2,1,3,2,2,3,0,0,1,3,2,0,3,0,2,1,0,3,2,3,2,1,0,2,2,0,2,0,2,2,1,1,1,0,2,3,0 ks=150,152,131,171,112,40,224,245,95,71,75,161,118,217,132,133,248,209,171,136,108,63,173,37,163,146,67,110,144,206,88,167,233,242,156,73,114,57,165,79,108,191,225,243,159,182,128,32,80,97,99,133,242,103,31,5,118,194,1,23,51,169,212,77
00294 features=675 size=22 p=5 tap=16 reset=false scheme=1 ops=3,1,1,3,3,2,0,0,3,2,0,3,1,2,0,3,0,3,2,2,2,1,2,3,2,2,2,2,3,3,2,1,2,2,1,3,3,2,2,0,0,3,2,2,2,1,3,0,3,0,1,2,0,2,1,2,0,0,1,3,0,1,3,2 ks=0,57,0,0,0,0,157,0,0,0,0,0,201,0,0,0,32,0,173,45,121,0,178,0,14,0,0,0,0,0,135,0,167,95,0,0,0,0,0,0,217,0,0,0,0,0,174,0,0,0,100,251,0,0,76,72,0,0,123,175,0,0,121,214
00295 features=915 size=43 p=10 tap=42 reset=true scheme=4 ops=0,3,2,1,2,2,0,2,0,1,0,2,2,2,0,2,0,0,1,0,3,1,0,3,1,2,0,1,2,3,3,3,3,0,0,1,3,1,0,3,3,3,0,1,1,3,3,0,1,0,1,0,3,2,2,0,2,2,0,3,0,3,3,2 ks=113,0,33,0,255,118,145,12,58,212,0,3,167,195,24,101,173,0,64,248,119,203,154,0,0,90,0,0,0,0,151,122,252,103,102,0,110,169,94,0,0,65,0,136,80,248,0,100,168,0,0,187,15,147,59,152,59,69,0,0,0,38,0,194
00296 features=725 size=26 p=1 tap=6 reset=false scheme=4 ops=2,1,3,3,1,1,3,3,1,1,1,2,2,0,3,2,2,0,3,3,1,2,2,1,3,2,1,3,0,3,0,0,2,2,2,0,1,1,3,3,0,1,2,3,0,1,3,2,1,1,1,3,1,1,0,2,1,2,3,1,0,2,2,3 ks=0,0,0,193,7,35,97,0,0,0,0,196,0,0,0,112,209,140,220,0,0,76,0,0,0,219,163,0,0,0,0,0,226,46,0,236,0,0,0,0,0,0,0,232,0,0,0,10,123,227,0,0,0,217,255,75,56,83,10,0,0,0,0,194
00297 features=828 size=45 p=10 tap=10 reset=true scheme=3 ops=1,3,3,3,1,0,0,2,1,2,3,0,3,0,2,3,0,1,3,1,0,3,1,3,1,2,3,2,3,3,3,1,0,3,2,1,0,1,1,3,0,0,1,1,2,1,1,2,3,1,3,1,1,3,0,3,3,1,0,2,2,1,1,3 ks=0,49,3,123,68,217,247,0,3,79,56,0,222,4,0,0,140,86,146,0,239,233,206,133,0,0,223,225,130,0,26,178,9,219,255,210,245,198,66,176,202,50,0,97,166,0,180,0,95,188,26,213,0,0,35,78,231,0,0,0,0,41,0,14
00298 features=694 size=20 p=10 tap=21 reset=false scheme=5 ops=3,1,3,0,3,0,2,3,2,2,2,2,3,3,3,0,3,1,2,1,3,1,2,2,0,3,1,2,2,0,2,3,1,0,0,3,0,3,0,3,2,0,0,3,2,3,0,1,0,3,0,2,1,1,1,0,1,1,0,2,1,3,3,2 ks=0,101,0,201,0,241,0,0,172,0,0,0,0,0,92,0,0,0,0,0,51,0,0,0,0,39,0,0,173,0,0,93,0,0,0,0,0,0,68,233,0,85,0,200,70,13,0,103,123,0,0,0,0,0,130,0,164,0,0,0,227,0,0,0
00299 features=903 size=42 p=10 tap=44 reset=true scheme=2 ops=3,1,3,1,1,1,3,3,3,2,2,3,0,3,1,1,2,1,3,2,0,3,1,2,3,0,2,2,2,3,1,3,1,0,1,2,3,3,3,1,2,1,3,3,2,3,0,1,2,1,1,1,3,0,0,0,2,3,0,0,0,3,3,3 ks=0,125,0,120,0,190,215,62,22,0,0,0,131,222,224,75,42,155,180,0,167,0,103,0,146,0,121,0,0,163,213,119,225,43,189,140,32,160,21,6,47,0,123,0,178,0,74,103,180,149,0,0,0,17,7,137,0,188,224,0,83,0,0,251
00300 features=781 size=22 p=1 tap=61 reset=true scheme=3 ops=3,3,1,0,3,1,1,2,1,3,2,3,3,1,3,0,2,1,2,2,0,1,2,3,3,1,2,2,1,0,0,0,1,3,0,1,0,1,0,1,1,3,3,0,0,2,2,1,3,0,0,1,2,1,1,0,1,0,3,2,1,3,0,3 ks=0,55,49,72,0,0,0,0,116,127,231,216,169,0,244,0,0,0,0,0,0,0,0,0,14,0,0,0,6,0,0,0,232,55,0,204,210,39,0,124,86,0,0,0,0,0,0,0,10,0,182,0,0,0,0,0,0,0,0,0,88,100,0,0
00301 features=581 size=14 p=1 tap=37 reset=false scheme=4 ops=2,1,0,2,3,2,2,2,2,3,2,1,2,0,3,0,2,1,0,2,3,0,3,1,2,2,2,3,0,1,3,2,3,1,1,0,3,1,3,3,3,3,2,2,1,3,0,0,0,2,3,2,1,0,3,1,2,1,1,2,1,0,2,0 ks=23,0,0,0,0,0,0,0,0,0,224,0,0,0,224,4,0,146,0,0,0,0,0,0,0,0,0,229,0,0,138,0,0,0,0,0,0,0,35,0,0,0,5,0,0,0,0,0,0,0,213,108,0,0,0,0,155,0,227,0,0,238,0,0
00302 features=883 size=46 p=1 tap=25 reset=true scheme=2 ops=2,2,0,2,3,1,0,3,1,2,2,2,3,2,0,3,0,1,1,2,3,1,2,0,3,2,2,3,1,3,2,3,2,3,2,1,3,0,1,1,1,0,3,0,0,2,1,3,0,0,3,0,1,3,2,2,0,1,3,3,3,3,1,2 ks=0,108,0,0,7,0,91,136,0,76,95,144,152,122,204,37,72,0,8,76,0,68,0,135,0,194,23,34,0,246,0,254,112,0,67,175,159,206,0,45,93,126,114,0,40,0,107,0,254,154,118,226,118,109,187,173,34,0,95,27,7,62,92,0
00303 features=919 size=41 p=10 tap=22 reset=true scheme=4 ops=1,1,3,2,2,2,3,2,1,3,2,0,1,3,3,0,1,2,0,0,0,3,1,0,3,3,1,3,3,1,1,1,0,0,2,2,0,2,3,1,1,1,0,2,3,2,2,2,2,1,2,0,0,0,3,1,1,1,2,1,0,2,2,2 ks=152,8,73,9,155,0,226,0,134,0,0,146,3,0,0,144,48,227,40,0,0,0,0,148,241,9,0,65,6,84,37,202,0,27,35,193,86,189,0,0,0,0,0,93,0,138,20,186,0,0,0,17,0,219,206,114,217,79,0,220,74,145,104,235
00304 features=837 size=25 p=10 tap=44 reset=true scheme=0 ops=1,0,1,0,3,0,0,1,1,3,2,0,0,2,2,1,2,3,1,2,2,0,2,1,0,3,1,1,3,3,2,3,0,1,1,0,1,0,0,3,2,1,0,3,3,3,1,0,0,0,2,3,1,3,3,1,1,0,3,1,3,2,1,0 ks=18,0,87,49,217,0,0,0,0,0,0,0,0,0,181,235,0,0,102,0,0,96,33,0,0,0,148,0,91,0,0,0,0,0,0,0,0,0,0,3,69,81,253,20,76,60,0,191,198,0,0,232,0,68,156,199,0,0,0,0,0,141,0,0
00305 features=814 size=37 p=10 tap=60 reset=true scheme=3 ops=1,3,3,1,1,3,3,3,3,2,0,1,2,0,1,2,2,2,3,1,3,3,1,0,3,1,1,0,1,3,0,0,1,2,1,0,0,1,1,2,1,3,2,3,0,3,0,2,1,3,3,2,0,3,1,1,0,0,3,3,3,1,0,0 ks=0,0,224,0,143,0,0,206,0,0,92,0,0,187,0,235,222,0,140,89,0,80,0,146,0,150,147,1,134,200,0,111,42,0,19,0,63,0,91,124,0,0,141,0,0,220,162,0,34,206,179,0,0,0,203,106,2,0,89,185,83,238,166,42
00306 features=703 size=19 p=10 tap=30 reset=false scheme=4 ops=0,1,0,0,0,2,2,1,1,1,0,0,0,0,0,1,3,2,3,0,0,0,2,0,3,2,2,3,2,2,0,0,3,2,3,3,3,3,3,0,3,2,1,2,0,1,1,1,1,3,0,0,0,2,2,0,3,0,3,0,2,3,1,0 ks=0,0,75,0,0,76,0,167,0,0,0,0,53,0,0,249,0,93,0,0,0,0,0,0,0,112,0,198,87,48,172,0,0,0,0,0,0,0,155,0,0,0,32,181,0,63,0,0,0,201,0,0,143,0,0,0,16,0,0,0,0,191,0,0
00307 features=915 size=64 p=2 tap=40 reset=true scheme=3 ops=1,1,2,0,3,2,3,0,3,2,2,3,3,0,2,3,1,2,1,3,0,0,0,0,1,0,1,0,1,3,3,2,1,1,1,2,3,2,0,2,1,1,0,0,1,2,0,2,3,3,3,1,3,0,1,0,0,0,3,0,1,3,2,1 ks=247,173,10,223,164,48,179,7,217,9,67,248,7,246,43,50,164,59,230,140,232,144,138,133,86,14,254,215,178,250,80,109,250,248,249,78,97,236,80,71,14,84,223,106,125,106,186,200,30,109,125,18,90,54,75,113,181,166,205,179,246,75,17,13
00308 features=982 size=64 p=1 tap=28 reset=false scheme=4 ops=0,0,0,0,0,0,0,0,3,1,2,1,0,2,3,3,2,3,3,0,1,1,2,2,0,0,3,3,3,0,0,0,0,3,1,0,0,0,2,3,1,2,1,3,1,1,3,2,1,0,3,2,3,3,0,2,2,2,0,3,1,1,1,1 ks=123,18,226,225,84,226,243,77,35,204,188,36,149,119,49,136,216,134,199,150,105,95,202,156,7,213,72,121,251,89,187,47,216,75,245,250,121,121,122,16,35,51,106,166,212,247,55,216,3,83,115,241,188,79,239,134,112,83,236,182,88,165,252,192
00309 features=998 size=63 p=5 tap=5 reset=true scheme=0 ops=1,0,2,2,3,3,2,0,1,1,1,2,2,0,1,2,0,3,2,3,1,0,3,3,0,0,1,2,3,1,1,0,2,0,2,3,1,1,3,1,3,1,0,1,0,0,0,3,2,1,3,1,1,0,2,0,0,1,3,0,1,3,1,1 ks=157,172,96,196,22,131,17,177,110,92,135,153,32,49,108,158,251,132,47,176,41,105,173,219,226,84,1,69,101,11,164,167,30,150,180,168,0,246,192,189,9,104,137,63,179,110,10,176,209,164,90,182,129,138,166,189,114,111,209,125,226,135,16,67
00310 features=957 size=63 p=1 tap=7 reset=true scheme=3 ops=0,1,0,2,1,0,0,3,1,0,1,2,3,0,1,0,1,3,1,1,0,1,1,3,3,0,1,1,1,1,2,3,0,3,2,0,2,3,2,0,1,2,2,3,1,3,1,2,1,1,1,1,2,0,2,1,0,0,3,1,0,2,3,0 ks=32,96,140,0,230,75,204,64,69,71,33,66,207,97,200,254,11,21,170,166,116,7,247,116,227,90,251,22,68,110,84,16,184,1,160,130,242,123,72,87,161,77,28,34,86,10,74,74,216,117,1,205,207,182,160,58,218,194,255,224,66,123,126,17
00311 features=861 size=39 p=2 tap=8 reset=false scheme=3 ops=1,3,2,0,1,3,2,0,3,3,2,0,2,2,0,0,1,2,2,1,0,0,3,3,1,3,1,2,0,2,0,0,3,3,3,3,0,0,0,2,1,2,1,2,0,2,1,1,0,2,3,2,0,3,0,3,2,2,3,3,2,3,3,2 ks=110,218,0,0,0,103,235,0,248,6,0,116,198,207,54,0,133,0,0,224,67,193,0,0,246,112,178,0,34,151,0,53,0,193,0,0,0,62,202,101,119,63,0,185,0,56,0,24,134,171,134,91,255,0,0,0,181,0,108,118,153,171,0,0
00312 features=772 size=45 p=5 tap=24 reset=false scheme=0 ops=1,0,3,3,1,0,1,3,0,0,2,1,3,1,3,3,3,1,3,3,2,2,1,1,3,2,2,1,1,3,2,1,0,0,0,0,2,3,3,2,3,3,1,3,1,2,0,0,0,2,2,0,1,2,1,0,3,0,2,0,3,3,3,3 ks=220,124,0,166,154,0,0,119,19,171,167,48,0,0,0,0,223,69,26,31,86,0,26,187,39,37,0,153,63,155,76,0,24,0,83,0,98,0,120,0,196,23,215,0,154,14,156,32,0,177,0,188,220,0,99,0,157,249,109,118,27,141,129,18
00313 features=791 size=22 p=10 tap=1 reset=true scheme=5 ops=1,3,3,2,0,3,1,0,1,1,1,2,1,0,3,3,0,0,3,3,1,2,2,2,3,1,1,0,2,1,3,1,0,2,2,2,2,3,1,0,2,2,0,2,1,1,2,1,2,2,0,0,1,1,3,2,3,0,0,0,3,1,3,0 ks=0,74,0,0,234,0,0,144,0,51,0,212,0,0,0,0,0,220,38,69,0,0,117,0,0,0,0,30,0,0,1,0,32,100,0,0,222,130,0,0,0,0,0,193,0,0,168,0,0,0,30,0,40,209,0,0,29,0,0,0,0,0,27,0
00314 features=882 size=50 p=2 tap=45 reset=true scheme=0 ops=2,2,2,0,3,2,0,1,1,3,0,0,1,0,1,0,3,0,1,0,1,0,2,0,2,0,0,1,1,3,1,1,3,3,2,3,2,0,0,0,0,3,3,3,1,0,2,1,1,3,2,0,3,3,1,2,1,0,3,1,1,1,1,2 ks=106,183,138,0,60,68,39,77,106,153,4,140,114,119,87,0,185,71,28,143,51,0,0,83,233,120,163,0,106,46,0,58,77,0,119,242,21,18,79,186,210,63,179,95,207,0,43,25,238,175,0,252,168,168,10,208,0,194,0,0,28,0,0,158
00315 features=703 size=16 p=10 tap=25 reset=true scheme=3 ops=0,2,1,3,1,3,3,0,1,3,1,3,2,1,2,0,3,3,0,3,0,1,0,3,1,0,1,1,1,0,0,3,3,0,1,0,1,3,3,2,2,1,0,3,1,3,3,3,0,0,2,0,3,0,1,3,2,0,1,1,0,0,0,1 ks=0,0,120,0,0,0,195,0,0,203,182,0,104,0,0,0,0,0,0,21,0,0,0,0,39,0,0,0,0,117,0,161,0,0,0,125,129,0,0,42,0,0,0,0,0,0,6,40,0,0,0,0,0,0,150,0,0,0,0,0,0,140,0,0
00316 features=759 size=21 p=10 tap=34 reset=false scheme=4 ops=0,0,0,1,2,0,2,2,0,1,1,0,2,1,2,1,1,2,0,0,0,2,1,2,2,1,0,1,1,2,3,1,2,3,1,3,1,0,1,3,3,1,2,2,2,1,0,3,2,1,2,0,1,0,1,3,0,2,3,1,0,0,1,0 ks=6,0,0,0,3,18,0,20,0,0,0,193,0,0,0,0,110,0,103,0,45,0,0,0,0,0,0,0,173,0,0,3,70,0,0,149,239,220,252,0,53,0,0,0,0,147,0,0,0,0,0,0,0,0,0,217,0,45,0,0,217,0,0,90
00317 features=960 size=43 p=1 tap=13 reset=true scheme=5 ops=3,1,2,1,2,3,3,1,2,1,0,2,3,3,0,3,1,2,3,2,1,2,0,0,1,3,1,2,1,0,0,1,0,2,3,3,0,3,2,2,1,0,3,3,3,0,3,0,0,2,3,0,0,0,2,1,1,2,0,1,3,1,3,3 ks=253,4,0,3,252,16,0,0,141,0,67,0,0,251,0,13,15,159,0,95,76,0,0,77,170,179,0,1,0,0,114,118,0,156,0,168,224,137,223,86,6,195,142,48,206,0,29,88,180,26,224,0,0,190,0,86,42,3,13,213,104,0,0,39
00318 features=802 size=21 p=2 tap=42 reset=true scheme=5 ops=2,3,3,0,2,0,3,1,0,0,1,0,3,2,2,1,1,3,1,2,2,2,1,2,0,1,0,1,2,1,0,1,2,3,1,1,3,0,0,2,3,0,1,0,3,2,3,0,3,1,2,1,0,2,0,0,2,2,0,3,0,1,1,3 ks=0,0,0,109,172,0,0,0,0,0,0,0,103,0,221,7,0,223,0,0,0,0,0,148,154,0,0,84,0,0,8,0,0,0,0,0,69,0,0,0,0,0,0,59,184,0,0,0,97,0,0,119,0,50,0,164,0,159,0,96,54,108,0,0
00319 features=889 size=51 p=1 tap=35 reset=false scheme=4 ops=3,3,1,2,0,2,3,2,0,3,2,3,2,1,0,2,1,0,1,3,2,1,1,2,1,1,2,0,3,0,0,2,3,2,3,0,0,0,0,2,0,2,3,0,1,1,3,0,2,0,1,0,0,2,1,3,0,2,1,1,3,0,2,3 ks=219,16,39,73,4,0,0,69,105,0,0,144,0,0,245,181,138,37,122,79,246,71,203,0,130,0,178,144,224,209,1,230,199,231,0,141,0,236,121,235,205,224,4,182,139,37,97,76,0,166,170,251,41,0,216,172,112,233,241,204,195,5,123,0
00320 features=798 size=39 p=2 tap=18 reset=false scheme=5 ops=2,2,1,3,1,1,2,2,3,3,1,0,2,0,1,1,2,1,3,1,2,3,3,0,3,1,3,2,2,2,0,1,3,2,0,0,1,0,0,2,3,2,3,1,1,2,0,3,2,0,2,1,2,0,2,1,2,0,1,0,2,0,0,0 ks=166,0,199,121,82,0,170,49,70,250,222,215,0,85,61,0,122,196,173,0,0,0,186,45,41,139,251,0,238,0,0,197,0,197,0,187,0,39,0,0,0,0,142,203,0,223,142,0,123,246,0,0,0,0,196,109,0,37,233,106,0,150,150,25
00321 features=809 size=25 p=1 tap=58 reset=true scheme=3 ops=1,2,2,3,1,1,2,0,2,0,3,3,2,0,0,2,2,1,2,2,3,3,3,3,1,1,0,0,2,3,3,3,3,3,1,1,1,3,3,0,1,0,2,2,1,1,3,2,0,3,1,0,1,3,1,2,0,0,3,3,2,1,2,3 ks=0,10,0,0,0,0,130,0,163,0,14,86,0,0,0,0,0,182,0,189,0,184,0,96,0,0,0,0,253,0,237,207,52,0,49,78,0,39,0,43,0,162,0,0,0,195,22,127,0,0,118,0,0,0,210,0,169,60,0,0,0,0,0,0
00322 features=936 size=43 p=10 tap=32 reset=true scheme=3 ops=2,2,3,2,1,1,3,2,0,1,1,1,2,2,3,3,3,2,3,3,2,3,2,1,1,2,3,0,1,3,2,2,3,1,0,1,2,0,1,2,2,1,3,1,1,0,0,1,2,1,1,0,3,2,2,0,3,1,3,2,3,2,2,1 ks=0,0,125,0,125,101,165,77,56,0,181,0,0,0,105,0,110,5,149,0,0,66,171,176,143,178,135,0,0,123,0,0,11,0,54,173,70,182,126,207,79,191,13,153,95,0,70,13,0,224,254,198,6,0,33,0,198,0,170,66,55,68,0,190
00323 features=753 size=25 p=10 tap=15 reset=false scheme=5 ops=2,3,1,3,2,2,0,3,3,0,0,0,2,3,2,3,1,2,0,2,2,2,3,1,1,2,1,1,1,0,2,2,2,1,2,0,0,0,0,2,1,2,1,2,3,2,3,0,2,3,1,2,1,0,0,2,1,2,1,2,0,3,3,3 ks=0,57,0,214,0,0,0,0,0,95,0,0,0,23,0,0,0,0,114,0,92,109,0,59,149,0,254,126,44,203,0,129,0,0,0,63,0,0,58,101,0,0,0,115,0,0,0,83,96,0,0,247,0,0,110,200,0,0,0,0,0,13,0,226
00324 features=815 size=18 p=2 tap=44 reset=true scheme=2 ops=0,3,1,2,0,2,3,3,3,3,0,3,0,1,2,0,3,3,3,1,2,2,1,1,1,2,0,2,1,3,1,2,1,1,0,3,2,1,0,3,3,3,3,1,1,1,3,0,0,2,1,0,2,0,2,0,1,1,2,2,3,0,0,2 ks=0,0,0,65,0,0,162,0,0,0,0,0,208,0,0,0,0,0,185,0,0,0,171,182,209,2,0,253,0,0,0,0,0,60,0,0,0,0,249,0,0,218,0,0,93,14,0,0,251,229,232,0,0,0,0,0,0,0,0,0,0,0,36,0
00325 features=963 size=64 p=5 tap=51 reset=true scheme=3 ops=1,0,2,1,3,3,0,1,2,2,0,3,3,0,2,1,1,3,1,1,2,2,3,3,1,3,1,1,2,1,2,2,2,2,3,2,0,0,0,0,3,2,0,3,2,2,3,0,3,1,0,0,3,1,1,0,1,1,0,2,0,3,3,1 ks=25,88,18,26,126,27,153,30,106,191,123,131,66,248,35,43,169,56,135,246,57,2,238,40,226,100,217,113,146,81,155,111,125,221,157,32,11,50,236,217,154,170,60,196,121,254,197,16,237,59,159,145,124,124,198,255,161,67,46,75,74,204,214,186
00326 features=728 size=18 p=1 tap=9 reset=false scheme=5 ops=2,3,3,1,0,0,1,3,3,1,3,2,0,2,0,1,1,1,3,1,1,2,3,1,0,2,3,0,0,3,3,1,0,3,2,1,0,0,1,2,3,0,1,2,3,2,2,0,2,2,3,0,0,2,2,2,0,2,0,3,3,0,0,0 ks=44,2,135,0,195,0,0,248,0,102,0,0,0,0,0,0,0,0,0,203,0,130,0,30,0,0,0,0,0,0,0,220,0,0,0,0,0,36,0,0,0,177,154,0,162,0,0,0,0,0,0,0,201,0,0,0,73,217,0,0,0,0,208,0
00327 features=1014 size=64 p=5 tap=61 reset=true scheme=2 ops=1,0,3,2,2,3,1,2,1,1,3,3,2,1,1,1,2,3,0,2,1,1,2,1,1,1,0,0,0,0,3,3,3,3,1,0,3,1,3,3,3,1,3,0,0,2,3,2,1,1,3,0,0,2,0,0,0,2,2,2,3,3,1,1 ks=205,220,238,98,107,127,98,89,98,251,79,24,243,238,13,71,58,57,232,41,106,227,175,5,209,109,47,185,181,55,179,128,33,136,136,42,81,49,7,28,250,238,248,90,97,125,248,105,91,189,161,9,252,66,188,8,36,26,42,110,123,224,248,183
00328 features=866 size=43 p=1 tap=3 reset=true scheme=3 ops=0,3,2,0,2,1,3,1,3,3,1,0,0,3,2,2,1,2,2,0,0,3,2,2,2,0,1,1,2,3,2,2,2,2,0,0,2,3,0,3,3,2,2,1,2,0,3,2,3,3,1,1,3,1,1,3,0,3,1,1,0,3,3,1 ks=173,0,0,243,214,106,192,217,181,132,175,124,142,0,21,119,0,88,97,234,0,205,200,0,0,0,214,3,0,0,198,175,0,0,0,199,177,0,0,108,110,4,158,166,17,22,0,63,207,0,23,0,4,43,37,4,51,58,130,240,0,0,0,204
00329 features=493 size=21 p=10 tap=27 reset=false scheme=5 ops=2,1,0,0,3,0,0,0,2,3,1,2,1,3,0,1,3,3,0,0,3,0,3,3,0,2,2,2,0,2,0,2,3,2,2,3,1,1,3,2,2,1,0,3,1,1,2,1,3,3,1,0,1,0,1,2,1,3,2,0,2,1,0,3 ks=0,0,0,0,0,0,236,178,0,109,252,0,0,124,0,0,0,122,0,0,48,0,0,134,0,5,197,46,0,0,0,0,0,0,0,0,0,212,0,0,0,107,88,0,0,0,45,0,0,0,119,0,100,90,213,0,0,0,103,205,0,0,0,0
00330 features=693 size=20 p=5 tap=49 reset=false scheme=5 ops=1,1,1,2,0,1,2,1,1,3,0,3,1,3,1,3,0,3,0,2,1,1,1,0,0,3,1,2,2,0,1,2,1,0,3,3,2,2,3,1,3,0,3,3,0,1,0,0,3,3,2,2,1,3,2,1,3,3,3,0,0,0,2,0 ks=0,0,68,210,36,60,0,0,0,0,119,0,110,64,0,0,0,21,0,0,0,0,0,124,0,0,0,238,113,0,0,0,0,44,0,207,0,150,0,0,229,0,0,0,0,0,0,0,224,0,120,0,253,0,0,0,0,0,62,0,205,0,0,0
00331 features=827 size=22 p=5 tap=32 reset=true scheme=1 ops=2,1,3,1,0,2,0,1,0,3,1,2,3,3,2,2,0,0,3,3,2,2,3,0,1,1,0,3,0,1,3,3,1,2,0,1,0,2,0,0,1,3,1,2,2,1,1,0,1,2,1,0,2,2,3,0,1,2,1,0,1,1,2,2 ks=0,66,56,0,0,0,249,0,40,0,0,0,0,0,169,187,0,0,0,0,0,0,251,0,0,0,0,0,202,0,0,154,0,0,0,6,94,0,0,0,0,220,19,151,0,249,0,0,0,0,0,0,178,0,0,189,0,50,175,0,83,191,0,16
00332 features=970 size=41 p=1 tap=56 reset=true scheme=5 ops=2,1,1,0,2,0,2,1,2,2,0,0,2,0,3,3,0,1,3,0,3,3,1,2,3,3,1,3,2,3,2,0,0,2,2,0,2,0,2,0,1,3,0,3,2,3,2,3,3,0,2,3,2,3,0,3,1,0,0,0,2,3,2,0 ks=0,0,83,62,198,46,0,181,0,96,215,108,0,240,30,190,192,233,230,67,26,0,57,196,60,109,234,0,100,128,118,0,25,0,0,201,24,50,5,0,83,176,85,0,95,2,141,0,187,0,73,0,0,0,0,92,0,99,0,60,82,0,0,0
00333 features=786 size=21 p=5 tap=12 reset=true scheme=3 ops=2,2,3,0,0,2,0,0,1,3,2,1,0,1,3,3,0,2,3,3,2,1,0,3,1,2,1,3,1,3,0,1,3,3,1,2,0,1,2,2,3,2,2,0,3,3,0,0,0,3,0,3,1,3,3,3,2,2,0,1,3,2,0,2 ks=82,0,0,52,215,0,0,0,0,153,0,0,0,0,0,0,0,237,0,0,0,0,0,0,79,0,0,0,0,0,0,237,65,78,53,0,0,0,0,67,0,0,0,0,27,213,0,7,0,181,0,126,0,0,225,54,0,90,111,0,18,0,0,0
00334 features=777 size=28 p=10 tap=50 reset=false scheme=2 ops=2,3,1,1,1,3,2,1,1,2,2,0,3,3,3,3,1,1,2,2,3,3,1,0,0,0,2,2,1,3,3,2,1,3,2,1,3,3,2,2,0,1,2,2,0,3,0,3,0,3,3,2,0,0,0,2,0,1,3,1,3,3,3,0 ks=156,140,186,142,0,0,21,0,0,0,0,227,170,0,0,122,0,0,0,0,212,0,0,233,144,18,0,24,0,0,0,0,0,161,0,0,0,172,0,0,147,74,0,24,0,175,0,0,0,253,222,0,0,15,28,112,0,0,63,145,0,231,0,147
00335 features=782 size=23 p=2 tap=28 reset=true scheme=1 ops=3,2,0,3,3,3,2,1,0,3,1,3,2,3,3,0,1,3,2,0,2,2,1,3,3,0,0,3,1,1,2,0,3,3,1,0,1,3,3,3,0,3,0,3,2,3,2,3,1,0,0,0,3,0,2,3,3,1,2,3,3,0,0,0 ks=100,148,0,0,15,0,0,151,0,140,0,0,100,0,0,0,0,0,0,0,0,0,0,0,0,250,0,79,70,0,0,22,0,255,89,111,0,0,0,0,239,0,161,0,0,135,158,0,207,0,0,40,0,0,0,0,0,0,0,235,64,0,26,9
00336 features=898 size=41 p=10 tap=14 reset=true scheme=3 ops=3,1,2,3,3,1,1,3,3,1,0,3,0,1,3,0,2,0,3,0,0,3,1,2,1,2,2,3,0,2,2,0,0,0,2,2,3,3,2,0,0,1,1,0,2,1,0,0,3,1,1,0,3,2,2,2,1,0,0,3,1,3,0,0 ks=0,149,43,0,106,0,159,88,190,0,88,15,0,53,23,217,0,0,0,69,20,0,225,0,221,77,209,0,0,0,58,80,40,0,249,106,53,150,31,0,0,250,131,204,0,0,210,165,233,0,82,97,0,29,209,14,213,69,146,0,147,0,0,170
00337 features=645 size=25 p=10 tap=14 reset=false scheme=5 ops=3,1,1,0,3,3,3,0,1,3,0,1,2,3,2,2,1,3,1,3,1,2,0,0,2,3,1,3,1,0,3,1,1,1,0,2,2,0,0,2,1,1,2,3,3,3,2,3,0,1,1,2,0,0,1,2,3,3,3,0,3,3,2,0 ks=101,0,0,169,0,0,83,49,0,0,0,57,0,0,0,0,0,0,0,0,90,154,80,88,3,0,228,140,0,200,37,210,0,0,0,150,0,64,0,0,168,205,0,12,0,0,168,0,0,252,0,0,0,0,0,0,191,79,0,152,0,0,0,0
00338 features=784 size=20 p=10 tap=4 reset=true scheme=4 ops=2,1,1,3,3,1,2,0,1,0,3,2,0,0,1,2,1,3,1,2,1,2,2,2,1,3,0,0,0,2,0,1,1,3,0,3,3,2,3,1,1,1,0,1,2,3,3,3,3,1,2,1,2,0,3,3,1,3,0,1,2,2,3,3 ks=98,46,0,0,18,0,0,0,206,141,0,0,116,0,0,0,0,0,0,148,0,0,185,209,0,0,0,0,0,0,0,0,108,42,0,0,75,77,0,0,0,0,164,0,0,0,0,0,0,47,0,0,0,0,252,0,0,166,211,174,0,71,0,0
00339 features=787 size=18 p=5 tap=35 reset=false scheme=1 ops=1,1,2,0,1,1,1,1,3,1,3,0,3,2,0,2,3,0,2,2,0,3,0,1,3,0,2,3,3,2,2,3,3,2,1,0,3,0,3,3,2,2,3,1,3,2,2,2,3,1,1,0,0,1,2,1,2,2,0,0,2,0,1,1 ks=0,0,216,0,0,0,0,0,232,0,0,141,0,0,0,75,0,211,0,0,0,0,0,193,40,0,0,0,85,99,0,77,0,0,115,0,123,0,0,0,0,0,94,0,144,0,0,0,0,239,0,0,150,0,0,0,21,0,223,0,0,0,0,0
00340 features=884 size=48 p=2 tap=35 reset=true scheme=2 ops=3,3,2,2,2,1,1,1,2,1,1,2,1,2,3,2,0,1,1,1,1,2,3,2,1,0,2,0,1,1,2,2,3,1,3,2,2,1,3,1,3,0,0,2,0,2,2,3,2,1,2,1,0,0,1,0,0,2,3,1,2,0,2,0 ks=0,153,49,214,0,208,0,0,0,207,46,204,0,235,114,139,32,168,29,226,147,0,246,178,109,251,200,91,193,236,182,239,0,0,0,225,0,0,177,9,130,245,185,128,135,157,88,0,26,0,0,82,179,212,206,153,154,205,79,181,35,3,238,0
00341 features=759 size=18 p=2 tap=25 reset=false scheme=2 ops=3,2,2,1,2,2,1,1,0,1,0,2,0,2,3,1,2,3,2,3,0,2,3,2,2,3,2,2,0,0,2,0,0,1,1,0,1,3,1,1,0,1,2,2,2,1,0,2,3,0,1,3,0,1,0,1,0,1,1,0,1,0,3,3 ks=0,211,0,0,250,0,0,0,0,163,0,0,0,0,0,135,147,0,0,80,0,0,0,0,150,0,0,0,0,0,0,0,0,0,0,0,8,219,0,0,0,210,0,0,0,112,0,0,0,62,0,0,13,0,0,0,216,147,25,0,22,0,169,0
00342 features=952 size=64 p=1 tap=37 reset=true scheme=3 ops=1,3,1,2,0,0,3,3,0,1,2,1,2,0,0,0,0,1,0,3,3,1,1,0,0,2,2,3,3,2,3,2,0,2,2,2,0,3,2,0,1,0,2,0,3,2,1,3,0,2,0,2,2,1,2,1,0,1,1,0,2,1,3,2 ks=85,232,53,205,140,227,125,226,236,213,162,35,221,232,221,73,214,26,219,224,12,211,200,90,4,220,157,131,27,141,191,106,131,30,109,192,78,6,231,231,235,168,4,238,191,4,211,162,86,106,96,52,175,194,236,67,252,166,213,115,176,231,210,236
00343 features=886 size=21 p=5 tap=52 reset=true scheme=1 ops=3,2,2,3,2,2,3,3,3,3,0,2,2,1,1,3,1,0,2,0,0,0,3,1,0,0,2,1,0,1,0,3,0,1,2,0,0,0,3,1,2,1,0,3,0,3,0,2,3,2,3,0,3,0,3,2,3,2,0,2,2,1,1,3 ks=182,0,247,0,177,0,0,136,0,0,0,137,0,0,57,0,0,0,121,0,0,0,26,165,0,91,109,0,119,0,0,0,0,0,2,0,0,0,0,0,0,0,0,179,5,243,0,0,126,0,0,0,248,0,179,143,0,10,0,0,0,0,0,0
00344 features=845 size=49 p=10 tap=28 reset=true scheme=3 ops=1,3,0,0,0,0,0,3,0,3,1,1,2,0,3,1,0,3,1,2,0,0,0,0,2,0,0,2,3,0,3,3,2,3,3,2,1,1,1,2,3,0,1,1,1,3,1,2,2,1,2,3,3,2,3,3,1,2,3,0,0,1,1,0 ks=0,111,182,11,73,182,168,0,1,3,2,0,213,80,80,115,43,0,73,0,0,0,198,75,0,173,6,104,134,177,168,0,3,96,187,11,60,160,226,34,0,77,212,0,171,36,27,0,191,197,47,224,208,0,202,47,23,83,0,128,0,67,235,53
00345 features=1002 size=64 p=10 tap=32 reset=true scheme=5 ops=2,2,3,3,3,3,3,0,0,0,3,2,0,3,0,0,0,1,2,1,2,3,1,3,1,0,1,0,3,1,0,3,3,3,3,2,1,2,0,2,3,0,1,3,1,1,2,2,3,3,3,1,3,0,2,2,2,0,3,0,0,2,0,3 ks=78,245,80,41,193,204,144,68,207,21,186,29,124,251,105,220,210,228,64,185,222,94,184,19,73,169,200,207,199,5,73,80,29,24,199,39,54,60,148,204,48,202,146,77,222,51,46,102,80,227,198,54,18,104,175,97,194,252,207,206,1,84,209,165
00346 features=883 size=41 p=10 tap=9 reset=false scheme=1 ops=2,3,1,2,0,1,0,3,3,2,1,2,2,1,0,1,2,2,0,3,0,2,0,0,3,1,2,2,0,1,1,3,3,0,3,1,2,2,0,0,2,2,0,2,0,1,1,0,1,3,3,2,2,1,0,0,0,2,2,0,1,1,2,2 ks=194,151,115,0,253,153,0,0,117,62,72,227,87,0,0,44,0,246,147,164,0,147,0,28,17,145,121,59,200,0,11,0,60,0,234,74,199,225,0,0,0,214,62,0,92,0,239,0,51,0,0,66,159,141,0,0,141,25,87,0,0,27,46,234
00347 features=813 size=40 p=2 tap=55 reset=true scheme=3 ops=0,1,0,3,2,1,0,2,2,0,3,1,2,3,2,2,0,0,0,0,2,1,3,1,1,2,2,2,3,0,0,3,0,0,2,1,0,3,3,0,1,1,1,1,1,3,1,2,3,3,1,2,0,0,1,1,2,2,1,0,3,2,0,3 ks=207,0,226,34,147,111,47,0,15,76,169,0,0,88,0,0,0,17,76,175,0,0,81,55,118,61,0,0,89,77,243,87,55,0,222,79,239,0,171,131,0,179,189,0,27,0,0,0,74,29,201,0,180,247,0,0,0,168,246,116,87,133,0,0
00348 features=977 size=64 p=10 tap=4 reset=true scheme=3 ops=0,2,1,0,3,0,1,2,0,1,0,0,1,3,2,0,0,0,3,1,1,3,2,0,0,2,1,3,3,0,2,1,3,0,1,2,2,2,3,2,0,1,0,3,3,1,0,1,3,2,1,1,2,2,2,1,3,2,3,3,2,0,3,2 ks=174,29,224,96,95,57,190,149,243,192,96,70,125,219,165,159,150,125,90,237,174,119,224,47,77,34,131,31,29,30,207,95,233,159,126,14,186,182,132,112,26,29,127,88,139,88,152,222,149,15,86,55,181,1,130,113,71,175,6,213,82,157,234,42
00349 features=980 size=64 p=1 tap=44 reset=true scheme=3 ops=0,1,2,3,0,1,2,3,1,2,1,3,3,0,1,3,2,0,2,3,0,3,1,1,2,2,3,1,2,2,3,3,2,2,2,1,2,3,0,1,2,1,1,2,3,3,2,1,1,1,1,1,2,1,3,3,3,2,0,0,3,0,3,1 ks=88,75,237,165,244,21,232,109,79,162,83,46,90,143,107,177,67,248,6,244,53,51,241,29,114,236,189,172,57,21,243,247,62,6,224,175,233,233,255,154,110,61,247,227,72,213,154,235,243,209,184,59,2,232,75,201,239,117,18,122,72,43,60,16
00350 features=896 size=43 p=10 tap=32 reset=true scheme=3 ops=3,1,2,0,3,0,2,2,2,2,1,2,1,2,1,2,0,1,1,1,0,0,3,0,1,3,2,1,2,2,1,2,3,1,2,2,1,1,1,3,0,2,1,3,1,0,3,2,1,0,1,2,1,2,2,0,3,3,1,2,2,2,1,3 ks=0,163,0,125,221,119,0,117,225,164,124,145,0,0,72,171,146,0,0,0,85,169,232,27,68,54,0,174,0,113,192,245,247,39,105,0,64,0,1,5,0,56,155,65,0,0,12,151,154,111,149,0,0,40,79,0,43,0,203,0,215,0,147,37
00351 features=1006 size=64 p=5 tap=8 reset=false scheme=1 ops=2,2,1,3,2,3,3,3,3,2,1,1,0,3,0,3,2,2,3,3,0,3,2,0,2,2,1,2,1,3,0,1,1,0,1,3,2,0,3,1,1,0,0,0,1,0,2,0,0,3,1,0,2,1,0,0,1,1,3,1,2,2,2,2 ks=165,250,42,198,40,63,41,214,74,82,235,238,107,90,205,47,8,251,204,133,189,164,176,246,104,75,31,158,134,103,77,77,104,80,236,252,202,37,95,49,84,164,137,51,194,231,232,154,194,52,231,213,117,79,126,64,224,29,10,216,204,109,242,148
00352 features=762 size=20 p=5 tap=45 reset=true scheme=3 ops=0,3,0,1,3,0,2,0,0,0,2,0,3,3,3,3,1,3,2,2,0,0,0,1,1,2,2,0,2,3,3,1,3,2,2,3,2,3,0,1,3,2,2,3,1,1,0,0,2,3,2,3,1,0,0,3,1,2,3,1,1,1,2,1 ks=0,114,0,153,21,0,0,0,0,0,0,0,211,0,0,0,176,81,0,0,0,127,0,0,0,237,0,180,0,0,0,0,0,208,0,166,186,0,96,0,0,0,0,133,0,0,0,0,62,0,235,0,0,242,0,1,0,0,97,72,0,0,0,0
00353 features=707 size=18 p=2 tap=9 reset=false scheme=4 ops=2,0,2,2,2,2,3,3,3,0,1,3,1,1,1,1,2,1,2,1,1,3,2,2,2,0,0,1,1,0,0,0,0,1,3,2,3,1,2,1,2,2,2,0,2,2,1,1,0,1,3,1,2,3,3,1,1,3,2,2,3,1,3,1 ks=0,250,0,17,45,0,0,0,139,0,0,0,0,207,210,0,0,0,0,158,59,0,0,0,0,0,175,224,0,0,0,0,0,0,249,0,233,0,10,0,0,0,0,0,0,0,0,0,0,0,0,0,138,0,133,0,0,152,0,96,0,83,0,0
00354 features=763 size=21 p=10 tap=56 reset=true scheme=1 ops=2,0,2,3,3,3,1,0,1,0,1,1,3,3,1,1,1,0,3,0,2,2,0,3,3,0,0,2,0,3,1,3,1,3,3,0,1,3,1,1,1,3,2,2,3,3,2,2,2,1,0,1,3,2,3,2,0,1,3,3,3,3,3,1 ks=0,219,239,232,98,157,0,0,75,127,186,0,0,0,0,0,0,0,0,178,0,44,0,0,213,129,197,0,0,0,116,0,0,0,0,0,67,0,0,0,0,0,233,0,0,231,0,0,0,0,0,0,0,0,164,0,27,0,0,16,0,178,0,0
00355 features=842 size=39 p=5 tap=39 reset=true scheme=3 ops=1,1,3,2,3,0,2,2,3,2,0,0,1,1,3,1,2,1,0,3,1,2,3,1,1,1,1,3,2,2,1,1,1,0,2,1,0,3,2,3,0,3,0,2,2,0,1,3,3,0,1,0,3,1,3,2,2,3,1,2,2,2,2,3 ks=190,93,7,0,0,214,69,1,211,116,0,210,59,0,98,185,0,0,0,92,187,0,192,88,0,0,32,82,161,125,0,86,177,201,6,115,47,0,0,0,0,0,156,0,0,78,252,220,0,6,0,0,0,197,0,176,125,0,149,119,172,235,174,0
00356 features=627 size=22 p=1 tap=7 reset=true scheme=3 ops=1,3,1,3,2,1,3,1,3,3,1,1,2,1,1,2,2,3,1,0,2,0,1,3,3,3,1,3,1,3,0,1,0,1,1,2,3,0,3,0,1,1,3,0,3,3,3,3,0,2,0,0,2,1,3,3,2,0,0,0,2,0,3,3 ks=0,0,0,0,222,34,0,0,0,0,0,0,0,0,0,0,238,14,0,0,0,49,0,156,0,236,0,154,0,61,0,0,0,0,33,155,0,162,184,0,4,0,0,163,0,0,0,0,0,150,0,0,239,0,0,249,0,233,57,57,0,14,0,0
00357 features=798 size=20 p=10 tap=56 reset=true scheme=5 ops=3,2,0,2,2,3,2,1,3,1,1,3,1,3,3,1,2,0,3,1,1,2,1,0,3,3,0,0,1,2,1,2,3,2,1,2,3,1,1,3,3,3,3,3,3,0,2,2,2,0,3,1,1,2,3,0,3,0,3,0,0,2,3,0 ks=193,0,0,0,123,0,0,0,0,193,80,116,235,0,0,0,118,0,0,0,0,0,0,0,12,0,0,0,0,0,0,75,0,0,8,0,7,9,4,0,0,0,0,114,32,0,0,157,0,0,0,0,0,0,0,0,103,199,0,134,0,253,0,0
00358 features=746 size=16 p=10 tap=9 reset=false scheme=1 ops=3,1,2,0,2,0,2,3,3,1,1,2,3,3,2,0,2,1,1,3,1,0,2,0,0,3,3,0,1,0,3,0,2,2,2,2,1,1,3,0,1,0,1,1,1,0,1,0,0,2,0,2,0,3,0,3,2,2,1,2,0,1,2,0 ks=0,0,0,197,0,0,0,0,0,0,161,0,250,0,0,60,0,0,255,0,12,0,218,0,0,0,0,0,0,0,120,0,21,0,0,0,0,0,0,0,0,0,172,0,0,200,0,159,0,94,153,134,0,0,0,0,0,0,0,0,160,0,0,0
00359 features=834 size=20 p=10 tap=22 reset=true scheme=0 ops=2,2,0,2,2,3,1,0,1,0,0,3,2,1,3,2,2,3,0,0,0,3,0,1,1,0,0,3,1,1,2,2,0,3,2,0,1,3,2,3,0,0,1,1,3,1,1,2,0,1,1,2,1,1,2,1,3,0,1,0,0,2,0,0 ks=0,180,0,0,0,142,0,59,0,0,0,227,0,237,0,0,0,0,0,59,0,0,76,138,0,98,0,127,0,2,4,0,0,0,0,154,57,0,0,0,0,73,203,0,0,0,0,0,0,0,0,109,14,207,0,0,135,0,0,0,0,0,0,0
00360 features=703 size=20 p=1 tap=56 reset=true scheme=3 ops=0,1,1,0,0,0,0,1,2,3,3,0,0,1,0,1,2,1,0,3,0,0,1,0,3,3,0,3,2,1,1,2,3,1,2,0,1,2,2,1,2,2,2,3,2,3,1,3,2,3,3,2,3,3,0,0,1,2,0,0,1,2,1,2 ks=0,0,15,0,0,0,0,0,0,0,28,0,215,0,0,173,0,200,0,0,0,254,0,90,0,0,0,0,6,0,121,111,0,0,70,228,29,0,0,0,41,106,4,0,0,0,0,0,0,118,0,0,0,0,0,0,0,0,78,71,0,0,222,0
00361 features=881 size=48 p=10 tap=13 reset=true scheme=3 ops=1,1,1,1,1,3,3,0,1,0,1,1,1,1,2,0,3,2,2,2,3,3,0,1,0,3,2,0,3,0,2,3,0,1,3,0,2,3,3,2,1,1,0,2,3,0,2,3,2,2,3,1,2,0,0,0,2,1,1,0,3,3,0,2 ks=0,197,141,231,0,39,55,0,191,206,196,113,240,0,0,0,108,66,91,180,0,166,86,207,0,169,0,0,0,224,0,16,117,36,54,206,40,211,0,57,0,145,0,76,157,185,146,110,16,30,221,204,0,244,35,50,79,5,76,204,241,190,197,75
00362 features=873 size=48 p=1 tap=23 reset=true scheme=3 ops=1,3,0,1,3,0,1,2,2,2,3,0,3,2,1,1,2,3,2,2,1,0,3,0,3,3,1,3,0,3,1,1,2,0,0,0,1,0,1,2,1,1,1,0,2,1,3,0,1,0,2,2,2,0,0,1,0,3,2,1,1,1,1,3 ks=28,55,84,0,0,0,8,0,175,8,0,168,235,157,201,0,198,101,0,0,0,223,95,46,106,214,211,205,0,197,213,138,198,116,34,23,0,54,81,190,242,253,0,0,99,4,100,192,89,230,0,58,38,239,0,155,30,40,163,111,125,13,156,0
00363 features=847 size=43 p=5 tap=17 reset=true scheme=3 ops=2,0,2,1,3,0,0,3,1,2,2,3,3,3,3,0,1,3,0,3,3,1,3,0,3,0,0,2,0,0,2,2,1,2,0,0,3,3,1,3,1,1,3,1,0,0,1,1,1,2,2,3,3,1,3,0,3,1,2,3,1,1,0,0 ks=105,220,76,0,114,0,25,177,0,6,229,47,0,0,161,136,0,167,34,233,0,6,0,224,168,79,216,205,0,152,0,0,85,216,44,0,224,0,86,77,13,0,243,0,70,0,3,29,226,0,201,145,174,13,82,0,0,187,251,197,220,0,0,155
00364 features=821 size=22 p=1 tap=36 reset=true scheme=5 ops=1,0,2,2,1,1,1,1,2,2,0,2,1,0,2,2,1,3,2,1,2,0,1,0,3,3,1,0,1,3,2,2,3,0,1,3,1,1,0,0,2,3,0,3,1,0,1,1,3,0,3,1,0,2,3,0,3,0,2,2,3,3,1,1 ks=0,123,0,171,0,24,210,242,110,0,0,212,113,0,94,114,154,136,0,144,0,0,0,0,0,0,0,0,0,0,0,182,0,0,0,33,0,249,0,90,99,0,0,0,0,0,0,0,0,0,0,0,0,0,246,0,90,39,88,0,0,0,0,0
00365 features=835 size=22 p=1 tap=37 reset=true scheme=0 ops=1,0,0,1,2,3,2,3,0,3,0,0,3,0,3,2,3,3,1,2,1,0,1,0,1,3,3,2,3,1,0,1,1,1,3,2,2,1,2,2,2,2,0,3,2,3,0,3,0,2,2,2,1,2,3,3,3,3,0,0,0,3,1,0 ks=0,0,0,45,0,0,0,0,173,0,39,32,0,216,0,0,0,0,208,0,216,184,0,91,0,0,0,0,84,0,0,174,126,0,0,209,0,0,136,44,0,88,0,0,18,0,0,0,162,0,0,0,0,110,0,0,0,0,0,128,0,0,192,67
00366 features=867 size=45 p=10 tap=60 reset=true scheme=3 ops=0,0,1,3,1,3,3,0,0,3,1,2,0,2,0,0,3,1,1,0,1,1,1,1,1,0,1,3,1,3,3,1,1,1,2,2,3,0,2,3,0,1,2,3,1,2,0,2,0,0,0,2,0,3,1,3,3,3,2,3,3,0,3,0 ks=0,0,72,0,213,153,234,152,195,134,137,78,168,0,83,149,0,0,33,254,163,150,99,0,76,0,138,191,0,219,249,0,246,2,243,122,248,204,0,18,30,118,0,45,0,0,0,0,34,119,0,220,162,173,0,45,32,0,1,252,185,222,71,146
00367 features=902 size=40 p=2 tap=38 reset=true scheme=4 ops=3,3,3,0,2,1,3,3,0,3,0,1,1,3,1,1,3,1,2,2,1,0,2,2,0,0,0,1,3,0,0,2,3,1,3,3,2,3,3,1,1,1,3,3,0,2,2,0,3,3,2,1,1,2,0,1,2,2,0,1,3,2,2,1 ks=118,0,107,107,0,85,0,0,0,41,71,85,0,2,0,0,17,85,125,44,38,0,0,133,116,212,0,31,0,227,143,18,255,0,131,0,231,94,236,60,197,0,0,2,67,11,59,121,130,0,0,58,0,0,0,0,204,197,0,197,231,27,160,0
00368 features=841 size=42 p=10 tap=9 reset=true scheme=3 ops=1,1,1,1,2,2,2,2,3,1,0,1,0,1,3,1,0,1,0,2,0,0,2,0,0,2,1,1,2,1,2,2,0,1,2,2,2,3,3,1,3,0,0,1,2,3,1,1,0,3,1,0,1,0,1,0,1,2,2,1,3,0,0,3 ks=242,0,150,0,239,52,3,228,11,69,184,87,0,140,90,0,57,0,8,123,14,172,66,254,0,0,13,0,0,42,0,114,145,21,172,0,247,0,186,158,0,172,0,111,0,158,231,112,0,0,0,179,176,0,44,49,34,21,0,255,40,0,0,117
00369 features=775 size=41 p=5 tap=13 reset=true scheme=3 ops=2,1,0,0,1,1,2,2,1,0,1,0,3,1,0,3,2,1,0,0,2,3,1,0,2,3,3,1,2,2,0,1,0,2,1,2,1,3,1,3,2,1,0,1,2,2,0,0,1,3,1,0,3,0,0,0,0,1,0,1,2,1,1,3 ks=167,0,192,0,0,45,141,201,0,96,253,190,26,0,117,0,4,0,31,85,111,206,0,188,233,0,0,177,231,0,0,0,7,33,0,170,0,168,145,201,36,100,0,222,0,178,115,232,0,155,91,173,165,0,40,172,222,0,0,0,0,55,198,139
00370 features=726 size=25 p=10 tap=25 reset=false scheme=3 ops=1,3,0,3,1,1,3,3,1,0,3,2,1,1,0,2,2,2,2,2,3,1,0,3,2,3,1,1,1,2,2,1,2,1,3,3,2,1,2,0,0,3,2,3,1,2,2,0,1,1,0,1,0,1,2,3,3,0,0,2,0,3,3,3 ks=44,0,0,0,0,0,47,0,123,0,0,0,0,0,0,0,81,163,0,26,144,89,0,3,46,0,133,0,0,0,0,0,0,0,0,154,0,0,106,0,0,0,0,0,59,0,33,196,97,0,107,237,0,0,208,195,0,209,0,138,0,148,0,250
00371 features=867 size=42 p=10 tap=47 reset=true scheme=4 ops=0,1,1,3,3,3,3,1,2,1,2,2,1,2,0,2,0,3,3,0,3,1,3,3,2,3,3,0,2,1,1,2,2,3,0,3,2,3,0,1,2,3,2,3,3,0,2,3,3,0,1,1,2,2,0,1,2,2,0,0,1,2,2,1 ks=236,25,107,0,0,150,0,0,242,0,219,90,0,0,67,184,0,72,255,0,0,99,0,220,139,182,219,177,0,0,202,162,100,0,84,42,153,154,131,152,56,10,157,0,0,0,121,174,0,0,223,179,105,0,106,0,191,142,228,80,0,38,44,215
00372 features=883 size=39 p=1 tap=29 reset=true scheme=3 ops=0,3,3,2,2,0,1,0,0,1,0,3,3,2,0,3,3,3,1,3,0,3,3,0,3,3,0,0,1,3,3,3,0,0,0,0,0,1,1,2,3,0,0,1,1,1,2,3,3,1,1,1,2,0,3,2,1,2,2,0,0,3,3,1 ks=133,73,0,194,56,195,38,0,242,200,0,0,192,194,0,118,30,0,48,0,0,84,108,118,0,0,0,0,242,0,0,60,74,191,0,138,149,27,0,0,0,206,0,49,99,246,0,172,134,88,96,47,224,92,136,0,0,132,87,0,102,106,0,0
00373 features=760 size=24 p=10 tap=61 reset=false scheme=4 ops=3,0,3,0,1,0,1,0,3,0,1,0,1,2,1,0,3,1,0,0,1,0,0,3,0,0,0,3,0,3,0,3,3,0,0,1,3,1,1,2,2,3,3,0,0,3,3,0,0,2,0,2,2,1,2,1,2,2,1,3,3,1,0,3 ks=0,61,0,0,0,0,126,0,37,0,0,0,0,41,0,0,27,16,0,0,110,0,201,0,0,0,0,0,33,0,33,0,185,0,0,31,0,0,0,247,204,0,86,0,171,181,54,0,119,227,0,170,135,0,0,0,166,0,0,0,192,0,0,0
00374 features=947 size=63 p=10 tap=29 reset=true scheme=3 ops=2,2,1,1,3,1,2,3,0,3,3,1,0,1,1,2,3,1,3,0,1,0,3,0,1,0,0,1,3,0,3,1,1,3,3,3,1,0,1,3,2,3,0,2,2,1,2,2,1,1,0,2,0,1,3,3,2,2,3,0,1,0,0,0 ks=42,150,166,142,76,86,225,202,126,144,0,126,147,173,187,232,239,99,38,141,150,27,219,222,140,216,108,208,195,83,60,139,175,245,241,241,174,67,71,191,105,158,115,177,132,119,193,46,250,179,105,130,52,215,124,26,24,175,136,104,119,70,212,108
00375 features=845 size=46 p=2 tap=59 reset=true scheme=3 ops=1,1,2,2,3,3,3,1,2,3,0,1,0,0,0,1,3,0,2,2,2,0,0,1,3,2,1,0,0,2,0,0,1,3,1,2,0,2,1,3,2,1,2,3,3,1,2,3,2,1,3,1,0,1,2,1,3,2,0,3,2,3,1,1 ks=14,97,16,89,0,111,140,0,0,33,0,0,144,132,149,21,159,0,147,201,149,80,0,12,190,16,0,230,209,89,115,144,18,193,236,0,181,124,0,0,126,0,37,232,31,101,0,58,213,0,180,42,252,0,0,56,0,162,96,198,48,0,88,136
00376 features=947 size=64 p=10 tap=46 reset=true scheme=3 ops=1,2,3,0,0,2,3,1,1,1,2,3,3,2,1,2,1,1,2,1,2,3,2,1,2,3,3,1,3,2,3,0,3,3,1,3,3,2,1,0,0,1,0,2,1,0,3,3,2,3,1,1,3,0,3,1,3,2,2,2,2,0,2,3 ks=204,52,38,229,166,139,75,77,237,204,20,147,250,60,92,111,222,38,93,106,179,205,97,168,177,255,8,200,249,89,134,5,66,123,2,226,218,3,52,213,14,76,97,45,130,122,171,14,155,250,21,16,180,170,136,90,145,239,230,143,90,138,51,243
00377 features=931 size=64 p=10 tap=17 reset=true scheme=3 ops=2,1,0,0,0,2,2,2,3,2,3,0,1,1,0,3,3,3,2,0,1,2,2,3,1,1,1,0,2,0,2,1,2,1,1,2,3,2,0,3,3,2,2,1,2,0,0,1,2,3,0,3,1,1,0,0,0,0,2,0,2,3,1,0 ks=198,187,202,160,209,156,167,254,253,145,25,87,71,31,60,19,234,13,178,86,223,130,19,90,77,229,142,55,126,156,220,228,219,255,138,41,66,238,221,148,225,243,87,222,193,197,248,246,236,61,245,9,49,158,38,253,9,150,122,58,231,198,34,186
00378 features=760 size=21 p=2 tap=23 reset=false scheme=3 ops=0,3,1,0,3,2,3,2,3,2,1,3,3,3,3,0,3,0,0,1,3,0,1,3,1,1,0,3,3,3,3,2,0,0,0,0,3,1,0,0,2,3,0,0,3,2,2,0,2,0,1,3,3,0,3,2,3,2,3,3,2,2,0,0 ks=0,0,0,0,0,0,0,0,0,0,193,0,128,61,0,74,234,0,182,120,0,15,0,175,0,216,4,0,0,0,0,0,0,0,0,0,0,39,0,0,0,82,0,0,0,0,147,0,155,0,0,0,0,52,104,44,227,0,192,0,0,0,0,198
00379 features=763 size=22 p=2 tap=36 reset=true scheme=3 ops=2,2,3,3,0,2,2,0,2,0,2,3,1,3,0,1,3,0,0,2,1,0,3,3,0,3,0,3,1,1,3,3,3,2,3,2,2,3,3,0,3,3,0,3,0,1,0,2,0,3,3,1,1,1,3,0,1,3,2,1,0,0,1,0 ks=166,197,0,0,44,0,0,0,0,0,35,0,0,0,0,129,0,119,0,0,0,26,158,100,111,0,0,0,0,196,0,0,0,0,215,29,0,0,0,0,0,115,0,9,0,105,0,0,0,0,0,84,0,0,0,19,252,0,0,0,0,60,118,137
00380 features=859 size=25 p=1 tap=38 reset=true scheme=5 ops=0,3,3,3,2,2,3,2,2,3,0,3,1,2,3,0,1,0,3,0,3,3,0,1,0,1,0,1,0,3,3,3,3,3,2,3,2,2,0,3,2,2,3,3,3,3,3,3,2,1,0,3,3,3,2,0,0,0,1,0,3,3,1,0 ks=0,0,0,220,0,0,190,0,44,47,0,0,0,149,192,0,88,0,219,138,17,0,0,0,0,0,210,0,0,0,0,0,59,0,220,187,217,0,102,0,209,0,0,0,214,0,0,142,0,0,0,22,0,0,64,0,229,41,0,0,0,243,0,152
00381 features=913 size=64 p=10 tap=57 reset=true scheme=3 ops=2,0,0,1,3,1,2,0,0,3,0,2,3,0,0,1,3,0,3,2,3,3,0,3,3,3,0,0,2,1,0,3,0,2,0,1,3,3,1,0,3,3,0,0,0,1,1,2,3,2,3,0,3,0,0,2,3,3,2,2,1,3,3,3 ks=51,205,181,87,112,91,3,147,164,96,17,192,38,154,14,115,254,169,177,73,217,134,206,139,154,175,38,236,99,23,138,94,236,239,79,136,190,135,28,233,185,37,216,80,81,18,24,64,96,148,13,253,248,186,5,138,66,237,113,211,86,101,233,37
00382 features=961 size=63 p=1 tap=33 reset=true scheme=3 ops=0,0,1,0,0,2,1,0,2,0,0,0,2,2,3,3,3,3,2,2,2,2,2,2,1,0,1,0,0,2,2,3,0,2,3,0,2,2,1,0,3,3,1,1,3,3,2,2,3,1,0,0,1,3,1,0,1,0,3,1,2,2,3,0 ks=48,101,178,132,246,255,197,214,92,136,182,236,7,57,91,85,122,233,204,112,79,148,224,218,146,9,156,16,222,134,92,172,22,232,206,113,32,0,75,74,125,220,140,241,243,227,156,136,222,148,85,221,179,201,215,68,109,254,173,123,151,159,50,53
00383 features=848 size=41 p=1 tap=56 reset=false scheme=4 ops=1,1,2,0,3,0,3,0,3,3,2,3,1,3,3,3,2,3,1,1,1,0,1,0,1,3,0,0,2,3,0,0,3,3,0,1,3,1,0,2,3,3,2,0,1,1,0,3,3,3,1,0,3,3,1,1,3,0,2,1,0,2,3,3 ks=48,39,0,197,211,154,0,0,174,0,0,12,146,128,36,0,24,220,50,71,209,215,144,94,5,228,0,58,245,0,209,248,163,0,0,0,0,2,127,0,170,0,0,0,106,106,234,0,0,0,129,207,0,69,0,32,25,106,0,0,209,204,18,51
00384 features=909 size=47 p=1 tap=42 reset=false scheme=0 ops=2,2,2,1,3,2,2,0,0,1,2,2,3,1,2,1,2,0,1,0,2,2,1,1,1,3,0,0,1,1,0,0,2,3,1,1,1,2,1,0,1,3,2,0,1,0,0,1,1,2,1,0,2,0,1,3,3,0,0,1,2,0,1,2 ks=25,0,157,152,8,92,0,0,94,98,0,106,236,0,0,200,0,39,139,156,240,165,0,0,0,11,0,87,151,152,217,132,252,0,253,0,109,0,74,228,192,252,133,52,238,121,234,83,187,0,250,155,133,188,155,0,226,0,7,197,90,103,30,178
00385 features=926 size=64 p=10 tap=45 reset=true scheme=3 ops=2,2,3,2,1,2,3,1,2,2,0,3,0,0,0,0,3,2,3,2,0,2,1,1,0,1,2,0,2,0,1,2,2,1,1,3,2,2,2,3,2,0,2,0,0,3,0,2,0,3,3,1,3,0,3,0,2,3,0,0,2,2,0,1 ks=172,234,55,182,60,246,228,25,144,88,218,9,83,254,231,19,39,11,122,73,164,56,157,60,228,191,213,140,92,139,120,251,21,130,70,97,8,77,23,244,66,125,93,231,117,101,175,78,45,84,84,59,226,153,171,204,247,45,111,53,82,115,187,231
00386 features=782 size=18 p=5 tap=36 reset=true scheme=0 ops=3,3,0,1,3,2,0,0,1,1,0,2,2,0,1,0,2,3,0,2,0,2,3,3,3,3,1,1,1,3,3,3,3,2,2,1,0,3,0,0,0,1,2,3,1,0,0,3,0,2,2,1,3,2,2,1,3,2,3,2,3,1,1,3 ks=0,248,219,0,0,0,149,0,111,0,0,31,0,0,0,0,0,141,0,0,0,0,0,0,0,0,0,53,0,0,0,48,0,193,0,254,126,254,0,58,0,113,0,0,0,148,0,90,0,0,0,0,0,0,0,84,0,0,0,254,0,0,0,0
00387 features=899 size=44 p=10 tap=43 reset=true scheme=4 ops=0,1,3,1,2,0,2,0,0,0,2,2,1,0,1,1,1,1,1,2,1,3,3,0,0,1,3,1,3,1,2,0,1,1,1,2,0,3,1,2,0,3,1,3,2,3,2,2,2,0,1,2,1,1,0,3,2,3,1,1,0,2,3,0 ks=0,35,212,63,136,66,237,144,203,188,67,0,209,0,0,251,194,4,0,122,102,72,30,131,0,184,48,227,34,203,0,0,0,211,241,193,198,0,0,0,0,227,228,150,4,244,0,116,29,0,0,7,0,31,0,226,194,242,0,229,0,212,174,249
00388 features=905 size=63 p=10 tap=20 reset=true scheme=3 ops=1,1,0,2,2,2,2,0,0,0,1,2,3,3,2,1,0,3,2,0,3,2,3,1,1,3,1,2,1,1,1,2,1,3,3,1,1,0,0,1,0,0,0,3,2,0,2,0,1,1,3,3,2,2,2,1,1,0,1,3,3,1,0,3 ks=165,70,59,192,94,151,142,90,248,12,13,159,215,49,56,26,215,62,177,154,102,214,38,197,158,160,173,105,121,99,72,54,5,167,56,195,147,163,202,130,91,44,147,192,5,165,128,187,208,205,31,200,253,233,148,206,65,93,5,192,194,1,62,0
00389 features=899 size=37 p=10 tap=5 reset=false scheme=0 ops=0,3,3,0,3,3,0,3,1,1,3,2,3,0,2,0,0,0,2,0,0,1,3,3,2,0,0,0,2,2,1,3,1,0,0,2,3,0,3,0,3,1,2,1,3,3,1,0,2,0,1,2,1,1,0,1,3,2,2,3,2,2,3,3 ks=0,58,230,30,11,163,249,0,133,0,0,97,82,0,192,0,0,224,77,121,0,0,0,0,208,0,0,0,108,0,152,189,97,25,0,0,0,136,0,0,151,81,221,199,135,0,195,38,126,0,12,74,170,0,21,229,0,157,0,113,0,203,0,145
00390 features=747 size=17 p=1 tap=54 reset=true scheme=3 ops=3,0,2,0,1,3,2,2,2,0,1,2,3,0,2,3,3,0,2,1,3,3,3,1,3,3,0,3,2,3,3,0,2,3,1,2,1,2,1,2,0,1,3,1,1,2,0,0,1,2,2,1,1,0,3,1,1,1,1,0,2,0,0,3 ks=0,0,0,136,0,0,0,0,9,176,0,0,0,60,0,0,0,201,0,53,0,0,0,0,71,0,0,0,20,0,0,0,0,233,0,0,0,112,0,0,24,0,0,0,165,0,0,0,0,70,31,0,0,0,0,192,238,0,0,0,0,69,0,0
00391 features=827 size=38 p=2 tap=49 reset=true scheme=3 ops=0,0,1,0,3,1,0,3,3,0,3,1,1,1,2,0,2,2,1,3,0,0,1,3,0,1,0,1,1,0,0,2,2,0,2,3,1,3,3,3,0,2,2,1,3,1,1,2,3,3,1,3,2,2,1,2,2,3,2,0,3,2,3,3 ks=200,0,0,188,0,87,0,0,71,120,231,112,0,0,0,0,48,84,20,188,0,51,3,0,255,252,195,161,57,62,0,0,0,93,254,0,0,55,179,0,0,118,81,63,62,212,0,60,93,210,186,200,229,0,0,214,7,0,0,106,0,0,0,170
00392 features=657 size=22 p=5 tap=36 reset=false scheme=0 ops=2,2,3,0,0,3,0,3,3,0,1,2,2,1,3,3,3,1,1,3,1,3,1,3,2,2,3,3,0,3,2,3,3,3,3,2,1,3,0,2,2,1,0,3,1,0,3,2,2,1,0,2,1,0,3,3,0,0,2,0,3,1,2,2 ks=80,0,132,243,0,0,0,204,0,0,91,219,0,0,195,0,0,0,0,0,0,133,0,0,0,0,116,120,0,165,86,0,106,0,0,0,0,0,0,0,0,224,122,245,0,0,0,0,0,103,0,105,42,0,13,0,0,0,0,61,223,0,0,0
00393 features=734 size=23 p=5 tap=44 reset=true scheme=3 ops=0,3,0,0,3,3,0,3,2,2,0,2,2,3,1,0,0,1,1,0,3,1,2,1,3,0,1,2,0,3,1,2,0,3,3,0,3,3,3,0,2,2,3,1,0,1,2,0,2,3,3,3,3,2,0,2,2,1,0,0,1,1,0,0 ks=196,0,0,0,0,140,0,0,0,0,0,0,217,0,0,35,27,0,198,0,137,0,0,0,97,0,0,116,47,0,0,0,0,213,0,32,182,0,0,0,142,100,100,0,164,0,0,0,0,0,0,0,186,147,0,0,161,180,27,156,0,0,0,0
00394 features=846 size=43 p=1 tap=28 reset=true scheme=3 ops=1,0,0,2,1,3,2,1,0,0,2,0,3,1,1,1,3,1,0,0,2,3,0,3,3,2,1,1,0,0,3,1,1,2,2,0,3,2,0,1,0,0,3,3,3,3,0,1,0,0,3,0,3,3,2,2,2,0,0,1,3,0,1,0 ks=0,250,0,0,0,0,0,0,70,0,169,132,145,24,207,107,0,0,242,54,44,36,0,7,165,0,140,107,206,236,182,123,68,30,136,0,132,90,139,0,0,191,133,240,0,28,12,173,0,179,173,228,128,139,0,16,130,160,101,215,0,92,0,0
00395 features=1008 size=64 p=10 tap=22 reset=true scheme=2 ops=0,1,1,3,2,0,2,0,3,2,3,3,2,1,2,1,2,0,0,2,3,0,3,3,1,1,3,3,0,3,1,0,1,1,0,0,2,0,0,1,2,2,0,0,0,3,2,2,0,0,2,3,3,2,0,3,3,0,0,2,2,0,0,2 ks=181,129,18,143,170,113,173,238,247,235,89,171,4,140,70,155,58,121,3,1,206,41,32,161,210,178,242,192,224,87,236,210,73,114,87,75,78,14,127,5,105,209,106,51,144,173,109,233,218,212,168,169,18,201,144,2,138,52,21,182,104,81,141,79
00396 features=997 size=64 p=5 tap=9 reset=false scheme=3 ops=2,2,2,1,0,0,3,2,3,3,2,3,0,3,3,0,3,0,0,1,2,1,0,2,1,1,3,1,2,0,1,1,2,1,2,2,2,0,3,3,1,2,2,1,2,0,0,0,3,2,2,1,3,3,3,2,0,3,2,0,2,2,1,0 ks=31,80,148,9,117,58,200,186,135,59,209,49,178,168,33,203,215,139,101,136,3,95,234,16,46,132,11,191,104,174,188,31,112,248,86,120,79,114,133,157,86,86,84,132,242,36,215,161,145,193,209,66,102,87,20,29,146,87,81,82,36,213,18,197
00397 features=896 size=63 p=10 tap=53 reset=true scheme=3 ops=0,3,0,0,1,0,3,3,3,1,1,1,0,1,1,2,2,2,1,1,2,1,0,2,3,0,1,3,1,0,3,3,3,1,1,3,2,3,3,0,3,1,1,3,0,1,1,1,3,0,3,2,1,3,0,3,0,0,3,1,0,1,1,1 ks=81,60,24,219,5,162,248,185,153,91,213,117,216,242,95,115,215,206,170,179,244,164,164,69,220,82,71,61,49,226,176,22,202,226,228,17,82,148,128,97,0,97,151,227,112,66,232,122,173,159,189,196,120,64,44,48,219,59,77,251,227,1,109,201
00398 features=758 size=40 p=10 tap=35 reset=false scheme=2 ops=3,2,3,1,3,2,1,1,3,1,3,3,0,1,0,2,0,1,1,1,2,2,0,0,0,3,0,0,2,0,3,3,2,3,3,1,2,0,0,3,1,3,3,2,2,0,1,3,0,1,0,2,1,1,1,1,3,0,1,3,1,3,2,3 ks=36,0,90,219,117,109,0,176,0,69,171,0,0,0,29,0,52,0,47,209,168,0,85,211,0,167,106,16,153,168,153,47,210,0,0,95,0,43,0,0,0,129,98,0,142,196,0,252,0,0,61,0,126,179,114,190,57,215,0,178,119,64,0,0
00399 features=959 size=63 p=5 tap=35 reset=true scheme=3 ops=0,3,0,3,1,0,0,3,3,1,0,2,1,3,2,2,2,0,1,0,3,2,2,1,2,2,1,3,2,0,1,3,1,2,1,3,1,1,2,3,2,0,1,2,2,2,0,1,1,0,2,2,2,2,2,3,2,1,2,2,1,0,1,1 ks=36,187,9,232,29,34,71,94,172,139,19,15,239,225,85,229,198,196,36,79,60,97,146,241,187,232,3,149,114,179,186,122,199,0,79,178,244,137,53,182,25,207,3,166,89,73,188,39,71,151,62,252,40,85,57,71,179,21,2,120,52,31,104,207
00400 features=968 size=45 p=10 tap=61 reset=true scheme=5 ops=0,0,3,2,0,2,2,2,3,2,1,2,3,2,2,3,0,2,2,3,2,3,2,2,0,2,2,0,1,0,0,1,2,0,1,1,0,3,0,1,0,1,1,0,3,0,2,2,3,3,1,0,1,0,0,1,0,2,2,3,3,1,2,2 ks=149,22,0,0,194,243,0,217,7,0,0,95,0,98,0,117,196,228,59,75,162,93,68,212,0,52,0,80,250,203,6,72,79,97,30,236,0,0,0,39,197,189,197,190,216,94,187,0,172,99,0,21,220,0,241,0,0,0,0,185,30,76,222,79
00401 features=827 size=21 p=10 tap=33 reset=true scheme=1 ops=0,2,3,0,3,2,3,1,3,3,3,1,1,2,2,1,3,0,3,3,0,1,2,0,0,3,1,2,2,2,0,3,2,3,3,0,3,2,0,2,2,0,3,2,1,3,1,1,0,1,3,3,1,1,0,2,3,1,0,1,3,0,3,2 ks=0,0,99,160,66,93,0,150,0,0,0,229,0,0,0,0,0,0,0,0,0,0,15,157,0,24,0,0,13,0,0,0,183,91,0,151,77,0,0,0,0,253,242,0,0,0,0,0,0,0,0,0,0,0,30,0,0,0,147,201,0,0,77,209
00402 features=785 size=26 p=1 tap=52 reset=true scheme=3 ops=0,3,3,0,0,1,3,0,3,3,3,1,3,0,0,0,3,3,0,0,3,2,2,1,2,3,1,2,2,0,3,1,3,3,3,0,3,1,0,0,3,0,2,2,1,3,3,3,1,3,3,1,2,2,2,1,3,1,2,0,0,3,1,3 ks=0,158,101,0,0,0,113,92,25,0,0,39,0,0,0,0,84,0,0,0,86,146,238,0,29,109,0,0,0,0,247,210,0,79,196,0,185,173,0,0,0,23,0,115,0,38,0,72,0,221,0,0,0,0,0,23,0,0,0,0,28,0,0,100
00403 features=709 size=21 p=10 tap=20 reset=false scheme=5 ops=1,3,2,2,3,2,3,3,0,3,2,0,3,3,1,2,0,3,3,0,2,2,3,2,2,1,3,3,1,2,1,2,2,1,0,2,0,1,0,3,2,0,3,3,2,1,3,2,1,2,2,3,0,1,1,1,3,1,3,1,0,2,3,0 ks=0,0,221,0,0,0,110,0,0,184,0,0,0,0,0,0,0,6,126,0,174,0,0,0,0,0,51,79,223,0,0,0,79,30,0,0,0,82,76,0,0,0,0,243,0,64,0,0,0,0,0,0,134,0,24,0,64,0,0,190,0,234,34,0
00404 features=796 size=19 p=1 tap=46 reset=true scheme=5 ops=1,2,3,3,1,1,2,2,2,2,0,2,3,1,2,1,1,0,1,0,0,2,0,0,0,1,2,0,3,2,3,0,0,0,0,0,0,2,3,1,1,0,1,3,3,3,1,1,1,1,1,1,3,2,0,0,0,3,0,2,2,2,1,1 ks=0,0,234,0,0,6,0,0,25,0,137,128,0,0,0,0,0,0,72,155,0,0,0,0,0,0,0,0,0,13,0,0,0,196,0,233,106,19,0,0,0,127,47,0,0,0,0,0,0,0,163,0,18,0,21,0,0,0,0,0,0,0,127,86
00405 features=962 size=50 p=10 tap=63 reset=true scheme=2 ops=2,0,1,0,0,2,0,2,2,1,3,3,2,1,1,2,2,0,3,2,1,3,1,2,0,2,3,2,3,0,1,3,0,0,1,2,1,3,1,3,2,0,1,0,3,3,0,1,0,1,2,3,2,0,1,1,1,0,1,0,3,1,3,3 ks=35,0,102,139,242,99,0,183,227,157,0,55,137,195,244,0,162,123,0,217,131,102,91,79,148,166,250,185,22,16,21,0,244,198,26,149,235,151,93,0,41,146,0,77,0,0,71,112,114,0,56,0,114,20,0,212,234,90,154,144,165,199,0,27
00406 features=848 size=23 p=1 tap=5 reset=false scheme=2 ops=2,2,3,3,2,1,1,0,0,2,0,0,2,2,0,3,2,2,0,3,3,0,2,1,2,3,1,0,1,0,2,2,1,0,1,2,1,2,3,1,0,2,0,1,3,1,3,0,2,2,1,3,3,0,1,0,1,2,0,2,2,0,3,0 ks=0,246,0,0,0,214,25,52,0,252,169,0,250,0,0,188,160,0,0,0,0,0,0,0,190,0,230,0,0,0,0,0,0,0,0,0,0,0,0,0,0,0,0,59,0,0,150,232,236,0,0,148,0,69,118,0,0,242,169,0,64,142,0,47
00407 features=839 size=42 p=2 tap=6 reset=false scheme=2 ops=1,0,2,2,1,3,3,2,3,2,3,3,1,0,0,2,3,1,2,0,1,1,3,2,0,3,3,0,0,0,0,0,0,0,0,3,3,2,2,1,1,2,0,0,2,1,1,3,1,3,0,2,0,0,1,3,2,0,1,0,1,0,2,3 ks=32,47,0,171,34,215,55,0,0,0,166,0,130,176,116,184,26,237,0,204,148,177,0,239,249,0,28,0,0,62,21,58,0,0,26,157,0,0,137,25,26,67,0,224,12,0,0,0,138,146,223,0,124,0,145,204,153,72,127,0,0,128,209,151
00408 features=492 size=21 p=1 tap=26 reset=false scheme=1 ops=0,3,2,1,3,1,0,2,1,0,1,2,3,3,1,1,3,0,1,3,3,1,0,0,3,0,1,1,1,1,3,0,1,1,1,1,3,1,2,0,0,3,0,3,3,3,2,2,1,1,3,2,2,3,3,3,2,2,3,3,0,0,3,3 ks=28,184,0,208,0,0,0,0,0,50,163,0,0,0,0,0,0,0,0,0,134,0,92,230,0,0,153,43,0,0,176,0,0,0,124,0,94,70,0,0,0,123,0,0,0,186,0,0,0,41,0,244,0,0,152,0,0,0,0,22,0,0,55,0
00409 features=767 size=21 p=2 tap=8 reset=true scheme=0 ops=3,0,1,0,0,2,3,0,2,3,0,1,0,0,0,1,0,2,3,2,0,1,3,0,3,3,0,2,3,1,0,2,3,3,3,0,3,0,3,2,2,2,0,3,2,3,1,3,1,3,1,2,1,2,0,1,0,0,2,3,1,0,1,0 ks=0,0,0,25,199,0,0,127,0,0,181,0,0,127,0,0,0,0,0,0,70,0,191,0,95,0,0,0,0,0,0,0,0,205,234,0,190,0,89,160,123,176,33,0,0,0,52,0,166,190,0,55,0,122,0,0,0,0,0,0,0,0,0,0
00410 features=798 size=25 p=2 tap=5 reset=true scheme=0 ops=1,1,1,0,3,1,3,2,2,1,2,2,3,1,3,2,1,2,0,3,1,1,0,2,0,1,2,1,1,2,0,1,1,2,2,0,0,0,1,3,3,1,3,2,1,3,2,2,3,2,1,3,0,0,1,1,0,3,2,0,2,2,3,3 ks=0,47,0,0,0,0,0,0,0,110,0,0,181,239,46,240,0,0,243,0,0,0,229,0,254,126,0,0,208,0,113,0,0,203,0,0,0,0,0,201,0,70,39,0,0,0,0,0,224,0,0,202,194,238,146,209,0,0,0,220,37,0,73,0
00411 features=918 size=26 p=2 tap=26 reset=true scheme=2 ops=1,0,3,1,2,2,2,1,2,2,1,0,2,0,3,1,0,3,1,3,1,2,0,2,3,3,2,3,3,3,0,0,3,3,1,3,0,2,2,1,1,2,3,2,2,2,2,3,0,2,2,0,2,0,1,3,2,3,3,2,3,3,3,3 ks=0,0,0,0,0,0,0,69,0,0,0,163,0,94,184,101,0,10,0,200,0,0,29,0,0,0,0,0,109,0,10,0,0,205,171,63,0,21,0,56,15,231,53,12,184,0,0,0,51,0,0,0,114,72,192,164,0,0,134,0,0,0,0,0
00412 features=754 size=36 p=10 tap=9 reset=false scheme=4 ops=1,1,3,3,0,2,1,3,2,1,2,2,2,0,0,1,2,1,1,1,3,1,1,3,2,0,0,0,0,1,1,1,3,2,1,0,1,2,0,0,1,2,1,2,3,2,0,1,1,3,1,2,2,3,3,1,2,3,0,0,1,2,0,2 ks=0,2,93,207,254,83,242,0,236,0,0,149,153,192,183,0,0,249,32,21,155,113,0,0,0,195,0,22,0,182,0,183,0,114,68,0,181,0,0,0,177,0,0,0,33,95,0,0,3,3,131,171,0,9,0,253,171,0,28,0,0,86,0,199
00413 features=623 size=41 p=2 tap=38 reset=false scheme=4 ops=1,0,3,3,3,1,2,3,3,3,0,1,0,3,1,2,2,3,0,2,3,0,2,2,2,2,2,3,2,2,0,2,3,3,2,2,0,3,0,2,3,0,3,2,3,1,3,3,1,1,0,3,2,3,2,1,3,2,3,1,0,3,3,0 ks=134,107,38,121,0,209,152,0,0,206,186,0,248,0,0,233,0,131,117,3,190,5,0,0,195,202,0,37,212,11,93,0,0,137,0,0,226,41,0,0,0,0,46,0,3,0,33,70,71,0,76,110,230,251,151,0,197,79,65,63,51,235,0,248
00414 features=963 size=64 p=5 tap=32 reset=true scheme=3 ops=1,2,1,0,0,1,3,0,3,2,2,0,2,1,0,2,0,1,1,3,2,2,2,3,3,0,1,2,0,3,1,2,3,1,3,1,0,1,2,2,0,1,0,0,3,2,3,2,2,3,1,0,2,0,0,2,3,2,2,0,1,2,0,1 ks=12,144,40,201,47,149,125,56,33,39,45,218,142,176,145,242,242,38,51,241,58,63,82,212,98,122,116,174,207,52,20,132,15,91,49,216,221,75,238,66,57,227,113,83,27,176,210,244,21,121,233,69,68,97,238,160,1,19,34,145,36,113,124,47
00415 features=682 size=18 p=2 tap=40 reset=false scheme=5 ops=3,3,3,0,2,0,2,1,0,3,3,1,2,3,0,0,0,0,2,2,3,2,0,0,0,2,2,1,3,2,3,1,0,0,1,0,3,2,2,3,2,3,3,0,2,3,1,0,3,2,3,0,3,1,0,1,2,3,0,1,0,2,3,3 ks=99,0,216,0,214,0,0,0,0,0,0,200,33,0,0,107,0,150,208,0,11,88,0,0,0,113,0,0,0,210,117,193,0,0,0,0,0,67,0,85,0,0,0,0,0,0,0,0,0,78,0,0,0,0,0,0,0,0,0,0,77,0,0,0
00416 features=972 size=64 p=2 tap=35 reset=true scheme=3 ops=0,1,0,2,2,0,0,3,3,2,3,0,3,1,3,3,3,1,1,0,2,3,2,3,2,3,0,2,0,2,1,0,1,3,3,2,1,0,1,1,1,3,1,3,1,0,2,0,2,1,1,0,2,2,2,2,2,2,3,2,0,1,1,3 ks=112,133,113,134,9,167,106,176,58,169,236,19,92,192,100,38,69,31,209,8,242,177,201,65,203,239,175,202,123,119,232,229,52,255,127,46,135,252,225,218,172,150,35,93,13,222,160,93,4,184,103,204,79,67,91,245,58,86,206,156,224,204,228,9
00417 features=750 size=37 p=2 tap=61 reset=false scheme=0 ops=0,3,3,3,2,1,2,3,3,2,3,1,2,3,0,3,2,0,0,3,1,3,1,3,2,3,0,0,3,2,1,1,1,3,1,0,1,1,1,2,2,0,1,0,0,2,2,0,0,2,1,3,2,1,3,1,1,3,2,2,3,3,3,3 ks=25,73,156,78,231,0,157,0,31,0,200,0,0,116,120,0,16,0,102,0,0,0,0,21,127,83,0,231,28,0,0,0,228,0,0,5,70,213,0,0,205,71,180,0,82,0,239,198,0,0,219,0,165,0,64,0,0,100,145,159,85,1,102,26
00418 features=997 size=64 p=5 tap=30 reset=true scheme=3 ops=3,3,1,1,0,0,3,3,3,0,0,1,3,1,3,3,1,1,1,2,0,2,3,1,3,1,0,3,3,1,1,3,3,1,2,2,2,3,1,2,2,1,1,0,3,2,3,2,2,3,2,1,0,0,1,1,1,2,0,2,3,0,1,3 ks=164,152,35,66,64,123,7,28,138,43,16,98,6,74,193,211,127,128,200,177,11,123,211,188,181,67,62,28,163,131,89,119,216,33,251,76,17,107,55,201,54,105,69,102,129,36,97,16,199,20,65,121,2,93,250,38,207,120,49,130,250,114,194,243
00419 features=847 size=43 p=2 tap=23 reset=false scheme=5 ops=3,2,3,3,2,2,3,1,2,2,3,0,2,0,0,0,3,0,1,2,3,3,2,0,3,3,3,3,0,3,1,1,1,3,1,0,1,0,2,1,2,3,2,3,0,2,2,2,0,3,3,3,3,3,1,0,3,0,0,1,2,1,1,0 ks=0,0,189,39,227,29,217,154,0,71,0,146,0,64,0,0,250,53,237,157,0,0,193,0,187,243,131,0,125,162,214,228,133,173,0,88,0,0,0,0,237,0,0,179,0,181,49,135,119,53,0,241,46,199,227,0,174,206,177,97,53,53,22,233
00420 features=736 size=23 p=2 tap=19 reset=false scheme=1 ops=2,2,0,0,1,0,1,3,3,1,1,1,1,0,3,3,3,3,2,0,0,0,0,1,3,2,0,1,0,3,3,2,2,1,1,2,2,1,3,1,3,3,1,2,1,1,0,2,2,0,0,1,2,2,0,1,2,2,1,2,2,0,0,2 ks=0,141,0,0,0,50,0,218,0,0,0,0,0,0,0,0,0,0,114,0,0,0,89,70,188,0,0,0,0,0,0,0,0,141,181,31,100,0,0,0,112,0,0,20,0,2,132,0,165,101,0,0,174,155,212,0,0,0,98,103,0,186,0,0
00421 features=904 size=42 p=10 tap=18 reset=true scheme=5 ops=3,3,0,0,0,3,1,3,2,3,3,3,3,0,2,2,2,3,2,3,0,0,3,2,2,3,0,3,2,0,3,0,2,0,0,3,3,3,1,0,2,1,3,3,2,2,0,3,0,0,1,3,1,2,1,0,0,3,1,2,2,1,3,1 ks=254,138,214,66,45,120,0,0,239,225,0,3,0,224,13,217,0,0,8,225,0,0,0,136,0,235,186,0,13,94,234,81,207,141,27,0,171,157,186,0,240,1,251,41,216,64,0,158,255,0,209,0,0,0,0,169,0,84,43,213,0,82,0,184
00422 features=978 size=64 p=1 tap=57 reset=true scheme=3 ops=3,3,3,3,1,0,2,1,0,1,1,0,3,2,0,1,0,2,3,2,3,2,1,1,0,0,3,2,3,2,3,2,1,0,0,1,1,2,3,0,1,1,0,1,2,2,0,0,1,3,2,1,2,2,0,3,1,3,3,3,1,1,2,0 ks=245,167,211,212,44,93,110,93,72,153,224,158,144,161,127,44,196,147,101,148,2,76,26,88,247,178,204,49,234,4,63,147,10,66,68,194,157,219,142,181,119,96,99,133,226,93,30,239,11,237,47,61,45,179,222,85,227,210,127,121,95,92,143,41
00423 features=852 size=15 p=2 tap=34 reset=true scheme=4 ops=3,2,2,2,1,2,2,1,0,1,0,1,0,2,0,2,0,2,2,3,3,0,0,1,2,3,2,1,2,0,0,1,3,2,3,3,0,3,0,1,3,0,0,3,3,0,1,3,2,0,0,1,0,0,2,1,0,2,1,1,2,3,0,1 ks=0,0,0,0,0,0,0,92,226,0,0,0,0,0,0,93,157,0,178,0,0,0,0,29,113,0,0,0,0,0,0,0,0,0,150,0,0,0,0,111,133,0,253,11,0,0,0,0,0,0,0,0,0,0,252,0,0,0,0,0,145,37,0,0
00424 features=952 size=63 p=5 tap=44 reset=true scheme=3 ops=1,1,0,0,0,3,3,0,2,1,3,1,2,1,1,2,0,2,1,2,1,3,2,2,3,0,3,3,3,2,3,3,1,3,1,0,3,1,2,3,2,3,1,0,3,3,1,2,0,1,0,3,0,2,3,2,1,3,1,0,2,2,0,1 ks=19,29,107,167,19,203,10,203,88,169,166,70,155,186,201,35,231,132,0,238,189,37,62,222,99,137,84,163,15,100,168,186,170,251,42,202,34,92,8,21,188,105,11,187,63,20,176,143,70,140,29,105,228,103,242,174,119,173,39,14,19,233,71,215
00425 features=842 size=23 p=2 tap=4 reset=true scheme=3 ops=1,1,0,0,2,0,0,0,1,2,0,3,1,2,2,3,2,2,3,0,2,1,2,0,3,3,1,3,2,0,1,1,0,0,3,0,3,2,1,3,2,3,0,0,0,2,2,3,0,0,3,1,3,1,1,1,3,3,0,2,0,0,3,3 ks=0,199,0,161,0,0,0,50,74,0,195,0,0,154,0,0,0,246,249,0,227,0,0,0,0,225,0,0,116,46,0,0,0,115,0,0,0,0,46,253,0,0,0,0,243,0,0,123,0,0,189,24,0,0,0,0,0,191,0,0,57,115,0,64
00426 features=891 size=43 p=1 tap=59 reset=false scheme=1 ops=0,2,3,1,3,1,2,1,2,2,2,0,0,3,0,0,3,0,3,2,0,2,3,1,2,0,0,2,2,3,1,1,2,2,0,3,3,3,2,3,0,0,2,1,3,2,2,3,3,1,1,0,0,1,1,0,3,0,3,2,3,0,2,3 ks=245,0,3,221,93,141,0,83,79,128,0,149,0,216,64,59,208,0,119,119,73,240,181,25,36,182,0,114,167,199,119,0,0,0,0,0,0,0,26,103,34,0,160,0,0,200,253,186,254,212,184,201,0,0,0,250,167,3,115,0,0,48,165,213
00427 features=1004 size=63 p=2 tap=2 reset=false scheme=1 ops=2,3,3,3,0,3,0,2,2,1,3,1,3,2,0,0,2,1,1,3,2,3,3,2,2,3,3,2,3,0,1,0,0,2,3,3,0,3,3,3,3,1,2,3,2,1,3,2,2,3,1,2,1,2,0,3,2,2,1,1,1,3,2,3 ks=141,164,232,11,40,217,111,255,19,210,45,13,188,142,69,241,84,45,125,0,34,130,161,11,107,213,118,77,178,174,236,181,164,97,49,209,236,120,140,106,50,63,100,252,163,116,122,225,155,220,78,232,96,8,68,44,228,16,225,126,85,3,105,202
00428 features=852 size=21 p=10 tap=23 reset=true scheme=5 ops=3,3,0,0,3,3,3,0,2,3,3,1,2,2,2,3,1,1,3,1,3,3,0,3,2,1,3,3,1,1,0,1,1,2,2,1,2,1,0,3,3,3,1,3,3,2,0,0,3,1,0,0,3,3,2,0,3,3,2,0,3,3,3,1 ks=0,0,0,0,0,0,139,0,0,0,0,0,0,0,0,229,47,0,83,0,0,0,0,65,0,115,3,158,0,0,0,0,0,0,0,7,177,0,0,0,0,0,0,0,0,5,0,0,173,0,248,0,0,181,139,22,201,153,0,139,223,0,19,0
00429 features=834 size=45 p=10 tap=24 reset=true scheme=3 ops=1,2,3,3,1,1,1,0,3,3,0,1,0,3,3,2,3,0,1,3,0,3,2,1,3,3,2,0,2,2,0,3,1,1,3,3,3,0,0,3,0,0,0,0,0,2,3,0,2,1,2,0,2,2,0,2,2,0,1,0,2,3,3,2 ks=113,165,59,88,0,84,166,0,0,44,141,124,170,178,102,213,0,0,178,213,0,0,243,0,156,95,213,0,39,62,240,223,136,40,102,248,0,74,35,246,143,52,0,131,167,211,0,0,0,160,197,72,0,87,232,109,236,0,0,110,0,188,0,112
00430 features=724 size=17 p=10 tap=7 reset=false scheme=3 ops=2,3,1,0,0,0,3,1,1,1,1,1,1,2,2,0,0,3,3,1,2,2,2,3,2,2,3,2,2,3,0,2,0,0,2,0,1,3,3,1,1,2,1,2,1,0,0,2,3,3,2,3,0,2,1,3,2,3,0,3,3,1,0,2 ks=0,150,25,0,0,21,234,0,223,0,0,0,0,62,0,0,0,0,0,0,0,0,0,209,0,0,0,0,0,0,5,0,247,54,0,0,0,0,0,44,0,168,80,0,0,0,0,0,161,82,0,0,0,0,0,0,0,58,0,0,141,0,0,0
00431 features=927 size=39 p=10 tap=24 reset=true scheme=4 ops=0,3,0,2,0,0,0,3,0,3,3,1,1,1,2,3,3,1,0,0,2,2,1,3,2,1,2,3,1,0,0,2,0,0,2,2,2,3,1,0,2,3,2,1,1,1,3,0,3,3,1,2,0,3,1,3,0,2,2,2,3,3,2,2 ks=150,0,124,99,79,35,96,87,159,0,0,254,207,228,0,62,3,21,255,53,185,104,194,0,135,0,0,174,0,0,182,95,77,0,0,94,64,0,0,159,0,134,105,0,232,114,214,0,95,0,0,0,146,0,151,0,231,0,0,0,54,54,141,0
00432 features=848 size=46 p=1 tap=35 reset=true scheme=3 ops=2,2,3,2,3,3,0,3,2,3,3,3,3,2,1,3,1,2,2,2,2,0,2,1,2,3,3,0,3,0,0,1,0,1,2,3,1,0,0,3,1,3,1,0,1,0,2,0,0,1,3,1,2,2,1,3,0,3,2,3,2,2,3,1 ks=171,35,156,182,0,249,50,176,128,17,0,0,66,0,2,167,173,135,181,244,4,142,174,237,0,123,0,216,254,0,0,0,129,11,209,26,67,160,0,73,44,13,0,119,0,0,201,0,226,0,237,165,9,244,0,64,253,98,0,38,171,248,114,0
00433 features=962 size=64 p=2 tap=12 reset=true scheme=3 ops=3,0,2,1,2,1,2,3,2,3,0,0,3,3,1,0,1,0,0,3,2,0,1,0,0,1,3,3,0,0,3,0,2,3,0,3,1,0,0,1,2,2,3,3,3,2,2,0,0,3,2,3,3,3,2,1,1,2,0,1,1,0,0,1 ks=122,235,14,116,5,235,13,47,31,51,58,246,11,157,234,147,253,150,190,90,19,166,181,68,65,102,211,165,209,140,243,82,104,113,220,133,144,112,230,75,93,40,155,149,37,248,177,25,182,199,103,100,55,2,219,176,157,247,175,60,224,186,40,192
00434 features=751 size=24 p=5 tap=40 reset=true scheme=3 ops=0,3,2,2,1,0,2,3,3,2,3,1,0,3,3,1,3,3,3,1,2,3,0,1,1,0,2,1,3,1,0,1,0,1,3,0,1,2,1,2,1,3,3,1,2,2,2,2,2,0,0,1,2,0,2,1,1,0,3,1,3,3,2,0 ks=137,0,57,94,0,0,0,0,0,0,0,0,0,0,42,0,198,161,17,0,0,129,0,0,0,43,0,0,0,0,0,120,0,111,0,8,0,0,217,155,0,241,158,101,0,39,0,117,0,0,90,0,0,0,166,0,171,0,0,0,158,9,0,0
00435 features=903 size=43 p=1 tap=24 reset=false scheme=4 ops=2,1,0,1,0,1,1,3,3,0,2,2,0,1,2,2,3,1,0,3,1,3,2,2,2,0,0,0,1,3,2,2,2,1,0,0,0,3,3,2,1,2,0,3,2,2,1,1,2,2,0,1,3,1,0,3,3,2,0,3,1,1,1,2 ks=0,0,50,188,152,128,0,0,0,69,27,252,197,15,35,21,0,71,0,50,147,0,69,223,222,112,0,0,1,0,110,184,0,101,88,0,218,110,0,44,138,248,36,61,0,156,40,0,0,16,48,0,0,200,216,185,232,151,0,78,213,55,11,0
00436 features=985 size=64 p=5 tap=8 reset=false scheme=1 ops=1,0,3,3,2,3,3,3,3,2,2,0,0,0,3,1,1,1,0,2,1,0,3,0,1,0,3,1,2,0,0,2,2,0,0,3,2,3,2,3,2,1,2,0,2,0,1,2,1,0,0,1,0,0,0,1,1,3,0,0,2,0,1,1 ks=223,76,48,64,178,191,138,208,176,199,1,233,225,157,42,153,165,221,36,181,22,211,178,207,105,77,215,124,138,112,178,235,191,90,193,239,66,68,164,138,188,182,41,41,191,27,214,138,86,114,171,187,85,46,151,47,108,246,163,184,88,251,87,215
00437 features=757 size=18 p=5 tap=45 reset=true scheme=0 ops=1,2,1,2,1,3,2,0,1,3,2,1,1,3,2,0,0,0,0,1,2,1,0,3,1,3,0,1,2,0,3,2,3,2,1,2,3,1,1,3,3,3,2,1,2,3,0,2,1,3,1,3,0,1,0,2,2,0,1,2,1,0,3,3 ks=0,24,0,0,0,0,0,0,0,0,29,0,0,18,0,0,209,200,0,162,44,0,0,0,0,0,241,0,0,0,210,64,0,0,0,0,0,0,0,0,213,0,0,0,0,117,99,0,6,0,0,163,187,0,0,0,0,0,0,0,234,0,184,0
00438 features=833 size=26 p=1 tap=51 reset=true scheme=5 ops=0,3,3,3,2,2,0,2,2,1,3,1,3,0,1,0,3,3,2,0,3,3,2,1,0,2,3,3,3,0,1,1,1,0,3,0,2,0,3,1,3,3,0,0,3,3,1,2,1,1,3,0,0,2,3,0,2,0,0,0,2,2,3,1 ks=0,0,0,0,4,114,51,49,0,0,149,0,58,0,0,188,13,0,0,0,12,0,116,0,0,0,9,94,0,26,0,147,0,0,0,0,3,0,9,90,0,234,0,0,40,0,128,0,0,0,0,0,41,0,0,0,217,44,252,26,0,0,131,0
00439 features=955 size=63 p=10 tap=14 reset=true scheme=3 ops=0,2,1,0,0,0,3,3,1,0,1,3,3,3,2,1,3,3,0,3,0,0,1,3,1,3,3,3,0,3,1,1,2,1,0,2,3,1,2,0,2,3,0,0,1,1,2,3,3,3,0,1,2,0,0,0,1,2,1,3,1,2,0,1 ks=231,49,202,202,98,7,87,179,129,24,81,13,50,186,30,60,241,225,17,142,109,79,157,194,64,155,100,69,100,46,152,199,39,242,91,28,180,240,245,129,137,14,112,16,230,101,52,178,100,70,35,222,93,168,15,104,239,0,175,137,186,221,142,166
00440 features=747 size=25 p=2 tap=35 reset=true scheme=3 ops=3,1,1,0,3,2,3,2,3,3,2,3,3,2,1,0,3,0,2,2,2,0,0,3,1,0,3,2,2,1,0,2,2,0,2,0,3,2,0,3,3,1,1,1,0,1,0,0,1,0,2,3,1,0,0,0,3,3,1,1,3,1,2,2 ks=137,0,0,210,0,0,205,2,0,105,0,0,97,240,0,0,0,218,191,0,0,0,0,65,0,164,0,0,69,64,0,0,0,0,0,143,0,111,0,0,0,88,0,0,0,0,131,0,0,195,197,0,105,211,0,0,240,0,0,0,172,115,59,0
00441 features=963 size=64 p=10 tap=14 reset=true scheme=3 ops=1,1,2,1,1,0,3,2,3,2,2,1,0,2,2,1,1,3,3,2,0,2,2,2,2,0,0,0,0,3,0,3,1,3,3,2,3,0,1,1,1,0,0,2,1,2,2,3,3,0,2,0,3,2,2,3,1,1,1,3,3,1,2,0 ks=79,56,6,209,187,190,12,220,105,99,205,226,163,172,249,131,198,54,7,66,145,147,175,114,252,203,201,108,229,245,47,164,99,140,43,130,86,64,130,124,87,21,229,11,141,123,39,67,91,86,146,2,155,191,166,152,53,29,70,42,34,68,147,18
00442 features=852 size=21 p=10 tap=54 reset=true scheme=3 ops=0,2,2,3,1,0,3,2,3,3,0,1,0,2,0,0,1,1,0,3,3,0,0,0,0,2,0,2,0,1,3,2,0,2,1,0,3,1,0,0,3,2,1,2,3,0,1,0,3,0,0,1,0,2,1,2,3,3,2,3,2,0,0,1 ks=0,0,148,85,0,150,0,200,208,0,42,80,98,135,0,0,0,0,0,0,0,0,0,0,0,0,0,118,26,169,0,48,0,0,0,0,0,111,0,250,140,0,0,93,0,0,0,51,0,0,0,189,28,0,115,0,0,0,0,0,0,0,0,0
00443 features=821 size=24 p=1 tap=19 reset=true scheme=5 ops=3,3,1,1,2,1,3,3,3,3,1,1,3,0,0,2,2,1,3,3,3,2,3,2,1,1,0,1,0,3,0,0,1,1,3,0,2,2,1,2,1,0,2,2,1,1,2,3,1,2,1,0,0,3,1,2,3,3,1,0,3,0,0,2 ks=0,186,0,146,117,85,7,0,0,149,69,0,0,0,0,211,0,0,76,0,0,0,215,0,0,0,0,34,151,223,0,0,0,28,0,210,23,5,0,0,0,0,0,0,0,53,0,57,0,154,0,230,0,0,0,237,0,0,0,0,47,0,0,2
00444 features=980 size=63 p=2 tap=5 reset=true scheme=3 ops=3,1,3,3,2,3,0,0,1,2,2,3,3,2,3,1,2,2,1,0,3,1,0,0,3,3,0,3,2,0,3,1,0,0,2,1,0,3,1,2,2,0,1,1,2,2,2,0,3,0,2,2,3,2,2,1,2,0,1,3,0,1,0,0 ks=200,147,113,118,40,134,10,52,97,68,177,18,102,58,14,233,119,55,165,154,29,90,0,201,201,62,232,163,47,120,153,127,22,153,173,39,116,243,52,209,142,214,221,201,132,205,199,242,41,87,145,142,174,204,109,221,58,157,115,47,27,196,203,69
00445 features=736 size=23 p=1 tap=16 reset=true scheme=3 ops=3,1,3,3,2,0,3,1,2,1,1,3,1,0,2,3,0,0,2,1,3,3,2,1,1,2,0,0,0,3,2,1,1,3,3,3,2,2,2,2,1,2,2,2,1,1,1,2,3,1,2,1,2,1,1,1,3,1,0,3,0,1,2,2 ks=0,0,202,0,0,0,0,0,0,0,236,0,183,0,13,43,0,171,77,0,0,0,29,0,221,0,59,61,108,0,250,0,195,0,0,0,0,38,130,0,0,0,179,0,0,0,0,0,0,110,0,50,0,0,0,11,206,0,243,0,0,0,0,65
00446 features=940 size=44 p=2 tap=1 reset=true scheme=3 ops=3,2,0,2,2,0,3,2,0,2,3,2,2,1,0,0,1,1,2,3,2,3,3,3,0,3,0,2,0,0,2,1,0,3,2,0,1,1,2,1,1,3,0,2,2,1,2,0,0,3,2,3,3,0,0,0,3,2,2,1,1,2,0,1 ks=43,164,143,100,0,0,253,223,0,107,35,86,97,177,0,182,130,59,0,188,0,0,178,0,100,0,0,0,224,0,140,128,102,202,73,18,30,99,18,141,228,241,0,54,0,21,118,11,123,68,0,84,164,0,0,0,237,175,229,64,0,0,46,25
00447 features=956 size=39 p=10 tap=40 reset=true scheme=5 ops=0,2,1,3,1,2,2,3,0,1,3,2,1,2,2,3,1,0,0,0,0,0,3,3,3,2,0,3,1,1,1,2,2,0,3,0,2,1,3,3,3,1,0,1,3,3,3,1,2,3,3,3,2,2,2,2,2,2,3,0,0,3,2,0 ks=0,0,43,0,133,251,0,53,216,25,0,25,176,148,0,0,202,8,173,133,25,15,0,0,0,191,0,9,168,105,234,0,9,32,0,85,61,0,135,13,82,160,190,252,0,217,156,0,0,0,222,161,0,0,0,72,0,235,44,0,0,42,58,0
00448 features=800 size=26 p=2 tap=29 reset=true scheme=2 ops=2,0,0,0,0,3,1,1,0,1,1,2,1,1,2,2,2,3,1,2,3,1,0,3,2,0,3,0,2,3,0,0,3,0,3,2,2,0,2,2,1,2,0,2,2,0,0,0,0,0,2,2,1,2,1,1,1,1,3,2,3,2,0,0 ks=0,74,0,144,0,140,90,167,0,0,0,0,0,0,0,36,0,0,0,74,186,0,225,0,0,136,0,61,127,0,236,0,0,146,0,0,0,149,0,1,0,0,0,117,78,118,0,0,0,0,78,0,0,0,129,0,46,0,72,67,0,0,26,90
00449 features=988 size=64 p=5 tap=1 reset=true scheme=3 ops=3,3,3,0,2,2,1,1,0,1,3,1,0,2,1,3,1,0,3,2,1,0,2,2,1,3,1,2,0,3,1,3,2,2,1,1,0,0,0,1,3,1,0,2,3,0,3,1,3,3,1,3,0,3,0,3,2,3,2,3,2,3,3,2 ks=235,132,145,98,156,91,108,80,140,73,100,75,57,42,187,14,204,143,246,14,221,178,247,228,51,10,43,25,178,72,220,45,119,42,23,140,203,108,230,207,22,56,160,5,95,148,198,129,176,188,129,166,162,7,190,165,86,136,90,172,143,2,79,254
00450 features=978 size=63 p=5 tap=9 reset=true scheme=3 ops=2,0,2,0,2,0,1,1,2,3,2,1,0,1,1,3,0,3,1,0,3,0,3,1,1,3,2,1,3,3,2,2,3,0,2,1,0,1,3,1,3,2,1,3,3,2,3,2,3,0,0,1,1,2,2,3,1,3,1,0,3,0,1,3 ks=0,132,170,134,204,71,119,115,69,70,230,34,125,232,250,235,1,54,235,74,198,246,85,189,176,115,168,139,82,109,181,34,115,194,27,194,105,12,165,158,64,110,132,232,93,107,133,191,232,9,122,226,84,18,72,9,163,161,95,115,152,40,133,61
00451 features=830 size=17 p=2 tap=58 reset=true scheme=0 ops=0,2,3,1,2,3,1,3,1,0,2,0,2,0,3,2,2,3,0,2,1,3,0,3,0,2,1,2,0,3,2,1,2,3,3,1,0,3,1,1,2,1,2,2,3,0,0,1,2,3,2,2,2,3,2,0,3,1,0,1,2,2,1,3 ks=0,0,0,5,0,15,0,0,0,0,0,181,0,0,0,46,0,0,0,0,0,0,0,248,0,0,0,0,5,195,0,3,255,0,0,0,0,0,0,0,0,253,0,0,0,0,67,212,0,0,0,0,0,0,0,0,179,0,0,188,90,231,77,0
00452 features=873 size=45 p=2 tap=63 reset=true scheme=3 ops=2,3,0,0,3,2,0,3,0,2,2,3,1,0,0,0,3,3,3,2,0,3,1,3,3,2,1,3,1,1,0,2,3,0,3,2,2,0,0,0,3,2,3,0,0,1,1,0,3,3,3,1,1,1,3,2,2,0,2,2,2,2,3,3 ks=17,30,27,227,248,16,14,197,0,0,82,47,84,76,0,237,146,0,143,0,0,222,206,0,0,121,31,85,0,221,128,3,0,181,0,58,0,143,150,151,0,27,0,122,58,12,216,50,0,160,194,173,0,55,0,219,0,176,37,162,0,25,136,2
00453 features=703 size=23 p=2 tap=17 reset=false scheme=0 ops=0,3,3,1,3,1,3,1,1,3,3,1,3,1,2,0,3,3,3,3,2,3,1,3,1,3,0,0,0,3,0,2,3,2,0,2,2,2,0,1,1,3,1,2,1,3,3,3,0,1,0,1,0,1,1,3,3,0,2,2,0,2,2,0 ks=148,224,14,0,0,0,149,0,54,230,0,0,0,0,0,217,87,230,0,135,0,0,208,0,0,122,0,167,0,0,0,30,0,0,0,0,150,0,0,199,232,230,0,0,0,0,0,0,180,0,30,0,0,0,195,0,0,0,0,0,0,0,232,29
00454 features=998 size=48 p=2 tap=60 reset=true scheme=4 ops=3,3,3,1,2,1,0,3,3,2,1,1,0,0,3,1,2,2,1,0,3,0,3,3,3,1,2,3,1,1,0,1,1,3,1,2,1,3,1,3,2,3,2,2,0,1,1,3,0,0,3,2,2,2,0,0,3,2,3,3,3,2,1,1 ks=0,0,250,0,27,141,70,94,0,33,17,175,62,0,166,11,98,155,231,207,0,248,224,145,207,131,161,0,250,103,0,112,27,98,39,86,46,246,140,2,226,0,0,132,75,0,201,0,133,134,247,237,0,41,0,0,9,0,62,89,31,58,27,253
00455 features=833 size=18 p=5 tap=35 reset=false scheme=5 ops=0,0,3,1,1,1,1,3,2,2,0,2,0,0,0,0,3,3,1,2,1,3,1,0,0,2,2,3,2,2,1,3,0,3,2,2,1,2,2,2,2,1,1,2,0,3,0,2,2,2,0,3,3,2,0,1,1,0,0,3,2,2,1,2 ks=0,0,17,0,0,104,51,145,0,108,0,147,40,0,111,185,0,0,0,0,0,0,0,0,0,0,0,0,0,0,103,0,0,0,0,63,0,0,0,0,0,0,0,189,0,0,0,85,193,0,0,167,0,0,129,0,0,0,0,0,104,0,192,0
00456 features=767 size=15 p=5 tap=22 reset=true scheme=3 ops=3,1,3,0,3,3,1,2,2,2,0,0,3,0,3,1,2,3,3,0,3,3,0,0,0,1,2,3,0,0,2,0,2,2,0,0,3,1,1,0,1,3,2,1,0,1,0,3,3,0,0,2,3,0,0,0,1,0,2,3,2,1,1,0 ks=218,0,0,0,0,0,148,0,0,0,0,0,0,0,0,0,0,0,0,0,0,203,0,0,223,11,0,0,0,18,0,0,155,0,0,0,73,0,0,220,0,0,0,115,0,0,0,0,251,0,0,0,128,245,1,0,0,0,0,0,0,0,190,0
00457 features=948 size=40 p=1 tap=45 reset=true scheme=2 ops=3,0,2,2,1,0,3,0,0,2,2,3,2,1,0,1,1,0,2,1,3,0,2,3,0,0,2,1,1,2,1,2,3,3,2,1,3,1,2,3,3,2,1,3,0,3,1,3,3,3,1,3,0,3,2,3,1,0,1,1,2,0,3,0 ks=125,0,21,188,117,43,0,0,0,0,0,239,107,121,50,72,124,0,0,237,62,254,52,183,88,0,0,2,106,0,225,0,71,0,177,0,34,152,0,0,0,134,253,128,0,122,225,175,89,61,235,122,93,0,0,227,221,0,152,0,0,214,0,36
00458 features=736 size=43 p=10 tap=7 reset=false scheme=4 ops=3,2,3,2,1,3,3,2,3,2,2,3,3,3,1,0,1,1,0,1,0,0,0,3,1,0,2,3,0,3,1,1,3,2,1,0,0,3,2,2,1,1,3,1,0,2,1,2,0,3,2,2,0,0,2,1,2,1,2,1,3,0,3,0 ks=0,0,0,117,23,0,0,88,0,98,142,0,122,75,240,16,83,0,0,213,98,97,89,0,159,51,169,22,72,121,248,0,0,225,49,147,243,253,0,0,0,251,188,182,39,126,206,99,55,0,0,0,76,204,166,196,232,242,0,178,0,73,0,138
00459 features=856 size=40 p=5 tap=21 reset=true scheme=3 ops=1,3,1,0,0,3,3,2,1,1,2,1,3,1,1,1,2,0,1,3,3,3,3,2,1,0,2,0,0,0,2,3,2,1,3,3,2,0,3,3,1,1,0,0,1,3,1,1,3,1,1,2,3,1,1,0,2,0,1,3,1,3,1,0 ks=249,0,0,17,0,0,0,12,165,228,0,0,82,103,123,32,215,200,193,27,0,3,121,0,156,60,0,66,45,89,196,150,199,39,110,0,219,0,193,0,204,0,146,0,0,176,0,82,0,158,115,203,126,33,0,0,0,163,0,46,0,0,87,188
00460 features=860 size=41 p=5 tap=9 reset=false scheme=1 ops=0,2,3,0,3,0,1,3,3,1,0,1,1,3,1,2,3,2,0,2,0,1,3,3,2,2,1,3,3,3,1,3,2,3,1,0,1,3,0,1,0,0,0,3,2,1,0,2,3,1,3,2,3,0,0,0,1,0,2,1,3,0,3,3 ks=0,233,125,211,0,148,0,0,235,19,0,210,0,124,164,180,0,0,0,72,139,67,88,0,103,0,55,161,115,0,158,0,0,136,0,0,77,13,69,232,44,0,92,190,235,0,133,217,0,6,8,0,244,73,0,25,110,227,0,0,104,145,11,198
00461 features=810 size=20 p=2 tap=7 reset=true scheme=5 ops=2,3,3,3,0,3,3,2,3,0,2,2,3,1,0,2,3,1,2,1,2,1,2,2,3,2,3,1,3,2,3,3,0,3,2,0,2,3,0,1,2,0,1,2,2,1,1,0,0,1,1,1,3,3,3,3,1,1,1,3,3,1,1,1 ks=40,115,0,0,0,0,188,26,0,0,0,0,0,0,0,23,158,0,91,0,217,0,0,0,0,0,0,0,0,50,0,0,0,254,179,227,0,0,0,0,0,0,0,221,0,0,77,0,0,0,139,0,0,254,0,242,0,0,84,237,0,0,91,0
00462 features=814 size=40 p=5 tap=25 reset=true scheme=3 ops=1,2,2,2,0,3,0,3,2,2,1,3,3,2,0,1,2,0,0,3,2,3,2,2,1,0,2,1,3,0,0,3,1,3,1,2,0,3,1,1,0,1,1,0,3,2,3,0,0,1,0,2,3,1,1,0,3,1,3,2,1,0,1,3 ks=103,178,0,135,0,0,0,157,0,0,241,8,88,0,29,147,58,142,154,34,0,0,0,205,0,85,98,16,131,0,171,75,73,0,170,0,53,101,176,0,146,115,0,44,79,80,0,167,146,0,254,0,0,64,59,22,0,148,92,0,0,21,235,0
00463 features=797 size=25 p=2 tap=18 reset=true scheme=3 ops=3,0,3,0,0,1,3,1,1,3,3,0,2,3,2,0,0,2,2,3,0,3,3,0,0,0,1,1,1,2,1,2,0,1,3,1,2,0,1,0,2,2,2,3,0,2,3,3,2,1,3,2,2,2,2,1,0,3,1,0,0,3,0,1 ks=128,0,46,0,0,0,132,106,0,0,5,0,0,0,0,41,171,72,28,148,243,0,0,0,0,0,16,0,108,0,0,195,0,0,237,0,0,0,0,0,0,0,0,209,39,102,0,0,0,0,251,87,0,162,0,4,0,194,36,0,0,150,0,0
00464 features=633 size=15 p=10 tap=63 reset=false scheme=3 ops=1,3,3,1,2,0,3,1,2,1,3,0,2,2,3,2,1,0,0,0,3,0,0,1,3,3,3,0,0,1,3,3,2,3,1,3,1,0,1,3,0,3,2,2,0,3,0,3,3,0,0,2,2,1,3,2,2,3,0,1,2,3,3,3 ks=0,0,0,149,105,0,0,0,0,94,0,0,252,0,0,254,0,0,57,244,0,117,0,0,0,0,0,93,55,0,0,98,0,0,0,0,0,0,103,0,0,0,0,0,0,0,0,0,0,0,0,79,0,0,0,0,0,0,0,0,0,59,0,149
00465 features=669 size=17 p=2 tap=8 reset=false scheme=0 ops=3,3,0,0,0,3,1,3,2,1,1,1,2,1,1,0,2,0,0,1,1,1,2,1,1,0,2,2,3,0,1,3,3,1,0,0,1,0,2,0,2,2,1,0,2,2,3,2,3,3,2,2,1,2,3,1,3,0,3,0,2,1,3,0 ks=0,1,0,0,0,0,0,0,145,0,0,0,35,0,0,57,108,0,0,0,0,0,248,0,0,0,137,0,0,0,56,0,0,0,184,223,128,0,248,0,0,139,42,0,0,82,0,0,132,0,0,0,0,255,0,0,0,0,0,0,0,0,0,0
00466 features=793 size=18 p=5 tap=23 reset=true scheme=3 ops=2,0,1,3,0,2,1,3,1,1,2,2,2,0,0,3,0,1,0,0,2,1,3,2,1,1,3,2,2,0,3,3,0,0,2,1,0,3,2,2,1,3,3,3,0,3,3,0,3,0,3,1,0,0,3,0,0,3,3,1,0,2,1,0 ks=0,0,0,30,0,0,0,0,0,0,228,0,246,0,0,0,0,0,89,0,0,0,70,0,0,0,0,0,0,90,185,0,0,0,53,0,0,0,0,40,0,0,0,0,0,0,85,0,0,0,154,51,0,71,79,0,0,7,0,0,223,212,147,0
00467 features=852 size=42 p=2 tap=48 reset=true scheme=3 ops=0,1,3,0,1,1,1,2,3,3,2,2,3,1,3,1,1,1,1,2,0,3,0,0,0,3,1,1,1,2,1,3,0,3,1,2,1,2,0,0,3,0,1,2,3,2,1,1,3,1,3,2,0,0,0,3,2,1,2,2,3,3,0,1 ks=34,0,0,0,0,219,124,105,0,0,206,92,124,70,172,29,0,248,38,204,0,120,0,0,75,26,24,160,92,0,110,18,176,0,26,0,120,0,0,0,77,93,0,189,0,86,125,168,238,136,60,0,0,97,42,195,241,159,0,127,217,0,162,87
00468 features=736 size=22 p=5 tap=37 reset=true scheme=3 ops=2,2,3,3,0,0,3,0,1,1,0,1,0,0,1,0,0,3,2,1,0,3,0,1,1,2,1,1,3,1,2,2,0,1,3,1,2,3,0,3,0,2,0,0,3,2,2,0,1,2,3,2,3,3,0,0,2,3,2,1,0,0,3,3 ks=0,0,0,70,252,0,0,40,124,137,209,0,76,0,0,0,0,16,28,0,0,0,0,0,122,0,0,0,219,82,0,0,91,0,0,0,241,72,226,0,0,209,0,0,0,0,0,0,0,247,0,0,0,0,97,0,142,0,64,0,9,0,0,0
00469 features=821 size=40 p=1 tap=45 reset=false scheme=4 ops=0,2,3,0,0,2,2,2,0,2,2,0,3,1,3,0,0,1,1,3,1,0,2,0,0,2,3,3,0,3,3,2,2,3,2,2,0,1,2,1,3,1,1,0,2,3,3,3,1,3,3,2,3,3,3,3,3,1,0,0,1,3,2,1 ks=102,196,154,20,0,44,0,0,0,0,251,27,126,95,124,35,43,0,249,0,0,125,0,0,82,231,0,221,0,120,179,104,0,0,193,5,215,227,0,0,0,35,149,0,7,14,3,10,19,0,0,242,0,255,40,155,138,0,227,0,0,219,151,212
00470 features=874 size=31 p=10 tap=34 reset=true scheme=5 ops=1,1,2,2,3,0,2,3,3,3,3,3,0,2,2,1,1,3,1,1,2,1,3,0,3,3,1,0,2,1,3,1,3,1,2,1,3,3,0,1,0,2,1,2,2,0,0,3,3,2,0,3,2,0,0,1,0,0,2,1,1,1,3,0 ks=0,0,129,0,125,0,0,0,0,0,169,0,84,1,0,196,0,0,0,153,0,0,56,0,0,0,0,0,0,59,0,125,0,0,63,0,0,253,0,59,0,15,188,47,0,209,176,87,0,195,19,178,0,0,130,6,144,0,249,96,4,89,88,250
00471 features=851 size=46 p=1 tap=8 reset=false scheme=4 ops=3,0,2,1,1,1,2,3,0,3,0,1,2,1,0,1,1,1,3,1,0,0,3,1,2,3,1,3,1,2,2,3,0,2,0,1,3,1,2,2,0,3,2,1,1,3,0,2,1,1,0,1,1,2,0,0,2,2,1,3,1,3,0,2 ks=0,0,107,1,0,237,0,0,97,238,0,85,109,0,107,151,93,248,17,15,52,253,0,34,0,49,231,0,0,211,0,145,138,181,7,109,70,63,28,17,155,28,120,0,107,123,104,118,134,86,65,254,14,118,0,100,0,133,101,0,0,98,0,76
00472 features=855 size=43 p=1 tap=38 reset=true scheme=5 ops=2,0,0,3,2,1,2,3,3,3,1,2,1,2,1,0,0,0,1,0,3,3,2,0,0,0,1,2,3,1,2,1,0,3,0,3,3,3,2,2,3,3,0,2,0,3,0,1,0,3,0,0,1,2,2,2,2,1,0,2,2,1,2,0 ks=0,0,103,208,55,62,45,10,55,19,0,0,44,0,121,78,0,0,211,4,9,0,133,34,104,29,224,86,0,228,153,13,214,0,81,238,0,122,239,243,0,0,0,32,47,0,72,0,47,65,0,145,0,115,59,80,240,0,0,136,222,192,0,181
00473 features=877 size=44 p=5 tap=26 reset=true scheme=3 ops=2,1,2,0,0,3,0,0,3,3,0,2,2,1,2,3,2,1,1,1,3,3,2,0,0,1,2,1,0,3,1,2,3,1,3,3,3,0,0,2,1,2,1,1,3,3,3,3,3,3,3,2,2,2,3,0,1,0,2,1,0,1,2,0 ks=148,180,0,0,0,129,26,67,216,122,0,0,0,0,61,120,0,60,198,126,80,0,30,146,17,0,220,209,229,90,145,242,56,0,208,0,0,242,249,0,187,0,32,91,164,24,188,187,51,0,32,0,27,58,82,0,0,220,54,0,71,142,188,80
00474 features=797 size=41 p=1 tap=3 reset=true scheme=3 ops=3,3,1,3,1,3,0,0,3,2,2,1,2,3,2,3,1,2,3,3,1,0,2,1,2,1,0,2,3,3,2,1,1,3,3,2,0,1,0,2,0,1,0,2,3,0,0,1,1,1,3,0,3,3,1,2,1,3,2,0,2,1,2,1 ks=116,164,57,133,80,0,0,67,0,0,145,0,0,0,47,41,0,6,218,1,0,176,202,208,185,135,82,220,0,0,20,237,132,0,74,149,0,175,112,75,18,110,0,217,93,121,171,0,174,21,4,176,79,0,0,0,0,95,0,88,0,0,0,33
00475 features=723 size=15 p=5 tap=8 reset=true scheme=3 ops=3,2,0,0,2,2,3,1,2,0,3,3,0,0,3,3,0,2,2,1,1,3,0,0,2,3,3,2,2,1,1,1,2,3,0,1,3,1,3,1,1,2,0,0,3,3,0,2,3,3,3,0,3,3,1,0,3,0,2,2,3,1,1,2 ks=218,0,180,0,0,0,0,0,119,0,236,0,0,199,143,0,161,71,0,0,224,0,0,0,125,0,0,0,146,0,0,0,0,0,0,0,35,0,0,0,0,0,0,0,0,0,0,0,181,0,48,0,0,0,0,0,0,0,0,129,0,0,0,0
00476 features=773 size=22 p=10 tap=28 reset=false scheme=5 ops=3,1,1,3,2,1,0,2,3,3,3,3,3,3,2,3,1,1,2,3,1,2,2,1,1,2,2,3,3,2,0,2,3,0,0,2,1,0,3,3,2,2,1,2,1,2,2,1,3,1,2,0,3,2,3,2,3,0,0,1,0,3,0,3 ks=3,91,170,0,0,180,0,0,0,0,0,0,0,108,0,0,0,0,0,0,136,0,226,0,27,0,0,0,232,214,0,0,138,136,0,251,0,27,0,141,0,0,0,3,159,0,0,0,247,0,0,0,38,72,65,0,119,0,0,0,0,0,0,0
00477 features=657 size=23 p=10 tap=44 reset=false scheme=4 ops=1,2,3,3,0,1,1,1,1,1,0,2,0,1,0,1,2,1,2,0,1,3,0,1,2,3,3,0,1,2,1,0,1,1,0,2,2,2,2,0,3,0,0,3,1,3,1,1,1,0,3,0,2,2,0,3,1,1,2,0,1,2,2,2 ks=0,0,0,0,112,48,165,0,0,41,155,20,0,40,0,0,0,0,0,0,0,238,0,0,47,19,0,0,0,0,31,0,69,0,0,0,135,0,0,0,0,13,205,0,114,191,0,0,0,119,0,0,0,0,59,0,0,249,212,0,0,62,242,0
00478 features=925 size=42 p=5 tap=24 reset=true scheme=1 ops=2,0,3,1,3,1,0,2,0,1,1,0,3,2,1,0,3,3,1,3,1,2,0,3,2,1,1,1,3,2,2,3,2,0,3,3,1,3,3,0,1,3,3,3,2,0,0,0,0,0,3,1,2,0,3,2,2,0,2,3,2,1,2,3 ks=58,0,254,29,0,195,0,74,219,0,78,250,19,0,0,23,140,200,210,0,27,0,0,0,0,0,0,160,91,0,0,88,216,108,145,236,103,72,107,29,194,154,0,126,0,169,0,98,0,157,200,128,0,7,52,45,135,214,244,87,0,0,231,241
00479 features=776 size=21 p=2 tap=63 reset=true scheme=3 ops=0,0,1,0,0,3,0,1,0,2,1,1,1,2,2,2,1,2,3,1,1,1,3,3,2,3,2,2,1,1,1,0,0,3,0,0,3,0,3,0,2,3,3,0,3,2,2,2,0,1,3,2,3,2,1,2,0,0,1,0,1,1,3,0 ks=0,0,0,89,0,0,124,0,0,0,0,0,0,0,0,0,1,32,0,175,213,228,0,0,0,0,0,228,119,0,0,0,0,0,0,135,0,0,73,0,0,0,71,137,167,12,53,0,0,0,147,0,0,207,255,0,0,0,47,0,0,154,0,0
00480 features=801 size=20 p=10 tap=54 reset=true scheme=0 ops=3,2,1,1,1,0,2,1,1,1,1,3,2,1,3,0,1,1,2,2,1,1,0,0,3,1,2,3,3,1,2,2,3,3,1,3,1,3,1,3,2,3,3,0,3,2,0,1,1,2,0,0,3,3,1,3,1,3,0,1,2,0,1,1 ks=0,0,192,190,226,0,0,0,0,240,0,0,0,0,179,102,183,0,32,27,0,0,0,0,0,0,0,0,0,0,0,0,0,148,130,0,10,81,0,0,0,0,191,0,0,0,0,0,51,0,0,176,0,0,0,0,0,0,0,169,70,0,139,19
00481 features=774 size=22 p=5 tap=13 reset=true scheme=1 ops=1,3,1,3,1,0,2,1,2,1,3,3,3,3,0,1,0,0,3,1,0,0,3,0,0,1,1,0,1,2,2,1,2,3,1,1,3,3,0,2,0,3,2,3,1,1,1,2,3,3,3,0,2,3,0,2,1,1,1,1,1,1,2,2 ks=0,0,0,0,0,24,0,0,0,0,0,0,0,179,214,158,0,0,0,0,120,0,0,42,0,96,0,0,22,0,225,0,0,0,44,0,0,105,0,40,0,0,0,0,247,164,215,0,133,0,0,0,0,0,247,157,2,0,0,146,0,160,253,0
00482 features=783 size=44 p=2 tap=24 reset=true scheme=2 ops=3,0,1,1,2,2,1,2,1,1,0,0,0,3,1,0,3,3,1,2,2,3,3,2,1,2,2,2,3,3,2,2,3,2,2,0,3,2,3,0,0,3,3,0,0,1,1,0,2,1,0,3,1,3,1,0,1,3,2,2,3,3,2,0 ks=253,11,0,0,93,27,60,219,126,0,0,155,95,0,30,82,0,254,0,0,91,0,240,185,0,82,0,235,95,109,235,0,0,43,150,163,237,0,48,146,171,230,222,0,156,16,39,0,181,246,197,188,0,194,0,76,0,133,31,171,0,99,236,226
00483 features=986 size=64 p=5 tap=4 reset=false scheme=2 ops=0,3,3,0,3,1,3,0,0,2,1,1,1,0,3,3,2,0,0,1,0,0,2,1,1,0,1,1,2,0,2,3,0,1,2,2,3,3,3,0,2,3,0,3,0,1,2,2,0,1,1,1,1,0,0,3,1,1,1,1,1,3,1,3 ks=65,54,226,125,23,154,6,41,200,168,69,99,185,15,140,150,233,152,86,215,110,190,152,84,93,184,16,84,90,65,53,76,23,171,108,173,187,61,145,203,46,223,243,241,162,119,89,102,69,93,250,166,98,146,203,135,114,145,14,223,7,159,184,54
00484 features=713 size=41 p=1 tap=46 reset=false scheme=3 ops=3,1,3,0,0,1,1,0,1,3,1,3,3,0,0,0,3,3,0,0,0,0,0,1,3,3,2,0,0,3,3,2,3,3,0,3,0,2,3,3,3,2,2,0,2,3,0,1,1,0,1,0,0,1,0,3,3,1,2,3,1,2,0,0 ks=0,154,0,95,133,190,33,117,123,88,68,0,171,228,0,0,126,182,82,161,220,18,143,47,0,125,50,120,126,76,0,174,0,0,97,0,28,0,131,0,0,122,0,72,0,185,182,0,82,0,119,65,0,92,15,17,64,98,0,196,0,0,0,0
00485 features=708 size=21 p=10 tap=17 reset=true scheme=3 ops=2,0,2,2,2,3,2,0,3,1,0,3,3,3,1,3,3,2,1,0,1,0,1,2,2,1,3,1,2,3,2,1,1,2,2,0,3,1,3,0,1,1,1,1,1,2,1,3,0,0,1,1,0,0,2,1,3,2,3,2,0,1,1,0 ks=0,0,101,0,167,0,0,0,38,0,0,0,190,0,23,0,11,0,226,13,0,118,0,8,0,88,38,0,206,177,234,0,0,0,0,27,0,0,0,0,0,0,0,0,0,0,0,0,201,100,0,0,0,189,169,0,174,0,0,0,0,0,0,0
00486 features=455 size=22 p=2 tap=29 reset=false scheme=0 ops=1,1,3,3,0,0,1,1,1,3,3,1,1,2,0,0,3,2,1,3,1,0,3,3,2,0,1,3,1,3,3,3,3,0,3,2,2,3,2,2,3,3,0,2,3,2,2,2,2,2,1,2,1,2,2,0,0,3,2,3,0,0,2,1 ks=0,0,0,0,183,0,191,0,0,0,0,0,0,142,0,0,113,0,0,0,0,0,0,0,0,0,0,241,88,0,86,0,0,190,0,0,104,26,61,146,0,211,0,134,0,128,0,0,17,0,0,239,0,118,0,168,0,157,0,0,0,53,0,107
00487 features=974 size=44 p=2 tap=50 reset=true scheme=2 ops=3,2,0,3,2,2,1,2,1,1,2,1,2,3,1,3,3,3,3,3,1,3,1,1,3,1,3,3,3,2,0,3,3,2,0,1,0,3,3,2,3,3,3,2,2,2,1,0,3,2,3,2,2,2,2,3,2,1,2,2,1,2,1,1 ks=57,8,0,7,0,57,0,25,0,0,92,191,177,0,232,98,0,237,223,29,165,0,0,21,232,198,126,0,213,236,0,237,133,0,0,78,172,83,212,211,78,16,32,30,112,43,15,0,178,0,250,0,0,235,142,0,173,233,0,134,189,158,200,0
00488 features=707 size=29 p=5 tap=20 reset=false scheme=5 ops=1,0,1,0,3,2,1,3,0,3,2,1,3,1,2,3,0,2,0,1,0,3,1,3,2,2,1,0,3,3,1,2,3,0,0,1,1,2,0,0,0,2,0,2,3,2,2,0,2,0,3,0,3,1,1,2,2,3,3,3,3,2,0,1 ks=0,0,0,81,0,0,0,127,0,0,244,0,0,0,0,0,226,0,221,0,0,240,0,0,0,26,167,172,232,46,0,0,136,204,0,0,116,38,167,0,66,32,226,0,0,99,0,236,0,0,42,0,0,0,15,82,180,156,0,27,0,85,0,79
00489 features=851 size=41 p=1 tap=31 reset=true scheme=3 ops=1,1,2,1,2,0,0,2,3,1,3,0,3,1,3,2,0,0,2,2,2,1,1,1,1,0,1,3,2,1,0,2,1,1,1,2,0,0,0,1,1,2,2,2,2,2,2,0,2,2,0,1,3,2,1,2,2,0,1,1,1,3,1,2 ks=207,111,0,0,235,188,155,204,144,0,231,0,93,196,131,54,58,58,69,95,0,248,0,138,241,0,174,84,29,0,101,0,205,251,49,36,141,0,32,0,139,0,103,0,22,116,40,0,8,137,117,0,0,0,0,197,0,0,10,0,249,0,0,226
00490 features=637 size=11 p=2 tap=37 reset=false scheme=5 ops=3,1,2,2,1,2,2,1,3,3,1,2,1,2,3,0,0,2,3,3,2,3,2,2,3,3,1,1,2,1,0,1,0,2,0,3,0,2,1,2,2,3,3,1,3,3,3,3,2,0,3,0,0,0,1,3,2,2,2,3,2,3,2,2 ks=0,0,0,0,181,0,0,247,0,27,198,0,0,0,0,0,239,141,0,0,0,0,0,0,0,0,102,0,0,0,0,0,0,0,199,0,220,0,0,0,0,0,0,0,0,0,232,0,0,0,0,0,0,0,0,0,0,233,0,0,0,0,0,0
00491 features=980 size=64 p=5 tap=53 reset=true scheme=3 ops=2,3,1,1,2,0,1,2,3,1,2,3,3,1,1,2,2,1,3,0,2,1,2,2,1,1,3,3,2,0,1,2,3,2,3,2,1,0,3,3,3,0,3,0,1,2,3,0,1,1,3,3,2,3,1,1,3,2,0,0,3,2,0,3 ks=226,209,18,193,125,70,62,4,132,113,62,159,244,144,76,179,184,167,234,107,129,191,143,78,106,157,88,113,91,8,157,23,9,44,36,115,233,101,117,2,18,204,241,115,212,61,16,244,142,240,185,42,215,82,42,80,186,120,113,192,67,19,54,138
00492 features=777 size=20 p=5 tap=33 reset=true scheme=3 ops=2,0,0,1,1,2,1,0,3,1,1,2,3,2,2,1,3,2,2,2,2,1,2,3,1,1,2,2,3,2,0,0,3,0,2,1,3,3,0,3,1,0,3,1,2,0,3,3,1,1,1,1,2,1,2,0,1,2,3,3,3,1,1,0 ks=221,23,0,25,0,0,207,0,24,0,0,0,0,186,0,0,0,0,0,43,0,211,0,0,0,0,0,0,0,0,0,0,103,0,0,77,213,235,0,0,0,0,0,0,145,0,22,0,84,0,17,0,0,0,0,0,0,139,0,218,12,0,0,132
00493 features=867 size=41 p=1 tap=22 reset=true scheme=3 ops=2,0,3,3,3,0,3,3,0,1,2,3,2,1,2,1,1,0,2,3,3,2,0,2,2,2,3,1,0,1,2,2,0,0,3,2,1,2,3,3,3,3,3,3,3,0,3,2,3,2,2,1,3,2,1,2,0,1,0,2,3,1,1,1 ks=0,40,0,12,69,0,249,178,24,0,0,67,0,70,0,174,0,168,71,55,141,0,0,35,0,0,56,183,216,133,155,0,221,0,186,204,0,0,36,240,53,0,173,93,0,56,220,0,208,0,4,111,222,0,161,142,246,0,43,61,132,217,26,0
00494 features=937 size=24 p=10 tap=44 reset=true scheme=4 ops=3,2,0,2,3,1,2,0,0,0,3,2,3,2,1,1,0,3,0,3,1,3,0,0,0,1,3,3,3,3,3,2,3,0,2,0,2,3,2,0,2,3,2,3,2,2,3,2,2,1,2,2,2,2,0,2,0,0,2,1,0,3,1,0 ks=0,126,0,0,0,0,0,0,0,0,0,0,0,0,173,0,0,0,43,0,72,0,88,0,131,34,0,41,0,88,42,79,35,0,0,7,0,61,113,0,0,41,144,0,188,0,0,105,0,0,0,0,238,0,0,150,0,209,0,199,74,0,0,0
00495 features=998 size=64 p=5 tap=20 reset=false scheme=4 ops=1,2,2,0,3,0,0,3,3,1,2,3,3,2,2,3,3,0,3,3,3,3,0,0,3,1,3,0,0,3,2,0,0,1,3,2,0,1,3,1,0,0,0,3,3,1,1,2,0,0,3,0,0,0,0,2,2,3,2,1,0,3,2,0 ks=53,100,112,197,2,46,53,101,14,16,107,197,25,194,163,4,117,33,62,211,205,141,31,101,66,87,150,164,128,96,191,241,56,170,130,7,68,106,168,124,32,158,50,162,53,140,42,203,28,13,210,190,76,215,209,252,60,165,73,107,252,93,183,127
00496 features=1012 size=64 p=10 tap=44 reset=true scheme=0 ops=1,2,2,2,1,0,3,2,0,1,0,3,2,3,1,3,2,3,0,0,3,3,2,1,2,0,3,2,2,2,3,2,0,0,3,2,0,1,3,3,3,0,3,3,3,0,0,1,2,1,0,2,1,3,1,2,1,0,0,3,3,0,2,3 ks=100,67,173,199,14,226,104,254,223,250,13,255,192,145,217,109,221,83,26,138,125,206,97,117,37,174,132,81,62,76,156,51,235,253,156,123,201,9,199,245,207,95,102,159,210,23,94,44,124,59,104,199,244,173,213,220,69,35,13,56,8,25,24,135
00497 features=725 size=15 p=10 tap=33 reset=false scheme=3 ops=2,2,3,0,0,3,0,3,1,1,0,3,3,1,3,0,0,2,2,3,3,3,1,3,2,2,0,3,1,1,2,0,3,3,1,0,0,2,3,2,3,0,3,1,3,3,0,3,2,0,0,0,2,3,1,3,3,3,0,2,1,0,0,2 ks=0,0,0,45,0,0,0,144,1,0,0,0,0,91,0,0,0,0,0,0,0,0,0,0,137,0,0,76,0,73,87,156,130,82,127,0,0,0,0,0,0,0,0,0,0,189,0,0,29,0,0,0,0,232,0,0,0,0,0,0,0,0,0,0
00498 features=718 size=19 p=10 tap=43 reset=false scheme=3 ops=2,2,3,0,2,2,1,3,1,0,0,1,2,0,2,1,1,0,0,1,0,3,2,2,1,2,1,3,2,2,1,2,0,3,2,2,3,3,2,1,2,3,1,3,1,2,0,2,1,0,0,1,3,3,0,2,2,0,3,2,1,1,0,1 ks=0,220,0,0,0,0,0,0,0,0,0,0,0,0,12,0,241,0,0,249,30,11,0,81,0,139,0,0,144,0,0,0,0,0,0,0,0,0,0,0,0,76,0,19,0,0,88,41,0,0,0,0,91,0,17,0,0,121,0,0,203,180,169,0
00499 features=949 size=64 p=2 tap=58 reset=true scheme=3 ops=0,0,0,1,3,0,3,3,3,1,0,2,1,1,2,0,0,3,2,2,2,3,1,3,0,0,2,2,2,0,1,1,0,0,2,0,0,3,3,1,0,3,0,0,2,2,3,3,3,1,0,0,0,1,0,0,2,3,3,0,2,0,1,2 ks=234,80,123,31,54,38,42,84,125,49,42,8,162,249,73,195,91,250,99,140,159,153,87,55,155,138,156,250,39,188,24,79,141,105,67,123,20,249,182,104,116,155,148,235,102,121,236,111,254,37,207,44,11,88,8,222,146,10,218,45,102,99,50,148
00500 features=778 size=23 p=10 tap=34 reset=false scheme=4 ops=3,2,2,2,2,0,0,2,2,0,0,3,1,1,1,3,0,2,2,2,0,3,0,1,2,2,1,3,0,1,3,2,3,3,2,0,3,0,0,3,1,0,0,1,1,1,1,0,2,1,0,3,3,0,3,3,0,1,0,3,0,2,2,2 ks=0,0,0,172,0,4,10,0,21,219,7,0,0,0,0,0,198,87,3,0,0,59,0,0,0,18,141,0,0,194,0,151,0,75,0,0,0,0,70,0,0,0,28,0,0,0,0,0,0,7,0,0,0,183,0,0,159,0,195,0,182,0,187,0
00501 features=688 size=18 p=2 tap=30 reset=true scheme=3 ops=3,2,0,0,0,3,1,1,3,3,1,3,2,2,2,3,2,1,3,0,1,3,3,0,2,3,2,2,1,3,3,0,0,3,2,0,0,2,0,1,1,3,3,0,1,3,3,1,0,1,2,3,2,1,0,2,0,0,3,3,1,1,2,3 ks=0,132,223,0,238,221,0,0,62,98,166,0,0,0,0,230,0,0,0,0,0,0,15,0,10,0,0,0,0,0,98,95,110,0,0,0,0,0,0,0,0,0,0,0,0,0,0,0,0,56,0,0,0,45,0,240,0,235,28,0,0,0,0,0
00502 features=944 size=64 p=2 tap=4 reset=true scheme=3 ops=2,2,1,2,3,3,3,2,0,0,0,3,3,2,2,1,1,3,1,0,1,1,0,2,2,1,2,0,2,0,1,0,3,0,3,2,3,0,2,0,0,3,2,0,1,1,1,0,0,2,0,1,0,0,0,2,2,0,1,3,0,0,2,1 ks=114,8,113,32,143,169,190,155,145,51,55,29,46,147,2,119,129,139,195,68,82,156,81,24,39,128,180,51,154,185,211,35,254,84,116,147,93,64,2,187,30,241,209,156,9,171,130,147,30,199,54,103,140,251,90,171,30,252,43,197,206,243,174,189
00503 features=970 size=64 p=2 tap=25 reset=true scheme=3 ops=1,0,0,1,1,0,1,3,3,2,0,0,1,2,2,3,0,2,0,2,1,3,0,1,0,1,3,3,0,2,0,3,3,3,3,3,1,1,1,0,2,3,2,1,0,2,0,2,1,1,2,3,2,2,1,1,2,1,0,2,3,2,1,2 ks=202,169,218,51,102,144,81,125,146,127,215,92,177,40,81,95,107,114,185,7,140,63,68,154,210,128,42,106,51,97,193,185,184,8,149,43,143,84,163,224,3,67,231,226,4,202,205,71,42,145,86,205,50,11,112,110,126,111,138,229,216,82,40,228
00504 features=752 size=24 p=2 tap=45 reset=true scheme=3 ops=1,3,1,0,3,3,1,1,3,2,3,0,3,3,0,3,0,1,0,2,0,1,3,1,0,1,2,1,1,2,3,0,3,2,0,2,0,3,1,1,3,0,0,0,0,3,3,1,1,0,3,1,3,3,0,0,2,2,0,2,0,2,2,0 ks=228,0,241,143,0,0,203,33,0,88,0,0,0,0,121,184,226,0,210,0,0,0,220,0,0,0,0,0,193,0,220,0,0,0,0,95,142,0,83,0,0,0,194,68,0,102,0,0,115,0,0,0,0,0,0,1,0,207,0,0,175,0,0,169
00505 features=762 size=16 p=2 tap=4 reset=true scheme=3 ops=3,1,2,2,0,1,3,1,3,2,2,1,1,2,1,3,0,2,3,3,0,3,3,0,3,2,0,2,3,0,1,3,1,1,2,2,3,0,2,0,2,3,0,2,3,2,0,2,3,3,2,1,1,0,3,2,1,3,1,1,3,2,3,2 ks=0,0,0,0,98,0,0,0,0,0,0,0,0,246,201,0,0,0,0,0,0,0,0,77,227,0,0,0,0,41,0,0,0,63,0,0,0,0,85,0,0,0,0,96,83,33,74,0,0,0,0,0,0,214,171,0,0,140,0,0,0,55,0,0
00506 features=834 size=31 p=1 tap=48 reset=false scheme=5 ops=0,1,3,0,0,1,0,0,3,0,2,1,1,3,3,0,3,0,2,3,0,3,2,2,1,0,1,1,0,0,3,2,0,2,2,3,2,2,3,3,2,2,3,0,1,3,3,3,3,0,3,1,1,2,1,0,3,1,2,2,2,0,1,0 ks=145,228,143,0,0,222,66,178,0,0,209,192,0,0,0,41,0,121,0,154,74,232,55,0,46,0,0,87,218,0,0,0,212,0,0,0,0,0,0,0,0,0,0,0,0,0,0,191,92,167,121,119,235,106,36,0,60,0,0,147,0,19,1,18
00507 features=844 size=45 p=5 tap=5 reset=true scheme=3 ops=1,0,2,2,3,3,1,0,0,1,0,3,1,2,0,0,0,3,3,1,3,2,0,0,2,0,3,2,2,1,0,2,1,0,0,2,3,0,1,2,3,0,0,3,3,2,2,1,1,1,0,2,1,3,1,1,3,0,1,3,3,2,2,3 ks=13,254,0,0,61,229,224,17,254,95,95,151,0,0,110,0,89,63,246,187,0,0,0,254,69,0,0,119,171,38,6,0,21,29,201,208,99,238,168,240,234,243,177,175,0,0,198,197,255,255,0,0,233,0,0,252,233,3,0,13,12,104,91,0
00508 features=762 size=44 p=5 tap=16 reset=true scheme=3 ops=1,2,3,0,3,3,0,3,1,3,1,3,3,2,1,3,2,3,2,2,3,3,1,3,1,3,2,1,1,0,3,1,1,2,2,1,3,2,2,0,1,2,2,0,3,2,1,2,1,3,2,3,0,3,0,0,3,0,2,1,1,3,2,1 ks=0,52,0,46,208,0,80,134,51,0,0,0,0,244,65,173,189,0,156,154,32,0,0,0,130,119,165,0,136,211,0,233,0,112,186,194,0,133,140,0,133,169,171,100,128,227,218,108,98,148,139,146,216,165,200,78,62,246,0,0,0,173,93,0
00509 features=895 size=45 p=10 tap=11 reset=false scheme=2 ops=3,2,0,0,0,0,0,1,1,3,0,3,3,2,0,3,3,2,0,0,3,0,3,2,3,0,2,3,0,0,1,3,0,2,0,0,1,1,3,3,1,1,0,1,1,0,1,1,1,3,3,3,3,0,2,3,1,0,3,1,3,2,3,3 ks=0,85,50,0,186,49,64,183,0,80,140,0,117,69,97,209,0,0,0,0,0,0,145,0,107,153,59,0,0,14,149,214,238,70,44,107,0,56,32,223,64,195,100,0,115,93,218,56,0,73,0,226,228,0,0,195,132,17,23,246,247,236,56,68
00510 features=942 size=63 p=10 tap=9 reset=true scheme=3 ops=2,3,0,3,1,0,0,0,3,3,1,2,0,0,3,2,2,0,3,3,0,3,2,1,0,3,0,2,0,2,0,2,1,3,1,2,3,3,0,2,1,1,3,0,3,2,1,3,0,1,3,0,2,2,0,2,1,0,2,3,3,2,1,1 ks=230,205,69,0,201,231,69,1,46,77,104,15,92,205,176,24,122,241,91,124,28,213,18,90,176,174,219,150,209,90,133,219,247,252,82,29,116,216,89,129,104,228,158,138,115,216,143,232,174,37,41,225,148,144,85,195,164,165,119,242,74,175,189,101
00511 features=981 size=64 p=5 tap=45 reset=true scheme=3 ops=1,0,3,0,2,2,2,3,3,1,1,3,3,2,1,2,1,0,1,3,1,1,2,3,0,1,1,1,0,0,2,1,3,2,2,2,3,0,1,1,2,2,0,1,3,3,2,2,3,3,2,3,2,3,2,0,0,2,3,2,3,2,3,2 ks=250,97,179,71,142,17,95,215,17,244,35,235,206,254,187,126,46,87,61,9,40,216,203,138,174,20,22,246,244,165,20,84,63,182,89,182,174,148,214,203,251,133,92,121,32,32,75,56,50,117,197,72,122,55,130,129,73,189,151,59,95,136,59,104
00512 features=1004 size=64 p=10 tap=33 reset=false scheme=3 ops=1,2,3,2,1,0,3,2,1,2,3,2,3,0,0,2,1,3,2,3,0,3,2,2,1,3,2,1,1,1,3,0,3,3,3,2,1,3,1,2,1,1,3,1,0,3,3,3,0,2,0,1,1,0,1,2,3,3,1,3,2,1,2,0 ks=7,161,80,216,170,129,173,149,109,130,61,95,142,113,99,241,51,86,254,30,149,138,192,11,187,31,187,150,68,43,145,253,92,55,109,213,82,92,170,111,159,206,148,38,145,129,149,113,53,122,83,156,56,120,34,45,196,58,9,126,193,248,191,3
00513 features=594 size=22 p=10 tap=23 reset=false scheme=4 ops=3,1,3,0,3,0,2,1,1,1,2,3,2,3,3,2,2,0,2,1,1,3,2,1,3,1,2,3,3,3,0,1,1,0,2,0,1,1,3,0,1,1,0,3,2,2,3,0,2,2,1,0,3,0,1,3,0,2,2,2,2,0,0,3 ks=49,0,0,0,0,0,27,45,0,0,0,18,0,202,0,108,0,0,0,172,0,0,0,0,0,57,68,115,0,16,236,169,0,0,0,0,214,0,65,0,232,0,0,0,0,238,0,0,51,150,0,0,0,0,0,220,0,0,0,119,0,67,0,0
00514 features=839 size=44 p=10 tap=14 reset=true scheme=3 ops=2,0,2,0,0,2,2,1,0,1,2,0,3,3,2,1,2,3,2,3,3,3,3,3,3,2,1,1,0,0,3,0,0,0,1,1,3,1,3,3,2,3,3,1,0,3,2,1,3,0,3,2,1,1,1,1,0,1,2,1,2,1,1,0 ks=4,0,0,52,0,186,0,18,0,0,85,118,24,65,237,0,74,14,238,0,225,0,85,73,0,0,65,43,122,21,119,236,182,235,96,0,204,0,16,146,98,157,0,206,229,0,35,0,0,0,52,181,132,170,38,170,0,127,0,157,102,242,62,245
00515 features=726 size=23 p=10 tap=12 reset=false scheme=1 ops=0,0,0,3,1,0,1,3,3,2,0,3,3,0,2,2,0,0,0,3,2,3,1,1,3,3,1,3,3,0,2,2,1,0,1,3,3,2,3,0,0,3,2,3,3,3,3,3,2,0,1,0,1,0,3,3,2,3,2,1,2,3,1,3 ks=68,0,0,150,0,0,51,54,63,0,0,155,0,0,0,0,0,177,0,80,95,0,0,0,0,124,0,0,0,0,0,79,0,189,0,2,0,74,0,0,0,0,35,127,123,150,0,0,97,0,0,0,0,0,0,11,0,115,92,0,0,108,0,0
00516 features=949 size=64 p=1 tap=20 reset=true scheme=3 ops=3,1,2,0,2,0,3,3,2,1,0,2,0,2,2,1,2,1,0,1,3,1,0,2,0,0,2,2,2,1,3,2,1,3,0,0,1,1,0,1,1,2,2,3,1,0,0,0,3,3,0,1,1,3,1,0,0,3,1,0,2,3,0,0 ks=221,236,1,26,113,84,106,38,3,227,110,181,35,116,226,253,35,77,233,157,247,3,143,15,239,211,160,170,137,47,162,111,122,21,115,19,41,103,56,204,115,143,234,111,241,127,125,210,122,108,195,111,59,66,208,67,93,223,64,245,31,164,202,236
00517 features=967 size=64 p=2 tap=24 reset=true scheme=3 ops=0,3,2,1,2,0,1,0,0,0,0,0,2,1,1,2,1,1,1,1,0,3,0,2,3,0,3,0,1,0,0,3,1,1,2,2,0,2,0,1,0,1,1,2,0,1,1,3,1,2,2,1,1,3,1,2,2,2,1,1,1,1,3,0 ks=110,92,57,123,10,209,114,1,80,170,237,168,204,68,164,57,208,204,34,131,195,216,160,223,224,66,193,52,181,114,10,191,63,108,4,91,33,59,217,58,145,95,84,48,73,12,126,176,87,44,238,213,166,66,126,14,25,21,225,93,209,200,207,194
00518 features=724 size=17 p=2 tap=25 reset=true scheme=0 ops=3,2,3,1,3,3,3,3,3,0,1,1,3,2,3,3,0,3,3,3,1,2,3,0,1,2,0,2,2,3,1,0,1,3,3,1,1,0,0,0,2,3,3,2,3,0,3,0,2,3,0,2,1,3,1,0,3,2,2,2,1,3,3,0 ks=237,0,28,0,0,201,0,0,173,0,0,0,0,0,0,0,0,144,149,0,0,255,0,0,97,92,0,0,0,185,0,0,0,0,0,0,0,225,0,0,50,0,0,0,0,0,0,0,0,0,83,0,0,21,129,0,0,0,0,0,185,146,0,0
00519 features=909 size=41 p=10 tap=26 reset=true scheme=3 ops=0,0,3,2,1,3,0,1,0,0,2,1,2,0,2,3,2,2,3,2,2,0,0,2,2,3,0,1,2,3,3,2,0,0,3,1,2,2,3,2,1,2,0,2,3,0,0,1,2,0,2,0,2,1,1,0,3,3,2,0,3,3,1,0 ks=190,0,138,92,0,206,0,176,0,4,243,117,0,245,113,47,157,28,0,62,0,97,190,42,255,215,72,230,0,0,0,0,0,100,14,0,188,218,78,154,126,0,0,0,40,250,0,253,209,0,0,123,1,0,53,0,183,94,228,108,0,0,178,231
00520 features=747 size=8 p=10 tap=35 reset=false scheme=0 ops=3,3,0,1,2,2,0,0,0,2,3,2,0,0,2,0,0,3,1,0,3,2,3,0,0,2,2,2,0,1,2,0,2,2,3,1,1,0,0,3,3,3,0,1,1,3,2,3,2,3,1,1,2,2,3,1,2,0,3,1,2,0,0,1 ks=0,0,0,0,139,0,0,0,0,0,0,0,0,0,0,0,0,13,0,0,0,0,178,0,26,0,0,96,0,0,0,0,0,0,0,207,0,0,0,0,0,0,0,0,0,175,0,0,0,0,0,0,0,0,227,0,0,0,0,0,0,0,0,0
00521 features=872 size=19 p=5 tap=34 reset=true scheme=2 ops=3,3,2,3,2,2,1,0,1,3,0,3,2,0,0,0,0,3,1,1,0,2,3,0,1,1,3,0,1,2,2,3,3,0,3,2,1,1,3,0,1,1,3,1,3,2,0,2,0,2,1,2,1,1,3,2,3,3,3,3,0,1,0,3 ks=0,0,0,0,0,0,240,0,0,0,0,0,104,0,0,110,0,67,175,253,0,171,51,0,0,0,0,0,199,0,0,0,0,0,28,0,0,0,0,0,0,147,71,0,0,182,86,0,0,0,99,154,149,113,0,0,0,139,0,0,0,0,0,0
00522 features=704 size=23 p=2 tap=38 reset=false scheme=3 ops=2,3,3,3,2,3,2,3,0,3,1,1,2,1,1,0,2,2,1,3,0,2,0,3,0,2,0,2,1,1,3,2,1,3,0,1,2,0,2,0,3,0,0,1,3,2,2,3,0,2,3,1,1,3,0,3,2,1,3,0,3,1,0,1 ks=0,227,46,0,221,0,0,0,227,126,55,0,0,212,0,0,0,248,0,0,105,116,0,218,0,0,0,136,201,0,0,0,44,0,185,0,0,0,188,0,0,0,128,0,0,0,0,252,155,37,0,0,0,0,0,0,128,144,0,0,0,188,0,0
00523 features=891 size=39 p=2 tap=55 reset=true scheme=3 ops=0,1,1,0,3,1,2,0,1,2,3,3,2,2,0,2,1,2,1,0,3,1,3,0,2,1,0,3,0,2,2,3,3,2,0,0,1,1,2,1,3,0,3,0,1,3,2,3,1,0,1,2,0,1,0,3,3,2,0,3,0,3,3,1 ks=41,243,0,0,113,166,0,0,59,121,0,73,123,160,238,33,0,0,40,194,193,0,0,200,0,0,0,11,0,0,0,50,237,72,0,0,1,70,138,0,115,0,9,0,66,232,48,10,103,71,95,94,0,0,167,0,198,0,0,74,86,221,102,135
00524 features=857 size=46 p=5 tap=9 reset=false scheme=2 ops=0,2,0,2,3,1,0,3,3,0,1,0,2,1,3,3,0,1,3,1,1,3,3,0,3,2,2,2,3,2,0,2,3,0,2,3,1,0,2,2,3,0,3,3,3,2,0,1,0,3,2,3,2,1,0,0,3,0,0,0,3,1,1,0 ks=1,133,18,82,230,0,183,0,198,0,0,0,189,237,243,175,26,131,0,120,0,0,220,148,197,250,108,113,0,252,103,0,180,166,205,161,95,0,163,200,73,0,237,202,36,85,158,206,0,220,25,105,0,121,143,168,0,33,226,208,0,0,0,24
00525 features=885 size=46 p=2 tap=60 reset=true scheme=3 ops=3,1,1,2,1,1,1,1,1,3,3,1,3,2,2,3,3,3,3,0,3,1,1,1,3,1,3,2,1,3,3,3,2,3,0,3,0,3,2,3,1,0,2,0,1,0,0,0,3,3,2,0,2,1,2,3,2,0,2,3,2,2,3,0 ks=168,0,0,0,39,0,0,137,61,157,0,32,0,122,195,179,94,0,62,71,0,158,0,149,56,43,228,229,0,1,0,219,46,195,226,180,43,191,23,0,240,42,129,222,23,147,50,0,175,0,228,140,194,0,0,53,108,50,75,248,153,41,82,0
00526 features=969 size=64 p=1 tap=39 reset=true scheme=3 ops=2,3,2,0,2,0,0,2,1,1,3,3,0,0,1,2,3,2,1,1,2,2,0,2,0,3,2,1,3,1,0,0,2,1,0,3,3,1,0,3,1,0,2,1,0,2,0,1,0,3,3,1,2,3,0,1,1,2,3,1,1,2,0,1 ks=152,43,14,210,132,28,255,68,81,23,50,194,189,104,205,53,107,68,199,2,138,4,111,125,81,40,227,213,222,246,20,121,239,213,213,53,157,156,50,8,82,88,170,199,244,24,30,173,14,195,83,81,244,45,27,121,191,187,61,121,179,40,108,71
00527 features=840 size=21 p=10 tap=29 reset=true scheme=3 ops=2,2,2,0,2,3,3,1,3,3,1,0,2,3,1,3,1,1,2,2,3,2,2,2,2,0,3,0,0,0,2,1,0,2,3,1,3,0,1,1,1,3,0,0,0,2,0,0,0,3,3,3,1,2,0,3,0,2,2,2,0,2,0,2 ks=0,0,63,1,134,0,0,0,21,0,238,0,0,0,0,0,0,1,0,0,198,0,0,0,0,0,67,0,174,0,0,243,0,217,202,252,0,0,0,231,0,0,0,0,0,0,47,0,0,0,0,81,0,114,0,0,0,2,0,102,0,171,0,28
00528 features=627 size=18 p=2 tap=22 reset=false scheme=0 ops=2,2,1,0,1,3,3,2,1,1,3,3,3,2,1,3,2,0,1,2,0,3,2,3,0,1,0,0,3,0,0,3,1,3,2,1,0,1,3,2,2,1,2,1,0,1,3,1,2,1,1,1,2,2,3,1,0,0,0,1,1,2,3,0 ks=0,0,0,36,0,0,0,19,116,0,184,0,0,0,0,74,0,0,222,155,227,0,219,0,0,0,54,0,0,82,0,211,109,0,0,127,0,0,0,0,0,0,0,9,61,2,0,0,0,0,0,0,0,0,0,0,0,0,0,0,203,0,0,0
00529 features=832 size=47 p=10 tap=35 reset=false scheme=0 ops=0,0,1,2,1,1,0,2,0,1,3,3,0,3,2,2,3,0,2,2,3,2,0,1,2,1,2,1,3,3,2,0,2,0,3,0,0,0,0,0,2,0,3,3,0,2,0,1,1,2,2,1,2,0,3,0,2,1,1,1,1,2,0,0 ks=0,220,0,92,100,239,48,135,81,17,252,0,95,21,228,109,63,67,195,0,213,0,2,99,143,0,162,142,0,0,0,255,94,208,0,233,140,249,0,86,233,200,1,0,213,79,0,131,69,175,9,54,113,0,238,179,0,54,5,0,0,136,199,195
00530 features=868 size=47 p=5 tap=3 reset=true scheme=3 ops=0,0,0,0,3,0,0,2,1,1,3,1,1,3,0,2,2,2,1,2,0,2,3,2,0,1,3,2,3,2,2,0,1,2,0,1,3,2,3,0,0,1,1,3,0,2,0,0,3,3,0,2,1,1,3,3,0,3,0,1,0,0,1,1 ks=57,221,0,125,185,224,175,110,184,0,0,0,0,37,0,0,160,198,52,161,14,25,112,89,177,173,218,42,133,194,160,227,253,84,0,0,168,187,159,78,0,70,206,221,204,0,0,0,6,214,157,170,80,78,109,0,200,56,73,204,0,89,0,0
00531 features=864 size=48 p=1 tap=5 reset=true scheme=3 ops=1,2,2,0,1,3,2,1,3,3,3,2,3,0,0,3,2,1,1,1,2,1,0,1,1,2,3,0,1,1,2,2,0,1,1,1,2,3,3,3,3,3,0,2,2,1,3,3,1,0,0,3,1,2,2,1,2,1,0,0,0,3,1,2 ks=109,225,47,123,0,92,42,0,0,59,11,6,170,106,85,191,204,0,0,209,0,116,157,214,105,230,35,20,0,53,87,0,109,248,197,30,158,119,134,176,0,70,0,0,0,4,248,0,10,164,0,15,0,74,142,199,55,75,155,181,199,0,52,183
00532 features=819 size=42 p=2 tap=42 reset=true scheme=2 ops=3,2,2,1,2,3,3,3,3,1,1,0,2,2,1,2,2,1,2,3,0,0,2,3,1,2,1,0,3,2,2,0,0,3,0,3,3,3,3,2,3,3,1,2,2,3,3,3,1,2,1,3,0,0,3,2,1,3,3,0,2,1,1,3 ks=32,132,184,0,0,0,0,61,0,127,157,125,0,10,0,115,192,45,0,0,41,136,62,97,109,0,40,0,0,0,11,137,59,0,0,210,5,94,87,234,0,218,0,217,11,0,193,244,0,104,117,165,216,141,0,30,0,209,81,74,32,60,0,108
00533 features=655 size=19 p=10 tap=19 reset=false scheme=0 ops=0,0,1,1,2,1,2,0,3,1,1,2,0,3,2,1,1,1,3,3,2,0,3,0,1,2,3,2,1,2,1,3,1,2,1,0,0,1,2,0,1,0,3,2,0,1,3,2,2,1,0,3,1,0,1,3,0,0,0,0,0,1,1,3 ks=0,0,0,0,0,0,0,179,0,0,0,203,0,0,0,0,211,71,0,204,0,0,0,57,0,0,26,0,0,0,0,142,0,0,0,0,0,0,0,0,0,70,25,0,153,26,200,0,0,0,124,228,0,37,151,76,0,0,0,171,0,0,0,0
00534 features=711 size=24 p=5 tap=23 reset=false scheme=5 ops=0,1,0,0,3,0,2,0,1,2,1,2,0,1,0,2,3,2,2,1,2,0,3,3,1,0,3,1,1,0,1,2,2,3,1,1,3,2,2,0,0,3,0,0,1,0,3,3,2,2,0,3,3,1,1,3,0,0,1,1,2,1,0,1 ks=21,0,0,73,0,142,0,0,0,0,0,195,0,240,141,94,0,0,133,123,0,135,250,94,0,0,0,0,0,0,0,72,0,0,0,118,0,0,0,0,0,0,0,202,151,37,188,0,89,0,0,197,168,0,0,0,228,0,0,0,38,235,0,0
00535 features=1023 size=64 p=10 tap=44 reset=true scheme=5 ops=3,2,3,3,2,0,0,0,2,3,0,3,2,1,1,0,3,3,0,2,1,1,0,3,2,1,2,2,3,1,3,1,2,1,3,1,0,2,3,0,0,2,2,3,1,2,0,3,0,1,2,2,2,1,2,1,2,0,0,2,2,3,2,0 ks=203,88,126,94,86,191,72,47,46,230,174,107,72,226,148,143,243,190,8,132,69,98,149,129,167,169,108,50,95,72,110,50,73,37,39,112,212,153,149,138,153,72,120,253,51,84,219,167,153,153,232,247,154,187,145,32,8,100,10,69,159,236,1,163
00536 features=764 size=19 p=2 tap=34 reset=true scheme=2 ops=3,2,0,0,0,1,1,0,0,3,1,2,2,3,3,1,2,0,1,3,2,1,3,3,3,1,0,0,1,1,3,3,3,2,1,2,2,3,2,1,1,1,1,1,1,1,1,1,0,2,0,3,1,3,1,2,3,0,0,1,1,0,0,3 ks=141,0,0,29,0,0,0,0,105,0,0,0,0,0,253,38,0,0,0,0,0,199,0,0,0,232,0,246,92,0,0,0,0,0,0,0,254,161,0,5,163,0,76,47,96,0,0,0,214,0,0,0,71,0,0,0,0,0,136,0,0,0,0,0
00537 features=904 size=64 p=10 tap=23 reset=true scheme=3 ops=0,0,2,2,0,0,3,3,3,0,0,3,2,0,0,0,3,0,3,2,0,1,0,3,0,1,0,1,3,0,3,3,3,3,2,1,0,2,3,2,1,3,1,2,0,3,2,1,1,0,2,1,0,0,2,3,3,2,3,2,1,2,0,0 ks=192,93,29,93,155,71,155,233,224,6,140,64,78,242,215,100,80,12,158,219,58,7,244,192,246,236,126,68,132,226,161,231,33,52,231,17,29,240,59,7,126,173,10,135,115,197,45,93,13,180,136,226,127,137,49,190,32,223,72,50,183,167,196,239
00538 features=762 size=41 p=10 tap=2 reset=false scheme=1 ops=0,3,3,2,1,2,1,0,3,3,1,3,3,0,3,2,1,2,3,1,2,1,3,0,0,2,3,0,1,1,2,2,2,1,2,1,1,0,1,1,2,2,2,3,0,3,0,2,0,2,2,2,3,1,1,2,3,2,0,0,3,3,1,1 ks=201,106,39,255,213,0,169,0,97,108,0,142,234,117,0,13,0,0,0,0,187,139,0,241,0,0,222,71,0,0,112,209,0,0,238,229,0,246,3,219,240,0,51,0,71,98,120,0,190,199,105,46,19,34,5,0,11,0,175,231,0,0,90,185
00539 features=850 size=45 p=1 tap=37 reset=false scheme=5 ops=3,2,2,1,0,2,1,0,0,0,3,3,0,2,1,3,2,1,2,3,0,1,2,1,0,3,3,1,1,3,0,2,0,1,2,0,3,3,3,1,0,3,1,3,2,1,3,2,2,3,2,1,3,2,2,2,3,1,0,3,1,0,3,2 ks=209,61,106,56,0,0,34,0,137,115,0,188,41,231,184,34,0,0,66,94,0,220,212,0,223,141,206,72,91,93,0,0,235,176,0,168,64,63,0,68,2,52,0,0,0,93,192,64,251,198,0,71,110,0,207,118,0,48,2,26,0,227,152,64
00540 features=680 size=24 p=2 tap=38 reset=false scheme=2 ops=1,3,3,1,2,2,2,3,1,0,1,1,3,1,3,2,1,3,1,0,2,3,3,1,3,3,0,0,0,2,1,0,1,0,1,3,3,1,3,1,2,2,0,1,0,2,2,3,1,1,2,1,3,3,3,3,2,2,2,2,3,2,3,0 ks=80,56,0,0,0,63,0,186,0,18,186,0,94,0,0,44,238,0,70,0,0,0,0,0,0,68,0,254,3,0,0,0,0,0,212,0,0,27,0,0,33,171,0,0,51,178,0,0,0,0,39,0,0,0,0,0,0,0,58,178,145,0,123,0
00541 features=861 size=45 p=5 tap=31 reset=true scheme=3 ops=3,1,2,1,3,3,3,0,3,3,2,0,3,2,3,2,3,0,3,2,0,3,3,1,2,3,1,3,2,0,0,1,0,3,1,0,1,1,2,1,1,3,3,0,2,1,2,2,3,1,2,1,2,3,3,1,1,3,1,2,0,3,1,1 ks=28,131,0,214,74,0,42,164,0,0,0,19,0,168,0,128,0,229,180,166,0,212,140,183,49,196,251,237,0,0,98,248,91,123,0,223,75,97,137,0,184,152,0,142,207,21,16,115,0,35,0,111,14,130,39,219,30,0,0,21,0,237,233,25
00542 features=783 size=24 p=5 tap=9 reset=true scheme=3 ops=2,2,3,0,2,3,3,3,3,0,1,2,3,3,1,0,3,0,1,1,0,1,0,2,2,3,3,3,0,0,2,2,2,0,2,1,1,1,0,0,2,1,2,3,2,1,1,0,0,0,0,3,2,1,2,3,0,1,3,0,3,3,3,2 ks=0,0,0,43,193,0,0,208,0,0,0,76,204,0,27,0,0,211,253,104,0,0,188,0,0,0,0,0,233,0,0,0,0,0,0,0,88,173,0,33,245,43,0,182,0,0,235,0,210,0,143,0,0,214,0,0,132,205,0,140,0,0,0,0
00543 features=889 size=43 p=2 tap=9 reset=false scheme=2 ops=2,2,2,2,2,1,2,3,3,3,2,0,2,1,2,2,2,2,3,0,0,1,0,3,2,0,1,1,3,2,1,3,3,2,3,3,3,3,1,0,0,0,2,2,3,3,2,0,2,0,1,2,1,0,0,3,2,3,3,0,1,1,0,2 ks=177,149,190,148,128,0,175,180,22,236,83,0,27,0,13,232,164,5,200,43,232,218,0,152,180,114,169,0,31,2,0,0,63,138,0,69,0,255,33,114,0,240,110,73,0,72,209,0,17,0,126,0,132,26,0,129,68,0,0,0,0,27,0,0
00544 features=1002 size=63 p=5 tap=33 reset=true scheme=0 ops=3,2,2,3,0,1,0,1,0,3,1,0,2,0,3,2,1,3,0,0,3,3,1,2,1,3,0,1,1,1,0,1,3,3,2,1,1,0,1,2,1,3,3,3,3,0,3,1,2,2,2,1,2,3,1,3,0,2,2,3,3,0,1,0 ks=232,96,0,46,67,214,10,12,198,108,129,76,155,232,176,197,10,153,251,99,137,186,55,21,48,64,12,39,120,4,101,50,70,225,135,230,203,115,117,197,198,250,132,22,174,103,232,46,206,83,32,20,28,253,182,198,204,222,246,64,157,18,218,46
00545 features=911 size=48 p=10 tap=45 reset=true scheme=0 ops=1,1,1,3,3,2,1,3,1,3,2,1,2,0,2,1,2,3,2,1,0,0,2,3,2,3,2,3,3,2,1,0,3,3,2,0,1,1,0,2,1,3,1,3,1,3,1,1,3,0,3,2,0,2,3,1,3,2,2,1,0,2,1,0 ks=0,0,228,152,0,185,159,237,52,108,31,0,228,198,0,7,65,91,4,101,87,237,0,63,98,0,254,130,77,0,102,250,16,0,109,251,127,128,53,86,74,184,73,141,236,0,185,48,0,149,201,60,0,0,250,152,84,34,188,126,0,0,0,211
00546 features=955 size=64 p=5 tap=53 reset=true scheme=3 ops=0,0,1,0,2,3,3,1,2,1,2,2,1,3,3,3,2,0,2,0,1,1,3,0,2,2,1,2,3,0,2,2,1,1,2,3,3,2,1,0,3,3,2,1,3,0,3,2,0,3,3,0,3,3,3,3,3,0,1,0,0,3,0,0 ks=94,53,237,223,93,231,39,229,87,196,2,53,234,158,45,42,162,47,161,155,222,191,46,18,27,88,35,27,14,233,118,156,33,60,206,129,153,170,214,188,166,146,160,161,23,243,8,82,133,4,164,208,25,19,120,70,239,192,27,117,68,119,91,255
00547 features=607 size=23 p=2 tap=23 reset=false scheme=1 ops=3,2,1,2,1,1,2,0,3,0,2,3,0,3,1,3,0,1,0,2,2,3,3,1,3,2,1,0,2,0,3,0,1,1,0,1,3,0,2,2,2,2,1,3,0,2,2,2,3,2,1,3,1,2,3,0,3,3,1,3,0,3,0,1 ks=246,244,127,143,195,0,0,0,167,164,54,0,77,0,227,0,221,0,0,133,0,0,0,216,30,128,0,0,0,0,0,119,170,0,0,0,0,125,0,0,0,81,0,0,0,229,0,0,35,0,0,0,0,0,0,0,0,178,0,118,0,0,0,0
00548 features=880 size=43 p=10 tap=31 reset=true scheme=3 ops=0,1,3,3,1,2,1,2,1,1,0,2,0,2,1,3,0,3,2,2,0,2,2,2,2,0,1,0,1,1,0,3,2,2,0,0,2,2,2,0,3,0,3,0,1,3,2,2,3,0,3,0,0,2,0,1,1,3,0,1,1,3,3,1 ks=153,30,67,127,122,87,0,240,204,52,113,0,0,0,64,0,193,159,76,76,67,243,0,0,54,15,76,82,0,215,105,79,108,149,0,100,7,0,56,228,0,0,45,0,199,20,125,0,104,223,0,198,0,0,139,208,110,0,0,64,0,138,227,0
00549 features=770 size=24 p=1 tap=39 reset=true scheme=3 ops=0,0,2,1,2,1,3,1,2,0,1,2,2,2,2,3,3,1,3,0,0,1,0,3,1,1,3,0,1,1,3,0,3,3,2,0,0,1,2,3,0,0,3,1,2,2,0,3,1,3,1,2,0,1,0,2,1,1,1,2,0,1,1,0 ks=73,0,0,83,15,0,0,0,0,0,224,31,0,174,0,0,135,0,0,71,176,69,0,92,0,229,0,0,0,160,0,0,0,0,0,0,185,202,0,0,136,152,0,0,0,0,61,221,184,15,0,0,0,0,228,0,0,84,0,0,0,0,0,13
00550 features=899 size=64 p=10 tap=38 reset=true scheme=3 ops=1,1,2,1,2,3,0,0,1,2,1,2,1,2,2,1,3,2,3,1,1,0,1,3,3,2,1,3,2,1,3,0,0,1,3,2,0,1,3,3,1,2,0,1,1,2,1,2,1,0,1,3,3,3,3,3,0,0,2,0,1,0,0,1 ks=218,157,124,87,247,219,177,59,166,103,249,201,245,96,118,91,107,44,145,28,13,231,13,215,170,193,118,28,203,140,2,234,251,166,230,205,246,56,49,7,14,62,179,97,106,169,208,201,69,52,102,202,178,195,206,232,152,181,254,60,81,1,228,31
00551 features=745 size=16 p=10 tap=8 reset=false scheme=2 ops=0,3,3,1,2,3,1,1,2,0,0,0,3,0,3,2,3,3,3,2,1,1,3,2,2,0,3,2,2,0,0,0,3,0,3,1,0,0,1,1,0,0,3,2,0,0,2,2,2,2,2,0,2,1,3,3,1,2,1,0,2,1,1,2 ks=0,0,0,0,0,0,0,0,0,0,203,0,0,0,0,0,0,0,0,177,25,0,222,0,0,0,41,113,0,0,0,203,0,0,77,167,0,0,0,0,0,0,0,231,0,0,64,0,0,0,0,109,0,151,0,0,0,92,0,179,0,0,98,0
00552 features=860 size=46 p=10 tap=26 reset=true scheme=3 ops=0,0,1,3,0,1,0,1,2,0,1,3,3,1,2,3,0,1,0,1,1,2,3,3,3,3,0,0,2,3,2,3,3,2,3,3,3,0,2,2,3,1,0,0,0,0,1,1,0,3,2,2,2,0,2,2,0,0,1,1,1,1,3,0 ks=152,104,85,131,189,202,152,174,154,151,72,89,105,62,0,0,229,98,105,159,75,208,0,0,84,208,180,249,31,0,0,153,0,199,0,0,0,0,111,64,0,0,124,0,213,0,216,0,0,82,10,218,241,136,76,75,158,0,54,213,195,37,190,208
00553 features=835 size=28 p=5 tap=35 reset=false scheme=2 ops=0,3,3,3,2,0,3,2,1,1,0,3,0,3,1,2,2,2,3,3,1,2,3,0,0,2,3,3,0,3,3,3,1,3,3,0,2,0,3,1,2,1,1,0,1,1,0,3,0,0,3,3,0,0,0,2,2,2,1,0,3,3,2,2 ks=0,117,0,42,199,0,75,154,72,86,0,206,0,114,0,167,0,137,225,122,0,0,0,0,0,180,0,0,177,251,0,0,0,0,0,222,0,33,147,120,0,0,87,112,215,0,0,237,0,0,47,170,0,0,229,0,0,0,0,0,0,219,0,0
00554 features=969 size=64 p=1 tap=30 reset=true scheme=3 ops=2,3,1,3,2,3,3,0,3,2,0,3,1,1,2,0,3,1,1,0,3,2,1,1,0,3,1,2,3,0,3,1,3,2,3,0,0,1,2,0,2,0,0,3,0,0,3,3,1,3,0,0,0,0,3,3,3,1,2,3,2,0,2,1 ks=49,178,118,131,161,35,221,94,255,209,240,153,115,152,29,22,160,75,240,197,137,21,221,220,44,254,155,231,210,91,188,246,76,44,127,131,66,79,149,179,192,68,168,134,188,130,176,218,118,144,24,191,114,229,151,151,234,122,82,105,253,254,116,181
00555 features=943 size=45 p=5 tap=55 reset=true scheme=1 ops=2,1,1,2,1,3,0,3,1,2,0,3,1,3,0,0,0,1,0,0,1,3,2,2,1,2,3,1,3,2,3,3,2,2,0,0,1,2,3,3,1,3,2,3,0,0,1,3,0,3,1,0,3,1,3,3,3,2,3,1,0,0,2,2 ks=0,254,0,0,208,0,113,235,68,151,30,149,138,0,51,161,54,159,75,59,197,235,0,233,151,236,0,129,5,3,0,65,0,0,0,185,232,0,0,209,0,206,84,7,0,176,2,186,39,73,0,192,120,0,225,45,199,0,169,20,154,42,0,16
00556 features=904 size=40 p=10 tap=48 reset=true scheme=3 ops=3,3,2,1,2,2,3,3,0,2,2,2,0,0,2,0,3,2,1,2,1,3,3,1,0,1,2,2,0,1,3,0,1,0,0,1,2,1,3,2,2,2,3,2,1,3,2,3,2,2,2,0,0,2,2,0,1,0,3,0,1,3,1,2 ks=126,136,181,0,157,0,83,0,0,0,18,0,252,0,216,173,0,212,216,8,194,166,167,31,0,168,109,0,0,0,0,0,164,90,143,54,121,0,0,0,0,0,194,48,223,106,48,151,177,251,0,74,0,235,80,240,0,0,115,205,146,79,116,0
00557 features=759 size=39 p=5 tap=18 reset=false scheme=1 ops=2,1,1,2,0,2,1,3,1,3,0,0,1,2,2,3,1,1,3,2,1,3,3,2,1,3,1,1,2,3,1,0,3,0,1,2,1,3,0,3,2,1,3,1,1,0,3,1,3,1,1,1,3,2,0,1,0,3,3,2,0,1,1,2 ks=0,57,0,109,80,91,0,0,39,129,145,47,69,37,247,0,0,0,108,0,0,96,80,0,77,189,116,33,0,0,0,171,0,88,0,163,0,0,16,178,111,174,171,0,218,0,59,53,215,120,103,0,0,190,117,155,172,0,176,0,0,218,0,189
00558 features=736 size=14 p=10 tap=16 reset=true scheme=3 ops=3,3,1,3,0,3,3,2,0,1,3,0,2,3,0,0,3,3,2,1,2,3,1,2,2,1,3,1,3,2,3,2,1,3,1,3,1,1,3,2,2,1,2,1,3,2,0,0,1,2,2,3,1,2,3,3,3,2,2,0,1,2,3,1 ks=78,130,162,0,0,0,0,0,55,0,0,0,0,0,0,0,0,0,0,0,0,0,0,72,0,0,0,0,0,0,71,0,200,164,0,74,0,185,0,0,0,0,0,0,0,64,70,0,0,0,0,0,118,0,0,0,0,0,0,0,0,235,0,0
00559 features=792 size=41 p=10 tap=9 reset=false scheme=1 ops=1,1,1,0,1,3,1,3,1,2,3,1,1,3,2,1,2,1,3,1,3,1,3,0,3,1,2,2,1,2,3,0,3,0,3,3,2,1,2,1,2,1,3,1,2,1,3,2,2,1,3,3,3,2,1,3,0,1,2,1,1,3,2,2 ks=0,176,0,206,74,187,120,0,178,181,84,194,191,19,0,0,19,147,0,24,126,0,63,241,184,0,107,0,52,0,0,77,0,130,143,0,173,68,204,235,0,17,124,0,0,109,17,0,80,0,0,0,15,153,27,101,23,143,0,115,0,139,19,0
00560 features=803 size=22 p=5 tap=58 reset=true scheme=3 ops=0,1,2,3,2,2,0,3,3,1,1,2,1,1,3,1,2,2,3,0,0,0,0,3,1,3,0,0,1,0,2,0,2,3,3,2,2,0,3,2,3,1,2,1,2,2,0,2,2,3,1,1,1,0,1,3,2,3,3,3,3,0,1,1 ks=0,0,0,199,0,11,0,0,0,0,53,148,0,204,0,0,94,1,0,48,0,5,0,0,0,0,0,0,200,0,0,192,0,0,0,69,0,75,0,56,0,244,0,168,0,0,0,0,0,0,0,128,1,0,0,224,0,198,33,0,0,0,83,0
00561 features=832 size=38 p=10 tap=29 reset=true scheme=3 ops=3,0,2,1,0,0,3,3,0,3,0,3,0,2,2,2,0,1,2,1,1,2,0,0,3,3,1,3,0,3,2,1,3,1,1,2,0,0,3,2,2,1,0,0,3,0,2,1,0,2,3,0,2,0,0,2,1,2,0,3,3,3,3,3 ks=196,195,100,0,24,0,198,0,0,143,0,221,0,0,206,101,0,161,49,0,0,47,33,211,190,178,0,191,0,209,0,153,250,0,0,16,110,203,0,95,0,0,22,217,226,0,0,0,0,0,226,0,0,135,27,112,0,144,160,109,42,139,28,196
00562 features=746 size=21 p=5 tap=1 reset=false scheme=3 ops=3,3,0,0,0,1,3,1,0,0,0,3,3,0,0,0,3,3,0,3,1,3,1,3,0,2,2,3,0,1,0,2,3,1,2,2,3,1,1,3,2,3,3,3,2,0,0,3,3,0,1,3,1,1,1,1,3,3,2,1,1,1,3,1 ks=3,99,8,0,0,0,249,0,0,0,0,0,157,121,0,0,0,0,74,0,49,98,0,127,145,7,0,244,0,0,194,0,0,0,0,0,0,0,0,245,0,0,0,14,0,51,0,0,0,158,0,0,0,0,0,20,0,0,0,34,0,1,0,0
00563 features=885 size=40 p=5 tap=57 reset=true scheme=3 ops=0,0,3,3,1,2,2,2,0,3,2,2,2,0,1,2,0,1,1,1,2,2,1,3,3,2,1,2,3,3,3,1,3,2,1,0,2,2,2,2,2,0,3,1,3,1,3,3,1,0,0,1,0,3,2,0,1,3,1,3,3,1,3,0 ks=0,144,220,132,145,192,189,0,0,24,0,0,249,153,37,0,105,160,0,0,84,63,9,210,0,182,17,0,153,0,0,122,0,94,197,201,155,0,0,74,47,124,152,0,0,0,101,0,164,0,95,206,0,127,94,0,222,99,225,85,0,37,159,0
00564 features=965 size=63 p=2 tap=62 reset=true scheme=3 ops=2,2,3,0,3,0,3,3,3,2,3,2,1,0,1,3,3,2,1,0,2,0,1,2,1,2,3,3,3,1,2,0,1,3,3,2,2,3,1,0,0,0,2,0,0,1,0,1,3,0,2,0,3,3,2,2,2,1,1,0,1,0,2,2 ks=85,142,141,67,120,130,24,67,7,56,168,22,23,156,32,83,151,181,139,61,73,225,139,105,205,0,181,128,18,199,172,159,2,145,196,247,168,55,6,89,97,228,86,65,110,150,8,7,172,152,108,90,208,232,39,247,119,32,106,172,134,67,138,40
00565 features=1016 size=64 p=10 tap=7 reset=true scheme=5 ops=0,3,0,3,3,3,3,3,0,2,1,2,2,3,2,0,2,3,2,3,2,1,2,0,2,2,1,2,0,3,2,3,2,1,1,1,1,2,2,1,1,3,3,3,2,0,0,0,0,1,0,3,2,2,3,1,3,3,1,0,2,0,3,3 ks=51,152,237,171,167,50,107,10,72,56,82,207,41,88,7,243,155,254,223,214,89,118,116,123,46,167,171,32,84,114,132,99,100,200,117,59,53,243,110,223,166,67,144,150,239,28,14,233,162,31,245,211,55,151,110,132,223,245,80,193,1,238,110,117
00566 features=996 size=63 p=10 tap=46 reset=true scheme=2 ops=1,1,0,3,0,1,2,1,2,2,1,3,1,1,1,2,3,2,0,2,0,1,2,2,1,3,3,1,3,2,0,3,2,0,3,0,2,3,0,1,3,0,0,1,3,3,2,0,1,1,2,2,1,1,1,0,0,1,1,1,1,0,1,2 ks=236,38,157,236,103,67,227,207,51,56,167,235,69,239,220,102,136,190,11,213,198,137,71,17,151,225,116,1,5,201,79,168,96,21,128,101,7,168,109,214,25,78,58,95,0,212,192,240,12,116,217,161,176,182,169,127,47,45,137,220,21,161,235,199
00567 features=1002 size=64 p=5 tap=8 reset=true scheme=1 ops=0,3,2,0,3,0,1,3,3,3,1,1,2,3,2,3,0,2,0,0,0,2,3,3,3,3,1,2,0,0,1,1,0,0,3,1,0,2,1,1,0,1,2,1,3,0,1,1,2,0,3,1,3,0,0,3,0,0,0,3,2,3,3,1 ks=148,12,215,133,132,45,136,196,172,100,205,74,65,202,7,174,44,207,165,15,28,172,93,25,228,78,207,192,205,57,2,225,199,128,45,159,245,10,104,139,44,201,27,116,108,241,20,146,93,126,23,143,56,162,5,104,132,191,205,237,153,129,90,126
00568 features=981 size=64 p=2 tap=8 reset=true scheme=3 ops=1,0,1,3,0,1,3,3,3,3,3,1,3,1,3,3,0,1,0,1,3,0,3,3,3,1,3,1,2,2,3,2,1,1,3,2,3,3,1,1,0,3,3,1,0,2,0,2,2,2,2,0,1,1,1,3,1,3,1,1,2,1,3,2 ks=127,166,70,140,97,203,86,255,63,49,67,227,16,196,114,220,88,208,40,174,4,135,24,80,156,134,51,9,14,164,109,29,184,20,117,75,105,165,43,245,201,122,22,183,19,136,174,6,99,224,59,79,122,26,198,146,45,150,193,98,172,31,61,153
00569 features=720 size=46 p=5 tap=34 reset=false scheme=2 ops=0,2,0,1,2,1,1,3,2,0,2,1,1,0,1,2,1,1,3,3,2,3,1,2,1,1,0,3,3,2,0,2,3,0,1,0,3,0,3,2,0,3,0,3,3,1,3,0,0,3,2,3,0,2,2,1,1,1,0,1,0,3,1,2 ks=62,0,114,252,45,15,167,212,123,0,181,0,78,243,0,0,228,118,1,19,155,235,0,154,125,0,138,0,190,109,51,233,0,102,137,189,162,70,165,206,74,0,0,0,127,0,0,142,85,103,187,158,101,0,93,12,249,0,19,24,73,0,0,38
00570 features=1008 size=64 p=5 tap=37 reset=true scheme=5 ops=1,0,2,2,0,3,0,1,0,2,1,1,3,2,2,0,2,3,1,0,1,2,3,1,1,2,2,0,2,0,1,0,3,1,3,3,3,3,2,3,0,3,0,0,3,2,2,2,2,1,3,2,3,1,0,3,0,2,3,2,1,1,2,1 ks=247,119,227,84,169,41,77,36,64,48,227,79,54,220,213,235,194,220,64,188,64,191,170,15,33,235,107,105,81,50,46,143,203,4,91,140,251,226,181,183,153,16,206,83,87,87,89,157,201,21,211,14,76,101,16,178,206,169,241,89,31,118,112,150
00571 features=759 size=37 p=10 tap=35 reset=false scheme=1 ops=0,0,0,1,1,1,0,2,3,0,3,0,2,2,2,3,0,2,3,1,0,1,3,1,2,0,2,0,3,2,1,0,3,3,1,1,0,1,3,2,2,0,0,1,0,0,3,1,3,0,1,1,0,2,3,0,3,1,1,3,1,2,2,3 ks=0,128,244,225,78,0,29,125,0,0,0,0,120,0,60,176,136,86,0,204,233,58,0,170,0,64,18,242,90,0,46,81,0,40,5,0,0,0,0,0,0,96,0,92,185,216,0,117,5,0,80,0,248,193,189,28,0,0,0,198,65,0,246,0
00572 features=958 size=64 p=5 tap=21 reset=true scheme=3 ops=0,3,3,2,3,2,1,0,1,2,2,0,0,2,1,2,2,1,1,3,0,3,1,1,0,2,3,2,0,3,3,1,0,3,2,2,0,0,1,2,3,3,0,3,1,3,3,2,2,1,2,0,3,2,0,2,1,0,1,3,1,2,2,0 ks=54,192,144,81,128,180,181,149,113,8,77,123,145,156,18,87,237,54,16,202,236,25,7,94,174,29,124,220,35,85,52,17,249,242,207,62,101,223,135,60,47,74,171,32,45,79,56,14,88,180,13,219,250,202,29,57,148,246,183,142,203,148,77,53
00573 features=966 size=64 p=5 tap=47 reset=true scheme=3 ops=0,3,1,2,0,1,1,2,2,3,0,2,3,2,1,2,3,1,0,2,2,2,2,3,1,3,2,3,1,2,1,0,1,1,2,3,3,3,1,1,2,2,1,1,1,1,1,3,3,1,2,0,1,1,0,2,3,1,1,3,3,3,2,0 ks=236,169,97,47,81,78,66,181,27,98,102,104,247,199,108,54,102,194,208,103,58,186,94,160,71,163,21,115,127,138,41,248,104,35,65,218,78,31,125,47,163,66,148,33,244,85,183,200,60,1,254,218,83,12,46,230,87,167,115,201,151,33,15,216
00574 features=696 size=27 p=2 tap=14 reset=false scheme=3 ops=3,3,1,1,0,0,1,0,2,1,0,1,1,3,2,3,1,0,0,2,2,3,2,3,3,2,2,0,1,1,1,0,2,2,1,0,0,2,1,1,2,1,1,0,3,0,1,3,1,1,2,3,3,1,3,0,1,0,3,3,3,3,3,0 ks=171,71,207,47,0,0,0,0,63,0,0,0,213,0,91,0,0,0,0,60,0,0,102,243,0,80,0,202,0,254,0,0,209,0,219,0,93,0,0,0,54,116,220,30,76,17,76,139,0,25,0,0,0,0,0,0,0,0,0,0,145,0,0,73
00575 features=745 size=29 p=5 tap=6 reset=true scheme=0 ops=1,0,3,3,3,2,3,0,2,1,1,1,2,3,1,3,3,1,3,0,1,1,1,3,1,2,1,0,2,1,2,2,1,1,1,1,2,2,0,3,3,1,3,1,3,1,0,1,1,0,3,1,1,1,1,1,2,3,2,3,0,0,2,1 ks=0,0,0,112,0,0,149,0,0,0,80,0,155,0,0,0,0,0,0,179,218,0,53,0,0,160,0,0,113,6,44,0,0,0,25,0,92,0,0,153,0,112,0,0,178,83,0,0,0,0,22,0,171,209,91,169,242,133,120,20,230,0,255,250
00576 features=974 size=64 p=1 tap=43 reset=true scheme=3 ops=0,0,1,3,2,1,3,1,2,1,3,2,1,2,0,0,3,2,0,3,3,1,3,0,1,3,2,3,0,0,1,1,1,0,0,3,0,2,2,0,3,3,2,3,1,3,3,2,2,0,2,0,0,0,2,3,2,1,2,2,2,3,3,3 ks=48,208,159,85,175,3,244,27,253,96,226,211,178,184,243,156,189,183,217,143,194,241,44,201,159,126,185,147,24,65,111,125,135,113,94,185,173,251,199,153,11,220,83,22,187,34,156,33,157,126,200,88,68,224,157,223,107,12,248,113,119,209,239,123
00577 features=974 size=64 p=5 tap=63 reset=false scheme=5 ops=2,0,1,0,3,1,1,2,2,0,1,1,2,0,0,3,2,0,1,1,0,2,0,1,1,3,2,0,2,3,3,0,0,2,3,0,0,3,1,3,0,0,0,3,0,2,1,2,3,1,0,3,0,0,1,1,0,2,1,0,0,1,2,3 ks=60,149,140,95,95,96,242,110,83,249,48,79,89,173,200,88,125,45,53,122,111,88,34,94,173,229,66,112,203,111,240,214,59,194,82,135,8,93,208,168,90,33,112,36,163,28,190,3,232,139,138,54,146,76,65,102,172,92,100,183,243,26,127,32
00578 features=796 size=41 p=5 tap=41 reset=false scheme=2 ops=1,1,0,2,0,2,0,0,0,3,2,3,3,3,1,1,1,3,0,3,0,3,3,0,3,3,0,3,1,0,0,2,0,3,0,1,0,1,2,2,3,2,2,3,1,0,3,3,0,3,2,2,0,2,3,0,3,0,3,3,1,3,3,1 ks=92,173,157,0,218,239,162,0,0,10,251,91,0,23,27,0,0,148,0,70,0,204,0,248,0,0,222,213,246,151,43,228,0,0,124,217,192,0,108,85,73,117,227,0,0,21,70,0,0,111,129,0,58,0,19,123,0,0,80,54,249,173,236,0
00579 features=799 size=46 p=10 tap=54 reset=true scheme=3 ops=0,1,1,2,2,1,1,1,1,2,2,3,2,3,2,0,1,2,1,3,1,0,3,0,0,0,3,3,3,1,1,2,3,1,3,2,1,1,3,2,2,0,3,0,1,1,3,3,2,1,3,3,3,2,3,2,1,0,2,1,2,0,0,0 ks=107,88,50,149,236,0,82,113,23,0,7,8,172,0,0,198,63,0,109,0,155,71,147,0,119,0,0,88,8,37,123,124,0,7,163,68,61,0,52,0,0,194,233,255,161,178,0,0,202,0,0,0,61,36,216,96,137,238,50,251,93,48,185,215
00580 features=915 size=43 p=10 tap=4 reset=true scheme=3 ops=3,2,3,0,3,2,3,1,1,3,3,0,3,0,0,2,1,3,0,3,3,0,1,1,3,1,0,2,0,3,3,1,0,1,1,1,2,3,0,3,0,2,3,3,0,1,2,3,3,1,0,2,3,3,2,0,0,3,1,3,2,1,2,3 ks=99,0,214,4,240,0,0,240,108,116,93,0,0,117,0,238,148,218,194,209,0,242,199,199,157,0,12,240,94,0,57,127,0,0,103,85,161,99,0,233,61,67,0,0,187,23,0,242,139,101,0,0,68,63,0,129,41,230,244,0,0,0,107,193
00581 features=705 size=19 p=5 tap=42 reset=false scheme=5 ops=0,0,1,3,3,2,1,3,3,1,3,0,0,2,2,2,0,1,2,1,3,1,0,2,0,0,3,2,2,0,3,3,1,1,1,3,0,0,3,2,3,0,3,1,1,1,2,2,0,2,2,0,2,0,3,2,2,2,1,0,3,0,0,1 ks=0,0,0,0,0,0,104,33,0,83,149,0,6,0,0,0,239,0,0,194,0,0,0,0,0,97,0,20,0,0,0,0,0,139,0,88,0,0,0,0,0,186,0,0,0,0,0,0,0,153,0,61,21,0,108,0,225,0,0,0,110,89,0,0
00582 features=952 size=64 p=1 tap=58 reset=true scheme=3 ops=3,0,0,0,0,1,0,1,0,1,2,0,2,1,3,2,2,2,3,0,0,2,0,2,1,0,1,1,2,2,0,2,2,3,1,1,2,2,2,1,2,1,0,1,3,2,3,1,0,2,3,2,1,2,2,2,3,3,2,1,1,3,0,3 ks=219,218,35,126,211,28,198,149,247,218,155,174,174,50,53,120,253,74,52,226,204,15,221,142,143,231,236,149,52,241,248,231,112,136,228,143,174,92,189,74,217,96,31,180,138,171,101,78,89,196,225,132,32,99,35,174,193,49,94,193,30,123,215,71
00583 features=719 size=24 p=10 tap=34 reset=true scheme=3 ops=2,3,3,3,2,1,2,1,0,0,1,0,3,2,3,1,3,3,0,2,0,3,1,1,2,3,1,1,2,0,0,3,3,0,1,1,0,2,2,1,3,0,1,1,1,1,3,2,0,3,1,0,3,1,2,2,1,1,1,0,3,1,1,0 ks=0,0,171,94,0,0,0,0,204,0,0,70,0,172,233,160,0,0,0,0,0,0,0,0,190,0,183,0,0,0,52,107,0,101,0,0,199,0,0,0,0,0,0,249,0,0,0,83,0,0,131,83,28,157,253,187,226,0,0,245,23,0,0,0
00584 features=867 size=18 p=5 tap=37 reset=false scheme=2 ops=0,2,2,0,0,0,3,3,1,2,2,1,2,3,1,1,3,2,2,3,3,3,0,0,2,2,1,2,2,3,3,0,3,3,3,1,3,3,3,0,1,2,3,2,0,0,0,2,2,0,0,0,3,3,3,0,0,1,1,3,3,0,3,0 ks=0,0,0,0,0,0,0,0,0,156,161,52,109,0,0,8,0,0,0,0,0,245,225,0,0,0,235,174,0,0,0,0,0,0,0,0,0,114,0,0,0,0,0,0,87,0,46,0,0,13,0,0,0,0,0,72,0,219,0,0,175,77,251,0
00585 features=841 size=43 p=5 tap=21 reset=true scheme=3 ops=1,2,0,2,3,0,1,2,0,3,0,1,1,1,1,2,2,2,0,2,2,3,2,0,3,1,0,2,0,3,1,2,2,0,3,3,2,0,3,2,0,0,3,1,0,2,1,0,2,0,2,1,2,0,3,2,3,0,1,3,2,2,2,3 ks=160,137,4,0,0,133,0,17,244,0,41,0,94,46,185,230,75,53,20,228,217,81,75,68,123,237,211,0,195,160,222,7,0,0,0,204,18,144,0,58,0,162,0,104,57,0,0,52,0,34,213,0,0,175,58,49,116,17,0,234,0,176,0,0
00586 features=1009 size=64 p=1 tap=13 reset=false scheme=1 ops=2,3,2,2,1,2,0,2,3,0,1,3,3,3,0,0,0,0,1,3,2,2,2,0,1,2,0,0,0,3,1,3,2,0,0,3,1,2,0,1,1,0,1,1,1,2,2,3,2,2,3,2,0,0,2,3,0,1,0,0,1,0,1,0 ks=139,32,133,201,86,245,41,220,141,13,11,243,144,129,188,185,36,18,180,18,169,174,43,61,64,57,22,217,101,82,118,222,218,58,22,182,129,132,235,214,21,198,84,129,81,178,189,181,220,15,32,191,97,84,171,181,178,151,119,162,142,39,59,135
00587 features=922 size=64 p=10 tap=45 reset=true scheme=3 ops=0,2,3,0,0,2,2,3,3,1,3,1,1,3,2,1,0,3,1,1,0,3,2,3,3,1,0,0,1,3,3,0,0,2,1,2,1,1,1,1,0,1,3,0,1,0,3,1,0,2,0,1,2,2,1,2,0,1,3,0,3,1,1,2 ks=60,112,12,134,42,31,69,229,73,135,202,222,140,122,254,48,157,235,106,249,90,234,244,224,72,83,252,253,97,35,205,164,195,50,64,218,122,247,108,202,107,192,165,84,124,41,21,8,8,138,246,247,144,207,175,46,96,117,46,17,215,47,202,189
00588 features=928 size=43 p=5 tap=23 reset=false scheme=1 ops=3,3,1,3,0,1,3,1,0,0,1,3,2,1,3,1,3,3,3,2,2,3,0,1,0,0,1,0,2,3,3,0,1,0,0,0,3,2,3,3,0,3,3,2,2,0,0,3,0,0,3,0,1,2,1,2,1,1,1,3,3,3,1,0 ks=61,0,0,103,0,15,0,90,0,206,120,59,99,196,0,89,0,1,230,0,47,0,116,0,148,141,93,154,85,166,243,173,0,138,72,0,84,0,173,25,0,0,0,54,13,21,206,107,0,0,186,116,54,0,98,0,216,43,0,116,125,81,32,108
00589 features=987 size=63 p=1 tap=39 reset=true scheme=3 ops=2,0,0,2,0,1,2,2,0,0,3,3,1,1,0,1,3,3,0,1,2,3,0,2,1,2,3,1,1,3,2,0,2,1,0,2,0,1,0,0,2,3,3,2,1,3,0,1,2,1,3,0,1,3,2,0,1,1,1,2,3,0,1,1 ks=50,1,144,18,17,136,97,14,191,147,6,139,144,25,240,135,24,236,31,67,59,218,123,123,207,202,100,227,224,197,224,202,54,219,31,220,50,35,0,124,118,94,152,164,90,248,4,192,31,173,72,26,125,134,70,137,239,142,97,172,26,218,74,119
00590 features=949 size=63 p=2 tap=20 reset=true scheme=3 ops=2,1,1,1,2,1,2,2,0,1,1,2,3,0,2,3,1,2,2,3,3,0,2,1,0,0,2,1,2,0,1,1,1,3,2,2,0,2,0,3,1,1,1,3,2,3,0,0,2,0,2,2,1,2,0,3,2,3,2,0,2,1,3,0 ks=168,238,212,206,66,218,7,212,79,204,106,65,77,241,195,250,45,154,92,236,73,99,173,176,0,240,113,159,197,254,142,26,223,99,49,208,246,184,132,22,108,248,254,165,51,5,173,177,94,69,112,78,255,73,166,103,253,177,236,108,221,24,10,226
00591 features=677 size=22 p=1 tap=23 reset=false scheme=4 ops=1,3,2,2,3,2,1,3,1,1,0,1,3,3,1,2,1,1,0,3,1,3,1,2,3,0,1,1,2,3,2,1,0,0,1,0,0,1,2,2,0,3,2,0,3,1,3,2,1,2,1,3,2,2,1,0,2,2,2,0,0,1,3,2 ks=0,0,37,0,10,0,0,0,0,174,0,0,0,0,19,169,148,0,171,0,0,0,0,0,252,0,0,0,157,230,0,117,0,0,195,112,0,0,153,77,0,0,0,38,0,0,0,0,0,0,0,166,0,0,0,254,0,0,168,87,0,0,129,143
00592 features=733 size=20 p=1 tap=0 reset=false scheme=5 ops=3,3,0,0,1,2,0,1,0,1,3,3,3,0,1,2,1,1,1,0,1,0,3,0,2,3,0,0,2,2,0,2,3,1,1,0,1,0,2,2,2,2,3,0,2,1,2,3,0,2,0,1,1,1,1,0,2,2,2,0,1,3,3,1 ks=186,0,0,0,0,0,0,209,103,0,0,123,72,237,0,95,76,0,0,0,0,0,0,0,0,0,0,0,245,0,0,96,0,0,0,0,156,163,0,55,0,0,0,0,251,0,212,0,0,23,0,82,0,0,230,0,186,0,227,0,0,0,0,0
00593 features=842 size=43 p=1 tap=36 reset=false scheme=5 ops=1,2,2,1,2,0,3,0,0,0,3,2,3,1,2,0,3,1,3,0,1,0,1,0,2,3,3,0,1,2,2,0,0,3,0,1,1,3,2,0,2,3,0,2,0,0,0,0,2,3,3,0,1,0,2,0,1,0,3,1,0,3,1,1 ks=0,194,155,15,223,12,0,198,140,0,37,0,9,0,11,218,0,220,0,156,42,104,0,187,62,0,45,0,83,21,117,140,250,0,174,0,115,103,255,0,214,67,125,0,175,232,0,108,0,133,25,139,139,86,255,0,145,44,0,0,99,0,0,255
00594 features=906 size=44 p=10 tap=13 reset=true scheme=3 ops=3,1,3,0,0,2,2,0,1,2,0,2,2,3,2,1,3,3,1,1,2,0,3,0,2,0,0,0,1,3,3,2,1,3,1,0,0,3,0,1,2,1,2,0,1,2,2,1,2,1,0,2,2,2,1,2,1,2,3,3,3,3,2,0 ks=0,188,36,163,0,17,207,34,0,230,0,214,75,80,218,198,217,61,60,28,0,70,0,139,163,30,0,156,121,0,217,0,12,59,51,116,110,1,229,0,0,139,0,0,0,91,141,207,0,115,42,145,154,0,210,0,246,0,0,94,0,29,212,228
00595 features=951 size=53 p=2 tap=53 reset=true scheme=3 ops=1,3,2,1,3,3,2,1,3,2,3,2,3,0,1,2,3,2,3,0,3,1,0,2,2,0,3,0,1,2,3,2,2,2,3,2,2,0,0,3,1,1,2,2,3,0,0,1,3,0,0,1,2,3,1,1,2,1,3,1,0,0,1,2 ks=127,163,172,110,206,34,0,59,59,0,0,47,0,14,110,223,59,31,0,219,19,21,85,0,251,24,29,48,226,191,238,174,194,81,46,0,80,194,95,134,166,129,214,0,59,248,49,225,82,111,169,0,83,126,120,240,0,51,99,0,115,239,14,84
00596 features=681 size=23 p=5 tap=4 reset=true scheme=3 ops=3,3,2,3,0,1,2,3,1,3,1,2,3,1,2,0,3,3,2,0,3,3,0,3,3,0,3,0,2,0,2,1,0,0,0,3,3,0,3,0,1,1,0,3,0,3,2,2,3,3,1,0,0,0,3,0,3,1,0,1,3,3,2,3 ks=0,0,30,35,0,198,170,0,0,226,0,241,0,0,0,0,0,0,0,0,185,67,253,0,0,0,0,85,0,25,0,0,0,0,0,0,0,0,0,245,0,231,47,0,0,0,0,167,0,0,0,79,0,16,20,163,202,0,0,134,197,0,127,0
00597 features=911 size=43 p=5 tap=21 reset=true scheme=3 ops=1,3,2,1,2,1,0,2,2,1,0,3,0,2,0,3,2,0,3,0,1,3,1,1,2,1,1,1,3,3,2,2,1,3,3,3,2,2,0,2,1,1,0,0,2,1,2,1,2,0,3,3,3,2,0,1,3,1,2,0,0,2,1,0 ks=22,59,218,159,0,0,0,0,47,1,0,9,159,20,0,239,245,145,236,0,20,242,0,181,227,81,0,0,0,191,0,159,151,64,24,20,79,192,0,30,146,0,0,159,52,218,0,51,121,7,0,52,201,0,136,190,227,178,0,0,250,0,236,14
00598 features=919 size=48 p=1 tap=14 reset=true scheme=3 ops=0,2,3,3,0,0,2,1,1,0,1,3,3,2,1,1,1,0,0,3,3,1,2,2,1,0,2,1,3,0,0,1,0,0,0,3,3,3,1,2,0,1,1,1,0,1,0,1,1,0,2,1,2,3,3,0,3,3,3,0,0,3,3,0 ks=71,176,105,0,186,106,224,111,174,242,124,0,55,0,62,81,135,123,31,48,244,0,107,96,239,0,0,59,0,0,172,98,2,117,0,189,237,254,56,147,0,116,0,13,165,87,5,236,0,138,204,150,0,158,108,47,120,108,165,5,0,0,201,0
00599 features=885 size=45 p=2 tap=10 reset=true scheme=3 ops=1,1,3,2,3,0,1,0,2,3,3,3,2,0,3,3,3,2,3,1,0,2,3,3,0,1,2,1,0,2,1,1,2,0,2,3,0,3,0,3,0,3,1,3,2,0,0,3,1,2,0,1,0,1,0,1,0,2,2,3,0,3,2,1 ks=162,0,0,36,5,225,36,52,200,26,171,117,0,220,221,32,247,236,0,0,155,181,134,107,63,215,0,0,143,0,160,7,0,66,15,200,0,135,234,0,155,71,0,37,0,135,46,218,0,0,0,116,0,0,129,59,175,41,203,98,172,25,0,216
00600 features=935 size=64 p=10 tap=14 reset=true scheme=3 ops=1,1,0,0,3,3,1,3,0,0,3,0,3,3,1,2,1,1,2,0,1,0,2,0,1,3,3,3,3,3,1,0,2,1,2,1,2,2,3,3,0,1,0,3,2,1,1,2,1,3,0,0,0,0,3,1,2,2,3,2,3,1,3,0 ks=105,2,32,12,232,3,160,47,39,82,201,223,226,251,181,21,150,15,166,142,171,64,173,125,195,23,122,83,98,8,163,242,172,90,124,178,246,72,92,51,249,253,140,202,92,116,5,197,70,98,235,207,201,202,67,184,67,244,228,114,12,169,118,146
00601 features=965 size=64 p=2 tap=18 reset=true scheme=3 ops=3,3,3,0,2,1,2,3,3,0,0,3,0,1,1,1,0,0,3,0,0,2,0,3,0,3,3,1,2,0,2,0,3,3,3,0,3,3,2,2,1,2,1,3,3,1,1,1,3,2,3,0,2,2,1,1,2,1,1,1,2,0,1,2 ks=221,227,132,178,131,82,197,225,138,41,210,16,30,34,87,199,138,180,53,112,63,124,131,225,222,15,186,249,120,49,36,35,101,246,158,82,189,13,93,147,124,61,127,23,125,96,245,152,156,14,189,228,76,32,113,54,135,18,100,207,163,80,82,21
00602 features=956 size=64 p=1 tap=11 reset=true scheme=3 ops=2,2,2,2,1,2,0,3,0,2,2,3,3,2,0,1,1,1,3,0,3,0,0,1,0,0,1,0,1,0,1,1,1,1,1,3,2,2,1,0,2,0,3,0,0,2,2,1,3,0,1,0,0,2,1,0,0,1,2,2,2,3,3,1 ks=75,97,16,152,127,186,233,222,171,59,253,28,173,122,101,112,175,163,233,57,147,154,34,254,128,97,203,240,224,23,77,202,181,250,219,86,112,144,68,116,94,209,100,82,8,153,181,135,191,250,35,188,70,161,33,249,192,16,201,58,120,155,184,98
00603 features=736 size=14 p=2 tap=33 reset=true scheme=2 ops=0,2,0,3,1,1,3,0,0,3,3,2,2,2,1,3,1,1,0,0,0,3,3,3,3,0,3,0,2,1,0,3,3,1,2,1,1,2,2,2,1,0,2,0,0,1,1,3,2,3,1,0,1,2,3,0,3,0,1,3,2,1,2,1 ks=33,0,0,11,0,0,0,0,231,0,0,0,0,110,96,0,0,0,0,0,235,0,0,0,0,83,0,0,0,232,0,0,0,134,0,0,0,0,0,0,0,0,0,0,217,63,0,0,78,0,0,0,0,241,0,0,0,0,0,14,0,0,0,0
00604 features=955 size=48 p=10 tap=37 reset=true scheme=3 ops=1,3,0,1,2,1,0,2,3,1,0,1,2,2,3,0,3,1,3,3,2,3,0,2,2,3,3,1,0,0,2,3,2,2,2,1,2,3,1,1,0,2,2,0,1,1,0,1,1,2,0,1,2,3,1,0,2,2,0,2,2,1,0,1 ks=233,153,0,241,0,128,175,179,29,107,120,39,0,20,249,236,0,234,189,22,213,32,220,0,0,103,62,177,0,0,183,221,204,183,0,53,33,18,0,206,210,184,215,199,231,0,0,89,174,255,70,131,158,0,178,0,180,58,56,0,95,131,0,105
00605 features=920 size=41 p=5 tap=54 reset=false scheme=5 ops=3,1,1,1,2,2,2,2,1,1,0,3,0,1,3,3,0,0,0,3,0,1,3,3,0,1,3,0,0,0,1,0,0,0,0,3,0,0,0,0,0,3,2,3,1,3,2,3,0,2,0,0,3,1,3,0,2,3,2,3,1,3,3,1 ks=0,119,55,0,196,0,0,0,0,242,160,0,84,146,15,35,198,110,0,3,167,222,145,137,177,236,209,157,122,0,0,96,49,0,253,66,0,0,174,0,216,90,105,0,0,193,0,0,116,4,43,0,0,41,27,0,130,0,130,18,222,31,0,214
00606 features=954 size=64 p=5 tap=43 reset=true scheme=3 ops=2,2,2,3,2,3,1,0,0,2,1,2,0,2,2,0,1,2,1,1,3,2,3,3,2,2,3,1,3,0,0,3,0,3,2,1,2,0,0,3,2,0,0,3,1,3,0,1,0,0,3,1,3,2,3,0,2,3,1,0,3,1,0,1 ks=73,132,240,216,41,57,110,166,37,56,3,14,146,146,191,171,76,220,235,5,203,2,217,137,226,118,79,128,64,100,244,208,115,55,68,119,18,11,98,147,114,29,179,143,158,214,6,191,250,118,150,21,51,249,194,23,236,160,207,166,154,226,79,27
00607 features=775 size=20 p=10 tap=21 reset=true scheme=3 ops=3,1,3,0,3,0,0,1,1,2,1,0,0,0,3,1,1,2,0,0,3,2,2,3,1,2,3,3,2,3,1,2,2,2,3,3,3,0,3,1,2,0,2,3,1,1,2,0,1,1,1,0,2,1,2,1,2,2,0,0,2,0,2,0 ks=51,0,0,149,0,135,0,135,0,174,37,211,0,0,134,161,137,0,0,0,0,209,0,0,235,0,0,0,0,0,180,0,0,0,0,0,0,0,0,165,68,0,0,212,0,0,0,0,0,0,118,40,0,0,0,0,0,146,95,0,0,0,0,0
00608 features=704 size=17 p=2 tap=34 reset=false scheme=5 ops=2,0,0,2,0,2,2,2,3,0,1,0,2,2,1,3,3,1,0,2,2,0,2,2,3,1,1,3,1,1,3,3,0,3,2,3,3,0,2,1,1,0,0,1,2,0,1,0,3,1,0,3,0,2,2,0,0,1,3,2,3,3,3,3 ks=0,0,152,0,0,88,0,0,0,236,0,0,0,0,0,0,255,0,0,156,0,0,0,0,0,0,0,0,0,167,85,0,87,0,163,0,0,0,149,0,0,82,56,39,0,0,0,220,54,0,0,52,0,0,0,0,0,0,0,0,0,0,184,0
00609 features=712 size=23 p=2 tap=21 reset=false scheme=0 ops=2,3,1,2,3,1,3,1,0,0,0,2,0,1,3,3,1,2,0,3,2,2,0,2,1,3,1,3,2,3,1,2,3,1,3,0,1,3,3,0,1,0,3,1,2,3,0,2,0,3,3,2,0,0,0,3,1,0,0,1,3,0,2,1 ks=207,140,0,0,0,0,0,0,0,0,0,179,0,147,0,0,245,0,0,156,0,0,173,0,0,150,0,0,0,87,209,0,148,0,0,0,0,0,67,193,0,0,128,99,0,0,0,159,0,0,0,110,27,15,182,0,0,206,0,179,113,0,0,0
00610 features=857 size=44 p=1 tap=49 reset=true scheme=3 ops=2,1,0,0,3,0,1,1,2,2,2,1,1,0,0,3,1,2,0,2,2,1,3,1,0,0,3,0,3,3,3,3,0,3,0,3,2,0,2,2,0,0,0,1,1,0,3,1,0,3,0,3,1,1,2,0,0,0,1,0,2,0,0,0 ks=0,0,0,177,63,0,0,0,87,226,164,170,252,99,0,26,0,233,6,230,2,166,234,216,9,151,0,107,150,52,179,86,106,0,40,35,156,131,27,8,0,127,0,0,176,38,76,24,0,0,173,0,158,0,133,0,0,36,205,129,0,190,41,3
00611 features=886 size=43 p=2 tap=9 reset=true scheme=0 ops=3,2,3,2,1,1,3,3,3,2,1,1,0,0,1,3,1,2,0,2,2,3,2,1,1,2,0,2,1,1,1,3,2,3,1,2,1,3,0,0,2,1,3,3,3,0,0,2,2,3,1,2,3,3,1,2,0,3,3,3,0,0,0,1 ks=0,0,55,125,211,190,0,0,0,7,44,188,196,82,0,83,120,28,0,172,0,56,89,0,208,246,0,114,2,0,0,98,44,0,0,202,120,111,96,50,38,106,233,0,0,238,219,84,110,175,249,125,0,62,218,0,0,234,74,0,166,0,216,103
00612 features=674 size=20 p=5 tap=10 reset=false scheme=3 ops=2,3,1,1,0,3,0,3,3,2,3,0,3,1,1,3,3,2,3,1,3,2,3,0,1,2,0,2,2,3,2,1,1,1,0,3,1,1,2,2,3,3,0,3,3,3,0,1,2,3,1,3,0,0,0,0,0,2,0,0,0,2,2,0 ks=153,0,0,0,0,46,60,0,0,0,0,98,0,0,0,0,45,199,207,0,202,0,26,0,0,0,0,5,0,135,0,0,223,0,0,0,0,0,0,0,169,0,173,0,0,232,0,0,0,0,165,0,0,231,61,0,238,0,0,0,223,0,0,0
00613 features=829 size=20 p=5 tap=54 reset=true scheme=2 ops=1,2,3,1,1,0,3,2,0,1,3,0,0,1,0,3,3,0,0,0,1,2,1,3,0,2,3,0,0,1,1,2,0,0,2,1,1,3,1,0,1,3,2,3,2,3,0,1,3,3,3,3,3,0,3,1,2,1,2,3,0,2,1,1 ks=0,146,112,0,143,0,0,0,208,0,217,0,79,38,0,101,0,0,0,0,245,0,177,0,43,86,100,0,0,0,0,0,0,0,63,162,0,141,0,0,0,0,0,0,0,0,0,0,0,0,0,0,0,208,67,133,0,179,0,0,0,0,0,0
00614 features=795 size=16 p=1 tap=57 reset=true scheme=3 ops=1,0,2,3,1,1,1,0,1,1,3,2,1,0,0,0,2,1,0,3,0,1,1,3,0,3,1,3,1,0,2,0,2,1,0,0,1,3,3,1,3,1,2,0,0,3,2,3,2,0,2,0,2,3,0,1,2,3,2,0,1,0,1,3 ks=0,0,0,0,0,64,0,0,0,0,0,0,0,0,0,0,0,217,0,0,0,0,0,55,0,213,0,0,0,61,0,93,0,182,0,0,0,0,0,53,0,0,0,150,26,131,0,216,0,114,0,0,0,0,0,0,0,252,0,0,53,0,0,1
00615 features=952 size=63 p=1 tap=41 reset=true scheme=3 ops=2,0,2,1,1,1,2,2,0,3,0,1,0,1,3,2,0,3,1,1,0,1,0,0,0,2,0,2,1,2,3,0,0,2,3,0,3,1,1,3,0,3,3,1,2,1,2,1,2,1,3,2,3,2,3,0,1,2,3,0,2,2,1,2 ks=190,124,210,183,31,172,7,72,116,193,217,200,239,160,125,236,58,175,216,105,16,28,41,225,151,167,224,96,21,176,3,184,197,228,15,159,26,242,172,201,141,211,198,11,151,102,64,207,205,7,134,0,162,19,252,111,152,96,101,128,67,38,20,83
00616 features=854 size=22 p=2 tap=54 reset=true scheme=1 ops=3,1,0,2,0,0,0,2,2,0,1,1,3,3,0,0,3,0,0,3,3,0,0,3,1,0,2,0,3,2,2,1,0,2,3,1,1,3,0,1,1,2,0,2,3,3,3,1,3,2,0,0,2,3,3,0,0,1,1,2,2,3,3,1 ks=74,74,0,200,0,72,0,0,0,0,0,0,0,0,0,0,131,100,171,0,247,0,0,69,30,0,233,0,0,10,197,0,159,0,0,0,0,0,0,0,0,0,0,0,248,49,0,223,240,0,12,0,0,139,63,0,0,0,0,0,0,138,0,0
00617 features=1047 size=64 p=1 tap=63 reset=false scheme=3 ops=3,0,0,0,1,3,0,2,1,1,1,1,0,1,3,2,3,2,2,1,2,3,3,2,3,0,2,0,1,3,3,0,1,0,0,0,0,2,2,3,3,0,0,3,0,3,3,2,1,1,2,0,3,3,1,2,0,0,3,1,0,3,3,3 ks=71,97,30,120,43,121,197,157,94,148,207,199,46,145,222,253,60,252,255,241,98,112,127,120,249,21,245,111,70,162,146,177,43,92,21,117,19,78,37,18,208,162,115,33,24,171,207,37,129,229,82,192,243,40,11,229,144,56,186,152,104,185,223,247
00618 features=949 size=62 p=5 tap=19 reset=true scheme=3 ops=0,3,2,0,0,1,0,2,3,3,1,1,2,0,2,3,3,3,2,3,0,3,3,1,2,3,3,1,2,3,1,1,1,2,3,2,2,3,0,0,2,2,3,3,1,0,3,2,3,2,2,2,3,2,1,2,3,0,1,3,3,2,2,0 ks=38,108,57,29,5,105,9,162,127,166,137,160,99,189,206,235,156,134,193,133,231,14,151,55,54,127,50,40,0,52,177,41,169,45,0,136,109,237,207,136,247,219,180,99,252,143,10,71,216,218,66,225,96,129,12,202,20,193,230,7,150,107,227,55
00619 features=812 size=40 p=10 tap=51 reset=true scheme=3 ops=0,0,3,3,2,1,3,1,3,0,0,3,1,1,0,1,1,1,0,0,3,0,0,1,0,2,3,1,1,3,0,2,1,2,3,2,2,1,0,3,0,2,0,1,2,2,1,2,2,1,1,3,2,0,3,0,3,1,0,0,1,3,0,1 ks=0,0,0,0,22,143,0,0,179,89,0,0,15,0,250,127,216,7,0,89,0,0,124,65,46,197,112,167,0,0,166,142,0,170,87,62,136,0,0,223,251,0,0,0,252,25,42,0,199,143,105,1,232,42,172,216,0,0,0,159,254,99,100,172
00620 features=830 size=41 p=2 tap=47 reset=true scheme=3 ops=3,2,0,1,3,0,3,0,2,2,2,0,0,3,1,3,0,1,2,2,1,0,2,3,3,0,3,2,0,1,2,2,3,1,2,2,1,1,0,3,2,0,0,2,1,3,3,3,1,3,2,1,2,0,1,2,2,3,0,2,0,2,3,0 ks=210,0,0,138,24,114,12,31,33,16,0,70,171,250,181,0,0,0,130,0,246,203,61,0,4,203,0,250,237,0,232,0,0,0,124,0,95,234,4,0,0,131,211,108,174,0,69,111,0,118,0,0,0,67,168,6,137,0,50,0,160,223,251,224
00621 features=969 size=64 p=10 tap=24 reset=true scheme=3 ops=0,3,0,0,3,2,1,2,3,3,2,3,2,0,0,1,3,1,1,2,1,1,2,3,3,0,1,1,1,2,2,3,0,0,0,1,3,1,2,0,1,3,3,3,3,0,2,0,3,1,3,1,2,3,0,0,2,3,0,0,3,0,2,2 ks=91,220,8,128,112,79,151,175,162,91,152,17,167,230,151,127,134,30,30,200,197,129,169,125,147,107,182,10,155,176,188,97,73,216,74,131,3,101,10,215,189,115,192,191,9,118,33,177,71,47,29,232,208,203,71,238,224,150,120,254,224,39,23,51
00622 features=589 size=20 p=10 tap=44 reset=false scheme=0 ops=1,2,1,3,2,2,1,3,1,2,3,1,2,2,3,1,1,3,1,3,0,2,1,1,3,0,2,1,1,0,2,0,3,2,1,3,1,1,0,0,3,3,0,3,1,3,2,1,0,2,2,0,1,3,0,1,3,1,3,2,3,0,0,2 ks=0,216,0,211,0,56,0,131,0,16,0,0,0,183,0,218,0,22,0,0,0,56,239,0,0,19,0,0,0,0,0,0,0,0,0,21,0,0,0,77,0,226,0,204,0,0,0,0,142,0,0,0,101,0,0,16,0,0,0,154,0,29,0,0
00623 features=1003 size=63 p=5 tap=23 reset=true scheme=3 ops=2,0,2,3,3,0,1,1,1,3,0,2,3,3,3,3,0,3,0,0,1,3,3,2,2,2,3,3,3,3,1,0,1,3,1,3,3,3,3,2,2,2,0,2,3,0,2,1,2,2,0,3,3,0,3,1,3,2,3,2,1,1,1,2 ks=10,19,105,38,36,93,33,145,6,88,98,249,225,43,47,0,185,1,14,76,15,24,136,141,150,75,1,5,200,238,24,25,84,212,130,68,231,238,139,140,199,105,11,84,155,123,76,65,255,71,30,203,35,16,199,103,101,151,110,172,125,149,59,103
00624 features=852 size=42 p=5 tap=24 reset=false scheme=5 ops=2,3,1,0,0,3,0,3,1,1,3,2,2,3,2,3,0,3,1,2,3,3,3,1,1,1,3,3,1,0,1,1,3,2,2,2,2,2,1,2,3,3,1,2,3,0,1,2,0,3,2,3,2,2,3,2,0,0,0,3,3,2,1,1 ks=245,232,0,101,130,0,40,0,0,0,191,36,73,90,144,0,0,71,0,249,0,233,0,0,189,0,189,148,180,37,147,0,100,2,139,0,0,0,121,0,37,146,196,12,207,239,68,219,30,0,0,68,0,76,68,0,3,191,133,79,2,149,0,41
00625 features=847 size=38 p=5 tap=59 reset=false scheme=3 ops=3,1,3,1,0,2,2,1,0,1,0,1,1,1,1,3,1,2,0,3,3,0,0,3,3,2,2,0,3,3,3,1,0,3,1,3,1,3,1,1,2,0,1,3,1,3,1,1,3,0,1,2,1,1,0,0,3,3,3,1,1,0,3,2 ks=215,233,10,0,229,127,0,184,0,0,223,215,138,114,114,11,201,0,61,0,0,239,0,193,0,189,0,187,206,0,0,36,0,164,0,19,0,63,132,116,89,0,50,0,0,209,255,0,225,37,0,207,0,51,0,0,0,0,99,64,36,0,91,175
00626 features=835 size=17 p=5 tap=49 reset=true scheme=1 ops=3,3,3,3,3,3,1,1,1,3,0,1,2,2,1,0,0,2,3,0,2,0,0,2,0,1,3,1,2,2,0,2,2,3,3,1,0,0,0,0,0,2,1,1,3,3,2,0,1,1,2,3,2,3,0,1,3,3,1,3,3,1,1,3 ks=0,0,148,200,0,0,0,165,0,0,0,203,0,0,0,0,0,0,0,0,0,0,0,178,121,104,0,0,0,0,0,0,0,0,0,0,0,0,0,44,95,0,0,93,0,0,87,0,0,0,0,124,0,0,0,0,0,123,58,0,141,0,248,143
00627 features=757 size=20 p=10 tap=18 reset=false scheme=1 ops=0,1,1,3,3,0,1,1,3,2,3,0,2,0,0,1,3,2,3,1,3,3,2,3,3,1,2,2,2,1,1,3,0,1,0,3,0,2,2,3,3,0,0,0,2,1,2,3,2,2,0,0,3,3,1,1,1,1,2,0,2,0,3,3 ks=0,22,0,0,227,0,204,136,0,64,0,0,224,0,0,0,0,0,0,0,0,0,0,0,0,0,0,0,34,0,164,93,18,0,0,45,0,0,0,0,137,63,223,0,0,0,27,0,63,0,0,0,0,0,0,0,61,0,94,0,49,146,0,0
00628 features=737 size=20 p=5 tap=35 reset=false scheme=4 ops=2,2,0,0,0,3,3,0,2,1,1,2,0,0,1,3,1,2,1,2,3,3,2,0,1,3,1,2,0,0,1,3,3,3,0,2,1,3,2,3,2,3,3,2,0,1,0,0,1,1,0,3,1,3,1,2,0,3,0,0,1,1,1,0 ks=0,194,0,0,0,0,0,0,0,0,57,0,0,0,0,0,0,191,0,0,0,174,55,0,0,0,0,0,70,213,0,245,0,0,151,182,0,150,0,249,0,0,157,0,0,0,0,0,248,110,26,0,0,181,227,0,37,0,0,0,148,0,0,0
00629 features=715 size=18 p=5 tap=45 reset=false scheme=3 ops=1,2,1,3,2,3,1,0,2,2,0,2,3,0,0,2,3,1,0,0,0,3,1,0,3,1,0,1,0,0,3,1,3,2,2,1,0,0,1,1,2,0,3,3,2,3,2,1,0,1,3,3,0,2,2,1,1,3,1,0,0,1,1,0 ks=0,0,201,0,0,0,0,96,0,0,0,45,0,121,0,0,0,0,0,15,0,219,0,0,0,197,0,52,0,247,0,0,0,0,0,0,0,0,0,31,0,100,0,0,119,92,0,0,101,197,229,0,0,0,0,0,0,0,0,69,0,0,106,0
00630 features=980 size=64 p=5 tap=25 reset=true scheme=3 ops=2,2,3,3,1,0,0,0,1,3,2,2,0,3,0,0,3,0,0,1,3,3,1,3,2,0,0,3,0,1,2,2,0,2,2,2,1,2,0,1,2,0,3,1,1,1,2,1,1,1,2,0,3,1,2,1,0,1,2,3,2,0,2,2 ks=132,220,199,75,121,179,177,162,93,54,96,155,72,228,32,182,166,72,74,176,191,5,182,6,235,189,163,114,136,173,254,101,65,92,216,173,105,34,61,104,250,13,4,84,244,126,191,187,191,93,185,139,252,219,34,118,111,181,245,206,143,27,224,134
00631 features=775 size=19 p=5 tap=15 reset=true scheme=3 ops=1,3,1,0,0,0,3,0,2,3,1,2,2,2,1,3,3,0,0,3,0,0,0,2,0,0,0,2,0,3,1,0,1,0,0,1,1,1,1,2,0,2,1,1,2,2,2,2,3,0,3,1,2,2,3,0,0,3,2,0,2,3,3,2 ks=0,190,0,0,182,0,0,0,197,0,0,0,5,0,0,0,0,176,0,0,245,62,0,0,0,0,0,182,74,0,209,0,0,215,0,0,0,5,0,5,0,0,0,0,0,150,6,0,0,0,0,0,0,0,201,0,105,0,0,0,0,0,148,41
00632 features=703 size=17 p=10 tap=51 reset=true scheme=3 ops=2,2,0,0,0,0,1,0,3,1,3,1,1,2,1,1,3,0,1,2,3,3,0,2,0,2,3,2,3,0,0,0,1,0,2,3,1,2,1,1,2,1,1,3,1,1,3,3,3,2,3,1,2,1,1,0,3,2,1,2,3,2,0,0 ks=0,0,217,0,0,0,0,0,0,0,62,0,0,0,0,9,0,47,0,93,0,0,96,0,0,229,0,0,0,0,169,87,0,0,0,0,0,1,0,186,0,0,125,32,225,128,0,0,249,0,0,0,0,0,0,0,244,0,0,0,0,0,0,0
00633 features=817 size=22 p=2 tap=23 reset=false scheme=0 ops=0,2,2,1,0,1,2,3,0,1,0,2,1,1,1,0,3,3,1,1,3,3,1,2,2,0,2,3,2,3,1,0,2,2,0,1,2,2,2,1,1,0,3,1,0,0,1,0,2,1,3,0,0,1,1,3,1,3,2,0,3,0,2,2 ks=0,0,0,201,0,0,0,0,0,236,0,70,168,251,0,0,229,0,0,0,136,0,0,0,0,0,0,0,10,0,0,175,0,56,90,0,0,0,0,0,0,0,0,115,217,0,0,176,0,78,40,114,0,171,0,0,5,198,0,0,0,45,169,0
00634 features=762 size=22 p=5 tap=47 reset=true scheme=3 ops=3,1,0,2,3,1,3,1,2,1,0,0,0,2,2,2,3,0,2,0,3,3,0,2,1,1,1,3,2,3,3,2,2,2,1,2,2,0,3,1,3,0,0,3,0,3,1,3,0,0,1,0,0,0,1,3,0,1,0,1,0,2,2,1 ks=0,64,229,0,236,0,0,0,0,0,0,0,0,0,0,142,156,46,236,89,0,0,0,220,0,0,0,0,0,0,0,0,0,0,0,0,65,207,244,247,0,0,61,0,93,210,146,0,0,132,0,0,220,0,217,0,0,196,0,0,0,0,0,194
00635 features=828 size=39 p=5 tap=26 reset=true scheme=3 ops=0,1,0,0,1,1,0,3,0,1,3,0,0,0,2,1,2,3,2,3,2,1,0,2,0,2,3,1,0,1,2,1,0,0,3,0,0,0,3,0,3,3,0,3,1,2,2,1,2,2,2,3,3,0,2,0,3,0,1,2,2,0,0,0 ks=73,114,0,251,193,0,166,0,46,240,0,0,207,231,57,0,0,0,170,195,51,194,9,119,0,0,215,0,125,0,33,130,0,2,36,135,235,54,0,115,0,135,172,248,0,198,68,30,0,108,201,186,186,0,0,0,228,0,0,0,95,149,0,0
00636 features=1011 size=64 p=10 tap=24 reset=true scheme=0 ops=2,0,1,0,0,0,0,3,2,2,3,1,2,1,0,3,3,3,2,1,2,1,3,2,3,2,2,2,1,0,0,3,1,2,0,0,0,3,1,1,2,3,2,0,1,1,3,0,2,1,1,1,1,3,3,3,1,1,3,1,3,3,1,2 ks=208,149,200,172,28,196,80,51,254,13,230,35,84,44,243,252,139,155,186,129,224,168,167,201,193,88,39,205,138,129,113,148,72,131,57,184,62,71,134,251,222,58,139,149,193,85,89,201,23,218,222,251,174,253,41,124,75,146,128,29,183,61,21,67
00637 features=935 size=64 p=2 tap=37 reset=true scheme=3 ops=3,1,2,1,0,2,2,0,0,2,0,2,0,1,3,3,2,0,2,0,1,2,2,3,1,0,0,1,2,3,2,1,1,1,0,2,1,3,0,1,1,1,1,1,0,0,2,0,1,1,0,3,1,2,3,2,2,0,0,1,3,3,1,2 ks=112,12,253,216,175,220,108,231,41,54,12,46,182,167,146,110,17,245,44,126,11,179,109,24,144,242,49,199,35,248,146,66,130,117,247,42,253,144,192,89,237,189,31,147,168,217,194,157,227,9,226,20,72,224,210,199,24,36,253,189,236,60,89,14
00638 features=890 size=46 p=10 tap=24 reset=true scheme=4 ops=0,1,3,3,3,1,3,0,1,1,0,1,3,2,2,2,0,0,1,1,2,2,3,2,1,2,2,1,1,1,2,1,3,3,2,0,2,3,0,0,2,0,1,0,3,2,1,3,2,1,0,2,0,2,0,3,1,3,1,0,2,2,1,0 ks=0,199,36,64,249,132,187,246,0,44,131,97,154,208,0,110,200,130,199,133,31,71,0,0,0,55,61,178,0,63,154,32,96,118,49,0,0,253,0,54,178,0,0,249,0,201,252,121,0,0,0,55,201,81,0,20,21,42,0,236,130,21,242,151
00639 features=931 size=47 p=5 tap=43 reset=true scheme=3 ops=1,0,2,0,2,3,3,2,1,1,2,3,1,3,2,3,2,3,3,1,0,3,2,0,2,1,2,1,0,0,3,0,1,0,3,1,0,1,1,3,3,1,3,3,2,0,3,0,0,0,1,0,1,0,0,3,3,0,3,2,0,3,2,0 ks=129,92,157,0,0,247,123,25,17,0,0,89,0,46,0,255,0,203,226,129,30,215,236,65,177,128,25,215,171,85,0,0,0,6,214,151,10,191,170,244,0,226,234,170,113,43,22,141,0,0,141,74,54,0,82,0,19,50,255,9,0,201,118,0
00640 features=908 size=18 p=5 tap=30 reset=true scheme=5 ops=0,2,0,1,2,2,2,1,3,0,2,0,1,2,0,1,2,0,2,3,1,2,1,2,3,1,1,2,3,3,1,3,2,2,3,1,0,2,3,2,3,2,3,2,3,2,1,2,3,0,3,0,0,0,2,0,2,2,3,3,0,0,0,0 ks=0,0,0,0,181,0,110,0,123,92,169,0,0,0,106,0,0,148,0,0,0,0,89,0,0,0,133,0,0,0,138,0,0,0,0,0,0,88,0,0,4,24,30,64,0,0,0,100,0,0,0,0,0,0,0,0,0,68,0,252,0,0,0,0
00641 features=895 size=39 p=1 tap=19 reset=false scheme=1 ops=3,1,0,3,1,1,3,1,2,2,2,0,3,0,3,3,3,3,3,3,3,3,1,0,0,3,0,3,0,2,1,3,0,1,1,1,1,2,3,3,1,0,1,1,0,1,0,3,3,2,3,2,3,3,2,0,1,2,0,0,1,3,1,3 ks=0,79,7,205,133,169,0,244,113,236,239,0,96,0,77,0,0,0,72,206,0,0,0,0,24,0,23,255,32,208,124,0,0,0,169,174,189,142,235,106,0,48,26,174,0,0,216,48,0,0,198,165,0,0,136,47,0,126,40,0,91,163,0,38
00642 features=785 size=20 p=1 tap=54 reset=true scheme=3 ops=0,1,2,1,3,3,0,1,2,0,2,3,0,2,3,1,2,2,0,3,3,2,0,0,0,1,1,1,0,1,2,1,1,2,0,0,3,0,3,1,3,1,0,3,0,1,1,2,0,3,1,3,0,0,3,1,0,2,0,3,0,0,2,3 ks=147,218,0,96,0,0,0,204,197,0,0,0,0,0,0,0,0,0,53,0,0,0,0,0,0,0,66,0,239,115,60,0,204,127,0,0,0,0,0,0,0,69,0,0,124,0,0,0,0,0,135,0,171,63,0,0,0,0,0,0,0,5,151,127
00643 features=1019 size=45 p=5 tap=5 reset=true scheme=5 ops=1,3,2,3,3,0,0,3,3,3,1,2,3,1,1,2,3,0,2,1,3,2,3,3,1,3,0,1,1,2,0,0,0,0,2,3,0,1,2,0,3,0,2,1,3,1,2,3,1,0,3,2,3,0,3,0,3,0,3,0,0,0,3,1 ks=0,101,167,242,0,83,69,0,0,0,148,209,18,175,244,0,206,0,90,0,9,51,0,0,62,0,92,155,116,234,0,13,194,206,243,54,137,85,0,57,141,0,153,236,0,191,0,35,244,55,164,0,40,0,148,85,255,123,0,118,50,13,194,171
00644 features=1009 size=64 p=5 tap=43 reset=false scheme=5 ops=2,1,1,3,0,0,2,1,3,1,3,1,0,2,3,0,0,3,1,0,1,1,2,3,1,3,2,3,2,0,1,1,1,0,0,3,1,2,1,2,3,3,3,3,1,1,1,2,0,1,0,1,3,0,0,0,1,1,2,1,0,1,0,2 ks=200,129,13,78,167,195,25,208,44,157,159,129,217,15,164,240,130,202,65,143,82,206,53,72,251,2,204,8,120,169,105,255,57,138,154,22,224,50,37,246,253,217,86,74,167,210,163,175,53,18,22,161,197,45,57,144,151,13,44,7,147,202,81,43
00645 features=941 size=64 p=5 tap=8 reset=true scheme=3 ops=0,3,2,0,1,1,3,2,3,1,3,2,3,0,2,2,1,2,2,2,0,3,1,3,1,2,0,1,2,1,2,3,0,0,1,0,2,3,1,0,2,0,2,0,1,1,0,2,3,0,3,3,0,3,3,3,2,0,3,2,2,3,0,0 ks=199,211,79,71,172,247,206,251,5,228,202,229,38,165,165,78,5,104,81,199,176,214,109,53,128,23,68,145,107,28,227,4,203,219,126,162,146,87,21,78,69,15,121,124,47,23,189,158,43,161,182,79,228,135,255,114,111,214,93,27,168,31,224,129
00646 features=787 size=33 p=2 tap=16 reset=true scheme=3 ops=3,1,0,2,1,0,0,2,1,3,3,2,0,1,3,2,2,2,0,3,3,3,3,3,3,2,3,1,0,1,1,3,0,2,1,2,2,3,1,3,2,0,2,0,2,0,0,3,3,2,3,3,2,1,2,2,0,1,1,1,0,2,1,1 ks=195,0,0,7,202,199,159,0,178,0,9,25,0,0,0,69,151,0,0,0,62,81,240,0,0,0,0,0,0,169,91,0,138,26,153,0,207,0,0,221,177,249,0,0,63,12,0,0,0,0,0,236,145,196,0,28,81,248,0,0,193,189,103,0
00647 features=855 size=31 p=10 tap=56 reset=false scheme=5 ops=0,2,2,0,0,2,2,0,2,3,3,1,3,0,2,2,3,3,3,2,1,1,2,0,2,0,1,2,1,0,0,2,2,2,1,0,2,1,2,3,3,3,1,3,2,0,3,3,0,3,2,3,0,0,0,1,3,0,1,1,2,2,0,3 ks=0,0,173,0,0,0,0,0,0,0,0,179,0,0,140,104,0,0,81,0,0,155,0,73,42,1,177,0,97,0,16,0,0,0,44,0,71,89,0,26,0,0,65,72,81,0,0,74,98,0,253,234,72,11,129,249,249,0,0,178,172,0,0,190
00648 features=978 size=64 p=10 tap=4 reset=false scheme=4 ops=0,3,0,3,3,1,1,2,0,2,2,2,3,3,1,2,1,3,2,0,3,3,3,2,3,1,0,1,0,3,3,2,0,0,1,1,0,2,3,0,2,2,2,1,1,1,3,0,3,1,0,0,0,1,1,0,2,3,2,3,0,1,3,1 ks=252,136,28,20,46,193,163,9,89,155,90,164,107,184,206,254,74,204,222,24,87,193,192,42,48,248,77,179,153,243,158,113,34,138,81,158,57,217,144,206,197,127,239,110,161,254,56,123,214,246,188,119,249,198,243,197,13,129,227,48,139,62,111,167
00649 features=971 size=63 p=2 tap=44 reset=true scheme=3 ops=1,0,1,0,0,2,2,1,2,2,0,2,3,1,1,3,1,3,0,3,0,0,2,1,1,1,1,3,0,1,3,2,1,1,1,3,1,0,3,0,0,2,0,0,3,1,3,2,0,2,0,1,0,0,3,2,2,0,1,0,2,1,1,2 ks=131,89,177,228,135,0,127,61,231,28,111,25,250,10,64,61,229,215,146,44,58,39,55,234,118,19,155,247,187,138,24,219,129,88,13,161,97,239,55,181,211,235,125,161,248,107,234,64,114,163,246,149,41,75,15,39,57,233,62,143,176,18,48,208
00650 features=690 size=21 p=5 tap=35 reset=false scheme=0 ops=3,2,1,0,1,3,2,1,2,3,1,0,2,0,2,3,1,3,1,3,1,1,0,0,1,2,0,2,1,2,0,3,3,1,1,3,1,1,2,0,2,3,0,2,2,3,3,0,3,1,0,2,2,0,2,2,3,1,2,0,1,2,1,0 ks=242,13,0,0,0,0,0,113,0,0,188,116,0,101,0,0,230,0,0,0,0,0,59,244,0,24,0,0,0,0,0,0,0,0,0,177,0,0,0,28,134,0,0,154,0,0,0,0,63,233,0,0,0,0,8,93,0,59,209,0,0,0,84,0
00651 features=974 size=64 p=10 tap=61 reset=true scheme=3 ops=0,1,1,0,2,1,0,3,3,3,0,0,3,1,2,1,3,0,1,3,1,3,1,1,1,2,2,2,2,1,3,0,0,2,3,3,3,0,2,1,1,0,3,0,0,1,0,1,2,0,0,2,3,3,0,3,2,3,0,0,1,3,2,0 ks=151,136,228,42,211,68,150,47,128,117,6,101,152,10,74,187,143,15,235,7,35,72,220,136,156,138,21,79,214,37,208,6,140,39,97,56,30,172,56,133,66,178,152,137,119,235,42,59,180,155,135,86,117,89,4,184,177,44,35,54,110,243,250,215
00652 features=885 size=43 p=5 tap=60 reset=true scheme=3 ops=0,3,1,2,0,1,3,1,2,0,0,3,2,2,1,2,1,3,2,1,2,2,3,2,2,2,1,1,1,1,3,1,1,0,3,0,1,0,2,2,0,3,2,0,3,2,1,3,0,1,2,0,2,3,3,0,3,1,0,3,3,0,3,3 ks=51,54,115,124,162,0,154,147,0,0,252,197,219,0,123,125,252,63,136,171,30,64,3,0,199,0,0,159,31,9,104,0,204,47,99,0,102,175,0,0,0,0,0,90,189,0,99,0,254,80,0,0,117,0,184,169,22,0,136,255,200,187,65,0
00653 features=944 size=64 p=2 tap=50 reset=true scheme=3 ops=0,0,2,2,2,1,0,2,3,1,0,0,3,2,0,2,3,0,3,1,0,0,0,2,2,1,3,2,3,3,3,1,1,3,0,1,3,3,0,3,3,0,2,1,2,1,3,3,1,1,2,3,0,0,1,0,0,0,1,3,2,0,2,3 ks=172,220,255,43,254,197,108,212,69,231,51,154,11,65,89,22,9,7,117,250,44,86,163,21,4,253,106,239,145,56,174,231,94,50,209,174,119,14,9,175,105,189,212,105,233,62,77,185,157,148,208,223,246,214,222,91,206,220,8,116,79,103,28,94
00654 features=828 size=46 p=2 tap=57 reset=true scheme=3 ops=1,0,0,2,3,0,3,1,1,1,1,2,1,3,3,1,3,1,0,0,3,3,1,2,0,1,1,3,3,1,1,1,2,0,2,3,2,1,2,1,2,0,0,3,1,2,0,1,1,2,1,3,2,1,0,1,0,2,1,2,0,3,2,1 ks=16,0,27,0,0,229,0,115,55,0,0,172,124,60,114,209,0,6,204,104,0,135,133,0,145,0,216,81,0,108,208,63,0,226,183,228,112,224,83,0,154,82,123,1,53,170,195,172,0,202,92,61,222,0,126,99,229,211,0,0,62,145,24,0
00655 features=615 size=21 p=1 tap=43 reset=false scheme=3 ops=2,0,0,1,0,3,2,1,2,1,1,0,3,3,2,3,1,3,3,1,3,1,3,3,1,2,2,1,1,0,0,1,3,3,1,1,0,1,0,0,3,1,0,1,3,1,3,1,0,2,3,3,1,0,1,3,3,0,2,1,2,0,2,0 ks=0,0,0,0,0,123,136,0,0,0,0,10,0,0,239,62,0,0,0,0,0,0,0,41,0,0,69,0,229,70,0,13,0,19,0,75,0,0,0,94,0,0,0,0,118,161,0,0,0,0,152,0,0,0,0,0,98,0,62,160,0,203,184,0
00656 features=653 size=22 p=10 tap=56 reset=false scheme=0 ops=1,0,0,3,2,2,2,0,1,1,3,2,3,3,2,1,1,1,3,3,0,3,0,2,2,2,0,2,0,3,2,1,3,3,3,2,1,1,1,3,3,2,3,2,3,2,3,3,0,0,1,2,0,2,3,1,0,3,1,0,3,3,0,2 ks=45,0,179,0,0,0,116,0,0,98,0,0,44,0,0,9,0,149,0,189,125,0,0,0,0,24,0,120,0,0,0,0,112,0,0,248,0,0,170,0,0,251,0,0,0,136,82,0,0,0,0,0,0,0,0,238,232,34,0,135,0,162,0,0
00657 features=861 size=45 p=5 tap=44 reset=true scheme=3 ops=1,3,2,1,3,0,3,3,3,0,2,1,0,2,0,3,3,2,1,0,3,2,0,0,3,0,0,3,3,2,1,0,2,2,2,1,2,3,3,0,0,3,2,3,3,0,1,3,2,1,0,3,3,0,1,3,1,3,3,0,3,0,1,1 ks=98,38,0,89,0,121,152,24,38,108,0,32,243,206,0,0,0,253,0,6,18,167,16,183,229,211,0,0,0,155,0,4,66,0,136,99,208,0,82,84,213,0,0,206,197,14,110,85,255,0,52,126,0,109,105,69,0,86,198,0,4,39,119,67
00658 features=815 size=24 p=2 tap=19 reset=true scheme=1 ops=1,3,1,0,3,3,3,3,3,1,1,1,1,2,3,0,0,1,3,2,1,3,3,2,1,3,2,1,3,0,1,0,1,1,3,2,3,0,1,0,1,2,2,2,3,2,1,1,2,2,0,0,0,2,3,3,3,3,1,3,2,1,0,1 ks=0,0,235,0,0,5,0,0,0,0,15,0,0,0,0,242,0,0,115,0,144,228,0,0,97,45,0,142,92,157,216,143,0,0,70,0,0,0,0,0,253,0,0,0,160,0,197,0,150,0,253,0,0,0,58,30,190,0,86,0,0,0,0,0
00659 features=827 size=42 p=10 tap=60 reset=true scheme=3 ops=2,2,1,0,1,1,0,0,1,0,0,3,2,1,0,0,3,1,3,1,0,0,2,3,0,0,1,0,0,0,0,1,0,0,2,0,0,2,0,1,2,3,0,0,0,2,1,3,3,1,1,0,2,3,0,0,0,3,0,1,1,0,1,1 ks=0,45,81,0,0,0,198,184,6,8,167,0,0,147,0,240,0,122,1,72,199,104,250,0,30,111,78,187,0,151,249,0,247,0,0,0,179,161,11,24,76,109,0,204,210,66,228,118,0,208,61,0,110,131,1,190,76,0,0,0,197,0,238,0
00660 features=899 size=39 p=2 tap=5 reset=false scheme=3 ops=2,0,1,0,3,3,0,3,0,0,0,2,0,3,0,1,0,3,2,3,1,3,0,0,1,2,0,2,3,3,0,2,1,1,1,3,3,2,3,2,0,0,0,3,0,2,1,1,0,2,1,3,2,2,1,0,3,3,3,2,0,2,2,0 ks=135,197,93,0,250,58,0,0,0,0,10,0,0,186,83,37,144,0,105,28,0,32,152,73,214,164,168,45,86,165,0,49,38,8,0,0,0,56,160,40,0,43,57,111,0,141,8,128,0,0,0,249,8,0,252,168,0,120,0,0,0,0,0,243
00661 features=975 size=48 p=1 tap=56 reset=true scheme=1 ops=3,2,2,2,2,1,2,0,2,2,0,3,0,2,0,0,2,1,2,3,3,0,3,3,2,3,1,0,0,0,0,3,1,1,1,2,2,2,0,1,1,2,2,0,3,3,1,1,0,1,0,0,0,0,0,2,3,2,2,1,0,2,2,3 ks=108,10,43,6,0,44,188,0,204,116,47,178,114,82,0,0,251,0,233,188,0,17,83,171,63,41,83,133,183,136,41,114,105,138,150,249,96,145,0,0,0,0,0,86,0,164,0,86,157,106,75,154,0,129,9,0,209,164,0,241,30,231,236,41
00662 features=958 size=64 p=10 tap=62 reset=true scheme=3 ops=1,1,1,2,0,3,1,2,2,2,1,2,1,2,2,2,2,2,1,0,3,2,3,2,1,0,0,0,1,2,0,1,1,2,0,3,1,1,3,1,0,3,2,2,3,2,2,3,2,0,3,1,1,3,2,0,2,1,0,1,2,1,3,1 ks=122,51,140,62,248,10,43,250,45,169,137,35,214,84,142,59,108,189,76,180,220,121,36,57,202,53,78,216,89,16,204,57,250,203,171,161,185,229,178,213,131,9,210,241,157,51,94,110,77,127,224,204,220,9,156,32,122,41,15,81,30,56,111,245
00663 features=817 size=43 p=5 tap=56 reset=false scheme=2 ops=0,3,1,2,2,1,2,3,2,0,0,2,1,1,0,3,3,0,3,3,1,0,1,0,1,3,2,0,1,1,2,0,0,3,3,1,1,0,0,3,0,2,3,1,3,3,3,3,3,1,0,2,0,2,0,3,1,0,3,0,0,3,3,0 ks=73,0,166,75,0,151,0,230,225,156,0,165,0,0,27,0,125,116,0,101,0,115,16,0,102,156,0,244,32,119,0,226,35,162,0,0,71,188,80,99,16,0,0,0,0,0,186,104,87,186,19,156,59,185,106,0,116,0,23,143,33,14,160,219
00664 features=733 size=26 p=10 tap=10 reset=true scheme=3 ops=1,2,0,2,1,3,1,0,3,2,1,1,0,0,3,0,0,2,1,1,0,3,2,0,0,0,2,2,1,3,2,1,3,0,0,3,0,1,1,1,0,2,2,1,2,3,0,1,0,0,2,0,0,0,3,3,0,3,0,0,0,2,3,1 ks=120,0,0,152,0,0,0,0,0,138,0,0,0,131,62,0,252,208,0,18,0,0,111,0,0,0,0,0,0,44,193,177,212,0,238,0,92,0,0,0,0,196,0,247,247,0,0,0,0,63,0,218,0,64,234,0,7,0,0,230,82,0,23,0
00665 features=736 size=15 p=1 tap=52 reset=true scheme=3 ops=1,3,1,0,1,2,2,3,0,2,3,0,0,1,1,1,1,3,3,0,0,3,0,3,3,0,3,0,0,0,1,1,0,2,1,2,2,1,1,2,3,2,1,1,0,1,1,1,2,3,2,2,3,3,2,2,0,0,3,1,0,2,3,2 ks=0,0,163,83,0,68,0,0,0,0,0,0,0,0,102,74,0,0,10,0,0,0,0,0,0,104,0,0,0,0,0,90,0,65,0,0,0,0,0,0,0,0,0,0,10,0,0,61,0,0,0,0,0,0,85,76,0,0,190,0,0,188,0,0
00666 features=864 size=45 p=5 tap=25 reset=true scheme=3 ops=1,2,1,1,1,1,3,3,2,1,0,3,3,1,3,1,0,2,0,1,2,3,3,2,1,3,3,2,2,0,1,1,2,2,3,3,3,1,0,1,2,2,2,2,0,1,0,1,2,2,1,0,1,2,2,0,1,0,2,0,3,0,3,2 ks=170,0,112,202,112,0,64,0,141,148,43,146,43,220,159,192,137,0,217,227,151,209,0,2,0,249,49,205,0,0,12,0,208,99,0,8,40,0,0,49,0,0,183,28,36,166,214,16,25,219,0,67,48,221,34,0,26,78,169,0,0,0,223,13
00667 features=859 size=28 p=5 tap=24 reset=true scheme=4 ops=3,1,0,0,3,0,0,3,2,1,2,0,0,2,2,1,2,0,0,2,1,3,2,3,3,0,1,1,2,0,0,2,1,3,2,3,0,0,1,1,1,1,1,1,0,1,3,3,0,1,1,3,1,1,2,2,1,3,2,3,0,2,2,3 ks=111,0,0,0,119,0,209,0,147,0,1,67,0,0,0,223,158,88,0,0,0,0,0,0,43,0,136,225,200,69,0,168,0,0,0,210,0,0,0,95,0,124,70,0,51,97,0,233,184,193,28,0,46,40,0,0,0,0,0,238,0,0,0,0
00668 features=733 size=29 p=10 tap=15 reset=false scheme=3 ops=1,1,1,0,2,0,2,0,1,2,0,3,0,3,1,3,2,2,3,1,1,2,1,3,2,3,0,3,3,2,2,1,3,3,2,2,0,0,2,2,2,0,1,3,0,3,2,1,0,1,3,0,0,1,2,3,1,1,1,3,1,0,2,3 ks=0,0,106,0,0,11,0,18,69,0,0,0,0,0,0,195,0,87,84,0,187,122,0,22,20,0,52,0,10,2,104,0,0,124,133,4,131,0,189,0,60,0,150,97,189,76,251,0,0,0,0,0,0,0,0,0,107,181,0,190,0,0,0,0
00669 features=738 size=18 p=2 tap=23 reset=false scheme=4 ops=2,0,3,2,2,0,3,1,0,0,1,1,1,2,2,1,1,0,0,1,3,3,2,2,2,1,3,1,2,2,1,3,1,1,2,3,1,0,3,1,2,1,0,2,0,1,2,0,0,2,1,3,2,0,2,0,2,1,3,2,0,2,0,1 ks=0,0,0,0,0,0,0,0,115,0,116,0,0,0,0,0,0,255,0,179,0,0,113,0,175,0,0,167,0,0,131,158,0,0,0,0,0,101,0,0,0,0,89,158,0,0,0,0,0,0,0,0,132,0,124,0,0,228,213,0,198,0,173,0
00670 features=910 size=49 p=5 tap=7 reset=true scheme=3 ops=1,3,0,0,1,3,2,3,1,2,3,1,1,2,3,1,0,3,3,2,2,1,1,3,2,0,2,2,3,3,0,2,0,2,2,0,2,1,1,2,2,3,0,3,0,2,0,0,2,2,0,0,0,2,3,1,0,1,1,0,0,3,2,3 ks=68,17,63,26,0,0,169,13,143,125,89,89,0,190,70,198,0,15,0,20,54,0,84,0,236,114,33,2,201,69,249,142,174,0,0,108,191,57,88,60,7,0,41,0,45,37,188,0,162,227,0,152,0,135,0,3,10,168,124,167,244,184,151,124
00671 features=959 size=64 p=10 tap=21 reset=true scheme=3 ops=1,0,0,2,1,3,3,1,1,0,3,0,1,3,3,0,1,0,0,1,0,2,3,0,2,3,0,1,2,2,2,0,0,2,3,2,2,2,2,1,0,1,3,2,2,3,2,0,3,3,3,3,1,3,0,2,0,0,1,0,1,3,1,0 ks=79,139,36,68,229,101,58,177,24,23,241,33,13,97,81,201,148,49,199,183,168,163,114,166,209,69,75,112,51,137,200,73,116,202,67,17,251,152,255,85,57,57,180,234,71,3,137,206,11,71,122,224,134,199,35,192,20,117,125,17,71,16,17,149
00672 features=857 size=47 p=10 tap=8 reset=true scheme=3 ops=0,3,2,2,3,1,1,3,3,3,3,3,0,3,3,2,1,2,0,2,1,0,2,3,3,0,2,1,1,3,1,2,1,1,1,2,1,0,1,3,3,0,2,1,1,0,3,3,0,0,0,2,2,0,3,1,3,1,3,0,2,1,3,3 ks=42,0,0,222,189,23,0,28,130,230,168,208,0,119,129,165,0,207,234,85,0,167,0,0,0,199,63,184,235,15,0,0,63,54,185,151,250,68,0,116,247,192,255,0,88,0,188,33,0,110,16,16,251,79,111,251,110,204,39,10,191,0,0,212
00673 features=965 size=64 p=2 tap=18 reset=true scheme=3 ops=1,2,3,3,3,3,1,3,2,3,1,0,1,1,1,2,0,3,2,3,1,1,1,0,1,0,0,2,3,2,0,0,1,0,1,0,0,3,2,3,0,3,0,3,3,1,2,0,3,0,2,1,1,3,2,1,2,1,1,3,2,1,0,0 ks=46,208,159,101,62,44,8,172,28,33,204,172,145,70,45,245,56,148,89,66,236,124,177,57,12,7,64,85,137,230,240,24,93,26,246,63,214,220,224,13,22,178,159,187,4,241,214,11,234,245,114,159,141,146,202,187,108,216,2,60,127,179,114,130
00674 features=909 size=63 p=10 tap=53 reset=true scheme=3 ops=3,2,1,3,2,0,0,3,2,3,3,2,2,1,0,0,1,3,0,0,0,3,1,2,1,1,0,1,3,3,3,3,3,1,0,2,0,1,0,3,0,2,1,0,1,0,1,3,2,2,2,3,3,1,1,3,3,2,1,3,3,0,3,3 ks=25,110,171,184,73,47,235,22,133,237,193,148,21,42,172,8,174,39,240,174,109,132,201,159,93,151,217,0,246,125,17,14,31,26,226,60,145,127,253,131,240,169,95,8,205,211,143,222,162,220,228,166,223,157,99,240,254,204,213,30,162,242,200,221
00675 features=1015 size=64 p=10 tap=14 reset=false scheme=5 ops=1,3,0,0,3,2,2,2,2,1,3,1,2,3,3,0,2,3,0,2,1,1,3,2,3,2,1,2,3,1,2,1,0,0,3,3,0,2,3,0,2,0,0,0,3,2,2,3,3,0,2,1,1,1,3,2,3,2,0,1,1,2,2,3 ks=45,48,181,91,84,42,160,127,35,142,130,86,56,82,233,96,106,132,230,119,218,10,223,65,70,197,239,182,26,121,32,230,234,59,144,7,203,6,242,7,74,178,117,207,92,77,161,35,4,188,9,13,220,200,115,123,28,174,63,14,233,97,147,226
00676 features=811 size=24 p=10 tap=2 reset=true scheme=3 ops=0,1,3,2,2,1,1,3,0,0,3,3,0,1,2,3,0,2,3,1,2,2,1,0,0,2,2,0,1,2,1,1,1,2,0,3,3,1,0,3,1,3,0,3,3,2,3,3,3,2,1,3,2,2,2,3,3,3,2,3,3,3,0,0 ks=0,0,20,0,0,0,131,0,0,0,0,158,0,0,55,150,0,0,0,0,80,0,0,0,0,243,102,28,0,0,0,136,168,0,0,0,0,56,184,0,66,0,0,0,0,0,113,0,0,89,88,0,0,0,123,236,80,0,171,0,195,133,72,0
00677 features=632 size=18 p=10 tap=54 reset=false scheme=5 ops=1,3,1,0,2,3,1,1,3,0,0,0,2,1,0,3,3,0,2,2,3,2,0,0,1,1,3,2,2,1,2,1,3,3,1,0,3,1,1,1,3,2,2,0,2,3,1,0,0,3,2,3,3,1,2,1,1,1,0,0,3,1,1,3 ks=0,0,112,0,0,0,0,0,75,12,172,0,0,136,0,214,0,0,0,0,23,0,79,0,200,0,34,0,0,2,0,0,0,62,0,8,0,189,0,0,0,0,0,0,0,0,0,0,0,0,0,9,106,63,0,0,0,137,0,0,0,0,0,0
00678 features=984 size=64 p=1 tap=49 reset=true scheme=3 ops=1,2,2,0,0,1,0,1,1,2,2,3,1,0,1,3,2,2,1,0,0,0,0,1,0,3,3,2,2,3,3,2,1,2,1,3,0,3,0,1,1,3,2,0,1,2,2,2,3,3,0,1,0,3,2,0,3,1,2,2,2,1,3,2 ks=158,48,202,222,109,213,70,132,62,204,156,86,98,238,155,212,157,207,81,73,184,46,235,227,12,142,141,172,103,101,34,31,214,183,247,107,123,197,98,255,176,117,240,212,82,22,184,196,219,139,207,64,195,208,15,88,235,105,9,232,141,37,56,136
00679 features=808 size=39 p=5 tap=37 reset=false scheme=2 ops=0,3,0,3,1,0,2,2,2,3,0,3,2,3,0,0,2,0,1,0,1,1,0,0,1,2,3,1,3,3,0,1,3,3,3,3,0,0,3,1,1,3,3,0,2,3,1,3,1,2,1,2,0,2,1,1,3,1,1,0,0,3,3,1 ks=0,85,112,106,0,17,0,172,6,193,25,0,248,49,0,198,0,0,0,160,0,0,69,187,173,95,233,198,66,144,15,48,0,250,0,13,0,164,0,150,150,239,0,0,0,165,104,161,0,0,208,0,41,0,112,0,0,152,0,142,117,124,0,146
00680 features=763 size=45 p=2 tap=49 reset=true scheme=3 ops=3,3,0,1,3,1,3,1,1,1,1,0,0,2,0,3,0,2,1,0,1,3,2,1,3,3,3,1,3,0,1,2,3,0,3,2,1,3,2,1,3,0,0,2,1,0,1,3,2,0,1,0,2,1,1,3,0,1,2,3,2,1,2,2 ks=0,0,206,196,89,20,13,0,179,78,23,0,1,10,96,40,0,213,37,199,202,0,0,125,102,85,0,225,0,0,0,57,0,207,241,156,108,222,162,14,0,124,217,241,0,25,0,10,245,214,0,77,98,233,0,144,221,0,14,166,215,0,151,212
00681 features=939 size=64 p=2 tap=44 reset=true scheme=3 ops=1,3,0,3,0,1,2,2,0,3,0,1,2,0,0,0,2,2,1,0,3,2,1,3,0,3,3,0,0,1,3,1,1,1,2,3,0,0,3,0,2,2,1,1,3,3,1,2,1,3,3,0,2,3,1,0,2,1,3,0,2,3,1,0 ks=79,98,240,159,176,54,209,170,42,165,59,172,16,199,186,220,101,155,2,29,171,177,214,117,109,39,220,50,245,199,253,189,70,237,105,255,123,197,82,234,156,163,9,120,3,30,187,249,145,124,216,81,163,197,197,98,113,228,182,211,134,42,81,208
00682 features=995 size=64 p=10 tap=35 reset=true scheme=3 ops=3,1,3,2,0,2,2,1,3,2,3,0,0,1,2,3,2,2,0,0,0,1,1,2,3,3,3,2,1,1,2,0,2,0,3,3,0,1,0,1,3,0,3,3,3,0,0,2,1,2,3,1,0,2,2,0,2,3,3,1,1,2,0,2 ks=45,100,71,179,233,126,201,205,158,109,45,102,185,37,69,178,177,101,204,107,144,216,113,9,113,177,52,47,217,112,30,19,153,101,79,197,66,171,218,235,187,55,13,79,44,98,58,250,67,49,39,146,130,226,8,86,43,156,13,76,115,13,43,127
00683 features=627 size=19 p=10 tap=22 reset=false scheme=5 ops=3,0,2,1,3,2,0,3,3,3,1,1,2,0,3,2,2,3,1,0,3,3,3,2,1,2,0,1,1,3,2,3,0,2,2,0,3,0,3,2,2,1,0,3,1,2,2,0,1,0,1,3,3,1,3,0,2,1,0,2,1,2,1,0 ks=0,0,0,0,64,141,0,176,12,0,0,0,80,0,0,140,0,0,0,133,0,59,114,244,0,0,183,0,0,0,0,0,0,0,0,0,240,0,0,0,0,0,211,0,128,0,0,0,174,124,230,0,0,0,0,0,253,0,0,0,134,0,0,0
00684 features=898 size=64 p=5 tap=23 reset=true scheme=3 ops=2,1,0,3,1,0,3,1,2,3,3,1,2,1,3,0,1,0,1,0,2,3,0,2,0,1,2,1,0,3,0,3,3,2,0,1,0,0,2,3,0,2,3,0,3,1,2,0,0,1,0,0,0,0,3,3,1,0,1,0,3,1,2,3 ks=155,11,98,97,85,28,38,8,25,147,111,228,119,146,36,160,187,176,2,250,86,27,224,240,129,4,161,87,103,219,17,39,244,29,163,79,142,96,82,208,178,109,157,201,242,133,169,182,202,178,251,171,22,174,80,124,114,202,197,166,96,124,71,139
00685 features=837 size=38 p=10 tap=7 reset=true scheme=3 ops=0,3,3,0,3,2,1,1,3,1,3,0,2,2,2,2,2,0,3,0,0,1,0,0,3,3,3,3,0,1,3,1,0,0,3,3,3,1,2,3,0,3,1,2,0,2,2,2,0,1,2,2,1,0,3,2,0,0,3,0,2,1,3,3 ks=0,0,49,191,0,58,138,199,0,0,180,0,75,116,0,97,234,0,0,0,87,248,19,0,203,144,231,0,66,0,40,0,125,73,0,58,8,62,152,194,0,237,70,0,241,0,186,60,152,25,0,0,204,86,0,0,225,151,217,37,0,0,0,0
00686 features=833 size=44 p=10 tap=35 reset=false scheme=4 ops=3,2,1,3,3,2,3,0,2,2,2,1,2,1,2,1,2,1,1,1,0,0,0,2,1,0,1,0,0,3,2,0,1,3,1,0,1,1,2,3,3,2,0,3,1,3,1,0,3,2,3,2,3,0,0,1,3,1,3,1,0,3,2,2 ks=212,0,192,39,34,209,96,66,79,0,0,0,200,8,0,0,0,53,85,0,194,37,58,219,48,208,3,52,156,176,74,86,0,0,237,0,0,144,150,127,77,0,116,0,251,215,0,135,0,0,144,75,168,104,0,104,71,46,44,0,234,53,0,82
00687 features=828 size=22 p=1 tap=59 reset=true scheme=3 ops=1,2,3,2,0,1,2,0,0,3,1,3,1,0,2,3,3,3,2,2,3,2,3,2,1,1,3,2,0,3,3,1,2,0,1,3,3,0,3,0,3,3,1,2,3,2,2,0,1,1,3,3,0,3,0,0,0,2,3,1,0,1,2,3 ks=0,0,0,50,0,0,0,0,0,0,146,0,44,0,186,0,0,70,167,0,0,0,78,0,0,0,0,0,0,172,141,0,0,0,79,0,169,0,0,0,37,229,0,0,28,0,0,0,193,0,46,0,0,17,6,0,48,0,0,0,238,0,91,167
00688 features=808 size=29 p=1 tap=53 reset=true scheme=5 ops=3,3,0,1,2,0,3,0,2,1,1,0,3,2,3,0,0,3,2,1,1,2,1,3,2,3,3,3,3,3,0,0,1,3,3,1,0,1,1,1,3,1,0,3,2,1,2,2,3,1,2,2,3,2,2,2,2,0,2,0,1,1,1,3 ks=191,0,225,249,0,0,29,241,0,183,248,0,19,250,181,211,0,170,0,0,145,94,0,0,0,30,161,0,0,0,76,0,195,167,0,0,0,206,0,0,95,0,0,0,0,0,0,0,0,231,0,45,0,45,0,231,21,0,18,0,0,0,221,135
00689 features=683 size=25 p=2 tap=57 reset=true scheme=3 ops=3,0,0,1,2,2,0,0,1,1,3,2,0,3,1,3,3,0,0,3,1,3,3,0,0,3,1,1,2,0,3,0,1,2,1,1,0,3,3,3,3,3,0,3,2,0,3,0,3,1,1,2,1,0,2,0,3,3,1,1,3,3,3,2 ks=0,0,52,176,0,236,0,125,0,0,156,70,0,248,0,0,0,0,163,252,0,0,0,0,0,107,0,64,0,234,190,133,133,115,33,0,0,0,0,219,0,0,123,0,0,181,0,0,132,164,0,0,0,0,10,0,0,0,0,0,0,0,100,85
00690 features=752 size=35 p=10 tap=46 reset=true scheme=3 ops=3,2,3,1,2,0,1,3,3,1,2,2,0,1,1,0,2,0,0,3,1,1,3,3,3,0,2,3,0,0,2,3,3,2,1,3,1,1,1,0,1,2,1,3,1,3,2,0,1,1,0,1,0,2,3,2,0,2,2,1,1,1,0,0 ks=5,0,144,84,128,177,166,10,111,247,0,0,0,118,31,190,10,193,46,0,191,0,0,52,223,0,0,0,27,22,41,160,0,0,0,0,152,98,0,0,123,127,37,0,0,0,37,0,0,0,51,161,70,7,0,0,0,0,0,160,0,0,204,110
00691 features=745 size=40 p=5 tap=19 reset=false scheme=0 ops=0,0,3,2,1,0,1,1,1,3,1,2,0,3,2,3,3,2,3,2,3,1,2,0,1,0,0,2,2,1,2,0,1,2,0,0,2,0,2,1,1,1,2,0,1,0,1,1,2,0,3,2,3,2,1,0,2,2,0,3,2,3,2,0 ks=0,160,0,0,0,159,129,0,30,0,142,100,199,0,0,128,243,58,50,164,183,0,147,235,0,251,0,73,0,60,50,8,143,0,208,29,196,249,13,0,190,137,0,237,0,152,153,0,183,178,146,0,196,78,137,0,0,45,112,0,166,0,0,0
00692 features=1012 size=64 p=5 tap=23 reset=true scheme=5 ops=1,0,0,3,1,2,2,1,2,0,2,2,0,3,2,3,3,0,3,2,3,2,3,3,2,3,0,0,3,3,0,2,3,3,3,3,3,0,0,3,0,3,0,2,1,0,3,0,3,1,1,0,2,2,1,0,1,2,3,2,3,3,3,1 ks=153,169,126,161,29,124,79,239,135,209,142,113,20,70,206,162,115,55,199,106,164,124,130,150,163,152,91,169,90,213,13,111,200,66,38,111,146,4,255,57,93,209,1,97,201,109,10,239,127,51,43,178,86,25,190,45,79,215,237,228,210,23,213,50
00693 features=951 size=63 p=10 tap=52 reset=true scheme=3 ops=3,2,3,2,0,3,0,0,0,3,3,2,2,3,3,2,3,2,1,2,2,3,0,0,1,1,3,2,0,2,2,1,3,1,2,2,0,2,0,1,3,3,2,0,2,3,2,3,0,2,3,2,0,1,2,1,1,3,0,2,2,2,3,1 ks=126,82,226,13,162,37,210,156,189,241,184,141,79,147,36,218,31,82,72,74,141,150,243,204,90,108,249,149,27,211,64,53,212,53,20,207,38,247,9,0,56,96,88,91,47,253,172,93,146,14,204,233,13,219,19,106,118,202,230,81,52,129,9,55
00694 features=858 size=41 p=2 tap=59 reset=true scheme=3 ops=0,1,2,1,1,1,3,0,3,1,1,2,2,3,2,2,2,0,1,3,0,3,2,0,0,1,2,3,1,1,0,0,1,3,1,2,2,0,1,0,1,3,1,2,1,0,0,0,1,0,0,1,3,3,1,1,2,1,0,1,2,3,0,0 ks=0,173,244,0,0,132,99,152,0,40,133,145,0,91,0,166,0,0,192,0,64,247,222,0,250,0,220,19,0,203,113,216,202,173,0,53,0,95,197,53,0,0,0,109,102,140,0,0,127,28,37,103,170,232,0,60,40,189,91,86,0,240,0,0
00695 features=931 size=63 p=1 tap=38 reset=true scheme=3 ops=3,0,3,0,1,0,1,0,3,2,2,3,0,0,0,1,1,2,1,3,1,1,2,2,3,2,1,3,3,3,2,0,0,1,1,1,2,3,3,3,0,3,1,1,3,2,0,3,0,2,0,0,2,3,1,2,2,3,3,0,2,2,1,1 ks=99,178,248,67,142,108,161,119,94,6,101,97,223,249,26,122,0,172,7,199,174,54,96,231,133,80,82,49,233,148,251,94,137,41,12,56,36,34,41,46,207,227,252,220,220,95,229,252,159,10,241,132,230,178,120,228,255,200,14,124,182,254,94,1
00696 features=848 size=22 p=10 tap=46 reset=true scheme=4 ops=1,3,2,2,1,2,1,1,1,3,3,0,2,3,3,1,3,0,0,3,2,1,1,2,0,1,1,0,1,1,2,0,0,0,2,1,2,1,3,3,3,3,1,0,0,2,3,1,3,2,0,0,2,3,0,3,2,0,2,3,0,2,1,2 ks=0,0,187,0,0,0,0,0,126,0,158,0,0,213,0,0,0,0,0,0,103,0,0,132,0,56,0,0,0,24,131,181,0,0,45,0,0,236,254,0,0,0,221,0,0,68,32,0,0,0,0,54,108,0,0,0,0,0,116,171,0,0,121,55
00697 features=1027 size=64 p=10 tap=5 reset=true scheme=5 ops=2,2,1,3,3,3,3,0,0,1,1,0,3,1,3,3,3,3,2,1,2,0,0,3,1,1,0,1,3,3,1,3,2,0,3,1,1,0,3,1,3,3,1,3,0,1,3,3,3,2,2,3,1,2,0,1,1,3,1,0,2,3,0,1 ks=224,134,41,21,241,158,212,156,37,117,187,159,127,148,216,195,144,165,198,18,191,243,107,221,21,18,3,174,116,35,159,109,73,200,57,45,155,52,176,248,242,143,129,66,102,172,87,174,110,134,21,168,156,113,253,116,185,47,46,102,131,113,205,159
00698 features=876 size=43 p=10 tap=34 reset=true scheme=3 ops=3,3,2,0,2,3,1,2,0,0,0,1,0,1,0,0,2,0,0,3,1,2,2,0,1,3,1,2,3,1,0,0,0,2,3,2,1,0,0,1,1,0,2,0,1,2,1,3,3,3,2,3,1,1,1,1,1,2,3,2,2,3,2,1 ks=0,0,0,0,23,212,114,0,193,0,219,108,0,0,0,0,139,67,97,0,30,12,179,44,0,0,226,121,199,25,177,114,189,0,244,0,185,97,126,166,233,219,234,216,0,2,133,43,243,21,0,96,130,229,0,163,100,222,75,0,70,0,181,0
00699 features=922 size=29 p=2 tap=47 reset=true scheme=4 ops=2,0,3,0,1,0,1,2,2,0,2,0,3,1,1,0,2,3,0,3,1,1,0,3,2,1,3,0,1,3,3,1,0,3,2,0,0,1,2,3,1,1,1,2,3,3,3,3,1,3,2,0,2,2,3,2,0,2,3,1,3,1,2,2 ks=0,0,0,0,0,159,0,0,0,0,0,70,0,98,0,0,0,0,0,0,0,0,0,216,0,0,73,0,71,105,0,37,40,108,0,69,241,175,0,0,98,44,92,3,0,0,109,103,124,178,0,20,0,64,0,0,120,40,0,164,0,102,191,187
00700 features=748 size=31 p=5 tap=8 reset=true scheme=3 ops=3,1,1,3,2,0,3,1,0,2,3,1,1,1,3,3,2,2,2,1,2,3,0,0,3,0,3,3,1,0,0,2,0,3,1,1,1,1,2,2,1,0,2,3,1,1,2,3,1,2,0,3,2,0,3,3,1,2,1,0,3,1,1,0 ks=162,0,89,0,147,0,109,0,0,0,0,0,204,0,0,0,0,72,0,0,182,232,0,105,89,42,0,210,210,0,217,0,161,189,52,200,250,0,0,77,0,0,130,0,0,109,76,0,0,0,0,231,81,0,88,65,10,0,0,0,0,36,143,196
00701 features=964 size=64 p=2 tap=52 reset=true scheme=3 ops=1,3,1,3,2,2,1,2,0,0,3,3,3,0,3,0,0,3,2,2,0,2,3,3,1,3,2,3,1,0,1,3,0,2,0,2,3,3,3,3,3,3,0,0,3,2,0,2,0,3,1,0,3,3,2,0,3,2,0,3,1,3,1,1 ks=203,47,35,164,144,231,218,82,210,112,62,147,163,63,119,223,124,227,253,252,17,110,11,208,114,136,196,175,193,251,31,94,254,124,154,149,229,165,114,178,19,100,54,55,53,181,57,77,246,132,2,108,209,246,111,109,169,111,239,197,161,248,86,40
00702 features=1007 size=64 p=5 tap=63 reset=false scheme=1 ops=1,0,0,2,0,1,3,3,0,2,3,1,3,3,2,2,3,2,3,3,2,3,3,3,3,1,0,0,3,2,1,2,1,0,1,3,1,3,0,1,2,0,2,2,3,1,1,0,2,3,0,1,0,3,0,0,1,0,1,0,1,1,3,3 ks=16,211,134,34,11,169,86,106,6,25,231,134,6,78,133,133,5,201,190,90,42,226,107,101,87,233,236,180,100,142,94,30,109,198,229,121,205,180,86,231,119,59,56,60,102,18,38,124,135,211,32,95,207,175,157,247,32,234,236,22,17,166,41,248
00703 features=723 size=19 p=2 tap=46 reset=true scheme=5 ops=3,1,3,3,3,0,3,1,0,3,3,1,2,1,1,3,3,2,2,3,3,1,1,0,3,2,1,1,1,3,2,2,0,3,2,2,3,0,3,2,3,2,2,1,3,0,1,1,0,2,3,1,3,0,2,2,3,1,3,2,1,1,0,2 ks=0,0,0,0,0,0,100,0,95,1,0,0,10,0,0,0,143,0,0,0,0,0,0,62,0,0,195,0,0,79,129,0,0,0,63,225,0,0,0,0,0,27,125,0,0,162,0,7,0,57,0,0,0,0,0,38,0,0,0,39,0,0,172,0
00704 features=917 size=62 p=10 tap=38 reset=true scheme=3 ops=1,0,3,1,3,1,2,1,2,0,0,3,1,0,1,2,2,2,3,2,1,0,0,2,2,3,3,3,3,3,2,1,2,0,1,3,0,1,3,2,2,3,3,3,0,1,3,0,2,3,1,2,1,3,0,0,0,0,0,3,0,3,1,1 ks=54,224,71,190,163,193,43,253,34,198,37,85,41,61,37,217,15,55,72,164,223,182,154,39,31,173,89,58,7,53,127,0,149,208,77,0,29,195,55,48,29,95,246,60,91,59,178,43,245,203,86,239,247,6,107,116,138,231,61,42,173,211,44,200
00705 features=813 size=22 p=5 tap=42 reset=true scheme=3 ops=2,1,0,1,3,2,1,0,0,3,0,0,2,3,3,1,1,0,2,1,3,0,2,3,2,2,2,3,0,2,0,0,0,0,3,3,1,1,1,2,0,1,1,3,1,2,3,0,3,3,2,1,3,2,3,3,2,2,2,2,1,2,1,0 ks=57,0,134,169,105,123,157,203,0,0,0,0,0,251,0,0,0,0,0,0,0,0,238,0,0,0,235,0,0,0,173,0,0,0,0,0,92,0,233,0,0,0,211,118,0,27,0,0,0,42,0,0,0,0,16,161,0,0,0,0,62,55,152,0
00706 features=770 size=30 p=10 tap=7 reset=true scheme=3 ops=0,0,3,1,3,3,1,3,1,1,3,0,1,2,3,3,3,2,1,3,0,1,0,0,3,3,0,0,1,3,2,2,1,0,1,3,3,1,3,3,3,2,0,2,3,0,3,0,1,2,2,3,0,2,1,3,1,0,3,0,2,3,2,2 ks=0,254,0,58,0,0,0,34,178,0,0,0,0,119,0,0,0,0,0,0,0,0,174,0,0,14,251,0,0,10,148,0,87,251,174,186,228,209,73,0,78,11,0,105,68,0,148,140,0,0,212,72,234,0,109,0,0,30,0,90,0,0,0,47
00707 features=877 size=47 p=10 tap=52 reset=true scheme=3 ops=1,2,1,1,0,0,3,0,3,0,3,3,1,0,3,3,3,0,3,0,3,1,2,2,0,0,2,1,0,2,2,0,0,0,1,1,3,0,1,0,0,1,1,1,3,0,3,1,1,0,3,0,3,3,1,0,0,0,0,0,0,3,2,0 ks=252,0,167,6,0,0,0,0,164,34,0,55,72,230,188,112,219,87,0,177,0,176,164,253,134,0,218,94,210,41,104,0,171,166,114,196,163,182,223,102,0,203,0,177,11,17,154,196,13,80,0,127,128,2,0,189,112,0,27,85,10,0,0,25
00708 features=958 size=48 p=2 tap=50 reset=true scheme=3 ops=0,3,0,2,1,2,2,2,0,0,0,3,1,0,3,0,1,0,0,2,0,1,1,1,1,3,2,1,2,2,0,3,2,0,2,2,2,0,1,2,3,1,0,0,2,2,1,0,0,0,3,0,2,0,2,2,2,0,2,0,3,1,2,2 ks=210,120,0,29,105,221,98,115,102,102,104,0,207,0,188,108,102,134,29,13,0,0,81,73,90,192,0,53,0,61,143,0,0,70,83,190,0,0,132,232,48,0,200,216,179,0,40,148,0,74,119,94,147,110,0,84,0,172,142,225,170,231,87,169
00709 features=744 size=21 p=2 tap=59 reset=false scheme=1 ops=2,3,1,1,0,2,0,3,3,0,1,3,2,3,0,2,1,2,0,3,3,2,0,0,0,0,0,2,2,1,0,1,2,2,2,0,2,0,2,1,2,1,1,0,3,0,3,1,0,2,2,0,0,1,2,2,2,3,3,0,3,0,3,3 ks=0,126,0,0,0,0,0,169,0,0,36,0,0,153,117,220,0,0,206,144,0,0,0,179,0,56,179,46,0,20,0,0,0,168,0,0,41,0,0,0,37,16,111,61,0,0,0,0,0,0,36,0,0,0,0,0,0,0,0,0,0,20,0,0
00710 features=989 size=46 p=5 tap=35 reset=true scheme=1 ops=1,0,2,2,2,1,1,1,1,2,1,0,0,2,3,2,1,1,3,2,3,0,2,3,0,0,0,2,2,1,2,0,3,3,0,3,1,1,0,2,3,1,3,2,3,2,2,2,3,3,0,2,0,2,1,1,0,2,0,3,0,0,1,2 ks=0,0,0,186,107,163,233,145,44,195,166,139,51,0,220,34,115,123,175,39,0,106,0,66,0,170,0,0,187,229,0,73,0,82,23,132,0,0,56,230,97,254,204,87,219,14,222,92,234,234,0,107,237,13,115,0,0,183,249,14,0,67,173,0
00711 features=1008 size=64 p=10 tap=23 reset=false scheme=3 ops=2,3,1,2,3,2,0,1,1,1,2,0,0,0,2,0,2,0,1,2,2,1,3,3,1,2,3,0,2,2,0,1,1,0,2,3,0,1,0,1,2,2,2,1,1,0,2,1,3,3,1,0,1,2,0,3,1,2,0,3,2,2,0,2 ks=224,175,165,239,210,77,28,90,92,154,131,25,63,58,180,40,159,237,139,79,23,14,23,145,152,201,215,50,114,206,249,92,118,13,73,127,124,235,54,165,197,24,123,171,155,45,158,167,15,54,221,120,44,138,246,158,160,219,205,139,36,42,197,248
00712 features=841 size=18 p=2 tap=19 reset=true scheme=3 ops=2,0,2,3,0,2,3,2,2,1,2,3,3,1,0,3,3,0,0,0,0,2,1,2,3,0,3,3,3,2,0,3,0,3,0,3,1,0,2,0,0,1,0,0,0,2,3,0,0,3,3,2,3,2,3,0,0,0,0,1,1,2,2,0 ks=86,0,33,0,173,0,119,0,0,0,12,0,106,219,0,0,180,247,0,77,0,0,0,0,0,0,0,125,0,0,89,197,0,0,0,0,0,0,0,6,0,0,0,29,0,0,0,0,0,0,0,0,0,0,0,104,0,0,0,0,0,6,0,112
00713 features=539 size=22 p=1 tap=23 reset=false scheme=5 ops=1,2,0,1,3,0,1,1,0,2,0,2,3,1,0,3,2,2,2,2,0,3,2,1,3,3,3,1,1,0,1,3,3,3,3,1,3,1,1,0,3,2,1,3,1,0,3,2,3,1,0,3,3,3,0,0,1,2,1,2,0,1,3,3 ks=0,0,0,0,0,19,0,0,0,226,0,0,38,0,0,128,0,112,0,108,0,0,12,0,0,6,0,4,0,46,0,0,0,238,0,62,0,0,0,0,0,0,3,62,153,73,0,0,212,0,144,0,0,138,0,177,115,0,0,0,228,0,0,0
00714 features=897 size=46 p=2 tap=26 reset=true scheme=5 ops=0,2,2,3,1,1,0,1,1,0,1,1,1,0,3,3,1,3,3,3,0,1,0,3,0,3,3,0,3,0,3,1,3,3,0,2,1,1,1,2,3,3,0,1,0,0,3,2,0,3,0,3,3,1,3,0,1,0,3,1,2,0,1,2 ks=173,234,26,14,216,166,0,0,245,0,59,150,0,29,0,0,0,49,0,0,12,201,133,244,227,162,6,137,0,34,13,0,151,162,163,0,128,173,206,56,0,0,0,223,254,106,0,168,0,120,21,152,197,173,52,61,0,177,162,189,158,186,245,163
00715 features=536 size=16 p=1 tap=45 reset=false scheme=3 ops=0,3,3,3,3,2,2,1,3,1,3,1,2,1,1,3,1,3,0,3,2,2,1,0,0,0,1,1,1,1,2,1,3,2,2,0,3,1,3,1,2,3,0,3,1,0,1,3,2,0,0,3,1,1,3,2,1,0,1,2,3,2,2,2 ks=0,0,0,0,146,0,0,0,0,111,228,0,0,0,0,244,0,131,0,0,0,0,116,0,0,115,0,0,76,0,0,0,0,0,0,0,0,0,0,164,0,0,0,0,51,0,0,0,0,0,57,0,0,79,188,0,90,204,0,28,0,0,0,0
00716 features=967 size=64 p=2 tap=43 reset=true scheme=3 ops=0,3,3,2,2,1,3,0,1,2,2,1,0,0,1,3,2,1,2,2,1,3,3,1,3,3,0,2,3,0,2,0,3,0,3,1,1,3,2,3,3,0,2,3,0,1,3,1,2,0,1,1,2,1,3,0,0,2,2,3,1,2,0,2 ks=145,53,245,92,164,13,89,102,85,218,199,142,180,95,250,209,237,234,217,34,217,71,56,221,47,97,73,78,175,73,89,206,213,229,140,14,215,17,78,255,171,34,82,80,104,249,180,16,118,147,60,110,23,251,224,115,14,32,167,194,129,115,69,50
00717 features=1011 size=64 p=10 tap=37 reset=true scheme=2 ops=0,0,3,1,0,0,1,1,3,2,2,3,3,0,0,1,1,0,1,0,2,2,3,2,3,1,1,3,0,1,3,3,0,0,1,1,3,3,2,0,2,0,1,3,3,3,1,0,1,2,2,0,1,3,0,0,2,2,1,1,1,1,2,0 ks=190,109,167,247,247,4,105,166,64,161,253,120,94,219,59,178,25,37,221,166,17,83,112,74,100,130,72,100,177,158,8,12,139,172,50,180,142,64,215,221,63,38,106,97,19,108,48,188,177,50,26,137,214,249,68,76,254,255,152,234,249,141,55,197
00718 features=948 size=62 p=10 tap=40 reset=true scheme=3 ops=0,3,2,0,3,1,2,3,0,1,2,2,1,1,2,0,1,3,3,3,1,3,1,3,3,0,0,0,3,3,3,1,1,1,1,1,2,0,0,3,3,0,0,0,1,3,3,3,3,1,3,2,3,1,1,0,3,0,0,3,2,2,3,0 ks=87,236,193,95,96,158,0,0,196,190,63,233,9,6,208,229,47,203,60,178,58,178,69,14,202,14,202,51,61,200,159,204,196,117,217,156,114,134,75,196,162,253,248,10,188,118,15,176,2,232,126,142,65,59,157,72,84,4,147,46,69,9,121,23
00719 features=817 size=22 p=2 tap=6 reset=true scheme=3 ops=0,2,2,1,1,0,1,3,0,0,1,1,0,0,0,3,3,3,0,0,0,3,2,2,2,2,0,2,2,2,0,3,1,1,2,1,3,0,3,3,0,3,0,2,0,1,1,3,0,2,1,3,0,0,0,3,0,3,2,2,1,3,3,3 ks=0,0,197,0,0,0,0,0,0,0,0,32,244,0,0,0,0,0,0,0,0,67,0,163,0,0,0,0,222,0,97,228,0,0,0,118,253,0,0,185,0,115,0,85,191,0,128,0,56,0,0,0,0,0,220,0,181,0,19,89,190,0,80,0
00720 features=824 size=38 p=2 tap=26 reset=false scheme=4 ops=3,2,1,3,2,1,0,1,3,2,3,2,3,2,0,1,2,1,0,3,0,1,0,0,3,3,2,1,1,3,3,3,3,0,3,3,2,1,2,2,0,0,3,0,3,3,1,0,2,0,1,0,0,0,2,3,3,3,1,0,2,0,3,2 ks=0,0,0,143,190,44,229,0,0,251,246,71,222,22,32,202,0,251,0,0,227,0,0,195,0,144,140,0,0,232,31,196,0,0,40,9,232,25,0,0,0,234,225,0,76,156,0,120,143,136,107,188,104,81,0,0,0,188,10,0,0,77,0,148
00721 features=768 size=44 p=5 tap=45 reset=true scheme=3 ops=1,3,0,2,0,3,2,3,0,0,2,1,2,2,0,3,2,1,1,3,2,0,3,1,0,2,1,2,2,1,3,1,0,0,0,2,2,3,2,2,0,0,2,0,2,0,3,2,1,0,0,2,1,1,3,1,1,3,2,0,3,3,2,3 ks=237,0,79,0,154,188,179,0,192,251,65,126,152,0,0,38,0,0,0,85,173,12,0,80,246,162,160,51,125,0,139,48,1,218,9,101,44,117,0,247,109,143,0,222,241,201,51,129,109,171,28,203,0,0,183,68,0,0,0,159,0,0,185,0
00722 features=985 size=64 p=5 tap=23 reset=true scheme=3 ops=3,2,2,1,1,1,0,0,2,3,2,0,3,2,0,3,2,3,0,0,1,3,3,2,3,0,0,0,1,3,1,3,1,0,2,0,2,0,0,1,1,3,1,0,2,3,1,1,3,2,2,2,1,1,3,1,0,2,3,2,3,2,2,2 ks=139,244,91,171,105,157,178,196,204,217,176,246,244,255,180,166,182,32,167,46,187,13,143,1,229,42,105,27,193,198,157,11,91,255,46,17,70,55,95,127,122,208,134,181,185,251,53,138,76,245,177,212,124,185,228,237,187,20,36,115,189,5,93,12
00723 features=955 size=64 p=10 tap=36 reset=true scheme=3 ops=0,3,2,2,0,3,1,2,1,2,1,0,1,2,1,3,0,0,3,1,3,1,1,0,1,0,1,0,2,0,3,3,1,1,2,3,3,0,0,2,0,0,1,3,1,2,1,2,0,0,1,2,2,0,3,3,1,2,3,0,2,3,0,0 ks=11,197,87,39,28,183,164,212,126,194,122,146,230,130,51,135,237,107,34,94,64,158,54,134,50,146,154,204,46,44,207,81,140,143,104,87,59,17,83,136,172,243,89,218,116,223,193,195,125,128,113,44,58,176,132,100,48,149,124,187,26,15,214,82
00724 features=793 size=23 p=10 tap=37 reset=false scheme=0 ops=0,2,0,1,1,3,0,2,3,0,0,3,2,2,1,2,3,2,2,2,2,2,3,2,1,1,2,2,2,1,3,1,1,1,2,2,3,3,3,0,1,3,2,0,3,0,1,3,1,1,2,1,0,1,2,3,0,1,0,1,3,1,3,0 ks=0,0,0,207,0,102,52,38,0,0,0,0,0,0,0,0,114,0,0,49,0,0,217,66,0,0,0,0,0,38,0,0,0,92,0,0,86,15,0,244,0,0,0,141,0,1,138,0,0,221,177,0,93,95,211,0,132,0,0,0,0,0,0,55
00725 features=718 size=24 p=2 tap=44 reset=false scheme=5 ops=2,3,3,0,3,2,1,3,1,1,1,3,1,1,1,2,3,3,2,0,3,2,2,2,2,0,0,0,2,3,0,0,3,3,1,0,1,0,2,3,2,3,0,1,3,3,1,0,1,0,2,1,3,0,2,2,1,0,2,0,2,0,1,0 ks=0,124,0,0,154,0,251,0,0,189,115,0,229,0,0,98,34,0,0,0,0,0,0,0,0,215,162,0,0,248,10,0,107,0,98,0,0,0,118,0,0,0,253,0,37,0,164,0,0,0,0,122,0,62,0,248,0,67,0,0,168,180,0,0
00726 features=687 size=18 p=10 tap=7 reset=false scheme=1 ops=3,0,3,3,3,3,3,2,1,1,2,1,2,1,3,2,0,1,0,3,2,0,2,0,0,1,2,3,1,2,0,3,0,1,0,0,2,3,2,0,3,1,2,0,2,3,2,3,3,2,2,2,2,2,1,0,1,3,0,1,0,3,3,1 ks=148,0,0,0,0,0,166,0,0,187,0,0,89,0,0,237,0,0,1,251,42,20,0,0,206,0,0,126,0,0,0,0,23,0,0,0,0,0,0,153,34,0,0,0,0,0,83,0,0,0,0,123,0,0,0,0,0,111,0,0,117,0,0,0
00727 features=897 size=26 p=10 tap=61 reset=true scheme=5 ops=2,2,3,2,3,3,3,0,2,3,3,3,0,3,1,2,0,2,1,3,1,2,2,2,0,2,0,3,2,1,3,2,3,3,1,1,1,0,0,0,2,1,0,2,1,2,3,2,0,1,0,1,3,2,3,3,2,0,0,1,3,2,0,3 ks=26,0,0,43,0,0,0,0,180,212,0,0,236,0,83,0,0,0,0,58,233,0,0,0,0,25,0,0,122,0,0,122,0,0,194,167,0,0,8,110,0,0,203,0,0,180,0,254,155,135,0,0,0,4,0,132,0,218,27,0,90,185,0,0
00728 features=825 size=24 p=2 tap=19 reset=true scheme=2 ops=1,3,1,2,0,2,2,3,3,0,1,2,0,0,3,2,1,1,2,3,0,3,3,2,1,3,1,1,1,3,2,0,0,2,3,0,1,3,2,3,3,0,2,2,1,3,0,2,0,2,0,1,1,2,0,0,2,1,2,1,3,0,0,2 ks=172,0,184,0,111,0,0,204,0,0,70,0,13,0,0,0,0,0,95,0,195,215,0,37,109,23,0,0,0,95,139,177,0,0,109,0,237,0,0,0,211,0,0,0,0,107,0,173,0,0,0,0,0,0,0,239,0,0,0,233,0,242,0,255
00729 features=977 size=64 p=5 tap=33 reset=true scheme=3 ops=2,2,3,2,2,3,1,2,1,2,3,3,1,1,2,0,0,1,0,0,3,0,1,1,0,2,2,2,2,1,2,0,0,3,0,3,3,0,1,3,0,3,2,0,0,2,0,2,1,3,2,0,2,3,0,1,3,2,3,2,1,3,3,2 ks=177,215,147,173,250,149,51,51,86,185,11,5,210,201,162,74,78,92,182,213,75,92,131,88,225,54,142,189,105,232,241,143,100,90,32,237,25,70,152,252,111,130,225,119,94,135,11,211,245,189,131,22,205,59,217,192,91,200,9,210,133,102,185,148
00730 features=659 size=42 p=5 tap=2 reset=false scheme=5 ops=0,0,1,2,0,0,0,2,1,1,0,1,1,0,1,2,2,1,0,2,0,2,3,1,2,3,1,1,1,0,2,0,0,3,2,3,0,3,1,2,1,2,0,3,1,3,0,2,1,1,3,0,3,1,1,3,0,3,2,2,1,3,2,3 ks=217,216,171,156,117,0,155,8,182,111,127,114,62,211,96,0,0,0,216,12,168,175,208,0,8,93,40,183,0,0,0,42,0,0,93,0,0,251,34,90,245,0,142,0,230,0,119,53,68,212,0,0,0,0,89,57,0,89,36,0,253,0,25,168
00731 features=849 size=37 p=2 tap=5 reset=true scheme=3 ops=1,0,2,2,0,1,0,3,0,3,0,3,2,2,2,3,2,1,0,1,2,0,1,3,0,2,3,3,1,2,2,2,2,0,3,3,0,2,3,0,2,2,1,1,2,3,0,0,0,0,3,3,2,1,3,1,3,3,3,2,3,0,1,2 ks=190,0,157,190,126,0,0,0,99,0,205,0,137,66,0,0,0,0,190,0,83,0,164,145,237,0,38,0,72,0,0,168,184,18,0,65,255,198,83,109,159,41,0,59,62,96,202,0,0,150,175,133,106,0,0,59,0,0,0,238,0,2,0,240
00732 features=829 size=41 p=2 tap=61 reset=true scheme=3 ops=3,3,3,0,3,2,3,3,2,2,3,3,1,2,1,3,0,3,2,2,1,0,2,3,0,3,0,2,1,2,1,2,0,1,3,2,0,2,0,2,1,0,0,1,1,2,1,2,0,0,2,1,0,0,0,2,1,1,0,1,1,3,3,2 ks=43,28,50,19,0,215,163,106,198,7,13,134,253,240,0,76,0,69,194,230,0,16,144,0,0,89,143,0,55,0,249,235,0,0,0,30,125,65,0,129,0,228,73,0,68,234,137,0,0,0,89,0,182,74,0,18,195,0,0,171,19,11,0,0
00733 features=691 size=29 p=2 tap=36 reset=false scheme=0 ops=1,3,2,3,0,3,0,3,3,2,3,0,2,0,2,2,3,0,2,0,1,0,2,0,0,3,2,3,2,0,2,0,1,3,3,3,1,1,0,1,0,3,3,3,2,3,0,1,2,3,3,2,0,0,3,1,0,0,1,1,0,0,3,2 ks=0,0,0,0,0,0,170,0,0,173,130,0,0,0,169,0,166,40,124,0,250,212,228,0,36,0,173,0,0,0,0,115,234,0,173,27,0,0,0,201,123,0,0,0,0,0,243,0,0,139,190,0,129,0,177,0,94,0,20,55,0,136,5,104
