[04:45:02] INFO     Starting a new run of the 'Classic' flow with    flow.py:654
                    the tag 'pe16_row8_20ns_u90'.                               
[04:45:02] INFO     Starting…                                  sequential.py:339
──────────────────────────────── Verilator Lint ────────────────────────────────
[04:45:02] VERBOSE  Running 'Verilator.Lint' at                     step.py:1138
                    'runs/pe16_row8_20ns_u90/01-verilator-lint'…                
[04:45:03] VERBOSE  Logging subprocess to                           step.py:1338
                    'runs/pe16_row8_20ns_u90/01-verilator-lint/veri             
                    lator-lint.log'…                                            
%Warning-UNUSEDSIGNAL:                                                          
/var/tmp/pe-synth/pnr/pe16_row8_20ns_u90/pe16_row8.v:80:16: Signal is not used: 
'_95'                                                                           
                                                                                
 : ... note: In instance 'pe16_row8'                                            
   80 |     wire [7:0] _95;                                                     
      |                ^~~                                                      
                       ... For warning description see                          
https://verilator.org/warn/UNUSEDSIGNAL?v=5.044                                 
                       ... Use "/* verilator lint_off UNUSEDSIGNAL */" and      
lint_on around source to disable this message.                                  
%Warning-UNUSEDSIGNAL:                                                          
/var/tmp/pe-synth/pnr/pe16_row8_20ns_u90/pe16_row8.v:388:10: Signal is not used:
'vdd'                                                                           
                                                                                
  : ... note: In instance 'pe16_row8'                                           
  388 |     wire vdd;                                                           
      |          ^~~                                                            
%Warning-COMBDLY: /var/tmp/pe-synth/pnr/pe16_row8_20ns_u90/pe16_row8.v:441:18:  
Non-blocking assignment '<=' in combinational logic process                     
                                                                             :  
... This will be executed as a blocking assignment '='!                         
  441 |             _162 <= _149;                                               
      |                  ^~                                                     
                  ... For warning description see                               
https://verilator.org/warn/COMBDLY?v=5.044                                      
                  ... Use "/* verilator lint_off COMBDLY */" and lint_on around 
source to disable this message.                                                 
                  *** See https://verilator.org/warn/COMBDLY?v=5.044 before     
disabling this,                                                                 
                  else you may end up with different sim results.               
%Warning-COMBDLY: /var/tmp/pe-synth/pnr/pe16_row8_20ns_u90/pe16_row8.v:521:18:  
Non-blocking assignment '<=' in combinational logic process                     
                                                                             :  
... This will be executed as a blocking assignment '='!                         
  521 |             _209 <= _196;                                               
      |                  ^~                                                     
%Warning-COMBDLY: /var/tmp/pe-synth/pnr/pe16_row8_20ns_u90/pe16_row8.v:600:18:  
Non-blocking assignment '<=' in combinational logic process                     
                                                                             :  
... This will be executed as a blocking assignment '='!                         
  600 |             _256 <= _243;                                               
      |                  ^~                                                     
%Warning-COMBDLY: /var/tmp/pe-synth/pnr/pe16_row8_20ns_u90/pe16_row8.v:679:18:  
Non-blocking assignment '<=' in combinational logic process                     
                                                                             :  
... This will be executed as a blocking assignment '='!                         
  679 |             _303 <= _290;                                               
      |                  ^~                                                     
%Warning-COMBDLY: /var/tmp/pe-synth/pnr/pe16_row8_20ns_u90/pe16_row8.v:758:18:  
Non-blocking assignment '<=' in combinational logic process                     
                                                                             :  
... This will be executed as a blocking assignment '='!                         
  758 |             _350 <= _337;                                               
      |                  ^~                                                     
%Warning-COMBDLY: /var/tmp/pe-synth/pnr/pe16_row8_20ns_u90/pe16_row8.v:837:18:  
Non-blocking assignment '<=' in combinational logic process                     
                                                                             :  
... This will be executed as a blocking assignment '='!                         
  837 |             _397 <= _384;                                               
      |                  ^~                                                     
%Warning-COMBDLY: /var/tmp/pe-synth/pnr/pe16_row8_20ns_u90/pe16_row8.v:916:18:  
Non-blocking assignment '<=' in combinational logic process                     
                                                                             :  
... This will be executed as a blocking assignment '='!                         
  916 |             _444 <= _431;                                               
      |                  ^~                                                     
%Warning-COMBDLY: /var/tmp/pe-synth/pnr/pe16_row8_20ns_u90/pe16_row8.v:995:18:  
Non-blocking assignment '<=' in combinational logic process                     
                                                                             :  
... This will be executed as a blocking assignment '='!                         
  995 |             _491 <= _478;                                               
      |                  ^~                                                     
- V e r i l a t i o n   R e p o r t: Verilator 5.044 2026-01-01 rev v5.040      
- Verilator: Built from 0.173 MB sources in 108 modules, into 0.073 MB in 3 C++ 
files needing 0.000 MB                                                          
- Verilator: Walltime 0.029 s (elab=0.004, cvt=0.015, bld=0.000); cpu 0.027 s on
1 threads; alloced 22.609 MB                                                    
────────────────────────── Lint Timing Errors Checker ──────────────────────────
[04:45:03] VERBOSE  Running 'Checker.LintTimingConstructs' at       step.py:1138
                    'runs/pe16_row8_20ns_u90/02-checker-linttimingc             
                    onstructs'…                                                 
[04:45:03] INFO     Check for Lint Timing Errors clear.           checker.py:412
───────────────────────────── Lint Errors Checker ──────────────────────────────
[04:45:03] VERBOSE  Running 'Checker.LintErrors' at                 step.py:1138
                    'runs/pe16_row8_20ns_u90/03-checker-linterrors'             
                    …                                                           
[04:45:03] INFO     Check for Lint errors clear.                  checker.py:131
──────────────────────────── Lint Warnings Checker ─────────────────────────────
[04:45:03] VERBOSE  Running 'Checker.LintWarnings' at               step.py:1138
                    'runs/pe16_row8_20ns_u90/04-checker-lintwarning             
                    s'…                                                         
[04:45:03] WARNING  10 Lint warnings found.                       checker.py:122
───────────────────────────── Generate JSON Header ─────────────────────────────
[04:45:03] VERBOSE  Running 'Yosys.JsonHeader' at                   step.py:1138
                    'runs/pe16_row8_20ns_u90/05-yosys-jsonheader'…              
[04:45:03] VERBOSE  Logging subprocess to                           step.py:1338
                    'runs/pe16_row8_20ns_u90/05-yosys-jsonheader/yo             
                    sys-jsonheader.log'…                                        
                                                                                
 /----------------------------------------------------------------------------\ 
 |  yosys -- Yosys Open SYnthesis Suite                                       | 
 |  Copyright (C) 2012 - 2026  Claire Xenia Wolf <claire@yosyshq.com>         | 
 |  Distributed under an ISC-like license, type "license" to see terms        | 
 \----------------------------------------------------------------------------/ 
 Yosys 0.62 (git sha1 7326bb7d6641500ecb285c291a54a662cb1e76cf, clang++ 21.1.2  
-fPIC -O3)                                                                      
                                                                                
1. Executing Verilog-2005 frontend:                                             
/var/tmp/pe-synth/pnr/pe16_row8_20ns_u90/runs/pe16_row8_20ns_u90/tmp/a088275c8cc
3443fbf9a1e1c90b3ed2f.bb.v                                                      
Parsing SystemVerilog input from                                                
`/var/tmp/pe-synth/pnr/pe16_row8_20ns_u90/runs/pe16_row8_20ns_u90/tmp/a088275c8c
c3443fbf9a1e1c90b3ed2f.bb.v' to AST representation.                             
Generating RTLIL representation for module `\sg13g2_a21o_1'.                    
Generating RTLIL representation for module `\sg13g2_a21o_2'.                    
Generating RTLIL representation for module `\sg13g2_a21oi_1'.                   
Generating RTLIL representation for module `\sg13g2_a21oi_2'.                   
Generating RTLIL representation for module `\sg13g2_a221oi_1'.                  
Generating RTLIL representation for module `\sg13g2_a22oi_1'.                   
Generating RTLIL representation for module `\sg13g2_and2_1'.                    
Generating RTLIL representation for module `\sg13g2_and2_2'.                    
Generating RTLIL representation for module `\sg13g2_and3_1'.                    
Generating RTLIL representation for module `\sg13g2_and3_2'.                    
Generating RTLIL representation for module `\sg13g2_and4_1'.                    
Generating RTLIL representation for module `\sg13g2_and4_2'.                    
Generating RTLIL representation for module `\sg13g2_antennanp'.                 
Generating RTLIL representation for module `\sg13g2_buf_1'.                     
Generating RTLIL representation for module `\sg13g2_buf_16'.                    
Generating RTLIL representation for module `\sg13g2_buf_2'.                     
Generating RTLIL representation for module `\sg13g2_buf_4'.                     
Generating RTLIL representation for module `\sg13g2_buf_8'.                     
Generating RTLIL representation for module `\sg13g2_decap_4'.                   
Generating RTLIL representation for module `\sg13g2_decap_8'.                   
Generating RTLIL representation for module `\sg13g2_dfrbp_1'.                   
Generating RTLIL representation for module `\sg13g2_dfrbp_2'.                   
Generating RTLIL representation for module `\sg13g2_dfrbpq_1'.                  
Generating RTLIL representation for module `\sg13g2_dfrbpq_2'.                  
Generating RTLIL representation for module `\sg13g2_dlhq_1'.                    
Generating RTLIL representation for module `\sg13g2_dlhr_1'.                    
Generating RTLIL representation for module `\sg13g2_dlhrq_1'.                   
Generating RTLIL representation for module `\sg13g2_dllr_1'.                    
Generating RTLIL representation for module `\sg13g2_dllrq_1'.                   
Generating RTLIL representation for module `\sg13g2_dlygate4sd1_1'.             
Generating RTLIL representation for module `\sg13g2_dlygate4sd2_1'.             
Generating RTLIL representation for module `\sg13g2_dlygate4sd3_1'.             
Generating RTLIL representation for module `\sg13g2_ebufn_2'.                   
Generating RTLIL representation for module `\sg13g2_ebufn_4'.                   
Generating RTLIL representation for module `\sg13g2_ebufn_8'.                   
Generating RTLIL representation for module `\sg13g2_einvn_2'.                   
Generating RTLIL representation for module `\sg13g2_einvn_4'.                   
Generating RTLIL representation for module `\sg13g2_einvn_8'.                   
Generating RTLIL representation for module `\sg13g2_fill_1'.                    
Generating RTLIL representation for module `\sg13g2_fill_2'.                    
Generating RTLIL representation for module `\sg13g2_fill_4'.                    
Generating RTLIL representation for module `\sg13g2_fill_8'.                    
Generating RTLIL representation for module `\sg13g2_inv_1'.                     
Generating RTLIL representation for module `\sg13g2_inv_16'.                    
Generating RTLIL representation for module `\sg13g2_inv_2'.                     
Generating RTLIL representation for module `\sg13g2_inv_4'.                     
Generating RTLIL representation for module `\sg13g2_inv_8'.                     
Generating RTLIL representation for module `\sg13g2_lgcp_1'.                    
Generating RTLIL representation for module `\sg13g2_mux2_1'.                    
Generating RTLIL representation for module `\sg13g2_mux2_2'.                    
Generating RTLIL representation for module `\sg13g2_mux4_1'.                    
Generating RTLIL representation for module `\sg13g2_nand2_1'.                   
Generating RTLIL representation for module `\sg13g2_nand2_2'.                   
Generating RTLIL representation for module `\sg13g2_nand2b_1'.                  
Generating RTLIL representation for module `\sg13g2_nand2b_2'.                  
Generating RTLIL representation for module `\sg13g2_nand3_1'.                   
Generating RTLIL representation for module `\sg13g2_nand3b_1'.                  
Generating RTLIL representation for module `\sg13g2_nand4_1'.                   
Generating RTLIL representation for module `\sg13g2_nor2_1'.                    
Generating RTLIL representation for module `\sg13g2_nor2_2'.                    
Generating RTLIL representation for module `\sg13g2_nor2b_1'.                   
Generating RTLIL representation for module `\sg13g2_nor2b_2'.                   
Generating RTLIL representation for module `\sg13g2_nor3_1'.                    
Generating RTLIL representation for module `\sg13g2_nor3_2'.                    
Generating RTLIL representation for module `\sg13g2_nor4_1'.                    
Generating RTLIL representation for module `\sg13g2_nor4_2'.                    
Generating RTLIL representation for module `\sg13g2_o21ai_1'.                   
Generating RTLIL representation for module `\sg13g2_or2_1'.                     
Generating RTLIL representation for module `\sg13g2_or2_2'.                     
Generating RTLIL representation for module `\sg13g2_or3_1'.                     
Generating RTLIL representation for module `\sg13g2_or3_2'.                     
Generating RTLIL representation for module `\sg13g2_or4_1'.                     
Generating RTLIL representation for module `\sg13g2_or4_2'.                     
Generating RTLIL representation for module `\sg13g2_sdfbbp_1'.                  
Generating RTLIL representation for module `\sg13g2_sdfrbp_1'.                  
Generating RTLIL representation for module `\sg13g2_sdfrbp_2'.                  
Generating RTLIL representation for module `\sg13g2_sdfrbpq_1'.                 
Generating RTLIL representation for module `\sg13g2_sdfrbpq_2'.                 
Generating RTLIL representation for module `\sg13g2_sighold'.                   
Generating RTLIL representation for module `\sg13g2_slgcp_1'.                   
Generating RTLIL representation for module `\sg13g2_tiehi'.                     
Generating RTLIL representation for module `\sg13g2_tielo'.                     
Generating RTLIL representation for module `\sg13g2_xnor2_1'.                   
Generating RTLIL representation for module `\sg13g2_xor2_1'.                    
Successfully finished Verilog frontend.                                         
                                                                                
2. Executing Verilog-2005 frontend:                                             
/var/tmp/pe-synth/pnr/pe16_row8_20ns_u90/runs/pe16_row8_20ns_u90/tmp/16bf2f27108
04d8a8b4a8a30da2d5d1f.bb.v                                                      
Parsing SystemVerilog input from                                                
`/var/tmp/pe-synth/pnr/pe16_row8_20ns_u90/runs/pe16_row8_20ns_u90/tmp/16bf2f2710
804d8a8b4a8a30da2d5d1f.bb.v' to AST representation.                             
Generating RTLIL representation for module `\sg13g2_Corner'.                    
Generating RTLIL representation for module `\sg13g2_Filler1000'.                
Generating RTLIL representation for module `\sg13g2_Filler10000'.               
Generating RTLIL representation for module `\sg13g2_Filler200'.                 
Generating RTLIL representation for module `\sg13g2_Filler2000'.                
Generating RTLIL representation for module `\sg13g2_Filler400'.                 
Generating RTLIL representation for module `\sg13g2_Filler4000'.                
Generating RTLIL representation for module `\sg13g2_IOPadAnalog'.               
Generating RTLIL representation for module `\sg13g2_IOPadIOVdd'.                
Generating RTLIL representation for module `\sg13g2_IOPadIOVss'.                
Generating RTLIL representation for module `\sg13g2_IOPadIn'.                   
Generating RTLIL representation for module `\sg13g2_IOPadInOut16mA'.            
Generating RTLIL representation for module `\sg13g2_IOPadInOut30mA'.            
Generating RTLIL representation for module `\sg13g2_IOPadInOut4mA'.             
Generating RTLIL representation for module `\sg13g2_IOPadOut16mA'.              
Generating RTLIL representation for module `\sg13g2_IOPadOut30mA'.              
Generating RTLIL representation for module `\sg13g2_IOPadOut4mA'.               
Generating RTLIL representation for module `\sg13g2_IOPadTriOut16mA'.           
Generating RTLIL representation for module `\sg13g2_IOPadTriOut30mA'.           
Generating RTLIL representation for module `\sg13g2_IOPadTriOut4mA'.            
Generating RTLIL representation for module `\sg13g2_IOPadVdd'.                  
Generating RTLIL representation for module `\sg13g2_IOPadVss'.                  
Successfully finished Verilog frontend.                                         
                                                                                
3. Executing Verilog-2005 frontend:                                             
/var/tmp/pe-synth/pnr/pe16_row8_20ns_u90/pe16_row8.v                            
Parsing SystemVerilog input from                                                
`/var/tmp/pe-synth/pnr/pe16_row8_20ns_u90/pe16_row8.v' to AST representation.   
Storing AST representation for module `$abstract\pe16_row8'.                    
Successfully finished Verilog frontend.                                         
                                                                                
4. Executing HIERARCHY pass (managing design hierarchy).                        
                                                                                
5. Executing AST frontend in derive mode using pre-parsed AST for module        
`\pe16_row8'.                                                                   
Generating RTLIL representation for module `\pe16_row8'.                        
                                                                                
5.1. Analyzing design hierarchy..                                               
Top module:  \pe16_row8                                                         
                                                                                
5.2. Analyzing design hierarchy..                                               
Top module:  \pe16_row8                                                         
Removing unused module `$abstract\pe16_row8'.                                   
Removed 1 unused modules.                                                       
Renaming module pe16_row8 to pe16_row8.                                         
                                                                                
6. Executing PROC pass (convert processes to netlists).                         
                                                                                
6.1. Executing PROC_CLEAN pass (remove empty switches from decision trees).     
Cleaned up 0 empty switches.                                                    
                                                                                
6.2. Executing PROC_RMDEAD pass (remove dead branches from decision trees).     
Marked 1 switch rules as full_case in process                                   
$proc$/var/tmp/pe-synth/pnr/pe16_row8_20ns_u90/pe16_row8.v:1013$180 in module   
pe16_row8.                                                                      
Marked 1 switch rules as full_case in process                                   
$proc$/var/tmp/pe-synth/pnr/pe16_row8_20ns_u90/pe16_row8.v:1004$179 in module   
pe16_row8.                                                                      
Marked 1 switch rules as full_case in process                                   
$proc$/var/tmp/pe-synth/pnr/pe16_row8_20ns_u90/pe16_row8.v:992$178 in module    
pe16_row8.                                                                      
Marked 1 switch rules as full_case in process                                   
$proc$/var/tmp/pe-synth/pnr/pe16_row8_20ns_u90/pe16_row8.v:933$157 in module    
pe16_row8.                                                                      
Marked 1 switch rules as full_case in process                                   
$proc$/var/tmp/pe-synth/pnr/pe16_row8_20ns_u90/pe16_row8.v:925$156 in module    
pe16_row8.                                                                      
Marked 1 switch rules as full_case in process                                   
$proc$/var/tmp/pe-synth/pnr/pe16_row8_20ns_u90/pe16_row8.v:913$155 in module    
pe16_row8.                                                                      
Marked 1 switch rules as full_case in process                                   
$proc$/var/tmp/pe-synth/pnr/pe16_row8_20ns_u90/pe16_row8.v:854$134 in module    
pe16_row8.                                                                      
Marked 1 switch rules as full_case in process                                   
$proc$/var/tmp/pe-synth/pnr/pe16_row8_20ns_u90/pe16_row8.v:846$133 in module    
pe16_row8.                                                                      
Marked 1 switch rules as full_case in process                                   
$proc$/var/tmp/pe-synth/pnr/pe16_row8_20ns_u90/pe16_row8.v:834$132 in module    
pe16_row8.                                                                      
Marked 1 switch rules as full_case in process                                   
$proc$/var/tmp/pe-synth/pnr/pe16_row8_20ns_u90/pe16_row8.v:775$111 in module    
pe16_row8.                                                                      
Marked 1 switch rules as full_case in process                                   
$proc$/var/tmp/pe-synth/pnr/pe16_row8_20ns_u90/pe16_row8.v:767$110 in module    
pe16_row8.                                                                      
Marked 1 switch rules as full_case in process                                   
$proc$/var/tmp/pe-synth/pnr/pe16_row8_20ns_u90/pe16_row8.v:755$109 in module    
pe16_row8.                                                                      
Marked 1 switch rules as full_case in process                                   
$proc$/var/tmp/pe-synth/pnr/pe16_row8_20ns_u90/pe16_row8.v:696$88 in module     
pe16_row8.                                                                      
Marked 1 switch rules as full_case in process                                   
$proc$/var/tmp/pe-synth/pnr/pe16_row8_20ns_u90/pe16_row8.v:688$87 in module     
pe16_row8.                                                                      
Marked 1 switch rules as full_case in process                                   
$proc$/var/tmp/pe-synth/pnr/pe16_row8_20ns_u90/pe16_row8.v:676$86 in module     
pe16_row8.                                                                      
Marked 1 switch rules as full_case in process                                   
$proc$/var/tmp/pe-synth/pnr/pe16_row8_20ns_u90/pe16_row8.v:617$65 in module     
pe16_row8.                                                                      
Marked 1 switch rules as full_case in process                                   
$proc$/var/tmp/pe-synth/pnr/pe16_row8_20ns_u90/pe16_row8.v:609$64 in module     
pe16_row8.                                                                      
Marked 1 switch rules as full_case in process                                   
$proc$/var/tmp/pe-synth/pnr/pe16_row8_20ns_u90/pe16_row8.v:597$63 in module     
pe16_row8.                                                                      
Marked 1 switch rules as full_case in process                                   
$proc$/var/tmp/pe-synth/pnr/pe16_row8_20ns_u90/pe16_row8.v:538$42 in module     
pe16_row8.                                                                      
Marked 1 switch rules as full_case in process                                   
$proc$/var/tmp/pe-synth/pnr/pe16_row8_20ns_u90/pe16_row8.v:530$41 in module     
pe16_row8.                                                                      
Marked 1 switch rules as full_case in process                                   
$proc$/var/tmp/pe-synth/pnr/pe16_row8_20ns_u90/pe16_row8.v:518$40 in module     
pe16_row8.                                                                      
Marked 1 switch rules as full_case in process                                   
$proc$/var/tmp/pe-synth/pnr/pe16_row8_20ns_u90/pe16_row8.v:458$19 in module     
pe16_row8.                                                                      
Marked 1 switch rules as full_case in process                                   
$proc$/var/tmp/pe-synth/pnr/pe16_row8_20ns_u90/pe16_row8.v:450$18 in module     
pe16_row8.                                                                      
Marked 1 switch rules as full_case in process                                   
$proc$/var/tmp/pe-synth/pnr/pe16_row8_20ns_u90/pe16_row8.v:438$17 in module     
pe16_row8.                                                                      
Removed a total of 0 dead cases.                                                
                                                                                
6.3. Executing PROC_PRUNE pass (remove redundant assignments in processes).     
Removed 16 redundant assignments.                                               
Promoted 0 assignments to connections.                                          
                                                                                
6.4. Executing PROC_INIT pass (extract init attributes).                        
                                                                                
6.5. Executing PROC_ARST pass (detect async resets in processes).               
                                                                                
6.6. Executing PROC_ROM pass (convert switches to ROMs).                        
Converted 0 switches.                                                           
<suppressed ~56 debug messages>                                                 
                                                                                
6.7. Executing PROC_MUX pass (convert decision trees to multiplexers).          
Creating decoders for process                                                   
`\pe16_row8.$proc$/var/tmp/pe-synth/pnr/pe16_row8_20ns_u90/pe16_row8.v:1027$183'
.                                                                               
     1/1: $0\_33[7:0]                                                           
Creating decoders for process                                                   
`\pe16_row8.$proc$/var/tmp/pe-synth/pnr/pe16_row8_20ns_u90/pe16_row8.v:1023$182'
.                                                                               
     1/1: $0\_30[7:0]                                                           
Creating decoders for process                                                   
`\pe16_row8.$proc$/var/tmp/pe-synth/pnr/pe16_row8_20ns_u90/pe16_row8.v:1019$181'
.                                                                               
     1/1: $0\_27[7:0]                                                           
Creating decoders for process                                                   
`\pe16_row8.$proc$/var/tmp/pe-synth/pnr/pe16_row8_20ns_u90/pe16_row8.v:1013$180'
.                                                                               
     1/1: $0\_100[15:0]                                                         
Creating decoders for process                                                   
`\pe16_row8.$proc$/var/tmp/pe-synth/pnr/pe16_row8_20ns_u90/pe16_row8.v:1004$179'
.                                                                               
     1/1: $0\_495[15:0]                                                         
Creating decoders for process                                                   
`\pe16_row8.$proc$/var/tmp/pe-synth/pnr/pe16_row8_20ns_u90/pe16_row8.v:992$178'.
     1/1: $0\_491[15:0]                                                         
Creating decoders for process                                                   
`\pe16_row8.$proc$/var/tmp/pe-synth/pnr/pe16_row8_20ns_u90/pe16_row8.v:947$160'.
     1/1: $0\_42[7:0]                                                           
Creating decoders for process                                                   
`\pe16_row8.$proc$/var/tmp/pe-synth/pnr/pe16_row8_20ns_u90/pe16_row8.v:943$159'.
     1/1: $0\_39[7:0]                                                           
Creating decoders for process                                                   
`\pe16_row8.$proc$/var/tmp/pe-synth/pnr/pe16_row8_20ns_u90/pe16_row8.v:939$158'.
     1/1: $0\_36[7:0]                                                           
Creating decoders for process                                                   
`\pe16_row8.$proc$/var/tmp/pe-synth/pnr/pe16_row8_20ns_u90/pe16_row8.v:933$157'.
     1/1: $0\_103[15:0]                                                         
Creating decoders for process                                                   
`\pe16_row8.$proc$/var/tmp/pe-synth/pnr/pe16_row8_20ns_u90/pe16_row8.v:925$156'.
     1/1: $0\_448[15:0]                                                         
Creating decoders for process                                                   
`\pe16_row8.$proc$/var/tmp/pe-synth/pnr/pe16_row8_20ns_u90/pe16_row8.v:913$155'.
     1/1: $0\_444[15:0]                                                         
Creating decoders for process                                                   
`\pe16_row8.$proc$/var/tmp/pe-synth/pnr/pe16_row8_20ns_u90/pe16_row8.v:868$137'.
     1/1: $0\_51[7:0]                                                           
Creating decoders for process                                                   
`\pe16_row8.$proc$/var/tmp/pe-synth/pnr/pe16_row8_20ns_u90/pe16_row8.v:864$136'.
     1/1: $0\_48[7:0]                                                           
Creating decoders for process                                                   
`\pe16_row8.$proc$/var/tmp/pe-synth/pnr/pe16_row8_20ns_u90/pe16_row8.v:860$135'.
     1/1: $0\_45[7:0]                                                           
Creating decoders for process                                                   
`\pe16_row8.$proc$/var/tmp/pe-synth/pnr/pe16_row8_20ns_u90/pe16_row8.v:854$134'.
     1/1: $0\_106[15:0]                                                         
Creating decoders for process                                                   
`\pe16_row8.$proc$/var/tmp/pe-synth/pnr/pe16_row8_20ns_u90/pe16_row8.v:846$133'.
     1/1: $0\_401[15:0]                                                         
Creating decoders for process                                                   
`\pe16_row8.$proc$/var/tmp/pe-synth/pnr/pe16_row8_20ns_u90/pe16_row8.v:834$132'.
     1/1: $0\_397[15:0]                                                         
Creating decoders for process                                                   
`\pe16_row8.$proc$/var/tmp/pe-synth/pnr/pe16_row8_20ns_u90/pe16_row8.v:789$114'.
     1/1: $0\_60[7:0]                                                           
Creating decoders for process                                                   
`\pe16_row8.$proc$/var/tmp/pe-synth/pnr/pe16_row8_20ns_u90/pe16_row8.v:785$113'.
     1/1: $0\_57[7:0]                                                           
Creating decoders for process                                                   
`\pe16_row8.$proc$/var/tmp/pe-synth/pnr/pe16_row8_20ns_u90/pe16_row8.v:781$112'.
     1/1: $0\_54[7:0]                                                           
Creating decoders for process                                                   
`\pe16_row8.$proc$/var/tmp/pe-synth/pnr/pe16_row8_20ns_u90/pe16_row8.v:775$111'.
     1/1: $0\_109[15:0]                                                         
Creating decoders for process                                                   
`\pe16_row8.$proc$/var/tmp/pe-synth/pnr/pe16_row8_20ns_u90/pe16_row8.v:767$110'.
     1/1: $0\_354[15:0]                                                         
Creating decoders for process                                                   
`\pe16_row8.$proc$/var/tmp/pe-synth/pnr/pe16_row8_20ns_u90/pe16_row8.v:755$109'.
     1/1: $0\_350[15:0]                                                         
Creating decoders for process                                                   
`\pe16_row8.$proc$/var/tmp/pe-synth/pnr/pe16_row8_20ns_u90/pe16_row8.v:710$91'. 
     1/1: $0\_69[7:0]                                                           
Creating decoders for process                                                   
`\pe16_row8.$proc$/var/tmp/pe-synth/pnr/pe16_row8_20ns_u90/pe16_row8.v:706$90'. 
     1/1: $0\_66[7:0]                                                           
Creating decoders for process                                                   
`\pe16_row8.$proc$/var/tmp/pe-synth/pnr/pe16_row8_20ns_u90/pe16_row8.v:702$89'. 
     1/1: $0\_63[7:0]                                                           
Creating decoders for process                                                   
`\pe16_row8.$proc$/var/tmp/pe-synth/pnr/pe16_row8_20ns_u90/pe16_row8.v:696$88'. 
     1/1: $0\_112[15:0]                                                         
Creating decoders for process                                                   
`\pe16_row8.$proc$/var/tmp/pe-synth/pnr/pe16_row8_20ns_u90/pe16_row8.v:688$87'. 
     1/1: $0\_307[15:0]                                                         
Creating decoders for process                                                   
`\pe16_row8.$proc$/var/tmp/pe-synth/pnr/pe16_row8_20ns_u90/pe16_row8.v:676$86'. 
     1/1: $0\_303[15:0]                                                         
Creating decoders for process                                                   
`\pe16_row8.$proc$/var/tmp/pe-synth/pnr/pe16_row8_20ns_u90/pe16_row8.v:631$68'. 
     1/1: $0\_78[7:0]                                                           
Creating decoders for process                                                   
`\pe16_row8.$proc$/var/tmp/pe-synth/pnr/pe16_row8_20ns_u90/pe16_row8.v:627$67'. 
     1/1: $0\_75[7:0]                                                           
Creating decoders for process                                                   
`\pe16_row8.$proc$/var/tmp/pe-synth/pnr/pe16_row8_20ns_u90/pe16_row8.v:623$66'. 
     1/1: $0\_72[7:0]                                                           
Creating decoders for process                                                   
`\pe16_row8.$proc$/var/tmp/pe-synth/pnr/pe16_row8_20ns_u90/pe16_row8.v:617$65'. 
     1/1: $0\_115[15:0]                                                         
Creating decoders for process                                                   
`\pe16_row8.$proc$/var/tmp/pe-synth/pnr/pe16_row8_20ns_u90/pe16_row8.v:609$64'. 
     1/1: $0\_260[15:0]                                                         
Creating decoders for process                                                   
`\pe16_row8.$proc$/var/tmp/pe-synth/pnr/pe16_row8_20ns_u90/pe16_row8.v:597$63'. 
     1/1: $0\_256[15:0]                                                         
Creating decoders for process                                                   
`\pe16_row8.$proc$/var/tmp/pe-synth/pnr/pe16_row8_20ns_u90/pe16_row8.v:552$45'. 
     1/1: $0\_87[7:0]                                                           
Creating decoders for process                                                   
`\pe16_row8.$proc$/var/tmp/pe-synth/pnr/pe16_row8_20ns_u90/pe16_row8.v:548$44'. 
     1/1: $0\_84[7:0]                                                           
Creating decoders for process                                                   
`\pe16_row8.$proc$/var/tmp/pe-synth/pnr/pe16_row8_20ns_u90/pe16_row8.v:544$43'. 
     1/1: $0\_81[7:0]                                                           
Creating decoders for process                                                   
`\pe16_row8.$proc$/var/tmp/pe-synth/pnr/pe16_row8_20ns_u90/pe16_row8.v:538$42'. 
     1/1: $0\_118[15:0]                                                         
Creating decoders for process                                                   
`\pe16_row8.$proc$/var/tmp/pe-synth/pnr/pe16_row8_20ns_u90/pe16_row8.v:530$41'. 
     1/1: $0\_213[15:0]                                                         
Creating decoders for process                                                   
`\pe16_row8.$proc$/var/tmp/pe-synth/pnr/pe16_row8_20ns_u90/pe16_row8.v:518$40'. 
     1/1: $0\_209[15:0]                                                         
Creating decoders for process                                                   
`\pe16_row8.$proc$/var/tmp/pe-synth/pnr/pe16_row8_20ns_u90/pe16_row8.v:473$22'. 
     1/1: $0\_96[7:0]                                                           
Creating decoders for process                                                   
`\pe16_row8.$proc$/var/tmp/pe-synth/pnr/pe16_row8_20ns_u90/pe16_row8.v:469$21'. 
     1/1: $0\_93[7:0]                                                           
Creating decoders for process                                                   
`\pe16_row8.$proc$/var/tmp/pe-synth/pnr/pe16_row8_20ns_u90/pe16_row8.v:465$20'. 
     1/1: $0\_90[7:0]                                                           
Creating decoders for process                                                   
`\pe16_row8.$proc$/var/tmp/pe-synth/pnr/pe16_row8_20ns_u90/pe16_row8.v:458$19'. 
     1/1: $0\_121[15:0]                                                         
Creating decoders for process                                                   
`\pe16_row8.$proc$/var/tmp/pe-synth/pnr/pe16_row8_20ns_u90/pe16_row8.v:450$18'. 
     1/1: $0\_166[15:0]                                                         
Creating decoders for process                                                   
`\pe16_row8.$proc$/var/tmp/pe-synth/pnr/pe16_row8_20ns_u90/pe16_row8.v:438$17'. 
     1/1: $0\_162[15:0]                                                         
                                                                                
6.8. Executing PROC_DLATCH pass (convert process syncs to latches).             
No latch inferred for signal `\pe16_row8.\_491' from process                    
`\pe16_row8.$proc$/var/tmp/pe-synth/pnr/pe16_row8_20ns_u90/pe16_row8.v:992$178'.
No latch inferred for signal `\pe16_row8.\_444' from process                    
`\pe16_row8.$proc$/var/tmp/pe-synth/pnr/pe16_row8_20ns_u90/pe16_row8.v:913$155'.
No latch inferred for signal `\pe16_row8.\_397' from process                    
`\pe16_row8.$proc$/var/tmp/pe-synth/pnr/pe16_row8_20ns_u90/pe16_row8.v:834$132'.
No latch inferred for signal `\pe16_row8.\_350' from process                    
`\pe16_row8.$proc$/var/tmp/pe-synth/pnr/pe16_row8_20ns_u90/pe16_row8.v:755$109'.
No latch inferred for signal `\pe16_row8.\_303' from process                    
`\pe16_row8.$proc$/var/tmp/pe-synth/pnr/pe16_row8_20ns_u90/pe16_row8.v:676$86'. 
No latch inferred for signal `\pe16_row8.\_256' from process                    
`\pe16_row8.$proc$/var/tmp/pe-synth/pnr/pe16_row8_20ns_u90/pe16_row8.v:597$63'. 
No latch inferred for signal `\pe16_row8.\_209' from process                    
`\pe16_row8.$proc$/var/tmp/pe-synth/pnr/pe16_row8_20ns_u90/pe16_row8.v:518$40'. 
No latch inferred for signal `\pe16_row8.\_162' from process                    
`\pe16_row8.$proc$/var/tmp/pe-synth/pnr/pe16_row8_20ns_u90/pe16_row8.v:438$17'. 
                                                                                
6.9. Executing PROC_DFF pass (convert process syncs to FFs).                    
Creating register for signal `\pe16_row8.\_33' using process                    
`\pe16_row8.$proc$/var/tmp/pe-synth/pnr/pe16_row8_20ns_u90/pe16_row8.v:1027$183'
.                                                                               
  created $dff cell `$procdff$337' with positive edge clock.                    
Creating register for signal `\pe16_row8.\_30' using process                    
`\pe16_row8.$proc$/var/tmp/pe-synth/pnr/pe16_row8_20ns_u90/pe16_row8.v:1023$182'
.                                                                               
  created $dff cell `$procdff$338' with positive edge clock.                    
Creating register for signal `\pe16_row8.\_27' using process                    
`\pe16_row8.$proc$/var/tmp/pe-synth/pnr/pe16_row8_20ns_u90/pe16_row8.v:1019$181'
.                                                                               
  created $dff cell `$procdff$339' with positive edge clock.                    
Creating register for signal `\pe16_row8.\_100' using process                   
`\pe16_row8.$proc$/var/tmp/pe-synth/pnr/pe16_row8_20ns_u90/pe16_row8.v:1013$180'
.                                                                               
  created $dff cell `$procdff$340' with positive edge clock.                    
Creating register for signal `\pe16_row8.\_495' using process                   
`\pe16_row8.$proc$/var/tmp/pe-synth/pnr/pe16_row8_20ns_u90/pe16_row8.v:1004$179'
.                                                                               
  created $dff cell `$procdff$341' with positive edge clock.                    
Creating register for signal `\pe16_row8.\_42' using process                    
`\pe16_row8.$proc$/var/tmp/pe-synth/pnr/pe16_row8_20ns_u90/pe16_row8.v:947$160'.
  created $dff cell `$procdff$342' with positive edge clock.                    
Creating register for signal `\pe16_row8.\_39' using process                    
`\pe16_row8.$proc$/var/tmp/pe-synth/pnr/pe16_row8_20ns_u90/pe16_row8.v:943$159'.
  created $dff cell `$procdff$343' with positive edge clock.                    
Creating register for signal `\pe16_row8.\_36' using process                    
`\pe16_row8.$proc$/var/tmp/pe-synth/pnr/pe16_row8_20ns_u90/pe16_row8.v:939$158'.
  created $dff cell `$procdff$344' with positive edge clock.                    
Creating register for signal `\pe16_row8.\_103' using process                   
`\pe16_row8.$proc$/var/tmp/pe-synth/pnr/pe16_row8_20ns_u90/pe16_row8.v:933$157'.
  created $dff cell `$procdff$345' with positive edge clock.                    
Creating register for signal `\pe16_row8.\_448' using process                   
`\pe16_row8.$proc$/var/tmp/pe-synth/pnr/pe16_row8_20ns_u90/pe16_row8.v:925$156'.
  created $dff cell `$procdff$346' with positive edge clock.                    
Creating register for signal `\pe16_row8.\_51' using process                    
`\pe16_row8.$proc$/var/tmp/pe-synth/pnr/pe16_row8_20ns_u90/pe16_row8.v:868$137'.
  created $dff cell `$procdff$347' with positive edge clock.                    
Creating register for signal `\pe16_row8.\_48' using process                    
`\pe16_row8.$proc$/var/tmp/pe-synth/pnr/pe16_row8_20ns_u90/pe16_row8.v:864$136'.
  created $dff cell `$procdff$348' with positive edge clock.                    
Creating register for signal `\pe16_row8.\_45' using process                    
`\pe16_row8.$proc$/var/tmp/pe-synth/pnr/pe16_row8_20ns_u90/pe16_row8.v:860$135'.
  created $dff cell `$procdff$349' with positive edge clock.                    
Creating register for signal `\pe16_row8.\_106' using process                   
`\pe16_row8.$proc$/var/tmp/pe-synth/pnr/pe16_row8_20ns_u90/pe16_row8.v:854$134'.
  created $dff cell `$procdff$350' with positive edge clock.                    
Creating register for signal `\pe16_row8.\_401' using process                   
`\pe16_row8.$proc$/var/tmp/pe-synth/pnr/pe16_row8_20ns_u90/pe16_row8.v:846$133'.
  created $dff cell `$procdff$351' with positive edge clock.                    
Creating register for signal `\pe16_row8.\_60' using process                    
`\pe16_row8.$proc$/var/tmp/pe-synth/pnr/pe16_row8_20ns_u90/pe16_row8.v:789$114'.
  created $dff cell `$procdff$352' with positive edge clock.                    
Creating register for signal `\pe16_row8.\_57' using process                    
`\pe16_row8.$proc$/var/tmp/pe-synth/pnr/pe16_row8_20ns_u90/pe16_row8.v:785$113'.
  created $dff cell `$procdff$353' with positive edge clock.                    
Creating register for signal `\pe16_row8.\_54' using process                    
`\pe16_row8.$proc$/var/tmp/pe-synth/pnr/pe16_row8_20ns_u90/pe16_row8.v:781$112'.
  created $dff cell `$procdff$354' with positive edge clock.                    
Creating register for signal `\pe16_row8.\_109' using process                   
`\pe16_row8.$proc$/var/tmp/pe-synth/pnr/pe16_row8_20ns_u90/pe16_row8.v:775$111'.
  created $dff cell `$procdff$355' with positive edge clock.                    
Creating register for signal `\pe16_row8.\_354' using process                   
`\pe16_row8.$proc$/var/tmp/pe-synth/pnr/pe16_row8_20ns_u90/pe16_row8.v:767$110'.
  created $dff cell `$procdff$356' with positive edge clock.                    
Creating register for signal `\pe16_row8.\_69' using process                    
`\pe16_row8.$proc$/var/tmp/pe-synth/pnr/pe16_row8_20ns_u90/pe16_row8.v:710$91'. 
  created $dff cell `$procdff$357' with positive edge clock.                    
Creating register for signal `\pe16_row8.\_66' using process                    
`\pe16_row8.$proc$/var/tmp/pe-synth/pnr/pe16_row8_20ns_u90/pe16_row8.v:706$90'. 
  created $dff cell `$procdff$358' with positive edge clock.                    
Creating register for signal `\pe16_row8.\_63' using process                    
`\pe16_row8.$proc$/var/tmp/pe-synth/pnr/pe16_row8_20ns_u90/pe16_row8.v:702$89'. 
  created $dff cell `$procdff$359' with positive edge clock.                    
Creating register for signal `\pe16_row8.\_112' using process                   
`\pe16_row8.$proc$/var/tmp/pe-synth/pnr/pe16_row8_20ns_u90/pe16_row8.v:696$88'. 
  created $dff cell `$procdff$360' with positive edge clock.                    
Creating register for signal `\pe16_row8.\_307' using process                   
`\pe16_row8.$proc$/var/tmp/pe-synth/pnr/pe16_row8_20ns_u90/pe16_row8.v:688$87'. 
  created $dff cell `$procdff$361' with positive edge clock.                    
Creating register for signal `\pe16_row8.\_78' using process                    
`\pe16_row8.$proc$/var/tmp/pe-synth/pnr/pe16_row8_20ns_u90/pe16_row8.v:631$68'. 
  created $dff cell `$procdff$362' with positive edge clock.                    
Creating register for signal `\pe16_row8.\_75' using process                    
`\pe16_row8.$proc$/var/tmp/pe-synth/pnr/pe16_row8_20ns_u90/pe16_row8.v:627$67'. 
  created $dff cell `$procdff$363' with positive edge clock.                    
Creating register for signal `\pe16_row8.\_72' using process                    
`\pe16_row8.$proc$/var/tmp/pe-synth/pnr/pe16_row8_20ns_u90/pe16_row8.v:623$66'. 
  created $dff cell `$procdff$364' with positive edge clock.                    
Creating register for signal `\pe16_row8.\_115' using process                   
`\pe16_row8.$proc$/var/tmp/pe-synth/pnr/pe16_row8_20ns_u90/pe16_row8.v:617$65'. 
  created $dff cell `$procdff$365' with positive edge clock.                    
Creating register for signal `\pe16_row8.\_260' using process                   
`\pe16_row8.$proc$/var/tmp/pe-synth/pnr/pe16_row8_20ns_u90/pe16_row8.v:609$64'. 
  created $dff cell `$procdff$366' with positive edge clock.                    
Creating register for signal `\pe16_row8.\_87' using process                    
`\pe16_row8.$proc$/var/tmp/pe-synth/pnr/pe16_row8_20ns_u90/pe16_row8.v:552$45'. 
  created $dff cell `$procdff$367' with positive edge clock.                    
Creating register for signal `\pe16_row8.\_84' using process                    
`\pe16_row8.$proc$/var/tmp/pe-synth/pnr/pe16_row8_20ns_u90/pe16_row8.v:548$44'. 
  created $dff cell `$procdff$368' with positive edge clock.                    
Creating register for signal `\pe16_row8.\_81' using process                    
`\pe16_row8.$proc$/var/tmp/pe-synth/pnr/pe16_row8_20ns_u90/pe16_row8.v:544$43'. 
  created $dff cell `$procdff$369' with positive edge clock.                    
Creating register for signal `\pe16_row8.\_118' using process                   
`\pe16_row8.$proc$/var/tmp/pe-synth/pnr/pe16_row8_20ns_u90/pe16_row8.v:538$42'. 
  created $dff cell `$procdff$370' with positive edge clock.                    
Creating register for signal `\pe16_row8.\_213' using process                   
`\pe16_row8.$proc$/var/tmp/pe-synth/pnr/pe16_row8_20ns_u90/pe16_row8.v:530$41'. 
  created $dff cell `$procdff$371' with positive edge clock.                    
Creating register for signal `\pe16_row8.\_96' using process                    
`\pe16_row8.$proc$/var/tmp/pe-synth/pnr/pe16_row8_20ns_u90/pe16_row8.v:473$22'. 
  created $dff cell `$procdff$372' with positive edge clock.                    
Creating register for signal `\pe16_row8.\_93' using process                    
`\pe16_row8.$proc$/var/tmp/pe-synth/pnr/pe16_row8_20ns_u90/pe16_row8.v:469$21'. 
  created $dff cell `$procdff$373' with positive edge clock.                    
Creating register for signal `\pe16_row8.\_90' using process                    
`\pe16_row8.$proc$/var/tmp/pe-synth/pnr/pe16_row8_20ns_u90/pe16_row8.v:465$20'. 
  created $dff cell `$procdff$374' with positive edge clock.                    
Creating register for signal `\pe16_row8.\_121' using process                   
`\pe16_row8.$proc$/var/tmp/pe-synth/pnr/pe16_row8_20ns_u90/pe16_row8.v:458$19'. 
  created $dff cell `$procdff$375' with positive edge clock.                    
Creating register for signal `\pe16_row8.\_166' using process                   
`\pe16_row8.$proc$/var/tmp/pe-synth/pnr/pe16_row8_20ns_u90/pe16_row8.v:450$18'. 
  created $dff cell `$procdff$376' with positive edge clock.                    
                                                                                
6.10. Executing PROC_MEMWR pass (convert process memory writes to cells).       
                                                                                
6.11. Executing PROC_CLEAN pass (remove empty switches from decision trees).    
Found and cleaned up 1 empty switch in                                          
`\pe16_row8.$proc$/var/tmp/pe-synth/pnr/pe16_row8_20ns_u90/pe16_row8.v:1027$183'
.                                                                               
Removing empty process                                                          
`pe16_row8.$proc$/var/tmp/pe-synth/pnr/pe16_row8_20ns_u90/pe16_row8.v:1027$183'.
Found and cleaned up 1 empty switch in                                          
`\pe16_row8.$proc$/var/tmp/pe-synth/pnr/pe16_row8_20ns_u90/pe16_row8.v:1023$182'
.                                                                               
Removing empty process                                                          
`pe16_row8.$proc$/var/tmp/pe-synth/pnr/pe16_row8_20ns_u90/pe16_row8.v:1023$182'.
Found and cleaned up 1 empty switch in                                          
`\pe16_row8.$proc$/var/tmp/pe-synth/pnr/pe16_row8_20ns_u90/pe16_row8.v:1019$181'
.                                                                               
Removing empty process                                                          
`pe16_row8.$proc$/var/tmp/pe-synth/pnr/pe16_row8_20ns_u90/pe16_row8.v:1019$181'.
Found and cleaned up 1 empty switch in                                          
`\pe16_row8.$proc$/var/tmp/pe-synth/pnr/pe16_row8_20ns_u90/pe16_row8.v:1013$180'
.                                                                               
Removing empty process                                                          
`pe16_row8.$proc$/var/tmp/pe-synth/pnr/pe16_row8_20ns_u90/pe16_row8.v:1013$180'.
Found and cleaned up 2 empty switches in                                        
`\pe16_row8.$proc$/var/tmp/pe-synth/pnr/pe16_row8_20ns_u90/pe16_row8.v:1004$179'
.                                                                               
Removing empty process                                                          
`pe16_row8.$proc$/var/tmp/pe-synth/pnr/pe16_row8_20ns_u90/pe16_row8.v:1004$179'.
Found and cleaned up 1 empty switch in                                          
`\pe16_row8.$proc$/var/tmp/pe-synth/pnr/pe16_row8_20ns_u90/pe16_row8.v:992$178'.
Removing empty process                                                          
`pe16_row8.$proc$/var/tmp/pe-synth/pnr/pe16_row8_20ns_u90/pe16_row8.v:992$178'. 
Found and cleaned up 1 empty switch in                                          
`\pe16_row8.$proc$/var/tmp/pe-synth/pnr/pe16_row8_20ns_u90/pe16_row8.v:947$160'.
Removing empty process                                                          
`pe16_row8.$proc$/var/tmp/pe-synth/pnr/pe16_row8_20ns_u90/pe16_row8.v:947$160'. 
Found and cleaned up 1 empty switch in                                          
`\pe16_row8.$proc$/var/tmp/pe-synth/pnr/pe16_row8_20ns_u90/pe16_row8.v:943$159'.
Removing empty process                                                          
`pe16_row8.$proc$/var/tmp/pe-synth/pnr/pe16_row8_20ns_u90/pe16_row8.v:943$159'. 
Found and cleaned up 1 empty switch in                                          
`\pe16_row8.$proc$/var/tmp/pe-synth/pnr/pe16_row8_20ns_u90/pe16_row8.v:939$158'.
Removing empty process                                                          
`pe16_row8.$proc$/var/tmp/pe-synth/pnr/pe16_row8_20ns_u90/pe16_row8.v:939$158'. 
Found and cleaned up 1 empty switch in                                          
`\pe16_row8.$proc$/var/tmp/pe-synth/pnr/pe16_row8_20ns_u90/pe16_row8.v:933$157'.
Removing empty process                                                          
`pe16_row8.$proc$/var/tmp/pe-synth/pnr/pe16_row8_20ns_u90/pe16_row8.v:933$157'. 
Found and cleaned up 2 empty switches in                                        
`\pe16_row8.$proc$/var/tmp/pe-synth/pnr/pe16_row8_20ns_u90/pe16_row8.v:925$156'.
Removing empty process                                                          
`pe16_row8.$proc$/var/tmp/pe-synth/pnr/pe16_row8_20ns_u90/pe16_row8.v:925$156'. 
Found and cleaned up 1 empty switch in                                          
`\pe16_row8.$proc$/var/tmp/pe-synth/pnr/pe16_row8_20ns_u90/pe16_row8.v:913$155'.
Removing empty process                                                          
`pe16_row8.$proc$/var/tmp/pe-synth/pnr/pe16_row8_20ns_u90/pe16_row8.v:913$155'. 
Found and cleaned up 1 empty switch in                                          
`\pe16_row8.$proc$/var/tmp/pe-synth/pnr/pe16_row8_20ns_u90/pe16_row8.v:868$137'.
Removing empty process                                                          
`pe16_row8.$proc$/var/tmp/pe-synth/pnr/pe16_row8_20ns_u90/pe16_row8.v:868$137'. 
Found and cleaned up 1 empty switch in                                          
`\pe16_row8.$proc$/var/tmp/pe-synth/pnr/pe16_row8_20ns_u90/pe16_row8.v:864$136'.
Removing empty process                                                          
`pe16_row8.$proc$/var/tmp/pe-synth/pnr/pe16_row8_20ns_u90/pe16_row8.v:864$136'. 
Found and cleaned up 1 empty switch in                                          
`\pe16_row8.$proc$/var/tmp/pe-synth/pnr/pe16_row8_20ns_u90/pe16_row8.v:860$135'.
Removing empty process                                                          
`pe16_row8.$proc$/var/tmp/pe-synth/pnr/pe16_row8_20ns_u90/pe16_row8.v:860$135'. 
Found and cleaned up 1 empty switch in                                          
`\pe16_row8.$proc$/var/tmp/pe-synth/pnr/pe16_row8_20ns_u90/pe16_row8.v:854$134'.
Removing empty process                                                          
`pe16_row8.$proc$/var/tmp/pe-synth/pnr/pe16_row8_20ns_u90/pe16_row8.v:854$134'. 
Found and cleaned up 2 empty switches in                                        
`\pe16_row8.$proc$/var/tmp/pe-synth/pnr/pe16_row8_20ns_u90/pe16_row8.v:846$133'.
Removing empty process                                                          
`pe16_row8.$proc$/var/tmp/pe-synth/pnr/pe16_row8_20ns_u90/pe16_row8.v:846$133'. 
Found and cleaned up 1 empty switch in                                          
`\pe16_row8.$proc$/var/tmp/pe-synth/pnr/pe16_row8_20ns_u90/pe16_row8.v:834$132'.
Removing empty process                                                          
`pe16_row8.$proc$/var/tmp/pe-synth/pnr/pe16_row8_20ns_u90/pe16_row8.v:834$132'. 
Found and cleaned up 1 empty switch in                                          
`\pe16_row8.$proc$/var/tmp/pe-synth/pnr/pe16_row8_20ns_u90/pe16_row8.v:789$114'.
Removing empty process                                                          
`pe16_row8.$proc$/var/tmp/pe-synth/pnr/pe16_row8_20ns_u90/pe16_row8.v:789$114'. 
Found and cleaned up 1 empty switch in                                          
`\pe16_row8.$proc$/var/tmp/pe-synth/pnr/pe16_row8_20ns_u90/pe16_row8.v:785$113'.
Removing empty process                                                          
`pe16_row8.$proc$/var/tmp/pe-synth/pnr/pe16_row8_20ns_u90/pe16_row8.v:785$113'. 
Found and cleaned up 1 empty switch in                                          
`\pe16_row8.$proc$/var/tmp/pe-synth/pnr/pe16_row8_20ns_u90/pe16_row8.v:781$112'.
Removing empty process                                                          
`pe16_row8.$proc$/var/tmp/pe-synth/pnr/pe16_row8_20ns_u90/pe16_row8.v:781$112'. 
Found and cleaned up 1 empty switch in                                          
`\pe16_row8.$proc$/var/tmp/pe-synth/pnr/pe16_row8_20ns_u90/pe16_row8.v:775$111'.
Removing empty process                                                          
`pe16_row8.$proc$/var/tmp/pe-synth/pnr/pe16_row8_20ns_u90/pe16_row8.v:775$111'. 
Found and cleaned up 2 empty switches in                                        
`\pe16_row8.$proc$/var/tmp/pe-synth/pnr/pe16_row8_20ns_u90/pe16_row8.v:767$110'.
Removing empty process                                                          
`pe16_row8.$proc$/var/tmp/pe-synth/pnr/pe16_row8_20ns_u90/pe16_row8.v:767$110'. 
Found and cleaned up 1 empty switch in                                          
`\pe16_row8.$proc$/var/tmp/pe-synth/pnr/pe16_row8_20ns_u90/pe16_row8.v:755$109'.
Removing empty process                                                          
`pe16_row8.$proc$/var/tmp/pe-synth/pnr/pe16_row8_20ns_u90/pe16_row8.v:755$109'. 
Found and cleaned up 1 empty switch in                                          
`\pe16_row8.$proc$/var/tmp/pe-synth/pnr/pe16_row8_20ns_u90/pe16_row8.v:710$91'. 
Removing empty process                                                          
`pe16_row8.$proc$/var/tmp/pe-synth/pnr/pe16_row8_20ns_u90/pe16_row8.v:710$91'.  
Found and cleaned up 1 empty switch in                                          
`\pe16_row8.$proc$/var/tmp/pe-synth/pnr/pe16_row8_20ns_u90/pe16_row8.v:706$90'. 
Removing empty process                                                          
`pe16_row8.$proc$/var/tmp/pe-synth/pnr/pe16_row8_20ns_u90/pe16_row8.v:706$90'.  
Found and cleaned up 1 empty switch in                                          
`\pe16_row8.$proc$/var/tmp/pe-synth/pnr/pe16_row8_20ns_u90/pe16_row8.v:702$89'. 
Removing empty process                                                          
`pe16_row8.$proc$/var/tmp/pe-synth/pnr/pe16_row8_20ns_u90/pe16_row8.v:702$89'.  
Found and cleaned up 1 empty switch in                                          
`\pe16_row8.$proc$/var/tmp/pe-synth/pnr/pe16_row8_20ns_u90/pe16_row8.v:696$88'. 
Removing empty process                                                          
`pe16_row8.$proc$/var/tmp/pe-synth/pnr/pe16_row8_20ns_u90/pe16_row8.v:696$88'.  
Found and cleaned up 2 empty switches in                                        
`\pe16_row8.$proc$/var/tmp/pe-synth/pnr/pe16_row8_20ns_u90/pe16_row8.v:688$87'. 
Removing empty process                                                          
`pe16_row8.$proc$/var/tmp/pe-synth/pnr/pe16_row8_20ns_u90/pe16_row8.v:688$87'.  
Found and cleaned up 1 empty switch in                                          
`\pe16_row8.$proc$/var/tmp/pe-synth/pnr/pe16_row8_20ns_u90/pe16_row8.v:676$86'. 
Removing empty process                                                          
`pe16_row8.$proc$/var/tmp/pe-synth/pnr/pe16_row8_20ns_u90/pe16_row8.v:676$86'.  
Found and cleaned up 1 empty switch in                                          
`\pe16_row8.$proc$/var/tmp/pe-synth/pnr/pe16_row8_20ns_u90/pe16_row8.v:631$68'. 
Removing empty process                                                          
`pe16_row8.$proc$/var/tmp/pe-synth/pnr/pe16_row8_20ns_u90/pe16_row8.v:631$68'.  
Found and cleaned up 1 empty switch in                                          
`\pe16_row8.$proc$/var/tmp/pe-synth/pnr/pe16_row8_20ns_u90/pe16_row8.v:627$67'. 
Removing empty process                                                          
`pe16_row8.$proc$/var/tmp/pe-synth/pnr/pe16_row8_20ns_u90/pe16_row8.v:627$67'.  
Found and cleaned up 1 empty switch in                                          
`\pe16_row8.$proc$/var/tmp/pe-synth/pnr/pe16_row8_20ns_u90/pe16_row8.v:623$66'. 
Removing empty process                                                          
`pe16_row8.$proc$/var/tmp/pe-synth/pnr/pe16_row8_20ns_u90/pe16_row8.v:623$66'.  
Found and cleaned up 1 empty switch in                                          
`\pe16_row8.$proc$/var/tmp/pe-synth/pnr/pe16_row8_20ns_u90/pe16_row8.v:617$65'. 
Removing empty process                                                          
`pe16_row8.$proc$/var/tmp/pe-synth/pnr/pe16_row8_20ns_u90/pe16_row8.v:617$65'.  
Found and cleaned up 2 empty switches in                                        
`\pe16_row8.$proc$/var/tmp/pe-synth/pnr/pe16_row8_20ns_u90/pe16_row8.v:609$64'. 
Removing empty process                                                          
`pe16_row8.$proc$/var/tmp/pe-synth/pnr/pe16_row8_20ns_u90/pe16_row8.v:609$64'.  
Found and cleaned up 1 empty switch in                                          
`\pe16_row8.$proc$/var/tmp/pe-synth/pnr/pe16_row8_20ns_u90/pe16_row8.v:597$63'. 
Removing empty process                                                          
`pe16_row8.$proc$/var/tmp/pe-synth/pnr/pe16_row8_20ns_u90/pe16_row8.v:597$63'.  
Found and cleaned up 1 empty switch in                                          
`\pe16_row8.$proc$/var/tmp/pe-synth/pnr/pe16_row8_20ns_u90/pe16_row8.v:552$45'. 
Removing empty process                                                          
`pe16_row8.$proc$/var/tmp/pe-synth/pnr/pe16_row8_20ns_u90/pe16_row8.v:552$45'.  
Found and cleaned up 1 empty switch in                                          
`\pe16_row8.$proc$/var/tmp/pe-synth/pnr/pe16_row8_20ns_u90/pe16_row8.v:548$44'. 
Removing empty process                                                          
`pe16_row8.$proc$/var/tmp/pe-synth/pnr/pe16_row8_20ns_u90/pe16_row8.v:548$44'.  
Found and cleaned up 1 empty switch in                                          
`\pe16_row8.$proc$/var/tmp/pe-synth/pnr/pe16_row8_20ns_u90/pe16_row8.v:544$43'. 
Removing empty process                                                          
`pe16_row8.$proc$/var/tmp/pe-synth/pnr/pe16_row8_20ns_u90/pe16_row8.v:544$43'.  
Found and cleaned up 1 empty switch in                                          
`\pe16_row8.$proc$/var/tmp/pe-synth/pnr/pe16_row8_20ns_u90/pe16_row8.v:538$42'. 
Removing empty process                                                          
`pe16_row8.$proc$/var/tmp/pe-synth/pnr/pe16_row8_20ns_u90/pe16_row8.v:538$42'.  
Found and cleaned up 2 empty switches in                                        
`\pe16_row8.$proc$/var/tmp/pe-synth/pnr/pe16_row8_20ns_u90/pe16_row8.v:530$41'. 
Removing empty process                                                          
`pe16_row8.$proc$/var/tmp/pe-synth/pnr/pe16_row8_20ns_u90/pe16_row8.v:530$41'.  
Found and cleaned up 1 empty switch in                                          
`\pe16_row8.$proc$/var/tmp/pe-synth/pnr/pe16_row8_20ns_u90/pe16_row8.v:518$40'. 
Removing empty process                                                          
`pe16_row8.$proc$/var/tmp/pe-synth/pnr/pe16_row8_20ns_u90/pe16_row8.v:518$40'.  
Found and cleaned up 1 empty switch in                                          
`\pe16_row8.$proc$/var/tmp/pe-synth/pnr/pe16_row8_20ns_u90/pe16_row8.v:473$22'. 
Removing empty process                                                          
`pe16_row8.$proc$/var/tmp/pe-synth/pnr/pe16_row8_20ns_u90/pe16_row8.v:473$22'.  
Found and cleaned up 1 empty switch in                                          
`\pe16_row8.$proc$/var/tmp/pe-synth/pnr/pe16_row8_20ns_u90/pe16_row8.v:469$21'. 
Removing empty process                                                          
`pe16_row8.$proc$/var/tmp/pe-synth/pnr/pe16_row8_20ns_u90/pe16_row8.v:469$21'.  
Found and cleaned up 1 empty switch in                                          
`\pe16_row8.$proc$/var/tmp/pe-synth/pnr/pe16_row8_20ns_u90/pe16_row8.v:465$20'. 
Removing empty process                                                          
`pe16_row8.$proc$/var/tmp/pe-synth/pnr/pe16_row8_20ns_u90/pe16_row8.v:465$20'.  
Found and cleaned up 1 empty switch in                                          
`\pe16_row8.$proc$/var/tmp/pe-synth/pnr/pe16_row8_20ns_u90/pe16_row8.v:458$19'. 
Removing empty process                                                          
`pe16_row8.$proc$/var/tmp/pe-synth/pnr/pe16_row8_20ns_u90/pe16_row8.v:458$19'.  
Found and cleaned up 2 empty switches in                                        
`\pe16_row8.$proc$/var/tmp/pe-synth/pnr/pe16_row8_20ns_u90/pe16_row8.v:450$18'. 
Removing empty process                                                          
`pe16_row8.$proc$/var/tmp/pe-synth/pnr/pe16_row8_20ns_u90/pe16_row8.v:450$18'.  
Found and cleaned up 1 empty switch in                                          
`\pe16_row8.$proc$/var/tmp/pe-synth/pnr/pe16_row8_20ns_u90/pe16_row8.v:438$17'. 
Removing empty process                                                          
`pe16_row8.$proc$/var/tmp/pe-synth/pnr/pe16_row8_20ns_u90/pe16_row8.v:438$17'.  
Cleaned up 56 empty switches.                                                   
                                                                                
6.12. Executing OPT_EXPR pass (perform const folding).                          
Optimizing module pe16_row8.                                                    
<suppressed ~16 debug messages>                                                 
                                                                                
7. Executing FLATTEN pass (flatten design).                                     
                                                                                
8. Executing OPT_CLEAN pass (remove unused cells and wires).                    
Finding unused cells or wires in module \pe16_row8..                            
Removed 0 unused cells and 424 unused wires.                                    
<suppressed ~185 debug messages>                                                
────────────────────────────────── Synthesis ───────────────────────────────────
[04:45:03] VERBOSE  Running 'Yosys.Synthesis' at                    step.py:1138
                    'runs/pe16_row8_20ns_u90/06-yosys-synthesis'…               
[04:45:03] VERBOSE  Logging subprocess to                           step.py:1338
                    'runs/pe16_row8_20ns_u90/06-yosys-synthesis/yos             
                    ys-synthesis.log'…                                          
                                                                                
 /----------------------------------------------------------------------------\ 
 |  yosys -- Yosys Open SYnthesis Suite                                       | 
 |  Copyright (C) 2012 - 2026  Claire Xenia Wolf <claire@yosyshq.com>         | 
 |  Distributed under an ISC-like license, type "license" to see terms        | 
 \----------------------------------------------------------------------------/ 
 Yosys 0.62 (git sha1 7326bb7d6641500ecb285c291a54a662cb1e76cf, clang++ 21.1.2  
-fPIC -O3)                                                                      
                                                                                
1. Executing Liberty frontend:                                                  
/home/matthias/.ciel/ihp-sg13g2/ihp-sg13g2/libs.ref/sg13g2_stdcell/lib/sg13g2_st
dcell_typ_1p20V_25C.lib                                                         
Imported 84 cell types from liberty file.                                       
                                                                                
2. Executing Liberty frontend:                                                  
/home/matthias/.ciel/ihp-sg13g2/ihp-sg13g2/libs.ref/sg13g2_io/lib/sg13g2_io_typ_
1p2V_3p3V_25C.lib                                                               
Imported 15 cell types from liberty file.                                       
[INFO] Using SDC file                                                           
'/var/tmp/pe-synth/pnr/pe16_row8_20ns_u90/runs/pe16_row8_20ns_u90/06-yosys-synth
esis/synthesis.abc.sdc' for ABC…                                                
                                                                                
3. Executing Verilog-2005 frontend:                                             
/var/tmp/pe-synth/pnr/pe16_row8_20ns_u90/pe16_row8.v                            
Parsing SystemVerilog input from                                                
`/var/tmp/pe-synth/pnr/pe16_row8_20ns_u90/pe16_row8.v' to AST representation.   
Storing AST representation for module `$abstract\pe16_row8'.                    
Successfully finished Verilog frontend.                                         
                                                                                
4. Executing HIERARCHY pass (managing design hierarchy).                        
                                                                                
5. Executing AST frontend in derive mode using pre-parsed AST for module        
`\pe16_row8'.                                                                   
Generating RTLIL representation for module `\pe16_row8'.                        
                                                                                
5.1. Analyzing design hierarchy..                                               
Top module:  \pe16_row8                                                         
                                                                                
5.2. Analyzing design hierarchy..                                               
Top module:  \pe16_row8                                                         
Removing unused module `$abstract\pe16_row8'.                                   
Removed 1 unused modules.                                                       
Renaming module pe16_row8 to pe16_row8.                                         
                                                                                
6. Executing ATTRMAP pass (move or copy attributes).                            
                                                                                
7. Executing TRIBUF pass.                                                       
                                                                                
8. Executing HIERARCHY pass (managing design hierarchy).                        
                                                                                
8.1. Analyzing design hierarchy..                                               
Top module:  \pe16_row8                                                         
                                                                                
8.2. Analyzing design hierarchy..                                               
Top module:  \pe16_row8                                                         
Removed 0 unused modules.                                                       
                                                                                
9. Executing PROC_CLEAN pass (remove empty switches from decision trees).       
Cleaned up 0 empty switches.                                                    
                                                                                
10. Executing PROC_RMDEAD pass (remove dead branches from decision trees).      
Marked 1 switch rules as full_case in process                                   
$proc$/var/tmp/pe-synth/pnr/pe16_row8_20ns_u90/pe16_row8.v:1013$180 in module   
pe16_row8.                                                                      
Marked 1 switch rules as full_case in process                                   
$proc$/var/tmp/pe-synth/pnr/pe16_row8_20ns_u90/pe16_row8.v:1004$179 in module   
pe16_row8.                                                                      
Marked 1 switch rules as full_case in process                                   
$proc$/var/tmp/pe-synth/pnr/pe16_row8_20ns_u90/pe16_row8.v:992$178 in module    
pe16_row8.                                                                      
Marked 1 switch rules as full_case in process                                   
$proc$/var/tmp/pe-synth/pnr/pe16_row8_20ns_u90/pe16_row8.v:933$157 in module    
pe16_row8.                                                                      
Marked 1 switch rules as full_case in process                                   
$proc$/var/tmp/pe-synth/pnr/pe16_row8_20ns_u90/pe16_row8.v:925$156 in module    
pe16_row8.                                                                      
Marked 1 switch rules as full_case in process                                   
$proc$/var/tmp/pe-synth/pnr/pe16_row8_20ns_u90/pe16_row8.v:913$155 in module    
pe16_row8.                                                                      
Marked 1 switch rules as full_case in process                                   
$proc$/var/tmp/pe-synth/pnr/pe16_row8_20ns_u90/pe16_row8.v:854$134 in module    
pe16_row8.                                                                      
Marked 1 switch rules as full_case in process                                   
$proc$/var/tmp/pe-synth/pnr/pe16_row8_20ns_u90/pe16_row8.v:846$133 in module    
pe16_row8.                                                                      
Marked 1 switch rules as full_case in process                                   
$proc$/var/tmp/pe-synth/pnr/pe16_row8_20ns_u90/pe16_row8.v:834$132 in module    
pe16_row8.                                                                      
Marked 1 switch rules as full_case in process                                   
$proc$/var/tmp/pe-synth/pnr/pe16_row8_20ns_u90/pe16_row8.v:775$111 in module    
pe16_row8.                                                                      
Marked 1 switch rules as full_case in process                                   
$proc$/var/tmp/pe-synth/pnr/pe16_row8_20ns_u90/pe16_row8.v:767$110 in module    
pe16_row8.                                                                      
Marked 1 switch rules as full_case in process                                   
$proc$/var/tmp/pe-synth/pnr/pe16_row8_20ns_u90/pe16_row8.v:755$109 in module    
pe16_row8.                                                                      
Marked 1 switch rules as full_case in process                                   
$proc$/var/tmp/pe-synth/pnr/pe16_row8_20ns_u90/pe16_row8.v:696$88 in module     
pe16_row8.                                                                      
Marked 1 switch rules as full_case in process                                   
$proc$/var/tmp/pe-synth/pnr/pe16_row8_20ns_u90/pe16_row8.v:688$87 in module     
pe16_row8.                                                                      
Marked 1 switch rules as full_case in process                                   
$proc$/var/tmp/pe-synth/pnr/pe16_row8_20ns_u90/pe16_row8.v:676$86 in module     
pe16_row8.                                                                      
Marked 1 switch rules as full_case in process                                   
$proc$/var/tmp/pe-synth/pnr/pe16_row8_20ns_u90/pe16_row8.v:617$65 in module     
pe16_row8.                                                                      
Marked 1 switch rules as full_case in process                                   
$proc$/var/tmp/pe-synth/pnr/pe16_row8_20ns_u90/pe16_row8.v:609$64 in module     
pe16_row8.                                                                      
Marked 1 switch rules as full_case in process                                   
$proc$/var/tmp/pe-synth/pnr/pe16_row8_20ns_u90/pe16_row8.v:597$63 in module     
pe16_row8.                                                                      
Marked 1 switch rules as full_case in process                                   
$proc$/var/tmp/pe-synth/pnr/pe16_row8_20ns_u90/pe16_row8.v:538$42 in module     
pe16_row8.                                                                      
Marked 1 switch rules as full_case in process                                   
$proc$/var/tmp/pe-synth/pnr/pe16_row8_20ns_u90/pe16_row8.v:530$41 in module     
pe16_row8.                                                                      
Marked 1 switch rules as full_case in process                                   
$proc$/var/tmp/pe-synth/pnr/pe16_row8_20ns_u90/pe16_row8.v:518$40 in module     
pe16_row8.                                                                      
Marked 1 switch rules as full_case in process                                   
$proc$/var/tmp/pe-synth/pnr/pe16_row8_20ns_u90/pe16_row8.v:458$19 in module     
pe16_row8.                                                                      
Marked 1 switch rules as full_case in process                                   
$proc$/var/tmp/pe-synth/pnr/pe16_row8_20ns_u90/pe16_row8.v:450$18 in module     
pe16_row8.                                                                      
Marked 1 switch rules as full_case in process                                   
$proc$/var/tmp/pe-synth/pnr/pe16_row8_20ns_u90/pe16_row8.v:438$17 in module     
pe16_row8.                                                                      
Removed a total of 0 dead cases.                                                
                                                                                
11. Executing PROC_PRUNE pass (remove redundant assignments in processes).      
Removed 16 redundant assignments.                                               
Promoted 0 assignments to connections.                                          
                                                                                
12. Executing PROC_INIT pass (extract init attributes).                         
                                                                                
13. Executing PROC_ARST pass (detect async resets in processes).                
                                                                                
14. Executing PROC_ROM pass (convert switches to ROMs).                         
Converted 0 switches.                                                           
<suppressed ~56 debug messages>                                                 
                                                                                
15. Executing PROC_MUX pass (convert decision trees to multiplexers).           
Creating decoders for process                                                   
`\pe16_row8.$proc$/var/tmp/pe-synth/pnr/pe16_row8_20ns_u90/pe16_row8.v:1027$183'
.                                                                               
     1/1: $0\_33[7:0]                                                           
Creating decoders for process                                                   
`\pe16_row8.$proc$/var/tmp/pe-synth/pnr/pe16_row8_20ns_u90/pe16_row8.v:1023$182'
.                                                                               
     1/1: $0\_30[7:0]                                                           
Creating decoders for process                                                   
`\pe16_row8.$proc$/var/tmp/pe-synth/pnr/pe16_row8_20ns_u90/pe16_row8.v:1019$181'
.                                                                               
     1/1: $0\_27[7:0]                                                           
Creating decoders for process                                                   
`\pe16_row8.$proc$/var/tmp/pe-synth/pnr/pe16_row8_20ns_u90/pe16_row8.v:1013$180'
.                                                                               
     1/1: $0\_100[15:0]                                                         
Creating decoders for process                                                   
`\pe16_row8.$proc$/var/tmp/pe-synth/pnr/pe16_row8_20ns_u90/pe16_row8.v:1004$179'
.                                                                               
     1/1: $0\_495[15:0]                                                         
Creating decoders for process                                                   
`\pe16_row8.$proc$/var/tmp/pe-synth/pnr/pe16_row8_20ns_u90/pe16_row8.v:992$178'.
     1/1: $0\_491[15:0]                                                         
Creating decoders for process                                                   
`\pe16_row8.$proc$/var/tmp/pe-synth/pnr/pe16_row8_20ns_u90/pe16_row8.v:947$160'.
     1/1: $0\_42[7:0]                                                           
Creating decoders for process                                                   
`\pe16_row8.$proc$/var/tmp/pe-synth/pnr/pe16_row8_20ns_u90/pe16_row8.v:943$159'.
     1/1: $0\_39[7:0]                                                           
Creating decoders for process                                                   
`\pe16_row8.$proc$/var/tmp/pe-synth/pnr/pe16_row8_20ns_u90/pe16_row8.v:939$158'.
     1/1: $0\_36[7:0]                                                           
Creating decoders for process                                                   
`\pe16_row8.$proc$/var/tmp/pe-synth/pnr/pe16_row8_20ns_u90/pe16_row8.v:933$157'.
     1/1: $0\_103[15:0]                                                         
Creating decoders for process                                                   
`\pe16_row8.$proc$/var/tmp/pe-synth/pnr/pe16_row8_20ns_u90/pe16_row8.v:925$156'.
     1/1: $0\_448[15:0]                                                         
Creating decoders for process                                                   
`\pe16_row8.$proc$/var/tmp/pe-synth/pnr/pe16_row8_20ns_u90/pe16_row8.v:913$155'.
     1/1: $0\_444[15:0]                                                         
Creating decoders for process                                                   
`\pe16_row8.$proc$/var/tmp/pe-synth/pnr/pe16_row8_20ns_u90/pe16_row8.v:868$137'.
     1/1: $0\_51[7:0]                                                           
Creating decoders for process                                                   
`\pe16_row8.$proc$/var/tmp/pe-synth/pnr/pe16_row8_20ns_u90/pe16_row8.v:864$136'.
     1/1: $0\_48[7:0]                                                           
Creating decoders for process                                                   
`\pe16_row8.$proc$/var/tmp/pe-synth/pnr/pe16_row8_20ns_u90/pe16_row8.v:860$135'.
     1/1: $0\_45[7:0]                                                           
Creating decoders for process                                                   
`\pe16_row8.$proc$/var/tmp/pe-synth/pnr/pe16_row8_20ns_u90/pe16_row8.v:854$134'.
     1/1: $0\_106[15:0]                                                         
Creating decoders for process                                                   
`\pe16_row8.$proc$/var/tmp/pe-synth/pnr/pe16_row8_20ns_u90/pe16_row8.v:846$133'.
     1/1: $0\_401[15:0]                                                         
Creating decoders for process                                                   
`\pe16_row8.$proc$/var/tmp/pe-synth/pnr/pe16_row8_20ns_u90/pe16_row8.v:834$132'.
     1/1: $0\_397[15:0]                                                         
Creating decoders for process                                                   
`\pe16_row8.$proc$/var/tmp/pe-synth/pnr/pe16_row8_20ns_u90/pe16_row8.v:789$114'.
     1/1: $0\_60[7:0]                                                           
Creating decoders for process                                                   
`\pe16_row8.$proc$/var/tmp/pe-synth/pnr/pe16_row8_20ns_u90/pe16_row8.v:785$113'.
     1/1: $0\_57[7:0]                                                           
Creating decoders for process                                                   
`\pe16_row8.$proc$/var/tmp/pe-synth/pnr/pe16_row8_20ns_u90/pe16_row8.v:781$112'.
     1/1: $0\_54[7:0]                                                           
Creating decoders for process                                                   
`\pe16_row8.$proc$/var/tmp/pe-synth/pnr/pe16_row8_20ns_u90/pe16_row8.v:775$111'.
     1/1: $0\_109[15:0]                                                         
Creating decoders for process                                                   
`\pe16_row8.$proc$/var/tmp/pe-synth/pnr/pe16_row8_20ns_u90/pe16_row8.v:767$110'.
     1/1: $0\_354[15:0]                                                         
Creating decoders for process                                                   
`\pe16_row8.$proc$/var/tmp/pe-synth/pnr/pe16_row8_20ns_u90/pe16_row8.v:755$109'.
     1/1: $0\_350[15:0]                                                         
Creating decoders for process                                                   
`\pe16_row8.$proc$/var/tmp/pe-synth/pnr/pe16_row8_20ns_u90/pe16_row8.v:710$91'. 
     1/1: $0\_69[7:0]                                                           
Creating decoders for process                                                   
`\pe16_row8.$proc$/var/tmp/pe-synth/pnr/pe16_row8_20ns_u90/pe16_row8.v:706$90'. 
     1/1: $0\_66[7:0]                                                           
Creating decoders for process                                                   
`\pe16_row8.$proc$/var/tmp/pe-synth/pnr/pe16_row8_20ns_u90/pe16_row8.v:702$89'. 
     1/1: $0\_63[7:0]                                                           
Creating decoders for process                                                   
`\pe16_row8.$proc$/var/tmp/pe-synth/pnr/pe16_row8_20ns_u90/pe16_row8.v:696$88'. 
     1/1: $0\_112[15:0]                                                         
Creating decoders for process                                                   
`\pe16_row8.$proc$/var/tmp/pe-synth/pnr/pe16_row8_20ns_u90/pe16_row8.v:688$87'. 
     1/1: $0\_307[15:0]                                                         
Creating decoders for process                                                   
`\pe16_row8.$proc$/var/tmp/pe-synth/pnr/pe16_row8_20ns_u90/pe16_row8.v:676$86'. 
     1/1: $0\_303[15:0]                                                         
Creating decoders for process                                                   
`\pe16_row8.$proc$/var/tmp/pe-synth/pnr/pe16_row8_20ns_u90/pe16_row8.v:631$68'. 
     1/1: $0\_78[7:0]                                                           
Creating decoders for process                                                   
`\pe16_row8.$proc$/var/tmp/pe-synth/pnr/pe16_row8_20ns_u90/pe16_row8.v:627$67'. 
     1/1: $0\_75[7:0]                                                           
Creating decoders for process                                                   
`\pe16_row8.$proc$/var/tmp/pe-synth/pnr/pe16_row8_20ns_u90/pe16_row8.v:623$66'. 
     1/1: $0\_72[7:0]                                                           
Creating decoders for process                                                   
`\pe16_row8.$proc$/var/tmp/pe-synth/pnr/pe16_row8_20ns_u90/pe16_row8.v:617$65'. 
     1/1: $0\_115[15:0]                                                         
Creating decoders for process                                                   
`\pe16_row8.$proc$/var/tmp/pe-synth/pnr/pe16_row8_20ns_u90/pe16_row8.v:609$64'. 
     1/1: $0\_260[15:0]                                                         
Creating decoders for process                                                   
`\pe16_row8.$proc$/var/tmp/pe-synth/pnr/pe16_row8_20ns_u90/pe16_row8.v:597$63'. 
     1/1: $0\_256[15:0]                                                         
Creating decoders for process                                                   
`\pe16_row8.$proc$/var/tmp/pe-synth/pnr/pe16_row8_20ns_u90/pe16_row8.v:552$45'. 
     1/1: $0\_87[7:0]                                                           
Creating decoders for process                                                   
`\pe16_row8.$proc$/var/tmp/pe-synth/pnr/pe16_row8_20ns_u90/pe16_row8.v:548$44'. 
     1/1: $0\_84[7:0]                                                           
Creating decoders for process                                                   
`\pe16_row8.$proc$/var/tmp/pe-synth/pnr/pe16_row8_20ns_u90/pe16_row8.v:544$43'. 
     1/1: $0\_81[7:0]                                                           
Creating decoders for process                                                   
`\pe16_row8.$proc$/var/tmp/pe-synth/pnr/pe16_row8_20ns_u90/pe16_row8.v:538$42'. 
     1/1: $0\_118[15:0]                                                         
Creating decoders for process                                                   
`\pe16_row8.$proc$/var/tmp/pe-synth/pnr/pe16_row8_20ns_u90/pe16_row8.v:530$41'. 
     1/1: $0\_213[15:0]                                                         
Creating decoders for process                                                   
`\pe16_row8.$proc$/var/tmp/pe-synth/pnr/pe16_row8_20ns_u90/pe16_row8.v:518$40'. 
     1/1: $0\_209[15:0]                                                         
Creating decoders for process                                                   
`\pe16_row8.$proc$/var/tmp/pe-synth/pnr/pe16_row8_20ns_u90/pe16_row8.v:473$22'. 
     1/1: $0\_96[7:0]                                                           
Creating decoders for process                                                   
`\pe16_row8.$proc$/var/tmp/pe-synth/pnr/pe16_row8_20ns_u90/pe16_row8.v:469$21'. 
     1/1: $0\_93[7:0]                                                           
Creating decoders for process                                                   
`\pe16_row8.$proc$/var/tmp/pe-synth/pnr/pe16_row8_20ns_u90/pe16_row8.v:465$20'. 
     1/1: $0\_90[7:0]                                                           
Creating decoders for process                                                   
`\pe16_row8.$proc$/var/tmp/pe-synth/pnr/pe16_row8_20ns_u90/pe16_row8.v:458$19'. 
     1/1: $0\_121[15:0]                                                         
Creating decoders for process                                                   
`\pe16_row8.$proc$/var/tmp/pe-synth/pnr/pe16_row8_20ns_u90/pe16_row8.v:450$18'. 
     1/1: $0\_166[15:0]                                                         
Creating decoders for process                                                   
`\pe16_row8.$proc$/var/tmp/pe-synth/pnr/pe16_row8_20ns_u90/pe16_row8.v:438$17'. 
     1/1: $0\_162[15:0]                                                         
                                                                                
16. Executing PROC_DLATCH pass (convert process syncs to latches).              
No latch inferred for signal `\pe16_row8.\_491' from process                    
`\pe16_row8.$proc$/var/tmp/pe-synth/pnr/pe16_row8_20ns_u90/pe16_row8.v:992$178'.
No latch inferred for signal `\pe16_row8.\_444' from process                    
`\pe16_row8.$proc$/var/tmp/pe-synth/pnr/pe16_row8_20ns_u90/pe16_row8.v:913$155'.
No latch inferred for signal `\pe16_row8.\_397' from process                    
`\pe16_row8.$proc$/var/tmp/pe-synth/pnr/pe16_row8_20ns_u90/pe16_row8.v:834$132'.
No latch inferred for signal `\pe16_row8.\_350' from process                    
`\pe16_row8.$proc$/var/tmp/pe-synth/pnr/pe16_row8_20ns_u90/pe16_row8.v:755$109'.
No latch inferred for signal `\pe16_row8.\_303' from process                    
`\pe16_row8.$proc$/var/tmp/pe-synth/pnr/pe16_row8_20ns_u90/pe16_row8.v:676$86'. 
No latch inferred for signal `\pe16_row8.\_256' from process                    
`\pe16_row8.$proc$/var/tmp/pe-synth/pnr/pe16_row8_20ns_u90/pe16_row8.v:597$63'. 
No latch inferred for signal `\pe16_row8.\_209' from process                    
`\pe16_row8.$proc$/var/tmp/pe-synth/pnr/pe16_row8_20ns_u90/pe16_row8.v:518$40'. 
No latch inferred for signal `\pe16_row8.\_162' from process                    
`\pe16_row8.$proc$/var/tmp/pe-synth/pnr/pe16_row8_20ns_u90/pe16_row8.v:438$17'. 
                                                                                
17. Executing PROC_DFF pass (convert process syncs to FFs).                     
Creating register for signal `\pe16_row8.\_33' using process                    
`\pe16_row8.$proc$/var/tmp/pe-synth/pnr/pe16_row8_20ns_u90/pe16_row8.v:1027$183'
.                                                                               
  created $dff cell `$procdff$337' with positive edge clock.                    
Creating register for signal `\pe16_row8.\_30' using process                    
`\pe16_row8.$proc$/var/tmp/pe-synth/pnr/pe16_row8_20ns_u90/pe16_row8.v:1023$182'
.                                                                               
  created $dff cell `$procdff$338' with positive edge clock.                    
Creating register for signal `\pe16_row8.\_27' using process                    
`\pe16_row8.$proc$/var/tmp/pe-synth/pnr/pe16_row8_20ns_u90/pe16_row8.v:1019$181'
.                                                                               
  created $dff cell `$procdff$339' with positive edge clock.                    
Creating register for signal `\pe16_row8.\_100' using process                   
`\pe16_row8.$proc$/var/tmp/pe-synth/pnr/pe16_row8_20ns_u90/pe16_row8.v:1013$180'
.                                                                               
  created $dff cell `$procdff$340' with positive edge clock.                    
Creating register for signal `\pe16_row8.\_495' using process                   
`\pe16_row8.$proc$/var/tmp/pe-synth/pnr/pe16_row8_20ns_u90/pe16_row8.v:1004$179'
.                                                                               
  created $dff cell `$procdff$341' with positive edge clock.                    
Creating register for signal `\pe16_row8.\_42' using process                    
`\pe16_row8.$proc$/var/tmp/pe-synth/pnr/pe16_row8_20ns_u90/pe16_row8.v:947$160'.
  created $dff cell `$procdff$342' with positive edge clock.                    
Creating register for signal `\pe16_row8.\_39' using process                    
`\pe16_row8.$proc$/var/tmp/pe-synth/pnr/pe16_row8_20ns_u90/pe16_row8.v:943$159'.
  created $dff cell `$procdff$343' with positive edge clock.                    
Creating register for signal `\pe16_row8.\_36' using process                    
`\pe16_row8.$proc$/var/tmp/pe-synth/pnr/pe16_row8_20ns_u90/pe16_row8.v:939$158'.
  created $dff cell `$procdff$344' with positive edge clock.                    
Creating register for signal `\pe16_row8.\_103' using process                   
`\pe16_row8.$proc$/var/tmp/pe-synth/pnr/pe16_row8_20ns_u90/pe16_row8.v:933$157'.
  created $dff cell `$procdff$345' with positive edge clock.                    
Creating register for signal `\pe16_row8.\_448' using process                   
`\pe16_row8.$proc$/var/tmp/pe-synth/pnr/pe16_row8_20ns_u90/pe16_row8.v:925$156'.
  created $dff cell `$procdff$346' with positive edge clock.                    
Creating register for signal `\pe16_row8.\_51' using process                    
`\pe16_row8.$proc$/var/tmp/pe-synth/pnr/pe16_row8_20ns_u90/pe16_row8.v:868$137'.
  created $dff cell `$procdff$347' with positive edge clock.                    
Creating register for signal `\pe16_row8.\_48' using process                    
`\pe16_row8.$proc$/var/tmp/pe-synth/pnr/pe16_row8_20ns_u90/pe16_row8.v:864$136'.
  created $dff cell `$procdff$348' with positive edge clock.                    
Creating register for signal `\pe16_row8.\_45' using process                    
`\pe16_row8.$proc$/var/tmp/pe-synth/pnr/pe16_row8_20ns_u90/pe16_row8.v:860$135'.
  created $dff cell `$procdff$349' with positive edge clock.                    
Creating register for signal `\pe16_row8.\_106' using process                   
`\pe16_row8.$proc$/var/tmp/pe-synth/pnr/pe16_row8_20ns_u90/pe16_row8.v:854$134'.
  created $dff cell `$procdff$350' with positive edge clock.                    
Creating register for signal `\pe16_row8.\_401' using process                   
`\pe16_row8.$proc$/var/tmp/pe-synth/pnr/pe16_row8_20ns_u90/pe16_row8.v:846$133'.
  created $dff cell `$procdff$351' with positive edge clock.                    
Creating register for signal `\pe16_row8.\_60' using process                    
`\pe16_row8.$proc$/var/tmp/pe-synth/pnr/pe16_row8_20ns_u90/pe16_row8.v:789$114'.
  created $dff cell `$procdff$352' with positive edge clock.                    
Creating register for signal `\pe16_row8.\_57' using process                    
`\pe16_row8.$proc$/var/tmp/pe-synth/pnr/pe16_row8_20ns_u90/pe16_row8.v:785$113'.
  created $dff cell `$procdff$353' with positive edge clock.                    
Creating register for signal `\pe16_row8.\_54' using process                    
`\pe16_row8.$proc$/var/tmp/pe-synth/pnr/pe16_row8_20ns_u90/pe16_row8.v:781$112'.
  created $dff cell `$procdff$354' with positive edge clock.                    
Creating register for signal `\pe16_row8.\_109' using process                   
`\pe16_row8.$proc$/var/tmp/pe-synth/pnr/pe16_row8_20ns_u90/pe16_row8.v:775$111'.
  created $dff cell `$procdff$355' with positive edge clock.                    
Creating register for signal `\pe16_row8.\_354' using process                   
`\pe16_row8.$proc$/var/tmp/pe-synth/pnr/pe16_row8_20ns_u90/pe16_row8.v:767$110'.
  created $dff cell `$procdff$356' with positive edge clock.                    
Creating register for signal `\pe16_row8.\_69' using process                    
`\pe16_row8.$proc$/var/tmp/pe-synth/pnr/pe16_row8_20ns_u90/pe16_row8.v:710$91'. 
  created $dff cell `$procdff$357' with positive edge clock.                    
Creating register for signal `\pe16_row8.\_66' using process                    
`\pe16_row8.$proc$/var/tmp/pe-synth/pnr/pe16_row8_20ns_u90/pe16_row8.v:706$90'. 
  created $dff cell `$procdff$358' with positive edge clock.                    
Creating register for signal `\pe16_row8.\_63' using process                    
`\pe16_row8.$proc$/var/tmp/pe-synth/pnr/pe16_row8_20ns_u90/pe16_row8.v:702$89'. 
  created $dff cell `$procdff$359' with positive edge clock.                    
Creating register for signal `\pe16_row8.\_112' using process                   
`\pe16_row8.$proc$/var/tmp/pe-synth/pnr/pe16_row8_20ns_u90/pe16_row8.v:696$88'. 
  created $dff cell `$procdff$360' with positive edge clock.                    
Creating register for signal `\pe16_row8.\_307' using process                   
`\pe16_row8.$proc$/var/tmp/pe-synth/pnr/pe16_row8_20ns_u90/pe16_row8.v:688$87'. 
  created $dff cell `$procdff$361' with positive edge clock.                    
Creating register for signal `\pe16_row8.\_78' using process                    
`\pe16_row8.$proc$/var/tmp/pe-synth/pnr/pe16_row8_20ns_u90/pe16_row8.v:631$68'. 
  created $dff cell `$procdff$362' with positive edge clock.                    
Creating register for signal `\pe16_row8.\_75' using process                    
`\pe16_row8.$proc$/var/tmp/pe-synth/pnr/pe16_row8_20ns_u90/pe16_row8.v:627$67'. 
  created $dff cell `$procdff$363' with positive edge clock.                    
Creating register for signal `\pe16_row8.\_72' using process                    
`\pe16_row8.$proc$/var/tmp/pe-synth/pnr/pe16_row8_20ns_u90/pe16_row8.v:623$66'. 
  created $dff cell `$procdff$364' with positive edge clock.                    
Creating register for signal `\pe16_row8.\_115' using process                   
`\pe16_row8.$proc$/var/tmp/pe-synth/pnr/pe16_row8_20ns_u90/pe16_row8.v:617$65'. 
  created $dff cell `$procdff$365' with positive edge clock.                    
Creating register for signal `\pe16_row8.\_260' using process                   
`\pe16_row8.$proc$/var/tmp/pe-synth/pnr/pe16_row8_20ns_u90/pe16_row8.v:609$64'. 
  created $dff cell `$procdff$366' with positive edge clock.                    
Creating register for signal `\pe16_row8.\_87' using process                    
`\pe16_row8.$proc$/var/tmp/pe-synth/pnr/pe16_row8_20ns_u90/pe16_row8.v:552$45'. 
  created $dff cell `$procdff$367' with positive edge clock.                    
Creating register for signal `\pe16_row8.\_84' using process                    
`\pe16_row8.$proc$/var/tmp/pe-synth/pnr/pe16_row8_20ns_u90/pe16_row8.v:548$44'. 
  created $dff cell `$procdff$368' with positive edge clock.                    
Creating register for signal `\pe16_row8.\_81' using process                    
`\pe16_row8.$proc$/var/tmp/pe-synth/pnr/pe16_row8_20ns_u90/pe16_row8.v:544$43'. 
  created $dff cell `$procdff$369' with positive edge clock.                    
Creating register for signal `\pe16_row8.\_118' using process                   
`\pe16_row8.$proc$/var/tmp/pe-synth/pnr/pe16_row8_20ns_u90/pe16_row8.v:538$42'. 
  created $dff cell `$procdff$370' with positive edge clock.                    
Creating register for signal `\pe16_row8.\_213' using process                   
`\pe16_row8.$proc$/var/tmp/pe-synth/pnr/pe16_row8_20ns_u90/pe16_row8.v:530$41'. 
  created $dff cell `$procdff$371' with positive edge clock.                    
Creating register for signal `\pe16_row8.\_96' using process                    
`\pe16_row8.$proc$/var/tmp/pe-synth/pnr/pe16_row8_20ns_u90/pe16_row8.v:473$22'. 
  created $dff cell `$procdff$372' with positive edge clock.                    
Creating register for signal `\pe16_row8.\_93' using process                    
`\pe16_row8.$proc$/var/tmp/pe-synth/pnr/pe16_row8_20ns_u90/pe16_row8.v:469$21'. 
  created $dff cell `$procdff$373' with positive edge clock.                    
Creating register for signal `\pe16_row8.\_90' using process                    
`\pe16_row8.$proc$/var/tmp/pe-synth/pnr/pe16_row8_20ns_u90/pe16_row8.v:465$20'. 
  created $dff cell `$procdff$374' with positive edge clock.                    
Creating register for signal `\pe16_row8.\_121' using process                   
`\pe16_row8.$proc$/var/tmp/pe-synth/pnr/pe16_row8_20ns_u90/pe16_row8.v:458$19'. 
  created $dff cell `$procdff$375' with positive edge clock.                    
Creating register for signal `\pe16_row8.\_166' using process                   
`\pe16_row8.$proc$/var/tmp/pe-synth/pnr/pe16_row8_20ns_u90/pe16_row8.v:450$18'. 
  created $dff cell `$procdff$376' with positive edge clock.                    
                                                                                
18. Executing PROC_MEMWR pass (convert process memory writes to cells).         
                                                                                
19. Executing PROC_CLEAN pass (remove empty switches from decision trees).      
Found and cleaned up 1 empty switch in                                          
`\pe16_row8.$proc$/var/tmp/pe-synth/pnr/pe16_row8_20ns_u90/pe16_row8.v:1027$183'
.                                                                               
Removing empty process                                                          
`pe16_row8.$proc$/var/tmp/pe-synth/pnr/pe16_row8_20ns_u90/pe16_row8.v:1027$183'.
Found and cleaned up 1 empty switch in                                          
`\pe16_row8.$proc$/var/tmp/pe-synth/pnr/pe16_row8_20ns_u90/pe16_row8.v:1023$182'
.                                                                               
Removing empty process                                                          
`pe16_row8.$proc$/var/tmp/pe-synth/pnr/pe16_row8_20ns_u90/pe16_row8.v:1023$182'.
Found and cleaned up 1 empty switch in                                          
`\pe16_row8.$proc$/var/tmp/pe-synth/pnr/pe16_row8_20ns_u90/pe16_row8.v:1019$181'
.                                                                               
Removing empty process                                                          
`pe16_row8.$proc$/var/tmp/pe-synth/pnr/pe16_row8_20ns_u90/pe16_row8.v:1019$181'.
Found and cleaned up 1 empty switch in                                          
`\pe16_row8.$proc$/var/tmp/pe-synth/pnr/pe16_row8_20ns_u90/pe16_row8.v:1013$180'
.                                                                               
Removing empty process                                                          
`pe16_row8.$proc$/var/tmp/pe-synth/pnr/pe16_row8_20ns_u90/pe16_row8.v:1013$180'.
Found and cleaned up 2 empty switches in                                        
`\pe16_row8.$proc$/var/tmp/pe-synth/pnr/pe16_row8_20ns_u90/pe16_row8.v:1004$179'
.                                                                               
Removing empty process                                                          
`pe16_row8.$proc$/var/tmp/pe-synth/pnr/pe16_row8_20ns_u90/pe16_row8.v:1004$179'.
Found and cleaned up 1 empty switch in                                          
`\pe16_row8.$proc$/var/tmp/pe-synth/pnr/pe16_row8_20ns_u90/pe16_row8.v:992$178'.
Removing empty process                                                          
`pe16_row8.$proc$/var/tmp/pe-synth/pnr/pe16_row8_20ns_u90/pe16_row8.v:992$178'. 
Found and cleaned up 1 empty switch in                                          
`\pe16_row8.$proc$/var/tmp/pe-synth/pnr/pe16_row8_20ns_u90/pe16_row8.v:947$160'.
Removing empty process                                                          
`pe16_row8.$proc$/var/tmp/pe-synth/pnr/pe16_row8_20ns_u90/pe16_row8.v:947$160'. 
Found and cleaned up 1 empty switch in                                          
`\pe16_row8.$proc$/var/tmp/pe-synth/pnr/pe16_row8_20ns_u90/pe16_row8.v:943$159'.
Removing empty process                                                          
`pe16_row8.$proc$/var/tmp/pe-synth/pnr/pe16_row8_20ns_u90/pe16_row8.v:943$159'. 
Found and cleaned up 1 empty switch in                                          
`\pe16_row8.$proc$/var/tmp/pe-synth/pnr/pe16_row8_20ns_u90/pe16_row8.v:939$158'.
Removing empty process                                                          
`pe16_row8.$proc$/var/tmp/pe-synth/pnr/pe16_row8_20ns_u90/pe16_row8.v:939$158'. 
Found and cleaned up 1 empty switch in                                          
`\pe16_row8.$proc$/var/tmp/pe-synth/pnr/pe16_row8_20ns_u90/pe16_row8.v:933$157'.
Removing empty process                                                          
`pe16_row8.$proc$/var/tmp/pe-synth/pnr/pe16_row8_20ns_u90/pe16_row8.v:933$157'. 
Found and cleaned up 2 empty switches in                                        
`\pe16_row8.$proc$/var/tmp/pe-synth/pnr/pe16_row8_20ns_u90/pe16_row8.v:925$156'.
Removing empty process                                                          
`pe16_row8.$proc$/var/tmp/pe-synth/pnr/pe16_row8_20ns_u90/pe16_row8.v:925$156'. 
Found and cleaned up 1 empty switch in                                          
`\pe16_row8.$proc$/var/tmp/pe-synth/pnr/pe16_row8_20ns_u90/pe16_row8.v:913$155'.
Removing empty process                                                          
`pe16_row8.$proc$/var/tmp/pe-synth/pnr/pe16_row8_20ns_u90/pe16_row8.v:913$155'. 
Found and cleaned up 1 empty switch in                                          
`\pe16_row8.$proc$/var/tmp/pe-synth/pnr/pe16_row8_20ns_u90/pe16_row8.v:868$137'.
Removing empty process                                                          
`pe16_row8.$proc$/var/tmp/pe-synth/pnr/pe16_row8_20ns_u90/pe16_row8.v:868$137'. 
Found and cleaned up 1 empty switch in                                          
`\pe16_row8.$proc$/var/tmp/pe-synth/pnr/pe16_row8_20ns_u90/pe16_row8.v:864$136'.
Removing empty process                                                          
`pe16_row8.$proc$/var/tmp/pe-synth/pnr/pe16_row8_20ns_u90/pe16_row8.v:864$136'. 
Found and cleaned up 1 empty switch in                                          
`\pe16_row8.$proc$/var/tmp/pe-synth/pnr/pe16_row8_20ns_u90/pe16_row8.v:860$135'.
Removing empty process                                                          
`pe16_row8.$proc$/var/tmp/pe-synth/pnr/pe16_row8_20ns_u90/pe16_row8.v:860$135'. 
Found and cleaned up 1 empty switch in                                          
`\pe16_row8.$proc$/var/tmp/pe-synth/pnr/pe16_row8_20ns_u90/pe16_row8.v:854$134'.
Removing empty process                                                          
`pe16_row8.$proc$/var/tmp/pe-synth/pnr/pe16_row8_20ns_u90/pe16_row8.v:854$134'. 
Found and cleaned up 2 empty switches in                                        
`\pe16_row8.$proc$/var/tmp/pe-synth/pnr/pe16_row8_20ns_u90/pe16_row8.v:846$133'.
Removing empty process                                                          
`pe16_row8.$proc$/var/tmp/pe-synth/pnr/pe16_row8_20ns_u90/pe16_row8.v:846$133'. 
Found and cleaned up 1 empty switch in                                          
`\pe16_row8.$proc$/var/tmp/pe-synth/pnr/pe16_row8_20ns_u90/pe16_row8.v:834$132'.
Removing empty process                                                          
`pe16_row8.$proc$/var/tmp/pe-synth/pnr/pe16_row8_20ns_u90/pe16_row8.v:834$132'. 
Found and cleaned up 1 empty switch in                                          
`\pe16_row8.$proc$/var/tmp/pe-synth/pnr/pe16_row8_20ns_u90/pe16_row8.v:789$114'.
Removing empty process                                                          
`pe16_row8.$proc$/var/tmp/pe-synth/pnr/pe16_row8_20ns_u90/pe16_row8.v:789$114'. 
Found and cleaned up 1 empty switch in                                          
`\pe16_row8.$proc$/var/tmp/pe-synth/pnr/pe16_row8_20ns_u90/pe16_row8.v:785$113'.
Removing empty process                                                          
`pe16_row8.$proc$/var/tmp/pe-synth/pnr/pe16_row8_20ns_u90/pe16_row8.v:785$113'. 
Found and cleaned up 1 empty switch in                                          
`\pe16_row8.$proc$/var/tmp/pe-synth/pnr/pe16_row8_20ns_u90/pe16_row8.v:781$112'.
Removing empty process                                                          
`pe16_row8.$proc$/var/tmp/pe-synth/pnr/pe16_row8_20ns_u90/pe16_row8.v:781$112'. 
Found and cleaned up 1 empty switch in                                          
`\pe16_row8.$proc$/var/tmp/pe-synth/pnr/pe16_row8_20ns_u90/pe16_row8.v:775$111'.
Removing empty process                                                          
`pe16_row8.$proc$/var/tmp/pe-synth/pnr/pe16_row8_20ns_u90/pe16_row8.v:775$111'. 
Found and cleaned up 2 empty switches in                                        
`\pe16_row8.$proc$/var/tmp/pe-synth/pnr/pe16_row8_20ns_u90/pe16_row8.v:767$110'.
Removing empty process                                                          
`pe16_row8.$proc$/var/tmp/pe-synth/pnr/pe16_row8_20ns_u90/pe16_row8.v:767$110'. 
Found and cleaned up 1 empty switch in                                          
`\pe16_row8.$proc$/var/tmp/pe-synth/pnr/pe16_row8_20ns_u90/pe16_row8.v:755$109'.
Removing empty process                                                          
`pe16_row8.$proc$/var/tmp/pe-synth/pnr/pe16_row8_20ns_u90/pe16_row8.v:755$109'. 
Found and cleaned up 1 empty switch in                                          
`\pe16_row8.$proc$/var/tmp/pe-synth/pnr/pe16_row8_20ns_u90/pe16_row8.v:710$91'. 
Removing empty process                                                          
`pe16_row8.$proc$/var/tmp/pe-synth/pnr/pe16_row8_20ns_u90/pe16_row8.v:710$91'.  
Found and cleaned up 1 empty switch in                                          
`\pe16_row8.$proc$/var/tmp/pe-synth/pnr/pe16_row8_20ns_u90/pe16_row8.v:706$90'. 
Removing empty process                                                          
`pe16_row8.$proc$/var/tmp/pe-synth/pnr/pe16_row8_20ns_u90/pe16_row8.v:706$90'.  
Found and cleaned up 1 empty switch in                                          
`\pe16_row8.$proc$/var/tmp/pe-synth/pnr/pe16_row8_20ns_u90/pe16_row8.v:702$89'. 
Removing empty process                                                          
`pe16_row8.$proc$/var/tmp/pe-synth/pnr/pe16_row8_20ns_u90/pe16_row8.v:702$89'.  
Found and cleaned up 1 empty switch in                                          
`\pe16_row8.$proc$/var/tmp/pe-synth/pnr/pe16_row8_20ns_u90/pe16_row8.v:696$88'. 
Removing empty process                                                          
`pe16_row8.$proc$/var/tmp/pe-synth/pnr/pe16_row8_20ns_u90/pe16_row8.v:696$88'.  
Found and cleaned up 2 empty switches in                                        
`\pe16_row8.$proc$/var/tmp/pe-synth/pnr/pe16_row8_20ns_u90/pe16_row8.v:688$87'. 
Removing empty process                                                          
`pe16_row8.$proc$/var/tmp/pe-synth/pnr/pe16_row8_20ns_u90/pe16_row8.v:688$87'.  
Found and cleaned up 1 empty switch in                                          
`\pe16_row8.$proc$/var/tmp/pe-synth/pnr/pe16_row8_20ns_u90/pe16_row8.v:676$86'. 
Removing empty process                                                          
`pe16_row8.$proc$/var/tmp/pe-synth/pnr/pe16_row8_20ns_u90/pe16_row8.v:676$86'.  
Found and cleaned up 1 empty switch in                                          
`\pe16_row8.$proc$/var/tmp/pe-synth/pnr/pe16_row8_20ns_u90/pe16_row8.v:631$68'. 
Removing empty process                                                          
`pe16_row8.$proc$/var/tmp/pe-synth/pnr/pe16_row8_20ns_u90/pe16_row8.v:631$68'.  
Found and cleaned up 1 empty switch in                                          
`\pe16_row8.$proc$/var/tmp/pe-synth/pnr/pe16_row8_20ns_u90/pe16_row8.v:627$67'. 
Removing empty process                                                          
`pe16_row8.$proc$/var/tmp/pe-synth/pnr/pe16_row8_20ns_u90/pe16_row8.v:627$67'.  
Found and cleaned up 1 empty switch in                                          
`\pe16_row8.$proc$/var/tmp/pe-synth/pnr/pe16_row8_20ns_u90/pe16_row8.v:623$66'. 
Removing empty process                                                          
`pe16_row8.$proc$/var/tmp/pe-synth/pnr/pe16_row8_20ns_u90/pe16_row8.v:623$66'.  
Found and cleaned up 1 empty switch in                                          
`\pe16_row8.$proc$/var/tmp/pe-synth/pnr/pe16_row8_20ns_u90/pe16_row8.v:617$65'. 
Removing empty process                                                          
`pe16_row8.$proc$/var/tmp/pe-synth/pnr/pe16_row8_20ns_u90/pe16_row8.v:617$65'.  
Found and cleaned up 2 empty switches in                                        
`\pe16_row8.$proc$/var/tmp/pe-synth/pnr/pe16_row8_20ns_u90/pe16_row8.v:609$64'. 
Removing empty process                                                          
`pe16_row8.$proc$/var/tmp/pe-synth/pnr/pe16_row8_20ns_u90/pe16_row8.v:609$64'.  
Found and cleaned up 1 empty switch in                                          
`\pe16_row8.$proc$/var/tmp/pe-synth/pnr/pe16_row8_20ns_u90/pe16_row8.v:597$63'. 
Removing empty process                                                          
`pe16_row8.$proc$/var/tmp/pe-synth/pnr/pe16_row8_20ns_u90/pe16_row8.v:597$63'.  
Found and cleaned up 1 empty switch in                                          
`\pe16_row8.$proc$/var/tmp/pe-synth/pnr/pe16_row8_20ns_u90/pe16_row8.v:552$45'. 
Removing empty process                                                          
`pe16_row8.$proc$/var/tmp/pe-synth/pnr/pe16_row8_20ns_u90/pe16_row8.v:552$45'.  
Found and cleaned up 1 empty switch in                                          
`\pe16_row8.$proc$/var/tmp/pe-synth/pnr/pe16_row8_20ns_u90/pe16_row8.v:548$44'. 
Removing empty process                                                          
`pe16_row8.$proc$/var/tmp/pe-synth/pnr/pe16_row8_20ns_u90/pe16_row8.v:548$44'.  
Found and cleaned up 1 empty switch in                                          
`\pe16_row8.$proc$/var/tmp/pe-synth/pnr/pe16_row8_20ns_u90/pe16_row8.v:544$43'. 
Removing empty process                                                          
`pe16_row8.$proc$/var/tmp/pe-synth/pnr/pe16_row8_20ns_u90/pe16_row8.v:544$43'.  
Found and cleaned up 1 empty switch in                                          
`\pe16_row8.$proc$/var/tmp/pe-synth/pnr/pe16_row8_20ns_u90/pe16_row8.v:538$42'. 
Removing empty process                                                          
`pe16_row8.$proc$/var/tmp/pe-synth/pnr/pe16_row8_20ns_u90/pe16_row8.v:538$42'.  
Found and cleaned up 2 empty switches in                                        
`\pe16_row8.$proc$/var/tmp/pe-synth/pnr/pe16_row8_20ns_u90/pe16_row8.v:530$41'. 
Removing empty process                                                          
`pe16_row8.$proc$/var/tmp/pe-synth/pnr/pe16_row8_20ns_u90/pe16_row8.v:530$41'.  
Found and cleaned up 1 empty switch in                                          
`\pe16_row8.$proc$/var/tmp/pe-synth/pnr/pe16_row8_20ns_u90/pe16_row8.v:518$40'. 
Removing empty process                                                          
`pe16_row8.$proc$/var/tmp/pe-synth/pnr/pe16_row8_20ns_u90/pe16_row8.v:518$40'.  
Found and cleaned up 1 empty switch in                                          
`\pe16_row8.$proc$/var/tmp/pe-synth/pnr/pe16_row8_20ns_u90/pe16_row8.v:473$22'. 
Removing empty process                                                          
`pe16_row8.$proc$/var/tmp/pe-synth/pnr/pe16_row8_20ns_u90/pe16_row8.v:473$22'.  
Found and cleaned up 1 empty switch in                                          
`\pe16_row8.$proc$/var/tmp/pe-synth/pnr/pe16_row8_20ns_u90/pe16_row8.v:469$21'. 
Removing empty process                                                          
`pe16_row8.$proc$/var/tmp/pe-synth/pnr/pe16_row8_20ns_u90/pe16_row8.v:469$21'.  
Found and cleaned up 1 empty switch in                                          
`\pe16_row8.$proc$/var/tmp/pe-synth/pnr/pe16_row8_20ns_u90/pe16_row8.v:465$20'. 
Removing empty process                                                          
`pe16_row8.$proc$/var/tmp/pe-synth/pnr/pe16_row8_20ns_u90/pe16_row8.v:465$20'.  
Found and cleaned up 1 empty switch in                                          
`\pe16_row8.$proc$/var/tmp/pe-synth/pnr/pe16_row8_20ns_u90/pe16_row8.v:458$19'. 
Removing empty process                                                          
`pe16_row8.$proc$/var/tmp/pe-synth/pnr/pe16_row8_20ns_u90/pe16_row8.v:458$19'.  
Found and cleaned up 2 empty switches in                                        
`\pe16_row8.$proc$/var/tmp/pe-synth/pnr/pe16_row8_20ns_u90/pe16_row8.v:450$18'. 
Removing empty process                                                          
`pe16_row8.$proc$/var/tmp/pe-synth/pnr/pe16_row8_20ns_u90/pe16_row8.v:450$18'.  
Found and cleaned up 1 empty switch in                                          
`\pe16_row8.$proc$/var/tmp/pe-synth/pnr/pe16_row8_20ns_u90/pe16_row8.v:438$17'. 
Removing empty process                                                          
`pe16_row8.$proc$/var/tmp/pe-synth/pnr/pe16_row8_20ns_u90/pe16_row8.v:438$17'.  
Cleaned up 56 empty switches.                                                   
                                                                                
20. Executing CHECK pass (checking for obvious problems).                       
Checking module pe16_row8...                                                    
Found and reported 0 problems.                                                  
                                                                                
21. Executing OPT_EXPR pass (perform const folding).                            
Optimizing module pe16_row8.                                                    
<suppressed ~16 debug messages>                                                 
                                                                                
22. Executing FLATTEN pass (flatten design).                                    
                                                                                
23. Executing OPT_EXPR pass (perform const folding).                            
Optimizing module pe16_row8.                                                    
                                                                                
24. Executing OPT_CLEAN pass (remove unused cells and wires).                   
Finding unused cells or wires in module \pe16_row8..                            
Removed 0 unused cells and 240 unused wires.                                    
<suppressed ~1 debug messages>                                                  
                                                                                
25. Executing OPT_EXPR pass (perform const folding).                            
Optimizing module pe16_row8.                                                    
                                                                                
26. Executing OPT_MERGE pass (detect identical cells).                          
Finding identical cells in module `\pe16_row8'.                                 
Computing hashes of 256 cells of `\pe16_row8'.                                  
Finding duplicate cells in `\pe16_row8'.                                        
Computing hashes of 240 cells of `\pe16_row8'.                                  
Finding duplicate cells in `\pe16_row8'.                                        
<suppressed ~48 debug messages>                                                 
Removed a total of 16 cells.                                                    
                                                                                
27. Executing OPT_MUXTREE pass (detect dead branches in mux trees).             
Running muxtree optimizer on module \pe16_row8..                                
  Creating internal representation of mux trees.                                
  Evaluating internal representation of mux trees.                              
  Analyzing evaluation results.                                                 
Removed 0 multiplexer ports.                                                    
<suppressed ~208 debug messages>                                                
                                                                                
28. Executing OPT_REDUCE pass (consolidate $*mux and $reduce_* inputs).         
  Optimizing cells in module \pe16_row8.                                        
Performed a total of 0 changes.                                                 
                                                                                
29. Executing OPT_MERGE pass (detect identical cells).                          
Finding identical cells in module `\pe16_row8'.                                 
Computing hashes of 240 cells of `\pe16_row8'.                                  
Finding duplicate cells in `\pe16_row8'.                                        
Computing hashes of 232 cells of `\pe16_row8'.                                  
Finding duplicate cells in `\pe16_row8'.                                        
Computing hashes of 224 cells of `\pe16_row8'.                                  
Finding duplicate cells in `\pe16_row8'.                                        
<suppressed ~48 debug messages>                                                 
Removed a total of 16 cells.                                                    
                                                                                
30. Executing OPT_DFF pass (perform DFF optimizations).                         
                                                                                
31. Executing OPT_CLEAN pass (remove unused cells and wires).                   
Finding unused cells or wires in module \pe16_row8..                            
Removed 0 unused cells and 8 unused wires.                                      
<suppressed ~1 debug messages>                                                  
                                                                                
32. Executing OPT_EXPR pass (perform const folding).                            
Optimizing module pe16_row8.                                                    
                                                                                
33. Rerunning OPT passes. (Maybe there is more to do…)                          
                                                                                
34. Executing OPT_MUXTREE pass (detect dead branches in mux trees).             
Running muxtree optimizer on module \pe16_row8..                                
  Creating internal representation of mux trees.                                
  Evaluating internal representation of mux trees.                              
  Analyzing evaluation results.                                                 
Removed 0 multiplexer ports.                                                    
<suppressed ~208 debug messages>                                                
                                                                                
35. Executing OPT_REDUCE pass (consolidate $*mux and $reduce_* inputs).         
  Optimizing cells in module \pe16_row8.                                        
    New ctrl vector for $pmux cell $procmux$200: {                              
$auto$opt_reduce.cc:137:opt_pmux$378 $procmux$201_CMP }                         
    New ctrl vector for $pmux cell $procmux$219: {                              
$auto$opt_reduce.cc:137:opt_pmux$380 $procmux$220_CMP }                         
    New ctrl vector for $pmux cell $procmux$238: {                              
$auto$opt_reduce.cc:137:opt_pmux$382 $procmux$239_CMP }                         
    New ctrl vector for $pmux cell $procmux$257: {                              
$auto$opt_reduce.cc:137:opt_pmux$384 $procmux$258_CMP }                         
    New ctrl vector for $pmux cell $procmux$276: {                              
$auto$opt_reduce.cc:137:opt_pmux$386 $procmux$277_CMP }                         
    New ctrl vector for $pmux cell $procmux$295: {                              
$auto$opt_reduce.cc:137:opt_pmux$388 $procmux$296_CMP }                         
    New ctrl vector for $pmux cell $procmux$314: {                              
$auto$opt_reduce.cc:137:opt_pmux$390 $procmux$315_CMP }                         
    New ctrl vector for $pmux cell $procmux$333: {                              
$auto$opt_reduce.cc:137:opt_pmux$392 $procmux$334_CMP }                         
  Optimizing cells in module \pe16_row8.                                        
Performed a total of 8 changes.                                                 
                                                                                
36. Executing OPT_MERGE pass (detect identical cells).                          
Finding identical cells in module `\pe16_row8'.                                 
Computing hashes of 232 cells of `\pe16_row8'.                                  
Finding duplicate cells in `\pe16_row8'.                                        
Removed a total of 0 cells.                                                     
                                                                                
37. Executing OPT_DFF pass (perform DFF optimizations).                         
                                                                                
38. Executing OPT_CLEAN pass (remove unused cells and wires).                   
Finding unused cells or wires in module \pe16_row8..                            
                                                                                
39. Executing OPT_EXPR pass (perform const folding).                            
Optimizing module pe16_row8.                                                    
                                                                                
40. Rerunning OPT passes. (Maybe there is more to do…)                          
                                                                                
41. Executing OPT_MUXTREE pass (detect dead branches in mux trees).             
Running muxtree optimizer on module \pe16_row8..                                
  Creating internal representation of mux trees.                                
  Evaluating internal representation of mux trees.                              
  Analyzing evaluation results.                                                 
Removed 0 multiplexer ports.                                                    
<suppressed ~192 debug messages>                                                
                                                                                
42. Executing OPT_REDUCE pass (consolidate $*mux and $reduce_* inputs).         
  Optimizing cells in module \pe16_row8.                                        
Performed a total of 0 changes.                                                 
                                                                                
43. Executing OPT_MERGE pass (detect identical cells).                          
Finding identical cells in module `\pe16_row8'.                                 
Computing hashes of 232 cells of `\pe16_row8'.                                  
Finding duplicate cells in `\pe16_row8'.                                        
Removed a total of 0 cells.                                                     
                                                                                
44. Executing OPT_DFF pass (perform DFF optimizations).                         
                                                                                
45. Executing OPT_CLEAN pass (remove unused cells and wires).                   
Finding unused cells or wires in module \pe16_row8..                            
                                                                                
46. Executing OPT_EXPR pass (perform const folding).                            
Optimizing module pe16_row8.                                                    
                                                                                
47. Executing FSM pass (extract and optimize FSM).                              
                                                                                
47.1. Executing FSM_DETECT pass (finding FSMs in design).                       
                                                                                
47.2. Executing FSM_EXTRACT pass (extracting FSM from design).                  
                                                                                
47.3. Executing FSM_OPT pass (simple optimizations of FSMs).                    
                                                                                
47.4. Executing OPT_CLEAN pass (remove unused cells and wires).                 
Finding unused cells or wires in module \pe16_row8..                            
                                                                                
47.5. Executing FSM_OPT pass (simple optimizations of FSMs).                    
                                                                                
47.6. Executing FSM_RECODE pass (re-assigning FSM state encoding).              
                                                                                
47.7. Executing FSM_INFO pass (dumping all available information on FSM cells). 
                                                                                
47.8. Executing FSM_MAP pass (mapping FSMs to basic logic).                     
                                                                                
48. Executing OPT_EXPR pass (perform const folding).                            
Optimizing module pe16_row8.                                                    
                                                                                
49. Executing OPT_MERGE pass (detect identical cells).                          
Finding identical cells in module `\pe16_row8'.                                 
Computing hashes of 232 cells of `\pe16_row8'.                                  
Finding duplicate cells in `\pe16_row8'.                                        
Removed a total of 0 cells.                                                     
                                                                                
50. Executing OPT_MUXTREE pass (detect dead branches in mux trees).             
Running muxtree optimizer on module \pe16_row8..                                
  Creating internal representation of mux trees.                                
  Evaluating internal representation of mux trees.                              
  Analyzing evaluation results.                                                 
Removed 0 multiplexer ports.                                                    
<suppressed ~192 debug messages>                                                
                                                                                
51. Executing OPT_REDUCE pass (consolidate $*mux and $reduce_* inputs).         
  Optimizing cells in module \pe16_row8.                                        
Performed a total of 0 changes.                                                 
                                                                                
52. Executing OPT_MERGE pass (detect identical cells).                          
Finding identical cells in module `\pe16_row8'.                                 
Computing hashes of 232 cells of `\pe16_row8'.                                  
Finding duplicate cells in `\pe16_row8'.                                        
Removed a total of 0 cells.                                                     
                                                                                
53. Executing OPT_DFF pass (perform DFF optimizations).                         
Adding SRST signal on $procdff$376 ($dff) from module pe16_row8 (D =            
$procmux$327_Y, Q = \_166, rval = 16'0000000000000000).                         
Adding EN signal on $auto$ff.cc:337:slice$393 ($sdff) from module pe16_row8 (D =
\_162, Q = \_166).                                                              
Adding SRST signal on $procdff$375 ($dff) from module pe16_row8 (D = \_118, Q = 
\_121, rval = 16'0000000000000000).                                             
Adding EN signal on $procdff$374 ($dff) from module pe16_row8 (D = \_87, Q =    
\_90).                                                                          
Adding EN signal on $procdff$373 ($dff) from module pe16_row8 (D = \_90, Q =    
\_93).                                                                          
Adding EN signal on $procdff$372 ($dff) from module pe16_row8 (D = \_93, Q =    
\_96).                                                                          
Adding SRST signal on $procdff$371 ($dff) from module pe16_row8 (D =            
$procmux$308_Y, Q = \_213, rval = 16'0000000000000000).                         
Adding EN signal on $auto$ff.cc:337:slice$399 ($sdff) from module pe16_row8 (D =
\_209, Q = \_213).                                                              
Adding SRST signal on $procdff$370 ($dff) from module pe16_row8 (D = \_115, Q = 
\_118, rval = 16'0000000000000000).                                             
Adding EN signal on $procdff$369 ($dff) from module pe16_row8 (D = \_78, Q =    
\_81).                                                                          
Adding EN signal on $procdff$368 ($dff) from module pe16_row8 (D = \_81, Q =    
\_84).                                                                          
Adding EN signal on $procdff$367 ($dff) from module pe16_row8 (D = \_84, Q =    
\_87).                                                                          
Adding SRST signal on $procdff$366 ($dff) from module pe16_row8 (D =            
$procmux$289_Y, Q = \_260, rval = 16'0000000000000000).                         
Adding EN signal on $auto$ff.cc:337:slice$405 ($sdff) from module pe16_row8 (D =
\_256, Q = \_260).                                                              
Adding SRST signal on $procdff$365 ($dff) from module pe16_row8 (D = \_112, Q = 
\_115, rval = 16'0000000000000000).                                             
Adding EN signal on $procdff$364 ($dff) from module pe16_row8 (D = \_69, Q =    
\_72).                                                                          
Adding EN signal on $procdff$363 ($dff) from module pe16_row8 (D = \_72, Q =    
\_75).                                                                          
Adding EN signal on $procdff$362 ($dff) from module pe16_row8 (D = \_75, Q =    
\_78).                                                                          
Adding SRST signal on $procdff$361 ($dff) from module pe16_row8 (D =            
$procmux$270_Y, Q = \_307, rval = 16'0000000000000000).                         
Adding EN signal on $auto$ff.cc:337:slice$411 ($sdff) from module pe16_row8 (D =
\_303, Q = \_307).                                                              
Adding SRST signal on $procdff$360 ($dff) from module pe16_row8 (D = \_109, Q = 
\_112, rval = 16'0000000000000000).                                             
Adding EN signal on $procdff$359 ($dff) from module pe16_row8 (D = \_60, Q =    
\_63).                                                                          
Adding EN signal on $procdff$358 ($dff) from module pe16_row8 (D = \_63, Q =    
\_66).                                                                          
Adding EN signal on $procdff$357 ($dff) from module pe16_row8 (D = \_66, Q =    
\_69).                                                                          
Adding SRST signal on $procdff$356 ($dff) from module pe16_row8 (D =            
$procmux$251_Y, Q = \_354, rval = 16'0000000000000000).                         
Adding EN signal on $auto$ff.cc:337:slice$417 ($sdff) from module pe16_row8 (D =
\_350, Q = \_354).                                                              
Adding SRST signal on $procdff$355 ($dff) from module pe16_row8 (D = \_106, Q = 
\_109, rval = 16'0000000000000000).                                             
Adding EN signal on $procdff$354 ($dff) from module pe16_row8 (D = \_51, Q =    
\_54).                                                                          
Adding EN signal on $procdff$353 ($dff) from module pe16_row8 (D = \_54, Q =    
\_57).                                                                          
Adding EN signal on $procdff$352 ($dff) from module pe16_row8 (D = \_57, Q =    
\_60).                                                                          
Adding SRST signal on $procdff$351 ($dff) from module pe16_row8 (D =            
$procmux$232_Y, Q = \_401, rval = 16'0000000000000000).                         
Adding EN signal on $auto$ff.cc:337:slice$423 ($sdff) from module pe16_row8 (D =
\_397, Q = \_401).                                                              
Adding SRST signal on $procdff$350 ($dff) from module pe16_row8 (D = \_103, Q = 
\_106, rval = 16'0000000000000000).                                             
Adding EN signal on $procdff$349 ($dff) from module pe16_row8 (D = \_42, Q =    
\_45).                                                                          
Adding EN signal on $procdff$348 ($dff) from module pe16_row8 (D = \_45, Q =    
\_48).                                                                          
Adding EN signal on $procdff$347 ($dff) from module pe16_row8 (D = \_48, Q =    
\_51).                                                                          
Adding SRST signal on $procdff$346 ($dff) from module pe16_row8 (D =            
$procmux$213_Y, Q = \_448, rval = 16'0000000000000000).                         
Adding EN signal on $auto$ff.cc:337:slice$429 ($sdff) from module pe16_row8 (D =
\_444, Q = \_448).                                                              
Adding SRST signal on $procdff$345 ($dff) from module pe16_row8 (D = \_100, Q = 
\_103, rval = 16'0000000000000000).                                             
Adding EN signal on $procdff$344 ($dff) from module pe16_row8 (D = \_33, Q =    
\_36).                                                                          
Adding EN signal on $procdff$343 ($dff) from module pe16_row8 (D = \_36, Q =    
\_39).                                                                          
Adding EN signal on $procdff$342 ($dff) from module pe16_row8 (D = \_39, Q =    
\_42).                                                                          
Adding SRST signal on $procdff$341 ($dff) from module pe16_row8 (D =            
$procmux$194_Y, Q = \_495, rval = 16'0000000000000000).                         
Adding EN signal on $auto$ff.cc:337:slice$435 ($sdff) from module pe16_row8 (D =
\_491, Q = \_495).                                                              
Adding SRST signal on $procdff$340 ($dff) from module pe16_row8 (D = \nbr_in, Q 
= \_100, rval = 16'0000000000000000).                                           
Adding EN signal on $procdff$339 ($dff) from module pe16_row8 (D = \cfg_in, Q = 
\_27).                                                                          
Adding EN signal on $procdff$338 ($dff) from module pe16_row8 (D = \_27, Q =    
\_30).                                                                          
Adding EN signal on $procdff$337 ($dff) from module pe16_row8 (D = \_30, Q =    
\_33).                                                                          
                                                                                
54. Executing OPT_CLEAN pass (remove unused cells and wires).                   
Finding unused cells or wires in module \pe16_row8..                            
Removed 48 unused cells and 48 unused wires.                                    
<suppressed ~49 debug messages>                                                 
                                                                                
55. Executing OPT_EXPR pass (perform const folding).                            
Optimizing module pe16_row8.                                                    
                                                                                
56. Rerunning OPT passes. (Maybe there is more to do…)                          
                                                                                
57. Executing OPT_MUXTREE pass (detect dead branches in mux trees).             
Running muxtree optimizer on module \pe16_row8..                                
  Creating internal representation of mux trees.                                
  Evaluating internal representation of mux trees.                              
  Analyzing evaluation results.                                                 
Removed 0 multiplexer ports.                                                    
<suppressed ~112 debug messages>                                                
                                                                                
58. Executing OPT_REDUCE pass (consolidate $*mux and $reduce_* inputs).         
  Optimizing cells in module \pe16_row8.                                        
Performed a total of 0 changes.                                                 
                                                                                
59. Executing OPT_MERGE pass (detect identical cells).                          
Finding identical cells in module `\pe16_row8'.                                 
Computing hashes of 184 cells of `\pe16_row8'.                                  
Finding duplicate cells in `\pe16_row8'.                                        
Removed a total of 0 cells.                                                     
                                                                                
60. Executing OPT_DFF pass (perform DFF optimizations).                         
                                                                                
61. Executing OPT_CLEAN pass (remove unused cells and wires).                   
Finding unused cells or wires in module \pe16_row8..                            
                                                                                
62. Executing OPT_EXPR pass (perform const folding).                            
Optimizing module pe16_row8.                                                    
                                                                                
63. Executing WREDUCE pass (reducing word size of cells).                       
Removed top 16 bits (of 17) from port B of cell                                 
pe16_row8.$add$/var/tmp/pe-synth/pnr/pe16_row8_20ns_u90/pe16_row8.v:433$14      
($add).                                                                         
Removed top 16 bits (of 17) from port B of cell                                 
pe16_row8.$add$/var/tmp/pe-synth/pnr/pe16_row8_20ns_u90/pe16_row8.v:513$37      
($add).                                                                         
Removed top 16 bits (of 17) from port B of cell                                 
pe16_row8.$add$/var/tmp/pe-synth/pnr/pe16_row8_20ns_u90/pe16_row8.v:592$60      
($add).                                                                         
Removed top 16 bits (of 17) from port B of cell                                 
pe16_row8.$add$/var/tmp/pe-synth/pnr/pe16_row8_20ns_u90/pe16_row8.v:671$83      
($add).                                                                         
Removed top 16 bits (of 17) from port B of cell                                 
pe16_row8.$add$/var/tmp/pe-synth/pnr/pe16_row8_20ns_u90/pe16_row8.v:750$106     
($add).                                                                         
Removed top 16 bits (of 17) from port B of cell                                 
pe16_row8.$add$/var/tmp/pe-synth/pnr/pe16_row8_20ns_u90/pe16_row8.v:829$129     
($add).                                                                         
Removed top 16 bits (of 17) from port B of cell                                 
pe16_row8.$add$/var/tmp/pe-synth/pnr/pe16_row8_20ns_u90/pe16_row8.v:908$152     
($add).                                                                         
Removed top 16 bits (of 17) from port B of cell                                 
pe16_row8.$add$/var/tmp/pe-synth/pnr/pe16_row8_20ns_u90/pe16_row8.v:987$175     
($add).                                                                         
Removed top 1 bits (of 2) from port B of cell pe16_row8.$procmux$202_CMP0 ($eq).
Removed top 1 bits (of 2) from port B of cell pe16_row8.$procmux$221_CMP0 ($eq).
Removed top 1 bits (of 2) from port B of cell pe16_row8.$procmux$240_CMP0 ($eq).
Removed top 1 bits (of 2) from port B of cell pe16_row8.$procmux$259_CMP0 ($eq).
Removed top 1 bits (of 2) from port B of cell pe16_row8.$procmux$278_CMP0 ($eq).
Removed top 1 bits (of 2) from port B of cell pe16_row8.$procmux$297_CMP0 ($eq).
Removed top 1 bits (of 2) from port B of cell pe16_row8.$procmux$316_CMP0 ($eq).
Removed top 1 bits (of 2) from port B of cell pe16_row8.$procmux$335_CMP0 ($eq).
                                                                                
64. Executing PEEPOPT pass (run peephole optimizers).                           
                                                                                
65. Executing OPT_CLEAN pass (remove unused cells and wires).                   
Finding unused cells or wires in module \pe16_row8..                            
                                                                                
66. Executing ALUMACC pass (create $alu and $macc cells).                       
Extracting $alu and $macc cells in module pe16_row8:                            
  creating $macc model for                                                      
$add$/var/tmp/pe-synth/pnr/pe16_row8_20ns_u90/pe16_row8.v:432$13 ($add).        
  creating $macc model for                                                      
$add$/var/tmp/pe-synth/pnr/pe16_row8_20ns_u90/pe16_row8.v:433$14 ($add).        
  creating $macc model for                                                      
$add$/var/tmp/pe-synth/pnr/pe16_row8_20ns_u90/pe16_row8.v:512$36 ($add).        
  creating $macc model for                                                      
$add$/var/tmp/pe-synth/pnr/pe16_row8_20ns_u90/pe16_row8.v:513$37 ($add).        
  creating $macc model for                                                      
$add$/var/tmp/pe-synth/pnr/pe16_row8_20ns_u90/pe16_row8.v:591$59 ($add).        
  creating $macc model for                                                      
$add$/var/tmp/pe-synth/pnr/pe16_row8_20ns_u90/pe16_row8.v:592$60 ($add).        
  creating $macc model for                                                      
$add$/var/tmp/pe-synth/pnr/pe16_row8_20ns_u90/pe16_row8.v:670$82 ($add).        
  creating $macc model for                                                      
$add$/var/tmp/pe-synth/pnr/pe16_row8_20ns_u90/pe16_row8.v:671$83 ($add).        
  creating $macc model for                                                      
$add$/var/tmp/pe-synth/pnr/pe16_row8_20ns_u90/pe16_row8.v:749$105 ($add).       
  creating $macc model for                                                      
$add$/var/tmp/pe-synth/pnr/pe16_row8_20ns_u90/pe16_row8.v:750$106 ($add).       
  creating $macc model for                                                      
$add$/var/tmp/pe-synth/pnr/pe16_row8_20ns_u90/pe16_row8.v:828$128 ($add).       
  creating $macc model for                                                      
$add$/var/tmp/pe-synth/pnr/pe16_row8_20ns_u90/pe16_row8.v:829$129 ($add).       
  creating $macc model for                                                      
$add$/var/tmp/pe-synth/pnr/pe16_row8_20ns_u90/pe16_row8.v:907$151 ($add).       
  creating $macc model for                                                      
$add$/var/tmp/pe-synth/pnr/pe16_row8_20ns_u90/pe16_row8.v:908$152 ($add).       
  creating $macc model for                                                      
$add$/var/tmp/pe-synth/pnr/pe16_row8_20ns_u90/pe16_row8.v:986$174 ($add).       
  creating $macc model for                                                      
$add$/var/tmp/pe-synth/pnr/pe16_row8_20ns_u90/pe16_row8.v:987$175 ($add).       
  merging $macc model for                                                       
$add$/var/tmp/pe-synth/pnr/pe16_row8_20ns_u90/pe16_row8.v:986$174 into          
$add$/var/tmp/pe-synth/pnr/pe16_row8_20ns_u90/pe16_row8.v:987$175.              
  merging $macc model for                                                       
$add$/var/tmp/pe-synth/pnr/pe16_row8_20ns_u90/pe16_row8.v:907$151 into          
$add$/var/tmp/pe-synth/pnr/pe16_row8_20ns_u90/pe16_row8.v:908$152.              
  merging $macc model for                                                       
$add$/var/tmp/pe-synth/pnr/pe16_row8_20ns_u90/pe16_row8.v:828$128 into          
$add$/var/tmp/pe-synth/pnr/pe16_row8_20ns_u90/pe16_row8.v:829$129.              
  merging $macc model for                                                       
$add$/var/tmp/pe-synth/pnr/pe16_row8_20ns_u90/pe16_row8.v:749$105 into          
$add$/var/tmp/pe-synth/pnr/pe16_row8_20ns_u90/pe16_row8.v:750$106.              
  merging $macc model for                                                       
$add$/var/tmp/pe-synth/pnr/pe16_row8_20ns_u90/pe16_row8.v:670$82 into           
$add$/var/tmp/pe-synth/pnr/pe16_row8_20ns_u90/pe16_row8.v:671$83.               
  merging $macc model for                                                       
$add$/var/tmp/pe-synth/pnr/pe16_row8_20ns_u90/pe16_row8.v:591$59 into           
$add$/var/tmp/pe-synth/pnr/pe16_row8_20ns_u90/pe16_row8.v:592$60.               
  merging $macc model for                                                       
$add$/var/tmp/pe-synth/pnr/pe16_row8_20ns_u90/pe16_row8.v:512$36 into           
$add$/var/tmp/pe-synth/pnr/pe16_row8_20ns_u90/pe16_row8.v:513$37.               
  merging $macc model for                                                       
$add$/var/tmp/pe-synth/pnr/pe16_row8_20ns_u90/pe16_row8.v:432$13 into           
$add$/var/tmp/pe-synth/pnr/pe16_row8_20ns_u90/pe16_row8.v:433$14.               
  creating $alu model for $macc                                                 
$add$/var/tmp/pe-synth/pnr/pe16_row8_20ns_u90/pe16_row8.v:671$83.               
  creating $alu model for $macc                                                 
$add$/var/tmp/pe-synth/pnr/pe16_row8_20ns_u90/pe16_row8.v:750$106.              
  creating $alu model for $macc                                                 
$add$/var/tmp/pe-synth/pnr/pe16_row8_20ns_u90/pe16_row8.v:592$60.               
  creating $alu model for $macc                                                 
$add$/var/tmp/pe-synth/pnr/pe16_row8_20ns_u90/pe16_row8.v:908$152.              
  creating $alu model for $macc                                                 
$add$/var/tmp/pe-synth/pnr/pe16_row8_20ns_u90/pe16_row8.v:513$37.               
  creating $alu model for $macc                                                 
$add$/var/tmp/pe-synth/pnr/pe16_row8_20ns_u90/pe16_row8.v:829$129.              
  creating $alu model for $macc                                                 
$add$/var/tmp/pe-synth/pnr/pe16_row8_20ns_u90/pe16_row8.v:433$14.               
  creating $alu model for $macc                                                 
$add$/var/tmp/pe-synth/pnr/pe16_row8_20ns_u90/pe16_row8.v:987$175.              
  creating $alu cell for                                                        
$add$/var/tmp/pe-synth/pnr/pe16_row8_20ns_u90/pe16_row8.v:987$175:              
$auto$alumacc.cc:512:replace_alu$441                                            
  creating $alu cell for                                                        
$add$/var/tmp/pe-synth/pnr/pe16_row8_20ns_u90/pe16_row8.v:433$14:               
$auto$alumacc.cc:512:replace_alu$444                                            
  creating $alu cell for                                                        
$add$/var/tmp/pe-synth/pnr/pe16_row8_20ns_u90/pe16_row8.v:829$129:              
$auto$alumacc.cc:512:replace_alu$447                                            
  creating $alu cell for                                                        
$add$/var/tmp/pe-synth/pnr/pe16_row8_20ns_u90/pe16_row8.v:513$37:               
$auto$alumacc.cc:512:replace_alu$450                                            
  creating $alu cell for                                                        
$add$/var/tmp/pe-synth/pnr/pe16_row8_20ns_u90/pe16_row8.v:908$152:              
$auto$alumacc.cc:512:replace_alu$453                                            
  creating $alu cell for                                                        
$add$/var/tmp/pe-synth/pnr/pe16_row8_20ns_u90/pe16_row8.v:592$60:               
$auto$alumacc.cc:512:replace_alu$456                                            
  creating $alu cell for                                                        
$add$/var/tmp/pe-synth/pnr/pe16_row8_20ns_u90/pe16_row8.v:750$106:              
$auto$alumacc.cc:512:replace_alu$459                                            
  creating $alu cell for                                                        
$add$/var/tmp/pe-synth/pnr/pe16_row8_20ns_u90/pe16_row8.v:671$83:               
$auto$alumacc.cc:512:replace_alu$462                                            
  created 8 $alu and 0 $macc cells.                                             
                                                                                
67. Executing SHARE pass (SAT-based resource sharing).                          
                                                                                
68. Executing OPT_EXPR pass (perform const folding).                            
Optimizing module pe16_row8.                                                    
                                                                                
69. Executing OPT_MERGE pass (detect identical cells).                          
Finding identical cells in module `\pe16_row8'.                                 
Computing hashes of 184 cells of `\pe16_row8'.                                  
Finding duplicate cells in `\pe16_row8'.                                        
Removed a total of 0 cells.                                                     
                                                                                
70. Executing OPT_MUXTREE pass (detect dead branches in mux trees).             
Running muxtree optimizer on module \pe16_row8..                                
  Creating internal representation of mux trees.                                
  Evaluating internal representation of mux trees.                              
  Analyzing evaluation results.                                                 
Removed 0 multiplexer ports.                                                    
<suppressed ~112 debug messages>                                                
                                                                                
71. Executing OPT_REDUCE pass (consolidate $*mux and $reduce_* inputs).         
  Optimizing cells in module \pe16_row8.                                        
Performed a total of 0 changes.                                                 
                                                                                
72. Executing OPT_MERGE pass (detect identical cells).                          
Finding identical cells in module `\pe16_row8'.                                 
Computing hashes of 184 cells of `\pe16_row8'.                                  
Finding duplicate cells in `\pe16_row8'.                                        
Removed a total of 0 cells.                                                     
                                                                                
73. Executing OPT_DFF pass (perform DFF optimizations).                         
                                                                                
74. Executing OPT_CLEAN pass (remove unused cells and wires).                   
Finding unused cells or wires in module \pe16_row8..                            
Removed 8 unused cells and 8 unused wires.                                      
<suppressed ~16 debug messages>                                                 
                                                                                
75. Executing OPT_EXPR pass (perform const folding).                            
Optimizing module pe16_row8.                                                    
                                                                                
76. Rerunning OPT passes. (Maybe there is more to do…)                          
                                                                                
77. Executing OPT_MUXTREE pass (detect dead branches in mux trees).             
Running muxtree optimizer on module \pe16_row8..                                
  Creating internal representation of mux trees.                                
  Evaluating internal representation of mux trees.                              
  Analyzing evaluation results.                                                 
Removed 0 multiplexer ports.                                                    
<suppressed ~112 debug messages>                                                
                                                                                
78. Executing OPT_REDUCE pass (consolidate $*mux and $reduce_* inputs).         
  Optimizing cells in module \pe16_row8.                                        
Performed a total of 0 changes.                                                 
                                                                                
79. Executing OPT_MERGE pass (detect identical cells).                          
Finding identical cells in module `\pe16_row8'.                                 
Computing hashes of 176 cells of `\pe16_row8'.                                  
Finding duplicate cells in `\pe16_row8'.                                        
Removed a total of 0 cells.                                                     
                                                                                
80. Executing OPT_DFF pass (perform DFF optimizations).                         
                                                                                
81. Executing OPT_CLEAN pass (remove unused cells and wires).                   
Finding unused cells or wires in module \pe16_row8..                            
                                                                                
82. Executing OPT_EXPR pass (perform const folding).                            
Optimizing module pe16_row8.                                                    
                                                                                
83. Executing MEMORY pass.                                                      
                                                                                
83.1. Executing OPT_MEM pass (optimize memories).                               
Performed a total of 0 transformations.                                         
                                                                                
83.2. Executing OPT_MEM_PRIORITY pass (removing unnecessary memory write        
priority relations).                                                            
Performed a total of 0 transformations.                                         
                                                                                
83.3. Executing OPT_MEM_FEEDBACK pass (finding memory read-to-write feedback    
paths).                                                                         
                                                                                
83.4. Executing MEMORY_BMUX2ROM pass (converting muxes to ROMs).                
                                                                                
83.5. Executing MEMORY_DFF pass (merging $dff cells to $memrd).                 
                                                                                
83.6. Executing OPT_CLEAN pass (remove unused cells and wires).                 
Finding unused cells or wires in module \pe16_row8..                            
                                                                                
83.7. Executing MEMORY_SHARE pass (consolidating $memrd/$memwr cells).          
                                                                                
83.8. Executing OPT_MEM_WIDEN pass (optimize memories where all ports are wide).
Performed a total of 0 transformations.                                         
                                                                                
83.9. Executing OPT_CLEAN pass (remove unused cells and wires).                 
Finding unused cells or wires in module \pe16_row8..                            
                                                                                
83.10. Executing MEMORY_COLLECT pass (generating $mem cells).                   
                                                                                
84. Executing OPT_CLEAN pass (remove unused cells and wires).                   
Finding unused cells or wires in module \pe16_row8..                            
                                                                                
85. Executing OPT_EXPR pass (perform const folding).                            
Optimizing module pe16_row8.                                                    
<suppressed ~24 debug messages>                                                 
                                                                                
86. Executing OPT_MERGE pass (detect identical cells).                          
Finding identical cells in module `\pe16_row8'.                                 
Computing hashes of 176 cells of `\pe16_row8'.                                  
Finding duplicate cells in `\pe16_row8'.                                        
Removed a total of 0 cells.                                                     
                                                                                
87. Executing OPT_DFF pass (perform DFF optimizations).                         
                                                                                
88. Executing OPT_CLEAN pass (remove unused cells and wires).                   
Finding unused cells or wires in module \pe16_row8..                            
Removed 0 unused cells and 8 unused wires.                                      
<suppressed ~1 debug messages>                                                  
                                                                                
89. Executing MEMORY_MAP pass (converting memories to logic and flip-flops).    
                                                                                
90. Executing OPT_EXPR pass (perform const folding).                            
Optimizing module pe16_row8.                                                    
                                                                                
91. Executing OPT_MERGE pass (detect identical cells).                          
Finding identical cells in module `\pe16_row8'.                                 
Computing hashes of 176 cells of `\pe16_row8'.                                  
Finding duplicate cells in `\pe16_row8'.                                        
Removed a total of 0 cells.                                                     
                                                                                
92. Executing OPT_MUXTREE pass (detect dead branches in mux trees).             
Running muxtree optimizer on module \pe16_row8..                                
  Creating internal representation of mux trees.                                
  Evaluating internal representation of mux trees.                              
  Analyzing evaluation results.                                                 
Removed 0 multiplexer ports.                                                    
<suppressed ~112 debug messages>                                                
                                                                                
93. Executing OPT_REDUCE pass (consolidate $*mux and $reduce_* inputs).         
  Optimizing cells in module \pe16_row8.                                        
    Consolidated identical input bits for $mux cell                             
$ternary$/var/tmp/pe-synth/pnr/pe16_row8_20ns_u90/pe16_row8.v:403$3:            
      Old ports: A=16'0111111111111111, B=16'1000000000000000, Y=\_157          
      New ports: A=2'01, B=2'10, Y={ \_157 [15] \_157 [0] }                     
      New connections: \_157 [14:1] = { \_157 [0] \_157 [0] \_157 [0] \_157 [0] 
\_157 [0] \_157 [0] \_157 [0] \_157 [0] \_157 [0] \_157 [0] \_157 [0] \_157 [0] 
\_157 [0] \_157 [0] }                                                           
    Consolidated identical input bits for $mux cell                             
$ternary$/var/tmp/pe-synth/pnr/pe16_row8_20ns_u90/pe16_row8.v:426$11:           
      Old ports: A={ \_134 [16] \_134 [16] \_134 [14:0] }, B={ \_131 [15] \_131 
}, Y=\_135                                                                      
      New ports: A={ \_134 [16] \_134 [14:0] }, B=\_131, Y=\_135 [15:0]         
      New connections: \_135 [16] = \_135 [15]                                  
    Consolidated identical input bits for $mux cell                             
$ternary$/var/tmp/pe-synth/pnr/pe16_row8_20ns_u90/pe16_row8.v:484$26:           
      Old ports: A=16'0111111111111111, B=16'1000000000000000, Y=\_204          
      New ports: A=2'01, B=2'10, Y={ \_204 [15] \_204 [0] }                     
      New connections: \_204 [14:1] = { \_204 [0] \_204 [0] \_204 [0] \_204 [0] 
\_204 [0] \_204 [0] \_204 [0] \_204 [0] \_204 [0] \_204 [0] \_204 [0] \_204 [0] 
\_204 [0] \_204 [0] }                                                           
    Consolidated identical input bits for $mux cell                             
$ternary$/var/tmp/pe-synth/pnr/pe16_row8_20ns_u90/pe16_row8.v:506$34:           
      Old ports: A={ \_181 [16] \_181 [16] \_181 [14:0] }, B={ \_178 [15] \_178 
}, Y=\_182                                                                      
      New ports: A={ \_181 [16] \_181 [14:0] }, B=\_178, Y=\_182 [15:0]         
      New connections: \_182 [16] = \_182 [15]                                  
    Consolidated identical input bits for $mux cell                             
$ternary$/var/tmp/pe-synth/pnr/pe16_row8_20ns_u90/pe16_row8.v:563$49:           
      Old ports: A=16'0111111111111111, B=16'1000000000000000, Y=\_251          
      New ports: A=2'01, B=2'10, Y={ \_251 [15] \_251 [0] }                     
      New connections: \_251 [14:1] = { \_251 [0] \_251 [0] \_251 [0] \_251 [0] 
\_251 [0] \_251 [0] \_251 [0] \_251 [0] \_251 [0] \_251 [0] \_251 [0] \_251 [0] 
\_251 [0] \_251 [0] }                                                           
    Consolidated identical input bits for $mux cell                             
$ternary$/var/tmp/pe-synth/pnr/pe16_row8_20ns_u90/pe16_row8.v:585$57:           
      Old ports: A={ \_228 [16] \_228 [16] \_228 [14:0] }, B={ \_225 [15] \_225 
}, Y=\_229                                                                      
      New ports: A={ \_228 [16] \_228 [14:0] }, B=\_225, Y=\_229 [15:0]         
      New connections: \_229 [16] = \_229 [15]                                  
    Consolidated identical input bits for $mux cell                             
$ternary$/var/tmp/pe-synth/pnr/pe16_row8_20ns_u90/pe16_row8.v:642$72:           
      Old ports: A=16'0111111111111111, B=16'1000000000000000, Y=\_298          
      New ports: A=2'01, B=2'10, Y={ \_298 [15] \_298 [0] }                     
      New connections: \_298 [14:1] = { \_298 [0] \_298 [0] \_298 [0] \_298 [0] 
\_298 [0] \_298 [0] \_298 [0] \_298 [0] \_298 [0] \_298 [0] \_298 [0] \_298 [0] 
\_298 [0] \_298 [0] }                                                           
    Consolidated identical input bits for $mux cell                             
$ternary$/var/tmp/pe-synth/pnr/pe16_row8_20ns_u90/pe16_row8.v:664$80:           
      Old ports: A={ \_275 [16] \_275 [16] \_275 [14:0] }, B={ \_272 [15] \_272 
}, Y=\_276                                                                      
      New ports: A={ \_275 [16] \_275 [14:0] }, B=\_272, Y=\_276 [15:0]         
      New connections: \_276 [16] = \_276 [15]                                  
    Consolidated identical input bits for $mux cell                             
$ternary$/var/tmp/pe-synth/pnr/pe16_row8_20ns_u90/pe16_row8.v:721$95:           
      Old ports: A=16'0111111111111111, B=16'1000000000000000, Y=\_345          
      New ports: A=2'01, B=2'10, Y={ \_345 [15] \_345 [0] }                     
      New connections: \_345 [14:1] = { \_345 [0] \_345 [0] \_345 [0] \_345 [0] 
\_345 [0] \_345 [0] \_345 [0] \_345 [0] \_345 [0] \_345 [0] \_345 [0] \_345 [0] 
\_345 [0] \_345 [0] }                                                           
    Consolidated identical input bits for $mux cell                             
$ternary$/var/tmp/pe-synth/pnr/pe16_row8_20ns_u90/pe16_row8.v:743$103:          
      Old ports: A={ \_322 [16] \_322 [16] \_322 [14:0] }, B={ \_319 [15] \_319 
}, Y=\_323                                                                      
      New ports: A={ \_322 [16] \_322 [14:0] }, B=\_319, Y=\_323 [15:0]         
      New connections: \_323 [16] = \_323 [15]                                  
    Consolidated identical input bits for $mux cell                             
$ternary$/var/tmp/pe-synth/pnr/pe16_row8_20ns_u90/pe16_row8.v:800$118:          
      Old ports: A=16'0111111111111111, B=16'1000000000000000, Y=\_392          
      New ports: A=2'01, B=2'10, Y={ \_392 [15] \_392 [0] }                     
      New connections: \_392 [14:1] = { \_392 [0] \_392 [0] \_392 [0] \_392 [0] 
\_392 [0] \_392 [0] \_392 [0] \_392 [0] \_392 [0] \_392 [0] \_392 [0] \_392 [0] 
\_392 [0] \_392 [0] }                                                           
    Consolidated identical input bits for $mux cell                             
$ternary$/var/tmp/pe-synth/pnr/pe16_row8_20ns_u90/pe16_row8.v:822$126:          
      Old ports: A={ \_369 [16] \_369 [16] \_369 [14:0] }, B={ \_366 [15] \_366 
}, Y=\_370                                                                      
      New ports: A={ \_369 [16] \_369 [14:0] }, B=\_366, Y=\_370 [15:0]         
      New connections: \_370 [16] = \_370 [15]                                  
    Consolidated identical input bits for $mux cell                             
$ternary$/var/tmp/pe-synth/pnr/pe16_row8_20ns_u90/pe16_row8.v:879$141:          
      Old ports: A=16'0111111111111111, B=16'1000000000000000, Y=\_439          
      New ports: A=2'01, B=2'10, Y={ \_439 [15] \_439 [0] }                     
      New connections: \_439 [14:1] = { \_439 [0] \_439 [0] \_439 [0] \_439 [0] 
\_439 [0] \_439 [0] \_439 [0] \_439 [0] \_439 [0] \_439 [0] \_439 [0] \_439 [0] 
\_439 [0] \_439 [0] }                                                           
    Consolidated identical input bits for $mux cell                             
$ternary$/var/tmp/pe-synth/pnr/pe16_row8_20ns_u90/pe16_row8.v:901$149:          
      Old ports: A={ \_416 [16] \_416 [16] \_416 [14:0] }, B={ \_413 [15] \_413 
}, Y=\_417                                                                      
      New ports: A={ \_416 [16] \_416 [14:0] }, B=\_413, Y=\_417 [15:0]         
      New connections: \_417 [16] = \_417 [15]                                  
    Consolidated identical input bits for $mux cell                             
$ternary$/var/tmp/pe-synth/pnr/pe16_row8_20ns_u90/pe16_row8.v:958$164:          
      Old ports: A=16'0111111111111111, B=16'1000000000000000, Y=\_486          
      New ports: A=2'01, B=2'10, Y={ \_486 [15] \_486 [0] }                     
      New connections: \_486 [14:1] = { \_486 [0] \_486 [0] \_486 [0] \_486 [0] 
\_486 [0] \_486 [0] \_486 [0] \_486 [0] \_486 [0] \_486 [0] \_486 [0] \_486 [0] 
\_486 [0] \_486 [0] }                                                           
    Consolidated identical input bits for $mux cell                             
$ternary$/var/tmp/pe-synth/pnr/pe16_row8_20ns_u90/pe16_row8.v:980$172:          
      Old ports: A={ \_463 [16] \_463 [16] \_463 [14:0] }, B={ \_460 [15] \_460 
}, Y=\_464                                                                      
      New ports: A={ \_463 [16] \_463 [14:0] }, B=\_460, Y=\_464 [15:0]         
      New connections: \_464 [16] = \_464 [15]                                  
  Optimizing cells in module \pe16_row8.                                        
Performed a total of 16 changes.                                                
                                                                                
94. Executing OPT_MERGE pass (detect identical cells).                          
Finding identical cells in module `\pe16_row8'.                                 
Computing hashes of 176 cells of `\pe16_row8'.                                  
Finding duplicate cells in `\pe16_row8'.                                        
Removed a total of 0 cells.                                                     
                                                                                
95. Executing OPT_SHARE pass.                                                   
                                                                                
96. Executing OPT_DFF pass (perform DFF optimizations).                         
                                                                                
97. Executing OPT_CLEAN pass (remove unused cells and wires).                   
Finding unused cells or wires in module \pe16_row8..                            
                                                                                
98. Executing OPT_EXPR pass (perform const folding).                            
Optimizing module pe16_row8.                                                    
                                                                                
99. Rerunning OPT passes. (Maybe there is more to do…)                          
                                                                                
100. Executing OPT_MUXTREE pass (detect dead branches in mux trees).            
Running muxtree optimizer on module \pe16_row8..                                
  Creating internal representation of mux trees.                                
  Evaluating internal representation of mux trees.                              
  Analyzing evaluation results.                                                 
Removed 0 multiplexer ports.                                                    
<suppressed ~112 debug messages>                                                
                                                                                
101. Executing OPT_REDUCE pass (consolidate $*mux and $reduce_* inputs).        
  Optimizing cells in module \pe16_row8.                                        
Performed a total of 0 changes.                                                 
                                                                                
102. Executing OPT_MERGE pass (detect identical cells).                         
Finding identical cells in module `\pe16_row8'.                                 
Computing hashes of 176 cells of `\pe16_row8'.                                  
Finding duplicate cells in `\pe16_row8'.                                        
Removed a total of 0 cells.                                                     
                                                                                
103. Executing OPT_SHARE pass.                                                  
                                                                                
104. Executing OPT_DFF pass (perform DFF optimizations).                        
                                                                                
105. Executing OPT_CLEAN pass (remove unused cells and wires).                  
Finding unused cells or wires in module \pe16_row8..                            
                                                                                
106. Executing OPT_EXPR pass (perform const folding).                           
Optimizing module pe16_row8.                                                    
                                                                                
107. Executing TECHMAP pass (map to technology primitives).                     
                                                                                
107.1. Executing Verilog-2005 frontend:                                         
/nix/store/f1q0w7rd0a4ny4hqvfxlhs4cmariidcy-yosys-0.62/bin/../share/yosys/techma
p.v                                                                             
Parsing Verilog input from                                                      
`/nix/store/f1q0w7rd0a4ny4hqvfxlhs4cmariidcy-yosys-0.62/bin/../share/yosys/techm
ap.v' to AST representation.                                                    
Generating RTLIL representation for module `\_90_simplemap_bool_ops'.           
Generating RTLIL representation for module `\_90_simplemap_reduce_ops'.         
Generating RTLIL representation for module `\_90_simplemap_logic_ops'.          
Generating RTLIL representation for module `\_90_simplemap_compare_ops'.        
Generating RTLIL representation for module `\_90_simplemap_various'.            
Generating RTLIL representation for module `\_90_simplemap_registers'.          
Generating RTLIL representation for module `\_90_shift_ops_shr_shl_sshl_sshr'.  
Generating RTLIL representation for module `\_90_shift_shiftx'.                 
Generating RTLIL representation for module `\_90_fa'.                           
Generating RTLIL representation for module `\_90_lcu_brent_kung'.               
Generating RTLIL representation for module `\_90_alu'.                          
Generating RTLIL representation for module `\_90_macc'.                         
Generating RTLIL representation for module `\_90_alumacc'.                      
Generating RTLIL representation for module `$__div_mod_u'.                      
Generating RTLIL representation for module `$__div_mod_trunc'.                  
Generating RTLIL representation for module `\_90_div'.                          
Generating RTLIL representation for module `\_90_mod'.                          
Generating RTLIL representation for module `$__div_mod_floor'.                  
Generating RTLIL representation for module `\_90_divfloor'.                     
Generating RTLIL representation for module `\_90_modfloor'.                     
Generating RTLIL representation for module `\_90_pow'.                          
Generating RTLIL representation for module `\_90_pmux'.                         
Generating RTLIL representation for module `\_90_demux'.                        
Generating RTLIL representation for module `\_90_lut'.                          
Generating RTLIL representation for module `$connect'.                          
Generating RTLIL representation for module `$input_port'.                       
Successfully finished Verilog frontend.                                         
                                                                                
107.2. Continuing TECHMAP pass.                                                 
Using extmapper simplemap for cells of type $not.                               
Using template $paramod$3bb72ad0665cdca279bbc49ed6a39f403f16497f\_90_alu for    
cells of type $alu.                                                             
Using extmapper simplemap for cells of type $dffe.                              
Using extmapper simplemap for cells of type $sdff.                              
Using extmapper simplemap for cells of type $sdffe.                             
Using extmapper simplemap for cells of type $reduce_or.                         
Using extmapper simplemap for cells of type $mux.                               
Using extmapper simplemap for cells of type $xor.                               
Using extmapper simplemap for cells of type $logic_not.                         
Using extmapper simplemap for cells of type $eq.                                
Using template $paramod$0d149ffe75563ef6fcc1a3dddc59d00af28651a7\_90_pmux for   
cells of type $pmux.                                                            
Using extmapper simplemap for cells of type $pos.                               
Using template $paramod\_90_fa\WIDTH=32'00000000000000000000000000010001 for    
cells of type $fa.                                                              
Using template                                                                  
$paramod\_90_lcu_brent_kung\WIDTH=32'00000000000000000000000000010001 for cells 
of type $lcu.                                                                   
Using extmapper simplemap for cells of type $and.                               
Using extmapper simplemap for cells of type $or.                                
No more expansions possible.                                                    
<suppressed ~1212 debug messages>                                               
                                                                                
108. Executing OPT_EXPR pass (perform const folding).                           
Optimizing module pe16_row8.                                                    
<suppressed ~728 debug messages>                                                
                                                                                
109. Executing OPT_MERGE pass (detect identical cells).                         
Finding identical cells in module `\pe16_row8'.                                 
Computing hashes of 3160 cells of `\pe16_row8'.                                 
Finding duplicate cells in `\pe16_row8'.                                        
Computing hashes of 3136 cells of `\pe16_row8'.                                 
Finding duplicate cells in `\pe16_row8'.                                        
<suppressed ~72 debug messages>                                                 
Removed a total of 24 cells.                                                    
                                                                                
110. Executing OPT_DFF pass (perform DFF optimizations).                        
                                                                                
111. Executing OPT_CLEAN pass (remove unused cells and wires).                  
Finding unused cells or wires in module \pe16_row8..                            
Removed 144 unused cells and 816 unused wires.                                  
<suppressed ~145 debug messages>                                                
                                                                                
112. Executing OPT_EXPR pass (perform const folding).                           
Optimizing module pe16_row8.                                                    
                                                                                
113. Executing OPT_MERGE pass (detect identical cells).                         
Finding identical cells in module `\pe16_row8'.                                 
Computing hashes of 2992 cells of `\pe16_row8'.                                 
Finding duplicate cells in `\pe16_row8'.                                        
Removed a total of 0 cells.                                                     
                                                                                
114. Executing OPT_DFF pass (perform DFF optimizations).                        
                                                                                
115. Executing OPT_CLEAN pass (remove unused cells and wires).                  
Finding unused cells or wires in module \pe16_row8..                            
                                                                                
116. Executing ABC pass (technology mapping using ABC).                         
                                                                                
116.1. Extracting gate netlist of module `\pe16_row8' to                        
`<abc-temp-dir>/input.blif'..                                                   
                                                                                
116.1.1. Executed ABC.                                                          
Extracted 2544 gates and 2984 wires to a netlist network with 440 inputs and 256
outputs.                                                                        
Running ABC script: <abc-temp-dir>/abc.script                                   
ABC: ======== ABC command line "source <abc-temp-dir>/abc.script"               
ABC: + read_blif <abc-temp-dir>/input.blif                                      
ABC: + read_library /tmp/yosys-abc-1PmnJF/stdcells.genlib                       
ABC: + strash                                                                   
ABC: + dretime                                                                  
ABC: + map                                                                      
ABC: + write_blif <abc-temp-dir>/output.blif                                    
                                                                                
116.1.2. Re-integrating ABC results.                                            
ABC RESULTS:               AND cells:      144                                  
ABC RESULTS:            ANDNOT cells:      568                                  
ABC RESULTS:               MUX cells:      896                                  
ABC RESULTS:               NOR cells:       64                                  
ABC RESULTS:               NOT cells:      360                                  
ABC RESULTS:                OR cells:      208                                  
ABC RESULTS:             ORNOT cells:       64                                  
ABC RESULTS:              XNOR cells:       32                                  
ABC RESULTS:               XOR cells:      368                                  
ABC RESULTS:        internal signals:     2288                                  
ABC RESULTS:           input signals:      440                                  
ABC RESULTS:          output signals:      256                                  
Removing temp directory.                                                        
Removing global temp directory.                                                 
                                                                                
117. Executing OPT pass (performing simple optimizations).                      
                                                                                
117.1. Executing OPT_EXPR pass (perform const folding).                         
Optimizing module pe16_row8.                                                    
<suppressed ~8 debug messages>                                                  
                                                                                
117.2. Executing OPT_MERGE pass (detect identical cells).                       
Finding identical cells in module `\pe16_row8'.                                 
Computing hashes of 3152 cells of `\pe16_row8'.                                 
Finding duplicate cells in `\pe16_row8'.                                        
Removed a total of 0 cells.                                                     
                                                                                
117.3. Executing OPT_DFF pass (perform DFF optimizations).                      
                                                                                
117.4. Executing OPT_CLEAN pass (remove unused cells and wires).                
Finding unused cells or wires in module \pe16_row8..                            
Removed 8 unused cells and 1384 unused wires.                                   
<suppressed ~201 debug messages>                                                
                                                                                
117.5. Finished fast OPT passes.                                                
                                                                                
118. Executing HIERARCHY pass (managing design hierarchy).                      
                                                                                
118.1. Analyzing design hierarchy..                                             
Top module:  \pe16_row8                                                         
                                                                                
118.2. Analyzing design hierarchy..                                             
Top module:  \pe16_row8                                                         
Removed 0 unused modules.                                                       
                                                                                
119. Executing CHECK pass (checking for obvious problems).                      
Checking module pe16_row8...                                                    
Found and reported 0 problems.                                                  
                                                                                
120. Printing statistics.                                                       
                                                                                
=== pe16_row8 ===                                                               
                                                                                
        +----------Local Count, excluding submodules.                           
        |                                                                       
     2614 wires                                                                 
     4358 wire bits                                                             
      174 public wires                                                          
     1918 public wire bits                                                      
       16 ports                                                                 
      187 port bits                                                             
     3144 cells                                                                 
      568   $_ANDNOT_                                                           
      144   $_AND_                                                              
      192   $_DFFE_PP_                                                          
      896   $_MUX_                                                              
       64   $_NOR_                                                              
      352   $_NOT_                                                              
       64   $_ORNOT_                                                            
      208   $_OR_                                                               
      128   $_SDFFE_PP0P_                                                       
      128   $_SDFF_PP0_                                                         
       32   $_XNOR_                                                             
      368   $_XOR_                                                              
                                                                                
121. Executing OPT pass (performing simple optimizations).                      
                                                                                
121.1. Executing OPT_EXPR pass (perform const folding).                         
Optimizing module pe16_row8.                                                    
                                                                                
121.2. Executing OPT_MERGE pass (detect identical cells).                       
Finding identical cells in module `\pe16_row8'.                                 
Computing hashes of 3144 cells of `\pe16_row8'.                                 
Finding duplicate cells in `\pe16_row8'.                                        
Removed a total of 0 cells.                                                     
                                                                                
121.3. Executing OPT_MUXTREE pass (detect dead branches in mux trees).          
Running muxtree optimizer on module \pe16_row8..                                
  Creating internal representation of mux trees.                                
  No muxes found in this module.                                                
Removed 0 multiplexer ports.                                                    
                                                                                
121.4. Executing OPT_REDUCE pass (consolidate $*mux and $reduce_* inputs).      
  Optimizing cells in module \pe16_row8.                                        
Performed a total of 0 changes.                                                 
                                                                                
121.5. Executing OPT_MERGE pass (detect identical cells).                       
Finding identical cells in module `\pe16_row8'.                                 
Computing hashes of 3144 cells of `\pe16_row8'.                                 
Finding duplicate cells in `\pe16_row8'.                                        
Removed a total of 0 cells.                                                     
                                                                                
121.6. Executing OPT_DFF pass (perform DFF optimizations).                      
                                                                                
121.7. Executing OPT_CLEAN pass (remove unused cells and wires).                
Finding unused cells or wires in module \pe16_row8..                            
                                                                                
121.8. Executing OPT_EXPR pass (perform const folding).                         
Optimizing module pe16_row8.                                                    
                                                                                
121.9. Finished fast OPT passes. (There is nothing left to do.)                 
                                                                                
122. Executing OPT_CLEAN pass (remove unused cells and wires).                  
Finding unused cells or wires in module \pe16_row8..                            
Removed 0 unused cells and 88 unused wires.                                     
<suppressed ~88 debug messages>                                                 
{                                                                               
   "creator": "Yosys 0.62 (git sha1 7326bb7d6641500ecb285c291a54a662cb1e76cf,   
clang++ 21.1.2 -fPIC -O3)",                                                     
   "invocation": "stat -json -liberty                                           
/var/tmp/pe-synth/pnr/pe16_row8_20ns_u90/runs/pe16_row8_20ns_u90/tmp/e37cab22950
c4feeb05041b99fd51a47.lib -liberty                                              
/var/tmp/pe-synth/pnr/pe16_row8_20ns_u90/runs/pe16_row8_20ns_u90/tmp/c607ad2ab03
54ccda6dba8017910df69.lib ",                                                    
   "modules": {                                                                 
      "\\pe16_row8": {                                                          
         "num_wires":         2526,                                             
         "num_wire_bits":     3215,                                             
         "num_pub_wires":     86,                                               
         "num_pub_wire_bits": 775,                                              
         "num_ports":         16,                                               
         "num_port_bits":     187,                                              
         "num_memories":      0,                                                
         "num_memory_bits":   0,                                                
         "num_processes":     0,                                                
         "num_cells":         3144,                                             
         "num_submodules":       0,                                             
         "num_cells_by_type": {                                                 
            "$_ANDNOT_": 568,                                                   
            "$_AND_": 144,                                                      
            "$_DFFE_PP_": 192,                                                  
            "$_MUX_": 896,                                                      
            "$_NOR_": 64,                                                       
            "$_NOT_": 352,                                                      
            "$_ORNOT_": 64,                                                     
            "$_OR_": 208,                                                       
            "$_SDFFE_PP0P_": 128,                                               
            "$_SDFF_PP0_": 128,                                                 
            "$_XNOR_": 32,                                                      
            "$_XOR_": 368                                                       
         }                                                                      
      }                                                                         
   },                                                                           
      "design": {                                                               
         "num_wires":         2526,                                             
         "num_wire_bits":     3215,                                             
         "num_pub_wires":     86,                                               
         "num_pub_wire_bits": 775,                                              
         "num_ports":         16,                                               
         "num_port_bits":     187,                                              
         "num_memories":      0,                                                
         "num_memory_bits":   0,                                                
         "num_processes":     0,                                                
         "num_cells":         3144,                                             
         "num_submodules":       0,                                             
         "num_cells_by_type": {                                                 
            "$_ANDNOT_": 568,                                                   
            "$_AND_": 144,                                                      
            "$_DFFE_PP_": 192,                                                  
            "$_MUX_": 896,                                                      
            "$_NOR_": 64,                                                       
            "$_NOT_": 352,                                                      
            "$_ORNOT_": 64,                                                     
            "$_OR_": 208,                                                       
            "$_SDFFE_PP0P_": 128,                                               
            "$_SDFF_PP0_": 128,                                                 
            "$_XNOR_": 32,                                                      
            "$_XOR_": 368                                                       
         }                                                                      
      }                                                                         
}                                                                               
                                                                                
123. Printing statistics.                                                       
                                                                                
=== pe16_row8 ===                                                               
                                                                                
        +----------Local Count, excluding submodules.                           
        |                                                                       
     2526 wires                                                                 
     3215 wire bits                                                             
       86 public wires                                                          
      775 public wire bits                                                      
       16 ports                                                                 
      187 port bits                                                             
     3144 cells                                                                 
      568   $_ANDNOT_                                                           
      144   $_AND_                                                              
      192   $_DFFE_PP_                                                          
      896   $_MUX_                                                              
       64   $_NOR_                                                              
      352   $_NOT_                                                              
       64   $_ORNOT_                                                            
      208   $_OR_                                                               
      128   $_SDFFE_PP0P_                                                       
      128   $_SDFF_PP0_                                                         
       32   $_XNOR_                                                             
      368   $_XOR_                                                              
                                                                                
   Area for cell type $_ANDNOT_ is unknown!                                     
   Area for cell type $_AND_ is unknown!                                        
   Area for cell type $_DFFE_PP_ is unknown!                                    
   Area for cell type $_MUX_ is unknown!                                        
   Area for cell type $_NOR_ is unknown!                                        
   Area for cell type $_NOT_ is unknown!                                        
   Area for cell type $_ORNOT_ is unknown!                                      
   Area for cell type $_OR_ is unknown!                                         
   Area for cell type $_SDFFE_PP0P_ is unknown!                                 
   Area for cell type $_SDFF_PP0_ is unknown!                                   
   Area for cell type $_XNOR_ is unknown!                                       
   Area for cell type $_XOR_ is unknown!                                        
                                                                                
[INFO] Applying tri-state buffer mapping from                                   
'/home/matthias/.ciel/ihp-sg13g2/ihp-sg13g2/libs.tech/librelane/sg13g2_stdcell/t
ribuff_map.v'…                                                                  
                                                                                
124. Executing TECHMAP pass (map to technology primitives).                     
                                                                                
124.1. Executing Verilog-2005 frontend:                                         
/home/matthias/.ciel/ihp-sg13g2/ihp-sg13g2/libs.tech/librelane/sg13g2_stdcell/tr
ibuff_map.v                                                                     
Parsing Verilog input from                                                      
`/home/matthias/.ciel/ihp-sg13g2/ihp-sg13g2/libs.tech/librelane/sg13g2_stdcell/t
ribuff_map.v' to AST representation.                                            
Generating RTLIL representation for module `$_TBUF_'.                           
Successfully finished Verilog frontend.                                         
                                                                                
124.2. Continuing TECHMAP pass.                                                 
No more expansions possible.                                                    
<suppressed ~3 debug messages>                                                  
                                                                                
125. Executing SIMPLEMAP pass (map simple cells to gate primitives).            
[INFO] Applying latch mapping from                                              
'/home/matthias/.ciel/ihp-sg13g2/ihp-sg13g2/libs.tech/librelane/sg13g2_stdcell/l
atch_map.v'…                                                                    
                                                                                
126. Executing TECHMAP pass (map to technology primitives).                     
                                                                                
126.1. Executing Verilog-2005 frontend:                                         
/home/matthias/.ciel/ihp-sg13g2/ihp-sg13g2/libs.tech/librelane/sg13g2_stdcell/la
tch_map.v                                                                       
Parsing Verilog input from                                                      
`/home/matthias/.ciel/ihp-sg13g2/ihp-sg13g2/libs.tech/librelane/sg13g2_stdcell/l
atch_map.v' to AST representation.                                              
Generating RTLIL representation for module `$_DLATCH_P_'.                       
Generating RTLIL representation for module `$_DLATCH_PN0_'.                     
Generating RTLIL representation for module `$_DLATCH_N_'.                       
Generating RTLIL representation for module `$_DLATCH_NN0_'.                     
Successfully finished Verilog frontend.                                         
                                                                                
126.2. Continuing TECHMAP pass.                                                 
No more expansions possible.                                                    
<suppressed ~6 debug messages>                                                  
                                                                                
127. Executing SIMPLEMAP pass (map simple cells to gate primitives).            
                                                                                
128. Executing DFFLIBMAP pass (mapping DFF cells to sequential cells from       
liberty file).                                                                  
  cell sg13g2_dfrbpq_1 (noninv, pins=4, area=48.99) is a direct match for cell  
type $_DFF_PN0_.                                                                
  final dff cell mappings:                                                      
    unmapped dff cell: $_DFF_N_                                                 
    unmapped dff cell: $_DFF_P_                                                 
    unmapped dff cell: $_DFF_NN0_                                               
    unmapped dff cell: $_DFF_NN1_                                               
    unmapped dff cell: $_DFF_NP0_                                               
    unmapped dff cell: $_DFF_NP1_                                               
    \sg13g2_dfrbpq_1 _DFF_PN0_ (.CLK( C), .D( D), .Q( Q), .RESET_B( R));        
    unmapped dff cell: $_DFF_PN1_                                               
    unmapped dff cell: $_DFF_PP0_                                               
    unmapped dff cell: $_DFF_PP1_                                               
    unmapped dff cell: $_DFFE_NN_                                               
    unmapped dff cell: $_DFFE_NP_                                               
    unmapped dff cell: $_DFFE_PN_                                               
    unmapped dff cell: $_DFFE_PP_                                               
    unmapped dff cell: $_DFFSR_NNN_                                             
    unmapped dff cell: $_DFFSR_NNP_                                             
    unmapped dff cell: $_DFFSR_NPN_                                             
    unmapped dff cell: $_DFFSR_NPP_                                             
    unmapped dff cell: $_DFFSR_PNN_                                             
    unmapped dff cell: $_DFFSR_PNP_                                             
    unmapped dff cell: $_DFFSR_PPN_                                             
    unmapped dff cell: $_DFFSR_PPP_                                             
                                                                                
128.1. Executing DFFLEGALIZE pass (convert FFs to types supported by the        
target).                                                                        
<suppressed ~4 debug messages>                                                  
Mapping DFF cells in module `\pe16_row8':                                       
  mapped 448 $_DFF_PN0_ cells to \sg13g2_dfrbpq_1 cells.                        
{                                                                               
   "creator": "Yosys 0.62 (git sha1 7326bb7d6641500ecb285c291a54a662cb1e76cf,   
clang++ 21.1.2 -fPIC -O3)",                                                     
   "invocation": "stat -json -liberty                                           
/var/tmp/pe-synth/pnr/pe16_row8_20ns_u90/runs/pe16_row8_20ns_u90/tmp/e37cab22950
c4feeb05041b99fd51a47.lib -liberty                                              
/var/tmp/pe-synth/pnr/pe16_row8_20ns_u90/runs/pe16_row8_20ns_u90/tmp/c607ad2ab03
54ccda6dba8017910df69.lib ",                                                    
   "modules": {                                                                 
      "\\pe16_row8": {                                                          
         "num_wires":         3102,                                             
         "num_wire_bits":     3791,                                             
         "num_pub_wires":     86,                                               
         "num_pub_wire_bits": 775,                                              
         "num_ports":         16,                                               
         "num_port_bits":     187,                                              
         "num_memories":      0,                                                
         "num_memory_bits":   0,                                                
         "num_processes":     0,                                                
         "num_cells":         3720,                                             
         "num_submodules":       0,                                             
         "area":              21946.982400,                                     
         "sequential_area":    21946.982400,                                    
         "num_cells_by_type": {                                                 
            "$_ANDNOT_": 568,                                                   
            "$_AND_": 144,                                                      
            "$_MUX_": 1472,                                                     
            "$_NOR_": 64,                                                       
            "$_NOT_": 352,                                                      
            "$_ORNOT_": 64,                                                     
            "$_OR_": 208,                                                       
            "$_XNOR_": 32,                                                      
            "$_XOR_": 368,                                                      
            "sg13g2_dfrbpq_1": 448                                              
         }                                                                      
      }                                                                         
   },                                                                           
      "design": {                                                               
         "num_wires":         3102,                                             
         "num_wire_bits":     3791,                                             
         "num_pub_wires":     86,                                               
         "num_pub_wire_bits": 775,                                              
         "num_ports":         16,                                               
         "num_port_bits":     187,                                              
         "num_memories":      0,                                                
         "num_memory_bits":   0,                                                
         "num_processes":     0,                                                
         "num_cells":         3720,                                             
         "num_submodules":       0,                                             
         "area":              21946.982400,                                     
         "sequential_area":    21946.982400,                                    
         "num_cells_by_type": {                                                 
            "$_ANDNOT_": 568,                                                   
            "$_AND_": 144,                                                      
            "$_MUX_": 1472,                                                     
            "$_NOR_": 64,                                                       
            "$_NOT_": 352,                                                      
            "$_ORNOT_": 64,                                                     
            "$_OR_": 208,                                                       
            "$_XNOR_": 32,                                                      
            "$_XOR_": 368,                                                      
            "sg13g2_dfrbpq_1": 448                                              
         }                                                                      
      }                                                                         
}                                                                               
                                                                                
129. Printing statistics.                                                       
                                                                                
=== pe16_row8 ===                                                               
                                                                                
        +----------Local Count, excluding submodules.                           
        |        +-Local Area, excluding submodules.                            
        |        |                                                              
     3102        - wires                                                        
     3791        - wire bits                                                    
       86        - public wires                                                 
      775        - public wire bits                                             
       16        - ports                                                        
      187        - port bits                                                    
     3720 2.19E+04 cells                                                        
      568        -   $_ANDNOT_                                                  
      144        -   $_AND_                                                     
     1472        -   $_MUX_                                                     
       64        -   $_NOR_                                                     
      352        -   $_NOT_                                                     
       64        -   $_ORNOT_                                                   
      208        -   $_OR_                                                      
       32        -   $_XNOR_                                                    
      368        -   $_XOR_                                                     
      448 2.19E+04   sg13g2_dfrbpq_1                                            
                                                                                
   Area for cell type $_ANDNOT_ is unknown!                                     
   Area for cell type $_AND_ is unknown!                                        
   Area for cell type $_MUX_ is unknown!                                        
   Area for cell type $_NOR_ is unknown!                                        
   Area for cell type $_NOT_ is unknown!                                        
   Area for cell type $_ORNOT_ is unknown!                                      
   Area for cell type $_OR_ is unknown!                                         
   Area for cell type $_XNOR_ is unknown!                                       
   Area for cell type $_XOR_ is unknown!                                        
                                                                                
   Chip area for module '\pe16_row8': 21946.982400                              
     of which used for sequential elements: 21946.982400 (100.00%)              
                                                                                
[INFO] Using generated ABC script                                               
'/var/tmp/pe-synth/pnr/pe16_row8_20ns_u90/runs/pe16_row8_20ns_u90/06-yosys-synth
esis/AREA_0.abc'…                                                               
                                                                                
130. Executing ABC pass (technology mapping using ABC).                         
                                                                                
130.1. Extracting gate netlist of module `\pe16_row8' to                        
`/tmp/yosys-abc-VeywZ3/input.blif'..                                            
                                                                                
130.1.1. Executed ABC.                                                          
Extracted 3272 gates and 3755 wires to a netlist network with 482 inputs and 576
outputs.                                                                        
Running ABC script: /tmp/yosys-abc-VeywZ3/abc.script                            
ABC: ======== ABC command line "source /tmp/yosys-abc-VeywZ3/abc.script"        
ABC: + read_blif /tmp/yosys-abc-VeywZ3/input.blif                               
ABC: + read_lib -w                                                              
/var/tmp/pe-synth/pnr/pe16_row8_20ns_u90/runs/pe16_row8_20ns_u90/tmp/e37cab22950
c4feeb05041b99fd51a47.lib                                                       
ABC: Parsing finished successfully.  Parsing time =     0.01 sec                
ABC: Scl_LibertyReadGenlib() skipped cell "sg13g2_antennanp" due to dont_use    
attribute.                                                                      
ABC: Scl_LibertyReadGenlib() skipped cell "sg13g2_decap_4" due to dont_use      
attribute.                                                                      
ABC: Scl_LibertyReadGenlib() skipped cell "sg13g2_decap_8" due to dont_use      
attribute.                                                                      
ABC: Scl_LibertyReadGenlib() skipped sequential cell "sg13g2_dfrbp_1".          
ABC: Scl_LibertyReadGenlib() skipped sequential cell "sg13g2_dfrbpq_1".         
ABC: Scl_LibertyReadGenlib() skipped sequential cell "sg13g2_dfrbpq_2".         
ABC: Scl_LibertyReadGenlib() skipped sequential cell "sg13g2_dlhq_1".           
ABC: Scl_LibertyReadGenlib() skipped sequential cell "sg13g2_dlhr_1".           
ABC: Scl_LibertyReadGenlib() skipped sequential cell "sg13g2_dlhrq_1".          
ABC: Scl_LibertyReadGenlib() skipped sequential cell "sg13g2_dllr_1".           
ABC: Scl_LibertyReadGenlib() skipped sequential cell "sg13g2_dllrq_1".          
ABC: Scl_LibertyReadGenlib() skipped three-state cell "sg13g2_ebufn_2".         
ABC: Scl_LibertyReadGenlib() skipped three-state cell "sg13g2_ebufn_4".         
ABC: Scl_LibertyReadGenlib() skipped three-state cell "sg13g2_ebufn_8".         
ABC: Scl_LibertyReadGenlib() skipped three-state cell "sg13g2_einvn_2".         
ABC: Scl_LibertyReadGenlib() skipped three-state cell "sg13g2_einvn_4".         
ABC: Scl_LibertyReadGenlib() skipped three-state cell "sg13g2_einvn_8".         
ABC: Scl_LibertyReadGenlib() skipped cell "sg13g2_fill_1" due to dont_use       
attribute.                                                                      
ABC: Scl_LibertyReadGenlib() skipped cell "sg13g2_fill_2" due to dont_use       
attribute.                                                                      
ABC: Scl_LibertyReadGenlib() skipped cell "sg13g2_fill_4" due to dont_use       
attribute.                                                                      
ABC: Scl_LibertyReadGenlib() skipped cell "sg13g2_fill_8" due to dont_use       
attribute.                                                                      
ABC: Scl_LibertyReadGenlib() skipped sequential cell "sg13g2_sdfrbp_1".         
ABC: Scl_LibertyReadGenlib() skipped sequential cell "sg13g2_sdfrbp_2".         
ABC: Scl_LibertyReadGenlib() skipped sequential cell "sg13g2_sdfrbpq_1".        
ABC: Scl_LibertyReadGenlib() skipped sequential cell "sg13g2_sdfrbpq_2".        
ABC: Library "sg13g2_stdcell_typ_1p20V_25C" from                                
"/var/tmp/pe-synth/pnr/pe16_row8_20ns_u90/runs/pe16_row8_20ns_u90/tmp/e37cab2295
0c4feeb05041b99fd51a47.lib" has 54 cells (25 skipped: 12 seq; 6 tri-state; 0 no 
func; 7 dont_use; 0 with 2 outputs; 0 with 3+ outputs).  Time =     0.02 sec    
ABC: Memory =    2.63 MB. Time =     0.02 sec                                   
ABC: + read_lib -m -w                                                           
/var/tmp/pe-synth/pnr/pe16_row8_20ns_u90/runs/pe16_row8_20ns_u90/tmp/c607ad2ab03
54ccda6dba8017910df69.lib                                                       
ABC: Parsing finished successfully.  Parsing time =     0.00 sec                
ABC: Scl_LibertyReadGenlib() skipped cell "sg13g2_IOPadIOVdd" without logic     
function.                                                                       
ABC: Scl_LibertyReadGenlib() skipped cell "sg13g2_IOPadIOVss" without logic     
function.                                                                       
ABC: Scl_LibertyReadGenlib() skipped cell "sg13g2_IOPadIn" due to dont_use      
attribute.                                                                      
ABC: Scl_LibertyReadGenlib() skipped cell "sg13g2_IOPadInOut16mA" due to        
dont_use attribute.                                                             
ABC: Scl_LibertyReadGenlib() skipped cell "sg13g2_IOPadInOut30mA" due to        
dont_use attribute.                                                             
ABC: Scl_LibertyReadGenlib() skipped cell "sg13g2_IOPadInOut4mA" due to dont_use
attribute.                                                                      
ABC: Scl_LibertyReadGenlib() skipped cell "sg13g2_IOPadOut16mA" due to dont_use 
attribute.                                                                      
ABC: Scl_LibertyReadGenlib() skipped cell "sg13g2_IOPadOut30mA" due to dont_use 
attribute.                                                                      
ABC: Scl_LibertyReadGenlib() skipped cell "sg13g2_IOPadOut4mA" due to dont_use  
attribute.                                                                      
ABC: Scl_LibertyReadGenlib() skipped cell "sg13g2_IOPadTriOut16mA" due to       
dont_use attribute.                                                             
ABC: Scl_LibertyReadGenlib() skipped cell "sg13g2_IOPadTriOut30mA" due to       
dont_use attribute.                                                             
ABC: Scl_LibertyReadGenlib() skipped cell "sg13g2_IOPadTriOut4mA" due to        
dont_use attribute.                                                             
ABC: Scl_LibertyReadGenlib() skipped cell "sg13g2_IOPadVdd" without logic       
function.                                                                       
ABC: Scl_LibertyReadGenlib() skipped cell "sg13g2_IOPadVss" without logic       
function.                                                                       
ABC: Scl_LibertyReadGenlib() skipped cell "sg13g2_IOPadAnalog" due to dont_use  
attribute.                                                                      
ABC: Library "sg13g2_io_typ_1p2V_3p3V_25C" from                                 
"/var/tmp/pe-synth/pnr/pe16_row8_20ns_u90/runs/pe16_row8_20ns_u90/tmp/c607ad2ab0
354ccda6dba8017910df69.lib" has 0 cells (15 skipped: 0 seq; 0 tri-state; 4 no   
func; 11 dont_use; 0 with 2 outputs; 0 with 3+ outputs).  Time =     0.00 sec   
ABC: Memory =    0.38 MB. Time =     0.00 sec                                   
ABC: Updated library "sg13g2_stdcell_typ_1p20V_25C" with additional 0 cells from
library "sg13g2_io_typ_1p2V_3p3V_25C".                                          
ABC: + read_constr -v                                                           
/var/tmp/pe-synth/pnr/pe16_row8_20ns_u90/runs/pe16_row8_20ns_u90/06-yosys-synthe
sis/synthesis.abc.sdc                                                           
ABC: Setting driving cell to be "sg13g2_buf_4/X".                               
ABC: Setting output load to be 6.000000.                                        
ABC: + source                                                                   
/var/tmp/pe-synth/pnr/pe16_row8_20ns_u90/runs/pe16_row8_20ns_u90/06-yosys-synthe
sis/AREA_0.abc                                                                  
ABC: Error: The network is combinational.                                       
ABC: Cannot find the default PI driving cell (sg13g2_buf_4/X) in the library.   
ABC: WireLoad = "none"  Gates =   2731 (  1.8 %)   Cap =  8.6 ff ( 12.2 %)      
Area =    31941.60 ( 75.7 %)   Delay =  3132.44 ps  (  3.0 %)                   
ABC: Path  0 --     313 : 0    7 pi              A =   0.00  Df =   0.0   -0.0  
ps  S =   0.0 ps  Cin =  0.0 ff  Cout =  19.5 ff  Cmax =   0.0 ff  G =    0     
ABC: Path  1 --    2516 : 2   16 sg13g2_nor2_1   A =   7.26  Df = 537.2 -332.3  
ps  S = 726.8 ps  Cin =  3.0 ff  Cout =  88.1 ff  Cmax = 300.0 ff  G = 2935     
ABC: Path  2 --    2559 : 2    2 sg13g2_xnor2_1  A =  14.52  Df = 805.4 -416.4  
ps  S = 183.0 ps  Cin =  5.4 ff  Cout =   8.6 ff  Cmax = 300.0 ff  G =  158     
ABC: Path  3 --    2566 : 2    2 sg13g2_xnor2_1  A =  14.52  Df = 974.0 -447.7  
ps  S = 115.1 ps  Cin =  5.4 ff  Cout =   8.6 ff  Cmax = 300.0 ff  G =  157     
ABC: Path  4 --    2567 : 3    3 sg13g2_o21ai_1  A =   9.07  Df =1089.9 -125.9  
ps  S = 150.5 ps  Cin =  3.3 ff  Cout =  11.3 ff  Cmax = 300.0 ff  G =  340     
ABC: Path  5 --    2570 : 5    3 sg13g2_a221oi_1 A =  14.52  Df =1281.6 -139.3  
ps  S = 182.4 ps  Cin =  3.0 ff  Cout =   9.0 ff  Cmax = 300.0 ff  G =  301     
ABC: Path  6 --    2579 : 4    1 sg13g2_nor4_1   A =  10.89  Df =1367.2  -72.2  
ps  S = 122.4 ps  Cin =  2.9 ff  Cout =   3.1 ff  Cmax = 300.0 ff  G =  102     
ABC: Path  7 --    2582 : 3    3 sg13g2_nor3_1   A =   9.07  Df =1554.9 -160.0  
ps  S = 189.4 ps  Cin =  3.0 ff  Cout =  12.1 ff  Cmax = 300.0 ff  G =  400     
ABC: Path  8 --    2609 : 3    3 sg13g2_o21ai_1  A =   9.07  Df =1701.4 -146.8  
ps  S = 151.4 ps  Cin =  3.3 ff  Cout =  11.5 ff  Cmax = 300.0 ff  G =  343     
ABC: Path  9 --    2625 : 3    3 sg13g2_a21o_1   A =  12.70  Df =1854.7 -131.9  
ps  S =  63.3 ps  Cin =  2.7 ff  Cout =  11.5 ff  Cmax = 300.0 ff  G =  422     
ABC: Path 10 --    2628 : 3    3 sg13g2_a21o_1   A =  12.70  Df =1987.4 -131.6  
ps  S =  60.4 ps  Cin =  2.7 ff  Cout =  11.0 ff  Cmax = 300.0 ff  G =  401     
ABC: Path 11 --    2630 : 3   26 sg13g2_a21oi_1  A =   9.07  Df =2592.3 -313.0  
ps  S = 783.2 ps  Cin =  3.0 ff  Cout =  93.4 ff  Cmax = 300.0 ff  G = 3044     
ABC: Path 12 --    2655 : 3    1 sg13g2_a21oi_1  A =   9.07  Df =2774.9 -339.5  
ps  S = 124.9 ps  Cin =  3.0 ff  Cout =   3.1 ff  Cmax = 300.0 ff  G =  100     
ABC: Path 13 --    2658 : 5    1 sg13g2_a221oi_1 A =  14.52  Df =2945.5 -411.3  
ps  S = 126.5 ps  Cin =  3.0 ff  Cout =   2.6 ff  Cmax = 300.0 ff  G =   85     
ABC: Path 14 --    2661 : 3    1 sg13g2_or3_1    A =  12.70  Df =3062.6 -138.4  
ps  S =  35.6 ps  Cin =  2.5 ff  Cout =   3.1 ff  Cmax = 300.0 ff  G =  121     
ABC: Path 15 --    2662 : 3    1 sg13g2_a21oi_1  A =   9.07  Df =3132.4 -117.6  
ps  S =  77.5 ps  Cin =  3.0 ff  Cout =   6.0 ff  Cmax = 300.0 ff  G =  201     
ABC: Start-point = pi312 (\_404 [0]).  End-point = po361                        
($auto$rtlil.cc:3583:MuxGate$7999).                                             
ABC: netlist                       : i/o =  482/  576  lat =    0  nd =  2731   
edge =   7139  area =31939.66  delay =15.00  lev = 15                           
ABC: + write_blif /tmp/yosys-abc-VeywZ3/output.blif                             
                                                                                
130.1.2. Re-integrating ABC results.                                            
ABC RESULTS:     sg13g2_a21o_1 cells:       42                                  
ABC RESULTS:    sg13g2_a21oi_1 cells:      320                                  
ABC RESULTS:   sg13g2_a221oi_1 cells:       29                                  
ABC RESULTS:    sg13g2_a22oi_1 cells:       72                                  
ABC RESULTS:     sg13g2_and2_1 cells:       66                                  
ABC RESULTS:     sg13g2_and3_1 cells:        4                                  
ABC RESULTS:     sg13g2_and4_1 cells:        1                                  
ABC RESULTS:      sg13g2_inv_1 cells:       49                                  
ABC RESULTS:     sg13g2_mux2_1 cells:      643                                  
ABC RESULTS:    sg13g2_nand2_1 cells:      188                                  
ABC RESULTS:   sg13g2_nand2b_1 cells:       74                                  
ABC RESULTS:    sg13g2_nand3_1 cells:       21                                  
ABC RESULTS:   sg13g2_nand3b_1 cells:        4                                  
ABC RESULTS:    sg13g2_nand4_1 cells:       12                                  
ABC RESULTS:     sg13g2_nor2_1 cells:      266                                  
ABC RESULTS:    sg13g2_nor2b_1 cells:      161                                  
ABC RESULTS:     sg13g2_nor3_1 cells:       71                                  
ABC RESULTS:     sg13g2_nor4_1 cells:        2                                  
ABC RESULTS:    sg13g2_o21ai_1 cells:      353                                  
ABC RESULTS:      sg13g2_or2_1 cells:       14                                  
ABC RESULTS:      sg13g2_or3_1 cells:        5                                  
ABC RESULTS:      sg13g2_or4_1 cells:        1                                  
ABC RESULTS:    sg13g2_xnor2_1 cells:      218                                  
ABC RESULTS:     sg13g2_xor2_1 cells:      115                                  
ABC RESULTS:        internal signals:     2697                                  
ABC RESULTS:           input signals:      482                                  
ABC RESULTS:          output signals:      576                                  
Removing temp directory.                                                        
Removing global temp directory.                                                 
                                                                                
131. Executing SETUNDEF pass (replace undef values with defined constants).     
                                                                                
132. Executing HILOMAP pass (mapping to constant drivers).                      
                                                                                
133. Executing SPLITNETS pass (splitting up multi-bit signals).                 
                                                                                
134. Executing OPT_CLEAN pass (remove unused cells and wires).                  
Finding unused cells or wires in module \pe16_row8..                            
Removed 0 unused cells and 3787 unused wires.                                   
<suppressed ~162 debug messages>                                                
                                                                                
135. Executing INSBUF pass (insert buffer cells for connected wires).           
Add pe16_row8/$auto$insbuf.cc:97:execute$12178: \_129 -> \cfg_out [2]           
Add pe16_row8/$auto$insbuf.cc:97:execute$12179: \_123 -> \cfg_out [3]           
Add pe16_row8/$auto$insbuf.cc:97:execute$12180: \_167 -> \cfg_out [4]           
                                                                                
136. Executing CHECK pass (checking for obvious problems).                      
Checking module pe16_row8...                                                    
Found and reported 0 problems.                                                  
{                                                                               
   "creator": "Yosys 0.62 (git sha1 7326bb7d6641500ecb285c291a54a662cb1e76cf,   
clang++ 21.1.2 -fPIC -O3)",                                                     
   "invocation": "stat -json -liberty                                           
/var/tmp/pe-synth/pnr/pe16_row8_20ns_u90/runs/pe16_row8_20ns_u90/tmp/e37cab22950
c4feeb05041b99fd51a47.lib -liberty                                              
/var/tmp/pe-synth/pnr/pe16_row8_20ns_u90/runs/pe16_row8_20ns_u90/tmp/c607ad2ab03
54ccda6dba8017910df69.lib ",                                                    
   "modules": {                                                                 
      "\\pe16_row8": {                                                          
         "num_wires":         3494,                                             
         "num_wire_bits":     3665,                                             
         "num_pub_wires":     443,                                              
         "num_pub_wire_bits": 614,                                              
         "num_ports":         16,                                               
         "num_port_bits":     187,                                              
         "num_memories":      0,                                                
         "num_memory_bits":   0,                                                
         "num_processes":     0,                                                
         "num_cells":         3630,                                             
         "num_submodules":       0,                                             
         "area":              57161.764800,                                     
         "sequential_area":    21946.982400,                                    
         "num_cells_by_type": {                                                 
            "sg13g2_a21o_1": 42,                                                
            "sg13g2_a21oi_1": 320,                                              
            "sg13g2_a221oi_1": 29,                                              
            "sg13g2_a22oi_1": 72,                                               
            "sg13g2_and2_1": 66,                                                
            "sg13g2_and3_1": 4,                                                 
            "sg13g2_and4_1": 1,                                                 
            "sg13g2_buf_1": 3,                                                  
            "sg13g2_dfrbpq_1": 448,                                             
            "sg13g2_inv_1": 49,                                                 
            "sg13g2_mux2_1": 643,                                               
            "sg13g2_nand2_1": 188,                                              
            "sg13g2_nand2b_1": 74,                                              
            "sg13g2_nand3_1": 21,                                               
            "sg13g2_nand3b_1": 4,                                               
            "sg13g2_nand4_1": 12,                                               
            "sg13g2_nor2_1": 266,                                               
            "sg13g2_nor2b_1": 161,                                              
            "sg13g2_nor3_1": 71,                                                
            "sg13g2_nor4_1": 2,                                                 
            "sg13g2_o21ai_1": 353,                                              
            "sg13g2_or2_1": 14,                                                 
            "sg13g2_or3_1": 5,                                                  
            "sg13g2_or4_1": 1,                                                  
            "sg13g2_tiehi": 448,                                                
            "sg13g2_xnor2_1": 218,                                              
            "sg13g2_xor2_1": 115                                                
         }                                                                      
      }                                                                         
   },                                                                           
      "design": {                                                               
         "num_wires":         3494,                                             
         "num_wire_bits":     3665,                                             
         "num_pub_wires":     443,                                              
         "num_pub_wire_bits": 614,                                              
         "num_ports":         16,                                               
         "num_port_bits":     187,                                              
         "num_memories":      0,                                                
         "num_memory_bits":   0,                                                
         "num_processes":     0,                                                
         "num_cells":         3630,                                             
         "num_submodules":       0,                                             
         "area":              57161.764800,                                     
         "sequential_area":    21946.982400,                                    
         "num_cells_by_type": {                                                 
            "sg13g2_a21o_1": 42,                                                
            "sg13g2_a21oi_1": 320,                                              
            "sg13g2_a221oi_1": 29,                                              
            "sg13g2_a22oi_1": 72,                                               
            "sg13g2_and2_1": 66,                                                
            "sg13g2_and3_1": 4,                                                 
            "sg13g2_and4_1": 1,                                                 
            "sg13g2_buf_1": 3,                                                  
            "sg13g2_dfrbpq_1": 448,                                             
            "sg13g2_inv_1": 49,                                                 
            "sg13g2_mux2_1": 643,                                               
            "sg13g2_nand2_1": 188,                                              
            "sg13g2_nand2b_1": 74,                                              
            "sg13g2_nand3_1": 21,                                               
            "sg13g2_nand3b_1": 4,                                               
            "sg13g2_nand4_1": 12,                                               
            "sg13g2_nor2_1": 266,                                               
            "sg13g2_nor2b_1": 161,                                              
            "sg13g2_nor3_1": 71,                                                
            "sg13g2_nor4_1": 2,                                                 
            "sg13g2_o21ai_1": 353,                                              
            "sg13g2_or2_1": 14,                                                 
            "sg13g2_or3_1": 5,                                                  
            "sg13g2_or4_1": 1,                                                  
            "sg13g2_tiehi": 448,                                                
            "sg13g2_xnor2_1": 218,                                              
            "sg13g2_xor2_1": 115                                                
         }                                                                      
      }                                                                         
}                                                                               
                                                                                
137. Printing statistics.                                                       
                                                                                
=== pe16_row8 ===                                                               
                                                                                
        +----------Local Count, excluding submodules.                           
        |        +-Local Area, excluding submodules.                            
        |        |                                                              
     3494        - wires                                                        
     3665        - wire bits                                                    
      443        - public wires                                                 
      614        - public wire bits                                             
       16        - ports                                                        
      187        - port bits                                                    
     3630 5.72E+04 cells                                                        
       42  533.434   sg13g2_a21o_1                                              
      320  2903.04   sg13g2_a21oi_1                                             
       29  420.941   sg13g2_a221oi_1                                            
       72  781.099   sg13g2_a22oi_1                                             
       66  598.752   sg13g2_and2_1                                              
        4   50.803   sg13g2_and3_1                                              
        1   14.515   sg13g2_and4_1                                              
        3   21.773   sg13g2_buf_1                                               
      448 2.19E+04   sg13g2_dfrbpq_1                                            
       49  266.717   sg13g2_inv_1                                               
      643 1.17E+04   sg13g2_mux2_1                                              
      188 1.36E+03   sg13g2_nand2_1                                             
       74  671.328   sg13g2_nand2b_1                                            
       21  190.512   sg13g2_nand3_1                                             
        4   50.803   sg13g2_nand3b_1                                            
       12  130.637   sg13g2_nand4_1                                             
      266 1.93E+03   sg13g2_nor2_1                                              
      161 1.46E+03   sg13g2_nor2b_1                                             
       71  644.112   sg13g2_nor3_1                                              
        2   21.773   sg13g2_nor4_1                                              
      353  3.2E+03   sg13g2_o21ai_1                                             
       14  127.008   sg13g2_or2_1                                               
        5   63.504   sg13g2_or3_1                                               
        1   14.515   sg13g2_or4_1                                               
      448 3.25E+03   sg13g2_tiehi                                               
      218 3.16E+03   sg13g2_xnor2_1                                             
      115 1.67E+03   sg13g2_xor2_1                                              
                                                                                
   Chip area for module '\pe16_row8': 57161.764800                              
     of which used for sequential elements: 21946.982400 (38.39%)               
                                                                                
138. Executing Verilog backend.                                                 
Dumping module `\pe16_row8'.                                                    
                                                                                
139. Executing JSON backend.                                                    
[04:45:08] VERBOSE  Parsing synthesis checks…                       pyosys.py:59
[04:45:08] VERBOSE  Parsing synthesis checks…                       pyosys.py:59
──────────────────────────── Unmapped Cells Checker ────────────────────────────
[04:45:08] VERBOSE  Running 'Checker.YosysUnmappedCells' at         step.py:1138
                    'runs/pe16_row8_20ns_u90/07-checker-yosysunmapp             
                    edcells'…                                                   
[04:45:08] INFO     Check for Unmapped Yosys instances clear.     checker.py:131
────────────────────────────── Yosys Synth Checks ──────────────────────────────
[04:45:08] VERBOSE  Running 'Checker.YosysSynthChecks' at           step.py:1138
                    'runs/pe16_row8_20ns_u90/08-checker-yosyssynthc             
                    hecks'…                                                     
[04:45:08] INFO     Check for Yosys check errors clear.           checker.py:131
─────────────────────── Netlist Assign Statement Checker ───────────────────────
[04:45:08] VERBOSE  Running 'Checker.NetlistAssignStatements' at    step.py:1138
                    'runs/pe16_row8_20ns_u90/09-checker-netlistassi             
                    gnstatements'…                                              
─────────────────────────────── Check SDC Files ────────────────────────────────
[04:45:08] VERBOSE  Running 'OpenROAD.CheckSDCFiles' at             step.py:1138
                    'runs/pe16_row8_20ns_u90/10-openroad-checksdcfi             
                    les'…                                                       
[04:45:08] WARNING  'PNR_SDC_FILE' is not defined. Using generic openroad.py:184
                    fallback SDC for OpenROAD PnR steps.                        
[04:45:08] WARNING  'SIGNOFF_SDC_FILE' is not defined. Using     openroad.py:188
                    generic fallback SDC for OpenROAD PnR steps.                
──────────────────────────── Check Macro Instances ─────────────────────────────
[04:45:08] VERBOSE  Running 'OpenROAD.CheckMacroInstances' at       step.py:1138
                    'runs/pe16_row8_20ns_u90/11-openroad-checkmacro             
                    instances'…                                                 
[04:45:08] INFO     No macros found, skipping instance check…    openroad.py:694
─────────────────────── Static Timing Analysis (Pre-PnR) ───────────────────────
[04:45:08] VERBOSE  Running 'OpenROAD.STAPrePNR' at                 step.py:1138
                    'runs/pe16_row8_20ns_u90/12-openroad-staprepnr'             
                    …                                                           
[04:45:08] INFO     Starting STA for the nom_fast_1p32V_m40C     openroad.py:749
                    timing corner…                                              
[04:45:08] INFO     Starting STA for the nom_slow_1p08V_125C     openroad.py:749
                    timing corner…                                              
[04:45:08] INFO     Starting STA for the nom_typ_1p20V_25C       openroad.py:749
                    timing corner…                                              
[04:45:08] VERBOSE  Logging subprocess to                           step.py:1338
                    'runs/pe16_row8_20ns_u90/12-openroad-staprepnr/             
                    nom_fast_1p32V_m40C/sta.log'…                               
[04:45:08] VERBOSE  Logging subprocess to                           step.py:1338
                    'runs/pe16_row8_20ns_u90/12-openroad-staprepnr/             
                    nom_slow_1p08V_125C/sta.log'…                               
[04:45:08] VERBOSE  Logging subprocess to                           step.py:1338
                    'runs/pe16_row8_20ns_u90/12-openroad-staprepnr/             
                    nom_typ_1p20V_25C/sta.log'…                                 
[04:45:10] INFO     Finished STA for the nom_fast_1p32V_m40C     openroad.py:764
                    timing corner.                                              
[04:45:10] INFO     Finished STA for the nom_slow_1p08V_125C     openroad.py:764
                    timing corner.                                              
[04:45:10] INFO     Finished STA for the nom_typ_1p20V_25C       openroad.py:764
                    timing corner.                                              
┏━━━━━━━━━━━━━━━━━━━━━━┳━━━━┳━━━━┳━━━━┳━━━━┳━━━━┳━━━┳━━━━┳━━━┳━━━━┳━━━┳━━━━┳━━━┓
┃                      ┃    ┃    ┃    ┃    ┃ of ┃   ┃    ┃   ┃    ┃ … ┃    ┃   ┃
┃                      ┃    ┃ R… ┃    ┃    ┃ w… ┃   ┃ R… ┃   ┃    ┃ … ┃    ┃   ┃
┃                      ┃ H… ┃ to ┃    ┃ H… ┃ r… ┃ … ┃ to ┃   ┃ S… ┃ … ┃ M… ┃ … ┃
┃                      ┃ W… ┃ R… ┃ H… ┃ V… ┃ to ┃ … ┃ R… ┃ … ┃ V… ┃ … ┃ C… ┃ … ┃
┃ Corner/Group         ┃ S… ┃ P… ┃ T… ┃ C… ┃ r… ┃ … ┃ P… ┃ … ┃ C… ┃ … ┃ V… ┃ … ┃
┡━━━━━━━━━━━━━━━━━━━━━━╇━━━━╇━━━━╇━━━━╇━━━━╇━━━━╇━━━╇━━━━╇━━━╇━━━━╇━━━╇━━━━╇━━━┩
│ Overall              │ -… │ -… │ -… │ 4… │ 4… │ … │ 1… │ … │ 0  │ 0 │ 1  │ 0 │
│ nom_fast_1p32V_m40C  │ -… │ -… │ -… │ 4… │ 4… │ … │ N… │ … │ 0  │ 0 │ 1  │ 0 │
│ nom_slow_1p08V_125C  │ 0… │ 0… │ 0… │ 0  │ 0  │ … │ 1… │ … │ 0  │ 0 │ 1  │ 0 │
│ nom_typ_1p20V_25C    │ 0… │ 0… │ 0… │ 0  │ 0  │ … │ N… │ … │ 0  │ 0 │ 1  │ 0 │
└──────────────────────┴────┴────┴────┴────┴────┴───┴────┴───┴────┴───┴────┴───┘
─────────────────────────── Floorplan Initialization ───────────────────────────
[04:45:10] VERBOSE  Running 'OpenROAD.Floorplan' at                 step.py:1138
                    'runs/pe16_row8_20ns_u90/13-openroad-floorplan'             
                    …                                                           
[04:45:10] VERBOSE  Logging subprocess to                           step.py:1338
                    'runs/pe16_row8_20ns_u90/13-openroad-floorplan/             
                    openroad-floorplan.log'…                                    
Reading timing models for corner nom_typ_1p20V_25C…                             
Reading timing library for the 'nom_typ_1p20V_25C' corner at                    
'/home/matthias/.ciel/ihp-sg13g2/ihp-sg13g2/libs.ref/sg13g2_stdcell/lib/sg13g2_s
tdcell_typ_1p20V_25C.lib'…                                                      
Reading timing library for the 'nom_typ_1p20V_25C' corner at                    
'/home/matthias/.ciel/ihp-sg13g2/ihp-sg13g2/libs.ref/sg13g2_io/lib/sg13g2_io_typ
_1p2V_3p3V_25C.lib'…                                                            
Reading technology LEF file at                                                  
'/home/matthias/.ciel/ihp-sg13g2/ihp-sg13g2/libs.ref/sg13g2_stdcell/lef/sg13g2_t
ech.lef'…                                                                       
[INFO ODB-0227] LEF file:                                                       
/home/matthias/.ciel/ihp-sg13g2/ihp-sg13g2/libs.ref/sg13g2_stdcell/lef/sg13g2_te
ch.lef, created 19 layers, 70 vias                                              
Reading cell LEF file at                                                        
'/home/matthias/.ciel/ihp-sg13g2/ihp-sg13g2/libs.ref/sg13g2_stdcell/lef/sg13g2_s
tdcell.lef'…                                                                    
[INFO ODB-0227] LEF file:                                                       
/home/matthias/.ciel/ihp-sg13g2/ihp-sg13g2/libs.ref/sg13g2_stdcell/lef/sg13g2_st
dcell.lef, created 84 library cells                                             
Reading gpio pad LEF file at                                                    
'/home/matthias/.ciel/ihp-sg13g2/ihp-sg13g2/libs.ref/sg13g2_io/lef/sg13g2_io.lef
'…                                                                              
[INFO ODB-0227] LEF file:                                                       
/home/matthias/.ciel/ihp-sg13g2/ihp-sg13g2/libs.ref/sg13g2_io/lef/sg13g2_io.lef,
created 22 library cells                                                        
Reading top-level netlist at                                                    
'/var/tmp/pe-synth/pnr/pe16_row8_20ns_u90/runs/pe16_row8_20ns_u90/06-yosys-synth
esis/pe16_row8.nl.v'…                                                           
Linking design 'pe16_row8' from netlist…                                        
Reading design constraints file at                                              
'/nix/store/8y4m6wgn5kqlbig1qwnwbxijqqp0jwib-python3-3.13.9-env/lib/python3.13/s
ite-packages/librelane/scripts/base.sdc'…                                       
[INFO] Using clock clock…                                                       
[INFO] Setting output delay to: 4.0                                             
[INFO] Setting input delay to: 4.0                                              
[INFO] Setting load to: 0.006                                                   
[INFO] Setting clock uncertainty to: 0.25                                       
[INFO] Setting clock transition to: 0.15                                        
[INFO] Setting timing derate to: 5.0%                                           
Using site height: 3.78 and site width: 0.48…                                   
[INFO] Using relative sizing for the floorplan.                                 
+ initialize_floorplan -site CoreSite -utilization 90.0 -aspect_ratio 1.0       
-core_space 15.12 15.12 5.76 5.76                                               
[INFO IFP-0107] Defining die area using utilization: 90.00% and aspect ratio: 1.
[INFO IFP-0001] Added 66 rows of 525 site CoreSite.                             
[INFO IFP-0100] Die BBox:  (  0.000  0.000 ) ( 263.545 282.265 ) um             
[INFO IFP-0101] Core BBox: (  5.760 15.120 ) ( 257.760 264.600 ) um             
[INFO IFP-0102] Core area:                        62868.960 um^2                
[INFO IFP-0103] Total instances area:             57164.486 um^2                
[INFO IFP-0104] Effective utilization:                0.909                     
[INFO IFP-0105] Number of instances:                   3630                     
[INFO IFP-0030] Inserted 0 tiecells using sg13g2_tielo/L_LO.                    
[INFO IFP-0030] Inserted 0 tiecells using sg13g2_tiehi/L_HI.                    
[INFO] Extracting DIE_AREA and CORE_AREA from the floorplan                     
[INFO] Floorplanned on a die area of 0.0 0.0 263.545 282.265 (µm).              
[INFO] Floorplanned on a core area of 5.76 15.12 257.76 264.6 (µm).             
Writing metric design__die__bbox: 0.0 0.0 263.545 282.265                       
Writing metric design__core__bbox: 5.76 15.12 257.76 264.6                      
Setting global connections for newly added cells…                               
[INFO] Setting global connections...                                            
[INFO ODB-0403] 0 connections made, 0 conflicts skipped.                        
Updating metrics…                                                               
Cell type report:                       Count       Area                        
  Buffer                                    3      21.77                        
  Inverter                                 49     266.72                        
  Sequential cell                         448   21946.98                        
  Multi-Input combinational cell         3130   34929.01                        
  Total                                  3630   57164.49                        
Writing OpenROAD database to                                                    
'/var/tmp/pe-synth/pnr/pe16_row8_20ns_u90/runs/pe16_row8_20ns_u90/13-openroad-fl
oorplan/pe16_row8.odb'…                                                         
Writing netlist to                                                              
'/var/tmp/pe-synth/pnr/pe16_row8_20ns_u90/runs/pe16_row8_20ns_u90/13-openroad-fl
oorplan/pe16_row8.nl.v'…                                                        
Writing powered netlist to                                                      
'/var/tmp/pe-synth/pnr/pe16_row8_20ns_u90/runs/pe16_row8_20ns_u90/13-openroad-fl
oorplan/pe16_row8.pnl.v'…                                                       
Writing layout to                                                               
'/var/tmp/pe-synth/pnr/pe16_row8_20ns_u90/runs/pe16_row8_20ns_u90/13-openroad-fl
oorplan/pe16_row8.def'…                                                         
Writing timing constraints to                                                   
'/var/tmp/pe-synth/pnr/pe16_row8_20ns_u90/runs/pe16_row8_20ns_u90/13-openroad-fl
oorplan/pe16_row8.sdc'…                                                         
──────────────────────────────── Dump RC Values ────────────────────────────────
[04:45:11] VERBOSE  Running 'OpenROAD.DumpRCValues' at              step.py:1138
                    'runs/pe16_row8_20ns_u90/14-openroad-dumprcvalu             
                    es'…                                                        
[04:45:11] VERBOSE  Logging subprocess to                           step.py:1338
                    'runs/pe16_row8_20ns_u90/14-openroad-dumprcvalu             
                    es/openroad-dumprcvalues.log'…                              
Reading timing models for corner nom_typ_1p20V_25C…                             
Reading timing library for the 'nom_typ_1p20V_25C' corner at                    
'/home/matthias/.ciel/ihp-sg13g2/ihp-sg13g2/libs.ref/sg13g2_stdcell/lib/sg13g2_s
tdcell_typ_1p20V_25C.lib'…                                                      
Reading timing library for the 'nom_typ_1p20V_25C' corner at                    
'/home/matthias/.ciel/ihp-sg13g2/ihp-sg13g2/libs.ref/sg13g2_io/lib/sg13g2_io_typ
_1p2V_3p3V_25C.lib'…                                                            
Reading technology LEF file at                                                  
'/home/matthias/.ciel/ihp-sg13g2/ihp-sg13g2/libs.ref/sg13g2_stdcell/lef/sg13g2_t
ech.lef'…                                                                       
[INFO ODB-0227] LEF file:                                                       
/home/matthias/.ciel/ihp-sg13g2/ihp-sg13g2/libs.ref/sg13g2_stdcell/lef/sg13g2_te
ch.lef, created 19 layers, 70 vias                                              
Reading cell LEF file at                                                        
'/home/matthias/.ciel/ihp-sg13g2/ihp-sg13g2/libs.ref/sg13g2_stdcell/lef/sg13g2_s
tdcell.lef'…                                                                    
[INFO ODB-0227] LEF file:                                                       
/home/matthias/.ciel/ihp-sg13g2/ihp-sg13g2/libs.ref/sg13g2_stdcell/lef/sg13g2_st
dcell.lef, created 84 library cells                                             
Reading gpio pad LEF file at                                                    
'/home/matthias/.ciel/ihp-sg13g2/ihp-sg13g2/libs.ref/sg13g2_io/lef/sg13g2_io.lef
'…                                                                              
[INFO ODB-0227] LEF file:                                                       
/home/matthias/.ciel/ihp-sg13g2/ihp-sg13g2/libs.ref/sg13g2_io/lef/sg13g2_io.lef,
created 22 library cells                                                        
[INFO ODB-0127] Reading DEF file:                                               
/var/tmp/pe-synth/pnr/pe16_row8_20ns_u90/runs/pe16_row8_20ns_u90/13-openroad-flo
orplan/pe16_row8.def                                                            
[INFO ODB-0128] Design: pe16_row8                                               
[INFO ODB-0130]     Created 187 pins.                                           
[INFO ODB-0131]     Created 3630 components and 19376 component-terminals.      
[INFO ODB-0132]     Created 2 special nets and 7260 connections.                
[INFO ODB-0133]     Created 3665 nets and 12116 connections.                    
[INFO ODB-0134] Finished DEF file:                                              
/var/tmp/pe-synth/pnr/pe16_row8_20ns_u90/runs/pe16_row8_20ns_u90/13-openroad-flo
orplan/pe16_row8.def                                                            
────────── Check Antenna Properties of Macros Pins in Their LEF Views ──────────
[04:45:11] VERBOSE  Running 'Odb.CheckMacroAntennaProperties' at    step.py:1138
                    'runs/pe16_row8_20ns_u90/15-odb-checkmacroanten             
                    naproperties'…                                              
[04:45:11] INFO     No cells provided, skipping                       odb.py:234
                    'Odb.CheckMacroAntennaProperties'…                          
──────────────────────────── Set Power Connections ─────────────────────────────
[04:45:11] VERBOSE  Running 'Odb.SetPowerConnections' at            step.py:1138
                    'runs/pe16_row8_20ns_u90/16-odb-setpowerconnect             
                    ions'…                                                      
[04:45:11] VERBOSE  Logging subprocess to                           step.py:1338
                    'runs/pe16_row8_20ns_u90/16-odb-setpowerconnect             
                    ions/odb-setpowerconnections.log'…                          
──────────────────────────── Manual Macro Placement ────────────────────────────
[04:45:12] VERBOSE  Running 'Odb.ManualMacroPlacement' at           step.py:1138
                    'runs/pe16_row8_20ns_u90/17-odb-manualmacroplac             
                    ement'…                                                     
[04:45:12] INFO     No instances found, skipping                      odb.py:468
                    'Odb.ManualMacroPlacement'…                                 
─────────────────────────────────── Cut Rows ───────────────────────────────────
[04:45:12] VERBOSE  Running 'OpenROAD.CutRows' at                   step.py:1138
                    'runs/pe16_row8_20ns_u90/18-openroad-cutrows'…              
[04:45:12] VERBOSE  Logging subprocess to                           step.py:1338
                    'runs/pe16_row8_20ns_u90/18-openroad-cutrows/op             
                    enroad-cutrows.log'…                                        
Reading timing models for corner nom_typ_1p20V_25C…                             
Reading timing library for the 'nom_typ_1p20V_25C' corner at                    
'/home/matthias/.ciel/ihp-sg13g2/ihp-sg13g2/libs.ref/sg13g2_stdcell/lib/sg13g2_s
tdcell_typ_1p20V_25C.lib'…                                                      
Reading timing library for the 'nom_typ_1p20V_25C' corner at                    
'/home/matthias/.ciel/ihp-sg13g2/ihp-sg13g2/libs.ref/sg13g2_io/lib/sg13g2_io_typ
_1p2V_3p3V_25C.lib'…                                                            
Reading OpenROAD database at                                                    
'/var/tmp/pe-synth/pnr/pe16_row8_20ns_u90/runs/pe16_row8_20ns_u90/16-odb-setpowe
rconnections/pe16_row8.odb'…                                                    
Reading design constraints file at                                              
'/nix/store/8y4m6wgn5kqlbig1qwnwbxijqqp0jwib-python3-3.13.9-env/lib/python3.13/s
ite-packages/librelane/scripts/base.sdc'…                                       
[INFO] Using clock clock…                                                       
[INFO] Setting output delay to: 4.0                                             
[INFO] Setting input delay to: 4.0                                              
[INFO] Setting load to: 0.006                                                   
[INFO] Setting clock uncertainty to: 0.25                                       
[INFO] Setting clock transition to: 0.15                                        
[INFO] Setting timing derate to: 5.0%                                           
+ cut_rows -halo_width_x 10.0 -halo_width_y 10.0                                
Setting global connections for newly added cells…                               
[INFO] Setting global connections...                                            
[INFO ODB-0403] 0 connections made, 0 conflicts skipped.                        
Updating metrics…                                                               
Cell type report:                       Count       Area                        
  Buffer                                    3      21.77                        
  Inverter                                 49     266.72                        
  Sequential cell                         448   21946.98                        
  Multi-Input combinational cell         3130   34929.01                        
  Total                                  3630   57164.49                        
Writing OpenROAD database to                                                    
'/var/tmp/pe-synth/pnr/pe16_row8_20ns_u90/runs/pe16_row8_20ns_u90/18-openroad-cu
trows/pe16_row8.odb'…                                                           
Writing layout to                                                               
'/var/tmp/pe-synth/pnr/pe16_row8_20ns_u90/runs/pe16_row8_20ns_u90/18-openroad-cu
trows/pe16_row8.def'…                                                           
───────────────────────────── Tap/Decap Insertion ──────────────────────────────
[04:45:12] VERBOSE  Running 'OpenROAD.TapEndcapInsertion' at        step.py:1138
                    'runs/pe16_row8_20ns_u90/19-openroad-tapendcapi             
                    nsertion'…                                                  
[04:45:12] VERBOSE  Logging subprocess to                           step.py:1338
                    'runs/pe16_row8_20ns_u90/19-openroad-tapendcapi             
                    nsertion/openroad-tapendcapinsertion.log'…                  
Reading timing models for corner nom_typ_1p20V_25C…                             
Reading timing library for the 'nom_typ_1p20V_25C' corner at                    
'/home/matthias/.ciel/ihp-sg13g2/ihp-sg13g2/libs.ref/sg13g2_stdcell/lib/sg13g2_s
tdcell_typ_1p20V_25C.lib'…                                                      
Reading timing library for the 'nom_typ_1p20V_25C' corner at                    
'/home/matthias/.ciel/ihp-sg13g2/ihp-sg13g2/libs.ref/sg13g2_io/lib/sg13g2_io_typ
_1p2V_3p3V_25C.lib'…                                                            
Reading OpenROAD database at                                                    
'/var/tmp/pe-synth/pnr/pe16_row8_20ns_u90/runs/pe16_row8_20ns_u90/18-openroad-cu
trows/pe16_row8.odb'…                                                           
Reading design constraints file at                                              
'/nix/store/8y4m6wgn5kqlbig1qwnwbxijqqp0jwib-python3-3.13.9-env/lib/python3.13/s
ite-packages/librelane/scripts/base.sdc'…                                       
[INFO] Using clock clock…                                                       
[INFO] Setting output delay to: 4.0                                             
[INFO] Setting input delay to: 4.0                                              
[INFO] Setting load to: 0.006                                                   
[INFO] Setting clock uncertainty to: 0.25                                       
[INFO] Setting clock transition to: 0.15                                        
[INFO] Setting timing derate to: 5.0%                                           
+ tapcell -halo_width_x 10.0 -halo_width_y 10.0 -distance 0.0                   
Setting global connections for newly added cells…                               
[INFO] Setting global connections...                                            
[INFO ODB-0403] 0 connections made, 0 conflicts skipped.                        
Updating metrics…                                                               
Cell type report:                       Count       Area                        
  Buffer                                    3      21.77                        
  Inverter                                 49     266.72                        
  Sequential cell                         448   21946.98                        
  Multi-Input combinational cell         3130   34929.01                        
  Total                                  3630   57164.49                        
Writing OpenROAD database to                                                    
'/var/tmp/pe-synth/pnr/pe16_row8_20ns_u90/runs/pe16_row8_20ns_u90/19-openroad-ta
pendcapinsertion/pe16_row8.odb'…                                                
Writing netlist to                                                              
'/var/tmp/pe-synth/pnr/pe16_row8_20ns_u90/runs/pe16_row8_20ns_u90/19-openroad-ta
pendcapinsertion/pe16_row8.nl.v'…                                               
Writing powered netlist to                                                      
'/var/tmp/pe-synth/pnr/pe16_row8_20ns_u90/runs/pe16_row8_20ns_u90/19-openroad-ta
pendcapinsertion/pe16_row8.pnl.v'…                                              
Writing layout to                                                               
'/var/tmp/pe-synth/pnr/pe16_row8_20ns_u90/runs/pe16_row8_20ns_u90/19-openroad-ta
pendcapinsertion/pe16_row8.def'…                                                
Writing timing constraints to                                                   
'/var/tmp/pe-synth/pnr/pe16_row8_20ns_u90/runs/pe16_row8_20ns_u90/19-openroad-ta
pendcapinsertion/pe16_row8.sdc'…                                                
───────────────────────────── Add PDN obstructions ─────────────────────────────
[04:45:13] VERBOSE  Running 'Odb.AddPDNObstructions' at             step.py:1138
                    'runs/pe16_row8_20ns_u90/20-odb-addpdnobstructi             
                    ons'…                                                       
[04:45:13] INFO     'PDN_OBSTRUCTIONS' is not defined. Skipping       odb.py:589
                    'Odb.AddPDNObstructions'…                                   
──────────────────── Power Distribution Network Generation ─────────────────────
[04:45:13] VERBOSE  Running 'OpenROAD.GeneratePDN' at               step.py:1138
                    'runs/pe16_row8_20ns_u90/21-openroad-generatepd             
                    n'…                                                         
[04:45:13] INFO     'PDN_CFG' not explicitly set, setting it to openroad.py:1483
                    /nix/store/8y4m6wgn5kqlbig1qwnwbxijqqp0jwib                 
                    -python3-3.13.9-env/lib/python3.13/site-pac                 
                    kages/librelane/scripts/openroad/common/pdn                 
                    _cfg.tcl…                                                   
[04:45:13] VERBOSE  Logging subprocess to                           step.py:1338
                    'runs/pe16_row8_20ns_u90/21-openroad-generatepd             
                    n/openroad-generatepdn.log'…                                
Reading timing models for corner nom_typ_1p20V_25C…                             
Reading timing library for the 'nom_typ_1p20V_25C' corner at                    
'/home/matthias/.ciel/ihp-sg13g2/ihp-sg13g2/libs.ref/sg13g2_stdcell/lib/sg13g2_s
tdcell_typ_1p20V_25C.lib'…                                                      
Reading timing library for the 'nom_typ_1p20V_25C' corner at                    
'/home/matthias/.ciel/ihp-sg13g2/ihp-sg13g2/libs.ref/sg13g2_io/lib/sg13g2_io_typ
_1p2V_3p3V_25C.lib'…                                                            
Reading OpenROAD database at                                                    
'/var/tmp/pe-synth/pnr/pe16_row8_20ns_u90/runs/pe16_row8_20ns_u90/19-openroad-ta
pendcapinsertion/pe16_row8.odb'…                                                
Reading design constraints file at                                              
'/nix/store/8y4m6wgn5kqlbig1qwnwbxijqqp0jwib-python3-3.13.9-env/lib/python3.13/s
ite-packages/librelane/scripts/base.sdc'…                                       
[INFO] Using clock clock…                                                       
[INFO] Setting output delay to: 4.0                                             
[INFO] Setting input delay to: 4.0                                              
[INFO] Setting load to: 0.006                                                   
[INFO] Setting clock uncertainty to: 0.25                                       
[INFO] Setting clock transition to: 0.15                                        
[INFO] Setting timing derate to: 5.0%                                           
[INFO] Setting global connections...                                            
[INFO ODB-0403] 0 connections made, 0 conflicts skipped.                        
+ pdngen                                                                        
[INFO PDN-0001] Inserting grid: stdcell_grid                                    
Setting global connections for newly added cells…                               
[INFO] Setting global connections...                                            
[INFO ODB-0403] 0 connections made, 0 conflicts skipped.                        
Updating metrics…                                                               
Cell type report:                       Count       Area                        
  Buffer                                    3      21.77                        
  Inverter                                 49     266.72                        
  Sequential cell                         448   21946.98                        
  Multi-Input combinational cell         3130   34929.01                        
  Total                                  3630   57164.49                        
Writing OpenROAD database to                                                    
'/var/tmp/pe-synth/pnr/pe16_row8_20ns_u90/runs/pe16_row8_20ns_u90/21-openroad-ge
neratepdn/pe16_row8.odb'…                                                       
Writing netlist to                                                              
'/var/tmp/pe-synth/pnr/pe16_row8_20ns_u90/runs/pe16_row8_20ns_u90/21-openroad-ge
neratepdn/pe16_row8.nl.v'…                                                      
Writing powered netlist to                                                      
'/var/tmp/pe-synth/pnr/pe16_row8_20ns_u90/runs/pe16_row8_20ns_u90/21-openroad-ge
neratepdn/pe16_row8.pnl.v'…                                                     
Writing layout to                                                               
'/var/tmp/pe-synth/pnr/pe16_row8_20ns_u90/runs/pe16_row8_20ns_u90/21-openroad-ge
neratepdn/pe16_row8.def'…                                                       
Writing timing constraints to                                                   
'/var/tmp/pe-synth/pnr/pe16_row8_20ns_u90/runs/pe16_row8_20ns_u90/21-openroad-ge
neratepdn/pe16_row8.sdc'…                                                       
[INFO PSM-0040] All shapes on net VPWR are connected.                           
[INFO PSM-0040] All shapes on net VGND are connected.                           
─────────────────────────── Remove PDN obstructions ────────────────────────────
[04:45:13] VERBOSE  Running 'Odb.RemovePDNObstructions' at          step.py:1138
                    'runs/pe16_row8_20ns_u90/22-odb-removepdnobstru             
                    ctions'…                                                    
[04:45:13] INFO     'PDN_OBSTRUCTIONS' is not defined. Skipping       odb.py:589
                    'Odb.RemovePDNObstructions'…                                
─────────────────────────────── Add Obstructions ───────────────────────────────
[04:45:13] VERBOSE  Running 'Odb.AddRoutingObstructions' at         step.py:1138
                    'runs/pe16_row8_20ns_u90/23-odb-addroutingobstr             
                    uctions'…                                                   
[04:45:13] INFO     'ROUTING_OBSTRUCTIONS' is not defined. Skipping   odb.py:589
                    'Odb.AddRoutingObstructions'…                               
─────────────────────────── Global Placement Skip IO ───────────────────────────
[04:45:13] VERBOSE  Running 'OpenROAD.GlobalPlacementSkipIO' at     step.py:1138
                    'runs/pe16_row8_20ns_u90/24-openroad-globalplac             
                    ementskipio'…                                               
[04:45:13] VERBOSE  Logging subprocess to                           step.py:1338
                    'runs/pe16_row8_20ns_u90/24-openroad-globalplac             
                    ementskipio/openroad-globalplacementskipio.log'             
                    …                                                           
Reading timing models for corner nom_typ_1p20V_25C…                             
Reading timing library for the 'nom_typ_1p20V_25C' corner at                    
'/home/matthias/.ciel/ihp-sg13g2/ihp-sg13g2/libs.ref/sg13g2_stdcell/lib/sg13g2_s
tdcell_typ_1p20V_25C.lib'…                                                      
Reading timing library for the 'nom_typ_1p20V_25C' corner at                    
'/home/matthias/.ciel/ihp-sg13g2/ihp-sg13g2/libs.ref/sg13g2_io/lib/sg13g2_io_typ
_1p2V_3p3V_25C.lib'…                                                            
Reading OpenROAD database at                                                    
'/var/tmp/pe-synth/pnr/pe16_row8_20ns_u90/runs/pe16_row8_20ns_u90/21-openroad-ge
neratepdn/pe16_row8.odb'…                                                       
Reading design constraints file at                                              
'/nix/store/8y4m6wgn5kqlbig1qwnwbxijqqp0jwib-python3-3.13.9-env/lib/python3.13/s
ite-packages/librelane/scripts/base.sdc'…                                       
[INFO] Using clock clock…                                                       
[INFO] Setting output delay to: 4.0                                             
[INFO] Setting input delay to: 4.0                                              
[INFO] Setting load to: 0.006                                                   
[INFO] Setting clock uncertainty to: 0.25                                       
[INFO] Setting clock transition to: 0.15                                        
[INFO] Setting timing derate to: 5.0%                                           
+ global_placement -density 0.95 -skip_io -pad_right 0 -pad_left 0              
-init_wirelength_coef 0.25                                                      
[INFO GPL-0001] ---- Initialize GPL Main Data Structures                        
[INFO GPL-0002] DBU: 1000                                                       
[INFO GPL-0003] SiteSize: (  0.480  3.780 ) um                                  
[INFO GPL-0004] CoreBBox: (  5.760 15.120 ) ( 257.760 264.600 ) um              
[INFO GPL-0036] Movable instances area:      57164.486 um^2                     
[INFO GPL-0037] Total instances area:        57164.486 um^2                     
[INFO GPL-0035] Pin density area adjust:      4870.555 um^2                     
[INFO GPL-0032] ---- Initialize Region: Top-level                               
[INFO GPL-0006] Number of instances:              3630                          
[INFO GPL-0007] Movable instances:                3630                          
[INFO GPL-0008] Fixed instances:                     0                          
[INFO GPL-0009] Dummy instances:                     0                          
[INFO GPL-0010] Number of nets:                   3665                          
[INFO GPL-0011] Number of pins:                  12116                          
[INFO GPL-0012] Die BBox:  (  0.000  0.000 ) ( 263.545 282.265 ) um             
[INFO GPL-0013] Core BBox: (  5.760 15.120 ) ( 257.760 264.600 ) um             
[INFO GPL-0016] Core area:                   62868.960 um^2                     
[INFO GPL-0014] Region name: top-level.                                         
[INFO GPL-0015] Region area:                 62868.960 um^2                     
[INFO GPL-0017] Fixed instances area:            0.000 um^2                     
[INFO GPL-0018] Movable instances area:      62035.041 um^2                     
[INFO GPL-0019] Utilization:                    98.674 %                        
[INFO GPL-0020] Standard cells area:         62035.041 um^2                     
[INFO GPL-0021] Large instances area:            0.000 um^2                     
[INFO GPL-0005] ---- Execute Conjugate Gradient Initial Placement.              
[INFO GPL-0051] Source of initial instance position counters:                   
        Odb location = 0        Core center = 3630      Region center = 0       
[INFO GPL-0033] ---- Initialize Nesterov Region: Top-level                      
[04:45:13] WARNING  [GPL-0302] Target density 0.9500 is too low  openroad.py:314
                    for the available free area.                                
Automatically adjusting to uniform density 0.9900.                              
[INFO GPL-0023] Placement target density:       0.9900                          
[INFO GPL-0024] Movable insts average area:     17.090 um^2                     
[INFO GPL-0025] Ideal bin area:                 17.262 um^2                     
[INFO GPL-0026] Ideal bin count:                  3642                          
[INFO GPL-0027] Total bin area:              62868.960 um^2                     
[INFO GPL-0028] Bin count (X, Y):          32 ,     32                          
[INFO GPL-0029] Bin size (W * H):       7.875 *  7.796 um                       
[INFO GPL-0030] Number of bins:                   1024                          
[INFO GPL-0007] ---- Execute Nesterov Global Placement.                         
[INFO GPL-0031] HPWL: Half-Perimeter Wirelength                                 
Iteration | Overflow |     HPWL (um) |  HPWL(%) |   Penalty | Group             
---------------------------------------------------------------                 
        0 |   0.9958 |  1.198850e+04 |   +0.00% |  4.68e-15 |                   
       10 |   0.9920 |  9.150191e+03 |  -23.68% |  7.63e-15 |                   
       20 |   0.9919 |  9.003978e+03 |   -1.60% |  1.24e-14 |                   
       30 |   0.9908 |  8.921453e+03 |   -0.92% |  2.02e-14 |                   
       40 |   0.9881 |  8.831332e+03 |   -1.01% |  3.30e-14 |                   
       50 |   0.9880 |  8.743197e+03 |   -1.00% |  5.37e-14 |                   
       60 |   0.9876 |  8.664435e+03 |   -0.90% |  8.75e-14 |                   
       70 |   0.9854 |  8.589374e+03 |   -0.87% |  1.42e-13 |                   
       80 |   0.9841 |  8.519075e+03 |   -0.82% |  2.32e-13 |                   
       90 |   0.9839 |  8.451888e+03 |   -0.79% |  3.78e-13 |                   
      100 |   0.9813 |  8.388005e+03 |   -0.76% |  6.16e-13 |                   
      110 |   0.9800 |  8.334302e+03 |   -0.64% |  1.00e-12 |                   
      120 |   0.9760 |  8.375402e+03 |   +0.49% |  1.63e-12 |                   
      130 |   0.9717 |  8.569622e+03 |   +2.32% |  2.66e-12 |                   
      140 |   0.9655 |  8.905091e+03 |   +3.91% |  4.33e-12 |                   
      150 |   0.9563 |  9.568973e+03 |   +7.46% |  7.06e-12 |                   
      160 |   0.9379 |  1.070585e+04 |  +11.88% |  1.15e-11 |                   
      170 |   0.8929 |  1.313926e+04 |  +22.73% |  1.87e-11 |                   
      180 |   0.8421 |  1.667133e+04 |  +26.88% |  3.05e-11 |                   
      190 |   0.8143 |  1.873199e+04 |  +12.36% |  4.96e-11 |                   
      200 |   0.7744 |  2.045710e+04 |   +9.21% |  8.09e-11 |                   
      210 |   0.7365 |  2.325957e+04 |  +13.70% |  1.32e-10 |                   
      220 |   0.6929 |  2.642855e+04 |  +13.62% |  2.14e-10 |                   
      230 |   0.6504 |  3.009043e+04 |  +13.86% |  3.49e-10 |                   
      240 |   0.6043 |  3.551839e+04 |  +18.04% |  5.68e-10 |                   
      250 |   0.5646 |  4.151246e+04 |  +16.88% |  9.25e-10 |                   
      260 |   0.5148 |  4.536289e+04 |   +9.28% |  1.51e-09 |                   
      270 |   0.4769 |  4.562735e+04 |   +0.58% |  2.45e-09 |                   
      280 |   0.4260 |  4.610786e+04 |   +1.05% |  4.00e-09 |                   
      290 |   0.3629 |  4.736683e+04 |   +2.73% |  6.51e-09 |                   
      300 |   0.3162 |  4.713122e+04 |   -0.50% |  9.98e-09 |                   
      310 |   0.2750 |  4.728148e+04 |   +0.32% |  1.47e-08 |                   
      320 |   0.2461 |  4.757514e+04 |   +0.62% |  2.17e-08 |                   
      330 |   0.2130 |  4.757819e+04 |   +0.01% |  3.19e-08 |                   
      340 |   0.1819 |  4.775481e+04 |   +0.37% |  4.70e-08 |                   
      350 |   0.1547 |  4.792379e+04 |   +0.35% |  6.92e-08 |                   
      360 |   0.1353 |  4.798680e+04 |   +0.13% |  1.02e-07 |                   
      370 |   0.1173 |  4.820169e+04 |   +0.45% |  1.50e-07 |                   
      380 |   0.1013 |  4.836159e+04 |   +0.33% |  2.21e-07 |                   
      381 |   0.1000 |  4.838900e+04 |          |  2.39e-07 |                   
---------------------------------------------------------------                 
[INFO GPL-1001] Global placement finished at iteration 381                      
[INFO GPL-1002] Placed Cell Area            62035.0412                          
[INFO GPL-1003] Available Free Area         62868.9600                          
[INFO GPL-1004] Minimum Feasible Density        0.9900 (cell_area / free_area)  
[INFO GPL-1006]   Suggested Target Densities:                                   
[INFO GPL-1007]     - For 90% usage of free space: 1.0964                       
[INFO GPL-1008]     - For 80% usage of free space: 1.2334                       
[04:45:14] WARNING  [GPL-1015] High uniform density (>0.99) may  openroad.py:314
                    cause congestion or legalization issues.                    
[INFO GPL-1014] Final placement area: 62035.04 (+0.00%)                         
Setting global connections for newly added cells…                               
[INFO] Setting global connections...                                            
[INFO ODB-0403] 0 connections made, 0 conflicts skipped.                        
Updating metrics…                                                               
Cell type report:                       Count       Area                        
  Buffer                                    3      21.77                        
  Inverter                                 49     266.72                        
  Sequential cell                         448   21946.98                        
  Multi-Input combinational cell         3130   34929.01                        
  Total                                  3630   57164.49                        
Writing OpenROAD database to                                                    
'/var/tmp/pe-synth/pnr/pe16_row8_20ns_u90/runs/pe16_row8_20ns_u90/24-openroad-gl
obalplacementskipio/pe16_row8.odb'…                                             
Writing netlist to                                                              
'/var/tmp/pe-synth/pnr/pe16_row8_20ns_u90/runs/pe16_row8_20ns_u90/24-openroad-gl
obalplacementskipio/pe16_row8.nl.v'…                                            
Writing powered netlist to                                                      
'/var/tmp/pe-synth/pnr/pe16_row8_20ns_u90/runs/pe16_row8_20ns_u90/24-openroad-gl
obalplacementskipio/pe16_row8.pnl.v'…                                           
Writing layout to                                                               
'/var/tmp/pe-synth/pnr/pe16_row8_20ns_u90/runs/pe16_row8_20ns_u90/24-openroad-gl
obalplacementskipio/pe16_row8.def'…                                             
Writing timing constraints to                                                   
'/var/tmp/pe-synth/pnr/pe16_row8_20ns_u90/runs/pe16_row8_20ns_u90/24-openroad-gl
obalplacementskipio/pe16_row8.sdc'…                                             
──────────────────────────────── I/O Placement ─────────────────────────────────
[04:45:14] VERBOSE  Running 'OpenROAD.IOPlacement' at               step.py:1138
                    'runs/pe16_row8_20ns_u90/25-openroad-ioplacemen             
                    t'…                                                         
[04:45:14] VERBOSE  Logging subprocess to                           step.py:1338
                    'runs/pe16_row8_20ns_u90/25-openroad-ioplacemen             
                    t/openroad-ioplacement.log'…                                
Reading timing models for corner nom_typ_1p20V_25C…                             
Reading timing library for the 'nom_typ_1p20V_25C' corner at                    
'/home/matthias/.ciel/ihp-sg13g2/ihp-sg13g2/libs.ref/sg13g2_stdcell/lib/sg13g2_s
tdcell_typ_1p20V_25C.lib'…                                                      
Reading timing library for the 'nom_typ_1p20V_25C' corner at                    
'/home/matthias/.ciel/ihp-sg13g2/ihp-sg13g2/libs.ref/sg13g2_io/lib/sg13g2_io_typ
_1p2V_3p3V_25C.lib'…                                                            
Reading OpenROAD database at                                                    
'/var/tmp/pe-synth/pnr/pe16_row8_20ns_u90/runs/pe16_row8_20ns_u90/24-openroad-gl
obalplacementskipio/pe16_row8.odb'…                                             
Reading design constraints file at                                              
'/nix/store/8y4m6wgn5kqlbig1qwnwbxijqqp0jwib-python3-3.13.9-env/lib/python3.13/s
ite-packages/librelane/scripts/base.sdc'…                                       
[INFO] Using clock clock…                                                       
[INFO] Setting output delay to: 4.0                                             
[INFO] Setting input delay to: 4.0                                              
[INFO] Setting load to: 0.006                                                   
[INFO] Setting clock uncertainty to: 0.25                                       
[INFO] Setting clock transition to: 0.15                                        
[INFO] Setting timing derate to: 5.0%                                           
+ place_pins -hor_layers Metal3 -ver_layers Metal2                              
Found 0 macro blocks.                                                           
Using 2 tracks default min distance between IO pins.                            
[INFO PPL-0001] Number of available slots 1204                                  
[INFO PPL-0002] Number of I/O             187                                   
[INFO PPL-0003] Number of I/O w/sink      187                                   
[INFO PPL-0004] Number of I/O w/o sink    0                                     
[INFO PPL-0005] Slots per section         200                                   
[INFO PPL-0008] Successfully assigned pins to sections.                         
[INFO PPL-0012] I/O nets HPWL: 12208.31 um.                                     
Setting global connections for newly added cells…                               
[INFO] Setting global connections...                                            
[INFO ODB-0403] 0 connections made, 0 conflicts skipped.                        
Updating metrics…                                                               
Cell type report:                       Count       Area                        
  Buffer                                    3      21.77                        
  Inverter                                 49     266.72                        
  Sequential cell                         448   21946.98                        
  Multi-Input combinational cell         3130   34929.01                        
  Total                                  3630   57164.49                        
Writing OpenROAD database to                                                    
'/var/tmp/pe-synth/pnr/pe16_row8_20ns_u90/runs/pe16_row8_20ns_u90/25-openroad-io
placement/pe16_row8.odb'…                                                       
Writing netlist to                                                              
'/var/tmp/pe-synth/pnr/pe16_row8_20ns_u90/runs/pe16_row8_20ns_u90/25-openroad-io
placement/pe16_row8.nl.v'…                                                      
Writing powered netlist to                                                      
'/var/tmp/pe-synth/pnr/pe16_row8_20ns_u90/runs/pe16_row8_20ns_u90/25-openroad-io
placement/pe16_row8.pnl.v'…                                                     
Writing layout to                                                               
'/var/tmp/pe-synth/pnr/pe16_row8_20ns_u90/runs/pe16_row8_20ns_u90/25-openroad-io
placement/pe16_row8.def'…                                                       
Writing timing constraints to                                                   
'/var/tmp/pe-synth/pnr/pe16_row8_20ns_u90/runs/pe16_row8_20ns_u90/25-openroad-io
placement/pe16_row8.sdc'…                                                       
─────────────────────── Custom I/O Pin Placement Script ────────────────────────
[04:45:15] VERBOSE  Running 'Odb.CustomIOPlacement' at              step.py:1138
                    'runs/pe16_row8_20ns_u90/26-odb-customioplaceme             
                    nt'…                                                        
[04:45:15] INFO     No custom I/O placement file configured, skipping odb.py:718
                    'Odb.CustomIOPlacement'…                                    
────────────────────────────── Apply DEF Template ──────────────────────────────
[04:45:15] VERBOSE  Running 'Odb.ApplyDEFTemplate' at               step.py:1138
                    'runs/pe16_row8_20ns_u90/27-odb-applydeftemplat             
                    e'…                                                         
[04:45:15] INFO     No DEF template provided, skipping                odb.py:302
                    'Odb.ApplyDEFTemplate'…                                     
─────────────────────────────── Global Placement ───────────────────────────────
[04:45:15] VERBOSE  Running 'OpenROAD.GlobalPlacement' at           step.py:1138
                    'runs/pe16_row8_20ns_u90/28-openroad-globalplac             
                    ement'…                                                     
[04:45:15] VERBOSE  Logging subprocess to                           step.py:1338
                    'runs/pe16_row8_20ns_u90/28-openroad-globalplac             
                    ement/openroad-globalplacement.log'…                        
Reading timing models for corner nom_typ_1p20V_25C…                             
Reading timing library for the 'nom_typ_1p20V_25C' corner at                    
'/home/matthias/.ciel/ihp-sg13g2/ihp-sg13g2/libs.ref/sg13g2_stdcell/lib/sg13g2_s
tdcell_typ_1p20V_25C.lib'…                                                      
Reading timing library for the 'nom_typ_1p20V_25C' corner at                    
'/home/matthias/.ciel/ihp-sg13g2/ihp-sg13g2/libs.ref/sg13g2_io/lib/sg13g2_io_typ
_1p2V_3p3V_25C.lib'…                                                            
Reading OpenROAD database at                                                    
'/var/tmp/pe-synth/pnr/pe16_row8_20ns_u90/runs/pe16_row8_20ns_u90/25-openroad-io
placement/pe16_row8.odb'…                                                       
Reading design constraints file at                                              
'/nix/store/8y4m6wgn5kqlbig1qwnwbxijqqp0jwib-python3-3.13.9-env/lib/python3.13/s
ite-packages/librelane/scripts/base.sdc'…                                       
[INFO] Using clock clock…                                                       
[INFO] Setting output delay to: 4.0                                             
[INFO] Setting input delay to: 4.0                                              
[INFO] Setting load to: 0.006                                                   
[INFO] Setting clock uncertainty to: 0.25                                       
[INFO] Setting clock transition to: 0.15                                        
[INFO] Setting timing derate to: 5.0%                                           
[INFO] Setting signal min routing layer to: Metal2 and clock min routing layer  
to Metal2.                                                                      
[INFO] Setting signal max routing layer to: TopMetal2 and clock max routing     
layer to TopMetal2.                                                             
+ global_placement -density 0.95 -routability_driven -pad_right 0 -pad_left 0   
-init_wirelength_coef 0.25                                                      
[INFO GPL-0001] ---- Initialize GPL Main Data Structures                        
[INFO GPL-0002] DBU: 1000                                                       
[INFO GPL-0003] SiteSize: (  0.480  3.780 ) um                                  
[INFO GPL-0004] CoreBBox: (  5.760 15.120 ) ( 257.760 264.600 ) um              
[INFO GPL-0036] Movable instances area:      57164.486 um^2                     
[INFO GPL-0037] Total instances area:        57164.486 um^2                     
[INFO GPL-0035] Pin density area adjust:      4870.555 um^2                     
[INFO GPL-0032] ---- Initialize Region: Top-level                               
[INFO GPL-0006] Number of instances:              3630                          
[INFO GPL-0007] Movable instances:                3630                          
[INFO GPL-0008] Fixed instances:                     0                          
[INFO GPL-0009] Dummy instances:                     0                          
[INFO GPL-0010] Number of nets:                   3665                          
[INFO GPL-0011] Number of pins:                  12303                          
[INFO GPL-0012] Die BBox:  (  0.000  0.000 ) ( 263.545 282.265 ) um             
[INFO GPL-0013] Core BBox: (  5.760 15.120 ) ( 257.760 264.600 ) um             
[INFO GPL-0016] Core area:                   62868.960 um^2                     
[INFO GPL-0014] Region name: top-level.                                         
[INFO GPL-0015] Region area:                 62868.960 um^2                     
[INFO GPL-0017] Fixed instances area:            0.000 um^2                     
[INFO GPL-0018] Movable instances area:      62035.041 um^2                     
[INFO GPL-0019] Utilization:                    98.674 %                        
[INFO GPL-0020] Standard cells area:         62035.041 um^2                     
[INFO GPL-0021] Large instances area:            0.000 um^2                     
[INFO GPL-0005] ---- Execute Conjugate Gradient Initial Placement.              
[INFO GPL-0051] Source of initial instance position counters:                   
        Odb location = 3630     Core center = 0 Region center = 0               
[InitialPlace]  Iter: 1 conjugate gradient residual: 0.00001010 HPWL: 92344254  
[InitialPlace]  Iter: 2 conjugate gradient residual: 0.00000894 HPWL: 78357248  
[InitialPlace]  Iter: 3 conjugate gradient residual: 0.00000771 HPWL: 73658099  
[InitialPlace]  Iter: 4 conjugate gradient residual: 0.00001213 HPWL: 71384741  
[InitialPlace]  Iter: 5 conjugate gradient residual: 0.00001510 HPWL: 70239526  
[InitialPlace]  Iter: 6 conjugate gradient residual: 0.00000575 HPWL: 69551821  
[INFO GPL-0033] ---- Initialize Nesterov Region: Top-level                      
[04:45:15] WARNING  [GPL-0302] Target density 0.9500 is too low  openroad.py:314
                    for the available free area.                                
Automatically adjusting to uniform density 0.9900.                              
[INFO GPL-0023] Placement target density:       0.9900                          
[INFO GPL-0024] Movable insts average area:     17.090 um^2                     
[INFO GPL-0025] Ideal bin area:                 17.262 um^2                     
[INFO GPL-0026] Ideal bin count:                  3642                          
[INFO GPL-0027] Total bin area:              62868.960 um^2                     
[INFO GPL-0028] Bin count (X, Y):          32 ,     32                          
[INFO GPL-0029] Bin size (W * H):       7.875 *  7.796 um                       
[INFO GPL-0030] Number of bins:                   1024                          
[INFO GPL-0007] ---- Execute Nesterov Global Placement.                         
[INFO GPL-0031] HPWL: Half-Perimeter Wirelength                                 
Iteration | Overflow |     HPWL (um) |  HPWL(%) |   Penalty | Group             
---------------------------------------------------------------                 
        0 |   0.7985 |  4.190389e+04 |   +0.00% |  3.62e-14 |                   
       10 |   0.7308 |  4.603195e+04 |   +9.85% |  5.89e-14 |                   
       20 |   0.7150 |  4.592359e+04 |   -0.24% |  9.59e-14 |                   
       30 |   0.7123 |  4.553973e+04 |   -0.84% |  1.56e-13 |                   
       40 |   0.7121 |  4.550700e+04 |   -0.07% |  2.54e-13 |                   
       50 |   0.7112 |  4.553161e+04 |   +0.05% |  4.14e-13 |                   
       60 |   0.7102 |  4.549251e+04 |   -0.09% |  6.75e-13 |                   
       70 |   0.7104 |  4.544399e+04 |   -0.11% |  1.10e-12 |                   
       80 |   0.7101 |  4.542449e+04 |   -0.04% |  1.79e-12 |                   
       90 |   0.7092 |  4.544357e+04 |   +0.04% |  2.92e-12 |                   
      100 |   0.7085 |  4.549554e+04 |   +0.11% |  4.75e-12 |                   
      110 |   0.7067 |  4.556723e+04 |   +0.16% |  7.74e-12 |                   
      120 |   0.7033 |  4.566391e+04 |   +0.21% |  1.26e-11 |                   
      130 |   0.6980 |  4.580907e+04 |   +0.32% |  2.05e-11 |                   
      140 |   0.6901 |  4.604704e+04 |   +0.52% |  3.34e-11 |                   
      150 |   0.6786 |  4.642789e+04 |   +0.83% |  5.45e-11 |                   
      160 |   0.6651 |  4.701832e+04 |   +1.27% |  8.87e-11 |                   
      170 |   0.6432 |  4.782848e+04 |   +1.72% |  1.45e-10 |                   
      180 |   0.6184 |  4.880334e+04 |   +2.04% |  2.35e-10 |                   
[INFO GPL-0038] Routability snapshot saved at iter = 188                        
      187 |   0.5978 |  4.955470e+04 |          |           |                   
      190 |   0.5885 |  4.987892e+04 |   +2.20% |  3.83e-10 |                   
      200 |   0.5533 |  5.091127e+04 |   +2.07% |  6.24e-10 |                   
      210 |   0.5133 |  5.175355e+04 |   +1.65% |  1.02e-09 |                   
      220 |   0.4688 |  5.228706e+04 |   +1.03% |  1.66e-09 |                   
      230 |   0.4226 |  5.288344e+04 |   +1.14% |  2.70e-09 |                   
      240 |   0.3667 |  5.331721e+04 |   +0.82% |  4.40e-09 |                   
      250 |   0.3172 |  5.365508e+04 |   +0.63% |  6.81e-09 |                   
[INFO GPL-0040] Routability iteration: 1                                        
[INFO GPL-0041] Total routing overflow: 0.0000                                  
[INFO GPL-0042] Number of overflowed tiles: 0 (0.00%)                           
[INFO GPL-0043] Average top 0.5% routing congestion: 0.7194                     
[INFO GPL-0044] Average top 1.0% routing congestion: 0.6996                     
[INFO GPL-0045] Average top 2.0% routing congestion: 0.6831                     
[INFO GPL-0046] Average top 5.0% routing congestion: 0.6507                     
[INFO GPL-0047] Routability iteration weighted routing congestion: 0.7095       
[INFO GPL-0050] Weighted routing congestion is lower than target routing        
congestion(1.0100), end routability optimization.                               
[INFO GPL-0090] Routability finished. Target routing congestion achieved        
succesfully.                                                                    
Iteration | Overflow |     HPWL (um) |  HPWL(%) |   Penalty | Group             
---------------------------------------------------------------                 
      260 |   0.2846 |  5.411612e+04 |   +0.86% |  1.00e-08 |                   
      270 |   0.2528 |  5.443559e+04 |   +0.59% |  1.48e-08 |                   
      280 |   0.2227 |  5.485827e+04 |   +0.78% |  2.18e-08 |                   
      290 |   0.1952 |  5.527086e+04 |   +0.75% |  3.21e-08 |                   
      300 |   0.1721 |  5.555761e+04 |   +0.52% |  4.72e-08 |                   
      310 |   0.1478 |  5.581563e+04 |   +0.46% |  6.96e-08 |                   
      320 |   0.1270 |  5.608657e+04 |   +0.49% |  1.02e-07 |                   
      330 |   0.1108 |  5.636162e+04 |   +0.49% |  1.51e-07 |                   
      337 |   0.0990 |  5.651855e+04 |          |  2.06e-07 |                   
---------------------------------------------------------------                 
[INFO GPL-1001] Global placement finished at iteration 337                      
[INFO GPL-1003] Routability mode iteration count: 68                            
[INFO GPL-1005] Routability final weighted congestion: 0.6846                   
[INFO GPL-1002] Placed Cell Area            62035.0412                          
[INFO GPL-1003] Available Free Area         62868.9600                          
[INFO GPL-1004] Minimum Feasible Density        0.9900 (cell_area / free_area)  
[INFO GPL-1006]   Suggested Target Densities:                                   
[INFO GPL-1007]     - For 90% usage of free space: 1.0964                       
[INFO GPL-1008]     - For 80% usage of free space: 1.2334                       
[04:45:15] WARNING  [GPL-1015] High uniform density (>0.99) may  openroad.py:314
                    cause congestion or legalization issues.                    
[INFO GPL-1011] Original area (um^2): 62035.04                                  
[INFO GPL-1012] Total routability artificial inflation: 0.00 (+0.00%)           
[INFO GPL-1014] Final placement area: 62035.04 (+0.00%)                         
Setting global connections for newly added cells…                               
[INFO] Setting global connections...                                            
[INFO ODB-0403] 0 connections made, 0 conflicts skipped.                        
Updating metrics…                                                               
Cell type report:                       Count       Area                        
  Buffer                                    3      21.77                        
  Inverter                                 49     266.72                        
  Sequential cell                         448   21946.98                        
  Multi-Input combinational cell         3130   34929.01                        
  Total                                  3630   57164.49                        
Writing OpenROAD database to                                                    
'/var/tmp/pe-synth/pnr/pe16_row8_20ns_u90/runs/pe16_row8_20ns_u90/28-openroad-gl
obalplacement/pe16_row8.odb'…                                                   
Writing netlist to                                                              
'/var/tmp/pe-synth/pnr/pe16_row8_20ns_u90/runs/pe16_row8_20ns_u90/28-openroad-gl
obalplacement/pe16_row8.nl.v'…                                                  
Writing powered netlist to                                                      
'/var/tmp/pe-synth/pnr/pe16_row8_20ns_u90/runs/pe16_row8_20ns_u90/28-openroad-gl
obalplacement/pe16_row8.pnl.v'…                                                 
Writing layout to                                                               
'/var/tmp/pe-synth/pnr/pe16_row8_20ns_u90/runs/pe16_row8_20ns_u90/28-openroad-gl
obalplacement/pe16_row8.def'…                                                   
Writing timing constraints to                                                   
'/var/tmp/pe-synth/pnr/pe16_row8_20ns_u90/runs/pe16_row8_20ns_u90/28-openroad-gl
obalplacement/pe16_row8.sdc'…                                                   
───────────────────────────── Write Verilog Header ─────────────────────────────
[04:45:16] VERBOSE  Running 'Odb.WriteVerilogHeader' at             step.py:1138
                    'runs/pe16_row8_20ns_u90/29-odb-writeveriloghea             
                    der'…                                                       
[04:45:16] VERBOSE  Logging subprocess to                           step.py:1338
                    'runs/pe16_row8_20ns_u90/29-odb-writeveriloghea             
                    der/odb-writeverilogheader.log'…                            
───────────────────────── Power Grid Violation Checker ─────────────────────────
[04:45:17] VERBOSE  Running 'Checker.PowerGridViolations' at        step.py:1138
                    'runs/pe16_row8_20ns_u90/30-checker-powergridvi             
                    olations'…                                                  
[04:45:17] INFO     Check for power grid violations (as reported  checker.py:131
                    by OpenROAD PSM- you may ignore these if LVS                
                    passes) clear.                                              
─────────────────────── Static Timing Analysis (Mid-PnR) ───────────────────────
[04:45:17] VERBOSE  Running 'OpenROAD.STAMidPNR' at                 step.py:1138
                    'runs/pe16_row8_20ns_u90/31-openroad-stamidpnr'             
                    …                                                           
[04:45:17] VERBOSE  Logging subprocess to                           step.py:1338
                    'runs/pe16_row8_20ns_u90/31-openroad-stamidpnr/             
                    openroad-stamidpnr.log'…                                    
Reading timing models for corner nom_typ_1p20V_25C…                             
Reading timing library for the 'nom_typ_1p20V_25C' corner at                    
'/home/matthias/.ciel/ihp-sg13g2/ihp-sg13g2/libs.ref/sg13g2_stdcell/lib/sg13g2_s
tdcell_typ_1p20V_25C.lib'…                                                      
Reading timing library for the 'nom_typ_1p20V_25C' corner at                    
'/home/matthias/.ciel/ihp-sg13g2/ihp-sg13g2/libs.ref/sg13g2_io/lib/sg13g2_io_typ
_1p2V_3p3V_25C.lib'…                                                            
Reading OpenROAD database at                                                    
'/var/tmp/pe-synth/pnr/pe16_row8_20ns_u90/runs/pe16_row8_20ns_u90/28-openroad-gl
obalplacement/pe16_row8.odb'…                                                   
Reading design constraints file at                                              
'/nix/store/8y4m6wgn5kqlbig1qwnwbxijqqp0jwib-python3-3.13.9-env/lib/python3.13/s
ite-packages/librelane/scripts/base.sdc'…                                       
[INFO] Using clock clock…                                                       
[INFO] Setting output delay to: 4.0                                             
[INFO] Setting input delay to: 4.0                                              
[INFO] Setting load to: 0.006                                                   
[INFO] Setting clock uncertainty to: 0.25                                       
[INFO] Setting clock transition to: 0.15                                        
[INFO] Setting timing derate to: 5.0%                                           
──────────────────── Repair Design (Post-Global Placement) ─────────────────────
[04:45:19] VERBOSE  Running 'OpenROAD.RepairDesignPostGPL' at       step.py:1138
                    'runs/pe16_row8_20ns_u90/32-openroad-repairdesi             
                    gnpostgpl'…                                                 
[04:45:19] VERBOSE  Logging subprocess to                           step.py:1338
                    'runs/pe16_row8_20ns_u90/32-openroad-repairdesi             
                    gnpostgpl/openroad-repairdesignpostgpl.log'…                
Reading timing models for corner nom_fast_1p32V_m40C…                           
Reading timing library for the 'nom_fast_1p32V_m40C' corner at                  
'/home/matthias/.ciel/ihp-sg13g2/ihp-sg13g2/libs.ref/sg13g2_stdcell/lib/sg13g2_s
tdcell_fast_1p32V_m40C.lib'…                                                    
Reading timing library for the 'nom_fast_1p32V_m40C' corner at                  
'/home/matthias/.ciel/ihp-sg13g2/ihp-sg13g2/libs.ref/sg13g2_io/lib/sg13g2_io_fas
t_1p32V_3p6V_m40C.lib'…                                                         
Reading timing models for corner nom_slow_1p08V_125C…                           
Reading timing library for the 'nom_slow_1p08V_125C' corner at                  
'/home/matthias/.ciel/ihp-sg13g2/ihp-sg13g2/libs.ref/sg13g2_stdcell/lib/sg13g2_s
tdcell_slow_1p08V_125C.lib'…                                                    
Reading timing library for the 'nom_slow_1p08V_125C' corner at                  
'/home/matthias/.ciel/ihp-sg13g2/ihp-sg13g2/libs.ref/sg13g2_io/lib/sg13g2_io_slo
w_1p08V_3p0V_125C.lib'…                                                         
Reading timing models for corner nom_typ_1p20V_25C…                             
Reading timing library for the 'nom_typ_1p20V_25C' corner at                    
'/home/matthias/.ciel/ihp-sg13g2/ihp-sg13g2/libs.ref/sg13g2_stdcell/lib/sg13g2_s
tdcell_typ_1p20V_25C.lib'…                                                      
Reading timing library for the 'nom_typ_1p20V_25C' corner at                    
'/home/matthias/.ciel/ihp-sg13g2/ihp-sg13g2/libs.ref/sg13g2_io/lib/sg13g2_io_typ
_1p2V_3p3V_25C.lib'…                                                            
Reading OpenROAD database at                                                    
'/var/tmp/pe-synth/pnr/pe16_row8_20ns_u90/runs/pe16_row8_20ns_u90/28-openroad-gl
obalplacement/pe16_row8.odb'…                                                   
Reading design constraints file at                                              
'/nix/store/8y4m6wgn5kqlbig1qwnwbxijqqp0jwib-python3-3.13.9-env/lib/python3.13/s
ite-packages/librelane/scripts/base.sdc'…                                       
[INFO] Using clock clock…                                                       
[INFO] Setting output delay to: 4.0                                             
[INFO] Setting input delay to: 4.0                                              
[INFO] Setting load to: 0.006                                                   
[INFO] Setting clock uncertainty to: 0.25                                       
[INFO] Setting clock transition to: 0.15                                        
[INFO] Setting timing derate to: 5.0%                                           
[INFO RSZ-0027] Inserted 34 sg13g2_buf_1 input buffers.                         
[INFO RSZ-0028] Inserted 152 sg13g2_buf_1 output buffers.                       
+ repair_design -verbose -max_wire_length 0.0 -slew_margin 20.0 -cap_margin 20.0
Iteration |   Area    | Resized | Buffers | Nets repaired | Remaining           
---------------------------------------------------------------------           
        0 |     +0.0% |       0 |       0 |             0 |      3851           
       10 |     +0.0% |       0 |       0 |             0 |      3841           
       20 |     +0.0% |       0 |       0 |             0 |      3831           
       30 |     +0.0% |       0 |       0 |             0 |      3821           
       40 |     +0.0% |       0 |       0 |             0 |      3811           
       50 |     +0.0% |       0 |       0 |             0 |      3801           
       60 |     +0.0% |       0 |       0 |             0 |      3791           
       70 |     +0.0% |       0 |       0 |             0 |      3781           
       80 |     +0.0% |       0 |       0 |             0 |      3771           
       90 |     +0.0% |       0 |       0 |             0 |      3761           
      100 |     +0.0% |       0 |       0 |             0 |      3751           
      110 |     +0.0% |       0 |       0 |             0 |      3741           
      120 |     +0.0% |       0 |       0 |             0 |      3731           
      130 |     +0.0% |       0 |       0 |             0 |      3721           
      140 |     +0.0% |       0 |       0 |             0 |      3711           
      150 |     +0.0% |       0 |       0 |             0 |      3701           
      160 |     +0.0% |       0 |       0 |             0 |      3691           
      170 |     +0.0% |       0 |       0 |             0 |      3681           
      180 |     +0.0% |       0 |       0 |             0 |      3671           
      190 |     +0.0% |       0 |       0 |             0 |      3661           
      200 |     +0.0% |       0 |       0 |             0 |      3651           
      210 |     +0.0% |       0 |       0 |             0 |      3641           
      220 |     +0.0% |       0 |       0 |             0 |      3631           
      230 |     +0.0% |       0 |       0 |             0 |      3621           
      240 |     +0.0% |       0 |       0 |             0 |      3611           
      250 |     +0.0% |       0 |       0 |             0 |      3601           
      260 |     +0.0% |       0 |       0 |             0 |      3591           
      270 |     +0.0% |       0 |       0 |             0 |      3581           
      280 |     +0.0% |       0 |       0 |             0 |      3571           
      290 |     +0.0% |       0 |       0 |             0 |      3561           
      300 |     +0.0% |       0 |       0 |             0 |      3551           
      310 |     +0.0% |       0 |       0 |             0 |      3541           
      320 |     +0.0% |       0 |       0 |             0 |      3531           
      330 |     +0.0% |       0 |       0 |             0 |      3521           
      340 |     +0.0% |       0 |       0 |             0 |      3511           
      350 |     +0.0% |       0 |       0 |             0 |      3501           
      360 |     +0.0% |       0 |       0 |             0 |      3491           
      370 |     +0.0% |       0 |       0 |             0 |      3481           
      380 |     +0.0% |       0 |       0 |             0 |      3471           
      390 |     +0.0% |       0 |       0 |             0 |      3461           
      400 |     +0.0% |       0 |       0 |             0 |      3451           
      410 |     +0.0% |       0 |       0 |             0 |      3441           
      420 |     +0.0% |       0 |       0 |             0 |      3431           
      430 |     +0.0% |       0 |       0 |             0 |      3421           
      440 |     +0.0% |       0 |       0 |             0 |      3411           
      450 |     +0.0% |       0 |       0 |             0 |      3401           
      460 |     +0.0% |       0 |       0 |             0 |      3391           
      470 |     +0.0% |       0 |       0 |             0 |      3381           
      480 |     +0.0% |       0 |       0 |             0 |      3371           
      490 |     +0.0% |       0 |       0 |             0 |      3361           
      500 |     +0.0% |       0 |       0 |             0 |      3351           
      510 |     +0.0% |       0 |       0 |             0 |      3341           
      520 |     +0.1% |       0 |       6 |             3 |      3331           
      530 |     +0.1% |       0 |       8 |             4 |      3321           
      540 |     +0.1% |       0 |       8 |             4 |      3311           
      550 |     +0.1% |       0 |       8 |             4 |      3301           
      560 |     +0.1% |       0 |       8 |             4 |      3291           
      570 |     +0.1% |       0 |       8 |             4 |      3281           
      580 |     +0.1% |       0 |       8 |             4 |      3271           
      590 |     +0.1% |       0 |       8 |             4 |      3261           
      600 |     +0.1% |       0 |       8 |             4 |      3251           
      610 |     +0.1% |       0 |       8 |             4 |      3241           
      620 |     +0.1% |       0 |       8 |             4 |      3231           
      630 |     +0.1% |       0 |       8 |             4 |      3221           
      640 |     +0.1% |       0 |       8 |             4 |      3211           
      650 |     +0.1% |       0 |       8 |             4 |      3201           
      660 |     +0.1% |       0 |       8 |             4 |      3191           
      670 |     +0.1% |       0 |       8 |             4 |      3181           
      680 |     +0.1% |       0 |       8 |             4 |      3171           
      690 |     +0.1% |       0 |       8 |             4 |      3161           
      700 |     +0.1% |       0 |       8 |             4 |      3151           
      710 |     +0.1% |       0 |       8 |             4 |      3141           
      720 |     +0.1% |       0 |       8 |             4 |      3131           
      730 |     +0.1% |       0 |       8 |             4 |      3121           
      740 |     +0.1% |       0 |       8 |             4 |      3111           
      750 |     +0.2% |       0 |      17 |             8 |      3101           
      760 |     +0.2% |       0 |      17 |             8 |      3091           
      770 |     +0.2% |       0 |      17 |             8 |      3081           
      780 |     +0.2% |       0 |      17 |             8 |      3071           
      790 |     +0.2% |       0 |      17 |             8 |      3061           
      800 |     +0.2% |       0 |      17 |             8 |      3051           
      810 |     +0.2% |       0 |      17 |             8 |      3041           
      820 |     +0.2% |       0 |      17 |             8 |      3031           
      830 |     +0.2% |       0 |      17 |             8 |      3021           
      840 |     +0.2% |       0 |      17 |             8 |      3011           
      850 |     +0.2% |       0 |      17 |             8 |      3001           
      860 |     +0.2% |       0 |      17 |             8 |      2991           
      870 |     +0.2% |       0 |      17 |             8 |      2981           
      880 |     +0.5% |       0 |      38 |            16 |      2971           
      890 |     +0.7% |       0 |      58 |            22 |      2961           
      900 |     +0.8% |       0 |      62 |            24 |      2951           
      910 |     +1.0% |       0 |      77 |            30 |      2941           
      920 |     +1.1% |       0 |      85 |            32 |      2931           
      930 |     +1.1% |       0 |      85 |            32 |      2921           
      940 |     +1.1% |       0 |      85 |            32 |      2911           
      950 |     +1.1% |       0 |      85 |            32 |      2901           
      960 |     +1.1% |       0 |      85 |            32 |      2891           
      970 |     +1.1% |       0 |      85 |            32 |      2881           
      980 |     +1.1% |       0 |      85 |            32 |      2871           
      990 |     +1.1% |       0 |      85 |            32 |      2861           
     1000 |     +1.1% |       0 |      85 |            32 |      2851           
     1010 |     +1.1% |       0 |      85 |            32 |      2841           
     1020 |     +1.1% |       0 |      85 |            32 |      2831           
     1030 |     +1.1% |       0 |      85 |            32 |      2821           
     1040 |     +1.1% |       0 |      85 |            32 |      2811           
     1050 |     +1.1% |       0 |      85 |            32 |      2801           
     1060 |     +1.1% |       0 |      85 |            32 |      2791           
     1070 |     +1.1% |       0 |      85 |            32 |      2781           
     1080 |     +1.1% |       0 |      85 |            32 |      2771           
     1090 |     +1.1% |       0 |      85 |            32 |      2761           
     1100 |     +1.1% |       0 |      85 |            32 |      2751           
     1110 |     +1.1% |       0 |      85 |            32 |      2741           
     1120 |     +1.1% |       0 |      85 |            32 |      2731           
     1130 |     +1.1% |       0 |      85 |            32 |      2721           
     1140 |     +1.1% |       0 |      85 |            32 |      2711           
     1150 |     +1.1% |       0 |      85 |            32 |      2701           
     1160 |     +1.1% |       0 |      85 |            32 |      2691           
     1170 |     +1.1% |       0 |      85 |            32 |      2681           
     1180 |     +1.1% |       0 |      85 |            32 |      2671           
     1190 |     +1.1% |       0 |      85 |            32 |      2661           
     1200 |     +1.1% |       0 |      85 |            32 |      2651           
     1210 |     +1.1% |       0 |      85 |            32 |      2641           
     1220 |     +1.1% |       0 |      85 |            32 |      2631           
     1230 |     +1.1% |       0 |      85 |            32 |      2621           
     1240 |     +1.1% |       0 |      85 |            32 |      2611           
     1250 |     +1.1% |       0 |      85 |            32 |      2601           
     1260 |     +1.1% |       0 |      85 |            32 |      2591           
     1270 |     +1.1% |       0 |      85 |            32 |      2581           
     1280 |     +1.1% |       0 |      85 |            32 |      2571           
     1290 |     +1.1% |       0 |      85 |            32 |      2561           
     1300 |     +1.1% |       0 |      85 |            32 |      2551           
     1310 |     +1.1% |       0 |      85 |            32 |      2541           
     1320 |     +1.1% |       0 |      85 |            32 |      2531           
     1330 |     +1.1% |       0 |      85 |            32 |      2521           
     1340 |     +1.1% |       0 |      85 |            32 |      2511           
     1350 |     +1.1% |       0 |      85 |            32 |      2501           
     1360 |     +1.1% |       0 |      85 |            32 |      2491           
     1370 |     +1.1% |       0 |      85 |            32 |      2481           
     1380 |     +1.1% |       0 |      85 |            32 |      2471           
     1390 |     +1.1% |       0 |      85 |            32 |      2461           
     1400 |     +1.1% |       0 |      85 |            32 |      2451           
     1410 |     +1.1% |       0 |      85 |            32 |      2441           
     1420 |     +1.1% |       0 |      85 |            32 |      2431           
     1430 |     +1.1% |       0 |      85 |            32 |      2421           
     1440 |     +1.1% |       0 |      85 |            32 |      2411           
     1450 |     +1.1% |       0 |      85 |            32 |      2401           
     1460 |     +1.1% |       0 |      85 |            32 |      2391           
     1470 |     +1.1% |       0 |      85 |            32 |      2381           
     1480 |     +1.1% |       0 |      85 |            32 |      2371           
     1490 |     +1.1% |       0 |      85 |            32 |      2361           
     1500 |     +1.1% |       0 |      85 |            32 |      2351           
     1510 |     +1.1% |       0 |      85 |            32 |      2341           
     1520 |     +1.1% |       0 |      85 |            32 |      2331           
     1530 |     +1.1% |       0 |      85 |            32 |      2321           
     1540 |     +1.1% |       0 |      85 |            32 |      2311           
     1550 |     +1.1% |       0 |      85 |            32 |      2301           
     1560 |     +1.1% |       0 |      85 |            32 |      2291           
     1570 |     +1.1% |       0 |      85 |            32 |      2281           
     1580 |     +1.1% |       0 |      85 |            32 |      2271           
     1590 |     +1.1% |       0 |      85 |            32 |      2261           
     1600 |     +1.1% |       0 |      85 |            32 |      2251           
     1610 |     +1.1% |       0 |      85 |            32 |      2241           
     1620 |     +1.1% |       0 |      85 |            32 |      2231           
     1630 |     +1.1% |       0 |      85 |            32 |      2221           
     1640 |     +1.1% |       0 |      85 |            32 |      2211           
     1650 |     +1.1% |       0 |      85 |            32 |      2201           
     1660 |     +1.1% |       0 |      85 |            32 |      2191           
     1670 |     +1.1% |       0 |      87 |            33 |      2181           
     1680 |     +1.1% |       0 |      87 |            33 |      2171           
     1690 |     +1.1% |       0 |      87 |            33 |      2161           
     1700 |     +1.1% |       0 |      87 |            33 |      2151           
     1710 |     +1.1% |       0 |      87 |            33 |      2141           
     1720 |     +1.1% |       0 |      89 |            34 |      2131           
     1730 |     +1.1% |       0 |      89 |            34 |      2121           
     1740 |     +1.1% |       0 |      91 |            35 |      2111           
     1750 |     +1.1% |       0 |      91 |            35 |      2101           
     1760 |     +1.2% |       0 |      96 |            36 |      2091           
     1770 |     +1.2% |       0 |      96 |            36 |      2081           
     1780 |     +1.2% |       0 |      98 |            37 |      2071           
     1790 |     +1.2% |       0 |      98 |            37 |      2061           
     1800 |     +1.2% |       0 |      98 |            37 |      2051           
     1810 |     +1.2% |       0 |      98 |            37 |      2041           
     1820 |     +1.2% |       0 |      98 |            37 |      2031           
     1830 |     +1.2% |       0 |      98 |            37 |      2021           
     1840 |     +1.2% |       0 |      98 |            37 |      2011           
     1850 |     +1.2% |       0 |      98 |            37 |      2001           
     1860 |     +1.2% |       0 |      98 |            37 |      1991           
     1870 |     +1.2% |       0 |      98 |            37 |      1981           
     1880 |     +1.2% |       0 |      98 |            37 |      1971           
     1890 |     +1.2% |       0 |      98 |            37 |      1961           
     1900 |     +1.2% |       0 |      98 |            37 |      1951           
     1910 |     +1.2% |       0 |      98 |            37 |      1941           
     1920 |     +1.2% |       0 |      98 |            37 |      1931           
     1930 |     +1.2% |       0 |      98 |            37 |      1921           
     1940 |     +1.2% |       0 |      98 |            37 |      1911           
     1950 |     +1.2% |       0 |      98 |            37 |      1901           
     1960 |     +1.2% |       0 |      98 |            37 |      1891           
     1970 |     +1.2% |       0 |      98 |            37 |      1881           
     1980 |     +1.2% |       0 |      98 |            37 |      1871           
     1990 |     +1.2% |       0 |      98 |            37 |      1861           
     2000 |     +1.2% |       0 |      98 |            37 |      1851           
     2010 |     +1.2% |       0 |      98 |            37 |      1841           
     2020 |     +1.2% |       0 |      98 |            37 |      1831           
     2030 |     +1.2% |       0 |      98 |            37 |      1821           
     2040 |     +1.2% |       0 |     100 |            38 |      1811           
     2050 |     +1.2% |       0 |     100 |            38 |      1801           
     2060 |     +1.2% |       0 |     100 |            38 |      1791           
     2070 |     +1.3% |       0 |     102 |            39 |      1781           
     2080 |     +1.3% |       0 |     102 |            39 |      1771           
     2090 |     +1.3% |       0 |     102 |            39 |      1761           
     2100 |     +1.3% |       0 |     102 |            39 |      1751           
     2110 |     +1.3% |       0 |     102 |            39 |      1741           
     2120 |     +1.3% |       0 |     106 |            41 |      1731           
     2130 |     +1.3% |       0 |     106 |            41 |      1721           
     2140 |     +1.3% |       0 |     106 |            41 |      1711           
     2150 |     +1.3% |       0 |     108 |            42 |      1701           
     2160 |     +1.3% |       0 |     108 |            42 |      1691           
     2170 |     +1.3% |       0 |     108 |            42 |      1681           
     2180 |     +1.3% |       0 |     108 |            42 |      1671           
     2190 |     +1.3% |       0 |     108 |            42 |      1661           
     2200 |     +1.3% |       0 |     108 |            42 |      1651           
     2210 |     +1.4% |       0 |     110 |            43 |      1641           
     2220 |     +1.4% |       0 |     110 |            43 |      1631           
     2230 |     +1.4% |       0 |     110 |            43 |      1621           
     2240 |     +1.4% |       0 |     112 |            44 |      1611           
     2250 |     +1.4% |       0 |     112 |            44 |      1601           
     2260 |     +1.4% |       0 |     112 |            44 |      1591           
     2270 |     +1.4% |       0 |     112 |            44 |      1581           
     2280 |     +1.4% |       0 |     112 |            44 |      1571           
     2290 |     +1.4% |       0 |     112 |            44 |      1561           
     2300 |     +1.4% |       0 |     114 |            45 |      1551           
     2310 |     +1.4% |       0 |     114 |            45 |      1541           
     2320 |     +1.4% |       0 |     114 |            45 |      1531           
     2330 |     +1.4% |       0 |     116 |            46 |      1521           
     2340 |     +1.4% |       0 |     116 |            46 |      1511           
     2350 |     +1.4% |       0 |     116 |            46 |      1501           
     2360 |     +1.4% |       0 |     116 |            46 |      1491           
     2370 |     +1.4% |       0 |     116 |            46 |      1481           
     2380 |     +1.4% |       0 |     116 |            46 |      1471           
     2390 |     +1.4% |       0 |     116 |            46 |      1461           
     2400 |     +1.4% |       0 |     116 |            46 |      1451           
     2410 |     +1.4% |       0 |     116 |            46 |      1441           
     2420 |     +1.4% |       0 |     116 |            46 |      1431           
     2430 |     +1.4% |       0 |     116 |            46 |      1421           
     2440 |     +1.4% |       0 |     116 |            46 |      1411           
     2450 |     +1.4% |       0 |     116 |            46 |      1401           
     2460 |     +1.4% |       0 |     116 |            46 |      1391           
     2470 |     +1.4% |       0 |     116 |            46 |      1381           
     2480 |     +1.4% |       0 |     116 |            46 |      1371           
     2490 |     +1.4% |       0 |     116 |            46 |      1361           
     2500 |     +1.4% |       0 |     116 |            46 |      1351           
     2510 |     +1.4% |       0 |     116 |            46 |      1341           
     2520 |     +1.4% |       0 |     116 |            46 |      1331           
     2530 |     +1.5% |       0 |     120 |            47 |      1321           
     2540 |     +1.5% |       0 |     120 |            47 |      1311           
     2550 |     +1.5% |       0 |     120 |            47 |      1301           
     2560 |     +1.5% |       0 |     122 |            48 |      1291           
     2570 |     +1.5% |       0 |     122 |            48 |      1281           
     2580 |     +1.5% |       0 |     122 |            48 |      1271           
     2590 |     +1.5% |       0 |     122 |            48 |      1261           
     2600 |     +1.5% |       0 |     122 |            48 |      1251           
     2610 |     +1.5% |       0 |     122 |            48 |      1241           
     2620 |     +1.5% |       0 |     124 |            49 |      1231           
     2630 |     +1.5% |       0 |     124 |            49 |      1221           
     2640 |     +1.5% |       0 |     124 |            49 |      1211           
     2650 |     +1.6% |       0 |     126 |            50 |      1201           
     2660 |     +1.6% |       0 |     126 |            50 |      1191           
     2670 |     +1.6% |       0 |     126 |            50 |      1181           
     2680 |     +1.6% |       0 |     126 |            50 |      1171           
     2690 |     +1.6% |       0 |     126 |            50 |      1161           
     2700 |     +1.6% |       0 |     126 |            50 |      1151           
     2710 |     +1.7% |       0 |     134 |            52 |      1141           
     2720 |     +1.7% |       0 |     134 |            52 |      1131           
     2730 |     +1.7% |       0 |     134 |            52 |      1121           
     2740 |     +1.7% |       0 |     134 |            52 |      1111           
     2750 |     +1.7% |       0 |     136 |            53 |      1101           
     2760 |     +1.7% |       0 |     136 |            53 |      1091           
     2770 |     +1.7% |       0 |     136 |            53 |      1081           
     2780 |     +1.7% |       0 |     136 |            53 |      1071           
     2790 |     +1.7% |       0 |     136 |            53 |      1061           
     2800 |     +1.7% |       0 |     138 |            54 |      1051           
     2810 |     +1.7% |       0 |     140 |            55 |      1041           
     2820 |     +1.7% |       0 |     140 |            55 |      1031           
     2830 |     +1.7% |       0 |     140 |            55 |      1021           
     2840 |     +1.8% |       0 |     142 |            56 |      1011           
     2850 |     +1.8% |       0 |     142 |            56 |      1001           
     2860 |     +1.8% |       0 |     142 |            56 |       991           
     2870 |     +1.8% |       0 |     142 |            56 |       981           
     2880 |     +1.8% |       0 |     142 |            56 |       971           
     2890 |     +1.8% |       0 |     142 |            56 |       961           
     2900 |     +1.8% |       0 |     149 |            59 |       951           
     2910 |     +1.8% |       0 |     149 |            59 |       941           
     2920 |     +1.8% |       0 |     149 |            59 |       931           
     2930 |     +1.8% |       0 |     149 |            59 |       921           
     2940 |     +1.8% |       0 |     149 |            59 |       911           
     2950 |     +2.0% |       0 |     159 |            62 |       901           
     2960 |     +2.0% |       0 |     159 |            62 |       891           
     2970 |     +2.0% |       0 |     159 |            62 |       881           
     2980 |     +2.0% |       0 |     159 |            62 |       871           
     2990 |     +2.0% |       0 |     159 |            62 |       861           
     3000 |     +2.0% |       0 |     159 |            62 |       851           
     3010 |     +2.1% |       0 |     167 |            65 |       841           
     3020 |     +2.1% |       0 |     167 |            65 |       831           
     3030 |     +2.1% |       0 |     167 |            65 |       821           
     3040 |     +2.1% |       0 |     167 |            65 |       811           
     3050 |     +2.1% |       0 |     167 |            65 |       801           
     3060 |     +2.1% |       0 |     171 |            67 |       791           
     3070 |     +2.2% |       0 |     176 |            69 |       781           
     3080 |     +2.2% |       0 |     176 |            69 |       771           
     3090 |     +2.2% |       0 |     176 |            69 |       761           
     3100 |     +2.2% |       0 |     176 |            69 |       751           
     3110 |     +2.2% |       0 |     176 |            69 |       741           
     3120 |     +2.3% |       0 |     185 |            73 |       731           
     3130 |     +2.3% |       0 |     185 |            73 |       721           
     3140 |     +2.3% |       0 |     185 |            73 |       711           
     3150 |     +2.3% |       0 |     185 |            73 |       701           
     3160 |     +2.3% |       0 |     185 |            73 |       691           
     3170 |     +2.3% |       0 |     185 |            73 |       681           
     3180 |     +2.4% |       0 |     192 |            76 |       671           
     3190 |     +2.4% |       0 |     192 |            76 |       661           
     3200 |     +2.4% |       0 |     192 |            76 |       651           
     3210 |     +2.4% |       0 |     192 |            76 |       641           
     3220 |     +2.4% |       0 |     192 |            76 |       631           
     3230 |     +2.5% |       0 |     202 |            80 |       621           
     3240 |     +2.5% |       0 |     202 |            80 |       611           
     3250 |     +2.5% |       0 |     202 |            80 |       601           
     3260 |     +2.5% |       0 |     202 |            80 |       591           
     3270 |     +2.5% |       0 |     202 |            80 |       581           
     3280 |     +2.5% |       0 |     202 |            80 |       571           
     3290 |     +2.6% |       0 |     212 |            84 |       561           
     3300 |     +2.6% |       0 |     212 |            84 |       551           
     3310 |     +2.6% |       0 |     212 |            84 |       541           
     3320 |     +2.6% |       0 |     212 |            84 |       531           
     3330 |     +2.9% |       0 |     231 |            85 |       521           
     3340 |     +3.4% |       0 |     275 |            89 |       511           
     3350 |     +3.4% |       0 |     275 |            89 |       501           
     3360 |     +3.5% |       0 |     279 |            90 |       491           
     3370 |     +4.1% |       0 |     328 |            98 |       481           
     3380 |     +4.1% |       0 |     328 |            98 |       471           
     3390 |     +4.1% |       0 |     328 |            98 |       461           
     3400 |     +4.1% |       0 |     328 |            98 |       451           
     3410 |     +4.1% |       0 |     328 |            98 |       441           
     3420 |     +4.1% |       0 |     328 |            98 |       431           
     3430 |     +4.1% |       0 |     328 |            98 |       421           
     3440 |     +4.1% |       0 |     328 |            98 |       411           
     3450 |     +4.1% |       0 |     328 |            98 |       401           
     3460 |     +4.1% |       0 |     328 |            98 |       391           
     3470 |     +4.1% |       0 |     328 |            98 |       381           
     3480 |     +4.1% |       0 |     328 |            98 |       371           
     3490 |     +4.1% |       0 |     328 |            98 |       361           
     3500 |     +4.1% |       0 |     328 |            98 |       351           
     3510 |     +4.1% |       0 |     328 |            98 |       341           
     3520 |     +4.1% |       0 |     328 |            98 |       331           
     3530 |     +4.1% |       0 |     328 |            98 |       321           
     3540 |     +4.1% |       0 |     328 |            98 |       311           
     3550 |     +4.1% |       0 |     328 |            98 |       301           
     3560 |     +4.1% |       0 |     328 |            98 |       291           
     3570 |     +4.1% |       0 |     328 |            98 |       281           
     3580 |     +4.1% |       0 |     328 |            98 |       271           
     3590 |     +4.1% |       0 |     328 |            98 |       261           
     3600 |     +4.1% |       0 |     328 |            98 |       251           
     3610 |     +4.1% |       0 |     328 |            98 |       241           
     3620 |     +4.1% |       0 |     328 |            98 |       231           
     3630 |     +4.1% |       0 |     328 |            98 |       221           
     3640 |     +4.1% |       0 |     328 |            98 |       211           
     3650 |     +4.1% |       0 |     328 |            98 |       201           
     3660 |     +4.1% |       0 |     328 |            98 |       191           
     3670 |     +4.1% |       0 |     328 |            98 |       181           
     3680 |     +4.1% |       0 |     328 |            98 |       171           
     3690 |     +4.1% |       0 |     328 |            98 |       161           
     3700 |     +4.1% |       0 |     328 |            98 |       151           
     3710 |     +4.1% |       0 |     328 |            98 |       141           
     3720 |     +4.1% |       0 |     328 |            98 |       131           
     3730 |     +4.1% |       0 |     328 |            98 |       121           
     3740 |     +4.1% |       0 |     328 |            98 |       111           
     3750 |     +4.1% |       0 |     328 |            98 |       101           
     3760 |     +4.1% |       0 |     328 |            98 |        91           
     3770 |     +4.1% |       0 |     328 |            98 |        81           
     3780 |     +4.1% |       0 |     328 |            98 |        71           
     3790 |     +4.1% |       0 |     328 |            98 |        61           
     3800 |     +4.1% |       0 |     328 |            98 |        51           
     3810 |     +4.1% |       0 |     328 |            98 |        41           
     3820 |     +4.1% |       0 |     328 |            98 |        31           
     3830 |     +4.1% |       0 |     328 |            98 |        21           
     3840 |     +4.1% |       0 |     328 |            98 |        11           
     3850 |     +4.1% |       0 |     328 |            98 |         1           
    final |     +4.1% |       0 |     328 |            98 |         0           
---------------------------------------------------------------------           
[INFO RSZ-0034] Found 3 slew violations.                                        
[INFO RSZ-0035] Found 98 fanout violations.                                     
[INFO RSZ-0038] Inserted 328 buffers in 98 nets.                                
[INFO RSZ-0042] Inserted 448 tie sg13g2_tiehi instances.                        
+ detailed_placement -max_displacement  500 100                                 
[INFO DPL-0034] Detailed placement failed on the following 38 instances:        
[INFO DPL-0035]  fanout482                                                      
[INFO DPL-0035]  fanout482                                                      
[INFO DPL-0035]  output40                                                       
[INFO DPL-0035]  output40                                                       
[INFO DPL-0035]  output40                                                       
[INFO DPL-0035]  output40                                                       
[INFO DPL-0035]  _5971_                                                         
[INFO DPL-0035]  _5971_                                                         
[INFO DPL-0035]  _5971_                                                         
[INFO DPL-0035]  output132                                                      
[INFO DPL-0035]  output132                                                      
[INFO DPL-0035]  output46                                                       
[INFO DPL-0035]  output46                                                       
[INFO DPL-0035]  _5163_                                                         
[INFO DPL-0035]  _6338__763                                                     
[INFO DPL-0035]  _6338__763                                                     
[INFO DPL-0035]  fanout358                                                      
[INFO DPL-0035]  _4039_                                                         
[INFO DPL-0035]  _4039_                                                         
[INFO DPL-0035]  _6213__924                                                     
[INFO DPL-0035]  _6215__920                                                     
[INFO DPL-0035]  _6215__920                                                     
[INFO DPL-0035]  input2                                                         
[INFO DPL-0035]  fanout233                                                      
[INFO DPL-0035]  _5191_                                                         
[INFO DPL-0035]  input22                                                        
[INFO DPL-0035]  output170                                                      
[INFO DPL-0035]  output58                                                       
[INFO DPL-0035]  output58                                                       
[INFO DPL-0035]  output176                                                      
[INFO DPL-0035]  _6339__762                                                     
[INFO DPL-0035]  _6339__762                                                     
[INFO DPL-0035]  _6339__762                                                     
[INFO DPL-0035]  input9                                                         
[INFO DPL-0035]  input9                                                         
[INFO DPL-0035]  output51                                                       
[INFO DPL-0035]  output51                                                       
[INFO DPL-0035]  output51                                                       
[04:45:22] ERROR    [DPL-0036] Detailed placement failed.        openroad.py:312
Error: repair_design.tcl, 68 DPL-0036                                           
Classic - Stage 32 - Repair Design (Post-Global Placement) ━━╸     31/80 0:00:20
[04:45:22] WARNING  The following warnings were generated by the     flow.py:699
                    flow:                                                       
[04:45:22] WARNING  [Checker.LintWarnings] 10 Lint warnings found.   flow.py:701
[04:45:22] WARNING  [OpenROAD.CheckSDCFiles] 'PNR_SDC_FILE' is not   flow.py:701
                    defined. Using generic fallback SDC for OpenROAD            
                    PnR steps.                                                  
[04:45:22] WARNING  [OpenROAD.CheckSDCFiles] 'SIGNOFF_SDC_FILE' is   flow.py:701
                    not defined. Using generic fallback SDC for                 
                    OpenROAD PnR steps.                                         
[04:45:22] WARNING  [OpenROAD.GlobalPlacementSkipIO] [GPL-0302]      flow.py:701
                    Target density 0.9500 is too low for the                    
                    available free area. (and 1 similar warnings)               
[04:45:22] WARNING  [OpenROAD.GlobalPlacementSkipIO] [GPL-1015] High flow.py:701
                    uniform density (>0.99) may cause congestion or             
                    legalization issues. (and 1 similar warnings)               
[04:45:22] ERROR    The following error was encountered while    __main__.py:189
                    running the flow:                                           
                    OpenROAD.RepairDesignPostGPL failed with the                
                    following errors:                                           
                    [DPL-0036] Detailed placement failed.                       
[04:45:22] ERROR    LibreLane will now quit.                     __main__.py:190
librelane exit 2 2026-09-25T12:45:48+08:00
