[14:29:55] INFO     Starting a new run of the 'Classic' flow with    flow.py:654
                    the tag 'sys5ns_u45'.                                       
[14:29:55] INFO     Starting…                                  sequential.py:339
──────────────────────────────── Verilator Lint ────────────────────────────────
[14:29:56] VERBOSE  Running 'Verilator.Lint' at                     step.py:1138
                    '../runs/sys5ns_u45/01-verilator-lint'…                     
[14:29:56] VERBOSE  Logging subprocess to                           step.py:1338
                    '../runs/sys5ns_u45/01-verilator-lint/verilator             
                    -lint.log'…                                                 
%Warning-UNUSEDSIGNAL:                                                          
/home/matthias/prog/janestreet/emulator/prototypes/systolic-matcher/systolic_mat
cher.v:137:10: Signal is not used: 'vdd'                                        
                                                                                
                                    : ... note: In instance 'systolic_matcher'  
  137 |     wire vdd;                                                           
      |          ^~~                                                            
                       ... For warning description see                          
https://verilator.org/warn/UNUSEDSIGNAL?v=5.044                                 
                       ... Use "/* verilator lint_off UNUSEDSIGNAL */" and      
lint_on around source to disable this message.                                  
- V e r i l a t i o n   R e p o r t: Verilator 5.044 2026-01-01 rev v5.040      
- Verilator: Built from 0.170 MB sources in 108 modules, into 0.032 MB in 3 C++ 
files needing 0.000 MB                                                          
- Verilator: Walltime 0.016 s (elab=0.001, cvt=0.005, bld=0.000); cpu 0.011 s on
1 threads; alloced 21.488 MB                                                    
────────────────────────── Lint Timing Errors Checker ──────────────────────────
[14:29:56] VERBOSE  Running 'Checker.LintTimingConstructs' at       step.py:1138
                    '../runs/sys5ns_u45/02-checker-linttimingconstr             
                    ucts'…                                                      
[14:29:56] INFO     Check for Lint Timing Errors clear.           checker.py:412
───────────────────────────── Lint Errors Checker ──────────────────────────────
[14:29:56] VERBOSE  Running 'Checker.LintErrors' at                 step.py:1138
                    '../runs/sys5ns_u45/03-checker-linterrors'…                 
[14:29:56] INFO     Check for Lint errors clear.                  checker.py:131
──────────────────────────── Lint Warnings Checker ─────────────────────────────
[14:29:56] VERBOSE  Running 'Checker.LintWarnings' at               step.py:1138
                    '../runs/sys5ns_u45/04-checker-lintwarnings'…               
[14:29:56] WARNING  1 Lint warnings found.                        checker.py:122
───────────────────────────── Generate JSON Header ─────────────────────────────
[14:29:56] VERBOSE  Running 'Yosys.JsonHeader' at                   step.py:1138
                    '../runs/sys5ns_u45/05-yosys-jsonheader'…                   
[14:29:56] VERBOSE  Logging subprocess to                           step.py:1338
                    '../runs/sys5ns_u45/05-yosys-jsonheader/yosys-j             
                    sonheader.log'…                                             
                                                                                
 /----------------------------------------------------------------------------\ 
 |  yosys -- Yosys Open SYnthesis Suite                                       | 
 |  Copyright (C) 2012 - 2026  Claire Xenia Wolf <claire@yosyshq.com>         | 
 |  Distributed under an ISC-like license, type "license" to see terms        | 
 \----------------------------------------------------------------------------/ 
 Yosys 0.62 (git sha1 7326bb7d6641500ecb285c291a54a662cb1e76cf, clang++ 21.1.2  
-fPIC -O3)                                                                      
                                                                                
1. Executing Verilog-2005 frontend:                                             
/home/matthias/prog/janestreet/emulator/prototypes/systolic-matcher/runs/sys5ns_
u45/tmp/1cf2de4a7966455d84a8a699c5959366.bb.v                                   
Parsing SystemVerilog input from                                                
`/home/matthias/prog/janestreet/emulator/prototypes/systolic-matcher/runs/sys5ns
_u45/tmp/1cf2de4a7966455d84a8a699c5959366.bb.v' to AST representation.          
Generating RTLIL representation for module `\sg13g2_a21o_1'.                    
Generating RTLIL representation for module `\sg13g2_a21o_2'.                    
Generating RTLIL representation for module `\sg13g2_a21oi_1'.                   
Generating RTLIL representation for module `\sg13g2_a21oi_2'.                   
Generating RTLIL representation for module `\sg13g2_a221oi_1'.                  
Generating RTLIL representation for module `\sg13g2_a22oi_1'.                   
Generating RTLIL representation for module `\sg13g2_and2_1'.                    
Generating RTLIL representation for module `\sg13g2_and2_2'.                    
Generating RTLIL representation for module `\sg13g2_and3_1'.                    
Generating RTLIL representation for module `\sg13g2_and3_2'.                    
Generating RTLIL representation for module `\sg13g2_and4_1'.                    
Generating RTLIL representation for module `\sg13g2_and4_2'.                    
Generating RTLIL representation for module `\sg13g2_antennanp'.                 
Generating RTLIL representation for module `\sg13g2_buf_1'.                     
Generating RTLIL representation for module `\sg13g2_buf_16'.                    
Generating RTLIL representation for module `\sg13g2_buf_2'.                     
Generating RTLIL representation for module `\sg13g2_buf_4'.                     
Generating RTLIL representation for module `\sg13g2_buf_8'.                     
Generating RTLIL representation for module `\sg13g2_decap_4'.                   
Generating RTLIL representation for module `\sg13g2_decap_8'.                   
Generating RTLIL representation for module `\sg13g2_dfrbp_1'.                   
Generating RTLIL representation for module `\sg13g2_dfrbp_2'.                   
Generating RTLIL representation for module `\sg13g2_dfrbpq_1'.                  
Generating RTLIL representation for module `\sg13g2_dfrbpq_2'.                  
Generating RTLIL representation for module `\sg13g2_dlhq_1'.                    
Generating RTLIL representation for module `\sg13g2_dlhr_1'.                    
Generating RTLIL representation for module `\sg13g2_dlhrq_1'.                   
Generating RTLIL representation for module `\sg13g2_dllr_1'.                    
Generating RTLIL representation for module `\sg13g2_dllrq_1'.                   
Generating RTLIL representation for module `\sg13g2_dlygate4sd1_1'.             
Generating RTLIL representation for module `\sg13g2_dlygate4sd2_1'.             
Generating RTLIL representation for module `\sg13g2_dlygate4sd3_1'.             
Generating RTLIL representation for module `\sg13g2_ebufn_2'.                   
Generating RTLIL representation for module `\sg13g2_ebufn_4'.                   
Generating RTLIL representation for module `\sg13g2_ebufn_8'.                   
Generating RTLIL representation for module `\sg13g2_einvn_2'.                   
Generating RTLIL representation for module `\sg13g2_einvn_4'.                   
Generating RTLIL representation for module `\sg13g2_einvn_8'.                   
Generating RTLIL representation for module `\sg13g2_fill_1'.                    
Generating RTLIL representation for module `\sg13g2_fill_2'.                    
Generating RTLIL representation for module `\sg13g2_fill_4'.                    
Generating RTLIL representation for module `\sg13g2_fill_8'.                    
Generating RTLIL representation for module `\sg13g2_inv_1'.                     
Generating RTLIL representation for module `\sg13g2_inv_16'.                    
Generating RTLIL representation for module `\sg13g2_inv_2'.                     
Generating RTLIL representation for module `\sg13g2_inv_4'.                     
Generating RTLIL representation for module `\sg13g2_inv_8'.                     
Generating RTLIL representation for module `\sg13g2_lgcp_1'.                    
Generating RTLIL representation for module `\sg13g2_mux2_1'.                    
Generating RTLIL representation for module `\sg13g2_mux2_2'.                    
Generating RTLIL representation for module `\sg13g2_mux4_1'.                    
Generating RTLIL representation for module `\sg13g2_nand2_1'.                   
Generating RTLIL representation for module `\sg13g2_nand2_2'.                   
Generating RTLIL representation for module `\sg13g2_nand2b_1'.                  
Generating RTLIL representation for module `\sg13g2_nand2b_2'.                  
Generating RTLIL representation for module `\sg13g2_nand3_1'.                   
Generating RTLIL representation for module `\sg13g2_nand3b_1'.                  
Generating RTLIL representation for module `\sg13g2_nand4_1'.                   
Generating RTLIL representation for module `\sg13g2_nor2_1'.                    
Generating RTLIL representation for module `\sg13g2_nor2_2'.                    
Generating RTLIL representation for module `\sg13g2_nor2b_1'.                   
Generating RTLIL representation for module `\sg13g2_nor2b_2'.                   
Generating RTLIL representation for module `\sg13g2_nor3_1'.                    
Generating RTLIL representation for module `\sg13g2_nor3_2'.                    
Generating RTLIL representation for module `\sg13g2_nor4_1'.                    
Generating RTLIL representation for module `\sg13g2_nor4_2'.                    
Generating RTLIL representation for module `\sg13g2_o21ai_1'.                   
Generating RTLIL representation for module `\sg13g2_or2_1'.                     
Generating RTLIL representation for module `\sg13g2_or2_2'.                     
Generating RTLIL representation for module `\sg13g2_or3_1'.                     
Generating RTLIL representation for module `\sg13g2_or3_2'.                     
Generating RTLIL representation for module `\sg13g2_or4_1'.                     
Generating RTLIL representation for module `\sg13g2_or4_2'.                     
Generating RTLIL representation for module `\sg13g2_sdfbbp_1'.                  
Generating RTLIL representation for module `\sg13g2_sdfrbp_1'.                  
Generating RTLIL representation for module `\sg13g2_sdfrbp_2'.                  
Generating RTLIL representation for module `\sg13g2_sdfrbpq_1'.                 
Generating RTLIL representation for module `\sg13g2_sdfrbpq_2'.                 
Generating RTLIL representation for module `\sg13g2_sighold'.                   
Generating RTLIL representation for module `\sg13g2_slgcp_1'.                   
Generating RTLIL representation for module `\sg13g2_tiehi'.                     
Generating RTLIL representation for module `\sg13g2_tielo'.                     
Generating RTLIL representation for module `\sg13g2_xnor2_1'.                   
Generating RTLIL representation for module `\sg13g2_xor2_1'.                    
Successfully finished Verilog frontend.                                         
                                                                                
2. Executing Verilog-2005 frontend:                                             
/home/matthias/prog/janestreet/emulator/prototypes/systolic-matcher/runs/sys5ns_
u45/tmp/3b2a24e39d1f477197a8b5d2176937f1.bb.v                                   
Parsing SystemVerilog input from                                                
`/home/matthias/prog/janestreet/emulator/prototypes/systolic-matcher/runs/sys5ns
_u45/tmp/3b2a24e39d1f477197a8b5d2176937f1.bb.v' to AST representation.          
Generating RTLIL representation for module `\sg13g2_Corner'.                    
Generating RTLIL representation for module `\sg13g2_Filler1000'.                
Generating RTLIL representation for module `\sg13g2_Filler10000'.               
Generating RTLIL representation for module `\sg13g2_Filler200'.                 
Generating RTLIL representation for module `\sg13g2_Filler2000'.                
Generating RTLIL representation for module `\sg13g2_Filler400'.                 
Generating RTLIL representation for module `\sg13g2_Filler4000'.                
Generating RTLIL representation for module `\sg13g2_IOPadAnalog'.               
Generating RTLIL representation for module `\sg13g2_IOPadIOVdd'.                
Generating RTLIL representation for module `\sg13g2_IOPadIOVss'.                
Generating RTLIL representation for module `\sg13g2_IOPadIn'.                   
Generating RTLIL representation for module `\sg13g2_IOPadInOut16mA'.            
Generating RTLIL representation for module `\sg13g2_IOPadInOut30mA'.            
Generating RTLIL representation for module `\sg13g2_IOPadInOut4mA'.             
Generating RTLIL representation for module `\sg13g2_IOPadOut16mA'.              
Generating RTLIL representation for module `\sg13g2_IOPadOut30mA'.              
Generating RTLIL representation for module `\sg13g2_IOPadOut4mA'.               
Generating RTLIL representation for module `\sg13g2_IOPadTriOut16mA'.           
Generating RTLIL representation for module `\sg13g2_IOPadTriOut30mA'.           
Generating RTLIL representation for module `\sg13g2_IOPadTriOut4mA'.            
Generating RTLIL representation for module `\sg13g2_IOPadVdd'.                  
Generating RTLIL representation for module `\sg13g2_IOPadVss'.                  
Successfully finished Verilog frontend.                                         
                                                                                
3. Executing Verilog-2005 frontend:                                             
/home/matthias/prog/janestreet/emulator/prototypes/systolic-matcher/systolic_mat
cher.v                                                                          
Parsing SystemVerilog input from                                                
`/home/matthias/prog/janestreet/emulator/prototypes/systolic-matcher/systolic_ma
tcher.v' to AST representation.                                                 
Storing AST representation for module `$abstract\systolic_matcher'.             
Successfully finished Verilog frontend.                                         
                                                                                
4. Executing HIERARCHY pass (managing design hierarchy).                        
                                                                                
5. Executing AST frontend in derive mode using pre-parsed AST for module        
`\systolic_matcher'.                                                            
Generating RTLIL representation for module `\systolic_matcher'.                 
                                                                                
5.1. Analyzing design hierarchy..                                               
Top module:  \systolic_matcher                                                  
                                                                                
5.2. Analyzing design hierarchy..                                               
Top module:  \systolic_matcher                                                  
Removing unused module `$abstract\systolic_matcher'.                            
Removed 1 unused modules.                                                       
Renaming module systolic_matcher to systolic_matcher.                           
                                                                                
6. Executing PROC pass (convert processes to netlists).                         
                                                                                
6.1. Executing PROC_CLEAN pass (remove empty switches from decision trees).     
Cleaned up 0 empty switches.                                                    
                                                                                
6.2. Executing PROC_RMDEAD pass (remove dead branches from decision trees).     
Marked 1 switch rules as full_case in process                                   
$proc$/home/matthias/prog/janestreet/emulator/prototypes/systolic-matcher/systol
ic_matcher.v:694$134 in module systolic_matcher.                                
Marked 1 switch rules as full_case in process                                   
$proc$/home/matthias/prog/janestreet/emulator/prototypes/systolic-matcher/systol
ic_matcher.v:687$132 in module systolic_matcher.                                
Marked 1 switch rules as full_case in process                                   
$proc$/home/matthias/prog/janestreet/emulator/prototypes/systolic-matcher/systol
ic_matcher.v:680$130 in module systolic_matcher.                                
Marked 1 switch rules as full_case in process                                   
$proc$/home/matthias/prog/janestreet/emulator/prototypes/systolic-matcher/systol
ic_matcher.v:673$128 in module systolic_matcher.                                
Marked 1 switch rules as full_case in process                                   
$proc$/home/matthias/prog/janestreet/emulator/prototypes/systolic-matcher/systol
ic_matcher.v:666$126 in module systolic_matcher.                                
Marked 1 switch rules as full_case in process                                   
$proc$/home/matthias/prog/janestreet/emulator/prototypes/systolic-matcher/systol
ic_matcher.v:659$124 in module systolic_matcher.                                
Marked 1 switch rules as full_case in process                                   
$proc$/home/matthias/prog/janestreet/emulator/prototypes/systolic-matcher/systol
ic_matcher.v:652$122 in module systolic_matcher.                                
Marked 1 switch rules as full_case in process                                   
$proc$/home/matthias/prog/janestreet/emulator/prototypes/systolic-matcher/systol
ic_matcher.v:645$120 in module systolic_matcher.                                
Marked 1 switch rules as full_case in process                                   
$proc$/home/matthias/prog/janestreet/emulator/prototypes/systolic-matcher/systol
ic_matcher.v:638$118 in module systolic_matcher.                                
Marked 1 switch rules as full_case in process                                   
$proc$/home/matthias/prog/janestreet/emulator/prototypes/systolic-matcher/systol
ic_matcher.v:631$116 in module systolic_matcher.                                
Marked 1 switch rules as full_case in process                                   
$proc$/home/matthias/prog/janestreet/emulator/prototypes/systolic-matcher/systol
ic_matcher.v:624$114 in module systolic_matcher.                                
Marked 1 switch rules as full_case in process                                   
$proc$/home/matthias/prog/janestreet/emulator/prototypes/systolic-matcher/systol
ic_matcher.v:617$112 in module systolic_matcher.                                
Marked 1 switch rules as full_case in process                                   
$proc$/home/matthias/prog/janestreet/emulator/prototypes/systolic-matcher/systol
ic_matcher.v:610$110 in module systolic_matcher.                                
Marked 1 switch rules as full_case in process                                   
$proc$/home/matthias/prog/janestreet/emulator/prototypes/systolic-matcher/systol
ic_matcher.v:603$108 in module systolic_matcher.                                
Marked 1 switch rules as full_case in process                                   
$proc$/home/matthias/prog/janestreet/emulator/prototypes/systolic-matcher/systol
ic_matcher.v:596$106 in module systolic_matcher.                                
Marked 1 switch rules as full_case in process                                   
$proc$/home/matthias/prog/janestreet/emulator/prototypes/systolic-matcher/systol
ic_matcher.v:589$104 in module systolic_matcher.                                
Marked 1 switch rules as full_case in process                                   
$proc$/home/matthias/prog/janestreet/emulator/prototypes/systolic-matcher/systol
ic_matcher.v:575$100 in module systolic_matcher.                                
Marked 1 switch rules as full_case in process                                   
$proc$/home/matthias/prog/janestreet/emulator/prototypes/systolic-matcher/systol
ic_matcher.v:556$95 in module systolic_matcher.                                 
Marked 1 switch rules as full_case in process                                   
$proc$/home/matthias/prog/janestreet/emulator/prototypes/systolic-matcher/systol
ic_matcher.v:550$94 in module systolic_matcher.                                 
Marked 1 switch rules as full_case in process                                   
$proc$/home/matthias/prog/janestreet/emulator/prototypes/systolic-matcher/systol
ic_matcher.v:532$89 in module systolic_matcher.                                 
Marked 1 switch rules as full_case in process                                   
$proc$/home/matthias/prog/janestreet/emulator/prototypes/systolic-matcher/systol
ic_matcher.v:526$88 in module systolic_matcher.                                 
Marked 1 switch rules as full_case in process                                   
$proc$/home/matthias/prog/janestreet/emulator/prototypes/systolic-matcher/systol
ic_matcher.v:508$83 in module systolic_matcher.                                 
Marked 1 switch rules as full_case in process                                   
$proc$/home/matthias/prog/janestreet/emulator/prototypes/systolic-matcher/systol
ic_matcher.v:502$82 in module systolic_matcher.                                 
Marked 1 switch rules as full_case in process                                   
$proc$/home/matthias/prog/janestreet/emulator/prototypes/systolic-matcher/systol
ic_matcher.v:484$77 in module systolic_matcher.                                 
Marked 1 switch rules as full_case in process                                   
$proc$/home/matthias/prog/janestreet/emulator/prototypes/systolic-matcher/systol
ic_matcher.v:478$76 in module systolic_matcher.                                 
Marked 1 switch rules as full_case in process                                   
$proc$/home/matthias/prog/janestreet/emulator/prototypes/systolic-matcher/systol
ic_matcher.v:460$71 in module systolic_matcher.                                 
Marked 1 switch rules as full_case in process                                   
$proc$/home/matthias/prog/janestreet/emulator/prototypes/systolic-matcher/systol
ic_matcher.v:454$70 in module systolic_matcher.                                 
Marked 1 switch rules as full_case in process                                   
$proc$/home/matthias/prog/janestreet/emulator/prototypes/systolic-matcher/systol
ic_matcher.v:436$65 in module systolic_matcher.                                 
Marked 1 switch rules as full_case in process                                   
$proc$/home/matthias/prog/janestreet/emulator/prototypes/systolic-matcher/systol
ic_matcher.v:430$64 in module systolic_matcher.                                 
Marked 1 switch rules as full_case in process                                   
$proc$/home/matthias/prog/janestreet/emulator/prototypes/systolic-matcher/systol
ic_matcher.v:412$59 in module systolic_matcher.                                 
Marked 1 switch rules as full_case in process                                   
$proc$/home/matthias/prog/janestreet/emulator/prototypes/systolic-matcher/systol
ic_matcher.v:406$58 in module systolic_matcher.                                 
Marked 1 switch rules as full_case in process                                   
$proc$/home/matthias/prog/janestreet/emulator/prototypes/systolic-matcher/systol
ic_matcher.v:388$53 in module systolic_matcher.                                 
Marked 1 switch rules as full_case in process                                   
$proc$/home/matthias/prog/janestreet/emulator/prototypes/systolic-matcher/systol
ic_matcher.v:382$52 in module systolic_matcher.                                 
Marked 1 switch rules as full_case in process                                   
$proc$/home/matthias/prog/janestreet/emulator/prototypes/systolic-matcher/systol
ic_matcher.v:364$47 in module systolic_matcher.                                 
Marked 1 switch rules as full_case in process                                   
$proc$/home/matthias/prog/janestreet/emulator/prototypes/systolic-matcher/systol
ic_matcher.v:358$46 in module systolic_matcher.                                 
Marked 1 switch rules as full_case in process                                   
$proc$/home/matthias/prog/janestreet/emulator/prototypes/systolic-matcher/systol
ic_matcher.v:340$41 in module systolic_matcher.                                 
Marked 1 switch rules as full_case in process                                   
$proc$/home/matthias/prog/janestreet/emulator/prototypes/systolic-matcher/systol
ic_matcher.v:334$40 in module systolic_matcher.                                 
Marked 1 switch rules as full_case in process                                   
$proc$/home/matthias/prog/janestreet/emulator/prototypes/systolic-matcher/systol
ic_matcher.v:316$35 in module systolic_matcher.                                 
Marked 1 switch rules as full_case in process                                   
$proc$/home/matthias/prog/janestreet/emulator/prototypes/systolic-matcher/systol
ic_matcher.v:310$34 in module systolic_matcher.                                 
Marked 1 switch rules as full_case in process                                   
$proc$/home/matthias/prog/janestreet/emulator/prototypes/systolic-matcher/systol
ic_matcher.v:292$29 in module systolic_matcher.                                 
Marked 1 switch rules as full_case in process                                   
$proc$/home/matthias/prog/janestreet/emulator/prototypes/systolic-matcher/systol
ic_matcher.v:286$28 in module systolic_matcher.                                 
Marked 1 switch rules as full_case in process                                   
$proc$/home/matthias/prog/janestreet/emulator/prototypes/systolic-matcher/systol
ic_matcher.v:268$23 in module systolic_matcher.                                 
Marked 1 switch rules as full_case in process                                   
$proc$/home/matthias/prog/janestreet/emulator/prototypes/systolic-matcher/systol
ic_matcher.v:262$22 in module systolic_matcher.                                 
Marked 1 switch rules as full_case in process                                   
$proc$/home/matthias/prog/janestreet/emulator/prototypes/systolic-matcher/systol
ic_matcher.v:244$17 in module systolic_matcher.                                 
Marked 1 switch rules as full_case in process                                   
$proc$/home/matthias/prog/janestreet/emulator/prototypes/systolic-matcher/systol
ic_matcher.v:238$16 in module systolic_matcher.                                 
Marked 1 switch rules as full_case in process                                   
$proc$/home/matthias/prog/janestreet/emulator/prototypes/systolic-matcher/systol
ic_matcher.v:219$11 in module systolic_matcher.                                 
Marked 1 switch rules as full_case in process                                   
$proc$/home/matthias/prog/janestreet/emulator/prototypes/systolic-matcher/systol
ic_matcher.v:213$10 in module systolic_matcher.                                 
Marked 1 switch rules as full_case in process                                   
$proc$/home/matthias/prog/janestreet/emulator/prototypes/systolic-matcher/systol
ic_matcher.v:202$8 in module systolic_matcher.                                  
Removed a total of 0 dead cases.                                                
                                                                                
6.3. Executing PROC_PRUNE pass (remove redundant assignments in processes).     
Removed 48 redundant assignments.                                               
Promoted 0 assignments to connections.                                          
                                                                                
6.4. Executing PROC_INIT pass (extract init attributes).                        
                                                                                
6.5. Executing PROC_ARST pass (detect async resets in processes).               
                                                                                
6.6. Executing PROC_ROM pass (convert switches to ROMs).                        
Converted 0 switches.                                                           
<suppressed ~85 debug messages>                                                 
                                                                                
6.7. Executing PROC_MUX pass (convert decision trees to multiplexers).          
Creating decoders for process                                                   
`\systolic_matcher.$proc$/home/matthias/prog/janestreet/emulator/prototypes/syst
olic-matcher/systolic_matcher.v:694$134'.                                       
     1/1: $0\_324[4:0]                                                          
Creating decoders for process                                                   
`\systolic_matcher.$proc$/home/matthias/prog/janestreet/emulator/prototypes/syst
olic-matcher/systolic_matcher.v:687$132'.                                       
     1/1: $0\_304[4:0]                                                          
Creating decoders for process                                                   
`\systolic_matcher.$proc$/home/matthias/prog/janestreet/emulator/prototypes/syst
olic-matcher/systolic_matcher.v:680$130'.                                       
     1/1: $0\_284[4:0]                                                          
Creating decoders for process                                                   
`\systolic_matcher.$proc$/home/matthias/prog/janestreet/emulator/prototypes/syst
olic-matcher/systolic_matcher.v:673$128'.                                       
     1/1: $0\_264[4:0]                                                          
Creating decoders for process                                                   
`\systolic_matcher.$proc$/home/matthias/prog/janestreet/emulator/prototypes/syst
olic-matcher/systolic_matcher.v:666$126'.                                       
     1/1: $0\_244[4:0]                                                          
Creating decoders for process                                                   
`\systolic_matcher.$proc$/home/matthias/prog/janestreet/emulator/prototypes/syst
olic-matcher/systolic_matcher.v:659$124'.                                       
     1/1: $0\_224[4:0]                                                          
Creating decoders for process                                                   
`\systolic_matcher.$proc$/home/matthias/prog/janestreet/emulator/prototypes/syst
olic-matcher/systolic_matcher.v:652$122'.                                       
     1/1: $0\_204[4:0]                                                          
Creating decoders for process                                                   
`\systolic_matcher.$proc$/home/matthias/prog/janestreet/emulator/prototypes/syst
olic-matcher/systolic_matcher.v:645$120'.                                       
     1/1: $0\_184[4:0]                                                          
Creating decoders for process                                                   
`\systolic_matcher.$proc$/home/matthias/prog/janestreet/emulator/prototypes/syst
olic-matcher/systolic_matcher.v:638$118'.                                       
     1/1: $0\_164[4:0]                                                          
Creating decoders for process                                                   
`\systolic_matcher.$proc$/home/matthias/prog/janestreet/emulator/prototypes/syst
olic-matcher/systolic_matcher.v:631$116'.                                       
     1/1: $0\_144[4:0]                                                          
Creating decoders for process                                                   
`\systolic_matcher.$proc$/home/matthias/prog/janestreet/emulator/prototypes/syst
olic-matcher/systolic_matcher.v:624$114'.                                       
     1/1: $0\_124[4:0]                                                          
Creating decoders for process                                                   
`\systolic_matcher.$proc$/home/matthias/prog/janestreet/emulator/prototypes/syst
olic-matcher/systolic_matcher.v:617$112'.                                       
     1/1: $0\_104[4:0]                                                          
Creating decoders for process                                                   
`\systolic_matcher.$proc$/home/matthias/prog/janestreet/emulator/prototypes/syst
olic-matcher/systolic_matcher.v:610$110'.                                       
     1/1: $0\_84[4:0]                                                           
Creating decoders for process                                                   
`\systolic_matcher.$proc$/home/matthias/prog/janestreet/emulator/prototypes/syst
olic-matcher/systolic_matcher.v:603$108'.                                       
     1/1: $0\_64[4:0]                                                           
Creating decoders for process                                                   
`\systolic_matcher.$proc$/home/matthias/prog/janestreet/emulator/prototypes/syst
olic-matcher/systolic_matcher.v:596$106'.                                       
     1/1: $0\_44[4:0]                                                           
Creating decoders for process                                                   
`\systolic_matcher.$proc$/home/matthias/prog/janestreet/emulator/prototypes/syst
olic-matcher/systolic_matcher.v:589$104'.                                       
     1/1: $0\_24[4:0]                                                           
Creating decoders for process                                                   
`\systolic_matcher.$proc$/home/matthias/prog/janestreet/emulator/prototypes/syst
olic-matcher/systolic_matcher.v:582$102'.                                       
     1/1: $0\_11[0:0]                                                           
Creating decoders for process                                                   
`\systolic_matcher.$proc$/home/matthias/prog/janestreet/emulator/prototypes/syst
olic-matcher/systolic_matcher.v:575$100'.                                       
     1/1: $0\_15[0:0]                                                           
Creating decoders for process                                                   
`\systolic_matcher.$proc$/home/matthias/prog/janestreet/emulator/prototypes/syst
olic-matcher/systolic_matcher.v:570$99'.                                        
     1/1: $0\_18[0:0]                                                           
Creating decoders for process                                                   
`\systolic_matcher.$proc$/home/matthias/prog/janestreet/emulator/prototypes/syst
olic-matcher/systolic_matcher.v:563$97'.                                        
     1/1: $0\_28[0:0]                                                           
Creating decoders for process                                                   
`\systolic_matcher.$proc$/home/matthias/prog/janestreet/emulator/prototypes/syst
olic-matcher/systolic_matcher.v:556$95'.                                        
     1/1: $0\_34[0:0]                                                           
Creating decoders for process                                                   
`\systolic_matcher.$proc$/home/matthias/prog/janestreet/emulator/prototypes/syst
olic-matcher/systolic_matcher.v:550$94'.                                        
     1/1: $0\_31[0:0]                                                           
Creating decoders for process                                                   
`\systolic_matcher.$proc$/home/matthias/prog/janestreet/emulator/prototypes/syst
olic-matcher/systolic_matcher.v:546$93'.                                        
     1/1: $0\_37[0:0]                                                           
Creating decoders for process                                                   
`\systolic_matcher.$proc$/home/matthias/prog/janestreet/emulator/prototypes/syst
olic-matcher/systolic_matcher.v:539$91'.                                        
     1/1: $0\_48[0:0]                                                           
Creating decoders for process                                                   
`\systolic_matcher.$proc$/home/matthias/prog/janestreet/emulator/prototypes/syst
olic-matcher/systolic_matcher.v:532$89'.                                        
     1/1: $0\_54[0:0]                                                           
Creating decoders for process                                                   
`\systolic_matcher.$proc$/home/matthias/prog/janestreet/emulator/prototypes/syst
olic-matcher/systolic_matcher.v:526$88'.                                        
     1/1: $0\_51[0:0]                                                           
Creating decoders for process                                                   
`\systolic_matcher.$proc$/home/matthias/prog/janestreet/emulator/prototypes/syst
olic-matcher/systolic_matcher.v:522$87'.                                        
     1/1: $0\_57[0:0]                                                           
Creating decoders for process                                                   
`\systolic_matcher.$proc$/home/matthias/prog/janestreet/emulator/prototypes/syst
olic-matcher/systolic_matcher.v:515$85'.                                        
     1/1: $0\_68[0:0]                                                           
Creating decoders for process                                                   
`\systolic_matcher.$proc$/home/matthias/prog/janestreet/emulator/prototypes/syst
olic-matcher/systolic_matcher.v:508$83'.                                        
     1/1: $0\_74[0:0]                                                           
Creating decoders for process                                                   
`\systolic_matcher.$proc$/home/matthias/prog/janestreet/emulator/prototypes/syst
olic-matcher/systolic_matcher.v:502$82'.                                        
     1/1: $0\_71[0:0]                                                           
Creating decoders for process                                                   
`\systolic_matcher.$proc$/home/matthias/prog/janestreet/emulator/prototypes/syst
olic-matcher/systolic_matcher.v:498$81'.                                        
     1/1: $0\_77[0:0]                                                           
Creating decoders for process                                                   
`\systolic_matcher.$proc$/home/matthias/prog/janestreet/emulator/prototypes/syst
olic-matcher/systolic_matcher.v:491$79'.                                        
     1/1: $0\_88[0:0]                                                           
Creating decoders for process                                                   
`\systolic_matcher.$proc$/home/matthias/prog/janestreet/emulator/prototypes/syst
olic-matcher/systolic_matcher.v:484$77'.                                        
     1/1: $0\_94[0:0]                                                           
Creating decoders for process                                                   
`\systolic_matcher.$proc$/home/matthias/prog/janestreet/emulator/prototypes/syst
olic-matcher/systolic_matcher.v:478$76'.                                        
     1/1: $0\_91[0:0]                                                           
Creating decoders for process                                                   
`\systolic_matcher.$proc$/home/matthias/prog/janestreet/emulator/prototypes/syst
olic-matcher/systolic_matcher.v:474$75'.                                        
     1/1: $0\_97[0:0]                                                           
Creating decoders for process                                                   
`\systolic_matcher.$proc$/home/matthias/prog/janestreet/emulator/prototypes/syst
olic-matcher/systolic_matcher.v:467$73'.                                        
     1/1: $0\_108[0:0]                                                          
Creating decoders for process                                                   
`\systolic_matcher.$proc$/home/matthias/prog/janestreet/emulator/prototypes/syst
olic-matcher/systolic_matcher.v:460$71'.                                        
     1/1: $0\_114[0:0]                                                          
Creating decoders for process                                                   
`\systolic_matcher.$proc$/home/matthias/prog/janestreet/emulator/prototypes/syst
olic-matcher/systolic_matcher.v:454$70'.                                        
     1/1: $0\_111[0:0]                                                          
Creating decoders for process                                                   
`\systolic_matcher.$proc$/home/matthias/prog/janestreet/emulator/prototypes/syst
olic-matcher/systolic_matcher.v:450$69'.                                        
     1/1: $0\_117[0:0]                                                          
Creating decoders for process                                                   
`\systolic_matcher.$proc$/home/matthias/prog/janestreet/emulator/prototypes/syst
olic-matcher/systolic_matcher.v:443$67'.                                        
     1/1: $0\_128[0:0]                                                          
Creating decoders for process                                                   
`\systolic_matcher.$proc$/home/matthias/prog/janestreet/emulator/prototypes/syst
olic-matcher/systolic_matcher.v:436$65'.                                        
     1/1: $0\_134[0:0]                                                          
Creating decoders for process                                                   
`\systolic_matcher.$proc$/home/matthias/prog/janestreet/emulator/prototypes/syst
olic-matcher/systolic_matcher.v:430$64'.                                        
     1/1: $0\_131[0:0]                                                          
Creating decoders for process                                                   
`\systolic_matcher.$proc$/home/matthias/prog/janestreet/emulator/prototypes/syst
olic-matcher/systolic_matcher.v:426$63'.                                        
     1/1: $0\_137[0:0]                                                          
Creating decoders for process                                                   
`\systolic_matcher.$proc$/home/matthias/prog/janestreet/emulator/prototypes/syst
olic-matcher/systolic_matcher.v:419$61'.                                        
     1/1: $0\_148[0:0]                                                          
Creating decoders for process                                                   
`\systolic_matcher.$proc$/home/matthias/prog/janestreet/emulator/prototypes/syst
olic-matcher/systolic_matcher.v:412$59'.                                        
     1/1: $0\_154[0:0]                                                          
Creating decoders for process                                                   
`\systolic_matcher.$proc$/home/matthias/prog/janestreet/emulator/prototypes/syst
olic-matcher/systolic_matcher.v:406$58'.                                        
     1/1: $0\_151[0:0]                                                          
Creating decoders for process                                                   
`\systolic_matcher.$proc$/home/matthias/prog/janestreet/emulator/prototypes/syst
olic-matcher/systolic_matcher.v:402$57'.                                        
     1/1: $0\_157[0:0]                                                          
Creating decoders for process                                                   
`\systolic_matcher.$proc$/home/matthias/prog/janestreet/emulator/prototypes/syst
olic-matcher/systolic_matcher.v:395$55'.                                        
     1/1: $0\_168[0:0]                                                          
Creating decoders for process                                                   
`\systolic_matcher.$proc$/home/matthias/prog/janestreet/emulator/prototypes/syst
olic-matcher/systolic_matcher.v:388$53'.                                        
     1/1: $0\_174[0:0]                                                          
Creating decoders for process                                                   
`\systolic_matcher.$proc$/home/matthias/prog/janestreet/emulator/prototypes/syst
olic-matcher/systolic_matcher.v:382$52'.                                        
     1/1: $0\_171[0:0]                                                          
Creating decoders for process                                                   
`\systolic_matcher.$proc$/home/matthias/prog/janestreet/emulator/prototypes/syst
olic-matcher/systolic_matcher.v:378$51'.                                        
     1/1: $0\_177[0:0]                                                          
Creating decoders for process                                                   
`\systolic_matcher.$proc$/home/matthias/prog/janestreet/emulator/prototypes/syst
olic-matcher/systolic_matcher.v:371$49'.                                        
     1/1: $0\_188[0:0]                                                          
Creating decoders for process                                                   
`\systolic_matcher.$proc$/home/matthias/prog/janestreet/emulator/prototypes/syst
olic-matcher/systolic_matcher.v:364$47'.                                        
     1/1: $0\_194[0:0]                                                          
Creating decoders for process                                                   
`\systolic_matcher.$proc$/home/matthias/prog/janestreet/emulator/prototypes/syst
olic-matcher/systolic_matcher.v:358$46'.                                        
     1/1: $0\_191[0:0]                                                          
Creating decoders for process                                                   
`\systolic_matcher.$proc$/home/matthias/prog/janestreet/emulator/prototypes/syst
olic-matcher/systolic_matcher.v:354$45'.                                        
     1/1: $0\_197[0:0]                                                          
Creating decoders for process                                                   
`\systolic_matcher.$proc$/home/matthias/prog/janestreet/emulator/prototypes/syst
olic-matcher/systolic_matcher.v:347$43'.                                        
     1/1: $0\_208[0:0]                                                          
Creating decoders for process                                                   
`\systolic_matcher.$proc$/home/matthias/prog/janestreet/emulator/prototypes/syst
olic-matcher/systolic_matcher.v:340$41'.                                        
     1/1: $0\_214[0:0]                                                          
Creating decoders for process                                                   
`\systolic_matcher.$proc$/home/matthias/prog/janestreet/emulator/prototypes/syst
olic-matcher/systolic_matcher.v:334$40'.                                        
     1/1: $0\_211[0:0]                                                          
Creating decoders for process                                                   
`\systolic_matcher.$proc$/home/matthias/prog/janestreet/emulator/prototypes/syst
olic-matcher/systolic_matcher.v:330$39'.                                        
     1/1: $0\_217[0:0]                                                          
Creating decoders for process                                                   
`\systolic_matcher.$proc$/home/matthias/prog/janestreet/emulator/prototypes/syst
olic-matcher/systolic_matcher.v:323$37'.                                        
     1/1: $0\_228[0:0]                                                          
Creating decoders for process                                                   
`\systolic_matcher.$proc$/home/matthias/prog/janestreet/emulator/prototypes/syst
olic-matcher/systolic_matcher.v:316$35'.                                        
     1/1: $0\_234[0:0]                                                          
Creating decoders for process                                                   
`\systolic_matcher.$proc$/home/matthias/prog/janestreet/emulator/prototypes/syst
olic-matcher/systolic_matcher.v:310$34'.                                        
     1/1: $0\_231[0:0]                                                          
Creating decoders for process                                                   
`\systolic_matcher.$proc$/home/matthias/prog/janestreet/emulator/prototypes/syst
olic-matcher/systolic_matcher.v:306$33'.                                        
     1/1: $0\_237[0:0]                                                          
Creating decoders for process                                                   
`\systolic_matcher.$proc$/home/matthias/prog/janestreet/emulator/prototypes/syst
olic-matcher/systolic_matcher.v:299$31'.                                        
     1/1: $0\_248[0:0]                                                          
Creating decoders for process                                                   
`\systolic_matcher.$proc$/home/matthias/prog/janestreet/emulator/prototypes/syst
olic-matcher/systolic_matcher.v:292$29'.                                        
     1/1: $0\_254[0:0]                                                          
Creating decoders for process                                                   
`\systolic_matcher.$proc$/home/matthias/prog/janestreet/emulator/prototypes/syst
olic-matcher/systolic_matcher.v:286$28'.                                        
     1/1: $0\_251[0:0]                                                          
Creating decoders for process                                                   
`\systolic_matcher.$proc$/home/matthias/prog/janestreet/emulator/prototypes/syst
olic-matcher/systolic_matcher.v:282$27'.                                        
     1/1: $0\_257[0:0]                                                          
Creating decoders for process                                                   
`\systolic_matcher.$proc$/home/matthias/prog/janestreet/emulator/prototypes/syst
olic-matcher/systolic_matcher.v:275$25'.                                        
     1/1: $0\_268[0:0]                                                          
Creating decoders for process                                                   
`\systolic_matcher.$proc$/home/matthias/prog/janestreet/emulator/prototypes/syst
olic-matcher/systolic_matcher.v:268$23'.                                        
     1/1: $0\_274[0:0]                                                          
Creating decoders for process                                                   
`\systolic_matcher.$proc$/home/matthias/prog/janestreet/emulator/prototypes/syst
olic-matcher/systolic_matcher.v:262$22'.                                        
     1/1: $0\_271[0:0]                                                          
Creating decoders for process                                                   
`\systolic_matcher.$proc$/home/matthias/prog/janestreet/emulator/prototypes/syst
olic-matcher/systolic_matcher.v:258$21'.                                        
     1/1: $0\_277[0:0]                                                          
Creating decoders for process                                                   
`\systolic_matcher.$proc$/home/matthias/prog/janestreet/emulator/prototypes/syst
olic-matcher/systolic_matcher.v:251$19'.                                        
     1/1: $0\_288[0:0]                                                          
Creating decoders for process                                                   
`\systolic_matcher.$proc$/home/matthias/prog/janestreet/emulator/prototypes/syst
olic-matcher/systolic_matcher.v:244$17'.                                        
     1/1: $0\_294[0:0]                                                          
Creating decoders for process                                                   
`\systolic_matcher.$proc$/home/matthias/prog/janestreet/emulator/prototypes/syst
olic-matcher/systolic_matcher.v:238$16'.                                        
     1/1: $0\_291[0:0]                                                          
Creating decoders for process                                                   
`\systolic_matcher.$proc$/home/matthias/prog/janestreet/emulator/prototypes/syst
olic-matcher/systolic_matcher.v:234$15'.                                        
     1/1: $0\_297[0:0]                                                          
Creating decoders for process                                                   
`\systolic_matcher.$proc$/home/matthias/prog/janestreet/emulator/prototypes/syst
olic-matcher/systolic_matcher.v:226$13'.                                        
     1/1: $0\_308[0:0]                                                          
Creating decoders for process                                                   
`\systolic_matcher.$proc$/home/matthias/prog/janestreet/emulator/prototypes/syst
olic-matcher/systolic_matcher.v:219$11'.                                        
     1/1: $0\_314[0:0]                                                          
Creating decoders for process                                                   
`\systolic_matcher.$proc$/home/matthias/prog/janestreet/emulator/prototypes/syst
olic-matcher/systolic_matcher.v:213$10'.                                        
     1/1: $0\_311[0:0]                                                          
Creating decoders for process                                                   
`\systolic_matcher.$proc$/home/matthias/prog/janestreet/emulator/prototypes/syst
olic-matcher/systolic_matcher.v:209$9'.                                         
     1/1: $0\_317[0:0]                                                          
Creating decoders for process                                                   
`\systolic_matcher.$proc$/home/matthias/prog/janestreet/emulator/prototypes/syst
olic-matcher/systolic_matcher.v:202$8'.                                         
     1/1: $0\_345[0:0]                                                          
Creating decoders for process                                                   
`\systolic_matcher.$proc$/home/matthias/prog/janestreet/emulator/prototypes/syst
olic-matcher/systolic_matcher.v:191$5'.                                         
     1/1: $0\_339[0:0]                                                          
Creating decoders for process                                                   
`\systolic_matcher.$proc$/home/matthias/prog/janestreet/emulator/prototypes/syst
olic-matcher/systolic_matcher.v:187$4'.                                         
     1/1: $0\_336[0:0]                                                          
Creating decoders for process                                                   
`\systolic_matcher.$proc$/home/matthias/prog/janestreet/emulator/prototypes/syst
olic-matcher/systolic_matcher.v:183$3'.                                         
     1/1: $0\_333[0:0]                                                          
Creating decoders for process                                                   
`\systolic_matcher.$proc$/home/matthias/prog/janestreet/emulator/prototypes/syst
olic-matcher/systolic_matcher.v:179$2'.                                         
     1/1: $0\_330[0:0]                                                          
Creating decoders for process                                                   
`\systolic_matcher.$proc$/home/matthias/prog/janestreet/emulator/prototypes/syst
olic-matcher/systolic_matcher.v:175$1'.                                         
     1/1: $0\_327[0:0]                                                          
                                                                                
6.8. Executing PROC_DLATCH pass (convert process syncs to latches).             
                                                                                
6.9. Executing PROC_DFF pass (convert process syncs to FFs).                    
Creating register for signal `\systolic_matcher.\_324' using process            
`\systolic_matcher.$proc$/home/matthias/prog/janestreet/emulator/prototypes/syst
olic-matcher/systolic_matcher.v:694$134'.                                       
  created $dff cell `$procdff$353' with positive edge clock.                    
Creating register for signal `\systolic_matcher.\_304' using process            
`\systolic_matcher.$proc$/home/matthias/prog/janestreet/emulator/prototypes/syst
olic-matcher/systolic_matcher.v:687$132'.                                       
  created $dff cell `$procdff$354' with positive edge clock.                    
Creating register for signal `\systolic_matcher.\_284' using process            
`\systolic_matcher.$proc$/home/matthias/prog/janestreet/emulator/prototypes/syst
olic-matcher/systolic_matcher.v:680$130'.                                       
  created $dff cell `$procdff$355' with positive edge clock.                    
Creating register for signal `\systolic_matcher.\_264' using process            
`\systolic_matcher.$proc$/home/matthias/prog/janestreet/emulator/prototypes/syst
olic-matcher/systolic_matcher.v:673$128'.                                       
  created $dff cell `$procdff$356' with positive edge clock.                    
Creating register for signal `\systolic_matcher.\_244' using process            
`\systolic_matcher.$proc$/home/matthias/prog/janestreet/emulator/prototypes/syst
olic-matcher/systolic_matcher.v:666$126'.                                       
  created $dff cell `$procdff$357' with positive edge clock.                    
Creating register for signal `\systolic_matcher.\_224' using process            
`\systolic_matcher.$proc$/home/matthias/prog/janestreet/emulator/prototypes/syst
olic-matcher/systolic_matcher.v:659$124'.                                       
  created $dff cell `$procdff$358' with positive edge clock.                    
Creating register for signal `\systolic_matcher.\_204' using process            
`\systolic_matcher.$proc$/home/matthias/prog/janestreet/emulator/prototypes/syst
olic-matcher/systolic_matcher.v:652$122'.                                       
  created $dff cell `$procdff$359' with positive edge clock.                    
Creating register for signal `\systolic_matcher.\_184' using process            
`\systolic_matcher.$proc$/home/matthias/prog/janestreet/emulator/prototypes/syst
olic-matcher/systolic_matcher.v:645$120'.                                       
  created $dff cell `$procdff$360' with positive edge clock.                    
Creating register for signal `\systolic_matcher.\_164' using process            
`\systolic_matcher.$proc$/home/matthias/prog/janestreet/emulator/prototypes/syst
olic-matcher/systolic_matcher.v:638$118'.                                       
  created $dff cell `$procdff$361' with positive edge clock.                    
Creating register for signal `\systolic_matcher.\_144' using process            
`\systolic_matcher.$proc$/home/matthias/prog/janestreet/emulator/prototypes/syst
olic-matcher/systolic_matcher.v:631$116'.                                       
  created $dff cell `$procdff$362' with positive edge clock.                    
Creating register for signal `\systolic_matcher.\_124' using process            
`\systolic_matcher.$proc$/home/matthias/prog/janestreet/emulator/prototypes/syst
olic-matcher/systolic_matcher.v:624$114'.                                       
  created $dff cell `$procdff$363' with positive edge clock.                    
Creating register for signal `\systolic_matcher.\_104' using process            
`\systolic_matcher.$proc$/home/matthias/prog/janestreet/emulator/prototypes/syst
olic-matcher/systolic_matcher.v:617$112'.                                       
  created $dff cell `$procdff$364' with positive edge clock.                    
Creating register for signal `\systolic_matcher.\_84' using process             
`\systolic_matcher.$proc$/home/matthias/prog/janestreet/emulator/prototypes/syst
olic-matcher/systolic_matcher.v:610$110'.                                       
  created $dff cell `$procdff$365' with positive edge clock.                    
Creating register for signal `\systolic_matcher.\_64' using process             
`\systolic_matcher.$proc$/home/matthias/prog/janestreet/emulator/prototypes/syst
olic-matcher/systolic_matcher.v:603$108'.                                       
  created $dff cell `$procdff$366' with positive edge clock.                    
Creating register for signal `\systolic_matcher.\_44' using process             
`\systolic_matcher.$proc$/home/matthias/prog/janestreet/emulator/prototypes/syst
olic-matcher/systolic_matcher.v:596$106'.                                       
  created $dff cell `$procdff$367' with positive edge clock.                    
Creating register for signal `\systolic_matcher.\_24' using process             
`\systolic_matcher.$proc$/home/matthias/prog/janestreet/emulator/prototypes/syst
olic-matcher/systolic_matcher.v:589$104'.                                       
  created $dff cell `$procdff$368' with positive edge clock.                    
Creating register for signal `\systolic_matcher.\_11' using process             
`\systolic_matcher.$proc$/home/matthias/prog/janestreet/emulator/prototypes/syst
olic-matcher/systolic_matcher.v:582$102'.                                       
  created $dff cell `$procdff$369' with positive edge clock.                    
Creating register for signal `\systolic_matcher.\_15' using process             
`\systolic_matcher.$proc$/home/matthias/prog/janestreet/emulator/prototypes/syst
olic-matcher/systolic_matcher.v:575$100'.                                       
  created $dff cell `$procdff$370' with positive edge clock.                    
Creating register for signal `\systolic_matcher.\_18' using process             
`\systolic_matcher.$proc$/home/matthias/prog/janestreet/emulator/prototypes/syst
olic-matcher/systolic_matcher.v:570$99'.                                        
  created $dff cell `$procdff$371' with positive edge clock.                    
Creating register for signal `\systolic_matcher.\_28' using process             
`\systolic_matcher.$proc$/home/matthias/prog/janestreet/emulator/prototypes/syst
olic-matcher/systolic_matcher.v:563$97'.                                        
  created $dff cell `$procdff$372' with positive edge clock.                    
Creating register for signal `\systolic_matcher.\_34' using process             
`\systolic_matcher.$proc$/home/matthias/prog/janestreet/emulator/prototypes/syst
olic-matcher/systolic_matcher.v:556$95'.                                        
  created $dff cell `$procdff$373' with positive edge clock.                    
Creating register for signal `\systolic_matcher.\_31' using process             
`\systolic_matcher.$proc$/home/matthias/prog/janestreet/emulator/prototypes/syst
olic-matcher/systolic_matcher.v:550$94'.                                        
  created $dff cell `$procdff$374' with positive edge clock.                    
Creating register for signal `\systolic_matcher.\_37' using process             
`\systolic_matcher.$proc$/home/matthias/prog/janestreet/emulator/prototypes/syst
olic-matcher/systolic_matcher.v:546$93'.                                        
  created $dff cell `$procdff$375' with positive edge clock.                    
Creating register for signal `\systolic_matcher.\_48' using process             
`\systolic_matcher.$proc$/home/matthias/prog/janestreet/emulator/prototypes/syst
olic-matcher/systolic_matcher.v:539$91'.                                        
  created $dff cell `$procdff$376' with positive edge clock.                    
Creating register for signal `\systolic_matcher.\_54' using process             
`\systolic_matcher.$proc$/home/matthias/prog/janestreet/emulator/prototypes/syst
olic-matcher/systolic_matcher.v:532$89'.                                        
  created $dff cell `$procdff$377' with positive edge clock.                    
Creating register for signal `\systolic_matcher.\_51' using process             
`\systolic_matcher.$proc$/home/matthias/prog/janestreet/emulator/prototypes/syst
olic-matcher/systolic_matcher.v:526$88'.                                        
  created $dff cell `$procdff$378' with positive edge clock.                    
Creating register for signal `\systolic_matcher.\_57' using process             
`\systolic_matcher.$proc$/home/matthias/prog/janestreet/emulator/prototypes/syst
olic-matcher/systolic_matcher.v:522$87'.                                        
  created $dff cell `$procdff$379' with positive edge clock.                    
Creating register for signal `\systolic_matcher.\_68' using process             
`\systolic_matcher.$proc$/home/matthias/prog/janestreet/emulator/prototypes/syst
olic-matcher/systolic_matcher.v:515$85'.                                        
  created $dff cell `$procdff$380' with positive edge clock.                    
Creating register for signal `\systolic_matcher.\_74' using process             
`\systolic_matcher.$proc$/home/matthias/prog/janestreet/emulator/prototypes/syst
olic-matcher/systolic_matcher.v:508$83'.                                        
  created $dff cell `$procdff$381' with positive edge clock.                    
Creating register for signal `\systolic_matcher.\_71' using process             
`\systolic_matcher.$proc$/home/matthias/prog/janestreet/emulator/prototypes/syst
olic-matcher/systolic_matcher.v:502$82'.                                        
  created $dff cell `$procdff$382' with positive edge clock.                    
Creating register for signal `\systolic_matcher.\_77' using process             
`\systolic_matcher.$proc$/home/matthias/prog/janestreet/emulator/prototypes/syst
olic-matcher/systolic_matcher.v:498$81'.                                        
  created $dff cell `$procdff$383' with positive edge clock.                    
Creating register for signal `\systolic_matcher.\_88' using process             
`\systolic_matcher.$proc$/home/matthias/prog/janestreet/emulator/prototypes/syst
olic-matcher/systolic_matcher.v:491$79'.                                        
  created $dff cell `$procdff$384' with positive edge clock.                    
Creating register for signal `\systolic_matcher.\_94' using process             
`\systolic_matcher.$proc$/home/matthias/prog/janestreet/emulator/prototypes/syst
olic-matcher/systolic_matcher.v:484$77'.                                        
  created $dff cell `$procdff$385' with positive edge clock.                    
Creating register for signal `\systolic_matcher.\_91' using process             
`\systolic_matcher.$proc$/home/matthias/prog/janestreet/emulator/prototypes/syst
olic-matcher/systolic_matcher.v:478$76'.                                        
  created $dff cell `$procdff$386' with positive edge clock.                    
Creating register for signal `\systolic_matcher.\_97' using process             
`\systolic_matcher.$proc$/home/matthias/prog/janestreet/emulator/prototypes/syst
olic-matcher/systolic_matcher.v:474$75'.                                        
  created $dff cell `$procdff$387' with positive edge clock.                    
Creating register for signal `\systolic_matcher.\_108' using process            
`\systolic_matcher.$proc$/home/matthias/prog/janestreet/emulator/prototypes/syst
olic-matcher/systolic_matcher.v:467$73'.                                        
  created $dff cell `$procdff$388' with positive edge clock.                    
Creating register for signal `\systolic_matcher.\_114' using process            
`\systolic_matcher.$proc$/home/matthias/prog/janestreet/emulator/prototypes/syst
olic-matcher/systolic_matcher.v:460$71'.                                        
  created $dff cell `$procdff$389' with positive edge clock.                    
Creating register for signal `\systolic_matcher.\_111' using process            
`\systolic_matcher.$proc$/home/matthias/prog/janestreet/emulator/prototypes/syst
olic-matcher/systolic_matcher.v:454$70'.                                        
  created $dff cell `$procdff$390' with positive edge clock.                    
Creating register for signal `\systolic_matcher.\_117' using process            
`\systolic_matcher.$proc$/home/matthias/prog/janestreet/emulator/prototypes/syst
olic-matcher/systolic_matcher.v:450$69'.                                        
  created $dff cell `$procdff$391' with positive edge clock.                    
Creating register for signal `\systolic_matcher.\_128' using process            
`\systolic_matcher.$proc$/home/matthias/prog/janestreet/emulator/prototypes/syst
olic-matcher/systolic_matcher.v:443$67'.                                        
  created $dff cell `$procdff$392' with positive edge clock.                    
Creating register for signal `\systolic_matcher.\_134' using process            
`\systolic_matcher.$proc$/home/matthias/prog/janestreet/emulator/prototypes/syst
olic-matcher/systolic_matcher.v:436$65'.                                        
  created $dff cell `$procdff$393' with positive edge clock.                    
Creating register for signal `\systolic_matcher.\_131' using process            
`\systolic_matcher.$proc$/home/matthias/prog/janestreet/emulator/prototypes/syst
olic-matcher/systolic_matcher.v:430$64'.                                        
  created $dff cell `$procdff$394' with positive edge clock.                    
Creating register for signal `\systolic_matcher.\_137' using process            
`\systolic_matcher.$proc$/home/matthias/prog/janestreet/emulator/prototypes/syst
olic-matcher/systolic_matcher.v:426$63'.                                        
  created $dff cell `$procdff$395' with positive edge clock.                    
Creating register for signal `\systolic_matcher.\_148' using process            
`\systolic_matcher.$proc$/home/matthias/prog/janestreet/emulator/prototypes/syst
olic-matcher/systolic_matcher.v:419$61'.                                        
  created $dff cell `$procdff$396' with positive edge clock.                    
Creating register for signal `\systolic_matcher.\_154' using process            
`\systolic_matcher.$proc$/home/matthias/prog/janestreet/emulator/prototypes/syst
olic-matcher/systolic_matcher.v:412$59'.                                        
  created $dff cell `$procdff$397' with positive edge clock.                    
Creating register for signal `\systolic_matcher.\_151' using process            
`\systolic_matcher.$proc$/home/matthias/prog/janestreet/emulator/prototypes/syst
olic-matcher/systolic_matcher.v:406$58'.                                        
  created $dff cell `$procdff$398' with positive edge clock.                    
Creating register for signal `\systolic_matcher.\_157' using process            
`\systolic_matcher.$proc$/home/matthias/prog/janestreet/emulator/prototypes/syst
olic-matcher/systolic_matcher.v:402$57'.                                        
  created $dff cell `$procdff$399' with positive edge clock.                    
Creating register for signal `\systolic_matcher.\_168' using process            
`\systolic_matcher.$proc$/home/matthias/prog/janestreet/emulator/prototypes/syst
olic-matcher/systolic_matcher.v:395$55'.                                        
  created $dff cell `$procdff$400' with positive edge clock.                    
Creating register for signal `\systolic_matcher.\_174' using process            
`\systolic_matcher.$proc$/home/matthias/prog/janestreet/emulator/prototypes/syst
olic-matcher/systolic_matcher.v:388$53'.                                        
  created $dff cell `$procdff$401' with positive edge clock.                    
Creating register for signal `\systolic_matcher.\_171' using process            
`\systolic_matcher.$proc$/home/matthias/prog/janestreet/emulator/prototypes/syst
olic-matcher/systolic_matcher.v:382$52'.                                        
  created $dff cell `$procdff$402' with positive edge clock.                    
Creating register for signal `\systolic_matcher.\_177' using process            
`\systolic_matcher.$proc$/home/matthias/prog/janestreet/emulator/prototypes/syst
olic-matcher/systolic_matcher.v:378$51'.                                        
  created $dff cell `$procdff$403' with positive edge clock.                    
Creating register for signal `\systolic_matcher.\_188' using process            
`\systolic_matcher.$proc$/home/matthias/prog/janestreet/emulator/prototypes/syst
olic-matcher/systolic_matcher.v:371$49'.                                        
  created $dff cell `$procdff$404' with positive edge clock.                    
Creating register for signal `\systolic_matcher.\_194' using process            
`\systolic_matcher.$proc$/home/matthias/prog/janestreet/emulator/prototypes/syst
olic-matcher/systolic_matcher.v:364$47'.                                        
  created $dff cell `$procdff$405' with positive edge clock.                    
Creating register for signal `\systolic_matcher.\_191' using process            
`\systolic_matcher.$proc$/home/matthias/prog/janestreet/emulator/prototypes/syst
olic-matcher/systolic_matcher.v:358$46'.                                        
  created $dff cell `$procdff$406' with positive edge clock.                    
Creating register for signal `\systolic_matcher.\_197' using process            
`\systolic_matcher.$proc$/home/matthias/prog/janestreet/emulator/prototypes/syst
olic-matcher/systolic_matcher.v:354$45'.                                        
  created $dff cell `$procdff$407' with positive edge clock.                    
Creating register for signal `\systolic_matcher.\_208' using process            
`\systolic_matcher.$proc$/home/matthias/prog/janestreet/emulator/prototypes/syst
olic-matcher/systolic_matcher.v:347$43'.                                        
  created $dff cell `$procdff$408' with positive edge clock.                    
Creating register for signal `\systolic_matcher.\_214' using process            
`\systolic_matcher.$proc$/home/matthias/prog/janestreet/emulator/prototypes/syst
olic-matcher/systolic_matcher.v:340$41'.                                        
  created $dff cell `$procdff$409' with positive edge clock.                    
Creating register for signal `\systolic_matcher.\_211' using process            
`\systolic_matcher.$proc$/home/matthias/prog/janestreet/emulator/prototypes/syst
olic-matcher/systolic_matcher.v:334$40'.                                        
  created $dff cell `$procdff$410' with positive edge clock.                    
Creating register for signal `\systolic_matcher.\_217' using process            
`\systolic_matcher.$proc$/home/matthias/prog/janestreet/emulator/prototypes/syst
olic-matcher/systolic_matcher.v:330$39'.                                        
  created $dff cell `$procdff$411' with positive edge clock.                    
Creating register for signal `\systolic_matcher.\_228' using process            
`\systolic_matcher.$proc$/home/matthias/prog/janestreet/emulator/prototypes/syst
olic-matcher/systolic_matcher.v:323$37'.                                        
  created $dff cell `$procdff$412' with positive edge clock.                    
Creating register for signal `\systolic_matcher.\_234' using process            
`\systolic_matcher.$proc$/home/matthias/prog/janestreet/emulator/prototypes/syst
olic-matcher/systolic_matcher.v:316$35'.                                        
  created $dff cell `$procdff$413' with positive edge clock.                    
Creating register for signal `\systolic_matcher.\_231' using process            
`\systolic_matcher.$proc$/home/matthias/prog/janestreet/emulator/prototypes/syst
olic-matcher/systolic_matcher.v:310$34'.                                        
  created $dff cell `$procdff$414' with positive edge clock.                    
Creating register for signal `\systolic_matcher.\_237' using process            
`\systolic_matcher.$proc$/home/matthias/prog/janestreet/emulator/prototypes/syst
olic-matcher/systolic_matcher.v:306$33'.                                        
  created $dff cell `$procdff$415' with positive edge clock.                    
Creating register for signal `\systolic_matcher.\_248' using process            
`\systolic_matcher.$proc$/home/matthias/prog/janestreet/emulator/prototypes/syst
olic-matcher/systolic_matcher.v:299$31'.                                        
  created $dff cell `$procdff$416' with positive edge clock.                    
Creating register for signal `\systolic_matcher.\_254' using process            
`\systolic_matcher.$proc$/home/matthias/prog/janestreet/emulator/prototypes/syst
olic-matcher/systolic_matcher.v:292$29'.                                        
  created $dff cell `$procdff$417' with positive edge clock.                    
Creating register for signal `\systolic_matcher.\_251' using process            
`\systolic_matcher.$proc$/home/matthias/prog/janestreet/emulator/prototypes/syst
olic-matcher/systolic_matcher.v:286$28'.                                        
  created $dff cell `$procdff$418' with positive edge clock.                    
Creating register for signal `\systolic_matcher.\_257' using process            
`\systolic_matcher.$proc$/home/matthias/prog/janestreet/emulator/prototypes/syst
olic-matcher/systolic_matcher.v:282$27'.                                        
  created $dff cell `$procdff$419' with positive edge clock.                    
Creating register for signal `\systolic_matcher.\_268' using process            
`\systolic_matcher.$proc$/home/matthias/prog/janestreet/emulator/prototypes/syst
olic-matcher/systolic_matcher.v:275$25'.                                        
  created $dff cell `$procdff$420' with positive edge clock.                    
Creating register for signal `\systolic_matcher.\_274' using process            
`\systolic_matcher.$proc$/home/matthias/prog/janestreet/emulator/prototypes/syst
olic-matcher/systolic_matcher.v:268$23'.                                        
  created $dff cell `$procdff$421' with positive edge clock.                    
Creating register for signal `\systolic_matcher.\_271' using process            
`\systolic_matcher.$proc$/home/matthias/prog/janestreet/emulator/prototypes/syst
olic-matcher/systolic_matcher.v:262$22'.                                        
  created $dff cell `$procdff$422' with positive edge clock.                    
Creating register for signal `\systolic_matcher.\_277' using process            
`\systolic_matcher.$proc$/home/matthias/prog/janestreet/emulator/prototypes/syst
olic-matcher/systolic_matcher.v:258$21'.                                        
  created $dff cell `$procdff$423' with positive edge clock.                    
Creating register for signal `\systolic_matcher.\_288' using process            
`\systolic_matcher.$proc$/home/matthias/prog/janestreet/emulator/prototypes/syst
olic-matcher/systolic_matcher.v:251$19'.                                        
  created $dff cell `$procdff$424' with positive edge clock.                    
Creating register for signal `\systolic_matcher.\_294' using process            
`\systolic_matcher.$proc$/home/matthias/prog/janestreet/emulator/prototypes/syst
olic-matcher/systolic_matcher.v:244$17'.                                        
  created $dff cell `$procdff$425' with positive edge clock.                    
Creating register for signal `\systolic_matcher.\_291' using process            
`\systolic_matcher.$proc$/home/matthias/prog/janestreet/emulator/prototypes/syst
olic-matcher/systolic_matcher.v:238$16'.                                        
  created $dff cell `$procdff$426' with positive edge clock.                    
Creating register for signal `\systolic_matcher.\_297' using process            
`\systolic_matcher.$proc$/home/matthias/prog/janestreet/emulator/prototypes/syst
olic-matcher/systolic_matcher.v:234$15'.                                        
  created $dff cell `$procdff$427' with positive edge clock.                    
Creating register for signal `\systolic_matcher.\_308' using process            
`\systolic_matcher.$proc$/home/matthias/prog/janestreet/emulator/prototypes/syst
olic-matcher/systolic_matcher.v:226$13'.                                        
  created $dff cell `$procdff$428' with positive edge clock.                    
Creating register for signal `\systolic_matcher.\_314' using process            
`\systolic_matcher.$proc$/home/matthias/prog/janestreet/emulator/prototypes/syst
olic-matcher/systolic_matcher.v:219$11'.                                        
  created $dff cell `$procdff$429' with positive edge clock.                    
Creating register for signal `\systolic_matcher.\_311' using process            
`\systolic_matcher.$proc$/home/matthias/prog/janestreet/emulator/prototypes/syst
olic-matcher/systolic_matcher.v:213$10'.                                        
  created $dff cell `$procdff$430' with positive edge clock.                    
Creating register for signal `\systolic_matcher.\_317' using process            
`\systolic_matcher.$proc$/home/matthias/prog/janestreet/emulator/prototypes/syst
olic-matcher/systolic_matcher.v:209$9'.                                         
  created $dff cell `$procdff$431' with positive edge clock.                    
Creating register for signal `\systolic_matcher.\_345' using process            
`\systolic_matcher.$proc$/home/matthias/prog/janestreet/emulator/prototypes/syst
olic-matcher/systolic_matcher.v:202$8'.                                         
  created $dff cell `$procdff$432' with positive edge clock.                    
Creating register for signal `\systolic_matcher.\_339' using process            
`\systolic_matcher.$proc$/home/matthias/prog/janestreet/emulator/prototypes/syst
olic-matcher/systolic_matcher.v:191$5'.                                         
  created $dff cell `$procdff$433' with positive edge clock.                    
Creating register for signal `\systolic_matcher.\_336' using process            
`\systolic_matcher.$proc$/home/matthias/prog/janestreet/emulator/prototypes/syst
olic-matcher/systolic_matcher.v:187$4'.                                         
  created $dff cell `$procdff$434' with positive edge clock.                    
Creating register for signal `\systolic_matcher.\_333' using process            
`\systolic_matcher.$proc$/home/matthias/prog/janestreet/emulator/prototypes/syst
olic-matcher/systolic_matcher.v:183$3'.                                         
  created $dff cell `$procdff$435' with positive edge clock.                    
Creating register for signal `\systolic_matcher.\_330' using process            
`\systolic_matcher.$proc$/home/matthias/prog/janestreet/emulator/prototypes/syst
olic-matcher/systolic_matcher.v:179$2'.                                         
  created $dff cell `$procdff$436' with positive edge clock.                    
Creating register for signal `\systolic_matcher.\_327' using process            
`\systolic_matcher.$proc$/home/matthias/prog/janestreet/emulator/prototypes/syst
olic-matcher/systolic_matcher.v:175$1'.                                         
  created $dff cell `$procdff$437' with positive edge clock.                    
                                                                                
6.10. Executing PROC_MEMWR pass (convert process memory writes to cells).       
                                                                                
6.11. Executing PROC_CLEAN pass (remove empty switches from decision trees).    
Found and cleaned up 1 empty switch in                                          
`\systolic_matcher.$proc$/home/matthias/prog/janestreet/emulator/prototypes/syst
olic-matcher/systolic_matcher.v:694$134'.                                       
Removing empty process                                                          
`systolic_matcher.$proc$/home/matthias/prog/janestreet/emulator/prototypes/systo
lic-matcher/systolic_matcher.v:694$134'.                                        
Found and cleaned up 1 empty switch in                                          
`\systolic_matcher.$proc$/home/matthias/prog/janestreet/emulator/prototypes/syst
olic-matcher/systolic_matcher.v:687$132'.                                       
Removing empty process                                                          
`systolic_matcher.$proc$/home/matthias/prog/janestreet/emulator/prototypes/systo
lic-matcher/systolic_matcher.v:687$132'.                                        
Found and cleaned up 1 empty switch in                                          
`\systolic_matcher.$proc$/home/matthias/prog/janestreet/emulator/prototypes/syst
olic-matcher/systolic_matcher.v:680$130'.                                       
Removing empty process                                                          
`systolic_matcher.$proc$/home/matthias/prog/janestreet/emulator/prototypes/systo
lic-matcher/systolic_matcher.v:680$130'.                                        
Found and cleaned up 1 empty switch in                                          
`\systolic_matcher.$proc$/home/matthias/prog/janestreet/emulator/prototypes/syst
olic-matcher/systolic_matcher.v:673$128'.                                       
Removing empty process                                                          
`systolic_matcher.$proc$/home/matthias/prog/janestreet/emulator/prototypes/systo
lic-matcher/systolic_matcher.v:673$128'.                                        
Found and cleaned up 1 empty switch in                                          
`\systolic_matcher.$proc$/home/matthias/prog/janestreet/emulator/prototypes/syst
olic-matcher/systolic_matcher.v:666$126'.                                       
Removing empty process                                                          
`systolic_matcher.$proc$/home/matthias/prog/janestreet/emulator/prototypes/systo
lic-matcher/systolic_matcher.v:666$126'.                                        
Found and cleaned up 1 empty switch in                                          
`\systolic_matcher.$proc$/home/matthias/prog/janestreet/emulator/prototypes/syst
olic-matcher/systolic_matcher.v:659$124'.                                       
Removing empty process                                                          
`systolic_matcher.$proc$/home/matthias/prog/janestreet/emulator/prototypes/systo
lic-matcher/systolic_matcher.v:659$124'.                                        
Found and cleaned up 1 empty switch in                                          
`\systolic_matcher.$proc$/home/matthias/prog/janestreet/emulator/prototypes/syst
olic-matcher/systolic_matcher.v:652$122'.                                       
Removing empty process                                                          
`systolic_matcher.$proc$/home/matthias/prog/janestreet/emulator/prototypes/systo
lic-matcher/systolic_matcher.v:652$122'.                                        
Found and cleaned up 1 empty switch in                                          
`\systolic_matcher.$proc$/home/matthias/prog/janestreet/emulator/prototypes/syst
olic-matcher/systolic_matcher.v:645$120'.                                       
Removing empty process                                                          
`systolic_matcher.$proc$/home/matthias/prog/janestreet/emulator/prototypes/systo
lic-matcher/systolic_matcher.v:645$120'.                                        
Found and cleaned up 1 empty switch in                                          
`\systolic_matcher.$proc$/home/matthias/prog/janestreet/emulator/prototypes/syst
olic-matcher/systolic_matcher.v:638$118'.                                       
Removing empty process                                                          
`systolic_matcher.$proc$/home/matthias/prog/janestreet/emulator/prototypes/systo
lic-matcher/systolic_matcher.v:638$118'.                                        
Found and cleaned up 1 empty switch in                                          
`\systolic_matcher.$proc$/home/matthias/prog/janestreet/emulator/prototypes/syst
olic-matcher/systolic_matcher.v:631$116'.                                       
Removing empty process                                                          
`systolic_matcher.$proc$/home/matthias/prog/janestreet/emulator/prototypes/systo
lic-matcher/systolic_matcher.v:631$116'.                                        
Found and cleaned up 1 empty switch in                                          
`\systolic_matcher.$proc$/home/matthias/prog/janestreet/emulator/prototypes/syst
olic-matcher/systolic_matcher.v:624$114'.                                       
Removing empty process                                                          
`systolic_matcher.$proc$/home/matthias/prog/janestreet/emulator/prototypes/systo
lic-matcher/systolic_matcher.v:624$114'.                                        
Found and cleaned up 1 empty switch in                                          
`\systolic_matcher.$proc$/home/matthias/prog/janestreet/emulator/prototypes/syst
olic-matcher/systolic_matcher.v:617$112'.                                       
Removing empty process                                                          
`systolic_matcher.$proc$/home/matthias/prog/janestreet/emulator/prototypes/systo
lic-matcher/systolic_matcher.v:617$112'.                                        
Found and cleaned up 1 empty switch in                                          
`\systolic_matcher.$proc$/home/matthias/prog/janestreet/emulator/prototypes/syst
olic-matcher/systolic_matcher.v:610$110'.                                       
Removing empty process                                                          
`systolic_matcher.$proc$/home/matthias/prog/janestreet/emulator/prototypes/systo
lic-matcher/systolic_matcher.v:610$110'.                                        
Found and cleaned up 1 empty switch in                                          
`\systolic_matcher.$proc$/home/matthias/prog/janestreet/emulator/prototypes/syst
olic-matcher/systolic_matcher.v:603$108'.                                       
Removing empty process                                                          
`systolic_matcher.$proc$/home/matthias/prog/janestreet/emulator/prototypes/systo
lic-matcher/systolic_matcher.v:603$108'.                                        
Found and cleaned up 1 empty switch in                                          
`\systolic_matcher.$proc$/home/matthias/prog/janestreet/emulator/prototypes/syst
olic-matcher/systolic_matcher.v:596$106'.                                       
Removing empty process                                                          
`systolic_matcher.$proc$/home/matthias/prog/janestreet/emulator/prototypes/systo
lic-matcher/systolic_matcher.v:596$106'.                                        
Found and cleaned up 1 empty switch in                                          
`\systolic_matcher.$proc$/home/matthias/prog/janestreet/emulator/prototypes/syst
olic-matcher/systolic_matcher.v:589$104'.                                       
Removing empty process                                                          
`systolic_matcher.$proc$/home/matthias/prog/janestreet/emulator/prototypes/systo
lic-matcher/systolic_matcher.v:589$104'.                                        
Found and cleaned up 1 empty switch in                                          
`\systolic_matcher.$proc$/home/matthias/prog/janestreet/emulator/prototypes/syst
olic-matcher/systolic_matcher.v:582$102'.                                       
Removing empty process                                                          
`systolic_matcher.$proc$/home/matthias/prog/janestreet/emulator/prototypes/systo
lic-matcher/systolic_matcher.v:582$102'.                                        
Found and cleaned up 1 empty switch in                                          
`\systolic_matcher.$proc$/home/matthias/prog/janestreet/emulator/prototypes/syst
olic-matcher/systolic_matcher.v:575$100'.                                       
Removing empty process                                                          
`systolic_matcher.$proc$/home/matthias/prog/janestreet/emulator/prototypes/systo
lic-matcher/systolic_matcher.v:575$100'.                                        
Found and cleaned up 1 empty switch in                                          
`\systolic_matcher.$proc$/home/matthias/prog/janestreet/emulator/prototypes/syst
olic-matcher/systolic_matcher.v:570$99'.                                        
Removing empty process                                                          
`systolic_matcher.$proc$/home/matthias/prog/janestreet/emulator/prototypes/systo
lic-matcher/systolic_matcher.v:570$99'.                                         
Found and cleaned up 1 empty switch in                                          
`\systolic_matcher.$proc$/home/matthias/prog/janestreet/emulator/prototypes/syst
olic-matcher/systolic_matcher.v:563$97'.                                        
Removing empty process                                                          
`systolic_matcher.$proc$/home/matthias/prog/janestreet/emulator/prototypes/systo
lic-matcher/systolic_matcher.v:563$97'.                                         
Found and cleaned up 1 empty switch in                                          
`\systolic_matcher.$proc$/home/matthias/prog/janestreet/emulator/prototypes/syst
olic-matcher/systolic_matcher.v:556$95'.                                        
Removing empty process                                                          
`systolic_matcher.$proc$/home/matthias/prog/janestreet/emulator/prototypes/systo
lic-matcher/systolic_matcher.v:556$95'.                                         
Found and cleaned up 1 empty switch in                                          
`\systolic_matcher.$proc$/home/matthias/prog/janestreet/emulator/prototypes/syst
olic-matcher/systolic_matcher.v:550$94'.                                        
Removing empty process                                                          
`systolic_matcher.$proc$/home/matthias/prog/janestreet/emulator/prototypes/systo
lic-matcher/systolic_matcher.v:550$94'.                                         
Found and cleaned up 1 empty switch in                                          
`\systolic_matcher.$proc$/home/matthias/prog/janestreet/emulator/prototypes/syst
olic-matcher/systolic_matcher.v:546$93'.                                        
Removing empty process                                                          
`systolic_matcher.$proc$/home/matthias/prog/janestreet/emulator/prototypes/systo
lic-matcher/systolic_matcher.v:546$93'.                                         
Found and cleaned up 1 empty switch in                                          
`\systolic_matcher.$proc$/home/matthias/prog/janestreet/emulator/prototypes/syst
olic-matcher/systolic_matcher.v:539$91'.                                        
Removing empty process                                                          
`systolic_matcher.$proc$/home/matthias/prog/janestreet/emulator/prototypes/systo
lic-matcher/systolic_matcher.v:539$91'.                                         
Found and cleaned up 1 empty switch in                                          
`\systolic_matcher.$proc$/home/matthias/prog/janestreet/emulator/prototypes/syst
olic-matcher/systolic_matcher.v:532$89'.                                        
Removing empty process                                                          
`systolic_matcher.$proc$/home/matthias/prog/janestreet/emulator/prototypes/systo
lic-matcher/systolic_matcher.v:532$89'.                                         
Found and cleaned up 1 empty switch in                                          
`\systolic_matcher.$proc$/home/matthias/prog/janestreet/emulator/prototypes/syst
olic-matcher/systolic_matcher.v:526$88'.                                        
Removing empty process                                                          
`systolic_matcher.$proc$/home/matthias/prog/janestreet/emulator/prototypes/systo
lic-matcher/systolic_matcher.v:526$88'.                                         
Found and cleaned up 1 empty switch in                                          
`\systolic_matcher.$proc$/home/matthias/prog/janestreet/emulator/prototypes/syst
olic-matcher/systolic_matcher.v:522$87'.                                        
Removing empty process                                                          
`systolic_matcher.$proc$/home/matthias/prog/janestreet/emulator/prototypes/systo
lic-matcher/systolic_matcher.v:522$87'.                                         
Found and cleaned up 1 empty switch in                                          
`\systolic_matcher.$proc$/home/matthias/prog/janestreet/emulator/prototypes/syst
olic-matcher/systolic_matcher.v:515$85'.                                        
Removing empty process                                                          
`systolic_matcher.$proc$/home/matthias/prog/janestreet/emulator/prototypes/systo
lic-matcher/systolic_matcher.v:515$85'.                                         
Found and cleaned up 1 empty switch in                                          
`\systolic_matcher.$proc$/home/matthias/prog/janestreet/emulator/prototypes/syst
olic-matcher/systolic_matcher.v:508$83'.                                        
Removing empty process                                                          
`systolic_matcher.$proc$/home/matthias/prog/janestreet/emulator/prototypes/systo
lic-matcher/systolic_matcher.v:508$83'.                                         
Found and cleaned up 1 empty switch in                                          
`\systolic_matcher.$proc$/home/matthias/prog/janestreet/emulator/prototypes/syst
olic-matcher/systolic_matcher.v:502$82'.                                        
Removing empty process                                                          
`systolic_matcher.$proc$/home/matthias/prog/janestreet/emulator/prototypes/systo
lic-matcher/systolic_matcher.v:502$82'.                                         
Found and cleaned up 1 empty switch in                                          
`\systolic_matcher.$proc$/home/matthias/prog/janestreet/emulator/prototypes/syst
olic-matcher/systolic_matcher.v:498$81'.                                        
Removing empty process                                                          
`systolic_matcher.$proc$/home/matthias/prog/janestreet/emulator/prototypes/systo
lic-matcher/systolic_matcher.v:498$81'.                                         
Found and cleaned up 1 empty switch in                                          
`\systolic_matcher.$proc$/home/matthias/prog/janestreet/emulator/prototypes/syst
olic-matcher/systolic_matcher.v:491$79'.                                        
Removing empty process                                                          
`systolic_matcher.$proc$/home/matthias/prog/janestreet/emulator/prototypes/systo
lic-matcher/systolic_matcher.v:491$79'.                                         
Found and cleaned up 1 empty switch in                                          
`\systolic_matcher.$proc$/home/matthias/prog/janestreet/emulator/prototypes/syst
olic-matcher/systolic_matcher.v:484$77'.                                        
Removing empty process                                                          
`systolic_matcher.$proc$/home/matthias/prog/janestreet/emulator/prototypes/systo
lic-matcher/systolic_matcher.v:484$77'.                                         
Found and cleaned up 1 empty switch in                                          
`\systolic_matcher.$proc$/home/matthias/prog/janestreet/emulator/prototypes/syst
olic-matcher/systolic_matcher.v:478$76'.                                        
Removing empty process                                                          
`systolic_matcher.$proc$/home/matthias/prog/janestreet/emulator/prototypes/systo
lic-matcher/systolic_matcher.v:478$76'.                                         
Found and cleaned up 1 empty switch in                                          
`\systolic_matcher.$proc$/home/matthias/prog/janestreet/emulator/prototypes/syst
olic-matcher/systolic_matcher.v:474$75'.                                        
Removing empty process                                                          
`systolic_matcher.$proc$/home/matthias/prog/janestreet/emulator/prototypes/systo
lic-matcher/systolic_matcher.v:474$75'.                                         
Found and cleaned up 1 empty switch in                                          
`\systolic_matcher.$proc$/home/matthias/prog/janestreet/emulator/prototypes/syst
olic-matcher/systolic_matcher.v:467$73'.                                        
Removing empty process                                                          
`systolic_matcher.$proc$/home/matthias/prog/janestreet/emulator/prototypes/systo
lic-matcher/systolic_matcher.v:467$73'.                                         
Found and cleaned up 1 empty switch in                                          
`\systolic_matcher.$proc$/home/matthias/prog/janestreet/emulator/prototypes/syst
olic-matcher/systolic_matcher.v:460$71'.                                        
Removing empty process                                                          
`systolic_matcher.$proc$/home/matthias/prog/janestreet/emulator/prototypes/systo
lic-matcher/systolic_matcher.v:460$71'.                                         
Found and cleaned up 1 empty switch in                                          
`\systolic_matcher.$proc$/home/matthias/prog/janestreet/emulator/prototypes/syst
olic-matcher/systolic_matcher.v:454$70'.                                        
Removing empty process                                                          
`systolic_matcher.$proc$/home/matthias/prog/janestreet/emulator/prototypes/systo
lic-matcher/systolic_matcher.v:454$70'.                                         
Found and cleaned up 1 empty switch in                                          
`\systolic_matcher.$proc$/home/matthias/prog/janestreet/emulator/prototypes/syst
olic-matcher/systolic_matcher.v:450$69'.                                        
Removing empty process                                                          
`systolic_matcher.$proc$/home/matthias/prog/janestreet/emulator/prototypes/systo
lic-matcher/systolic_matcher.v:450$69'.                                         
Found and cleaned up 1 empty switch in                                          
`\systolic_matcher.$proc$/home/matthias/prog/janestreet/emulator/prototypes/syst
olic-matcher/systolic_matcher.v:443$67'.                                        
Removing empty process                                                          
`systolic_matcher.$proc$/home/matthias/prog/janestreet/emulator/prototypes/systo
lic-matcher/systolic_matcher.v:443$67'.                                         
Found and cleaned up 1 empty switch in                                          
`\systolic_matcher.$proc$/home/matthias/prog/janestreet/emulator/prototypes/syst
olic-matcher/systolic_matcher.v:436$65'.                                        
Removing empty process                                                          
`systolic_matcher.$proc$/home/matthias/prog/janestreet/emulator/prototypes/systo
lic-matcher/systolic_matcher.v:436$65'.                                         
Found and cleaned up 1 empty switch in                                          
`\systolic_matcher.$proc$/home/matthias/prog/janestreet/emulator/prototypes/syst
olic-matcher/systolic_matcher.v:430$64'.                                        
Removing empty process                                                          
`systolic_matcher.$proc$/home/matthias/prog/janestreet/emulator/prototypes/systo
lic-matcher/systolic_matcher.v:430$64'.                                         
Found and cleaned up 1 empty switch in                                          
`\systolic_matcher.$proc$/home/matthias/prog/janestreet/emulator/prototypes/syst
olic-matcher/systolic_matcher.v:426$63'.                                        
Removing empty process                                                          
`systolic_matcher.$proc$/home/matthias/prog/janestreet/emulator/prototypes/systo
lic-matcher/systolic_matcher.v:426$63'.                                         
Found and cleaned up 1 empty switch in                                          
`\systolic_matcher.$proc$/home/matthias/prog/janestreet/emulator/prototypes/syst
olic-matcher/systolic_matcher.v:419$61'.                                        
Removing empty process                                                          
`systolic_matcher.$proc$/home/matthias/prog/janestreet/emulator/prototypes/systo
lic-matcher/systolic_matcher.v:419$61'.                                         
Found and cleaned up 1 empty switch in                                          
`\systolic_matcher.$proc$/home/matthias/prog/janestreet/emulator/prototypes/syst
olic-matcher/systolic_matcher.v:412$59'.                                        
Removing empty process                                                          
`systolic_matcher.$proc$/home/matthias/prog/janestreet/emulator/prototypes/systo
lic-matcher/systolic_matcher.v:412$59'.                                         
Found and cleaned up 1 empty switch in                                          
`\systolic_matcher.$proc$/home/matthias/prog/janestreet/emulator/prototypes/syst
olic-matcher/systolic_matcher.v:406$58'.                                        
Removing empty process                                                          
`systolic_matcher.$proc$/home/matthias/prog/janestreet/emulator/prototypes/systo
lic-matcher/systolic_matcher.v:406$58'.                                         
Found and cleaned up 1 empty switch in                                          
`\systolic_matcher.$proc$/home/matthias/prog/janestreet/emulator/prototypes/syst
olic-matcher/systolic_matcher.v:402$57'.                                        
Removing empty process                                                          
`systolic_matcher.$proc$/home/matthias/prog/janestreet/emulator/prototypes/systo
lic-matcher/systolic_matcher.v:402$57'.                                         
Found and cleaned up 1 empty switch in                                          
`\systolic_matcher.$proc$/home/matthias/prog/janestreet/emulator/prototypes/syst
olic-matcher/systolic_matcher.v:395$55'.                                        
Removing empty process                                                          
`systolic_matcher.$proc$/home/matthias/prog/janestreet/emulator/prototypes/systo
lic-matcher/systolic_matcher.v:395$55'.                                         
Found and cleaned up 1 empty switch in                                          
`\systolic_matcher.$proc$/home/matthias/prog/janestreet/emulator/prototypes/syst
olic-matcher/systolic_matcher.v:388$53'.                                        
Removing empty process                                                          
`systolic_matcher.$proc$/home/matthias/prog/janestreet/emulator/prototypes/systo
lic-matcher/systolic_matcher.v:388$53'.                                         
Found and cleaned up 1 empty switch in                                          
`\systolic_matcher.$proc$/home/matthias/prog/janestreet/emulator/prototypes/syst
olic-matcher/systolic_matcher.v:382$52'.                                        
Removing empty process                                                          
`systolic_matcher.$proc$/home/matthias/prog/janestreet/emulator/prototypes/systo
lic-matcher/systolic_matcher.v:382$52'.                                         
Found and cleaned up 1 empty switch in                                          
`\systolic_matcher.$proc$/home/matthias/prog/janestreet/emulator/prototypes/syst
olic-matcher/systolic_matcher.v:378$51'.                                        
Removing empty process                                                          
`systolic_matcher.$proc$/home/matthias/prog/janestreet/emulator/prototypes/systo
lic-matcher/systolic_matcher.v:378$51'.                                         
Found and cleaned up 1 empty switch in                                          
`\systolic_matcher.$proc$/home/matthias/prog/janestreet/emulator/prototypes/syst
olic-matcher/systolic_matcher.v:371$49'.                                        
Removing empty process                                                          
`systolic_matcher.$proc$/home/matthias/prog/janestreet/emulator/prototypes/systo
lic-matcher/systolic_matcher.v:371$49'.                                         
Found and cleaned up 1 empty switch in                                          
`\systolic_matcher.$proc$/home/matthias/prog/janestreet/emulator/prototypes/syst
olic-matcher/systolic_matcher.v:364$47'.                                        
Removing empty process                                                          
`systolic_matcher.$proc$/home/matthias/prog/janestreet/emulator/prototypes/systo
lic-matcher/systolic_matcher.v:364$47'.                                         
Found and cleaned up 1 empty switch in                                          
`\systolic_matcher.$proc$/home/matthias/prog/janestreet/emulator/prototypes/syst
olic-matcher/systolic_matcher.v:358$46'.                                        
Removing empty process                                                          
`systolic_matcher.$proc$/home/matthias/prog/janestreet/emulator/prototypes/systo
lic-matcher/systolic_matcher.v:358$46'.                                         
Found and cleaned up 1 empty switch in                                          
`\systolic_matcher.$proc$/home/matthias/prog/janestreet/emulator/prototypes/syst
olic-matcher/systolic_matcher.v:354$45'.                                        
Removing empty process                                                          
`systolic_matcher.$proc$/home/matthias/prog/janestreet/emulator/prototypes/systo
lic-matcher/systolic_matcher.v:354$45'.                                         
Found and cleaned up 1 empty switch in                                          
`\systolic_matcher.$proc$/home/matthias/prog/janestreet/emulator/prototypes/syst
olic-matcher/systolic_matcher.v:347$43'.                                        
Removing empty process                                                          
`systolic_matcher.$proc$/home/matthias/prog/janestreet/emulator/prototypes/systo
lic-matcher/systolic_matcher.v:347$43'.                                         
Found and cleaned up 1 empty switch in                                          
`\systolic_matcher.$proc$/home/matthias/prog/janestreet/emulator/prototypes/syst
olic-matcher/systolic_matcher.v:340$41'.                                        
Removing empty process                                                          
`systolic_matcher.$proc$/home/matthias/prog/janestreet/emulator/prototypes/systo
lic-matcher/systolic_matcher.v:340$41'.                                         
Found and cleaned up 1 empty switch in                                          
`\systolic_matcher.$proc$/home/matthias/prog/janestreet/emulator/prototypes/syst
olic-matcher/systolic_matcher.v:334$40'.                                        
Removing empty process                                                          
`systolic_matcher.$proc$/home/matthias/prog/janestreet/emulator/prototypes/systo
lic-matcher/systolic_matcher.v:334$40'.                                         
Found and cleaned up 1 empty switch in                                          
`\systolic_matcher.$proc$/home/matthias/prog/janestreet/emulator/prototypes/syst
olic-matcher/systolic_matcher.v:330$39'.                                        
Removing empty process                                                          
`systolic_matcher.$proc$/home/matthias/prog/janestreet/emulator/prototypes/systo
lic-matcher/systolic_matcher.v:330$39'.                                         
Found and cleaned up 1 empty switch in                                          
`\systolic_matcher.$proc$/home/matthias/prog/janestreet/emulator/prototypes/syst
olic-matcher/systolic_matcher.v:323$37'.                                        
Removing empty process                                                          
`systolic_matcher.$proc$/home/matthias/prog/janestreet/emulator/prototypes/systo
lic-matcher/systolic_matcher.v:323$37'.                                         
Found and cleaned up 1 empty switch in                                          
`\systolic_matcher.$proc$/home/matthias/prog/janestreet/emulator/prototypes/syst
olic-matcher/systolic_matcher.v:316$35'.                                        
Removing empty process                                                          
`systolic_matcher.$proc$/home/matthias/prog/janestreet/emulator/prototypes/systo
lic-matcher/systolic_matcher.v:316$35'.                                         
Found and cleaned up 1 empty switch in                                          
`\systolic_matcher.$proc$/home/matthias/prog/janestreet/emulator/prototypes/syst
olic-matcher/systolic_matcher.v:310$34'.                                        
Removing empty process                                                          
`systolic_matcher.$proc$/home/matthias/prog/janestreet/emulator/prototypes/systo
lic-matcher/systolic_matcher.v:310$34'.                                         
Found and cleaned up 1 empty switch in                                          
`\systolic_matcher.$proc$/home/matthias/prog/janestreet/emulator/prototypes/syst
olic-matcher/systolic_matcher.v:306$33'.                                        
Removing empty process                                                          
`systolic_matcher.$proc$/home/matthias/prog/janestreet/emulator/prototypes/systo
lic-matcher/systolic_matcher.v:306$33'.                                         
Found and cleaned up 1 empty switch in                                          
`\systolic_matcher.$proc$/home/matthias/prog/janestreet/emulator/prototypes/syst
olic-matcher/systolic_matcher.v:299$31'.                                        
Removing empty process                                                          
`systolic_matcher.$proc$/home/matthias/prog/janestreet/emulator/prototypes/systo
lic-matcher/systolic_matcher.v:299$31'.                                         
Found and cleaned up 1 empty switch in                                          
`\systolic_matcher.$proc$/home/matthias/prog/janestreet/emulator/prototypes/syst
olic-matcher/systolic_matcher.v:292$29'.                                        
Removing empty process                                                          
`systolic_matcher.$proc$/home/matthias/prog/janestreet/emulator/prototypes/systo
lic-matcher/systolic_matcher.v:292$29'.                                         
Found and cleaned up 1 empty switch in                                          
`\systolic_matcher.$proc$/home/matthias/prog/janestreet/emulator/prototypes/syst
olic-matcher/systolic_matcher.v:286$28'.                                        
Removing empty process                                                          
`systolic_matcher.$proc$/home/matthias/prog/janestreet/emulator/prototypes/systo
lic-matcher/systolic_matcher.v:286$28'.                                         
Found and cleaned up 1 empty switch in                                          
`\systolic_matcher.$proc$/home/matthias/prog/janestreet/emulator/prototypes/syst
olic-matcher/systolic_matcher.v:282$27'.                                        
Removing empty process                                                          
`systolic_matcher.$proc$/home/matthias/prog/janestreet/emulator/prototypes/systo
lic-matcher/systolic_matcher.v:282$27'.                                         
Found and cleaned up 1 empty switch in                                          
`\systolic_matcher.$proc$/home/matthias/prog/janestreet/emulator/prototypes/syst
olic-matcher/systolic_matcher.v:275$25'.                                        
Removing empty process                                                          
`systolic_matcher.$proc$/home/matthias/prog/janestreet/emulator/prototypes/systo
lic-matcher/systolic_matcher.v:275$25'.                                         
Found and cleaned up 1 empty switch in                                          
`\systolic_matcher.$proc$/home/matthias/prog/janestreet/emulator/prototypes/syst
olic-matcher/systolic_matcher.v:268$23'.                                        
Removing empty process                                                          
`systolic_matcher.$proc$/home/matthias/prog/janestreet/emulator/prototypes/systo
lic-matcher/systolic_matcher.v:268$23'.                                         
Found and cleaned up 1 empty switch in                                          
`\systolic_matcher.$proc$/home/matthias/prog/janestreet/emulator/prototypes/syst
olic-matcher/systolic_matcher.v:262$22'.                                        
Removing empty process                                                          
`systolic_matcher.$proc$/home/matthias/prog/janestreet/emulator/prototypes/systo
lic-matcher/systolic_matcher.v:262$22'.                                         
Found and cleaned up 1 empty switch in                                          
`\systolic_matcher.$proc$/home/matthias/prog/janestreet/emulator/prototypes/syst
olic-matcher/systolic_matcher.v:258$21'.                                        
Removing empty process                                                          
`systolic_matcher.$proc$/home/matthias/prog/janestreet/emulator/prototypes/systo
lic-matcher/systolic_matcher.v:258$21'.                                         
Found and cleaned up 1 empty switch in                                          
`\systolic_matcher.$proc$/home/matthias/prog/janestreet/emulator/prototypes/syst
olic-matcher/systolic_matcher.v:251$19'.                                        
Removing empty process                                                          
`systolic_matcher.$proc$/home/matthias/prog/janestreet/emulator/prototypes/systo
lic-matcher/systolic_matcher.v:251$19'.                                         
Found and cleaned up 1 empty switch in                                          
`\systolic_matcher.$proc$/home/matthias/prog/janestreet/emulator/prototypes/syst
olic-matcher/systolic_matcher.v:244$17'.                                        
Removing empty process                                                          
`systolic_matcher.$proc$/home/matthias/prog/janestreet/emulator/prototypes/systo
lic-matcher/systolic_matcher.v:244$17'.                                         
Found and cleaned up 1 empty switch in                                          
`\systolic_matcher.$proc$/home/matthias/prog/janestreet/emulator/prototypes/syst
olic-matcher/systolic_matcher.v:238$16'.                                        
Removing empty process                                                          
`systolic_matcher.$proc$/home/matthias/prog/janestreet/emulator/prototypes/systo
lic-matcher/systolic_matcher.v:238$16'.                                         
Found and cleaned up 1 empty switch in                                          
`\systolic_matcher.$proc$/home/matthias/prog/janestreet/emulator/prototypes/syst
olic-matcher/systolic_matcher.v:234$15'.                                        
Removing empty process                                                          
`systolic_matcher.$proc$/home/matthias/prog/janestreet/emulator/prototypes/systo
lic-matcher/systolic_matcher.v:234$15'.                                         
Found and cleaned up 1 empty switch in                                          
`\systolic_matcher.$proc$/home/matthias/prog/janestreet/emulator/prototypes/syst
olic-matcher/systolic_matcher.v:226$13'.                                        
Removing empty process                                                          
`systolic_matcher.$proc$/home/matthias/prog/janestreet/emulator/prototypes/systo
lic-matcher/systolic_matcher.v:226$13'.                                         
Found and cleaned up 1 empty switch in                                          
`\systolic_matcher.$proc$/home/matthias/prog/janestreet/emulator/prototypes/syst
olic-matcher/systolic_matcher.v:219$11'.                                        
Removing empty process                                                          
`systolic_matcher.$proc$/home/matthias/prog/janestreet/emulator/prototypes/systo
lic-matcher/systolic_matcher.v:219$11'.                                         
Found and cleaned up 1 empty switch in                                          
`\systolic_matcher.$proc$/home/matthias/prog/janestreet/emulator/prototypes/syst
olic-matcher/systolic_matcher.v:213$10'.                                        
Removing empty process                                                          
`systolic_matcher.$proc$/home/matthias/prog/janestreet/emulator/prototypes/systo
lic-matcher/systolic_matcher.v:213$10'.                                         
Found and cleaned up 1 empty switch in                                          
`\systolic_matcher.$proc$/home/matthias/prog/janestreet/emulator/prototypes/syst
olic-matcher/systolic_matcher.v:209$9'.                                         
Removing empty process                                                          
`systolic_matcher.$proc$/home/matthias/prog/janestreet/emulator/prototypes/systo
lic-matcher/systolic_matcher.v:209$9'.                                          
Found and cleaned up 1 empty switch in                                          
`\systolic_matcher.$proc$/home/matthias/prog/janestreet/emulator/prototypes/syst
olic-matcher/systolic_matcher.v:202$8'.                                         
Removing empty process                                                          
`systolic_matcher.$proc$/home/matthias/prog/janestreet/emulator/prototypes/systo
lic-matcher/systolic_matcher.v:202$8'.                                          
Found and cleaned up 1 empty switch in                                          
`\systolic_matcher.$proc$/home/matthias/prog/janestreet/emulator/prototypes/syst
olic-matcher/systolic_matcher.v:191$5'.                                         
Removing empty process                                                          
`systolic_matcher.$proc$/home/matthias/prog/janestreet/emulator/prototypes/systo
lic-matcher/systolic_matcher.v:191$5'.                                          
Found and cleaned up 1 empty switch in                                          
`\systolic_matcher.$proc$/home/matthias/prog/janestreet/emulator/prototypes/syst
olic-matcher/systolic_matcher.v:187$4'.                                         
Removing empty process                                                          
`systolic_matcher.$proc$/home/matthias/prog/janestreet/emulator/prototypes/systo
lic-matcher/systolic_matcher.v:187$4'.                                          
Found and cleaned up 1 empty switch in                                          
`\systolic_matcher.$proc$/home/matthias/prog/janestreet/emulator/prototypes/syst
olic-matcher/systolic_matcher.v:183$3'.                                         
Removing empty process                                                          
`systolic_matcher.$proc$/home/matthias/prog/janestreet/emulator/prototypes/systo
lic-matcher/systolic_matcher.v:183$3'.                                          
Found and cleaned up 1 empty switch in                                          
`\systolic_matcher.$proc$/home/matthias/prog/janestreet/emulator/prototypes/syst
olic-matcher/systolic_matcher.v:179$2'.                                         
Removing empty process                                                          
`systolic_matcher.$proc$/home/matthias/prog/janestreet/emulator/prototypes/systo
lic-matcher/systolic_matcher.v:179$2'.                                          
Found and cleaned up 1 empty switch in                                          
`\systolic_matcher.$proc$/home/matthias/prog/janestreet/emulator/prototypes/syst
olic-matcher/systolic_matcher.v:175$1'.                                         
Removing empty process                                                          
`systolic_matcher.$proc$/home/matthias/prog/janestreet/emulator/prototypes/systo
lic-matcher/systolic_matcher.v:175$1'.                                          
Cleaned up 85 empty switches.                                                   
                                                                                
6.12. Executing OPT_EXPR pass (perform const folding).                          
Optimizing module systolic_matcher.                                             
                                                                                
7. Executing FLATTEN pass (flatten design).                                     
                                                                                
8. Executing OPT_CLEAN pass (remove unused cells and wires).                    
Finding unused cells or wires in module \systolic_matcher..                     
Removed 0 unused cells and 242 unused wires.                                    
<suppressed ~24 debug messages>                                                 
────────────────────────────────── Synthesis ───────────────────────────────────
[14:29:56] VERBOSE  Running 'Yosys.Synthesis' at                    step.py:1138
                    '../runs/sys5ns_u45/06-yosys-synthesis'…                    
[14:29:56] VERBOSE  Logging subprocess to                           step.py:1338
                    '../runs/sys5ns_u45/06-yosys-synthesis/yosys-sy             
                    nthesis.log'…                                               
                                                                                
 /----------------------------------------------------------------------------\ 
 |  yosys -- Yosys Open SYnthesis Suite                                       | 
 |  Copyright (C) 2012 - 2026  Claire Xenia Wolf <claire@yosyshq.com>         | 
 |  Distributed under an ISC-like license, type "license" to see terms        | 
 \----------------------------------------------------------------------------/ 
 Yosys 0.62 (git sha1 7326bb7d6641500ecb285c291a54a662cb1e76cf, clang++ 21.1.2  
-fPIC -O3)                                                                      
                                                                                
1. Executing Liberty frontend:                                                  
/home/matthias/.ciel/ihp-sg13g2/ihp-sg13g2/libs.ref/sg13g2_stdcell/lib/sg13g2_st
dcell_typ_1p20V_25C.lib                                                         
Imported 84 cell types from liberty file.                                       
                                                                                
2. Executing Liberty frontend:                                                  
/home/matthias/.ciel/ihp-sg13g2/ihp-sg13g2/libs.ref/sg13g2_io/lib/sg13g2_io_typ_
1p2V_3p3V_25C.lib                                                               
Imported 15 cell types from liberty file.                                       
[INFO] Using SDC file                                                           
'/home/matthias/prog/janestreet/emulator/prototypes/systolic-matcher/runs/sys5ns
_u45/06-yosys-synthesis/synthesis.abc.sdc' for ABC…                             
                                                                                
3. Executing Verilog-2005 frontend:                                             
/home/matthias/prog/janestreet/emulator/prototypes/systolic-matcher/systolic_mat
cher.v                                                                          
Parsing SystemVerilog input from                                                
`/home/matthias/prog/janestreet/emulator/prototypes/systolic-matcher/systolic_ma
tcher.v' to AST representation.                                                 
Storing AST representation for module `$abstract\systolic_matcher'.             
Successfully finished Verilog frontend.                                         
                                                                                
4. Executing HIERARCHY pass (managing design hierarchy).                        
                                                                                
5. Executing AST frontend in derive mode using pre-parsed AST for module        
`\systolic_matcher'.                                                            
Generating RTLIL representation for module `\systolic_matcher'.                 
                                                                                
5.1. Analyzing design hierarchy..                                               
Top module:  \systolic_matcher                                                  
                                                                                
5.2. Analyzing design hierarchy..                                               
Top module:  \systolic_matcher                                                  
Removing unused module `$abstract\systolic_matcher'.                            
Removed 1 unused modules.                                                       
Renaming module systolic_matcher to systolic_matcher.                           
                                                                                
6. Executing ATTRMAP pass (move or copy attributes).                            
                                                                                
7. Executing TRIBUF pass.                                                       
                                                                                
8. Executing HIERARCHY pass (managing design hierarchy).                        
                                                                                
8.1. Analyzing design hierarchy..                                               
Top module:  \systolic_matcher                                                  
                                                                                
8.2. Analyzing design hierarchy..                                               
Top module:  \systolic_matcher                                                  
Removed 0 unused modules.                                                       
                                                                                
9. Executing PROC_CLEAN pass (remove empty switches from decision trees).       
Cleaned up 0 empty switches.                                                    
                                                                                
10. Executing PROC_RMDEAD pass (remove dead branches from decision trees).      
Marked 1 switch rules as full_case in process                                   
$proc$/home/matthias/prog/janestreet/emulator/prototypes/systolic-matcher/systol
ic_matcher.v:694$134 in module systolic_matcher.                                
Marked 1 switch rules as full_case in process                                   
$proc$/home/matthias/prog/janestreet/emulator/prototypes/systolic-matcher/systol
ic_matcher.v:687$132 in module systolic_matcher.                                
Marked 1 switch rules as full_case in process                                   
$proc$/home/matthias/prog/janestreet/emulator/prototypes/systolic-matcher/systol
ic_matcher.v:680$130 in module systolic_matcher.                                
Marked 1 switch rules as full_case in process                                   
$proc$/home/matthias/prog/janestreet/emulator/prototypes/systolic-matcher/systol
ic_matcher.v:673$128 in module systolic_matcher.                                
Marked 1 switch rules as full_case in process                                   
$proc$/home/matthias/prog/janestreet/emulator/prototypes/systolic-matcher/systol
ic_matcher.v:666$126 in module systolic_matcher.                                
Marked 1 switch rules as full_case in process                                   
$proc$/home/matthias/prog/janestreet/emulator/prototypes/systolic-matcher/systol
ic_matcher.v:659$124 in module systolic_matcher.                                
Marked 1 switch rules as full_case in process                                   
$proc$/home/matthias/prog/janestreet/emulator/prototypes/systolic-matcher/systol
ic_matcher.v:652$122 in module systolic_matcher.                                
Marked 1 switch rules as full_case in process                                   
$proc$/home/matthias/prog/janestreet/emulator/prototypes/systolic-matcher/systol
ic_matcher.v:645$120 in module systolic_matcher.                                
Marked 1 switch rules as full_case in process                                   
$proc$/home/matthias/prog/janestreet/emulator/prototypes/systolic-matcher/systol
ic_matcher.v:638$118 in module systolic_matcher.                                
Marked 1 switch rules as full_case in process                                   
$proc$/home/matthias/prog/janestreet/emulator/prototypes/systolic-matcher/systol
ic_matcher.v:631$116 in module systolic_matcher.                                
Marked 1 switch rules as full_case in process                                   
$proc$/home/matthias/prog/janestreet/emulator/prototypes/systolic-matcher/systol
ic_matcher.v:624$114 in module systolic_matcher.                                
Marked 1 switch rules as full_case in process                                   
$proc$/home/matthias/prog/janestreet/emulator/prototypes/systolic-matcher/systol
ic_matcher.v:617$112 in module systolic_matcher.                                
Marked 1 switch rules as full_case in process                                   
$proc$/home/matthias/prog/janestreet/emulator/prototypes/systolic-matcher/systol
ic_matcher.v:610$110 in module systolic_matcher.                                
Marked 1 switch rules as full_case in process                                   
$proc$/home/matthias/prog/janestreet/emulator/prototypes/systolic-matcher/systol
ic_matcher.v:603$108 in module systolic_matcher.                                
Marked 1 switch rules as full_case in process                                   
$proc$/home/matthias/prog/janestreet/emulator/prototypes/systolic-matcher/systol
ic_matcher.v:596$106 in module systolic_matcher.                                
Marked 1 switch rules as full_case in process                                   
$proc$/home/matthias/prog/janestreet/emulator/prototypes/systolic-matcher/systol
ic_matcher.v:589$104 in module systolic_matcher.                                
Marked 1 switch rules as full_case in process                                   
$proc$/home/matthias/prog/janestreet/emulator/prototypes/systolic-matcher/systol
ic_matcher.v:575$100 in module systolic_matcher.                                
Marked 1 switch rules as full_case in process                                   
$proc$/home/matthias/prog/janestreet/emulator/prototypes/systolic-matcher/systol
ic_matcher.v:556$95 in module systolic_matcher.                                 
Marked 1 switch rules as full_case in process                                   
$proc$/home/matthias/prog/janestreet/emulator/prototypes/systolic-matcher/systol
ic_matcher.v:550$94 in module systolic_matcher.                                 
Marked 1 switch rules as full_case in process                                   
$proc$/home/matthias/prog/janestreet/emulator/prototypes/systolic-matcher/systol
ic_matcher.v:532$89 in module systolic_matcher.                                 
Marked 1 switch rules as full_case in process                                   
$proc$/home/matthias/prog/janestreet/emulator/prototypes/systolic-matcher/systol
ic_matcher.v:526$88 in module systolic_matcher.                                 
Marked 1 switch rules as full_case in process                                   
$proc$/home/matthias/prog/janestreet/emulator/prototypes/systolic-matcher/systol
ic_matcher.v:508$83 in module systolic_matcher.                                 
Marked 1 switch rules as full_case in process                                   
$proc$/home/matthias/prog/janestreet/emulator/prototypes/systolic-matcher/systol
ic_matcher.v:502$82 in module systolic_matcher.                                 
Marked 1 switch rules as full_case in process                                   
$proc$/home/matthias/prog/janestreet/emulator/prototypes/systolic-matcher/systol
ic_matcher.v:484$77 in module systolic_matcher.                                 
Marked 1 switch rules as full_case in process                                   
$proc$/home/matthias/prog/janestreet/emulator/prototypes/systolic-matcher/systol
ic_matcher.v:478$76 in module systolic_matcher.                                 
Marked 1 switch rules as full_case in process                                   
$proc$/home/matthias/prog/janestreet/emulator/prototypes/systolic-matcher/systol
ic_matcher.v:460$71 in module systolic_matcher.                                 
Marked 1 switch rules as full_case in process                                   
$proc$/home/matthias/prog/janestreet/emulator/prototypes/systolic-matcher/systol
ic_matcher.v:454$70 in module systolic_matcher.                                 
Marked 1 switch rules as full_case in process                                   
$proc$/home/matthias/prog/janestreet/emulator/prototypes/systolic-matcher/systol
ic_matcher.v:436$65 in module systolic_matcher.                                 
Marked 1 switch rules as full_case in process                                   
$proc$/home/matthias/prog/janestreet/emulator/prototypes/systolic-matcher/systol
ic_matcher.v:430$64 in module systolic_matcher.                                 
Marked 1 switch rules as full_case in process                                   
$proc$/home/matthias/prog/janestreet/emulator/prototypes/systolic-matcher/systol
ic_matcher.v:412$59 in module systolic_matcher.                                 
Marked 1 switch rules as full_case in process                                   
$proc$/home/matthias/prog/janestreet/emulator/prototypes/systolic-matcher/systol
ic_matcher.v:406$58 in module systolic_matcher.                                 
Marked 1 switch rules as full_case in process                                   
$proc$/home/matthias/prog/janestreet/emulator/prototypes/systolic-matcher/systol
ic_matcher.v:388$53 in module systolic_matcher.                                 
Marked 1 switch rules as full_case in process                                   
$proc$/home/matthias/prog/janestreet/emulator/prototypes/systolic-matcher/systol
ic_matcher.v:382$52 in module systolic_matcher.                                 
Marked 1 switch rules as full_case in process                                   
$proc$/home/matthias/prog/janestreet/emulator/prototypes/systolic-matcher/systol
ic_matcher.v:364$47 in module systolic_matcher.                                 
Marked 1 switch rules as full_case in process                                   
$proc$/home/matthias/prog/janestreet/emulator/prototypes/systolic-matcher/systol
ic_matcher.v:358$46 in module systolic_matcher.                                 
Marked 1 switch rules as full_case in process                                   
$proc$/home/matthias/prog/janestreet/emulator/prototypes/systolic-matcher/systol
ic_matcher.v:340$41 in module systolic_matcher.                                 
Marked 1 switch rules as full_case in process                                   
$proc$/home/matthias/prog/janestreet/emulator/prototypes/systolic-matcher/systol
ic_matcher.v:334$40 in module systolic_matcher.                                 
Marked 1 switch rules as full_case in process                                   
$proc$/home/matthias/prog/janestreet/emulator/prototypes/systolic-matcher/systol
ic_matcher.v:316$35 in module systolic_matcher.                                 
Marked 1 switch rules as full_case in process                                   
$proc$/home/matthias/prog/janestreet/emulator/prototypes/systolic-matcher/systol
ic_matcher.v:310$34 in module systolic_matcher.                                 
Marked 1 switch rules as full_case in process                                   
$proc$/home/matthias/prog/janestreet/emulator/prototypes/systolic-matcher/systol
ic_matcher.v:292$29 in module systolic_matcher.                                 
Marked 1 switch rules as full_case in process                                   
$proc$/home/matthias/prog/janestreet/emulator/prototypes/systolic-matcher/systol
ic_matcher.v:286$28 in module systolic_matcher.                                 
Marked 1 switch rules as full_case in process                                   
$proc$/home/matthias/prog/janestreet/emulator/prototypes/systolic-matcher/systol
ic_matcher.v:268$23 in module systolic_matcher.                                 
Marked 1 switch rules as full_case in process                                   
$proc$/home/matthias/prog/janestreet/emulator/prototypes/systolic-matcher/systol
ic_matcher.v:262$22 in module systolic_matcher.                                 
Marked 1 switch rules as full_case in process                                   
$proc$/home/matthias/prog/janestreet/emulator/prototypes/systolic-matcher/systol
ic_matcher.v:244$17 in module systolic_matcher.                                 
Marked 1 switch rules as full_case in process                                   
$proc$/home/matthias/prog/janestreet/emulator/prototypes/systolic-matcher/systol
ic_matcher.v:238$16 in module systolic_matcher.                                 
Marked 1 switch rules as full_case in process                                   
$proc$/home/matthias/prog/janestreet/emulator/prototypes/systolic-matcher/systol
ic_matcher.v:219$11 in module systolic_matcher.                                 
Marked 1 switch rules as full_case in process                                   
$proc$/home/matthias/prog/janestreet/emulator/prototypes/systolic-matcher/systol
ic_matcher.v:213$10 in module systolic_matcher.                                 
Marked 1 switch rules as full_case in process                                   
$proc$/home/matthias/prog/janestreet/emulator/prototypes/systolic-matcher/systol
ic_matcher.v:202$8 in module systolic_matcher.                                  
Removed a total of 0 dead cases.                                                
                                                                                
11. Executing PROC_PRUNE pass (remove redundant assignments in processes).      
Removed 48 redundant assignments.                                               
Promoted 0 assignments to connections.                                          
                                                                                
12. Executing PROC_INIT pass (extract init attributes).                         
                                                                                
13. Executing PROC_ARST pass (detect async resets in processes).                
                                                                                
14. Executing PROC_ROM pass (convert switches to ROMs).                         
Converted 0 switches.                                                           
<suppressed ~85 debug messages>                                                 
                                                                                
15. Executing PROC_MUX pass (convert decision trees to multiplexers).           
Creating decoders for process                                                   
`\systolic_matcher.$proc$/home/matthias/prog/janestreet/emulator/prototypes/syst
olic-matcher/systolic_matcher.v:694$134'.                                       
     1/1: $0\_324[4:0]                                                          
Creating decoders for process                                                   
`\systolic_matcher.$proc$/home/matthias/prog/janestreet/emulator/prototypes/syst
olic-matcher/systolic_matcher.v:687$132'.                                       
     1/1: $0\_304[4:0]                                                          
Creating decoders for process                                                   
`\systolic_matcher.$proc$/home/matthias/prog/janestreet/emulator/prototypes/syst
olic-matcher/systolic_matcher.v:680$130'.                                       
     1/1: $0\_284[4:0]                                                          
Creating decoders for process                                                   
`\systolic_matcher.$proc$/home/matthias/prog/janestreet/emulator/prototypes/syst
olic-matcher/systolic_matcher.v:673$128'.                                       
     1/1: $0\_264[4:0]                                                          
Creating decoders for process                                                   
`\systolic_matcher.$proc$/home/matthias/prog/janestreet/emulator/prototypes/syst
olic-matcher/systolic_matcher.v:666$126'.                                       
     1/1: $0\_244[4:0]                                                          
Creating decoders for process                                                   
`\systolic_matcher.$proc$/home/matthias/prog/janestreet/emulator/prototypes/syst
olic-matcher/systolic_matcher.v:659$124'.                                       
     1/1: $0\_224[4:0]                                                          
Creating decoders for process                                                   
`\systolic_matcher.$proc$/home/matthias/prog/janestreet/emulator/prototypes/syst
olic-matcher/systolic_matcher.v:652$122'.                                       
     1/1: $0\_204[4:0]                                                          
Creating decoders for process                                                   
`\systolic_matcher.$proc$/home/matthias/prog/janestreet/emulator/prototypes/syst
olic-matcher/systolic_matcher.v:645$120'.                                       
     1/1: $0\_184[4:0]                                                          
Creating decoders for process                                                   
`\systolic_matcher.$proc$/home/matthias/prog/janestreet/emulator/prototypes/syst
olic-matcher/systolic_matcher.v:638$118'.                                       
     1/1: $0\_164[4:0]                                                          
Creating decoders for process                                                   
`\systolic_matcher.$proc$/home/matthias/prog/janestreet/emulator/prototypes/syst
olic-matcher/systolic_matcher.v:631$116'.                                       
     1/1: $0\_144[4:0]                                                          
Creating decoders for process                                                   
`\systolic_matcher.$proc$/home/matthias/prog/janestreet/emulator/prototypes/syst
olic-matcher/systolic_matcher.v:624$114'.                                       
     1/1: $0\_124[4:0]                                                          
Creating decoders for process                                                   
`\systolic_matcher.$proc$/home/matthias/prog/janestreet/emulator/prototypes/syst
olic-matcher/systolic_matcher.v:617$112'.                                       
     1/1: $0\_104[4:0]                                                          
Creating decoders for process                                                   
`\systolic_matcher.$proc$/home/matthias/prog/janestreet/emulator/prototypes/syst
olic-matcher/systolic_matcher.v:610$110'.                                       
     1/1: $0\_84[4:0]                                                           
Creating decoders for process                                                   
`\systolic_matcher.$proc$/home/matthias/prog/janestreet/emulator/prototypes/syst
olic-matcher/systolic_matcher.v:603$108'.                                       
     1/1: $0\_64[4:0]                                                           
Creating decoders for process                                                   
`\systolic_matcher.$proc$/home/matthias/prog/janestreet/emulator/prototypes/syst
olic-matcher/systolic_matcher.v:596$106'.                                       
     1/1: $0\_44[4:0]                                                           
Creating decoders for process                                                   
`\systolic_matcher.$proc$/home/matthias/prog/janestreet/emulator/prototypes/syst
olic-matcher/systolic_matcher.v:589$104'.                                       
     1/1: $0\_24[4:0]                                                           
Creating decoders for process                                                   
`\systolic_matcher.$proc$/home/matthias/prog/janestreet/emulator/prototypes/syst
olic-matcher/systolic_matcher.v:582$102'.                                       
     1/1: $0\_11[0:0]                                                           
Creating decoders for process                                                   
`\systolic_matcher.$proc$/home/matthias/prog/janestreet/emulator/prototypes/syst
olic-matcher/systolic_matcher.v:575$100'.                                       
     1/1: $0\_15[0:0]                                                           
Creating decoders for process                                                   
`\systolic_matcher.$proc$/home/matthias/prog/janestreet/emulator/prototypes/syst
olic-matcher/systolic_matcher.v:570$99'.                                        
     1/1: $0\_18[0:0]                                                           
Creating decoders for process                                                   
`\systolic_matcher.$proc$/home/matthias/prog/janestreet/emulator/prototypes/syst
olic-matcher/systolic_matcher.v:563$97'.                                        
     1/1: $0\_28[0:0]                                                           
Creating decoders for process                                                   
`\systolic_matcher.$proc$/home/matthias/prog/janestreet/emulator/prototypes/syst
olic-matcher/systolic_matcher.v:556$95'.                                        
     1/1: $0\_34[0:0]                                                           
Creating decoders for process                                                   
`\systolic_matcher.$proc$/home/matthias/prog/janestreet/emulator/prototypes/syst
olic-matcher/systolic_matcher.v:550$94'.                                        
     1/1: $0\_31[0:0]                                                           
Creating decoders for process                                                   
`\systolic_matcher.$proc$/home/matthias/prog/janestreet/emulator/prototypes/syst
olic-matcher/systolic_matcher.v:546$93'.                                        
     1/1: $0\_37[0:0]                                                           
Creating decoders for process                                                   
`\systolic_matcher.$proc$/home/matthias/prog/janestreet/emulator/prototypes/syst
olic-matcher/systolic_matcher.v:539$91'.                                        
     1/1: $0\_48[0:0]                                                           
Creating decoders for process                                                   
`\systolic_matcher.$proc$/home/matthias/prog/janestreet/emulator/prototypes/syst
olic-matcher/systolic_matcher.v:532$89'.                                        
     1/1: $0\_54[0:0]                                                           
Creating decoders for process                                                   
`\systolic_matcher.$proc$/home/matthias/prog/janestreet/emulator/prototypes/syst
olic-matcher/systolic_matcher.v:526$88'.                                        
     1/1: $0\_51[0:0]                                                           
Creating decoders for process                                                   
`\systolic_matcher.$proc$/home/matthias/prog/janestreet/emulator/prototypes/syst
olic-matcher/systolic_matcher.v:522$87'.                                        
     1/1: $0\_57[0:0]                                                           
Creating decoders for process                                                   
`\systolic_matcher.$proc$/home/matthias/prog/janestreet/emulator/prototypes/syst
olic-matcher/systolic_matcher.v:515$85'.                                        
     1/1: $0\_68[0:0]                                                           
Creating decoders for process                                                   
`\systolic_matcher.$proc$/home/matthias/prog/janestreet/emulator/prototypes/syst
olic-matcher/systolic_matcher.v:508$83'.                                        
     1/1: $0\_74[0:0]                                                           
Creating decoders for process                                                   
`\systolic_matcher.$proc$/home/matthias/prog/janestreet/emulator/prototypes/syst
olic-matcher/systolic_matcher.v:502$82'.                                        
     1/1: $0\_71[0:0]                                                           
Creating decoders for process                                                   
`\systolic_matcher.$proc$/home/matthias/prog/janestreet/emulator/prototypes/syst
olic-matcher/systolic_matcher.v:498$81'.                                        
     1/1: $0\_77[0:0]                                                           
Creating decoders for process                                                   
`\systolic_matcher.$proc$/home/matthias/prog/janestreet/emulator/prototypes/syst
olic-matcher/systolic_matcher.v:491$79'.                                        
     1/1: $0\_88[0:0]                                                           
Creating decoders for process                                                   
`\systolic_matcher.$proc$/home/matthias/prog/janestreet/emulator/prototypes/syst
olic-matcher/systolic_matcher.v:484$77'.                                        
     1/1: $0\_94[0:0]                                                           
Creating decoders for process                                                   
`\systolic_matcher.$proc$/home/matthias/prog/janestreet/emulator/prototypes/syst
olic-matcher/systolic_matcher.v:478$76'.                                        
     1/1: $0\_91[0:0]                                                           
Creating decoders for process                                                   
`\systolic_matcher.$proc$/home/matthias/prog/janestreet/emulator/prototypes/syst
olic-matcher/systolic_matcher.v:474$75'.                                        
     1/1: $0\_97[0:0]                                                           
Creating decoders for process                                                   
`\systolic_matcher.$proc$/home/matthias/prog/janestreet/emulator/prototypes/syst
olic-matcher/systolic_matcher.v:467$73'.                                        
     1/1: $0\_108[0:0]                                                          
Creating decoders for process                                                   
`\systolic_matcher.$proc$/home/matthias/prog/janestreet/emulator/prototypes/syst
olic-matcher/systolic_matcher.v:460$71'.                                        
     1/1: $0\_114[0:0]                                                          
Creating decoders for process                                                   
`\systolic_matcher.$proc$/home/matthias/prog/janestreet/emulator/prototypes/syst
olic-matcher/systolic_matcher.v:454$70'.                                        
     1/1: $0\_111[0:0]                                                          
Creating decoders for process                                                   
`\systolic_matcher.$proc$/home/matthias/prog/janestreet/emulator/prototypes/syst
olic-matcher/systolic_matcher.v:450$69'.                                        
     1/1: $0\_117[0:0]                                                          
Creating decoders for process                                                   
`\systolic_matcher.$proc$/home/matthias/prog/janestreet/emulator/prototypes/syst
olic-matcher/systolic_matcher.v:443$67'.                                        
     1/1: $0\_128[0:0]                                                          
Creating decoders for process                                                   
`\systolic_matcher.$proc$/home/matthias/prog/janestreet/emulator/prototypes/syst
olic-matcher/systolic_matcher.v:436$65'.                                        
     1/1: $0\_134[0:0]                                                          
Creating decoders for process                                                   
`\systolic_matcher.$proc$/home/matthias/prog/janestreet/emulator/prototypes/syst
olic-matcher/systolic_matcher.v:430$64'.                                        
     1/1: $0\_131[0:0]                                                          
Creating decoders for process                                                   
`\systolic_matcher.$proc$/home/matthias/prog/janestreet/emulator/prototypes/syst
olic-matcher/systolic_matcher.v:426$63'.                                        
     1/1: $0\_137[0:0]                                                          
Creating decoders for process                                                   
`\systolic_matcher.$proc$/home/matthias/prog/janestreet/emulator/prototypes/syst
olic-matcher/systolic_matcher.v:419$61'.                                        
     1/1: $0\_148[0:0]                                                          
Creating decoders for process                                                   
`\systolic_matcher.$proc$/home/matthias/prog/janestreet/emulator/prototypes/syst
olic-matcher/systolic_matcher.v:412$59'.                                        
     1/1: $0\_154[0:0]                                                          
Creating decoders for process                                                   
`\systolic_matcher.$proc$/home/matthias/prog/janestreet/emulator/prototypes/syst
olic-matcher/systolic_matcher.v:406$58'.                                        
     1/1: $0\_151[0:0]                                                          
Creating decoders for process                                                   
`\systolic_matcher.$proc$/home/matthias/prog/janestreet/emulator/prototypes/syst
olic-matcher/systolic_matcher.v:402$57'.                                        
     1/1: $0\_157[0:0]                                                          
Creating decoders for process                                                   
`\systolic_matcher.$proc$/home/matthias/prog/janestreet/emulator/prototypes/syst
olic-matcher/systolic_matcher.v:395$55'.                                        
     1/1: $0\_168[0:0]                                                          
Creating decoders for process                                                   
`\systolic_matcher.$proc$/home/matthias/prog/janestreet/emulator/prototypes/syst
olic-matcher/systolic_matcher.v:388$53'.                                        
     1/1: $0\_174[0:0]                                                          
Creating decoders for process                                                   
`\systolic_matcher.$proc$/home/matthias/prog/janestreet/emulator/prototypes/syst
olic-matcher/systolic_matcher.v:382$52'.                                        
     1/1: $0\_171[0:0]                                                          
Creating decoders for process                                                   
`\systolic_matcher.$proc$/home/matthias/prog/janestreet/emulator/prototypes/syst
olic-matcher/systolic_matcher.v:378$51'.                                        
     1/1: $0\_177[0:0]                                                          
Creating decoders for process                                                   
`\systolic_matcher.$proc$/home/matthias/prog/janestreet/emulator/prototypes/syst
olic-matcher/systolic_matcher.v:371$49'.                                        
     1/1: $0\_188[0:0]                                                          
Creating decoders for process                                                   
`\systolic_matcher.$proc$/home/matthias/prog/janestreet/emulator/prototypes/syst
olic-matcher/systolic_matcher.v:364$47'.                                        
     1/1: $0\_194[0:0]                                                          
Creating decoders for process                                                   
`\systolic_matcher.$proc$/home/matthias/prog/janestreet/emulator/prototypes/syst
olic-matcher/systolic_matcher.v:358$46'.                                        
     1/1: $0\_191[0:0]                                                          
Creating decoders for process                                                   
`\systolic_matcher.$proc$/home/matthias/prog/janestreet/emulator/prototypes/syst
olic-matcher/systolic_matcher.v:354$45'.                                        
     1/1: $0\_197[0:0]                                                          
Creating decoders for process                                                   
`\systolic_matcher.$proc$/home/matthias/prog/janestreet/emulator/prototypes/syst
olic-matcher/systolic_matcher.v:347$43'.                                        
     1/1: $0\_208[0:0]                                                          
Creating decoders for process                                                   
`\systolic_matcher.$proc$/home/matthias/prog/janestreet/emulator/prototypes/syst
olic-matcher/systolic_matcher.v:340$41'.                                        
     1/1: $0\_214[0:0]                                                          
Creating decoders for process                                                   
`\systolic_matcher.$proc$/home/matthias/prog/janestreet/emulator/prototypes/syst
olic-matcher/systolic_matcher.v:334$40'.                                        
     1/1: $0\_211[0:0]                                                          
Creating decoders for process                                                   
`\systolic_matcher.$proc$/home/matthias/prog/janestreet/emulator/prototypes/syst
olic-matcher/systolic_matcher.v:330$39'.                                        
     1/1: $0\_217[0:0]                                                          
Creating decoders for process                                                   
`\systolic_matcher.$proc$/home/matthias/prog/janestreet/emulator/prototypes/syst
olic-matcher/systolic_matcher.v:323$37'.                                        
     1/1: $0\_228[0:0]                                                          
Creating decoders for process                                                   
`\systolic_matcher.$proc$/home/matthias/prog/janestreet/emulator/prototypes/syst
olic-matcher/systolic_matcher.v:316$35'.                                        
     1/1: $0\_234[0:0]                                                          
Creating decoders for process                                                   
`\systolic_matcher.$proc$/home/matthias/prog/janestreet/emulator/prototypes/syst
olic-matcher/systolic_matcher.v:310$34'.                                        
     1/1: $0\_231[0:0]                                                          
Creating decoders for process                                                   
`\systolic_matcher.$proc$/home/matthias/prog/janestreet/emulator/prototypes/syst
olic-matcher/systolic_matcher.v:306$33'.                                        
     1/1: $0\_237[0:0]                                                          
Creating decoders for process                                                   
`\systolic_matcher.$proc$/home/matthias/prog/janestreet/emulator/prototypes/syst
olic-matcher/systolic_matcher.v:299$31'.                                        
     1/1: $0\_248[0:0]                                                          
Creating decoders for process                                                   
`\systolic_matcher.$proc$/home/matthias/prog/janestreet/emulator/prototypes/syst
olic-matcher/systolic_matcher.v:292$29'.                                        
     1/1: $0\_254[0:0]                                                          
Creating decoders for process                                                   
`\systolic_matcher.$proc$/home/matthias/prog/janestreet/emulator/prototypes/syst
olic-matcher/systolic_matcher.v:286$28'.                                        
     1/1: $0\_251[0:0]                                                          
Creating decoders for process                                                   
`\systolic_matcher.$proc$/home/matthias/prog/janestreet/emulator/prototypes/syst
olic-matcher/systolic_matcher.v:282$27'.                                        
     1/1: $0\_257[0:0]                                                          
Creating decoders for process                                                   
`\systolic_matcher.$proc$/home/matthias/prog/janestreet/emulator/prototypes/syst
olic-matcher/systolic_matcher.v:275$25'.                                        
     1/1: $0\_268[0:0]                                                          
Creating decoders for process                                                   
`\systolic_matcher.$proc$/home/matthias/prog/janestreet/emulator/prototypes/syst
olic-matcher/systolic_matcher.v:268$23'.                                        
     1/1: $0\_274[0:0]                                                          
Creating decoders for process                                                   
`\systolic_matcher.$proc$/home/matthias/prog/janestreet/emulator/prototypes/syst
olic-matcher/systolic_matcher.v:262$22'.                                        
     1/1: $0\_271[0:0]                                                          
Creating decoders for process                                                   
`\systolic_matcher.$proc$/home/matthias/prog/janestreet/emulator/prototypes/syst
olic-matcher/systolic_matcher.v:258$21'.                                        
     1/1: $0\_277[0:0]                                                          
Creating decoders for process                                                   
`\systolic_matcher.$proc$/home/matthias/prog/janestreet/emulator/prototypes/syst
olic-matcher/systolic_matcher.v:251$19'.                                        
     1/1: $0\_288[0:0]                                                          
Creating decoders for process                                                   
`\systolic_matcher.$proc$/home/matthias/prog/janestreet/emulator/prototypes/syst
olic-matcher/systolic_matcher.v:244$17'.                                        
     1/1: $0\_294[0:0]                                                          
Creating decoders for process                                                   
`\systolic_matcher.$proc$/home/matthias/prog/janestreet/emulator/prototypes/syst
olic-matcher/systolic_matcher.v:238$16'.                                        
     1/1: $0\_291[0:0]                                                          
Creating decoders for process                                                   
`\systolic_matcher.$proc$/home/matthias/prog/janestreet/emulator/prototypes/syst
olic-matcher/systolic_matcher.v:234$15'.                                        
     1/1: $0\_297[0:0]                                                          
Creating decoders for process                                                   
`\systolic_matcher.$proc$/home/matthias/prog/janestreet/emulator/prototypes/syst
olic-matcher/systolic_matcher.v:226$13'.                                        
     1/1: $0\_308[0:0]                                                          
Creating decoders for process                                                   
`\systolic_matcher.$proc$/home/matthias/prog/janestreet/emulator/prototypes/syst
olic-matcher/systolic_matcher.v:219$11'.                                        
     1/1: $0\_314[0:0]                                                          
Creating decoders for process                                                   
`\systolic_matcher.$proc$/home/matthias/prog/janestreet/emulator/prototypes/syst
olic-matcher/systolic_matcher.v:213$10'.                                        
     1/1: $0\_311[0:0]                                                          
Creating decoders for process                                                   
`\systolic_matcher.$proc$/home/matthias/prog/janestreet/emulator/prototypes/syst
olic-matcher/systolic_matcher.v:209$9'.                                         
     1/1: $0\_317[0:0]                                                          
Creating decoders for process                                                   
`\systolic_matcher.$proc$/home/matthias/prog/janestreet/emulator/prototypes/syst
olic-matcher/systolic_matcher.v:202$8'.                                         
     1/1: $0\_345[0:0]                                                          
Creating decoders for process                                                   
`\systolic_matcher.$proc$/home/matthias/prog/janestreet/emulator/prototypes/syst
olic-matcher/systolic_matcher.v:191$5'.                                         
     1/1: $0\_339[0:0]                                                          
Creating decoders for process                                                   
`\systolic_matcher.$proc$/home/matthias/prog/janestreet/emulator/prototypes/syst
olic-matcher/systolic_matcher.v:187$4'.                                         
     1/1: $0\_336[0:0]                                                          
Creating decoders for process                                                   
`\systolic_matcher.$proc$/home/matthias/prog/janestreet/emulator/prototypes/syst
olic-matcher/systolic_matcher.v:183$3'.                                         
     1/1: $0\_333[0:0]                                                          
Creating decoders for process                                                   
`\systolic_matcher.$proc$/home/matthias/prog/janestreet/emulator/prototypes/syst
olic-matcher/systolic_matcher.v:179$2'.                                         
     1/1: $0\_330[0:0]                                                          
Creating decoders for process                                                   
`\systolic_matcher.$proc$/home/matthias/prog/janestreet/emulator/prototypes/syst
olic-matcher/systolic_matcher.v:175$1'.                                         
     1/1: $0\_327[0:0]                                                          
                                                                                
16. Executing PROC_DLATCH pass (convert process syncs to latches).              
                                                                                
17. Executing PROC_DFF pass (convert process syncs to FFs).                     
Creating register for signal `\systolic_matcher.\_324' using process            
`\systolic_matcher.$proc$/home/matthias/prog/janestreet/emulator/prototypes/syst
olic-matcher/systolic_matcher.v:694$134'.                                       
  created $dff cell `$procdff$353' with positive edge clock.                    
Creating register for signal `\systolic_matcher.\_304' using process            
`\systolic_matcher.$proc$/home/matthias/prog/janestreet/emulator/prototypes/syst
olic-matcher/systolic_matcher.v:687$132'.                                       
  created $dff cell `$procdff$354' with positive edge clock.                    
Creating register for signal `\systolic_matcher.\_284' using process            
`\systolic_matcher.$proc$/home/matthias/prog/janestreet/emulator/prototypes/syst
olic-matcher/systolic_matcher.v:680$130'.                                       
  created $dff cell `$procdff$355' with positive edge clock.                    
Creating register for signal `\systolic_matcher.\_264' using process            
`\systolic_matcher.$proc$/home/matthias/prog/janestreet/emulator/prototypes/syst
olic-matcher/systolic_matcher.v:673$128'.                                       
  created $dff cell `$procdff$356' with positive edge clock.                    
Creating register for signal `\systolic_matcher.\_244' using process            
`\systolic_matcher.$proc$/home/matthias/prog/janestreet/emulator/prototypes/syst
olic-matcher/systolic_matcher.v:666$126'.                                       
  created $dff cell `$procdff$357' with positive edge clock.                    
Creating register for signal `\systolic_matcher.\_224' using process            
`\systolic_matcher.$proc$/home/matthias/prog/janestreet/emulator/prototypes/syst
olic-matcher/systolic_matcher.v:659$124'.                                       
  created $dff cell `$procdff$358' with positive edge clock.                    
Creating register for signal `\systolic_matcher.\_204' using process            
`\systolic_matcher.$proc$/home/matthias/prog/janestreet/emulator/prototypes/syst
olic-matcher/systolic_matcher.v:652$122'.                                       
  created $dff cell `$procdff$359' with positive edge clock.                    
Creating register for signal `\systolic_matcher.\_184' using process            
`\systolic_matcher.$proc$/home/matthias/prog/janestreet/emulator/prototypes/syst
olic-matcher/systolic_matcher.v:645$120'.                                       
  created $dff cell `$procdff$360' with positive edge clock.                    
Creating register for signal `\systolic_matcher.\_164' using process            
`\systolic_matcher.$proc$/home/matthias/prog/janestreet/emulator/prototypes/syst
olic-matcher/systolic_matcher.v:638$118'.                                       
  created $dff cell `$procdff$361' with positive edge clock.                    
Creating register for signal `\systolic_matcher.\_144' using process            
`\systolic_matcher.$proc$/home/matthias/prog/janestreet/emulator/prototypes/syst
olic-matcher/systolic_matcher.v:631$116'.                                       
  created $dff cell `$procdff$362' with positive edge clock.                    
Creating register for signal `\systolic_matcher.\_124' using process            
`\systolic_matcher.$proc$/home/matthias/prog/janestreet/emulator/prototypes/syst
olic-matcher/systolic_matcher.v:624$114'.                                       
  created $dff cell `$procdff$363' with positive edge clock.                    
Creating register for signal `\systolic_matcher.\_104' using process            
`\systolic_matcher.$proc$/home/matthias/prog/janestreet/emulator/prototypes/syst
olic-matcher/systolic_matcher.v:617$112'.                                       
  created $dff cell `$procdff$364' with positive edge clock.                    
Creating register for signal `\systolic_matcher.\_84' using process             
`\systolic_matcher.$proc$/home/matthias/prog/janestreet/emulator/prototypes/syst
olic-matcher/systolic_matcher.v:610$110'.                                       
  created $dff cell `$procdff$365' with positive edge clock.                    
Creating register for signal `\systolic_matcher.\_64' using process             
`\systolic_matcher.$proc$/home/matthias/prog/janestreet/emulator/prototypes/syst
olic-matcher/systolic_matcher.v:603$108'.                                       
  created $dff cell `$procdff$366' with positive edge clock.                    
Creating register for signal `\systolic_matcher.\_44' using process             
`\systolic_matcher.$proc$/home/matthias/prog/janestreet/emulator/prototypes/syst
olic-matcher/systolic_matcher.v:596$106'.                                       
  created $dff cell `$procdff$367' with positive edge clock.                    
Creating register for signal `\systolic_matcher.\_24' using process             
`\systolic_matcher.$proc$/home/matthias/prog/janestreet/emulator/prototypes/syst
olic-matcher/systolic_matcher.v:589$104'.                                       
  created $dff cell `$procdff$368' with positive edge clock.                    
Creating register for signal `\systolic_matcher.\_11' using process             
`\systolic_matcher.$proc$/home/matthias/prog/janestreet/emulator/prototypes/syst
olic-matcher/systolic_matcher.v:582$102'.                                       
  created $dff cell `$procdff$369' with positive edge clock.                    
Creating register for signal `\systolic_matcher.\_15' using process             
`\systolic_matcher.$proc$/home/matthias/prog/janestreet/emulator/prototypes/syst
olic-matcher/systolic_matcher.v:575$100'.                                       
  created $dff cell `$procdff$370' with positive edge clock.                    
Creating register for signal `\systolic_matcher.\_18' using process             
`\systolic_matcher.$proc$/home/matthias/prog/janestreet/emulator/prototypes/syst
olic-matcher/systolic_matcher.v:570$99'.                                        
  created $dff cell `$procdff$371' with positive edge clock.                    
Creating register for signal `\systolic_matcher.\_28' using process             
`\systolic_matcher.$proc$/home/matthias/prog/janestreet/emulator/prototypes/syst
olic-matcher/systolic_matcher.v:563$97'.                                        
  created $dff cell `$procdff$372' with positive edge clock.                    
Creating register for signal `\systolic_matcher.\_34' using process             
`\systolic_matcher.$proc$/home/matthias/prog/janestreet/emulator/prototypes/syst
olic-matcher/systolic_matcher.v:556$95'.                                        
  created $dff cell `$procdff$373' with positive edge clock.                    
Creating register for signal `\systolic_matcher.\_31' using process             
`\systolic_matcher.$proc$/home/matthias/prog/janestreet/emulator/prototypes/syst
olic-matcher/systolic_matcher.v:550$94'.                                        
  created $dff cell `$procdff$374' with positive edge clock.                    
Creating register for signal `\systolic_matcher.\_37' using process             
`\systolic_matcher.$proc$/home/matthias/prog/janestreet/emulator/prototypes/syst
olic-matcher/systolic_matcher.v:546$93'.                                        
  created $dff cell `$procdff$375' with positive edge clock.                    
Creating register for signal `\systolic_matcher.\_48' using process             
`\systolic_matcher.$proc$/home/matthias/prog/janestreet/emulator/prototypes/syst
olic-matcher/systolic_matcher.v:539$91'.                                        
  created $dff cell `$procdff$376' with positive edge clock.                    
Creating register for signal `\systolic_matcher.\_54' using process             
`\systolic_matcher.$proc$/home/matthias/prog/janestreet/emulator/prototypes/syst
olic-matcher/systolic_matcher.v:532$89'.                                        
  created $dff cell `$procdff$377' with positive edge clock.                    
Creating register for signal `\systolic_matcher.\_51' using process             
`\systolic_matcher.$proc$/home/matthias/prog/janestreet/emulator/prototypes/syst
olic-matcher/systolic_matcher.v:526$88'.                                        
  created $dff cell `$procdff$378' with positive edge clock.                    
Creating register for signal `\systolic_matcher.\_57' using process             
`\systolic_matcher.$proc$/home/matthias/prog/janestreet/emulator/prototypes/syst
olic-matcher/systolic_matcher.v:522$87'.                                        
  created $dff cell `$procdff$379' with positive edge clock.                    
Creating register for signal `\systolic_matcher.\_68' using process             
`\systolic_matcher.$proc$/home/matthias/prog/janestreet/emulator/prototypes/syst
olic-matcher/systolic_matcher.v:515$85'.                                        
  created $dff cell `$procdff$380' with positive edge clock.                    
Creating register for signal `\systolic_matcher.\_74' using process             
`\systolic_matcher.$proc$/home/matthias/prog/janestreet/emulator/prototypes/syst
olic-matcher/systolic_matcher.v:508$83'.                                        
  created $dff cell `$procdff$381' with positive edge clock.                    
Creating register for signal `\systolic_matcher.\_71' using process             
`\systolic_matcher.$proc$/home/matthias/prog/janestreet/emulator/prototypes/syst
olic-matcher/systolic_matcher.v:502$82'.                                        
  created $dff cell `$procdff$382' with positive edge clock.                    
Creating register for signal `\systolic_matcher.\_77' using process             
`\systolic_matcher.$proc$/home/matthias/prog/janestreet/emulator/prototypes/syst
olic-matcher/systolic_matcher.v:498$81'.                                        
  created $dff cell `$procdff$383' with positive edge clock.                    
Creating register for signal `\systolic_matcher.\_88' using process             
`\systolic_matcher.$proc$/home/matthias/prog/janestreet/emulator/prototypes/syst
olic-matcher/systolic_matcher.v:491$79'.                                        
  created $dff cell `$procdff$384' with positive edge clock.                    
Creating register for signal `\systolic_matcher.\_94' using process             
`\systolic_matcher.$proc$/home/matthias/prog/janestreet/emulator/prototypes/syst
olic-matcher/systolic_matcher.v:484$77'.                                        
  created $dff cell `$procdff$385' with positive edge clock.                    
Creating register for signal `\systolic_matcher.\_91' using process             
`\systolic_matcher.$proc$/home/matthias/prog/janestreet/emulator/prototypes/syst
olic-matcher/systolic_matcher.v:478$76'.                                        
  created $dff cell `$procdff$386' with positive edge clock.                    
Creating register for signal `\systolic_matcher.\_97' using process             
`\systolic_matcher.$proc$/home/matthias/prog/janestreet/emulator/prototypes/syst
olic-matcher/systolic_matcher.v:474$75'.                                        
  created $dff cell `$procdff$387' with positive edge clock.                    
Creating register for signal `\systolic_matcher.\_108' using process            
`\systolic_matcher.$proc$/home/matthias/prog/janestreet/emulator/prototypes/syst
olic-matcher/systolic_matcher.v:467$73'.                                        
  created $dff cell `$procdff$388' with positive edge clock.                    
Creating register for signal `\systolic_matcher.\_114' using process            
`\systolic_matcher.$proc$/home/matthias/prog/janestreet/emulator/prototypes/syst
olic-matcher/systolic_matcher.v:460$71'.                                        
  created $dff cell `$procdff$389' with positive edge clock.                    
Creating register for signal `\systolic_matcher.\_111' using process            
`\systolic_matcher.$proc$/home/matthias/prog/janestreet/emulator/prototypes/syst
olic-matcher/systolic_matcher.v:454$70'.                                        
  created $dff cell `$procdff$390' with positive edge clock.                    
Creating register for signal `\systolic_matcher.\_117' using process            
`\systolic_matcher.$proc$/home/matthias/prog/janestreet/emulator/prototypes/syst
olic-matcher/systolic_matcher.v:450$69'.                                        
  created $dff cell `$procdff$391' with positive edge clock.                    
Creating register for signal `\systolic_matcher.\_128' using process            
`\systolic_matcher.$proc$/home/matthias/prog/janestreet/emulator/prototypes/syst
olic-matcher/systolic_matcher.v:443$67'.                                        
  created $dff cell `$procdff$392' with positive edge clock.                    
Creating register for signal `\systolic_matcher.\_134' using process            
`\systolic_matcher.$proc$/home/matthias/prog/janestreet/emulator/prototypes/syst
olic-matcher/systolic_matcher.v:436$65'.                                        
  created $dff cell `$procdff$393' with positive edge clock.                    
Creating register for signal `\systolic_matcher.\_131' using process            
`\systolic_matcher.$proc$/home/matthias/prog/janestreet/emulator/prototypes/syst
olic-matcher/systolic_matcher.v:430$64'.                                        
  created $dff cell `$procdff$394' with positive edge clock.                    
Creating register for signal `\systolic_matcher.\_137' using process            
`\systolic_matcher.$proc$/home/matthias/prog/janestreet/emulator/prototypes/syst
olic-matcher/systolic_matcher.v:426$63'.                                        
  created $dff cell `$procdff$395' with positive edge clock.                    
Creating register for signal `\systolic_matcher.\_148' using process            
`\systolic_matcher.$proc$/home/matthias/prog/janestreet/emulator/prototypes/syst
olic-matcher/systolic_matcher.v:419$61'.                                        
  created $dff cell `$procdff$396' with positive edge clock.                    
Creating register for signal `\systolic_matcher.\_154' using process            
`\systolic_matcher.$proc$/home/matthias/prog/janestreet/emulator/prototypes/syst
olic-matcher/systolic_matcher.v:412$59'.                                        
  created $dff cell `$procdff$397' with positive edge clock.                    
Creating register for signal `\systolic_matcher.\_151' using process            
`\systolic_matcher.$proc$/home/matthias/prog/janestreet/emulator/prototypes/syst
olic-matcher/systolic_matcher.v:406$58'.                                        
  created $dff cell `$procdff$398' with positive edge clock.                    
Creating register for signal `\systolic_matcher.\_157' using process            
`\systolic_matcher.$proc$/home/matthias/prog/janestreet/emulator/prototypes/syst
olic-matcher/systolic_matcher.v:402$57'.                                        
  created $dff cell `$procdff$399' with positive edge clock.                    
Creating register for signal `\systolic_matcher.\_168' using process            
`\systolic_matcher.$proc$/home/matthias/prog/janestreet/emulator/prototypes/syst
olic-matcher/systolic_matcher.v:395$55'.                                        
  created $dff cell `$procdff$400' with positive edge clock.                    
Creating register for signal `\systolic_matcher.\_174' using process            
`\systolic_matcher.$proc$/home/matthias/prog/janestreet/emulator/prototypes/syst
olic-matcher/systolic_matcher.v:388$53'.                                        
  created $dff cell `$procdff$401' with positive edge clock.                    
Creating register for signal `\systolic_matcher.\_171' using process            
`\systolic_matcher.$proc$/home/matthias/prog/janestreet/emulator/prototypes/syst
olic-matcher/systolic_matcher.v:382$52'.                                        
  created $dff cell `$procdff$402' with positive edge clock.                    
Creating register for signal `\systolic_matcher.\_177' using process            
`\systolic_matcher.$proc$/home/matthias/prog/janestreet/emulator/prototypes/syst
olic-matcher/systolic_matcher.v:378$51'.                                        
  created $dff cell `$procdff$403' with positive edge clock.                    
Creating register for signal `\systolic_matcher.\_188' using process            
`\systolic_matcher.$proc$/home/matthias/prog/janestreet/emulator/prototypes/syst
olic-matcher/systolic_matcher.v:371$49'.                                        
  created $dff cell `$procdff$404' with positive edge clock.                    
Creating register for signal `\systolic_matcher.\_194' using process            
`\systolic_matcher.$proc$/home/matthias/prog/janestreet/emulator/prototypes/syst
olic-matcher/systolic_matcher.v:364$47'.                                        
  created $dff cell `$procdff$405' with positive edge clock.                    
Creating register for signal `\systolic_matcher.\_191' using process            
`\systolic_matcher.$proc$/home/matthias/prog/janestreet/emulator/prototypes/syst
olic-matcher/systolic_matcher.v:358$46'.                                        
  created $dff cell `$procdff$406' with positive edge clock.                    
Creating register for signal `\systolic_matcher.\_197' using process            
`\systolic_matcher.$proc$/home/matthias/prog/janestreet/emulator/prototypes/syst
olic-matcher/systolic_matcher.v:354$45'.                                        
  created $dff cell `$procdff$407' with positive edge clock.                    
Creating register for signal `\systolic_matcher.\_208' using process            
`\systolic_matcher.$proc$/home/matthias/prog/janestreet/emulator/prototypes/syst
olic-matcher/systolic_matcher.v:347$43'.                                        
  created $dff cell `$procdff$408' with positive edge clock.                    
Creating register for signal `\systolic_matcher.\_214' using process            
`\systolic_matcher.$proc$/home/matthias/prog/janestreet/emulator/prototypes/syst
olic-matcher/systolic_matcher.v:340$41'.                                        
  created $dff cell `$procdff$409' with positive edge clock.                    
Creating register for signal `\systolic_matcher.\_211' using process            
`\systolic_matcher.$proc$/home/matthias/prog/janestreet/emulator/prototypes/syst
olic-matcher/systolic_matcher.v:334$40'.                                        
  created $dff cell `$procdff$410' with positive edge clock.                    
Creating register for signal `\systolic_matcher.\_217' using process            
`\systolic_matcher.$proc$/home/matthias/prog/janestreet/emulator/prototypes/syst
olic-matcher/systolic_matcher.v:330$39'.                                        
  created $dff cell `$procdff$411' with positive edge clock.                    
Creating register for signal `\systolic_matcher.\_228' using process            
`\systolic_matcher.$proc$/home/matthias/prog/janestreet/emulator/prototypes/syst
olic-matcher/systolic_matcher.v:323$37'.                                        
  created $dff cell `$procdff$412' with positive edge clock.                    
Creating register for signal `\systolic_matcher.\_234' using process            
`\systolic_matcher.$proc$/home/matthias/prog/janestreet/emulator/prototypes/syst
olic-matcher/systolic_matcher.v:316$35'.                                        
  created $dff cell `$procdff$413' with positive edge clock.                    
Creating register for signal `\systolic_matcher.\_231' using process            
`\systolic_matcher.$proc$/home/matthias/prog/janestreet/emulator/prototypes/syst
olic-matcher/systolic_matcher.v:310$34'.                                        
  created $dff cell `$procdff$414' with positive edge clock.                    
Creating register for signal `\systolic_matcher.\_237' using process            
`\systolic_matcher.$proc$/home/matthias/prog/janestreet/emulator/prototypes/syst
olic-matcher/systolic_matcher.v:306$33'.                                        
  created $dff cell `$procdff$415' with positive edge clock.                    
Creating register for signal `\systolic_matcher.\_248' using process            
`\systolic_matcher.$proc$/home/matthias/prog/janestreet/emulator/prototypes/syst
olic-matcher/systolic_matcher.v:299$31'.                                        
  created $dff cell `$procdff$416' with positive edge clock.                    
Creating register for signal `\systolic_matcher.\_254' using process            
`\systolic_matcher.$proc$/home/matthias/prog/janestreet/emulator/prototypes/syst
olic-matcher/systolic_matcher.v:292$29'.                                        
  created $dff cell `$procdff$417' with positive edge clock.                    
Creating register for signal `\systolic_matcher.\_251' using process            
`\systolic_matcher.$proc$/home/matthias/prog/janestreet/emulator/prototypes/syst
olic-matcher/systolic_matcher.v:286$28'.                                        
  created $dff cell `$procdff$418' with positive edge clock.                    
Creating register for signal `\systolic_matcher.\_257' using process            
`\systolic_matcher.$proc$/home/matthias/prog/janestreet/emulator/prototypes/syst
olic-matcher/systolic_matcher.v:282$27'.                                        
  created $dff cell `$procdff$419' with positive edge clock.                    
Creating register for signal `\systolic_matcher.\_268' using process            
`\systolic_matcher.$proc$/home/matthias/prog/janestreet/emulator/prototypes/syst
olic-matcher/systolic_matcher.v:275$25'.                                        
  created $dff cell `$procdff$420' with positive edge clock.                    
Creating register for signal `\systolic_matcher.\_274' using process            
`\systolic_matcher.$proc$/home/matthias/prog/janestreet/emulator/prototypes/syst
olic-matcher/systolic_matcher.v:268$23'.                                        
  created $dff cell `$procdff$421' with positive edge clock.                    
Creating register for signal `\systolic_matcher.\_271' using process            
`\systolic_matcher.$proc$/home/matthias/prog/janestreet/emulator/prototypes/syst
olic-matcher/systolic_matcher.v:262$22'.                                        
  created $dff cell `$procdff$422' with positive edge clock.                    
Creating register for signal `\systolic_matcher.\_277' using process            
`\systolic_matcher.$proc$/home/matthias/prog/janestreet/emulator/prototypes/syst
olic-matcher/systolic_matcher.v:258$21'.                                        
  created $dff cell `$procdff$423' with positive edge clock.                    
Creating register for signal `\systolic_matcher.\_288' using process            
`\systolic_matcher.$proc$/home/matthias/prog/janestreet/emulator/prototypes/syst
olic-matcher/systolic_matcher.v:251$19'.                                        
  created $dff cell `$procdff$424' with positive edge clock.                    
Creating register for signal `\systolic_matcher.\_294' using process            
`\systolic_matcher.$proc$/home/matthias/prog/janestreet/emulator/prototypes/syst
olic-matcher/systolic_matcher.v:244$17'.                                        
  created $dff cell `$procdff$425' with positive edge clock.                    
Creating register for signal `\systolic_matcher.\_291' using process            
`\systolic_matcher.$proc$/home/matthias/prog/janestreet/emulator/prototypes/syst
olic-matcher/systolic_matcher.v:238$16'.                                        
  created $dff cell `$procdff$426' with positive edge clock.                    
Creating register for signal `\systolic_matcher.\_297' using process            
`\systolic_matcher.$proc$/home/matthias/prog/janestreet/emulator/prototypes/syst
olic-matcher/systolic_matcher.v:234$15'.                                        
  created $dff cell `$procdff$427' with positive edge clock.                    
Creating register for signal `\systolic_matcher.\_308' using process            
`\systolic_matcher.$proc$/home/matthias/prog/janestreet/emulator/prototypes/syst
olic-matcher/systolic_matcher.v:226$13'.                                        
  created $dff cell `$procdff$428' with positive edge clock.                    
Creating register for signal `\systolic_matcher.\_314' using process            
`\systolic_matcher.$proc$/home/matthias/prog/janestreet/emulator/prototypes/syst
olic-matcher/systolic_matcher.v:219$11'.                                        
  created $dff cell `$procdff$429' with positive edge clock.                    
Creating register for signal `\systolic_matcher.\_311' using process            
`\systolic_matcher.$proc$/home/matthias/prog/janestreet/emulator/prototypes/syst
olic-matcher/systolic_matcher.v:213$10'.                                        
  created $dff cell `$procdff$430' with positive edge clock.                    
Creating register for signal `\systolic_matcher.\_317' using process            
`\systolic_matcher.$proc$/home/matthias/prog/janestreet/emulator/prototypes/syst
olic-matcher/systolic_matcher.v:209$9'.                                         
  created $dff cell `$procdff$431' with positive edge clock.                    
Creating register for signal `\systolic_matcher.\_345' using process            
`\systolic_matcher.$proc$/home/matthias/prog/janestreet/emulator/prototypes/syst
olic-matcher/systolic_matcher.v:202$8'.                                         
  created $dff cell `$procdff$432' with positive edge clock.                    
Creating register for signal `\systolic_matcher.\_339' using process            
`\systolic_matcher.$proc$/home/matthias/prog/janestreet/emulator/prototypes/syst
olic-matcher/systolic_matcher.v:191$5'.                                         
  created $dff cell `$procdff$433' with positive edge clock.                    
Creating register for signal `\systolic_matcher.\_336' using process            
`\systolic_matcher.$proc$/home/matthias/prog/janestreet/emulator/prototypes/syst
olic-matcher/systolic_matcher.v:187$4'.                                         
  created $dff cell `$procdff$434' with positive edge clock.                    
Creating register for signal `\systolic_matcher.\_333' using process            
`\systolic_matcher.$proc$/home/matthias/prog/janestreet/emulator/prototypes/syst
olic-matcher/systolic_matcher.v:183$3'.                                         
  created $dff cell `$procdff$435' with positive edge clock.                    
Creating register for signal `\systolic_matcher.\_330' using process            
`\systolic_matcher.$proc$/home/matthias/prog/janestreet/emulator/prototypes/syst
olic-matcher/systolic_matcher.v:179$2'.                                         
  created $dff cell `$procdff$436' with positive edge clock.                    
Creating register for signal `\systolic_matcher.\_327' using process            
`\systolic_matcher.$proc$/home/matthias/prog/janestreet/emulator/prototypes/syst
olic-matcher/systolic_matcher.v:175$1'.                                         
  created $dff cell `$procdff$437' with positive edge clock.                    
                                                                                
18. Executing PROC_MEMWR pass (convert process memory writes to cells).         
                                                                                
19. Executing PROC_CLEAN pass (remove empty switches from decision trees).      
Found and cleaned up 1 empty switch in                                          
`\systolic_matcher.$proc$/home/matthias/prog/janestreet/emulator/prototypes/syst
olic-matcher/systolic_matcher.v:694$134'.                                       
Removing empty process                                                          
`systolic_matcher.$proc$/home/matthias/prog/janestreet/emulator/prototypes/systo
lic-matcher/systolic_matcher.v:694$134'.                                        
Found and cleaned up 1 empty switch in                                          
`\systolic_matcher.$proc$/home/matthias/prog/janestreet/emulator/prototypes/syst
olic-matcher/systolic_matcher.v:687$132'.                                       
Removing empty process                                                          
`systolic_matcher.$proc$/home/matthias/prog/janestreet/emulator/prototypes/systo
lic-matcher/systolic_matcher.v:687$132'.                                        
Found and cleaned up 1 empty switch in                                          
`\systolic_matcher.$proc$/home/matthias/prog/janestreet/emulator/prototypes/syst
olic-matcher/systolic_matcher.v:680$130'.                                       
Removing empty process                                                          
`systolic_matcher.$proc$/home/matthias/prog/janestreet/emulator/prototypes/systo
lic-matcher/systolic_matcher.v:680$130'.                                        
Found and cleaned up 1 empty switch in                                          
`\systolic_matcher.$proc$/home/matthias/prog/janestreet/emulator/prototypes/syst
olic-matcher/systolic_matcher.v:673$128'.                                       
Removing empty process                                                          
`systolic_matcher.$proc$/home/matthias/prog/janestreet/emulator/prototypes/systo
lic-matcher/systolic_matcher.v:673$128'.                                        
Found and cleaned up 1 empty switch in                                          
`\systolic_matcher.$proc$/home/matthias/prog/janestreet/emulator/prototypes/syst
olic-matcher/systolic_matcher.v:666$126'.                                       
Removing empty process                                                          
`systolic_matcher.$proc$/home/matthias/prog/janestreet/emulator/prototypes/systo
lic-matcher/systolic_matcher.v:666$126'.                                        
Found and cleaned up 1 empty switch in                                          
`\systolic_matcher.$proc$/home/matthias/prog/janestreet/emulator/prototypes/syst
olic-matcher/systolic_matcher.v:659$124'.                                       
Removing empty process                                                          
`systolic_matcher.$proc$/home/matthias/prog/janestreet/emulator/prototypes/systo
lic-matcher/systolic_matcher.v:659$124'.                                        
Found and cleaned up 1 empty switch in                                          
`\systolic_matcher.$proc$/home/matthias/prog/janestreet/emulator/prototypes/syst
olic-matcher/systolic_matcher.v:652$122'.                                       
Removing empty process                                                          
`systolic_matcher.$proc$/home/matthias/prog/janestreet/emulator/prototypes/systo
lic-matcher/systolic_matcher.v:652$122'.                                        
Found and cleaned up 1 empty switch in                                          
`\systolic_matcher.$proc$/home/matthias/prog/janestreet/emulator/prototypes/syst
olic-matcher/systolic_matcher.v:645$120'.                                       
Removing empty process                                                          
`systolic_matcher.$proc$/home/matthias/prog/janestreet/emulator/prototypes/systo
lic-matcher/systolic_matcher.v:645$120'.                                        
Found and cleaned up 1 empty switch in                                          
`\systolic_matcher.$proc$/home/matthias/prog/janestreet/emulator/prototypes/syst
olic-matcher/systolic_matcher.v:638$118'.                                       
Removing empty process                                                          
`systolic_matcher.$proc$/home/matthias/prog/janestreet/emulator/prototypes/systo
lic-matcher/systolic_matcher.v:638$118'.                                        
Found and cleaned up 1 empty switch in                                          
`\systolic_matcher.$proc$/home/matthias/prog/janestreet/emulator/prototypes/syst
olic-matcher/systolic_matcher.v:631$116'.                                       
Removing empty process                                                          
`systolic_matcher.$proc$/home/matthias/prog/janestreet/emulator/prototypes/systo
lic-matcher/systolic_matcher.v:631$116'.                                        
Found and cleaned up 1 empty switch in                                          
`\systolic_matcher.$proc$/home/matthias/prog/janestreet/emulator/prototypes/syst
olic-matcher/systolic_matcher.v:624$114'.                                       
Removing empty process                                                          
`systolic_matcher.$proc$/home/matthias/prog/janestreet/emulator/prototypes/systo
lic-matcher/systolic_matcher.v:624$114'.                                        
Found and cleaned up 1 empty switch in                                          
`\systolic_matcher.$proc$/home/matthias/prog/janestreet/emulator/prototypes/syst
olic-matcher/systolic_matcher.v:617$112'.                                       
Removing empty process                                                          
`systolic_matcher.$proc$/home/matthias/prog/janestreet/emulator/prototypes/systo
lic-matcher/systolic_matcher.v:617$112'.                                        
Found and cleaned up 1 empty switch in                                          
`\systolic_matcher.$proc$/home/matthias/prog/janestreet/emulator/prototypes/syst
olic-matcher/systolic_matcher.v:610$110'.                                       
Removing empty process                                                          
`systolic_matcher.$proc$/home/matthias/prog/janestreet/emulator/prototypes/systo
lic-matcher/systolic_matcher.v:610$110'.                                        
Found and cleaned up 1 empty switch in                                          
`\systolic_matcher.$proc$/home/matthias/prog/janestreet/emulator/prototypes/syst
olic-matcher/systolic_matcher.v:603$108'.                                       
Removing empty process                                                          
`systolic_matcher.$proc$/home/matthias/prog/janestreet/emulator/prototypes/systo
lic-matcher/systolic_matcher.v:603$108'.                                        
Found and cleaned up 1 empty switch in                                          
`\systolic_matcher.$proc$/home/matthias/prog/janestreet/emulator/prototypes/syst
olic-matcher/systolic_matcher.v:596$106'.                                       
Removing empty process                                                          
`systolic_matcher.$proc$/home/matthias/prog/janestreet/emulator/prototypes/systo
lic-matcher/systolic_matcher.v:596$106'.                                        
Found and cleaned up 1 empty switch in                                          
`\systolic_matcher.$proc$/home/matthias/prog/janestreet/emulator/prototypes/syst
olic-matcher/systolic_matcher.v:589$104'.                                       
Removing empty process                                                          
`systolic_matcher.$proc$/home/matthias/prog/janestreet/emulator/prototypes/systo
lic-matcher/systolic_matcher.v:589$104'.                                        
Found and cleaned up 1 empty switch in                                          
`\systolic_matcher.$proc$/home/matthias/prog/janestreet/emulator/prototypes/syst
olic-matcher/systolic_matcher.v:582$102'.                                       
Removing empty process                                                          
`systolic_matcher.$proc$/home/matthias/prog/janestreet/emulator/prototypes/systo
lic-matcher/systolic_matcher.v:582$102'.                                        
Found and cleaned up 1 empty switch in                                          
`\systolic_matcher.$proc$/home/matthias/prog/janestreet/emulator/prototypes/syst
olic-matcher/systolic_matcher.v:575$100'.                                       
Removing empty process                                                          
`systolic_matcher.$proc$/home/matthias/prog/janestreet/emulator/prototypes/systo
lic-matcher/systolic_matcher.v:575$100'.                                        
Found and cleaned up 1 empty switch in                                          
`\systolic_matcher.$proc$/home/matthias/prog/janestreet/emulator/prototypes/syst
olic-matcher/systolic_matcher.v:570$99'.                                        
Removing empty process                                                          
`systolic_matcher.$proc$/home/matthias/prog/janestreet/emulator/prototypes/systo
lic-matcher/systolic_matcher.v:570$99'.                                         
Found and cleaned up 1 empty switch in                                          
`\systolic_matcher.$proc$/home/matthias/prog/janestreet/emulator/prototypes/syst
olic-matcher/systolic_matcher.v:563$97'.                                        
Removing empty process                                                          
`systolic_matcher.$proc$/home/matthias/prog/janestreet/emulator/prototypes/systo
lic-matcher/systolic_matcher.v:563$97'.                                         
Found and cleaned up 1 empty switch in                                          
`\systolic_matcher.$proc$/home/matthias/prog/janestreet/emulator/prototypes/syst
olic-matcher/systolic_matcher.v:556$95'.                                        
Removing empty process                                                          
`systolic_matcher.$proc$/home/matthias/prog/janestreet/emulator/prototypes/systo
lic-matcher/systolic_matcher.v:556$95'.                                         
Found and cleaned up 1 empty switch in                                          
`\systolic_matcher.$proc$/home/matthias/prog/janestreet/emulator/prototypes/syst
olic-matcher/systolic_matcher.v:550$94'.                                        
Removing empty process                                                          
`systolic_matcher.$proc$/home/matthias/prog/janestreet/emulator/prototypes/systo
lic-matcher/systolic_matcher.v:550$94'.                                         
Found and cleaned up 1 empty switch in                                          
`\systolic_matcher.$proc$/home/matthias/prog/janestreet/emulator/prototypes/syst
olic-matcher/systolic_matcher.v:546$93'.                                        
Removing empty process                                                          
`systolic_matcher.$proc$/home/matthias/prog/janestreet/emulator/prototypes/systo
lic-matcher/systolic_matcher.v:546$93'.                                         
Found and cleaned up 1 empty switch in                                          
`\systolic_matcher.$proc$/home/matthias/prog/janestreet/emulator/prototypes/syst
olic-matcher/systolic_matcher.v:539$91'.                                        
Removing empty process                                                          
`systolic_matcher.$proc$/home/matthias/prog/janestreet/emulator/prototypes/systo
lic-matcher/systolic_matcher.v:539$91'.                                         
Found and cleaned up 1 empty switch in                                          
`\systolic_matcher.$proc$/home/matthias/prog/janestreet/emulator/prototypes/syst
olic-matcher/systolic_matcher.v:532$89'.                                        
Removing empty process                                                          
`systolic_matcher.$proc$/home/matthias/prog/janestreet/emulator/prototypes/systo
lic-matcher/systolic_matcher.v:532$89'.                                         
Found and cleaned up 1 empty switch in                                          
`\systolic_matcher.$proc$/home/matthias/prog/janestreet/emulator/prototypes/syst
olic-matcher/systolic_matcher.v:526$88'.                                        
Removing empty process                                                          
`systolic_matcher.$proc$/home/matthias/prog/janestreet/emulator/prototypes/systo
lic-matcher/systolic_matcher.v:526$88'.                                         
Found and cleaned up 1 empty switch in                                          
`\systolic_matcher.$proc$/home/matthias/prog/janestreet/emulator/prototypes/syst
olic-matcher/systolic_matcher.v:522$87'.                                        
Removing empty process                                                          
`systolic_matcher.$proc$/home/matthias/prog/janestreet/emulator/prototypes/systo
lic-matcher/systolic_matcher.v:522$87'.                                         
Found and cleaned up 1 empty switch in                                          
`\systolic_matcher.$proc$/home/matthias/prog/janestreet/emulator/prototypes/syst
olic-matcher/systolic_matcher.v:515$85'.                                        
Removing empty process                                                          
`systolic_matcher.$proc$/home/matthias/prog/janestreet/emulator/prototypes/systo
lic-matcher/systolic_matcher.v:515$85'.                                         
Found and cleaned up 1 empty switch in                                          
`\systolic_matcher.$proc$/home/matthias/prog/janestreet/emulator/prototypes/syst
olic-matcher/systolic_matcher.v:508$83'.                                        
Removing empty process                                                          
`systolic_matcher.$proc$/home/matthias/prog/janestreet/emulator/prototypes/systo
lic-matcher/systolic_matcher.v:508$83'.                                         
Found and cleaned up 1 empty switch in                                          
`\systolic_matcher.$proc$/home/matthias/prog/janestreet/emulator/prototypes/syst
olic-matcher/systolic_matcher.v:502$82'.                                        
Removing empty process                                                          
`systolic_matcher.$proc$/home/matthias/prog/janestreet/emulator/prototypes/systo
lic-matcher/systolic_matcher.v:502$82'.                                         
Found and cleaned up 1 empty switch in                                          
`\systolic_matcher.$proc$/home/matthias/prog/janestreet/emulator/prototypes/syst
olic-matcher/systolic_matcher.v:498$81'.                                        
Removing empty process                                                          
`systolic_matcher.$proc$/home/matthias/prog/janestreet/emulator/prototypes/systo
lic-matcher/systolic_matcher.v:498$81'.                                         
Found and cleaned up 1 empty switch in                                          
`\systolic_matcher.$proc$/home/matthias/prog/janestreet/emulator/prototypes/syst
olic-matcher/systolic_matcher.v:491$79'.                                        
Removing empty process                                                          
`systolic_matcher.$proc$/home/matthias/prog/janestreet/emulator/prototypes/systo
lic-matcher/systolic_matcher.v:491$79'.                                         
Found and cleaned up 1 empty switch in                                          
`\systolic_matcher.$proc$/home/matthias/prog/janestreet/emulator/prototypes/syst
olic-matcher/systolic_matcher.v:484$77'.                                        
Removing empty process                                                          
`systolic_matcher.$proc$/home/matthias/prog/janestreet/emulator/prototypes/systo
lic-matcher/systolic_matcher.v:484$77'.                                         
Found and cleaned up 1 empty switch in                                          
`\systolic_matcher.$proc$/home/matthias/prog/janestreet/emulator/prototypes/syst
olic-matcher/systolic_matcher.v:478$76'.                                        
Removing empty process                                                          
`systolic_matcher.$proc$/home/matthias/prog/janestreet/emulator/prototypes/systo
lic-matcher/systolic_matcher.v:478$76'.                                         
Found and cleaned up 1 empty switch in                                          
`\systolic_matcher.$proc$/home/matthias/prog/janestreet/emulator/prototypes/syst
olic-matcher/systolic_matcher.v:474$75'.                                        
Removing empty process                                                          
`systolic_matcher.$proc$/home/matthias/prog/janestreet/emulator/prototypes/systo
lic-matcher/systolic_matcher.v:474$75'.                                         
Found and cleaned up 1 empty switch in                                          
`\systolic_matcher.$proc$/home/matthias/prog/janestreet/emulator/prototypes/syst
olic-matcher/systolic_matcher.v:467$73'.                                        
Removing empty process                                                          
`systolic_matcher.$proc$/home/matthias/prog/janestreet/emulator/prototypes/systo
lic-matcher/systolic_matcher.v:467$73'.                                         
Found and cleaned up 1 empty switch in                                          
`\systolic_matcher.$proc$/home/matthias/prog/janestreet/emulator/prototypes/syst
olic-matcher/systolic_matcher.v:460$71'.                                        
Removing empty process                                                          
`systolic_matcher.$proc$/home/matthias/prog/janestreet/emulator/prototypes/systo
lic-matcher/systolic_matcher.v:460$71'.                                         
Found and cleaned up 1 empty switch in                                          
`\systolic_matcher.$proc$/home/matthias/prog/janestreet/emulator/prototypes/syst
olic-matcher/systolic_matcher.v:454$70'.                                        
Removing empty process                                                          
`systolic_matcher.$proc$/home/matthias/prog/janestreet/emulator/prototypes/systo
lic-matcher/systolic_matcher.v:454$70'.                                         
Found and cleaned up 1 empty switch in                                          
`\systolic_matcher.$proc$/home/matthias/prog/janestreet/emulator/prototypes/syst
olic-matcher/systolic_matcher.v:450$69'.                                        
Removing empty process                                                          
`systolic_matcher.$proc$/home/matthias/prog/janestreet/emulator/prototypes/systo
lic-matcher/systolic_matcher.v:450$69'.                                         
Found and cleaned up 1 empty switch in                                          
`\systolic_matcher.$proc$/home/matthias/prog/janestreet/emulator/prototypes/syst
olic-matcher/systolic_matcher.v:443$67'.                                        
Removing empty process                                                          
`systolic_matcher.$proc$/home/matthias/prog/janestreet/emulator/prototypes/systo
lic-matcher/systolic_matcher.v:443$67'.                                         
Found and cleaned up 1 empty switch in                                          
`\systolic_matcher.$proc$/home/matthias/prog/janestreet/emulator/prototypes/syst
olic-matcher/systolic_matcher.v:436$65'.                                        
Removing empty process                                                          
`systolic_matcher.$proc$/home/matthias/prog/janestreet/emulator/prototypes/systo
lic-matcher/systolic_matcher.v:436$65'.                                         
Found and cleaned up 1 empty switch in                                          
`\systolic_matcher.$proc$/home/matthias/prog/janestreet/emulator/prototypes/syst
olic-matcher/systolic_matcher.v:430$64'.                                        
Removing empty process                                                          
`systolic_matcher.$proc$/home/matthias/prog/janestreet/emulator/prototypes/systo
lic-matcher/systolic_matcher.v:430$64'.                                         
Found and cleaned up 1 empty switch in                                          
`\systolic_matcher.$proc$/home/matthias/prog/janestreet/emulator/prototypes/syst
olic-matcher/systolic_matcher.v:426$63'.                                        
Removing empty process                                                          
`systolic_matcher.$proc$/home/matthias/prog/janestreet/emulator/prototypes/systo
lic-matcher/systolic_matcher.v:426$63'.                                         
Found and cleaned up 1 empty switch in                                          
`\systolic_matcher.$proc$/home/matthias/prog/janestreet/emulator/prototypes/syst
olic-matcher/systolic_matcher.v:419$61'.                                        
Removing empty process                                                          
`systolic_matcher.$proc$/home/matthias/prog/janestreet/emulator/prototypes/systo
lic-matcher/systolic_matcher.v:419$61'.                                         
Found and cleaned up 1 empty switch in                                          
`\systolic_matcher.$proc$/home/matthias/prog/janestreet/emulator/prototypes/syst
olic-matcher/systolic_matcher.v:412$59'.                                        
Removing empty process                                                          
`systolic_matcher.$proc$/home/matthias/prog/janestreet/emulator/prototypes/systo
lic-matcher/systolic_matcher.v:412$59'.                                         
Found and cleaned up 1 empty switch in                                          
`\systolic_matcher.$proc$/home/matthias/prog/janestreet/emulator/prototypes/syst
olic-matcher/systolic_matcher.v:406$58'.                                        
Removing empty process                                                          
`systolic_matcher.$proc$/home/matthias/prog/janestreet/emulator/prototypes/systo
lic-matcher/systolic_matcher.v:406$58'.                                         
Found and cleaned up 1 empty switch in                                          
`\systolic_matcher.$proc$/home/matthias/prog/janestreet/emulator/prototypes/syst
olic-matcher/systolic_matcher.v:402$57'.                                        
Removing empty process                                                          
`systolic_matcher.$proc$/home/matthias/prog/janestreet/emulator/prototypes/systo
lic-matcher/systolic_matcher.v:402$57'.                                         
Found and cleaned up 1 empty switch in                                          
`\systolic_matcher.$proc$/home/matthias/prog/janestreet/emulator/prototypes/syst
olic-matcher/systolic_matcher.v:395$55'.                                        
Removing empty process                                                          
`systolic_matcher.$proc$/home/matthias/prog/janestreet/emulator/prototypes/systo
lic-matcher/systolic_matcher.v:395$55'.                                         
Found and cleaned up 1 empty switch in                                          
`\systolic_matcher.$proc$/home/matthias/prog/janestreet/emulator/prototypes/syst
olic-matcher/systolic_matcher.v:388$53'.                                        
Removing empty process                                                          
`systolic_matcher.$proc$/home/matthias/prog/janestreet/emulator/prototypes/systo
lic-matcher/systolic_matcher.v:388$53'.                                         
Found and cleaned up 1 empty switch in                                          
`\systolic_matcher.$proc$/home/matthias/prog/janestreet/emulator/prototypes/syst
olic-matcher/systolic_matcher.v:382$52'.                                        
Removing empty process                                                          
`systolic_matcher.$proc$/home/matthias/prog/janestreet/emulator/prototypes/systo
lic-matcher/systolic_matcher.v:382$52'.                                         
Found and cleaned up 1 empty switch in                                          
`\systolic_matcher.$proc$/home/matthias/prog/janestreet/emulator/prototypes/syst
olic-matcher/systolic_matcher.v:378$51'.                                        
Removing empty process                                                          
`systolic_matcher.$proc$/home/matthias/prog/janestreet/emulator/prototypes/systo
lic-matcher/systolic_matcher.v:378$51'.                                         
Found and cleaned up 1 empty switch in                                          
`\systolic_matcher.$proc$/home/matthias/prog/janestreet/emulator/prototypes/syst
olic-matcher/systolic_matcher.v:371$49'.                                        
Removing empty process                                                          
`systolic_matcher.$proc$/home/matthias/prog/janestreet/emulator/prototypes/systo
lic-matcher/systolic_matcher.v:371$49'.                                         
Found and cleaned up 1 empty switch in                                          
`\systolic_matcher.$proc$/home/matthias/prog/janestreet/emulator/prototypes/syst
olic-matcher/systolic_matcher.v:364$47'.                                        
Removing empty process                                                          
`systolic_matcher.$proc$/home/matthias/prog/janestreet/emulator/prototypes/systo
lic-matcher/systolic_matcher.v:364$47'.                                         
Found and cleaned up 1 empty switch in                                          
`\systolic_matcher.$proc$/home/matthias/prog/janestreet/emulator/prototypes/syst
olic-matcher/systolic_matcher.v:358$46'.                                        
Removing empty process                                                          
`systolic_matcher.$proc$/home/matthias/prog/janestreet/emulator/prototypes/systo
lic-matcher/systolic_matcher.v:358$46'.                                         
Found and cleaned up 1 empty switch in                                          
`\systolic_matcher.$proc$/home/matthias/prog/janestreet/emulator/prototypes/syst
olic-matcher/systolic_matcher.v:354$45'.                                        
Removing empty process                                                          
`systolic_matcher.$proc$/home/matthias/prog/janestreet/emulator/prototypes/systo
lic-matcher/systolic_matcher.v:354$45'.                                         
Found and cleaned up 1 empty switch in                                          
`\systolic_matcher.$proc$/home/matthias/prog/janestreet/emulator/prototypes/syst
olic-matcher/systolic_matcher.v:347$43'.                                        
Removing empty process                                                          
`systolic_matcher.$proc$/home/matthias/prog/janestreet/emulator/prototypes/systo
lic-matcher/systolic_matcher.v:347$43'.                                         
Found and cleaned up 1 empty switch in                                          
`\systolic_matcher.$proc$/home/matthias/prog/janestreet/emulator/prototypes/syst
olic-matcher/systolic_matcher.v:340$41'.                                        
Removing empty process                                                          
`systolic_matcher.$proc$/home/matthias/prog/janestreet/emulator/prototypes/systo
lic-matcher/systolic_matcher.v:340$41'.                                         
Found and cleaned up 1 empty switch in                                          
`\systolic_matcher.$proc$/home/matthias/prog/janestreet/emulator/prototypes/syst
olic-matcher/systolic_matcher.v:334$40'.                                        
Removing empty process                                                          
`systolic_matcher.$proc$/home/matthias/prog/janestreet/emulator/prototypes/systo
lic-matcher/systolic_matcher.v:334$40'.                                         
Found and cleaned up 1 empty switch in                                          
`\systolic_matcher.$proc$/home/matthias/prog/janestreet/emulator/prototypes/syst
olic-matcher/systolic_matcher.v:330$39'.                                        
Removing empty process                                                          
`systolic_matcher.$proc$/home/matthias/prog/janestreet/emulator/prototypes/systo
lic-matcher/systolic_matcher.v:330$39'.                                         
Found and cleaned up 1 empty switch in                                          
`\systolic_matcher.$proc$/home/matthias/prog/janestreet/emulator/prototypes/syst
olic-matcher/systolic_matcher.v:323$37'.                                        
Removing empty process                                                          
`systolic_matcher.$proc$/home/matthias/prog/janestreet/emulator/prototypes/systo
lic-matcher/systolic_matcher.v:323$37'.                                         
Found and cleaned up 1 empty switch in                                          
`\systolic_matcher.$proc$/home/matthias/prog/janestreet/emulator/prototypes/syst
olic-matcher/systolic_matcher.v:316$35'.                                        
Removing empty process                                                          
`systolic_matcher.$proc$/home/matthias/prog/janestreet/emulator/prototypes/systo
lic-matcher/systolic_matcher.v:316$35'.                                         
Found and cleaned up 1 empty switch in                                          
`\systolic_matcher.$proc$/home/matthias/prog/janestreet/emulator/prototypes/syst
olic-matcher/systolic_matcher.v:310$34'.                                        
Removing empty process                                                          
`systolic_matcher.$proc$/home/matthias/prog/janestreet/emulator/prototypes/systo
lic-matcher/systolic_matcher.v:310$34'.                                         
Found and cleaned up 1 empty switch in                                          
`\systolic_matcher.$proc$/home/matthias/prog/janestreet/emulator/prototypes/syst
olic-matcher/systolic_matcher.v:306$33'.                                        
Removing empty process                                                          
`systolic_matcher.$proc$/home/matthias/prog/janestreet/emulator/prototypes/systo
lic-matcher/systolic_matcher.v:306$33'.                                         
Found and cleaned up 1 empty switch in                                          
`\systolic_matcher.$proc$/home/matthias/prog/janestreet/emulator/prototypes/syst
olic-matcher/systolic_matcher.v:299$31'.                                        
Removing empty process                                                          
`systolic_matcher.$proc$/home/matthias/prog/janestreet/emulator/prototypes/systo
lic-matcher/systolic_matcher.v:299$31'.                                         
Found and cleaned up 1 empty switch in                                          
`\systolic_matcher.$proc$/home/matthias/prog/janestreet/emulator/prototypes/syst
olic-matcher/systolic_matcher.v:292$29'.                                        
Removing empty process                                                          
`systolic_matcher.$proc$/home/matthias/prog/janestreet/emulator/prototypes/systo
lic-matcher/systolic_matcher.v:292$29'.                                         
Found and cleaned up 1 empty switch in                                          
`\systolic_matcher.$proc$/home/matthias/prog/janestreet/emulator/prototypes/syst
olic-matcher/systolic_matcher.v:286$28'.                                        
Removing empty process                                                          
`systolic_matcher.$proc$/home/matthias/prog/janestreet/emulator/prototypes/systo
lic-matcher/systolic_matcher.v:286$28'.                                         
Found and cleaned up 1 empty switch in                                          
`\systolic_matcher.$proc$/home/matthias/prog/janestreet/emulator/prototypes/syst
olic-matcher/systolic_matcher.v:282$27'.                                        
Removing empty process                                                          
`systolic_matcher.$proc$/home/matthias/prog/janestreet/emulator/prototypes/systo
lic-matcher/systolic_matcher.v:282$27'.                                         
Found and cleaned up 1 empty switch in                                          
`\systolic_matcher.$proc$/home/matthias/prog/janestreet/emulator/prototypes/syst
olic-matcher/systolic_matcher.v:275$25'.                                        
Removing empty process                                                          
`systolic_matcher.$proc$/home/matthias/prog/janestreet/emulator/prototypes/systo
lic-matcher/systolic_matcher.v:275$25'.                                         
Found and cleaned up 1 empty switch in                                          
`\systolic_matcher.$proc$/home/matthias/prog/janestreet/emulator/prototypes/syst
olic-matcher/systolic_matcher.v:268$23'.                                        
Removing empty process                                                          
`systolic_matcher.$proc$/home/matthias/prog/janestreet/emulator/prototypes/systo
lic-matcher/systolic_matcher.v:268$23'.                                         
Found and cleaned up 1 empty switch in                                          
`\systolic_matcher.$proc$/home/matthias/prog/janestreet/emulator/prototypes/syst
olic-matcher/systolic_matcher.v:262$22'.                                        
Removing empty process                                                          
`systolic_matcher.$proc$/home/matthias/prog/janestreet/emulator/prototypes/systo
lic-matcher/systolic_matcher.v:262$22'.                                         
Found and cleaned up 1 empty switch in                                          
`\systolic_matcher.$proc$/home/matthias/prog/janestreet/emulator/prototypes/syst
olic-matcher/systolic_matcher.v:258$21'.                                        
Removing empty process                                                          
`systolic_matcher.$proc$/home/matthias/prog/janestreet/emulator/prototypes/systo
lic-matcher/systolic_matcher.v:258$21'.                                         
Found and cleaned up 1 empty switch in                                          
`\systolic_matcher.$proc$/home/matthias/prog/janestreet/emulator/prototypes/syst
olic-matcher/systolic_matcher.v:251$19'.                                        
Removing empty process                                                          
`systolic_matcher.$proc$/home/matthias/prog/janestreet/emulator/prototypes/systo
lic-matcher/systolic_matcher.v:251$19'.                                         
Found and cleaned up 1 empty switch in                                          
`\systolic_matcher.$proc$/home/matthias/prog/janestreet/emulator/prototypes/syst
olic-matcher/systolic_matcher.v:244$17'.                                        
Removing empty process                                                          
`systolic_matcher.$proc$/home/matthias/prog/janestreet/emulator/prototypes/systo
lic-matcher/systolic_matcher.v:244$17'.                                         
Found and cleaned up 1 empty switch in                                          
`\systolic_matcher.$proc$/home/matthias/prog/janestreet/emulator/prototypes/syst
olic-matcher/systolic_matcher.v:238$16'.                                        
Removing empty process                                                          
`systolic_matcher.$proc$/home/matthias/prog/janestreet/emulator/prototypes/systo
lic-matcher/systolic_matcher.v:238$16'.                                         
Found and cleaned up 1 empty switch in                                          
`\systolic_matcher.$proc$/home/matthias/prog/janestreet/emulator/prototypes/syst
olic-matcher/systolic_matcher.v:234$15'.                                        
Removing empty process                                                          
`systolic_matcher.$proc$/home/matthias/prog/janestreet/emulator/prototypes/systo
lic-matcher/systolic_matcher.v:234$15'.                                         
Found and cleaned up 1 empty switch in                                          
`\systolic_matcher.$proc$/home/matthias/prog/janestreet/emulator/prototypes/syst
olic-matcher/systolic_matcher.v:226$13'.                                        
Removing empty process                                                          
`systolic_matcher.$proc$/home/matthias/prog/janestreet/emulator/prototypes/systo
lic-matcher/systolic_matcher.v:226$13'.                                         
Found and cleaned up 1 empty switch in                                          
`\systolic_matcher.$proc$/home/matthias/prog/janestreet/emulator/prototypes/syst
olic-matcher/systolic_matcher.v:219$11'.                                        
Removing empty process                                                          
`systolic_matcher.$proc$/home/matthias/prog/janestreet/emulator/prototypes/systo
lic-matcher/systolic_matcher.v:219$11'.                                         
Found and cleaned up 1 empty switch in                                          
`\systolic_matcher.$proc$/home/matthias/prog/janestreet/emulator/prototypes/syst
olic-matcher/systolic_matcher.v:213$10'.                                        
Removing empty process                                                          
`systolic_matcher.$proc$/home/matthias/prog/janestreet/emulator/prototypes/systo
lic-matcher/systolic_matcher.v:213$10'.                                         
Found and cleaned up 1 empty switch in                                          
`\systolic_matcher.$proc$/home/matthias/prog/janestreet/emulator/prototypes/syst
olic-matcher/systolic_matcher.v:209$9'.                                         
Removing empty process                                                          
`systolic_matcher.$proc$/home/matthias/prog/janestreet/emulator/prototypes/systo
lic-matcher/systolic_matcher.v:209$9'.                                          
Found and cleaned up 1 empty switch in                                          
`\systolic_matcher.$proc$/home/matthias/prog/janestreet/emulator/prototypes/syst
olic-matcher/systolic_matcher.v:202$8'.                                         
Removing empty process                                                          
`systolic_matcher.$proc$/home/matthias/prog/janestreet/emulator/prototypes/systo
lic-matcher/systolic_matcher.v:202$8'.                                          
Found and cleaned up 1 empty switch in                                          
`\systolic_matcher.$proc$/home/matthias/prog/janestreet/emulator/prototypes/syst
olic-matcher/systolic_matcher.v:191$5'.                                         
Removing empty process                                                          
`systolic_matcher.$proc$/home/matthias/prog/janestreet/emulator/prototypes/systo
lic-matcher/systolic_matcher.v:191$5'.                                          
Found and cleaned up 1 empty switch in                                          
`\systolic_matcher.$proc$/home/matthias/prog/janestreet/emulator/prototypes/syst
olic-matcher/systolic_matcher.v:187$4'.                                         
Removing empty process                                                          
`systolic_matcher.$proc$/home/matthias/prog/janestreet/emulator/prototypes/systo
lic-matcher/systolic_matcher.v:187$4'.                                          
Found and cleaned up 1 empty switch in                                          
`\systolic_matcher.$proc$/home/matthias/prog/janestreet/emulator/prototypes/syst
olic-matcher/systolic_matcher.v:183$3'.                                         
Removing empty process                                                          
`systolic_matcher.$proc$/home/matthias/prog/janestreet/emulator/prototypes/systo
lic-matcher/systolic_matcher.v:183$3'.                                          
Found and cleaned up 1 empty switch in                                          
`\systolic_matcher.$proc$/home/matthias/prog/janestreet/emulator/prototypes/syst
olic-matcher/systolic_matcher.v:179$2'.                                         
Removing empty process                                                          
`systolic_matcher.$proc$/home/matthias/prog/janestreet/emulator/prototypes/systo
lic-matcher/systolic_matcher.v:179$2'.                                          
Found and cleaned up 1 empty switch in                                          
`\systolic_matcher.$proc$/home/matthias/prog/janestreet/emulator/prototypes/syst
olic-matcher/systolic_matcher.v:175$1'.                                         
Removing empty process                                                          
`systolic_matcher.$proc$/home/matthias/prog/janestreet/emulator/prototypes/systo
lic-matcher/systolic_matcher.v:175$1'.                                          
Cleaned up 85 empty switches.                                                   
                                                                                
20. Executing CHECK pass (checking for obvious problems).                       
Checking module systolic_matcher...                                             
Found and reported 0 problems.                                                  
                                                                                
21. Executing OPT_EXPR pass (perform const folding).                            
Optimizing module systolic_matcher.                                             
                                                                                
22. Executing FLATTEN pass (flatten design).                                    
                                                                                
23. Executing OPT_EXPR pass (perform const folding).                            
Optimizing module systolic_matcher.                                             
                                                                                
24. Executing OPT_CLEAN pass (remove unused cells and wires).                   
Finding unused cells or wires in module \systolic_matcher..                     
Removed 0 unused cells and 219 unused wires.                                    
<suppressed ~1 debug messages>                                                  
                                                                                
25. Executing OPT_EXPR pass (perform const folding).                            
Optimizing module systolic_matcher.                                             
                                                                                
26. Executing OPT_MERGE pass (detect identical cells).                          
Finding identical cells in module `\systolic_matcher'.                          
Computing hashes of 219 cells of `\systolic_matcher'.                           
Finding duplicate cells in `\systolic_matcher'.                                 
Removed a total of 0 cells.                                                     
                                                                                
27. Executing OPT_MUXTREE pass (detect dead branches in mux trees).             
Running muxtree optimizer on module \systolic_matcher..                         
  Creating internal representation of mux trees.                                
  Evaluating internal representation of mux trees.                              
  Analyzing evaluation results.                                                 
Removed 0 multiplexer ports.                                                    
<suppressed ~170 debug messages>                                                
                                                                                
28. Executing OPT_REDUCE pass (consolidate $*mux and $reduce_* inputs).         
  Optimizing cells in module \systolic_matcher.                                 
Performed a total of 0 changes.                                                 
                                                                                
29. Executing OPT_MERGE pass (detect identical cells).                          
Finding identical cells in module `\systolic_matcher'.                          
Computing hashes of 219 cells of `\systolic_matcher'.                           
Finding duplicate cells in `\systolic_matcher'.                                 
Removed a total of 0 cells.                                                     
                                                                                
30. Executing OPT_DFF pass (perform DFF optimizations).                         
                                                                                
31. Executing OPT_CLEAN pass (remove unused cells and wires).                   
Finding unused cells or wires in module \systolic_matcher..                     
                                                                                
32. Executing OPT_EXPR pass (perform const folding).                            
Optimizing module systolic_matcher.                                             
                                                                                
33. Executing FSM pass (extract and optimize FSM).                              
                                                                                
33.1. Executing FSM_DETECT pass (finding FSMs in design).                       
                                                                                
33.2. Executing FSM_EXTRACT pass (extracting FSM from design).                  
                                                                                
33.3. Executing FSM_OPT pass (simple optimizations of FSMs).                    
                                                                                
33.4. Executing OPT_CLEAN pass (remove unused cells and wires).                 
Finding unused cells or wires in module \systolic_matcher..                     
                                                                                
33.5. Executing FSM_OPT pass (simple optimizations of FSMs).                    
                                                                                
33.6. Executing FSM_RECODE pass (re-assigning FSM state encoding).              
                                                                                
33.7. Executing FSM_INFO pass (dumping all available information on FSM cells). 
                                                                                
33.8. Executing FSM_MAP pass (mapping FSMs to basic logic).                     
                                                                                
34. Executing OPT_EXPR pass (perform const folding).                            
Optimizing module systolic_matcher.                                             
                                                                                
35. Executing OPT_MERGE pass (detect identical cells).                          
Finding identical cells in module `\systolic_matcher'.                          
Computing hashes of 219 cells of `\systolic_matcher'.                           
Finding duplicate cells in `\systolic_matcher'.                                 
Removed a total of 0 cells.                                                     
                                                                                
36. Executing OPT_MUXTREE pass (detect dead branches in mux trees).             
Running muxtree optimizer on module \systolic_matcher..                         
  Creating internal representation of mux trees.                                
  Evaluating internal representation of mux trees.                              
  Analyzing evaluation results.                                                 
Removed 0 multiplexer ports.                                                    
<suppressed ~170 debug messages>                                                
                                                                                
37. Executing OPT_REDUCE pass (consolidate $*mux and $reduce_* inputs).         
  Optimizing cells in module \systolic_matcher.                                 
Performed a total of 0 changes.                                                 
                                                                                
38. Executing OPT_MERGE pass (detect identical cells).                          
Finding identical cells in module `\systolic_matcher'.                          
Computing hashes of 219 cells of `\systolic_matcher'.                           
Finding duplicate cells in `\systolic_matcher'.                                 
Removed a total of 0 cells.                                                     
                                                                                
39. Executing OPT_DFF pass (perform DFF optimizations).                         
Adding EN signal on $procdff$437 ($dff) from module systolic_matcher (D = \_317,
Q = \_327).                                                                     
Adding EN signal on $procdff$436 ($dff) from module systolic_matcher (D = \_327,
Q = \_330).                                                                     
Adding EN signal on $procdff$435 ($dff) from module systolic_matcher (D = \_330,
Q = \_333).                                                                     
Adding EN signal on $procdff$434 ($dff) from module systolic_matcher (D = \_333,
Q = \_336).                                                                     
Adding EN signal on $procdff$433 ($dff) from module systolic_matcher (D = \_336,
Q = \_339).                                                                     
Adding SRST signal on $procdff$432 ($dff) from module systolic_matcher (D =     
\_342, Q = \_345, rval = 1'0).                                                  
Adding EN signal on $procdff$431 ($dff) from module systolic_matcher (D = \_308,
Q = \_317).                                                                     
Adding SRST signal on $procdff$430 ($dff) from module systolic_matcher (D =     
\_294, Q = \_311, rval = 1'0).                                                  
Adding SRST signal on $procdff$429 ($dff) from module systolic_matcher (D =     
\_311, Q = \_314, rval = 1'0).                                                  
Adding EN signal on $procdff$428 ($dff) from module systolic_matcher (D = \_297,
Q = \_308).                                                                     
Adding EN signal on $procdff$427 ($dff) from module systolic_matcher (D = \_288,
Q = \_297).                                                                     
Adding SRST signal on $procdff$426 ($dff) from module systolic_matcher (D =     
\_274, Q = \_291, rval = 1'0).                                                  
Adding SRST signal on $procdff$425 ($dff) from module systolic_matcher (D =     
\_291, Q = \_294, rval = 1'0).                                                  
Adding EN signal on $procdff$424 ($dff) from module systolic_matcher (D = \_277,
Q = \_288).                                                                     
Adding EN signal on $procdff$423 ($dff) from module systolic_matcher (D = \_268,
Q = \_277).                                                                     
Adding SRST signal on $procdff$422 ($dff) from module systolic_matcher (D =     
\_254, Q = \_271, rval = 1'0).                                                  
Adding SRST signal on $procdff$421 ($dff) from module systolic_matcher (D =     
\_271, Q = \_274, rval = 1'0).                                                  
Adding EN signal on $procdff$420 ($dff) from module systolic_matcher (D = \_257,
Q = \_268).                                                                     
Adding EN signal on $procdff$419 ($dff) from module systolic_matcher (D = \_248,
Q = \_257).                                                                     
Adding SRST signal on $procdff$418 ($dff) from module systolic_matcher (D =     
\_234, Q = \_251, rval = 1'0).                                                  
Adding SRST signal on $procdff$417 ($dff) from module systolic_matcher (D =     
\_251, Q = \_254, rval = 1'0).                                                  
Adding EN signal on $procdff$416 ($dff) from module systolic_matcher (D = \_237,
Q = \_248).                                                                     
Adding EN signal on $procdff$415 ($dff) from module systolic_matcher (D = \_228,
Q = \_237).                                                                     
Adding SRST signal on $procdff$414 ($dff) from module systolic_matcher (D =     
\_214, Q = \_231, rval = 1'0).                                                  
Adding SRST signal on $procdff$413 ($dff) from module systolic_matcher (D =     
\_231, Q = \_234, rval = 1'0).                                                  
Adding EN signal on $procdff$412 ($dff) from module systolic_matcher (D = \_217,
Q = \_228).                                                                     
Adding EN signal on $procdff$411 ($dff) from module systolic_matcher (D = \_208,
Q = \_217).                                                                     
Adding SRST signal on $procdff$410 ($dff) from module systolic_matcher (D =     
\_194, Q = \_211, rval = 1'0).                                                  
Adding SRST signal on $procdff$409 ($dff) from module systolic_matcher (D =     
\_211, Q = \_214, rval = 1'0).                                                  
Adding EN signal on $procdff$408 ($dff) from module systolic_matcher (D = \_197,
Q = \_208).                                                                     
Adding EN signal on $procdff$407 ($dff) from module systolic_matcher (D = \_188,
Q = \_197).                                                                     
Adding SRST signal on $procdff$406 ($dff) from module systolic_matcher (D =     
\_174, Q = \_191, rval = 1'0).                                                  
Adding SRST signal on $procdff$405 ($dff) from module systolic_matcher (D =     
\_191, Q = \_194, rval = 1'0).                                                  
Adding EN signal on $procdff$404 ($dff) from module systolic_matcher (D = \_177,
Q = \_188).                                                                     
Adding EN signal on $procdff$403 ($dff) from module systolic_matcher (D = \_168,
Q = \_177).                                                                     
Adding SRST signal on $procdff$402 ($dff) from module systolic_matcher (D =     
\_154, Q = \_171, rval = 1'0).                                                  
Adding SRST signal on $procdff$401 ($dff) from module systolic_matcher (D =     
\_171, Q = \_174, rval = 1'0).                                                  
Adding EN signal on $procdff$400 ($dff) from module systolic_matcher (D = \_157,
Q = \_168).                                                                     
Adding EN signal on $procdff$399 ($dff) from module systolic_matcher (D = \_148,
Q = \_157).                                                                     
Adding SRST signal on $procdff$398 ($dff) from module systolic_matcher (D =     
\_134, Q = \_151, rval = 1'0).                                                  
Adding SRST signal on $procdff$397 ($dff) from module systolic_matcher (D =     
\_151, Q = \_154, rval = 1'0).                                                  
Adding EN signal on $procdff$396 ($dff) from module systolic_matcher (D = \_137,
Q = \_148).                                                                     
Adding EN signal on $procdff$395 ($dff) from module systolic_matcher (D = \_128,
Q = \_137).                                                                     
Adding SRST signal on $procdff$394 ($dff) from module systolic_matcher (D =     
\_114, Q = \_131, rval = 1'0).                                                  
Adding SRST signal on $procdff$393 ($dff) from module systolic_matcher (D =     
\_131, Q = \_134, rval = 1'0).                                                  
Adding EN signal on $procdff$392 ($dff) from module systolic_matcher (D = \_117,
Q = \_128).                                                                     
Adding EN signal on $procdff$391 ($dff) from module systolic_matcher (D = \_108,
Q = \_117).                                                                     
Adding SRST signal on $procdff$390 ($dff) from module systolic_matcher (D =     
\_94, Q = \_111, rval = 1'0).                                                   
Adding SRST signal on $procdff$389 ($dff) from module systolic_matcher (D =     
\_111, Q = \_114, rval = 1'0).                                                  
Adding EN signal on $procdff$388 ($dff) from module systolic_matcher (D = \_97, 
Q = \_108).                                                                     
Adding EN signal on $procdff$387 ($dff) from module systolic_matcher (D = \_88, 
Q = \_97).                                                                      
Adding SRST signal on $procdff$386 ($dff) from module systolic_matcher (D =     
\_74, Q = \_91, rval = 1'0).                                                    
Adding SRST signal on $procdff$385 ($dff) from module systolic_matcher (D =     
\_91, Q = \_94, rval = 1'0).                                                    
Adding EN signal on $procdff$384 ($dff) from module systolic_matcher (D = \_77, 
Q = \_88).                                                                      
Adding EN signal on $procdff$383 ($dff) from module systolic_matcher (D = \_68, 
Q = \_77).                                                                      
Adding SRST signal on $procdff$382 ($dff) from module systolic_matcher (D =     
\_54, Q = \_71, rval = 1'0).                                                    
Adding SRST signal on $procdff$381 ($dff) from module systolic_matcher (D =     
\_71, Q = \_74, rval = 1'0).                                                    
Adding EN signal on $procdff$380 ($dff) from module systolic_matcher (D = \_57, 
Q = \_68).                                                                      
Adding EN signal on $procdff$379 ($dff) from module systolic_matcher (D = \_48, 
Q = \_57).                                                                      
Adding SRST signal on $procdff$378 ($dff) from module systolic_matcher (D =     
\_34, Q = \_51, rval = 1'0).                                                    
Adding SRST signal on $procdff$377 ($dff) from module systolic_matcher (D =     
\_51, Q = \_54, rval = 1'0).                                                    
Adding EN signal on $procdff$376 ($dff) from module systolic_matcher (D = \_37, 
Q = \_48).                                                                      
Adding EN signal on $procdff$375 ($dff) from module systolic_matcher (D = \_28, 
Q = \_37).                                                                      
Adding SRST signal on $procdff$374 ($dff) from module systolic_matcher (D =     
\_15, Q = \_31, rval = 1'0).                                                    
Adding SRST signal on $procdff$373 ($dff) from module systolic_matcher (D =     
\_31, Q = \_34, rval = 1'0).                                                    
Adding EN signal on $procdff$372 ($dff) from module systolic_matcher (D = \_18, 
Q = \_28).                                                                      
Adding EN signal on $procdff$371 ($dff) from module systolic_matcher (D = \_11, 
Q = \_18).                                                                      
Adding SRST signal on $procdff$370 ($dff) from module systolic_matcher (D = \x, 
Q = \_15, rval = 1'0).                                                          
Adding EN signal on $procdff$369 ($dff) from module systolic_matcher (D =       
\cfg_in, Q = \_11).                                                             
Adding SRST signal on $procdff$368 ($dff) from module systolic_matcher (D =     
\_20, Q = \_24 [0], rval = 1'0).                                                
Adding SRST signal on $procdff$367 ($dff) from module systolic_matcher (D =     
\_41, Q = \_44, rval = 5'00000).                                                
Adding SRST signal on $procdff$366 ($dff) from module systolic_matcher (D =     
\_61, Q = \_64, rval = 5'00000).                                                
Adding SRST signal on $procdff$365 ($dff) from module systolic_matcher (D =     
\_81, Q = \_84, rval = 5'00000).                                                
Adding SRST signal on $procdff$364 ($dff) from module systolic_matcher (D =     
\_101, Q = \_104, rval = 5'00000).                                              
Adding SRST signal on $procdff$363 ($dff) from module systolic_matcher (D =     
\_121, Q = \_124, rval = 5'00000).                                              
Adding SRST signal on $procdff$362 ($dff) from module systolic_matcher (D =     
\_141, Q = \_144, rval = 5'00000).                                              
Adding SRST signal on $procdff$361 ($dff) from module systolic_matcher (D =     
\_161, Q = \_164, rval = 5'00000).                                              
Adding SRST signal on $procdff$360 ($dff) from module systolic_matcher (D =     
\_181, Q = \_184, rval = 5'00000).                                              
Adding SRST signal on $procdff$359 ($dff) from module systolic_matcher (D =     
\_201, Q = \_204, rval = 5'00000).                                              
Adding SRST signal on $procdff$358 ($dff) from module systolic_matcher (D =     
\_221, Q = \_224, rval = 5'00000).                                              
Adding SRST signal on $procdff$357 ($dff) from module systolic_matcher (D =     
\_241, Q = \_244, rval = 5'00000).                                              
Adding SRST signal on $procdff$356 ($dff) from module systolic_matcher (D =     
\_261, Q = \_264, rval = 5'00000).                                              
Adding SRST signal on $procdff$355 ($dff) from module systolic_matcher (D =     
\_281, Q = \_284, rval = 5'00000).                                              
Adding SRST signal on $procdff$354 ($dff) from module systolic_matcher (D =     
\_301, Q = \_304, rval = 5'00000).                                              
Adding SRST signal on $procdff$353 ($dff) from module systolic_matcher (D =     
\_321, Q = \_324, rval = 5'00000).                                              
                                                                                
40. Executing OPT_CLEAN pass (remove unused cells and wires).                   
Finding unused cells or wires in module \systolic_matcher..                     
Removed 84 unused cells and 84 unused wires.                                    
<suppressed ~85 debug messages>                                                 
                                                                                
41. Executing OPT_EXPR pass (perform const folding).                            
Optimizing module systolic_matcher.                                             
                                                                                
42. Rerunning OPT passes. (Maybe there is more to do…)                          
                                                                                
43. Executing OPT_MUXTREE pass (detect dead branches in mux trees).             
Running muxtree optimizer on module \systolic_matcher..                         
  Creating internal representation of mux trees.                                
  Evaluating internal representation of mux trees.                              
  Analyzing evaluation results.                                                 
Removed 0 multiplexer ports.                                                    
<suppressed ~2 debug messages>                                                  
                                                                                
44. Executing OPT_REDUCE pass (consolidate $*mux and $reduce_* inputs).         
  Optimizing cells in module \systolic_matcher.                                 
Performed a total of 0 changes.                                                 
                                                                                
45. Executing OPT_MERGE pass (detect identical cells).                          
Finding identical cells in module `\systolic_matcher'.                          
Computing hashes of 136 cells of `\systolic_matcher'.                           
Finding duplicate cells in `\systolic_matcher'.                                 
Removed a total of 0 cells.                                                     
                                                                                
46. Executing OPT_DFF pass (perform DFF optimizations).                         
                                                                                
47. Executing OPT_CLEAN pass (remove unused cells and wires).                   
Finding unused cells or wires in module \systolic_matcher..                     
                                                                                
48. Executing OPT_EXPR pass (perform const folding).                            
Optimizing module systolic_matcher.                                             
                                                                                
49. Executing WREDUCE pass (reducing word size of cells).                       
Removed top 4 bits (of 5) from port B of cell                                   
systolic_matcher.$add$/home/matthias/prog/janestreet/emulator/prototypes/systoli
c-matcher/systolic_matcher.v:595$105 ($add).                                    
Removed top 4 bits (of 5) from port B of cell                                   
systolic_matcher.$add$/home/matthias/prog/janestreet/emulator/prototypes/systoli
c-matcher/systolic_matcher.v:602$107 ($add).                                    
Removed top 4 bits (of 5) from port B of cell                                   
systolic_matcher.$add$/home/matthias/prog/janestreet/emulator/prototypes/systoli
c-matcher/systolic_matcher.v:609$109 ($add).                                    
Removed top 4 bits (of 5) from port B of cell                                   
systolic_matcher.$add$/home/matthias/prog/janestreet/emulator/prototypes/systoli
c-matcher/systolic_matcher.v:616$111 ($add).                                    
Removed top 4 bits (of 5) from port B of cell                                   
systolic_matcher.$add$/home/matthias/prog/janestreet/emulator/prototypes/systoli
c-matcher/systolic_matcher.v:623$113 ($add).                                    
Removed top 4 bits (of 5) from port B of cell                                   
systolic_matcher.$add$/home/matthias/prog/janestreet/emulator/prototypes/systoli
c-matcher/systolic_matcher.v:630$115 ($add).                                    
Removed top 4 bits (of 5) from port B of cell                                   
systolic_matcher.$add$/home/matthias/prog/janestreet/emulator/prototypes/systoli
c-matcher/systolic_matcher.v:637$117 ($add).                                    
Removed top 4 bits (of 5) from port B of cell                                   
systolic_matcher.$add$/home/matthias/prog/janestreet/emulator/prototypes/systoli
c-matcher/systolic_matcher.v:644$119 ($add).                                    
Removed top 4 bits (of 5) from port B of cell                                   
systolic_matcher.$add$/home/matthias/prog/janestreet/emulator/prototypes/systoli
c-matcher/systolic_matcher.v:651$121 ($add).                                    
Removed top 4 bits (of 5) from port B of cell                                   
systolic_matcher.$add$/home/matthias/prog/janestreet/emulator/prototypes/systoli
c-matcher/systolic_matcher.v:658$123 ($add).                                    
Removed top 4 bits (of 5) from port B of cell                                   
systolic_matcher.$add$/home/matthias/prog/janestreet/emulator/prototypes/systoli
c-matcher/systolic_matcher.v:665$125 ($add).                                    
Removed top 4 bits (of 5) from port B of cell                                   
systolic_matcher.$add$/home/matthias/prog/janestreet/emulator/prototypes/systoli
c-matcher/systolic_matcher.v:672$127 ($add).                                    
Removed top 4 bits (of 5) from port B of cell                                   
systolic_matcher.$add$/home/matthias/prog/janestreet/emulator/prototypes/systoli
c-matcher/systolic_matcher.v:679$129 ($add).                                    
Removed top 4 bits (of 5) from port B of cell                                   
systolic_matcher.$add$/home/matthias/prog/janestreet/emulator/prototypes/systoli
c-matcher/systolic_matcher.v:686$131 ($add).                                    
Removed top 4 bits (of 5) from port B of cell                                   
systolic_matcher.$add$/home/matthias/prog/janestreet/emulator/prototypes/systoli
c-matcher/systolic_matcher.v:693$133 ($add).                                    
Removed cell systolic_matcher.$procmux$181 ($mux).                              
                                                                                
50. Executing PEEPOPT pass (run peephole optimizers).                           
                                                                                
51. Executing OPT_CLEAN pass (remove unused cells and wires).                   
Finding unused cells or wires in module \systolic_matcher..                     
Removed 0 unused cells and 1 unused wires.                                      
<suppressed ~1 debug messages>                                                  
                                                                                
52. Executing ALUMACC pass (create $alu and $macc cells).                       
Extracting $alu and $macc cells in module systolic_matcher:                     
  creating $macc model for                                                      
$add$/home/matthias/prog/janestreet/emulator/prototypes/systolic-matcher/systoli
c_matcher.v:595$105 ($add).                                                     
  creating $macc model for                                                      
$add$/home/matthias/prog/janestreet/emulator/prototypes/systolic-matcher/systoli
c_matcher.v:602$107 ($add).                                                     
  creating $macc model for                                                      
$add$/home/matthias/prog/janestreet/emulator/prototypes/systolic-matcher/systoli
c_matcher.v:609$109 ($add).                                                     
  creating $macc model for                                                      
$add$/home/matthias/prog/janestreet/emulator/prototypes/systolic-matcher/systoli
c_matcher.v:616$111 ($add).                                                     
  creating $macc model for                                                      
$add$/home/matthias/prog/janestreet/emulator/prototypes/systolic-matcher/systoli
c_matcher.v:623$113 ($add).                                                     
  creating $macc model for                                                      
$add$/home/matthias/prog/janestreet/emulator/prototypes/systolic-matcher/systoli
c_matcher.v:630$115 ($add).                                                     
  creating $macc model for                                                      
$add$/home/matthias/prog/janestreet/emulator/prototypes/systolic-matcher/systoli
c_matcher.v:637$117 ($add).                                                     
  creating $macc model for                                                      
$add$/home/matthias/prog/janestreet/emulator/prototypes/systolic-matcher/systoli
c_matcher.v:644$119 ($add).                                                     
  creating $macc model for                                                      
$add$/home/matthias/prog/janestreet/emulator/prototypes/systolic-matcher/systoli
c_matcher.v:651$121 ($add).                                                     
  creating $macc model for                                                      
$add$/home/matthias/prog/janestreet/emulator/prototypes/systolic-matcher/systoli
c_matcher.v:658$123 ($add).                                                     
  creating $macc model for                                                      
$add$/home/matthias/prog/janestreet/emulator/prototypes/systolic-matcher/systoli
c_matcher.v:665$125 ($add).                                                     
  creating $macc model for                                                      
$add$/home/matthias/prog/janestreet/emulator/prototypes/systolic-matcher/systoli
c_matcher.v:672$127 ($add).                                                     
  creating $macc model for                                                      
$add$/home/matthias/prog/janestreet/emulator/prototypes/systolic-matcher/systoli
c_matcher.v:679$129 ($add).                                                     
  creating $macc model for                                                      
$add$/home/matthias/prog/janestreet/emulator/prototypes/systolic-matcher/systoli
c_matcher.v:686$131 ($add).                                                     
  creating $macc model for                                                      
$add$/home/matthias/prog/janestreet/emulator/prototypes/systolic-matcher/systoli
c_matcher.v:693$133 ($add).                                                     
  creating $alu model for $macc                                                 
$add$/home/matthias/prog/janestreet/emulator/prototypes/systolic-matcher/systoli
c_matcher.v:693$133.                                                            
  creating $alu model for $macc                                                 
$add$/home/matthias/prog/janestreet/emulator/prototypes/systolic-matcher/systoli
c_matcher.v:686$131.                                                            
  creating $alu model for $macc                                                 
$add$/home/matthias/prog/janestreet/emulator/prototypes/systolic-matcher/systoli
c_matcher.v:679$129.                                                            
  creating $alu model for $macc                                                 
$add$/home/matthias/prog/janestreet/emulator/prototypes/systolic-matcher/systoli
c_matcher.v:672$127.                                                            
  creating $alu model for $macc                                                 
$add$/home/matthias/prog/janestreet/emulator/prototypes/systolic-matcher/systoli
c_matcher.v:665$125.                                                            
  creating $alu model for $macc                                                 
$add$/home/matthias/prog/janestreet/emulator/prototypes/systolic-matcher/systoli
c_matcher.v:658$123.                                                            
  creating $alu model for $macc                                                 
$add$/home/matthias/prog/janestreet/emulator/prototypes/systolic-matcher/systoli
c_matcher.v:651$121.                                                            
  creating $alu model for $macc                                                 
$add$/home/matthias/prog/janestreet/emulator/prototypes/systolic-matcher/systoli
c_matcher.v:644$119.                                                            
  creating $alu model for $macc                                                 
$add$/home/matthias/prog/janestreet/emulator/prototypes/systolic-matcher/systoli
c_matcher.v:637$117.                                                            
  creating $alu model for $macc                                                 
$add$/home/matthias/prog/janestreet/emulator/prototypes/systolic-matcher/systoli
c_matcher.v:630$115.                                                            
  creating $alu model for $macc                                                 
$add$/home/matthias/prog/janestreet/emulator/prototypes/systolic-matcher/systoli
c_matcher.v:623$113.                                                            
  creating $alu model for $macc                                                 
$add$/home/matthias/prog/janestreet/emulator/prototypes/systolic-matcher/systoli
c_matcher.v:616$111.                                                            
  creating $alu model for $macc                                                 
$add$/home/matthias/prog/janestreet/emulator/prototypes/systolic-matcher/systoli
c_matcher.v:609$109.                                                            
  creating $alu model for $macc                                                 
$add$/home/matthias/prog/janestreet/emulator/prototypes/systolic-matcher/systoli
c_matcher.v:602$107.                                                            
  creating $alu model for $macc                                                 
$add$/home/matthias/prog/janestreet/emulator/prototypes/systolic-matcher/systoli
c_matcher.v:595$105.                                                            
  creating $alu model for                                                       
$lt$/home/matthias/prog/janestreet/emulator/prototypes/systolic-matcher/systolic
_matcher.v:200$6 ($lt): new $alu                                                
  creating $alu cell for                                                        
$lt$/home/matthias/prog/janestreet/emulator/prototypes/systolic-matcher/systolic
_matcher.v:200$6: $auto$alumacc.cc:512:replace_alu$525                          
  creating $alu cell for                                                        
$add$/home/matthias/prog/janestreet/emulator/prototypes/systolic-matcher/systoli
c_matcher.v:595$105: $auto$alumacc.cc:512:replace_alu$530                       
  creating $alu cell for                                                        
$add$/home/matthias/prog/janestreet/emulator/prototypes/systolic-matcher/systoli
c_matcher.v:602$107: $auto$alumacc.cc:512:replace_alu$533                       
  creating $alu cell for                                                        
$add$/home/matthias/prog/janestreet/emulator/prototypes/systolic-matcher/systoli
c_matcher.v:609$109: $auto$alumacc.cc:512:replace_alu$536                       
  creating $alu cell for                                                        
$add$/home/matthias/prog/janestreet/emulator/prototypes/systolic-matcher/systoli
c_matcher.v:616$111: $auto$alumacc.cc:512:replace_alu$539                       
  creating $alu cell for                                                        
$add$/home/matthias/prog/janestreet/emulator/prototypes/systolic-matcher/systoli
c_matcher.v:623$113: $auto$alumacc.cc:512:replace_alu$542                       
  creating $alu cell for                                                        
$add$/home/matthias/prog/janestreet/emulator/prototypes/systolic-matcher/systoli
c_matcher.v:630$115: $auto$alumacc.cc:512:replace_alu$545                       
  creating $alu cell for                                                        
$add$/home/matthias/prog/janestreet/emulator/prototypes/systolic-matcher/systoli
c_matcher.v:637$117: $auto$alumacc.cc:512:replace_alu$548                       
  creating $alu cell for                                                        
$add$/home/matthias/prog/janestreet/emulator/prototypes/systolic-matcher/systoli
c_matcher.v:644$119: $auto$alumacc.cc:512:replace_alu$551                       
  creating $alu cell for                                                        
$add$/home/matthias/prog/janestreet/emulator/prototypes/systolic-matcher/systoli
c_matcher.v:651$121: $auto$alumacc.cc:512:replace_alu$554                       
  creating $alu cell for                                                        
$add$/home/matthias/prog/janestreet/emulator/prototypes/systolic-matcher/systoli
c_matcher.v:658$123: $auto$alumacc.cc:512:replace_alu$557                       
  creating $alu cell for                                                        
$add$/home/matthias/prog/janestreet/emulator/prototypes/systolic-matcher/systoli
c_matcher.v:665$125: $auto$alumacc.cc:512:replace_alu$560                       
  creating $alu cell for                                                        
$add$/home/matthias/prog/janestreet/emulator/prototypes/systolic-matcher/systoli
c_matcher.v:672$127: $auto$alumacc.cc:512:replace_alu$563                       
  creating $alu cell for                                                        
$add$/home/matthias/prog/janestreet/emulator/prototypes/systolic-matcher/systoli
c_matcher.v:679$129: $auto$alumacc.cc:512:replace_alu$566                       
  creating $alu cell for                                                        
$add$/home/matthias/prog/janestreet/emulator/prototypes/systolic-matcher/systoli
c_matcher.v:686$131: $auto$alumacc.cc:512:replace_alu$569                       
  creating $alu cell for                                                        
$add$/home/matthias/prog/janestreet/emulator/prototypes/systolic-matcher/systoli
c_matcher.v:693$133: $auto$alumacc.cc:512:replace_alu$572                       
  created 16 $alu and 0 $macc cells.                                            
                                                                                
53. Executing SHARE pass (SAT-based resource sharing).                          
                                                                                
54. Executing OPT_EXPR pass (perform const folding).                            
Optimizing module systolic_matcher.                                             
<suppressed ~1 debug messages>                                                  
                                                                                
55. Executing OPT_MERGE pass (detect identical cells).                          
Finding identical cells in module `\systolic_matcher'.                          
Computing hashes of 135 cells of `\systolic_matcher'.                           
Finding duplicate cells in `\systolic_matcher'.                                 
Removed a total of 0 cells.                                                     
                                                                                
56. Executing OPT_MUXTREE pass (detect dead branches in mux trees).             
Running muxtree optimizer on module \systolic_matcher..                         
  Creating internal representation of mux trees.                                
  No muxes found in this module.                                                
Removed 0 multiplexer ports.                                                    
                                                                                
57. Executing OPT_REDUCE pass (consolidate $*mux and $reduce_* inputs).         
  Optimizing cells in module \systolic_matcher.                                 
Performed a total of 0 changes.                                                 
                                                                                
58. Executing OPT_MERGE pass (detect identical cells).                          
Finding identical cells in module `\systolic_matcher'.                          
Computing hashes of 135 cells of `\systolic_matcher'.                           
Finding duplicate cells in `\systolic_matcher'.                                 
Removed a total of 0 cells.                                                     
                                                                                
59. Executing OPT_DFF pass (perform DFF optimizations).                         
Setting constant 0-bit at position 0 on $auto$ff.cc:337:slice$508 ($dff) from   
module systolic_matcher.                                                        
Setting constant 0-bit at position 1 on $auto$ff.cc:337:slice$508 ($dff) from   
module systolic_matcher.                                                        
Setting constant 0-bit at position 2 on $auto$ff.cc:337:slice$508 ($dff) from   
module systolic_matcher.                                                        
Setting constant 0-bit at position 3 on $auto$ff.cc:337:slice$508 ($dff) from   
module systolic_matcher.                                                        
                                                                                
60. Executing OPT_CLEAN pass (remove unused cells and wires).                   
Finding unused cells or wires in module \systolic_matcher..                     
Removed 1 unused cells and 2 unused wires.                                      
<suppressed ~3 debug messages>                                                  
                                                                                
61. Executing OPT_EXPR pass (perform const folding).                            
Optimizing module systolic_matcher.                                             
                                                                                
62. Rerunning OPT passes. (Maybe there is more to do…)                          
                                                                                
63. Executing OPT_MUXTREE pass (detect dead branches in mux trees).             
Running muxtree optimizer on module \systolic_matcher..                         
  Creating internal representation of mux trees.                                
  No muxes found in this module.                                                
Removed 0 multiplexer ports.                                                    
                                                                                
64. Executing OPT_REDUCE pass (consolidate $*mux and $reduce_* inputs).         
  Optimizing cells in module \systolic_matcher.                                 
Performed a total of 0 changes.                                                 
                                                                                
65. Executing OPT_MERGE pass (detect identical cells).                          
Finding identical cells in module `\systolic_matcher'.                          
Computing hashes of 133 cells of `\systolic_matcher'.                           
Finding duplicate cells in `\systolic_matcher'.                                 
Removed a total of 0 cells.                                                     
                                                                                
66. Executing OPT_DFF pass (perform DFF optimizations).                         
                                                                                
67. Executing OPT_CLEAN pass (remove unused cells and wires).                   
Finding unused cells or wires in module \systolic_matcher..                     
                                                                                
68. Executing OPT_EXPR pass (perform const folding).                            
Optimizing module systolic_matcher.                                             
                                                                                
69. Executing MEMORY pass.                                                      
                                                                                
69.1. Executing OPT_MEM pass (optimize memories).                               
Performed a total of 0 transformations.                                         
                                                                                
69.2. Executing OPT_MEM_PRIORITY pass (removing unnecessary memory write        
priority relations).                                                            
Performed a total of 0 transformations.                                         
                                                                                
69.3. Executing OPT_MEM_FEEDBACK pass (finding memory read-to-write feedback    
paths).                                                                         
                                                                                
69.4. Executing MEMORY_BMUX2ROM pass (converting muxes to ROMs).                
                                                                                
69.5. Executing MEMORY_DFF pass (merging $dff cells to $memrd).                 
                                                                                
69.6. Executing OPT_CLEAN pass (remove unused cells and wires).                 
Finding unused cells or wires in module \systolic_matcher..                     
                                                                                
69.7. Executing MEMORY_SHARE pass (consolidating $memrd/$memwr cells).          
                                                                                
69.8. Executing OPT_MEM_WIDEN pass (optimize memories where all ports are wide).
Performed a total of 0 transformations.                                         
                                                                                
69.9. Executing OPT_CLEAN pass (remove unused cells and wires).                 
Finding unused cells or wires in module \systolic_matcher..                     
                                                                                
69.10. Executing MEMORY_COLLECT pass (generating $mem cells).                   
                                                                                
70. Executing OPT_CLEAN pass (remove unused cells and wires).                   
Finding unused cells or wires in module \systolic_matcher..                     
                                                                                
71. Executing OPT_EXPR pass (perform const folding).                            
Optimizing module systolic_matcher.                                             
<suppressed ~13 debug messages>                                                 
                                                                                
72. Executing OPT_MERGE pass (detect identical cells).                          
Finding identical cells in module `\systolic_matcher'.                          
Computing hashes of 133 cells of `\systolic_matcher'.                           
Finding duplicate cells in `\systolic_matcher'.                                 
Removed a total of 0 cells.                                                     
                                                                                
73. Executing OPT_DFF pass (perform DFF optimizations).                         
                                                                                
74. Executing OPT_CLEAN pass (remove unused cells and wires).                   
Finding unused cells or wires in module \systolic_matcher..                     
Removed 0 unused cells and 3 unused wires.                                      
<suppressed ~1 debug messages>                                                  
                                                                                
75. Executing MEMORY_MAP pass (converting memories to logic and flip-flops).    
                                                                                
76. Executing OPT_EXPR pass (perform const folding).                            
Optimizing module systolic_matcher.                                             
                                                                                
77. Executing OPT_MERGE pass (detect identical cells).                          
Finding identical cells in module `\systolic_matcher'.                          
Computing hashes of 133 cells of `\systolic_matcher'.                           
Finding duplicate cells in `\systolic_matcher'.                                 
Removed a total of 0 cells.                                                     
                                                                                
78. Executing OPT_MUXTREE pass (detect dead branches in mux trees).             
Running muxtree optimizer on module \systolic_matcher..                         
  Creating internal representation of mux trees.                                
  No muxes found in this module.                                                
Removed 0 multiplexer ports.                                                    
                                                                                
79. Executing OPT_REDUCE pass (consolidate $*mux and $reduce_* inputs).         
  Optimizing cells in module \systolic_matcher.                                 
Performed a total of 0 changes.                                                 
                                                                                
80. Executing OPT_MERGE pass (detect identical cells).                          
Finding identical cells in module `\systolic_matcher'.                          
Computing hashes of 133 cells of `\systolic_matcher'.                           
Finding duplicate cells in `\systolic_matcher'.                                 
Removed a total of 0 cells.                                                     
                                                                                
81. Executing OPT_SHARE pass.                                                   
                                                                                
82. Executing OPT_DFF pass (perform DFF optimizations).                         
Setting constant 0-bit at position 2 on $auto$ff.cc:337:slice$509 ($sdff) from  
module systolic_matcher.                                                        
Setting constant 0-bit at position 3 on $auto$ff.cc:337:slice$509 ($sdff) from  
module systolic_matcher.                                                        
Setting constant 0-bit at position 4 on $auto$ff.cc:337:slice$509 ($sdff) from  
module systolic_matcher.                                                        
                                                                                
83. Executing OPT_CLEAN pass (remove unused cells and wires).                   
Finding unused cells or wires in module \systolic_matcher..                     
                                                                                
84. Executing OPT_EXPR pass (perform const folding).                            
Optimizing module systolic_matcher.                                             
<suppressed ~9 debug messages>                                                  
                                                                                
85. Rerunning OPT passes. (Maybe there is more to do…)                          
                                                                                
86. Executing OPT_MUXTREE pass (detect dead branches in mux trees).             
Running muxtree optimizer on module \systolic_matcher..                         
  Creating internal representation of mux trees.                                
  No muxes found in this module.                                                
Removed 0 multiplexer ports.                                                    
                                                                                
87. Executing OPT_REDUCE pass (consolidate $*mux and $reduce_* inputs).         
  Optimizing cells in module \systolic_matcher.                                 
Performed a total of 0 changes.                                                 
                                                                                
88. Executing OPT_MERGE pass (detect identical cells).                          
Finding identical cells in module `\systolic_matcher'.                          
Computing hashes of 133 cells of `\systolic_matcher'.                           
Finding duplicate cells in `\systolic_matcher'.                                 
Removed a total of 0 cells.                                                     
                                                                                
89. Executing OPT_SHARE pass.                                                   
                                                                                
90. Executing OPT_DFF pass (perform DFF optimizations).                         
                                                                                
91. Executing OPT_CLEAN pass (remove unused cells and wires).                   
Finding unused cells or wires in module \systolic_matcher..                     
Removed 0 unused cells and 2 unused wires.                                      
<suppressed ~1 debug messages>                                                  
                                                                                
92. Executing OPT_EXPR pass (perform const folding).                            
Optimizing module systolic_matcher.                                             
                                                                                
93. Rerunning OPT passes. (Maybe there is more to do…)                          
                                                                                
94. Executing OPT_MUXTREE pass (detect dead branches in mux trees).             
Running muxtree optimizer on module \systolic_matcher..                         
  Creating internal representation of mux trees.                                
  No muxes found in this module.                                                
Removed 0 multiplexer ports.                                                    
                                                                                
95. Executing OPT_REDUCE pass (consolidate $*mux and $reduce_* inputs).         
  Optimizing cells in module \systolic_matcher.                                 
Performed a total of 0 changes.                                                 
                                                                                
96. Executing OPT_MERGE pass (detect identical cells).                          
Finding identical cells in module `\systolic_matcher'.                          
Computing hashes of 133 cells of `\systolic_matcher'.                           
Finding duplicate cells in `\systolic_matcher'.                                 
Removed a total of 0 cells.                                                     
                                                                                
97. Executing OPT_SHARE pass.                                                   
                                                                                
98. Executing OPT_DFF pass (perform DFF optimizations).                         
Setting constant 0-bit at position 3 on $auto$ff.cc:337:slice$510 ($sdff) from  
module systolic_matcher.                                                        
Setting constant 0-bit at position 4 on $auto$ff.cc:337:slice$510 ($sdff) from  
module systolic_matcher.                                                        
                                                                                
99. Executing OPT_CLEAN pass (remove unused cells and wires).                   
Finding unused cells or wires in module \systolic_matcher..                     
                                                                                
100. Executing OPT_EXPR pass (perform const folding).                           
Optimizing module systolic_matcher.                                             
<suppressed ~5 debug messages>                                                  
                                                                                
101. Rerunning OPT passes. (Maybe there is more to do…)                         
                                                                                
102. Executing OPT_MUXTREE pass (detect dead branches in mux trees).            
Running muxtree optimizer on module \systolic_matcher..                         
  Creating internal representation of mux trees.                                
  No muxes found in this module.                                                
Removed 0 multiplexer ports.                                                    
                                                                                
103. Executing OPT_REDUCE pass (consolidate $*mux and $reduce_* inputs).        
  Optimizing cells in module \systolic_matcher.                                 
Performed a total of 0 changes.                                                 
                                                                                
104. Executing OPT_MERGE pass (detect identical cells).                         
Finding identical cells in module `\systolic_matcher'.                          
Computing hashes of 133 cells of `\systolic_matcher'.                           
Finding duplicate cells in `\systolic_matcher'.                                 
Removed a total of 0 cells.                                                     
                                                                                
105. Executing OPT_SHARE pass.                                                  
                                                                                
106. Executing OPT_DFF pass (perform DFF optimizations).                        
                                                                                
107. Executing OPT_CLEAN pass (remove unused cells and wires).                  
Finding unused cells or wires in module \systolic_matcher..                     
Removed 0 unused cells and 1 unused wires.                                      
<suppressed ~1 debug messages>                                                  
                                                                                
108. Executing OPT_EXPR pass (perform const folding).                           
Optimizing module systolic_matcher.                                             
                                                                                
109. Rerunning OPT passes. (Maybe there is more to do…)                         
                                                                                
110. Executing OPT_MUXTREE pass (detect dead branches in mux trees).            
Running muxtree optimizer on module \systolic_matcher..                         
  Creating internal representation of mux trees.                                
  No muxes found in this module.                                                
Removed 0 multiplexer ports.                                                    
                                                                                
111. Executing OPT_REDUCE pass (consolidate $*mux and $reduce_* inputs).        
  Optimizing cells in module \systolic_matcher.                                 
Performed a total of 0 changes.                                                 
                                                                                
112. Executing OPT_MERGE pass (detect identical cells).                         
Finding identical cells in module `\systolic_matcher'.                          
Computing hashes of 133 cells of `\systolic_matcher'.                           
Finding duplicate cells in `\systolic_matcher'.                                 
Removed a total of 0 cells.                                                     
                                                                                
113. Executing OPT_SHARE pass.                                                  
                                                                                
114. Executing OPT_DFF pass (perform DFF optimizations).                        
Setting constant 0-bit at position 4 on $auto$ff.cc:337:slice$511 ($sdff) from  
module systolic_matcher.                                                        
                                                                                
115. Executing OPT_CLEAN pass (remove unused cells and wires).                  
Finding unused cells or wires in module \systolic_matcher..                     
                                                                                
116. Executing OPT_EXPR pass (perform const folding).                           
Optimizing module systolic_matcher.                                             
                                                                                
117. Rerunning OPT passes. (Maybe there is more to do…)                         
                                                                                
118. Executing OPT_MUXTREE pass (detect dead branches in mux trees).            
Running muxtree optimizer on module \systolic_matcher..                         
  Creating internal representation of mux trees.                                
  No muxes found in this module.                                                
Removed 0 multiplexer ports.                                                    
                                                                                
119. Executing OPT_REDUCE pass (consolidate $*mux and $reduce_* inputs).        
  Optimizing cells in module \systolic_matcher.                                 
Performed a total of 0 changes.                                                 
                                                                                
120. Executing OPT_MERGE pass (detect identical cells).                         
Finding identical cells in module `\systolic_matcher'.                          
Computing hashes of 133 cells of `\systolic_matcher'.                           
Finding duplicate cells in `\systolic_matcher'.                                 
Removed a total of 0 cells.                                                     
                                                                                
121. Executing OPT_SHARE pass.                                                  
                                                                                
122. Executing OPT_DFF pass (perform DFF optimizations).                        
                                                                                
123. Executing OPT_CLEAN pass (remove unused cells and wires).                  
Finding unused cells or wires in module \systolic_matcher..                     
                                                                                
124. Executing OPT_EXPR pass (perform const folding).                           
Optimizing module systolic_matcher.                                             
                                                                                
125. Executing TECHMAP pass (map to technology primitives).                     
                                                                                
125.1. Executing Verilog-2005 frontend:                                         
/nix/store/f1q0w7rd0a4ny4hqvfxlhs4cmariidcy-yosys-0.62/bin/../share/yosys/techma
p.v                                                                             
Parsing Verilog input from                                                      
`/nix/store/f1q0w7rd0a4ny4hqvfxlhs4cmariidcy-yosys-0.62/bin/../share/yosys/techm
ap.v' to AST representation.                                                    
Generating RTLIL representation for module `\_90_simplemap_bool_ops'.           
Generating RTLIL representation for module `\_90_simplemap_reduce_ops'.         
Generating RTLIL representation for module `\_90_simplemap_logic_ops'.          
Generating RTLIL representation for module `\_90_simplemap_compare_ops'.        
Generating RTLIL representation for module `\_90_simplemap_various'.            
Generating RTLIL representation for module `\_90_simplemap_registers'.          
Generating RTLIL representation for module `\_90_shift_ops_shr_shl_sshl_sshr'.  
Generating RTLIL representation for module `\_90_shift_shiftx'.                 
Generating RTLIL representation for module `\_90_fa'.                           
Generating RTLIL representation for module `\_90_lcu_brent_kung'.               
Generating RTLIL representation for module `\_90_alu'.                          
Generating RTLIL representation for module `\_90_macc'.                         
Generating RTLIL representation for module `\_90_alumacc'.                      
Generating RTLIL representation for module `$__div_mod_u'.                      
Generating RTLIL representation for module `$__div_mod_trunc'.                  
Generating RTLIL representation for module `\_90_div'.                          
Generating RTLIL representation for module `\_90_mod'.                          
Generating RTLIL representation for module `$__div_mod_floor'.                  
Generating RTLIL representation for module `\_90_divfloor'.                     
Generating RTLIL representation for module `\_90_modfloor'.                     
Generating RTLIL representation for module `\_90_pow'.                          
Generating RTLIL representation for module `\_90_pmux'.                         
Generating RTLIL representation for module `\_90_demux'.                        
Generating RTLIL representation for module `\_90_lut'.                          
Generating RTLIL representation for module `$connect'.                          
Generating RTLIL representation for module `$input_port'.                       
Successfully finished Verilog frontend.                                         
                                                                                
125.2. Continuing TECHMAP pass.                                                 
Using extmapper simplemap for cells of type $sdff.                              
Using template $paramod$740b056ede97228d3eae64ea2fdc81f0a33e0fe7\_90_alu for    
cells of type $alu.                                                             
Using template $paramod$78e969f2586efcf3a5b0b0440bcca0db83d5cca2\_90_alu for    
cells of type $alu.                                                             
Using template $paramod$7e708ae28ab761f11d0fb59d3ffc72f6a4baf5d9\_90_alu for    
cells of type $alu.                                                             
Using template $paramod$672a140277c71df8314410f22acc08d55222c3c7\_90_alu for    
cells of type $alu.                                                             
Using template $paramod$b18e16801adf491a64caa0542270798e5d4ac6b6\_90_alu for    
cells of type $alu.                                                             
Using extmapper simplemap for cells of type $dffe.                              
Using extmapper simplemap for cells of type $eq.                                
Using extmapper simplemap for cells of type $and.                               
Using extmapper simplemap for cells of type $pos.                               
Using extmapper simplemap for cells of type $not.                               
Using template $paramod\_90_fa\WIDTH=32'00000000000000000000000000000101 for    
cells of type $fa.                                                              
Using extmapper simplemap for cells of type $mux.                               
Using template                                                                  
$paramod\_90_lcu_brent_kung\WIDTH=32'00000000000000000000000000000101 for cells 
of type $lcu.                                                                   
Using extmapper simplemap for cells of type $xor.                               
Using template $paramod\_90_fa\WIDTH=32'00000000000000000000000000000100 for    
cells of type $fa.                                                              
Using template                                                                  
$paramod\_90_lcu_brent_kung\WIDTH=32'00000000000000000000000000000100 for cells 
of type $lcu.                                                                   
Using template $paramod\_90_fa\WIDTH=32'00000000000000000000000000000010 for    
cells of type $fa.                                                              
Using template                                                                  
$paramod\_90_lcu_brent_kung\WIDTH=32'00000000000000000000000000000010 for cells 
of type $lcu.                                                                   
Using template $paramod\_90_fa\WIDTH=32'00000000000000000000000000000011 for    
cells of type $fa.                                                              
Using template                                                                  
$paramod\_90_lcu_brent_kung\WIDTH=32'00000000000000000000000000000011 for cells 
of type $lcu.                                                                   
Using extmapper simplemap for cells of type $or.                                
No more expansions possible.                                                    
<suppressed ~1173 debug messages>                                               
                                                                                
126. Executing OPT_EXPR pass (perform const folding).                           
Optimizing module systolic_matcher.                                             
<suppressed ~560 debug messages>                                                
                                                                                
127. Executing OPT_MERGE pass (detect identical cells).                         
Finding identical cells in module `\systolic_matcher'.                          
Computing hashes of 426 cells of `\systolic_matcher'.                           
Finding duplicate cells in `\systolic_matcher'.                                 
Removed a total of 0 cells.                                                     
                                                                                
128. Executing OPT_DFF pass (perform DFF optimizations).                        
                                                                                
129. Executing OPT_CLEAN pass (remove unused cells and wires).                  
Finding unused cells or wires in module \systolic_matcher..                     
Removed 83 unused cells and 757 unused wires.                                   
<suppressed ~84 debug messages>                                                 
                                                                                
130. Executing OPT_EXPR pass (perform const folding).                           
Optimizing module systolic_matcher.                                             
                                                                                
131. Executing OPT_MERGE pass (detect identical cells).                         
Finding identical cells in module `\systolic_matcher'.                          
Computing hashes of 343 cells of `\systolic_matcher'.                           
Finding duplicate cells in `\systolic_matcher'.                                 
Removed a total of 0 cells.                                                     
                                                                                
132. Executing OPT_DFF pass (perform DFF optimizations).                        
                                                                                
133. Executing OPT_CLEAN pass (remove unused cells and wires).                  
Finding unused cells or wires in module \systolic_matcher..                     
                                                                                
134. Executing ABC pass (technology mapping using ABC).                         
                                                                                
134.1. Extracting gate netlist of module `\systolic_matcher' to                 
`<abc-temp-dir>/input.blif'..                                                   
                                                                                
134.1.1. Executed ABC.                                                          
Extracted 204 gates and 327 wires to a netlist network with 123 inputs and 71   
outputs.                                                                        
Running ABC script: <abc-temp-dir>/abc.script                                   
ABC: ======== ABC command line "source <abc-temp-dir>/abc.script"               
ABC: + read_blif <abc-temp-dir>/input.blif                                      
ABC: + read_library /tmp/yosys-abc-w8m0ey/stdcells.genlib                       
ABC: + strash                                                                   
ABC: + dretime                                                                  
ABC: + map                                                                      
ABC: + write_blif <abc-temp-dir>/output.blif                                    
                                                                                
134.1.2. Re-integrating ABC results.                                            
ABC RESULTS:               AND cells:       13                                  
ABC RESULTS:            ANDNOT cells:       38                                  
ABC RESULTS:              NAND cells:       26                                  
ABC RESULTS:               NOT cells:       15                                  
ABC RESULTS:                OR cells:       16                                  
ABC RESULTS:             ORNOT cells:        3                                  
ABC RESULTS:              XNOR cells:       31                                  
ABC RESULTS:               XOR cells:       54                                  
ABC RESULTS:        internal signals:      133                                  
ABC RESULTS:           input signals:      123                                  
ABC RESULTS:          output signals:       71                                  
Removing temp directory.                                                        
Removing global temp directory.                                                 
                                                                                
135. Executing OPT pass (performing simple optimizations).                      
                                                                                
135.1. Executing OPT_EXPR pass (perform const folding).                         
Optimizing module systolic_matcher.                                             
                                                                                
135.2. Executing OPT_MERGE pass (detect identical cells).                       
Finding identical cells in module `\systolic_matcher'.                          
Computing hashes of 335 cells of `\systolic_matcher'.                           
Finding duplicate cells in `\systolic_matcher'.                                 
Removed a total of 0 cells.                                                     
                                                                                
135.3. Executing OPT_DFF pass (perform DFF optimizations).                      
                                                                                
135.4. Executing OPT_CLEAN pass (remove unused cells and wires).                
Finding unused cells or wires in module \systolic_matcher..                     
Removed 0 unused cells and 276 unused wires.                                    
<suppressed ~31 debug messages>                                                 
                                                                                
135.5. Finished fast OPT passes.                                                
                                                                                
136. Executing HIERARCHY pass (managing design hierarchy).                      
                                                                                
136.1. Analyzing design hierarchy..                                             
Top module:  \systolic_matcher                                                  
                                                                                
136.2. Analyzing design hierarchy..                                             
Top module:  \systolic_matcher                                                  
Removed 0 unused modules.                                                       
                                                                                
137. Executing CHECK pass (checking for obvious problems).                      
Checking module systolic_matcher...                                             
Found and reported 0 problems.                                                  
                                                                                
138. Printing statistics.                                                       
                                                                                
=== systolic_matcher ===                                                        
                                                                                
        +----------Local Count, excluding submodules.                           
        |                                                                       
      256 wires                                                                 
      459 wire bits                                                             
      131 public wires                                                          
      334 public wire bits                                                      
        7 ports                                                                 
       11 port bits                                                             
      335 cells                                                                 
       38   $_ANDNOT_                                                           
       13   $_AND_                                                              
       37   $_DFFE_PP_                                                          
       26   $_NAND_                                                             
       15   $_NOT_                                                              
        3   $_ORNOT_                                                            
       16   $_OR_                                                               
      102   $_SDFF_PP0_                                                         
       31   $_XNOR_                                                             
       54   $_XOR_                                                              
                                                                                
139. Executing OPT pass (performing simple optimizations).                      
                                                                                
139.1. Executing OPT_EXPR pass (perform const folding).                         
Optimizing module systolic_matcher.                                             
                                                                                
139.2. Executing OPT_MERGE pass (detect identical cells).                       
Finding identical cells in module `\systolic_matcher'.                          
Computing hashes of 335 cells of `\systolic_matcher'.                           
Finding duplicate cells in `\systolic_matcher'.                                 
Removed a total of 0 cells.                                                     
                                                                                
139.3. Executing OPT_MUXTREE pass (detect dead branches in mux trees).          
Running muxtree optimizer on module \systolic_matcher..                         
  Creating internal representation of mux trees.                                
  No muxes found in this module.                                                
Removed 0 multiplexer ports.                                                    
                                                                                
139.4. Executing OPT_REDUCE pass (consolidate $*mux and $reduce_* inputs).      
  Optimizing cells in module \systolic_matcher.                                 
Performed a total of 0 changes.                                                 
                                                                                
139.5. Executing OPT_MERGE pass (detect identical cells).                       
Finding identical cells in module `\systolic_matcher'.                          
Computing hashes of 335 cells of `\systolic_matcher'.                           
Finding duplicate cells in `\systolic_matcher'.                                 
Removed a total of 0 cells.                                                     
                                                                                
139.6. Executing OPT_DFF pass (perform DFF optimizations).                      
                                                                                
139.7. Executing OPT_CLEAN pass (remove unused cells and wires).                
Finding unused cells or wires in module \systolic_matcher..                     
                                                                                
139.8. Executing OPT_EXPR pass (perform const folding).                         
Optimizing module systolic_matcher.                                             
                                                                                
139.9. Finished fast OPT passes. (There is nothing left to do.)                 
                                                                                
140. Executing OPT_CLEAN pass (remove unused cells and wires).                  
Finding unused cells or wires in module \systolic_matcher..                     
Removed 0 unused cells and 24 unused wires.                                     
<suppressed ~24 debug messages>                                                 
{                                                                               
   "creator": "Yosys 0.62 (git sha1 7326bb7d6641500ecb285c291a54a662cb1e76cf,   
clang++ 21.1.2 -fPIC -O3)",                                                     
   "invocation": "stat -json -liberty                                           
/home/matthias/prog/janestreet/emulator/prototypes/systolic-matcher/runs/sys5ns_
u45/tmp/d631db13f7fd40c1b324a36e2967397d.lib -liberty                           
/home/matthias/prog/janestreet/emulator/prototypes/systolic-matcher/runs/sys5ns_
u45/tmp/e97a5be2fdcc4efab7a68fdc963d17d5.lib ",                                 
   "modules": {                                                                 
      "\\systolic_matcher": {                                                   
         "num_wires":         232,                                              
         "num_wire_bits":     356,                                              
         "num_pub_wires":     107,                                              
         "num_pub_wire_bits": 231,                                              
         "num_ports":         7,                                                
         "num_port_bits":     11,                                               
         "num_memories":      0,                                                
         "num_memory_bits":   0,                                                
         "num_processes":     0,                                                
         "num_cells":         335,                                              
         "num_submodules":       0,                                             
         "num_cells_by_type": {                                                 
            "$_ANDNOT_": 38,                                                    
            "$_AND_": 13,                                                       
            "$_DFFE_PP_": 37,                                                   
            "$_NAND_": 26,                                                      
            "$_NOT_": 15,                                                       
            "$_ORNOT_": 3,                                                      
            "$_OR_": 16,                                                        
            "$_SDFF_PP0_": 102,                                                 
            "$_XNOR_": 31,                                                      
            "$_XOR_": 54                                                        
         }                                                                      
      }                                                                         
   },                                                                           
      "design": {                                                               
         "num_wires":         232,                                              
         "num_wire_bits":     356,                                              
         "num_pub_wires":     107,                                              
         "num_pub_wire_bits": 231,                                              
         "num_ports":         7,                                                
         "num_port_bits":     11,                                               
         "num_memories":      0,                                                
         "num_memory_bits":   0,                                                
         "num_processes":     0,                                                
         "num_cells":         335,                                              
         "num_submodules":       0,                                             
         "num_cells_by_type": {                                                 
            "$_ANDNOT_": 38,                                                    
            "$_AND_": 13,                                                       
            "$_DFFE_PP_": 37,                                                   
            "$_NAND_": 26,                                                      
            "$_NOT_": 15,                                                       
            "$_ORNOT_": 3,                                                      
            "$_OR_": 16,                                                        
            "$_SDFF_PP0_": 102,                                                 
            "$_XNOR_": 31,                                                      
            "$_XOR_": 54                                                        
         }                                                                      
      }                                                                         
}                                                                               
                                                                                
141. Printing statistics.                                                       
                                                                                
=== systolic_matcher ===                                                        
                                                                                
        +----------Local Count, excluding submodules.                           
        |                                                                       
      232 wires                                                                 
      356 wire bits                                                             
      107 public wires                                                          
      231 public wire bits                                                      
        7 ports                                                                 
       11 port bits                                                             
      335 cells                                                                 
       38   $_ANDNOT_                                                           
       13   $_AND_                                                              
       37   $_DFFE_PP_                                                          
       26   $_NAND_                                                             
       15   $_NOT_                                                              
        3   $_ORNOT_                                                            
       16   $_OR_                                                               
      102   $_SDFF_PP0_                                                         
       31   $_XNOR_                                                             
       54   $_XOR_                                                              
                                                                                
   Area for cell type $_ANDNOT_ is unknown!                                     
   Area for cell type $_AND_ is unknown!                                        
   Area for cell type $_DFFE_PP_ is unknown!                                    
   Area for cell type $_NAND_ is unknown!                                       
   Area for cell type $_NOT_ is unknown!                                        
   Area for cell type $_ORNOT_ is unknown!                                      
   Area for cell type $_OR_ is unknown!                                         
   Area for cell type $_SDFF_PP0_ is unknown!                                   
   Area for cell type $_XNOR_ is unknown!                                       
   Area for cell type $_XOR_ is unknown!                                        
                                                                                
[INFO] Applying tri-state buffer mapping from                                   
'/home/matthias/.ciel/ihp-sg13g2/ihp-sg13g2/libs.tech/librelane/sg13g2_stdcell/t
ribuff_map.v'…                                                                  
                                                                                
142. Executing TECHMAP pass (map to technology primitives).                     
                                                                                
142.1. Executing Verilog-2005 frontend:                                         
/home/matthias/.ciel/ihp-sg13g2/ihp-sg13g2/libs.tech/librelane/sg13g2_stdcell/tr
ibuff_map.v                                                                     
Parsing Verilog input from                                                      
`/home/matthias/.ciel/ihp-sg13g2/ihp-sg13g2/libs.tech/librelane/sg13g2_stdcell/t
ribuff_map.v' to AST representation.                                            
Generating RTLIL representation for module `$_TBUF_'.                           
Successfully finished Verilog frontend.                                         
                                                                                
142.2. Continuing TECHMAP pass.                                                 
No more expansions possible.                                                    
<suppressed ~3 debug messages>                                                  
                                                                                
143. Executing SIMPLEMAP pass (map simple cells to gate primitives).            
[INFO] Applying latch mapping from                                              
'/home/matthias/.ciel/ihp-sg13g2/ihp-sg13g2/libs.tech/librelane/sg13g2_stdcell/l
atch_map.v'…                                                                    
                                                                                
144. Executing TECHMAP pass (map to technology primitives).                     
                                                                                
144.1. Executing Verilog-2005 frontend:                                         
/home/matthias/.ciel/ihp-sg13g2/ihp-sg13g2/libs.tech/librelane/sg13g2_stdcell/la
tch_map.v                                                                       
Parsing Verilog input from                                                      
`/home/matthias/.ciel/ihp-sg13g2/ihp-sg13g2/libs.tech/librelane/sg13g2_stdcell/l
atch_map.v' to AST representation.                                              
Generating RTLIL representation for module `$_DLATCH_P_'.                       
Generating RTLIL representation for module `$_DLATCH_PN0_'.                     
Generating RTLIL representation for module `$_DLATCH_N_'.                       
Generating RTLIL representation for module `$_DLATCH_NN0_'.                     
Successfully finished Verilog frontend.                                         
                                                                                
144.2. Continuing TECHMAP pass.                                                 
No more expansions possible.                                                    
<suppressed ~6 debug messages>                                                  
                                                                                
145. Executing SIMPLEMAP pass (map simple cells to gate primitives).            
                                                                                
146. Executing DFFLIBMAP pass (mapping DFF cells to sequential cells from       
liberty file).                                                                  
  cell sg13g2_dfrbpq_1 (noninv, pins=4, area=48.99) is a direct match for cell  
type $_DFF_PN0_.                                                                
  final dff cell mappings:                                                      
    unmapped dff cell: $_DFF_N_                                                 
    unmapped dff cell: $_DFF_P_                                                 
    unmapped dff cell: $_DFF_NN0_                                               
    unmapped dff cell: $_DFF_NN1_                                               
    unmapped dff cell: $_DFF_NP0_                                               
    unmapped dff cell: $_DFF_NP1_                                               
    \sg13g2_dfrbpq_1 _DFF_PN0_ (.CLK( C), .D( D), .Q( Q), .RESET_B( R));        
    unmapped dff cell: $_DFF_PN1_                                               
    unmapped dff cell: $_DFF_PP0_                                               
    unmapped dff cell: $_DFF_PP1_                                               
    unmapped dff cell: $_DFFE_NN_                                               
    unmapped dff cell: $_DFFE_NP_                                               
    unmapped dff cell: $_DFFE_PN_                                               
    unmapped dff cell: $_DFFE_PP_                                               
    unmapped dff cell: $_DFFSR_NNN_                                             
    unmapped dff cell: $_DFFSR_NNP_                                             
    unmapped dff cell: $_DFFSR_NPN_                                             
    unmapped dff cell: $_DFFSR_NPP_                                             
    unmapped dff cell: $_DFFSR_PNN_                                             
    unmapped dff cell: $_DFFSR_PNP_                                             
    unmapped dff cell: $_DFFSR_PPN_                                             
    unmapped dff cell: $_DFFSR_PPP_                                             
                                                                                
146.1. Executing DFFLEGALIZE pass (convert FFs to types supported by the        
target).                                                                        
<suppressed ~4 debug messages>                                                  
Mapping DFF cells in module `\systolic_matcher':                                
  mapped 139 $_DFF_PN0_ cells to \sg13g2_dfrbpq_1 cells.                        
{                                                                               
   "creator": "Yosys 0.62 (git sha1 7326bb7d6641500ecb285c291a54a662cb1e76cf,   
clang++ 21.1.2 -fPIC -O3)",                                                     
   "invocation": "stat -json -liberty                                           
/home/matthias/prog/janestreet/emulator/prototypes/systolic-matcher/runs/sys5ns_
u45/tmp/d631db13f7fd40c1b324a36e2967397d.lib -liberty                           
/home/matthias/prog/janestreet/emulator/prototypes/systolic-matcher/runs/sys5ns_
u45/tmp/e97a5be2fdcc4efab7a68fdc963d17d5.lib ",                                 
   "modules": {                                                                 
      "\\systolic_matcher": {                                                   
         "num_wires":         371,                                              
         "num_wire_bits":     495,                                              
         "num_pub_wires":     107,                                              
         "num_pub_wire_bits": 231,                                              
         "num_ports":         7,                                                
         "num_port_bits":     11,                                               
         "num_memories":      0,                                                
         "num_memory_bits":   0,                                                
         "num_processes":     0,                                                
         "num_cells":         474,                                              
         "num_submodules":       0,                                             
         "area":              6809.443200,                                      
         "sequential_area":    6809.443200,                                     
         "num_cells_by_type": {                                                 
            "$_ANDNOT_": 38,                                                    
            "$_AND_": 13,                                                       
            "$_MUX_": 139,                                                      
            "$_NAND_": 26,                                                      
            "$_NOT_": 15,                                                       
            "$_ORNOT_": 3,                                                      
            "$_OR_": 16,                                                        
            "$_XNOR_": 31,                                                      
            "$_XOR_": 54,                                                       
            "sg13g2_dfrbpq_1": 139                                              
         }                                                                      
      }                                                                         
   },                                                                           
      "design": {                                                               
         "num_wires":         371,                                              
         "num_wire_bits":     495,                                              
         "num_pub_wires":     107,                                              
         "num_pub_wire_bits": 231,                                              
         "num_ports":         7,                                                
         "num_port_bits":     11,                                               
         "num_memories":      0,                                                
         "num_memory_bits":   0,                                                
         "num_processes":     0,                                                
         "num_cells":         474,                                              
         "num_submodules":       0,                                             
         "area":              6809.443200,                                      
         "sequential_area":    6809.443200,                                     
         "num_cells_by_type": {                                                 
            "$_ANDNOT_": 38,                                                    
            "$_AND_": 13,                                                       
            "$_MUX_": 139,                                                      
            "$_NAND_": 26,                                                      
            "$_NOT_": 15,                                                       
            "$_ORNOT_": 3,                                                      
            "$_OR_": 16,                                                        
            "$_XNOR_": 31,                                                      
            "$_XOR_": 54,                                                       
            "sg13g2_dfrbpq_1": 139                                              
         }                                                                      
      }                                                                         
}                                                                               
                                                                                
147. Printing statistics.                                                       
                                                                                
=== systolic_matcher ===                                                        
                                                                                
        +----------Local Count, excluding submodules.                           
        |        +-Local Area, excluding submodules.                            
        |        |                                                              
      371        - wires                                                        
      495        - wire bits                                                    
      107        - public wires                                                 
      231        - public wire bits                                             
        7        - ports                                                        
       11        - port bits                                                    
      474 6.81E+03 cells                                                        
       38        -   $_ANDNOT_                                                  
       13        -   $_AND_                                                     
      139        -   $_MUX_                                                     
       26        -   $_NAND_                                                    
       15        -   $_NOT_                                                     
        3        -   $_ORNOT_                                                   
       16        -   $_OR_                                                      
       31        -   $_XNOR_                                                    
       54        -   $_XOR_                                                     
      139 6.81E+03   sg13g2_dfrbpq_1                                            
                                                                                
   Area for cell type $_ANDNOT_ is unknown!                                     
   Area for cell type $_AND_ is unknown!                                        
   Area for cell type $_MUX_ is unknown!                                        
   Area for cell type $_NAND_ is unknown!                                       
   Area for cell type $_NOT_ is unknown!                                        
   Area for cell type $_ORNOT_ is unknown!                                      
   Area for cell type $_OR_ is unknown!                                         
   Area for cell type $_XNOR_ is unknown!                                       
   Area for cell type $_XOR_ is unknown!                                        
                                                                                
   Chip area for module '\systolic_matcher': 6809.443200                        
     of which used for sequential elements: 6809.443200 (100.00%)               
                                                                                
[INFO] Using generated ABC script                                               
'/home/matthias/prog/janestreet/emulator/prototypes/systolic-matcher/runs/sys5ns
_u45/06-yosys-synthesis/AREA_0.abc'…                                            
                                                                                
148. Executing ABC pass (technology mapping using ABC).                         
                                                                                
148.1. Extracting gate netlist of module `\systolic_matcher' to                 
`/tmp/yosys-abc-otz014/input.blif'..                                            
                                                                                
148.1.1. Executed ABC.                                                          
Extracted 335 gates and 478 wires to a netlist network with 142 inputs and 139  
outputs.                                                                        
Running ABC script: /tmp/yosys-abc-otz014/abc.script                            
ABC: ======== ABC command line "source /tmp/yosys-abc-otz014/abc.script"        
ABC: + read_blif /tmp/yosys-abc-otz014/input.blif                               
ABC: + read_lib -w                                                              
/home/matthias/prog/janestreet/emulator/prototypes/systolic-matcher/runs/sys5ns_
u45/tmp/d631db13f7fd40c1b324a36e2967397d.lib                                    
ABC: Library with only 0 cell classes cannot be used.                           
ABC: Parsing finished successfully.  Parsing time =     0.00 sec                
ABC: Scl_LibertyReadGenlib() skipped cell "sg13g2_IOPadIOVdd" without logic     
function.                                                                       
ABC: Scl_LibertyReadGenlib() skipped cell "sg13g2_IOPadIOVss" without logic     
function.                                                                       
ABC: Scl_LibertyReadGenlib() skipped cell "sg13g2_IOPadIn" due to dont_use      
attribute.                                                                      
ABC: Scl_LibertyReadGenlib() skipped cell "sg13g2_IOPadInOut16mA" due to        
dont_use attribute.                                                             
ABC: Scl_LibertyReadGenlib() skipped cell "sg13g2_IOPadInOut30mA" due to        
dont_use attribute.                                                             
ABC: Scl_LibertyReadGenlib() skipped cell "sg13g2_IOPadInOut4mA" due to dont_use
attribute.                                                                      
ABC: Scl_LibertyReadGenlib() skipped cell "sg13g2_IOPadOut16mA" due to dont_use 
attribute.                                                                      
ABC: Scl_LibertyReadGenlib() skipped cell "sg13g2_IOPadOut30mA" due to dont_use 
attribute.                                                                      
ABC: Scl_LibertyReadGenlib() skipped cell "sg13g2_IOPadOut4mA" due to dont_use  
attribute.                                                                      
ABC: Scl_LibertyReadGenlib() skipped cell "sg13g2_IOPadTriOut16mA" due to       
dont_use attribute.                                                             
ABC: Scl_LibertyReadGenlib() skipped cell "sg13g2_IOPadTriOut30mA" due to       
dont_use attribute.                                                             
ABC: Scl_LibertyReadGenlib() skipped cell "sg13g2_IOPadTriOut4mA" due to        
dont_use attribute.                                                             
ABC: Scl_LibertyReadGenlib() skipped cell "sg13g2_IOPadVdd" without logic       
function.                                                                       
ABC: Scl_LibertyReadGenlib() skipped cell "sg13g2_IOPadVss" without logic       
function.                                                                       
ABC: Scl_LibertyReadGenlib() skipped cell "sg13g2_IOPadAnalog" due to dont_use  
attribute.                                                                      
ABC: Library "sg13g2_io_typ_1p2V_3p3V_25C" from                                 
"/home/matthias/prog/janestreet/emulator/prototypes/systolic-matcher/runs/sys5ns
_u45/tmp/d631db13f7fd40c1b324a36e2967397d.lib" has 0 cells (15 skipped: 0 seq; 0
tri-state; 4 no func; 11 dont_use; 0 with 2 outputs; 0 with 3+ outputs).  Time =
0.00 sec                                                                        
ABC: Memory =    0.38 MB. Time =     0.00 sec                                   
ABC: + read_lib -m -w                                                           
/home/matthias/prog/janestreet/emulator/prototypes/systolic-matcher/runs/sys5ns_
u45/tmp/e97a5be2fdcc4efab7a68fdc963d17d5.lib                                    
ABC: Parsing finished successfully.  Parsing time =     0.01 sec                
ABC: Scl_LibertyReadGenlib() skipped cell "sg13g2_antennanp" due to dont_use    
attribute.                                                                      
ABC: Scl_LibertyReadGenlib() skipped cell "sg13g2_decap_4" due to dont_use      
attribute.                                                                      
ABC: Scl_LibertyReadGenlib() skipped cell "sg13g2_decap_8" due to dont_use      
attribute.                                                                      
ABC: Scl_LibertyReadGenlib() skipped sequential cell "sg13g2_dfrbp_1".          
ABC: Scl_LibertyReadGenlib() skipped sequential cell "sg13g2_dfrbpq_1".         
ABC: Scl_LibertyReadGenlib() skipped sequential cell "sg13g2_dfrbpq_2".         
ABC: Scl_LibertyReadGenlib() skipped sequential cell "sg13g2_dlhq_1".           
ABC: Scl_LibertyReadGenlib() skipped sequential cell "sg13g2_dlhr_1".           
ABC: Scl_LibertyReadGenlib() skipped sequential cell "sg13g2_dlhrq_1".          
ABC: Scl_LibertyReadGenlib() skipped sequential cell "sg13g2_dllr_1".           
ABC: Scl_LibertyReadGenlib() skipped sequential cell "sg13g2_dllrq_1".          
ABC: Scl_LibertyReadGenlib() skipped three-state cell "sg13g2_ebufn_2".         
ABC: Scl_LibertyReadGenlib() skipped three-state cell "sg13g2_ebufn_4".         
ABC: Scl_LibertyReadGenlib() skipped three-state cell "sg13g2_ebufn_8".         
ABC: Scl_LibertyReadGenlib() skipped three-state cell "sg13g2_einvn_2".         
ABC: Scl_LibertyReadGenlib() skipped three-state cell "sg13g2_einvn_4".         
ABC: Scl_LibertyReadGenlib() skipped three-state cell "sg13g2_einvn_8".         
ABC: Scl_LibertyReadGenlib() skipped cell "sg13g2_fill_1" due to dont_use       
attribute.                                                                      
ABC: Scl_LibertyReadGenlib() skipped cell "sg13g2_fill_2" due to dont_use       
attribute.                                                                      
ABC: Scl_LibertyReadGenlib() skipped cell "sg13g2_fill_4" due to dont_use       
attribute.                                                                      
ABC: Scl_LibertyReadGenlib() skipped cell "sg13g2_fill_8" due to dont_use       
attribute.                                                                      
ABC: Scl_LibertyReadGenlib() skipped sequential cell "sg13g2_sdfrbp_1".         
ABC: Scl_LibertyReadGenlib() skipped sequential cell "sg13g2_sdfrbp_2".         
ABC: Scl_LibertyReadGenlib() skipped sequential cell "sg13g2_sdfrbpq_1".        
ABC: Scl_LibertyReadGenlib() skipped sequential cell "sg13g2_sdfrbpq_2".        
ABC: Library "sg13g2_stdcell_typ_1p20V_25C" from                                
"/home/matthias/prog/janestreet/emulator/prototypes/systolic-matcher/runs/sys5ns
_u45/tmp/e97a5be2fdcc4efab7a68fdc963d17d5.lib" has 54 cells (25 skipped: 12 seq;
6 tri-state; 0 no func; 7 dont_use; 0 with 2 outputs; 0 with 3+ outputs).  Time 
=     0.02 sec                                                                  
ABC: Memory =    2.63 MB. Time =     0.02 sec                                   
ABC: + read_constr -v                                                           
/home/matthias/prog/janestreet/emulator/prototypes/systolic-matcher/runs/sys5ns_
u45/06-yosys-synthesis/synthesis.abc.sdc                                        
ABC: Setting driving cell to be "sg13g2_buf_4/X".                               
ABC: Setting output load to be 6.000000.                                        
ABC: + source                                                                   
/home/matthias/prog/janestreet/emulator/prototypes/systolic-matcher/runs/sys5ns_
u45/06-yosys-synthesis/AREA_0.abc                                               
ABC: Error: The network is combinational.                                       
ABC: Cannot find the default PI driving cell (sg13g2_buf_4/X) in the library.   
ABC: WireLoad = "none"  Gates =    322 ( 11.2 %)   Cap =  7.2 ff (  5.0 %)      
Area =     3247.74 ( 90.1 %)   Delay =   712.30 ps  (  1.9 %)                   
ABC: Path  0 --      72 : 0    4 pi              A =   0.00  Df =   0.0   -0.0  
ps  S =   0.0 ps  Cin =  0.0 ff  Cout =  11.2 ff  Cmax =   0.0 ff  G =    0     
ABC: Path  1 --     330 : 2    2 sg13g2_nand2b_1 A =   9.07  Df =  75.2  -15.9  
ps  S =  47.8 ps  Cin =  2.6 ff  Cout =   6.2 ff  Cmax = 300.0 ff  G =  226     
ABC: Path  2 --     333 : 4    4 sg13g2_nand4_1  A =  10.89  Df = 234.6  -76.8  
ps  S = 163.8 ps  Cin =  3.0 ff  Cout =  12.5 ff  Cmax = 300.0 ff  G =  408     
ABC: Path  3 --     339 : 3    5 sg13g2_nor3_1   A =   9.07  Df = 467.3 -227.0  
ps  S = 237.6 ps  Cin =  3.0 ff  Cout =  15.3 ff  Cmax = 300.0 ff  G =  499     
ABC: Path  4 --     343 : 3    1 sg13g2_a21oi_1  A =   9.07  Df = 581.1 -258.2  
ps  S =  65.0 ps  Cin =  3.0 ff  Cout =   3.0 ff  Cmax = 300.0 ff  G =  101     
ABC: Path  5 --     345 : 3    1 sg13g2_nor3_1   A =   9.07  Df = 712.3  -31.2  
ps  S = 117.1 ps  Cin =  3.0 ff  Cout =   6.0 ff  Cmax = 300.0 ff  G =  201     
ABC: Start-point = pi71 (\_317).  End-point = po13                              
($auto$rtlil.cc:3583:MuxGate$2046).                                             
ABC: netlist                       : i/o =  142/  139  lat =    0  nd =   322   
edge =    808  area =3247.31  delay = 5.00  lev = 5                             
ABC: + write_blif /tmp/yosys-abc-otz014/output.blif                             
                                                                                
148.1.2. Re-integrating ABC results.                                            
ABC RESULTS:    sg13g2_a21oi_1 cells:       43                                  
ABC RESULTS:   sg13g2_a221oi_1 cells:        1                                  
ABC RESULTS:    sg13g2_a22oi_1 cells:        1                                  
ABC RESULTS:     sg13g2_and2_1 cells:       11                                  
ABC RESULTS:     sg13g2_and3_1 cells:       23                                  
ABC RESULTS:      sg13g2_inv_1 cells:       36                                  
ABC RESULTS:     sg13g2_mux2_1 cells:       32                                  
ABC RESULTS:    sg13g2_nand2_1 cells:        4                                  
ABC RESULTS:   sg13g2_nand2b_1 cells:       15                                  
ABC RESULTS:    sg13g2_nand3_1 cells:       13                                  
ABC RESULTS:    sg13g2_nand4_1 cells:       11                                  
ABC RESULTS:     sg13g2_nor2_1 cells:       19                                  
ABC RESULTS:    sg13g2_nor2b_1 cells:       33                                  
ABC RESULTS:     sg13g2_nor3_1 cells:       42                                  
ABC RESULTS:    sg13g2_o21ai_1 cells:       20                                  
ABC RESULTS:    sg13g2_xnor2_1 cells:       17                                  
ABC RESULTS:     sg13g2_xor2_1 cells:        1                                  
ABC RESULTS:        internal signals:      197                                  
ABC RESULTS:           input signals:      142                                  
ABC RESULTS:          output signals:      139                                  
Removing temp directory.                                                        
Removing global temp directory.                                                 
                                                                                
149. Executing SETUNDEF pass (replace undef values with defined constants).     
                                                                                
150. Executing HILOMAP pass (mapping to constant drivers).                      
                                                                                
151. Executing SPLITNETS pass (splitting up multi-bit signals).                 
                                                                                
152. Executing OPT_CLEAN pass (remove unused cells and wires).                  
Finding unused cells or wires in module \systolic_matcher..                     
Removed 16 unused cells and 509 unused wires.                                   
<suppressed ~104 debug messages>                                                
                                                                                
153. Executing INSBUF pass (insert buffer cells for connected wires).           
                                                                                
154. Executing CHECK pass (checking for obvious problems).                      
Checking module systolic_matcher...                                             
Found and reported 0 problems.                                                  
{                                                                               
   "creator": "Yosys 0.62 (git sha1 7326bb7d6641500ecb285c291a54a662cb1e76cf,   
clang++ 21.1.2 -fPIC -O3)",                                                     
   "invocation": "stat -json -liberty                                           
/home/matthias/prog/janestreet/emulator/prototypes/systolic-matcher/runs/sys5ns_
u45/tmp/d631db13f7fd40c1b324a36e2967397d.lib -liberty                           
/home/matthias/prog/janestreet/emulator/prototypes/systolic-matcher/runs/sys5ns_
u45/tmp/e97a5be2fdcc4efab7a68fdc963d17d5.lib ",                                 
   "modules": {                                                                 
      "\\systolic_matcher": {                                                   
         "num_wires":         601,                                              
         "num_wire_bits":     605,                                              
         "num_pub_wires":     140,                                              
         "num_pub_wire_bits": 144,                                              
         "num_ports":         7,                                                
         "num_port_bits":     11,                                               
         "num_memories":      0,                                                
         "num_memory_bits":   0,                                                
         "num_processes":     0,                                                
         "num_cells":         600,                                              
         "num_submodules":       0,                                             
         "area":              11065.987800,                                     
         "sequential_area":    6809.443200,                                     
         "num_cells_by_type": {                                                 
            "sg13g2_a21oi_1": 43,                                               
            "sg13g2_a221oi_1": 1,                                               
            "sg13g2_a22oi_1": 1,                                                
            "sg13g2_and2_1": 11,                                                
            "sg13g2_and3_1": 23,                                                
            "sg13g2_dfrbpq_1": 139,                                             
            "sg13g2_inv_1": 36,                                                 
            "sg13g2_mux2_1": 32,                                                
            "sg13g2_nand2_1": 4,                                                
            "sg13g2_nand2b_1": 15,                                              
            "sg13g2_nand3_1": 13,                                               
            "sg13g2_nand4_1": 11,                                               
            "sg13g2_nor2_1": 19,                                                
            "sg13g2_nor2b_1": 33,                                               
            "sg13g2_nor3_1": 42,                                                
            "sg13g2_o21ai_1": 20,                                               
            "sg13g2_tiehi": 139,                                                
            "sg13g2_xnor2_1": 17,                                               
            "sg13g2_xor2_1": 1                                                  
         }                                                                      
      }                                                                         
   },                                                                           
      "design": {                                                               
         "num_wires":         601,                                              
         "num_wire_bits":     605,                                              
         "num_pub_wires":     140,                                              
         "num_pub_wire_bits": 144,                                              
         "num_ports":         7,                                                
         "num_port_bits":     11,                                               
         "num_memories":      0,                                                
         "num_memory_bits":   0,                                                
         "num_processes":     0,                                                
         "num_cells":         600,                                              
         "num_submodules":       0,                                             
         "area":              11065.987800,                                     
         "sequential_area":    6809.443200,                                     
         "num_cells_by_type": {                                                 
            "sg13g2_a21oi_1": 43,                                               
            "sg13g2_a221oi_1": 1,                                               
            "sg13g2_a22oi_1": 1,                                                
            "sg13g2_and2_1": 11,                                                
            "sg13g2_and3_1": 23,                                                
            "sg13g2_dfrbpq_1": 139,                                             
            "sg13g2_inv_1": 36,                                                 
            "sg13g2_mux2_1": 32,                                                
            "sg13g2_nand2_1": 4,                                                
            "sg13g2_nand2b_1": 15,                                              
            "sg13g2_nand3_1": 13,                                               
            "sg13g2_nand4_1": 11,                                               
            "sg13g2_nor2_1": 19,                                                
            "sg13g2_nor2b_1": 33,                                               
            "sg13g2_nor3_1": 42,                                                
            "sg13g2_o21ai_1": 20,                                               
            "sg13g2_tiehi": 139,                                                
            "sg13g2_xnor2_1": 17,                                               
            "sg13g2_xor2_1": 1                                                  
         }                                                                      
      }                                                                         
}                                                                               
                                                                                
155. Printing statistics.                                                       
                                                                                
=== systolic_matcher ===                                                        
                                                                                
        +----------Local Count, excluding submodules.                           
        |        +-Local Area, excluding submodules.                            
        |        |                                                              
      601        - wires                                                        
      605        - wire bits                                                    
      140        - public wires                                                 
      144        - public wire bits                                             
        7        - ports                                                        
       11        - port bits                                                    
      600 1.11E+04 cells                                                        
       43  390.096   sg13g2_a21oi_1                                             
        1   14.515   sg13g2_a221oi_1                                            
        1   10.849   sg13g2_a22oi_1                                             
       11   99.792   sg13g2_and2_1                                              
       23  292.118   sg13g2_and3_1                                              
      139 6.81E+03   sg13g2_dfrbpq_1                                            
       36  195.955   sg13g2_inv_1                                               
       32  580.608   sg13g2_mux2_1                                              
        4    29.03   sg13g2_nand2_1                                             
       15   136.08   sg13g2_nand2b_1                                            
       13  117.936   sg13g2_nand3_1                                             
       11   119.75   sg13g2_nand4_1                                             
       19  137.894   sg13g2_nor2_1                                              
       33  299.376   sg13g2_nor2b_1                                             
       42  381.024   sg13g2_nor3_1                                              
       20   181.44   sg13g2_o21ai_1                                             
      139 1.01E+03   sg13g2_tiehi                                               
       17  246.758   sg13g2_xnor2_1                                             
        1   14.515   sg13g2_xor2_1                                              
                                                                                
   Chip area for module '\systolic_matcher': 11065.987800                       
     of which used for sequential elements: 6809.443200 (61.53%)                
                                                                                
156. Executing Verilog backend.                                                 
Dumping module `\systolic_matcher'.                                             
                                                                                
157. Executing JSON backend.                                                    
[14:29:57] VERBOSE  Parsing synthesis checks…                       pyosys.py:59
[14:29:57] VERBOSE  Parsing synthesis checks…                       pyosys.py:59
──────────────────────────── Unmapped Cells Checker ────────────────────────────
[14:29:57] VERBOSE  Running 'Checker.YosysUnmappedCells' at         step.py:1138
                    '../runs/sys5ns_u45/07-checker-yosysunmappedcel             
                    ls'…                                                        
[14:29:57] INFO     Check for Unmapped Yosys instances clear.     checker.py:131
────────────────────────────── Yosys Synth Checks ──────────────────────────────
[14:29:57] VERBOSE  Running 'Checker.YosysSynthChecks' at           step.py:1138
                    '../runs/sys5ns_u45/08-checker-yosyssynthchecks             
                    '…                                                          
[14:29:57] INFO     Check for Yosys check errors clear.           checker.py:131
─────────────────────── Netlist Assign Statement Checker ───────────────────────
[14:29:57] VERBOSE  Running 'Checker.NetlistAssignStatements' at    step.py:1138
                    '../runs/sys5ns_u45/09-checker-netlistassignsta             
                    tements'…                                                   
─────────────────────────────── Check SDC Files ────────────────────────────────
[14:29:57] VERBOSE  Running 'OpenROAD.CheckSDCFiles' at             step.py:1138
                    '../runs/sys5ns_u45/10-openroad-checksdcfiles'…             
[14:29:57] WARNING  'PNR_SDC_FILE' is not defined. Using generic openroad.py:184
                    fallback SDC for OpenROAD PnR steps.                        
[14:29:57] WARNING  'SIGNOFF_SDC_FILE' is not defined. Using     openroad.py:188
                    generic fallback SDC for OpenROAD PnR steps.                
──────────────────────────── Check Macro Instances ─────────────────────────────
[14:29:57] VERBOSE  Running 'OpenROAD.CheckMacroInstances' at       step.py:1138
                    '../runs/sys5ns_u45/11-openroad-checkmacroinsta             
                    nces'…                                                      
[14:29:57] INFO     No macros found, skipping instance check…    openroad.py:694
─────────────────────── Static Timing Analysis (Pre-PnR) ───────────────────────
[14:29:57] VERBOSE  Running 'OpenROAD.STAPrePNR' at                 step.py:1138
                    '../runs/sys5ns_u45/12-openroad-staprepnr'…                 
[14:29:57] INFO     Starting STA for the nom_fast_1p32V_m40C     openroad.py:749
                    timing corner…                                              
[14:29:57] INFO     Starting STA for the nom_slow_1p08V_125C     openroad.py:749
                    timing corner…                                              
[14:29:57] INFO     Starting STA for the nom_typ_1p20V_25C       openroad.py:749
                    timing corner…                                              
[14:29:57] VERBOSE  Logging subprocess to                           step.py:1338
                    '../runs/sys5ns_u45/12-openroad-staprepnr/nom_f             
                    ast_1p32V_m40C/sta.log'…                                    
[14:29:57] VERBOSE  Logging subprocess to                           step.py:1338
                    '../runs/sys5ns_u45/12-openroad-staprepnr/nom_s             
                    low_1p08V_125C/sta.log'…                                    
[14:29:57] VERBOSE  Logging subprocess to                           step.py:1338
                    '../runs/sys5ns_u45/12-openroad-staprepnr/nom_t             
                    yp_1p20V_25C/sta.log'…                                      
[14:29:58] INFO     Finished STA for the nom_typ_1p20V_25C       openroad.py:764
                    timing corner.                                              
[14:29:58] INFO     Finished STA for the nom_fast_1p32V_m40C     openroad.py:764
                    timing corner.                                              
[14:29:58] INFO     Finished STA for the nom_slow_1p08V_125C     openroad.py:764
                    timing corner.                                              
┏━━━━━━━━━━━━━━━━━━━━━━┳━━━━┳━━━━┳━━━━┳━━━━┳━━━━┳━━━┳━━━━┳━━━┳━━━━┳━━━┳━━━━┳━━━┓
┃                      ┃    ┃    ┃    ┃    ┃ of ┃   ┃    ┃   ┃    ┃ … ┃    ┃   ┃
┃                      ┃    ┃ R… ┃    ┃    ┃ w… ┃   ┃ R… ┃   ┃    ┃ … ┃    ┃   ┃
┃                      ┃ H… ┃ to ┃    ┃ H… ┃ r… ┃ … ┃ to ┃   ┃ S… ┃ … ┃ M… ┃ … ┃
┃                      ┃ W… ┃ R… ┃ H… ┃ V… ┃ to ┃ … ┃ R… ┃ … ┃ V… ┃ … ┃ C… ┃ … ┃
┃ Corner/Group         ┃ S… ┃ P… ┃ T… ┃ C… ┃ r… ┃ … ┃ P… ┃ … ┃ C… ┃ … ┃ V… ┃ … ┃
┡━━━━━━━━━━━━━━━━━━━━━━╇━━━━╇━━━━╇━━━━╇━━━━╇━━━━╇━━━╇━━━━╇━━━╇━━━━╇━━━╇━━━━╇━━━┩
│ Overall              │ -… │ -… │ -… │ 1… │ 1… │ … │ 3… │ … │ 0  │ 0 │ 0  │ 0 │
│ nom_fast_1p32V_m40C  │ -… │ -… │ -… │ 1… │ 1… │ … │ N… │ … │ 0  │ 0 │ 0  │ 0 │
│ nom_slow_1p08V_125C  │ 0… │ 0… │ 0… │ 0  │ 0  │ … │ 3… │ … │ 0  │ 0 │ 0  │ 0 │
│ nom_typ_1p20V_25C    │ 0… │ 0… │ 0… │ 0  │ 0  │ … │ N… │ … │ 0  │ 0 │ 0  │ 0 │
└──────────────────────┴────┴────┴────┴────┴────┴───┴────┴───┴────┴───┴────┴───┘
─────────────────────────── Floorplan Initialization ───────────────────────────
[14:29:58] VERBOSE  Running 'OpenROAD.Floorplan' at                 step.py:1138
                    '../runs/sys5ns_u45/13-openroad-floorplan'…                 
[14:29:58] VERBOSE  Logging subprocess to                           step.py:1338
                    '../runs/sys5ns_u45/13-openroad-floorplan/openr             
                    oad-floorplan.log'…                                         
Reading timing models for corner nom_typ_1p20V_25C…                             
Reading timing library for the 'nom_typ_1p20V_25C' corner at                    
'/home/matthias/.ciel/ihp-sg13g2/ihp-sg13g2/libs.ref/sg13g2_stdcell/lib/sg13g2_s
tdcell_typ_1p20V_25C.lib'…                                                      
Reading timing library for the 'nom_typ_1p20V_25C' corner at                    
'/home/matthias/.ciel/ihp-sg13g2/ihp-sg13g2/libs.ref/sg13g2_io/lib/sg13g2_io_typ
_1p2V_3p3V_25C.lib'…                                                            
Reading technology LEF file at                                                  
'/home/matthias/.ciel/ihp-sg13g2/ihp-sg13g2/libs.ref/sg13g2_stdcell/lef/sg13g2_t
ech.lef'…                                                                       
[INFO ODB-0227] LEF file:                                                       
/home/matthias/.ciel/ihp-sg13g2/ihp-sg13g2/libs.ref/sg13g2_stdcell/lef/sg13g2_te
ch.lef, created 19 layers, 70 vias                                              
Reading cell LEF file at                                                        
'/home/matthias/.ciel/ihp-sg13g2/ihp-sg13g2/libs.ref/sg13g2_stdcell/lef/sg13g2_s
tdcell.lef'…                                                                    
[INFO ODB-0227] LEF file:                                                       
/home/matthias/.ciel/ihp-sg13g2/ihp-sg13g2/libs.ref/sg13g2_stdcell/lef/sg13g2_st
dcell.lef, created 84 library cells                                             
Reading gpio pad LEF file at                                                    
'/home/matthias/.ciel/ihp-sg13g2/ihp-sg13g2/libs.ref/sg13g2_io/lef/sg13g2_io.lef
'…                                                                              
[INFO ODB-0227] LEF file:                                                       
/home/matthias/.ciel/ihp-sg13g2/ihp-sg13g2/libs.ref/sg13g2_io/lef/sg13g2_io.lef,
created 22 library cells                                                        
Reading top-level netlist at                                                    
'/home/matthias/prog/janestreet/emulator/prototypes/systolic-matcher/runs/sys5ns
_u45/06-yosys-synthesis/systolic_matcher.nl.v'…                                 
Linking design 'systolic_matcher' from netlist…                                 
Reading design constraints file at                                              
'/nix/store/8y4m6wgn5kqlbig1qwnwbxijqqp0jwib-python3-3.13.9-env/lib/python3.13/s
ite-packages/librelane/scripts/base.sdc'…                                       
[INFO] Using clock clock…                                                       
[INFO] Setting output delay to: 1.0                                             
[INFO] Setting input delay to: 1.0                                              
[INFO] Setting load to: 0.006                                                   
[INFO] Setting clock uncertainty to: 0.25                                       
[INFO] Setting clock transition to: 0.15                                        
[INFO] Setting timing derate to: 5.0%                                           
Using site height: 3.78 and site width: 0.48…                                   
[INFO] Using relative sizing for the floorplan.                                 
+ initialize_floorplan -site CoreSite -utilization 45.0 -aspect_ratio 1.0       
-core_space 15.12 15.12 5.76 5.76                                               
[INFO IFP-0107] Defining die area using utilization: 45.00% and aspect ratio: 1.
[INFO IFP-0001] Added 41 rows of 326 site CoreSite.                             
[INFO IFP-0100] Die BBox:  (  0.000  0.000 ) ( 168.335 187.055 ) um             
[INFO IFP-0101] Core BBox: (  5.760 15.120 ) ( 162.240 170.100 ) um             
[INFO IFP-0102] Core area:                        24251.270 um^2                
[INFO IFP-0103] Total instances area:             11066.026 um^2                
[INFO IFP-0104] Effective utilization:                0.456                     
[INFO IFP-0105] Number of instances:                    600                     
[INFO IFP-0030] Inserted 0 tiecells using sg13g2_tielo/L_LO.                    
[INFO IFP-0030] Inserted 0 tiecells using sg13g2_tiehi/L_HI.                    
[INFO] Extracting DIE_AREA and CORE_AREA from the floorplan                     
[INFO] Floorplanned on a die area of 0.0 0.0 168.335 187.055 (µm).              
[INFO] Floorplanned on a core area of 5.76 15.12 162.24 170.1 (µm).             
Writing metric design__die__bbox: 0.0 0.0 168.335 187.055                       
Writing metric design__core__bbox: 5.76 15.12 162.24 170.1                      
Setting global connections for newly added cells…                               
[INFO] Setting global connections...                                            
[INFO ODB-0403] 0 connections made, 0 conflicts skipped.                        
Updating metrics…                                                               
Cell type report:                       Count       Area                        
  Inverter                                 36     195.96                        
  Sequential cell                         139    6809.44                        
  Multi-Input combinational cell          425    4060.63                        
  Total                                   600   11066.03                        
Writing OpenROAD database to                                                    
'/home/matthias/prog/janestreet/emulator/prototypes/systolic-matcher/runs/sys5ns
_u45/13-openroad-floorplan/systolic_matcher.odb'…                               
Writing netlist to                                                              
'/home/matthias/prog/janestreet/emulator/prototypes/systolic-matcher/runs/sys5ns
_u45/13-openroad-floorplan/systolic_matcher.nl.v'…                              
Writing powered netlist to                                                      
'/home/matthias/prog/janestreet/emulator/prototypes/systolic-matcher/runs/sys5ns
_u45/13-openroad-floorplan/systolic_matcher.pnl.v'…                             
Writing layout to                                                               
'/home/matthias/prog/janestreet/emulator/prototypes/systolic-matcher/runs/sys5ns
_u45/13-openroad-floorplan/systolic_matcher.def'…                               
Writing timing constraints to                                                   
'/home/matthias/prog/janestreet/emulator/prototypes/systolic-matcher/runs/sys5ns
_u45/13-openroad-floorplan/systolic_matcher.sdc'…                               
──────────────────────────────── Dump RC Values ────────────────────────────────
[14:29:58] VERBOSE  Running 'OpenROAD.DumpRCValues' at              step.py:1138
                    '../runs/sys5ns_u45/14-openroad-dumprcvalues'…              
[14:29:58] VERBOSE  Logging subprocess to                           step.py:1338
                    '../runs/sys5ns_u45/14-openroad-dumprcvalues/op             
                    enroad-dumprcvalues.log'…                                   
Reading timing models for corner nom_typ_1p20V_25C…                             
Reading timing library for the 'nom_typ_1p20V_25C' corner at                    
'/home/matthias/.ciel/ihp-sg13g2/ihp-sg13g2/libs.ref/sg13g2_stdcell/lib/sg13g2_s
tdcell_typ_1p20V_25C.lib'…                                                      
Reading timing library for the 'nom_typ_1p20V_25C' corner at                    
'/home/matthias/.ciel/ihp-sg13g2/ihp-sg13g2/libs.ref/sg13g2_io/lib/sg13g2_io_typ
_1p2V_3p3V_25C.lib'…                                                            
Reading technology LEF file at                                                  
'/home/matthias/.ciel/ihp-sg13g2/ihp-sg13g2/libs.ref/sg13g2_stdcell/lef/sg13g2_t
ech.lef'…                                                                       
[INFO ODB-0227] LEF file:                                                       
/home/matthias/.ciel/ihp-sg13g2/ihp-sg13g2/libs.ref/sg13g2_stdcell/lef/sg13g2_te
ch.lef, created 19 layers, 70 vias                                              
Reading cell LEF file at                                                        
'/home/matthias/.ciel/ihp-sg13g2/ihp-sg13g2/libs.ref/sg13g2_stdcell/lef/sg13g2_s
tdcell.lef'…                                                                    
[INFO ODB-0227] LEF file:                                                       
/home/matthias/.ciel/ihp-sg13g2/ihp-sg13g2/libs.ref/sg13g2_stdcell/lef/sg13g2_st
dcell.lef, created 84 library cells                                             
Reading gpio pad LEF file at                                                    
'/home/matthias/.ciel/ihp-sg13g2/ihp-sg13g2/libs.ref/sg13g2_io/lef/sg13g2_io.lef
'…                                                                              
[INFO ODB-0227] LEF file:                                                       
/home/matthias/.ciel/ihp-sg13g2/ihp-sg13g2/libs.ref/sg13g2_io/lef/sg13g2_io.lef,
created 22 library cells                                                        
[INFO ODB-0127] Reading DEF file:                                               
/home/matthias/prog/janestreet/emulator/prototypes/systolic-matcher/runs/sys5ns_
u45/13-openroad-floorplan/systolic_matcher.def                                  
[INFO ODB-0128] Design: systolic_matcher                                        
[INFO ODB-0130]     Created 11 pins.                                            
[INFO ODB-0131]     Created 600 components and 3025 component-terminals.        
[INFO ODB-0132]     Created 2 special nets and 1200 connections.                
[INFO ODB-0133]     Created 605 nets and 1825 connections.                      
[INFO ODB-0134] Finished DEF file:                                              
/home/matthias/prog/janestreet/emulator/prototypes/systolic-matcher/runs/sys5ns_
u45/13-openroad-floorplan/systolic_matcher.def                                  
────────── Check Antenna Properties of Macros Pins in Their LEF Views ──────────
[14:29:59] VERBOSE  Running 'Odb.CheckMacroAntennaProperties' at    step.py:1138
                    '../runs/sys5ns_u45/15-odb-checkmacroantennapro             
                    perties'…                                                   
[14:29:59] INFO     No cells provided, skipping                       odb.py:234
                    'Odb.CheckMacroAntennaProperties'…                          
──────────────────────────── Set Power Connections ─────────────────────────────
[14:29:59] VERBOSE  Running 'Odb.SetPowerConnections' at            step.py:1138
                    '../runs/sys5ns_u45/16-odb-setpowerconnections'             
                    …                                                           
[14:29:59] VERBOSE  Logging subprocess to                           step.py:1338
                    '../runs/sys5ns_u45/16-odb-setpowerconnections/             
                    odb-setpowerconnections.log'…                               
──────────────────────────── Manual Macro Placement ────────────────────────────
[14:29:59] VERBOSE  Running 'Odb.ManualMacroPlacement' at           step.py:1138
                    '../runs/sys5ns_u45/17-odb-manualmacroplacement             
                    '…                                                          
[14:29:59] INFO     No instances found, skipping                      odb.py:468
                    'Odb.ManualMacroPlacement'…                                 
─────────────────────────────────── Cut Rows ───────────────────────────────────
[14:29:59] VERBOSE  Running 'OpenROAD.CutRows' at                   step.py:1138
                    '../runs/sys5ns_u45/18-openroad-cutrows'…                   
[14:29:59] VERBOSE  Logging subprocess to                           step.py:1338
                    '../runs/sys5ns_u45/18-openroad-cutrows/openroa             
                    d-cutrows.log'…                                             
Reading timing models for corner nom_typ_1p20V_25C…                             
Reading timing library for the 'nom_typ_1p20V_25C' corner at                    
'/home/matthias/.ciel/ihp-sg13g2/ihp-sg13g2/libs.ref/sg13g2_stdcell/lib/sg13g2_s
tdcell_typ_1p20V_25C.lib'…                                                      
Reading timing library for the 'nom_typ_1p20V_25C' corner at                    
'/home/matthias/.ciel/ihp-sg13g2/ihp-sg13g2/libs.ref/sg13g2_io/lib/sg13g2_io_typ
_1p2V_3p3V_25C.lib'…                                                            
Reading OpenROAD database at                                                    
'/home/matthias/prog/janestreet/emulator/prototypes/systolic-matcher/runs/sys5ns
_u45/16-odb-setpowerconnections/systolic_matcher.odb'…                          
Reading design constraints file at                                              
'/nix/store/8y4m6wgn5kqlbig1qwnwbxijqqp0jwib-python3-3.13.9-env/lib/python3.13/s
ite-packages/librelane/scripts/base.sdc'…                                       
[INFO] Using clock clock…                                                       
[INFO] Setting output delay to: 1.0                                             
[INFO] Setting input delay to: 1.0                                              
[INFO] Setting load to: 0.006                                                   
[INFO] Setting clock uncertainty to: 0.25                                       
[INFO] Setting clock transition to: 0.15                                        
[INFO] Setting timing derate to: 5.0%                                           
+ cut_rows -halo_width_x 10.0 -halo_width_y 10.0                                
Setting global connections for newly added cells…                               
[INFO] Setting global connections...                                            
[INFO ODB-0403] 0 connections made, 0 conflicts skipped.                        
Updating metrics…                                                               
Cell type report:                       Count       Area                        
  Inverter                                 36     195.96                        
  Sequential cell                         139    6809.44                        
  Multi-Input combinational cell          425    4060.63                        
  Total                                   600   11066.03                        
Writing OpenROAD database to                                                    
'/home/matthias/prog/janestreet/emulator/prototypes/systolic-matcher/runs/sys5ns
_u45/18-openroad-cutrows/systolic_matcher.odb'…                                 
Writing layout to                                                               
'/home/matthias/prog/janestreet/emulator/prototypes/systolic-matcher/runs/sys5ns
_u45/18-openroad-cutrows/systolic_matcher.def'…                                 
───────────────────────────── Tap/Decap Insertion ──────────────────────────────
[14:29:59] VERBOSE  Running 'OpenROAD.TapEndcapInsertion' at        step.py:1138
                    '../runs/sys5ns_u45/19-openroad-tapendcapinsert             
                    ion'…                                                       
[14:29:59] VERBOSE  Logging subprocess to                           step.py:1338
                    '../runs/sys5ns_u45/19-openroad-tapendcapinsert             
                    ion/openroad-tapendcapinsertion.log'…                       
Reading timing models for corner nom_typ_1p20V_25C…                             
Reading timing library for the 'nom_typ_1p20V_25C' corner at                    
'/home/matthias/.ciel/ihp-sg13g2/ihp-sg13g2/libs.ref/sg13g2_stdcell/lib/sg13g2_s
tdcell_typ_1p20V_25C.lib'…                                                      
Reading timing library for the 'nom_typ_1p20V_25C' corner at                    
'/home/matthias/.ciel/ihp-sg13g2/ihp-sg13g2/libs.ref/sg13g2_io/lib/sg13g2_io_typ
_1p2V_3p3V_25C.lib'…                                                            
Reading OpenROAD database at                                                    
'/home/matthias/prog/janestreet/emulator/prototypes/systolic-matcher/runs/sys5ns
_u45/18-openroad-cutrows/systolic_matcher.odb'…                                 
Reading design constraints file at                                              
'/nix/store/8y4m6wgn5kqlbig1qwnwbxijqqp0jwib-python3-3.13.9-env/lib/python3.13/s
ite-packages/librelane/scripts/base.sdc'…                                       
[INFO] Using clock clock…                                                       
[INFO] Setting output delay to: 1.0                                             
[INFO] Setting input delay to: 1.0                                              
[INFO] Setting load to: 0.006                                                   
[INFO] Setting clock uncertainty to: 0.25                                       
[INFO] Setting clock transition to: 0.15                                        
[INFO] Setting timing derate to: 5.0%                                           
+ tapcell -halo_width_x 10.0 -halo_width_y 10.0 -distance 0.0                   
Setting global connections for newly added cells…                               
[INFO] Setting global connections...                                            
[INFO ODB-0403] 0 connections made, 0 conflicts skipped.                        
Updating metrics…                                                               
Cell type report:                       Count       Area                        
  Inverter                                 36     195.96                        
  Sequential cell                         139    6809.44                        
  Multi-Input combinational cell          425    4060.63                        
  Total                                   600   11066.03                        
Writing OpenROAD database to                                                    
'/home/matthias/prog/janestreet/emulator/prototypes/systolic-matcher/runs/sys5ns
_u45/19-openroad-tapendcapinsertion/systolic_matcher.odb'…                      
Writing netlist to                                                              
'/home/matthias/prog/janestreet/emulator/prototypes/systolic-matcher/runs/sys5ns
_u45/19-openroad-tapendcapinsertion/systolic_matcher.nl.v'…                     
Writing powered netlist to                                                      
'/home/matthias/prog/janestreet/emulator/prototypes/systolic-matcher/runs/sys5ns
_u45/19-openroad-tapendcapinsertion/systolic_matcher.pnl.v'…                    
Writing layout to                                                               
'/home/matthias/prog/janestreet/emulator/prototypes/systolic-matcher/runs/sys5ns
_u45/19-openroad-tapendcapinsertion/systolic_matcher.def'…                      
Writing timing constraints to                                                   
'/home/matthias/prog/janestreet/emulator/prototypes/systolic-matcher/runs/sys5ns
_u45/19-openroad-tapendcapinsertion/systolic_matcher.sdc'…                      
───────────────────────────── Add PDN obstructions ─────────────────────────────
[14:30:00] VERBOSE  Running 'Odb.AddPDNObstructions' at             step.py:1138
                    '../runs/sys5ns_u45/20-odb-addpdnobstructions'…             
[14:30:00] INFO     'PDN_OBSTRUCTIONS' is not defined. Skipping       odb.py:589
                    'Odb.AddPDNObstructions'…                                   
──────────────────── Power Distribution Network Generation ─────────────────────
[14:30:00] VERBOSE  Running 'OpenROAD.GeneratePDN' at               step.py:1138
                    '../runs/sys5ns_u45/21-openroad-generatepdn'…               
[14:30:00] INFO     'PDN_CFG' not explicitly set, setting it to openroad.py:1483
                    /nix/store/8y4m6wgn5kqlbig1qwnwbxijqqp0jwib                 
                    -python3-3.13.9-env/lib/python3.13/site-pac                 
                    kages/librelane/scripts/openroad/common/pdn                 
                    _cfg.tcl…                                                   
[14:30:00] VERBOSE  Logging subprocess to                           step.py:1338
                    '../runs/sys5ns_u45/21-openroad-generatepdn/ope             
                    nroad-generatepdn.log'…                                     
Reading timing models for corner nom_typ_1p20V_25C…                             
Reading timing library for the 'nom_typ_1p20V_25C' corner at                    
'/home/matthias/.ciel/ihp-sg13g2/ihp-sg13g2/libs.ref/sg13g2_stdcell/lib/sg13g2_s
tdcell_typ_1p20V_25C.lib'…                                                      
Reading timing library for the 'nom_typ_1p20V_25C' corner at                    
'/home/matthias/.ciel/ihp-sg13g2/ihp-sg13g2/libs.ref/sg13g2_io/lib/sg13g2_io_typ
_1p2V_3p3V_25C.lib'…                                                            
Reading OpenROAD database at                                                    
'/home/matthias/prog/janestreet/emulator/prototypes/systolic-matcher/runs/sys5ns
_u45/19-openroad-tapendcapinsertion/systolic_matcher.odb'…                      
Reading design constraints file at                                              
'/nix/store/8y4m6wgn5kqlbig1qwnwbxijqqp0jwib-python3-3.13.9-env/lib/python3.13/s
ite-packages/librelane/scripts/base.sdc'…                                       
[INFO] Using clock clock…                                                       
[INFO] Setting output delay to: 1.0                                             
[INFO] Setting input delay to: 1.0                                              
[INFO] Setting load to: 0.006                                                   
[INFO] Setting clock uncertainty to: 0.25                                       
[INFO] Setting clock transition to: 0.15                                        
[INFO] Setting timing derate to: 5.0%                                           
[INFO] Setting global connections...                                            
[INFO ODB-0403] 0 connections made, 0 conflicts skipped.                        
+ pdngen                                                                        
[INFO PDN-0001] Inserting grid: stdcell_grid                                    
Setting global connections for newly added cells…                               
[INFO] Setting global connections...                                            
[INFO ODB-0403] 0 connections made, 0 conflicts skipped.                        
Updating metrics…                                                               
Cell type report:                       Count       Area                        
  Inverter                                 36     195.96                        
  Sequential cell                         139    6809.44                        
  Multi-Input combinational cell          425    4060.63                        
  Total                                   600   11066.03                        
Writing OpenROAD database to                                                    
'/home/matthias/prog/janestreet/emulator/prototypes/systolic-matcher/runs/sys5ns
_u45/21-openroad-generatepdn/systolic_matcher.odb'…                             
Writing netlist to                                                              
'/home/matthias/prog/janestreet/emulator/prototypes/systolic-matcher/runs/sys5ns
_u45/21-openroad-generatepdn/systolic_matcher.nl.v'…                            
Writing powered netlist to                                                      
'/home/matthias/prog/janestreet/emulator/prototypes/systolic-matcher/runs/sys5ns
_u45/21-openroad-generatepdn/systolic_matcher.pnl.v'…                           
Writing layout to                                                               
'/home/matthias/prog/janestreet/emulator/prototypes/systolic-matcher/runs/sys5ns
_u45/21-openroad-generatepdn/systolic_matcher.def'…                             
Writing timing constraints to                                                   
'/home/matthias/prog/janestreet/emulator/prototypes/systolic-matcher/runs/sys5ns
_u45/21-openroad-generatepdn/systolic_matcher.sdc'…                             
[INFO PSM-0040] All shapes on net VPWR are connected.                           
[INFO PSM-0040] All shapes on net VGND are connected.                           
─────────────────────────── Remove PDN obstructions ────────────────────────────
[14:30:00] VERBOSE  Running 'Odb.RemovePDNObstructions' at          step.py:1138
                    '../runs/sys5ns_u45/22-odb-removepdnobstruction             
                    s'…                                                         
[14:30:00] INFO     'PDN_OBSTRUCTIONS' is not defined. Skipping       odb.py:589
                    'Odb.RemovePDNObstructions'…                                
─────────────────────────────── Add Obstructions ───────────────────────────────
[14:30:00] VERBOSE  Running 'Odb.AddRoutingObstructions' at         step.py:1138
                    '../runs/sys5ns_u45/23-odb-addroutingobstructio             
                    ns'…                                                        
[14:30:00] INFO     'ROUTING_OBSTRUCTIONS' is not defined. Skipping   odb.py:589
                    'Odb.AddRoutingObstructions'…                               
─────────────────────────── Global Placement Skip IO ───────────────────────────
[14:30:00] VERBOSE  Running 'OpenROAD.GlobalPlacementSkipIO' at     step.py:1138
                    '../runs/sys5ns_u45/24-openroad-globalplacement             
                    skipio'…                                                    
[14:30:00] VERBOSE  Logging subprocess to                           step.py:1338
                    '../runs/sys5ns_u45/24-openroad-globalplacement             
                    skipio/openroad-globalplacementskipio.log'…                 
Reading timing models for corner nom_typ_1p20V_25C…                             
Reading timing library for the 'nom_typ_1p20V_25C' corner at                    
'/home/matthias/.ciel/ihp-sg13g2/ihp-sg13g2/libs.ref/sg13g2_stdcell/lib/sg13g2_s
tdcell_typ_1p20V_25C.lib'…                                                      
Reading timing library for the 'nom_typ_1p20V_25C' corner at                    
'/home/matthias/.ciel/ihp-sg13g2/ihp-sg13g2/libs.ref/sg13g2_io/lib/sg13g2_io_typ
_1p2V_3p3V_25C.lib'…                                                            
Reading OpenROAD database at                                                    
'/home/matthias/prog/janestreet/emulator/prototypes/systolic-matcher/runs/sys5ns
_u45/21-openroad-generatepdn/systolic_matcher.odb'…                             
Reading design constraints file at                                              
'/nix/store/8y4m6wgn5kqlbig1qwnwbxijqqp0jwib-python3-3.13.9-env/lib/python3.13/s
ite-packages/librelane/scripts/base.sdc'…                                       
[INFO] Using clock clock…                                                       
[INFO] Setting output delay to: 1.0                                             
[INFO] Setting input delay to: 1.0                                              
[INFO] Setting load to: 0.006                                                   
[INFO] Setting clock uncertainty to: 0.25                                       
[INFO] Setting clock transition to: 0.15                                        
[INFO] Setting timing derate to: 5.0%                                           
+ global_placement -density 0.55 -skip_io -pad_right 0 -pad_left 0              
-init_wirelength_coef 0.25                                                      
[INFO GPL-0001] ---- Initialize GPL Main Data Structures                        
[INFO GPL-0002] DBU: 1000                                                       
[INFO GPL-0003] SiteSize: (  0.480  3.780 ) um                                  
[INFO GPL-0004] CoreBBox: (  5.760 15.120 ) ( 162.240 170.100 ) um              
[INFO GPL-0036] Movable instances area:      11066.026 um^2                     
[INFO GPL-0037] Total instances area:        11066.026 um^2                     
[INFO GPL-0035] Pin density area adjust:       567.942 um^2                     
[INFO GPL-0032] ---- Initialize Region: Top-level                               
[INFO GPL-0006] Number of instances:               600                          
[INFO GPL-0007] Movable instances:                 600                          
[INFO GPL-0008] Fixed instances:                     0                          
[INFO GPL-0009] Dummy instances:                     0                          
[INFO GPL-0010] Number of nets:                    605                          
[INFO GPL-0011] Number of pins:                   1825                          
[INFO GPL-0012] Die BBox:  (  0.000  0.000 ) ( 168.335 187.055 ) um             
[INFO GPL-0013] Core BBox: (  5.760 15.120 ) ( 162.240 170.100 ) um             
[INFO GPL-0016] Core area:                   24251.270 um^2                     
[INFO GPL-0014] Region name: top-level.                                         
[INFO GPL-0015] Region area:                 24251.270 um^2                     
[INFO GPL-0017] Fixed instances area:            0.000 um^2                     
[INFO GPL-0018] Movable instances area:      11633.967 um^2                     
[INFO GPL-0019] Utilization:                    47.973 %                        
[INFO GPL-0020] Standard cells area:         11633.967 um^2                     
[INFO GPL-0021] Large instances area:            0.000 um^2                     
[INFO GPL-0005] ---- Execute Conjugate Gradient Initial Placement.              
[INFO GPL-0051] Source of initial instance position counters:                   
        Odb location = 0        Core center = 600       Region center = 0       
[INFO GPL-0033] ---- Initialize Nesterov Region: Top-level                      
[INFO GPL-0023] Placement target density:       0.5500                          
[INFO GPL-0024] Movable insts average area:     19.390 um^2                     
[INFO GPL-0025] Ideal bin area:                 35.254 um^2                     
[INFO GPL-0026] Ideal bin count:                   687                          
[INFO GPL-0027] Total bin area:              24251.270 um^2                     
[INFO GPL-0028] Bin count (X, Y):          16 ,     16                          
[INFO GPL-0029] Bin size (W * H):       9.780 *  9.686 um                       
[INFO GPL-0030] Number of bins:                    256                          
[INFO GPL-0007] ---- Execute Nesterov Global Placement.                         
[INFO GPL-0031] HPWL: Half-Perimeter Wirelength                                 
Iteration | Overflow |     HPWL (um) |  HPWL(%) |   Penalty | Group             
---------------------------------------------------------------                 
        0 |   0.9820 |  2.731421e+03 |   +0.00% |  1.95e-14 |                   
       10 |   0.9655 |  2.248897e+03 |  -17.67% |  3.17e-14 |                   
       20 |   0.9617 |  2.223360e+03 |   -1.14% |  5.17e-14 |                   
       30 |   0.9569 |  2.197886e+03 |   -1.15% |  8.42e-14 |                   
       40 |   0.9509 |  2.179882e+03 |   -0.82% |  1.37e-13 |                   
       50 |   0.9490 |  2.172266e+03 |   -0.35% |  2.23e-13 |                   
       60 |   0.9495 |  2.171751e+03 |   -0.02% |  3.64e-13 |                   
       70 |   0.9492 |  2.173858e+03 |   +0.10% |  5.93e-13 |                   
       80 |   0.9474 |  2.173726e+03 |   -0.01% |  9.65e-13 |                   
       90 |   0.9454 |  2.171393e+03 |   -0.11% |  1.57e-12 |                   
      100 |   0.9439 |  2.165515e+03 |   -0.27% |  2.56e-12 |                   
      110 |   0.9405 |  2.156820e+03 |   -0.40% |  4.17e-12 |                   
      120 |   0.9284 |  2.141901e+03 |   -0.69% |  6.80e-12 |                   
      130 |   0.9244 |  2.127428e+03 |   -0.68% |  1.11e-11 |                   
      140 |   0.9103 |  2.127331e+03 |   -0.00% |  1.80e-11 |                   
      150 |   0.8897 |  2.203443e+03 |   +3.58% |  2.94e-11 |                   
      160 |   0.8208 |  2.604664e+03 |  +18.21% |  4.78e-11 |                   
      170 |   0.7623 |  3.088495e+03 |  +18.58% |  7.79e-11 |                   
      180 |   0.7360 |  3.320373e+03 |   +7.51% |  1.27e-10 |                   
      190 |   0.6771 |  3.503023e+03 |   +5.50% |  2.07e-10 |                   
      200 |   0.6287 |  3.609357e+03 |   +3.04% |  3.37e-10 |                   
      210 |   0.5782 |  3.867860e+03 |   +7.16% |  5.49e-10 |                   
      220 |   0.5286 |  4.204760e+03 |   +8.71% |  8.94e-10 |                   
      230 |   0.4773 |  4.510642e+03 |   +7.27% |  1.46e-09 |                   
      240 |   0.4180 |  4.800456e+03 |   +6.43% |  2.37e-09 |                   
      250 |   0.3797 |  4.994940e+03 |   +4.05% |  3.86e-09 |                   
      260 |   0.3250 |  5.199079e+03 |   +4.09% |  6.10e-09 |                   
      270 |   0.2987 |  5.268128e+03 |   +1.33% |  8.99e-09 |                   
      280 |   0.2596 |  5.372319e+03 |   +1.98% |  1.32e-08 |                   
      290 |   0.2275 |  5.468079e+03 |   +1.78% |  1.95e-08 |                   
      300 |   0.1954 |  5.544419e+03 |   +1.40% |  2.87e-08 |                   
      310 |   0.1647 |  5.557759e+03 |   +0.24% |  4.23e-08 |                   
      320 |   0.1366 |  5.559921e+03 |   +0.04% |  6.24e-08 |                   
      330 |   0.1179 |  5.573499e+03 |   +0.24% |  9.19e-08 |                   
      340 |   0.1064 |  5.574102e+03 |   +0.01% |  1.35e-07 |                   
      343 |   0.0998 |  5.572071e+03 |          |  1.58e-07 |                   
---------------------------------------------------------------                 
[INFO GPL-1001] Global placement finished at iteration 343                      
[INFO GPL-1002] Placed Cell Area            11633.9672                          
[INFO GPL-1003] Available Free Area         24251.2704                          
[INFO GPL-1004] Minimum Feasible Density        0.4800 (cell_area / free_area)  
[INFO GPL-1006]   Suggested Target Densities:                                   
[INFO GPL-1007]     - For 90% usage of free space: 0.5330                       
[INFO GPL-1008]     - For 80% usage of free space: 0.5997                       
[INFO GPL-1009]     - For 50% usage of free space: 0.9595                       
[INFO GPL-1014] Final placement area: 11633.97 (+0.00%)                         
Setting global connections for newly added cells…                               
[INFO] Setting global connections...                                            
[INFO ODB-0403] 0 connections made, 0 conflicts skipped.                        
Updating metrics…                                                               
Cell type report:                       Count       Area                        
  Inverter                                 36     195.96                        
  Sequential cell                         139    6809.44                        
  Multi-Input combinational cell          425    4060.63                        
  Total                                   600   11066.03                        
Writing OpenROAD database to                                                    
'/home/matthias/prog/janestreet/emulator/prototypes/systolic-matcher/runs/sys5ns
_u45/24-openroad-globalplacementskipio/systolic_matcher.odb'…                   
Writing netlist to                                                              
'/home/matthias/prog/janestreet/emulator/prototypes/systolic-matcher/runs/sys5ns
_u45/24-openroad-globalplacementskipio/systolic_matcher.nl.v'…                  
Writing powered netlist to                                                      
'/home/matthias/prog/janestreet/emulator/prototypes/systolic-matcher/runs/sys5ns
_u45/24-openroad-globalplacementskipio/systolic_matcher.pnl.v'…                 
Writing layout to                                                               
'/home/matthias/prog/janestreet/emulator/prototypes/systolic-matcher/runs/sys5ns
_u45/24-openroad-globalplacementskipio/systolic_matcher.def'…                   
Writing timing constraints to                                                   
'/home/matthias/prog/janestreet/emulator/prototypes/systolic-matcher/runs/sys5ns
_u45/24-openroad-globalplacementskipio/systolic_matcher.sdc'…                   
──────────────────────────────── I/O Placement ─────────────────────────────────
[14:30:00] VERBOSE  Running 'OpenROAD.IOPlacement' at               step.py:1138
                    '../runs/sys5ns_u45/25-openroad-ioplacement'…               
[14:30:01] VERBOSE  Logging subprocess to                           step.py:1338
                    '../runs/sys5ns_u45/25-openroad-ioplacement/ope             
                    nroad-ioplacement.log'…                                     
Reading timing models for corner nom_typ_1p20V_25C…                             
Reading timing library for the 'nom_typ_1p20V_25C' corner at                    
'/home/matthias/.ciel/ihp-sg13g2/ihp-sg13g2/libs.ref/sg13g2_stdcell/lib/sg13g2_s
tdcell_typ_1p20V_25C.lib'…                                                      
Reading timing library for the 'nom_typ_1p20V_25C' corner at                    
'/home/matthias/.ciel/ihp-sg13g2/ihp-sg13g2/libs.ref/sg13g2_io/lib/sg13g2_io_typ
_1p2V_3p3V_25C.lib'…                                                            
Reading OpenROAD database at                                                    
'/home/matthias/prog/janestreet/emulator/prototypes/systolic-matcher/runs/sys5ns
_u45/24-openroad-globalplacementskipio/systolic_matcher.odb'…                   
Reading design constraints file at                                              
'/nix/store/8y4m6wgn5kqlbig1qwnwbxijqqp0jwib-python3-3.13.9-env/lib/python3.13/s
ite-packages/librelane/scripts/base.sdc'…                                       
[INFO] Using clock clock…                                                       
[INFO] Setting output delay to: 1.0                                             
[INFO] Setting input delay to: 1.0                                              
[INFO] Setting load to: 0.006                                                   
[INFO] Setting clock uncertainty to: 0.25                                       
[INFO] Setting clock transition to: 0.15                                        
[INFO] Setting timing derate to: 5.0%                                           
+ place_pins -hor_layers Metal3 -ver_layers Metal2                              
Found 0 macro blocks.                                                           
Using 2 tracks default min distance between IO pins.                            
[INFO PPL-0001] Number of available slots 778                                   
[INFO PPL-0002] Number of I/O             11                                    
[INFO PPL-0003] Number of I/O w/sink      11                                    
[INFO PPL-0004] Number of I/O w/o sink    0                                     
[INFO PPL-0005] Slots per section         200                                   
[INFO PPL-0008] Successfully assigned pins to sections.                         
[INFO PPL-0012] I/O nets HPWL: 1202.71 um.                                      
Setting global connections for newly added cells…                               
[INFO] Setting global connections...                                            
[INFO ODB-0403] 0 connections made, 0 conflicts skipped.                        
Updating metrics…                                                               
Cell type report:                       Count       Area                        
  Inverter                                 36     195.96                        
  Sequential cell                         139    6809.44                        
  Multi-Input combinational cell          425    4060.63                        
  Total                                   600   11066.03                        
Writing OpenROAD database to                                                    
'/home/matthias/prog/janestreet/emulator/prototypes/systolic-matcher/runs/sys5ns
_u45/25-openroad-ioplacement/systolic_matcher.odb'…                             
Writing netlist to                                                              
'/home/matthias/prog/janestreet/emulator/prototypes/systolic-matcher/runs/sys5ns
_u45/25-openroad-ioplacement/systolic_matcher.nl.v'…                            
Writing powered netlist to                                                      
'/home/matthias/prog/janestreet/emulator/prototypes/systolic-matcher/runs/sys5ns
_u45/25-openroad-ioplacement/systolic_matcher.pnl.v'…                           
Writing layout to                                                               
'/home/matthias/prog/janestreet/emulator/prototypes/systolic-matcher/runs/sys5ns
_u45/25-openroad-ioplacement/systolic_matcher.def'…                             
Writing timing constraints to                                                   
'/home/matthias/prog/janestreet/emulator/prototypes/systolic-matcher/runs/sys5ns
_u45/25-openroad-ioplacement/systolic_matcher.sdc'…                             
─────────────────────── Custom I/O Pin Placement Script ────────────────────────
[14:30:01] VERBOSE  Running 'Odb.CustomIOPlacement' at              step.py:1138
                    '../runs/sys5ns_u45/26-odb-customioplacement'…              
[14:30:01] INFO     No custom I/O placement file configured, skipping odb.py:718
                    'Odb.CustomIOPlacement'…                                    
────────────────────────────── Apply DEF Template ──────────────────────────────
[14:30:01] VERBOSE  Running 'Odb.ApplyDEFTemplate' at               step.py:1138
                    '../runs/sys5ns_u45/27-odb-applydeftemplate'…               
[14:30:01] INFO     No DEF template provided, skipping                odb.py:302
                    'Odb.ApplyDEFTemplate'…                                     
─────────────────────────────── Global Placement ───────────────────────────────
[14:30:01] VERBOSE  Running 'OpenROAD.GlobalPlacement' at           step.py:1138
                    '../runs/sys5ns_u45/28-openroad-globalplacement             
                    '…                                                          
[14:30:01] VERBOSE  Logging subprocess to                           step.py:1338
                    '../runs/sys5ns_u45/28-openroad-globalplacement             
                    /openroad-globalplacement.log'…                             
Reading timing models for corner nom_typ_1p20V_25C…                             
Reading timing library for the 'nom_typ_1p20V_25C' corner at                    
'/home/matthias/.ciel/ihp-sg13g2/ihp-sg13g2/libs.ref/sg13g2_stdcell/lib/sg13g2_s
tdcell_typ_1p20V_25C.lib'…                                                      
Reading timing library for the 'nom_typ_1p20V_25C' corner at                    
'/home/matthias/.ciel/ihp-sg13g2/ihp-sg13g2/libs.ref/sg13g2_io/lib/sg13g2_io_typ
_1p2V_3p3V_25C.lib'…                                                            
Reading OpenROAD database at                                                    
'/home/matthias/prog/janestreet/emulator/prototypes/systolic-matcher/runs/sys5ns
_u45/25-openroad-ioplacement/systolic_matcher.odb'…                             
Reading design constraints file at                                              
'/nix/store/8y4m6wgn5kqlbig1qwnwbxijqqp0jwib-python3-3.13.9-env/lib/python3.13/s
ite-packages/librelane/scripts/base.sdc'…                                       
[INFO] Using clock clock…                                                       
[INFO] Setting output delay to: 1.0                                             
[INFO] Setting input delay to: 1.0                                              
[INFO] Setting load to: 0.006                                                   
[INFO] Setting clock uncertainty to: 0.25                                       
[INFO] Setting clock transition to: 0.15                                        
[INFO] Setting timing derate to: 5.0%                                           
[INFO] Setting signal min routing layer to: Metal2 and clock min routing layer  
to Metal2.                                                                      
[INFO] Setting signal max routing layer to: TopMetal2 and clock max routing     
layer to TopMetal2.                                                             
+ global_placement -density 0.55 -routability_driven -pad_right 0 -pad_left 0   
-init_wirelength_coef 0.25                                                      
[INFO GPL-0001] ---- Initialize GPL Main Data Structures                        
[INFO GPL-0002] DBU: 1000                                                       
[INFO GPL-0003] SiteSize: (  0.480  3.780 ) um                                  
[INFO GPL-0004] CoreBBox: (  5.760 15.120 ) ( 162.240 170.100 ) um              
[INFO GPL-0036] Movable instances area:      11066.026 um^2                     
[INFO GPL-0037] Total instances area:        11066.026 um^2                     
[INFO GPL-0035] Pin density area adjust:       567.942 um^2                     
[INFO GPL-0032] ---- Initialize Region: Top-level                               
[INFO GPL-0006] Number of instances:               600                          
[INFO GPL-0007] Movable instances:                 600                          
[INFO GPL-0008] Fixed instances:                     0                          
[INFO GPL-0009] Dummy instances:                     0                          
[INFO GPL-0010] Number of nets:                    605                          
[INFO GPL-0011] Number of pins:                   1836                          
[INFO GPL-0012] Die BBox:  (  0.000  0.000 ) ( 168.335 187.055 ) um             
[INFO GPL-0013] Core BBox: (  5.760 15.120 ) ( 162.240 170.100 ) um             
[INFO GPL-0016] Core area:                   24251.270 um^2                     
[INFO GPL-0014] Region name: top-level.                                         
[INFO GPL-0015] Region area:                 24251.270 um^2                     
[INFO GPL-0017] Fixed instances area:            0.000 um^2                     
[INFO GPL-0018] Movable instances area:      11633.967 um^2                     
[INFO GPL-0019] Utilization:                    47.973 %                        
[INFO GPL-0020] Standard cells area:         11633.967 um^2                     
[INFO GPL-0021] Large instances area:            0.000 um^2                     
[INFO GPL-0005] ---- Execute Conjugate Gradient Initial Placement.              
[INFO GPL-0051] Source of initial instance position counters:                   
        Odb location = 600      Core center = 0 Region center = 0               
[InitialPlace]  Iter: 1 conjugate gradient residual: 0.00167147 HPWL: 13334764  
[InitialPlace]  Iter: 2 conjugate gradient residual: 0.00018168 HPWL: 10759326  
[InitialPlace]  Iter: 3 conjugate gradient residual: 0.00001194 HPWL: 10262210  
[InitialPlace]  Iter: 4 conjugate gradient residual: 0.00015516 HPWL: 10115665  
[InitialPlace]  Iter: 5 conjugate gradient residual: 0.00002159 HPWL: 10044017  
[InitialPlace]  Iter: 6 conjugate gradient residual: 0.00000536 HPWL: 10009357  
[INFO GPL-0033] ---- Initialize Nesterov Region: Top-level                      
[INFO GPL-0023] Placement target density:       0.5500                          
[INFO GPL-0024] Movable insts average area:     19.390 um^2                     
[INFO GPL-0025] Ideal bin area:                 35.254 um^2                     
[INFO GPL-0026] Ideal bin count:                   687                          
[INFO GPL-0027] Total bin area:              24251.270 um^2                     
[INFO GPL-0028] Bin count (X, Y):          16 ,     16                          
[INFO GPL-0029] Bin size (W * H):       9.780 *  9.686 um                       
[INFO GPL-0030] Number of bins:                    256                          
[INFO GPL-0007] ---- Execute Nesterov Global Placement.                         
[INFO GPL-0031] HPWL: Half-Perimeter Wirelength                                 
Iteration | Overflow |     HPWL (um) |  HPWL(%) |   Penalty | Group             
---------------------------------------------------------------                 
        0 |   0.8242 |  2.809589e+03 |   +0.00% |  1.59e-14 |                   
       10 |   0.8078 |  3.202390e+03 |  +13.98% |  2.59e-14 |                   
       20 |   0.8195 |  3.369745e+03 |   +5.23% |  4.21e-14 |                   
       30 |   0.8332 |  3.501723e+03 |   +3.92% |  6.86e-14 |                   
       40 |   0.8352 |  3.564412e+03 |   +1.79% |  1.12e-13 |                   
       50 |   0.8375 |  3.560186e+03 |   -0.12% |  1.82e-13 |                   
       60 |   0.8406 |  3.507319e+03 |   -1.48% |  2.96e-13 |                   
       70 |   0.8403 |  3.452102e+03 |   -1.57% |  4.83e-13 |                   
       80 |   0.8451 |  3.424052e+03 |   -0.81% |  7.87e-13 |                   
       90 |   0.8405 |  3.427495e+03 |   +0.10% |  1.28e-12 |                   
      100 |   0.8391 |  3.441857e+03 |   +0.42% |  2.09e-12 |                   
      110 |   0.8403 |  3.453599e+03 |   +0.34% |  3.40e-12 |                   
      120 |   0.8381 |  3.458037e+03 |   +0.13% |  5.54e-12 |                   
      130 |   0.8312 |  3.453309e+03 |   -0.14% |  9.02e-12 |                   
      140 |   0.8248 |  3.459713e+03 |   +0.19% |  1.47e-11 |                   
      150 |   0.8155 |  3.483450e+03 |   +0.69% |  2.39e-11 |                   
      160 |   0.7964 |  3.554200e+03 |   +2.03% |  3.90e-11 |                   
      170 |   0.7582 |  3.786887e+03 |   +6.55% |  6.35e-11 |                   
      180 |   0.7035 |  4.090104e+03 |   +8.01% |  1.03e-10 |                   
      190 |   0.6693 |  4.275612e+03 |   +4.54% |  1.68e-10 |                   
      200 |   0.6256 |  4.418021e+03 |   +3.33% |  2.74e-10 |                   
[INFO GPL-0038] Routability snapshot saved at iter = 208                        
      207 |   0.5965 |  4.519142e+03 |          |           |                   
      210 |   0.5820 |  4.565349e+03 |   +3.33% |  4.47e-10 |                   
      220 |   0.5354 |  4.724820e+03 |   +3.49% |  7.28e-10 |                   
      230 |   0.4871 |  4.942311e+03 |   +4.60% |  1.19e-09 |                   
      240 |   0.4305 |  5.141965e+03 |   +4.04% |  1.93e-09 |                   
      250 |   0.3779 |  5.307655e+03 |   +3.22% |  3.15e-09 |                   
      260 |   0.3258 |  5.532818e+03 |   +4.24% |  4.97e-09 |                   
[INFO GPL-0040] Routability iteration: 1                                        
[INFO GPL-0041] Total routing overflow: 0.0000                                  
[INFO GPL-0042] Number of overflowed tiles: 0 (0.00%)                           
[INFO GPL-0043] Average top 0.5% routing congestion: 0.5716                     
[INFO GPL-0044] Average top 1.0% routing congestion: 0.5634                     
[INFO GPL-0045] Average top 2.0% routing congestion: 0.5520                     
[INFO GPL-0046] Average top 5.0% routing congestion: 0.5379                     
[INFO GPL-0047] Routability iteration weighted routing congestion: 0.5675       
[INFO GPL-0050] Weighted routing congestion is lower than target routing        
congestion(1.0100), end routability optimization.                               
[INFO GPL-0090] Routability finished. Target routing congestion achieved        
succesfully.                                                                    
Iteration | Overflow |     HPWL (um) |  HPWL(%) |   Penalty | Group             
---------------------------------------------------------------                 
      270 |   0.2834 |  5.620929e+03 |   +1.59% |  7.33e-09 |                   
      280 |   0.2499 |  5.698430e+03 |   +1.38% |  1.08e-08 |                   
      290 |   0.2250 |  5.811212e+03 |   +1.98% |  1.59e-08 |                   
      300 |   0.1965 |  5.903329e+03 |   +1.59% |  2.34e-08 |                   
      310 |   0.1729 |  5.978040e+03 |   +1.27% |  3.45e-08 |                   
      320 |   0.1493 |  6.024056e+03 |   +0.77% |  5.08e-08 |                   
      330 |   0.1315 |  6.022808e+03 |   -0.02% |  7.49e-08 |                   
      340 |   0.1130 |  6.019198e+03 |   -0.06% |  1.10e-07 |                   
      346 |   0.0990 |  6.010472e+03 |          |  1.45e-07 |                   
---------------------------------------------------------------                 
[INFO GPL-1001] Global placement finished at iteration 346                      
[INFO GPL-1003] Routability mode iteration count: 59                            
[INFO GPL-1005] Routability final weighted congestion: 0.6001                   
[INFO GPL-1002] Placed Cell Area            11633.9672                          
[INFO GPL-1003] Available Free Area         24251.2704                          
[INFO GPL-1004] Minimum Feasible Density        0.4800 (cell_area / free_area)  
[INFO GPL-1006]   Suggested Target Densities:                                   
[INFO GPL-1007]     - For 90% usage of free space: 0.5330                       
[INFO GPL-1008]     - For 80% usage of free space: 0.5997                       
[INFO GPL-1009]     - For 50% usage of free space: 0.9595                       
[INFO GPL-1011] Original area (um^2): 11633.97                                  
[INFO GPL-1012] Total routability artificial inflation: 0.00 (+0.00%)           
[INFO GPL-1014] Final placement area: 11633.97 (+0.00%)                         
Setting global connections for newly added cells…                               
[INFO] Setting global connections...                                            
[INFO ODB-0403] 0 connections made, 0 conflicts skipped.                        
Updating metrics…                                                               
Cell type report:                       Count       Area                        
  Inverter                                 36     195.96                        
  Sequential cell                         139    6809.44                        
  Multi-Input combinational cell          425    4060.63                        
  Total                                   600   11066.03                        
Writing OpenROAD database to                                                    
'/home/matthias/prog/janestreet/emulator/prototypes/systolic-matcher/runs/sys5ns
_u45/28-openroad-globalplacement/systolic_matcher.odb'…                         
Writing netlist to                                                              
'/home/matthias/prog/janestreet/emulator/prototypes/systolic-matcher/runs/sys5ns
_u45/28-openroad-globalplacement/systolic_matcher.nl.v'…                        
Writing powered netlist to                                                      
'/home/matthias/prog/janestreet/emulator/prototypes/systolic-matcher/runs/sys5ns
_u45/28-openroad-globalplacement/systolic_matcher.pnl.v'…                       
Writing layout to                                                               
'/home/matthias/prog/janestreet/emulator/prototypes/systolic-matcher/runs/sys5ns
_u45/28-openroad-globalplacement/systolic_matcher.def'…                         
Writing timing constraints to                                                   
'/home/matthias/prog/janestreet/emulator/prototypes/systolic-matcher/runs/sys5ns
_u45/28-openroad-globalplacement/systolic_matcher.sdc'…                         
───────────────────────────── Write Verilog Header ─────────────────────────────
[14:30:01] VERBOSE  Running 'Odb.WriteVerilogHeader' at             step.py:1138
                    '../runs/sys5ns_u45/29-odb-writeverilogheader'…             
[14:30:01] VERBOSE  Logging subprocess to                           step.py:1338
                    '../runs/sys5ns_u45/29-odb-writeverilogheader/o             
                    db-writeverilogheader.log'…                                 
───────────────────────── Power Grid Violation Checker ─────────────────────────
[14:30:02] VERBOSE  Running 'Checker.PowerGridViolations' at        step.py:1138
                    '../runs/sys5ns_u45/30-checker-powergridviolati             
                    ons'…                                                       
[14:30:02] INFO     Check for power grid violations (as reported  checker.py:131
                    by OpenROAD PSM- you may ignore these if LVS                
                    passes) clear.                                              
─────────────────────── Static Timing Analysis (Mid-PnR) ───────────────────────
[14:30:02] VERBOSE  Running 'OpenROAD.STAMidPNR' at                 step.py:1138
                    '../runs/sys5ns_u45/31-openroad-stamidpnr'…                 
[14:30:02] VERBOSE  Logging subprocess to                           step.py:1338
                    '../runs/sys5ns_u45/31-openroad-stamidpnr/openr             
                    oad-stamidpnr.log'…                                         
Reading timing models for corner nom_typ_1p20V_25C…                             
Reading timing library for the 'nom_typ_1p20V_25C' corner at                    
'/home/matthias/.ciel/ihp-sg13g2/ihp-sg13g2/libs.ref/sg13g2_stdcell/lib/sg13g2_s
tdcell_typ_1p20V_25C.lib'…                                                      
Reading timing library for the 'nom_typ_1p20V_25C' corner at                    
'/home/matthias/.ciel/ihp-sg13g2/ihp-sg13g2/libs.ref/sg13g2_io/lib/sg13g2_io_typ
_1p2V_3p3V_25C.lib'…                                                            
Reading OpenROAD database at                                                    
'/home/matthias/prog/janestreet/emulator/prototypes/systolic-matcher/runs/sys5ns
_u45/28-openroad-globalplacement/systolic_matcher.odb'…                         
Reading design constraints file at                                              
'/nix/store/8y4m6wgn5kqlbig1qwnwbxijqqp0jwib-python3-3.13.9-env/lib/python3.13/s
ite-packages/librelane/scripts/base.sdc'…                                       
[INFO] Using clock clock…                                                       
[INFO] Setting output delay to: 1.0                                             
[INFO] Setting input delay to: 1.0                                              
[INFO] Setting load to: 0.006                                                   
[INFO] Setting clock uncertainty to: 0.25                                       
[INFO] Setting clock transition to: 0.15                                        
[INFO] Setting timing derate to: 5.0%                                           
──────────────────── Repair Design (Post-Global Placement) ─────────────────────
[14:30:02] VERBOSE  Running 'OpenROAD.RepairDesignPostGPL' at       step.py:1138
                    '../runs/sys5ns_u45/32-openroad-repairdesignpos             
                    tgpl'…                                                      
[14:30:02] VERBOSE  Logging subprocess to                           step.py:1338
                    '../runs/sys5ns_u45/32-openroad-repairdesignpos             
                    tgpl/openroad-repairdesignpostgpl.log'…                     
Reading timing models for corner nom_fast_1p32V_m40C…                           
Reading timing library for the 'nom_fast_1p32V_m40C' corner at                  
'/home/matthias/.ciel/ihp-sg13g2/ihp-sg13g2/libs.ref/sg13g2_stdcell/lib/sg13g2_s
tdcell_fast_1p32V_m40C.lib'…                                                    
Reading timing library for the 'nom_fast_1p32V_m40C' corner at                  
'/home/matthias/.ciel/ihp-sg13g2/ihp-sg13g2/libs.ref/sg13g2_io/lib/sg13g2_io_fas
t_1p32V_3p6V_m40C.lib'…                                                         
Reading timing models for corner nom_slow_1p08V_125C…                           
Reading timing library for the 'nom_slow_1p08V_125C' corner at                  
'/home/matthias/.ciel/ihp-sg13g2/ihp-sg13g2/libs.ref/sg13g2_stdcell/lib/sg13g2_s
tdcell_slow_1p08V_125C.lib'…                                                    
Reading timing library for the 'nom_slow_1p08V_125C' corner at                  
'/home/matthias/.ciel/ihp-sg13g2/ihp-sg13g2/libs.ref/sg13g2_io/lib/sg13g2_io_slo
w_1p08V_3p0V_125C.lib'…                                                         
Reading timing models for corner nom_typ_1p20V_25C…                             
Reading timing library for the 'nom_typ_1p20V_25C' corner at                    
'/home/matthias/.ciel/ihp-sg13g2/ihp-sg13g2/libs.ref/sg13g2_stdcell/lib/sg13g2_s
tdcell_typ_1p20V_25C.lib'…                                                      
Reading timing library for the 'nom_typ_1p20V_25C' corner at                    
'/home/matthias/.ciel/ihp-sg13g2/ihp-sg13g2/libs.ref/sg13g2_io/lib/sg13g2_io_typ
_1p2V_3p3V_25C.lib'…                                                            
Reading OpenROAD database at                                                    
'/home/matthias/prog/janestreet/emulator/prototypes/systolic-matcher/runs/sys5ns
_u45/28-openroad-globalplacement/systolic_matcher.odb'…                         
Reading design constraints file at                                              
'/nix/store/8y4m6wgn5kqlbig1qwnwbxijqqp0jwib-python3-3.13.9-env/lib/python3.13/s
ite-packages/librelane/scripts/base.sdc'…                                       
[INFO] Using clock clock…                                                       
[INFO] Setting output delay to: 1.0                                             
[INFO] Setting input delay to: 1.0                                              
[INFO] Setting load to: 0.006                                                   
[INFO] Setting clock uncertainty to: 0.25                                       
[INFO] Setting clock transition to: 0.15                                        
[INFO] Setting timing derate to: 5.0%                                           
[INFO RSZ-0027] Inserted 4 sg13g2_buf_1 input buffers.                          
[INFO RSZ-0028] Inserted 6 sg13g2_buf_1 output buffers.                         
+ repair_design -verbose -max_wire_length 0.0 -slew_margin 20.0 -cap_margin 20.0
Iteration |   Area    | Resized | Buffers | Nets repaired | Remaining           
---------------------------------------------------------------------           
        0 |     +0.0% |       0 |       0 |             0 |       615           
       10 |     +0.0% |       0 |       0 |             0 |       605           
       20 |     +0.0% |       0 |       0 |             0 |       595           
       30 |     +0.0% |       0 |       0 |             0 |       585           
       40 |     +0.0% |       0 |       0 |             0 |       575           
       50 |     +0.0% |       0 |       0 |             0 |       565           
       60 |     +0.0% |       0 |       0 |             0 |       555           
       70 |     +0.0% |       0 |       0 |             0 |       545           
       80 |     +0.0% |       0 |       0 |             0 |       535           
       90 |     +0.0% |       0 |       0 |             0 |       525           
      100 |     +0.0% |       0 |       0 |             0 |       515           
      110 |     +0.0% |       0 |       0 |             0 |       505           
      120 |     +0.0% |       0 |       0 |             0 |       495           
      130 |     +0.0% |       0 |       0 |             0 |       485           
      140 |     +0.0% |       0 |       0 |             0 |       475           
      150 |     +0.0% |       0 |       0 |             0 |       465           
      160 |     +0.0% |       0 |       0 |             0 |       455           
      170 |     +0.0% |       0 |       0 |             0 |       445           
      180 |     +0.0% |       0 |       0 |             0 |       435           
      190 |     +0.0% |       0 |       0 |             0 |       425           
      200 |     +0.0% |       0 |       0 |             0 |       415           
      210 |     +0.0% |       0 |       0 |             0 |       405           
      220 |     +0.0% |       0 |       0 |             0 |       395           
      230 |     +0.0% |       0 |       0 |             0 |       385           
      240 |     +0.0% |       0 |       0 |             0 |       375           
      250 |     +0.0% |       0 |       0 |             0 |       365           
      260 |     +0.0% |       0 |       0 |             0 |       355           
      270 |     +0.0% |       0 |       0 |             0 |       345           
      280 |     +0.0% |       0 |       0 |             0 |       335           
      290 |     +0.0% |       0 |       0 |             0 |       325           
      300 |     +0.0% |       0 |       0 |             0 |       315           
      310 |     +0.0% |       0 |       0 |             0 |       305           
      320 |     +0.0% |       0 |       0 |             0 |       295           
      330 |     +0.0% |       0 |       0 |             0 |       285           
      340 |     +0.0% |       0 |       0 |             0 |       275           
      350 |     +0.0% |       0 |       0 |             0 |       265           
      360 |     +0.0% |       0 |       0 |             0 |       255           
      370 |     +0.0% |       0 |       0 |             0 |       245           
      380 |     +0.0% |       0 |       0 |             0 |       235           
      390 |     +0.0% |       0 |       0 |             0 |       225           
      400 |     +0.0% |       0 |       0 |             0 |       215           
      410 |     +0.0% |       0 |       0 |             0 |       205           
      420 |     +0.0% |       0 |       0 |             0 |       195           
      430 |     +0.0% |       0 |       0 |             0 |       185           
      440 |     +0.0% |       0 |       0 |             0 |       175           
      450 |     +0.0% |       0 |       0 |             0 |       165           
      460 |     +0.0% |       0 |       0 |             0 |       155           
      470 |     +1.1% |       0 |      17 |             2 |       145           
      480 |     +1.6% |       0 |      24 |             3 |       135           
      490 |     +1.6% |       0 |      24 |             3 |       125           
      500 |     +1.6% |       0 |      24 |             3 |       115           
      510 |     +1.6% |       0 |      24 |             3 |       105           
      520 |     +1.6% |       0 |      24 |             3 |        95           
      530 |     +1.6% |       0 |      24 |             3 |        85           
      540 |     +1.6% |       0 |      24 |             3 |        75           
      550 |     +1.6% |       0 |      24 |             3 |        65           
      560 |     +1.6% |       0 |      24 |             3 |        55           
      570 |     +1.6% |       0 |      24 |             3 |        45           
      580 |     +1.6% |       0 |      24 |             3 |        35           
      590 |     +1.6% |       0 |      24 |             3 |        25           
      600 |     +1.6% |       0 |      24 |             3 |        15           
      610 |     +1.6% |       0 |      24 |             3 |         5           
    final |     +1.6% |       0 |      24 |             3 |         0           
---------------------------------------------------------------------           
[INFO RSZ-0035] Found 3 fanout violations.                                      
[INFO RSZ-0038] Inserted 24 buffers in 3 nets.                                  
[INFO RSZ-0042] Inserted 139 tie sg13g2_tiehi instances.                        
+ detailed_placement -max_displacement  500 100                                 
Placement Analysis                                                              
---------------------------------                                               
total displacement       1735.3 u                                               
average displacement        2.7 u                                               
max displacement           22.5 u                                               
original HPWL            8533.8 u                                               
legalized HPWL           9674.8 u                                               
delta HPWL                   13 %                                               
                                                                                
[INFO DPL-0020] Mirrored 303 instances                                          
[INFO DPL-0021] HPWL before            9674.8 u                                 
[INFO DPL-0022] HPWL after             9295.0 u                                 
[INFO DPL-0023] HPWL delta               -3.9 %                                 
Setting global connections for newly added cells…                               
[INFO] Setting global connections...                                            
[INFO ODB-0403] 346 connections made, 0 conflicts skipped.                      
Updating metrics…                                                               
Cell type report:                       Count       Area                        
  Timing Repair Buffer                     34     246.76                        
  Inverter                                 36     195.96                        
  Sequential cell                         139    6809.44                        
  Multi-Input combinational cell          425    4060.63                        
  Total                                   634   11312.78                        
Writing OpenROAD database to                                                    
'/home/matthias/prog/janestreet/emulator/prototypes/systolic-matcher/runs/sys5ns
_u45/32-openroad-repairdesignpostgpl/systolic_matcher.odb'…                     
Writing netlist to                                                              
'/home/matthias/prog/janestreet/emulator/prototypes/systolic-matcher/runs/sys5ns
_u45/32-openroad-repairdesignpostgpl/systolic_matcher.nl.v'…                    
Writing powered netlist to                                                      
'/home/matthias/prog/janestreet/emulator/prototypes/systolic-matcher/runs/sys5ns
_u45/32-openroad-repairdesignpostgpl/systolic_matcher.pnl.v'…                   
Writing layout to                                                               
'/home/matthias/prog/janestreet/emulator/prototypes/systolic-matcher/runs/sys5ns
_u45/32-openroad-repairdesignpostgpl/systolic_matcher.def'…                     
Writing timing constraints to                                                   
'/home/matthias/prog/janestreet/emulator/prototypes/systolic-matcher/runs/sys5ns
_u45/32-openroad-repairdesignpostgpl/systolic_matcher.sdc'…                     
─────────────────────────── Manual Global Placement ────────────────────────────
[14:30:03] VERBOSE  Running 'Odb.ManualGlobalPlacement' at          step.py:1138
                    '../runs/sys5ns_u45/33-odb-manualglobalplacemen             
                    t'…                                                         
[14:30:03] INFO     'MANUAL_GLOBAL_PLACEMENTS' not set. Skipping     odb.py:1033
                    'Odb.ManualGlobalPlacement'…                                
────────────────────────────── Detailed Placement ──────────────────────────────
[14:30:03] VERBOSE  Running 'OpenROAD.DetailedPlacement' at         step.py:1138
                    '../runs/sys5ns_u45/34-openroad-detailedplaceme             
                    nt'…                                                        
[14:30:03] VERBOSE  Logging subprocess to                           step.py:1338
                    '../runs/sys5ns_u45/34-openroad-detailedplaceme             
                    nt/openroad-detailedplacement.log'…                         
Reading timing models for corner nom_typ_1p20V_25C…                             
Reading timing library for the 'nom_typ_1p20V_25C' corner at                    
'/home/matthias/.ciel/ihp-sg13g2/ihp-sg13g2/libs.ref/sg13g2_stdcell/lib/sg13g2_s
tdcell_typ_1p20V_25C.lib'…                                                      
Reading timing library for the 'nom_typ_1p20V_25C' corner at                    
'/home/matthias/.ciel/ihp-sg13g2/ihp-sg13g2/libs.ref/sg13g2_io/lib/sg13g2_io_typ
_1p2V_3p3V_25C.lib'…                                                            
Reading OpenROAD database at                                                    
'/home/matthias/prog/janestreet/emulator/prototypes/systolic-matcher/runs/sys5ns
_u45/32-openroad-repairdesignpostgpl/systolic_matcher.odb'…                     
Reading design constraints file at                                              
'/nix/store/8y4m6wgn5kqlbig1qwnwbxijqqp0jwib-python3-3.13.9-env/lib/python3.13/s
ite-packages/librelane/scripts/base.sdc'…                                       
[INFO] Using clock clock…                                                       
[INFO] Setting output delay to: 1.0                                             
[INFO] Setting input delay to: 1.0                                              
[INFO] Setting load to: 0.006                                                   
[INFO] Setting clock uncertainty to: 0.25                                       
[INFO] Setting clock transition to: 0.15                                        
[INFO] Setting timing derate to: 5.0%                                           
+ detailed_placement -max_displacement  500 100                                 
Placement Analysis                                                              
---------------------------------                                               
total displacement          0.0 u                                               
average displacement        0.0 u                                               
max displacement            0.0 u                                               
original HPWL            9295.0 u                                               
legalized HPWL           9674.8 u                                               
delta HPWL                    4 %                                               
                                                                                
[INFO DPL-0020] Mirrored 303 instances                                          
[INFO DPL-0021] HPWL before            9674.8 u                                 
[INFO DPL-0022] HPWL after             9295.0 u                                 
[INFO DPL-0023] HPWL delta               -3.9 %                                 
Setting global connections for newly added cells…                               
[INFO] Setting global connections...                                            
[INFO ODB-0403] 0 connections made, 0 conflicts skipped.                        
Updating metrics…                                                               
Cell type report:                       Count       Area                        
  Timing Repair Buffer                     34     246.76                        
  Inverter                                 36     195.96                        
  Sequential cell                         139    6809.44                        
  Multi-Input combinational cell          425    4060.63                        
  Total                                   634   11312.78                        
Writing OpenROAD database to                                                    
'/home/matthias/prog/janestreet/emulator/prototypes/systolic-matcher/runs/sys5ns
_u45/34-openroad-detailedplacement/systolic_matcher.odb'…                       
Writing netlist to                                                              
'/home/matthias/prog/janestreet/emulator/prototypes/systolic-matcher/runs/sys5ns
_u45/34-openroad-detailedplacement/systolic_matcher.nl.v'…                      
Writing powered netlist to                                                      
'/home/matthias/prog/janestreet/emulator/prototypes/systolic-matcher/runs/sys5ns
_u45/34-openroad-detailedplacement/systolic_matcher.pnl.v'…                     
Writing layout to                                                               
'/home/matthias/prog/janestreet/emulator/prototypes/systolic-matcher/runs/sys5ns
_u45/34-openroad-detailedplacement/systolic_matcher.def'…                       
Writing timing constraints to                                                   
'/home/matthias/prog/janestreet/emulator/prototypes/systolic-matcher/runs/sys5ns
_u45/34-openroad-detailedplacement/systolic_matcher.sdc'…                       
───────────────────────────── Clock Tree Synthesis ─────────────────────────────
[14:30:03] VERBOSE  Running 'OpenROAD.CTS' at                       step.py:1138
                    '../runs/sys5ns_u45/35-openroad-cts'…                       
[14:30:03] VERBOSE  Logging subprocess to                           step.py:1338
                    '../runs/sys5ns_u45/35-openroad-cts/openroad-ct             
                    s.log'…                                                     
Reading timing models for corner nom_fast_1p32V_m40C…                           
Reading timing library for the 'nom_fast_1p32V_m40C' corner at                  
'/home/matthias/.ciel/ihp-sg13g2/ihp-sg13g2/libs.ref/sg13g2_stdcell/lib/sg13g2_s
tdcell_fast_1p32V_m40C.lib'…                                                    
Reading timing library for the 'nom_fast_1p32V_m40C' corner at                  
'/home/matthias/.ciel/ihp-sg13g2/ihp-sg13g2/libs.ref/sg13g2_io/lib/sg13g2_io_fas
t_1p32V_3p6V_m40C.lib'…                                                         
Reading timing models for corner nom_slow_1p08V_125C…                           
Reading timing library for the 'nom_slow_1p08V_125C' corner at                  
'/home/matthias/.ciel/ihp-sg13g2/ihp-sg13g2/libs.ref/sg13g2_stdcell/lib/sg13g2_s
tdcell_slow_1p08V_125C.lib'…                                                    
Reading timing library for the 'nom_slow_1p08V_125C' corner at                  
'/home/matthias/.ciel/ihp-sg13g2/ihp-sg13g2/libs.ref/sg13g2_io/lib/sg13g2_io_slo
w_1p08V_3p0V_125C.lib'…                                                         
Reading timing models for corner nom_typ_1p20V_25C…                             
Reading timing library for the 'nom_typ_1p20V_25C' corner at                    
'/home/matthias/.ciel/ihp-sg13g2/ihp-sg13g2/libs.ref/sg13g2_stdcell/lib/sg13g2_s
tdcell_typ_1p20V_25C.lib'…                                                      
Reading timing library for the 'nom_typ_1p20V_25C' corner at                    
'/home/matthias/.ciel/ihp-sg13g2/ihp-sg13g2/libs.ref/sg13g2_io/lib/sg13g2_io_typ
_1p2V_3p3V_25C.lib'…                                                            
Reading OpenROAD database at                                                    
'/home/matthias/prog/janestreet/emulator/prototypes/systolic-matcher/runs/sys5ns
_u45/34-openroad-detailedplacement/systolic_matcher.odb'…                       
Reading design constraints file at                                              
'/nix/store/8y4m6wgn5kqlbig1qwnwbxijqqp0jwib-python3-3.13.9-env/lib/python3.13/s
ite-packages/librelane/scripts/base.sdc'…                                       
[INFO] Using clock clock…                                                       
[INFO] Setting output delay to: 1.0                                             
[INFO] Setting input delay to: 1.0                                              
[INFO] Setting load to: 0.006                                                   
[INFO] Setting clock uncertainty to: 0.25                                       
[INFO] Setting clock transition to: 0.15                                        
[INFO] Setting timing derate to: 5.0%                                           
[INFO] Configuring cts characterization…                                        
+ configure_cts_characterization                                                
[INFO] Performing clock tree synthesis…                                         
[INFO] Looking for the following net(s): clock                                  
[INFO] Running Clock Tree Synthesis…                                            
+ clock_tree_synthesis -buf_list sg13g2_buf_8 sg13g2_buf_4 sg13g2_buf_2         
-root_buf sg13g2_buf_16 -sink_clustering_enable -apply_ndr half                 
[INFO CTS-0050] Root buffer is sg13g2_buf_16.                                   
[INFO CTS-0051] Sink buffer is sg13g2_buf_8.                                    
[INFO CTS-0052] The following clock buffers will be used for CTS:               
                    sg13g2_buf_2                                                
                    sg13g2_buf_4                                                
                    sg13g2_buf_8                                                
[INFO CTS-0049] Characterization buffer is sg13g2_buf_8.                        
[INFO CTS-0007] Net "clock" found for clock "clock".                            
[INFO CTS-0010]  Clock net "clock" has 139 sinks.                               
[INFO CTS-0008] TritonCTS found 1 clock nets.                                   
[INFO CTS-0097] Characterization used 3 buffer(s) types.                        
[INFO CTS-0201] 0 blockages from hard placement blockages and placed macros will
be used.                                                                        
[INFO CTS-0027] Generating H-Tree topology for net clock.                       
[INFO CTS-0028]  Total number of sinks: 139.                                    
[INFO CTS-0090]  Sinks will be clustered based on buffer max cap.               
[INFO CTS-0030]  Number of static layers: 0.                                    
[INFO CTS-0020]  Wire segment unit: 18900  dbu (18 um).                         
[INFO CTS-0023]  Original sink region: [(15360, 24360), (156000, 164640)].      
[INFO CTS-0024]  Normalized sink region: [(0.812698, 1.28889), (8.25397,        
8.71111)].                                                                      
[INFO CTS-0025]     Width:  7.4413.                                             
[INFO CTS-0026]     Height: 7.4222.                                             
 Level 1                                                                        
    Direction: Horizontal                                                       
    Sinks per sub-region: 70                                                    
    Sub-region size: 3.7206 X 7.4222                                            
[INFO CTS-0034]     Segment length (rounded): 2.                                
 Level 2                                                                        
    Direction: Vertical                                                         
    Sinks per sub-region: 35                                                    
    Sub-region size: 3.7206 X 3.7111                                            
[INFO CTS-0034]     Segment length (rounded): 2.                                
 Level 3                                                                        
    Direction: Horizontal                                                       
    Sinks per sub-region: 18                                                    
    Sub-region size: 1.8603 X 3.7111                                            
[INFO CTS-0034]     Segment length (rounded): 1.                                
 Level 4                                                                        
    Direction: Vertical                                                         
    Sinks per sub-region: 9                                                     
    Sub-region size: 1.8603 X 1.8556                                            
[INFO CTS-0034]     Segment length (rounded): 1.                                
 Level 5                                                                        
    Direction: Horizontal                                                       
    Sinks per sub-region: 5                                                     
    Sub-region size: 0.9302 X 1.8556                                            
[INFO CTS-0034]     Segment length (rounded): 1.                                
[INFO CTS-0032]  Stop criterion found. Max number of sinks is 8.                
[INFO CTS-0035]  Number of sinks covered: 139.                                  
[INFO CTS-0018]     Created 49 clock buffers.                                   
[INFO CTS-0012]     Minimum number of buffers in the clock path: 3.             
[INFO CTS-0013]     Maximum number of buffers in the clock path: 3.             
[INFO CTS-0015]     Created 49 clock nets.                                      
[INFO CTS-0016]     Fanout distribution for the current clock = 4:21, 5:11..    
[INFO CTS-0017]     Max level of the clock tree: 5.                             
[INFO CTS-0098] Clock net "clock"                                               
[INFO CTS-0099]  Sinks 150                                                      
[INFO CTS-0100]  Leaf buffers 0                                                 
[INFO CTS-0101]  Average sink wire length 255.78 um                             
[INFO CTS-0102]  Path depth 3 - 3                                               
[INFO CTS-0207]  Dummy loads inserted 11                                        
[INFO] Repairing long wires on clock nets…                                      
[INFO RSZ-0058] Using max wire length 2937um.                                   
Setting global connections for newly added cells…                               
[INFO] Setting global connections...                                            
[INFO ODB-0403] 120 connections made, 0 conflicts skipped.                      
Updating metrics…                                                               
Cell type report:                       Count       Area                        
  Clock buffer                             49    1874.28                        
  Timing Repair Buffer                     34     246.76                        
  Inverter                                 36     195.96                        
  Clock inverter                           11      59.88                        
  Sequential cell                         139    6809.44                        
  Multi-Input combinational cell          425    4060.63                        
  Total                                   694   13246.93                        
Writing OpenROAD database to                                                    
'/home/matthias/prog/janestreet/emulator/prototypes/systolic-matcher/runs/sys5ns
_u45/35-openroad-cts/systolic_matcher.odb'…                                     
Writing netlist to                                                              
'/home/matthias/prog/janestreet/emulator/prototypes/systolic-matcher/runs/sys5ns
_u45/35-openroad-cts/systolic_matcher.nl.v'…                                    
Writing powered netlist to                                                      
'/home/matthias/prog/janestreet/emulator/prototypes/systolic-matcher/runs/sys5ns
_u45/35-openroad-cts/systolic_matcher.pnl.v'…                                   
Writing layout to                                                               
'/home/matthias/prog/janestreet/emulator/prototypes/systolic-matcher/runs/sys5ns
_u45/35-openroad-cts/systolic_matcher.def'…                                     
Writing timing constraints to                                                   
'/home/matthias/prog/janestreet/emulator/prototypes/systolic-matcher/runs/sys5ns
_u45/35-openroad-cts/systolic_matcher.sdc'…                                     
[INFO] Legalizing…                                                              
+ detailed_placement -max_displacement  500 100                                 
Placement Analysis                                                              
---------------------------------                                               
total displacement        582.9 u                                               
average displacement        0.8 u                                               
max displacement            9.5 u                                               
original HPWL           11237.2 u                                               
legalized HPWL          11843.4 u                                               
delta HPWL                    5 %                                               
                                                                                
[INFO DPL-0020] Mirrored 318 instances                                          
[INFO DPL-0021] HPWL before           11843.4 u                                 
[INFO DPL-0022] HPWL after            11347.6 u                                 
[INFO DPL-0023] HPWL delta               -4.2 %                                 
Setting global connections for newly added cells…                               
[INFO] Setting global connections...                                            
[INFO ODB-0403] 0 connections made, 0 conflicts skipped.                        
Updating metrics…                                                               
Cell type report:                       Count       Area                        
  Clock buffer                             49    1874.28                        
  Timing Repair Buffer                     34     246.76                        
  Inverter                                 36     195.96                        
  Clock inverter                           11      59.88                        
  Sequential cell                         139    6809.44                        
  Multi-Input combinational cell          425    4060.63                        
  Total                                   694   13246.93                        
Writing OpenROAD database to                                                    
'/home/matthias/prog/janestreet/emulator/prototypes/systolic-matcher/runs/sys5ns
_u45/35-openroad-cts/systolic_matcher.odb'…                                     
Writing netlist to                                                              
'/home/matthias/prog/janestreet/emulator/prototypes/systolic-matcher/runs/sys5ns
_u45/35-openroad-cts/systolic_matcher.nl.v'…                                    
Writing powered netlist to                                                      
'/home/matthias/prog/janestreet/emulator/prototypes/systolic-matcher/runs/sys5ns
_u45/35-openroad-cts/systolic_matcher.pnl.v'…                                   
Writing layout to                                                               
'/home/matthias/prog/janestreet/emulator/prototypes/systolic-matcher/runs/sys5ns
_u45/35-openroad-cts/systolic_matcher.def'…                                     
Writing timing constraints to                                                   
'/home/matthias/prog/janestreet/emulator/prototypes/systolic-matcher/runs/sys5ns
_u45/35-openroad-cts/systolic_matcher.sdc'…                                     
─────────────────────── Static Timing Analysis (Mid-PnR) ───────────────────────
[14:30:07] VERBOSE  Running 'OpenROAD.STAMidPNR-1' at               step.py:1138
                    '../runs/sys5ns_u45/36-openroad-stamidpnr-1'…               
[14:30:07] VERBOSE  Logging subprocess to                           step.py:1338
                    '../runs/sys5ns_u45/36-openroad-stamidpnr-1/ope             
                    nroad-stamidpnr-1.log'…                                     
Reading timing models for corner nom_typ_1p20V_25C…                             
Reading timing library for the 'nom_typ_1p20V_25C' corner at                    
'/home/matthias/.ciel/ihp-sg13g2/ihp-sg13g2/libs.ref/sg13g2_stdcell/lib/sg13g2_s
tdcell_typ_1p20V_25C.lib'…                                                      
Reading timing library for the 'nom_typ_1p20V_25C' corner at                    
'/home/matthias/.ciel/ihp-sg13g2/ihp-sg13g2/libs.ref/sg13g2_io/lib/sg13g2_io_typ
_1p2V_3p3V_25C.lib'…                                                            
Reading OpenROAD database at                                                    
'/home/matthias/prog/janestreet/emulator/prototypes/systolic-matcher/runs/sys5ns
_u45/35-openroad-cts/systolic_matcher.odb'…                                     
Reading design constraints file at                                              
'/nix/store/8y4m6wgn5kqlbig1qwnwbxijqqp0jwib-python3-3.13.9-env/lib/python3.13/s
ite-packages/librelane/scripts/base.sdc'…                                       
[INFO] Using clock clock…                                                       
[INFO] Setting output delay to: 1.0                                             
[INFO] Setting input delay to: 1.0                                              
[INFO] Setting load to: 0.006                                                   
[INFO] Setting clock uncertainty to: 0.25                                       
[INFO] Setting clock transition to: 0.15                                        
[INFO] Setting timing derate to: 5.0%                                           
─────────── Resizer Timing Optimizations (Post-Clock Tree Synthesis) ───────────
[14:30:08] VERBOSE  Running 'OpenROAD.ResizerTimingPostCTS' at      step.py:1138
                    '../runs/sys5ns_u45/37-openroad-resizertimingpo             
                    stcts'…                                                     
[14:30:08] VERBOSE  Logging subprocess to                           step.py:1338
                    '../runs/sys5ns_u45/37-openroad-resizertimingpo             
                    stcts/openroad-resizertimingpostcts.log'…                   
Reading timing models for corner nom_fast_1p32V_m40C…                           
Reading timing library for the 'nom_fast_1p32V_m40C' corner at                  
'/home/matthias/.ciel/ihp-sg13g2/ihp-sg13g2/libs.ref/sg13g2_stdcell/lib/sg13g2_s
tdcell_fast_1p32V_m40C.lib'…                                                    
Reading timing library for the 'nom_fast_1p32V_m40C' corner at                  
'/home/matthias/.ciel/ihp-sg13g2/ihp-sg13g2/libs.ref/sg13g2_io/lib/sg13g2_io_fas
t_1p32V_3p6V_m40C.lib'…                                                         
Reading timing models for corner nom_slow_1p08V_125C…                           
Reading timing library for the 'nom_slow_1p08V_125C' corner at                  
'/home/matthias/.ciel/ihp-sg13g2/ihp-sg13g2/libs.ref/sg13g2_stdcell/lib/sg13g2_s
tdcell_slow_1p08V_125C.lib'…                                                    
Reading timing library for the 'nom_slow_1p08V_125C' corner at                  
'/home/matthias/.ciel/ihp-sg13g2/ihp-sg13g2/libs.ref/sg13g2_io/lib/sg13g2_io_slo
w_1p08V_3p0V_125C.lib'…                                                         
Reading timing models for corner nom_typ_1p20V_25C…                             
Reading timing library for the 'nom_typ_1p20V_25C' corner at                    
'/home/matthias/.ciel/ihp-sg13g2/ihp-sg13g2/libs.ref/sg13g2_stdcell/lib/sg13g2_s
tdcell_typ_1p20V_25C.lib'…                                                      
Reading timing library for the 'nom_typ_1p20V_25C' corner at                    
'/home/matthias/.ciel/ihp-sg13g2/ihp-sg13g2/libs.ref/sg13g2_io/lib/sg13g2_io_typ
_1p2V_3p3V_25C.lib'…                                                            
Reading OpenROAD database at                                                    
'/home/matthias/prog/janestreet/emulator/prototypes/systolic-matcher/runs/sys5ns
_u45/35-openroad-cts/systolic_matcher.odb'…                                     
Reading design constraints file at                                              
'/nix/store/8y4m6wgn5kqlbig1qwnwbxijqqp0jwib-python3-3.13.9-env/lib/python3.13/s
ite-packages/librelane/scripts/base.sdc'…                                       
[INFO] Using clock clock…                                                       
[INFO] Setting output delay to: 1.0                                             
[INFO] Setting input delay to: 1.0                                              
[INFO] Setting load to: 0.006                                                   
[INFO] Setting clock uncertainty to: 0.25                                       
[INFO] Setting clock transition to: 0.15                                        
[INFO] Setting timing derate to: 5.0%                                           
+ repair_timing -verbose -setup -setup_margin                                   
0.05000000000000000277555756156289135105907917022705078125 -max_buffer_percent  
50.0                                                                            
[INFO RSZ-0100] Repair move sequence: UnbufferMove SizeUpMove SwapPinsMove      
BufferMove CloneMove SplitLoadMove                                              
[INFO RSZ-0098] No setup violations found                                       
+ repair_timing -verbose -hold -setup_margin                                    
0.05000000000000000277555756156289135105907917022705078125 -hold_margin         
0.1000000000000000055511151231257827021181583404541015625 -max_buffer_percent   
50.0                                                                            
[INFO RSZ-0046] Found 138 endpoints with hold violations.                       
Iteration | Resized | Buffers | Cloned Gates |   Area   |   WNS   |   TNS   |   
Endpoint                                                                        
--------------------------------------------------------------------------------
------                                                                          
        0 |       0 |       0 |            0 |    +0.0% |  -0.099 |  -8.350 |   
_1253_/D                                                                        
       10 |       0 |       9 |            0 |    +1.1% |  -0.087 |  -7.509 |   
_1241_/D                                                                        
       20 |       0 |      23 |            0 |    +2.8% |  -0.081 |  -6.670 |   
_1230_/D                                                                        
       30 |       0 |      40 |            0 |    +4.9% |  -0.078 |  -5.858 |   
_1165_/D                                                                        
       40 |       0 |      61 |            0 |    +7.5% |  -0.076 |  -4.983 |   
_1189_/D                                                                        
       50 |       0 |      89 |            0 |   +11.0% |  -0.073 |  -4.203 |   
_1140_/D                                                                        
       60 |       0 |     107 |            0 |   +13.2% |  -0.070 |  -3.486 |   
_1250_/D                                                                        
       70 |       0 |     131 |            0 |   +16.1% |  -0.066 |  -2.831 |   
_1124_/D                                                                        
       80 |       0 |     154 |            0 |   +19.0% |  -0.054 |  -2.256 |   
_1258_/D                                                                        
       90 |       0 |     171 |            0 |   +21.1% |  -0.046 |  -1.730 |   
_1127_/D                                                                        
      100 |       0 |     187 |            0 |   +23.1% |  -0.041 |  -1.190 |   
_1144_/D                                                                        
      110 |       0 |     204 |            0 |   +25.1% |  -0.039 |  -0.840 |   
_1251_/D                                                                        
      120 |       0 |     214 |            0 |   +26.4% |  -0.038 |  -0.552 |   
_1184_/D                                                                        
      130 |       0 |     226 |            0 |   +27.9% |  -0.033 |  -0.261 |   
_1138_/D                                                                        
    final |       0 |     241 |            0 |   +29.7% |   0.137 |   0.000 |   
_1253_/D                                                                        
--------------------------------------------------------------------------------
------                                                                          
[INFO RSZ-0032] Inserted 241 hold buffers.                                      
+ detailed_placement -max_displacement  500 100                                 
Placement Analysis                                                              
---------------------------------                                               
total displacement       2537.8 u                                               
average displacement        2.7 u                                               
max displacement           15.3 u                                               
original HPWL           12589.3 u                                               
legalized HPWL          15453.5 u                                               
delta HPWL                   23 %                                               
                                                                                
[INFO DPL-0020] Mirrored 474 instances                                          
[INFO DPL-0021] HPWL before           15453.5 u                                 
[INFO DPL-0022] HPWL after            14574.6 u                                 
[INFO DPL-0023] HPWL delta               -5.7 %                                 
Setting global connections for newly added cells…                               
[INFO] Setting global connections...                                            
[INFO ODB-0403] 482 connections made, 0 conflicts skipped.                      
Updating metrics…                                                               
Cell type report:                       Count       Area                        
  Clock buffer                             49    1874.28                        
  Timing Repair Buffer                    275    4182.19                        
  Inverter                                 36     195.96                        
  Clock inverter                           11      59.88                        
  Sequential cell                         139    6809.44                        
  Multi-Input combinational cell          425    4060.63                        
  Total                                   935   17182.37                        
Writing OpenROAD database to                                                    
'/home/matthias/prog/janestreet/emulator/prototypes/systolic-matcher/runs/sys5ns
_u45/37-openroad-resizertimingpostcts/systolic_matcher.odb'…                    
Writing netlist to                                                              
'/home/matthias/prog/janestreet/emulator/prototypes/systolic-matcher/runs/sys5ns
_u45/37-openroad-resizertimingpostcts/systolic_matcher.nl.v'…                   
Writing powered netlist to                                                      
'/home/matthias/prog/janestreet/emulator/prototypes/systolic-matcher/runs/sys5ns
_u45/37-openroad-resizertimingpostcts/systolic_matcher.pnl.v'…                  
Writing layout to                                                               
'/home/matthias/prog/janestreet/emulator/prototypes/systolic-matcher/runs/sys5ns
_u45/37-openroad-resizertimingpostcts/systolic_matcher.def'…                    
Writing timing constraints to                                                   
'/home/matthias/prog/janestreet/emulator/prototypes/systolic-matcher/runs/sys5ns
_u45/37-openroad-resizertimingpostcts/systolic_matcher.sdc'…                    
─────────────────────── Static Timing Analysis (Mid-PnR) ───────────────────────
[14:30:08] VERBOSE  Running 'OpenROAD.STAMidPNR-2' at               step.py:1138
                    '../runs/sys5ns_u45/38-openroad-stamidpnr-2'…               
[14:30:08] VERBOSE  Logging subprocess to                           step.py:1338
                    '../runs/sys5ns_u45/38-openroad-stamidpnr-2/ope             
                    nroad-stamidpnr-2.log'…                                     
Reading timing models for corner nom_typ_1p20V_25C…                             
Reading timing library for the 'nom_typ_1p20V_25C' corner at                    
'/home/matthias/.ciel/ihp-sg13g2/ihp-sg13g2/libs.ref/sg13g2_stdcell/lib/sg13g2_s
tdcell_typ_1p20V_25C.lib'…                                                      
Reading timing library for the 'nom_typ_1p20V_25C' corner at                    
'/home/matthias/.ciel/ihp-sg13g2/ihp-sg13g2/libs.ref/sg13g2_io/lib/sg13g2_io_typ
_1p2V_3p3V_25C.lib'…                                                            
Reading OpenROAD database at                                                    
'/home/matthias/prog/janestreet/emulator/prototypes/systolic-matcher/runs/sys5ns
_u45/37-openroad-resizertimingpostcts/systolic_matcher.odb'…                    
Reading design constraints file at                                              
'/nix/store/8y4m6wgn5kqlbig1qwnwbxijqqp0jwib-python3-3.13.9-env/lib/python3.13/s
ite-packages/librelane/scripts/base.sdc'…                                       
[INFO] Using clock clock…                                                       
[INFO] Setting output delay to: 1.0                                             
[INFO] Setting input delay to: 1.0                                              
[INFO] Setting load to: 0.006                                                   
[INFO] Setting clock uncertainty to: 0.25                                       
[INFO] Setting clock transition to: 0.15                                        
[INFO] Setting timing derate to: 5.0%                                           
──────────────────────────────── Global Routing ────────────────────────────────
[14:30:09] VERBOSE  Running 'OpenROAD.GlobalRouting' at             step.py:1138
                    '../runs/sys5ns_u45/39-openroad-globalrouting'…             
[14:30:09] VERBOSE  Logging subprocess to                           step.py:1338
                    '../runs/sys5ns_u45/39-openroad-globalrouting/o             
                    penroad-globalrouting.log'…                                 
Reading timing models for corner nom_typ_1p20V_25C…                             
Reading timing library for the 'nom_typ_1p20V_25C' corner at                    
'/home/matthias/.ciel/ihp-sg13g2/ihp-sg13g2/libs.ref/sg13g2_stdcell/lib/sg13g2_s
tdcell_typ_1p20V_25C.lib'…                                                      
Reading timing library for the 'nom_typ_1p20V_25C' corner at                    
'/home/matthias/.ciel/ihp-sg13g2/ihp-sg13g2/libs.ref/sg13g2_io/lib/sg13g2_io_typ
_1p2V_3p3V_25C.lib'…                                                            
Reading OpenROAD database at                                                    
'/home/matthias/prog/janestreet/emulator/prototypes/systolic-matcher/runs/sys5ns
_u45/37-openroad-resizertimingpostcts/systolic_matcher.odb'…                    
Reading design constraints file at                                              
'/nix/store/8y4m6wgn5kqlbig1qwnwbxijqqp0jwib-python3-3.13.9-env/lib/python3.13/s
ite-packages/librelane/scripts/base.sdc'…                                       
[INFO] Using clock clock…                                                       
[INFO] Setting output delay to: 1.0                                             
[INFO] Setting input delay to: 1.0                                              
[INFO] Setting load to: 0.006                                                   
[INFO] Setting clock uncertainty to: 0.25                                       
[INFO] Setting clock transition to: 0.15                                        
[INFO] Setting timing derate to: 5.0%                                           
[INFO] Setting signal min routing layer to: Metal2 and clock min routing layer  
to Metal2.                                                                      
[INFO] Setting signal max routing layer to: TopMetal2 and clock max routing     
layer to TopMetal2.                                                             
+ global_route -congestion_iterations 50 -verbose                               
[INFO GRT-0020] Min routing layer: Metal2                                       
[INFO GRT-0021] Max routing layer: TopMetal2                                    
[INFO GRT-0022] Global adjustment: 30%                                          
[INFO GRT-0023] Grid origin: (0, 0)                                             
[INFO GRT-0088] Layer Metal1  Track-Pitch = 0.4200  line-2-Via Pitch: 0.3650    
[INFO GRT-0088] Layer Metal2  Track-Pitch = 0.4800  line-2-Via Pitch: 0.4150    
[INFO GRT-0088] Layer Metal3  Track-Pitch = 0.4200  line-2-Via Pitch: 0.4150    
[INFO GRT-0088] Layer Metal4  Track-Pitch = 0.4800  line-2-Via Pitch: 0.4150    
[INFO GRT-0088] Layer Metal5  Track-Pitch = 0.4200  line-2-Via Pitch: 0.6200    
[INFO GRT-0088] Layer TopMetal1 Track-Pitch = 2.2800  line-2-Via Pitch: 3.4100  
[INFO GRT-0088] Layer TopMetal2 Track-Pitch = 4.0000  line-2-Via Pitch: 3.9500  
[INFO GRT-0003] Macros: 0                                                       
[INFO GRT-0004] Blockages: 0                                                    
[INFO GRT-0019] Found 50 clock nets.                                            
[INFO GRT-0001] Minimum degree: 2                                               
[INFO GRT-0002] Maximum degree: 17                                              
                                                                                
[INFO GRT-0053] Routing resources analysis:                                     
          Routing      Original      Derated      Resource                      
Layer     Direction    Resources     Resources    Reduction (%)                 
---------------------------------------------------------------                 
Metal1     Horizontal          0             0          0.00%                   
Metal2     Vertical         8043          5340          33.61%                  
Metal3     Horizontal       9704          6353          34.53%                  
Metal4     Vertical         8043          5340          33.61%                  
Metal5     Horizontal       9618          6291          34.59%                  
TopMetal1    Vertical         1642          1016          38.12%                
TopMetal2    Horizontal        902           550          39.02%                
---------------------------------------------------------------                 
                                                                                
[INFO GRT-0197] Via related to pin nodes: 3908                                  
[INFO GRT-0198] Via related Steiner nodes: 55                                   
[INFO GRT-0199] Via filling finished.                                           
[INFO GRT-0111] Final number of vias: 4685                                      
[INFO GRT-0112] Final usage 3D: 16292                                           
                                                                                
[INFO GRT-0096] Final congestion report:                                        
Layer         Resource        Demand        Usage (%)    Max H / Max V / Total  
Overflow                                                                        
--------------------------------------------------------------------------------
-------                                                                         
Metal1               0             0            0.00%             0 /  0 /  0   
Metal2            5340          1239           23.20%             0 /  0 /  0   
Metal3            6353           998           15.71%             0 /  0 /  0   
Metal4            5340             0            0.00%             0 /  0 /  0   
Metal5            6291             0            0.00%             0 /  0 /  0   
TopMetal1           1016             0            0.00%             0 /  0 /  0 
TopMetal2            550             0            0.00%             0 /  0 /  0 
--------------------------------------------------------------------------------
-------                                                                         
Total            24890          2237            8.99%             0 /  0 /  0   
                                                                                
[INFO GRT-0018] Total wirelength: 27036 um                                      
[INFO GRT-0014] Routed nets: 929                                                
[INFO GRT-0303] Global routing runtime = 00:00:00                               
Setting global connections for newly added cells…                               
[INFO] Setting global connections...                                            
[INFO ODB-0403] 0 connections made, 0 conflicts skipped.                        
Updating metrics…                                                               
Cell type report:                       Count       Area                        
  Clock buffer                             49    1874.28                        
  Timing Repair Buffer                    275    4182.19                        
  Inverter                                 36     195.96                        
  Clock inverter                           11      59.88                        
  Sequential cell                         139    6809.44                        
  Multi-Input combinational cell          425    4060.63                        
  Total                                   935   17182.37                        
Writing OpenROAD database to                                                    
'/home/matthias/prog/janestreet/emulator/prototypes/systolic-matcher/runs/sys5ns
_u45/39-openroad-globalrouting/systolic_matcher.odb'…                           
Writing layout to                                                               
'/home/matthias/prog/janestreet/emulator/prototypes/systolic-matcher/runs/sys5ns
_u45/39-openroad-globalrouting/systolic_matcher.def'…                           
──────────────────────────────── Check Antennas ────────────────────────────────
[14:30:09] VERBOSE  Running 'OpenROAD.CheckAntennas' at             step.py:1138
                    '../runs/sys5ns_u45/40-openroad-checkantennas'…             
[14:30:09] VERBOSE  Logging subprocess to                           step.py:1338
                    '../runs/sys5ns_u45/40-openroad-checkantennas/o             
                    penroad-checkantennas.log'…                                 
Reading timing models for corner nom_typ_1p20V_25C…                             
Reading timing library for the 'nom_typ_1p20V_25C' corner at                    
'/home/matthias/.ciel/ihp-sg13g2/ihp-sg13g2/libs.ref/sg13g2_stdcell/lib/sg13g2_s
tdcell_typ_1p20V_25C.lib'…                                                      
Reading timing library for the 'nom_typ_1p20V_25C' corner at                    
'/home/matthias/.ciel/ihp-sg13g2/ihp-sg13g2/libs.ref/sg13g2_io/lib/sg13g2_io_typ
_1p2V_3p3V_25C.lib'…                                                            
Reading OpenROAD database at                                                    
'/home/matthias/prog/janestreet/emulator/prototypes/systolic-matcher/runs/sys5ns
_u45/39-openroad-globalrouting/systolic_matcher.odb'…                           
Reading design constraints file at                                              
'/nix/store/8y4m6wgn5kqlbig1qwnwbxijqqp0jwib-python3-3.13.9-env/lib/python3.13/s
ite-packages/librelane/scripts/base.sdc'…                                       
[INFO] Using clock clock…                                                       
[INFO] Setting output delay to: 1.0                                             
[INFO] Setting input delay to: 1.0                                              
[INFO] Setting load to: 0.006                                                   
[INFO] Setting clock uncertainty to: 0.25                                       
[INFO] Setting clock transition to: 0.15                                        
[INFO] Setting timing derate to: 5.0%                                           
[14:30:10] INFO     Gating variable for step                   sequential.py:362
                    'OpenROAD.RepairDesignPostGRT' set to                       
                    'False'- the step will be skipped.                          
[14:30:10] INFO     Skipping step 'Repair Design (Post-Global  sequential.py:370
                    Routing)'…                                                  
────────────────────── Diodes on Ports Protection Routine ──────────────────────
[14:30:10] VERBOSE  Running 'Odb.DiodesOnPorts' at                  step.py:1138
                    '../runs/sys5ns_u45/41-odb-diodesonports'…                  
[14:30:10] INFO     'DIODE_ON_PORTS' is set to 'none': skipping       odb.py:820
                    'Odb.DiodesOnPorts'…                                        
[14:30:10] INFO     Gating variable for step                   sequential.py:362
                    'Odb.HeuristicDiodeInsertion' set to                        
                    'False'- the step will be skipped.                          
[14:30:10] INFO     Skipping step 'Heuristic Diode Insertion'… sequential.py:370
──────────────────────────────── Antenna Repair ────────────────────────────────
[14:30:10] VERBOSE  Running 'OpenROAD.RepairAntennas' at            step.py:1138
                    '../runs/sys5ns_u45/42-openroad-repairantennas'             
                    …                                                           
─────────────────────────────── Diode Insertion ────────────────────────────────
[14:30:10] VERBOSE  Running 'OpenROAD.DiodeInsertion' at            step.py:1138
                    '../runs/sys5ns_u45/42-openroad-repairantennas/             
                    1-openroad-diodeinsertion'…                                 
[14:30:10] VERBOSE  Logging subprocess to                           step.py:1338
                    '../runs/sys5ns_u45/42-openroad-repairantennas/             
                    1-openroad-diodeinsertion/openroad-diodeinserti             
                    on.log'…                                                    
Reading timing models for corner nom_typ_1p20V_25C…                             
Reading timing library for the 'nom_typ_1p20V_25C' corner at                    
'/home/matthias/.ciel/ihp-sg13g2/ihp-sg13g2/libs.ref/sg13g2_stdcell/lib/sg13g2_s
tdcell_typ_1p20V_25C.lib'…                                                      
Reading timing library for the 'nom_typ_1p20V_25C' corner at                    
'/home/matthias/.ciel/ihp-sg13g2/ihp-sg13g2/libs.ref/sg13g2_io/lib/sg13g2_io_typ
_1p2V_3p3V_25C.lib'…                                                            
Reading OpenROAD database at                                                    
'/home/matthias/prog/janestreet/emulator/prototypes/systolic-matcher/runs/sys5ns
_u45/39-openroad-globalrouting/systolic_matcher.odb'…                           
Reading design constraints file at                                              
'/nix/store/8y4m6wgn5kqlbig1qwnwbxijqqp0jwib-python3-3.13.9-env/lib/python3.13/s
ite-packages/librelane/scripts/base.sdc'…                                       
[INFO] Using clock clock…                                                       
[INFO] Setting output delay to: 1.0                                             
[INFO] Setting input delay to: 1.0                                              
[INFO] Setting load to: 0.006                                                   
[INFO] Setting clock uncertainty to: 0.25                                       
[INFO] Setting clock transition to: 0.15                                        
[INFO] Setting timing derate to: 5.0%                                           
+ repair_antennas sg13g2_antennanp -iterations 3 -ratio_margin 10               
[INFO GRT-0012] Found 0 antenna violations.                                     
Setting global connections for newly added cells…                               
[INFO] Setting global connections...                                            
[INFO ODB-0403] 0 connections made, 0 conflicts skipped.                        
Updating metrics…                                                               
Cell type report:                       Count       Area                        
  Clock buffer                             49    1874.28                        
  Timing Repair Buffer                    275    4182.19                        
  Inverter                                 36     195.96                        
  Clock inverter                           11      59.88                        
  Sequential cell                         139    6809.44                        
  Multi-Input combinational cell          425    4060.63                        
  Total                                   935   17182.37                        
Writing OpenROAD database to                                                    
'/home/matthias/prog/janestreet/emulator/prototypes/systolic-matcher/runs/sys5ns
_u45/42-openroad-repairantennas/1-openroad-diodeinsertion/systolic_matcher.odb'…
Writing layout to                                                               
'/home/matthias/prog/janestreet/emulator/prototypes/systolic-matcher/runs/sys5ns
_u45/42-openroad-repairantennas/1-openroad-diodeinsertion/systolic_matcher.def'…
──────────────────────────────── Check Antennas ────────────────────────────────
[14:30:10] VERBOSE  Running 'OpenROAD.CheckAntennas' at             step.py:1138
                    '../runs/sys5ns_u45/42-openroad-repairantennas/             
                    2-openroad-checkantennas'…                                  
[14:30:10] VERBOSE  Logging subprocess to                           step.py:1338
                    '../runs/sys5ns_u45/42-openroad-repairantennas/             
                    2-openroad-checkantennas/openroad-checkantennas             
                    .log'…                                                      
Reading timing models for corner nom_typ_1p20V_25C…                             
Reading timing library for the 'nom_typ_1p20V_25C' corner at                    
'/home/matthias/.ciel/ihp-sg13g2/ihp-sg13g2/libs.ref/sg13g2_stdcell/lib/sg13g2_s
tdcell_typ_1p20V_25C.lib'…                                                      
Reading timing library for the 'nom_typ_1p20V_25C' corner at                    
'/home/matthias/.ciel/ihp-sg13g2/ihp-sg13g2/libs.ref/sg13g2_io/lib/sg13g2_io_typ
_1p2V_3p3V_25C.lib'…                                                            
Reading OpenROAD database at                                                    
'/home/matthias/prog/janestreet/emulator/prototypes/systolic-matcher/runs/sys5ns
_u45/42-openroad-repairantennas/1-openroad-diodeinsertion/systolic_matcher.odb'…
Reading design constraints file at                                              
'/nix/store/8y4m6wgn5kqlbig1qwnwbxijqqp0jwib-python3-3.13.9-env/lib/python3.13/s
ite-packages/librelane/scripts/base.sdc'…                                       
[INFO] Using clock clock…                                                       
[INFO] Setting output delay to: 1.0                                             
[INFO] Setting input delay to: 1.0                                              
[INFO] Setting load to: 0.006                                                   
[INFO] Setting clock uncertainty to: 0.25                                       
[INFO] Setting clock transition to: 0.15                                        
[INFO] Setting timing derate to: 5.0%                                           
[14:30:11] INFO     Gating variable for step                   sequential.py:362
                    'OpenROAD.ResizerTimingPostGRT' set to                      
                    'False'- the step will be skipped.                          
[14:30:11] INFO     Skipping step 'Resizer Timing              sequential.py:370
                    Optimizations (Post-Global Routing)'…                       
─────────────────────── Static Timing Analysis (Mid-PnR) ───────────────────────
[14:30:11] VERBOSE  Running 'OpenROAD.STAMidPNR-3' at               step.py:1138
                    '../runs/sys5ns_u45/43-openroad-stamidpnr-3'…               
[14:30:11] VERBOSE  Logging subprocess to                           step.py:1338
                    '../runs/sys5ns_u45/43-openroad-stamidpnr-3/ope             
                    nroad-stamidpnr-3.log'…                                     
Reading timing models for corner nom_typ_1p20V_25C…                             
Reading timing library for the 'nom_typ_1p20V_25C' corner at                    
'/home/matthias/.ciel/ihp-sg13g2/ihp-sg13g2/libs.ref/sg13g2_stdcell/lib/sg13g2_s
tdcell_typ_1p20V_25C.lib'…                                                      
Reading timing library for the 'nom_typ_1p20V_25C' corner at                    
'/home/matthias/.ciel/ihp-sg13g2/ihp-sg13g2/libs.ref/sg13g2_io/lib/sg13g2_io_typ
_1p2V_3p3V_25C.lib'…                                                            
Reading OpenROAD database at                                                    
'/home/matthias/prog/janestreet/emulator/prototypes/systolic-matcher/runs/sys5ns
_u45/42-openroad-repairantennas/1-openroad-diodeinsertion/systolic_matcher.odb'…
Reading design constraints file at                                              
'/nix/store/8y4m6wgn5kqlbig1qwnwbxijqqp0jwib-python3-3.13.9-env/lib/python3.13/s
ite-packages/librelane/scripts/base.sdc'…                                       
[INFO] Using clock clock…                                                       
[INFO] Setting output delay to: 1.0                                             
[INFO] Setting input delay to: 1.0                                              
[INFO] Setting load to: 0.006                                                   
[INFO] Setting clock uncertainty to: 0.25                                       
[INFO] Setting clock transition to: 0.15                                        
[INFO] Setting timing derate to: 5.0%                                           
─────────────────────────────── Detailed Routing ───────────────────────────────
[14:30:11] VERBOSE  Running 'OpenROAD.DetailedRouting' at           step.py:1138
                    '../runs/sys5ns_u45/44-openroad-detailedrouting             
                    '…                                                          
[14:30:11] INFO     Running TritonRoute with 32 threads…        openroad.py:2004
[14:30:11] VERBOSE  Logging subprocess to                           step.py:1338
                    '../runs/sys5ns_u45/44-openroad-detailedrouting             
                    /openroad-detailedrouting.log'…                             
Reading timing models for corner nom_typ_1p20V_25C…                             
Reading timing library for the 'nom_typ_1p20V_25C' corner at                    
'/home/matthias/.ciel/ihp-sg13g2/ihp-sg13g2/libs.ref/sg13g2_stdcell/lib/sg13g2_s
tdcell_typ_1p20V_25C.lib'…                                                      
Reading timing library for the 'nom_typ_1p20V_25C' corner at                    
'/home/matthias/.ciel/ihp-sg13g2/ihp-sg13g2/libs.ref/sg13g2_io/lib/sg13g2_io_typ
_1p2V_3p3V_25C.lib'…                                                            
Reading OpenROAD database at                                                    
'/home/matthias/prog/janestreet/emulator/prototypes/systolic-matcher/runs/sys5ns
_u45/42-openroad-repairantennas/1-openroad-diodeinsertion/systolic_matcher.odb'…
Reading design constraints file at                                              
'/nix/store/8y4m6wgn5kqlbig1qwnwbxijqqp0jwib-python3-3.13.9-env/lib/python3.13/s
ite-packages/librelane/scripts/base.sdc'…                                       
[INFO] Using clock clock…                                                       
[INFO] Setting output delay to: 1.0                                             
[INFO] Setting input delay to: 1.0                                              
[INFO] Setting load to: 0.006                                                   
[INFO] Setting clock uncertainty to: 0.25                                       
[INFO] Setting clock transition to: 0.15                                        
[INFO] Setting timing derate to: 5.0%                                           
[INFO ORD-0030] Using 32 thread(s).                                             
+ detailed_route -droute_end_iter 64 -or_seed 42 -verbose 1 -output_drc         
/home/matthias/prog/janestreet/emulator/prototypes/systolic-matcher/runs/sys5ns_
u45/44-openroad-detailedrouting/drt-run-0/systolic_matcher.drc                  
[INFO DRT-0149] Reading tech and libs.                                          
[14:30:12] WARNING  [DRT-0349] LEF58_ENCLOSURE with no CUTCLASS  openroad.py:314
                    is not supported. Skipping for layer Cont                   
[14:30:12] WARNING  [DRT-0349] LEF58_ENCLOSURE with no CUTCLASS  openroad.py:314
                    is not supported. Skipping for layer Via1                   
[14:30:12] WARNING  [DRT-0349] LEF58_ENCLOSURE with no CUTCLASS  openroad.py:314
                    is not supported. Skipping for layer Via1                   
[14:30:12] WARNING  [DRT-0349] LEF58_ENCLOSURE with no CUTCLASS  openroad.py:314
                    is not supported. Skipping for layer Via2                   
[14:30:12] WARNING  [DRT-0349] LEF58_ENCLOSURE with no CUTCLASS  openroad.py:314
                    is not supported. Skipping for layer Via3                   
[14:30:12] WARNING  [DRT-0349] LEF58_ENCLOSURE with no CUTCLASS  openroad.py:314
                    is not supported. Skipping for layer Via4                   
[14:30:12] WARNING  [DRT-0349] LEF58_ENCLOSURE with no CUTCLASS  openroad.py:314
                    is not supported. Skipping for layer TopVia1                
[14:30:12] WARNING  [DRT-0349] LEF58_ENCLOSURE with no CUTCLASS  openroad.py:314
                    is not supported. Skipping for layer TopVia1                
[14:30:12] WARNING  [DRT-0349] LEF58_ENCLOSURE with no CUTCLASS  openroad.py:314
                    is not supported. Skipping for layer TopVia2                
[14:30:12] WARNING  [DRT-0349] LEF58_ENCLOSURE with no CUTCLASS  openroad.py:314
                    is not supported. Skipping for layer TopVia2                
                                                                                
Units:                1000                                                      
Number of layers:     15                                                        
Number of macros:     106                                                       
Number of vias:       76                                                        
Number of viarulegen: 6                                                         
                                                                                
[INFO DRT-0150] Reading design.                                                 
                                                                                
Design:                   systolic_matcher                                      
Die area:                 ( 0 0 ) ( 168335 187055 )                             
Number of track patterns: 14                                                    
Number of DEF vias:       0                                                     
Number of components:     935                                                   
Number of terminals:      13                                                    
Number of snets:          2                                                     
Number of nets:           929                                                   
                                                                                
[INFO DRT-0167] List of default vias:                                           
  Layer Via2                                                                    
    default via: Via2_YX                                                        
  Layer Via3                                                                    
    default via: Via3_XY                                                        
  Layer Via4                                                                    
    default via: Via4_YX                                                        
  Layer TopVia1                                                                 
    default via: TopVia1EWNS                                                    
  Layer TopVia2                                                                 
    default via: TopVia2EWNS                                                    
[INFO DRT-0162] Library cell analysis.                                          
[INFO DRT-0163] Instance analysis.                                              
[INFO DRT-0164] Number of unique instances = 81.                                
[INFO DRT-0168] Init region query.                                              
[INFO DRT-0024]   Complete GatPoly.                                             
[INFO DRT-0024]   Complete Cont.                                                
[INFO DRT-0024]   Complete Metal1.                                              
[INFO DRT-0024]   Complete Via1.                                                
[INFO DRT-0024]   Complete Metal2.                                              
[INFO DRT-0024]   Complete Via2.                                                
[INFO DRT-0024]   Complete Metal3.                                              
[INFO DRT-0024]   Complete Via3.                                                
[INFO DRT-0024]   Complete Metal4.                                              
[INFO DRT-0024]   Complete Via4.                                                
[INFO DRT-0024]   Complete Metal5.                                              
[INFO DRT-0024]   Complete TopVia1.                                             
[INFO DRT-0024]   Complete TopMetal1.                                           
[INFO DRT-0024]   Complete TopVia2.                                             
[INFO DRT-0024]   Complete TopMetal2.                                           
[INFO DRT-0033] GatPoly shape region query size = 0.                            
[INFO DRT-0033] Cont shape region query size = 0.                               
[INFO DRT-0033] Metal1 shape region query size = 27403.                         
[INFO DRT-0033] Via1 shape region query size = 420.                             
[INFO DRT-0033] Metal2 shape region query size = 168.                           
[INFO DRT-0033] Via2 shape region query size = 420.                             
[INFO DRT-0033] Metal3 shape region query size = 179.                           
[INFO DRT-0033] Via3 shape region query size = 420.                             
[INFO DRT-0033] Metal4 shape region query size = 168.                           
[INFO DRT-0033] Via4 shape region query size = 420.                             
[INFO DRT-0033] Metal5 shape region query size = 252.                           
[INFO DRT-0033] TopVia1 shape region query size = 168.                          
[INFO DRT-0033] TopMetal1 shape region query size = 100.                        
[INFO DRT-0033] TopVia2 shape region query size = 8.                            
[INFO DRT-0033] TopMetal2 shape region query size = 16.                         
[INFO DRT-0165] Start pin access.                                               
[INFO DRT-0078]   Complete 418 pins.                                            
[INFO DRT-0081]   Complete 81 unique inst patterns.                             
[INFO DRT-0084]   Complete 386 groups.                                          
#scanned instances     = 935                                                    
#unique  instances     = 81                                                     
#stdCellGenAp          = 3676                                                   
#stdCellValidPlanarAp  = 0                                                      
#stdCellValidViaAp     = 2924                                                   
#stdCellPinNoAp        = 0                                                      
#stdCellPinCnt         = 2484                                                   
#instTermValidViaApCnt = 0                                                      
#macroGenAp            = 0                                                      
#macroValidPlanarAp    = 0                                                      
#macroValidViaAp       = 0                                                      
#macroNoAp             = 0                                                      
[INFO DRT-0166] Complete pin access.                                            
[INFO DRT-0267] cpu time = 00:00:22, elapsed time = 00:00:01, memory = 118.56   
(MB), peak = 112.25 (MB)                                                        
                                                                                
[INFO DRT-0157] Number of guides:     5217                                      
                                                                                
[INFO DRT-0169] Post process guides.                                            
[INFO DRT-0176] GCELLGRID X 0 DO 23 STEP 7200 ;                                 
[INFO DRT-0177] GCELLGRID Y 0 DO 25 STEP 7200 ;                                 
[INFO DRT-0028]   Complete GatPoly.                                             
[INFO DRT-0028]   Complete Cont.                                                
[INFO DRT-0028]   Complete Metal1.                                              
[INFO DRT-0028]   Complete Via1.                                                
[INFO DRT-0028]   Complete Metal2.                                              
[INFO DRT-0028]   Complete Via2.                                                
[INFO DRT-0028]   Complete Metal3.                                              
[INFO DRT-0028]   Complete Via3.                                                
[INFO DRT-0028]   Complete Metal4.                                              
[INFO DRT-0028]   Complete Via4.                                                
[INFO DRT-0028]   Complete Metal5.                                              
[INFO DRT-0028]   Complete TopVia1.                                             
[INFO DRT-0028]   Complete TopMetal1.                                           
[INFO DRT-0028]   Complete TopVia2.                                             
[INFO DRT-0028]   Complete TopMetal2.                                           
[INFO DRT-0178] Init guide query.                                               
[INFO DRT-0035]   Complete GatPoly (guide).                                     
[INFO DRT-0035]   Complete Cont (guide).                                        
[INFO DRT-0035]   Complete Metal1 (guide).                                      
[INFO DRT-0035]   Complete Via1 (guide).                                        
[INFO DRT-0035]   Complete Metal2 (guide).                                      
[INFO DRT-0035]   Complete Via2 (guide).                                        
[INFO DRT-0035]   Complete Metal3 (guide).                                      
[INFO DRT-0035]   Complete Via3 (guide).                                        
[INFO DRT-0035]   Complete Metal4 (guide).                                      
[INFO DRT-0035]   Complete Via4 (guide).                                        
[INFO DRT-0035]   Complete Metal5 (guide).                                      
[INFO DRT-0035]   Complete TopVia1 (guide).                                     
[INFO DRT-0035]   Complete TopMetal1 (guide).                                   
[INFO DRT-0035]   Complete TopVia2 (guide).                                     
[INFO DRT-0035]   Complete TopMetal2 (guide).                                   
[INFO DRT-0036] GatPoly guide region query size = 0.                            
[INFO DRT-0036] Cont guide region query size = 0.                               
[INFO DRT-0036] Metal1 guide region query size = 2075.                          
[INFO DRT-0036] Via1 guide region query size = 0.                               
[INFO DRT-0036] Metal2 guide region query size = 1585.                          
[INFO DRT-0036] Via2 guide region query size = 0.                               
[INFO DRT-0036] Metal3 guide region query size = 669.                           
[INFO DRT-0036] Via3 guide region query size = 0.                               
[INFO DRT-0036] Metal4 guide region query size = 1.                             
[INFO DRT-0036] Via4 guide region query size = 0.                               
[INFO DRT-0036] Metal5 guide region query size = 0.                             
[INFO DRT-0036] TopVia1 guide region query size = 0.                            
[INFO DRT-0036] TopMetal1 guide region query size = 0.                          
[INFO DRT-0036] TopVia2 guide region query size = 0.                            
[INFO DRT-0036] TopMetal2 guide region query size = 0.                          
[INFO DRT-0179] Init gr pin query.                                              
[INFO DRT-0267] cpu time = 00:00:00, elapsed time = 00:00:00, memory = 120.26   
(MB), peak = 114.25 (MB)                                                        
[INFO DRT-0245] skipped writing guide updates to database.                      
[INFO DRT-0185] Post process initialize RPin region query.                      
[INFO DRT-0181] Start track assignment.                                         
[INFO DRT-0184] Done with 1586 vertical wires in 1 frboxes and 2744 horizontal  
wires in 1 frboxes.                                                             
[INFO DRT-0186] Done with 310 vertical wires in 1 frboxes and 228 horizontal    
wires in 1 frboxes.                                                             
[INFO DRT-0182] Complete track assignment.                                      
[INFO DRT-0267] cpu time = 00:00:00, elapsed time = 00:00:00, memory = 130.37   
(MB), peak = 124.75 (MB)                                                        
[INFO DRT-0187] Start routing data preparation.                                 
[INFO DRT-0267] cpu time = 00:00:00, elapsed time = 00:00:00, memory = 130.37   
(MB), peak = 124.75 (MB)                                                        
[INFO DRT-0194] Start detail routing.                                           
[INFO DRT-0195] Start 0th optimization iteration.                               
    Completing 10% with 0 violations.                                           
    elapsed time = 00:00:00, memory = 194.25 (MB).                              
    Completing 20% with 0 violations.                                           
    elapsed time = 00:00:01, memory = 173.11 (MB).                              
    Completing 30% with 18 violations.                                          
    elapsed time = 00:00:01, memory = 241.22 (MB).                              
    Completing 40% with 18 violations.                                          
    elapsed time = 00:00:02, memory = 255.32 (MB).                              
    Completing 50% with 18 violations.                                          
    elapsed time = 00:00:03, memory = 227.93 (MB).                              
    Completing 60% with 43 violations.                                          
    elapsed time = 00:00:03, memory = 257.69 (MB).                              
    Completing 70% with 43 violations.                                          
    elapsed time = 00:00:05, memory = 227.97 (MB).                              
    Completing 80% with 54 violations.                                          
    elapsed time = 00:00:05, memory = 267.73 (MB).                              
    Completing 90% with 54 violations.                                          
    elapsed time = 00:00:05, memory = 267.73 (MB).                              
    Completing 100% with 77 violations.                                         
    elapsed time = 00:00:06, memory = 231.62 (MB).                              
[INFO DRT-0199]   Number of violations = 128.                                   
Viol/Layer      Metal1   Via1 Metal2 Metal3                                     
Metal Spacing        0      0     37      6                                     
Off Grid             0      0      1      0                                     
Recheck              1      0     36     14                                     
Short                0      1     24      8                                     
[INFO DRT-0267] cpu time = 00:00:09, elapsed time = 00:00:06, memory = 610.57   
(MB), peak = 605.95 (MB)                                                        
Total wire length = 16109 um.                                                   
Total wire length on LAYER Metal1 = 0 um.                                       
Total wire length on LAYER Metal2 = 9318 um.                                    
Total wire length on LAYER Metal3 = 6788 um.                                    
Total wire length on LAYER Metal4 = 2 um.                                       
Total wire length on LAYER Metal5 = 0 um.                                       
Total wire length on LAYER TopMetal1 = 0 um.                                    
Total wire length on LAYER TopMetal2 = 0 um.                                    
Total number of vias = 4378.                                                    
Up-via summary (total 4378):                                                    
                                                                                
------------------                                                              
   GatPoly       0                                                              
    Metal1    2522                                                              
    Metal2    1853                                                              
    Metal3       3                                                              
    Metal4       0                                                              
    Metal5       0                                                              
 TopMetal1       0                                                              
------------------                                                              
          4378                                                                  
                                                                                
                                                                                
[INFO DRT-0195] Start 1st optimization iteration.                               
    Completing 10% with 128 violations.                                         
    elapsed time = 00:00:00, memory = 651.67 (MB).                              
    Completing 20% with 128 violations.                                         
    elapsed time = 00:00:01, memory = 669.32 (MB).                              
    Completing 30% with 107 violations.                                         
    elapsed time = 00:00:01, memory = 719.09 (MB).                              
    Completing 40% with 107 violations.                                         
    elapsed time = 00:00:01, memory = 719.33 (MB).                              
    Completing 50% with 107 violations.                                         
    elapsed time = 00:00:03, memory = 718.68 (MB).                              
    Completing 60% with 68 violations.                                          
    elapsed time = 00:00:03, memory = 750.74 (MB).                              
    Completing 70% with 68 violations.                                          
    elapsed time = 00:00:04, memory = 761.05 (MB).                              
    Completing 80% with 43 violations.                                          
    elapsed time = 00:00:04, memory = 772.57 (MB).                              
    Completing 90% with 43 violations.                                          
    elapsed time = 00:00:04, memory = 772.57 (MB).                              
    Completing 100% with 23 violations.                                         
    elapsed time = 00:00:05, memory = 772.57 (MB).                              
[INFO DRT-0199]   Number of violations = 23.                                    
Viol/Layer      Metal2 Metal3                                                   
Metal Spacing       15      1                                                   
Short                7      0                                                   
[INFO DRT-0267] cpu time = 00:00:08, elapsed time = 00:00:05, memory = 775.57   
(MB), peak = 770.32 (MB)                                                        
Total wire length = 16018 um.                                                   
Total wire length on LAYER Metal1 = 0 um.                                       
Total wire length on LAYER Metal2 = 9309 um.                                    
Total wire length on LAYER Metal3 = 6689 um.                                    
Total wire length on LAYER Metal4 = 20 um.                                      
Total wire length on LAYER Metal5 = 0 um.                                       
Total wire length on LAYER TopMetal1 = 0 um.                                    
Total wire length on LAYER TopMetal2 = 0 um.                                    
Total number of vias = 4323.                                                    
Up-via summary (total 4323):                                                    
                                                                                
------------------                                                              
   GatPoly       0                                                              
    Metal1    2514                                                              
    Metal2    1803                                                              
    Metal3       6                                                              
    Metal4       0                                                              
    Metal5       0                                                              
 TopMetal1       0                                                              
------------------                                                              
          4323                                                                  
                                                                                
                                                                                
[INFO DRT-0195] Start 2nd optimization iteration.                               
    Completing 10% with 23 violations.                                          
    elapsed time = 00:00:00, memory = 775.57 (MB).                              
    Completing 20% with 23 violations.                                          
    elapsed time = 00:00:00, memory = 775.57 (MB).                              
    Completing 30% with 23 violations.                                          
    elapsed time = 00:00:00, memory = 775.57 (MB).                              
    Completing 40% with 22 violations.                                          
    elapsed time = 00:00:00, memory = 775.57 (MB).                              
    Completing 50% with 22 violations.                                          
    elapsed time = 00:00:01, memory = 815.58 (MB).                              
    Completing 60% with 4 violations.                                           
    elapsed time = 00:00:01, memory = 815.58 (MB).                              
    Completing 70% with 4 violations.                                           
    elapsed time = 00:00:01, memory = 815.58 (MB).                              
    Completing 80% with 4 violations.                                           
    elapsed time = 00:00:01, memory = 815.58 (MB).                              
    Completing 90% with 4 violations.                                           
    elapsed time = 00:00:01, memory = 815.58 (MB).                              
    Completing 100% with 5 violations.                                          
    elapsed time = 00:00:02, memory = 818.26 (MB).                              
[INFO DRT-0199]   Number of violations = 5.                                     
Viol/Layer      Metal2                                                          
Metal Spacing        3                                                          
Short                2                                                          
[INFO DRT-0267] cpu time = 00:00:03, elapsed time = 00:00:02, memory = 818.35   
(MB), peak = 813.17 (MB)                                                        
Total wire length = 15981 um.                                                   
Total wire length on LAYER Metal1 = 0 um.                                       
Total wire length on LAYER Metal2 = 9250 um.                                    
Total wire length on LAYER Metal3 = 6707 um.                                    
Total wire length on LAYER Metal4 = 23 um.                                      
Total wire length on LAYER Metal5 = 0 um.                                       
Total wire length on LAYER TopMetal1 = 0 um.                                    
Total wire length on LAYER TopMetal2 = 0 um.                                    
Total number of vias = 4335.                                                    
Up-via summary (total 4335):                                                    
                                                                                
------------------                                                              
   GatPoly       0                                                              
    Metal1    2517                                                              
    Metal2    1810                                                              
    Metal3       8                                                              
    Metal4       0                                                              
    Metal5       0                                                              
 TopMetal1       0                                                              
------------------                                                              
          4335                                                                  
                                                                                
                                                                                
[INFO DRT-0195] Start 3rd guides tiles iteration.                               
    Completing 20% with 5 violations.                                           
    elapsed time = 00:00:00, memory = 818.48 (MB).                              
    Completing 40% with 5 violations.                                           
    elapsed time = 00:00:00, memory = 818.48 (MB).                              
    Completing 60% with 2 violations.                                           
    elapsed time = 00:00:00, memory = 818.48 (MB).                              
    Completing 80% with 2 violations.                                           
    elapsed time = 00:00:00, memory = 818.48 (MB).                              
    Completing 100% with 0 violations.                                          
    elapsed time = 00:00:00, memory = 818.48 (MB).                              
[INFO DRT-0199]   Number of violations = 0.                                     
[INFO DRT-0267] cpu time = 00:00:00, elapsed time = 00:00:00, memory = 818.48   
(MB), peak = 813.42 (MB)                                                        
Total wire length = 15970 um.                                                   
Total wire length on LAYER Metal1 = 0 um.                                       
Total wire length on LAYER Metal2 = 9155 um.                                    
Total wire length on LAYER Metal3 = 6708 um.                                    
Total wire length on LAYER Metal4 = 105 um.                                     
Total wire length on LAYER Metal5 = 0 um.                                       
Total wire length on LAYER TopMetal1 = 0 um.                                    
Total wire length on LAYER TopMetal2 = 0 um.                                    
Total number of vias = 4338.                                                    
Up-via summary (total 4338):                                                    
                                                                                
------------------                                                              
   GatPoly       0                                                              
    Metal1    2517                                                              
    Metal2    1809                                                              
    Metal3      12                                                              
    Metal4       0                                                              
    Metal5       0                                                              
 TopMetal1       0                                                              
------------------                                                              
          4338                                                                  
                                                                                
                                                                                
[INFO DRT-0198] Complete detail routing.                                        
Total wire length = 15970 um.                                                   
Total wire length on LAYER Metal1 = 0 um.                                       
Total wire length on LAYER Metal2 = 9155 um.                                    
Total wire length on LAYER Metal3 = 6708 um.                                    
Total wire length on LAYER Metal4 = 105 um.                                     
Total wire length on LAYER Metal5 = 0 um.                                       
Total wire length on LAYER TopMetal1 = 0 um.                                    
Total wire length on LAYER TopMetal2 = 0 um.                                    
Total number of vias = 4338.                                                    
Up-via summary (total 4338):                                                    
                                                                                
------------------                                                              
   GatPoly       0                                                              
    Metal1    2517                                                              
    Metal2    1809                                                              
    Metal3      12                                                              
    Metal4       0                                                              
    Metal5       0                                                              
 TopMetal1       0                                                              
------------------                                                              
          4338                                                                  
                                                                                
                                                                                
[INFO DRT-0267] cpu time = 00:00:22, elapsed time = 00:00:14, memory = 818.60   
(MB), peak = 813.42 (MB)                                                        
                                                                                
[INFO DRT-0180] Post processing.                                                
+ check_antennas                                                                
[INFO ANT-0002] Found 0 net violations.                                         
[INFO ANT-0001] Found 0 pin violations.                                         
Setting global connections for newly added cells…                               
[INFO] Setting global connections...                                            
[INFO ODB-0403] 0 connections made, 0 conflicts skipped.                        
Updating metrics…                                                               
Cell type report:                       Count       Area                        
  Clock buffer                             49    1874.28                        
  Timing Repair Buffer                    275    4182.19                        
  Inverter                                 36     195.96                        
  Clock inverter                           11      59.88                        
  Sequential cell                         139    6809.44                        
  Multi-Input combinational cell          425    4060.63                        
  Total                                   935   17182.37                        
Writing OpenROAD database to                                                    
'/home/matthias/prog/janestreet/emulator/prototypes/systolic-matcher/runs/sys5ns
_u45/44-openroad-detailedrouting/systolic_matcher.odb'…                         
Writing netlist to                                                              
'/home/matthias/prog/janestreet/emulator/prototypes/systolic-matcher/runs/sys5ns
_u45/44-openroad-detailedrouting/systolic_matcher.nl.v'…                        
Writing powered netlist to                                                      
'/home/matthias/prog/janestreet/emulator/prototypes/systolic-matcher/runs/sys5ns
_u45/44-openroad-detailedrouting/systolic_matcher.pnl.v'…                       
Writing layout to                                                               
'/home/matthias/prog/janestreet/emulator/prototypes/systolic-matcher/runs/sys5ns
_u45/44-openroad-detailedrouting/systolic_matcher.def'…                         
Writing timing constraints to                                                   
'/home/matthias/prog/janestreet/emulator/prototypes/systolic-matcher/runs/sys5ns
_u45/44-openroad-detailedrouting/systolic_matcher.sdc'…                         
───────────────────────────── Remove Obstructions ──────────────────────────────
[14:30:29] VERBOSE  Running 'Odb.RemoveRoutingObstructions' at      step.py:1138
                    '../runs/sys5ns_u45/45-odb-removeroutingobstruc             
                    tions'…                                                     
[14:30:29] INFO     'ROUTING_OBSTRUCTIONS' is not defined. Skipping   odb.py:589
                    'Odb.RemoveRoutingObstructions'…                            
──────────────────────────────── Check Antennas ────────────────────────────────
[14:30:29] VERBOSE  Running 'OpenROAD.CheckAntennas-1' at           step.py:1138
                    '../runs/sys5ns_u45/46-openroad-checkantennas-1             
                    '…                                                          
[14:30:29] VERBOSE  Logging subprocess to                           step.py:1338
                    '../runs/sys5ns_u45/46-openroad-checkantennas-1             
                    /openroad-checkantennas-1.log'…                             
Reading timing models for corner nom_typ_1p20V_25C…                             
Reading timing library for the 'nom_typ_1p20V_25C' corner at                    
'/home/matthias/.ciel/ihp-sg13g2/ihp-sg13g2/libs.ref/sg13g2_stdcell/lib/sg13g2_s
tdcell_typ_1p20V_25C.lib'…                                                      
Reading timing library for the 'nom_typ_1p20V_25C' corner at                    
'/home/matthias/.ciel/ihp-sg13g2/ihp-sg13g2/libs.ref/sg13g2_io/lib/sg13g2_io_typ
_1p2V_3p3V_25C.lib'…                                                            
Reading OpenROAD database at                                                    
'/home/matthias/prog/janestreet/emulator/prototypes/systolic-matcher/runs/sys5ns
_u45/44-openroad-detailedrouting/systolic_matcher.odb'…                         
Reading design constraints file at                                              
'/nix/store/8y4m6wgn5kqlbig1qwnwbxijqqp0jwib-python3-3.13.9-env/lib/python3.13/s
ite-packages/librelane/scripts/base.sdc'…                                       
[INFO] Using clock clock…                                                       
[INFO] Setting output delay to: 1.0                                             
[INFO] Setting input delay to: 1.0                                              
[INFO] Setting load to: 0.006                                                   
[INFO] Setting clock uncertainty to: 0.25                                       
[INFO] Setting clock transition to: 0.15                                        
[INFO] Setting timing derate to: 5.0%                                           
───────────────────────── Routing Design Rule Checker ──────────────────────────
[14:30:29] VERBOSE  Running 'Checker.TrDRC' at                      step.py:1138
                    '../runs/sys5ns_u45/47-checker-trdrc'…                      
[14:30:29] INFO     Check for Routing DRC errors clear.           checker.py:131
─────────────────────────── Report Disconnected Pins ───────────────────────────
[14:30:29] VERBOSE  Running 'Odb.ReportDisconnectedPins' at         step.py:1138
                    '../runs/sys5ns_u45/48-odb-reportdisconnectedpi             
                    ns'…                                                        
[14:30:29] VERBOSE  Logging subprocess to                           step.py:1338
                    '../runs/sys5ns_u45/48-odb-reportdisconnectedpi             
                    ns/odb-reportdisconnectedpins.log'…                         
Found 0 disconnected pin(s), of which 0 are critical.                           
────────────────────────── Disconnected Pins Checker ───────────────────────────
[14:30:30] VERBOSE  Running 'Checker.DisconnectedPins' at           step.py:1138
                    '../runs/sys5ns_u45/49-checker-disconnectedpins             
                    '…                                                          
[14:30:30] INFO     Check for critical disconnected pins clear.   checker.py:131
────────────────────────────── Report Wire Length ──────────────────────────────
[14:30:30] VERBOSE  Running 'Odb.ReportWireLength' at               step.py:1138
                    '../runs/sys5ns_u45/50-odb-reportwirelength'…               
[14:30:30] VERBOSE  Logging subprocess to                           step.py:1338
                    '../runs/sys5ns_u45/50-odb-reportwirelength/odb             
                    -reportwirelength.log'…                                     
──────────────────────── Wire Length Threshold Checker ─────────────────────────
[14:30:30] VERBOSE  Running 'Checker.WireLength' at                 step.py:1138
                    '../runs/sys5ns_u45/51-checker-wirelength'…                 
[14:30:30] WARNING  Threshold for Threshold-surpassing long wires checker.py:108
                    is not set. The checker will be skipped.                    
──────────────────────────────── Fill Insertion ────────────────────────────────
[14:30:30] VERBOSE  Running 'OpenROAD.FillInsertion' at             step.py:1138
                    '../runs/sys5ns_u45/52-openroad-fillinsertion'…             
[14:30:30] VERBOSE  Logging subprocess to                           step.py:1338
                    '../runs/sys5ns_u45/52-openroad-fillinsertion/o             
                    penroad-fillinsertion.log'…                                 
Reading timing models for corner nom_typ_1p20V_25C…                             
Reading timing library for the 'nom_typ_1p20V_25C' corner at                    
'/home/matthias/.ciel/ihp-sg13g2/ihp-sg13g2/libs.ref/sg13g2_stdcell/lib/sg13g2_s
tdcell_typ_1p20V_25C.lib'…                                                      
Reading timing library for the 'nom_typ_1p20V_25C' corner at                    
'/home/matthias/.ciel/ihp-sg13g2/ihp-sg13g2/libs.ref/sg13g2_io/lib/sg13g2_io_typ
_1p2V_3p3V_25C.lib'…                                                            
Reading OpenROAD database at                                                    
'/home/matthias/prog/janestreet/emulator/prototypes/systolic-matcher/runs/sys5ns
_u45/48-odb-reportdisconnectedpins/systolic_matcher.odb'…                       
Reading design constraints file at                                              
'/nix/store/8y4m6wgn5kqlbig1qwnwbxijqqp0jwib-python3-3.13.9-env/lib/python3.13/s
ite-packages/librelane/scripts/base.sdc'…                                       
[INFO] Using clock clock…                                                       
[INFO] Setting output delay to: 1.0                                             
[INFO] Setting input delay to: 1.0                                              
[INFO] Setting load to: 0.006                                                   
[INFO] Setting clock uncertainty to: 0.25                                       
[INFO] Setting clock transition to: 0.15                                        
[INFO] Setting timing derate to: 5.0%                                           
sg13g2_decap_* sg13g2_fill_1 sg13g2_fill_2                                      
[INFO DPL-0001] Placed 929 filler instances.                                    
Setting global connections for newly added cells…                               
[INFO] Setting global connections...                                            
[INFO ODB-0403] 1858 connections made, 0 conflicts skipped.                     
Updating metrics…                                                               
Cell type report:                       Count       Area                        
  Fill cell                               929    7068.90                        
  Clock buffer                             49    1874.28                        
  Timing Repair Buffer                    275    4182.19                        
  Inverter                                 36     195.96                        
  Clock inverter                           11      59.88                        
  Sequential cell                         139    6809.44                        
  Multi-Input combinational cell          425    4060.63                        
  Total                                  1864   24251.27                        
Writing OpenROAD database to                                                    
'/home/matthias/prog/janestreet/emulator/prototypes/systolic-matcher/runs/sys5ns
_u45/52-openroad-fillinsertion/systolic_matcher.odb'…                           
Writing netlist to                                                              
'/home/matthias/prog/janestreet/emulator/prototypes/systolic-matcher/runs/sys5ns
_u45/52-openroad-fillinsertion/systolic_matcher.nl.v'…                          
Writing powered netlist to                                                      
'/home/matthias/prog/janestreet/emulator/prototypes/systolic-matcher/runs/sys5ns
_u45/52-openroad-fillinsertion/systolic_matcher.pnl.v'…                         
Writing layout to                                                               
'/home/matthias/prog/janestreet/emulator/prototypes/systolic-matcher/runs/sys5ns
_u45/52-openroad-fillinsertion/systolic_matcher.def'…                           
Writing timing constraints to                                                   
'/home/matthias/prog/janestreet/emulator/prototypes/systolic-matcher/runs/sys5ns
_u45/52-openroad-fillinsertion/systolic_matcher.sdc'…                           
──────────────────────── Generate Cell Frequency Tables ────────────────────────
[14:30:30] VERBOSE  Running 'Odb.CellFrequencyTables' at            step.py:1138
                    '../runs/sys5ns_u45/53-odb-cellfrequencytables'             
                    …                                                           
[14:30:30] VERBOSE  Logging subprocess to                           step.py:1338
                    '../runs/sys5ns_u45/53-odb-cellfrequencytables/             
                    buffer_list.txt'…                                           
sg13g2_buf_1                                                                    
sg13g2_buf_16                                                                   
sg13g2_buf_2                                                                    
sg13g2_buf_4                                                                    
sg13g2_buf_8                                                                    
sg13g2_dlygate4sd1_1                                                            
sg13g2_dlygate4sd2_1                                                            
sg13g2_dlygate4sd3_1                                                            
[14:30:31] VERBOSE  Logging subprocess to                           step.py:1338
                    '../runs/sys5ns_u45/53-odb-cellfrequencytables/             
                    odb-cellfrequencytables.log'…                               
                                Cells by Master                                 
┏━━━━━━━━━━━━━━━━━━━━━━━━━━━━━━━━━━━━━━━━━━━━━━━━━━━━━━━━━━━┳━━━━━━━━━━━━━━━━━━┓
┃ Cell                                                      ┃ Count            ┃
┡━━━━━━━━━━━━━━━━━━━━━━━━━━━━━━━━━━━━━━━━━━━━━━━━━━━━━━━━━━━╇━━━━━━━━━━━━━━━━━━┩
│ sg13g2_a21oi_1                                            │ 43               │
│ sg13g2_a221oi_1                                           │ 1                │
│ sg13g2_a22oi_1                                            │ 1                │
│ sg13g2_and2_1                                             │ 11               │
│ sg13g2_and3_1                                             │ 23               │
│ sg13g2_buf_1                                              │ 34               │
│ sg13g2_buf_16                                             │ 33               │
│ sg13g2_buf_8                                              │ 16               │
│ sg13g2_decap_4                                            │ 100              │
│ sg13g2_decap_8                                            │ 412              │
│ sg13g2_dfrbpq_1                                           │ 139              │
│ sg13g2_dlygate4sd3_1                                      │ 241              │
│ sg13g2_fill_1                                             │ 222              │
│ sg13g2_fill_2                                             │ 195              │
│ sg13g2_inv_1                                              │ 47               │
│ sg13g2_mux2_1                                             │ 32               │
│ sg13g2_nand2_1                                            │ 4                │
│ sg13g2_nand2b_1                                           │ 15               │
│ sg13g2_nand3_1                                            │ 13               │
│ sg13g2_nand4_1                                            │ 11               │
│ sg13g2_nor2_1                                             │ 19               │
│ sg13g2_nor2b_1                                            │ 33               │
│ sg13g2_nor3_1                                             │ 42               │
│ sg13g2_o21ai_1                                            │ 20               │
│ sg13g2_tiehi                                              │ 139              │
│ sg13g2_xnor2_1                                            │ 17               │
│ sg13g2_xor2_1                                             │ 1                │
└───────────────────────────────────────────────────────────┴──────────────────┘
                               Cells by Function                                
┏━━━━━━━━━━━━━━━━━━━━━━━━━━━━━━━━━━━━━━━━━━━━━━━━━━━━━┳━━━━━━━━━━━━━━━━━━━━━━━━┓
┃ Cell Function                                       ┃ Count                  ┃
┡━━━━━━━━━━━━━━━━━━━━━━━━━━━━━━━━━━━━━━━━━━━━━━━━━━━━━╇━━━━━━━━━━━━━━━━━━━━━━━━┩
└─────────────────────────────────────────────────────┴────────────────────────┘
                                  Cells by SCL                                  
┏━━━━━━━━━━━━━━━━━━━━━━━━━━━━━━━━━┳━━━━━━━━━━━━━━━━━━━━━━━━━━━━━━━━━━━━━━━━━━━━┓
┃ SCL                             ┃ Count                                      ┃
┡━━━━━━━━━━━━━━━━━━━━━━━━━━━━━━━━━╇━━━━━━━━━━━━━━━━━━━━━━━━━━━━━━━━━━━━━━━━━━━━┩
└─────────────────────────────────┴────────────────────────────────────────────┘
                             Buffers by Cell Master                             
┏━━━━━━━━━━━━━━━━━━━━━━━━━━━━━━━━━━━━━━━━━━━━━━━━━━━━━━━━━━━┳━━━━━━━━━━━━━━━━━━┓
┃ Buffer                                                    ┃ Count            ┃
┡━━━━━━━━━━━━━━━━━━━━━━━━━━━━━━━━━━━━━━━━━━━━━━━━━━━━━━━━━━━╇━━━━━━━━━━━━━━━━━━┩
│ sg13g2_buf_1                                              │ 34               │
│ sg13g2_buf_16                                             │ 33               │
│ sg13g2_buf_8                                              │ 16               │
│ sg13g2_dlygate4sd3_1                                      │ 241              │
└───────────────────────────────────────────────────────────┴──────────────────┘
───────────────── Parasitic Resistance/Capacitance Extraction ──────────────────
[14:30:31] VERBOSE  Running 'OpenROAD.RCX' at                       step.py:1138
                    '../runs/sys5ns_u45/54-openroad-rcx'…                       
[14:30:31] INFO     Running RCX for corners matching nom_*      openroad.py:2147
                    (/home/matthias/prog/janestreet/emulator/pr                 
                    ototypes/systolic-matcher/runs/sys5ns_u45/5                 
                    4-openroad-rcx/nom/rcx.log)…                                
[14:30:31] VERBOSE  Logging subprocess to                           step.py:1338
                    '../runs/sys5ns_u45/54-openroad-rcx/nom/rcx.log             
                    '…                                                          
[14:30:32] INFO     Finished RCX for corners matching nom_*.    openroad.py:2156
────────────────────── Static Timing Analysis (Post-PnR) ───────────────────────
[14:30:32] VERBOSE  Running 'OpenROAD.STAPostPNR' at                step.py:1138
                    '../runs/sys5ns_u45/55-openroad-stapostpnr'…                
[14:30:32] INFO     Starting STA for the nom_fast_1p32V_m40C     openroad.py:749
                    timing corner…                                              
[14:30:32] INFO     Starting STA for the nom_slow_1p08V_125C     openroad.py:749
                    timing corner…                                              
[14:30:32] VERBOSE  Logging subprocess to                           step.py:1338
                    '../runs/sys5ns_u45/55-openroad-stapostpnr/nom_             
                    fast_1p32V_m40C/sta.log'…                                   
[14:30:32] INFO     Starting STA for the nom_typ_1p20V_25C       openroad.py:749
                    timing corner…                                              
[14:30:32] VERBOSE  Logging subprocess to                           step.py:1338
                    '../runs/sys5ns_u45/55-openroad-stapostpnr/nom_             
                    slow_1p08V_125C/sta.log'…                                   
[14:30:32] VERBOSE  Logging subprocess to                           step.py:1338
                    '../runs/sys5ns_u45/55-openroad-stapostpnr/nom_             
                    typ_1p20V_25C/sta.log'…                                     
[14:30:32] INFO     Finished STA for the nom_fast_1p32V_m40C     openroad.py:764
                    timing corner.                                              
[14:30:32] INFO     Finished STA for the nom_typ_1p20V_25C       openroad.py:764
                    timing corner.                                              
[14:30:32] INFO     Finished STA for the nom_slow_1p08V_125C     openroad.py:764
                    timing corner.                                              
[14:30:32] VERBOSE  Logging subprocess to                           step.py:1338
                    '../runs/sys5ns_u45/55-openroad-stapostpnr/nom_             
                    fast_1p32V_m40C/filter_unannotated.log'…                    
[14:30:32] VERBOSE  Logging subprocess to                           step.py:1338
                    '../runs/sys5ns_u45/55-openroad-stapostpnr/nom_             
                    slow_1p08V_125C/filter_unannotated.log'…                    
[14:30:32] VERBOSE  Logging subprocess to                           step.py:1338
                    '../runs/sys5ns_u45/55-openroad-stapostpnr/nom_             
                    typ_1p20V_25C/filter_unannotated.log'…                      
┏━━━━━━━━━━━━━━━━━━━━━━┳━━━━┳━━━━┳━━━━┳━━━━┳━━━━┳━━━┳━━━━┳━━━┳━━━━┳━━━┳━━━━┳━━━┓
┃                      ┃    ┃    ┃    ┃    ┃ of ┃   ┃    ┃   ┃    ┃ … ┃    ┃   ┃
┃                      ┃    ┃ R… ┃    ┃    ┃ w… ┃   ┃ R… ┃   ┃    ┃ … ┃    ┃   ┃
┃                      ┃ H… ┃ to ┃    ┃ H… ┃ r… ┃ … ┃ to ┃   ┃ S… ┃ … ┃ M… ┃ … ┃
┃                      ┃ W… ┃ R… ┃ H… ┃ V… ┃ to ┃ … ┃ R… ┃ … ┃ V… ┃ … ┃ C… ┃ … ┃
┃ Corner/Group         ┃ S… ┃ P… ┃ T… ┃ C… ┃ r… ┃ … ┃ P… ┃ … ┃ C… ┃ … ┃ V… ┃ … ┃
┡━━━━━━━━━━━━━━━━━━━━━━╇━━━━╇━━━━╇━━━━╇━━━━╇━━━━╇━━━╇━━━━╇━━━╇━━━━╇━━━╇━━━━╇━━━┩
│ Overall              │ 0… │ 0… │ 0… │ 0  │ 0  │ … │ 0… │ … │ 0  │ 0 │ 0  │ 0 │
│ nom_fast_1p32V_m40C  │ 0… │ 0… │ 0… │ 0  │ 0  │ … │ 3… │ … │ 0  │ 0 │ 0  │ 0 │
│ nom_slow_1p08V_125C  │ 0… │ 0… │ 0… │ 0  │ 0  │ … │ 0… │ … │ 0  │ 0 │ 0  │ 0 │
│ nom_typ_1p20V_25C    │ 0… │ 0… │ 0… │ 0  │ 0  │ … │ 2… │ … │ 0  │ 0 │ 0  │ 0 │
└──────────────────────┴────┴────┴────┴────┴────┴───┴────┴───┴────┴───┴────┴───┘
[14:30:32] INFO     Gating variable for step                   sequential.py:362
                    'OpenROAD.IRDropReport' set to 'False'-                     
                    the step will be skipped.                                   
[14:30:32] INFO     Skipping step 'IR Drop Report'…            sequential.py:370
─────────────────────────── GDSII Stream Out (Magic) ───────────────────────────
[14:30:32] VERBOSE  Running 'Magic.StreamOut' at                    step.py:1138
                    '../runs/sys5ns_u45/56-magic-streamout'…                    
[14:30:32] VERBOSE  Logging subprocess to                           step.py:1338
                    '../runs/sys5ns_u45/56-magic-streamout/magic-st             
                    reamout.log'…                                               
                                                                                
Magic 8.3 revision 623 - Compiled on Tue Mar 17 08:19:38 UTC 2026.              
Starting magic under Tcl interpreter                                            
Using the terminal as the console.                                              
Using NULL graphics device.                                                     
Processing system .magicrc file                                                 
Switching to WIRING tool.                                                       
Switching to NETLIST tool.                                                      
Switching to PICK tool.                                                         
Switching to BOX tool.                                                          
Sourcing design .magicrc for technology ihp-sg13g2 ...                          
2 Magic internal units = 1 Lambda                                               
Input style sg13g2(): scaleFactor=2, multiplier=2                               
The following types are not handled by extraction and will be treated as        
non-electrical types:                                                           
    pblock sealcont difffill nemitter hvnemitter hvisodiffres sealvia1 sealvia2 
sealvia3 sealvia4 sealvia5 sealvia6 pillar solder seal glass thruvia inductor   
Scaled tech values by 2 / 1 to match internal grid scaling                      
Loading ihp-sg13g2 Device Generator Menu ...                                    
Loading                                                                         
"/nix/store/8y4m6wgn5kqlbig1qwnwbxijqqp0jwib-python3-3.13.9-env/lib/python3.13/s
ite-packages/librelane/scripts/magic/wrapper.tcl" from command line.            
> gds read                                                                      
/home/matthias/.ciel/ihp-sg13g2/ihp-sg13g2/libs.ref/sg13g2_stdcell/gds/sg13g2_st
dcell.gds                                                                       
Warning: Calma reading is not undoable!  I hope that's OK.                      
Library written using GDS-II Release 5.0                                        
Library name: sg13g2_stdcell                                                    
Reading "sg13g2_a21o_1".                                                        
Reading "sg13g2_a21o_2".                                                        
Reading "sg13g2_a21oi_1".                                                       
CIF file read warning: CIF style sg13g2(): units rescaled by factor of 5 / 1    
Reading "sg13g2_a21oi_2".                                                       
Reading "sg13g2_a221oi_1".                                                      
Reading "sg13g2_a22oi_1".                                                       
Reading "sg13g2_and2_1".                                                        
Reading "sg13g2_and2_2".                                                        
Reading "sg13g2_and3_1".                                                        
Reading "sg13g2_and3_2".                                                        
Reading "sg13g2_and4_1".                                                        
Reading "sg13g2_and4_2".                                                        
Reading "sg13g2_antennanp".                                                     
Reading "sg13g2_buf_1".                                                         
Reading "sg13g2_buf_16".                                                        
Reading "sg13g2_buf_2".                                                         
Reading "sg13g2_buf_4".                                                         
Reading "sg13g2_buf_8".                                                         
Reading "sg13g2_decap_4".                                                       
Reading "sg13g2_decap_8".                                                       
Reading "sg13g2_dfrbp_1".                                                       
Reading "sg13g2_dfrbp_2".                                                       
Reading "sg13g2_dfrbpq_1".                                                      
Reading "sg13g2_dfrbpq_2".                                                      
Reading "sg13g2_dlhq_1".                                                        
Reading "sg13g2_dlhr_1".                                                        
Reading "sg13g2_dlhrq_1".                                                       
Reading "sg13g2_dllr_1".                                                        
Reading "sg13g2_dllrq_1".                                                       
Reading "sg13g2_dlygate4sd1_1".                                                 
Reading "sg13g2_dlygate4sd2_1".                                                 
Reading "sg13g2_dlygate4sd3_1".                                                 
Reading "sg13g2_ebufn_2".                                                       
Reading "sg13g2_ebufn_4".                                                       
Reading "sg13g2_ebufn_8".                                                       
Reading "sg13g2_einvn_2".                                                       
Reading "sg13g2_einvn_4".                                                       
Reading "sg13g2_einvn_8".                                                       
Reading "sg13g2_fill_1".                                                        
Reading "sg13g2_fill_2".                                                        
Reading "sg13g2_fill_4".                                                        
Reading "sg13g2_fill_8".                                                        
Reading "sg13g2_inv_1".                                                         
Reading "sg13g2_inv_16".                                                        
Reading "sg13g2_inv_2".                                                         
Reading "sg13g2_inv_4".                                                         
Reading "sg13g2_inv_8".                                                         
Reading "sg13g2_lgcp_1".                                                        
Reading "sg13g2_mux2_1".                                                        
Reading "sg13g2_mux2_2".                                                        
Reading "sg13g2_mux4_1".                                                        
Reading "sg13g2_nand2_1".                                                       
Reading "sg13g2_nand2_2".                                                       
Reading "sg13g2_nand2b_1".                                                      
Reading "sg13g2_nand2b_2".                                                      
Reading "sg13g2_nand3_1".                                                       
Reading "sg13g2_nand3b_1".                                                      
Reading "sg13g2_nand4_1".                                                       
Reading "sg13g2_nor2_1".                                                        
Reading "sg13g2_nor2_2".                                                        
Reading "sg13g2_nor2b_1".                                                       
Reading "sg13g2_nor2b_2".                                                       
Reading "sg13g2_nor3_1".                                                        
Reading "sg13g2_nor3_2".                                                        
Reading "sg13g2_nor4_1".                                                        
Reading "sg13g2_nor4_2".                                                        
Reading "sg13g2_o21ai_1".                                                       
Reading "sg13g2_or2_1".                                                         
Reading "sg13g2_or2_2".                                                         
Reading "sg13g2_or3_1".                                                         
Reading "sg13g2_or3_2".                                                         
Reading "sg13g2_or4_1".                                                         
Reading "sg13g2_or4_2".                                                         
Reading "sg13g2_sdfbbp_1".                                                      
Reading "sg13g2_sdfrbp_1".                                                      
Reading "sg13g2_sdfrbp_2".                                                      
Reading "sg13g2_sdfrbpq_1".                                                     
Reading "sg13g2_sdfrbpq_2".                                                     
Reading "sg13g2_sighold".                                                       
Reading "sg13g2_slgcp_1".                                                       
Reading "sg13g2_tiehi".                                                         
Reading "sg13g2_tielo".                                                         
Reading "sg13g2_xnor2_1".                                                       
Reading "sg13g2_xor2_1".                                                        
> lef read                                                                      
/home/matthias/.ciel/ihp-sg13g2/ihp-sg13g2/libs.ref/sg13g2_stdcell/lef/sg13g2_st
dcell.lef                                                                       
Reading LEF data from file                                                      
/home/matthias/.ciel/ihp-sg13g2/ihp-sg13g2/libs.ref/sg13g2_stdcell/lef/sg13g2_st
dcell.lef.                                                                      
This action cannot be undone.                                                   
LEF read, Line 6473 (Message): Unknown keyword "ANTENNAMAXCUTCAR" in LEF file;  
ignoring.                                                                       
LEF read: Processed 7927 lines.                                                 
> gds read                                                                      
/home/matthias/.ciel/ihp-sg13g2/ihp-sg13g2/libs.ref/sg13g2_io/gds/sg13g2_io.gds 
Warning: Calma reading is not undoable!  I hope that's OK.                      
Library written using GDS-II Release 5.0                                        
Library name: sg13g2_io                                                         
Reading "sg13g2_Clamp_N43N43D4R".                                               
Reading "sg13g2_RCClampResistor".                                               
Reading "sg13g2_RCClampInverter".                                               
Reading "sg13g2_IOPadVdd".                                                      
Reading "sg13g2_IOPadIOVdd".                                                    
Reading "sg13g2_Filler4000".                                                    
Reading "sg13g2_DCNDiode".                                                      
Reading "sg13g2_DCPDiode".                                                      
Reading "sg13g2_IOPadIOVss".                                                    
Reading "sg13g2_IOPadVss".                                                      
Reading "sg13g2_SecondaryProtection".                                           
Reading "sg13g2_LevelDown".                                                     
Reading "sg13g2_IOPadIn".                                                       
Reading "sg13g2_io_inv_x1".                                                     
Reading "sg13g2_LevelUp".                                                       
Reading "sg13g2_io_nor2_x1".                                                    
Reading "sg13g2_io_tie".                                                        
Reading "sg13g2_io_nand2_x1".                                                   
Reading "sg13g2_GateDecode".                                                    
Reading "sg13g2_Clamp_N2N2D".                                                   
Reading "sg13g2_Clamp_P2N2D".                                                   
Reading "sg13g2_IOPadInOut4mA".                                                 
Reading "sg13g2_Clamp_P15N15D".                                                 
Reading "sg13g2_Clamp_N15N15D".                                                 
Reading "sg13g2_IOPadInOut30mA".                                                
Reading "sg13g2_LevelUpInv".                                                    
Reading "sg13g2_GateLevelUpInv".                                                
Reading "sg13g2_IOPadOut4mA".                                                   
Reading "sg13g2_IOPadOut30mA".                                                  
Reading "sg13g2_Clamp_N8N8D".                                                   
Reading "sg13g2_Clamp_P8N8D".                                                   
Reading "sg13g2_IOPadInOut16mA".                                                
Reading "sg13g2_IOPadOut16mA".                                                  
Reading "sg13g2_IOPadTriOut4mA".                                                
Reading "sg13g2_IOPadTriOut16mA".                                               
Reading "sg13g2_IOPadTriOut30mA".                                               
Reading "sg13g2_Corner".                                                        
Reading "sg13g2_Filler200".                                                     
Reading "sg13g2_Filler400".                                                     
Reading "sg13g2_Filler1000".                                                    
Reading "sg13g2_Filler2000".                                                    
Reading "sg13g2_Filler10000".                                                   
Reading "sg13g2_Clamp_N20N0D".                                                  
Reading "sg13g2_Clamp_P20N0D".                                                  
Reading "sg13g2_IOPadAnalog".                                                   
Reading "sg12g2_Gallery".                                                       
> lef read                                                                      
/home/matthias/.ciel/ihp-sg13g2/ihp-sg13g2/libs.ref/sg13g2_io/lef/sg13g2_io.lef 
Reading LEF data from file                                                      
/home/matthias/.ciel/ihp-sg13g2/ihp-sg13g2/libs.ref/sg13g2_io/lef/sg13g2_io.lef.
This action cannot be undone.                                                   
LEF read: Processed 4552 lines.                                                 
Cell (NEWCELL) couldn't be read                                                 
No such file or directory                                                       
Creating new cell                                                               
> lef read                                                                      
/home/matthias/.ciel/ihp-sg13g2/ihp-sg13g2/libs.ref/sg13g2_stdcell/lef/sg13g2_te
ch.lef                                                                          
Reading LEF data from file                                                      
/home/matthias/.ciel/ihp-sg13g2/ihp-sg13g2/libs.ref/sg13g2_stdcell/lef/sg13g2_te
ch.lef.                                                                         
This action cannot be undone.                                                   
LEF read, Line 79 (Message): Unknown keyword "MAXIMUMDENSITY" in LEF file;      
ignoring.                                                                       
LEF read, Line 80 (Message): Unknown keyword "DENSITYCHECKSTEP" in LEF file;    
ignoring.                                                                       
LEF read, Line 81 (Message): Unknown keyword "DENSITYCHECKWINDOW" in LEF file;  
ignoring.                                                                       
LEF read, Line 87 (Message): Unknown keyword "MINIMUMCUT" in LEF file; ignoring.
LEF read, Line 91 (Message): Unknown keyword "ANTENNACUMAREARATIO" in LEF file; 
ignoring.                                                                       
LEF read, Line 92 (Message): Unknown keyword "ANTENNACUMDIFFAREARATIO" in LEF   
file; ignoring.                                                                 
LEF read, Line 121 (Message): Unknown keyword "MAXIMUMDENSITY" in LEF file;     
ignoring.                                                                       
LEF read, Line 122 (Message): Unknown keyword "DENSITYCHECKSTEP" in LEF file;   
ignoring.                                                                       
LEF read, Line 123 (Message): Unknown keyword "DENSITYCHECKWINDOW" in LEF file; 
ignoring.                                                                       
LEF read, Line 129 (Message): Unknown keyword "MINIMUMCUT" in LEF file;         
ignoring.                                                                       
LEF read, Line 134 (Message): Unknown keyword "ANTENNACUMAREARATIO" in LEF file;
ignoring.                                                                       
LEF read, Line 135 (Message): Unknown keyword "ANTENNACUMDIFFAREARATIO" in LEF  
file; ignoring.                                                                 
LEF read, Line 163 (Message): Unknown keyword "MAXIMUMDENSITY" in LEF file;     
ignoring.                                                                       
LEF read, Line 164 (Message): Unknown keyword "DENSITYCHECKSTEP" in LEF file;   
ignoring.                                                                       
LEF read, Line 165 (Message): Unknown keyword "DENSITYCHECKWINDOW" in LEF file; 
ignoring.                                                                       
LEF read, Line 171 (Message): Unknown keyword "MINIMUMCUT" in LEF file;         
ignoring.                                                                       
LEF read, Line 176 (Message): Unknown keyword "ANTENNACUMAREARATIO" in LEF file;
ignoring.                                                                       
LEF read, Line 177 (Message): Unknown keyword "ANTENNACUMDIFFAREARATIO" in LEF  
file; ignoring.                                                                 
LEF read, Line 205 (Message): Unknown keyword "MAXIMUMDENSITY" in LEF file;     
ignoring.                                                                       
LEF read, Line 206 (Message): Unknown keyword "DENSITYCHECKSTEP" in LEF file;   
ignoring.                                                                       
LEF read, Line 207 (Message): Unknown keyword "DENSITYCHECKWINDOW" in LEF file; 
ignoring.                                                                       
LEF read, Line 213 (Message): Unknown keyword "MINIMUMCUT" in LEF file;         
ignoring.                                                                       
LEF read, Line 218 (Message): Unknown keyword "ANTENNACUMAREARATIO" in LEF file;
ignoring.                                                                       
LEF read, Line 219 (Message): Unknown keyword "ANTENNACUMDIFFAREARATIO" in LEF  
file; ignoring.                                                                 
LEF read, Line 246 (Message): Unknown keyword "MAXIMUMDENSITY" in LEF file;     
ignoring.                                                                       
LEF read, Line 247 (Message): Unknown keyword "DENSITYCHECKSTEP" in LEF file;   
ignoring.                                                                       
LEF read, Line 248 (Message): Unknown keyword "DENSITYCHECKWINDOW" in LEF file; 
ignoring.                                                                       
LEF read, Line 254 (Message): Unknown keyword "MINIMUMCUT" in LEF file;         
ignoring.                                                                       
LEF read, Line 259 (Message): Unknown keyword "ANTENNACUMAREARATIO" in LEF file;
ignoring.                                                                       
LEF read, Line 260 (Message): Unknown keyword "ANTENNACUMDIFFAREARATIO" in LEF  
file; ignoring.                                                                 
LEF read, Line 286 (Message): Unknown keyword "MAXIMUMDENSITY" in LEF file;     
ignoring.                                                                       
LEF read, Line 287 (Message): Unknown keyword "DENSITYCHECKSTEP" in LEF file;   
ignoring.                                                                       
LEF read, Line 288 (Message): Unknown keyword "DENSITYCHECKWINDOW" in LEF file; 
ignoring.                                                                       
LEF read, Line 293 (Message): Unknown keyword "ANTENNACUMAREARATIO" in LEF file;
ignoring.                                                                       
LEF read, Line 294 (Message): Unknown keyword "ANTENNACUMDIFFAREARATIO" in LEF  
file; ignoring.                                                                 
LEF read, Line 320 (Message): Unknown keyword "MAXIMUMDENSITY" in LEF file;     
ignoring.                                                                       
LEF read, Line 321 (Message): Unknown keyword "DENSITYCHECKSTEP" in LEF file;   
ignoring.                                                                       
LEF read, Line 322 (Message): Unknown keyword "DENSITYCHECKWINDOW" in LEF file; 
ignoring.                                                                       
LEF read, Line 327 (Message): Unknown keyword "ANTENNACUMAREARATIO" in LEF file;
ignoring.                                                                       
LEF read, Line 328 (Message): Unknown keyword "ANTENNACUMDIFFAREARATIO" in LEF  
file; ignoring.                                                                 
LEF read: Processed 1197 lines.                                                 
> def read                                                                      
/home/matthias/prog/janestreet/emulator/prototypes/systolic-matcher/runs/sys5ns_
u45/53-odb-cellfrequencytables/systolic_matcher.def -noblockage                 
Reading DEF data from file                                                      
/home/matthias/prog/janestreet/emulator/prototypes/systolic-matcher/runs/sys5ns_
u45/53-odb-cellfrequencytables/systolic_matcher.def.                            
This action cannot be undone.                                                   
  Processed 6 vias total.                                                       
  Processed 1 non-default rules total.                                          
  Processed 1864 subcell instances total.                                       
  Processed 13 pins total.                                                      
  Processed 2 special nets total.                                               
  Processed 929 nets total.                                                     
DEF read: Processed 12652 lines.                                                
   Copying output for cell sg13g2_buf_1 from                                    
$PDKPATH/libs.ref/sg13g2_stdcell/gds/sg13g2_stdcell.gds                         
   Copying output for cell sg13g2_decap_8 from                                  
$PDKPATH/libs.ref/sg13g2_stdcell/gds/sg13g2_stdcell.gds                         
   Copying output for cell sg13g2_fill_2 from                                   
$PDKPATH/libs.ref/sg13g2_stdcell/gds/sg13g2_stdcell.gds                         
   Copying output for cell sg13g2_nor2b_1 from                                  
$PDKPATH/libs.ref/sg13g2_stdcell/gds/sg13g2_stdcell.gds                         
   Copying output for cell sg13g2_dlygate4sd3_1 from                            
$PDKPATH/libs.ref/sg13g2_stdcell/gds/sg13g2_stdcell.gds                         
   Copying output for cell sg13g2_fill_1 from                                   
$PDKPATH/libs.ref/sg13g2_stdcell/gds/sg13g2_stdcell.gds                         
   Copying output for cell sg13g2_tiehi from                                    
$PDKPATH/libs.ref/sg13g2_stdcell/gds/sg13g2_stdcell.gds                         
   Copying output for cell sg13g2_decap_4 from                                  
$PDKPATH/libs.ref/sg13g2_stdcell/gds/sg13g2_stdcell.gds                         
   Copying output for cell sg13g2_dfrbpq_1 from                                 
$PDKPATH/libs.ref/sg13g2_stdcell/gds/sg13g2_stdcell.gds                         
   Copying output for cell sg13g2_xnor2_1 from                                  
$PDKPATH/libs.ref/sg13g2_stdcell/gds/sg13g2_stdcell.gds                         
   Copying output for cell sg13g2_inv_1 from                                    
$PDKPATH/libs.ref/sg13g2_stdcell/gds/sg13g2_stdcell.gds                         
   Copying output for cell sg13g2_nand2_1 from                                  
$PDKPATH/libs.ref/sg13g2_stdcell/gds/sg13g2_stdcell.gds                         
   Copying output for cell sg13g2_mux2_1 from                                   
$PDKPATH/libs.ref/sg13g2_stdcell/gds/sg13g2_stdcell.gds                         
   Copying output for cell sg13g2_buf_16 from                                   
$PDKPATH/libs.ref/sg13g2_stdcell/gds/sg13g2_stdcell.gds                         
   Copying output for cell sg13g2_o21ai_1 from                                  
$PDKPATH/libs.ref/sg13g2_stdcell/gds/sg13g2_stdcell.gds                         
   Copying output for cell sg13g2_a21oi_1 from                                  
$PDKPATH/libs.ref/sg13g2_stdcell/gds/sg13g2_stdcell.gds                         
   Copying output for cell sg13g2_nor2_1 from                                   
$PDKPATH/libs.ref/sg13g2_stdcell/gds/sg13g2_stdcell.gds                         
   Copying output for cell sg13g2_nor3_1 from                                   
$PDKPATH/libs.ref/sg13g2_stdcell/gds/sg13g2_stdcell.gds                         
   Copying output for cell sg13g2_nand3_1 from                                  
$PDKPATH/libs.ref/sg13g2_stdcell/gds/sg13g2_stdcell.gds                         
   Copying output for cell sg13g2_nand4_1 from                                  
$PDKPATH/libs.ref/sg13g2_stdcell/gds/sg13g2_stdcell.gds                         
   Copying output for cell sg13g2_xor2_1 from                                   
$PDKPATH/libs.ref/sg13g2_stdcell/gds/sg13g2_stdcell.gds                         
   Copying output for cell sg13g2_nand2b_1 from                                 
$PDKPATH/libs.ref/sg13g2_stdcell/gds/sg13g2_stdcell.gds                         
   Copying output for cell sg13g2_and3_1 from                                   
$PDKPATH/libs.ref/sg13g2_stdcell/gds/sg13g2_stdcell.gds                         
   Copying output for cell sg13g2_buf_8 from                                    
$PDKPATH/libs.ref/sg13g2_stdcell/gds/sg13g2_stdcell.gds                         
   Copying output for cell sg13g2_and2_1 from                                   
$PDKPATH/libs.ref/sg13g2_stdcell/gds/sg13g2_stdcell.gds                         
   Copying output for cell sg13g2_a221oi_1 from                                 
$PDKPATH/libs.ref/sg13g2_stdcell/gds/sg13g2_stdcell.gds                         
   Copying output for cell sg13g2_a22oi_1 from                                  
$PDKPATH/libs.ref/sg13g2_stdcell/gds/sg13g2_stdcell.gds                         
   Generating output for cell systolic_matcher                                  
[INFO] GDS Write Complete                                                       
────────────────────────── GDSII Stream Out (KLayout) ──────────────────────────
[14:30:43] VERBOSE  Running 'KLayout.StreamOut' at                  step.py:1138
                    '../runs/sys5ns_u45/57-klayout-streamout'…                  
[14:30:43] VERBOSE  Logging subprocess to                           step.py:1338
                    '../runs/sys5ns_u45/57-klayout-streamout/klayou             
                    t-streamout.log'…                                           
[INFO] Clearing cells…                                                          
[INFO] Merging GDS files…                                                       
[INFO] Copying top level cell 'systolic_matcher'…                               
[INFO] Checking for missing GDS…                                                
[INFO] All LEF cells have matching GDS cells.                                   
[INFO] Writing out GDS                                                          
'/home/matthias/prog/janestreet/emulator/prototypes/systolic-matcher/runs/sys5ns
_u45/57-klayout-streamout/systolic_matcher.klayout.gds'…                        
[INFO] Done.                                                                    
────────────────────────── Render Image (w/ KLayout) ───────────────────────────
[14:30:45] VERBOSE  Running 'KLayout.Render' at                     step.py:1138
                    '../runs/sys5ns_u45/58-klayout-render'…                     
[14:30:45] VERBOSE  Logging subprocess to                           step.py:1338
                    '../runs/sys5ns_u45/58-klayout-render/klayout-r             
                    ender.log'…                                                 
────────────────────────────── Write LEF (Magic) ───────────────────────────────
[14:30:46] VERBOSE  Running 'Magic.WriteLEF' at                     step.py:1138
                    '../runs/sys5ns_u45/59-magic-writelef'…                     
[14:30:46] VERBOSE  Logging subprocess to                           step.py:1338
                    '../runs/sys5ns_u45/59-magic-writelef/magic-wri             
                    telef.log'…                                                 
                                                                                
Magic 8.3 revision 623 - Compiled on Tue Mar 17 08:19:38 UTC 2026.              
Starting magic under Tcl interpreter                                            
Using the terminal as the console.                                              
Using NULL graphics device.                                                     
Processing system .magicrc file                                                 
Switching to WIRING tool.                                                       
Switching to NETLIST tool.                                                      
Switching to PICK tool.                                                         
Switching to BOX tool.                                                          
Sourcing design .magicrc for technology ihp-sg13g2 ...                          
2 Magic internal units = 1 Lambda                                               
Input style sg13g2(): scaleFactor=2, multiplier=2                               
The following types are not handled by extraction and will be treated as        
non-electrical types:                                                           
    pblock sealcont difffill nemitter hvnemitter hvisodiffres sealvia1 sealvia2 
sealvia3 sealvia4 sealvia5 sealvia6 pillar solder seal glass thruvia inductor   
Scaled tech values by 2 / 1 to match internal grid scaling                      
Loading ihp-sg13g2 Device Generator Menu ...                                    
Loading                                                                         
"/nix/store/8y4m6wgn5kqlbig1qwnwbxijqqp0jwib-python3-3.13.9-env/lib/python3.13/s
ite-packages/librelane/scripts/magic/wrapper.tcl" from command line.            
> lef read                                                                      
/home/matthias/.ciel/ihp-sg13g2/ihp-sg13g2/libs.ref/sg13g2_stdcell/lef/sg13g2_te
ch.lef                                                                          
Reading LEF data from file                                                      
/home/matthias/.ciel/ihp-sg13g2/ihp-sg13g2/libs.ref/sg13g2_stdcell/lef/sg13g2_te
ch.lef.                                                                         
This action cannot be undone.                                                   
LEF read, Line 79 (Message): Unknown keyword "MAXIMUMDENSITY" in LEF file;      
ignoring.                                                                       
LEF read, Line 80 (Message): Unknown keyword "DENSITYCHECKSTEP" in LEF file;    
ignoring.                                                                       
LEF read, Line 81 (Message): Unknown keyword "DENSITYCHECKWINDOW" in LEF file;  
ignoring.                                                                       
LEF read, Line 87 (Message): Unknown keyword "MINIMUMCUT" in LEF file; ignoring.
LEF read, Line 91 (Message): Unknown keyword "ANTENNACUMAREARATIO" in LEF file; 
ignoring.                                                                       
LEF read, Line 92 (Message): Unknown keyword "ANTENNACUMDIFFAREARATIO" in LEF   
file; ignoring.                                                                 
LEF read, Line 121 (Message): Unknown keyword "MAXIMUMDENSITY" in LEF file;     
ignoring.                                                                       
LEF read, Line 122 (Message): Unknown keyword "DENSITYCHECKSTEP" in LEF file;   
ignoring.                                                                       
LEF read, Line 123 (Message): Unknown keyword "DENSITYCHECKWINDOW" in LEF file; 
ignoring.                                                                       
LEF read, Line 129 (Message): Unknown keyword "MINIMUMCUT" in LEF file;         
ignoring.                                                                       
LEF read, Line 134 (Message): Unknown keyword "ANTENNACUMAREARATIO" in LEF file;
ignoring.                                                                       
LEF read, Line 135 (Message): Unknown keyword "ANTENNACUMDIFFAREARATIO" in LEF  
file; ignoring.                                                                 
LEF read, Line 163 (Message): Unknown keyword "MAXIMUMDENSITY" in LEF file;     
ignoring.                                                                       
LEF read, Line 164 (Message): Unknown keyword "DENSITYCHECKSTEP" in LEF file;   
ignoring.                                                                       
LEF read, Line 165 (Message): Unknown keyword "DENSITYCHECKWINDOW" in LEF file; 
ignoring.                                                                       
LEF read, Line 171 (Message): Unknown keyword "MINIMUMCUT" in LEF file;         
ignoring.                                                                       
LEF read, Line 176 (Message): Unknown keyword "ANTENNACUMAREARATIO" in LEF file;
ignoring.                                                                       
LEF read, Line 177 (Message): Unknown keyword "ANTENNACUMDIFFAREARATIO" in LEF  
file; ignoring.                                                                 
LEF read, Line 205 (Message): Unknown keyword "MAXIMUMDENSITY" in LEF file;     
ignoring.                                                                       
LEF read, Line 206 (Message): Unknown keyword "DENSITYCHECKSTEP" in LEF file;   
ignoring.                                                                       
LEF read, Line 207 (Message): Unknown keyword "DENSITYCHECKWINDOW" in LEF file; 
ignoring.                                                                       
LEF read, Line 213 (Message): Unknown keyword "MINIMUMCUT" in LEF file;         
ignoring.                                                                       
LEF read, Line 218 (Message): Unknown keyword "ANTENNACUMAREARATIO" in LEF file;
ignoring.                                                                       
LEF read, Line 219 (Message): Unknown keyword "ANTENNACUMDIFFAREARATIO" in LEF  
file; ignoring.                                                                 
LEF read, Line 246 (Message): Unknown keyword "MAXIMUMDENSITY" in LEF file;     
ignoring.                                                                       
LEF read, Line 247 (Message): Unknown keyword "DENSITYCHECKSTEP" in LEF file;   
ignoring.                                                                       
LEF read, Line 248 (Message): Unknown keyword "DENSITYCHECKWINDOW" in LEF file; 
ignoring.                                                                       
LEF read, Line 254 (Message): Unknown keyword "MINIMUMCUT" in LEF file;         
ignoring.                                                                       
LEF read, Line 259 (Message): Unknown keyword "ANTENNACUMAREARATIO" in LEF file;
ignoring.                                                                       
LEF read, Line 260 (Message): Unknown keyword "ANTENNACUMDIFFAREARATIO" in LEF  
file; ignoring.                                                                 
LEF read, Line 286 (Message): Unknown keyword "MAXIMUMDENSITY" in LEF file;     
ignoring.                                                                       
LEF read, Line 287 (Message): Unknown keyword "DENSITYCHECKSTEP" in LEF file;   
ignoring.                                                                       
LEF read, Line 288 (Message): Unknown keyword "DENSITYCHECKWINDOW" in LEF file; 
ignoring.                                                                       
LEF read, Line 293 (Message): Unknown keyword "ANTENNACUMAREARATIO" in LEF file;
ignoring.                                                                       
LEF read, Line 294 (Message): Unknown keyword "ANTENNACUMDIFFAREARATIO" in LEF  
file; ignoring.                                                                 
LEF read, Line 320 (Message): Unknown keyword "MAXIMUMDENSITY" in LEF file;     
ignoring.                                                                       
LEF read, Line 321 (Message): Unknown keyword "DENSITYCHECKSTEP" in LEF file;   
ignoring.                                                                       
LEF read, Line 322 (Message): Unknown keyword "DENSITYCHECKWINDOW" in LEF file; 
ignoring.                                                                       
LEF read, Line 327 (Message): Unknown keyword "ANTENNACUMAREARATIO" in LEF file;
ignoring.                                                                       
LEF read, Line 328 (Message): Unknown keyword "ANTENNACUMDIFFAREARATIO" in LEF  
file; ignoring.                                                                 
LEF read: Processed 1197 lines.                                                 
> gds read                                                                      
/home/matthias/.ciel/ihp-sg13g2/ihp-sg13g2/libs.ref/sg13g2_stdcell/gds/sg13g2_st
dcell.gds                                                                       
Warning: Calma reading is not undoable!  I hope that's OK.                      
Library written using GDS-II Release 5.0                                        
Library name: sg13g2_stdcell                                                    
Reading "sg13g2_a21o_1".                                                        
Reading "sg13g2_a21o_2".                                                        
Reading "sg13g2_a21oi_1".                                                       
CIF file read warning: CIF style sg13g2(): units rescaled by factor of 5 / 1    
Reading "sg13g2_a21oi_2".                                                       
Reading "sg13g2_a221oi_1".                                                      
Reading "sg13g2_a22oi_1".                                                       
Reading "sg13g2_and2_1".                                                        
Reading "sg13g2_and2_2".                                                        
Reading "sg13g2_and3_1".                                                        
Reading "sg13g2_and3_2".                                                        
Reading "sg13g2_and4_1".                                                        
Reading "sg13g2_and4_2".                                                        
Reading "sg13g2_antennanp".                                                     
Reading "sg13g2_buf_1".                                                         
Reading "sg13g2_buf_16".                                                        
Reading "sg13g2_buf_2".                                                         
Reading "sg13g2_buf_4".                                                         
Reading "sg13g2_buf_8".                                                         
Reading "sg13g2_decap_4".                                                       
Reading "sg13g2_decap_8".                                                       
Reading "sg13g2_dfrbp_1".                                                       
Reading "sg13g2_dfrbp_2".                                                       
Reading "sg13g2_dfrbpq_1".                                                      
Reading "sg13g2_dfrbpq_2".                                                      
Reading "sg13g2_dlhq_1".                                                        
Reading "sg13g2_dlhr_1".                                                        
Reading "sg13g2_dlhrq_1".                                                       
Reading "sg13g2_dllr_1".                                                        
Reading "sg13g2_dllrq_1".                                                       
Reading "sg13g2_dlygate4sd1_1".                                                 
Reading "sg13g2_dlygate4sd2_1".                                                 
Reading "sg13g2_dlygate4sd3_1".                                                 
Reading "sg13g2_ebufn_2".                                                       
Reading "sg13g2_ebufn_4".                                                       
Reading "sg13g2_ebufn_8".                                                       
Reading "sg13g2_einvn_2".                                                       
Reading "sg13g2_einvn_4".                                                       
Reading "sg13g2_einvn_8".                                                       
Reading "sg13g2_fill_1".                                                        
Reading "sg13g2_fill_2".                                                        
Reading "sg13g2_fill_4".                                                        
Reading "sg13g2_fill_8".                                                        
Reading "sg13g2_inv_1".                                                         
Reading "sg13g2_inv_16".                                                        
Reading "sg13g2_inv_2".                                                         
Reading "sg13g2_inv_4".                                                         
Reading "sg13g2_inv_8".                                                         
Reading "sg13g2_lgcp_1".                                                        
Reading "sg13g2_mux2_1".                                                        
Reading "sg13g2_mux2_2".                                                        
Reading "sg13g2_mux4_1".                                                        
Reading "sg13g2_nand2_1".                                                       
Reading "sg13g2_nand2_2".                                                       
Reading "sg13g2_nand2b_1".                                                      
Reading "sg13g2_nand2b_2".                                                      
Reading "sg13g2_nand3_1".                                                       
Reading "sg13g2_nand3b_1".                                                      
Reading "sg13g2_nand4_1".                                                       
Reading "sg13g2_nor2_1".                                                        
Reading "sg13g2_nor2_2".                                                        
Reading "sg13g2_nor2b_1".                                                       
Reading "sg13g2_nor2b_2".                                                       
Reading "sg13g2_nor3_1".                                                        
Reading "sg13g2_nor3_2".                                                        
Reading "sg13g2_nor4_1".                                                        
Reading "sg13g2_nor4_2".                                                        
Reading "sg13g2_o21ai_1".                                                       
Reading "sg13g2_or2_1".                                                         
Reading "sg13g2_or2_2".                                                         
Reading "sg13g2_or3_1".                                                         
Reading "sg13g2_or3_2".                                                         
Reading "sg13g2_or4_1".                                                         
Reading "sg13g2_or4_2".                                                         
Reading "sg13g2_sdfbbp_1".                                                      
Reading "sg13g2_sdfrbp_1".                                                      
Reading "sg13g2_sdfrbp_2".                                                      
Reading "sg13g2_sdfrbpq_1".                                                     
Reading "sg13g2_sdfrbpq_2".                                                     
Reading "sg13g2_sighold".                                                       
Reading "sg13g2_slgcp_1".                                                       
Reading "sg13g2_tiehi".                                                         
Reading "sg13g2_tielo".                                                         
Reading "sg13g2_xnor2_1".                                                       
Reading "sg13g2_xor2_1".                                                        
> gds read                                                                      
/home/matthias/.ciel/ihp-sg13g2/ihp-sg13g2/libs.ref/sg13g2_io/gds/sg13g2_io.gds 
Warning: Calma reading is not undoable!  I hope that's OK.                      
Library written using GDS-II Release 5.0                                        
Library name: sg13g2_io                                                         
Reading "sg13g2_Clamp_N43N43D4R".                                               
Reading "sg13g2_RCClampResistor".                                               
Reading "sg13g2_RCClampInverter".                                               
Reading "sg13g2_IOPadVdd".                                                      
Reading "sg13g2_IOPadIOVdd".                                                    
Reading "sg13g2_Filler4000".                                                    
Reading "sg13g2_DCNDiode".                                                      
Reading "sg13g2_DCPDiode".                                                      
Reading "sg13g2_IOPadIOVss".                                                    
Reading "sg13g2_IOPadVss".                                                      
Reading "sg13g2_SecondaryProtection".                                           
Reading "sg13g2_LevelDown".                                                     
Reading "sg13g2_IOPadIn".                                                       
Reading "sg13g2_io_inv_x1".                                                     
Reading "sg13g2_LevelUp".                                                       
Reading "sg13g2_io_nor2_x1".                                                    
Reading "sg13g2_io_tie".                                                        
Reading "sg13g2_io_nand2_x1".                                                   
Reading "sg13g2_GateDecode".                                                    
Reading "sg13g2_Clamp_N2N2D".                                                   
Reading "sg13g2_Clamp_P2N2D".                                                   
Reading "sg13g2_IOPadInOut4mA".                                                 
Reading "sg13g2_Clamp_P15N15D".                                                 
Reading "sg13g2_Clamp_N15N15D".                                                 
Reading "sg13g2_IOPadInOut30mA".                                                
Reading "sg13g2_LevelUpInv".                                                    
Reading "sg13g2_GateLevelUpInv".                                                
Reading "sg13g2_IOPadOut4mA".                                                   
Reading "sg13g2_IOPadOut30mA".                                                  
Reading "sg13g2_Clamp_N8N8D".                                                   
Reading "sg13g2_Clamp_P8N8D".                                                   
Reading "sg13g2_IOPadInOut16mA".                                                
Reading "sg13g2_IOPadOut16mA".                                                  
Reading "sg13g2_IOPadTriOut4mA".                                                
Reading "sg13g2_IOPadTriOut16mA".                                               
Reading "sg13g2_IOPadTriOut30mA".                                               
Reading "sg13g2_Corner".                                                        
Reading "sg13g2_Filler200".                                                     
Reading "sg13g2_Filler400".                                                     
Reading "sg13g2_Filler1000".                                                    
Reading "sg13g2_Filler2000".                                                    
Reading "sg13g2_Filler10000".                                                   
Reading "sg13g2_Clamp_N20N0D".                                                  
Reading "sg13g2_Clamp_P20N0D".                                                  
Reading "sg13g2_IOPadAnalog".                                                   
Reading "sg12g2_Gallery".                                                       
Cell (REFRESHLAYOUT?) couldn't be read                                          
No such file or directory                                                       
Creating new cell                                                               
> def read                                                                      
/home/matthias/prog/janestreet/emulator/prototypes/systolic-matcher/runs/sys5ns_
u45/53-odb-cellfrequencytables/systolic_matcher.def -noblockage                 
Reading DEF data from file                                                      
/home/matthias/prog/janestreet/emulator/prototypes/systolic-matcher/runs/sys5ns_
u45/53-odb-cellfrequencytables/systolic_matcher.def.                            
This action cannot be undone.                                                   
  Processed 6 vias total.                                                       
  Processed 1 non-default rules total.                                          
  Processed 1864 subcell instances total.                                       
  Processed 13 pins total.                                                      
  Processed 2 special nets total.                                               
  Processed 929 nets total.                                                     
DEF read: Processed 12652 lines.                                                
[INFO] Ignoring 'VPWR VGND'                                                     
[INFO] Writing abstract LEF…                                                    
[INFO] Not specifiying -pinonly (nets connected to pins on the same layer are   
declared as part of the pin)…                                                   
Generating LEF output                                                           
/home/matthias/prog/janestreet/emulator/prototypes/systolic-matcher/runs/sys5ns_
u45/59-magic-writelef/systolic_matcher.lef for cell systolic_matcher:           
Diagnostic:  Write LEF header for cell systolic_matcher                         
Diagnostic:  Writing LEF output for cell systolic_matcher                       
Diagnostic:  Scale value is 0.005000                                            
[INFO] LEF Write Complete.                                                      
────── Check Antenna Properties of Pins in The Generated Design LEF view ───────
[14:30:57] VERBOSE  Running 'Odb.CheckDesignAntennaProperties' at   step.py:1138
                    '../runs/sys5ns_u45/60-odb-checkdesignantennapr             
                    operties'…                                                  
[14:30:57] VERBOSE  Logging subprocess to                           step.py:1338
                    '../runs/sys5ns_u45/60-odb-checkdesignantennapr             
                    operties/odb-checkdesignantennaproperties.log'…             
[INFO ODB-0227] LEF file:                                                       
/home/matthias/.ciel/ihp-sg13g2/ihp-sg13g2/libs.ref/sg13g2_stdcell/lef/sg13g2_te
ch.lef, created 19 layers, 70 vias                                              
[INFO ODB-0227] LEF file:                                                       
/home/matthias/.ciel/ihp-sg13g2/ihp-sg13g2/libs.ref/sg13g2_stdcell/lef/sg13g2_st
dcell.lef, created 84 library cells                                             
[INFO ODB-0227] LEF file:                                                       
/home/matthias/.ciel/ihp-sg13g2/ihp-sg13g2/libs.ref/sg13g2_io/lef/sg13g2_io.lef,
created 22 library cells                                                        
The NOWIREEXTENSIONATPIN statement will be ignored. See file                    
/home/matthias/prog/janestreet/emulator/prototypes/systolic-matcher/runs/sys5ns_
u45/59-magic-writelef/systolic_matcher.lef at line 2.                           
                                                                                
[INFO ODB-0227] LEF file:                                                       
/home/matthias/prog/janestreet/emulator/prototypes/systolic-matcher/runs/sys5ns_
u45/59-magic-writelef/systolic_matcher.lef, created 1 library cells             
[INFO ODB-0127] Reading DEF file: /tmp/tmptz7ap543                              
[INFO ODB-0128] Design: empty                                                   
[INFO ODB-0134] Finished DEF file: /tmp/tmptz7ap543                             
[14:30:58] INFO     Gating variable for step 'KLayout.XOR' set sequential.py:362
                    to 'False'- the step will be skipped.                       
[14:30:58] INFO     Skipping step 'KLayout vs. Magic XOR'…     sequential.py:370
[14:30:58] INFO     Gating variable for step 'Checker.XOR' set sequential.py:362
                    to 'False'- the step will be skipped.                       
[14:30:58] INFO     Skipping step 'XOR Difference Checker'…    sequential.py:370
[14:30:58] INFO     Gating variable for step 'Magic.DRC' set   sequential.py:362
                    to 'False'- the step will be skipped.                       
[14:30:58] INFO     Skipping step 'DRC'…                       sequential.py:370
[14:30:58] INFO     Gating variable for step 'KLayout.DRC' set sequential.py:362
                    to 'False'- the step will be skipped.                       
[14:30:58] INFO     Skipping step 'Design Rule Check           sequential.py:370
                    (KLayout)'…                                                 
[14:30:58] INFO     Gating variable for step                   sequential.py:362
                    'Checker.MagicDRC' set to 'False'- the                      
                    step will be skipped.                                       
[14:30:58] INFO     Skipping step 'Magic DRC Checker'…         sequential.py:370
[14:30:58] INFO     Gating variable for step                   sequential.py:362
                    'Checker.KLayoutDRC' set to 'False'- the                    
                    step will be skipped.                                       
[14:30:58] INFO     Skipping step 'KLayout DRC Checker'…       sequential.py:370
──────────────────────────── SPICE Model Extraction ────────────────────────────
[14:30:58] VERBOSE  Running 'Magic.SpiceExtraction' at              step.py:1138
                    '../runs/sys5ns_u45/61-magic-spiceextraction'…              
[14:30:58] VERBOSE  Logging subprocess to                           step.py:1338
                    '../runs/sys5ns_u45/61-magic-spiceextraction/ma             
                    gic-spiceextraction.log'…                                   
                                                                                
Magic 8.3 revision 623 - Compiled on Tue Mar 17 08:19:38 UTC 2026.              
Starting magic under Tcl interpreter                                            
Using the terminal as the console.                                              
Using NULL graphics device.                                                     
Processing system .magicrc file                                                 
Switching to WIRING tool.                                                       
Switching to NETLIST tool.                                                      
Switching to PICK tool.                                                         
Switching to BOX tool.                                                          
Sourcing design .magicrc for technology ihp-sg13g2 ...                          
2 Magic internal units = 1 Lambda                                               
Input style sg13g2(): scaleFactor=2, multiplier=2                               
The following types are not handled by extraction and will be treated as        
non-electrical types:                                                           
    pblock sealcont difffill nemitter hvnemitter hvisodiffres sealvia1 sealvia2 
sealvia3 sealvia4 sealvia5 sealvia6 pillar solder seal glass thruvia inductor   
Scaled tech values by 2 / 1 to match internal grid scaling                      
Loading ihp-sg13g2 Device Generator Menu ...                                    
Loading                                                                         
"/nix/store/8y4m6wgn5kqlbig1qwnwbxijqqp0jwib-python3-3.13.9-env/lib/python3.13/s
ite-packages/librelane/scripts/magic/wrapper.tcl" from command line.            
> lef read                                                                      
/home/matthias/.ciel/ihp-sg13g2/ihp-sg13g2/libs.ref/sg13g2_stdcell/lef/sg13g2_te
ch.lef                                                                          
Reading LEF data from file                                                      
/home/matthias/.ciel/ihp-sg13g2/ihp-sg13g2/libs.ref/sg13g2_stdcell/lef/sg13g2_te
ch.lef.                                                                         
This action cannot be undone.                                                   
LEF read, Line 79 (Message): Unknown keyword "MAXIMUMDENSITY" in LEF file;      
ignoring.                                                                       
LEF read, Line 80 (Message): Unknown keyword "DENSITYCHECKSTEP" in LEF file;    
ignoring.                                                                       
LEF read, Line 81 (Message): Unknown keyword "DENSITYCHECKWINDOW" in LEF file;  
ignoring.                                                                       
LEF read, Line 87 (Message): Unknown keyword "MINIMUMCUT" in LEF file; ignoring.
LEF read, Line 91 (Message): Unknown keyword "ANTENNACUMAREARATIO" in LEF file; 
ignoring.                                                                       
LEF read, Line 92 (Message): Unknown keyword "ANTENNACUMDIFFAREARATIO" in LEF   
file; ignoring.                                                                 
LEF read, Line 121 (Message): Unknown keyword "MAXIMUMDENSITY" in LEF file;     
ignoring.                                                                       
LEF read, Line 122 (Message): Unknown keyword "DENSITYCHECKSTEP" in LEF file;   
ignoring.                                                                       
LEF read, Line 123 (Message): Unknown keyword "DENSITYCHECKWINDOW" in LEF file; 
ignoring.                                                                       
LEF read, Line 129 (Message): Unknown keyword "MINIMUMCUT" in LEF file;         
ignoring.                                                                       
LEF read, Line 134 (Message): Unknown keyword "ANTENNACUMAREARATIO" in LEF file;
ignoring.                                                                       
LEF read, Line 135 (Message): Unknown keyword "ANTENNACUMDIFFAREARATIO" in LEF  
file; ignoring.                                                                 
LEF read, Line 163 (Message): Unknown keyword "MAXIMUMDENSITY" in LEF file;     
ignoring.                                                                       
LEF read, Line 164 (Message): Unknown keyword "DENSITYCHECKSTEP" in LEF file;   
ignoring.                                                                       
LEF read, Line 165 (Message): Unknown keyword "DENSITYCHECKWINDOW" in LEF file; 
ignoring.                                                                       
LEF read, Line 171 (Message): Unknown keyword "MINIMUMCUT" in LEF file;         
ignoring.                                                                       
LEF read, Line 176 (Message): Unknown keyword "ANTENNACUMAREARATIO" in LEF file;
ignoring.                                                                       
LEF read, Line 177 (Message): Unknown keyword "ANTENNACUMDIFFAREARATIO" in LEF  
file; ignoring.                                                                 
LEF read, Line 205 (Message): Unknown keyword "MAXIMUMDENSITY" in LEF file;     
ignoring.                                                                       
LEF read, Line 206 (Message): Unknown keyword "DENSITYCHECKSTEP" in LEF file;   
ignoring.                                                                       
LEF read, Line 207 (Message): Unknown keyword "DENSITYCHECKWINDOW" in LEF file; 
ignoring.                                                                       
LEF read, Line 213 (Message): Unknown keyword "MINIMUMCUT" in LEF file;         
ignoring.                                                                       
LEF read, Line 218 (Message): Unknown keyword "ANTENNACUMAREARATIO" in LEF file;
ignoring.                                                                       
LEF read, Line 219 (Message): Unknown keyword "ANTENNACUMDIFFAREARATIO" in LEF  
file; ignoring.                                                                 
LEF read, Line 246 (Message): Unknown keyword "MAXIMUMDENSITY" in LEF file;     
ignoring.                                                                       
LEF read, Line 247 (Message): Unknown keyword "DENSITYCHECKSTEP" in LEF file;   
ignoring.                                                                       
LEF read, Line 248 (Message): Unknown keyword "DENSITYCHECKWINDOW" in LEF file; 
ignoring.                                                                       
LEF read, Line 254 (Message): Unknown keyword "MINIMUMCUT" in LEF file;         
ignoring.                                                                       
LEF read, Line 259 (Message): Unknown keyword "ANTENNACUMAREARATIO" in LEF file;
ignoring.                                                                       
LEF read, Line 260 (Message): Unknown keyword "ANTENNACUMDIFFAREARATIO" in LEF  
file; ignoring.                                                                 
LEF read, Line 286 (Message): Unknown keyword "MAXIMUMDENSITY" in LEF file;     
ignoring.                                                                       
LEF read, Line 287 (Message): Unknown keyword "DENSITYCHECKSTEP" in LEF file;   
ignoring.                                                                       
LEF read, Line 288 (Message): Unknown keyword "DENSITYCHECKWINDOW" in LEF file; 
ignoring.                                                                       
LEF read, Line 293 (Message): Unknown keyword "ANTENNACUMAREARATIO" in LEF file;
ignoring.                                                                       
LEF read, Line 294 (Message): Unknown keyword "ANTENNACUMDIFFAREARATIO" in LEF  
file; ignoring.                                                                 
LEF read, Line 320 (Message): Unknown keyword "MAXIMUMDENSITY" in LEF file;     
ignoring.                                                                       
LEF read, Line 321 (Message): Unknown keyword "DENSITYCHECKSTEP" in LEF file;   
ignoring.                                                                       
LEF read, Line 322 (Message): Unknown keyword "DENSITYCHECKWINDOW" in LEF file; 
ignoring.                                                                       
LEF read, Line 327 (Message): Unknown keyword "ANTENNACUMAREARATIO" in LEF file;
ignoring.                                                                       
LEF read, Line 328 (Message): Unknown keyword "ANTENNACUMDIFFAREARATIO" in LEF  
file; ignoring.                                                                 
LEF read: Processed 1197 lines.                                                 
> lef read                                                                      
/home/matthias/.ciel/ihp-sg13g2/ihp-sg13g2/libs.ref/sg13g2_stdcell/lef/sg13g2_st
dcell.lef                                                                       
Reading LEF data from file                                                      
/home/matthias/.ciel/ihp-sg13g2/ihp-sg13g2/libs.ref/sg13g2_stdcell/lef/sg13g2_st
dcell.lef.                                                                      
This action cannot be undone.                                                   
LEF read, Line 6473 (Message): Unknown keyword "ANTENNAMAXCUTCAR" in LEF file;  
ignoring.                                                                       
LEF read: Processed 7927 lines.                                                 
> lef read                                                                      
/home/matthias/.ciel/ihp-sg13g2/ihp-sg13g2/libs.ref/sg13g2_io/lef/sg13g2_io.lef 
Reading LEF data from file                                                      
/home/matthias/.ciel/ihp-sg13g2/ihp-sg13g2/libs.ref/sg13g2_io/lef/sg13g2_io.lef.
This action cannot be undone.                                                   
LEF read: Processed 4552 lines.                                                 
> def read                                                                      
/home/matthias/prog/janestreet/emulator/prototypes/systolic-matcher/runs/sys5ns_
u45/53-odb-cellfrequencytables/systolic_matcher.def -noblockage                 
Reading DEF data from file                                                      
/home/matthias/prog/janestreet/emulator/prototypes/systolic-matcher/runs/sys5ns_
u45/53-odb-cellfrequencytables/systolic_matcher.def.                            
This action cannot be undone.                                                   
  Processed 6 vias total.                                                       
  Processed 1 non-default rules total.                                          
  Processed 1864 subcell instances total.                                       
  Processed 13 pins total.                                                      
  Processed 2 special nets total.                                               
  Processed 929 nets total.                                                     
DEF read: Processed 12652 lines.                                                
> spice read                                                                    
/home/matthias/.ciel/ihp-sg13g2/ihp-sg13g2/libs.ref/sg13g2_stdcell/spice/sg13g2_
stdcell.spice                                                                   
Annotating port orders from                                                     
/home/matthias/.ciel/ihp-sg13g2/ihp-sg13g2/libs.ref/sg13g2_stdcell/spice/sg13g2_
stdcell.spice                                                                   
Annotating cell sg13g2_a21o_1                                                   
Cell sg13g2_a21o_1 port order was modified.                                     
Annotating cell sg13g2_a21o_2                                                   
Cell sg13g2_a21o_2 port order was modified.                                     
Annotating cell sg13g2_a21oi_1                                                  
Cell sg13g2_a21oi_1 port order was modified.                                    
Annotating cell sg13g2_a21oi_2                                                  
Cell sg13g2_a21oi_2 port order was modified.                                    
Annotating cell sg13g2_a221oi_1                                                 
Cell sg13g2_a221oi_1 port order was modified.                                   
Annotating cell sg13g2_and2_1                                                   
Cell sg13g2_and2_1 port order was modified.                                     
Annotating cell sg13g2_and2_2                                                   
Cell sg13g2_and2_2 port order was modified.                                     
Annotating cell sg13g2_and3_1                                                   
Cell sg13g2_and3_1 port order was modified.                                     
Annotating cell sg13g2_and3_2                                                   
Cell sg13g2_and3_2 port order was modified.                                     
Annotating cell sg13g2_and4_1                                                   
Cell sg13g2_and4_1 port order was modified.                                     
Annotating cell sg13g2_and4_2                                                   
Cell sg13g2_and4_2 port order was modified.                                     
Annotating cell sg13g2_antennanp                                                
Cell sg13g2_antennanp port order was modified.                                  
Annotating cell sg13g2_buf_1                                                    
Cell sg13g2_buf_1 port order was modified.                                      
Annotating cell sg13g2_buf_16                                                   
Cell sg13g2_buf_16 port order was modified.                                     
Annotating cell sg13g2_buf_2                                                    
Cell sg13g2_buf_2 port order was modified.                                      
Annotating cell sg13g2_buf_4                                                    
Cell sg13g2_buf_4 port order was modified.                                      
Annotating cell sg13g2_buf_8                                                    
Cell sg13g2_buf_8 port order was modified.                                      
Annotating cell sg13g2_decap_4                                                  
Cell sg13g2_decap_4 port order was modified.                                    
Annotating cell sg13g2_decap_8                                                  
Cell sg13g2_decap_8 port order was modified.                                    
Annotating cell sg13g2_dfrbp_1                                                  
Cell sg13g2_dfrbp_1 port order was modified.                                    
Annotating cell sg13g2_dfrbp_2                                                  
Cell sg13g2_dfrbp_2 port order was modified.                                    
Annotating cell sg13g2_dlhq_1                                                   
Cell sg13g2_dlhq_1 port order was modified.                                     
Annotating cell sg13g2_dlhr_1                                                   
Cell sg13g2_dlhr_1 port order was modified.                                     
Annotating cell sg13g2_dlhrq_1                                                  
Cell sg13g2_dlhrq_1 port order was modified.                                    
Annotating cell sg13g2_dllr_1                                                   
Cell sg13g2_dllr_1 port order was modified.                                     
Annotating cell sg13g2_dllrq_1                                                  
Cell sg13g2_dllrq_1 port order was modified.                                    
Annotating cell sg13g2_dlygate4sd1_1                                            
Cell sg13g2_dlygate4sd1_1 port order was modified.                              
Annotating cell sg13g2_dlygate4sd2_1                                            
Cell sg13g2_dlygate4sd2_1 port order was modified.                              
Annotating cell sg13g2_dlygate4sd3_1                                            
Cell sg13g2_dlygate4sd3_1 port order was modified.                              
Annotating cell sg13g2_ebufn_2                                                  
Cell sg13g2_ebufn_2 port order was modified.                                    
Annotating cell sg13g2_ebufn_4                                                  
Cell sg13g2_ebufn_4 port order was modified.                                    
Annotating cell sg13g2_ebufn_8                                                  
Cell sg13g2_ebufn_8 port order was modified.                                    
Annotating cell sg13g2_einvn_2                                                  
Cell sg13g2_einvn_2 port order was modified.                                    
Annotating cell sg13g2_einvn_4                                                  
Cell sg13g2_einvn_4 port order was modified.                                    
Annotating cell sg13g2_einvn_8                                                  
Cell sg13g2_einvn_8 port order was modified.                                    
Annotating cell sg13g2_inv_1                                                    
Cell sg13g2_inv_1 port order was modified.                                      
Annotating cell sg13g2_inv_16                                                   
Cell sg13g2_inv_16 port order was modified.                                     
Annotating cell sg13g2_inv_2                                                    
Cell sg13g2_inv_2 port order was modified.                                      
Annotating cell sg13g2_inv_4                                                    
Cell sg13g2_inv_4 port order was modified.                                      
Annotating cell sg13g2_inv_8                                                    
Cell sg13g2_inv_8 port order was modified.                                      
Annotating cell sg13g2_lgcp_1                                                   
Cell sg13g2_lgcp_1 port order was modified.                                     
Annotating cell sg13g2_mux2_1                                                   
Cell sg13g2_mux2_1 port order was modified.                                     
Annotating cell sg13g2_mux2_2                                                   
Cell sg13g2_mux2_2 port order was modified.                                     
Annotating cell sg13g2_mux4_1                                                   
Cell sg13g2_mux4_1 port order was modified.                                     
Annotating cell sg13g2_nand2_1                                                  
Cell sg13g2_nand2_1 port order was modified.                                    
Annotating cell sg13g2_nand2_2                                                  
Cell sg13g2_nand2_2 port order was modified.                                    
Annotating cell sg13g2_nand2b_1                                                 
Cell sg13g2_nand2b_1 port order was modified.                                   
Annotating cell sg13g2_nand2b_2                                                 
Cell sg13g2_nand2b_2 port order was modified.                                   
Annotating cell sg13g2_nand3_1                                                  
Cell sg13g2_nand3_1 port order was modified.                                    
Annotating cell sg13g2_nand3b_1                                                 
Cell sg13g2_nand3b_1 port order was modified.                                   
Annotating cell sg13g2_nand4_1                                                  
Cell sg13g2_nand4_1 port order was modified.                                    
Annotating cell sg13g2_nor2_1                                                   
Cell sg13g2_nor2_1 port order was modified.                                     
Annotating cell sg13g2_nor2_2                                                   
Cell sg13g2_nor2_2 port order was modified.                                     
Annotating cell sg13g2_nor2b_1                                                  
Cell sg13g2_nor2b_1 port order was modified.                                    
Annotating cell sg13g2_nor2b_2                                                  
Cell sg13g2_nor2b_2 port order was modified.                                    
Annotating cell sg13g2_nor3_1                                                   
Cell sg13g2_nor3_1 port order was modified.                                     
Annotating cell sg13g2_nor3_2                                                   
Cell sg13g2_nor3_2 port order was modified.                                     
Annotating cell sg13g2_nor4_1                                                   
Cell sg13g2_nor4_1 port order was modified.                                     
Annotating cell sg13g2_nor4_2                                                   
Cell sg13g2_nor4_2 port order was modified.                                     
Annotating cell sg13g2_o21ai_1                                                  
Cell sg13g2_o21ai_1 port order was modified.                                    
Annotating cell sg13g2_or2_1                                                    
Cell sg13g2_or2_1 port order was modified.                                      
Annotating cell sg13g2_or2_2                                                    
Cell sg13g2_or2_2 port order was modified.                                      
Annotating cell sg13g2_or3_1                                                    
Cell sg13g2_or3_1 port order was modified.                                      
Annotating cell sg13g2_or3_2                                                    
Cell sg13g2_or3_2 port order was modified.                                      
Annotating cell sg13g2_or4_1                                                    
Cell sg13g2_or4_1 port order was modified.                                      
Annotating cell sg13g2_or4_2                                                    
Cell sg13g2_or4_2 port order was modified.                                      
Annotating cell sg13g2_sdfbbp_1                                                 
Cell sg13g2_sdfbbp_1 port order was modified.                                   
Annotating cell sg13g2_sighold                                                  
Cell sg13g2_sighold port order was modified.                                    
Annotating cell sg13g2_slgcp_1                                                  
Cell sg13g2_slgcp_1 port order was modified.                                    
Annotating cell sg13g2_tiehi                                                    
Cell sg13g2_tiehi port order was modified.                                      
Annotating cell sg13g2_tielo                                                    
Cell sg13g2_tielo port order was modified.                                      
Annotating cell sg13g2_xnor2_1                                                  
Cell sg13g2_xnor2_1 port order was modified.                                    
Annotating cell sg13g2_xor2_1                                                   
Cell sg13g2_xor2_1 port order was modified.                                     
Annotating cell sg13g2_a22oi_1                                                  
Cell sg13g2_a22oi_1 port order was modified.                                    
Annotating cell sg13g2_sdfrbpq_2                                                
Cell sg13g2_sdfrbpq_2 port order was modified.                                  
Annotating cell sg13g2_sdfrbpq_1                                                
Cell sg13g2_sdfrbpq_1 port order was modified.                                  
Annotating cell sg13g2_sdfrbp_2                                                 
Cell sg13g2_sdfrbp_2 port order was modified.                                   
Annotating cell sg13g2_sdfrbp_1                                                 
Cell sg13g2_sdfrbp_1 port order was modified.                                   
Annotating cell sg13g2_dfrbpq_2                                                 
Cell sg13g2_dfrbpq_2 port order was modified.                                   
Annotating cell sg13g2_dfrbpq_1                                                 
Cell sg13g2_dfrbpq_1 port order was modified.                                   
Annotating cell sg13g2_fill_1                                                   
Cell sg13g2_fill_1 port order was modified.                                     
Annotating cell sg13g2_fill_2                                                   
Cell sg13g2_fill_2 port order was modified.                                     
Annotating cell sg13g2_fill_4                                                   
Cell sg13g2_fill_4 port order was modified.                                     
Annotating cell sg13g2_fill_8                                                   
Cell sg13g2_fill_8 port order was modified.                                     
Processing systolic_matcher                                                     
Extracting sg13g2_buf_1 into sg13g2_buf_1.ext:                                  
Extracting sg13g2_dlygate4sd3_1 into sg13g2_dlygate4sd3_1.ext:                  
Extracting sg13g2_inv_1 into sg13g2_inv_1.ext:                                  
Extracting sg13g2_buf_16 into sg13g2_buf_16.ext:                                
Extracting sg13g2_buf_8 into sg13g2_buf_8.ext:                                  
Extracting sg13g2_tiehi into sg13g2_tiehi.ext:                                  
Extracting sg13g2_dfrbpq_1 into sg13g2_dfrbpq_1.ext:                            
Extracting sg13g2_mux2_1 into sg13g2_mux2_1.ext:                                
Extracting sg13g2_o21ai_1 into sg13g2_o21ai_1.ext:                              
Extracting sg13g2_nand2_1 into sg13g2_nand2_1.ext:                              
Extracting sg13g2_a21oi_1 into sg13g2_a21oi_1.ext:                              
Extracting sg13g2_nor2_1 into sg13g2_nor2_1.ext:                                
Extracting sg13g2_a22oi_1 into sg13g2_a22oi_1.ext:                              
Extracting sg13g2_a221oi_1 into sg13g2_a221oi_1.ext:                            
Extracting sg13g2_nand2b_1 into sg13g2_nand2b_1.ext:                            
Extracting sg13g2_nor2b_1 into sg13g2_nor2b_1.ext:                              
Extracting sg13g2_nor3_1 into sg13g2_nor3_1.ext:                                
Extracting sg13g2_xor2_1 into sg13g2_xor2_1.ext:                                
Extracting sg13g2_and3_1 into sg13g2_and3_1.ext:                                
Extracting sg13g2_nand3_1 into sg13g2_nand3_1.ext:                              
Extracting sg13g2_xnor2_1 into sg13g2_xnor2_1.ext:                              
Extracting sg13g2_and2_1 into sg13g2_and2_1.ext:                                
Extracting sg13g2_nand4_1 into sg13g2_nand4_1.ext:                              
Extracting sg13g2_decap_8 into sg13g2_decap_8.ext:                              
Extracting sg13g2_fill_1 into sg13g2_fill_1.ext:                                
Extracting sg13g2_fill_2 into sg13g2_fill_2.ext:                                
Extracting sg13g2_decap_4 into sg13g2_decap_4.ext:                              
Extracting systolic_matcher into systolic_matcher.ext:                          
exttospice finished.                                                            
──────────────── Spice Extraction-based Illegal Overlap Checker ────────────────
[14:30:58] VERBOSE  Running 'Checker.IllegalOverlap' at             step.py:1138
                    '../runs/sys5ns_u45/62-checker-illegaloverlap'…             
[14:30:58] INFO     Check for Magic Illegal Overlap errors clear. checker.py:131
[14:30:58] INFO     Gating variable for step 'Netgen.LVS' set  sequential.py:362
                    to 'False'- the step will be skipped.                       
[14:30:58] INFO     Skipping step 'Netgen LVS'…                sequential.py:370
[14:30:58] INFO     Gating variable for step 'Checker.LVS' set sequential.py:362
                    to 'False'- the step will be skipped.                       
[14:30:58] INFO     Skipping step 'LVS Error Checker'…         sequential.py:370
[14:30:58] INFO     Gating variable for step 'Yosys.EQY' set   sequential.py:362
                    to 'False'- the step will be skipped.                       
[14:30:58] INFO     Skipping step 'Equivalence Check'…         sequential.py:370
─────────────────────── Setup Timing Violations Checker ────────────────────────
[14:30:58] VERBOSE  Running 'Checker.SetupViolations' at            step.py:1138
                    '../runs/sys5ns_u45/63-checker-setupviolations'             
                    …                                                           
[14:30:58] VERBOSE  No setup violations found                     checker.py:628
──────────────────────── Hold Timing Violations Checker ────────────────────────
[14:30:58] VERBOSE  Running 'Checker.HoldViolations' at             step.py:1138
                    '../runs/sys5ns_u45/64-checker-holdviolations'…             
[14:30:58] VERBOSE  No hold violations found                      checker.py:628
─────────────────────── Maximum Slew Violations Checker ────────────────────────
[14:30:58] VERBOSE  Running 'Checker.MaxSlewViolations' at          step.py:1138
                    '../runs/sys5ns_u45/65-checker-maxslewviolation             
                    s'…                                                         
[14:30:58] VERBOSE  No max slew violations found                  checker.py:628
──────────────────── Maximum Capacitance Violations Checker ────────────────────
[14:30:58] VERBOSE  Running 'Checker.MaxCapViolations' at           step.py:1138
                    '../runs/sys5ns_u45/66-checker-maxcapviolations             
                    '…                                                          
[14:30:58] VERBOSE  No max cap violations found                   checker.py:628
───────────────── Report Manufacturability (DRC, LVS, Antenna) ─────────────────
[14:30:58] VERBOSE  Running 'Misc.ReportManufacturability' at       step.py:1138
                    '../runs/sys5ns_u45/67-misc-reportmanufacturabi             
                    lity'…                                                      
[14:30:58] WARNING  'design__lvs_error__count' not reported.          misc.py:84
                    Netgen.LVS may have been skipped.                           
[14:30:58] WARNING  klayout__drc_error__count not reported.          misc.py:102
                    KLayout.DRC may have been skipped.                          
[14:30:58] WARNING  magic__drc_error__count not reported. Magic.DRC  misc.py:110
                    may have been skipped.                                      
* Antenna
Passed ✅

* LVS
N/A

* DRC
N/A

[14:30:58] INFO     Saving views to                                 state.py:209
                    '/home/matthias/prog/janestreet/emulator/protot             
                    ypes/systolic-matcher/runs/sys5ns_u45/final'…               
[14:30:58] INFO     Flow complete.                             sequential.py:413
Classic - Stage 80 - Report Manufacturability ━━━━━━━━━━━━━━━━━━━━ 80/80 0:01:02

[14:30:58] WARNING  The following warnings were generated by the     flow.py:699
                    flow:                                                       
[14:30:58] WARNING  [Checker.LintWarnings] 1 Lint warnings found.    flow.py:701
[14:30:58] WARNING  [OpenROAD.CheckSDCFiles] 'PNR_SDC_FILE' is not   flow.py:701
                    defined. Using generic fallback SDC for OpenROAD            
                    PnR steps.                                                  
[14:30:58] WARNING  [OpenROAD.CheckSDCFiles] 'SIGNOFF_SDC_FILE' is   flow.py:701
                    not defined. Using generic fallback SDC for                 
                    OpenROAD PnR steps.                                         
[14:30:58] WARNING  [OpenROAD.DetailedRouting] [DRT-0349]            flow.py:701
                    LEF58_ENCLOSURE with no CUTCLASS is not                     
                    supported. Skipping for layer Cont (and 9                   
                    similar warnings)                                           
[14:30:58] WARNING  [Checker.WireLength] Threshold for               flow.py:701
                    Threshold-surpassing long wires is not set. The             
                    checker will be skipped.                                    
[14:30:58] WARNING  [Misc.ReportManufacturability]                   flow.py:701
                    'design__lvs_error__count' not reported.                    
                    Netgen.LVS may have been skipped.                           
[14:30:58] WARNING  [Misc.ReportManufacturability]                   flow.py:701
                    klayout__drc_error__count not reported.                     
                    KLayout.DRC may have been skipped.                          
[14:30:58] WARNING  [Misc.ReportManufacturability]                   flow.py:701
                    magic__drc_error__count not reported. Magic.DRC             
                    may have been skipped.                                      
librelane exit 0 Mon 21 Sep 22:31:17 +08 2026
