00000 features=788 size=22 p=2 tap=43 reset=true scheme=4 ops=2,2,0,1,0,2,1,0,1,1,3,1,3,2,1,3,3,3,0,2,3,2,1,0,1,3,1,2,1,0,1,1,3,0,1,1,3,0,3,3,3,0,2,1,1,2,1,2,2,1,0,2,3,2,0,3,0,0,0,2,1,1,0,2 ks=224,0,0,0,6,0,0,0,0,0,62,0,0,239,0,0,0,0,0,0,0,90,0,138,0,41,137,131,0,15,0,0,0,42,0,0,0,0,86,247,0,0,0,235,41,0,0,0,66,19,0,143,171,0,0,0,0,0,0,0,141,163,0,65
00001 features=724 size=23 p=2 tap=43 reset=false scheme=4 ops=2,2,0,1,0,2,1,0,1,1,3,1,3,2,1,3,3,3,0,2,0,2,1,0,1,3,1,2,1,0,1,1,3,0,1,1,3,0,3,3,3,0,2,1,1,2,1,2,2,1,0,2,3,2,0,3,0,0,0,2,1,1,0,2 ks=224,0,127,0,6,0,0,0,0,0,62,0,0,239,0,0,0,0,0,0,0,255,0,138,0,155,137,0,0,15,0,0,0,42,0,0,0,0,86,247,0,0,0,235,41,0,0,0,66,19,0,143,171,0,0,0,0,0,0,0,141,163,16,65
00002 features=394 size=22 p=2 tap=43 reset=true scheme=1 ops=1,1,1,1,1,1,1,1,1,1,1,1,1,1,1,1,1,1,1,1,1,1,1,1,1,1,1,1,1,1,1,1,1,1,1,1,1,1,1,1,1,1,1,1,1,1,1,1,1,1,1,1,1,1,1,1,1,1,1,1,1,1,1,1 ks=224,0,0,0,6,0,0,0,0,0,62,0,0,239,0,0,0,0,0,0,0,90,0,138,0,41,137,131,0,15,0,0,0,42,0,0,0,0,86,247,0,0,0,235,41,0,0,0,66,19,0,143,171,0,0,0,0,0,0,0,141,163,0,65
00003 features=793 size=22 p=2 tap=43 reset=true scheme=4 ops=2,2,0,1,0,2,1,0,1,1,3,1,3,2,1,3,3,3,0,2,3,2,1,0,1,3,1,2,1,0,1,1,3,0,1,1,3,0,3,3,3,0,2,1,1,2,1,2,2,1,0,2,3,2,0,3,0,0,0,2,1,1,0,2 ks=0,0,1,0,6,2,0,0,0,0,62,0,0,239,0,0,0,0,0,0,0,90,0,138,0,41,137,131,0,0,0,0,0,42,0,0,0,0,86,247,0,0,0,235,41,0,0,0,66,19,0,143,171,0,0,0,0,0,0,0,141,163,0,65
00004 features=789 size=20 p=2 tap=43 reset=true scheme=4 ops=2,2,0,1,0,2,1,0,1,1,3,1,3,2,1,3,3,3,0,2,3,2,1,0,1,3,1,2,1,0,1,1,3,0,1,1,3,0,3,3,3,0,2,1,1,2,1,2,2,1,0,2,3,2,0,3,0,0,0,2,1,1,0,2 ks=224,0,0,0,6,0,0,0,0,0,0,0,0,239,0,0,0,0,0,0,0,90,0,138,0,41,137,131,0,15,0,0,0,42,0,0,0,0,86,0,0,0,0,235,41,0,0,0,66,0,0,143,171,0,0,0,0,0,0,3,141,163,0,65
00005 features=722 size=1 p=2 tap=43 reset=true scheme=4 ops=2,2,0,1,0,2,1,0,1,1,3,1,3,2,1,3,3,3,0,2,3,2,1,0,1,3,1,2,1,0,1,1,3,0,1,1,3,0,3,3,3,0,2,1,1,2,1,2,2,1,0,2,3,2,0,3,0,0,0,2,1,1,0,2 ks=0,0,0,0,0,0,0,0,0,0,0,0,0,0,0,0,0,0,0,0,0,0,0,0,0,0,0,0,0,0,0,0,0,0,0,0,0,0,0,0,0,0,0,0,0,0,0,0,0,0,0,0,0,0,0,0,0,0,0,0,0,0,253,0
00006 features=736 size=1 p=2 tap=43 reset=true scheme=4 ops=2,2,0,1,0,2,1,0,1,1,3,1,3,2,1,3,3,3,0,2,3,2,1,0,1,3,1,2,1,0,1,1,3,0,1,1,3,0,3,3,3,0,2,1,1,2,1,2,2,1,0,2,3,2,0,3,0,0,0,2,1,1,0,2 ks=0,0,0,0,0,0,127,0,0,0,0,0,0,0,0,0,0,0,0,0,0,0,0,0,0,0,0,0,0,0,0,0,0,0,0,0,0,0,0,0,0,0,0,0,0,0,0,0,0,0,0,0,0,0,0,0,0,0,0,0,0,0,0,0
00007 features=731 size=1 p=2 tap=43 reset=true scheme=4 ops=2,2,0,1,0,2,1,0,1,1,3,1,3,2,1,3,3,3,0,2,3,2,1,0,1,3,1,2,1,0,1,1,3,0,1,1,3,0,3,3,3,0,2,1,1,2,1,2,2,1,0,2,3,2,0,3,0,0,0,2,1,1,0,2 ks=0,0,0,0,0,0,0,0,0,0,0,0,0,0,0,0,0,0,0,0,0,0,0,0,0,0,0,0,0,0,0,0,0,0,0,212,0,0,0,0,0,0,0,0,0,0,0,0,0,0,0,0,0,0,0,0,0,0,0,0,0,0,0,0
00008 features=712 size=4 p=2 tap=43 reset=true scheme=4 ops=2,2,0,1,0,2,1,0,1,1,3,1,3,2,1,3,3,3,0,2,3,2,1,0,1,3,1,2,1,0,1,1,3,0,1,1,3,0,3,3,3,0,2,1,1,2,1,2,2,1,0,2,3,2,0,1,0,0,0,2,1,1,0,2 ks=0,0,0,0,0,0,0,0,0,0,62,0,0,0,2,0,0,0,0,0,0,90,0,0,0,0,137,0,0,0,0,0,0,0,0,0,0,0,0,0,0,0,0,0,0,0,0,0,0,0,0,0,0,0,0,0,0,0,0,0,0,0,0,0
00009 features=720 size=1 p=2 tap=43 reset=true scheme=4 ops=2,2,0,1,0,2,1,0,1,1,3,1,3,2,1,3,3,3,0,2,3,2,1,0,1,3,1,2,1,0,1,1,3,0,1,1,3,0,3,3,3,0,2,1,1,2,1,2,2,1,0,2,3,2,0,3,0,0,0,2,1,1,0,2 ks=0,0,0,0,0,0,0,190,0,0,0,0,0,0,0,0,0,0,0,0,0,0,0,0,0,0,0,0,0,0,0,0,0,0,0,0,0,0,0,0,0,0,0,0,0,0,0,0,0,0,0,0,0,0,0,0,0,0,0,0,0,0,0,0
00010 features=726 size=2 p=2 tap=43 reset=true scheme=4 ops=2,2,0,1,0,2,1,0,1,1,3,1,3,2,1,3,3,3,0,2,3,2,1,0,1,3,1,2,1,0,1,1,3,0,1,1,3,0,3,3,3,0,2,1,1,2,1,2,2,1,0,2,3,2,0,3,0,0,0,1,1,1,0,2 ks=0,0,0,0,0,0,0,0,0,255,0,0,0,0,53,0,0,0,0,0,0,0,0,0,0,0,0,0,0,0,0,0,0,0,0,0,0,0,0,0,0,0,0,0,0,0,0,0,0,0,0,0,0,0,0,0,0,0,0,0,0,0,0,0
00011 features=708 size=24 p=2 tap=43 reset=false scheme=4 ops=2,2,0,1,0,2,1,0,1,1,3,1,3,2,1,1,3,3,0,2,3,2,1,0,1,3,1,2,1,0,1,1,3,0,1,1,3,0,3,3,3,0,2,1,1,2,1,2,2,1,0,2,3,2,0,3,0,0,0,2,1,1,0,2 ks=224,0,0,0,6,0,0,255,0,0,62,0,0,239,0,0,0,0,0,0,0,90,0,138,0,41,137,131,0,15,0,0,0,42,0,0,0,0,86,247,0,0,0,235,41,0,0,0,66,19,0,143,171,0,0,0,0,118,0,0,141,163,0,65
00012 features=635 size=23 p=2 tap=43 reset=true scheme=3 ops=2,2,2,1,1,2,1,1,1,2,2,1,1,2,1,1,2,1,1,2,1,2,1,2,1,1,1,2,1,1,1,1,1,2,1,1,1,1,1,2,1,2,2,1,1,2,1,2,2,1,2,2,1,2,1,2,2,2,2,2,1,1,1,2 ks=224,0,0,0,6,0,0,0,0,0,62,0,0,237,0,0,0,0,0,0,0,90,0,138,0,41,137,131,0,15,0,0,0,42,0,0,0,0,86,247,0,0,0,235,41,0,0,0,66,19,0,142,171,0,0,0,0,2,0,0,141,163,0,65
00013 features=956 size=22 p=2 tap=43 reset=true scheme=4 ops=3,0,0,0,0,3,0,0,0,0,3,0,3,3,3,3,3,3,0,0,3,0,3,0,0,3,3,3,3,0,3,3,3,0,3,0,3,0,3,3,3,0,3,3,0,0,0,0,0,3,0,0,3,0,0,3,0,0,0,0,3,0,0,3 ks=224,0,0,0,6,0,0,0,0,0,62,0,0,239,0,0,0,0,0,0,0,90,0,138,0,41,137,131,0,15,0,0,0,42,0,0,0,0,86,247,0,0,0,235,41,0,0,0,66,19,0,143,171,0,0,0,0,0,0,0,141,163,0,65
00014 features=687 size=1 p=2 tap=43 reset=false scheme=4 ops=2,2,0,1,0,2,1,0,1,1,3,1,3,2,1,3,3,3,0,2,3,2,1,0,1,3,1,2,1,0,1,1,3,0,1,1,3,0,3,3,3,0,2,1,1,2,1,2,2,1,0,2,3,2,0,3,0,0,0,2,1,1,0,2 ks=0,0,0,0,0,0,0,0,0,0,0,0,0,0,0,0,0,0,0,0,0,0,0,0,0,0,0,0,0,0,0,0,3,0,0,0,0,0,0,0,0,0,0,0,0,0,0,0,0,0,0,0,0,0,0,0,0,0,0,0,0,0,0,0
00015 features=765 size=1 p=2 tap=41 reset=true scheme=4 ops=2,2,0,1,0,2,1,0,1,1,3,1,3,2,1,3,3,3,0,2,3,2,1,0,1,3,1,2,1,0,1,1,3,0,1,1,3,0,3,2,3,0,2,1,1,2,1,2,2,1,0,2,3,2,0,3,0,0,0,2,1,1,0,2 ks=0,0,0,0,0,0,0,0,0,0,0,0,0,0,0,0,0,0,0,0,0,0,0,0,0,0,0,0,0,0,0,0,0,42,0,0,0,0,0,0,0,0,0,0,0,0,0,0,0,0,0,0,0,0,0,0,0,0,0,0,0,0,0,0
00016 features=660 size=2 p=2 tap=43 reset=true scheme=4 ops=2,2,0,1,0,2,1,0,1,1,1,1,1,2,1,1,2,2,0,2,1,2,1,0,1,0,1,2,1,0,1,1,2,0,1,1,0,0,0,2,2,0,2,1,1,2,1,2,2,1,0,2,0,2,0,0,0,0,0,2,1,1,0,2 ks=0,0,233,0,0,0,0,0,0,0,0,0,0,0,0,0,0,0,0,0,0,0,0,0,0,0,0,0,0,0,0,0,0,0,0,0,0,0,0,0,0,0,0,0,0,0,0,0,0,0,0,0,171,0,0,0,0,0,0,0,0,0,0,0
00017 features=861 size=5 p=2 tap=43 reset=true scheme=4 ops=3,3,3,3,3,3,3,3,3,3,3,3,3,3,3,3,3,3,3,3,3,3,3,3,3,3,3,3,3,3,3,3,3,3,3,3,3,3,3,3,3,3,3,3,3,3,3,3,3,3,3,3,3,3,3,3,3,3,3,3,3,3,3,3 ks=0,0,233,0,0,0,0,0,0,0,0,0,0,0,0,0,0,0,0,0,0,2,0,0,0,0,137,0,0,0,0,0,0,0,0,0,1,0,0,0,0,0,0,0,0,0,1,0,0,0,0,0,0,0,0,0,0,0,0,0,0,0,0,0
00018 features=1009 size=0 p=2 tap=43 reset=true scheme=4 ops=0,3,0,3,0,3,0,0,0,0,3,0,3,0,0,3,3,3,0,3,3,0,3,0,0,3,0,3,3,0,0,3,3,0,0,0,3,0,3,3,3,0,0,0,3,0,0,0,0,0,0,3,3,3,0,3,0,0,0,3,0,0,0,3 ks=0,0,0,0,0,0,0,0,0,0,0,0,0,0,0,0,0,0,0,0,0,0,0,0,0,0,0,0,0,0,0,0,0,0,0,0,0,0,0,0,0,0,0,0,0,0,0,0,0,0,0,0,0,0,0,0,0,0,0,0,0,0,0,0
00019 features=962 size=0 p=2 tap=43 reset=true scheme=4 ops=2,2,0,0,0,3,2,0,0,2,3,2,3,2,0,3,3,3,0,2,3,2,3,0,3,3,2,2,3,0,3,0,3,0,2,3,3,0,3,3,3,0,2,2,2,2,2,2,2,3,0,2,3,2,0,3,0,0,0,2,3,3,0,2 ks=0,0,0,0,0,0,0,0,0,0,0,0,0,0,0,0,0,0,0,0,0,0,0,0,0,0,0,0,0,0,0,0,0,0,0,0,0,0,0,0,0,0,0,0,0,0,0,0,0,0,0,0,0,0,0,0,0,0,0,0,0,0,0,0
00020 features=915 size=2 p=2 tap=43 reset=true scheme=4 ops=2,2,2,3,2,2,3,2,3,2,3,2,3,2,3,3,3,3,3,2,3,2,3,2,3,3,3,2,3,2,2,2,3,3,3,3,3,2,3,3,3,3,2,3,2,2,2,2,2,2,2,2,3,2,2,3,2,3,3,2,3,2,3,2 ks=0,0,0,0,165,0,0,190,0,0,0,0,0,0,0,0,0,0,0,0,0,0,0,0,0,0,0,0,0,0,0,0,0,0,0,0,0,0,0,0,0,0,0,0,0,0,0,0,0,0,0,0,0,0,0,0,0,0,0,0,0,0,0,0
00021 features=679 size=3 p=2 tap=43 reset=false scheme=4 ops=2,2,0,1,0,2,1,0,1,1,3,1,3,2,1,3,3,3,0,2,3,2,1,0,1,3,1,2,1,0,1,1,3,0,1,1,3,0,3,3,3,0,2,1,1,2,1,2,2,1,0,2,3,2,0,3,0,0,0,1,1,1,0,2 ks=0,0,0,0,0,0,0,0,0,255,0,0,0,0,53,0,0,0,0,0,0,0,0,0,0,0,0,0,0,0,1,0,0,0,0,0,0,0,0,0,0,0,0,0,0,0,0,0,0,0,0,0,0,0,0,0,0,0,0,0,0,0,0,0
00022 features=1025 size=0 p=2 tap=43 reset=true scheme=2 ops=2,2,2,2,2,2,2,2,2,2,2,2,2,2,2,2,2,2,2,2,2,2,2,2,2,2,2,2,2,2,2,2,2,2,2,2,2,2,2,2,2,2,2,2,2,2,2,2,2,2,2,2,2,2,2,2,2,2,2,2,2,2,2,2 ks=0,0,0,0,0,0,0,0,0,0,0,0,0,0,0,0,0,0,0,0,0,0,0,0,0,0,0,0,0,0,0,0,0,0,0,0,0,0,0,0,0,0,0,0,0,0,0,0,0,0,0,0,0,0,0,0,0,0,0,0,0,0,0,0
00023 features=635 size=23 p=2 tap=43 reset=true scheme=3 ops=2,2,2,1,1,2,1,1,1,2,2,1,1,2,1,1,2,1,1,2,1,2,1,2,1,1,1,2,1,1,1,1,1,2,1,1,1,1,1,2,1,2,2,1,1,2,1,2,2,1,2,2,1,2,1,2,2,2,2,2,1,1,1,2 ks=224,0,0,0,6,0,0,0,0,0,62,0,0,237,0,0,0,0,0,0,0,90,0,138,0,41,140,131,0,15,0,0,0,42,0,0,0,0,86,247,0,0,0,235,41,0,0,0,66,19,0,142,171,0,0,0,0,2,0,0,141,163,0,65
00024 features=784 size=23 p=2 tap=43 reset=false scheme=4 ops=2,2,0,2,0,2,3,0,2,2,3,0,3,2,0,3,3,3,0,2,3,2,3,0,3,3,3,2,0,0,0,0,3,0,2,2,3,0,3,3,3,0,2,2,0,2,3,2,2,0,0,2,3,2,0,3,0,0,0,2,2,0,0,2 ks=224,0,0,0,6,0,0,255,0,0,62,0,0,239,0,0,0,0,0,0,0,90,0,138,0,41,137,131,0,15,0,0,0,42,0,0,0,0,0,247,0,0,0,235,41,0,0,0,66,19,0,143,171,0,0,0,0,118,0,0,141,163,0,65
00025 features=593 size=3 p=2 tap=43 reset=true scheme=4 ops=3,3,3,3,3,3,3,3,3,3,3,3,3,3,3,3,3,3,3,3,3,3,3,3,3,3,3,3,3,3,3,3,3,3,3,3,3,3,3,3,3,3,3,3,3,3,3,3,3,3,3,3,3,3,3,3,3,3,3,3,3,3,3,3 ks=0,0,0,0,0,0,0,0,0,0,0,0,0,0,0,0,0,0,0,0,0,2,0,0,0,0,0,0,0,0,0,0,0,0,0,0,0,0,0,0,0,254,0,0,0,0,1,0,0,0,0,0,0,0,0,0,0,0,0,0,0,0,0,0
00026 features=814 size=2 p=2 tap=43 reset=true scheme=1 ops=2,3,3,3,3,3,3,3,2,2,3,3,2,2,2,2,3,3,3,2,3,2,3,3,2,3,2,2,3,2,2,3,2,2,3,2,2,2,2,3,3,2,2,3,3,3,2,3,3,2,2,3,3,2,2,2,2,2,2,3,2,3,3,2 ks=0,0,0,0,6,0,0,0,0,0,0,0,0,0,0,0,0,0,0,0,0,0,0,0,0,0,0,0,0,0,0,0,0,0,0,0,0,0,0,0,0,0,0,0,0,0,0,0,70,0,0,0,0,0,0,0,0,0,0,0,0,0,0,0
00027 features=1035 size=1 p=2 tap=43 reset=true scheme=4 ops=0,3,0,3,0,3,0,0,0,0,3,0,3,0,0,3,3,3,2,3,3,0,3,0,0,3,0,3,3,0,0,3,3,1,0,0,3,0,3,3,3,0,0,0,3,0,0,0,0,0,0,3,3,3,0,3,0,0,0,3,0,0,0,3 ks=0,0,0,0,0,0,0,0,0,0,0,0,0,0,0,0,0,0,0,0,0,0,0,0,0,0,0,0,0,0,0,0,0,0,0,0,0,0,0,0,0,0,0,128,0,0,0,0,0,0,0,0,0,0,0,0,0,0,0,0,0,0,0,0
00028 features=737 size=3 p=2 tap=43 reset=true scheme=2 ops=3,3,3,3,3,3,3,3,3,3,3,3,3,3,3,3,3,3,3,3,3,3,3,3,3,3,3,3,3,3,3,3,3,3,3,3,3,3,3,3,3,3,3,3,3,3,3,3,3,3,3,3,3,3,3,3,3,3,3,3,3,3,3,3 ks=0,0,0,0,0,0,0,0,0,0,0,0,0,0,0,0,0,0,0,0,0,0,0,0,0,0,0,0,0,0,0,0,0,0,0,0,0,0,0,0,0,0,0,0,0,0,0,0,66,19,0,0,0,0,0,0,0,18,0,0,0,0,0,0
00029 features=968 size=22 p=10 tap=43 reset=true scheme=4 ops=3,0,0,0,0,3,0,0,0,0,3,0,3,3,3,3,3,3,0,0,3,0,3,0,0,3,3,3,3,0,3,3,3,0,3,0,3,0,3,3,3,0,3,3,0,0,0,0,0,3,0,0,3,0,0,3,0,0,0,0,3,0,0,3 ks=224,0,0,0,6,0,0,0,0,0,62,0,0,239,0,0,0,0,0,0,0,90,0,138,0,41,137,131,0,15,0,0,0,42,0,0,0,0,86,247,0,0,0,235,41,0,0,0,66,19,0,143,171,0,0,0,0,0,0,0,141,163,0,65
00030 features=793 size=6 p=2 tap=43 reset=true scheme=4 ops=3,3,3,3,3,3,3,3,3,3,3,3,0,3,3,3,3,3,3,3,3,3,3,3,3,3,3,3,3,3,3,3,3,3,3,3,3,3,3,3,3,3,3,3,1,3,3,3,3,3,3,3,3,3,3,3,3,3,3,3,3,3,0,2 ks=0,0,0,0,0,0,0,0,0,0,0,0,0,0,0,0,0,0,84,0,0,2,0,0,0,0,0,0,0,254,0,0,0,0,0,0,0,252,0,0,0,0,0,0,0,0,1,0,0,2,0,0,0,0,0,0,0,0,0,0,0,0,0,0
00031 features=974 size=0 p=2 tap=43 reset=true scheme=1 ops=3,0,3,0,0,3,3,0,0,3,3,3,3,3,3,3,3,3,0,3,3,0,3,3,3,0,3,0,3,3,0,3,0,3,0,0,0,0,0,3,0,0,0,3,3,0,3,3,3,3,0,3,3,0,0,0,0,3,0,0,3,3,0,3 ks=0,0,0,0,0,0,0,0,0,0,0,0,0,0,0,0,0,0,0,0,0,0,0,0,0,0,0,0,0,0,0,0,0,0,0,0,0,0,0,0,0,0,0,0,0,0,0,0,0,0,0,0,0,0,0,0,0,0,0,0,0,0,0,0
00032 features=933 size=7 p=2 tap=43 reset=true scheme=4 ops=3,0,0,0,0,3,1,0,0,0,3,0,3,3,3,2,3,3,0,0,3,0,3,0,0,3,3,3,3,0,3,3,3,0,3,0,3,0,3,3,3,0,3,3,0,0,0,0,0,3,0,0,3,0,0,3,0,0,0,0,3,0,0,3 ks=0,0,0,0,0,0,0,0,0,0,0,0,0,0,0,0,0,0,0,0,0,0,0,0,0,0,0,0,0,15,0,18,0,42,0,0,0,0,86,247,0,0,0,235,41,0,0,0,0,0,0,0,0,0,0,0,0,0,0,0,0,0,0,0
00033 features=751 size=3 p=2 tap=43 reset=true scheme=4 ops=2,2,0,1,0,2,1,0,1,1,3,1,3,2,1,3,3,3,0,2,3,2,1,0,1,0,1,2,1,0,1,1,3,0,1,1,3,0,3,3,3,0,2,1,1,2,1,2,2,1,0,2,3,2,0,3,0,0,0,2,3,1,0,2 ks=0,0,0,0,0,0,0,0,0,0,0,0,0,0,253,1,0,0,0,0,0,0,0,0,0,0,0,0,0,0,0,0,0,0,128,0,0,0,0,0,0,0,0,0,0,0,0,0,0,0,0,0,0,0,0,0,0,0,0,0,0,0,0,0
00034 features=749 size=25 p=2 tap=43 reset=false scheme=4 ops=2,2,0,2,0,2,3,0,1,1,3,1,3,2,0,3,3,3,0,2,3,2,3,0,3,3,3,2,0,0,0,0,3,0,2,2,3,0,3,3,3,0,2,2,0,2,3,2,2,0,0,2,3,2,0,3,0,0,0,2,2,0,0,2 ks=224,0,0,255,6,0,0,255,0,0,0,0,0,239,0,0,0,0,0,0,0,90,0,138,0,41,137,131,0,15,0,0,0,42,0,0,0,2,4,247,0,0,0,235,41,0,0,0,66,19,0,143,171,0,0,0,0,118,0,0,141,163,0,65
00035 features=895 size=1 p=2 tap=43 reset=true scheme=4 ops=2,2,2,3,2,2,3,2,3,2,3,2,1,2,3,3,3,3,3,2,3,2,3,2,3,3,3,2,3,2,2,2,3,3,3,3,3,2,3,3,3,3,2,3,2,2,2,2,2,2,2,2,3,2,2,3,2,3,3,2,3,2,3,2 ks=0,0,0,0,0,0,0,190,0,0,0,0,0,0,0,0,0,0,0,0,0,0,0,0,0,0,0,0,0,0,0,0,0,0,0,0,0,0,0,0,0,0,0,0,0,0,0,0,0,0,0,0,0,0,0,0,0,0,0,0,0,0,0,0
00036 features=959 size=22 p=10 tap=43 reset=true scheme=4 ops=3,0,0,0,0,3,0,0,0,0,3,0,3,3,3,3,3,3,0,0,3,0,3,0,0,3,3,3,3,0,3,3,3,0,3,0,3,0,3,3,3,0,3,3,0,0,0,0,0,3,0,0,3,0,0,3,0,0,0,0,3,0,0,3 ks=224,0,0,0,6,0,0,0,0,0,62,0,0,239,0,0,0,0,0,0,0,90,0,138,0,41,137,131,0,15,0,0,0,42,0,0,0,0,86,247,0,0,0,235,116,0,0,0,66,19,0,143,171,0,0,0,0,0,0,0,141,163,0,65
00037 features=764 size=18 p=5 tap=43 reset=false scheme=4 ops=2,0,0,2,0,2,3,0,1,1,3,1,3,2,1,3,3,3,0,2,3,2,1,0,3,3,3,2,0,0,0,0,3,0,2,2,3,0,3,3,3,0,2,2,0,2,3,2,2,0,0,2,0,2,0,3,0,0,0,2,2,0,0,2 ks=224,0,0,0,6,0,0,0,0,0,0,0,0,0,0,0,0,0,0,0,0,0,0,0,0,0,137,131,32,15,0,0,0,42,0,0,0,0,0,247,0,0,0,235,41,0,0,0,66,19,0,0,171,0,0,0,0,118,0,0,141,163,249,65
00038 features=554 size=1 p=2 tap=43 reset=true scheme=4 ops=3,3,3,3,3,3,3,3,3,3,3,3,3,3,3,3,3,3,3,3,3,3,3,3,3,3,3,3,3,3,3,3,3,3,3,3,3,3,3,3,3,3,3,3,3,3,3,3,3,3,3,3,3,3,3,3,3,3,3,3,3,3,3,3 ks=0,0,0,0,0,0,0,0,0,0,0,0,0,0,0,0,0,0,0,0,0,0,0,0,0,0,0,0,0,0,0,0,0,0,0,0,0,0,0,0,232,0,0,0,0,0,0,0,0,0,0,0,0,0,0,0,0,0,0,0,0,0,0,0
00039 features=720 size=24 p=2 tap=43 reset=false scheme=4 ops=2,2,0,1,0,2,1,0,1,1,3,1,3,2,1,1,3,3,0,2,3,2,1,0,1,3,1,2,1,0,0,1,3,0,1,1,3,0,3,3,3,0,2,1,1,2,1,2,2,1,0,2,3,2,0,3,0,0,0,2,1,1,0,2 ks=224,0,0,0,6,0,0,255,0,0,62,0,0,239,0,0,0,0,0,0,0,90,0,138,0,41,137,131,0,15,0,0,0,42,0,0,0,0,86,247,0,0,0,235,41,0,0,0,66,19,0,143,171,0,0,0,0,118,0,0,141,163,0,65
00040 features=950 size=22 p=10 tap=43 reset=true scheme=4 ops=3,0,0,0,0,3,0,0,0,0,3,0,3,3,3,3,3,3,0,0,3,0,3,0,0,3,3,3,3,0,3,3,3,0,3,0,3,0,3,3,3,0,3,3,0,0,0,0,0,3,0,0,3,0,0,3,0,0,0,0,3,0,0,3 ks=224,0,0,0,6,0,0,0,0,0,62,0,0,239,0,0,0,0,0,0,0,218,0,138,0,41,137,131,0,15,0,0,0,42,0,0,0,0,86,247,0,0,0,235,41,0,0,0,66,19,0,143,171,0,0,0,0,0,0,0,141,163,0,65
00041 features=964 size=23 p=2 tap=43 reset=true scheme=4 ops=3,0,0,0,0,3,0,0,0,0,3,0,3,3,3,3,3,3,0,0,3,0,3,0,0,3,3,3,3,0,3,3,3,0,3,0,3,0,3,3,3,0,3,3,0,0,0,0,0,3,0,0,3,0,0,3,0,0,0,0,3,0,0,3 ks=224,0,0,0,6,0,0,0,0,0,62,0,0,239,0,0,0,0,0,0,0,90,0,138,0,41,137,131,0,15,0,0,0,42,0,0,0,0,86,247,89,0,0,235,41,0,0,0,66,19,0,143,171,0,0,0,0,0,0,0,141,163,0,65
00042 features=441 size=2 p=5 tap=5 reset=true scheme=4 ops=3,1,3,1,3,1,1,1,1,1,3,1,3,1,1,3,3,3,3,1,3,3,1,3,1,3,3,3,3,1,1,1,3,3,1,1,3,1,3,3,3,1,1,1,1,1,1,3,1,1,3,1,3,3,3,3,1,1,1,1,3,1,3,1 ks=0,0,0,0,0,0,0,0,0,0,0,0,0,0,253,0,0,0,0,0,0,0,0,0,0,0,0,0,0,0,0,0,0,0,128,0,0,0,0,0,0,0,0,0,0,0,0,0,0,0,0,0,0,0,0,0,0,0,0,0,0,0,0,0
00043 features=893 size=1 p=10 tap=43 reset=true scheme=4 ops=3,3,3,3,3,3,3,0,1,1,3,1,3,2,3,3,3,3,3,3,3,3,3,3,3,3,3,3,3,3,3,3,3,3,3,3,3,3,3,3,0,3,3,3,1,3,3,3,3,3,3,3,3,3,3,3,1,3,3,3,3,3,0,2 ks=0,0,0,0,0,0,0,0,0,0,0,0,0,0,0,0,0,0,0,0,0,0,0,0,0,0,0,0,0,0,0,0,0,0,0,0,0,0,0,0,0,0,0,0,0,0,0,0,0,0,0,0,0,0,0,0,0,0,0,0,0,0,4,0
00044 features=719 size=25 p=2 tap=43 reset=false scheme=4 ops=2,2,0,1,0,2,1,0,1,1,3,1,3,2,1,1,3,3,0,2,3,2,1,0,1,0,1,2,1,0,1,1,3,0,1,1,3,0,3,3,3,0,2,1,1,2,1,2,2,1,0,2,3,2,0,3,0,0,0,2,1,1,0,2 ks=224,0,0,0,6,0,0,255,0,0,62,0,0,239,0,0,0,0,0,112,0,91,0,138,0,41,137,131,0,15,0,0,0,42,0,0,0,0,86,247,0,0,0,235,41,0,0,0,66,19,0,143,171,0,0,0,0,118,0,0,132,163,0,65
00045 features=501 size=0 p=2 tap=43 reset=true scheme=1 ops=3,3,3,3,3,3,3,3,3,3,3,3,3,3,3,3,3,3,3,3,3,3,3,3,3,3,3,3,3,3,3,3,3,3,3,3,3,3,3,3,3,3,3,3,3,3,3,3,3,3,3,3,3,3,3,3,3,3,3,3,3,3,3,3 ks=0,0,0,0,0,0,0,0,0,0,0,0,0,0,0,0,0,0,0,0,0,0,0,0,0,0,0,0,0,0,0,0,0,0,0,0,0,0,0,0,0,0,0,0,0,0,0,0,0,0,0,0,0,0,0,0,0,0,0,0,0,0,0,0
00046 features=941 size=23 p=10 tap=43 reset=true scheme=4 ops=3,0,0,0,3,3,0,0,0,0,3,0,3,3,3,3,3,3,0,0,3,0,3,0,0,3,3,3,3,0,3,3,3,0,3,0,3,0,3,3,3,0,3,3,0,0,0,0,0,3,0,0,3,0,0,3,0,0,0,0,3,0,0,3 ks=224,0,0,0,6,0,0,0,252,0,62,0,0,239,0,0,0,0,0,0,0,0,0,138,0,41,137,131,0,15,0,0,0,42,0,0,0,0,86,247,2,0,0,235,116,0,0,0,66,19,0,143,171,0,0,0,0,0,0,0,141,163,0,65
00047 features=724 size=23 p=2 tap=43 reset=false scheme=4 ops=2,2,0,1,0,2,1,0,1,1,3,1,3,2,1,3,3,3,0,2,0,2,1,0,1,3,1,2,1,0,1,1,3,0,1,1,3,0,3,3,3,0,2,1,1,2,1,2,2,1,0,2,3,2,0,3,0,0,0,2,1,1,0,2 ks=224,0,127,0,6,0,0,0,0,0,62,0,0,239,0,0,0,0,0,0,0,255,0,138,0,155,137,0,0,15,0,0,0,42,0,0,0,0,86,247,0,0,0,235,41,0,0,0,66,19,0,143,43,0,0,0,0,0,0,0,13,163,16,65
00048 features=786 size=24 p=2 tap=43 reset=false scheme=4 ops=2,2,0,2,0,2,3,0,2,2,3,0,3,2,2,2,3,3,3,2,3,2,3,3,2,3,3,2,0,0,0,0,3,0,2,2,3,0,3,3,3,0,2,2,0,2,3,2,2,0,0,2,3,2,0,3,0,0,0,2,2,0,0,2 ks=224,0,0,0,0,0,0,255,0,0,173,0,0,239,0,0,0,0,0,253,0,0,0,252,0,41,137,131,0,15,0,0,0,106,0,0,0,0,0,247,0,0,0,235,41,0,0,0,66,19,0,143,171,1,0,135,0,118,0,0,141,163,0,65
00049 features=899 size=1 p=2 tap=43 reset=true scheme=4 ops=2,2,2,3,2,2,3,2,3,2,3,2,1,2,3,3,3,3,3,2,3,2,3,2,3,3,3,2,3,2,2,2,3,3,3,3,3,2,3,3,3,3,2,3,2,2,2,2,2,2,2,2,3,2,2,3,2,3,3,2,3,2,3,2 ks=0,0,0,0,0,0,0,0,0,0,0,0,0,0,0,0,0,0,0,0,0,0,0,0,0,0,0,0,0,0,0,0,0,0,0,0,0,0,0,0,0,0,0,0,0,254,0,0,0,0,0,0,0,0,0,0,0,0,0,0,0,0,0,0
00050 features=803 size=24 p=2 tap=43 reset=false scheme=4 ops=2,2,0,2,0,2,3,0,2,2,3,0,3,2,0,3,3,3,0,2,3,2,3,0,3,3,3,2,0,0,0,0,3,0,2,2,3,0,3,3,3,0,2,2,0,2,3,2,2,0,0,2,3,2,0,3,0,0,0,2,2,0,0,2 ks=224,0,65,0,6,0,0,255,0,0,62,0,0,239,0,0,0,0,0,0,0,90,0,138,0,41,137,131,0,15,0,0,0,42,0,0,0,0,0,247,0,0,0,235,41,0,0,0,66,19,0,143,171,0,0,0,0,118,0,0,141,163,0,65
00051 features=778 size=23 p=10 tap=43 reset=false scheme=4 ops=3,0,0,0,3,3,0,0,0,0,3,0,3,3,3,3,3,3,0,0,3,0,3,0,0,3,3,3,3,0,3,3,3,0,3,0,3,0,3,3,3,0,3,3,0,0,0,0,0,3,0,0,3,0,0,3,0,0,0,0,3,0,0,3 ks=224,0,0,0,6,0,0,0,252,0,0,0,0,239,0,0,0,0,127,0,254,0,0,138,0,41,0,131,0,15,0,0,0,42,0,0,0,0,86,247,2,0,0,235,116,0,0,0,66,19,0,191,171,0,0,0,0,0,0,0,141,163,0,65
00052 features=640 size=3 p=2 tap=43 reset=false scheme=4 ops=0,3,0,0,0,0,3,0,3,0,3,3,3,0,0,3,3,3,0,0,3,3,3,0,3,3,3,0,0,0,0,3,3,0,0,3,3,0,3,3,3,0,0,3,0,3,3,0,3,0,0,3,0,0,0,3,0,0,0,3,0,0,0,3 ks=0,0,0,0,0,0,0,0,0,0,0,0,0,0,0,0,0,0,0,0,0,0,0,0,0,0,0,0,0,0,0,0,0,42,0,0,0,0,0,0,0,0,0,235,41,0,0,0,0,0,0,0,0,0,0,0,0,0,0,0,0,0,0,0
00053 features=967 size=7 p=10 tap=43 reset=true scheme=4 ops=3,0,0,0,3,3,0,0,0,0,3,0,3,3,3,3,3,3,0,0,3,0,3,0,0,3,3,3,3,0,3,3,3,0,3,0,3,0,3,3,3,0,3,3,0,0,0,0,0,3,0,0,3,0,0,3,0,0,0,0,3,0,0,3 ks=0,0,0,0,0,0,0,0,0,0,0,0,0,0,0,0,0,0,0,0,0,0,0,0,0,0,0,0,0,7,0,0,0,42,0,0,0,0,86,247,2,0,0,235,116,0,0,0,0,0,0,0,0,0,0,0,0,0,0,0,0,0,0,0
00054 features=895 size=2 p=2 tap=43 reset=true scheme=4 ops=2,2,2,3,2,2,3,2,3,2,3,2,1,2,3,3,3,3,3,2,3,2,3,2,3,3,3,2,3,2,2,1,3,3,3,3,3,2,3,3,3,3,2,1,0,0,0,0,0,3,0,0,3,0,0,3,0,0,3,2,3,2,3,2 ks=0,0,0,0,0,0,0,0,0,0,0,0,0,0,0,0,128,0,0,0,0,0,0,0,0,0,0,0,0,0,0,0,0,0,0,0,0,0,0,0,0,0,0,0,41,0,0,0,0,0,0,0,0,0,0,0,0,0,0,0,0,0,0,0
00055 features=742 size=8 p=2 tap=43 reset=false scheme=4 ops=2,2,0,2,0,2,3,0,2,2,3,0,3,2,2,2,3,3,3,2,3,2,3,3,2,3,1,2,0,3,0,0,3,0,2,2,3,0,3,3,3,0,2,2,0,2,3,2,2,0,0,2,3,2,0,3,0,0,0,2,2,0,0,2 ks=0,0,0,0,0,0,0,0,0,0,0,0,0,0,0,0,0,0,0,253,0,0,0,252,0,0,0,0,0,15,0,0,0,106,0,0,0,0,0,247,0,0,128,235,41,0,0,0,0,0,0,0,0,0,0,0,0,0,0,0,0,0,0,0
00056 features=794 size=23 p=2 tap=43 reset=false scheme=4 ops=2,2,0,2,0,2,3,0,2,2,3,0,3,2,0,3,3,3,0,3,3,2,3,0,3,3,3,2,0,0,0,0,3,0,2,2,3,0,3,3,3,0,2,2,0,2,3,2,2,0,0,2,3,2,0,3,0,0,0,2,2,0,0,2 ks=224,0,0,0,6,0,0,255,0,0,62,0,0,239,0,0,0,0,0,0,0,90,0,138,0,41,137,131,0,15,0,0,0,42,0,0,0,0,0,247,0,0,0,235,41,0,0,0,66,19,0,143,171,0,0,0,0,118,0,0,141,163,0,65
00057 features=611 size=8 p=10 tap=43 reset=true scheme=4 ops=3,3,1,1,3,3,3,3,3,3,3,3,3,3,3,3,3,3,3,3,3,3,3,3,3,3,3,3,3,3,3,3,3,1,3,3,3,3,3,1,3,3,3,3,1,3,3,1,1,3,1,3,3,1,1,3,3,1,3,1,3,3,3,3 ks=0,0,0,0,0,0,0,0,252,0,0,0,0,0,0,0,0,0,0,0,0,0,0,0,0,0,0,0,0,15,0,0,0,42,0,0,0,0,86,247,2,0,0,235,116,0,0,0,0,0,0,0,0,0,0,0,0,0,0,0,0,0,0,0
00058 features=719 size=25 p=2 tap=43 reset=false scheme=4 ops=2,2,0,0,0,2,1,0,1,1,3,1,3,2,1,1,3,3,0,2,3,2,1,0,1,3,1,2,1,0,1,1,3,0,1,1,3,0,3,3,3,0,2,1,1,2,1,0,0,1,0,2,3,2,0,3,0,0,1,1,3,1,0,2 ks=224,255,0,0,6,0,0,1,0,0,62,58,0,239,0,0,0,0,0,0,0,90,0,138,0,41,137,131,0,15,0,0,0,42,0,0,0,0,162,247,0,0,0,235,41,0,0,0,66,19,0,143,171,0,0,0,0,118,0,0,0,163,0,65
00059 features=725 size=21 p=2 tap=16 reset=true scheme=3 ops=2,2,2,1,1,2,1,1,1,2,2,1,1,2,1,3,2,1,1,2,3,0,3,0,0,3,3,3,3,0,0,1,3,0,1,1,3,0,3,2,1,2,2,1,1,2,1,2,2,1,2,2,1,2,1,2,0,2,2,2,1,1,1,2 ks=224,0,0,0,6,0,0,0,0,0,62,0,0,237,0,0,0,0,0,0,0,90,0,138,0,41,137,131,0,15,0,0,0,0,0,0,0,0,0,247,0,0,0,235,41,0,0,0,66,19,0,142,171,0,0,0,0,2,0,0,141,163,0,165
00060 features=92 size=1 p=2 tap=43 reset=false scheme=4 ops=3,3,3,3,3,3,3,3,3,3,3,3,3,3,3,3,3,3,3,3,3,3,3,3,3,3,3,3,3,3,3,3,3,3,3,3,3,3,3,3,3,3,3,3,3,3,3,3,3,3,3,3,3,3,3,3,3,3,3,3,3,3,3,3 ks=0,0,0,0,0,252,0,0,0,0,0,0,0,0,0,0,0,0,0,0,0,0,0,0,0,0,0,0,0,0,0,0,0,0,0,0,0,0,0,0,0,0,0,0,0,0,0,0,0,0,0,0,0,0,0,0,0,0,0,0,0,0,0,0
00061 features=942 size=6 p=2 tap=43 reset=true scheme=4 ops=3,0,0,0,0,3,1,0,0,0,3,0,3,3,3,2,3,3,0,0,3,0,3,0,0,3,3,3,3,0,3,3,3,0,3,0,3,0,3,3,3,0,3,3,0,0,0,0,0,3,0,0,3,0,0,3,0,0,0,0,3,0,0,3 ks=0,0,0,0,0,0,0,0,0,0,0,0,0,0,0,0,0,0,0,0,0,0,0,0,0,0,0,0,0,15,0,18,0,40,0,0,0,0,0,247,0,0,0,235,41,0,0,0,0,0,0,0,0,0,0,0,0,0,0,0,0,0,0,0
00062 features=784 size=23 p=2 tap=43 reset=false scheme=4 ops=2,2,0,2,0,2,3,0,2,2,3,0,3,2,0,3,3,3,0,2,3,2,3,0,3,3,3,2,0,3,0,0,3,0,2,2,3,0,3,3,3,0,2,2,0,2,3,2,2,0,0,2,3,2,0,3,0,0,0,2,2,0,0,2 ks=224,0,0,0,6,0,0,255,0,0,62,0,0,239,0,0,0,0,0,0,0,90,0,138,0,41,137,131,0,15,0,0,0,42,0,0,0,0,0,247,0,0,0,235,41,0,0,0,66,19,0,143,171,0,0,0,0,118,0,0,141,163,0,65
00063 features=78 size=1 p=2 tap=43 reset=true scheme=1 ops=1,1,1,1,1,1,1,1,1,1,1,1,1,1,1,1,1,1,1,1,1,1,1,1,1,1,1,1,1,1,1,1,1,1,1,1,1,1,1,1,1,1,1,1,1,1,1,1,1,1,1,1,1,1,1,1,1,1,1,1,1,1,1,1 ks=0,0,0,0,0,0,0,0,0,0,0,0,0,0,0,0,0,0,0,0,0,0,0,0,254,0,0,0,0,0,0,0,0,0,0,0,0,0,0,0,0,0,0,0,0,0,0,0,0,0,0,0,0,0,0,0,0,0,0,0,0,0,0,0
00064 features=552 size=1 p=2 tap=43 reset=true scheme=1 ops=3,3,3,3,3,3,3,3,3,3,3,3,3,3,3,3,3,3,3,3,3,3,3,3,3,3,3,3,3,3,3,3,3,3,3,3,3,3,3,3,3,3,3,3,3,3,3,3,3,3,3,3,3,3,3,3,3,3,3,3,3,3,3,3 ks=0,0,0,0,0,0,0,0,0,0,0,0,0,0,0,0,0,0,0,169,0,0,0,0,0,0,0,0,0,0,0,0,0,0,0,0,0,0,0,0,0,0,0,0,0,0,0,0,0,0,0,0,0,0,0,0,0,0,0,0,0,0,0,0
00065 features=772 size=0 p=2 tap=43 reset=true scheme=1 ops=3,3,3,3,3,3,3,3,3,3,3,3,3,3,3,3,3,3,3,3,3,3,3,3,3,3,3,3,3,3,3,3,3,3,3,3,3,3,3,3,3,3,3,0,3,3,3,3,3,3,3,3,3,3,3,3,3,3,3,3,3,3,3,3 ks=0,0,0,0,0,0,0,0,0,0,0,0,0,0,0,0,0,0,0,0,0,0,0,0,0,0,0,0,0,0,0,0,0,0,0,0,0,0,0,0,0,0,0,0,0,0,0,0,0,0,0,0,0,0,0,0,0,0,0,0,0,0,0,0
00066 features=795 size=20 p=2 tap=43 reset=false scheme=4 ops=2,2,0,2,0,2,3,0,2,2,3,0,3,2,0,3,3,3,0,3,3,2,3,0,3,3,3,3,0,0,0,0,3,0,2,2,3,0,3,3,3,0,2,2,0,0,0,0,0,3,0,2,3,2,0,3,0,0,0,2,2,0,0,2 ks=143,0,0,0,6,0,0,255,0,0,0,0,0,239,0,0,0,0,0,0,0,88,0,138,0,41,137,131,0,15,0,0,0,42,0,0,0,0,0,247,0,0,0,235,41,0,0,0,66,19,0,143,171,0,0,0,0,0,0,0,141,163,0,0
00067 features=952 size=20 p=2 tap=43 reset=true scheme=4 ops=3,0,0,0,0,3,3,0,0,0,3,0,3,3,3,3,3,3,0,0,3,0,3,0,0,3,3,3,3,0,3,3,3,0,3,0,3,0,3,3,3,0,3,3,0,0,0,0,0,3,0,0,3,0,0,3,0,0,0,0,3,1,0,3 ks=224,0,0,0,6,0,0,0,37,0,0,0,0,239,0,0,0,0,0,0,0,90,0,138,0,41,137,131,0,15,0,0,0,42,0,0,0,0,86,247,0,0,0,235,41,0,0,0,66,19,0,0,171,0,0,0,0,0,0,0,141,0,0,65
00068 features=809 size=18 p=2 tap=34 reset=false scheme=4 ops=2,2,0,2,0,2,3,0,2,2,3,0,3,2,0,3,3,3,0,2,3,2,3,0,1,3,1,2,1,0,0,0,3,0,2,2,3,0,3,3,3,0,2,2,0,2,3,2,2,0,0,2,3,2,0,3,0,0,0,2,2,0,0,2 ks=224,0,0,0,6,0,0,255,0,0,62,0,0,239,0,0,0,0,0,0,0,90,0,0,0,0,0,0,0,0,0,0,0,42,0,0,0,0,0,247,0,0,0,235,41,0,0,0,66,19,0,143,171,0,0,0,0,118,0,0,141,163,0,65
00069 features=883 size=1 p=2 tap=43 reset=true scheme=4 ops=2,2,2,3,2,2,3,2,3,2,3,2,3,2,3,3,3,3,3,2,3,2,3,2,3,3,3,2,3,2,2,2,3,3,3,3,3,2,3,3,3,3,2,3,2,2,2,2,2,2,2,2,3,2,2,3,2,3,3,2,3,2,3,2 ks=0,0,0,0,0,0,0,0,0,0,0,0,0,0,0,0,0,100,0,0,0,0,0,0,0,0,0,0,0,0,0,0,0,0,0,0,0,0,0,0,0,0,0,0,0,0,0,0,0,0,0,0,0,0,0,0,0,0,0,0,0,0,0,0
00070 features=684 size=9 p=10 tap=43 reset=true scheme=4 ops=3,3,1,1,3,3,3,3,3,3,3,3,3,3,3,3,3,3,3,3,3,3,3,3,3,3,3,3,3,3,3,3,3,1,3,3,3,3,3,1,3,3,3,3,1,3,3,1,1,3,1,3,3,1,1,3,3,1,3,1,3,3,3,3 ks=0,0,0,0,0,0,0,0,252,0,0,0,0,0,0,0,0,0,0,0,0,0,0,0,0,0,0,0,0,15,0,0,0,42,0,0,0,0,86,247,66,0,8,235,116,0,0,0,0,0,0,0,0,0,0,0,0,0,0,0,0,0,0,0
00071 features=240 size=0 p=2 tap=43 reset=false scheme=4 ops=3,1,1,1,3,3,1,3,1,1,3,1,3,1,1,3,3,3,1,1,3,1,1,1,1,1,1,1,1,1,1,1,3,3,1,1,3,1,3,3,3,3,3,1,1,1,1,1,3,1,1,1,3,3,3,3,3,1,1,3,3,1,3,1 ks=0,0,0,0,0,0,0,0,0,0,0,0,0,0,0,0,0,0,0,0,0,0,0,0,0,0,0,0,0,0,0,0,0,0,0,0,0,0,0,0,0,0,0,0,0,0,0,0,0,0,0,0,0,0,0,0,0,0,0,0,0,0,0,0
00072 features=743 size=10 p=2 tap=43 reset=false scheme=4 ops=2,2,0,2,0,2,3,0,0,2,3,0,3,2,2,2,3,3,3,2,3,2,3,3,2,3,1,2,0,3,0,0,3,0,2,2,3,0,3,3,3,0,2,2,3,3,3,3,3,0,0,2,3,2,0,3,0,0,0,2,2,0,0,2 ks=0,0,4,0,0,0,0,0,0,0,0,1,0,0,0,0,0,0,0,253,0,127,0,252,0,0,0,0,0,15,0,0,0,106,0,0,0,0,0,247,0,0,128,235,0,0,0,0,0,0,0,0,0,0,0,0,0,0,0,0,0,0,0,0
00073 features=802 size=24 p=5 tap=43 reset=false scheme=1 ops=2,2,0,2,0,2,3,0,2,2,3,0,3,2,0,3,3,3,0,1,3,2,3,0,3,3,3,2,0,3,0,0,3,0,2,2,3,0,3,3,3,0,2,2,0,2,3,2,2,0,0,2,3,2,0,3,0,0,0,2,2,0,0,2 ks=0,0,0,0,6,0,0,255,0,0,62,0,0,37,0,0,0,0,0,0,0,90,0,138,0,41,137,131,0,15,0,0,0,42,0,0,0,0,0,247,0,0,0,235,41,208,0,29,66,19,0,143,171,0,0,0,0,118,0,0,141,163,0,65
00074 features=794 size=26 p=2 tap=43 reset=false scheme=4 ops=2,2,0,2,0,2,3,0,1,1,3,1,3,2,0,3,3,3,0,2,3,2,1,0,3,3,3,2,0,0,0,0,3,0,2,2,3,0,3,3,3,0,2,2,0,2,3,2,2,0,0,2,3,2,0,3,0,0,1,2,2,0,0,2 ks=224,0,0,255,6,32,0,255,0,0,0,0,0,239,0,0,0,255,0,0,0,0,0,138,0,41,137,131,0,15,0,0,0,42,0,0,0,2,4,247,0,0,0,235,41,0,0,0,66,19,0,143,171,0,0,0,0,118,0,0,141,163,0,65
00075 features=779 size=1 p=2 tap=43 reset=true scheme=4 ops=2,2,2,3,2,2,3,2,3,2,3,2,1,2,3,3,3,3,3,2,3,2,3,2,3,3,3,2,3,2,2,2,3,3,3,3,3,2,3,3,3,3,2,3,2,3,2,2,2,2,2,2,3,2,2,3,2,3,3,2,3,2,3,2 ks=0,0,0,0,0,0,0,0,0,0,0,0,0,0,0,0,0,0,0,0,0,0,127,0,0,0,0,0,0,0,0,0,0,0,0,0,0,0,0,0,0,0,0,0,0,0,0,0,0,0,0,0,0,0,0,0,0,0,0,0,0,0,0,0
00076 features=950 size=10 p=2 tap=43 reset=true scheme=4 ops=3,0,0,0,0,3,0,0,0,0,3,0,3,3,3,3,3,3,0,0,3,0,3,0,0,3,3,3,3,0,3,3,3,0,3,0,3,0,3,1,3,0,3,3,0,0,0,0,0,3,0,0,3,0,0,3,0,0,0,0,3,0,0,3 ks=0,0,0,0,0,0,0,0,0,0,0,0,0,239,0,0,0,0,0,0,0,90,0,138,0,0,0,0,0,0,0,0,0,42,0,2,0,0,86,247,89,0,0,235,41,0,0,0,0,0,0,0,0,0,0,0,0,0,0,0,0,0,0,0
00077 features=857 size=9 p=10 tap=43 reset=true scheme=4 ops=3,3,0,0,3,3,3,3,3,3,3,3,3,3,3,3,3,3,3,3,3,3,3,3,3,3,3,3,3,3,3,3,3,0,3,3,3,3,3,3,3,3,3,3,0,3,3,0,3,3,3,3,3,3,0,3,0,0,0,3,0,3,3,3 ks=0,0,0,0,0,0,0,0,252,0,0,0,0,0,0,0,0,0,0,0,0,0,0,0,0,0,0,0,0,15,0,0,0,42,0,0,0,0,86,0,66,0,8,235,116,0,0,0,0,0,0,0,0,0,0,0,0,0,0,0,0,0,0,16
00078 features=720 size=25 p=2 tap=43 reset=false scheme=4 ops=2,2,0,1,0,2,1,0,1,1,3,1,3,2,1,1,3,3,0,2,3,1,1,0,1,3,1,2,1,0,1,1,3,0,3,1,3,0,3,3,3,0,2,1,1,2,1,2,2,1,0,2,2,2,0,3,0,0,0,2,1,1,0,2 ks=224,0,0,0,6,0,0,255,0,163,62,0,0,239,0,0,0,0,0,0,0,90,0,138,0,41,137,131,0,15,0,0,0,42,0,0,0,0,86,247,0,0,0,235,41,0,0,0,66,19,0,143,171,0,0,0,0,118,0,0,141,163,0,65
00079 features=736 size=11 p=2 tap=43 reset=false scheme=4 ops=2,2,0,2,0,2,3,0,0,2,3,0,3,2,2,2,3,3,3,2,3,2,3,3,2,3,1,2,0,3,0,0,3,0,2,2,3,0,3,3,3,0,2,2,3,3,3,3,3,0,0,2,3,2,0,3,0,0,0,2,2,0,0,2 ks=0,0,4,0,0,0,0,0,0,0,0,1,0,0,0,0,0,0,0,253,0,127,0,252,0,0,0,0,0,15,0,67,0,106,0,0,0,0,0,128,0,0,128,235,0,0,0,0,0,0,0,0,0,0,0,0,0,0,0,0,0,0,0,0
00080 features=939 size=8 p=10 tap=43 reset=true scheme=4 ops=3,2,0,0,3,1,0,0,0,0,3,0,3,3,3,3,3,3,0,0,3,0,3,0,0,3,3,3,3,0,3,3,3,0,3,0,3,0,3,3,3,0,3,3,0,0,0,0,0,3,0,0,3,0,0,3,0,0,0,0,3,0,0,3 ks=0,0,0,0,0,0,0,0,0,0,0,0,0,0,0,0,0,0,0,0,0,0,0,0,0,0,0,0,0,7,0,0,0,42,0,0,0,0,86,247,2,0,0,235,116,187,0,0,0,0,0,0,0,0,0,0,0,0,0,0,0,0,0,0
00081 features=536 size=6 p=10 tap=43 reset=true scheme=4 ops=3,3,1,1,0,2,1,0,1,1,3,1,3,2,1,3,3,3,0,3,3,3,3,3,3,3,3,3,3,3,3,3,3,1,3,3,3,3,3,1,3,3,3,3,1,3,3,1,1,1,1,3,3,1,1,3,3,1,3,1,3,3,3,3 ks=0,0,0,0,0,0,0,0,0,0,0,0,0,0,0,0,0,0,0,255,0,0,0,0,0,0,0,0,0,0,0,0,0,42,0,0,0,0,86,0,2,0,0,235,116,0,0,0,0,0,0,0,0,0,0,0,0,0,0,0,0,0,0,0
00082 features=796 size=24 p=5 tap=43 reset=false scheme=1 ops=2,2,0,2,0,2,3,0,2,2,3,0,3,2,0,3,3,3,0,1,3,2,3,0,3,3,3,2,0,3,0,0,3,0,2,2,3,0,3,3,3,0,2,2,0,2,3,2,1,0,0,2,3,2,0,3,0,0,0,2,2,0,0,2 ks=0,0,0,0,6,0,0,255,0,0,62,0,0,37,0,0,0,0,0,0,0,90,0,138,0,41,137,131,0,15,0,0,0,42,0,0,0,0,0,247,0,0,0,235,41,208,0,29,66,19,0,143,171,0,0,0,0,118,0,0,141,163,0,65
00083 features=761 size=3 p=2 tap=22 reset=true scheme=2 ops=2,2,3,3,3,3,3,3,3,3,3,2,3,3,3,3,3,3,3,2,3,2,3,2,3,3,3,2,3,2,2,2,3,3,3,3,3,2,3,3,3,3,2,3,2,2,2,2,2,2,2,2,3,2,2,3,2,0,0,0,3,0,0,3 ks=0,0,0,0,0,0,0,0,0,0,0,0,0,0,0,0,0,4,0,0,0,0,0,0,0,0,0,0,0,0,0,0,0,0,0,0,0,0,0,0,0,0,0,0,0,0,0,0,0,0,0,0,0,0,0,0,0,0,0,0,0,163,0,65
00084 features=436 size=5 p=5 tap=5 reset=true scheme=2 ops=3,1,3,1,3,1,0,1,1,1,3,1,3,1,1,3,3,3,3,1,3,3,1,3,1,3,3,3,3,1,1,1,3,3,1,1,3,1,3,3,3,1,1,1,1,1,1,3,1,1,3,1,3,3,3,3,1,1,1,1,3,1,3,1 ks=0,0,0,0,248,0,0,127,0,0,0,0,0,0,0,0,224,131,0,0,0,0,0,0,0,0,0,0,0,0,0,0,0,0,128,0,0,0,0,0,0,0,0,0,0,0,0,0,0,0,0,0,0,0,0,0,0,0,0,0,0,0,0,0
00085 features=552 size=5 p=10 tap=43 reset=true scheme=4 ops=3,3,1,1,3,3,3,3,3,3,3,3,3,3,3,3,3,3,3,3,3,3,3,3,3,3,3,3,3,3,3,3,3,2,3,3,3,3,3,1,3,3,3,3,1,3,3,1,1,3,1,3,3,1,1,3,3,1,3,1,3,3,3,3 ks=0,0,0,0,0,0,0,0,0,0,0,0,0,0,0,0,0,0,0,0,0,0,0,0,0,0,0,0,0,15,0,0,0,0,0,0,0,0,86,247,2,0,0,235,0,0,0,0,0,0,0,0,0,0,0,0,0,0,0,0,0,0,0,0
00086 features=740 size=25 p=2 tap=43 reset=false scheme=4 ops=2,2,0,2,0,2,3,0,1,1,3,1,3,2,0,3,3,3,0,2,3,2,3,0,3,3,3,2,0,0,0,0,3,0,2,2,3,0,3,3,3,0,2,2,0,2,3,2,2,0,0,2,3,2,0,3,0,0,0,2,2,0,0,2 ks=224,0,0,255,6,0,0,255,0,0,0,0,0,239,0,0,0,0,0,0,0,90,0,138,0,41,137,131,0,15,0,0,0,42,0,0,0,2,4,247,0,0,0,235,41,0,0,0,66,19,0,143,171,0,0,0,0,255,0,0,141,163,0,65
00087 features=1013 size=1 p=2 tap=43 reset=true scheme=5 ops=2,3,3,3,3,3,1,0,1,1,3,3,3,3,3,3,3,3,0,2,3,3,3,3,2,3,3,3,3,3,3,3,3,3,3,3,3,3,3,3,3,3,3,0,3,3,3,3,3,0,0,2,3,2,0,3,3,3,3,3,3,3,3,3 ks=0,0,0,0,0,0,0,0,0,0,0,0,0,0,0,0,0,0,0,0,0,0,0,0,0,0,0,0,0,0,0,4,0,0,0,0,0,0,0,0,0,0,0,0,0,0,0,0,0,0,0,0,0,0,0,0,0,0,0,0,0,0,0,0
00088 features=700 size=25 p=10 tap=43 reset=false scheme=4 ops=2,2,0,1,0,2,1,0,1,1,3,1,3,2,1,1,3,3,0,2,3,2,0,0,1,0,1,2,1,0,1,1,3,2,1,3,3,3,3,1,3,3,3,3,1,2,1,2,2,1,0,2,3,2,0,3,0,0,0,2,1,1,0,2 ks=224,0,0,0,6,0,0,255,0,0,62,0,0,239,0,0,0,0,0,112,0,91,0,138,0,41,137,131,0,15,0,0,0,42,0,0,0,0,86,0,2,0,0,235,116,0,0,0,66,19,0,143,171,0,0,0,0,118,0,0,132,163,0,65
00089 features=768 size=7 p=2 tap=43 reset=false scheme=4 ops=2,2,0,2,0,2,3,0,2,2,3,0,3,2,2,2,3,3,3,2,3,2,3,3,2,3,1,2,0,3,0,0,3,0,2,2,3,0,3,3,3,0,2,2,0,2,3,2,2,0,0,2,3,2,0,3,0,0,0,2,2,0,0,2 ks=0,0,0,0,0,0,0,0,0,0,0,0,0,0,0,0,0,4,0,253,0,0,0,0,0,0,0,0,0,0,0,0,0,106,0,0,0,0,0,247,0,0,128,235,41,0,0,0,0,0,0,0,0,0,0,0,0,0,0,0,0,0,0,0
00090 features=722 size=10 p=10 tap=43 reset=true scheme=4 ops=3,3,1,1,3,3,3,3,3,3,3,3,3,3,3,3,3,3,3,3,3,3,3,3,3,3,3,3,3,3,3,3,3,1,3,3,3,3,3,1,3,3,3,3,1,3,3,1,1,3,1,3,3,1,1,3,3,1,3,1,3,3,3,3 ks=0,0,0,0,156,0,0,0,252,0,0,0,0,0,0,0,0,0,0,0,0,0,0,0,0,0,0,0,0,15,0,0,0,42,0,0,0,0,86,247,66,0,8,235,116,0,0,0,0,0,0,0,0,0,0,0,0,0,0,0,0,0,0,0
00091 features=170 size=4 p=2 tap=43 reset=false scheme=1 ops=3,3,3,3,3,3,3,3,3,3,3,3,3,3,3,3,3,3,3,3,3,3,3,3,3,3,3,3,1,3,3,3,3,3,3,3,3,3,3,3,3,3,3,1,1,1,1,1,3,1,1,1,3,1,3,3,3,1,3,3,3,3,3,3 ks=0,0,0,0,0,0,0,0,0,0,0,0,0,0,0,0,0,254,0,0,0,0,0,0,0,0,0,0,0,0,0,0,0,0,0,1,0,0,0,0,0,0,0,235,41,0,0,0,0,0,0,0,0,0,0,0,0,0,0,0,0,0,0,0
00092 features=658 size=6 p=10 tap=43 reset=true scheme=4 ops=3,3,1,1,3,3,3,3,3,3,3,3,3,3,3,3,3,3,3,3,3,3,3,3,3,3,3,3,3,3,3,3,3,1,3,1,3,0,3,2,3,0,2,1,1,2,1,2,2,1,0,3,3,1,1,3,3,1,3,1,3,3,3,3 ks=0,0,0,0,0,0,0,0,252,0,0,0,0,0,0,2,0,0,0,0,0,0,252,0,0,0,0,0,0,15,0,0,0,42,0,0,0,0,4,0,0,0,0,0,0,0,0,0,0,0,0,0,0,0,0,0,0,0,0,0,0,0,0,0
00093 features=958 size=4 p=2 tap=43 reset=true scheme=4 ops=2,2,2,3,3,2,3,2,3,2,3,2,3,2,3,3,3,3,3,2,3,2,3,2,3,3,3,2,3,2,2,2,3,3,3,3,3,2,3,3,3,3,2,3,2,2,2,2,2,2,2,2,3,2,2,3,2,3,3,2,3,2,3,2 ks=0,0,0,0,165,0,0,190,0,0,0,0,0,0,0,0,0,0,0,0,0,0,0,0,0,0,0,0,0,0,0,0,0,0,0,0,0,0,0,0,0,0,0,64,0,0,0,253,0,0,0,0,0,0,0,0,0,0,0,0,0,0,0,0
00094 features=793 size=25 p=5 tap=43 reset=false scheme=1 ops=2,2,0,2,0,2,3,0,2,2,3,0,3,2,0,3,3,3,0,1,3,2,3,0,3,3,3,2,0,3,0,0,3,0,2,2,3,0,3,3,3,0,2,2,0,2,3,2,1,0,0,2,3,2,0,3,0,0,0,2,2,0,0,2 ks=0,0,0,8,6,0,0,255,0,0,62,0,0,37,0,0,0,0,0,0,0,90,0,138,0,41,137,131,0,15,0,0,0,42,0,0,0,0,0,247,0,0,0,235,41,208,0,29,66,19,0,143,171,0,0,0,0,118,0,0,141,163,0,65
00095 features=277 size=3 p=2 tap=43 reset=false scheme=4 ops=3,1,1,1,3,3,1,3,1,1,3,1,3,1,1,3,3,3,1,1,3,1,1,1,1,1,1,1,1,1,1,1,3,3,1,1,3,1,3,3,3,3,3,1,1,1,1,1,3,1,1,1,3,3,3,3,3,1,1,3,3,1,3,1 ks=0,0,0,0,0,0,0,0,0,0,8,0,0,0,0,0,0,0,0,0,0,0,2,0,0,0,0,0,0,0,0,0,0,0,0,0,0,0,0,0,0,0,0,0,0,0,0,0,0,0,0,0,2,0,0,0,0,0,0,0,0,0,0,0
00096 features=965 size=9 p=10 tap=43 reset=true scheme=4 ops=2,0,0,0,0,3,0,0,0,0,3,0,3,3,3,3,3,3,0,0,3,0,3,0,0,3,3,3,3,2,3,3,3,0,3,0,3,0,3,3,3,0,3,3,0,0,0,0,0,3,0,0,3,0,0,3,0,0,0,0,3,0,0,3 ks=0,0,0,0,0,0,0,0,0,0,0,0,0,239,0,0,0,0,0,0,0,0,0,0,0,41,9,131,0,15,0,0,0,42,0,0,0,0,86,247,0,0,0,235,0,0,0,0,0,0,0,0,0,0,0,0,0,0,0,0,0,0,0,0
00097 features=755 size=18 p=5 tap=43 reset=false scheme=4 ops=2,0,0,2,0,2,3,0,1,1,3,1,3,2,1,3,3,3,0,2,3,2,1,0,3,3,3,2,0,0,0,0,3,0,2,2,3,0,3,3,3,3,2,2,0,2,3,2,2,0,0,2,0,2,0,3,0,0,0,2,2,0,0,2 ks=224,0,0,0,6,0,0,0,0,0,0,0,0,0,0,0,0,0,0,0,0,0,0,0,0,0,137,0,32,15,0,0,0,42,0,0,0,0,0,247,0,0,0,235,41,0,0,0,66,19,94,0,171,0,0,0,0,118,0,0,141,163,249,65
00098 features=965 size=23 p=2 tap=43 reset=true scheme=4 ops=3,0,0,0,0,3,0,0,0,0,3,0,3,3,3,3,3,3,0,0,3,0,3,0,0,3,3,3,3,0,3,3,3,0,3,0,3,0,3,3,3,0,3,3,0,0,0,0,0,3,0,0,3,0,0,3,0,0,0,0,3,0,0,3 ks=224,0,0,0,6,0,0,0,0,0,62,0,0,239,0,0,0,0,0,0,0,90,0,138,0,41,137,131,0,15,0,0,0,42,0,0,0,0,86,2,89,0,0,235,41,0,0,0,66,19,0,143,171,0,0,0,0,0,0,0,141,163,0,65
00099 features=795 size=23 p=2 tap=43 reset=false scheme=4 ops=2,2,0,2,0,2,3,0,2,2,3,0,3,2,0,3,3,3,0,3,3,2,3,0,3,3,3,2,0,0,0,0,3,0,2,2,3,0,3,3,3,0,2,2,0,2,3,2,2,0,0,2,3,2,0,3,0,0,0,2,2,0,0,2 ks=224,0,0,0,10,0,0,255,0,0,62,0,0,239,0,0,0,0,0,0,0,90,0,138,0,41,137,131,0,15,0,0,0,42,0,0,0,0,0,247,0,0,0,235,41,0,0,0,66,19,0,143,171,0,0,0,0,118,0,0,141,163,0,65
00100 features=874 size=1 p=2 tap=43 reset=true scheme=4 ops=0,0,0,0,0,3,0,0,2,2,3,0,3,2,0,3,3,3,0,0,3,0,3,0,0,3,3,3,3,0,3,3,3,0,3,0,3,0,3,3,3,0,3,1,1,1,1,1,3,1,1,1,3,3,0,3,0,0,0,0,3,0,0,3 ks=0,0,0,0,0,0,0,0,0,0,0,0,0,0,0,0,0,0,0,0,0,0,0,0,0,0,0,0,0,0,0,0,0,42,0,0,0,0,0,0,0,0,0,0,0,0,0,0,0,0,0,0,0,0,0,0,0,0,0,0,0,0,0,0
00101 features=965 size=8 p=10 tap=43 reset=true scheme=4 ops=2,0,2,0,0,3,0,0,0,0,3,0,3,3,3,3,3,3,1,0,3,0,3,0,0,3,3,3,3,2,3,3,3,0,3,0,3,0,3,3,3,0,3,3,0,0,0,0,0,3,0,0,3,0,0,3,0,0,0,0,3,0,0,3 ks=0,0,0,0,0,0,0,0,0,0,0,0,0,239,0,0,0,0,0,0,0,0,0,0,0,0,9,0,0,15,0,0,0,42,0,0,254,0,86,247,0,0,0,235,0,0,0,0,0,0,0,0,0,0,0,0,0,0,0,0,0,0,0,0
00102 features=593 size=9 p=2 tap=43 reset=true scheme=4 ops=3,3,1,1,3,3,3,3,3,3,3,3,3,3,3,3,3,3,3,3,3,3,3,3,3,3,3,3,3,3,3,3,3,1,3,3,3,3,3,1,3,3,3,3,1,3,3,1,1,3,1,3,3,1,1,3,3,1,3,1,3,3,3,3 ks=0,0,0,0,0,0,0,0,252,0,0,0,0,0,0,0,0,0,0,0,0,0,0,0,0,0,0,0,0,15,0,0,0,42,0,0,0,0,86,247,2,0,0,235,116,254,0,0,0,0,0,0,0,0,0,0,0,0,0,0,0,0,0,0
00103 features=477 size=1 p=5 tap=5 reset=true scheme=4 ops=3,1,3,1,3,1,1,1,1,1,3,1,3,0,1,3,3,3,3,1,3,3,1,3,1,3,3,3,3,1,1,1,3,3,1,1,3,1,3,3,3,1,1,1,1,1,1,3,1,1,3,1,3,3,3,3,2,1,1,1,3,1,3,1 ks=0,0,0,0,0,0,0,0,0,0,0,0,0,0,253,0,0,0,0,0,0,0,0,0,0,0,0,0,0,0,0,0,0,0,0,0,0,0,0,0,0,0,0,0,0,0,0,0,0,0,0,0,0,0,0,0,0,0,0,0,0,0,0,0
00104 features=668 size=24 p=2 tap=43 reset=true scheme=3 ops=2,2,2,1,1,2,1,1,1,2,2,1,1,2,1,1,2,1,1,2,1,2,1,2,1,1,1,2,1,2,1,1,1,0,1,1,3,1,1,2,1,2,2,3,0,0,0,0,2,1,2,2,1,2,1,2,2,2,2,2,1,1,1,2 ks=224,0,0,0,6,0,0,0,0,0,62,0,0,237,0,0,0,0,0,0,0,93,1,138,0,41,140,131,0,89,0,0,0,42,0,0,0,0,86,247,0,0,0,235,116,0,0,0,66,19,0,142,171,0,0,0,0,2,0,0,141,163,0,65
00105 features=685 size=5 p=10 tap=43 reset=true scheme=4 ops=3,3,3,2,3,3,3,3,3,3,3,3,3,3,3,3,3,3,3,3,3,3,3,3,3,3,3,3,3,3,3,3,3,2,3,3,3,1,3,3,3,1,3,3,3,3,3,2,3,3,3,3,3,3,3,3,1,3,2,3,3,3,3,3 ks=0,0,0,0,0,0,0,0,252,0,0,0,0,0,0,0,0,0,0,0,0,0,0,0,0,0,0,0,0,15,0,0,0,42,0,0,0,0,0,0,0,0,8,235,0,0,0,0,0,0,0,0,0,0,0,0,0,0,0,0,0,0,0,0
00106 features=976 size=7 p=2 tap=43 reset=true scheme=4 ops=2,2,2,3,3,3,0,0,0,0,3,2,3,2,3,3,3,3,3,2,3,2,3,2,3,3,3,2,3,2,2,2,3,3,3,3,3,2,3,3,3,3,2,3,2,2,2,2,2,2,2,2,3,2,2,3,3,3,3,2,3,2,3,2 ks=0,0,0,254,165,0,0,0,0,0,0,0,0,0,0,0,0,0,0,0,0,0,0,0,0,0,32,0,0,0,0,0,0,0,0,0,0,0,0,0,0,0,0,64,0,0,0,253,0,0,1,0,0,0,0,0,128,0,0,0,0,0,0,0
00107 features=562 size=7 p=2 tap=43 reset=true scheme=2 ops=3,3,1,1,3,2,3,3,3,3,3,0,3,2,2,2,3,3,3,3,3,3,3,3,3,3,3,3,3,3,3,3,3,1,3,3,3,3,3,1,3,3,3,3,1,3,3,1,1,3,1,3,3,1,1,3,3,1,3,1,3,3,1,3 ks=0,0,0,0,0,0,0,0,252,0,0,0,0,0,0,0,0,0,0,0,0,0,0,0,0,0,0,0,0,15,0,0,0,42,0,0,0,0,86,247,2,0,0,235,0,0,0,0,0,0,0,0,0,0,0,0,0,0,0,0,0,0,0,0
00108 features=747 size=25 p=2 tap=43 reset=false scheme=1 ops=2,2,0,2,0,2,3,0,1,1,3,1,3,2,0,3,3,3,0,2,3,2,3,0,3,3,3,2,0,0,0,0,3,0,2,2,3,0,3,3,3,0,2,2,0,2,3,2,2,0,0,2,3,2,0,3,0,0,0,2,2,0,0,2 ks=224,0,0,255,6,0,0,212,0,0,0,0,0,239,0,0,0,0,0,0,0,90,0,138,0,41,137,131,0,15,0,0,0,42,0,0,0,196,0,247,0,0,2,235,41,0,0,0,66,19,0,143,171,0,0,0,0,255,0,0,141,161,0,65
00109 features=854 size=7 p=2 tap=43 reset=true scheme=4 ops=2,2,0,2,0,2,3,2,0,2,3,0,3,2,2,2,3,3,3,2,3,3,3,3,3,3,3,3,3,3,3,3,3,3,3,2,3,0,3,3,3,0,2,2,3,3,3,3,3,0,0,2,3,2,0,3,0,0,0,2,2,0,0,2 ks=0,0,4,0,0,0,0,0,0,0,0,1,0,0,0,0,0,0,0,253,0,4,0,0,0,0,0,0,0,0,0,0,0,0,0,0,0,0,0,247,0,0,128,235,0,0,0,0,0,0,0,0,0,0,0,0,0,0,0,0,0,0,0,0
00110 features=751 size=23 p=2 tap=43 reset=false scheme=4 ops=2,2,0,2,0,2,3,0,1,1,3,1,3,2,0,3,3,3,0,2,3,2,3,0,3,3,3,2,0,0,0,0,3,0,2,2,3,0,3,3,3,0,2,2,0,2,3,2,2,0,0,2,3,2,0,3,0,0,0,2,2,0,0,2 ks=224,0,0,255,6,0,0,255,0,0,0,0,0,239,105,0,0,0,0,0,0,90,0,138,0,41,137,131,0,15,0,0,0,42,0,0,0,2,4,247,0,0,0,235,41,0,0,0,0,19,0,0,171,0,0,0,0,0,0,0,141,163,0,65
00111 features=323 size=5 p=5 tap=5 reset=false scheme=2 ops=3,1,3,1,3,1,0,1,1,1,3,1,3,1,1,3,3,3,3,1,3,3,1,3,1,3,3,3,3,1,1,1,3,3,1,1,3,1,3,3,3,1,1,1,1,1,1,3,1,1,3,1,3,3,3,3,1,1,1,1,3,1,3,1 ks=0,0,0,0,248,0,0,127,0,0,0,0,0,0,0,0,224,131,0,0,0,0,0,0,0,0,0,0,0,0,0,0,0,0,128,0,0,0,0,0,0,0,0,0,0,0,0,0,0,0,0,0,0,0,0,0,0,0,0,0,0,0,0,0
00112 features=672 size=5 p=2 tap=43 reset=false scheme=4 ops=2,2,0,1,0,2,1,0,1,1,3,1,3,2,1,3,3,3,0,2,3,2,1,0,1,3,1,2,1,0,1,1,3,0,1,1,3,0,3,3,3,0,2,1,1,2,1,2,2,1,0,2,3,2,0,3,0,0,0,1,1,1,0,2 ks=0,0,0,0,0,0,0,0,0,255,0,0,0,0,53,0,0,0,0,0,0,0,0,127,0,0,0,0,0,0,1,0,0,0,0,8,0,0,0,0,0,0,0,0,0,0,0,0,0,0,0,0,0,0,0,0,0,0,0,0,0,0,0,0
00113 features=990 size=2 p=2 tap=43 reset=true scheme=4 ops=0,3,0,3,0,3,0,0,0,0,3,0,3,0,0,3,3,3,2,3,3,0,3,0,0,3,0,3,3,0,0,3,3,1,0,0,3,0,3,3,3,0,0,0,3,0,0,0,0,0,0,3,3,3,0,3,0,0,0,3,0,0,0,3 ks=0,0,0,0,0,0,0,0,0,0,0,0,0,0,0,0,0,0,0,0,0,0,0,0,0,0,0,0,0,0,0,0,0,84,0,0,0,0,0,0,0,0,0,128,0,0,0,0,0,0,0,0,0,0,0,0,0,0,0,0,0,0,0,0
00114 features=795 size=23 p=2 tap=43 reset=false scheme=4 ops=2,2,0,2,0,2,3,0,2,2,3,0,3,2,0,3,3,3,0,2,3,2,3,0,3,3,3,2,0,0,0,0,3,0,2,2,3,0,3,3,3,0,2,2,0,2,3,2,2,0,0,2,3,2,0,3,0,0,0,2,2,0,0,2 ks=224,0,65,0,6,0,0,255,0,0,62,0,0,239,0,0,0,0,0,0,0,90,0,138,0,41,137,131,0,15,0,0,0,42,0,0,0,0,0,247,0,0,0,203,41,0,0,0,66,19,0,143,0,0,0,0,0,118,0,0,141,163,0,65
00115 features=778 size=24 p=2 tap=43 reset=false scheme=4 ops=2,2,0,2,0,2,3,0,1,1,3,1,3,2,0,3,3,3,0,2,3,2,3,0,3,3,3,2,0,0,0,0,3,0,2,2,3,0,3,3,3,0,2,2,0,0,0,0,0,3,0,2,3,2,0,3,0,0,0,2,2,0,0,2 ks=224,0,0,255,6,0,0,255,0,0,0,0,0,239,0,0,0,0,0,0,0,90,0,138,0,41,137,131,0,15,0,0,0,42,0,0,0,2,4,247,0,0,0,235,41,0,0,0,0,0,0,143,171,0,0,0,0,118,0,2,141,163,0,65
00116 features=943 size=8 p=10 tap=43 reset=true scheme=4 ops=3,0,0,0,3,3,0,0,0,0,3,0,3,3,3,3,3,3,0,0,3,0,3,0,0,3,3,3,3,0,3,3,3,0,3,0,3,0,3,3,3,0,3,3,0,0,0,0,0,3,0,0,3,0,0,3,0,0,0,0,3,0,0,3 ks=0,0,0,0,0,0,0,0,0,0,0,0,0,0,0,0,0,0,0,0,0,0,0,254,0,0,0,0,0,15,0,0,0,42,0,0,0,0,86,247,2,0,0,235,116,0,0,0,0,0,0,0,0,0,0,0,0,0,0,0,0,0,0,0
00117 features=202 size=1 p=2 tap=43 reset=false scheme=4 ops=3,3,3,3,3,3,3,3,3,3,3,3,3,3,3,3,3,3,3,3,3,3,3,3,3,3,3,3,3,3,3,3,3,3,3,3,3,3,3,3,3,3,3,3,2,3,3,3,3,3,0,2,0,2,0,0,0,0,3,3,3,2,3,3 ks=0,0,0,0,0,0,0,0,0,0,0,0,0,0,0,0,0,0,0,0,0,0,0,0,0,0,0,0,0,0,0,0,0,128,0,0,0,0,0,0,0,0,0,0,0,0,0,0,0,0,0,0,0,0,0,0,0,0,0,0,0,0,0,0
00118 features=921 size=26 p=2 tap=43 reset=true scheme=4 ops=2,2,0,2,0,2,3,0,1,1,3,1,3,2,0,3,3,3,0,2,3,2,1,0,3,3,3,2,0,0,0,0,3,0,2,2,3,0,3,3,3,0,2,2,0,2,3,2,2,0,0,2,3,2,0,3,0,0,1,2,2,0,0,2 ks=224,0,0,255,6,32,0,255,0,0,0,0,0,128,0,0,0,255,0,0,0,0,0,138,0,41,137,131,0,15,0,0,0,42,0,0,0,2,4,247,0,0,0,235,41,0,0,0,66,19,0,143,171,0,0,0,0,118,0,0,141,163,0,65
00119 features=795 size=23 p=2 tap=43 reset=false scheme=4 ops=2,2,0,2,0,2,3,0,2,2,3,0,3,2,0,3,3,3,0,2,3,2,3,0,3,3,3,2,0,0,0,0,3,0,2,2,3,0,3,3,3,0,2,2,0,2,3,2,2,0,0,2,3,2,0,3,0,0,0,2,2,0,2,2 ks=224,0,0,0,6,0,0,255,0,0,62,0,0,239,0,0,0,0,0,0,0,90,0,138,0,41,137,131,0,15,0,0,0,42,0,0,0,0,0,247,0,0,0,235,41,0,0,0,66,19,0,143,171,0,0,0,0,118,0,0,141,163,0,65
00120 features=950 size=20 p=2 tap=43 reset=true scheme=4 ops=3,0,0,0,0,3,3,0,0,0,3,0,3,3,3,3,3,3,0,0,3,0,3,0,0,3,3,3,0,0,3,3,3,0,3,0,3,0,3,3,3,0,3,3,0,0,0,0,0,3,0,0,3,0,0,3,0,0,0,0,3,1,0,3 ks=224,0,0,0,6,0,0,0,37,0,0,0,0,239,0,0,0,0,0,0,0,90,0,138,0,41,137,131,0,15,0,0,0,42,0,0,0,0,86,247,0,0,0,235,169,0,0,0,66,19,0,0,171,0,0,0,0,0,0,0,141,0,0,65
00121 features=917 size=6 p=2 tap=43 reset=true scheme=4 ops=2,2,2,3,3,3,0,0,0,0,3,2,3,2,3,3,3,3,3,2,3,2,3,2,3,3,3,2,3,2,2,2,3,3,3,3,3,2,3,3,3,3,2,3,2,2,2,2,2,2,2,2,3,2,2,3,3,3,3,2,3,2,3,2 ks=0,0,0,254,0,0,0,0,0,0,0,0,0,0,0,0,0,0,0,0,0,0,0,0,156,0,32,0,0,0,0,0,0,0,0,0,0,0,0,0,0,0,0,64,0,0,0,253,0,0,0,0,0,0,0,0,128,0,0,0,0,0,0,0
00122 features=705 size=5 p=2 tap=43 reset=false scheme=5 ops=0,3,0,3,0,3,0,0,0,0,3,0,3,0,0,3,3,3,0,3,3,0,3,0,0,3,0,3,3,0,0,3,3,0,0,0,3,0,3,3,3,0,0,0,3,0,0,0,0,0,0,3,3,3,0,3,0,0,0,3,0,0,0,3 ks=0,0,0,0,0,0,0,0,0,0,0,0,0,0,0,0,0,0,0,0,0,0,0,0,91,0,1,0,0,0,0,0,0,0,0,0,0,0,0,0,0,0,0,0,0,0,0,2,16,0,0,0,0,0,0,0,0,0,0,0,0,254,0,0
00123 features=777 size=26 p=2 tap=43 reset=false scheme=4 ops=2,2,0,2,0,2,3,0,1,1,3,1,3,2,0,3,3,3,0,2,3,2,3,0,3,3,3,2,0,0,0,0,3,0,2,2,3,0,3,3,3,0,2,2,0,0,0,0,0,3,0,2,3,2,0,3,0,0,3,2,2,0,0,2 ks=224,0,0,255,6,0,0,255,0,0,0,0,0,239,0,3,0,0,0,0,0,90,0,138,0,41,137,131,0,15,0,0,0,42,0,0,0,2,4,2,0,0,0,235,41,0,0,0,0,0,0,143,171,0,0,165,0,118,0,2,141,163,0,65
00124 features=671 size=6 p=2 tap=43 reset=true scheme=4 ops=3,3,1,1,3,3,3,0,3,3,3,3,3,3,3,3,3,3,3,3,3,3,3,1,3,3,3,3,3,3,3,3,3,1,3,3,3,3,3,1,3,3,3,3,1,3,3,1,1,3,1,3,3,1,1,3,3,1,3,1,3,3,3,3 ks=0,0,0,0,0,0,0,0,0,0,0,0,0,0,0,0,0,0,0,0,0,0,0,0,0,0,0,0,0,0,0,0,0,42,0,0,0,0,86,247,2,0,0,235,116,0,0,0,0,0,0,0,0,0,0,0,0,0,0,0,0,0,0,0
00125 features=221 size=1 p=2 tap=43 reset=false scheme=4 ops=1,1,3,3,3,3,3,1,1,1,3,1,3,1,1,1,3,3,3,3,3,1,3,3,3,3,3,3,1,1,1,1,3,3,1,1,3,1,3,3,3,3,1,3,3,3,3,1,1,1,3,1,3,1,1,3,3,1,3,1,1,1,1,1 ks=0,0,0,0,0,0,0,0,0,0,0,0,0,0,0,0,0,0,0,0,0,0,0,0,0,0,0,0,0,0,0,0,0,0,0,0,0,0,0,0,0,0,0,235,0,0,0,0,0,0,0,0,0,0,0,0,0,0,0,0,0,0,0,0
00126 features=918 size=2 p=2 tap=43 reset=true scheme=4 ops=2,2,2,3,3,2,3,2,3,2,3,2,3,2,3,3,3,3,3,2,3,2,3,2,3,3,3,2,3,2,0,2,3,3,3,3,3,2,3,3,3,3,2,3,2,2,2,2,2,2,2,2,3,2,2,3,2,3,3,2,3,2,3,2 ks=0,0,0,0,0,0,0,0,0,0,0,0,0,0,0,0,0,144,0,0,0,0,0,0,0,0,0,0,0,0,0,0,0,0,0,0,0,0,0,0,0,0,0,64,0,0,0,0,0,0,0,0,0,0,0,0,0,0,0,0,0,0,0,0
00127 features=755 size=1 p=5 tap=43 reset=false scheme=1 ops=2,2,0,2,0,2,3,0,2,2,3,0,3,2,0,3,3,3,0,1,3,2,3,0,3,3,3,2,0,3,0,0,3,0,1,1,3,1,1,2,1,2,2,3,0,0,0,0,1,0,0,2,3,2,0,3,0,0,0,2,2,0,0,2 ks=0,0,0,0,0,0,0,0,0,0,0,0,0,0,0,0,0,0,0,0,0,0,0,0,0,0,0,0,0,0,0,0,0,0,0,0,0,0,0,0,0,0,0,235,0,0,0,0,0,0,0,0,0,0,0,0,0,0,0,0,0,0,0,0
00128 features=885 size=7 p=10 tap=43 reset=true scheme=4 ops=3,0,0,0,3,3,0,0,0,0,3,0,3,3,3,2,3,3,3,2,3,2,3,0,0,3,3,3,3,0,3,3,3,0,3,0,3,0,3,3,3,0,3,3,0,0,0,0,0,3,0,0,3,2,0,3,0,0,0,2,1,1,0,2 ks=0,0,0,0,0,0,0,0,0,0,0,0,0,0,0,0,0,0,0,253,0,0,0,0,0,0,0,0,0,0,0,0,0,42,0,0,0,0,86,247,2,0,0,235,116,0,0,0,0,0,0,0,0,0,0,0,0,0,0,0,0,0,0,0
00129 features=725 size=10 p=10 tap=4 reset=true scheme=4 ops=3,3,1,1,3,3,3,3,3,3,3,3,3,3,3,3,3,3,3,3,3,3,3,3,3,3,3,3,3,3,3,3,3,1,3,3,3,3,3,1,3,3,3,3,1,3,3,1,1,3,1,3,3,1,1,3,3,1,3,1,3,3,3,3 ks=0,0,0,0,156,0,0,0,252,0,0,0,0,0,0,0,0,0,0,0,0,0,0,0,0,0,0,0,0,15,0,0,0,42,0,0,0,0,86,247,66,0,8,235,116,0,0,0,0,0,0,0,0,0,0,0,0,0,0,0,0,0,0,0
00130 features=783 size=3 p=5 tap=22 reset=true scheme=2 ops=2,2,3,3,3,3,3,3,3,3,3,2,3,3,3,3,3,3,3,2,3,2,3,2,3,3,3,2,3,2,2,2,3,3,3,3,3,2,3,3,3,3,2,3,2,2,2,2,2,2,2,2,3,2,2,3,2,0,0,0,3,0,0,3 ks=0,0,0,0,0,0,0,0,0,26,0,0,0,0,0,0,0,0,0,0,0,0,0,0,0,0,0,0,0,0,0,0,0,0,0,0,0,0,0,0,0,0,0,0,0,0,0,0,0,0,0,0,0,0,0,0,0,0,0,0,0,163,0,65
00131 features=772 size=26 p=1 tap=43 reset=false scheme=4 ops=2,2,0,2,0,2,3,0,1,1,3,1,3,2,0,3,3,3,0,2,3,2,3,0,3,3,3,2,0,0,0,0,3,0,2,2,3,0,3,3,3,0,2,2,0,0,0,0,0,3,0,2,3,2,0,3,0,0,3,2,2,0,0,2 ks=224,0,0,255,6,0,0,255,0,0,0,0,0,239,0,3,0,0,0,0,0,90,0,138,0,41,137,131,0,15,0,0,0,42,0,0,0,2,4,2,0,0,0,235,41,0,0,0,0,0,0,143,171,0,0,165,0,118,0,130,141,163,0,65
00132 features=769 size=20 p=5 tap=43 reset=false scheme=1 ops=0,0,0,3,0,3,3,0,3,0,3,0,3,3,0,3,3,3,0,0,3,0,3,0,3,3,3,3,0,3,0,0,3,0,3,0,3,0,3,3,3,0,0,3,0,0,3,3,0,0,0,3,3,0,0,3,0,0,0,0,3,0,0,0 ks=0,0,0,8,6,0,0,255,0,0,62,0,0,37,0,0,0,0,0,0,0,90,0,138,0,41,137,131,0,15,0,0,0,42,0,0,0,0,0,247,0,0,0,235,41,208,0,29,66,15,0,0,0,0,0,0,0,0,0,0,0,0,0,65
00133 features=618 size=16 p=2 tap=43 reset=false scheme=4 ops=2,2,0,2,0,2,3,0,1,1,3,1,3,2,0,3,3,3,0,2,3,2,3,0,3,3,3,0,3,2,2,2,3,3,3,3,3,2,3,3,3,0,2,2,0,2,3,3,2,0,0,2,3,2,0,3,0,0,0,2,2,0,0,2 ks=224,0,0,255,6,0,0,255,0,0,0,0,0,237,105,0,0,0,0,0,0,90,0,138,0,0,0,0,0,0,0,0,0,0,0,0,0,0,0,247,0,0,0,235,41,0,0,0,0,19,0,0,171,0,0,0,0,0,0,0,141,163,0,65
00134 features=895 size=3 p=2 tap=43 reset=true scheme=4 ops=2,2,2,3,3,2,3,2,3,2,3,2,3,2,3,3,3,3,3,2,3,2,3,2,3,3,3,2,3,2,0,2,3,3,3,3,3,2,3,3,3,3,2,3,2,2,2,2,2,2,2,2,3,2,2,3,2,3,3,2,3,2,3,2 ks=0,0,0,0,0,0,0,0,0,0,0,0,0,0,0,0,0,144,0,0,0,0,0,0,0,0,0,0,0,0,3,0,0,0,0,0,0,0,0,0,0,0,0,64,0,0,0,0,0,0,0,0,0,0,0,0,0,0,0,0,0,0,0,0
00135 features=665 size=1 p=2 tap=43 reset=true scheme=4 ops=3,1,3,1,1,3,3,2,2,2,3,3,3,2,3,3,3,3,1,1,3,1,3,2,3,3,3,3,3,2,3,3,3,3,3,2,3,2,3,3,3,1,3,1,1,1,1,1,3,1,1,1,3,3,1,3,3,3,2,1,3,3,2,3 ks=0,0,0,0,0,0,0,0,0,0,0,0,0,0,0,0,0,0,0,0,0,0,0,0,0,0,0,0,0,0,0,0,0,42,0,0,0,0,0,0,0,0,0,0,0,0,0,0,0,0,0,0,0,0,0,0,0,0,0,0,0,0,0,0
00136 features=386 size=7 p=10 tap=5 reset=false scheme=2 ops=3,1,3,1,3,1,0,1,1,1,3,3,3,1,1,3,3,3,3,1,3,3,1,3,1,3,3,3,3,1,1,1,3,3,1,1,3,0,3,3,3,1,1,1,1,1,1,3,1,1,3,1,3,3,3,3,1,1,1,1,3,1,3,1 ks=0,0,0,0,248,0,0,127,0,0,0,0,0,0,0,0,224,131,0,0,0,0,0,128,0,0,0,0,0,0,0,0,0,0,130,0,0,0,0,0,0,0,0,0,0,0,0,0,0,0,1,0,0,0,0,0,0,0,0,0,0,0,0,0
00137 features=920 size=8 p=2 tap=43 reset=true scheme=4 ops=2,2,2,3,3,3,0,0,0,0,3,2,3,0,3,3,3,3,3,2,3,2,3,2,3,3,2,2,3,2,2,2,3,3,3,3,3,2,3,3,3,3,2,3,2,2,2,2,2,2,2,2,3,2,2,3,3,3,3,2,3,2,3,2 ks=0,0,0,254,0,0,0,0,0,0,0,0,0,0,0,0,0,0,0,0,8,0,0,0,156,0,32,0,0,0,202,0,0,0,0,0,0,0,0,0,0,0,0,64,0,0,0,253,0,0,0,0,0,0,0,0,128,0,0,0,0,0,0,0
00138 features=947 size=2 p=2 tap=43 reset=true scheme=4 ops=2,2,2,3,3,3,0,0,0,0,3,2,3,2,3,3,3,3,3,2,3,2,3,2,3,3,3,2,3,2,2,2,3,3,3,3,3,2,3,3,3,3,2,3,2,2,2,2,2,2,2,2,3,2,2,3,3,3,3,2,3,2,3,2 ks=0,0,0,0,0,0,0,0,0,0,0,0,0,0,0,0,0,0,0,0,0,0,0,0,0,0,32,0,0,0,0,0,0,0,0,0,0,0,0,0,0,0,0,64,0,0,0,0,0,0,0,0,0,0,0,0,0,0,0,0,0,0,0,0
00139 features=658 size=26 p=10 tap=43 reset=false scheme=4 ops=2,2,0,1,0,2,1,0,1,1,3,1,3,2,1,1,3,3,0,2,3,2,0,0,1,0,1,2,1,0,1,1,3,2,1,3,3,3,3,1,3,3,3,3,1,2,1,2,2,1,0,2,3,2,0,3,0,0,0,2,1,1,0,2 ks=224,0,0,0,6,0,0,255,0,0,58,0,0,239,0,0,0,0,0,112,0,91,0,138,0,41,137,131,0,15,0,0,0,42,0,0,0,0,86,0,2,0,0,235,116,0,0,0,66,19,0,143,171,0,0,0,0,118,0,2,132,163,0,65
00140 features=674 size=6 p=2 tap=43 reset=false scheme=4 ops=2,2,0,1,0,2,1,0,1,1,3,1,3,2,1,3,3,3,0,2,3,2,1,0,1,3,1,2,1,0,1,1,3,0,1,1,3,0,3,3,3,0,2,1,1,2,1,2,2,1,0,2,3,2,0,3,0,0,0,1,1,1,0,2 ks=0,0,0,0,0,0,0,0,0,255,0,0,0,0,53,0,0,0,0,0,0,0,0,127,0,0,0,0,0,0,1,0,0,0,0,8,0,0,0,8,0,0,0,0,0,0,0,0,0,0,0,0,0,0,0,0,0,0,0,0,0,0,0,0
00141 features=735 size=4 p=10 tap=43 reset=true scheme=4 ops=3,3,3,2,3,3,3,3,3,3,3,3,3,3,3,3,3,3,3,3,3,3,3,3,3,3,3,3,3,3,3,3,3,2,3,3,3,1,3,3,3,1,3,3,3,3,3,2,3,3,3,3,3,3,3,3,1,3,2,3,3,3,3,3 ks=0,0,0,0,0,0,0,0,0,0,0,0,0,0,0,0,0,0,0,0,0,0,0,0,0,0,0,0,0,15,0,0,0,0,0,0,0,0,0,0,0,0,8,235,183,0,0,0,0,0,0,0,0,0,0,0,0,0,0,0,0,0,0,0
00142 features=580 size=6 p=10 tap=43 reset=true scheme=4 ops=3,3,1,1,0,2,1,0,1,1,3,1,3,2,1,3,3,3,0,3,3,3,3,3,3,3,3,3,3,3,3,3,3,1,3,3,3,3,3,0,3,3,3,3,1,3,3,1,1,1,1,3,3,1,1,3,3,0,0,0,3,0,0,3 ks=0,0,0,0,0,0,0,0,0,0,0,0,0,0,0,0,0,0,0,255,0,0,0,0,0,0,0,0,0,0,0,0,0,42,0,0,0,0,86,0,2,0,0,235,116,0,0,0,0,0,0,0,0,0,0,0,0,0,0,0,0,0,0,0
00143 features=718 size=17 p=5 tap=43 reset=false scheme=4 ops=2,0,0,2,0,2,3,0,1,1,3,1,3,2,1,3,3,3,0,2,3,2,1,0,3,3,3,3,3,0,0,0,3,0,2,2,3,0,3,3,3,3,2,2,0,2,3,2,2,0,0,2,0,2,0,3,0,0,0,2,2,0,0,2 ks=224,0,0,0,6,0,0,255,0,0,0,0,0,0,0,0,0,0,0,0,0,0,0,0,0,0,0,0,0,15,0,0,0,42,0,0,0,0,0,247,0,0,0,235,41,0,0,0,66,255,94,0,171,0,0,0,0,118,0,0,139,163,249,65
00144 features=796 size=26 p=2 tap=43 reset=false scheme=4 ops=2,2,0,2,0,2,3,0,2,2,3,0,3,2,0,3,3,3,0,2,3,2,3,0,3,3,3,2,0,0,0,0,3,0,2,2,3,0,3,3,3,0,2,2,0,2,3,1,2,0,0,2,3,2,2,3,0,0,0,2,2,0,0,2 ks=224,0,65,0,6,0,0,255,0,0,62,0,0,239,0,0,0,0,0,0,0,90,0,138,0,41,137,132,0,14,0,0,0,42,0,0,4,0,0,247,0,0,1,235,41,0,0,0,66,19,0,143,171,0,0,0,0,118,0,0,141,163,0,65
00145 features=466 size=1 p=5 tap=51 reset=true scheme=4 ops=3,1,3,1,3,1,1,1,1,1,3,1,3,0,1,3,3,3,3,1,3,3,1,3,1,3,3,3,3,1,1,1,3,3,1,1,3,1,3,3,3,1,1,1,1,1,1,3,1,1,3,1,3,3,3,3,2,1,1,1,3,1,3,1 ks=0,0,0,0,0,0,0,0,0,0,0,0,0,0,253,0,0,0,0,0,0,0,0,0,0,0,0,0,0,0,0,0,0,0,0,0,0,0,0,0,0,0,0,0,0,0,0,0,0,0,0,0,0,0,0,0,0,0,0,0,0,0,0,0
00146 features=634 size=7 p=10 tap=43 reset=true scheme=4 ops=3,3,1,1,3,3,3,3,3,3,3,3,3,3,3,3,3,3,3,3,3,3,3,3,3,3,3,3,3,3,3,3,3,1,3,1,3,0,3,0,3,0,1,1,1,3,1,3,1,1,0,3,3,1,1,3,3,1,3,1,3,3,3,3 ks=0,0,0,0,0,0,0,0,252,0,0,0,0,0,0,2,0,0,0,0,0,0,252,0,0,0,0,0,0,15,0,0,0,42,0,32,0,0,4,0,0,0,0,0,0,0,0,0,0,0,0,0,0,0,0,0,0,0,0,0,0,0,0,0
00147 features=520 size=2 p=5 tap=5 reset=true scheme=4 ops=3,1,3,1,3,1,1,1,1,1,3,1,3,0,1,3,3,3,3,1,3,3,1,3,1,3,3,3,3,1,1,1,3,0,1,1,3,0,3,3,3,1,1,1,1,1,1,3,1,1,3,1,3,3,3,3,2,1,1,1,3,1,3,1 ks=0,0,0,0,0,0,0,0,0,0,0,0,0,0,253,0,0,0,0,0,0,0,0,0,0,0,0,0,0,0,0,0,0,0,0,0,0,0,86,0,0,0,0,0,0,0,0,0,0,0,0,0,0,0,0,0,0,0,0,0,0,0,0,0
00148 features=711 size=6 p=2 tap=43 reset=true scheme=4 ops=3,3,1,1,3,3,3,3,3,3,3,3,3,3,3,3,3,3,3,3,3,3,3,3,3,3,3,3,3,3,3,3,3,1,3,3,2,3,3,1,3,3,3,3,1,0,3,1,1,3,1,3,3,1,1,3,3,1,3,1,3,3,3,3 ks=0,0,0,0,0,0,0,0,0,0,0,0,0,0,0,0,0,0,0,0,0,0,0,0,0,0,0,0,0,15,0,0,0,42,0,0,0,0,124,0,2,0,0,235,0,254,0,0,0,0,0,0,0,0,0,0,0,0,0,0,0,0,0,0
00149 features=610 size=11 p=5 tap=43 reset=false scheme=1 ops=0,1,0,3,0,3,3,0,1,0,3,0,3,1,0,3,3,3,0,1,3,1,3,0,3,1,3,1,0,3,0,0,3,0,0,0,3,0,3,3,3,0,3,0,0,0,3,1,3,0,0,1,3,1,3,3,3,3,3,1,3,1,3,0 ks=0,0,0,0,6,0,0,255,0,0,62,0,0,0,0,0,0,0,0,0,0,90,0,0,0,41,0,0,0,0,0,0,0,42,0,0,0,0,0,0,0,0,0,235,41,208,0,29,0,19,0,0,0,0,0,0,0,0,0,0,0,0,0,0
00150 features=529 size=3 p=2 tap=43 reset=true scheme=4 ops=3,3,3,1,1,3,1,1,1,1,3,1,3,1,1,3,3,3,3,1,3,3,1,3,1,3,1,3,1,3,1,1,3,3,1,1,3,1,3,3,3,3,1,1,1,1,1,3,1,1,1,1,3,3,3,3,1,3,3,1,1,1,3,1 ks=0,0,0,0,0,0,0,0,0,255,0,0,0,255,53,0,0,0,0,0,0,0,0,0,0,0,0,0,0,0,0,0,0,0,0,0,0,0,0,0,0,0,0,0,0,0,0,0,0,0,0,0,0,0,0,0,0,0,0,0,0,0,0,0
00151 features=783 size=10 p=2 tap=43 reset=true scheme=4 ops=3,2,2,3,2,3,2,3,3,2,3,3,3,3,3,3,3,3,2,2,3,3,3,2,2,3,3,3,3,2,3,3,3,3,3,3,3,3,3,3,3,2,3,3,2,2,3,3,3,3,2,3,3,2,2,3,3,3,3,3,3,2,3,3 ks=224,0,0,0,0,0,0,0,37,0,0,0,0,0,0,0,0,0,0,0,0,90,0,138,0,0,0,0,0,0,0,0,0,42,0,0,0,0,0,247,0,0,0,235,0,0,0,0,66,0,0,0,171,0,0,0,0,0,0,0,0,0,0,65
00152 features=796 size=26 p=5 tap=43 reset=false scheme=1 ops=2,2,0,2,0,2,3,0,2,2,3,0,3,2,0,3,3,3,0,1,3,2,3,0,3,3,3,2,0,3,0,0,3,0,2,2,3,0,3,3,3,0,2,2,0,2,3,2,1,0,0,2,3,2,0,3,0,0,0,2,2,0,0,2 ks=0,0,0,8,6,0,0,2,0,0,8,0,64,37,1,0,0,0,0,0,0,90,0,138,0,41,0,131,0,15,0,0,0,42,0,0,0,0,0,247,0,0,0,235,41,208,0,29,66,19,0,143,171,0,0,0,0,118,0,0,141,53,0,65
00153 features=766 size=25 p=1 tap=43 reset=false scheme=4 ops=1,2,0,2,0,2,3,0,1,1,3,1,3,2,0,3,3,3,0,2,3,2,3,0,3,3,3,2,0,0,0,0,3,0,2,2,3,0,3,3,3,0,2,2,0,0,0,0,0,3,0,2,3,2,0,3,0,0,3,2,2,0,0,2 ks=224,0,0,255,6,0,0,254,0,0,0,0,0,239,0,3,0,0,0,0,0,90,0,138,0,41,137,131,0,15,0,0,0,42,0,0,0,2,4,2,0,0,0,235,41,0,0,0,0,0,0,143,171,0,0,24,0,118,0,130,141,163,0,0
00154 features=761 size=6 p=10 tap=43 reset=false scheme=4 ops=2,2,0,1,0,2,1,0,1,1,3,1,3,2,1,3,3,3,0,2,0,2,1,0,1,3,1,2,1,0,1,1,3,0,1,1,3,0,3,3,3,0,2,1,1,2,1,2,2,2,0,2,3,2,0,3,2,3,3,2,3,2,3,2 ks=0,0,0,0,0,0,0,0,0,255,0,0,0,0,53,0,0,0,0,0,0,0,0,0,0,0,0,0,0,0,1,0,0,0,0,157,0,0,0,0,0,0,0,162,0,0,0,0,0,0,0,89,0,0,0,0,0,0,0,0,0,0,0,0
00155 features=791 size=27 p=2 tap=43 reset=false scheme=4 ops=2,2,0,2,0,2,3,0,1,1,3,1,3,2,0,3,3,3,0,2,3,2,1,0,3,3,3,2,0,0,0,0,3,0,2,2,3,0,3,3,3,0,2,2,0,2,3,2,2,0,0,2,3,2,0,3,0,0,1,2,2,0,0,2 ks=224,254,0,255,6,32,0,255,0,0,0,0,0,239,0,0,0,255,0,0,0,0,0,138,0,41,137,131,0,15,0,0,0,42,0,0,0,2,4,247,0,0,0,235,41,0,0,0,66,19,0,143,171,0,0,0,0,118,0,0,141,163,0,65
00156 features=785 size=26 p=2 tap=43 reset=false scheme=4 ops=2,2,0,2,0,2,3,0,1,1,3,1,3,2,0,3,3,3,0,2,3,2,1,0,3,3,3,2,0,0,0,0,3,0,2,2,3,0,3,3,3,0,2,2,0,0,3,2,2,0,0,2,3,2,0,3,0,0,1,2,2,0,0,2 ks=224,0,0,255,6,32,0,255,0,0,0,0,0,239,0,0,0,255,0,0,0,0,0,138,0,41,137,131,0,15,0,0,0,42,0,0,0,2,4,247,0,0,0,235,41,0,0,0,66,19,0,143,171,0,0,0,0,118,0,0,141,163,0,65
00157 features=505 size=7 p=2 tap=43 reset=true scheme=4 ops=3,3,3,3,3,3,1,1,1,3,3,3,3,3,3,3,3,3,3,3,3,1,3,3,3,3,3,3,3,1,3,3,3,3,3,3,3,3,3,3,3,3,3,3,1,3,1,1,1,1,3,1,3,1,3,3,3,3,3,1,3,1,3,3 ks=0,0,0,254,0,0,0,0,0,0,0,0,0,0,0,0,0,0,0,0,0,0,0,0,156,0,32,0,0,0,0,0,0,0,0,0,0,0,0,0,1,0,0,64,0,0,0,253,0,0,0,0,0,0,0,0,128,0,0,0,0,0,0,0
00158 features=882 size=27 p=2 tap=43 reset=true scheme=4 ops=3,3,0,0,0,0,3,0,3,3,3,3,3,3,0,3,3,3,0,3,3,3,3,0,3,3,3,0,0,0,0,0,3,0,0,0,3,0,3,3,3,0,3,3,0,3,3,0,3,0,0,0,3,0,0,3,0,0,0,3,3,0,0,3 ks=224,0,0,255,6,32,0,255,0,0,0,0,0,128,0,0,0,255,0,254,0,0,0,138,0,41,137,131,0,15,0,0,0,42,0,0,0,2,4,247,0,0,0,235,41,0,0,0,66,19,0,143,171,0,0,0,0,118,0,0,141,163,0,65
00159 features=746 size=9 p=2 tap=43 reset=false scheme=4 ops=2,2,0,1,0,2,1,0,1,1,3,1,3,2,1,3,3,3,0,2,3,2,1,0,1,3,1,2,1,0,1,1,3,0,1,1,3,0,3,3,3,0,2,1,1,2,1,2,0,0,0,3,3,3,0,3,0,0,0,3,0,0,0,2 ks=0,0,0,254,0,0,0,0,0,229,0,0,253,0,53,0,0,0,0,0,0,0,0,127,0,0,0,0,0,0,1,0,0,0,0,8,0,0,0,8,0,0,0,0,0,0,0,255,0,0,0,0,0,0,0,0,0,0,0,0,0,0,0,0
00160 features=600 size=7 p=10 tap=43 reset=true scheme=4 ops=3,3,1,1,3,3,3,3,3,3,3,3,3,3,3,3,3,3,3,3,3,3,3,3,3,3,3,3,3,3,3,3,3,1,3,1,3,0,3,0,3,0,3,1,1,3,1,3,1,1,0,3,3,1,1,3,3,1,3,1,3,3,3,3 ks=0,0,0,0,0,0,0,0,0,0,0,0,0,0,0,2,0,0,0,0,0,0,252,0,0,0,0,0,16,15,0,0,0,42,0,32,0,0,4,0,0,0,0,0,0,0,0,0,0,0,0,0,0,0,0,0,0,0,0,0,0,0,0,0
00161 features=748 size=10 p=2 tap=43 reset=false scheme=4 ops=2,2,0,2,0,2,3,0,0,2,3,0,3,2,2,2,3,3,3,2,3,2,3,3,2,3,1,2,0,3,0,0,3,0,2,2,3,0,3,3,3,0,2,2,3,3,3,3,3,0,0,2,3,2,0,3,0,0,0,2,2,0,0,2 ks=0,0,4,0,0,0,0,0,0,0,0,0,0,196,0,0,0,0,0,253,0,127,0,0,0,0,0,0,0,15,0,67,0,106,0,0,0,0,0,124,0,0,128,235,0,0,0,0,0,0,0,0,0,0,0,0,0,0,0,0,0,0,0,0
00162 features=606 size=4 p=5 tap=8 reset=true scheme=4 ops=3,1,3,1,3,1,1,1,1,1,3,1,3,0,1,3,3,3,3,1,2,3,1,3,1,3,3,3,3,1,1,1,3,3,1,1,3,1,3,3,3,0,2,1,1,1,1,3,1,1,3,1,3,3,3,3,2,1,1,1,3,1,3,1 ks=0,0,0,0,0,184,0,0,0,0,0,0,0,0,128,0,0,0,0,0,0,0,0,0,0,0,0,0,0,0,0,0,0,0,0,0,0,0,0,0,0,0,0,0,194,0,0,0,0,0,0,128,0,0,0,0,0,0,0,0,0,0,0,0
00163 features=771 size=25 p=2 tap=43 reset=false scheme=4 ops=2,2,0,2,0,2,3,0,2,2,3,0,3,2,0,3,3,3,0,3,3,2,3,0,3,3,3,2,0,0,0,0,3,0,2,3,3,3,3,1,3,3,3,3,0,2,3,2,2,0,0,2,3,2,0,3,0,0,0,2,2,0,0,2 ks=224,0,0,0,6,0,0,255,0,0,62,0,0,239,0,0,0,0,0,0,0,90,0,138,0,41,137,131,0,15,0,0,0,42,0,0,0,0,86,247,2,0,0,235,41,0,0,0,66,19,0,143,171,0,0,0,0,118,0,0,141,163,0,65
00164 features=799 size=25 p=2 tap=43 reset=false scheme=4 ops=2,2,0,2,0,2,3,0,2,2,3,0,3,2,0,3,3,3,0,2,3,2,3,0,3,3,3,2,0,0,0,0,3,0,2,2,3,0,3,3,3,0,2,2,0,2,3,2,2,0,0,2,3,2,0,3,0,0,0,2,2,0,0,2 ks=224,0,65,0,6,0,0,255,0,0,62,0,0,239,0,0,0,0,0,0,0,90,0,138,0,57,137,131,0,15,0,0,0,42,0,0,0,0,0,247,0,0,0,235,41,208,0,0,66,19,0,143,171,0,0,0,0,118,0,0,141,163,0,65
00165 features=915 size=3 p=2 tap=43 reset=true scheme=4 ops=2,2,2,3,3,3,0,0,0,0,3,2,3,0,3,3,3,3,3,2,3,2,3,2,3,3,2,2,3,2,2,2,3,3,3,3,3,2,3,3,3,3,2,3,2,2,2,2,2,2,2,2,3,2,2,3,3,3,3,2,3,2,3,2 ks=0,0,0,0,0,0,0,0,0,0,0,0,0,0,0,0,0,0,0,0,0,0,0,0,0,0,0,0,0,0,202,0,1,0,0,0,0,0,0,0,0,0,0,64,0,0,0,0,0,0,0,0,0,0,0,0,0,0,0,0,0,0,0,0
00166 features=702 size=7 p=5 tap=43 reset=true scheme=5 ops=3,3,1,1,3,3,3,3,3,3,3,3,3,3,3,3,3,3,3,3,3,3,3,3,3,3,3,3,2,3,3,3,3,1,3,3,2,3,3,1,3,3,3,3,1,0,1,2,2,1,0,2,3,2,0,3,0,0,0,1,1,1,0,3 ks=0,0,0,0,0,0,0,0,0,0,0,0,0,0,0,0,0,0,0,0,0,0,252,0,0,0,0,0,0,15,0,0,0,42,0,0,0,0,124,0,2,0,0,235,0,254,0,0,0,0,0,0,0,0,0,0,0,0,0,0,0,0,0,0
00167 features=871 size=6 p=10 tap=43 reset=true scheme=5 ops=0,3,0,2,0,2,3,0,2,2,3,0,3,2,0,3,3,3,0,3,3,0,3,0,0,3,0,3,3,3,3,3,3,1,3,3,2,3,3,1,3,3,0,0,3,0,0,0,0,0,0,3,3,3,0,3,0,0,0,3,0,0,0,3 ks=0,0,0,0,0,0,0,255,0,0,0,0,0,239,0,0,0,0,0,0,0,0,0,0,0,0,0,0,0,15,0,0,0,42,0,0,0,0,124,0,2,0,0,0,0,0,0,0,0,0,0,0,0,0,0,0,0,0,0,0,0,0,0,0
00168 features=825 size=1 p=5 tap=43 reset=true scheme=1 ops=0,1,0,3,0,3,3,0,1,0,3,0,3,1,0,3,3,3,0,1,3,1,3,0,3,1,3,1,0,3,0,0,3,0,0,0,3,0,3,3,3,3,3,0,2,0,3,1,3,0,0,1,2,1,3,3,3,3,3,1,3,1,3,2 ks=0,0,0,0,0,0,0,0,0,0,0,0,0,0,0,0,0,0,0,0,0,0,0,0,0,0,0,0,0,0,0,0,0,0,0,0,0,0,0,0,0,0,0,235,0,0,0,0,0,0,0,0,0,0,0,0,0,0,0,0,0,0,0,0
00169 features=664 size=11 p=10 tap=43 reset=true scheme=4 ops=3,2,1,1,3,3,3,3,3,3,3,3,3,3,3,3,3,3,3,3,3,3,3,3,3,3,3,3,3,0,3,3,3,0,3,0,3,0,3,3,3,0,1,1,1,3,1,3,1,1,0,3,3,1,1,3,3,1,3,1,3,3,3,3 ks=0,0,0,85,0,0,0,0,252,0,0,0,0,0,0,2,0,0,0,0,0,0,252,0,0,0,0,0,0,15,0,0,0,42,0,0,0,0,86,247,0,255,0,0,0,0,195,0,0,0,0,0,0,0,0,0,0,201,0,0,0,0,0,0
00170 features=269 size=3 p=5 tap=5 reset=false scheme=2 ops=3,1,3,1,3,1,0,1,1,1,3,1,3,1,1,3,3,3,3,1,3,3,1,3,1,3,3,3,3,1,1,1,3,3,1,1,3,1,3,3,3,1,1,1,1,1,1,3,1,1,3,1,3,3,3,3,1,1,1,1,3,1,3,1 ks=0,0,0,0,248,0,0,0,0,0,0,0,0,0,0,0,0,131,0,0,0,0,0,0,0,0,0,0,0,0,0,0,0,0,0,0,0,0,0,127,0,0,0,0,0,0,0,0,0,0,0,0,0,0,0,0,0,0,0,0,0,0,0,0
00171 features=760 size=6 p=2 tap=43 reset=false scheme=4 ops=2,2,0,2,0,2,3,0,2,2,3,0,3,2,0,3,3,3,0,2,3,2,3,0,3,3,3,2,0,0,0,0,3,0,2,2,3,0,3,3,3,0,2,2,0,2,3,2,2,0,0,2,3,2,0,3,0,0,0,2,2,0,0,2 ks=0,0,0,0,0,0,0,0,0,0,0,0,0,0,0,16,0,0,0,0,0,0,0,0,0,0,0,0,0,15,0,0,0,42,0,0,0,0,0,247,0,0,0,203,41,0,0,0,0,0,0,0,0,0,0,0,0,0,0,0,0,0,0,0
00172 features=217 size=2 p=2 tap=43 reset=false scheme=4 ops=1,3,3,3,1,3,3,3,3,1,3,1,3,1,1,3,3,3,3,1,3,1,3,3,3,3,1,3,3,3,1,1,3,3,3,1,3,3,3,3,3,3,1,1,3,3,3,3,3,3,3,1,3,3,1,3,1,3,3,1,1,3,1,1 ks=0,0,0,0,0,0,0,0,0,0,0,0,0,0,0,0,0,0,0,0,0,0,0,0,0,0,0,0,0,0,0,0,0,0,0,0,0,0,0,0,0,0,128,235,0,0,0,0,0,0,0,0,0,0,0,0,0,0,0,0,0,0,0,0
00173 features=714 size=6 p=5 tap=43 reset=false scheme=4 ops=2,2,0,2,0,2,3,0,2,2,3,0,3,2,0,3,3,3,0,2,3,2,3,0,3,3,3,2,0,3,0,0,3,2,2,2,3,0,3,3,3,3,3,3,1,2,1,2,2,0,0,2,3,2,0,3,0,0,0,2,2,0,0,2 ks=0,0,0,0,0,0,0,255,0,0,0,0,0,0,0,0,0,0,0,0,0,0,0,0,0,0,0,0,0,15,0,0,0,0,0,0,0,0,0,247,2,0,0,235,0,0,0,0,0,0,0,0,171,0,0,0,0,0,0,0,0,0,0,0
00174 features=968 size=13 p=10 tap=43 reset=true scheme=4 ops=2,0,2,0,0,3,0,0,0,0,3,0,3,3,3,3,3,3,1,0,3,0,3,0,0,3,3,3,3,2,3,3,3,0,3,0,3,0,3,3,3,0,3,3,0,0,0,3,0,3,0,0,3,0,0,3,0,0,0,0,3,0,1,2 ks=8,0,0,0,0,0,0,0,0,0,0,0,0,239,0,0,0,0,0,0,8,0,0,0,0,0,9,0,0,15,0,0,0,42,0,0,74,0,86,247,0,0,0,235,0,0,0,0,0,0,0,0,0,0,0,0,0,0,0,0,0,3,134,165
00175 features=623 size=7 p=10 tap=43 reset=true scheme=4 ops=3,3,3,3,3,3,3,3,3,3,3,3,3,3,3,3,3,3,3,3,3,3,3,3,3,3,3,3,3,3,3,3,3,3,3,3,3,3,3,2,3,3,3,3,2,3,3,2,3,3,3,3,3,2,2,3,3,3,3,2,3,3,3,3 ks=0,0,0,0,0,0,0,0,0,0,0,0,0,255,0,0,0,0,0,0,0,0,0,0,0,0,0,0,0,0,0,0,0,78,0,0,0,0,84,243,2,0,0,235,116,0,0,0,0,0,0,0,0,0,0,0,0,0,0,0,0,0,0,0
00176 features=758 size=27 p=1 tap=43 reset=false scheme=4 ops=2,2,0,1,0,2,1,0,1,1,3,1,3,2,1,1,3,3,0,2,3,2,1,0,0,0,1,2,1,0,1,1,3,0,1,1,3,0,3,3,3,0,2,1,1,2,1,2,2,1,0,2,3,2,0,3,0,0,0,3,1,1,0,2 ks=224,0,0,0,6,0,0,255,0,0,62,0,0,239,0,0,0,0,0,112,0,91,0,138,0,41,137,131,128,15,0,0,0,42,0,0,0,0,86,247,0,0,0,235,41,0,88,0,66,19,0,143,171,0,0,0,0,118,0,0,129,163,0,65
00177 features=584 size=18 p=2 tap=43 reset=false scheme=4 ops=2,2,0,2,0,2,1,0,1,1,3,1,3,2,0,3,3,3,0,2,3,2,3,0,3,3,3,0,3,2,2,2,3,3,3,3,3,2,3,3,3,0,2,2,0,2,3,3,2,0,0,2,3,2,0,3,0,0,0,2,2,0,0,2 ks=224,0,255,255,6,0,0,255,0,0,0,0,0,237,105,0,0,0,0,0,0,90,0,138,0,0,0,0,0,0,0,0,0,0,0,0,0,0,0,247,0,0,0,235,41,0,0,64,0,19,0,0,171,0,0,0,0,0,0,0,141,163,0,65
00178 features=918 size=7 p=10 tap=43 reset=true scheme=4 ops=3,2,0,0,3,1,0,0,0,0,3,0,3,3,1,3,3,3,0,0,3,0,0,0,0,3,3,3,3,0,3,3,3,0,3,0,3,0,3,3,3,0,3,3,0,0,0,0,0,3,0,0,3,0,0,3,0,0,0,0,3,0,3,3 ks=0,0,0,0,0,0,0,0,0,0,0,0,0,0,0,0,0,0,0,0,0,0,0,0,0,0,0,0,0,7,0,0,0,42,0,0,0,0,86,247,2,0,0,235,0,187,0,0,0,0,0,0,0,0,0,0,0,0,0,0,0,0,0,0
00179 features=659 size=4 p=2 tap=43 reset=false scheme=4 ops=0,0,0,3,0,0,3,0,3,0,3,0,3,0,0,3,3,3,0,0,3,3,3,0,3,3,3,0,0,0,0,0,3,0,3,3,3,0,3,3,3,0,3,3,0,0,3,0,3,0,0,3,3,3,0,3,0,0,0,0,0,0,0,3 ks=0,0,0,0,6,0,0,0,0,0,0,0,0,0,0,0,0,0,0,0,0,0,0,0,0,0,0,0,0,0,0,0,0,42,0,0,0,0,0,0,0,0,0,203,41,0,0,0,0,0,0,0,0,0,0,0,0,0,0,0,0,0,0,0
00180 features=801 size=29 p=2 tap=43 reset=false scheme=4 ops=2,2,0,2,0,2,3,0,1,1,3,1,3,2,0,3,3,3,0,2,3,2,1,0,3,3,3,2,0,0,0,0,3,0,2,2,3,0,3,3,3,0,2,2,0,2,3,2,2,0,0,2,3,2,0,3,0,0,1,2,2,0,0,2 ks=224,254,0,255,6,32,121,255,0,0,0,0,0,239,0,0,0,255,0,0,0,0,0,138,0,41,137,131,0,15,0,0,0,42,0,0,0,2,4,247,0,0,0,235,41,0,0,0,66,19,0,143,171,0,0,135,0,118,0,0,141,163,0,65
00181 features=526 size=21 p=10 tap=43 reset=false scheme=4 ops=2,2,0,1,0,2,1,0,1,1,3,1,3,2,1,1,3,3,0,2,3,2,3,2,3,3,3,2,1,0,1,1,3,2,1,3,3,3,3,1,3,3,3,3,1,2,1,2,2,1,0,2,3,2,0,3,0,0,0,2,1,1,0,2 ks=224,0,0,0,6,2,0,255,0,0,58,0,0,239,0,0,0,0,0,0,0,0,0,0,0,0,0,0,0,15,0,0,0,42,0,0,0,0,86,0,2,0,0,235,116,0,0,0,66,19,0,143,171,0,0,0,0,118,0,2,132,163,0,65
00182 features=708 size=6 p=2 tap=56 reset=true scheme=4 ops=3,3,1,1,3,3,3,3,3,3,3,3,3,3,3,3,3,3,3,3,3,3,3,3,3,3,3,3,3,3,3,3,3,1,3,3,2,3,3,1,3,3,3,3,1,0,3,1,1,3,1,3,3,1,1,3,3,1,3,1,3,3,3,3 ks=0,0,0,0,0,0,0,0,0,0,0,0,0,0,0,0,0,0,0,0,0,0,0,0,0,0,0,0,0,15,0,0,0,42,0,0,0,0,124,0,2,0,0,235,0,254,0,0,0,0,0,0,0,0,0,0,0,0,0,0,0,0,0,0
00183 features=754 size=4 p=10 tap=4 reset=true scheme=4 ops=3,3,1,1,3,3,3,3,3,3,3,3,3,3,3,3,3,3,3,3,3,3,3,3,3,3,3,3,3,3,3,3,3,1,3,3,3,3,3,2,3,3,3,3,1,3,3,1,1,3,1,3,3,1,1,3,3,1,3,1,3,3,0,2 ks=0,0,0,0,156,0,0,0,0,0,0,0,0,0,0,0,0,0,0,0,0,0,0,0,0,0,0,0,0,0,0,0,0,42,0,0,0,0,0,0,66,0,0,235,0,0,0,0,0,0,0,0,0,0,0,0,0,0,0,0,0,0,0,0
00184 features=721 size=3 p=10 tap=43 reset=true scheme=1 ops=3,3,1,1,3,3,3,3,3,3,3,3,3,3,3,3,3,3,3,3,3,3,3,3,3,3,3,3,3,3,3,3,3,1,3,3,3,0,3,1,3,0,2,1,1,2,1,2,2,1,0,2,3,1,1,3,3,1,3,1,3,3,3,3 ks=0,0,0,0,0,0,0,0,252,0,0,0,0,0,0,0,0,0,0,0,0,0,0,0,0,0,0,0,0,15,0,0,0,42,0,0,0,0,0,0,0,0,0,0,0,0,0,0,0,0,0,0,0,0,0,0,0,0,0,0,0,0,0,0
00185 features=828 size=26 p=1 tap=43 reset=false scheme=4 ops=1,2,0,2,0,2,3,0,1,1,3,1,3,2,0,3,3,2,0,2,3,2,3,0,0,3,3,2,0,0,0,0,3,0,2,2,3,0,3,3,3,0,2,2,0,0,0,0,0,3,0,2,3,2,0,3,0,0,3,3,2,0,0,2 ks=224,0,0,255,2,0,0,254,0,0,0,0,0,239,0,3,0,0,0,0,16,90,0,138,0,41,137,131,0,15,0,0,0,42,0,0,0,1,4,2,0,0,0,235,41,0,0,0,0,0,0,143,171,0,0,24,0,118,0,130,141,163,0,0
00186 features=805 size=27 p=2 tap=43 reset=false scheme=4 ops=2,2,0,2,0,2,3,0,1,1,3,1,3,2,0,3,3,3,0,2,3,2,1,0,3,3,3,2,0,0,0,0,3,0,2,2,3,0,3,3,3,0,2,2,0,0,3,2,2,0,0,2,3,2,0,3,0,0,1,2,2,0,0,2 ks=224,0,0,127,6,32,0,255,0,0,0,0,0,239,0,0,0,255,0,0,0,0,0,138,0,41,137,131,0,15,0,0,0,42,0,0,0,2,4,247,0,0,0,235,41,0,0,0,66,19,0,143,171,0,0,0,0,118,41,0,141,163,0,65
00187 features=912 size=8 p=2 tap=43 reset=true scheme=4 ops=2,2,2,3,3,3,0,0,0,0,3,2,3,2,3,3,3,3,3,2,3,2,3,2,1,3,3,2,3,2,2,2,3,3,3,3,3,2,3,3,3,2,2,3,2,2,2,2,2,2,2,2,3,2,2,3,3,3,3,2,3,2,3,2 ks=0,0,0,254,0,0,0,0,0,0,0,0,0,0,0,0,0,0,0,0,0,0,0,0,156,0,32,0,0,0,0,0,0,0,0,0,0,0,0,0,0,0,0,64,4,0,0,253,0,0,0,0,0,0,255,0,128,0,0,0,0,0,0,0
00188 features=564 size=21 p=1 tap=43 reset=false scheme=4 ops=2,2,0,1,0,2,1,0,1,1,3,1,3,2,1,1,3,3,0,2,3,2,3,3,3,3,3,2,1,0,1,1,3,2,1,3,3,3,3,1,3,3,3,3,1,2,1,2,2,1,0,2,3,2,0,3,0,0,0,2,1,1,0,2 ks=224,0,0,0,6,2,0,255,0,0,58,0,0,239,0,0,0,0,0,0,0,0,0,0,0,0,0,0,0,15,0,0,0,42,0,0,0,0,86,0,2,0,0,235,116,0,0,0,66,19,0,143,171,0,0,0,0,118,0,2,132,163,0,65
00189 features=594 size=16 p=10 tap=43 reset=false scheme=4 ops=2,2,0,1,3,2,1,0,1,1,3,1,3,2,1,1,3,3,0,2,3,2,0,0,1,0,1,2,1,0,1,1,3,2,1,3,3,3,3,1,3,3,3,3,1,2,1,2,2,1,0,2,3,2,0,3,0,0,0,2,1,1,0,2 ks=0,0,0,0,6,0,0,0,0,0,0,0,0,239,0,0,0,0,0,112,0,91,0,138,0,41,0,131,0,15,0,0,0,0,0,0,0,0,86,0,2,0,0,235,116,0,0,0,66,0,0,143,0,0,0,0,0,0,0,0,132,0,0,65
00190 features=916 size=2 p=2 tap=43 reset=true scheme=2 ops=2,2,2,3,3,3,0,0,0,0,3,2,3,2,3,3,3,3,3,2,3,2,3,2,3,3,3,2,3,2,2,2,3,2,2,2,3,2,3,3,3,3,2,3,2,2,2,2,2,2,2,2,3,3,2,3,3,3,3,2,3,2,3,2 ks=0,0,0,0,0,0,0,0,0,0,0,0,0,0,0,0,0,0,0,0,0,0,0,0,0,0,32,0,0,0,0,0,0,0,0,0,0,0,0,0,0,0,0,64,0,0,0,0,0,0,0,0,0,0,0,0,0,0,0,0,0,0,0,0
00191 features=785 size=27 p=2 tap=43 reset=false scheme=4 ops=2,2,0,2,0,2,3,0,2,2,3,0,3,2,0,3,3,3,0,2,3,2,3,0,3,3,3,2,0,0,0,0,3,0,2,2,3,0,3,3,3,0,2,2,0,2,3,1,2,0,0,2,3,2,2,3,0,0,0,2,2,0,0,2 ks=224,0,65,0,6,0,0,255,0,0,62,0,0,239,0,0,0,0,0,0,0,90,0,138,0,41,137,132,0,14,0,253,0,42,0,0,4,0,0,247,0,0,1,235,41,0,0,0,66,19,0,143,171,0,0,0,0,118,0,0,141,163,0,65
00192 features=894 size=6 p=2 tap=43 reset=true scheme=4 ops=2,2,2,3,3,3,0,0,0,0,3,0,3,3,1,3,3,3,0,2,3,2,3,3,3,3,2,2,3,2,2,2,3,3,3,3,3,2,3,3,3,3,2,3,2,2,2,2,2,2,2,2,3,2,2,3,2,3,3,2,3,2,3,2 ks=0,0,0,254,0,0,4,0,0,0,0,0,0,0,0,0,0,0,0,0,8,0,0,0,156,0,0,0,0,0,202,0,0,0,0,0,0,0,0,0,0,0,0,64,0,0,0,0,0,0,0,0,0,0,0,0,0,0,0,0,0,0,0,0
00193 features=763 size=3 p=2 tap=43 reset=false scheme=4 ops=2,2,0,2,0,2,3,0,2,2,3,0,3,2,0,3,3,3,0,2,3,2,3,0,3,3,3,2,0,0,0,0,3,0,2,2,3,0,3,3,3,0,2,2,0,3,3,2,2,0,0,2,3,2,1,3,0,0,0,2,2,0,2,2 ks=0,0,0,0,0,0,0,0,0,0,0,0,0,0,0,0,0,0,0,0,0,0,0,0,0,0,0,0,0,0,0,0,0,42,0,0,0,0,0,0,0,0,0,235,41,0,0,0,0,0,0,0,0,0,0,0,0,0,0,0,0,0,0,0
00194 features=709 size=23 p=5 tap=43 reset=false scheme=3 ops=2,2,2,3,3,3,0,0,1,1,3,1,3,2,0,3,3,3,0,2,3,2,3,0,3,3,3,2,0,0,0,0,3,0,2,2,3,0,3,3,3,0,2,2,0,2,3,2,2,0,0,2,3,2,0,3,0,0,0,2,2,0,0,2 ks=222,0,0,0,0,0,0,0,0,0,0,0,0,239,0,0,2,0,0,0,0,90,0,138,0,41,137,131,0,15,0,0,0,128,0,0,0,2,4,247,0,0,0,235,41,0,0,0,66,19,0,143,171,0,0,0,0,255,0,0,141,163,0,65
00195 features=697 size=1 p=2 tap=43 reset=true scheme=4 ops=0,3,0,1,0,0,1,0,1,1,3,1,3,3,1,3,3,3,0,3,3,0,1,0,1,3,1,3,1,0,1,1,3,0,1,1,3,0,3,3,3,0,3,1,1,0,1,0,0,1,0,1,3,3,0,3,0,0,0,1,1,1,0,1 ks=0,0,0,0,0,0,0,0,0,0,0,0,0,0,0,0,0,0,0,0,0,0,0,0,0,0,0,0,0,0,0,0,0,0,0,0,0,0,0,8,0,0,0,0,0,0,0,0,0,0,0,0,0,0,0,0,0,0,0,0,0,0,0,0
00196 features=776 size=27 p=2 tap=43 reset=false scheme=2 ops=2,1,0,2,0,2,3,0,1,1,3,1,3,2,0,3,3,3,0,2,3,2,1,0,3,3,3,2,0,0,0,0,3,0,2,2,3,0,3,3,3,0,2,2,0,2,3,2,3,0,0,2,3,2,0,3,0,0,1,2,2,0,0,2 ks=224,0,0,255,6,32,0,255,0,0,0,0,0,239,0,0,0,255,0,0,0,0,0,138,0,41,137,131,0,15,0,0,0,42,0,0,0,2,4,247,0,0,0,235,41,0,0,0,66,19,0,143,171,0,0,0,0,118,0,128,141,163,0,65
00197 features=274 size=6 p=2 tap=43 reset=false scheme=1 ops=3,3,3,3,3,3,3,3,3,3,3,3,3,3,3,3,3,3,3,3,3,3,3,3,3,3,3,3,1,3,3,3,3,3,3,3,3,3,3,3,3,0,2,1,1,2,1,2,2,1,1,1,3,1,3,3,3,1,3,3,3,3,3,3 ks=0,0,0,0,0,0,0,0,0,0,0,0,0,0,0,0,0,254,0,0,0,0,0,0,0,0,0,0,0,0,0,0,0,0,0,0,16,0,0,247,0,0,0,235,41,0,0,0,66,0,0,0,0,0,0,0,0,0,0,0,0,0,0,0
00198 features=772 size=23 p=2 tap=43 reset=false scheme=4 ops=2,2,0,2,0,2,3,0,2,2,3,0,3,2,0,3,3,3,0,3,3,2,3,0,3,3,3,2,0,0,0,0,3,0,2,2,3,0,3,3,3,0,2,2,0,2,3,2,2,0,3,2,3,2,0,3,0,0,0,2,2,0,0,2 ks=224,0,0,0,6,0,0,255,0,0,62,0,0,239,0,0,0,0,0,0,0,90,0,138,0,41,137,131,0,15,0,0,0,42,0,0,0,0,0,247,0,0,0,235,41,0,0,0,66,19,0,143,171,0,0,0,0,118,0,0,141,163,0,65
00199 features=455 size=6 p=5 tap=5 reset=true scheme=2 ops=3,1,3,1,3,1,0,1,1,1,3,1,3,1,1,3,3,3,3,1,3,3,1,3,1,3,3,3,3,1,1,1,3,3,1,1,3,1,3,3,3,1,1,1,1,1,1,3,1,1,3,1,3,3,3,3,1,1,1,1,3,1,3,1 ks=0,0,0,0,248,0,0,127,0,0,0,0,0,0,0,0,224,131,0,0,0,0,0,0,0,0,0,0,0,0,0,0,0,0,128,0,0,0,0,0,0,0,0,0,0,0,0,0,0,0,18,0,0,0,0,0,0,0,0,0,0,0,0,0
00200 features=718 size=11 p=10 tap=4 reset=true scheme=4 ops=3,3,1,1,3,3,3,3,3,3,3,3,3,3,3,3,3,3,3,3,3,3,3,3,3,3,3,3,3,3,3,3,3,1,3,3,3,3,3,1,3,3,3,3,1,3,3,1,1,3,1,3,3,1,1,3,3,1,3,1,3,3,3,3 ks=0,0,0,0,156,0,0,0,252,0,0,0,0,0,0,0,0,0,0,0,0,0,0,0,0,0,0,0,0,15,0,0,0,42,0,0,0,0,86,247,66,0,8,235,116,0,0,0,0,0,0,0,0,0,0,68,0,0,0,0,0,0,0,0
00201 features=565 size=6 p=2 tap=43 reset=false scheme=4 ops=2,2,2,3,2,2,3,2,3,2,3,2,3,2,3,3,3,3,3,2,3,2,3,2,3,3,3,2,3,2,2,2,3,3,3,3,3,2,3,3,3,0,2,2,0,2,2,2,2,2,2,2,3,2,2,3,2,3,3,2,3,2,3,2 ks=0,254,0,0,165,0,0,190,0,0,0,0,0,0,0,0,0,0,0,0,0,0,0,0,133,0,0,0,0,0,0,0,0,0,0,0,0,0,0,0,0,0,0,235,41,0,0,0,0,0,0,0,0,0,0,0,0,0,0,0,0,0,0,0
00202 features=794 size=26 p=5 tap=43 reset=false scheme=1 ops=2,2,0,2,0,2,3,0,2,2,3,0,3,2,0,3,3,3,0,1,3,2,3,0,3,3,3,2,0,3,0,0,3,0,2,2,3,0,3,3,3,0,2,2,0,2,3,2,1,0,0,2,3,2,0,3,0,0,0,2,2,0,0,2 ks=0,0,0,8,6,0,0,255,0,0,62,0,0,37,0,0,0,0,0,0,0,90,0,138,0,41,137,131,2,15,0,0,0,42,0,0,0,0,0,247,0,0,0,235,41,208,0,29,66,19,0,143,171,0,0,0,0,118,0,0,173,163,0,65
00203 features=728 size=24 p=2 tap=43 reset=false scheme=4 ops=2,2,0,1,0,2,1,0,1,1,3,1,3,2,1,3,3,3,0,2,0,2,1,0,1,3,1,2,1,0,1,1,3,0,1,1,3,0,3,3,3,0,2,1,1,2,1,2,2,1,0,2,3,2,0,3,0,0,0,2,1,1,0,2 ks=224,2,127,0,6,0,0,0,0,0,62,0,0,239,0,0,0,0,0,0,0,255,0,138,0,155,137,0,0,15,0,0,0,42,0,0,0,0,86,247,0,0,0,235,41,0,0,0,66,19,0,143,43,0,0,0,0,0,0,0,13,163,16,65
00204 features=671 size=6 p=10 tap=43 reset=true scheme=4 ops=3,3,1,1,3,3,3,3,3,0,3,0,3,3,3,3,3,3,3,3,3,3,3,3,3,3,3,3,3,3,3,3,3,1,3,1,3,0,3,0,3,0,1,1,1,3,1,3,1,1,0,3,3,1,1,3,3,1,3,1,3,3,3,3 ks=0,0,0,0,0,0,0,0,0,0,0,0,0,0,0,2,0,0,0,0,0,0,252,0,0,0,0,0,0,15,0,0,0,42,0,32,0,0,4,0,0,0,0,0,0,0,0,0,0,0,0,0,0,0,0,0,0,0,0,0,0,0,0,0
00205 features=884 size=26 p=2 tap=43 reset=true scheme=3 ops=2,2,0,2,0,2,3,0,2,2,3,0,3,2,0,3,3,3,0,3,3,2,3,0,3,3,3,2,0,0,0,0,3,0,2,2,3,0,3,3,3,0,2,2,0,2,3,1,2,0,0,2,3,2,0,3,0,0,0,2,2,0,0,2 ks=224,128,0,0,10,0,0,255,0,0,62,0,0,239,0,0,0,0,0,0,0,90,0,138,0,41,137,131,0,15,32,0,0,42,0,0,0,0,0,247,0,0,0,235,41,0,0,0,66,19,4,143,171,0,0,0,0,118,0,0,141,163,0,65
00206 features=227 size=5 p=5 tap=5 reset=false scheme=2 ops=3,1,3,1,3,1,0,1,1,1,3,1,3,1,1,3,3,3,3,1,3,3,1,3,1,3,3,3,3,1,1,1,3,3,1,1,3,1,3,3,3,1,1,1,1,1,1,3,1,1,3,1,3,3,3,3,1,1,1,1,3,0,0,3 ks=0,0,0,0,248,0,0,127,0,0,0,0,0,0,0,0,224,131,0,0,0,0,0,0,0,0,0,0,0,0,0,0,0,0,128,0,0,0,0,0,0,0,0,0,0,0,0,0,0,0,0,0,0,0,0,0,0,0,0,0,0,0,0,0
00207 features=599 size=4 p=1 tap=43 reset=false scheme=4 ops=2,2,0,1,0,2,1,0,1,1,3,1,3,2,1,1,3,3,3,2,3,2,3,2,3,3,3,2,3,2,2,2,3,2,1,3,3,3,3,1,3,3,3,3,1,2,1,2,2,1,0,2,3,2,0,3,0,0,0,2,1,1,0,2 ks=0,0,0,0,0,0,0,0,0,0,0,0,0,0,0,0,0,0,0,0,0,0,0,0,0,0,0,0,0,0,0,0,1,0,0,0,0,0,86,0,2,0,0,235,0,0,0,0,0,0,0,0,0,0,0,0,0,0,0,0,0,0,0,0
00208 features=717 size=8 p=10 tap=43 reset=false scheme=4 ops=2,2,0,2,0,2,3,0,2,2,3,0,3,1,2,2,3,3,3,2,3,2,3,3,2,3,1,2,0,3,0,0,3,0,2,2,3,0,3,3,3,0,2,2,0,2,3,2,2,0,0,2,3,2,0,3,0,0,0,2,2,0,0,2 ks=0,0,0,0,0,0,0,0,0,0,0,0,0,0,0,0,0,0,0,253,0,0,0,252,0,0,0,0,0,15,0,0,0,106,0,0,0,0,0,247,0,0,128,235,41,0,0,0,0,0,0,0,0,0,0,0,0,0,0,0,0,0,0,0
00209 features=782 size=28 p=2 tap=43 reset=false scheme=4 ops=2,2,0,2,0,2,3,0,2,2,3,0,3,2,0,3,3,3,0,2,3,2,3,0,3,3,3,2,0,0,0,0,3,0,2,2,3,0,3,3,3,0,2,2,0,2,3,1,2,0,0,2,3,2,2,3,0,0,0,2,2,0,0,2 ks=11,0,65,0,6,0,0,255,0,0,62,0,0,239,0,0,0,0,0,0,0,26,0,138,0,41,137,132,0,14,0,253,0,42,0,0,4,3,0,247,0,0,1,235,41,0,0,0,2,19,0,143,171,0,0,0,0,118,0,0,141,163,0,65
00210 features=814 size=25 p=2 tap=43 reset=false scheme=4 ops=2,2,0,2,0,2,3,0,1,1,3,1,3,2,0,3,3,3,0,2,3,2,3,0,3,3,3,2,0,0,0,0,3,0,2,2,3,0,3,3,3,0,2,2,0,0,0,0,0,3,0,2,3,2,0,3,0,0,0,2,2,0,0,2 ks=224,0,0,255,6,0,0,255,0,0,0,0,0,239,0,0,0,0,0,0,0,90,253,138,0,41,137,131,0,15,0,0,0,42,0,0,0,2,4,247,0,0,0,235,41,0,0,0,0,0,0,143,171,0,0,0,0,118,0,2,141,163,0,65
00211 features=762 size=15 p=2 tap=43 reset=false scheme=4 ops=2,2,0,2,0,2,3,0,2,2,3,0,3,2,0,3,3,3,0,2,3,2,3,0,3,3,3,2,0,0,0,0,3,0,2,2,3,0,3,3,3,0,2,2,0,2,3,1,2,0,0,2,3,2,2,3,0,0,0,2,2,0,0,2 ks=224,0,0,0,0,0,0,0,0,0,62,0,0,239,0,0,0,0,0,0,0,0,0,0,0,0,0,0,254,14,0,253,0,42,0,0,4,0,0,247,0,0,0,235,41,0,0,0,66,0,0,143,0,0,0,0,0,0,0,0,0,163,0,65
00212 features=277 size=4 p=1 tap=43 reset=false scheme=1 ops=3,1,1,1,3,3,1,3,1,1,3,1,3,1,1,3,3,3,1,1,3,1,1,1,1,1,1,1,1,1,1,1,3,3,1,1,3,1,3,3,3,3,3,1,1,1,1,1,3,1,1,1,3,3,3,3,3,1,1,3,3,1,3,1 ks=0,0,0,0,0,0,0,0,0,0,40,0,0,0,0,0,0,0,0,0,0,0,2,0,3,0,0,0,0,0,0,0,0,0,0,0,0,0,0,0,0,0,0,0,0,0,0,0,0,0,0,0,2,0,0,0,0,0,0,0,0,0,0,0
00213 features=663 size=20 p=2 tap=43 reset=false scheme=4 ops=2,2,0,2,0,2,3,0,1,1,3,1,3,2,0,3,3,3,0,2,3,2,3,0,3,3,3,2,0,0,0,0,3,0,2,2,3,0,3,3,3,0,2,2,0,2,3,2,2,0,0,2,3,2,0,3,0,1,3,1,3,3,3,3 ks=224,0,0,255,6,0,0,255,0,0,0,0,0,239,105,0,0,0,0,0,0,90,0,138,0,41,137,131,0,15,0,0,0,42,0,0,0,2,4,247,0,0,0,235,41,0,0,0,0,19,0,0,171,0,0,0,0,0,0,0,0,0,0,0
00214 features=908 size=18 p=5 tap=43 reset=true scheme=4 ops=2,0,0,2,0,2,3,0,1,1,3,1,3,2,1,3,3,3,0,2,3,2,1,0,3,3,3,2,0,0,0,0,3,0,2,2,3,0,3,3,3,0,2,2,0,2,3,2,2,0,0,2,0,2,0,3,0,0,0,2,2,0,0,2 ks=224,0,0,0,6,0,0,0,0,0,0,0,0,0,0,0,0,0,0,0,0,0,0,0,0,0,137,131,32,15,0,0,0,42,0,0,0,0,0,247,0,0,0,235,41,243,0,0,66,19,0,0,171,0,0,0,0,118,0,0,141,255,249,0
00215 features=903 size=3 p=2 tap=43 reset=true scheme=2 ops=2,2,2,3,3,3,0,0,0,0,3,2,3,2,3,3,3,3,3,2,3,2,3,2,3,3,3,2,3,2,2,2,3,2,2,2,3,2,3,3,3,3,2,3,2,2,2,2,2,2,2,2,3,3,2,3,3,3,3,2,3,2,3,2 ks=0,0,0,0,0,0,0,0,0,0,0,0,0,0,0,0,0,0,0,0,0,0,0,0,0,0,32,0,0,0,1,0,0,0,0,0,0,0,0,0,0,0,0,64,0,0,0,0,0,0,0,0,0,0,0,0,0,0,0,0,0,0,0,0
00216 features=886 size=24 p=2 tap=34 reset=true scheme=3 ops=2,2,2,2,0,2,3,0,2,2,3,0,3,2,0,3,3,3,0,2,3,2,3,0,3,3,3,2,0,0,0,0,3,0,2,2,3,0,3,3,3,0,2,2,0,2,3,2,2,0,0,2,3,2,0,3,0,0,0,2,2,0,0,2 ks=224,21,0,0,6,0,0,255,0,0,62,0,0,239,0,0,0,0,0,0,0,90,0,138,0,41,137,131,0,0,0,254,0,42,0,0,0,0,0,247,0,0,0,235,41,0,0,0,66,19,0,143,171,0,0,0,0,118,0,0,141,163,0,65
00217 features=383 size=23 p=2 tap=43 reset=true scheme=3 ops=1,1,1,1,1,1,1,1,1,1,1,1,1,1,1,1,1,1,1,1,1,1,1,1,1,1,1,1,1,1,1,1,1,1,1,1,1,1,1,1,1,1,1,1,1,1,1,1,1,1,1,1,1,1,1,1,1,1,1,1,1,1,1,1 ks=224,0,0,0,6,0,0,0,0,0,62,0,0,237,0,0,0,0,0,0,0,90,0,138,0,41,137,131,0,15,0,0,0,42,0,0,0,0,86,247,0,0,0,235,41,0,0,0,66,19,0,142,171,0,0,0,0,127,0,0,141,163,0,65
00218 features=723 size=6 p=2 tap=43 reset=false scheme=5 ops=0,3,0,3,0,3,0,0,0,0,3,0,3,0,0,3,3,3,0,3,3,0,3,0,0,3,0,3,3,1,0,3,3,0,0,0,3,0,3,3,3,0,0,0,3,0,0,0,0,0,0,3,3,3,0,3,0,0,0,3,0,0,0,3 ks=0,0,0,0,0,0,0,0,0,0,0,0,0,0,0,0,0,0,0,0,0,0,0,0,91,0,1,0,0,0,0,0,0,0,0,0,0,0,0,0,0,0,0,0,0,0,0,2,16,0,0,0,0,1,0,0,0,0,0,0,0,254,0,0
00219 features=937 size=8 p=2 tap=43 reset=true scheme=4 ops=3,0,0,0,3,3,0,0,0,0,3,0,3,3,3,3,3,3,0,0,3,0,3,0,0,3,3,3,3,0,3,3,3,0,3,0,3,0,3,3,3,0,3,3,0,0,0,0,0,3,0,0,3,0,0,3,0,0,0,0,3,0,0,3 ks=0,0,0,0,0,0,0,0,0,0,0,0,0,0,0,0,0,0,0,0,0,0,0,254,0,0,0,0,0,15,0,0,0,42,0,0,0,0,86,247,2,0,0,235,116,0,0,0,0,0,0,0,0,0,0,0,0,0,0,0,0,0,0,0
00220 features=767 size=3 p=10 tap=43 reset=false scheme=4 ops=2,2,0,2,0,2,3,0,2,2,3,0,3,2,0,3,3,3,0,2,3,2,3,0,3,3,3,2,0,0,0,0,3,0,2,2,3,0,3,3,3,0,2,2,0,3,3,2,2,0,0,2,3,2,1,3,0,3,0,2,2,0,2,2 ks=0,0,0,0,0,0,0,0,0,0,0,0,0,0,0,0,0,0,0,0,0,0,0,0,0,0,0,0,0,0,0,0,0,42,0,0,0,0,0,0,0,0,0,235,41,0,0,0,0,0,0,0,0,0,0,0,0,0,0,0,0,0,0,0
00221 features=473 size=1 p=5 tap=48 reset=true scheme=4 ops=3,1,3,1,3,1,1,1,1,1,3,1,3,0,1,3,3,3,3,1,3,3,1,3,1,3,3,3,3,1,1,1,3,3,1,1,3,1,3,3,3,1,1,1,1,1,1,3,1,1,3,1,3,3,3,3,2,1,1,1,3,1,3,1 ks=0,0,0,0,0,0,0,0,0,0,0,0,0,0,253,0,0,0,0,0,0,0,0,0,0,0,0,0,0,0,0,0,0,0,0,0,0,0,0,0,0,0,0,0,0,0,0,0,0,0,0,0,0,0,0,0,0,0,0,0,0,0,0,0
00222 features=703 size=11 p=10 tap=4 reset=true scheme=4 ops=3,3,1,1,3,3,3,3,3,3,3,3,3,3,3,3,3,3,3,3,3,3,3,3,3,3,3,3,3,3,3,3,3,1,3,3,3,3,3,1,3,3,3,3,1,3,3,1,1,3,1,3,3,1,1,3,3,1,3,1,3,3,3,3 ks=0,0,0,0,156,0,0,0,252,0,0,0,0,0,0,0,0,0,0,0,0,0,0,0,0,0,0,0,0,15,0,0,64,42,0,0,0,0,86,247,66,0,8,235,116,0,0,0,0,0,0,0,0,0,0,0,0,0,0,0,0,0,0,0
00223 features=852 size=28 p=1 tap=43 reset=false scheme=4 ops=2,2,0,1,0,2,1,0,1,1,3,1,3,2,1,1,3,3,0,2,3,2,1,0,0,0,1,2,1,0,1,1,3,0,1,1,3,0,3,3,3,0,2,1,1,2,1,2,2,1,0,2,3,2,0,3,0,0,0,3,1,1,2,2 ks=224,0,0,0,6,0,0,255,0,0,62,0,0,239,0,0,0,0,0,112,0,91,0,138,0,41,137,131,128,15,0,0,0,42,0,0,0,0,86,247,0,0,0,235,41,0,88,0,66,19,0,143,171,0,0,0,0,118,1,0,129,163,0,65
00224 features=692 size=7 p=2 tap=43 reset=false scheme=5 ops=0,3,0,3,0,3,0,0,0,0,3,0,3,0,0,3,3,3,0,3,3,0,3,0,0,3,0,3,3,1,0,0,3,0,2,2,3,0,3,3,3,0,0,0,3,0,0,0,0,0,0,3,3,3,0,3,0,0,0,3,0,0,0,3 ks=0,0,0,0,0,0,0,0,0,0,0,0,0,0,0,0,0,0,0,0,0,0,0,0,0,0,1,0,0,0,0,253,0,42,0,0,0,0,0,0,0,0,0,0,0,0,0,2,16,0,0,0,0,1,0,0,0,0,0,0,0,254,0,0
00225 features=793 size=26 p=2 tap=43 reset=false scheme=4 ops=2,2,0,2,0,2,3,0,1,1,3,1,0,2,0,3,3,3,0,2,3,2,1,0,3,3,3,2,0,0,0,0,3,0,2,2,3,0,3,3,3,0,2,2,0,2,3,1,2,0,2,2,3,2,0,3,0,0,1,2,2,0,0,2 ks=224,254,0,255,6,32,0,255,0,0,0,0,0,239,0,0,0,0,0,0,0,0,0,138,0,41,137,131,0,15,0,0,0,42,0,0,4,3,0,247,0,0,1,235,41,0,0,252,66,19,0,0,0,0,0,0,0,118,0,0,141,163,0,65
00226 features=637 size=14 p=10 tap=43 reset=false scheme=5 ops=2,2,0,1,0,2,1,0,1,1,3,1,3,2,1,1,3,3,0,2,3,2,0,0,1,0,1,2,1,0,1,1,3,2,1,3,3,3,3,1,3,3,3,3,1,2,1,2,2,1,0,2,3,2,0,3,0,0,0,2,1,1,0,2 ks=224,0,0,0,0,0,0,0,0,0,0,0,0,0,0,0,0,0,0,112,0,91,0,138,0,41,137,0,0,15,0,0,0,0,0,0,0,0,0,0,2,0,0,235,116,0,0,0,0,0,0,0,0,0,0,0,0,118,0,2,0,163,0,65
00227 features=806 size=26 p=2 tap=43 reset=false scheme=4 ops=2,2,0,2,0,2,3,0,1,1,3,1,3,2,0,3,3,3,0,2,1,2,1,2,3,3,3,2,0,0,0,0,3,0,2,2,3,0,0,3,3,0,2,2,0,0,3,2,2,0,0,2,3,2,0,3,0,0,1,2,2,0,0,2 ks=224,0,0,127,6,32,0,255,0,0,0,0,0,0,0,0,0,255,0,0,0,0,0,138,0,41,137,131,0,15,0,0,0,42,0,0,0,2,4,247,0,0,0,235,41,0,0,191,66,18,0,0,171,0,0,0,0,118,41,0,141,163,0,65
00228 features=776 size=4 p=2 tap=43 reset=true scheme=4 ops=3,3,3,3,3,3,1,1,1,3,3,3,3,2,3,3,3,3,3,3,3,3,3,3,3,3,3,3,3,1,3,3,3,3,3,3,3,3,3,3,3,3,3,3,1,3,1,1,1,1,3,1,3,1,3,3,3,3,3,1,3,1,3,3 ks=0,0,0,0,0,0,0,0,0,0,0,0,0,0,0,0,0,0,0,0,0,0,0,0,0,0,0,0,0,0,0,0,0,32,0,0,0,0,0,0,1,0,0,64,83,0,0,0,0,0,0,0,0,0,0,0,0,0,0,0,0,0,0,0
00229 features=914 size=7 p=2 tap=43 reset=true scheme=4 ops=2,2,2,3,3,3,0,0,0,0,3,0,3,3,1,3,3,3,0,2,3,2,3,3,3,3,2,2,3,2,2,2,3,3,3,3,3,2,3,3,3,3,2,3,2,2,2,2,2,2,2,2,3,2,2,3,2,3,3,2,3,2,3,2 ks=0,0,0,254,0,0,4,0,0,0,0,0,0,0,0,0,0,0,0,0,8,0,0,0,156,0,0,0,0,0,202,0,0,0,0,0,0,0,0,0,0,128,0,64,0,0,0,0,0,0,0,0,0,0,0,0,0,0,0,0,0,0,0,0
00230 features=910 size=23 p=2 tap=43 reset=true scheme=3 ops=3,0,0,0,0,3,0,0,0,0,3,0,3,3,3,3,3,3,0,0,3,0,3,0,0,3,3,3,3,0,3,3,3,0,3,0,3,0,3,3,3,0,3,3,0,0,0,0,0,3,0,0,3,0,0,3,0,0,0,0,3,0,0,3 ks=224,0,0,0,6,0,0,0,0,0,62,0,0,239,0,0,0,0,0,0,0,90,0,138,0,41,137,131,0,15,0,0,0,42,0,0,0,0,86,247,89,0,0,235,41,0,0,0,66,19,0,143,171,0,0,0,0,0,0,0,141,163,0,65
00231 features=761 size=26 p=2 tap=43 reset=false scheme=4 ops=2,2,0,2,0,2,3,0,2,2,3,0,3,2,0,2,3,3,0,2,3,2,3,0,3,3,3,2,0,0,0,0,3,0,2,2,3,0,3,3,3,0,2,2,0,2,3,1,2,0,0,2,3,2,2,3,0,0,0,2,2,0,0,2 ks=224,0,65,0,6,0,0,255,0,0,62,0,0,239,0,0,0,0,0,0,0,90,0,138,0,41,137,132,0,14,0,253,0,42,0,0,4,0,0,247,0,0,1,235,41,0,0,0,66,19,0,143,171,0,0,0,0,118,0,0,141,163,0,0
00232 features=645 size=21 p=2 tap=43 reset=false scheme=4 ops=2,2,0,1,0,2,1,0,1,1,3,1,3,2,1,1,3,3,0,2,3,2,3,3,3,3,3,3,3,3,3,1,3,0,1,1,3,0,3,3,3,0,2,1,1,2,1,2,2,1,0,2,3,2,0,3,0,0,0,2,1,1,0,2 ks=224,0,0,0,6,0,0,255,0,0,62,0,0,239,0,127,0,0,0,0,0,90,0,0,0,0,0,0,0,15,0,0,0,42,0,0,0,0,86,247,0,0,0,235,41,0,0,0,66,19,0,143,171,0,0,0,0,118,0,0,141,163,0,65
00233 features=925 size=24 p=2 tap=34 reset=true scheme=3 ops=2,2,2,2,0,2,3,0,2,2,3,0,3,2,0,3,3,3,0,2,3,2,3,0,3,3,3,2,0,0,0,0,3,0,2,2,3,0,3,3,3,0,2,2,0,2,3,2,2,0,0,2,3,2,0,3,0,0,0,2,2,0,0,2 ks=224,21,0,0,6,0,0,255,0,0,62,0,0,239,0,0,0,0,0,0,0,90,0,138,0,41,137,131,0,0,0,254,0,42,0,0,0,0,0,247,0,0,0,235,41,0,0,0,66,19,0,41,171,0,0,0,0,118,0,0,141,163,0,65
00234 features=875 size=6 p=10 tap=43 reset=true scheme=4 ops=2,2,0,2,0,2,3,0,2,2,3,1,3,1,2,2,3,3,3,2,3,2,3,3,2,3,1,2,0,3,0,0,3,0,2,2,3,0,3,3,3,0,2,2,0,2,3,2,2,2,0,2,3,2,0,3,0,0,0,2,2,0,0,2 ks=0,0,0,0,0,0,0,0,0,0,0,0,0,0,0,0,0,0,0,253,0,0,0,0,0,0,0,0,0,0,0,0,0,106,0,0,0,0,0,247,0,0,128,128,41,0,0,0,0,0,0,0,0,0,0,0,0,0,0,0,0,0,0,0
00235 features=392 size=2 p=5 tap=5 reset=true scheme=2 ops=3,1,3,1,3,1,0,1,1,1,3,1,3,1,1,3,3,3,3,1,3,3,1,3,1,3,3,3,3,1,1,1,3,3,1,1,3,1,3,3,3,1,1,1,1,1,1,3,1,1,3,1,3,3,3,3,1,1,1,1,3,1,3,1 ks=0,0,0,0,248,0,0,0,0,0,0,0,0,0,0,0,0,0,0,0,0,0,0,0,0,0,0,0,0,0,0,0,0,0,0,0,0,0,0,0,255,0,0,0,0,0,0,0,0,0,0,0,0,0,0,0,0,0,0,0,0,0,0,0
00236 features=748 size=26 p=2 tap=43 reset=false scheme=4 ops=2,2,0,2,0,2,3,0,1,1,3,1,3,2,0,3,3,3,0,2,3,2,3,0,3,3,3,2,0,0,0,0,3,0,2,2,3,0,3,3,3,0,2,2,0,2,3,2,2,0,0,2,3,2,0,3,0,0,0,2,2,0,0,2 ks=224,0,0,255,6,0,0,255,0,0,0,0,0,239,0,0,255,0,0,0,0,90,0,138,0,41,137,131,0,15,0,0,0,42,0,0,0,2,4,247,0,0,0,235,41,0,0,0,66,19,0,143,171,0,0,0,0,255,0,0,141,163,0,65
00237 features=648 size=15 p=1 tap=43 reset=false scheme=1 ops=0,3,0,3,0,0,3,0,0,0,3,0,3,3,0,3,3,3,0,3,3,0,3,3,3,3,3,0,3,3,3,0,3,3,3,3,3,0,3,3,3,0,3,0,0,0,3,3,3,0,0,0,0,3,0,3,0,0,0,3,3,0,0,0 ks=224,1,0,255,0,0,0,212,0,0,0,0,0,239,0,0,0,0,0,0,0,0,0,0,0,0,0,0,0,0,0,0,0,0,0,0,0,255,0,247,0,0,2,235,41,0,0,0,66,19,0,0,171,0,0,0,0,255,0,0,0,0,0,65
00238 features=749 size=24 p=2 tap=43 reset=false scheme=2 ops=2,2,0,2,0,2,3,0,1,1,3,1,3,2,0,3,3,3,0,2,3,2,3,0,3,3,3,2,0,0,0,0,3,0,2,2,3,0,3,3,3,0,2,2,0,2,3,2,2,0,0,2,3,2,0,3,0,0,0,3,2,0,0,2 ks=224,0,0,255,6,0,0,212,0,0,0,0,0,239,0,0,0,0,0,0,0,90,0,138,0,41,137,131,0,15,0,0,0,42,0,0,0,196,0,247,0,0,2,235,41,0,0,0,66,19,0,143,0,0,0,0,0,255,0,0,141,161,0,65
00239 features=825 size=27 p=2 tap=43 reset=false scheme=4 ops=2,2,0,2,0,2,3,0,1,1,3,1,3,2,0,3,3,3,0,2,3,2,1,0,3,3,3,2,0,0,0,0,3,0,2,2,3,0,3,3,3,0,2,2,0,0,3,2,2,0,0,2,3,2,0,3,0,0,1,2,2,0,0,2 ks=0,0,0,127,6,32,0,255,0,0,0,0,0,239,0,0,0,255,0,0,0,0,0,138,0,41,137,131,0,15,0,0,0,42,0,0,0,2,4,247,0,0,0,235,41,0,252,0,66,19,40,0,171,0,0,0,0,118,41,0,141,163,0,65
00240 features=738 size=9 p=2 tap=43 reset=false scheme=4 ops=0,3,0,3,0,3,0,0,0,0,2,0,3,0,0,3,3,3,0,3,3,0,3,0,0,3,0,3,3,1,0,3,3,0,0,0,3,0,3,3,3,0,0,0,3,0,0,0,0,0,0,3,3,3,0,3,0,0,0,3,0,0,0,3 ks=0,0,0,0,0,0,0,0,0,0,0,0,0,0,0,0,0,0,0,0,0,0,0,0,91,0,1,0,0,0,0,0,0,0,0,0,0,0,0,16,0,0,0,0,0,0,0,2,16,127,0,0,0,1,0,0,0,0,158,0,0,254,0,0
00241 features=643 size=7 p=10 tap=43 reset=true scheme=4 ops=3,2,1,1,3,3,3,3,3,3,3,3,3,3,3,3,3,3,3,3,3,3,3,3,3,3,3,3,3,0,3,3,3,0,3,0,3,0,3,3,3,0,1,1,1,3,1,3,1,1,0,3,3,1,1,3,0,0,0,2,1,1,0,2 ks=0,0,0,0,0,0,0,0,0,0,0,0,0,0,0,2,0,0,0,0,0,0,0,252,0,0,0,1,0,15,0,0,0,42,0,0,0,0,86,247,0,0,0,0,0,0,0,0,0,0,0,0,0,0,0,0,0,0,0,0,0,0,0,0
00242 features=420 size=27 p=2 tap=34 reset=true scheme=3 ops=1,1,1,1,1,1,1,1,1,1,1,1,1,1,1,1,1,1,1,1,1,1,1,1,1,1,1,1,1,1,1,1,1,1,1,1,1,1,1,1,1,1,1,1,1,1,1,1,1,1,1,1,1,1,1,1,1,1,1,1,1,1,1,1 ks=224,21,0,0,6,0,0,255,0,0,62,0,0,239,219,0,0,0,0,0,0,90,4,138,0,41,137,139,0,0,0,254,0,42,0,0,0,0,0,247,0,0,0,235,41,0,0,32,66,19,0,41,171,0,0,0,0,118,0,0,141,163,0,193
00243 features=771 size=4 p=2 tap=22 reset=true scheme=2 ops=2,2,3,3,3,3,3,3,3,3,3,2,3,3,3,3,3,3,3,2,3,2,3,2,3,3,3,2,3,2,2,2,3,3,3,3,3,2,3,3,3,3,2,3,2,2,2,2,2,2,2,2,3,2,2,3,2,0,0,0,3,0,0,3 ks=0,0,0,0,0,0,0,0,0,0,0,32,0,0,0,0,0,4,0,0,0,0,0,0,0,0,0,0,0,0,0,0,0,0,0,0,0,0,0,0,0,0,0,0,0,0,0,0,0,0,0,0,0,0,0,0,0,0,0,0,0,163,0,65
00244 features=524 size=5 p=10 tap=43 reset=true scheme=4 ops=3,3,1,1,3,3,3,3,3,3,3,3,3,3,3,3,3,3,3,3,3,3,3,3,3,3,3,3,3,3,3,3,3,1,3,1,3,1,3,1,3,3,3,1,1,3,1,3,1,1,1,3,3,1,1,3,3,1,3,1,3,3,3,3 ks=0,0,0,0,0,0,0,0,0,0,0,0,0,0,0,2,0,0,0,0,0,0,252,0,0,0,0,0,16,15,0,0,0,42,0,0,0,0,0,0,0,0,0,0,0,0,0,0,0,0,0,0,0,0,0,0,0,0,0,0,0,0,0,0
00245 features=776 size=18 p=1 tap=43 reset=false scheme=4 ops=2,0,0,2,0,2,3,0,1,1,3,1,3,2,1,3,3,3,0,2,3,2,1,2,3,3,3,2,0,0,0,0,3,0,2,2,3,0,3,3,3,0,2,2,0,2,3,2,2,0,0,2,0,2,0,3,0,0,0,2,2,0,2,2 ks=224,0,0,0,6,0,0,0,0,0,0,0,0,0,0,0,0,0,0,0,0,0,0,0,0,0,137,131,32,15,0,0,0,42,0,0,0,0,0,247,0,0,0,235,41,0,0,0,66,19,0,0,171,0,0,0,0,118,0,0,141,163,249,65
00246 features=895 size=8 p=2 tap=43 reset=true scheme=4 ops=2,2,2,3,3,3,0,0,0,0,3,2,3,2,3,3,3,3,3,2,3,2,3,2,1,3,3,2,3,2,2,2,3,3,3,3,3,2,3,3,3,2,2,3,2,2,1,2,2,2,2,2,3,2,2,3,3,3,3,2,3,2,3,2 ks=0,0,0,254,0,0,0,0,0,0,0,0,0,0,0,0,0,0,0,0,0,0,0,0,156,0,32,0,0,0,0,0,0,0,0,0,0,0,0,0,0,0,0,64,4,0,0,253,0,0,0,0,0,0,255,0,128,0,0,0,0,0,0,0
00247 features=788 size=25 p=2 tap=43 reset=false scheme=4 ops=2,2,0,2,0,2,3,0,2,2,3,0,3,2,0,3,3,3,0,2,3,2,3,0,3,3,3,2,0,0,0,0,3,0,2,2,3,0,3,3,3,0,2,2,0,2,3,2,2,0,0,2,3,2,0,3,0,0,0,2,2,0,0,2 ks=224,0,32,0,6,0,0,255,0,0,62,0,0,239,0,0,0,0,0,0,0,90,0,138,0,106,137,131,0,15,0,0,0,42,0,0,0,0,0,247,0,32,0,235,41,0,0,0,66,19,0,143,171,0,0,0,0,118,0,0,141,163,0,65
00248 features=685 size=5 p=10 tap=43 reset=true scheme=4 ops=3,3,1,1,3,3,3,3,3,3,1,3,3,3,3,3,3,3,3,3,3,3,3,3,1,3,3,3,3,3,3,3,3,2,3,3,3,3,3,1,3,3,1,3,1,3,3,1,1,3,2,3,3,1,1,3,3,1,3,1,3,3,3,2 ks=0,0,0,0,0,0,0,0,0,0,0,0,0,0,0,0,0,0,0,0,0,0,0,0,0,0,0,0,0,15,0,0,0,0,0,0,0,0,86,247,2,0,0,235,0,0,0,0,0,0,0,0,0,0,0,0,0,0,0,0,0,0,0,0
00249 features=639 size=5 p=2 tap=43 reset=true scheme=2 ops=3,3,1,1,3,2,3,3,3,3,3,0,3,2,2,2,3,3,3,3,3,3,3,3,3,3,3,3,3,3,3,3,3,3,3,3,3,3,3,1,3,3,3,3,1,3,3,1,1,3,1,3,3,1,1,3,3,1,3,1,3,3,1,3 ks=0,0,0,0,0,0,0,0,0,0,0,0,0,0,0,0,0,0,0,0,0,0,0,0,0,0,0,0,0,0,0,0,0,39,0,0,0,0,86,247,2,0,0,235,0,0,0,0,0,0,0,0,0,0,0,0,0,0,0,0,0,0,0,0
00250 features=847 size=13 p=2 tap=43 reset=true scheme=3 ops=3,0,0,0,0,3,0,0,2,2,3,3,3,2,0,3,3,3,0,0,3,0,3,0,0,3,3,3,3,0,0,0,3,0,2,0,3,0,3,1,3,0,3,3,0,0,0,0,0,3,0,0,3,0,0,3,0,0,0,0,3,0,0,3 ks=0,0,0,0,0,0,0,255,0,0,62,0,0,239,0,0,0,0,0,0,0,90,0,138,0,0,0,0,0,0,0,0,0,42,0,2,0,0,86,247,89,2,0,235,41,0,0,0,0,0,0,0,0,0,0,0,0,0,0,0,0,0,0,0
00251 features=764 size=24 p=2 tap=43 reset=false scheme=4 ops=2,2,0,2,0,2,3,0,1,1,3,1,3,2,0,3,3,3,0,2,3,2,3,0,3,3,3,2,0,0,0,0,3,0,2,2,3,0,3,3,3,0,2,2,3,0,0,0,0,3,0,2,3,2,0,3,0,0,0,2,2,0,0,2 ks=224,0,0,255,6,0,0,255,1,0,0,0,0,239,0,0,0,0,0,0,0,90,0,170,0,0,137,131,0,15,0,0,0,42,0,0,0,2,4,255,0,0,0,235,41,0,0,0,0,0,0,143,171,0,0,0,0,118,0,2,141,163,0,65
00252 features=741 size=19 p=2 tap=34 reset=false scheme=4 ops=2,2,0,2,0,2,3,0,2,2,3,0,3,2,1,3,3,3,3,1,2,3,1,0,1,3,1,2,1,0,0,0,3,0,2,2,3,0,3,3,3,0,2,2,0,2,3,2,2,0,0,2,3,2,0,3,0,0,0,2,2,0,0,2 ks=224,0,0,0,0,0,0,255,0,0,62,0,0,0,253,1,0,0,0,0,0,0,0,0,0,0,0,0,0,0,149,0,0,42,0,32,0,0,0,247,0,0,0,235,41,0,0,0,0,19,0,143,171,2,0,0,0,118,0,0,141,163,0,65
00253 features=920 size=5 p=2 tap=43 reset=true scheme=4 ops=2,2,2,3,3,3,3,3,2,3,3,2,3,2,3,3,3,3,3,2,3,2,3,3,3,3,3,2,3,2,2,2,3,3,3,3,3,2,3,3,3,3,2,3,2,2,2,2,2,2,2,2,3,2,2,3,3,3,3,2,3,2,3,2 ks=0,0,0,0,0,0,0,0,0,0,0,0,0,0,0,0,0,0,0,0,0,90,0,138,0,41,32,0,0,0,0,0,0,0,0,0,0,0,0,0,0,0,0,64,0,0,0,0,0,0,0,0,0,0,0,0,0,0,0,0,0,0,0,0
00254 features=908 size=4 p=2 tap=43 reset=true scheme=4 ops=3,3,3,3,3,3,3,0,0,3,3,3,3,0,3,3,3,3,0,0,3,3,3,0,3,3,3,3,3,3,3,3,3,3,3,3,3,3,3,3,3,3,3,3,3,0,3,3,3,0,3,3,3,0,3,3,3,3,3,0,3,3,3,3 ks=0,0,0,0,0,0,0,0,0,0,0,0,0,0,0,0,0,0,0,0,0,0,0,0,0,0,0,0,0,0,0,0,0,32,0,0,0,0,0,0,1,0,0,64,83,0,0,0,0,0,0,0,0,0,0,0,0,0,0,0,0,0,0,0
00255 features=845 size=26 p=2 tap=43 reset=false scheme=4 ops=2,2,0,2,0,2,3,0,2,2,3,0,3,2,0,3,3,3,0,2,3,2,3,0,0,3,3,2,0,0,0,0,3,0,2,2,3,0,3,3,3,0,2,2,0,2,3,2,2,0,0,2,3,2,0,3,0,0,0,2,2,0,0,2 ks=224,0,65,0,6,0,0,255,0,0,62,0,253,239,0,0,0,0,0,0,0,90,0,138,0,57,137,131,0,15,0,0,0,42,0,0,0,0,0,247,0,0,0,235,41,208,0,0,66,19,0,143,171,0,0,0,0,118,0,0,141,163,0,65
00256 features=714 size=23 p=5 tap=43 reset=false scheme=3 ops=2,2,2,3,3,3,0,0,1,1,3,1,3,2,0,3,3,3,0,2,3,2,3,0,3,3,3,2,0,0,0,0,3,0,2,2,2,0,3,3,3,0,2,2,0,2,3,2,2,0,0,2,3,2,0,0,0,0,0,2,2,0,0,2 ks=206,0,0,0,0,0,0,0,0,0,0,0,0,239,0,0,2,0,0,0,0,90,0,138,0,41,137,131,0,15,0,0,0,128,0,0,0,2,4,247,0,0,0,235,41,0,0,0,66,19,0,143,171,0,0,0,0,255,0,0,141,163,0,65
00257 features=690 size=4 p=10 tap=4 reset=true scheme=4 ops=3,3,1,1,3,3,3,3,3,3,3,3,3,3,3,3,3,3,3,3,3,3,3,3,3,3,3,3,3,3,3,3,3,1,3,3,3,3,3,1,3,3,3,3,1,3,3,1,1,3,1,3,3,1,1,3,3,1,3,1,3,3,3,3 ks=0,0,0,0,156,0,0,0,0,0,0,0,0,0,0,0,0,0,0,0,0,0,0,0,0,0,0,0,0,0,0,0,0,0,0,0,0,0,0,0,66,0,8,0,0,0,0,0,0,0,0,0,0,0,0,0,0,0,0,127,0,0,0,0
00258 features=778 size=18 p=1 tap=43 reset=false scheme=4 ops=2,0,0,2,0,2,3,0,1,1,3,1,3,2,1,3,3,3,0,2,3,2,1,2,3,3,3,2,0,0,0,0,3,0,2,2,3,0,3,3,3,0,2,2,0,2,3,2,2,0,0,2,0,2,1,3,0,0,0,2,2,0,0,2 ks=224,0,0,0,6,0,0,0,0,0,0,64,0,0,0,0,0,0,0,0,0,0,0,0,0,0,137,131,32,15,0,0,0,42,0,0,0,0,0,247,0,0,0,235,41,0,0,0,66,19,0,0,171,0,0,0,0,118,0,0,141,53,0,65
00259 features=805 size=25 p=2 tap=43 reset=false scheme=4 ops=2,2,0,2,0,2,3,0,1,1,3,1,3,2,0,3,3,3,0,2,1,2,1,2,3,3,3,2,0,0,0,0,3,0,2,2,3,0,0,3,3,0,2,2,0,0,3,2,2,0,2,2,3,2,1,3,0,0,1,2,2,0,0,2 ks=224,0,0,127,6,32,0,255,0,0,0,0,0,0,0,0,0,255,0,0,0,0,0,128,0,41,137,131,0,15,0,0,0,42,0,0,0,2,4,247,0,0,0,235,41,0,0,191,255,18,0,0,0,0,0,1,0,118,41,0,141,0,0,65
00260 features=832 size=10 p=1 tap=43 reset=true scheme=4 ops=1,2,0,2,0,2,3,0,1,1,3,1,3,3,3,3,3,3,3,3,3,3,3,3,3,3,3,2,0,0,0,0,3,0,2,2,3,0,3,3,3,0,2,2,0,0,0,0,0,3,0,2,3,2,0,3,0,0,3,1,3,3,3,3 ks=0,0,0,0,0,0,0,0,0,0,0,0,0,0,0,2,0,0,0,0,0,0,252,0,0,0,0,131,0,15,0,0,0,42,0,0,0,1,4,2,0,0,0,235,42,0,0,0,0,0,0,0,0,0,0,0,0,0,0,0,0,0,0,0
00261 features=935 size=29 p=2 tap=43 reset=true scheme=4 ops=2,2,0,2,0,2,3,0,1,1,3,1,3,2,0,3,3,3,0,2,3,2,1,0,3,3,3,2,0,0,0,0,3,0,2,2,3,0,3,3,3,0,2,2,0,2,3,2,2,0,0,2,3,2,0,3,0,0,1,2,2,0,0,2 ks=224,254,0,255,6,32,121,255,0,0,0,0,0,239,0,0,0,255,0,0,0,0,0,138,0,41,137,131,0,15,0,0,0,42,0,0,0,126,4,247,0,0,0,235,41,0,0,0,66,19,0,143,171,0,0,135,0,118,0,0,141,163,0,65
00262 features=698 size=5 p=2 tap=43 reset=false scheme=5 ops=0,3,0,3,0,3,0,0,0,0,3,0,3,0,0,3,3,3,0,3,3,0,3,0,0,3,0,3,3,0,0,1,3,0,0,0,3,0,3,3,3,0,0,0,3,0,0,0,0,0,0,3,3,3,0,3,0,0,0,3,0,0,0,3 ks=0,0,0,0,0,0,0,0,0,0,0,0,0,0,0,0,0,0,0,0,0,0,0,0,91,0,1,0,0,0,0,0,0,0,0,0,0,0,0,0,0,0,0,0,0,0,0,2,16,0,0,0,0,0,0,0,0,0,0,0,0,254,0,0
00263 features=767 size=18 p=1 tap=43 reset=false scheme=4 ops=2,0,0,2,0,2,3,0,1,1,3,1,3,2,1,3,3,3,0,2,3,2,1,2,3,3,3,2,0,0,0,0,3,0,2,2,3,0,3,3,3,0,2,2,0,2,3,2,2,0,0,2,0,2,0,3,0,0,0,2,2,0,2,2 ks=224,0,0,0,6,0,0,0,0,0,0,0,0,0,0,0,0,0,0,0,0,0,0,0,0,0,137,131,216,15,0,0,0,42,0,0,0,0,0,247,0,0,0,235,41,0,0,0,66,19,0,0,171,0,0,0,0,118,0,0,141,163,249,65
00264 features=670 size=14 p=10 tap=43 reset=false scheme=5 ops=2,2,0,1,0,2,1,0,1,1,3,1,3,2,1,1,3,3,0,2,3,2,0,0,1,0,1,2,1,0,1,1,3,2,1,3,3,3,3,1,3,3,3,3,0,0,0,3,2,1,0,2,3,2,0,3,0,0,0,2,1,1,0,2 ks=224,0,0,0,0,0,0,0,0,0,0,0,0,0,0,0,0,0,0,112,0,91,0,138,0,41,137,0,0,15,0,0,0,0,0,0,0,0,0,0,2,0,0,235,0,0,0,0,0,0,0,0,0,0,0,0,0,1,0,2,253,163,0,65
00265 features=881 size=4 p=2 tap=43 reset=true scheme=4 ops=2,2,0,2,3,1,1,1,1,1,3,0,3,3,1,3,3,3,0,2,3,2,3,3,3,3,2,2,3,2,2,2,3,3,3,3,3,2,3,3,3,3,2,3,2,2,2,2,2,2,2,2,3,2,2,3,2,3,3,2,3,2,3,2 ks=0,0,0,0,0,0,0,0,0,0,0,0,0,0,0,0,0,0,0,0,0,0,0,0,0,0,0,0,0,0,0,0,0,8,0,0,0,0,0,0,0,92,127,64,0,0,0,0,0,0,0,0,0,0,0,0,0,0,0,0,0,0,0,0
00266 features=792 size=28 p=2 tap=43 reset=false scheme=4 ops=2,2,0,2,0,2,3,0,1,1,3,1,3,2,0,3,3,3,0,2,3,2,1,0,3,3,3,2,0,0,0,0,3,0,2,2,3,0,3,3,3,0,2,2,0,0,3,2,2,0,0,2,3,2,0,3,0,0,1,2,2,0,0,2 ks=224,64,0,127,6,32,0,255,0,0,0,0,0,239,0,0,0,255,0,0,0,0,0,138,0,41,137,131,0,15,0,0,0,42,0,0,0,2,4,247,0,0,0,235,41,0,0,0,66,19,0,143,171,0,0,0,0,118,41,0,141,163,0,65
00267 features=593 size=14 p=10 tap=56 reset=false scheme=4 ops=2,2,0,1,3,2,1,0,1,1,3,1,3,2,1,1,3,3,0,2,3,2,0,0,1,0,1,2,1,0,1,1,3,2,1,3,3,3,3,1,3,3,3,3,1,2,1,2,2,1,0,2,3,2,0,3,0,0,0,2,1,1,0,2 ks=0,0,0,0,6,0,0,0,0,0,0,0,0,239,0,0,0,0,0,112,0,91,0,138,0,41,0,131,0,15,0,0,0,0,0,0,0,0,86,0,2,0,0,235,116,0,0,0,0,0,0,143,0,0,0,0,0,0,0,0,132,0,0,0
00268 features=773 size=25 p=1 tap=43 reset=false scheme=4 ops=1,2,0,2,0,2,3,0,1,1,3,1,3,2,0,3,3,3,0,2,3,2,3,0,3,3,3,2,0,0,0,0,3,0,2,2,3,0,3,3,3,0,2,2,0,0,0,0,0,3,0,2,3,2,0,3,0,0,3,2,2,0,0,2 ks=224,0,0,255,6,0,0,254,0,0,0,0,0,239,0,3,0,0,0,0,0,90,0,138,0,41,137,131,0,15,0,0,0,42,0,0,0,2,4,2,0,0,0,235,41,0,0,0,0,0,8,143,0,0,0,24,0,118,0,130,141,163,0,0
00269 features=918 size=8 p=5 tap=43 reset=true scheme=4 ops=2,2,2,3,3,3,0,0,0,0,3,2,3,0,3,3,3,3,3,2,3,2,3,2,3,3,2,2,3,2,2,2,3,3,3,3,3,2,3,3,3,3,2,3,2,2,2,2,2,2,2,2,3,2,2,3,3,3,3,2,3,2,3,2 ks=0,0,0,254,0,0,0,0,0,0,0,0,0,0,0,0,0,0,0,0,8,0,0,0,156,0,32,0,0,0,202,0,0,0,0,0,0,0,0,0,0,0,0,64,0,0,0,253,0,0,0,0,0,0,0,0,128,0,0,0,0,0,0,0
00270 features=860 size=6 p=2 tap=43 reset=true scheme=4 ops=2,2,2,3,3,3,0,0,0,0,3,0,3,3,1,3,3,3,0,2,3,2,3,3,3,3,2,2,3,2,2,2,3,3,3,3,3,2,3,3,3,3,2,3,2,2,2,2,2,2,2,2,3,2,2,3,2,3,3,1,3,2,3,2 ks=0,0,0,254,0,0,4,0,0,0,0,0,0,0,0,0,0,0,0,0,8,0,0,0,156,0,0,0,0,0,202,0,0,0,0,0,0,0,0,0,0,0,0,60,0,0,0,0,0,0,0,0,0,0,0,0,0,0,0,0,0,0,0,0
00271 features=787 size=25 p=5 tap=43 reset=false scheme=1 ops=2,2,0,2,0,2,3,0,2,2,3,0,3,2,0,3,3,3,0,1,3,2,3,0,3,3,3,2,0,3,0,0,3,0,2,2,3,0,3,3,3,0,2,2,0,2,3,2,2,0,0,2,3,2,0,3,0,0,0,2,2,0,0,2 ks=0,1,0,0,6,0,0,255,0,0,62,0,0,37,0,0,0,0,0,0,0,90,0,138,0,41,137,131,0,15,0,0,0,42,0,0,0,0,0,247,0,0,0,235,41,208,0,29,66,19,0,143,171,0,0,0,0,118,0,0,141,163,0,65
00272 features=636 size=10 p=2 tap=43 reset=true scheme=4 ops=3,3,3,1,1,3,1,1,1,1,3,1,3,1,1,3,3,3,3,1,3,3,1,3,1,3,1,3,1,3,1,1,3,3,1,1,3,1,3,3,3,3,1,1,1,1,1,3,1,0,0,2,3,2,0,3,0,0,1,2,2,1,3,1 ks=0,0,0,0,0,0,0,0,0,255,0,0,0,255,53,0,0,0,0,0,0,0,0,213,0,0,0,0,0,0,0,0,0,0,0,0,0,0,0,0,0,0,0,0,0,0,0,16,0,0,0,143,171,0,0,0,0,118,0,128,141,0,0,0
00273 features=814 size=20 p=2 tap=43 reset=false scheme=4 ops=2,2,0,2,0,2,3,0,1,1,3,1,3,2,0,3,3,3,0,2,1,2,1,2,3,3,3,2,0,0,0,0,3,0,2,2,3,0,3,3,3,0,2,2,3,3,3,3,3,0,0,2,3,2,0,3,0,0,1,2,2,0,0,2 ks=224,0,0,127,6,32,0,255,0,0,0,0,0,0,0,0,0,255,0,0,0,0,0,138,0,41,137,131,0,15,0,0,0,42,0,0,0,0,0,247,0,0,128,235,0,0,0,0,0,0,0,0,0,0,0,0,0,118,41,0,141,163,0,65
00274 features=697 size=8 p=2 tap=56 reset=true scheme=4 ops=3,3,1,1,3,3,3,3,3,3,3,3,3,3,3,3,3,3,3,3,3,3,3,3,3,3,3,3,3,3,3,3,3,1,3,3,2,3,3,1,3,3,3,3,1,0,3,1,1,3,1,3,3,1,1,3,3,1,3,1,3,3,3,3 ks=0,0,0,0,0,0,0,0,128,0,0,0,0,0,0,0,0,0,0,92,0,0,0,0,0,0,0,0,0,15,0,0,0,42,0,0,0,0,124,0,2,0,0,127,0,254,0,0,0,0,0,0,0,0,0,0,0,0,0,0,0,0,0,0
00275 features=851 size=12 p=2 tap=43 reset=true scheme=4 ops=3,3,0,0,0,0,3,0,3,3,3,3,3,3,0,3,3,3,0,3,3,3,3,0,3,3,3,0,0,0,0,0,3,0,0,0,3,0,3,3,3,0,3,3,0,3,3,0,3,0,0,0,3,0,0,3,0,0,0,3,3,0,0,3 ks=0,0,0,0,0,0,0,255,0,0,0,0,0,0,0,0,0,255,0,254,0,0,0,138,0,41,0,131,0,0,0,0,0,42,0,2,0,2,4,0,0,0,0,235,41,0,0,0,0,0,0,0,0,0,0,0,0,0,0,0,0,0,0,0
00276 features=718 size=8 p=5 tap=43 reset=true scheme=5 ops=3,3,1,1,3,3,3,3,3,3,3,3,3,3,3,3,3,3,3,3,3,3,3,3,3,3,3,3,2,3,3,3,3,1,3,3,2,3,3,1,3,3,3,3,1,0,1,2,2,1,0,2,3,2,0,3,0,0,0,1,1,1,0,3 ks=0,0,0,0,0,0,0,0,0,2,0,0,0,0,0,0,0,0,0,0,0,0,252,0,0,0,0,0,0,15,0,0,0,42,0,0,0,0,124,0,2,0,0,235,0,254,0,0,0,0,0,0,0,0,0,0,0,0,0,0,0,0,0,0
00277 features=904 size=3 p=2 tap=43 reset=true scheme=4 ops=2,2,2,3,3,2,3,2,3,2,3,2,3,3,3,3,3,3,1,0,3,2,3,2,3,3,3,2,3,2,0,2,3,3,3,3,3,2,3,3,3,3,2,3,2,2,2,2,2,2,2,2,3,2,2,3,2,3,3,2,3,2,3,2 ks=0,0,0,0,0,0,0,0,0,32,0,0,0,0,0,0,0,0,0,0,0,0,0,0,0,0,0,0,0,0,0,0,0,0,0,0,0,0,104,0,0,0,0,64,0,0,0,0,0,0,0,0,0,0,0,0,0,0,0,0,0,0,0,0
00278 features=796 size=23 p=2 tap=43 reset=false scheme=4 ops=2,2,0,2,0,2,3,0,2,2,3,0,3,2,0,0,3,3,0,3,3,2,3,0,3,3,3,2,0,0,0,0,3,0,2,2,3,0,3,3,3,0,2,2,0,2,3,2,2,0,0,2,3,2,0,3,0,0,0,2,2,0,0,2 ks=224,0,0,0,10,0,0,253,0,0,62,0,0,239,0,0,0,0,0,0,0,90,0,138,0,41,137,131,0,15,0,0,0,42,0,0,0,0,0,247,0,0,0,235,41,0,0,0,66,19,0,143,171,0,0,0,0,118,0,0,141,163,0,65
00279 features=637 size=14 p=10 tap=56 reset=false scheme=4 ops=2,2,0,1,3,2,1,0,1,1,3,1,3,2,1,1,3,3,0,2,3,2,0,0,1,0,1,2,1,0,1,1,3,2,1,3,3,3,3,1,3,3,3,3,1,2,1,2,2,1,0,2,3,2,0,3,0,0,0,2,1,1,0,2 ks=0,0,0,0,6,0,0,0,0,0,0,0,0,239,0,0,0,0,0,0,0,91,0,138,0,41,0,131,0,15,0,0,0,0,0,0,0,0,86,0,2,0,0,235,116,0,0,0,0,19,0,143,0,0,0,0,0,0,0,0,132,0,0,0
00280 features=662 size=17 p=10 tap=43 reset=false scheme=4 ops=2,2,0,1,3,2,1,0,1,1,3,1,3,2,1,1,3,3,0,2,3,2,0,0,1,0,1,2,1,0,1,1,3,2,1,3,3,3,3,1,3,3,3,3,1,2,1,2,2,1,0,2,3,2,0,3,0,0,0,2,1,1,0,2 ks=0,0,0,0,6,0,0,0,0,0,0,0,0,239,0,0,0,0,0,112,0,91,0,138,0,41,0,131,0,15,0,2,0,0,0,0,0,0,86,0,2,0,0,235,116,0,0,0,66,0,0,143,0,0,0,0,0,0,0,0,132,0,0,65
00281 features=814 size=26 p=2 tap=43 reset=false scheme=4 ops=2,2,0,2,0,2,3,0,2,2,3,0,3,2,0,3,3,3,0,2,3,2,3,0,3,3,3,2,0,0,0,0,3,0,2,2,3,0,3,3,3,0,2,2,0,2,3,2,2,0,0,2,3,2,0,3,0,0,0,2,2,0,0,2 ks=224,0,65,0,6,0,0,255,0,0,62,0,0,239,0,0,0,0,0,0,0,90,0,138,0,57,137,131,0,15,0,0,0,42,0,0,0,0,0,247,0,0,0,235,41,208,0,255,66,19,0,143,171,0,0,0,0,118,0,0,141,163,0,73
00282 features=793 size=23 p=2 tap=43 reset=false scheme=4 ops=2,2,0,2,0,2,3,0,2,2,3,0,3,2,0,3,3,3,0,2,3,2,3,0,3,3,3,2,0,0,0,0,3,0,2,2,3,0,3,3,3,0,2,2,0,2,3,2,2,0,0,2,3,2,0,3,0,0,0,2,2,0,2,2 ks=224,0,0,0,6,0,0,255,0,0,128,0,0,239,0,0,0,0,0,0,0,90,0,138,0,41,137,131,0,15,0,0,0,42,0,0,0,0,0,247,0,0,0,235,41,0,0,0,66,19,0,143,171,0,0,0,0,118,0,0,141,163,0,65
00283 features=649 size=4 p=2 tap=43 reset=false scheme=2 ops=2,2,2,3,3,3,0,0,0,0,3,2,3,2,3,3,3,3,3,2,3,2,3,2,3,3,3,2,3,2,2,2,3,2,2,2,3,2,3,3,3,3,2,3,2,2,2,2,2,2,2,2,3,3,2,3,3,3,3,2,3,2,3,2 ks=0,0,0,0,0,0,0,0,0,0,0,0,0,0,0,0,0,0,0,0,0,0,0,0,0,0,32,0,0,238,1,0,0,0,0,0,0,0,0,0,0,0,0,64,0,0,0,0,0,0,0,0,0,0,0,0,0,0,0,0,0,0,0,0
00284 features=724 size=7 p=2 tap=43 reset=false scheme=1 ops=2,2,0,2,0,2,3,0,1,1,3,1,3,2,0,3,3,3,0,0,3,2,1,0,3,3,3,2,0,0,0,0,3,0,2,2,3,0,3,3,3,0,2,2,0,0,3,2,2,0,0,2,3,2,0,3,0,0,1,2,2,0,0,2 ks=0,0,0,0,0,0,0,0,0,0,0,0,0,0,0,0,0,0,0,0,0,0,0,0,0,0,0,0,0,0,0,254,0,42,0,0,0,2,4,247,0,0,0,235,41,0,0,0,0,0,0,0,0,0,0,0,0,0,0,0,0,0,0,0
00285 features=849 size=25 p=2 tap=43 reset=false scheme=1 ops=2,2,0,2,0,2,3,0,2,2,3,0,3,2,0,3,3,3,0,2,3,2,3,0,0,3,3,2,0,0,0,0,3,0,2,2,3,0,3,3,3,0,2,2,0,2,3,2,2,0,0,2,3,2,0,3,0,0,0,2,2,0,0,2 ks=224,0,65,0,6,0,0,255,0,0,62,0,0,239,0,0,0,0,0,0,0,90,0,138,0,57,137,131,0,15,0,0,0,42,0,0,0,0,0,247,0,0,0,33,41,208,0,0,66,51,0,143,171,0,0,0,0,118,0,0,141,163,0,65
00286 features=780 size=13 p=2 tap=43 reset=false scheme=4 ops=0,3,0,3,0,3,0,0,0,0,2,0,3,0,0,3,3,3,1,2,1,2,1,2,1,1,1,2,1,1,0,3,3,0,0,0,3,0,3,3,3,0,0,0,3,0,0,0,0,0,0,3,3,3,0,3,0,0,0,3,0,0,0,3 ks=0,0,0,0,0,0,0,0,0,0,0,0,0,0,0,0,0,0,0,0,0,90,0,138,0,41,137,131,0,15,0,0,0,0,0,0,0,0,0,16,0,0,0,0,0,0,0,2,16,127,0,0,0,1,0,0,0,0,158,0,0,254,0,0
00287 features=678 size=4 p=2 tap=43 reset=false scheme=5 ops=0,3,0,3,0,3,0,0,0,0,3,0,3,0,0,3,3,3,0,3,3,0,3,0,0,3,0,3,3,1,0,0,3,0,2,2,3,0,3,3,3,0,0,0,3,0,0,0,0,0,0,3,3,3,0,3,0,0,0,3,0,0,0,3 ks=0,0,0,0,0,0,0,0,0,0,0,0,0,0,0,0,0,0,1,0,0,0,0,0,0,0,1,0,0,0,0,253,0,42,0,0,0,0,0,0,0,0,0,0,0,0,0,0,0,0,0,0,0,0,0,0,0,0,0,0,0,0,0,0
00288 features=557 size=6 p=10 tap=4 reset=true scheme=3 ops=3,3,1,1,3,3,3,3,3,3,3,3,3,3,3,3,3,3,3,3,3,3,3,3,3,3,3,3,3,3,3,3,3,1,3,3,3,3,3,2,3,3,3,3,1,3,3,1,1,3,1,3,3,1,1,3,3,1,3,1,3,3,0,2 ks=0,0,0,0,156,0,0,0,0,0,0,0,0,0,0,0,0,0,0,0,0,0,0,0,0,0,0,2,0,0,0,0,0,42,0,0,0,0,0,0,66,0,0,235,0,0,0,0,0,0,0,0,0,0,0,0,21,0,0,0,0,0,0,0
00289 features=753 size=17 p=1 tap=43 reset=false scheme=4 ops=2,2,3,2,0,2,3,0,1,1,3,1,3,2,0,0,3,3,0,2,3,2,3,0,3,3,3,2,0,0,0,2,3,0,2,2,3,0,3,3,3,2,2,2,0,0,0,0,0,3,0,2,3,2,0,3,0,0,3,2,2,0,0,2 ks=0,0,0,255,0,0,0,255,253,0,0,0,0,239,0,3,0,0,0,0,0,94,0,138,0,162,137,131,0,15,0,0,0,42,0,0,0,0,4,2,0,0,0,235,41,0,0,0,0,0,0,0,0,0,0,0,0,0,0,130,0,0,0,0
00290 features=924 size=7 p=2 tap=43 reset=true scheme=4 ops=2,2,2,3,3,3,0,0,0,0,3,2,3,2,3,3,3,3,3,2,3,2,3,2,1,3,3,2,3,2,2,2,3,3,3,3,3,2,3,3,3,2,2,3,2,2,2,2,2,2,2,2,3,2,2,3,3,3,3,2,3,2,3,2 ks=0,0,0,254,0,0,0,0,0,0,0,0,0,0,0,0,0,0,0,0,0,0,0,0,156,0,32,0,0,0,0,0,0,32,0,0,0,0,0,0,0,0,0,64,4,0,0,0,0,0,0,0,0,0,0,0,128,0,0,0,0,0,0,0
00291 features=805 size=25 p=2 tap=43 reset=false scheme=4 ops=2,2,0,2,0,2,3,0,2,2,3,0,3,2,0,3,3,3,0,2,3,2,3,0,3,3,3,2,0,0,0,0,3,0,2,2,3,0,3,3,3,0,2,2,0,2,3,2,2,0,0,2,3,2,0,3,0,0,0,2,2,0,0,2 ks=224,0,65,0,6,0,0,255,0,0,62,0,0,239,0,0,0,0,0,0,0,90,0,138,0,41,137,131,0,15,0,0,0,42,0,0,0,0,0,247,0,0,0,235,41,0,0,0,66,19,0,143,171,0,0,0,0,118,0,0,141,163,1,65
00292 features=310 size=6 p=2 tap=39 reset=false scheme=4 ops=3,3,1,1,3,3,3,3,3,3,3,3,3,3,3,3,3,3,3,3,3,3,3,3,3,3,3,3,3,3,3,3,3,0,2,2,3,0,0,3,3,3,2,2,0,2,3,2,2,3,1,3,3,1,1,3,3,1,3,1,3,3,3,3 ks=0,0,0,0,0,0,0,0,0,0,0,0,0,0,0,0,0,0,0,0,0,0,0,0,0,0,0,0,0,15,0,0,0,42,0,0,0,0,0,247,0,0,0,235,41,0,0,0,66,0,0,0,0,0,0,0,0,0,0,0,0,0,0,0
00293 features=314 size=4 p=2 tap=43 reset=false scheme=4 ops=1,2,0,2,0,2,3,0,1,1,3,1,3,1,1,3,3,3,3,1,3,1,2,3,3,3,3,3,3,1,1,1,3,3,1,1,3,2,3,3,3,3,2,3,3,3,3,3,3,3,3,1,3,3,1,3,1,3,3,1,1,3,1,1 ks=0,0,0,255,0,0,0,255,0,0,0,0,0,0,0,128,0,0,0,0,0,0,0,0,0,0,0,0,0,0,0,0,0,0,0,0,0,0,0,0,0,0,0,64,0,0,0,0,0,0,0,0,0,0,0,0,0,0,0,0,0,0,0,0
00294 features=846 size=1 p=10 tap=43 reset=true scheme=4 ops=3,3,1,1,3,3,3,3,3,3,3,3,3,3,3,3,3,3,3,3,3,3,3,0,0,3,3,3,3,0,3,3,3,0,3,0,3,0,3,0,3,0,3,1,1,3,1,3,1,1,0,3,3,1,1,3,3,1,3,1,3,3,3,3 ks=0,0,0,0,0,0,0,0,0,0,0,0,0,0,0,0,0,0,0,0,0,0,0,0,0,0,0,0,0,0,0,0,0,42,0,0,0,0,0,0,0,0,0,0,0,0,0,0,0,0,0,0,0,0,0,0,0,0,0,0,0,0,0,0
00295 features=807 size=22 p=2 tap=43 reset=false scheme=4 ops=2,2,0,2,0,2,3,0,2,2,3,0,3,2,0,3,3,3,0,3,3,2,3,0,3,0,3,2,0,0,0,0,3,0,2,2,3,0,3,3,3,0,2,2,0,2,3,2,2,0,0,2,3,2,0,3,0,0,0,2,2,0,0,2 ks=0,0,0,0,10,0,0,255,0,0,62,0,0,239,0,0,0,0,0,0,0,90,0,138,0,41,137,131,0,15,0,0,0,46,0,0,0,0,0,247,0,0,0,235,41,0,0,0,66,19,0,143,171,0,0,0,0,118,0,0,141,163,0,65
00296 features=914 size=3 p=10 tap=43 reset=true scheme=4 ops=2,2,2,3,3,3,0,0,0,0,3,2,3,0,3,3,3,3,3,2,3,2,3,2,3,2,2,2,3,2,2,2,3,3,3,3,3,2,3,3,3,3,2,3,2,2,2,2,2,2,2,2,3,2,2,3,3,3,3,2,3,2,3,2 ks=0,0,0,0,0,0,0,0,0,0,0,0,0,0,0,0,0,0,0,0,0,0,0,0,0,0,0,0,0,0,202,0,1,0,0,0,0,0,0,0,0,0,0,64,0,0,0,0,0,0,0,0,0,0,0,0,0,0,0,0,0,0,0,0
00297 features=577 size=21 p=5 tap=43 reset=false scheme=3 ops=2,2,2,3,3,3,0,3,3,3,3,2,3,3,3,3,3,3,0,2,3,2,3,0,3,3,3,2,0,0,0,0,3,0,3,2,3,0,3,3,3,0,0,2,0,1,3,2,2,0,0,2,3,2,0,3,0,0,0,2,2,0,0,2 ks=222,0,0,0,0,0,0,0,0,26,0,0,0,0,0,0,0,0,0,0,0,90,0,138,0,41,137,131,0,15,0,0,0,128,0,0,0,2,4,247,0,0,0,235,41,0,0,0,19,19,0,143,171,0,0,0,0,0,0,0,141,0,254,65
00298 features=654 size=18 p=2 tap=21 reset=true scheme=3 ops=3,3,1,1,1,3,1,2,2,1,3,2,3,3,3,3,3,3,1,2,3,1,3,1,3,3,3,3,3,2,3,3,3,3,3,3,3,1,3,3,3,1,3,3,2,2,3,2,2,3,3,2,3,3,2,3,3,1,3,1,3,3,3,3 ks=224,0,0,0,0,0,0,0,0,0,0,0,0,239,0,0,0,0,0,0,0,90,0,138,0,41,0,131,0,15,0,0,0,42,0,0,0,0,87,249,89,0,0,235,41,0,254,0,66,19,0,143,171,0,0,0,0,0,0,0,0,0,0,0
00299 features=643 size=9 p=5 tap=43 reset=false scheme=3 ops=2,2,2,3,3,3,3,3,3,2,3,2,3,2,2,3,3,3,2,2,3,2,3,3,3,3,3,2,2,2,2,3,3,3,2,2,2,2,3,3,3,3,2,2,3,2,3,2,2,3,2,2,3,2,3,2,2,2,3,2,2,2,3,2 ks=0,0,0,0,0,0,0,0,0,0,0,0,0,0,0,0,2,0,0,0,0,0,0,138,0,0,0,131,0,0,0,0,0,128,0,0,0,2,4,35,0,0,0,235,41,0,0,0,0,0,0,0,0,0,0,0,0,0,0,0,0,0,0,0
00300 features=945 size=11 p=2 tap=43 reset=true scheme=4 ops=3,0,0,0,0,3,3,0,0,0,3,0,3,3,3,3,3,3,0,0,3,0,3,0,0,3,3,3,0,0,3,3,3,0,3,0,3,0,3,3,3,0,3,3,0,0,0,0,0,3,0,0,3,0,0,3,0,0,0,0,3,1,0,3 ks=0,0,0,0,6,0,0,0,0,0,0,0,0,0,0,0,0,0,0,0,0,90,0,138,0,0,0,131,0,0,0,0,2,42,0,0,0,0,0,247,0,0,0,235,169,0,0,0,66,0,0,0,171,0,0,0,0,0,0,0,0,0,0,0
00301 features=745 size=7 p=2 tap=43 reset=false scheme=4 ops=2,2,0,2,0,2,3,0,2,2,3,0,3,2,2,2,3,3,3,2,3,2,3,3,2,3,3,2,0,0,0,0,3,0,2,2,3,0,3,3,3,0,2,2,0,2,3,2,2,0,0,2,3,2,0,3,0,0,0,2,2,0,0,2 ks=0,0,0,0,0,0,0,0,0,0,0,0,0,0,0,0,0,0,0,253,0,0,0,252,0,0,0,0,0,15,0,0,0,106,0,0,0,0,0,247,0,0,0,235,38,0,0,0,0,0,0,0,0,0,0,0,0,0,0,0,0,0,0,0
00302 features=677 size=7 p=10 tap=43 reset=true scheme=4 ops=3,3,1,1,3,3,3,3,3,3,3,3,3,3,3,3,3,3,3,3,3,3,3,3,3,3,3,3,3,3,3,3,3,1,3,1,3,0,3,0,1,0,3,1,1,3,1,3,1,3,3,3,3,3,3,3,3,3,3,3,3,3,3,3 ks=0,0,0,0,0,0,0,0,0,0,0,0,0,0,0,2,0,0,0,0,0,0,252,0,0,0,0,0,16,15,0,0,0,42,0,32,0,0,4,0,0,0,0,0,0,0,0,0,0,0,0,0,0,0,0,0,0,0,0,0,0,0,0,0
00303 features=788 size=24 p=2 tap=43 reset=false scheme=4 ops=2,2,0,2,0,2,3,0,2,2,3,0,3,2,0,3,3,3,0,3,3,2,3,0,3,3,3,2,0,0,0,0,3,0,2,2,3,0,3,3,3,0,2,2,0,2,3,2,2,0,0,2,3,2,0,3,0,0,0,2,2,0,0,2 ks=224,0,0,0,6,0,0,255,0,0,62,0,0,239,0,0,0,0,0,0,0,90,0,138,0,41,137,131,0,15,0,0,0,42,0,0,0,0,0,247,0,0,0,235,41,0,0,0,66,19,0,143,171,0,0,0,0,246,2,0,141,163,0,65
00304 features=968 size=3 p=2 tap=40 reset=true scheme=4 ops=0,0,0,3,0,0,3,0,3,0,3,0,3,1,0,3,3,3,0,0,3,3,3,0,3,3,3,0,0,0,0,0,3,0,3,3,3,0,3,3,3,2,3,3,0,0,3,0,3,0,0,3,3,3,0,3,0,0,0,0,0,0,0,3 ks=0,0,0,0,0,0,0,0,0,0,0,0,0,0,0,0,0,0,0,0,0,0,0,0,0,0,0,0,0,0,0,0,0,42,0,0,0,0,0,0,1,0,0,203,0,0,0,0,0,0,0,0,0,0,0,0,0,0,0,0,0,0,0,0
00305 features=963 size=13 p=10 tap=43 reset=true scheme=4 ops=3,0,0,0,0,3,0,0,0,0,3,0,3,3,3,3,3,3,0,0,3,0,3,0,0,3,3,3,3,0,3,3,3,0,3,0,3,0,3,3,3,0,2,2,0,2,3,2,2,0,0,2,3,2,0,3,0,0,0,0,3,0,0,3 ks=0,0,0,0,0,0,0,0,0,0,0,0,0,239,0,0,0,0,0,0,0,90,0,138,0,41,137,131,0,15,0,0,0,0,0,0,0,0,86,247,0,0,0,33,41,208,0,0,0,0,0,0,0,0,0,0,0,0,0,0,141,0,0,0
00306 features=706 size=8 p=5 tap=43 reset=true scheme=5 ops=3,3,1,1,3,3,3,3,3,3,3,3,3,3,3,3,3,3,3,3,3,3,3,3,3,3,3,3,2,3,3,3,3,1,3,3,2,3,3,1,3,3,3,2,1,0,1,2,2,1,0,2,3,2,0,3,0,0,0,1,1,1,0,3 ks=0,0,0,0,0,0,0,0,0,0,0,0,0,0,0,0,0,0,4,0,0,0,252,0,0,0,0,0,0,15,0,0,0,42,0,0,0,0,124,0,2,0,0,235,0,254,0,0,0,0,0,0,0,0,0,0,0,0,0,0,0,0,0,0
00307 features=885 size=25 p=2 tap=34 reset=true scheme=3 ops=2,2,2,2,0,3,3,0,2,2,3,0,3,2,0,3,3,3,0,2,3,2,0,0,3,3,3,2,0,0,0,0,3,0,2,2,3,0,3,2,3,0,2,2,0,2,3,2,2,0,0,2,3,2,0,3,0,0,0,2,2,0,0,2 ks=224,21,0,0,6,0,0,255,0,0,62,0,0,239,0,0,0,0,0,0,0,90,0,138,0,41,137,0,0,0,0,254,0,42,16,0,0,0,0,247,0,0,0,235,41,0,0,0,66,19,0,143,171,0,0,0,0,118,0,0,141,163,255,65
00308 features=770 size=19 p=5 tap=43 reset=false scheme=4 ops=2,0,0,2,0,2,3,0,1,1,3,1,3,2,1,3,3,3,0,2,3,2,1,0,3,3,3,2,0,0,0,0,3,0,2,2,3,0,3,3,3,0,2,2,0,2,3,2,2,0,0,2,0,2,0,3,0,0,0,2,2,0,0,2 ks=224,0,0,0,6,0,0,0,0,0,0,0,0,0,0,0,0,0,0,0,0,0,212,0,0,0,137,131,32,15,0,0,0,2,0,0,0,0,0,247,0,0,0,235,41,0,0,0,66,19,0,0,171,0,0,0,0,118,0,0,141,163,249,65
00309 features=826 size=25 p=5 tap=43 reset=true scheme=3 ops=2,2,2,3,3,3,0,0,1,2,3,1,3,2,0,3,3,2,0,2,3,2,3,0,3,3,3,2,0,0,0,0,3,0,2,2,3,0,3,3,3,0,2,2,0,2,3,2,2,0,0,2,3,2,0,0,0,0,0,2,2,0,0,2 ks=206,0,0,0,0,0,0,0,0,0,0,0,0,239,0,0,2,0,0,0,0,90,0,138,0,41,137,131,0,15,0,0,0,128,0,0,0,2,4,247,0,0,0,235,41,0,0,0,66,19,4,143,171,0,0,8,0,255,0,0,141,163,0,254
00310 features=853 size=14 p=2 tap=43 reset=true scheme=3 ops=3,0,0,0,0,3,0,0,0,0,3,0,3,3,3,3,3,3,0,0,3,0,3,0,0,3,3,3,3,0,3,3,3,0,3,0,3,0,3,3,3,0,3,3,0,0,0,0,0,3,0,0,3,0,0,3,0,0,0,0,3,0,0,3 ks=0,0,0,0,0,0,0,64,29,0,0,0,0,0,0,0,0,0,0,0,0,0,0,138,0,41,137,131,0,15,0,0,0,42,255,0,0,0,86,247,89,0,0,235,41,0,0,0,0,0,0,0,0,0,0,0,0,0,0,0,0,0,0,0
00311 features=807 size=23 p=2 tap=43 reset=false scheme=4 ops=2,2,0,2,0,2,3,0,2,2,3,0,3,2,0,3,3,3,0,2,3,2,3,0,3,3,3,2,0,3,0,0,3,0,2,2,3,0,3,3,3,0,2,2,0,2,3,2,2,0,0,2,3,2,0,3,0,0,0,2,2,0,0,2 ks=224,0,0,0,6,0,0,255,0,0,62,0,0,239,0,0,0,0,0,0,0,90,0,138,0,43,137,131,0,15,0,0,0,42,0,0,0,0,0,247,0,0,0,235,41,0,0,0,66,19,0,143,163,0,0,0,0,118,0,0,141,118,0,65
00312 features=728 size=7 p=2 tap=56 reset=true scheme=4 ops=3,3,1,1,3,3,3,3,3,3,3,3,3,3,3,3,3,3,3,3,3,3,3,3,3,3,3,3,3,3,3,3,3,1,3,3,2,3,3,1,3,3,3,3,1,3,3,1,1,3,1,3,3,1,1,3,3,1,3,1,3,3,3,3 ks=0,0,0,0,0,0,0,0,0,0,0,0,0,0,0,0,0,0,0,0,0,0,0,0,0,0,0,0,0,15,0,0,0,42,0,0,0,0,124,0,2,0,8,235,116,0,0,0,0,0,0,0,0,0,0,0,0,0,0,0,0,0,0,0
00313 features=769 size=19 p=1 tap=43 reset=false scheme=4 ops=2,0,0,2,0,2,3,0,1,1,3,1,3,2,1,3,3,3,0,2,3,2,1,2,3,3,3,2,0,0,0,0,3,0,2,2,3,0,3,3,3,0,2,2,0,2,3,2,2,0,0,2,0,2,0,3,0,0,0,2,2,0,2,2 ks=224,0,0,0,6,0,127,0,0,0,0,0,0,0,0,0,0,0,0,0,0,0,0,0,0,0,137,131,32,15,0,0,0,42,0,0,0,0,0,247,0,0,0,235,41,0,0,0,66,19,0,0,171,0,0,0,0,118,0,0,141,163,249,65
00314 features=759 size=25 p=1 tap=43 reset=false scheme=4 ops=1,2,0,2,0,2,3,0,1,1,3,1,3,2,1,3,3,3,0,2,3,2,3,0,3,3,3,2,0,0,0,0,3,0,2,2,3,0,3,3,3,0,2,2,0,0,0,0,0,3,0,2,3,2,0,3,0,0,3,2,2,0,0,2 ks=224,0,0,255,6,0,0,254,0,0,0,0,0,239,0,3,0,0,0,0,0,90,0,138,0,41,137,131,0,15,0,0,0,42,0,0,0,2,4,2,0,0,0,235,41,0,0,0,0,0,0,143,171,0,0,24,0,118,0,130,141,163,0,0
00315 features=299 size=4 p=2 tap=43 reset=false scheme=4 ops=1,3,2,3,1,3,3,3,3,1,3,1,3,1,1,3,3,3,3,1,3,1,3,3,3,3,1,3,3,3,1,1,3,3,3,1,3,3,3,3,3,3,1,1,3,3,3,3,3,3,3,1,3,3,1,3,1,3,3,1,1,3,1,1 ks=0,0,0,0,0,0,0,0,0,0,0,0,0,0,0,0,0,0,0,0,0,0,0,0,0,0,0,0,0,0,0,0,0,0,0,0,0,0,0,0,127,0,128,235,0,0,88,0,0,0,0,0,0,0,0,0,0,0,0,0,0,0,0,0
00316 features=679 size=20 p=2 tap=43 reset=false scheme=2 ops=2,2,0,2,0,2,3,0,2,3,3,3,3,2,0,3,3,3,3,2,3,2,3,0,3,3,3,2,0,0,0,0,3,0,2,2,3,0,3,3,3,0,2,2,0,0,3,2,2,0,0,2,3,2,0,3,0,0,0,3,2,0,0,3 ks=224,252,0,255,6,0,0,0,0,255,0,0,0,255,53,0,0,0,0,0,0,90,0,138,0,41,137,131,0,15,0,0,0,42,0,0,0,196,0,247,0,0,2,235,41,0,0,0,0,19,0,0,0,0,0,0,0,0,0,0,0,0,0,0
00317 features=797 size=31 p=2 tap=43 reset=false scheme=4 ops=2,2,0,2,0,2,3,0,1,1,3,1,3,2,0,3,3,3,0,2,3,2,1,0,3,3,3,2,0,0,0,0,3,0,2,2,3,0,3,3,3,0,2,2,0,2,3,2,2,0,0,2,3,2,0,3,0,0,1,2,2,0,0,2 ks=224,254,0,255,6,32,121,255,0,0,0,0,254,239,0,0,0,255,0,0,0,0,0,138,0,41,137,131,0,15,0,0,0,170,0,0,0,2,4,247,0,0,0,235,41,0,0,0,66,19,0,143,171,0,3,135,0,118,0,0,141,163,0,65
00318 features=660 size=6 p=5 tap=43 reset=false scheme=4 ops=2,0,0,2,0,2,3,0,1,1,3,1,3,2,1,3,3,3,0,2,3,2,1,0,3,2,2,2,3,2,2,2,3,3,3,3,3,2,3,3,3,3,2,2,0,2,3,2,2,0,0,2,0,2,0,3,2,0,0,2,2,0,0,2 ks=0,0,0,0,0,0,0,255,0,0,0,0,0,0,0,0,0,0,0,0,0,0,0,0,0,0,0,0,0,0,202,0,1,0,0,0,0,0,0,0,0,0,0,235,41,0,0,0,0,0,0,0,0,0,0,0,0,0,0,0,0,0,249,0
00319 features=791 size=10 p=2 tap=43 reset=false scheme=4 ops=2,2,0,2,0,2,3,0,1,1,3,1,3,2,0,3,3,3,0,2,3,2,1,0,3,3,3,2,0,0,0,0,3,0,2,2,3,0,3,3,3,0,2,2,0,2,3,2,2,0,0,2,3,2,0,3,0,0,1,2,2,0,0,2 ks=0,0,0,0,0,0,0,0,0,0,0,0,0,0,0,0,0,255,0,0,0,0,0,138,0,0,0,0,128,15,0,0,0,42,0,0,0,2,4,247,0,0,0,235,41,0,0,0,0,0,0,0,0,0,0,0,0,0,0,0,0,0,0,0
00320 features=789 size=28 p=2 tap=43 reset=false scheme=4 ops=2,2,0,2,0,2,3,0,2,2,3,0,3,2,0,3,3,3,0,2,3,2,3,0,3,3,3,2,0,0,0,0,3,0,2,2,3,0,3,3,3,0,2,2,0,2,3,2,2,0,0,2,3,2,0,3,0,0,0,2,2,0,0,2 ks=224,0,32,0,6,0,0,0,0,0,62,0,254,239,32,0,0,0,1,0,0,90,0,138,0,106,137,131,0,15,0,0,0,42,0,0,0,0,0,247,0,32,0,235,41,0,0,0,66,19,0,143,171,0,0,0,0,118,0,4,141,163,0,65
00321 features=793 size=25 p=5 tap=43 reset=false scheme=1 ops=2,2,0,2,0,2,3,0,2,2,3,0,3,2,0,3,3,3,0,1,3,2,3,0,3,3,3,2,0,3,0,0,3,0,2,2,3,0,3,3,3,0,2,2,0,2,3,2,1,0,0,2,3,2,0,3,0,0,0,2,2,0,0,2 ks=0,0,0,0,6,0,0,255,0,0,62,0,0,37,0,0,0,0,0,0,0,90,0,138,0,41,137,131,0,15,0,0,0,42,254,0,0,0,0,247,0,0,0,235,41,208,0,29,66,19,0,143,171,0,0,0,0,118,0,0,141,163,0,65
00322 features=844 size=5 p=10 tap=4 reset=true scheme=4 ops=3,3,2,3,3,3,3,3,3,3,3,3,3,3,3,3,3,3,3,3,3,3,3,3,3,3,3,3,3,3,3,3,3,2,3,2,3,3,3,2,3,3,3,3,2,3,3,2,2,3,2,3,3,2,3,3,3,3,3,3,3,3,3,2 ks=0,0,0,0,156,0,0,0,0,0,0,0,0,0,0,0,0,0,0,0,0,0,0,0,0,0,0,0,0,0,0,0,0,42,0,0,0,0,0,0,66,0,0,235,0,0,0,0,0,221,0,0,0,0,0,0,0,0,0,0,0,0,0,0
00323 features=597 size=6 p=2 tap=43 reset=false scheme=2 ops=2,2,1,2,1,2,3,1,2,2,3,1,3,2,3,3,3,3,2,2,3,2,3,3,3,3,3,2,2,3,1,3,3,2,2,2,3,1,3,3,3,2,2,2,3,2,3,1,2,1,1,2,3,2,2,3,3,2,2,2,2,2,3,2 ks=0,0,0,0,0,0,0,0,0,0,0,0,0,0,0,0,0,0,0,0,0,0,0,0,0,0,0,0,0,14,0,0,0,42,0,0,0,0,0,247,0,0,1,235,41,0,0,0,0,0,0,0,0,0,0,0,0,0,0,0,0,0,0,0
00324 features=922 size=6 p=1 tap=43 reset=true scheme=4 ops=2,2,2,3,3,3,0,0,0,0,3,2,3,2,3,3,3,3,3,2,3,2,3,2,1,3,3,2,3,2,2,2,3,3,3,3,3,2,3,3,3,2,2,3,2,2,2,2,2,2,2,2,3,2,2,3,3,3,3,2,3,2,3,2 ks=0,0,0,254,0,0,0,0,0,0,0,0,0,0,0,0,0,0,0,0,0,0,0,0,156,0,32,0,0,0,0,0,0,32,0,0,0,0,0,0,0,0,0,64,4,0,0,0,0,0,0,0,0,0,0,0,0,0,0,0,0,0,0,0
00325 features=786 size=29 p=1 tap=46 reset=false scheme=4 ops=2,2,0,1,0,2,1,0,1,1,3,1,3,2,1,1,3,3,0,2,3,2,1,0,0,0,1,2,1,0,1,1,3,0,1,1,3,0,3,3,3,0,2,1,1,2,1,2,2,1,0,2,3,2,0,3,0,0,0,3,1,1,2,2 ks=224,0,0,0,6,0,0,255,0,0,62,0,5,239,0,0,0,0,0,112,0,91,0,138,0,41,137,131,128,15,0,0,0,42,0,0,0,0,86,247,0,0,0,235,41,0,88,0,66,19,0,143,171,0,0,0,0,118,1,0,129,163,0,65
00326 features=720 size=22 p=5 tap=43 reset=false scheme=1 ops=2,2,0,2,0,2,3,0,2,2,3,0,3,2,0,3,3,3,0,1,3,2,3,0,3,3,3,2,0,3,0,0,3,0,2,2,3,0,3,3,3,0,2,2,0,1,3,2,1,3,1,3,3,1,1,3,3,1,3,1,3,0,0,2 ks=0,0,0,0,6,0,0,255,0,0,62,0,0,41,0,128,0,0,0,0,0,90,0,138,0,41,137,131,0,15,0,0,0,42,0,0,32,127,0,247,0,0,0,235,41,208,0,29,66,0,0,0,0,0,0,0,0,0,0,0,0,163,0,65
00327 features=776 size=23 p=2 tap=43 reset=false scheme=4 ops=2,2,0,2,0,2,3,0,2,2,3,0,3,2,0,3,3,3,0,3,3,2,3,0,0,3,0,3,3,1,0,0,3,0,2,2,3,0,3,3,3,0,2,2,0,2,3,2,2,0,0,2,3,2,0,3,0,0,0,2,2,0,0,2 ks=224,0,0,0,10,0,0,255,4,0,62,64,0,239,0,0,0,0,0,0,0,90,0,0,0,0,1,0,0,0,0,253,0,42,0,0,0,0,0,247,0,32,0,235,41,0,0,0,66,19,0,143,171,0,0,0,0,118,0,0,77,163,0,65
00328 features=760 size=19 p=5 tap=43 reset=false scheme=4 ops=2,0,0,2,0,2,3,0,1,1,3,1,3,2,1,1,3,3,0,2,3,2,1,0,3,3,3,2,0,0,0,0,3,0,2,2,3,0,3,3,3,0,2,2,0,2,3,3,3,2,2,3,3,2,2,2,0,3,0,2,2,0,0,2 ks=0,0,0,0,6,0,0,0,0,0,58,0,0,213,0,0,0,0,0,0,0,0,212,0,0,0,137,131,32,15,0,0,0,2,0,0,0,0,0,247,0,0,128,235,41,0,0,0,70,0,0,0,0,0,0,0,0,118,0,0,141,163,249,65
00329 features=817 size=28 p=10 tap=43 reset=false scheme=1 ops=2,2,0,2,0,2,3,0,2,2,3,0,3,2,0,3,3,3,0,2,3,2,3,0,0,3,3,2,0,0,0,0,3,0,2,2,3,0,3,3,3,0,2,2,0,0,3,2,2,0,0,2,3,2,0,3,0,0,0,2,2,0,0,2 ks=224,0,65,0,6,0,0,255,0,0,62,0,0,127,0,0,0,0,0,0,0,90,0,138,0,57,137,131,0,15,0,0,0,42,0,0,0,115,10,247,0,0,0,33,41,208,0,0,66,51,0,143,171,0,254,0,0,118,0,0,141,163,0,65
00330 features=942 size=7 p=5 tap=43 reset=true scheme=4 ops=2,2,2,3,3,3,0,0,0,0,3,0,3,3,1,3,3,3,0,2,3,2,3,3,3,3,2,2,3,2,2,2,3,3,3,3,3,2,3,3,3,3,2,3,2,2,2,2,2,2,2,2,3,2,2,3,2,3,3,2,3,2,3,2 ks=0,0,0,0,0,0,4,0,0,0,0,0,0,0,0,0,0,0,0,0,8,0,0,0,156,0,0,0,0,0,202,0,0,0,0,0,1,0,0,0,0,0,0,64,0,0,0,0,0,0,0,0,0,0,0,0,0,0,8,0,0,0,0,0
00331 features=298 size=6 p=5 tap=5 reset=false scheme=2 ops=3,1,3,1,3,1,0,1,1,1,3,1,3,1,1,3,3,3,3,1,3,3,1,3,1,3,3,3,3,1,1,1,3,3,1,1,3,1,3,3,3,1,1,1,1,1,1,3,1,1,3,1,3,3,3,3,1,1,1,1,3,1,3,1 ks=0,0,0,0,248,0,253,127,0,0,0,0,0,0,0,0,224,131,0,0,0,0,0,0,0,0,0,0,0,0,0,0,0,0,128,0,0,0,0,0,0,0,0,0,0,0,0,0,0,0,0,0,0,0,0,0,0,0,0,0,0,0,0,0
00332 features=783 size=13 p=2 tap=43 reset=false scheme=4 ops=0,3,0,3,0,3,0,0,0,0,2,0,3,0,0,3,3,3,1,2,1,2,1,2,1,1,1,2,1,1,0,3,3,0,0,0,3,0,3,3,3,0,0,0,3,0,0,0,0,0,0,3,3,3,0,3,0,0,0,3,0,0,0,3 ks=0,0,0,0,0,0,0,0,0,0,0,0,0,0,0,0,0,0,0,0,0,90,0,138,0,41,137,135,0,15,0,0,0,0,0,0,0,0,0,16,0,0,0,0,0,0,0,2,16,127,0,0,0,1,0,0,0,0,158,0,0,0,2,0
00333 features=776 size=27 p=2 tap=43 reset=false scheme=4 ops=2,2,0,2,0,2,3,0,2,2,3,0,3,2,0,2,3,3,0,2,3,2,3,0,3,3,3,2,0,0,0,0,3,0,2,2,3,0,3,3,3,0,2,2,0,2,3,1,2,0,0,2,3,2,2,3,0,0,0,2,2,0,0,2 ks=224,0,65,0,6,0,0,255,0,0,62,0,0,239,0,0,0,0,0,0,0,90,0,138,0,41,137,132,0,14,0,253,0,42,0,0,4,0,0,247,0,0,1,235,203,0,0,0,66,19,0,143,171,0,0,0,0,118,32,0,141,163,0,0
00334 features=464 size=2 p=2 tap=5 reset=true scheme=4 ops=3,1,3,1,3,1,1,1,1,1,3,1,3,2,1,3,3,3,3,1,3,3,1,3,1,3,3,3,3,1,1,1,3,3,1,1,3,1,3,3,3,1,1,1,1,1,1,3,1,1,3,1,3,3,3,3,2,1,1,1,3,1,3,1 ks=0,0,0,0,0,0,0,0,0,0,0,0,0,0,253,0,0,0,0,0,0,0,0,0,0,0,0,0,0,0,0,0,0,0,0,0,0,0,0,0,0,4,0,0,0,0,0,0,0,0,0,0,0,0,0,0,0,0,0,0,0,0,0,0
00335 features=977 size=4 p=10 tap=43 reset=true scheme=4 ops=2,2,0,2,0,2,3,0,2,2,3,1,3,2,0,3,3,3,0,2,3,2,3,3,3,3,3,2,0,0,0,0,3,0,2,2,3,0,3,3,3,0,2,2,0,0,3,2,2,0,0,2,3,2,1,3,0,3,0,2,2,0,2,2 ks=0,0,0,0,0,0,0,0,0,0,0,0,0,0,0,0,0,0,0,0,0,0,0,0,0,0,0,0,0,0,0,0,0,42,0,0,0,0,0,247,0,0,0,235,38,0,0,0,0,0,0,0,0,0,0,0,0,0,0,0,0,0,0,0
00336 features=565 size=5 p=5 tap=8 reset=true scheme=2 ops=3,1,3,1,3,1,1,1,1,1,3,1,3,0,2,3,3,3,3,1,2,3,1,3,1,3,3,3,3,1,1,1,3,3,1,1,3,1,3,3,3,0,2,1,1,1,1,3,1,1,3,1,3,3,0,3,0,0,0,2,1,1,0,2 ks=0,0,0,0,0,184,0,0,0,0,0,0,0,0,128,0,0,0,0,0,0,0,0,0,0,0,0,255,0,0,0,0,0,0,0,0,0,0,0,0,0,0,0,0,194,0,0,0,0,0,0,128,0,0,0,0,0,0,0,0,0,0,0,0
00337 features=746 size=5 p=5 tap=43 reset=true scheme=3 ops=2,2,2,3,3,3,0,3,3,3,3,2,3,3,3,3,3,3,0,2,3,0,3,0,0,3,0,3,3,0,0,3,3,0,3,0,3,0,3,3,3,0,0,2,0,1,3,2,2,0,0,2,3,2,0,2,0,0,0,2,2,0,0,2 ks=0,0,0,0,0,0,0,0,0,0,0,0,0,0,0,0,0,0,0,0,0,0,0,0,0,0,0,0,0,0,4,0,0,0,0,0,0,0,4,247,0,0,0,235,41,0,0,0,0,0,0,0,0,0,0,0,0,0,0,0,0,0,0,0
00338 features=428 size=19 p=2 tap=43 reset=false scheme=4 ops=3,3,1,1,3,3,1,3,1,1,3,1,3,1,1,1,3,3,1,3,3,1,1,3,1,3,1,3,1,3,1,1,3,3,1,1,3,1,3,3,3,1,1,1,1,3,3,1,1,1,1,1,3,1,3,3,3,3,1,1,1,1,1,3 ks=224,0,0,0,6,0,0,255,0,0,62,0,0,239,0,0,8,0,0,0,0,0,0,138,0,41,137,131,0,15,0,0,0,42,0,0,0,0,86,247,0,0,0,235,0,0,0,0,0,0,0,0,0,0,0,0,0,118,0,0,141,163,0,65
00339 features=773 size=24 p=2 tap=43 reset=false scheme=4 ops=2,2,0,2,0,2,3,0,2,2,3,0,3,2,0,3,3,3,0,2,3,2,3,0,3,3,3,2,0,0,0,0,3,0,2,2,3,0,3,3,3,0,2,2,0,2,3,1,2,0,0,2,3,2,2,3,0,0,0,2,2,0,0,2 ks=224,0,65,0,0,0,0,0,0,0,62,0,0,239,0,0,0,0,0,0,0,90,0,138,0,41,137,0,0,14,0,253,0,42,0,0,4,0,0,247,0,0,1,235,41,0,0,0,66,19,0,143,171,0,0,0,0,118,0,0,141,163,0,65
00340 features=814 size=20 p=2 tap=34 reset=false scheme=4 ops=2,2,0,2,0,2,3,0,1,1,3,1,3,2,0,3,3,3,0,2,1,2,1,2,3,3,3,2,0,0,0,0,3,0,2,2,3,0,3,3,3,0,2,2,3,3,3,3,3,0,0,2,3,2,0,3,0,0,1,2,2,0,0,2 ks=224,0,0,127,6,32,0,255,0,0,0,0,0,0,0,0,0,255,0,0,0,0,0,138,0,41,137,131,0,15,0,0,0,42,0,0,0,0,0,247,0,0,128,235,0,0,0,0,0,0,0,0,0,0,0,0,0,118,41,0,141,163,0,65
00341 features=612 size=17 p=2 tap=43 reset=false scheme=4 ops=2,2,0,2,0,2,3,0,1,1,3,1,3,2,0,3,3,3,0,2,3,2,3,0,3,3,3,0,3,2,2,2,3,3,3,3,3,2,3,3,3,0,2,2,0,2,3,3,2,0,0,2,3,2,0,3,0,0,0,2,2,0,0,2 ks=224,0,0,255,6,0,0,255,0,0,0,0,0,237,105,0,0,0,0,0,0,90,0,138,0,0,0,0,0,0,0,0,0,0,0,0,0,0,0,247,0,0,0,235,41,0,0,0,0,19,0,0,171,0,0,0,0,0,128,0,141,163,0,65
00342 features=726 size=10 p=10 tap=4 reset=true scheme=4 ops=3,3,1,1,3,3,3,3,3,3,3,3,0,3,3,3,3,3,3,3,3,3,3,3,3,3,3,3,3,3,3,3,3,1,3,3,3,3,3,1,3,3,3,3,1,3,3,1,1,3,1,3,3,1,1,3,3,1,3,1,3,3,3,3 ks=0,0,0,0,156,0,0,0,252,0,0,0,0,0,0,0,0,0,0,0,0,0,0,0,0,0,0,0,0,15,0,0,0,42,0,0,0,0,86,247,66,0,8,235,116,0,0,0,0,0,0,0,0,0,0,0,0,0,0,0,0,0,0,0
00343 features=742 size=18 p=1 tap=43 reset=false scheme=4 ops=2,0,0,2,0,2,3,0,1,1,3,1,3,2,1,3,1,3,0,2,3,2,1,2,3,3,3,2,0,0,0,0,3,0,2,2,3,0,3,3,3,0,2,2,0,2,3,2,2,0,0,2,0,2,0,3,0,0,0,2,2,0,2,2 ks=224,0,0,0,6,0,0,0,0,0,0,0,0,0,0,0,0,0,0,0,0,0,0,0,0,0,137,131,32,224,0,0,0,42,0,0,0,0,0,247,0,0,0,235,41,0,0,0,66,19,0,0,171,0,0,0,0,118,0,0,141,163,249,65
00344 features=901 size=27 p=2 tap=43 reset=true scheme=3 ops=2,2,0,2,0,2,3,0,2,2,3,0,3,2,0,3,3,3,0,3,3,2,3,0,3,3,3,2,0,0,0,0,3,0,2,2,3,0,3,3,3,0,2,2,0,2,3,0,2,0,0,2,3,0,0,3,0,0,0,2,2,0,0,2 ks=224,128,0,0,14,0,0,255,0,0,62,0,0,239,0,0,81,0,0,0,0,90,0,138,0,41,137,128,0,15,32,0,0,42,0,0,0,0,0,247,0,0,0,235,41,0,0,0,66,19,4,143,171,0,0,0,0,118,0,0,141,163,0,65
00345 features=621 size=20 p=2 tap=43 reset=false scheme=4 ops=2,2,0,2,0,2,3,0,1,1,3,1,3,2,0,3,3,3,0,2,3,2,3,0,3,3,3,2,3,2,2,2,3,3,3,3,3,2,3,3,3,3,2,2,0,2,3,2,2,0,0,2,3,2,0,3,0,0,0,2,2,0,0,2 ks=224,0,0,255,6,0,32,255,0,0,0,1,0,239,105,0,0,0,0,0,0,90,0,138,0,41,137,131,0,0,0,0,0,0,0,0,0,0,0,0,0,0,0,235,41,0,0,0,0,19,0,0,171,0,0,0,0,0,0,0,141,163,0,65
00346 features=908 size=7 p=1 tap=43 reset=true scheme=4 ops=1,2,2,3,3,3,0,1,0,0,3,2,3,2,3,3,3,3,3,2,3,2,3,2,1,3,3,2,3,2,2,2,3,3,3,3,3,2,3,3,3,2,2,3,2,2,2,2,2,2,2,2,3,2,2,3,3,3,3,2,3,0,3,2 ks=0,0,0,254,0,0,0,0,0,0,0,0,0,0,64,0,0,0,0,0,0,0,0,0,0,0,32,0,0,0,0,0,0,32,0,0,0,0,0,0,0,0,0,64,0,0,0,0,16,0,0,0,0,0,0,0,0,0,254,0,0,0,0,0
00347 features=981 size=27 p=2 tap=34 reset=true scheme=3 ops=2,2,2,2,2,2,0,0,0,2,2,0,0,0,2,0,2,2,0,0,0,2,0,0,2,0,2,2,0,2,0,0,0,2,0,2,0,2,0,0,0,2,0,0,0,0,0,0,0,0,2,0,2,2,2,0,0,0,2,0,0,2,2,2 ks=224,21,0,0,6,0,0,255,0,0,62,0,0,239,219,0,0,0,0,0,0,90,0,138,0,41,137,131,0,15,0,254,0,42,0,0,0,0,0,247,0,0,0,235,41,0,0,32,66,19,0,41,171,0,0,0,0,118,0,0,141,163,0,193
00348 features=513 size=3 p=2 tap=43 reset=true scheme=4 ops=3,3,3,1,1,3,1,1,1,1,3,1,3,1,1,3,3,3,3,1,3,3,1,3,1,3,1,3,1,3,1,1,3,3,1,1,3,1,3,3,3,3,1,1,1,1,1,3,1,1,1,1,3,3,3,3,1,3,3,1,1,1,3,1 ks=0,0,0,0,0,0,0,0,0,255,0,0,0,0,53,0,0,0,0,0,0,0,0,0,0,0,0,0,0,0,0,0,0,0,0,54,0,0,0,0,0,0,0,0,0,0,0,0,0,0,0,0,0,0,0,0,0,0,0,0,0,0,0,0
00349 features=635 size=16 p=10 tap=56 reset=false scheme=4 ops=2,2,0,1,3,2,1,0,1,1,3,1,3,2,1,1,3,3,0,2,3,2,0,0,1,0,1,2,1,0,1,1,3,2,1,3,3,3,3,1,3,3,3,3,1,2,1,2,2,1,0,2,3,2,0,3,0,0,0,2,1,1,0,2 ks=0,0,0,0,6,0,0,0,0,0,2,0,0,239,0,0,0,0,0,112,0,91,0,138,252,41,0,131,0,15,0,0,0,0,0,0,0,0,86,0,2,0,0,235,116,0,0,0,0,0,0,143,0,0,0,0,0,0,0,0,132,0,0,0
00350 features=799 size=24 p=2 tap=43 reset=false scheme=4 ops=2,2,0,2,0,2,3,0,2,2,3,0,3,2,0,3,3,3,0,3,3,2,3,0,3,3,3,2,0,0,0,0,3,0,2,2,3,0,3,3,3,0,2,2,0,2,3,2,2,0,0,2,3,2,0,3,0,0,0,2,2,0,0,2 ks=224,0,0,0,6,0,0,255,0,0,62,0,0,239,0,0,0,0,0,0,0,90,0,138,0,41,137,131,0,15,0,0,0,42,0,0,0,0,0,247,0,0,0,235,41,0,0,0,66,19,0,143,171,0,0,0,0,246,2,0,141,118,0,65
00351 features=610 size=5 p=10 tap=41 reset=true scheme=0 ops=3,3,1,1,3,3,3,3,3,0,3,3,3,3,3,3,3,3,3,3,3,3,3,3,3,3,3,3,3,3,3,3,3,1,3,1,3,0,3,0,3,0,1,1,1,3,1,3,1,1,0,3,3,1,1,3,3,1,3,1,3,3,3,3 ks=0,0,0,0,0,0,0,0,0,0,0,0,0,0,0,2,0,0,0,0,0,0,252,0,0,0,0,0,0,15,1,0,0,42,0,0,0,0,0,0,0,0,0,0,0,0,0,0,0,0,0,0,0,0,0,0,0,0,0,0,0,0,0,0
00352 features=814 size=29 p=10 tap=43 reset=false scheme=1 ops=2,2,0,2,0,2,3,0,2,2,3,0,3,2,0,3,3,3,0,2,3,2,3,0,0,3,3,2,0,0,0,0,3,0,2,2,3,0,3,3,3,0,2,2,0,0,3,2,2,0,0,2,3,2,0,3,0,0,0,2,2,0,0,2 ks=224,0,65,0,6,0,0,255,0,0,62,0,0,127,0,0,0,0,0,0,0,90,0,138,0,57,137,131,0,15,0,0,0,42,0,0,0,115,10,247,0,0,0,33,41,208,0,0,66,51,0,143,171,0,254,47,0,118,0,0,141,163,0,65
00353 features=761 size=22 p=2 tap=43 reset=false scheme=4 ops=0,2,0,2,0,2,3,0,2,2,3,2,3,2,3,3,3,3,0,2,3,2,3,0,3,3,3,2,0,3,0,0,3,0,2,2,3,0,3,3,3,0,2,2,0,2,3,2,2,0,0,2,3,2,0,3,0,0,0,2,2,0,0,2 ks=224,0,0,0,6,0,0,255,0,0,62,0,0,0,0,0,0,0,0,0,0,90,0,138,0,43,137,131,0,15,0,0,0,42,0,0,0,0,0,247,0,0,0,235,41,0,0,0,66,19,0,143,163,0,0,0,0,118,0,0,141,118,0,65
00354 features=764 size=24 p=2 tap=43 reset=false scheme=4 ops=2,2,0,2,0,2,3,0,1,1,3,1,3,2,0,3,3,3,0,2,3,2,3,0,3,3,3,2,0,0,0,0,3,0,2,2,3,0,3,3,3,0,2,2,3,0,0,0,0,3,0,2,3,2,0,3,0,0,0,2,2,0,0,2 ks=224,0,0,255,6,0,0,255,1,0,0,0,0,239,0,0,0,0,0,0,0,90,0,170,0,0,137,131,0,15,0,0,0,42,0,0,0,2,4,255,0,0,0,235,41,0,0,0,0,0,0,143,171,0,32,0,0,118,0,0,141,163,0,65
00355 features=798 size=27 p=2 tap=43 reset=false scheme=4 ops=2,2,0,2,0,2,3,0,2,2,3,0,3,2,0,3,3,3,0,2,3,2,3,0,3,3,3,2,0,0,0,0,3,0,2,2,3,0,3,3,3,0,2,2,0,2,3,1,2,0,0,2,3,2,2,3,0,0,0,2,2,0,0,2 ks=224,0,65,0,0,0,0,255,0,0,62,0,32,239,0,0,0,0,0,0,0,90,0,138,0,41,137,132,0,14,0,0,0,42,0,0,4,0,0,247,0,0,1,235,41,0,0,0,66,19,0,143,171,177,0,0,0,118,0,0,141,163,0,65
00356 features=992 size=1 p=2 tap=41 reset=true scheme=4 ops=0,0,0,3,0,0,3,0,3,0,3,0,3,1,0,3,3,3,0,0,3,3,3,0,3,3,3,3,0,1,0,0,3,0,3,3,3,0,3,3,3,2,3,3,0,0,2,0,3,0,0,3,3,3,0,2,0,0,0,0,0,0,0,3 ks=0,0,0,0,0,0,0,0,0,0,0,0,0,0,0,0,0,0,0,0,0,0,0,0,0,0,0,0,0,0,0,0,0,42,0,0,0,0,0,0,0,0,0,0,0,0,0,0,0,0,0,0,0,0,0,0,0,0,0,0,0,0,0,0
00357 features=959 size=10 p=10 tap=43 reset=true scheme=4 ops=3,0,0,0,0,3,0,0,0,0,3,0,3,3,3,3,3,3,0,0,3,0,3,0,0,3,3,3,3,0,3,3,3,0,3,0,3,0,3,3,3,0,2,2,0,2,3,2,2,0,0,2,3,2,0,3,0,0,0,0,3,0,0,3 ks=0,0,0,0,0,0,0,0,0,0,0,0,0,239,0,0,0,0,0,0,0,0,0,0,0,41,0,0,0,15,0,0,0,0,0,0,0,0,86,247,0,0,0,33,41,208,64,0,0,0,0,0,0,0,0,0,0,0,0,0,141,0,0,0
00358 features=152 size=3 p=2 tap=43 reset=false scheme=4 ops=1,3,2,3,1,3,3,3,3,1,3,1,3,1,1,3,3,3,3,1,3,1,3,3,3,3,1,3,3,3,1,1,3,3,3,1,3,3,3,3,3,3,1,1,3,3,3,3,3,3,3,1,3,3,1,3,1,3,3,1,1,3,1,1 ks=0,0,0,0,0,0,0,0,0,0,0,0,0,0,0,0,0,0,0,0,0,0,0,0,0,0,0,0,0,0,0,0,0,0,0,0,0,0,0,0,127,0,124,235,0,0,0,0,0,0,0,0,0,0,0,0,0,0,0,0,0,0,0,0
00359 features=779 size=27 p=2 tap=43 reset=false scheme=4 ops=2,2,0,2,0,2,3,0,2,2,3,0,3,2,0,2,3,3,0,2,3,2,3,0,3,3,3,2,0,0,0,0,3,0,2,2,3,0,3,3,3,0,2,2,0,2,3,2,2,0,0,2,3,2,0,3,0,0,0,2,2,0,0,2 ks=224,0,65,0,6,0,0,255,0,0,62,0,0,239,0,0,0,128,0,0,0,90,0,138,0,41,137,132,0,14,0,253,0,42,0,0,4,0,0,247,0,16,1,235,41,0,0,0,66,0,0,143,171,0,0,0,0,255,0,0,141,163,0,0
00360 features=986 size=1 p=2 tap=43 reset=true scheme=4 ops=0,3,0,3,0,3,0,0,0,0,3,0,3,0,0,3,3,3,2,3,3,3,3,3,3,3,0,3,3,0,0,3,3,1,0,2,3,0,3,3,3,0,0,0,3,0,0,0,0,0,0,3,3,3,0,3,0,0,0,3,0,0,0,3 ks=0,0,0,0,0,0,0,0,0,0,0,0,0,0,0,0,0,0,0,0,0,0,0,0,0,0,0,0,0,0,0,0,0,0,0,0,0,0,0,0,0,0,0,127,0,0,0,0,0,0,0,0,0,0,0,0,0,0,0,0,0,0,0,0
00361 features=461 size=2 p=2 tap=5 reset=true scheme=4 ops=3,1,3,1,3,1,1,1,1,1,3,1,3,2,1,3,3,3,3,1,3,3,1,3,1,3,3,3,3,1,1,1,3,3,1,1,3,1,3,3,3,1,1,1,1,1,1,3,1,1,3,3,3,3,3,3,2,1,1,1,3,1,3,1 ks=0,0,0,0,0,0,0,0,0,0,0,0,0,0,253,0,0,0,0,0,0,0,0,0,0,0,0,0,0,0,0,0,0,0,0,0,0,0,0,0,0,4,0,0,0,0,0,0,0,0,0,0,0,0,0,0,0,0,0,0,0,0,0,0
00362 features=766 size=19 p=2 tap=43 reset=false scheme=4 ops=2,2,0,0,0,3,0,0,2,2,3,0,3,2,0,3,3,3,0,2,3,2,3,0,3,3,3,2,0,0,0,0,3,0,2,2,3,0,3,3,3,0,2,2,3,0,0,0,0,3,0,2,3,2,0,3,0,0,0,2,2,0,0,2 ks=224,0,0,0,0,0,0,0,0,0,0,0,0,0,0,0,0,0,0,0,0,90,0,170,0,0,137,131,0,15,0,0,0,42,0,0,0,2,4,255,0,0,0,235,41,0,0,0,0,0,0,143,171,0,32,0,0,118,0,0,141,163,0,65
00363 features=819 size=24 p=5 tap=43 reset=false scheme=1 ops=2,2,0,2,0,2,3,0,2,2,3,0,3,2,0,3,3,3,0,1,3,2,3,0,3,3,3,2,0,3,0,0,3,0,2,2,3,0,3,3,3,0,2,3,0,0,0,0,0,3,0,0,3,0,0,3,0,0,0,2,2,0,0,2 ks=0,0,0,8,6,0,0,255,0,0,62,0,0,45,0,0,0,0,0,0,0,90,0,138,0,41,137,131,2,15,0,0,0,42,0,0,0,0,0,247,0,0,0,235,41,0,0,0,66,19,0,143,171,0,0,0,0,118,0,0,173,163,0,65
00364 features=665 size=6 p=5 tap=5 reset=true scheme=4 ops=3,1,3,1,3,1,1,1,1,1,3,1,3,0,1,3,3,3,3,1,3,3,1,3,1,3,3,3,3,1,1,1,3,0,1,1,3,0,3,3,3,0,2,2,0,2,3,2,2,0,0,2,3,3,3,3,2,1,1,1,3,1,3,1 ks=0,0,0,0,0,0,0,0,0,0,0,0,0,0,253,0,0,0,0,0,0,0,0,0,0,0,0,0,0,0,0,0,0,0,0,0,0,0,86,0,0,0,128,235,41,0,0,0,0,0,0,0,0,0,0,0,0,0,128,0,0,0,0,0
00365 features=780 size=23 p=2 tap=43 reset=false scheme=4 ops=2,2,0,2,0,2,3,0,2,2,3,0,3,2,0,3,3,3,0,2,3,2,3,0,3,3,3,2,0,3,0,0,3,0,2,2,3,0,3,0,3,0,2,2,0,2,3,2,2,0,0,2,3,2,0,3,0,0,0,2,2,0,0,2 ks=224,0,0,0,6,0,0,255,0,0,62,0,0,239,0,0,0,0,0,0,0,90,0,138,0,41,137,131,0,15,0,0,0,42,0,0,0,0,0,247,0,0,0,235,41,0,0,0,255,19,0,143,171,0,0,0,0,118,0,0,141,163,0,65
00366 features=1010 size=2 p=2 tap=43 reset=true scheme=4 ops=0,3,0,3,0,3,0,0,0,0,3,0,3,0,0,3,3,3,2,3,3,0,3,0,0,3,0,3,3,0,0,3,3,1,0,0,3,0,3,3,3,0,0,2,3,0,0,0,0,1,0,2,3,2,0,3,0,0,0,3,0,0,0,3 ks=0,0,0,0,0,0,0,0,0,0,0,0,0,0,0,0,0,0,0,0,0,0,0,0,0,0,0,0,0,0,0,0,0,0,0,0,0,0,0,0,0,0,0,128,0,0,1,0,0,0,0,0,0,0,0,0,0,0,0,0,0,0,0,0
00367 features=768 size=23 p=2 tap=43 reset=false scheme=4 ops=0,2,0,2,0,2,3,0,2,2,3,2,3,2,3,3,3,3,0,2,3,2,3,0,3,3,3,2,0,3,0,0,3,0,2,2,3,0,3,3,3,0,2,2,0,2,3,2,2,0,0,2,3,2,0,3,0,0,0,2,2,0,0,2 ks=224,0,0,0,6,0,0,255,0,0,62,0,0,0,0,0,0,0,0,0,0,90,0,138,0,43,137,131,0,15,0,0,0,42,0,0,0,0,0,247,0,0,0,235,41,0,0,0,66,19,0,143,163,0,0,0,0,118,0,0,141,118,32,65
00368 features=981 size=3 p=10 tap=43 reset=true scheme=4 ops=3,0,0,0,3,3,0,0,0,0,3,0,3,3,3,3,3,3,0,0,3,0,3,0,0,3,3,3,3,0,0,3,0,3,0,0,0,0,0,3,3,0,3,3,0,0,0,0,0,3,0,0,3,0,0,3,0,0,0,0,3,0,0,3 ks=0,0,0,0,0,0,0,0,0,0,0,0,0,0,0,0,0,0,0,0,0,0,0,0,0,0,0,0,0,0,0,0,0,0,0,0,0,0,0,247,2,0,0,235,0,0,0,0,0,0,0,0,0,0,0,0,0,0,0,0,0,0,0,0
00369 features=765 size=24 p=2 tap=43 reset=false scheme=4 ops=2,2,0,2,0,2,3,0,2,2,3,0,3,2,0,3,3,3,0,3,3,2,3,0,0,3,0,3,3,1,0,0,3,0,2,2,3,0,3,1,3,0,2,2,0,2,3,2,2,0,0,2,3,2,0,3,0,0,0,2,2,0,0,2 ks=224,0,0,0,10,0,0,255,4,0,62,64,0,239,0,0,0,0,0,0,0,90,0,0,0,0,1,0,0,0,0,253,0,42,0,0,0,0,0,247,0,32,2,251,41,0,0,0,66,19,0,143,171,0,0,0,0,118,0,0,77,163,0,65
00370 features=466 size=2 p=2 tap=43 reset=true scheme=4 ops=1,1,3,3,3,1,1,1,1,1,3,1,3,3,1,3,3,3,3,3,3,1,3,3,3,3,1,3,3,3,3,3,3,3,3,3,3,1,1,3,3,3,3,3,3,3,1,1,1,3,1,3,3,1,3,3,1,3,3,1,3,1,3,3 ks=0,0,0,0,0,0,0,0,0,0,0,0,0,0,0,0,0,0,0,0,0,0,0,0,0,0,0,0,0,0,0,0,0,0,0,0,0,0,0,0,0,0,127,64,0,0,0,0,0,0,0,0,0,0,0,0,0,0,0,0,0,0,0,0
00371 features=645 size=7 p=10 tap=43 reset=true scheme=4 ops=3,3,1,1,3,3,3,3,0,3,3,3,3,3,3,3,3,3,3,3,3,3,3,3,3,3,3,3,3,3,3,3,3,1,3,1,3,0,3,0,3,0,1,1,1,3,1,3,1,1,0,3,1,1,1,3,3,1,3,1,3,3,3,3 ks=0,0,0,0,0,0,0,0,0,0,0,0,0,0,0,2,0,172,0,0,0,0,252,0,0,0,0,0,0,15,0,0,0,42,0,32,0,0,4,0,0,0,0,0,0,0,0,0,0,0,0,0,0,0,0,0,0,0,0,0,0,0,0,0
00372 features=605 size=8 p=10 tap=43 reset=false scheme=4 ops=2,1,0,2,0,2,3,0,2,2,3,0,3,1,2,2,3,3,3,2,3,2,3,3,2,3,3,3,2,3,3,3,3,1,3,3,2,3,3,1,3,0,2,2,0,2,3,2,2,0,0,2,3,2,0,3,0,0,0,2,2,0,0,2 ks=0,0,0,0,0,0,0,0,0,0,0,0,0,0,0,0,0,0,0,253,0,0,0,0,0,0,0,0,0,15,0,0,0,42,0,0,0,0,124,0,2,0,128,235,41,0,0,0,0,0,0,0,0,0,0,0,0,0,0,0,0,0,0,0
00373 features=695 size=11 p=10 tap=4 reset=true scheme=4 ops=3,3,1,1,3,3,3,3,3,3,3,3,3,3,3,3,3,3,3,3,3,3,3,3,3,3,3,3,3,3,3,3,3,1,3,3,3,3,3,1,3,3,3,3,1,3,3,1,1,3,1,3,3,1,1,3,3,1,3,1,3,3,3,3 ks=0,0,0,0,156,0,0,0,252,0,0,0,0,0,0,0,0,0,0,0,0,0,0,0,0,0,0,0,0,15,0,0,64,42,0,0,0,0,86,246,66,0,8,235,116,0,0,0,0,0,0,0,0,0,0,0,0,0,0,0,0,0,0,0
00374 features=528 size=5 p=2 tap=43 reset=false scheme=4 ops=2,2,2,3,3,3,0,0,0,0,3,2,3,0,3,3,3,3,3,2,3,2,3,2,3,3,2,2,3,2,2,2,3,3,3,3,3,2,3,3,3,3,2,3,2,2,2,2,2,2,2,2,3,2,2,3,3,3,3,2,3,2,3,2 ks=0,0,0,254,0,0,0,0,0,0,0,0,0,0,0,0,0,0,0,0,0,0,0,0,156,0,32,0,0,0,202,0,0,0,0,0,0,0,0,0,0,0,0,64,0,0,0,0,0,0,0,0,0,0,0,0,0,0,0,0,0,0,0,0
00375 features=760 size=25 p=2 tap=43 reset=false scheme=4 ops=2,2,0,2,0,2,0,0,0,2,3,0,3,2,0,2,3,3,0,2,3,2,3,0,3,3,1,2,0,0,0,0,3,1,3,3,3,3,3,0,3,3,3,2,2,2,3,2,2,0,0,2,3,2,0,3,0,0,2,2,2,0,0,2 ks=224,0,65,0,6,0,0,0,0,0,62,0,0,239,0,0,0,128,0,0,0,90,0,138,0,41,137,131,2,14,0,253,0,42,0,0,0,0,86,0,2,0,0,235,41,0,0,0,66,0,0,143,171,0,0,0,0,255,0,0,141,163,0,0
00376 features=662 size=3 p=2 tap=43 reset=false scheme=0 ops=0,0,0,3,0,0,3,0,3,0,3,0,3,0,0,3,3,3,0,0,3,3,3,0,3,3,3,0,0,0,0,0,3,0,3,3,3,0,3,3,3,0,3,3,0,0,3,0,3,0,0,3,3,3,0,3,0,0,0,0,0,0,0,3 ks=0,0,0,0,0,0,0,0,0,0,0,0,0,0,0,0,0,0,0,0,0,0,0,0,0,0,0,0,0,0,0,0,0,42,0,0,0,0,0,0,0,0,0,203,43,0,0,0,0,0,0,0,0,0,0,0,0,0,0,0,0,0,0,0
00377 features=762 size=25 p=2 tap=43 reset=false scheme=4 ops=0,2,0,2,0,2,3,0,2,2,3,2,3,2,3,3,3,3,0,2,3,2,3,0,3,3,3,2,0,3,0,0,3,0,2,2,3,0,3,3,3,0,2,2,0,2,3,2,2,0,0,2,3,2,0,3,0,0,2,2,2,0,0,2 ks=224,0,0,0,6,0,0,255,0,0,62,0,0,0,0,0,0,0,0,0,0,90,0,138,0,43,137,131,0,15,0,0,0,42,165,0,0,0,0,247,0,0,0,235,41,0,0,0,66,19,0,143,163,0,0,0,0,118,8,0,141,118,32,65
00378 features=751 size=28 p=1 tap=43 reset=false scheme=2 ops=3,2,0,2,0,2,3,0,1,1,3,1,3,2,0,3,3,3,0,2,3,2,1,0,3,3,3,2,0,0,0,0,3,0,2,2,3,0,3,3,3,3,2,2,0,2,3,2,2,0,0,2,3,2,0,3,0,0,1,2,2,0,0,2 ks=224,254,0,255,6,32,0,255,0,0,0,0,0,239,2,0,0,255,0,0,0,252,0,138,0,41,137,131,109,15,0,0,0,42,0,0,0,0,0,247,0,0,0,235,41,0,0,0,66,19,0,143,171,0,0,0,0,118,0,0,141,163,0,65
00379 features=555 size=22 p=1 tap=43 reset=false scheme=4 ops=2,2,0,1,0,2,1,0,1,1,3,1,3,2,1,1,3,3,0,2,3,2,3,3,3,3,3,2,1,0,1,1,3,2,1,3,3,3,3,1,3,3,3,3,1,2,1,2,2,1,0,2,3,2,0,3,0,0,0,2,1,1,0,2 ks=224,0,0,0,6,2,0,255,0,0,58,0,0,239,0,0,0,0,0,0,0,0,0,0,0,76,0,0,0,15,0,0,0,42,0,0,0,0,86,0,2,0,0,235,116,0,0,0,66,19,0,143,171,0,0,0,0,118,0,2,132,163,0,65
00380 features=443 size=28 p=2 tap=34 reset=true scheme=3 ops=1,1,1,1,1,1,1,1,1,1,1,1,1,1,1,1,1,1,1,1,1,1,1,1,1,1,1,1,1,1,1,1,1,1,1,1,1,1,1,1,1,1,1,1,1,1,1,1,1,1,1,1,1,1,1,1,1,1,1,1,1,1,1,1 ks=224,21,0,0,6,0,0,255,0,0,62,0,0,239,219,0,0,0,0,0,0,90,4,138,0,41,137,139,0,0,0,254,0,42,0,0,0,0,0,247,0,0,0,235,41,0,226,32,66,19,0,41,171,0,0,0,0,118,0,0,141,163,0,193
00381 features=772 size=23 p=2 tap=43 reset=false scheme=4 ops=2,2,0,2,0,2,3,0,2,2,3,0,3,2,0,3,3,3,0,3,3,2,3,0,3,3,3,2,0,0,0,0,3,0,2,2,3,0,3,3,3,0,2,2,0,2,3,2,2,0,3,2,3,2,0,3,0,0,0,2,2,0,0,2 ks=255,0,0,0,6,0,0,255,0,0,62,0,0,239,0,0,0,0,0,0,0,90,0,138,0,57,137,131,0,15,0,0,0,42,0,0,0,0,0,247,0,0,0,235,41,0,0,0,66,19,0,143,171,0,0,0,0,118,0,0,141,163,0,65
00382 features=791 size=9 p=2 tap=43 reset=false scheme=4 ops=2,2,0,2,0,2,3,0,1,1,3,1,3,2,0,3,3,3,0,2,3,2,1,0,3,3,3,2,0,0,0,0,3,0,2,2,3,0,3,3,3,0,2,2,0,2,3,2,2,0,0,2,3,2,0,3,0,0,1,2,2,0,0,2 ks=0,0,0,0,0,0,0,0,0,0,0,0,0,0,0,0,0,255,0,0,0,0,0,138,0,0,0,0,128,15,0,0,0,42,0,0,0,0,4,247,0,0,0,235,41,0,0,0,0,0,0,0,0,0,0,0,0,0,0,0,0,0,0,0
00383 features=712 size=24 p=5 tap=43 reset=false scheme=3 ops=2,2,2,3,3,3,0,0,1,1,3,1,3,2,0,3,3,3,0,2,3,2,3,0,3,3,3,2,0,0,0,0,3,0,2,2,2,0,3,3,3,0,2,2,0,2,3,1,2,0,0,2,3,2,0,3,0,0,0,2,2,0,0,2 ks=222,0,0,0,0,0,0,0,0,0,0,0,0,239,0,0,2,0,0,0,0,90,0,128,0,41,137,131,0,15,0,0,0,128,0,0,0,2,4,27,0,0,0,235,41,0,0,0,66,19,0,143,171,0,0,0,0,255,0,0,141,222,64,65
00384 features=884 size=4 p=2 tap=43 reset=true scheme=2 ops=2,2,2,3,3,3,0,0,0,0,3,2,3,2,3,3,3,3,3,2,3,2,3,2,3,3,3,2,3,2,2,2,3,2,2,2,3,2,3,3,3,3,2,3,1,2,1,2,2,0,0,2,3,2,0,3,0,0,3,2,3,2,3,2 ks=0,0,0,0,0,0,0,0,0,0,0,0,0,0,0,0,0,0,0,0,0,0,0,0,0,0,32,0,0,0,0,0,4,0,0,0,0,0,0,0,0,0,0,235,0,0,0,0,0,0,0,0,171,0,0,0,0,0,0,0,0,0,0,0
00385 features=771 size=28 p=2 tap=43 reset=false scheme=4 ops=2,2,0,2,0,2,3,0,1,1,3,1,3,2,0,3,3,3,0,2,3,2,3,0,3,3,3,2,0,0,0,0,3,0,2,2,3,0,3,3,3,0,2,2,0,0,0,0,0,2,0,2,3,2,0,3,0,0,3,2,2,0,0,2 ks=224,0,0,255,6,0,0,255,0,0,0,0,0,239,0,3,0,0,0,0,0,90,0,138,0,41,137,131,0,15,0,0,0,42,0,0,0,2,4,2,0,0,0,235,41,0,128,0,0,0,0,143,171,0,0,165,0,118,252,2,141,163,0,65
00386 features=810 size=23 p=2 tap=43 reset=false scheme=4 ops=2,2,0,2,0,2,3,0,1,1,3,1,0,2,0,3,3,3,0,2,3,2,1,0,3,3,3,2,0,0,0,0,3,0,2,2,3,0,3,3,3,0,2,2,0,2,3,1,2,0,2,2,3,2,0,2,0,0,0,2,2,0,0,2 ks=224,254,0,255,6,32,0,255,0,0,0,0,0,239,0,0,0,0,0,0,0,0,0,138,0,41,137,131,0,15,0,0,0,42,0,0,4,3,0,247,0,0,1,235,41,0,0,252,66,19,8,0,0,0,0,0,0,0,0,0,0,0,0,0
00387 features=842 size=12 p=1 tap=43 reset=true scheme=4 ops=3,3,0,0,0,3,3,0,0,3,3,3,3,3,3,3,3,3,3,3,3,3,3,3,3,3,3,3,0,0,0,0,3,0,0,3,3,0,3,3,3,0,0,3,0,0,3,0,0,3,0,3,3,0,0,3,0,0,3,3,3,3,3,3 ks=0,0,0,0,0,0,0,2,0,0,0,0,0,0,0,2,0,0,0,129,0,0,252,0,0,0,0,131,0,15,0,0,0,42,0,0,0,1,4,2,0,0,0,235,42,0,0,0,0,0,0,0,0,0,0,0,0,0,0,0,0,0,0,0
00388 features=595 size=6 p=10 tap=43 reset=true scheme=4 ops=3,3,1,1,3,3,3,3,3,3,1,3,3,3,3,3,3,3,3,3,3,3,3,3,1,3,3,3,3,3,3,3,3,2,3,3,3,3,3,1,3,3,1,3,1,3,3,1,1,3,2,3,3,1,1,3,3,1,3,1,3,3,3,2 ks=0,0,0,0,0,0,0,0,0,0,0,0,0,0,0,0,255,0,0,0,0,0,0,0,0,0,0,0,0,15,0,0,0,0,0,0,0,0,86,247,2,0,0,235,0,0,0,0,0,0,0,0,0,0,0,0,0,0,0,0,0,0,0,0
00389 features=378 size=1 p=2 tap=43 reset=false scheme=4 ops=1,2,0,2,0,2,3,0,1,1,3,1,3,1,1,3,3,3,0,1,3,1,2,3,3,3,3,3,3,1,1,1,3,3,1,1,3,2,3,3,3,3,2,3,3,3,3,3,3,3,3,1,3,3,1,3,1,3,3,1,1,3,1,1 ks=0,0,0,0,0,0,0,0,0,0,0,0,0,0,0,0,0,0,0,0,0,0,0,0,0,0,0,0,0,0,0,0,0,0,0,0,0,0,0,0,0,0,0,65,0,0,0,0,0,0,0,0,0,0,0,0,0,0,0,0,0,0,0,0
00390 features=808 size=7 p=10 tap=43 reset=true scheme=4 ops=3,3,3,2,3,3,3,3,3,3,3,3,3,3,3,3,3,3,3,3,3,3,3,3,3,3,3,3,3,3,3,3,3,1,3,3,2,3,3,1,3,3,3,3,3,3,3,2,3,3,3,3,3,3,3,3,1,3,0,3,3,3,3,3 ks=0,0,0,0,0,0,0,0,0,0,0,0,0,0,0,0,0,0,0,0,0,0,0,0,0,0,0,64,0,18,0,0,0,0,0,0,0,0,124,0,2,0,0,235,183,0,0,0,0,114,0,0,0,0,0,0,0,0,0,0,0,0,0,0
00391 features=942 size=26 p=2 tap=43 reset=true scheme=4 ops=2,2,0,2,0,2,3,0,1,1,3,1,3,2,0,3,3,3,0,2,3,2,1,0,3,3,3,2,0,0,0,0,3,0,2,2,3,0,3,3,3,0,2,2,0,2,3,2,2,0,0,2,3,2,0,3,0,0,1,2,2,0,0,2 ks=224,0,0,255,6,32,0,255,0,0,0,0,0,128,0,0,0,255,0,0,0,0,0,138,0,41,137,131,0,15,0,0,0,42,0,0,0,2,4,241,0,0,0,235,41,0,0,0,66,19,0,143,171,0,0,0,0,118,0,0,141,163,0,65
00392 features=533 size=3 p=2 tap=43 reset=false scheme=4 ops=2,2,2,3,3,3,0,0,0,0,3,2,3,0,3,3,3,3,3,2,3,2,3,2,3,3,2,2,3,2,2,2,3,3,3,3,3,2,3,3,3,3,2,3,2,2,2,2,2,2,2,2,3,2,2,3,3,3,3,2,3,2,3,2 ks=0,0,0,0,0,0,0,0,0,0,0,0,0,0,0,0,0,0,0,0,0,0,0,0,0,0,0,0,0,0,202,0,1,0,0,0,0,0,0,0,0,0,0,64,0,0,0,0,0,0,0,0,0,0,0,0,0,0,0,0,0,0,0,0
00393 features=742 size=10 p=10 tap=4 reset=true scheme=4 ops=3,3,1,1,3,3,3,3,3,3,3,3,3,3,3,3,3,3,3,3,3,3,3,3,3,3,3,3,3,3,3,3,3,1,3,3,3,3,3,1,3,3,3,3,1,3,3,1,3,3,1,1,3,1,1,3,3,1,3,1,3,3,3,3 ks=0,0,0,0,156,0,0,0,0,0,0,0,0,0,0,0,0,0,0,0,0,0,0,0,0,0,0,0,0,15,0,0,64,42,0,0,0,0,86,246,66,0,8,235,116,0,0,0,0,0,0,0,0,0,0,0,0,0,0,0,0,0,0,0
00394 features=767 size=26 p=1 tap=43 reset=false scheme=4 ops=1,2,0,2,0,2,3,0,1,1,3,1,3,2,0,3,3,3,0,2,3,2,3,0,3,3,3,2,0,0,0,0,3,0,2,2,3,3,3,3,3,0,2,2,0,0,0,0,0,3,0,2,3,2,0,3,0,0,3,2,2,0,0,2 ks=224,0,0,255,6,0,0,254,1,0,0,0,0,239,0,3,0,0,0,0,0,90,0,138,0,41,137,131,0,15,0,0,0,42,0,0,0,2,4,2,0,0,0,235,41,0,0,0,0,0,0,143,171,0,0,24,0,118,0,130,141,163,0,0
00395 features=880 size=23 p=5 tap=43 reset=true scheme=4 ops=2,0,0,2,0,2,3,0,1,1,3,1,3,2,1,3,3,3,0,2,3,2,1,0,3,3,3,2,0,0,0,0,3,0,2,2,3,0,3,3,3,0,2,2,0,2,3,2,2,0,0,2,0,1,0,3,0,0,0,2,2,0,0,2 ks=224,0,1,0,6,0,0,0,0,0,0,0,4,0,0,0,0,143,0,0,0,62,0,0,0,0,137,131,32,15,0,0,0,42,0,0,0,0,0,247,0,0,0,235,41,243,0,0,66,247,0,0,175,0,0,0,0,118,0,254,141,255,249,0
00396 features=637 size=5 p=10 tap=43 reset=true scheme=4 ops=3,3,1,1,3,3,3,3,3,3,3,3,3,3,3,3,3,3,3,3,3,3,3,3,3,3,3,3,3,3,3,3,3,2,3,1,3,1,3,1,3,3,3,1,1,3,3,2,1,1,1,3,3,1,1,3,3,1,3,3,3,3,3,3 ks=0,0,0,0,0,0,0,0,0,228,0,0,0,0,0,0,0,0,0,0,0,0,252,0,0,0,0,0,0,15,0,0,0,42,0,0,0,0,0,0,0,0,0,1,0,0,0,0,0,0,0,0,0,0,0,0,0,0,0,0,0,0,0,0
00397 features=770 size=26 p=10 tap=43 reset=false scheme=1 ops=2,2,0,2,0,1,1,1,1,1,3,1,3,0,1,3,3,3,0,2,3,2,3,0,0,3,3,2,0,3,1,0,3,0,2,2,3,0,3,3,3,0,2,2,0,0,3,2,2,0,0,2,3,2,0,3,0,0,0,2,2,0,0,2 ks=224,0,65,0,6,0,0,0,0,0,0,0,0,0,253,0,0,0,0,0,0,90,1,138,0,57,137,131,0,15,0,0,0,42,0,0,0,0,10,247,0,0,0,33,41,208,0,0,66,51,0,143,171,0,254,0,0,118,0,0,141,163,0,65
00398 features=823 size=20 p=2 tap=43 reset=false scheme=1 ops=2,2,0,2,0,2,3,0,2,2,3,0,3,2,0,3,3,3,0,2,3,2,3,0,0,3,3,2,0,0,0,0,3,0,2,2,3,0,3,3,3,0,2,2,0,2,3,2,2,0,0,2,3,2,0,3,0,0,0,2,2,0,0,2 ks=224,0,0,0,6,0,0,0,0,0,62,0,0,0,0,0,0,0,0,0,0,90,0,0,0,57,137,0,0,0,254,0,0,42,0,0,0,0,0,247,0,0,0,33,41,208,0,0,66,51,0,143,171,0,0,0,0,0,0,2,141,163,0,65
00399 features=578 size=18 p=2 tap=43 reset=false scheme=4 ops=2,2,1,2,2,2,3,3,2,2,3,1,3,2,2,2,3,3,3,3,3,2,3,1,3,3,3,2,1,2,1,1,3,3,2,2,3,2,3,3,3,2,2,2,3,2,3,2,2,2,1,2,3,2,1,3,2,1,3,2,2,3,3,2 ks=0,0,0,0,10,0,0,253,0,0,0,0,0,239,0,0,0,0,0,0,0,90,0,138,0,41,137,131,0,15,0,0,0,42,0,0,0,0,0,247,0,0,0,235,41,0,0,0,0,19,0,0,0,0,0,0,0,0,0,254,141,163,0,65
00400 features=637 size=8 p=2 tap=43 reset=false scheme=4 ops=2,2,0,2,0,2,3,0,1,1,3,1,3,2,0,3,3,3,0,2,3,2,1,3,3,3,3,3,3,3,3,3,3,1,3,2,3,0,3,3,3,0,2,2,0,0,3,2,2,0,0,2,3,2,0,3,0,0,1,2,2,0,0,2 ks=0,0,0,0,0,0,0,0,0,0,0,0,0,0,0,0,0,0,16,0,0,0,0,0,0,0,0,0,0,15,0,0,0,42,0,0,0,2,4,247,0,0,0,235,41,0,0,0,0,0,0,0,0,0,0,0,0,0,0,0,0,0,0,0
00401 features=798 size=29 p=2 tap=43 reset=false scheme=4 ops=2,2,0,2,0,2,3,0,1,1,3,1,3,2,0,3,3,3,0,2,3,2,1,0,3,3,3,2,0,0,0,0,3,0,2,2,3,0,3,3,3,0,2,2,0,2,3,2,2,0,0,2,3,2,0,3,0,0,1,2,2,0,0,2 ks=224,254,0,255,6,80,121,255,0,0,0,0,0,239,0,0,0,255,0,0,0,0,0,138,0,41,137,131,0,15,0,0,0,42,0,0,0,2,4,247,0,0,0,235,41,0,0,0,66,19,0,143,171,0,0,135,0,118,0,0,141,163,0,65
00402 features=676 size=3 p=10 tap=4 reset=true scheme=4 ops=3,3,1,1,3,3,3,3,3,3,3,1,3,2,1,3,3,3,3,3,3,3,3,3,3,3,3,3,3,3,3,3,3,1,3,3,3,3,3,1,3,3,3,3,1,3,3,1,1,3,1,3,3,1,1,3,3,1,3,1,3,3,3,3 ks=0,0,0,0,156,0,0,0,0,0,0,0,0,0,0,0,0,0,0,0,0,0,0,0,0,0,0,0,0,0,0,0,0,0,0,0,0,0,0,0,66,0,0,0,0,0,0,0,0,0,0,0,0,0,0,0,0,0,0,127,0,0,0,0
00403 features=745 size=23 p=1 tap=43 reset=false scheme=4 ops=1,2,0,2,0,2,3,0,1,1,3,1,3,2,0,3,3,3,0,2,3,2,3,3,3,3,3,2,0,0,0,0,3,0,2,2,3,3,3,3,3,0,2,2,0,2,3,0,0,3,0,2,3,2,0,3,0,0,3,2,2,0,0,2 ks=224,0,0,255,6,0,0,254,1,0,0,0,0,239,0,0,0,0,0,0,0,128,0,0,0,41,137,0,0,15,0,0,0,42,0,0,0,2,4,2,0,0,0,235,41,0,0,0,0,0,0,143,171,0,0,24,0,118,0,130,141,163,0,0
00404 features=791 size=7 p=2 tap=43 reset=false scheme=4 ops=0,3,0,3,0,3,0,0,0,0,2,0,3,0,0,3,3,3,0,3,3,0,3,0,0,3,0,3,3,1,0,3,3,0,0,0,3,0,3,3,3,0,2,0,3,0,0,0,0,0,0,3,3,3,0,3,0,0,0,3,0,0,0,3 ks=0,0,0,0,0,0,0,0,0,0,0,0,0,0,0,0,0,0,0,0,0,0,0,0,91,0,1,0,0,0,0,0,0,0,0,0,0,0,0,16,0,0,0,0,254,0,0,0,0,0,0,0,0,1,0,0,0,0,158,60,0,0,0,0
00405 features=749 size=26 p=2 tap=36 reset=false scheme=4 ops=2,2,0,2,0,2,3,0,1,1,3,1,3,2,0,3,3,3,0,2,3,2,3,0,3,3,3,2,0,0,0,0,3,0,2,2,3,0,3,3,3,0,2,2,0,2,3,1,3,0,0,2,3,2,0,3,0,0,0,2,2,0,0,2 ks=224,0,0,255,6,0,0,255,0,0,127,0,0,239,0,0,0,0,0,0,0,90,0,138,0,41,137,131,0,15,0,0,0,42,0,0,0,2,4,247,0,0,0,235,41,0,0,0,66,19,0,143,171,0,0,0,0,118,0,0,141,163,0,65
00406 features=775 size=12 p=10 tap=43 reset=false scheme=4 ops=2,2,0,1,0,2,1,0,1,1,3,1,3,2,1,3,3,3,0,2,0,2,1,0,1,3,1,2,1,0,1,1,3,0,1,1,3,0,3,3,3,0,2,1,1,2,0,2,2,2,0,2,3,2,0,3,0,0,0,2,1,1,0,2 ks=0,0,0,0,8,0,0,0,0,255,0,0,0,127,53,0,0,0,0,0,0,0,0,0,0,0,0,0,0,0,1,0,0,0,0,157,0,0,0,0,0,0,0,162,0,0,0,0,0,0,0,0,0,0,0,0,0,1,0,2,253,163,0,65
00407 features=685 size=24 p=2 tap=43 reset=false scheme=4 ops=2,2,0,2,0,2,3,0,1,1,3,1,3,2,0,1,3,3,0,2,3,2,1,0,3,3,3,2,0,0,0,0,3,0,2,3,3,3,3,3,3,0,2,2,0,0,3,2,2,0,0,2,3,2,0,3,0,0,1,2,2,0,0,2 ks=224,0,0,255,6,32,0,255,0,0,0,0,0,239,0,0,0,255,0,0,0,0,0,138,0,41,137,131,0,15,0,0,0,42,0,0,1,0,0,0,0,0,0,235,41,0,0,0,66,19,0,143,171,0,0,0,0,118,0,0,141,163,0,65
00408 features=760 size=25 p=2 tap=43 reset=false scheme=4 ops=2,2,0,2,0,2,3,0,1,1,3,1,3,2,0,3,3,3,0,2,3,2,3,0,3,3,3,2,0,0,0,0,3,0,2,2,3,0,3,3,3,0,2,2,3,0,0,0,0,3,0,2,3,2,0,3,0,0,0,2,2,0,0,2 ks=224,0,0,255,6,0,0,255,1,0,0,0,0,239,0,0,0,0,0,0,0,90,0,170,0,0,137,131,0,15,0,0,0,42,0,0,0,2,4,255,0,0,0,235,41,0,0,0,0,0,0,143,171,0,0,0,0,118,3,2,141,163,0,65
00409 features=867 size=12 p=2 tap=43 reset=true scheme=4 ops=3,3,0,0,0,0,3,0,3,3,3,3,3,3,0,3,3,3,0,3,3,3,3,0,3,3,3,0,0,0,0,0,3,0,0,0,3,0,3,3,3,0,3,3,0,3,3,0,3,0,0,0,3,0,0,3,0,0,0,3,3,0,0,3 ks=0,0,0,0,0,0,0,0,0,0,0,0,0,0,0,0,0,255,0,254,0,0,0,138,0,41,0,131,0,0,0,0,0,42,0,2,0,2,4,0,0,0,72,221,41,0,0,0,0,0,0,0,0,0,0,0,0,0,0,0,0,0,0,0
00410 features=799 size=5 p=2 tap=43 reset=true scheme=4 ops=3,3,3,3,3,3,1,1,1,3,3,3,3,2,3,3,3,3,2,3,3,3,3,3,3,3,3,3,3,1,3,3,3,3,3,3,3,3,3,3,3,3,3,3,1,3,1,1,1,1,3,1,3,1,1,3,3,1,3,1,3,3,3,3 ks=0,0,0,0,0,0,0,0,0,0,0,0,0,0,0,0,0,0,0,0,0,0,0,0,0,0,0,0,0,0,0,0,0,32,0,0,0,128,0,0,1,0,0,64,83,0,0,0,0,0,0,0,0,0,0,0,0,0,0,0,0,0,0,0
00411 features=817 size=24 p=5 tap=43 reset=false scheme=1 ops=2,2,0,2,0,2,3,0,2,2,3,0,3,2,0,3,3,3,0,1,3,2,3,0,3,0,3,2,0,3,0,0,3,0,2,2,3,0,3,3,3,0,2,2,0,2,3,2,1,0,0,2,3,2,0,3,0,0,0,2,2,0,0,2 ks=0,0,0,8,6,0,0,252,0,0,85,0,0,37,0,0,0,0,0,0,0,90,0,138,0,41,137,131,0,15,0,0,0,42,0,0,0,0,0,247,0,0,0,235,41,208,0,29,66,0,0,143,171,0,0,0,0,118,0,0,141,163,0,65
00412 features=873 size=6 p=10 tap=43 reset=true scheme=5 ops=0,2,0,2,0,2,3,0,2,2,3,0,3,2,0,3,3,3,0,3,3,0,3,0,0,3,0,3,3,3,3,3,3,1,3,3,2,3,3,1,3,3,0,0,3,0,0,0,0,0,0,3,3,3,0,3,0,0,0,3,0,0,0,3 ks=0,0,0,0,0,0,0,255,0,0,0,0,0,239,0,0,0,0,0,0,0,0,0,0,0,0,0,0,0,15,0,0,0,0,0,0,0,0,124,0,2,0,2,0,0,0,0,0,0,0,0,0,0,0,0,0,0,0,0,0,0,0,0,0
00413 features=944 size=25 p=2 tap=43 reset=true scheme=4 ops=2,2,0,0,0,2,3,0,2,2,3,0,3,2,0,3,3,3,0,3,3,2,3,0,3,3,3,2,0,0,0,0,3,0,2,2,3,0,3,3,3,0,2,2,0,2,3,2,2,0,0,2,3,2,0,3,0,0,0,2,2,0,0,2 ks=224,0,0,0,6,0,0,255,0,0,62,0,0,0,16,0,0,0,244,0,0,90,0,138,0,41,137,131,0,255,0,0,0,42,0,0,0,0,0,247,0,0,0,235,41,0,0,0,66,19,0,143,171,0,0,0,0,246,2,0,141,163,0,65
00414 features=800 size=28 p=2 tap=43 reset=false scheme=4 ops=2,2,0,2,0,2,3,0,1,1,3,1,3,2,0,3,3,3,0,2,3,2,1,0,3,3,3,2,0,0,0,0,3,0,2,2,3,0,3,3,3,0,2,2,0,0,3,2,2,0,0,2,3,2,0,3,0,0,2,2,2,0,0,2 ks=224,64,0,127,6,32,0,255,0,0,0,0,0,239,0,0,0,255,0,0,0,0,0,138,0,41,137,131,0,15,0,0,0,42,0,0,0,2,4,247,0,0,0,233,41,0,0,0,66,19,0,143,171,0,0,0,0,118,41,0,141,163,0,65
00415 features=300 size=6 p=5 tap=5 reset=false scheme=2 ops=3,1,3,1,3,1,0,1,1,1,3,1,3,1,1,3,3,3,3,1,3,3,1,3,1,3,3,3,3,1,1,1,3,3,1,1,3,1,3,3,3,1,1,1,1,1,1,3,1,1,3,1,3,3,3,3,1,1,1,1,3,1,3,1 ks=0,0,0,0,248,0,0,127,0,0,0,85,0,0,0,0,224,131,0,0,0,0,0,0,0,0,0,0,0,0,0,0,0,0,128,0,0,0,0,0,0,0,0,0,0,0,0,0,0,0,0,0,0,0,0,0,0,0,0,0,0,0,0,0
00416 features=827 size=27 p=2 tap=43 reset=false scheme=4 ops=2,2,0,2,0,2,3,0,2,2,3,0,3,2,0,3,3,3,0,2,3,2,3,0,3,3,3,2,0,0,0,0,3,0,2,2,3,0,3,3,3,0,2,2,0,2,3,2,2,0,0,2,3,2,0,3,0,0,0,3,2,0,0,2 ks=224,0,65,0,6,0,0,255,0,0,62,0,0,239,0,0,0,0,0,0,0,90,0,138,253,41,137,131,0,15,0,0,0,42,0,0,0,32,0,247,0,0,0,235,41,0,0,0,66,19,0,143,171,0,0,0,0,118,0,0,141,163,1,65
00417 features=794 size=22 p=2 tap=43 reset=false scheme=4 ops=2,2,0,2,0,2,3,0,2,2,3,0,3,2,0,3,3,3,0,3,3,2,3,0,3,3,3,2,0,0,0,0,3,0,2,2,3,0,3,3,3,0,2,2,0,2,3,2,2,0,0,2,3,2,0,3,0,0,0,2,2,0,0,2 ks=224,0,0,0,6,0,0,255,0,0,62,0,0,239,0,0,0,0,0,0,0,90,0,138,0,41,137,131,0,15,0,0,0,42,0,0,0,0,0,247,0,0,0,235,41,0,0,0,66,19,0,143,171,0,0,0,0,0,0,0,141,163,0,65
00418 features=890 size=26 p=2 tap=43 reset=true scheme=3 ops=2,2,0,2,0,2,3,0,2,2,3,0,3,2,0,3,3,3,0,3,3,2,3,0,3,3,3,2,0,0,0,0,3,0,2,2,3,0,3,3,3,0,2,2,0,2,3,1,2,0,0,2,3,2,0,3,0,2,0,2,2,0,0,0 ks=224,128,0,0,10,0,0,255,0,0,62,0,0,239,0,0,0,0,0,254,0,90,0,138,0,41,137,131,0,15,32,0,0,42,0,0,0,0,0,247,0,0,0,235,41,0,0,0,66,19,0,143,171,0,0,0,0,118,0,0,141,163,0,65
00419 features=766 size=24 p=2 tap=43 reset=false scheme=4 ops=2,2,0,2,0,2,3,0,1,1,3,1,3,2,0,3,3,3,0,2,3,2,3,0,3,3,3,2,0,0,0,0,3,0,2,2,3,0,3,3,3,0,2,2,3,0,0,0,0,3,0,2,3,0,0,3,0,0,0,2,2,0,0,2 ks=224,0,0,255,6,0,0,255,1,0,0,0,0,239,0,0,0,0,0,0,0,90,0,170,0,0,137,131,0,15,0,0,0,42,0,0,0,2,4,255,0,0,0,235,41,0,0,0,0,0,0,143,171,0,0,0,0,118,0,2,141,163,0,65
00420 features=851 size=5 p=10 tap=4 reset=true scheme=4 ops=3,3,2,3,3,3,3,3,3,3,3,3,3,3,3,3,3,3,3,3,3,3,3,3,3,3,3,3,3,3,3,3,3,2,3,2,3,3,3,2,3,3,3,3,2,3,3,2,2,3,2,3,3,2,3,3,3,3,3,3,3,3,3,2 ks=0,0,0,0,156,0,0,0,0,0,0,0,0,0,0,0,0,0,0,0,0,0,0,0,0,0,0,0,0,0,0,0,0,92,0,0,0,0,0,0,66,0,0,235,0,0,0,0,0,221,0,0,0,0,0,0,0,0,0,0,0,0,0,0
00421 features=594 size=22 p=1 tap=43 reset=false scheme=5 ops=2,2,0,1,0,2,1,0,1,1,3,1,3,2,1,1,3,3,0,2,3,2,3,3,2,3,3,2,1,0,1,1,3,2,1,3,3,3,3,1,3,3,3,3,1,2,1,2,2,1,3,2,3,2,0,3,0,0,0,2,1,1,0,2 ks=224,0,0,0,6,2,0,255,0,0,58,0,0,239,0,0,0,0,0,0,0,0,0,1,0,0,0,0,0,15,0,0,0,42,0,0,0,0,86,0,2,0,0,235,116,0,0,0,66,19,0,143,171,0,0,0,0,118,0,2,132,163,0,65
00422 features=913 size=4 p=10 tap=43 reset=true scheme=4 ops=2,2,2,3,3,3,0,0,0,0,3,2,3,0,3,3,3,3,3,2,3,2,3,2,3,2,2,2,3,2,2,2,3,3,3,3,3,2,3,3,3,3,2,3,2,2,2,2,2,2,2,2,3,2,2,3,3,3,3,2,3,2,3,2 ks=0,0,0,0,0,0,0,0,0,0,0,0,0,0,0,0,0,0,0,0,128,0,0,0,0,0,0,0,0,0,202,0,1,0,0,0,0,0,0,0,0,0,0,64,0,0,0,0,0,0,0,0,0,0,0,0,0,0,0,0,0,0,0,0
00423 features=597 size=5 p=10 tap=3 reset=true scheme=0 ops=3,1,1,1,3,3,3,3,3,0,3,3,3,3,3,3,3,3,3,3,3,3,3,3,3,3,3,3,3,3,3,3,3,1,3,1,3,0,3,0,3,0,1,1,1,3,1,3,1,1,0,3,3,1,1,3,3,1,3,1,3,3,3,3 ks=0,0,0,0,0,0,0,0,0,0,0,0,0,0,0,2,0,0,0,0,0,0,252,0,0,0,0,0,0,15,1,0,0,42,0,0,0,0,0,0,0,0,0,0,0,0,0,0,0,0,0,0,0,0,0,0,0,0,0,0,0,0,0,0
00424 features=687 size=6 p=10 tap=43 reset=true scheme=4 ops=3,2,1,2,0,2,3,3,3,3,1,3,3,3,3,3,3,3,3,3,3,3,3,3,1,0,3,3,3,3,3,3,3,2,3,3,3,3,3,1,3,3,1,3,1,3,3,1,1,3,2,3,3,1,1,3,3,1,3,1,3,3,3,2 ks=0,0,0,0,0,0,0,0,0,0,0,0,0,0,0,0,0,0,0,0,0,0,0,0,0,0,0,0,0,15,0,0,0,0,0,0,0,0,86,247,2,0,0,235,0,254,0,0,0,0,0,0,0,0,0,0,0,0,0,0,0,0,0,0
00425 features=619 size=4 p=5 tap=8 reset=true scheme=4 ops=3,1,3,1,3,1,1,1,1,1,3,1,3,0,1,3,3,3,3,0,2,3,1,3,1,3,3,3,3,1,1,1,3,3,1,1,3,1,3,3,3,0,2,1,1,1,1,3,1,1,3,1,3,3,3,3,2,1,1,1,3,1,3,1 ks=0,0,0,0,0,184,0,0,0,0,0,0,0,0,128,0,0,0,0,0,0,0,0,0,0,0,0,0,0,0,0,0,0,0,0,0,0,0,0,0,0,0,0,0,194,0,0,0,0,0,0,128,0,0,0,0,0,0,0,0,0,0,0,0
00426 features=818 size=26 p=2 tap=43 reset=false scheme=4 ops=2,2,0,2,0,2,3,0,1,1,3,1,3,2,0,3,3,3,0,2,3,2,3,0,3,3,3,2,0,0,0,0,3,0,2,2,3,0,3,3,3,0,2,2,0,0,0,0,0,3,0,2,3,2,0,3,0,0,0,2,2,0,0,2 ks=224,0,0,255,6,0,0,255,0,0,0,0,0,239,0,0,0,0,0,0,0,90,253,138,0,41,137,131,0,15,0,0,0,42,0,0,0,2,4,247,0,0,0,235,41,0,0,115,0,0,0,255,171,0,0,0,0,118,0,2,141,163,0,65
00427 features=597 size=20 p=10 tap=43 reset=false scheme=4 ops=2,2,0,1,0,2,1,0,1,1,3,1,3,2,1,1,3,3,0,2,3,2,3,2,3,3,3,2,1,0,1,1,3,2,1,3,3,3,3,1,3,3,3,3,1,2,1,2,2,1,0,0,3,0,0,3,0,0,0,2,1,1,0,2 ks=224,0,0,0,6,2,0,255,0,0,58,0,0,239,0,0,0,0,0,0,0,0,0,0,0,0,0,16,0,15,0,0,0,42,0,0,0,0,254,0,2,0,0,235,116,0,0,0,98,19,0,0,0,0,0,0,0,118,0,2,132,163,0,65
00428 features=759 size=22 p=2 tap=43 reset=false scheme=4 ops=3,0,0,0,0,3,0,0,0,0,3,0,3,3,3,3,3,3,0,2,3,2,3,0,3,3,3,2,0,0,0,0,3,0,2,2,3,0,3,3,3,0,2,2,0,2,3,2,2,0,0,2,3,2,0,3,0,0,0,2,2,0,0,2 ks=224,0,0,0,6,0,0,0,0,0,0,0,0,239,0,0,0,0,0,0,0,90,0,138,0,57,137,131,0,15,0,0,0,42,0,0,0,0,0,247,0,0,0,235,41,208,0,0,66,19,0,143,171,0,0,0,0,118,0,0,141,163,0,73
00429 features=740 size=6 p=2 tap=43 reset=false scheme=4 ops=0,3,0,3,0,3,0,0,0,0,2,0,3,0,0,3,3,3,0,3,3,0,3,0,0,3,0,3,3,1,0,3,3,0,0,0,3,0,3,3,3,0,2,0,3,0,0,0,0,0,0,3,3,3,0,3,0,0,0,3,0,0,0,3 ks=0,0,0,0,0,0,0,0,0,0,0,0,0,131,0,0,0,211,0,0,0,0,0,0,0,0,0,0,0,0,0,0,0,0,0,0,0,0,0,16,0,0,0,0,254,0,0,0,0,0,0,0,0,0,0,0,0,0,158,60,0,0,0,0
00430 features=765 size=25 p=2 tap=43 reset=false scheme=4 ops=2,2,0,2,0,2,3,0,2,2,3,0,3,2,0,3,3,3,0,3,3,2,3,0,0,3,0,3,3,1,0,0,3,0,2,2,3,0,3,3,3,0,2,2,0,2,3,2,2,0,0,2,3,2,0,3,0,0,0,2,2,0,0,2 ks=224,0,0,0,10,0,0,255,4,0,62,64,0,239,0,0,0,254,0,103,0,90,0,0,0,0,1,0,0,0,0,253,0,42,0,0,0,0,0,247,0,32,0,235,41,0,0,0,66,19,0,143,171,0,0,0,0,118,0,0,77,163,0,65
00431 features=791 size=25 p=2 tap=43 reset=false scheme=4 ops=2,2,0,2,0,2,3,0,1,1,3,1,3,2,0,3,3,3,0,2,3,2,1,0,3,3,3,2,0,0,0,0,3,0,2,2,3,0,3,3,3,0,2,2,0,0,3,2,2,0,0,2,3,2,0,3,0,0,1,2,2,0,0,2 ks=224,0,0,255,6,32,0,255,0,0,0,0,0,239,0,0,0,160,0,0,0,0,0,138,0,41,137,131,0,15,0,0,0,42,0,0,0,2,4,247,0,0,0,235,41,0,0,0,66,19,0,143,171,0,0,0,0,118,0,0,141,163,0,0
00432 features=754 size=25 p=2 tap=43 reset=false scheme=2 ops=2,2,0,2,0,2,3,0,1,1,3,1,3,2,0,3,3,3,0,2,3,2,3,0,3,2,3,2,0,0,0,0,3,0,2,2,3,0,3,3,3,0,2,2,0,2,3,2,2,0,0,2,3,2,0,3,0,0,0,3,2,0,0,2 ks=224,0,0,255,6,0,0,212,0,0,0,0,0,239,0,0,0,0,0,0,0,90,0,138,0,0,137,131,0,15,0,0,0,42,0,0,0,196,0,247,0,0,2,235,41,0,0,0,66,19,0,143,0,0,1,0,120,255,0,0,141,161,0,65
00433 features=805 size=25 p=2 tap=43 reset=false scheme=4 ops=2,2,0,2,0,2,3,0,1,1,3,1,3,2,0,3,3,3,0,2,1,2,1,2,3,3,3,2,0,0,0,0,3,0,2,2,3,0,0,3,3,0,2,2,0,0,3,2,2,0,2,2,3,2,1,3,0,0,1,2,2,0,0,2 ks=224,0,0,127,6,32,0,255,0,0,0,0,0,0,0,0,0,255,0,0,0,0,0,128,0,41,137,131,0,2,0,0,0,42,0,0,0,2,4,247,0,0,0,235,41,0,0,191,255,18,0,0,0,0,0,1,0,118,41,0,141,0,0,65
00434 features=944 size=27 p=2 tap=43 reset=true scheme=4 ops=2,2,0,2,0,2,3,0,2,2,3,0,3,2,0,2,3,3,0,2,3,2,3,0,3,3,3,2,0,0,0,0,3,0,2,2,3,0,3,3,3,0,2,2,0,2,3,2,2,0,0,2,3,2,0,3,0,0,0,2,2,0,0,2 ks=224,0,65,0,6,0,0,255,0,0,62,0,0,239,0,0,0,128,0,0,0,90,0,138,0,41,137,132,0,14,0,253,0,42,0,0,4,0,0,247,0,16,1,235,41,0,0,0,214,0,0,143,171,0,0,0,0,255,0,0,141,163,0,0
00435 features=793 size=24 p=2 tap=43 reset=false scheme=4 ops=2,2,0,2,0,2,3,0,2,2,3,0,3,2,0,3,3,3,0,3,3,2,3,0,3,3,3,2,0,0,0,0,3,0,2,2,3,0,3,3,3,0,2,2,0,2,3,2,2,0,0,2,3,2,0,3,0,0,0,2,2,0,0,2 ks=224,0,0,0,6,0,0,255,0,0,62,0,0,239,0,0,0,0,0,0,0,90,0,138,0,41,137,131,0,15,0,0,0,42,0,0,0,0,0,247,0,0,0,235,41,0,0,0,66,19,0,143,171,0,0,0,0,246,2,0,141,118,0,1
00436 features=940 size=4 p=2 tap=43 reset=true scheme=4 ops=2,2,2,3,3,3,0,0,0,0,3,0,3,3,1,3,3,3,0,2,0,2,3,3,3,3,2,2,3,2,2,2,3,3,2,3,3,2,3,3,3,2,2,3,2,2,2,2,2,2,2,2,3,2,2,3,2,3,3,2,3,2,3,2 ks=0,0,0,0,0,0,0,0,0,0,0,0,0,0,0,0,0,0,0,0,0,0,0,0,0,0,0,0,0,0,202,0,8,0,0,0,0,0,0,0,0,0,0,64,4,0,0,0,0,0,0,0,0,0,0,0,0,0,0,0,0,0,0,0
00437 features=911 size=5 p=10 tap=43 reset=true scheme=4 ops=2,2,2,3,3,3,0,0,0,0,3,2,3,0,3,3,3,3,3,2,3,2,3,2,3,2,2,2,3,2,2,2,3,3,3,3,3,2,3,3,3,3,2,3,2,2,2,2,2,2,2,2,3,2,2,3,3,3,3,2,3,2,3,2 ks=0,0,0,0,0,0,0,0,0,0,0,0,0,0,0,0,0,0,0,2,0,0,0,0,0,0,127,0,0,0,202,0,1,0,0,0,0,0,0,0,0,0,0,64,0,0,0,0,0,0,0,0,0,0,0,0,0,0,0,0,0,0,0,0
00438 features=899 size=6 p=10 tap=43 reset=true scheme=4 ops=2,0,0,0,0,3,0,0,0,0,3,0,3,3,3,3,3,3,0,0,3,0,3,0,0,3,3,3,3,2,3,3,3,2,3,0,3,0,3,3,3,0,3,3,0,0,0,0,0,3,0,0,3,0,0,3,0,0,0,0,3,0,0,3 ks=0,0,0,0,0,0,0,0,0,0,0,0,0,239,0,0,0,0,0,0,0,0,0,0,0,0,0,131,0,15,0,0,0,0,0,0,0,0,86,247,0,0,0,235,0,0,0,0,0,0,0,0,0,0,0,0,0,0,0,0,0,0,0,0
00439 features=828 size=25 p=10 tap=43 reset=true scheme=3 ops=2,2,2,3,3,3,0,0,1,2,3,1,3,2,0,3,3,2,0,2,3,2,3,0,3,3,3,2,0,0,0,0,3,0,2,2,3,0,3,3,3,0,2,2,0,2,3,2,2,0,0,2,3,2,0,3,0,0,0,2,2,0,0,2 ks=140,0,0,0,0,0,0,0,0,0,0,0,0,239,0,0,2,0,0,0,0,90,0,138,0,41,137,131,0,15,0,0,0,128,0,0,0,66,4,247,0,0,0,235,41,0,0,0,66,19,4,143,171,0,0,8,0,255,0,0,141,163,0,254
00440 features=909 size=5 p=10 tap=43 reset=true scheme=5 ops=3,2,1,2,1,2,3,0,3,3,1,3,3,3,3,3,3,3,3,3,3,3,3,3,1,0,3,3,3,3,3,3,3,0,2,2,3,0,3,3,3,0,2,2,0,3,3,3,3,3,3,3,3,3,3,3,3,3,3,3,3,3,3,2 ks=0,0,0,0,0,0,0,0,0,0,0,0,0,0,0,0,0,0,0,0,0,0,0,0,0,0,0,0,0,15,0,0,0,42,0,0,0,0,0,247,0,0,0,235,41,0,0,0,0,0,0,0,0,0,0,0,0,0,0,0,0,0,0,0
00441 features=753 size=25 p=2 tap=43 reset=false scheme=4 ops=0,2,0,2,0,2,3,0,2,2,3,2,3,2,3,3,3,3,0,2,3,2,3,0,3,3,3,2,0,3,0,0,3,0,2,2,3,0,3,3,3,0,2,2,0,2,3,2,2,0,0,2,0,2,0,3,0,0,2,2,2,0,0,2 ks=224,0,0,0,6,0,0,255,0,0,62,0,0,0,0,0,0,0,0,0,0,90,0,138,0,43,137,131,0,15,0,0,0,42,165,0,0,0,0,247,0,0,0,235,41,0,0,0,66,19,0,143,163,0,0,0,0,118,8,0,141,118,32,65
00442 features=894 size=15 p=2 tap=43 reset=true scheme=0 ops=2,2,0,2,0,2,3,0,1,1,3,1,3,2,0,3,3,3,0,2,1,2,3,0,3,3,3,2,0,0,0,0,3,0,2,2,3,0,1,3,3,0,2,2,0,2,3,2,2,0,0,2,3,2,0,3,0,0,0,2,2,0,0,2 ks=0,0,0,0,6,0,0,0,0,0,0,0,0,239,0,0,0,0,0,0,0,86,0,140,0,0,137,127,0,15,0,0,0,42,0,0,0,2,4,247,0,0,0,235,41,0,0,0,0,0,0,0,171,0,0,0,0,255,0,0,0,0,0,0
00443 features=726 size=7 p=2 tap=43 reset=false scheme=5 ops=0,3,0,3,0,3,0,0,0,0,3,0,3,0,0,3,3,3,0,3,3,0,3,0,0,3,0,3,3,0,0,1,3,0,0,0,3,0,3,3,3,0,0,0,3,0,0,0,3,0,3,3,3,3,0,3,0,0,0,3,0,0,0,3 ks=0,0,0,0,0,157,0,0,0,0,0,0,0,0,0,0,0,0,0,0,0,0,0,0,91,0,1,0,0,0,0,0,0,0,0,0,0,0,0,0,0,0,0,0,0,0,0,2,16,0,0,0,0,0,0,0,0,0,0,0,0,1,0,158
00444 features=943 size=28 p=2 tap=43 reset=true scheme=4 ops=2,3,0,2,0,2,3,0,1,1,3,1,3,2,0,3,3,3,0,2,3,2,1,0,3,3,3,2,0,0,0,0,3,0,2,2,3,0,3,3,3,0,2,2,0,2,3,2,2,0,0,2,3,2,0,3,0,0,1,2,2,0,0,2 ks=224,254,0,255,6,32,121,255,0,0,0,0,0,239,0,0,0,255,0,0,0,0,0,138,0,41,137,131,0,15,0,0,0,42,0,0,0,126,4,247,0,0,0,235,41,0,0,0,66,19,0,143,171,0,0,135,0,118,0,0,141,0,0,65
00445 features=562 size=8 p=10 tap=4 reset=true scheme=3 ops=3,3,1,1,3,3,3,3,3,3,3,3,3,3,3,3,3,3,3,3,3,3,3,3,3,3,3,3,3,3,3,3,3,1,3,3,3,3,3,2,3,3,3,3,1,3,3,1,1,3,1,3,3,1,1,3,3,1,3,1,3,3,0,2 ks=0,0,0,0,156,0,0,0,0,0,0,0,0,0,0,0,0,0,0,0,0,0,0,0,0,0,64,2,0,0,0,0,0,42,0,0,0,0,0,0,66,0,0,235,0,0,0,164,0,0,0,0,0,0,0,0,21,0,0,0,0,0,0,0
00446 features=581 size=19 p=2 tap=43 reset=false scheme=4 ops=2,2,0,2,0,2,1,0,1,1,3,1,3,2,0,3,3,3,0,2,3,2,3,0,3,3,3,0,3,2,2,2,3,3,3,3,3,2,3,3,3,0,2,2,0,2,3,3,2,0,0,2,3,2,0,3,0,0,0,2,2,0,0,2 ks=224,0,255,255,6,0,0,255,0,0,0,0,0,237,105,0,0,0,0,0,0,90,0,138,0,0,0,0,0,0,0,0,0,0,0,0,0,0,0,247,0,0,0,235,41,0,2,64,0,19,0,0,171,0,0,0,0,0,0,0,141,163,0,65
00447 features=881 size=5 p=10 tap=43 reset=true scheme=4 ops=0,2,0,2,0,2,3,0,2,2,3,0,3,2,0,2,3,3,0,2,3,2,3,1,3,3,3,2,0,0,0,0,3,0,2,2,3,0,3,3,3,0,2,2,0,2,3,2,2,0,3,2,3,2,0,3,0,0,1,3,3,1,3,1 ks=0,0,0,0,0,0,0,0,0,0,0,0,0,0,0,0,0,0,0,0,0,0,0,0,0,0,0,0,0,0,0,253,0,42,0,0,0,0,0,247,0,16,0,0,41,0,0,0,0,0,0,0,0,0,0,0,0,0,0,0,0,0,0,0
00448 features=826 size=25 p=2 tap=43 reset=false scheme=1 ops=2,2,0,2,0,2,3,0,2,2,3,0,3,2,0,3,3,3,0,2,3,2,3,0,0,3,3,2,0,0,0,0,3,0,2,2,3,0,3,3,3,0,2,2,0,2,3,2,2,0,0,2,3,2,0,3,0,0,0,2,1,0,0,2 ks=224,0,65,0,6,0,0,255,0,0,62,0,0,239,0,0,0,0,0,0,0,90,0,138,0,57,137,131,0,15,0,0,0,42,0,0,0,0,0,247,0,0,0,33,41,208,0,0,66,51,0,143,171,0,0,0,0,118,0,0,141,163,0,65
00449 features=794 size=9 p=10 tap=43 reset=true scheme=3 ops=3,0,0,0,3,3,0,0,0,0,3,0,3,3,3,2,3,2,3,2,3,2,3,0,0,3,3,3,3,0,0,3,3,0,3,0,3,0,1,3,3,0,3,3,0,0,0,0,0,3,0,0,3,2,0,3,0,0,0,2,1,1,0,2 ks=0,0,0,0,0,0,0,0,0,0,0,0,0,0,0,0,0,0,0,253,0,0,0,4,253,0,0,0,0,0,0,0,0,42,0,0,0,0,86,247,2,0,0,235,116,0,0,0,0,0,0,0,0,0,0,0,0,0,0,0,0,0,0,0
00450 features=816 size=20 p=2 tap=43 reset=false scheme=4 ops=2,2,0,2,0,2,3,0,1,1,3,1,3,2,0,3,3,3,0,2,3,2,3,0,3,3,3,2,0,0,0,0,3,0,2,2,3,0,3,3,3,0,2,2,0,0,0,0,0,3,0,0,3,0,0,3,0,0,0,0,0,0,0,2 ks=224,16,0,255,6,0,0,255,0,0,0,0,0,239,0,0,0,0,0,0,0,90,253,138,0,41,137,131,0,15,0,0,0,42,0,0,0,2,4,247,0,0,0,235,41,0,0,0,0,0,0,0,0,0,0,0,0,0,0,0,0,0,0,65
00451 features=751 size=22 p=2 tap=16 reset=true scheme=3 ops=2,2,2,1,1,2,1,1,1,2,2,1,1,2,1,3,2,1,1,2,3,0,3,0,0,3,3,3,3,0,0,1,3,0,1,1,3,0,3,2,1,2,2,1,1,2,1,2,2,1,2,2,1,2,1,2,0,2,2,2,1,1,0,2 ks=224,0,0,0,6,0,0,0,0,0,62,0,0,237,0,0,0,172,0,0,0,90,0,138,0,41,0,131,0,15,0,0,0,0,0,0,238,0,243,247,0,0,0,235,41,0,0,0,0,19,0,142,171,0,0,0,0,2,0,0,141,167,0,165
00452 features=682 size=7 p=2 tap=43 reset=true scheme=1 ops=3,3,3,3,3,3,3,3,3,3,3,3,3,3,3,3,3,3,3,3,3,3,3,3,3,3,3,3,3,0,0,0,3,0,2,2,3,0,3,3,3,0,2,2,0,2,3,3,3,3,3,3,3,3,3,3,3,3,3,3,3,3,3,3 ks=0,0,0,0,0,0,0,0,0,0,0,0,0,0,0,0,0,0,0,0,0,0,0,0,0,0,0,0,0,15,0,0,0,42,0,0,0,2,4,247,0,0,0,235,41,0,0,0,0,0,0,0,0,0,0,0,0,0,0,0,0,0,0,0
00453 features=763 size=11 p=2 tap=43 reset=false scheme=4 ops=2,2,0,2,0,2,3,0,2,2,3,0,3,2,2,0,3,3,3,2,3,2,3,3,2,3,3,2,0,0,0,0,3,0,2,2,3,0,3,3,3,0,2,2,0,2,3,2,2,0,0,2,3,2,0,3,0,0,0,2,2,0,0,2 ks=0,0,0,0,0,0,0,0,0,0,0,0,0,0,0,0,0,0,0,253,0,0,0,252,0,0,0,0,0,15,0,0,0,42,161,0,0,0,0,247,0,32,1,235,38,0,128,0,0,0,0,0,0,0,0,0,0,0,0,0,0,0,0,0
00454 features=808 size=25 p=2 tap=43 reset=false scheme=4 ops=2,2,0,2,0,2,3,0,1,1,3,1,3,2,0,3,3,3,0,2,1,2,1,2,3,3,3,2,0,0,0,0,3,0,2,2,3,0,0,3,3,0,2,2,0,0,3,2,2,0,0,2,3,2,0,3,0,0,1,2,2,0,0,2 ks=224,0,0,127,6,32,0,255,0,0,0,0,0,0,0,0,0,255,0,0,0,0,0,0,0,41,137,131,0,15,0,0,0,42,0,0,0,2,4,247,0,0,0,235,41,0,0,191,66,18,0,0,171,0,0,0,0,118,41,0,141,163,0,65
00455 features=751 size=19 p=5 tap=43 reset=false scheme=4 ops=2,0,0,2,0,2,3,0,1,1,3,1,3,2,1,3,3,3,0,2,3,1,1,0,3,3,3,2,0,0,0,0,3,0,2,2,3,0,3,3,3,0,2,2,0,2,3,2,2,0,0,2,0,2,0,3,0,0,0,2,2,0,0,2 ks=224,0,0,0,6,0,0,0,0,0,0,0,0,0,0,0,0,0,0,0,0,0,212,0,0,0,137,131,32,15,0,0,0,2,0,0,0,0,0,247,0,0,0,235,41,0,0,0,66,19,0,0,171,0,0,0,0,118,0,0,141,163,249,65
00456 features=986 size=24 p=2 tap=43 reset=true scheme=4 ops=2,2,0,2,0,2,3,0,2,2,3,0,3,2,0,3,3,3,0,3,3,2,3,0,3,3,3,2,0,0,0,0,3,0,2,2,3,0,3,3,3,0,2,2,0,2,3,2,2,0,0,2,3,2,0,3,0,0,0,2,2,0,0,2 ks=224,0,0,0,10,0,0,255,0,0,62,0,0,239,0,0,0,0,0,0,0,90,0,138,0,41,137,131,0,15,0,0,0,42,0,0,0,0,0,247,0,0,75,235,41,0,0,0,66,19,0,143,171,0,0,0,0,118,0,0,141,163,0,65
00457 features=837 size=24 p=2 tap=43 reset=false scheme=1 ops=2,2,0,2,0,2,3,0,2,2,3,0,3,2,0,3,3,3,0,2,3,2,3,0,0,3,3,2,0,0,0,0,3,0,2,2,3,0,3,3,3,0,2,2,0,2,3,2,2,0,0,2,3,2,0,3,0,0,0,2,1,0,0,2 ks=224,0,0,0,6,0,0,255,0,0,62,0,0,239,0,0,0,0,0,0,0,90,0,138,0,57,137,127,0,15,0,0,0,42,0,0,0,0,0,247,0,0,0,33,41,208,0,0,66,51,0,143,171,0,0,0,0,118,0,0,141,163,0,65
00458 features=280 size=1 p=10 tap=43 reset=false scheme=4 ops=3,3,1,1,3,3,3,3,3,3,3,3,3,3,3,3,3,3,3,3,3,3,3,0,0,3,3,3,3,0,3,3,3,2,3,0,3,0,3,0,3,0,3,1,1,3,1,3,1,1,0,3,3,1,1,3,3,1,3,1,3,3,3,3 ks=0,0,0,0,0,0,0,0,0,0,0,0,0,0,0,0,0,0,0,0,0,0,0,0,0,0,0,0,0,0,0,0,0,42,0,0,0,0,0,0,0,0,0,0,0,0,0,0,0,0,0,0,0,0,0,0,0,0,0,0,0,0,0,0
00459 features=900 size=16 p=5 tap=44 reset=true scheme=4 ops=3,0,0,2,0,2,3,0,1,1,3,1,3,2,1,3,3,3,0,2,3,2,3,0,0,3,3,3,3,2,3,3,3,3,3,3,3,2,3,3,3,3,2,3,2,2,3,2,2,0,0,2,0,1,0,3,0,0,0,1,3,3,3,3 ks=127,0,1,0,8,0,0,0,0,0,255,0,4,0,0,0,0,143,0,0,0,62,0,0,0,0,0,131,0,15,0,0,0,0,0,0,0,0,0,0,0,0,0,64,0,243,0,0,66,247,0,0,175,0,0,0,0,118,0,127,0,0,0,0
00460 features=772 size=28 p=1 tap=43 reset=false scheme=2 ops=3,2,0,2,0,2,3,0,1,1,3,1,3,2,0,3,3,0,0,2,3,2,1,0,3,3,3,2,0,0,0,0,3,0,2,2,3,0,3,3,3,3,2,2,0,2,3,2,2,0,0,2,3,2,0,3,0,0,1,2,2,0,0,2 ks=224,254,0,255,6,32,0,255,0,0,0,0,0,239,2,0,0,255,0,0,0,252,0,138,0,41,137,131,109,15,0,0,0,42,0,0,0,0,0,247,0,0,0,235,41,0,0,0,66,19,0,143,171,0,0,0,0,118,0,0,141,163,0,65
00461 features=557 size=23 p=10 tap=43 reset=false scheme=4 ops=2,2,0,1,0,2,1,0,1,1,3,1,3,2,3,3,3,3,3,2,3,2,3,2,3,3,3,2,1,0,1,1,3,2,1,3,3,3,3,1,3,3,3,3,1,2,1,2,2,1,0,0,3,0,0,3,0,0,0,2,1,1,0,2 ks=224,0,0,0,6,0,0,255,0,1,58,0,0,239,0,0,0,0,0,0,0,0,0,0,0,157,0,16,0,15,0,0,0,42,0,0,0,0,254,0,2,0,251,235,116,0,0,0,98,19,0,0,0,254,0,0,0,118,0,2,132,163,0,65
00462 features=695 size=25 p=5 tap=43 reset=false scheme=3 ops=2,2,2,3,3,3,0,0,1,1,3,1,3,2,0,3,3,3,0,2,3,2,3,0,3,3,3,2,0,0,0,0,3,0,2,2,2,0,3,3,3,0,2,2,0,2,3,1,2,0,0,2,3,2,0,3,0,0,0,2,2,0,0,2 ks=222,0,0,0,0,0,0,0,0,0,0,0,0,239,0,0,2,0,0,0,0,90,0,128,0,41,137,131,0,15,0,0,0,128,0,128,0,2,4,27,0,0,0,235,41,0,0,0,66,19,0,143,171,0,0,0,0,255,0,0,141,222,64,65
00463 features=636 size=7 p=10 tap=43 reset=true scheme=4 ops=3,3,1,1,3,3,3,3,3,3,3,3,3,3,3,3,3,3,3,3,3,3,3,3,3,3,3,3,3,3,3,3,3,1,3,1,3,0,3,0,1,0,3,1,1,2,1,3,1,3,3,3,3,3,3,3,3,3,3,3,3,3,3,3 ks=0,0,0,0,0,0,0,0,0,0,0,0,0,0,0,2,0,0,0,0,0,0,252,0,0,0,0,0,16,15,0,0,0,42,0,32,0,0,4,0,0,0,0,0,0,0,0,0,0,0,0,0,0,0,0,0,0,0,0,0,0,0,0,0
00464 features=1019 size=4 p=2 tap=43 reset=true scheme=1 ops=2,2,0,2,0,2,3,0,2,2,3,0,3,2,0,3,3,3,0,2,3,2,3,0,0,3,3,2,0,0,0,0,3,0,2,2,3,0,3,3,3,0,2,2,0,2,3,2,2,0,0,2,3,2,0,3,0,0,0,2,2,0,0,2 ks=0,0,0,0,0,0,0,0,0,0,0,0,0,0,0,0,0,0,0,0,0,0,0,0,0,0,0,0,0,0,0,0,0,42,0,0,0,0,0,247,0,0,0,0,41,208,0,0,0,0,0,0,0,0,0,0,0,0,0,0,0,0,0,0
00465 features=819 size=21 p=10 tap=43 reset=false scheme=2 ops=2,2,0,2,0,2,3,0,1,1,3,1,3,2,0,3,3,3,0,2,3,2,3,0,3,3,0,2,0,0,0,0,3,0,2,2,3,0,3,3,3,0,2,2,0,0,0,0,0,3,0,0,3,0,0,3,0,0,0,0,0,0,0,2 ks=224,16,0,255,6,0,0,255,0,0,0,0,0,239,0,0,0,0,0,0,0,90,253,138,0,2,0,131,0,15,0,0,0,42,0,0,0,2,4,247,0,0,0,235,41,0,0,0,0,0,0,128,0,0,0,0,0,0,0,0,0,2,0,65
00466 features=766 size=25 p=2 tap=43 reset=false scheme=4 ops=0,2,0,2,0,2,3,0,2,2,3,2,3,2,3,3,3,3,0,2,3,2,3,0,3,3,3,2,0,3,0,0,3,0,2,2,3,0,3,3,3,0,2,2,0,2,3,2,2,0,0,2,0,2,0,3,0,0,2,2,2,0,0,2 ks=224,0,0,0,6,0,0,255,0,0,62,0,0,0,0,0,0,0,0,0,0,90,0,138,0,43,137,131,0,15,0,0,0,42,0,0,0,0,0,247,0,0,0,235,41,0,0,0,66,19,0,143,163,0,0,1,0,118,8,0,141,118,32,65
00467 features=906 size=8 p=5 tap=43 reset=true scheme=4 ops=1,2,2,3,3,3,0,1,0,0,3,2,3,2,3,3,3,3,3,2,3,2,3,2,1,3,3,2,2,2,2,2,3,3,3,3,3,2,3,3,3,2,2,3,2,2,2,2,2,2,2,2,3,2,2,3,3,3,3,2,3,0,3,3 ks=0,0,0,0,0,0,0,0,0,0,0,0,0,0,64,0,0,0,0,0,0,0,0,0,0,0,32,0,0,0,0,0,0,32,0,0,0,0,0,0,0,0,0,64,0,0,0,0,16,0,0,8,0,0,0,0,0,0,254,0,0,254,0,0
00468 features=371 size=2 p=2 tap=43 reset=false scheme=4 ops=1,2,0,2,0,2,3,0,1,1,3,1,3,1,1,3,3,3,3,1,3,1,2,0,3,3,3,3,3,1,1,1,3,3,1,1,3,2,3,3,3,3,2,3,3,3,3,3,3,3,3,1,3,3,1,3,1,3,3,1,1,3,1,1 ks=0,0,0,0,0,0,0,0,0,0,0,0,0,0,0,0,0,0,0,0,0,0,0,0,0,0,0,0,0,0,0,0,0,0,0,0,0,0,0,0,0,22,0,64,0,0,0,0,0,0,0,0,0,0,0,0,0,0,0,0,0,0,0,0
00469 features=786 size=27 p=2 tap=43 reset=false scheme=2 ops=2,2,0,2,0,2,3,0,2,2,3,0,3,2,0,3,3,3,0,2,3,2,3,0,3,3,3,2,0,0,0,0,3,0,2,2,3,0,3,3,3,0,2,2,0,2,3,2,2,0,0,2,3,2,0,3,0,0,0,2,2,0,0,2 ks=224,0,32,0,6,0,0,255,0,0,62,0,0,239,0,0,0,0,0,0,0,90,0,138,0,106,137,131,0,15,0,0,0,42,0,0,0,0,0,247,0,32,0,235,41,0,0,0,66,19,0,143,171,49,0,0,0,118,0,63,141,163,0,65
00470 features=776 size=18 p=1 tap=43 reset=false scheme=4 ops=2,0,0,2,0,2,3,0,1,1,3,1,3,2,1,3,3,3,0,2,3,2,1,2,3,3,3,2,0,2,2,2,3,0,2,2,3,0,3,3,3,0,2,2,0,2,3,2,2,0,0,2,0,2,0,3,0,0,0,2,2,0,2,2 ks=224,0,0,0,6,0,0,0,0,0,0,0,0,0,0,0,0,0,0,0,0,0,0,0,0,0,137,131,32,0,202,0,0,42,0,0,0,0,0,247,0,0,0,235,41,0,0,0,66,19,0,0,171,0,0,0,0,118,0,0,141,163,249,65
00471 features=533 size=6 p=2 tap=43 reset=false scheme=4 ops=2,2,2,3,3,3,0,0,0,0,3,2,3,2,3,3,3,3,3,2,3,2,3,2,1,3,3,2,3,2,2,2,3,3,3,3,3,2,3,3,3,2,2,3,2,2,1,2,2,2,2,2,3,2,2,3,3,3,3,2,3,2,3,2 ks=0,0,0,254,0,0,0,0,0,0,0,0,0,0,0,0,0,0,0,0,0,0,0,0,156,0,32,0,0,0,1,0,0,0,0,0,0,0,0,0,0,0,0,64,4,0,0,0,0,0,0,0,0,0,0,0,0,0,0,0,0,0,0,0
00472 features=850 size=3 p=10 tap=43 reset=true scheme=4 ops=2,0,0,0,0,3,0,1,1,1,3,1,3,2,1,3,3,3,0,0,3,0,3,3,0,3,3,3,3,2,3,3,3,2,3,0,3,0,3,3,3,0,3,3,0,0,0,0,0,3,0,0,3,0,0,3,0,0,0,0,3,0,0,3 ks=0,0,0,0,0,0,0,0,0,0,0,0,0,0,0,0,0,0,0,25,0,0,0,0,0,0,0,0,0,0,0,0,0,0,0,0,0,0,0,247,0,0,0,235,0,0,0,0,0,0,0,0,0,0,0,0,0,0,0,0,0,0,0,0
00473 features=471 size=4 p=5 tap=43 reset=false scheme=4 ops=2,0,0,2,0,2,3,0,1,1,3,1,3,2,1,3,3,3,3,1,3,3,1,3,1,3,3,3,3,1,1,3,3,3,3,3,3,3,3,3,3,3,2,2,0,2,3,0,2,0,0,2,0,2,0,3,0,0,0,2,2,0,0,2 ks=0,0,0,0,0,0,0,255,0,0,0,0,0,0,0,0,0,0,0,0,0,0,0,0,0,0,0,0,0,0,0,0,0,0,0,0,0,0,0,247,0,0,0,235,41,0,0,0,0,0,0,0,0,0,0,0,0,0,0,0,0,0,0,0
00474 features=886 size=6 p=10 tap=43 reset=true scheme=5 ops=3,2,1,2,1,2,3,0,3,3,1,3,3,3,3,3,3,3,3,3,3,3,3,3,1,0,3,3,3,3,3,3,3,0,2,2,3,0,3,3,3,0,2,2,0,3,3,3,3,3,3,3,3,3,3,3,3,3,3,3,3,3,3,2 ks=0,0,0,0,0,0,0,0,0,156,0,0,0,0,0,0,0,0,0,0,0,0,0,0,0,0,0,0,0,15,0,0,0,42,0,0,0,0,0,247,0,0,0,235,41,0,0,0,0,0,0,0,0,0,0,0,0,0,0,0,0,0,0,0
00475 features=522 size=5 p=5 tap=43 reset=false scheme=3 ops=2,2,2,3,3,3,3,3,3,3,3,2,3,3,3,3,3,3,0,2,3,3,3,3,2,3,3,3,3,3,3,3,3,3,3,3,3,0,3,3,3,0,0,2,0,1,3,2,2,0,0,2,3,2,0,3,0,0,0,2,2,0,0,2 ks=0,0,0,0,0,0,0,0,0,0,0,0,0,0,0,0,0,0,0,0,0,0,0,0,0,0,0,0,0,0,0,4,0,0,0,0,0,0,4,247,0,0,0,235,41,0,0,0,0,0,0,0,0,0,0,0,0,0,0,0,0,0,0,0
00476 features=806 size=25 p=2 tap=43 reset=false scheme=4 ops=2,2,0,2,0,2,3,0,2,2,3,0,3,2,0,3,3,3,0,2,3,2,3,0,3,3,3,2,0,0,0,0,3,0,2,2,3,0,3,3,3,0,2,2,0,2,3,2,2,0,0,2,3,2,0,3,0,0,0,2,2,0,0,2 ks=224,0,65,0,6,0,0,255,0,0,62,0,0,239,0,0,0,0,0,0,0,90,0,138,0,57,137,131,0,15,0,0,0,42,0,0,0,0,0,247,0,0,0,235,41,208,0,255,66,19,0,143,0,0,0,0,0,118,0,0,141,163,0,73
00477 features=840 size=5 p=10 tap=4 reset=true scheme=4 ops=3,3,2,3,3,3,3,3,3,3,3,3,3,3,3,3,3,3,3,3,3,3,3,3,3,3,3,3,3,3,3,3,3,2,3,2,3,3,3,2,3,3,3,3,2,3,3,2,2,3,2,3,3,2,3,3,3,3,3,3,3,3,3,2 ks=0,0,0,0,158,0,0,0,0,0,0,0,0,0,0,0,0,0,0,0,0,0,0,0,0,0,0,0,0,0,0,0,0,42,0,0,0,0,0,0,66,0,0,235,0,0,0,0,0,221,0,0,0,0,0,0,0,0,0,0,0,0,0,0
00478 features=749 size=14 p=1 tap=43 reset=false scheme=0 ops=2,0,0,2,0,2,3,0,1,1,3,1,3,2,1,3,3,3,0,2,3,2,1,2,3,3,3,2,0,0,0,0,3,0,2,2,3,0,3,3,3,0,2,2,0,2,3,2,2,0,0,2,3,2,0,3,0,0,0,2,1,1,0,2 ks=224,0,0,0,6,0,0,0,0,0,0,0,0,0,0,0,0,0,0,0,0,0,0,0,1,0,0,131,32,15,0,0,0,42,0,0,0,0,0,247,0,0,0,235,41,0,0,0,66,19,0,0,0,0,0,0,0,0,0,0,0,0,253,65
00479 features=939 size=8 p=5 tap=43 reset=true scheme=4 ops=3,2,0,0,3,1,0,0,0,0,3,0,3,3,3,3,3,3,0,0,3,0,3,0,0,3,3,3,3,0,3,3,3,0,3,0,3,0,3,3,3,0,3,3,0,0,0,0,0,3,0,0,3,0,0,3,0,0,0,0,3,0,0,3 ks=0,0,0,0,0,0,0,0,0,0,0,0,0,0,0,0,0,0,0,0,0,0,0,0,0,0,0,0,0,7,0,0,0,42,0,0,0,0,86,247,2,0,0,235,116,187,0,0,0,0,0,0,0,0,0,0,0,0,0,0,0,0,0,0
00480 features=705 size=5 p=2 tap=43 reset=false scheme=5 ops=0,3,0,3,0,3,0,0,0,0,3,0,3,0,0,3,3,3,0,3,3,0,3,0,0,3,0,3,3,1,0,3,3,0,0,0,3,0,3,3,3,0,0,0,3,0,0,0,0,0,0,3,3,3,0,3,0,0,0,3,0,0,0,3 ks=0,0,0,0,0,0,0,0,0,0,0,0,0,0,0,0,0,0,0,0,0,0,0,0,91,128,1,0,0,0,0,0,0,0,0,0,0,0,0,0,0,0,0,0,0,0,0,0,16,0,0,0,0,0,0,0,0,0,0,0,0,254,0,0
00481 features=849 size=29 p=1 tap=43 reset=false scheme=4 ops=0,2,0,1,0,2,1,0,1,1,3,1,3,2,1,1,3,3,0,2,3,2,1,0,0,0,1,2,1,0,1,1,3,0,1,1,3,0,3,3,3,0,2,1,1,2,1,2,2,1,0,2,3,2,0,3,0,0,0,3,1,1,2,2 ks=224,0,0,0,6,0,0,255,0,0,62,0,0,239,0,0,0,0,0,112,18,91,0,138,0,41,137,131,128,15,0,0,0,42,0,0,0,0,86,247,0,0,0,235,41,0,88,0,66,19,0,143,171,0,0,0,0,118,1,0,129,163,0,65
00482 features=727 size=22 p=2 tap=43 reset=false scheme=4 ops=2,2,0,2,0,2,3,0,1,1,3,1,3,2,0,3,3,3,0,1,3,3,1,3,3,3,3,2,0,0,0,0,3,0,2,2,3,0,3,3,3,0,2,2,0,0,0,0,0,3,0,2,3,2,0,3,0,0,0,2,2,0,0,2 ks=224,0,0,255,6,0,0,255,0,0,0,0,0,239,0,0,0,0,0,0,0,0,0,0,0,41,137,131,0,15,0,0,0,42,0,0,0,2,4,247,0,0,0,235,41,0,0,0,0,0,0,143,171,0,0,0,0,118,0,2,141,163,0,65
00483 features=863 size=6 p=5 tap=43 reset=true scheme=5 ops=0,3,0,2,0,2,3,0,2,2,3,0,3,2,0,3,3,3,0,3,3,0,3,0,0,3,0,3,3,3,3,3,3,1,3,3,2,3,3,1,3,3,0,0,3,0,0,0,0,0,0,3,3,3,0,3,0,0,0,3,0,0,0,3 ks=0,0,0,0,0,0,0,255,0,0,0,0,0,239,0,0,0,0,0,0,0,0,0,0,0,0,0,0,0,15,0,0,0,42,0,0,0,0,124,0,2,0,0,0,0,0,0,0,0,0,0,0,0,0,0,0,0,0,0,0,0,0,0,0
00484 features=583 size=5 p=5 tap=43 reset=false scheme=4 ops=3,0,0,0,0,3,0,0,0,1,3,0,3,3,3,3,3,3,0,0,3,0,3,0,0,3,3,3,3,0,3,3,3,0,3,0,3,0,3,3,3,0,2,2,0,2,3,2,2,0,0,2,3,2,0,3,0,0,0,0,3,0,0,3 ks=0,0,0,0,0,0,0,0,0,0,0,0,0,0,0,0,0,0,0,0,0,0,0,0,0,0,0,0,0,0,0,252,0,0,0,0,0,0,0,247,0,0,0,33,41,208,0,0,0,0,0,0,0,0,0,0,0,0,0,0,0,0,0,0
00485 features=788 size=24 p=5 tap=43 reset=false scheme=1 ops=2,2,2,2,0,2,3,0,2,2,3,0,3,2,0,3,3,3,0,1,3,2,3,0,3,3,3,2,0,3,0,0,3,0,2,2,3,0,3,3,3,0,2,2,0,2,3,2,2,0,0,2,3,2,0,3,0,0,0,2,2,0,0,2 ks=0,0,0,0,6,0,0,255,2,0,62,0,0,37,0,0,0,0,0,0,0,90,0,138,0,41,137,131,0,15,0,0,0,42,0,0,0,0,0,247,0,0,0,235,41,208,0,29,66,19,0,143,171,0,0,0,0,118,0,0,0,163,0,65
00486 features=693 size=15 p=10 tap=38 reset=true scheme=4 ops=3,2,1,1,3,3,3,3,3,3,3,3,3,3,3,3,3,3,3,3,3,3,3,3,3,3,3,1,3,1,3,3,3,3,3,3,3,1,3,3,3,1,3,3,1,2,3,3,1,1,2,3,3,1,2,3,3,1,3,1,3,3,3,3 ks=0,0,0,85,0,3,0,0,252,0,0,0,0,0,0,2,0,0,0,0,0,0,252,0,0,0,0,0,0,15,0,0,0,42,142,0,0,0,86,247,89,0,0,235,41,0,0,0,0,0,0,0,0,0,0,0,0,201,0,0,0,203,0,0
00487 features=738 size=26 p=2 tap=36 reset=false scheme=4 ops=2,2,0,2,0,2,3,0,1,1,3,1,3,2,0,3,3,3,0,2,3,2,3,0,3,3,3,2,0,0,0,0,3,0,2,2,3,0,3,3,3,0,2,2,0,2,3,2,2,0,0,2,3,2,0,3,0,0,0,2,2,0,0,2 ks=224,0,0,255,6,0,0,255,0,0,127,0,0,239,0,0,0,0,0,0,0,90,0,138,0,41,137,131,0,15,0,0,0,42,0,0,0,2,4,247,0,0,0,235,41,0,0,0,66,19,0,143,171,0,0,0,0,118,0,0,141,163,0,65
00488 features=792 size=23 p=2 tap=43 reset=false scheme=4 ops=2,2,0,2,0,2,3,0,1,1,3,1,3,2,0,3,3,3,0,2,3,2,3,0,3,3,3,2,0,0,0,0,3,0,2,2,3,0,3,3,3,0,2,2,0,0,0,0,0,3,0,2,3,2,0,3,0,0,0,2,2,0,0,2 ks=224,0,0,152,6,0,0,0,0,0,0,0,0,239,0,0,0,0,0,0,0,90,0,138,0,41,137,131,0,15,0,0,0,42,0,0,0,2,4,247,0,0,0,235,41,0,0,0,0,0,0,143,171,0,0,0,0,118,0,2,141,163,0,65
00489 features=752 size=7 p=1 tap=43 reset=true scheme=3 ops=0,3,0,3,0,0,3,0,0,0,3,0,3,3,0,3,3,3,0,3,3,0,3,3,3,3,3,0,3,3,3,0,3,3,3,3,3,0,3,3,3,0,3,0,0,0,3,3,3,0,0,0,0,3,0,3,0,0,0,3,3,0,0,0 ks=0,0,0,255,0,0,0,0,0,0,0,0,0,239,0,0,0,0,0,0,0,0,0,0,0,0,0,0,0,0,64,0,0,0,0,0,0,0,0,247,0,0,2,235,41,0,0,0,0,0,0,0,0,0,0,0,0,0,0,0,0,0,0,0
00490 features=634 size=7 p=5 tap=43 reset=false scheme=4 ops=2,1,0,2,0,2,3,0,2,2,3,0,3,1,2,2,3,3,3,2,3,2,3,3,2,3,3,3,2,3,3,3,3,1,3,3,3,3,3,1,3,0,2,2,0,2,0,0,0,3,0,2,3,2,0,3,0,0,0,2,2,0,0,2 ks=0,0,0,0,0,0,0,0,0,0,0,0,0,0,0,0,0,0,0,247,0,0,0,0,0,0,0,0,0,0,0,0,0,42,0,0,0,0,124,0,2,0,128,235,41,0,0,0,0,0,0,0,0,0,0,0,0,0,0,0,0,0,0,0
00491 features=560 size=8 p=5 tap=43 reset=false scheme=3 ops=2,2,2,3,3,3,3,3,3,2,3,2,3,2,2,3,3,3,2,2,3,2,3,3,3,3,3,2,2,2,2,3,3,3,2,2,2,2,3,3,3,3,2,2,3,2,3,2,2,3,2,2,3,2,3,2,1,2,3,2,2,2,3,2 ks=0,0,0,0,0,0,0,0,0,0,0,0,0,0,0,16,0,0,0,0,0,0,0,0,1,0,0,0,0,0,0,0,0,128,0,0,0,2,4,35,0,0,0,235,41,0,0,0,0,0,0,0,0,0,0,0,0,0,0,0,0,0,0,0
00492 features=759 size=19 p=1 tap=43 reset=false scheme=4 ops=2,0,0,2,0,2,3,0,1,1,3,1,3,2,1,3,1,3,0,2,3,2,1,2,3,3,3,2,0,0,0,0,3,0,2,2,3,0,3,3,3,0,2,2,0,2,3,2,2,0,0,2,0,2,0,3,0,0,0,2,2,0,2,2 ks=224,0,0,0,6,0,0,0,0,0,0,252,0,0,0,0,0,0,0,0,0,0,0,0,0,0,137,131,32,224,0,0,0,42,0,0,0,0,0,247,0,0,0,235,41,0,0,0,66,19,0,0,171,0,0,0,0,118,0,0,141,163,249,65
00493 features=786 size=26 p=2 tap=43 reset=false scheme=0 ops=2,2,0,2,0,2,3,0,1,1,3,1,3,2,0,3,3,3,0,2,3,2,1,0,3,3,3,2,0,0,0,0,3,0,2,2,3,0,3,3,3,0,2,2,0,2,3,2,2,0,0,2,3,2,0,3,0,0,1,2,2,0,0,2 ks=224,0,0,255,6,32,0,255,0,0,0,0,0,128,0,0,0,255,0,0,0,0,0,138,0,41,137,131,0,15,0,0,0,42,0,0,0,2,4,241,0,223,0,235,41,0,0,0,66,19,0,143,171,0,0,0,0,254,0,0,2,0,0,65
00494 features=872 size=1 p=2 tap=43 reset=true scheme=4 ops=0,0,0,0,0,3,0,0,2,2,3,0,3,2,0,3,3,3,0,0,3,0,3,0,0,3,3,3,3,0,3,0,3,0,3,0,3,0,3,3,3,2,3,1,1,1,1,1,3,1,1,1,3,3,0,3,0,0,0,0,3,0,0,3 ks=0,0,0,0,0,0,0,0,0,0,0,0,0,0,0,0,0,0,0,0,0,0,0,0,0,0,0,0,0,0,0,0,0,42,0,0,0,0,0,0,0,0,0,0,0,0,0,0,0,0,0,0,0,0,0,0,0,0,0,0,0,0,0,0
00495 features=282 size=5 p=2 tap=39 reset=false scheme=4 ops=3,3,3,3,3,3,0,3,3,0,3,3,3,3,3,3,3,3,3,3,3,3,0,3,0,3,0,3,0,3,0,3,3,3,0,3,3,3,3,3,3,0,0,3,0,3,3,0,3,0,0,3,3,3,3,3,3,3,0,3,0,0,0,3 ks=0,0,0,0,0,0,0,255,0,0,0,0,0,0,0,0,0,0,0,0,0,0,0,0,0,0,0,0,0,0,0,0,0,42,0,0,0,0,86,247,0,0,0,235,0,0,0,0,0,0,0,0,0,0,0,0,0,0,0,0,0,0,0,0
00496 features=905 size=3 p=2 tap=43 reset=true scheme=2 ops=2,2,2,3,3,3,0,0,0,0,3,2,3,2,3,3,3,3,3,2,3,2,3,2,3,3,3,2,3,2,2,2,3,2,2,2,3,2,3,3,3,3,2,3,2,2,2,2,2,2,2,2,3,3,2,3,3,3,3,2,3,2,3,2 ks=0,0,0,0,0,0,0,0,0,0,0,0,0,0,0,0,0,0,0,0,0,0,0,0,0,0,32,0,0,0,215,0,0,0,0,0,0,0,0,0,0,0,0,64,0,0,0,0,0,0,0,0,0,0,0,0,0,0,0,0,0,0,0,0
00497 features=729 size=21 p=10 tap=43 reset=false scheme=2 ops=2,2,0,2,0,1,1,1,1,1,3,1,3,0,1,3,3,3,0,2,3,2,3,0,0,3,3,2,0,3,1,0,3,0,2,2,3,0,3,3,3,0,2,2,0,0,3,2,2,0,0,2,3,2,0,3,0,0,0,2,2,0,0,2 ks=224,0,65,0,0,0,0,0,0,0,0,0,0,0,253,0,0,0,0,0,0,90,1,138,0,0,0,131,0,15,0,0,0,42,0,0,0,0,0,247,0,0,0,33,41,208,0,0,0,51,0,143,171,0,254,0,0,118,0,0,141,163,0,65
00498 features=746 size=14 p=1 tap=43 reset=false scheme=0 ops=2,0,0,2,0,2,3,0,1,1,3,1,3,2,1,3,3,3,0,2,3,2,1,2,3,3,3,2,0,0,0,0,3,0,2,2,3,0,3,3,3,0,2,2,0,2,3,1,2,0,0,2,3,2,0,3,0,0,0,2,1,1,0,2 ks=0,0,0,0,22,0,0,0,0,0,0,0,0,0,0,0,0,0,0,0,0,0,0,0,1,0,0,131,32,15,0,0,0,42,0,0,0,0,0,247,0,0,0,235,41,0,0,0,66,19,0,32,0,0,0,0,0,0,0,0,0,0,253,65
00499 features=837 size=5 p=10 tap=4 reset=true scheme=4 ops=3,3,2,3,3,3,3,3,3,3,3,3,3,3,3,3,3,3,3,3,3,3,3,3,3,3,3,3,3,3,3,3,3,2,3,2,3,3,3,2,3,3,3,3,2,3,3,2,2,3,2,3,3,2,3,3,3,3,3,3,3,3,3,2 ks=0,0,0,0,156,0,0,0,0,0,0,0,0,0,0,0,0,0,0,0,0,0,0,0,0,0,0,0,0,0,0,0,0,92,0,0,0,0,0,0,66,0,0,235,0,0,0,0,253,0,0,0,0,0,0,0,0,0,0,0,0,0,0,0
00500 features=794 size=23 p=2 tap=43 reset=false scheme=4 ops=3,2,0,2,0,2,3,0,2,2,3,0,3,2,0,3,3,3,0,2,3,2,3,0,3,3,3,2,0,0,0,0,3,0,2,2,3,0,3,3,3,0,2,2,0,2,3,2,2,0,0,2,3,2,0,3,0,0,0,2,2,0,0,2 ks=224,0,65,0,6,0,0,255,0,0,62,0,0,239,0,0,0,0,0,0,0,90,0,138,0,41,137,131,0,15,0,0,0,42,0,0,0,0,0,247,0,0,0,203,41,0,0,0,66,19,0,143,0,0,0,0,0,118,0,0,141,163,0,65
00501 features=638 size=5 p=5 tap=8 reset=true scheme=4 ops=3,1,3,1,3,1,1,1,1,1,3,1,3,0,1,0,3,3,3,0,2,3,1,3,1,3,3,3,3,1,1,1,3,3,1,1,3,1,3,3,3,0,2,1,1,1,1,3,1,1,3,1,3,3,3,3,2,1,1,1,3,1,3,1 ks=0,0,0,0,0,184,0,0,0,0,0,0,0,0,128,0,0,0,0,0,0,0,0,0,0,0,0,0,0,0,0,0,0,0,0,0,0,0,0,0,0,0,0,0,194,0,0,0,0,0,128,128,0,0,0,0,0,0,0,0,0,0,0,0
00502 features=228 size=7 p=2 tap=56 reset=false scheme=4 ops=3,3,1,1,3,3,3,3,3,3,3,3,3,3,3,3,3,3,3,3,3,3,3,3,3,3,3,3,3,3,3,3,3,2,3,3,2,3,3,1,3,3,3,3,1,0,3,1,1,3,1,3,3,1,1,3,3,1,3,1,1,3,3,3 ks=0,0,0,0,0,0,0,0,0,0,0,0,0,0,0,0,0,0,0,0,0,0,0,0,0,0,0,0,0,15,0,0,0,42,0,0,0,0,124,16,2,0,0,235,0,254,0,0,0,0,0,0,0,0,0,0,0,0,0,0,0,0,0,0
00503 features=747 size=20 p=5 tap=43 reset=false scheme=4 ops=2,0,0,2,0,2,3,0,1,1,3,1,3,2,1,3,3,3,0,3,3,2,1,0,3,3,3,2,0,0,0,0,3,0,2,2,3,0,3,3,3,0,2,2,0,2,3,2,2,0,0,2,2,2,0,3,0,0,0,2,2,0,0,2 ks=224,0,0,0,6,0,0,0,0,0,0,0,0,0,0,0,0,0,0,0,0,90,212,0,0,0,137,131,32,15,0,0,0,2,0,0,0,0,0,247,0,0,0,235,41,0,0,0,66,19,0,0,171,0,0,0,0,118,0,0,141,163,249,65
00504 features=937 size=12 p=2 tap=43 reset=true scheme=1 ops=2,2,0,2,0,2,3,0,1,1,3,1,3,2,0,3,3,3,0,2,3,2,1,0,3,3,3,2,0,0,0,0,3,0,2,2,3,0,3,3,3,0,2,2,0,2,3,2,2,0,0,2,3,2,0,3,0,0,1,2,2,0,0,2 ks=0,0,0,255,0,0,0,0,0,0,0,0,0,128,0,0,0,0,0,0,0,0,0,138,0,0,137,131,0,15,0,0,0,42,0,0,0,2,4,241,0,0,0,235,41,0,0,0,0,0,0,0,0,0,0,0,0,0,0,0,0,0,0,0
00505 features=854 size=4 p=5 tap=44 reset=true scheme=4 ops=3,0,0,2,0,2,3,0,1,1,3,1,3,2,1,3,3,3,0,2,3,2,3,0,0,3,3,3,3,2,3,3,3,3,3,3,3,2,3,3,3,3,2,3,2,2,3,2,2,0,0,2,0,1,0,3,0,0,0,1,3,3,3,3 ks=0,0,0,0,0,0,0,0,0,0,0,0,0,0,0,0,0,0,0,0,0,0,0,0,0,0,0,0,0,15,0,0,0,0,0,0,0,0,252,0,0,0,0,64,0,243,0,0,0,0,0,0,0,0,0,0,0,0,0,0,0,0,0,0
00506 features=819 size=23 p=2 tap=43 reset=false scheme=1 ops=2,2,0,2,0,2,3,0,2,2,3,0,3,2,0,3,3,3,0,2,3,2,3,0,0,3,3,2,0,0,0,0,3,0,2,2,3,0,3,3,3,0,2,2,0,2,3,2,2,0,0,2,3,2,0,3,0,0,1,2,1,0,0,2 ks=224,0,0,0,6,0,0,255,0,0,62,0,0,239,0,0,0,0,0,0,0,90,0,138,0,57,137,127,0,15,0,0,0,42,0,0,0,0,0,247,0,0,0,33,41,208,0,0,66,51,0,143,171,0,0,0,0,118,0,0,141,163,0,0
00507 features=752 size=25 p=2 tap=43 reset=false scheme=4 ops=0,2,0,2,0,2,3,0,2,2,3,2,3,2,3,3,3,3,0,2,3,2,3,0,3,3,3,2,0,3,0,0,3,0,2,2,3,0,3,3,3,0,2,2,0,2,3,2,2,0,0,2,0,2,0,3,0,0,2,2,2,0,0,2 ks=224,0,0,0,6,0,0,255,0,0,62,0,0,0,0,0,0,0,0,0,0,90,0,138,0,43,137,131,0,15,0,0,0,42,165,0,0,0,0,247,0,0,0,235,41,0,0,0,66,254,0,143,163,0,0,0,0,118,8,0,141,118,32,65
00508 features=828 size=23 p=2 tap=43 reset=false scheme=1 ops=2,2,0,2,0,2,3,0,2,2,3,0,3,2,0,3,3,3,0,2,3,2,3,0,0,3,3,2,0,0,0,0,3,0,2,2,3,0,3,3,3,0,2,2,0,2,3,2,2,0,0,2,3,2,0,3,0,0,0,2,2,0,0,2 ks=224,0,171,0,6,128,0,0,0,0,62,0,0,0,0,0,0,0,0,137,0,90,0,0,0,57,137,0,0,0,254,0,0,127,0,0,0,0,0,247,0,0,0,33,41,208,0,0,66,51,0,143,171,0,0,0,0,0,0,2,141,163,0,65
00509 features=1041 size=3 p=10 tap=27 reset=true scheme=4 ops=2,2,0,2,0,2,3,0,2,2,3,0,3,2,0,3,3,3,0,3,3,2,3,0,3,3,3,2,0,0,0,0,3,0,2,2,3,0,3,3,3,0,2,2,0,2,3,2,2,0,0,2,3,2,0,3,0,0,0,2,2,0,0,2 ks=0,0,0,0,0,0,0,0,0,0,0,0,0,0,0,0,0,0,0,0,0,0,0,0,0,41,137,131,0,0,0,0,0,0,0,0,0,0,0,0,0,0,0,0,0,0,0,0,0,0,0,0,0,0,0,0,0,0,0,0,0,0,0,0
00510 features=751 size=25 p=1 tap=43 reset=false scheme=4 ops=0,2,0,2,0,2,3,0,1,1,3,1,3,2,1,3,3,3,0,2,3,2,3,0,3,3,3,2,0,0,0,0,3,0,2,2,3,0,3,3,3,0,2,2,0,0,0,0,0,3,0,2,3,2,0,3,0,0,3,2,2,0,0,2 ks=224,0,0,255,6,0,0,254,0,0,0,0,0,239,0,3,0,0,0,0,0,90,0,138,0,41,137,131,0,15,0,0,0,42,0,0,0,2,4,2,0,0,0,235,41,0,0,0,0,0,0,143,171,0,0,24,0,118,0,130,141,163,0,0
00511 features=900 size=4 p=2 tap=43 reset=true scheme=4 ops=2,2,2,3,3,3,3,3,2,3,3,2,3,2,3,3,3,3,3,2,3,2,3,3,3,3,3,2,3,2,2,2,3,3,3,3,3,2,3,3,3,3,2,3,2,2,2,2,2,2,2,2,3,3,2,3,3,3,3,2,3,2,3,2 ks=0,0,0,0,0,0,0,0,0,0,0,0,0,0,0,0,0,0,0,0,0,90,0,138,0,41,0,0,0,0,0,0,0,0,0,0,0,0,0,0,0,0,0,64,0,0,0,0,0,0,0,0,0,0,0,0,0,0,0,0,0,0,0,0
00512 features=526 size=6 p=5 tap=8 reset=true scheme=3 ops=3,1,3,1,3,1,1,1,1,1,3,1,3,0,2,3,3,3,3,1,2,3,1,3,1,3,3,3,3,1,1,1,3,3,1,1,3,1,3,3,3,0,2,1,1,1,1,3,1,1,3,1,3,3,0,3,0,0,0,2,1,1,0,2 ks=0,0,0,0,0,184,0,0,0,0,0,0,0,0,128,0,0,0,0,0,0,0,0,0,0,0,0,255,0,0,0,0,0,0,0,0,0,0,0,0,0,0,0,253,194,0,0,0,0,0,0,128,0,0,0,0,0,0,0,0,0,0,0,0
00513 features=610 size=19 p=2 tap=43 reset=false scheme=4 ops=2,2,1,2,2,2,3,3,2,2,3,1,3,2,2,2,3,3,3,3,3,2,3,1,3,3,3,2,1,2,1,1,3,3,2,2,3,2,3,3,3,2,2,2,3,2,3,3,2,2,1,2,3,2,1,3,2,1,3,2,2,3,3,2 ks=0,0,0,0,10,0,132,253,0,0,0,0,0,239,0,0,0,0,0,0,0,90,0,138,0,41,137,131,0,15,0,0,0,42,0,0,0,0,0,247,0,0,0,235,41,0,0,0,0,0,0,254,0,0,0,108,0,0,4,254,0,163,0,0
00514 features=839 size=24 p=5 tap=43 reset=false scheme=1 ops=2,2,0,2,0,2,3,2,2,2,3,0,3,2,0,3,3,3,0,0,3,2,3,0,3,0,3,2,0,3,0,0,3,0,2,2,3,0,3,3,3,0,2,2,0,2,3,3,3,0,0,2,3,2,0,3,0,0,0,2,2,0,0,2 ks=0,0,0,8,6,0,0,252,0,0,85,0,0,37,0,0,0,0,0,0,0,90,0,138,0,41,137,131,0,15,0,0,0,42,0,0,0,0,0,247,0,0,0,235,41,208,0,29,66,0,0,143,171,0,0,0,0,118,0,0,141,163,0,65
00515 features=722 size=19 p=1 tap=43 reset=false scheme=4 ops=2,0,0,2,0,2,3,3,3,3,3,1,3,2,1,3,1,3,0,2,3,2,1,2,3,3,3,2,0,0,0,0,3,0,2,2,3,0,3,3,3,0,2,2,0,2,3,2,2,0,0,2,0,2,0,3,0,0,0,2,2,0,2,2 ks=224,0,0,0,6,0,0,0,0,0,0,252,0,0,0,0,0,0,0,0,0,0,0,0,0,0,137,131,32,224,0,0,0,42,0,0,0,0,0,247,0,0,0,235,41,0,0,0,66,19,0,0,171,0,0,0,0,118,0,0,141,163,249,65
00516 features=737 size=25 p=2 tap=43 reset=false scheme=1 ops=2,2,0,2,0,2,3,0,1,1,3,1,3,2,0,3,3,3,0,2,3,2,3,0,3,3,3,2,0,0,0,0,3,0,2,2,3,0,3,3,3,0,2,2,0,2,3,2,2,0,0,2,3,2,0,3,0,0,0,2,2,0,0,2 ks=224,0,0,255,6,0,0,212,0,0,0,0,0,239,0,0,0,0,0,0,0,122,0,138,0,41,137,131,0,15,0,0,0,42,0,0,0,196,0,247,0,0,2,235,41,0,0,0,66,19,0,143,171,0,0,0,0,255,0,0,141,161,0,65
00517 features=695 size=24 p=2 tap=43 reset=false scheme=4 ops=2,2,0,2,0,2,3,0,1,1,3,1,3,2,0,1,3,3,0,2,3,2,1,0,3,3,3,2,0,0,0,0,3,0,2,3,3,3,3,3,3,0,2,2,0,0,3,2,0,0,0,2,3,2,0,3,0,0,1,2,2,3,0,2 ks=224,0,0,255,6,32,0,255,0,0,0,0,0,239,0,0,0,255,0,0,0,0,0,138,0,41,137,131,0,15,0,0,0,42,0,0,1,0,0,0,0,0,0,235,41,0,0,0,66,20,0,143,171,0,0,0,0,118,0,0,141,163,0,65
00518 features=554 size=23 p=10 tap=28 reset=false scheme=4 ops=2,2,0,1,0,2,1,0,1,1,3,1,3,2,3,3,3,3,3,2,3,2,3,2,3,3,3,2,1,0,1,1,3,2,1,3,3,3,3,1,3,3,3,3,1,2,1,2,2,1,0,2,3,0,0,3,0,0,0,2,1,1,0,2 ks=224,0,0,0,6,0,0,255,0,1,58,0,0,175,0,0,0,0,0,0,0,0,0,0,0,157,0,16,0,15,0,0,0,42,0,0,0,0,254,0,2,0,251,235,116,0,0,0,98,19,0,143,171,0,0,0,0,118,0,0,132,163,0,65
00519 features=766 size=28 p=1 tap=43 reset=false scheme=2 ops=2,1,0,2,0,2,3,0,1,1,3,1,3,2,0,3,3,3,0,2,3,2,1,0,3,3,3,2,0,0,0,0,3,0,2,2,3,0,3,3,3,0,2,2,0,2,3,2,3,0,0,2,3,3,0,3,0,0,1,2,2,0,0,2 ks=224,0,0,255,6,32,0,255,0,0,0,0,0,239,0,80,0,255,0,0,0,0,0,138,0,41,137,131,0,15,0,0,0,42,0,0,0,2,4,247,0,0,0,235,41,0,0,0,66,19,0,143,171,0,0,0,0,118,0,128,141,160,0,65
00520 features=681 size=5 p=10 tap=4 reset=true scheme=4 ops=3,3,2,3,3,3,3,3,3,3,3,3,3,3,3,3,3,3,3,3,3,3,3,3,3,3,3,3,3,3,3,3,3,2,3,2,3,3,3,2,3,3,3,3,2,3,3,2,2,3,2,3,3,2,3,3,3,3,3,3,3,3,3,2 ks=0,0,0,0,156,0,0,0,0,0,0,0,0,0,0,0,0,0,0,0,0,0,0,0,0,0,0,0,0,0,0,0,0,42,0,0,0,0,0,0,0,0,0,235,0,0,0,0,0,221,0,0,0,0,0,0,0,0,0,128,0,0,0,0
00521 features=772 size=18 p=1 tap=43 reset=false scheme=4 ops=2,0,0,2,0,2,3,0,1,1,3,1,3,2,1,3,3,3,0,2,3,2,1,2,3,3,3,2,0,0,0,0,3,0,2,2,3,0,3,3,3,0,2,2,0,2,3,2,2,0,0,2,0,2,1,3,0,0,0,2,2,0,0,2 ks=224,0,0,0,2,0,0,0,0,0,0,64,0,0,0,0,0,0,0,0,0,0,0,0,0,0,137,220,32,15,0,0,0,42,0,0,0,0,0,247,0,0,0,235,41,0,0,0,66,19,0,0,171,0,0,0,0,118,0,0,141,53,0,65
00522 features=723 size=5 p=10 tap=43 reset=true scheme=4 ops=3,2,1,1,3,3,3,3,3,3,3,3,3,3,3,3,3,3,3,3,3,3,3,0,3,3,3,2,0,0,3,3,3,1,3,1,3,0,3,0,3,0,3,1,1,3,1,3,1,1,0,3,3,3,1,3,0,0,0,2,1,1,0,2 ks=0,0,0,0,0,0,0,0,0,0,0,0,0,0,0,0,0,0,0,0,0,0,0,0,0,0,0,0,254,14,0,0,0,42,0,32,0,0,4,0,0,0,0,0,0,0,0,0,0,0,0,0,0,0,0,0,0,0,0,0,0,0,0,0
00523 features=532 size=3 p=2 tap=43 reset=false scheme=4 ops=2,2,2,3,3,3,0,0,0,0,3,2,3,0,3,3,3,3,3,2,3,2,3,2,3,3,2,2,3,2,2,1,3,3,3,3,3,2,3,3,3,3,2,3,2,2,2,2,2,2,2,2,3,2,2,3,3,3,3,2,3,2,3,2 ks=0,0,0,0,0,0,0,0,0,0,0,0,0,0,0,0,0,0,0,0,0,0,0,0,0,0,0,0,0,0,203,0,1,0,0,0,0,0,0,0,0,0,0,64,0,0,0,0,0,0,0,0,0,0,0,0,0,0,0,0,0,0,0,0
00524 features=588 size=8 p=5 tap=43 reset=false scheme=3 ops=2,2,2,3,3,3,3,3,3,2,3,2,3,2,2,3,3,3,2,2,3,2,3,3,3,3,3,2,2,2,2,3,3,3,2,2,2,2,3,3,3,2,2,3,1,2,2,2,2,3,2,2,3,2,3,2,1,2,3,2,2,2,3,2 ks=0,0,0,0,0,0,0,0,0,0,0,0,0,0,0,16,0,0,0,0,0,0,0,0,1,0,0,0,0,0,0,0,0,128,0,0,0,2,4,35,0,0,0,64,0,128,0,0,0,0,0,0,0,0,0,0,0,0,0,0,0,0,0,0
00525 features=724 size=20 p=10 tap=43 reset=false scheme=1 ops=2,2,0,2,0,1,1,1,1,1,3,1,3,0,1,3,3,3,0,2,3,2,3,0,3,3,3,2,0,0,0,0,3,0,2,2,3,0,3,3,3,0,2,2,0,0,3,2,2,0,0,2,3,2,0,3,0,0,0,2,2,0,0,2 ks=224,0,65,0,6,0,0,0,0,0,0,0,0,0,253,0,0,0,0,0,0,90,1,0,0,0,0,0,0,0,0,0,0,42,0,0,0,0,10,247,0,0,0,33,41,208,0,0,66,51,0,143,171,0,0,0,0,118,0,0,141,163,0,65
00526 features=802 size=25 p=2 tap=43 reset=false scheme=0 ops=2,2,0,2,0,2,3,0,1,1,3,1,3,2,0,0,3,3,0,2,3,2,1,0,3,3,3,2,0,0,0,0,3,0,2,2,3,0,3,3,3,0,2,2,0,2,3,2,2,0,0,2,3,2,0,3,0,0,0,2,2,0,0,2 ks=224,0,0,255,6,0,0,255,0,0,0,0,0,239,0,0,0,255,0,0,0,0,0,138,0,41,137,131,0,15,0,0,0,42,0,0,0,2,4,247,0,0,0,235,41,0,0,0,66,19,0,143,171,0,0,0,0,255,0,0,141,163,0,65
00527 features=757 size=23 p=2 tap=43 reset=false scheme=4 ops=2,2,0,2,0,2,3,0,2,2,3,0,3,2,0,3,3,3,0,3,3,2,3,0,0,3,0,3,3,1,0,0,3,0,2,2,3,2,3,3,3,0,2,2,0,2,3,2,2,0,0,2,3,2,0,3,0,0,0,2,2,0,0,2 ks=224,0,0,0,10,0,0,255,4,0,62,64,0,239,0,0,0,0,0,0,0,90,0,0,0,0,1,0,0,0,0,253,0,42,0,0,0,0,0,247,0,32,0,235,41,0,0,0,66,19,0,143,171,0,0,0,0,118,0,0,77,163,0,65
00528 features=477 size=13 p=1 tap=0 reset=false scheme=2 ops=3,1,3,1,3,1,0,1,1,1,3,3,3,1,1,3,3,3,0,2,3,2,3,3,3,3,3,2,0,0,0,1,3,3,1,1,3,0,3,3,3,1,1,1,1,1,1,3,1,1,3,1,3,3,0,3,0,1,1,1,3,1,3,1 ks=0,127,0,0,248,0,0,127,0,241,0,0,0,0,0,0,0,0,0,0,0,128,0,0,0,41,137,0,0,15,0,0,0,0,130,0,0,0,0,0,0,0,0,0,0,0,0,0,0,0,1,0,0,0,254,0,0,0,255,0,0,254,0,0
00529 features=754 size=22 p=5 tap=43 reset=false scheme=4 ops=2,0,0,2,0,2,3,0,1,1,3,1,3,2,1,3,3,3,0,3,3,2,1,0,3,3,3,2,0,0,0,0,3,0,2,2,3,0,3,3,3,0,2,2,0,2,3,2,2,0,0,2,2,2,0,3,0,0,0,2,2,0,0,2 ks=224,0,89,0,6,0,0,0,0,0,0,0,0,0,0,0,0,0,0,0,0,90,212,0,0,0,137,131,32,15,0,0,0,2,0,0,0,0,255,247,0,0,0,235,41,0,0,0,66,19,0,0,171,0,0,0,0,118,0,0,141,163,249,65
00530 features=872 size=18 p=2 tap=43 reset=true scheme=0 ops=2,2,0,2,0,2,3,0,1,1,3,1,3,2,0,3,3,3,0,2,1,2,3,0,3,3,3,2,0,0,0,0,3,0,2,2,3,0,1,3,3,0,2,2,0,2,3,2,2,0,0,2,3,2,0,3,0,0,0,2,2,0,0,2 ks=73,37,0,0,6,0,0,0,0,0,0,0,0,239,0,0,0,0,0,0,0,86,0,140,0,0,137,127,0,15,0,1,0,42,0,0,0,2,4,247,0,0,0,235,41,0,0,0,0,0,0,0,171,0,0,0,0,255,0,0,0,0,0,0
00531 features=700 size=22 p=2 tap=43 reset=false scheme=4 ops=2,2,0,2,0,2,3,0,1,1,3,1,3,2,0,3,3,3,0,2,3,2,3,2,3,3,3,2,3,2,2,2,3,2,2,2,3,0,3,3,3,0,2,2,0,0,3,2,2,0,0,2,3,2,2,3,0,0,1,2,2,0,0,2 ks=0,0,0,255,6,32,0,255,0,0,0,0,0,239,0,0,0,255,0,0,0,0,0,0,0,0,32,0,0,0,1,0,0,0,0,0,0,2,4,247,0,4,0,235,41,0,0,0,66,19,0,143,171,0,0,0,0,118,0,0,144,163,0,65
00532 features=794 size=25 p=2 tap=43 reset=false scheme=4 ops=2,2,0,2,0,2,3,0,2,2,3,0,3,2,0,3,3,3,0,2,3,2,3,0,3,3,3,2,0,0,0,0,3,0,2,2,3,0,3,3,3,0,2,2,0,2,3,2,2,0,0,2,3,2,0,3,0,0,0,2,2,0,0,2 ks=224,2,65,0,6,0,0,255,0,0,62,0,0,239,0,0,0,0,0,0,0,90,0,138,0,41,137,131,0,15,0,0,0,42,0,0,0,0,0,249,0,0,0,235,41,0,0,0,66,19,0,143,175,0,0,0,0,118,0,0,141,163,1,0
00533 features=740 size=22 p=2 tap=16 reset=true scheme=3 ops=2,2,2,2,1,2,1,1,1,2,2,1,1,2,1,3,2,1,1,2,3,0,3,0,0,3,3,3,3,0,0,1,3,0,1,1,3,0,3,2,1,2,2,1,1,2,1,2,2,1,2,2,1,2,1,2,0,2,2,2,1,1,1,2 ks=224,0,0,0,6,0,0,0,0,0,62,0,0,237,0,0,0,0,0,0,0,90,0,138,0,41,137,131,0,15,0,0,0,0,0,0,0,0,0,247,0,0,0,235,41,0,0,0,66,19,0,142,171,2,0,0,0,2,0,0,141,163,0,165
00534 features=487 size=5 p=5 tap=43 reset=false scheme=3 ops=2,2,2,3,3,3,3,3,3,3,3,2,3,3,3,3,3,3,0,2,3,3,3,3,2,3,3,3,3,3,3,3,3,3,3,3,3,0,3,3,3,0,0,2,0,1,3,2,2,0,0,2,3,2,0,3,0,0,0,2,2,0,0,2 ks=0,0,0,0,0,0,0,0,0,0,0,0,0,0,0,0,0,0,0,0,0,0,0,0,0,0,0,0,0,0,0,4,0,0,0,0,0,0,2,247,0,0,0,235,41,0,0,0,0,0,0,0,0,0,0,0,0,0,0,0,0,0,0,0
00535 features=796 size=25 p=10 tap=43 reset=false scheme=1 ops=0,3,0,3,0,3,3,0,2,2,3,0,3,2,0,3,2,3,0,2,3,2,3,0,0,3,3,2,0,0,0,0,3,0,2,2,3,0,3,3,3,0,2,2,0,0,3,2,2,0,0,2,3,2,0,3,0,0,0,2,2,0,0,2 ks=0,0,0,0,0,0,0,255,0,0,62,0,0,127,0,0,0,0,0,0,0,90,0,138,0,57,137,131,0,15,0,0,0,42,0,0,0,115,10,247,0,0,0,33,41,208,0,0,66,51,0,143,171,0,254,0,0,118,0,0,141,163,0,65
00536 features=806 size=4 p=2 tap=43 reset=true scheme=4 ops=0,3,0,3,0,1,1,1,1,1,3,0,3,0,0,3,3,3,2,3,3,0,3,0,0,3,0,3,3,0,0,3,3,1,0,0,3,0,1,3,3,0,2,2,0,2,3,0,0,0,0,3,3,3,0,3,0,0,0,3,0,0,0,3 ks=0,0,0,0,0,0,0,0,0,0,0,0,0,0,0,0,0,0,0,0,0,0,0,0,0,0,0,0,0,254,0,0,0,0,0,0,0,0,0,247,0,0,0,235,41,0,0,0,0,0,0,0,0,0,0,0,0,0,0,0,0,0,0,0
00537 features=934 size=9 p=2 tap=43 reset=true scheme=4 ops=2,2,2,3,1,3,0,0,0,0,3,1,3,2,0,3,3,3,3,2,3,2,3,2,3,3,2,2,3,2,2,2,3,3,3,3,3,2,3,3,3,3,2,3,2,2,2,2,2,2,2,2,3,2,2,3,3,3,3,2,3,2,3,2 ks=0,0,0,0,0,0,0,0,0,0,0,0,0,239,0,3,0,0,0,64,0,0,0,0,0,0,0,0,0,97,204,0,1,0,0,0,0,0,0,0,20,0,0,64,0,0,0,0,0,0,0,0,0,0,0,0,0,0,234,0,0,0,0,0
00538 features=566 size=6 p=5 tap=43 reset=false scheme=3 ops=2,2,2,3,3,3,3,3,3,3,3,2,3,3,3,3,3,3,0,2,3,3,3,3,2,3,3,3,3,3,0,0,3,0,2,2,3,0,3,3,3,0,2,2,0,2,3,2,2,0,0,2,3,2,0,3,0,0,0,2,2,0,0,2 ks=0,0,0,0,0,0,0,0,0,0,0,0,0,0,0,0,0,0,0,0,0,0,0,0,0,0,0,0,0,0,0,0,0,42,0,0,0,2,4,247,0,0,0,235,41,0,0,0,0,0,0,0,0,0,0,0,0,0,0,0,0,0,0,0
00539 features=671 size=15 p=2 tap=43 reset=false scheme=4 ops=2,2,0,2,0,2,3,1,2,3,3,2,3,2,3,3,3,3,3,2,3,2,3,3,3,3,3,2,0,0,0,0,3,0,2,2,0,0,3,3,3,0,2,2,0,2,3,1,2,0,2,2,3,2,0,2,0,0,0,2,2,0,0,2 ks=0,0,0,255,0,0,0,255,0,0,0,0,0,0,0,0,0,0,0,0,0,90,0,138,0,39,137,131,0,2,0,0,0,42,0,0,4,150,0,247,0,0,1,235,41,0,0,0,0,0,0,0,0,0,0,0,0,0,0,0,0,0,0,0
00540 features=966 size=11 p=10 tap=43 reset=true scheme=4 ops=3,0,0,0,0,3,0,0,0,0,2,0,3,3,3,3,3,3,0,0,3,0,3,0,0,3,3,3,3,0,3,3,3,0,3,0,3,0,3,3,3,0,2,2,0,2,3,2,2,0,0,2,3,2,0,3,0,0,0,0,3,0,0,3 ks=0,0,0,0,0,0,0,0,0,0,0,0,0,239,0,0,0,0,0,0,0,90,0,138,0,41,0,0,0,15,0,0,0,0,0,0,0,0,86,247,0,0,4,33,41,208,0,0,0,0,0,0,0,0,0,0,0,0,0,0,0,0,0,0
00541 features=831 size=27 p=2 tap=43 reset=false scheme=4 ops=2,2,0,2,0,2,3,0,2,2,3,0,3,2,0,3,3,3,0,2,2,2,3,0,3,3,3,2,0,0,0,0,3,0,2,2,3,0,3,3,3,0,2,2,0,2,3,2,2,0,0,2,3,2,0,3,0,0,0,3,2,0,0,2 ks=224,0,65,0,6,0,0,255,0,0,62,0,0,239,0,0,0,0,0,0,0,90,0,138,253,41,137,131,0,15,0,0,0,42,0,0,0,32,0,247,0,0,0,235,41,0,0,0,66,19,0,143,171,0,0,0,0,118,0,0,141,163,1,65
00542 features=853 size=28 p=2 tap=43 reset=false scheme=4 ops=2,2,0,3,0,2,3,0,2,2,3,0,3,2,0,3,3,3,0,2,3,2,3,0,0,3,3,2,0,0,0,0,3,0,2,2,3,0,3,3,3,0,2,2,0,2,3,2,2,0,0,2,3,2,0,3,0,0,0,2,2,0,0,2 ks=224,242,65,0,6,0,0,32,0,0,62,0,253,239,0,0,0,0,0,0,0,94,0,138,0,57,137,131,0,15,0,0,0,42,32,0,0,0,0,247,0,0,0,235,41,208,0,0,66,19,0,143,173,0,0,0,0,118,0,0,141,163,0,65
00543 features=640 size=4 p=2 tap=43 reset=false scheme=1 ops=2,2,0,2,0,2,3,0,2,2,3,0,3,2,0,3,3,3,0,2,3,2,3,0,0,3,3,2,3,3,3,3,3,3,3,3,3,3,3,3,3,0,2,2,0,3,3,2,2,0,0,2,3,2,0,3,0,0,0,2,1,0,0,2 ks=0,0,0,0,0,0,0,0,0,0,0,0,0,0,0,0,0,0,0,0,0,0,0,0,0,0,0,0,0,0,0,0,0,0,0,0,0,0,0,247,0,0,0,33,41,174,0,0,0,0,0,0,0,0,0,0,0,0,0,0,0,0,0,0
00544 features=754 size=24 p=2 tap=43 reset=false scheme=2 ops=2,2,0,2,0,2,3,0,1,1,3,1,3,2,0,3,3,3,0,2,3,2,3,0,3,3,3,2,0,0,0,0,3,0,2,2,3,0,3,3,3,0,2,2,0,2,3,2,2,0,0,2,3,2,0,3,0,0,0,3,2,0,0,3 ks=224,0,0,255,6,0,0,212,0,0,0,0,0,239,0,0,0,0,0,0,0,90,0,138,0,41,17,131,0,15,0,0,0,42,0,0,0,196,0,247,0,0,2,235,41,0,0,0,66,19,0,143,0,0,0,0,0,255,0,0,141,161,0,65
00545 features=736 size=26 p=1 tap=43 reset=false scheme=4 ops=2,2,0,2,0,2,3,0,1,1,3,1,3,2,0,3,3,3,0,2,3,2,3,0,3,3,3,2,0,0,0,0,3,2,2,2,3,3,3,3,3,0,2,2,0,0,0,0,0,3,0,2,3,2,0,3,0,0,3,2,2,0,0,2 ks=224,0,0,255,6,0,0,254,1,0,0,0,0,239,0,3,0,0,0,0,0,90,0,138,0,41,137,131,0,15,0,0,0,42,0,0,0,2,4,2,0,0,0,235,41,0,0,0,0,0,0,143,171,0,0,24,0,118,0,130,141,163,0,0
00546 features=649 size=15 p=10 tap=56 reset=false scheme=4 ops=2,2,0,1,3,2,1,0,1,1,3,1,3,2,1,1,3,3,0,2,3,2,0,0,1,0,1,2,1,0,1,1,3,2,1,3,3,3,3,1,3,3,3,3,1,2,1,2,2,1,0,2,3,2,0,3,0,0,0,2,1,1,0,2 ks=0,0,0,0,6,0,0,0,0,0,0,0,0,239,0,0,0,0,0,112,0,91,2,138,0,41,0,131,0,15,0,0,0,0,0,0,0,0,86,0,2,0,0,235,116,0,0,0,0,0,0,143,0,0,0,0,0,0,0,0,132,0,0,0
00547 features=728 size=24 p=2 tap=43 reset=false scheme=4 ops=2,2,0,2,0,2,3,0,1,1,3,1,3,2,0,1,3,3,0,2,3,2,1,0,3,3,3,2,0,0,0,0,3,0,2,3,3,3,3,3,3,0,2,2,0,0,3,2,2,0,0,2,3,2,0,3,0,0,1,2,2,0,0,2 ks=224,0,0,255,6,32,0,255,0,0,0,255,0,239,0,0,0,255,0,0,0,0,0,138,0,21,137,131,0,15,0,0,0,42,0,0,127,0,0,0,0,0,0,0,41,0,0,0,66,19,0,143,171,0,0,0,0,118,0,0,141,163,0,65
00548 features=822 size=28 p=2 tap=43 reset=false scheme=4 ops=2,2,0,2,0,2,3,0,1,1,3,1,3,2,0,3,3,3,0,2,3,2,1,0,3,3,3,2,0,0,0,0,3,0,2,2,3,0,3,3,3,0,2,2,0,0,3,2,2,0,0,2,3,2,0,3,0,0,1,2,2,0,0,2 ks=0,0,0,127,6,32,0,255,0,0,0,0,0,239,0,0,0,255,0,0,0,0,0,138,0,41,137,131,0,15,0,0,0,42,0,0,0,2,4,247,0,0,0,235,41,199,252,0,66,19,40,0,171,0,0,0,0,118,41,0,141,163,0,65
00549 features=935 size=29 p=10 tap=43 reset=true scheme=4 ops=2,2,0,2,0,2,3,0,1,1,3,1,3,2,0,3,3,3,0,2,3,2,1,0,3,3,3,2,0,0,0,0,3,0,2,2,3,0,3,3,3,0,2,2,0,2,3,2,2,0,0,2,3,2,0,3,0,0,1,2,2,0,0,2 ks=224,254,0,255,6,32,121,255,0,0,0,0,0,239,0,0,0,255,0,0,0,0,0,138,0,41,137,131,0,15,0,0,0,42,0,0,0,126,4,247,0,0,0,235,41,0,0,0,66,19,0,143,171,0,0,135,0,118,0,0,141,163,0,65
00550 features=819 size=27 p=2 tap=43 reset=false scheme=4 ops=2,2,0,2,0,2,3,0,2,2,3,0,3,2,0,3,3,3,0,2,3,2,3,0,3,3,3,2,0,0,0,0,3,0,2,2,3,0,3,3,3,0,2,2,0,2,3,2,2,0,0,2,3,2,0,3,0,0,0,3,2,0,0,2 ks=224,0,65,0,6,0,0,255,0,0,62,0,0,239,0,0,0,0,0,0,0,90,0,138,253,41,0,131,0,15,0,0,0,42,0,0,0,32,0,247,0,0,0,235,41,0,255,0,66,19,0,143,171,0,0,0,0,118,0,0,141,163,1,65
00551 features=773 size=28 p=2 tap=43 reset=false scheme=2 ops=2,2,0,2,0,2,3,0,1,1,3,1,3,2,0,3,3,3,0,2,3,2,3,0,3,3,3,2,0,0,0,0,3,0,2,2,3,0,3,3,3,0,2,2,0,2,3,2,2,0,0,2,3,2,0,3,0,0,3,2,2,0,0,2 ks=224,0,0,255,6,0,0,1,0,0,0,0,0,0,4,0,255,0,0,0,0,90,0,138,0,41,137,131,0,15,0,0,0,42,0,0,0,2,4,247,0,0,0,235,41,0,0,0,66,19,0,143,171,0,0,165,0,118,0,130,141,163,0,65
00552 features=756 size=25 p=2 tap=43 reset=false scheme=4 ops=0,2,0,2,0,2,3,0,2,2,3,2,3,2,3,3,3,3,0,2,3,2,3,0,3,3,3,2,0,3,0,0,3,0,2,2,3,0,3,3,3,0,2,2,0,2,3,2,2,0,0,2,3,2,0,3,0,0,2,2,2,0,0,2 ks=224,0,0,0,6,0,0,255,0,0,62,0,0,0,0,0,0,0,0,0,0,90,0,138,0,43,137,131,0,15,0,0,0,42,165,0,0,0,0,247,0,0,0,232,41,0,0,0,66,19,0,143,255,0,0,0,0,118,8,0,141,118,32,65
00553 features=768 size=18 p=5 tap=43 reset=false scheme=4 ops=2,0,0,2,0,2,3,0,1,1,3,1,3,2,1,3,3,3,0,2,3,2,1,2,3,3,3,2,0,0,0,0,3,0,2,2,3,0,3,3,3,0,2,2,0,2,3,2,2,0,0,2,0,2,0,3,0,0,0,2,2,0,2,2 ks=224,0,0,0,6,0,0,0,0,0,0,0,0,0,0,0,0,0,0,0,0,0,0,0,0,0,137,131,216,15,0,0,0,42,0,0,0,0,0,247,0,0,0,235,41,0,0,0,66,19,0,0,171,0,0,0,0,118,0,0,141,163,249,65
00554 features=107 size=2 p=10 tap=43 reset=false scheme=5 ops=3,3,3,3,3,3,3,3,3,3,3,3,3,3,3,3,3,3,3,3,3,3,3,3,3,3,3,3,3,3,3,3,3,3,3,3,3,3,3,3,3,3,3,3,3,3,3,3,3,3,3,3,3,3,3,3,3,3,3,3,3,3,3,3 ks=0,0,0,0,0,0,0,0,0,0,0,0,0,0,0,0,0,0,0,0,0,0,0,0,0,0,0,0,0,0,0,0,0,0,0,0,0,0,0,0,0,0,128,235,0,0,0,0,0,0,0,0,0,0,0,0,0,0,0,0,0,0,0,0
00555 features=733 size=25 p=5 tap=43 reset=false scheme=3 ops=2,2,2,3,3,3,0,0,1,1,3,1,3,2,0,3,3,3,0,2,3,2,3,0,3,3,3,2,0,0,0,0,3,0,2,2,3,0,3,3,3,0,2,2,0,2,3,2,2,0,0,2,3,2,0,3,0,0,0,2,2,0,0,2 ks=222,0,0,0,0,0,0,0,0,0,0,0,0,239,0,0,2,0,0,0,0,90,0,138,0,41,137,131,0,15,0,0,0,128,0,196,0,2,4,247,0,0,0,235,41,0,1,0,66,19,0,143,171,0,0,0,0,255,0,0,141,163,0,65
00556 features=238 size=11 p=5 tap=56 reset=false scheme=4 ops=3,3,1,1,3,2,3,3,3,3,3,3,3,3,3,3,3,3,3,3,3,3,3,3,3,3,3,3,3,3,3,3,3,2,3,3,2,3,3,1,3,3,3,3,1,0,3,1,1,3,1,3,3,1,1,3,3,1,3,1,1,3,3,3 ks=0,0,0,0,0,0,0,0,0,0,0,0,0,0,0,0,0,0,0,206,0,0,0,0,0,0,0,0,0,15,0,0,0,42,0,0,0,0,124,16,2,0,0,235,0,254,0,0,255,0,0,0,0,0,0,0,64,0,0,0,0,0,0,64
00557 features=916 size=7 p=2 tap=43 reset=true scheme=4 ops=2,2,2,3,3,3,0,0,0,0,3,2,3,2,3,3,3,0,3,2,3,2,3,2,3,3,3,2,0,0,0,0,3,0,2,3,3,3,3,1,3,3,2,3,2,2,2,2,2,2,2,2,3,2,2,3,3,3,3,2,3,2,3,2 ks=0,0,0,0,0,0,0,0,0,0,0,0,0,0,128,0,0,0,0,0,0,0,0,254,0,0,0,131,0,15,0,0,0,0,0,0,0,0,86,247,0,0,0,64,0,0,0,0,0,0,0,0,0,0,0,0,0,0,0,0,0,0,0,0
00558 features=791 size=23 p=5 tap=43 reset=false scheme=4 ops=2,0,0,2,0,2,3,0,1,1,3,1,3,2,1,3,3,3,0,3,3,2,1,0,3,3,3,2,0,0,0,0,3,0,2,2,3,0,3,3,3,0,2,2,0,2,3,2,2,0,0,2,2,2,0,3,0,0,0,2,2,0,0,2 ks=224,0,89,0,6,0,0,0,0,0,0,0,0,0,0,0,0,16,0,0,0,90,212,0,0,0,137,131,32,15,0,0,0,2,0,0,0,0,255,247,0,0,0,235,41,0,0,0,66,19,0,0,171,0,0,0,0,118,0,0,141,163,249,65
00559 features=895 size=4 p=2 tap=43 reset=true scheme=4 ops=2,2,0,2,0,2,3,0,2,2,3,0,3,2,3,2,3,3,0,2,3,2,3,0,3,3,3,2,0,0,0,0,3,3,3,3,3,1,3,3,3,0,2,2,0,2,3,2,2,0,0,2,3,2,0,3,0,0,0,2,2,0,0,2 ks=0,0,0,0,0,0,0,0,0,0,0,0,0,0,0,0,0,0,0,0,0,0,0,0,0,0,0,0,0,0,0,253,0,42,0,0,0,0,0,247,0,0,0,235,0,0,0,0,0,0,0,0,0,0,0,0,0,0,0,0,0,0,0,0
00560 features=748 size=24 p=2 tap=43 reset=false scheme=2 ops=2,2,0,2,0,2,3,0,1,1,3,1,3,2,0,3,3,3,0,2,3,2,3,0,3,3,3,2,0,0,0,0,3,0,0,2,3,0,2,3,3,0,2,2,0,2,3,2,2,0,0,2,3,2,0,3,0,0,0,3,2,0,0,2 ks=224,0,0,255,6,0,0,212,0,0,0,0,0,239,0,0,0,0,0,0,0,90,0,138,0,41,137,131,0,15,0,0,0,42,0,0,0,196,0,247,0,0,2,235,41,0,0,0,66,19,0,143,0,0,0,0,0,255,0,0,141,161,0,65
00561 features=726 size=8 p=2 tap=43 reset=false scheme=5 ops=0,3,0,3,0,3,0,0,0,0,3,0,3,0,0,3,3,3,0,3,3,0,3,0,0,3,0,3,3,0,0,1,3,0,0,0,3,0,3,3,3,0,0,0,3,0,0,0,3,0,3,3,3,3,0,3,0,0,0,3,0,0,0,3 ks=0,0,0,0,0,157,0,0,0,0,0,0,0,0,0,0,0,0,0,0,0,0,0,0,91,0,1,0,0,0,0,0,0,0,0,0,2,0,0,0,0,0,0,0,0,0,0,2,16,0,0,0,0,0,0,0,0,0,0,0,0,1,0,158
00562 features=661 size=13 p=2 tap=43 reset=false scheme=3 ops=2,2,0,2,0,2,3,0,0,2,3,0,0,2,2,2,3,3,3,2,3,2,3,3,2,3,1,2,0,3,0,0,3,0,2,3,3,0,3,3,3,0,2,2,3,3,3,3,3,1,3,1,3,3,0,3,0,0,0,2,2,0,0,2 ks=0,0,4,0,0,0,0,0,0,0,0,1,0,0,0,0,0,0,0,253,0,127,0,220,0,0,0,0,0,15,0,67,0,106,0,0,0,0,0,128,0,0,128,127,0,0,0,0,0,0,0,128,0,0,0,0,0,0,0,0,0,3,0,0
00563 features=758 size=30 p=2 tap=43 reset=false scheme=4 ops=2,2,0,2,0,2,3,0,1,1,3,1,3,2,0,3,3,3,0,2,3,3,1,0,3,3,3,2,0,0,0,0,3,0,2,2,3,2,3,3,3,0,2,2,0,2,3,2,2,2,0,2,3,2,0,3,0,0,1,2,2,0,0,2 ks=224,254,0,255,0,80,121,255,0,0,0,0,2,239,0,0,0,255,1,0,0,0,0,138,0,41,137,131,0,15,0,0,0,42,0,0,0,168,4,247,0,0,0,235,41,0,0,0,66,19,0,143,171,0,0,2,0,118,0,0,141,163,0,65
00564 features=384 size=2 p=2 tap=43 reset=false scheme=4 ops=1,2,0,2,0,2,3,0,1,1,3,1,3,1,1,3,3,3,3,1,3,1,2,0,3,3,3,3,3,1,1,1,3,3,1,1,3,2,3,3,3,3,2,0,3,3,3,3,3,3,3,1,3,3,1,3,1,3,3,1,1,3,1,1 ks=0,0,0,0,0,0,0,0,0,0,0,0,0,0,0,0,0,0,0,0,0,0,0,0,0,0,0,0,0,0,0,0,0,0,0,0,0,0,0,0,0,22,0,64,0,0,0,0,0,0,0,0,0,0,0,0,0,0,0,0,0,0,0,0
00565 features=895 size=7 p=10 tap=43 reset=true scheme=5 ops=3,2,1,2,1,2,3,0,3,3,1,3,3,3,3,3,3,3,3,3,3,3,3,3,1,0,3,3,3,3,3,3,3,0,2,2,3,0,3,3,3,0,2,2,0,3,3,3,3,3,3,3,3,3,3,3,3,3,3,3,3,3,3,2 ks=0,0,0,0,0,0,0,0,0,156,0,0,0,0,0,0,0,0,0,0,0,0,0,0,0,0,0,0,45,15,0,0,0,42,0,0,0,0,0,247,0,0,0,235,41,0,0,0,0,0,0,0,0,0,0,0,0,0,0,0,0,0,0,0
00566 features=807 size=29 p=10 tap=43 reset=false scheme=1 ops=2,2,0,2,0,2,3,0,2,2,3,0,3,2,0,3,3,2,0,2,3,2,3,2,0,3,3,2,0,0,0,0,3,0,2,2,3,0,3,3,3,0,2,2,0,0,3,2,2,0,0,2,3,2,0,3,0,0,0,2,2,0,0,2 ks=224,0,65,0,6,0,0,255,0,0,62,0,0,127,0,0,0,0,0,0,0,90,0,138,0,57,137,131,0,15,0,0,0,42,0,0,0,115,10,247,0,0,0,33,41,208,0,0,66,51,0,143,171,0,254,47,0,118,0,0,141,163,0,65
00567 features=712 size=25 p=5 tap=43 reset=false scheme=3 ops=2,2,2,3,3,3,0,0,1,1,3,0,3,2,0,3,3,3,0,2,3,2,3,0,3,3,3,2,0,0,0,0,3,0,2,2,3,0,3,3,3,0,2,2,0,2,3,2,2,0,0,2,3,2,0,3,0,0,0,2,2,0,0,2 ks=222,0,3,0,0,0,0,0,0,0,0,0,0,239,0,0,2,0,0,0,0,90,0,138,0,41,0,131,0,15,0,0,0,128,0,0,1,2,4,247,0,0,254,235,41,0,0,0,66,19,0,143,171,0,0,0,0,255,0,0,141,163,0,65
00568 features=549 size=7 p=10 tap=4 reset=true scheme=3 ops=3,3,1,1,3,3,3,3,3,3,0,3,3,3,3,3,3,3,3,0,3,3,3,3,3,3,3,3,3,3,3,3,3,1,3,3,3,3,3,2,3,3,3,3,1,3,3,1,1,3,0,3,3,1,1,3,3,1,3,1,3,3,0,2 ks=0,0,0,0,156,0,0,0,0,0,0,0,0,0,0,0,0,0,0,0,0,0,0,0,0,0,64,2,0,0,0,0,0,42,0,0,0,0,0,0,0,0,0,235,0,0,0,164,0,0,0,0,0,0,0,0,21,0,0,0,0,0,0,0
00569 features=763 size=13 p=2 tap=43 reset=false scheme=4 ops=2,2,0,2,0,2,3,0,0,2,3,0,3,2,2,2,3,3,3,2,3,2,3,3,2,3,1,2,0,3,0,0,3,0,2,2,3,0,3,3,3,0,2,2,3,3,3,3,3,0,0,2,3,2,0,3,0,0,0,2,2,0,0,2 ks=0,0,4,0,0,0,0,0,253,0,0,1,0,0,0,0,0,0,4,253,0,127,0,252,0,0,0,0,0,15,0,0,0,106,0,0,0,0,0,128,0,0,128,235,0,0,0,0,0,0,0,0,1,0,0,0,0,0,0,0,0,0,0,0
00570 features=761 size=28 p=2 tap=36 reset=false scheme=4 ops=2,2,0,2,0,2,3,0,1,1,3,2,3,2,0,3,3,3,0,2,3,2,3,0,3,3,3,2,0,0,0,0,3,0,2,2,3,0,3,3,3,0,2,2,0,2,3,1,3,0,0,2,3,2,0,3,0,0,0,2,2,0,0,2 ks=224,0,0,255,6,0,0,255,0,5,127,0,0,239,0,0,0,0,127,0,0,90,0,128,0,41,137,69,0,15,0,0,0,42,0,0,0,2,4,247,0,0,0,235,41,0,0,0,66,19,0,143,171,0,0,0,0,118,0,0,141,163,0,65
00571 features=795 size=7 p=2 tap=43 reset=true scheme=1 ops=3,3,3,3,3,3,3,3,3,3,3,3,3,3,3,3,3,3,3,3,3,3,3,3,3,3,3,3,3,0,0,0,3,0,2,2,3,0,3,3,3,0,2,2,0,2,3,3,3,3,3,3,3,3,3,3,3,3,3,3,3,3,3,3 ks=0,0,0,0,0,0,0,0,0,0,0,0,0,0,0,0,0,0,0,0,0,0,0,0,0,0,0,0,0,15,0,0,0,42,0,0,0,2,4,95,0,0,0,235,41,0,0,0,0,0,0,0,0,0,0,0,0,0,0,0,0,0,0,0
00572 features=776 size=23 p=2 tap=43 reset=false scheme=4 ops=2,2,0,2,0,2,3,0,2,2,3,0,3,2,0,2,3,3,0,2,3,2,3,0,3,3,3,2,0,0,0,0,3,0,2,2,3,0,3,3,3,0,2,2,0,2,3,2,2,0,0,2,3,2,0,3,0,0,0,0,3,0,0,2 ks=224,0,0,0,6,0,0,255,0,0,0,0,0,243,0,0,0,128,0,0,0,90,0,139,0,41,137,132,0,14,0,253,0,42,0,0,4,0,0,247,0,16,1,235,113,0,0,0,66,0,0,143,0,0,0,0,0,0,0,0,141,0,0,65
00573 features=615 size=4 p=10 tap=43 reset=true scheme=4 ops=1,3,3,3,1,3,3,1,1,1,3,1,3,3,3,3,3,3,3,3,3,3,3,3,3,3,3,3,3,3,1,1,3,1,3,3,3,1,3,3,3,3,3,1,1,1,3,1,3,1,1,1,3,1,1,3,1,3,1,3,1,1,1,1 ks=0,0,0,0,0,0,0,0,0,0,0,0,0,0,0,0,0,0,0,0,0,0,0,0,0,0,0,0,0,0,0,0,0,45,0,0,0,0,0,247,0,0,0,235,38,0,0,0,0,0,0,0,0,0,0,0,0,0,0,0,0,0,0,0
00574 features=660 size=14 p=10 tap=43 reset=false scheme=5 ops=2,2,0,1,0,2,1,0,1,1,3,1,3,2,1,1,3,3,0,2,3,2,0,0,1,0,1,2,1,0,1,1,3,2,1,3,3,3,3,1,3,3,3,3,1,2,1,2,2,1,0,2,3,2,0,3,0,0,0,2,1,1,0,2 ks=224,3,0,0,0,0,0,0,0,0,0,0,0,0,0,0,0,0,0,112,0,91,0,138,0,41,137,0,0,15,0,0,0,0,0,0,0,0,0,0,2,0,0,235,116,0,0,0,0,0,0,0,0,0,0,0,0,118,0,2,0,163,0,0
00575 features=712 size=22 p=10 tap=43 reset=false scheme=1 ops=2,2,0,2,0,1,1,1,1,1,3,1,3,2,1,3,3,3,0,2,3,2,3,0,3,3,3,2,0,0,0,0,3,0,2,2,3,0,3,3,3,0,2,2,0,0,3,2,2,0,0,2,3,2,0,3,0,0,0,2,2,0,0,2 ks=224,0,65,0,6,0,0,0,0,0,0,0,0,239,0,3,0,0,0,3,0,90,1,0,0,0,0,0,0,0,0,0,0,42,0,0,0,0,10,247,0,0,0,33,41,208,0,0,66,51,0,143,171,0,0,0,0,118,0,0,138,163,0,65
00576 features=761 size=24 p=2 tap=43 reset=false scheme=4 ops=2,2,0,2,0,2,3,0,2,2,3,0,3,2,0,3,3,3,0,3,3,2,3,0,3,3,3,2,0,0,0,0,3,0,2,2,3,0,3,3,3,0,2,2,0,2,3,2,2,0,0,2,3,2,0,3,0,0,0,2,2,0,0,2 ks=224,0,0,0,6,0,0,255,0,0,62,0,0,239,0,0,0,0,0,0,0,90,0,138,0,41,137,131,0,166,0,0,0,42,0,0,0,0,0,247,0,0,0,235,41,0,0,0,66,19,0,143,171,0,0,0,0,246,2,0,141,118,0,1
00577 features=832 size=4 p=10 tap=4 reset=true scheme=4 ops=3,3,2,3,3,3,3,3,3,3,3,3,3,3,3,3,3,3,3,3,3,3,3,3,3,3,3,3,3,3,3,3,3,2,3,2,3,3,3,3,3,0,2,2,0,2,3,2,2,3,2,3,3,2,3,1,3,3,1,3,3,3,3,2 ks=0,0,0,0,156,0,0,0,0,0,0,0,0,0,0,0,0,0,0,0,0,0,0,0,0,0,0,0,0,0,0,0,0,0,0,0,0,0,0,0,0,0,0,235,0,208,0,0,253,0,0,0,0,0,0,0,0,0,0,0,0,0,0,0
00578 features=612 size=9 p=2 tap=43 reset=false scheme=2 ops=2,2,3,2,2,2,3,2,2,2,3,2,3,2,3,3,3,3,3,2,3,2,3,3,3,3,3,2,2,2,3,2,3,2,2,2,3,2,3,3,3,2,2,2,3,2,3,2,2,2,3,2,3,3,3,3,3,2,3,3,2,2,3,2 ks=0,0,0,0,0,0,0,0,0,0,0,0,0,239,0,0,0,0,0,0,0,90,0,138,0,0,0,0,0,15,0,0,0,42,0,0,0,0,0,247,0,0,2,235,41,0,0,0,0,0,0,0,0,0,0,0,0,0,0,0,0,0,0,0
00579 features=698 size=8 p=2 tap=43 reset=true scheme=1 ops=3,3,3,3,3,3,3,3,3,3,3,3,3,3,3,3,3,3,3,3,3,3,3,3,1,3,1,2,1,0,1,1,3,0,1,1,3,3,3,3,3,3,3,1,1,1,3,0,3,0,0,3,3,3,0,3,0,0,0,3,3,3,3,3 ks=0,0,0,0,0,0,0,0,0,0,0,0,0,0,0,0,0,254,0,0,0,0,0,0,0,0,1,0,0,84,1,0,0,0,0,8,0,0,0,0,0,8,0,235,41,0,0,0,0,0,0,0,0,0,0,0,0,0,0,0,0,0,0,0
00580 features=559 size=6 p=5 tap=43 reset=false scheme=4 ops=2,2,2,3,2,2,3,2,3,2,3,2,3,2,3,3,3,3,3,2,3,2,3,2,3,3,3,2,3,2,2,2,3,3,3,3,3,2,3,3,3,0,2,2,0,2,2,2,2,2,2,2,3,2,2,3,2,3,3,2,3,2,3,2 ks=0,254,0,0,165,0,0,190,0,0,0,0,0,0,0,0,0,0,0,0,0,0,0,0,133,0,0,0,0,0,0,0,0,0,0,0,0,0,0,0,0,0,0,235,41,0,0,0,0,0,0,0,0,0,0,0,0,0,0,0,0,0,0,0
00581 features=659 size=20 p=2 tap=43 reset=false scheme=4 ops=0,2,0,3,3,3,3,0,2,2,3,2,3,2,3,3,3,3,0,2,3,2,3,0,3,3,3,2,0,0,0,0,3,0,2,2,3,0,3,3,3,0,2,2,0,2,3,2,2,0,0,2,3,2,0,3,0,0,0,2,2,0,0,2 ks=224,0,0,0,0,0,0,255,0,0,62,0,0,0,0,0,0,0,0,0,0,90,0,138,0,43,0,0,2,0,0,0,0,42,0,0,0,0,0,247,0,0,0,235,41,0,0,0,66,19,0,143,163,0,0,0,0,118,0,0,141,118,32,65
00582 features=608 size=9 p=5 tap=43 reset=false scheme=3 ops=2,2,2,3,3,3,3,3,3,2,3,2,3,2,2,3,3,3,3,2,3,2,3,3,3,3,3,2,2,2,2,3,3,3,2,2,2,2,3,3,3,3,2,2,3,2,3,2,2,3,2,2,3,2,3,2,1,2,3,2,2,2,3,2 ks=0,0,0,0,0,0,0,0,0,0,0,0,0,0,0,16,0,0,0,0,0,0,0,0,1,0,0,0,0,0,0,0,0,128,0,0,0,2,4,35,0,0,0,235,41,0,104,0,0,0,0,0,0,0,0,0,0,0,0,0,0,0,0,0
00583 features=815 size=26 p=2 tap=43 reset=false scheme=4 ops=2,2,0,2,0,2,3,0,2,2,3,0,3,2,0,3,3,3,0,2,3,2,3,0,3,3,3,2,0,0,0,0,3,0,2,2,3,0,3,3,3,0,2,2,0,2,3,2,2,0,0,2,3,2,0,3,0,0,0,2,2,0,0,2 ks=224,0,65,0,6,0,0,255,0,0,62,0,0,239,0,0,0,0,0,0,0,90,0,138,0,41,137,131,0,15,0,0,0,42,0,0,0,0,0,247,0,0,0,235,41,0,0,16,66,19,0,143,171,0,0,0,0,118,0,0,141,163,1,65
00584 features=919 size=14 p=5 tap=43 reset=true scheme=1 ops=2,2,0,2,0,2,3,0,2,2,3,0,3,2,0,3,3,3,0,1,3,1,3,0,3,3,3,2,0,3,0,0,3,0,2,2,3,0,3,3,3,0,2,2,0,2,3,2,1,0,0,2,3,2,0,3,0,0,0,2,2,0,0,2 ks=0,0,0,8,0,0,0,0,0,0,0,0,64,37,1,8,0,0,0,0,0,90,0,138,0,0,0,0,0,15,0,0,0,42,0,0,0,0,0,247,0,127,0,235,41,208,0,0,0,0,0,0,0,0,0,0,0,0,0,0,0,0,0,0
00585 features=707 size=6 p=10 tap=43 reset=true scheme=4 ops=3,3,1,1,3,3,3,3,0,3,2,3,3,3,3,3,3,3,3,3,3,3,3,3,3,3,3,3,3,3,3,3,3,1,3,1,3,0,3,0,3,0,1,1,1,3,1,3,1,1,0,3,1,1,1,0,3,1,3,1,3,3,3,3 ks=0,0,0,0,0,0,0,0,0,127,0,0,0,0,0,0,0,172,0,0,0,0,0,0,0,0,0,0,0,15,0,0,0,42,0,32,0,0,4,0,0,0,0,0,0,0,0,0,0,0,0,0,0,0,0,0,0,0,0,0,0,0,0,0
00586 features=757 size=21 p=2 tap=43 reset=false scheme=1 ops=2,2,0,2,0,2,3,0,2,2,3,0,3,2,0,3,3,3,0,2,3,2,3,0,0,3,3,2,0,0,0,0,3,0,2,2,3,0,3,3,3,0,2,2,0,2,3,2,2,0,0,2,3,2,0,3,0,0,1,2,1,1,0,3 ks=224,0,0,0,6,0,0,255,0,0,62,0,0,239,0,0,0,0,0,0,0,90,0,138,0,57,137,127,0,15,0,0,0,42,0,0,0,0,0,247,0,0,0,33,41,208,0,0,66,51,0,143,171,0,0,0,0,118,0,0,0,0,0,0
00587 features=913 size=6 p=2 tap=43 reset=true scheme=4 ops=2,2,2,3,3,2,0,0,0,0,3,0,3,0,1,3,3,3,0,2,3,2,3,3,3,3,2,2,3,2,2,2,3,3,3,3,3,2,3,3,3,3,2,3,2,2,2,2,2,2,2,2,3,2,2,3,0,3,3,1,3,2,3,2 ks=0,0,0,254,0,0,4,0,0,0,0,0,0,0,0,0,0,0,0,0,8,0,0,0,0,0,0,0,0,0,202,0,0,0,0,0,0,0,0,0,0,0,0,60,255,0,0,0,0,0,0,0,0,0,0,0,0,0,0,0,0,0,0,0
00588 features=611 size=4 p=5 tap=8 reset=true scheme=4 ops=3,1,3,1,3,1,1,1,1,1,3,1,3,0,1,3,3,3,3,0,1,3,1,3,1,3,3,3,3,1,3,1,3,3,1,1,3,1,3,3,3,0,3,1,1,1,1,3,1,1,3,1,3,3,3,3,3,1,1,1,3,1,3,1 ks=0,0,0,0,0,184,0,0,0,0,0,0,0,0,128,0,0,0,0,0,0,0,0,0,0,0,0,0,0,0,0,0,0,0,0,0,0,0,0,0,0,0,0,0,194,0,0,0,0,0,0,128,0,0,0,0,0,0,0,0,0,0,0,0
00589 features=772 size=19 p=1 tap=43 reset=false scheme=4 ops=2,0,0,2,0,2,3,0,1,1,3,1,3,2,1,3,3,3,0,2,3,2,1,2,3,3,3,2,0,0,0,0,3,0,2,2,3,0,3,3,3,0,2,2,0,2,3,2,2,0,0,2,0,2,0,3,0,0,0,2,2,0,0,2 ks=224,0,0,0,6,0,127,0,0,0,0,0,0,0,0,0,0,0,0,0,0,0,0,0,0,0,137,131,32,15,1,0,0,42,0,0,0,0,0,247,0,0,0,235,41,0,0,0,66,19,0,0,171,0,0,0,0,118,0,0,141,163,0,65
00590 features=788 size=13 p=10 tap=43 reset=false scheme=4 ops=2,2,0,2,0,2,3,0,0,2,3,0,3,2,2,2,3,3,3,2,3,2,3,3,2,3,1,2,0,3,0,0,3,0,2,2,3,0,3,3,3,0,2,2,3,3,3,3,3,0,0,2,3,2,0,3,0,0,0,2,2,0,0,2 ks=0,0,4,0,0,0,0,0,253,0,0,1,0,0,0,0,0,0,4,253,0,127,0,252,0,0,0,0,0,15,0,0,0,106,0,0,0,0,0,128,0,0,0,235,0,0,0,0,0,0,0,0,1,0,0,0,0,0,0,0,2,0,0,0
00591 features=928 size=3 p=2 tap=43 reset=true scheme=4 ops=3,3,0,0,0,3,3,0,0,0,3,0,3,3,3,0,3,3,3,3,3,3,3,3,3,3,3,3,3,3,3,3,3,3,3,3,3,0,3,3,3,0,0,0,3,3,3,3,3,0,0,0,3,0,0,3,0,0,0,0,0,0,0,0 ks=0,0,0,0,0,0,0,0,0,0,0,0,0,0,0,0,0,0,0,0,0,0,0,0,0,0,0,0,0,0,0,0,0,0,0,0,0,0,0,247,0,0,128,235,0,0,0,0,0,0,0,0,0,0,0,0,0,0,0,0,0,0,0,0
00592 features=740 size=4 p=5 tap=43 reset=true scheme=3 ops=2,2,2,3,3,3,0,3,3,3,3,2,3,3,3,3,3,3,0,2,3,0,3,0,0,3,0,3,3,0,0,3,3,0,3,0,3,0,3,3,3,0,0,3,0,1,3,2,2,0,0,2,3,2,0,2,0,0,0,2,2,0,0,2 ks=0,0,0,0,0,0,0,0,0,0,0,0,0,0,0,0,0,0,0,0,0,0,0,0,0,0,0,0,0,0,4,0,0,0,0,0,0,0,0,247,0,0,0,235,41,0,0,0,0,0,0,0,0,0,0,0,0,0,0,0,0,0,0,0
00593 features=899 size=9 p=5 tap=43 reset=true scheme=4 ops=1,2,2,3,3,3,0,1,0,0,3,2,3,2,3,3,3,3,3,2,3,2,3,2,1,3,3,2,2,2,2,2,3,3,3,3,3,2,3,3,3,2,2,3,2,2,2,2,2,2,2,2,3,2,2,3,3,3,3,2,3,0,3,3 ks=0,0,0,0,0,127,0,0,0,0,0,0,0,0,64,0,0,0,0,0,0,0,0,0,0,0,32,0,0,0,0,0,0,32,0,0,0,0,0,0,0,0,0,64,0,0,0,0,16,0,0,8,0,0,0,0,0,0,254,0,0,254,0,0
00594 features=618 size=15 p=1 tap=43 reset=false scheme=3 ops=2,1,1,2,1,2,3,3,1,1,3,1,3,2,1,3,3,3,1,2,3,2,1,2,3,3,3,2,2,2,3,1,3,1,2,2,3,1,3,3,3,3,2,2,3,2,3,1,2,2,2,2,3,2,2,3,1,1,3,2,1,1,3,2 ks=0,0,0,0,22,0,0,0,0,0,0,0,0,0,0,0,0,0,0,0,0,0,0,0,1,0,0,131,32,15,0,0,0,42,0,0,0,0,0,247,0,0,0,235,41,0,0,0,66,19,0,32,0,0,0,0,0,137,0,0,0,0,253,65
00595 features=1005 size=11 p=10 tap=4 reset=true scheme=3 ops=0,2,2,0,2,2,0,0,0,0,0,0,2,0,0,2,0,0,2,2,2,0,0,2,0,0,0,2,0,2,2,0,0,2,0,2,0,2,0,2,0,0,0,0,2,2,0,0,2,2,0,2,0,2,2,2,0,0,0,2,0,0,0,2 ks=0,0,0,0,156,0,0,0,0,0,0,0,0,0,0,0,0,0,0,0,0,0,0,0,0,0,64,2,128,0,0,0,0,42,0,0,0,0,0,0,66,0,0,235,0,0,0,164,0,0,0,0,0,252,0,0,21,0,0,0,179,0,0,0
00596 features=703 size=20 p=5 tap=43 reset=false scheme=3 ops=2,2,2,3,3,3,0,0,1,1,3,0,3,2,0,3,3,3,0,2,3,2,3,0,3,0,3,2,0,0,0,0,3,0,2,2,3,0,3,3,3,0,2,2,0,2,3,2,2,0,0,2,3,2,2,3,2,0,0,0,3,0,0,2 ks=0,0,2,0,0,0,0,0,0,0,0,0,0,239,0,0,2,0,0,0,0,90,0,138,0,41,0,131,0,15,0,0,0,128,0,0,1,2,4,247,0,0,254,235,41,0,0,0,66,19,0,0,0,0,0,0,0,0,0,0,0,163,0,65
00597 features=761 size=25 p=2 tap=43 reset=false scheme=4 ops=0,2,0,2,0,2,3,0,2,2,3,1,3,2,3,3,3,3,0,2,3,2,3,0,3,3,3,1,0,3,0,0,3,0,2,2,3,0,3,3,3,0,2,2,0,2,3,2,2,0,0,2,0,2,0,3,0,0,2,2,2,0,0,2 ks=224,0,0,0,6,0,0,255,0,0,62,0,0,0,0,0,0,0,0,0,0,90,0,138,0,43,137,131,0,15,0,0,0,42,0,0,0,0,0,247,0,0,0,235,41,0,0,0,66,19,0,143,163,0,0,1,0,118,8,0,141,118,32,65
00598 features=671 size=3 p=10 tap=39 reset=true scheme=4 ops=3,3,1,1,3,3,3,3,3,3,1,3,3,3,3,3,3,3,3,3,3,3,3,3,1,3,3,3,3,3,3,3,1,2,3,3,3,2,3,3,3,3,2,3,1,2,1,2,2,0,0,2,3,2,1,3,3,1,3,1,3,3,3,2 ks=0,0,0,0,0,0,0,0,0,0,0,0,0,0,0,0,255,0,0,0,0,0,0,0,0,0,0,0,0,15,0,0,0,0,0,0,0,0,0,0,0,0,0,235,0,0,0,0,0,0,0,0,0,0,0,0,0,0,0,0,0,0,0,0
00599 features=916 size=8 p=10 tap=43 reset=true scheme=5 ops=0,2,0,2,0,2,3,0,2,2,3,0,3,2,0,3,3,3,0,3,3,0,3,0,0,3,0,3,3,3,3,3,3,1,3,3,2,3,3,1,3,3,0,0,3,0,0,0,0,0,0,3,3,3,0,3,0,0,0,3,0,0,0,3 ks=0,0,0,0,0,0,0,255,0,0,0,0,0,239,0,0,0,0,0,0,0,0,0,0,0,0,0,0,0,15,0,0,0,0,0,0,0,33,124,0,2,174,2,0,0,0,0,0,0,0,0,0,0,0,0,0,0,0,0,0,0,0,0,0
00600 features=604 size=20 p=1 tap=43 reset=false scheme=4 ops=2,3,1,1,3,2,3,3,0,3,2,3,3,2,3,3,3,3,0,2,3,2,1,2,3,3,3,2,0,0,0,0,3,0,2,2,3,0,3,3,3,0,2,2,0,2,3,2,2,0,0,2,0,2,0,3,0,0,0,2,2,0,2,2 ks=224,0,0,0,0,0,0,0,0,127,0,0,0,0,0,0,0,172,0,0,0,0,0,0,0,0,137,131,128,224,0,0,0,42,0,0,0,0,255,247,0,0,0,235,41,0,0,0,66,132,0,0,171,0,0,0,0,119,0,0,141,163,249,65
00601 features=933 size=4 p=2 tap=43 reset=true scheme=4 ops=3,0,0,0,0,3,3,0,0,0,3,0,3,0,1,3,3,3,3,1,3,3,1,3,0,3,3,2,0,3,0,0,3,0,2,2,3,0,3,3,3,0,3,3,0,0,0,0,0,3,0,0,3,0,0,3,0,0,0,0,3,1,0,3 ks=0,0,0,0,0,0,0,0,0,0,0,0,0,0,0,0,0,0,0,0,0,0,0,0,0,0,0,0,0,15,0,0,0,106,0,0,0,0,0,0,0,0,0,235,169,0,0,0,0,0,0,0,0,0,0,0,0,0,0,0,0,0,0,0
00602 features=917 size=4 p=2 tap=43 reset=true scheme=4 ops=3,3,3,3,3,3,3,0,0,3,3,3,3,0,3,3,3,3,0,0,3,3,3,0,3,3,3,3,3,3,3,3,3,3,3,3,3,3,3,3,3,3,3,3,0,0,3,3,3,0,3,3,3,0,3,3,3,3,3,0,3,3,3,3 ks=0,0,0,0,0,0,0,0,0,0,0,0,0,0,0,0,0,0,0,0,0,0,0,0,0,0,0,0,0,0,0,0,0,32,0,0,0,0,0,0,1,0,0,64,83,0,0,0,0,0,0,0,0,0,0,0,0,0,0,0,0,0,0,0
00603 features=334 size=7 p=5 tap=5 reset=false scheme=2 ops=3,1,3,1,3,1,0,1,1,1,3,1,3,1,1,3,3,3,3,1,3,3,1,3,1,3,3,3,3,1,1,1,3,3,1,1,3,1,3,3,3,1,1,1,1,1,1,3,1,1,3,1,3,3,3,3,1,1,1,1,3,1,3,1 ks=0,0,0,0,248,0,0,127,0,0,0,85,0,0,0,0,224,131,0,0,0,0,0,0,0,0,0,0,0,0,0,0,0,0,128,0,0,0,0,0,0,0,0,0,0,0,0,0,0,0,0,0,0,0,0,0,0,0,0,0,0,0,14,0
00604 features=871 size=1 p=1 tap=43 reset=true scheme=4 ops=0,0,0,0,0,3,0,0,2,2,3,0,3,2,0,3,3,3,0,0,3,0,3,0,0,3,3,3,3,0,3,3,3,0,3,0,3,0,3,3,3,0,3,1,1,1,1,1,3,1,1,1,3,3,0,3,0,0,0,0,3,0,0,3 ks=0,0,0,0,0,0,0,0,0,0,0,0,0,0,0,0,0,0,0,0,0,0,0,0,0,0,0,0,0,0,0,0,0,42,0,0,0,0,0,0,0,0,0,0,0,0,0,0,0,0,0,0,0,0,0,0,0,0,0,0,0,0,0,0
00605 features=685 size=2 p=2 tap=34 reset=false scheme=4 ops=2,2,0,2,0,2,0,0,0,2,0,0,3,2,0,2,3,3,0,2,3,2,3,0,3,3,1,2,0,0,0,0,3,3,3,3,3,3,3,0,3,3,3,2,2,2,3,2,2,0,0,2,3,2,3,3,0,0,2,2,2,0,0,2 ks=0,0,0,0,0,0,0,0,0,0,0,0,0,0,0,0,0,0,0,0,0,0,0,0,0,0,0,0,0,0,0,253,0,42,0,0,0,0,0,0,0,0,0,0,0,0,0,0,0,0,0,0,0,0,0,0,0,0,0,0,0,0,0,0
00606 features=701 size=20 p=5 tap=43 reset=false scheme=4 ops=2,3,2,2,1,2,3,1,1,1,3,1,3,2,1,3,3,3,1,2,3,1,1,2,3,3,3,2,1,3,2,1,3,1,2,2,3,2,3,3,3,2,2,2,1,2,3,2,2,3,2,2,3,2,1,3,1,1,2,2,2,1,2,2 ks=224,0,0,0,6,0,0,0,0,0,0,0,0,254,0,0,0,0,0,0,0,0,212,0,0,0,137,131,32,15,0,0,0,107,0,0,0,0,0,247,0,0,0,235,41,0,0,0,66,19,0,0,171,0,0,0,0,118,0,0,141,163,249,65
00607 features=785 size=24 p=5 tap=43 reset=false scheme=1 ops=2,2,2,2,0,2,3,0,2,2,3,0,3,2,0,3,3,3,0,1,3,2,3,0,3,3,3,2,0,3,0,0,3,0,2,2,3,0,3,3,3,0,2,2,0,2,3,2,2,0,0,2,3,2,0,3,0,0,0,2,2,0,0,2 ks=0,0,0,0,6,0,235,255,2,0,62,0,0,37,0,0,0,0,0,0,0,90,0,138,0,41,137,131,0,15,0,0,0,42,0,0,0,0,0,0,0,0,0,235,41,208,0,29,66,19,0,143,171,0,0,0,0,118,0,0,0,163,0,65
00608 features=945 size=4 p=2 tap=43 reset=true scheme=4 ops=2,2,2,3,3,3,0,0,0,0,3,3,3,3,3,3,3,3,3,3,3,3,3,3,3,3,3,3,3,2,2,2,3,3,3,3,3,2,3,3,3,2,2,3,0,2,2,2,2,2,2,2,3,2,2,3,3,3,3,2,3,2,3,2 ks=0,0,0,0,0,0,0,0,0,0,0,0,0,0,0,0,0,0,32,0,0,0,0,0,0,0,0,0,0,0,0,0,0,0,0,54,0,0,0,0,0,0,0,64,4,0,0,0,0,0,0,0,0,0,0,0,0,0,0,0,0,0,0,0
00609 features=824 size=10 p=1 tap=43 reset=true scheme=4 ops=1,2,0,2,0,2,3,0,1,1,3,1,3,3,3,3,3,3,3,3,3,3,3,3,3,3,3,2,0,0,0,0,3,0,2,2,3,0,3,3,3,0,2,2,0,0,0,0,0,3,0,2,3,2,0,3,0,0,3,1,3,3,3,3 ks=0,0,0,0,0,0,0,0,0,0,0,0,0,0,0,0,0,0,0,0,0,0,252,0,0,0,0,131,0,15,0,0,0,42,0,0,3,1,4,2,0,0,0,235,42,0,0,0,0,0,0,0,0,0,0,0,0,0,0,0,0,0,0,0
00610 features=647 size=8 p=10 tap=4 reset=true scheme=3 ops=3,3,1,1,3,3,3,3,3,3,3,3,3,3,3,3,3,3,3,3,3,3,3,3,3,3,3,3,3,3,3,3,3,1,3,3,3,3,3,2,3,3,3,3,1,2,2,2,2,2,2,2,3,2,2,3,3,3,3,1,3,3,0,2 ks=0,0,0,0,156,0,0,0,0,0,0,0,0,0,0,0,0,0,0,0,0,0,0,0,0,0,0,2,0,0,0,0,0,42,0,0,0,0,0,0,66,0,0,235,0,0,0,0,16,0,0,8,0,0,0,0,0,0,254,0,0,0,0,0
00611 features=795 size=28 p=2 tap=43 reset=false scheme=4 ops=2,2,0,2,0,2,3,0,1,1,3,1,3,2,0,3,3,3,0,2,3,2,1,0,3,3,3,2,0,0,0,0,3,0,2,2,3,0,3,3,3,0,2,2,0,2,3,2,2,0,0,2,3,2,0,3,0,0,1,2,2,0,0,2 ks=224,0,0,255,6,32,0,255,0,0,0,0,0,239,0,3,0,255,0,0,0,0,0,138,0,41,137,131,0,15,0,0,0,42,0,0,0,2,4,247,0,0,0,235,41,0,0,0,66,19,0,143,171,0,0,0,0,118,0,2,141,34,0,65
00612 features=636 size=7 p=2 tap=43 reset=true scheme=2 ops=3,3,1,1,3,2,3,3,3,3,3,0,3,2,2,2,3,3,3,3,3,3,3,3,3,3,2,3,3,3,3,3,3,3,3,3,3,3,3,1,3,3,3,3,1,3,3,1,1,3,1,3,3,1,1,3,3,1,3,1,3,3,1,3 ks=0,0,0,0,0,0,0,0,0,0,0,0,0,0,0,0,0,0,0,0,0,0,0,0,0,0,0,0,0,0,0,0,0,39,0,0,0,0,70,247,2,0,255,235,252,0,0,0,0,0,0,0,0,0,0,0,0,0,0,0,0,0,0,0
00613 features=867 size=7 p=10 tap=43 reset=true scheme=5 ops=3,2,1,2,1,2,3,0,3,3,1,3,3,3,3,3,3,3,3,3,3,3,3,3,1,0,3,3,3,3,3,3,3,0,2,2,3,0,3,3,3,0,2,2,0,3,3,3,3,3,3,3,3,3,3,3,3,3,3,3,3,3,3,2 ks=0,0,0,0,0,0,0,0,0,156,0,0,0,0,0,0,0,0,0,0,0,0,0,0,0,0,0,0,0,15,0,0,26,42,0,0,0,0,0,247,0,0,0,235,41,0,0,0,0,0,0,0,0,0,0,0,0,0,0,0,0,0,0,0
00614 features=739 size=18 p=1 tap=43 reset=false scheme=1 ops=2,0,0,2,0,2,3,0,1,1,3,1,3,2,1,3,3,3,0,2,3,2,1,2,3,3,3,2,0,2,2,2,3,1,2,2,3,0,3,3,3,0,2,2,0,2,3,2,2,0,0,2,0,2,0,3,0,0,0,2,2,0,2,2 ks=224,0,0,0,6,255,0,0,0,0,0,0,0,0,0,0,0,0,0,0,0,0,0,0,0,0,137,131,32,0,202,0,0,42,0,0,0,0,0,247,0,0,0,0,41,0,0,0,66,19,0,0,171,0,0,0,0,118,0,0,141,163,249,65
00615 features=709 size=5 p=5 tap=43 reset=true scheme=3 ops=2,2,2,3,3,3,3,3,3,3,3,2,3,3,3,3,3,3,0,2,3,3,3,3,2,3,3,3,3,3,3,3,3,3,3,3,3,0,3,3,3,0,0,2,0,1,3,2,2,0,0,2,3,2,0,3,0,0,0,2,2,0,0,2 ks=0,0,0,0,0,0,0,0,0,0,0,0,0,0,0,0,0,0,0,0,0,0,0,0,0,0,0,0,0,0,0,4,0,0,0,0,0,0,2,247,0,0,0,235,41,0,0,0,0,0,0,0,0,0,0,0,0,0,0,0,0,0,0,0
00616 features=680 size=23 p=2 tap=43 reset=false scheme=0 ops=2,2,0,2,0,2,3,0,1,1,3,1,0,2,0,3,3,3,0,2,3,2,1,0,3,3,3,2,0,0,0,0,3,0,2,3,3,3,3,3,3,0,2,2,0,0,3,2,1,1,3,2,3,2,0,3,0,0,1,2,2,0,0,2 ks=0,0,0,127,6,32,0,255,0,0,0,0,0,239,0,0,0,255,0,0,0,0,0,138,0,41,137,131,0,15,0,0,0,42,0,0,0,252,0,0,0,0,0,235,41,0,252,0,0,0,0,0,171,254,0,0,0,118,41,0,141,163,0,65
00617 features=751 size=23 p=2 tap=43 reset=false scheme=4 ops=2,2,0,2,0,2,3,0,1,1,3,1,3,2,0,3,3,3,0,2,3,2,3,0,3,3,3,2,0,0,0,0,3,0,2,2,3,0,3,3,3,0,2,2,3,0,0,0,0,3,0,2,3,0,0,3,0,0,0,2,2,0,0,2 ks=0,0,0,0,6,0,0,255,1,0,0,0,0,239,0,127,0,0,0,0,0,90,0,170,0,0,137,131,0,15,0,0,0,42,0,0,0,2,4,3,0,0,0,235,41,0,0,0,0,0,0,143,171,0,0,0,0,118,0,2,141,163,0,65
00618 features=746 size=24 p=5 tap=43 reset=false scheme=3 ops=2,2,2,3,3,3,0,0,1,1,3,1,3,2,0,3,3,3,0,2,3,2,3,0,3,3,3,2,0,0,0,0,3,0,2,2,2,0,3,3,3,0,2,2,3,2,3,2,2,0,0,2,3,2,1,0,0,0,0,2,2,0,0,2 ks=206,0,0,0,0,0,0,0,0,0,0,0,0,239,0,0,2,0,0,0,0,90,0,138,0,41,137,131,0,15,0,0,0,128,0,0,0,2,4,247,0,0,0,235,41,120,0,0,66,19,0,143,171,0,0,0,0,255,0,0,141,163,0,65
00619 features=700 size=11 p=2 tap=43 reset=false scheme=2 ops=2,2,3,2,2,2,3,0,1,1,3,1,3,2,1,3,3,3,0,2,3,2,3,3,3,3,3,2,2,2,3,2,3,2,2,2,3,2,3,3,3,2,2,2,0,2,3,2,2,0,0,2,3,3,3,3,3,2,3,3,2,2,3,2 ks=0,0,0,0,0,0,127,0,0,0,0,0,0,0,0,0,0,0,0,0,0,90,0,138,0,0,0,0,0,15,0,0,0,42,0,0,0,0,0,247,0,0,2,235,41,0,0,0,65,19,0,0,0,0,0,0,0,0,0,0,0,0,0,0
00620 features=770 size=24 p=2 tap=43 reset=false scheme=4 ops=2,2,0,2,0,2,3,0,1,1,3,1,3,2,0,3,3,3,0,2,3,2,3,0,3,3,3,2,0,0,0,0,3,0,2,2,3,0,3,3,3,0,2,2,3,0,0,0,0,3,0,2,3,2,0,3,0,0,0,2,2,0,0,2 ks=224,0,0,255,6,0,0,255,1,0,0,0,0,239,0,0,0,0,0,0,0,90,0,170,0,0,137,131,0,15,0,0,0,42,0,0,0,0,4,255,0,0,0,235,41,0,4,0,0,0,0,143,171,0,0,0,0,118,0,2,141,163,0,65
00621 features=681 size=24 p=2 tap=43 reset=false scheme=4 ops=2,2,0,2,0,2,3,0,1,1,3,1,3,2,0,1,3,3,0,2,3,2,1,0,3,3,3,2,0,0,0,0,3,0,2,3,3,3,3,3,3,0,2,2,0,0,3,2,2,0,0,2,3,2,0,3,0,0,1,2,2,0,0,2 ks=224,0,0,255,6,32,0,255,0,0,0,0,0,239,0,0,0,255,0,0,0,0,0,138,0,41,137,131,0,15,0,0,0,42,0,0,1,0,0,0,0,0,0,235,41,0,0,0,66,19,0,143,171,0,0,0,0,246,0,0,141,163,0,65
00622 features=791 size=31 p=5 tap=43 reset=false scheme=4 ops=2,2,0,2,0,2,3,0,1,1,3,1,3,2,0,3,3,3,0,2,3,2,1,0,3,3,3,2,0,0,0,0,3,0,2,2,3,0,3,3,3,0,2,2,0,2,3,2,2,0,0,2,3,2,0,3,0,0,1,2,2,0,0,2 ks=224,254,0,255,6,32,121,255,0,0,0,0,254,239,0,0,0,255,0,0,0,0,0,138,0,41,137,131,0,15,0,0,0,170,0,0,0,2,4,247,0,0,0,235,41,0,0,0,66,19,0,143,171,0,3,135,0,118,0,0,141,163,0,65
00623 features=753 size=18 p=1 tap=43 reset=false scheme=1 ops=2,0,0,2,0,2,3,0,1,1,3,1,3,2,1,3,3,3,0,2,3,2,1,2,3,3,3,2,0,2,2,2,3,1,2,2,3,0,3,3,3,0,2,2,0,2,3,2,2,0,0,0,0,2,0,3,0,0,0,3,2,0,2,2 ks=224,0,0,0,6,255,0,0,0,0,0,0,0,0,0,0,0,0,0,0,0,0,0,0,0,0,137,131,32,0,202,0,0,42,0,0,0,0,0,247,0,0,0,0,41,0,0,0,66,19,0,0,171,0,0,0,0,118,0,0,141,163,249,65
00624 features=543 size=8 p=5 tap=43 reset=false scheme=4 ops=2,2,2,3,3,2,0,0,2,0,3,0,3,0,1,3,3,3,0,2,3,2,3,3,3,3,2,2,3,3,2,2,3,3,3,3,3,2,3,3,3,3,2,3,2,2,2,2,2,2,2,2,3,2,2,3,0,3,3,1,3,2,1,2 ks=0,0,0,254,0,0,4,0,0,128,0,0,0,0,0,0,0,0,0,0,8,0,0,0,0,0,0,0,0,0,202,0,0,0,0,0,0,0,0,0,1,0,0,60,255,0,0,0,0,0,0,0,0,0,0,0,0,0,0,0,0,0,0,0
00625 features=682 size=6 p=1 tap=43 reset=false scheme=0 ops=0,2,0,1,0,2,1,0,1,1,3,1,3,2,1,1,3,3,0,2,3,2,1,0,0,0,1,2,1,0,1,1,3,0,1,1,3,0,3,3,3,0,2,1,1,2,3,2,2,2,0,2,3,2,0,3,0,0,0,3,1,1,2,2 ks=0,0,0,0,0,0,0,0,0,0,0,0,0,0,0,0,0,0,0,255,0,0,0,0,0,0,0,0,0,0,0,0,0,42,0,0,0,0,86,247,0,0,0,235,41,0,0,0,0,0,0,0,0,0,0,0,0,0,0,0,0,0,0,0
00626 features=617 size=5 p=5 tap=8 reset=true scheme=4 ops=3,1,3,1,3,1,1,1,1,1,3,1,3,0,1,3,3,3,3,0,2,3,1,3,1,3,3,3,3,1,1,1,3,3,1,1,3,1,3,3,3,0,2,1,1,1,1,3,1,1,3,1,3,3,3,3,2,1,1,1,3,1,3,1 ks=0,0,0,0,0,184,0,0,0,0,0,0,0,0,128,0,0,0,0,0,0,0,0,0,0,0,0,0,0,0,0,0,0,0,0,0,0,0,0,0,0,128,0,0,194,0,0,0,0,0,0,128,0,0,0,0,0,0,0,0,0,0,0,0
00627 features=734 size=24 p=5 tap=43 reset=false scheme=4 ops=2,2,2,3,3,3,0,0,1,1,3,1,3,2,0,3,3,3,0,2,3,2,3,0,3,3,3,2,0,0,0,0,3,0,2,2,3,0,3,3,3,0,2,2,0,2,3,2,2,0,0,2,3,2,0,3,0,0,0,2,2,0,0,2 ks=222,0,0,0,0,0,0,0,0,0,0,0,0,239,0,0,2,0,0,0,0,0,0,138,0,41,137,131,0,15,0,0,0,128,0,196,0,2,4,247,0,0,0,235,41,0,1,0,66,19,0,143,171,0,0,0,0,255,0,0,141,163,0,65
00628 features=682 size=7 p=2 tap=56 reset=true scheme=4 ops=3,3,1,1,3,3,3,3,3,3,3,3,3,3,3,3,3,3,3,3,3,3,3,3,3,3,3,3,3,3,3,3,3,1,3,3,2,3,3,1,3,3,3,3,1,3,3,1,1,3,1,3,3,1,1,3,3,1,3,1,3,3,3,3 ks=0,0,0,0,0,0,0,0,0,0,0,0,0,0,0,0,0,0,252,0,0,0,0,0,0,0,0,0,0,0,0,0,0,42,0,0,0,0,124,0,2,0,8,235,116,0,0,0,0,0,0,0,0,0,0,0,0,0,0,0,0,0,0,0
00629 features=726 size=23 p=1 tap=43 reset=false scheme=4 ops=1,2,0,2,0,2,3,0,1,1,3,1,3,2,0,3,3,3,0,2,3,2,3,3,3,3,3,2,0,0,0,0,3,0,2,2,3,3,3,3,3,0,2,2,0,2,3,0,0,3,0,2,3,2,0,3,0,0,3,2,2,0,0,2 ks=224,0,0,255,0,0,0,254,1,0,0,0,0,239,0,0,0,0,255,0,0,128,0,0,0,41,137,0,0,15,128,0,0,42,0,0,0,2,0,2,0,0,0,235,41,0,0,0,0,0,0,143,171,0,0,24,0,118,0,130,141,163,0,0
00630 features=615 size=19 p=2 tap=43 reset=false scheme=0 ops=2,3,1,1,3,2,3,3,0,3,2,3,3,2,3,3,3,3,0,2,3,2,1,2,3,3,3,2,0,0,0,0,3,0,2,2,3,0,3,3,3,0,2,2,0,2,3,2,2,2,0,2,0,2,0,3,0,0,1,2,2,0,0,2 ks=224,0,0,0,0,0,0,0,0,127,0,0,0,0,0,0,0,172,0,0,0,0,0,0,0,0,137,131,128,224,0,0,0,42,0,0,0,0,255,243,0,0,0,235,0,0,0,0,66,132,0,167,171,0,0,0,0,119,0,0,141,163,0,65
00631 features=543 size=5 p=2 tap=43 reset=false scheme=4 ops=2,2,2,3,3,3,0,0,0,0,3,2,3,0,3,3,3,3,3,2,3,2,3,2,3,3,2,2,3,2,2,2,3,3,3,3,3,2,3,3,3,3,2,3,2,2,2,2,2,2,2,2,3,2,2,3,3,3,3,2,3,2,3,2 ks=0,0,0,0,0,0,0,0,0,0,0,0,0,0,0,0,0,0,0,0,0,0,0,0,0,0,0,94,0,0,202,0,1,0,0,0,0,0,0,0,0,0,0,64,0,0,0,0,0,0,0,115,0,0,0,0,0,0,0,0,0,0,0,0
00632 features=1002 size=6 p=2 tap=43 reset=true scheme=4 ops=2,2,2,3,3,3,0,0,0,0,3,2,3,2,3,3,3,3,0,2,3,2,1,3,3,3,3,3,3,3,3,3,3,3,3,3,3,2,3,3,3,3,2,3,2,2,2,2,2,2,2,2,3,2,2,3,3,3,3,2,3,2,3,0 ks=0,0,0,0,0,0,0,0,0,0,0,0,0,0,0,0,0,0,16,0,0,0,0,0,0,0,0,0,0,15,0,0,0,0,0,0,0,0,0,0,0,16,0,64,0,0,0,0,0,0,0,0,0,0,4,0,255,0,0,0,0,0,0,0
00633 features=830 size=24 p=2 tap=43 reset=false scheme=4 ops=2,2,0,2,0,2,3,0,2,2,3,0,3,2,0,3,3,3,0,2,3,2,3,0,3,3,3,2,0,0,0,0,3,0,2,2,3,0,3,3,3,0,2,2,0,2,3,2,2,0,0,2,3,2,0,3,0,0,0,2,2,0,0,2 ks=224,0,65,0,6,0,0,255,0,0,62,0,0,239,0,0,0,0,0,0,0,90,0,138,252,41,137,131,0,15,0,0,0,42,0,0,0,0,0,247,0,0,0,235,41,0,0,0,0,19,0,143,171,0,0,0,0,118,0,0,141,163,0,65
00634 features=516 size=7 p=5 tap=43 reset=false scheme=4 ops=1,2,0,2,0,2,3,0,1,1,3,1,3,1,1,3,3,3,3,1,3,1,2,0,3,3,3,3,0,3,0,0,3,0,2,2,3,0,3,3,3,0,2,2,0,3,3,3,3,3,3,1,3,3,1,3,1,3,3,1,1,3,1,1 ks=0,0,0,0,0,0,0,0,0,0,0,0,0,0,0,0,0,0,0,0,0,0,0,0,0,0,0,0,0,15,0,0,0,42,0,0,32,127,0,247,0,0,0,235,41,0,0,0,0,0,0,0,0,0,0,0,0,0,0,0,0,0,0,0
00635 features=769 size=26 p=1 tap=43 reset=false scheme=4 ops=2,2,0,2,0,2,3,0,2,2,3,0,3,2,0,2,3,3,0,2,3,3,3,0,3,3,3,2,0,0,0,0,3,0,2,2,3,0,3,3,3,0,2,2,0,2,3,1,2,0,0,2,3,2,2,3,0,0,0,2,2,0,0,1 ks=224,0,65,0,6,0,0,255,0,0,62,0,0,239,0,0,0,0,0,0,0,90,0,138,0,41,137,131,0,15,0,0,0,42,0,0,4,0,0,247,0,0,1,235,203,0,0,0,66,19,0,143,171,0,0,0,0,118,32,0,141,163,0,0
00636 features=588 size=8 p=2 tap=38 reset=false scheme=4 ops=2,2,2,3,3,3,0,0,0,0,3,2,3,0,3,3,3,3,3,2,3,2,3,2,3,3,0,2,3,2,2,2,3,3,3,3,3,2,3,3,3,3,2,3,2,1,2,2,2,2,2,2,3,2,2,3,3,3,3,2,3,2,3,2 ks=0,0,0,254,0,0,0,0,0,0,0,0,0,0,0,0,0,0,0,0,0,0,0,0,156,0,32,0,0,0,202,0,0,0,0,0,0,0,0,0,0,0,0,64,0,0,0,253,0,0,0,0,0,0,0,0,0,0,3,0,2,0,0,0
00637 features=725 size=19 p=1 tap=43 reset=false scheme=1 ops=2,0,0,2,0,2,3,0,1,1,3,1,3,2,1,3,3,3,0,2,0,2,1,0,1,3,1,2,1,0,1,1,3,1,2,2,3,0,3,3,3,0,2,2,0,2,3,2,2,0,0,2,0,2,0,3,0,0,0,1,2,2,2,2 ks=224,0,0,0,6,255,0,0,0,0,0,0,0,0,0,0,0,0,0,0,0,255,0,138,0,157,137,0,0,15,0,0,0,42,0,0,0,0,0,247,0,0,0,0,41,0,0,0,66,19,0,0,171,0,0,0,0,118,0,0,141,163,249,65
00638 features=598 size=5 p=2 tap=43 reset=true scheme=4 ops=3,3,3,1,1,3,1,1,1,1,3,1,3,1,1,3,3,3,3,1,3,3,1,3,1,3,3,2,2,3,2,1,3,3,1,1,3,1,3,3,3,3,1,1,1,1,1,3,1,1,1,1,3,3,3,3,1,3,3,1,1,1,3,1 ks=0,0,0,0,0,0,0,0,0,255,0,0,0,0,53,0,0,0,0,0,0,0,0,0,0,0,0,0,0,15,0,0,0,0,0,54,0,0,0,0,0,0,0,4,0,0,0,0,0,0,0,0,0,0,0,0,0,0,0,0,0,0,0,0
00639 features=769 size=18 p=1 tap=43 reset=false scheme=4 ops=2,0,0,2,0,2,3,0,1,1,3,1,3,2,1,3,3,3,0,2,3,2,1,0,3,3,3,2,0,0,0,0,3,0,2,2,3,0,3,3,3,0,2,2,0,2,3,2,2,0,0,2,0,2,0,3,0,0,0,2,2,0,0,2 ks=224,0,0,0,6,0,0,0,0,1,0,0,0,0,0,0,0,0,0,0,0,0,0,0,0,0,137,131,32,15,0,0,0,42,0,0,0,0,0,247,0,0,0,235,41,0,0,0,66,19,0,0,171,0,0,0,0,118,0,0,141,163,249,0
00640 features=832 size=27 p=2 tap=43 reset=false scheme=4 ops=2,2,0,2,0,2,3,0,3,0,3,3,3,2,0,3,3,3,0,2,3,2,3,0,3,3,3,2,0,0,0,0,3,0,2,2,3,0,3,3,3,0,2,2,0,0,0,0,0,3,0,2,3,2,0,3,0,0,0,2,2,0,0,2 ks=224,0,0,255,6,0,0,255,0,0,0,0,0,239,0,0,0,0,0,0,0,90,253,138,0,41,137,131,0,15,0,0,0,42,0,0,0,2,4,247,0,0,0,235,41,0,0,115,0,0,0,255,171,0,0,0,0,118,0,2,141,163,43,65
00641 features=816 size=28 p=2 tap=43 reset=false scheme=4 ops=2,2,0,2,0,2,3,0,2,2,3,0,3,2,0,3,3,3,0,2,3,2,3,0,3,3,3,2,0,0,0,0,3,0,2,2,3,0,3,3,3,0,2,2,0,2,3,2,2,0,0,2,3,2,0,3,0,0,0,3,2,0,0,2 ks=224,0,65,0,6,0,0,255,0,0,62,0,0,239,0,0,0,0,0,0,0,90,0,138,253,41,0,131,0,15,0,0,0,42,0,0,0,32,0,247,0,0,0,235,41,0,255,0,66,19,0,143,171,0,0,0,0,118,0,72,141,163,1,65
00642 features=647 size=19 p=1 tap=43 reset=false scheme=2 ops=2,1,1,2,1,2,3,3,1,1,3,1,3,2,1,3,3,3,0,2,3,2,1,0,1,3,3,2,2,2,3,1,3,1,2,2,3,1,3,3,3,3,2,2,3,2,3,1,2,2,2,2,3,2,2,3,1,1,3,2,1,1,3,3 ks=0,0,0,0,22,0,0,0,0,229,0,0,253,0,53,0,0,242,0,0,0,0,0,127,0,0,0,131,32,15,0,0,0,42,0,0,0,0,0,247,0,0,0,235,41,0,0,0,66,19,0,32,0,0,0,0,0,137,0,0,0,0,253,65
00643 features=694 size=6 p=10 tap=43 reset=true scheme=4 ops=0,3,1,1,3,3,3,3,0,3,2,3,3,3,3,3,3,3,3,3,3,3,3,3,3,3,3,3,3,3,3,3,3,1,3,0,3,0,3,0,3,0,1,1,1,3,1,3,1,1,0,3,1,1,1,0,3,1,3,1,3,3,3,3 ks=0,0,0,0,0,0,0,0,0,127,0,0,0,0,0,0,0,172,0,0,0,0,0,0,0,0,0,0,0,15,0,0,0,42,0,32,0,0,20,0,0,0,0,0,0,0,0,0,0,0,0,0,0,0,0,0,0,0,0,0,0,0,0,0
00644 features=871 size=2 p=5 tap=43 reset=true scheme=1 ops=0,1,0,3,0,3,3,0,1,0,3,0,3,1,0,3,3,3,0,1,0,3,3,0,3,3,3,2,0,0,0,0,3,0,2,2,3,0,3,3,3,3,3,0,2,0,3,1,3,0,0,1,2,1,3,3,3,3,3,1,3,1,3,2 ks=0,0,0,0,0,0,0,0,0,0,0,0,0,0,0,0,0,0,0,0,0,0,0,0,0,0,0,0,0,0,0,0,0,0,0,0,0,0,0,247,0,0,0,235,0,0,0,0,0,0,0,0,0,0,0,0,0,0,0,0,0,0,0,0
00645 features=683 size=11 p=5 tap=4 reset=true scheme=4 ops=3,3,1,1,3,3,3,3,3,3,3,3,3,3,3,3,3,3,3,3,3,3,3,3,3,3,3,3,3,3,3,3,3,1,3,3,3,3,3,1,3,3,3,3,1,3,3,1,1,3,1,3,3,1,1,3,3,1,1,1,3,3,3,3 ks=0,0,0,0,156,0,0,0,252,0,0,0,0,0,0,0,0,0,0,0,0,0,0,0,0,0,0,0,0,15,0,0,64,42,0,0,0,0,86,246,66,0,8,235,116,0,0,0,0,0,0,0,0,0,0,0,0,0,0,0,0,0,0,0
00646 features=696 size=20 p=10 tap=43 reset=false scheme=2 ops=2,2,0,2,0,1,1,1,1,1,3,0,3,0,1,3,3,3,0,2,3,2,3,0,0,3,3,2,0,3,1,0,3,0,2,2,3,0,3,3,3,0,2,2,0,0,3,2,2,0,0,2,3,2,0,3,0,0,0,2,2,0,0,2 ks=224,0,65,0,0,0,0,0,0,0,0,0,0,0,253,0,0,0,0,0,0,0,0,0,0,0,0,131,0,15,0,0,0,42,0,0,0,2,4,247,0,0,0,235,41,208,0,0,0,51,0,143,171,0,254,0,0,118,0,0,141,163,0,65
00647 features=871 size=23 p=2 tap=43 reset=true scheme=3 ops=0,2,0,2,0,2,3,0,2,2,3,2,3,2,3,3,3,3,0,2,3,2,3,0,3,3,3,2,0,0,0,0,3,0,2,2,3,0,3,3,3,0,2,2,0,2,3,2,2,0,0,2,0,2,0,3,0,0,0,2,2,0,0,2 ks=224,0,0,0,6,0,0,255,0,0,62,0,0,0,0,0,0,0,0,0,0,90,0,138,0,43,137,131,0,15,0,0,0,42,0,0,0,0,0,247,0,0,0,235,41,0,0,0,66,19,0,143,163,0,0,0,0,118,0,0,141,118,32,65
00648 features=934 size=6 p=5 tap=43 reset=true scheme=4 ops=2,2,2,3,3,3,0,0,0,0,3,0,3,3,1,3,3,3,0,2,3,2,3,3,3,3,2,2,3,2,2,2,3,3,0,3,3,2,3,3,3,3,2,3,2,2,2,2,2,2,2,2,3,2,2,3,2,3,3,2,3,2,3,2 ks=0,0,0,0,0,0,4,0,0,0,0,0,0,0,0,0,0,0,0,0,0,0,0,0,156,0,0,0,0,0,202,0,0,0,26,0,1,0,0,0,0,0,0,64,0,0,0,0,0,0,0,0,0,0,0,0,0,0,0,0,0,0,0,0
00649 features=819 size=8 p=2 tap=43 reset=true scheme=1 ops=3,2,0,3,3,3,3,3,3,3,3,3,3,3,3,3,3,3,3,3,3,3,3,3,3,3,3,3,3,0,0,0,3,0,2,2,3,0,3,3,3,0,2,2,0,2,3,3,3,3,3,3,3,3,3,3,3,3,3,3,3,3,3,3 ks=0,0,0,0,0,0,0,0,0,206,0,0,0,0,0,0,0,0,0,0,0,0,0,0,0,0,0,0,0,15,0,0,0,42,0,0,0,2,4,95,0,0,0,235,41,0,0,0,0,0,0,0,0,0,0,0,0,0,0,0,0,0,0,0
00650 features=773 size=24 p=2 tap=43 reset=false scheme=4 ops=2,2,0,2,0,2,3,0,2,2,3,0,3,2,0,3,3,3,0,3,3,2,3,0,3,3,3,2,0,0,0,0,3,0,2,2,3,0,3,3,3,0,2,2,0,2,3,2,2,0,3,2,3,2,0,3,0,0,0,2,2,0,0,2 ks=255,0,0,0,0,0,0,255,0,0,62,38,0,239,0,0,0,0,0,0,254,90,0,138,0,57,137,131,0,15,0,0,0,42,0,0,0,0,0,247,0,0,0,235,41,0,0,0,66,19,0,143,171,0,0,0,0,118,0,0,141,163,0,65
00651 features=795 size=26 p=2 tap=43 reset=false scheme=4 ops=2,2,0,2,0,2,3,0,2,2,3,0,3,2,0,3,3,3,0,2,3,2,3,0,3,3,3,2,0,0,0,0,3,0,2,2,3,0,3,3,3,0,2,2,0,2,3,2,2,0,0,2,3,2,0,3,0,0,0,2,2,0,0,2 ks=224,0,65,0,6,0,0,255,0,0,62,0,0,239,0,0,0,0,0,0,0,90,0,138,0,41,137,131,255,15,0,0,0,42,0,0,0,0,0,247,0,0,0,235,41,0,0,16,66,19,0,143,171,0,0,0,0,118,0,0,141,163,0,65
00652 features=803 size=26 p=5 tap=43 reset=false scheme=1 ops=2,2,0,2,0,2,3,0,2,2,3,0,3,2,0,3,3,3,0,1,3,2,3,0,3,3,3,2,0,3,0,0,3,0,2,2,3,0,3,3,3,0,2,2,0,2,3,2,2,0,0,2,3,2,0,3,0,0,0,2,2,0,0,2 ks=0,0,0,0,254,0,0,255,0,0,62,0,0,37,0,0,4,0,0,0,0,90,0,138,0,41,137,131,0,15,0,0,0,42,0,195,0,0,0,247,0,0,0,235,43,208,0,29,66,19,0,143,171,0,0,0,0,118,0,0,141,163,0,65
00653 features=784 size=23 p=2 tap=43 reset=false scheme=1 ops=2,2,0,2,0,2,3,0,2,2,3,0,3,2,0,3,3,3,0,2,3,2,3,0,3,3,3,2,0,0,0,0,3,0,2,2,3,0,3,3,3,0,2,2,0,2,3,2,2,0,0,2,3,2,0,3,0,0,1,2,1,0,0,2 ks=224,0,0,0,6,0,0,255,0,0,62,0,0,239,0,0,0,0,0,0,0,90,0,138,0,57,137,127,0,15,0,0,0,42,0,0,0,0,0,247,0,0,0,33,41,208,0,0,66,51,0,143,171,0,0,0,0,118,0,0,141,163,0,0
00654 features=800 size=23 p=5 tap=43 reset=false scheme=1 ops=2,2,0,2,0,2,3,0,2,2,3,0,3,2,0,3,3,3,0,3,3,2,3,0,3,3,3,2,0,0,0,0,3,0,2,2,3,0,3,3,3,0,2,2,0,2,3,2,3,0,0,0,3,2,0,3,0,0,0,2,2,0,0,2 ks=0,0,0,0,6,0,0,0,0,0,62,0,0,37,0,0,0,0,0,0,0,90,0,140,0,0,137,127,0,15,0,1,0,42,0,0,0,0,0,247,0,0,0,235,41,208,0,29,66,19,0,143,171,0,0,0,0,118,0,0,141,163,0,65
00655 features=763 size=23 p=2 tap=43 reset=false scheme=4 ops=2,2,0,2,0,2,3,0,2,2,3,0,3,2,0,3,3,3,0,3,3,2,3,0,3,3,3,2,0,0,0,0,3,0,2,2,3,0,3,3,3,0,2,2,0,2,3,2,2,0,0,2,3,2,0,3,0,0,0,2,2,2,0,2 ks=224,0,0,0,6,0,0,255,0,0,62,0,0,239,0,0,0,0,0,0,0,90,0,138,0,41,137,131,0,166,0,0,0,42,0,0,0,0,0,247,0,0,0,235,41,0,0,0,66,19,0,143,0,0,0,0,0,246,2,0,141,118,0,1
00656 features=710 size=25 p=2 tap=43 reset=false scheme=4 ops=2,2,0,2,0,2,3,0,1,1,3,1,3,2,0,3,3,3,0,2,3,2,3,2,3,3,3,2,3,2,2,2,3,2,2,2,3,0,3,3,3,0,2,2,0,0,3,2,2,0,0,2,3,2,2,3,0,0,1,2,2,0,0,2 ks=0,254,142,255,6,32,0,255,0,0,0,0,67,239,0,0,0,255,0,0,0,0,0,0,0,0,32,0,0,0,1,0,0,0,0,0,0,2,4,247,0,4,0,235,41,0,0,0,66,19,0,143,171,0,0,0,0,118,0,0,144,163,0,65
00657 features=626 size=11 p=10 tap=43 reset=false scheme=4 ops=3,0,0,0,0,3,0,0,0,0,3,0,3,3,3,3,3,3,0,0,3,0,3,0,0,3,1,3,3,0,3,3,3,0,3,0,3,0,3,3,3,0,2,2,0,2,3,2,2,0,0,2,3,2,0,3,0,0,0,0,3,0,0,3 ks=0,0,0,0,0,0,0,0,0,0,0,0,0,0,0,0,0,0,0,70,0,0,0,138,0,41,137,131,0,15,0,0,0,0,0,0,0,0,86,247,0,0,0,33,41,208,0,0,0,0,0,0,0,0,0,0,0,0,0,0,0,0,0,0
00658 features=765 size=25 p=2 tap=43 reset=false scheme=0 ops=2,2,0,2,0,2,3,0,1,1,3,1,3,2,0,3,3,3,0,2,3,2,3,0,3,3,3,2,0,0,0,0,3,0,2,2,3,0,3,3,3,0,2,2,3,0,0,0,0,3,0,2,3,2,0,3,0,0,0,2,2,0,0,2 ks=224,0,0,255,6,0,0,255,1,0,0,0,0,239,0,0,0,0,0,0,0,90,0,170,0,0,137,131,0,15,0,0,0,42,0,0,0,2,4,255,0,0,0,235,41,28,0,0,0,0,0,143,171,0,0,0,0,118,0,2,141,163,0,65
00659 features=293 size=2 p=2 tap=43 reset=false scheme=4 ops=1,2,0,2,0,2,3,0,1,1,3,1,3,1,1,3,3,3,0,1,3,1,2,3,3,3,3,3,3,1,1,1,3,3,1,1,3,2,3,3,3,3,2,3,3,3,3,3,3,3,3,1,3,3,1,1,1,3,3,1,1,3,1,1 ks=0,0,0,0,0,0,0,0,0,0,0,0,0,0,0,0,0,0,0,0,0,0,0,0,0,0,0,0,0,0,0,0,0,0,0,0,0,0,0,0,0,0,0,65,0,128,0,0,0,0,0,0,0,0,0,0,0,0,0,0,0,0,0,0
00660 features=201 size=3 p=5 tap=5 reset=false scheme=3 ops=3,1,3,1,3,1,0,1,1,1,3,1,3,1,1,3,3,3,3,1,3,3,1,3,1,3,3,3,3,1,1,1,3,3,1,0,3,1,3,3,3,1,1,1,1,1,1,3,1,1,3,1,3,3,3,3,1,1,1,1,3,1,3,1 ks=0,0,0,0,248,0,0,0,0,0,0,0,0,0,0,0,0,131,0,0,0,0,0,0,0,0,0,0,0,0,0,0,0,0,0,0,0,0,0,127,0,0,0,0,0,0,0,0,0,0,0,0,0,0,0,0,0,0,0,0,0,0,0,0
00661 features=779 size=21 p=2 tap=43 reset=false scheme=4 ops=2,2,0,2,0,2,3,0,2,2,3,0,3,2,0,3,3,3,0,3,3,2,3,0,3,3,3,2,0,0,0,0,3,0,2,2,3,0,3,3,3,0,2,2,0,2,3,2,2,0,3,2,3,2,0,3,0,0,0,2,2,0,0,2 ks=255,0,0,0,0,0,0,0,0,0,0,0,0,239,0,0,0,0,0,0,0,90,0,138,0,57,137,131,0,15,0,0,0,42,0,0,0,0,0,247,0,0,4,235,41,0,0,0,66,19,0,143,139,0,0,0,0,118,0,0,141,163,0,65
00662 features=967 size=5 p=2 tap=43 reset=true scheme=4 ops=2,2,0,2,0,2,3,0,2,2,3,0,3,2,0,2,3,3,0,2,3,2,3,0,3,3,3,2,0,0,0,0,3,0,2,2,3,0,3,3,3,0,2,2,0,2,3,1,2,0,0,2,3,2,2,3,0,0,0,2,2,0,0,2 ks=0,0,0,0,0,0,0,0,0,0,0,0,0,0,0,0,0,0,0,0,0,0,0,0,0,0,0,0,0,0,0,253,0,42,0,0,0,0,0,247,0,0,0,235,203,0,0,0,0,0,0,0,0,0,0,0,0,0,0,0,0,0,0,0
00663 features=574 size=5 p=2 tap=43 reset=false scheme=1 ops=2,2,2,2,2,2,3,2,1,1,3,1,3,2,2,3,3,3,1,2,3,2,3,3,3,3,3,2,1,1,3,3,3,3,2,2,3,2,3,3,3,3,2,2,3,2,3,2,2,2,1,2,3,2,2,3,1,3,2,1,3,3,2,2 ks=0,0,0,0,0,0,0,0,0,0,0,0,0,0,0,0,0,0,0,0,0,0,0,0,0,0,0,0,0,0,0,0,0,42,0,0,0,0,0,247,0,0,2,235,41,0,0,0,0,0,0,0,0,0,0,0,0,0,0,0,0,0,0,0
00664 features=727 size=24 p=10 tap=43 reset=false scheme=1 ops=2,2,0,2,0,2,3,0,2,2,3,0,3,2,0,3,3,3,0,2,3,2,3,0,0,3,3,3,3,3,3,0,3,0,2,2,3,0,3,3,3,0,2,2,0,0,3,2,2,0,0,2,3,2,0,3,0,0,1,2,2,0,0,2 ks=224,0,65,0,6,0,0,255,0,0,62,0,0,127,0,0,0,0,0,0,0,90,0,142,0,0,0,0,0,0,0,0,0,42,0,0,0,115,10,247,0,0,0,33,41,208,0,0,66,51,0,143,171,0,254,0,0,118,0,0,141,163,0,65
00665 features=726 size=21 p=5 tap=43 reset=false scheme=4 ops=2,0,0,2,0,2,3,0,1,1,3,1,3,2,1,1,3,3,0,2,3,2,1,0,3,3,3,2,0,0,0,0,3,3,2,2,3,0,3,3,3,0,2,2,3,2,3,3,3,2,2,3,3,2,2,2,0,3,0,2,2,0,0,2 ks=0,0,0,0,6,0,0,0,0,0,58,0,0,213,0,0,0,0,0,0,0,0,212,32,0,0,137,131,32,15,0,0,0,2,0,0,0,0,0,247,0,0,128,235,41,0,0,0,70,0,0,0,4,0,0,0,0,118,0,0,141,163,249,65
00666 features=775 size=17 p=1 tap=43 reset=false scheme=4 ops=2,0,0,2,0,2,3,0,1,1,3,1,3,2,1,3,3,3,0,2,3,2,1,2,3,3,3,2,0,0,0,0,3,0,2,2,3,0,3,3,3,0,2,2,0,2,3,2,2,0,0,2,0,2,1,3,0,0,0,2,2,0,0,2 ks=224,0,0,0,6,0,0,0,0,0,0,64,0,0,0,0,0,0,0,0,0,0,0,0,0,0,137,131,32,15,0,0,0,42,0,0,0,0,0,247,0,0,0,0,41,0,0,0,66,19,0,0,171,0,0,0,0,118,0,0,141,53,0,65
00667 features=708 size=7 p=2 tap=43 reset=false scheme=5 ops=0,3,0,3,0,3,0,0,0,0,3,0,3,0,0,3,3,3,0,3,3,0,3,0,0,3,0,3,3,3,0,3,3,0,0,0,3,0,3,3,3,0,0,0,3,0,0,0,0,0,0,3,3,3,0,3,0,0,0,3,0,0,0,3 ks=0,0,0,0,0,0,0,0,0,0,0,0,0,0,0,0,0,0,0,0,0,0,0,0,91,128,1,0,0,0,0,0,0,0,0,0,0,0,128,0,0,0,0,0,0,0,127,0,16,0,0,0,0,0,0,0,0,0,0,0,0,254,0,0
00668 features=864 size=4 p=1 tap=43 reset=true scheme=4 ops=0,3,0,0,0,0,3,0,0,3,3,0,3,3,3,3,3,3,3,3,3,3,3,3,0,3,3,3,3,3,0,3,3,3,3,3,3,0,3,3,3,0,0,3,0,0,0,0,0,3,0,3,3,0,0,3,0,0,3,3,3,3,3,3 ks=0,0,0,0,0,0,0,0,0,0,0,0,0,0,0,0,0,0,0,0,0,0,252,0,0,0,0,0,0,0,0,0,0,0,0,0,3,0,0,0,0,0,0,235,42,0,0,0,0,0,0,0,0,0,0,0,0,0,0,0,0,0,0,0
00669 features=800 size=27 p=2 tap=43 reset=false scheme=4 ops=2,2,0,2,0,2,3,0,1,1,3,1,3,2,0,3,3,3,0,2,3,2,1,0,3,3,3,2,0,0,0,0,3,0,2,2,3,0,3,3,3,0,2,2,0,0,1,2,2,0,0,2,3,2,0,3,0,0,1,2,2,0,0,2 ks=224,0,0,255,6,32,0,255,0,0,0,0,0,239,0,0,0,255,0,0,0,0,0,138,0,41,137,131,1,15,0,0,0,42,0,0,0,2,4,247,0,0,0,235,41,0,0,0,66,19,0,143,171,0,0,0,0,118,0,0,141,163,0,65
00670 features=687 size=21 p=2 tap=43 reset=false scheme=4 ops=0,2,0,2,0,2,3,3,3,3,3,2,3,2,3,3,3,3,0,2,3,2,3,0,3,3,3,2,0,3,0,0,3,0,2,2,3,0,3,3,3,0,2,2,0,2,3,2,2,0,0,2,3,2,0,3,0,0,0,2,2,0,0,2 ks=224,0,0,0,6,0,0,0,0,0,0,0,0,0,0,0,0,0,0,0,0,90,0,138,0,43,137,131,0,15,0,0,0,42,0,0,0,0,0,247,0,0,0,235,41,0,0,0,66,19,0,143,163,0,0,16,0,118,0,0,141,118,0,65
00671 features=845 size=5 p=10 tap=43 reset=true scheme=4 ops=3,3,1,1,3,3,3,3,3,3,3,3,3,3,3,3,3,3,3,3,3,3,3,3,3,3,3,3,3,3,0,0,3,0,2,2,3,0,3,3,3,0,2,2,0,3,3,0,1,3,1,3,3,1,1,3,3,1,3,2,3,3,3,3 ks=0,0,0,0,0,0,0,0,0,0,0,0,0,0,0,0,0,0,0,0,0,0,0,1,0,0,0,0,0,15,0,0,0,42,0,0,0,0,0,0,0,0,0,235,41,0,0,0,0,0,0,0,0,0,0,0,0,0,0,0,0,0,0,0
00672 features=897 size=9 p=5 tap=43 reset=true scheme=4 ops=2,2,2,3,3,3,3,2,2,2,3,2,3,2,3,3,3,3,3,2,3,2,3,2,3,3,3,2,3,2,2,2,3,3,3,3,3,2,3,3,3,3,2,3,2,2,2,2,2,2,2,2,3,2,2,3,3,3,3,2,3,2,3,2 ks=0,0,0,254,0,0,0,0,0,0,0,0,0,0,0,0,0,0,0,0,8,0,0,0,156,0,32,0,0,0,202,0,0,0,0,0,0,0,0,0,0,0,1,64,0,0,0,253,0,0,0,0,0,0,0,0,128,0,0,0,0,0,0,0
00673 features=736 size=26 p=5 tap=43 reset=false scheme=5 ops=2,2,2,3,3,3,0,0,0,1,3,0,3,2,0,3,3,3,0,2,3,3,3,0,3,3,3,0,0,0,0,0,3,0,2,2,3,0,3,3,3,0,2,2,0,2,3,2,2,0,0,2,3,2,0,3,0,0,0,2,2,0,0,2 ks=222,0,3,0,0,254,0,0,0,0,0,0,0,239,0,0,2,0,0,0,2,0,0,138,0,41,255,131,0,15,0,0,0,128,0,0,1,2,4,247,0,0,254,235,41,0,0,0,66,19,0,0,171,0,0,0,0,255,0,0,141,163,0,65
00674 features=946 size=20 p=10 tap=43 reset=true scheme=1 ops=2,2,0,2,0,2,3,0,1,1,3,1,3,2,0,3,3,3,0,2,3,2,1,0,3,3,3,2,0,0,0,0,3,0,2,2,3,0,3,3,3,0,2,2,0,2,3,2,2,0,0,2,3,2,0,3,0,0,1,2,2,0,0,2 ks=0,254,0,0,0,0,121,0,0,0,0,0,110,239,0,0,0,255,0,0,0,0,0,138,0,0,137,131,0,15,0,0,0,42,0,0,0,126,4,247,0,0,0,235,41,0,0,0,66,0,0,0,171,0,0,135,0,0,0,0,141,0,0,65
00675 features=517 size=4 p=5 tap=43 reset=false scheme=0 ops=2,2,2,3,2,2,3,2,3,2,3,2,3,3,3,3,3,3,3,3,3,3,3,3,3,3,3,2,3,2,2,2,3,3,3,3,3,2,3,3,3,0,2,2,0,2,2,2,2,2,2,2,3,2,2,3,2,3,3,2,3,2,3,2 ks=0,254,0,0,0,0,0,190,0,0,0,0,0,0,0,0,0,0,0,0,0,0,0,0,0,0,0,0,0,0,0,0,0,0,0,0,0,0,0,0,0,0,0,235,41,0,0,0,0,0,0,0,0,0,0,0,0,0,0,0,0,0,0,0
00676 features=748 size=25 p=2 tap=43 reset=false scheme=4 ops=2,2,0,2,0,2,3,0,1,1,3,1,3,2,0,3,3,3,0,2,3,2,3,0,3,3,3,2,0,0,0,0,3,0,2,2,3,0,3,3,3,0,2,2,0,2,3,2,2,0,0,2,3,2,0,3,0,0,0,2,2,0,0,2 ks=224,0,0,255,6,0,0,255,0,0,0,0,0,239,0,0,255,0,0,0,0,90,0,138,0,0,137,131,0,15,0,0,0,42,0,0,0,2,4,247,0,0,0,235,41,0,0,0,66,19,0,143,171,0,0,0,0,161,0,0,141,163,0,2
00677 features=658 size=17 p=2 tap=43 reset=false scheme=4 ops=2,2,0,2,0,2,3,0,2,2,3,0,3,2,0,3,3,3,0,2,3,2,3,0,3,3,3,0,3,2,2,2,3,3,3,3,3,2,3,3,3,0,2,2,0,2,3,3,2,0,0,2,3,2,0,3,0,0,0,2,2,0,0,2 ks=224,0,255,255,6,0,0,0,0,0,0,0,0,0,0,0,0,0,255,0,0,90,0,138,0,0,0,0,0,0,0,0,0,0,0,0,0,0,0,247,0,0,0,235,41,0,2,64,0,19,0,0,171,0,0,0,0,0,0,0,141,163,0,65
00678 features=788 size=27 p=2 tap=43 reset=false scheme=4 ops=2,2,0,2,2,2,3,0,2,2,3,0,3,2,0,3,3,3,0,2,3,2,3,0,3,3,3,2,0,0,0,0,3,0,2,2,3,0,3,3,3,0,2,2,0,2,3,2,2,0,0,2,3,2,0,3,0,1,0,2,2,0,0,2 ks=224,0,65,0,6,0,0,255,0,0,62,0,0,239,0,0,0,0,0,0,0,90,0,138,0,41,137,131,255,15,0,0,0,42,0,64,0,0,0,247,0,0,0,235,41,127,0,16,66,19,0,143,171,0,0,0,0,0,0,0,141,163,0,65
00679 features=813 size=26 p=10 tap=43 reset=false scheme=1 ops=2,2,0,2,0,2,3,0,2,2,3,0,3,2,0,3,3,3,0,2,3,2,3,0,0,3,3,2,0,0,0,0,3,0,2,2,3,0,3,3,3,0,2,2,0,0,3,2,2,0,0,0,3,2,0,3,3,3,3,2,2,0,0,2 ks=255,0,65,0,6,0,0,255,0,0,62,0,0,127,0,0,0,0,0,0,0,90,0,138,0,57,214,131,0,15,0,0,0,42,0,0,0,115,10,2,0,0,0,33,41,208,0,0,66,51,0,143,171,0,0,0,0,0,0,0,141,163,0,65
00680 features=618 size=10 p=10 tap=48 reset=true scheme=4 ops=3,2,1,1,3,3,3,3,3,3,3,3,3,3,3,3,3,3,3,3,3,3,3,3,3,3,3,3,3,0,3,3,3,0,3,1,3,0,3,0,3,0,1,1,1,3,1,3,1,1,0,3,3,1,1,3,3,1,3,1,3,3,3,3 ks=0,0,0,85,0,0,0,0,252,0,0,0,0,0,228,2,0,0,0,0,0,0,252,0,0,0,0,0,0,15,0,0,0,42,0,32,0,0,4,0,0,0,0,0,0,0,0,0,0,0,0,0,0,0,0,0,0,198,0,0,0,0,0,0
00681 features=786 size=16 p=1 tap=43 reset=false scheme=4 ops=2,2,0,2,0,2,3,0,2,2,3,0,3,2,0,3,3,3,0,2,3,2,3,0,3,3,3,2,0,0,0,0,3,0,2,2,3,0,3,3,3,0,2,2,3,2,3,1,2,0,0,2,3,2,2,3,0,0,0,2,2,0,0,2 ks=224,0,0,0,0,154,0,0,0,0,62,0,0,239,0,0,0,0,0,0,0,0,0,0,0,0,0,0,254,14,0,253,0,30,0,0,0,0,0,247,0,0,128,235,41,0,0,0,66,0,0,78,0,0,0,0,0,0,0,0,0,163,0,65
00682 features=376 size=15 p=10 tap=56 reset=false scheme=4 ops=1,1,1,1,3,1,1,1,1,1,3,1,3,3,1,1,3,3,3,1,3,1,3,1,1,3,1,3,1,1,1,1,3,1,1,3,3,3,3,1,3,3,3,3,1,1,1,3,1,1,1,1,3,3,3,3,1,1,1,3,1,1,1,1 ks=0,0,0,0,6,0,0,0,0,0,0,0,0,239,0,0,0,0,0,112,0,91,0,138,0,41,255,131,0,15,0,0,0,0,0,0,0,0,86,0,2,0,0,235,116,0,0,0,0,0,0,143,0,0,0,0,0,0,0,0,132,0,0,0
00683 features=767 size=20 p=2 tap=43 reset=false scheme=4 ops=2,2,0,2,0,2,3,0,2,2,3,0,3,2,0,3,3,3,0,3,1,2,3,0,3,3,3,2,0,0,0,0,3,0,2,2,3,0,3,3,3,0,2,2,0,2,3,2,2,0,3,2,3,2,0,3,0,0,0,2,2,0,0,2 ks=128,0,0,0,0,0,0,0,0,0,0,0,0,239,0,0,0,0,0,0,0,90,0,138,0,57,137,131,0,15,0,0,0,42,0,0,0,0,0,247,0,0,4,235,41,0,0,0,66,19,0,143,139,0,0,0,0,118,0,0,0,163,0,155
00684 features=733 size=20 p=2 tap=16 reset=true scheme=3 ops=2,2,2,1,1,2,1,1,1,2,2,1,1,2,1,3,2,1,1,2,3,0,3,0,3,0,3,2,0,0,0,0,3,0,1,1,3,0,3,2,1,2,2,1,1,2,1,2,2,1,2,2,1,2,1,2,0,2,2,2,1,1,1,2 ks=224,0,0,0,6,0,64,0,0,0,62,0,0,237,0,0,0,0,0,0,0,90,0,138,0,41,0,131,0,15,0,0,0,0,0,0,0,0,0,247,0,0,0,235,41,0,0,0,66,19,0,0,171,0,0,0,0,2,0,0,141,163,0,165
00685 features=739 size=15 p=10 tap=4 reset=true scheme=4 ops=3,3,2,3,3,3,3,3,3,3,3,3,3,3,3,3,3,3,0,2,3,2,0,0,1,0,3,3,3,3,3,3,3,2,3,2,3,3,3,2,3,3,3,3,3,3,3,2,2,3,2,3,3,2,3,3,3,3,3,3,3,3,3,2 ks=0,0,0,0,156,0,128,0,0,4,0,0,0,16,0,0,0,0,0,112,0,91,0,138,0,41,0,0,0,0,0,0,0,92,255,0,0,0,0,0,66,228,0,235,0,152,0,0,0,221,0,0,0,0,0,0,0,0,0,0,0,0,0,0
00686 features=580 size=6 p=2 tap=43 reset=true scheme=4 ops=3,3,1,1,3,3,3,3,3,3,1,3,3,3,3,3,3,3,3,3,3,3,3,3,1,3,3,3,3,3,3,3,3,2,3,3,3,3,3,1,3,3,1,3,1,3,3,1,1,3,2,3,3,1,1,3,3,1,3,1,3,3,3,2 ks=0,0,0,0,0,0,0,0,0,0,0,0,0,0,0,0,255,0,0,0,0,0,0,0,0,0,0,0,0,15,0,0,0,0,0,0,0,0,86,247,2,0,0,235,0,0,0,0,0,0,0,0,0,0,0,0,0,0,0,0,0,0,0,0
00687 features=699 size=8 p=2 tap=56 reset=true scheme=4 ops=3,3,1,1,3,3,3,3,3,3,3,3,3,3,3,3,3,3,3,3,3,3,0,3,3,3,3,3,3,3,3,3,3,1,3,3,2,3,3,1,3,3,3,3,1,3,3,1,1,3,1,3,3,1,1,3,3,1,3,1,3,3,3,3 ks=0,0,0,0,0,0,0,0,0,0,0,0,0,0,0,0,0,0,252,0,0,0,0,0,0,0,0,0,0,2,0,0,0,42,0,0,0,0,124,0,2,0,8,235,116,0,0,0,0,0,0,0,0,0,0,0,0,0,0,0,0,0,0,0
00688 features=619 size=8 p=10 tap=48 reset=true scheme=4 ops=3,2,1,1,3,3,3,3,3,3,3,3,3,3,3,3,3,3,3,3,3,3,3,3,3,3,3,3,3,0,3,3,3,0,3,1,3,0,3,0,3,0,1,1,1,3,1,3,1,1,0,3,0,1,1,3,3,1,3,1,3,3,3,3 ks=0,0,0,0,0,0,0,0,252,0,0,0,0,0,0,2,0,0,0,0,0,0,252,0,0,0,0,0,0,15,0,0,0,42,0,32,0,0,4,0,0,0,0,0,0,0,0,0,0,0,0,0,0,0,0,0,0,198,0,0,0,0,0,0
00689 features=732 size=23 p=2 tap=43 reset=false scheme=4 ops=2,2,0,2,0,2,3,0,2,2,3,0,3,2,0,3,3,3,0,3,3,2,3,0,0,3,0,3,3,1,0,0,3,0,2,2,3,0,3,1,3,0,2,2,0,2,3,2,2,0,0,2,3,2,0,3,0,0,0,2,2,0,3,3 ks=224,0,0,0,10,0,0,255,4,0,62,64,0,128,0,0,0,0,0,0,0,90,0,0,0,0,1,0,0,0,0,253,0,42,0,0,0,0,0,247,0,32,2,251,41,0,0,0,66,19,0,143,171,0,0,0,0,118,0,0,77,163,0,0
00690 features=648 size=9 p=2 tap=56 reset=true scheme=0 ops=3,3,1,1,3,3,3,3,3,3,3,3,3,3,3,3,3,3,3,3,3,3,3,3,3,3,3,3,2,3,3,3,3,1,3,3,2,3,3,1,3,3,3,3,1,0,3,1,1,3,1,3,3,1,1,3,3,1,3,1,3,3,3,3 ks=0,0,0,0,0,0,0,0,128,0,0,0,0,0,0,0,0,0,0,92,0,0,0,0,0,0,0,0,0,15,0,0,0,42,0,0,0,0,124,0,2,0,0,127,0,246,0,0,0,0,0,0,0,0,0,0,127,0,0,0,0,0,0,0
00691 features=775 size=20 p=2 tap=43 reset=false scheme=4 ops=2,2,0,0,0,3,0,0,2,2,3,0,3,2,0,3,3,3,0,2,3,2,3,0,3,3,3,2,0,0,0,0,3,0,2,2,3,0,3,3,3,0,2,2,3,0,0,0,0,3,0,2,3,2,0,3,0,0,0,2,2,0,0,2 ks=224,0,0,0,0,0,0,0,0,0,0,252,0,0,0,0,0,0,0,0,0,90,0,170,0,0,137,131,0,15,0,0,0,42,0,0,0,2,4,255,0,0,0,235,41,0,0,0,0,0,0,143,171,0,32,0,0,118,0,0,141,163,0,65
00692 features=744 size=25 p=2 tap=43 reset=false scheme=1 ops=2,2,0,2,0,2,3,0,1,1,3,1,3,2,0,3,3,3,0,2,3,2,3,0,3,3,3,2,0,0,0,0,3,0,2,2,3,0,3,3,3,0,2,2,0,2,3,2,2,0,0,2,3,2,0,3,0,0,0,2,2,0,0,2 ks=224,0,0,255,6,0,0,212,0,0,0,0,0,239,0,0,0,0,0,0,0,90,0,138,0,41,137,131,0,15,0,0,0,42,0,0,0,196,0,247,0,0,2,235,41,0,0,0,255,19,0,143,171,0,0,0,0,255,0,0,141,161,0,65
00693 features=797 size=11 p=5 tap=43 reset=true scheme=3 ops=3,0,0,0,3,3,3,0,2,0,3,0,3,3,3,2,3,2,3,2,3,2,3,0,0,3,3,3,3,0,0,3,3,0,3,0,3,0,1,2,3,0,3,3,0,0,0,0,0,3,0,0,3,2,0,3,0,0,0,2,1,1,0,2 ks=0,0,0,0,0,0,0,255,0,0,0,0,0,0,253,0,0,0,0,253,0,0,0,4,253,0,0,0,0,0,0,0,0,42,0,0,0,0,86,247,2,0,0,227,116,0,0,0,0,0,0,0,0,0,0,0,0,0,0,0,0,0,0,0
00694 features=967 size=12 p=2 tap=43 reset=true scheme=4 ops=2,2,0,2,0,2,3,0,2,2,3,0,3,2,3,3,3,3,0,2,3,2,3,0,3,3,3,2,0,3,0,0,3,0,2,2,3,0,3,0,3,3,2,2,0,2,3,2,2,0,0,2,3,2,0,3,0,0,0,2,2,0,0,2 ks=224,0,0,0,0,0,0,255,0,0,0,0,0,0,0,0,0,0,0,0,0,90,0,138,0,0,0,0,0,15,0,0,0,42,0,0,0,0,0,245,0,0,0,235,41,0,0,0,2,0,0,0,171,0,0,0,0,0,0,0,141,0,0,0
00695 features=635 size=7 p=2 tap=45 reset=true scheme=2 ops=3,3,1,1,3,2,3,3,3,3,3,0,3,2,2,2,3,3,3,3,3,3,3,3,3,3,2,3,3,3,3,3,3,3,3,3,3,3,3,1,3,3,3,3,1,3,3,1,1,3,1,3,3,1,1,3,3,1,3,1,3,3,1,3 ks=0,0,0,0,0,0,0,0,0,0,0,0,0,0,0,0,0,0,0,0,0,0,0,0,0,0,0,0,0,0,0,0,0,39,0,0,0,0,70,247,2,0,255,235,252,0,0,0,0,0,0,0,0,0,0,0,0,0,0,0,0,0,0,0
00696 features=793 size=23 p=5 tap=43 reset=false scheme=1 ops=2,2,0,2,0,2,3,0,2,2,3,0,3,2,0,3,3,3,0,1,3,2,3,0,3,3,3,2,0,3,0,0,3,0,2,2,3,0,3,3,3,0,2,1,1,2,1,0,2,0,0,2,3,2,0,3,0,0,0,2,2,0,0,2 ks=0,0,0,0,6,0,0,255,0,0,62,0,0,37,0,0,0,0,0,0,0,90,0,138,0,41,137,131,0,15,0,0,0,42,0,0,0,0,162,247,0,0,0,235,41,0,0,0,66,19,0,143,171,0,0,0,0,118,0,0,141,163,0,65
00697 features=743 size=26 p=2 tap=43 reset=false scheme=4 ops=2,2,0,2,0,2,3,0,1,0,3,0,3,3,3,3,3,3,0,2,3,2,3,0,3,3,3,2,0,0,0,0,3,0,2,2,3,0,3,3,3,0,2,2,0,2,3,2,2,0,0,2,3,2,0,3,0,0,0,2,2,0,0,2 ks=224,0,0,255,6,0,0,255,0,0,0,0,0,239,0,0,255,0,0,0,0,90,0,138,0,0,137,131,197,15,0,0,0,42,0,0,0,2,4,247,0,0,0,235,41,0,0,0,66,19,0,143,171,0,0,0,0,161,0,0,141,163,0,2
00698 features=787 size=28 p=10 tap=43 reset=false scheme=4 ops=2,2,0,2,0,2,3,0,1,1,3,1,3,2,0,3,3,3,0,2,3,2,3,0,3,3,3,2,0,0,0,0,3,2,2,2,3,3,3,3,3,0,2,2,0,0,0,0,0,3,0,2,3,2,0,3,0,0,3,2,2,0,0,2 ks=224,0,0,255,6,0,255,254,1,0,0,0,0,239,0,3,0,0,0,0,0,90,0,138,127,41,137,131,0,15,0,0,0,42,0,0,0,2,4,2,0,0,0,235,41,0,0,0,0,0,0,143,171,0,0,24,0,118,0,130,141,163,0,0
00699 features=591 size=16 p=2 tap=43 reset=false scheme=4 ops=2,2,0,2,0,2,3,0,1,1,3,1,3,0,0,3,3,3,0,2,3,2,3,0,3,3,3,0,3,2,2,2,3,3,3,3,3,2,3,3,3,0,2,2,0,2,3,3,2,0,0,2,3,2,0,3,0,0,0,2,2,0,0,2 ks=224,0,0,255,6,0,0,255,0,0,0,0,0,237,105,0,0,0,0,0,0,90,0,138,0,0,0,0,0,0,0,0,0,0,0,0,0,0,0,247,0,0,0,235,41,0,0,0,0,19,0,0,171,0,0,0,0,0,0,0,141,163,0,65
00700 features=775 size=4 p=10 tap=43 reset=false scheme=4 ops=2,0,0,2,0,2,3,0,2,2,3,0,3,1,2,2,3,3,3,2,3,2,3,0,2,3,1,2,0,3,0,0,3,0,2,2,3,0,3,3,3,0,2,3,0,2,3,2,2,0,0,2,3,2,0,3,0,0,0,2,2,2,0,2 ks=0,0,0,0,0,0,0,0,0,0,0,0,0,0,0,0,0,0,0,0,0,0,0,0,0,0,0,0,0,0,0,0,0,106,0,0,0,0,0,0,0,0,128,235,41,0,0,0,0,0,0,0,0,0,0,0,0,0,0,0,0,0,0,0
00701 features=797 size=27 p=2 tap=43 reset=false scheme=4 ops=2,2,0,2,0,2,3,0,2,2,3,0,3,2,0,3,3,3,0,2,3,2,3,0,3,3,3,2,0,0,0,0,3,0,2,2,3,0,3,3,3,0,2,2,0,2,3,1,2,0,0,2,3,2,2,3,0,0,0,2,2,0,0,2 ks=224,16,65,0,6,0,0,255,0,0,62,0,0,239,0,0,0,0,0,0,0,90,0,138,0,41,137,132,0,14,0,0,0,42,0,0,4,0,0,247,0,0,1,235,41,0,0,0,66,19,0,143,171,0,0,0,0,118,0,0,141,163,0,65
00702 features=751 size=27 p=2 tap=43 reset=false scheme=4 ops=2,2,0,2,0,2,3,0,1,1,3,1,3,2,0,3,3,3,0,2,3,2,3,0,3,3,3,2,0,0,0,0,3,0,2,2,3,0,3,3,3,0,2,2,0,0,0,0,0,3,0,2,3,2,0,3,0,0,3,2,2,0,0,2 ks=224,0,0,255,6,0,0,255,0,0,0,0,0,239,0,3,0,0,16,0,0,90,0,138,0,41,137,131,0,15,0,0,0,42,0,0,0,2,4,2,0,0,0,235,41,0,0,0,0,0,0,143,171,0,0,165,0,118,0,2,188,163,0,65
00703 features=924 size=7 p=5 tap=43 reset=true scheme=4 ops=2,2,2,3,3,3,0,0,0,0,3,0,3,3,1,3,3,3,0,2,3,2,3,3,3,3,2,2,3,2,2,2,3,3,3,3,3,2,3,3,3,0,2,2,0,2,3,2,2,0,0,2,3,2,2,3,2,3,3,2,3,2,3,2 ks=0,0,0,0,0,0,4,0,0,0,0,0,0,0,47,0,0,0,0,0,0,0,0,0,0,0,0,0,0,0,202,0,0,0,0,0,1,0,0,0,0,0,0,235,41,0,0,0,0,0,0,0,0,0,0,0,0,0,20,0,0,0,0,0
00704 features=630 size=14 p=2 tap=43 reset=false scheme=4 ops=2,2,0,2,0,3,0,0,0,0,3,2,3,2,3,3,3,3,3,2,3,2,3,3,3,3,3,2,0,0,0,0,3,0,2,2,0,0,3,3,3,0,2,2,0,2,3,1,2,3,0,0,3,0,0,3,0,0,0,0,3,0,0,3 ks=0,0,0,255,0,0,0,0,0,0,0,0,0,0,0,0,0,0,0,0,0,90,0,138,0,39,137,131,0,2,0,0,0,42,0,0,4,150,0,247,0,0,1,235,41,0,0,0,0,0,0,0,0,0,0,0,0,0,0,0,0,0,0,0
00705 features=792 size=27 p=1 tap=43 reset=false scheme=4 ops=1,2,0,2,0,2,3,0,1,1,3,1,3,2,0,3,3,2,1,2,3,2,3,0,0,3,3,2,0,0,0,0,3,0,2,2,3,0,3,3,3,0,2,2,0,0,0,0,0,3,0,2,3,2,0,3,0,0,3,3,2,0,0,2 ks=224,0,72,255,2,0,0,254,0,0,0,0,0,239,0,3,0,0,0,0,16,90,0,138,0,41,137,131,0,15,0,0,0,42,0,0,0,1,4,2,0,0,0,235,41,0,0,0,0,0,0,143,171,0,0,24,0,118,0,130,141,163,0,0
00706 features=666 size=9 p=2 tap=43 reset=false scheme=4 ops=2,2,2,3,1,3,0,0,0,0,3,1,3,2,0,3,3,3,3,2,3,2,3,2,3,3,2,2,3,2,2,2,3,3,3,3,3,2,3,3,3,3,2,3,2,2,2,2,2,2,2,2,3,2,2,3,3,3,3,2,3,2,3,2 ks=0,0,0,0,0,0,0,0,0,0,0,0,0,0,0,3,0,0,0,64,0,0,0,0,0,0,0,0,0,97,204,0,1,0,0,0,0,0,0,254,20,0,0,64,0,0,0,0,0,0,0,0,0,0,0,0,0,0,234,0,0,0,0,0
00707 features=714 size=24 p=5 tap=43 reset=false scheme=1 ops=2,2,0,2,0,2,3,0,2,2,3,0,3,2,0,3,3,3,0,1,3,2,3,0,3,0,3,2,0,3,0,0,3,1,3,3,2,3,3,1,3,3,3,2,0,2,3,2,1,0,0,2,3,2,0,3,0,0,0,2,0,3,3,3 ks=0,0,0,67,6,0,0,252,0,0,85,0,0,37,0,0,0,0,0,62,0,90,0,138,0,41,137,131,0,15,0,0,0,42,0,0,0,0,124,0,2,0,0,237,41,208,0,170,66,0,0,143,171,0,0,0,0,118,0,0,141,0,0,0
00708 features=777 size=26 p=2 tap=43 reset=false scheme=4 ops=2,2,0,2,0,2,3,0,2,2,3,0,3,2,0,3,3,3,0,3,3,2,3,0,3,3,3,2,0,0,2,2,3,1,2,2,3,0,3,3,3,0,2,2,0,2,3,2,2,0,0,2,3,2,0,3,0,0,0,2,2,0,0,2 ks=224,0,252,0,6,0,0,255,0,0,62,0,0,239,0,0,0,0,0,0,0,90,0,138,0,41,137,131,0,15,202,0,0,42,0,0,0,0,0,247,0,0,0,235,41,0,0,0,66,19,0,143,171,0,0,0,0,246,2,0,141,118,0,65
00709 features=824 size=24 p=2 tap=43 reset=false scheme=4 ops=2,2,0,2,0,2,3,0,2,2,3,0,3,2,0,3,3,3,0,3,3,2,3,0,0,3,3,2,0,0,0,0,3,0,2,2,3,0,3,3,3,0,2,2,0,2,3,2,2,0,0,2,3,1,0,3,0,0,1,2,2,0,0,2 ks=224,0,0,0,6,0,0,255,0,0,62,0,0,239,0,0,0,0,0,0,0,90,0,0,0,41,137,131,4,15,0,0,0,42,0,62,0,0,0,247,0,0,0,235,41,0,0,0,66,19,0,143,171,0,0,0,0,118,0,0,141,163,0,65
00710 features=616 size=13 p=1 tap=43 reset=false scheme=3 ops=2,1,1,2,1,2,3,3,1,1,3,1,3,2,1,3,3,3,1,2,3,2,1,2,3,3,3,2,2,2,3,1,3,1,2,2,3,1,3,3,3,3,2,2,3,2,3,1,2,2,2,2,3,2,2,3,1,1,3,2,1,1,3,2 ks=0,0,0,0,22,0,0,163,0,0,0,0,0,0,0,0,0,0,0,0,0,0,0,0,0,0,0,0,0,15,0,0,0,42,0,0,0,0,0,247,0,0,0,235,41,0,0,0,66,19,0,32,0,0,0,0,0,133,0,0,0,0,253,65
00711 features=906 size=27 p=2 tap=43 reset=true scheme=3 ops=2,2,0,2,0,2,3,0,2,2,3,0,3,2,0,3,3,3,0,3,3,2,3,0,3,3,3,2,0,0,0,0,3,0,2,2,3,0,3,3,3,0,2,2,0,2,3,0,2,0,0,2,3,0,0,3,0,0,0,2,2,0,0,2 ks=224,128,0,0,14,0,0,255,0,0,62,0,0,239,0,0,81,0,0,0,0,90,0,138,0,41,135,128,0,15,32,0,0,42,0,0,0,0,0,247,0,0,0,235,41,0,0,0,66,19,4,143,171,0,0,0,0,118,0,0,141,163,0,65
00712 features=745 size=6 p=2 tap=43 reset=true scheme=3 ops=2,2,2,3,3,3,3,3,2,3,3,2,3,2,3,3,3,3,3,2,3,2,3,3,3,3,3,2,3,2,2,2,3,3,3,3,3,2,3,3,3,3,2,3,2,2,2,2,2,2,2,2,3,2,2,3,3,3,3,2,3,2,3,2 ks=0,0,0,0,0,0,0,0,0,0,0,0,0,0,0,0,0,0,0,0,0,90,0,138,0,41,32,0,0,0,0,0,0,0,0,0,0,0,0,0,0,0,0,64,129,0,0,0,0,0,0,0,0,0,0,0,0,0,0,0,0,0,0,0
00713 features=465 size=4 p=10 tap=4 reset=true scheme=3 ops=3,2,3,2,3,3,3,3,3,3,3,3,3,3,3,3,3,3,3,3,3,3,3,3,3,3,3,3,3,3,3,3,3,3,3,3,3,3,3,2,3,3,3,3,3,3,3,2,2,3,2,3,3,2,2,3,3,3,3,3,3,3,3,2 ks=0,0,0,0,156,0,0,0,0,0,0,0,0,0,0,0,0,0,0,0,0,0,0,0,0,0,0,0,0,0,0,0,0,42,0,0,0,0,0,0,0,0,0,235,0,0,0,0,0,0,0,0,0,0,0,0,21,0,0,0,0,0,0,0
00714 features=616 size=25 p=5 tap=43 reset=false scheme=5 ops=2,2,2,3,3,3,1,2,1,1,3,1,3,2,3,3,3,3,1,2,2,2,3,3,3,3,3,2,2,1,2,1,3,2,2,2,2,3,3,3,3,2,2,2,1,2,3,1,2,2,2,2,3,2,1,3,1,1,2,2,2,1,3,2 ks=222,0,0,0,0,0,0,0,0,0,0,0,0,239,0,0,2,0,0,0,0,90,0,128,0,41,137,131,0,15,0,0,0,128,0,128,0,2,4,27,0,0,0,235,41,0,0,0,66,19,0,143,171,0,0,0,0,255,0,0,141,222,64,65
00715 features=682 size=8 p=2 tap=43 reset=false scheme=4 ops=2,2,0,2,0,2,3,0,2,2,3,0,3,2,2,2,3,3,3,2,3,2,3,3,2,3,3,2,0,0,0,0,3,0,2,2,3,0,3,3,3,0,2,2,0,2,3,2,2,0,0,2,3,2,0,3,0,0,0,0,0,0,0,3 ks=0,0,0,0,0,0,0,0,0,0,0,0,0,0,0,0,0,0,0,253,0,0,0,252,0,0,0,0,82,15,0,0,0,106,0,0,0,0,0,247,0,0,0,235,38,0,0,0,0,0,0,0,0,0,0,0,0,0,0,0,0,0,0,0
00716 features=800 size=27 p=2 tap=43 reset=false scheme=4 ops=2,2,0,2,0,2,3,0,1,1,3,1,3,2,0,3,3,3,0,2,3,2,1,0,3,3,3,2,0,0,0,0,3,0,2,2,3,0,3,3,3,0,2,2,0,0,1,2,2,0,0,2,3,2,0,3,0,0,1,2,2,0,0,2 ks=224,0,0,255,6,32,0,255,0,0,0,0,0,239,0,0,0,255,0,0,0,0,0,138,0,41,137,131,1,15,0,0,0,42,0,0,0,2,4,247,0,0,0,252,41,0,0,0,66,19,0,143,171,0,0,0,0,118,0,0,141,163,0,65
00717 features=755 size=28 p=2 tap=43 reset=false scheme=0 ops=0,2,0,2,0,2,3,0,2,2,3,1,3,2,3,3,3,3,0,2,3,2,3,0,3,3,3,1,0,3,0,0,3,0,2,2,3,0,3,3,3,0,2,2,0,2,3,2,2,0,0,2,0,2,0,3,0,0,2,2,2,0,0,2 ks=224,0,0,0,6,0,34,255,0,0,62,0,0,0,0,0,0,0,0,0,0,90,0,138,0,43,137,131,0,15,253,65,0,42,0,0,0,0,0,247,0,0,0,235,41,0,0,0,66,19,0,143,163,0,0,1,0,118,8,0,141,118,32,65
00718 features=488 size=8 p=5 tap=43 reset=false scheme=4 ops=1,2,0,0,0,0,3,0,3,3,3,3,3,1,1,3,3,3,3,1,3,1,2,0,3,3,3,3,0,3,0,0,3,0,2,2,3,0,3,3,3,0,2,2,0,2,3,3,3,3,3,1,3,3,1,3,1,3,3,1,1,3,1,1 ks=0,0,0,0,0,0,0,0,0,0,0,0,0,0,0,0,8,0,0,0,0,0,0,0,0,0,0,0,0,15,0,0,0,42,0,0,32,127,0,247,0,0,0,235,41,0,0,0,0,0,0,0,0,0,0,0,0,0,0,0,0,0,0,0
00719 features=787 size=25 p=2 tap=43 reset=false scheme=4 ops=2,2,0,2,0,2,3,0,1,1,3,1,3,2,0,3,3,3,0,2,1,2,1,2,3,3,3,2,0,0,0,0,3,0,2,2,3,0,0,3,3,0,2,2,0,0,3,2,2,0,0,2,3,2,0,3,0,0,1,2,2,0,0,3 ks=224,0,0,127,6,32,0,255,0,0,0,0,0,0,0,0,0,255,0,0,0,0,0,138,0,41,137,131,0,15,0,0,0,42,0,0,0,2,4,247,0,0,0,235,41,0,0,191,66,18,0,0,171,0,0,0,0,118,41,0,141,163,0,0
00720 features=789 size=30 p=10 tap=43 reset=false scheme=1 ops=2,2,0,2,0,2,3,0,2,2,3,0,3,2,0,3,3,3,0,2,3,2,3,0,0,3,3,2,0,0,0,0,3,0,2,2,3,0,3,3,3,0,2,2,0,0,3,2,2,0,0,2,3,2,0,3,0,0,0,2,2,0,0,2 ks=224,0,65,0,10,0,0,255,0,0,62,0,0,127,0,0,0,0,0,0,0,90,0,138,1,57,137,131,0,15,0,0,0,42,0,0,0,115,10,247,0,0,0,33,41,208,0,0,165,51,0,143,171,0,254,0,0,118,254,0,141,163,0,65
00721 features=921 size=22 p=5 tap=43 reset=true scheme=4 ops=2,0,0,2,0,2,3,0,1,1,3,1,3,2,1,3,3,3,0,3,3,2,1,0,3,3,3,2,0,0,0,0,3,1,2,2,3,0,3,3,3,0,2,2,0,2,3,2,2,0,0,2,2,2,0,3,0,0,0,2,2,0,0,2 ks=224,53,89,0,9,0,0,0,0,0,0,0,0,0,0,0,0,16,0,0,0,0,212,0,0,0,137,131,32,15,0,0,0,2,0,0,0,0,255,247,0,0,0,235,41,0,0,0,66,19,0,0,171,0,0,0,0,0,0,0,141,163,249,65
00722 features=631 size=20 p=2 tap=43 reset=false scheme=4 ops=2,2,2,2,0,2,3,0,1,1,3,1,3,2,0,3,3,3,0,2,3,2,3,0,3,3,3,2,3,2,2,2,2,3,3,3,3,2,3,3,3,3,2,2,0,2,3,2,2,0,0,2,3,2,0,3,0,0,0,2,2,0,0,2 ks=224,0,0,255,6,0,32,255,0,0,0,1,0,239,105,0,0,0,0,0,0,90,0,138,0,41,137,131,0,0,0,0,0,0,0,0,0,0,0,0,0,0,0,235,41,0,0,0,0,19,0,0,171,0,0,0,0,0,0,0,141,163,0,65
00723 features=788 size=3 p=5 tap=43 reset=true scheme=4 ops=1,2,2,3,3,3,0,1,0,0,3,2,3,2,3,3,0,3,3,2,3,2,3,2,1,3,3,2,2,2,2,2,3,3,3,3,3,2,3,3,3,3,2,3,2,2,2,2,2,2,2,2,3,2,2,3,3,3,3,2,3,0,3,0 ks=0,0,0,0,0,0,0,0,0,0,0,0,0,0,0,0,0,0,0,8,0,0,0,0,0,0,0,0,0,0,0,0,0,32,0,0,0,0,0,0,0,0,0,64,0,0,0,0,0,0,0,0,0,0,0,0,0,0,0,0,0,0,0,0
00724 features=750 size=11 p=10 tap=43 reset=false scheme=2 ops=2,2,0,2,0,1,1,1,1,1,3,1,3,0,1,3,3,3,0,2,3,2,3,0,0,3,3,2,0,3,1,0,3,0,2,2,3,0,3,3,3,0,2,2,0,0,3,2,2,0,0,2,3,2,0,3,0,0,0,2,2,0,0,2 ks=224,0,0,0,0,0,0,0,0,0,0,0,0,0,253,0,0,0,0,0,0,0,1,0,0,0,0,131,0,15,0,0,0,128,0,0,0,0,0,247,0,0,0,33,41,208,0,0,0,0,0,0,0,0,0,0,0,0,0,0,0,163,0,0
00725 features=536 size=5 p=10 tap=56 reset=false scheme=4 ops=2,2,0,1,3,2,1,0,1,1,3,1,3,2,1,1,3,3,0,2,3,2,0,0,1,0,1,2,1,0,1,1,3,2,1,3,3,3,3,1,3,3,3,3,1,2,1,2,2,1,0,2,3,2,0,3,0,0,0,2,1,1,0,2 ks=0,0,0,0,0,0,0,0,0,0,0,0,0,0,0,0,0,0,0,0,0,0,0,0,0,0,0,0,0,0,255,0,0,0,0,0,0,0,86,0,2,0,0,235,116,0,0,0,0,0,0,0,0,0,0,0,0,0,0,0,0,0,0,0
00726 features=504 size=4 p=5 tap=44 reset=false scheme=3 ops=3,0,0,2,0,2,3,0,1,1,3,1,3,2,1,3,3,3,0,2,3,2,3,0,0,3,3,3,3,2,3,3,3,3,3,3,3,2,3,3,3,3,1,3,2,2,3,2,2,0,0,2,0,1,0,3,0,0,0,1,3,3,3,3 ks=127,0,0,0,0,0,0,0,0,0,0,0,0,0,0,0,0,0,0,0,0,0,0,0,0,0,0,0,0,0,0,0,0,0,0,0,0,0,250,0,0,0,0,64,0,243,0,0,0,0,0,0,0,0,0,0,0,0,0,0,0,0,0,0
00727 features=769 size=7 p=2 tap=43 reset=true scheme=4 ops=3,3,1,1,3,3,3,0,3,3,3,3,3,3,3,3,3,3,3,3,3,3,3,1,3,3,3,3,3,3,3,3,3,1,3,3,3,3,3,1,3,3,3,3,1,3,3,1,1,3,1,3,3,1,1,3,3,1,3,1,3,3,3,3 ks=0,0,0,0,0,0,0,0,0,0,0,0,0,0,0,0,0,0,0,0,0,0,0,0,0,0,0,0,0,0,0,0,0,42,0,0,4,0,86,97,2,0,0,235,116,0,0,0,0,0,0,0,0,0,0,0,0,0,0,0,0,0,0,0
00728 features=835 size=6 p=2 tap=43 reset=true scheme=4 ops=3,3,3,3,3,3,2,2,0,3,3,3,3,2,0,3,3,3,0,2,3,3,3,3,3,3,3,3,3,0,3,3,3,3,3,3,3,3,3,3,3,3,3,3,3,3,0,0,0,3,3,2,3,0,3,3,3,3,3,2,3,2,3,3 ks=0,0,0,0,0,0,0,0,0,0,0,0,0,0,53,0,0,242,0,0,0,0,0,0,0,0,0,0,0,0,0,0,0,32,0,0,0,0,0,1,1,0,0,64,0,0,0,0,0,0,0,0,0,0,0,0,0,0,0,0,0,0,0,0
00729 features=810 size=29 p=2 tap=43 reset=false scheme=4 ops=2,2,0,2,0,2,3,0,2,2,3,0,3,2,0,3,3,3,0,2,3,2,3,0,3,3,3,2,0,0,0,0,3,0,2,2,3,0,3,3,3,0,2,2,0,2,3,2,2,0,0,2,3,2,0,3,0,0,0,3,2,0,0,2 ks=224,0,65,0,6,0,0,255,0,0,62,0,0,239,0,0,0,0,0,0,0,90,0,138,253,41,0,131,0,15,0,0,0,42,0,0,0,32,0,247,0,0,0,235,41,237,255,0,66,19,0,143,171,0,0,0,0,118,0,72,141,163,1,65
00730 features=799 size=23 p=2 tap=43 reset=false scheme=4 ops=2,2,0,2,0,2,3,0,2,2,3,0,3,2,0,3,2,3,0,2,3,2,3,0,3,3,3,2,0,0,0,0,3,0,2,2,3,0,3,3,3,0,2,2,0,2,3,1,2,0,0,2,3,2,2,3,0,0,0,2,2,0,0,2 ks=224,0,65,0,0,0,0,0,0,0,62,0,0,239,0,0,0,0,0,0,0,90,0,138,0,0,137,0,1,14,0,253,0,42,0,0,4,0,0,247,0,0,1,235,0,0,0,0,66,19,0,143,171,0,0,0,0,118,0,0,141,163,0,65
00731 features=772 size=24 p=2 tap=43 reset=false scheme=1 ops=2,2,0,2,0,2,3,0,2,2,3,0,3,2,0,3,3,3,0,2,3,2,3,0,3,3,3,2,0,0,0,0,3,0,2,2,3,0,3,3,3,0,2,2,0,2,3,2,2,0,0,2,3,2,0,3,0,0,1,2,1,0,0,2 ks=224,0,0,0,6,0,0,255,0,0,62,0,0,239,0,0,0,0,0,0,0,90,0,138,0,57,137,127,181,15,0,0,0,42,0,0,0,0,0,247,0,0,0,33,41,208,0,0,66,51,0,143,171,0,0,0,0,118,0,0,141,163,0,0
00732 features=736 size=24 p=1 tap=43 reset=false scheme=4 ops=1,2,0,2,0,2,3,0,1,1,3,1,3,2,0,3,3,3,0,2,3,2,3,3,3,3,3,2,0,0,0,0,3,0,2,2,3,3,3,3,3,0,2,2,0,2,3,0,0,3,0,2,1,2,0,3,0,0,3,2,2,0,0,2 ks=224,0,0,255,6,0,0,254,1,0,0,0,0,239,0,0,0,0,0,0,0,128,0,0,0,41,137,131,0,15,0,0,0,42,0,0,0,2,4,2,0,0,0,235,37,0,0,254,0,0,0,143,171,0,0,24,0,0,0,130,141,163,0,0
00733 features=662 size=9 p=2 tap=43 reset=false scheme=4 ops=2,2,0,2,0,2,3,0,1,1,3,1,3,0,0,3,3,3,0,2,3,2,3,0,3,3,3,0,3,2,2,2,3,3,3,3,3,2,3,3,3,0,2,3,0,2,3,3,2,0,0,2,3,2,0,3,0,0,0,2,2,0,0,2 ks=0,0,0,0,6,0,0,255,0,164,0,0,0,0,105,0,0,0,0,0,0,0,0,138,0,0,0,0,0,0,0,0,0,0,0,0,0,0,0,0,0,0,0,235,41,0,0,0,0,0,0,0,0,0,0,0,0,0,0,0,145,163,0,0
00734 features=733 size=25 p=2 tap=43 reset=false scheme=4 ops=2,2,1,2,0,2,3,0,1,1,3,1,3,2,0,2,3,3,0,2,3,2,3,0,3,3,3,2,0,0,0,0,3,0,2,2,3,0,3,3,3,0,2,2,0,2,3,2,2,0,0,2,3,2,0,3,0,0,0,2,2,0,0,2 ks=224,0,0,255,6,0,0,255,0,0,0,0,2,239,0,0,0,0,0,0,0,90,0,138,0,41,137,131,0,15,0,0,0,42,0,0,0,2,4,0,0,0,0,235,41,0,0,0,66,19,0,143,171,0,0,0,0,118,0,0,141,163,0,65
00735 features=921 size=12 p=1 tap=43 reset=true scheme=4 ops=3,2,0,2,0,2,3,0,2,2,3,3,3,3,3,3,3,3,3,3,3,3,3,3,3,3,3,2,0,0,0,0,3,0,2,2,3,0,3,3,3,0,2,2,0,0,0,0,0,3,0,2,3,2,0,3,0,0,3,3,3,3,3,3 ks=0,0,0,0,0,0,0,0,0,0,0,0,0,0,0,0,0,0,0,0,0,0,252,0,128,0,0,131,0,15,0,0,0,42,0,0,3,1,4,2,0,0,0,235,42,0,0,0,0,0,0,0,0,0,0,0,0,0,0,0,2,0,0,0
00736 features=785 size=28 p=5 tap=43 reset=false scheme=4 ops=2,1,0,2,0,2,3,0,1,1,3,1,3,2,0,3,3,3,0,2,3,2,1,0,3,3,3,2,0,0,0,0,3,0,2,2,3,0,3,3,3,0,2,2,0,2,3,2,3,0,0,2,3,3,0,3,0,0,1,2,2,0,0,2 ks=0,0,0,255,6,35,0,255,0,0,0,0,0,239,0,80,0,255,0,0,0,0,254,138,0,41,137,131,0,15,0,0,0,42,0,0,0,2,4,54,0,0,0,235,41,0,0,0,66,19,0,143,171,0,0,0,0,118,0,128,141,160,0,65
00737 features=757 size=17 p=1 tap=43 reset=false scheme=4 ops=2,0,0,2,0,2,1,0,1,1,3,1,3,2,1,3,3,3,0,2,3,2,1,2,3,3,3,2,0,0,0,0,3,0,2,2,3,0,3,3,3,0,2,2,0,2,3,2,2,0,0,2,0,2,1,3,0,0,0,2,2,0,0,2 ks=224,0,0,0,6,0,0,0,0,0,0,64,0,0,0,0,0,0,0,0,0,0,0,0,0,0,137,131,32,15,0,0,0,42,0,0,0,0,0,247,0,0,0,0,41,0,0,0,66,19,0,0,171,0,0,0,0,118,0,0,141,53,0,65
00738 features=704 size=24 p=1 tap=43 reset=false scheme=4 ops=2,2,0,2,0,2,3,0,3,2,3,0,3,2,0,3,3,3,0,2,3,2,3,0,3,3,3,2,0,0,0,0,3,0,2,2,3,0,3,3,3,0,2,2,0,2,3,2,2,0,0,2,3,2,0,3,0,0,0,2,2,0,0,2 ks=224,2,65,0,6,0,0,255,0,0,62,0,0,239,0,0,0,0,0,0,0,90,0,138,0,41,0,255,0,15,0,0,0,42,0,0,0,0,0,249,0,0,0,235,41,0,0,0,66,19,0,143,175,0,128,0,0,0,0,0,212,163,1,0
00739 features=597 size=7 p=5 tap=43 reset=false scheme=4 ops=2,2,2,3,3,3,0,0,0,0,3,0,3,3,1,3,3,3,0,2,3,2,3,3,3,3,2,2,3,2,2,2,3,3,0,3,3,2,3,3,3,3,2,3,2,2,2,2,2,2,2,2,3,2,2,3,2,3,0,2,2,0,0,2 ks=0,0,32,0,0,0,4,0,0,0,0,0,0,0,0,0,0,0,0,0,0,0,0,0,9,0,0,0,0,0,202,0,0,0,26,0,1,0,0,0,0,0,0,64,0,0,0,0,0,0,0,0,0,0,0,0,0,0,0,0,0,0,0,0
00740 features=664 size=6 p=2 tap=43 reset=false scheme=1 ops=2,2,0,2,0,2,3,0,2,2,3,0,3,2,0,3,3,3,3,3,3,3,3,3,3,3,3,3,3,3,1,1,3,0,2,2,3,0,3,3,3,0,2,2,0,2,3,2,2,0,0,2,3,2,0,3,0,0,0,2,2,0,0,2 ks=0,0,0,0,0,0,0,0,0,0,0,0,0,0,0,0,0,0,0,0,0,0,0,0,0,0,0,0,0,0,0,0,0,42,0,0,0,0,0,247,0,0,0,33,41,208,0,0,0,0,0,0,0,0,0,0,0,0,0,2,0,0,0,0
00741 features=671 size=20 p=2 tap=43 reset=false scheme=2 ops=2,2,0,2,0,2,3,0,1,1,3,1,3,1,2,2,3,3,3,2,3,2,3,3,2,3,3,2,0,0,0,0,3,0,0,2,3,0,2,3,3,0,2,2,0,2,3,2,2,0,0,2,3,2,0,3,0,0,0,3,2,0,0,2 ks=224,0,0,255,6,0,0,212,0,0,0,0,0,0,0,0,0,0,0,253,0,0,0,0,0,0,0,131,0,15,0,0,0,42,0,0,0,196,0,247,0,0,2,235,41,0,0,0,66,19,0,143,0,0,0,0,0,255,0,0,141,161,0,65
00742 features=749 size=20 p=2 tap=43 reset=false scheme=4 ops=2,2,0,2,3,2,3,0,2,2,3,0,3,2,0,3,3,3,0,3,3,3,3,3,1,3,3,2,0,0,0,0,3,0,2,2,3,0,3,3,3,0,2,2,0,2,3,2,2,0,0,2,3,2,0,3,0,0,0,2,2,0,0,2 ks=224,0,0,0,6,0,0,255,0,0,62,0,0,239,0,0,0,0,0,0,0,0,0,0,0,41,133,131,0,15,0,0,0,42,0,0,0,0,0,247,0,0,0,235,41,0,0,0,66,19,0,0,171,0,0,0,0,246,2,0,0,118,0,65
00743 features=797 size=25 p=2 tap=43 reset=false scheme=4 ops=2,2,0,2,0,2,3,0,1,1,3,1,3,2,0,3,3,3,0,2,1,2,1,2,3,3,3,2,0,0,0,0,3,0,2,2,3,0,0,3,3,0,2,2,0,0,3,2,2,0,0,2,3,2,0,3,0,0,1,2,2,0,0,2 ks=224,0,0,127,6,127,0,255,0,0,0,0,0,0,0,0,0,255,0,0,0,0,0,0,0,41,137,131,0,15,0,0,0,42,0,0,0,2,4,247,0,0,0,235,41,0,0,191,70,18,0,0,171,0,0,0,0,118,41,0,141,163,0,65
00744 features=806 size=23 p=2 tap=43 reset=false scheme=4 ops=2,2,0,2,0,2,3,0,2,2,3,0,3,2,0,3,3,3,0,2,3,2,3,0,3,3,3,2,0,3,0,0,3,0,2,2,3,0,3,3,3,0,2,2,0,2,3,2,2,0,0,2,3,2,0,3,0,0,0,2,2,0,0,2 ks=224,0,0,0,6,0,0,255,0,0,62,0,0,239,0,0,0,0,0,0,0,90,0,138,0,43,137,134,0,15,0,0,0,42,0,0,0,0,0,247,0,0,0,235,41,0,0,0,66,19,0,143,163,0,0,0,0,118,0,0,141,118,0,65
00745 features=629 size=5 p=10 tap=43 reset=true scheme=4 ops=3,3,1,1,3,3,3,3,3,3,0,3,3,3,1,3,3,3,3,3,3,3,3,3,3,3,3,3,3,3,3,3,3,2,3,3,3,1,3,3,3,1,3,3,3,3,3,2,3,3,3,3,3,3,3,3,1,3,2,3,3,3,3,3 ks=0,0,0,0,0,0,0,0,0,0,0,0,0,0,0,0,2,0,0,0,0,0,0,0,0,0,0,0,0,15,0,0,0,0,0,0,0,0,0,0,0,0,8,235,0,192,0,0,0,0,0,0,0,0,0,0,0,0,0,0,0,0,0,0
00746 features=730 size=23 p=2 tap=43 reset=false scheme=2 ops=2,2,0,2,0,2,3,0,1,1,3,1,3,2,0,3,3,3,0,2,3,2,3,0,3,3,3,2,3,0,0,0,3,0,2,2,3,0,3,3,3,0,2,2,0,2,3,2,2,0,0,2,3,2,0,3,0,0,0,3,2,0,0,3 ks=224,0,0,255,6,0,0,212,0,0,0,0,0,239,0,0,0,0,0,0,0,90,0,138,0,41,17,131,0,15,0,0,0,42,0,0,0,196,0,247,0,0,2,235,41,0,0,0,66,19,0,143,0,0,0,0,0,0,0,0,141,161,0,65
00747 features=776 size=24 p=2 tap=43 reset=false scheme=4 ops=2,2,0,1,0,2,3,0,1,1,3,1,3,2,0,3,3,3,0,2,3,2,1,0,3,3,3,2,0,0,0,0,3,0,2,2,3,0,3,3,3,0,2,2,0,2,3,2,2,0,0,2,3,2,0,3,0,0,1,2,2,0,0,2 ks=0,0,0,0,6,32,0,255,0,0,0,0,0,239,0,0,0,255,0,0,0,0,0,138,0,41,137,131,0,15,0,0,0,42,0,0,0,2,4,247,0,0,0,235,41,0,0,0,66,19,0,143,171,0,0,0,0,118,0,0,141,163,0,65
00748 features=711 size=6 p=10 tap=43 reset=true scheme=4 ops=3,3,1,1,3,3,3,3,3,0,3,0,3,2,0,3,3,3,3,3,3,3,3,3,3,3,3,3,3,3,3,3,3,1,3,1,3,0,3,0,3,0,1,1,1,3,1,3,1,1,0,3,3,1,1,3,3,1,3,1,3,3,3,3 ks=0,0,0,0,0,0,0,0,0,0,0,0,0,0,0,0,0,0,241,0,0,0,252,0,0,0,0,0,0,15,0,0,0,42,0,32,0,0,4,0,0,0,0,0,0,0,0,0,0,0,0,0,0,0,0,0,0,0,0,0,0,0,0,0
00749 features=806 size=5 p=10 tap=43 reset=true scheme=5 ops=3,0,1,2,1,2,3,0,3,3,1,3,3,3,3,3,3,3,3,3,3,3,3,3,1,0,3,3,3,3,3,3,3,0,2,2,3,0,3,3,3,0,2,2,0,3,3,3,3,3,3,3,3,3,3,3,3,3,3,3,3,3,3,2 ks=0,0,0,0,0,0,0,0,243,0,0,0,0,0,0,0,0,0,0,0,0,0,0,0,0,0,0,0,0,0,0,0,26,42,0,0,0,0,0,0,0,0,0,235,41,0,0,0,0,0,0,0,0,0,0,0,0,0,0,0,0,0,0,0
00750 features=829 size=26 p=2 tap=43 reset=false scheme=4 ops=2,2,0,2,0,2,3,0,1,1,3,1,3,2,0,3,3,3,0,2,3,2,3,0,3,3,3,2,0,0,0,0,3,0,2,2,3,0,3,3,3,0,2,2,0,0,0,0,0,3,0,2,3,2,0,3,0,0,0,2,2,0,0,2 ks=224,0,0,255,6,0,0,255,0,0,0,0,0,239,0,0,0,0,0,0,0,90,227,138,0,41,137,201,0,15,0,0,0,42,0,0,0,2,4,247,0,0,0,235,41,0,0,115,0,0,0,255,171,0,0,0,0,118,0,2,141,163,0,65
00751 features=222 size=6 p=2 tap=56 reset=false scheme=4 ops=3,3,1,1,3,3,3,3,3,3,3,3,3,3,3,3,3,3,3,3,3,3,3,3,3,3,3,3,3,3,3,3,3,2,3,3,2,3,3,1,3,3,3,3,1,0,3,1,1,3,1,3,2,1,1,3,3,1,3,1,1,3,3,3 ks=0,0,0,0,0,0,0,0,0,0,0,0,0,0,0,0,0,0,0,0,0,0,0,0,0,0,0,0,0,0,0,0,0,42,0,0,0,0,124,16,2,0,0,235,0,254,0,0,0,0,0,0,0,0,0,0,0,0,0,0,0,0,0,0
00752 features=589 size=24 p=2 tap=43 reset=false scheme=4 ops=2,2,3,2,3,2,3,3,2,2,3,2,3,2,2,2,3,3,3,2,3,2,3,3,2,3,3,2,3,3,3,2,3,2,2,2,3,3,3,3,3,2,2,2,3,2,3,2,2,2,3,2,3,2,2,3,2,2,3,2,2,2,3,2 ks=224,0,0,0,0,0,0,255,0,0,173,0,0,92,0,0,0,0,0,253,0,0,0,252,0,41,137,131,0,15,0,0,0,106,0,0,0,0,0,247,0,0,0,235,41,0,0,0,66,19,0,207,171,1,0,135,0,118,0,0,141,163,0,65
00753 features=683 size=14 p=2 tap=43 reset=false scheme=4 ops=2,2,0,2,0,2,3,1,2,3,3,2,3,2,3,3,3,1,3,2,3,2,3,3,3,3,3,2,0,0,0,2,3,0,2,2,0,0,3,3,3,0,2,2,0,2,0,0,0,0,2,2,3,2,0,2,0,0,0,2,2,0,0,2 ks=0,0,0,0,0,0,0,255,0,0,0,0,0,0,0,0,0,128,0,0,0,90,0,138,0,0,137,131,32,2,0,0,0,42,0,0,4,150,0,247,0,0,0,235,41,0,0,0,0,0,0,0,0,0,0,0,0,0,0,0,0,0,0,0
00754 features=690 size=12 p=2 tap=43 reset=false scheme=2 ops=2,2,3,2,2,2,3,0,1,1,3,1,3,2,1,3,3,3,0,2,3,2,3,3,3,3,3,2,2,2,3,2,3,2,2,2,3,2,3,3,3,2,2,2,0,2,3,2,2,0,0,2,3,3,3,3,3,2,3,3,2,2,3,2 ks=0,0,0,0,0,0,127,0,0,0,0,0,0,0,0,0,0,0,0,0,0,90,0,138,0,0,0,0,0,15,0,0,0,42,0,0,0,0,0,247,0,0,2,235,41,0,0,0,65,255,0,0,0,0,0,0,0,0,0,0,0,0,1,0
00755 features=764 size=24 p=2 tap=43 reset=false scheme=4 ops=2,2,0,2,0,2,3,0,1,1,3,1,3,2,0,3,3,3,0,2,1,2,1,2,3,3,3,2,0,0,0,0,3,0,2,2,3,0,0,3,3,0,2,2,0,0,3,2,2,0,0,2,3,2,0,3,0,0,1,2,2,0,0,3 ks=0,0,0,127,6,32,0,255,0,0,0,0,0,0,0,0,0,255,0,0,0,0,0,138,0,41,137,131,0,15,0,0,0,42,0,0,0,2,4,247,0,0,0,235,41,0,0,191,66,18,0,0,171,0,0,0,0,118,41,0,141,163,0,0
00756 features=763 size=25 p=1 tap=43 reset=false scheme=4 ops=1,2,0,2,0,2,3,0,1,1,3,1,3,2,0,3,3,3,0,2,3,2,3,0,3,3,3,2,0,0,0,0,3,0,2,2,3,0,3,3,3,0,2,2,0,0,0,0,0,3,0,2,3,2,0,3,0,0,3,2,2,0,0,2 ks=224,0,0,255,6,0,0,254,0,0,0,0,0,0,0,0,0,0,0,254,0,90,0,138,0,41,137,131,0,15,0,0,0,42,0,0,0,2,4,2,0,0,0,235,41,0,0,0,0,0,0,143,171,0,0,24,1,118,0,130,141,163,0,0
00757 features=217 size=4 p=2 tap=43 reset=false scheme=1 ops=3,3,3,3,3,3,3,3,3,3,3,3,3,3,3,3,3,3,3,3,3,3,3,3,3,3,3,3,1,3,3,3,3,3,3,1,3,3,3,3,3,3,3,1,1,1,1,1,3,1,1,1,3,1,3,3,3,1,3,3,3,3,3,3 ks=0,0,0,0,0,0,0,0,0,0,0,0,0,0,0,0,0,254,0,0,0,0,0,0,0,0,0,0,0,0,0,0,0,0,0,1,0,0,0,0,0,0,0,235,41,0,0,0,0,0,0,0,0,0,0,0,0,0,0,0,0,0,0,0
00758 features=814 size=20 p=1 tap=43 reset=false scheme=4 ops=2,2,0,2,0,2,3,0,2,2,3,0,3,2,0,3,3,3,0,2,3,2,3,0,3,3,3,2,0,0,0,0,3,0,2,2,3,0,3,3,3,0,2,2,0,2,3,2,2,0,0,2,3,2,0,3,0,0,0,2,2,0,0,2 ks=224,0,0,0,0,154,0,0,0,0,62,0,0,239,0,0,0,0,0,0,0,0,8,0,0,0,0,0,254,14,0,253,0,30,0,0,0,0,0,247,0,0,128,235,41,208,0,0,66,51,0,143,171,0,0,0,0,0,0,0,0,163,0,65
00759 features=737 size=21 p=1 tap=43 reset=false scheme=4 ops=2,0,0,2,0,2,3,0,1,1,3,1,3,2,1,3,3,3,0,2,3,2,3,0,3,3,3,2,0,0,0,0,3,0,2,2,3,0,3,3,3,0,2,2,0,2,3,2,2,0,0,2,0,2,0,3,0,0,0,2,2,0,2,2 ks=224,0,0,0,6,0,0,0,0,0,0,0,0,0,0,0,254,0,0,0,0,90,0,138,0,0,137,131,32,15,0,0,0,42,0,0,0,0,0,247,0,0,0,235,41,0,0,0,66,19,0,0,171,0,0,0,0,118,0,0,141,163,249,65
00760 features=731 size=5 p=10 tap=43 reset=true scheme=4 ops=3,3,1,1,3,3,3,3,3,0,3,0,3,1,0,3,3,3,3,3,3,3,3,3,3,3,3,3,3,3,3,3,3,1,3,1,3,0,3,0,3,0,1,1,1,3,1,3,1,1,0,3,3,1,1,3,3,1,3,1,3,3,3,3 ks=0,0,0,0,0,0,0,0,0,0,0,0,0,0,0,0,0,0,241,0,0,0,0,0,0,0,0,0,0,0,0,128,0,42,0,0,0,0,4,0,0,0,64,0,0,0,0,0,0,0,0,0,0,0,0,0,0,0,0,0,0,0,0,0
00761 features=764 size=24 p=2 tap=43 reset=false scheme=1 ops=2,2,0,2,0,2,3,0,1,1,3,1,3,2,0,3,3,3,0,2,3,2,3,0,3,3,3,2,0,0,0,0,3,0,2,2,3,0,3,3,3,0,2,2,0,2,3,2,2,0,0,2,3,2,0,3,0,0,0,2,2,0,0,2 ks=224,0,0,255,0,128,0,255,0,0,0,255,0,74,105,0,0,0,0,0,0,90,0,138,0,41,137,131,0,15,0,0,0,42,0,0,0,2,4,247,0,0,0,255,41,0,0,0,0,19,0,0,171,0,0,0,0,0,0,0,141,163,0,65
00762 features=849 size=12 p=5 tap=43 reset=true scheme=4 ops=2,3,0,2,0,2,3,0,1,1,3,1,3,2,0,3,3,3,0,2,3,2,1,0,3,3,3,2,0,0,0,0,3,0,2,2,3,0,3,3,3,0,2,2,0,2,1,1,3,1,1,1,3,3,1,3,0,0,1,2,2,0,0,2 ks=0,0,0,0,0,0,0,0,0,0,0,0,0,239,0,0,0,255,0,0,0,0,0,138,0,0,137,131,0,15,0,0,0,42,0,0,0,126,4,247,0,0,0,235,41,0,0,0,0,0,0,0,0,0,0,0,0,0,0,0,0,0,0,0
00763 features=596 size=9 p=5 tap=43 reset=false scheme=4 ops=2,3,2,2,1,2,3,1,1,0,3,1,3,3,3,3,3,3,3,3,3,3,3,3,3,3,3,3,3,3,2,1,3,1,2,2,3,2,3,3,3,2,2,2,0,2,3,2,2,0,0,1,3,2,0,3,0,0,2,2,2,1,2,2 ks=0,0,0,0,0,0,0,0,0,0,0,235,0,0,0,0,0,0,0,0,0,0,0,0,0,0,0,0,0,15,0,0,0,107,0,0,0,0,0,247,0,0,0,235,41,0,0,0,0,0,0,0,0,0,0,0,0,0,0,0,141,163,0,65
00764 features=758 size=3 p=1 tap=43 reset=false scheme=4 ops=2,2,0,1,0,2,1,0,1,1,3,1,3,2,1,3,3,3,0,2,3,2,1,0,1,3,1,2,1,0,1,1,3,0,1,1,3,0,3,3,3,0,2,1,1,2,1,2,2,1,0,2,3,2,0,3,0,0,0,1,1,1,0,2 ks=0,0,0,0,0,0,0,0,0,255,0,0,0,0,53,0,0,0,0,0,0,0,0,0,0,0,0,0,0,0,1,0,0,0,0,0,0,0,0,0,0,0,0,0,0,0,0,0,0,0,0,0,0,0,0,0,0,0,0,0,0,0,0,0
00765 features=726 size=9 p=2 tap=43 reset=false scheme=4 ops=2,2,0,2,0,2,3,0,2,2,3,0,3,2,2,2,3,3,3,2,3,2,3,3,2,3,1,2,0,3,0,0,3,0,2,2,3,0,3,3,3,0,2,2,0,2,3,2,2,0,1,2,3,2,0,3,0,0,0,2,2,0,0,2 ks=0,0,0,0,0,0,0,0,0,1,0,0,0,0,0,0,0,0,0,253,0,253,0,252,0,0,0,0,0,15,0,0,0,0,0,0,0,0,0,247,0,0,128,235,41,0,0,0,0,0,0,0,0,0,0,0,0,0,0,0,0,0,0,0
00766 features=747 size=24 p=2 tap=43 reset=false scheme=4 ops=2,2,0,2,0,2,3,0,2,2,3,0,3,2,0,3,3,3,0,3,3,2,3,0,0,3,0,3,3,1,0,0,3,0,2,2,3,0,3,1,3,0,2,2,0,2,3,2,2,0,0,2,3,2,0,3,0,0,0,2,2,0,3,3 ks=224,0,0,0,10,0,0,255,4,0,62,64,0,132,0,0,0,0,0,0,0,90,0,0,0,0,1,0,0,0,0,253,0,42,0,0,0,0,0,247,0,32,2,251,41,0,51,0,66,19,0,143,171,0,0,0,0,118,0,0,77,163,0,0
00767 features=547 size=8 p=5 tap=43 reset=false scheme=4 ops=2,2,2,3,3,3,0,0,0,0,3,0,3,3,1,3,3,3,0,2,3,2,3,3,3,3,2,2,3,2,2,2,3,3,0,3,3,2,3,3,3,3,2,3,2,2,2,2,2,2,2,2,3,2,2,3,2,3,0,2,2,0,0,2 ks=0,0,32,0,0,0,4,255,0,0,0,0,0,0,0,0,0,0,0,0,0,0,0,0,9,0,0,0,0,0,202,0,0,0,26,0,1,0,0,0,0,0,0,64,0,0,0,0,0,0,0,0,0,0,0,0,0,0,0,0,0,0,0,0
00768 features=715 size=25 p=5 tap=43 reset=false scheme=1 ops=2,2,0,2,0,2,3,0,2,2,3,0,3,2,0,3,3,3,0,1,3,2,3,0,3,0,3,2,0,3,0,0,3,1,3,3,2,3,3,1,3,3,3,2,0,2,3,2,1,0,0,2,3,2,0,3,0,0,0,2,0,3,3,3 ks=0,0,0,0,6,0,0,252,0,0,85,0,0,37,0,0,0,0,4,62,0,90,0,138,0,41,137,131,0,15,0,0,0,42,0,0,0,0,124,0,2,0,0,237,41,208,0,170,66,0,0,143,171,97,0,0,0,118,0,0,141,0,0,0
00769 features=712 size=21 p=2 tap=43 reset=false scheme=2 ops=2,2,0,2,0,2,3,0,2,2,3,0,3,2,0,3,3,3,0,3,3,2,3,0,0,3,0,3,3,1,0,0,3,0,2,2,3,0,3,1,3,0,2,2,0,2,3,2,2,0,0,2,3,2,0,3,0,0,0,2,2,0,3,3 ks=224,0,0,0,10,0,0,0,4,0,62,64,0,128,0,0,0,0,0,0,0,90,0,0,0,0,1,0,0,0,0,253,0,42,0,0,0,0,0,247,0,32,2,251,41,0,0,0,0,0,0,143,171,2,0,0,0,118,0,0,77,163,0,0
00770 features=807 size=29 p=10 tap=43 reset=false scheme=1 ops=2,2,0,2,0,2,3,0,2,2,3,0,3,2,0,3,3,3,0,2,3,2,3,0,0,3,3,2,0,0,0,0,3,0,2,2,3,0,3,3,3,0,2,2,0,0,3,2,2,0,0,2,3,2,0,3,0,0,0,2,2,0,0,2 ks=224,0,65,0,10,0,0,255,0,0,62,0,0,127,0,0,0,0,0,0,0,90,0,142,1,57,137,131,0,15,0,0,0,42,0,0,0,0,10,247,0,0,0,33,41,208,0,0,165,51,0,143,171,0,254,0,0,118,254,0,141,163,0,65
00771 features=799 size=27 p=2 tap=43 reset=false scheme=2 ops=2,2,0,2,0,2,3,0,2,2,3,0,3,2,0,3,3,3,0,2,3,2,3,0,3,3,3,2,0,0,0,0,3,0,2,2,3,0,3,3,3,0,2,2,0,2,3,2,2,0,0,2,3,2,0,3,0,0,0,2,2,0,0,2 ks=224,0,32,0,6,0,0,255,0,0,62,0,0,239,0,0,0,0,0,0,0,90,0,138,0,106,137,131,0,15,0,0,0,42,0,0,0,0,0,247,0,32,0,235,41,0,0,64,66,19,0,143,171,0,0,0,0,118,0,63,141,163,0,65
00772 features=735 size=5 p=5 tap=43 reset=true scheme=0 ops=2,2,2,3,3,3,3,2,2,2,3,2,3,2,3,3,3,3,3,2,3,2,3,2,3,3,3,2,3,2,2,2,3,3,3,3,3,2,3,3,3,3,2,3,2,2,2,2,2,2,2,2,3,2,2,3,3,3,3,2,3,2,3,2 ks=0,0,0,254,0,0,0,0,0,0,0,0,0,0,0,0,0,0,0,0,0,0,0,0,156,0,32,0,0,0,202,0,0,0,0,0,0,0,0,0,0,0,0,64,0,0,0,0,0,0,0,0,0,0,0,0,0,0,0,0,0,0,0,0
00773 features=706 size=3 p=2 tap=43 reset=false scheme=5 ops=0,3,0,3,0,3,0,0,0,0,3,0,3,0,0,3,3,3,0,3,3,3,1,3,1,3,0,3,3,1,0,3,3,1,0,0,3,0,3,3,3,0,1,0,3,0,0,0,0,0,0,2,3,3,0,3,0,0,0,3,0,0,0,3 ks=0,0,0,0,0,0,0,0,0,0,0,0,0,0,0,0,0,0,0,0,0,0,0,0,0,0,1,0,0,0,0,0,0,128,0,0,0,0,0,0,0,0,0,0,0,0,0,0,0,0,0,0,0,0,0,0,0,0,0,0,0,0,0,127
00774 features=826 size=26 p=1 tap=43 reset=false scheme=4 ops=1,2,0,2,0,2,3,0,1,1,3,1,3,2,0,3,3,2,0,2,3,2,3,0,0,3,3,2,0,0,0,0,3,0,2,2,3,0,3,3,3,0,2,2,0,0,0,0,0,3,0,2,3,2,0,3,0,0,3,3,2,0,0,2 ks=224,0,0,255,2,0,0,254,0,0,0,0,0,239,0,3,0,0,0,0,16,90,0,138,0,41,137,131,0,15,0,0,0,42,0,0,0,1,71,2,0,0,0,235,41,0,0,0,0,0,0,143,171,0,0,24,0,118,0,130,141,163,0,0
00775 features=608 size=15 p=2 tap=43 reset=false scheme=4 ops=2,2,0,2,0,2,3,0,1,1,3,1,3,2,0,3,3,3,0,2,3,2,3,0,3,3,3,0,3,2,2,2,3,3,3,3,3,2,3,3,3,0,2,2,0,2,3,3,2,0,0,2,3,2,0,3,0,0,0,2,2,0,0,2 ks=224,0,0,253,6,0,0,255,0,0,0,0,0,0,105,0,0,0,0,0,0,90,0,138,0,0,0,0,0,0,0,0,0,0,0,0,0,0,0,247,0,0,0,235,41,0,0,0,0,19,0,0,171,0,0,0,0,0,0,0,141,163,0,65
00776 features=733 size=26 p=1 tap=43 reset=false scheme=4 ops=1,2,0,1,0,2,3,0,1,1,3,1,3,2,0,3,3,3,0,2,3,2,3,0,3,3,3,2,0,0,0,0,3,0,2,2,3,0,3,3,3,0,2,2,0,0,0,0,0,3,0,2,3,2,0,3,0,0,3,2,2,0,0,2 ks=224,0,0,255,6,0,0,255,0,0,16,0,224,239,0,35,0,0,0,0,0,90,0,138,0,0,137,131,0,15,0,0,0,42,0,0,0,2,4,2,0,0,0,235,41,0,0,0,0,0,8,143,0,0,0,24,0,118,0,130,141,163,0,0
00777 features=974 size=7 p=2 tap=43 reset=true scheme=4 ops=2,2,2,3,3,3,0,0,0,0,3,2,3,2,3,3,3,3,0,2,3,2,1,3,3,3,3,3,3,3,3,3,3,0,3,3,3,2,3,3,3,3,2,3,2,2,2,2,2,2,2,2,3,2,2,3,3,3,3,2,3,2,3,0 ks=0,0,0,0,0,0,0,0,0,0,0,0,0,0,0,0,0,0,16,0,0,0,0,0,0,0,0,0,0,15,0,0,0,42,0,0,0,0,0,0,0,16,0,64,0,0,0,0,0,0,0,0,0,0,4,0,255,0,0,0,0,0,0,0
00778 features=886 size=7 p=10 tap=43 reset=true scheme=1 ops=2,2,0,2,0,2,0,0,2,2,3,0,3,2,0,3,3,2,0,2,3,2,3,2,3,3,3,2,1,0,1,1,3,2,1,3,3,2,3,3,3,0,2,2,0,0,3,2,2,0,0,2,3,2,0,3,0,0,0,2,2,0,0,2 ks=0,0,65,0,0,0,0,0,0,0,0,0,0,0,0,0,0,0,0,0,0,0,0,0,0,0,0,0,0,15,0,0,0,42,0,0,0,0,0,247,0,0,0,33,41,208,0,0,0,0,0,0,0,0,0,0,0,0,0,0,0,0,0,0
00779 features=685 size=20 p=2 tap=43 reset=false scheme=4 ops=2,2,0,2,0,2,3,0,2,2,3,0,3,2,0,3,3,2,1,2,3,2,3,0,0,3,3,0,3,2,2,2,3,3,3,3,3,2,3,3,3,0,2,2,0,2,3,3,2,0,0,2,3,2,0,3,0,0,0,2,2,0,0,2 ks=224,0,255,255,6,0,0,0,0,0,0,0,0,0,0,3,0,0,0,0,16,90,0,138,0,41,137,0,0,0,0,0,0,0,0,0,0,0,0,247,0,0,0,235,41,0,2,64,0,19,0,0,171,0,0,0,0,0,0,0,141,163,0,65
00780 features=280 size=4 p=5 tap=5 reset=false scheme=3 ops=3,1,3,1,3,1,0,1,1,1,3,1,3,1,1,3,3,3,3,1,3,3,1,3,1,3,3,3,3,1,1,1,3,3,1,0,3,1,3,3,3,1,1,1,1,1,1,3,1,1,3,1,3,3,3,3,1,1,1,1,3,1,3,1 ks=0,0,0,0,248,0,0,0,0,0,0,0,0,0,0,0,0,131,0,0,0,0,0,0,0,0,0,0,0,0,0,0,0,0,0,0,0,0,0,127,0,0,0,0,0,0,0,0,0,0,0,64,0,0,0,0,0,0,0,0,0,0,0,0
00781 features=749 size=27 p=2 tap=43 reset=false scheme=4 ops=2,2,0,2,0,2,3,0,2,2,3,0,3,2,0,3,3,3,0,3,3,2,3,0,3,3,3,2,0,0,2,2,3,1,2,2,3,0,3,3,3,0,2,2,0,2,3,2,2,0,0,2,3,2,0,3,0,0,0,2,2,0,0,2 ks=224,0,252,0,6,0,0,255,0,0,62,0,128,239,0,0,0,0,0,0,0,90,0,138,0,41,137,131,0,15,202,0,0,42,0,0,0,0,0,247,0,0,0,235,41,0,0,0,66,19,0,143,171,0,0,0,0,246,2,0,141,118,0,65
00782 features=692 size=5 p=1 tap=43 reset=false scheme=0 ops=0,2,0,1,0,2,1,0,1,1,3,1,3,2,1,1,3,3,0,2,3,2,1,0,0,0,3,1,0,3,0,0,3,0,1,1,3,0,3,3,3,0,2,2,3,0,0,0,0,3,0,2,3,2,0,3,0,0,0,3,1,1,2,2 ks=0,0,0,0,0,0,0,0,0,0,0,0,0,0,0,0,0,0,0,255,0,0,0,0,0,0,0,0,0,0,0,0,0,42,0,0,0,0,0,247,0,0,0,235,41,0,0,0,0,0,0,0,0,0,0,0,0,0,0,0,0,0,0,0
00783 features=829 size=14 p=2 tap=43 reset=false scheme=4 ops=2,2,0,2,0,2,3,0,2,2,3,0,3,2,2,0,3,3,3,2,3,2,3,3,2,3,3,2,0,0,0,0,3,0,2,2,3,0,3,3,3,0,2,2,0,2,3,2,2,1,0,2,3,2,0,3,0,0,0,2,2,0,0,2 ks=0,0,0,0,0,0,34,0,0,0,0,0,0,0,0,0,0,0,0,253,0,0,232,2,0,0,0,0,0,15,0,0,0,42,161,0,0,0,0,247,0,32,1,235,38,0,128,0,30,0,0,0,0,0,0,0,0,0,0,0,0,0,0,0
00784 features=797 size=25 p=1 tap=43 reset=false scheme=1 ops=2,2,0,2,0,2,3,0,2,2,3,0,3,2,0,3,3,3,0,1,3,2,3,0,3,3,3,2,0,3,0,0,3,0,2,2,3,0,3,3,3,0,2,2,0,2,3,2,1,0,0,2,3,2,0,3,0,0,0,2,2,0,0,2 ks=0,0,0,8,6,0,0,255,0,0,62,0,0,37,0,0,0,0,0,0,0,90,0,138,0,41,137,131,0,15,0,0,0,42,0,0,0,0,0,247,0,0,0,235,41,208,0,29,66,19,0,143,171,0,0,0,0,118,0,0,141,163,0,65
00785 features=928 size=10 p=5 tap=43 reset=true scheme=4 ops=1,2,2,3,3,3,0,1,0,0,3,1,3,2,3,3,3,3,3,2,3,2,3,2,1,3,3,2,2,2,2,2,3,3,3,3,3,2,3,3,3,2,2,3,2,2,2,2,2,2,2,2,3,2,2,3,3,3,3,2,3,0,3,3 ks=0,0,0,0,0,0,0,0,0,0,0,0,0,0,64,0,0,0,0,0,0,0,2,0,0,0,32,0,0,0,0,0,0,32,0,0,0,0,0,0,0,0,0,64,0,0,0,1,16,0,0,8,0,0,0,0,0,0,254,0,0,126,0,0
00786 features=769 size=28 p=1 tap=43 reset=false scheme=4 ops=2,1,0,1,0,2,1,0,1,1,3,1,3,2,1,1,3,3,0,2,3,2,1,0,0,0,1,2,1,0,1,1,3,0,1,1,3,0,3,3,3,0,2,1,1,2,1,2,2,1,0,2,3,2,0,3,0,0,0,3,1,1,0,2 ks=224,0,0,0,6,0,0,255,0,0,62,0,0,239,0,0,0,0,0,112,0,91,0,138,2,41,137,131,128,15,0,0,0,42,0,0,0,0,86,247,0,0,0,235,41,0,88,0,66,19,0,143,171,0,0,0,0,118,0,0,129,163,0,65
00787 features=932 size=16 p=10 tap=43 reset=true scheme=4 ops=2,2,0,2,0,2,3,0,2,2,3,0,3,2,0,3,3,3,0,3,3,2,3,0,3,3,3,2,0,0,0,0,3,0,2,2,3,0,3,3,3,0,2,2,0,2,3,2,2,0,0,2,3,2,0,3,0,0,1,2,2,0,0,3 ks=0,0,0,0,6,0,0,0,0,0,62,0,0,0,0,0,0,0,0,0,0,90,227,138,0,41,137,201,0,15,0,219,0,42,0,0,0,126,4,247,0,0,0,235,41,0,0,0,0,0,0,0,0,0,0,0,0,0,0,0,0,0,0,0
00788 features=792 size=14 p=2 tap=43 reset=false scheme=4 ops=0,3,0,3,0,3,0,0,0,0,2,0,3,0,0,3,3,1,1,2,1,2,1,2,1,1,1,2,1,1,0,3,3,0,0,0,3,0,3,3,3,0,0,0,3,0,0,0,0,0,0,3,2,3,0,3,0,0,0,3,0,0,0,3 ks=0,0,0,0,0,0,0,128,115,0,0,0,0,0,0,0,0,0,0,0,0,90,0,138,0,41,137,0,0,15,0,0,0,0,0,0,0,0,0,16,0,0,0,0,0,0,0,2,16,127,0,0,0,1,0,0,0,0,158,0,0,0,2,0
00789 features=781 size=15 p=10 tap=43 reset=false scheme=4 ops=2,2,0,2,0,2,3,0,0,2,3,0,3,2,2,2,3,3,3,2,3,2,3,3,2,3,1,2,0,3,0,0,3,0,2,2,3,0,3,3,3,0,2,2,3,3,3,3,3,0,0,2,3,2,0,3,0,0,0,2,2,0,0,2 ks=0,0,4,0,0,0,0,0,253,0,0,1,0,0,0,0,0,0,4,253,0,127,0,252,0,0,0,0,0,15,0,0,0,106,0,0,0,0,0,130,0,0,0,235,0,0,0,0,0,0,0,0,171,0,0,0,0,255,0,0,141,163,0,0
00790 features=729 size=5 p=2 tap=43 reset=false scheme=5 ops=0,3,0,3,0,3,0,0,0,0,1,0,3,0,0,3,3,3,0,3,3,0,3,0,0,3,0,3,3,0,0,3,3,0,0,0,3,0,3,3,3,0,0,0,3,0,0,0,0,0,0,3,3,3,0,3,0,0,0,3,0,0,0,3 ks=0,0,0,0,0,0,0,0,0,0,0,0,0,0,0,0,0,0,0,0,0,0,0,0,91,0,1,0,0,0,0,0,0,0,0,0,0,0,0,0,0,0,0,0,0,0,0,2,16,0,0,0,0,0,0,0,0,0,0,0,0,254,0,0
00791 features=758 size=12 p=2 tap=43 reset=false scheme=4 ops=0,3,0,2,0,2,3,0,2,2,3,0,3,3,3,3,3,3,0,2,3,2,3,0,3,3,3,2,0,0,0,0,3,0,2,2,2,0,3,3,3,0,2,2,0,2,3,2,2,0,0,2,3,2,0,3,0,0,0,2,2,0,0,2 ks=0,0,0,0,0,0,0,0,0,0,0,0,0,239,0,0,0,0,16,0,0,0,0,138,0,0,137,131,0,15,0,0,0,42,0,0,0,92,0,247,0,0,0,235,41,208,0,0,0,0,0,0,0,0,0,0,0,0,0,0,0,0,0,0
00792 features=947 size=16 p=5 tap=43 reset=true scheme=4 ops=2,0,0,2,0,2,3,0,1,1,3,1,3,2,1,3,3,3,0,3,3,2,1,0,3,3,3,2,0,0,0,0,3,1,2,2,3,0,3,3,3,0,2,2,0,2,3,2,2,0,0,2,2,2,0,3,0,0,0,2,2,0,0,2 ks=224,53,0,0,9,0,0,0,0,0,0,0,0,0,0,0,0,16,0,0,0,0,212,0,0,0,0,131,32,15,0,0,0,2,0,0,0,0,255,247,0,0,0,235,41,0,0,0,0,0,0,0,0,0,0,0,0,0,0,0,141,0,249,65
00793 features=606 size=18 p=1 tap=43 reset=false scheme=3 ops=2,1,1,2,1,2,3,3,1,1,3,1,3,2,1,3,3,3,1,2,3,2,1,0,3,3,3,2,2,2,3,1,3,3,1,2,3,1,3,3,3,3,2,2,3,2,3,1,2,2,2,2,3,2,2,3,1,1,3,2,1,1,3,2 ks=0,0,0,0,22,0,0,163,0,0,0,0,0,0,0,0,2,0,0,0,0,0,0,138,0,41,137,0,0,15,0,0,0,0,128,0,0,0,0,128,0,0,0,235,41,0,0,1,66,19,0,32,0,0,0,0,0,133,0,0,0,0,253,65
00794 features=776 size=24 p=1 tap=43 reset=false scheme=1 ops=2,2,0,2,0,2,3,0,2,2,3,0,3,2,0,3,3,3,0,1,3,2,3,0,3,3,3,2,0,3,0,0,3,0,2,2,2,0,3,3,3,0,2,2,0,2,3,2,1,0,0,1,2,3,0,3,0,0,0,2,2,0,0,2 ks=0,0,0,8,6,0,0,2,0,0,8,0,64,37,1,0,0,0,0,0,0,90,0,138,0,41,0,254,0,15,0,0,0,42,0,0,0,0,0,247,0,0,0,235,41,208,0,29,66,19,0,0,0,0,0,0,0,118,0,0,141,53,0,65
00795 features=687 size=23 p=5 tap=43 reset=false scheme=3 ops=2,2,2,3,3,3,0,0,1,1,3,1,3,2,0,3,3,3,0,2,3,2,3,0,3,3,3,2,0,0,0,0,3,0,2,2,2,0,3,3,3,0,2,2,0,2,3,1,2,0,0,2,3,2,0,3,0,0,0,2,2,0,0,2 ks=222,0,0,0,0,0,0,0,0,0,0,0,0,239,0,0,2,0,0,0,0,90,0,128,0,41,137,131,0,15,0,0,0,128,0,0,0,2,4,27,0,0,0,235,41,0,0,0,66,19,0,143,171,0,0,0,0,255,0,0,0,222,64,65
00796 features=764 size=14 p=5 tap=43 reset=false scheme=4 ops=2,0,0,2,0,2,3,0,1,1,3,1,3,2,1,3,3,3,0,2,3,2,1,2,3,3,3,2,0,0,0,0,3,0,2,2,3,0,3,3,3,0,2,2,0,2,1,2,2,1,0,2,3,2,0,3,0,0,0,2,2,0,2,2 ks=224,0,0,0,6,0,0,0,0,0,0,0,0,0,0,0,0,0,0,0,0,0,0,0,0,0,137,131,216,15,0,0,0,42,0,0,0,0,0,247,0,0,0,235,41,0,0,0,0,0,0,0,0,0,0,0,0,0,0,0,141,163,249,65
00797 features=671 size=6 p=10 tap=43 reset=true scheme=1 ops=3,3,1,1,3,3,3,3,0,3,2,3,3,3,3,3,3,3,3,3,3,3,3,3,3,3,3,3,3,3,3,3,3,1,3,1,3,0,3,0,3,0,1,1,1,3,1,3,1,1,0,3,1,1,1,0,3,1,3,1,3,3,3,3 ks=0,0,0,0,0,0,0,0,0,127,0,0,0,0,0,0,0,168,0,0,0,0,0,0,0,0,0,0,0,15,0,0,0,42,0,32,0,0,4,0,0,0,0,0,0,0,0,0,0,0,0,0,0,0,0,0,0,0,0,0,0,0,0,0
00798 features=934 size=21 p=2 tap=43 reset=true scheme=4 ops=2,2,0,2,0,2,3,0,0,0,3,0,3,2,0,3,3,3,0,3,3,2,3,0,3,3,3,2,0,0,0,0,3,0,2,2,3,0,3,3,3,0,2,2,0,2,3,2,2,0,0,0,3,2,1,3,3,1,3,1,3,3,0,2 ks=36,0,0,0,6,0,0,255,37,0,0,0,0,239,0,0,0,0,0,0,0,91,0,138,0,41,137,131,0,15,0,0,0,42,0,0,0,0,0,247,0,0,0,235,41,0,0,0,66,19,0,143,171,2,0,0,0,0,0,0,0,0,0,65
00799 features=772 size=25 p=2 tap=39 reset=false scheme=4 ops=0,2,0,2,0,2,3,0,2,2,3,2,3,2,3,3,3,3,0,2,3,2,3,0,3,3,3,2,0,3,0,0,3,0,2,2,3,0,3,3,3,0,2,2,0,2,3,2,2,0,0,2,3,2,0,3,0,3,0,2,2,0,0,2 ks=224,0,0,0,6,0,16,255,0,0,62,0,0,0,0,0,0,0,0,0,0,90,0,138,0,43,137,131,0,15,0,0,0,42,0,0,0,0,0,247,0,0,0,235,41,0,0,0,66,19,193,143,163,0,0,0,0,118,0,0,141,118,32,65
00800 features=811 size=20 p=2 tap=43 reset=false scheme=4 ops=2,2,0,2,0,2,3,0,2,2,3,0,3,2,0,3,3,3,0,3,3,2,3,0,3,3,3,3,0,0,0,0,3,0,2,2,3,0,3,3,3,0,2,2,0,0,0,0,0,3,0,2,3,2,0,3,0,0,0,2,2,0,0,2 ks=143,0,0,0,6,0,0,255,0,0,0,0,0,239,0,0,0,0,0,0,0,88,0,138,0,41,137,131,0,15,0,0,0,42,0,0,0,0,0,215,0,0,0,235,41,0,0,0,66,19,0,143,171,0,0,0,0,0,0,0,141,163,0,0
00801 features=857 size=5 p=10 tap=43 reset=true scheme=4 ops=3,3,1,1,3,3,3,3,3,3,3,3,3,3,3,3,2,3,3,3,3,3,3,0,0,3,3,3,3,0,3,3,3,0,3,0,3,0,3,3,3,0,2,2,0,2,3,0,1,1,0,3,3,1,1,3,3,1,3,1,3,3,3,3 ks=0,0,0,0,0,0,0,0,0,0,0,0,0,0,0,0,0,0,0,0,0,0,0,0,0,0,0,0,0,0,0,0,0,42,0,0,0,0,0,2,0,0,0,235,41,0,197,0,0,0,0,0,0,0,0,0,0,0,0,0,0,0,0,0
00802 features=742 size=27 p=2 tap=43 reset=false scheme=4 ops=2,2,0,2,0,2,2,0,1,1,3,1,3,2,3,3,3,3,0,2,3,2,3,0,3,3,3,2,0,0,0,0,3,0,2,2,3,0,3,3,3,0,2,2,0,2,3,2,2,0,0,2,3,2,0,3,0,0,0,2,1,0,0,2 ks=224,0,65,0,6,0,0,254,0,0,0,0,0,0,0,0,0,0,0,0,254,90,0,139,253,41,0,131,0,15,0,0,0,42,0,0,0,32,0,119,0,0,0,235,41,237,255,0,66,19,0,143,171,0,69,0,0,118,0,0,141,163,0,65
00803 features=562 size=6 p=10 tap=43 reset=false scheme=4 ops=2,1,0,2,0,2,3,0,2,2,3,0,3,1,2,2,3,3,3,2,3,2,3,3,2,3,3,3,2,3,3,3,3,1,3,3,2,3,3,1,3,0,2,2,0,2,3,2,2,0,0,2,3,0,0,3,0,0,0,2,2,0,0,2 ks=0,0,0,0,0,0,0,0,0,0,0,0,0,0,0,0,0,0,0,253,0,0,0,0,0,0,0,0,0,0,0,0,0,42,0,0,0,0,124,0,0,0,128,235,41,0,0,0,0,0,0,0,0,0,0,0,0,0,0,0,0,0,0,0
00804 features=830 size=26 p=2 tap=43 reset=false scheme=2 ops=2,2,0,2,0,2,3,0,2,2,3,0,3,2,0,3,3,3,0,2,3,2,1,0,3,3,3,2,0,0,0,0,3,0,2,2,3,1,3,3,3,0,2,2,0,2,3,2,2,0,0,2,3,2,0,3,0,0,0,2,2,0,0,2 ks=224,0,32,0,6,0,0,255,0,0,62,0,0,239,0,0,0,0,0,0,0,0,212,0,0,0,137,131,32,15,0,0,0,42,0,0,0,0,0,247,0,32,0,235,41,0,0,64,66,19,0,143,171,0,0,0,0,118,0,63,141,163,0,65
00805 features=816 size=22 p=2 tap=43 reset=false scheme=4 ops=2,2,0,2,0,2,3,0,1,1,3,1,3,2,0,3,3,3,0,2,3,2,3,0,3,3,3,2,0,0,0,0,3,0,2,2,3,0,3,3,3,0,2,2,0,0,0,0,0,3,0,2,3,2,0,3,0,0,0,2,3,2,3,2 ks=224,0,0,255,6,0,0,255,0,0,0,0,0,239,0,0,0,0,0,0,0,90,253,138,0,41,137,131,0,15,0,0,0,42,0,0,0,2,4,247,0,0,0,235,41,0,0,0,0,0,0,143,171,0,0,0,0,118,0,2,0,0,0,0
00806 features=832 size=26 p=5 tap=43 reset=false scheme=1 ops=2,2,0,2,0,2,3,0,2,2,3,0,3,2,0,3,3,3,0,2,3,3,1,0,3,3,3,2,0,3,0,0,3,0,2,2,3,0,3,3,3,0,2,2,0,2,3,2,1,0,0,2,3,2,0,3,0,0,0,2,2,0,0,2 ks=0,0,0,8,6,0,0,255,0,0,62,0,0,37,0,0,0,255,1,0,0,0,0,138,0,41,137,131,0,15,0,0,0,42,0,0,0,0,0,247,0,0,0,235,41,208,0,29,66,19,0,143,171,0,0,0,0,118,0,0,141,109,0,65
00807 features=751 size=21 p=1 tap=43 reset=false scheme=5 ops=2,2,0,2,0,2,3,0,2,2,3,0,3,2,0,3,3,3,0,1,3,2,3,0,3,3,3,3,3,0,3,0,3,0,2,2,3,0,3,3,3,0,2,2,0,2,3,2,1,0,0,2,3,2,0,3,0,0,0,2,2,0,0,2 ks=0,0,0,8,6,0,0,255,0,0,62,0,0,37,0,0,0,254,0,0,0,90,0,138,0,0,0,0,0,0,0,0,0,42,0,0,0,0,0,247,0,0,0,235,41,208,0,29,66,19,0,15,0,0,0,0,0,118,0,0,141,163,0,65
00808 features=834 size=26 p=2 tap=43 reset=false scheme=1 ops=2,2,0,2,0,2,3,0,2,2,3,0,3,2,0,3,3,3,0,2,3,2,3,0,0,3,3,2,0,0,0,0,3,0,2,2,3,0,3,3,3,0,2,2,0,2,3,2,2,0,0,2,3,2,0,3,0,0,0,2,1,0,0,2 ks=224,0,65,0,6,0,0,255,0,0,62,0,0,239,0,0,0,0,0,0,0,90,0,138,0,57,137,131,0,15,0,0,0,42,0,0,0,0,0,247,0,0,0,33,41,208,0,0,66,51,0,143,171,127,0,0,0,118,0,0,141,163,0,65
00809 features=812 size=26 p=2 tap=43 reset=false scheme=0 ops=2,2,0,2,0,2,3,0,1,1,3,1,3,2,0,3,3,3,0,2,1,2,1,2,3,3,3,2,0,0,0,0,3,0,2,2,3,0,0,3,3,0,2,2,0,0,3,2,2,0,0,2,3,2,0,3,0,0,1,2,2,0,0,2 ks=224,0,0,127,6,32,0,255,0,0,0,0,0,0,0,0,0,255,0,0,0,0,0,0,0,41,137,131,0,15,0,0,0,42,0,0,0,2,4,247,0,0,0,235,41,0,0,191,66,18,0,0,171,0,0,0,0,118,41,4,141,171,0,65
00810 features=820 size=20 p=2 tap=43 reset=false scheme=4 ops=2,2,0,2,0,2,3,0,2,2,3,0,3,2,0,3,3,3,0,3,3,2,3,2,3,0,3,2,0,0,0,0,3,0,2,2,3,0,3,3,3,0,2,2,0,2,3,2,2,0,0,2,3,2,2,3,2,3,0,2,2,0,0,2 ks=0,0,0,178,10,0,0,255,0,0,65,0,0,243,0,0,0,0,0,0,0,90,0,138,0,41,137,131,0,15,0,0,0,46,0,0,0,0,0,247,0,0,0,235,41,0,0,0,66,19,0,143,171,0,0,0,0,0,0,0,0,106,0,0
00811 features=774 size=25 p=2 tap=43 reset=false scheme=4 ops=2,2,0,2,0,2,3,0,1,1,3,1,3,2,0,3,3,3,0,2,3,2,3,0,3,3,3,2,0,0,0,0,3,0,2,2,3,0,3,3,3,0,2,2,3,0,0,0,0,3,0,2,3,2,0,3,0,0,0,2,2,0,0,2 ks=224,0,0,255,6,0,0,255,1,1,0,0,0,239,0,0,0,0,0,0,0,90,0,170,0,0,137,131,0,15,0,0,0,42,0,0,0,2,4,255,0,0,0,235,41,0,0,0,0,0,0,143,171,0,0,0,0,118,0,2,141,163,0,65
00812 features=683 size=7 p=2 tap=43 reset=false scheme=5 ops=0,3,0,3,0,3,0,0,0,0,3,0,3,0,0,3,3,3,0,3,3,0,3,0,0,3,0,3,3,3,0,3,3,0,0,0,3,0,3,3,3,0,0,0,3,0,1,0,0,0,0,3,3,3,3,3,0,0,0,3,0,0,0,3 ks=0,0,0,0,0,0,0,0,0,0,0,0,0,0,0,0,0,0,0,0,0,0,0,0,91,128,1,0,0,0,0,0,0,0,0,0,0,0,128,0,0,0,0,0,0,0,127,0,16,0,0,0,0,0,0,0,0,0,0,0,0,254,0,0
00813 features=699 size=22 p=2 tap=43 reset=false scheme=2 ops=2,2,0,2,0,2,3,0,2,2,3,0,3,2,0,3,3,3,0,3,3,2,3,0,3,3,3,2,0,0,2,2,3,1,2,2,1,0,3,3,3,0,2,2,0,2,3,0,1,1,0,3,3,1,1,3,3,1,3,2,0,0,0,2 ks=224,0,252,0,6,0,0,255,0,0,62,0,0,239,0,0,0,0,0,0,0,90,0,138,0,41,137,131,0,15,202,0,0,42,0,0,0,0,0,247,0,0,0,235,41,0,197,0,0,0,0,0,0,0,0,0,0,0,127,0,141,118,0,65
00814 features=826 size=8 p=5 tap=43 reset=false scheme=1 ops=2,2,0,2,0,2,3,0,2,2,3,0,3,2,0,3,3,3,0,1,3,2,3,2,3,3,3,2,0,3,0,0,3,0,2,2,3,0,3,3,3,0,2,3,0,0,0,0,0,3,0,0,3,0,0,3,0,0,0,1,2,0,0,2 ks=0,0,0,0,0,0,0,255,0,0,0,0,0,45,0,0,0,0,0,0,0,0,0,138,0,0,0,131,0,0,0,0,0,42,0,0,0,0,0,247,0,0,0,235,41,0,0,0,0,0,0,0,0,0,0,0,0,0,0,0,0,0,0,0
00815 features=825 size=4 p=5 tap=43 reset=true scheme=4 ops=1,2,2,3,3,3,0,1,0,0,3,2,3,2,3,3,0,3,3,2,3,2,3,2,1,3,3,2,2,2,2,2,3,3,3,3,3,2,3,3,3,3,2,3,2,2,2,2,2,2,2,2,3,2,2,3,3,3,3,2,3,0,3,0 ks=0,0,0,0,0,0,0,0,0,0,0,0,0,0,0,0,0,0,0,8,0,0,0,0,0,0,0,0,0,0,0,0,0,32,0,0,0,0,0,0,0,0,1,64,0,0,0,0,0,0,0,0,0,0,0,0,0,0,0,0,0,0,0,0
00816 features=936 size=22 p=2 tap=43 reset=true scheme=4 ops=2,2,0,2,0,2,3,0,1,1,3,1,3,2,0,3,3,3,0,2,3,2,3,0,3,3,3,2,0,0,0,0,3,0,2,2,3,0,3,3,3,0,2,2,0,0,0,0,0,2,0,2,3,2,0,3,0,0,3,2,2,0,0,2 ks=224,0,0,255,6,0,0,255,0,0,0,0,0,239,0,3,0,0,0,0,0,90,0,138,0,41,137,131,0,15,0,0,0,42,0,0,0,2,128,2,0,0,0,235,41,0,128,0,0,0,0,0,171,0,0,0,0,118,0,0,141,0,0,0
00817 features=685 size=26 p=1 tap=43 reset=false scheme=4 ops=1,2,0,2,0,2,3,0,1,1,3,1,3,2,0,3,3,3,0,2,3,2,3,3,3,3,3,2,0,0,0,0,3,0,2,2,3,3,3,3,3,0,2,2,0,2,3,0,0,3,0,2,1,2,0,3,0,0,3,2,2,0,0,3 ks=224,0,0,255,6,0,0,128,1,0,0,0,0,239,0,0,0,0,0,0,0,128,0,0,0,41,137,131,0,15,0,0,0,42,0,0,0,2,4,2,0,0,0,235,37,0,0,254,0,0,127,143,171,0,0,24,1,0,0,130,141,163,0,0
00818 features=702 size=7 p=2 tap=56 reset=true scheme=4 ops=3,3,1,1,3,3,3,3,1,1,3,1,3,2,1,3,3,3,3,3,3,3,3,3,3,3,3,3,3,3,3,3,3,1,3,3,2,3,3,1,3,3,3,3,1,0,3,1,1,3,1,3,3,1,1,3,3,1,3,1,3,3,3,3 ks=0,0,0,0,0,0,0,0,0,0,0,0,0,0,0,0,0,0,0,92,0,0,0,0,0,0,0,0,0,15,0,0,0,42,0,0,0,0,124,0,2,0,0,127,0,254,0,0,0,0,0,0,0,0,0,0,0,0,0,0,0,0,0,0
00819 features=771 size=22 p=2 tap=43 reset=false scheme=4 ops=2,2,0,2,1,2,3,0,1,1,3,1,3,2,0,3,3,3,0,2,1,2,1,2,3,3,3,2,0,0,0,0,3,0,2,2,3,0,3,3,3,0,2,2,0,2,3,2,2,0,2,2,3,3,1,1,0,0,1,2,2,0,0,2 ks=224,0,0,127,6,32,0,255,0,83,0,0,0,0,0,0,0,255,0,0,0,0,0,128,0,0,137,131,0,2,0,0,0,42,0,0,0,0,0,247,0,0,0,33,41,208,0,0,66,51,0,0,0,0,0,0,0,118,255,0,141,0,0,65
00820 features=518 size=24 p=2 tap=45 reset=false scheme=2 ops=3,3,1,3,1,1,3,1,1,1,3,1,3,3,3,3,3,3,3,3,3,3,3,1,3,3,3,3,1,1,3,1,3,3,1,1,3,3,3,3,3,1,1,3,3,1,3,3,3,3,1,1,3,1,1,3,1,3,3,3,1,3,3,3 ks=224,0,0,253,6,0,0,255,1,0,0,0,0,239,0,0,0,0,0,0,0,0,254,170,0,0,137,131,0,15,0,0,0,42,0,0,0,0,4,255,0,0,0,235,41,0,4,0,0,0,0,143,171,0,0,0,0,118,0,2,141,163,0,191
00821 features=775 size=23 p=10 tap=43 reset=false scheme=4 ops=2,2,0,2,0,2,3,0,2,2,3,0,3,2,0,2,3,3,0,2,3,2,3,0,3,3,3,2,0,0,0,0,3,0,2,2,3,0,3,3,3,0,2,2,0,2,3,2,2,0,0,2,3,2,0,3,0,0,0,0,3,0,0,2 ks=224,0,0,0,6,0,0,255,0,0,0,0,0,243,0,0,0,128,0,0,0,90,0,139,0,41,137,132,0,14,0,253,0,42,0,0,4,0,0,247,0,16,1,235,113,0,0,0,66,0,0,143,0,0,0,0,0,0,0,0,141,0,0,65
00822 features=796 size=27 p=5 tap=43 reset=false scheme=1 ops=2,2,0,2,0,2,3,0,2,2,3,0,3,2,0,3,3,3,0,1,3,2,3,0,3,3,3,2,0,3,0,0,3,0,2,2,3,0,3,3,3,0,2,2,0,2,3,2,1,0,0,2,3,2,0,3,0,0,0,2,2,0,0,2 ks=0,0,0,0,6,0,0,255,0,0,62,0,0,37,0,128,0,0,0,0,0,90,0,138,0,41,137,131,0,15,0,0,0,42,254,0,0,16,0,247,0,0,0,235,41,208,0,29,66,19,0,143,171,0,0,0,0,118,0,0,141,163,0,65
00823 features=974 size=10 p=5 tap=43 reset=true scheme=4 ops=2,2,0,2,0,2,3,0,0,0,3,0,3,2,0,3,3,3,0,3,3,2,3,0,3,3,3,2,0,0,0,0,3,0,2,2,3,0,3,3,3,0,2,2,0,2,3,2,2,0,0,0,3,2,1,3,3,1,3,1,3,3,0,2 ks=0,0,0,0,0,0,0,0,0,0,0,0,0,239,0,0,0,0,0,0,0,0,0,138,0,41,137,131,0,15,0,0,0,42,0,0,0,0,0,247,0,0,0,235,41,0,0,0,0,0,0,0,0,0,0,0,0,0,0,0,0,0,0,0
00824 features=768 size=18 p=2 tap=43 reset=false scheme=4 ops=2,2,0,2,0,2,3,0,2,2,3,0,3,2,0,3,3,3,0,3,1,2,3,0,3,3,3,2,0,0,0,0,3,0,2,2,3,0,3,3,3,0,2,2,0,2,3,2,2,0,3,2,3,2,0,3,0,0,0,2,2,0,0,2 ks=128,0,0,0,0,0,0,0,0,0,0,0,0,239,0,0,0,0,0,0,0,90,0,138,0,57,137,131,0,15,0,0,0,42,0,0,0,0,0,247,0,0,4,235,41,0,0,0,66,19,0,143,139,0,0,0,0,118,0,0,0,0,0,0
00825 features=797 size=27 p=2 tap=43 reset=false scheme=2 ops=2,2,0,2,0,2,3,0,2,2,3,0,3,2,0,3,3,3,0,2,3,2,3,0,3,3,3,2,0,0,0,0,3,0,2,2,3,0,3,3,3,0,2,2,0,2,3,2,2,0,0,2,3,2,0,3,0,0,0,2,2,0,0,2 ks=224,0,32,0,6,0,0,255,0,0,62,0,0,239,0,0,0,0,0,0,0,90,0,138,0,106,137,131,0,15,0,0,0,42,0,0,0,0,0,247,0,32,0,235,41,0,0,64,66,19,0,143,171,0,0,0,0,118,0,63,141,163,0,127
00826 features=945 size=9 p=1 tap=43 reset=true scheme=4 ops=2,0,0,2,0,2,3,0,1,1,3,1,3,2,1,3,3,3,0,2,3,2,1,2,3,3,3,2,0,2,2,2,3,0,2,2,3,0,3,3,3,0,2,2,0,2,3,2,2,0,0,2,0,2,0,3,0,0,0,2,2,0,2,2 ks=224,0,0,0,0,0,0,0,0,0,0,0,0,0,0,0,0,0,0,0,0,0,0,0,0,0,0,131,32,0,202,0,0,42,0,0,0,0,0,247,0,0,0,0,41,0,0,0,0,0,0,0,171,0,0,0,0,0,0,0,141,0,0,0
00827 features=780 size=28 p=2 tap=43 reset=false scheme=4 ops=2,2,0,2,0,2,3,0,2,2,3,0,3,2,0,3,3,3,0,2,3,2,3,0,3,3,3,2,0,0,0,0,3,0,2,2,3,0,3,3,3,0,2,2,0,2,3,2,2,0,0,2,3,2,0,3,0,0,0,2,2,0,0,2 ks=224,2,65,0,6,0,0,255,0,0,62,0,0,239,0,0,0,0,0,0,0,90,0,138,0,41,137,131,0,15,8,0,0,42,0,0,0,114,0,249,0,0,0,235,41,0,0,0,66,19,0,143,175,0,0,0,3,118,0,0,141,163,1,0
00828 features=817 size=23 p=2 tap=43 reset=false scheme=4 ops=2,2,0,2,0,2,3,0,2,2,3,0,3,2,0,3,3,3,0,3,3,2,3,0,1,3,0,2,0,0,0,0,3,0,2,0,3,0,3,3,3,0,2,2,0,2,3,2,2,0,0,2,3,2,0,3,0,0,0,2,2,0,0,2 ks=224,0,0,0,6,0,0,255,0,0,62,0,0,239,0,0,0,0,0,0,0,90,0,138,0,41,9,131,0,166,0,0,0,42,0,0,0,0,0,247,0,16,0,251,41,0,0,0,0,19,0,0,171,0,0,0,0,246,2,0,141,118,0,1
00829 features=570 size=6 p=10 tap=43 reset=false scheme=4 ops=2,1,0,2,0,2,3,0,2,2,3,0,3,1,2,2,3,3,3,2,3,2,3,3,2,3,3,3,2,3,3,3,3,1,3,3,2,3,3,1,3,0,2,2,0,2,3,2,2,0,0,2,3,0,0,3,0,0,0,2,2,0,0,2 ks=0,0,0,0,0,0,0,0,0,0,0,0,0,0,0,0,0,0,0,253,0,0,0,0,0,0,0,0,0,0,0,0,0,42,0,0,0,0,124,0,0,0,113,235,41,0,0,0,0,0,0,0,0,0,0,0,0,0,0,0,0,0,0,0
00830 features=785 size=18 p=1 tap=43 reset=false scheme=1 ops=2,0,0,2,0,2,3,0,1,1,3,1,3,2,1,3,3,3,0,2,3,2,1,2,3,0,3,2,0,2,2,2,3,1,2,2,3,0,3,3,3,0,2,2,0,2,3,2,2,0,0,2,0,2,0,3,0,0,0,2,2,0,2,2 ks=224,0,0,0,6,255,0,0,0,0,0,0,0,0,0,0,0,0,0,0,0,0,0,0,0,0,137,131,32,0,202,0,0,42,0,0,0,0,0,247,0,0,0,0,41,0,0,0,66,19,0,0,171,0,0,0,0,118,0,0,141,163,249,65
00831 features=826 size=17 p=2 tap=43 reset=false scheme=4 ops=2,2,0,2,0,2,3,0,1,1,3,1,3,2,0,3,3,3,0,2,3,2,3,0,3,3,3,2,0,0,0,0,3,0,2,2,3,0,3,3,3,0,2,2,0,0,0,0,0,3,0,2,3,2,0,3,0,0,0,2,2,0,0,2 ks=0,0,0,255,6,0,0,255,0,0,0,0,0,239,0,0,0,0,0,0,0,0,253,138,0,41,137,131,0,15,66,0,0,42,0,0,0,2,4,34,0,0,0,235,41,0,0,0,0,0,0,0,0,0,0,0,0,0,0,0,0,0,0,0
00832 features=639 size=3 p=2 tap=43 reset=false scheme=4 ops=2,2,0,2,0,2,3,0,1,1,3,1,3,2,0,3,3,3,0,2,3,2,3,0,3,3,3,2,3,2,2,2,3,3,3,3,3,2,3,3,3,3,2,2,0,2,3,2,2,0,0,2,3,2,0,3,0,0,0,2,2,0,0,2 ks=0,0,0,0,0,0,0,0,0,0,0,0,0,0,0,0,0,0,0,0,0,0,0,0,0,0,0,0,0,0,0,0,0,0,0,0,0,0,0,0,1,0,0,235,41,0,0,0,0,0,0,0,0,0,0,0,0,0,0,0,0,0,0,0
00833 features=882 size=5 p=5 tap=43 reset=true scheme=4 ops=1,2,2,3,3,3,1,1,0,0,3,1,3,2,3,3,3,3,3,2,3,2,3,2,1,3,3,2,2,2,2,2,3,3,3,3,3,2,3,3,3,2,2,3,2,2,2,2,2,2,2,2,3,2,2,3,3,3,3,2,3,0,3,3 ks=0,0,0,0,0,0,0,0,0,0,0,0,0,0,64,0,0,0,0,0,0,0,0,0,0,0,0,0,0,0,0,0,0,32,0,0,0,0,0,0,0,0,0,1,0,0,0,0,0,0,0,8,0,0,0,0,0,0,254,0,0,0,0,0
00834 features=666 size=17 p=2 tap=43 reset=false scheme=4 ops=2,2,0,2,0,2,3,0,0,0,3,2,3,2,0,3,3,3,0,2,3,2,3,0,3,3,3,2,0,3,0,0,3,0,2,2,3,0,3,3,3,0,2,2,0,2,3,2,2,0,0,2,3,1,3,3,1,3,3,1,3,1,3,3 ks=224,0,0,0,6,0,0,255,0,0,0,0,0,0,0,0,0,0,0,0,0,90,0,138,0,43,137,131,0,15,0,2,0,42,0,0,0,0,0,247,0,0,0,235,41,0,0,0,66,19,0,143,0,0,0,0,0,0,0,0,0,0,0,0
00835 features=919 size=7 p=10 tap=43 reset=true scheme=5 ops=0,3,0,2,0,2,3,0,2,2,3,0,3,2,0,3,3,3,0,3,3,0,3,0,0,3,0,3,3,3,3,3,3,1,3,3,2,3,3,1,3,3,2,2,0,2,3,2,2,2,0,2,0,2,0,3,0,0,0,3,0,0,0,3 ks=0,0,0,0,0,0,0,255,0,0,0,0,0,239,0,0,0,0,0,0,0,0,0,0,0,0,0,0,0,15,0,0,0,42,0,0,0,0,124,0,2,0,0,235,0,0,0,0,0,0,0,0,0,0,0,0,0,0,0,0,0,0,0,0
00836 features=777 size=27 p=10 tap=43 reset=false scheme=4 ops=2,2,0,2,0,2,3,0,1,1,3,1,3,2,0,3,3,3,0,2,3,2,1,0,3,3,3,2,0,0,0,0,3,0,2,2,3,0,3,3,3,0,2,2,0,0,3,2,2,0,0,2,3,2,0,3,0,0,1,2,2,0,0,2 ks=224,64,0,127,6,32,0,255,0,0,0,0,32,239,0,0,0,255,0,0,0,0,0,138,0,41,137,131,0,15,0,0,0,42,0,0,0,2,0,0,0,0,0,235,41,0,0,0,66,19,0,143,172,0,255,0,0,0,41,0,141,163,0,65
00837 features=787 size=24 p=2 tap=43 reset=false scheme=4 ops=2,2,0,2,0,2,3,0,1,1,3,1,3,2,0,3,3,3,0,2,3,2,3,0,3,3,3,2,0,0,0,0,3,0,2,2,3,0,3,3,3,0,2,2,3,0,0,0,0,3,0,2,3,0,0,3,0,0,0,2,2,0,0,2 ks=0,0,0,0,6,0,0,255,1,0,0,0,0,239,0,127,0,0,0,0,0,90,0,170,254,0,137,131,0,15,0,0,0,42,0,0,0,2,4,3,0,0,0,235,41,0,0,0,0,0,0,143,171,0,0,0,0,118,0,2,141,163,0,65
00838 features=806 size=24 p=2 tap=43 reset=false scheme=4 ops=2,2,0,2,0,2,3,0,2,2,3,0,3,2,0,3,3,3,0,2,3,2,3,0,3,3,3,2,0,3,0,0,3,0,2,2,3,0,3,3,3,0,2,2,0,2,3,2,2,0,0,2,3,2,0,3,0,0,0,2,2,0,1,2 ks=224,0,0,0,6,0,85,255,0,0,62,0,0,254,0,0,0,99,0,0,0,90,0,138,0,41,137,134,0,15,0,0,0,42,0,0,0,0,0,247,0,0,0,227,41,0,0,0,66,0,0,143,163,0,0,0,0,118,0,0,141,118,0,65
00839 features=822 size=23 p=2 tap=43 reset=false scheme=1 ops=2,2,1,2,0,2,3,0,2,2,3,0,3,2,0,3,3,3,0,2,3,2,3,0,0,3,1,2,0,0,2,2,3,0,2,2,3,0,3,3,3,0,2,2,0,2,3,2,2,2,0,2,3,2,0,3,0,0,0,2,1,0,0,2 ks=224,0,0,0,6,0,0,255,0,0,62,0,0,239,0,0,0,0,0,0,0,90,0,139,0,57,137,131,0,15,0,0,0,42,0,0,0,0,0,247,0,0,0,33,41,208,0,0,66,51,0,143,1,0,0,0,0,0,0,0,141,163,0,65
00840 features=741 size=25 p=5 tap=43 reset=false scheme=3 ops=2,2,2,3,1,3,0,0,1,1,3,2,3,0,3,3,3,3,0,2,3,2,3,0,3,3,3,2,0,0,0,0,3,0,2,2,3,0,3,3,3,0,2,2,0,2,3,2,2,0,0,2,3,2,0,3,0,0,0,2,2,0,0,2 ks=222,0,0,0,0,196,0,0,0,0,0,0,0,0,0,0,2,0,0,0,0,90,0,138,0,41,137,131,0,15,0,0,0,128,0,196,0,2,4,247,0,0,0,235,41,0,1,0,66,19,0,143,171,0,0,0,0,255,0,0,141,163,0,65
00841 features=814 size=21 p=10 tap=43 reset=false scheme=4 ops=2,2,0,2,0,2,3,0,1,1,3,1,3,2,0,3,3,3,0,2,3,2,3,0,3,3,3,2,0,0,0,0,3,0,2,2,3,0,3,3,3,0,2,2,0,0,0,0,0,3,0,0,3,0,0,3,0,0,0,0,0,0,0,2 ks=224,16,0,255,6,0,0,255,0,0,0,0,0,239,0,0,0,0,0,0,0,90,253,138,0,41,137,131,0,15,0,0,0,42,0,0,0,2,4,247,0,0,0,235,41,0,0,0,0,0,0,0,0,0,0,0,0,0,0,0,0,0,109,65
00842 features=757 size=24 p=2 tap=43 reset=false scheme=4 ops=2,2,0,2,0,2,3,0,2,2,3,0,3,2,0,3,3,3,0,2,3,2,3,0,3,3,3,2,3,0,0,0,3,0,2,2,3,0,3,3,3,0,2,2,0,2,3,2,2,0,0,2,3,2,0,3,0,0,0,2,2,0,0,2 ks=224,0,0,0,6,0,0,255,0,0,62,0,0,239,0,0,0,0,0,0,0,90,0,138,0,41,137,131,0,15,0,0,0,42,0,0,0,0,0,247,0,0,0,235,41,0,0,0,66,19,4,143,171,0,0,0,0,118,0,0,141,163,0,65
00843 features=863 size=6 p=10 tap=43 reset=true scheme=5 ops=0,2,0,2,0,2,3,0,3,3,3,3,3,3,0,3,3,3,0,3,3,0,3,0,0,3,0,3,3,3,3,3,3,1,3,3,2,3,3,1,3,3,0,0,3,0,0,0,0,0,0,3,3,3,0,3,0,0,0,3,0,0,0,3 ks=0,0,0,0,0,0,0,255,0,0,0,0,0,0,0,0,0,0,0,0,0,0,0,0,0,0,0,0,0,0,0,0,0,0,0,0,0,33,124,0,2,174,2,0,0,0,0,0,0,0,0,0,0,0,0,0,0,0,0,0,0,0,0,0
00844 features=711 size=23 p=2 tap=43 reset=false scheme=4 ops=0,2,0,2,0,2,3,0,2,2,3,2,3,1,1,3,3,3,3,1,3,1,3,0,3,3,3,2,0,3,0,0,3,0,2,2,3,0,3,3,3,0,2,2,0,2,3,2,2,0,0,2,0,2,0,3,0,0,2,2,2,0,0,2 ks=224,0,0,0,0,0,0,255,0,0,62,0,0,0,0,0,0,0,0,0,0,0,0,138,0,43,137,131,0,15,0,0,0,42,0,0,0,0,0,247,0,0,0,235,41,0,0,0,66,19,0,143,163,0,0,1,0,118,8,0,141,118,32,65
00845 features=773 size=25 p=2 tap=43 reset=false scheme=4 ops=2,2,0,0,0,0,3,0,0,3,3,1,0,2,0,3,3,3,0,2,3,2,1,0,3,3,3,2,0,0,0,0,3,0,2,2,3,0,3,3,3,0,2,2,0,2,3,1,2,0,2,2,3,2,0,3,0,0,1,2,2,0,0,2 ks=224,254,0,0,0,0,0,0,0,0,0,0,0,239,0,0,0,0,0,0,0,0,0,138,0,41,137,131,0,15,0,0,0,42,0,0,127,3,0,247,0,0,1,235,41,0,0,252,66,19,0,143,171,0,0,0,0,118,0,0,141,163,245,65
00846 features=443 size=5 p=10 tap=43 reset=false scheme=4 ops=3,3,1,1,0,2,3,2,3,3,1,3,3,3,1,1,3,3,0,2,3,2,1,2,1,3,3,3,3,3,3,3,3,2,3,3,3,3,3,1,3,3,1,3,1,3,3,1,1,3,2,3,3,1,1,3,3,1,3,3,3,3,3,2 ks=0,0,0,0,0,0,0,0,0,0,0,0,0,0,0,0,0,0,0,112,0,0,0,0,0,0,0,0,0,0,0,0,0,0,0,0,0,0,86,247,2,0,0,235,0,0,0,0,0,0,0,0,0,0,0,0,0,0,0,0,0,0,0,0
00847 features=669 size=7 p=5 tap=44 reset=true scheme=3 ops=3,0,0,2,0,2,3,0,1,1,3,1,3,2,1,3,3,3,0,2,3,2,3,0,1,3,3,3,3,2,3,3,3,3,3,3,3,2,3,3,3,3,1,3,2,2,3,2,2,0,0,2,0,1,0,3,0,0,0,1,3,3,3,3 ks=127,0,0,0,0,0,0,0,0,0,0,0,0,0,0,0,0,0,0,0,0,0,0,0,0,0,0,0,0,0,0,0,0,0,0,0,0,0,250,0,0,0,0,64,0,243,0,0,0,0,0,228,0,3,0,0,0,0,0,0,0,255,0,0
00848 features=239 size=8 p=1 tap=59 reset=false scheme=4 ops=1,3,1,1,3,3,3,3,1,1,3,1,3,3,1,1,1,3,1,3,3,3,1,3,3,3,3,3,3,1,3,1,3,3,3,1,3,3,3,3,3,3,1,1,3,3,3,3,1,3,3,3,3,3,3,3,3,3,1,1,1,1,3,1 ks=0,0,0,0,0,0,0,0,0,0,0,0,0,0,0,0,0,0,0,0,0,0,0,0,0,0,0,0,0,0,0,0,0,0,0,0,0,0,0,247,0,0,0,235,41,255,0,0,2,19,0,0,171,0,0,0,0,118,0,0,0,0,0,0
00849 features=756 size=27 p=10 tap=43 reset=false scheme=1 ops=2,2,0,2,0,2,3,3,3,3,3,0,3,2,2,3,3,3,0,2,3,2,3,0,0,3,3,2,0,0,0,0,3,0,2,2,3,0,3,3,3,0,2,2,0,0,3,2,2,0,0,2,3,2,0,3,0,0,0,2,2,0,0,2 ks=224,0,65,0,10,0,0,0,0,0,0,0,0,0,0,0,0,0,0,0,0,90,0,142,1,57,137,131,0,15,0,3,0,42,0,0,0,0,10,247,0,0,0,33,41,208,0,0,165,51,0,143,171,0,254,0,0,118,254,0,141,163,0,65
00850 features=882 size=26 p=2 tap=43 reset=true scheme=3 ops=2,2,0,2,0,2,3,0,2,2,3,0,3,2,0,3,3,3,0,3,3,2,3,0,3,3,3,2,0,0,0,0,3,0,2,2,3,0,3,3,3,0,2,2,0,2,3,1,2,0,0,2,3,2,0,3,0,0,0,2,2,0,0,2 ks=224,128,0,0,10,0,0,255,0,0,62,0,0,239,0,0,0,0,0,0,0,90,0,138,0,41,137,131,0,15,32,0,0,42,0,0,0,0,0,247,0,0,0,235,41,0,0,0,66,19,4,143,171,0,0,0,0,118,0,0,141,207,0,65
00851 features=756 size=27 p=2 tap=43 reset=false scheme=4 ops=2,2,0,2,0,2,3,0,2,2,3,0,3,2,0,3,3,3,0,3,3,2,3,0,3,3,3,2,0,0,2,2,3,1,2,2,3,0,3,3,3,0,2,2,0,2,3,2,2,0,0,2,3,2,0,3,0,0,0,2,2,0,0,2 ks=224,0,252,255,6,0,0,255,0,0,62,0,0,239,0,0,0,0,0,0,0,90,0,138,0,41,137,131,0,15,202,0,0,42,0,0,0,0,0,247,0,0,0,235,41,0,0,0,66,19,0,143,171,0,0,0,0,246,2,0,141,118,0,65
00852 features=755 size=26 p=1 tap=43 reset=false scheme=4 ops=2,2,0,2,0,2,0,0,1,1,3,1,3,2,0,3,3,3,0,2,3,2,3,0,3,3,3,2,0,0,0,0,3,2,2,2,3,3,3,3,3,0,2,2,0,0,0,0,0,3,0,2,3,2,0,3,0,0,3,2,2,0,0,2 ks=224,0,0,255,6,0,0,254,1,0,0,0,0,239,0,3,0,0,0,0,0,90,0,138,0,41,137,131,0,15,0,0,0,42,0,0,0,2,4,2,0,0,0,235,41,0,0,0,0,0,0,143,171,0,0,24,0,118,0,130,141,163,0,0
00853 features=560 size=5 p=5 tap=44 reset=false scheme=3 ops=3,0,0,2,0,2,3,0,1,1,3,1,3,2,1,3,3,3,0,2,3,2,3,0,0,3,3,3,3,2,3,3,3,3,3,3,3,2,3,3,3,3,1,3,2,2,3,2,2,0,0,2,0,1,0,3,0,0,0,3,0,0,0,3 ks=127,0,0,0,0,0,0,0,0,0,0,0,0,0,0,0,0,0,0,0,0,0,0,0,0,0,0,0,0,0,0,0,0,0,0,0,0,0,250,0,0,0,0,64,0,243,0,0,0,0,0,0,0,0,0,0,0,0,0,0,0,254,0,0
00854 features=784 size=13 p=2 tap=43 reset=false scheme=4 ops=0,3,0,3,0,3,0,0,0,0,2,0,3,0,0,3,3,1,1,2,1,2,1,2,1,1,1,2,1,1,0,3,3,0,0,0,3,0,3,3,3,0,0,0,3,0,0,0,0,0,0,3,2,3,0,3,0,0,0,3,0,0,0,3 ks=0,0,0,0,0,0,0,128,115,0,0,0,0,0,0,0,0,0,0,0,0,90,0,138,0,41,137,0,0,15,0,0,0,0,0,0,0,0,0,16,0,0,0,0,0,0,0,2,16,127,0,0,0,1,0,0,0,0,158,0,0,0,0,0
00855 features=768 size=23 p=1 tap=43 reset=false scheme=4 ops=2,0,0,2,0,2,3,0,1,2,3,0,3,2,0,3,3,3,0,3,3,2,3,0,3,3,3,2,0,0,0,0,3,0,2,2,3,0,3,3,3,0,2,2,0,2,3,2,2,0,0,2,0,2,0,3,0,0,0,2,2,0,2,2 ks=224,0,0,0,6,0,0,0,0,0,62,0,0,239,0,0,0,0,0,0,0,90,0,138,0,41,137,131,32,224,0,0,0,42,0,0,0,0,0,247,0,0,0,235,41,0,0,0,66,19,0,0,171,0,0,0,0,118,0,0,141,163,249,65
00856 features=756 size=26 p=2 tap=43 reset=false scheme=4 ops=2,2,0,2,0,2,3,0,2,2,3,0,3,2,0,3,3,3,0,2,3,2,3,0,3,3,3,2,3,0,0,0,3,0,2,2,3,0,3,3,3,0,2,2,0,2,3,2,2,0,0,2,3,2,0,3,0,0,0,2,2,0,0,2 ks=224,0,0,32,6,0,0,255,0,0,62,0,0,239,0,0,0,0,0,0,0,90,0,138,0,41,137,131,0,15,0,0,0,42,0,0,0,0,0,247,0,0,0,235,41,0,0,0,66,19,4,143,171,0,116,0,0,118,0,0,141,163,0,65
00857 features=666 size=26 p=2 tap=43 reset=false scheme=4 ops=2,2,0,1,0,2,1,0,1,1,3,1,3,2,1,1,3,3,0,3,3,2,3,0,3,3,3,2,0,0,2,0,3,1,2,2,3,0,3,3,3,0,2,2,0,2,3,2,2,0,0,2,3,2,0,3,0,0,0,2,2,0,0,2 ks=224,0,252,0,6,0,0,255,0,0,62,0,0,239,0,0,0,0,0,0,0,90,0,138,0,41,137,131,0,15,0,0,0,42,0,2,0,0,0,247,0,0,0,235,41,117,0,0,66,19,0,143,171,0,0,0,0,246,0,0,141,163,0,65
00858 features=534 size=7 p=5 tap=43 reset=false scheme=4 ops=2,3,2,2,1,2,3,1,1,0,3,1,3,3,3,3,3,3,3,3,3,3,3,3,3,3,3,3,3,3,2,1,3,1,2,2,3,2,3,3,3,2,2,2,0,2,3,2,2,0,0,1,3,2,0,3,0,0,2,2,2,1,2,2 ks=0,0,0,0,0,0,0,0,0,0,0,235,0,0,0,0,0,0,0,0,0,0,0,0,0,0,0,0,0,15,0,0,0,107,0,0,0,0,0,247,0,0,0,235,41,0,0,0,0,0,0,0,0,0,0,0,0,0,0,2,0,0,0,0
00859 features=824 size=22 p=2 tap=43 reset=false scheme=4 ops=2,2,0,2,0,2,3,0,2,2,3,0,3,2,0,3,2,3,0,2,3,2,3,0,3,3,3,2,0,0,0,0,3,0,2,2,3,0,3,3,3,0,2,2,0,2,3,2,2,0,0,2,3,2,0,3,0,0,0,2,1,1,0,2 ks=224,0,0,0,6,1,0,255,0,0,128,0,0,239,0,0,0,0,0,0,0,90,0,0,0,41,137,131,0,15,0,0,0,42,0,0,0,0,0,247,0,0,0,235,41,0,0,0,66,19,0,143,171,0,0,0,0,0,0,0,141,163,0,65
00860 features=768 size=25 p=2 tap=43 reset=false scheme=4 ops=2,2,0,2,0,2,3,0,1,1,3,1,3,2,0,3,3,3,0,2,3,2,3,0,3,3,3,2,0,0,0,0,3,0,2,2,3,0,3,3,3,0,2,2,3,0,0,0,0,3,0,2,3,0,0,3,0,0,0,2,2,0,0,2 ks=224,0,0,255,6,0,0,255,1,0,0,0,0,239,0,0,0,0,0,0,0,90,0,170,0,0,137,131,0,15,0,0,0,46,0,0,0,2,4,255,0,0,214,235,41,0,0,0,0,0,0,143,171,0,0,0,0,118,0,2,141,163,0,65
00861 features=579 size=7 p=10 tap=43 reset=false scheme=4 ops=3,2,2,3,1,3,0,0,0,0,3,2,3,0,3,3,3,3,3,2,3,2,3,0,3,3,3,0,3,2,2,1,3,3,3,3,3,2,3,3,3,3,2,3,2,2,2,2,2,2,2,2,3,2,2,3,3,3,3,2,3,2,3,2 ks=0,0,0,0,0,0,0,24,0,0,0,0,0,0,0,0,0,0,0,0,0,0,0,138,0,0,0,0,0,0,203,0,1,0,64,0,0,0,0,0,0,0,0,64,0,0,0,0,0,0,0,0,0,0,0,1,0,0,0,0,0,0,0,0
00862 features=651 size=17 p=2 tap=43 reset=false scheme=4 ops=2,2,2,2,3,2,3,3,2,3,3,3,3,2,3,3,3,3,3,2,3,2,3,2,3,3,3,2,2,2,2,2,3,3,2,2,3,2,3,3,3,2,2,2,3,2,2,3,3,3,2,2,3,2,2,3,3,2,3,2,2,2,3,2 ks=0,16,0,255,6,0,0,255,0,0,0,0,0,239,0,0,0,0,0,0,0,0,253,138,0,41,137,131,0,15,0,0,0,42,0,0,0,2,4,247,0,0,0,235,41,0,0,0,0,0,0,0,0,0,0,0,0,0,0,0,0,0,0,0
00863 features=763 size=3 p=2 tap=43 reset=false scheme=4 ops=2,2,0,2,0,2,3,0,2,2,3,2,3,2,0,3,3,3,0,2,3,2,3,0,3,3,3,2,0,0,0,0,3,0,2,2,3,0,3,3,3,0,2,2,0,3,3,2,2,0,0,2,3,2,1,3,0,0,0,2,2,0,2,2 ks=0,0,0,0,0,0,0,0,0,0,0,0,0,0,0,0,0,0,0,0,0,0,0,0,0,0,0,0,0,0,0,0,0,131,0,0,0,0,0,0,0,0,0,235,41,0,0,0,0,0,0,0,0,0,0,0,0,0,0,0,0,0,0,0
00864 features=744 size=27 p=1 tap=43 reset=false scheme=4 ops=2,1,0,1,0,2,1,0,1,1,3,1,3,2,1,1,3,3,0,2,3,2,1,0,0,0,1,2,1,0,0,1,3,0,1,1,3,0,3,3,3,0,2,1,1,2,1,2,2,1,0,2,3,2,0,3,0,0,0,3,1,1,0,2 ks=224,0,0,0,6,0,0,255,0,0,62,0,0,239,0,0,0,0,0,112,0,91,0,138,2,41,137,131,128,15,0,0,0,42,0,0,0,0,86,247,0,0,0,235,0,0,88,0,66,19,0,143,171,0,0,0,0,118,0,0,129,163,0,65
00865 features=746 size=12 p=2 tap=43 reset=false scheme=4 ops=2,2,0,2,0,2,3,0,0,2,3,0,3,2,2,2,3,3,3,2,3,2,3,3,2,3,1,2,0,3,0,0,3,0,2,2,3,0,3,3,3,0,2,2,3,3,3,3,3,0,0,2,3,2,0,3,0,0,0,2,2,0,0,2 ks=0,0,4,127,0,0,0,203,0,0,0,0,0,196,0,0,0,0,0,253,0,127,0,0,0,0,0,0,0,15,0,67,0,106,0,0,0,0,0,124,0,0,128,235,0,0,0,0,0,0,0,0,0,0,0,0,0,0,0,0,0,0,0,0
00866 features=982 size=6 p=2 tap=43 reset=true scheme=4 ops=2,2,0,2,0,2,3,0,2,2,3,0,3,2,0,2,3,3,0,2,3,2,3,0,3,3,3,2,0,0,0,0,3,0,2,2,3,0,3,3,3,0,2,2,0,2,3,2,2,0,0,2,3,2,2,3,0,0,0,2,2,0,0,2 ks=0,0,0,8,0,0,0,0,0,0,0,0,0,0,0,0,0,0,0,0,0,0,0,0,0,0,0,0,0,0,0,253,0,42,0,0,0,0,0,247,0,0,0,235,203,0,0,0,0,0,0,0,0,0,0,0,0,0,0,0,0,0,0,0
00867 features=753 size=20 p=5 tap=43 reset=false scheme=4 ops=2,0,0,2,0,2,3,0,1,1,3,1,3,2,1,3,3,3,0,2,3,2,1,0,3,3,3,2,0,0,0,0,3,0,2,1,3,0,3,3,3,0,2,2,0,2,3,2,2,0,0,2,0,2,0,3,0,0,0,2,2,0,0,2 ks=224,0,0,0,6,0,0,0,0,0,0,0,0,0,0,0,0,0,0,0,0,0,212,0,0,0,137,131,32,15,0,0,0,2,0,0,0,0,0,247,0,0,0,235,41,0,0,0,66,19,0,0,171,254,0,0,0,118,0,0,141,163,249,65
00868 features=701 size=25 p=5 tap=43 reset=false scheme=3 ops=2,2,0,3,3,3,0,0,1,1,3,1,3,2,0,1,3,3,0,2,3,2,3,0,3,3,3,2,0,0,0,0,3,0,2,2,2,0,3,3,3,0,2,2,3,2,3,2,2,0,0,2,3,2,1,0,0,0,0,2,2,0,0,2 ks=224,0,65,0,0,0,0,0,0,0,0,0,0,239,0,0,2,0,0,0,0,90,0,138,0,41,137,131,0,15,0,0,0,128,0,0,0,2,4,247,0,0,0,235,41,120,0,0,66,19,0,143,171,0,0,0,0,255,0,0,141,163,0,65
00869 features=781 size=28 p=1 tap=43 reset=false scheme=4 ops=2,2,0,2,0,2,3,0,0,0,3,0,3,2,0,3,3,3,0,2,3,2,3,0,3,3,3,2,0,0,0,0,3,2,2,2,3,3,3,3,3,0,2,2,0,0,0,0,0,3,0,2,3,2,0,3,0,0,3,2,2,0,0,2 ks=224,0,0,255,6,0,0,254,1,0,128,0,0,239,0,3,0,0,0,0,0,90,0,138,0,41,137,131,0,15,0,0,0,42,0,0,0,2,4,2,0,0,254,235,41,0,0,0,0,0,0,143,171,0,0,24,0,118,0,130,141,163,0,0
00870 features=663 size=9 p=5 tap=43 reset=false scheme=1 ops=0,3,0,0,0,3,3,0,0,0,3,0,3,3,3,3,3,3,3,3,3,3,3,0,3,3,3,3,0,0,0,0,3,0,3,0,3,0,3,3,3,0,0,3,0,3,3,0,3,0,0,0,3,0,0,3,0,0,0,3,3,0,0,0 ks=0,0,0,0,0,0,0,0,0,0,0,0,0,0,0,0,0,0,0,0,0,90,0,0,0,0,0,127,0,0,0,0,0,42,0,0,0,0,0,247,0,0,0,235,41,208,0,29,0,0,0,0,171,0,0,0,0,0,0,0,0,0,0,0
00871 features=289 size=4 p=2 tap=43 reset=false scheme=4 ops=3,1,1,1,3,3,1,3,1,1,3,1,3,1,1,3,3,3,1,1,3,1,1,1,1,1,1,1,1,1,1,1,3,3,1,1,3,1,3,3,3,3,3,1,1,1,1,1,3,1,1,1,3,3,3,3,3,1,1,3,3,1,3,1 ks=0,0,0,0,0,0,0,0,0,0,8,0,0,0,0,0,0,0,0,0,0,0,2,0,0,0,0,0,0,0,0,0,0,0,0,0,0,0,0,0,0,0,0,0,0,0,0,0,0,0,0,0,2,0,140,0,0,0,0,0,0,0,0,0
00872 features=764 size=7 p=1 tap=43 reset=false scheme=4 ops=2,2,0,2,0,2,3,0,2,2,3,0,3,2,0,3,3,3,0,2,3,2,3,0,3,3,3,2,0,0,0,0,3,0,2,2,3,0,3,3,3,0,2,2,0,2,3,2,2,0,0,2,3,2,0,3,0,0,0,2,2,0,0,2 ks=0,0,0,0,0,0,0,0,0,0,0,0,0,0,0,0,0,0,0,0,0,0,0,0,0,0,0,0,0,14,0,253,0,189,0,0,0,0,4,247,0,0,128,0,41,0,0,0,0,0,0,0,0,0,0,0,0,0,0,0,0,0,0,0
00873 features=776 size=13 p=2 tap=43 reset=false scheme=4 ops=0,3,0,3,0,3,0,0,0,0,2,0,3,0,0,3,3,1,1,2,1,2,1,2,1,1,1,2,1,1,0,3,3,0,0,0,3,0,3,3,3,0,0,0,3,0,0,0,0,0,0,3,2,3,0,3,0,1,0,3,0,0,0,3 ks=0,0,0,0,0,0,0,128,115,0,0,0,0,0,0,0,0,0,0,0,0,90,0,138,0,41,137,0,0,15,0,0,0,0,0,0,0,0,0,16,0,0,0,0,0,0,0,2,16,127,0,0,0,1,0,0,0,0,158,0,0,0,0,0
00874 features=634 size=14 p=2 tap=43 reset=false scheme=4 ops=2,2,0,2,0,3,0,0,0,0,3,2,3,2,3,3,3,3,3,2,3,2,3,3,3,3,3,2,0,0,0,0,3,0,2,2,0,0,3,3,3,0,2,2,0,2,3,1,2,3,0,0,3,0,0,3,0,0,0,0,3,0,0,3 ks=0,0,0,255,0,0,0,0,0,0,0,0,0,0,0,0,0,0,0,0,0,90,0,138,0,39,137,131,0,2,0,0,0,179,0,0,4,150,0,247,0,0,1,235,41,0,0,0,0,0,0,0,0,0,0,0,0,0,0,0,0,0,0,0
00875 features=657 size=4 p=2 tap=43 reset=false scheme=4 ops=2,2,0,2,0,2,3,0,1,1,3,1,3,2,0,3,3,3,0,2,3,2,3,0,3,3,3,2,3,2,2,2,3,3,3,3,3,2,3,3,3,3,2,2,0,2,3,2,2,0,0,2,3,2,0,3,0,0,0,2,2,0,0,2 ks=0,0,0,0,0,0,0,0,0,0,0,0,0,0,0,0,0,0,0,0,0,0,0,0,0,0,0,0,0,0,0,0,0,0,0,0,0,0,0,0,1,64,0,235,41,0,0,0,0,0,0,0,0,0,0,0,0,0,0,0,0,0,0,0
00876 features=709 size=10 p=2 tap=43 reset=false scheme=4 ops=2,2,0,2,0,2,3,0,2,2,3,0,3,2,2,2,3,3,3,2,3,2,3,3,2,3,1,2,0,3,2,2,3,3,3,3,3,0,3,3,3,0,2,2,0,2,3,2,2,0,1,2,3,2,0,3,0,0,0,2,2,0,0,2 ks=0,0,0,0,0,0,0,0,0,0,0,0,0,254,0,0,0,0,252,253,0,253,0,252,0,0,0,0,0,15,0,0,0,0,0,0,0,0,0,247,0,0,128,235,41,0,0,0,0,0,0,0,0,0,0,0,0,0,0,0,0,0,0,0
00877 features=743 size=20 p=1 tap=43 reset=false scheme=4 ops=2,0,0,2,0,2,3,0,1,1,3,1,3,2,1,3,3,3,0,2,3,2,3,0,3,3,3,2,0,0,0,0,3,0,2,2,3,0,3,3,3,0,2,2,0,2,3,2,2,0,0,2,0,2,0,3,0,0,0,2,2,0,2,2 ks=224,0,0,0,6,0,0,0,0,0,0,0,0,0,0,0,254,0,0,0,0,90,0,138,0,0,137,131,32,15,0,0,0,42,0,0,0,0,0,247,0,0,0,235,41,0,0,0,66,0,0,0,171,0,0,0,0,118,0,0,141,163,249,65
00878 features=678 size=8 p=1 tap=43 reset=false scheme=0 ops=0,2,0,3,0,2,2,0,3,3,3,2,3,2,2,2,3,3,3,2,3,2,3,3,0,0,3,2,0,0,3,3,3,0,3,2,3,0,3,3,3,0,2,2,3,2,3,2,2,2,0,2,3,2,0,3,0,0,0,3,0,3,2,2 ks=0,0,0,0,0,0,0,0,0,0,0,0,0,0,0,0,0,0,0,253,0,127,0,0,0,0,0,0,0,0,0,0,0,42,0,0,0,0,86,247,0,0,0,235,41,0,0,0,0,0,0,0,0,0,0,64,0,0,0,0,0,0,0,0
00879 features=790 size=23 p=2 tap=43 reset=false scheme=4 ops=2,2,0,2,1,2,3,0,2,2,3,0,3,2,0,0,3,3,0,3,3,2,3,0,3,3,3,2,0,0,0,0,3,0,2,2,3,0,3,3,3,0,2,2,0,2,3,2,2,0,0,2,3,2,0,3,0,0,0,2,2,0,0,2 ks=224,0,0,0,10,0,0,253,0,0,62,0,0,241,0,0,0,0,0,0,0,90,0,138,0,41,137,131,0,15,0,0,0,42,0,0,0,0,0,247,0,0,0,235,41,0,0,0,66,19,0,143,171,0,0,0,0,118,0,0,141,163,0,65
00880 features=698 size=12 p=2 tap=43 reset=false scheme=5 ops=3,3,0,3,0,3,0,0,0,0,3,0,3,0,0,3,3,3,0,3,3,0,3,0,0,3,0,3,3,3,0,3,3,0,0,0,3,0,3,3,3,0,2,2,0,2,3,2,2,0,0,2,3,2,0,3,3,0,0,3,0,0,0,3 ks=0,96,0,0,0,0,0,0,0,0,0,0,0,4,0,0,0,0,0,0,0,0,0,0,0,0,0,0,0,0,1,0,0,0,0,0,0,0,130,0,0,0,0,235,41,0,0,0,66,19,0,143,171,0,0,0,88,0,0,0,0,254,0,0
00881 features=775 size=27 p=2 tap=43 reset=false scheme=4 ops=2,2,0,1,0,2,3,0,1,1,3,1,3,2,0,3,3,3,0,2,3,2,1,0,3,3,3,2,0,0,0,0,3,0,2,2,3,0,3,3,3,0,2,2,0,2,3,2,2,0,0,2,3,2,0,3,0,0,1,2,2,0,0,2 ks=224,0,0,0,6,80,121,255,0,0,0,0,0,239,0,0,0,255,0,0,0,0,0,138,0,41,137,131,0,15,0,0,0,42,0,0,0,2,4,247,0,0,0,235,41,0,0,0,66,19,0,143,171,0,0,135,0,118,0,0,141,163,0,65
00882 features=789 size=25 p=2 tap=43 reset=false scheme=4 ops=0,2,0,2,0,2,3,0,2,2,3,1,3,2,3,3,3,3,0,2,3,2,3,0,3,3,3,1,0,3,0,0,3,0,2,2,3,0,3,3,3,0,2,2,0,2,3,2,2,0,0,2,0,2,0,3,0,0,2,2,2,0,0,2 ks=224,0,0,0,6,0,0,255,0,0,62,0,0,0,173,0,0,0,0,0,0,90,0,138,0,43,137,131,0,15,0,0,0,0,0,0,0,0,0,247,0,0,0,235,41,0,0,0,66,19,0,143,163,0,0,1,0,118,8,0,141,118,32,65
00883 features=826 size=28 p=1 tap=43 reset=false scheme=4 ops=2,1,0,1,0,2,1,0,1,1,3,1,3,2,1,1,3,3,0,2,3,2,1,0,0,2,1,2,1,0,1,1,3,0,1,1,3,0,1,3,3,0,2,1,1,2,1,2,2,1,2,2,3,2,0,3,0,0,0,3,1,1,0,2 ks=224,0,0,0,6,0,0,255,0,0,62,0,0,239,0,0,0,0,0,112,0,91,0,138,2,41,137,131,128,15,0,0,0,42,0,0,0,0,86,247,0,0,0,235,41,0,154,0,66,19,0,143,171,0,0,0,0,118,0,0,129,163,0,65
00884 features=805 size=18 p=1 tap=43 reset=false scheme=4 ops=2,3,1,2,0,2,3,0,2,2,3,0,3,2,2,0,3,3,0,2,3,2,1,2,3,3,3,2,0,0,0,0,3,0,2,2,3,0,3,3,3,0,2,2,0,2,3,2,2,0,0,2,0,2,0,3,0,0,0,2,2,0,2,2 ks=224,0,0,0,0,0,0,0,0,0,0,0,0,0,0,0,0,0,0,0,0,0,0,0,0,0,137,131,128,224,0,0,0,42,0,0,0,0,255,247,0,0,0,235,41,0,0,0,66,132,0,0,171,0,0,0,0,119,0,0,141,163,249,65
00885 features=769 size=23 p=2 tap=43 reset=false scheme=2 ops=2,1,0,2,0,2,3,0,1,1,3,1,3,2,0,3,3,3,0,2,3,2,1,0,3,3,2,2,0,0,0,0,3,0,2,2,3,0,3,3,3,0,2,2,0,2,3,2,3,0,0,2,3,2,0,3,0,0,1,2,2,0,0,2 ks=224,0,0,255,0,0,0,0,0,0,0,0,0,0,0,0,0,255,0,0,0,0,0,138,0,41,137,131,0,15,0,0,0,42,0,0,0,2,4,247,0,0,0,235,41,0,0,0,66,19,0,143,171,0,0,0,0,118,0,128,141,163,0,65
00886 features=763 size=19 p=1 tap=43 reset=false scheme=4 ops=2,0,0,2,0,2,3,0,1,1,3,1,3,2,1,1,3,3,0,2,3,2,1,0,3,3,3,2,0,0,0,0,3,0,2,2,3,0,3,3,3,0,2,2,0,2,3,3,3,2,2,3,3,2,2,2,0,3,0,2,2,0,0,2 ks=0,0,0,0,6,0,0,0,0,136,58,0,0,213,0,0,0,0,0,0,0,0,212,0,0,0,137,131,32,15,0,0,0,0,0,0,0,0,0,247,0,0,128,235,41,0,0,0,70,0,0,0,0,0,0,0,0,118,0,0,141,163,249,65
00887 features=831 size=4 p=10 tap=43 reset=true scheme=1 ops=3,2,1,1,3,3,3,3,3,3,3,3,3,3,3,3,3,3,3,3,3,3,3,0,3,3,3,2,0,0,3,3,3,1,3,1,3,0,3,0,3,0,3,1,1,3,1,3,1,1,0,3,3,3,1,3,0,0,0,2,1,1,0,2 ks=0,0,0,0,0,0,0,0,0,0,0,0,0,0,0,0,0,0,0,0,0,0,0,0,0,0,0,0,254,14,0,0,0,42,0,0,0,0,4,0,0,0,0,0,0,0,0,0,0,0,0,0,0,0,0,0,0,0,0,0,0,0,0,0
00888 features=759 size=18 p=1 tap=43 reset=false scheme=4 ops=2,0,0,2,0,2,3,0,1,1,1,1,3,2,1,3,3,3,0,2,3,2,1,2,3,3,3,2,0,0,0,0,3,0,2,2,3,0,3,3,3,0,2,2,0,2,3,2,2,0,0,2,0,2,1,3,0,0,0,2,2,0,0,2 ks=224,0,0,0,6,0,0,0,0,0,0,64,0,0,0,0,0,0,0,0,0,0,0,0,0,0,137,131,32,15,0,0,0,42,0,0,0,0,0,247,0,0,0,235,41,0,0,0,66,19,0,0,171,0,0,0,0,118,0,0,141,53,0,65
00889 features=532 size=20 p=2 tap=43 reset=false scheme=4 ops=2,2,1,2,2,2,3,3,2,2,3,1,3,2,3,2,3,3,3,3,3,2,3,1,3,3,3,2,1,2,1,1,3,3,2,2,3,2,3,3,3,2,2,2,3,2,3,3,2,2,1,2,3,2,1,3,2,1,3,2,2,3,3,2 ks=0,0,0,0,10,0,132,253,0,0,0,0,0,239,0,0,0,0,0,0,0,90,0,138,0,41,137,131,0,15,0,0,0,42,0,0,0,0,0,247,0,0,0,235,41,0,0,2,0,0,0,254,0,0,0,108,0,0,4,254,0,163,0,0
00890 features=732 size=21 p=5 tap=43 reset=false scheme=2 ops=2,0,0,2,0,2,3,0,1,1,3,1,3,2,1,3,0,3,0,0,3,0,3,0,0,3,3,3,3,0,3,3,3,0,2,2,3,0,3,3,3,0,2,2,0,0,3,2,2,0,0,2,2,2,0,3,0,0,0,2,2,0,0,2 ks=224,0,0,0,6,0,235,0,0,0,0,0,0,0,0,0,0,0,0,0,0,218,0,138,0,41,137,131,0,15,0,0,0,42,0,0,0,0,0,247,0,0,0,235,41,0,0,0,66,19,0,0,171,0,0,0,0,118,0,0,141,163,255,65
00891 features=637 size=2 p=2 tap=43 reset=true scheme=4 ops=3,1,3,1,1,3,3,2,2,2,3,1,3,1,1,3,3,3,3,1,3,3,1,3,1,3,3,3,3,2,3,3,3,3,3,2,3,2,3,3,3,1,3,1,1,1,1,3,3,1,1,1,3,3,1,3,3,3,2,1,3,3,2,3 ks=0,0,0,0,0,0,0,0,0,0,0,0,0,0,0,0,0,131,0,0,0,0,0,0,0,0,0,0,0,0,0,0,0,42,0,0,0,0,0,0,0,0,0,0,0,0,0,0,0,0,0,0,0,0,0,0,0,0,0,0,0,0,0,0
00892 features=581 size=8 p=10 tap=43 reset=false scheme=4 ops=2,1,0,2,0,2,3,0,2,2,3,0,3,3,3,3,3,3,3,3,3,3,3,3,3,3,3,3,3,3,3,3,3,1,3,3,2,3,3,1,3,0,2,2,0,2,3,2,2,0,0,2,3,2,0,3,0,0,0,2,2,0,0,2 ks=0,0,0,0,0,0,0,0,0,0,0,0,0,0,0,0,0,0,32,0,0,0,0,0,0,0,0,0,0,15,0,0,0,42,0,0,0,0,124,0,2,0,128,235,41,0,0,0,0,0,0,0,0,0,0,0,0,0,0,0,0,0,0,0
00893 features=762 size=24 p=1 tap=43 reset=false scheme=2 ops=2,2,0,1,0,2,3,0,1,1,3,1,3,2,0,3,3,3,0,2,3,2,1,0,3,3,3,2,0,0,0,0,3,0,2,2,3,0,3,3,3,0,2,2,0,2,3,2,2,0,0,2,3,2,0,3,0,0,1,2,2,0,0,2 ks=0,0,0,0,6,32,0,255,0,0,0,0,0,239,0,0,0,255,0,0,0,0,0,138,0,41,137,131,0,15,0,0,0,42,0,0,0,2,4,247,0,0,0,235,41,0,0,0,66,19,0,143,171,0,0,0,0,118,0,0,141,163,0,65
00894 features=796 size=23 p=2 tap=43 reset=false scheme=4 ops=2,2,0,2,0,2,3,0,1,1,3,1,3,2,0,3,3,3,0,2,3,2,3,0,3,3,3,2,0,0,0,0,3,0,2,2,3,0,3,3,3,0,2,2,0,0,0,0,0,3,0,2,3,2,0,3,0,0,0,2,2,0,0,2 ks=224,0,0,152,6,0,0,8,0,0,0,0,0,239,0,0,0,0,0,0,0,90,0,138,0,41,137,131,0,15,0,0,0,42,0,0,0,2,4,247,0,0,0,235,41,0,0,0,0,0,0,143,0,0,0,0,0,118,0,2,141,163,0,65
00895 features=826 size=11 p=1 tap=43 reset=true scheme=4 ops=3,3,0,0,0,3,3,0,0,3,3,3,3,3,3,3,3,3,3,3,3,3,3,3,3,3,3,3,0,0,0,0,3,0,0,3,3,0,3,3,3,0,2,2,0,2,3,3,3,3,0,3,3,0,0,3,0,0,3,3,3,3,3,3 ks=0,0,0,0,0,0,0,0,0,0,0,0,0,0,0,2,0,0,0,129,0,0,252,0,0,0,0,131,0,15,0,0,0,42,0,0,0,1,0,247,0,0,128,235,41,0,0,0,0,0,0,0,0,0,0,0,0,0,0,0,0,0,0,0
00896 features=683 size=12 p=2 tap=43 reset=false scheme=3 ops=2,2,0,2,0,2,3,0,0,2,3,0,0,2,2,2,3,3,3,2,3,2,3,3,2,3,1,2,0,3,0,0,3,0,2,3,3,0,3,3,3,0,2,2,3,3,3,3,3,1,3,1,3,3,0,3,0,3,0,2,2,0,0,2 ks=0,0,0,0,0,0,0,0,0,0,0,1,0,0,0,0,0,0,0,253,0,127,0,220,0,0,0,0,0,15,0,67,0,106,0,0,0,0,0,128,0,0,128,127,0,0,0,0,0,0,0,128,0,0,0,0,0,0,0,0,0,3,0,0
00897 features=594 size=10 p=5 tap=43 reset=false scheme=4 ops=1,1,2,3,3,3,0,1,0,0,3,2,3,2,3,3,3,3,3,2,3,2,3,2,1,3,3,2,2,2,2,2,3,3,3,3,3,2,3,3,3,2,2,3,2,2,2,2,2,2,2,2,3,2,2,3,3,3,3,2,3,0,3,3 ks=0,0,4,0,0,127,0,0,0,0,0,0,0,0,64,0,0,0,0,0,0,0,0,0,0,0,32,0,0,0,0,0,0,32,0,81,0,0,0,0,0,0,0,64,152,0,0,0,0,0,0,0,0,0,0,0,0,0,254,0,0,254,0,0
00898 features=759 size=21 p=2 tap=34 reset=false scheme=3 ops=2,2,0,2,0,2,3,3,2,2,3,0,3,2,1,3,3,3,3,1,2,3,1,0,1,3,1,2,1,0,0,0,3,0,2,2,3,0,3,3,3,0,2,2,0,2,3,2,2,0,0,2,3,2,0,3,0,0,0,2,2,0,0,2 ks=224,32,0,0,0,0,0,255,0,0,62,0,0,0,253,1,0,0,0,0,0,0,0,0,253,0,0,0,0,0,149,0,0,0,0,32,0,0,0,247,0,0,0,235,41,0,0,0,0,19,0,143,171,2,0,255,0,118,0,0,141,162,0,65
00899 features=801 size=26 p=2 tap=43 reset=false scheme=2 ops=2,2,0,2,0,2,3,0,2,2,3,0,3,2,0,3,3,3,0,2,3,2,3,0,3,3,3,2,0,0,0,0,3,0,2,2,3,0,3,3,3,0,2,2,0,2,3,2,2,0,0,2,3,2,0,3,0,0,0,2,2,0,0,2 ks=224,0,0,0,6,0,0,255,0,0,62,0,0,239,0,0,0,0,0,0,0,90,0,138,0,106,137,131,0,15,0,0,0,42,0,0,0,0,0,247,0,32,0,235,41,0,0,64,66,19,0,143,171,0,0,0,0,118,0,63,141,163,0,127
00900 features=715 size=20 p=5 tap=43 reset=false scheme=3 ops=2,2,2,3,3,3,0,0,1,1,3,0,3,2,0,3,3,3,0,2,3,2,3,0,3,0,3,2,0,0,0,0,3,0,2,2,3,0,3,3,3,0,2,2,0,2,3,2,2,0,0,2,3,2,2,3,2,0,0,0,3,0,0,2 ks=0,3,2,0,0,0,0,0,0,0,0,0,0,239,0,0,2,0,0,0,0,90,0,138,0,41,0,131,0,15,0,0,0,128,0,0,1,2,4,247,0,0,254,235,41,0,0,0,66,0,0,0,0,0,0,0,0,0,0,0,0,163,0,65
00901 features=580 size=8 p=5 tap=43 reset=false scheme=4 ops=2,2,2,3,3,3,0,0,0,0,3,0,3,3,1,3,3,3,0,2,3,2,3,3,3,3,2,2,3,2,2,2,3,3,0,3,3,2,3,3,3,3,2,3,2,2,2,2,2,2,2,2,3,2,2,3,2,3,0,2,2,0,0,2 ks=0,0,32,0,0,0,4,255,0,0,0,0,0,0,0,0,0,0,0,0,0,0,0,0,9,0,0,0,0,0,202,0,0,0,127,0,1,0,0,0,0,0,0,64,0,0,0,0,0,0,0,0,0,0,0,0,0,0,0,0,0,0,0,0
00902 features=684 size=5 p=10 tap=43 reset=false scheme=4 ops=2,2,0,2,0,2,3,0,0,2,3,0,3,2,2,2,3,3,3,2,3,2,3,2,3,3,3,2,3,2,2,2,3,0,3,2,3,0,3,3,3,0,2,2,3,3,3,3,3,0,0,2,3,2,0,3,0,0,0,2,2,0,0,2 ks=0,0,0,0,0,0,0,0,0,0,0,0,0,0,0,0,0,0,4,253,0,0,0,0,0,0,0,0,0,0,0,0,0,106,0,0,0,0,0,130,0,0,0,235,0,0,0,0,0,0,0,0,0,0,0,0,0,0,0,0,0,0,0,0
00903 features=624 size=21 p=1 tap=43 reset=false scheme=4 ops=2,3,1,1,3,2,3,3,0,3,2,3,3,2,3,3,3,3,0,2,3,2,1,2,3,3,3,2,0,0,0,0,3,0,2,2,3,0,3,3,3,0,2,2,0,2,3,2,2,0,0,2,0,2,0,3,0,0,0,2,2,0,2,2 ks=224,0,0,0,0,0,0,0,0,127,0,0,0,0,0,0,0,172,0,0,0,0,0,0,0,0,153,131,128,224,0,0,0,42,0,79,0,0,255,247,0,0,0,235,41,0,0,0,66,132,0,0,171,0,0,0,0,119,0,0,141,163,249,65
00904 features=746 size=24 p=1 tap=43 reset=false scheme=2 ops=2,2,0,1,0,2,3,0,1,1,3,1,3,2,0,3,3,3,0,2,3,2,1,0,3,3,3,2,0,0,0,0,3,3,2,2,3,0,3,3,3,0,2,2,0,2,3,2,2,0,2,2,3,2,0,3,0,0,1,2,2,0,0,2 ks=0,0,0,0,6,32,0,255,0,0,0,0,0,239,0,0,0,255,0,0,0,0,0,138,0,41,137,131,0,15,0,0,0,42,0,0,0,2,4,247,0,0,0,235,41,0,0,0,66,19,0,143,171,0,0,0,0,118,0,0,141,163,0,65
00905 features=506 size=16 p=2 tap=43 reset=false scheme=4 ops=2,2,1,2,2,2,3,3,2,2,3,1,3,2,3,2,3,3,3,3,3,2,3,1,3,3,3,2,1,2,1,1,3,3,2,2,3,2,3,3,3,2,2,2,3,2,3,3,2,2,1,2,3,2,1,3,2,1,3,2,2,3,3,2 ks=0,0,0,0,10,0,132,253,0,0,0,0,0,239,0,0,0,0,0,0,0,90,0,138,0,41,137,131,0,15,0,0,0,42,0,0,0,0,0,247,0,0,0,235,41,0,0,0,0,0,0,0,0,0,8,0,0,0,0,254,0,0,0,0
00906 features=731 size=6 p=1 tap=43 reset=false scheme=4 ops=2,0,0,2,0,2,3,0,1,1,3,1,3,2,1,3,1,3,0,2,3,2,1,2,3,3,3,2,0,0,0,0,3,0,2,2,3,0,3,3,3,0,2,2,0,2,3,2,2,0,0,2,0,2,0,3,0,0,0,2,2,0,2,2 ks=0,0,0,0,0,0,0,0,0,0,0,0,0,0,0,0,0,0,0,8,0,0,0,0,0,0,0,0,32,224,0,0,0,42,0,0,0,0,0,247,0,0,0,0,41,0,0,0,0,0,0,0,0,0,0,0,0,0,0,0,0,0,0,0
00907 features=848 size=27 p=2 tap=43 reset=false scheme=4 ops=2,2,0,2,0,2,3,0,1,1,3,1,3,2,0,3,3,3,0,2,3,2,3,0,3,0,3,2,0,0,0,0,3,0,3,2,3,0,3,3,3,0,2,2,0,0,0,0,0,3,0,2,3,2,0,3,0,0,0,2,2,3,0,2 ks=224,0,0,255,6,0,0,255,125,0,0,0,0,239,0,0,0,0,0,0,0,90,253,138,0,41,137,180,0,15,0,0,0,42,223,0,0,2,4,247,0,0,0,235,41,0,0,0,0,0,0,143,171,0,0,64,0,118,0,0,141,163,0,65
00908 features=802 size=24 p=2 tap=43 reset=false scheme=4 ops=2,2,0,2,0,2,3,0,2,2,3,0,3,2,0,3,3,3,0,3,3,2,3,0,3,3,3,2,0,0,0,0,3,0,2,2,3,0,3,3,3,0,2,2,0,2,3,2,2,0,0,2,3,2,0,3,0,0,0,2,2,2,0,2 ks=224,0,0,0,6,0,0,255,0,0,62,0,0,239,0,0,0,0,0,0,0,90,0,138,0,41,137,131,0,166,0,0,0,42,0,0,0,0,205,247,0,0,0,235,41,0,0,0,66,19,0,143,0,0,0,0,0,246,2,0,141,118,0,1
00909 features=845 size=23 p=2 tap=43 reset=false scheme=1 ops=2,2,0,2,0,2,3,0,2,2,1,0,3,2,0,3,3,3,0,2,3,2,3,0,0,3,3,2,0,0,0,0,3,0,2,2,3,0,3,3,3,0,2,2,0,2,3,2,2,0,0,1,3,2,0,3,0,0,0,2,2,0,0,2 ks=224,0,171,0,6,128,0,0,0,0,62,0,0,0,0,0,0,0,0,137,0,90,0,0,0,57,137,0,0,0,254,0,0,127,0,0,0,0,0,247,0,0,0,33,41,208,0,0,66,51,0,143,171,0,0,0,0,0,0,2,141,163,0,65
00910 features=763 size=26 p=2 tap=43 reset=false scheme=5 ops=2,2,0,2,0,2,3,0,1,1,3,1,3,2,0,2,3,3,0,2,3,2,3,0,3,3,3,2,0,0,0,0,3,0,2,2,3,2,3,3,3,0,2,2,0,0,0,0,0,3,0,2,3,2,0,3,0,0,0,2,2,0,0,2 ks=224,0,0,255,6,0,0,255,0,0,0,0,64,239,0,3,0,0,16,0,0,90,0,138,0,41,137,131,4,15,0,0,0,42,0,0,0,0,0,2,0,0,0,235,41,0,0,0,0,0,0,143,171,0,0,165,0,118,0,0,127,163,0,65
00911 features=754 size=21 p=2 tap=43 reset=false scheme=2 ops=2,2,0,2,0,2,3,0,1,1,3,1,3,2,0,3,3,3,0,2,3,2,3,0,3,3,3,2,3,0,0,0,3,0,2,2,3,0,3,3,3,0,2,2,0,2,2,2,2,2,2,2,3,2,0,3,0,0,0,3,2,0,0,3 ks=224,0,0,255,6,0,0,212,0,0,0,0,0,239,0,0,0,2,0,0,0,90,0,138,0,41,17,131,0,15,0,0,0,42,0,0,0,196,0,247,0,0,2,235,0,0,0,0,0,0,0,143,0,0,0,0,0,0,0,0,141,161,0,65
00912 features=768 size=24 p=2 tap=43 reset=false scheme=1 ops=2,0,0,2,0,2,3,0,2,0,3,3,3,2,0,3,3,3,0,2,3,2,3,0,3,3,3,2,0,0,0,0,3,0,2,2,3,0,3,3,3,0,2,2,3,0,0,0,0,3,0,2,3,2,0,3,0,0,0,2,2,0,0,2 ks=224,0,0,255,6,0,0,255,1,0,0,0,0,239,0,0,0,0,0,0,0,90,0,170,0,0,137,131,0,15,0,0,0,42,0,0,0,2,4,255,0,0,0,235,41,0,0,0,0,0,0,143,171,0,0,0,0,118,0,2,141,163,0,65
00913 features=700 size=6 p=10 tap=43 reset=true scheme=4 ops=3,3,1,1,3,3,3,3,3,3,3,3,3,3,3,3,3,3,3,3,3,3,3,3,3,3,3,3,3,3,3,3,3,1,3,1,3,0,3,0,3,0,1,1,1,3,1,3,1,1,0,3,3,1,1,3,3,1,3,1,3,3,3,3 ks=0,0,0,0,0,0,0,0,252,0,0,0,0,0,0,2,0,0,0,0,0,0,0,0,0,0,0,0,0,15,0,0,0,42,0,32,0,0,4,0,0,0,0,0,0,0,0,0,0,0,0,0,0,0,0,0,0,0,0,0,0,0,0,0
00914 features=565 size=6 p=10 tap=56 reset=false scheme=4 ops=2,2,0,1,3,2,1,0,1,1,3,1,3,2,1,1,0,3,0,2,3,2,0,0,1,0,1,2,1,0,1,1,3,2,1,3,3,3,3,1,3,3,3,3,1,2,1,2,2,1,0,2,3,2,0,3,0,0,0,2,1,1,0,2 ks=0,0,0,0,0,0,0,0,0,0,0,0,0,0,0,0,0,0,0,0,0,0,0,0,0,0,0,0,0,0,255,0,0,0,0,0,0,255,86,0,2,0,0,235,116,0,0,0,0,0,0,0,0,0,0,0,0,0,0,0,0,0,0,0
00915 features=806 size=7 p=2 tap=43 reset=true scheme=4 ops=2,2,2,3,3,3,0,0,0,0,3,2,3,2,3,3,3,3,0,2,3,2,1,3,0,3,3,3,3,3,3,3,3,0,3,3,3,2,3,3,3,3,3,1,1,1,1,1,3,1,1,2,3,2,2,3,3,3,3,2,3,2,3,0 ks=0,0,0,0,0,0,0,0,0,0,0,0,0,0,0,0,0,0,16,0,0,0,0,0,0,57,137,0,0,15,0,0,0,42,0,0,0,0,0,0,0,0,0,0,0,0,0,0,0,0,0,0,0,0,4,0,255,0,0,0,0,0,0,0
00916 features=613 size=13 p=2 tap=43 reset=false scheme=4 ops=2,2,1,2,3,3,3,3,3,0,3,0,3,3,3,3,3,3,3,3,3,2,3,0,3,3,3,2,0,0,0,0,3,0,2,2,3,0,3,3,3,1,2,2,0,2,3,2,2,0,0,2,3,2,0,3,0,0,0,2,2,0,0,2 ks=0,0,0,255,0,0,0,0,0,0,0,0,0,0,0,2,0,0,0,0,0,90,0,138,0,43,137,131,0,15,0,0,0,42,0,0,0,2,4,0,0,0,0,235,41,0,0,0,0,0,0,0,0,0,0,0,0,0,0,0,0,0,0,0
00917 features=338 size=8 p=5 tap=5 reset=false scheme=2 ops=3,1,3,1,3,1,0,1,1,1,3,1,3,1,1,3,3,3,3,1,3,3,1,3,1,3,3,3,3,1,1,1,3,3,1,1,3,1,3,3,3,1,1,1,1,1,1,3,1,1,3,1,3,3,3,3,1,1,1,1,3,1,3,1 ks=0,0,0,0,248,0,0,127,0,0,0,85,0,0,8,0,224,131,0,0,0,0,0,0,0,0,0,0,0,0,0,0,0,0,128,0,0,0,0,0,0,0,0,0,0,0,0,0,0,0,0,0,0,0,0,0,0,0,0,0,0,0,14,0
00918 features=744 size=25 p=2 tap=43 reset=false scheme=5 ops=0,2,0,2,0,2,3,0,2,2,3,2,3,2,3,3,3,3,0,2,3,2,3,0,3,3,3,2,0,3,0,0,3,0,2,2,3,0,3,3,3,0,2,2,0,2,3,2,2,0,0,2,3,2,0,3,0,0,2,2,2,0,0,2 ks=224,0,0,0,0,0,0,255,0,0,62,0,0,0,0,0,0,0,0,0,0,90,0,138,0,43,137,131,64,15,0,0,0,42,165,0,0,0,0,247,0,0,0,235,41,0,0,0,66,19,0,143,163,0,0,0,0,118,8,0,141,118,32,65
00919 features=725 size=24 p=1 tap=43 reset=false scheme=4 ops=1,2,0,2,0,2,3,0,1,1,3,1,3,2,0,3,3,3,0,2,3,2,3,3,3,3,3,2,0,0,0,0,3,0,2,2,3,3,3,3,3,0,2,2,0,2,3,0,0,3,0,2,1,2,0,3,0,0,3,2,2,0,0,2 ks=224,0,0,255,6,0,0,254,1,0,0,0,0,239,0,0,0,0,0,0,0,128,0,0,0,41,137,131,0,15,0,95,0,42,0,0,0,2,4,2,0,0,0,0,37,0,0,254,0,0,0,143,171,0,0,24,0,0,0,130,141,163,0,0
00920 features=718 size=23 p=2 tap=43 reset=false scheme=4 ops=2,2,0,2,0,2,3,0,1,1,3,1,3,2,0,1,3,3,0,2,3,2,1,0,3,3,3,2,0,0,0,0,3,0,2,3,3,3,3,3,3,0,2,2,0,0,3,2,2,0,0,2,3,2,0,3,0,0,1,2,2,0,0,2 ks=224,0,0,255,6,0,0,255,0,0,0,255,0,239,0,0,0,255,0,0,0,0,0,138,0,21,137,131,0,15,0,0,0,42,0,0,127,0,0,0,0,0,0,0,41,0,0,0,66,16,0,143,171,0,0,0,0,118,0,0,141,163,0,65
00921 features=669 size=19 p=2 tap=43 reset=false scheme=4 ops=2,2,0,0,0,3,0,0,2,2,3,0,3,2,0,3,3,3,0,2,3,2,3,2,3,3,3,2,0,0,1,1,3,3,1,1,3,1,3,3,3,0,2,2,3,0,0,0,0,3,0,2,3,2,0,3,0,0,0,2,2,0,0,2 ks=224,0,0,0,0,0,0,0,0,0,0,252,0,0,0,0,0,0,0,0,0,90,0,170,0,0,137,131,0,15,0,0,0,0,128,0,0,0,4,255,0,0,0,235,41,0,0,0,0,0,0,143,171,0,32,0,0,118,0,0,141,163,0,65
00922 features=493 size=9 p=5 tap=43 reset=false scheme=4 ops=0,1,2,3,3,3,0,1,0,0,3,2,3,2,3,3,3,3,3,2,3,2,3,2,1,3,3,2,2,2,2,2,3,3,3,3,3,2,3,3,3,2,2,3,2,2,2,2,2,2,2,2,3,2,2,3,3,3,3,2,3,0,3,3 ks=0,0,4,0,0,127,0,0,0,0,0,0,0,0,0,0,0,0,0,0,0,0,0,0,0,0,32,0,0,0,0,0,0,32,0,81,0,0,0,0,0,0,0,64,152,0,0,0,0,0,0,0,0,0,0,0,0,0,254,0,0,254,0,0
00923 features=801 size=25 p=2 tap=43 reset=false scheme=4 ops=2,2,0,2,0,2,3,0,2,2,3,0,3,2,0,3,3,3,0,2,3,2,3,0,3,3,3,2,0,0,0,0,3,0,2,2,3,0,3,3,3,2,2,2,0,2,3,2,2,0,0,2,3,2,0,3,0,0,0,2,2,0,0,2 ks=224,0,65,0,6,0,0,255,0,0,0,0,0,239,0,0,0,0,0,0,0,90,0,138,0,57,137,131,0,15,0,0,0,42,0,0,0,0,0,247,0,0,0,235,41,208,0,255,66,19,0,143,171,0,0,0,0,118,0,0,141,163,0,73
00924 features=777 size=19 p=2 tap=43 reset=false scheme=4 ops=2,2,0,0,0,3,0,0,2,2,3,0,3,2,0,3,3,3,0,2,3,2,3,0,3,3,3,2,0,0,0,0,3,0,2,2,3,0,3,3,3,0,2,2,3,0,0,0,0,3,0,2,3,2,0,3,0,0,0,2,2,0,0,2 ks=224,0,0,0,0,0,0,0,0,0,0,0,0,0,0,0,0,0,0,0,0,90,0,170,0,0,137,131,0,15,0,0,0,0,0,0,0,2,4,255,0,0,0,235,41,0,0,0,0,64,0,143,171,0,32,0,0,118,0,0,141,163,0,65
00925 features=872 size=5 p=2 tap=43 reset=true scheme=4 ops=2,2,2,2,2,2,3,2,2,2,3,1,3,2,2,2,3,3,3,2,3,2,3,1,3,3,3,2,3,3,3,2,3,2,2,2,3,3,3,3,3,2,2,2,3,2,3,2,2,3,2,2,3,2,2,3,3,2,2,2,2,2,2,2 ks=0,0,0,0,0,0,0,0,0,0,0,0,0,0,0,0,0,0,0,0,0,0,0,0,0,0,0,0,0,0,0,253,0,42,0,0,0,0,0,247,0,0,0,235,203,0,0,0,0,0,0,0,0,0,0,0,0,0,0,0,0,0,0,0
00926 features=778 size=27 p=1 tap=43 reset=false scheme=4 ops=2,2,0,2,0,2,1,0,1,1,3,1,3,2,1,1,3,3,0,2,3,2,1,0,0,0,1,2,1,0,1,1,3,0,1,1,3,0,3,3,3,0,2,1,1,2,1,2,2,1,0,2,3,2,0,3,0,0,0,3,1,1,0,2 ks=224,0,0,0,6,0,0,255,0,0,62,0,0,239,0,0,0,0,0,112,0,91,0,138,0,41,137,131,128,15,0,0,0,42,0,0,0,0,86,247,0,0,0,235,41,0,88,0,66,19,0,143,171,0,0,0,0,118,0,0,129,163,0,65
00927 features=983 size=5 p=2 tap=43 reset=true scheme=2 ops=2,2,2,3,3,3,0,0,0,0,3,2,3,2,3,0,3,3,3,2,3,2,3,2,3,3,3,2,0,0,0,2,2,2,2,2,3,2,3,3,3,3,2,3,2,2,2,2,2,2,2,2,3,3,2,3,3,3,3,2,3,2,3,2 ks=0,0,0,0,0,0,0,0,0,0,0,0,0,0,0,0,0,0,0,0,0,0,8,0,0,0,137,131,0,15,0,0,0,0,0,0,0,0,0,0,0,0,0,64,0,0,0,0,0,0,0,0,0,0,0,0,0,0,0,0,0,0,0,0
00928 features=800 size=23 p=2 tap=43 reset=false scheme=4 ops=2,2,0,2,0,2,3,0,2,2,3,0,3,2,0,3,3,2,0,2,3,2,3,0,3,3,3,2,0,0,0,0,3,0,2,2,3,0,3,3,3,0,2,2,0,2,3,2,2,0,0,2,3,2,0,3,0,0,0,2,2,0,1,2 ks=224,0,0,0,6,0,85,254,0,0,62,0,0,254,0,0,0,99,0,152,0,0,0,138,0,57,137,131,0,15,0,0,0,0,0,0,0,0,0,247,0,0,0,227,41,0,0,0,66,0,0,143,164,0,0,0,0,118,0,0,141,118,0,65
00929 features=293 size=2 p=10 tap=43 reset=false scheme=4 ops=3,3,1,1,3,3,3,3,3,3,3,3,3,3,3,3,3,3,3,3,3,3,3,0,0,3,3,3,3,0,2,3,3,2,3,0,3,0,3,0,3,0,3,1,1,3,1,3,1,1,0,3,3,1,1,3,3,0,3,1,3,3,3,3 ks=0,0,0,0,0,0,0,0,0,128,0,0,0,0,0,0,0,0,0,0,0,0,0,0,0,0,0,0,0,0,0,0,0,42,0,0,0,0,0,0,0,0,0,0,0,0,0,0,0,0,0,0,0,0,0,0,0,0,0,0,0,0,0,0
00930 features=764 size=18 p=5 tap=43 reset=false scheme=4 ops=2,0,0,2,0,2,3,0,1,1,3,1,3,2,1,3,3,3,0,2,3,2,1,2,3,3,3,2,0,0,0,0,3,0,0,2,3,0,3,3,3,0,2,2,0,2,3,2,2,0,0,2,0,2,0,3,0,0,0,2,2,0,2,2 ks=224,0,0,0,6,0,0,0,0,0,0,0,0,0,0,0,0,0,0,0,0,0,0,0,0,0,137,131,216,15,0,0,0,42,0,0,0,0,0,247,0,0,0,235,41,0,0,0,66,19,0,0,171,0,0,0,0,163,0,0,141,163,249,65
00931 features=792 size=26 p=2 tap=43 reset=false scheme=4 ops=2,2,0,2,0,2,3,0,1,1,3,1,0,2,0,3,3,3,0,2,3,2,1,0,3,3,3,2,0,0,0,0,3,0,2,2,3,0,3,3,3,0,2,2,0,2,3,1,2,0,2,2,3,2,0,3,0,0,1,2,2,0,0,2 ks=224,254,0,255,6,32,0,255,0,0,0,0,0,239,0,0,0,0,0,0,0,0,0,138,0,41,137,131,0,15,0,0,0,42,0,0,4,3,0,247,0,0,1,235,41,0,0,252,66,19,0,0,0,0,0,0,0,116,0,0,141,163,0,65
00932 features=580 size=2 p=5 tap=44 reset=false scheme=3 ops=3,0,0,2,0,2,3,0,1,1,3,1,3,2,1,3,3,3,0,2,3,2,3,0,0,3,3,3,3,2,3,3,3,3,3,3,3,2,3,3,3,3,1,3,2,2,3,2,2,0,0,2,0,1,0,3,0,0,0,3,0,0,0,3 ks=0,0,0,0,0,0,0,0,0,0,0,0,0,0,0,0,0,0,0,0,0,0,0,0,0,0,0,0,0,0,0,0,0,0,0,0,0,0,250,0,0,0,0,64,0,0,0,0,0,0,0,0,0,0,0,0,0,0,0,0,0,0,0,0
00933 features=742 size=9 p=5 tap=43 reset=false scheme=1 ops=2,2,0,2,0,2,3,0,2,2,3,0,3,2,0,3,3,3,0,1,3,2,3,0,3,3,3,2,0,3,0,0,3,0,2,2,3,0,3,3,3,0,2,2,0,2,0,2,1,0,0,2,3,2,0,3,0,0,0,2,2,0,0,2 ks=0,0,0,0,0,0,0,0,0,0,0,0,0,0,0,2,0,0,0,0,0,0,0,138,0,0,0,0,0,15,0,248,0,42,0,0,0,0,0,247,0,0,0,235,41,208,0,0,0,0,0,0,0,0,0,0,0,0,0,0,0,0,0,0
00934 features=907 size=12 p=2 tap=43 reset=true scheme=4 ops=3,3,3,3,3,3,2,2,0,3,3,3,3,2,0,3,3,3,3,3,3,3,3,3,3,3,3,3,3,0,3,3,3,3,3,2,3,0,3,3,3,0,2,2,0,2,3,2,2,0,0,2,3,0,3,3,3,3,3,2,3,2,3,3 ks=0,0,0,0,0,0,0,0,0,0,0,0,0,0,53,2,0,0,0,0,0,0,0,0,0,0,0,0,0,0,0,0,0,32,0,0,0,2,4,247,0,0,0,235,41,0,0,0,66,19,0,0,0,0,0,0,0,0,16,0,0,0,0,36
00935 features=846 size=28 p=10 tap=43 reset=false scheme=1 ops=2,2,0,2,0,2,3,0,2,2,3,0,3,2,0,3,3,3,0,0,3,2,3,0,0,3,3,2,0,0,0,0,3,0,2,2,3,0,3,3,3,0,2,2,0,0,3,2,2,0,0,0,3,2,0,3,3,3,3,2,2,0,0,2 ks=255,0,65,0,6,0,0,255,0,0,62,0,0,127,255,0,0,0,0,0,0,90,0,138,0,57,214,131,0,12,0,0,0,42,0,0,0,115,10,2,0,0,0,33,41,208,1,0,66,51,0,143,171,0,0,0,0,0,0,0,141,163,0,65
00936 features=851 size=2 p=2 tap=26 reset=false scheme=4 ops=2,2,0,2,0,2,0,0,2,2,3,0,3,2,0,3,3,3,0,3,3,2,2,0,3,3,3,2,0,1,0,0,3,0,2,2,3,0,3,3,3,0,2,2,0,2,3,2,2,0,0,2,3,2,0,3,0,0,0,2,2,2,0,2 ks=0,0,0,0,0,0,0,0,0,0,0,0,0,0,0,0,0,0,0,0,0,0,0,0,0,41,137,0,0,0,0,0,0,0,0,0,0,0,0,0,0,0,0,0,0,0,0,0,0,0,0,0,0,0,0,0,0,0,0,0,0,0,0,0
00937 features=654 size=15 p=1 tap=43 reset=false scheme=3 ops=2,1,1,2,1,2,3,3,1,1,3,1,3,2,1,3,3,3,1,2,3,2,1,2,3,3,3,2,2,2,3,1,3,1,2,2,3,1,3,3,3,3,2,2,3,2,3,1,2,2,2,2,3,2,2,3,1,1,3,2,1,1,3,2 ks=0,0,0,0,22,0,0,163,6,0,0,0,24,0,0,0,0,0,0,0,0,0,0,0,136,0,0,0,0,15,0,0,0,42,0,0,0,0,0,247,0,0,0,235,41,0,0,0,66,19,0,32,0,0,0,0,0,133,0,0,0,0,253,0
00938 features=736 size=8 p=2 tap=43 reset=false scheme=4 ops=2,2,0,2,0,3,3,0,1,1,3,1,3,2,0,1,3,3,0,2,3,2,1,3,3,3,3,3,3,3,3,3,3,1,3,2,3,0,3,3,3,0,2,2,0,0,3,2,2,0,0,2,3,2,0,3,0,0,1,2,2,0,0,2 ks=0,0,0,0,0,0,0,0,0,0,0,0,0,0,0,0,0,0,16,0,0,0,0,0,0,0,0,0,0,0,0,32,0,42,0,0,0,2,4,247,0,0,0,235,41,0,0,0,0,0,0,0,0,0,0,0,0,0,0,0,0,0,0,0
00939 features=595 size=10 p=2 tap=43 reset=false scheme=4 ops=2,2,1,2,3,2,3,2,2,2,3,1,3,2,1,3,3,3,2,3,3,2,3,3,3,3,3,2,2,1,1,3,3,1,2,2,3,1,3,3,3,3,2,2,3,2,3,2,2,2,1,2,3,2,2,3,1,1,1,2,2,2,3,2 ks=0,0,0,0,0,0,0,255,0,0,0,0,0,0,0,0,0,0,0,0,0,86,0,138,0,0,137,0,0,166,0,0,0,42,0,0,0,0,205,247,0,0,0,235,41,0,0,0,0,0,0,0,0,0,0,0,0,0,0,0,0,0,0,0
00940 features=914 size=26 p=2 tap=43 reset=true scheme=1 ops=2,2,0,2,0,2,3,0,2,2,3,0,3,2,0,3,3,3,0,3,3,2,3,0,0,3,0,3,3,1,0,0,3,0,2,2,3,0,3,1,3,0,2,2,0,2,3,2,2,0,0,2,3,2,0,3,0,0,0,2,2,0,0,2 ks=224,0,0,0,10,0,0,255,4,0,62,64,0,239,0,15,0,0,0,0,0,90,0,0,0,0,1,0,8,0,0,253,0,42,0,0,0,0,0,247,0,157,2,251,41,0,0,0,66,19,0,143,171,0,0,0,0,255,0,0,141,163,0,65
00941 features=968 size=16 p=2 tap=43 reset=true scheme=4 ops=2,2,0,2,0,2,3,0,2,2,3,0,3,2,0,3,3,3,3,3,3,2,3,0,3,3,3,2,0,0,0,0,3,0,2,2,3,0,3,3,3,0,2,2,0,2,3,2,2,0,0,2,3,2,0,3,0,0,0,2,2,0,0,2 ks=0,0,0,0,6,0,0,255,0,0,0,0,0,239,0,0,0,0,0,0,0,90,0,138,0,57,137,131,0,15,0,0,0,42,0,0,0,0,0,247,0,0,0,235,41,208,0,0,0,0,0,143,0,0,0,0,0,0,0,0,141,0,0,0
00942 features=757 size=20 p=1 tap=43 reset=false scheme=4 ops=2,2,3,2,0,2,3,0,1,1,3,1,3,2,0,0,3,3,0,2,3,2,3,0,3,3,3,2,0,0,0,2,3,0,3,2,3,0,3,3,3,2,2,2,0,0,0,0,0,3,0,2,3,2,0,3,0,0,3,2,2,0,0,2 ks=255,0,0,255,0,0,0,255,253,0,0,0,0,239,0,3,0,0,0,0,0,94,0,138,0,162,137,131,0,15,0,0,0,42,1,0,0,0,4,2,0,0,0,235,41,0,0,0,0,0,0,0,0,252,0,0,0,0,0,130,0,0,0,0
00943 features=693 size=9 p=10 tap=43 reset=false scheme=4 ops=2,1,0,2,0,2,3,0,2,2,3,0,3,1,2,2,3,3,3,2,3,2,3,3,2,3,3,2,0,0,0,0,3,0,2,2,3,0,3,3,3,0,2,2,0,2,3,2,2,0,0,2,3,0,0,3,0,0,0,2,2,0,0,2 ks=0,0,0,0,0,0,0,0,0,0,0,0,0,0,0,0,0,0,0,253,0,0,0,0,0,0,0,131,0,15,0,0,0,42,0,0,0,126,0,247,0,0,128,235,41,0,0,0,0,0,0,0,0,0,0,0,0,0,0,0,0,0,0,0
00944 features=624 size=7 p=10 tap=43 reset=false scheme=4 ops=2,1,0,2,0,2,3,0,2,2,3,0,3,3,3,3,3,3,3,2,3,2,3,2,3,3,3,2,3,2,2,2,3,1,3,3,2,3,3,1,3,0,2,2,0,2,3,2,2,0,0,2,3,2,0,3,0,0,0,2,2,0,0,2 ks=0,0,0,0,0,0,0,0,0,0,0,0,0,0,0,0,0,4,0,0,0,0,0,0,0,0,0,0,0,0,0,0,0,42,0,0,0,0,124,0,2,0,128,235,41,0,0,0,0,0,0,0,0,0,0,0,0,0,0,0,0,0,0,0
00945 features=696 size=18 p=5 tap=43 reset=false scheme=4 ops=2,0,0,2,0,2,3,0,1,1,3,1,3,2,1,1,3,3,0,2,3,2,1,3,0,3,3,3,3,3,3,3,3,0,3,3,3,0,3,3,3,0,2,2,3,2,3,3,3,2,2,3,3,2,2,2,0,3,0,2,2,0,0,2 ks=0,0,0,0,6,0,0,0,0,0,58,0,0,213,0,0,0,0,0,0,0,0,0,0,0,57,137,0,0,15,0,0,0,42,0,0,0,0,0,247,0,0,128,235,41,0,0,0,70,0,0,0,4,0,0,0,0,118,0,0,141,163,249,65
