kernel,loc,width,value,t_def,t_last
linebuf,L40.w0,32,3639700191,115416,128000
linebuf,L40.w1,32,3445702192,115576,128000
linebuf,L40.w2,32,3280387012,115736,128000
linebuf,L40.w3,32,271041745,115896,128000
linebuf,L40.w4,32,1095513148,116056,128000
linebuf,L40.w5,32,506456969,116216,128000
linebuf,L40.w6,32,2127877499,116376,128000
linebuf,L40.w7,32,3268308804,116536,128000
linebuf,L40.w8,32,1930549411,116696,128000
linebuf,L40.w9,32,2028277857,116856,128000
linebuf,L40.w10,32,2798570523,117016,128000
linebuf,L40.w11,32,1630434966,117176,128000
linebuf,L41.w0,32,3387541014,117336,131200
linebuf,L41.w1,32,901749037,117496,131200
linebuf,L41.w2,32,403123852,117656,131200
linebuf,L41.w3,32,2095328386,117816,131200
linebuf,L41.w4,32,121751464,117976,131200
linebuf,L41.w5,32,3836767462,118136,131200
linebuf,L41.w6,32,3589583794,118296,131200
linebuf,L41.w7,32,1674216077,118456,131200
linebuf,L41.w8,32,1858720390,118616,131200
linebuf,L41.w9,32,2608926326,118776,131200
linebuf,L41.w10,32,3273968005,118936,131200
linebuf,L41.w11,32,3294916953,119096,131200
linebuf,L42.w0,32,9045414,119256,134400
linebuf,L42.w1,32,2988579416,119416,134400
linebuf,L42.w2,32,1912923437,119576,134400
linebuf,L42.w3,32,1143881027,119736,134400
linebuf,L42.w4,32,3098990846,119896,134400
linebuf,L42.w5,32,3443818037,120056,134400
linebuf,L42.w6,32,982526257,120216,134400
linebuf,L42.w7,32,2538984641,120376,134400
linebuf,L42.w8,32,4059906722,120536,134400
linebuf,L42.w9,32,439062303,120696,134400
linebuf,L42.w10,32,3871601465,120856,134400
linebuf,L42.w11,32,1363349907,121016,134400
linebuf,L43.w0,32,109289145,126054,137600
linebuf,L43.w1,32,2789779421,126214,137600
linebuf,L43.w2,32,2325348894,126374,137600
linebuf,L43.w3,32,39534911,126534,137600
linebuf,L43.w4,32,4033614922,126694,137600
linebuf,L43.w5,32,3784870617,126854,137600
linebuf,L43.w6,32,1637259727,127014,137600
linebuf,L43.w7,32,2948425721,127174,137600
linebuf,L43.w8,32,930287327,127334,137600
linebuf,L43.w9,32,4161997890,127494,137600
linebuf,L43.w10,32,1812976885,127654,137600
linebuf,L43.w11,32,3117513184,127814,137600
linebuf,L44.w0,32,124729223,127974,140800
linebuf,L44.w1,32,2266151100,128134,140800
linebuf,L44.w2,32,952158461,128294,140800
linebuf,L44.w3,32,3280070799,128454,140800
linebuf,L44.w4,32,1880712864,128614,140800
linebuf,L44.w5,32,4033691631,128774,140800
linebuf,L44.w6,32,2129497364,128934,140800
linebuf,L44.w7,32,2374513802,129094,140800
linebuf,L44.w8,32,1001090105,129254,140800
linebuf,L44.w9,32,1484771968,129414,140800
linebuf,L44.w10,32,991564255,129574,140800
linebuf,L44.w11,32,2907042365,129734,140800
linebuf,L45.w0,32,939657385,129894,144000
linebuf,L45.w1,32,3268245658,130054,144000
linebuf,L45.w2,32,1973981844,130214,144000
linebuf,L45.w3,32,4089858807,130374,144000
linebuf,L45.w4,32,1244602538,130534,144000
linebuf,L45.w5,32,3979315673,130694,144000
linebuf,L45.w6,32,92297589,130854,144000
linebuf,L45.w7,32,1787479226,131014,144000
linebuf,L45.w8,32,3597370014,131174,144000
linebuf,L45.w9,32,3935348976,131334,144000
linebuf,L45.w10,32,2389953095,131494,144000
linebuf,L45.w11,32,3960769716,131654,144000
linebuf,L46.w0,32,798461319,134534,147200
linebuf,L46.w1,32,2703050138,134694,147200
linebuf,L46.w2,32,4262941488,134854,147200
linebuf,L46.w3,32,3108005869,135014,147200
linebuf,L46.w4,32,3693442237,135174,147200
linebuf,L46.w5,32,1272987056,135334,147200
linebuf,L46.w6,32,519218416,135494,147200
linebuf,L46.w7,32,3191790602,135654,147200
linebuf,L46.w8,32,1428914934,135814,147200
linebuf,L46.w9,32,3846467028,135974,147200
linebuf,L46.w10,32,3098751912,136134,147200
linebuf,L46.w11,32,4180086606,136294,147200
linebuf,L47.w0,32,3054545399,136454,150400
linebuf,L47.w1,32,2150918326,136614,150400
linebuf,L47.w2,32,4021981692,136774,150400
linebuf,L47.w3,32,4154136494,136934,150400
linebuf,L47.w4,32,1812935769,137094,150400
linebuf,L47.w5,32,2180628982,137254,150400
linebuf,L47.w6,32,3564976141,137414,150400
linebuf,L47.w7,32,3909215068,137574,150400
linebuf,L47.w8,32,2878940490,137734,150400
linebuf,L47.w9,32,815398389,137894,150400
linebuf,L47.w10,32,1302957853,138054,150400
linebuf,L47.w11,32,1220455187,138214,150400
linebuf,L48.w0,32,2523639457,138374,153600
linebuf,L48.w1,32,4180941928,138534,153600
linebuf,L48.w2,32,3790218436,138694,153600
linebuf,L48.w3,32,2144743702,138854,153600
linebuf,L48.w4,32,3634390239,139014,153600
linebuf,L48.w5,32,4041192613,139174,153600
linebuf,L48.w6,32,2170177477,139334,153600
linebuf,L48.w7,32,1689440956,139494,153600
linebuf,L48.w8,32,2529745433,139654,153600
linebuf,L48.w9,32,3664843848,139814,153600
linebuf,L48.w10,32,148287319,139974,153600
linebuf,L48.w11,32,2062559164,140134,153600
linebuf,L49.w0,32,3424825176,143132,156800
linebuf,L49.w1,32,1736404157,143292,156800
linebuf,L49.w2,32,1779465077,143452,156800
linebuf,L49.w3,32,2855051695,143612,156800
linebuf,L49.w4,32,743061144,143772,156800
linebuf,L49.w5,32,1576784849,143932,156800
linebuf,L49.w6,32,2357072719,144092,156800
linebuf,L49.w7,32,3791305175,144252,156800
linebuf,L49.w8,32,3019537063,144412,156800
linebuf,L49.w9,32,3332197336,144572,156800
linebuf,L49.w10,32,2896894571,144732,156800
linebuf,L49.w11,32,3170611280,144892,156800
linebuf,L50.w0,32,1609337231,145052,160000
linebuf,L50.w1,32,371375481,145212,160000
linebuf,L50.w2,32,1885325846,145372,160000
linebuf,L50.w3,32,2850818054,145532,160000
linebuf,L50.w4,32,2183675157,145692,160000
linebuf,L50.w5,32,463561237,145852,160000
linebuf,L50.w6,32,3343385571,146012,160000
linebuf,L50.w7,32,703078820,146172,160000
linebuf,L50.w8,32,2237413444,146332,160000
linebuf,L50.w9,32,3607564414,146492,160000
linebuf,L50.w10,32,1689017785,146652,160000
linebuf,L50.w11,32,1591382744,146812,160000
linebuf,L51.w0,32,2103217660,146972,163200
linebuf,L51.w1,32,3147205187,147132,163200
linebuf,L51.w2,32,127023494,147292,163200
linebuf,L51.w3,32,2015714664,147452,163200
linebuf,L51.w4,32,186776492,147612,163200
linebuf,L51.w5,32,1325123798,147772,163200
linebuf,L51.w6,32,3021003068,147932,163200
linebuf,L51.w7,32,3643427490,148092,163200
linebuf,L51.w8,32,4222759099,148252,163200
linebuf,L51.w9,32,2640591909,148412,163200
linebuf,L51.w10,32,2547704717,148572,163200
linebuf,L51.w11,32,2483246605,148732,163200
linebuf,L52.w0,32,731644238,151612,166400
linebuf,L52.w1,32,724106992,151772,166400
linebuf,L52.w2,32,2157098196,151932,166400
linebuf,L52.w3,32,974688455,152092,166400
linebuf,L52.w4,32,4217987067,152252,166400
linebuf,L52.w5,32,52834893,152412,166400
linebuf,L52.w6,32,3309371709,152572,166400
linebuf,L52.w7,32,856916273,152732,166400
linebuf,L52.w8,32,2317639275,152892,166400
linebuf,L52.w9,32,3951741134,153052,166400
linebuf,L52.w10,32,3694916452,153212,166400
linebuf,L52.w11,32,2355095800,153372,166400
linebuf,L53.w0,32,997188871,153532,169600
linebuf,L53.w1,32,1737120419,153692,169600
linebuf,L53.w2,32,2206632489,153852,169600
linebuf,L53.w3,32,1476720930,154012,169600
linebuf,L53.w4,32,4090816273,154172,169600
linebuf,L53.w5,32,3639817240,154332,169600
linebuf,L53.w6,32,2481609806,154492,169600
linebuf,L53.w7,32,1517300986,154652,169600
linebuf,L53.w8,32,1971955755,154812,169600
linebuf,L53.w9,32,3907368033,154972,169600
linebuf,L53.w10,32,1156546539,155132,169600
linebuf,L53.w11,32,2831306050,155292,169600
linebuf,L54.w0,32,2353626216,155452,172800
linebuf,L54.w1,32,2615398091,155612,172800
linebuf,L54.w2,32,4110783109,155772,172800
linebuf,L54.w3,32,3132749951,155932,172800
linebuf,L54.w4,32,24520513,156092,172800
linebuf,L54.w5,32,1647934407,156252,172800
linebuf,L54.w6,32,3365773595,156412,172800
linebuf,L54.w7,32,3680568455,156572,172800
linebuf,L54.w8,32,3523960153,156732,172800
linebuf,L54.w9,32,4100174647,156892,172800
linebuf,L54.w10,32,3806112311,157052,172800
linebuf,L54.w11,32,4030651559,157212,172800
linebuf,L55.w0,32,3475229416,160092,176000
linebuf,L55.w1,32,555122063,160252,176000
linebuf,L55.w2,32,2227706265,160412,176000
linebuf,L55.w3,32,3338895465,160572,176000
linebuf,L55.w4,32,2411013676,160732,176000
linebuf,L55.w5,32,882552464,160892,176000
linebuf,L55.w6,32,1830045531,161052,176000
linebuf,L55.w7,32,4079013207,161212,176000
linebuf,L55.w8,32,241047738,161372,176000
linebuf,L55.w9,32,2066316555,161532,176000
linebuf,L55.w10,32,3736665164,161692,176000
linebuf,L55.w11,32,1566529388,161852,176000
linebuf,L56.w0,32,2448128506,162012,179200
linebuf,L56.w1,32,2381134998,162172,179200
linebuf,L56.w2,32,858303752,162332,179200
linebuf,L56.w3,32,4041622260,162492,179200
linebuf,L56.w4,32,2167757907,162652,179200
linebuf,L56.w5,32,1775539677,162812,179200
linebuf,L56.w6,32,2082737481,162972,179200
linebuf,L56.w7,32,3493318143,163132,179200
linebuf,L56.w8,32,1532401219,163292,179200
linebuf,L56.w9,32,1779939759,163452,179200
linebuf,L56.w10,32,1486393352,163612,179200
linebuf,L56.w11,32,6806440,163772,179200
linebuf,L57.w0,32,2312748802,163932,182400
linebuf,L57.w1,32,2319752894,164092,182400
linebuf,L57.w2,32,2677866793,164252,182400
linebuf,L57.w3,32,3377752899,164412,182400
linebuf,L57.w4,32,2630463310,164572,182400
linebuf,L57.w5,32,1422224538,164732,182400
linebuf,L57.w6,32,1967725507,164892,182400
linebuf,L57.w7,32,2576358404,165052,182400
linebuf,L57.w8,32,120151618,165212,182400
linebuf,L57.w9,32,3455599620,165372,182400
linebuf,L57.w10,32,986146092,165532,182400
linebuf,L57.w11,32,2728898079,165692,182400
linebuf,L58.w0,32,2510240337,172587,185600
linebuf,L58.w1,32,776461326,172747,185600
linebuf,L58.w2,32,3698004907,172907,185600
linebuf,L58.w3,32,393425036,173067,185600
linebuf,L58.w4,32,3429269143,173227,185600
linebuf,L58.w5,32,2366652115,173387,185600
linebuf,L58.w6,32,3423507950,173547,185600
linebuf,L58.w7,32,3656194019,173707,185600
linebuf,L58.w8,32,3506571797,173867,185600
linebuf,L58.w9,32,3998399926,174027,185600
linebuf,L58.w10,32,1096479553,174187,185600
linebuf,L58.w11,32,139410902,174347,185600
linebuf,L59.w0,32,3615266496,174507,188800
linebuf,L59.w1,32,4052603374,174667,188800
linebuf,L59.w2,32,2891000577,174827,188800
linebuf,L59.w3,32,302595366,174987,188800
linebuf,L59.w4,32,357487890,175147,188800
linebuf,L59.w5,32,3728367029,175307,188800
linebuf,L59.w6,32,71685718,175467,188800
linebuf,L59.w7,32,1945614990,175627,188800
linebuf,L59.w8,32,62534619,175787,188800
linebuf,L59.w9,32,3239029312,175947,188800
linebuf,L59.w10,32,3245220484,176107,188800
linebuf,L59.w11,32,1207730538,176267,188800
linebuf,L60.w0,32,1071848707,176427,192000
linebuf,L60.w1,32,1153807478,176587,192000
linebuf,L60.w2,32,470250062,176747,192000
linebuf,L60.w3,32,3424324670,176907,192000
linebuf,L60.w4,32,2683504527,177067,192000
linebuf,L60.w5,32,792894693,177227,192000
linebuf,L60.w6,32,1479284937,177387,192000
linebuf,L60.w7,32,1246761692,177547,192000
linebuf,L60.w8,32,298566280,177707,192000
linebuf,L60.w9,32,719279514,177867,192000
linebuf,L60.w10,32,685586411,178027,192000
linebuf,L60.w11,32,1096144879,178187,192000
linebuf,L61.w0,32,722177042,181067,195200
linebuf,L61.w1,32,2820318218,181227,195200
linebuf,L61.w2,32,1172158589,181387,195200
linebuf,L61.w3,32,2784009827,181547,195200
linebuf,L61.w4,32,3056255486,181707,195200
linebuf,L61.w5,32,1264836847,181867,195200
linebuf,L61.w6,32,1952928634,182027,195200
linebuf,L61.w7,32,3017753764,182187,195200
linebuf,L61.w8,32,1382987043,182347,195200
linebuf,L61.w9,32,2132424030,182507,195200
linebuf,L61.w10,32,2034831019,182667,195200
linebuf,L61.w11,32,490445119,182827,195200
linebuf,L62.w0,32,101509731,182987,198400
linebuf,L62.w1,32,1340050970,183147,198400
linebuf,L62.w2,32,1660250124,183307,198400
linebuf,L62.w3,32,1474644684,183467,198400
linebuf,L62.w4,32,1807831941,183627,198400
linebuf,L62.w5,32,3419665888,183787,198400
linebuf,L62.w6,32,807622668,183947,198400
linebuf,L62.w7,32,1109909025,184107,198400
linebuf,L62.w8,32,467127923,184267,198400
linebuf,L62.w9,32,1088594442,184427,198400
linebuf,L62.w10,32,3864691017,184587,198400
linebuf,L62.w11,32,3135979941,184747,198400
linebuf,L63.w0,32,2190931434,184907,201600
linebuf,L63.w1,32,4195058968,185067,201600
linebuf,L63.w2,32,898038951,185227,201600
linebuf,L63.w3,32,4147063736,185387,201600
linebuf,L63.w4,32,2601241110,185547,201600
linebuf,L63.w5,32,1853946440,185707,201600
linebuf,L63.w6,32,3509158628,185867,201600
linebuf,L63.w7,32,4189970085,186027,201600
linebuf,L63.w8,32,89413096,186187,201600
linebuf,L63.w9,32,967974037,186347,201600
linebuf,L63.w10,32,76727541,186507,201600
linebuf,L63.w11,32,1706456525,186667,201600
linebuf,L64.w0,32,3087374825,192095,204800
linebuf,L64.w1,32,4122710408,192255,204800
linebuf,L64.w2,32,688172268,192415,204800
linebuf,L64.w3,32,1914131695,192575,204800
linebuf,L64.w4,32,3026258124,192735,204800
linebuf,L64.w5,32,2174581927,192895,204800
linebuf,L64.w6,32,2912742878,193055,204800
linebuf,L64.w7,32,1832512323,193215,204800
linebuf,L64.w8,32,2339477965,193375,204800
linebuf,L64.w9,32,3574464663,193535,204800
linebuf,L64.w10,32,947468699,193695,204800
linebuf,L64.w11,32,4196080625,193855,204800
linebuf,L65.w0,32,4190146543,194015,208000
linebuf,L65.w1,32,2709144384,194175,208000
linebuf,L65.w2,32,3426571526,194335,208000
linebuf,L65.w3,32,2985220863,194495,208000
linebuf,L65.w4,32,2218778023,194655,208000
linebuf,L65.w5,32,1936364666,194815,208000
linebuf,L65.w6,32,958618560,194975,208000
linebuf,L65.w7,32,2250113772,195135,208000
linebuf,L65.w8,32,2785313879,195295,208000
linebuf,L65.w9,32,131856676,195455,208000
linebuf,L65.w10,32,1696074045,195615,208000
linebuf,L65.w11,32,2898684503,195775,208000
linebuf,L66.w0,32,2473239564,195935,211200
linebuf,L66.w1,32,3450514499,196095,211200
linebuf,L66.w2,32,1379740244,196255,211200
linebuf,L66.w3,32,2833922039,196415,211200
linebuf,L66.w4,32,2709900430,196575,211200
linebuf,L66.w5,32,1830941901,196735,211200
linebuf,L66.w6,32,252480137,196895,211200
linebuf,L66.w7,32,3167329000,197055,211200
linebuf,L66.w8,32,1282502805,197215,211200
linebuf,L66.w9,32,539805736,197375,211200
linebuf,L66.w10,32,4157113076,197535,211200
linebuf,L66.w11,32,911098687,197695,211200
linebuf,L67.w0,32,1315920532,200575,214400
linebuf,L67.w1,32,303769600,200735,214400
linebuf,L67.w2,32,3687291312,200895,214400
linebuf,L67.w3,32,328333753,201055,214400
linebuf,L67.w4,32,1333001620,201215,214400
linebuf,L67.w5,32,3939242254,201375,214400
linebuf,L67.w6,32,4034213118,201535,214400
linebuf,L67.w7,32,1279384000,201695,214400
linebuf,L67.w8,32,3194777577,201855,214400
linebuf,L67.w9,32,679495568,202015,214400
linebuf,L67.w10,32,1787446255,202175,214400
linebuf,L67.w11,32,2426401943,202335,214400
linebuf,L68.w0,32,1083869816,202495,217600
linebuf,L68.w1,32,560025634,202655,217600
linebuf,L68.w2,32,36422432,202815,217600
linebuf,L68.w3,32,2408262531,202975,217600
linebuf,L68.w4,32,3774064623,203135,217600
linebuf,L68.w5,32,3652984215,203295,217600
linebuf,L68.w6,32,162850258,203455,217600
linebuf,L68.w7,32,2536538838,203615,217600
linebuf,L68.w8,32,3519356806,203775,217600
linebuf,L68.w9,32,934543371,203935,217600
linebuf,L68.w10,32,4132622344,204095,217600
linebuf,L68.w11,32,3868962345,204255,217600
linebuf,L69.w0,32,2449336412,204415,220800
linebuf,L69.w1,32,1979346392,204575,220800
linebuf,L69.w2,32,736660294,204735,220800
linebuf,L69.w3,32,3555859916,204895,220800
linebuf,L69.w4,32,3727091285,205055,220800
linebuf,L69.w5,32,3736133734,205215,220800
linebuf,L69.w6,32,4182332776,205375,220800
linebuf,L69.w7,32,3350148646,205535,220800
linebuf,L69.w8,32,3023756367,205695,220800
linebuf,L69.w9,32,2675604911,205855,220800
linebuf,L69.w10,32,2185596104,206015,220800
linebuf,L69.w11,32,160732174,206175,220800
linebuf,L70.w0,32,1490056820,209055,224000
linebuf,L70.w1,32,425310703,209215,224000
linebuf,L70.w2,32,883740024,209375,224000
linebuf,L70.w3,32,2462659965,209535,224000
linebuf,L70.w4,32,2895465141,209695,224000
linebuf,L70.w5,32,3850720559,209855,224000
linebuf,L70.w6,32,1859506623,210015,224000
linebuf,L70.w7,32,2540083660,210175,224000
linebuf,L70.w8,32,833733246,210335,224000
linebuf,L70.w9,32,2114630381,210495,224000
linebuf,L70.w10,32,448498595,210655,224000
linebuf,L70.w11,32,4028481321,210815,224000
linebuf,L71.w0,32,2860265803,210975,227200
linebuf,L71.w1,32,1675297276,211135,227200
linebuf,L71.w2,32,1271622434,211295,227200
linebuf,L71.w3,32,2165124656,211455,227200
linebuf,L71.w4,32,2146624321,211615,227200
linebuf,L71.w5,32,73874293,211775,227200
linebuf,L71.w6,32,1397348936,211935,227200
linebuf,L71.w7,32,2629071269,212095,227200
linebuf,L71.w8,32,3743585872,212255,227200
linebuf,L71.w9,32,1727971462,212415,227200
linebuf,L71.w10,32,3864088757,212575,227200
linebuf,L71.w11,32,1208396417,212735,227200
linebuf,L72.w0,32,77708772,212895,230400
linebuf,L72.w1,32,674160828,213055,230400
linebuf,L72.w2,32,862657093,213215,230400
linebuf,L72.w3,32,3683092269,213375,230400
linebuf,L72.w4,32,1407635603,213535,230400
linebuf,L72.w5,32,3483815742,213695,230400
linebuf,L72.w6,32,4239346266,213855,230400
linebuf,L72.w7,32,2419529160,214015,230400
linebuf,L72.w8,32,3361672518,214175,230400
linebuf,L72.w9,32,580435377,214335,230400
linebuf,L72.w10,32,1456404716,214495,230400
linebuf,L72.w11,32,1843573563,214655,230400
linebuf,L73.w0,32,2896762489,220229,233600
linebuf,L73.w1,32,414056766,220389,233600
linebuf,L73.w2,32,3597898710,220549,233600
linebuf,L73.w3,32,1628796354,220709,233600
linebuf,L73.w4,32,4003714693,220869,233600
linebuf,L73.w5,32,2352037997,221029,233600
linebuf,L73.w6,32,1476823709,221189,233600
linebuf,L73.w7,32,3927509802,221349,233600
linebuf,L73.w8,32,3789849943,221509,233600
linebuf,L73.w9,32,3597862969,221669,233600
linebuf,L73.w10,32,2951115766,221829,233600
linebuf,L73.w11,32,2294930058,221989,233600
linebuf,L74.w0,32,2080906167,222149,236800
linebuf,L74.w1,32,3298325190,222309,236800
linebuf,L74.w2,32,4232725630,222469,236800
linebuf,L74.w3,32,2287157766,222629,236800
linebuf,L74.w4,32,1007773001,222789,236800
linebuf,L74.w5,32,280559138,222949,236800
linebuf,L74.w6,32,3115849269,223109,236800
linebuf,L74.w7,32,173518645,223269,236800
linebuf,L74.w8,32,363698845,223429,236800
linebuf,L74.w9,32,571303723,223589,236800
linebuf,L74.w10,32,728830787,223749,236800
linebuf,L74.w11,32,715337739,223909,236800
linebuf,L75.w0,32,3912662745,224069,240000
linebuf,L75.w1,32,2311588941,224229,240000
linebuf,L75.w2,32,914691435,224389,240000
linebuf,L75.w3,32,1151093922,224549,240000
linebuf,L75.w4,32,3260379189,224709,240000
linebuf,L75.w5,32,1426931933,224869,240000
linebuf,L75.w6,32,2577877284,225029,240000
linebuf,L75.w7,32,2172774477,225189,240000
linebuf,L75.w8,32,3612635264,225349,240000
linebuf,L75.w9,32,1096467456,225509,240000
linebuf,L75.w10,32,1581011820,225669,240000
linebuf,L75.w11,32,1455356473,225829,240000
linebuf,L76.w0,32,1250760152,228709,243200
linebuf,L76.w1,32,1010131246,228869,243200
linebuf,L76.w2,32,3725539751,229029,243200
linebuf,L76.w3,32,4054427224,229189,243200
linebuf,L76.w4,32,2594085196,229349,243200
linebuf,L76.w5,32,3348098117,229509,243200
linebuf,L76.w6,32,4098719296,229669,243200
linebuf,L76.w7,32,3071368194,229829,243200
linebuf,L76.w8,32,3810774612,229989,243200
linebuf,L76.w9,32,2099349203,230149,243200
linebuf,L76.w10,32,581306559,230309,243200
linebuf,L76.w11,32,2490896600,230469,243200
linebuf,L77.w0,32,2367259167,230629,246400
linebuf,L77.w1,32,3308212158,230789,246400
linebuf,L77.w2,32,447857711,230949,246400
linebuf,L77.w3,32,1377507497,231109,246400
linebuf,L77.w4,32,168095560,231269,246400
linebuf,L77.w5,32,1746329094,231429,246400
linebuf,L77.w6,32,314363339,231589,246400
linebuf,L77.w7,32,1633076447,231749,246400
linebuf,L77.w8,32,3720164751,231909,246400
linebuf,L77.w9,32,4257314923,232069,246400
linebuf,L77.w10,32,3384934383,232229,246400
linebuf,L77.w11,32,632770586,232389,246400
linebuf,L78.w0,32,3558406063,232549,249600
linebuf,L78.w1,32,536945008,232709,249600
linebuf,L78.w2,32,1464143461,232869,249600
linebuf,L78.w3,32,492587045,233029,249600
linebuf,L78.w4,32,2642203894,233189,249600
linebuf,L78.w5,32,2522897813,233349,249600
linebuf,L78.w6,32,3358250377,233509,249600
linebuf,L78.w7,32,3977850275,233669,249600
linebuf,L78.w8,32,1623667860,233829,249600
linebuf,L78.w9,32,329216272,233989,249600
linebuf,L78.w10,32,2451487974,234149,249600
linebuf,L78.w11,32,2363412085,234309,249600
linebuf,L79.w0,32,351084617,239322,252800
linebuf,L79.w1,32,4089866417,239482,252800
linebuf,L79.w2,32,1145569328,239642,252800
linebuf,L79.w3,32,1567198347,239802,252800
linebuf,L79.w4,32,3825819984,239962,252800
linebuf,L79.w5,32,1269388787,240122,252800
linebuf,L79.w6,32,2424280681,240282,252800
linebuf,L79.w7,32,2294776054,240442,252800
linebuf,L79.w8,32,3973133406,240602,252800
linebuf,L79.w9,32,490983935,240762,252800
linebuf,L79.w10,32,1966103991,240922,252800
linebuf,L79.w11,32,3851552371,241082,252800
linebuf,L80.w0,32,1190490919,241242,256000
linebuf,L80.w1,32,462699772,241402,256000
linebuf,L80.w2,32,3380202246,241562,256000
linebuf,L80.w3,32,196502184,241722,256000
linebuf,L80.w4,32,3555237170,241882,256000
linebuf,L80.w5,32,1270184796,242042,256000
linebuf,L80.w6,32,53179176,242202,256000
linebuf,L80.w7,32,2635722309,242362,256000
linebuf,L80.w8,32,2879396074,242522,256000
linebuf,L80.w9,32,62483857,242682,256000
linebuf,L80.w10,32,393776021,242842,256000
linebuf,L80.w11,32,1776116883,243002,256000
linebuf,L81.w0,32,494361468,243162,259200
linebuf,L81.w1,32,3548158305,243322,259200
linebuf,L81.w2,32,3801304049,243482,259200
linebuf,L81.w3,32,3392501096,243642,259200
linebuf,L81.w4,32,171899776,243802,259200
linebuf,L81.w5,32,807119240,243962,259200
linebuf,L81.w6,32,1029217451,244122,259200
linebuf,L81.w7,32,3373748899,244282,259200
linebuf,L81.w8,32,4244108445,244442,259200
linebuf,L81.w9,32,2520256214,244602,259200
linebuf,L81.w10,32,1808239605,244762,259200
linebuf,L81.w11,32,695869911,244922,259200
linebuf,L82.w0,32,718906378,250004,262400
linebuf,L82.w1,32,2924400459,250164,262400
linebuf,L82.w2,32,1036892246,250324,262400
linebuf,L82.w3,32,682662547,250484,262400
linebuf,L82.w4,32,3195483208,250644,262400
linebuf,L82.w5,32,3629328566,250804,262400
linebuf,L82.w6,32,441669301,250964,262400
linebuf,L82.w7,32,1868752442,251124,262400
linebuf,L82.w8,32,3911703368,251284,262400
linebuf,L82.w9,32,4143328296,251444,262400
linebuf,L82.w10,32,1624688486,251604,262400
linebuf,L82.w11,32,3463836858,251764,262400
linebuf,L83.w0,32,4167252312,251924,265600
linebuf,L83.w1,32,2331847027,252084,265600
linebuf,L83.w2,32,3905081881,252244,265600
linebuf,L83.w3,32,3514786964,252404,265600
linebuf,L83.w4,32,1262821667,252564,265600
linebuf,L83.w5,32,2363130019,252724,265600
linebuf,L83.w6,32,1088388250,252884,265600
linebuf,L83.w7,32,3056345742,253044,265600
linebuf,L83.w8,32,2048742764,253204,265600
linebuf,L83.w9,32,1350594305,253364,265600
linebuf,L83.w10,32,430051420,253524,265600
linebuf,L83.w11,32,891697989,253684,265600
linebuf,L84.w0,32,2800534303,253844,268800
linebuf,L84.w1,32,1363292806,254004,268800
linebuf,L84.w2,32,170167551,254164,268800
linebuf,L84.w3,32,117091761,254324,268800
linebuf,L84.w4,32,45123576,254484,268800
linebuf,L84.w5,32,3379537752,254644,268800
linebuf,L84.w6,32,4220164514,254804,268800
linebuf,L84.w7,32,3975437515,254964,268800
linebuf,L84.w8,32,1269376963,255124,268800
linebuf,L84.w9,32,3120223870,255284,268800
linebuf,L84.w10,32,2562251423,255444,268800
linebuf,L84.w11,32,1375468743,255604,268800
linebuf,L85.w0,32,1345531064,258484,272000
linebuf,L85.w1,32,1711781397,258644,272000
linebuf,L85.w2,32,270431723,258804,272000
linebuf,L85.w3,32,275702443,258964,272000
linebuf,L85.w4,32,3922988843,259124,272000
linebuf,L85.w5,32,1363005862,259284,272000
linebuf,L85.w6,32,4165316313,259444,272000
linebuf,L85.w7,32,2583194765,259604,272000
linebuf,L85.w8,32,4165244256,259764,272000
linebuf,L85.w9,32,1957895163,259924,272000
linebuf,L85.w10,32,478297502,260084,272000
linebuf,L85.w11,32,1074011648,260244,272000
linebuf,L86.w0,32,924248042,260404,275200
linebuf,L86.w1,32,3372131799,260564,275200
linebuf,L86.w2,32,2653460321,260724,275200
linebuf,L86.w3,32,3341139351,260884,275200
linebuf,L86.w4,32,4208865581,261044,275200
linebuf,L86.w5,32,3827715231,261204,275200
linebuf,L86.w6,32,2331794414,261364,275200
linebuf,L86.w7,32,3726373069,261524,275200
linebuf,L86.w8,32,2955752708,261684,275200
linebuf,L86.w9,32,2013996505,261844,275200
linebuf,L86.w10,32,2842557228,262004,275200
linebuf,L86.w11,32,1528265272,262164,275200
linebuf,L87.w0,32,1112765886,262324,278400
linebuf,L87.w1,32,786935703,262484,278400
linebuf,L87.w2,32,2326164021,262644,278400
linebuf,L87.w3,32,892652718,262804,278400
linebuf,L87.w4,32,1319934166,262964,278400
linebuf,L87.w5,32,855625789,263124,278400
linebuf,L87.w6,32,1058199182,263284,278400
linebuf,L87.w7,32,1548179323,263444,278400
linebuf,L87.w8,32,349476174,263604,278400
linebuf,L87.w9,32,3521774616,263764,278400
linebuf,L87.w10,32,1205969803,263924,278400
linebuf,L87.w11,32,384033664,264084,278400
linebuf,L88.w0,32,1923725476,266964,281600
linebuf,L88.w1,32,388644882,267124,281600
linebuf,L88.w2,32,2800363905,267284,281600
linebuf,L88.w3,32,2466841223,267444,281600
linebuf,L88.w4,32,2763665761,267604,281600
linebuf,L88.w5,32,1455494761,267764,281600
linebuf,L88.w6,32,4040424028,267924,281600
linebuf,L88.w7,32,976788233,268084,281600
linebuf,L88.w8,32,1677092576,268244,281600
linebuf,L88.w9,32,4151507178,268404,281600
linebuf,L88.w10,32,1317628517,268564,281600
linebuf,L88.w11,32,176318101,268724,281600
linebuf,L89.w0,32,1405491179,268884,284800
linebuf,L89.w1,32,802355090,269044,284800
linebuf,L89.w2,32,1360367077,269204,284800
linebuf,L89.w3,32,3404757168,269364,284800
linebuf,L89.w4,32,3638416111,269524,284800
linebuf,L89.w5,32,2486814534,269684,284800
linebuf,L89.w6,32,3837554306,269844,284800
linebuf,L89.w7,32,3957174424,270004,284800
linebuf,L89.w8,32,1300556176,270164,284800
linebuf,L89.w9,32,1055909684,270324,284800
linebuf,L89.w10,32,1435951070,270484,284800
linebuf,L89.w11,32,433566723,270644,284800
linebuf,L90.w0,32,2337430351,270804,288000
linebuf,L90.w1,32,2625907562,270964,288000
linebuf,L90.w2,32,2486723493,271124,288000
linebuf,L90.w3,32,3468476858,271284,288000
linebuf,L90.w4,32,2559639634,271444,288000
linebuf,L90.w5,32,395325658,271604,288000
linebuf,L90.w6,32,1052687934,271764,288000
linebuf,L90.w7,32,945560371,271924,288000
linebuf,L90.w8,32,87505782,272084,288000
linebuf,L90.w9,32,3471464715,272244,288000
linebuf,L90.w10,32,1046938220,272404,288000
linebuf,L90.w11,32,1725604709,272564,288000
linebuf,L91.w0,32,2367406394,279236,291200
linebuf,L91.w1,32,3726124871,279396,291200
linebuf,L91.w2,32,304583471,279556,291200
linebuf,L91.w3,32,3131758161,279716,291200
linebuf,L91.w4,32,322680002,279876,291200
linebuf,L91.w5,32,92402261,280036,291200
linebuf,L91.w6,32,2728945332,280196,291200
linebuf,L91.w7,32,42593030,280356,291200
linebuf,L91.w8,32,1249069050,280516,291200
linebuf,L91.w9,32,3224355370,280676,291200
linebuf,L91.w10,32,3402407624,280836,291200
linebuf,L91.w11,32,1542715213,280996,291200
linebuf,L92.w0,32,2118540057,281156,294400
linebuf,L92.w1,32,2013628400,281316,294400
linebuf,L92.w2,32,3705049129,281476,294400
linebuf,L92.w3,32,3689871226,281636,294400
linebuf,L92.w4,32,662196348,281796,294400
linebuf,L92.w5,32,433510203,281956,294400
linebuf,L92.w6,32,2153623658,282116,294400
linebuf,L92.w7,32,3340393233,282276,294400
linebuf,L92.w8,32,3414428118,282436,294400
linebuf,L92.w9,32,1409151100,282596,294400
linebuf,L92.w10,32,331171982,282756,294400
linebuf,L92.w11,32,2187298114,282916,294400
linebuf,L93.w0,32,4076903004,283076,297600
linebuf,L93.w1,32,2857216034,283236,297600
linebuf,L93.w2,32,744069209,283396,297600
linebuf,L93.w3,32,771231929,283556,297600
linebuf,L93.w4,32,3333792198,283716,297600
linebuf,L93.w5,32,642367920,283876,297600
linebuf,L93.w6,32,4230095570,284036,297600
linebuf,L93.w7,32,607901832,284196,297600
linebuf,L93.w8,32,3528531000,284356,297600
linebuf,L93.w9,32,3717490264,284516,297600
linebuf,L93.w10,32,1373461852,284676,297600
linebuf,L93.w11,32,1312640271,284836,297600
linebuf,L94.w0,32,2209151870,288491,300800
linebuf,L94.w1,32,3584962651,288651,300800
linebuf,L94.w2,32,3948607993,288811,300800
linebuf,L94.w3,32,2585109265,288971,300800
linebuf,L94.w4,32,1260527780,289131,300800
linebuf,L94.w5,32,542453599,289291,300800
linebuf,L94.w6,32,3838664821,289451,300800
linebuf,L94.w7,32,887943917,289611,300800
linebuf,L94.w8,32,608513743,289771,300800
linebuf,L94.w9,32,2342874420,289931,300800
linebuf,L94.w10,32,3910489001,290091,300800
linebuf,L94.w11,32,3103665995,290251,300800
linebuf,L95.w0,32,136407909,290411,304000
linebuf,L95.w1,32,3348972608,290571,304000
linebuf,L95.w2,32,1357504633,290731,304000
linebuf,L95.w3,32,3526296307,290891,304000
linebuf,L95.w4,32,3878734632,291051,304000
linebuf,L95.w5,32,2678030544,291211,304000
linebuf,L95.w6,32,3452536422,291371,304000
linebuf,L95.w7,32,2887069814,291531,304000
linebuf,L95.w8,32,3896195761,291691,304000
linebuf,L95.w9,32,2374908691,291851,304000
linebuf,L95.w10,32,3610858555,292011,304000
linebuf,L95.w11,32,4052192607,292171,304000
linebuf,L96.w0,32,3204839674,292331,307200
linebuf,L96.w1,32,4238855007,292491,307200
linebuf,L96.w2,32,2961788762,292651,307200
linebuf,L96.w3,32,882332988,292811,307200
linebuf,L96.w4,32,765169343,292971,307200
linebuf,L96.w5,32,1283879010,293131,307200
linebuf,L96.w6,32,1858166072,293291,307200
linebuf,L96.w7,32,2308511911,293451,307200
linebuf,L96.w8,32,678162217,293611,307200
linebuf,L96.w9,32,208558451,293771,307200
linebuf,L96.w10,32,3070147642,293931,307200
linebuf,L96.w11,32,3702686968,294091,307200
linebuf,L97.w0,32,1084850365,296971,310400
linebuf,L97.w1,32,3340524785,297131,310400
linebuf,L97.w2,32,276656853,297291,310400
linebuf,L97.w3,32,2929493347,297451,310400
linebuf,L97.w4,32,4137710848,297611,310400
linebuf,L97.w5,32,1918540379,297771,310400
linebuf,L97.w6,32,3471418621,297931,310400
linebuf,L97.w7,32,1847572141,298091,310400
linebuf,L97.w8,32,2359096384,298251,310400
linebuf,L97.w9,32,1074685933,298411,310400
linebuf,L97.w10,32,2325199320,298571,310400
linebuf,L97.w11,32,1887203508,298731,310400
linebuf,L98.w0,32,3656274146,298891,313600
linebuf,L98.w1,32,2310949707,299051,313600
linebuf,L98.w2,32,1946950245,299211,313600
linebuf,L98.w3,32,46671387,299371,313600
linebuf,L98.w4,32,1699563418,299531,313600
linebuf,L98.w5,32,3591842527,299691,313600
linebuf,L98.w6,32,1454572916,299851,313600
linebuf,L98.w7,32,736662516,300011,313600
linebuf,L98.w8,32,1107968803,300171,313600
linebuf,L98.w9,32,2086422589,300331,313600
linebuf,L98.w10,32,104833718,300491,313600
linebuf,L98.w11,32,3406197132,300651,313600
linebuf,L99.w0,32,2776433694,300811,316800
linebuf,L99.w1,32,4005655884,300971,316800
linebuf,L99.w2,32,1789643640,301131,316800
linebuf,L99.w3,32,4193228110,301291,316800
linebuf,L99.w4,32,2450723963,301451,316800
linebuf,L99.w5,32,81222024,301611,316800
linebuf,L99.w6,32,267669349,301771,316800
linebuf,L99.w7,32,2970843554,301931,316800
linebuf,L99.w8,32,1524470481,302091,316800
linebuf,L99.w9,32,2491384131,302251,316800
linebuf,L99.w10,32,593925750,302411,316800
linebuf,L99.w11,32,2549262082,302571,316800
linebuf,L100.w0,32,1112881715,307508,320000
linebuf,L100.w1,32,4222885140,307668,320000
linebuf,L100.w2,32,3560246056,307828,320000
linebuf,L100.w3,32,1189338005,307988,320000
linebuf,L100.w4,32,1708526446,308148,320000
linebuf,L100.w5,32,2422670531,308308,320000
linebuf,L100.w6,32,1722634749,308468,320000
linebuf,L100.w7,32,739482649,308628,320000
linebuf,L100.w8,32,2630430931,308788,320000
linebuf,L100.w9,32,383313934,308948,320000
linebuf,L100.w10,32,1003002219,309108,320000
linebuf,L100.w11,32,2087339943,309268,320000
linebuf,L101.w0,32,32114233,309428,323200
linebuf,L101.w1,32,762692189,309588,323200
linebuf,L101.w2,32,2270756685,309748,323200
linebuf,L101.w3,32,1362542434,309908,323200
linebuf,L101.w4,32,2151347462,310068,323200
linebuf,L101.w5,32,3835557563,310228,323200
linebuf,L101.w6,32,2786744803,310388,323200
linebuf,L101.w7,32,3953240531,310548,323200
linebuf,L101.w8,32,1882556967,310708,323200
linebuf,L101.w9,32,3994782916,310868,323200
linebuf,L101.w10,32,2948551440,311028,323200
linebuf,L101.w11,32,2744960178,311188,323200
linebuf,L102.w0,32,3141433359,311348,326400
linebuf,L102.w1,32,969505457,311508,326400
linebuf,L102.w2,32,1023811449,311668,326400
linebuf,L102.w3,32,1344259828,311828,326400
linebuf,L102.w4,32,2126319109,311988,326400
linebuf,L102.w5,32,2950425042,312148,326400
linebuf,L102.w6,32,2056545794,312308,326400
linebuf,L102.w7,32,4108306853,312468,326400
linebuf,L102.w8,32,966634300,312628,326400
linebuf,L102.w9,32,3061650749,312788,326400
linebuf,L102.w10,32,1770583656,312948,326400
linebuf,L102.w11,32,1447195651,313108,326400
linebuf,L103.w0,32,3895275503,315988,329600
linebuf,L103.w1,32,3127684170,316148,329600
linebuf,L103.w2,32,3941519771,316308,329600
linebuf,L103.w3,32,2806364781,316468,329600
linebuf,L103.w4,32,1182083932,316628,329600
linebuf,L103.w5,32,4176227636,316788,329600
linebuf,L103.w6,32,2776332032,316948,329600
linebuf,L103.w7,32,942612964,317108,329600
linebuf,L103.w8,32,207005997,317268,329600
linebuf,L103.w9,32,3958256929,317428,329600
linebuf,L103.w10,32,307310859,317588,329600
linebuf,L103.w11,32,3277894583,317748,329600
linebuf,L104.w0,32,2197699146,317908,332800
linebuf,L104.w1,32,2771492679,318068,332800
linebuf,L104.w2,32,3768507738,318228,332800
linebuf,L104.w3,32,1583512027,318388,332800
linebuf,L104.w4,32,684908686,318548,332800
linebuf,L104.w5,32,2197441914,318708,332800
linebuf,L104.w6,32,3290064601,318868,332800
linebuf,L104.w7,32,3403675928,319028,332800
linebuf,L104.w8,32,3792497226,319188,332800
linebuf,L104.w9,32,875504314,319348,332800
linebuf,L104.w10,32,1339179526,319508,332800
linebuf,L104.w11,32,1282983851,319668,332800
linebuf,L105.w0,32,2974509532,319828,336000
linebuf,L105.w1,32,1286627009,319988,336000
linebuf,L105.w2,32,3646389099,320148,336000
linebuf,L105.w3,32,2372187053,320308,336000
linebuf,L105.w4,32,1596071420,320468,336000
linebuf,L105.w5,32,709437168,320628,336000
linebuf,L105.w6,32,3011986093,320788,336000
linebuf,L105.w7,32,3011957340,320948,336000
linebuf,L105.w8,32,3162891742,321108,336000
linebuf,L105.w9,32,1996207853,321268,336000
linebuf,L105.w10,32,2553692236,321428,336000
linebuf,L105.w11,32,364957141,321588,336000
linebuf,L106.w0,32,3850886433,324468,339200
linebuf,L106.w1,32,2603201867,324628,339200
linebuf,L106.w2,32,4123507114,324788,339200
linebuf,L106.w3,32,2207403781,324948,339200
linebuf,L106.w4,32,2453425757,325108,339200
linebuf,L106.w5,32,1620051826,325268,339200
linebuf,L106.w6,32,757099226,325428,339200
linebuf,L106.w7,32,669066660,325588,339200
linebuf,L106.w8,32,1076299078,325748,339200
linebuf,L106.w9,32,1832889676,325908,339200
linebuf,L106.w10,32,934665132,326068,339200
linebuf,L106.w11,32,4044541904,326228,339200
linebuf,L107.w0,32,2446058374,326388,342400
linebuf,L107.w1,32,3090648450,326548,342400
linebuf,L107.w2,32,3254511948,326708,342400
linebuf,L107.w3,32,3359818138,326868,342400
linebuf,L107.w4,32,223910488,327028,342400
linebuf,L107.w5,32,2126119762,327188,342400
linebuf,L107.w6,32,2927606289,327348,342400
linebuf,L107.w7,32,1690530255,327508,342400
linebuf,L107.w8,32,3080149800,327668,342400
linebuf,L107.w9,32,2735777865,327828,342400
linebuf,L107.w10,32,1494569215,327988,342400
linebuf,L107.w11,32,1649167202,328148,342400
linebuf,L108.w0,32,2212147813,328308,345600
linebuf,L108.w1,32,3631244540,328468,345600
linebuf,L108.w2,32,707802683,328628,345600
linebuf,L108.w3,32,2337419501,328788,345600
linebuf,L108.w4,32,3134880071,328948,345600
linebuf,L108.w5,32,4270533497,329108,345600
linebuf,L108.w6,32,174842476,329268,345600
linebuf,L108.w7,32,2251310039,329428,345600
linebuf,L108.w8,32,4214312352,329588,345600
linebuf,L108.w9,32,388272735,329748,345600
linebuf,L108.w10,32,3470091935,329908,345600
linebuf,L108.w11,32,1096006599,330068,345600
linebuf,L109.w0,32,1149016477,332948,348800
linebuf,L109.w1,32,3164993659,333108,348800
linebuf,L109.w2,32,3920716276,333268,348800
linebuf,L109.w3,32,359574393,333428,348800
linebuf,L109.w4,32,4120758407,333588,348800
linebuf,L109.w5,32,4186823812,333748,348800
linebuf,L109.w6,32,597542297,333908,348800
linebuf,L109.w7,32,4162804864,334068,348800
linebuf,L109.w8,32,3331852010,334228,348800
linebuf,L109.w9,32,2649576701,334388,348800
linebuf,L109.w10,32,3616065484,334548,348800
linebuf,L109.w11,32,4152379343,334708,348800
linebuf,L110.w0,32,2833464468,334868,352000
linebuf,L110.w1,32,2949049967,335028,352000
linebuf,L110.w2,32,3008228468,335188,352000
linebuf,L110.w3,32,352222908,335348,352000
linebuf,L110.w4,32,1911512698,335508,352000
linebuf,L110.w5,32,3654889998,335668,352000
linebuf,L110.w6,32,3969871807,335828,352000
linebuf,L110.w7,32,1035045416,335988,352000
linebuf,L110.w8,32,4171304560,336148,352000
linebuf,L110.w9,32,3655020719,336308,352000
linebuf,L110.w10,32,1642194957,336468,352000
linebuf,L110.w11,32,4037256808,336628,352000
linebuf,L111.w0,32,3447619746,336788,355200
linebuf,L111.w1,32,3880184811,336948,355200
linebuf,L111.w2,32,1859384075,337108,355200
linebuf,L111.w3,32,1706132727,337268,355200
linebuf,L111.w4,32,707613983,337428,355200
linebuf,L111.w5,32,3908781749,337588,355200
linebuf,L111.w6,32,1397871297,337748,355200
linebuf,L111.w7,32,1881749525,337908,355200
linebuf,L111.w8,32,542583531,338068,355200
linebuf,L111.w9,32,2673198588,338228,355200
linebuf,L111.w10,32,3903630335,338388,355200
linebuf,L111.w11,32,2095800244,338548,355200
linebuf,L112.w0,32,511903126,341428,358400
linebuf,L112.w1,32,1852249752,341588,358400
linebuf,L112.w2,32,2579897000,341748,358400
linebuf,L112.w3,32,2293746795,341908,358400
linebuf,L112.w4,32,1753309146,342068,358400
linebuf,L112.w5,32,3905396765,342228,358400
linebuf,L112.w6,32,507192805,342388,358400
linebuf,L112.w7,32,2836867589,342548,358400
linebuf,L112.w8,32,1269057688,342708,358400
linebuf,L112.w9,32,1192594046,342868,358400
linebuf,L112.w10,32,1066081194,343028,358400
linebuf,L112.w11,32,1627146234,343188,358400
linebuf,L113.w0,32,3219407886,343348,361600
linebuf,L113.w1,32,2402493571,343508,361600
linebuf,L113.w2,32,17218309,343668,361600
linebuf,L113.w3,32,4122327348,343828,361600
linebuf,L113.w4,32,815351010,343988,361600
linebuf,L113.w5,32,2269302482,344148,361600
linebuf,L113.w6,32,1884515995,344308,361600
linebuf,L113.w7,32,2487140954,344468,361600
linebuf,L113.w8,32,90343240,344628,361600
linebuf,L113.w9,32,132321041,344788,361600
linebuf,L113.w10,32,2695206168,344948,361600
linebuf,L113.w11,32,4179396093,345108,361600
linebuf,L114.w0,32,2601150487,345268,364800
linebuf,L114.w1,32,1040409395,345428,364800
linebuf,L114.w2,32,3587725149,345588,364800
linebuf,L114.w3,32,1118395701,345748,364800
linebuf,L114.w4,32,887365237,345908,364800
linebuf,L114.w5,32,742394773,346068,364800
linebuf,L114.w6,32,1223127738,346228,364800
linebuf,L114.w7,32,637418008,346388,364800
linebuf,L114.w8,32,2329330116,346548,364800
linebuf,L114.w9,32,860914396,346708,364800
linebuf,L114.w10,32,1173495444,346868,364800
linebuf,L114.w11,32,1336317457,347028,364800
linebuf,L115.w0,32,1077530946,350902,368000
linebuf,L115.w1,32,3574937188,351062,368000
linebuf,L115.w2,32,2935726766,351222,368000
linebuf,L115.w3,32,1917258461,351382,368000
linebuf,L115.w4,32,3397708746,351542,368000
linebuf,L115.w5,32,3699002350,351702,368000
linebuf,L115.w6,32,3473145121,351862,368000
linebuf,L115.w7,32,3672580274,352022,368000
linebuf,L115.w8,32,4181649356,352182,368000
linebuf,L115.w9,32,721466736,352342,368000
linebuf,L115.w10,32,2342376404,352502,368000
linebuf,L115.w11,32,1533111874,352662,368000
linebuf,L116.w0,32,2108009810,352822,371200
linebuf,L116.w1,32,1803742556,352982,371200
linebuf,L116.w2,32,3675193638,353142,371200
linebuf,L116.w3,32,523127052,353302,371200
linebuf,L116.w4,32,3303119265,353462,371200
linebuf,L116.w5,32,897412910,353622,371200
linebuf,L116.w6,32,2450470499,353782,371200
linebuf,L116.w7,32,3774975173,353942,371200
linebuf,L116.w8,32,1646073651,354102,371200
linebuf,L116.w9,32,879702675,354262,371200
linebuf,L116.w10,32,1219974465,354422,371200
linebuf,L116.w11,32,3481335633,354582,371200
linebuf,L117.w0,32,464454351,354742,374400
linebuf,L117.w1,32,3882726895,354902,374400
linebuf,L117.w2,32,3468396938,355062,374400
linebuf,L117.w3,32,103726226,355222,374400
linebuf,L117.w4,32,507113358,355382,374400
linebuf,L117.w5,32,2445161707,355542,374400
linebuf,L117.w6,32,3209479749,355702,374400
linebuf,L117.w7,32,56762263,355862,374400
linebuf,L117.w8,32,2341990213,356022,374400
linebuf,L117.w9,32,1273082440,356182,374400
linebuf,L117.w10,32,4144408626,356342,374400
linebuf,L117.w11,32,2894438287,356502,374400
linebuf,L118.w0,32,4181235632,359382,377600
linebuf,L118.w1,32,2789084210,359542,377600
linebuf,L118.w2,32,586666819,359702,377600
linebuf,L118.w3,32,322910986,359862,377600
linebuf,L118.w4,32,2149079108,360022,377600
linebuf,L118.w5,32,1605146394,360182,377600
linebuf,L118.w6,32,2459205012,360342,377600
linebuf,L118.w7,32,3459505520,360502,377600
linebuf,L118.w8,32,1336814837,360662,377600
linebuf,L118.w9,32,1877627338,360822,377600
linebuf,L118.w10,32,2160508093,360982,377600
linebuf,L118.w11,32,2908822078,361142,377600
linebuf,L119.w0,32,1532524906,361302,380800
linebuf,L119.w1,32,3258205999,361462,380800
linebuf,L119.w2,32,2269434816,361622,380800
linebuf,L119.w3,32,1390228694,361782,380800
linebuf,L119.w4,32,3628045,361942,380800
linebuf,L119.w5,32,532149800,362102,380800
linebuf,L119.w6,32,1899725595,362262,380800
linebuf,L119.w7,32,3083647576,362422,380800
linebuf,L119.w8,32,1930811753,362582,380800
linebuf,L119.w9,32,1504152339,362742,380800
linebuf,L119.w10,32,1309102551,362902,380800
linebuf,L119.w11,32,2316255875,363062,380800
linebuf,L120.w0,32,1715421755,363222,384000
linebuf,L120.w1,32,1457562182,363382,384000
linebuf,L120.w2,32,3363334394,363542,384000
linebuf,L120.w3,32,3140195011,363702,384000
linebuf,L120.w4,32,2935235996,363862,384000
linebuf,L120.w5,32,2454208916,364022,384000
linebuf,L120.w6,32,2114408682,364182,384000
linebuf,L120.w7,32,485740921,364342,384000
linebuf,L120.w8,32,2781713895,364502,384000
linebuf,L120.w9,32,3941974067,364662,384000
linebuf,L120.w10,32,1621600183,364822,384000
linebuf,L120.w11,32,1642333862,364982,384000
linebuf,L121.w0,32,16645806,373920,387200
linebuf,L121.w1,32,4272765933,374080,387200
linebuf,L121.w2,32,1192374186,374240,387200
linebuf,L121.w3,32,2729593259,374400,387200
linebuf,L121.w4,32,2569095656,374560,387200
linebuf,L121.w5,32,3102203803,374720,387200
linebuf,L121.w6,32,3786713440,374880,387200
linebuf,L121.w7,32,3172112077,375040,387200
linebuf,L121.w8,32,3562337133,375200,387200
linebuf,L121.w9,32,3128370595,375360,387200
linebuf,L121.w10,32,2194557406,375520,387200
linebuf,L121.w11,32,854179945,375680,387200
linebuf,L122.w0,32,4239210632,375840,390400
linebuf,L122.w1,32,3965579975,376000,390400
linebuf,L122.w2,32,1982475173,376160,390400
linebuf,L122.w3,32,2580555431,376320,390400
linebuf,L122.w4,32,3584551726,376480,390400
linebuf,L122.w5,32,2220122150,376640,390400
linebuf,L122.w6,32,1756492745,376800,390400
linebuf,L122.w7,32,4026431200,376960,390400
linebuf,L122.w8,32,3198164128,377120,390400
linebuf,L122.w9,32,3058571055,377280,390400
linebuf,L122.w10,32,4241674014,377440,390400
linebuf,L122.w11,32,4241649069,377600,390400
linebuf,L123.w0,32,1311410677,377760,393600
linebuf,L123.w1,32,3018897740,377920,393600
linebuf,L123.w2,32,731488007,378080,393600
linebuf,L123.w3,32,1930107372,378240,393600
linebuf,L123.w4,32,2663024501,378400,393600
linebuf,L123.w5,32,2872647732,378560,393600
linebuf,L123.w6,32,2280439430,378720,393600
linebuf,L123.w7,32,847659576,378880,393600
linebuf,L123.w8,32,1543705884,379040,393600
linebuf,L123.w9,32,2259971841,379200,393600
linebuf,L123.w10,32,15115013,379360,393600
linebuf,L123.w11,32,2914342230,379520,393600
linebuf,L124.w0,32,1829095448,382400,396800
linebuf,L124.w1,32,4167461057,382560,396800
linebuf,L124.w2,32,1740544408,382720,396800
linebuf,L124.w3,32,1443152822,382880,396800
linebuf,L124.w4,32,3699020419,383040,396800
linebuf,L124.w5,32,2669858314,383200,396800
linebuf,L124.w6,32,2510099261,383360,396800
linebuf,L124.w7,32,4185386484,383520,396800
linebuf,L124.w8,32,3151779234,383680,396800
linebuf,L124.w9,32,3004345711,383840,396800
linebuf,L124.w10,32,3856490497,384000,396800
linebuf,L124.w11,32,4155359406,384160,396800
linebuf,L125.w0,32,3215957551,384320,400000
linebuf,L125.w1,32,290965683,384480,400000
linebuf,L125.w2,32,2116139178,384640,400000
linebuf,L125.w3,32,4241853455,384800,400000
linebuf,L125.w4,32,3203050647,384960,400000
linebuf,L125.w5,32,1063568652,385120,400000
linebuf,L125.w6,32,2750305492,385280,400000
linebuf,L125.w7,32,4153252178,385440,400000
linebuf,L125.w8,32,2786340443,385600,400000
linebuf,L125.w9,32,1249345870,385760,400000
linebuf,L125.w10,32,2704435095,385920,400000
linebuf,L125.w11,32,89233600,386080,400000
linebuf,L126.w0,32,1748047272,386240,403200
linebuf,L126.w1,32,3097892629,386400,403200
linebuf,L126.w2,32,2702659871,386560,403200
linebuf,L126.w3,32,670379945,386720,403200
linebuf,L126.w4,32,2721860391,386880,403200
linebuf,L126.w5,32,3345166511,387040,403200
linebuf,L126.w6,32,4024890997,387200,403200
linebuf,L126.w7,32,1706465772,387360,403200
linebuf,L126.w8,32,3360698890,387520,403200
linebuf,L126.w9,32,1160752282,387680,403200
linebuf,L126.w10,32,3634693686,387840,403200
linebuf,L126.w11,32,765153058,388000,403200
linebuf,L127.w0,32,3501797895,390880,406400
linebuf,L127.w1,32,3333227303,391040,406400
linebuf,L127.w2,32,2600441196,391200,406400
linebuf,L127.w3,32,43499734,391360,406400
linebuf,L127.w4,32,1500876675,391520,406400
linebuf,L127.w5,32,3919844298,391680,406400
linebuf,L127.w6,32,1136376422,391840,406400
linebuf,L127.w7,32,3428661082,392000,406400
linebuf,L127.w8,32,3040922852,392160,406400
linebuf,L127.w9,32,1765832556,392320,406400
linebuf,L127.w10,32,3753552634,392480,406400
linebuf,L127.w11,32,2942191883,392640,406400
linebuf,L128.w0,32,2337522027,392800,409600
linebuf,L128.w1,32,1304247753,392960,409600
linebuf,L128.w2,32,653135532,393120,409600
linebuf,L128.w3,32,1984578787,393280,409600
linebuf,L128.w4,32,3577601630,393440,409600
linebuf,L128.w5,32,1113903449,393600,409600
linebuf,L128.w6,32,2081096686,393760,409600
linebuf,L128.w7,32,728520547,393920,409600
linebuf,L128.w8,32,2006190521,394080,409600
linebuf,L128.w9,32,2191835438,394240,409600
linebuf,L128.w10,32,194940237,394400,409600
linebuf,L128.w11,32,1163165085,394560,409600
linebuf,L129.w0,32,2191639884,394720,412800
linebuf,L129.w1,32,423613005,394880,412800
linebuf,L129.w2,32,3198666873,395040,412800
linebuf,L129.w3,32,2536763285,395200,412800
linebuf,L129.w4,32,1815043788,395360,412800
linebuf,L129.w5,32,299592399,395520,412800
linebuf,L129.w6,32,1525474959,395680,412800
linebuf,L129.w7,32,287758106,395840,412800
linebuf,L129.w8,32,2821121521,396000,412800
linebuf,L129.w9,32,1900452285,396160,412800
linebuf,L129.w10,32,84788620,396320,412800
linebuf,L129.w11,32,704970599,396480,412800
linebuf,L130.w0,32,4063584951,399688,416000
linebuf,L130.w1,32,694183320,399848,416000
linebuf,L130.w2,32,2965449824,400008,416000
linebuf,L130.w3,32,399661485,400168,416000
linebuf,L130.w4,32,1726249255,400328,416000
linebuf,L130.w5,32,2731480991,400488,416000
linebuf,L130.w6,32,2958838361,400648,416000
linebuf,L130.w7,32,1184533024,400808,416000
linebuf,L130.w8,32,2598429113,400968,416000
linebuf,L130.w9,32,1307402154,401128,416000
linebuf,L130.w10,32,897173118,401288,416000
linebuf,L130.w11,32,2268141296,401448,416000
linebuf,L131.w0,32,892100480,401608,419200
linebuf,L131.w1,32,1018910229,401768,419200
linebuf,L131.w2,32,3805449640,401928,419200
linebuf,L131.w3,32,1434284684,402088,419200
linebuf,L131.w4,32,1155643478,402248,419200
linebuf,L131.w5,32,294437950,402408,419200
linebuf,L131.w6,32,321627648,402568,419200
linebuf,L131.w7,32,3003019781,402728,419200
linebuf,L131.w8,32,3567733080,402888,419200
linebuf,L131.w9,32,3909879586,403048,419200
linebuf,L131.w10,32,2247117310,403208,419200
linebuf,L131.w11,32,2829459829,403368,419200
linebuf,L132.w0,32,1581442016,403528,422400
linebuf,L132.w1,32,2009772537,403688,422400
linebuf,L132.w2,32,2196957040,403848,422400
linebuf,L132.w3,32,2395092501,404008,422400
linebuf,L132.w4,32,3164212748,404168,422400
linebuf,L132.w5,32,213641904,404328,422400
linebuf,L132.w6,32,723932226,404488,422400
linebuf,L132.w7,32,1275073800,404648,422400
linebuf,L132.w8,32,2804901376,404808,422400
linebuf,L132.w9,32,3157172213,404968,422400
linebuf,L132.w10,32,3064188562,405128,422400
linebuf,L132.w11,32,4279360657,405288,422400
linebuf,L133.w0,32,1158613092,408168,425600
linebuf,L133.w1,32,1528370893,408328,425600
linebuf,L133.w2,32,2618496931,408488,425600
linebuf,L133.w3,32,3177609664,408648,425600
linebuf,L133.w4,32,996921508,408808,425600
linebuf,L133.w5,32,1686028628,408968,425600
linebuf,L133.w6,32,2409668514,409128,425600
linebuf,L133.w7,32,1716765623,409288,425600
linebuf,L133.w8,32,740293324,409448,425600
linebuf,L133.w9,32,2077149277,409608,425600
linebuf,L133.w10,32,3392026129,409768,425600
linebuf,L133.w11,32,1114637814,409928,425600
linebuf,L134.w0,32,3722524888,410088,428800
linebuf,L134.w1,32,2621654819,410248,428800
linebuf,L134.w2,32,1415808301,410408,428800
linebuf,L134.w3,32,3075421200,410568,428800
linebuf,L134.w4,32,954850945,410728,428800
linebuf,L134.w5,32,1111398096,410888,428800
linebuf,L134.w6,32,4139439731,411048,428800
linebuf,L134.w7,32,2619716315,411208,428800
linebuf,L134.w8,32,3035211782,411368,428800
linebuf,L134.w9,32,1048948905,411528,428800
linebuf,L134.w10,32,3624061704,411688,428800
linebuf,L134.w11,32,2838287070,411848,428800
linebuf,L135.w0,32,131144555,412008,432000
linebuf,L135.w1,32,3658333304,412168,432000
linebuf,L135.w2,32,3862864854,412328,432000
linebuf,L135.w3,32,3729883971,412488,432000
linebuf,L135.w4,32,2673411238,412648,432000
linebuf,L135.w5,32,1729147111,412808,432000
linebuf,L135.w6,32,1359482347,412968,432000
linebuf,L135.w7,32,3985719488,413128,432000
linebuf,L135.w8,32,1854419216,413288,432000
linebuf,L135.w9,32,4007736298,413448,432000
linebuf,L135.w10,32,3271017023,413608,432000
linebuf,L135.w11,32,1066983662,413768,432000
linebuf,L136.w0,32,815618029,416648,435200
linebuf,L136.w1,32,311554054,416808,435200
linebuf,L136.w2,32,2688162069,416968,435200
linebuf,L136.w3,32,3145305755,417128,435200
linebuf,L136.w4,32,711373401,417288,435200
linebuf,L136.w5,32,3741144688,417448,435200
linebuf,L136.w6,32,4179217202,417608,435200
linebuf,L136.w7,32,2487415650,417768,435200
linebuf,L136.w8,32,1905146799,417928,435200
linebuf,L136.w9,32,2497236295,418088,435200
linebuf,L136.w10,32,3921927918,418248,435200
linebuf,L136.w11,32,4006916592,418408,435200
linebuf,L137.w0,32,3127800684,418568,438400
linebuf,L137.w1,32,636428564,418728,438400
linebuf,L137.w2,32,2603866439,418888,438400
linebuf,L137.w3,32,4060787461,419048,438400
linebuf,L137.w4,32,1125212836,419208,438400
linebuf,L137.w5,32,1973071598,419368,438400
linebuf,L137.w6,32,2261696819,419528,438400
linebuf,L137.w7,32,698085933,419688,438400
linebuf,L137.w8,32,595367232,419848,438400
linebuf,L137.w9,32,3343474169,420008,438400
linebuf,L137.w10,32,593126357,420168,438400
linebuf,L137.w11,32,3839143302,420328,438400
linebuf,L138.w0,32,3074121826,420488,441600
linebuf,L138.w1,32,1892712122,420648,441600
linebuf,L138.w2,32,1550868742,420808,441600
linebuf,L138.w3,32,1330417078,420968,441600
linebuf,L138.w4,32,3227136675,421128,441600
linebuf,L138.w5,32,1721233950,421288,441600
linebuf,L138.w6,32,1032912167,421448,441600
linebuf,L138.w7,32,497515921,421608,441600
linebuf,L138.w8,32,3084465756,421768,441600
linebuf,L138.w9,32,885575738,421928,441600
linebuf,L138.w10,32,3085834906,422088,441600
linebuf,L138.w11,32,2926585069,422248,441600
linebuf,L139.w0,32,456921979,430505,444800
linebuf,L139.w1,32,977619186,430665,444800
linebuf,L139.w2,32,1705135754,430825,444800
linebuf,L139.w3,32,1380274340,430985,444800
linebuf,L139.w4,32,2114676515,431145,444800
linebuf,L139.w5,32,3988333784,431305,444800
linebuf,L139.w6,32,429385971,431465,444800
linebuf,L139.w7,32,4103071699,431625,444800
linebuf,L139.w8,32,802133526,431785,444800
linebuf,L139.w9,32,193190480,431945,444800
linebuf,L139.w10,32,237696577,432105,444800
linebuf,L139.w11,32,3476680663,432265,444800
linebuf,L140.w0,32,2566301252,432425,448000
linebuf,L140.w1,32,100001563,432585,448000
linebuf,L140.w2,32,3817693863,432745,448000
linebuf,L140.w3,32,3231646302,432905,448000
linebuf,L140.w4,32,930108623,433065,448000
linebuf,L140.w5,32,2934748484,433225,448000
linebuf,L140.w6,32,149093075,433385,448000
linebuf,L140.w7,32,2123691435,433545,448000
linebuf,L140.w8,32,3023328802,433705,448000
linebuf,L140.w9,32,2270045759,433865,448000
linebuf,L140.w10,32,3500014188,434025,448000
linebuf,L140.w11,32,3109392976,434185,448000
linebuf,L141.w0,32,4140870685,434345,451200
linebuf,L141.w1,32,3810398866,434505,451200
linebuf,L141.w2,32,2633583553,434665,451200
linebuf,L141.w3,32,1899609809,434825,451200
linebuf,L141.w4,32,1470782177,434985,451200
linebuf,L141.w5,32,2847241943,435145,451200
linebuf,L141.w6,32,3598618319,435305,451200
linebuf,L141.w7,32,1179288214,435465,451200
linebuf,L141.w8,32,507094348,435625,451200
linebuf,L141.w9,32,2633855357,435785,451200
linebuf,L141.w10,32,2974853005,435945,451200
linebuf,L141.w11,32,741689883,436105,451200
linebuf,L142.w0,32,1716723119,442207,454400
linebuf,L142.w1,32,1001663901,442367,454400
linebuf,L142.w2,32,2126107080,442527,454400
linebuf,L142.w3,32,1931936051,442687,454400
linebuf,L142.w4,32,1623043534,442847,454400
linebuf,L142.w5,32,3223856108,443007,454400
linebuf,L142.w6,32,724121074,443167,454400
linebuf,L142.w7,32,4180885364,443327,454400
linebuf,L142.w8,32,995218293,443487,454400
linebuf,L142.w9,32,1012481663,443647,454400
linebuf,L142.w10,32,3522517423,443807,454400
linebuf,L142.w11,32,1218231039,443967,454400
linebuf,L143.w0,32,1986747964,444127,457600
linebuf,L143.w1,32,2349430891,444287,457600
linebuf,L143.w2,32,2490792181,444447,457600
linebuf,L143.w3,32,1673291265,444607,457600
linebuf,L143.w4,32,910133698,444767,457600
linebuf,L143.w5,32,1940023440,444927,457600
linebuf,L143.w6,32,3070622707,445087,457600
linebuf,L143.w7,32,1107564393,445247,457600
linebuf,L143.w8,32,1417842847,445407,457600
linebuf,L143.w9,32,2131733819,445567,457600
linebuf,L143.w10,32,2549572427,445727,457600
linebuf,L143.w11,32,476507858,445887,457600
linebuf,L144.w0,32,3906217198,446047,460800
linebuf,L144.w1,32,918468867,446207,460800
linebuf,L144.w2,32,4270887171,446367,460800
linebuf,L144.w3,32,338668373,446527,460800
linebuf,L144.w4,32,198504593,446687,460800
linebuf,L144.w5,32,66193297,446847,460800
linebuf,L144.w6,32,3424990388,447007,460800
linebuf,L144.w7,32,22451568,447167,460800
linebuf,L144.w8,32,3683311649,447327,460800
linebuf,L144.w9,32,2063295586,447487,460800
linebuf,L144.w10,32,1372561742,447647,460800
linebuf,L144.w11,32,3817494954,447807,460800
linebuf,L145.w0,32,2492170929,450687,464000
linebuf,L145.w1,32,1233580966,450847,464000
linebuf,L145.w2,32,3946388742,451007,464000
linebuf,L145.w3,32,841316587,451167,464000
linebuf,L145.w4,32,1717680247,451327,464000
linebuf,L145.w5,32,687486490,451487,464000
linebuf,L145.w6,32,3779700791,451647,464000
linebuf,L145.w7,32,3540014640,451807,464000
linebuf,L145.w8,32,3257992665,451967,464000
linebuf,L145.w9,32,2774739477,452127,464000
linebuf,L145.w10,32,654007894,452287,464000
linebuf,L145.w11,32,3409055160,452447,464000
linebuf,L146.w0,32,3924225404,452607,467200
linebuf,L146.w1,32,130810916,452767,467200
linebuf,L146.w2,32,65202116,452927,467200
linebuf,L146.w3,32,1663319635,453087,467200
linebuf,L146.w4,32,623535832,453247,467200
linebuf,L146.w5,32,3763711772,453407,467200
linebuf,L146.w6,32,2855342422,453567,467200
linebuf,L146.w7,32,2330344113,453727,467200
linebuf,L146.w8,32,245327183,453887,467200
linebuf,L146.w9,32,2425557485,454047,467200
linebuf,L146.w10,32,1629896669,454207,467200
linebuf,L146.w11,32,1091646106,454367,467200
linebuf,L147.w0,32,558254957,454527,470400
linebuf,L147.w1,32,341529144,454687,470400
linebuf,L147.w2,32,1988094291,454847,470400
linebuf,L147.w3,32,2800979518,455007,470400
linebuf,L147.w4,32,3607688096,455167,470400
linebuf,L147.w5,32,1303099757,455327,470400
linebuf,L147.w6,32,3891602675,455487,470400
linebuf,L147.w7,32,62025776,455647,470400
linebuf,L147.w8,32,152340941,455807,470400
linebuf,L147.w9,32,2306314167,455967,470400
linebuf,L147.w10,32,261356293,456127,470400
linebuf,L147.w11,32,2254444877,456287,470400
linebuf,L148.w0,32,183888082,459167,473600
linebuf,L148.w1,32,4008839237,459327,473600
linebuf,L148.w2,32,1175061228,459487,473600
linebuf,L148.w3,32,3353483334,459647,473600
linebuf,L148.w4,32,504386875,459807,473600
linebuf,L148.w5,32,1857615967,459967,473600
linebuf,L148.w6,32,391003979,460127,473600
linebuf,L148.w7,32,816520238,460287,473600
linebuf,L148.w8,32,118639407,460447,473600
linebuf,L148.w9,32,2146032160,460607,473600
linebuf,L148.w10,32,2738097558,460767,473600
linebuf,L148.w11,32,559684619,460927,473600
linebuf,L149.w0,32,3198093923,461087,476800
linebuf,L149.w1,32,1199458944,461247,476800
linebuf,L149.w2,32,2949660601,461407,476800
linebuf,L149.w3,32,3509580991,461567,476800
linebuf,L149.w4,32,3631922175,461727,476800
linebuf,L149.w5,32,824318160,461887,476800
linebuf,L149.w6,32,2847632843,462047,476800
linebuf,L149.w7,32,1922059544,462207,476800
linebuf,L149.w8,32,1673757052,462367,476800
linebuf,L149.w9,32,1416501627,462527,476800
linebuf,L149.w10,32,2710395064,462687,476800
linebuf,L149.w11,32,1150935983,462847,476800
linebuf,L150.w0,32,4164378003,463007,480000
linebuf,L150.w1,32,1116016040,463167,480000
linebuf,L150.w2,32,2755665323,463327,480000
linebuf,L150.w3,32,2729917030,463487,480000
linebuf,L150.w4,32,1044071056,463647,480000
linebuf,L150.w5,32,1054096051,463807,480000
linebuf,L150.w6,32,258488709,463967,480000
linebuf,L150.w7,32,2525118703,464127,480000
linebuf,L150.w8,32,4016507369,464287,480000
linebuf,L150.w9,32,3384280431,464447,480000
linebuf,L150.w10,32,2536158859,464607,480000
linebuf,L150.w11,32,752806993,464767,480000
linebuf,L151.w0,32,2599970271,468463,483200
linebuf,L151.w1,32,2998129186,468623,483200
linebuf,L151.w2,32,2406288042,468783,483200
linebuf,L151.w3,32,2741826233,468943,483200
linebuf,L151.w4,32,2242710681,469103,483200
linebuf,L151.w5,32,4162434896,469263,483200
linebuf,L151.w6,32,261153948,469423,483200
linebuf,L151.w7,32,3887147261,469583,483200
linebuf,L151.w8,32,1517100796,469743,483200
linebuf,L151.w9,32,2349028542,469903,483200
linebuf,L151.w10,32,1772318362,470063,483200
linebuf,L151.w11,32,2311097884,470223,483200
linebuf,L152.w0,32,856280497,470383,486400
linebuf,L152.w1,32,3056506515,470543,486400
linebuf,L152.w2,32,3780023194,470703,486400
linebuf,L152.w3,32,2303841364,470863,486400
linebuf,L152.w4,32,1821580570,471023,486400
linebuf,L152.w5,32,3951029394,471183,486400
linebuf,L152.w6,32,2844924776,471343,486400
linebuf,L152.w7,32,301010016,471503,486400
linebuf,L152.w8,32,3064658661,471663,486400
linebuf,L152.w9,32,1147164351,471823,486400
linebuf,L152.w10,32,3192376442,471983,486400
linebuf,L152.w11,32,2622776470,472143,486400
linebuf,L153.w0,32,3097166585,472303,489600
linebuf,L153.w1,32,4176260644,472463,489600
linebuf,L153.w2,32,3230710916,472623,489600
linebuf,L153.w3,32,310458346,472783,489600
linebuf,L153.w4,32,1080530870,472943,489600
linebuf,L153.w5,32,762693699,473103,489600
linebuf,L153.w6,32,4193621873,473263,489600
linebuf,L153.w7,32,414752776,473423,489600
linebuf,L153.w8,32,648581971,473583,489600
linebuf,L153.w9,32,252153708,473743,489600
linebuf,L153.w10,32,3945560532,473903,489600
linebuf,L153.w11,32,873366626,474063,489600
linebuf,L154.w0,32,3660017784,476943,492800
linebuf,L154.w1,32,192868483,477103,492800
linebuf,L154.w2,32,226822619,477263,492800
linebuf,L154.w3,32,2736421657,477423,492800
linebuf,L154.w4,32,391778659,477583,492800
linebuf,L154.w5,32,3918533187,477743,492800
linebuf,L154.w6,32,3492048074,477903,492800
linebuf,L154.w7,32,2202629233,478063,492800
linebuf,L154.w8,32,2015056160,478223,492800
linebuf,L154.w9,32,2152327546,478383,492800
linebuf,L154.w10,32,1590225367,478543,492800
linebuf,L154.w11,32,426413444,478703,492800
linebuf,L155.w0,32,4229200504,478863,496000
linebuf,L155.w1,32,1342982369,479023,496000
linebuf,L155.w2,32,172305235,479183,496000
linebuf,L155.w3,32,543856730,479343,496000
linebuf,L155.w4,32,2282625035,479503,496000
linebuf,L155.w5,32,142532987,479663,496000
linebuf,L155.w6,32,1904172781,479823,496000
linebuf,L155.w7,32,2852959989,479983,496000
linebuf,L155.w8,32,550628221,480143,496000
linebuf,L155.w9,32,3845772109,480303,496000
linebuf,L155.w10,32,1697320663,480463,496000
linebuf,L155.w11,32,3278787417,480623,496000
linebuf,L156.w0,32,3039322444,480783,499200
linebuf,L156.w1,32,3860152758,480943,499200
linebuf,L156.w2,32,3789516689,481103,499200
linebuf,L156.w3,32,1915912387,481263,499200
linebuf,L156.w4,32,105740847,481423,499200
linebuf,L156.w5,32,3163782526,481583,499200
linebuf,L156.w6,32,2252751404,481743,499200
linebuf,L156.w7,32,1159596010,481903,499200
linebuf,L156.w8,32,388164542,482063,499200
linebuf,L156.w9,32,1073778214,482223,499200
linebuf,L156.w10,32,3437663735,482383,499200
linebuf,L156.w11,32,1397643023,482543,499200
linebuf,L157.w0,32,146859170,490302,502400
linebuf,L157.w1,32,3692361767,490462,502400
linebuf,L157.w2,32,1650281938,490622,502400
linebuf,L157.w3,32,249806283,490782,502400
linebuf,L157.w4,32,3146519561,490942,502400
linebuf,L157.w5,32,1121017043,491102,502400
linebuf,L157.w6,32,1345212502,491262,502400
linebuf,L157.w7,32,3157753619,491422,502400
linebuf,L157.w8,32,558366790,491582,502400
linebuf,L157.w9,32,1117980117,491742,502400
linebuf,L157.w10,32,3412661697,491902,502400
linebuf,L157.w11,32,1632874353,492062,502400
linebuf,L158.w0,32,3465692363,492222,505600
linebuf,L158.w1,32,503095564,492382,505600
linebuf,L158.w2,32,3675889851,492542,505600
linebuf,L158.w3,32,2911093755,492702,505600
linebuf,L158.w4,32,1304572582,492862,505600
linebuf,L158.w5,32,403978018,493022,505600
linebuf,L158.w6,32,1824632495,493182,505600
linebuf,L158.w7,32,3613727055,493342,505600
linebuf,L158.w8,32,1053941995,493502,505600
linebuf,L158.w9,32,2159247377,493662,505600
linebuf,L158.w10,32,2393059118,493822,505600
linebuf,L158.w11,32,882234922,493982,505600
linebuf,L159.w0,32,1417799478,494142,508800
linebuf,L159.w1,32,3964413819,494302,508800
linebuf,L159.w2,32,1454547940,494462,508800
linebuf,L159.w3,32,2187513285,494622,508800
linebuf,L159.w4,32,3365628371,494782,508800
linebuf,L159.w5,32,1679728269,494942,508800
linebuf,L159.w6,32,4107260726,495102,508800
linebuf,L159.w7,32,3847101137,495262,508800
linebuf,L159.w8,32,2508863573,495422,508800
linebuf,L159.w9,32,2066533911,495582,508800
linebuf,L159.w10,32,449631239,495742,508800
linebuf,L159.w11,32,557158118,495902,508800
linebuf,L160.w0,32,1926772655,498782,512000
linebuf,L160.w1,32,2249473556,498942,512000
linebuf,L160.w2,32,4243558933,499102,512000
linebuf,L160.w3,32,2399367102,499262,512000
linebuf,L160.w4,32,3089719976,499422,512000
linebuf,L160.w5,32,3624977398,499582,512000
linebuf,L160.w6,32,3585379024,499742,512000
linebuf,L160.w7,32,2496937694,499902,512000
linebuf,L160.w8,32,3012001550,500062,512000
linebuf,L160.w9,32,2233720933,500222,512000
linebuf,L160.w10,32,2300466123,500382,512000
linebuf,L160.w11,32,130001642,500542,512000
linebuf,L161.w0,32,3851805643,500702,515200
linebuf,L161.w1,32,4208143535,500862,515200
linebuf,L161.w2,32,3571768067,501022,515200
linebuf,L161.w3,32,4256905144,501182,515200
linebuf,L161.w4,32,1251235156,501342,515200
linebuf,L161.w5,32,3191927694,501502,515200
linebuf,L161.w6,32,674446862,501662,515200
linebuf,L161.w7,32,858882631,501822,515200
linebuf,L161.w8,32,1590649181,501982,515200
linebuf,L161.w9,32,1671766755,502142,515200
linebuf,L161.w10,32,2238011570,502302,515200
linebuf,L161.w11,32,1392515939,502462,515200
linebuf,L162.w0,32,418244291,502622,518400
linebuf,L162.w1,32,1758801590,502782,518400
linebuf,L162.w2,32,1483392742,502942,518400
linebuf,L162.w3,32,542741065,503102,518400
linebuf,L162.w4,32,2469201032,503262,518400
linebuf,L162.w5,32,278583920,503422,518400
linebuf,L162.w6,32,187151561,503582,518400
linebuf,L162.w7,32,1290621082,503742,518400
linebuf,L162.w8,32,3500177909,503902,518400
linebuf,L162.w9,32,3431525329,504062,518400
linebuf,L162.w10,32,2796526400,504222,518400
linebuf,L162.w11,32,2292145818,504382,518400
linebuf,L163.w0,32,1281278861,507262,521600
linebuf,L163.w1,32,1369232588,507422,521600
linebuf,L163.w2,32,1514474787,507582,521600
linebuf,L163.w3,32,1171106121,507742,521600
linebuf,L163.w4,32,1397104307,507902,521600
linebuf,L163.w5,32,3215798881,508062,521600
linebuf,L163.w6,32,3214842204,508222,521600
linebuf,L163.w7,32,2233823700,508382,521600
linebuf,L163.w8,32,2152022831,508542,521600
linebuf,L163.w9,32,36985501,508702,521600
linebuf,L163.w10,32,2259704284,508862,521600
linebuf,L163.w11,32,523401844,509022,521600
linebuf,L164.w0,32,638904295,509182,524800
linebuf,L164.w1,32,1361980394,509342,524800
linebuf,L164.w2,32,3927395406,509502,524800
linebuf,L164.w3,32,3121606839,509662,524800
linebuf,L164.w4,32,1398325062,509822,524800
linebuf,L164.w5,32,3370289514,509982,524800
linebuf,L164.w6,32,1406878609,510142,524800
linebuf,L164.w7,32,2461488688,510302,524800
linebuf,L164.w8,32,295691935,510462,524800
linebuf,L164.w9,32,1940525319,510622,524800
linebuf,L164.w10,32,4206540725,510782,524800
linebuf,L164.w11,32,1200925585,510942,524800
linebuf,L165.w0,32,2060286533,511102,528000
linebuf,L165.w1,32,1950525644,511262,528000
linebuf,L165.w2,32,3920810090,511422,528000
linebuf,L165.w3,32,1564078520,511582,528000
linebuf,L165.w4,32,3984085710,511742,528000
linebuf,L165.w5,32,3185307850,511902,528000
linebuf,L165.w6,32,4165053734,512062,528000
linebuf,L165.w7,32,1634354142,512222,528000
linebuf,L165.w8,32,3503101089,512382,528000
linebuf,L165.w9,32,3820725302,512542,528000
linebuf,L165.w10,32,3974748397,512702,528000
linebuf,L165.w11,32,335739164,512862,528000
linebuf,L166.w0,32,3441847976,515742,531200
linebuf,L166.w1,32,240950251,515902,531200
linebuf,L166.w2,32,578021944,516062,531200
linebuf,L166.w3,32,209277178,516222,531200
linebuf,L166.w4,32,2249324729,516382,531200
linebuf,L166.w5,32,2113864878,516542,531200
linebuf,L166.w6,32,2472200409,516702,531200
linebuf,L166.w7,32,3664033904,516862,531200
linebuf,L166.w8,32,4262744433,517022,531200
linebuf,L166.w9,32,1081981844,517182,531200
linebuf,L166.w10,32,3367033384,517342,531200
linebuf,L166.w11,32,1053834313,517502,531200
linebuf,L167.w0,32,3019002173,517662,534400
linebuf,L167.w1,32,2464382994,517822,534400
linebuf,L167.w2,32,3206833188,517982,534400
linebuf,L167.w3,32,1454485810,518142,534400
linebuf,L167.w4,32,1552964642,518302,534400
linebuf,L167.w5,32,4254612981,518462,534400
linebuf,L167.w6,32,4047205913,518622,534400
linebuf,L167.w7,32,3422704484,518782,534400
linebuf,L167.w8,32,2763815287,518942,534400
linebuf,L167.w9,32,1589716915,519102,534400
linebuf,L167.w10,32,1729044788,519262,534400
linebuf,L167.w11,32,1320222580,519422,534400
linebuf,L168.w0,32,1995319722,519582,537600
linebuf,L168.w1,32,2569513213,519742,537600
linebuf,L168.w2,32,4208015365,519902,537600
linebuf,L168.w3,32,1462228800,520062,537600
linebuf,L168.w4,32,2285474064,520222,537600
linebuf,L168.w5,32,2179876716,520382,537600
linebuf,L168.w6,32,720684930,520542,537600
linebuf,L168.w7,32,124864677,520702,537600
linebuf,L168.w8,32,637179869,520862,537600
linebuf,L168.w9,32,1074280873,521022,537600
linebuf,L168.w10,32,2951682753,521182,537600
linebuf,L168.w11,32,949755087,521342,537600
linebuf,L169.w0,32,3894703239,524222,540800
linebuf,L169.w1,32,484306588,524382,540800
linebuf,L169.w2,32,792852429,524542,540800
linebuf,L169.w3,32,3291340226,524702,540800
linebuf,L169.w4,32,1765698909,524862,540800
linebuf,L169.w5,32,4033814906,525022,540800
linebuf,L169.w6,32,3126565325,525182,540800
linebuf,L169.w7,32,2661609659,525342,540800
linebuf,L169.w8,32,215199464,525502,540800
linebuf,L169.w9,32,3486345474,525662,540800
linebuf,L169.w10,32,426156987,525822,540800
linebuf,L169.w11,32,4203038109,525982,540800
linebuf,L170.w0,32,2343797595,526142,544000
linebuf,L170.w1,32,2926233754,526302,544000
linebuf,L170.w2,32,1141298303,526462,544000
linebuf,L170.w3,32,3069431946,526622,544000
linebuf,L170.w4,32,459293494,526782,544000
linebuf,L170.w5,32,877653985,526942,544000
linebuf,L170.w6,32,1123982505,527102,544000
linebuf,L170.w7,32,286788825,527262,544000
linebuf,L170.w8,32,2715025282,527422,544000
linebuf,L170.w9,32,2453355498,527582,544000
linebuf,L170.w10,32,2260773886,527742,544000
linebuf,L170.w11,32,2753212332,527902,544000
linebuf,L171.w0,32,337140998,528062,547200
linebuf,L171.w1,32,3672842917,528222,547200
linebuf,L171.w2,32,312722763,528382,547200
linebuf,L171.w3,32,3411115626,528542,547200
linebuf,L171.w4,32,3653415119,528702,547200
linebuf,L171.w5,32,933643131,528862,547200
linebuf,L171.w6,32,2762690284,529022,547200
linebuf,L171.w7,32,3600314812,529182,547200
linebuf,L171.w8,32,744606700,529342,547200
linebuf,L171.w9,32,2196773720,529502,547200
linebuf,L171.w10,32,3701549135,529662,547200
linebuf,L171.w11,32,1855811703,529822,547200
linebuf,L172.w0,32,1580998038,538941,550400
linebuf,L172.w1,32,3865527260,539101,550400
linebuf,L172.w2,32,3640542008,539261,550400
linebuf,L172.w3,32,2090244384,539421,550400
linebuf,L172.w4,32,3050622533,539581,550400
linebuf,L172.w5,32,3467980739,539741,550400
linebuf,L172.w6,32,1218707318,539901,550400
linebuf,L172.w7,32,944612994,540061,550400
linebuf,L172.w8,32,3828024871,540221,550400
linebuf,L172.w9,32,860649144,540381,550400
linebuf,L172.w10,32,2568725454,540541,550400
linebuf,L172.w11,32,2120061757,540701,550400
linebuf,L173.w0,32,3717265499,540861,553600
linebuf,L173.w1,32,3860573419,541021,553600
linebuf,L173.w2,32,3834518349,541181,553600
linebuf,L173.w3,32,1010269600,541341,553600
linebuf,L173.w4,32,1827268402,541501,553600
linebuf,L173.w5,32,1942157040,541661,553600
linebuf,L173.w6,32,2901681369,541821,553600
linebuf,L173.w7,32,1576941297,541981,553600
linebuf,L173.w8,32,2338507962,542141,553600
linebuf,L173.w9,32,3919684184,542301,553600
linebuf,L173.w10,32,4057606953,542461,553600
linebuf,L173.w11,32,810999216,542621,553600
linebuf,L174.w0,32,3428074291,542781,556800
linebuf,L174.w1,32,2070853638,542941,556800
linebuf,L174.w2,32,3117366750,543101,556800
linebuf,L174.w3,32,312214448,543261,556800
linebuf,L174.w4,32,3496242425,543421,556800
linebuf,L174.w5,32,3611217251,543581,556800
linebuf,L174.w6,32,4287064344,543741,556800
linebuf,L174.w7,32,4193188059,543901,556800
linebuf,L174.w8,32,1101921895,544061,556800
linebuf,L174.w9,32,1749384769,544221,556800
linebuf,L174.w10,32,864850215,544381,556800
linebuf,L174.w11,32,35561698,544541,556800
linebuf,L175.w0,32,3308552940,547421,560000
linebuf,L175.w1,32,1635165130,547581,560000
linebuf,L175.w2,32,2208832078,547741,560000
linebuf,L175.w3,32,3762700191,547901,560000
linebuf,L175.w4,32,2091974696,548061,560000
linebuf,L175.w5,32,328191011,548221,560000
linebuf,L175.w6,32,1734063283,548381,560000
linebuf,L175.w7,32,2645032434,548541,560000
linebuf,L175.w8,32,3791154435,548701,560000
linebuf,L175.w9,32,2190727033,548861,560000
linebuf,L175.w10,32,3419789873,549021,560000
linebuf,L175.w11,32,2483698411,549181,560000
linebuf,L176.w0,32,2510827579,549341,563200
linebuf,L176.w1,32,1827925738,549501,563200
linebuf,L176.w2,32,172310156,549661,563200
linebuf,L176.w3,32,1511082319,549821,563200
linebuf,L176.w4,32,3655625297,549981,563200
linebuf,L176.w5,32,4242920134,550141,563200
linebuf,L176.w6,32,1969043569,550301,563200
linebuf,L176.w7,32,27493137,550461,563200
linebuf,L176.w8,32,815015232,550621,563200
linebuf,L176.w9,32,4125410491,550781,563200
linebuf,L176.w10,32,1285716801,550941,563200
linebuf,L176.w11,32,2989278023,551101,563200
linebuf,L177.w0,32,2969258952,551261,566400
linebuf,L177.w1,32,2757706140,551421,566400
linebuf,L177.w2,32,23652713,551581,566400
linebuf,L177.w3,32,2322599999,551741,566400
linebuf,L177.w4,32,515587831,551901,566400
linebuf,L177.w5,32,3529882839,552061,566400
linebuf,L177.w6,32,1299887469,552221,566400
linebuf,L177.w7,32,2201136179,552381,566400
linebuf,L177.w8,32,3810457851,552541,566400
linebuf,L177.w9,32,4268907102,552701,566400
linebuf,L177.w10,32,3207741170,552861,566400
linebuf,L177.w11,32,1355285584,553021,566400
linebuf,L178.w0,32,2332290684,555901,569600
linebuf,L178.w1,32,2770459357,556061,569600
linebuf,L178.w2,32,2456584804,556221,569600
linebuf,L178.w3,32,4268302745,556381,569600
linebuf,L178.w4,32,2368145367,556541,569600
linebuf,L178.w5,32,1213357706,556701,569600
linebuf,L178.w6,32,2257551700,556861,569600
linebuf,L178.w7,32,1767107048,557021,569600
linebuf,L178.w8,32,2328046525,557181,569600
linebuf,L178.w9,32,4035663442,557341,569600
linebuf,L178.w10,32,3515720848,557501,569600
linebuf,L178.w11,32,3980530265,557661,569600
linebuf,L179.w0,32,4094687522,557821,572800
linebuf,L179.w1,32,2224211893,557981,572800
linebuf,L179.w2,32,1753638458,558141,572800
linebuf,L179.w3,32,2588874678,558301,572800
linebuf,L179.w4,32,2705680102,558461,572800
linebuf,L179.w5,32,2495631443,558621,572800
linebuf,L179.w6,32,1321816604,558781,572800
linebuf,L179.w7,32,1943568343,558941,572800
linebuf,L179.w8,32,1296695246,559101,572800
linebuf,L179.w9,32,562398820,559261,572800
linebuf,L179.w10,32,2174616455,559421,572800
linebuf,L179.w11,32,1907752789,559581,572800
linebuf,L180.w0,32,2518000430,559741,576000
linebuf,L180.w1,32,602699159,559901,576000
linebuf,L180.w2,32,2362208242,560061,576000
linebuf,L180.w3,32,3317901462,560221,576000
linebuf,L180.w4,32,4194377867,560381,576000
linebuf,L180.w5,32,4185670296,560541,576000
linebuf,L180.w6,32,699956143,560701,576000
linebuf,L180.w7,32,1085526214,560861,576000
linebuf,L180.w8,32,2734452843,561021,576000
linebuf,L180.w9,32,41256666,561181,576000
linebuf,L180.w10,32,4271478159,561341,576000
linebuf,L180.w11,32,1821830650,561501,576000
linebuf,L181.w0,32,2430558587,564381,579200
linebuf,L181.w1,32,155691666,564541,579200
linebuf,L181.w2,32,1582107685,564701,579200
linebuf,L181.w3,32,1807614571,564861,579200
linebuf,L181.w4,32,1727173357,565021,579200
linebuf,L181.w5,32,1209269418,565181,579200
linebuf,L181.w6,32,4022336061,565341,579200
linebuf,L181.w7,32,2830349278,565501,579200
linebuf,L181.w8,32,3845415001,565661,579200
linebuf,L181.w9,32,3225577996,565821,579200
linebuf,L181.w10,32,2876237781,565981,579200
linebuf,L181.w11,32,78729811,566141,579200
linebuf,L182.w0,32,3860092807,566301,582400
linebuf,L182.w1,32,388595128,566461,582400
linebuf,L182.w2,32,3973547619,566621,582400
linebuf,L182.w3,32,386681600,566781,582400
linebuf,L182.w4,32,3635017972,566941,582400
linebuf,L182.w5,32,20694714,567101,582400
linebuf,L182.w6,32,1646760017,567261,582400
linebuf,L182.w7,32,1154810226,567421,582400
linebuf,L182.w8,32,1994430969,567581,582400
linebuf,L182.w9,32,1168049040,567741,582400
linebuf,L182.w10,32,3418396700,567901,582400
linebuf,L182.w11,32,3356688087,568061,582400
linebuf,L183.w0,32,1600446674,568221,585600
linebuf,L183.w1,32,2730897715,568381,585600
linebuf,L183.w2,32,3218493055,568541,585600
linebuf,L183.w3,32,3660408194,568701,585600
linebuf,L183.w4,32,2067684778,568861,585600
linebuf,L183.w5,32,3301263197,569021,585600
linebuf,L183.w6,32,1445433900,569181,585600
linebuf,L183.w7,32,1668417946,569341,585600
linebuf,L183.w8,32,1959141967,569501,585600
linebuf,L183.w9,32,3451135325,569661,585600
linebuf,L183.w10,32,500404296,569821,585600
linebuf,L183.w11,32,2077579264,569981,585600
linebuf,L184.w0,32,1783246509,574015,588800
linebuf,L184.w1,32,636773206,574175,588800
linebuf,L184.w2,32,78011961,574335,588800
linebuf,L184.w3,32,4273512447,574495,588800
linebuf,L184.w4,32,739052080,574655,588800
linebuf,L184.w5,32,3496329447,574815,588800
linebuf,L184.w6,32,1117692447,574975,588800
linebuf,L184.w7,32,1579542688,575135,588800
linebuf,L184.w8,32,3684583870,575295,588800
linebuf,L184.w9,32,545970687,575455,588800
linebuf,L184.w10,32,2532214511,575615,588800
linebuf,L184.w11,32,3376518736,575775,588800
linebuf,L185.w0,32,1233277959,575935,592000
linebuf,L185.w1,32,4078627584,576095,592000
linebuf,L185.w2,32,4285203526,576255,592000
linebuf,L185.w3,32,1773440014,576415,592000
linebuf,L185.w4,32,1107760522,576575,592000
linebuf,L185.w5,32,4033208138,576735,592000
linebuf,L185.w6,32,2206704103,576895,592000
linebuf,L185.w7,32,1233845011,577055,592000
linebuf,L185.w8,32,3176213305,577215,592000
linebuf,L185.w9,32,1807123872,577375,592000
linebuf,L185.w10,32,2969199126,577535,592000
linebuf,L185.w11,32,1175425597,577695,592000
linebuf,L186.w0,32,1861879867,577855,595200
linebuf,L186.w1,32,1442694145,578015,595200
linebuf,L186.w2,32,3337179672,578175,595200
linebuf,L186.w3,32,3925473883,578335,595200
linebuf,L186.w4,32,2086469822,578495,595200
linebuf,L186.w5,32,925412025,578655,595200
linebuf,L186.w6,32,3072899065,578815,595200
linebuf,L186.w7,32,3563195019,578975,595200
linebuf,L186.w8,32,2110446164,579135,595200
linebuf,L186.w9,32,4077411768,579295,595200
linebuf,L186.w10,32,4172537889,579455,595200
linebuf,L186.w11,32,1726167058,579615,595200
linebuf,L187.w0,32,392462242,582495,598400
linebuf,L187.w1,32,276772820,582655,598400
linebuf,L187.w2,32,556069959,582815,598400
linebuf,L187.w3,32,885362919,582975,598400
linebuf,L187.w4,32,4151149441,583135,598400
linebuf,L187.w5,32,642541467,583295,598400
linebuf,L187.w6,32,984528365,583455,598400
linebuf,L187.w7,32,3136036815,583615,598400
linebuf,L187.w8,32,112253473,583775,598400
linebuf,L187.w9,32,443519845,583935,598400
linebuf,L187.w10,32,1087587724,584095,598400
linebuf,L187.w11,32,668781488,584255,598400
linebuf,L188.w0,32,2060669701,584415,601600
linebuf,L188.w1,32,3327327383,584575,601600
linebuf,L188.w2,32,4089532836,584735,601600
linebuf,L188.w3,32,424997160,584895,601600
linebuf,L188.w4,32,1714249864,585055,601600
linebuf,L188.w5,32,2790269882,585215,601600
linebuf,L188.w6,32,3107432840,585375,601600
linebuf,L188.w7,32,805027153,585535,601600
linebuf,L188.w8,32,3583559769,585695,601600
linebuf,L188.w9,32,12867764,585855,601600
linebuf,L188.w10,32,382947942,586015,601600
linebuf,L188.w11,32,1836897517,586175,601600
linebuf,L189.w0,32,2628055918,586335,604800
linebuf,L189.w1,32,4100904669,586495,604800
linebuf,L189.w2,32,4276861256,586655,604800
linebuf,L189.w3,32,218495362,586815,604800
linebuf,L189.w4,32,2360496708,586975,604800
linebuf,L189.w5,32,937493333,587135,604800
linebuf,L189.w6,32,2295600666,587295,604800
linebuf,L189.w7,32,1811957492,587455,604800
linebuf,L189.w8,32,1489076075,587615,604800
linebuf,L189.w9,32,202012880,587775,604800
linebuf,L189.w10,32,4063491730,587935,604800
linebuf,L189.w11,32,2798556992,588095,604800
linebuf,L190.w0,32,443111124,590975,608000
linebuf,L190.w1,32,3154743256,591135,608000
linebuf,L190.w2,32,2374403342,591295,608000
linebuf,L190.w3,32,2916574202,591455,608000
linebuf,L190.w4,32,1802293818,591615,608000
linebuf,L190.w5,32,3585908596,591775,608000
linebuf,L190.w6,32,2884698288,591935,608000
linebuf,L190.w7,32,3183090155,592095,608000
linebuf,L190.w8,32,509583415,592255,608000
linebuf,L190.w9,32,4274032272,592415,608000
linebuf,L190.w10,32,1139602105,592575,608000
linebuf,L190.w11,32,2940138844,592735,608000
linebuf,L191.w0,32,1197236657,592895,611200
linebuf,L191.w1,32,768978328,593055,611200
linebuf,L191.w2,32,2060351363,593215,611200
linebuf,L191.w3,32,3457966418,593375,611200
linebuf,L191.w4,32,3407123837,593535,611200
linebuf,L191.w5,32,3024357647,593695,611200
linebuf,L191.w6,32,3684427029,593855,611200
linebuf,L191.w7,32,204763103,594015,611200
linebuf,L191.w8,32,3377663838,594175,611200
linebuf,L191.w9,32,920067135,594335,611200
linebuf,L191.w10,32,2906863209,594495,611200
linebuf,L191.w11,32,2767126413,594655,611200
linebuf,L192.w0,32,374490045,594815,614400
linebuf,L192.w1,32,3721147390,594975,614400
linebuf,L192.w2,32,1673822090,595135,614400
linebuf,L192.w3,32,531666783,595295,614400
linebuf,L192.w4,32,2872051604,595455,614400
linebuf,L192.w5,32,1921108452,595615,614400
linebuf,L192.w6,32,1263784579,595775,614400
linebuf,L192.w7,32,2928993158,595935,614400
linebuf,L192.w8,32,2181063404,596095,614400
linebuf,L192.w9,32,2138727811,596255,614400
linebuf,L192.w10,32,3887281972,596415,614400
linebuf,L192.w11,32,1688277367,596575,614400
linebuf,L193.w0,32,3667372311,605198,617600
linebuf,L193.w1,32,2058108834,605358,617600
linebuf,L193.w2,32,454534996,605518,617600
linebuf,L193.w3,32,640523605,605678,617600
linebuf,L193.w4,32,1659422620,605838,617600
linebuf,L193.w5,32,2635546459,605998,617600
linebuf,L193.w6,32,3888617884,606158,617600
linebuf,L193.w7,32,3016734480,606318,617600
linebuf,L193.w8,32,864147695,606478,617600
linebuf,L193.w9,32,717789655,606638,617600
linebuf,L193.w10,32,2236572573,606798,617600
linebuf,L193.w11,32,1106424563,606958,617600
linebuf,L194.w0,32,1789300699,607118,620800
linebuf,L194.w1,32,3191921139,607278,620800
linebuf,L194.w2,32,3813704543,607438,620800
linebuf,L194.w3,32,4016435448,607598,620800
linebuf,L194.w4,32,4260885409,607758,620800
linebuf,L194.w5,32,2305176018,607918,620800
linebuf,L194.w6,32,1239495600,608078,620800
linebuf,L194.w7,32,3732030087,608238,620800
linebuf,L194.w8,32,2115170644,608398,620800
linebuf,L194.w9,32,2721558934,608558,620800
linebuf,L194.w10,32,3844017850,608718,620800
linebuf,L194.w11,32,3479793295,608878,620800
linebuf,L195.w0,32,2339879600,609038,624000
linebuf,L195.w1,32,3921477800,609198,624000
linebuf,L195.w2,32,921807084,609358,624000
linebuf,L195.w3,32,3387490785,609518,624000
linebuf,L195.w4,32,3262724786,609678,624000
linebuf,L195.w5,32,2678155788,609838,624000
linebuf,L195.w6,32,1447787497,609998,624000
linebuf,L195.w7,32,3698173038,610158,624000
linebuf,L195.w8,32,2087244060,610318,624000
linebuf,L195.w9,32,441777862,610478,624000
linebuf,L195.w10,32,36773098,610638,624000
linebuf,L195.w11,32,3254623744,610798,624000
linebuf,L196.w0,32,2823006243,613678,627200
linebuf,L196.w1,32,1489832219,613838,627200
linebuf,L196.w2,32,3976335901,613998,627200
linebuf,L196.w3,32,3801732958,614158,627200
linebuf,L196.w4,32,4160471585,614318,627200
linebuf,L196.w5,32,3044275738,614478,627200
linebuf,L196.w6,32,1149048416,614638,627200
linebuf,L196.w7,32,242402710,614798,627200
linebuf,L196.w8,32,2321584335,614958,627200
linebuf,L196.w9,32,2686295344,615118,627200
linebuf,L196.w10,32,1890864664,615278,627200
linebuf,L196.w11,32,1287906920,615438,627200
linebuf,L197.w0,32,3263553306,615598,630400
linebuf,L197.w1,32,3883477615,615758,630400
linebuf,L197.w2,32,3618018907,615918,630400
linebuf,L197.w3,32,432755067,616078,630400
linebuf,L197.w4,32,981658422,616238,630400
linebuf,L197.w5,32,2181902618,616398,630400
linebuf,L197.w6,32,1179246245,616558,630400
linebuf,L197.w7,32,1161091406,616718,630400
linebuf,L197.w8,32,3033370254,616878,630400
linebuf,L197.w9,32,1058062369,617038,630400
linebuf,L197.w10,32,1767993442,617198,630400
linebuf,L197.w11,32,637101865,617358,630400
linebuf,L198.w0,32,559211348,617518,633600
linebuf,L198.w1,32,1100869506,617678,633600
linebuf,L198.w2,32,838852606,617838,633600
linebuf,L198.w3,32,1751134904,617998,633600
linebuf,L198.w4,32,2408829445,618158,633600
linebuf,L198.w5,32,2705941237,618318,633600
linebuf,L198.w6,32,2570514068,618478,633600
linebuf,L198.w7,32,3880484790,618638,633600
linebuf,L198.w8,32,4123476019,618798,633600
linebuf,L198.w9,32,250954502,618958,633600
linebuf,L198.w10,32,2288272465,619118,633600
linebuf,L198.w11,32,3583917651,619278,633600
linebuf,L199.w0,32,639326273,622158,636800
linebuf,L199.w1,32,4062455353,622318,636800
linebuf,L199.w2,32,1777265723,622478,636800
linebuf,L199.w3,32,1160337871,622638,636800
linebuf,L199.w4,32,1201694435,622798,636800
linebuf,L199.w5,32,2062215470,622958,636800
linebuf,L199.w6,32,2986818361,623118,636800
linebuf,L199.w7,32,1313388320,623278,636800
linebuf,L199.w8,32,1147002149,623438,636800
linebuf,L199.w9,32,2110231086,623598,636800
linebuf,L199.w10,32,920842318,623758,636800
linebuf,L199.w11,32,2142149952,623918,636800
linebuf,L200.w0,32,1579192448,624078,640000
linebuf,L200.w1,32,2572714235,624238,640000
linebuf,L200.w2,32,2020992831,624398,640000
linebuf,L200.w3,32,1037932633,624558,640000
linebuf,L200.w4,32,1453395355,624718,640000
linebuf,L200.w5,32,756596271,624878,640000
linebuf,L200.w6,32,2601599794,625038,640000
linebuf,L200.w7,32,3259522730,625198,640000
linebuf,L200.w8,32,778263821,625358,640000
linebuf,L200.w9,32,3174869535,625518,640000
linebuf,L200.w10,32,3779185922,625678,640000
linebuf,L200.w11,32,2493430422,625838,640000
linebuf,L201.w0,32,2981443321,625998,643200
linebuf,L201.w1,32,1937518309,626158,643200
linebuf,L201.w2,32,2296790534,626318,643200
linebuf,L201.w3,32,641795013,626478,643200
linebuf,L201.w4,32,249805073,626638,643200
linebuf,L201.w5,32,2164433473,626798,643200
linebuf,L201.w6,32,1400187858,626958,643200
linebuf,L201.w7,32,2269810739,627118,643200
linebuf,L201.w8,32,2963988604,627278,643200
linebuf,L201.w9,32,580109854,627438,643200
linebuf,L201.w10,32,2770529971,627598,643200
linebuf,L201.w11,32,3270223232,627758,643200
linebuf,L202.w0,32,3829000045,630638,646400
linebuf,L202.w1,32,915604562,630798,646400
linebuf,L202.w2,32,1354488240,630958,646400
linebuf,L202.w3,32,2673821876,631118,646400
linebuf,L202.w4,32,2120557122,631278,646400
linebuf,L202.w5,32,2063332184,631438,646400
linebuf,L202.w6,32,1417517936,631598,646400
linebuf,L202.w7,32,508554572,631758,646400
linebuf,L202.w8,32,549421921,631918,646400
linebuf,L202.w9,32,3810729961,632078,646400
linebuf,L202.w10,32,601798312,632238,646400
linebuf,L202.w11,32,2999385040,632398,646400
linebuf,L203.w0,32,1101527903,632558,649600
linebuf,L203.w1,32,966487193,632718,649600
linebuf,L203.w2,32,378080657,632878,649600
linebuf,L203.w3,32,2728432283,633038,649600
linebuf,L203.w4,32,2314238024,633198,649600
linebuf,L203.w5,32,3560644053,633358,649600
linebuf,L203.w6,32,3019028898,633518,649600
linebuf,L203.w7,32,214881549,633678,649600
linebuf,L203.w8,32,2418378391,633838,649600
linebuf,L203.w9,32,739093699,633998,649600
linebuf,L203.w10,32,2941050805,634158,649600
linebuf,L203.w11,32,498806705,634318,649600
linebuf,L204.w0,32,971727792,634478,652800
linebuf,L204.w1,32,2419184789,634638,652800
linebuf,L204.w2,32,856435136,634798,652800
linebuf,L204.w3,32,2160440623,634958,652800
linebuf,L204.w4,32,2437715409,635118,652800
linebuf,L204.w5,32,2834268448,635278,652800
linebuf,L204.w6,32,3797977698,635438,652800
linebuf,L204.w7,32,1322262239,635598,652800
linebuf,L204.w8,32,1813612423,635758,652800
linebuf,L204.w9,32,1407207212,635918,652800
linebuf,L204.w10,32,18196253,636078,652800
linebuf,L204.w11,32,3323399223,636238,652800
linebuf,L205.w0,32,1311273216,644559,656000
linebuf,L205.w1,32,3531356763,644719,656000
linebuf,L205.w2,32,2643012205,644879,656000
linebuf,L205.w3,32,946037297,645039,656000
linebuf,L205.w4,32,363205766,645199,656000
linebuf,L205.w5,32,3191378271,645359,656000
linebuf,L205.w6,32,964264583,645519,656000
linebuf,L205.w7,32,1203332020,645679,656000
linebuf,L205.w8,32,2923543672,645839,656000
linebuf,L205.w9,32,2687156800,645999,656000
linebuf,L205.w10,32,4230508183,646159,656000
linebuf,L205.w11,32,3698923592,646319,656000
linebuf,L206.w0,32,1464896569,646479,659200
linebuf,L206.w1,32,1155665165,646639,659200
linebuf,L206.w2,32,2581872276,646799,659200
linebuf,L206.w3,32,3087073482,646959,659200
linebuf,L206.w4,32,2226639195,647119,659200
linebuf,L206.w5,32,1628980321,647279,659200
linebuf,L206.w6,32,99320165,647439,659200
linebuf,L206.w7,32,522510083,647599,659200
linebuf,L206.w8,32,1416628003,647759,659200
linebuf,L206.w9,32,1490453440,647919,659200
linebuf,L206.w10,32,598895313,648079,659200
linebuf,L206.w11,32,487051788,648239,659200
linebuf,L207.w0,32,1077270908,648399,662400
linebuf,L207.w1,32,3859499069,648559,662400
linebuf,L207.w2,32,3307043158,648719,662400
linebuf,L207.w3,32,615378813,648879,662400
linebuf,L207.w4,32,2925742796,649039,662400
linebuf,L207.w5,32,2465346468,649199,662400
linebuf,L207.w6,32,176192144,649359,662400
linebuf,L207.w7,32,1490360837,649519,662400
linebuf,L207.w8,32,332323643,649679,662400
linebuf,L207.w9,32,394364344,649839,662400
linebuf,L207.w10,32,3113547284,649999,662400
linebuf,L207.w11,32,4289720598,650159,662400
linebuf,L208.w0,32,1361590487,653327,665600
linebuf,L208.w1,32,1069241610,653487,665600
linebuf,L208.w2,32,1156796295,653647,665600
linebuf,L208.w3,32,2274730528,653807,665600
linebuf,L208.w4,32,213745555,653967,665600
linebuf,L208.w5,32,1553733784,654127,665600
linebuf,L208.w6,32,133874039,654287,665600
linebuf,L208.w7,32,336372136,654447,665600
linebuf,L208.w8,32,597149828,654607,665600
linebuf,L208.w9,32,3976116774,654767,665600
linebuf,L208.w10,32,1715097402,654927,665600
linebuf,L208.w11,32,1597973491,655087,665600
linebuf,L209.w0,32,4010235577,655247,668800
linebuf,L209.w1,32,3092595914,655407,668800
linebuf,L209.w2,32,2741813159,655567,668800
linebuf,L209.w3,32,2969120515,655727,668800
linebuf,L209.w4,32,1039644066,655887,668800
linebuf,L209.w5,32,403131109,656047,668800
linebuf,L209.w6,32,2919049563,656207,668800
linebuf,L209.w7,32,1412277968,656367,668800
linebuf,L209.w8,32,1175245625,656527,668800
linebuf,L209.w9,32,34200172,656687,668800
linebuf,L209.w10,32,2212930426,656847,668800
linebuf,L209.w11,32,3814756038,657007,668800
linebuf,L210.w0,32,1382239370,657167,672000
linebuf,L210.w1,32,4118664875,657327,672000
linebuf,L210.w2,32,4074510534,657487,672000
linebuf,L210.w3,32,481947297,657647,672000
linebuf,L210.w4,32,1513385476,657807,672000
linebuf,L210.w5,32,3965681885,657967,672000
linebuf,L210.w6,32,3451275941,658127,672000
linebuf,L210.w7,32,3397259083,658287,672000
linebuf,L210.w8,32,2753902811,658447,672000
linebuf,L210.w9,32,3110255105,658607,672000
linebuf,L210.w10,32,3622055786,658767,672000
linebuf,L210.w11,32,540736058,658927,672000
linebuf,L211.w0,32,3738275045,661807,675200
linebuf,L211.w1,32,1164278964,661967,675200
linebuf,L211.w2,32,1740161784,662127,675200
linebuf,L211.w3,32,391155596,662287,675200
linebuf,L211.w4,32,2916294348,662447,675200
linebuf,L211.w5,32,2476667170,662607,675200
linebuf,L211.w6,32,2665616313,662767,675200
linebuf,L211.w7,32,3115458915,662927,675200
linebuf,L211.w8,32,2266599034,663087,675200
linebuf,L211.w9,32,2042624582,663247,675200
linebuf,L211.w10,32,2424251232,663407,675200
linebuf,L211.w11,32,1798393355,663567,675200
linebuf,L212.w0,32,2301080189,663727,678400
linebuf,L212.w1,32,4011058837,663887,678400
linebuf,L212.w2,32,1691232375,664047,678400
linebuf,L212.w3,32,1293194068,664207,678400
linebuf,L212.w4,32,3858252384,664367,678400
linebuf,L212.w5,32,942283730,664527,678400
linebuf,L212.w6,32,2717552120,664687,678400
linebuf,L212.w7,32,1299963967,664847,678400
linebuf,L212.w8,32,2358465658,665007,678400
linebuf,L212.w9,32,571762917,665167,678400
linebuf,L212.w10,32,231666472,665327,678400
linebuf,L212.w11,32,2577373020,665487,678400
linebuf,L213.w0,32,2184111629,665647,681600
linebuf,L213.w1,32,471881513,665807,681600
linebuf,L213.w2,32,752249458,665967,681600
linebuf,L213.w3,32,1033289649,666127,681600
linebuf,L213.w4,32,923517695,666287,681600
linebuf,L213.w5,32,3853581490,666447,681600
linebuf,L213.w6,32,1866645494,666607,681600
linebuf,L213.w7,32,1178942230,666767,681600
linebuf,L213.w8,32,2344866698,666927,681600
linebuf,L213.w9,32,85839698,667087,681600
linebuf,L213.w10,32,1075511927,667247,681600
linebuf,L213.w11,32,2314269857,667407,681600
linebuf,L214.w0,32,2276961206,670850,684800
linebuf,L214.w1,32,1124185702,671010,684800
linebuf,L214.w2,32,2032524895,671170,684800
linebuf,L214.w3,32,541480452,671330,684800
linebuf,L214.w4,32,1732106555,671490,684800
linebuf,L214.w5,32,3044585376,671650,684800
linebuf,L214.w6,32,445617982,671810,684800
linebuf,L214.w7,32,3199388841,671970,684800
linebuf,L214.w8,32,1604074331,672130,684800
linebuf,L214.w9,32,296673943,672290,684800
linebuf,L214.w10,32,2810717910,672450,684800
linebuf,L214.w11,32,4198211671,672610,684800
linebuf,L215.w0,32,2337316642,672770,688000
linebuf,L215.w1,32,1559684951,672930,688000
linebuf,L215.w2,32,2339695096,673090,688000
linebuf,L215.w3,32,2385798626,673250,688000
linebuf,L215.w4,32,3624171174,673410,688000
linebuf,L215.w5,32,3455132697,673570,688000
linebuf,L215.w6,32,3105961657,673730,688000
linebuf,L215.w7,32,2179072539,673890,688000
linebuf,L215.w8,32,2940288413,674050,688000
linebuf,L215.w9,32,2494614936,674210,688000
linebuf,L215.w10,32,130625681,674370,688000
linebuf,L215.w11,32,2658780901,674530,688000
linebuf,L216.w0,32,1323399512,674690,691200
linebuf,L216.w1,32,1913352008,674850,691200
linebuf,L216.w2,32,2930938619,675010,691200
linebuf,L216.w3,32,567842615,675170,691200
linebuf,L216.w4,32,669038986,675330,691200
linebuf,L216.w5,32,319317476,675490,691200
linebuf,L216.w6,32,3923336852,675650,691200
linebuf,L216.w7,32,2488002842,675810,691200
linebuf,L216.w8,32,609569831,675970,691200
linebuf,L216.w9,32,2906054126,676130,691200
linebuf,L216.w10,32,3775797829,676290,691200
linebuf,L216.w11,32,3551266789,676450,691200
linebuf,L217.w0,32,3614600448,680997,694400
linebuf,L217.w1,32,3440245579,681157,694400
linebuf,L217.w2,32,3643118742,681317,694400
linebuf,L217.w3,32,3295878214,681477,694400
linebuf,L217.w4,32,1440809960,681637,694400
linebuf,L217.w5,32,1568054506,681797,694400
linebuf,L217.w6,32,3816475175,681957,694400
linebuf,L217.w7,32,1255604369,682117,694400
linebuf,L217.w8,32,686197459,682277,694400
linebuf,L217.w9,32,668316562,682437,694400
linebuf,L217.w10,32,3646897568,682597,694400
linebuf,L217.w11,32,3414996159,682757,694400
linebuf,L218.w0,32,1639537406,682917,697600
linebuf,L218.w1,32,3578266923,683077,697600
linebuf,L218.w2,32,1888572710,683237,697600
linebuf,L218.w3,32,1742210818,683397,697600
linebuf,L218.w4,32,506203895,683557,697600
linebuf,L218.w5,32,4194915699,683717,697600
linebuf,L218.w6,32,2581297955,683877,697600
linebuf,L218.w7,32,623386838,684037,697600
linebuf,L218.w8,32,1158592426,684197,697600
linebuf,L218.w9,32,1268271321,684357,697600
linebuf,L218.w10,32,2864224790,684517,697600
linebuf,L218.w11,32,2950449092,684677,697600
linebuf,L219.w0,32,3433345067,684837,700800
linebuf,L219.w1,32,2743934637,684997,700800
linebuf,L219.w2,32,2592803104,685157,700800
linebuf,L219.w3,32,4093582157,685317,700800
linebuf,L219.w4,32,35153486,685477,700800
linebuf,L219.w5,32,2307596882,685637,700800
linebuf,L219.w6,32,4090248713,685797,700800
linebuf,L219.w7,32,41654207,685957,700800
linebuf,L219.w8,32,3950000543,686117,700800
linebuf,L219.w9,32,3501371484,686277,700800
linebuf,L219.w10,32,2761386201,686437,700800
linebuf,L219.w11,32,569415537,686597,700800
linebuf,L220.w0,32,2413401244,689477,704000
linebuf,L220.w1,32,4047112345,689637,704000
linebuf,L220.w2,32,3791648979,689797,704000
linebuf,L220.w3,32,434406291,689957,704000
linebuf,L220.w4,32,1973661208,690117,704000
linebuf,L220.w5,32,130421832,690277,704000
linebuf,L220.w6,32,3346716872,690437,704000
linebuf,L220.w7,32,1855227841,690597,704000
linebuf,L220.w8,32,2570790882,690757,704000
linebuf,L220.w9,32,2917353565,690917,704000
linebuf,L220.w10,32,1813675484,691077,704000
linebuf,L220.w11,32,1185680622,691237,704000
linebuf,L221.w0,32,4009466025,691397,707200
linebuf,L221.w1,32,1589756881,691557,707200
linebuf,L221.w2,32,1754197391,691717,707200
linebuf,L221.w3,32,1744331398,691877,707200
linebuf,L221.w4,32,2601801525,692037,707200
linebuf,L221.w5,32,1984222092,692197,707200
linebuf,L221.w6,32,228811357,692357,707200
linebuf,L221.w7,32,426003478,692517,707200
linebuf,L221.w8,32,2021915422,692677,707200
linebuf,L221.w9,32,3346379741,692837,707200
linebuf,L221.w10,32,160692915,692997,707200
linebuf,L221.w11,32,2774905413,693157,707200
linebuf,L222.w0,32,3024227637,693317,710400
linebuf,L222.w1,32,2995158575,693477,710400
linebuf,L222.w2,32,2535051,693637,710400
linebuf,L222.w3,32,3488319527,693797,710400
linebuf,L222.w4,32,180670229,693957,710400
linebuf,L222.w5,32,3572404086,694117,710400
linebuf,L222.w6,32,477280865,694277,710400
linebuf,L222.w7,32,2522826514,694437,710400
linebuf,L222.w8,32,599469626,694597,710400
linebuf,L222.w9,32,2278239505,694757,710400
linebuf,L222.w10,32,2182179953,694917,710400
linebuf,L222.w11,32,3277931566,695077,710400
linebuf,L223.w0,32,1163520841,698797,713600
linebuf,L223.w1,32,3362642894,698957,713600
linebuf,L223.w2,32,4224631229,699117,713600
linebuf,L223.w3,32,2440503405,699277,713600
linebuf,L223.w4,32,3904124926,699437,713600
linebuf,L223.w5,32,4160122909,699597,713600
linebuf,L223.w6,32,2812612325,699757,713600
linebuf,L223.w7,32,1530803739,699917,713600
linebuf,L223.w8,32,3444937295,700077,713600
linebuf,L223.w9,32,2035444870,700237,713600
linebuf,L223.w10,32,3520620609,700397,713600
linebuf,L223.w11,32,2995620524,700557,713600
linebuf,L224.w0,32,1053011902,700717,716800
linebuf,L224.w1,32,3983732753,700877,716800
linebuf,L224.w2,32,3471562178,701037,716800
linebuf,L224.w3,32,2670577197,701197,716800
linebuf,L224.w4,32,1029983093,701357,716800
linebuf,L224.w5,32,453292684,701517,716800
linebuf,L224.w6,32,2415303024,701677,716800
linebuf,L224.w7,32,4088673561,701837,716800
linebuf,L224.w8,32,1536382833,701997,716800
linebuf,L224.w9,32,3745197896,702157,716800
linebuf,L224.w10,32,681436078,702317,716800
linebuf,L224.w11,32,499948028,702477,716800
linebuf,L225.w0,32,3336564390,702637,720000
linebuf,L225.w1,32,174283426,702797,720000
linebuf,L225.w2,32,3935657486,702957,720000
linebuf,L225.w3,32,3023890426,703117,720000
linebuf,L225.w4,32,1347325024,703277,720000
linebuf,L225.w5,32,1814170943,703437,720000
linebuf,L225.w6,32,3778551314,703597,720000
linebuf,L225.w7,32,3123631959,703757,720000
linebuf,L225.w8,32,1487158606,703917,720000
linebuf,L225.w9,32,1088734738,704077,720000
linebuf,L225.w10,32,2824178781,704237,720000
linebuf,L225.w11,32,2687676437,704397,720000
linebuf,L226.w0,32,3316018539,707277,723200
linebuf,L226.w1,32,3932400216,707437,723200
linebuf,L226.w2,32,239088848,707597,723200
linebuf,L226.w3,32,2649790160,707757,723200
linebuf,L226.w4,32,1867763891,707917,723200
linebuf,L226.w5,32,1782133483,708077,723200
linebuf,L226.w6,32,1616210201,708237,723200
linebuf,L226.w7,32,1540794701,708397,723200
linebuf,L226.w8,32,1262427424,708557,723200
linebuf,L226.w9,32,3238005738,708717,723200
linebuf,L226.w10,32,3505275494,708877,723200
linebuf,L226.w11,32,1465597361,709037,723200
linebuf,L227.w0,32,1894167326,709197,726400
linebuf,L227.w1,32,3428207816,709357,726400
linebuf,L227.w2,32,3003214226,709517,726400
linebuf,L227.w3,32,1022459581,709677,726400
linebuf,L227.w4,32,2727008460,709837,726400
linebuf,L227.w5,32,2618408662,709997,726400
linebuf,L227.w6,32,2229069924,710157,726400
linebuf,L227.w7,32,620079361,710317,726400
linebuf,L227.w8,32,240652286,710477,726400
linebuf,L227.w9,32,1466719203,710637,726400
linebuf,L227.w10,32,2890664403,710797,726400
linebuf,L227.w11,32,487485406,710957,726400
linebuf,L228.w0,32,3828461193,711117,729600
linebuf,L228.w1,32,2203504669,711277,729600
linebuf,L228.w2,32,739590919,711437,729600
linebuf,L228.w3,32,2332312913,711597,729600
linebuf,L228.w4,32,2760566240,711757,729600
linebuf,L228.w5,32,2688240395,711917,729600
linebuf,L228.w6,32,2093536052,712077,729600
linebuf,L228.w7,32,3841491575,712237,729600
linebuf,L228.w8,32,1464517626,712397,729600
linebuf,L228.w9,32,3253330878,712557,729600
linebuf,L228.w10,32,3051259539,712717,729600
linebuf,L228.w11,32,521761911,712877,729600
linebuf,L229.w0,32,93049107,715757,732800
linebuf,L229.w1,32,2062683711,715917,732800
linebuf,L229.w2,32,3853898883,716077,732800
linebuf,L229.w3,32,898567931,716237,732800
linebuf,L229.w4,32,1645997433,716397,732800
linebuf,L229.w5,32,2712712104,716557,732800
linebuf,L229.w6,32,3581351409,716717,732800
linebuf,L229.w7,32,4093508579,716877,732800
linebuf,L229.w8,32,750379707,717037,732800
linebuf,L229.w9,32,1706152496,717197,732800
linebuf,L229.w10,32,3077737464,717357,732800
linebuf,L229.w11,32,978412532,717517,732800
linebuf,L230.w0,32,428193183,717677,736000
linebuf,L230.w1,32,1066671861,717837,736000
linebuf,L230.w2,32,1441434667,717997,736000
linebuf,L230.w3,32,4187054997,718157,736000
linebuf,L230.w4,32,4165726059,718317,736000
linebuf,L230.w5,32,1413252507,718477,736000
linebuf,L230.w6,32,2820142118,718637,736000
linebuf,L230.w7,32,1053006927,718797,736000
linebuf,L230.w8,32,3369503874,718957,736000
linebuf,L230.w9,32,2906823211,719117,736000
linebuf,L230.w10,32,1981291716,719277,736000
linebuf,L230.w11,32,3191100872,719437,736000
linebuf,L231.w0,32,2023646728,719597,739200
linebuf,L231.w1,32,1587204582,719757,739200
linebuf,L231.w2,32,2115808869,719917,739200
linebuf,L231.w3,32,2797864004,720077,739200
linebuf,L231.w4,32,3320676693,720237,739200
linebuf,L231.w5,32,2848327036,720397,739200
linebuf,L231.w6,32,3106334246,720557,739200
linebuf,L231.w7,32,4023392353,720717,739200
linebuf,L231.w8,32,832227648,720877,739200
linebuf,L231.w9,32,1855388088,721037,739200
linebuf,L231.w10,32,1892381452,721197,739200
linebuf,L231.w11,32,1713081894,721357,739200
linebuf,L232.w0,32,2454267348,725739,742400
linebuf,L232.w1,32,2097136748,725899,742400
linebuf,L232.w2,32,3980450893,726059,742400
linebuf,L232.w3,32,1144422844,726219,742400
linebuf,L232.w4,32,3606686669,726379,742400
linebuf,L232.w5,32,537793573,726539,742400
linebuf,L232.w6,32,643735021,726699,742400
linebuf,L232.w7,32,51291885,726859,742400
linebuf,L232.w8,32,1615426180,727019,742400
linebuf,L232.w9,32,1780766594,727179,742400
linebuf,L232.w10,32,468033336,727339,742400
linebuf,L232.w11,32,3431718147,727499,742400
linebuf,L233.w0,32,112630452,727659,745600
linebuf,L233.w1,32,2802043631,727819,745600
linebuf,L233.w2,32,320344255,727979,745600
linebuf,L233.w3,32,4043066183,728139,745600
linebuf,L233.w4,32,785830988,728299,745600
linebuf,L233.w5,32,1970518892,728459,745600
linebuf,L233.w6,32,3290276421,728619,745600
linebuf,L233.w7,32,1619277692,728779,745600
linebuf,L233.w8,32,2865694200,728939,745600
linebuf,L233.w9,32,2156245335,729099,745600
linebuf,L233.w10,32,3426829759,729259,745600
linebuf,L233.w11,32,3500152100,729419,745600
linebuf,L234.w0,32,1239112722,729579,748800
linebuf,L234.w1,32,3942601227,729739,748800
linebuf,L234.w2,32,667914747,729899,748800
linebuf,L234.w3,32,662664727,730059,748800
linebuf,L234.w4,32,4175138874,730219,748800
linebuf,L234.w5,32,2253154550,730379,748800
linebuf,L234.w6,32,3547749997,730539,748800
linebuf,L234.w7,32,454128890,730699,748800
linebuf,L234.w8,32,4066398034,730859,748800
linebuf,L234.w9,32,1093448526,731019,748800
linebuf,L234.w10,32,80689861,731179,748800
linebuf,L234.w11,32,1994717167,731339,748800
linebuf,L235.w0,32,2722142606,736794,752000
linebuf,L235.w1,32,3026588173,736954,752000
linebuf,L235.w2,32,3161416247,737114,752000
linebuf,L235.w3,32,3405643134,737274,752000
linebuf,L235.w4,32,3919804557,737434,752000
linebuf,L235.w5,32,980827120,737594,752000
linebuf,L235.w6,32,2309540478,737754,752000
linebuf,L235.w7,32,2987183536,737914,752000
linebuf,L235.w8,32,1678440556,738074,752000
linebuf,L235.w9,32,4259105498,738234,752000
linebuf,L235.w10,32,22866486,738394,752000
linebuf,L235.w11,32,2336992772,738554,752000
linebuf,L236.w0,32,3452566366,738714,755200
linebuf,L236.w1,32,1071484254,738874,755200
linebuf,L236.w2,32,4218336165,739034,755200
linebuf,L236.w3,32,1816643289,739194,755200
linebuf,L236.w4,32,3896593805,739354,755200
linebuf,L236.w5,32,682491312,739514,755200
linebuf,L236.w6,32,2844421596,739674,755200
linebuf,L236.w7,32,769025585,739834,755200
linebuf,L236.w8,32,1470920912,739994,755200
linebuf,L236.w9,32,2845000630,740154,755200
linebuf,L236.w10,32,1027142542,740314,755200
linebuf,L236.w11,32,326663699,740474,755200
linebuf,L237.w0,32,3328684200,740634,758400
linebuf,L237.w1,32,2303642381,740794,758400
linebuf,L237.w2,32,4017638543,740954,758400
linebuf,L237.w3,32,2395975651,741114,758400
linebuf,L237.w4,32,4124569165,741274,758400
linebuf,L237.w5,32,691268380,741434,758400
linebuf,L237.w6,32,754227938,741594,758400
linebuf,L237.w7,32,1613547273,741754,758400
linebuf,L237.w8,32,2514070929,741914,758400
linebuf,L237.w9,32,92656191,742074,758400
linebuf,L237.w10,32,2203826181,742234,758400
linebuf,L237.w11,32,931419398,742394,758400
linebuf,L238.w0,32,3411925008,746085,761600
linebuf,L238.w1,32,173755536,746245,761600
linebuf,L238.w2,32,4019154723,746405,761600
linebuf,L238.w3,32,2214751625,746565,761600
linebuf,L238.w4,32,3112239921,746725,761600
linebuf,L238.w5,32,817071502,746885,761600
linebuf,L238.w6,32,3007790755,747045,761600
linebuf,L238.w7,32,2164789817,747205,761600
linebuf,L238.w8,32,2966166764,747365,761600
linebuf,L238.w9,32,2627949782,747525,761600
linebuf,L238.w10,32,2807004671,747685,761600
linebuf,L238.w11,32,4287277363,747845,761600
linebuf,L239.w0,32,2305340802,748005,764800
linebuf,L239.w1,32,331660857,748165,764800
linebuf,L239.w2,32,1064789851,748325,764800
linebuf,L239.w3,32,1710097509,748485,764800
linebuf,L239.w4,32,3347828315,748645,764800
linebuf,L239.w5,32,1996931914,748805,764800
linebuf,L239.w6,32,511502423,748965,764800
linebuf,L239.w7,32,2435300679,749125,764800
linebuf,L239.w8,32,2765478648,749285,764800
linebuf,L239.w9,32,207650793,749445,764800
linebuf,L239.w10,32,1662097882,749605,764800
linebuf,L239.w11,32,385195592,749765,764800
linebuf,L240.w0,32,2405020801,749925,768000
linebuf,L240.w1,32,406264935,750085,768000
linebuf,L240.w2,32,2754948112,750245,768000
linebuf,L240.w3,32,3500412279,750405,768000
linebuf,L240.w4,32,2056960916,750565,768000
linebuf,L240.w5,32,193185541,750725,768000
linebuf,L240.w6,32,4200882230,750885,768000
linebuf,L240.w7,32,2226842991,751045,768000
linebuf,L240.w8,32,1027326315,751205,768000
linebuf,L240.w9,32,3338717196,751365,768000
linebuf,L240.w10,32,52262616,751525,768000
linebuf,L240.w11,32,89554676,751685,768000
linebuf,L241.w0,32,1340062969,754565,771200
linebuf,L241.w1,32,2003298755,754725,771200
linebuf,L241.w2,32,1194312628,754885,771200
linebuf,L241.w3,32,3104992490,755045,771200
linebuf,L241.w4,32,1784812513,755205,771200
linebuf,L241.w5,32,715962946,755365,771200
linebuf,L241.w6,32,2555362661,755525,771200
linebuf,L241.w7,32,572095607,755685,771200
linebuf,L241.w8,32,4235329823,755845,771200
linebuf,L241.w9,32,2412333043,756005,771200
linebuf,L241.w10,32,3038795360,756165,771200
linebuf,L241.w11,32,3550750603,756325,771200
linebuf,L242.w0,32,1367174909,756485,774400
linebuf,L242.w1,32,3309698952,756645,774400
linebuf,L242.w2,32,2296468650,756805,774400
linebuf,L242.w3,32,2733756361,756965,774400
linebuf,L242.w4,32,1927089527,757125,774400
linebuf,L242.w5,32,4260958587,757285,774400
linebuf,L242.w6,32,2154300232,757445,774400
linebuf,L242.w7,32,3449050339,757605,774400
linebuf,L242.w8,32,1793613562,757765,774400
linebuf,L242.w9,32,2378638222,757925,774400
linebuf,L242.w10,32,719913220,758085,774400
linebuf,L242.w11,32,3001675045,758245,774400
linebuf,L243.w0,32,1698591111,758405,777600
linebuf,L243.w1,32,3000228088,758565,777600
linebuf,L243.w2,32,1671124957,758725,777600
linebuf,L243.w3,32,3471949302,758885,777600
linebuf,L243.w4,32,862083358,759045,777600
linebuf,L243.w5,32,2127701229,759205,777600
linebuf,L243.w6,32,3508638989,759365,777600
linebuf,L243.w7,32,1195850897,759525,777600
linebuf,L243.w8,32,1546149229,759685,777600
linebuf,L243.w9,32,3986521547,759845,777600
linebuf,L243.w10,32,650629093,760005,777600
linebuf,L243.w11,32,1114340695,760165,777600
linebuf,L244.w0,32,3628574834,763891,780800
linebuf,L244.w1,32,752294986,764051,780800
linebuf,L244.w2,32,3352484274,764211,780800
linebuf,L244.w3,32,3096491682,764371,780800
linebuf,L244.w4,32,2671642606,764531,780800
linebuf,L244.w5,32,359331904,764691,780800
linebuf,L244.w6,32,3139784323,764851,780800
linebuf,L244.w7,32,1548437065,765011,780800
linebuf,L244.w8,32,1443601106,765171,780800
linebuf,L244.w9,32,3987286964,765331,780800
linebuf,L244.w10,32,612941029,765491,780800
linebuf,L244.w11,32,1110113623,765651,780800
linebuf,L245.w0,32,1095258169,765811,784000
linebuf,L245.w1,32,1083509251,765971,784000
linebuf,L245.w2,32,1500462469,766131,784000
linebuf,L245.w3,32,1650394400,766291,784000
linebuf,L245.w4,32,1198870427,766451,784000
linebuf,L245.w5,32,2428669069,766611,784000
linebuf,L245.w6,32,2009019951,766771,784000
linebuf,L245.w7,32,57845403,766931,784000
linebuf,L245.w8,32,640088978,767091,784000
linebuf,L245.w9,32,4096778676,767251,784000
linebuf,L245.w10,32,559470087,767411,784000
linebuf,L245.w11,32,4118070835,767571,784000
linebuf,L246.w0,32,1085440758,767731,787200
linebuf,L246.w1,32,970299236,767891,787200
linebuf,L246.w2,32,843976934,768051,787200
linebuf,L246.w3,32,302622228,768211,787200
linebuf,L246.w4,32,3443277979,768371,787200
linebuf,L246.w5,32,2488271106,768531,787200
linebuf,L246.w6,32,2308788970,768691,787200
linebuf,L246.w7,32,2656121790,768851,787200
linebuf,L246.w8,32,852169722,769011,787200
linebuf,L246.w9,32,2332218934,769171,787200
linebuf,L246.w10,32,1843473416,769331,787200
linebuf,L246.w11,32,3075668422,769491,787200
linebuf,L247.w0,32,2480825302,772371,790400
linebuf,L247.w1,32,597829007,772531,790400
linebuf,L247.w2,32,2379043600,772691,790400
linebuf,L247.w3,32,1977848910,772851,790400
linebuf,L247.w4,32,1680698326,773011,790400
linebuf,L247.w5,32,3055988117,773171,790400
linebuf,L247.w6,32,841115399,773331,790400
linebuf,L247.w7,32,354634168,773491,790400
linebuf,L247.w8,32,2686094369,773651,790400
linebuf,L247.w9,32,4014699479,773811,790400
linebuf,L247.w10,32,331354180,773971,790400
linebuf,L247.w11,32,657476703,774131,790400
linebuf,L248.w0,32,3376660115,774291,793600
linebuf,L248.w1,32,2866019572,774451,793600
linebuf,L248.w2,32,247067375,774611,793600
linebuf,L248.w3,32,129968565,774771,793600
linebuf,L248.w4,32,3205537288,774931,793600
linebuf,L248.w5,32,1741126075,775091,793600
linebuf,L248.w6,32,1643379656,775251,793600
linebuf,L248.w7,32,1792092687,775411,793600
linebuf,L248.w8,32,2930934813,775571,793600
linebuf,L248.w9,32,590363419,775731,793600
linebuf,L248.w10,32,2538348879,775891,793600
linebuf,L248.w11,32,2563683461,776051,793600
linebuf,L249.w0,32,554805282,776211,796800
linebuf,L249.w1,32,2889174237,776371,796800
linebuf,L249.w2,32,2312848918,776531,796800
linebuf,L249.w3,32,2346553693,776691,796800
linebuf,L249.w4,32,318547181,776851,796800
linebuf,L249.w5,32,3983427365,777011,796800
linebuf,L249.w6,32,1036024763,777171,796800
linebuf,L249.w7,32,3650376602,777331,796800
linebuf,L249.w8,32,1639255501,777491,796800
linebuf,L249.w9,32,598834656,777651,796800
linebuf,L249.w10,32,1226948340,777811,796800
linebuf,L249.w11,32,869351794,777971,796800
linebuf,L250.w0,32,4238422698,782142,800000
linebuf,L250.w1,32,1705858620,782302,800000
linebuf,L250.w2,32,1532708531,782462,800000
linebuf,L250.w3,32,3217180437,782622,800000
linebuf,L250.w4,32,3601747118,782782,800000
linebuf,L250.w5,32,765807111,782942,800000
linebuf,L250.w6,32,966794319,783102,800000
linebuf,L250.w7,32,1279218327,783262,800000
linebuf,L250.w8,32,3046552983,783422,800000
linebuf,L250.w9,32,617625111,783582,800000
linebuf,L250.w10,32,1493447613,783742,800000
linebuf,L250.w11,32,2113649498,783902,800000
linebuf,L251.w0,32,2299367992,784062,803200
linebuf,L251.w1,32,1253138414,784222,803200
linebuf,L251.w2,32,380462642,784382,803200
linebuf,L251.w3,32,2208835810,784542,803200
linebuf,L251.w4,32,3553455032,784702,803200
linebuf,L251.w5,32,1283916588,784862,803200
linebuf,L251.w6,32,896940088,785022,803200
linebuf,L251.w7,32,3029583938,785182,803200
linebuf,L251.w8,32,1990514405,785342,803200
linebuf,L251.w9,32,94067831,785502,803200
linebuf,L251.w10,32,1246810935,785662,803200
linebuf,L251.w11,32,3438296118,785822,803200
linebuf,L252.w0,32,3479795191,785982,806400
linebuf,L252.w1,32,2671771774,786142,806400
linebuf,L252.w2,32,2545174997,786302,806400
linebuf,L252.w3,32,442549702,786462,806400
linebuf,L252.w4,32,2642199173,786622,806400
linebuf,L252.w5,32,1600443824,786782,806400
linebuf,L252.w6,32,3241620394,786942,806400
linebuf,L252.w7,32,1905217459,787102,806400
linebuf,L252.w8,32,1094772401,787262,806400
linebuf,L252.w9,32,2655835651,787422,806400
linebuf,L252.w10,32,250174010,787582,806400
linebuf,L252.w11,32,223615232,787742,806400
linebuf,L253.w0,32,1355513792,790622,809600
linebuf,L253.w1,32,686773307,790782,809600
linebuf,L253.w2,32,3488677937,790942,809600
linebuf,L253.w3,32,568520085,791102,809600
linebuf,L253.w4,32,4108734994,791262,809600
linebuf,L253.w5,32,3965643586,791422,809600
linebuf,L253.w6,32,2702355827,791582,809600
linebuf,L253.w7,32,3529945098,791742,809600
linebuf,L253.w8,32,443635725,791902,809600
linebuf,L253.w9,32,483259931,792062,809600
linebuf,L253.w10,32,3667846811,792222,809600
linebuf,L253.w11,32,1869567067,792382,809600
linebuf,L254.w0,32,2720553082,792542,812800
linebuf,L254.w1,32,2518996116,792702,812800
linebuf,L254.w2,32,1056129031,792862,812800
linebuf,L254.w3,32,3198327993,793022,812800
linebuf,L254.w4,32,892803581,793182,812800
linebuf,L254.w5,32,2165670076,793342,812800
linebuf,L254.w6,32,2180646439,793502,812800
linebuf,L254.w7,32,1704338793,793662,812800
linebuf,L254.w8,32,522121332,793822,812800
linebuf,L254.w9,32,3917616268,793982,812800
linebuf,L254.w10,32,3891326620,794142,812800
linebuf,L254.w11,32,4233563600,794302,812800
linebuf,L255.w0,32,3040244991,794462,816000
linebuf,L255.w1,32,911284043,794622,816000
linebuf,L255.w2,32,3518790164,794782,816000
linebuf,L255.w3,32,4068276753,794942,816000
linebuf,L255.w4,32,1648496595,795102,816000
linebuf,L255.w5,32,2838343330,795262,816000
linebuf,L255.w6,32,3965076466,795422,816000
linebuf,L255.w7,32,2222410817,795582,816000
linebuf,L255.w8,32,575331359,795742,816000
linebuf,L255.w9,32,3495643402,795902,816000
linebuf,L255.w10,32,3076270549,796062,816000
linebuf,L255.w11,32,2483987994,796222,816000
linebuf,L256.w0,32,15597714,805413,819200
linebuf,L256.w1,32,3082543574,805573,819200
linebuf,L256.w2,32,519224874,805733,819200
linebuf,L256.w3,32,3472989913,805893,819200
linebuf,L256.w4,32,865625071,806053,819200
linebuf,L256.w5,32,4235468172,806213,819200
linebuf,L256.w6,32,3278542948,806373,819200
linebuf,L256.w7,32,2416832909,806533,819200
linebuf,L256.w8,32,1623712215,806693,819200
linebuf,L256.w9,32,2847782126,806853,819200
linebuf,L256.w10,32,2070305828,807013,819200
linebuf,L256.w11,32,2340742465,807173,819200
linebuf,L257.w0,32,2635313915,807333,822400
linebuf,L257.w1,32,990712121,807493,822400
linebuf,L257.w2,32,1149592560,807653,822400
linebuf,L257.w3,32,161954711,807813,822400
linebuf,L257.w4,32,2742051365,807973,822400
linebuf,L257.w5,32,720586473,808133,822400
linebuf,L257.w6,32,2884379479,808293,822400
linebuf,L257.w7,32,2880195192,808453,822400
linebuf,L257.w8,32,3957250384,808613,822400
linebuf,L257.w9,32,2380994345,808773,822400
linebuf,L257.w10,32,2159796558,808933,822400
linebuf,L257.w11,32,1001231493,809093,822400
linebuf,L258.w0,32,3673425947,809253,825600
linebuf,L258.w1,32,1762839626,809413,825600
linebuf,L258.w2,32,4156461999,809573,825600
linebuf,L258.w3,32,1175489347,809733,825600
linebuf,L258.w4,32,3302380671,809893,825600
linebuf,L258.w5,32,2841687808,810053,825600
linebuf,L258.w6,32,1809005163,810213,825600
linebuf,L258.w7,32,1711742731,810373,825600
linebuf,L258.w8,32,1168144342,810533,825600
linebuf,L258.w9,32,2121610457,810693,825600
linebuf,L258.w10,32,419755213,810853,825600
linebuf,L258.w11,32,2874558177,811013,825600
linebuf,L259.w0,32,556627863,813893,828800
linebuf,L259.w1,32,801665284,814053,828800
linebuf,L259.w2,32,2403089618,814213,828800
linebuf,L259.w3,32,68167173,814373,828800
linebuf,L259.w4,32,1949617578,814533,828800
linebuf,L259.w5,32,3237495301,814693,828800
linebuf,L259.w6,32,192613891,814853,828800
linebuf,L259.w7,32,2097900965,815013,828800
linebuf,L259.w8,32,920573717,815173,828800
linebuf,L259.w9,32,1691962174,815333,828800
linebuf,L259.w10,32,3534313892,815493,828800
linebuf,L259.w11,32,3135856017,815653,828800
linebuf,L260.w0,32,2313525434,815813,832000
linebuf,L260.w1,32,3531948065,815973,832000
linebuf,L260.w2,32,3970244703,816133,832000
linebuf,L260.w3,32,1444182244,816293,832000
linebuf,L260.w4,32,3899718575,816453,832000
linebuf,L260.w5,32,1045746053,816613,832000
linebuf,L260.w6,32,403845294,816773,832000
linebuf,L260.w7,32,331200115,816933,832000
linebuf,L260.w8,32,2912489531,817093,832000
linebuf,L260.w9,32,3204455998,817253,832000
linebuf,L260.w10,32,183215458,817413,832000
linebuf,L260.w11,32,3635274813,817573,832000
linebuf,L261.w0,32,1815339101,817733,835200
linebuf,L261.w1,32,3580986392,817893,835200
linebuf,L261.w2,32,1897408943,818053,835200
linebuf,L261.w3,32,810851529,818213,835200
linebuf,L261.w4,32,4109737100,818373,835200
linebuf,L261.w5,32,743978680,818533,835200
linebuf,L261.w6,32,2556869208,818693,835200
linebuf,L261.w7,32,2156073544,818853,835200
linebuf,L261.w8,32,816046369,819013,835200
linebuf,L261.w9,32,3639329581,819173,835200
linebuf,L261.w10,32,2189348002,819333,835200
linebuf,L261.w11,32,1652719147,819493,835200
linebuf,L262.w0,32,846428919,822373,838400
linebuf,L262.w1,32,999518504,822533,838400
linebuf,L262.w2,32,1545034394,822693,838400
linebuf,L262.w3,32,2828815205,822853,838400
linebuf,L262.w4,32,3768810769,823013,838400
linebuf,L262.w5,32,2517094165,823173,838400
linebuf,L262.w6,32,4215385517,823333,838400
linebuf,L262.w7,32,3251909119,823493,838400
linebuf,L262.w8,32,3336615397,823653,838400
linebuf,L262.w9,32,4228578225,823813,838400
linebuf,L262.w10,32,277031863,823973,838400
linebuf,L262.w11,32,1464743305,824133,838400
linebuf,L263.w0,32,3890710712,824293,841600
linebuf,L263.w1,32,222472814,824453,841600
linebuf,L263.w2,32,1969068310,824613,841600
linebuf,L263.w3,32,189836671,824773,841600
linebuf,L263.w4,32,3582243398,824933,841600
linebuf,L263.w5,32,2622548319,825093,841600
linebuf,L263.w6,32,759263764,825253,841600
linebuf,L263.w7,32,3828007714,825413,841600
linebuf,L263.w8,32,634300723,825573,841600
linebuf,L263.w9,32,3667027323,825733,841600
linebuf,L263.w10,32,3894084835,825893,841600
linebuf,L263.w11,32,4030961044,826053,841600
linebuf,L264.w0,32,1226313824,826213,844800
linebuf,L264.w1,32,2015010208,826373,844800
linebuf,L264.w2,32,184921650,826533,844800
linebuf,L264.w3,32,2505351347,826693,844800
linebuf,L264.w4,32,2151985659,826853,844800
linebuf,L264.w5,32,278637872,827013,844800
linebuf,L264.w6,32,4254459121,827173,844800
linebuf,L264.w7,32,3719299511,827333,844800
linebuf,L264.w8,32,3588436860,827493,844800
linebuf,L264.w9,32,2428524081,827653,844800
linebuf,L264.w10,32,1702094015,827813,844800
linebuf,L264.w11,32,395072406,827973,844800
linebuf,L265.w0,32,3421672422,830853,848000
linebuf,L265.w1,32,2197817498,831013,848000
linebuf,L265.w2,32,3616645374,831173,848000
linebuf,L265.w3,32,2458615572,831333,848000
linebuf,L265.w4,32,2775008236,831493,848000
linebuf,L265.w5,32,1294068023,831653,848000
linebuf,L265.w6,32,1693854942,831813,848000
linebuf,L265.w7,32,1150697459,831973,848000
linebuf,L265.w8,32,3889993718,832133,848000
linebuf,L265.w9,32,1512651118,832293,848000
linebuf,L265.w10,32,2021337116,832453,848000
linebuf,L265.w11,32,4127564225,832613,848000
linebuf,L266.w0,32,4014257558,832773,851200
linebuf,L266.w1,32,210814908,832933,851200
linebuf,L266.w2,32,2371642583,833093,851200
linebuf,L266.w3,32,4070129997,833253,851200
linebuf,L266.w4,32,3907808060,833413,851200
linebuf,L266.w5,32,3744207056,833573,851200
linebuf,L266.w6,32,2049371167,833733,851200
linebuf,L266.w7,32,74842596,833893,851200
linebuf,L266.w8,32,1833181341,834053,851200
linebuf,L266.w9,32,1308272535,834213,851200
linebuf,L266.w10,32,2528371265,834373,851200
linebuf,L266.w11,32,3216701309,834533,851200
linebuf,L267.w0,32,1362838052,834693,854400
linebuf,L267.w1,32,3415445183,834853,854400
linebuf,L267.w2,32,641657867,835013,854400
linebuf,L267.w3,32,2560349813,835173,854400
linebuf,L267.w4,32,2531163573,835333,854400
linebuf,L267.w5,32,2386912786,835493,854400
linebuf,L267.w6,32,3654857914,835653,854400
linebuf,L267.w7,32,4281575067,835813,854400
linebuf,L267.w8,32,1193039930,835973,854400
linebuf,L267.w9,32,282895912,836133,854400
linebuf,L267.w10,32,3715238676,836293,854400
linebuf,L267.w11,32,2607695907,836453,854400
linebuf,L268.w0,32,3331502435,839333,857600
linebuf,L268.w1,32,1550403198,839493,857600
linebuf,L268.w2,32,1782970579,839653,857600
linebuf,L268.w3,32,1679398722,839813,857600
linebuf,L268.w4,32,4289626588,839973,857600
linebuf,L268.w5,32,2232673614,840133,857600
linebuf,L268.w6,32,3396796189,840293,857600
linebuf,L268.w7,32,101491852,840453,857600
linebuf,L268.w8,32,2472392740,840613,857600
linebuf,L268.w9,32,2498523558,840773,857600
linebuf,L268.w10,32,487521631,840933,857600
linebuf,L268.w11,32,158644881,841093,857600
linebuf,L269.w0,32,2464518772,841253,860800
linebuf,L269.w1,32,2274397089,841413,860800
linebuf,L269.w2,32,61766785,841573,860800
linebuf,L269.w3,32,433459010,841733,860800
linebuf,L269.w4,32,3874956827,841893,860800
linebuf,L269.w5,32,1426123123,842053,860800
linebuf,L269.w6,32,1446103711,842213,860800
linebuf,L269.w7,32,4006704448,842373,860800
linebuf,L269.w8,32,1582029142,842533,860800
linebuf,L269.w9,32,3222454444,842693,860800
linebuf,L269.w10,32,2366025264,842853,860800
linebuf,L269.w11,32,148011142,843013,860800
linebuf,L270.w0,32,2737887152,843173,864000
linebuf,L270.w1,32,1589815596,843333,864000
linebuf,L270.w2,32,2502793719,843493,864000
linebuf,L270.w3,32,318526766,843653,864000
linebuf,L270.w4,32,2082737936,843813,864000
linebuf,L270.w5,32,3849256227,843973,864000
linebuf,L270.w6,32,2724535029,844133,864000
linebuf,L270.w7,32,359752204,844293,864000
linebuf,L270.w8,32,3638448288,844453,864000
linebuf,L270.w9,32,2317513627,844613,864000
linebuf,L270.w10,32,1916454773,844773,864000
linebuf,L270.w11,32,1436592918,844933,864000
linebuf,L271.w0,32,3480413522,850959,867200
linebuf,L271.w1,32,2336827469,851119,867200
linebuf,L271.w2,32,14628948,851279,867200
linebuf,L271.w3,32,3962512353,851439,867200
linebuf,L271.w4,32,690246322,851599,867200
linebuf,L271.w5,32,3907806615,851759,867200
linebuf,L271.w6,32,1395992945,851919,867200
linebuf,L271.w7,32,1549844286,852079,867200
linebuf,L271.w8,32,918854098,852239,867200
linebuf,L271.w9,32,627681861,852399,867200
linebuf,L271.w10,32,3848333417,852559,867200
linebuf,L271.w11,32,2491956129,852719,867200
linebuf,L272.w0,32,636583834,852879,870400
linebuf,L272.w1,32,2532247195,853039,870400
linebuf,L272.w2,32,463370125,853199,870400
linebuf,L272.w3,32,1735065836,853359,870400
linebuf,L272.w4,32,1362367774,853519,870400
linebuf,L272.w5,32,3722854151,853679,870400
linebuf,L272.w6,32,2184595408,853839,870400
linebuf,L272.w7,32,1807575612,853999,870400
linebuf,L272.w8,32,3528233414,854159,870400
linebuf,L272.w9,32,1546326764,854319,870400
linebuf,L272.w10,32,4276288862,854479,870400
linebuf,L272.w11,32,1466371375,854639,870400
linebuf,L273.w0,32,3658752435,854799,873600
linebuf,L273.w1,32,1115719753,854959,873600
linebuf,L273.w2,32,2614937591,855119,873600
linebuf,L273.w3,32,1582629912,855279,873600
linebuf,L273.w4,32,161498926,855439,873600
linebuf,L273.w5,32,3053481746,855599,873600
linebuf,L273.w6,32,272577897,855759,873600
linebuf,L273.w7,32,3296598989,855919,873600
linebuf,L273.w8,32,2708990830,856079,873600
linebuf,L273.w9,32,1059346381,856239,873600
linebuf,L273.w10,32,3521367707,856399,873600
linebuf,L273.w11,32,3394862572,856559,873600
linebuf,L274.w0,32,4162763960,862904,876800
linebuf,L274.w1,32,1705311870,863064,876800
linebuf,L274.w2,32,2363895485,863224,876800
linebuf,L274.w3,32,1219151798,863384,876800
linebuf,L274.w4,32,2464328538,863544,876800
linebuf,L274.w5,32,3375120197,863704,876800
linebuf,L274.w6,32,2656960907,863864,876800
linebuf,L274.w7,32,358546079,864024,876800
linebuf,L274.w8,32,321754020,864184,876800
linebuf,L274.w9,32,3043427287,864344,876800
linebuf,L274.w10,32,731811474,864504,876800
linebuf,L274.w11,32,3884366387,864664,876800
linebuf,L275.w0,32,4020915292,864824,880000
linebuf,L275.w1,32,4090515511,864984,880000
linebuf,L275.w2,32,1148024216,865144,880000
linebuf,L275.w3,32,1777249098,865304,880000
linebuf,L275.w4,32,357740897,865464,880000
linebuf,L275.w5,32,542351185,865624,880000
linebuf,L275.w6,32,1213023062,865784,880000
linebuf,L275.w7,32,2365819357,865944,880000
linebuf,L275.w8,32,3118774104,866104,880000
linebuf,L275.w9,32,2753545384,866264,880000
linebuf,L275.w10,32,1128754218,866424,880000
linebuf,L275.w11,32,1008679647,866584,880000
linebuf,L276.w0,32,904441377,866744,883200
linebuf,L276.w1,32,424453757,866904,883200
linebuf,L276.w2,32,1190261697,867064,883200
linebuf,L276.w3,32,3099697248,867224,883200
linebuf,L276.w4,32,2063395145,867384,883200
linebuf,L276.w5,32,202364341,867544,883200
linebuf,L276.w6,32,3167749239,867704,883200
linebuf,L276.w7,32,2199660494,867864,883200
linebuf,L276.w8,32,1294172261,868024,883200
linebuf,L276.w9,32,3381855688,868184,883200
linebuf,L276.w10,32,3751695236,868344,883200
linebuf,L276.w11,32,3482334381,868504,883200
linebuf,L277.w0,32,3530533418,871384,886400
linebuf,L277.w1,32,2335029076,871544,886400
linebuf,L277.w2,32,322661291,871704,886400
linebuf,L277.w3,32,2365293137,871864,886400
linebuf,L277.w4,32,1354884234,872024,886400
linebuf,L277.w5,32,1458851713,872184,886400
linebuf,L277.w6,32,3976219692,872344,886400
linebuf,L277.w7,32,1271508947,872504,886400
linebuf,L277.w8,32,3691027877,872664,886400
linebuf,L277.w9,32,2216950363,872824,886400
linebuf,L277.w10,32,572318542,872984,886400
linebuf,L277.w11,32,151404857,873144,886400
linebuf,L278.w0,32,1899339093,873304,889600
linebuf,L278.w1,32,3496666503,873464,889600
linebuf,L278.w2,32,1563120790,873624,889600
linebuf,L278.w3,32,3431920545,873784,889600
linebuf,L278.w4,32,3210357774,873944,889600
linebuf,L278.w5,32,160152511,874104,889600
linebuf,L278.w6,32,123306959,874264,889600
linebuf,L278.w7,32,4248937266,874424,889600
linebuf,L278.w8,32,1354963244,874584,889600
linebuf,L278.w9,32,1793131574,874744,889600
linebuf,L278.w10,32,3220278829,874904,889600
linebuf,L278.w11,32,703567337,875064,889600
linebuf,L279.w0,32,3809078369,875224,892800
linebuf,L279.w1,32,2392299799,875384,892800
linebuf,L279.w2,32,174488821,875544,892800
linebuf,L279.w3,32,3036020154,875704,892800
linebuf,L279.w4,32,2526958721,875864,892800
linebuf,L279.w5,32,3015335182,876024,892800
linebuf,L279.w6,32,2850176993,876184,892800
linebuf,L279.w7,32,2703380925,876344,892800
linebuf,L279.w8,32,3749149385,876504,892800
linebuf,L279.w9,32,2258569803,876664,892800
linebuf,L279.w10,32,1823554769,876824,892800
linebuf,L279.w11,32,791866331,876984,892800
linebuf,L352.w0,32,847937292,1105429,1126400
linebuf,L352.w1,32,1000036014,1105589,1126400
linebuf,L352.w2,32,492901690,1105749,1126400
linebuf,L352.w3,32,2523043225,1105909,1126400
linebuf,L352.w4,32,558541180,1106069,1126400
linebuf,L352.w5,32,4182354417,1106229,1126400
linebuf,L352.w6,32,2519959433,1106389,1126400
linebuf,L352.w7,32,2174286284,1106549,1126400
linebuf,L352.w8,32,525877926,1106709,1126400
linebuf,L352.w9,32,3099011753,1106869,1126400
linebuf,L352.w10,32,1145024594,1107029,1126400
linebuf,L352.w11,32,1968526859,1107189,1126400
linebuf,L353.w0,32,843109175,1107349,1129600
linebuf,L353.w1,32,3356125480,1107509,1129600
linebuf,L353.w2,32,237484505,1107669,1129600
linebuf,L353.w3,32,1551799378,1107829,1129600
linebuf,L353.w4,32,4133404668,1107989,1129600
linebuf,L353.w5,32,1959031483,1108149,1129600
linebuf,L353.w6,32,1438493535,1108309,1129600
linebuf,L353.w7,32,3981688228,1108469,1129600
linebuf,L353.w8,32,4140416183,1108629,1129600
linebuf,L353.w9,32,2639239746,1108789,1129600
linebuf,L353.w10,32,3106266458,1108949,1129600
linebuf,L353.w11,32,1523339543,1109109,1129600
linebuf,L354.w0,32,943901683,1109269,1132800
linebuf,L354.w1,32,3975482222,1109429,1132800
linebuf,L354.w2,32,4005257496,1109589,1132800
linebuf,L354.w3,32,2729021580,1109749,1132800
linebuf,L354.w4,32,40166545,1109909,1132800
linebuf,L354.w5,32,59914309,1110069,1132800
linebuf,L354.w6,32,4216175357,1110229,1132800
linebuf,L354.w7,32,2099129087,1110389,1132800
linebuf,L354.w8,32,138574400,1110549,1132800
linebuf,L354.w9,32,706047559,1110709,1132800
linebuf,L354.w10,32,1087972525,1110869,1132800
linebuf,L354.w11,32,3859823390,1111029,1132800
linebuf,L355.w0,32,39418186,1119240,1136000
linebuf,L355.w1,32,988226961,1119400,1136000
linebuf,L355.w2,32,3284412244,1119560,1136000
linebuf,L355.w3,32,3811221115,1119720,1136000
linebuf,L355.w4,32,363587000,1119880,1136000
linebuf,L355.w5,32,2251866731,1120040,1136000
linebuf,L355.w6,32,3509359142,1120200,1136000
linebuf,L355.w7,32,744384775,1120360,1136000
linebuf,L355.w8,32,150772036,1120520,1136000
linebuf,L355.w9,32,4062397423,1120680,1136000
linebuf,L355.w10,32,2268420102,1120840,1136000
linebuf,L355.w11,32,860075941,1121000,1136000
linebuf,L356.w0,32,899524948,1121160,1139200
linebuf,L356.w1,32,1902626745,1121320,1139200
linebuf,L356.w2,32,1240232253,1121480,1139200
linebuf,L356.w3,32,1043764940,1121640,1139200
linebuf,L356.w4,32,2106614517,1121800,1139200
linebuf,L356.w5,32,2172796256,1121960,1139200
linebuf,L356.w6,32,1595056285,1122120,1139200
linebuf,L356.w7,32,1395431221,1122280,1139200
linebuf,L356.w8,32,1683541513,1122440,1139200
linebuf,L356.w9,32,4056375263,1122600,1139200
linebuf,L356.w10,32,2806462546,1122760,1139200
linebuf,L356.w11,32,315587566,1122920,1139200
linebuf,L357.w0,32,838555386,1123080,1142400
linebuf,L357.w1,32,2552585140,1123240,1142400
linebuf,L357.w2,32,779541868,1123400,1142400
linebuf,L357.w3,32,805419284,1123560,1142400
linebuf,L357.w4,32,2939449875,1123720,1142400
linebuf,L357.w5,32,2676014611,1123880,1142400
linebuf,L357.w6,32,1275445755,1124040,1142400
linebuf,L357.w7,32,4103495455,1124200,1142400
linebuf,L357.w8,32,4007012007,1124360,1142400
linebuf,L357.w9,32,2496496237,1124520,1142400
linebuf,L357.w10,32,1830687261,1124680,1142400
linebuf,L357.w11,32,2635663330,1124840,1142400
linebuf,L358.w0,32,99515449,1129619,1145600
linebuf,L358.w1,32,2093109674,1129779,1145600
linebuf,L358.w2,32,88714809,1129939,1145600
linebuf,L358.w3,32,3994471002,1130099,1145600
linebuf,L358.w4,32,449974422,1130259,1145600
linebuf,L358.w5,32,2831062906,1130419,1145600
linebuf,L358.w6,32,2687052205,1130579,1145600
linebuf,L358.w7,32,2482335848,1130739,1145600
linebuf,L358.w8,32,2854192210,1130899,1145600
linebuf,L358.w9,32,2661875717,1131059,1145600
linebuf,L358.w10,32,4089657363,1131219,1145600
linebuf,L358.w11,32,3633207367,1131379,1145600
linebuf,L359.w0,32,1857442066,1131539,1148800
linebuf,L359.w1,32,3553291003,1131699,1148800
linebuf,L359.w2,32,3039421941,1131859,1148800
linebuf,L359.w3,32,2500517447,1132019,1148800
linebuf,L359.w4,32,1475759949,1132179,1148800
linebuf,L359.w5,32,1455523210,1132339,1148800
linebuf,L359.w6,32,318093572,1132499,1148800
linebuf,L359.w7,32,2778531147,1132659,1148800
linebuf,L359.w8,32,1804682781,1132819,1148800
linebuf,L359.w9,32,838779390,1132979,1148800
linebuf,L359.w10,32,3013453537,1133139,1148800
linebuf,L359.w11,32,2208565107,1133299,1148800
linebuf,L360.w0,32,3454115026,1133459,1152000
linebuf,L360.w1,32,2123158848,1133619,1152000
linebuf,L360.w2,32,4088738388,1133779,1152000
linebuf,L360.w3,32,3616283158,1133939,1152000
linebuf,L360.w4,32,3574155543,1134099,1152000
linebuf,L360.w5,32,2611106830,1134259,1152000
linebuf,L360.w6,32,2420705357,1134419,1152000
linebuf,L360.w7,32,2836539910,1134579,1152000
linebuf,L360.w8,32,2363803878,1134739,1152000
linebuf,L360.w9,32,4036572528,1134899,1152000
linebuf,L360.w10,32,2152187425,1135059,1152000
linebuf,L360.w11,32,3672725752,1135219,1152000
linebuf,L361.w0,32,2922688936,1139183,1155200
linebuf,L361.w1,32,3171330377,1139343,1155200
linebuf,L361.w2,32,2472639694,1139503,1155200
linebuf,L361.w3,32,3887879059,1139663,1155200
linebuf,L361.w4,32,3681482001,1139823,1155200
linebuf,L361.w5,32,3298562690,1139983,1155200
linebuf,L361.w6,32,1933053786,1140143,1155200
linebuf,L361.w7,32,2592969815,1140303,1155200
linebuf,L361.w8,32,2023680856,1140463,1155200
linebuf,L361.w9,32,710284790,1140623,1155200
linebuf,L361.w10,32,3573753381,1140783,1155200
linebuf,L361.w11,32,1152199755,1140943,1155200
linebuf,L362.w0,32,2901835661,1141103,1158400
linebuf,L362.w1,32,3519300098,1141263,1158400
linebuf,L362.w2,32,2252499882,1141423,1158400
linebuf,L362.w3,32,1295025176,1141583,1158400
linebuf,L362.w4,32,2419984309,1141743,1158400
linebuf,L362.w5,32,3285407263,1141903,1158400
linebuf,L362.w6,32,3460472541,1142063,1158400
linebuf,L362.w7,32,1702629823,1142223,1158400
linebuf,L362.w8,32,2608685837,1142383,1158400
linebuf,L362.w9,32,2318037079,1142543,1158400
linebuf,L362.w10,32,1113042523,1142703,1158400
linebuf,L362.w11,32,1096871398,1142863,1158400
linebuf,L363.w0,32,1332484466,1143023,1161600
linebuf,L363.w1,32,62996781,1143183,1161600
linebuf,L363.w2,32,2596758541,1143343,1161600
linebuf,L363.w3,32,3252893094,1143503,1161600
linebuf,L363.w4,32,196916049,1143663,1161600
linebuf,L363.w5,32,3358301349,1143823,1161600
linebuf,L363.w6,32,1965275488,1143983,1161600
linebuf,L363.w7,32,1965106843,1144143,1161600
linebuf,L363.w8,32,3830710810,1144303,1161600
linebuf,L363.w9,32,1527020610,1144463,1161600
linebuf,L363.w10,32,997050027,1144623,1161600
linebuf,L363.w11,32,2181777912,1144783,1161600
linebuf,L364.w0,32,3004349333,1149118,1164800
linebuf,L364.w1,32,2044401558,1149278,1164800
linebuf,L364.w2,32,3975008456,1149438,1164800
linebuf,L364.w3,32,1441354181,1149598,1164800
linebuf,L364.w4,32,2990470692,1149758,1164800
linebuf,L364.w5,32,4245570108,1149918,1164800
linebuf,L364.w6,32,2687920992,1150078,1164800
linebuf,L364.w7,32,622062208,1150238,1164800
linebuf,L364.w8,32,1648816319,1150398,1164800
linebuf,L364.w9,32,3703680950,1150558,1164800
linebuf,L364.w10,32,1878443824,1150718,1164800
linebuf,L364.w11,32,233002925,1150878,1164800
linebuf,L365.w0,32,2757141104,1151038,1168000
linebuf,L365.w1,32,477695695,1151198,1168000
linebuf,L365.w2,32,1530382242,1151358,1168000
linebuf,L365.w3,32,3743195466,1151518,1168000
linebuf,L365.w4,32,3370996481,1151678,1168000
linebuf,L365.w5,32,3932098161,1151838,1168000
linebuf,L365.w6,32,35178456,1151998,1168000
linebuf,L365.w7,32,1098671207,1152158,1168000
linebuf,L365.w8,32,3227314101,1152318,1168000
linebuf,L365.w9,32,2324037375,1152478,1168000
linebuf,L365.w10,32,3187066568,1152638,1168000
linebuf,L365.w11,32,232056527,1152798,1168000
linebuf,L366.w0,32,1316150036,1152958,1171200
linebuf,L366.w1,32,1626665315,1153118,1171200
linebuf,L366.w2,32,64256066,1153278,1171200
linebuf,L366.w3,32,1393621959,1153438,1171200
linebuf,L366.w4,32,1452380872,1153598,1171200
linebuf,L366.w5,32,1326386598,1153758,1171200
linebuf,L366.w6,32,2530533799,1153918,1171200
linebuf,L366.w7,32,3770815934,1154078,1171200
linebuf,L366.w8,32,3379911919,1154238,1171200
linebuf,L366.w9,32,3539187007,1154398,1171200
linebuf,L366.w10,32,3738194462,1154558,1171200
linebuf,L366.w11,32,213638128,1154718,1171200
linebuf,L367.w0,32,351057043,1161074,1174400
linebuf,L367.w1,32,1411502793,1161234,1174400
linebuf,L367.w2,32,514906946,1161394,1174400
linebuf,L367.w3,32,2883992688,1161554,1174400
linebuf,L367.w4,32,4247930098,1161714,1174400
linebuf,L367.w5,32,3526154820,1161874,1174400
linebuf,L367.w6,32,2772129453,1162034,1174400
linebuf,L367.w7,32,284628894,1162194,1174400
linebuf,L367.w8,32,551322808,1162354,1174400
linebuf,L367.w9,32,3354592657,1162514,1174400
linebuf,L367.w10,32,2966814207,1162674,1174400
linebuf,L367.w11,32,1263960380,1162834,1174400
linebuf,L368.w0,32,4120926005,1162994,1177600
linebuf,L368.w1,32,1759480610,1163154,1177600
linebuf,L368.w2,32,2608922333,1163314,1177600
linebuf,L368.w3,32,1463639495,1163474,1177600
linebuf,L368.w4,32,998889548,1163634,1177600
linebuf,L368.w5,32,116851541,1163794,1177600
linebuf,L368.w6,32,4133431534,1163954,1177600
linebuf,L368.w7,32,2766178314,1164114,1177600
linebuf,L368.w8,32,3008853845,1164274,1177600
linebuf,L368.w9,32,2961976508,1164434,1177600
linebuf,L368.w10,32,785911388,1164594,1177600
linebuf,L368.w11,32,3244968547,1164754,1177600
linebuf,L369.w0,32,3290880944,1164914,1180800
linebuf,L369.w1,32,3250284888,1165074,1180800
linebuf,L369.w2,32,2165413578,1165234,1180800
linebuf,L369.w3,32,3220539514,1165394,1180800
linebuf,L369.w4,32,2465495860,1165554,1180800
linebuf,L369.w5,32,2752078130,1165714,1180800
linebuf,L369.w6,32,1571044216,1165874,1180800
linebuf,L369.w7,32,1299292903,1166034,1180800
linebuf,L369.w8,32,1261653196,1166194,1180800
linebuf,L369.w9,32,1623565078,1166354,1180800
linebuf,L369.w10,32,1805761323,1166514,1180800
linebuf,L369.w11,32,3982033780,1166674,1180800
linebuf,L370.w0,32,1981882651,1169554,1184000
linebuf,L370.w1,32,3481856051,1169714,1184000
linebuf,L370.w2,32,3720582608,1169874,1184000
linebuf,L370.w3,32,3684755647,1170034,1184000
linebuf,L370.w4,32,318710345,1170194,1184000
linebuf,L370.w5,32,4038463432,1170354,1184000
linebuf,L370.w6,32,854652585,1170514,1184000
linebuf,L370.w7,32,1751097483,1170674,1184000
linebuf,L370.w8,32,4026554299,1170834,1184000
linebuf,L370.w9,32,994744342,1170994,1184000
linebuf,L370.w10,32,2610730559,1171154,1184000
linebuf,L370.w11,32,181347914,1171314,1184000
linebuf,L371.w0,32,2652270245,1171474,1187200
linebuf,L371.w1,32,1034049246,1171634,1187200
linebuf,L371.w2,32,2704755418,1171794,1187200
linebuf,L371.w3,32,964455029,1171954,1187200
linebuf,L371.w4,32,1045803636,1172114,1187200
linebuf,L371.w5,32,3062956774,1172274,1187200
linebuf,L371.w6,32,1695134336,1172434,1187200
linebuf,L371.w7,32,1629340800,1172594,1187200
linebuf,L371.w8,32,902580565,1172754,1187200
linebuf,L371.w9,32,2670928197,1172914,1187200
linebuf,L371.w10,32,652763035,1173074,1187200
linebuf,L371.w11,32,3092749071,1173234,1187200
linebuf,L372.w0,32,4249922847,1173394,1190400
linebuf,L372.w1,32,1285288743,1173554,1190400
linebuf,L372.w2,32,3194657255,1173714,1190400
linebuf,L372.w3,32,3087137724,1173874,1190400
linebuf,L372.w4,32,3775865738,1174034,1190400
linebuf,L372.w5,32,1546610345,1174194,1190400
linebuf,L372.w6,32,6284514,1174354,1190400
linebuf,L372.w7,32,3060883424,1174514,1190400
linebuf,L372.w8,32,3025679835,1174674,1190400
linebuf,L372.w9,32,2952494231,1174834,1190400
linebuf,L372.w10,32,1319680515,1174994,1190400
linebuf,L372.w11,32,1908133866,1175154,1190400
linebuf,L373.w0,32,2900182810,1178034,1193600
linebuf,L373.w1,32,628724909,1178194,1193600
linebuf,L373.w2,32,133946648,1178354,1193600
linebuf,L373.w3,32,4260901113,1178514,1193600
linebuf,L373.w4,32,1592399161,1178674,1193600
linebuf,L373.w5,32,1876868087,1178834,1193600
linebuf,L373.w6,32,2378962967,1178994,1193600
linebuf,L373.w7,32,1468421801,1179154,1193600
linebuf,L373.w8,32,3755425843,1179314,1193600
linebuf,L373.w9,32,3441097972,1179474,1193600
linebuf,L373.w10,32,2204206949,1179634,1193600
linebuf,L373.w11,32,2103223021,1179794,1193600
linebuf,L374.w0,32,1364009616,1179954,1196800
linebuf,L374.w1,32,4033213158,1180114,1196800
linebuf,L374.w2,32,2593132638,1180274,1196800
linebuf,L374.w3,32,478963330,1180434,1196800
linebuf,L374.w4,32,2506594137,1180594,1196800
linebuf,L374.w5,32,2773779427,1180754,1196800
linebuf,L374.w6,32,1255370677,1180914,1196800
linebuf,L374.w7,32,3480645342,1181074,1196800
linebuf,L374.w8,32,2353864151,1181234,1196800
linebuf,L374.w9,32,2846147064,1181394,1196800
linebuf,L374.w10,32,1185938742,1181554,1196800
linebuf,L374.w11,32,1844833009,1181714,1196800
linebuf,L375.w0,32,48503001,1181874,1200000
linebuf,L375.w1,32,3616310796,1182034,1200000
linebuf,L375.w2,32,1334555775,1182194,1200000
linebuf,L375.w3,32,3230906571,1182354,1200000
linebuf,L375.w4,32,371217660,1182514,1200000
linebuf,L375.w5,32,2743210247,1182674,1200000
linebuf,L375.w6,32,2112656832,1182834,1200000
linebuf,L375.w7,32,493775192,1182994,1200000
linebuf,L375.w8,32,2152418160,1183154,1200000
linebuf,L375.w9,32,947331115,1183314,1200000
linebuf,L375.w10,32,3737574746,1183474,1200000
linebuf,L375.w11,32,2601155877,1183634,1200000
linebuf,L376.w0,32,3218553860,1186514,1203200
linebuf,L376.w1,32,4180988287,1186674,1203200
linebuf,L376.w2,32,4250490406,1186834,1203200
linebuf,L376.w3,32,3981063821,1186994,1203200
linebuf,L376.w4,32,1136783202,1187154,1203200
linebuf,L376.w5,32,1875927346,1187314,1203200
linebuf,L376.w6,32,1600887163,1187474,1203200
linebuf,L376.w7,32,3369056597,1187634,1203200
linebuf,L376.w8,32,990235328,1187794,1203200
linebuf,L376.w9,32,232831444,1187954,1203200
linebuf,L376.w10,32,440177509,1188114,1203200
linebuf,L376.w11,32,2563750724,1188274,1203200
linebuf,L377.w0,32,2212892277,1188434,1206400
linebuf,L377.w1,32,2208366895,1188594,1206400
linebuf,L377.w2,32,2196138781,1188754,1206400
linebuf,L377.w3,32,700353922,1188914,1206400
linebuf,L377.w4,32,557164322,1189074,1206400
linebuf,L377.w5,32,1254376202,1189234,1206400
linebuf,L377.w6,32,3962283498,1189394,1206400
linebuf,L377.w7,32,207554602,1189554,1206400
linebuf,L377.w8,32,4202640223,1189714,1206400
linebuf,L377.w9,32,3797949960,1189874,1206400
linebuf,L377.w10,32,293371339,1190034,1206400
linebuf,L377.w11,32,937357927,1190194,1206400
linebuf,L378.w0,32,13619353,1190354,1209600
linebuf,L378.w1,32,2888092871,1190514,1209600
linebuf,L378.w2,32,265417368,1190674,1209600
linebuf,L378.w3,32,1816518747,1190834,1209600
linebuf,L378.w4,32,3142758223,1190994,1209600
linebuf,L378.w5,32,3074403512,1191154,1209600
linebuf,L378.w6,32,3661551538,1191314,1209600
linebuf,L378.w7,32,90362811,1191474,1209600
linebuf,L378.w8,32,284183369,1191634,1209600
linebuf,L378.w9,32,236281130,1191794,1209600
linebuf,L378.w10,32,38492761,1191954,1209600
linebuf,L378.w11,32,149789257,1192114,1209600
linebuf,L379.w0,32,1428984509,1196180,1212800
linebuf,L379.w1,32,3372190131,1196340,1212800
linebuf,L379.w2,32,80478664,1196500,1212800
linebuf,L379.w3,32,2626451072,1196660,1212800
linebuf,L379.w4,32,37792479,1196820,1212800
linebuf,L379.w5,32,2401011519,1196980,1212800
linebuf,L379.w6,32,907781598,1197140,1212800
linebuf,L379.w7,32,2014161850,1197300,1212800
linebuf,L379.w8,32,859464993,1197460,1212800
linebuf,L379.w9,32,1143589369,1197620,1212800
linebuf,L379.w10,32,1268575013,1197780,1212800
linebuf,L379.w11,32,2498428037,1197940,1212800
linebuf,L380.w0,32,2365091415,1198100,1216000
linebuf,L380.w1,32,2239896228,1198260,1216000
linebuf,L380.w2,32,1079667553,1198420,1216000
linebuf,L380.w3,32,3817329077,1198580,1216000
linebuf,L380.w4,32,1002945960,1198740,1216000
linebuf,L380.w5,32,784583731,1198900,1216000
linebuf,L380.w6,32,905159445,1199060,1216000
linebuf,L380.w7,32,1681276236,1199220,1216000
linebuf,L380.w8,32,3809640388,1199380,1216000
linebuf,L380.w9,32,256716339,1199540,1216000
linebuf,L380.w10,32,1024741960,1199700,1216000
linebuf,L380.w11,32,4166951974,1199860,1216000
linebuf,L381.w0,32,2385124890,1200020,1219200
linebuf,L381.w1,32,3008842791,1200180,1219200
linebuf,L381.w2,32,1944045692,1200340,1219200
linebuf,L381.w3,32,151813724,1200500,1219200
linebuf,L381.w4,32,1423373459,1200660,1219200
linebuf,L381.w5,32,1403106738,1200820,1219200
linebuf,L381.w6,32,1747021611,1200980,1219200
linebuf,L381.w7,32,514311670,1201140,1219200
linebuf,L381.w8,32,68681869,1201300,1219200
linebuf,L381.w9,32,2416118508,1201460,1219200
linebuf,L381.w10,32,794774442,1201620,1219200
linebuf,L381.w11,32,2171592999,1201780,1219200
linebuf,L382.w0,32,3270563287,1204758,1222400
linebuf,L382.w1,32,793930191,1204918,1222400
linebuf,L382.w2,32,937891245,1205078,1222400
linebuf,L382.w3,32,965908091,1205238,1222400
linebuf,L382.w4,32,758188893,1205398,1222400
linebuf,L382.w5,32,1306466763,1205558,1222400
linebuf,L382.w6,32,3889920044,1205718,1222400
linebuf,L382.w7,32,3461902481,1205878,1222400
linebuf,L382.w8,32,419962864,1206038,1222400
linebuf,L382.w9,32,252529098,1206198,1222400
linebuf,L382.w10,32,3413899584,1206358,1222400
linebuf,L382.w11,32,1348014436,1206518,1222400
linebuf,L383.w0,32,3771204198,1206678,1225600
linebuf,L383.w1,32,3120189982,1206838,1225600
linebuf,L383.w2,32,628348694,1206998,1225600
linebuf,L383.w3,32,269805258,1207158,1225600
linebuf,L383.w4,32,3577597775,1207318,1225600
linebuf,L383.w5,32,1903422788,1207478,1225600
linebuf,L383.w6,32,644488579,1207638,1225600
linebuf,L383.w7,32,991871728,1207798,1225600
linebuf,L383.w8,32,185142998,1207958,1225600
linebuf,L383.w9,32,3210965651,1208118,1225600
linebuf,L383.w10,32,1229363118,1208278,1225600
linebuf,L383.w11,32,4130833003,1208438,1225600
linebuf,L384.w0,32,1478857166,1208598,1228800
linebuf,L384.w1,32,250444878,1208758,1228800
linebuf,L384.w2,32,2532055900,1208918,1228800
linebuf,L384.w3,32,383396410,1209078,1228800
linebuf,L384.w4,32,1900616488,1209238,1228800
linebuf,L384.w5,32,859978402,1209398,1228800
linebuf,L384.w6,32,3407872083,1209558,1228800
linebuf,L384.w7,32,978427708,1209718,1228800
linebuf,L384.w8,32,2855152036,1209878,1228800
linebuf,L384.w9,32,795050960,1210038,1228800
linebuf,L384.w10,32,511934243,1210198,1228800
linebuf,L384.w11,32,246742702,1210358,1228800
linebuf,L385.w0,32,3204745355,1218736,1232000
linebuf,L385.w1,32,3128294112,1218896,1232000
linebuf,L385.w2,32,497937656,1219056,1232000
linebuf,L385.w3,32,375480790,1219216,1232000
linebuf,L385.w4,32,4091537739,1219376,1232000
linebuf,L385.w5,32,3377036740,1219536,1232000
linebuf,L385.w6,32,3485623313,1219696,1232000
linebuf,L385.w7,32,3188796353,1219856,1232000
linebuf,L385.w8,32,944190929,1220016,1232000
linebuf,L385.w9,32,4030380687,1220176,1232000
linebuf,L385.w10,32,1228839142,1220336,1232000
linebuf,L385.w11,32,3066814942,1220496,1232000
linebuf,L386.w0,32,1082868228,1220656,1235200
linebuf,L386.w1,32,2264340754,1220816,1235200
linebuf,L386.w2,32,1816101350,1220976,1235200
linebuf,L386.w3,32,3741524010,1221136,1235200
linebuf,L386.w4,32,1067899109,1221296,1235200
linebuf,L386.w5,32,3103503690,1221456,1235200
linebuf,L386.w6,32,138568569,1221616,1235200
linebuf,L386.w7,32,3109277134,1221776,1235200
linebuf,L386.w8,32,1081331836,1221936,1235200
linebuf,L386.w9,32,3285492327,1222096,1235200
linebuf,L386.w10,32,836654245,1222256,1235200
linebuf,L386.w11,32,1399151721,1222416,1235200
linebuf,L387.w0,32,1502912929,1222576,1238400
linebuf,L387.w1,32,1534324378,1222736,1238400
linebuf,L387.w2,32,1951052284,1222896,1238400
linebuf,L387.w3,32,3283274959,1223056,1238400
linebuf,L387.w4,32,3755142337,1223216,1238400
linebuf,L387.w5,32,3961672921,1223376,1238400
linebuf,L387.w6,32,2832771313,1223536,1238400
linebuf,L387.w7,32,3724812482,1223696,1238400
linebuf,L387.w8,32,2643476039,1223856,1238400
linebuf,L387.w9,32,1642606651,1224016,1238400
linebuf,L387.w10,32,3713123843,1224176,1238400
linebuf,L387.w11,32,2915891389,1224336,1238400
linebuf,L388.w0,32,1830059348,1227216,1241600
linebuf,L388.w1,32,4001770164,1227376,1241600
linebuf,L388.w2,32,1050098463,1227536,1241600
linebuf,L388.w3,32,3573470530,1227696,1241600
linebuf,L388.w4,32,3565690727,1227856,1241600
linebuf,L388.w5,32,2101725637,1228016,1241600
linebuf,L388.w6,32,3768235506,1228176,1241600
linebuf,L388.w7,32,1476202018,1228336,1241600
linebuf,L388.w8,32,3911980516,1228496,1241600
linebuf,L388.w9,32,767170369,1228656,1241600
linebuf,L388.w10,32,2598139521,1228816,1241600
linebuf,L388.w11,32,2787995279,1228976,1241600
linebuf,L389.w0,32,488931530,1229136,1244800
linebuf,L389.w1,32,1029577141,1229296,1244800
linebuf,L389.w2,32,310391553,1229456,1244800
linebuf,L389.w3,32,3319651637,1229616,1244800
linebuf,L389.w4,32,3425384627,1229776,1244800
linebuf,L389.w5,32,1875150043,1229936,1244800
linebuf,L389.w6,32,3803047687,1230096,1244800
linebuf,L389.w7,32,1189357380,1230256,1244800
linebuf,L389.w8,32,2286077468,1230416,1244800
linebuf,L389.w9,32,1304860377,1230576,1244800
linebuf,L389.w10,32,3954665977,1230736,1244800
linebuf,L389.w11,32,4172840668,1230896,1244800
linebuf,L390.w0,32,3997639127,1231056,1248000
linebuf,L390.w1,32,1438977611,1231216,1248000
linebuf,L390.w2,32,3241631198,1231376,1248000
linebuf,L390.w3,32,3571659166,1231536,1248000
linebuf,L390.w4,32,1591476855,1231696,1248000
linebuf,L390.w5,32,1757744440,1231856,1248000
linebuf,L390.w6,32,1959973722,1232016,1248000
linebuf,L390.w7,32,1564949638,1232176,1248000
linebuf,L390.w8,32,1511330613,1232336,1248000
linebuf,L390.w9,32,1356740311,1232496,1248000
linebuf,L390.w10,32,1701021167,1232656,1248000
linebuf,L390.w11,32,4115018358,1232816,1248000
linebuf,L391.w0,32,73488507,1235696,1251200
linebuf,L391.w1,32,1590377635,1235856,1251200
linebuf,L391.w2,32,546941094,1236016,1251200
linebuf,L391.w3,32,1298915975,1236176,1251200
linebuf,L391.w4,32,721621761,1236336,1251200
linebuf,L391.w5,32,1297994038,1236496,1251200
linebuf,L391.w6,32,2434452603,1236656,1251200
linebuf,L391.w7,32,544418469,1236816,1251200
linebuf,L391.w8,32,3743533723,1236976,1251200
linebuf,L391.w9,32,2355914596,1237136,1251200
linebuf,L391.w10,32,3055421757,1237296,1251200
linebuf,L391.w11,32,3121740851,1237456,1251200
linebuf,L392.w0,32,642076824,1237616,1254400
linebuf,L392.w1,32,716963010,1237776,1254400
linebuf,L392.w2,32,1965737514,1237936,1254400
linebuf,L392.w3,32,2769801602,1238096,1254400
linebuf,L392.w4,32,2694251036,1238256,1254400
linebuf,L392.w5,32,653853959,1238416,1254400
linebuf,L392.w6,32,580641104,1238576,1254400
linebuf,L392.w7,32,691982719,1238736,1254400
linebuf,L392.w8,32,342261015,1238896,1254400
linebuf,L392.w9,32,3490327361,1239056,1254400
linebuf,L392.w10,32,2628684596,1239216,1254400
linebuf,L392.w11,32,1090419374,1239376,1254400
linebuf,L393.w0,32,1011157169,1239536,1257600
linebuf,L393.w1,32,1528804738,1239696,1257600
linebuf,L393.w2,32,2770500463,1239856,1257600
linebuf,L393.w3,32,1353828267,1240016,1257600
linebuf,L393.w4,32,736772036,1240176,1257600
linebuf,L393.w5,32,1190918960,1240336,1257600
linebuf,L393.w6,32,3676084703,1240496,1257600
linebuf,L393.w7,32,2031801348,1240656,1257600
linebuf,L393.w8,32,1330324571,1240816,1257600
linebuf,L393.w9,32,331840957,1240976,1257600
linebuf,L393.w10,32,1839787044,1241136,1257600
linebuf,L393.w11,32,661507808,1241296,1257600
linebuf,L394.w0,32,3806835513,1244176,1260800
linebuf,L394.w1,32,1931359148,1244336,1260800
linebuf,L394.w2,32,3935811079,1244496,1260800
linebuf,L394.w3,32,461380795,1244656,1260800
linebuf,L394.w4,32,3628355864,1244816,1260800
linebuf,L394.w5,32,669185146,1244976,1260800
linebuf,L394.w6,32,2939973673,1245136,1260800
linebuf,L394.w7,32,1356534020,1245296,1260800
linebuf,L394.w8,32,297159265,1245456,1260800
linebuf,L394.w9,32,2942514027,1245616,1260800
linebuf,L394.w10,32,802254536,1245776,1260800
linebuf,L394.w11,32,2059785612,1245936,1260800
linebuf,L395.w0,32,2296117452,1246096,1264000
linebuf,L395.w1,32,150208280,1246256,1264000
linebuf,L395.w2,32,4231090515,1246416,1264000
linebuf,L395.w3,32,201318671,1246576,1264000
linebuf,L395.w4,32,3118775488,1246736,1264000
linebuf,L395.w5,32,4101771636,1246896,1264000
linebuf,L395.w6,32,823188990,1247056,1264000
linebuf,L395.w7,32,2789461608,1247216,1264000
linebuf,L395.w8,32,1528996374,1247376,1264000
linebuf,L395.w9,32,3158414787,1247536,1264000
linebuf,L395.w10,32,4133755044,1247696,1264000
linebuf,L395.w11,32,1572315385,1247856,1264000
linebuf,L396.w0,32,2180752446,1248016,1267200
linebuf,L396.w1,32,4013187218,1248176,1267200
linebuf,L396.w2,32,3737988313,1248336,1267200
linebuf,L396.w3,32,1526010932,1248496,1267200
linebuf,L396.w4,32,3685060927,1248656,1267200
linebuf,L396.w5,32,3656364174,1248816,1267200
linebuf,L396.w6,32,3357660211,1248976,1267200
linebuf,L396.w7,32,2162956308,1249136,1267200
linebuf,L396.w8,32,2693123180,1249296,1267200
linebuf,L396.w9,32,3480006898,1249456,1267200
linebuf,L396.w10,32,2859775912,1249616,1267200
linebuf,L396.w11,32,1608588041,1249776,1267200
linebuf,L397.w0,32,517179293,1255739,1270400
linebuf,L397.w1,32,792997447,1255899,1270400
linebuf,L397.w2,32,4074037704,1256059,1270400
linebuf,L397.w3,32,1612545590,1256219,1270400
linebuf,L397.w4,32,140146118,1256379,1270400
linebuf,L397.w5,32,4196438187,1256539,1270400
linebuf,L397.w6,32,1163442045,1256699,1270400
linebuf,L397.w7,32,3802128736,1256859,1270400
linebuf,L397.w8,32,2636663092,1257019,1270400
linebuf,L397.w9,32,3056312791,1257179,1270400
linebuf,L397.w10,32,4144350177,1257339,1270400
linebuf,L397.w11,32,3428884937,1257499,1270400
linebuf,L398.w0,32,902664218,1257659,1273600
linebuf,L398.w1,32,267915629,1257819,1273600
linebuf,L398.w2,32,1060725956,1257979,1273600
linebuf,L398.w3,32,3598075356,1258139,1273600
linebuf,L398.w4,32,3641736904,1258299,1273600
linebuf,L398.w5,32,1307407328,1258459,1273600
linebuf,L398.w6,32,1404738008,1258619,1273600
linebuf,L398.w7,32,2419505104,1258779,1273600
linebuf,L398.w8,32,1730679860,1258939,1273600
linebuf,L398.w9,32,1049440280,1259099,1273600
linebuf,L398.w10,32,1545072301,1259259,1273600
linebuf,L398.w11,32,3317597604,1259419,1273600
linebuf,L399.w0,32,212400817,1259579,1276800
linebuf,L399.w1,32,995371699,1259739,1276800
linebuf,L399.w2,32,4045094373,1259899,1276800
linebuf,L399.w3,32,1247836082,1260059,1276800
linebuf,L399.w4,32,2996729146,1260219,1276800
linebuf,L399.w5,32,2441498853,1260379,1276800
linebuf,L399.w6,32,29317048,1260539,1276800
linebuf,L399.w7,32,838957287,1260699,1276800
linebuf,L399.w8,32,417231932,1260859,1276800
linebuf,L399.w9,32,4191132482,1261019,1276800
linebuf,L399.w10,32,581771110,1261179,1276800
linebuf,L399.w11,32,956744272,1261339,1276800
linebuf,L400.w0,32,3823903968,1265071,1280000
linebuf,L400.w1,32,1144777675,1265231,1280000
linebuf,L400.w2,32,604987589,1265391,1280000
linebuf,L400.w3,32,697379907,1265551,1280000
linebuf,L400.w4,32,979581166,1265711,1280000
linebuf,L400.w5,32,323826714,1265871,1280000
linebuf,L400.w6,32,1337640272,1266031,1280000
linebuf,L400.w7,32,2462754501,1266191,1280000
linebuf,L400.w8,32,2193415765,1266351,1280000
linebuf,L400.w9,32,2187266179,1266511,1280000
linebuf,L400.w10,32,3870150703,1266671,1280000
linebuf,L400.w11,32,3820866565,1266831,1280000
linebuf,L401.w0,32,2316951140,1266991,1283200
linebuf,L401.w1,32,2578128793,1267151,1283200
linebuf,L401.w2,32,3880736953,1267311,1283200
linebuf,L401.w3,32,3708176479,1267471,1283200
linebuf,L401.w4,32,2327558875,1267631,1283200
linebuf,L401.w5,32,3389874786,1267791,1283200
linebuf,L401.w6,32,1855958992,1267951,1283200
linebuf,L401.w7,32,3705337724,1268111,1283200
linebuf,L401.w8,32,3742907605,1268271,1283200
linebuf,L401.w9,32,1887026410,1268431,1283200
linebuf,L401.w10,32,2494668447,1268591,1283200
linebuf,L401.w11,32,2197949686,1268751,1283200
linebuf,L402.w0,32,2040010648,1268911,1286400
linebuf,L402.w1,32,785466868,1269071,1286400
linebuf,L402.w2,32,2200960872,1269231,1286400
linebuf,L402.w3,32,3711571495,1269391,1286400
linebuf,L402.w4,32,1527419116,1269551,1286400
linebuf,L402.w5,32,839524984,1269711,1286400
linebuf,L402.w6,32,1860156153,1269871,1286400
linebuf,L402.w7,32,3455142310,1270031,1286400
linebuf,L402.w8,32,318508731,1270191,1286400
linebuf,L402.w9,32,1189375851,1270351,1286400
linebuf,L402.w10,32,881397593,1270511,1286400
linebuf,L402.w11,32,983286747,1270671,1286400
linebuf,L403.w0,32,573740579,1273551,1289600
linebuf,L403.w1,32,3317904795,1273711,1289600
linebuf,L403.w2,32,894420468,1273871,1289600
linebuf,L403.w3,32,91051068,1274031,1289600
linebuf,L403.w4,32,702629172,1274191,1289600
linebuf,L403.w5,32,2086137785,1274351,1289600
linebuf,L403.w6,32,1558565413,1274511,1289600
linebuf,L403.w7,32,790048475,1274671,1289600
linebuf,L403.w8,32,211691059,1274831,1289600
linebuf,L403.w9,32,3364458659,1274991,1289600
linebuf,L403.w10,32,1547603147,1275151,1289600
linebuf,L403.w11,32,354163877,1275311,1289600
linebuf,L404.w0,32,2618617646,1275471,1292800
linebuf,L404.w1,32,1019294764,1275631,1292800
linebuf,L404.w2,32,2911878050,1275791,1292800
linebuf,L404.w3,32,2989680423,1275951,1292800
linebuf,L404.w4,32,3725226338,1276111,1292800
linebuf,L404.w5,32,908000053,1276271,1292800
linebuf,L404.w6,32,373995792,1276431,1292800
linebuf,L404.w7,32,1895157245,1276591,1292800
linebuf,L404.w8,32,2765198100,1276751,1292800
linebuf,L404.w9,32,2817445398,1276911,1292800
linebuf,L404.w10,32,843162721,1277071,1292800
linebuf,L404.w11,32,2583917936,1277231,1292800
linebuf,L405.w0,32,1470704607,1277391,1296000
linebuf,L405.w1,32,708681485,1277551,1296000
linebuf,L405.w2,32,2470161758,1277711,1296000
linebuf,L405.w3,32,2969558170,1277871,1296000
linebuf,L405.w4,32,3598981833,1278031,1296000
linebuf,L405.w5,32,3588752087,1278191,1296000
linebuf,L405.w6,32,2880241992,1278351,1296000
linebuf,L405.w7,32,3035732958,1278511,1296000
linebuf,L405.w8,32,4231826567,1278671,1296000
linebuf,L405.w9,32,3992137870,1278831,1296000
linebuf,L405.w10,32,77085662,1278991,1296000
linebuf,L405.w11,32,934461502,1279151,1296000
linebuf,L406.w0,32,2063142924,1284799,1299200
linebuf,L406.w1,32,2371243748,1284959,1299200
linebuf,L406.w2,32,155501819,1285119,1299200
linebuf,L406.w3,32,3870863770,1285279,1299200
linebuf,L406.w4,32,224938564,1285439,1299200
linebuf,L406.w5,32,3664765472,1285599,1299200
linebuf,L406.w6,32,1575274964,1285759,1299200
linebuf,L406.w7,32,2147299556,1285919,1299200
linebuf,L406.w8,32,2401567355,1286079,1299200
linebuf,L406.w9,32,1501105249,1286239,1299200
linebuf,L406.w10,32,582032590,1286399,1299200
linebuf,L406.w11,32,2096766425,1286559,1299200
linebuf,L407.w0,32,293371558,1286719,1302400
linebuf,L407.w1,32,2195474848,1286879,1302400
linebuf,L407.w2,32,1369392127,1287039,1302400
linebuf,L407.w3,32,2853064475,1287199,1302400
linebuf,L407.w4,32,3184813787,1287359,1302400
linebuf,L407.w5,32,4008484395,1287519,1302400
linebuf,L407.w6,32,2435989406,1287679,1302400
linebuf,L407.w7,32,2876512265,1287839,1302400
linebuf,L407.w8,32,4281241993,1287999,1302400
linebuf,L407.w9,32,1338149367,1288159,1302400
linebuf,L407.w10,32,2598902795,1288319,1302400
linebuf,L407.w11,32,1364728179,1288479,1302400
linebuf,L408.w0,32,3824220625,1288639,1305600
linebuf,L408.w1,32,3365998659,1288799,1305600
linebuf,L408.w2,32,2460539767,1288959,1305600
linebuf,L408.w3,32,384822701,1289119,1305600
linebuf,L408.w4,32,2065535939,1289279,1305600
linebuf,L408.w5,32,1451681561,1289439,1305600
linebuf,L408.w6,32,1784753549,1289599,1305600
linebuf,L408.w7,32,3655329750,1289759,1305600
linebuf,L408.w8,32,307050407,1289919,1305600
linebuf,L408.w9,32,1125588718,1290079,1305600
linebuf,L408.w10,32,270287231,1290239,1305600
linebuf,L408.w11,32,4257307036,1290399,1305600
linebuf,L409.w0,32,3690119145,1293279,1308800
linebuf,L409.w1,32,1387060791,1293439,1308800
linebuf,L409.w2,32,81811485,1293599,1308800
linebuf,L409.w3,32,4250958028,1293759,1308800
linebuf,L409.w4,32,774067738,1293919,1308800
linebuf,L409.w5,32,3901839731,1294079,1308800
linebuf,L409.w6,32,1406460918,1294239,1308800
linebuf,L409.w7,32,969770374,1294399,1308800
linebuf,L409.w8,32,1344618711,1294559,1308800
linebuf,L409.w9,32,1127421017,1294719,1308800
linebuf,L409.w10,32,3582845878,1294879,1308800
linebuf,L409.w11,32,3510978313,1295039,1308800
linebuf,L410.w0,32,1084047850,1295199,1312000
linebuf,L410.w1,32,3733932830,1295359,1312000
linebuf,L410.w2,32,1315177182,1295519,1312000
linebuf,L410.w3,32,4089344644,1295679,1312000
linebuf,L410.w4,32,2094157961,1295839,1312000
linebuf,L410.w5,32,1786534626,1295999,1312000
linebuf,L410.w6,32,4083686045,1296159,1312000
linebuf,L410.w7,32,51472815,1296319,1312000
linebuf,L410.w8,32,1264932104,1296479,1312000
linebuf,L410.w9,32,697311224,1296639,1312000
linebuf,L410.w10,32,2721739564,1296799,1312000
linebuf,L410.w11,32,1248904970,1296959,1312000
linebuf,L411.w0,32,208732769,1297119,1315200
linebuf,L411.w1,32,497381621,1297279,1315200
linebuf,L411.w2,32,1853021154,1297439,1315200
linebuf,L411.w3,32,1849501929,1297599,1315200
linebuf,L411.w4,32,3982349856,1297759,1315200
linebuf,L411.w5,32,2632688063,1297919,1315200
linebuf,L411.w6,32,933746945,1298079,1315200
linebuf,L411.w7,32,1195347538,1298239,1315200
linebuf,L411.w8,32,1530990944,1298399,1315200
linebuf,L411.w9,32,3299161288,1298559,1315200
linebuf,L411.w10,32,2809530335,1298719,1315200
linebuf,L411.w11,32,3088076268,1298879,1315200
linebuf,L412.w0,32,2474036640,1301759,1318400
linebuf,L412.w1,32,1208193974,1301919,1318400
linebuf,L412.w2,32,2613713998,1302079,1318400
linebuf,L412.w3,32,1099103031,1302239,1318400
linebuf,L412.w4,32,2900763092,1302399,1318400
linebuf,L412.w5,32,740339960,1302559,1318400
linebuf,L412.w6,32,1385830986,1302719,1318400
linebuf,L412.w7,32,613391675,1302879,1318400
linebuf,L412.w8,32,1510609489,1303039,1318400
linebuf,L412.w9,32,406309439,1303199,1318400
linebuf,L412.w10,32,1705128605,1303359,1318400
linebuf,L412.w11,32,1532703764,1303519,1318400
linebuf,L413.w0,32,2243420477,1303679,1321600
linebuf,L413.w1,32,3197448627,1303839,1321600
linebuf,L413.w2,32,2435253604,1303999,1321600
linebuf,L413.w3,32,2990953609,1304159,1321600
linebuf,L413.w4,32,3753652797,1304319,1321600
linebuf,L413.w5,32,825783501,1304479,1321600
linebuf,L413.w6,32,1700103291,1304639,1321600
linebuf,L413.w7,32,4218960604,1304799,1321600
linebuf,L413.w8,32,1929504108,1304959,1321600
linebuf,L413.w9,32,644456728,1305119,1321600
linebuf,L413.w10,32,3576223605,1305279,1321600
linebuf,L413.w11,32,2066474781,1305439,1321600
linebuf,L414.w0,32,4170735091,1305599,1324800
linebuf,L414.w1,32,2997176549,1305759,1324800
linebuf,L414.w2,32,1043228513,1305919,1324800
linebuf,L414.w3,32,162155527,1306079,1324800
linebuf,L414.w4,32,3137173730,1306239,1324800
linebuf,L414.w5,32,2747566836,1306399,1324800
linebuf,L414.w6,32,1063484913,1306559,1324800
linebuf,L414.w7,32,339265559,1306719,1324800
linebuf,L414.w8,32,3183087540,1306879,1324800
linebuf,L414.w9,32,302886809,1307039,1324800
linebuf,L414.w10,32,165473747,1307199,1324800
linebuf,L414.w11,32,2230610599,1307359,1324800
linebuf,L415.w0,32,2448039857,1311688,1328000
linebuf,L415.w1,32,2079871630,1311848,1328000
linebuf,L415.w2,32,3004722136,1312008,1328000
linebuf,L415.w3,32,1405571770,1312168,1328000
linebuf,L415.w4,32,3938616274,1312328,1328000
linebuf,L415.w5,32,2235112915,1312488,1328000
linebuf,L415.w6,32,3414908247,1312648,1328000
linebuf,L415.w7,32,732026710,1312808,1328000
linebuf,L415.w8,32,2418412122,1312968,1328000
linebuf,L415.w9,32,3041828323,1313128,1328000
linebuf,L415.w10,32,2135349320,1313288,1328000
linebuf,L415.w11,32,1707990607,1313448,1328000
linebuf,L416.w0,32,56806308,1313608,1331200
linebuf,L416.w1,32,1657888523,1313768,1331200
linebuf,L416.w2,32,2373680983,1313928,1331200
linebuf,L416.w3,32,3111540229,1314088,1331200
linebuf,L416.w4,32,2414735552,1314248,1331200
linebuf,L416.w5,32,3567906795,1314408,1331200
linebuf,L416.w6,32,3187303150,1314568,1331200
linebuf,L416.w7,32,1935032692,1314728,1331200
linebuf,L416.w8,32,710379200,1314888,1331200
linebuf,L416.w9,32,2548559401,1315048,1331200
linebuf,L416.w10,32,2528281919,1315208,1331200
linebuf,L416.w11,32,1602595325,1315368,1331200
linebuf,L417.w0,32,221545565,1315528,1334400
linebuf,L417.w1,32,3610881032,1315688,1334400
linebuf,L417.w2,32,3117715362,1315848,1334400
linebuf,L417.w3,32,1581862497,1316008,1334400
linebuf,L417.w4,32,3528781275,1316168,1334400
linebuf,L417.w5,32,1515716639,1316328,1334400
linebuf,L417.w6,32,1880234286,1316488,1334400
linebuf,L417.w7,32,1020029606,1316648,1334400
linebuf,L417.w8,32,2953588806,1316808,1334400
linebuf,L417.w9,32,2769733748,1316968,1334400
linebuf,L417.w10,32,2844602146,1317128,1334400
linebuf,L417.w11,32,2347856198,1317288,1334400
linebuf,L418.w0,32,379009909,1323324,1337600
linebuf,L418.w1,32,1897781716,1323484,1337600
linebuf,L418.w2,32,3255575286,1323644,1337600
linebuf,L418.w3,32,3743755825,1323804,1337600
linebuf,L418.w4,32,1533632857,1323964,1337600
linebuf,L418.w5,32,838513988,1324124,1337600
linebuf,L418.w6,32,693106037,1324284,1337600
linebuf,L418.w7,32,578339884,1324444,1337600
linebuf,L418.w8,32,1899263245,1324604,1337600
linebuf,L418.w9,32,3996231745,1324764,1337600
linebuf,L418.w10,32,3577454782,1324924,1337600
linebuf,L418.w11,32,193560097,1325084,1337600
linebuf,L419.w0,32,4098199667,1325244,1340800
linebuf,L419.w1,32,1563667999,1325404,1340800
linebuf,L419.w2,32,2436701288,1325564,1340800
linebuf,L419.w3,32,1448264225,1325724,1340800
linebuf,L419.w4,32,4165501458,1325884,1340800
linebuf,L419.w5,32,3471212190,1326044,1340800
linebuf,L419.w6,32,744853944,1326204,1340800
linebuf,L419.w7,32,2442822030,1326364,1340800
linebuf,L419.w8,32,2106326820,1326524,1340800
linebuf,L419.w9,32,2054236204,1326684,1340800
linebuf,L419.w10,32,35979704,1326844,1340800
linebuf,L419.w11,32,2473689462,1327004,1340800
linebuf,L420.w0,32,1004878555,1327164,1344000
linebuf,L420.w1,32,3798621724,1327324,1344000
linebuf,L420.w2,32,3764797957,1327484,1344000
linebuf,L420.w3,32,2617514230,1327644,1344000
linebuf,L420.w4,32,255093868,1327804,1344000
linebuf,L420.w5,32,1907427753,1327964,1344000
linebuf,L420.w6,32,2810756324,1328124,1344000
linebuf,L420.w7,32,702318275,1328284,1344000
linebuf,L420.w8,32,2188463142,1328444,1344000
linebuf,L420.w9,32,894937679,1328604,1344000
linebuf,L420.w10,32,4241610915,1328764,1344000
linebuf,L420.w11,32,1719364118,1328924,1344000
linebuf,L421.w0,32,529745995,1331804,1347200
linebuf,L421.w1,32,1352115559,1331964,1347200
linebuf,L421.w2,32,1125597355,1332124,1347200
linebuf,L421.w3,32,594092520,1332284,1347200
linebuf,L421.w4,32,4258110792,1332444,1347200
linebuf,L421.w5,32,727172900,1332604,1347200
linebuf,L421.w6,32,1417098523,1332764,1347200
linebuf,L421.w7,32,565384971,1332924,1347200
linebuf,L421.w8,32,775149690,1333084,1347200
linebuf,L421.w9,32,3459364206,1333244,1347200
linebuf,L421.w10,32,3916034124,1333404,1347200
linebuf,L421.w11,32,3184864899,1333564,1347200
linebuf,L422.w0,32,2650947863,1333724,1350400
linebuf,L422.w1,32,2277455400,1333884,1350400
linebuf,L422.w2,32,1323527704,1334044,1350400
linebuf,L422.w3,32,1006109185,1334204,1350400
linebuf,L422.w4,32,2381072368,1334364,1350400
linebuf,L422.w5,32,3034813184,1334524,1350400
linebuf,L422.w6,32,1835699353,1334684,1350400
linebuf,L422.w7,32,2010346268,1334844,1350400
linebuf,L422.w8,32,1967030251,1335004,1350400
linebuf,L422.w9,32,2192362728,1335164,1350400
linebuf,L422.w10,32,2371354882,1335324,1350400
linebuf,L422.w11,32,1336141758,1335484,1350400
linebuf,L423.w0,32,729191430,1335644,1353600
linebuf,L423.w1,32,2233066241,1335804,1353600
linebuf,L423.w2,32,2643996887,1335964,1353600
linebuf,L423.w3,32,2178765303,1336124,1353600
linebuf,L423.w4,32,4102418483,1336284,1353600
linebuf,L423.w5,32,1326369492,1336444,1353600
linebuf,L423.w6,32,2542791569,1336604,1353600
linebuf,L423.w7,32,3619195439,1336764,1353600
linebuf,L423.w8,32,3382285318,1336924,1353600
linebuf,L423.w9,32,887897162,1337084,1353600
linebuf,L423.w10,32,1213482191,1337244,1353600
linebuf,L423.w11,32,2892566083,1337404,1353600
linebuf,L424.w0,32,27653150,1344014,1356800
linebuf,L424.w1,32,3493652117,1344174,1356800
linebuf,L424.w2,32,4214732494,1344334,1356800
linebuf,L424.w3,32,1462291034,1344494,1356800
linebuf,L424.w4,32,511368155,1344654,1356800
linebuf,L424.w5,32,1827254317,1344814,1356800
linebuf,L424.w6,32,1632151347,1344974,1356800
linebuf,L424.w7,32,3063235978,1345134,1356800
linebuf,L424.w8,32,2812014929,1345294,1356800
linebuf,L424.w9,32,2202458498,1345454,1356800
linebuf,L424.w10,32,3155081087,1345614,1356800
linebuf,L424.w11,32,768416831,1345774,1356800
linebuf,L425.w0,32,2654859234,1345934,1360000
linebuf,L425.w1,32,3811565106,1346094,1360000
linebuf,L425.w2,32,1887907309,1346254,1360000
linebuf,L425.w3,32,1930188188,1346414,1360000
linebuf,L425.w4,32,3500113895,1346574,1360000
linebuf,L425.w5,32,2290143562,1346734,1360000
linebuf,L425.w6,32,1899920820,1346894,1360000
linebuf,L425.w7,32,1562375941,1347054,1360000
linebuf,L425.w8,32,3587602136,1347214,1360000
linebuf,L425.w9,32,886569108,1347374,1360000
linebuf,L425.w10,32,232034915,1347534,1360000
linebuf,L425.w11,32,365810519,1347694,1360000
linebuf,L426.w0,32,3101011265,1347854,1363200
linebuf,L426.w1,32,460922431,1348014,1363200
linebuf,L426.w2,32,417892382,1348174,1363200
linebuf,L426.w3,32,2311736441,1348334,1363200
linebuf,L426.w4,32,1664559958,1348494,1363200
linebuf,L426.w5,32,589735495,1348654,1363200
linebuf,L426.w6,32,1904334711,1348814,1363200
linebuf,L426.w7,32,1705804840,1348974,1363200
linebuf,L426.w8,32,781628634,1349134,1363200
linebuf,L426.w9,32,2040245358,1349294,1363200
linebuf,L426.w10,32,1928218560,1349454,1363200
linebuf,L426.w11,32,2241819291,1349614,1363200
linebuf,L427.w0,32,156370505,1352494,1366400
linebuf,L427.w1,32,2521807971,1352654,1366400
linebuf,L427.w2,32,832871635,1352814,1366400
linebuf,L427.w3,32,4066711028,1352974,1366400
linebuf,L427.w4,32,4190236674,1353134,1366400
linebuf,L427.w5,32,2535850894,1353294,1366400
linebuf,L427.w6,32,1932590859,1353454,1366400
linebuf,L427.w7,32,2097185545,1353614,1366400
linebuf,L427.w8,32,1673902236,1353774,1366400
linebuf,L427.w9,32,1248676861,1353934,1366400
linebuf,L427.w10,32,3919788782,1354094,1366400
linebuf,L427.w11,32,1498085946,1354254,1366400
linebuf,L428.w0,32,3332349347,1354414,1369600
linebuf,L428.w1,32,3247624926,1354574,1369600
linebuf,L428.w2,32,745276467,1354734,1369600
linebuf,L428.w3,32,3615920494,1354894,1369600
linebuf,L428.w4,32,2567901105,1355054,1369600
linebuf,L428.w5,32,1173749454,1355214,1369600
linebuf,L428.w6,32,774832881,1355374,1369600
linebuf,L428.w7,32,3768700503,1355534,1369600
linebuf,L428.w8,32,3331694348,1355694,1369600
linebuf,L428.w9,32,118378244,1355854,1369600
linebuf,L428.w10,32,2389860502,1356014,1369600
linebuf,L428.w11,32,260094691,1356174,1369600
linebuf,L429.w0,32,3429917040,1356334,1372800
linebuf,L429.w1,32,2885084898,1356494,1372800
linebuf,L429.w2,32,278861406,1356654,1372800
linebuf,L429.w3,32,4189345959,1356814,1372800
linebuf,L429.w4,32,3985756419,1356974,1372800
linebuf,L429.w5,32,2362598126,1357134,1372800
linebuf,L429.w6,32,987030987,1357294,1372800
linebuf,L429.w7,32,1914091225,1357454,1372800
linebuf,L429.w8,32,3649783243,1357614,1372800
linebuf,L429.w9,32,1370095701,1357774,1372800
linebuf,L429.w10,32,1896646786,1357934,1372800
linebuf,L429.w11,32,1440088537,1358094,1372800
linebuf,L430.w0,32,436548390,1360974,1376000
linebuf,L430.w1,32,1667848366,1361134,1376000
linebuf,L430.w2,32,231040223,1361294,1376000
linebuf,L430.w3,32,3209042672,1361454,1376000
linebuf,L430.w4,32,2011282887,1361614,1376000
linebuf,L430.w5,32,1194854001,1361774,1376000
linebuf,L430.w6,32,3996330937,1361934,1376000
linebuf,L430.w7,32,1758271992,1362094,1376000
linebuf,L430.w8,32,1998508115,1362254,1376000
linebuf,L430.w9,32,1422819011,1362414,1376000
linebuf,L430.w10,32,2179574990,1362574,1376000
linebuf,L430.w11,32,412441355,1362734,1376000
linebuf,L431.w0,32,705199203,1362894,1379200
linebuf,L431.w1,32,1723366028,1363054,1379200
linebuf,L431.w2,32,2323716847,1363214,1379200
linebuf,L431.w3,32,3718527182,1363374,1379200
linebuf,L431.w4,32,1834841625,1363534,1379200
linebuf,L431.w5,32,3794353294,1363694,1379200
linebuf,L431.w6,32,3813561630,1363854,1379200
linebuf,L431.w7,32,2635247593,1364014,1379200
linebuf,L431.w8,32,3182361342,1364174,1379200
linebuf,L431.w9,32,3676897432,1364334,1379200
linebuf,L431.w10,32,2051974919,1364494,1379200
linebuf,L431.w11,32,2171216854,1364654,1379200
linebuf,L432.w0,32,639756416,1364814,1382400
linebuf,L432.w1,32,1372268958,1364974,1382400
linebuf,L432.w2,32,626871370,1365134,1382400
linebuf,L432.w3,32,1503021074,1365294,1382400
linebuf,L432.w4,32,4171479581,1365454,1382400
linebuf,L432.w5,32,589333828,1365614,1382400
linebuf,L432.w6,32,2624293540,1365774,1382400
linebuf,L432.w7,32,831063281,1365934,1382400
linebuf,L432.w8,32,966249658,1366094,1382400
linebuf,L432.w9,32,3380474807,1366254,1382400
linebuf,L432.w10,32,3483120550,1366414,1382400
linebuf,L432.w11,32,4224148255,1366574,1382400
linebuf,L433.w0,32,1949890317,1372198,1385600
linebuf,L433.w1,32,2789997743,1372358,1385600
linebuf,L433.w2,32,3767442642,1372518,1385600
linebuf,L433.w3,32,668972582,1372678,1385600
linebuf,L433.w4,32,444111244,1372838,1385600
linebuf,L433.w5,32,3002878334,1372998,1385600
linebuf,L433.w6,32,442173912,1373158,1385600
linebuf,L433.w7,32,1826236648,1373318,1385600
linebuf,L433.w8,32,225841977,1373478,1385600
linebuf,L433.w9,32,1948215168,1373638,1385600
linebuf,L433.w10,32,651561613,1373798,1385600
linebuf,L433.w11,32,4249263589,1373958,1385600
linebuf,L434.w0,32,1608601094,1374118,1388800
linebuf,L434.w1,32,2406171724,1374278,1388800
linebuf,L434.w2,32,1381456941,1374438,1388800
linebuf,L434.w3,32,4027051039,1374598,1388800
linebuf,L434.w4,32,1203117138,1374758,1388800
linebuf,L434.w5,32,1709519017,1374918,1388800
linebuf,L434.w6,32,60828583,1375078,1388800
linebuf,L434.w7,32,1664422726,1375238,1388800
linebuf,L434.w8,32,2092155902,1375398,1388800
linebuf,L434.w9,32,3078368181,1375558,1388800
linebuf,L434.w10,32,1912849591,1375718,1388800
linebuf,L434.w11,32,1295690999,1375878,1388800
linebuf,L435.w0,32,3181704623,1376038,1392000
linebuf,L435.w1,32,3059618845,1376198,1392000
linebuf,L435.w2,32,1301788064,1376358,1392000
linebuf,L435.w3,32,2764067053,1376518,1392000
linebuf,L435.w4,32,2496177708,1376678,1392000
linebuf,L435.w5,32,1662000531,1376838,1392000
linebuf,L435.w6,32,1344952227,1376998,1392000
linebuf,L435.w7,32,3647340698,1377158,1392000
linebuf,L435.w8,32,3234087354,1377318,1392000
linebuf,L435.w9,32,1243897660,1377478,1392000
linebuf,L435.w10,32,747949522,1377638,1392000
linebuf,L435.w11,32,430873111,1377798,1392000
linebuf,L436.w0,32,1914602501,1380678,1395200
linebuf,L436.w1,32,658564110,1380838,1395200
linebuf,L436.w2,32,1970268416,1380998,1395200
linebuf,L436.w3,32,453037053,1381158,1395200
linebuf,L436.w4,32,2311179675,1381318,1395200
linebuf,L436.w5,32,529935696,1381478,1395200
linebuf,L436.w6,32,2302695427,1381638,1395200
linebuf,L436.w7,32,1368324297,1381798,1395200
linebuf,L436.w8,32,1358703066,1381958,1395200
linebuf,L436.w9,32,4272016905,1382118,1395200
linebuf,L436.w10,32,3539515732,1382278,1395200
linebuf,L436.w11,32,2122858411,1382438,1395200
linebuf,L437.w0,32,4086603217,1382598,1398400
linebuf,L437.w1,32,2907071153,1382758,1398400
linebuf,L437.w2,32,2400919073,1382918,1398400
linebuf,L437.w3,32,4015080917,1383078,1398400
linebuf,L437.w4,32,2729434383,1383238,1398400
linebuf,L437.w5,32,1464724710,1383398,1398400
linebuf,L437.w6,32,3108030150,1383558,1398400
linebuf,L437.w7,32,2496979217,1383718,1398400
linebuf,L437.w8,32,1373564045,1383878,1398400
linebuf,L437.w9,32,2415333670,1384038,1398400
linebuf,L437.w10,32,2543868140,1384198,1398400
linebuf,L437.w11,32,3431959647,1384358,1398400
linebuf,L438.w0,32,1986813130,1384518,1401600
linebuf,L438.w1,32,1388486270,1384678,1401600
linebuf,L438.w2,32,2080621173,1384838,1401600
linebuf,L438.w3,32,2967879833,1384998,1401600
linebuf,L438.w4,32,1692811021,1385158,1401600
linebuf,L438.w5,32,3537957422,1385318,1401600
linebuf,L438.w6,32,2303215687,1385478,1401600
linebuf,L438.w7,32,3898428024,1385638,1401600
linebuf,L438.w8,32,936881658,1385798,1401600
linebuf,L438.w9,32,713321440,1385958,1401600
linebuf,L438.w10,32,1035186067,1386118,1401600
linebuf,L438.w11,32,2304501847,1386278,1401600
linebuf,L439.w0,32,2553306878,1391558,1404800
linebuf,L439.w1,32,4009228144,1391718,1404800
linebuf,L439.w2,32,1053681564,1391878,1404800
linebuf,L439.w3,32,221742646,1392038,1404800
linebuf,L439.w4,32,3352778711,1392198,1404800
linebuf,L439.w5,32,1378438764,1392358,1404800
linebuf,L439.w6,32,3888237907,1392518,1404800
linebuf,L439.w7,32,2661386985,1392678,1404800
linebuf,L439.w8,32,3263002198,1392838,1404800
linebuf,L439.w9,32,264303223,1392998,1404800
linebuf,L439.w10,32,1409957252,1393158,1404800
linebuf,L439.w11,32,1802813393,1393318,1404800
linebuf,L440.w0,32,4048588937,1393478,1408000
linebuf,L440.w1,32,127613130,1393638,1408000
linebuf,L440.w2,32,1478685076,1393798,1408000
linebuf,L440.w3,32,1544123057,1393958,1408000
linebuf,L440.w4,32,1552911770,1394118,1408000
linebuf,L440.w5,32,2578027680,1394278,1408000
linebuf,L440.w6,32,2556702742,1394438,1408000
linebuf,L440.w7,32,3783414573,1394598,1408000
linebuf,L440.w8,32,2837585787,1394758,1408000
linebuf,L440.w9,32,3748809942,1394918,1408000
linebuf,L440.w10,32,1755948585,1395078,1408000
linebuf,L440.w11,32,898111952,1395238,1408000
linebuf,L441.w0,32,3378704352,1395398,1411200
linebuf,L441.w1,32,3875325338,1395558,1411200
linebuf,L441.w2,32,3665863611,1395718,1411200
linebuf,L441.w3,32,4265274129,1395878,1411200
linebuf,L441.w4,32,1239558489,1396038,1411200
linebuf,L441.w5,32,3895923846,1396198,1411200
linebuf,L441.w6,32,964659572,1396358,1411200
linebuf,L441.w7,32,1346636589,1396518,1411200
linebuf,L441.w8,32,1706992130,1396678,1411200
linebuf,L441.w9,32,4275494932,1396838,1411200
linebuf,L441.w10,32,3000499517,1396998,1411200
linebuf,L441.w11,32,1651751555,1397158,1411200
linebuf,L442.w0,32,754313391,1400038,1414400
linebuf,L442.w1,32,36004698,1400198,1414400
linebuf,L442.w2,32,1669444315,1400358,1414400
linebuf,L442.w3,32,2797412464,1400518,1414400
linebuf,L442.w4,32,3873454764,1400678,1414400
linebuf,L442.w5,32,4159111374,1400838,1414400
linebuf,L442.w6,32,4122760398,1400998,1414400
linebuf,L442.w7,32,1503922203,1401158,1414400
linebuf,L442.w8,32,2595127056,1401318,1414400
linebuf,L442.w9,32,3365708950,1401478,1414400
linebuf,L442.w10,32,3350579975,1401638,1414400
linebuf,L442.w11,32,2644034860,1401798,1414400
linebuf,L443.w0,32,3606928411,1401958,1417600
linebuf,L443.w1,32,3841312568,1402118,1417600
linebuf,L443.w2,32,954311270,1402278,1417600
linebuf,L443.w3,32,1004615089,1402438,1417600
linebuf,L443.w4,32,282957864,1402598,1417600
linebuf,L443.w5,32,3534207875,1402758,1417600
linebuf,L443.w6,32,2625765007,1402918,1417600
linebuf,L443.w7,32,1375470614,1403078,1417600
linebuf,L443.w8,32,1652237879,1403238,1417600
linebuf,L443.w9,32,875153519,1403398,1417600
linebuf,L443.w10,32,3052658696,1403558,1417600
linebuf,L443.w11,32,3741992953,1403718,1417600
linebuf,L444.w0,32,1261341363,1403878,1420800
linebuf,L444.w1,32,411214547,1404038,1420800
linebuf,L444.w2,32,1863854170,1404198,1420800
linebuf,L444.w3,32,16988015,1404358,1420800
linebuf,L444.w4,32,3471583911,1404518,1420800
linebuf,L444.w5,32,1507745679,1404678,1420800
linebuf,L444.w6,32,400495948,1404838,1420800
linebuf,L444.w7,32,3472825493,1404998,1420800
linebuf,L444.w8,32,1751667630,1405158,1420800
linebuf,L444.w9,32,4088772226,1405318,1420800
linebuf,L444.w10,32,658167246,1405478,1420800
linebuf,L444.w11,32,478462566,1405638,1420800
linebuf,L445.w0,32,3147226262,1408518,1424000
linebuf,L445.w1,32,3513164682,1408678,1424000
linebuf,L445.w2,32,4239937068,1408838,1424000
linebuf,L445.w3,32,770510908,1408998,1424000
linebuf,L445.w4,32,3236119090,1409158,1424000
linebuf,L445.w5,32,1461749037,1409318,1424000
linebuf,L445.w6,32,619552257,1409478,1424000
linebuf,L445.w7,32,1613148912,1409638,1424000
linebuf,L445.w8,32,1876926991,1409798,1424000
linebuf,L445.w9,32,1398211196,1409958,1424000
linebuf,L445.w10,32,2328684303,1410118,1424000
linebuf,L445.w11,32,3742199124,1410278,1424000
linebuf,L446.w0,32,2739163219,1410438,1427200
linebuf,L446.w1,32,4055945908,1410598,1427200
linebuf,L446.w2,32,3010095664,1410758,1427200
linebuf,L446.w3,32,2245976273,1410918,1427200
linebuf,L446.w4,32,4180321970,1411078,1427200
linebuf,L446.w5,32,1190518384,1411238,1427200
linebuf,L446.w6,32,4046749731,1411398,1427200
linebuf,L446.w7,32,4027899204,1411558,1427200
linebuf,L446.w8,32,895761487,1411718,1427200
linebuf,L446.w9,32,832976054,1411878,1427200
linebuf,L446.w10,32,680254283,1412038,1427200
linebuf,L446.w11,32,707569425,1412198,1427200
linebuf,L447.w0,32,4166254948,1412358,1430400
linebuf,L447.w1,32,2310017612,1412518,1430400
linebuf,L447.w2,32,689431790,1412678,1430400
linebuf,L447.w3,32,4141003886,1412838,1430400
linebuf,L447.w4,32,4158498029,1412998,1430400
linebuf,L447.w5,32,630047313,1413158,1430400
linebuf,L447.w6,32,514696599,1413318,1430400
linebuf,L447.w7,32,1898474149,1413478,1430400
linebuf,L447.w8,32,2512343188,1413638,1430400
linebuf,L447.w9,32,2242472953,1413798,1430400
linebuf,L447.w10,32,557842514,1413958,1430400
linebuf,L447.w11,32,1852369778,1414118,1430400
linebuf,L448.w0,32,1433804684,1421022,1433600
linebuf,L448.w1,32,2605755454,1421182,1433600
linebuf,L448.w2,32,3409107223,1421342,1433600
linebuf,L448.w3,32,3146532557,1421502,1433600
linebuf,L448.w4,32,3016201234,1421662,1433600
linebuf,L448.w5,32,2924775271,1421822,1433600
linebuf,L448.w6,32,1362680206,1421982,1433600
linebuf,L448.w7,32,2554074544,1422142,1433600
linebuf,L448.w8,32,588789132,1422302,1433600
linebuf,L448.w9,32,89035810,1422462,1433600
linebuf,L448.w10,32,1540289797,1422622,1433600
linebuf,L448.w11,32,3346505114,1422782,1433600
linebuf,L449.w0,32,747973199,1422942,1436800
linebuf,L449.w1,32,971975204,1423102,1436800
linebuf,L449.w2,32,1009397537,1423262,1436800
linebuf,L449.w3,32,2976562832,1423422,1436800
linebuf,L449.w4,32,2134385313,1423582,1436800
linebuf,L449.w5,32,2544536900,1423742,1436800
linebuf,L449.w6,32,2099050608,1423902,1436800
linebuf,L449.w7,32,147162198,1424062,1436800
linebuf,L449.w8,32,3962589235,1424222,1436800
linebuf,L449.w9,32,2797667250,1424382,1436800
linebuf,L449.w10,32,385514185,1424542,1436800
linebuf,L449.w11,32,573680249,1424702,1436800
linebuf,L450.w0,32,2288750332,1424862,1440000
linebuf,L450.w1,32,2013843165,1425022,1440000
linebuf,L450.w2,32,2425843182,1425182,1440000
linebuf,L450.w3,32,4276977023,1425342,1440000
linebuf,L450.w4,32,613192159,1425502,1440000
linebuf,L450.w5,32,897818018,1425662,1440000
linebuf,L450.w6,32,1548398791,1425822,1440000
linebuf,L450.w7,32,3044351736,1425982,1440000
linebuf,L450.w8,32,592148746,1426142,1440000
linebuf,L450.w9,32,1202791199,1426302,1440000
linebuf,L450.w10,32,3838165299,1426462,1440000
linebuf,L450.w11,32,3179412662,1426622,1440000
linebuf,L451.w0,32,278536137,1429502,1443200
linebuf,L451.w1,32,1647691011,1429662,1443200
linebuf,L451.w2,32,2040862360,1429822,1443200
linebuf,L451.w3,32,128117922,1429982,1443200
linebuf,L451.w4,32,2272197031,1430142,1443200
linebuf,L451.w5,32,1983338580,1430302,1443200
linebuf,L451.w6,32,3810599147,1430462,1443200
linebuf,L451.w7,32,846153873,1430622,1443200
linebuf,L451.w8,32,3088451622,1430782,1443200
linebuf,L451.w9,32,1034618960,1430942,1443200
linebuf,L451.w10,32,885354789,1431102,1443200
linebuf,L451.w11,32,2960006481,1431262,1443200
linebuf,L452.w0,32,3901343306,1431422,1446400
linebuf,L452.w1,32,3423660437,1431582,1446400
linebuf,L452.w2,32,21722985,1431742,1446400
linebuf,L452.w3,32,3102978141,1431902,1446400
linebuf,L452.w4,32,2994424498,1432062,1446400
linebuf,L452.w5,32,1305793961,1432222,1446400
linebuf,L452.w6,32,181066314,1432382,1446400
linebuf,L452.w7,32,1146633058,1432542,1446400
linebuf,L452.w8,32,3520521033,1432702,1446400
linebuf,L452.w9,32,2228980678,1432862,1446400
linebuf,L452.w10,32,813458601,1433022,1446400
linebuf,L452.w11,32,308709845,1433182,1446400
linebuf,L453.w0,32,3424312204,1433342,1449600
linebuf,L453.w1,32,454794465,1433502,1449600
linebuf,L453.w2,32,3493607843,1433662,1449600
linebuf,L453.w3,32,3449879715,1433822,1449600
linebuf,L453.w4,32,3313495174,1433982,1449600
linebuf,L453.w5,32,3680873808,1434142,1449600
linebuf,L453.w6,32,473090451,1434302,1449600
linebuf,L453.w7,32,3723921615,1434462,1449600
linebuf,L453.w8,32,1719195323,1434622,1449600
linebuf,L453.w9,32,1425307714,1434782,1449600
linebuf,L453.w10,32,450101801,1434942,1449600
linebuf,L453.w11,32,1912914486,1435102,1449600
linebuf,L454.w0,32,4269462257,1437982,1452800
linebuf,L454.w1,32,2477023976,1438142,1452800
linebuf,L454.w2,32,2245104449,1438302,1452800
linebuf,L454.w3,32,3049415251,1438462,1452800
linebuf,L454.w4,32,2800166743,1438622,1452800
linebuf,L454.w5,32,2074082889,1438782,1452800
linebuf,L454.w6,32,2864988612,1438942,1452800
linebuf,L454.w7,32,1205281864,1439102,1452800
linebuf,L454.w8,32,612965234,1439262,1452800
linebuf,L454.w9,32,1851882239,1439422,1452800
linebuf,L454.w10,32,1595415551,1439582,1452800
linebuf,L454.w11,32,2783357233,1439742,1452800
linebuf,L455.w0,32,1498500573,1439902,1456000
linebuf,L455.w1,32,4004558322,1440062,1456000
linebuf,L455.w2,32,3223900846,1440222,1456000
linebuf,L455.w3,32,1648006074,1440382,1456000
linebuf,L455.w4,32,1766889977,1440542,1456000
linebuf,L455.w5,32,1873459369,1440702,1456000
linebuf,L455.w6,32,1580748793,1440862,1456000
linebuf,L455.w7,32,4148012090,1441022,1456000
linebuf,L455.w8,32,2357928493,1441182,1456000
linebuf,L455.w9,32,3963691010,1441342,1456000
linebuf,L455.w10,32,884511830,1441502,1456000
linebuf,L455.w11,32,840262852,1441662,1456000
linebuf,L456.w0,32,280427381,1441822,1459200
linebuf,L456.w1,32,622020224,1441982,1459200
linebuf,L456.w2,32,1022209633,1442142,1459200
linebuf,L456.w3,32,1030621267,1442302,1459200
linebuf,L456.w4,32,89539521,1442462,1459200
linebuf,L456.w5,32,1035239421,1442622,1459200
linebuf,L456.w6,32,2875316530,1442782,1459200
linebuf,L456.w7,32,1690378529,1442942,1459200
linebuf,L456.w8,32,1961773746,1443102,1459200
linebuf,L456.w9,32,3369397155,1443262,1459200
linebuf,L456.w10,32,2648490268,1443422,1459200
linebuf,L456.w11,32,1893153270,1443582,1459200
linebuf,L457.w0,32,232748321,1446462,1462400
linebuf,L457.w1,32,740092670,1446622,1462400
linebuf,L457.w2,32,3500723693,1446782,1462400
linebuf,L457.w3,32,3523980615,1446942,1462400
linebuf,L457.w4,32,3517030149,1447102,1462400
linebuf,L457.w5,32,2264631254,1447262,1462400
linebuf,L457.w6,32,32582952,1447422,1462400
linebuf,L457.w7,32,190364373,1447582,1462400
linebuf,L457.w8,32,1847631830,1447742,1462400
linebuf,L457.w9,32,3669893114,1447902,1462400
linebuf,L457.w10,32,3374659728,1448062,1462400
linebuf,L457.w11,32,1196082099,1448222,1462400
linebuf,L458.w0,32,1784326604,1448382,1465600
linebuf,L458.w1,32,570341312,1448542,1465600
linebuf,L458.w2,32,3692756641,1448702,1465600
linebuf,L458.w3,32,1012293935,1448862,1465600
linebuf,L458.w4,32,2985877242,1449022,1465600
linebuf,L458.w5,32,3314071542,1449182,1465600
linebuf,L458.w6,32,2837383104,1449342,1465600
linebuf,L458.w7,32,1607854223,1449502,1465600
linebuf,L458.w8,32,3890238416,1449662,1465600
linebuf,L458.w9,32,1781251528,1449822,1465600
linebuf,L458.w10,32,3345595858,1449982,1465600
linebuf,L458.w11,32,1468171006,1450142,1465600
linebuf,L459.w0,32,2512412255,1450302,1468800
linebuf,L459.w1,32,3210429671,1450462,1468800
linebuf,L459.w2,32,203157372,1450622,1468800
linebuf,L459.w3,32,2174608096,1450782,1468800
linebuf,L459.w4,32,1951946186,1450942,1468800
linebuf,L459.w5,32,555021837,1451102,1468800
linebuf,L459.w6,32,2958109917,1451262,1468800
linebuf,L459.w7,32,3949521705,1451422,1468800
linebuf,L459.w8,32,2246960036,1451582,1468800
linebuf,L459.w9,32,1563616295,1451742,1468800
linebuf,L459.w10,32,2511424262,1451902,1468800
linebuf,L459.w11,32,257980077,1452062,1468800
linebuf,L460.w0,32,3612891470,1457266,1472000
linebuf,L460.w1,32,3701760236,1457426,1472000
linebuf,L460.w2,32,1054150125,1457586,1472000
linebuf,L460.w3,32,2730197836,1457746,1472000
linebuf,L460.w4,32,2746799594,1457906,1472000
linebuf,L460.w5,32,534917227,1458066,1472000
linebuf,L460.w6,32,1875841738,1458226,1472000
linebuf,L460.w7,32,4083835484,1458386,1472000
linebuf,L460.w8,32,638828786,1458546,1472000
linebuf,L460.w9,32,3458279098,1458706,1472000
linebuf,L460.w10,32,81934786,1458866,1472000
linebuf,L460.w11,32,1569483078,1459026,1472000
linebuf,L461.w0,32,558000872,1459186,1475200
linebuf,L461.w1,32,646218272,1459346,1475200
linebuf,L461.w2,32,1237874860,1459506,1475200
linebuf,L461.w3,32,106316093,1459666,1475200
linebuf,L461.w4,32,2028792067,1459826,1475200
linebuf,L461.w5,32,2739672171,1459986,1475200
linebuf,L461.w6,32,114954676,1460146,1475200
linebuf,L461.w7,32,2074819701,1460306,1475200
linebuf,L461.w8,32,288350422,1460466,1475200
linebuf,L461.w9,32,3222127361,1460626,1475200
linebuf,L461.w10,32,3420556495,1460786,1475200
linebuf,L461.w11,32,4207390816,1460946,1475200
linebuf,L462.w0,32,4210075039,1461106,1478400
linebuf,L462.w1,32,2532412371,1461266,1478400
linebuf,L462.w2,32,1851166043,1461426,1478400
linebuf,L462.w3,32,394520788,1461586,1478400
linebuf,L462.w4,32,2017724459,1461746,1478400
linebuf,L462.w5,32,2336890614,1461906,1478400
linebuf,L462.w6,32,2588553652,1462066,1478400
linebuf,L462.w7,32,2153106049,1462226,1478400
linebuf,L462.w8,32,416048532,1462386,1478400
linebuf,L462.w9,32,552817451,1462546,1478400
linebuf,L462.w10,32,2313629942,1462706,1478400
linebuf,L462.w11,32,3642322863,1462866,1478400
linebuf,L463.w0,32,4055619551,1465746,1481600
linebuf,L463.w1,32,1690373272,1465906,1481600
linebuf,L463.w2,32,2762379592,1466066,1481600
linebuf,L463.w3,32,2585679992,1466226,1481600
linebuf,L463.w4,32,2340334668,1466386,1481600
linebuf,L463.w5,32,4086707633,1466546,1481600
linebuf,L463.w6,32,1761460356,1466706,1481600
linebuf,L463.w7,32,1038493653,1466866,1481600
linebuf,L463.w8,32,3916246590,1467026,1481600
linebuf,L463.w9,32,4285664196,1467186,1481600
linebuf,L463.w10,32,2247770029,1467346,1481600
linebuf,L463.w11,32,1631497046,1467506,1481600
linebuf,L464.w0,32,2051236944,1467666,1484800
linebuf,L464.w1,32,3575693108,1467826,1484800
linebuf,L464.w2,32,3151538688,1467986,1484800
linebuf,L464.w3,32,1362477456,1468146,1484800
linebuf,L464.w4,32,1880615408,1468306,1484800
linebuf,L464.w5,32,501603608,1468466,1484800
linebuf,L464.w6,32,288847593,1468626,1484800
linebuf,L464.w7,32,904869980,1468786,1484800
linebuf,L464.w8,32,2541900664,1468946,1484800
linebuf,L464.w9,32,2623986083,1469106,1484800
linebuf,L464.w10,32,3719502249,1469266,1484800
linebuf,L464.w11,32,2996383806,1469426,1484800
linebuf,L465.w0,32,1586189274,1469586,1488000
linebuf,L465.w1,32,448207555,1469746,1488000
linebuf,L465.w2,32,413070378,1469906,1488000
linebuf,L465.w3,32,1524348690,1470066,1488000
linebuf,L465.w4,32,454031015,1470226,1488000
linebuf,L465.w5,32,3792552370,1470386,1488000
linebuf,L465.w6,32,3892667586,1470546,1488000
linebuf,L465.w7,32,841350191,1470706,1488000
linebuf,L465.w8,32,477128166,1470866,1488000
linebuf,L465.w9,32,2962011040,1471026,1488000
linebuf,L465.w10,32,2809773990,1471186,1488000
linebuf,L465.w11,32,2537792284,1471346,1488000
linebuf,L466.w0,32,2200610151,1479084,1491200
linebuf,L466.w1,32,1854732272,1479244,1491200
linebuf,L466.w2,32,3913543453,1479404,1491200
linebuf,L466.w3,32,4143928638,1479564,1491200
linebuf,L466.w4,32,1007047626,1479724,1491200
linebuf,L466.w5,32,392820029,1479884,1491200
linebuf,L466.w6,32,1320156761,1480044,1491200
linebuf,L466.w7,32,2094098539,1480204,1491200
linebuf,L466.w8,32,2625769618,1480364,1491200
linebuf,L466.w9,32,265543520,1480524,1491200
linebuf,L466.w10,32,2463056229,1480684,1491200
linebuf,L466.w11,32,1842617782,1480844,1491200
linebuf,L467.w0,32,2407252700,1481004,1494400
linebuf,L467.w1,32,1280892854,1481164,1494400
linebuf,L467.w2,32,1683780643,1481324,1494400
linebuf,L467.w3,32,2697313846,1481484,1494400
linebuf,L467.w4,32,175639609,1481644,1494400
linebuf,L467.w5,32,2878352608,1481804,1494400
linebuf,L467.w6,32,2556514435,1481964,1494400
linebuf,L467.w7,32,124470445,1482124,1494400
linebuf,L467.w8,32,1188703145,1482284,1494400
linebuf,L467.w9,32,3903779663,1482444,1494400
linebuf,L467.w10,32,2664700624,1482604,1494400
linebuf,L467.w11,32,2054423442,1482764,1494400
linebuf,L468.w0,32,1880708223,1482924,1497600
linebuf,L468.w1,32,940123256,1483084,1497600
linebuf,L468.w2,32,1153706013,1483244,1497600
linebuf,L468.w3,32,3905170684,1483404,1497600
linebuf,L468.w4,32,4276881168,1483564,1497600
linebuf,L468.w5,32,3733398951,1483724,1497600
linebuf,L468.w6,32,1381422307,1483884,1497600
linebuf,L468.w7,32,3326418505,1484044,1497600
linebuf,L468.w8,32,4170618572,1484204,1497600
linebuf,L468.w9,32,4076667309,1484364,1497600
linebuf,L468.w10,32,2051748601,1484524,1497600
linebuf,L468.w11,32,1896800551,1484684,1497600
linebuf,L469.w0,32,1154840302,1487564,1500800
linebuf,L469.w1,32,2206232521,1487724,1500800
linebuf,L469.w2,32,746517654,1487884,1500800
linebuf,L469.w3,32,3200438210,1488044,1500800
linebuf,L469.w4,32,3032874906,1488204,1500800
linebuf,L469.w5,32,1881059069,1488364,1500800
linebuf,L469.w6,32,1956545167,1488524,1500800
linebuf,L469.w7,32,1270038476,1488684,1500800
linebuf,L469.w8,32,2513280090,1488844,1500800
linebuf,L469.w9,32,2533627457,1489004,1500800
linebuf,L469.w10,32,784234657,1489164,1500800
linebuf,L469.w11,32,1378585504,1489324,1500800
linebuf,L470.w0,32,2190287862,1489484,1504000
linebuf,L470.w1,32,4181094097,1489644,1504000
linebuf,L470.w2,32,2829035385,1489804,1504000
linebuf,L470.w3,32,1708540935,1489964,1504000
linebuf,L470.w4,32,3263135330,1490124,1504000
linebuf,L470.w5,32,4153431211,1490284,1504000
linebuf,L470.w6,32,2862799045,1490444,1504000
linebuf,L470.w7,32,2974549682,1490604,1504000
linebuf,L470.w8,32,1777207859,1490764,1504000
linebuf,L470.w9,32,4246278970,1490924,1504000
linebuf,L470.w10,32,2943111396,1491084,1504000
linebuf,L470.w11,32,2405010030,1491244,1504000
linebuf,L471.w0,32,2563543724,1491404,1507200
linebuf,L471.w1,32,1711273048,1491564,1507200
linebuf,L471.w2,32,2050436157,1491724,1507200
linebuf,L471.w3,32,3229866866,1491884,1507200
linebuf,L471.w4,32,2707122684,1492044,1507200
linebuf,L471.w5,32,947831577,1492204,1507200
linebuf,L471.w6,32,1315813270,1492364,1507200
linebuf,L471.w7,32,73476593,1492524,1507200
linebuf,L471.w8,32,271301225,1492684,1507200
linebuf,L471.w9,32,4265538939,1492844,1507200
linebuf,L471.w10,32,634949116,1493004,1507200
linebuf,L471.w11,32,2119818754,1493164,1507200
linebuf,L472.w0,32,3834155144,1496044,1510400
linebuf,L472.w1,32,497348337,1496204,1510400
linebuf,L472.w2,32,3552083559,1496364,1510400
linebuf,L472.w3,32,1544511093,1496524,1510400
linebuf,L472.w4,32,1113139448,1496684,1510400
linebuf,L472.w5,32,3631163950,1496844,1510400
linebuf,L472.w6,32,3602843993,1497004,1510400
linebuf,L472.w7,32,1328492395,1497164,1510400
linebuf,L472.w8,32,3391129862,1497324,1510400
linebuf,L472.w9,32,4227135988,1497484,1510400
linebuf,L472.w10,32,2324481555,1497644,1510400
linebuf,L472.w11,32,3776412705,1497804,1510400
linebuf,L473.w0,32,1301314518,1497964,1513600
linebuf,L473.w1,32,595018165,1498124,1513600
linebuf,L473.w2,32,458838417,1498284,1513600
linebuf,L473.w3,32,2155393281,1498444,1513600
linebuf,L473.w4,32,4285465628,1498604,1513600
linebuf,L473.w5,32,592557154,1498764,1513600
linebuf,L473.w6,32,4289703382,1498924,1513600
linebuf,L473.w7,32,1954715140,1499084,1513600
linebuf,L473.w8,32,3654633573,1499244,1513600
linebuf,L473.w9,32,163146159,1499404,1513600
linebuf,L473.w10,32,1914497297,1499564,1513600
linebuf,L473.w11,32,2017187204,1499724,1513600
linebuf,L474.w0,32,3133783126,1499884,1516800
linebuf,L474.w1,32,2446983515,1500044,1516800
linebuf,L474.w2,32,3910546082,1500204,1516800
linebuf,L474.w3,32,1399032634,1500364,1516800
linebuf,L474.w4,32,2327821571,1500524,1516800
linebuf,L474.w5,32,1594677382,1500684,1516800
linebuf,L474.w6,32,537420156,1500844,1516800
linebuf,L474.w7,32,3053694953,1501004,1516800
linebuf,L474.w8,32,4193044184,1501164,1516800
linebuf,L474.w9,32,62884537,1501324,1516800
linebuf,L474.w10,32,2309547784,1501484,1516800
linebuf,L474.w11,32,865446805,1501644,1516800
linebuf,L475.w0,32,2673668469,1504524,1520000
linebuf,L475.w1,32,3480257512,1504684,1520000
linebuf,L475.w2,32,278202832,1504844,1520000
linebuf,L475.w3,32,3371620162,1505004,1520000
linebuf,L475.w4,32,1984133492,1505164,1520000
linebuf,L475.w5,32,1216799352,1505324,1520000
linebuf,L475.w6,32,51432960,1505484,1520000
linebuf,L475.w7,32,2777099636,1505644,1520000
linebuf,L475.w8,32,1142031920,1505804,1520000
linebuf,L475.w9,32,3113289410,1505964,1520000
linebuf,L475.w10,32,4129765100,1506124,1520000
linebuf,L475.w11,32,2155616113,1506284,1520000
linebuf,L476.w0,32,2969801288,1506444,1523200
linebuf,L476.w1,32,93007733,1506604,1523200
linebuf,L476.w2,32,2429627717,1506764,1523200
linebuf,L476.w3,32,1724173435,1506924,1523200
linebuf,L476.w4,32,481223694,1507084,1523200
linebuf,L476.w5,32,420387408,1507244,1523200
linebuf,L476.w6,32,2943085599,1507404,1523200
linebuf,L476.w7,32,1384023310,1507564,1523200
linebuf,L476.w8,32,2600367703,1507724,1523200
linebuf,L476.w9,32,2661845889,1507884,1523200
linebuf,L476.w10,32,2737881526,1508044,1523200
linebuf,L476.w11,32,2988162783,1508204,1523200
linebuf,L477.w0,32,2956374543,1508364,1526400
linebuf,L477.w1,32,2460269657,1508524,1526400
linebuf,L477.w2,32,3985283025,1508684,1526400
linebuf,L477.w3,32,3811275357,1508844,1526400
linebuf,L477.w4,32,1921411709,1509004,1526400
linebuf,L477.w5,32,393038470,1509164,1526400
linebuf,L477.w6,32,2624234862,1509324,1526400
linebuf,L477.w7,32,2140419395,1509484,1526400
linebuf,L477.w8,32,2275305877,1509644,1526400
linebuf,L477.w9,32,1476359905,1509804,1526400
linebuf,L477.w10,32,2529837937,1509964,1526400
linebuf,L477.w11,32,3752853646,1510124,1526400
linebuf,L478.w0,32,807298947,1513004,1529600
linebuf,L478.w1,32,728493565,1513164,1529600
linebuf,L478.w2,32,238567146,1513324,1529600
linebuf,L478.w3,32,2650585678,1513484,1529600
linebuf,L478.w4,32,499639886,1513644,1529600
linebuf,L478.w5,32,3463247441,1513804,1529600
linebuf,L478.w6,32,183437392,1513964,1529600
linebuf,L478.w7,32,503768776,1514124,1529600
linebuf,L478.w8,32,2384110547,1514284,1529600
linebuf,L478.w9,32,2275403913,1514444,1529600
linebuf,L478.w10,32,1310433077,1514604,1529600
linebuf,L478.w11,32,3234072745,1514764,1529600
linebuf,L479.w0,32,3370031840,1514924,1532800
linebuf,L479.w1,32,861221705,1515084,1532800
linebuf,L479.w2,32,695353376,1515244,1532800
linebuf,L479.w3,32,2290550282,1515404,1532800
linebuf,L479.w4,32,645029207,1515564,1532800
linebuf,L479.w5,32,978961603,1515724,1532800
linebuf,L479.w6,32,3717752617,1515884,1532800
linebuf,L479.w7,32,933369002,1516044,1532800
linebuf,L479.w8,32,385134752,1516204,1532800
linebuf,L479.w9,32,2163404312,1516364,1532800
linebuf,L479.w10,32,1515625512,1516524,1532800
linebuf,L479.w11,32,3857752469,1516684,1532800
linebuf,L480.w0,32,2963742455,1516844,1536000
linebuf,L480.w1,32,3609369877,1517004,1536000
linebuf,L480.w2,32,2416835433,1517164,1536000
linebuf,L480.w3,32,1869622998,1517324,1536000
linebuf,L480.w4,32,1145984038,1517484,1536000
linebuf,L480.w5,32,2639371669,1517644,1536000
linebuf,L480.w6,32,578517328,1517804,1536000
linebuf,L480.w7,32,1227986636,1517964,1536000
linebuf,L480.w8,32,2481388780,1518124,1536000
linebuf,L480.w9,32,3488827093,1518284,1536000
linebuf,L480.w10,32,1065668183,1518444,1536000
linebuf,L480.w11,32,298742194,1518604,1536000
linebuf,L481.w0,32,1137534365,1521484,1539200
linebuf,L481.w1,32,244190022,1521644,1539200
linebuf,L481.w2,32,4007622647,1521804,1539200
linebuf,L481.w3,32,4259149354,1521964,1539200
linebuf,L481.w4,32,93461195,1522124,1539200
linebuf,L481.w5,32,1854864139,1522284,1539200
linebuf,L481.w6,32,2623875187,1522444,1539200
linebuf,L481.w7,32,4145039287,1522604,1539200
linebuf,L481.w8,32,1212642249,1522764,1539200
linebuf,L481.w9,32,3622625159,1522924,1539200
linebuf,L481.w10,32,2038445453,1523084,1539200
linebuf,L481.w11,32,1812104425,1523244,1539200
linebuf,L482.w0,32,1874826157,1523404,1542400
linebuf,L482.w1,32,3609966842,1523564,1542400
linebuf,L482.w2,32,3475067787,1523724,1542400
linebuf,L482.w3,32,291611756,1523884,1542400
linebuf,L482.w4,32,795694692,1524044,1542400
linebuf,L482.w5,32,922497315,1524204,1542400
linebuf,L482.w6,32,3297677228,1524364,1542400
linebuf,L482.w7,32,2916112101,1524524,1542400
linebuf,L482.w8,32,146230142,1524684,1542400
linebuf,L482.w9,32,3998598007,1524844,1542400
linebuf,L482.w10,32,2734774327,1525004,1542400
linebuf,L482.w11,32,4213620426,1525164,1542400
linebuf,L483.w0,32,3537649939,1525324,1545600
linebuf,L483.w1,32,3253099169,1525484,1545600
linebuf,L483.w2,32,1844299397,1525644,1545600
linebuf,L483.w3,32,4094675281,1525804,1545600
linebuf,L483.w4,32,3646757165,1525964,1545600
linebuf,L483.w5,32,1780422993,1526124,1545600
linebuf,L483.w6,32,1523780509,1526284,1545600
linebuf,L483.w7,32,4040409240,1526444,1545600
linebuf,L483.w8,32,1524612245,1526604,1545600
linebuf,L483.w9,32,2197476001,1526764,1545600
linebuf,L483.w10,32,3912019147,1526924,1545600
linebuf,L483.w11,32,636565063,1527084,1545600
linebuf,L484.w0,32,3389528068,1529964,1548800
linebuf,L484.w1,32,970622936,1530124,1548800
linebuf,L484.w2,32,985517858,1530284,1548800
linebuf,L484.w3,32,3477908794,1530444,1548800
linebuf,L484.w4,32,4047414534,1530604,1548800
linebuf,L484.w5,32,254885752,1530764,1548800
linebuf,L484.w6,32,1569964569,1530924,1548800
linebuf,L484.w7,32,287791727,1531084,1548800
linebuf,L484.w8,32,3726587387,1531244,1548800
linebuf,L484.w9,32,1917506568,1531404,1548800
linebuf,L484.w10,32,1382460553,1531564,1548800
linebuf,L484.w11,32,3496782754,1531724,1548800
linebuf,L485.w0,32,934758202,1531884,1552000
linebuf,L485.w1,32,940846882,1532044,1552000
linebuf,L485.w2,32,1106846657,1532204,1552000
linebuf,L485.w3,32,665676685,1532364,1552000
linebuf,L485.w4,32,2967534618,1532524,1552000
linebuf,L485.w5,32,3828515194,1532684,1552000
linebuf,L485.w6,32,4207177752,1532844,1552000
linebuf,L485.w7,32,3026237490,1533004,1552000
linebuf,L485.w8,32,2237474144,1533164,1552000
linebuf,L485.w9,32,1638267308,1533324,1552000
linebuf,L485.w10,32,460408070,1533484,1552000
linebuf,L485.w11,32,2051281242,1533644,1552000
linebuf,L486.w0,32,2940842296,1533804,1555200
linebuf,L486.w1,32,3145071821,1533964,1555200
linebuf,L486.w2,32,3859270209,1534124,1555200
linebuf,L486.w3,32,3993181873,1534284,1555200
linebuf,L486.w4,32,3356600763,1534444,1555200
linebuf,L486.w5,32,2628252965,1534604,1555200
linebuf,L486.w6,32,7890383,1534764,1555200
linebuf,L486.w7,32,2027941957,1534924,1555200
linebuf,L486.w8,32,1340828283,1535084,1555200
linebuf,L486.w9,32,1127462949,1535244,1555200
linebuf,L486.w10,32,3335156365,1535404,1555200
linebuf,L486.w11,32,3406020223,1535564,1555200
linebuf,L487.w0,32,4278134625,1540146,1558400
linebuf,L487.w1,32,4198798832,1540306,1558400
linebuf,L487.w2,32,3857676455,1540466,1558400
linebuf,L487.w3,32,895699977,1540626,1558400
linebuf,L487.w4,32,3428338421,1540786,1558400
linebuf,L487.w5,32,570383492,1540946,1558400
linebuf,L487.w6,32,2961590218,1541106,1558400
linebuf,L487.w7,32,2734249108,1541266,1558400
linebuf,L487.w8,32,1634445869,1541426,1558400
linebuf,L487.w9,32,2846140576,1541586,1558400
linebuf,L487.w10,32,150341822,1541746,1558400
linebuf,L487.w11,32,3382312076,1541906,1558400
linebuf,L488.w0,32,3299242428,1542066,1561600
linebuf,L488.w1,32,1643049785,1542226,1561600
linebuf,L488.w2,32,1963063520,1542386,1561600
linebuf,L488.w3,32,2299096134,1542546,1561600
linebuf,L488.w4,32,3715148085,1542706,1561600
linebuf,L488.w5,32,104397693,1542866,1561600
linebuf,L488.w6,32,565987770,1543026,1561600
linebuf,L488.w7,32,994734146,1543186,1561600
linebuf,L488.w8,32,3681455700,1543346,1561600
linebuf,L488.w9,32,2118337399,1543506,1561600
linebuf,L488.w10,32,2772117014,1543666,1561600
linebuf,L488.w11,32,425579685,1543826,1561600
linebuf,L489.w0,32,3805886939,1543986,1564800
linebuf,L489.w1,32,1271469441,1544146,1564800
linebuf,L489.w2,32,3011969404,1544306,1564800
linebuf,L489.w3,32,2683577721,1544466,1564800
linebuf,L489.w4,32,1873270320,1544626,1564800
linebuf,L489.w5,32,862874449,1544786,1564800
linebuf,L489.w6,32,2216294390,1544946,1564800
linebuf,L489.w7,32,1434304361,1545106,1564800
linebuf,L489.w8,32,422440979,1545266,1564800
linebuf,L489.w9,32,1068736929,1545426,1564800
linebuf,L489.w10,32,1041468150,1545586,1564800
linebuf,L489.w11,32,2111744572,1545746,1564800
linebuf,L490.w0,32,763564392,1551010,1568000
linebuf,L490.w1,32,2132312794,1551170,1568000
linebuf,L490.w2,32,1539693980,1551330,1568000
linebuf,L490.w3,32,3035819606,1551490,1568000
linebuf,L490.w4,32,2762431123,1551650,1568000
linebuf,L490.w5,32,4047740991,1551810,1568000
linebuf,L490.w6,32,2554419324,1551970,1568000
linebuf,L490.w7,32,2725197888,1552130,1568000
linebuf,L490.w8,32,3838950563,1552290,1568000
linebuf,L490.w9,32,2682841020,1552450,1568000
linebuf,L490.w10,32,1860597837,1552610,1568000
linebuf,L490.w11,32,1719400936,1552770,1568000
linebuf,L491.w0,32,2377883337,1552930,1571200
linebuf,L491.w1,32,4173899711,1553090,1571200
linebuf,L491.w2,32,1811804533,1553250,1571200
linebuf,L491.w3,32,3595672346,1553410,1571200
linebuf,L491.w4,32,3242158544,1553570,1571200
linebuf,L491.w5,32,102328934,1553730,1571200
linebuf,L491.w6,32,2687280969,1553890,1571200
linebuf,L491.w7,32,1714943582,1554050,1571200
linebuf,L491.w8,32,4060246355,1554210,1571200
linebuf,L491.w9,32,3731319766,1554370,1571200
linebuf,L491.w10,32,607650932,1554530,1571200
linebuf,L491.w11,32,1828666511,1554690,1571200
linebuf,L492.w0,32,546335249,1554850,1574400
linebuf,L492.w1,32,260493043,1555010,1574400
linebuf,L492.w2,32,1256189168,1555170,1574400
linebuf,L492.w3,32,1669173224,1555330,1574400
linebuf,L492.w4,32,2646795070,1555490,1574400
linebuf,L492.w5,32,1847046484,1555650,1574400
linebuf,L492.w6,32,2742456857,1555810,1574400
linebuf,L492.w7,32,409649215,1555970,1574400
linebuf,L492.w8,32,865721580,1556130,1574400
linebuf,L492.w9,32,2569311093,1556290,1574400
linebuf,L492.w10,32,1165723226,1556450,1574400
linebuf,L492.w11,32,2056357763,1556610,1574400
linebuf,L493.w0,32,1135501643,1560405,1577600
linebuf,L493.w1,32,2184947726,1560565,1577600
linebuf,L493.w2,32,3564347098,1560725,1577600
linebuf,L493.w3,32,3295018106,1560885,1577600
linebuf,L493.w4,32,457822613,1561045,1577600
linebuf,L493.w5,32,1399427984,1561205,1577600
linebuf,L493.w6,32,3361323958,1561365,1577600
linebuf,L493.w7,32,4052122241,1561525,1577600
linebuf,L493.w8,32,657260152,1561685,1577600
linebuf,L493.w9,32,2410394652,1561845,1577600
linebuf,L493.w10,32,3067471404,1562005,1577600
linebuf,L493.w11,32,2310219565,1562165,1577600
linebuf,L494.w0,32,3359103536,1562325,1580800
linebuf,L494.w1,32,1115378224,1562485,1580800
linebuf,L494.w2,32,4051960970,1562645,1580800
linebuf,L494.w3,32,2887145616,1562805,1580800
linebuf,L494.w4,32,3874385864,1562965,1580800
linebuf,L494.w5,32,2909246621,1563125,1580800
linebuf,L494.w6,32,105167146,1563285,1580800
linebuf,L494.w7,32,2411732948,1563445,1580800
linebuf,L494.w8,32,2839140183,1563605,1580800
linebuf,L494.w9,32,3149239747,1563765,1580800
linebuf,L494.w10,32,3910218856,1563925,1580800
linebuf,L494.w11,32,416869761,1564085,1580800
linebuf,L495.w0,32,3308322785,1564245,1584000
linebuf,L495.w1,32,1592374487,1564405,1584000
linebuf,L495.w2,32,1950689860,1564565,1584000
linebuf,L495.w3,32,1137815456,1564725,1584000
linebuf,L495.w4,32,3222400114,1564885,1584000
linebuf,L495.w5,32,406822798,1565045,1584000
linebuf,L495.w6,32,1220162011,1565205,1584000
linebuf,L495.w7,32,596979947,1565365,1584000
linebuf,L495.w8,32,3449218781,1565525,1584000
linebuf,L495.w9,32,363655510,1565685,1584000
linebuf,L495.w10,32,1745221834,1565845,1584000
linebuf,L495.w11,32,3028934729,1566005,1584000
linebuf,L496.w0,32,119788706,1568885,1587200
linebuf,L496.w1,32,2057016691,1569045,1587200
linebuf,L496.w2,32,2502731882,1569205,1587200
linebuf,L496.w3,32,3087132131,1569365,1587200
linebuf,L496.w4,32,558115007,1569525,1587200
linebuf,L496.w5,32,3329209213,1569685,1587200
linebuf,L496.w6,32,3290541073,1569845,1587200
linebuf,L496.w7,32,2405531539,1570005,1587200
linebuf,L496.w8,32,4168275397,1570165,1587200
linebuf,L496.w9,32,1680896898,1570325,1587200
linebuf,L496.w10,32,2112967460,1570485,1587200
linebuf,L496.w11,32,3442777883,1570645,1587200
linebuf,L497.w0,32,3613477424,1570805,1590400
linebuf,L497.w1,32,3313821667,1570965,1590400
linebuf,L497.w2,32,1000788978,1571125,1590400
linebuf,L497.w3,32,2187814266,1571285,1590400
linebuf,L497.w4,32,120873764,1571445,1590400
linebuf,L497.w5,32,1614855227,1571605,1590400
linebuf,L497.w6,32,3449864948,1571765,1590400
linebuf,L497.w7,32,265646681,1571925,1590400
linebuf,L497.w8,32,1763273682,1572085,1590400
linebuf,L497.w9,32,2580068911,1572245,1590400
linebuf,L497.w10,32,360958358,1572405,1590400
linebuf,L497.w11,32,1073129039,1572565,1590400
linebuf,L498.w0,32,2889463083,1572725,1593600
linebuf,L498.w1,32,170381720,1572885,1593600
linebuf,L498.w2,32,3870244363,1573045,1593600
linebuf,L498.w3,32,1951174675,1573205,1593600
linebuf,L498.w4,32,359864434,1573365,1593600
linebuf,L498.w5,32,1261014680,1573525,1593600
linebuf,L498.w6,32,2623330930,1573685,1593600
linebuf,L498.w7,32,169983466,1573845,1593600
linebuf,L498.w8,32,1492983489,1574005,1593600
linebuf,L498.w9,32,3304602522,1574165,1593600
linebuf,L498.w10,32,182291845,1574325,1593600
linebuf,L498.w11,32,293578828,1574485,1593600
linebuf,L499.w0,32,194758201,1584827,1596800
linebuf,L499.w1,32,2511229841,1584987,1596800
linebuf,L499.w2,32,1317283667,1585147,1596800
linebuf,L499.w3,32,1522281580,1585307,1596800
linebuf,L499.w4,32,1322345342,1585467,1596800
linebuf,L499.w5,32,389839835,1585627,1596800
linebuf,L499.w6,32,2308339134,1585787,1596800
linebuf,L499.w7,32,2021174309,1585947,1596800
linebuf,L499.w8,32,2666055709,1586107,1596800
linebuf,L499.w9,32,1535767011,1586267,1596800
linebuf,L499.w10,32,3652594749,1586427,1596800
linebuf,L499.w11,32,1404002344,1586587,1596800
linebuf,L500.w0,32,3677483742,1586747,1600000
linebuf,L500.w1,32,3301481371,1586907,1600000
linebuf,L500.w2,32,735004974,1587067,1600000
linebuf,L500.w3,32,3814515734,1587227,1600000
linebuf,L500.w4,32,2695732208,1587387,1600000
linebuf,L500.w5,32,1525540165,1587547,1600000
linebuf,L500.w6,32,3765221094,1587707,1600000
linebuf,L500.w7,32,2260146624,1587867,1600000
linebuf,L500.w8,32,1073349040,1588027,1600000
linebuf,L500.w9,32,1405862100,1588187,1600000
linebuf,L500.w10,32,2589905240,1588347,1600000
linebuf,L500.w11,32,999331288,1588507,1600000
linebuf,L501.w0,32,4244609786,1588667,1603200
linebuf,L501.w1,32,1066428688,1588827,1603200
linebuf,L501.w2,32,2724676007,1588987,1603200
linebuf,L501.w3,32,3316919658,1589147,1603200
linebuf,L501.w4,32,3012989810,1589307,1603200
linebuf,L501.w5,32,934987674,1589467,1603200
linebuf,L501.w6,32,1334824310,1589627,1603200
linebuf,L501.w7,32,4108646468,1589787,1603200
linebuf,L501.w8,32,4262829044,1589947,1603200
linebuf,L501.w9,32,1314390051,1590107,1603200
linebuf,L501.w10,32,3571057207,1590267,1603200
linebuf,L501.w11,32,2303410465,1590427,1603200
linebuf,L502.w0,32,1296207192,1593307,1606400
linebuf,L502.w1,32,2524623062,1593467,1606400
linebuf,L502.w2,32,20609652,1593627,1606400
linebuf,L502.w3,32,2820398233,1593787,1606400
linebuf,L502.w4,32,2066530323,1593947,1606400
linebuf,L502.w5,32,1085439997,1594107,1606400
linebuf,L502.w6,32,3751273543,1594267,1606400
linebuf,L502.w7,32,2823724969,1594427,1606400
linebuf,L502.w8,32,3371179190,1594587,1606400
linebuf,L502.w9,32,988704048,1594747,1606400
linebuf,L502.w10,32,633735422,1594907,1606400
linebuf,L502.w11,32,4175975331,1595067,1606400
linebuf,L503.w0,32,1037998466,1595227,1609600
linebuf,L503.w1,32,3698197283,1595387,1609600
linebuf,L503.w2,32,692500899,1595547,1609600
linebuf,L503.w3,32,362876788,1595707,1609600
linebuf,L503.w4,32,1115127522,1595867,1609600
linebuf,L503.w5,32,1712431991,1596027,1609600
linebuf,L503.w6,32,870056901,1596187,1609600
linebuf,L503.w7,32,591554393,1596347,1609600
linebuf,L503.w8,32,708634580,1596507,1609600
linebuf,L503.w9,32,3498306121,1596667,1609600
linebuf,L503.w10,32,2375888507,1596827,1609600
linebuf,L503.w11,32,4144577024,1596987,1609600
linebuf,L504.w0,32,3926663648,1597147,1612800
linebuf,L504.w1,32,3415599993,1597307,1612800
linebuf,L504.w2,32,3670513389,1597467,1612800
linebuf,L504.w3,32,3599451033,1597627,1612800
linebuf,L504.w4,32,2668589609,1597787,1612800
linebuf,L504.w5,32,317910134,1597947,1612800
linebuf,L504.w6,32,1358047133,1598107,1612800
linebuf,L504.w7,32,1658174699,1598267,1612800
linebuf,L504.w8,32,3901318883,1598427,1612800
linebuf,L504.w9,32,3029434336,1598587,1612800
linebuf,L504.w10,32,906347981,1598747,1612800
linebuf,L504.w11,32,680019126,1598907,1612800
linebuf,L505.w0,32,927736530,1604373,1616000
linebuf,L505.w1,32,1721083548,1604533,1616000
linebuf,L505.w2,32,3393299747,1604693,1616000
linebuf,L505.w3,32,483733426,1604853,1616000
linebuf,L505.w4,32,3009408737,1605013,1616000
linebuf,L505.w5,32,3850393281,1605173,1616000
linebuf,L505.w6,32,1334879951,1605333,1616000
linebuf,L505.w7,32,3315270244,1605493,1616000
linebuf,L505.w8,32,944103897,1605653,1616000
linebuf,L505.w9,32,3098450533,1605813,1616000
linebuf,L505.w10,32,2736994848,1605973,1616000
linebuf,L505.w11,32,1244142058,1606133,1616000
linebuf,L506.w0,32,2196954262,1606293,1619200
linebuf,L506.w1,32,4224638916,1606453,1619200
linebuf,L506.w2,32,3410617834,1606613,1619200
linebuf,L506.w3,32,2799029310,1606773,1619200
linebuf,L506.w4,32,1914882759,1606933,1619200
linebuf,L506.w5,32,1445243958,1607093,1619200
linebuf,L506.w6,32,358298413,1607253,1619200
linebuf,L506.w7,32,294457370,1607413,1619200
linebuf,L506.w8,32,302597656,1607573,1619200
linebuf,L506.w9,32,3536123971,1607733,1619200
linebuf,L506.w10,32,991720893,1607893,1619200
linebuf,L506.w11,32,514609513,1608053,1619200
linebuf,L507.w0,32,2248754971,1608213,1622400
linebuf,L507.w1,32,1991013459,1608373,1622400
linebuf,L507.w2,32,3069804106,1608533,1622400
linebuf,L507.w3,32,3556319555,1608693,1622400
linebuf,L507.w4,32,2388547074,1608853,1622400
linebuf,L507.w5,32,1968714748,1609013,1622400
linebuf,L507.w6,32,41980171,1609173,1622400
linebuf,L507.w7,32,2581104748,1609333,1622400
linebuf,L507.w8,32,4092928435,1609493,1622400
linebuf,L507.w9,32,719883650,1609653,1622400
linebuf,L507.w10,32,1967786788,1609813,1622400
linebuf,L507.w11,32,1858430892,1609973,1622400
linebuf,L508.w0,32,825532254,1612853,1625600
linebuf,L508.w1,32,66669197,1613013,1625600
linebuf,L508.w2,32,1045348456,1613173,1625600
linebuf,L508.w3,32,1321951228,1613333,1625600
linebuf,L508.w4,32,919892313,1613493,1625600
linebuf,L508.w5,32,2229115772,1613653,1625600
linebuf,L508.w6,32,2604698726,1613813,1625600
linebuf,L508.w7,32,1263456809,1613973,1625600
linebuf,L508.w8,32,3902741265,1614133,1625600
linebuf,L508.w9,32,1322930596,1614293,1625600
linebuf,L508.w10,32,1134372013,1614453,1625600
linebuf,L508.w11,32,3953589682,1614613,1625600
linebuf,L509.w0,32,1500891178,1614773,1628800
linebuf,L509.w1,32,1141038236,1614933,1628800
linebuf,L509.w2,32,1234763593,1615093,1628800
linebuf,L509.w3,32,204119440,1615253,1628800
linebuf,L509.w4,32,124915870,1615413,1628800
linebuf,L509.w5,32,3755866320,1615573,1628800
linebuf,L509.w6,32,45105678,1615733,1628800
linebuf,L509.w7,32,2692386566,1615893,1628800
linebuf,L509.w8,32,3354257396,1616053,1628800
linebuf,L509.w9,32,3671983704,1616213,1628800
linebuf,L509.w10,32,4198417077,1616373,1628800
linebuf,L509.w11,32,1895371385,1616533,1628800
linebuf,L510.w0,32,182061501,1616693,1632000
linebuf,L510.w1,32,885982912,1616853,1632000
linebuf,L510.w2,32,330335625,1617013,1632000
linebuf,L510.w3,32,1355795745,1617173,1632000
linebuf,L510.w4,32,1941989096,1617333,1632000
linebuf,L510.w5,32,2842314040,1617493,1632000
linebuf,L510.w6,32,1306647817,1617653,1632000
linebuf,L510.w7,32,491009422,1617813,1632000
linebuf,L510.w8,32,1059282401,1617973,1632000
linebuf,L510.w9,32,2890490334,1618133,1632000
linebuf,L510.w10,32,3735632386,1618293,1632000
linebuf,L510.w11,32,477040826,1618453,1632000
linebuf,L511.w0,32,836130781,1622029,1635200
linebuf,L511.w1,32,2733536101,1622189,1635200
linebuf,L511.w2,32,3891384097,1622349,1635200
linebuf,L511.w3,32,582722830,1622509,1635200
linebuf,L511.w4,32,2676543099,1622669,1635200
linebuf,L511.w5,32,2560654684,1622829,1635200
linebuf,L511.w6,32,2946529818,1622989,1635200
linebuf,L511.w7,32,3797899390,1623149,1635200
linebuf,L511.w8,32,2870589491,1623309,1635200
linebuf,L511.w9,32,4183644308,1623469,1635200
linebuf,L511.w10,32,110762469,1623629,1635200
linebuf,L511.w11,32,1890757087,1623789,1635200
linebuf,L512.w0,32,4200226245,1623949,1638400
linebuf,L512.w1,32,3129478060,1624109,1638400
linebuf,L512.w2,32,123541232,1624269,1638400
linebuf,L512.w3,32,2402949484,1624429,1638400
linebuf,L512.w4,32,976704413,1624589,1638400
linebuf,L512.w5,32,3567643106,1624749,1638400
linebuf,L512.w6,32,2041042363,1624909,1638400
linebuf,L512.w7,32,742438272,1625069,1638400
linebuf,L512.w8,32,3597535830,1625229,1638400
linebuf,L512.w9,32,2285489599,1625389,1638400
linebuf,L512.w10,32,4077862763,1625549,1638400
linebuf,L512.w11,32,3936307064,1625709,1638400
linebuf,L513.w0,32,37972152,1625869,1641600
linebuf,L513.w1,32,961946281,1626029,1641600
linebuf,L513.w2,32,594370314,1626189,1641600
linebuf,L513.w3,32,269320284,1626349,1641600
linebuf,L513.w4,32,68621811,1626509,1641600
linebuf,L513.w5,32,3742067660,1626669,1641600
linebuf,L513.w6,32,588943206,1626829,1641600
linebuf,L513.w7,32,1375757954,1626989,1641600
linebuf,L513.w8,32,3924545150,1627149,1641600
linebuf,L513.w9,32,2476770104,1627309,1641600
linebuf,L513.w10,32,363805523,1627469,1641600
linebuf,L513.w11,32,2222452522,1627629,1641600
linebuf,L514.w0,32,836840929,1630509,1644800
linebuf,L514.w1,32,1711090274,1630669,1644800
linebuf,L514.w2,32,33982876,1630829,1644800
linebuf,L514.w3,32,2335543084,1630989,1644800
linebuf,L514.w4,32,1201351378,1631149,1644800
linebuf,L514.w5,32,1511484078,1631309,1644800
linebuf,L514.w6,32,1112136705,1631469,1644800
linebuf,L514.w7,32,4238196246,1631629,1644800
linebuf,L514.w8,32,2331266217,1631789,1644800
linebuf,L514.w9,32,1655527694,1631949,1644800
linebuf,L514.w10,32,3752804853,1632109,1644800
linebuf,L514.w11,32,1735287878,1632269,1644800
linebuf,L515.w0,32,2276721929,1632429,1648000
linebuf,L515.w1,32,2270296742,1632589,1648000
linebuf,L515.w2,32,2290408686,1632749,1648000
linebuf,L515.w3,32,1999140021,1632909,1648000
linebuf,L515.w4,32,1198061336,1633069,1648000
linebuf,L515.w5,32,380137424,1633229,1648000
linebuf,L515.w6,32,772853288,1633389,1648000
linebuf,L515.w7,32,3263146727,1633549,1648000
linebuf,L515.w8,32,2058532363,1633709,1648000
linebuf,L515.w9,32,2417123979,1633869,1648000
linebuf,L515.w10,32,1692106475,1634029,1648000
linebuf,L515.w11,32,571684017,1634189,1648000
linebuf,L516.w0,32,3872847015,1634349,1651200
linebuf,L516.w1,32,2653284162,1634509,1651200
linebuf,L516.w2,32,894518972,1634669,1651200
linebuf,L516.w3,32,2258721230,1634829,1651200
linebuf,L516.w4,32,110102255,1634989,1651200
linebuf,L516.w5,32,2221254630,1635149,1651200
linebuf,L516.w6,32,221927151,1635309,1651200
linebuf,L516.w7,32,3634507845,1635469,1651200
linebuf,L516.w8,32,1362173162,1635629,1651200
linebuf,L516.w9,32,621735093,1635789,1651200
linebuf,L516.w10,32,940014953,1635949,1651200
linebuf,L516.w11,32,1368615761,1636109,1651200
linebuf,L517.w0,32,3780703394,1639191,1654400
linebuf,L517.w1,32,1754183341,1639351,1654400
linebuf,L517.w2,32,3127462061,1639511,1654400
linebuf,L517.w3,32,3585085488,1639671,1654400
linebuf,L517.w4,32,2548601985,1639831,1654400
linebuf,L517.w5,32,2039110956,1639991,1654400
linebuf,L517.w6,32,3573157766,1640151,1654400
linebuf,L517.w7,32,2158585727,1640311,1654400
linebuf,L517.w8,32,3775588838,1640471,1654400
linebuf,L517.w9,32,3370692887,1640631,1654400
linebuf,L517.w10,32,278899437,1640791,1654400
linebuf,L517.w11,32,3428420792,1640951,1654400
linebuf,L518.w0,32,2959832136,1641111,1657600
linebuf,L518.w1,32,147828139,1641271,1657600
linebuf,L518.w2,32,563107866,1641431,1657600
linebuf,L518.w3,32,2385289780,1641591,1657600
linebuf,L518.w4,32,1764206179,1641751,1657600
linebuf,L518.w5,32,2344719241,1641911,1657600
linebuf,L518.w6,32,1673369970,1642071,1657600
linebuf,L518.w7,32,2337740871,1642231,1657600
linebuf,L518.w8,32,1166505459,1642391,1657600
linebuf,L518.w9,32,2542007803,1642551,1657600
linebuf,L518.w10,32,190616114,1642711,1657600
linebuf,L518.w11,32,934594997,1642871,1657600
linebuf,L519.w0,32,834520594,1643031,1660800
linebuf,L519.w1,32,1306591809,1643191,1660800
linebuf,L519.w2,32,3033817966,1643351,1660800
linebuf,L519.w3,32,1633322594,1643511,1660800
linebuf,L519.w4,32,4111675191,1643671,1660800
linebuf,L519.w5,32,1286638559,1643831,1660800
linebuf,L519.w6,32,3906571634,1643991,1660800
linebuf,L519.w7,32,2224373610,1644151,1660800
linebuf,L519.w8,32,98260900,1644311,1660800
linebuf,L519.w9,32,4005403025,1644471,1660800
linebuf,L519.w10,32,2446281264,1644631,1660800
linebuf,L519.w11,32,1145611320,1644791,1660800
linebuf,L520.w0,32,2237127048,1650852,1664000
linebuf,L520.w1,32,3180257183,1651012,1664000
linebuf,L520.w2,32,2291703459,1651172,1664000
linebuf,L520.w3,32,3809773068,1651332,1664000
linebuf,L520.w4,32,697438677,1651492,1664000
linebuf,L520.w5,32,987370817,1651652,1664000
linebuf,L520.w6,32,377657113,1651812,1664000
linebuf,L520.w7,32,905957555,1651972,1664000
linebuf,L520.w8,32,2063397120,1652132,1664000
linebuf,L520.w9,32,707390708,1652292,1664000
linebuf,L520.w10,32,225982141,1652452,1664000
linebuf,L520.w11,32,2825575978,1652612,1664000
linebuf,L521.w0,32,3612312609,1652772,1667200
linebuf,L521.w1,32,1729052821,1652932,1667200
linebuf,L521.w2,32,3816828410,1653092,1667200
linebuf,L521.w3,32,1214332978,1653252,1667200
linebuf,L521.w4,32,63810252,1653412,1667200
linebuf,L521.w5,32,648410838,1653572,1667200
linebuf,L521.w6,32,3439685818,1653732,1667200
linebuf,L521.w7,32,424898232,1653892,1667200
linebuf,L521.w8,32,3602161111,1654052,1667200
linebuf,L521.w9,32,4064121448,1654212,1667200
linebuf,L521.w10,32,170701593,1654372,1667200
linebuf,L521.w11,32,3041331829,1654532,1667200
linebuf,L522.w0,32,2521825227,1654692,1670400
linebuf,L522.w1,32,1847210187,1654852,1670400
linebuf,L522.w2,32,2039599981,1655012,1670400
linebuf,L522.w3,32,4104744985,1655172,1670400
linebuf,L522.w4,32,752557896,1655332,1670400
linebuf,L522.w5,32,4044871047,1655492,1670400
linebuf,L522.w6,32,3516710262,1655652,1670400
linebuf,L522.w7,32,936746263,1655812,1670400
linebuf,L522.w8,32,2432258152,1655972,1670400
linebuf,L522.w9,32,2012800165,1656132,1670400
linebuf,L522.w10,32,3488982194,1656292,1670400
linebuf,L522.w11,32,2837157207,1656452,1670400
linebuf,L523.w0,32,4165600366,1659332,1673600
linebuf,L523.w1,32,3711717518,1659492,1673600
linebuf,L523.w2,32,2845931833,1659652,1673600
linebuf,L523.w3,32,1738543908,1659812,1673600
linebuf,L523.w4,32,3748936260,1659972,1673600
linebuf,L523.w5,32,961813928,1660132,1673600
linebuf,L523.w6,32,272507375,1660292,1673600
linebuf,L523.w7,32,545872796,1660452,1673600
linebuf,L523.w8,32,1451265491,1660612,1673600
linebuf,L523.w9,32,2173650458,1660772,1673600
linebuf,L523.w10,32,2039419105,1660932,1673600
linebuf,L523.w11,32,2120145292,1661092,1673600
linebuf,L524.w0,32,2199932487,1661252,1676800
linebuf,L524.w1,32,2836715172,1661412,1676800
linebuf,L524.w2,32,1578704903,1661572,1676800
linebuf,L524.w3,32,1858375215,1661732,1676800
linebuf,L524.w4,32,3508932005,1661892,1676800
linebuf,L524.w5,32,3685289570,1662052,1676800
linebuf,L524.w6,32,2501066306,1662212,1676800
linebuf,L524.w7,32,1065469448,1662372,1676800
linebuf,L524.w8,32,3636225016,1662532,1676800
linebuf,L524.w9,32,4086764029,1662692,1676800
linebuf,L524.w10,32,1902983322,1662852,1676800
linebuf,L524.w11,32,1116024994,1663012,1676800
linebuf,L525.w0,32,4044875886,1663172,1680000
linebuf,L525.w1,32,1735505626,1663332,1680000
linebuf,L525.w2,32,1528402949,1663492,1680000
linebuf,L525.w3,32,1659004768,1663652,1680000
linebuf,L525.w4,32,4265780209,1663812,1680000
linebuf,L525.w5,32,3445722946,1663972,1680000
linebuf,L525.w6,32,2432340033,1664132,1680000
linebuf,L525.w7,32,982834800,1664292,1680000
linebuf,L525.w8,32,1620178389,1664452,1680000
linebuf,L525.w9,32,3875096611,1664612,1680000
linebuf,L525.w10,32,2665579108,1664772,1680000
linebuf,L525.w11,32,3716477791,1664932,1680000
linebuf,L526.w0,32,2950121891,1670897,1683200
linebuf,L526.w1,32,3727188665,1671057,1683200
linebuf,L526.w2,32,2576292437,1671217,1683200
linebuf,L526.w3,32,2705906542,1671377,1683200
linebuf,L526.w4,32,3458268161,1671537,1683200
linebuf,L526.w5,32,1479632797,1671697,1683200
linebuf,L526.w6,32,325108613,1671857,1683200
linebuf,L526.w7,32,110668259,1672017,1683200
linebuf,L526.w8,32,1801675801,1672177,1683200
linebuf,L526.w9,32,3759399358,1672337,1683200
linebuf,L526.w10,32,2517877657,1672497,1683200
linebuf,L526.w11,32,2122266368,1672657,1683200
linebuf,L527.w0,32,261262665,1672817,1686400
linebuf,L527.w1,32,4201388384,1672977,1686400
linebuf,L527.w2,32,3275421502,1673137,1686400
linebuf,L527.w3,32,1976981749,1673297,1686400
linebuf,L527.w4,32,3867241684,1673457,1686400
linebuf,L527.w5,32,472962901,1673617,1686400
linebuf,L527.w6,32,2687334530,1673777,1686400
linebuf,L527.w7,32,2783142440,1673937,1686400
linebuf,L527.w8,32,3282047586,1674097,1686400
linebuf,L527.w9,32,4071316773,1674257,1686400
linebuf,L527.w10,32,4056278939,1674417,1686400
linebuf,L527.w11,32,1005954517,1674577,1686400
linebuf,L528.w0,32,1952743060,1674737,1689600
linebuf,L528.w1,32,1508149452,1674897,1689600
linebuf,L528.w2,32,2198607060,1675057,1689600
linebuf,L528.w3,32,392183403,1675217,1689600
linebuf,L528.w4,32,3814750269,1675377,1689600
linebuf,L528.w5,32,1439687484,1675537,1689600
linebuf,L528.w6,32,2906682899,1675697,1689600
linebuf,L528.w7,32,159235994,1675857,1689600
linebuf,L528.w8,32,1188388442,1676017,1689600
linebuf,L528.w9,32,3618895082,1676177,1689600
linebuf,L528.w10,32,2531507057,1676337,1689600
linebuf,L528.w11,32,2250492511,1676497,1689600
linebuf,L529.w0,32,3625728493,1679377,1692800
linebuf,L529.w1,32,1438685707,1679537,1692800
linebuf,L529.w2,32,557461897,1679697,1692800
linebuf,L529.w3,32,2456006525,1679857,1692800
linebuf,L529.w4,32,717741705,1680017,1692800
linebuf,L529.w5,32,1846150570,1680177,1692800
linebuf,L529.w6,32,2952627766,1680337,1692800
linebuf,L529.w7,32,1338329187,1680497,1692800
linebuf,L529.w8,32,3075111960,1680657,1692800
linebuf,L529.w9,32,1901697046,1680817,1692800
linebuf,L529.w10,32,3133360535,1680977,1692800
linebuf,L529.w11,32,1045083347,1681137,1692800
linebuf,L530.w0,32,2101380535,1681297,1696000
linebuf,L530.w1,32,3220722687,1681457,1696000
linebuf,L530.w2,32,1648127284,1681617,1696000
linebuf,L530.w3,32,118975147,1681777,1696000
linebuf,L530.w4,32,4124977607,1681937,1696000
linebuf,L530.w5,32,2152881638,1682097,1696000
linebuf,L530.w6,32,1094101626,1682257,1696000
linebuf,L530.w7,32,517187879,1682417,1696000
linebuf,L530.w8,32,1231646966,1682577,1696000
linebuf,L530.w9,32,1115671554,1682737,1696000
linebuf,L530.w10,32,106528176,1682897,1696000
linebuf,L530.w11,32,2428799221,1683057,1696000
linebuf,L531.w0,32,362758565,1683217,1699200
linebuf,L531.w1,32,1394203368,1683377,1699200
linebuf,L531.w2,32,2685496998,1683537,1699200
linebuf,L531.w3,32,2209691123,1683697,1699200
linebuf,L531.w4,32,2846304694,1683857,1699200
linebuf,L531.w5,32,777902495,1684017,1699200
linebuf,L531.w6,32,940209235,1684177,1699200
linebuf,L531.w7,32,1261045201,1684337,1699200
linebuf,L531.w8,32,3178653322,1684497,1699200
linebuf,L531.w9,32,347910361,1684657,1699200
linebuf,L531.w10,32,732020311,1684817,1699200
linebuf,L531.w11,32,1956341218,1684977,1699200
linebuf,L532.w0,32,2734796373,1687857,1702400
linebuf,L532.w1,32,3494506205,1688017,1702400
linebuf,L532.w2,32,3338619003,1688177,1702400
linebuf,L532.w3,32,4139073711,1688337,1702400
linebuf,L532.w4,32,1944882809,1688497,1702400
linebuf,L532.w5,32,3718328518,1688657,1702400
linebuf,L532.w6,32,3471872943,1688817,1702400
linebuf,L532.w7,32,2912450287,1688977,1702400
linebuf,L532.w8,32,2027445644,1689137,1702400
linebuf,L532.w9,32,2854387975,1689297,1702400
linebuf,L532.w10,32,2851474223,1689457,1702400
linebuf,L532.w11,32,3635260614,1689617,1702400
linebuf,L533.w0,32,3579889726,1689777,1705600
linebuf,L533.w1,32,441404487,1689937,1705600
linebuf,L533.w2,32,2416748430,1690097,1705600
linebuf,L533.w3,32,2099236166,1690257,1705600
linebuf,L533.w4,32,2416031332,1690417,1705600
linebuf,L533.w5,32,358048127,1690577,1705600
linebuf,L533.w6,32,4006868728,1690737,1705600
linebuf,L533.w7,32,2879372964,1690897,1705600
linebuf,L533.w8,32,146143224,1691057,1705600
linebuf,L533.w9,32,254289568,1691217,1705600
linebuf,L533.w10,32,80498396,1691377,1705600
linebuf,L533.w11,32,1197228283,1691537,1705600
linebuf,L534.w0,32,156325659,1691697,1708800
linebuf,L534.w1,32,1154220755,1691857,1708800
linebuf,L534.w2,32,1335453724,1692017,1708800
linebuf,L534.w3,32,757295585,1692177,1708800
linebuf,L534.w4,32,2309032077,1692337,1708800
linebuf,L534.w5,32,2050247290,1692497,1708800
linebuf,L534.w6,32,2653784405,1692657,1708800
linebuf,L534.w7,32,3081670805,1692817,1708800
linebuf,L534.w8,32,2926533279,1692977,1708800
linebuf,L534.w9,32,1449085419,1693137,1708800
linebuf,L534.w10,32,73181566,1693297,1708800
linebuf,L534.w11,32,1953020006,1693457,1708800
linebuf,L535.w0,32,1020195992,1696337,1712000
linebuf,L535.w1,32,3640684747,1696497,1712000
linebuf,L535.w2,32,4155056375,1696657,1712000
linebuf,L535.w3,32,972350383,1696817,1712000
linebuf,L535.w4,32,1485340413,1696977,1712000
linebuf,L535.w5,32,3156885732,1697137,1712000
linebuf,L535.w6,32,3628308803,1697297,1712000
linebuf,L535.w7,32,3952433312,1697457,1712000
linebuf,L535.w8,32,3060876552,1697617,1712000
linebuf,L535.w9,32,248533502,1697777,1712000
linebuf,L535.w10,32,98412452,1697937,1712000
linebuf,L535.w11,32,1891829821,1698097,1712000
linebuf,L536.w0,32,2199294347,1698257,1715200
linebuf,L536.w1,32,851166493,1698417,1715200
linebuf,L536.w2,32,1690955596,1698577,1715200
linebuf,L536.w3,32,657512768,1698737,1715200
linebuf,L536.w4,32,4266554963,1698897,1715200
linebuf,L536.w5,32,770137866,1699057,1715200
linebuf,L536.w6,32,996335778,1699217,1715200
linebuf,L536.w7,32,349242775,1699377,1715200
linebuf,L536.w8,32,1696574120,1699537,1715200
linebuf,L536.w9,32,175254021,1699697,1715200
linebuf,L536.w10,32,748321259,1699857,1715200
linebuf,L536.w11,32,1375550201,1700017,1715200
linebuf,L537.w0,32,20136017,1700177,1718400
linebuf,L537.w1,32,1950701259,1700337,1718400
linebuf,L537.w2,32,2312397748,1700497,1718400
linebuf,L537.w3,32,3506242374,1700657,1718400
linebuf,L537.w4,32,2663225981,1700817,1718400
linebuf,L537.w5,32,2261703022,1700977,1718400
linebuf,L537.w6,32,698181475,1701137,1718400
linebuf,L537.w7,32,164034206,1701297,1718400
linebuf,L537.w8,32,3597149012,1701457,1718400
linebuf,L537.w9,32,1814823138,1701617,1718400
linebuf,L537.w10,32,953971996,1701777,1718400
linebuf,L537.w11,32,3500593613,1701937,1718400
linebuf,L538.w0,32,2892238364,1704817,1721600
linebuf,L538.w1,32,2229625930,1704977,1721600
linebuf,L538.w2,32,4171530137,1705137,1721600
linebuf,L538.w3,32,4117307436,1705297,1721600
linebuf,L538.w4,32,1880696755,1705457,1721600
linebuf,L538.w5,32,811137354,1705617,1721600
linebuf,L538.w6,32,3600857889,1705777,1721600
linebuf,L538.w7,32,174321430,1705937,1721600
linebuf,L538.w8,32,2599426137,1706097,1721600
linebuf,L538.w9,32,3621449529,1706257,1721600
linebuf,L538.w10,32,3070771092,1706417,1721600
linebuf,L538.w11,32,1621768161,1706577,1721600
linebuf,L539.w0,32,1763207541,1706737,1724800
linebuf,L539.w1,32,1711282455,1706897,1724800
linebuf,L539.w2,32,2196370604,1707057,1724800
linebuf,L539.w3,32,1829890358,1707217,1724800
linebuf,L539.w4,32,1167667422,1707377,1724800
linebuf,L539.w5,32,1901270544,1707537,1724800
linebuf,L539.w6,32,1447399681,1707697,1724800
linebuf,L539.w7,32,2425654347,1707857,1724800
linebuf,L539.w8,32,3975198565,1708017,1724800
linebuf,L539.w9,32,102700579,1708177,1724800
linebuf,L539.w10,32,336292802,1708337,1724800
linebuf,L539.w11,32,2029360679,1708497,1724800
linebuf,L540.w0,32,3574119141,1708657,1728000
linebuf,L540.w1,32,3142561568,1708817,1728000
linebuf,L540.w2,32,3221117502,1708977,1728000
linebuf,L540.w3,32,1801080050,1709137,1728000
linebuf,L540.w4,32,695791130,1709297,1728000
linebuf,L540.w5,32,3854037104,1709457,1728000
linebuf,L540.w6,32,1849272546,1709617,1728000
linebuf,L540.w7,32,688800339,1709777,1728000
linebuf,L540.w8,32,3587572190,1709937,1728000
linebuf,L540.w9,32,2333505506,1710097,1728000
linebuf,L540.w10,32,2185357793,1710257,1728000
linebuf,L540.w11,32,3339418464,1710417,1728000
linebuf,L541.w0,32,2163718180,1714881,1731200
linebuf,L541.w1,32,2675686812,1715041,1731200
linebuf,L541.w2,32,738391692,1715201,1731200
linebuf,L541.w3,32,1147602730,1715361,1731200
linebuf,L541.w4,32,4255091393,1715521,1731200
linebuf,L541.w5,32,1773771104,1715681,1731200
linebuf,L541.w6,32,3214108731,1715841,1731200
linebuf,L541.w7,32,2067218325,1716001,1731200
linebuf,L541.w8,32,1226522221,1716161,1731200
linebuf,L541.w9,32,4114340681,1716321,1731200
linebuf,L541.w10,32,1491716031,1716481,1731200
linebuf,L541.w11,32,4020964014,1716641,1731200
linebuf,L542.w0,32,3039261947,1716801,1734400
linebuf,L542.w1,32,1961428581,1716961,1734400
linebuf,L542.w2,32,3737126379,1717121,1734400
linebuf,L542.w3,32,1707517188,1717281,1734400
linebuf,L542.w4,32,2368667523,1717441,1734400
linebuf,L542.w5,32,1617326645,1717601,1734400
linebuf,L542.w6,32,1229885571,1717761,1734400
linebuf,L542.w7,32,1031389418,1717921,1734400
linebuf,L542.w8,32,1541176707,1718081,1734400
linebuf,L542.w9,32,2328657899,1718241,1734400
linebuf,L542.w10,32,2339491046,1718401,1734400
linebuf,L542.w11,32,3487420613,1718561,1734400
linebuf,L543.w0,32,3806786701,1718721,1737600
linebuf,L543.w1,32,3077377684,1718881,1737600
linebuf,L543.w2,32,3023336828,1719041,1737600
linebuf,L543.w3,32,2281071810,1719201,1737600
linebuf,L543.w4,32,968702626,1719361,1737600
linebuf,L543.w5,32,1137014130,1719521,1737600
linebuf,L543.w6,32,86158615,1719681,1737600
linebuf,L543.w7,32,3660237954,1719841,1737600
linebuf,L543.w8,32,2823692325,1720001,1737600
linebuf,L543.w9,32,311292386,1720161,1737600
linebuf,L543.w10,32,1130873845,1720321,1737600
linebuf,L543.w11,32,3045135733,1720481,1737600
linebuf,L544.w0,32,689137516,1723361,1740800
linebuf,L544.w1,32,1133746061,1723521,1740800
linebuf,L544.w2,32,4279067657,1723681,1740800
linebuf,L544.w3,32,3307147300,1723841,1740800
linebuf,L544.w4,32,3439249412,1724001,1740800
linebuf,L544.w5,32,2525021199,1724161,1740800
linebuf,L544.w6,32,1083892138,1724321,1740800
linebuf,L544.w7,32,2107321629,1724481,1740800
linebuf,L544.w8,32,67473525,1724641,1740800
linebuf,L544.w9,32,684408762,1724801,1740800
linebuf,L544.w10,32,3525025294,1724961,1740800
linebuf,L544.w11,32,2076733946,1725121,1740800
linebuf,L545.w0,32,474660508,1725281,1744000
linebuf,L545.w1,32,943212391,1725441,1744000
linebuf,L545.w2,32,653107758,1725601,1744000
linebuf,L545.w3,32,485023867,1725761,1744000
linebuf,L545.w4,32,1650822435,1725921,1744000
linebuf,L545.w5,32,243891707,1726081,1744000
linebuf,L545.w6,32,741222435,1726241,1744000
linebuf,L545.w7,32,292753185,1726401,1744000
linebuf,L545.w8,32,407215981,1726561,1744000
linebuf,L545.w9,32,2011917532,1726721,1744000
linebuf,L545.w10,32,2358821794,1726881,1744000
linebuf,L545.w11,32,3133369489,1727041,1744000
linebuf,L546.w0,32,2812257173,1727201,1747200
linebuf,L546.w1,32,2011339715,1727361,1747200
linebuf,L546.w2,32,3372916499,1727521,1747200
linebuf,L546.w3,32,107303873,1727681,1747200
linebuf,L546.w4,32,248671091,1727841,1747200
linebuf,L546.w5,32,1165837905,1728001,1747200
linebuf,L546.w6,32,220303861,1728161,1747200
linebuf,L546.w7,32,2273265412,1728321,1747200
linebuf,L546.w8,32,2028709353,1728481,1747200
linebuf,L546.w9,32,3819007654,1728641,1747200
linebuf,L546.w10,32,3185579385,1728801,1747200
linebuf,L546.w11,32,2755795379,1728961,1747200
linebuf,L547.w0,32,2557625463,1737081,1750400
linebuf,L547.w1,32,1880474512,1737241,1750400
linebuf,L547.w2,32,474731638,1737401,1750400
linebuf,L547.w3,32,1455423246,1737561,1750400
linebuf,L547.w4,32,3859685675,1737721,1750400
linebuf,L547.w5,32,1367834303,1737881,1750400
linebuf,L547.w6,32,3751830426,1738041,1750400
linebuf,L547.w7,32,1641585415,1738201,1750400
linebuf,L547.w8,32,4021611989,1738361,1750400
linebuf,L547.w9,32,2807898694,1738521,1750400
linebuf,L547.w10,32,1671060156,1738681,1750400
linebuf,L547.w11,32,1245709166,1738841,1750400
linebuf,L548.w0,32,354836168,1739001,1753600
linebuf,L548.w1,32,984563337,1739161,1753600
linebuf,L548.w2,32,3511283291,1739321,1753600
linebuf,L548.w3,32,3116813678,1739481,1753600
linebuf,L548.w4,32,1895740281,1739641,1753600
linebuf,L548.w5,32,2409589344,1739801,1753600
linebuf,L548.w6,32,1501061157,1739961,1753600
linebuf,L548.w7,32,4251571475,1740121,1753600
linebuf,L548.w8,32,1835608196,1740281,1753600
linebuf,L548.w9,32,1852709008,1740441,1753600
linebuf,L548.w10,32,3045913722,1740601,1753600
linebuf,L548.w11,32,3887088445,1740761,1753600
linebuf,L549.w0,32,3127027263,1740921,1756800
linebuf,L549.w1,32,3201541495,1741081,1756800
linebuf,L549.w2,32,1871881307,1741241,1756800
linebuf,L549.w3,32,2521546948,1741401,1756800
linebuf,L549.w4,32,1144757778,1741561,1756800
linebuf,L549.w5,32,801591367,1741721,1756800
linebuf,L549.w6,32,647913628,1741881,1756800
linebuf,L549.w7,32,3680825891,1742041,1756800
linebuf,L549.w8,32,226964200,1742201,1756800
linebuf,L549.w9,32,1418787749,1742361,1756800
linebuf,L549.w10,32,4132692006,1742521,1756800
linebuf,L549.w11,32,1510447007,1742681,1756800
linebuf,L550.w0,32,288951126,1745561,1760000
linebuf,L550.w1,32,2710964042,1745721,1760000
linebuf,L550.w2,32,2546959298,1745881,1760000
linebuf,L550.w3,32,3406322015,1746041,1760000
linebuf,L550.w4,32,4179629605,1746201,1760000
linebuf,L550.w5,32,1365474057,1746361,1760000
linebuf,L550.w6,32,2473448481,1746521,1760000
linebuf,L550.w7,32,3877061948,1746681,1760000
linebuf,L550.w8,32,4168977006,1746841,1760000
linebuf,L550.w9,32,760680758,1747001,1760000
linebuf,L550.w10,32,624099954,1747161,1760000
linebuf,L550.w11,32,3281892929,1747321,1760000
linebuf,L551.w0,32,3089541540,1747481,1763200
linebuf,L551.w1,32,3927422187,1747641,1763200
linebuf,L551.w2,32,3613279381,1747801,1763200
linebuf,L551.w3,32,2685072738,1747961,1763200
linebuf,L551.w4,32,492154002,1748121,1763200
linebuf,L551.w5,32,2282687387,1748281,1763200
linebuf,L551.w6,32,877619167,1748441,1763200
linebuf,L551.w7,32,2049814578,1748601,1763200
linebuf,L551.w8,32,4065898269,1748761,1763200
linebuf,L551.w9,32,3025680097,1748921,1763200
linebuf,L551.w10,32,1001351578,1749081,1763200
linebuf,L551.w11,32,1539612978,1749241,1763200
linebuf,L552.w0,32,2647953625,1749401,1766400
linebuf,L552.w1,32,2265239157,1749561,1766400
linebuf,L552.w2,32,3915983487,1749721,1766400
linebuf,L552.w3,32,2689892739,1749881,1766400
linebuf,L552.w4,32,3055073828,1750041,1766400
linebuf,L552.w5,32,693797361,1750201,1766400
linebuf,L552.w6,32,3320240448,1750361,1766400
linebuf,L552.w7,32,873210801,1750521,1766400
linebuf,L552.w8,32,1284397999,1750681,1766400
linebuf,L552.w9,32,737470861,1750841,1766400
linebuf,L552.w10,32,3648775334,1751001,1766400
linebuf,L552.w11,32,3218012760,1751161,1766400
linebuf,L553.w0,32,1717795131,1756976,1769600
linebuf,L553.w1,32,1828549459,1757136,1769600
linebuf,L553.w2,32,2100919122,1757296,1769600
linebuf,L553.w3,32,1506897612,1757456,1769600
linebuf,L553.w4,32,3023306871,1757616,1769600
linebuf,L553.w5,32,3350436227,1757776,1769600
linebuf,L553.w6,32,146403783,1757936,1769600
linebuf,L553.w7,32,2285882946,1758096,1769600
linebuf,L553.w8,32,322978940,1758256,1769600
linebuf,L553.w9,32,104647733,1758416,1769600
linebuf,L553.w10,32,1581076137,1758576,1769600
linebuf,L553.w11,32,1068539597,1758736,1769600
linebuf,L554.w0,32,668516879,1758896,1772800
linebuf,L554.w1,32,916872603,1759056,1772800
linebuf,L554.w2,32,3906989294,1759216,1772800
linebuf,L554.w3,32,1701704210,1759376,1772800
linebuf,L554.w4,32,1905523659,1759536,1772800
linebuf,L554.w5,32,2191105164,1759696,1772800
linebuf,L554.w6,32,2530783382,1759856,1772800
linebuf,L554.w7,32,1171430217,1760016,1772800
linebuf,L554.w8,32,1830263045,1760176,1772800
linebuf,L554.w9,32,2562569214,1760336,1772800
linebuf,L554.w10,32,3690512761,1760496,1772800
linebuf,L554.w11,32,1451493137,1760656,1772800
linebuf,L555.w0,32,3975363393,1760816,1776000
linebuf,L555.w1,32,2070035236,1760976,1776000
linebuf,L555.w2,32,3866920479,1761136,1776000
linebuf,L555.w3,32,1463213706,1761296,1776000
linebuf,L555.w4,32,348446903,1761456,1776000
linebuf,L555.w5,32,2543467063,1761616,1776000
linebuf,L555.w6,32,2623780027,1761776,1776000
linebuf,L555.w7,32,235379425,1761936,1776000
linebuf,L555.w8,32,3337022982,1762096,1776000
linebuf,L555.w9,32,598070335,1762256,1776000
linebuf,L555.w10,32,3940793449,1762416,1776000
linebuf,L555.w11,32,3640773225,1762576,1776000
linebuf,L556.w0,32,2018285000,1765456,1779200
linebuf,L556.w1,32,4070361627,1765616,1779200
linebuf,L556.w2,32,756637388,1765776,1779200
linebuf,L556.w3,32,390130335,1765936,1779200
linebuf,L556.w4,32,35055374,1766096,1779200
linebuf,L556.w5,32,279781473,1766256,1779200
linebuf,L556.w6,32,103417496,1766416,1779200
linebuf,L556.w7,32,787494220,1766576,1779200
linebuf,L556.w8,32,1196464278,1766736,1779200
linebuf,L556.w9,32,834257183,1766896,1779200
linebuf,L556.w10,32,3093682951,1767056,1779200
linebuf,L556.w11,32,1978117560,1767216,1779200
linebuf,L557.w0,32,1727682350,1767376,1782400
linebuf,L557.w1,32,3064976977,1767536,1782400
linebuf,L557.w2,32,2327308944,1767696,1782400
linebuf,L557.w3,32,2195781888,1767856,1782400
linebuf,L557.w4,32,1165383593,1768016,1782400
linebuf,L557.w5,32,2998702850,1768176,1782400
linebuf,L557.w6,32,4180287875,1768336,1782400
linebuf,L557.w7,32,3693504879,1768496,1782400
linebuf,L557.w8,32,3952874991,1768656,1782400
linebuf,L557.w9,32,2926307528,1768816,1782400
linebuf,L557.w10,32,1133954050,1768976,1782400
linebuf,L557.w11,32,2391437598,1769136,1782400
linebuf,L558.w0,32,1650551211,1769296,1785600
linebuf,L558.w1,32,3732457722,1769456,1785600
linebuf,L558.w2,32,452629182,1769616,1785600
linebuf,L558.w3,32,3040005818,1769776,1785600
linebuf,L558.w4,32,1697764255,1769936,1785600
linebuf,L558.w5,32,1990111644,1770096,1785600
linebuf,L558.w6,32,1036856494,1770256,1785600
linebuf,L558.w7,32,305708365,1770416,1785600
linebuf,L558.w8,32,3120832700,1770576,1785600
linebuf,L558.w9,32,3152952082,1770736,1785600
linebuf,L558.w10,32,1343069284,1770896,1785600
linebuf,L558.w11,32,577269232,1771056,1785600
linebuf,L559.w0,32,114030682,1773936,1788800
linebuf,L559.w1,32,2703386056,1774096,1788800
linebuf,L559.w2,32,3035554353,1774256,1788800
linebuf,L559.w3,32,1625899303,1774416,1788800
linebuf,L559.w4,32,2737308621,1774576,1788800
linebuf,L559.w5,32,242056520,1774736,1788800
linebuf,L559.w6,32,1247304959,1774896,1788800
linebuf,L559.w7,32,1481782286,1775056,1788800
linebuf,L559.w8,32,3311603385,1775216,1788800
linebuf,L559.w9,32,2825367425,1775376,1788800
linebuf,L559.w10,32,3711649573,1775536,1788800
linebuf,L559.w11,32,3997273334,1775696,1788800
linebuf,L560.w0,32,3890295934,1775856,1792000
linebuf,L560.w1,32,72514819,1776016,1792000
linebuf,L560.w2,32,2982786974,1776176,1792000
linebuf,L560.w3,32,2666556393,1776336,1792000
linebuf,L560.w4,32,1885993744,1776496,1792000
linebuf,L560.w5,32,1362406906,1776656,1792000
linebuf,L560.w6,32,2511754249,1776816,1792000
linebuf,L560.w7,32,43093525,1776976,1792000
linebuf,L560.w8,32,3272919150,1777136,1792000
linebuf,L560.w9,32,2287619356,1777296,1792000
linebuf,L560.w10,32,1356171898,1777456,1792000
linebuf,L560.w11,32,3949929173,1777616,1792000
linebuf,L561.w0,32,3794038062,1777776,1795200
linebuf,L561.w1,32,3131263544,1777936,1795200
linebuf,L561.w2,32,3378737502,1778096,1795200
linebuf,L561.w3,32,1683777715,1778256,1795200
linebuf,L561.w4,32,2982157044,1778416,1795200
linebuf,L561.w5,32,4057821819,1778576,1795200
linebuf,L561.w6,32,3259891530,1778736,1795200
linebuf,L561.w7,32,3142851362,1778896,1795200
linebuf,L561.w8,32,219864555,1779056,1795200
linebuf,L561.w9,32,2507302681,1779216,1795200
linebuf,L561.w10,32,3491799580,1779376,1795200
linebuf,L561.w11,32,2935966240,1779536,1795200
linebuf,L562.w0,32,2948371168,1782693,1798400
linebuf,L562.w1,32,2964769779,1782853,1798400
linebuf,L562.w2,32,2794780401,1783013,1798400
linebuf,L562.w3,32,418109408,1783173,1798400
linebuf,L562.w4,32,1819072530,1783333,1798400
linebuf,L562.w5,32,1744538304,1783493,1798400
linebuf,L562.w6,32,3160041379,1783653,1798400
linebuf,L562.w7,32,529491982,1783813,1798400
linebuf,L562.w8,32,3683859181,1783973,1798400
linebuf,L562.w9,32,2428543219,1784133,1798400
linebuf,L562.w10,32,4271088141,1784293,1798400
linebuf,L562.w11,32,3784099768,1784453,1798400
linebuf,L563.w0,32,75192293,1784613,1801600
linebuf,L563.w1,32,49423222,1784773,1801600
linebuf,L563.w2,32,3929521804,1784933,1801600
linebuf,L563.w3,32,4012814260,1785093,1801600
linebuf,L563.w4,32,3328881421,1785253,1801600
linebuf,L563.w5,32,2392465728,1785413,1801600
linebuf,L563.w6,32,2558293659,1785573,1801600
linebuf,L563.w7,32,1754302091,1785733,1801600
linebuf,L563.w8,32,3273840443,1785893,1801600
linebuf,L563.w9,32,4175576117,1786053,1801600
linebuf,L563.w10,32,1495674361,1786213,1801600
linebuf,L563.w11,32,754103108,1786373,1801600
linebuf,L564.w0,32,1737324106,1786533,1804800
linebuf,L564.w1,32,3154132190,1786693,1804800
linebuf,L564.w2,32,174402383,1786853,1804800
linebuf,L564.w3,32,614899669,1787013,1804800
linebuf,L564.w4,32,3987463517,1787173,1804800
linebuf,L564.w5,32,4037481850,1787333,1804800
linebuf,L564.w6,32,3467385871,1787493,1804800
linebuf,L564.w7,32,1226304119,1787653,1804800
linebuf,L564.w8,32,2218036151,1787813,1804800
linebuf,L564.w9,32,3011430465,1787973,1804800
linebuf,L564.w10,32,2631124651,1788133,1804800
linebuf,L564.w11,32,1764962055,1788293,1804800
linebuf,L565.w0,32,713778797,1791173,1808000
linebuf,L565.w1,32,3386819354,1791333,1808000
linebuf,L565.w2,32,2449292923,1791493,1808000
linebuf,L565.w3,32,2015038995,1791653,1808000
linebuf,L565.w4,32,3105567842,1791813,1808000
linebuf,L565.w5,32,1261428885,1791973,1808000
linebuf,L565.w6,32,2502995403,1792133,1808000
linebuf,L565.w7,32,3482945358,1792293,1808000
linebuf,L565.w8,32,4195015212,1792453,1808000
linebuf,L565.w9,32,2558118295,1792613,1808000
linebuf,L565.w10,32,1100864427,1792773,1808000
linebuf,L565.w11,32,3183318362,1792933,1808000
linebuf,L566.w0,32,2917779842,1793093,1811200
linebuf,L566.w1,32,149979631,1793253,1811200
linebuf,L566.w2,32,3346179512,1793413,1811200
linebuf,L566.w3,32,3787593989,1793573,1811200
linebuf,L566.w4,32,1678452546,1793733,1811200
linebuf,L566.w5,32,2315373088,1793893,1811200
linebuf,L566.w6,32,4038365642,1794053,1811200
linebuf,L566.w7,32,2548642393,1794213,1811200
linebuf,L566.w8,32,1769630066,1794373,1811200
linebuf,L566.w9,32,3922724728,1794533,1811200
linebuf,L566.w10,32,629043245,1794693,1811200
linebuf,L566.w11,32,1391544448,1794853,1811200
linebuf,L567.w0,32,731818226,1795013,1814400
linebuf,L567.w1,32,1946633563,1795173,1814400
linebuf,L567.w2,32,1688444768,1795333,1814400
linebuf,L567.w3,32,2479887169,1795493,1814400
linebuf,L567.w4,32,4238934553,1795653,1814400
linebuf,L567.w5,32,3976947654,1795813,1814400
linebuf,L567.w6,32,3929535336,1795973,1814400
linebuf,L567.w7,32,2388726221,1796133,1814400
linebuf,L567.w8,32,3863770094,1796293,1814400
linebuf,L567.w9,32,4152911326,1796453,1814400
linebuf,L567.w10,32,2848311279,1796613,1814400
linebuf,L567.w11,32,539490673,1796773,1814400
linebuf,L568.w0,32,2758832159,1801326,1817600
linebuf,L568.w1,32,339639104,1801486,1817600
linebuf,L568.w2,32,2599201274,1801646,1817600
linebuf,L568.w3,32,2526792559,1801806,1817600
linebuf,L568.w4,32,4100526161,1801966,1817600
linebuf,L568.w5,32,2645538593,1802126,1817600
linebuf,L568.w6,32,1687609388,1802286,1817600
linebuf,L568.w7,32,1118829361,1802446,1817600
linebuf,L568.w8,32,1682881943,1802606,1817600
linebuf,L568.w9,32,2100988825,1802766,1817600
linebuf,L568.w10,32,3131995282,1802926,1817600
linebuf,L568.w11,32,143972128,1803086,1817600
linebuf,L569.w0,32,3452205635,1803246,1820800
linebuf,L569.w1,32,2689788142,1803406,1820800
linebuf,L569.w2,32,3175378807,1803566,1820800
linebuf,L569.w3,32,1248415859,1803726,1820800
linebuf,L569.w4,32,685421465,1803886,1820800
linebuf,L569.w5,32,3617576288,1804046,1820800
linebuf,L569.w6,32,2721193048,1804206,1820800
linebuf,L569.w7,32,4020255922,1804366,1820800
linebuf,L569.w8,32,1154636536,1804526,1820800
linebuf,L569.w9,32,1667381941,1804686,1820800
linebuf,L569.w10,32,1177545959,1804846,1820800
linebuf,L569.w11,32,536185422,1805006,1820800
linebuf,L570.w0,32,1097142610,1805166,1824000
linebuf,L570.w1,32,4146772631,1805326,1824000
linebuf,L570.w2,32,37882455,1805486,1824000
linebuf,L570.w3,32,4167241155,1805646,1824000
linebuf,L570.w4,32,513646690,1805806,1824000
linebuf,L570.w5,32,3580007276,1805966,1824000
linebuf,L570.w6,32,2885382288,1806126,1824000
linebuf,L570.w7,32,3967835706,1806286,1824000
linebuf,L570.w8,32,3418444799,1806446,1824000
linebuf,L570.w9,32,3615824420,1806606,1824000
linebuf,L570.w10,32,458984258,1806766,1824000
linebuf,L570.w11,32,2009878250,1806926,1824000
linebuf,L571.w0,32,2000714343,1809806,1827200
linebuf,L571.w1,32,1034457690,1809966,1827200
linebuf,L571.w2,32,3360632397,1810126,1827200
linebuf,L571.w3,32,1020699787,1810286,1827200
linebuf,L571.w4,32,178348190,1810446,1827200
linebuf,L571.w5,32,965656444,1810606,1827200
linebuf,L571.w6,32,343305521,1810766,1827200
linebuf,L571.w7,32,465069706,1810926,1827200
linebuf,L571.w8,32,3498445162,1811086,1827200
linebuf,L571.w9,32,4001568868,1811246,1827200
linebuf,L571.w10,32,414534184,1811406,1827200
linebuf,L571.w11,32,3126025994,1811566,1827200
linebuf,L572.w0,32,160819615,1811726,1830400
linebuf,L572.w1,32,2486935807,1811886,1830400
linebuf,L572.w2,32,2824210004,1812046,1830400
linebuf,L572.w3,32,489808093,1812206,1830400
linebuf,L572.w4,32,188210503,1812366,1830400
linebuf,L572.w5,32,1083411877,1812526,1830400
linebuf,L572.w6,32,1782162645,1812686,1830400
linebuf,L572.w7,32,629393836,1812846,1830400
linebuf,L572.w8,32,3501006861,1813006,1830400
linebuf,L572.w9,32,1489526284,1813166,1830400
linebuf,L572.w10,32,489817322,1813326,1830400
linebuf,L572.w11,32,214791095,1813486,1830400
linebuf,L573.w0,32,3619047972,1813646,1833600
linebuf,L573.w1,32,3426822993,1813806,1833600
linebuf,L573.w2,32,3908941493,1813966,1833600
linebuf,L573.w3,32,1673010854,1814126,1833600
linebuf,L573.w4,32,4187853519,1814286,1833600
linebuf,L573.w5,32,3410459378,1814446,1833600
linebuf,L573.w6,32,2637730145,1814606,1833600
linebuf,L573.w7,32,2680593848,1814766,1833600
linebuf,L573.w8,32,3527627778,1814926,1833600
linebuf,L573.w9,32,959877590,1815086,1833600
linebuf,L573.w10,32,683895533,1815246,1833600
linebuf,L573.w11,32,2303405297,1815406,1833600
linebuf,L574.w0,32,3759778610,1819818,1836800
linebuf,L574.w1,32,4226645229,1819978,1836800
linebuf,L574.w2,32,3717418536,1820138,1836800
linebuf,L574.w3,32,4057074270,1820298,1836800
linebuf,L574.w4,32,736997396,1820458,1836800
linebuf,L574.w5,32,1513009824,1820618,1836800
linebuf,L574.w6,32,3559313780,1820778,1836800
linebuf,L574.w7,32,2597373961,1820938,1836800
linebuf,L574.w8,32,1709615394,1821098,1836800
linebuf,L574.w9,32,3550789126,1821258,1836800
linebuf,L574.w10,32,2201073866,1821418,1836800
linebuf,L574.w11,32,3398949851,1821578,1836800
linebuf,L575.w0,32,3424167779,1821738,1840000
linebuf,L575.w1,32,2427070779,1821898,1840000
linebuf,L575.w2,32,2870126790,1822058,1840000
linebuf,L575.w3,32,736050657,1822218,1840000
linebuf,L575.w4,32,1400060001,1822378,1840000
linebuf,L575.w5,32,2276817142,1822538,1840000
linebuf,L575.w6,32,3676342649,1822698,1840000
linebuf,L575.w7,32,302635335,1822858,1840000
linebuf,L575.w8,32,3997631563,1823018,1840000
linebuf,L575.w9,32,2701388361,1823178,1840000
linebuf,L575.w10,32,3472688225,1823338,1840000
linebuf,L575.w11,32,3227708939,1823498,1840000
linebuf,L576.w0,32,213875734,1823658,1843200
linebuf,L576.w1,32,4106857013,1823818,1843200
linebuf,L576.w2,32,65172097,1823978,1843200
linebuf,L576.w3,32,3471073845,1824138,1843200
linebuf,L576.w4,32,2471695003,1824298,1843200
linebuf,L576.w5,32,1279523452,1824458,1843200
linebuf,L576.w6,32,427031903,1824618,1843200
linebuf,L576.w7,32,1935271249,1824778,1843200
linebuf,L576.w8,32,374184287,1824938,1843200
linebuf,L576.w9,32,2826345,1825098,1843200
linebuf,L576.w10,32,3741819651,1825258,1843200
linebuf,L576.w11,32,2846469904,1825418,1843200
linebuf,L577.w0,32,1207615978,1834684,1846400
linebuf,L577.w1,32,2356824539,1834844,1846400
linebuf,L577.w2,32,1309935746,1835004,1846400
linebuf,L577.w3,32,2539971676,1835164,1846400
linebuf,L577.w4,32,4005237860,1835324,1846400
linebuf,L577.w5,32,2672199107,1835484,1846400
linebuf,L577.w6,32,4066169962,1835644,1846400
linebuf,L577.w7,32,3256779854,1835804,1846400
linebuf,L577.w8,32,3369744396,1835964,1846400
linebuf,L577.w9,32,1092787732,1836124,1846400
linebuf,L577.w10,32,1969818431,1836284,1846400
linebuf,L577.w11,32,1645922852,1836444,1846400
linebuf,L578.w0,32,503516917,1836604,1849600
linebuf,L578.w1,32,3489250306,1836764,1849600
linebuf,L578.w2,32,4139521441,1836924,1849600
linebuf,L578.w3,32,2770186552,1837084,1849600
linebuf,L578.w4,32,959797710,1837244,1849600
linebuf,L578.w5,32,1314912921,1837404,1849600
linebuf,L578.w6,32,2753772299,1837564,1849600
linebuf,L578.w7,32,2858213737,1837724,1849600
linebuf,L578.w8,32,3343551621,1837884,1849600
linebuf,L578.w9,32,539562209,1838044,1849600
linebuf,L578.w10,32,2189173905,1838204,1849600
linebuf,L578.w11,32,2153852378,1838364,1849600
linebuf,L579.w0,32,3803208533,1838524,1852800
linebuf,L579.w1,32,3200497381,1838684,1852800
linebuf,L579.w2,32,4032607514,1838844,1852800
linebuf,L579.w3,32,103506877,1839004,1852800
linebuf,L579.w4,32,1572115048,1839164,1852800
linebuf,L579.w5,32,3744435727,1839324,1852800
linebuf,L579.w6,32,3046842863,1839484,1852800
linebuf,L579.w7,32,1916920933,1839644,1852800
linebuf,L579.w8,32,405459839,1839804,1852800
linebuf,L579.w9,32,4265924958,1839964,1852800
linebuf,L579.w10,32,1850780034,1840124,1852800
linebuf,L579.w11,32,3485727870,1840284,1852800
linebuf,L580.w0,32,1180189795,1843164,1856000
linebuf,L580.w1,32,488939445,1843324,1856000
linebuf,L580.w2,32,1603010022,1843484,1856000
linebuf,L580.w3,32,1083936183,1843644,1856000
linebuf,L580.w4,32,3261885610,1843804,1856000
linebuf,L580.w5,32,3530336257,1843964,1856000
linebuf,L580.w6,32,906386977,1844124,1856000
linebuf,L580.w7,32,1410863207,1844284,1856000
linebuf,L580.w8,32,3961390528,1844444,1856000
linebuf,L580.w9,32,2664942391,1844604,1856000
linebuf,L580.w10,32,605029613,1844764,1856000
linebuf,L580.w11,32,2397479645,1844924,1856000
linebuf,L581.w0,32,957653229,1845084,1859200
linebuf,L581.w1,32,4038016950,1845244,1859200
linebuf,L581.w2,32,2638805436,1845404,1859200
linebuf,L581.w3,32,31933668,1845564,1859200
linebuf,L581.w4,32,988147960,1845724,1859200
linebuf,L581.w5,32,3040830816,1845884,1859200
linebuf,L581.w6,32,3607593510,1846044,1859200
linebuf,L581.w7,32,2072285395,1846204,1859200
linebuf,L581.w8,32,1541155812,1846364,1859200
linebuf,L581.w9,32,2753717873,1846524,1859200
linebuf,L581.w10,32,546507665,1846684,1859200
linebuf,L581.w11,32,1754085591,1846844,1859200
linebuf,L582.w0,32,2873489473,1847004,1862400
linebuf,L582.w1,32,1473097029,1847164,1862400
linebuf,L582.w2,32,1835830488,1847324,1862400
linebuf,L582.w3,32,3865639070,1847484,1862400
linebuf,L582.w4,32,2679655326,1847644,1862400
linebuf,L582.w5,32,1889743626,1847804,1862400
linebuf,L582.w6,32,480764690,1847964,1862400
linebuf,L582.w7,32,1075145357,1848124,1862400
linebuf,L582.w8,32,227706918,1848284,1862400
linebuf,L582.w9,32,2265020409,1848444,1862400
linebuf,L582.w10,32,1268451333,1848604,1862400
linebuf,L582.w11,32,3081598167,1848764,1862400
linebuf,L583.w0,32,855001359,1851644,1865600
linebuf,L583.w1,32,4196204516,1851804,1865600
linebuf,L583.w2,32,894266550,1851964,1865600
linebuf,L583.w3,32,985257463,1852124,1865600
linebuf,L583.w4,32,3591274185,1852284,1865600
linebuf,L583.w5,32,3159686889,1852444,1865600
linebuf,L583.w6,32,1039567982,1852604,1865600
linebuf,L583.w7,32,1615535699,1852764,1865600
linebuf,L583.w8,32,1490431946,1852924,1865600
linebuf,L583.w9,32,1101330286,1853084,1865600
linebuf,L583.w10,32,3742187208,1853244,1865600
linebuf,L583.w11,32,6446045,1853404,1865600
linebuf,L584.w0,32,4285949689,1853564,1868800
linebuf,L584.w1,32,2113881137,1853724,1868800
linebuf,L584.w2,32,3316747740,1853884,1868800
linebuf,L584.w3,32,2176723770,1854044,1868800
linebuf,L584.w4,32,603571163,1854204,1868800
linebuf,L584.w5,32,1837063542,1854364,1868800
linebuf,L584.w6,32,3284332659,1854524,1868800
linebuf,L584.w7,32,2077661503,1854684,1868800
linebuf,L584.w8,32,388396722,1854844,1868800
linebuf,L584.w9,32,2218143327,1855004,1868800
linebuf,L584.w10,32,3433904700,1855164,1868800
linebuf,L584.w11,32,3575567185,1855324,1868800
linebuf,L585.w0,32,1185457436,1855484,1872000
linebuf,L585.w1,32,429298381,1855644,1872000
linebuf,L585.w2,32,941658875,1855804,1872000
linebuf,L585.w3,32,465777380,1855964,1872000
linebuf,L585.w4,32,1830238865,1856124,1872000
linebuf,L585.w5,32,1739711487,1856284,1872000
linebuf,L585.w6,32,610772803,1856444,1872000
linebuf,L585.w7,32,492752003,1856604,1872000
linebuf,L585.w8,32,2864178280,1856764,1872000
linebuf,L585.w9,32,1888131585,1856924,1872000
linebuf,L585.w10,32,3535312910,1857084,1872000
linebuf,L585.w11,32,2224865647,1857244,1872000
linebuf,L586.w0,32,3424923340,1860124,1875200
linebuf,L586.w1,32,929551007,1860284,1875200
linebuf,L586.w2,32,692641983,1860444,1875200
linebuf,L586.w3,32,925140331,1860604,1875200
linebuf,L586.w4,32,1170564807,1860764,1875200
linebuf,L586.w5,32,1570653191,1860924,1875200
linebuf,L586.w6,32,3596597027,1861084,1875200
linebuf,L586.w7,32,3020729164,1861244,1875200
linebuf,L586.w8,32,1402418892,1861404,1875200
linebuf,L586.w9,32,1491826404,1861564,1875200
linebuf,L586.w10,32,3208084021,1861724,1875200
linebuf,L586.w11,32,1081596211,1861884,1875200
linebuf,L587.w0,32,2434742790,1862044,1878400
linebuf,L587.w1,32,3241947007,1862204,1878400
linebuf,L587.w2,32,641382523,1862364,1878400
linebuf,L587.w3,32,133286801,1862524,1878400
linebuf,L587.w4,32,950612180,1862684,1878400
linebuf,L587.w5,32,1104919859,1862844,1878400
linebuf,L587.w6,32,3965448055,1863004,1878400
linebuf,L587.w7,32,2070827204,1863164,1878400
linebuf,L587.w8,32,3873759539,1863324,1878400
linebuf,L587.w9,32,3353501401,1863484,1878400
linebuf,L587.w10,32,2559633817,1863644,1878400
linebuf,L587.w11,32,2302027124,1863804,1878400
linebuf,L588.w0,32,68483839,1863964,1881600
linebuf,L588.w1,32,1468728206,1864124,1881600
linebuf,L588.w2,32,72065189,1864284,1881600
linebuf,L588.w3,32,3905560039,1864444,1881600
linebuf,L588.w4,32,4027555772,1864604,1881600
linebuf,L588.w5,32,3597489463,1864764,1881600
linebuf,L588.w6,32,3430200254,1864924,1881600
linebuf,L588.w7,32,749618097,1865084,1881600
linebuf,L588.w8,32,2997327694,1865244,1881600
linebuf,L588.w9,32,862807815,1865404,1881600
linebuf,L588.w10,32,1114823547,1865564,1881600
linebuf,L588.w11,32,2760603793,1865724,1881600
linebuf,L589.w0,32,313809168,1868604,1884800
linebuf,L589.w1,32,1830280257,1868764,1884800
linebuf,L589.w2,32,2955071174,1868924,1884800
linebuf,L589.w3,32,1585039937,1869084,1884800
linebuf,L589.w4,32,2955766351,1869244,1884800
linebuf,L589.w5,32,4234469726,1869404,1884800
linebuf,L589.w6,32,1590490649,1869564,1884800
linebuf,L589.w7,32,3232992721,1869724,1884800
linebuf,L589.w8,32,3490570886,1869884,1884800
linebuf,L589.w9,32,3291069139,1870044,1884800
linebuf,L589.w10,32,814148517,1870204,1884800
linebuf,L589.w11,32,453288074,1870364,1884800
linebuf,L590.w0,32,4132713909,1870524,1888000
linebuf,L590.w1,32,19575453,1870684,1888000
linebuf,L590.w2,32,4006758049,1870844,1888000
linebuf,L590.w3,32,1684929428,1871004,1888000
linebuf,L590.w4,32,1456231827,1871164,1888000
linebuf,L590.w5,32,2461762867,1871324,1888000
linebuf,L590.w6,32,1416393230,1871484,1888000
linebuf,L590.w7,32,2938919415,1871644,1888000
linebuf,L590.w8,32,3414031078,1871804,1888000
linebuf,L590.w9,32,1762586570,1871964,1888000
linebuf,L590.w10,32,1473421788,1872124,1888000
linebuf,L590.w11,32,4293000932,1872284,1888000
linebuf,L591.w0,32,2527738465,1872444,1891200
linebuf,L591.w1,32,3390030530,1872604,1891200
linebuf,L591.w2,32,2968314833,1872764,1891200
linebuf,L591.w3,32,1105230985,1872924,1891200
linebuf,L591.w4,32,4059781499,1873084,1891200
linebuf,L591.w5,32,1728872961,1873244,1891200
linebuf,L591.w6,32,3238345787,1873404,1891200
linebuf,L591.w7,32,2639665571,1873564,1891200
linebuf,L591.w8,32,1184805418,1873724,1891200
linebuf,L591.w9,32,3320849609,1873884,1891200
linebuf,L591.w10,32,1517242283,1874044,1891200
linebuf,L591.w11,32,2634078542,1874204,1891200
