kernel,loc,width,value,t_def,t_last
linebuf,L40.w0,32,3639700191,82624,127848
linebuf,L40.w1,32,3445702192,82784,127851
linebuf,L40.w2,32,3280387012,82944,127855
linebuf,L40.w3,32,271041745,83104,127859
linebuf,L40.w4,32,1095513148,83264,127863
linebuf,L40.w5,32,506456969,83424,127867
linebuf,L40.w6,32,2127877499,83584,127870
linebuf,L40.w7,32,3268308804,83744,127874
linebuf,L40.w8,32,1930549411,83904,127878
linebuf,L40.w9,32,2028277857,84064,127882
linebuf,L40.w10,32,2798570523,84224,127885
linebuf,L40.w11,32,1630434966,84384,127889
linebuf,L41.w0,32,3387541014,84544,131048
linebuf,L41.w1,32,901749037,84704,131051
linebuf,L41.w2,32,403123852,84864,131055
linebuf,L41.w3,32,2095328386,85024,131059
linebuf,L41.w4,32,121751464,85184,131063
linebuf,L41.w5,32,3836767462,85344,131067
linebuf,L41.w6,32,3589583794,85504,131070
linebuf,L41.w7,32,1674216077,85664,131074
linebuf,L41.w8,32,1858720390,85824,131078
linebuf,L41.w9,32,2608926326,85984,131082
linebuf,L41.w10,32,3273968005,86144,131085
linebuf,L41.w11,32,3294916953,86304,131089
linebuf,L42.w0,32,9045414,86464,134248
linebuf,L42.w1,32,2988579416,86624,134251
linebuf,L42.w2,32,1912923437,86784,134255
linebuf,L42.w3,32,1143881027,86944,134259
linebuf,L42.w4,32,3098990846,87104,134263
linebuf,L42.w5,32,3443818037,87264,134267
linebuf,L42.w6,32,982526257,87424,134270
linebuf,L42.w7,32,2538984641,87584,134274
linebuf,L42.w8,32,4059906722,87744,134278
linebuf,L42.w9,32,439062303,87904,134282
linebuf,L42.w10,32,3871601465,88064,134285
linebuf,L42.w11,32,1363349907,88224,134289
linebuf,L43.w0,32,131383004,88384,137448
linebuf,L43.w1,32,95872739,88544,137451
linebuf,L43.w2,32,109289145,88704,137455
linebuf,L43.w3,32,2789779421,88864,137459
linebuf,L43.w4,32,2325348894,89024,137463
linebuf,L43.w5,32,39534911,89184,137467
linebuf,L43.w6,32,4033614922,89344,137470
linebuf,L43.w7,32,3784870617,89504,137474
linebuf,L43.w8,32,1637259727,89664,137478
linebuf,L43.w9,32,2948425721,89824,137482
linebuf,L43.w10,32,930287327,89984,137485
linebuf,L43.w11,32,4161997890,90144,137489
linebuf,L44.w0,32,1812976885,90304,140648
linebuf,L44.w1,32,3117513184,90464,140651
linebuf,L44.w2,32,124729223,90624,140655
linebuf,L44.w3,32,2266151100,90784,140659
linebuf,L44.w4,32,952158461,90944,140663
linebuf,L44.w5,32,3280070799,91104,140667
linebuf,L44.w6,32,1880712864,91264,140670
linebuf,L44.w7,32,4033691631,91424,140674
linebuf,L44.w8,32,2129497364,91584,140678
linebuf,L44.w9,32,2374513802,91744,140682
linebuf,L44.w10,32,1001090105,91904,140685
linebuf,L44.w11,32,1484771968,92064,140689
linebuf,L45.w0,32,991564255,92224,143848
linebuf,L45.w1,32,2907042365,92384,143851
linebuf,L45.w2,32,939657385,92544,143855
linebuf,L45.w3,32,3268245658,92704,143859
linebuf,L45.w4,32,1973981844,92864,143863
linebuf,L45.w5,32,4089858807,93024,143867
linebuf,L45.w6,32,1244602538,93184,143870
linebuf,L45.w7,32,3979315673,93344,143874
linebuf,L45.w8,32,92297589,93504,143878
linebuf,L45.w9,32,1787479226,93664,143882
linebuf,L45.w10,32,3597370014,93824,143885
linebuf,L45.w11,32,3935348976,93984,143889
linebuf,L46.w0,32,2389953095,94144,147048
linebuf,L46.w1,32,3960769716,94304,147051
linebuf,L46.w2,32,2758633299,94464,147055
linebuf,L46.w3,32,429497919,94624,147059
linebuf,L46.w4,32,798461319,94784,147063
linebuf,L46.w5,32,2703050138,94944,147067
linebuf,L46.w6,32,4262941488,95104,147070
linebuf,L46.w7,32,3108005869,95264,147074
linebuf,L46.w8,32,3693442237,95424,147078
linebuf,L46.w9,32,1272987056,95584,147082
linebuf,L46.w10,32,519218416,95744,147085
linebuf,L46.w11,32,3191790602,95904,147089
linebuf,L47.w0,32,1428914934,96064,150248
linebuf,L47.w1,32,3846467028,96224,150251
linebuf,L47.w2,32,3098751912,96384,150255
linebuf,L47.w3,32,4180086606,96544,150259
linebuf,L47.w4,32,3054545399,96704,150263
linebuf,L47.w5,32,2150918326,96864,150267
linebuf,L47.w6,32,4021981692,97024,150270
linebuf,L47.w7,32,4154136494,97184,150274
linebuf,L47.w8,32,1812935769,97344,150278
linebuf,L47.w9,32,2180628982,97504,150282
linebuf,L47.w10,32,3564976141,97664,150285
linebuf,L47.w11,32,3909215068,97824,150289
linebuf,L48.w0,32,2878940490,97984,153448
linebuf,L48.w1,32,815398389,98144,153451
linebuf,L48.w2,32,1302957853,98304,153455
linebuf,L48.w3,32,1220455187,98464,153459
linebuf,L48.w4,32,2523639457,98624,153463
linebuf,L48.w5,32,4180941928,98784,153467
linebuf,L48.w6,32,3790218436,98944,153470
linebuf,L48.w7,32,2144743702,99104,153474
linebuf,L48.w8,32,3634390239,99264,153478
linebuf,L48.w9,32,4041192613,99424,153482
linebuf,L48.w10,32,2170177477,99584,153485
linebuf,L48.w11,32,1689440956,99744,153489
linebuf,L49.w0,32,2529745433,99904,156648
linebuf,L49.w1,32,3664843848,100064,156651
linebuf,L49.w2,32,148287319,100224,156655
linebuf,L49.w3,32,2062559164,100384,156659
linebuf,L49.w4,32,1042560227,100544,156663
linebuf,L49.w5,32,3194298828,100704,156667
linebuf,L49.w6,32,3424825176,100864,156670
linebuf,L49.w7,32,1736404157,101024,156674
linebuf,L49.w8,32,1779465077,101184,156678
linebuf,L49.w9,32,2855051695,101344,156682
linebuf,L49.w10,32,743061144,101504,156685
linebuf,L49.w11,32,1576784849,101664,156689
linebuf,L50.w0,32,2357072719,101824,159848
linebuf,L50.w1,32,3791305175,101984,159851
linebuf,L50.w2,32,3019537063,102144,159855
linebuf,L50.w3,32,3332197336,102304,159859
linebuf,L50.w4,32,2896894571,102464,159863
linebuf,L50.w5,32,3170611280,102624,159867
linebuf,L50.w6,32,1609337231,102784,159870
linebuf,L50.w7,32,371375481,102944,159874
linebuf,L50.w8,32,1885325846,103104,159878
linebuf,L50.w9,32,2850818054,103264,159882
linebuf,L50.w10,32,2183675157,103424,159885
linebuf,L50.w11,32,463561237,103584,159889
linebuf,L51.w0,32,3343385571,103744,163048
linebuf,L51.w1,32,703078820,103904,163051
linebuf,L51.w2,32,2237413444,104064,163055
linebuf,L51.w3,32,3607564414,104224,163059
linebuf,L51.w4,32,1689017785,104384,163063
linebuf,L51.w5,32,1591382744,104544,163067
linebuf,L51.w6,32,2103217660,104704,163070
linebuf,L51.w7,32,3147205187,104864,163074
linebuf,L51.w8,32,127023494,105024,163078
linebuf,L51.w9,32,2015714664,105184,163082
linebuf,L51.w10,32,186776492,105344,163085
linebuf,L51.w11,32,1325123798,105504,163089
linebuf,L52.w0,32,3021003068,105664,166248
linebuf,L52.w1,32,3643427490,105824,166251
linebuf,L52.w2,32,4222759099,105984,166255
linebuf,L52.w3,32,2640591909,106144,166259
linebuf,L52.w4,32,2547704717,106304,166263
linebuf,L52.w5,32,2483246605,106464,166267
linebuf,L52.w6,32,1690497763,106624,166270
linebuf,L52.w7,32,2779514584,106784,166274
linebuf,L52.w8,32,731644238,106944,166278
linebuf,L52.w9,32,724106992,107104,166282
linebuf,L52.w10,32,2157098196,107264,166285
linebuf,L52.w11,32,974688455,107424,166289
linebuf,L53.w0,32,4217987067,107584,169448
linebuf,L53.w1,32,52834893,107744,169451
linebuf,L53.w2,32,3309371709,107904,169455
linebuf,L53.w3,32,856916273,108064,169459
linebuf,L53.w4,32,2317639275,108224,169463
linebuf,L53.w5,32,3951741134,108384,169467
linebuf,L53.w6,32,3694916452,108544,169470
linebuf,L53.w7,32,2355095800,108704,169474
linebuf,L53.w8,32,997188871,108864,169478
linebuf,L53.w9,32,1737120419,109024,169482
linebuf,L53.w10,32,2206632489,109184,169485
linebuf,L53.w11,32,1476720930,109344,169489
linebuf,L54.w0,32,4090816273,109504,172648
linebuf,L54.w1,32,3639817240,109664,172651
linebuf,L54.w2,32,2481609806,109824,172655
linebuf,L54.w3,32,1517300986,109984,172659
linebuf,L54.w4,32,1971955755,110144,172663
linebuf,L54.w5,32,3907368033,110304,172667
linebuf,L54.w6,32,1156546539,110464,172670
linebuf,L54.w7,32,2831306050,110624,172674
linebuf,L54.w8,32,2353626216,110784,172678
linebuf,L54.w9,32,2615398091,110944,172682
linebuf,L54.w10,32,4110783109,111104,172685
linebuf,L54.w11,32,3132749951,111264,172689
linebuf,L55.w0,32,24520513,111424,175848
linebuf,L55.w1,32,1647934407,111584,175851
linebuf,L55.w2,32,3365773595,111744,175855
linebuf,L55.w3,32,3680568455,111904,175859
linebuf,L55.w4,32,3523960153,112064,175863
linebuf,L55.w5,32,4100174647,112224,175867
linebuf,L55.w6,32,3806112311,112384,175870
linebuf,L55.w7,32,4030651559,112544,175874
linebuf,L55.w8,32,3180437943,112704,175878
linebuf,L55.w9,32,2201170456,112864,175882
linebuf,L55.w10,32,3475229416,113024,175885
linebuf,L55.w11,32,555122063,113184,175889
linebuf,L56.w0,32,2227706265,113344,179048
linebuf,L56.w1,32,3338895465,113504,179051
linebuf,L56.w2,32,2411013676,113664,179055
linebuf,L56.w3,32,882552464,113824,179059
linebuf,L56.w4,32,1830045531,113984,179063
linebuf,L56.w5,32,4079013207,114144,179067
linebuf,L56.w6,32,241047738,114304,179070
linebuf,L56.w7,32,2066316555,114464,179074
linebuf,L56.w8,32,3736665164,114624,179078
linebuf,L56.w9,32,1566529388,114784,179082
linebuf,L56.w10,32,2448128506,114944,179085
linebuf,L56.w11,32,2381134998,115104,179089
linebuf,L57.w0,32,858303752,115264,182248
linebuf,L57.w1,32,4041622260,115424,182251
linebuf,L57.w2,32,2167757907,115584,182255
linebuf,L57.w3,32,1775539677,115744,182259
linebuf,L57.w4,32,2082737481,115904,182263
linebuf,L57.w5,32,3493318143,116064,182267
linebuf,L57.w6,32,1532401219,116224,182270
linebuf,L57.w7,32,1779939759,116384,182274
linebuf,L57.w8,32,1486393352,116544,182278
linebuf,L57.w9,32,6806440,116704,182282
linebuf,L57.w10,32,2312748802,116864,182285
linebuf,L57.w11,32,2319752894,117024,182289
linebuf,L58.w0,32,2677866793,117184,185448
linebuf,L58.w1,32,3377752899,117344,185451
linebuf,L58.w2,32,2630463310,117504,185455
linebuf,L58.w3,32,1422224538,117664,185459
linebuf,L58.w4,32,1967725507,117824,185463
linebuf,L58.w5,32,2576358404,117984,185467
linebuf,L58.w6,32,120151618,118144,185470
linebuf,L58.w7,32,3455599620,118304,185474
linebuf,L58.w8,32,986146092,118464,185478
linebuf,L58.w9,32,2728898079,118624,185482
linebuf,L58.w10,32,761116571,118784,185485
linebuf,L58.w11,32,2365480145,118944,185489
linebuf,L59.w0,32,2510240337,119104,188648
linebuf,L59.w1,32,776461326,119264,188651
linebuf,L59.w2,32,3698004907,119424,188655
linebuf,L59.w3,32,393425036,119584,188659
linebuf,L59.w4,32,3429269143,119744,188663
linebuf,L59.w5,32,2366652115,119904,188667
linebuf,L59.w6,32,3423507950,120064,188670
linebuf,L59.w7,32,3656194019,120224,188674
linebuf,L59.w8,32,3506571797,120384,188678
linebuf,L59.w9,32,3998399926,120544,188682
linebuf,L59.w10,32,1096479553,120704,188685
linebuf,L59.w11,32,139410902,120864,188689
linebuf,L60.w0,32,2891000577,139550,191848
linebuf,L60.w1,32,302595366,139710,191851
linebuf,L60.w2,32,357487890,139870,191855
linebuf,L60.w3,32,3728367029,140030,191859
linebuf,L60.w4,32,71685718,140190,191863
linebuf,L60.w5,32,1945614990,140350,191867
linebuf,L60.w6,32,62534619,140510,191870
linebuf,L60.w7,32,3239029312,140670,191874
linebuf,L60.w8,32,3245220484,140830,191878
linebuf,L60.w9,32,1207730538,140990,191882
linebuf,L60.w10,32,1071848707,141150,191885
linebuf,L60.w11,32,1153807478,141310,191889
linebuf,L61.w0,32,470250062,141470,195048
linebuf,L61.w1,32,3424324670,141630,195051
linebuf,L61.w2,32,2683504527,141790,195055
linebuf,L61.w3,32,792894693,141950,195059
linebuf,L61.w4,32,1479284937,142110,195063
linebuf,L61.w5,32,1246761692,142270,195067
linebuf,L61.w6,32,298566280,142430,195070
linebuf,L61.w7,32,719279514,142590,195074
linebuf,L61.w8,32,685586411,142750,195078
linebuf,L61.w9,32,1096144879,142910,195082
linebuf,L61.w10,32,2265081540,143070,195085
linebuf,L61.w11,32,4088626994,143230,195089
linebuf,L62.w0,32,722177042,143390,198248
linebuf,L62.w1,32,2820318218,143550,198251
linebuf,L62.w2,32,1172158589,143710,198255
linebuf,L62.w3,32,2784009827,143870,198259
linebuf,L62.w4,32,3056255486,144030,198263
linebuf,L62.w5,32,1264836847,144190,198267
linebuf,L62.w6,32,1952928634,144350,198270
linebuf,L62.w7,32,3017753764,144510,198274
linebuf,L62.w8,32,1382987043,144670,198278
linebuf,L62.w9,32,2132424030,144830,198282
linebuf,L62.w10,32,2034831019,144990,198285
linebuf,L62.w11,32,490445119,145150,198289
linebuf,L63.w0,32,101509731,145310,201448
linebuf,L63.w1,32,1340050970,145470,201451
linebuf,L63.w2,32,1660250124,145630,201455
linebuf,L63.w3,32,1474644684,145790,201459
linebuf,L63.w4,32,1807831941,145950,201463
linebuf,L63.w5,32,3419665888,146110,201467
linebuf,L63.w6,32,807622668,146270,201470
linebuf,L63.w7,32,1109909025,146430,201474
linebuf,L63.w8,32,467127923,146590,201478
linebuf,L63.w9,32,1088594442,146750,201482
linebuf,L63.w10,32,3864691017,146910,201485
linebuf,L63.w11,32,3135979941,147070,201489
linebuf,L64.w0,32,2190931434,147230,204648
linebuf,L64.w1,32,4195058968,147390,204651
linebuf,L64.w2,32,898038951,147550,204655
linebuf,L64.w3,32,4147063736,147710,204659
linebuf,L64.w4,32,2601241110,147870,204663
linebuf,L64.w5,32,1853946440,148030,204667
linebuf,L64.w6,32,3509158628,148190,204670
linebuf,L64.w7,32,4189970085,148350,204674
linebuf,L64.w8,32,89413096,148510,204678
linebuf,L64.w9,32,967974037,148670,204682
linebuf,L64.w10,32,76727541,148830,204685
linebuf,L64.w11,32,1706456525,148990,204689
linebuf,L65.w0,32,629048404,149150,207848
linebuf,L65.w1,32,151724219,149310,207851
linebuf,L65.w2,32,3087374825,149470,207855
linebuf,L65.w3,32,4122710408,149630,207859
linebuf,L65.w4,32,688172268,149790,207863
linebuf,L65.w5,32,1914131695,149950,207867
linebuf,L65.w6,32,3026258124,150110,207870
linebuf,L65.w7,32,2174581927,150270,207874
linebuf,L65.w8,32,2912742878,150430,207878
linebuf,L65.w9,32,1832512323,150590,207882
linebuf,L65.w10,32,2339477965,150750,207885
linebuf,L65.w11,32,3574464663,150910,207889
linebuf,L66.w0,32,947468699,151070,211048
linebuf,L66.w1,32,4196080625,151230,211051
linebuf,L66.w2,32,4190146543,151390,211055
linebuf,L66.w3,32,2709144384,151550,211059
linebuf,L66.w4,32,3426571526,151710,211063
linebuf,L66.w5,32,2985220863,151870,211067
linebuf,L66.w6,32,2218778023,152030,211070
linebuf,L66.w7,32,1936364666,152190,211074
linebuf,L66.w8,32,958618560,152350,211078
linebuf,L66.w9,32,2250113772,152510,211082
linebuf,L66.w10,32,2785313879,152670,211085
linebuf,L66.w11,32,131856676,152830,211089
linebuf,L67.w0,32,1696074045,152990,214248
linebuf,L67.w1,32,2898684503,153150,214251
linebuf,L67.w2,32,2473239564,153310,214255
linebuf,L67.w3,32,3450514499,153470,214259
linebuf,L67.w4,32,1379740244,153630,214263
linebuf,L67.w5,32,2833922039,153790,214267
linebuf,L67.w6,32,2709900430,153950,214270
linebuf,L67.w7,32,1830941901,154110,214274
linebuf,L67.w8,32,252480137,154270,214278
linebuf,L67.w9,32,3167329000,154430,214282
linebuf,L67.w10,32,1282502805,154590,214285
linebuf,L67.w11,32,539805736,154750,214289
linebuf,L68.w0,32,4157113076,154910,217448
linebuf,L68.w1,32,911098687,155070,217451
linebuf,L68.w2,32,3760390973,155230,217455
linebuf,L68.w3,32,203753987,155390,217459
linebuf,L68.w4,32,1315920532,155550,217463
linebuf,L68.w5,32,303769600,155710,217467
linebuf,L68.w6,32,3687291312,155870,217470
linebuf,L68.w7,32,328333753,156030,217474
linebuf,L68.w8,32,1333001620,156190,217478
linebuf,L68.w9,32,3939242254,156350,217482
linebuf,L68.w10,32,4034213118,156510,217485
linebuf,L68.w11,32,1279384000,156670,217489
linebuf,L69.w0,32,3194777577,156830,220648
linebuf,L69.w1,32,679495568,156990,220651
linebuf,L69.w2,32,1787446255,157150,220655
linebuf,L69.w3,32,2426401943,157310,220659
linebuf,L69.w4,32,1083869816,157470,220663
linebuf,L69.w5,32,560025634,157630,220667
linebuf,L69.w6,32,36422432,157790,220670
linebuf,L69.w7,32,2408262531,157950,220674
linebuf,L69.w8,32,3774064623,158110,220678
linebuf,L69.w9,32,3652984215,158270,220682
linebuf,L69.w10,32,162850258,158430,220685
linebuf,L69.w11,32,2536538838,158590,220689
linebuf,L70.w0,32,3519356806,158750,223848
linebuf,L70.w1,32,934543371,158910,223851
linebuf,L70.w2,32,4132622344,159070,223855
linebuf,L70.w3,32,3868962345,159230,223859
linebuf,L70.w4,32,2449336412,159390,223863
linebuf,L70.w5,32,1979346392,159550,223867
linebuf,L70.w6,32,736660294,159710,223870
linebuf,L70.w7,32,3555859916,159870,223874
linebuf,L70.w8,32,3727091285,160030,223878
linebuf,L70.w9,32,3736133734,160190,223882
linebuf,L70.w10,32,4182332776,160350,223885
linebuf,L70.w11,32,3350148646,160510,223889
linebuf,L71.w0,32,3023756367,160670,227048
linebuf,L71.w1,32,2675604911,160830,227051
linebuf,L71.w2,32,2185596104,160990,227055
linebuf,L71.w3,32,160732174,161150,227059
linebuf,L71.w4,32,1623363792,161310,227063
linebuf,L71.w5,32,860743485,161470,227067
linebuf,L71.w6,32,1490056820,161630,227070
linebuf,L71.w7,32,425310703,161790,227074
linebuf,L71.w8,32,883740024,161950,227078
linebuf,L71.w9,32,2462659965,162110,227082
linebuf,L71.w10,32,2895465141,162270,227085
linebuf,L71.w11,32,3850720559,162430,227089
linebuf,L72.w0,32,1859506623,162590,230248
linebuf,L72.w1,32,2540083660,162750,230251
linebuf,L72.w2,32,833733246,162910,230255
linebuf,L72.w3,32,2114630381,163070,230259
linebuf,L72.w4,32,448498595,163230,230263
linebuf,L72.w5,32,4028481321,163390,230267
linebuf,L72.w6,32,2860265803,163550,230270
linebuf,L72.w7,32,1675297276,163710,230274
linebuf,L72.w8,32,1271622434,163870,230278
linebuf,L72.w9,32,2165124656,164030,230282
linebuf,L72.w10,32,2146624321,164190,230285
linebuf,L72.w11,32,73874293,164350,230289
linebuf,L73.w0,32,1397348936,164510,233448
linebuf,L73.w1,32,2629071269,164670,233451
linebuf,L73.w2,32,3743585872,164830,233455
linebuf,L73.w3,32,1727971462,164990,233459
linebuf,L73.w4,32,3864088757,165150,233463
linebuf,L73.w5,32,1208396417,165310,233467
linebuf,L73.w6,32,77708772,165470,233470
linebuf,L73.w7,32,674160828,165630,233474
linebuf,L73.w8,32,862657093,165790,233478
linebuf,L73.w9,32,3683092269,165950,233482
linebuf,L73.w10,32,1407635603,166110,233485
linebuf,L73.w11,32,3483815742,166270,233489
linebuf,L74.w0,32,4239346266,166430,236648
linebuf,L74.w1,32,2419529160,166590,236651
linebuf,L74.w2,32,3361672518,166750,236655
linebuf,L74.w3,32,580435377,166910,236659
linebuf,L74.w4,32,1456404716,167070,236663
linebuf,L74.w5,32,1843573563,167230,236667
linebuf,L74.w6,32,914956011,167390,236670
linebuf,L74.w7,32,1144761029,167550,236674
linebuf,L74.w8,32,2896762489,167710,236678
linebuf,L74.w9,32,414056766,167870,236682
linebuf,L74.w10,32,3597898710,168030,236685
linebuf,L74.w11,32,1628796354,168190,236689
linebuf,L75.w0,32,4003714693,168350,239848
linebuf,L75.w1,32,2352037997,168510,239851
linebuf,L75.w2,32,1476823709,168670,239855
linebuf,L75.w3,32,3927509802,168830,239859
linebuf,L75.w4,32,3789849943,168990,239863
linebuf,L75.w5,32,3597862969,169150,239867
linebuf,L75.w6,32,2951115766,169310,239870
linebuf,L75.w7,32,2294930058,169470,239874
linebuf,L75.w8,32,2080906167,169630,239878
linebuf,L75.w9,32,3298325190,169790,239882
linebuf,L75.w10,32,4232725630,169950,239885
linebuf,L75.w11,32,2287157766,170110,239889
linebuf,L76.w0,32,1007773001,170270,243048
linebuf,L76.w1,32,280559138,170430,243051
linebuf,L76.w2,32,3115849269,170590,243055
linebuf,L76.w3,32,173518645,170750,243059
linebuf,L76.w4,32,363698845,170910,243063
linebuf,L76.w5,32,571303723,171070,243067
linebuf,L76.w6,32,728830787,171230,243070
linebuf,L76.w7,32,715337739,171390,243074
linebuf,L76.w8,32,3912662745,171550,243078
linebuf,L76.w9,32,2311588941,171710,243082
linebuf,L76.w10,32,914691435,171870,243085
linebuf,L76.w11,32,1151093922,172030,243089
linebuf,L77.w0,32,3260379189,172190,246248
linebuf,L77.w1,32,1426931933,172350,246251
linebuf,L77.w2,32,2577877284,172510,246255
linebuf,L77.w3,32,2172774477,172670,246259
linebuf,L77.w4,32,3612635264,172830,246263
linebuf,L77.w5,32,1096467456,172990,246267
linebuf,L77.w6,32,1581011820,173150,246270
linebuf,L77.w7,32,1455356473,173310,246274
linebuf,L77.w8,32,1461513966,173470,246278
linebuf,L77.w9,32,489252232,173630,246282
linebuf,L77.w10,32,1250760152,173790,246285
linebuf,L77.w11,32,1010131246,173950,246289
linebuf,L78.w0,32,3725539751,174110,249448
linebuf,L78.w1,32,4054427224,174270,249451
linebuf,L78.w2,32,2594085196,174430,249455
linebuf,L78.w3,32,3348098117,174590,249459
linebuf,L78.w4,32,4098719296,174750,249463
linebuf,L78.w5,32,3071368194,174910,249467
linebuf,L78.w6,32,3810774612,175070,249470
linebuf,L78.w7,32,2099349203,175230,249474
linebuf,L78.w8,32,581306559,175390,249478
linebuf,L78.w9,32,2490896600,175550,249482
linebuf,L78.w10,32,2367259167,175710,249485
linebuf,L78.w11,32,3308212158,175870,249489
linebuf,L79.w0,32,447857711,176030,252648
linebuf,L79.w1,32,1377507497,176190,252651
linebuf,L79.w2,32,168095560,176350,252655
linebuf,L79.w3,32,1746329094,176510,252659
linebuf,L79.w4,32,314363339,176670,252663
linebuf,L79.w5,32,1633076447,176830,252667
linebuf,L79.w6,32,3720164751,176990,252670
linebuf,L79.w7,32,4257314923,177150,252674
linebuf,L79.w8,32,3384934383,177310,252678
linebuf,L79.w9,32,632770586,177470,252682
linebuf,L79.w10,32,3558406063,177630,252685
linebuf,L79.w11,32,536945008,177790,252689
linebuf,L80.w0,32,2642203894,208559,255848
linebuf,L80.w1,32,2522897813,208719,255851
linebuf,L80.w2,32,3358250377,208879,255855
linebuf,L80.w3,32,3977850275,209039,255859
linebuf,L80.w4,32,1623667860,209199,255863
linebuf,L80.w5,32,329216272,209359,255867
linebuf,L80.w6,32,2451487974,209519,255870
linebuf,L80.w7,32,2363412085,209679,255874
linebuf,L80.w8,32,960844627,209839,255878
linebuf,L80.w9,32,2430807682,209999,255882
linebuf,L80.w10,32,351084617,210159,255885
linebuf,L80.w11,32,4089866417,210319,255889
linebuf,L81.w0,32,1145569328,210479,259048
linebuf,L81.w1,32,1567198347,210639,259051
linebuf,L81.w2,32,3825819984,210799,259055
linebuf,L81.w3,32,1269388787,210959,259059
linebuf,L81.w4,32,2424280681,211119,259063
linebuf,L81.w5,32,2294776054,211279,259067
linebuf,L81.w6,32,3973133406,211439,259070
linebuf,L81.w7,32,490983935,211599,259074
linebuf,L81.w8,32,1966103991,211759,259078
linebuf,L81.w9,32,3851552371,211919,259082
linebuf,L81.w10,32,1190490919,212079,259085
linebuf,L81.w11,32,462699772,212239,259089
linebuf,L82.w0,32,3380202246,212399,262248
linebuf,L82.w1,32,196502184,212559,262251
linebuf,L82.w2,32,3555237170,212719,262255
linebuf,L82.w3,32,1270184796,212879,262259
linebuf,L82.w4,32,53179176,213039,262263
linebuf,L82.w5,32,2635722309,213199,262267
linebuf,L82.w6,32,2879396074,213359,262270
linebuf,L82.w7,32,62483857,213519,262274
linebuf,L82.w8,32,393776021,213679,262278
linebuf,L82.w9,32,1776116883,213839,262282
linebuf,L82.w10,32,494361468,213999,262285
linebuf,L82.w11,32,3548158305,214159,262289
linebuf,L83.w0,32,3801304049,214319,265448
linebuf,L83.w1,32,3392501096,214479,265451
linebuf,L83.w2,32,171899776,214639,265455
linebuf,L83.w3,32,807119240,214799,265459
linebuf,L83.w4,32,1029217451,214959,265463
linebuf,L83.w5,32,3373748899,215119,265467
linebuf,L83.w6,32,4244108445,215279,265470
linebuf,L83.w7,32,2520256214,215439,265474
linebuf,L83.w8,32,1808239605,215599,265478
linebuf,L83.w9,32,695869911,215759,265482
linebuf,L83.w10,32,496318619,215919,265485
linebuf,L83.w11,32,1936637777,216079,265489
linebuf,L84.w0,32,718906378,216239,268648
linebuf,L84.w1,32,2924400459,216399,268651
linebuf,L84.w2,32,1036892246,216559,268655
linebuf,L84.w3,32,682662547,216719,268659
linebuf,L84.w4,32,3195483208,216879,268663
linebuf,L84.w5,32,3629328566,217039,268667
linebuf,L84.w6,32,441669301,217199,268670
linebuf,L84.w7,32,1868752442,217359,268674
linebuf,L84.w8,32,3911703368,217519,268678
linebuf,L84.w9,32,4143328296,217679,268682
linebuf,L84.w10,32,1624688486,217839,268685
linebuf,L84.w11,32,3463836858,217999,268689
linebuf,L85.w0,32,4167252312,218159,271848
linebuf,L85.w1,32,2331847027,218319,271851
linebuf,L85.w2,32,3905081881,218479,271855
linebuf,L85.w3,32,3514786964,218639,271859
linebuf,L85.w4,32,1262821667,218799,271863
linebuf,L85.w5,32,2363130019,218959,271867
linebuf,L85.w6,32,1088388250,219119,271870
linebuf,L85.w7,32,3056345742,219279,271874
linebuf,L85.w8,32,2048742764,219439,271878
linebuf,L85.w9,32,1350594305,219599,271882
linebuf,L85.w10,32,430051420,219759,271885
linebuf,L85.w11,32,891697989,219919,271889
linebuf,L86.w0,32,2800534303,220079,275048
linebuf,L86.w1,32,1363292806,220239,275051
linebuf,L86.w2,32,170167551,220399,275055
linebuf,L86.w3,32,117091761,220559,275059
linebuf,L86.w4,32,45123576,220719,275063
linebuf,L86.w5,32,3379537752,220879,275067
linebuf,L86.w6,32,4220164514,221039,275070
linebuf,L86.w7,32,3975437515,221199,275074
linebuf,L86.w8,32,1269376963,221359,275078
linebuf,L86.w9,32,3120223870,221519,275082
linebuf,L86.w10,32,2562251423,221679,275085
linebuf,L86.w11,32,1375468743,221839,275089
linebuf,L87.w0,32,1932067572,221999,278248
linebuf,L87.w1,32,1680487804,222159,278251
linebuf,L87.w2,32,1345531064,222319,278255
linebuf,L87.w3,32,1711781397,222479,278259
linebuf,L87.w4,32,270431723,222639,278263
linebuf,L87.w5,32,275702443,222799,278267
linebuf,L87.w6,32,3922988843,222959,278270
linebuf,L87.w7,32,1363005862,223119,278274
linebuf,L87.w8,32,4165316313,223279,278278
linebuf,L87.w9,32,2583194765,223439,278282
linebuf,L87.w10,32,4165244256,223599,278285
linebuf,L87.w11,32,1957895163,223759,278289
linebuf,L88.w0,32,478297502,223919,281448
linebuf,L88.w1,32,1074011648,224079,281451
linebuf,L88.w2,32,924248042,224239,281455
linebuf,L88.w3,32,3372131799,224399,281459
linebuf,L88.w4,32,2653460321,224559,281463
linebuf,L88.w5,32,3341139351,224719,281467
linebuf,L88.w6,32,4208865581,224879,281470
linebuf,L88.w7,32,3827715231,225039,281474
linebuf,L88.w8,32,2331794414,225199,281478
linebuf,L88.w9,32,3726373069,225359,281482
linebuf,L88.w10,32,2955752708,225519,281485
linebuf,L88.w11,32,2013996505,225679,281489
linebuf,L89.w0,32,2842557228,225839,284648
linebuf,L89.w1,32,1528265272,225999,284651
linebuf,L89.w2,32,1112765886,226159,284655
linebuf,L89.w3,32,786935703,226319,284659
linebuf,L89.w4,32,2326164021,226479,284663
linebuf,L89.w5,32,892652718,226639,284667
linebuf,L89.w6,32,1319934166,226799,284670
linebuf,L89.w7,32,855625789,226959,284674
linebuf,L89.w8,32,1058199182,227119,284678
linebuf,L89.w9,32,1548179323,227279,284682
linebuf,L89.w10,32,349476174,227439,284685
linebuf,L89.w11,32,3521774616,227599,284689
linebuf,L90.w0,32,1205969803,227759,287848
linebuf,L90.w1,32,384033664,227919,287851
linebuf,L90.w2,32,4223570817,228079,287855
linebuf,L90.w3,32,3235341664,228239,287859
linebuf,L90.w4,32,1923725476,228399,287863
linebuf,L90.w5,32,388644882,228559,287867
linebuf,L90.w6,32,2800363905,228719,287870
linebuf,L90.w7,32,2466841223,228879,287874
linebuf,L90.w8,32,2763665761,229039,287878
linebuf,L90.w9,32,1455494761,229199,287882
linebuf,L90.w10,32,4040424028,229359,287885
linebuf,L90.w11,32,976788233,229519,287889
linebuf,L91.w0,32,1677092576,229679,291048
linebuf,L91.w1,32,4151507178,229839,291051
linebuf,L91.w2,32,1317628517,229999,291055
linebuf,L91.w3,32,176318101,230159,291059
linebuf,L91.w4,32,1405491179,230319,291063
linebuf,L91.w5,32,802355090,230479,291067
linebuf,L91.w6,32,1360367077,230639,291070
linebuf,L91.w7,32,3404757168,230799,291074
linebuf,L91.w8,32,3638416111,230959,291078
linebuf,L91.w9,32,2486814534,231119,291082
linebuf,L91.w10,32,3837554306,231279,291085
linebuf,L91.w11,32,3957174424,231439,291089
linebuf,L92.w0,32,1300556176,231599,294248
linebuf,L92.w1,32,1055909684,231759,294251
linebuf,L92.w2,32,1435951070,231919,294255
linebuf,L92.w3,32,433566723,232079,294259
linebuf,L92.w4,32,2337430351,232239,294263
linebuf,L92.w5,32,2625907562,232399,294267
linebuf,L92.w6,32,2486723493,232559,294270
linebuf,L92.w7,32,3468476858,232719,294274
linebuf,L92.w8,32,2559639634,232879,294278
linebuf,L92.w9,32,395325658,233039,294282
linebuf,L92.w10,32,1052687934,233199,294285
linebuf,L92.w11,32,945560371,233359,294289
linebuf,L93.w0,32,87505782,233519,297448
linebuf,L93.w1,32,3471464715,233679,297451
linebuf,L93.w2,32,1046938220,233839,297455
linebuf,L93.w3,32,1725604709,233999,297459
linebuf,L93.w4,32,310644385,234159,297463
linebuf,L93.w5,32,1151325339,234319,297467
linebuf,L93.w6,32,2367406394,234479,297470
linebuf,L93.w7,32,3726124871,234639,297474
linebuf,L93.w8,32,304583471,234799,297478
linebuf,L93.w9,32,3131758161,234959,297482
linebuf,L93.w10,32,322680002,235119,297485
linebuf,L93.w11,32,92402261,235279,297489
linebuf,L94.w0,32,2728945332,235439,300648
linebuf,L94.w1,32,42593030,235599,300651
linebuf,L94.w2,32,1249069050,235759,300655
linebuf,L94.w3,32,3224355370,235919,300659
linebuf,L94.w4,32,3402407624,236079,300663
linebuf,L94.w5,32,1542715213,236239,300667
linebuf,L94.w6,32,2118540057,236399,300670
linebuf,L94.w7,32,2013628400,236559,300674
linebuf,L94.w8,32,3705049129,236719,300678
linebuf,L94.w9,32,3689871226,236879,300682
linebuf,L94.w10,32,662196348,237039,300685
linebuf,L94.w11,32,433510203,237199,300689
linebuf,L95.w0,32,2153623658,237359,303848
linebuf,L95.w1,32,3340393233,237519,303851
linebuf,L95.w2,32,3414428118,237679,303855
linebuf,L95.w3,32,1409151100,237839,303859
linebuf,L95.w4,32,331171982,237999,303863
linebuf,L95.w5,32,2187298114,238159,303867
linebuf,L95.w6,32,4076903004,238319,303870
linebuf,L95.w7,32,2857216034,238479,303874
linebuf,L95.w8,32,744069209,238639,303878
linebuf,L95.w9,32,771231929,238799,303882
linebuf,L95.w10,32,3333792198,238959,303885
linebuf,L95.w11,32,642367920,239119,303889
linebuf,L96.w0,32,4230095570,239279,307048
linebuf,L96.w1,32,607901832,239439,307051
linebuf,L96.w2,32,3528531000,239599,307055
linebuf,L96.w3,32,3717490264,239759,307059
linebuf,L96.w4,32,1373461852,239919,307063
linebuf,L96.w5,32,1312640271,240079,307067
linebuf,L96.w6,32,459036371,240239,307070
linebuf,L96.w7,32,3046523346,240399,307074
linebuf,L96.w8,32,2209151870,240559,307078
linebuf,L96.w9,32,3584962651,240719,307082
linebuf,L96.w10,32,3948607993,240879,307085
linebuf,L96.w11,32,2585109265,241039,307089
linebuf,L97.w0,32,1260527780,241199,310248
linebuf,L97.w1,32,542453599,241359,310251
linebuf,L97.w2,32,3838664821,241519,310255
linebuf,L97.w3,32,887943917,241679,310259
linebuf,L97.w4,32,608513743,241839,310263
linebuf,L97.w5,32,2342874420,241999,310267
linebuf,L97.w6,32,3910489001,242159,310270
linebuf,L97.w7,32,3103665995,242319,310274
linebuf,L97.w8,32,136407909,242479,310278
linebuf,L97.w9,32,3348972608,242639,310282
linebuf,L97.w10,32,1357504633,242799,310285
linebuf,L97.w11,32,3526296307,242959,310289
linebuf,L98.w0,32,3878734632,243119,313448
linebuf,L98.w1,32,2678030544,243279,313451
linebuf,L98.w2,32,3452536422,243439,313455
linebuf,L98.w3,32,2887069814,243599,313459
linebuf,L98.w4,32,3896195761,243759,313463
linebuf,L98.w5,32,2374908691,243919,313467
linebuf,L98.w6,32,3610858555,244079,313470
linebuf,L98.w7,32,4052192607,244239,313474
linebuf,L98.w8,32,3204839674,244399,313478
linebuf,L98.w9,32,4238855007,244559,313482
linebuf,L98.w10,32,2961788762,244719,313485
linebuf,L98.w11,32,882332988,244879,313489
linebuf,L99.w0,32,765169343,245039,316648
linebuf,L99.w1,32,1283879010,245199,316651
linebuf,L99.w2,32,1858166072,245359,316655
linebuf,L99.w3,32,2308511911,245519,316659
linebuf,L99.w4,32,678162217,245679,316663
linebuf,L99.w5,32,208558451,245839,316667
linebuf,L99.w6,32,3070147642,245999,316670
linebuf,L99.w7,32,3702686968,246159,316674
linebuf,L99.w8,32,2868087855,246319,316678
linebuf,L99.w9,32,1062132058,246479,316682
linebuf,L99.w10,32,1084850365,246639,316685
linebuf,L99.w11,32,3340524785,246799,316689
linebuf,L100.w0,32,4137710848,275323,319848
linebuf,L100.w1,32,1918540379,275483,319851
linebuf,L100.w2,32,3471418621,275643,319855
linebuf,L100.w3,32,1847572141,275803,319859
linebuf,L100.w4,32,2359096384,275963,319863
linebuf,L100.w5,32,1074685933,276123,319867
linebuf,L100.w6,32,2325199320,276283,319870
linebuf,L100.w7,32,1887203508,276443,319874
linebuf,L100.w8,32,3656274146,276603,319878
linebuf,L100.w9,32,2310949707,276763,319882
linebuf,L100.w10,32,1946950245,276923,319885
linebuf,L100.w11,32,46671387,277083,319889
linebuf,L101.w0,32,1699563418,277243,323048
linebuf,L101.w1,32,3591842527,277403,323051
linebuf,L101.w2,32,1454572916,277563,323055
linebuf,L101.w3,32,736662516,277723,323059
linebuf,L101.w4,32,1107968803,277883,323063
linebuf,L101.w5,32,2086422589,278043,323067
linebuf,L101.w6,32,104833718,278203,323070
linebuf,L101.w7,32,3406197132,278363,323074
linebuf,L101.w8,32,2776433694,278523,323078
linebuf,L101.w9,32,4005655884,278683,323082
linebuf,L101.w10,32,1789643640,278843,323085
linebuf,L101.w11,32,4193228110,279003,323089
linebuf,L102.w0,32,2450723963,279163,326248
linebuf,L102.w1,32,81222024,279323,326251
linebuf,L102.w2,32,267669349,279483,326255
linebuf,L102.w3,32,2970843554,279643,326259
linebuf,L102.w4,32,1524470481,279803,326263
linebuf,L102.w5,32,2491384131,279963,326267
linebuf,L102.w6,32,593925750,280123,326270
linebuf,L102.w7,32,2549262082,280283,326274
linebuf,L102.w8,32,537425047,280443,326278
linebuf,L102.w9,32,594834913,280603,326282
linebuf,L102.w10,32,1112881715,280763,326285
linebuf,L102.w11,32,4222885140,280923,326289
linebuf,L103.w0,32,3560246056,281083,329448
linebuf,L103.w1,32,1189338005,281243,329451
linebuf,L103.w2,32,1708526446,281403,329455
linebuf,L103.w3,32,2422670531,281563,329459
linebuf,L103.w4,32,1722634749,281723,329463
linebuf,L103.w5,32,739482649,281883,329467
linebuf,L103.w6,32,2630430931,282043,329470
linebuf,L103.w7,32,383313934,282203,329474
linebuf,L103.w8,32,1003002219,282363,329478
linebuf,L103.w9,32,2087339943,282523,329482
linebuf,L103.w10,32,32114233,282683,329485
linebuf,L103.w11,32,762692189,282843,329489
linebuf,L104.w0,32,2270756685,283003,332648
linebuf,L104.w1,32,1362542434,283163,332651
linebuf,L104.w2,32,2151347462,283323,332655
linebuf,L104.w3,32,3835557563,283483,332659
linebuf,L104.w4,32,2786744803,283643,332663
linebuf,L104.w5,32,3953240531,283803,332667
linebuf,L104.w6,32,1882556967,283963,332670
linebuf,L104.w7,32,3994782916,284123,332674
linebuf,L104.w8,32,2948551440,284283,332678
linebuf,L104.w9,32,2744960178,284443,332682
linebuf,L104.w10,32,3141433359,284603,332685
linebuf,L104.w11,32,969505457,284763,332689
linebuf,L105.w0,32,1023811449,284923,335848
linebuf,L105.w1,32,1344259828,285083,335851
linebuf,L105.w2,32,2126319109,285243,335855
linebuf,L105.w3,32,2950425042,285403,335859
linebuf,L105.w4,32,2056545794,285563,335863
linebuf,L105.w5,32,4108306853,285723,335867
linebuf,L105.w6,32,966634300,285883,335870
linebuf,L105.w7,32,3061650749,286043,335874
linebuf,L105.w8,32,1770583656,286203,335878
linebuf,L105.w9,32,1447195651,286363,335882
linebuf,L105.w10,32,2406931591,286523,335885
linebuf,L105.w11,32,2625456522,286683,335889
linebuf,L106.w0,32,3895275503,286843,339048
linebuf,L106.w1,32,3127684170,287003,339051
linebuf,L106.w2,32,3941519771,287163,339055
linebuf,L106.w3,32,2806364781,287323,339059
linebuf,L106.w4,32,1182083932,287483,339063
linebuf,L106.w5,32,4176227636,287643,339067
linebuf,L106.w6,32,2776332032,287803,339070
linebuf,L106.w7,32,942612964,287963,339074
linebuf,L106.w8,32,207005997,288123,339078
linebuf,L106.w9,32,3958256929,288283,339082
linebuf,L106.w10,32,307310859,288443,339085
linebuf,L106.w11,32,3277894583,288603,339089
linebuf,L107.w0,32,2197699146,288763,342248
linebuf,L107.w1,32,2771492679,288923,342251
linebuf,L107.w2,32,3768507738,289083,342255
linebuf,L107.w3,32,1583512027,289243,342259
linebuf,L107.w4,32,684908686,289403,342263
linebuf,L107.w5,32,2197441914,289563,342267
linebuf,L107.w6,32,3290064601,289723,342270
linebuf,L107.w7,32,3403675928,289883,342274
linebuf,L107.w8,32,3792497226,290043,342278
linebuf,L107.w9,32,875504314,290203,342282
linebuf,L107.w10,32,1339179526,290363,342285
linebuf,L107.w11,32,1282983851,290523,342289
linebuf,L108.w0,32,2974509532,290683,345448
linebuf,L108.w1,32,1286627009,290843,345451
linebuf,L108.w2,32,3646389099,291003,345455
linebuf,L108.w3,32,2372187053,291163,345459
linebuf,L108.w4,32,1596071420,291323,345463
linebuf,L108.w5,32,709437168,291483,345467
linebuf,L108.w6,32,3011986093,291643,345470
linebuf,L108.w7,32,3011957340,291803,345474
linebuf,L108.w8,32,3162891742,291963,345478
linebuf,L108.w9,32,1996207853,292123,345482
linebuf,L108.w10,32,2553692236,292283,345485
linebuf,L108.w11,32,364957141,292443,345489
linebuf,L109.w0,32,3677682317,292603,348648
linebuf,L109.w1,32,529328506,292763,348651
linebuf,L109.w2,32,3850886433,292923,348655
linebuf,L109.w3,32,2603201867,293083,348659
linebuf,L109.w4,32,4123507114,293243,348663
linebuf,L109.w5,32,2207403781,293403,348667
linebuf,L109.w6,32,2453425757,293563,348670
linebuf,L109.w7,32,1620051826,293723,348674
linebuf,L109.w8,32,757099226,293883,348678
linebuf,L109.w9,32,669066660,294043,348682
linebuf,L109.w10,32,1076299078,294203,348685
linebuf,L109.w11,32,1832889676,294363,348689
linebuf,L110.w0,32,934665132,294523,351848
linebuf,L110.w1,32,4044541904,294683,351851
linebuf,L110.w2,32,2446058374,294843,351855
linebuf,L110.w3,32,3090648450,295003,351859
linebuf,L110.w4,32,3254511948,295163,351863
linebuf,L110.w5,32,3359818138,295323,351867
linebuf,L110.w6,32,223910488,295483,351870
linebuf,L110.w7,32,2126119762,295643,351874
linebuf,L110.w8,32,2927606289,295803,351878
linebuf,L110.w9,32,1690530255,295963,351882
linebuf,L110.w10,32,3080149800,296123,351885
linebuf,L110.w11,32,2735777865,296283,351889
linebuf,L111.w0,32,1494569215,296443,355048
linebuf,L111.w1,32,1649167202,296603,355051
linebuf,L111.w2,32,2212147813,296763,355055
linebuf,L111.w3,32,3631244540,296923,355059
linebuf,L111.w4,32,707802683,297083,355063
linebuf,L111.w5,32,2337419501,297243,355067
linebuf,L111.w6,32,3134880071,297403,355070
linebuf,L111.w7,32,4270533497,297563,355074
linebuf,L111.w8,32,174842476,297723,355078
linebuf,L111.w9,32,2251310039,297883,355082
linebuf,L111.w10,32,4214312352,298043,355085
linebuf,L111.w11,32,388272735,298203,355089
linebuf,L112.w0,32,3470091935,298363,358248
linebuf,L112.w1,32,1096006599,298523,358251
linebuf,L112.w2,32,2699165765,298683,358255
linebuf,L112.w3,32,433991149,298843,358259
linebuf,L112.w4,32,1149016477,299003,358263
linebuf,L112.w5,32,3164993659,299163,358267
linebuf,L112.w6,32,3920716276,299323,358270
linebuf,L112.w7,32,359574393,299483,358274
linebuf,L112.w8,32,4120758407,299643,358278
linebuf,L112.w9,32,4186823812,299803,358282
linebuf,L112.w10,32,597542297,299963,358285
linebuf,L112.w11,32,4162804864,300123,358289
linebuf,L113.w0,32,3331852010,300283,361448
linebuf,L113.w1,32,2649576701,300443,361451
linebuf,L113.w2,32,3616065484,300603,361455
linebuf,L113.w3,32,4152379343,300763,361459
linebuf,L113.w4,32,2833464468,300923,361463
linebuf,L113.w5,32,2949049967,301083,361467
linebuf,L113.w6,32,3008228468,301243,361470
linebuf,L113.w7,32,352222908,301403,361474
linebuf,L113.w8,32,1911512698,301563,361478
linebuf,L113.w9,32,3654889998,301723,361482
linebuf,L113.w10,32,3969871807,301883,361485
linebuf,L113.w11,32,1035045416,302043,361489
linebuf,L114.w0,32,4171304560,302203,364648
linebuf,L114.w1,32,3655020719,302363,364651
linebuf,L114.w2,32,1642194957,302523,364655
linebuf,L114.w3,32,4037256808,302683,364659
linebuf,L114.w4,32,3447619746,302843,364663
linebuf,L114.w5,32,3880184811,303003,364667
linebuf,L114.w6,32,1859384075,303163,364670
linebuf,L114.w7,32,1706132727,303323,364674
linebuf,L114.w8,32,707613983,303483,364678
linebuf,L114.w9,32,3908781749,303643,364682
linebuf,L114.w10,32,1397871297,303803,364685
linebuf,L114.w11,32,1881749525,303963,364689
linebuf,L115.w0,32,542583531,304123,367848
linebuf,L115.w1,32,2673198588,304283,367851
linebuf,L115.w2,32,3903630335,304443,367855
linebuf,L115.w3,32,2095800244,304603,367859
linebuf,L115.w4,32,4120695040,304763,367863
linebuf,L115.w5,32,910598059,304923,367867
linebuf,L115.w6,32,511903126,305083,367870
linebuf,L115.w7,32,1852249752,305243,367874
linebuf,L115.w8,32,2579897000,305403,367878
linebuf,L115.w9,32,2293746795,305563,367882
linebuf,L115.w10,32,1753309146,305723,367885
linebuf,L115.w11,32,3905396765,305883,367889
linebuf,L116.w0,32,507192805,306043,371048
linebuf,L116.w1,32,2836867589,306203,371051
linebuf,L116.w2,32,1269057688,306363,371055
linebuf,L116.w3,32,1192594046,306523,371059
linebuf,L116.w4,32,1066081194,306683,371063
linebuf,L116.w5,32,1627146234,306843,371067
linebuf,L116.w6,32,3219407886,307003,371070
linebuf,L116.w7,32,2402493571,307163,371074
linebuf,L116.w8,32,17218309,307323,371078
linebuf,L116.w9,32,4122327348,307483,371082
linebuf,L116.w10,32,815351010,307643,371085
linebuf,L116.w11,32,2269302482,307803,371089
linebuf,L117.w0,32,1884515995,307963,374248
linebuf,L117.w1,32,2487140954,308123,374251
linebuf,L117.w2,32,90343240,308283,374255
linebuf,L117.w3,32,132321041,308443,374259
linebuf,L117.w4,32,2695206168,308603,374263
linebuf,L117.w5,32,4179396093,308763,374267
linebuf,L117.w6,32,2601150487,308923,374270
linebuf,L117.w7,32,1040409395,309083,374274
linebuf,L117.w8,32,3587725149,309243,374278
linebuf,L117.w9,32,1118395701,309403,374282
linebuf,L117.w10,32,887365237,309563,374285
linebuf,L117.w11,32,742394773,309723,374289
linebuf,L118.w0,32,1223127738,309883,377448
linebuf,L118.w1,32,637418008,310043,377451
linebuf,L118.w2,32,2329330116,310203,377455
linebuf,L118.w3,32,860914396,310363,377459
linebuf,L118.w4,32,1173495444,310523,377463
linebuf,L118.w5,32,1336317457,310683,377467
linebuf,L118.w6,32,2515725909,310843,377470
linebuf,L118.w7,32,3253092698,311003,377474
linebuf,L118.w8,32,1077530946,311163,377478
linebuf,L118.w9,32,3574937188,311323,377482
linebuf,L118.w10,32,2935726766,311483,377485
linebuf,L118.w11,32,1917258461,311643,377489
linebuf,L119.w0,32,3397708746,311803,380648
linebuf,L119.w1,32,3699002350,311963,380651
linebuf,L119.w2,32,3473145121,312123,380655
linebuf,L119.w3,32,3672580274,312283,380659
linebuf,L119.w4,32,4181649356,312443,380663
linebuf,L119.w5,32,721466736,312603,380667
linebuf,L119.w6,32,2342376404,312763,380670
linebuf,L119.w7,32,1533111874,312923,380674
linebuf,L119.w8,32,2108009810,313083,380678
linebuf,L119.w9,32,1803742556,313243,380682
linebuf,L119.w10,32,3675193638,313403,380685
linebuf,L119.w11,32,523127052,313563,380689
linebuf,L120.w0,32,2450470499,332277,383848
linebuf,L120.w1,32,3774975173,332437,383851
linebuf,L120.w2,32,1646073651,332597,383855
linebuf,L120.w3,32,879702675,332757,383859
linebuf,L120.w4,32,1219974465,332917,383863
linebuf,L120.w5,32,3481335633,333077,383867
linebuf,L120.w6,32,464454351,333237,383870
linebuf,L120.w7,32,3882726895,333397,383874
linebuf,L120.w8,32,3468396938,333557,383878
linebuf,L120.w9,32,103726226,333717,383882
linebuf,L120.w10,32,507113358,333877,383885
linebuf,L120.w11,32,2445161707,334037,383889
linebuf,L121.w0,32,3209479749,334197,387048
linebuf,L121.w1,32,56762263,334357,387051
linebuf,L121.w2,32,2341990213,334517,387055
linebuf,L121.w3,32,1273082440,334677,387059
linebuf,L121.w4,32,4144408626,334837,387063
linebuf,L121.w5,32,2894438287,334997,387067
linebuf,L121.w6,32,3268752122,335157,387070
linebuf,L121.w7,32,3110912634,335317,387074
linebuf,L121.w8,32,4181235632,335477,387078
linebuf,L121.w9,32,2789084210,335637,387082
linebuf,L121.w10,32,586666819,335797,387085
linebuf,L121.w11,32,322910986,335957,387089
linebuf,L122.w0,32,2149079108,336117,390248
linebuf,L122.w1,32,1605146394,336277,390251
linebuf,L122.w2,32,2459205012,336437,390255
linebuf,L122.w3,32,3459505520,336597,390259
linebuf,L122.w4,32,1336814837,336757,390263
linebuf,L122.w5,32,1877627338,336917,390267
linebuf,L122.w6,32,2160508093,337077,390270
linebuf,L122.w7,32,2908822078,337237,390274
linebuf,L122.w8,32,1532524906,337397,390278
linebuf,L122.w9,32,3258205999,337557,390282
linebuf,L122.w10,32,2269434816,337717,390285
linebuf,L122.w11,32,1390228694,337877,390289
linebuf,L123.w0,32,3628045,338037,393448
linebuf,L123.w1,32,532149800,338197,393451
linebuf,L123.w2,32,1899725595,338357,393455
linebuf,L123.w3,32,3083647576,338517,393459
linebuf,L123.w4,32,1930811753,338677,393463
linebuf,L123.w5,32,1504152339,338837,393467
linebuf,L123.w6,32,1309102551,338997,393470
linebuf,L123.w7,32,2316255875,339157,393474
linebuf,L123.w8,32,1715421755,339317,393478
linebuf,L123.w9,32,1457562182,339477,393482
linebuf,L123.w10,32,3363334394,339637,393485
linebuf,L123.w11,32,3140195011,339797,393489
linebuf,L124.w0,32,2935235996,339957,396648
linebuf,L124.w1,32,2454208916,340117,396651
linebuf,L124.w2,32,2114408682,340277,396655
linebuf,L124.w3,32,485740921,340437,396659
linebuf,L124.w4,32,2781713895,340597,396663
linebuf,L124.w5,32,3941974067,340757,396667
linebuf,L124.w6,32,1621600183,340917,396670
linebuf,L124.w7,32,1642333862,341077,396674
linebuf,L124.w8,32,875804172,341237,396678
linebuf,L124.w9,32,2391818201,341397,396682
linebuf,L124.w10,32,16645806,341557,396685
linebuf,L124.w11,32,4272765933,341717,396689
linebuf,L125.w0,32,1192374186,341877,399848
linebuf,L125.w1,32,2729593259,342037,399851
linebuf,L125.w2,32,2569095656,342197,399855
linebuf,L125.w3,32,3102203803,342357,399859
linebuf,L125.w4,32,3786713440,342517,399863
linebuf,L125.w5,32,3172112077,342677,399867
linebuf,L125.w6,32,3562337133,342837,399870
linebuf,L125.w7,32,3128370595,342997,399874
linebuf,L125.w8,32,2194557406,343157,399878
linebuf,L125.w9,32,854179945,343317,399882
linebuf,L125.w10,32,4239210632,343477,399885
linebuf,L125.w11,32,3965579975,343637,399889
linebuf,L126.w0,32,1982475173,343797,403048
linebuf,L126.w1,32,2580555431,343957,403051
linebuf,L126.w2,32,3584551726,344117,403055
linebuf,L126.w3,32,2220122150,344277,403059
linebuf,L126.w4,32,1756492745,344437,403063
linebuf,L126.w5,32,4026431200,344597,403067
linebuf,L126.w6,32,3198164128,344757,403070
linebuf,L126.w7,32,3058571055,344917,403074
linebuf,L126.w8,32,4241674014,345077,403078
linebuf,L126.w9,32,4241649069,345237,403082
linebuf,L126.w10,32,1311410677,345397,403085
linebuf,L126.w11,32,3018897740,345557,403089
linebuf,L127.w0,32,731488007,345717,406248
linebuf,L127.w1,32,1930107372,345877,406251
linebuf,L127.w2,32,2663024501,346037,406255
linebuf,L127.w3,32,2872647732,346197,406259
linebuf,L127.w4,32,2280439430,346357,406263
linebuf,L127.w5,32,847659576,346517,406267
linebuf,L127.w6,32,1543705884,346677,406270
linebuf,L127.w7,32,2259971841,346837,406274
linebuf,L127.w8,32,15115013,346997,406278
linebuf,L127.w9,32,2914342230,347157,406282
linebuf,L127.w10,32,1671440805,347317,406285
linebuf,L127.w11,32,2488272987,347477,406289
linebuf,L128.w0,32,1829095448,347637,409448
linebuf,L128.w1,32,4167461057,347797,409451
linebuf,L128.w2,32,1740544408,347957,409455
linebuf,L128.w3,32,1443152822,348117,409459
linebuf,L128.w4,32,3699020419,348277,409463
linebuf,L128.w5,32,2669858314,348437,409467
linebuf,L128.w6,32,2510099261,348597,409470
linebuf,L128.w7,32,4185386484,348757,409474
linebuf,L128.w8,32,3151779234,348917,409478
linebuf,L128.w9,32,3004345711,349077,409482
linebuf,L128.w10,32,3856490497,349237,409485
linebuf,L128.w11,32,4155359406,349397,409489
linebuf,L129.w0,32,3215957551,349557,412648
linebuf,L129.w1,32,290965683,349717,412651
linebuf,L129.w2,32,2116139178,349877,412655
linebuf,L129.w3,32,4241853455,350037,412659
linebuf,L129.w4,32,3203050647,350197,412663
linebuf,L129.w5,32,1063568652,350357,412667
linebuf,L129.w6,32,2750305492,350517,412670
linebuf,L129.w7,32,4153252178,350677,412674
linebuf,L129.w8,32,2786340443,350837,412678
linebuf,L129.w9,32,1249345870,350997,412682
linebuf,L129.w10,32,2704435095,351157,412685
linebuf,L129.w11,32,89233600,351317,412689
linebuf,L130.w0,32,1748047272,351477,415848
linebuf,L130.w1,32,3097892629,351637,415851
linebuf,L130.w2,32,2702659871,351797,415855
linebuf,L130.w3,32,670379945,351957,415859
linebuf,L130.w4,32,2721860391,352117,415863
linebuf,L130.w5,32,3345166511,352277,415867
linebuf,L130.w6,32,4024890997,352437,415870
linebuf,L130.w7,32,1706465772,352597,415874
linebuf,L130.w8,32,3360698890,352757,415878
linebuf,L130.w9,32,1160752282,352917,415882
linebuf,L130.w10,32,3634693686,353077,415885
linebuf,L130.w11,32,765153058,353237,415889
linebuf,L131.w0,32,3296386505,353397,419048
linebuf,L131.w1,32,315305791,353557,419051
linebuf,L131.w2,32,3501797895,353717,419055
linebuf,L131.w3,32,3333227303,353877,419059
linebuf,L131.w4,32,2600441196,354037,419063
linebuf,L131.w5,32,43499734,354197,419067
linebuf,L131.w6,32,1500876675,354357,419070
linebuf,L131.w7,32,3919844298,354517,419074
linebuf,L131.w8,32,1136376422,354677,419078
linebuf,L131.w9,32,3428661082,354837,419082
linebuf,L131.w10,32,3040922852,354997,419085
linebuf,L131.w11,32,1765832556,355157,419089
linebuf,L132.w0,32,3753552634,355317,422248
linebuf,L132.w1,32,2942191883,355477,422251
linebuf,L132.w2,32,2337522027,355637,422255
linebuf,L132.w3,32,1304247753,355797,422259
linebuf,L132.w4,32,653135532,355957,422263
linebuf,L132.w5,32,1984578787,356117,422267
linebuf,L132.w6,32,3577601630,356277,422270
linebuf,L132.w7,32,1113903449,356437,422274
linebuf,L132.w8,32,2081096686,356597,422278
linebuf,L132.w9,32,728520547,356757,422282
linebuf,L132.w10,32,2006190521,356917,422285
linebuf,L132.w11,32,2191835438,357077,422289
linebuf,L133.w0,32,194940237,357237,425448
linebuf,L133.w1,32,1163165085,357397,425451
linebuf,L133.w2,32,2191639884,357557,425455
linebuf,L133.w3,32,423613005,357717,425459
linebuf,L133.w4,32,3198666873,357877,425463
linebuf,L133.w5,32,2536763285,358037,425467
linebuf,L133.w6,32,1815043788,358197,425470
linebuf,L133.w7,32,299592399,358357,425474
linebuf,L133.w8,32,1525474959,358517,425478
linebuf,L133.w9,32,287758106,358677,425482
linebuf,L133.w10,32,2821121521,358837,425485
linebuf,L133.w11,32,1900452285,358997,425489
linebuf,L134.w0,32,84788620,359157,428648
linebuf,L134.w1,32,704970599,359317,428651
linebuf,L134.w2,32,2178251056,359477,428655
linebuf,L134.w3,32,3050474990,359637,428659
linebuf,L134.w4,32,4063584951,359797,428663
linebuf,L134.w5,32,694183320,359957,428667
linebuf,L134.w6,32,2965449824,360117,428670
linebuf,L134.w7,32,399661485,360277,428674
linebuf,L134.w8,32,1726249255,360437,428678
linebuf,L134.w9,32,2731480991,360597,428682
linebuf,L134.w10,32,2958838361,360757,428685
linebuf,L134.w11,32,1184533024,360917,428689
linebuf,L135.w0,32,2598429113,361077,431848
linebuf,L135.w1,32,1307402154,361237,431851
linebuf,L135.w2,32,897173118,361397,431855
linebuf,L135.w3,32,2268141296,361557,431859
linebuf,L135.w4,32,892100480,361717,431863
linebuf,L135.w5,32,1018910229,361877,431867
linebuf,L135.w6,32,3805449640,362037,431870
linebuf,L135.w7,32,1434284684,362197,431874
linebuf,L135.w8,32,1155643478,362357,431878
linebuf,L135.w9,32,294437950,362517,431882
linebuf,L135.w10,32,321627648,362677,431885
linebuf,L135.w11,32,3003019781,362837,431889
linebuf,L136.w0,32,3567733080,362997,435048
linebuf,L136.w1,32,3909879586,363157,435051
linebuf,L136.w2,32,2247117310,363317,435055
linebuf,L136.w3,32,2829459829,363477,435059
linebuf,L136.w4,32,1581442016,363637,435063
linebuf,L136.w5,32,2009772537,363797,435067
linebuf,L136.w6,32,2196957040,363957,435070
linebuf,L136.w7,32,2395092501,364117,435074
linebuf,L136.w8,32,3164212748,364277,435078
linebuf,L136.w9,32,213641904,364437,435082
linebuf,L136.w10,32,723932226,364597,435085
linebuf,L136.w11,32,1275073800,364757,435089
linebuf,L137.w0,32,2804901376,364917,438248
linebuf,L137.w1,32,3157172213,365077,438251
linebuf,L137.w2,32,3064188562,365237,438255
linebuf,L137.w3,32,4279360657,365397,438259
linebuf,L137.w4,32,3500413146,365557,438263
linebuf,L137.w5,32,2389042383,365717,438267
linebuf,L137.w6,32,1158613092,365877,438270
linebuf,L137.w7,32,1528370893,366037,438274
linebuf,L137.w8,32,2618496931,366197,438278
linebuf,L137.w9,32,3177609664,366357,438282
linebuf,L137.w10,32,996921508,366517,438285
linebuf,L137.w11,32,1686028628,366677,438289
linebuf,L138.w0,32,2409668514,366837,441448
linebuf,L138.w1,32,1716765623,366997,441451
linebuf,L138.w2,32,740293324,367157,441455
linebuf,L138.w3,32,2077149277,367317,441459
linebuf,L138.w4,32,3392026129,367477,441463
linebuf,L138.w5,32,1114637814,367637,441467
linebuf,L138.w6,32,3722524888,367797,441470
linebuf,L138.w7,32,2621654819,367957,441474
linebuf,L138.w8,32,1415808301,368117,441478
linebuf,L138.w9,32,3075421200,368277,441482
linebuf,L138.w10,32,954850945,368437,441485
linebuf,L138.w11,32,1111398096,368597,441489
linebuf,L139.w0,32,4139439731,368757,444648
linebuf,L139.w1,32,2619716315,368917,444651
linebuf,L139.w2,32,3035211782,369077,444655
linebuf,L139.w3,32,1048948905,369237,444659
linebuf,L139.w4,32,3624061704,369397,444663
linebuf,L139.w5,32,2838287070,369557,444667
linebuf,L139.w6,32,131144555,369717,444670
linebuf,L139.w7,32,3658333304,369877,444674
linebuf,L139.w8,32,3862864854,370037,444678
linebuf,L139.w9,32,3729883971,370197,444682
linebuf,L139.w10,32,2673411238,370357,444685
linebuf,L139.w11,32,1729147111,370517,444689
linebuf,L140.w0,32,1854419216,400802,447848
linebuf,L140.w1,32,4007736298,400962,447851
linebuf,L140.w2,32,3271017023,401122,447855
linebuf,L140.w3,32,1066983662,401282,447859
linebuf,L140.w4,32,3373318657,401442,447863
linebuf,L140.w5,32,1155739069,401602,447867
linebuf,L140.w6,32,815618029,401762,447870
linebuf,L140.w7,32,311554054,401922,447874
linebuf,L140.w8,32,2688162069,402082,447878
linebuf,L140.w9,32,3145305755,402242,447882
linebuf,L140.w10,32,711373401,402402,447885
linebuf,L140.w11,32,3741144688,402562,447889
linebuf,L141.w0,32,4179217202,402722,451048
linebuf,L141.w1,32,2487415650,402882,451051
linebuf,L141.w2,32,1905146799,403042,451055
linebuf,L141.w3,32,2497236295,403202,451059
linebuf,L141.w4,32,3921927918,403362,451063
linebuf,L141.w5,32,4006916592,403522,451067
linebuf,L141.w6,32,3127800684,403682,451070
linebuf,L141.w7,32,636428564,403842,451074
linebuf,L141.w8,32,2603866439,404002,451078
linebuf,L141.w9,32,4060787461,404162,451082
linebuf,L141.w10,32,1125212836,404322,451085
linebuf,L141.w11,32,1973071598,404482,451089
linebuf,L142.w0,32,2261696819,404642,454248
linebuf,L142.w1,32,698085933,404802,454251
linebuf,L142.w2,32,595367232,404962,454255
linebuf,L142.w3,32,3343474169,405122,454259
linebuf,L142.w4,32,593126357,405282,454263
linebuf,L142.w5,32,3839143302,405442,454267
linebuf,L142.w6,32,3074121826,405602,454270
linebuf,L142.w7,32,1892712122,405762,454274
linebuf,L142.w8,32,1550868742,405922,454278
linebuf,L142.w9,32,1330417078,406082,454282
linebuf,L142.w10,32,3227136675,406242,454285
linebuf,L142.w11,32,1721233950,406402,454289
linebuf,L143.w0,32,1032912167,406562,457448
linebuf,L143.w1,32,497515921,406722,457451
linebuf,L143.w2,32,3084465756,406882,457455
linebuf,L143.w3,32,885575738,407042,457459
linebuf,L143.w4,32,3085834906,407202,457463
linebuf,L143.w5,32,2926585069,407362,457467
linebuf,L143.w6,32,1312094839,407522,457470
linebuf,L143.w7,32,293029400,407682,457474
linebuf,L143.w8,32,456921979,407842,457478
linebuf,L143.w9,32,977619186,408002,457482
linebuf,L143.w10,32,1705135754,408162,457485
linebuf,L143.w11,32,1380274340,408322,457489
linebuf,L144.w0,32,2114676515,408482,460648
linebuf,L144.w1,32,3988333784,408642,460651
linebuf,L144.w2,32,429385971,408802,460655
linebuf,L144.w3,32,4103071699,408962,460659
linebuf,L144.w4,32,802133526,409122,460663
linebuf,L144.w5,32,193190480,409282,460667
linebuf,L144.w6,32,237696577,409442,460670
linebuf,L144.w7,32,3476680663,409602,460674
linebuf,L144.w8,32,2566301252,409762,460678
linebuf,L144.w9,32,100001563,409922,460682
linebuf,L144.w10,32,3817693863,410082,460685
linebuf,L144.w11,32,3231646302,410242,460689
linebuf,L145.w0,32,930108623,410402,463848
linebuf,L145.w1,32,2934748484,410562,463851
linebuf,L145.w2,32,149093075,410722,463855
linebuf,L145.w3,32,2123691435,410882,463859
linebuf,L145.w4,32,3023328802,411042,463863
linebuf,L145.w5,32,2270045759,411202,463867
linebuf,L145.w6,32,3500014188,411362,463870
linebuf,L145.w7,32,3109392976,411522,463874
linebuf,L145.w8,32,4140870685,411682,463878
linebuf,L145.w9,32,3810398866,411842,463882
linebuf,L145.w10,32,2633583553,412002,463885
linebuf,L145.w11,32,1899609809,412162,463889
linebuf,L146.w0,32,1470782177,412322,467048
linebuf,L146.w1,32,2847241943,412482,467051
linebuf,L146.w2,32,3598618319,412642,467055
linebuf,L146.w3,32,1179288214,412802,467059
linebuf,L146.w4,32,507094348,412962,467063
linebuf,L146.w5,32,2633855357,413122,467067
linebuf,L146.w6,32,2974853005,413282,467070
linebuf,L146.w7,32,741689883,413442,467074
linebuf,L146.w8,32,409013407,413602,467078
linebuf,L146.w9,32,953762591,413762,467082
linebuf,L146.w10,32,1716723119,413922,467085
linebuf,L146.w11,32,1001663901,414082,467089
linebuf,L147.w0,32,2126107080,414242,470248
linebuf,L147.w1,32,1931936051,414402,470251
linebuf,L147.w2,32,1623043534,414562,470255
linebuf,L147.w3,32,3223856108,414722,470259
linebuf,L147.w4,32,724121074,414882,470263
linebuf,L147.w5,32,4180885364,415042,470267
linebuf,L147.w6,32,995218293,415202,470270
linebuf,L147.w7,32,1012481663,415362,470274
linebuf,L147.w8,32,3522517423,415522,470278
linebuf,L147.w9,32,1218231039,415682,470282
linebuf,L147.w10,32,1986747964,415842,470285
linebuf,L147.w11,32,2349430891,416002,470289
linebuf,L148.w0,32,2490792181,416162,473448
linebuf,L148.w1,32,1673291265,416322,473451
linebuf,L148.w2,32,910133698,416482,473455
linebuf,L148.w3,32,1940023440,416642,473459
linebuf,L148.w4,32,3070622707,416802,473463
linebuf,L148.w5,32,1107564393,416962,473467
linebuf,L148.w6,32,1417842847,417122,473470
linebuf,L148.w7,32,2131733819,417282,473474
linebuf,L148.w8,32,2549572427,417442,473478
linebuf,L148.w9,32,476507858,417602,473482
linebuf,L148.w10,32,3906217198,417762,473485
linebuf,L148.w11,32,918468867,417922,473489
linebuf,L149.w0,32,4270887171,418082,476648
linebuf,L149.w1,32,338668373,418242,476651
linebuf,L149.w2,32,198504593,418402,476655
linebuf,L149.w3,32,66193297,418562,476659
linebuf,L149.w4,32,3424990388,418722,476663
linebuf,L149.w5,32,22451568,418882,476667
linebuf,L149.w6,32,3683311649,419042,476670
linebuf,L149.w7,32,2063295586,419202,476674
linebuf,L149.w8,32,1372561742,419362,476678
linebuf,L149.w9,32,3817494954,419522,476682
linebuf,L149.w10,32,1645606521,419682,476685
linebuf,L149.w11,32,3641761239,419842,476689
linebuf,L150.w0,32,2492170929,420002,479848
linebuf,L150.w1,32,1233580966,420162,479851
linebuf,L150.w2,32,3946388742,420322,479855
linebuf,L150.w3,32,841316587,420482,479859
linebuf,L150.w4,32,1717680247,420642,479863
linebuf,L150.w5,32,687486490,420802,479867
linebuf,L150.w6,32,3779700791,420962,479870
linebuf,L150.w7,32,3540014640,421122,479874
linebuf,L150.w8,32,3257992665,421282,479878
linebuf,L150.w9,32,2774739477,421442,479882
linebuf,L150.w10,32,654007894,421602,479885
linebuf,L150.w11,32,3409055160,421762,479889
linebuf,L151.w0,32,3924225404,421922,483048
linebuf,L151.w1,32,130810916,422082,483051
linebuf,L151.w2,32,65202116,422242,483055
linebuf,L151.w3,32,1663319635,422402,483059
linebuf,L151.w4,32,623535832,422562,483063
linebuf,L151.w5,32,3763711772,422722,483067
linebuf,L151.w6,32,2855342422,422882,483070
linebuf,L151.w7,32,2330344113,423042,483074
linebuf,L151.w8,32,245327183,423202,483078
linebuf,L151.w9,32,2425557485,423362,483082
linebuf,L151.w10,32,1629896669,423522,483085
linebuf,L151.w11,32,1091646106,423682,483089
linebuf,L152.w0,32,558254957,423842,486248
linebuf,L152.w1,32,341529144,424002,486251
linebuf,L152.w2,32,1988094291,424162,486255
linebuf,L152.w3,32,2800979518,424322,486259
linebuf,L152.w4,32,3607688096,424482,486263
linebuf,L152.w5,32,1303099757,424642,486267
linebuf,L152.w6,32,3891602675,424802,486270
linebuf,L152.w7,32,62025776,424962,486274
linebuf,L152.w8,32,152340941,425122,486278
linebuf,L152.w9,32,2306314167,425282,486282
linebuf,L152.w10,32,261356293,425442,486285
linebuf,L152.w11,32,2254444877,425602,486289
linebuf,L153.w0,32,3610452746,425762,489448
linebuf,L153.w1,32,553729775,425922,489451
linebuf,L153.w2,32,183888082,426082,489455
linebuf,L153.w3,32,4008839237,426242,489459
linebuf,L153.w4,32,1175061228,426402,489463
linebuf,L153.w5,32,3353483334,426562,489467
linebuf,L153.w6,32,504386875,426722,489470
linebuf,L153.w7,32,1857615967,426882,489474
linebuf,L153.w8,32,391003979,427042,489478
linebuf,L153.w9,32,816520238,427202,489482
linebuf,L153.w10,32,118639407,427362,489485
linebuf,L153.w11,32,2146032160,427522,489489
linebuf,L154.w0,32,2738097558,427682,492648
linebuf,L154.w1,32,559684619,427842,492651
linebuf,L154.w2,32,3198093923,428002,492655
linebuf,L154.w3,32,1199458944,428162,492659
linebuf,L154.w4,32,2949660601,428322,492663
linebuf,L154.w5,32,3509580991,428482,492667
linebuf,L154.w6,32,3631922175,428642,492670
linebuf,L154.w7,32,824318160,428802,492674
linebuf,L154.w8,32,2847632843,428962,492678
linebuf,L154.w9,32,1922059544,429122,492682
linebuf,L154.w10,32,1673757052,429282,492685
linebuf,L154.w11,32,1416501627,429442,492689
linebuf,L155.w0,32,2710395064,429602,495848
linebuf,L155.w1,32,1150935983,429762,495851
linebuf,L155.w2,32,4164378003,429922,495855
linebuf,L155.w3,32,1116016040,430082,495859
linebuf,L155.w4,32,2755665323,430242,495863
linebuf,L155.w5,32,2729917030,430402,495867
linebuf,L155.w6,32,1044071056,430562,495870
linebuf,L155.w7,32,1054096051,430722,495874
linebuf,L155.w8,32,258488709,430882,495878
linebuf,L155.w9,32,2525118703,431042,495882
linebuf,L155.w10,32,4016507369,431202,495885
linebuf,L155.w11,32,3384280431,431362,495889
linebuf,L156.w0,32,2536158859,431522,499048
linebuf,L156.w1,32,752806993,431682,499051
linebuf,L156.w2,32,1501583895,431842,499055
linebuf,L156.w3,32,1840281277,432002,499059
linebuf,L156.w4,32,2599970271,432162,499063
linebuf,L156.w5,32,2998129186,432322,499067
linebuf,L156.w6,32,2406288042,432482,499070
linebuf,L156.w7,32,2741826233,432642,499074
linebuf,L156.w8,32,2242710681,432802,499078
linebuf,L156.w9,32,4162434896,432962,499082
linebuf,L156.w10,32,261153948,433122,499085
linebuf,L156.w11,32,3887147261,433282,499089
linebuf,L157.w0,32,1517100796,433442,502248
linebuf,L157.w1,32,2349028542,433602,502251
linebuf,L157.w2,32,1772318362,433762,502255
linebuf,L157.w3,32,2311097884,433922,502259
linebuf,L157.w4,32,856280497,434082,502263
linebuf,L157.w5,32,3056506515,434242,502267
linebuf,L157.w6,32,3780023194,434402,502270
linebuf,L157.w7,32,2303841364,434562,502274
linebuf,L157.w8,32,1821580570,434722,502278
linebuf,L157.w9,32,3951029394,434882,502282
linebuf,L157.w10,32,2844924776,435042,502285
linebuf,L157.w11,32,301010016,435202,502289
linebuf,L158.w0,32,3064658661,435362,505448
linebuf,L158.w1,32,1147164351,435522,505451
linebuf,L158.w2,32,3192376442,435682,505455
linebuf,L158.w3,32,2622776470,435842,505459
linebuf,L158.w4,32,3097166585,436002,505463
linebuf,L158.w5,32,4176260644,436162,505467
linebuf,L158.w6,32,3230710916,436322,505470
linebuf,L158.w7,32,310458346,436482,505474
linebuf,L158.w8,32,1080530870,436642,505478
linebuf,L158.w9,32,762693699,436802,505482
linebuf,L158.w10,32,4193621873,436962,505485
linebuf,L158.w11,32,414752776,437122,505489
linebuf,L159.w0,32,648581971,437282,508648
linebuf,L159.w1,32,252153708,437442,508651
linebuf,L159.w2,32,3945560532,437602,508655
linebuf,L159.w3,32,873366626,437762,508659
linebuf,L159.w4,32,3670344933,437922,508663
linebuf,L159.w5,32,1838683349,438082,508667
linebuf,L159.w6,32,3660017784,438242,508670
linebuf,L159.w7,32,192868483,438402,508674
linebuf,L159.w8,32,226822619,438562,508678
linebuf,L159.w9,32,2736421657,438722,508682
linebuf,L159.w10,32,391778659,438882,508685
linebuf,L159.w11,32,3918533187,439042,508689
linebuf,L160.w0,32,2015056160,459837,511848
linebuf,L160.w1,32,2152327546,459997,511851
linebuf,L160.w2,32,1590225367,460157,511855
linebuf,L160.w3,32,426413444,460317,511859
linebuf,L160.w4,32,4229200504,460477,511863
linebuf,L160.w5,32,1342982369,460637,511867
linebuf,L160.w6,32,172305235,460797,511870
linebuf,L160.w7,32,543856730,460957,511874
linebuf,L160.w8,32,2282625035,461117,511878
linebuf,L160.w9,32,142532987,461277,511882
linebuf,L160.w10,32,1904172781,461437,511885
linebuf,L160.w11,32,2852959989,461597,511889
linebuf,L161.w0,32,550628221,461757,515048
linebuf,L161.w1,32,3845772109,461917,515051
linebuf,L161.w2,32,1697320663,462077,515055
linebuf,L161.w3,32,3278787417,462237,515059
linebuf,L161.w4,32,3039322444,462397,515063
linebuf,L161.w5,32,3860152758,462557,515067
linebuf,L161.w6,32,3789516689,462717,515070
linebuf,L161.w7,32,1915912387,462877,515074
linebuf,L161.w8,32,105740847,463037,515078
linebuf,L161.w9,32,3163782526,463197,515082
linebuf,L161.w10,32,2252751404,463357,515085
linebuf,L161.w11,32,1159596010,463517,515089
linebuf,L162.w0,32,388164542,463677,518248
linebuf,L162.w1,32,1073778214,463837,518251
linebuf,L162.w2,32,3437663735,463997,518255
linebuf,L162.w3,32,1397643023,464157,518259
linebuf,L162.w4,32,368444990,464317,518263
linebuf,L162.w5,32,1296391281,464477,518267
linebuf,L162.w6,32,146859170,464637,518270
linebuf,L162.w7,32,3692361767,464797,518274
linebuf,L162.w8,32,1650281938,464957,518278
linebuf,L162.w9,32,249806283,465117,518282
linebuf,L162.w10,32,3146519561,465277,518285
linebuf,L162.w11,32,1121017043,465437,518289
linebuf,L163.w0,32,1345212502,465597,521448
linebuf,L163.w1,32,3157753619,465757,521451
linebuf,L163.w2,32,558366790,465917,521455
linebuf,L163.w3,32,1117980117,466077,521459
linebuf,L163.w4,32,3412661697,466237,521463
linebuf,L163.w5,32,1632874353,466397,521467
linebuf,L163.w6,32,3465692363,466557,521470
linebuf,L163.w7,32,503095564,466717,521474
linebuf,L163.w8,32,3675889851,466877,521478
linebuf,L163.w9,32,2911093755,467037,521482
linebuf,L163.w10,32,1304572582,467197,521485
linebuf,L163.w11,32,403978018,467357,521489
linebuf,L164.w0,32,1824632495,467517,524648
linebuf,L164.w1,32,3613727055,467677,524651
linebuf,L164.w2,32,1053941995,467837,524655
linebuf,L164.w3,32,2159247377,467997,524659
linebuf,L164.w4,32,2393059118,468157,524663
linebuf,L164.w5,32,882234922,468317,524667
linebuf,L164.w6,32,1417799478,468477,524670
linebuf,L164.w7,32,3964413819,468637,524674
linebuf,L164.w8,32,1454547940,468797,524678
linebuf,L164.w9,32,2187513285,468957,524682
linebuf,L164.w10,32,3365628371,469117,524685
linebuf,L164.w11,32,1679728269,469277,524689
linebuf,L165.w0,32,4107260726,469437,527848
linebuf,L165.w1,32,3847101137,469597,527851
linebuf,L165.w2,32,2508863573,469757,527855
linebuf,L165.w3,32,2066533911,469917,527859
linebuf,L165.w4,32,449631239,470077,527863
linebuf,L165.w5,32,557158118,470237,527867
linebuf,L165.w6,32,2802787983,470397,527870
linebuf,L165.w7,32,3499029858,470557,527874
linebuf,L165.w8,32,1926772655,470717,527878
linebuf,L165.w9,32,2249473556,470877,527882
linebuf,L165.w10,32,4243558933,471037,527885
linebuf,L165.w11,32,2399367102,471197,527889
linebuf,L166.w0,32,3089719976,471357,531048
linebuf,L166.w1,32,3624977398,471517,531051
linebuf,L166.w2,32,3585379024,471677,531055
linebuf,L166.w3,32,2496937694,471837,531059
linebuf,L166.w4,32,3012001550,471997,531063
linebuf,L166.w5,32,2233720933,472157,531067
linebuf,L166.w6,32,2300466123,472317,531070
linebuf,L166.w7,32,130001642,472477,531074
linebuf,L166.w8,32,3851805643,472637,531078
linebuf,L166.w9,32,4208143535,472797,531082
linebuf,L166.w10,32,3571768067,472957,531085
linebuf,L166.w11,32,4256905144,473117,531089
linebuf,L167.w0,32,1251235156,473277,534248
linebuf,L167.w1,32,3191927694,473437,534251
linebuf,L167.w2,32,674446862,473597,534255
linebuf,L167.w3,32,858882631,473757,534259
linebuf,L167.w4,32,1590649181,473917,534263
linebuf,L167.w5,32,1671766755,474077,534267
linebuf,L167.w6,32,2238011570,474237,534270
linebuf,L167.w7,32,1392515939,474397,534274
linebuf,L167.w8,32,418244291,474557,534278
linebuf,L167.w9,32,1758801590,474717,534282
linebuf,L167.w10,32,1483392742,474877,534285
linebuf,L167.w11,32,542741065,475037,534289
linebuf,L168.w0,32,2469201032,475197,537448
linebuf,L168.w1,32,278583920,475357,537451
linebuf,L168.w2,32,187151561,475517,537455
linebuf,L168.w3,32,1290621082,475677,537459
linebuf,L168.w4,32,3500177909,475837,537463
linebuf,L168.w5,32,3431525329,475997,537467
linebuf,L168.w6,32,2796526400,476157,537470
linebuf,L168.w7,32,2292145818,476317,537474
linebuf,L168.w8,32,1347117237,476477,537478
linebuf,L168.w9,32,1793527794,476637,537482
linebuf,L168.w10,32,1281278861,476797,537485
linebuf,L168.w11,32,1369232588,476957,537489
linebuf,L169.w0,32,1514474787,477117,540648
linebuf,L169.w1,32,1171106121,477277,540651
linebuf,L169.w2,32,1397104307,477437,540655
linebuf,L169.w3,32,3215798881,477597,540659
linebuf,L169.w4,32,3214842204,477757,540663
linebuf,L169.w5,32,2233823700,477917,540667
linebuf,L169.w6,32,2152022831,478077,540670
linebuf,L169.w7,32,36985501,478237,540674
linebuf,L169.w8,32,2259704284,478397,540678
linebuf,L169.w9,32,523401844,478557,540682
linebuf,L169.w10,32,638904295,478717,540685
linebuf,L169.w11,32,1361980394,478877,540689
linebuf,L170.w0,32,3927395406,479037,543848
linebuf,L170.w1,32,3121606839,479197,543851
linebuf,L170.w2,32,1398325062,479357,543855
linebuf,L170.w3,32,3370289514,479517,543859
linebuf,L170.w4,32,1406878609,479677,543863
linebuf,L170.w5,32,2461488688,479837,543867
linebuf,L170.w6,32,295691935,479997,543870
linebuf,L170.w7,32,1940525319,480157,543874
linebuf,L170.w8,32,4206540725,480317,543878
linebuf,L170.w9,32,1200925585,480477,543882
linebuf,L170.w10,32,2060286533,480637,543885
linebuf,L170.w11,32,1950525644,480797,543889
linebuf,L171.w0,32,3920810090,480957,547048
linebuf,L171.w1,32,1564078520,481117,547051
linebuf,L171.w2,32,3984085710,481277,547055
linebuf,L171.w3,32,3185307850,481437,547059
linebuf,L171.w4,32,4165053734,481597,547063
linebuf,L171.w5,32,1634354142,481757,547067
linebuf,L171.w6,32,3503101089,481917,547070
linebuf,L171.w7,32,3820725302,482077,547074
linebuf,L171.w8,32,3974748397,482237,547078
linebuf,L171.w9,32,335739164,482397,547082
linebuf,L171.w10,32,3961202468,482557,547085
linebuf,L171.w11,32,2486646228,482717,547089
linebuf,L172.w0,32,3441847976,482877,550248
linebuf,L172.w1,32,240950251,483037,550251
linebuf,L172.w2,32,578021944,483197,550255
linebuf,L172.w3,32,209277178,483357,550259
linebuf,L172.w4,32,2249324729,483517,550263
linebuf,L172.w5,32,2113864878,483677,550267
linebuf,L172.w6,32,2472200409,483837,550270
linebuf,L172.w7,32,3664033904,483997,550274
linebuf,L172.w8,32,4262744433,484157,550278
linebuf,L172.w9,32,1081981844,484317,550282
linebuf,L172.w10,32,3367033384,484477,550285
linebuf,L172.w11,32,1053834313,484637,550289
linebuf,L173.w0,32,3019002173,484797,553448
linebuf,L173.w1,32,2464382994,484957,553451
linebuf,L173.w2,32,3206833188,485117,553455
linebuf,L173.w3,32,1454485810,485277,553459
linebuf,L173.w4,32,1552964642,485437,553463
linebuf,L173.w5,32,4254612981,485597,553467
linebuf,L173.w6,32,4047205913,485757,553470
linebuf,L173.w7,32,3422704484,485917,553474
linebuf,L173.w8,32,2763815287,486077,553478
linebuf,L173.w9,32,1589716915,486237,553482
linebuf,L173.w10,32,1729044788,486397,553485
linebuf,L173.w11,32,1320222580,486557,553489
linebuf,L174.w0,32,1995319722,486717,556648
linebuf,L174.w1,32,2569513213,486877,556651
linebuf,L174.w2,32,4208015365,487037,556655
linebuf,L174.w3,32,1462228800,487197,556659
linebuf,L174.w4,32,2285474064,487357,556663
linebuf,L174.w5,32,2179876716,487517,556667
linebuf,L174.w6,32,720684930,487677,556670
linebuf,L174.w7,32,124864677,487837,556674
linebuf,L174.w8,32,637179869,487997,556678
linebuf,L174.w9,32,1074280873,488157,556682
linebuf,L174.w10,32,2951682753,488317,556685
linebuf,L174.w11,32,949755087,488477,556689
linebuf,L175.w0,32,2417102497,488637,559848
linebuf,L175.w1,32,572981059,488797,559851
linebuf,L175.w2,32,3894703239,488957,559855
linebuf,L175.w3,32,484306588,489117,559859
linebuf,L175.w4,32,792852429,489277,559863
linebuf,L175.w5,32,3291340226,489437,559867
linebuf,L175.w6,32,1765698909,489597,559870
linebuf,L175.w7,32,4033814906,489757,559874
linebuf,L175.w8,32,3126565325,489917,559878
linebuf,L175.w9,32,2661609659,490077,559882
linebuf,L175.w10,32,215199464,490237,559885
linebuf,L175.w11,32,3486345474,490397,559889
linebuf,L176.w0,32,426156987,490557,563048
linebuf,L176.w1,32,4203038109,490717,563051
linebuf,L176.w2,32,2343797595,490877,563055
linebuf,L176.w3,32,2926233754,491037,563059
linebuf,L176.w4,32,1141298303,491197,563063
linebuf,L176.w5,32,3069431946,491357,563067
linebuf,L176.w6,32,459293494,491517,563070
linebuf,L176.w7,32,877653985,491677,563074
linebuf,L176.w8,32,1123982505,491837,563078
linebuf,L176.w9,32,286788825,491997,563082
linebuf,L176.w10,32,2715025282,492157,563085
linebuf,L176.w11,32,2453355498,492317,563089
linebuf,L177.w0,32,2260773886,492477,566248
linebuf,L177.w1,32,2753212332,492637,566251
linebuf,L177.w2,32,337140998,492797,566255
linebuf,L177.w3,32,3672842917,492957,566259
linebuf,L177.w4,32,312722763,493117,566263
linebuf,L177.w5,32,3411115626,493277,566267
linebuf,L177.w6,32,3653415119,493437,566270
linebuf,L177.w7,32,933643131,493597,566274
linebuf,L177.w8,32,2762690284,493757,566278
linebuf,L177.w9,32,3600314812,493917,566282
linebuf,L177.w10,32,744606700,494077,566285
linebuf,L177.w11,32,2196773720,494237,566289
linebuf,L178.w0,32,3701549135,494397,569448
linebuf,L178.w1,32,1855811703,494557,569451
linebuf,L178.w2,32,93842369,494717,569455
linebuf,L178.w3,32,2535573221,494877,569459
linebuf,L178.w4,32,1580998038,495037,569463
linebuf,L178.w5,32,3865527260,495197,569467
linebuf,L178.w6,32,3640542008,495357,569470
linebuf,L178.w7,32,2090244384,495517,569474
linebuf,L178.w8,32,3050622533,495677,569478
linebuf,L178.w9,32,3467980739,495837,569482
linebuf,L178.w10,32,1218707318,495997,569485
linebuf,L178.w11,32,944612994,496157,569489
linebuf,L179.w0,32,3828024871,496317,572648
linebuf,L179.w1,32,860649144,496477,572651
linebuf,L179.w2,32,2568725454,496637,572655
linebuf,L179.w3,32,2120061757,496797,572659
linebuf,L179.w4,32,3717265499,496957,572663
linebuf,L179.w5,32,3860573419,497117,572667
linebuf,L179.w6,32,3834518349,497277,572670
linebuf,L179.w7,32,1010269600,497437,572674
linebuf,L179.w8,32,1827268402,497597,572678
linebuf,L179.w9,32,1942157040,497757,572682
linebuf,L179.w10,32,2901681369,497917,572685
linebuf,L179.w11,32,1576941297,498077,572689
linebuf,L180.w0,32,4057606953,526523,575848
linebuf,L180.w1,32,810999216,526683,575851
linebuf,L180.w2,32,3428074291,526843,575855
linebuf,L180.w3,32,2070853638,527003,575859
linebuf,L180.w4,32,3117366750,527163,575863
linebuf,L180.w5,32,312214448,527323,575867
linebuf,L180.w6,32,3496242425,527483,575870
linebuf,L180.w7,32,3611217251,527643,575874
linebuf,L180.w8,32,4287064344,527803,575878
linebuf,L180.w9,32,4193188059,527963,575882
linebuf,L180.w10,32,1101921895,528123,575885
linebuf,L180.w11,32,1749384769,528283,575889
linebuf,L181.w0,32,864850215,528443,579048
linebuf,L181.w1,32,35561698,528603,579051
linebuf,L181.w2,32,3207407755,528763,579055
linebuf,L181.w3,32,2284872442,528923,579059
linebuf,L181.w4,32,3308552940,529083,579063
linebuf,L181.w5,32,1635165130,529243,579067
linebuf,L181.w6,32,2208832078,529403,579070
linebuf,L181.w7,32,3762700191,529563,579074
linebuf,L181.w8,32,2091974696,529723,579078
linebuf,L181.w9,32,328191011,529883,579082
linebuf,L181.w10,32,1734063283,530043,579085
linebuf,L181.w11,32,2645032434,530203,579089
linebuf,L182.w0,32,3791154435,530363,582248
linebuf,L182.w1,32,2190727033,530523,582251
linebuf,L182.w2,32,3419789873,530683,582255
linebuf,L182.w3,32,2483698411,530843,582259
linebuf,L182.w4,32,2510827579,531003,582263
linebuf,L182.w5,32,1827925738,531163,582267
linebuf,L182.w6,32,172310156,531323,582270
linebuf,L182.w7,32,1511082319,531483,582274
linebuf,L182.w8,32,3655625297,531643,582278
linebuf,L182.w9,32,4242920134,531803,582282
linebuf,L182.w10,32,1969043569,531963,582285
linebuf,L182.w11,32,27493137,532123,582289
linebuf,L183.w0,32,815015232,532283,585448
linebuf,L183.w1,32,4125410491,532443,585451
linebuf,L183.w2,32,1285716801,532603,585455
linebuf,L183.w3,32,2989278023,532763,585459
linebuf,L183.w4,32,2969258952,532923,585463
linebuf,L183.w5,32,2757706140,533083,585467
linebuf,L183.w6,32,23652713,533243,585470
linebuf,L183.w7,32,2322599999,533403,585474
linebuf,L183.w8,32,515587831,533563,585478
linebuf,L183.w9,32,3529882839,533723,585482
linebuf,L183.w10,32,1299887469,533883,585485
linebuf,L183.w11,32,2201136179,534043,585489
linebuf,L184.w0,32,3810457851,534203,588648
linebuf,L184.w1,32,4268907102,534363,588651
linebuf,L184.w2,32,3207741170,534523,588655
linebuf,L184.w3,32,1355285584,534683,588659
linebuf,L184.w4,32,4169518691,534843,588663
linebuf,L184.w5,32,3335337471,535003,588667
linebuf,L184.w6,32,2332290684,535163,588670
linebuf,L184.w7,32,2770459357,535323,588674
linebuf,L184.w8,32,2456584804,535483,588678
linebuf,L184.w9,32,4268302745,535643,588682
linebuf,L184.w10,32,2368145367,535803,588685
linebuf,L184.w11,32,1213357706,535963,588689
linebuf,L185.w0,32,2257551700,536123,591848
linebuf,L185.w1,32,1767107048,536283,591851
linebuf,L185.w2,32,2328046525,536443,591855
linebuf,L185.w3,32,4035663442,536603,591859
linebuf,L185.w4,32,3515720848,536763,591863
linebuf,L185.w5,32,3980530265,536923,591867
linebuf,L185.w6,32,4094687522,537083,591870
linebuf,L185.w7,32,2224211893,537243,591874
linebuf,L185.w8,32,1753638458,537403,591878
linebuf,L185.w9,32,2588874678,537563,591882
linebuf,L185.w10,32,2705680102,537723,591885
linebuf,L185.w11,32,2495631443,537883,591889
linebuf,L186.w0,32,1321816604,538043,595048
linebuf,L186.w1,32,1943568343,538203,595051
linebuf,L186.w2,32,1296695246,538363,595055
linebuf,L186.w3,32,562398820,538523,595059
linebuf,L186.w4,32,2174616455,538683,595063
linebuf,L186.w5,32,1907752789,538843,595067
linebuf,L186.w6,32,2518000430,539003,595070
linebuf,L186.w7,32,602699159,539163,595074
linebuf,L186.w8,32,2362208242,539323,595078
linebuf,L186.w9,32,3317901462,539483,595082
linebuf,L186.w10,32,4194377867,539643,595085
linebuf,L186.w11,32,4185670296,539803,595089
linebuf,L187.w0,32,699956143,539963,598248
linebuf,L187.w1,32,1085526214,540123,598251
linebuf,L187.w2,32,2734452843,540283,598255
linebuf,L187.w3,32,41256666,540443,598259
linebuf,L187.w4,32,4271478159,540603,598263
linebuf,L187.w5,32,1821830650,540763,598267
linebuf,L187.w6,32,3161676967,540923,598270
linebuf,L187.w7,32,2841328452,541083,598274
linebuf,L187.w8,32,2430558587,541243,598278
linebuf,L187.w9,32,155691666,541403,598282
linebuf,L187.w10,32,1582107685,541563,598285
linebuf,L187.w11,32,1807614571,541723,598289
linebuf,L188.w0,32,1727173357,541883,601448
linebuf,L188.w1,32,1209269418,542043,601451
linebuf,L188.w2,32,4022336061,542203,601455
linebuf,L188.w3,32,2830349278,542363,601459
linebuf,L188.w4,32,3845415001,542523,601463
linebuf,L188.w5,32,3225577996,542683,601467
linebuf,L188.w6,32,2876237781,542843,601470
linebuf,L188.w7,32,78729811,543003,601474
linebuf,L188.w8,32,3860092807,543163,601478
linebuf,L188.w9,32,388595128,543323,601482
linebuf,L188.w10,32,3973547619,543483,601485
linebuf,L188.w11,32,386681600,543643,601489
linebuf,L189.w0,32,3635017972,543803,604648
linebuf,L189.w1,32,20694714,543963,604651
linebuf,L189.w2,32,1646760017,544123,604655
linebuf,L189.w3,32,1154810226,544283,604659
linebuf,L189.w4,32,1994430969,544443,604663
linebuf,L189.w5,32,1168049040,544603,604667
linebuf,L189.w6,32,3418396700,544763,604670
linebuf,L189.w7,32,3356688087,544923,604674
linebuf,L189.w8,32,1600446674,545083,604678
linebuf,L189.w9,32,2730897715,545243,604682
linebuf,L189.w10,32,3218493055,545403,604685
linebuf,L189.w11,32,3660408194,545563,604689
linebuf,L190.w0,32,2067684778,545723,607848
linebuf,L190.w1,32,3301263197,545883,607851
linebuf,L190.w2,32,1445433900,546043,607855
linebuf,L190.w3,32,1668417946,546203,607859
linebuf,L190.w4,32,1959141967,546363,607863
linebuf,L190.w5,32,3451135325,546523,607867
linebuf,L190.w6,32,500404296,546683,607870
linebuf,L190.w7,32,2077579264,546843,607874
linebuf,L190.w8,32,1522551972,547003,607878
linebuf,L190.w9,32,621461358,547163,607882
linebuf,L190.w10,32,1783246509,547323,607885
linebuf,L190.w11,32,636773206,547483,607889
linebuf,L191.w0,32,78011961,547643,611048
linebuf,L191.w1,32,4273512447,547803,611051
linebuf,L191.w2,32,739052080,547963,611055
linebuf,L191.w3,32,3496329447,548123,611059
linebuf,L191.w4,32,1117692447,548283,611063
linebuf,L191.w5,32,1579542688,548443,611067
linebuf,L191.w6,32,3684583870,548603,611070
linebuf,L191.w7,32,545970687,548763,611074
linebuf,L191.w8,32,2532214511,548923,611078
linebuf,L191.w9,32,3376518736,549083,611082
linebuf,L191.w10,32,1233277959,549243,611085
linebuf,L191.w11,32,4078627584,549403,611089
linebuf,L192.w0,32,4285203526,549563,614248
linebuf,L192.w1,32,1773440014,549723,614251
linebuf,L192.w2,32,1107760522,549883,614255
linebuf,L192.w3,32,4033208138,550043,614259
linebuf,L192.w4,32,2206704103,550203,614263
linebuf,L192.w5,32,1233845011,550363,614267
linebuf,L192.w6,32,3176213305,550523,614270
linebuf,L192.w7,32,1807123872,550683,614274
linebuf,L192.w8,32,2969199126,550843,614278
linebuf,L192.w9,32,1175425597,551003,614282
linebuf,L192.w10,32,1861879867,551163,614285
linebuf,L192.w11,32,1442694145,551323,614289
linebuf,L193.w0,32,3337179672,551483,617448
linebuf,L193.w1,32,3925473883,551643,617451
linebuf,L193.w2,32,2086469822,551803,617455
linebuf,L193.w3,32,925412025,551963,617459
linebuf,L193.w4,32,3072899065,552123,617463
linebuf,L193.w5,32,3563195019,552283,617467
linebuf,L193.w6,32,2110446164,552443,617470
linebuf,L193.w7,32,4077411768,552603,617474
linebuf,L193.w8,32,4172537889,552763,617478
linebuf,L193.w9,32,1726167058,552923,617482
linebuf,L193.w10,32,3075969411,553083,617485
linebuf,L193.w11,32,1825887667,553243,617489
linebuf,L194.w0,32,392462242,553403,620648
linebuf,L194.w1,32,276772820,553563,620651
linebuf,L194.w2,32,556069959,553723,620655
linebuf,L194.w3,32,885362919,553883,620659
linebuf,L194.w4,32,4151149441,554043,620663
linebuf,L194.w5,32,642541467,554203,620667
linebuf,L194.w6,32,984528365,554363,620670
linebuf,L194.w7,32,3136036815,554523,620674
linebuf,L194.w8,32,112253473,554683,620678
linebuf,L194.w9,32,443519845,554843,620682
linebuf,L194.w10,32,1087587724,555003,620685
linebuf,L194.w11,32,668781488,555163,620689
linebuf,L195.w0,32,2060669701,555323,623848
linebuf,L195.w1,32,3327327383,555483,623851
linebuf,L195.w2,32,4089532836,555643,623855
linebuf,L195.w3,32,424997160,555803,623859
linebuf,L195.w4,32,1714249864,555963,623863
linebuf,L195.w5,32,2790269882,556123,623867
linebuf,L195.w6,32,3107432840,556283,623870
linebuf,L195.w7,32,805027153,556443,623874
linebuf,L195.w8,32,3583559769,556603,623878
linebuf,L195.w9,32,12867764,556763,623882
linebuf,L195.w10,32,382947942,556923,623885
linebuf,L195.w11,32,1836897517,557083,623889
linebuf,L196.w0,32,2628055918,557243,627048
linebuf,L196.w1,32,4100904669,557403,627051
linebuf,L196.w2,32,4276861256,557563,627055
linebuf,L196.w3,32,218495362,557723,627059
linebuf,L196.w4,32,2360496708,557883,627063
linebuf,L196.w5,32,937493333,558043,627067
linebuf,L196.w6,32,2295600666,558203,627070
linebuf,L196.w7,32,1811957492,558363,627074
linebuf,L196.w8,32,1489076075,558523,627078
linebuf,L196.w9,32,202012880,558683,627082
linebuf,L196.w10,32,4063491730,558843,627085
linebuf,L196.w11,32,2798556992,559003,627089
linebuf,L197.w0,32,4164397014,559163,630248
linebuf,L197.w1,32,3977307832,559323,630251
linebuf,L197.w2,32,443111124,559483,630255
linebuf,L197.w3,32,3154743256,559643,630259
linebuf,L197.w4,32,2374403342,559803,630263
linebuf,L197.w5,32,2916574202,559963,630267
linebuf,L197.w6,32,1802293818,560123,630270
linebuf,L197.w7,32,3585908596,560283,630274
linebuf,L197.w8,32,2884698288,560443,630278
linebuf,L197.w9,32,3183090155,560603,630282
linebuf,L197.w10,32,509583415,560763,630285
linebuf,L197.w11,32,4274032272,560923,630289
linebuf,L198.w0,32,1139602105,561083,633448
linebuf,L198.w1,32,2940138844,561243,633451
linebuf,L198.w2,32,1197236657,561403,633455
linebuf,L198.w3,32,768978328,561563,633459
linebuf,L198.w4,32,2060351363,561723,633463
linebuf,L198.w5,32,3457966418,561883,633467
linebuf,L198.w6,32,3407123837,562043,633470
linebuf,L198.w7,32,3024357647,562203,633474
linebuf,L198.w8,32,3684427029,562363,633478
linebuf,L198.w9,32,204763103,562523,633482
linebuf,L198.w10,32,3377663838,562683,633485
linebuf,L198.w11,32,920067135,562843,633489
linebuf,L199.w0,32,2906863209,563003,636648
linebuf,L199.w1,32,2767126413,563163,636651
linebuf,L199.w2,32,374490045,563323,636655
linebuf,L199.w3,32,3721147390,563483,636659
linebuf,L199.w4,32,1673822090,563643,636663
linebuf,L199.w5,32,531666783,563803,636667
linebuf,L199.w6,32,2872051604,563963,636670
linebuf,L199.w7,32,1921108452,564123,636674
linebuf,L199.w8,32,1263784579,564283,636678
linebuf,L199.w9,32,2928993158,564443,636682
linebuf,L199.w10,32,2181063404,564603,636685
linebuf,L199.w11,32,2138727811,564763,636689
linebuf,L200.w0,32,498890668,586917,639848
linebuf,L200.w1,32,2603228080,587077,639851
linebuf,L200.w2,32,3667372311,587237,639855
linebuf,L200.w3,32,2058108834,587397,639859
linebuf,L200.w4,32,454534996,587557,639863
linebuf,L200.w5,32,640523605,587717,639867
linebuf,L200.w6,32,1659422620,587877,639870
linebuf,L200.w7,32,2635546459,588037,639874
linebuf,L200.w8,32,3888617884,588197,639878
linebuf,L200.w9,32,3016734480,588357,639882
linebuf,L200.w10,32,864147695,588517,639885
linebuf,L200.w11,32,717789655,588677,639889
linebuf,L201.w0,32,2236572573,588837,643048
linebuf,L201.w1,32,1106424563,588997,643051
linebuf,L201.w2,32,1789300699,589157,643055
linebuf,L201.w3,32,3191921139,589317,643059
linebuf,L201.w4,32,3813704543,589477,643063
linebuf,L201.w5,32,4016435448,589637,643067
linebuf,L201.w6,32,4260885409,589797,643070
linebuf,L201.w7,32,2305176018,589957,643074
linebuf,L201.w8,32,1239495600,590117,643078
linebuf,L201.w9,32,3732030087,590277,643082
linebuf,L201.w10,32,2115170644,590437,643085
linebuf,L201.w11,32,2721558934,590597,643089
linebuf,L202.w0,32,3844017850,590757,646248
linebuf,L202.w1,32,3479793295,590917,646251
linebuf,L202.w2,32,2339879600,591077,646255
linebuf,L202.w3,32,3921477800,591237,646259
linebuf,L202.w4,32,921807084,591397,646263
linebuf,L202.w5,32,3387490785,591557,646267
linebuf,L202.w6,32,3262724786,591717,646270
linebuf,L202.w7,32,2678155788,591877,646274
linebuf,L202.w8,32,1447787497,592037,646278
linebuf,L202.w9,32,3698173038,592197,646282
linebuf,L202.w10,32,2087244060,592357,646285
linebuf,L202.w11,32,441777862,592517,646289
linebuf,L203.w0,32,36773098,592677,649448
linebuf,L203.w1,32,3254623744,592837,649451
linebuf,L203.w2,32,4247581091,592997,649455
linebuf,L203.w3,32,3132244371,593157,649459
linebuf,L203.w4,32,2823006243,593317,649463
linebuf,L203.w5,32,1489832219,593477,649467
linebuf,L203.w6,32,3976335901,593637,649470
linebuf,L203.w7,32,3801732958,593797,649474
linebuf,L203.w8,32,4160471585,593957,649478
linebuf,L203.w9,32,3044275738,594117,649482
linebuf,L203.w10,32,1149048416,594277,649485
linebuf,L203.w11,32,242402710,594437,649489
linebuf,L204.w0,32,2321584335,594597,652648
linebuf,L204.w1,32,2686295344,594757,652651
linebuf,L204.w2,32,1890864664,594917,652655
linebuf,L204.w3,32,1287906920,595077,652659
linebuf,L204.w4,32,3263553306,595237,652663
linebuf,L204.w5,32,3883477615,595397,652667
linebuf,L204.w6,32,3618018907,595557,652670
linebuf,L204.w7,32,432755067,595717,652674
linebuf,L204.w8,32,981658422,595877,652678
linebuf,L204.w9,32,2181902618,596037,652682
linebuf,L204.w10,32,1179246245,596197,652685
linebuf,L204.w11,32,1161091406,596357,652689
linebuf,L205.w0,32,3033370254,596517,655848
linebuf,L205.w1,32,1058062369,596677,655851
linebuf,L205.w2,32,1767993442,596837,655855
linebuf,L205.w3,32,637101865,596997,655859
linebuf,L205.w4,32,559211348,597157,655863
linebuf,L205.w5,32,1100869506,597317,655867
linebuf,L205.w6,32,838852606,597477,655870
linebuf,L205.w7,32,1751134904,597637,655874
linebuf,L205.w8,32,2408829445,597797,655878
linebuf,L205.w9,32,2705941237,597957,655882
linebuf,L205.w10,32,2570514068,598117,655885
linebuf,L205.w11,32,3880484790,598277,655889
linebuf,L206.w0,32,4123476019,598437,659048
linebuf,L206.w1,32,250954502,598597,659051
linebuf,L206.w2,32,2288272465,598757,659055
linebuf,L206.w3,32,3583917651,598917,659059
linebuf,L206.w4,32,2615552475,599077,659063
linebuf,L206.w5,32,2187708792,599237,659067
linebuf,L206.w6,32,639326273,599397,659070
linebuf,L206.w7,32,4062455353,599557,659074
linebuf,L206.w8,32,1777265723,599717,659078
linebuf,L206.w9,32,1160337871,599877,659082
linebuf,L206.w10,32,1201694435,600037,659085
linebuf,L206.w11,32,2062215470,600197,659089
linebuf,L207.w0,32,2986818361,600357,662248
linebuf,L207.w1,32,1313388320,600517,662251
linebuf,L207.w2,32,1147002149,600677,662255
linebuf,L207.w3,32,2110231086,600837,662259
linebuf,L207.w4,32,920842318,600997,662263
linebuf,L207.w5,32,2142149952,601157,662267
linebuf,L207.w6,32,1579192448,601317,662270
linebuf,L207.w7,32,2572714235,601477,662274
linebuf,L207.w8,32,2020992831,601637,662278
linebuf,L207.w9,32,1037932633,601797,662282
linebuf,L207.w10,32,1453395355,601957,662285
linebuf,L207.w11,32,756596271,602117,662289
linebuf,L208.w0,32,2601599794,602277,665448
linebuf,L208.w1,32,3259522730,602437,665451
linebuf,L208.w2,32,778263821,602597,665455
linebuf,L208.w3,32,3174869535,602757,665459
linebuf,L208.w4,32,3779185922,602917,665463
linebuf,L208.w5,32,2493430422,603077,665467
linebuf,L208.w6,32,2981443321,603237,665470
linebuf,L208.w7,32,1937518309,603397,665474
linebuf,L208.w8,32,2296790534,603557,665478
linebuf,L208.w9,32,641795013,603717,665482
linebuf,L208.w10,32,249805073,603877,665485
linebuf,L208.w11,32,2164433473,604037,665489
linebuf,L209.w0,32,1400187858,604197,668648
linebuf,L209.w1,32,2269810739,604357,668651
linebuf,L209.w2,32,2963988604,604517,668655
linebuf,L209.w3,32,580109854,604677,668659
linebuf,L209.w4,32,2770529971,604837,668663
linebuf,L209.w5,32,3270223232,604997,668667
linebuf,L209.w6,32,3487316609,605157,668670
linebuf,L209.w7,32,4247156490,605317,668674
linebuf,L209.w8,32,3829000045,605477,668678
linebuf,L209.w9,32,915604562,605637,668682
linebuf,L209.w10,32,1354488240,605797,668685
linebuf,L209.w11,32,2673821876,605957,668689
linebuf,L210.w0,32,2120557122,606117,671848
linebuf,L210.w1,32,2063332184,606277,671851
linebuf,L210.w2,32,1417517936,606437,671855
linebuf,L210.w3,32,508554572,606597,671859
linebuf,L210.w4,32,549421921,606757,671863
linebuf,L210.w5,32,3810729961,606917,671867
linebuf,L210.w6,32,601798312,607077,671870
linebuf,L210.w7,32,2999385040,607237,671874
linebuf,L210.w8,32,1101527903,607397,671878
linebuf,L210.w9,32,966487193,607557,671882
linebuf,L210.w10,32,378080657,607717,671885
linebuf,L210.w11,32,2728432283,607877,671889
linebuf,L211.w0,32,2314238024,608037,675048
linebuf,L211.w1,32,3560644053,608197,675051
linebuf,L211.w2,32,3019028898,608357,675055
linebuf,L211.w3,32,214881549,608517,675059
linebuf,L211.w4,32,2418378391,608677,675063
linebuf,L211.w5,32,739093699,608837,675067
linebuf,L211.w6,32,2941050805,608997,675070
linebuf,L211.w7,32,498806705,609157,675074
linebuf,L211.w8,32,971727792,609317,675078
linebuf,L211.w9,32,2419184789,609477,675082
linebuf,L211.w10,32,856435136,609637,675085
linebuf,L211.w11,32,2160440623,609797,675089
linebuf,L212.w0,32,2437715409,609957,678248
linebuf,L212.w1,32,2834268448,610117,678251
linebuf,L212.w2,32,3797977698,610277,678255
linebuf,L212.w3,32,1322262239,610437,678259
linebuf,L212.w4,32,1813612423,610597,678263
linebuf,L212.w5,32,1407207212,610757,678267
linebuf,L212.w6,32,18196253,610917,678270
linebuf,L212.w7,32,3323399223,611077,678274
linebuf,L212.w8,32,86120975,611237,678278
linebuf,L212.w9,32,3529277538,611397,678282
linebuf,L212.w10,32,1311273216,611557,678285
linebuf,L212.w11,32,3531356763,611717,678289
linebuf,L213.w0,32,2643012205,611877,681448
linebuf,L213.w1,32,946037297,612037,681451
linebuf,L213.w2,32,363205766,612197,681455
linebuf,L213.w3,32,3191378271,612357,681459
linebuf,L213.w4,32,964264583,612517,681463
linebuf,L213.w5,32,1203332020,612677,681467
linebuf,L213.w6,32,2923543672,612837,681470
linebuf,L213.w7,32,2687156800,612997,681474
linebuf,L213.w8,32,4230508183,613157,681478
linebuf,L213.w9,32,3698923592,613317,681482
linebuf,L213.w10,32,1464896569,613477,681485
linebuf,L213.w11,32,1155665165,613637,681489
linebuf,L214.w0,32,2581872276,613797,684648
linebuf,L214.w1,32,3087073482,613957,684651
linebuf,L214.w2,32,2226639195,614117,684655
linebuf,L214.w3,32,1628980321,614277,684659
linebuf,L214.w4,32,99320165,614437,684663
linebuf,L214.w5,32,522510083,614597,684667
linebuf,L214.w6,32,1416628003,614757,684670
linebuf,L214.w7,32,1490453440,614917,684674
linebuf,L214.w8,32,598895313,615077,684678
linebuf,L214.w9,32,487051788,615237,684682
linebuf,L214.w10,32,1077270908,615397,684685
linebuf,L214.w11,32,3859499069,615557,684689
linebuf,L215.w0,32,3307043158,615717,687848
linebuf,L215.w1,32,615378813,615877,687851
linebuf,L215.w2,32,2925742796,616037,687855
linebuf,L215.w3,32,2465346468,616197,687859
linebuf,L215.w4,32,176192144,616357,687863
linebuf,L215.w5,32,1490360837,616517,687867
linebuf,L215.w6,32,332323643,616677,687870
linebuf,L215.w7,32,394364344,616837,687874
linebuf,L215.w8,32,3113547284,616997,687878
linebuf,L215.w9,32,4289720598,617157,687882
linebuf,L215.w10,32,443282289,617317,687885
linebuf,L215.w11,32,1288430783,617477,687889
linebuf,L216.w0,32,1361590487,617637,691048
linebuf,L216.w1,32,1069241610,617797,691051
linebuf,L216.w2,32,1156796295,617957,691055
linebuf,L216.w3,32,2274730528,618117,691059
linebuf,L216.w4,32,213745555,618277,691063
linebuf,L216.w5,32,1553733784,618437,691067
linebuf,L216.w6,32,133874039,618597,691070
linebuf,L216.w7,32,336372136,618757,691074
linebuf,L216.w8,32,597149828,618917,691078
linebuf,L216.w9,32,3976116774,619077,691082
linebuf,L216.w10,32,1715097402,619237,691085
linebuf,L216.w11,32,1597973491,619397,691089
linebuf,L217.w0,32,4010235577,619557,694248
linebuf,L217.w1,32,3092595914,619717,694251
linebuf,L217.w2,32,2741813159,619877,694255
linebuf,L217.w3,32,2969120515,620037,694259
linebuf,L217.w4,32,1039644066,620197,694263
linebuf,L217.w5,32,403131109,620357,694267
linebuf,L217.w6,32,2919049563,620517,694270
linebuf,L217.w7,32,1412277968,620677,694274
linebuf,L217.w8,32,1175245625,620837,694278
linebuf,L217.w9,32,34200172,620997,694282
linebuf,L217.w10,32,2212930426,621157,694285
linebuf,L217.w11,32,3814756038,621317,694289
linebuf,L218.w0,32,1382239370,621477,697448
linebuf,L218.w1,32,4118664875,621637,697451
linebuf,L218.w2,32,4074510534,621797,697455
linebuf,L218.w3,32,481947297,621957,697459
linebuf,L218.w4,32,1513385476,622117,697463
linebuf,L218.w5,32,3965681885,622277,697467
linebuf,L218.w6,32,3451275941,622437,697470
linebuf,L218.w7,32,3397259083,622597,697474
linebuf,L218.w8,32,2753902811,622757,697478
linebuf,L218.w9,32,3110255105,622917,697482
linebuf,L218.w10,32,3622055786,623077,697485
linebuf,L218.w11,32,540736058,623237,697489
linebuf,L219.w0,32,2603438973,623397,700648
linebuf,L219.w1,32,3982442704,623557,700651
linebuf,L219.w2,32,3738275045,623717,700655
linebuf,L219.w3,32,1164278964,623877,700659
linebuf,L219.w4,32,1740161784,624037,700663
linebuf,L219.w5,32,391155596,624197,700667
linebuf,L219.w6,32,2916294348,624357,700670
linebuf,L219.w7,32,2476667170,624517,700674
linebuf,L219.w8,32,2665616313,624677,700678
linebuf,L219.w9,32,3115458915,624837,700682
linebuf,L219.w10,32,2266599034,624997,700685
linebuf,L219.w11,32,2042624582,625157,700689
linebuf,L220.w0,32,2301080189,654323,703848
linebuf,L220.w1,32,4011058837,654483,703851
linebuf,L220.w2,32,1691232375,654643,703855
linebuf,L220.w3,32,1293194068,654803,703859
linebuf,L220.w4,32,3858252384,654963,703863
linebuf,L220.w5,32,942283730,655123,703867
linebuf,L220.w6,32,2717552120,655283,703870
linebuf,L220.w7,32,1299963967,655443,703874
linebuf,L220.w8,32,2358465658,655603,703878
linebuf,L220.w9,32,571762917,655763,703882
linebuf,L220.w10,32,231666472,655923,703885
linebuf,L220.w11,32,2577373020,656083,703889
linebuf,L221.w0,32,2184111629,656243,707048
linebuf,L221.w1,32,471881513,656403,707051
linebuf,L221.w2,32,752249458,656563,707055
linebuf,L221.w3,32,1033289649,656723,707059
linebuf,L221.w4,32,923517695,656883,707063
linebuf,L221.w5,32,3853581490,657043,707067
linebuf,L221.w6,32,1866645494,657203,707070
linebuf,L221.w7,32,1178942230,657363,707074
linebuf,L221.w8,32,2344866698,657523,707078
linebuf,L221.w9,32,85839698,657683,707082
linebuf,L221.w10,32,1075511927,657843,707085
linebuf,L221.w11,32,2314269857,658003,707089
linebuf,L222.w0,32,1163654294,658163,710248
linebuf,L222.w1,32,4058029574,658323,710251
linebuf,L222.w2,32,2276961206,658483,710255
linebuf,L222.w3,32,1124185702,658643,710259
linebuf,L222.w4,32,2032524895,658803,710263
linebuf,L222.w5,32,541480452,658963,710267
linebuf,L222.w6,32,1732106555,659123,710270
linebuf,L222.w7,32,3044585376,659283,710274
linebuf,L222.w8,32,445617982,659443,710278
linebuf,L222.w9,32,3199388841,659603,710282
linebuf,L222.w10,32,1604074331,659763,710285
linebuf,L222.w11,32,296673943,659923,710289
linebuf,L223.w0,32,2810717910,660083,713448
linebuf,L223.w1,32,4198211671,660243,713451
linebuf,L223.w2,32,2337316642,660403,713455
linebuf,L223.w3,32,1559684951,660563,713459
linebuf,L223.w4,32,2339695096,660723,713463
linebuf,L223.w5,32,2385798626,660883,713467
linebuf,L223.w6,32,3624171174,661043,713470
linebuf,L223.w7,32,3455132697,661203,713474
linebuf,L223.w8,32,3105961657,661363,713478
linebuf,L223.w9,32,2179072539,661523,713482
linebuf,L223.w10,32,2940288413,661683,713485
linebuf,L223.w11,32,2494614936,661843,713489
linebuf,L224.w0,32,130625681,662003,716648
linebuf,L224.w1,32,2658780901,662163,716651
linebuf,L224.w2,32,1323399512,662323,716655
linebuf,L224.w3,32,1913352008,662483,716659
linebuf,L224.w4,32,2930938619,662643,716663
linebuf,L224.w5,32,567842615,662803,716667
linebuf,L224.w6,32,669038986,662963,716670
linebuf,L224.w7,32,319317476,663123,716674
linebuf,L224.w8,32,3923336852,663283,716678
linebuf,L224.w9,32,2488002842,663443,716682
linebuf,L224.w10,32,609569831,663603,716685
linebuf,L224.w11,32,2906054126,663763,716689
linebuf,L225.w0,32,3775797829,663923,719848
linebuf,L225.w1,32,3551266789,664083,719851
linebuf,L225.w2,32,928865527,664243,719855
linebuf,L225.w3,32,2079071182,664403,719859
linebuf,L225.w4,32,3614600448,664563,719863
linebuf,L225.w5,32,3440245579,664723,719867
linebuf,L225.w6,32,3643118742,664883,719870
linebuf,L225.w7,32,3295878214,665043,719874
linebuf,L225.w8,32,1440809960,665203,719878
linebuf,L225.w9,32,1568054506,665363,719882
linebuf,L225.w10,32,3816475175,665523,719885
linebuf,L225.w11,32,1255604369,665683,719889
linebuf,L226.w0,32,686197459,665843,723048
linebuf,L226.w1,32,668316562,666003,723051
linebuf,L226.w2,32,3646897568,666163,723055
linebuf,L226.w3,32,3414996159,666323,723059
linebuf,L226.w4,32,1639537406,666483,723063
linebuf,L226.w5,32,3578266923,666643,723067
linebuf,L226.w6,32,1888572710,666803,723070
linebuf,L226.w7,32,1742210818,666963,723074
linebuf,L226.w8,32,506203895,667123,723078
linebuf,L226.w9,32,4194915699,667283,723082
linebuf,L226.w10,32,2581297955,667443,723085
linebuf,L226.w11,32,623386838,667603,723089
linebuf,L227.w0,32,1158592426,667763,726248
linebuf,L227.w1,32,1268271321,667923,726251
linebuf,L227.w2,32,2864224790,668083,726255
linebuf,L227.w3,32,2950449092,668243,726259
linebuf,L227.w4,32,3433345067,668403,726263
linebuf,L227.w5,32,2743934637,668563,726267
linebuf,L227.w6,32,2592803104,668723,726270
linebuf,L227.w7,32,4093582157,668883,726274
linebuf,L227.w8,32,35153486,669043,726278
linebuf,L227.w9,32,2307596882,669203,726282
linebuf,L227.w10,32,4090248713,669363,726285
linebuf,L227.w11,32,41654207,669523,726289
linebuf,L228.w0,32,3950000543,669683,729448
linebuf,L228.w1,32,3501371484,669843,729451
linebuf,L228.w2,32,2761386201,670003,729455
linebuf,L228.w3,32,569415537,670163,729459
linebuf,L228.w4,32,1629967345,670323,729463
linebuf,L228.w5,32,3208291594,670483,729467
linebuf,L228.w6,32,2413401244,670643,729470
linebuf,L228.w7,32,4047112345,670803,729474
linebuf,L228.w8,32,3791648979,670963,729478
linebuf,L228.w9,32,434406291,671123,729482
linebuf,L228.w10,32,1973661208,671283,729485
linebuf,L228.w11,32,130421832,671443,729489
linebuf,L229.w0,32,3346716872,671603,732648
linebuf,L229.w1,32,1855227841,671763,732651
linebuf,L229.w2,32,2570790882,671923,732655
linebuf,L229.w3,32,2917353565,672083,732659
linebuf,L229.w4,32,1813675484,672243,732663
linebuf,L229.w5,32,1185680622,672403,732667
linebuf,L229.w6,32,4009466025,672563,732670
linebuf,L229.w7,32,1589756881,672723,732674
linebuf,L229.w8,32,1754197391,672883,732678
linebuf,L229.w9,32,1744331398,673043,732682
linebuf,L229.w10,32,2601801525,673203,732685
linebuf,L229.w11,32,1984222092,673363,732689
linebuf,L230.w0,32,228811357,673523,735848
linebuf,L230.w1,32,426003478,673683,735851
linebuf,L230.w2,32,2021915422,673843,735855
linebuf,L230.w3,32,3346379741,674003,735859
linebuf,L230.w4,32,160692915,674163,735863
linebuf,L230.w5,32,2774905413,674323,735867
linebuf,L230.w6,32,3024227637,674483,735870
linebuf,L230.w7,32,2995158575,674643,735874
linebuf,L230.w8,32,2535051,674803,735878
linebuf,L230.w9,32,3488319527,674963,735882
linebuf,L230.w10,32,180670229,675123,735885
linebuf,L230.w11,32,3572404086,675283,735889
linebuf,L231.w0,32,477280865,675443,739048
linebuf,L231.w1,32,2522826514,675603,739051
linebuf,L231.w2,32,599469626,675763,739055
linebuf,L231.w3,32,2278239505,675923,739059
linebuf,L231.w4,32,2182179953,676083,739063
linebuf,L231.w5,32,3277931566,676243,739067
linebuf,L231.w6,32,1530247017,676403,739070
linebuf,L231.w7,32,2366652321,676563,739074
linebuf,L231.w8,32,1163520841,676723,739078
linebuf,L231.w9,32,3362642894,676883,739082
linebuf,L231.w10,32,4224631229,677043,739085
linebuf,L231.w11,32,2440503405,677203,739089
linebuf,L232.w0,32,3904124926,677363,742248
linebuf,L232.w1,32,4160122909,677523,742251
linebuf,L232.w2,32,2812612325,677683,742255
linebuf,L232.w3,32,1530803739,677843,742259
linebuf,L232.w4,32,3444937295,678003,742263
linebuf,L232.w5,32,2035444870,678163,742267
linebuf,L232.w6,32,3520620609,678323,742270
linebuf,L232.w7,32,2995620524,678483,742274
linebuf,L232.w8,32,1053011902,678643,742278
linebuf,L232.w9,32,3983732753,678803,742282
linebuf,L232.w10,32,3471562178,678963,742285
linebuf,L232.w11,32,2670577197,679123,742289
linebuf,L233.w0,32,1029983093,679283,745448
linebuf,L233.w1,32,453292684,679443,745451
linebuf,L233.w2,32,2415303024,679603,745455
linebuf,L233.w3,32,4088673561,679763,745459
linebuf,L233.w4,32,1536382833,679923,745463
linebuf,L233.w5,32,3745197896,680083,745467
linebuf,L233.w6,32,681436078,680243,745470
linebuf,L233.w7,32,499948028,680403,745474
linebuf,L233.w8,32,3336564390,680563,745478
linebuf,L233.w9,32,174283426,680723,745482
linebuf,L233.w10,32,3935657486,680883,745485
linebuf,L233.w11,32,3023890426,681043,745489
linebuf,L234.w0,32,1347325024,681203,748648
linebuf,L234.w1,32,1814170943,681363,748651
linebuf,L234.w2,32,3778551314,681523,748655
linebuf,L234.w3,32,3123631959,681683,748659
linebuf,L234.w4,32,1487158606,681843,748663
linebuf,L234.w5,32,1088734738,682003,748667
linebuf,L234.w6,32,2824178781,682163,748670
linebuf,L234.w7,32,2687676437,682323,748674
linebuf,L234.w8,32,4276883742,682483,748678
linebuf,L234.w9,32,3858438551,682643,748682
linebuf,L234.w10,32,3316018539,682803,748685
linebuf,L234.w11,32,3932400216,682963,748689
linebuf,L235.w0,32,239088848,683123,751848
linebuf,L235.w1,32,2649790160,683283,751851
linebuf,L235.w2,32,1867763891,683443,751855
linebuf,L235.w3,32,1782133483,683603,751859
linebuf,L235.w4,32,1616210201,683763,751863
linebuf,L235.w5,32,1540794701,683923,751867
linebuf,L235.w6,32,1262427424,684083,751870
linebuf,L235.w7,32,3238005738,684243,751874
linebuf,L235.w8,32,3505275494,684403,751878
linebuf,L235.w9,32,1465597361,684563,751882
linebuf,L235.w10,32,1894167326,684723,751885
linebuf,L235.w11,32,3428207816,684883,751889
linebuf,L236.w0,32,3003214226,685043,755048
linebuf,L236.w1,32,1022459581,685203,755051
linebuf,L236.w2,32,2727008460,685363,755055
linebuf,L236.w3,32,2618408662,685523,755059
linebuf,L236.w4,32,2229069924,685683,755063
linebuf,L236.w5,32,620079361,685843,755067
linebuf,L236.w6,32,240652286,686003,755070
linebuf,L236.w7,32,1466719203,686163,755074
linebuf,L236.w8,32,2890664403,686323,755078
linebuf,L236.w9,32,487485406,686483,755082
linebuf,L236.w10,32,3828461193,686643,755085
linebuf,L236.w11,32,2203504669,686803,755089
linebuf,L237.w0,32,739590919,686963,758248
linebuf,L237.w1,32,2332312913,687123,758251
linebuf,L237.w2,32,2760566240,687283,758255
linebuf,L237.w3,32,2688240395,687443,758259
linebuf,L237.w4,32,2093536052,687603,758263
linebuf,L237.w5,32,3841491575,687763,758267
linebuf,L237.w6,32,1464517626,687923,758270
linebuf,L237.w7,32,3253330878,688083,758274
linebuf,L237.w8,32,3051259539,688243,758278
linebuf,L237.w9,32,521761911,688403,758282
linebuf,L237.w10,32,4188447660,688563,758285
linebuf,L237.w11,32,2503025316,688723,758289
linebuf,L238.w0,32,93049107,688883,761448
linebuf,L238.w1,32,2062683711,689043,761451
linebuf,L238.w2,32,3853898883,689203,761455
linebuf,L238.w3,32,898567931,689363,761459
linebuf,L238.w4,32,1645997433,689523,761463
linebuf,L238.w5,32,2712712104,689683,761467
linebuf,L238.w6,32,3581351409,689843,761470
linebuf,L238.w7,32,4093508579,690003,761474
linebuf,L238.w8,32,750379707,690163,761478
linebuf,L238.w9,32,1706152496,690323,761482
linebuf,L238.w10,32,3077737464,690483,761485
linebuf,L238.w11,32,978412532,690643,761489
linebuf,L239.w0,32,428193183,690803,764648
linebuf,L239.w1,32,1066671861,690963,764651
linebuf,L239.w2,32,1441434667,691123,764655
linebuf,L239.w3,32,4187054997,691283,764659
linebuf,L239.w4,32,4165726059,691443,764663
linebuf,L239.w5,32,1413252507,691603,764667
linebuf,L239.w6,32,2820142118,691763,764670
linebuf,L239.w7,32,1053006927,691923,764674
linebuf,L239.w8,32,3369503874,692083,764678
linebuf,L239.w9,32,2906823211,692243,764682
linebuf,L239.w10,32,1981291716,692403,764685
linebuf,L239.w11,32,3191100872,692563,764689
linebuf,L240.w0,32,2115808869,719256,767848
linebuf,L240.w1,32,2797864004,719416,767851
linebuf,L240.w2,32,3320676693,719576,767855
linebuf,L240.w3,32,2848327036,719736,767859
linebuf,L240.w4,32,3106334246,719896,767863
linebuf,L240.w5,32,4023392353,720056,767867
linebuf,L240.w6,32,832227648,720216,767870
linebuf,L240.w7,32,1855388088,720376,767874
linebuf,L240.w8,32,1892381452,720536,767878
linebuf,L240.w9,32,1713081894,720696,767882
linebuf,L240.w10,32,2327975029,720856,767885
linebuf,L240.w11,32,517158096,721016,767889
linebuf,L241.w0,32,2454267348,721176,771048
linebuf,L241.w1,32,2097136748,721336,771051
linebuf,L241.w2,32,3980450893,721496,771055
linebuf,L241.w3,32,1144422844,721656,771059
linebuf,L241.w4,32,3606686669,721816,771063
linebuf,L241.w5,32,537793573,721976,771067
linebuf,L241.w6,32,643735021,722136,771070
linebuf,L241.w7,32,51291885,722296,771074
linebuf,L241.w8,32,1615426180,722456,771078
linebuf,L241.w9,32,1780766594,722616,771082
linebuf,L241.w10,32,468033336,722776,771085
linebuf,L241.w11,32,3431718147,722936,771089
linebuf,L242.w0,32,112630452,723096,774248
linebuf,L242.w1,32,2802043631,723256,774251
linebuf,L242.w2,32,320344255,723416,774255
linebuf,L242.w3,32,4043066183,723576,774259
linebuf,L242.w4,32,785830988,723736,774263
linebuf,L242.w5,32,1970518892,723896,774267
linebuf,L242.w6,32,3290276421,724056,774270
linebuf,L242.w7,32,1619277692,724216,774274
linebuf,L242.w8,32,2865694200,724376,774278
linebuf,L242.w9,32,2156245335,724536,774282
linebuf,L242.w10,32,3426829759,724696,774285
linebuf,L242.w11,32,3500152100,724856,774289
linebuf,L243.w0,32,1239112722,725016,777448
linebuf,L243.w1,32,3942601227,725176,777451
linebuf,L243.w2,32,667914747,725336,777455
linebuf,L243.w3,32,662664727,725496,777459
linebuf,L243.w4,32,4175138874,725656,777463
linebuf,L243.w5,32,2253154550,725816,777467
linebuf,L243.w6,32,3547749997,725976,777470
linebuf,L243.w7,32,454128890,726136,777474
linebuf,L243.w8,32,4066398034,726296,777478
linebuf,L243.w9,32,1093448526,726456,777482
linebuf,L243.w10,32,80689861,726616,777485
linebuf,L243.w11,32,1994717167,726776,777489
linebuf,L244.w0,32,1703158450,726936,780648
linebuf,L244.w1,32,3482666029,727096,780651
linebuf,L244.w2,32,2722142606,727256,780655
linebuf,L244.w3,32,3026588173,727416,780659
linebuf,L244.w4,32,3161416247,727576,780663
linebuf,L244.w5,32,3405643134,727736,780667
linebuf,L244.w6,32,3919804557,727896,780670
linebuf,L244.w7,32,980827120,728056,780674
linebuf,L244.w8,32,2309540478,728216,780678
linebuf,L244.w9,32,2987183536,728376,780682
linebuf,L244.w10,32,1678440556,728536,780685
linebuf,L244.w11,32,4259105498,728696,780689
linebuf,L245.w0,32,22866486,728856,783848
linebuf,L245.w1,32,2336992772,729016,783851
linebuf,L245.w2,32,3452566366,729176,783855
linebuf,L245.w3,32,1071484254,729336,783859
linebuf,L245.w4,32,4218336165,729496,783863
linebuf,L245.w5,32,1816643289,729656,783867
linebuf,L245.w6,32,3896593805,729816,783870
linebuf,L245.w7,32,682491312,729976,783874
linebuf,L245.w8,32,2844421596,730136,783878
linebuf,L245.w9,32,769025585,730296,783882
linebuf,L245.w10,32,1470920912,730456,783885
linebuf,L245.w11,32,2845000630,730616,783889
linebuf,L246.w0,32,1027142542,730776,787048
linebuf,L246.w1,32,326663699,730936,787051
linebuf,L246.w2,32,3328684200,731096,787055
linebuf,L246.w3,32,2303642381,731256,787059
linebuf,L246.w4,32,4017638543,731416,787063
linebuf,L246.w5,32,2395975651,731576,787067
linebuf,L246.w6,32,4124569165,731736,787070
linebuf,L246.w7,32,691268380,731896,787074
linebuf,L246.w8,32,754227938,732056,787078
linebuf,L246.w9,32,1613547273,732216,787082
linebuf,L246.w10,32,2514070929,732376,787085
linebuf,L246.w11,32,92656191,732536,787089
linebuf,L247.w0,32,2203826181,732696,790248
linebuf,L247.w1,32,931419398,732856,790251
linebuf,L247.w2,32,1835777180,733016,790255
linebuf,L247.w3,32,1012164374,733176,790259
linebuf,L247.w4,32,3411925008,733336,790263
linebuf,L247.w5,32,173755536,733496,790267
linebuf,L247.w6,32,4019154723,733656,790270
linebuf,L247.w7,32,2214751625,733816,790274
linebuf,L247.w8,32,3112239921,733976,790278
linebuf,L247.w9,32,817071502,734136,790282
linebuf,L247.w10,32,3007790755,734296,790285
linebuf,L247.w11,32,2164789817,734456,790289
linebuf,L248.w0,32,2966166764,734616,793448
linebuf,L248.w1,32,2627949782,734776,793451
linebuf,L248.w2,32,2807004671,734936,793455
linebuf,L248.w3,32,4287277363,735096,793459
linebuf,L248.w4,32,2305340802,735256,793463
linebuf,L248.w5,32,331660857,735416,793467
linebuf,L248.w6,32,1064789851,735576,793470
linebuf,L248.w7,32,1710097509,735736,793474
linebuf,L248.w8,32,3347828315,735896,793478
linebuf,L248.w9,32,1996931914,736056,793482
linebuf,L248.w10,32,511502423,736216,793485
linebuf,L248.w11,32,2435300679,736376,793489
linebuf,L249.w0,32,2765478648,736536,796648
linebuf,L249.w1,32,207650793,736696,796651
linebuf,L249.w2,32,1662097882,736856,796655
linebuf,L249.w3,32,385195592,737016,796659
linebuf,L249.w4,32,2405020801,737176,796663
linebuf,L249.w5,32,406264935,737336,796667
linebuf,L249.w6,32,2754948112,737496,796670
linebuf,L249.w7,32,3500412279,737656,796674
linebuf,L249.w8,32,2056960916,737816,796678
linebuf,L249.w9,32,193185541,737976,796682
linebuf,L249.w10,32,4200882230,738136,796685
linebuf,L249.w11,32,2226842991,738296,796689
linebuf,L250.w0,32,1027326315,738456,799848
linebuf,L250.w1,32,3338717196,738616,799851
linebuf,L250.w2,32,52262616,738776,799855
linebuf,L250.w3,32,89554676,738936,799859
linebuf,L250.w4,32,4102801794,739096,799863
linebuf,L250.w5,32,3690593140,739256,799867
linebuf,L250.w6,32,1340062969,739416,799870
linebuf,L250.w7,32,2003298755,739576,799874
linebuf,L250.w8,32,1194312628,739736,799878
linebuf,L250.w9,32,3104992490,739896,799882
linebuf,L250.w10,32,1784812513,740056,799885
linebuf,L250.w11,32,715962946,740216,799889
linebuf,L251.w0,32,2555362661,740376,803048
linebuf,L251.w1,32,572095607,740536,803051
linebuf,L251.w2,32,4235329823,740696,803055
linebuf,L251.w3,32,2412333043,740856,803059
linebuf,L251.w4,32,3038795360,741016,803063
linebuf,L251.w5,32,3550750603,741176,803067
linebuf,L251.w6,32,1367174909,741336,803070
linebuf,L251.w7,32,3309698952,741496,803074
linebuf,L251.w8,32,2296468650,741656,803078
linebuf,L251.w9,32,2733756361,741816,803082
linebuf,L251.w10,32,1927089527,741976,803085
linebuf,L251.w11,32,4260958587,742136,803089
linebuf,L252.w0,32,2154300232,742296,806248
linebuf,L252.w1,32,3449050339,742456,806251
linebuf,L252.w2,32,1793613562,742616,806255
linebuf,L252.w3,32,2378638222,742776,806259
linebuf,L252.w4,32,719913220,742936,806263
linebuf,L252.w5,32,3001675045,743096,806267
linebuf,L252.w6,32,1698591111,743256,806270
linebuf,L252.w7,32,3000228088,743416,806274
linebuf,L252.w8,32,1671124957,743576,806278
linebuf,L252.w9,32,3471949302,743736,806282
linebuf,L252.w10,32,862083358,743896,806285
linebuf,L252.w11,32,2127701229,744056,806289
linebuf,L253.w0,32,3508638989,744216,809448
linebuf,L253.w1,32,1195850897,744376,809451
linebuf,L253.w2,32,1546149229,744536,809455
linebuf,L253.w3,32,3986521547,744696,809459
linebuf,L253.w4,32,650629093,744856,809463
linebuf,L253.w5,32,1114340695,745016,809467
linebuf,L253.w6,32,2434706659,745176,809470
linebuf,L253.w7,32,1200393055,745336,809474
linebuf,L253.w8,32,3628574834,745496,809478
linebuf,L253.w9,32,752294986,745656,809482
linebuf,L253.w10,32,3352484274,745816,809485
linebuf,L253.w11,32,3096491682,745976,809489
linebuf,L254.w0,32,2671642606,746136,812648
linebuf,L254.w1,32,359331904,746296,812651
linebuf,L254.w2,32,3139784323,746456,812655
linebuf,L254.w3,32,1548437065,746616,812659
linebuf,L254.w4,32,1443601106,746776,812663
linebuf,L254.w5,32,3987286964,746936,812667
linebuf,L254.w6,32,612941029,747096,812670
linebuf,L254.w7,32,1110113623,747256,812674
linebuf,L254.w8,32,1095258169,747416,812678
linebuf,L254.w9,32,1083509251,747576,812682
linebuf,L254.w10,32,1500462469,747736,812685
linebuf,L254.w11,32,1650394400,747896,812689
linebuf,L255.w0,32,1198870427,748056,815848
linebuf,L255.w1,32,2428669069,748216,815851
linebuf,L255.w2,32,2009019951,748376,815855
linebuf,L255.w3,32,57845403,748536,815859
linebuf,L255.w4,32,640088978,748696,815863
linebuf,L255.w5,32,4096778676,748856,815867
linebuf,L255.w6,32,559470087,749016,815870
linebuf,L255.w7,32,4118070835,749176,815874
linebuf,L255.w8,32,1085440758,749336,815878
linebuf,L255.w9,32,970299236,749496,815882
linebuf,L255.w10,32,843976934,749656,815885
linebuf,L255.w11,32,302622228,749816,815889
linebuf,L256.w0,32,3443277979,749976,819048
linebuf,L256.w1,32,2488271106,750136,819051
linebuf,L256.w2,32,2308788970,750296,819055
linebuf,L256.w3,32,2656121790,750456,819059
linebuf,L256.w4,32,852169722,750616,819063
linebuf,L256.w5,32,2332218934,750776,819067
linebuf,L256.w6,32,1843473416,750936,819070
linebuf,L256.w7,32,3075668422,751096,819074
linebuf,L256.w8,32,3744848862,751256,819078
linebuf,L256.w9,32,1030055605,751416,819082
linebuf,L256.w10,32,2480825302,751576,819085
linebuf,L256.w11,32,597829007,751736,819089
linebuf,L257.w0,32,2379043600,751896,822248
linebuf,L257.w1,32,1977848910,752056,822251
linebuf,L257.w2,32,1680698326,752216,822255
linebuf,L257.w3,32,3055988117,752376,822259
linebuf,L257.w4,32,841115399,752536,822263
linebuf,L257.w5,32,354634168,752696,822267
linebuf,L257.w6,32,2686094369,752856,822270
linebuf,L257.w7,32,4014699479,753016,822274
linebuf,L257.w8,32,331354180,753176,822278
linebuf,L257.w9,32,657476703,753336,822282
linebuf,L257.w10,32,3376660115,753496,822285
linebuf,L257.w11,32,2866019572,753656,822289
linebuf,L258.w0,32,247067375,753816,825448
linebuf,L258.w1,32,129968565,753976,825451
linebuf,L258.w2,32,3205537288,754136,825455
linebuf,L258.w3,32,1741126075,754296,825459
linebuf,L258.w4,32,1643379656,754456,825463
linebuf,L258.w5,32,1792092687,754616,825467
linebuf,L258.w6,32,2930934813,754776,825470
linebuf,L258.w7,32,590363419,754936,825474
linebuf,L258.w8,32,2538348879,755096,825478
linebuf,L258.w9,32,2563683461,755256,825482
linebuf,L258.w10,32,554805282,755416,825485
linebuf,L258.w11,32,2889174237,755576,825489
linebuf,L259.w0,32,2312848918,755736,828648
linebuf,L259.w1,32,2346553693,755896,828651
linebuf,L259.w2,32,318547181,756056,828655
linebuf,L259.w3,32,3983427365,756216,828659
linebuf,L259.w4,32,1036024763,756376,828663
linebuf,L259.w5,32,3650376602,756536,828667
linebuf,L259.w6,32,1639255501,756696,828670
linebuf,L259.w7,32,598834656,756856,828674
linebuf,L259.w8,32,1226948340,757016,828678
linebuf,L259.w9,32,869351794,757176,828682
linebuf,L259.w10,32,2842234774,757336,828685
linebuf,L259.w11,32,3087684644,757496,828689
linebuf,L260.w0,32,1532708531,778099,831848
linebuf,L260.w1,32,3217180437,778259,831851
linebuf,L260.w2,32,3601747118,778419,831855
linebuf,L260.w3,32,765807111,778579,831859
linebuf,L260.w4,32,966794319,778739,831863
linebuf,L260.w5,32,1279218327,778899,831867
linebuf,L260.w6,32,3046552983,779059,831870
linebuf,L260.w7,32,617625111,779219,831874
linebuf,L260.w8,32,1493447613,779379,831878
linebuf,L260.w9,32,2113649498,779539,831882
linebuf,L260.w10,32,2299367992,779699,831885
linebuf,L260.w11,32,1253138414,779859,831889
linebuf,L261.w0,32,380462642,780019,835048
linebuf,L261.w1,32,2208835810,780179,835051
linebuf,L261.w2,32,3553455032,780339,835055
linebuf,L261.w3,32,1283916588,780499,835059
linebuf,L261.w4,32,896940088,780659,835063
linebuf,L261.w5,32,3029583938,780819,835067
linebuf,L261.w6,32,1990514405,780979,835070
linebuf,L261.w7,32,94067831,781139,835074
linebuf,L261.w8,32,1246810935,781299,835078
linebuf,L261.w9,32,3438296118,781459,835082
linebuf,L261.w10,32,3479795191,781619,835085
linebuf,L261.w11,32,2671771774,781779,835089
linebuf,L262.w0,32,2545174997,781939,838248
linebuf,L262.w1,32,442549702,782099,838251
linebuf,L262.w2,32,2642199173,782259,838255
linebuf,L262.w3,32,1600443824,782419,838259
linebuf,L262.w4,32,3241620394,782579,838263
linebuf,L262.w5,32,1905217459,782739,838267
linebuf,L262.w6,32,1094772401,782899,838270
linebuf,L262.w7,32,2655835651,783059,838274
linebuf,L262.w8,32,250174010,783219,838278
linebuf,L262.w9,32,223615232,783379,838282
linebuf,L262.w10,32,3558618214,783539,838285
linebuf,L262.w11,32,3355456996,783699,838289
linebuf,L263.w0,32,1355513792,783859,841448
linebuf,L263.w1,32,686773307,784019,841451
linebuf,L263.w2,32,3488677937,784179,841455
linebuf,L263.w3,32,568520085,784339,841459
linebuf,L263.w4,32,4108734994,784499,841463
linebuf,L263.w5,32,3965643586,784659,841467
linebuf,L263.w6,32,2702355827,784819,841470
linebuf,L263.w7,32,3529945098,784979,841474
linebuf,L263.w8,32,443635725,785139,841478
linebuf,L263.w9,32,483259931,785299,841482
linebuf,L263.w10,32,3667846811,785459,841485
linebuf,L263.w11,32,1869567067,785619,841489
linebuf,L264.w0,32,2720553082,785779,844648
linebuf,L264.w1,32,2518996116,785939,844651
linebuf,L264.w2,32,1056129031,786099,844655
linebuf,L264.w3,32,3198327993,786259,844659
linebuf,L264.w4,32,892803581,786419,844663
linebuf,L264.w5,32,2165670076,786579,844667
linebuf,L264.w6,32,2180646439,786739,844670
linebuf,L264.w7,32,1704338793,786899,844674
linebuf,L264.w8,32,522121332,787059,844678
linebuf,L264.w9,32,3917616268,787219,844682
linebuf,L264.w10,32,3891326620,787379,844685
linebuf,L264.w11,32,4233563600,787539,844689
linebuf,L265.w0,32,3040244991,787699,847848
linebuf,L265.w1,32,911284043,787859,847851
linebuf,L265.w2,32,3518790164,788019,847855
linebuf,L265.w3,32,4068276753,788179,847859
linebuf,L265.w4,32,1648496595,788339,847863
linebuf,L265.w5,32,2838343330,788499,847867
linebuf,L265.w6,32,3965076466,788659,847870
linebuf,L265.w7,32,2222410817,788819,847874
linebuf,L265.w8,32,575331359,788979,847878
linebuf,L265.w9,32,3495643402,789139,847882
linebuf,L265.w10,32,3076270549,789299,847885
linebuf,L265.w11,32,2483987994,789459,847889
linebuf,L266.w0,32,1093515963,789619,851048
linebuf,L266.w1,32,3114143159,789779,851051
linebuf,L266.w2,32,15597714,789939,851055
linebuf,L266.w3,32,3082543574,790099,851059
linebuf,L266.w4,32,519224874,790259,851063
linebuf,L266.w5,32,3472989913,790419,851067
linebuf,L266.w6,32,865625071,790579,851070
linebuf,L266.w7,32,4235468172,790739,851074
linebuf,L266.w8,32,3278542948,790899,851078
linebuf,L266.w9,32,2416832909,791059,851082
linebuf,L266.w10,32,1623712215,791219,851085
linebuf,L266.w11,32,2847782126,791379,851089
linebuf,L267.w0,32,2070305828,791539,854248
linebuf,L267.w1,32,2340742465,791699,854251
linebuf,L267.w2,32,2635313915,791859,854255
linebuf,L267.w3,32,990712121,792019,854259
linebuf,L267.w4,32,1149592560,792179,854263
linebuf,L267.w5,32,161954711,792339,854267
linebuf,L267.w6,32,2742051365,792499,854270
linebuf,L267.w7,32,720586473,792659,854274
linebuf,L267.w8,32,2884379479,792819,854278
linebuf,L267.w9,32,2880195192,792979,854282
linebuf,L267.w10,32,3957250384,793139,854285
linebuf,L267.w11,32,2380994345,793299,854289
linebuf,L268.w0,32,2159796558,793459,857448
linebuf,L268.w1,32,1001231493,793619,857451
linebuf,L268.w2,32,3673425947,793779,857455
linebuf,L268.w3,32,1762839626,793939,857459
linebuf,L268.w4,32,4156461999,794099,857463
linebuf,L268.w5,32,1175489347,794259,857467
linebuf,L268.w6,32,3302380671,794419,857470
linebuf,L268.w7,32,2841687808,794579,857474
linebuf,L268.w8,32,1809005163,794739,857478
linebuf,L268.w9,32,1711742731,794899,857482
linebuf,L268.w10,32,1168144342,795059,857485
linebuf,L268.w11,32,2121610457,795219,857489
linebuf,L269.w0,32,419755213,795379,860648
linebuf,L269.w1,32,2874558177,795539,860651
linebuf,L269.w2,32,3569232978,795699,860655
linebuf,L269.w3,32,3581103642,795859,860659
linebuf,L269.w4,32,556627863,796019,860663
linebuf,L269.w5,32,801665284,796179,860667
linebuf,L269.w6,32,2403089618,796339,860670
linebuf,L269.w7,32,68167173,796499,860674
linebuf,L269.w8,32,1949617578,796659,860678
linebuf,L269.w9,32,3237495301,796819,860682
linebuf,L269.w10,32,192613891,796979,860685
linebuf,L269.w11,32,2097900965,797139,860689
linebuf,L270.w0,32,920573717,797299,863848
linebuf,L270.w1,32,1691962174,797459,863851
linebuf,L270.w2,32,3534313892,797619,863855
linebuf,L270.w3,32,3135856017,797779,863859
linebuf,L270.w4,32,2313525434,797939,863863
linebuf,L270.w5,32,3531948065,798099,863867
linebuf,L270.w6,32,3970244703,798259,863870
linebuf,L270.w7,32,1444182244,798419,863874
linebuf,L270.w8,32,3899718575,798579,863878
linebuf,L270.w9,32,1045746053,798739,863882
linebuf,L270.w10,32,403845294,798899,863885
linebuf,L270.w11,32,331200115,799059,863889
linebuf,L271.w0,32,2912489531,799219,867048
linebuf,L271.w1,32,3204455998,799379,867051
linebuf,L271.w2,32,183215458,799539,867055
linebuf,L271.w3,32,3635274813,799699,867059
linebuf,L271.w4,32,1815339101,799859,867063
linebuf,L271.w5,32,3580986392,800019,867067
linebuf,L271.w6,32,1897408943,800179,867070
linebuf,L271.w7,32,810851529,800339,867074
linebuf,L271.w8,32,4109737100,800499,867078
linebuf,L271.w9,32,743978680,800659,867082
linebuf,L271.w10,32,2556869208,800819,867085
linebuf,L271.w11,32,2156073544,800979,867089
linebuf,L272.w0,32,816046369,801139,870248
linebuf,L272.w1,32,3639329581,801299,870251
linebuf,L272.w2,32,2189348002,801459,870255
linebuf,L272.w3,32,1652719147,801619,870259
linebuf,L272.w4,32,2241237993,801779,870263
linebuf,L272.w5,32,1548535197,801939,870267
linebuf,L272.w6,32,846428919,802099,870270
linebuf,L272.w7,32,999518504,802259,870274
linebuf,L272.w8,32,1545034394,802419,870278
linebuf,L272.w9,32,2828815205,802579,870282
linebuf,L272.w10,32,3768810769,802739,870285
linebuf,L272.w11,32,2517094165,802899,870289
linebuf,L273.w0,32,4215385517,803059,873448
linebuf,L273.w1,32,3251909119,803219,873451
linebuf,L273.w2,32,3336615397,803379,873455
linebuf,L273.w3,32,4228578225,803539,873459
linebuf,L273.w4,32,277031863,803699,873463
linebuf,L273.w5,32,1464743305,803859,873467
linebuf,L273.w6,32,3890710712,804019,873470
linebuf,L273.w7,32,222472814,804179,873474
linebuf,L273.w8,32,1969068310,804339,873478
linebuf,L273.w9,32,189836671,804499,873482
linebuf,L273.w10,32,3582243398,804659,873485
linebuf,L273.w11,32,2622548319,804819,873489
linebuf,L274.w0,32,759263764,804979,876648
linebuf,L274.w1,32,3828007714,805139,876651
linebuf,L274.w2,32,634300723,805299,876655
linebuf,L274.w3,32,3667027323,805459,876659
linebuf,L274.w4,32,3894084835,805619,876663
linebuf,L274.w5,32,4030961044,805779,876667
linebuf,L274.w6,32,1226313824,805939,876670
linebuf,L274.w7,32,2015010208,806099,876674
linebuf,L274.w8,32,184921650,806259,876678
linebuf,L274.w9,32,2505351347,806419,876682
linebuf,L274.w10,32,2151985659,806579,876685
linebuf,L274.w11,32,278637872,806739,876689
linebuf,L275.w0,32,4254459121,806899,879848
linebuf,L275.w1,32,3719299511,807059,879851
linebuf,L275.w2,32,3588436860,807219,879855
linebuf,L275.w3,32,2428524081,807379,879859
linebuf,L275.w4,32,1702094015,807539,879863
linebuf,L275.w5,32,395072406,807699,879867
linebuf,L275.w6,32,4265217848,807859,879870
linebuf,L275.w7,32,1717747400,808019,879874
linebuf,L275.w8,32,3421672422,808179,879878
linebuf,L275.w9,32,2197817498,808339,879882
linebuf,L275.w10,32,3616645374,808499,879885
linebuf,L275.w11,32,2458615572,808659,879889
linebuf,L276.w0,32,2775008236,808819,883048
linebuf,L276.w1,32,1294068023,808979,883051
linebuf,L276.w2,32,1693854942,809139,883055
linebuf,L276.w3,32,1150697459,809299,883059
linebuf,L276.w4,32,3889993718,809459,883063
linebuf,L276.w5,32,1512651118,809619,883067
linebuf,L276.w6,32,2021337116,809779,883070
linebuf,L276.w7,32,4127564225,809939,883074
linebuf,L276.w8,32,4014257558,810099,883078
linebuf,L276.w9,32,210814908,810259,883082
linebuf,L276.w10,32,2371642583,810419,883085
linebuf,L276.w11,32,4070129997,810579,883089
linebuf,L277.w0,32,3907808060,810739,886248
linebuf,L277.w1,32,3744207056,810899,886251
linebuf,L277.w2,32,2049371167,811059,886255
linebuf,L277.w3,32,74842596,811219,886259
linebuf,L277.w4,32,1833181341,811379,886263
linebuf,L277.w5,32,1308272535,811539,886267
linebuf,L277.w6,32,2528371265,811699,886270
linebuf,L277.w7,32,3216701309,811859,886274
linebuf,L277.w8,32,1362838052,812019,886278
linebuf,L277.w9,32,3415445183,812179,886282
linebuf,L277.w10,32,641657867,812339,886285
linebuf,L277.w11,32,2560349813,812499,886289
linebuf,L278.w0,32,2531163573,812659,889448
linebuf,L278.w1,32,2386912786,812819,889451
linebuf,L278.w2,32,3654857914,812979,889455
linebuf,L278.w3,32,4281575067,813139,889459
linebuf,L278.w4,32,1193039930,813299,889463
linebuf,L278.w5,32,282895912,813459,889467
linebuf,L278.w6,32,3715238676,813619,889470
linebuf,L278.w7,32,2607695907,813779,889474
linebuf,L278.w8,32,3380693145,813939,889478
linebuf,L278.w9,32,3396771338,814099,889482
linebuf,L278.w10,32,3331502435,814259,889485
linebuf,L278.w11,32,1550403198,814419,889489
linebuf,L279.w0,32,1782970579,814579,892648
linebuf,L279.w1,32,1679398722,814739,892651
linebuf,L279.w2,32,4289626588,814899,892655
linebuf,L279.w3,32,2232673614,815059,892659
linebuf,L279.w4,32,3396796189,815219,892663
linebuf,L279.w5,32,101491852,815379,892667
linebuf,L279.w6,32,2472392740,815539,892670
linebuf,L279.w7,32,2498523558,815699,892674
linebuf,L279.w8,32,487521631,815859,892678
linebuf,L279.w9,32,158644881,816019,892682
linebuf,L279.w10,32,2464518772,816179,892685
linebuf,L279.w11,32,2274397089,816339,892689
linebuf,L352.w0,32,3874956827,1082224,1126248
linebuf,L352.w1,32,1426123123,1082384,1126251
linebuf,L352.w2,32,1446103711,1082544,1126255
linebuf,L352.w3,32,4006704448,1082704,1126259
linebuf,L352.w4,32,1582029142,1082864,1126263
linebuf,L352.w5,32,3222454444,1083024,1126267
linebuf,L352.w6,32,2366025264,1083184,1126270
linebuf,L352.w7,32,148011142,1083344,1126274
linebuf,L352.w8,32,2737887152,1083504,1126278
linebuf,L352.w9,32,1589815596,1083664,1126282
linebuf,L352.w10,32,2502793719,1083824,1126285
linebuf,L352.w11,32,318526766,1083984,1126289
linebuf,L353.w0,32,2082737936,1084144,1129448
linebuf,L353.w1,32,3849256227,1084304,1129451
linebuf,L353.w2,32,2724535029,1084464,1129455
linebuf,L353.w3,32,359752204,1084624,1129459
linebuf,L353.w4,32,3638448288,1084784,1129463
linebuf,L353.w5,32,2317513627,1084944,1129467
linebuf,L353.w6,32,1916454773,1085104,1129470
linebuf,L353.w7,32,1436592918,1085264,1129474
linebuf,L353.w8,32,2147824556,1085424,1129478
linebuf,L353.w9,32,3947523522,1085584,1129482
linebuf,L353.w10,32,3480413522,1085744,1129485
linebuf,L353.w11,32,2336827469,1085904,1129489
linebuf,L354.w0,32,14628948,1086064,1132648
linebuf,L354.w1,32,3962512353,1086224,1132651
linebuf,L354.w2,32,690246322,1086384,1132655
linebuf,L354.w3,32,3907806615,1086544,1132659
linebuf,L354.w4,32,1395992945,1086704,1132663
linebuf,L354.w5,32,1549844286,1086864,1132667
linebuf,L354.w6,32,918854098,1087024,1132670
linebuf,L354.w7,32,627681861,1087184,1132674
linebuf,L354.w8,32,3848333417,1087344,1132678
linebuf,L354.w9,32,2491956129,1087504,1132682
linebuf,L354.w10,32,636583834,1087664,1132685
linebuf,L354.w11,32,2532247195,1087824,1132689
linebuf,L355.w0,32,463370125,1087984,1135848
linebuf,L355.w1,32,1735065836,1088144,1135851
linebuf,L355.w2,32,1362367774,1088304,1135855
linebuf,L355.w3,32,3722854151,1088464,1135859
linebuf,L355.w4,32,2184595408,1088624,1135863
linebuf,L355.w5,32,1807575612,1088784,1135867
linebuf,L355.w6,32,3528233414,1088944,1135870
linebuf,L355.w7,32,1546326764,1089104,1135874
linebuf,L355.w8,32,4276288862,1089264,1135878
linebuf,L355.w9,32,1466371375,1089424,1135882
linebuf,L355.w10,32,3658752435,1089584,1135885
linebuf,L355.w11,32,1115719753,1089744,1135889
linebuf,L356.w0,32,2614937591,1089904,1139048
linebuf,L356.w1,32,1582629912,1090064,1139051
linebuf,L356.w2,32,161498926,1090224,1139055
linebuf,L356.w3,32,3053481746,1090384,1139059
linebuf,L356.w4,32,272577897,1090544,1139063
linebuf,L356.w5,32,3296598989,1090704,1139067
linebuf,L356.w6,32,2708990830,1090864,1139070
linebuf,L356.w7,32,1059346381,1091024,1139074
linebuf,L356.w8,32,3521367707,1091184,1139078
linebuf,L356.w9,32,3394862572,1091344,1139082
linebuf,L356.w10,32,1140367085,1091504,1139085
linebuf,L356.w11,32,3240972591,1091664,1139089
linebuf,L357.w0,32,4162763960,1091824,1142248
linebuf,L357.w1,32,1705311870,1091984,1142251
linebuf,L357.w2,32,2363895485,1092144,1142255
linebuf,L357.w3,32,1219151798,1092304,1142259
linebuf,L357.w4,32,2464328538,1092464,1142263
linebuf,L357.w5,32,3375120197,1092624,1142267
linebuf,L357.w6,32,2656960907,1092784,1142270
linebuf,L357.w7,32,358546079,1092944,1142274
linebuf,L357.w8,32,321754020,1093104,1142278
linebuf,L357.w9,32,3043427287,1093264,1142282
linebuf,L357.w10,32,731811474,1093424,1142285
linebuf,L357.w11,32,3884366387,1093584,1142289
linebuf,L358.w0,32,4020915292,1093744,1145448
linebuf,L358.w1,32,4090515511,1093904,1145451
linebuf,L358.w2,32,1148024216,1094064,1145455
linebuf,L358.w3,32,1777249098,1094224,1145459
linebuf,L358.w4,32,357740897,1094384,1145463
linebuf,L358.w5,32,542351185,1094544,1145467
linebuf,L358.w6,32,1213023062,1094704,1145470
linebuf,L358.w7,32,2365819357,1094864,1145474
linebuf,L358.w8,32,3118774104,1095024,1145478
linebuf,L358.w9,32,2753545384,1095184,1145482
linebuf,L358.w10,32,1128754218,1095344,1145485
linebuf,L358.w11,32,1008679647,1095504,1145489
linebuf,L359.w0,32,904441377,1095664,1148648
linebuf,L359.w1,32,424453757,1095824,1148651
linebuf,L359.w2,32,1190261697,1095984,1148655
linebuf,L359.w3,32,3099697248,1096144,1148659
linebuf,L359.w4,32,2063395145,1096304,1148663
linebuf,L359.w5,32,202364341,1096464,1148667
linebuf,L359.w6,32,3167749239,1096624,1148670
linebuf,L359.w7,32,2199660494,1096784,1148674
linebuf,L359.w8,32,1294172261,1096944,1148678
linebuf,L359.w9,32,3381855688,1097104,1148682
linebuf,L359.w10,32,3751695236,1097264,1148685
linebuf,L359.w11,32,3482334381,1097424,1148689
linebuf,L360.w0,32,4191383086,1097584,1151848
linebuf,L360.w1,32,875778992,1097744,1151851
linebuf,L360.w2,32,3530533418,1097904,1151855
linebuf,L360.w3,32,2335029076,1098064,1151859
linebuf,L360.w4,32,322661291,1098224,1151863
linebuf,L360.w5,32,2365293137,1098384,1151867
linebuf,L360.w6,32,1354884234,1098544,1151870
linebuf,L360.w7,32,1458851713,1098704,1151874
linebuf,L360.w8,32,3976219692,1098864,1151878
linebuf,L360.w9,32,1271508947,1099024,1151882
linebuf,L360.w10,32,3691027877,1099184,1151885
linebuf,L360.w11,32,2216950363,1099344,1151889
linebuf,L361.w0,32,572318542,1099504,1155048
linebuf,L361.w1,32,151404857,1099664,1155051
linebuf,L361.w2,32,1899339093,1099824,1155055
linebuf,L361.w3,32,3496666503,1099984,1155059
linebuf,L361.w4,32,1563120790,1100144,1155063
linebuf,L361.w5,32,3431920545,1100304,1155067
linebuf,L361.w6,32,3210357774,1100464,1155070
linebuf,L361.w7,32,160152511,1100624,1155074
linebuf,L361.w8,32,123306959,1100784,1155078
linebuf,L361.w9,32,4248937266,1100944,1155082
linebuf,L361.w10,32,1354963244,1101104,1155085
linebuf,L361.w11,32,1793131574,1101264,1155089
linebuf,L362.w0,32,3220278829,1101424,1158248
linebuf,L362.w1,32,703567337,1101584,1158251
linebuf,L362.w2,32,3809078369,1101744,1158255
linebuf,L362.w3,32,2392299799,1101904,1158259
linebuf,L362.w4,32,174488821,1102064,1158263
linebuf,L362.w5,32,3036020154,1102224,1158267
linebuf,L362.w6,32,2526958721,1102384,1158270
linebuf,L362.w7,32,3015335182,1102544,1158274
linebuf,L362.w8,32,2850176993,1102704,1158278
linebuf,L362.w9,32,2703380925,1102864,1158282
linebuf,L362.w10,32,3749149385,1103024,1158285
linebuf,L362.w11,32,2258569803,1103184,1158289
linebuf,L363.w0,32,1823554769,1103344,1161448
linebuf,L363.w1,32,791866331,1103504,1161451
linebuf,L363.w2,32,4179216565,1103664,1161455
linebuf,L363.w3,32,3879149447,1103824,1161459
linebuf,L363.w4,32,847937292,1103984,1161463
linebuf,L363.w5,32,1000036014,1104144,1161467
linebuf,L363.w6,32,492901690,1104304,1161470
linebuf,L363.w7,32,2523043225,1104464,1161474
linebuf,L363.w8,32,558541180,1104624,1161478
linebuf,L363.w9,32,4182354417,1104784,1161482
linebuf,L363.w10,32,2519959433,1104944,1161485
linebuf,L363.w11,32,2174286284,1105104,1161489
linebuf,L364.w0,32,525877926,1105264,1164648
linebuf,L364.w1,32,3099011753,1105424,1164651
linebuf,L364.w2,32,1145024594,1105584,1164655
linebuf,L364.w3,32,1968526859,1105744,1164659
linebuf,L364.w4,32,843109175,1105904,1164663
linebuf,L364.w5,32,3356125480,1106064,1164667
linebuf,L364.w6,32,237484505,1106224,1164670
linebuf,L364.w7,32,1551799378,1106384,1164674
linebuf,L364.w8,32,4133404668,1106544,1164678
linebuf,L364.w9,32,1959031483,1106704,1164682
linebuf,L364.w10,32,1438493535,1106864,1164685
linebuf,L364.w11,32,3981688228,1107024,1164689
linebuf,L365.w0,32,4140416183,1107184,1167848
linebuf,L365.w1,32,2639239746,1107344,1167851
linebuf,L365.w2,32,3106266458,1107504,1167855
linebuf,L365.w3,32,1523339543,1107664,1167859
linebuf,L365.w4,32,943901683,1107824,1167863
linebuf,L365.w5,32,3975482222,1107984,1167867
linebuf,L365.w6,32,4005257496,1108144,1167870
linebuf,L365.w7,32,2729021580,1108304,1167874
linebuf,L365.w8,32,40166545,1108464,1167878
linebuf,L365.w9,32,59914309,1108624,1167882
linebuf,L365.w10,32,4216175357,1108784,1167885
linebuf,L365.w11,32,2099129087,1108944,1167889
linebuf,L366.w0,32,138574400,1109104,1171048
linebuf,L366.w1,32,706047559,1109264,1171051
linebuf,L366.w2,32,1087972525,1109424,1171055
linebuf,L366.w3,32,3859823390,1109584,1171059
linebuf,L366.w4,32,2370638136,1109744,1171063
linebuf,L366.w5,32,171230281,1109904,1171067
linebuf,L366.w6,32,39418186,1110064,1171070
linebuf,L366.w7,32,988226961,1110224,1171074
linebuf,L366.w8,32,3284412244,1110384,1171078
linebuf,L366.w9,32,3811221115,1110544,1171082
linebuf,L366.w10,32,363587000,1110704,1171085
linebuf,L366.w11,32,2251866731,1110864,1171089
linebuf,L367.w0,32,3509359142,1111024,1174248
linebuf,L367.w1,32,744384775,1111184,1174251
linebuf,L367.w2,32,150772036,1111344,1174255
linebuf,L367.w3,32,4062397423,1111504,1174259
linebuf,L367.w4,32,2268420102,1111664,1174263
linebuf,L367.w5,32,860075941,1111824,1174267
linebuf,L367.w6,32,899524948,1111984,1174270
linebuf,L367.w7,32,1902626745,1112144,1174274
linebuf,L367.w8,32,1240232253,1112304,1174278
linebuf,L367.w9,32,1043764940,1112464,1174282
linebuf,L367.w10,32,2106614517,1112624,1174285
linebuf,L367.w11,32,2172796256,1112784,1174289
linebuf,L368.w0,32,1595056285,1112944,1177448
linebuf,L368.w1,32,1395431221,1113104,1177451
linebuf,L368.w2,32,1683541513,1113264,1177455
linebuf,L368.w3,32,4056375263,1113424,1177459
linebuf,L368.w4,32,2806462546,1113584,1177463
linebuf,L368.w5,32,315587566,1113744,1177467
linebuf,L368.w6,32,838555386,1113904,1177470
linebuf,L368.w7,32,2552585140,1114064,1177474
linebuf,L368.w8,32,779541868,1114224,1177478
linebuf,L368.w9,32,805419284,1114384,1177482
linebuf,L368.w10,32,2939449875,1114544,1177485
linebuf,L368.w11,32,2676014611,1114704,1177489
linebuf,L369.w0,32,1275445755,1114864,1180648
linebuf,L369.w1,32,4103495455,1115024,1180651
linebuf,L369.w2,32,4007012007,1115184,1180655
linebuf,L369.w3,32,2496496237,1115344,1180659
linebuf,L369.w4,32,1830687261,1115504,1180663
linebuf,L369.w5,32,2635663330,1115664,1180667
linebuf,L369.w6,32,2035905192,1115824,1180670
linebuf,L369.w7,32,1561123300,1115984,1180674
linebuf,L369.w8,32,99515449,1116144,1180678
linebuf,L369.w9,32,2093109674,1116304,1180682
linebuf,L369.w10,32,88714809,1116464,1180685
linebuf,L369.w11,32,3994471002,1116624,1180689
linebuf,L370.w0,32,449974422,1116784,1183848
linebuf,L370.w1,32,2831062906,1116944,1183851
linebuf,L370.w2,32,2687052205,1117104,1183855
linebuf,L370.w3,32,2482335848,1117264,1183859
linebuf,L370.w4,32,2854192210,1117424,1183863
linebuf,L370.w5,32,2661875717,1117584,1183867
linebuf,L370.w6,32,4089657363,1117744,1183870
linebuf,L370.w7,32,3633207367,1117904,1183874
linebuf,L370.w8,32,1857442066,1118064,1183878
linebuf,L370.w9,32,3553291003,1118224,1183882
linebuf,L370.w10,32,3039421941,1118384,1183885
linebuf,L370.w11,32,2500517447,1118544,1183889
linebuf,L371.w0,32,1475759949,1118704,1187048
linebuf,L371.w1,32,1455523210,1118864,1187051
linebuf,L371.w2,32,318093572,1119024,1187055
linebuf,L371.w3,32,2778531147,1119184,1187059
linebuf,L371.w4,32,1804682781,1119344,1187063
linebuf,L371.w5,32,838779390,1119504,1187067
linebuf,L371.w6,32,3013453537,1119664,1187070
linebuf,L371.w7,32,2208565107,1119824,1187074
linebuf,L371.w8,32,3454115026,1119984,1187078
linebuf,L371.w9,32,2123158848,1120144,1187082
linebuf,L371.w10,32,4088738388,1120304,1187085
linebuf,L371.w11,32,3616283158,1120464,1187089
linebuf,L372.w0,32,2420705357,1138046,1190248
linebuf,L372.w1,32,2836539910,1138206,1190251
linebuf,L372.w2,32,2363803878,1138366,1190255
linebuf,L372.w3,32,4036572528,1138526,1190259
linebuf,L372.w4,32,2152187425,1138686,1190263
linebuf,L372.w5,32,3672725752,1138846,1190267
linebuf,L372.w6,32,2051304377,1139006,1190270
linebuf,L372.w7,32,2576840164,1139166,1190274
linebuf,L372.w8,32,2922688936,1139326,1190278
linebuf,L372.w9,32,3171330377,1139486,1190282
linebuf,L372.w10,32,2472639694,1139646,1190285
linebuf,L372.w11,32,3887879059,1139806,1190289
linebuf,L373.w0,32,3681482001,1139966,1193448
linebuf,L373.w1,32,3298562690,1140126,1193451
linebuf,L373.w2,32,1933053786,1140286,1193455
linebuf,L373.w3,32,2592969815,1140446,1193459
linebuf,L373.w4,32,2023680856,1140606,1193463
linebuf,L373.w5,32,710284790,1140766,1193467
linebuf,L373.w6,32,3573753381,1140926,1193470
linebuf,L373.w7,32,1152199755,1141086,1193474
linebuf,L373.w8,32,2901835661,1141246,1193478
linebuf,L373.w9,32,3519300098,1141406,1193482
linebuf,L373.w10,32,2252499882,1141566,1193485
linebuf,L373.w11,32,1295025176,1141726,1193489
linebuf,L374.w0,32,2419984309,1141886,1196648
linebuf,L374.w1,32,3285407263,1142046,1196651
linebuf,L374.w2,32,3460472541,1142206,1196655
linebuf,L374.w3,32,1702629823,1142366,1196659
linebuf,L374.w4,32,2608685837,1142526,1196663
linebuf,L374.w5,32,2318037079,1142686,1196667
linebuf,L374.w6,32,1113042523,1142846,1196670
linebuf,L374.w7,32,1096871398,1143006,1196674
linebuf,L374.w8,32,1332484466,1143166,1196678
linebuf,L374.w9,32,62996781,1143326,1196682
linebuf,L374.w10,32,2596758541,1143486,1196685
linebuf,L374.w11,32,3252893094,1143646,1196689
linebuf,L375.w0,32,196916049,1143806,1199848
linebuf,L375.w1,32,3358301349,1143966,1199851
linebuf,L375.w2,32,1965275488,1144126,1199855
linebuf,L375.w3,32,1965106843,1144286,1199859
linebuf,L375.w4,32,3830710810,1144446,1199863
linebuf,L375.w5,32,1527020610,1144606,1199867
linebuf,L375.w6,32,997050027,1144766,1199870
linebuf,L375.w7,32,2181777912,1144926,1199874
linebuf,L375.w8,32,1907635711,1145086,1199878
linebuf,L375.w9,32,898282187,1145246,1199882
linebuf,L375.w10,32,3004349333,1145406,1199885
linebuf,L375.w11,32,2044401558,1145566,1199889
linebuf,L376.w0,32,3975008456,1145726,1203048
linebuf,L376.w1,32,1441354181,1145886,1203051
linebuf,L376.w2,32,2990470692,1146046,1203055
linebuf,L376.w3,32,4245570108,1146206,1203059
linebuf,L376.w4,32,2687920992,1146366,1203063
linebuf,L376.w5,32,622062208,1146526,1203067
linebuf,L376.w6,32,1648816319,1146686,1203070
linebuf,L376.w7,32,3703680950,1146846,1203074
linebuf,L376.w8,32,1878443824,1147006,1203078
linebuf,L376.w9,32,233002925,1147166,1203082
linebuf,L376.w10,32,2757141104,1147326,1203085
linebuf,L376.w11,32,477695695,1147486,1203089
linebuf,L377.w0,32,1530382242,1147646,1206248
linebuf,L377.w1,32,3743195466,1147806,1206251
linebuf,L377.w2,32,3370996481,1147966,1206255
linebuf,L377.w3,32,3932098161,1148126,1206259
linebuf,L377.w4,32,35178456,1148286,1206263
linebuf,L377.w5,32,1098671207,1148446,1206267
linebuf,L377.w6,32,3227314101,1148606,1206270
linebuf,L377.w7,32,2324037375,1148766,1206274
linebuf,L377.w8,32,3187066568,1148926,1206278
linebuf,L377.w9,32,232056527,1149086,1206282
linebuf,L377.w10,32,1316150036,1149246,1206285
linebuf,L377.w11,32,1626665315,1149406,1206289
linebuf,L378.w0,32,64256066,1149566,1209448
linebuf,L378.w1,32,1393621959,1149726,1209451
linebuf,L378.w2,32,1452380872,1149886,1209455
linebuf,L378.w3,32,1326386598,1150046,1209459
linebuf,L378.w4,32,2530533799,1150206,1209463
linebuf,L378.w5,32,3770815934,1150366,1209467
linebuf,L378.w6,32,3379911919,1150526,1209470
linebuf,L378.w7,32,3539187007,1150686,1209474
linebuf,L378.w8,32,3738194462,1150846,1209478
linebuf,L378.w9,32,213638128,1151006,1209482
linebuf,L378.w10,32,895771955,1151166,1209485
linebuf,L378.w11,32,3077717324,1151326,1209489
linebuf,L379.w0,32,351057043,1151486,1212648
linebuf,L379.w1,32,1411502793,1151646,1212651
linebuf,L379.w2,32,514906946,1151806,1212655
linebuf,L379.w3,32,2883992688,1151966,1212659
linebuf,L379.w4,32,4247930098,1152126,1212663
linebuf,L379.w5,32,3526154820,1152286,1212667
linebuf,L379.w6,32,2772129453,1152446,1212670
linebuf,L379.w7,32,284628894,1152606,1212674
linebuf,L379.w8,32,551322808,1152766,1212678
linebuf,L379.w9,32,3354592657,1152926,1212682
linebuf,L379.w10,32,2966814207,1153086,1212685
linebuf,L379.w11,32,1263960380,1153246,1212689
linebuf,L380.w0,32,4120926005,1153406,1215848
linebuf,L380.w1,32,1759480610,1153566,1215851
linebuf,L380.w2,32,2608922333,1153726,1215855
linebuf,L380.w3,32,1463639495,1153886,1215859
linebuf,L380.w4,32,998889548,1154046,1215863
linebuf,L380.w5,32,116851541,1154206,1215867
linebuf,L380.w6,32,4133431534,1154366,1215870
linebuf,L380.w7,32,2766178314,1154526,1215874
linebuf,L380.w8,32,3008853845,1154686,1215878
linebuf,L380.w9,32,2961976508,1154846,1215882
linebuf,L380.w10,32,785911388,1155006,1215885
linebuf,L380.w11,32,3244968547,1155166,1215889
linebuf,L381.w0,32,3290880944,1155326,1219048
linebuf,L381.w1,32,3250284888,1155486,1219051
linebuf,L381.w2,32,2165413578,1155646,1219055
linebuf,L381.w3,32,3220539514,1155806,1219059
linebuf,L381.w4,32,2465495860,1155966,1219063
linebuf,L381.w5,32,2752078130,1156126,1219067
linebuf,L381.w6,32,1571044216,1156286,1219070
linebuf,L381.w7,32,1299292903,1156446,1219074
linebuf,L381.w8,32,1261653196,1156606,1219078
linebuf,L381.w9,32,1623565078,1156766,1219082
linebuf,L381.w10,32,1805761323,1156926,1219085
linebuf,L381.w11,32,3982033780,1157086,1219089
linebuf,L382.w0,32,2260880337,1157246,1222248
linebuf,L382.w1,32,4179192486,1157406,1222251
linebuf,L382.w2,32,1981882651,1157566,1222255
linebuf,L382.w3,32,3481856051,1157726,1222259
linebuf,L382.w4,32,3720582608,1157886,1222263
linebuf,L382.w5,32,3684755647,1158046,1222267
linebuf,L382.w6,32,318710345,1158206,1222270
linebuf,L382.w7,32,4038463432,1158366,1222274
linebuf,L382.w8,32,854652585,1158526,1222278
linebuf,L382.w9,32,1751097483,1158686,1222282
linebuf,L382.w10,32,4026554299,1158846,1222285
linebuf,L382.w11,32,994744342,1159006,1222289
linebuf,L383.w0,32,2610730559,1159166,1225448
linebuf,L383.w1,32,181347914,1159326,1225451
linebuf,L383.w2,32,2652270245,1159486,1225455
linebuf,L383.w3,32,1034049246,1159646,1225459
linebuf,L383.w4,32,2704755418,1159806,1225463
linebuf,L383.w5,32,964455029,1159966,1225467
linebuf,L383.w6,32,1045803636,1160126,1225470
linebuf,L383.w7,32,3062956774,1160286,1225474
linebuf,L383.w8,32,1695134336,1160446,1225478
linebuf,L383.w9,32,1629340800,1160606,1225482
linebuf,L383.w10,32,902580565,1160766,1225485
linebuf,L383.w11,32,2670928197,1160926,1225489
linebuf,L384.w0,32,652763035,1161086,1228648
linebuf,L384.w1,32,3092749071,1161246,1228651
linebuf,L384.w2,32,4249922847,1161406,1228655
linebuf,L384.w3,32,1285288743,1161566,1228659
linebuf,L384.w4,32,3194657255,1161726,1228663
linebuf,L384.w5,32,3087137724,1161886,1228667
linebuf,L384.w6,32,3775865738,1162046,1228670
linebuf,L384.w7,32,1546610345,1162206,1228674
linebuf,L384.w8,32,6284514,1162366,1228678
linebuf,L384.w9,32,3060883424,1162526,1228682
linebuf,L384.w10,32,3025679835,1162686,1228685
linebuf,L384.w11,32,2952494231,1162846,1228689
linebuf,L385.w0,32,1319680515,1163006,1231848
linebuf,L385.w1,32,1908133866,1163166,1231851
linebuf,L385.w2,32,2138510289,1163326,1231855
linebuf,L385.w3,32,733908587,1163486,1231859
linebuf,L385.w4,32,2900182810,1163646,1231863
linebuf,L385.w5,32,628724909,1163806,1231867
linebuf,L385.w6,32,133946648,1163966,1231870
linebuf,L385.w7,32,4260901113,1164126,1231874
linebuf,L385.w8,32,1592399161,1164286,1231878
linebuf,L385.w9,32,1876868087,1164446,1231882
linebuf,L385.w10,32,2378962967,1164606,1231885
linebuf,L385.w11,32,1468421801,1164766,1231889
linebuf,L386.w0,32,3755425843,1164926,1235048
linebuf,L386.w1,32,3441097972,1165086,1235051
linebuf,L386.w2,32,2204206949,1165246,1235055
linebuf,L386.w3,32,2103223021,1165406,1235059
linebuf,L386.w4,32,1364009616,1165566,1235063
linebuf,L386.w5,32,4033213158,1165726,1235067
linebuf,L386.w6,32,2593132638,1165886,1235070
linebuf,L386.w7,32,478963330,1166046,1235074
linebuf,L386.w8,32,2506594137,1166206,1235078
linebuf,L386.w9,32,2773779427,1166366,1235082
linebuf,L386.w10,32,1255370677,1166526,1235085
linebuf,L386.w11,32,3480645342,1166686,1235089
linebuf,L387.w0,32,2353864151,1166846,1238248
linebuf,L387.w1,32,2846147064,1167006,1238251
linebuf,L387.w2,32,1185938742,1167166,1238255
linebuf,L387.w3,32,1844833009,1167326,1238259
linebuf,L387.w4,32,48503001,1167486,1238263
linebuf,L387.w5,32,3616310796,1167646,1238267
linebuf,L387.w6,32,1334555775,1167806,1238270
linebuf,L387.w7,32,3230906571,1167966,1238274
linebuf,L387.w8,32,371217660,1168126,1238278
linebuf,L387.w9,32,2743210247,1168286,1238282
linebuf,L387.w10,32,2112656832,1168446,1238285
linebuf,L387.w11,32,493775192,1168606,1238289
linebuf,L388.w0,32,2152418160,1168766,1241448
linebuf,L388.w1,32,947331115,1168926,1241451
linebuf,L388.w2,32,3737574746,1169086,1241455
linebuf,L388.w3,32,2601155877,1169246,1241459
linebuf,L388.w4,32,3212234508,1169406,1241463
linebuf,L388.w5,32,2763109015,1169566,1241467
linebuf,L388.w6,32,3218553860,1169726,1241470
linebuf,L388.w7,32,4180988287,1169886,1241474
linebuf,L388.w8,32,4250490406,1170046,1241478
linebuf,L388.w9,32,3981063821,1170206,1241482
linebuf,L388.w10,32,1136783202,1170366,1241485
linebuf,L388.w11,32,1875927346,1170526,1241489
linebuf,L389.w0,32,1600887163,1170686,1244648
linebuf,L389.w1,32,3369056597,1170846,1244651
linebuf,L389.w2,32,990235328,1171006,1244655
linebuf,L389.w3,32,232831444,1171166,1244659
linebuf,L389.w4,32,440177509,1171326,1244663
linebuf,L389.w5,32,2563750724,1171486,1244667
linebuf,L389.w6,32,2212892277,1171646,1244670
linebuf,L389.w7,32,2208366895,1171806,1244674
linebuf,L389.w8,32,2196138781,1171966,1244678
linebuf,L389.w9,32,700353922,1172126,1244682
linebuf,L389.w10,32,557164322,1172286,1244685
linebuf,L389.w11,32,1254376202,1172446,1244689
linebuf,L390.w0,32,3962283498,1172606,1247848
linebuf,L390.w1,32,207554602,1172766,1247851
linebuf,L390.w2,32,4202640223,1172926,1247855
linebuf,L390.w3,32,3797949960,1173086,1247859
linebuf,L390.w4,32,293371339,1173246,1247863
linebuf,L390.w5,32,937357927,1173406,1247867
linebuf,L390.w6,32,13619353,1173566,1247870
linebuf,L390.w7,32,2888092871,1173726,1247874
linebuf,L390.w8,32,265417368,1173886,1247878
linebuf,L390.w9,32,1816518747,1174046,1247882
linebuf,L390.w10,32,3142758223,1174206,1247885
linebuf,L390.w11,32,3074403512,1174366,1247889
linebuf,L391.w0,32,3661551538,1174526,1251048
linebuf,L391.w1,32,90362811,1174686,1251051
linebuf,L391.w2,32,284183369,1174846,1251055
linebuf,L391.w3,32,236281130,1175006,1251059
linebuf,L391.w4,32,38492761,1175166,1251063
linebuf,L391.w5,32,149789257,1175326,1251067
linebuf,L391.w6,32,2310463237,1175486,1251070
linebuf,L391.w7,32,1456551713,1175646,1251074
linebuf,L391.w8,32,1428984509,1175806,1251078
linebuf,L391.w9,32,3372190131,1175966,1251082
linebuf,L391.w10,32,80478664,1176126,1251085
linebuf,L391.w11,32,2626451072,1176286,1251089
linebuf,L392.w0,32,907781598,1210280,1254248
linebuf,L392.w1,32,2014161850,1210440,1254251
linebuf,L392.w2,32,859464993,1210600,1254255
linebuf,L392.w3,32,1143589369,1210760,1254259
linebuf,L392.w4,32,1268575013,1210920,1254263
linebuf,L392.w5,32,2498428037,1211080,1254267
linebuf,L392.w6,32,2365091415,1211240,1254270
linebuf,L392.w7,32,2239896228,1211400,1254274
linebuf,L392.w8,32,1079667553,1211560,1254278
linebuf,L392.w9,32,3817329077,1211720,1254282
linebuf,L392.w10,32,1002945960,1211880,1254285
linebuf,L392.w11,32,784583731,1212040,1254289
linebuf,L393.w0,32,905159445,1212200,1257448
linebuf,L393.w1,32,1681276236,1212360,1257451
linebuf,L393.w2,32,3809640388,1212520,1257455
linebuf,L393.w3,32,256716339,1212680,1257459
linebuf,L393.w4,32,1024741960,1212840,1257463
linebuf,L393.w5,32,4166951974,1213000,1257467
linebuf,L393.w6,32,2385124890,1213160,1257470
linebuf,L393.w7,32,3008842791,1213320,1257474
linebuf,L393.w8,32,1944045692,1213480,1257478
linebuf,L393.w9,32,151813724,1213640,1257482
linebuf,L393.w10,32,1423373459,1213800,1257485
linebuf,L393.w11,32,1403106738,1213960,1257489
linebuf,L394.w0,32,1747021611,1214120,1260648
linebuf,L394.w1,32,514311670,1214280,1260651
linebuf,L394.w2,32,68681869,1214440,1260655
linebuf,L394.w3,32,2416118508,1214600,1260659
linebuf,L394.w4,32,794774442,1214760,1260663
linebuf,L394.w5,32,2171592999,1214920,1260667
linebuf,L394.w6,32,2749376359,1215080,1260670
linebuf,L394.w7,32,402339139,1215240,1260674
linebuf,L394.w8,32,3270563287,1215400,1260678
linebuf,L394.w9,32,793930191,1215560,1260682
linebuf,L394.w10,32,937891245,1215720,1260685
linebuf,L394.w11,32,965908091,1215880,1260689
linebuf,L395.w0,32,758188893,1216040,1263848
linebuf,L395.w1,32,1306466763,1216200,1263851
linebuf,L395.w2,32,3889920044,1216360,1263855
linebuf,L395.w3,32,3461902481,1216520,1263859
linebuf,L395.w4,32,419962864,1216680,1263863
linebuf,L395.w5,32,252529098,1216840,1263867
linebuf,L395.w6,32,3413899584,1217000,1263870
linebuf,L395.w7,32,1348014436,1217160,1263874
linebuf,L395.w8,32,3771204198,1217320,1263878
linebuf,L395.w9,32,3120189982,1217480,1263882
linebuf,L395.w10,32,628348694,1217640,1263885
linebuf,L395.w11,32,269805258,1217800,1263889
linebuf,L396.w0,32,3577597775,1217960,1267048
linebuf,L396.w1,32,1903422788,1218120,1267051
linebuf,L396.w2,32,644488579,1218280,1267055
linebuf,L396.w3,32,991871728,1218440,1267059
linebuf,L396.w4,32,185142998,1218600,1267063
linebuf,L396.w5,32,3210965651,1218760,1267067
linebuf,L396.w6,32,1229363118,1218920,1267070
linebuf,L396.w7,32,4130833003,1219080,1267074
linebuf,L396.w8,32,1478857166,1219240,1267078
linebuf,L396.w9,32,250444878,1219400,1267082
linebuf,L396.w10,32,2532055900,1219560,1267085
linebuf,L396.w11,32,383396410,1219720,1267089
linebuf,L397.w0,32,1900616488,1219880,1270248
linebuf,L397.w1,32,859978402,1220040,1270251
linebuf,L397.w2,32,3407872083,1220200,1270255
linebuf,L397.w3,32,978427708,1220360,1270259
linebuf,L397.w4,32,2855152036,1220520,1270263
linebuf,L397.w5,32,795050960,1220680,1270267
linebuf,L397.w6,32,511934243,1220840,1270270
linebuf,L397.w7,32,246742702,1221000,1270274
linebuf,L397.w8,32,869163084,1221160,1270278
linebuf,L397.w9,32,232120742,1221320,1270282
linebuf,L397.w10,32,3204745355,1221480,1270285
linebuf,L397.w11,32,3128294112,1221640,1270289
linebuf,L398.w0,32,497937656,1221800,1273448
linebuf,L398.w1,32,375480790,1221960,1273451
linebuf,L398.w2,32,4091537739,1222120,1273455
linebuf,L398.w3,32,3377036740,1222280,1273459
linebuf,L398.w4,32,3485623313,1222440,1273463
linebuf,L398.w5,32,3188796353,1222600,1273467
linebuf,L398.w6,32,944190929,1222760,1273470
linebuf,L398.w7,32,4030380687,1222920,1273474
linebuf,L398.w8,32,1228839142,1223080,1273478
linebuf,L398.w9,32,3066814942,1223240,1273482
linebuf,L398.w10,32,1082868228,1223400,1273485
linebuf,L398.w11,32,2264340754,1223560,1273489
linebuf,L399.w0,32,1816101350,1223720,1276648
linebuf,L399.w1,32,3741524010,1223880,1276651
linebuf,L399.w2,32,1067899109,1224040,1276655
linebuf,L399.w3,32,3103503690,1224200,1276659
linebuf,L399.w4,32,138568569,1224360,1276663
linebuf,L399.w5,32,3109277134,1224520,1276667
linebuf,L399.w6,32,1081331836,1224680,1276670
linebuf,L399.w7,32,3285492327,1224840,1276674
linebuf,L399.w8,32,836654245,1225000,1276678
linebuf,L399.w9,32,1399151721,1225160,1276682
linebuf,L399.w10,32,1502912929,1225320,1276685
linebuf,L399.w11,32,1534324378,1225480,1276689
linebuf,L400.w0,32,1951052284,1225640,1279848
linebuf,L400.w1,32,3283274959,1225800,1279851
linebuf,L400.w2,32,3755142337,1225960,1279855
linebuf,L400.w3,32,3961672921,1226120,1279859
linebuf,L400.w4,32,2832771313,1226280,1279863
linebuf,L400.w5,32,3724812482,1226440,1279867
linebuf,L400.w6,32,2643476039,1226600,1279870
linebuf,L400.w7,32,1642606651,1226760,1279874
linebuf,L400.w8,32,3713123843,1226920,1279878
linebuf,L400.w9,32,2915891389,1227080,1279882
linebuf,L400.w10,32,1660148513,1227240,1279885
linebuf,L400.w11,32,383878045,1227400,1279889
linebuf,L401.w0,32,1830059348,1227560,1283048
linebuf,L401.w1,32,4001770164,1227720,1283051
linebuf,L401.w2,32,1050098463,1227880,1283055
linebuf,L401.w3,32,3573470530,1228040,1283059
linebuf,L401.w4,32,3565690727,1228200,1283063
linebuf,L401.w5,32,2101725637,1228360,1283067
linebuf,L401.w6,32,3768235506,1228520,1283070
linebuf,L401.w7,32,1476202018,1228680,1283074
linebuf,L401.w8,32,3911980516,1228840,1283078
linebuf,L401.w9,32,767170369,1229000,1283082
linebuf,L401.w10,32,2598139521,1229160,1283085
linebuf,L401.w11,32,2787995279,1229320,1283089
linebuf,L402.w0,32,488931530,1229480,1286248
linebuf,L402.w1,32,1029577141,1229640,1286251
linebuf,L402.w2,32,310391553,1229800,1286255
linebuf,L402.w3,32,3319651637,1229960,1286259
linebuf,L402.w4,32,3425384627,1230120,1286263
linebuf,L402.w5,32,1875150043,1230280,1286267
linebuf,L402.w6,32,3803047687,1230440,1286270
linebuf,L402.w7,32,1189357380,1230600,1286274
linebuf,L402.w8,32,2286077468,1230760,1286278
linebuf,L402.w9,32,1304860377,1230920,1286282
linebuf,L402.w10,32,3954665977,1231080,1286285
linebuf,L402.w11,32,4172840668,1231240,1286289
linebuf,L403.w0,32,3997639127,1231400,1289448
linebuf,L403.w1,32,1438977611,1231560,1289451
linebuf,L403.w2,32,3241631198,1231720,1289455
linebuf,L403.w3,32,3571659166,1231880,1289459
linebuf,L403.w4,32,1591476855,1232040,1289463
linebuf,L403.w5,32,1757744440,1232200,1289467
linebuf,L403.w6,32,1959973722,1232360,1289470
linebuf,L403.w7,32,1564949638,1232520,1289474
linebuf,L403.w8,32,1511330613,1232680,1289478
linebuf,L403.w9,32,1356740311,1232840,1289482
linebuf,L403.w10,32,1701021167,1233000,1289485
linebuf,L403.w11,32,4115018358,1233160,1289489
linebuf,L404.w0,32,2024284083,1233320,1292648
linebuf,L404.w1,32,2195748461,1233480,1292651
linebuf,L404.w2,32,73488507,1233640,1292655
linebuf,L404.w3,32,1590377635,1233800,1292659
linebuf,L404.w4,32,546941094,1233960,1292663
linebuf,L404.w5,32,1298915975,1234120,1292667
linebuf,L404.w6,32,721621761,1234280,1292670
linebuf,L404.w7,32,1297994038,1234440,1292674
linebuf,L404.w8,32,2434452603,1234600,1292678
linebuf,L404.w9,32,544418469,1234760,1292682
linebuf,L404.w10,32,3743533723,1234920,1292685
linebuf,L404.w11,32,2355914596,1235080,1292689
linebuf,L405.w0,32,3055421757,1235240,1295848
linebuf,L405.w1,32,3121740851,1235400,1295851
linebuf,L405.w2,32,642076824,1235560,1295855
linebuf,L405.w3,32,716963010,1235720,1295859
linebuf,L405.w4,32,1965737514,1235880,1295863
linebuf,L405.w5,32,2769801602,1236040,1295867
linebuf,L405.w6,32,2694251036,1236200,1295870
linebuf,L405.w7,32,653853959,1236360,1295874
linebuf,L405.w8,32,580641104,1236520,1295878
linebuf,L405.w9,32,691982719,1236680,1295882
linebuf,L405.w10,32,342261015,1236840,1295885
linebuf,L405.w11,32,3490327361,1237000,1295889
linebuf,L406.w0,32,2628684596,1237160,1299048
linebuf,L406.w1,32,1090419374,1237320,1299051
linebuf,L406.w2,32,1011157169,1237480,1299055
linebuf,L406.w3,32,1528804738,1237640,1299059
linebuf,L406.w4,32,2770500463,1237800,1299063
linebuf,L406.w5,32,1353828267,1237960,1299067
linebuf,L406.w6,32,736772036,1238120,1299070
linebuf,L406.w7,32,1190918960,1238280,1299074
linebuf,L406.w8,32,3676084703,1238440,1299078
linebuf,L406.w9,32,2031801348,1238600,1299082
linebuf,L406.w10,32,1330324571,1238760,1299085
linebuf,L406.w11,32,331840957,1238920,1299089
linebuf,L407.w0,32,1839787044,1239080,1302248
linebuf,L407.w1,32,661507808,1239240,1302251
linebuf,L407.w2,32,2362087091,1239400,1302255
linebuf,L407.w3,32,1517247897,1239560,1302259
linebuf,L407.w4,32,3806835513,1239720,1302263
linebuf,L407.w5,32,1931359148,1239880,1302267
linebuf,L407.w6,32,3935811079,1240040,1302270
linebuf,L407.w7,32,461380795,1240200,1302274
linebuf,L407.w8,32,3628355864,1240360,1302278
linebuf,L407.w9,32,669185146,1240520,1302282
linebuf,L407.w10,32,2939973673,1240680,1302285
linebuf,L407.w11,32,1356534020,1240840,1302289
linebuf,L408.w0,32,297159265,1241000,1305448
linebuf,L408.w1,32,2942514027,1241160,1305451
linebuf,L408.w2,32,802254536,1241320,1305455
linebuf,L408.w3,32,2059785612,1241480,1305459
linebuf,L408.w4,32,2296117452,1241640,1305463
linebuf,L408.w5,32,150208280,1241800,1305467
linebuf,L408.w6,32,4231090515,1241960,1305470
linebuf,L408.w7,32,201318671,1242120,1305474
linebuf,L408.w8,32,3118775488,1242280,1305478
linebuf,L408.w9,32,4101771636,1242440,1305482
linebuf,L408.w10,32,823188990,1242600,1305485
linebuf,L408.w11,32,2789461608,1242760,1305489
linebuf,L409.w0,32,1528996374,1242920,1308648
linebuf,L409.w1,32,3158414787,1243080,1308651
linebuf,L409.w2,32,4133755044,1243240,1308655
linebuf,L409.w3,32,1572315385,1243400,1308659
linebuf,L409.w4,32,2180752446,1243560,1308663
linebuf,L409.w5,32,4013187218,1243720,1308667
linebuf,L409.w6,32,3737988313,1243880,1308670
linebuf,L409.w7,32,1526010932,1244040,1308674
linebuf,L409.w8,32,3685060927,1244200,1308678
linebuf,L409.w9,32,3656364174,1244360,1308682
linebuf,L409.w10,32,3357660211,1244520,1308685
linebuf,L409.w11,32,2162956308,1244680,1308689
linebuf,L410.w0,32,2693123180,1244840,1311848
linebuf,L410.w1,32,3480006898,1245000,1311851
linebuf,L410.w2,32,2859775912,1245160,1311855
linebuf,L410.w3,32,1608588041,1245320,1311859
linebuf,L410.w4,32,1469209903,1245480,1311863
linebuf,L410.w5,32,2809728149,1245640,1311867
linebuf,L410.w6,32,517179293,1245800,1311870
linebuf,L410.w7,32,792997447,1245960,1311874
linebuf,L410.w8,32,4074037704,1246120,1311878
linebuf,L410.w9,32,1612545590,1246280,1311882
linebuf,L410.w10,32,140146118,1246440,1311885
linebuf,L410.w11,32,4196438187,1246600,1311889
linebuf,L411.w0,32,1163442045,1246760,1315048
linebuf,L411.w1,32,3802128736,1246920,1315051
linebuf,L411.w2,32,2636663092,1247080,1315055
linebuf,L411.w3,32,3056312791,1247240,1315059
linebuf,L411.w4,32,4144350177,1247400,1315063
linebuf,L411.w5,32,3428884937,1247560,1315067
linebuf,L411.w6,32,902664218,1247720,1315070
linebuf,L411.w7,32,267915629,1247880,1315074
linebuf,L411.w8,32,1060725956,1248040,1315078
linebuf,L411.w9,32,3598075356,1248200,1315082
linebuf,L411.w10,32,3641736904,1248360,1315085
linebuf,L411.w11,32,1307407328,1248520,1315089
linebuf,L412.w0,32,1730679860,1271097,1318248
linebuf,L412.w1,32,1049440280,1271257,1318251
linebuf,L412.w2,32,1545072301,1271417,1318255
linebuf,L412.w3,32,3317597604,1271577,1318259
linebuf,L412.w4,32,212400817,1271737,1318263
linebuf,L412.w5,32,995371699,1271897,1318267
linebuf,L412.w6,32,4045094373,1272057,1318270
linebuf,L412.w7,32,1247836082,1272217,1318274
linebuf,L412.w8,32,2996729146,1272377,1318278
linebuf,L412.w9,32,2441498853,1272537,1318282
linebuf,L412.w10,32,29317048,1272697,1318285
linebuf,L412.w11,32,838957287,1272857,1318289
linebuf,L413.w0,32,417231932,1273017,1321448
linebuf,L413.w1,32,4191132482,1273177,1321451
linebuf,L413.w2,32,581771110,1273337,1321455
linebuf,L413.w3,32,956744272,1273497,1321459
linebuf,L413.w4,32,1584356520,1273657,1321463
linebuf,L413.w5,32,2173932782,1273817,1321467
linebuf,L413.w6,32,3823903968,1273977,1321470
linebuf,L413.w7,32,1144777675,1274137,1321474
linebuf,L413.w8,32,604987589,1274297,1321478
linebuf,L413.w9,32,697379907,1274457,1321482
linebuf,L413.w10,32,979581166,1274617,1321485
linebuf,L413.w11,32,323826714,1274777,1321489
linebuf,L414.w0,32,1337640272,1274937,1324648
linebuf,L414.w1,32,2462754501,1275097,1324651
linebuf,L414.w2,32,2193415765,1275257,1324655
linebuf,L414.w3,32,2187266179,1275417,1324659
linebuf,L414.w4,32,3870150703,1275577,1324663
linebuf,L414.w5,32,3820866565,1275737,1324667
linebuf,L414.w6,32,2316951140,1275897,1324670
linebuf,L414.w7,32,2578128793,1276057,1324674
linebuf,L414.w8,32,3880736953,1276217,1324678
linebuf,L414.w9,32,3708176479,1276377,1324682
linebuf,L414.w10,32,2327558875,1276537,1324685
linebuf,L414.w11,32,3389874786,1276697,1324689
linebuf,L415.w0,32,1855958992,1276857,1327848
linebuf,L415.w1,32,3705337724,1277017,1327851
linebuf,L415.w2,32,3742907605,1277177,1327855
linebuf,L415.w3,32,1887026410,1277337,1327859
linebuf,L415.w4,32,2494668447,1277497,1327863
linebuf,L415.w5,32,2197949686,1277657,1327867
linebuf,L415.w6,32,2040010648,1277817,1327870
linebuf,L415.w7,32,785466868,1277977,1327874
linebuf,L415.w8,32,2200960872,1278137,1327878
linebuf,L415.w9,32,3711571495,1278297,1327882
linebuf,L415.w10,32,1527419116,1278457,1327885
linebuf,L415.w11,32,839524984,1278617,1327889
linebuf,L416.w0,32,1860156153,1278777,1331048
linebuf,L416.w1,32,3455142310,1278937,1331051
linebuf,L416.w2,32,318508731,1279097,1331055
linebuf,L416.w3,32,1189375851,1279257,1331059
linebuf,L416.w4,32,881397593,1279417,1331063
linebuf,L416.w5,32,983286747,1279577,1331067
linebuf,L416.w6,32,3277045126,1279737,1331070
linebuf,L416.w7,32,611182161,1279897,1331074
linebuf,L416.w8,32,573740579,1280057,1331078
linebuf,L416.w9,32,3317904795,1280217,1331082
linebuf,L416.w10,32,894420468,1280377,1331085
linebuf,L416.w11,32,91051068,1280537,1331089
linebuf,L417.w0,32,702629172,1280697,1334248
linebuf,L417.w1,32,2086137785,1280857,1334251
linebuf,L417.w2,32,1558565413,1281017,1334255
linebuf,L417.w3,32,790048475,1281177,1334259
linebuf,L417.w4,32,211691059,1281337,1334263
linebuf,L417.w5,32,3364458659,1281497,1334267
linebuf,L417.w6,32,1547603147,1281657,1334270
linebuf,L417.w7,32,354163877,1281817,1334274
linebuf,L417.w8,32,2618617646,1281977,1334278
linebuf,L417.w9,32,1019294764,1282137,1334282
linebuf,L417.w10,32,2911878050,1282297,1334285
linebuf,L417.w11,32,2989680423,1282457,1334289
linebuf,L418.w0,32,3725226338,1282617,1337448
linebuf,L418.w1,32,908000053,1282777,1337451
linebuf,L418.w2,32,373995792,1282937,1337455
linebuf,L418.w3,32,1895157245,1283097,1337459
linebuf,L418.w4,32,2765198100,1283257,1337463
linebuf,L418.w5,32,2817445398,1283417,1337467
linebuf,L418.w6,32,843162721,1283577,1337470
linebuf,L418.w7,32,2583917936,1283737,1337474
linebuf,L418.w8,32,1470704607,1283897,1337478
linebuf,L418.w9,32,708681485,1284057,1337482
linebuf,L418.w10,32,2470161758,1284217,1337485
linebuf,L418.w11,32,2969558170,1284377,1337489
linebuf,L419.w0,32,3598981833,1284537,1340648
linebuf,L419.w1,32,3588752087,1284697,1340651
linebuf,L419.w2,32,2880241992,1284857,1340655
linebuf,L419.w3,32,3035732958,1285017,1340659
linebuf,L419.w4,32,4231826567,1285177,1340663
linebuf,L419.w5,32,3992137870,1285337,1340667
linebuf,L419.w6,32,77085662,1285497,1340670
linebuf,L419.w7,32,934461502,1285657,1340674
linebuf,L419.w8,32,1357597256,1285817,1340678
linebuf,L419.w9,32,3821028265,1285977,1340682
linebuf,L419.w10,32,2063142924,1286137,1340685
linebuf,L419.w11,32,2371243748,1286297,1340689
linebuf,L420.w0,32,155501819,1286457,1343848
linebuf,L420.w1,32,3870863770,1286617,1343851
linebuf,L420.w2,32,224938564,1286777,1343855
linebuf,L420.w3,32,3664765472,1286937,1343859
linebuf,L420.w4,32,1575274964,1287097,1343863
linebuf,L420.w5,32,2147299556,1287257,1343867
linebuf,L420.w6,32,2401567355,1287417,1343870
linebuf,L420.w7,32,1501105249,1287577,1343874
linebuf,L420.w8,32,582032590,1287737,1343878
linebuf,L420.w9,32,2096766425,1287897,1343882
linebuf,L420.w10,32,293371558,1288057,1343885
linebuf,L420.w11,32,2195474848,1288217,1343889
linebuf,L421.w0,32,1369392127,1288377,1347048
linebuf,L421.w1,32,2853064475,1288537,1347051
linebuf,L421.w2,32,3184813787,1288697,1347055
linebuf,L421.w3,32,4008484395,1288857,1347059
linebuf,L421.w4,32,2435989406,1289017,1347063
linebuf,L421.w5,32,2876512265,1289177,1347067
linebuf,L421.w6,32,4281241993,1289337,1347070
linebuf,L421.w7,32,1338149367,1289497,1347074
linebuf,L421.w8,32,2598902795,1289657,1347078
linebuf,L421.w9,32,1364728179,1289817,1347082
linebuf,L421.w10,32,3824220625,1289977,1347085
linebuf,L421.w11,32,3365998659,1290137,1347089
linebuf,L422.w0,32,2460539767,1290297,1350248
linebuf,L422.w1,32,384822701,1290457,1350251
linebuf,L422.w2,32,2065535939,1290617,1350255
linebuf,L422.w3,32,1451681561,1290777,1350259
linebuf,L422.w4,32,1784753549,1290937,1350263
linebuf,L422.w5,32,3655329750,1291097,1350267
linebuf,L422.w6,32,307050407,1291257,1350270
linebuf,L422.w7,32,1125588718,1291417,1350274
linebuf,L422.w8,32,270287231,1291577,1350278
linebuf,L422.w9,32,4257307036,1291737,1350282
linebuf,L422.w10,32,2827836022,1291897,1350285
linebuf,L422.w11,32,2773705213,1292057,1350289
linebuf,L423.w0,32,3690119145,1292217,1353448
linebuf,L423.w1,32,1387060791,1292377,1353451
linebuf,L423.w2,32,81811485,1292537,1353455
linebuf,L423.w3,32,4250958028,1292697,1353459
linebuf,L423.w4,32,774067738,1292857,1353463
linebuf,L423.w5,32,3901839731,1293017,1353467
linebuf,L423.w6,32,1406460918,1293177,1353470
linebuf,L423.w7,32,969770374,1293337,1353474
linebuf,L423.w8,32,1344618711,1293497,1353478
linebuf,L423.w9,32,1127421017,1293657,1353482
linebuf,L423.w10,32,3582845878,1293817,1353485
linebuf,L423.w11,32,3510978313,1293977,1353489
linebuf,L424.w0,32,1084047850,1294137,1356648
linebuf,L424.w1,32,3733932830,1294297,1356651
linebuf,L424.w2,32,1315177182,1294457,1356655
linebuf,L424.w3,32,4089344644,1294617,1356659
linebuf,L424.w4,32,2094157961,1294777,1356663
linebuf,L424.w5,32,1786534626,1294937,1356667
linebuf,L424.w6,32,4083686045,1295097,1356670
linebuf,L424.w7,32,51472815,1295257,1356674
linebuf,L424.w8,32,1264932104,1295417,1356678
linebuf,L424.w9,32,697311224,1295577,1356682
linebuf,L424.w10,32,2721739564,1295737,1356685
linebuf,L424.w11,32,1248904970,1295897,1356689
linebuf,L425.w0,32,208732769,1296057,1359848
linebuf,L425.w1,32,497381621,1296217,1359851
linebuf,L425.w2,32,1853021154,1296377,1359855
linebuf,L425.w3,32,1849501929,1296537,1359859
linebuf,L425.w4,32,3982349856,1296697,1359863
linebuf,L425.w5,32,2632688063,1296857,1359867
linebuf,L425.w6,32,933746945,1297017,1359870
linebuf,L425.w7,32,1195347538,1297177,1359874
linebuf,L425.w8,32,1530990944,1297337,1359878
linebuf,L425.w9,32,3299161288,1297497,1359882
linebuf,L425.w10,32,2809530335,1297657,1359885
linebuf,L425.w11,32,3088076268,1297817,1359889
linebuf,L426.w0,32,2428982045,1297977,1363048
linebuf,L426.w1,32,2122362766,1298137,1363051
linebuf,L426.w2,32,2474036640,1298297,1363055
linebuf,L426.w3,32,1208193974,1298457,1363059
linebuf,L426.w4,32,2613713998,1298617,1363063
linebuf,L426.w5,32,1099103031,1298777,1363067
linebuf,L426.w6,32,2900763092,1298937,1363070
linebuf,L426.w7,32,740339960,1299097,1363074
linebuf,L426.w8,32,1385830986,1299257,1363078
linebuf,L426.w9,32,613391675,1299417,1363082
linebuf,L426.w10,32,1510609489,1299577,1363085
linebuf,L426.w11,32,406309439,1299737,1363089
linebuf,L427.w0,32,1705128605,1299897,1366248
linebuf,L427.w1,32,1532703764,1300057,1366251
linebuf,L427.w2,32,2243420477,1300217,1366255
linebuf,L427.w3,32,3197448627,1300377,1366259
linebuf,L427.w4,32,2435253604,1300537,1366263
linebuf,L427.w5,32,2990953609,1300697,1366267
linebuf,L427.w6,32,3753652797,1300857,1366270
linebuf,L427.w7,32,825783501,1301017,1366274
linebuf,L427.w8,32,1700103291,1301177,1366278
linebuf,L427.w9,32,4218960604,1301337,1366282
linebuf,L427.w10,32,1929504108,1301497,1366285
linebuf,L427.w11,32,644456728,1301657,1366289
linebuf,L428.w0,32,3576223605,1301817,1369448
linebuf,L428.w1,32,2066474781,1301977,1369451
linebuf,L428.w2,32,4170735091,1302137,1369455
linebuf,L428.w3,32,2997176549,1302297,1369459
linebuf,L428.w4,32,1043228513,1302457,1369463
linebuf,L428.w5,32,162155527,1302617,1369467
linebuf,L428.w6,32,3137173730,1302777,1369470
linebuf,L428.w7,32,2747566836,1302937,1369474
linebuf,L428.w8,32,1063484913,1303097,1369478
linebuf,L428.w9,32,339265559,1303257,1369482
linebuf,L428.w10,32,3183087540,1303417,1369485
linebuf,L428.w11,32,302886809,1303577,1369489
linebuf,L429.w0,32,165473747,1303737,1372648
linebuf,L429.w1,32,2230610599,1303897,1372651
linebuf,L429.w2,32,2178100185,1304057,1372655
linebuf,L429.w3,32,2025826204,1304217,1372659
linebuf,L429.w4,32,2448039857,1304377,1372663
linebuf,L429.w5,32,2079871630,1304537,1372667
linebuf,L429.w6,32,3004722136,1304697,1372670
linebuf,L429.w7,32,1405571770,1304857,1372674
linebuf,L429.w8,32,3938616274,1305017,1372678
linebuf,L429.w9,32,2235112915,1305177,1372682
linebuf,L429.w10,32,3414908247,1305337,1372685
linebuf,L429.w11,32,732026710,1305497,1372689
linebuf,L430.w0,32,2418412122,1305657,1375848
linebuf,L430.w1,32,3041828323,1305817,1375851
linebuf,L430.w2,32,2135349320,1305977,1375855
linebuf,L430.w3,32,1707990607,1306137,1375859
linebuf,L430.w4,32,56806308,1306297,1375863
linebuf,L430.w5,32,1657888523,1306457,1375867
linebuf,L430.w6,32,2373680983,1306617,1375870
linebuf,L430.w7,32,3111540229,1306777,1375874
linebuf,L430.w8,32,2414735552,1306937,1375878
linebuf,L430.w9,32,3567906795,1307097,1375882
linebuf,L430.w10,32,3187303150,1307257,1375885
linebuf,L430.w11,32,1935032692,1307417,1375889
linebuf,L431.w0,32,710379200,1307577,1379048
linebuf,L431.w1,32,2548559401,1307737,1379051
linebuf,L431.w2,32,2528281919,1307897,1379055
linebuf,L431.w3,32,1602595325,1308057,1379059
linebuf,L431.w4,32,221545565,1308217,1379063
linebuf,L431.w5,32,3610881032,1308377,1379067
linebuf,L431.w6,32,3117715362,1308537,1379070
linebuf,L431.w7,32,1581862497,1308697,1379074
linebuf,L431.w8,32,3528781275,1308857,1379078
linebuf,L431.w9,32,1515716639,1309017,1379082
linebuf,L431.w10,32,1880234286,1309177,1379085
linebuf,L431.w11,32,1020029606,1309337,1379089
linebuf,L432.w0,32,2844602146,1331491,1382248
linebuf,L432.w1,32,2347856198,1331651,1382251
linebuf,L432.w2,32,1303945835,1331811,1382255
linebuf,L432.w3,32,3656405010,1331971,1382259
linebuf,L432.w4,32,379009909,1332131,1382263
linebuf,L432.w5,32,1897781716,1332291,1382267
linebuf,L432.w6,32,3255575286,1332451,1382270
linebuf,L432.w7,32,3743755825,1332611,1382274
linebuf,L432.w8,32,1533632857,1332771,1382278
linebuf,L432.w9,32,838513988,1332931,1382282
linebuf,L432.w10,32,693106037,1333091,1382285
linebuf,L432.w11,32,578339884,1333251,1382289
linebuf,L433.w0,32,1899263245,1333411,1385448
linebuf,L433.w1,32,3996231745,1333571,1385451
linebuf,L433.w2,32,3577454782,1333731,1385455
linebuf,L433.w3,32,193560097,1333891,1385459
linebuf,L433.w4,32,4098199667,1334051,1385463
linebuf,L433.w5,32,1563667999,1334211,1385467
linebuf,L433.w6,32,2436701288,1334371,1385470
linebuf,L433.w7,32,1448264225,1334531,1385474
linebuf,L433.w8,32,4165501458,1334691,1385478
linebuf,L433.w9,32,3471212190,1334851,1385482
linebuf,L433.w10,32,744853944,1335011,1385485
linebuf,L433.w11,32,2442822030,1335171,1385489
linebuf,L434.w0,32,2106326820,1335331,1388648
linebuf,L434.w1,32,2054236204,1335491,1388651
linebuf,L434.w2,32,35979704,1335651,1388655
linebuf,L434.w3,32,2473689462,1335811,1388659
linebuf,L434.w4,32,1004878555,1335971,1388663
linebuf,L434.w5,32,3798621724,1336131,1388667
linebuf,L434.w6,32,3764797957,1336291,1388670
linebuf,L434.w7,32,2617514230,1336451,1388674
linebuf,L434.w8,32,255093868,1336611,1388678
linebuf,L434.w9,32,1907427753,1336771,1388682
linebuf,L434.w10,32,2810756324,1336931,1388685
linebuf,L434.w11,32,702318275,1337091,1388689
linebuf,L435.w0,32,2188463142,1337251,1391848
linebuf,L435.w1,32,894937679,1337411,1391851
linebuf,L435.w2,32,4241610915,1337571,1391855
linebuf,L435.w3,32,1719364118,1337731,1391859
linebuf,L435.w4,32,4267463641,1337891,1391863
linebuf,L435.w5,32,2001109038,1338051,1391867
linebuf,L435.w6,32,529745995,1338211,1391870
linebuf,L435.w7,32,1352115559,1338371,1391874
linebuf,L435.w8,32,1125597355,1338531,1391878
linebuf,L435.w9,32,594092520,1338691,1391882
linebuf,L435.w10,32,4258110792,1338851,1391885
linebuf,L435.w11,32,727172900,1339011,1391889
linebuf,L436.w0,32,1417098523,1339171,1395048
linebuf,L436.w1,32,565384971,1339331,1395051
linebuf,L436.w2,32,775149690,1339491,1395055
linebuf,L436.w3,32,3459364206,1339651,1395059
linebuf,L436.w4,32,3916034124,1339811,1395063
linebuf,L436.w5,32,3184864899,1339971,1395067
linebuf,L436.w6,32,2650947863,1340131,1395070
linebuf,L436.w7,32,2277455400,1340291,1395074
linebuf,L436.w8,32,1323527704,1340451,1395078
linebuf,L436.w9,32,1006109185,1340611,1395082
linebuf,L436.w10,32,2381072368,1340771,1395085
linebuf,L436.w11,32,3034813184,1340931,1395089
linebuf,L437.w0,32,1835699353,1341091,1398248
linebuf,L437.w1,32,2010346268,1341251,1398251
linebuf,L437.w2,32,1967030251,1341411,1398255
linebuf,L437.w3,32,2192362728,1341571,1398259
linebuf,L437.w4,32,2371354882,1341731,1398263
linebuf,L437.w5,32,1336141758,1341891,1398267
linebuf,L437.w6,32,729191430,1342051,1398270
linebuf,L437.w7,32,2233066241,1342211,1398274
linebuf,L437.w8,32,2643996887,1342371,1398278
linebuf,L437.w9,32,2178765303,1342531,1398282
linebuf,L437.w10,32,4102418483,1342691,1398285
linebuf,L437.w11,32,1326369492,1342851,1398289
linebuf,L438.w0,32,2542791569,1343011,1401448
linebuf,L438.w1,32,3619195439,1343171,1401451
linebuf,L438.w2,32,3382285318,1343331,1401455
linebuf,L438.w3,32,887897162,1343491,1401459
linebuf,L438.w4,32,1213482191,1343651,1401463
linebuf,L438.w5,32,2892566083,1343811,1401467
linebuf,L438.w6,32,663983740,1343971,1401470
linebuf,L438.w7,32,2930115420,1344131,1401474
linebuf,L438.w8,32,27653150,1344291,1401478
linebuf,L438.w9,32,3493652117,1344451,1401482
linebuf,L438.w10,32,4214732494,1344611,1401485
linebuf,L438.w11,32,1462291034,1344771,1401489
linebuf,L439.w0,32,511368155,1344931,1404648
linebuf,L439.w1,32,1827254317,1345091,1404651
linebuf,L439.w2,32,1632151347,1345251,1404655
linebuf,L439.w3,32,3063235978,1345411,1404659
linebuf,L439.w4,32,2812014929,1345571,1404663
linebuf,L439.w5,32,2202458498,1345731,1404667
linebuf,L439.w6,32,3155081087,1345891,1404670
linebuf,L439.w7,32,768416831,1346051,1404674
linebuf,L439.w8,32,2654859234,1346211,1404678
linebuf,L439.w9,32,3811565106,1346371,1404682
linebuf,L439.w10,32,1887907309,1346531,1404685
linebuf,L439.w11,32,1930188188,1346691,1404689
linebuf,L440.w0,32,3500113895,1346851,1407848
linebuf,L440.w1,32,2290143562,1347011,1407851
linebuf,L440.w2,32,1899920820,1347171,1407855
linebuf,L440.w3,32,1562375941,1347331,1407859
linebuf,L440.w4,32,3587602136,1347491,1407863
linebuf,L440.w5,32,886569108,1347651,1407867
linebuf,L440.w6,32,232034915,1347811,1407870
linebuf,L440.w7,32,365810519,1347971,1407874
linebuf,L440.w8,32,3101011265,1348131,1407878
linebuf,L440.w9,32,460922431,1348291,1407882
linebuf,L440.w10,32,417892382,1348451,1407885
linebuf,L440.w11,32,2311736441,1348611,1407889
linebuf,L441.w0,32,1664559958,1348771,1411048
linebuf,L441.w1,32,589735495,1348931,1411051
linebuf,L441.w2,32,1904334711,1349091,1411055
linebuf,L441.w3,32,1705804840,1349251,1411059
linebuf,L441.w4,32,781628634,1349411,1411063
linebuf,L441.w5,32,2040245358,1349571,1411067
linebuf,L441.w6,32,1928218560,1349731,1411070
linebuf,L441.w7,32,2241819291,1349891,1411074
linebuf,L441.w8,32,3663153524,1350051,1411078
linebuf,L441.w9,32,2549358699,1350211,1411082
linebuf,L441.w10,32,156370505,1350371,1411085
linebuf,L441.w11,32,2521807971,1350531,1411089
linebuf,L442.w0,32,832871635,1350691,1414248
linebuf,L442.w1,32,4066711028,1350851,1414251
linebuf,L442.w2,32,4190236674,1351011,1414255
linebuf,L442.w3,32,2535850894,1351171,1414259
linebuf,L442.w4,32,1932590859,1351331,1414263
linebuf,L442.w5,32,2097185545,1351491,1414267
linebuf,L442.w6,32,1673902236,1351651,1414270
linebuf,L442.w7,32,1248676861,1351811,1414274
linebuf,L442.w8,32,3919788782,1351971,1414278
linebuf,L442.w9,32,1498085946,1352131,1414282
linebuf,L442.w10,32,3332349347,1352291,1414285
linebuf,L442.w11,32,3247624926,1352451,1414289
linebuf,L443.w0,32,745276467,1352611,1417448
linebuf,L443.w1,32,3615920494,1352771,1417451
linebuf,L443.w2,32,2567901105,1352931,1417455
linebuf,L443.w3,32,1173749454,1353091,1417459
linebuf,L443.w4,32,774832881,1353251,1417463
linebuf,L443.w5,32,3768700503,1353411,1417467
linebuf,L443.w6,32,3331694348,1353571,1417470
linebuf,L443.w7,32,118378244,1353731,1417474
linebuf,L443.w8,32,2389860502,1353891,1417478
linebuf,L443.w9,32,260094691,1354051,1417482
linebuf,L443.w10,32,3429917040,1354211,1417485
linebuf,L443.w11,32,2885084898,1354371,1417489
linebuf,L444.w0,32,278861406,1354531,1420648
linebuf,L444.w1,32,4189345959,1354691,1420651
linebuf,L444.w2,32,3985756419,1354851,1420655
linebuf,L444.w3,32,2362598126,1355011,1420659
linebuf,L444.w4,32,987030987,1355171,1420663
linebuf,L444.w5,32,1914091225,1355331,1420667
linebuf,L444.w6,32,3649783243,1355491,1420670
linebuf,L444.w7,32,1370095701,1355651,1420674
linebuf,L444.w8,32,1896646786,1355811,1420678
linebuf,L444.w9,32,1440088537,1355971,1420682
linebuf,L444.w10,32,3817583477,1356131,1420685
linebuf,L444.w11,32,3204417796,1356291,1420689
linebuf,L445.w0,32,436548390,1356451,1423848
linebuf,L445.w1,32,1667848366,1356611,1423851
linebuf,L445.w2,32,231040223,1356771,1423855
linebuf,L445.w3,32,3209042672,1356931,1423859
linebuf,L445.w4,32,2011282887,1357091,1423863
linebuf,L445.w5,32,1194854001,1357251,1423867
linebuf,L445.w6,32,3996330937,1357411,1423870
linebuf,L445.w7,32,1758271992,1357571,1423874
linebuf,L445.w8,32,1998508115,1357731,1423878
linebuf,L445.w9,32,1422819011,1357891,1423882
linebuf,L445.w10,32,2179574990,1358051,1423885
linebuf,L445.w11,32,412441355,1358211,1423889
linebuf,L446.w0,32,705199203,1358371,1427048
linebuf,L446.w1,32,1723366028,1358531,1427051
linebuf,L446.w2,32,2323716847,1358691,1427055
linebuf,L446.w3,32,3718527182,1358851,1427059
linebuf,L446.w4,32,1834841625,1359011,1427063
linebuf,L446.w5,32,3794353294,1359171,1427067
linebuf,L446.w6,32,3813561630,1359331,1427070
linebuf,L446.w7,32,2635247593,1359491,1427074
linebuf,L446.w8,32,3182361342,1359651,1427078
linebuf,L446.w9,32,3676897432,1359811,1427082
linebuf,L446.w10,32,2051974919,1359971,1427085
linebuf,L446.w11,32,2171216854,1360131,1427089
linebuf,L447.w0,32,639756416,1360291,1430248
linebuf,L447.w1,32,1372268958,1360451,1430251
linebuf,L447.w2,32,626871370,1360611,1430255
linebuf,L447.w3,32,1503021074,1360771,1430259
linebuf,L447.w4,32,4171479581,1360931,1430263
linebuf,L447.w5,32,589333828,1361091,1430267
linebuf,L447.w6,32,2624293540,1361251,1430270
linebuf,L447.w7,32,831063281,1361411,1430274
linebuf,L447.w8,32,966249658,1361571,1430278
linebuf,L447.w9,32,3380474807,1361731,1430282
linebuf,L447.w10,32,3483120550,1361891,1430285
linebuf,L447.w11,32,4224148255,1362051,1430289
linebuf,L448.w0,32,928235339,1362211,1433448
linebuf,L448.w1,32,3809724793,1362371,1433451
linebuf,L448.w2,32,1949890317,1362531,1433455
linebuf,L448.w3,32,2789997743,1362691,1433459
linebuf,L448.w4,32,3767442642,1362851,1433463
linebuf,L448.w5,32,668972582,1363011,1433467
linebuf,L448.w6,32,444111244,1363171,1433470
linebuf,L448.w7,32,3002878334,1363331,1433474
linebuf,L448.w8,32,442173912,1363491,1433478
linebuf,L448.w9,32,1826236648,1363651,1433482
linebuf,L448.w10,32,225841977,1363811,1433485
linebuf,L448.w11,32,1948215168,1363971,1433489
linebuf,L449.w0,32,651561613,1364131,1436648
linebuf,L449.w1,32,4249263589,1364291,1436651
linebuf,L449.w2,32,1608601094,1364451,1436655
linebuf,L449.w3,32,2406171724,1364611,1436659
linebuf,L449.w4,32,1381456941,1364771,1436663
linebuf,L449.w5,32,4027051039,1364931,1436667
linebuf,L449.w6,32,1203117138,1365091,1436670
linebuf,L449.w7,32,1709519017,1365251,1436674
linebuf,L449.w8,32,60828583,1365411,1436678
linebuf,L449.w9,32,1664422726,1365571,1436682
linebuf,L449.w10,32,2092155902,1365731,1436685
linebuf,L449.w11,32,3078368181,1365891,1436689
linebuf,L450.w0,32,1912849591,1366051,1439848
linebuf,L450.w1,32,1295690999,1366211,1439851
linebuf,L450.w2,32,3181704623,1366371,1439855
linebuf,L450.w3,32,3059618845,1366531,1439859
linebuf,L450.w4,32,1301788064,1366691,1439863
linebuf,L450.w5,32,2764067053,1366851,1439867
linebuf,L450.w6,32,2496177708,1367011,1439870
linebuf,L450.w7,32,1662000531,1367171,1439874
linebuf,L450.w8,32,1344952227,1367331,1439878
linebuf,L450.w9,32,3647340698,1367491,1439882
linebuf,L450.w10,32,3234087354,1367651,1439885
linebuf,L450.w11,32,1243897660,1367811,1439889
linebuf,L451.w0,32,747949522,1367971,1443048
linebuf,L451.w1,32,430873111,1368131,1443051
linebuf,L451.w2,32,2101744886,1368291,1443055
linebuf,L451.w3,32,771881200,1368451,1443059
linebuf,L451.w4,32,1914602501,1368611,1443063
linebuf,L451.w5,32,658564110,1368771,1443067
linebuf,L451.w6,32,1970268416,1368931,1443070
linebuf,L451.w7,32,453037053,1369091,1443074
linebuf,L451.w8,32,2311179675,1369251,1443078
linebuf,L451.w9,32,529935696,1369411,1443082
linebuf,L451.w10,32,2302695427,1369571,1443085
linebuf,L451.w11,32,1368324297,1369731,1443089
linebuf,L452.w0,32,3539515732,1399204,1446248
linebuf,L452.w1,32,2122858411,1399364,1446251
linebuf,L452.w2,32,4086603217,1399524,1446255
linebuf,L452.w3,32,2907071153,1399684,1446259
linebuf,L452.w4,32,2400919073,1399844,1446263
linebuf,L452.w5,32,4015080917,1400004,1446267
linebuf,L452.w6,32,2729434383,1400164,1446270
linebuf,L452.w7,32,1464724710,1400324,1446274
linebuf,L452.w8,32,3108030150,1400484,1446278
linebuf,L452.w9,32,2496979217,1400644,1446282
linebuf,L452.w10,32,1373564045,1400804,1446285
linebuf,L452.w11,32,2415333670,1400964,1446289
linebuf,L453.w0,32,2543868140,1401124,1449448
linebuf,L453.w1,32,3431959647,1401284,1449451
linebuf,L453.w2,32,1986813130,1401444,1449455
linebuf,L453.w3,32,1388486270,1401604,1449459
linebuf,L453.w4,32,2080621173,1401764,1449463
linebuf,L453.w5,32,2967879833,1401924,1449467
linebuf,L453.w6,32,1692811021,1402084,1449470
linebuf,L453.w7,32,3537957422,1402244,1449474
linebuf,L453.w8,32,2303215687,1402404,1449478
linebuf,L453.w9,32,3898428024,1402564,1449482
linebuf,L453.w10,32,936881658,1402724,1449485
linebuf,L453.w11,32,713321440,1402884,1449489
linebuf,L454.w0,32,1035186067,1403044,1452648
linebuf,L454.w1,32,2304501847,1403204,1452651
linebuf,L454.w2,32,859683812,1403364,1452655
linebuf,L454.w3,32,3688732114,1403524,1452659
linebuf,L454.w4,32,2553306878,1403684,1452663
linebuf,L454.w5,32,4009228144,1403844,1452667
linebuf,L454.w6,32,1053681564,1404004,1452670
linebuf,L454.w7,32,221742646,1404164,1452674
linebuf,L454.w8,32,3352778711,1404324,1452678
linebuf,L454.w9,32,1378438764,1404484,1452682
linebuf,L454.w10,32,3888237907,1404644,1452685
linebuf,L454.w11,32,2661386985,1404804,1452689
linebuf,L455.w0,32,3263002198,1404964,1455848
linebuf,L455.w1,32,264303223,1405124,1455851
linebuf,L455.w2,32,1409957252,1405284,1455855
linebuf,L455.w3,32,1802813393,1405444,1455859
linebuf,L455.w4,32,4048588937,1405604,1455863
linebuf,L455.w5,32,127613130,1405764,1455867
linebuf,L455.w6,32,1478685076,1405924,1455870
linebuf,L455.w7,32,1544123057,1406084,1455874
linebuf,L455.w8,32,1552911770,1406244,1455878
linebuf,L455.w9,32,2578027680,1406404,1455882
linebuf,L455.w10,32,2556702742,1406564,1455885
linebuf,L455.w11,32,3783414573,1406724,1455889
linebuf,L456.w0,32,2837585787,1406884,1459048
linebuf,L456.w1,32,3748809942,1407044,1459051
linebuf,L456.w2,32,1755948585,1407204,1459055
linebuf,L456.w3,32,898111952,1407364,1459059
linebuf,L456.w4,32,3378704352,1407524,1459063
linebuf,L456.w5,32,3875325338,1407684,1459067
linebuf,L456.w6,32,3665863611,1407844,1459070
linebuf,L456.w7,32,4265274129,1408004,1459074
linebuf,L456.w8,32,1239558489,1408164,1459078
linebuf,L456.w9,32,3895923846,1408324,1459082
linebuf,L456.w10,32,964659572,1408484,1459085
linebuf,L456.w11,32,1346636589,1408644,1459089
linebuf,L457.w0,32,1706992130,1408804,1462248
linebuf,L457.w1,32,4275494932,1408964,1462251
linebuf,L457.w2,32,3000499517,1409124,1462255
linebuf,L457.w3,32,1651751555,1409284,1462259
linebuf,L457.w4,32,2876865866,1409444,1462263
linebuf,L457.w5,32,3322787387,1409604,1462267
linebuf,L457.w6,32,754313391,1409764,1462270
linebuf,L457.w7,32,36004698,1409924,1462274
linebuf,L457.w8,32,1669444315,1410084,1462278
linebuf,L457.w9,32,2797412464,1410244,1462282
linebuf,L457.w10,32,3873454764,1410404,1462285
linebuf,L457.w11,32,4159111374,1410564,1462289
linebuf,L458.w0,32,4122760398,1410724,1465448
linebuf,L458.w1,32,1503922203,1410884,1465451
linebuf,L458.w2,32,2595127056,1411044,1465455
linebuf,L458.w3,32,3365708950,1411204,1465459
linebuf,L458.w4,32,3350579975,1411364,1465463
linebuf,L458.w5,32,2644034860,1411524,1465467
linebuf,L458.w6,32,3606928411,1411684,1465470
linebuf,L458.w7,32,3841312568,1411844,1465474
linebuf,L458.w8,32,954311270,1412004,1465478
linebuf,L458.w9,32,1004615089,1412164,1465482
linebuf,L458.w10,32,282957864,1412324,1465485
linebuf,L458.w11,32,3534207875,1412484,1465489
linebuf,L459.w0,32,2625765007,1412644,1468648
linebuf,L459.w1,32,1375470614,1412804,1468651
linebuf,L459.w2,32,1652237879,1412964,1468655
linebuf,L459.w3,32,875153519,1413124,1468659
linebuf,L459.w4,32,3052658696,1413284,1468663
linebuf,L459.w5,32,3741992953,1413444,1468667
linebuf,L459.w6,32,1261341363,1413604,1468670
linebuf,L459.w7,32,411214547,1413764,1468674
linebuf,L459.w8,32,1863854170,1413924,1468678
linebuf,L459.w9,32,16988015,1414084,1468682
linebuf,L459.w10,32,3471583911,1414244,1468685
linebuf,L459.w11,32,1507745679,1414404,1468689
linebuf,L460.w0,32,400495948,1414564,1471848
linebuf,L460.w1,32,3472825493,1414724,1471851
linebuf,L460.w2,32,1751667630,1414884,1471855
linebuf,L460.w3,32,4088772226,1415044,1471859
linebuf,L460.w4,32,658167246,1415204,1471863
linebuf,L460.w5,32,478462566,1415364,1471867
linebuf,L460.w6,32,2291854873,1415524,1471870
linebuf,L460.w7,32,3396684126,1415684,1471874
linebuf,L460.w8,32,3147226262,1415844,1471878
linebuf,L460.w9,32,3513164682,1416004,1471882
linebuf,L460.w10,32,4239937068,1416164,1471885
linebuf,L460.w11,32,770510908,1416324,1471889
linebuf,L461.w0,32,3236119090,1416484,1475048
linebuf,L461.w1,32,1461749037,1416644,1475051
linebuf,L461.w2,32,619552257,1416804,1475055
linebuf,L461.w3,32,1613148912,1416964,1475059
linebuf,L461.w4,32,1876926991,1417124,1475063
linebuf,L461.w5,32,1398211196,1417284,1475067
linebuf,L461.w6,32,2328684303,1417444,1475070
linebuf,L461.w7,32,3742199124,1417604,1475074
linebuf,L461.w8,32,2739163219,1417764,1475078
linebuf,L461.w9,32,4055945908,1417924,1475082
linebuf,L461.w10,32,3010095664,1418084,1475085
linebuf,L461.w11,32,2245976273,1418244,1475089
linebuf,L462.w0,32,4180321970,1418404,1478248
linebuf,L462.w1,32,1190518384,1418564,1478251
linebuf,L462.w2,32,4046749731,1418724,1478255
linebuf,L462.w3,32,4027899204,1418884,1478259
linebuf,L462.w4,32,895761487,1419044,1478263
linebuf,L462.w5,32,832976054,1419204,1478267
linebuf,L462.w6,32,680254283,1419364,1478270
linebuf,L462.w7,32,707569425,1419524,1478274
linebuf,L462.w8,32,4166254948,1419684,1478278
linebuf,L462.w9,32,2310017612,1419844,1478282
linebuf,L462.w10,32,689431790,1420004,1478285
linebuf,L462.w11,32,4141003886,1420164,1478289
linebuf,L463.w0,32,4158498029,1420324,1481448
linebuf,L463.w1,32,630047313,1420484,1481451
linebuf,L463.w2,32,514696599,1420644,1481455
linebuf,L463.w3,32,1898474149,1420804,1481459
linebuf,L463.w4,32,2512343188,1420964,1481463
linebuf,L463.w5,32,2242472953,1421124,1481467
linebuf,L463.w6,32,557842514,1421284,1481470
linebuf,L463.w7,32,1852369778,1421444,1481474
linebuf,L463.w8,32,574662783,1421604,1481478
linebuf,L463.w9,32,3649345298,1421764,1481482
linebuf,L463.w10,32,1433804684,1421924,1481485
linebuf,L463.w11,32,2605755454,1422084,1481489
linebuf,L464.w0,32,3409107223,1422244,1484648
linebuf,L464.w1,32,3146532557,1422404,1484651
linebuf,L464.w2,32,3016201234,1422564,1484655
linebuf,L464.w3,32,2924775271,1422724,1484659
linebuf,L464.w4,32,1362680206,1422884,1484663
linebuf,L464.w5,32,2554074544,1423044,1484667
linebuf,L464.w6,32,588789132,1423204,1484670
linebuf,L464.w7,32,89035810,1423364,1484674
linebuf,L464.w8,32,1540289797,1423524,1484678
linebuf,L464.w9,32,3346505114,1423684,1484682
linebuf,L464.w10,32,747973199,1423844,1484685
linebuf,L464.w11,32,971975204,1424004,1484689
linebuf,L465.w0,32,1009397537,1424164,1487848
linebuf,L465.w1,32,2976562832,1424324,1487851
linebuf,L465.w2,32,2134385313,1424484,1487855
linebuf,L465.w3,32,2544536900,1424644,1487859
linebuf,L465.w4,32,2099050608,1424804,1487863
linebuf,L465.w5,32,147162198,1424964,1487867
linebuf,L465.w6,32,3962589235,1425124,1487870
linebuf,L465.w7,32,2797667250,1425284,1487874
linebuf,L465.w8,32,385514185,1425444,1487878
linebuf,L465.w9,32,573680249,1425604,1487882
linebuf,L465.w10,32,2288750332,1425764,1487885
linebuf,L465.w11,32,2013843165,1425924,1487889
linebuf,L466.w0,32,2425843182,1426084,1491048
linebuf,L466.w1,32,4276977023,1426244,1491051
linebuf,L466.w2,32,613192159,1426404,1491055
linebuf,L466.w3,32,897818018,1426564,1491059
linebuf,L466.w4,32,1548398791,1426724,1491063
linebuf,L466.w5,32,3044351736,1426884,1491067
linebuf,L466.w6,32,592148746,1427044,1491070
linebuf,L466.w7,32,1202791199,1427204,1491074
linebuf,L466.w8,32,3838165299,1427364,1491078
linebuf,L466.w9,32,3179412662,1427524,1491082
linebuf,L466.w10,32,1496976009,1427684,1491085
linebuf,L466.w11,32,4222718143,1427844,1491089
linebuf,L467.w0,32,278536137,1428004,1494248
linebuf,L467.w1,32,1647691011,1428164,1494251
linebuf,L467.w2,32,2040862360,1428324,1494255
linebuf,L467.w3,32,128117922,1428484,1494259
linebuf,L467.w4,32,2272197031,1428644,1494263
linebuf,L467.w5,32,1983338580,1428804,1494267
linebuf,L467.w6,32,3810599147,1428964,1494270
linebuf,L467.w7,32,846153873,1429124,1494274
linebuf,L467.w8,32,3088451622,1429284,1494278
linebuf,L467.w9,32,1034618960,1429444,1494282
linebuf,L467.w10,32,885354789,1429604,1494285
linebuf,L467.w11,32,2960006481,1429764,1494289
linebuf,L468.w0,32,3901343306,1429924,1497448
linebuf,L468.w1,32,3423660437,1430084,1497451
linebuf,L468.w2,32,21722985,1430244,1497455
linebuf,L468.w3,32,3102978141,1430404,1497459
linebuf,L468.w4,32,2994424498,1430564,1497463
linebuf,L468.w5,32,1305793961,1430724,1497467
linebuf,L468.w6,32,181066314,1430884,1497470
linebuf,L468.w7,32,1146633058,1431044,1497474
linebuf,L468.w8,32,3520521033,1431204,1497478
linebuf,L468.w9,32,2228980678,1431364,1497482
linebuf,L468.w10,32,813458601,1431524,1497485
linebuf,L468.w11,32,308709845,1431684,1497489
linebuf,L469.w0,32,3424312204,1431844,1500648
linebuf,L469.w1,32,454794465,1432004,1500651
linebuf,L469.w2,32,3493607843,1432164,1500655
linebuf,L469.w3,32,3449879715,1432324,1500659
linebuf,L469.w4,32,3313495174,1432484,1500663
linebuf,L469.w5,32,3680873808,1432644,1500667
linebuf,L469.w6,32,473090451,1432804,1500670
linebuf,L469.w7,32,3723921615,1432964,1500674
linebuf,L469.w8,32,1719195323,1433124,1500678
linebuf,L469.w9,32,1425307714,1433284,1500682
linebuf,L469.w10,32,450101801,1433444,1500685
linebuf,L469.w11,32,1912914486,1433604,1500689
linebuf,L470.w0,32,3086492017,1433764,1503848
linebuf,L470.w1,32,3996150582,1433924,1503851
linebuf,L470.w2,32,4269462257,1434084,1503855
linebuf,L470.w3,32,2477023976,1434244,1503859
linebuf,L470.w4,32,2245104449,1434404,1503863
linebuf,L470.w5,32,3049415251,1434564,1503867
linebuf,L470.w6,32,2800166743,1434724,1503870
linebuf,L470.w7,32,2074082889,1434884,1503874
linebuf,L470.w8,32,2864988612,1435044,1503878
linebuf,L470.w9,32,1205281864,1435204,1503882
linebuf,L470.w10,32,612965234,1435364,1503885
linebuf,L470.w11,32,1851882239,1435524,1503889
linebuf,L471.w0,32,1595415551,1435684,1507048
linebuf,L471.w1,32,2783357233,1435844,1507051
linebuf,L471.w2,32,1498500573,1436004,1507055
linebuf,L471.w3,32,4004558322,1436164,1507059
linebuf,L471.w4,32,3223900846,1436324,1507063
linebuf,L471.w5,32,1648006074,1436484,1507067
linebuf,L471.w6,32,1766889977,1436644,1507070
linebuf,L471.w7,32,1873459369,1436804,1507074
linebuf,L471.w8,32,1580748793,1436964,1507078
linebuf,L471.w9,32,4148012090,1437124,1507082
linebuf,L471.w10,32,2357928493,1437284,1507085
linebuf,L471.w11,32,3963691010,1437444,1507089
linebuf,L472.w0,32,280427381,1464308,1510248
linebuf,L472.w1,32,622020224,1464468,1510251
linebuf,L472.w2,32,1022209633,1464628,1510255
linebuf,L472.w3,32,1030621267,1464788,1510259
linebuf,L472.w4,32,89539521,1464948,1510263
linebuf,L472.w5,32,1035239421,1465108,1510267
linebuf,L472.w6,32,2875316530,1465268,1510270
linebuf,L472.w7,32,1690378529,1465428,1510274
linebuf,L472.w8,32,1961773746,1465588,1510278
linebuf,L472.w9,32,3369397155,1465748,1510282
linebuf,L472.w10,32,2648490268,1465908,1510285
linebuf,L472.w11,32,1893153270,1466068,1510289
linebuf,L473.w0,32,2438479609,1466228,1513448
linebuf,L473.w1,32,409628656,1466388,1513451
linebuf,L473.w2,32,232748321,1466548,1513455
linebuf,L473.w3,32,740092670,1466708,1513459
linebuf,L473.w4,32,3500723693,1466868,1513463
linebuf,L473.w5,32,3523980615,1467028,1513467
linebuf,L473.w6,32,3517030149,1467188,1513470
linebuf,L473.w7,32,2264631254,1467348,1513474
linebuf,L473.w8,32,32582952,1467508,1513478
linebuf,L473.w9,32,190364373,1467668,1513482
linebuf,L473.w10,32,1847631830,1467828,1513485
linebuf,L473.w11,32,3669893114,1467988,1513489
linebuf,L474.w0,32,3374659728,1468148,1516648
linebuf,L474.w1,32,1196082099,1468308,1516651
linebuf,L474.w2,32,1784326604,1468468,1516655
linebuf,L474.w3,32,570341312,1468628,1516659
linebuf,L474.w4,32,3692756641,1468788,1516663
linebuf,L474.w5,32,1012293935,1468948,1516667
linebuf,L474.w6,32,2985877242,1469108,1516670
linebuf,L474.w7,32,3314071542,1469268,1516674
linebuf,L474.w8,32,2837383104,1469428,1516678
linebuf,L474.w9,32,1607854223,1469588,1516682
linebuf,L474.w10,32,3890238416,1469748,1516685
linebuf,L474.w11,32,1781251528,1469908,1516689
linebuf,L475.w0,32,3345595858,1470068,1519848
linebuf,L475.w1,32,1468171006,1470228,1519851
linebuf,L475.w2,32,2512412255,1470388,1519855
linebuf,L475.w3,32,3210429671,1470548,1519859
linebuf,L475.w4,32,203157372,1470708,1519863
linebuf,L475.w5,32,2174608096,1470868,1519867
linebuf,L475.w6,32,1951946186,1471028,1519870
linebuf,L475.w7,32,555021837,1471188,1519874
linebuf,L475.w8,32,2958109917,1471348,1519878
linebuf,L475.w9,32,3949521705,1471508,1519882
linebuf,L475.w10,32,2246960036,1471668,1519885
linebuf,L475.w11,32,1563616295,1471828,1519889
linebuf,L476.w0,32,2511424262,1471988,1523048
linebuf,L476.w1,32,257980077,1472148,1523051
linebuf,L476.w2,32,1500457828,1472308,1523055
linebuf,L476.w3,32,503488835,1472468,1523059
linebuf,L476.w4,32,3612891470,1472628,1523063
linebuf,L476.w5,32,3701760236,1472788,1523067
linebuf,L476.w6,32,1054150125,1472948,1523070
linebuf,L476.w7,32,2730197836,1473108,1523074
linebuf,L476.w8,32,2746799594,1473268,1523078
linebuf,L476.w9,32,534917227,1473428,1523082
linebuf,L476.w10,32,1875841738,1473588,1523085
linebuf,L476.w11,32,4083835484,1473748,1523089
linebuf,L477.w0,32,638828786,1473908,1526248
linebuf,L477.w1,32,3458279098,1474068,1526251
linebuf,L477.w2,32,81934786,1474228,1526255
linebuf,L477.w3,32,1569483078,1474388,1526259
linebuf,L477.w4,32,558000872,1474548,1526263
linebuf,L477.w5,32,646218272,1474708,1526267
linebuf,L477.w6,32,1237874860,1474868,1526270
linebuf,L477.w7,32,106316093,1475028,1526274
linebuf,L477.w8,32,2028792067,1475188,1526278
linebuf,L477.w9,32,2739672171,1475348,1526282
linebuf,L477.w10,32,114954676,1475508,1526285
linebuf,L477.w11,32,2074819701,1475668,1526289
linebuf,L478.w0,32,288350422,1475828,1529448
linebuf,L478.w1,32,3222127361,1475988,1529451
linebuf,L478.w2,32,3420556495,1476148,1529455
linebuf,L478.w3,32,4207390816,1476308,1529459
linebuf,L478.w4,32,4210075039,1476468,1529463
linebuf,L478.w5,32,2532412371,1476628,1529467
linebuf,L478.w6,32,1851166043,1476788,1529470
linebuf,L478.w7,32,394520788,1476948,1529474
linebuf,L478.w8,32,2017724459,1477108,1529478
linebuf,L478.w9,32,2336890614,1477268,1529482
linebuf,L478.w10,32,2588553652,1477428,1529485
linebuf,L478.w11,32,2153106049,1477588,1529489
linebuf,L479.w0,32,416048532,1477748,1532648
linebuf,L479.w1,32,552817451,1477908,1532651
linebuf,L479.w2,32,2313629942,1478068,1532655
linebuf,L479.w3,32,3642322863,1478228,1532659
linebuf,L479.w4,32,2894885224,1478388,1532663
linebuf,L479.w5,32,3035649753,1478548,1532667
linebuf,L479.w6,32,4055619551,1478708,1532670
linebuf,L479.w7,32,1690373272,1478868,1532674
linebuf,L479.w8,32,2762379592,1479028,1532678
linebuf,L479.w9,32,2585679992,1479188,1532682
linebuf,L479.w10,32,2340334668,1479348,1532685
linebuf,L479.w11,32,4086707633,1479508,1532689
linebuf,L480.w0,32,1761460356,1479668,1535848
linebuf,L480.w1,32,1038493653,1479828,1535851
linebuf,L480.w2,32,3916246590,1479988,1535855
linebuf,L480.w3,32,4285664196,1480148,1535859
linebuf,L480.w4,32,2247770029,1480308,1535863
linebuf,L480.w5,32,1631497046,1480468,1535867
linebuf,L480.w6,32,2051236944,1480628,1535870
linebuf,L480.w7,32,3575693108,1480788,1535874
linebuf,L480.w8,32,3151538688,1480948,1535878
linebuf,L480.w9,32,1362477456,1481108,1535882
linebuf,L480.w10,32,1880615408,1481268,1535885
linebuf,L480.w11,32,501603608,1481428,1535889
linebuf,L481.w0,32,288847593,1481588,1539048
linebuf,L481.w1,32,904869980,1481748,1539051
linebuf,L481.w2,32,2541900664,1481908,1539055
linebuf,L481.w3,32,2623986083,1482068,1539059
linebuf,L481.w4,32,3719502249,1482228,1539063
linebuf,L481.w5,32,2996383806,1482388,1539067
linebuf,L481.w6,32,1586189274,1482548,1539070
linebuf,L481.w7,32,448207555,1482708,1539074
linebuf,L481.w8,32,413070378,1482868,1539078
linebuf,L481.w9,32,1524348690,1483028,1539082
linebuf,L481.w10,32,454031015,1483188,1539085
linebuf,L481.w11,32,3792552370,1483348,1539089
linebuf,L482.w0,32,3892667586,1483508,1542248
linebuf,L482.w1,32,841350191,1483668,1542251
linebuf,L482.w2,32,477128166,1483828,1542255
linebuf,L482.w3,32,2962011040,1483988,1542259
linebuf,L482.w4,32,2809773990,1484148,1542263
linebuf,L482.w5,32,2537792284,1484308,1542267
linebuf,L482.w6,32,375840843,1484468,1542270
linebuf,L482.w7,32,15425122,1484628,1542274
linebuf,L482.w8,32,2200610151,1484788,1542278
linebuf,L482.w9,32,1854732272,1484948,1542282
linebuf,L482.w10,32,3913543453,1485108,1542285
linebuf,L482.w11,32,4143928638,1485268,1542289
linebuf,L483.w0,32,1007047626,1485428,1545448
linebuf,L483.w1,32,392820029,1485588,1545451
linebuf,L483.w2,32,1320156761,1485748,1545455
linebuf,L483.w3,32,2094098539,1485908,1545459
linebuf,L483.w4,32,2625769618,1486068,1545463
linebuf,L483.w5,32,265543520,1486228,1545467
linebuf,L483.w6,32,2463056229,1486388,1545470
linebuf,L483.w7,32,1842617782,1486548,1545474
linebuf,L483.w8,32,2407252700,1486708,1545478
linebuf,L483.w9,32,1280892854,1486868,1545482
linebuf,L483.w10,32,1683780643,1487028,1545485
linebuf,L483.w11,32,2697313846,1487188,1545489
linebuf,L484.w0,32,175639609,1487348,1548648
linebuf,L484.w1,32,2878352608,1487508,1548651
linebuf,L484.w2,32,2556514435,1487668,1548655
linebuf,L484.w3,32,124470445,1487828,1548659
linebuf,L484.w4,32,1188703145,1487988,1548663
linebuf,L484.w5,32,3903779663,1488148,1548667
linebuf,L484.w6,32,2664700624,1488308,1548670
linebuf,L484.w7,32,2054423442,1488468,1548674
linebuf,L484.w8,32,1880708223,1488628,1548678
linebuf,L484.w9,32,940123256,1488788,1548682
linebuf,L484.w10,32,1153706013,1488948,1548685
linebuf,L484.w11,32,3905170684,1489108,1548689
linebuf,L485.w0,32,4276881168,1489268,1551848
linebuf,L485.w1,32,3733398951,1489428,1551851
linebuf,L485.w2,32,1381422307,1489588,1551855
linebuf,L485.w3,32,3326418505,1489748,1551859
linebuf,L485.w4,32,4170618572,1489908,1551863
linebuf,L485.w5,32,4076667309,1490068,1551867
linebuf,L485.w6,32,2051748601,1490228,1551870
linebuf,L485.w7,32,1896800551,1490388,1551874
linebuf,L485.w8,32,2293578534,1490548,1551878
linebuf,L485.w9,32,235086334,1490708,1551882
linebuf,L485.w10,32,1154840302,1490868,1551885
linebuf,L485.w11,32,2206232521,1491028,1551889
linebuf,L486.w0,32,746517654,1491188,1555048
linebuf,L486.w1,32,3200438210,1491348,1555051
linebuf,L486.w2,32,3032874906,1491508,1555055
linebuf,L486.w3,32,1881059069,1491668,1555059
linebuf,L486.w4,32,1956545167,1491828,1555063
linebuf,L486.w5,32,1270038476,1491988,1555067
linebuf,L486.w6,32,2513280090,1492148,1555070
linebuf,L486.w7,32,2533627457,1492308,1555074
linebuf,L486.w8,32,784234657,1492468,1555078
linebuf,L486.w9,32,1378585504,1492628,1555082
linebuf,L486.w10,32,2190287862,1492788,1555085
linebuf,L486.w11,32,4181094097,1492948,1555089
linebuf,L487.w0,32,2829035385,1493108,1558248
linebuf,L487.w1,32,1708540935,1493268,1558251
linebuf,L487.w2,32,3263135330,1493428,1558255
linebuf,L487.w3,32,4153431211,1493588,1558259
linebuf,L487.w4,32,2862799045,1493748,1558263
linebuf,L487.w5,32,2974549682,1493908,1558267
linebuf,L487.w6,32,1777207859,1494068,1558270
linebuf,L487.w7,32,4246278970,1494228,1558274
linebuf,L487.w8,32,2943111396,1494388,1558278
linebuf,L487.w9,32,2405010030,1494548,1558282
linebuf,L487.w10,32,2563543724,1494708,1558285
linebuf,L487.w11,32,1711273048,1494868,1558289
linebuf,L488.w0,32,2050436157,1495028,1561448
linebuf,L488.w1,32,3229866866,1495188,1561451
linebuf,L488.w2,32,2707122684,1495348,1561455
linebuf,L488.w3,32,947831577,1495508,1561459
linebuf,L488.w4,32,1315813270,1495668,1561463
linebuf,L488.w5,32,73476593,1495828,1561467
linebuf,L488.w6,32,271301225,1495988,1561470
linebuf,L488.w7,32,4265538939,1496148,1561474
linebuf,L488.w8,32,634949116,1496308,1561478
linebuf,L488.w9,32,2119818754,1496468,1561482
linebuf,L488.w10,32,4177799194,1496628,1561485
linebuf,L488.w11,32,3527674013,1496788,1561489
linebuf,L489.w0,32,3834155144,1496948,1564648
linebuf,L489.w1,32,497348337,1497108,1564651
linebuf,L489.w2,32,3552083559,1497268,1564655
linebuf,L489.w3,32,1544511093,1497428,1564659
linebuf,L489.w4,32,1113139448,1497588,1564663
linebuf,L489.w5,32,3631163950,1497748,1564667
linebuf,L489.w6,32,3602843993,1497908,1564670
linebuf,L489.w7,32,1328492395,1498068,1564674
linebuf,L489.w8,32,3391129862,1498228,1564678
linebuf,L489.w9,32,4227135988,1498388,1564682
linebuf,L489.w10,32,2324481555,1498548,1564685
linebuf,L489.w11,32,3776412705,1498708,1564689
linebuf,L490.w0,32,1301314518,1498868,1567848
linebuf,L490.w1,32,595018165,1499028,1567851
linebuf,L490.w2,32,458838417,1499188,1567855
linebuf,L490.w3,32,2155393281,1499348,1567859
linebuf,L490.w4,32,4285465628,1499508,1567863
linebuf,L490.w5,32,592557154,1499668,1567867
linebuf,L490.w6,32,4289703382,1499828,1567870
linebuf,L490.w7,32,1954715140,1499988,1567874
linebuf,L490.w8,32,3654633573,1500148,1567878
linebuf,L490.w9,32,163146159,1500308,1567882
linebuf,L490.w10,32,1914497297,1500468,1567885
linebuf,L490.w11,32,2017187204,1500628,1567889
linebuf,L491.w0,32,3133783126,1500788,1571048
linebuf,L491.w1,32,2446983515,1500948,1571051
linebuf,L491.w2,32,3910546082,1501108,1571055
linebuf,L491.w3,32,1399032634,1501268,1571059
linebuf,L491.w4,32,2327821571,1501428,1571063
linebuf,L491.w5,32,1594677382,1501588,1571067
linebuf,L491.w6,32,537420156,1501748,1571070
linebuf,L491.w7,32,3053694953,1501908,1571074
linebuf,L491.w8,32,4193044184,1502068,1571078
linebuf,L491.w9,32,62884537,1502228,1571082
linebuf,L491.w10,32,2309547784,1502388,1571085
linebuf,L491.w11,32,865446805,1502548,1571089
linebuf,L492.w0,32,2673668469,1522671,1574248
linebuf,L492.w1,32,3480257512,1522831,1574251
linebuf,L492.w2,32,278202832,1522991,1574255
linebuf,L492.w3,32,3371620162,1523151,1574259
linebuf,L492.w4,32,1984133492,1523311,1574263
linebuf,L492.w5,32,1216799352,1523471,1574267
linebuf,L492.w6,32,51432960,1523631,1574270
linebuf,L492.w7,32,2777099636,1523791,1574274
linebuf,L492.w8,32,1142031920,1523951,1574278
linebuf,L492.w9,32,3113289410,1524111,1574282
linebuf,L492.w10,32,4129765100,1524271,1574285
linebuf,L492.w11,32,2155616113,1524431,1574289
linebuf,L493.w0,32,2969801288,1524591,1577448
linebuf,L493.w1,32,93007733,1524751,1577451
linebuf,L493.w2,32,2429627717,1524911,1577455
linebuf,L493.w3,32,1724173435,1525071,1577459
linebuf,L493.w4,32,481223694,1525231,1577463
linebuf,L493.w5,32,420387408,1525391,1577467
linebuf,L493.w6,32,2943085599,1525551,1577470
linebuf,L493.w7,32,1384023310,1525711,1577474
linebuf,L493.w8,32,2600367703,1525871,1577478
linebuf,L493.w9,32,2661845889,1526031,1577482
linebuf,L493.w10,32,2737881526,1526191,1577485
linebuf,L493.w11,32,2988162783,1526351,1577489
linebuf,L494.w0,32,2956374543,1526511,1580648
linebuf,L494.w1,32,2460269657,1526671,1580651
linebuf,L494.w2,32,3985283025,1526831,1580655
linebuf,L494.w3,32,3811275357,1526991,1580659
linebuf,L494.w4,32,1921411709,1527151,1580663
linebuf,L494.w5,32,393038470,1527311,1580667
linebuf,L494.w6,32,2624234862,1527471,1580670
linebuf,L494.w7,32,2140419395,1527631,1580674
linebuf,L494.w8,32,2275305877,1527791,1580678
linebuf,L494.w9,32,1476359905,1527951,1580682
linebuf,L494.w10,32,2529837937,1528111,1580685
linebuf,L494.w11,32,3752853646,1528271,1580689
linebuf,L495.w0,32,2917756499,1528431,1583848
linebuf,L495.w1,32,187619871,1528591,1583851
linebuf,L495.w2,32,807298947,1528751,1583855
linebuf,L495.w3,32,728493565,1528911,1583859
linebuf,L495.w4,32,238567146,1529071,1583863
linebuf,L495.w5,32,2650585678,1529231,1583867
linebuf,L495.w6,32,499639886,1529391,1583870
linebuf,L495.w7,32,3463247441,1529551,1583874
linebuf,L495.w8,32,183437392,1529711,1583878
linebuf,L495.w9,32,503768776,1529871,1583882
linebuf,L495.w10,32,2384110547,1530031,1583885
linebuf,L495.w11,32,2275403913,1530191,1583889
linebuf,L496.w0,32,1310433077,1530351,1587048
linebuf,L496.w1,32,3234072745,1530511,1587051
linebuf,L496.w2,32,3370031840,1530671,1587055
linebuf,L496.w3,32,861221705,1530831,1587059
linebuf,L496.w4,32,695353376,1530991,1587063
linebuf,L496.w5,32,2290550282,1531151,1587067
linebuf,L496.w6,32,645029207,1531311,1587070
linebuf,L496.w7,32,978961603,1531471,1587074
linebuf,L496.w8,32,3717752617,1531631,1587078
linebuf,L496.w9,32,933369002,1531791,1587082
linebuf,L496.w10,32,385134752,1531951,1587085
linebuf,L496.w11,32,2163404312,1532111,1587089
linebuf,L497.w0,32,1515625512,1532271,1590248
linebuf,L497.w1,32,3857752469,1532431,1590251
linebuf,L497.w2,32,2963742455,1532591,1590255
linebuf,L497.w3,32,3609369877,1532751,1590259
linebuf,L497.w4,32,2416835433,1532911,1590263
linebuf,L497.w5,32,1869622998,1533071,1590267
linebuf,L497.w6,32,1145984038,1533231,1590270
linebuf,L497.w7,32,2639371669,1533391,1590274
linebuf,L497.w8,32,578517328,1533551,1590278
linebuf,L497.w9,32,1227986636,1533711,1590282
linebuf,L497.w10,32,2481388780,1533871,1590285
linebuf,L497.w11,32,3488827093,1534031,1590289
linebuf,L498.w0,32,1065668183,1534191,1593448
linebuf,L498.w1,32,298742194,1534351,1593451
linebuf,L498.w2,32,3676881542,1534511,1593455
linebuf,L498.w3,32,2559844631,1534671,1593459
linebuf,L498.w4,32,1137534365,1534831,1593463
linebuf,L498.w5,32,244190022,1534991,1593467
linebuf,L498.w6,32,4007622647,1535151,1593470
linebuf,L498.w7,32,4259149354,1535311,1593474
linebuf,L498.w8,32,93461195,1535471,1593478
linebuf,L498.w9,32,1854864139,1535631,1593482
linebuf,L498.w10,32,2623875187,1535791,1593485
linebuf,L498.w11,32,4145039287,1535951,1593489
linebuf,L499.w0,32,1212642249,1536111,1596648
linebuf,L499.w1,32,3622625159,1536271,1596651
linebuf,L499.w2,32,2038445453,1536431,1596655
linebuf,L499.w3,32,1812104425,1536591,1596659
linebuf,L499.w4,32,1874826157,1536751,1596663
linebuf,L499.w5,32,3609966842,1536911,1596667
linebuf,L499.w6,32,3475067787,1537071,1596670
linebuf,L499.w7,32,291611756,1537231,1596674
linebuf,L499.w8,32,795694692,1537391,1596678
linebuf,L499.w9,32,922497315,1537551,1596682
linebuf,L499.w10,32,3297677228,1537711,1596685
linebuf,L499.w11,32,2916112101,1537871,1596689
linebuf,L500.w0,32,146230142,1538031,1599848
linebuf,L500.w1,32,3998598007,1538191,1599851
linebuf,L500.w2,32,2734774327,1538351,1599855
linebuf,L500.w3,32,4213620426,1538511,1599859
linebuf,L500.w4,32,3537649939,1538671,1599863
linebuf,L500.w5,32,3253099169,1538831,1599867
linebuf,L500.w6,32,1844299397,1538991,1599870
linebuf,L500.w7,32,4094675281,1539151,1599874
linebuf,L500.w8,32,3646757165,1539311,1599878
linebuf,L500.w9,32,1780422993,1539471,1599882
linebuf,L500.w10,32,1523780509,1539631,1599885
linebuf,L500.w11,32,4040409240,1539791,1599889
linebuf,L501.w0,32,1524612245,1539951,1603048
linebuf,L501.w1,32,2197476001,1540111,1603051
linebuf,L501.w2,32,3912019147,1540271,1603055
linebuf,L501.w3,32,636565063,1540431,1603059
linebuf,L501.w4,32,4253724614,1540591,1603063
linebuf,L501.w5,32,768364293,1540751,1603067
linebuf,L501.w6,32,3389528068,1540911,1603070
linebuf,L501.w7,32,970622936,1541071,1603074
linebuf,L501.w8,32,985517858,1541231,1603078
linebuf,L501.w9,32,3477908794,1541391,1603082
linebuf,L501.w10,32,4047414534,1541551,1603085
linebuf,L501.w11,32,254885752,1541711,1603089
linebuf,L502.w0,32,1569964569,1541871,1606248
linebuf,L502.w1,32,287791727,1542031,1606251
linebuf,L502.w2,32,3726587387,1542191,1606255
linebuf,L502.w3,32,1917506568,1542351,1606259
linebuf,L502.w4,32,1382460553,1542511,1606263
linebuf,L502.w5,32,3496782754,1542671,1606267
linebuf,L502.w6,32,934758202,1542831,1606270
linebuf,L502.w7,32,940846882,1542991,1606274
linebuf,L502.w8,32,1106846657,1543151,1606278
linebuf,L502.w9,32,665676685,1543311,1606282
linebuf,L502.w10,32,2967534618,1543471,1606285
linebuf,L502.w11,32,3828515194,1543631,1606289
linebuf,L503.w0,32,4207177752,1543791,1609448
linebuf,L503.w1,32,3026237490,1543951,1609451
linebuf,L503.w2,32,2237474144,1544111,1609455
linebuf,L503.w3,32,1638267308,1544271,1609459
linebuf,L503.w4,32,460408070,1544431,1609463
linebuf,L503.w5,32,2051281242,1544591,1609467
linebuf,L503.w6,32,2940842296,1544751,1609470
linebuf,L503.w7,32,3145071821,1544911,1609474
linebuf,L503.w8,32,3859270209,1545071,1609478
linebuf,L503.w9,32,3993181873,1545231,1609482
linebuf,L503.w10,32,3356600763,1545391,1609485
linebuf,L503.w11,32,2628252965,1545551,1609489
linebuf,L504.w0,32,7890383,1545711,1612648
linebuf,L504.w1,32,2027941957,1545871,1612651
linebuf,L504.w2,32,1340828283,1546031,1612655
linebuf,L504.w3,32,1127462949,1546191,1612659
linebuf,L504.w4,32,3335156365,1546351,1612663
linebuf,L504.w5,32,3406020223,1546511,1612667
linebuf,L504.w6,32,3012253304,1546671,1612670
linebuf,L504.w7,32,1250549682,1546831,1612674
linebuf,L504.w8,32,4278134625,1546991,1612678
linebuf,L504.w9,32,4198798832,1547151,1612682
linebuf,L504.w10,32,3857676455,1547311,1612685
linebuf,L504.w11,32,895699977,1547471,1612689
linebuf,L505.w0,32,3428338421,1547631,1615848
linebuf,L505.w1,32,570383492,1547791,1615851
linebuf,L505.w2,32,2961590218,1547951,1615855
linebuf,L505.w3,32,2734249108,1548111,1615859
linebuf,L505.w4,32,1634445869,1548271,1615863
linebuf,L505.w5,32,2846140576,1548431,1615867
linebuf,L505.w6,32,150341822,1548591,1615870
linebuf,L505.w7,32,3382312076,1548751,1615874
linebuf,L505.w8,32,3299242428,1548911,1615878
linebuf,L505.w9,32,1643049785,1549071,1615882
linebuf,L505.w10,32,1963063520,1549231,1615885
linebuf,L505.w11,32,2299096134,1549391,1615889
linebuf,L506.w0,32,3715148085,1549551,1619048
linebuf,L506.w1,32,104397693,1549711,1619051
linebuf,L506.w2,32,565987770,1549871,1619055
linebuf,L506.w3,32,994734146,1550031,1619059
linebuf,L506.w4,32,3681455700,1550191,1619063
linebuf,L506.w5,32,2118337399,1550351,1619067
linebuf,L506.w6,32,2772117014,1550511,1619070
linebuf,L506.w7,32,425579685,1550671,1619074
linebuf,L506.w8,32,3805886939,1550831,1619078
linebuf,L506.w9,32,1271469441,1550991,1619082
linebuf,L506.w10,32,3011969404,1551151,1619085
linebuf,L506.w11,32,2683577721,1551311,1619089
linebuf,L507.w0,32,1873270320,1551471,1622248
linebuf,L507.w1,32,862874449,1551631,1622251
linebuf,L507.w2,32,2216294390,1551791,1622255
linebuf,L507.w3,32,1434304361,1551951,1622259
linebuf,L507.w4,32,422440979,1552111,1622263
linebuf,L507.w5,32,1068736929,1552271,1622267
linebuf,L507.w6,32,1041468150,1552431,1622270
linebuf,L507.w7,32,2111744572,1552591,1622274
linebuf,L507.w8,32,2469356994,1552751,1622278
linebuf,L507.w9,32,497963008,1552911,1622282
linebuf,L507.w10,32,763564392,1553071,1622285
linebuf,L507.w11,32,2132312794,1553231,1622289
linebuf,L508.w0,32,1539693980,1553391,1625448
linebuf,L508.w1,32,3035819606,1553551,1625451
linebuf,L508.w2,32,2762431123,1553711,1625455
linebuf,L508.w3,32,4047740991,1553871,1625459
linebuf,L508.w4,32,2554419324,1554031,1625463
linebuf,L508.w5,32,2725197888,1554191,1625467
linebuf,L508.w6,32,3838950563,1554351,1625470
linebuf,L508.w7,32,2682841020,1554511,1625474
linebuf,L508.w8,32,1860597837,1554671,1625478
linebuf,L508.w9,32,1719400936,1554831,1625482
linebuf,L508.w10,32,2377883337,1554991,1625485
linebuf,L508.w11,32,4173899711,1555151,1625489
linebuf,L509.w0,32,1811804533,1555311,1628648
linebuf,L509.w1,32,3595672346,1555471,1628651
linebuf,L509.w2,32,3242158544,1555631,1628655
linebuf,L509.w3,32,102328934,1555791,1628659
linebuf,L509.w4,32,2687280969,1555951,1628663
linebuf,L509.w5,32,1714943582,1556111,1628667
linebuf,L509.w6,32,4060246355,1556271,1628670
linebuf,L509.w7,32,3731319766,1556431,1628674
linebuf,L509.w8,32,607650932,1556591,1628678
linebuf,L509.w9,32,1828666511,1556751,1628682
linebuf,L509.w10,32,546335249,1556911,1628685
linebuf,L509.w11,32,260493043,1557071,1628689
linebuf,L510.w0,32,1256189168,1557231,1631848
linebuf,L510.w1,32,1669173224,1557391,1631851
linebuf,L510.w2,32,2646795070,1557551,1631855
linebuf,L510.w3,32,1847046484,1557711,1631859
linebuf,L510.w4,32,2742456857,1557871,1631863
linebuf,L510.w5,32,409649215,1558031,1631867
linebuf,L510.w6,32,865721580,1558191,1631870
linebuf,L510.w7,32,2569311093,1558351,1631874
linebuf,L510.w8,32,1165723226,1558511,1631878
linebuf,L510.w9,32,2056357763,1558671,1631882
linebuf,L510.w10,32,2557331124,1558831,1631885
linebuf,L510.w11,32,1813673502,1558991,1631889
linebuf,L511.w0,32,1135501643,1559151,1635048
linebuf,L511.w1,32,2184947726,1559311,1635051
linebuf,L511.w2,32,3564347098,1559471,1635055
linebuf,L511.w3,32,3295018106,1559631,1635059
linebuf,L511.w4,32,457822613,1559791,1635063
linebuf,L511.w5,32,1399427984,1559951,1635067
linebuf,L511.w6,32,3361323958,1560111,1635070
linebuf,L511.w7,32,4052122241,1560271,1635074
linebuf,L511.w8,32,657260152,1560431,1635078
linebuf,L511.w9,32,2410394652,1560591,1635082
linebuf,L511.w10,32,3067471404,1560751,1635085
linebuf,L511.w11,32,2310219565,1560911,1635089
linebuf,L512.w0,32,4051960970,1586546,1638248
linebuf,L512.w1,32,2887145616,1586706,1638251
linebuf,L512.w2,32,3874385864,1586866,1638255
linebuf,L512.w3,32,2909246621,1587026,1638259
linebuf,L512.w4,32,105167146,1587186,1638263
linebuf,L512.w5,32,2411732948,1587346,1638267
linebuf,L512.w6,32,2839140183,1587506,1638270
linebuf,L512.w7,32,3149239747,1587666,1638274
linebuf,L512.w8,32,3910218856,1587826,1638278
linebuf,L512.w9,32,416869761,1587986,1638282
linebuf,L512.w10,32,3308322785,1588146,1638285
linebuf,L512.w11,32,1592374487,1588306,1638289
linebuf,L513.w0,32,1950689860,1588466,1641448
linebuf,L513.w1,32,1137815456,1588626,1641451
linebuf,L513.w2,32,3222400114,1588786,1641455
linebuf,L513.w3,32,406822798,1588946,1641459
linebuf,L513.w4,32,1220162011,1589106,1641463
linebuf,L513.w5,32,596979947,1589266,1641467
linebuf,L513.w6,32,3449218781,1589426,1641470
linebuf,L513.w7,32,363655510,1589586,1641474
linebuf,L513.w8,32,1745221834,1589746,1641478
linebuf,L513.w9,32,3028934729,1589906,1641482
linebuf,L513.w10,32,4170005009,1590066,1641485
linebuf,L513.w11,32,1633957472,1590226,1641489
linebuf,L514.w0,32,119788706,1590386,1644648
linebuf,L514.w1,32,2057016691,1590546,1644651
linebuf,L514.w2,32,2502731882,1590706,1644655
linebuf,L514.w3,32,3087132131,1590866,1644659
linebuf,L514.w4,32,558115007,1591026,1644663
linebuf,L514.w5,32,3329209213,1591186,1644667
linebuf,L514.w6,32,3290541073,1591346,1644670
linebuf,L514.w7,32,2405531539,1591506,1644674
linebuf,L514.w8,32,4168275397,1591666,1644678
linebuf,L514.w9,32,1680896898,1591826,1644682
linebuf,L514.w10,32,2112967460,1591986,1644685
linebuf,L514.w11,32,3442777883,1592146,1644689
linebuf,L515.w0,32,3613477424,1592306,1647848
linebuf,L515.w1,32,3313821667,1592466,1647851
linebuf,L515.w2,32,1000788978,1592626,1647855
linebuf,L515.w3,32,2187814266,1592786,1647859
linebuf,L515.w4,32,120873764,1592946,1647863
linebuf,L515.w5,32,1614855227,1593106,1647867
linebuf,L515.w6,32,3449864948,1593266,1647870
linebuf,L515.w7,32,265646681,1593426,1647874
linebuf,L515.w8,32,1763273682,1593586,1647878
linebuf,L515.w9,32,2580068911,1593746,1647882
linebuf,L515.w10,32,360958358,1593906,1647885
linebuf,L515.w11,32,1073129039,1594066,1647889
linebuf,L516.w0,32,2889463083,1594226,1651048
linebuf,L516.w1,32,170381720,1594386,1651051
linebuf,L516.w2,32,3870244363,1594546,1651055
linebuf,L516.w3,32,1951174675,1594706,1651059
linebuf,L516.w4,32,359864434,1594866,1651063
linebuf,L516.w5,32,1261014680,1595026,1651067
linebuf,L516.w6,32,2623330930,1595186,1651070
linebuf,L516.w7,32,169983466,1595346,1651074
linebuf,L516.w8,32,1492983489,1595506,1651078
linebuf,L516.w9,32,3304602522,1595666,1651082
linebuf,L516.w10,32,182291845,1595826,1651085
linebuf,L516.w11,32,293578828,1595986,1651089
linebuf,L517.w0,32,314480156,1596146,1654248
linebuf,L517.w1,32,3555251878,1596306,1654251
linebuf,L517.w2,32,194758201,1596466,1654255
linebuf,L517.w3,32,2511229841,1596626,1654259
linebuf,L517.w4,32,1317283667,1596786,1654263
linebuf,L517.w5,32,1522281580,1596946,1654267
linebuf,L517.w6,32,1322345342,1597106,1654270
linebuf,L517.w7,32,389839835,1597266,1654274
linebuf,L517.w8,32,2308339134,1597426,1654278
linebuf,L517.w9,32,2021174309,1597586,1654282
linebuf,L517.w10,32,2666055709,1597746,1654285
linebuf,L517.w11,32,1535767011,1597906,1654289
linebuf,L518.w0,32,3652594749,1598066,1657448
linebuf,L518.w1,32,1404002344,1598226,1657451
linebuf,L518.w2,32,3677483742,1598386,1657455
linebuf,L518.w3,32,3301481371,1598546,1657459
linebuf,L518.w4,32,735004974,1598706,1657463
linebuf,L518.w5,32,3814515734,1598866,1657467
linebuf,L518.w6,32,2695732208,1599026,1657470
linebuf,L518.w7,32,1525540165,1599186,1657474
linebuf,L518.w8,32,3765221094,1599346,1657478
linebuf,L518.w9,32,2260146624,1599506,1657482
linebuf,L518.w10,32,1073349040,1599666,1657485
linebuf,L518.w11,32,1405862100,1599826,1657489
linebuf,L519.w0,32,2589905240,1599986,1660648
linebuf,L519.w1,32,999331288,1600146,1660651
linebuf,L519.w2,32,4244609786,1600306,1660655
linebuf,L519.w3,32,1066428688,1600466,1660659
linebuf,L519.w4,32,2724676007,1600626,1660663
linebuf,L519.w5,32,3316919658,1600786,1660667
linebuf,L519.w6,32,3012989810,1600946,1660670
linebuf,L519.w7,32,934987674,1601106,1660674
linebuf,L519.w8,32,1334824310,1601266,1660678
linebuf,L519.w9,32,4108646468,1601426,1660682
linebuf,L519.w10,32,4262829044,1601586,1660685
linebuf,L519.w11,32,1314390051,1601746,1660689
linebuf,L520.w0,32,3571057207,1601906,1663848
linebuf,L520.w1,32,2303410465,1602066,1663851
linebuf,L520.w2,32,1386245359,1602226,1663855
linebuf,L520.w3,32,3066481573,1602386,1663859
linebuf,L520.w4,32,1296207192,1602546,1663863
linebuf,L520.w5,32,2524623062,1602706,1663867
linebuf,L520.w6,32,20609652,1602866,1663870
linebuf,L520.w7,32,2820398233,1603026,1663874
linebuf,L520.w8,32,2066530323,1603186,1663878
linebuf,L520.w9,32,1085439997,1603346,1663882
linebuf,L520.w10,32,3751273543,1603506,1663885
linebuf,L520.w11,32,2823724969,1603666,1663889
linebuf,L521.w0,32,3371179190,1603826,1667048
linebuf,L521.w1,32,988704048,1603986,1667051
linebuf,L521.w2,32,633735422,1604146,1667055
linebuf,L521.w3,32,4175975331,1604306,1667059
linebuf,L521.w4,32,1037998466,1604466,1667063
linebuf,L521.w5,32,3698197283,1604626,1667067
linebuf,L521.w6,32,692500899,1604786,1667070
linebuf,L521.w7,32,362876788,1604946,1667074
linebuf,L521.w8,32,1115127522,1605106,1667078
linebuf,L521.w9,32,1712431991,1605266,1667082
linebuf,L521.w10,32,870056901,1605426,1667085
linebuf,L521.w11,32,591554393,1605586,1667089
linebuf,L522.w0,32,708634580,1605746,1670248
linebuf,L522.w1,32,3498306121,1605906,1670251
linebuf,L522.w2,32,2375888507,1606066,1670255
linebuf,L522.w3,32,4144577024,1606226,1670259
linebuf,L522.w4,32,3926663648,1606386,1670263
linebuf,L522.w5,32,3415599993,1606546,1670267
linebuf,L522.w6,32,3670513389,1606706,1670270
linebuf,L522.w7,32,3599451033,1606866,1670274
linebuf,L522.w8,32,2668589609,1607026,1670278
linebuf,L522.w9,32,317910134,1607186,1670282
linebuf,L522.w10,32,1358047133,1607346,1670285
linebuf,L522.w11,32,1658174699,1607506,1670289
linebuf,L523.w0,32,3901318883,1607666,1673448
linebuf,L523.w1,32,3029434336,1607826,1673451
linebuf,L523.w2,32,906347981,1607986,1673455
linebuf,L523.w3,32,680019126,1608146,1673459
linebuf,L523.w4,32,166135392,1608306,1673463
linebuf,L523.w5,32,1914356141,1608466,1673467
linebuf,L523.w6,32,927736530,1608626,1673470
linebuf,L523.w7,32,1721083548,1608786,1673474
linebuf,L523.w8,32,3393299747,1608946,1673478
linebuf,L523.w9,32,483733426,1609106,1673482
linebuf,L523.w10,32,3009408737,1609266,1673485
linebuf,L523.w11,32,3850393281,1609426,1673489
linebuf,L524.w0,32,1334879951,1609586,1676648
linebuf,L524.w1,32,3315270244,1609746,1676651
linebuf,L524.w2,32,944103897,1609906,1676655
linebuf,L524.w3,32,3098450533,1610066,1676659
linebuf,L524.w4,32,2736994848,1610226,1676663
linebuf,L524.w5,32,1244142058,1610386,1676667
linebuf,L524.w6,32,2196954262,1610546,1676670
linebuf,L524.w7,32,4224638916,1610706,1676674
linebuf,L524.w8,32,3410617834,1610866,1676678
linebuf,L524.w9,32,2799029310,1611026,1676682
linebuf,L524.w10,32,1914882759,1611186,1676685
linebuf,L524.w11,32,1445243958,1611346,1676689
linebuf,L525.w0,32,358298413,1611506,1679848
linebuf,L525.w1,32,294457370,1611666,1679851
linebuf,L525.w2,32,302597656,1611826,1679855
linebuf,L525.w3,32,3536123971,1611986,1679859
linebuf,L525.w4,32,991720893,1612146,1679863
linebuf,L525.w5,32,514609513,1612306,1679867
linebuf,L525.w6,32,2248754971,1612466,1679870
linebuf,L525.w7,32,1991013459,1612626,1679874
linebuf,L525.w8,32,3069804106,1612786,1679878
linebuf,L525.w9,32,3556319555,1612946,1679882
linebuf,L525.w10,32,2388547074,1613106,1679885
linebuf,L525.w11,32,1968714748,1613266,1679889
linebuf,L526.w0,32,41980171,1613426,1683048
linebuf,L526.w1,32,2581104748,1613586,1683051
linebuf,L526.w2,32,4092928435,1613746,1683055
linebuf,L526.w3,32,719883650,1613906,1683059
linebuf,L526.w4,32,1967786788,1614066,1683063
linebuf,L526.w5,32,1858430892,1614226,1683067
linebuf,L526.w6,32,2320758494,1614386,1683070
linebuf,L526.w7,32,471194377,1614546,1683074
linebuf,L526.w8,32,825532254,1614706,1683078
linebuf,L526.w9,32,66669197,1614866,1683082
linebuf,L526.w10,32,1045348456,1615026,1683085
linebuf,L526.w11,32,1321951228,1615186,1683089
linebuf,L527.w0,32,919892313,1615346,1686248
linebuf,L527.w1,32,2229115772,1615506,1686251
linebuf,L527.w2,32,2604698726,1615666,1686255
linebuf,L527.w3,32,1263456809,1615826,1686259
linebuf,L527.w4,32,3902741265,1615986,1686263
linebuf,L527.w5,32,1322930596,1616146,1686267
linebuf,L527.w6,32,1134372013,1616306,1686270
linebuf,L527.w7,32,3953589682,1616466,1686274
linebuf,L527.w8,32,1500891178,1616626,1686278
linebuf,L527.w9,32,1141038236,1616786,1686282
linebuf,L527.w10,32,1234763593,1616946,1686285
linebuf,L527.w11,32,204119440,1617106,1686289
linebuf,L528.w0,32,124915870,1617266,1689448
linebuf,L528.w1,32,3755866320,1617426,1689451
linebuf,L528.w2,32,45105678,1617586,1689455
linebuf,L528.w3,32,2692386566,1617746,1689459
linebuf,L528.w4,32,3354257396,1617906,1689463
linebuf,L528.w5,32,3671983704,1618066,1689467
linebuf,L528.w6,32,4198417077,1618226,1689470
linebuf,L528.w7,32,1895371385,1618386,1689474
linebuf,L528.w8,32,182061501,1618546,1689478
linebuf,L528.w9,32,885982912,1618706,1689482
linebuf,L528.w10,32,330335625,1618866,1689485
linebuf,L528.w11,32,1355795745,1619026,1689489
linebuf,L529.w0,32,1941989096,1619186,1692648
linebuf,L529.w1,32,2842314040,1619346,1692651
linebuf,L529.w2,32,1306647817,1619506,1692655
linebuf,L529.w3,32,491009422,1619666,1692659
linebuf,L529.w4,32,1059282401,1619826,1692663
linebuf,L529.w5,32,2890490334,1619986,1692667
linebuf,L529.w6,32,3735632386,1620146,1692670
linebuf,L529.w7,32,477040826,1620306,1692674
linebuf,L529.w8,32,829216834,1620466,1692678
linebuf,L529.w9,32,129390559,1620626,1692682
linebuf,L529.w10,32,836130781,1620786,1692685
linebuf,L529.w11,32,2733536101,1620946,1692689
linebuf,L530.w0,32,3891384097,1621106,1695848
linebuf,L530.w1,32,582722830,1621266,1695851
linebuf,L530.w2,32,2676543099,1621426,1695855
linebuf,L530.w3,32,2560654684,1621586,1695859
linebuf,L530.w4,32,2946529818,1621746,1695863
linebuf,L530.w5,32,3797899390,1621906,1695867
linebuf,L530.w6,32,2870589491,1622066,1695870
linebuf,L530.w7,32,4183644308,1622226,1695874
linebuf,L530.w8,32,110762469,1622386,1695878
linebuf,L530.w9,32,1890757087,1622546,1695882
linebuf,L530.w10,32,4200226245,1622706,1695885
linebuf,L530.w11,32,3129478060,1622866,1695889
linebuf,L531.w0,32,123541232,1623026,1699048
linebuf,L531.w1,32,2402949484,1623186,1699051
linebuf,L531.w2,32,976704413,1623346,1699055
linebuf,L531.w3,32,3567643106,1623506,1699059
linebuf,L531.w4,32,2041042363,1623666,1699063
linebuf,L531.w5,32,742438272,1623826,1699067
linebuf,L531.w6,32,3597535830,1623986,1699070
linebuf,L531.w7,32,2285489599,1624146,1699074
linebuf,L531.w8,32,4077862763,1624306,1699078
linebuf,L531.w9,32,3936307064,1624466,1699082
linebuf,L531.w10,32,37972152,1624626,1699085
linebuf,L531.w11,32,961946281,1624786,1699089
linebuf,L532.w0,32,68621811,1656984,1702248
linebuf,L532.w1,32,3742067660,1657144,1702251
linebuf,L532.w2,32,588943206,1657304,1702255
linebuf,L532.w3,32,1375757954,1657464,1702259
linebuf,L532.w4,32,3924545150,1657624,1702263
linebuf,L532.w5,32,2476770104,1657784,1702267
linebuf,L532.w6,32,363805523,1657944,1702270
linebuf,L532.w7,32,2222452522,1658104,1702274
linebuf,L532.w8,32,2315684396,1658264,1702278
linebuf,L532.w9,32,1120835250,1658424,1702282
linebuf,L532.w10,32,836840929,1658584,1702285
linebuf,L532.w11,32,1711090274,1658744,1702289
linebuf,L533.w0,32,33982876,1658904,1705448
linebuf,L533.w1,32,2335543084,1659064,1705451
linebuf,L533.w2,32,1201351378,1659224,1705455
linebuf,L533.w3,32,1511484078,1659384,1705459
linebuf,L533.w4,32,1112136705,1659544,1705463
linebuf,L533.w5,32,4238196246,1659704,1705467
linebuf,L533.w6,32,2331266217,1659864,1705470
linebuf,L533.w7,32,1655527694,1660024,1705474
linebuf,L533.w8,32,3752804853,1660184,1705478
linebuf,L533.w9,32,1735287878,1660344,1705482
linebuf,L533.w10,32,2276721929,1660504,1705485
linebuf,L533.w11,32,2270296742,1660664,1705489
linebuf,L534.w0,32,2290408686,1660824,1708648
linebuf,L534.w1,32,1999140021,1660984,1708651
linebuf,L534.w2,32,1198061336,1661144,1708655
linebuf,L534.w3,32,380137424,1661304,1708659
linebuf,L534.w4,32,772853288,1661464,1708663
linebuf,L534.w5,32,3263146727,1661624,1708667
linebuf,L534.w6,32,2058532363,1661784,1708670
linebuf,L534.w7,32,2417123979,1661944,1708674
linebuf,L534.w8,32,1692106475,1662104,1708678
linebuf,L534.w9,32,571684017,1662264,1708682
linebuf,L534.w10,32,3872847015,1662424,1708685
linebuf,L534.w11,32,2653284162,1662584,1708689
linebuf,L535.w0,32,894518972,1662744,1711848
linebuf,L535.w1,32,2258721230,1662904,1711851
linebuf,L535.w2,32,110102255,1663064,1711855
linebuf,L535.w3,32,2221254630,1663224,1711859
linebuf,L535.w4,32,221927151,1663384,1711863
linebuf,L535.w5,32,3634507845,1663544,1711867
linebuf,L535.w6,32,1362173162,1663704,1711870
linebuf,L535.w7,32,621735093,1663864,1711874
linebuf,L535.w8,32,940014953,1664024,1711878
linebuf,L535.w9,32,1368615761,1664184,1711882
linebuf,L535.w10,32,1704661953,1664344,1711885
linebuf,L535.w11,32,175469817,1664504,1711889
linebuf,L536.w0,32,3780703394,1664664,1715048
linebuf,L536.w1,32,1754183341,1664824,1715051
linebuf,L536.w2,32,3127462061,1664984,1715055
linebuf,L536.w3,32,3585085488,1665144,1715059
linebuf,L536.w4,32,2548601985,1665304,1715063
linebuf,L536.w5,32,2039110956,1665464,1715067
linebuf,L536.w6,32,3573157766,1665624,1715070
linebuf,L536.w7,32,2158585727,1665784,1715074
linebuf,L536.w8,32,3775588838,1665944,1715078
linebuf,L536.w9,32,3370692887,1666104,1715082
linebuf,L536.w10,32,278899437,1666264,1715085
linebuf,L536.w11,32,3428420792,1666424,1715089
linebuf,L537.w0,32,2959832136,1666584,1718248
linebuf,L537.w1,32,147828139,1666744,1718251
linebuf,L537.w2,32,563107866,1666904,1718255
linebuf,L537.w3,32,2385289780,1667064,1718259
linebuf,L537.w4,32,1764206179,1667224,1718263
linebuf,L537.w5,32,2344719241,1667384,1718267
linebuf,L537.w6,32,1673369970,1667544,1718270
linebuf,L537.w7,32,2337740871,1667704,1718274
linebuf,L537.w8,32,1166505459,1667864,1718278
linebuf,L537.w9,32,2542007803,1668024,1718282
linebuf,L537.w10,32,190616114,1668184,1718285
linebuf,L537.w11,32,934594997,1668344,1718289
linebuf,L538.w0,32,834520594,1668504,1721448
linebuf,L538.w1,32,1306591809,1668664,1721451
linebuf,L538.w2,32,3033817966,1668824,1721455
linebuf,L538.w3,32,1633322594,1668984,1721459
linebuf,L538.w4,32,4111675191,1669144,1721463
linebuf,L538.w5,32,1286638559,1669304,1721467
linebuf,L538.w6,32,3906571634,1669464,1721470
linebuf,L538.w7,32,2224373610,1669624,1721474
linebuf,L538.w8,32,98260900,1669784,1721478
linebuf,L538.w9,32,4005403025,1669944,1721482
linebuf,L538.w10,32,2446281264,1670104,1721485
linebuf,L538.w11,32,1145611320,1670264,1721489
linebuf,L539.w0,32,819115095,1670424,1724648
linebuf,L539.w1,32,2301376853,1670584,1724651
linebuf,L539.w2,32,2237127048,1670744,1724655
linebuf,L539.w3,32,3180257183,1670904,1724659
linebuf,L539.w4,32,2291703459,1671064,1724663
linebuf,L539.w5,32,3809773068,1671224,1724667
linebuf,L539.w6,32,697438677,1671384,1724670
linebuf,L539.w7,32,987370817,1671544,1724674
linebuf,L539.w8,32,377657113,1671704,1724678
linebuf,L539.w9,32,905957555,1671864,1724682
linebuf,L539.w10,32,2063397120,1672024,1724685
linebuf,L539.w11,32,707390708,1672184,1724689
linebuf,L540.w0,32,225982141,1672344,1727848
linebuf,L540.w1,32,2825575978,1672504,1727851
linebuf,L540.w2,32,3612312609,1672664,1727855
linebuf,L540.w3,32,1729052821,1672824,1727859
linebuf,L540.w4,32,3816828410,1672984,1727863
linebuf,L540.w5,32,1214332978,1673144,1727867
linebuf,L540.w6,32,63810252,1673304,1727870
linebuf,L540.w7,32,648410838,1673464,1727874
linebuf,L540.w8,32,3439685818,1673624,1727878
linebuf,L540.w9,32,424898232,1673784,1727882
linebuf,L540.w10,32,3602161111,1673944,1727885
linebuf,L540.w11,32,4064121448,1674104,1727889
linebuf,L541.w0,32,170701593,1674264,1731048
linebuf,L541.w1,32,3041331829,1674424,1731051
linebuf,L541.w2,32,2521825227,1674584,1731055
linebuf,L541.w3,32,1847210187,1674744,1731059
linebuf,L541.w4,32,2039599981,1674904,1731063
linebuf,L541.w5,32,4104744985,1675064,1731067
linebuf,L541.w6,32,752557896,1675224,1731070
linebuf,L541.w7,32,4044871047,1675384,1731074
linebuf,L541.w8,32,3516710262,1675544,1731078
linebuf,L541.w9,32,936746263,1675704,1731082
linebuf,L541.w10,32,2432258152,1675864,1731085
linebuf,L541.w11,32,2012800165,1676024,1731089
linebuf,L542.w0,32,3488982194,1676184,1734248
linebuf,L542.w1,32,2837157207,1676344,1734251
linebuf,L542.w2,32,4016297498,1676504,1734255
linebuf,L542.w3,32,463004645,1676664,1734259
linebuf,L542.w4,32,4165600366,1676824,1734263
linebuf,L542.w5,32,3711717518,1676984,1734267
linebuf,L542.w6,32,2845931833,1677144,1734270
linebuf,L542.w7,32,1738543908,1677304,1734274
linebuf,L542.w8,32,3748936260,1677464,1734278
linebuf,L542.w9,32,961813928,1677624,1734282
linebuf,L542.w10,32,272507375,1677784,1734285
linebuf,L542.w11,32,545872796,1677944,1734289
linebuf,L543.w0,32,1451265491,1678104,1737448
linebuf,L543.w1,32,2173650458,1678264,1737451
linebuf,L543.w2,32,2039419105,1678424,1737455
linebuf,L543.w3,32,2120145292,1678584,1737459
linebuf,L543.w4,32,2199932487,1678744,1737463
linebuf,L543.w5,32,2836715172,1678904,1737467
linebuf,L543.w6,32,1578704903,1679064,1737470
linebuf,L543.w7,32,1858375215,1679224,1737474
linebuf,L543.w8,32,3508932005,1679384,1737478
linebuf,L543.w9,32,3685289570,1679544,1737482
linebuf,L543.w10,32,2501066306,1679704,1737485
linebuf,L543.w11,32,1065469448,1679864,1737489
linebuf,L544.w0,32,3636225016,1680024,1740648
linebuf,L544.w1,32,4086764029,1680184,1740651
linebuf,L544.w2,32,1902983322,1680344,1740655
linebuf,L544.w3,32,1116024994,1680504,1740659
linebuf,L544.w4,32,4044875886,1680664,1740663
linebuf,L544.w5,32,1735505626,1680824,1740667
linebuf,L544.w6,32,1528402949,1680984,1740670
linebuf,L544.w7,32,1659004768,1681144,1740674
linebuf,L544.w8,32,4265780209,1681304,1740678
linebuf,L544.w9,32,3445722946,1681464,1740682
linebuf,L544.w10,32,2432340033,1681624,1740685
linebuf,L544.w11,32,982834800,1681784,1740689
linebuf,L545.w0,32,1620178389,1681944,1743848
linebuf,L545.w1,32,3875096611,1682104,1743851
linebuf,L545.w2,32,2665579108,1682264,1743855
linebuf,L545.w3,32,3716477791,1682424,1743859
linebuf,L545.w4,32,456369173,1682584,1743863
linebuf,L545.w5,32,776824308,1682744,1743867
linebuf,L545.w6,32,2950121891,1682904,1743870
linebuf,L545.w7,32,3727188665,1683064,1743874
linebuf,L545.w8,32,2576292437,1683224,1743878
linebuf,L545.w9,32,2705906542,1683384,1743882
linebuf,L545.w10,32,3458268161,1683544,1743885
linebuf,L545.w11,32,1479632797,1683704,1743889
linebuf,L546.w0,32,325108613,1683864,1747048
linebuf,L546.w1,32,110668259,1684024,1747051
linebuf,L546.w2,32,1801675801,1684184,1747055
linebuf,L546.w3,32,3759399358,1684344,1747059
linebuf,L546.w4,32,2517877657,1684504,1747063
linebuf,L546.w5,32,2122266368,1684664,1747067
linebuf,L546.w6,32,261262665,1684824,1747070
linebuf,L546.w7,32,4201388384,1684984,1747074
linebuf,L546.w8,32,3275421502,1685144,1747078
linebuf,L546.w9,32,1976981749,1685304,1747082
linebuf,L546.w10,32,3867241684,1685464,1747085
linebuf,L546.w11,32,472962901,1685624,1747089
linebuf,L547.w0,32,2687334530,1685784,1750248
linebuf,L547.w1,32,2783142440,1685944,1750251
linebuf,L547.w2,32,3282047586,1686104,1750255
linebuf,L547.w3,32,4071316773,1686264,1750259
linebuf,L547.w4,32,4056278939,1686424,1750263
linebuf,L547.w5,32,1005954517,1686584,1750267
linebuf,L547.w6,32,1952743060,1686744,1750270
linebuf,L547.w7,32,1508149452,1686904,1750274
linebuf,L547.w8,32,2198607060,1687064,1750278
linebuf,L547.w9,32,392183403,1687224,1750282
linebuf,L547.w10,32,3814750269,1687384,1750285
linebuf,L547.w11,32,1439687484,1687544,1750289
linebuf,L548.w0,32,2906682899,1687704,1753448
linebuf,L548.w1,32,159235994,1687864,1753451
linebuf,L548.w2,32,1188388442,1688024,1753455
linebuf,L548.w3,32,3618895082,1688184,1753459
linebuf,L548.w4,32,2531507057,1688344,1753463
linebuf,L548.w5,32,2250492511,1688504,1753467
linebuf,L548.w6,32,3295938877,1688664,1753470
linebuf,L548.w7,32,2641507562,1688824,1753474
linebuf,L548.w8,32,3625728493,1688984,1753478
linebuf,L548.w9,32,1438685707,1689144,1753482
linebuf,L548.w10,32,557461897,1689304,1753485
linebuf,L548.w11,32,2456006525,1689464,1753489
linebuf,L549.w0,32,717741705,1689624,1756648
linebuf,L549.w1,32,1846150570,1689784,1756651
linebuf,L549.w2,32,2952627766,1689944,1756655
linebuf,L549.w3,32,1338329187,1690104,1756659
linebuf,L549.w4,32,3075111960,1690264,1756663
linebuf,L549.w5,32,1901697046,1690424,1756667
linebuf,L549.w6,32,3133360535,1690584,1756670
linebuf,L549.w7,32,1045083347,1690744,1756674
linebuf,L549.w8,32,2101380535,1690904,1756678
linebuf,L549.w9,32,3220722687,1691064,1756682
linebuf,L549.w10,32,1648127284,1691224,1756685
linebuf,L549.w11,32,118975147,1691384,1756689
linebuf,L550.w0,32,4124977607,1691544,1759848
linebuf,L550.w1,32,2152881638,1691704,1759851
linebuf,L550.w2,32,1094101626,1691864,1759855
linebuf,L550.w3,32,517187879,1692024,1759859
linebuf,L550.w4,32,1231646966,1692184,1759863
linebuf,L550.w5,32,1115671554,1692344,1759867
linebuf,L550.w6,32,106528176,1692504,1759870
linebuf,L550.w7,32,2428799221,1692664,1759874
linebuf,L550.w8,32,362758565,1692824,1759878
linebuf,L550.w9,32,1394203368,1692984,1759882
linebuf,L550.w10,32,2685496998,1693144,1759885
linebuf,L550.w11,32,2209691123,1693304,1759889
linebuf,L551.w0,32,2846304694,1693464,1763048
linebuf,L551.w1,32,777902495,1693624,1763051
linebuf,L551.w2,32,940209235,1693784,1763055
linebuf,L551.w3,32,1261045201,1693944,1763059
linebuf,L551.w4,32,3178653322,1694104,1763063
linebuf,L551.w5,32,347910361,1694264,1763067
linebuf,L551.w6,32,732020311,1694424,1763070
linebuf,L551.w7,32,1956341218,1694584,1763074
linebuf,L551.w8,32,1597603959,1694744,1763078
linebuf,L551.w9,32,1713151397,1694904,1763082
linebuf,L551.w10,32,2734796373,1695064,1763085
linebuf,L551.w11,32,3494506205,1695224,1763089
linebuf,L552.w0,32,1944882809,1714594,1766248
linebuf,L552.w1,32,3718328518,1714754,1766251
linebuf,L552.w2,32,3471872943,1714914,1766255
linebuf,L552.w3,32,2912450287,1715074,1766259
linebuf,L552.w4,32,2027445644,1715234,1766263
linebuf,L552.w5,32,2854387975,1715394,1766267
linebuf,L552.w6,32,2851474223,1715554,1766270
linebuf,L552.w7,32,3635260614,1715714,1766274
linebuf,L552.w8,32,3579889726,1715874,1766278
linebuf,L552.w9,32,441404487,1716034,1766282
linebuf,L552.w10,32,2416748430,1716194,1766285
linebuf,L552.w11,32,2099236166,1716354,1766289
linebuf,L553.w0,32,2416031332,1716514,1769448
linebuf,L553.w1,32,358048127,1716674,1769451
linebuf,L553.w2,32,4006868728,1716834,1769455
linebuf,L553.w3,32,2879372964,1716994,1769459
linebuf,L553.w4,32,146143224,1717154,1769463
linebuf,L553.w5,32,254289568,1717314,1769467
linebuf,L553.w6,32,80498396,1717474,1769470
linebuf,L553.w7,32,1197228283,1717634,1769474
linebuf,L553.w8,32,156325659,1717794,1769478
linebuf,L553.w9,32,1154220755,1717954,1769482
linebuf,L553.w10,32,1335453724,1718114,1769485
linebuf,L553.w11,32,757295585,1718274,1769489
linebuf,L554.w0,32,2309032077,1718434,1772648
linebuf,L554.w1,32,2050247290,1718594,1772651
linebuf,L554.w2,32,2653784405,1718754,1772655
linebuf,L554.w3,32,3081670805,1718914,1772659
linebuf,L554.w4,32,2926533279,1719074,1772663
linebuf,L554.w5,32,1449085419,1719234,1772667
linebuf,L554.w6,32,73181566,1719394,1772670
linebuf,L554.w7,32,1953020006,1719554,1772674
linebuf,L554.w8,32,3753304107,1719714,1772678
linebuf,L554.w9,32,1468271736,1719874,1772682
linebuf,L554.w10,32,1020195992,1720034,1772685
linebuf,L554.w11,32,3640684747,1720194,1772689
linebuf,L555.w0,32,4155056375,1720354,1775848
linebuf,L555.w1,32,972350383,1720514,1775851
linebuf,L555.w2,32,1485340413,1720674,1775855
linebuf,L555.w3,32,3156885732,1720834,1775859
linebuf,L555.w4,32,3628308803,1720994,1775863
linebuf,L555.w5,32,3952433312,1721154,1775867
linebuf,L555.w6,32,3060876552,1721314,1775870
linebuf,L555.w7,32,248533502,1721474,1775874
linebuf,L555.w8,32,98412452,1721634,1775878
linebuf,L555.w9,32,1891829821,1721794,1775882
linebuf,L555.w10,32,2199294347,1721954,1775885
linebuf,L555.w11,32,851166493,1722114,1775889
linebuf,L556.w0,32,1690955596,1722274,1779048
linebuf,L556.w1,32,657512768,1722434,1779051
linebuf,L556.w2,32,4266554963,1722594,1779055
linebuf,L556.w3,32,770137866,1722754,1779059
linebuf,L556.w4,32,996335778,1722914,1779063
linebuf,L556.w5,32,349242775,1723074,1779067
linebuf,L556.w6,32,1696574120,1723234,1779070
linebuf,L556.w7,32,175254021,1723394,1779074
linebuf,L556.w8,32,748321259,1723554,1779078
linebuf,L556.w9,32,1375550201,1723714,1779082
linebuf,L556.w10,32,20136017,1723874,1779085
linebuf,L556.w11,32,1950701259,1724034,1779089
linebuf,L557.w0,32,2312397748,1724194,1782248
linebuf,L557.w1,32,3506242374,1724354,1782251
linebuf,L557.w2,32,2663225981,1724514,1782255
linebuf,L557.w3,32,2261703022,1724674,1782259
linebuf,L557.w4,32,698181475,1724834,1782263
linebuf,L557.w5,32,164034206,1724994,1782267
linebuf,L557.w6,32,3597149012,1725154,1782270
linebuf,L557.w7,32,1814823138,1725314,1782274
linebuf,L557.w8,32,953971996,1725474,1782278
linebuf,L557.w9,32,3500593613,1725634,1782282
linebuf,L557.w10,32,4025915216,1725794,1782285
linebuf,L557.w11,32,1104932430,1725954,1782289
linebuf,L558.w0,32,2892238364,1726114,1785448
linebuf,L558.w1,32,2229625930,1726274,1785451
linebuf,L558.w2,32,4171530137,1726434,1785455
linebuf,L558.w3,32,4117307436,1726594,1785459
linebuf,L558.w4,32,1880696755,1726754,1785463
linebuf,L558.w5,32,811137354,1726914,1785467
linebuf,L558.w6,32,3600857889,1727074,1785470
linebuf,L558.w7,32,174321430,1727234,1785474
linebuf,L558.w8,32,2599426137,1727394,1785478
linebuf,L558.w9,32,3621449529,1727554,1785482
linebuf,L558.w10,32,3070771092,1727714,1785485
linebuf,L558.w11,32,1621768161,1727874,1785489
linebuf,L559.w0,32,1763207541,1728034,1788648
linebuf,L559.w1,32,1711282455,1728194,1788651
linebuf,L559.w2,32,2196370604,1728354,1788655
linebuf,L559.w3,32,1829890358,1728514,1788659
linebuf,L559.w4,32,1167667422,1728674,1788663
linebuf,L559.w5,32,1901270544,1728834,1788667
linebuf,L559.w6,32,1447399681,1728994,1788670
linebuf,L559.w7,32,2425654347,1729154,1788674
linebuf,L559.w8,32,3975198565,1729314,1788678
linebuf,L559.w9,32,102700579,1729474,1788682
linebuf,L559.w10,32,336292802,1729634,1788685
linebuf,L559.w11,32,2029360679,1729794,1788689
linebuf,L560.w0,32,3574119141,1729954,1791848
linebuf,L560.w1,32,3142561568,1730114,1791851
linebuf,L560.w2,32,3221117502,1730274,1791855
linebuf,L560.w3,32,1801080050,1730434,1791859
linebuf,L560.w4,32,695791130,1730594,1791863
linebuf,L560.w5,32,3854037104,1730754,1791867
linebuf,L560.w6,32,1849272546,1730914,1791870
linebuf,L560.w7,32,688800339,1731074,1791874
linebuf,L560.w8,32,3587572190,1731234,1791878
linebuf,L560.w9,32,2333505506,1731394,1791882
linebuf,L560.w10,32,2185357793,1731554,1791885
linebuf,L560.w11,32,3339418464,1731714,1791889
linebuf,L561.w0,32,2181009362,1731874,1795048
linebuf,L561.w1,32,3129449385,1732034,1795051
linebuf,L561.w2,32,2163718180,1732194,1795055
linebuf,L561.w3,32,2675686812,1732354,1795059
linebuf,L561.w4,32,738391692,1732514,1795063
linebuf,L561.w5,32,1147602730,1732674,1795067
linebuf,L561.w6,32,4255091393,1732834,1795070
linebuf,L561.w7,32,1773771104,1732994,1795074
linebuf,L561.w8,32,3214108731,1733154,1795078
linebuf,L561.w9,32,2067218325,1733314,1795082
linebuf,L561.w10,32,1226522221,1733474,1795085
linebuf,L561.w11,32,4114340681,1733634,1795089
linebuf,L562.w0,32,1491716031,1733794,1798248
linebuf,L562.w1,32,4020964014,1733954,1798251
linebuf,L562.w2,32,3039261947,1734114,1798255
linebuf,L562.w3,32,1961428581,1734274,1798259
linebuf,L562.w4,32,3737126379,1734434,1798263
linebuf,L562.w5,32,1707517188,1734594,1798267
linebuf,L562.w6,32,2368667523,1734754,1798270
linebuf,L562.w7,32,1617326645,1734914,1798274
linebuf,L562.w8,32,1229885571,1735074,1798278
linebuf,L562.w9,32,1031389418,1735234,1798282
linebuf,L562.w10,32,1541176707,1735394,1798285
linebuf,L562.w11,32,2328657899,1735554,1798289
linebuf,L563.w0,32,2339491046,1735714,1801448
linebuf,L563.w1,32,3487420613,1735874,1801451
linebuf,L563.w2,32,3806786701,1736034,1801455
linebuf,L563.w3,32,3077377684,1736194,1801459
linebuf,L563.w4,32,3023336828,1736354,1801463
linebuf,L563.w5,32,2281071810,1736514,1801467
linebuf,L563.w6,32,968702626,1736674,1801470
linebuf,L563.w7,32,1137014130,1736834,1801474
linebuf,L563.w8,32,86158615,1736994,1801478
linebuf,L563.w9,32,3660237954,1737154,1801482
linebuf,L563.w10,32,2823692325,1737314,1801485
linebuf,L563.w11,32,311292386,1737474,1801489
linebuf,L564.w0,32,1130873845,1737634,1804648
linebuf,L564.w1,32,3045135733,1737794,1804651
linebuf,L564.w2,32,3765114659,1737954,1804655
linebuf,L564.w3,32,1674256891,1738114,1804659
linebuf,L564.w4,32,689137516,1738274,1804663
linebuf,L564.w5,32,1133746061,1738434,1804667
linebuf,L564.w6,32,4279067657,1738594,1804670
linebuf,L564.w7,32,3307147300,1738754,1804674
linebuf,L564.w8,32,3439249412,1738914,1804678
linebuf,L564.w9,32,2525021199,1739074,1804682
linebuf,L564.w10,32,1083892138,1739234,1804685
linebuf,L564.w11,32,2107321629,1739394,1804689
linebuf,L565.w0,32,67473525,1739554,1807848
linebuf,L565.w1,32,684408762,1739714,1807851
linebuf,L565.w2,32,3525025294,1739874,1807855
linebuf,L565.w3,32,2076733946,1740034,1807859
linebuf,L565.w4,32,474660508,1740194,1807863
linebuf,L565.w5,32,943212391,1740354,1807867
linebuf,L565.w6,32,653107758,1740514,1807870
linebuf,L565.w7,32,485023867,1740674,1807874
linebuf,L565.w8,32,1650822435,1740834,1807878
linebuf,L565.w9,32,243891707,1740994,1807882
linebuf,L565.w10,32,741222435,1741154,1807885
linebuf,L565.w11,32,292753185,1741314,1807889
linebuf,L566.w0,32,407215981,1741474,1811048
linebuf,L566.w1,32,2011917532,1741634,1811051
linebuf,L566.w2,32,2358821794,1741794,1811055
linebuf,L566.w3,32,3133369489,1741954,1811059
linebuf,L566.w4,32,2812257173,1742114,1811063
linebuf,L566.w5,32,2011339715,1742274,1811067
linebuf,L566.w6,32,3372916499,1742434,1811070
linebuf,L566.w7,32,107303873,1742594,1811074
linebuf,L566.w8,32,248671091,1742754,1811078
linebuf,L566.w9,32,1165837905,1742914,1811082
linebuf,L566.w10,32,220303861,1743074,1811085
linebuf,L566.w11,32,2273265412,1743234,1811089
linebuf,L567.w0,32,2028709353,1743394,1814248
linebuf,L567.w1,32,3819007654,1743554,1814251
linebuf,L567.w2,32,3185579385,1743714,1814255
linebuf,L567.w3,32,2755795379,1743874,1814259
linebuf,L567.w4,32,892776668,1744034,1814263
linebuf,L567.w5,32,1527956181,1744194,1814267
linebuf,L567.w6,32,2557625463,1744354,1814270
linebuf,L567.w7,32,1880474512,1744514,1814274
linebuf,L567.w8,32,474731638,1744674,1814278
linebuf,L567.w9,32,1455423246,1744834,1814282
linebuf,L567.w10,32,3859685675,1744994,1814285
linebuf,L567.w11,32,1367834303,1745154,1814289
linebuf,L568.w0,32,3751830426,1745314,1817448
linebuf,L568.w1,32,1641585415,1745474,1817451
linebuf,L568.w2,32,4021611989,1745634,1817455
linebuf,L568.w3,32,2807898694,1745794,1817459
linebuf,L568.w4,32,1671060156,1745954,1817463
linebuf,L568.w5,32,1245709166,1746114,1817467
linebuf,L568.w6,32,354836168,1746274,1817470
linebuf,L568.w7,32,984563337,1746434,1817474
linebuf,L568.w8,32,3511283291,1746594,1817478
linebuf,L568.w9,32,3116813678,1746754,1817482
linebuf,L568.w10,32,1895740281,1746914,1817485
linebuf,L568.w11,32,2409589344,1747074,1817489
linebuf,L569.w0,32,1501061157,1747234,1820648
linebuf,L569.w1,32,4251571475,1747394,1820651
linebuf,L569.w2,32,1835608196,1747554,1820655
linebuf,L569.w3,32,1852709008,1747714,1820659
linebuf,L569.w4,32,3045913722,1747874,1820663
linebuf,L569.w5,32,3887088445,1748034,1820667
linebuf,L569.w6,32,3127027263,1748194,1820670
linebuf,L569.w7,32,3201541495,1748354,1820674
linebuf,L569.w8,32,1871881307,1748514,1820678
linebuf,L569.w9,32,2521546948,1748674,1820682
linebuf,L569.w10,32,1144757778,1748834,1820685
linebuf,L569.w11,32,801591367,1748994,1820689
linebuf,L570.w0,32,647913628,1749154,1823848
linebuf,L570.w1,32,3680825891,1749314,1823851
linebuf,L570.w2,32,226964200,1749474,1823855
linebuf,L570.w3,32,1418787749,1749634,1823859
linebuf,L570.w4,32,4132692006,1749794,1823863
linebuf,L570.w5,32,1510447007,1749954,1823867
linebuf,L570.w6,32,4154429215,1750114,1823870
linebuf,L570.w7,32,1616929251,1750274,1823874
linebuf,L570.w8,32,288951126,1750434,1823878
linebuf,L570.w9,32,2710964042,1750594,1823882
linebuf,L570.w10,32,2546959298,1750754,1823885
linebuf,L570.w11,32,3406322015,1750914,1823889
linebuf,L571.w0,32,4179629605,1751074,1827048
linebuf,L571.w1,32,1365474057,1751234,1827051
linebuf,L571.w2,32,2473448481,1751394,1827055
linebuf,L571.w3,32,3877061948,1751554,1827059
linebuf,L571.w4,32,4168977006,1751714,1827063
linebuf,L571.w5,32,760680758,1751874,1827067
linebuf,L571.w6,32,624099954,1752034,1827070
linebuf,L571.w7,32,3281892929,1752194,1827074
linebuf,L571.w8,32,3089541540,1752354,1827078
linebuf,L571.w9,32,3927422187,1752514,1827082
linebuf,L571.w10,32,3613279381,1752674,1827085
linebuf,L571.w11,32,2685072738,1752834,1827089
linebuf,L572.w0,32,877619167,1785222,1830248
linebuf,L572.w1,32,2049814578,1785382,1830251
linebuf,L572.w2,32,4065898269,1785542,1830255
linebuf,L572.w3,32,3025680097,1785702,1830259
linebuf,L572.w4,32,1001351578,1785862,1830263
linebuf,L572.w5,32,1539612978,1786022,1830267
linebuf,L572.w6,32,2647953625,1786182,1830270
linebuf,L572.w7,32,2265239157,1786342,1830274
linebuf,L572.w8,32,3915983487,1786502,1830278
linebuf,L572.w9,32,2689892739,1786662,1830282
linebuf,L572.w10,32,3055073828,1786822,1830285
linebuf,L572.w11,32,693797361,1786982,1830289
linebuf,L573.w0,32,3320240448,1787142,1833448
linebuf,L573.w1,32,873210801,1787302,1833451
linebuf,L573.w2,32,1284397999,1787462,1833455
linebuf,L573.w3,32,737470861,1787622,1833459
linebuf,L573.w4,32,3648775334,1787782,1833463
linebuf,L573.w5,32,3218012760,1787942,1833467
linebuf,L573.w6,32,594003508,1788102,1833470
linebuf,L573.w7,32,2777728008,1788262,1833474
linebuf,L573.w8,32,1717795131,1788422,1833478
linebuf,L573.w9,32,1828549459,1788582,1833482
linebuf,L573.w10,32,2100919122,1788742,1833485
linebuf,L573.w11,32,1506897612,1788902,1833489
linebuf,L574.w0,32,3023306871,1789062,1836648
linebuf,L574.w1,32,3350436227,1789222,1836651
linebuf,L574.w2,32,146403783,1789382,1836655
linebuf,L574.w3,32,2285882946,1789542,1836659
linebuf,L574.w4,32,322978940,1789702,1836663
linebuf,L574.w5,32,104647733,1789862,1836667
linebuf,L574.w6,32,1581076137,1790022,1836670
linebuf,L574.w7,32,1068539597,1790182,1836674
linebuf,L574.w8,32,668516879,1790342,1836678
linebuf,L574.w9,32,916872603,1790502,1836682
linebuf,L574.w10,32,3906989294,1790662,1836685
linebuf,L574.w11,32,1701704210,1790822,1836689
linebuf,L575.w0,32,1905523659,1790982,1839848
linebuf,L575.w1,32,2191105164,1791142,1839851
linebuf,L575.w2,32,2530783382,1791302,1839855
linebuf,L575.w3,32,1171430217,1791462,1839859
linebuf,L575.w4,32,1830263045,1791622,1839863
linebuf,L575.w5,32,2562569214,1791782,1839867
linebuf,L575.w6,32,3690512761,1791942,1839870
linebuf,L575.w7,32,1451493137,1792102,1839874
linebuf,L575.w8,32,3975363393,1792262,1839878
linebuf,L575.w9,32,2070035236,1792422,1839882
linebuf,L575.w10,32,3866920479,1792582,1839885
linebuf,L575.w11,32,1463213706,1792742,1839889
linebuf,L576.w0,32,348446903,1792902,1843048
linebuf,L576.w1,32,2543467063,1793062,1843051
linebuf,L576.w2,32,2623780027,1793222,1843055
linebuf,L576.w3,32,235379425,1793382,1843059
linebuf,L576.w4,32,3337022982,1793542,1843063
linebuf,L576.w5,32,598070335,1793702,1843067
linebuf,L576.w6,32,3940793449,1793862,1843070
linebuf,L576.w7,32,3640773225,1794022,1843074
linebuf,L576.w8,32,2388677136,1794182,1843078
linebuf,L576.w9,32,3190537979,1794342,1843082
linebuf,L576.w10,32,2018285000,1794502,1843085
linebuf,L576.w11,32,4070361627,1794662,1843089
linebuf,L577.w0,32,756637388,1794822,1846248
linebuf,L577.w1,32,390130335,1794982,1846251
linebuf,L577.w2,32,35055374,1795142,1846255
linebuf,L577.w3,32,279781473,1795302,1846259
linebuf,L577.w4,32,103417496,1795462,1846263
linebuf,L577.w5,32,787494220,1795622,1846267
linebuf,L577.w6,32,1196464278,1795782,1846270
linebuf,L577.w7,32,834257183,1795942,1846274
linebuf,L577.w8,32,3093682951,1796102,1846278
linebuf,L577.w9,32,1978117560,1796262,1846282
linebuf,L577.w10,32,1727682350,1796422,1846285
linebuf,L577.w11,32,3064976977,1796582,1846289
linebuf,L578.w0,32,2327308944,1796742,1849448
linebuf,L578.w1,32,2195781888,1796902,1849451
linebuf,L578.w2,32,1165383593,1797062,1849455
linebuf,L578.w3,32,2998702850,1797222,1849459
linebuf,L578.w4,32,4180287875,1797382,1849463
linebuf,L578.w5,32,3693504879,1797542,1849467
linebuf,L578.w6,32,3952874991,1797702,1849470
linebuf,L578.w7,32,2926307528,1797862,1849474
linebuf,L578.w8,32,1133954050,1798022,1849478
linebuf,L578.w9,32,2391437598,1798182,1849482
linebuf,L578.w10,32,1650551211,1798342,1849485
linebuf,L578.w11,32,3732457722,1798502,1849489
linebuf,L579.w0,32,452629182,1798662,1852648
linebuf,L579.w1,32,3040005818,1798822,1852651
linebuf,L579.w2,32,1697764255,1798982,1852655
linebuf,L579.w3,32,1990111644,1799142,1852659
linebuf,L579.w4,32,1036856494,1799302,1852663
linebuf,L579.w5,32,305708365,1799462,1852667
linebuf,L579.w6,32,3120832700,1799622,1852670
linebuf,L579.w7,32,3152952082,1799782,1852674
linebuf,L579.w8,32,1343069284,1799942,1852678
linebuf,L579.w9,32,577269232,1800102,1852682
linebuf,L579.w10,32,2945862163,1800262,1852685
linebuf,L579.w11,32,2592676207,1800422,1852689
linebuf,L580.w0,32,114030682,1800582,1855848
linebuf,L580.w1,32,2703386056,1800742,1855851
linebuf,L580.w2,32,3035554353,1800902,1855855
linebuf,L580.w3,32,1625899303,1801062,1855859
linebuf,L580.w4,32,2737308621,1801222,1855863
linebuf,L580.w5,32,242056520,1801382,1855867
linebuf,L580.w6,32,1247304959,1801542,1855870
linebuf,L580.w7,32,1481782286,1801702,1855874
linebuf,L580.w8,32,3311603385,1801862,1855878
linebuf,L580.w9,32,2825367425,1802022,1855882
linebuf,L580.w10,32,3711649573,1802182,1855885
linebuf,L580.w11,32,3997273334,1802342,1855889
linebuf,L581.w0,32,3890295934,1802502,1859048
linebuf,L581.w1,32,72514819,1802662,1859051
linebuf,L581.w2,32,2982786974,1802822,1859055
linebuf,L581.w3,32,2666556393,1802982,1859059
linebuf,L581.w4,32,1885993744,1803142,1859063
linebuf,L581.w5,32,1362406906,1803302,1859067
linebuf,L581.w6,32,2511754249,1803462,1859070
linebuf,L581.w7,32,43093525,1803622,1859074
linebuf,L581.w8,32,3272919150,1803782,1859078
linebuf,L581.w9,32,2287619356,1803942,1859082
linebuf,L581.w10,32,1356171898,1804102,1859085
linebuf,L581.w11,32,3949929173,1804262,1859089
linebuf,L582.w0,32,3794038062,1804422,1862248
linebuf,L582.w1,32,3131263544,1804582,1862251
linebuf,L582.w2,32,3378737502,1804742,1862255
linebuf,L582.w3,32,1683777715,1804902,1862259
linebuf,L582.w4,32,2982157044,1805062,1862263
linebuf,L582.w5,32,4057821819,1805222,1862267
linebuf,L582.w6,32,3259891530,1805382,1862270
linebuf,L582.w7,32,3142851362,1805542,1862274
linebuf,L582.w8,32,219864555,1805702,1862278
linebuf,L582.w9,32,2507302681,1805862,1862282
linebuf,L582.w10,32,3491799580,1806022,1862285
linebuf,L582.w11,32,2935966240,1806182,1862289
linebuf,L583.w0,32,1918257997,1806342,1865448
linebuf,L583.w1,32,3669190425,1806502,1865451
linebuf,L583.w2,32,2948371168,1806662,1865455
linebuf,L583.w3,32,2964769779,1806822,1865459
linebuf,L583.w4,32,2794780401,1806982,1865463
linebuf,L583.w5,32,418109408,1807142,1865467
linebuf,L583.w6,32,1819072530,1807302,1865470
linebuf,L583.w7,32,1744538304,1807462,1865474
linebuf,L583.w8,32,3160041379,1807622,1865478
linebuf,L583.w9,32,529491982,1807782,1865482
linebuf,L583.w10,32,3683859181,1807942,1865485
linebuf,L583.w11,32,2428543219,1808102,1865489
linebuf,L584.w0,32,4271088141,1808262,1868648
linebuf,L584.w1,32,3784099768,1808422,1868651
linebuf,L584.w2,32,75192293,1808582,1868655
linebuf,L584.w3,32,49423222,1808742,1868659
linebuf,L584.w4,32,3929521804,1808902,1868663
linebuf,L584.w5,32,4012814260,1809062,1868667
linebuf,L584.w6,32,3328881421,1809222,1868670
linebuf,L584.w7,32,2392465728,1809382,1868674
linebuf,L584.w8,32,2558293659,1809542,1868678
linebuf,L584.w9,32,1754302091,1809702,1868682
linebuf,L584.w10,32,3273840443,1809862,1868685
linebuf,L584.w11,32,4175576117,1810022,1868689
linebuf,L585.w0,32,1495674361,1810182,1871848
linebuf,L585.w1,32,754103108,1810342,1871851
linebuf,L585.w2,32,1737324106,1810502,1871855
linebuf,L585.w3,32,3154132190,1810662,1871859
linebuf,L585.w4,32,174402383,1810822,1871863
linebuf,L585.w5,32,614899669,1810982,1871867
linebuf,L585.w6,32,3987463517,1811142,1871870
linebuf,L585.w7,32,4037481850,1811302,1871874
linebuf,L585.w8,32,3467385871,1811462,1871878
linebuf,L585.w9,32,1226304119,1811622,1871882
linebuf,L585.w10,32,2218036151,1811782,1871885
linebuf,L585.w11,32,3011430465,1811942,1871889
linebuf,L586.w0,32,2631124651,1812102,1875048
linebuf,L586.w1,32,1764962055,1812262,1875051
linebuf,L586.w2,32,3538600492,1812422,1875055
linebuf,L586.w3,32,2771744961,1812582,1875059
linebuf,L586.w4,32,713778797,1812742,1875063
linebuf,L586.w5,32,3386819354,1812902,1875067
linebuf,L586.w6,32,2449292923,1813062,1875070
linebuf,L586.w7,32,2015038995,1813222,1875074
linebuf,L586.w8,32,3105567842,1813382,1875078
linebuf,L586.w9,32,1261428885,1813542,1875082
linebuf,L586.w10,32,2502995403,1813702,1875085
linebuf,L586.w11,32,3482945358,1813862,1875089
linebuf,L587.w0,32,4195015212,1814022,1878248
linebuf,L587.w1,32,2558118295,1814182,1878251
linebuf,L587.w2,32,1100864427,1814342,1878255
linebuf,L587.w3,32,3183318362,1814502,1878259
linebuf,L587.w4,32,2917779842,1814662,1878263
linebuf,L587.w5,32,149979631,1814822,1878267
linebuf,L587.w6,32,3346179512,1814982,1878270
linebuf,L587.w7,32,3787593989,1815142,1878274
linebuf,L587.w8,32,1678452546,1815302,1878278
linebuf,L587.w9,32,2315373088,1815462,1878282
linebuf,L587.w10,32,4038365642,1815622,1878285
linebuf,L587.w11,32,2548642393,1815782,1878289
linebuf,L588.w0,32,1769630066,1815942,1881448
linebuf,L588.w1,32,3922724728,1816102,1881451
linebuf,L588.w2,32,629043245,1816262,1881455
linebuf,L588.w3,32,1391544448,1816422,1881459
linebuf,L588.w4,32,731818226,1816582,1881463
linebuf,L588.w5,32,1946633563,1816742,1881467
linebuf,L588.w6,32,1688444768,1816902,1881470
linebuf,L588.w7,32,2479887169,1817062,1881474
linebuf,L588.w8,32,4238934553,1817222,1881478
linebuf,L588.w9,32,3976947654,1817382,1881482
linebuf,L588.w10,32,3929535336,1817542,1881485
linebuf,L588.w11,32,2388726221,1817702,1881489
linebuf,L589.w0,32,3863770094,1817862,1884648
linebuf,L589.w1,32,4152911326,1818022,1884651
linebuf,L589.w2,32,2848311279,1818182,1884655
linebuf,L589.w3,32,539490673,1818342,1884659
linebuf,L589.w4,32,2161786953,1818502,1884663
linebuf,L589.w5,32,3842093603,1818662,1884667
linebuf,L589.w6,32,2758832159,1818822,1884670
linebuf,L589.w7,32,339639104,1818982,1884674
linebuf,L589.w8,32,2599201274,1819142,1884678
linebuf,L589.w9,32,2526792559,1819302,1884682
linebuf,L589.w10,32,4100526161,1819462,1884685
linebuf,L589.w11,32,2645538593,1819622,1884689
linebuf,L590.w0,32,1687609388,1819782,1887848
linebuf,L590.w1,32,1118829361,1819942,1887851
linebuf,L590.w2,32,1682881943,1820102,1887855
linebuf,L590.w3,32,2100988825,1820262,1887859
linebuf,L590.w4,32,3131995282,1820422,1887863
linebuf,L590.w5,32,143972128,1820582,1887867
linebuf,L590.w6,32,3452205635,1820742,1887870
linebuf,L590.w7,32,2689788142,1820902,1887874
linebuf,L590.w8,32,3175378807,1821062,1887878
linebuf,L590.w9,32,1248415859,1821222,1887882
linebuf,L590.w10,32,685421465,1821382,1887885
linebuf,L590.w11,32,3617576288,1821542,1887889
linebuf,L591.w0,32,2721193048,1821702,1891048
linebuf,L591.w1,32,4020255922,1821862,1891051
linebuf,L591.w2,32,1154636536,1822022,1891055
linebuf,L591.w3,32,1667381941,1822182,1891059
linebuf,L591.w4,32,1177545959,1822342,1891063
linebuf,L591.w5,32,536185422,1822502,1891067
linebuf,L591.w6,32,1097142610,1822662,1891070
linebuf,L591.w7,32,4146772631,1822822,1891074
linebuf,L591.w8,32,37882455,1822982,1891078
linebuf,L591.w9,32,4167241155,1823142,1891082
linebuf,L591.w10,32,513646690,1823302,1891085
linebuf,L591.w11,32,3580007276,1823462,1891089
