kernel,loc,width,value,t_def,t_last
seq,t0.pc,6,0,0,0
seq,t1.pc,6,0,0,1
seq,t2.pc,6,0,0,2
seq,t3.pc,6,0,0,3
seq,t0.acc,8,0,0,-1
seq,t0.pc,6,1,1,4
seq,t1.pc,6,1,2,5
seq,t2.pc,6,1,3,6
seq,t3.pc,6,0,4,7
seq,t0.pc,6,2,5,8
seq,t1.acc,8,0,0,-1
seq,t1.pc,6,2,6,9
seq,t2.dl,12,0,0,-1
seq,t2.pc,6,2,7,10
seq,t3.pc,6,0,8,11
seq,t0.dl,12,0,0,-1
seq,t0.pc,6,3,9,12
seq,t1.pc,6,3,10,13
seq,t2.dl,12,28,11,14
seq,t2.pc,6,3,11,14
seq,t3.pc,6,0,12,15
seq,t0.dl,12,105,13,16
seq,t0.pc,6,4,13,16
seq,t1.cnt,12,0,0,-1
seq,t1.pc,6,4,14,17
seq,t2.dl,12,27,15,18
seq,t2.pc,6,3,15,18
seq,t3.pc,6,0,16,19
seq,t0.dl,12,104,17,20
seq,t0.pc,6,4,17,20
seq,t1.acc,8,165,10,21
seq,t1.cnt,12,8,18,21
seq,t1.pc,6,5,18,21
seq,t2.dl,12,26,19,22
seq,t2.pc,6,3,19,22
seq,t3.pc,6,0,20,23
seq,t0.dl,12,103,21,24
seq,t0.pc,6,4,21,24
seq,t1.dl,12,0,0,-1
seq,t1.pc,6,6,22,25
seq,t2.dl,12,25,23,26
seq,t2.pc,6,3,23,26
seq,t3.pc,6,0,24,27
seq,t0.dl,12,102,25,28
seq,t0.pc,6,4,25,28
seq,t1.dl,12,1,26,29
seq,t1.pc,6,7,26,29
seq,t2.dl,12,24,27,30
seq,t2.pc,6,3,27,30
seq,t3.pc,6,0,28,31
seq,t0.dl,12,101,29,32
seq,t0.pc,6,4,29,32
seq,t1.pc,6,7,30,33
seq,t2.dl,12,23,31,34
seq,t2.pc,6,3,31,34
seq,t3.pc,6,0,32,35
seq,t0.dl,12,100,33,36
seq,t0.pc,6,4,33,36
seq,t1.pc,6,8,34,37
seq,t2.dl,12,22,35,38
seq,t2.pc,6,3,35,38
seq,t3.pc,6,0,36,39
seq,t0.dl,12,99,37,40
seq,t0.pc,6,4,37,40
seq,t1.dl,12,0,30,33
seq,t1.pc,6,9,38,41
seq,t2.dl,12,21,39,42
seq,t2.pc,6,3,39,42
seq,t3.pc,6,0,40,43
seq,t0.dl,12,98,41,44
seq,t0.pc,6,4,41,44
seq,t1.dl,12,3,42,45
seq,t1.pc,6,10,42,45
seq,t2.dl,12,20,43,46
seq,t2.pc,6,3,43,46
seq,t3.pc,6,0,44,47
seq,t0.dl,12,97,45,48
seq,t0.pc,6,4,45,48
seq,t1.dl,12,2,46,49
seq,t1.pc,6,10,46,49
seq,t2.dl,12,19,47,50
seq,t2.pc,6,3,47,50
seq,t3.pc,6,0,48,51
seq,t0.dl,12,96,49,52
seq,t0.pc,6,4,49,52
seq,t1.dl,12,1,50,53
seq,t1.pc,6,10,50,53
seq,t2.dl,12,18,51,54
seq,t2.pc,6,3,51,54
seq,t3.pc,6,0,52,55
seq,t0.dl,12,95,53,56
seq,t0.pc,6,4,53,56
seq,t1.pc,6,10,54,57
seq,t2.dl,12,17,55,58
seq,t2.pc,6,3,55,58
seq,t3.pc,6,0,56,59
seq,t0.dl,12,94,57,60
seq,t0.pc,6,4,57,60
seq,t1.pc,6,11,58,61
seq,t2.dl,12,16,59,62
seq,t2.pc,6,3,59,62
seq,t3.pc,6,0,60,63
seq,t0.dl,12,93,61,64
seq,t0.pc,6,4,61,64
seq,t1.pc,6,12,62,65
seq,t2.dl,12,15,63,66
seq,t2.pc,6,3,63,66
seq,t3.pc,6,0,64,67
seq,t0.dl,12,92,65,68
seq,t0.pc,6,4,65,68
seq,t1.acc,8,74,22,69
seq,t1.cnt,12,7,22,69
seq,t1.pc,6,5,66,69
seq,t2.dl,12,14,67,70
seq,t2.pc,6,3,67,70
seq,t3.pc,6,0,68,71
seq,t0.dl,12,91,69,72
seq,t0.pc,6,4,69,72
seq,t1.dl,12,0,54,57
seq,t1.pc,6,6,70,73
seq,t2.dl,12,13,71,74
seq,t2.pc,6,3,71,74
seq,t3.pc,6,0,72,75
seq,t0.dl,12,90,73,76
seq,t0.pc,6,4,73,76
seq,t1.dl,12,1,74,77
seq,t1.pc,6,7,74,77
seq,t2.dl,12,12,75,78
seq,t2.pc,6,3,75,78
seq,t3.pc,6,0,76,79
seq,t0.dl,12,89,77,80
seq,t0.pc,6,4,77,80
seq,t1.pc,6,7,78,81
seq,t2.dl,12,11,79,82
seq,t2.pc,6,3,79,82
seq,t3.pc,6,0,80,83
seq,t0.dl,12,88,81,84
seq,t0.pc,6,4,81,84
seq,t1.pc,6,8,82,85
seq,t2.dl,12,10,83,86
seq,t2.pc,6,3,83,86
seq,t3.pc,6,0,84,87
seq,t0.dl,12,87,85,88
seq,t0.pc,6,4,85,88
seq,t1.dl,12,0,78,81
seq,t1.pc,6,9,86,89
seq,t2.dl,12,9,87,90
seq,t2.pc,6,3,87,90
seq,t3.pc,6,0,88,91
seq,t0.dl,12,86,89,92
seq,t0.pc,6,4,89,92
seq,t1.dl,12,3,90,93
seq,t1.pc,6,10,90,93
seq,t2.dl,12,8,91,94
seq,t2.pc,6,3,91,94
seq,t3.pc,6,0,92,95
seq,t0.dl,12,85,93,96
seq,t0.pc,6,4,93,96
seq,t1.dl,12,2,94,97
seq,t1.pc,6,10,94,97
seq,t2.dl,12,7,95,98
seq,t2.pc,6,3,95,98
seq,t3.pc,6,0,96,99
seq,t0.dl,12,84,97,100
seq,t0.pc,6,4,97,100
seq,t1.dl,12,1,98,101
seq,t1.pc,6,10,98,101
seq,t2.dl,12,6,99,102
seq,t2.pc,6,3,99,102
seq,t3.pc,6,0,100,103
seq,t0.dl,12,83,101,104
seq,t0.pc,6,4,101,104
seq,t1.pc,6,10,102,105
seq,t2.dl,12,5,103,106
seq,t2.pc,6,3,103,106
seq,t3.pc,6,0,104,107
seq,t0.dl,12,82,105,108
seq,t0.pc,6,4,105,108
seq,t1.pc,6,11,106,109
seq,t2.dl,12,4,107,110
seq,t2.pc,6,3,107,110
seq,t3.pc,6,0,108,111
seq,t0.dl,12,81,109,112
seq,t0.pc,6,4,109,112
seq,t1.pc,6,12,110,113
seq,t2.dl,12,3,111,114
seq,t2.pc,6,3,111,114
seq,t3.pc,6,0,112,115
seq,t0.dl,12,80,113,116
seq,t0.pc,6,4,113,116
seq,t1.acc,8,148,70,117
seq,t1.cnt,12,6,70,117
seq,t1.pc,6,5,114,117
seq,t2.dl,12,2,115,118
seq,t2.pc,6,3,115,118
seq,t3.pc,6,0,116,119
seq,t0.dl,12,79,117,120
seq,t0.pc,6,4,117,120
seq,t1.dl,12,0,102,105
seq,t1.pc,6,6,118,121
seq,t2.dl,12,1,119,122
seq,t2.pc,6,3,119,122
seq,t3.pc,6,0,120,123
seq,t0.dl,12,78,121,124
seq,t0.pc,6,4,121,124
seq,t1.dl,12,1,122,125
seq,t1.pc,6,7,122,125
seq,t2.pc,6,3,123,126
seq,t3.pc,6,0,124,127
seq,t0.dl,12,77,125,128
seq,t0.pc,6,4,125,128
seq,t1.pc,6,7,126,129
seq,t2.pc,6,4,127,130
seq,t3.pc,6,0,128,131
seq,t0.dl,12,76,129,132
seq,t0.pc,6,4,129,132
seq,t1.pc,6,8,130,133
seq,t2.acc,8,0,0,-1
seq,t2.pc,6,5,131,134
seq,t3.pc,6,0,132,135
seq,t0.dl,12,75,133,136
seq,t0.pc,6,4,133,136
seq,t1.dl,12,0,126,129
seq,t1.pc,6,9,134,137
seq,t2.cnt,12,0,0,-1
seq,t2.pc,6,6,135,138
seq,t3.pc,6,0,136,139
seq,t0.dl,12,74,137,140
seq,t0.pc,6,4,137,140
seq,t1.dl,12,3,138,141
seq,t1.pc,6,10,138,141
seq,t2.acc,8,160,135,142
seq,t2.cnt,12,8,139,142
seq,t2.pc,6,7,139,142
seq,t3.pc,6,0,140,143
seq,t0.dl,12,73,141,144
seq,t0.pc,6,4,141,144
seq,t1.dl,12,2,142,145
seq,t1.pc,6,10,142,145
seq,t2.dl,12,0,123,126
seq,t2.pc,6,8,143,146
seq,t3.pc,6,0,144,147
seq,t0.dl,12,72,145,148
seq,t0.pc,6,4,145,148
seq,t1.dl,12,1,146,149
seq,t1.pc,6,10,146,149
seq,t2.dl,12,28,147,150
seq,t2.pc,6,9,147,150
seq,t3.pc,6,0,148,151
seq,t0.dl,12,71,149,152
seq,t0.pc,6,4,149,152
seq,t1.pc,6,10,150,153
seq,t2.dl,12,27,151,154
seq,t2.pc,6,9,151,154
seq,t3.pc,6,0,152,155
seq,t0.dl,12,70,153,156
seq,t0.pc,6,4,153,156
seq,t1.pc,6,11,154,157
seq,t2.dl,12,26,155,158
seq,t2.pc,6,9,155,158
seq,t3.pc,6,0,156,159
seq,t0.dl,12,69,157,160
seq,t0.pc,6,4,157,160
seq,t1.pc,6,12,158,161
seq,t2.dl,12,25,159,162
seq,t2.pc,6,9,159,162
seq,t3.pc,6,0,160,163
seq,t0.dl,12,68,161,164
seq,t0.pc,6,4,161,164
seq,t1.acc,8,40,118,165
seq,t1.cnt,12,5,118,165
seq,t1.pc,6,5,162,165
seq,t2.dl,12,24,163,166
seq,t2.pc,6,9,163,166
seq,t3.pc,6,0,164,167
seq,t0.dl,12,67,165,168
seq,t0.pc,6,4,165,168
seq,t1.dl,12,0,150,153
seq,t1.pc,6,6,166,169
seq,t2.dl,12,23,167,170
seq,t2.pc,6,9,167,170
seq,t3.pc,6,0,168,171
seq,t0.dl,12,66,169,172
seq,t0.pc,6,4,169,172
seq,t1.dl,12,1,170,173
seq,t1.pc,6,7,170,173
seq,t2.dl,12,22,171,174
seq,t2.pc,6,9,171,174
seq,t3.pc,6,0,172,175
seq,t0.dl,12,65,173,176
seq,t0.pc,6,4,173,176
seq,t1.pc,6,7,174,177
seq,t2.dl,12,21,175,178
seq,t2.pc,6,9,175,178
seq,t3.pc,6,0,176,179
seq,t0.dl,12,64,177,180
seq,t0.pc,6,4,177,180
seq,t1.pc,6,8,178,181
seq,t2.dl,12,20,179,182
seq,t2.pc,6,9,179,182
seq,t3.pc,6,0,180,183
seq,t0.dl,12,63,181,184
seq,t0.pc,6,4,181,184
seq,t1.dl,12,0,174,177
seq,t1.pc,6,9,182,185
seq,t2.dl,12,19,183,186
seq,t2.pc,6,9,183,186
seq,t3.pc,6,0,184,187
seq,t0.dl,12,62,185,188
seq,t0.pc,6,4,185,188
seq,t1.dl,12,3,186,189
seq,t1.pc,6,10,186,189
seq,t2.dl,12,18,187,190
seq,t2.pc,6,9,187,190
seq,t3.pc,6,0,188,191
seq,t0.dl,12,61,189,192
seq,t0.pc,6,4,189,192
seq,t1.dl,12,2,190,193
seq,t1.pc,6,10,190,193
seq,t2.dl,12,17,191,194
seq,t2.pc,6,9,191,194
seq,t3.pc,6,0,192,195
seq,t0.dl,12,60,193,196
seq,t0.pc,6,4,193,196
seq,t1.dl,12,1,194,197
seq,t1.pc,6,10,194,197
seq,t2.dl,12,16,195,198
seq,t2.pc,6,9,195,198
seq,t3.pc,6,0,196,199
seq,t0.dl,12,59,197,200
seq,t0.pc,6,4,197,200
seq,t1.pc,6,10,198,201
seq,t2.dl,12,15,199,202
seq,t2.pc,6,9,199,202
seq,t3.pc,6,0,200,203
seq,t0.dl,12,58,201,204
seq,t0.pc,6,4,201,204
seq,t1.pc,6,11,202,205
seq,t2.dl,12,14,203,206
seq,t2.pc,6,9,203,206
seq,t3.pc,6,0,204,207
seq,t0.dl,12,57,205,208
seq,t0.pc,6,4,205,208
seq,t1.pc,6,12,206,209
seq,t2.dl,12,13,207,210
seq,t2.pc,6,9,207,210
seq,t3.pc,6,0,208,211
seq,t0.dl,12,56,209,212
seq,t0.pc,6,4,209,212
seq,t1.acc,8,80,166,213
seq,t1.cnt,12,4,166,213
seq,t1.pc,6,5,210,213
seq,t2.dl,12,12,211,214
seq,t2.pc,6,9,211,214
seq,t3.pc,6,0,212,215
seq,t0.dl,12,55,213,216
seq,t0.pc,6,4,213,216
seq,t1.dl,12,0,198,201
seq,t1.pc,6,6,214,217
seq,t2.dl,12,11,215,218
seq,t2.pc,6,9,215,218
seq,t3.pc,6,0,216,219
seq,t0.dl,12,54,217,220
seq,t0.pc,6,4,217,220
seq,t1.dl,12,1,218,221
seq,t1.pc,6,7,218,221
seq,t2.dl,12,10,219,222
seq,t2.pc,6,9,219,222
seq,t3.pc,6,0,220,223
seq,t0.dl,12,53,221,224
seq,t0.pc,6,4,221,224
seq,t1.pc,6,7,222,225
seq,t2.dl,12,9,223,226
seq,t2.pc,6,9,223,226
seq,t3.pc,6,0,224,227
seq,t0.dl,12,52,225,228
seq,t0.pc,6,4,225,228
seq,t1.pc,6,8,226,229
seq,t2.dl,12,8,227,230
seq,t2.pc,6,9,227,230
seq,t3.pc,6,0,228,231
seq,t0.dl,12,51,229,232
seq,t0.pc,6,4,229,232
seq,t1.dl,12,0,222,225
seq,t1.pc,6,9,230,233
seq,t2.dl,12,7,231,234
seq,t2.pc,6,9,231,234
seq,t3.pc,6,0,232,235
seq,t0.dl,12,50,233,236
seq,t0.pc,6,4,233,236
seq,t1.dl,12,3,234,237
seq,t1.pc,6,10,234,237
seq,t2.dl,12,6,235,238
seq,t2.pc,6,9,235,238
seq,t3.pc,6,0,236,239
seq,t0.dl,12,49,237,240
seq,t0.pc,6,4,237,240
seq,t1.dl,12,2,238,241
seq,t1.pc,6,10,238,241
seq,t2.dl,12,5,239,242
seq,t2.pc,6,9,239,242
seq,t3.pc,6,0,240,243
seq,t0.dl,12,48,241,244
seq,t0.pc,6,4,241,244
seq,t1.dl,12,1,242,245
seq,t1.pc,6,10,242,245
seq,t2.dl,12,4,243,246
seq,t2.pc,6,9,243,246
seq,t3.pc,6,0,244,247
seq,t0.dl,12,47,245,248
seq,t0.pc,6,4,245,248
seq,t1.pc,6,10,246,249
seq,t2.dl,12,3,247,250
seq,t2.pc,6,9,247,250
seq,t3.pc,6,0,248,251
seq,t0.dl,12,46,249,252
seq,t0.pc,6,4,249,252
seq,t1.pc,6,11,250,253
seq,t2.dl,12,2,251,254
seq,t2.pc,6,9,251,254
seq,t3.pc,6,0,252,255
seq,t0.dl,12,45,253,256
seq,t0.pc,6,4,253,256
seq,t1.pc,6,12,254,257
seq,t2.dl,12,1,255,258
seq,t2.pc,6,9,255,258
seq,t3.pc,6,0,256,259
seq,t0.dl,12,44,257,260
seq,t0.pc,6,4,257,260
seq,t1.acc,8,160,214,261
seq,t1.cnt,12,3,214,261
seq,t1.pc,6,5,258,261
seq,t2.pc,6,9,259,262
seq,t3.pc,6,0,260,263
seq,t0.dl,12,43,261,264
seq,t0.pc,6,4,261,264
seq,t1.dl,12,0,246,249
seq,t1.pc,6,6,262,265
seq,t2.pc,6,10,263,266
seq,t3.pc,6,0,264,267
seq,t0.dl,12,42,265,268
seq,t0.pc,6,4,265,268
seq,t1.dl,12,1,266,269
seq,t1.pc,6,7,266,269
seq,t2.dl,12,0,259,262
seq,t2.pc,6,11,267,270
seq,t3.pc,6,0,268,271
seq,t0.dl,12,41,269,272
seq,t0.pc,6,4,269,272
seq,t1.pc,6,7,270,273
seq,t2.dl,12,59,271,274
seq,t2.pc,6,12,271,274
seq,t3.pc,6,0,272,275
seq,t0.dl,12,40,273,276
seq,t0.pc,6,4,273,276
seq,t1.pc,6,8,274,277
seq,t2.dl,12,58,275,278
seq,t2.pc,6,12,275,278
seq,t3.pc,6,0,276,279
seq,t0.dl,12,39,277,280
seq,t0.pc,6,4,277,280
seq,t1.dl,12,0,270,273
seq,t1.pc,6,9,278,281
seq,t2.dl,12,57,279,282
seq,t2.pc,6,12,279,282
seq,t3.pc,6,0,280,283
seq,t0.dl,12,38,281,284
seq,t0.pc,6,4,281,284
seq,t1.dl,12,3,282,285
seq,t1.pc,6,10,282,285
seq,t2.dl,12,56,283,286
seq,t2.pc,6,12,283,286
seq,t3.pc,6,0,284,287
seq,t0.dl,12,37,285,288
seq,t0.pc,6,4,285,288
seq,t1.dl,12,2,286,289
seq,t1.pc,6,10,286,289
seq,t2.dl,12,55,287,290
seq,t2.pc,6,12,287,290
seq,t3.pc,6,0,288,291
seq,t0.dl,12,36,289,292
seq,t0.pc,6,4,289,292
seq,t1.dl,12,1,290,293
seq,t1.pc,6,10,290,293
seq,t2.dl,12,54,291,294
seq,t2.pc,6,12,291,294
seq,t3.pc,6,0,292,295
seq,t0.dl,12,35,293,296
seq,t0.pc,6,4,293,296
seq,t1.pc,6,10,294,297
seq,t2.dl,12,53,295,298
seq,t2.pc,6,12,295,298
seq,t3.pc,6,0,296,299
seq,t0.dl,12,34,297,300
seq,t0.pc,6,4,297,300
seq,t1.pc,6,11,298,301
seq,t2.dl,12,52,299,302
seq,t2.pc,6,12,299,302
seq,t3.pc,6,0,300,303
seq,t0.dl,12,33,301,304
seq,t0.pc,6,4,301,304
seq,t1.pc,6,12,302,305
seq,t2.dl,12,51,303,306
seq,t2.pc,6,12,303,306
seq,t3.pc,6,0,304,307
seq,t0.dl,12,32,305,308
seq,t0.pc,6,4,305,308
seq,t1.acc,8,64,262,309
seq,t1.cnt,12,2,262,309
seq,t1.pc,6,5,306,309
seq,t2.dl,12,50,307,310
seq,t2.pc,6,12,307,310
seq,t3.pc,6,0,308,311
seq,t0.dl,12,31,309,312
seq,t0.pc,6,4,309,312
seq,t1.dl,12,0,294,297
seq,t1.pc,6,6,310,313
seq,t2.dl,12,49,311,314
seq,t2.pc,6,12,311,314
seq,t3.pc,6,0,312,315
seq,t0.dl,12,30,313,316
seq,t0.pc,6,4,313,316
seq,t1.dl,12,1,314,317
seq,t1.pc,6,7,314,317
seq,t2.dl,12,48,315,318
seq,t2.pc,6,12,315,318
seq,t3.pc,6,0,316,319
seq,t0.dl,12,29,317,320
seq,t0.pc,6,4,317,320
seq,t1.pc,6,7,318,321
seq,t2.dl,12,47,319,322
seq,t2.pc,6,12,319,322
seq,t3.pc,6,0,320,323
seq,t0.dl,12,28,321,324
seq,t0.pc,6,4,321,324
seq,t1.pc,6,8,322,325
seq,t2.dl,12,46,323,326
seq,t2.pc,6,12,323,326
seq,t3.pc,6,0,324,327
seq,t0.dl,12,27,325,328
seq,t0.pc,6,4,325,328
seq,t1.dl,12,0,318,321
seq,t1.pc,6,9,326,329
seq,t2.dl,12,45,327,330
seq,t2.pc,6,12,327,330
seq,t3.pc,6,0,328,331
seq,t0.dl,12,26,329,332
seq,t0.pc,6,4,329,332
seq,t1.dl,12,3,330,333
seq,t1.pc,6,10,330,333
seq,t2.dl,12,44,331,334
seq,t2.pc,6,12,331,334
seq,t3.pc,6,0,332,335
seq,t0.dl,12,25,333,336
seq,t0.pc,6,4,333,336
seq,t1.dl,12,2,334,337
seq,t1.pc,6,10,334,337
seq,t2.dl,12,43,335,338
seq,t2.pc,6,12,335,338
seq,t3.pc,6,0,336,339
seq,t0.dl,12,24,337,340
seq,t0.pc,6,4,337,340
seq,t1.dl,12,1,338,341
seq,t1.pc,6,10,338,341
seq,t2.dl,12,42,339,342
seq,t2.pc,6,12,339,342
seq,t3.pc,6,0,340,343
seq,t0.dl,12,23,341,344
seq,t0.pc,6,4,341,344
seq,t1.pc,6,10,342,345
seq,t2.dl,12,41,343,346
seq,t2.pc,6,12,343,346
seq,t3.pc,6,0,344,347
seq,t0.dl,12,22,345,348
seq,t0.pc,6,4,345,348
seq,t1.pc,6,11,346,349
seq,t2.dl,12,40,347,350
seq,t2.pc,6,12,347,350
seq,t3.pc,6,0,348,351
seq,t0.dl,12,21,349,352
seq,t0.pc,6,4,349,352
seq,t1.pc,6,12,350,353
seq,t2.dl,12,39,351,354
seq,t2.pc,6,12,351,354
seq,t3.pc,6,0,352,355
seq,t0.dl,12,20,353,356
seq,t0.pc,6,4,353,356
seq,t1.acc,8,128,310,357
seq,t1.cnt,12,1,310,357
seq,t1.pc,6,5,354,357
seq,t2.dl,12,38,355,358
seq,t2.pc,6,12,355,358
seq,t3.pc,6,0,356,359
seq,t0.dl,12,19,357,360
seq,t0.pc,6,4,357,360
seq,t1.dl,12,0,342,345
seq,t1.pc,6,6,358,361
seq,t2.dl,12,37,359,362
seq,t2.pc,6,12,359,362
seq,t3.pc,6,0,360,363
seq,t0.dl,12,18,361,364
seq,t0.pc,6,4,361,364
seq,t1.dl,12,1,362,365
seq,t1.pc,6,7,362,365
seq,t2.dl,12,36,363,366
seq,t2.pc,6,12,363,366
seq,t3.pc,6,0,364,367
seq,t0.dl,12,17,365,368
seq,t0.pc,6,4,365,368
seq,t1.pc,6,7,366,369
seq,t2.dl,12,35,367,370
seq,t2.pc,6,12,367,370
seq,t3.pc,6,0,368,371
seq,t0.dl,12,16,369,372
seq,t0.pc,6,4,369,372
seq,t1.pc,6,8,370,373
seq,t2.dl,12,34,371,374
seq,t2.pc,6,12,371,374
seq,t3.pc,6,0,372,375
seq,t0.dl,12,15,373,376
seq,t0.pc,6,4,373,376
seq,t1.dl,12,0,366,369
seq,t1.pc,6,9,374,377
seq,t2.dl,12,33,375,378
seq,t2.pc,6,12,375,378
seq,t3.pc,6,0,376,379
seq,t0.dl,12,14,377,380
seq,t0.pc,6,4,377,380
seq,t1.dl,12,3,378,381
seq,t1.pc,6,10,378,381
seq,t2.dl,12,32,379,382
seq,t2.pc,6,12,379,382
seq,t3.pc,6,0,380,383
seq,t0.dl,12,13,381,384
seq,t0.pc,6,4,381,384
seq,t1.dl,12,2,382,385
seq,t1.pc,6,10,382,385
seq,t2.dl,12,31,383,386
seq,t2.pc,6,12,383,386
seq,t3.pc,6,0,384,387
seq,t0.dl,12,12,385,388
seq,t0.pc,6,4,385,388
seq,t1.dl,12,1,386,389
seq,t1.pc,6,10,386,389
seq,t2.dl,12,30,387,390
seq,t2.pc,6,12,387,390
seq,t3.pc,6,0,388,391
seq,t0.dl,12,11,389,392
seq,t0.pc,6,4,389,392
seq,t1.pc,6,10,390,393
seq,t2.dl,12,29,391,394
seq,t2.pc,6,12,391,394
seq,t3.pc,6,0,392,395
seq,t0.dl,12,10,393,396
seq,t0.pc,6,4,393,396
seq,t1.pc,6,11,394,397
seq,t2.dl,12,28,395,398
seq,t2.pc,6,12,395,398
seq,t3.pc,6,0,396,399
seq,t0.dl,12,9,397,400
seq,t0.pc,6,4,397,400
seq,t1.pc,6,12,398,401
seq,t2.dl,12,27,399,402
seq,t2.pc,6,12,399,402
seq,t3.pc,6,0,400,403
seq,t0.dl,12,8,401,404
seq,t0.pc,6,4,401,404
seq,t1.pc,6,13,402,405
seq,t2.dl,12,26,403,406
seq,t2.pc,6,12,403,406
seq,t3.pc,6,0,404,407
seq,t0.dl,12,7,405,408
seq,t0.pc,6,4,405,408
seq,t1.acc,8,0,358,-1
seq,t1.pc,6,14,406,409
seq,t2.dl,12,25,407,410
seq,t2.pc,6,12,407,410
seq,t3.pc,6,0,408,411
seq,t0.dl,12,6,409,412
seq,t0.pc,6,4,409,412
seq,t1.pc,6,15,410,413
seq,t2.dl,12,24,411,414
seq,t2.pc,6,12,411,414
seq,t3.pc,6,0,412,415
seq,t0.dl,12,5,413,416
seq,t0.pc,6,4,413,416
seq,t1.cnt,12,0,358,401
seq,t1.pc,6,16,414,417
seq,t2.dl,12,23,415,418
seq,t2.pc,6,12,415,418
seq,t3.pc,6,0,416,419
seq,t0.dl,12,4,417,420
seq,t0.pc,6,4,417,420
seq,t1.acc,8,60,410,421
seq,t1.cnt,12,8,418,421
seq,t1.pc,6,17,418,421
seq,t2.dl,12,22,419,422
seq,t2.pc,6,12,419,422
seq,t3.pc,6,0,420,423
seq,t0.dl,12,3,421,424
seq,t0.pc,6,4,421,424
seq,t1.dl,12,0,390,393
seq,t1.pc,6,18,422,425
seq,t2.dl,12,21,423,426
seq,t2.pc,6,12,423,426
seq,t3.pc,6,0,424,427
seq,t0.dl,12,2,425,428
seq,t0.pc,6,4,425,428
seq,t1.dl,12,1,426,429
seq,t1.pc,6,19,426,429
seq,t2.dl,12,20,427,430
seq,t2.pc,6,12,427,430
seq,t3.pc,6,0,428,431
seq,t0.dl,12,1,429,432
seq,t0.pc,6,4,429,432
seq,t1.pc,6,19,430,433
seq,t2.dl,12,19,431,434
seq,t2.pc,6,12,431,434
seq,t3.pc,6,0,432,435
seq,t0.pc,6,4,433,436
seq,t1.pc,6,20,434,437
seq,t2.dl,12,18,435,438
seq,t2.pc,6,12,435,438
seq,t3.pc,6,0,436,439
seq,t0.cnt,12,0,0,-1
seq,t0.pc,6,5,437,440
seq,t1.dl,12,0,430,433
seq,t1.pc,6,21,438,441
seq,t2.dl,12,17,439,442
seq,t2.pc,6,12,439,442
seq,t3.pc,6,0,440,443
seq,t0.acc,8,79,5,444
seq,t0.cnt,12,8,441,444
seq,t0.pc,6,6,441,444
seq,t1.dl,12,3,442,445
seq,t1.pc,6,22,442,445
seq,t2.dl,12,16,443,446
seq,t2.pc,6,12,443,446
seq,t3.pc,6,0,444,447
seq,t0.dl,12,0,433,436
seq,t0.pc,6,7,445,448
seq,t1.dl,12,2,446,449
seq,t1.pc,6,22,446,449
seq,t2.dl,12,15,447,450
seq,t2.pc,6,12,447,450
seq,t3.pc,6,0,448,451
seq,t0.dl,12,105,449,452
seq,t0.pc,6,8,449,452
seq,t1.dl,12,1,450,453
seq,t1.pc,6,22,450,453
seq,t2.dl,12,14,451,454
seq,t2.pc,6,12,451,454
seq,t3.pc,6,0,452,455
seq,t0.dl,12,104,453,456
seq,t0.pc,6,8,453,456
seq,t1.pc,6,22,454,457
seq,t2.dl,12,13,455,458
seq,t2.pc,6,12,455,458
seq,t3.pc,6,0,456,459
seq,t0.dl,12,103,457,460
seq,t0.pc,6,8,457,460
seq,t1.pc,6,23,458,461
seq,t2.dl,12,12,459,462
seq,t2.pc,6,12,459,462
seq,t3.pc,6,0,460,463
seq,t0.dl,12,102,461,464
seq,t0.pc,6,8,461,464
seq,t1.pc,6,24,462,465
seq,t2.dl,12,11,463,466
seq,t2.pc,6,12,463,466
seq,t3.pc,6,0,464,467
seq,t0.dl,12,101,465,468
seq,t0.pc,6,8,465,468
seq,t1.acc,8,120,422,469
seq,t1.cnt,12,7,422,469
seq,t1.pc,6,17,466,469
seq,t2.dl,12,10,467,470
seq,t2.pc,6,12,467,470
seq,t3.pc,6,0,468,471
seq,t0.dl,12,100,469,472
seq,t0.pc,6,8,469,472
seq,t1.dl,12,0,454,457
seq,t1.pc,6,18,470,473
seq,t2.dl,12,9,471,474
seq,t2.pc,6,12,471,474
seq,t3.pc,6,0,472,475
seq,t0.dl,12,99,473,476
seq,t0.pc,6,8,473,476
seq,t1.dl,12,1,474,477
seq,t1.pc,6,19,474,477
seq,t2.dl,12,8,475,478
seq,t2.pc,6,12,475,478
seq,t3.pc,6,0,476,479
seq,t0.dl,12,98,477,480
seq,t0.pc,6,8,477,480
seq,t1.pc,6,19,478,481
seq,t2.dl,12,7,479,482
seq,t2.pc,6,12,479,482
seq,t3.pc,6,0,480,483
seq,t0.dl,12,97,481,484
seq,t0.pc,6,8,481,484
seq,t1.pc,6,20,482,485
seq,t2.dl,12,6,483,486
seq,t2.pc,6,12,483,486
seq,t3.pc,6,0,484,487
seq,t0.dl,12,96,485,488
seq,t0.pc,6,8,485,488
seq,t1.dl,12,0,478,481
seq,t1.pc,6,21,486,489
seq,t2.dl,12,5,487,490
seq,t2.pc,6,12,487,490
seq,t3.pc,6,0,488,491
seq,t0.dl,12,95,489,492
seq,t0.pc,6,8,489,492
seq,t1.dl,12,3,490,493
seq,t1.pc,6,22,490,493
seq,t2.dl,12,4,491,494
seq,t2.pc,6,12,491,494
seq,t3.pc,6,0,492,495
seq,t0.dl,12,94,493,496
seq,t0.pc,6,8,493,496
seq,t1.dl,12,2,494,497
seq,t1.pc,6,22,494,497
seq,t2.dl,12,3,495,498
seq,t2.pc,6,12,495,498
seq,t3.pc,6,0,496,499
seq,t0.dl,12,93,497,500
seq,t0.pc,6,8,497,500
seq,t1.dl,12,1,498,501
seq,t1.pc,6,22,498,501
seq,t2.dl,12,2,499,502
seq,t2.pc,6,12,499,502
seq,t3.pc,6,0,500,503
seq,t0.dl,12,92,501,504
seq,t0.pc,6,8,501,504
seq,t1.pc,6,22,502,505
seq,t2.dl,12,1,503,506
seq,t2.pc,6,12,503,506
seq,t3.pc,6,0,504,507
seq,t0.dl,12,91,505,508
seq,t0.pc,6,8,505,508
seq,t1.pc,6,23,506,509
seq,t2.pc,6,12,507,510
seq,t3.pc,6,0,508,511
seq,t0.dl,12,90,509,512
seq,t0.pc,6,8,509,512
seq,t1.pc,6,24,510,513
seq,t2.pc,6,13,511,514
seq,t3.pc,6,0,512,515
seq,t0.dl,12,89,513,516
seq,t0.pc,6,8,513,516
seq,t1.acc,8,240,470,517
seq,t1.cnt,12,6,470,517
seq,t1.pc,6,17,514,517
seq,t2.dl,12,0,507,510
seq,t2.pc,6,14,515,518
seq,t3.pc,6,0,516,519
seq,t0.dl,12,88,517,520
seq,t0.pc,6,8,517,520
seq,t1.dl,12,0,502,505
seq,t1.pc,6,18,518,521
seq,t2.dl,12,27,519,522
seq,t2.pc,6,15,519,522
seq,t3.pc,6,0,520,523
seq,t0.dl,12,87,521,524
seq,t0.pc,6,8,521,524
seq,t1.dl,12,1,522,525
seq,t1.pc,6,19,522,525
seq,t2.dl,12,26,523,526
seq,t2.pc,6,15,523,526
seq,t3.pc,6,0,524,527
seq,t0.dl,12,86,525,528
seq,t0.pc,6,8,525,528
seq,t1.pc,6,19,526,529
seq,t2.dl,12,25,527,530
seq,t2.pc,6,15,527,530
seq,t3.pc,6,0,528,531
seq,t0.dl,12,85,529,532
seq,t0.pc,6,8,529,532
seq,t1.pc,6,20,530,533
seq,t2.dl,12,24,531,534
seq,t2.pc,6,15,531,534
seq,t3.pc,6,0,532,535
seq,t0.dl,12,84,533,536
seq,t0.pc,6,8,533,536
seq,t1.dl,12,0,526,529
seq,t1.pc,6,21,534,537
seq,t2.dl,12,23,535,538
seq,t2.pc,6,15,535,538
seq,t3.pc,6,0,536,539
seq,t0.dl,12,83,537,540
seq,t0.pc,6,8,537,540
seq,t1.dl,12,3,538,541
seq,t1.pc,6,22,538,541
seq,t2.dl,12,22,539,542
seq,t2.pc,6,15,539,542
seq,t3.pc,6,0,540,543
seq,t0.dl,12,82,541,544
seq,t0.pc,6,8,541,544
seq,t1.dl,12,2,542,545
seq,t1.pc,6,22,542,545
seq,t2.dl,12,21,543,546
seq,t2.pc,6,15,543,546
seq,t3.pc,6,0,544,547
seq,t0.dl,12,81,545,548
seq,t0.pc,6,8,545,548
seq,t1.dl,12,1,546,549
seq,t1.pc,6,22,546,549
seq,t2.dl,12,20,547,550
seq,t2.pc,6,15,547,550
seq,t3.pc,6,0,548,551
seq,t0.dl,12,80,549,552
seq,t0.pc,6,8,549,552
seq,t1.pc,6,22,550,553
seq,t2.dl,12,19,551,554
seq,t2.pc,6,15,551,554
seq,t3.pc,6,0,552,555
seq,t0.dl,12,79,553,556
seq,t0.pc,6,8,553,556
seq,t1.pc,6,23,554,557
seq,t2.dl,12,18,555,558
seq,t2.pc,6,15,555,558
seq,t3.pc,6,0,556,559
seq,t0.dl,12,78,557,560
seq,t0.pc,6,8,557,560
seq,t1.pc,6,24,558,561
seq,t2.dl,12,17,559,562
seq,t2.pc,6,15,559,562
seq,t3.pc,6,0,560,563
seq,t0.dl,12,77,561,564
seq,t0.pc,6,8,561,564
seq,t1.acc,8,224,518,565
seq,t1.cnt,12,5,518,565
seq,t1.pc,6,17,562,565
seq,t2.dl,12,16,563,566
seq,t2.pc,6,15,563,566
seq,t3.pc,6,0,564,567
seq,t0.dl,12,76,565,568
seq,t0.pc,6,8,565,568
seq,t1.dl,12,0,550,553
seq,t1.pc,6,18,566,569
seq,t2.dl,12,15,567,570
seq,t2.pc,6,15,567,570
seq,t3.pc,6,0,568,571
seq,t0.dl,12,75,569,572
seq,t0.pc,6,8,569,572
seq,t1.dl,12,1,570,573
seq,t1.pc,6,19,570,573
seq,t2.dl,12,14,571,574
seq,t2.pc,6,15,571,574
seq,t3.pc,6,0,572,575
seq,t0.dl,12,74,573,576
seq,t0.pc,6,8,573,576
seq,t1.pc,6,19,574,577
seq,t2.dl,12,13,575,578
seq,t2.pc,6,15,575,578
seq,t3.pc,6,0,576,579
seq,t0.dl,12,73,577,580
seq,t0.pc,6,8,577,580
seq,t1.pc,6,20,578,581
seq,t2.dl,12,12,579,582
seq,t2.pc,6,15,579,582
seq,t3.pc,6,0,580,583
seq,t0.dl,12,72,581,584
seq,t0.pc,6,8,581,584
seq,t1.dl,12,0,574,577
seq,t1.pc,6,21,582,585
seq,t2.dl,12,11,583,586
seq,t2.pc,6,15,583,586
seq,t3.pc,6,0,584,587
seq,t0.dl,12,71,585,588
seq,t0.pc,6,8,585,588
seq,t1.dl,12,3,586,589
seq,t1.pc,6,22,586,589
seq,t2.dl,12,10,587,590
seq,t2.pc,6,15,587,590
seq,t3.pc,6,0,588,591
seq,t0.dl,12,70,589,592
seq,t0.pc,6,8,589,592
seq,t1.dl,12,2,590,593
seq,t1.pc,6,22,590,593
seq,t2.dl,12,9,591,594
seq,t2.pc,6,15,591,594
seq,t3.pc,6,0,592,595
seq,t0.dl,12,69,593,596
seq,t0.pc,6,8,593,596
seq,t1.dl,12,1,594,597
seq,t1.pc,6,22,594,597
seq,t2.dl,12,8,595,598
seq,t2.pc,6,15,595,598
seq,t3.pc,6,0,596,599
seq,t0.dl,12,68,597,600
seq,t0.pc,6,8,597,600
seq,t1.pc,6,22,598,601
seq,t2.dl,12,7,599,602
seq,t2.pc,6,15,599,602
seq,t3.pc,6,0,600,603
seq,t0.dl,12,67,601,604
seq,t0.pc,6,8,601,604
seq,t1.pc,6,23,602,605
seq,t2.dl,12,6,603,606
seq,t2.pc,6,15,603,606
seq,t3.pc,6,0,604,607
seq,t0.dl,12,66,605,608
seq,t0.pc,6,8,605,608
seq,t1.pc,6,24,606,609
seq,t2.dl,12,5,607,610
seq,t2.pc,6,15,607,610
seq,t3.pc,6,0,608,611
seq,t0.dl,12,65,609,612
seq,t0.pc,6,8,609,612
seq,t1.acc,8,192,566,613
seq,t1.cnt,12,4,566,613
seq,t1.pc,6,17,610,613
seq,t2.dl,12,4,611,614
seq,t2.pc,6,15,611,614
seq,t3.pc,6,0,612,615
seq,t0.dl,12,64,613,616
seq,t0.pc,6,8,613,616
seq,t1.dl,12,0,598,601
seq,t1.pc,6,18,614,617
seq,t2.dl,12,3,615,618
seq,t2.pc,6,15,615,618
seq,t3.pc,6,0,616,619
seq,t0.dl,12,63,617,620
seq,t0.pc,6,8,617,620
seq,t1.dl,12,1,618,621
seq,t1.pc,6,19,618,621
seq,t2.dl,12,2,619,622
seq,t2.pc,6,15,619,622
seq,t3.pc,6,0,620,623
seq,t0.dl,12,62,621,624
seq,t0.pc,6,8,621,624
seq,t1.pc,6,19,622,625
seq,t2.dl,12,1,623,626
seq,t2.pc,6,15,623,626
seq,t3.pc,6,0,624,627
seq,t0.dl,12,61,625,628
seq,t0.pc,6,8,625,628
seq,t1.pc,6,20,626,629
seq,t2.pc,6,15,627,630
seq,t3.pc,6,0,628,631
seq,t0.dl,12,60,629,632
seq,t0.pc,6,8,629,632
seq,t1.dl,12,0,622,625
seq,t1.pc,6,21,630,633
seq,t2.pc,6,16,631,634
seq,t3.pc,6,0,632,635
seq,t0.dl,12,59,633,636
seq,t0.pc,6,8,633,636
seq,t1.dl,12,3,634,637
seq,t1.pc,6,22,634,637
seq,t2.acc,8,64,143,638
seq,t2.cnt,12,7,143,638
seq,t2.pc,6,7,635,638
seq,t3.pc,6,0,636,639
seq,t0.dl,12,58,637,640
seq,t0.pc,6,8,637,640
seq,t1.dl,12,2,638,641
seq,t1.pc,6,22,638,641
seq,t2.dl,12,0,627,630
seq,t2.pc,6,8,639,642
seq,t3.pc,6,0,640,643
seq,t0.dl,12,57,641,644
seq,t0.pc,6,8,641,644
seq,t1.dl,12,1,642,645
seq,t1.pc,6,22,642,645
seq,t2.dl,12,28,643,646
seq,t2.pc,6,9,643,646
seq,t3.pc,6,0,644,647
seq,t0.dl,12,56,645,648
seq,t0.pc,6,8,645,648
seq,t1.pc,6,22,646,649
seq,t2.dl,12,27,647,650
seq,t2.pc,6,9,647,650
seq,t3.pc,6,0,648,651
seq,t0.dl,12,55,649,652
seq,t0.pc,6,8,649,652
seq,t1.pc,6,23,650,653
seq,t2.dl,12,26,651,654
seq,t2.pc,6,9,651,654
seq,t3.pc,6,0,652,655
seq,t0.dl,12,54,653,656
seq,t0.pc,6,8,653,656
seq,t1.pc,6,24,654,657
seq,t2.dl,12,25,655,658
seq,t2.pc,6,9,655,658
seq,t3.pc,6,0,656,659
seq,t0.dl,12,53,657,660
seq,t0.pc,6,8,657,660
seq,t1.acc,8,128,614,661
seq,t1.cnt,12,3,614,661
seq,t1.pc,6,17,658,661
seq,t2.dl,12,24,659,662
seq,t2.pc,6,9,659,662
seq,t3.pc,6,0,660,663
seq,t0.dl,12,52,661,664
seq,t0.pc,6,8,661,664
seq,t1.dl,12,0,646,649
seq,t1.pc,6,18,662,665
seq,t2.dl,12,23,663,666
seq,t2.pc,6,9,663,666
seq,t3.pc,6,0,664,667
seq,t0.dl,12,51,665,668
seq,t0.pc,6,8,665,668
seq,t1.dl,12,1,666,669
seq,t1.pc,6,19,666,669
seq,t2.dl,12,22,667,670
seq,t2.pc,6,9,667,670
seq,t3.pc,6,0,668,671
seq,t0.dl,12,50,669,672
seq,t0.pc,6,8,669,672
seq,t1.pc,6,19,670,673
seq,t2.dl,12,21,671,674
seq,t2.pc,6,9,671,674
seq,t3.pc,6,0,672,675
seq,t0.dl,12,49,673,676
seq,t0.pc,6,8,673,676
seq,t1.pc,6,20,674,677
seq,t2.dl,12,20,675,678
seq,t2.pc,6,9,675,678
seq,t3.pc,6,0,676,679
seq,t0.dl,12,48,677,680
seq,t0.pc,6,8,677,680
seq,t1.dl,12,0,670,673
seq,t1.pc,6,21,678,681
seq,t2.dl,12,19,679,682
seq,t2.pc,6,9,679,682
seq,t3.pc,6,0,680,683
seq,t0.dl,12,47,681,684
seq,t0.pc,6,8,681,684
seq,t1.dl,12,3,682,685
seq,t1.pc,6,22,682,685
seq,t2.dl,12,18,683,686
seq,t2.pc,6,9,683,686
seq,t3.pc,6,0,684,687
seq,t0.dl,12,46,685,688
seq,t0.pc,6,8,685,688
seq,t1.dl,12,2,686,689
seq,t1.pc,6,22,686,689
seq,t2.dl,12,17,687,690
seq,t2.pc,6,9,687,690
seq,t3.pc,6,0,688,691
seq,t0.dl,12,45,689,692
seq,t0.pc,6,8,689,692
seq,t1.dl,12,1,690,693
seq,t1.pc,6,22,690,693
seq,t2.dl,12,16,691,694
seq,t2.pc,6,9,691,694
seq,t3.pc,6,0,692,695
seq,t0.dl,12,44,693,696
seq,t0.pc,6,8,693,696
seq,t1.pc,6,22,694,697
seq,t2.dl,12,15,695,698
seq,t2.pc,6,9,695,698
seq,t3.pc,6,0,696,699
seq,t0.dl,12,43,697,700
seq,t0.pc,6,8,697,700
seq,t1.pc,6,23,698,701
seq,t2.dl,12,14,699,702
seq,t2.pc,6,9,699,702
seq,t3.pc,6,0,700,703
seq,t0.dl,12,42,701,704
seq,t0.pc,6,8,701,704
seq,t1.pc,6,24,702,705
seq,t2.dl,12,13,703,706
seq,t2.pc,6,9,703,706
seq,t3.pc,6,0,704,707
seq,t0.dl,12,41,705,708
seq,t0.pc,6,8,705,708
seq,t1.acc,8,0,662,709
seq,t1.cnt,12,2,662,709
seq,t1.pc,6,17,706,709
seq,t2.dl,12,12,707,710
seq,t2.pc,6,9,707,710
seq,t3.pc,6,0,708,711
seq,t0.dl,12,40,709,712
seq,t0.pc,6,8,709,712
seq,t1.dl,12,0,694,697
seq,t1.pc,6,18,710,713
seq,t2.dl,12,11,711,714
seq,t2.pc,6,9,711,714
seq,t3.pc,6,0,712,715
seq,t0.dl,12,39,713,716
seq,t0.pc,6,8,713,716
seq,t1.dl,12,1,714,717
seq,t1.pc,6,19,714,717
seq,t2.dl,12,10,715,718
seq,t2.pc,6,9,715,718
seq,t3.pc,6,0,716,719
seq,t0.dl,12,38,717,720
seq,t0.pc,6,8,717,720
seq,t1.pc,6,19,718,721
seq,t2.dl,12,9,719,722
seq,t2.pc,6,9,719,722
seq,t3.pc,6,0,720,723
seq,t0.dl,12,37,721,724
seq,t0.pc,6,8,721,724
seq,t1.pc,6,20,722,725
seq,t2.dl,12,8,723,726
seq,t2.pc,6,9,723,726
seq,t3.pc,6,0,724,727
seq,t0.dl,12,36,725,728
seq,t0.pc,6,8,725,728
seq,t1.dl,12,0,718,721
seq,t1.pc,6,21,726,729
seq,t2.dl,12,7,727,730
seq,t2.pc,6,9,727,730
seq,t3.pc,6,0,728,731
seq,t0.dl,12,35,729,732
seq,t0.pc,6,8,729,732
seq,t1.dl,12,3,730,733
seq,t1.pc,6,22,730,733
seq,t2.dl,12,6,731,734
seq,t2.pc,6,9,731,734
seq,t3.pc,6,0,732,735
seq,t0.dl,12,34,733,736
seq,t0.pc,6,8,733,736
seq,t1.dl,12,2,734,737
seq,t1.pc,6,22,734,737
seq,t2.dl,12,5,735,738
seq,t2.pc,6,9,735,738
seq,t3.pc,6,0,736,739
seq,t0.dl,12,33,737,740
seq,t0.pc,6,8,737,740
seq,t1.dl,12,1,738,741
seq,t1.pc,6,22,738,741
seq,t2.dl,12,4,739,742
seq,t2.pc,6,9,739,742
seq,t3.pc,6,0,740,743
seq,t0.dl,12,32,741,744
seq,t0.pc,6,8,741,744
seq,t1.pc,6,22,742,745
seq,t2.dl,12,3,743,746
seq,t2.pc,6,9,743,746
seq,t3.pc,6,0,744,747
seq,t0.dl,12,31,745,748
seq,t0.pc,6,8,745,748
seq,t1.pc,6,23,746,749
seq,t2.dl,12,2,747,750
seq,t2.pc,6,9,747,750
seq,t3.pc,6,0,748,751
seq,t0.dl,12,30,749,752
seq,t0.pc,6,8,749,752
seq,t1.pc,6,24,750,753
seq,t2.dl,12,1,751,754
seq,t2.pc,6,9,751,754
seq,t3.pc,6,0,752,755
seq,t0.dl,12,29,753,756
seq,t0.pc,6,8,753,756
seq,t1.acc,8,0,710,757
seq,t1.cnt,12,1,710,757
seq,t1.pc,6,17,754,757
seq,t2.pc,6,9,755,758
seq,t3.pc,6,0,756,759
seq,t0.dl,12,28,757,760
seq,t0.pc,6,8,757,760
seq,t1.dl,12,0,742,745
seq,t1.pc,6,18,758,761
seq,t2.pc,6,10,759,762
seq,t3.pc,6,0,760,763
seq,t0.dl,12,27,761,764
seq,t0.pc,6,8,761,764
seq,t1.dl,12,1,762,765
seq,t1.pc,6,19,762,765
seq,t2.dl,12,0,755,758
seq,t2.pc,6,11,763,766
seq,t3.pc,6,0,764,767
seq,t0.dl,12,26,765,768
seq,t0.pc,6,8,765,768
seq,t1.pc,6,19,766,769
seq,t2.dl,12,59,767,770
seq,t2.pc,6,12,767,770
seq,t3.pc,6,0,768,771
seq,t0.dl,12,25,769,772
seq,t0.pc,6,8,769,772
seq,t1.pc,6,20,770,773
seq,t2.dl,12,58,771,774
seq,t2.pc,6,12,771,774
seq,t3.pc,6,0,772,775
seq,t0.dl,12,24,773,776
seq,t0.pc,6,8,773,776
seq,t1.dl,12,0,766,769
seq,t1.pc,6,21,774,777
seq,t2.dl,12,57,775,778
seq,t2.pc,6,12,775,778
seq,t3.pc,6,0,776,779
seq,t0.dl,12,23,777,780
seq,t0.pc,6,8,777,780
seq,t1.dl,12,3,778,781
seq,t1.pc,6,22,778,781
seq,t2.dl,12,56,779,782
seq,t2.pc,6,12,779,782
seq,t3.pc,6,0,780,783
seq,t0.dl,12,22,781,784
seq,t0.pc,6,8,781,784
seq,t1.dl,12,2,782,785
seq,t1.pc,6,22,782,785
seq,t2.dl,12,55,783,786
seq,t2.pc,6,12,783,786
seq,t3.pc,6,0,784,787
seq,t0.dl,12,21,785,788
seq,t0.pc,6,8,785,788
seq,t1.dl,12,1,786,789
seq,t1.pc,6,22,786,789
seq,t2.dl,12,54,787,790
seq,t2.pc,6,12,787,790
seq,t3.pc,6,0,788,791
seq,t0.dl,12,20,789,792
seq,t0.pc,6,8,789,792
seq,t1.pc,6,22,790,793
seq,t2.dl,12,53,791,794
seq,t2.pc,6,12,791,794
seq,t3.pc,6,0,792,795
seq,t0.dl,12,19,793,796
seq,t0.pc,6,8,793,796
seq,t1.pc,6,23,794,797
seq,t2.dl,12,52,795,798
seq,t2.pc,6,12,795,798
seq,t3.pc,6,0,796,799
seq,t0.dl,12,18,797,800
seq,t0.pc,6,8,797,800
seq,t1.pc,6,24,798,801
seq,t2.dl,12,51,799,802
seq,t2.pc,6,12,799,802
seq,t3.pc,6,0,800,803
seq,t0.dl,12,17,801,804
seq,t0.pc,6,8,801,804
seq,t1.pc,6,25,802,805
seq,t2.dl,12,50,803,806
seq,t2.pc,6,12,803,806
seq,t3.pc,6,0,804,807
seq,t0.dl,12,16,805,808
seq,t0.pc,6,8,805,808
seq,t1.acc,8,0,758,-1
seq,t1.pc,6,26,806,809
seq,t2.dl,12,49,807,810
seq,t2.pc,6,12,807,810
seq,t3.pc,6,0,808,811
seq,t0.dl,12,15,809,812
seq,t0.pc,6,8,809,812
seq,t1.pc,6,27,810,813
seq,t2.dl,12,48,811,814
seq,t2.pc,6,12,811,814
seq,t3.pc,6,0,812,815
seq,t0.dl,12,14,813,816
seq,t0.pc,6,8,813,816
seq,t1.cnt,12,0,758,801
seq,t1.pc,6,28,814,817
seq,t2.dl,12,47,815,818
seq,t2.pc,6,12,815,818
seq,t3.pc,6,0,816,819
seq,t0.dl,12,13,817,820
seq,t0.pc,6,8,817,820
seq,t1.acc,8,0,810,821
seq,t1.cnt,12,8,818,821
seq,t1.pc,6,29,818,821
seq,t2.dl,12,46,819,822
seq,t2.pc,6,12,819,822
seq,t3.pc,6,0,820,823
seq,t0.dl,12,12,821,824
seq,t0.pc,6,8,821,824
seq,t1.dl,12,0,790,793
seq,t1.pc,6,30,822,825
seq,t2.dl,12,45,823,826
seq,t2.pc,6,12,823,826
seq,t3.pc,6,0,824,827
seq,t0.dl,12,11,825,828
seq,t0.pc,6,8,825,828
seq,t1.dl,12,1,826,829
seq,t1.pc,6,31,826,829
seq,t2.dl,12,44,827,830
seq,t2.pc,6,12,827,830
seq,t3.pc,6,0,828,831
seq,t0.dl,12,10,829,832
seq,t0.pc,6,8,829,832
seq,t1.pc,6,31,830,833
seq,t2.dl,12,43,831,834
seq,t2.pc,6,12,831,834
seq,t3.pc,6,0,832,835
seq,t0.dl,12,9,833,836
seq,t0.pc,6,8,833,836
seq,t1.pc,6,32,834,837
seq,t2.dl,12,42,835,838
seq,t2.pc,6,12,835,838
seq,t3.pc,6,0,836,839
seq,t0.dl,12,8,837,840
seq,t0.pc,6,8,837,840
seq,t1.dl,12,0,830,833
seq,t1.pc,6,33,838,841
seq,t2.dl,12,41,839,842
seq,t2.pc,6,12,839,842
seq,t3.pc,6,0,840,843
seq,t0.dl,12,7,841,844
seq,t0.pc,6,8,841,844
seq,t1.dl,12,3,842,845
seq,t1.pc,6,34,842,845
seq,t2.dl,12,40,843,846
seq,t2.pc,6,12,843,846
seq,t3.pc,6,0,844,847
seq,t0.dl,12,6,845,848
seq,t0.pc,6,8,845,848
seq,t1.dl,12,2,846,849
seq,t1.pc,6,34,846,849
seq,t2.dl,12,39,847,850
seq,t2.pc,6,12,847,850
seq,t3.pc,6,0,848,851
seq,t0.dl,12,5,849,852
seq,t0.pc,6,8,849,852
seq,t1.dl,12,1,850,853
seq,t1.pc,6,34,850,853
seq,t2.dl,12,38,851,854
seq,t2.pc,6,12,851,854
seq,t3.pc,6,0,852,855
seq,t0.dl,12,4,853,856
seq,t0.pc,6,8,853,856
seq,t1.pc,6,34,854,857
seq,t2.dl,12,37,855,858
seq,t2.pc,6,12,855,858
seq,t3.pc,6,0,856,859
seq,t0.dl,12,3,857,860
seq,t0.pc,6,8,857,860
seq,t1.pc,6,35,858,861
seq,t2.dl,12,36,859,862
seq,t2.pc,6,12,859,862
seq,t3.pc,6,0,860,863
seq,t0.dl,12,2,861,864
seq,t0.pc,6,8,861,864
seq,t1.pc,6,36,862,865
seq,t2.dl,12,35,863,866
seq,t2.pc,6,12,863,866
seq,t3.pc,6,0,864,867
seq,t0.dl,12,1,865,868
seq,t0.pc,6,8,865,868
seq,t1.acc,8,0,822,869
seq,t1.cnt,12,7,822,869
seq,t1.pc,6,29,866,869
seq,t2.dl,12,34,867,870
seq,t2.pc,6,12,867,870
seq,t3.pc,6,0,868,871
seq,t0.pc,6,8,869,872
seq,t1.dl,12,0,854,857
seq,t1.pc,6,30,870,873
seq,t2.dl,12,33,871,874
seq,t2.pc,6,12,871,874
seq,t3.pc,6,0,872,875
seq,t0.pc,6,9,873,876
seq,t1.dl,12,1,874,877
seq,t1.pc,6,31,874,877
seq,t2.dl,12,32,875,878
seq,t2.pc,6,12,875,878
seq,t3.pc,6,0,876,879
seq,t0.acc,8,39,445,880
seq,t0.cnt,12,7,445,880
seq,t0.pc,6,6,877,880
seq,t1.pc,6,31,878,881
seq,t2.dl,12,31,879,882
seq,t2.pc,6,12,879,882
seq,t3.pc,6,0,880,883
seq,t0.dl,12,0,869,872
seq,t0.pc,6,7,881,884
seq,t1.pc,6,32,882,885
seq,t2.dl,12,30,883,886
seq,t2.pc,6,12,883,886
seq,t3.pc,6,0,884,887
seq,t0.dl,12,105,885,888
seq,t0.pc,6,8,885,888
seq,t1.dl,12,0,878,881
seq,t1.pc,6,33,886,889
seq,t2.dl,12,29,887,890
seq,t2.pc,6,12,887,890
seq,t3.pc,6,0,888,891
seq,t0.dl,12,104,889,892
seq,t0.pc,6,8,889,892
seq,t1.dl,12,3,890,893
seq,t1.pc,6,34,890,893
seq,t2.dl,12,28,891,894
seq,t2.pc,6,12,891,894
seq,t3.pc,6,0,892,895
seq,t0.dl,12,103,893,896
seq,t0.pc,6,8,893,896
seq,t1.dl,12,2,894,897
seq,t1.pc,6,34,894,897
seq,t2.dl,12,27,895,898
seq,t2.pc,6,12,895,898
seq,t3.pc,6,0,896,899
seq,t0.dl,12,102,897,900
seq,t0.pc,6,8,897,900
seq,t1.dl,12,1,898,901
seq,t1.pc,6,34,898,901
seq,t2.dl,12,26,899,902
seq,t2.pc,6,12,899,902
seq,t3.pc,6,0,900,903
seq,t0.dl,12,101,901,904
seq,t0.pc,6,8,901,904
seq,t1.pc,6,34,902,905
seq,t2.dl,12,25,903,906
seq,t2.pc,6,12,903,906
seq,t3.pc,6,0,904,907
seq,t0.dl,12,100,905,908
seq,t0.pc,6,8,905,908
seq,t1.pc,6,35,906,909
seq,t2.dl,12,24,907,910
seq,t2.pc,6,12,907,910
seq,t3.pc,6,0,908,911
seq,t0.dl,12,99,909,912
seq,t0.pc,6,8,909,912
seq,t1.pc,6,36,910,913
seq,t2.dl,12,23,911,914
seq,t2.pc,6,12,911,914
seq,t3.pc,6,0,912,915
seq,t0.dl,12,98,913,916
seq,t0.pc,6,8,913,916
seq,t1.acc,8,0,870,917
seq,t1.cnt,12,6,870,917
seq,t1.pc,6,29,914,917
seq,t2.dl,12,22,915,918
seq,t2.pc,6,12,915,918
seq,t3.pc,6,0,916,919
seq,t0.dl,12,97,917,920
seq,t0.pc,6,8,917,920
seq,t1.dl,12,0,902,905
seq,t1.pc,6,30,918,921
seq,t2.dl,12,21,919,922
seq,t2.pc,6,12,919,922
seq,t3.pc,6,0,920,923
seq,t0.dl,12,96,921,924
seq,t0.pc,6,8,921,924
seq,t1.dl,12,1,922,925
seq,t1.pc,6,31,922,925
seq,t2.dl,12,20,923,926
seq,t2.pc,6,12,923,926
seq,t3.pc,6,0,924,927
seq,t0.dl,12,95,925,928
seq,t0.pc,6,8,925,928
seq,t1.pc,6,31,926,929
seq,t2.dl,12,19,927,930
seq,t2.pc,6,12,927,930
seq,t3.pc,6,0,928,931
seq,t0.dl,12,94,929,932
seq,t0.pc,6,8,929,932
seq,t1.pc,6,32,930,933
seq,t2.dl,12,18,931,934
seq,t2.pc,6,12,931,934
seq,t3.pc,6,0,932,935
seq,t0.dl,12,93,933,936
seq,t0.pc,6,8,933,936
seq,t1.dl,12,0,926,929
seq,t1.pc,6,33,934,937
seq,t2.dl,12,17,935,938
seq,t2.pc,6,12,935,938
seq,t3.pc,6,0,936,939
seq,t0.dl,12,92,937,940
seq,t0.pc,6,8,937,940
seq,t1.dl,12,3,938,941
seq,t1.pc,6,34,938,941
seq,t2.dl,12,16,939,942
seq,t2.pc,6,12,939,942
seq,t3.pc,6,0,940,943
seq,t0.dl,12,91,941,944
seq,t0.pc,6,8,941,944
seq,t1.dl,12,2,942,945
seq,t1.pc,6,34,942,945
seq,t2.dl,12,15,943,946
seq,t2.pc,6,12,943,946
seq,t3.pc,6,0,944,947
seq,t0.dl,12,90,945,948
seq,t0.pc,6,8,945,948
seq,t1.dl,12,1,946,949
seq,t1.pc,6,34,946,949
seq,t2.dl,12,14,947,950
seq,t2.pc,6,12,947,950
seq,t3.pc,6,0,948,951
seq,t0.dl,12,89,949,952
seq,t0.pc,6,8,949,952
seq,t1.pc,6,34,950,953
seq,t2.dl,12,13,951,954
seq,t2.pc,6,12,951,954
seq,t3.pc,6,0,952,955
seq,t0.dl,12,88,953,956
seq,t0.pc,6,8,953,956
seq,t1.pc,6,35,954,957
seq,t2.dl,12,12,955,958
seq,t2.pc,6,12,955,958
seq,t3.pc,6,0,956,959
seq,t0.dl,12,87,957,960
seq,t0.pc,6,8,957,960
seq,t1.pc,6,36,958,961
seq,t2.dl,12,11,959,962
seq,t2.pc,6,12,959,962
seq,t3.pc,6,0,960,963
seq,t0.dl,12,86,961,964
seq,t0.pc,6,8,961,964
seq,t1.acc,8,0,918,965
seq,t1.cnt,12,5,918,965
seq,t1.pc,6,29,962,965
seq,t2.dl,12,10,963,966
seq,t2.pc,6,12,963,966
seq,t3.pc,6,0,964,967
seq,t0.dl,12,85,965,968
seq,t0.pc,6,8,965,968
seq,t1.dl,12,0,950,953
seq,t1.pc,6,30,966,969
seq,t2.dl,12,9,967,970
seq,t2.pc,6,12,967,970
seq,t3.pc,6,0,968,971
seq,t0.dl,12,84,969,972
seq,t0.pc,6,8,969,972
seq,t1.dl,12,1,970,973
seq,t1.pc,6,31,970,973
seq,t2.dl,12,8,971,974
seq,t2.pc,6,12,971,974
seq,t3.pc,6,0,972,975
seq,t0.dl,12,83,973,976
seq,t0.pc,6,8,973,976
seq,t1.pc,6,31,974,977
seq,t2.dl,12,7,975,978
seq,t2.pc,6,12,975,978
seq,t3.pc,6,0,976,979
seq,t0.dl,12,82,977,980
seq,t0.pc,6,8,977,980
seq,t1.pc,6,32,978,981
seq,t2.dl,12,6,979,982
seq,t2.pc,6,12,979,982
seq,t3.pc,6,0,980,983
seq,t0.dl,12,81,981,984
seq,t0.pc,6,8,981,984
seq,t1.dl,12,0,974,977
seq,t1.pc,6,33,982,985
seq,t2.dl,12,5,983,986
seq,t2.pc,6,12,983,986
seq,t3.pc,6,0,984,987
seq,t0.dl,12,80,985,988
seq,t0.pc,6,8,985,988
seq,t1.dl,12,3,986,989
seq,t1.pc,6,34,986,989
seq,t2.dl,12,4,987,990
seq,t2.pc,6,12,987,990
seq,t3.pc,6,0,988,991
seq,t0.dl,12,79,989,992
seq,t0.pc,6,8,989,992
seq,t1.dl,12,2,990,993
seq,t1.pc,6,34,990,993
seq,t2.dl,12,3,991,994
seq,t2.pc,6,12,991,994
seq,t3.pc,6,0,992,995
seq,t0.dl,12,78,993,996
seq,t0.pc,6,8,993,996
seq,t1.dl,12,1,994,997
seq,t1.pc,6,34,994,997
seq,t2.dl,12,2,995,998
seq,t2.pc,6,12,995,998
seq,t3.pc,6,0,996,999
seq,t0.dl,12,77,997,1000
seq,t0.pc,6,8,997,1000
seq,t1.pc,6,34,998,1001
seq,t2.dl,12,1,999,1002
seq,t2.pc,6,12,999,1002
seq,t3.pc,6,0,1000,1003
seq,t0.dl,12,76,1001,1004
seq,t0.pc,6,8,1001,1004
seq,t1.pc,6,35,1002,1005
seq,t2.pc,6,12,1003,1006
seq,t3.pc,6,0,1004,1007
seq,t0.dl,12,75,1005,1008
seq,t0.pc,6,8,1005,1008
seq,t1.pc,6,36,1006,1009
seq,t2.pc,6,13,1007,1010
seq,t3.pc,6,0,1008,1011
seq,t0.dl,12,74,1009,1012
seq,t0.pc,6,8,1009,1012
seq,t1.acc,8,0,966,1013
seq,t1.cnt,12,4,966,1013
seq,t1.pc,6,29,1010,1013
seq,t2.dl,12,0,1003,1006
seq,t2.pc,6,14,1011,1014
seq,t3.pc,6,0,1012,1015
seq,t0.dl,12,73,1013,1016
seq,t0.pc,6,8,1013,1016
seq,t1.dl,12,0,998,1001
seq,t1.pc,6,30,1014,1017
seq,t2.dl,12,27,1015,1018
seq,t2.pc,6,15,1015,1018
seq,t3.pc,6,0,1016,1019
seq,t0.dl,12,72,1017,1020
seq,t0.pc,6,8,1017,1020
seq,t1.dl,12,1,1018,1021
seq,t1.pc,6,31,1018,1021
seq,t2.dl,12,26,1019,1022
seq,t2.pc,6,15,1019,1022
seq,t3.pc,6,0,1020,1023
seq,t0.dl,12,71,1021,1024
seq,t0.pc,6,8,1021,1024
seq,t1.pc,6,31,1022,1025
seq,t2.dl,12,25,1023,1026
seq,t2.pc,6,15,1023,1026
seq,t3.pc,6,0,1024,1027
seq,t0.dl,12,70,1025,1028
seq,t0.pc,6,8,1025,1028
seq,t1.pc,6,32,1026,1029
seq,t2.dl,12,24,1027,1030
seq,t2.pc,6,15,1027,1030
seq,t3.pc,6,0,1028,1031
seq,t0.dl,12,69,1029,1032
seq,t0.pc,6,8,1029,1032
seq,t1.dl,12,0,1022,1025
seq,t1.pc,6,33,1030,1033
seq,t2.dl,12,23,1031,1034
seq,t2.pc,6,15,1031,1034
seq,t3.pc,6,0,1032,1035
seq,t0.dl,12,68,1033,1036
seq,t0.pc,6,8,1033,1036
seq,t1.dl,12,3,1034,1037
seq,t1.pc,6,34,1034,1037
seq,t2.dl,12,22,1035,1038
seq,t2.pc,6,15,1035,1038
seq,t3.pc,6,0,1036,1039
seq,t0.dl,12,67,1037,1040
seq,t0.pc,6,8,1037,1040
seq,t1.dl,12,2,1038,1041
seq,t1.pc,6,34,1038,1041
seq,t2.dl,12,21,1039,1042
seq,t2.pc,6,15,1039,1042
seq,t3.pc,6,0,1040,1043
seq,t0.dl,12,66,1041,1044
seq,t0.pc,6,8,1041,1044
seq,t1.dl,12,1,1042,1045
seq,t1.pc,6,34,1042,1045
seq,t2.dl,12,20,1043,1046
seq,t2.pc,6,15,1043,1046
seq,t3.pc,6,0,1044,1047
seq,t0.dl,12,65,1045,1048
seq,t0.pc,6,8,1045,1048
seq,t1.pc,6,34,1046,1049
seq,t2.dl,12,19,1047,1050
seq,t2.pc,6,15,1047,1050
seq,t3.pc,6,0,1048,1051
seq,t0.dl,12,64,1049,1052
seq,t0.pc,6,8,1049,1052
seq,t1.pc,6,35,1050,1053
seq,t2.dl,12,18,1051,1054
seq,t2.pc,6,15,1051,1054
seq,t3.pc,6,0,1052,1055
seq,t0.dl,12,63,1053,1056
seq,t0.pc,6,8,1053,1056
seq,t1.pc,6,36,1054,1057
seq,t2.dl,12,17,1055,1058
seq,t2.pc,6,15,1055,1058
seq,t3.pc,6,0,1056,1059
seq,t0.dl,12,62,1057,1060
seq,t0.pc,6,8,1057,1060
seq,t1.acc,8,0,1014,1061
seq,t1.cnt,12,3,1014,1061
seq,t1.pc,6,29,1058,1061
seq,t2.dl,12,16,1059,1062
seq,t2.pc,6,15,1059,1062
seq,t3.pc,6,0,1060,1063
seq,t0.dl,12,61,1061,1064
seq,t0.pc,6,8,1061,1064
seq,t1.dl,12,0,1046,1049
seq,t1.pc,6,30,1062,1065
seq,t2.dl,12,15,1063,1066
seq,t2.pc,6,15,1063,1066
seq,t3.pc,6,0,1064,1067
seq,t0.dl,12,60,1065,1068
seq,t0.pc,6,8,1065,1068
seq,t1.dl,12,1,1066,1069
seq,t1.pc,6,31,1066,1069
seq,t2.dl,12,14,1067,1070
seq,t2.pc,6,15,1067,1070
seq,t3.pc,6,0,1068,1071
seq,t0.dl,12,59,1069,1072
seq,t0.pc,6,8,1069,1072
seq,t1.pc,6,31,1070,1073
seq,t2.dl,12,13,1071,1074
seq,t2.pc,6,15,1071,1074
seq,t3.pc,6,0,1072,1075
seq,t0.dl,12,58,1073,1076
seq,t0.pc,6,8,1073,1076
seq,t1.pc,6,32,1074,1077
seq,t2.dl,12,12,1075,1078
seq,t2.pc,6,15,1075,1078
seq,t3.pc,6,0,1076,1079
seq,t0.dl,12,57,1077,1080
seq,t0.pc,6,8,1077,1080
seq,t1.dl,12,0,1070,1073
seq,t1.pc,6,33,1078,1081
seq,t2.dl,12,11,1079,1082
seq,t2.pc,6,15,1079,1082
seq,t3.pc,6,0,1080,1083
seq,t0.dl,12,56,1081,1084
seq,t0.pc,6,8,1081,1084
seq,t1.dl,12,3,1082,1085
seq,t1.pc,6,34,1082,1085
seq,t2.dl,12,10,1083,1086
seq,t2.pc,6,15,1083,1086
seq,t3.pc,6,0,1084,1087
seq,t0.dl,12,55,1085,1088
seq,t0.pc,6,8,1085,1088
seq,t1.dl,12,2,1086,1089
seq,t1.pc,6,34,1086,1089
seq,t2.dl,12,9,1087,1090
seq,t2.pc,6,15,1087,1090
seq,t3.pc,6,0,1088,1091
seq,t0.dl,12,54,1089,1092
seq,t0.pc,6,8,1089,1092
seq,t1.dl,12,1,1090,1093
seq,t1.pc,6,34,1090,1093
seq,t2.dl,12,8,1091,1094
seq,t2.pc,6,15,1091,1094
seq,t3.pc,6,0,1092,1095
seq,t0.dl,12,53,1093,1096
seq,t0.pc,6,8,1093,1096
seq,t1.pc,6,34,1094,1097
seq,t2.dl,12,7,1095,1098
seq,t2.pc,6,15,1095,1098
seq,t3.pc,6,0,1096,1099
seq,t0.dl,12,52,1097,1100
seq,t0.pc,6,8,1097,1100
seq,t1.pc,6,35,1098,1101
seq,t2.dl,12,6,1099,1102
seq,t2.pc,6,15,1099,1102
seq,t3.pc,6,0,1100,1103
seq,t0.dl,12,51,1101,1104
seq,t0.pc,6,8,1101,1104
seq,t1.pc,6,36,1102,1105
seq,t2.dl,12,5,1103,1106
seq,t2.pc,6,15,1103,1106
seq,t3.pc,6,0,1104,1107
seq,t0.dl,12,50,1105,1108
seq,t0.pc,6,8,1105,1108
seq,t1.acc,8,0,1062,1109
seq,t1.cnt,12,2,1062,1109
seq,t1.pc,6,29,1106,1109
seq,t2.dl,12,4,1107,1110
seq,t2.pc,6,15,1107,1110
seq,t3.pc,6,0,1108,1111
seq,t0.dl,12,49,1109,1112
seq,t0.pc,6,8,1109,1112
seq,t1.dl,12,0,1094,1097
seq,t1.pc,6,30,1110,1113
seq,t2.dl,12,3,1111,1114
seq,t2.pc,6,15,1111,1114
seq,t3.pc,6,0,1112,1115
seq,t0.dl,12,48,1113,1116
seq,t0.pc,6,8,1113,1116
seq,t1.dl,12,1,1114,1117
seq,t1.pc,6,31,1114,1117
seq,t2.dl,12,2,1115,1118
seq,t2.pc,6,15,1115,1118
seq,t3.pc,6,0,1116,1119
seq,t0.dl,12,47,1117,1120
seq,t0.pc,6,8,1117,1120
seq,t1.pc,6,31,1118,1121
seq,t2.dl,12,1,1119,1122
seq,t2.pc,6,15,1119,1122
seq,t3.pc,6,0,1120,1123
seq,t0.dl,12,46,1121,1124
seq,t0.pc,6,8,1121,1124
seq,t1.pc,6,32,1122,1125
seq,t2.pc,6,15,1123,1126
seq,t3.pc,6,0,1124,1127
seq,t0.dl,12,45,1125,1128
seq,t0.pc,6,8,1125,1128
seq,t1.dl,12,0,1118,1121
seq,t1.pc,6,33,1126,1129
seq,t2.pc,6,16,1127,1130
seq,t3.pc,6,0,1128,1131
seq,t0.dl,12,44,1129,1132
seq,t0.pc,6,8,1129,1132
seq,t1.dl,12,3,1130,1133
seq,t1.pc,6,34,1130,1133
seq,t2.acc,8,128,639,1134
seq,t2.cnt,12,6,639,1134
seq,t2.pc,6,7,1131,1134
seq,t3.pc,6,0,1132,1135
seq,t0.dl,12,43,1133,1136
seq,t0.pc,6,8,1133,1136
seq,t1.dl,12,2,1134,1137
seq,t1.pc,6,34,1134,1137
seq,t2.dl,12,0,1123,1126
seq,t2.pc,6,8,1135,1138
seq,t3.pc,6,0,1136,1139
seq,t0.dl,12,42,1137,1140
seq,t0.pc,6,8,1137,1140
seq,t1.dl,12,1,1138,1141
seq,t1.pc,6,34,1138,1141
seq,t2.dl,12,28,1139,1142
seq,t2.pc,6,9,1139,1142
seq,t3.pc,6,0,1140,1143
seq,t0.dl,12,41,1141,1144
seq,t0.pc,6,8,1141,1144
seq,t1.pc,6,34,1142,1145
seq,t2.dl,12,27,1143,1146
seq,t2.pc,6,9,1143,1146
seq,t3.pc,6,0,1144,1147
seq,t0.dl,12,40,1145,1148
seq,t0.pc,6,8,1145,1148
seq,t1.pc,6,35,1146,1149
seq,t2.dl,12,26,1147,1150
seq,t2.pc,6,9,1147,1150
seq,t3.pc,6,0,1148,1151
seq,t0.dl,12,39,1149,1152
seq,t0.pc,6,8,1149,1152
seq,t1.pc,6,36,1150,1153
seq,t2.dl,12,25,1151,1154
seq,t2.pc,6,9,1151,1154
seq,t3.pc,6,0,1152,1155
seq,t0.dl,12,38,1153,1156
seq,t0.pc,6,8,1153,1156
seq,t1.acc,8,0,1110,1157
seq,t1.cnt,12,1,1110,1157
seq,t1.pc,6,29,1154,1157
seq,t2.dl,12,24,1155,1158
seq,t2.pc,6,9,1155,1158
seq,t3.pc,6,0,1156,1159
seq,t0.dl,12,37,1157,1160
seq,t0.pc,6,8,1157,1160
seq,t1.dl,12,0,1142,1145
seq,t1.pc,6,30,1158,1161
seq,t2.dl,12,23,1159,1162
seq,t2.pc,6,9,1159,1162
seq,t3.pc,6,0,1160,1163
seq,t0.dl,12,36,1161,1164
seq,t0.pc,6,8,1161,1164
seq,t1.dl,12,1,1162,1165
seq,t1.pc,6,31,1162,1165
seq,t2.dl,12,22,1163,1166
seq,t2.pc,6,9,1163,1166
seq,t3.pc,6,0,1164,1167
seq,t0.dl,12,35,1165,1168
seq,t0.pc,6,8,1165,1168
seq,t1.pc,6,31,1166,1169
seq,t2.dl,12,21,1167,1170
seq,t2.pc,6,9,1167,1170
seq,t3.pc,6,0,1168,1171
seq,t0.dl,12,34,1169,1172
seq,t0.pc,6,8,1169,1172
seq,t1.pc,6,32,1170,1173
seq,t2.dl,12,20,1171,1174
seq,t2.pc,6,9,1171,1174
seq,t3.pc,6,0,1172,1175
seq,t0.dl,12,33,1173,1176
seq,t0.pc,6,8,1173,1176
seq,t1.dl,12,0,1166,1169
seq,t1.pc,6,33,1174,1177
seq,t2.dl,12,19,1175,1178
seq,t2.pc,6,9,1175,1178
seq,t3.pc,6,0,1176,1179
seq,t0.dl,12,32,1177,1180
seq,t0.pc,6,8,1177,1180
seq,t1.dl,12,3,1178,1181
seq,t1.pc,6,34,1178,1181
seq,t2.dl,12,18,1179,1182
seq,t2.pc,6,9,1179,1182
seq,t3.pc,6,0,1180,1183
seq,t0.dl,12,31,1181,1184
seq,t0.pc,6,8,1181,1184
seq,t1.dl,12,2,1182,1185
seq,t1.pc,6,34,1182,1185
seq,t2.dl,12,17,1183,1186
seq,t2.pc,6,9,1183,1186
seq,t3.pc,6,0,1184,1187
seq,t0.dl,12,30,1185,1188
seq,t0.pc,6,8,1185,1188
seq,t1.dl,12,1,1186,1189
seq,t1.pc,6,34,1186,1189
seq,t2.dl,12,16,1187,1190
seq,t2.pc,6,9,1187,1190
seq,t3.pc,6,0,1188,1191
seq,t0.dl,12,29,1189,1192
seq,t0.pc,6,8,1189,1192
seq,t1.pc,6,34,1190,1193
seq,t2.dl,12,15,1191,1194
seq,t2.pc,6,9,1191,1194
seq,t3.pc,6,0,1192,1195
seq,t0.dl,12,28,1193,1196
seq,t0.pc,6,8,1193,1196
seq,t1.pc,6,35,1194,1197
seq,t2.dl,12,14,1195,1198
seq,t2.pc,6,9,1195,1198
seq,t3.pc,6,0,1196,1199
seq,t0.dl,12,27,1197,1200
seq,t0.pc,6,8,1197,1200
seq,t1.pc,6,36,1198,1201
seq,t2.dl,12,13,1199,1202
seq,t2.pc,6,9,1199,1202
seq,t3.pc,6,0,1200,1203
seq,t0.dl,12,26,1201,1204
seq,t0.pc,6,8,1201,1204
seq,t1.pc,6,37,1202,1205
seq,t2.dl,12,12,1203,1206
seq,t2.pc,6,9,1203,1206
seq,t3.pc,6,0,1204,1207
seq,t0.dl,12,25,1205,1208
seq,t0.pc,6,8,1205,1208
seq,t1.acc,8,0,1158,-1
seq,t1.pc,6,38,1206,1209
seq,t2.dl,12,11,1207,1210
seq,t2.pc,6,9,1207,1210
seq,t3.pc,6,0,1208,1211
seq,t0.dl,12,24,1209,1212
seq,t0.pc,6,8,1209,1212
seq,t1.pc,6,39,1210,1213
seq,t2.dl,12,10,1211,1214
seq,t2.pc,6,9,1211,1214
seq,t3.pc,6,0,1212,1215
seq,t0.dl,12,23,1213,1216
seq,t0.pc,6,8,1213,1216
seq,t1.cnt,12,0,1158,1201
seq,t1.pc,6,40,1214,1217
seq,t2.dl,12,9,1215,1218
seq,t2.pc,6,9,1215,1218
seq,t3.pc,6,0,1216,1219
seq,t0.dl,12,22,1217,1220
seq,t0.pc,6,8,1217,1220
seq,t1.acc,8,255,1210,1221
seq,t1.cnt,12,8,1218,1221
seq,t1.pc,6,41,1218,1221
seq,t2.dl,12,8,1219,1222
seq,t2.pc,6,9,1219,1222
seq,t3.pc,6,0,1220,1223
seq,t0.dl,12,21,1221,1224
seq,t0.pc,6,8,1221,1224
seq,t1.dl,12,0,1190,1193
seq,t1.pc,6,42,1222,1225
seq,t2.dl,12,7,1223,1226
seq,t2.pc,6,9,1223,1226
seq,t3.pc,6,0,1224,1227
seq,t0.dl,12,20,1225,1228
seq,t0.pc,6,8,1225,1228
seq,t1.dl,12,1,1226,1229
seq,t1.pc,6,43,1226,1229
seq,t2.dl,12,6,1227,1230
seq,t2.pc,6,9,1227,1230
seq,t3.pc,6,0,1228,1231
seq,t0.dl,12,19,1229,1232
seq,t0.pc,6,8,1229,1232
seq,t1.pc,6,43,1230,1233
seq,t2.dl,12,5,1231,1234
seq,t2.pc,6,9,1231,1234
seq,t3.pc,6,0,1232,1235
seq,t0.dl,12,18,1233,1236
seq,t0.pc,6,8,1233,1236
seq,t1.pc,6,44,1234,1237
seq,t2.dl,12,4,1235,1238
seq,t2.pc,6,9,1235,1238
seq,t3.pc,6,0,1236,1239
seq,t0.dl,12,17,1237,1240
seq,t0.pc,6,8,1237,1240
seq,t1.dl,12,0,1230,1233
seq,t1.pc,6,45,1238,1241
seq,t2.dl,12,3,1239,1242
seq,t2.pc,6,9,1239,1242
seq,t3.pc,6,0,1240,1243
seq,t0.dl,12,16,1241,1244
seq,t0.pc,6,8,1241,1244
seq,t1.dl,12,3,1242,1245
seq,t1.pc,6,46,1242,1245
seq,t2.dl,12,2,1243,1246
seq,t2.pc,6,9,1243,1246
seq,t3.pc,6,0,1244,1247
seq,t0.dl,12,15,1245,1248
seq,t0.pc,6,8,1245,1248
seq,t1.dl,12,2,1246,1249
seq,t1.pc,6,46,1246,1249
seq,t2.dl,12,1,1247,1250
seq,t2.pc,6,9,1247,1250
seq,t3.pc,6,0,1248,1251
seq,t0.dl,12,14,1249,1252
seq,t0.pc,6,8,1249,1252
seq,t1.dl,12,1,1250,1253
seq,t1.pc,6,46,1250,1253
seq,t2.pc,6,9,1251,1254
seq,t3.pc,6,0,1252,1255
seq,t0.dl,12,13,1253,1256
seq,t0.pc,6,8,1253,1256
seq,t1.pc,6,46,1254,1257
seq,t2.pc,6,10,1255,1258
seq,t3.pc,6,0,1256,1259
seq,t0.dl,12,12,1257,1260
seq,t0.pc,6,8,1257,1260
seq,t1.pc,6,47,1258,1261
seq,t2.dl,12,0,1251,1254
seq,t2.pc,6,11,1259,1262
seq,t3.pc,6,0,1260,1263
seq,t0.dl,12,11,1261,1264
seq,t0.pc,6,8,1261,1264
seq,t1.pc,6,48,1262,1265
seq,t2.dl,12,59,1263,1266
seq,t2.pc,6,12,1263,1266
seq,t3.pc,6,0,1264,1267
seq,t0.dl,12,10,1265,1268
seq,t0.pc,6,8,1265,1268
seq,t1.acc,8,254,1222,1269
seq,t1.cnt,12,7,1222,1269
seq,t1.pc,6,41,1266,1269
seq,t2.dl,12,58,1267,1270
seq,t2.pc,6,12,1267,1270
seq,t3.pc,6,0,1268,1271
seq,t0.dl,12,9,1269,1272
seq,t0.pc,6,8,1269,1272
seq,t1.dl,12,0,1254,1257
seq,t1.pc,6,42,1270,1273
seq,t2.dl,12,57,1271,1274
seq,t2.pc,6,12,1271,1274
seq,t3.pc,6,0,1272,1275
seq,t0.dl,12,8,1273,1276
seq,t0.pc,6,8,1273,1276
seq,t1.dl,12,1,1274,1277
seq,t1.pc,6,43,1274,1277
seq,t2.dl,12,56,1275,1278
seq,t2.pc,6,12,1275,1278
seq,t3.pc,6,0,1276,1279
seq,t0.dl,12,7,1277,1280
seq,t0.pc,6,8,1277,1280
seq,t1.pc,6,43,1278,1281
seq,t2.dl,12,55,1279,1282
seq,t2.pc,6,12,1279,1282
seq,t3.pc,6,0,1280,1283
seq,t0.dl,12,6,1281,1284
seq,t0.pc,6,8,1281,1284
seq,t1.pc,6,44,1282,1285
seq,t2.dl,12,54,1283,1286
seq,t2.pc,6,12,1283,1286
seq,t3.pc,6,0,1284,1287
seq,t0.dl,12,5,1285,1288
seq,t0.pc,6,8,1285,1288
seq,t1.dl,12,0,1278,1281
seq,t1.pc,6,45,1286,1289
seq,t2.dl,12,53,1287,1290
seq,t2.pc,6,12,1287,1290
seq,t3.pc,6,0,1288,1291
seq,t0.dl,12,4,1289,1292
seq,t0.pc,6,8,1289,1292
seq,t1.dl,12,3,1290,1293
seq,t1.pc,6,46,1290,1293
seq,t2.dl,12,52,1291,1294
seq,t2.pc,6,12,1291,1294
seq,t3.pc,6,0,1292,1295
seq,t0.dl,12,3,1293,1296
seq,t0.pc,6,8,1293,1296
seq,t1.dl,12,2,1294,1297
seq,t1.pc,6,46,1294,1297
seq,t2.dl,12,51,1295,1298
seq,t2.pc,6,12,1295,1298
seq,t3.pc,6,0,1296,1299
seq,t0.dl,12,2,1297,1300
seq,t0.pc,6,8,1297,1300
seq,t1.dl,12,1,1298,1301
seq,t1.pc,6,46,1298,1301
seq,t2.dl,12,50,1299,1302
seq,t2.pc,6,12,1299,1302
seq,t3.pc,6,0,1300,1303
seq,t0.dl,12,1,1301,1304
seq,t0.pc,6,8,1301,1304
seq,t1.pc,6,46,1302,1305
seq,t2.dl,12,49,1303,1306
seq,t2.pc,6,12,1303,1306
seq,t3.pc,6,0,1304,1307
seq,t0.pc,6,8,1305,1308
seq,t1.pc,6,47,1306,1309
seq,t2.dl,12,48,1307,1310
seq,t2.pc,6,12,1307,1310
seq,t3.pc,6,0,1308,1311
seq,t0.pc,6,9,1309,1312
seq,t1.pc,6,48,1310,1313
seq,t2.dl,12,47,1311,1314
seq,t2.pc,6,12,1311,1314
seq,t3.pc,6,0,1312,1315
seq,t0.acc,8,19,881,1316
seq,t0.cnt,12,6,881,1316
seq,t0.pc,6,6,1313,1316
seq,t1.acc,8,252,1270,1317
seq,t1.cnt,12,6,1270,1317
seq,t1.pc,6,41,1314,1317
seq,t2.dl,12,46,1315,1318
seq,t2.pc,6,12,1315,1318
seq,t3.pc,6,0,1316,1319
seq,t0.dl,12,0,1305,1308
seq,t0.pc,6,7,1317,1320
seq,t1.dl,12,0,1302,1305
seq,t1.pc,6,42,1318,1321
seq,t2.dl,12,45,1319,1322
seq,t2.pc,6,12,1319,1322
seq,t3.pc,6,0,1320,1323
seq,t0.dl,12,105,1321,1324
seq,t0.pc,6,8,1321,1324
seq,t1.dl,12,1,1322,1325
seq,t1.pc,6,43,1322,1325
seq,t2.dl,12,44,1323,1326
seq,t2.pc,6,12,1323,1326
seq,t3.pc,6,0,1324,1327
seq,t0.dl,12,104,1325,1328
seq,t0.pc,6,8,1325,1328
seq,t1.pc,6,43,1326,1329
seq,t2.dl,12,43,1327,1330
seq,t2.pc,6,12,1327,1330
seq,t3.pc,6,0,1328,1331
seq,t0.dl,12,103,1329,1332
seq,t0.pc,6,8,1329,1332
seq,t1.pc,6,44,1330,1333
seq,t2.dl,12,42,1331,1334
seq,t2.pc,6,12,1331,1334
seq,t3.pc,6,0,1332,1335
seq,t0.dl,12,102,1333,1336
seq,t0.pc,6,8,1333,1336
seq,t1.dl,12,0,1326,1329
seq,t1.pc,6,45,1334,1337
seq,t2.dl,12,41,1335,1338
seq,t2.pc,6,12,1335,1338
seq,t3.pc,6,0,1336,1339
seq,t0.dl,12,101,1337,1340
seq,t0.pc,6,8,1337,1340
seq,t1.dl,12,3,1338,1341
seq,t1.pc,6,46,1338,1341
seq,t2.dl,12,40,1339,1342
seq,t2.pc,6,12,1339,1342
seq,t3.pc,6,0,1340,1343
seq,t0.dl,12,100,1341,1344
seq,t0.pc,6,8,1341,1344
seq,t1.dl,12,2,1342,1345
seq,t1.pc,6,46,1342,1345
seq,t2.dl,12,39,1343,1346
seq,t2.pc,6,12,1343,1346
seq,t3.pc,6,0,1344,1347
seq,t0.dl,12,99,1345,1348
seq,t0.pc,6,8,1345,1348
seq,t1.dl,12,1,1346,1349
seq,t1.pc,6,46,1346,1349
seq,t2.dl,12,38,1347,1350
seq,t2.pc,6,12,1347,1350
seq,t3.pc,6,0,1348,1351
seq,t0.dl,12,98,1349,1352
seq,t0.pc,6,8,1349,1352
seq,t1.pc,6,46,1350,1353
seq,t2.dl,12,37,1351,1354
seq,t2.pc,6,12,1351,1354
seq,t3.pc,6,0,1352,1355
seq,t0.dl,12,97,1353,1356
seq,t0.pc,6,8,1353,1356
seq,t1.pc,6,47,1354,1357
seq,t2.dl,12,36,1355,1358
seq,t2.pc,6,12,1355,1358
seq,t3.pc,6,0,1356,1359
seq,t0.dl,12,96,1357,1360
seq,t0.pc,6,8,1357,1360
seq,t1.pc,6,48,1358,1361
seq,t2.dl,12,35,1359,1362
seq,t2.pc,6,12,1359,1362
seq,t3.pc,6,0,1360,1363
seq,t0.dl,12,95,1361,1364
seq,t0.pc,6,8,1361,1364
seq,t1.acc,8,248,1318,1365
seq,t1.cnt,12,5,1318,1365
seq,t1.pc,6,41,1362,1365
seq,t2.dl,12,34,1363,1366
seq,t2.pc,6,12,1363,1366
seq,t3.pc,6,0,1364,1367
seq,t0.dl,12,94,1365,1368
seq,t0.pc,6,8,1365,1368
seq,t1.dl,12,0,1350,1353
seq,t1.pc,6,42,1366,1369
seq,t2.dl,12,33,1367,1370
seq,t2.pc,6,12,1367,1370
seq,t3.pc,6,0,1368,1371
seq,t0.dl,12,93,1369,1372
seq,t0.pc,6,8,1369,1372
seq,t1.dl,12,1,1370,1373
seq,t1.pc,6,43,1370,1373
seq,t2.dl,12,32,1371,1374
seq,t2.pc,6,12,1371,1374
seq,t3.pc,6,0,1372,1375
seq,t0.dl,12,92,1373,1376
seq,t0.pc,6,8,1373,1376
seq,t1.pc,6,43,1374,1377
seq,t2.dl,12,31,1375,1378
seq,t2.pc,6,12,1375,1378
seq,t3.pc,6,0,1376,1379
seq,t0.dl,12,91,1377,1380
seq,t0.pc,6,8,1377,1380
seq,t1.pc,6,44,1378,1381
seq,t2.dl,12,30,1379,1382
seq,t2.pc,6,12,1379,1382
seq,t3.pc,6,0,1380,1383
seq,t0.dl,12,90,1381,1384
seq,t0.pc,6,8,1381,1384
seq,t1.dl,12,0,1374,1377
seq,t1.pc,6,45,1382,1385
seq,t2.dl,12,29,1383,1386
seq,t2.pc,6,12,1383,1386
seq,t3.pc,6,0,1384,1387
seq,t0.dl,12,89,1385,1388
seq,t0.pc,6,8,1385,1388
seq,t1.dl,12,3,1386,1389
seq,t1.pc,6,46,1386,1389
seq,t2.dl,12,28,1387,1390
seq,t2.pc,6,12,1387,1390
seq,t3.pc,6,0,1388,1391
seq,t0.dl,12,88,1389,1392
seq,t0.pc,6,8,1389,1392
seq,t1.dl,12,2,1390,1393
seq,t1.pc,6,46,1390,1393
seq,t2.dl,12,27,1391,1394
seq,t2.pc,6,12,1391,1394
seq,t3.pc,6,0,1392,1395
seq,t0.dl,12,87,1393,1396
seq,t0.pc,6,8,1393,1396
seq,t1.dl,12,1,1394,1397
seq,t1.pc,6,46,1394,1397
seq,t2.dl,12,26,1395,1398
seq,t2.pc,6,12,1395,1398
seq,t3.pc,6,0,1396,1399
seq,t0.dl,12,86,1397,1400
seq,t0.pc,6,8,1397,1400
seq,t1.pc,6,46,1398,1401
seq,t2.dl,12,25,1399,1402
seq,t2.pc,6,12,1399,1402
seq,t3.pc,6,0,1400,1403
seq,t0.dl,12,85,1401,1404
seq,t0.pc,6,8,1401,1404
seq,t1.pc,6,47,1402,1405
seq,t2.dl,12,24,1403,1406
seq,t2.pc,6,12,1403,1406
seq,t3.pc,6,0,1404,1407
seq,t0.dl,12,84,1405,1408
seq,t0.pc,6,8,1405,1408
seq,t1.pc,6,48,1406,1409
seq,t2.dl,12,23,1407,1410
seq,t2.pc,6,12,1407,1410
seq,t3.pc,6,0,1408,1411
seq,t0.dl,12,83,1409,1412
seq,t0.pc,6,8,1409,1412
seq,t1.acc,8,240,1366,1413
seq,t1.cnt,12,4,1366,1413
seq,t1.pc,6,41,1410,1413
seq,t2.dl,12,22,1411,1414
seq,t2.pc,6,12,1411,1414
seq,t3.pc,6,0,1412,1415
seq,t0.dl,12,82,1413,1416
seq,t0.pc,6,8,1413,1416
seq,t1.dl,12,0,1398,1401
seq,t1.pc,6,42,1414,1417
seq,t2.dl,12,21,1415,1418
seq,t2.pc,6,12,1415,1418
seq,t3.pc,6,0,1416,1419
seq,t0.dl,12,81,1417,1420
seq,t0.pc,6,8,1417,1420
seq,t1.dl,12,1,1418,1421
seq,t1.pc,6,43,1418,1421
seq,t2.dl,12,20,1419,1422
seq,t2.pc,6,12,1419,1422
seq,t3.pc,6,0,1420,1423
seq,t0.dl,12,80,1421,1424
seq,t0.pc,6,8,1421,1424
seq,t1.pc,6,43,1422,1425
seq,t2.dl,12,19,1423,1426
seq,t2.pc,6,12,1423,1426
seq,t3.pc,6,0,1424,1427
seq,t0.dl,12,79,1425,1428
seq,t0.pc,6,8,1425,1428
seq,t1.pc,6,44,1426,1429
seq,t2.dl,12,18,1427,1430
seq,t2.pc,6,12,1427,1430
seq,t3.pc,6,0,1428,1431
seq,t0.dl,12,78,1429,1432
seq,t0.pc,6,8,1429,1432
seq,t1.dl,12,0,1422,1425
seq,t1.pc,6,45,1430,1433
seq,t2.dl,12,17,1431,1434
seq,t2.pc,6,12,1431,1434
seq,t3.pc,6,0,1432,1435
seq,t0.dl,12,77,1433,1436
seq,t0.pc,6,8,1433,1436
seq,t1.dl,12,3,1434,1437
seq,t1.pc,6,46,1434,1437
seq,t2.dl,12,16,1435,1438
seq,t2.pc,6,12,1435,1438
seq,t3.pc,6,0,1436,1439
seq,t0.dl,12,76,1437,1440
seq,t0.pc,6,8,1437,1440
seq,t1.dl,12,2,1438,1441
seq,t1.pc,6,46,1438,1441
seq,t2.dl,12,15,1439,1442
seq,t2.pc,6,12,1439,1442
seq,t3.pc,6,0,1440,1443
seq,t0.dl,12,75,1441,1444
seq,t0.pc,6,8,1441,1444
seq,t1.dl,12,1,1442,1445
seq,t1.pc,6,46,1442,1445
seq,t2.dl,12,14,1443,1446
seq,t2.pc,6,12,1443,1446
seq,t3.pc,6,0,1444,1447
seq,t0.dl,12,74,1445,1448
seq,t0.pc,6,8,1445,1448
seq,t1.pc,6,46,1446,1449
seq,t2.dl,12,13,1447,1450
seq,t2.pc,6,12,1447,1450
seq,t3.pc,6,0,1448,1451
seq,t0.dl,12,73,1449,1452
seq,t0.pc,6,8,1449,1452
seq,t1.pc,6,47,1450,1453
seq,t2.dl,12,12,1451,1454
seq,t2.pc,6,12,1451,1454
seq,t3.pc,6,0,1452,1455
seq,t0.dl,12,72,1453,1456
seq,t0.pc,6,8,1453,1456
seq,t1.pc,6,48,1454,1457
seq,t2.dl,12,11,1455,1458
seq,t2.pc,6,12,1455,1458
seq,t3.pc,6,0,1456,1459
seq,t0.dl,12,71,1457,1460
seq,t0.pc,6,8,1457,1460
seq,t1.acc,8,224,1414,1461
seq,t1.cnt,12,3,1414,1461
seq,t1.pc,6,41,1458,1461
seq,t2.dl,12,10,1459,1462
seq,t2.pc,6,12,1459,1462
seq,t3.pc,6,0,1460,1463
seq,t0.dl,12,70,1461,1464
seq,t0.pc,6,8,1461,1464
seq,t1.dl,12,0,1446,1449
seq,t1.pc,6,42,1462,1465
seq,t2.dl,12,9,1463,1466
seq,t2.pc,6,12,1463,1466
seq,t3.pc,6,0,1464,1467
seq,t0.dl,12,69,1465,1468
seq,t0.pc,6,8,1465,1468
seq,t1.dl,12,1,1466,1469
seq,t1.pc,6,43,1466,1469
seq,t2.dl,12,8,1467,1470
seq,t2.pc,6,12,1467,1470
seq,t3.pc,6,0,1468,1471
seq,t0.dl,12,68,1469,1472
seq,t0.pc,6,8,1469,1472
seq,t1.pc,6,43,1470,1473
seq,t2.dl,12,7,1471,1474
seq,t2.pc,6,12,1471,1474
seq,t3.pc,6,0,1472,1475
seq,t0.dl,12,67,1473,1476
seq,t0.pc,6,8,1473,1476
seq,t1.pc,6,44,1474,1477
seq,t2.dl,12,6,1475,1478
seq,t2.pc,6,12,1475,1478
seq,t3.pc,6,0,1476,1479
seq,t0.dl,12,66,1477,1480
seq,t0.pc,6,8,1477,1480
seq,t1.dl,12,0,1470,1473
seq,t1.pc,6,45,1478,1481
seq,t2.dl,12,5,1479,1482
seq,t2.pc,6,12,1479,1482
seq,t3.pc,6,0,1480,1483
seq,t0.dl,12,65,1481,1484
seq,t0.pc,6,8,1481,1484
seq,t1.dl,12,3,1482,1485
seq,t1.pc,6,46,1482,1485
seq,t2.dl,12,4,1483,1486
seq,t2.pc,6,12,1483,1486
seq,t3.pc,6,0,1484,1487
seq,t0.dl,12,64,1485,1488
seq,t0.pc,6,8,1485,1488
seq,t1.dl,12,2,1486,1489
seq,t1.pc,6,46,1486,1489
seq,t2.dl,12,3,1487,1490
seq,t2.pc,6,12,1487,1490
seq,t3.pc,6,0,1488,1491
seq,t0.dl,12,63,1489,1492
seq,t0.pc,6,8,1489,1492
seq,t1.dl,12,1,1490,1493
seq,t1.pc,6,46,1490,1493
seq,t2.dl,12,2,1491,1494
seq,t2.pc,6,12,1491,1494
seq,t3.pc,6,0,1492,1495
seq,t0.dl,12,62,1493,1496
seq,t0.pc,6,8,1493,1496
seq,t1.pc,6,46,1494,1497
seq,t2.dl,12,1,1495,1498
seq,t2.pc,6,12,1495,1498
seq,t3.pc,6,0,1496,1499
seq,t0.dl,12,61,1497,1500
seq,t0.pc,6,8,1497,1500
seq,t1.pc,6,47,1498,1501
seq,t2.pc,6,12,1499,1502
seq,t3.pc,6,0,1500,1503
seq,t0.dl,12,60,1501,1504
seq,t0.pc,6,8,1501,1504
seq,t1.pc,6,48,1502,1505
seq,t2.pc,6,13,1503,1506
seq,t3.pc,6,0,1504,1507
seq,t0.dl,12,59,1505,1508
seq,t0.pc,6,8,1505,1508
seq,t1.acc,8,192,1462,1509
seq,t1.cnt,12,2,1462,1509
seq,t1.pc,6,41,1506,1509
seq,t2.dl,12,0,1499,1502
seq,t2.pc,6,14,1507,1510
seq,t3.pc,6,0,1508,1511
seq,t0.dl,12,58,1509,1512
seq,t0.pc,6,8,1509,1512
seq,t1.dl,12,0,1494,1497
seq,t1.pc,6,42,1510,1513
seq,t2.dl,12,27,1511,1514
seq,t2.pc,6,15,1511,1514
seq,t3.pc,6,0,1512,1515
seq,t0.dl,12,57,1513,1516
seq,t0.pc,6,8,1513,1516
seq,t1.dl,12,1,1514,1517
seq,t1.pc,6,43,1514,1517
seq,t2.dl,12,26,1515,1518
seq,t2.pc,6,15,1515,1518
seq,t3.pc,6,0,1516,1519
seq,t0.dl,12,56,1517,1520
seq,t0.pc,6,8,1517,1520
seq,t1.pc,6,43,1518,1521
seq,t2.dl,12,25,1519,1522
seq,t2.pc,6,15,1519,1522
seq,t3.pc,6,0,1520,1523
seq,t0.dl,12,55,1521,1524
seq,t0.pc,6,8,1521,1524
seq,t1.pc,6,44,1522,1525
seq,t2.dl,12,24,1523,1526
seq,t2.pc,6,15,1523,1526
seq,t3.pc,6,0,1524,1527
seq,t0.dl,12,54,1525,1528
seq,t0.pc,6,8,1525,1528
seq,t1.dl,12,0,1518,1521
seq,t1.pc,6,45,1526,1529
seq,t2.dl,12,23,1527,1530
seq,t2.pc,6,15,1527,1530
seq,t3.pc,6,0,1528,1531
seq,t0.dl,12,53,1529,1532
seq,t0.pc,6,8,1529,1532
seq,t1.dl,12,3,1530,1533
seq,t1.pc,6,46,1530,1533
seq,t2.dl,12,22,1531,1534
seq,t2.pc,6,15,1531,1534
seq,t3.pc,6,0,1532,1535
seq,t0.dl,12,52,1533,1536
seq,t0.pc,6,8,1533,1536
seq,t1.dl,12,2,1534,1537
seq,t1.pc,6,46,1534,1537
seq,t2.dl,12,21,1535,1538
seq,t2.pc,6,15,1535,1538
seq,t3.pc,6,0,1536,1539
seq,t0.dl,12,51,1537,1540
seq,t0.pc,6,8,1537,1540
seq,t1.dl,12,1,1538,1541
seq,t1.pc,6,46,1538,1541
seq,t2.dl,12,20,1539,1542
seq,t2.pc,6,15,1539,1542
seq,t3.pc,6,0,1540,1543
seq,t0.dl,12,50,1541,1544
seq,t0.pc,6,8,1541,1544
seq,t1.pc,6,46,1542,1545
seq,t2.dl,12,19,1543,1546
seq,t2.pc,6,15,1543,1546
seq,t3.pc,6,0,1544,1547
seq,t0.dl,12,49,1545,1548
seq,t0.pc,6,8,1545,1548
seq,t1.pc,6,47,1546,1549
seq,t2.dl,12,18,1547,1550
seq,t2.pc,6,15,1547,1550
seq,t3.pc,6,0,1548,1551
seq,t0.dl,12,48,1549,1552
seq,t0.pc,6,8,1549,1552
seq,t1.pc,6,48,1550,1553
seq,t2.dl,12,17,1551,1554
seq,t2.pc,6,15,1551,1554
seq,t3.pc,6,0,1552,1555
seq,t0.dl,12,47,1553,1556
seq,t0.pc,6,8,1553,1556
seq,t1.acc,8,128,1510,1557
seq,t1.cnt,12,1,1510,1557
seq,t1.pc,6,41,1554,1557
seq,t2.dl,12,16,1555,1558
seq,t2.pc,6,15,1555,1558
seq,t3.pc,6,0,1556,1559
seq,t0.dl,12,46,1557,1560
seq,t0.pc,6,8,1557,1560
seq,t1.dl,12,0,1542,1545
seq,t1.pc,6,42,1558,1561
seq,t2.dl,12,15,1559,1562
seq,t2.pc,6,15,1559,1562
seq,t3.pc,6,0,1560,1563
seq,t0.dl,12,45,1561,1564
seq,t0.pc,6,8,1561,1564
seq,t1.dl,12,1,1562,1565
seq,t1.pc,6,43,1562,1565
seq,t2.dl,12,14,1563,1566
seq,t2.pc,6,15,1563,1566
seq,t3.pc,6,0,1564,1567
seq,t0.dl,12,44,1565,1568
seq,t0.pc,6,8,1565,1568
seq,t1.pc,6,43,1566,1569
seq,t2.dl,12,13,1567,1570
seq,t2.pc,6,15,1567,1570
seq,t3.pc,6,0,1568,1571
seq,t0.dl,12,43,1569,1572
seq,t0.pc,6,8,1569,1572
seq,t1.pc,6,44,1570,1573
seq,t2.dl,12,12,1571,1574
seq,t2.pc,6,15,1571,1574
seq,t3.pc,6,0,1572,1575
seq,t0.dl,12,42,1573,1576
seq,t0.pc,6,8,1573,1576
seq,t1.dl,12,0,1566,1569
seq,t1.pc,6,45,1574,1577
seq,t2.dl,12,11,1575,1578
seq,t2.pc,6,15,1575,1578
seq,t3.pc,6,0,1576,1579
seq,t0.dl,12,41,1577,1580
seq,t0.pc,6,8,1577,1580
seq,t1.dl,12,3,1578,1581
seq,t1.pc,6,46,1578,1581
seq,t2.dl,12,10,1579,1582
seq,t2.pc,6,15,1579,1582
seq,t3.pc,6,0,1580,1583
seq,t0.dl,12,40,1581,1584
seq,t0.pc,6,8,1581,1584
seq,t1.dl,12,2,1582,1585
seq,t1.pc,6,46,1582,1585
seq,t2.dl,12,9,1583,1586
seq,t2.pc,6,15,1583,1586
seq,t3.pc,6,0,1584,1587
seq,t0.dl,12,39,1585,1588
seq,t0.pc,6,8,1585,1588
seq,t1.dl,12,1,1586,1589
seq,t1.pc,6,46,1586,1589
seq,t2.dl,12,8,1587,1590
seq,t2.pc,6,15,1587,1590
seq,t3.pc,6,0,1588,1591
seq,t0.dl,12,38,1589,1592
seq,t0.pc,6,8,1589,1592
seq,t1.pc,6,46,1590,1593
seq,t2.dl,12,7,1591,1594
seq,t2.pc,6,15,1591,1594
seq,t3.pc,6,0,1592,1595
seq,t0.dl,12,37,1593,1596
seq,t0.pc,6,8,1593,1596
seq,t1.pc,6,47,1594,1597
seq,t2.dl,12,6,1595,1598
seq,t2.pc,6,15,1595,1598
seq,t3.pc,6,0,1596,1599
seq,t0.dl,12,36,1597,1600
seq,t0.pc,6,8,1597,1600
seq,t1.pc,6,48,1598,1601
seq,t2.dl,12,5,1599,1602
seq,t2.pc,6,15,1599,1602
seq,t3.pc,6,0,1600,1603
seq,t0.dl,12,35,1601,1604
seq,t0.pc,6,8,1601,1604
seq,t1.pc,6,49,1602,1605
seq,t2.dl,12,4,1603,1606
seq,t2.pc,6,15,1603,1606
seq,t3.pc,6,0,1604,1607
seq,t0.dl,12,34,1605,1608
seq,t0.pc,6,8,1605,1608
seq,t1.pc,6,50,1606,1609
seq,t2.dl,12,3,1607,1610
seq,t2.pc,6,15,1607,1610
seq,t3.pc,6,0,1608,1611
seq,t0.dl,12,33,1609,1612
seq,t0.pc,6,8,1609,1612
seq,t1.pc,6,50,1610,1613
seq,t2.dl,12,2,1611,1614
seq,t2.pc,6,15,1611,1614
seq,t3.pc,6,0,1612,1615
seq,t0.dl,12,32,1613,1616
seq,t0.pc,6,8,1613,1616
seq,t1.pc,6,50,1614,1617
seq,t2.dl,12,1,1615,1618
seq,t2.pc,6,15,1615,1618
seq,t3.pc,6,0,1616,1619
seq,t0.dl,12,31,1617,1620
seq,t0.pc,6,8,1617,1620
seq,t1.pc,6,50,1618,1621
seq,t2.pc,6,15,1619,1622
seq,t3.pc,6,0,1620,1623
seq,t0.dl,12,30,1621,1624
seq,t0.pc,6,8,1621,1624
seq,t1.pc,6,50,1622,1625
seq,t2.pc,6,16,1623,1626
seq,t3.pc,6,0,1624,1627
seq,t0.dl,12,29,1625,1628
seq,t0.pc,6,8,1625,1628
seq,t1.pc,6,50,1626,1629
seq,t2.acc,8,0,1135,1630
seq,t2.cnt,12,5,1135,1630
seq,t2.pc,6,7,1627,1630
seq,t3.pc,6,0,1628,1631
seq,t0.dl,12,28,1629,1632
seq,t0.pc,6,8,1629,1632
seq,t1.pc,6,50,1630,1633
seq,t2.dl,12,0,1619,1622
seq,t2.pc,6,8,1631,1634
seq,t3.pc,6,0,1632,1635
seq,t0.dl,12,27,1633,1636
seq,t0.pc,6,8,1633,1636
seq,t1.pc,6,50,1634,1637
seq,t2.dl,12,28,1635,1638
seq,t2.pc,6,9,1635,1638
seq,t3.pc,6,0,1636,1639
seq,t0.dl,12,26,1637,1640
seq,t0.pc,6,8,1637,1640
seq,t1.pc,6,50,1638,1641
seq,t2.dl,12,27,1639,1642
seq,t2.pc,6,9,1639,1642
seq,t3.pc,6,0,1640,1643
seq,t0.dl,12,25,1641,1644
seq,t0.pc,6,8,1641,1644
seq,t1.pc,6,50,1642,1645
seq,t2.dl,12,26,1643,1646
seq,t2.pc,6,9,1643,1646
seq,t3.pc,6,0,1644,1647
seq,t0.dl,12,24,1645,1648
seq,t0.pc,6,8,1645,1648
seq,t1.pc,6,50,1646,1649
seq,t2.dl,12,25,1647,1650
seq,t2.pc,6,9,1647,1650
seq,t3.pc,6,0,1648,1651
seq,t0.dl,12,23,1649,1652
seq,t0.pc,6,8,1649,1652
seq,t1.pc,6,50,1650,1653
seq,t2.dl,12,24,1651,1654
seq,t2.pc,6,9,1651,1654
seq,t3.pc,6,0,1652,1655
seq,t0.dl,12,22,1653,1656
seq,t0.pc,6,8,1653,1656
seq,t1.pc,6,50,1654,1657
seq,t2.dl,12,23,1655,1658
seq,t2.pc,6,9,1655,1658
seq,t3.pc,6,0,1656,1659
seq,t0.dl,12,21,1657,1660
seq,t0.pc,6,8,1657,1660
seq,t1.pc,6,50,1658,1661
seq,t2.dl,12,22,1659,1662
seq,t2.pc,6,9,1659,1662
seq,t3.pc,6,0,1660,1663
seq,t0.dl,12,20,1661,1664
seq,t0.pc,6,8,1661,1664
seq,t1.pc,6,50,1662,1665
seq,t2.dl,12,21,1663,1666
seq,t2.pc,6,9,1663,1666
seq,t3.pc,6,0,1664,1667
seq,t0.dl,12,19,1665,1668
seq,t0.pc,6,8,1665,1668
seq,t1.pc,6,50,1666,1669
seq,t2.dl,12,20,1667,1670
seq,t2.pc,6,9,1667,1670
seq,t3.pc,6,0,1668,1671
seq,t0.dl,12,18,1669,1672
seq,t0.pc,6,8,1669,1672
seq,t1.pc,6,50,1670,1673
seq,t2.dl,12,19,1671,1674
seq,t2.pc,6,9,1671,1674
seq,t3.pc,6,0,1672,1675
seq,t0.dl,12,17,1673,1676
seq,t0.pc,6,8,1673,1676
seq,t1.pc,6,50,1674,1677
seq,t2.dl,12,18,1675,1678
seq,t2.pc,6,9,1675,1678
seq,t3.pc,6,0,1676,1679
seq,t0.dl,12,16,1677,1680
seq,t0.pc,6,8,1677,1680
seq,t1.pc,6,50,1678,1681
seq,t2.dl,12,17,1679,1682
seq,t2.pc,6,9,1679,1682
seq,t3.pc,6,0,1680,1683
seq,t0.dl,12,15,1681,1684
seq,t0.pc,6,8,1681,1684
seq,t1.pc,6,50,1682,1685
seq,t2.dl,12,16,1683,1686
seq,t2.pc,6,9,1683,1686
seq,t3.pc,6,0,1684,1687
seq,t0.dl,12,14,1685,1688
seq,t0.pc,6,8,1685,1688
seq,t1.pc,6,50,1686,1689
seq,t2.dl,12,15,1687,1690
seq,t2.pc,6,9,1687,1690
seq,t3.pc,6,0,1688,1691
seq,t0.dl,12,13,1689,1692
seq,t0.pc,6,8,1689,1692
seq,t1.pc,6,50,1690,1693
seq,t2.dl,12,14,1691,1694
seq,t2.pc,6,9,1691,1694
seq,t3.pc,6,0,1692,1695
seq,t0.dl,12,12,1693,1696
seq,t0.pc,6,8,1693,1696
seq,t1.pc,6,50,1694,1697
seq,t2.dl,12,13,1695,1698
seq,t2.pc,6,9,1695,1698
seq,t3.pc,6,0,1696,1699
seq,t0.dl,12,11,1697,1700
seq,t0.pc,6,8,1697,1700
seq,t1.pc,6,50,1698,1701
seq,t2.dl,12,12,1699,1702
seq,t2.pc,6,9,1699,1702
seq,t3.pc,6,0,1700,1703
seq,t0.dl,12,10,1701,1704
seq,t0.pc,6,8,1701,1704
seq,t1.pc,6,50,1702,1705
seq,t2.dl,12,11,1703,1706
seq,t2.pc,6,9,1703,1706
seq,t3.pc,6,0,1704,1707
seq,t0.dl,12,9,1705,1708
seq,t0.pc,6,8,1705,1708
seq,t1.pc,6,50,1706,1709
seq,t2.dl,12,10,1707,1710
seq,t2.pc,6,9,1707,1710
seq,t3.pc,6,0,1708,1711
seq,t0.dl,12,8,1709,1712
seq,t0.pc,6,8,1709,1712
seq,t1.pc,6,50,1710,1713
seq,t2.dl,12,9,1711,1714
seq,t2.pc,6,9,1711,1714
seq,t3.pc,6,0,1712,1715
seq,t0.dl,12,7,1713,1716
seq,t0.pc,6,8,1713,1716
seq,t1.pc,6,50,1714,1717
seq,t2.dl,12,8,1715,1718
seq,t2.pc,6,9,1715,1718
seq,t3.pc,6,0,1716,1719
seq,t0.dl,12,6,1717,1720
seq,t0.pc,6,8,1717,1720
seq,t1.pc,6,50,1718,1721
seq,t2.dl,12,7,1719,1722
seq,t2.pc,6,9,1719,1722
seq,t3.pc,6,0,1720,1723
seq,t0.dl,12,5,1721,1724
seq,t0.pc,6,8,1721,1724
seq,t1.pc,6,50,1722,1725
seq,t2.dl,12,6,1723,1726
seq,t2.pc,6,9,1723,1726
seq,t3.pc,6,0,1724,1727
seq,t0.dl,12,4,1725,1728
seq,t0.pc,6,8,1725,1728
seq,t1.pc,6,50,1726,1729
seq,t2.dl,12,5,1727,1730
seq,t2.pc,6,9,1727,1730
seq,t3.pc,6,0,1728,1731
seq,t0.dl,12,3,1729,1732
seq,t0.pc,6,8,1729,1732
seq,t1.pc,6,50,1730,1733
seq,t2.dl,12,4,1731,1734
seq,t2.pc,6,9,1731,1734
seq,t3.pc,6,0,1732,1735
seq,t0.dl,12,2,1733,1736
seq,t0.pc,6,8,1733,1736
seq,t1.pc,6,50,1734,1737
seq,t2.dl,12,3,1735,1738
seq,t2.pc,6,9,1735,1738
seq,t3.pc,6,0,1736,1739
seq,t0.dl,12,1,1737,1740
seq,t0.pc,6,8,1737,1740
seq,t1.pc,6,50,1738,1741
seq,t2.dl,12,2,1739,1742
seq,t2.pc,6,9,1739,1742
seq,t3.pc,6,0,1740,1743
seq,t0.pc,6,8,1741,1744
seq,t1.pc,6,50,1742,1745
seq,t2.dl,12,1,1743,1746
seq,t2.pc,6,9,1743,1746
seq,t3.pc,6,0,1744,1747
seq,t0.pc,6,9,1745,1748
seq,t1.pc,6,50,1746,1749
seq,t2.pc,6,9,1747,1750
seq,t3.pc,6,0,1748,1751
seq,t0.acc,8,9,1317,1752
seq,t0.cnt,12,5,1317,1752
seq,t0.pc,6,6,1749,1752
seq,t1.pc,6,50,1750,1753
seq,t2.pc,6,10,1751,1754
seq,t3.pc,6,0,1752,1755
seq,t0.dl,12,0,1741,1744
seq,t0.pc,6,7,1753,1756
seq,t1.pc,6,50,1754,1757
seq,t2.dl,12,0,1747,1750
seq,t2.pc,6,11,1755,1758
seq,t3.pc,6,0,1756,1759
seq,t0.dl,12,105,1757,1760
seq,t0.pc,6,8,1757,1760
seq,t1.pc,6,50,1758,1761
seq,t2.dl,12,59,1759,1762
seq,t2.pc,6,12,1759,1762
seq,t3.pc,6,0,1760,1763
seq,t0.dl,12,104,1761,1764
seq,t0.pc,6,8,1761,1764
seq,t1.pc,6,50,1762,1765
seq,t2.dl,12,58,1763,1766
seq,t2.pc,6,12,1763,1766
seq,t3.pc,6,0,1764,1767
seq,t0.dl,12,103,1765,1768
seq,t0.pc,6,8,1765,1768
seq,t1.pc,6,50,1766,1769
seq,t2.dl,12,57,1767,1770
seq,t2.pc,6,12,1767,1770
seq,t3.pc,6,0,1768,1771
seq,t0.dl,12,102,1769,1772
seq,t0.pc,6,8,1769,1772
seq,t1.pc,6,50,1770,1773
seq,t2.dl,12,56,1771,1774
seq,t2.pc,6,12,1771,1774
seq,t3.pc,6,0,1772,1775
seq,t0.dl,12,101,1773,1776
seq,t0.pc,6,8,1773,1776
seq,t1.pc,6,50,1774,1777
seq,t2.dl,12,55,1775,1778
seq,t2.pc,6,12,1775,1778
seq,t3.pc,6,0,1776,1779
seq,t0.dl,12,100,1777,1780
seq,t0.pc,6,8,1777,1780
seq,t1.pc,6,50,1778,1781
seq,t2.dl,12,54,1779,1782
seq,t2.pc,6,12,1779,1782
seq,t3.pc,6,0,1780,1783
seq,t0.dl,12,99,1781,1784
seq,t0.pc,6,8,1781,1784
seq,t1.pc,6,50,1782,1785
seq,t2.dl,12,53,1783,1786
seq,t2.pc,6,12,1783,1786
seq,t3.pc,6,0,1784,1787
seq,t0.dl,12,98,1785,1788
seq,t0.pc,6,8,1785,1788
seq,t1.pc,6,50,1786,1789
seq,t2.dl,12,52,1787,1790
seq,t2.pc,6,12,1787,1790
seq,t3.pc,6,0,1788,1791
seq,t0.dl,12,97,1789,1792
seq,t0.pc,6,8,1789,1792
seq,t1.pc,6,50,1790,1793
seq,t2.dl,12,51,1791,1794
seq,t2.pc,6,12,1791,1794
seq,t3.pc,6,0,1792,1795
seq,t0.dl,12,96,1793,1796
seq,t0.pc,6,8,1793,1796
seq,t1.pc,6,50,1794,1797
seq,t2.dl,12,50,1795,1798
seq,t2.pc,6,12,1795,1798
seq,t3.pc,6,0,1796,1799
seq,t0.dl,12,95,1797,1800
seq,t0.pc,6,8,1797,1800
seq,t1.pc,6,50,1798,1801
seq,t2.dl,12,49,1799,1802
seq,t2.pc,6,12,1799,1802
seq,t3.pc,6,0,1800,1803
seq,t0.dl,12,94,1801,1804
seq,t0.pc,6,8,1801,1804
seq,t1.pc,6,50,1802,1805
seq,t2.dl,12,48,1803,1806
seq,t2.pc,6,12,1803,1806
seq,t3.pc,6,0,1804,1807
seq,t0.dl,12,93,1805,1808
seq,t0.pc,6,8,1805,1808
seq,t1.pc,6,50,1806,1809
seq,t2.dl,12,47,1807,1810
seq,t2.pc,6,12,1807,1810
seq,t3.pc,6,0,1808,1811
seq,t0.dl,12,92,1809,1812
seq,t0.pc,6,8,1809,1812
seq,t1.pc,6,50,1810,1813
seq,t2.dl,12,46,1811,1814
seq,t2.pc,6,12,1811,1814
seq,t3.pc,6,0,1812,1815
seq,t0.dl,12,91,1813,1816
seq,t0.pc,6,8,1813,1816
seq,t1.pc,6,50,1814,1817
seq,t2.dl,12,45,1815,1818
seq,t2.pc,6,12,1815,1818
seq,t3.pc,6,0,1816,1819
seq,t0.dl,12,90,1817,1820
seq,t0.pc,6,8,1817,1820
seq,t1.pc,6,50,1818,1821
seq,t2.dl,12,44,1819,1822
seq,t2.pc,6,12,1819,1822
seq,t3.pc,6,0,1820,1823
seq,t0.dl,12,89,1821,1824
seq,t0.pc,6,8,1821,1824
seq,t1.pc,6,50,1822,1825
seq,t2.dl,12,43,1823,1826
seq,t2.pc,6,12,1823,1826
seq,t3.pc,6,0,1824,1827
seq,t0.dl,12,88,1825,1828
seq,t0.pc,6,8,1825,1828
seq,t1.pc,6,50,1826,1829
seq,t2.dl,12,42,1827,1830
seq,t2.pc,6,12,1827,1830
seq,t3.pc,6,0,1828,1831
seq,t0.dl,12,87,1829,1832
seq,t0.pc,6,8,1829,1832
seq,t1.pc,6,50,1830,1833
seq,t2.dl,12,41,1831,1834
seq,t2.pc,6,12,1831,1834
seq,t3.pc,6,0,1832,1835
seq,t0.dl,12,86,1833,1836
seq,t0.pc,6,8,1833,1836
seq,t1.pc,6,50,1834,1837
seq,t2.dl,12,40,1835,1838
seq,t2.pc,6,12,1835,1838
seq,t3.pc,6,0,1836,1839
seq,t0.dl,12,85,1837,1840
seq,t0.pc,6,8,1837,1840
seq,t1.pc,6,50,1838,1841
seq,t2.dl,12,39,1839,1842
seq,t2.pc,6,12,1839,1842
seq,t3.pc,6,0,1840,1843
seq,t0.dl,12,84,1841,1844
seq,t0.pc,6,8,1841,1844
seq,t1.pc,6,50,1842,1845
seq,t2.dl,12,38,1843,1846
seq,t2.pc,6,12,1843,1846
seq,t3.pc,6,0,1844,1847
seq,t0.dl,12,83,1845,1848
seq,t0.pc,6,8,1845,1848
seq,t1.pc,6,50,1846,1849
seq,t2.dl,12,37,1847,1850
seq,t2.pc,6,12,1847,1850
seq,t3.pc,6,0,1848,1851
seq,t0.dl,12,82,1849,1852
seq,t0.pc,6,8,1849,1852
seq,t1.pc,6,50,1850,1853
seq,t2.dl,12,36,1851,1854
seq,t2.pc,6,12,1851,1854
seq,t3.pc,6,0,1852,1855
seq,t0.dl,12,81,1853,1856
seq,t0.pc,6,8,1853,1856
seq,t1.pc,6,50,1854,1857
seq,t2.dl,12,35,1855,1858
seq,t2.pc,6,12,1855,1858
seq,t3.pc,6,0,1856,1859
seq,t0.dl,12,80,1857,1860
seq,t0.pc,6,8,1857,1860
seq,t1.pc,6,50,1858,1861
seq,t2.dl,12,34,1859,1862
seq,t2.pc,6,12,1859,1862
seq,t3.pc,6,0,1860,1863
seq,t0.dl,12,79,1861,1864
seq,t0.pc,6,8,1861,1864
seq,t1.pc,6,50,1862,1865
seq,t2.dl,12,33,1863,1866
seq,t2.pc,6,12,1863,1866
seq,t3.pc,6,0,1864,1867
seq,t0.dl,12,78,1865,1868
seq,t0.pc,6,8,1865,1868
seq,t1.pc,6,50,1866,1869
seq,t2.dl,12,32,1867,1870
seq,t2.pc,6,12,1867,1870
seq,t3.pc,6,0,1868,1871
seq,t0.dl,12,77,1869,1872
seq,t0.pc,6,8,1869,1872
seq,t1.pc,6,50,1870,1873
seq,t2.dl,12,31,1871,1874
seq,t2.pc,6,12,1871,1874
seq,t3.pc,6,0,1872,1875
seq,t0.dl,12,76,1873,1876
seq,t0.pc,6,8,1873,1876
seq,t1.pc,6,50,1874,1877
seq,t2.dl,12,30,1875,1878
seq,t2.pc,6,12,1875,1878
seq,t3.pc,6,0,1876,1879
seq,t0.dl,12,75,1877,1880
seq,t0.pc,6,8,1877,1880
seq,t1.pc,6,50,1878,1881
seq,t2.dl,12,29,1879,1882
seq,t2.pc,6,12,1879,1882
seq,t3.pc,6,0,1880,1883
seq,t0.dl,12,74,1881,1884
seq,t0.pc,6,8,1881,1884
seq,t1.pc,6,50,1882,1885
seq,t2.dl,12,28,1883,1886
seq,t2.pc,6,12,1883,1886
seq,t3.pc,6,0,1884,1887
seq,t0.dl,12,73,1885,1888
seq,t0.pc,6,8,1885,1888
seq,t1.pc,6,50,1886,1889
seq,t2.dl,12,27,1887,1890
seq,t2.pc,6,12,1887,1890
seq,t3.pc,6,0,1888,1891
seq,t0.dl,12,72,1889,1892
seq,t0.pc,6,8,1889,1892
seq,t1.pc,6,50,1890,1893
seq,t2.dl,12,26,1891,1894
seq,t2.pc,6,12,1891,1894
seq,t3.pc,6,0,1892,1895
seq,t0.dl,12,71,1893,1896
seq,t0.pc,6,8,1893,1896
seq,t1.pc,6,50,1894,1897
seq,t2.dl,12,25,1895,1898
seq,t2.pc,6,12,1895,1898
seq,t3.pc,6,0,1896,1899
seq,t0.dl,12,70,1897,1900
seq,t0.pc,6,8,1897,1900
seq,t1.pc,6,50,1898,1901
seq,t2.dl,12,24,1899,1902
seq,t2.pc,6,12,1899,1902
seq,t3.pc,6,0,1900,1903
seq,t0.dl,12,69,1901,1904
seq,t0.pc,6,8,1901,1904
seq,t1.pc,6,50,1902,1905
seq,t2.dl,12,23,1903,1906
seq,t2.pc,6,12,1903,1906
seq,t3.pc,6,0,1904,1907
seq,t0.dl,12,68,1905,1908
seq,t0.pc,6,8,1905,1908
seq,t1.pc,6,50,1906,1909
seq,t2.dl,12,22,1907,1910
seq,t2.pc,6,12,1907,1910
seq,t3.pc,6,0,1908,1911
seq,t0.dl,12,67,1909,1912
seq,t0.pc,6,8,1909,1912
seq,t1.pc,6,50,1910,1913
seq,t2.dl,12,21,1911,1914
seq,t2.pc,6,12,1911,1914
seq,t3.pc,6,0,1912,1915
seq,t0.dl,12,66,1913,1916
seq,t0.pc,6,8,1913,1916
seq,t1.pc,6,50,1914,1917
seq,t2.dl,12,20,1915,1918
seq,t2.pc,6,12,1915,1918
seq,t3.pc,6,0,1916,1919
seq,t0.dl,12,65,1917,1920
seq,t0.pc,6,8,1917,1920
seq,t1.pc,6,50,1918,1921
seq,t2.dl,12,19,1919,1922
seq,t2.pc,6,12,1919,1922
seq,t3.pc,6,0,1920,1923
seq,t0.dl,12,64,1921,1924
seq,t0.pc,6,8,1921,1924
seq,t1.pc,6,50,1922,1925
seq,t2.dl,12,18,1923,1926
seq,t2.pc,6,12,1923,1926
seq,t3.pc,6,0,1924,1927
seq,t0.dl,12,63,1925,1928
seq,t0.pc,6,8,1925,1928
seq,t1.pc,6,50,1926,1929
seq,t2.dl,12,17,1927,1930
seq,t2.pc,6,12,1927,1930
seq,t3.pc,6,0,1928,1931
seq,t0.dl,12,62,1929,1932
seq,t0.pc,6,8,1929,1932
seq,t1.pc,6,50,1930,1933
seq,t2.dl,12,16,1931,1934
seq,t2.pc,6,12,1931,1934
seq,t3.pc,6,0,1932,1935
seq,t0.dl,12,61,1933,1936
seq,t0.pc,6,8,1933,1936
seq,t1.pc,6,50,1934,1937
seq,t2.dl,12,15,1935,1938
seq,t2.pc,6,12,1935,1938
seq,t3.pc,6,0,1936,1939
seq,t0.dl,12,60,1937,1940
seq,t0.pc,6,8,1937,1940
seq,t1.pc,6,50,1938,1941
seq,t2.dl,12,14,1939,1942
seq,t2.pc,6,12,1939,1942
seq,t3.pc,6,0,1940,1943
seq,t0.dl,12,59,1941,1944
seq,t0.pc,6,8,1941,1944
seq,t1.pc,6,50,1942,1945
seq,t2.dl,12,13,1943,1946
seq,t2.pc,6,12,1943,1946
seq,t3.pc,6,0,1944,1947
seq,t0.dl,12,58,1945,1948
seq,t0.pc,6,8,1945,1948
seq,t1.pc,6,50,1946,1949
seq,t2.dl,12,12,1947,1950
seq,t2.pc,6,12,1947,1950
seq,t3.pc,6,0,1948,1951
seq,t0.dl,12,57,1949,1952
seq,t0.pc,6,8,1949,1952
seq,t1.pc,6,50,1950,1953
seq,t2.dl,12,11,1951,1954
seq,t2.pc,6,12,1951,1954
seq,t3.pc,6,0,1952,1955
seq,t0.dl,12,56,1953,1956
seq,t0.pc,6,8,1953,1956
seq,t1.pc,6,50,1954,1957
seq,t2.dl,12,10,1955,1958
seq,t2.pc,6,12,1955,1958
seq,t3.pc,6,0,1956,1959
seq,t0.dl,12,55,1957,1960
seq,t0.pc,6,8,1957,1960
seq,t1.pc,6,50,1958,1961
seq,t2.dl,12,9,1959,1962
seq,t2.pc,6,12,1959,1962
seq,t3.pc,6,0,1960,1963
seq,t0.dl,12,54,1961,1964
seq,t0.pc,6,8,1961,1964
seq,t1.pc,6,50,1962,1965
seq,t2.dl,12,8,1963,1966
seq,t2.pc,6,12,1963,1966
seq,t3.pc,6,0,1964,1967
seq,t0.dl,12,53,1965,1968
seq,t0.pc,6,8,1965,1968
seq,t1.pc,6,50,1966,1969
seq,t2.dl,12,7,1967,1970
seq,t2.pc,6,12,1967,1970
seq,t3.pc,6,0,1968,1971
seq,t0.dl,12,52,1969,1972
seq,t0.pc,6,8,1969,1972
seq,t1.pc,6,50,1970,1973
seq,t2.dl,12,6,1971,1974
seq,t2.pc,6,12,1971,1974
seq,t3.pc,6,0,1972,1975
seq,t0.dl,12,51,1973,1976
seq,t0.pc,6,8,1973,1976
seq,t1.pc,6,50,1974,1977
seq,t2.dl,12,5,1975,1978
seq,t2.pc,6,12,1975,1978
seq,t3.pc,6,0,1976,1979
seq,t0.dl,12,50,1977,1980
seq,t0.pc,6,8,1977,1980
seq,t1.pc,6,50,1978,1981
seq,t2.dl,12,4,1979,1982
seq,t2.pc,6,12,1979,1982
seq,t3.pc,6,0,1980,1983
seq,t0.dl,12,49,1981,1984
seq,t0.pc,6,8,1981,1984
seq,t1.pc,6,50,1982,1985
seq,t2.dl,12,3,1983,1986
seq,t2.pc,6,12,1983,1986
seq,t3.pc,6,0,1984,1987
seq,t0.dl,12,48,1985,1988
seq,t0.pc,6,8,1985,1988
seq,t1.pc,6,50,1986,1989
seq,t2.dl,12,2,1987,1990
seq,t2.pc,6,12,1987,1990
seq,t3.pc,6,0,1988,1991
seq,t0.dl,12,47,1989,1992
seq,t0.pc,6,8,1989,1992
seq,t1.pc,6,50,1990,1993
seq,t2.dl,12,1,1991,1994
seq,t2.pc,6,12,1991,1994
seq,t3.pc,6,0,1992,1995
seq,t0.dl,12,46,1993,1996
seq,t0.pc,6,8,1993,1996
seq,t1.pc,6,50,1994,1997
seq,t2.pc,6,12,1995,1998
seq,t3.pc,6,0,1996,1999
seq,t0.dl,12,45,1997,2000
seq,t0.pc,6,8,1997,2000
seq,t1.pc,6,50,1998,2001
seq,t2.pc,6,13,1999,2002
seq,t3.pc,6,0,2000,2003
seq,t0.dl,12,44,2001,2004
seq,t0.pc,6,8,2001,2004
seq,t1.pc,6,50,2002,2005
seq,t2.dl,12,0,1995,1998
seq,t2.pc,6,14,2003,2006
seq,t3.pc,6,0,2004,2007
seq,t0.dl,12,43,2005,2008
seq,t0.pc,6,8,2005,2008
seq,t1.pc,6,50,2006,2009
seq,t2.dl,12,27,2007,2010
seq,t2.pc,6,15,2007,2010
seq,t3.pc,6,0,2008,2011
seq,t0.dl,12,42,2009,2012
seq,t0.pc,6,8,2009,2012
seq,t1.pc,6,50,2010,2013
seq,t2.dl,12,26,2011,2014
seq,t2.pc,6,15,2011,2014
seq,t3.pc,6,0,2012,2015
seq,t0.dl,12,41,2013,2016
seq,t0.pc,6,8,2013,2016
seq,t1.pc,6,50,2014,2017
seq,t2.dl,12,25,2015,2018
seq,t2.pc,6,15,2015,2018
seq,t3.pc,6,0,2016,2019
seq,t0.dl,12,40,2017,2020
seq,t0.pc,6,8,2017,2020
seq,t1.pc,6,50,2018,2021
seq,t2.dl,12,24,2019,2022
seq,t2.pc,6,15,2019,2022
seq,t3.pc,6,0,2020,2023
seq,t0.dl,12,39,2021,2024
seq,t0.pc,6,8,2021,2024
seq,t1.pc,6,50,2022,2025
seq,t2.dl,12,23,2023,2026
seq,t2.pc,6,15,2023,2026
seq,t3.pc,6,0,2024,2027
seq,t0.dl,12,38,2025,2028
seq,t0.pc,6,8,2025,2028
seq,t1.pc,6,50,2026,2029
seq,t2.dl,12,22,2027,2030
seq,t2.pc,6,15,2027,2030
seq,t3.pc,6,0,2028,2031
seq,t0.dl,12,37,2029,2032
seq,t0.pc,6,8,2029,2032
seq,t1.pc,6,50,2030,2033
seq,t2.dl,12,21,2031,2034
seq,t2.pc,6,15,2031,2034
seq,t3.pc,6,0,2032,2035
seq,t0.dl,12,36,2033,2036
seq,t0.pc,6,8,2033,2036
seq,t1.pc,6,50,2034,2037
seq,t2.dl,12,20,2035,2038
seq,t2.pc,6,15,2035,2038
seq,t3.pc,6,0,2036,2039
seq,t0.dl,12,35,2037,2040
seq,t0.pc,6,8,2037,2040
seq,t1.pc,6,50,2038,2041
seq,t2.dl,12,19,2039,2042
seq,t2.pc,6,15,2039,2042
seq,t3.pc,6,0,2040,2043
seq,t0.dl,12,34,2041,2044
seq,t0.pc,6,8,2041,2044
seq,t1.pc,6,50,2042,2045
seq,t2.dl,12,18,2043,2046
seq,t2.pc,6,15,2043,2046
seq,t3.pc,6,0,2044,2047
seq,t0.dl,12,33,2045,2048
seq,t0.pc,6,8,2045,2048
seq,t1.pc,6,50,2046,2049
seq,t2.dl,12,17,2047,2050
seq,t2.pc,6,15,2047,2050
seq,t3.pc,6,0,2048,2051
seq,t0.dl,12,32,2049,2052
seq,t0.pc,6,8,2049,2052
seq,t1.pc,6,50,2050,2053
seq,t2.dl,12,16,2051,2054
seq,t2.pc,6,15,2051,2054
seq,t3.pc,6,0,2052,2055
seq,t0.dl,12,31,2053,2056
seq,t0.pc,6,8,2053,2056
seq,t1.pc,6,50,2054,2057
seq,t2.dl,12,15,2055,2058
seq,t2.pc,6,15,2055,2058
seq,t3.pc,6,0,2056,2059
seq,t0.dl,12,30,2057,2060
seq,t0.pc,6,8,2057,2060
seq,t1.pc,6,50,2058,2061
seq,t2.dl,12,14,2059,2062
seq,t2.pc,6,15,2059,2062
seq,t3.pc,6,0,2060,2063
seq,t0.dl,12,29,2061,2064
seq,t0.pc,6,8,2061,2064
seq,t1.pc,6,50,2062,2065
seq,t2.dl,12,13,2063,2066
seq,t2.pc,6,15,2063,2066
seq,t3.pc,6,0,2064,2067
seq,t0.dl,12,28,2065,2068
seq,t0.pc,6,8,2065,2068
seq,t1.pc,6,50,2066,2069
seq,t2.dl,12,12,2067,2070
seq,t2.pc,6,15,2067,2070
seq,t3.pc,6,0,2068,2071
seq,t0.dl,12,27,2069,2072
seq,t0.pc,6,8,2069,2072
seq,t1.pc,6,50,2070,2073
seq,t2.dl,12,11,2071,2074
seq,t2.pc,6,15,2071,2074
seq,t3.pc,6,0,2072,2075
seq,t0.dl,12,26,2073,2076
seq,t0.pc,6,8,2073,2076
seq,t1.pc,6,50,2074,2077
seq,t2.dl,12,10,2075,2078
seq,t2.pc,6,15,2075,2078
seq,t3.pc,6,0,2076,2079
seq,t0.dl,12,25,2077,2080
seq,t0.pc,6,8,2077,2080
seq,t1.pc,6,50,2078,2081
seq,t2.dl,12,9,2079,2082
seq,t2.pc,6,15,2079,2082
seq,t3.pc,6,0,2080,2083
seq,t0.dl,12,24,2081,2084
seq,t0.pc,6,8,2081,2084
seq,t1.pc,6,50,2082,2085
seq,t2.dl,12,8,2083,2086
seq,t2.pc,6,15,2083,2086
seq,t3.pc,6,0,2084,2087
seq,t0.dl,12,23,2085,2088
seq,t0.pc,6,8,2085,2088
seq,t1.pc,6,50,2086,2089
seq,t2.dl,12,7,2087,2090
seq,t2.pc,6,15,2087,2090
seq,t3.pc,6,0,2088,2091
seq,t0.dl,12,22,2089,2092
seq,t0.pc,6,8,2089,2092
seq,t1.pc,6,50,2090,2093
seq,t2.dl,12,6,2091,2094
seq,t2.pc,6,15,2091,2094
seq,t3.pc,6,0,2092,2095
seq,t0.dl,12,21,2093,2096
seq,t0.pc,6,8,2093,2096
seq,t1.pc,6,50,2094,2097
seq,t2.dl,12,5,2095,2098
seq,t2.pc,6,15,2095,2098
seq,t3.pc,6,0,2096,2099
seq,t0.dl,12,20,2097,2100
seq,t0.pc,6,8,2097,2100
seq,t1.pc,6,50,2098,2101
seq,t2.dl,12,4,2099,2102
seq,t2.pc,6,15,2099,2102
seq,t3.pc,6,0,2100,2103
seq,t0.dl,12,19,2101,2104
seq,t0.pc,6,8,2101,2104
seq,t1.pc,6,50,2102,2105
seq,t2.dl,12,3,2103,2106
seq,t2.pc,6,15,2103,2106
seq,t3.pc,6,0,2104,2107
seq,t0.dl,12,18,2105,2108
seq,t0.pc,6,8,2105,2108
seq,t1.pc,6,50,2106,2109
seq,t2.dl,12,2,2107,2110
seq,t2.pc,6,15,2107,2110
seq,t3.pc,6,0,2108,2111
seq,t0.dl,12,17,2109,2112
seq,t0.pc,6,8,2109,2112
seq,t1.pc,6,50,2110,2113
seq,t2.dl,12,1,2111,2114
seq,t2.pc,6,15,2111,2114
seq,t3.pc,6,0,2112,2115
seq,t0.dl,12,16,2113,2116
seq,t0.pc,6,8,2113,2116
seq,t1.pc,6,50,2114,2117
seq,t2.pc,6,15,2115,2118
seq,t3.pc,6,0,2116,2119
seq,t0.dl,12,15,2117,2120
seq,t0.pc,6,8,2117,2120
seq,t1.pc,6,50,2118,2121
seq,t2.pc,6,16,2119,2122
seq,t3.pc,6,0,2120,2123
seq,t0.dl,12,14,2121,2124
seq,t0.pc,6,8,2121,2124
seq,t1.pc,6,50,2122,2125
seq,t2.acc,8,0,1631,2126
seq,t2.cnt,12,4,1631,2126
seq,t2.pc,6,7,2123,2126
seq,t3.pc,6,0,2124,2127
seq,t0.dl,12,13,2125,2128
seq,t0.pc,6,8,2125,2128
seq,t1.pc,6,50,2126,2129
seq,t2.dl,12,0,2115,2118
seq,t2.pc,6,8,2127,2130
seq,t3.pc,6,0,2128,2131
seq,t0.dl,12,12,2129,2132
seq,t0.pc,6,8,2129,2132
seq,t1.pc,6,50,2130,2133
seq,t2.dl,12,28,2131,2134
seq,t2.pc,6,9,2131,2134
seq,t3.pc,6,0,2132,2135
seq,t0.dl,12,11,2133,2136
seq,t0.pc,6,8,2133,2136
seq,t1.pc,6,50,2134,2137
seq,t2.dl,12,27,2135,2138
seq,t2.pc,6,9,2135,2138
seq,t3.pc,6,0,2136,2139
seq,t0.dl,12,10,2137,2140
seq,t0.pc,6,8,2137,2140
seq,t1.pc,6,50,2138,2141
seq,t2.dl,12,26,2139,2142
seq,t2.pc,6,9,2139,2142
seq,t3.pc,6,0,2140,2143
seq,t0.dl,12,9,2141,2144
seq,t0.pc,6,8,2141,2144
seq,t1.pc,6,50,2142,2145
seq,t2.dl,12,25,2143,2146
seq,t2.pc,6,9,2143,2146
seq,t3.pc,6,0,2144,2147
seq,t0.dl,12,8,2145,2148
seq,t0.pc,6,8,2145,2148
seq,t1.pc,6,50,2146,2149
seq,t2.dl,12,24,2147,2150
seq,t2.pc,6,9,2147,2150
seq,t3.pc,6,0,2148,2151
seq,t0.dl,12,7,2149,2152
seq,t0.pc,6,8,2149,2152
seq,t1.pc,6,50,2150,2153
seq,t2.dl,12,23,2151,2154
seq,t2.pc,6,9,2151,2154
seq,t3.pc,6,0,2152,2155
seq,t0.dl,12,6,2153,2156
seq,t0.pc,6,8,2153,2156
seq,t1.pc,6,50,2154,2157
seq,t2.dl,12,22,2155,2158
seq,t2.pc,6,9,2155,2158
seq,t3.pc,6,0,2156,2159
seq,t0.dl,12,5,2157,2160
seq,t0.pc,6,8,2157,2160
seq,t1.pc,6,50,2158,2161
seq,t2.dl,12,21,2159,2162
seq,t2.pc,6,9,2159,2162
seq,t3.pc,6,0,2160,2163
seq,t0.dl,12,4,2161,2164
seq,t0.pc,6,8,2161,2164
seq,t1.pc,6,50,2162,2165
seq,t2.dl,12,20,2163,2166
seq,t2.pc,6,9,2163,2166
seq,t3.pc,6,0,2164,2167
seq,t0.dl,12,3,2165,2168
seq,t0.pc,6,8,2165,2168
seq,t1.pc,6,50,2166,2169
seq,t2.dl,12,19,2167,2170
seq,t2.pc,6,9,2167,2170
seq,t3.pc,6,0,2168,2171
seq,t0.dl,12,2,2169,2172
seq,t0.pc,6,8,2169,2172
seq,t1.pc,6,50,2170,2173
seq,t2.dl,12,18,2171,2174
seq,t2.pc,6,9,2171,2174
seq,t3.pc,6,0,2172,2175
seq,t0.dl,12,1,2173,2176
seq,t0.pc,6,8,2173,2176
seq,t1.pc,6,50,2174,2177
seq,t2.dl,12,17,2175,2178
seq,t2.pc,6,9,2175,2178
seq,t3.pc,6,0,2176,2179
seq,t0.pc,6,8,2177,2180
seq,t1.pc,6,50,2178,2181
seq,t2.dl,12,16,2179,2182
seq,t2.pc,6,9,2179,2182
seq,t3.pc,6,0,2180,2183
seq,t0.pc,6,9,2181,2184
seq,t1.pc,6,50,2182,2185
seq,t2.dl,12,15,2183,2186
seq,t2.pc,6,9,2183,2186
seq,t3.pc,6,0,2184,2187
seq,t0.acc,8,4,1753,2188
seq,t0.cnt,12,4,1753,2188
seq,t0.pc,6,6,2185,2188
seq,t1.pc,6,50,2186,2189
seq,t2.dl,12,14,2187,2190
seq,t2.pc,6,9,2187,2190
seq,t3.pc,6,0,2188,2191
seq,t0.dl,12,0,2177,2180
seq,t0.pc,6,7,2189,2192
seq,t1.pc,6,50,2190,2193
seq,t2.dl,12,13,2191,2194
seq,t2.pc,6,9,2191,2194
seq,t3.pc,6,0,2192,2195
seq,t0.dl,12,105,2193,2196
seq,t0.pc,6,8,2193,2196
seq,t1.pc,6,50,2194,2197
seq,t2.dl,12,12,2195,2198
seq,t2.pc,6,9,2195,2198
seq,t3.pc,6,0,2196,2199
seq,t0.dl,12,104,2197,2200
seq,t0.pc,6,8,2197,2200
seq,t1.pc,6,50,2198,2201
seq,t2.dl,12,11,2199,2202
seq,t2.pc,6,9,2199,2202
seq,t3.pc,6,0,2200,2203
seq,t0.dl,12,103,2201,2204
seq,t0.pc,6,8,2201,2204
seq,t1.pc,6,50,2202,2205
seq,t2.dl,12,10,2203,2206
seq,t2.pc,6,9,2203,2206
seq,t3.pc,6,0,2204,2207
seq,t0.dl,12,102,2205,2208
seq,t0.pc,6,8,2205,2208
seq,t1.pc,6,50,2206,2209
seq,t2.dl,12,9,2207,2210
seq,t2.pc,6,9,2207,2210
seq,t3.pc,6,0,2208,2211
seq,t0.dl,12,101,2209,2212
seq,t0.pc,6,8,2209,2212
seq,t1.pc,6,50,2210,2213
seq,t2.dl,12,8,2211,2214
seq,t2.pc,6,9,2211,2214
seq,t3.pc,6,0,2212,2215
seq,t0.dl,12,100,2213,2216
seq,t0.pc,6,8,2213,2216
seq,t1.pc,6,50,2214,2217
seq,t2.dl,12,7,2215,2218
seq,t2.pc,6,9,2215,2218
seq,t3.pc,6,0,2216,2219
seq,t0.dl,12,99,2217,2220
seq,t0.pc,6,8,2217,2220
seq,t1.pc,6,50,2218,2221
seq,t2.dl,12,6,2219,2222
seq,t2.pc,6,9,2219,2222
seq,t3.pc,6,0,2220,2223
seq,t0.dl,12,98,2221,2224
seq,t0.pc,6,8,2221,2224
seq,t1.pc,6,50,2222,2225
seq,t2.dl,12,5,2223,2226
seq,t2.pc,6,9,2223,2226
seq,t3.pc,6,0,2224,2227
seq,t0.dl,12,97,2225,2228
seq,t0.pc,6,8,2225,2228
seq,t1.pc,6,50,2226,2229
seq,t2.dl,12,4,2227,2230
seq,t2.pc,6,9,2227,2230
seq,t3.pc,6,0,2228,2231
seq,t0.dl,12,96,2229,2232
seq,t0.pc,6,8,2229,2232
seq,t1.pc,6,50,2230,2233
seq,t2.dl,12,3,2231,2234
seq,t2.pc,6,9,2231,2234
seq,t3.pc,6,0,2232,2235
seq,t0.dl,12,95,2233,2236
seq,t0.pc,6,8,2233,2236
seq,t1.pc,6,50,2234,2237
seq,t2.dl,12,2,2235,2238
seq,t2.pc,6,9,2235,2238
seq,t3.pc,6,0,2236,2239
seq,t0.dl,12,94,2237,2240
seq,t0.pc,6,8,2237,2240
seq,t1.pc,6,50,2238,2241
seq,t2.dl,12,1,2239,2242
seq,t2.pc,6,9,2239,2242
seq,t3.pc,6,0,2240,2243
seq,t0.dl,12,93,2241,2244
seq,t0.pc,6,8,2241,2244
seq,t1.pc,6,50,2242,2245
seq,t2.pc,6,9,2243,2246
seq,t3.pc,6,0,2244,2247
seq,t0.dl,12,92,2245,2248
seq,t0.pc,6,8,2245,2248
seq,t1.pc,6,50,2246,2249
seq,t2.pc,6,10,2247,2250
seq,t3.pc,6,0,2248,2251
seq,t0.dl,12,91,2249,2252
seq,t0.pc,6,8,2249,2252
seq,t1.pc,6,50,2250,2253
seq,t2.dl,12,0,2243,2246
seq,t2.pc,6,11,2251,2254
seq,t3.pc,6,0,2252,2255
seq,t0.dl,12,90,2253,2256
seq,t0.pc,6,8,2253,2256
seq,t1.pc,6,50,2254,2257
seq,t2.dl,12,59,2255,2258
seq,t2.pc,6,12,2255,2258
seq,t3.pc,6,0,2256,2259
seq,t0.dl,12,89,2257,2260
seq,t0.pc,6,8,2257,2260
seq,t1.pc,6,50,2258,2261
seq,t2.dl,12,58,2259,2262
seq,t2.pc,6,12,2259,2262
seq,t3.pc,6,0,2260,2263
seq,t0.dl,12,88,2261,2264
seq,t0.pc,6,8,2261,2264
seq,t1.pc,6,50,2262,2265
seq,t2.dl,12,57,2263,2266
seq,t2.pc,6,12,2263,2266
seq,t3.pc,6,0,2264,2267
seq,t0.dl,12,87,2265,2268
seq,t0.pc,6,8,2265,2268
seq,t1.pc,6,50,2266,2269
seq,t2.dl,12,56,2267,2270
seq,t2.pc,6,12,2267,2270
seq,t3.pc,6,0,2268,2271
seq,t0.dl,12,86,2269,2272
seq,t0.pc,6,8,2269,2272
seq,t1.pc,6,50,2270,2273
seq,t2.dl,12,55,2271,2274
seq,t2.pc,6,12,2271,2274
seq,t3.pc,6,0,2272,2275
seq,t0.dl,12,85,2273,2276
seq,t0.pc,6,8,2273,2276
seq,t1.pc,6,50,2274,2277
seq,t2.dl,12,54,2275,2278
seq,t2.pc,6,12,2275,2278
seq,t3.pc,6,0,2276,2279
seq,t0.dl,12,84,2277,2280
seq,t0.pc,6,8,2277,2280
seq,t1.pc,6,50,2278,2281
seq,t2.dl,12,53,2279,2282
seq,t2.pc,6,12,2279,2282
seq,t3.pc,6,0,2280,2283
seq,t0.dl,12,83,2281,2284
seq,t0.pc,6,8,2281,2284
seq,t1.pc,6,50,2282,2285
seq,t2.dl,12,52,2283,2286
seq,t2.pc,6,12,2283,2286
seq,t3.pc,6,0,2284,2287
seq,t0.dl,12,82,2285,2288
seq,t0.pc,6,8,2285,2288
seq,t1.pc,6,50,2286,2289
seq,t2.dl,12,51,2287,2290
seq,t2.pc,6,12,2287,2290
seq,t3.pc,6,0,2288,2291
seq,t0.dl,12,81,2289,2292
seq,t0.pc,6,8,2289,2292
seq,t1.pc,6,50,2290,2293
seq,t2.dl,12,50,2291,2294
seq,t2.pc,6,12,2291,2294
seq,t3.pc,6,0,2292,2295
seq,t0.dl,12,80,2293,2296
seq,t0.pc,6,8,2293,2296
seq,t1.pc,6,50,2294,2297
seq,t2.dl,12,49,2295,2298
seq,t2.pc,6,12,2295,2298
seq,t3.pc,6,0,2296,2299
seq,t0.dl,12,79,2297,2300
seq,t0.pc,6,8,2297,2300
seq,t1.pc,6,50,2298,2301
seq,t2.dl,12,48,2299,2302
seq,t2.pc,6,12,2299,2302
seq,t3.pc,6,0,2300,2303
seq,t0.dl,12,78,2301,2304
seq,t0.pc,6,8,2301,2304
seq,t1.pc,6,50,2302,2305
seq,t2.dl,12,47,2303,2306
seq,t2.pc,6,12,2303,2306
seq,t3.pc,6,0,2304,2307
seq,t0.dl,12,77,2305,2308
seq,t0.pc,6,8,2305,2308
seq,t1.pc,6,50,2306,2309
seq,t2.dl,12,46,2307,2310
seq,t2.pc,6,12,2307,2310
seq,t3.pc,6,0,2308,2311
seq,t0.dl,12,76,2309,2312
seq,t0.pc,6,8,2309,2312
seq,t1.pc,6,50,2310,2313
seq,t2.dl,12,45,2311,2314
seq,t2.pc,6,12,2311,2314
seq,t3.pc,6,0,2312,2315
seq,t0.dl,12,75,2313,2316
seq,t0.pc,6,8,2313,2316
seq,t1.pc,6,50,2314,2317
seq,t2.dl,12,44,2315,2318
seq,t2.pc,6,12,2315,2318
seq,t3.pc,6,0,2316,2319
seq,t0.dl,12,74,2317,2320
seq,t0.pc,6,8,2317,2320
seq,t1.pc,6,50,2318,2321
seq,t2.dl,12,43,2319,2322
seq,t2.pc,6,12,2319,2322
seq,t3.pc,6,0,2320,2323
seq,t0.dl,12,73,2321,2324
seq,t0.pc,6,8,2321,2324
seq,t1.pc,6,50,2322,2325
seq,t2.dl,12,42,2323,2326
seq,t2.pc,6,12,2323,2326
seq,t3.pc,6,0,2324,2327
seq,t0.dl,12,72,2325,2328
seq,t0.pc,6,8,2325,2328
seq,t1.pc,6,50,2326,2329
seq,t2.dl,12,41,2327,2330
seq,t2.pc,6,12,2327,2330
seq,t3.pc,6,0,2328,2331
seq,t0.dl,12,71,2329,2332
seq,t0.pc,6,8,2329,2332
seq,t1.pc,6,50,2330,2333
seq,t2.dl,12,40,2331,2334
seq,t2.pc,6,12,2331,2334
seq,t3.pc,6,0,2332,2335
seq,t0.dl,12,70,2333,2336
seq,t0.pc,6,8,2333,2336
seq,t1.pc,6,50,2334,2337
seq,t2.dl,12,39,2335,2338
seq,t2.pc,6,12,2335,2338
seq,t3.pc,6,0,2336,2339
seq,t0.dl,12,69,2337,2340
seq,t0.pc,6,8,2337,2340
seq,t1.pc,6,50,2338,2341
seq,t2.dl,12,38,2339,2342
seq,t2.pc,6,12,2339,2342
seq,t3.pc,6,0,2340,2343
seq,t0.dl,12,68,2341,2344
seq,t0.pc,6,8,2341,2344
seq,t1.pc,6,50,2342,2345
seq,t2.dl,12,37,2343,2346
seq,t2.pc,6,12,2343,2346
seq,t3.pc,6,0,2344,2347
seq,t0.dl,12,67,2345,2348
seq,t0.pc,6,8,2345,2348
seq,t1.pc,6,50,2346,2349
seq,t2.dl,12,36,2347,2350
seq,t2.pc,6,12,2347,2350
seq,t3.pc,6,0,2348,2351
seq,t0.dl,12,66,2349,2352
seq,t0.pc,6,8,2349,2352
seq,t1.pc,6,50,2350,2353
seq,t2.dl,12,35,2351,2354
seq,t2.pc,6,12,2351,2354
seq,t3.pc,6,0,2352,2355
seq,t0.dl,12,65,2353,2356
seq,t0.pc,6,8,2353,2356
seq,t1.pc,6,50,2354,2357
seq,t2.dl,12,34,2355,2358
seq,t2.pc,6,12,2355,2358
seq,t3.pc,6,0,2356,2359
seq,t0.dl,12,64,2357,2360
seq,t0.pc,6,8,2357,2360
seq,t1.pc,6,50,2358,2361
seq,t2.dl,12,33,2359,2362
seq,t2.pc,6,12,2359,2362
seq,t3.pc,6,0,2360,2363
seq,t0.dl,12,63,2361,2364
seq,t0.pc,6,8,2361,2364
seq,t1.pc,6,50,2362,2365
seq,t2.dl,12,32,2363,2366
seq,t2.pc,6,12,2363,2366
seq,t3.pc,6,0,2364,2367
seq,t0.dl,12,62,2365,2368
seq,t0.pc,6,8,2365,2368
seq,t1.pc,6,50,2366,2369
seq,t2.dl,12,31,2367,2370
seq,t2.pc,6,12,2367,2370
seq,t3.pc,6,0,2368,2371
seq,t0.dl,12,61,2369,2372
seq,t0.pc,6,8,2369,2372
seq,t1.pc,6,50,2370,2373
seq,t2.dl,12,30,2371,2374
seq,t2.pc,6,12,2371,2374
seq,t3.pc,6,0,2372,2375
seq,t0.dl,12,60,2373,2376
seq,t0.pc,6,8,2373,2376
seq,t1.pc,6,50,2374,2377
seq,t2.dl,12,29,2375,2378
seq,t2.pc,6,12,2375,2378
seq,t3.pc,6,0,2376,2379
seq,t0.dl,12,59,2377,2380
seq,t0.pc,6,8,2377,2380
seq,t1.pc,6,50,2378,2381
seq,t2.dl,12,28,2379,2382
seq,t2.pc,6,12,2379,2382
seq,t3.pc,6,0,2380,2383
seq,t0.dl,12,58,2381,2384
seq,t0.pc,6,8,2381,2384
seq,t1.pc,6,50,2382,2385
seq,t2.dl,12,27,2383,2386
seq,t2.pc,6,12,2383,2386
seq,t3.pc,6,0,2384,2387
seq,t0.dl,12,57,2385,2388
seq,t0.pc,6,8,2385,2388
seq,t1.pc,6,50,2386,2389
seq,t2.dl,12,26,2387,2390
seq,t2.pc,6,12,2387,2390
seq,t3.pc,6,0,2388,2391
seq,t0.dl,12,56,2389,2392
seq,t0.pc,6,8,2389,2392
seq,t1.pc,6,50,2390,2393
seq,t2.dl,12,25,2391,2394
seq,t2.pc,6,12,2391,2394
seq,t3.pc,6,0,2392,2395
seq,t0.dl,12,55,2393,2396
seq,t0.pc,6,8,2393,2396
seq,t1.pc,6,50,2394,2397
seq,t2.dl,12,24,2395,2398
seq,t2.pc,6,12,2395,2398
seq,t3.pc,6,0,2396,2399
seq,t0.dl,12,54,2397,2400
seq,t0.pc,6,8,2397,2400
seq,t1.pc,6,50,2398,2401
seq,t2.dl,12,23,2399,2402
seq,t2.pc,6,12,2399,2402
seq,t3.pc,6,0,2400,2403
seq,t0.dl,12,53,2401,2404
seq,t0.pc,6,8,2401,2404
seq,t1.pc,6,50,2402,2405
seq,t2.dl,12,22,2403,2406
seq,t2.pc,6,12,2403,2406
seq,t3.pc,6,0,2404,2407
seq,t0.dl,12,52,2405,2408
seq,t0.pc,6,8,2405,2408
seq,t1.pc,6,50,2406,2409
seq,t2.dl,12,21,2407,2410
seq,t2.pc,6,12,2407,2410
seq,t3.pc,6,0,2408,2411
seq,t0.dl,12,51,2409,2412
seq,t0.pc,6,8,2409,2412
seq,t1.pc,6,50,2410,2413
seq,t2.dl,12,20,2411,2414
seq,t2.pc,6,12,2411,2414
seq,t3.pc,6,0,2412,2415
seq,t0.dl,12,50,2413,2416
seq,t0.pc,6,8,2413,2416
seq,t1.pc,6,50,2414,2417
seq,t2.dl,12,19,2415,2418
seq,t2.pc,6,12,2415,2418
seq,t3.pc,6,0,2416,2419
seq,t0.dl,12,49,2417,2420
seq,t0.pc,6,8,2417,2420
seq,t1.pc,6,50,2418,2421
seq,t2.dl,12,18,2419,2422
seq,t2.pc,6,12,2419,2422
seq,t3.pc,6,0,2420,2423
seq,t0.dl,12,48,2421,2424
seq,t0.pc,6,8,2421,2424
seq,t1.pc,6,50,2422,2425
seq,t2.dl,12,17,2423,2426
seq,t2.pc,6,12,2423,2426
seq,t3.pc,6,0,2424,2427
seq,t0.dl,12,47,2425,2428
seq,t0.pc,6,8,2425,2428
seq,t1.pc,6,50,2426,2429
seq,t2.dl,12,16,2427,2430
seq,t2.pc,6,12,2427,2430
seq,t3.pc,6,0,2428,2431
seq,t0.dl,12,46,2429,2432
seq,t0.pc,6,8,2429,2432
seq,t1.pc,6,50,2430,2433
seq,t2.dl,12,15,2431,2434
seq,t2.pc,6,12,2431,2434
seq,t3.pc,6,0,2432,2435
seq,t0.dl,12,45,2433,2436
seq,t0.pc,6,8,2433,2436
seq,t1.pc,6,50,2434,2437
seq,t2.dl,12,14,2435,2438
seq,t2.pc,6,12,2435,2438
seq,t3.pc,6,0,2436,2439
seq,t0.dl,12,44,2437,2440
seq,t0.pc,6,8,2437,2440
seq,t1.pc,6,50,2438,2441
seq,t2.dl,12,13,2439,2442
seq,t2.pc,6,12,2439,2442
seq,t3.pc,6,0,2440,2443
seq,t0.dl,12,43,2441,2444
seq,t0.pc,6,8,2441,2444
seq,t1.pc,6,50,2442,2445
seq,t2.dl,12,12,2443,2446
seq,t2.pc,6,12,2443,2446
seq,t3.pc,6,0,2444,2447
seq,t0.dl,12,42,2445,2448
seq,t0.pc,6,8,2445,2448
seq,t1.pc,6,50,2446,2449
seq,t2.dl,12,11,2447,2450
seq,t2.pc,6,12,2447,2450
seq,t3.pc,6,0,2448,2451
seq,t0.dl,12,41,2449,2452
seq,t0.pc,6,8,2449,2452
seq,t1.pc,6,50,2450,2453
seq,t2.dl,12,10,2451,2454
seq,t2.pc,6,12,2451,2454
seq,t3.pc,6,0,2452,2455
seq,t0.dl,12,40,2453,2456
seq,t0.pc,6,8,2453,2456
seq,t1.pc,6,50,2454,2457
seq,t2.dl,12,9,2455,2458
seq,t2.pc,6,12,2455,2458
seq,t3.pc,6,0,2456,2459
seq,t0.dl,12,39,2457,2460
seq,t0.pc,6,8,2457,2460
seq,t1.pc,6,50,2458,2461
seq,t2.dl,12,8,2459,2462
seq,t2.pc,6,12,2459,2462
seq,t3.pc,6,0,2460,2463
seq,t0.dl,12,38,2461,2464
seq,t0.pc,6,8,2461,2464
seq,t1.pc,6,50,2462,2465
seq,t2.dl,12,7,2463,2466
seq,t2.pc,6,12,2463,2466
seq,t3.pc,6,0,2464,2467
seq,t0.dl,12,37,2465,2468
seq,t0.pc,6,8,2465,2468
seq,t1.pc,6,50,2466,2469
seq,t2.dl,12,6,2467,2470
seq,t2.pc,6,12,2467,2470
seq,t3.pc,6,0,2468,2471
seq,t0.dl,12,36,2469,2472
seq,t0.pc,6,8,2469,2472
seq,t1.pc,6,50,2470,2473
seq,t2.dl,12,5,2471,2474
seq,t2.pc,6,12,2471,2474
seq,t3.pc,6,0,2472,2475
seq,t0.dl,12,35,2473,2476
seq,t0.pc,6,8,2473,2476
seq,t1.pc,6,50,2474,2477
seq,t2.dl,12,4,2475,2478
seq,t2.pc,6,12,2475,2478
seq,t3.pc,6,0,2476,2479
seq,t0.dl,12,34,2477,2480
seq,t0.pc,6,8,2477,2480
seq,t1.pc,6,50,2478,2481
seq,t2.dl,12,3,2479,2482
seq,t2.pc,6,12,2479,2482
seq,t3.pc,6,0,2480,2483
seq,t0.dl,12,33,2481,2484
seq,t0.pc,6,8,2481,2484
seq,t1.pc,6,50,2482,2485
seq,t2.dl,12,2,2483,2486
seq,t2.pc,6,12,2483,2486
seq,t3.pc,6,0,2484,2487
seq,t0.dl,12,32,2485,2488
seq,t0.pc,6,8,2485,2488
seq,t1.pc,6,50,2486,2489
seq,t2.dl,12,1,2487,2490
seq,t2.pc,6,12,2487,2490
seq,t3.pc,6,0,2488,2491
seq,t0.dl,12,31,2489,2492
seq,t0.pc,6,8,2489,2492
seq,t1.pc,6,50,2490,2493
seq,t2.pc,6,12,2491,2494
seq,t3.pc,6,0,2492,2495
seq,t0.dl,12,30,2493,2496
seq,t0.pc,6,8,2493,2496
seq,t1.pc,6,50,2494,2497
seq,t2.pc,6,13,2495,2498
seq,t3.pc,6,0,2496,2499
seq,t0.dl,12,29,2497,2500
seq,t0.pc,6,8,2497,2500
seq,t1.pc,6,50,2498,2501
seq,t2.dl,12,0,2491,2494
seq,t2.pc,6,14,2499,2502
seq,t3.pc,6,0,2500,2503
seq,t0.dl,12,28,2501,2504
seq,t0.pc,6,8,2501,2504
seq,t1.pc,6,50,2502,2505
seq,t2.dl,12,27,2503,2506
seq,t2.pc,6,15,2503,2506
seq,t3.pc,6,0,2504,2507
seq,t0.dl,12,27,2505,2508
seq,t0.pc,6,8,2505,2508
seq,t1.pc,6,50,2506,2509
seq,t2.dl,12,26,2507,2510
seq,t2.pc,6,15,2507,2510
seq,t3.pc,6,0,2508,2511
seq,t0.dl,12,26,2509,2512
seq,t0.pc,6,8,2509,2512
seq,t1.pc,6,50,2510,2513
seq,t2.dl,12,25,2511,2514
seq,t2.pc,6,15,2511,2514
seq,t3.pc,6,0,2512,2515
seq,t0.dl,12,25,2513,2516
seq,t0.pc,6,8,2513,2516
seq,t1.pc,6,50,2514,2517
seq,t2.dl,12,24,2515,2518
seq,t2.pc,6,15,2515,2518
seq,t3.pc,6,0,2516,2519
seq,t0.dl,12,24,2517,2520
seq,t0.pc,6,8,2517,2520
seq,t1.pc,6,50,2518,2521
seq,t2.dl,12,23,2519,2522
seq,t2.pc,6,15,2519,2522
seq,t3.pc,6,0,2520,2523
seq,t0.dl,12,23,2521,2524
seq,t0.pc,6,8,2521,2524
seq,t1.pc,6,50,2522,2525
seq,t2.dl,12,22,2523,2526
seq,t2.pc,6,15,2523,2526
seq,t3.pc,6,0,2524,2527
seq,t0.dl,12,22,2525,2528
seq,t0.pc,6,8,2525,2528
seq,t1.pc,6,50,2526,2529
seq,t2.dl,12,21,2527,2530
seq,t2.pc,6,15,2527,2530
seq,t3.pc,6,0,2528,2531
seq,t0.dl,12,21,2529,2532
seq,t0.pc,6,8,2529,2532
seq,t1.pc,6,50,2530,2533
seq,t2.dl,12,20,2531,2534
seq,t2.pc,6,15,2531,2534
seq,t3.pc,6,0,2532,2535
seq,t0.dl,12,20,2533,2536
seq,t0.pc,6,8,2533,2536
seq,t1.pc,6,50,2534,2537
seq,t2.dl,12,19,2535,2538
seq,t2.pc,6,15,2535,2538
seq,t3.pc,6,0,2536,2539
seq,t0.dl,12,19,2537,2540
seq,t0.pc,6,8,2537,2540
seq,t1.pc,6,50,2538,2541
seq,t2.dl,12,18,2539,2542
seq,t2.pc,6,15,2539,2542
seq,t3.pc,6,0,2540,2543
seq,t0.dl,12,18,2541,2544
seq,t0.pc,6,8,2541,2544
seq,t1.pc,6,50,2542,2545
seq,t2.dl,12,17,2543,2546
seq,t2.pc,6,15,2543,2546
seq,t3.pc,6,0,2544,2547
seq,t0.dl,12,17,2545,2548
seq,t0.pc,6,8,2545,2548
seq,t1.pc,6,50,2546,2549
seq,t2.dl,12,16,2547,2550
seq,t2.pc,6,15,2547,2550
seq,t3.pc,6,0,2548,2551
seq,t0.dl,12,16,2549,2552
seq,t0.pc,6,8,2549,2552
seq,t1.pc,6,50,2550,2553
seq,t2.dl,12,15,2551,2554
seq,t2.pc,6,15,2551,2554
seq,t3.pc,6,0,2552,2555
seq,t0.dl,12,15,2553,2556
seq,t0.pc,6,8,2553,2556
seq,t1.pc,6,50,2554,2557
seq,t2.dl,12,14,2555,2558
seq,t2.pc,6,15,2555,2558
seq,t3.pc,6,0,2556,2559
seq,t0.dl,12,14,2557,2560
seq,t0.pc,6,8,2557,2560
seq,t1.pc,6,50,2558,2561
seq,t2.dl,12,13,2559,2562
seq,t2.pc,6,15,2559,2562
seq,t3.pc,6,0,2560,2563
seq,t0.dl,12,13,2561,2564
seq,t0.pc,6,8,2561,2564
seq,t1.pc,6,50,2562,2565
seq,t2.dl,12,12,2563,2566
seq,t2.pc,6,15,2563,2566
seq,t3.pc,6,0,2564,2567
seq,t0.dl,12,12,2565,2568
seq,t0.pc,6,8,2565,2568
seq,t1.pc,6,50,2566,2569
seq,t2.dl,12,11,2567,2570
seq,t2.pc,6,15,2567,2570
seq,t3.pc,6,0,2568,2571
seq,t0.dl,12,11,2569,2572
seq,t0.pc,6,8,2569,2572
seq,t1.pc,6,50,2570,2573
seq,t2.dl,12,10,2571,2574
seq,t2.pc,6,15,2571,2574
seq,t3.pc,6,0,2572,2575
seq,t0.dl,12,10,2573,2576
seq,t0.pc,6,8,2573,2576
seq,t1.pc,6,50,2574,2577
seq,t2.dl,12,9,2575,2578
seq,t2.pc,6,15,2575,2578
seq,t3.pc,6,0,2576,2579
seq,t0.dl,12,9,2577,2580
seq,t0.pc,6,8,2577,2580
seq,t1.pc,6,50,2578,2581
seq,t2.dl,12,8,2579,2582
seq,t2.pc,6,15,2579,2582
seq,t3.pc,6,0,2580,2583
seq,t0.dl,12,8,2581,2584
seq,t0.pc,6,8,2581,2584
seq,t1.pc,6,50,2582,2585
seq,t2.dl,12,7,2583,2586
seq,t2.pc,6,15,2583,2586
seq,t3.pc,6,0,2584,2587
seq,t0.dl,12,7,2585,2588
seq,t0.pc,6,8,2585,2588
seq,t1.pc,6,50,2586,2589
seq,t2.dl,12,6,2587,2590
seq,t2.pc,6,15,2587,2590
seq,t3.pc,6,0,2588,2591
seq,t0.dl,12,6,2589,2592
seq,t0.pc,6,8,2589,2592
seq,t1.pc,6,50,2590,2593
seq,t2.dl,12,5,2591,2594
seq,t2.pc,6,15,2591,2594
seq,t3.pc,6,0,2592,2595
seq,t0.dl,12,5,2593,2596
seq,t0.pc,6,8,2593,2596
seq,t1.pc,6,50,2594,2597
seq,t2.dl,12,4,2595,2598
seq,t2.pc,6,15,2595,2598
seq,t3.pc,6,0,2596,2599
seq,t0.dl,12,4,2597,2600
seq,t0.pc,6,8,2597,2600
seq,t1.pc,6,50,2598,2601
seq,t2.dl,12,3,2599,2602
seq,t2.pc,6,15,2599,2602
seq,t3.pc,6,0,2600,2603
seq,t0.dl,12,3,2601,2604
seq,t0.pc,6,8,2601,2604
seq,t1.pc,6,50,2602,2605
seq,t2.dl,12,2,2603,2606
seq,t2.pc,6,15,2603,2606
seq,t3.pc,6,0,2604,2607
seq,t0.dl,12,2,2605,2608
seq,t0.pc,6,8,2605,2608
seq,t1.pc,6,50,2606,2609
seq,t2.dl,12,1,2607,2610
seq,t2.pc,6,15,2607,2610
seq,t3.pc,6,0,2608,2611
seq,t0.dl,12,1,2609,2612
seq,t0.pc,6,8,2609,2612
seq,t1.pc,6,50,2610,2613
seq,t2.pc,6,15,2611,2614
seq,t3.pc,6,0,2612,2615
seq,t0.pc,6,8,2613,2616
seq,t1.pc,6,50,2614,2617
seq,t2.pc,6,16,2615,2618
seq,t3.pc,6,0,2616,2619
seq,t0.pc,6,9,2617,2620
seq,t1.pc,6,50,2618,2621
seq,t2.acc,8,0,2127,2622
seq,t2.cnt,12,3,2127,2622
seq,t2.pc,6,7,2619,2622
seq,t3.pc,6,0,2620,2623
seq,t0.acc,8,2,2189,2624
seq,t0.cnt,12,3,2189,2624
seq,t0.pc,6,6,2621,2624
seq,t1.pc,6,50,2622,2625
seq,t2.dl,12,0,2611,2614
seq,t2.pc,6,8,2623,2626
seq,t3.pc,6,0,2624,2627
seq,t0.dl,12,0,2613,2616
seq,t0.pc,6,7,2625,2628
seq,t1.pc,6,50,2626,2629
seq,t2.dl,12,28,2627,2630
seq,t2.pc,6,9,2627,2630
seq,t3.pc,6,0,2628,2631
seq,t0.dl,12,105,2629,2632
seq,t0.pc,6,8,2629,2632
seq,t1.pc,6,50,2630,2633
seq,t2.dl,12,27,2631,2634
seq,t2.pc,6,9,2631,2634
seq,t3.pc,6,0,2632,2635
seq,t0.dl,12,104,2633,2636
seq,t0.pc,6,8,2633,2636
seq,t1.pc,6,50,2634,2637
seq,t2.dl,12,26,2635,2638
seq,t2.pc,6,9,2635,2638
seq,t3.pc,6,0,2636,2639
seq,t0.dl,12,103,2637,2640
seq,t0.pc,6,8,2637,2640
seq,t1.pc,6,50,2638,2641
seq,t2.dl,12,25,2639,2642
seq,t2.pc,6,9,2639,2642
seq,t3.pc,6,0,2640,2643
seq,t0.dl,12,102,2641,2644
seq,t0.pc,6,8,2641,2644
seq,t1.pc,6,50,2642,2645
seq,t2.dl,12,24,2643,2646
seq,t2.pc,6,9,2643,2646
seq,t3.pc,6,0,2644,2647
seq,t0.dl,12,101,2645,2648
seq,t0.pc,6,8,2645,2648
seq,t1.pc,6,50,2646,2649
seq,t2.dl,12,23,2647,2650
seq,t2.pc,6,9,2647,2650
seq,t3.pc,6,0,2648,2651
seq,t0.dl,12,100,2649,2652
seq,t0.pc,6,8,2649,2652
seq,t1.pc,6,50,2650,2653
seq,t2.dl,12,22,2651,2654
seq,t2.pc,6,9,2651,2654
seq,t3.pc,6,0,2652,2655
seq,t0.dl,12,99,2653,2656
seq,t0.pc,6,8,2653,2656
seq,t1.pc,6,50,2654,2657
seq,t2.dl,12,21,2655,2658
seq,t2.pc,6,9,2655,2658
seq,t3.pc,6,0,2656,2659
seq,t0.dl,12,98,2657,2660
seq,t0.pc,6,8,2657,2660
seq,t1.pc,6,50,2658,2661
seq,t2.dl,12,20,2659,2662
seq,t2.pc,6,9,2659,2662
seq,t3.pc,6,0,2660,2663
seq,t0.dl,12,97,2661,2664
seq,t0.pc,6,8,2661,2664
seq,t1.pc,6,50,2662,2665
seq,t2.dl,12,19,2663,2666
seq,t2.pc,6,9,2663,2666
seq,t3.pc,6,0,2664,2667
seq,t0.dl,12,96,2665,2668
seq,t0.pc,6,8,2665,2668
seq,t1.pc,6,50,2666,2669
seq,t2.dl,12,18,2667,2670
seq,t2.pc,6,9,2667,2670
seq,t3.pc,6,0,2668,2671
seq,t0.dl,12,95,2669,2672
seq,t0.pc,6,8,2669,2672
seq,t1.pc,6,50,2670,2673
seq,t2.dl,12,17,2671,2674
seq,t2.pc,6,9,2671,2674
seq,t3.pc,6,0,2672,2675
seq,t0.dl,12,94,2673,2676
seq,t0.pc,6,8,2673,2676
seq,t1.pc,6,50,2674,2677
seq,t2.dl,12,16,2675,2678
seq,t2.pc,6,9,2675,2678
seq,t3.pc,6,0,2676,2679
seq,t0.dl,12,93,2677,2680
seq,t0.pc,6,8,2677,2680
seq,t1.pc,6,50,2678,2681
seq,t2.dl,12,15,2679,2682
seq,t2.pc,6,9,2679,2682
seq,t3.pc,6,0,2680,2683
seq,t0.dl,12,92,2681,2684
seq,t0.pc,6,8,2681,2684
seq,t1.pc,6,50,2682,2685
seq,t2.dl,12,14,2683,2686
seq,t2.pc,6,9,2683,2686
seq,t3.pc,6,0,2684,2687
seq,t0.dl,12,91,2685,2688
seq,t0.pc,6,8,2685,2688
seq,t1.pc,6,50,2686,2689
seq,t2.dl,12,13,2687,2690
seq,t2.pc,6,9,2687,2690
seq,t3.pc,6,0,2688,2691
seq,t0.dl,12,90,2689,2692
seq,t0.pc,6,8,2689,2692
seq,t1.pc,6,50,2690,2693
seq,t2.dl,12,12,2691,2694
seq,t2.pc,6,9,2691,2694
seq,t3.pc,6,0,2692,2695
seq,t0.dl,12,89,2693,2696
seq,t0.pc,6,8,2693,2696
seq,t1.pc,6,50,2694,2697
seq,t2.dl,12,11,2695,2698
seq,t2.pc,6,9,2695,2698
seq,t3.pc,6,0,2696,2699
seq,t0.dl,12,88,2697,2700
seq,t0.pc,6,8,2697,2700
seq,t1.pc,6,50,2698,2701
seq,t2.dl,12,10,2699,2702
seq,t2.pc,6,9,2699,2702
seq,t3.pc,6,0,2700,2703
seq,t0.dl,12,87,2701,2704
seq,t0.pc,6,8,2701,2704
seq,t1.pc,6,50,2702,2705
seq,t2.dl,12,9,2703,2706
seq,t2.pc,6,9,2703,2706
seq,t3.pc,6,0,2704,2707
seq,t0.dl,12,86,2705,2708
seq,t0.pc,6,8,2705,2708
seq,t1.pc,6,50,2706,2709
seq,t2.dl,12,8,2707,2710
seq,t2.pc,6,9,2707,2710
seq,t3.pc,6,0,2708,2711
seq,t0.dl,12,85,2709,2712
seq,t0.pc,6,8,2709,2712
seq,t1.pc,6,50,2710,2713
seq,t2.dl,12,7,2711,2714
seq,t2.pc,6,9,2711,2714
seq,t3.pc,6,0,2712,2715
seq,t0.dl,12,84,2713,2716
seq,t0.pc,6,8,2713,2716
seq,t1.pc,6,50,2714,2717
seq,t2.dl,12,6,2715,2718
seq,t2.pc,6,9,2715,2718
seq,t3.pc,6,0,2716,2719
seq,t0.dl,12,83,2717,2720
seq,t0.pc,6,8,2717,2720
seq,t1.pc,6,50,2718,2721
seq,t2.dl,12,5,2719,2722
seq,t2.pc,6,9,2719,2722
seq,t3.pc,6,0,2720,2723
seq,t0.dl,12,82,2721,2724
seq,t0.pc,6,8,2721,2724
seq,t1.pc,6,50,2722,2725
seq,t2.dl,12,4,2723,2726
seq,t2.pc,6,9,2723,2726
seq,t3.pc,6,0,2724,2727
seq,t0.dl,12,81,2725,2728
seq,t0.pc,6,8,2725,2728
seq,t1.pc,6,50,2726,2729
seq,t2.dl,12,3,2727,2730
seq,t2.pc,6,9,2727,2730
seq,t3.pc,6,0,2728,2731
seq,t0.dl,12,80,2729,2732
seq,t0.pc,6,8,2729,2732
seq,t1.pc,6,50,2730,2733
seq,t2.dl,12,2,2731,2734
seq,t2.pc,6,9,2731,2734
seq,t3.pc,6,0,2732,2735
seq,t0.dl,12,79,2733,2736
seq,t0.pc,6,8,2733,2736
seq,t1.pc,6,50,2734,2737
seq,t2.dl,12,1,2735,2738
seq,t2.pc,6,9,2735,2738
seq,t3.pc,6,0,2736,2739
seq,t0.dl,12,78,2737,2740
seq,t0.pc,6,8,2737,2740
seq,t1.pc,6,50,2738,2741
seq,t2.pc,6,9,2739,2742
seq,t3.pc,6,0,2740,2743
seq,t0.dl,12,77,2741,2744
seq,t0.pc,6,8,2741,2744
seq,t1.pc,6,50,2742,2745
seq,t2.pc,6,10,2743,2746
seq,t3.pc,6,0,2744,2747
seq,t0.dl,12,76,2745,2748
seq,t0.pc,6,8,2745,2748
seq,t1.pc,6,50,2746,2749
seq,t2.dl,12,0,2739,2742
seq,t2.pc,6,11,2747,2750
seq,t3.pc,6,0,2748,2751
seq,t0.dl,12,75,2749,2752
seq,t0.pc,6,8,2749,2752
seq,t1.pc,6,50,2750,2753
seq,t2.dl,12,59,2751,2754
seq,t2.pc,6,12,2751,2754
seq,t3.pc,6,0,2752,2755
seq,t0.dl,12,74,2753,2756
seq,t0.pc,6,8,2753,2756
seq,t1.pc,6,50,2754,2757
seq,t2.dl,12,58,2755,2758
seq,t2.pc,6,12,2755,2758
seq,t3.pc,6,0,2756,2759
seq,t0.dl,12,73,2757,2760
seq,t0.pc,6,8,2757,2760
seq,t1.pc,6,50,2758,2761
seq,t2.dl,12,57,2759,2762
seq,t2.pc,6,12,2759,2762
seq,t3.pc,6,0,2760,2763
seq,t0.dl,12,72,2761,2764
seq,t0.pc,6,8,2761,2764
seq,t1.pc,6,50,2762,2765
seq,t2.dl,12,56,2763,2766
seq,t2.pc,6,12,2763,2766
seq,t3.pc,6,0,2764,2767
seq,t0.dl,12,71,2765,2768
seq,t0.pc,6,8,2765,2768
seq,t1.pc,6,50,2766,2769
seq,t2.dl,12,55,2767,2770
seq,t2.pc,6,12,2767,2770
seq,t3.pc,6,0,2768,2771
seq,t0.dl,12,70,2769,2772
seq,t0.pc,6,8,2769,2772
seq,t1.pc,6,50,2770,2773
seq,t2.dl,12,54,2771,2774
seq,t2.pc,6,12,2771,2774
seq,t3.pc,6,0,2772,2775
seq,t0.dl,12,69,2773,2776
seq,t0.pc,6,8,2773,2776
seq,t1.pc,6,50,2774,2777
seq,t2.dl,12,53,2775,2778
seq,t2.pc,6,12,2775,2778
seq,t3.pc,6,0,2776,2779
seq,t0.dl,12,68,2777,2780
seq,t0.pc,6,8,2777,2780
seq,t1.pc,6,50,2778,2781
seq,t2.dl,12,52,2779,2782
seq,t2.pc,6,12,2779,2782
seq,t3.pc,6,0,2780,2783
seq,t0.dl,12,67,2781,2784
seq,t0.pc,6,8,2781,2784
seq,t1.pc,6,50,2782,2785
seq,t2.dl,12,51,2783,2786
seq,t2.pc,6,12,2783,2786
seq,t3.pc,6,0,2784,2787
seq,t0.dl,12,66,2785,2788
seq,t0.pc,6,8,2785,2788
seq,t1.pc,6,50,2786,2789
seq,t2.dl,12,50,2787,2790
seq,t2.pc,6,12,2787,2790
seq,t3.pc,6,0,2788,2791
seq,t0.dl,12,65,2789,2792
seq,t0.pc,6,8,2789,2792
seq,t1.pc,6,50,2790,2793
seq,t2.dl,12,49,2791,2794
seq,t2.pc,6,12,2791,2794
seq,t3.pc,6,0,2792,2795
seq,t0.dl,12,64,2793,2796
seq,t0.pc,6,8,2793,2796
seq,t1.pc,6,50,2794,2797
seq,t2.dl,12,48,2795,2798
seq,t2.pc,6,12,2795,2798
seq,t3.pc,6,0,2796,2799
seq,t0.dl,12,63,2797,2800
seq,t0.pc,6,8,2797,2800
seq,t1.pc,6,50,2798,2801
seq,t2.dl,12,47,2799,2802
seq,t2.pc,6,12,2799,2802
seq,t3.pc,6,0,2800,2803
seq,t0.dl,12,62,2801,2804
seq,t0.pc,6,8,2801,2804
seq,t1.pc,6,50,2802,2805
seq,t2.dl,12,46,2803,2806
seq,t2.pc,6,12,2803,2806
seq,t3.pc,6,0,2804,2807
seq,t0.dl,12,61,2805,2808
seq,t0.pc,6,8,2805,2808
seq,t1.pc,6,50,2806,2809
seq,t2.dl,12,45,2807,2810
seq,t2.pc,6,12,2807,2810
seq,t3.pc,6,0,2808,2811
seq,t0.dl,12,60,2809,2812
seq,t0.pc,6,8,2809,2812
seq,t1.pc,6,50,2810,2813
seq,t2.dl,12,44,2811,2814
seq,t2.pc,6,12,2811,2814
seq,t3.pc,6,0,2812,2815
seq,t0.dl,12,59,2813,2816
seq,t0.pc,6,8,2813,2816
seq,t1.pc,6,50,2814,2817
seq,t2.dl,12,43,2815,2818
seq,t2.pc,6,12,2815,2818
seq,t3.pc,6,0,2816,2819
seq,t0.dl,12,58,2817,2820
seq,t0.pc,6,8,2817,2820
seq,t1.pc,6,50,2818,2821
seq,t2.dl,12,42,2819,2822
seq,t2.pc,6,12,2819,2822
seq,t3.pc,6,0,2820,2823
seq,t0.dl,12,57,2821,2824
seq,t0.pc,6,8,2821,2824
seq,t1.pc,6,50,2822,2825
seq,t2.dl,12,41,2823,2826
seq,t2.pc,6,12,2823,2826
seq,t3.pc,6,0,2824,2827
seq,t0.dl,12,56,2825,2828
seq,t0.pc,6,8,2825,2828
seq,t1.pc,6,50,2826,2829
seq,t2.dl,12,40,2827,2830
seq,t2.pc,6,12,2827,2830
seq,t3.pc,6,0,2828,2831
seq,t0.dl,12,55,2829,2832
seq,t0.pc,6,8,2829,2832
seq,t1.pc,6,50,2830,2833
seq,t2.dl,12,39,2831,2834
seq,t2.pc,6,12,2831,2834
seq,t3.pc,6,0,2832,2835
seq,t0.dl,12,54,2833,2836
seq,t0.pc,6,8,2833,2836
seq,t1.pc,6,50,2834,2837
seq,t2.dl,12,38,2835,2838
seq,t2.pc,6,12,2835,2838
seq,t3.pc,6,0,2836,2839
seq,t0.dl,12,53,2837,2840
seq,t0.pc,6,8,2837,2840
seq,t1.pc,6,50,2838,2841
seq,t2.dl,12,37,2839,2842
seq,t2.pc,6,12,2839,2842
seq,t3.pc,6,0,2840,2843
seq,t0.dl,12,52,2841,2844
seq,t0.pc,6,8,2841,2844
seq,t1.pc,6,50,2842,2845
seq,t2.dl,12,36,2843,2846
seq,t2.pc,6,12,2843,2846
seq,t3.pc,6,0,2844,2847
seq,t0.dl,12,51,2845,2848
seq,t0.pc,6,8,2845,2848
seq,t1.pc,6,50,2846,2849
seq,t2.dl,12,35,2847,2850
seq,t2.pc,6,12,2847,2850
seq,t3.pc,6,0,2848,2851
seq,t0.dl,12,50,2849,2852
seq,t0.pc,6,8,2849,2852
seq,t1.pc,6,50,2850,2853
seq,t2.dl,12,34,2851,2854
seq,t2.pc,6,12,2851,2854
seq,t3.pc,6,0,2852,2855
seq,t0.dl,12,49,2853,2856
seq,t0.pc,6,8,2853,2856
seq,t1.pc,6,50,2854,2857
seq,t2.dl,12,33,2855,2858
seq,t2.pc,6,12,2855,2858
seq,t3.pc,6,0,2856,2859
seq,t0.dl,12,48,2857,2860
seq,t0.pc,6,8,2857,2860
seq,t1.pc,6,50,2858,2861
seq,t2.dl,12,32,2859,2862
seq,t2.pc,6,12,2859,2862
seq,t3.pc,6,0,2860,2863
seq,t0.dl,12,47,2861,2864
seq,t0.pc,6,8,2861,2864
seq,t1.pc,6,50,2862,2865
seq,t2.dl,12,31,2863,2866
seq,t2.pc,6,12,2863,2866
seq,t3.pc,6,0,2864,2867
seq,t0.dl,12,46,2865,2868
seq,t0.pc,6,8,2865,2868
seq,t1.pc,6,50,2866,2869
seq,t2.dl,12,30,2867,2870
seq,t2.pc,6,12,2867,2870
seq,t3.pc,6,0,2868,2871
seq,t0.dl,12,45,2869,2872
seq,t0.pc,6,8,2869,2872
seq,t1.pc,6,50,2870,2873
seq,t2.dl,12,29,2871,2874
seq,t2.pc,6,12,2871,2874
seq,t3.pc,6,0,2872,2875
seq,t0.dl,12,44,2873,2876
seq,t0.pc,6,8,2873,2876
seq,t1.pc,6,50,2874,2877
seq,t2.dl,12,28,2875,2878
seq,t2.pc,6,12,2875,2878
seq,t3.pc,6,0,2876,2879
seq,t0.dl,12,43,2877,2880
seq,t0.pc,6,8,2877,2880
seq,t1.pc,6,50,2878,2881
seq,t2.dl,12,27,2879,2882
seq,t2.pc,6,12,2879,2882
seq,t3.pc,6,0,2880,2883
seq,t0.dl,12,42,2881,2884
seq,t0.pc,6,8,2881,2884
seq,t1.pc,6,50,2882,2885
seq,t2.dl,12,26,2883,2886
seq,t2.pc,6,12,2883,2886
seq,t3.pc,6,0,2884,2887
seq,t0.dl,12,41,2885,2888
seq,t0.pc,6,8,2885,2888
seq,t1.pc,6,50,2886,2889
seq,t2.dl,12,25,2887,2890
seq,t2.pc,6,12,2887,2890
seq,t3.pc,6,0,2888,2891
seq,t0.dl,12,40,2889,2892
seq,t0.pc,6,8,2889,2892
seq,t1.pc,6,50,2890,2893
seq,t2.dl,12,24,2891,2894
seq,t2.pc,6,12,2891,2894
seq,t3.pc,6,0,2892,2895
seq,t0.dl,12,39,2893,2896
seq,t0.pc,6,8,2893,2896
seq,t1.pc,6,50,2894,2897
seq,t2.dl,12,23,2895,2898
seq,t2.pc,6,12,2895,2898
seq,t3.pc,6,0,2896,2899
seq,t0.dl,12,38,2897,2900
seq,t0.pc,6,8,2897,2900
seq,t1.pc,6,50,2898,2901
seq,t2.dl,12,22,2899,2902
seq,t2.pc,6,12,2899,2902
seq,t3.pc,6,0,2900,2903
seq,t0.dl,12,37,2901,2904
seq,t0.pc,6,8,2901,2904
seq,t1.pc,6,50,2902,2905
seq,t2.dl,12,21,2903,2906
seq,t2.pc,6,12,2903,2906
seq,t3.pc,6,0,2904,2907
seq,t0.dl,12,36,2905,2908
seq,t0.pc,6,8,2905,2908
seq,t1.pc,6,50,2906,2909
seq,t2.dl,12,20,2907,2910
seq,t2.pc,6,12,2907,2910
seq,t3.pc,6,0,2908,2911
seq,t0.dl,12,35,2909,2912
seq,t0.pc,6,8,2909,2912
seq,t1.pc,6,50,2910,2913
seq,t2.dl,12,19,2911,2914
seq,t2.pc,6,12,2911,2914
seq,t3.pc,6,0,2912,2915
seq,t0.dl,12,34,2913,2916
seq,t0.pc,6,8,2913,2916
seq,t1.pc,6,50,2914,2917
seq,t2.dl,12,18,2915,2918
seq,t2.pc,6,12,2915,2918
seq,t3.pc,6,0,2916,2919
seq,t0.dl,12,33,2917,2920
seq,t0.pc,6,8,2917,2920
seq,t1.pc,6,50,2918,2921
seq,t2.dl,12,17,2919,2922
seq,t2.pc,6,12,2919,2922
seq,t3.pc,6,0,2920,2923
seq,t0.dl,12,32,2921,2924
seq,t0.pc,6,8,2921,2924
seq,t1.pc,6,50,2922,2925
seq,t2.dl,12,16,2923,2926
seq,t2.pc,6,12,2923,2926
seq,t3.pc,6,0,2924,2927
seq,t0.dl,12,31,2925,2928
seq,t0.pc,6,8,2925,2928
seq,t1.pc,6,50,2926,2929
seq,t2.dl,12,15,2927,2930
seq,t2.pc,6,12,2927,2930
seq,t3.pc,6,0,2928,2931
seq,t0.dl,12,30,2929,2932
seq,t0.pc,6,8,2929,2932
seq,t1.pc,6,50,2930,2933
seq,t2.dl,12,14,2931,2934
seq,t2.pc,6,12,2931,2934
seq,t3.pc,6,0,2932,2935
seq,t0.dl,12,29,2933,2936
seq,t0.pc,6,8,2933,2936
seq,t1.pc,6,50,2934,2937
seq,t2.dl,12,13,2935,2938
seq,t2.pc,6,12,2935,2938
seq,t3.pc,6,0,2936,2939
seq,t0.dl,12,28,2937,2940
seq,t0.pc,6,8,2937,2940
seq,t1.pc,6,50,2938,2941
seq,t2.dl,12,12,2939,2942
seq,t2.pc,6,12,2939,2942
seq,t3.pc,6,0,2940,2943
seq,t0.dl,12,27,2941,2944
seq,t0.pc,6,8,2941,2944
seq,t1.pc,6,50,2942,2945
seq,t2.dl,12,11,2943,2946
seq,t2.pc,6,12,2943,2946
seq,t3.pc,6,0,2944,2947
seq,t0.dl,12,26,2945,2948
seq,t0.pc,6,8,2945,2948
seq,t1.pc,6,50,2946,2949
seq,t2.dl,12,10,2947,2950
seq,t2.pc,6,12,2947,2950
seq,t3.pc,6,0,2948,2951
seq,t0.dl,12,25,2949,2952
seq,t0.pc,6,8,2949,2952
seq,t1.pc,6,50,2950,2953
seq,t2.dl,12,9,2951,2954
seq,t2.pc,6,12,2951,2954
seq,t3.pc,6,0,2952,2955
seq,t0.dl,12,24,2953,2956
seq,t0.pc,6,8,2953,2956
seq,t1.pc,6,50,2954,2957
seq,t2.dl,12,8,2955,2958
seq,t2.pc,6,12,2955,2958
seq,t3.pc,6,0,2956,2959
seq,t0.dl,12,23,2957,2960
seq,t0.pc,6,8,2957,2960
seq,t1.pc,6,50,2958,2961
seq,t2.dl,12,7,2959,2962
seq,t2.pc,6,12,2959,2962
seq,t3.pc,6,0,2960,2963
seq,t0.dl,12,22,2961,2964
seq,t0.pc,6,8,2961,2964
seq,t1.pc,6,50,2962,2965
seq,t2.dl,12,6,2963,2966
seq,t2.pc,6,12,2963,2966
seq,t3.pc,6,0,2964,2967
seq,t0.dl,12,21,2965,2968
seq,t0.pc,6,8,2965,2968
seq,t1.pc,6,50,2966,2969
seq,t2.dl,12,5,2967,2970
seq,t2.pc,6,12,2967,2970
seq,t3.pc,6,0,2968,2971
seq,t0.dl,12,20,2969,2972
seq,t0.pc,6,8,2969,2972
seq,t1.pc,6,50,2970,2973
seq,t2.dl,12,4,2971,2974
seq,t2.pc,6,12,2971,2974
seq,t3.pc,6,0,2972,2975
seq,t0.dl,12,19,2973,2976
seq,t0.pc,6,8,2973,2976
seq,t1.pc,6,50,2974,2977
seq,t2.dl,12,3,2975,2978
seq,t2.pc,6,12,2975,2978
seq,t3.pc,6,0,2976,2979
seq,t0.dl,12,18,2977,2980
seq,t0.pc,6,8,2977,2980
seq,t1.pc,6,50,2978,2981
seq,t2.dl,12,2,2979,2982
seq,t2.pc,6,12,2979,2982
seq,t3.pc,6,0,2980,2983
seq,t0.dl,12,17,2981,2984
seq,t0.pc,6,8,2981,2984
seq,t1.pc,6,50,2982,2985
seq,t2.dl,12,1,2983,2986
seq,t2.pc,6,12,2983,2986
seq,t3.pc,6,0,2984,2987
seq,t0.dl,12,16,2985,2988
seq,t0.pc,6,8,2985,2988
seq,t1.pc,6,50,2986,2989
seq,t2.pc,6,12,2987,2990
seq,t3.pc,6,0,2988,2991
seq,t0.dl,12,15,2989,2992
seq,t0.pc,6,8,2989,2992
seq,t1.pc,6,50,2990,2993
seq,t2.pc,6,13,2991,2994
seq,t3.pc,6,0,2992,2995
seq,t0.dl,12,14,2993,2996
seq,t0.pc,6,8,2993,2996
seq,t1.pc,6,50,2994,2997
seq,t2.dl,12,0,2987,2990
seq,t2.pc,6,14,2995,2998
seq,t3.pc,6,0,2996,2999
seq,t0.dl,12,13,2997,3000
seq,t0.pc,6,8,2997,3000
seq,t1.pc,6,50,2998,3001
seq,t2.dl,12,27,2999,3002
seq,t2.pc,6,15,2999,3002
seq,t3.pc,6,0,3000,3003
seq,t0.dl,12,12,3001,3004
seq,t0.pc,6,8,3001,3004
seq,t1.pc,6,50,3002,3005
seq,t2.dl,12,26,3003,3006
seq,t2.pc,6,15,3003,3006
seq,t3.pc,6,0,3004,3007
seq,t0.dl,12,11,3005,3008
seq,t0.pc,6,8,3005,3008
seq,t1.pc,6,50,3006,3009
seq,t2.dl,12,25,3007,3010
seq,t2.pc,6,15,3007,3010
seq,t3.pc,6,0,3008,3011
seq,t0.dl,12,10,3009,3012
seq,t0.pc,6,8,3009,3012
seq,t1.pc,6,50,3010,3013
seq,t2.dl,12,24,3011,3014
seq,t2.pc,6,15,3011,3014
seq,t3.pc,6,0,3012,3015
seq,t0.dl,12,9,3013,3016
seq,t0.pc,6,8,3013,3016
seq,t1.pc,6,50,3014,3017
seq,t2.dl,12,23,3015,3018
seq,t2.pc,6,15,3015,3018
seq,t3.pc,6,0,3016,3019
seq,t0.dl,12,8,3017,3020
seq,t0.pc,6,8,3017,3020
seq,t1.pc,6,50,3018,3021
seq,t2.dl,12,22,3019,3022
seq,t2.pc,6,15,3019,3022
seq,t3.pc,6,0,3020,3023
seq,t0.dl,12,7,3021,3024
seq,t0.pc,6,8,3021,3024
seq,t1.pc,6,50,3022,3025
seq,t2.dl,12,21,3023,3026
seq,t2.pc,6,15,3023,3026
seq,t3.pc,6,0,3024,3027
seq,t0.dl,12,6,3025,3028
seq,t0.pc,6,8,3025,3028
seq,t1.pc,6,50,3026,3029
seq,t2.dl,12,20,3027,3030
seq,t2.pc,6,15,3027,3030
seq,t3.pc,6,0,3028,3031
seq,t0.dl,12,5,3029,3032
seq,t0.pc,6,8,3029,3032
seq,t1.pc,6,50,3030,3033
seq,t2.dl,12,19,3031,3034
seq,t2.pc,6,15,3031,3034
seq,t3.pc,6,0,3032,3035
seq,t0.dl,12,4,3033,3036
seq,t0.pc,6,8,3033,3036
seq,t1.pc,6,50,3034,3037
seq,t2.dl,12,18,3035,3038
seq,t2.pc,6,15,3035,3038
seq,t3.pc,6,0,3036,3039
seq,t0.dl,12,3,3037,3040
seq,t0.pc,6,8,3037,3040
seq,t1.pc,6,50,3038,3041
seq,t2.dl,12,17,3039,3042
seq,t2.pc,6,15,3039,3042
seq,t3.pc,6,0,3040,3043
seq,t0.dl,12,2,3041,3044
seq,t0.pc,6,8,3041,3044
seq,t1.pc,6,50,3042,3045
seq,t2.dl,12,16,3043,3046
seq,t2.pc,6,15,3043,3046
seq,t3.pc,6,0,3044,3047
seq,t0.dl,12,1,3045,3048
seq,t0.pc,6,8,3045,3048
seq,t1.pc,6,50,3046,3049
seq,t2.dl,12,15,3047,3050
seq,t2.pc,6,15,3047,3050
seq,t3.pc,6,0,3048,3051
seq,t0.pc,6,8,3049,3052
seq,t1.pc,6,50,3050,3053
seq,t2.dl,12,14,3051,3054
seq,t2.pc,6,15,3051,3054
seq,t3.pc,6,0,3052,3055
seq,t0.pc,6,9,3053,3056
seq,t1.pc,6,50,3054,3057
seq,t2.dl,12,13,3055,3058
seq,t2.pc,6,15,3055,3058
seq,t3.pc,6,0,3056,3059
seq,t0.acc,8,1,2625,3060
seq,t0.cnt,12,2,2625,3060
seq,t0.pc,6,6,3057,3060
seq,t1.pc,6,50,3058,3061
seq,t2.dl,12,12,3059,3062
seq,t2.pc,6,15,3059,3062
seq,t3.pc,6,0,3060,3063
seq,t0.dl,12,0,3049,3052
seq,t0.pc,6,7,3061,3064
seq,t1.pc,6,50,3062,3065
seq,t2.dl,12,11,3063,3066
seq,t2.pc,6,15,3063,3066
seq,t3.pc,6,0,3064,3067
seq,t0.dl,12,105,3065,3068
seq,t0.pc,6,8,3065,3068
seq,t1.pc,6,50,3066,3069
seq,t2.dl,12,10,3067,3070
seq,t2.pc,6,15,3067,3070
seq,t3.pc,6,0,3068,3071
seq,t0.dl,12,104,3069,3072
seq,t0.pc,6,8,3069,3072
seq,t1.pc,6,50,3070,3073
seq,t2.dl,12,9,3071,3074
seq,t2.pc,6,15,3071,3074
seq,t3.pc,6,0,3072,3075
seq,t0.dl,12,103,3073,3076
seq,t0.pc,6,8,3073,3076
seq,t1.pc,6,50,3074,3077
seq,t2.dl,12,8,3075,3078
seq,t2.pc,6,15,3075,3078
seq,t3.pc,6,0,3076,3079
seq,t0.dl,12,102,3077,3080
seq,t0.pc,6,8,3077,3080
seq,t1.pc,6,50,3078,3081
seq,t2.dl,12,7,3079,3082
seq,t2.pc,6,15,3079,3082
seq,t3.pc,6,0,3080,3083
seq,t0.dl,12,101,3081,3084
seq,t0.pc,6,8,3081,3084
seq,t1.pc,6,50,3082,3085
seq,t2.dl,12,6,3083,3086
seq,t2.pc,6,15,3083,3086
seq,t3.pc,6,0,3084,3087
seq,t0.dl,12,100,3085,3088
seq,t0.pc,6,8,3085,3088
seq,t1.pc,6,50,3086,3089
seq,t2.dl,12,5,3087,3090
seq,t2.pc,6,15,3087,3090
seq,t3.pc,6,0,3088,3091
seq,t0.dl,12,99,3089,3092
seq,t0.pc,6,8,3089,3092
seq,t1.pc,6,50,3090,3093
seq,t2.dl,12,4,3091,3094
seq,t2.pc,6,15,3091,3094
seq,t3.pc,6,0,3092,3095
seq,t0.dl,12,98,3093,3096
seq,t0.pc,6,8,3093,3096
seq,t1.pc,6,50,3094,3097
seq,t2.dl,12,3,3095,3098
seq,t2.pc,6,15,3095,3098
seq,t3.pc,6,0,3096,3099
seq,t0.dl,12,97,3097,3100
seq,t0.pc,6,8,3097,3100
seq,t1.pc,6,50,3098,3101
seq,t2.dl,12,2,3099,3102
seq,t2.pc,6,15,3099,3102
seq,t3.pc,6,0,3100,3103
seq,t0.dl,12,96,3101,3104
seq,t0.pc,6,8,3101,3104
seq,t1.pc,6,50,3102,3105
seq,t2.dl,12,1,3103,3106
seq,t2.pc,6,15,3103,3106
seq,t3.pc,6,0,3104,3107
seq,t0.dl,12,95,3105,3108
seq,t0.pc,6,8,3105,3108
seq,t1.pc,6,50,3106,3109
seq,t2.pc,6,15,3107,3110
seq,t3.pc,6,0,3108,3111
seq,t0.dl,12,94,3109,3112
seq,t0.pc,6,8,3109,3112
seq,t1.pc,6,50,3110,3113
seq,t2.pc,6,16,3111,3114
seq,t3.pc,6,0,3112,3115
seq,t0.dl,12,93,3113,3116
seq,t0.pc,6,8,3113,3116
seq,t1.pc,6,50,3114,3117
seq,t2.acc,8,0,2623,3118
seq,t2.cnt,12,2,2623,3118
seq,t2.pc,6,7,3115,3118
seq,t3.pc,6,0,3116,3119
seq,t0.dl,12,92,3117,3120
seq,t0.pc,6,8,3117,3120
seq,t1.pc,6,50,3118,3121
seq,t2.dl,12,0,3107,3110
seq,t2.pc,6,8,3119,3122
seq,t3.pc,6,0,3120,3123
seq,t0.dl,12,91,3121,3124
seq,t0.pc,6,8,3121,3124
seq,t1.pc,6,50,3122,3125
seq,t2.dl,12,28,3123,3126
seq,t2.pc,6,9,3123,3126
seq,t3.pc,6,0,3124,3127
seq,t0.dl,12,90,3125,3128
seq,t0.pc,6,8,3125,3128
seq,t1.pc,6,50,3126,3129
seq,t2.dl,12,27,3127,3130
seq,t2.pc,6,9,3127,3130
seq,t3.pc,6,0,3128,3131
seq,t0.dl,12,89,3129,3132
seq,t0.pc,6,8,3129,3132
seq,t1.pc,6,50,3130,3133
seq,t2.dl,12,26,3131,3134
seq,t2.pc,6,9,3131,3134
seq,t3.pc,6,0,3132,3135
seq,t0.dl,12,88,3133,3136
seq,t0.pc,6,8,3133,3136
seq,t1.pc,6,50,3134,3137
seq,t2.dl,12,25,3135,3138
seq,t2.pc,6,9,3135,3138
seq,t3.pc,6,0,3136,3139
seq,t0.dl,12,87,3137,3140
seq,t0.pc,6,8,3137,3140
seq,t1.pc,6,50,3138,3141
seq,t2.dl,12,24,3139,3142
seq,t2.pc,6,9,3139,3142
seq,t3.pc,6,0,3140,3143
seq,t0.dl,12,86,3141,3144
seq,t0.pc,6,8,3141,3144
seq,t1.pc,6,50,3142,3145
seq,t2.dl,12,23,3143,3146
seq,t2.pc,6,9,3143,3146
seq,t3.pc,6,0,3144,3147
seq,t0.dl,12,85,3145,3148
seq,t0.pc,6,8,3145,3148
seq,t1.pc,6,50,3146,3149
seq,t2.dl,12,22,3147,3150
seq,t2.pc,6,9,3147,3150
seq,t3.pc,6,0,3148,3151
seq,t0.dl,12,84,3149,3152
seq,t0.pc,6,8,3149,3152
seq,t1.pc,6,50,3150,3153
seq,t2.dl,12,21,3151,3154
seq,t2.pc,6,9,3151,3154
seq,t3.pc,6,0,3152,3155
seq,t0.dl,12,83,3153,3156
seq,t0.pc,6,8,3153,3156
seq,t1.pc,6,50,3154,3157
seq,t2.dl,12,20,3155,3158
seq,t2.pc,6,9,3155,3158
seq,t3.pc,6,0,3156,3159
seq,t0.dl,12,82,3157,3160
seq,t0.pc,6,8,3157,3160
seq,t1.pc,6,50,3158,3161
seq,t2.dl,12,19,3159,3162
seq,t2.pc,6,9,3159,3162
seq,t3.pc,6,0,3160,3163
seq,t0.dl,12,81,3161,3164
seq,t0.pc,6,8,3161,3164
seq,t1.pc,6,50,3162,3165
seq,t2.dl,12,18,3163,3166
seq,t2.pc,6,9,3163,3166
seq,t3.pc,6,0,3164,3167
seq,t0.dl,12,80,3165,3168
seq,t0.pc,6,8,3165,3168
seq,t1.pc,6,50,3166,3169
seq,t2.dl,12,17,3167,3170
seq,t2.pc,6,9,3167,3170
seq,t3.pc,6,0,3168,3171
seq,t0.dl,12,79,3169,3172
seq,t0.pc,6,8,3169,3172
seq,t1.pc,6,50,3170,3173
seq,t2.dl,12,16,3171,3174
seq,t2.pc,6,9,3171,3174
seq,t3.pc,6,0,3172,3175
seq,t0.dl,12,78,3173,3176
seq,t0.pc,6,8,3173,3176
seq,t1.pc,6,50,3174,3177
seq,t2.dl,12,15,3175,3178
seq,t2.pc,6,9,3175,3178
seq,t3.pc,6,0,3176,3179
seq,t0.dl,12,77,3177,3180
seq,t0.pc,6,8,3177,3180
seq,t1.pc,6,50,3178,3181
seq,t2.dl,12,14,3179,3182
seq,t2.pc,6,9,3179,3182
seq,t3.pc,6,0,3180,3183
seq,t0.dl,12,76,3181,3184
seq,t0.pc,6,8,3181,3184
seq,t1.pc,6,50,3182,3185
seq,t2.dl,12,13,3183,3186
seq,t2.pc,6,9,3183,3186
seq,t3.pc,6,0,3184,3187
seq,t0.dl,12,75,3185,3188
seq,t0.pc,6,8,3185,3188
seq,t1.pc,6,50,3186,3189
seq,t2.dl,12,12,3187,3190
seq,t2.pc,6,9,3187,3190
seq,t3.pc,6,0,3188,3191
seq,t0.dl,12,74,3189,3192
seq,t0.pc,6,8,3189,3192
seq,t1.pc,6,50,3190,3193
seq,t2.dl,12,11,3191,3194
seq,t2.pc,6,9,3191,3194
seq,t3.pc,6,0,3192,3195
seq,t0.dl,12,73,3193,3196
seq,t0.pc,6,8,3193,3196
seq,t1.pc,6,50,3194,3197
seq,t2.dl,12,10,3195,3198
seq,t2.pc,6,9,3195,3198
seq,t3.pc,6,0,3196,3199
seq,t0.dl,12,72,3197,3200
seq,t0.pc,6,8,3197,3200
seq,t1.pc,6,50,3198,3201
seq,t2.dl,12,9,3199,3202
seq,t2.pc,6,9,3199,3202
seq,t3.pc,6,0,3200,3203
seq,t0.dl,12,71,3201,3204
seq,t0.pc,6,8,3201,3204
seq,t1.pc,6,50,3202,3205
seq,t2.dl,12,8,3203,3206
seq,t2.pc,6,9,3203,3206
seq,t3.pc,6,0,3204,3207
seq,t0.dl,12,70,3205,3208
seq,t0.pc,6,8,3205,3208
seq,t1.pc,6,50,3206,3209
seq,t2.dl,12,7,3207,3210
seq,t2.pc,6,9,3207,3210
seq,t3.pc,6,0,3208,3211
seq,t0.dl,12,69,3209,3212
seq,t0.pc,6,8,3209,3212
seq,t1.pc,6,50,3210,3213
seq,t2.dl,12,6,3211,3214
seq,t2.pc,6,9,3211,3214
seq,t3.pc,6,0,3212,3215
seq,t0.dl,12,68,3213,3216
seq,t0.pc,6,8,3213,3216
seq,t1.pc,6,50,3214,3217
seq,t2.dl,12,5,3215,3218
seq,t2.pc,6,9,3215,3218
seq,t3.pc,6,0,3216,3219
seq,t0.dl,12,67,3217,3220
seq,t0.pc,6,8,3217,3220
seq,t1.pc,6,50,3218,3221
seq,t2.dl,12,4,3219,3222
seq,t2.pc,6,9,3219,3222
seq,t3.pc,6,0,3220,3223
seq,t0.dl,12,66,3221,3224
seq,t0.pc,6,8,3221,3224
seq,t1.pc,6,50,3222,3225
seq,t2.dl,12,3,3223,3226
seq,t2.pc,6,9,3223,3226
seq,t3.pc,6,0,3224,3227
seq,t0.dl,12,65,3225,3228
seq,t0.pc,6,8,3225,3228
seq,t1.pc,6,50,3226,3229
seq,t2.dl,12,2,3227,3230
seq,t2.pc,6,9,3227,3230
seq,t3.pc,6,0,3228,3231
seq,t0.dl,12,64,3229,3232
seq,t0.pc,6,8,3229,3232
seq,t1.pc,6,50,3230,3233
seq,t2.dl,12,1,3231,3234
seq,t2.pc,6,9,3231,3234
seq,t3.pc,6,0,3232,3235
seq,t0.dl,12,63,3233,3236
seq,t0.pc,6,8,3233,3236
seq,t1.pc,6,50,3234,3237
seq,t2.pc,6,9,3235,3238
seq,t3.pc,6,0,3236,3239
seq,t0.dl,12,62,3237,3240
seq,t0.pc,6,8,3237,3240
seq,t1.pc,6,50,3238,3241
seq,t2.pc,6,10,3239,3242
seq,t3.pc,6,0,3240,3243
seq,t0.dl,12,61,3241,3244
seq,t0.pc,6,8,3241,3244
seq,t1.pc,6,50,3242,3245
seq,t2.dl,12,0,3235,3238
seq,t2.pc,6,11,3243,3246
seq,t3.pc,6,0,3244,3247
seq,t0.dl,12,60,3245,3248
seq,t0.pc,6,8,3245,3248
seq,t1.pc,6,50,3246,3249
seq,t2.dl,12,59,3247,3250
seq,t2.pc,6,12,3247,3250
seq,t3.pc,6,0,3248,3251
seq,t0.dl,12,59,3249,3252
seq,t0.pc,6,8,3249,3252
seq,t1.pc,6,50,3250,3253
seq,t2.dl,12,58,3251,3254
seq,t2.pc,6,12,3251,3254
seq,t3.pc,6,0,3252,3255
seq,t0.dl,12,58,3253,3256
seq,t0.pc,6,8,3253,3256
seq,t1.pc,6,50,3254,3257
seq,t2.dl,12,57,3255,3258
seq,t2.pc,6,12,3255,3258
seq,t3.pc,6,0,3256,3259
seq,t0.dl,12,57,3257,3260
seq,t0.pc,6,8,3257,3260
seq,t1.pc,6,50,3258,3261
seq,t2.dl,12,56,3259,3262
seq,t2.pc,6,12,3259,3262
seq,t3.pc,6,0,3260,3263
seq,t0.dl,12,56,3261,3264
seq,t0.pc,6,8,3261,3264
seq,t1.pc,6,50,3262,3265
seq,t2.dl,12,55,3263,3266
seq,t2.pc,6,12,3263,3266
seq,t3.pc,6,0,3264,3267
seq,t0.dl,12,55,3265,3268
seq,t0.pc,6,8,3265,3268
seq,t1.pc,6,50,3266,3269
seq,t2.dl,12,54,3267,3270
seq,t2.pc,6,12,3267,3270
seq,t3.pc,6,0,3268,3271
seq,t0.dl,12,54,3269,3272
seq,t0.pc,6,8,3269,3272
seq,t1.pc,6,50,3270,3273
seq,t2.dl,12,53,3271,3274
seq,t2.pc,6,12,3271,3274
seq,t3.pc,6,0,3272,3275
seq,t0.dl,12,53,3273,3276
seq,t0.pc,6,8,3273,3276
seq,t1.pc,6,50,3274,3277
seq,t2.dl,12,52,3275,3278
seq,t2.pc,6,12,3275,3278
seq,t3.pc,6,0,3276,3279
seq,t0.dl,12,52,3277,3280
seq,t0.pc,6,8,3277,3280
seq,t1.pc,6,50,3278,3281
seq,t2.dl,12,51,3279,3282
seq,t2.pc,6,12,3279,3282
seq,t3.pc,6,0,3280,3283
seq,t0.dl,12,51,3281,3284
seq,t0.pc,6,8,3281,3284
seq,t1.pc,6,50,3282,3285
seq,t2.dl,12,50,3283,3286
seq,t2.pc,6,12,3283,3286
seq,t3.pc,6,0,3284,3287
seq,t0.dl,12,50,3285,3288
seq,t0.pc,6,8,3285,3288
seq,t1.pc,6,50,3286,3289
seq,t2.dl,12,49,3287,3290
seq,t2.pc,6,12,3287,3290
seq,t3.pc,6,0,3288,3291
seq,t0.dl,12,49,3289,3292
seq,t0.pc,6,8,3289,3292
seq,t1.pc,6,50,3290,3293
seq,t2.dl,12,48,3291,3294
seq,t2.pc,6,12,3291,3294
seq,t3.pc,6,0,3292,3295
seq,t0.dl,12,48,3293,3296
seq,t0.pc,6,8,3293,3296
seq,t1.pc,6,50,3294,3297
seq,t2.dl,12,47,3295,3298
seq,t2.pc,6,12,3295,3298
seq,t3.pc,6,0,3296,3299
seq,t0.dl,12,47,3297,3300
seq,t0.pc,6,8,3297,3300
seq,t1.pc,6,50,3298,3301
seq,t2.dl,12,46,3299,3302
seq,t2.pc,6,12,3299,3302
seq,t3.pc,6,0,3300,3303
seq,t0.dl,12,46,3301,3304
seq,t0.pc,6,8,3301,3304
seq,t1.pc,6,50,3302,3305
seq,t2.dl,12,45,3303,3306
seq,t2.pc,6,12,3303,3306
seq,t3.pc,6,0,3304,3307
seq,t0.dl,12,45,3305,3308
seq,t0.pc,6,8,3305,3308
seq,t1.pc,6,50,3306,3309
seq,t2.dl,12,44,3307,3310
seq,t2.pc,6,12,3307,3310
seq,t3.pc,6,0,3308,3311
seq,t0.dl,12,44,3309,3312
seq,t0.pc,6,8,3309,3312
seq,t1.pc,6,50,3310,3313
seq,t2.dl,12,43,3311,3314
seq,t2.pc,6,12,3311,3314
seq,t3.pc,6,0,3312,3315
seq,t0.dl,12,43,3313,3316
seq,t0.pc,6,8,3313,3316
seq,t1.pc,6,50,3314,3317
seq,t2.dl,12,42,3315,3318
seq,t2.pc,6,12,3315,3318
seq,t3.pc,6,0,3316,3319
seq,t0.dl,12,42,3317,3320
seq,t0.pc,6,8,3317,3320
seq,t1.pc,6,50,3318,3321
seq,t2.dl,12,41,3319,3322
seq,t2.pc,6,12,3319,3322
seq,t3.pc,6,0,3320,3323
seq,t0.dl,12,41,3321,3324
seq,t0.pc,6,8,3321,3324
seq,t1.pc,6,50,3322,3325
seq,t2.dl,12,40,3323,3326
seq,t2.pc,6,12,3323,3326
seq,t3.pc,6,0,3324,3327
seq,t0.dl,12,40,3325,3328
seq,t0.pc,6,8,3325,3328
seq,t1.pc,6,50,3326,3329
seq,t2.dl,12,39,3327,3330
seq,t2.pc,6,12,3327,3330
seq,t3.pc,6,0,3328,3331
seq,t0.dl,12,39,3329,3332
seq,t0.pc,6,8,3329,3332
seq,t1.pc,6,50,3330,3333
seq,t2.dl,12,38,3331,3334
seq,t2.pc,6,12,3331,3334
seq,t3.pc,6,0,3332,3335
seq,t0.dl,12,38,3333,3336
seq,t0.pc,6,8,3333,3336
seq,t1.pc,6,50,3334,3337
seq,t2.dl,12,37,3335,3338
seq,t2.pc,6,12,3335,3338
seq,t3.pc,6,0,3336,3339
seq,t0.dl,12,37,3337,3340
seq,t0.pc,6,8,3337,3340
seq,t1.pc,6,50,3338,3341
seq,t2.dl,12,36,3339,3342
seq,t2.pc,6,12,3339,3342
seq,t3.pc,6,0,3340,3343
seq,t0.dl,12,36,3341,3344
seq,t0.pc,6,8,3341,3344
seq,t1.pc,6,50,3342,3345
seq,t2.dl,12,35,3343,3346
seq,t2.pc,6,12,3343,3346
seq,t3.pc,6,0,3344,3347
seq,t0.dl,12,35,3345,3348
seq,t0.pc,6,8,3345,3348
seq,t1.pc,6,50,3346,3349
seq,t2.dl,12,34,3347,3350
seq,t2.pc,6,12,3347,3350
seq,t3.pc,6,0,3348,3351
seq,t0.dl,12,34,3349,3352
seq,t0.pc,6,8,3349,3352
seq,t1.pc,6,50,3350,3353
seq,t2.dl,12,33,3351,3354
seq,t2.pc,6,12,3351,3354
seq,t3.pc,6,0,3352,3355
seq,t0.dl,12,33,3353,3356
seq,t0.pc,6,8,3353,3356
seq,t1.pc,6,50,3354,3357
seq,t2.dl,12,32,3355,3358
seq,t2.pc,6,12,3355,3358
seq,t3.pc,6,0,3356,3359
seq,t0.dl,12,32,3357,3360
seq,t0.pc,6,8,3357,3360
seq,t1.pc,6,50,3358,3361
seq,t2.dl,12,31,3359,3362
seq,t2.pc,6,12,3359,3362
seq,t3.pc,6,0,3360,3363
seq,t0.dl,12,31,3361,3364
seq,t0.pc,6,8,3361,3364
seq,t1.pc,6,50,3362,3365
seq,t2.dl,12,30,3363,3366
seq,t2.pc,6,12,3363,3366
seq,t3.pc,6,0,3364,3367
seq,t0.dl,12,30,3365,3368
seq,t0.pc,6,8,3365,3368
seq,t1.pc,6,50,3366,3369
seq,t2.dl,12,29,3367,3370
seq,t2.pc,6,12,3367,3370
seq,t3.pc,6,0,3368,3371
seq,t0.dl,12,29,3369,3372
seq,t0.pc,6,8,3369,3372
seq,t1.pc,6,50,3370,3373
seq,t2.dl,12,28,3371,3374
seq,t2.pc,6,12,3371,3374
seq,t3.pc,6,0,3372,3375
seq,t0.dl,12,28,3373,3376
seq,t0.pc,6,8,3373,3376
seq,t1.pc,6,50,3374,3377
seq,t2.dl,12,27,3375,3378
seq,t2.pc,6,12,3375,3378
seq,t3.pc,6,0,3376,3379
seq,t0.dl,12,27,3377,3380
seq,t0.pc,6,8,3377,3380
seq,t1.pc,6,50,3378,3381
seq,t2.dl,12,26,3379,3382
seq,t2.pc,6,12,3379,3382
seq,t3.pc,6,0,3380,3383
seq,t0.dl,12,26,3381,3384
seq,t0.pc,6,8,3381,3384
seq,t1.pc,6,50,3382,3385
seq,t2.dl,12,25,3383,3386
seq,t2.pc,6,12,3383,3386
seq,t3.pc,6,0,3384,3387
seq,t0.dl,12,25,3385,3388
seq,t0.pc,6,8,3385,3388
seq,t1.pc,6,50,3386,3389
seq,t2.dl,12,24,3387,3390
seq,t2.pc,6,12,3387,3390
seq,t3.pc,6,0,3388,3391
seq,t0.dl,12,24,3389,3392
seq,t0.pc,6,8,3389,3392
seq,t1.pc,6,50,3390,3393
seq,t2.dl,12,23,3391,3394
seq,t2.pc,6,12,3391,3394
seq,t3.pc,6,0,3392,3395
seq,t0.dl,12,23,3393,3396
seq,t0.pc,6,8,3393,3396
seq,t1.pc,6,50,3394,3397
seq,t2.dl,12,22,3395,3398
seq,t2.pc,6,12,3395,3398
seq,t3.pc,6,0,3396,3399
seq,t0.dl,12,22,3397,3400
seq,t0.pc,6,8,3397,3400
seq,t1.pc,6,50,3398,3401
seq,t2.dl,12,21,3399,3402
seq,t2.pc,6,12,3399,3402
seq,t3.pc,6,0,3400,3403
seq,t0.dl,12,21,3401,3404
seq,t0.pc,6,8,3401,3404
seq,t1.pc,6,50,3402,3405
seq,t2.dl,12,20,3403,3406
seq,t2.pc,6,12,3403,3406
seq,t3.pc,6,0,3404,3407
seq,t0.dl,12,20,3405,3408
seq,t0.pc,6,8,3405,3408
seq,t1.pc,6,50,3406,3409
seq,t2.dl,12,19,3407,3410
seq,t2.pc,6,12,3407,3410
seq,t3.pc,6,0,3408,3411
seq,t0.dl,12,19,3409,3412
seq,t0.pc,6,8,3409,3412
seq,t1.pc,6,50,3410,3413
seq,t2.dl,12,18,3411,3414
seq,t2.pc,6,12,3411,3414
seq,t3.pc,6,0,3412,3415
seq,t0.dl,12,18,3413,3416
seq,t0.pc,6,8,3413,3416
seq,t1.pc,6,50,3414,3417
seq,t2.dl,12,17,3415,3418
seq,t2.pc,6,12,3415,3418
seq,t3.pc,6,0,3416,3419
seq,t0.dl,12,17,3417,3420
seq,t0.pc,6,8,3417,3420
seq,t1.pc,6,50,3418,3421
seq,t2.dl,12,16,3419,3422
seq,t2.pc,6,12,3419,3422
seq,t3.pc,6,0,3420,3423
seq,t0.dl,12,16,3421,3424
seq,t0.pc,6,8,3421,3424
seq,t1.pc,6,50,3422,3425
seq,t2.dl,12,15,3423,3426
seq,t2.pc,6,12,3423,3426
seq,t3.pc,6,0,3424,3427
seq,t0.dl,12,15,3425,3428
seq,t0.pc,6,8,3425,3428
seq,t1.pc,6,50,3426,3429
seq,t2.dl,12,14,3427,3430
seq,t2.pc,6,12,3427,3430
seq,t3.pc,6,0,3428,3431
seq,t0.dl,12,14,3429,3432
seq,t0.pc,6,8,3429,3432
seq,t1.pc,6,50,3430,3433
seq,t2.dl,12,13,3431,3434
seq,t2.pc,6,12,3431,3434
seq,t3.pc,6,0,3432,3435
seq,t0.dl,12,13,3433,3436
seq,t0.pc,6,8,3433,3436
seq,t1.pc,6,50,3434,3437
seq,t2.dl,12,12,3435,3438
seq,t2.pc,6,12,3435,3438
seq,t3.pc,6,0,3436,3439
seq,t0.dl,12,12,3437,3440
seq,t0.pc,6,8,3437,3440
seq,t1.pc,6,50,3438,3441
seq,t2.dl,12,11,3439,3442
seq,t2.pc,6,12,3439,3442
seq,t3.pc,6,0,3440,3443
seq,t0.dl,12,11,3441,3444
seq,t0.pc,6,8,3441,3444
seq,t1.pc,6,50,3442,3445
seq,t2.dl,12,10,3443,3446
seq,t2.pc,6,12,3443,3446
seq,t3.pc,6,0,3444,3447
seq,t0.dl,12,10,3445,3448
seq,t0.pc,6,8,3445,3448
seq,t1.pc,6,50,3446,3449
seq,t2.dl,12,9,3447,3450
seq,t2.pc,6,12,3447,3450
seq,t3.pc,6,0,3448,3451
seq,t0.dl,12,9,3449,3452
seq,t0.pc,6,8,3449,3452
seq,t1.pc,6,50,3450,3453
seq,t2.dl,12,8,3451,3454
seq,t2.pc,6,12,3451,3454
seq,t3.pc,6,0,3452,3455
seq,t0.dl,12,8,3453,3456
seq,t0.pc,6,8,3453,3456
seq,t1.pc,6,50,3454,3457
seq,t2.dl,12,7,3455,3458
seq,t2.pc,6,12,3455,3458
seq,t3.pc,6,0,3456,3459
seq,t0.dl,12,7,3457,3460
seq,t0.pc,6,8,3457,3460
seq,t1.pc,6,50,3458,3461
seq,t2.dl,12,6,3459,3462
seq,t2.pc,6,12,3459,3462
seq,t3.pc,6,0,3460,3463
seq,t0.dl,12,6,3461,3464
seq,t0.pc,6,8,3461,3464
seq,t1.pc,6,50,3462,3465
seq,t2.dl,12,5,3463,3466
seq,t2.pc,6,12,3463,3466
seq,t3.pc,6,0,3464,3467
seq,t0.dl,12,5,3465,3468
seq,t0.pc,6,8,3465,3468
seq,t1.pc,6,50,3466,3469
seq,t2.dl,12,4,3467,3470
seq,t2.pc,6,12,3467,3470
seq,t3.pc,6,0,3468,3471
seq,t0.dl,12,4,3469,3472
seq,t0.pc,6,8,3469,3472
seq,t1.pc,6,50,3470,3473
seq,t2.dl,12,3,3471,3474
seq,t2.pc,6,12,3471,3474
seq,t3.pc,6,0,3472,3475
seq,t0.dl,12,3,3473,3476
seq,t0.pc,6,8,3473,3476
seq,t1.pc,6,50,3474,3477
seq,t2.dl,12,2,3475,3478
seq,t2.pc,6,12,3475,3478
seq,t3.pc,6,0,3476,3479
seq,t0.dl,12,2,3477,3480
seq,t0.pc,6,8,3477,3480
seq,t1.pc,6,50,3478,3481
seq,t2.dl,12,1,3479,3482
seq,t2.pc,6,12,3479,3482
seq,t3.pc,6,0,3480,3483
seq,t0.dl,12,1,3481,3484
seq,t0.pc,6,8,3481,3484
seq,t1.pc,6,50,3482,3485
seq,t2.pc,6,12,3483,3486
seq,t3.pc,6,0,3484,3487
seq,t0.pc,6,8,3485,3488
seq,t1.pc,6,50,3486,3489
seq,t2.pc,6,13,3487,3490
seq,t3.pc,6,0,3488,3491
seq,t0.pc,6,9,3489,3492
seq,t1.pc,6,50,3490,3493
seq,t2.dl,12,0,3483,3486
seq,t2.pc,6,14,3491,3494
seq,t3.pc,6,0,3492,3495
seq,t0.acc,8,0,3061,3496
seq,t0.cnt,12,1,3061,3496
seq,t0.pc,6,6,3493,3496
seq,t1.pc,6,50,3494,3497
seq,t2.dl,12,27,3495,3498
seq,t2.pc,6,15,3495,3498
seq,t3.pc,6,0,3496,3499
seq,t0.dl,12,0,3485,3488
seq,t0.pc,6,7,3497,3500
seq,t1.pc,6,50,3498,3501
seq,t2.dl,12,26,3499,3502
seq,t2.pc,6,15,3499,3502
seq,t3.pc,6,0,3500,3503
seq,t0.dl,12,105,3501,3504
seq,t0.pc,6,8,3501,3504
seq,t1.pc,6,50,3502,3505
seq,t2.dl,12,25,3503,3506
seq,t2.pc,6,15,3503,3506
seq,t3.pc,6,0,3504,3507
seq,t0.dl,12,104,3505,3508
seq,t0.pc,6,8,3505,3508
seq,t1.pc,6,50,3506,3509
seq,t2.dl,12,24,3507,3510
seq,t2.pc,6,15,3507,3510
seq,t3.pc,6,0,3508,3511
seq,t0.dl,12,103,3509,3512
seq,t0.pc,6,8,3509,3512
seq,t1.pc,6,50,3510,3513
seq,t2.dl,12,23,3511,3514
seq,t2.pc,6,15,3511,3514
seq,t3.pc,6,0,3512,3515
seq,t0.dl,12,102,3513,3516
seq,t0.pc,6,8,3513,3516
seq,t1.pc,6,50,3514,3517
seq,t2.dl,12,22,3515,3518
seq,t2.pc,6,15,3515,3518
seq,t3.pc,6,0,3516,3519
seq,t0.dl,12,101,3517,3520
seq,t0.pc,6,8,3517,3520
seq,t1.pc,6,50,3518,3521
seq,t2.dl,12,21,3519,3522
seq,t2.pc,6,15,3519,3522
seq,t3.pc,6,0,3520,3523
seq,t0.dl,12,100,3521,3524
seq,t0.pc,6,8,3521,3524
seq,t1.pc,6,50,3522,3525
seq,t2.dl,12,20,3523,3526
seq,t2.pc,6,15,3523,3526
seq,t3.pc,6,0,3524,3527
seq,t0.dl,12,99,3525,3528
seq,t0.pc,6,8,3525,3528
seq,t1.pc,6,50,3526,3529
seq,t2.dl,12,19,3527,3530
seq,t2.pc,6,15,3527,3530
seq,t3.pc,6,0,3528,3531
seq,t0.dl,12,98,3529,3532
seq,t0.pc,6,8,3529,3532
seq,t1.pc,6,50,3530,3533
seq,t2.dl,12,18,3531,3534
seq,t2.pc,6,15,3531,3534
seq,t3.pc,6,0,3532,3535
seq,t0.dl,12,97,3533,3536
seq,t0.pc,6,8,3533,3536
seq,t1.pc,6,50,3534,3537
seq,t2.dl,12,17,3535,3538
seq,t2.pc,6,15,3535,3538
seq,t3.pc,6,0,3536,3539
seq,t0.dl,12,96,3537,3540
seq,t0.pc,6,8,3537,3540
seq,t1.pc,6,50,3538,3541
seq,t2.dl,12,16,3539,3542
seq,t2.pc,6,15,3539,3542
seq,t3.pc,6,0,3540,3543
seq,t0.dl,12,95,3541,3544
seq,t0.pc,6,8,3541,3544
seq,t1.pc,6,50,3542,3545
seq,t2.dl,12,15,3543,3546
seq,t2.pc,6,15,3543,3546
seq,t3.pc,6,0,3544,3547
seq,t0.dl,12,94,3545,3548
seq,t0.pc,6,8,3545,3548
seq,t1.pc,6,50,3546,3549
seq,t2.dl,12,14,3547,3550
seq,t2.pc,6,15,3547,3550
seq,t3.pc,6,0,3548,3551
seq,t0.dl,12,93,3549,3552
seq,t0.pc,6,8,3549,3552
seq,t1.pc,6,50,3550,3553
seq,t2.dl,12,13,3551,3554
seq,t2.pc,6,15,3551,3554
seq,t3.pc,6,0,3552,3555
seq,t0.dl,12,92,3553,3556
seq,t0.pc,6,8,3553,3556
seq,t1.pc,6,50,3554,3557
seq,t2.dl,12,12,3555,3558
seq,t2.pc,6,15,3555,3558
seq,t3.pc,6,0,3556,3559
seq,t0.dl,12,91,3557,3560
seq,t0.pc,6,8,3557,3560
seq,t1.pc,6,50,3558,3561
seq,t2.dl,12,11,3559,3562
seq,t2.pc,6,15,3559,3562
seq,t3.pc,6,0,3560,3563
seq,t0.dl,12,90,3561,3564
seq,t0.pc,6,8,3561,3564
seq,t1.pc,6,50,3562,3565
seq,t2.dl,12,10,3563,3566
seq,t2.pc,6,15,3563,3566
seq,t3.pc,6,0,3564,3567
seq,t0.dl,12,89,3565,3568
seq,t0.pc,6,8,3565,3568
seq,t1.pc,6,50,3566,3569
seq,t2.dl,12,9,3567,3570
seq,t2.pc,6,15,3567,3570
seq,t3.pc,6,0,3568,3571
seq,t0.dl,12,88,3569,3572
seq,t0.pc,6,8,3569,3572
seq,t1.pc,6,50,3570,3573
seq,t2.dl,12,8,3571,3574
seq,t2.pc,6,15,3571,3574
seq,t3.pc,6,0,3572,3575
seq,t0.dl,12,87,3573,3576
seq,t0.pc,6,8,3573,3576
seq,t1.pc,6,50,3574,3577
seq,t2.dl,12,7,3575,3578
seq,t2.pc,6,15,3575,3578
seq,t3.pc,6,0,3576,3579
seq,t0.dl,12,86,3577,3580
seq,t0.pc,6,8,3577,3580
seq,t1.pc,6,50,3578,3581
seq,t2.dl,12,6,3579,3582
seq,t2.pc,6,15,3579,3582
seq,t3.pc,6,0,3580,3583
seq,t0.dl,12,85,3581,3584
seq,t0.pc,6,8,3581,3584
seq,t1.pc,6,50,3582,3585
seq,t2.dl,12,5,3583,3586
seq,t2.pc,6,15,3583,3586
seq,t3.pc,6,0,3584,3587
seq,t0.dl,12,84,3585,3588
seq,t0.pc,6,8,3585,3588
seq,t1.pc,6,50,3586,3589
seq,t2.dl,12,4,3587,3590
seq,t2.pc,6,15,3587,3590
seq,t3.pc,6,0,3588,3591
seq,t0.dl,12,83,3589,3592
seq,t0.pc,6,8,3589,3592
seq,t1.pc,6,50,3590,3593
seq,t2.dl,12,3,3591,3594
seq,t2.pc,6,15,3591,3594
seq,t3.pc,6,0,3592,3595
seq,t0.dl,12,82,3593,3596
seq,t0.pc,6,8,3593,3596
seq,t1.pc,6,50,3594,3597
seq,t2.dl,12,2,3595,3598
seq,t2.pc,6,15,3595,3598
seq,t3.pc,6,0,3596,3599
seq,t0.dl,12,81,3597,3600
seq,t0.pc,6,8,3597,3600
seq,t1.pc,6,50,3598,3601
seq,t2.dl,12,1,3599,3602
seq,t2.pc,6,15,3599,3602
seq,t3.pc,6,0,3600,3603
seq,t0.dl,12,80,3601,3604
seq,t0.pc,6,8,3601,3604
seq,t1.pc,6,50,3602,3605
seq,t2.pc,6,15,3603,3606
seq,t3.pc,6,0,3604,3607
seq,t0.dl,12,79,3605,3608
seq,t0.pc,6,8,3605,3608
seq,t1.pc,6,50,3606,3609
seq,t2.pc,6,16,3607,3610
seq,t3.pc,6,0,3608,3611
seq,t0.dl,12,78,3609,3612
seq,t0.pc,6,8,3609,3612
seq,t1.pc,6,50,3610,3613
seq,t2.acc,8,0,3119,3614
seq,t2.cnt,12,1,3119,3614
seq,t2.pc,6,7,3611,3614
seq,t3.pc,6,0,3612,3615
seq,t0.dl,12,77,3613,3616
seq,t0.pc,6,8,3613,3616
seq,t1.pc,6,50,3614,3617
seq,t2.dl,12,0,3603,3606
seq,t2.pc,6,8,3615,3618
seq,t3.pc,6,0,3616,3619
seq,t0.dl,12,76,3617,3620
seq,t0.pc,6,8,3617,3620
seq,t1.pc,6,50,3618,3621
seq,t2.dl,12,28,3619,3622
seq,t2.pc,6,9,3619,3622
seq,t3.pc,6,0,3620,3623
seq,t0.dl,12,75,3621,3624
seq,t0.pc,6,8,3621,3624
seq,t1.pc,6,50,3622,3625
seq,t2.dl,12,27,3623,3626
seq,t2.pc,6,9,3623,3626
seq,t3.pc,6,0,3624,3627
seq,t0.dl,12,74,3625,3628
seq,t0.pc,6,8,3625,3628
seq,t1.pc,6,50,3626,3629
seq,t2.dl,12,26,3627,3630
seq,t2.pc,6,9,3627,3630
seq,t3.pc,6,0,3628,3631
seq,t0.dl,12,73,3629,3632
seq,t0.pc,6,8,3629,3632
seq,t1.pc,6,50,3630,3633
seq,t2.dl,12,25,3631,3634
seq,t2.pc,6,9,3631,3634
seq,t3.pc,6,0,3632,3635
seq,t0.dl,12,72,3633,3636
seq,t0.pc,6,8,3633,3636
seq,t1.pc,6,50,3634,3637
seq,t2.dl,12,24,3635,3638
seq,t2.pc,6,9,3635,3638
seq,t3.pc,6,0,3636,3639
seq,t0.dl,12,71,3637,3640
seq,t0.pc,6,8,3637,3640
seq,t1.pc,6,50,3638,3641
seq,t2.dl,12,23,3639,3642
seq,t2.pc,6,9,3639,3642
seq,t3.pc,6,0,3640,3643
seq,t0.dl,12,70,3641,3644
seq,t0.pc,6,8,3641,3644
seq,t1.pc,6,50,3642,3645
seq,t2.dl,12,22,3643,3646
seq,t2.pc,6,9,3643,3646
seq,t3.pc,6,0,3644,3647
seq,t0.dl,12,69,3645,3648
seq,t0.pc,6,8,3645,3648
seq,t1.pc,6,50,3646,3649
seq,t2.dl,12,21,3647,3650
seq,t2.pc,6,9,3647,3650
seq,t3.pc,6,0,3648,3651
seq,t0.dl,12,68,3649,3652
seq,t0.pc,6,8,3649,3652
seq,t1.pc,6,50,3650,3653
seq,t2.dl,12,20,3651,3654
seq,t2.pc,6,9,3651,3654
seq,t3.pc,6,0,3652,3655
seq,t0.dl,12,67,3653,3656
seq,t0.pc,6,8,3653,3656
seq,t1.pc,6,50,3654,3657
seq,t2.dl,12,19,3655,3658
seq,t2.pc,6,9,3655,3658
seq,t3.pc,6,0,3656,3659
seq,t0.dl,12,66,3657,3660
seq,t0.pc,6,8,3657,3660
seq,t1.pc,6,50,3658,3661
seq,t2.dl,12,18,3659,3662
seq,t2.pc,6,9,3659,3662
seq,t3.pc,6,0,3660,3663
seq,t0.dl,12,65,3661,3664
seq,t0.pc,6,8,3661,3664
seq,t1.pc,6,50,3662,3665
seq,t2.dl,12,17,3663,3666
seq,t2.pc,6,9,3663,3666
seq,t3.pc,6,0,3664,3667
seq,t0.dl,12,64,3665,3668
seq,t0.pc,6,8,3665,3668
seq,t1.pc,6,50,3666,3669
seq,t2.dl,12,16,3667,3670
seq,t2.pc,6,9,3667,3670
seq,t3.pc,6,0,3668,3671
seq,t0.dl,12,63,3669,3672
seq,t0.pc,6,8,3669,3672
seq,t1.pc,6,50,3670,3673
seq,t2.dl,12,15,3671,3674
seq,t2.pc,6,9,3671,3674
seq,t3.pc,6,0,3672,3675
seq,t0.dl,12,62,3673,3676
seq,t0.pc,6,8,3673,3676
seq,t1.pc,6,50,3674,3677
seq,t2.dl,12,14,3675,3678
seq,t2.pc,6,9,3675,3678
seq,t3.pc,6,0,3676,3679
seq,t0.dl,12,61,3677,3680
seq,t0.pc,6,8,3677,3680
seq,t1.pc,6,50,3678,3681
seq,t2.dl,12,13,3679,3682
seq,t2.pc,6,9,3679,3682
seq,t3.pc,6,0,3680,3683
seq,t0.dl,12,60,3681,3684
seq,t0.pc,6,8,3681,3684
seq,t1.pc,6,50,3682,3685
seq,t2.dl,12,12,3683,3686
seq,t2.pc,6,9,3683,3686
seq,t3.pc,6,0,3684,3687
seq,t0.dl,12,59,3685,3688
seq,t0.pc,6,8,3685,3688
seq,t1.pc,6,50,3686,3689
seq,t2.dl,12,11,3687,3690
seq,t2.pc,6,9,3687,3690
seq,t3.pc,6,0,3688,3691
seq,t0.dl,12,58,3689,3692
seq,t0.pc,6,8,3689,3692
seq,t1.pc,6,50,3690,3693
seq,t2.dl,12,10,3691,3694
seq,t2.pc,6,9,3691,3694
seq,t3.pc,6,0,3692,3695
seq,t0.dl,12,57,3693,3696
seq,t0.pc,6,8,3693,3696
seq,t1.pc,6,50,3694,3697
seq,t2.dl,12,9,3695,3698
seq,t2.pc,6,9,3695,3698
seq,t3.pc,6,0,3696,3699
seq,t0.dl,12,56,3697,3700
seq,t0.pc,6,8,3697,3700
seq,t1.pc,6,50,3698,3701
seq,t2.dl,12,8,3699,3702
seq,t2.pc,6,9,3699,3702
seq,t3.pc,6,0,3700,3703
seq,t0.dl,12,55,3701,3704
seq,t0.pc,6,8,3701,3704
seq,t1.pc,6,50,3702,3705
seq,t2.dl,12,7,3703,3706
seq,t2.pc,6,9,3703,3706
seq,t3.pc,6,0,3704,3707
seq,t0.dl,12,54,3705,3708
seq,t0.pc,6,8,3705,3708
seq,t1.pc,6,50,3706,3709
seq,t2.dl,12,6,3707,3710
seq,t2.pc,6,9,3707,3710
seq,t3.pc,6,0,3708,3711
seq,t0.dl,12,53,3709,3712
seq,t0.pc,6,8,3709,3712
seq,t1.pc,6,50,3710,3713
seq,t2.dl,12,5,3711,3714
seq,t2.pc,6,9,3711,3714
seq,t3.pc,6,0,3712,3715
seq,t0.dl,12,52,3713,3716
seq,t0.pc,6,8,3713,3716
seq,t1.pc,6,50,3714,3717
seq,t2.dl,12,4,3715,3718
seq,t2.pc,6,9,3715,3718
seq,t3.pc,6,0,3716,3719
seq,t0.dl,12,51,3717,3720
seq,t0.pc,6,8,3717,3720
seq,t1.pc,6,50,3718,3721
seq,t2.dl,12,3,3719,3722
seq,t2.pc,6,9,3719,3722
seq,t3.pc,6,0,3720,3723
seq,t0.dl,12,50,3721,3724
seq,t0.pc,6,8,3721,3724
seq,t1.pc,6,50,3722,3725
seq,t2.dl,12,2,3723,3726
seq,t2.pc,6,9,3723,3726
seq,t3.pc,6,0,3724,3727
seq,t0.dl,12,49,3725,3728
seq,t0.pc,6,8,3725,3728
seq,t1.pc,6,50,3726,3729
seq,t2.dl,12,1,3727,3730
seq,t2.pc,6,9,3727,3730
seq,t3.pc,6,0,3728,3731
seq,t0.dl,12,48,3729,3732
seq,t0.pc,6,8,3729,3732
seq,t1.pc,6,50,3730,3733
seq,t2.pc,6,9,3731,3734
seq,t3.pc,6,0,3732,3735
seq,t0.dl,12,47,3733,3736
seq,t0.pc,6,8,3733,3736
seq,t1.pc,6,50,3734,3737
seq,t2.pc,6,10,3735,3738
seq,t3.pc,6,0,3736,3739
seq,t0.dl,12,46,3737,3740
seq,t0.pc,6,8,3737,3740
seq,t1.pc,6,50,3738,3741
seq,t2.dl,12,0,3731,3734
seq,t2.pc,6,11,3739,3742
seq,t3.pc,6,0,3740,3743
seq,t0.dl,12,45,3741,3744
seq,t0.pc,6,8,3741,3744
seq,t1.pc,6,50,3742,3745
seq,t2.dl,12,59,3743,3746
seq,t2.pc,6,12,3743,3746
seq,t3.pc,6,0,3744,3747
seq,t0.dl,12,44,3745,3748
seq,t0.pc,6,8,3745,3748
seq,t1.pc,6,50,3746,3749
seq,t2.dl,12,58,3747,3750
seq,t2.pc,6,12,3747,3750
seq,t3.pc,6,0,3748,3751
seq,t0.dl,12,43,3749,3752
seq,t0.pc,6,8,3749,3752
seq,t1.pc,6,50,3750,3753
seq,t2.dl,12,57,3751,3754
seq,t2.pc,6,12,3751,3754
seq,t3.pc,6,0,3752,3755
seq,t0.dl,12,42,3753,3756
seq,t0.pc,6,8,3753,3756
seq,t1.pc,6,50,3754,3757
seq,t2.dl,12,56,3755,3758
seq,t2.pc,6,12,3755,3758
seq,t3.pc,6,0,3756,3759
seq,t0.dl,12,41,3757,3760
seq,t0.pc,6,8,3757,3760
seq,t1.pc,6,50,3758,3761
seq,t2.dl,12,55,3759,3762
seq,t2.pc,6,12,3759,3762
seq,t3.pc,6,0,3760,3763
seq,t0.dl,12,40,3761,3764
seq,t0.pc,6,8,3761,3764
seq,t1.pc,6,50,3762,3765
seq,t2.dl,12,54,3763,3766
seq,t2.pc,6,12,3763,3766
seq,t3.pc,6,0,3764,3767
seq,t0.dl,12,39,3765,3768
seq,t0.pc,6,8,3765,3768
seq,t1.pc,6,50,3766,3769
seq,t2.dl,12,53,3767,3770
seq,t2.pc,6,12,3767,3770
seq,t3.pc,6,0,3768,3771
seq,t0.dl,12,38,3769,3772
seq,t0.pc,6,8,3769,3772
seq,t1.pc,6,50,3770,3773
seq,t2.dl,12,52,3771,3774
seq,t2.pc,6,12,3771,3774
seq,t3.pc,6,0,3772,3775
seq,t0.dl,12,37,3773,3776
seq,t0.pc,6,8,3773,3776
seq,t1.pc,6,50,3774,3777
seq,t2.dl,12,51,3775,3778
seq,t2.pc,6,12,3775,3778
seq,t3.pc,6,0,3776,3779
seq,t0.dl,12,36,3777,3780
seq,t0.pc,6,8,3777,3780
seq,t1.pc,6,50,3778,3781
seq,t2.dl,12,50,3779,3782
seq,t2.pc,6,12,3779,3782
seq,t3.pc,6,0,3780,3783
seq,t0.dl,12,35,3781,3784
seq,t0.pc,6,8,3781,3784
seq,t1.pc,6,50,3782,3785
seq,t2.dl,12,49,3783,3786
seq,t2.pc,6,12,3783,3786
seq,t3.pc,6,0,3784,3787
seq,t0.dl,12,34,3785,3788
seq,t0.pc,6,8,3785,3788
seq,t1.pc,6,50,3786,3789
seq,t2.dl,12,48,3787,3790
seq,t2.pc,6,12,3787,3790
seq,t3.pc,6,0,3788,3791
seq,t0.dl,12,33,3789,3792
seq,t0.pc,6,8,3789,3792
seq,t1.pc,6,50,3790,3793
seq,t2.dl,12,47,3791,3794
seq,t2.pc,6,12,3791,3794
seq,t3.pc,6,0,3792,3795
seq,t0.dl,12,32,3793,3796
seq,t0.pc,6,8,3793,3796
seq,t1.pc,6,50,3794,3797
seq,t2.dl,12,46,3795,3798
seq,t2.pc,6,12,3795,3798
seq,t3.pc,6,0,3796,3799
seq,t0.dl,12,31,3797,3800
seq,t0.pc,6,8,3797,3800
seq,t1.pc,6,50,3798,3801
seq,t2.dl,12,45,3799,3802
seq,t2.pc,6,12,3799,3802
seq,t3.pc,6,0,3800,3803
seq,t0.dl,12,30,3801,3804
seq,t0.pc,6,8,3801,3804
seq,t1.pc,6,50,3802,3805
seq,t2.dl,12,44,3803,3806
seq,t2.pc,6,12,3803,3806
seq,t3.pc,6,0,3804,3807
seq,t0.dl,12,29,3805,3808
seq,t0.pc,6,8,3805,3808
seq,t1.pc,6,50,3806,3809
seq,t2.dl,12,43,3807,3810
seq,t2.pc,6,12,3807,3810
seq,t3.pc,6,0,3808,3811
seq,t0.dl,12,28,3809,3812
seq,t0.pc,6,8,3809,3812
seq,t1.pc,6,50,3810,3813
seq,t2.dl,12,42,3811,3814
seq,t2.pc,6,12,3811,3814
seq,t3.pc,6,0,3812,3815
seq,t0.dl,12,27,3813,3816
seq,t0.pc,6,8,3813,3816
seq,t1.pc,6,50,3814,3817
seq,t2.dl,12,41,3815,3818
seq,t2.pc,6,12,3815,3818
seq,t3.pc,6,0,3816,3819
seq,t0.dl,12,26,3817,3820
seq,t0.pc,6,8,3817,3820
seq,t1.pc,6,50,3818,3821
seq,t2.dl,12,40,3819,3822
seq,t2.pc,6,12,3819,3822
seq,t3.pc,6,0,3820,3823
seq,t0.dl,12,25,3821,3824
seq,t0.pc,6,8,3821,3824
seq,t1.pc,6,50,3822,3825
seq,t2.dl,12,39,3823,3826
seq,t2.pc,6,12,3823,3826
seq,t3.pc,6,0,3824,3827
seq,t0.dl,12,24,3825,3828
seq,t0.pc,6,8,3825,3828
seq,t1.pc,6,50,3826,3829
seq,t2.dl,12,38,3827,3830
seq,t2.pc,6,12,3827,3830
seq,t3.pc,6,0,3828,3831
seq,t0.dl,12,23,3829,3832
seq,t0.pc,6,8,3829,3832
seq,t1.pc,6,50,3830,3833
seq,t2.dl,12,37,3831,3834
seq,t2.pc,6,12,3831,3834
seq,t3.pc,6,0,3832,3835
seq,t0.dl,12,22,3833,3836
seq,t0.pc,6,8,3833,3836
seq,t1.pc,6,50,3834,3837
seq,t2.dl,12,36,3835,3838
seq,t2.pc,6,12,3835,3838
seq,t3.pc,6,0,3836,3839
seq,t0.dl,12,21,3837,3840
seq,t0.pc,6,8,3837,3840
seq,t1.pc,6,50,3838,3841
seq,t2.dl,12,35,3839,3842
seq,t2.pc,6,12,3839,3842
seq,t3.pc,6,0,3840,3843
seq,t0.dl,12,20,3841,3844
seq,t0.pc,6,8,3841,3844
seq,t1.pc,6,50,3842,3845
seq,t2.dl,12,34,3843,3846
seq,t2.pc,6,12,3843,3846
seq,t3.pc,6,0,3844,3847
seq,t0.dl,12,19,3845,3848
seq,t0.pc,6,8,3845,3848
seq,t1.pc,6,50,3846,3849
seq,t2.dl,12,33,3847,3850
seq,t2.pc,6,12,3847,3850
seq,t3.pc,6,0,3848,3851
seq,t0.dl,12,18,3849,3852
seq,t0.pc,6,8,3849,3852
seq,t1.pc,6,50,3850,3853
seq,t2.dl,12,32,3851,3854
seq,t2.pc,6,12,3851,3854
seq,t3.pc,6,0,3852,3855
seq,t0.dl,12,17,3853,3856
seq,t0.pc,6,8,3853,3856
seq,t1.pc,6,50,3854,3857
seq,t2.dl,12,31,3855,3858
seq,t2.pc,6,12,3855,3858
seq,t3.pc,6,0,3856,3859
seq,t0.dl,12,16,3857,3860
seq,t0.pc,6,8,3857,3860
seq,t1.pc,6,50,3858,3861
seq,t2.dl,12,30,3859,3862
seq,t2.pc,6,12,3859,3862
seq,t3.pc,6,0,3860,3863
seq,t0.dl,12,15,3861,3864
seq,t0.pc,6,8,3861,3864
seq,t1.pc,6,50,3862,3865
seq,t2.dl,12,29,3863,3866
seq,t2.pc,6,12,3863,3866
seq,t3.pc,6,0,3864,3867
seq,t0.dl,12,14,3865,3868
seq,t0.pc,6,8,3865,3868
seq,t1.pc,6,50,3866,3869
seq,t2.dl,12,28,3867,3870
seq,t2.pc,6,12,3867,3870
seq,t3.pc,6,0,3868,3871
seq,t0.dl,12,13,3869,3872
seq,t0.pc,6,8,3869,3872
seq,t1.pc,6,50,3870,3873
seq,t2.dl,12,27,3871,3874
seq,t2.pc,6,12,3871,3874
seq,t3.pc,6,0,3872,3875
seq,t0.dl,12,12,3873,3876
seq,t0.pc,6,8,3873,3876
seq,t1.pc,6,50,3874,3877
seq,t2.dl,12,26,3875,3878
seq,t2.pc,6,12,3875,3878
seq,t3.pc,6,0,3876,3879
seq,t0.dl,12,11,3877,3880
seq,t0.pc,6,8,3877,3880
seq,t1.pc,6,50,3878,3881
seq,t2.dl,12,25,3879,3882
seq,t2.pc,6,12,3879,3882
seq,t3.pc,6,0,3880,3883
seq,t0.dl,12,10,3881,3884
seq,t0.pc,6,8,3881,3884
seq,t1.pc,6,50,3882,3885
seq,t2.dl,12,24,3883,3886
seq,t2.pc,6,12,3883,3886
seq,t3.pc,6,0,3884,3887
seq,t0.dl,12,9,3885,3888
seq,t0.pc,6,8,3885,3888
seq,t1.pc,6,50,3886,3889
seq,t2.dl,12,23,3887,3890
seq,t2.pc,6,12,3887,3890
seq,t3.pc,6,0,3888,3891
seq,t0.dl,12,8,3889,3892
seq,t0.pc,6,8,3889,3892
seq,t1.pc,6,50,3890,3893
seq,t2.dl,12,22,3891,3894
seq,t2.pc,6,12,3891,3894
seq,t3.pc,6,0,3892,3895
seq,t0.dl,12,7,3893,3896
seq,t0.pc,6,8,3893,3896
seq,t1.pc,6,50,3894,3897
seq,t2.dl,12,21,3895,3898
seq,t2.pc,6,12,3895,3898
seq,t3.pc,6,0,3896,3899
seq,t0.dl,12,6,3897,3900
seq,t0.pc,6,8,3897,3900
seq,t1.pc,6,50,3898,3901
seq,t2.dl,12,20,3899,3902
seq,t2.pc,6,12,3899,3902
seq,t3.pc,6,0,3900,3903
seq,t0.dl,12,5,3901,3904
seq,t0.pc,6,8,3901,3904
seq,t1.pc,6,50,3902,3905
seq,t2.dl,12,19,3903,3906
seq,t2.pc,6,12,3903,3906
seq,t3.pc,6,0,3904,3907
seq,t0.dl,12,4,3905,3908
seq,t0.pc,6,8,3905,3908
seq,t1.pc,6,50,3906,3909
seq,t2.dl,12,18,3907,3910
seq,t2.pc,6,12,3907,3910
seq,t3.pc,6,0,3908,3911
seq,t0.dl,12,3,3909,3912
seq,t0.pc,6,8,3909,3912
seq,t1.pc,6,50,3910,3913
seq,t2.dl,12,17,3911,3914
seq,t2.pc,6,12,3911,3914
seq,t3.pc,6,0,3912,3915
seq,t0.dl,12,2,3913,3916
seq,t0.pc,6,8,3913,3916
seq,t1.pc,6,50,3914,3917
seq,t2.dl,12,16,3915,3918
seq,t2.pc,6,12,3915,3918
seq,t3.pc,6,0,3916,3919
seq,t0.dl,12,1,3917,3920
seq,t0.pc,6,8,3917,3920
seq,t1.pc,6,50,3918,3921
seq,t2.dl,12,15,3919,3922
seq,t2.pc,6,12,3919,3922
seq,t3.pc,6,0,3920,3923
seq,t0.pc,6,8,3921,3924
seq,t1.pc,6,50,3922,3925
seq,t2.dl,12,14,3923,3926
seq,t2.pc,6,12,3923,3926
seq,t3.pc,6,0,3924,3927
seq,t0.pc,6,9,3925,3928
seq,t1.pc,6,50,3926,3929
seq,t2.dl,12,13,3927,3930
seq,t2.pc,6,12,3927,3930
seq,t3.pc,6,0,3928,3931
seq,t0.pc,6,10,3929,3932
seq,t1.pc,6,50,3930,3933
seq,t2.dl,12,12,3931,3934
seq,t2.pc,6,12,3931,3934
seq,t3.pc,6,0,3932,3935
seq,t0.dl,12,0,3921,3924
seq,t0.pc,6,11,3933,3936
seq,t1.pc,6,50,3934,3937
seq,t2.dl,12,11,3935,3938
seq,t2.pc,6,12,3935,3938
seq,t3.pc,6,0,3936,3939
seq,t0.dl,12,105,3937,3940
seq,t0.pc,6,12,3937,3940
seq,t1.pc,6,50,3938,3941
seq,t2.dl,12,10,3939,3942
seq,t2.pc,6,12,3939,3942
seq,t3.pc,6,0,3940,3943
seq,t0.dl,12,104,3941,3944
seq,t0.pc,6,12,3941,3944
seq,t1.pc,6,50,3942,3945
seq,t2.dl,12,9,3943,3946
seq,t2.pc,6,12,3943,3946
seq,t3.pc,6,0,3944,3947
seq,t0.dl,12,103,3945,3948
seq,t0.pc,6,12,3945,3948
seq,t1.pc,6,50,3946,3949
seq,t2.dl,12,8,3947,3950
seq,t2.pc,6,12,3947,3950
seq,t3.pc,6,0,3948,3951
seq,t0.dl,12,102,3949,3952
seq,t0.pc,6,12,3949,3952
seq,t1.pc,6,50,3950,3953
seq,t2.dl,12,7,3951,3954
seq,t2.pc,6,12,3951,3954
seq,t3.pc,6,0,3952,3955
seq,t0.dl,12,101,3953,3956
seq,t0.pc,6,12,3953,3956
seq,t1.pc,6,50,3954,3957
seq,t2.dl,12,6,3955,3958
seq,t2.pc,6,12,3955,3958
seq,t3.pc,6,0,3956,3959
seq,t0.dl,12,100,3957,3960
seq,t0.pc,6,12,3957,3960
seq,t1.pc,6,50,3958,3961
seq,t2.dl,12,5,3959,3962
seq,t2.pc,6,12,3959,3962
seq,t3.pc,6,0,3960,3963
seq,t0.dl,12,99,3961,3964
seq,t0.pc,6,12,3961,3964
seq,t1.pc,6,50,3962,3965
seq,t2.dl,12,4,3963,3966
seq,t2.pc,6,12,3963,3966
seq,t3.pc,6,0,3964,3967
seq,t0.dl,12,98,3965,3968
seq,t0.pc,6,12,3965,3968
seq,t1.pc,6,50,3966,3969
seq,t2.dl,12,3,3967,3970
seq,t2.pc,6,12,3967,3970
seq,t3.pc,6,0,3968,3971
seq,t0.dl,12,97,3969,3972
seq,t0.pc,6,12,3969,3972
seq,t1.pc,6,50,3970,3973
seq,t2.dl,12,2,3971,3974
seq,t2.pc,6,12,3971,3974
seq,t3.pc,6,0,3972,3975
seq,t0.dl,12,96,3973,3976
seq,t0.pc,6,12,3973,3976
seq,t1.pc,6,50,3974,3977
seq,t2.dl,12,1,3975,3978
seq,t2.pc,6,12,3975,3978
seq,t3.pc,6,0,3976,3979
seq,t0.dl,12,95,3977,3980
seq,t0.pc,6,12,3977,3980
seq,t1.pc,6,50,3978,3981
seq,t2.pc,6,12,3979,3982
seq,t3.pc,6,0,3980,3983
seq,t0.dl,12,94,3981,3984
seq,t0.pc,6,12,3981,3984
seq,t1.pc,6,50,3982,3985
seq,t2.pc,6,13,3983,3986
seq,t3.pc,6,0,3984,3987
seq,t0.dl,12,93,3985,3988
seq,t0.pc,6,12,3985,3988
seq,t1.pc,6,50,3986,3989
seq,t2.dl,12,0,3979,3982
seq,t2.pc,6,14,3987,3990
seq,t3.pc,6,0,3988,3991
seq,t0.dl,12,92,3989,3992
seq,t0.pc,6,12,3989,3992
seq,t1.pc,6,50,3990,3993
seq,t2.dl,12,27,3991,3994
seq,t2.pc,6,15,3991,3994
seq,t3.pc,6,0,3992,3995
seq,t0.dl,12,91,3993,3996
seq,t0.pc,6,12,3993,3996
seq,t1.pc,6,50,3994,3997
seq,t2.dl,12,26,3995,3998
seq,t2.pc,6,15,3995,3998
seq,t3.pc,6,0,3996,3999
seq,t0.dl,12,90,3997,4000
seq,t0.pc,6,12,3997,4000
seq,t1.pc,6,50,3998,4001
seq,t2.dl,12,25,3999,4002
seq,t2.pc,6,15,3999,4002
seq,t3.pc,6,0,4000,4003
seq,t0.dl,12,89,4001,4004
seq,t0.pc,6,12,4001,4004
seq,t1.pc,6,50,4002,4005
seq,t2.dl,12,24,4003,4006
seq,t2.pc,6,15,4003,4006
seq,t3.pc,6,0,4004,4007
seq,t0.dl,12,88,4005,4008
seq,t0.pc,6,12,4005,4008
seq,t1.pc,6,50,4006,4009
seq,t2.dl,12,23,4007,4010
seq,t2.pc,6,15,4007,4010
seq,t3.pc,6,0,4008,4011
seq,t0.dl,12,87,4009,4012
seq,t0.pc,6,12,4009,4012
seq,t1.pc,6,50,4010,4013
seq,t2.dl,12,22,4011,4014
seq,t2.pc,6,15,4011,4014
seq,t3.pc,6,0,4012,4015
seq,t0.dl,12,86,4013,4016
seq,t0.pc,6,12,4013,4016
seq,t1.pc,6,50,4014,4017
seq,t2.dl,12,21,4015,4018
seq,t2.pc,6,15,4015,4018
seq,t3.pc,6,0,4016,4019
seq,t0.dl,12,85,4017,4020
seq,t0.pc,6,12,4017,4020
seq,t1.pc,6,50,4018,4021
seq,t2.dl,12,20,4019,4022
seq,t2.pc,6,15,4019,4022
seq,t3.pc,6,0,4020,4023
seq,t0.dl,12,84,4021,4024
seq,t0.pc,6,12,4021,4024
seq,t1.pc,6,50,4022,4025
seq,t2.dl,12,19,4023,4026
seq,t2.pc,6,15,4023,4026
seq,t3.pc,6,0,4024,4027
seq,t0.dl,12,83,4025,4028
seq,t0.pc,6,12,4025,4028
seq,t1.pc,6,50,4026,4029
seq,t2.dl,12,18,4027,4030
seq,t2.pc,6,15,4027,4030
seq,t3.pc,6,0,4028,4031
seq,t0.dl,12,82,4029,4032
seq,t0.pc,6,12,4029,4032
seq,t1.pc,6,50,4030,4033
seq,t2.dl,12,17,4031,4034
seq,t2.pc,6,15,4031,4034
seq,t3.pc,6,0,4032,4035
seq,t0.dl,12,81,4033,4036
seq,t0.pc,6,12,4033,4036
seq,t1.pc,6,50,4034,4037
seq,t2.dl,12,16,4035,4038
seq,t2.pc,6,15,4035,4038
seq,t3.pc,6,0,4036,4039
seq,t0.dl,12,80,4037,4040
seq,t0.pc,6,12,4037,4040
seq,t1.pc,6,50,4038,4041
seq,t2.dl,12,15,4039,4042
seq,t2.pc,6,15,4039,4042
seq,t3.pc,6,0,4040,4043
seq,t0.dl,12,79,4041,4044
seq,t0.pc,6,12,4041,4044
seq,t1.pc,6,50,4042,4045
seq,t2.dl,12,14,4043,4046
seq,t2.pc,6,15,4043,4046
seq,t3.pc,6,0,4044,4047
seq,t0.dl,12,78,4045,4048
seq,t0.pc,6,12,4045,4048
seq,t1.pc,6,50,4046,4049
seq,t2.dl,12,13,4047,4050
seq,t2.pc,6,15,4047,4050
seq,t3.pc,6,0,4048,4051
seq,t0.dl,12,77,4049,4052
seq,t0.pc,6,12,4049,4052
seq,t1.pc,6,50,4050,4053
seq,t2.dl,12,12,4051,4054
seq,t2.pc,6,15,4051,4054
seq,t3.pc,6,0,4052,4055
seq,t0.dl,12,76,4053,4056
seq,t0.pc,6,12,4053,4056
seq,t1.pc,6,50,4054,4057
seq,t2.dl,12,11,4055,4058
seq,t2.pc,6,15,4055,4058
seq,t3.pc,6,0,4056,4059
seq,t0.dl,12,75,4057,4060
seq,t0.pc,6,12,4057,4060
seq,t1.pc,6,50,4058,4061
seq,t2.dl,12,10,4059,4062
seq,t2.pc,6,15,4059,4062
seq,t3.pc,6,0,4060,4063
seq,t0.dl,12,74,4061,4064
seq,t0.pc,6,12,4061,4064
seq,t1.pc,6,50,4062,4065
seq,t2.dl,12,9,4063,4066
seq,t2.pc,6,15,4063,4066
seq,t3.pc,6,0,4064,4067
seq,t0.dl,12,73,4065,4068
seq,t0.pc,6,12,4065,4068
seq,t1.pc,6,50,4066,4069
seq,t2.dl,12,8,4067,4070
seq,t2.pc,6,15,4067,4070
seq,t3.pc,6,0,4068,4071
seq,t0.dl,12,72,4069,4072
seq,t0.pc,6,12,4069,4072
seq,t1.pc,6,50,4070,4073
seq,t2.dl,12,7,4071,4074
seq,t2.pc,6,15,4071,4074
seq,t3.pc,6,0,4072,4075
seq,t0.dl,12,71,4073,4076
seq,t0.pc,6,12,4073,4076
seq,t1.pc,6,50,4074,4077
seq,t2.dl,12,6,4075,4078
seq,t2.pc,6,15,4075,4078
seq,t3.pc,6,0,4076,4079
seq,t0.dl,12,70,4077,4080
seq,t0.pc,6,12,4077,4080
seq,t1.pc,6,50,4078,4081
seq,t2.dl,12,5,4079,4082
seq,t2.pc,6,15,4079,4082
seq,t3.pc,6,0,4080,4083
seq,t0.dl,12,69,4081,4084
seq,t0.pc,6,12,4081,4084
seq,t1.pc,6,50,4082,4085
seq,t2.dl,12,4,4083,4086
seq,t2.pc,6,15,4083,4086
seq,t3.pc,6,0,4084,4087
seq,t0.dl,12,68,4085,4088
seq,t0.pc,6,12,4085,4088
seq,t1.pc,6,50,4086,4089
seq,t2.dl,12,3,4087,4090
seq,t2.pc,6,15,4087,4090
seq,t3.pc,6,0,4088,4091
seq,t0.dl,12,67,4089,4092
seq,t0.pc,6,12,4089,4092
seq,t1.pc,6,50,4090,4093
seq,t2.dl,12,2,4091,4094
seq,t2.pc,6,15,4091,4094
seq,t3.pc,6,0,4092,4095
seq,t0.dl,12,66,4093,4096
seq,t0.pc,6,12,4093,4096
seq,t1.pc,6,50,4094,4097
seq,t2.dl,12,1,4095,4098
seq,t2.pc,6,15,4095,4098
seq,t3.pc,6,0,4096,4099
seq,t0.dl,12,65,4097,4100
seq,t0.pc,6,12,4097,4100
seq,t1.pc,6,50,4098,4101
seq,t2.pc,6,15,4099,4102
seq,t3.pc,6,0,4100,4103
seq,t0.dl,12,64,4101,4104
seq,t0.pc,6,12,4101,4104
seq,t1.pc,6,50,4102,4105
seq,t2.pc,6,16,4103,4106
seq,t3.pc,6,0,4104,4107
seq,t0.dl,12,63,4105,4108
seq,t0.pc,6,12,4105,4108
seq,t1.pc,6,50,4106,4109
seq,t2.pc,6,17,4107,4110
seq,t3.pc,6,0,4108,4111
seq,t0.dl,12,62,4109,4112
seq,t0.pc,6,12,4109,4112
seq,t1.pc,6,50,4110,4113
seq,t2.dl,12,0,4099,4102
seq,t2.pc,6,18,4111,4114
seq,t3.pc,6,0,4112,4115
seq,t0.dl,12,61,4113,4116
seq,t0.pc,6,12,4113,4116
seq,t1.pc,6,50,4114,4117
seq,t2.dl,12,28,4115,4118
seq,t2.pc,6,19,4115,4118
seq,t3.pc,6,0,4116,4119
seq,t0.dl,12,60,4117,4120
seq,t0.pc,6,12,4117,4120
seq,t1.pc,6,50,4118,4121
seq,t2.dl,12,27,4119,4122
seq,t2.pc,6,19,4119,4122
seq,t3.pc,6,0,4120,4123
seq,t0.dl,12,59,4121,4124
seq,t0.pc,6,12,4121,4124
seq,t1.pc,6,50,4122,4125
seq,t2.dl,12,26,4123,4126
seq,t2.pc,6,19,4123,4126
seq,t3.pc,6,0,4124,4127
seq,t0.dl,12,58,4125,4128
seq,t0.pc,6,12,4125,4128
seq,t1.pc,6,50,4126,4129
seq,t2.dl,12,25,4127,4130
seq,t2.pc,6,19,4127,4130
seq,t3.pc,6,0,4128,4131
seq,t0.dl,12,57,4129,4132
seq,t0.pc,6,12,4129,4132
seq,t1.pc,6,50,4130,4133
seq,t2.dl,12,24,4131,4134
seq,t2.pc,6,19,4131,4134
seq,t3.pc,6,0,4132,4135
seq,t0.dl,12,56,4133,4136
seq,t0.pc,6,12,4133,4136
seq,t1.pc,6,50,4134,4137
seq,t2.dl,12,23,4135,4138
seq,t2.pc,6,19,4135,4138
seq,t3.pc,6,0,4136,4139
seq,t0.dl,12,55,4137,4140
seq,t0.pc,6,12,4137,4140
seq,t1.pc,6,50,4138,4141
seq,t2.dl,12,22,4139,4142
seq,t2.pc,6,19,4139,4142
seq,t3.pc,6,0,4140,4143
seq,t0.dl,12,54,4141,4144
seq,t0.pc,6,12,4141,4144
seq,t1.pc,6,50,4142,4145
seq,t2.dl,12,21,4143,4146
seq,t2.pc,6,19,4143,4146
seq,t3.pc,6,0,4144,4147
seq,t0.dl,12,53,4145,4148
seq,t0.pc,6,12,4145,4148
seq,t1.pc,6,50,4146,4149
seq,t2.dl,12,20,4147,4150
seq,t2.pc,6,19,4147,4150
seq,t3.pc,6,0,4148,4151
seq,t0.dl,12,52,4149,4152
seq,t0.pc,6,12,4149,4152
seq,t1.pc,6,50,4150,4153
seq,t2.dl,12,19,4151,4154
seq,t2.pc,6,19,4151,4154
seq,t3.pc,6,0,4152,4155
seq,t0.dl,12,51,4153,4156
seq,t0.pc,6,12,4153,4156
seq,t1.pc,6,50,4154,4157
seq,t2.dl,12,18,4155,4158
seq,t2.pc,6,19,4155,4158
seq,t3.pc,6,0,4156,4159
seq,t0.dl,12,50,4157,4160
seq,t0.pc,6,12,4157,4160
seq,t1.pc,6,50,4158,4161
seq,t2.dl,12,17,4159,4162
seq,t2.pc,6,19,4159,4162
seq,t3.pc,6,0,4160,4163
seq,t0.dl,12,49,4161,4164
seq,t0.pc,6,12,4161,4164
seq,t1.pc,6,50,4162,4165
seq,t2.dl,12,16,4163,4166
seq,t2.pc,6,19,4163,4166
seq,t3.pc,6,0,4164,4167
seq,t0.dl,12,48,4165,4168
seq,t0.pc,6,12,4165,4168
seq,t1.pc,6,50,4166,4169
seq,t2.dl,12,15,4167,4170
seq,t2.pc,6,19,4167,4170
seq,t3.pc,6,0,4168,4171
seq,t0.dl,12,47,4169,4172
seq,t0.pc,6,12,4169,4172
seq,t1.pc,6,50,4170,4173
seq,t2.dl,12,14,4171,4174
seq,t2.pc,6,19,4171,4174
seq,t3.pc,6,0,4172,4175
seq,t0.dl,12,46,4173,4176
seq,t0.pc,6,12,4173,4176
seq,t1.pc,6,50,4174,4177
seq,t2.dl,12,13,4175,4178
seq,t2.pc,6,19,4175,4178
seq,t3.pc,6,0,4176,4179
seq,t0.dl,12,45,4177,4180
seq,t0.pc,6,12,4177,4180
seq,t1.pc,6,50,4178,4181
seq,t2.dl,12,12,4179,4182
seq,t2.pc,6,19,4179,4182
seq,t3.pc,6,0,4180,4183
seq,t0.dl,12,44,4181,4184
seq,t0.pc,6,12,4181,4184
seq,t1.pc,6,50,4182,4185
seq,t2.dl,12,11,4183,4186
seq,t2.pc,6,19,4183,4186
seq,t3.pc,6,0,4184,4187
seq,t0.dl,12,43,4185,4188
seq,t0.pc,6,12,4185,4188
seq,t1.pc,6,50,4186,4189
seq,t2.dl,12,10,4187,4190
seq,t2.pc,6,19,4187,4190
seq,t3.pc,6,0,4188,4191
seq,t0.dl,12,42,4189,4192
seq,t0.pc,6,12,4189,4192
seq,t1.pc,6,50,4190,4193
seq,t2.dl,12,9,4191,4194
seq,t2.pc,6,19,4191,4194
seq,t3.pc,6,0,4192,4195
seq,t0.dl,12,41,4193,4196
seq,t0.pc,6,12,4193,4196
seq,t1.pc,6,50,4194,4197
seq,t2.dl,12,8,4195,4198
seq,t2.pc,6,19,4195,4198
seq,t3.pc,6,0,4196,4199
seq,t0.dl,12,40,4197,4200
seq,t0.pc,6,12,4197,4200
seq,t1.pc,6,50,4198,4201
seq,t2.dl,12,7,4199,4202
seq,t2.pc,6,19,4199,4202
seq,t3.pc,6,0,4200,4203
seq,t0.dl,12,39,4201,4204
seq,t0.pc,6,12,4201,4204
seq,t1.pc,6,50,4202,4205
seq,t2.dl,12,6,4203,4206
seq,t2.pc,6,19,4203,4206
seq,t3.pc,6,0,4204,4207
seq,t0.dl,12,38,4205,4208
seq,t0.pc,6,12,4205,4208
seq,t1.pc,6,50,4206,4209
seq,t2.dl,12,5,4207,4210
seq,t2.pc,6,19,4207,4210
seq,t3.pc,6,0,4208,4211
seq,t0.dl,12,37,4209,4212
seq,t0.pc,6,12,4209,4212
seq,t1.pc,6,50,4210,4213
seq,t2.dl,12,4,4211,4214
seq,t2.pc,6,19,4211,4214
seq,t3.pc,6,0,4212,4215
seq,t0.dl,12,36,4213,4216
seq,t0.pc,6,12,4213,4216
seq,t1.pc,6,50,4214,4217
seq,t2.dl,12,3,4215,4218
seq,t2.pc,6,19,4215,4218
seq,t3.pc,6,0,4216,4219
seq,t0.dl,12,35,4217,4220
seq,t0.pc,6,12,4217,4220
seq,t1.pc,6,50,4218,4221
seq,t2.dl,12,2,4219,4222
seq,t2.pc,6,19,4219,4222
seq,t3.pc,6,0,4220,4223
seq,t0.dl,12,34,4221,4224
seq,t0.pc,6,12,4221,4224
seq,t1.pc,6,50,4222,4225
seq,t2.dl,12,1,4223,4226
seq,t2.pc,6,19,4223,4226
seq,t3.pc,6,0,4224,4227
seq,t0.dl,12,33,4225,4228
seq,t0.pc,6,12,4225,4228
seq,t1.pc,6,50,4226,4229
seq,t2.pc,6,19,4227,4230
seq,t3.pc,6,0,4228,4231
seq,t0.dl,12,32,4229,4232
seq,t0.pc,6,12,4229,4232
seq,t1.pc,6,50,4230,4233
seq,t2.pc,6,20,4231,4234
seq,t3.pc,6,0,4232,4235
seq,t0.dl,12,31,4233,4236
seq,t0.pc,6,12,4233,4236
seq,t1.pc,6,50,4234,4237
seq,t2.dl,12,0,4227,4230
seq,t2.pc,6,21,4235,4238
seq,t3.pc,6,0,4236,4239
seq,t0.dl,12,30,4237,4240
seq,t0.pc,6,12,4237,4240
seq,t1.pc,6,50,4238,4241
seq,t2.dl,12,28,4239,4242
seq,t2.pc,6,22,4239,4242
seq,t3.pc,6,0,4240,4243
seq,t0.dl,12,29,4241,4244
seq,t0.pc,6,12,4241,4244
seq,t1.pc,6,50,4242,4245
seq,t2.dl,12,27,4243,4246
seq,t2.pc,6,22,4243,4246
seq,t3.pc,6,0,4244,4247
seq,t0.dl,12,28,4245,4248
seq,t0.pc,6,12,4245,4248
seq,t1.pc,6,50,4246,4249
seq,t2.dl,12,26,4247,4250
seq,t2.pc,6,22,4247,4250
seq,t3.pc,6,0,4248,4251
seq,t0.dl,12,27,4249,4252
seq,t0.pc,6,12,4249,4252
seq,t1.pc,6,50,4250,4253
seq,t2.dl,12,25,4251,4254
seq,t2.pc,6,22,4251,4254
seq,t3.pc,6,0,4252,4255
seq,t0.dl,12,26,4253,4256
seq,t0.pc,6,12,4253,4256
seq,t1.pc,6,50,4254,4257
seq,t2.dl,12,24,4255,4258
seq,t2.pc,6,22,4255,4258
seq,t3.pc,6,0,4256,4259
seq,t0.dl,12,25,4257,4260
seq,t0.pc,6,12,4257,4260
seq,t1.pc,6,50,4258,4261
seq,t2.dl,12,23,4259,4262
seq,t2.pc,6,22,4259,4262
seq,t3.pc,6,0,4260,4263
seq,t0.dl,12,24,4261,4264
seq,t0.pc,6,12,4261,4264
seq,t1.pc,6,50,4262,4265
seq,t2.dl,12,22,4263,4266
seq,t2.pc,6,22,4263,4266
seq,t3.pc,6,0,4264,4267
seq,t0.dl,12,23,4265,4268
seq,t0.pc,6,12,4265,4268
seq,t1.pc,6,50,4266,4269
seq,t2.dl,12,21,4267,4270
seq,t2.pc,6,22,4267,4270
seq,t3.pc,6,0,4268,4271
seq,t0.dl,12,22,4269,4272
seq,t0.pc,6,12,4269,4272
seq,t1.pc,6,50,4270,4273
seq,t2.dl,12,20,4271,4274
seq,t2.pc,6,22,4271,4274
seq,t3.pc,6,0,4272,4275
seq,t0.dl,12,21,4273,4276
seq,t0.pc,6,12,4273,4276
seq,t1.pc,6,50,4274,4277
seq,t2.dl,12,19,4275,4278
seq,t2.pc,6,22,4275,4278
seq,t3.pc,6,0,4276,4279
seq,t0.dl,12,20,4277,4280
seq,t0.pc,6,12,4277,4280
seq,t1.pc,6,50,4278,4281
seq,t2.dl,12,18,4279,4282
seq,t2.pc,6,22,4279,4282
seq,t3.pc,6,0,4280,4283
seq,t0.dl,12,19,4281,4284
seq,t0.pc,6,12,4281,4284
seq,t1.pc,6,50,4282,4285
seq,t2.dl,12,17,4283,4286
seq,t2.pc,6,22,4283,4286
seq,t3.pc,6,0,4284,4287
seq,t0.dl,12,18,4285,4288
seq,t0.pc,6,12,4285,4288
seq,t1.pc,6,50,4286,4289
seq,t2.dl,12,16,4287,4290
seq,t2.pc,6,22,4287,4290
seq,t3.pc,6,0,4288,4291
seq,t0.dl,12,17,4289,4292
seq,t0.pc,6,12,4289,4292
seq,t1.pc,6,50,4290,4293
seq,t2.dl,12,15,4291,4294
seq,t2.pc,6,22,4291,4294
seq,t3.pc,6,0,4292,4295
seq,t0.dl,12,16,4293,4296
seq,t0.pc,6,12,4293,4296
seq,t1.pc,6,50,4294,4297
seq,t2.dl,12,14,4295,4298
seq,t2.pc,6,22,4295,4298
seq,t3.pc,6,0,4296,4299
seq,t0.dl,12,15,4297,4300
seq,t0.pc,6,12,4297,4300
seq,t1.pc,6,50,4298,4301
seq,t2.dl,12,13,4299,4302
seq,t2.pc,6,22,4299,4302
seq,t3.pc,6,0,4300,4303
seq,t0.dl,12,14,4301,4304
seq,t0.pc,6,12,4301,4304
seq,t1.pc,6,50,4302,4305
seq,t2.dl,12,12,4303,4306
seq,t2.pc,6,22,4303,4306
seq,t3.pc,6,0,4304,4307
seq,t0.dl,12,13,4305,4308
seq,t0.pc,6,12,4305,4308
seq,t1.pc,6,50,4306,4309
seq,t2.dl,12,11,4307,4310
seq,t2.pc,6,22,4307,4310
seq,t3.pc,6,0,4308,4311
seq,t0.dl,12,12,4309,4312
seq,t0.pc,6,12,4309,4312
seq,t1.pc,6,50,4310,4313
seq,t2.dl,12,10,4311,4314
seq,t2.pc,6,22,4311,4314
seq,t3.pc,6,0,4312,4315
seq,t0.dl,12,11,4313,4316
seq,t0.pc,6,12,4313,4316
seq,t1.pc,6,50,4314,4317
seq,t2.dl,12,9,4315,4318
seq,t2.pc,6,22,4315,4318
seq,t3.pc,6,0,4316,4319
seq,t0.dl,12,10,4317,4320
seq,t0.pc,6,12,4317,4320
seq,t1.pc,6,50,4318,4321
seq,t2.dl,12,8,4319,4322
seq,t2.pc,6,22,4319,4322
seq,t3.pc,6,0,4320,4323
seq,t0.dl,12,9,4321,4324
seq,t0.pc,6,12,4321,4324
seq,t1.pc,6,50,4322,4325
seq,t2.dl,12,7,4323,4326
seq,t2.pc,6,22,4323,4326
seq,t3.pc,6,0,4324,4327
seq,t0.dl,12,8,4325,4328
seq,t0.pc,6,12,4325,4328
seq,t1.pc,6,50,4326,4329
seq,t2.dl,12,6,4327,4330
seq,t2.pc,6,22,4327,4330
seq,t3.pc,6,0,4328,4331
seq,t0.dl,12,7,4329,4332
seq,t0.pc,6,12,4329,4332
seq,t1.pc,6,50,4330,4333
seq,t2.dl,12,5,4331,4334
seq,t2.pc,6,22,4331,4334
seq,t3.pc,6,0,4332,4335
seq,t0.dl,12,6,4333,4336
seq,t0.pc,6,12,4333,4336
seq,t1.pc,6,50,4334,4337
seq,t2.dl,12,4,4335,4338
seq,t2.pc,6,22,4335,4338
seq,t3.pc,6,0,4336,4339
seq,t0.dl,12,5,4337,4340
seq,t0.pc,6,12,4337,4340
seq,t1.pc,6,50,4338,4341
seq,t2.dl,12,3,4339,4342
seq,t2.pc,6,22,4339,4342
seq,t3.pc,6,0,4340,4343
seq,t0.dl,12,4,4341,4344
seq,t0.pc,6,12,4341,4344
seq,t1.pc,6,50,4342,4345
seq,t2.dl,12,2,4343,4346
seq,t2.pc,6,22,4343,4346
seq,t3.pc,6,0,4344,4347
seq,t0.dl,12,3,4345,4348
seq,t0.pc,6,12,4345,4348
seq,t1.pc,6,50,4346,4349
seq,t2.dl,12,1,4347,4350
seq,t2.pc,6,22,4347,4350
seq,t3.pc,6,0,4348,4351
seq,t0.dl,12,2,4349,4352
seq,t0.pc,6,12,4349,4352
seq,t1.pc,6,50,4350,4353
seq,t2.pc,6,22,4351,4354
seq,t3.pc,6,0,4352,4355
seq,t0.dl,12,1,4353,4356
seq,t0.pc,6,12,4353,4356
seq,t1.pc,6,50,4354,4357
seq,t2.acc,8,0,3615,4358
seq,t2.cnt,12,0,3615,4358
seq,t2.pc,6,23,4355,4358
seq,t3.pc,6,0,4356,4359
seq,t0.pc,6,12,4357,4360
seq,t1.pc,6,50,4358,4361
seq,t2.dl,12,0,4351,4354
seq,t2.pc,6,24,4359,4362
seq,t3.pc,6,0,4360,4363
seq,t0.acc,8,0,3497,-1
seq,t0.pc,6,13,4361,4364
seq,t1.pc,6,50,4362,4365
seq,t2.dl,12,28,4363,4366
seq,t2.pc,6,25,4363,4366
seq,t3.pc,6,0,4364,4367
seq,t0.pc,6,14,4365,4368
seq,t1.pc,6,50,4366,4369
seq,t2.dl,12,27,4367,4370
seq,t2.pc,6,25,4367,4370
seq,t3.pc,6,0,4368,4371
seq,t0.dl,12,0,4357,4360
seq,t0.pc,6,15,4369,4372
seq,t1.pc,6,50,4370,4373
seq,t2.dl,12,26,4371,4374
seq,t2.pc,6,25,4371,4374
seq,t3.pc,6,0,4372,4375
seq,t0.dl,12,105,4373,4376
seq,t0.pc,6,16,4373,4376
seq,t1.pc,6,50,4374,4377
seq,t2.dl,12,25,4375,4378
seq,t2.pc,6,25,4375,4378
seq,t3.pc,6,0,4376,4379
seq,t0.dl,12,104,4377,4380
seq,t0.pc,6,16,4377,4380
seq,t1.pc,6,50,4378,4381
seq,t2.dl,12,24,4379,4382
seq,t2.pc,6,25,4379,4382
seq,t3.pc,6,0,4380,4383
seq,t0.dl,12,103,4381,4384
seq,t0.pc,6,16,4381,4384
seq,t1.pc,6,50,4382,4385
seq,t2.dl,12,23,4383,4386
seq,t2.pc,6,25,4383,4386
seq,t3.pc,6,0,4384,4387
seq,t0.dl,12,102,4385,4388
seq,t0.pc,6,16,4385,4388
seq,t1.pc,6,50,4386,4389
seq,t2.dl,12,22,4387,4390
seq,t2.pc,6,25,4387,4390
seq,t3.pc,6,0,4388,4391
seq,t0.dl,12,101,4389,4392
seq,t0.pc,6,16,4389,4392
seq,t1.pc,6,50,4390,4393
seq,t2.dl,12,21,4391,4394
seq,t2.pc,6,25,4391,4394
seq,t3.pc,6,0,4392,4395
seq,t0.dl,12,100,4393,4396
seq,t0.pc,6,16,4393,4396
seq,t1.pc,6,50,4394,4397
seq,t2.dl,12,20,4395,4398
seq,t2.pc,6,25,4395,4398
seq,t3.pc,6,0,4396,4399
seq,t0.dl,12,99,4397,4400
seq,t0.pc,6,16,4397,4400
seq,t1.pc,6,50,4398,4401
seq,t2.dl,12,19,4399,4402
seq,t2.pc,6,25,4399,4402
seq,t3.pc,6,0,4400,4403
seq,t0.dl,12,98,4401,4404
seq,t0.pc,6,16,4401,4404
seq,t1.pc,6,50,4402,4405
seq,t2.dl,12,18,4403,4406
seq,t2.pc,6,25,4403,4406
seq,t3.pc,6,0,4404,4407
seq,t0.dl,12,97,4405,4408
seq,t0.pc,6,16,4405,4408
seq,t1.pc,6,50,4406,4409
seq,t2.dl,12,17,4407,4410
seq,t2.pc,6,25,4407,4410
seq,t3.pc,6,0,4408,4411
seq,t0.dl,12,96,4409,4412
seq,t0.pc,6,16,4409,4412
seq,t1.pc,6,50,4410,4413
seq,t2.dl,12,16,4411,4414
seq,t2.pc,6,25,4411,4414
seq,t3.pc,6,0,4412,4415
seq,t0.dl,12,95,4413,4416
seq,t0.pc,6,16,4413,4416
seq,t1.pc,6,50,4414,4417
seq,t2.dl,12,15,4415,4418
seq,t2.pc,6,25,4415,4418
seq,t3.pc,6,0,4416,4419
seq,t0.dl,12,94,4417,4420
seq,t0.pc,6,16,4417,4420
seq,t1.pc,6,50,4418,4421
seq,t2.dl,12,14,4419,4422
seq,t2.pc,6,25,4419,4422
seq,t3.pc,6,0,4420,4423
seq,t0.dl,12,93,4421,4424
seq,t0.pc,6,16,4421,4424
seq,t1.pc,6,50,4422,4425
seq,t2.dl,12,13,4423,4426
seq,t2.pc,6,25,4423,4426
seq,t3.pc,6,0,4424,4427
seq,t0.dl,12,92,4425,4428
seq,t0.pc,6,16,4425,4428
seq,t1.pc,6,50,4426,4429
seq,t2.dl,12,12,4427,4430
seq,t2.pc,6,25,4427,4430
seq,t3.pc,6,0,4428,4431
seq,t0.dl,12,91,4429,4432
seq,t0.pc,6,16,4429,4432
seq,t1.pc,6,50,4430,4433
seq,t2.dl,12,11,4431,4434
seq,t2.pc,6,25,4431,4434
seq,t3.pc,6,0,4432,4435
seq,t0.dl,12,90,4433,4436
seq,t0.pc,6,16,4433,4436
seq,t1.pc,6,50,4434,4437
seq,t2.dl,12,10,4435,4438
seq,t2.pc,6,25,4435,4438
seq,t3.pc,6,0,4436,4439
seq,t0.dl,12,89,4437,4440
seq,t0.pc,6,16,4437,4440
seq,t1.pc,6,50,4438,4441
seq,t2.dl,12,9,4439,4442
seq,t2.pc,6,25,4439,4442
seq,t3.pc,6,0,4440,4443
seq,t0.dl,12,88,4441,4444
seq,t0.pc,6,16,4441,4444
seq,t1.pc,6,50,4442,4445
seq,t2.dl,12,8,4443,4446
seq,t2.pc,6,25,4443,4446
seq,t3.pc,6,0,4444,4447
seq,t0.dl,12,87,4445,4448
seq,t0.pc,6,16,4445,4448
seq,t1.pc,6,50,4446,4449
seq,t2.dl,12,7,4447,4450
seq,t2.pc,6,25,4447,4450
seq,t3.pc,6,0,4448,4451
seq,t0.dl,12,86,4449,4452
seq,t0.pc,6,16,4449,4452
seq,t1.pc,6,50,4450,4453
seq,t2.dl,12,6,4451,4454
seq,t2.pc,6,25,4451,4454
seq,t3.pc,6,0,4452,4455
seq,t0.dl,12,85,4453,4456
seq,t0.pc,6,16,4453,4456
seq,t1.pc,6,50,4454,4457
seq,t2.dl,12,5,4455,4458
seq,t2.pc,6,25,4455,4458
seq,t3.pc,6,0,4456,4459
seq,t0.dl,12,84,4457,4460
seq,t0.pc,6,16,4457,4460
seq,t1.pc,6,50,4458,4461
seq,t2.dl,12,4,4459,4462
seq,t2.pc,6,25,4459,4462
seq,t3.pc,6,0,4460,4463
seq,t0.dl,12,83,4461,4464
seq,t0.pc,6,16,4461,4464
seq,t1.pc,6,50,4462,4465
seq,t2.dl,12,3,4463,4466
seq,t2.pc,6,25,4463,4466
seq,t3.pc,6,0,4464,4467
seq,t0.dl,12,82,4465,4468
seq,t0.pc,6,16,4465,4468
seq,t1.pc,6,50,4466,4469
seq,t2.dl,12,2,4467,4470
seq,t2.pc,6,25,4467,4470
seq,t3.pc,6,0,4468,4471
seq,t0.dl,12,81,4469,4472
seq,t0.pc,6,16,4469,4472
seq,t1.pc,6,50,4470,4473
seq,t2.dl,12,1,4471,4474
seq,t2.pc,6,25,4471,4474
seq,t3.pc,6,0,4472,4475
seq,t0.dl,12,80,4473,4476
seq,t0.pc,6,16,4473,4476
seq,t1.pc,6,50,4474,4477
seq,t2.pc,6,25,4475,4478
seq,t3.pc,6,0,4476,4479
seq,t0.dl,12,79,4477,4480
seq,t0.pc,6,16,4477,4480
seq,t1.pc,6,50,4478,4481
seq,t2.pc,6,26,4479,4482
seq,t3.pc,6,0,4480,4483
seq,t0.dl,12,78,4481,4484
seq,t0.pc,6,16,4481,4484
seq,t1.pc,6,50,4482,4485
seq,t2.dl,12,0,4475,4478
seq,t2.pc,6,27,4483,4486
seq,t3.pc,6,0,4484,4487
seq,t0.dl,12,77,4485,4488
seq,t0.pc,6,16,4485,4488
seq,t1.pc,6,50,4486,4489
seq,t2.dl,12,28,4487,4490
seq,t2.pc,6,28,4487,4490
seq,t3.pc,6,0,4488,4491
seq,t0.dl,12,76,4489,4492
seq,t0.pc,6,16,4489,4492
seq,t1.pc,6,50,4490,4493
seq,t2.dl,12,27,4491,4494
seq,t2.pc,6,28,4491,4494
seq,t3.pc,6,0,4492,4495
seq,t0.dl,12,75,4493,4496
seq,t0.pc,6,16,4493,4496
seq,t1.pc,6,50,4494,4497
seq,t2.dl,12,26,4495,4498
seq,t2.pc,6,28,4495,4498
seq,t3.pc,6,0,4496,4499
seq,t0.dl,12,74,4497,4500
seq,t0.pc,6,16,4497,4500
seq,t1.pc,6,50,4498,4501
seq,t2.dl,12,25,4499,4502
seq,t2.pc,6,28,4499,4502
seq,t3.pc,6,0,4500,4503
seq,t0.dl,12,73,4501,4504
seq,t0.pc,6,16,4501,4504
seq,t1.pc,6,50,4502,4505
seq,t2.dl,12,24,4503,4506
seq,t2.pc,6,28,4503,4506
seq,t3.pc,6,0,4504,4507
seq,t0.dl,12,72,4505,4508
seq,t0.pc,6,16,4505,4508
seq,t1.pc,6,50,4506,4509
seq,t2.dl,12,23,4507,4510
seq,t2.pc,6,28,4507,4510
seq,t3.pc,6,0,4508,4511
seq,t0.dl,12,71,4509,4512
seq,t0.pc,6,16,4509,4512
seq,t1.pc,6,50,4510,4513
seq,t2.dl,12,22,4511,4514
seq,t2.pc,6,28,4511,4514
seq,t3.pc,6,0,4512,4515
seq,t0.dl,12,70,4513,4516
seq,t0.pc,6,16,4513,4516
seq,t1.pc,6,50,4514,4517
seq,t2.dl,12,21,4515,4518
seq,t2.pc,6,28,4515,4518
seq,t3.pc,6,0,4516,4519
seq,t0.dl,12,69,4517,4520
seq,t0.pc,6,16,4517,4520
seq,t1.pc,6,50,4518,4521
seq,t2.dl,12,20,4519,4522
seq,t2.pc,6,28,4519,4522
seq,t3.pc,6,0,4520,4523
seq,t0.dl,12,68,4521,4524
seq,t0.pc,6,16,4521,4524
seq,t1.pc,6,50,4522,4525
seq,t2.dl,12,19,4523,4526
seq,t2.pc,6,28,4523,4526
seq,t3.pc,6,0,4524,4527
seq,t0.dl,12,67,4525,4528
seq,t0.pc,6,16,4525,4528
seq,t1.pc,6,50,4526,4529
seq,t2.dl,12,18,4527,4530
seq,t2.pc,6,28,4527,4530
seq,t3.pc,6,0,4528,4531
seq,t0.dl,12,66,4529,4532
seq,t0.pc,6,16,4529,4532
seq,t1.pc,6,50,4530,4533
seq,t2.dl,12,17,4531,4534
seq,t2.pc,6,28,4531,4534
seq,t3.pc,6,0,4532,4535
seq,t0.dl,12,65,4533,4536
seq,t0.pc,6,16,4533,4536
seq,t1.pc,6,50,4534,4537
seq,t2.dl,12,16,4535,4538
seq,t2.pc,6,28,4535,4538
seq,t3.pc,6,0,4536,4539
seq,t0.dl,12,64,4537,4540
seq,t0.pc,6,16,4537,4540
seq,t1.pc,6,50,4538,4541
seq,t2.dl,12,15,4539,4542
seq,t2.pc,6,28,4539,4542
seq,t3.pc,6,0,4540,4543
seq,t0.dl,12,63,4541,4544
seq,t0.pc,6,16,4541,4544
seq,t1.pc,6,50,4542,4545
seq,t2.dl,12,14,4543,4546
seq,t2.pc,6,28,4543,4546
seq,t3.pc,6,0,4544,4547
seq,t0.dl,12,62,4545,4548
seq,t0.pc,6,16,4545,4548
seq,t1.pc,6,50,4546,4549
seq,t2.dl,12,13,4547,4550
seq,t2.pc,6,28,4547,4550
seq,t3.pc,6,0,4548,4551
seq,t0.dl,12,61,4549,4552
seq,t0.pc,6,16,4549,4552
seq,t1.pc,6,50,4550,4553
seq,t2.dl,12,12,4551,4554
seq,t2.pc,6,28,4551,4554
seq,t3.pc,6,0,4552,4555
seq,t0.dl,12,60,4553,4556
seq,t0.pc,6,16,4553,4556
seq,t1.pc,6,50,4554,4557
seq,t2.dl,12,11,4555,4558
seq,t2.pc,6,28,4555,4558
seq,t3.pc,6,0,4556,4559
seq,t0.dl,12,59,4557,4560
seq,t0.pc,6,16,4557,4560
seq,t1.pc,6,50,4558,4561
seq,t2.dl,12,10,4559,4562
seq,t2.pc,6,28,4559,4562
seq,t3.pc,6,0,4560,4563
seq,t0.dl,12,58,4561,4564
seq,t0.pc,6,16,4561,4564
seq,t1.pc,6,50,4562,4565
seq,t2.dl,12,9,4563,4566
seq,t2.pc,6,28,4563,4566
seq,t3.pc,6,0,4564,4567
seq,t0.dl,12,57,4565,4568
seq,t0.pc,6,16,4565,4568
seq,t1.pc,6,50,4566,4569
seq,t2.dl,12,8,4567,4570
seq,t2.pc,6,28,4567,4570
seq,t3.pc,6,0,4568,4571
seq,t0.dl,12,56,4569,4572
seq,t0.pc,6,16,4569,4572
seq,t1.pc,6,50,4570,4573
seq,t2.dl,12,7,4571,4574
seq,t2.pc,6,28,4571,4574
seq,t3.pc,6,0,4572,4575
seq,t0.dl,12,55,4573,4576
seq,t0.pc,6,16,4573,4576
seq,t1.pc,6,50,4574,4577
seq,t2.dl,12,6,4575,4578
seq,t2.pc,6,28,4575,4578
seq,t3.pc,6,0,4576,4579
seq,t0.dl,12,54,4577,4580
seq,t0.pc,6,16,4577,4580
seq,t1.pc,6,50,4578,4581
seq,t2.dl,12,5,4579,4582
seq,t2.pc,6,28,4579,4582
seq,t3.pc,6,0,4580,4583
seq,t0.dl,12,53,4581,4584
seq,t0.pc,6,16,4581,4584
seq,t1.pc,6,50,4582,4585
seq,t2.dl,12,4,4583,4586
seq,t2.pc,6,28,4583,4586
seq,t3.pc,6,0,4584,4587
seq,t0.dl,12,52,4585,4588
seq,t0.pc,6,16,4585,4588
seq,t1.pc,6,50,4586,4589
seq,t2.dl,12,3,4587,4590
seq,t2.pc,6,28,4587,4590
seq,t3.pc,6,0,4588,4591
seq,t0.dl,12,51,4589,4592
seq,t0.pc,6,16,4589,4592
seq,t1.pc,6,50,4590,4593
seq,t2.dl,12,2,4591,4594
seq,t2.pc,6,28,4591,4594
seq,t3.pc,6,0,4592,4595
seq,t0.dl,12,50,4593,4596
seq,t0.pc,6,16,4593,4596
seq,t1.pc,6,50,4594,4597
seq,t2.dl,12,1,4595,4598
seq,t2.pc,6,28,4595,4598
seq,t3.pc,6,0,4596,4599
seq,t0.dl,12,49,4597,4600
seq,t0.pc,6,16,4597,4600
seq,t1.pc,6,50,4598,4601
seq,t2.pc,6,28,4599,4602
seq,t3.pc,6,0,4600,4603
seq,t0.dl,12,48,4601,4604
seq,t0.pc,6,16,4601,4604
seq,t1.pc,6,50,4602,4605
seq,t2.pc,6,29,4603,4606
seq,t3.pc,6,0,4604,4607
seq,t0.dl,12,47,4605,4608
seq,t0.pc,6,16,4605,4608
seq,t1.pc,6,50,4606,4609
seq,t2.acc,8,0,4359,4606
seq,t2.pc,6,30,4607,4610
seq,t3.pc,6,0,4608,4611
seq,t0.dl,12,46,4609,4612
seq,t0.pc,6,16,4609,4612
seq,t1.pc,6,50,4610,4613
seq,t2.cnt,12,4095,4359,-1
seq,t2.pc,6,31,4611,4614
seq,t3.pc,6,0,4612,4615
seq,t0.dl,12,45,4613,4616
seq,t0.pc,6,16,4613,4616
seq,t1.pc,6,50,4614,4617
seq,t2.acc,8,90,4611,4618
seq,t2.cnt,12,8,4615,4618
seq,t2.pc,6,32,4615,4618
seq,t3.pc,6,0,4616,4619
seq,t0.dl,12,44,4617,4620
seq,t0.pc,6,16,4617,4620
seq,t1.pc,6,50,4618,4621
seq,t2.dl,12,0,4599,4602
seq,t2.pc,6,33,4619,4622
seq,t3.pc,6,0,4620,4623
seq,t0.dl,12,43,4621,4624
seq,t0.pc,6,16,4621,4624
seq,t1.pc,6,50,4622,4625
seq,t2.dl,12,28,4623,4626
seq,t2.pc,6,34,4623,4626
seq,t3.pc,6,0,4624,4627
seq,t0.dl,12,42,4625,4628
seq,t0.pc,6,16,4625,4628
seq,t1.pc,6,50,4626,4629
seq,t2.dl,12,27,4627,4630
seq,t2.pc,6,34,4627,4630
seq,t3.pc,6,0,4628,4631
seq,t0.dl,12,41,4629,4632
seq,t0.pc,6,16,4629,4632
seq,t1.pc,6,50,4630,4633
seq,t2.dl,12,26,4631,4634
seq,t2.pc,6,34,4631,4634
seq,t3.pc,6,0,4632,4635
seq,t0.dl,12,40,4633,4636
seq,t0.pc,6,16,4633,4636
seq,t1.pc,6,50,4634,4637
seq,t2.dl,12,25,4635,4638
seq,t2.pc,6,34,4635,4638
seq,t3.pc,6,0,4636,4639
seq,t0.dl,12,39,4637,4640
seq,t0.pc,6,16,4637,4640
seq,t1.pc,6,50,4638,4641
seq,t2.dl,12,24,4639,4642
seq,t2.pc,6,34,4639,4642
seq,t3.pc,6,0,4640,4643
seq,t0.dl,12,38,4641,4644
seq,t0.pc,6,16,4641,4644
seq,t1.pc,6,50,4642,4645
seq,t2.dl,12,23,4643,4646
seq,t2.pc,6,34,4643,4646
seq,t3.pc,6,0,4644,4647
seq,t0.dl,12,37,4645,4648
seq,t0.pc,6,16,4645,4648
seq,t1.pc,6,50,4646,4649
seq,t2.dl,12,22,4647,4650
seq,t2.pc,6,34,4647,4650
seq,t3.pc,6,0,4648,4651
seq,t0.dl,12,36,4649,4652
seq,t0.pc,6,16,4649,4652
seq,t1.pc,6,50,4650,4653
seq,t2.dl,12,21,4651,4654
seq,t2.pc,6,34,4651,4654
seq,t3.pc,6,0,4652,4655
seq,t0.dl,12,35,4653,4656
seq,t0.pc,6,16,4653,4656
seq,t1.pc,6,50,4654,4657
seq,t2.dl,12,20,4655,4658
seq,t2.pc,6,34,4655,4658
seq,t3.pc,6,0,4656,4659
seq,t0.dl,12,34,4657,4660
seq,t0.pc,6,16,4657,4660
seq,t1.pc,6,50,4658,4661
seq,t2.dl,12,19,4659,4662
seq,t2.pc,6,34,4659,4662
seq,t3.pc,6,0,4660,4663
seq,t0.dl,12,33,4661,4664
seq,t0.pc,6,16,4661,4664
seq,t1.pc,6,50,4662,4665
seq,t2.dl,12,18,4663,4666
seq,t2.pc,6,34,4663,4666
seq,t3.pc,6,0,4664,4667
seq,t0.dl,12,32,4665,4668
seq,t0.pc,6,16,4665,4668
seq,t1.pc,6,50,4666,4669
seq,t2.dl,12,17,4667,4670
seq,t2.pc,6,34,4667,4670
seq,t3.pc,6,0,4668,4671
seq,t0.dl,12,31,4669,4672
seq,t0.pc,6,16,4669,4672
seq,t1.pc,6,50,4670,4673
seq,t2.dl,12,16,4671,4674
seq,t2.pc,6,34,4671,4674
seq,t3.pc,6,0,4672,4675
seq,t0.dl,12,30,4673,4676
seq,t0.pc,6,16,4673,4676
seq,t1.pc,6,50,4674,4677
seq,t2.dl,12,15,4675,4678
seq,t2.pc,6,34,4675,4678
seq,t3.pc,6,0,4676,4679
seq,t0.dl,12,29,4677,4680
seq,t0.pc,6,16,4677,4680
seq,t1.pc,6,50,4678,4681
seq,t2.dl,12,14,4679,4682
seq,t2.pc,6,34,4679,4682
seq,t3.pc,6,0,4680,4683
seq,t0.dl,12,28,4681,4684
seq,t0.pc,6,16,4681,4684
seq,t1.pc,6,50,4682,4685
seq,t2.dl,12,13,4683,4686
seq,t2.pc,6,34,4683,4686
seq,t3.pc,6,0,4684,4687
seq,t0.dl,12,27,4685,4688
seq,t0.pc,6,16,4685,4688
seq,t1.pc,6,50,4686,4689
seq,t2.dl,12,12,4687,4690
seq,t2.pc,6,34,4687,4690
seq,t3.pc,6,0,4688,4691
seq,t0.dl,12,26,4689,4692
seq,t0.pc,6,16,4689,4692
seq,t1.pc,6,50,4690,4693
seq,t2.dl,12,11,4691,4694
seq,t2.pc,6,34,4691,4694
seq,t3.pc,6,0,4692,4695
seq,t0.dl,12,25,4693,4696
seq,t0.pc,6,16,4693,4696
seq,t1.pc,6,50,4694,4697
seq,t2.dl,12,10,4695,4698
seq,t2.pc,6,34,4695,4698
seq,t3.pc,6,0,4696,4699
seq,t0.dl,12,24,4697,4700
seq,t0.pc,6,16,4697,4700
seq,t1.pc,6,50,4698,4701
seq,t2.dl,12,9,4699,4702
seq,t2.pc,6,34,4699,4702
seq,t3.pc,6,0,4700,4703
seq,t0.dl,12,23,4701,4704
seq,t0.pc,6,16,4701,4704
seq,t1.pc,6,50,4702,4705
seq,t2.dl,12,8,4703,4706
seq,t2.pc,6,34,4703,4706
seq,t3.pc,6,0,4704,4707
seq,t0.dl,12,22,4705,4708
seq,t0.pc,6,16,4705,4708
seq,t1.pc,6,50,4706,4709
seq,t2.dl,12,7,4707,4710
seq,t2.pc,6,34,4707,4710
seq,t3.pc,6,0,4708,4711
seq,t0.dl,12,21,4709,4712
seq,t0.pc,6,16,4709,4712
seq,t1.pc,6,50,4710,4713
seq,t2.dl,12,6,4711,4714
seq,t2.pc,6,34,4711,4714
seq,t3.pc,6,0,4712,4715
seq,t0.dl,12,20,4713,4716
seq,t0.pc,6,16,4713,4716
seq,t1.pc,6,50,4714,4717
seq,t2.dl,12,5,4715,4718
seq,t2.pc,6,34,4715,4718
seq,t3.pc,6,0,4716,4719
seq,t0.dl,12,19,4717,4720
seq,t0.pc,6,16,4717,4720
seq,t1.pc,6,50,4718,4721
seq,t2.dl,12,4,4719,4722
seq,t2.pc,6,34,4719,4722
seq,t3.pc,6,0,4720,4723
seq,t0.dl,12,18,4721,4724
seq,t0.pc,6,16,4721,4724
seq,t1.pc,6,50,4722,4725
seq,t2.dl,12,3,4723,4726
seq,t2.pc,6,34,4723,4726
seq,t3.pc,6,0,4724,4727
seq,t0.dl,12,17,4725,4728
seq,t0.pc,6,16,4725,4728
seq,t1.pc,6,50,4726,4729
seq,t2.dl,12,2,4727,4730
seq,t2.pc,6,34,4727,4730
seq,t3.pc,6,0,4728,4731
seq,t0.dl,12,16,4729,4732
seq,t0.pc,6,16,4729,4732
seq,t1.pc,6,50,4730,4733
seq,t2.dl,12,1,4731,4734
seq,t2.pc,6,34,4731,4734
seq,t3.pc,6,0,4732,4735
seq,t0.dl,12,15,4733,4736
seq,t0.pc,6,16,4733,4736
seq,t1.pc,6,50,4734,4737
seq,t2.pc,6,34,4735,4738
seq,t3.pc,6,0,4736,4739
seq,t0.dl,12,14,4737,4740
seq,t0.pc,6,16,4737,4740
seq,t1.pc,6,50,4738,4741
seq,t2.pc,6,35,4739,4742
seq,t3.pc,6,0,4740,4743
seq,t0.dl,12,13,4741,4744
seq,t0.pc,6,16,4741,4744
seq,t1.pc,6,50,4742,4745
seq,t2.dl,12,0,4735,4738
seq,t2.pc,6,36,4743,4746
seq,t3.pc,6,0,4744,4747
seq,t0.dl,12,12,4745,4748
seq,t0.pc,6,16,4745,4748
seq,t1.pc,6,50,4746,4749
seq,t2.dl,12,59,4747,4750
seq,t2.pc,6,37,4747,4750
seq,t3.pc,6,0,4748,4751
seq,t0.dl,12,11,4749,4752
seq,t0.pc,6,16,4749,4752
seq,t1.pc,6,50,4750,4753
seq,t2.dl,12,58,4751,4754
seq,t2.pc,6,37,4751,4754
seq,t3.pc,6,0,4752,4755
seq,t0.dl,12,10,4753,4756
seq,t0.pc,6,16,4753,4756
seq,t1.pc,6,50,4754,4757
seq,t2.dl,12,57,4755,4758
seq,t2.pc,6,37,4755,4758
seq,t3.pc,6,0,4756,4759
seq,t0.dl,12,9,4757,4760
seq,t0.pc,6,16,4757,4760
seq,t1.pc,6,50,4758,4761
seq,t2.dl,12,56,4759,4762
seq,t2.pc,6,37,4759,4762
seq,t3.pc,6,0,4760,4763
seq,t0.dl,12,8,4761,4764
seq,t0.pc,6,16,4761,4764
seq,t1.pc,6,50,4762,4765
seq,t2.dl,12,55,4763,4766
seq,t2.pc,6,37,4763,4766
seq,t3.pc,6,0,4764,4767
seq,t0.dl,12,7,4765,4768
seq,t0.pc,6,16,4765,4768
seq,t1.pc,6,50,4766,4769
seq,t2.dl,12,54,4767,4770
seq,t2.pc,6,37,4767,4770
seq,t3.pc,6,0,4768,4771
seq,t0.dl,12,6,4769,4772
seq,t0.pc,6,16,4769,4772
seq,t1.pc,6,50,4770,4773
seq,t2.dl,12,53,4771,4774
seq,t2.pc,6,37,4771,4774
seq,t3.pc,6,0,4772,4775
seq,t0.dl,12,5,4773,4776
seq,t0.pc,6,16,4773,4776
seq,t1.pc,6,50,4774,4777
seq,t2.dl,12,52,4775,4778
seq,t2.pc,6,37,4775,4778
seq,t3.pc,6,0,4776,4779
seq,t0.dl,12,4,4777,4780
seq,t0.pc,6,16,4777,4780
seq,t1.pc,6,50,4778,4781
seq,t2.dl,12,51,4779,4782
seq,t2.pc,6,37,4779,4782
seq,t3.pc,6,0,4780,4783
seq,t0.dl,12,3,4781,4784
seq,t0.pc,6,16,4781,4784
seq,t1.pc,6,50,4782,4785
seq,t2.dl,12,50,4783,4786
seq,t2.pc,6,37,4783,4786
seq,t3.pc,6,0,4784,4787
seq,t0.dl,12,2,4785,4788
seq,t0.pc,6,16,4785,4788
seq,t1.pc,6,50,4786,4789
seq,t2.dl,12,49,4787,4790
seq,t2.pc,6,37,4787,4790
seq,t3.pc,6,0,4788,4791
seq,t0.dl,12,1,4789,4792
seq,t0.pc,6,16,4789,4792
seq,t1.pc,6,50,4790,4793
seq,t2.dl,12,48,4791,4794
seq,t2.pc,6,37,4791,4794
seq,t3.pc,6,0,4792,4795
seq,t0.pc,6,16,4793,4796
seq,t1.pc,6,50,4794,4797
seq,t2.dl,12,47,4795,4798
seq,t2.pc,6,37,4795,4798
seq,t3.pc,6,0,4796,4799
seq,t0.cnt,12,0,3497,3928
seq,t0.pc,6,17,4797,4800
seq,t1.pc,6,50,4798,4801
seq,t2.dl,12,46,4799,4802
seq,t2.pc,6,37,4799,4802
seq,t3.pc,6,0,4800,4803
seq,t0.acc,8,75,4365,4804
seq,t0.cnt,12,8,4801,4804
seq,t0.pc,6,18,4801,4804
seq,t1.pc,6,50,4802,4805
seq,t2.dl,12,45,4803,4806
seq,t2.pc,6,37,4803,4806
seq,t3.pc,6,0,4804,4807
seq,t0.dl,12,0,4793,4796
seq,t0.pc,6,19,4805,4808
seq,t1.pc,6,50,4806,4809
seq,t2.dl,12,44,4807,4810
seq,t2.pc,6,37,4807,4810
seq,t3.pc,6,0,4808,4811
seq,t0.dl,12,105,4809,4812
seq,t0.pc,6,20,4809,4812
seq,t1.pc,6,50,4810,4813
seq,t2.dl,12,43,4811,4814
seq,t2.pc,6,37,4811,4814
seq,t3.pc,6,0,4812,4815
seq,t0.dl,12,104,4813,4816
seq,t0.pc,6,20,4813,4816
seq,t1.pc,6,50,4814,4817
seq,t2.dl,12,42,4815,4818
seq,t2.pc,6,37,4815,4818
seq,t3.pc,6,0,4816,4819
seq,t0.dl,12,103,4817,4820
seq,t0.pc,6,20,4817,4820
seq,t1.pc,6,50,4818,4821
seq,t2.dl,12,41,4819,4822
seq,t2.pc,6,37,4819,4822
seq,t3.pc,6,0,4820,4823
seq,t0.dl,12,102,4821,4824
seq,t0.pc,6,20,4821,4824
seq,t1.pc,6,50,4822,4825
seq,t2.dl,12,40,4823,4826
seq,t2.pc,6,37,4823,4826
seq,t3.pc,6,0,4824,4827
seq,t0.dl,12,101,4825,4828
seq,t0.pc,6,20,4825,4828
seq,t1.pc,6,50,4826,4829
seq,t2.dl,12,39,4827,4830
seq,t2.pc,6,37,4827,4830
seq,t3.pc,6,0,4828,4831
seq,t0.dl,12,100,4829,4832
seq,t0.pc,6,20,4829,4832
seq,t1.pc,6,50,4830,4833
seq,t2.dl,12,38,4831,4834
seq,t2.pc,6,37,4831,4834
seq,t3.pc,6,0,4832,4835
seq,t0.dl,12,99,4833,4836
seq,t0.pc,6,20,4833,4836
seq,t1.pc,6,50,4834,4837
seq,t2.dl,12,37,4835,4838
seq,t2.pc,6,37,4835,4838
seq,t3.pc,6,0,4836,4839
seq,t0.dl,12,98,4837,4840
seq,t0.pc,6,20,4837,4840
seq,t1.pc,6,50,4838,4841
seq,t2.dl,12,36,4839,4842
seq,t2.pc,6,37,4839,4842
seq,t3.pc,6,0,4840,4843
seq,t0.dl,12,97,4841,4844
seq,t0.pc,6,20,4841,4844
seq,t1.pc,6,50,4842,4845
seq,t2.dl,12,35,4843,4846
seq,t2.pc,6,37,4843,4846
seq,t3.pc,6,0,4844,4847
seq,t0.dl,12,96,4845,4848
seq,t0.pc,6,20,4845,4848
seq,t1.pc,6,50,4846,4849
seq,t2.dl,12,34,4847,4850
seq,t2.pc,6,37,4847,4850
seq,t3.pc,6,0,4848,4851
seq,t0.dl,12,95,4849,4852
seq,t0.pc,6,20,4849,4852
seq,t1.pc,6,50,4850,4853
seq,t2.dl,12,33,4851,4854
seq,t2.pc,6,37,4851,4854
seq,t3.pc,6,0,4852,4855
seq,t0.dl,12,94,4853,4856
seq,t0.pc,6,20,4853,4856
seq,t1.pc,6,50,4854,4857
seq,t2.dl,12,32,4855,4858
seq,t2.pc,6,37,4855,4858
seq,t3.pc,6,0,4856,4859
seq,t0.dl,12,93,4857,4860
seq,t0.pc,6,20,4857,4860
seq,t1.pc,6,50,4858,4861
seq,t2.dl,12,31,4859,4862
seq,t2.pc,6,37,4859,4862
seq,t3.pc,6,0,4860,4863
seq,t0.dl,12,92,4861,4864
seq,t0.pc,6,20,4861,4864
seq,t1.pc,6,50,4862,4865
seq,t2.dl,12,30,4863,4866
seq,t2.pc,6,37,4863,4866
seq,t3.pc,6,0,4864,4867
seq,t0.dl,12,91,4865,4868
seq,t0.pc,6,20,4865,4868
seq,t1.pc,6,50,4866,4869
seq,t2.dl,12,29,4867,4870
seq,t2.pc,6,37,4867,4870
seq,t3.pc,6,0,4868,4871
seq,t0.dl,12,90,4869,4872
seq,t0.pc,6,20,4869,4872
seq,t1.pc,6,50,4870,4873
seq,t2.dl,12,28,4871,4874
seq,t2.pc,6,37,4871,4874
seq,t3.pc,6,0,4872,4875
seq,t0.dl,12,89,4873,4876
seq,t0.pc,6,20,4873,4876
seq,t1.pc,6,50,4874,4877
seq,t2.dl,12,27,4875,4878
seq,t2.pc,6,37,4875,4878
seq,t3.pc,6,0,4876,4879
seq,t0.dl,12,88,4877,4880
seq,t0.pc,6,20,4877,4880
seq,t1.pc,6,50,4878,4881
seq,t2.dl,12,26,4879,4882
seq,t2.pc,6,37,4879,4882
seq,t3.pc,6,0,4880,4883
seq,t0.dl,12,87,4881,4884
seq,t0.pc,6,20,4881,4884
seq,t1.pc,6,50,4882,4885
seq,t2.dl,12,25,4883,4886
seq,t2.pc,6,37,4883,4886
seq,t3.pc,6,0,4884,4887
seq,t0.dl,12,86,4885,4888
seq,t0.pc,6,20,4885,4888
seq,t1.pc,6,50,4886,4889
seq,t2.dl,12,24,4887,4890
seq,t2.pc,6,37,4887,4890
seq,t3.pc,6,0,4888,4891
seq,t0.dl,12,85,4889,4892
seq,t0.pc,6,20,4889,4892
seq,t1.pc,6,50,4890,4893
seq,t2.dl,12,23,4891,4894
seq,t2.pc,6,37,4891,4894
seq,t3.pc,6,0,4892,4895
seq,t0.dl,12,84,4893,4896
seq,t0.pc,6,20,4893,4896
seq,t1.pc,6,50,4894,4897
seq,t2.dl,12,22,4895,4898
seq,t2.pc,6,37,4895,4898
seq,t3.pc,6,0,4896,4899
seq,t0.dl,12,83,4897,4900
seq,t0.pc,6,20,4897,4900
seq,t1.pc,6,50,4898,4901
seq,t2.dl,12,21,4899,4902
seq,t2.pc,6,37,4899,4902
seq,t3.pc,6,0,4900,4903
seq,t0.dl,12,82,4901,4904
seq,t0.pc,6,20,4901,4904
seq,t1.pc,6,50,4902,4905
seq,t2.dl,12,20,4903,4906
seq,t2.pc,6,37,4903,4906
seq,t3.pc,6,0,4904,4907
seq,t0.dl,12,81,4905,4908
seq,t0.pc,6,20,4905,4908
seq,t1.pc,6,50,4906,4909
seq,t2.dl,12,19,4907,4910
seq,t2.pc,6,37,4907,4910
seq,t3.pc,6,0,4908,4911
seq,t0.dl,12,80,4909,4912
seq,t0.pc,6,20,4909,4912
seq,t1.pc,6,50,4910,4913
seq,t2.dl,12,18,4911,4914
seq,t2.pc,6,37,4911,4914
seq,t3.pc,6,0,4912,4915
seq,t0.dl,12,79,4913,4916
seq,t0.pc,6,20,4913,4916
seq,t1.pc,6,50,4914,4917
seq,t2.dl,12,17,4915,4918
seq,t2.pc,6,37,4915,4918
seq,t3.pc,6,0,4916,4919
seq,t0.dl,12,78,4917,4920
seq,t0.pc,6,20,4917,4920
seq,t1.pc,6,50,4918,4921
seq,t2.dl,12,16,4919,4922
seq,t2.pc,6,37,4919,4922
seq,t3.pc,6,0,4920,4923
seq,t0.dl,12,77,4921,4924
seq,t0.pc,6,20,4921,4924
seq,t1.pc,6,50,4922,4925
seq,t2.dl,12,15,4923,4926
seq,t2.pc,6,37,4923,4926
seq,t3.pc,6,0,4924,4927
seq,t0.dl,12,76,4925,4928
seq,t0.pc,6,20,4925,4928
seq,t1.pc,6,50,4926,4929
seq,t2.dl,12,14,4927,4930
seq,t2.pc,6,37,4927,4930
seq,t3.pc,6,0,4928,4931
seq,t0.dl,12,75,4929,4932
seq,t0.pc,6,20,4929,4932
seq,t1.pc,6,50,4930,4933
seq,t2.dl,12,13,4931,4934
seq,t2.pc,6,37,4931,4934
seq,t3.pc,6,0,4932,4935
seq,t0.dl,12,74,4933,4936
seq,t0.pc,6,20,4933,4936
seq,t1.pc,6,50,4934,4937
seq,t2.dl,12,12,4935,4938
seq,t2.pc,6,37,4935,4938
seq,t3.pc,6,0,4936,4939
seq,t0.dl,12,73,4937,4940
seq,t0.pc,6,20,4937,4940
seq,t1.pc,6,50,4938,4941
seq,t2.dl,12,11,4939,4942
seq,t2.pc,6,37,4939,4942
seq,t3.pc,6,0,4940,4943
seq,t0.dl,12,72,4941,4944
seq,t0.pc,6,20,4941,4944
seq,t1.pc,6,50,4942,4945
seq,t2.dl,12,10,4943,4946
seq,t2.pc,6,37,4943,4946
seq,t3.pc,6,0,4944,4947
seq,t0.dl,12,71,4945,4948
seq,t0.pc,6,20,4945,4948
seq,t1.pc,6,50,4946,4949
seq,t2.dl,12,9,4947,4950
seq,t2.pc,6,37,4947,4950
seq,t3.pc,6,0,4948,4951
seq,t0.dl,12,70,4949,4952
seq,t0.pc,6,20,4949,4952
seq,t1.pc,6,50,4950,4953
seq,t2.dl,12,8,4951,4954
seq,t2.pc,6,37,4951,4954
seq,t3.pc,6,0,4952,4955
seq,t0.dl,12,69,4953,4956
seq,t0.pc,6,20,4953,4956
seq,t1.pc,6,50,4954,4957
seq,t2.dl,12,7,4955,4958
seq,t2.pc,6,37,4955,4958
seq,t3.pc,6,0,4956,4959
seq,t0.dl,12,68,4957,4960
seq,t0.pc,6,20,4957,4960
seq,t1.pc,6,50,4958,4961
seq,t2.dl,12,6,4959,4962
seq,t2.pc,6,37,4959,4962
seq,t3.pc,6,0,4960,4963
seq,t0.dl,12,67,4961,4964
seq,t0.pc,6,20,4961,4964
seq,t1.pc,6,50,4962,4965
seq,t2.dl,12,5,4963,4966
seq,t2.pc,6,37,4963,4966
seq,t3.pc,6,0,4964,4967
seq,t0.dl,12,66,4965,4968
seq,t0.pc,6,20,4965,4968
seq,t1.pc,6,50,4966,4969
seq,t2.dl,12,4,4967,4970
seq,t2.pc,6,37,4967,4970
seq,t3.pc,6,0,4968,4971
seq,t0.dl,12,65,4969,4972
seq,t0.pc,6,20,4969,4972
seq,t1.pc,6,50,4970,4973
seq,t2.dl,12,3,4971,4974
seq,t2.pc,6,37,4971,4974
seq,t3.pc,6,0,4972,4975
seq,t0.dl,12,64,4973,4976
seq,t0.pc,6,20,4973,4976
seq,t1.pc,6,50,4974,4977
seq,t2.dl,12,2,4975,4978
seq,t2.pc,6,37,4975,4978
seq,t3.pc,6,0,4976,4979
seq,t0.dl,12,63,4977,4980
seq,t0.pc,6,20,4977,4980
seq,t1.pc,6,50,4978,4981
seq,t2.dl,12,1,4979,4982
seq,t2.pc,6,37,4979,4982
seq,t3.pc,6,0,4980,4983
seq,t0.dl,12,62,4981,4984
seq,t0.pc,6,20,4981,4984
seq,t1.pc,6,50,4982,4985
seq,t2.pc,6,37,4983,4986
seq,t3.pc,6,0,4984,4987
seq,t0.dl,12,61,4985,4988
seq,t0.pc,6,20,4985,4988
seq,t1.pc,6,50,4986,4989
seq,t2.pc,6,38,4987,4990
seq,t3.pc,6,0,4988,4991
seq,t0.dl,12,60,4989,4992
seq,t0.pc,6,20,4989,4992
seq,t1.pc,6,50,4990,4993
seq,t2.dl,12,0,4983,4986
seq,t2.pc,6,39,4991,4994
seq,t3.pc,6,0,4992,4995
seq,t0.dl,12,59,4993,4996
seq,t0.pc,6,20,4993,4996
seq,t1.pc,6,50,4994,4997
seq,t2.dl,12,27,4995,4998
seq,t2.pc,6,40,4995,4998
seq,t3.pc,6,0,4996,4999
seq,t0.dl,12,58,4997,5000
seq,t0.pc,6,20,4997,5000
seq,t1.pc,6,50,4998,5001
seq,t2.dl,12,26,4999,5002
seq,t2.pc,6,40,4999,5002
seq,t3.pc,6,0,5000,5003
seq,t0.dl,12,57,5001,5004
seq,t0.pc,6,20,5001,5004
seq,t1.pc,6,50,5002,5005
seq,t2.dl,12,25,5003,5006
seq,t2.pc,6,40,5003,5006
seq,t3.pc,6,0,5004,5007
seq,t0.dl,12,56,5005,5008
seq,t0.pc,6,20,5005,5008
seq,t1.pc,6,50,5006,5009
seq,t2.dl,12,24,5007,5010
seq,t2.pc,6,40,5007,5010
seq,t3.pc,6,0,5008,5011
seq,t0.dl,12,55,5009,5012
seq,t0.pc,6,20,5009,5012
seq,t1.pc,6,50,5010,5013
seq,t2.dl,12,23,5011,5014
seq,t2.pc,6,40,5011,5014
seq,t3.pc,6,0,5012,5015
seq,t0.dl,12,54,5013,5016
seq,t0.pc,6,20,5013,5016
seq,t1.pc,6,50,5014,5017
seq,t2.dl,12,22,5015,5018
seq,t2.pc,6,40,5015,5018
seq,t3.pc,6,0,5016,5019
seq,t0.dl,12,53,5017,5020
seq,t0.pc,6,20,5017,5020
seq,t1.pc,6,50,5018,5021
seq,t2.dl,12,21,5019,5022
seq,t2.pc,6,40,5019,5022
seq,t3.pc,6,0,5020,5023
seq,t0.dl,12,52,5021,5024
seq,t0.pc,6,20,5021,5024
seq,t1.pc,6,50,5022,5025
seq,t2.dl,12,20,5023,5026
seq,t2.pc,6,40,5023,5026
seq,t3.pc,6,0,5024,5027
seq,t0.dl,12,51,5025,5028
seq,t0.pc,6,20,5025,5028
seq,t1.pc,6,50,5026,5029
seq,t2.dl,12,19,5027,5030
seq,t2.pc,6,40,5027,5030
seq,t3.pc,6,0,5028,5031
seq,t0.dl,12,50,5029,5032
seq,t0.pc,6,20,5029,5032
seq,t1.pc,6,50,5030,5033
seq,t2.dl,12,18,5031,5034
seq,t2.pc,6,40,5031,5034
seq,t3.pc,6,0,5032,5035
seq,t0.dl,12,49,5033,5036
seq,t0.pc,6,20,5033,5036
seq,t1.pc,6,50,5034,5037
seq,t2.dl,12,17,5035,5038
seq,t2.pc,6,40,5035,5038
seq,t3.pc,6,0,5036,5039
seq,t0.dl,12,48,5037,5040
seq,t0.pc,6,20,5037,5040
seq,t1.pc,6,50,5038,5041
seq,t2.dl,12,16,5039,5042
seq,t2.pc,6,40,5039,5042
seq,t3.pc,6,0,5040,5043
seq,t0.dl,12,47,5041,5044
seq,t0.pc,6,20,5041,5044
seq,t1.pc,6,50,5042,5045
seq,t2.dl,12,15,5043,5046
seq,t2.pc,6,40,5043,5046
seq,t3.pc,6,0,5044,5047
seq,t0.dl,12,46,5045,5048
seq,t0.pc,6,20,5045,5048
seq,t1.pc,6,50,5046,5049
seq,t2.dl,12,14,5047,5050
seq,t2.pc,6,40,5047,5050
seq,t3.pc,6,0,5048,5051
seq,t0.dl,12,45,5049,5052
seq,t0.pc,6,20,5049,5052
seq,t1.pc,6,50,5050,5053
seq,t2.dl,12,13,5051,5054
seq,t2.pc,6,40,5051,5054
seq,t3.pc,6,0,5052,5055
seq,t0.dl,12,44,5053,5056
seq,t0.pc,6,20,5053,5056
seq,t1.pc,6,50,5054,5057
seq,t2.dl,12,12,5055,5058
seq,t2.pc,6,40,5055,5058
seq,t3.pc,6,0,5056,5059
seq,t0.dl,12,43,5057,5060
seq,t0.pc,6,20,5057,5060
seq,t1.pc,6,50,5058,5061
seq,t2.dl,12,11,5059,5062
seq,t2.pc,6,40,5059,5062
seq,t3.pc,6,0,5060,5063
seq,t0.dl,12,42,5061,5064
seq,t0.pc,6,20,5061,5064
seq,t1.pc,6,50,5062,5065
seq,t2.dl,12,10,5063,5066
seq,t2.pc,6,40,5063,5066
seq,t3.pc,6,0,5064,5067
seq,t0.dl,12,41,5065,5068
seq,t0.pc,6,20,5065,5068
seq,t1.pc,6,50,5066,5069
seq,t2.dl,12,9,5067,5070
seq,t2.pc,6,40,5067,5070
seq,t3.pc,6,0,5068,5071
seq,t0.dl,12,40,5069,5072
seq,t0.pc,6,20,5069,5072
seq,t1.pc,6,50,5070,5073
seq,t2.dl,12,8,5071,5074
seq,t2.pc,6,40,5071,5074
seq,t3.pc,6,0,5072,5075
seq,t0.dl,12,39,5073,5076
seq,t0.pc,6,20,5073,5076
seq,t1.pc,6,50,5074,5077
seq,t2.dl,12,7,5075,5078
seq,t2.pc,6,40,5075,5078
seq,t3.pc,6,0,5076,5079
seq,t0.dl,12,38,5077,5080
seq,t0.pc,6,20,5077,5080
seq,t1.pc,6,50,5078,5081
seq,t2.dl,12,6,5079,5082
seq,t2.pc,6,40,5079,5082
seq,t3.pc,6,0,5080,5083
seq,t0.dl,12,37,5081,5084
seq,t0.pc,6,20,5081,5084
seq,t1.pc,6,50,5082,5085
seq,t2.dl,12,5,5083,5086
seq,t2.pc,6,40,5083,5086
seq,t3.pc,6,0,5084,5087
seq,t0.dl,12,36,5085,5088
seq,t0.pc,6,20,5085,5088
seq,t1.pc,6,50,5086,5089
seq,t2.dl,12,4,5087,5090
seq,t2.pc,6,40,5087,5090
seq,t3.pc,6,0,5088,5091
seq,t0.dl,12,35,5089,5092
seq,t0.pc,6,20,5089,5092
seq,t1.pc,6,50,5090,5093
seq,t2.dl,12,3,5091,5094
seq,t2.pc,6,40,5091,5094
seq,t3.pc,6,0,5092,5095
seq,t0.dl,12,34,5093,5096
seq,t0.pc,6,20,5093,5096
seq,t1.pc,6,50,5094,5097
seq,t2.dl,12,2,5095,5098
seq,t2.pc,6,40,5095,5098
seq,t3.pc,6,0,5096,5099
seq,t0.dl,12,33,5097,5100
seq,t0.pc,6,20,5097,5100
seq,t1.pc,6,50,5098,5101
seq,t2.dl,12,1,5099,5102
seq,t2.pc,6,40,5099,5102
seq,t3.pc,6,0,5100,5103
seq,t0.dl,12,32,5101,5104
seq,t0.pc,6,20,5101,5104
seq,t1.pc,6,50,5102,5105
seq,t2.pc,6,40,5103,5106
seq,t3.pc,6,0,5104,5107
seq,t0.dl,12,31,5105,5108
seq,t0.pc,6,20,5105,5108
seq,t1.pc,6,50,5106,5109
seq,t2.pc,6,41,5107,5110
seq,t3.pc,6,0,5108,5111
seq,t0.dl,12,30,5109,5112
seq,t0.pc,6,20,5109,5112
seq,t1.pc,6,50,5110,5113
seq,t2.acc,8,180,4619,5114
seq,t2.cnt,12,7,4619,5114
seq,t2.pc,6,32,5111,5114
seq,t3.pc,6,0,5112,5115
seq,t0.dl,12,29,5113,5116
seq,t0.pc,6,20,5113,5116
seq,t1.pc,6,50,5114,5117
seq,t2.dl,12,0,5103,5106
seq,t2.pc,6,33,5115,5118
seq,t3.pc,6,0,5116,5119
seq,t0.dl,12,28,5117,5120
seq,t0.pc,6,20,5117,5120
seq,t1.pc,6,50,5118,5121
seq,t2.dl,12,28,5119,5122
seq,t2.pc,6,34,5119,5122
seq,t3.pc,6,0,5120,5123
seq,t0.dl,12,27,5121,5124
seq,t0.pc,6,20,5121,5124
seq,t1.pc,6,50,5122,5125
seq,t2.dl,12,27,5123,5126
seq,t2.pc,6,34,5123,5126
seq,t3.pc,6,0,5124,5127
seq,t0.dl,12,26,5125,5128
seq,t0.pc,6,20,5125,5128
seq,t1.pc,6,50,5126,5129
seq,t2.dl,12,26,5127,5130
seq,t2.pc,6,34,5127,5130
seq,t3.pc,6,0,5128,5131
seq,t0.dl,12,25,5129,5132
seq,t0.pc,6,20,5129,5132
seq,t1.pc,6,50,5130,5133
seq,t2.dl,12,25,5131,5134
seq,t2.pc,6,34,5131,5134
seq,t3.pc,6,0,5132,5135
seq,t0.dl,12,24,5133,5136
seq,t0.pc,6,20,5133,5136
seq,t1.pc,6,50,5134,5137
seq,t2.dl,12,24,5135,5138
seq,t2.pc,6,34,5135,5138
seq,t3.pc,6,0,5136,5139
seq,t0.dl,12,23,5137,5140
seq,t0.pc,6,20,5137,5140
seq,t1.pc,6,50,5138,5141
seq,t2.dl,12,23,5139,5142
seq,t2.pc,6,34,5139,5142
seq,t3.pc,6,0,5140,5143
seq,t0.dl,12,22,5141,5144
seq,t0.pc,6,20,5141,5144
seq,t1.pc,6,50,5142,5145
seq,t2.dl,12,22,5143,5146
seq,t2.pc,6,34,5143,5146
seq,t3.pc,6,0,5144,5147
seq,t0.dl,12,21,5145,5148
seq,t0.pc,6,20,5145,5148
seq,t1.pc,6,50,5146,5149
seq,t2.dl,12,21,5147,5150
seq,t2.pc,6,34,5147,5150
seq,t3.pc,6,0,5148,5151
seq,t0.dl,12,20,5149,5152
seq,t0.pc,6,20,5149,5152
seq,t1.pc,6,50,5150,5153
seq,t2.dl,12,20,5151,5154
seq,t2.pc,6,34,5151,5154
seq,t3.pc,6,0,5152,5155
seq,t0.dl,12,19,5153,5156
seq,t0.pc,6,20,5153,5156
seq,t1.pc,6,50,5154,5157
seq,t2.dl,12,19,5155,5158
seq,t2.pc,6,34,5155,5158
seq,t3.pc,6,0,5156,5159
seq,t0.dl,12,18,5157,5160
seq,t0.pc,6,20,5157,5160
seq,t1.pc,6,50,5158,5161
seq,t2.dl,12,18,5159,5162
seq,t2.pc,6,34,5159,5162
seq,t3.pc,6,0,5160,5163
seq,t0.dl,12,17,5161,5164
seq,t0.pc,6,20,5161,5164
seq,t1.pc,6,50,5162,5165
seq,t2.dl,12,17,5163,5166
seq,t2.pc,6,34,5163,5166
seq,t3.pc,6,0,5164,5167
seq,t0.dl,12,16,5165,5168
seq,t0.pc,6,20,5165,5168
seq,t1.pc,6,50,5166,5169
seq,t2.dl,12,16,5167,5170
seq,t2.pc,6,34,5167,5170
seq,t3.pc,6,0,5168,5171
seq,t0.dl,12,15,5169,5172
seq,t0.pc,6,20,5169,5172
seq,t1.pc,6,50,5170,5173
seq,t2.dl,12,15,5171,5174
seq,t2.pc,6,34,5171,5174
seq,t3.pc,6,0,5172,5175
seq,t0.dl,12,14,5173,5176
seq,t0.pc,6,20,5173,5176
seq,t1.pc,6,50,5174,5177
seq,t2.dl,12,14,5175,5178
seq,t2.pc,6,34,5175,5178
seq,t3.pc,6,0,5176,5179
seq,t0.dl,12,13,5177,5180
seq,t0.pc,6,20,5177,5180
seq,t1.pc,6,50,5178,5181
seq,t2.dl,12,13,5179,5182
seq,t2.pc,6,34,5179,5182
seq,t3.pc,6,0,5180,5183
seq,t0.dl,12,12,5181,5184
seq,t0.pc,6,20,5181,5184
seq,t1.pc,6,50,5182,5185
seq,t2.dl,12,12,5183,5186
seq,t2.pc,6,34,5183,5186
seq,t3.pc,6,0,5184,5187
seq,t0.dl,12,11,5185,5188
seq,t0.pc,6,20,5185,5188
seq,t1.pc,6,50,5186,5189
seq,t2.dl,12,11,5187,5190
seq,t2.pc,6,34,5187,5190
seq,t3.pc,6,0,5188,5191
seq,t0.dl,12,10,5189,5192
seq,t0.pc,6,20,5189,5192
seq,t1.pc,6,50,5190,5193
seq,t2.dl,12,10,5191,5194
seq,t2.pc,6,34,5191,5194
seq,t3.pc,6,0,5192,5195
seq,t0.dl,12,9,5193,5196
seq,t0.pc,6,20,5193,5196
seq,t1.pc,6,50,5194,5197
seq,t2.dl,12,9,5195,5198
seq,t2.pc,6,34,5195,5198
seq,t3.pc,6,0,5196,5199
seq,t0.dl,12,8,5197,5200
seq,t0.pc,6,20,5197,5200
seq,t1.pc,6,50,5198,5201
seq,t2.dl,12,8,5199,5202
seq,t2.pc,6,34,5199,5202
seq,t3.pc,6,0,5200,5203
seq,t0.dl,12,7,5201,5204
seq,t0.pc,6,20,5201,5204
seq,t1.pc,6,50,5202,5205
seq,t2.dl,12,7,5203,5206
seq,t2.pc,6,34,5203,5206
seq,t3.pc,6,0,5204,5207
seq,t0.dl,12,6,5205,5208
seq,t0.pc,6,20,5205,5208
seq,t1.pc,6,50,5206,5209
seq,t2.dl,12,6,5207,5210
seq,t2.pc,6,34,5207,5210
seq,t3.pc,6,0,5208,5211
seq,t0.dl,12,5,5209,5212
seq,t0.pc,6,20,5209,5212
seq,t1.pc,6,50,5210,5213
seq,t2.dl,12,5,5211,5214
seq,t2.pc,6,34,5211,5214
seq,t3.pc,6,0,5212,5215
seq,t0.dl,12,4,5213,5216
seq,t0.pc,6,20,5213,5216
seq,t1.pc,6,50,5214,5217
seq,t2.dl,12,4,5215,5218
seq,t2.pc,6,34,5215,5218
seq,t3.pc,6,0,5216,5219
seq,t0.dl,12,3,5217,5220
seq,t0.pc,6,20,5217,5220
seq,t1.pc,6,50,5218,5221
seq,t2.dl,12,3,5219,5222
seq,t2.pc,6,34,5219,5222
seq,t3.pc,6,0,5220,5223
seq,t0.dl,12,2,5221,5224
seq,t0.pc,6,20,5221,5224
seq,t1.pc,6,50,5222,5225
seq,t2.dl,12,2,5223,5226
seq,t2.pc,6,34,5223,5226
seq,t3.pc,6,0,5224,5227
seq,t0.dl,12,1,5225,5228
seq,t0.pc,6,20,5225,5228
seq,t1.pc,6,50,5226,5229
seq,t2.dl,12,1,5227,5230
seq,t2.pc,6,34,5227,5230
seq,t3.pc,6,0,5228,5231
seq,t0.pc,6,20,5229,5232
seq,t1.pc,6,50,5230,5233
seq,t2.pc,6,34,5231,5234
seq,t3.pc,6,0,5232,5235
seq,t0.pc,6,21,5233,5236
seq,t1.pc,6,50,5234,5237
seq,t2.pc,6,35,5235,5238
seq,t3.pc,6,0,5236,5239
seq,t0.acc,8,37,4805,5240
seq,t0.cnt,12,7,4805,5240
seq,t0.pc,6,18,5237,5240
seq,t1.pc,6,50,5238,5241
seq,t2.dl,12,0,5231,5234
seq,t2.pc,6,36,5239,5242
seq,t3.pc,6,0,5240,5243
seq,t0.dl,12,0,5229,5232
seq,t0.pc,6,19,5241,5244
seq,t1.pc,6,50,5242,5245
seq,t2.dl,12,59,5243,5246
seq,t2.pc,6,37,5243,5246
seq,t3.pc,6,0,5244,5247
seq,t0.dl,12,105,5245,5248
seq,t0.pc,6,20,5245,5248
seq,t1.pc,6,50,5246,5249
seq,t2.dl,12,58,5247,5250
seq,t2.pc,6,37,5247,5250
seq,t3.pc,6,0,5248,5251
seq,t0.dl,12,104,5249,5252
seq,t0.pc,6,20,5249,5252
seq,t1.pc,6,50,5250,5253
seq,t2.dl,12,57,5251,5254
seq,t2.pc,6,37,5251,5254
seq,t3.pc,6,0,5252,5255
seq,t0.dl,12,103,5253,5256
seq,t0.pc,6,20,5253,5256
seq,t1.pc,6,50,5254,5257
seq,t2.dl,12,56,5255,5258
seq,t2.pc,6,37,5255,5258
seq,t3.pc,6,0,5256,5259
seq,t0.dl,12,102,5257,5260
seq,t0.pc,6,20,5257,5260
seq,t1.pc,6,50,5258,5261
seq,t2.dl,12,55,5259,5262
seq,t2.pc,6,37,5259,5262
seq,t3.pc,6,0,5260,5263
seq,t0.dl,12,101,5261,5264
seq,t0.pc,6,20,5261,5264
seq,t1.pc,6,50,5262,5265
seq,t2.dl,12,54,5263,5266
seq,t2.pc,6,37,5263,5266
seq,t3.pc,6,0,5264,5267
seq,t0.dl,12,100,5265,5268
seq,t0.pc,6,20,5265,5268
seq,t1.pc,6,50,5266,5269
seq,t2.dl,12,53,5267,5270
seq,t2.pc,6,37,5267,5270
seq,t3.pc,6,0,5268,5271
seq,t0.dl,12,99,5269,5272
seq,t0.pc,6,20,5269,5272
seq,t1.pc,6,50,5270,5273
seq,t2.dl,12,52,5271,5274
seq,t2.pc,6,37,5271,5274
seq,t3.pc,6,0,5272,5275
seq,t0.dl,12,98,5273,5276
seq,t0.pc,6,20,5273,5276
seq,t1.pc,6,50,5274,5277
seq,t2.dl,12,51,5275,5278
seq,t2.pc,6,37,5275,5278
seq,t3.pc,6,0,5276,5279
seq,t0.dl,12,97,5277,5280
seq,t0.pc,6,20,5277,5280
seq,t1.pc,6,50,5278,5281
seq,t2.dl,12,50,5279,5282
seq,t2.pc,6,37,5279,5282
seq,t3.pc,6,0,5280,5283
seq,t0.dl,12,96,5281,5284
seq,t0.pc,6,20,5281,5284
seq,t1.pc,6,50,5282,5285
seq,t2.dl,12,49,5283,5286
seq,t2.pc,6,37,5283,5286
seq,t3.pc,6,0,5284,5287
seq,t0.dl,12,95,5285,5288
seq,t0.pc,6,20,5285,5288
seq,t1.pc,6,50,5286,5289
seq,t2.dl,12,48,5287,5290
seq,t2.pc,6,37,5287,5290
seq,t3.pc,6,0,5288,5291
seq,t0.dl,12,94,5289,5292
seq,t0.pc,6,20,5289,5292
seq,t1.pc,6,50,5290,5293
seq,t2.dl,12,47,5291,5294
seq,t2.pc,6,37,5291,5294
seq,t3.pc,6,0,5292,5295
seq,t0.dl,12,93,5293,5296
seq,t0.pc,6,20,5293,5296
seq,t1.pc,6,50,5294,5297
seq,t2.dl,12,46,5295,5298
seq,t2.pc,6,37,5295,5298
seq,t3.pc,6,0,5296,5299
seq,t0.dl,12,92,5297,5300
seq,t0.pc,6,20,5297,5300
seq,t1.pc,6,50,5298,5301
seq,t2.dl,12,45,5299,5302
seq,t2.pc,6,37,5299,5302
seq,t3.pc,6,0,5300,5303
seq,t0.dl,12,91,5301,5304
seq,t0.pc,6,20,5301,5304
seq,t1.pc,6,50,5302,5305
seq,t2.dl,12,44,5303,5306
seq,t2.pc,6,37,5303,5306
seq,t3.pc,6,0,5304,5307
seq,t0.dl,12,90,5305,5308
seq,t0.pc,6,20,5305,5308
seq,t1.pc,6,50,5306,5309
seq,t2.dl,12,43,5307,5310
seq,t2.pc,6,37,5307,5310
seq,t3.pc,6,0,5308,5311
seq,t0.dl,12,89,5309,5312
seq,t0.pc,6,20,5309,5312
seq,t1.pc,6,50,5310,5313
seq,t2.dl,12,42,5311,5314
seq,t2.pc,6,37,5311,5314
seq,t3.pc,6,0,5312,5315
seq,t0.dl,12,88,5313,5316
seq,t0.pc,6,20,5313,5316
seq,t1.pc,6,50,5314,5317
seq,t2.dl,12,41,5315,5318
seq,t2.pc,6,37,5315,5318
seq,t3.pc,6,0,5316,5319
seq,t0.dl,12,87,5317,5320
seq,t0.pc,6,20,5317,5320
seq,t1.pc,6,50,5318,5321
seq,t2.dl,12,40,5319,5322
seq,t2.pc,6,37,5319,5322
seq,t3.pc,6,0,5320,5323
seq,t0.dl,12,86,5321,5324
seq,t0.pc,6,20,5321,5324
seq,t1.pc,6,50,5322,5325
seq,t2.dl,12,39,5323,5326
seq,t2.pc,6,37,5323,5326
seq,t3.pc,6,0,5324,5327
seq,t0.dl,12,85,5325,5328
seq,t0.pc,6,20,5325,5328
seq,t1.pc,6,50,5326,5329
seq,t2.dl,12,38,5327,5330
seq,t2.pc,6,37,5327,5330
seq,t3.pc,6,0,5328,5331
seq,t0.dl,12,84,5329,5332
seq,t0.pc,6,20,5329,5332
seq,t1.pc,6,50,5330,5333
seq,t2.dl,12,37,5331,5334
seq,t2.pc,6,37,5331,5334
seq,t3.pc,6,0,5332,5335
seq,t0.dl,12,83,5333,5336
seq,t0.pc,6,20,5333,5336
seq,t1.pc,6,50,5334,5337
seq,t2.dl,12,36,5335,5338
seq,t2.pc,6,37,5335,5338
seq,t3.pc,6,0,5336,5339
seq,t0.dl,12,82,5337,5340
seq,t0.pc,6,20,5337,5340
seq,t1.pc,6,50,5338,5341
seq,t2.dl,12,35,5339,5342
seq,t2.pc,6,37,5339,5342
seq,t3.pc,6,0,5340,5343
seq,t0.dl,12,81,5341,5344
seq,t0.pc,6,20,5341,5344
seq,t1.pc,6,50,5342,5345
seq,t2.dl,12,34,5343,5346
seq,t2.pc,6,37,5343,5346
seq,t3.pc,6,0,5344,5347
seq,t0.dl,12,80,5345,5348
seq,t0.pc,6,20,5345,5348
seq,t1.pc,6,50,5346,5349
seq,t2.dl,12,33,5347,5350
seq,t2.pc,6,37,5347,5350
seq,t3.pc,6,0,5348,5351
seq,t0.dl,12,79,5349,5352
seq,t0.pc,6,20,5349,5352
seq,t1.pc,6,50,5350,5353
seq,t2.dl,12,32,5351,5354
seq,t2.pc,6,37,5351,5354
seq,t3.pc,6,0,5352,5355
seq,t0.dl,12,78,5353,5356
seq,t0.pc,6,20,5353,5356
seq,t1.pc,6,50,5354,5357
seq,t2.dl,12,31,5355,5358
seq,t2.pc,6,37,5355,5358
seq,t3.pc,6,0,5356,5359
seq,t0.dl,12,77,5357,5360
seq,t0.pc,6,20,5357,5360
seq,t1.pc,6,50,5358,5361
seq,t2.dl,12,30,5359,5362
seq,t2.pc,6,37,5359,5362
seq,t3.pc,6,0,5360,5363
seq,t0.dl,12,76,5361,5364
seq,t0.pc,6,20,5361,5364
seq,t1.pc,6,50,5362,5365
seq,t2.dl,12,29,5363,5366
seq,t2.pc,6,37,5363,5366
seq,t3.pc,6,0,5364,5367
seq,t0.dl,12,75,5365,5368
seq,t0.pc,6,20,5365,5368
seq,t1.pc,6,50,5366,5369
seq,t2.dl,12,28,5367,5370
seq,t2.pc,6,37,5367,5370
seq,t3.pc,6,0,5368,5371
seq,t0.dl,12,74,5369,5372
seq,t0.pc,6,20,5369,5372
seq,t1.pc,6,50,5370,5373
seq,t2.dl,12,27,5371,5374
seq,t2.pc,6,37,5371,5374
seq,t3.pc,6,0,5372,5375
seq,t0.dl,12,73,5373,5376
seq,t0.pc,6,20,5373,5376
seq,t1.pc,6,50,5374,5377
seq,t2.dl,12,26,5375,5378
seq,t2.pc,6,37,5375,5378
seq,t3.pc,6,0,5376,5379
seq,t0.dl,12,72,5377,5380
seq,t0.pc,6,20,5377,5380
seq,t1.pc,6,50,5378,5381
seq,t2.dl,12,25,5379,5382
seq,t2.pc,6,37,5379,5382
seq,t3.pc,6,0,5380,5383
seq,t0.dl,12,71,5381,5384
seq,t0.pc,6,20,5381,5384
seq,t1.pc,6,50,5382,5385
seq,t2.dl,12,24,5383,5386
seq,t2.pc,6,37,5383,5386
seq,t3.pc,6,0,5384,5387
seq,t0.dl,12,70,5385,5388
seq,t0.pc,6,20,5385,5388
seq,t1.pc,6,50,5386,5389
seq,t2.dl,12,23,5387,5390
seq,t2.pc,6,37,5387,5390
seq,t3.pc,6,0,5388,5391
seq,t0.dl,12,69,5389,5392
seq,t0.pc,6,20,5389,5392
seq,t1.pc,6,50,5390,5393
seq,t2.dl,12,22,5391,5394
seq,t2.pc,6,37,5391,5394
seq,t3.pc,6,0,5392,5395
seq,t0.dl,12,68,5393,5396
seq,t0.pc,6,20,5393,5396
seq,t1.pc,6,50,5394,5397
seq,t2.dl,12,21,5395,5398
seq,t2.pc,6,37,5395,5398
seq,t3.pc,6,0,5396,5399
seq,t0.dl,12,67,5397,5400
seq,t0.pc,6,20,5397,5400
seq,t1.pc,6,50,5398,5401
seq,t2.dl,12,20,5399,5402
seq,t2.pc,6,37,5399,5402
seq,t3.pc,6,0,5400,5403
seq,t0.dl,12,66,5401,5404
seq,t0.pc,6,20,5401,5404
seq,t1.pc,6,50,5402,5405
seq,t2.dl,12,19,5403,5406
seq,t2.pc,6,37,5403,5406
seq,t3.pc,6,0,5404,5407
seq,t0.dl,12,65,5405,5408
seq,t0.pc,6,20,5405,5408
seq,t1.pc,6,50,5406,5409
seq,t2.dl,12,18,5407,5410
seq,t2.pc,6,37,5407,5410
seq,t3.pc,6,0,5408,5411
seq,t0.dl,12,64,5409,5412
seq,t0.pc,6,20,5409,5412
seq,t1.pc,6,50,5410,5413
seq,t2.dl,12,17,5411,5414
seq,t2.pc,6,37,5411,5414
seq,t3.pc,6,0,5412,5415
seq,t0.dl,12,63,5413,5416
seq,t0.pc,6,20,5413,5416
seq,t1.pc,6,50,5414,5417
seq,t2.dl,12,16,5415,5418
seq,t2.pc,6,37,5415,5418
seq,t3.pc,6,0,5416,5419
seq,t0.dl,12,62,5417,5420
seq,t0.pc,6,20,5417,5420
seq,t1.pc,6,50,5418,5421
seq,t2.dl,12,15,5419,5422
seq,t2.pc,6,37,5419,5422
seq,t3.pc,6,0,5420,5423
seq,t0.dl,12,61,5421,5424
seq,t0.pc,6,20,5421,5424
seq,t1.pc,6,50,5422,5425
seq,t2.dl,12,14,5423,5426
seq,t2.pc,6,37,5423,5426
seq,t3.pc,6,0,5424,5427
seq,t0.dl,12,60,5425,5428
seq,t0.pc,6,20,5425,5428
seq,t1.pc,6,50,5426,5429
seq,t2.dl,12,13,5427,5430
seq,t2.pc,6,37,5427,5430
seq,t3.pc,6,0,5428,5431
seq,t0.dl,12,59,5429,5432
seq,t0.pc,6,20,5429,5432
seq,t1.pc,6,50,5430,5433
seq,t2.dl,12,12,5431,5434
seq,t2.pc,6,37,5431,5434
seq,t3.pc,6,0,5432,5435
seq,t0.dl,12,58,5433,5436
seq,t0.pc,6,20,5433,5436
seq,t1.pc,6,50,5434,5437
seq,t2.dl,12,11,5435,5438
seq,t2.pc,6,37,5435,5438
seq,t3.pc,6,0,5436,5439
seq,t0.dl,12,57,5437,5440
seq,t0.pc,6,20,5437,5440
seq,t1.pc,6,50,5438,5441
seq,t2.dl,12,10,5439,5442
seq,t2.pc,6,37,5439,5442
seq,t3.pc,6,0,5440,5443
seq,t0.dl,12,56,5441,5444
seq,t0.pc,6,20,5441,5444
seq,t1.pc,6,50,5442,5445
seq,t2.dl,12,9,5443,5446
seq,t2.pc,6,37,5443,5446
seq,t3.pc,6,0,5444,5447
seq,t0.dl,12,55,5445,5448
seq,t0.pc,6,20,5445,5448
seq,t1.pc,6,50,5446,5449
seq,t2.dl,12,8,5447,5450
seq,t2.pc,6,37,5447,5450
seq,t3.pc,6,0,5448,5451
seq,t0.dl,12,54,5449,5452
seq,t0.pc,6,20,5449,5452
seq,t1.pc,6,50,5450,5453
seq,t2.dl,12,7,5451,5454
seq,t2.pc,6,37,5451,5454
seq,t3.pc,6,0,5452,5455
seq,t0.dl,12,53,5453,5456
seq,t0.pc,6,20,5453,5456
seq,t1.pc,6,50,5454,5457
seq,t2.dl,12,6,5455,5458
seq,t2.pc,6,37,5455,5458
seq,t3.pc,6,0,5456,5459
seq,t0.dl,12,52,5457,5460
seq,t0.pc,6,20,5457,5460
seq,t1.pc,6,50,5458,5461
seq,t2.dl,12,5,5459,5462
seq,t2.pc,6,37,5459,5462
seq,t3.pc,6,0,5460,5463
seq,t0.dl,12,51,5461,5464
seq,t0.pc,6,20,5461,5464
seq,t1.pc,6,50,5462,5465
seq,t2.dl,12,4,5463,5466
seq,t2.pc,6,37,5463,5466
seq,t3.pc,6,0,5464,5467
seq,t0.dl,12,50,5465,5468
seq,t0.pc,6,20,5465,5468
seq,t1.pc,6,50,5466,5469
seq,t2.dl,12,3,5467,5470
seq,t2.pc,6,37,5467,5470
seq,t3.pc,6,0,5468,5471
seq,t0.dl,12,49,5469,5472
seq,t0.pc,6,20,5469,5472
seq,t1.pc,6,50,5470,5473
seq,t2.dl,12,2,5471,5474
seq,t2.pc,6,37,5471,5474
seq,t3.pc,6,0,5472,5475
seq,t0.dl,12,48,5473,5476
seq,t0.pc,6,20,5473,5476
seq,t1.pc,6,50,5474,5477
seq,t2.dl,12,1,5475,5478
seq,t2.pc,6,37,5475,5478
seq,t3.pc,6,0,5476,5479
seq,t0.dl,12,47,5477,5480
seq,t0.pc,6,20,5477,5480
seq,t1.pc,6,50,5478,5481
seq,t2.pc,6,37,5479,5482
seq,t3.pc,6,0,5480,5483
seq,t0.dl,12,46,5481,5484
seq,t0.pc,6,20,5481,5484
seq,t1.pc,6,50,5482,5485
seq,t2.pc,6,38,5483,5486
seq,t3.pc,6,0,5484,5487
seq,t0.dl,12,45,5485,5488
seq,t0.pc,6,20,5485,5488
seq,t1.pc,6,50,5486,5489
seq,t2.dl,12,0,5479,5482
seq,t2.pc,6,39,5487,5490
seq,t3.pc,6,0,5488,5491
seq,t0.dl,12,44,5489,5492
seq,t0.pc,6,20,5489,5492
seq,t1.pc,6,50,5490,5493
seq,t2.dl,12,27,5491,5494
seq,t2.pc,6,40,5491,5494
seq,t3.pc,6,0,5492,5495
seq,t0.dl,12,43,5493,5496
seq,t0.pc,6,20,5493,5496
seq,t1.pc,6,50,5494,5497
seq,t2.dl,12,26,5495,5498
seq,t2.pc,6,40,5495,5498
seq,t3.pc,6,0,5496,5499
seq,t0.dl,12,42,5497,5500
seq,t0.pc,6,20,5497,5500
seq,t1.pc,6,50,5498,5501
seq,t2.dl,12,25,5499,5502
seq,t2.pc,6,40,5499,5502
seq,t3.pc,6,0,5500,5503
seq,t0.dl,12,41,5501,5504
seq,t0.pc,6,20,5501,5504
seq,t1.pc,6,50,5502,5505
seq,t2.dl,12,24,5503,5506
seq,t2.pc,6,40,5503,5506
seq,t3.pc,6,0,5504,5507
seq,t0.dl,12,40,5505,5508
seq,t0.pc,6,20,5505,5508
seq,t1.pc,6,50,5506,5509
seq,t2.dl,12,23,5507,5510
seq,t2.pc,6,40,5507,5510
seq,t3.pc,6,0,5508,5511
seq,t0.dl,12,39,5509,5512
seq,t0.pc,6,20,5509,5512
seq,t1.pc,6,50,5510,5513
seq,t2.dl,12,22,5511,5514
seq,t2.pc,6,40,5511,5514
seq,t3.pc,6,0,5512,5515
seq,t0.dl,12,38,5513,5516
seq,t0.pc,6,20,5513,5516
seq,t1.pc,6,50,5514,5517
seq,t2.dl,12,21,5515,5518
seq,t2.pc,6,40,5515,5518
seq,t3.pc,6,0,5516,5519
seq,t0.dl,12,37,5517,5520
seq,t0.pc,6,20,5517,5520
seq,t1.pc,6,50,5518,5521
seq,t2.dl,12,20,5519,5522
seq,t2.pc,6,40,5519,5522
seq,t3.pc,6,0,5520,5523
seq,t0.dl,12,36,5521,5524
seq,t0.pc,6,20,5521,5524
seq,t1.pc,6,50,5522,5525
seq,t2.dl,12,19,5523,5526
seq,t2.pc,6,40,5523,5526
seq,t3.pc,6,0,5524,5527
seq,t0.dl,12,35,5525,5528
seq,t0.pc,6,20,5525,5528
seq,t1.pc,6,50,5526,5529
seq,t2.dl,12,18,5527,5530
seq,t2.pc,6,40,5527,5530
seq,t3.pc,6,0,5528,5531
seq,t0.dl,12,34,5529,5532
seq,t0.pc,6,20,5529,5532
seq,t1.pc,6,50,5530,5533
seq,t2.dl,12,17,5531,5534
seq,t2.pc,6,40,5531,5534
seq,t3.pc,6,0,5532,5535
seq,t0.dl,12,33,5533,5536
seq,t0.pc,6,20,5533,5536
seq,t1.pc,6,50,5534,5537
seq,t2.dl,12,16,5535,5538
seq,t2.pc,6,40,5535,5538
seq,t3.pc,6,0,5536,5539
seq,t0.dl,12,32,5537,5540
seq,t0.pc,6,20,5537,5540
seq,t1.pc,6,50,5538,5541
seq,t2.dl,12,15,5539,5542
seq,t2.pc,6,40,5539,5542
seq,t3.pc,6,0,5540,5543
seq,t0.dl,12,31,5541,5544
seq,t0.pc,6,20,5541,5544
seq,t1.pc,6,50,5542,5545
seq,t2.dl,12,14,5543,5546
seq,t2.pc,6,40,5543,5546
seq,t3.pc,6,0,5544,5547
seq,t0.dl,12,30,5545,5548
seq,t0.pc,6,20,5545,5548
seq,t1.pc,6,50,5546,5549
seq,t2.dl,12,13,5547,5550
seq,t2.pc,6,40,5547,5550
seq,t3.pc,6,0,5548,5551
seq,t0.dl,12,29,5549,5552
seq,t0.pc,6,20,5549,5552
seq,t1.pc,6,50,5550,5553
seq,t2.dl,12,12,5551,5554
seq,t2.pc,6,40,5551,5554
seq,t3.pc,6,0,5552,5555
seq,t0.dl,12,28,5553,5556
seq,t0.pc,6,20,5553,5556
seq,t1.pc,6,50,5554,5557
seq,t2.dl,12,11,5555,5558
seq,t2.pc,6,40,5555,5558
seq,t3.pc,6,0,5556,5559
seq,t0.dl,12,27,5557,5560
seq,t0.pc,6,20,5557,5560
seq,t1.pc,6,50,5558,5561
seq,t2.dl,12,10,5559,5562
seq,t2.pc,6,40,5559,5562
seq,t3.pc,6,0,5560,5563
seq,t0.dl,12,26,5561,5564
seq,t0.pc,6,20,5561,5564
seq,t1.pc,6,50,5562,5565
seq,t2.dl,12,9,5563,5566
seq,t2.pc,6,40,5563,5566
seq,t3.pc,6,0,5564,5567
seq,t0.dl,12,25,5565,5568
seq,t0.pc,6,20,5565,5568
seq,t1.pc,6,50,5566,5569
seq,t2.dl,12,8,5567,5570
seq,t2.pc,6,40,5567,5570
seq,t3.pc,6,0,5568,5571
seq,t0.dl,12,24,5569,5572
seq,t0.pc,6,20,5569,5572
seq,t1.pc,6,50,5570,5573
seq,t2.dl,12,7,5571,5574
seq,t2.pc,6,40,5571,5574
seq,t3.pc,6,0,5572,5575
seq,t0.dl,12,23,5573,5576
seq,t0.pc,6,20,5573,5576
seq,t1.pc,6,50,5574,5577
seq,t2.dl,12,6,5575,5578
seq,t2.pc,6,40,5575,5578
seq,t3.pc,6,0,5576,5579
seq,t0.dl,12,22,5577,5580
seq,t0.pc,6,20,5577,5580
seq,t1.pc,6,50,5578,5581
seq,t2.dl,12,5,5579,5582
seq,t2.pc,6,40,5579,5582
seq,t3.pc,6,0,5580,5583
seq,t0.dl,12,21,5581,5584
seq,t0.pc,6,20,5581,5584
seq,t1.pc,6,50,5582,5585
seq,t2.dl,12,4,5583,5586
seq,t2.pc,6,40,5583,5586
seq,t3.pc,6,0,5584,5587
seq,t0.dl,12,20,5585,5588
seq,t0.pc,6,20,5585,5588
seq,t1.pc,6,50,5586,5589
seq,t2.dl,12,3,5587,5590
seq,t2.pc,6,40,5587,5590
seq,t3.pc,6,0,5588,5591
seq,t0.dl,12,19,5589,5592
seq,t0.pc,6,20,5589,5592
seq,t1.pc,6,50,5590,5593
seq,t2.dl,12,2,5591,5594
seq,t2.pc,6,40,5591,5594
seq,t3.pc,6,0,5592,5595
seq,t0.dl,12,18,5593,5596
seq,t0.pc,6,20,5593,5596
seq,t1.pc,6,50,5594,5597
seq,t2.dl,12,1,5595,5598
seq,t2.pc,6,40,5595,5598
seq,t3.pc,6,0,5596,5599
seq,t0.dl,12,17,5597,5600
seq,t0.pc,6,20,5597,5600
seq,t1.pc,6,50,5598,5601
seq,t2.pc,6,40,5599,5602
seq,t3.pc,6,0,5600,5603
seq,t0.dl,12,16,5601,5604
seq,t0.pc,6,20,5601,5604
seq,t1.pc,6,50,5602,5605
seq,t2.pc,6,41,5603,5606
seq,t3.pc,6,0,5604,5607
seq,t0.dl,12,15,5605,5608
seq,t0.pc,6,20,5605,5608
seq,t1.pc,6,50,5606,5609
seq,t2.acc,8,104,5115,5610
seq,t2.cnt,12,6,5115,5610
seq,t2.pc,6,32,5607,5610
seq,t3.pc,6,0,5608,5611
seq,t0.dl,12,14,5609,5612
seq,t0.pc,6,20,5609,5612
seq,t1.pc,6,50,5610,5613
seq,t2.dl,12,0,5599,5602
seq,t2.pc,6,33,5611,5614
seq,t3.pc,6,0,5612,5615
seq,t0.dl,12,13,5613,5616
seq,t0.pc,6,20,5613,5616
seq,t1.pc,6,50,5614,5617
seq,t2.dl,12,28,5615,5618
seq,t2.pc,6,34,5615,5618
seq,t3.pc,6,0,5616,5619
seq,t0.dl,12,12,5617,5620
seq,t0.pc,6,20,5617,5620
seq,t1.pc,6,50,5618,5621
seq,t2.dl,12,27,5619,5622
seq,t2.pc,6,34,5619,5622
seq,t3.pc,6,0,5620,5623
seq,t0.dl,12,11,5621,5624
seq,t0.pc,6,20,5621,5624
seq,t1.pc,6,50,5622,5625
seq,t2.dl,12,26,5623,5626
seq,t2.pc,6,34,5623,5626
seq,t3.pc,6,0,5624,5627
seq,t0.dl,12,10,5625,5628
seq,t0.pc,6,20,5625,5628
seq,t1.pc,6,50,5626,5629
seq,t2.dl,12,25,5627,5630
seq,t2.pc,6,34,5627,5630
seq,t3.pc,6,0,5628,5631
seq,t0.dl,12,9,5629,5632
seq,t0.pc,6,20,5629,5632
seq,t1.pc,6,50,5630,5633
seq,t2.dl,12,24,5631,5634
seq,t2.pc,6,34,5631,5634
seq,t3.pc,6,0,5632,5635
seq,t0.dl,12,8,5633,5636
seq,t0.pc,6,20,5633,5636
seq,t1.pc,6,50,5634,5637
seq,t2.dl,12,23,5635,5638
seq,t2.pc,6,34,5635,5638
seq,t3.pc,6,0,5636,5639
seq,t0.dl,12,7,5637,5640
seq,t0.pc,6,20,5637,5640
seq,t1.pc,6,50,5638,5641
seq,t2.dl,12,22,5639,5642
seq,t2.pc,6,34,5639,5642
seq,t3.pc,6,0,5640,5643
seq,t0.dl,12,6,5641,5644
seq,t0.pc,6,20,5641,5644
seq,t1.pc,6,50,5642,5645
seq,t2.dl,12,21,5643,5646
seq,t2.pc,6,34,5643,5646
seq,t3.pc,6,0,5644,5647
seq,t0.dl,12,5,5645,5648
seq,t0.pc,6,20,5645,5648
seq,t1.pc,6,50,5646,5649
seq,t2.dl,12,20,5647,5650
seq,t2.pc,6,34,5647,5650
seq,t3.pc,6,0,5648,5651
seq,t0.dl,12,4,5649,5652
seq,t0.pc,6,20,5649,5652
seq,t1.pc,6,50,5650,5653
seq,t2.dl,12,19,5651,5654
seq,t2.pc,6,34,5651,5654
seq,t3.pc,6,0,5652,5655
seq,t0.dl,12,3,5653,5656
seq,t0.pc,6,20,5653,5656
seq,t1.pc,6,50,5654,5657
seq,t2.dl,12,18,5655,5658
seq,t2.pc,6,34,5655,5658
seq,t3.pc,6,0,5656,5659
seq,t0.dl,12,2,5657,5660
seq,t0.pc,6,20,5657,5660
seq,t1.pc,6,50,5658,5661
seq,t2.dl,12,17,5659,5662
seq,t2.pc,6,34,5659,5662
seq,t3.pc,6,0,5660,5663
seq,t0.dl,12,1,5661,5664
seq,t0.pc,6,20,5661,5664
seq,t1.pc,6,50,5662,5665
seq,t2.dl,12,16,5663,5666
seq,t2.pc,6,34,5663,5666
seq,t3.pc,6,0,5664,5667
seq,t0.pc,6,20,5665,5668
seq,t1.pc,6,50,5666,5669
seq,t2.dl,12,15,5667,5670
seq,t2.pc,6,34,5667,5670
seq,t3.pc,6,0,5668,5671
seq,t0.pc,6,21,5669,5672
seq,t1.pc,6,50,5670,5673
seq,t2.dl,12,14,5671,5674
seq,t2.pc,6,34,5671,5674
seq,t3.pc,6,0,5672,5675
seq,t0.acc,8,18,5241,5676
seq,t0.cnt,12,6,5241,5676
seq,t0.pc,6,18,5673,5676
seq,t1.pc,6,50,5674,5677
seq,t2.dl,12,13,5675,5678
seq,t2.pc,6,34,5675,5678
seq,t3.pc,6,0,5676,5679
seq,t0.dl,12,0,5665,5668
seq,t0.pc,6,19,5677,5680
seq,t1.pc,6,50,5678,5681
seq,t2.dl,12,12,5679,5682
seq,t2.pc,6,34,5679,5682
seq,t3.pc,6,0,5680,5683
seq,t0.dl,12,105,5681,5684
seq,t0.pc,6,20,5681,5684
seq,t1.pc,6,50,5682,5685
seq,t2.dl,12,11,5683,5686
seq,t2.pc,6,34,5683,5686
seq,t3.pc,6,0,5684,5687
seq,t0.dl,12,104,5685,5688
seq,t0.pc,6,20,5685,5688
seq,t1.pc,6,50,5686,5689
seq,t2.dl,12,10,5687,5690
seq,t2.pc,6,34,5687,5690
seq,t3.pc,6,0,5688,5691
seq,t0.dl,12,103,5689,5692
seq,t0.pc,6,20,5689,5692
seq,t1.pc,6,50,5690,5693
seq,t2.dl,12,9,5691,5694
seq,t2.pc,6,34,5691,5694
seq,t3.pc,6,0,5692,5695
seq,t0.dl,12,102,5693,5696
seq,t0.pc,6,20,5693,5696
seq,t1.pc,6,50,5694,5697
seq,t2.dl,12,8,5695,5698
seq,t2.pc,6,34,5695,5698
seq,t3.pc,6,0,5696,5699
seq,t0.dl,12,101,5697,5700
seq,t0.pc,6,20,5697,5700
seq,t1.pc,6,50,5698,5701
seq,t2.dl,12,7,5699,5702
seq,t2.pc,6,34,5699,5702
seq,t3.pc,6,0,5700,5703
seq,t0.dl,12,100,5701,5704
seq,t0.pc,6,20,5701,5704
seq,t1.pc,6,50,5702,5705
seq,t2.dl,12,6,5703,5706
seq,t2.pc,6,34,5703,5706
seq,t3.pc,6,0,5704,5707
seq,t0.dl,12,99,5705,5708
seq,t0.pc,6,20,5705,5708
seq,t1.pc,6,50,5706,5709
seq,t2.dl,12,5,5707,5710
seq,t2.pc,6,34,5707,5710
seq,t3.pc,6,0,5708,5711
seq,t0.dl,12,98,5709,5712
seq,t0.pc,6,20,5709,5712
seq,t1.pc,6,50,5710,5713
seq,t2.dl,12,4,5711,5714
seq,t2.pc,6,34,5711,5714
seq,t3.pc,6,0,5712,5715
seq,t0.dl,12,97,5713,5716
seq,t0.pc,6,20,5713,5716
seq,t1.pc,6,50,5714,5717
seq,t2.dl,12,3,5715,5718
seq,t2.pc,6,34,5715,5718
seq,t3.pc,6,0,5716,5719
seq,t0.dl,12,96,5717,5720
seq,t0.pc,6,20,5717,5720
seq,t1.pc,6,50,5718,5721
seq,t2.dl,12,2,5719,5722
seq,t2.pc,6,34,5719,5722
seq,t3.pc,6,0,5720,5723
seq,t0.dl,12,95,5721,5724
seq,t0.pc,6,20,5721,5724
seq,t1.pc,6,50,5722,5725
seq,t2.dl,12,1,5723,5726
seq,t2.pc,6,34,5723,5726
seq,t3.pc,6,0,5724,5727
seq,t0.dl,12,94,5725,5728
seq,t0.pc,6,20,5725,5728
seq,t1.pc,6,50,5726,5729
seq,t2.pc,6,34,5727,5730
seq,t3.pc,6,0,5728,5731
seq,t0.dl,12,93,5729,5732
seq,t0.pc,6,20,5729,5732
seq,t1.pc,6,50,5730,5733
seq,t2.pc,6,35,5731,5734
seq,t3.pc,6,0,5732,5735
seq,t0.dl,12,92,5733,5736
seq,t0.pc,6,20,5733,5736
seq,t1.pc,6,50,5734,5737
seq,t2.dl,12,0,5727,5730
seq,t2.pc,6,36,5735,5738
seq,t3.pc,6,0,5736,5739
seq,t0.dl,12,91,5737,5740
seq,t0.pc,6,20,5737,5740
seq,t1.pc,6,50,5738,5741
seq,t2.dl,12,59,5739,5742
seq,t2.pc,6,37,5739,5742
seq,t3.pc,6,0,5740,5743
seq,t0.dl,12,90,5741,5744
seq,t0.pc,6,20,5741,5744
seq,t1.pc,6,50,5742,5745
seq,t2.dl,12,58,5743,5746
seq,t2.pc,6,37,5743,5746
seq,t3.pc,6,0,5744,5747
seq,t0.dl,12,89,5745,5748
seq,t0.pc,6,20,5745,5748
seq,t1.pc,6,50,5746,5749
seq,t2.dl,12,57,5747,5750
seq,t2.pc,6,37,5747,5750
seq,t3.pc,6,0,5748,5751
seq,t0.dl,12,88,5749,5752
seq,t0.pc,6,20,5749,5752
seq,t1.pc,6,50,5750,5753
seq,t2.dl,12,56,5751,5754
seq,t2.pc,6,37,5751,5754
seq,t3.pc,6,0,5752,5755
seq,t0.dl,12,87,5753,5756
seq,t0.pc,6,20,5753,5756
seq,t1.pc,6,50,5754,5757
seq,t2.dl,12,55,5755,5758
seq,t2.pc,6,37,5755,5758
seq,t3.pc,6,0,5756,5759
seq,t0.dl,12,86,5757,5760
seq,t0.pc,6,20,5757,5760
seq,t1.pc,6,50,5758,5761
seq,t2.dl,12,54,5759,5762
seq,t2.pc,6,37,5759,5762
seq,t3.pc,6,0,5760,5763
seq,t0.dl,12,85,5761,5764
seq,t0.pc,6,20,5761,5764
seq,t1.pc,6,50,5762,5765
seq,t2.dl,12,53,5763,5766
seq,t2.pc,6,37,5763,5766
seq,t3.pc,6,0,5764,5767
seq,t0.dl,12,84,5765,5768
seq,t0.pc,6,20,5765,5768
seq,t1.pc,6,50,5766,5769
seq,t2.dl,12,52,5767,5770
seq,t2.pc,6,37,5767,5770
seq,t3.pc,6,0,5768,5771
seq,t0.dl,12,83,5769,5772
seq,t0.pc,6,20,5769,5772
seq,t1.pc,6,50,5770,5773
seq,t2.dl,12,51,5771,5774
seq,t2.pc,6,37,5771,5774
seq,t3.pc,6,0,5772,5775
seq,t0.dl,12,82,5773,5776
seq,t0.pc,6,20,5773,5776
seq,t1.pc,6,50,5774,5777
seq,t2.dl,12,50,5775,5778
seq,t2.pc,6,37,5775,5778
seq,t3.pc,6,0,5776,5779
seq,t0.dl,12,81,5777,5780
seq,t0.pc,6,20,5777,5780
seq,t1.pc,6,50,5778,5781
seq,t2.dl,12,49,5779,5782
seq,t2.pc,6,37,5779,5782
seq,t3.pc,6,0,5780,5783
seq,t0.dl,12,80,5781,5784
seq,t0.pc,6,20,5781,5784
seq,t1.pc,6,50,5782,5785
seq,t2.dl,12,48,5783,5786
seq,t2.pc,6,37,5783,5786
seq,t3.pc,6,0,5784,5787
seq,t0.dl,12,79,5785,5788
seq,t0.pc,6,20,5785,5788
seq,t1.pc,6,50,5786,5789
seq,t2.dl,12,47,5787,5790
seq,t2.pc,6,37,5787,5790
seq,t3.pc,6,0,5788,5791
seq,t0.dl,12,78,5789,5792
seq,t0.pc,6,20,5789,5792
seq,t1.pc,6,50,5790,5793
seq,t2.dl,12,46,5791,5794
seq,t2.pc,6,37,5791,5794
seq,t3.pc,6,0,5792,5795
seq,t0.dl,12,77,5793,5796
seq,t0.pc,6,20,5793,5796
seq,t1.pc,6,50,5794,5797
seq,t2.dl,12,45,5795,5798
seq,t2.pc,6,37,5795,5798
seq,t3.pc,6,0,5796,5799
seq,t0.dl,12,76,5797,5800
seq,t0.pc,6,20,5797,5800
seq,t1.pc,6,50,5798,5801
seq,t2.dl,12,44,5799,5802
seq,t2.pc,6,37,5799,5802
seq,t3.pc,6,0,5800,5803
seq,t0.dl,12,75,5801,5804
seq,t0.pc,6,20,5801,5804
seq,t1.pc,6,50,5802,5805
seq,t2.dl,12,43,5803,5806
seq,t2.pc,6,37,5803,5806
seq,t3.pc,6,0,5804,5807
seq,t0.dl,12,74,5805,5808
seq,t0.pc,6,20,5805,5808
seq,t1.pc,6,50,5806,5809
seq,t2.dl,12,42,5807,5810
seq,t2.pc,6,37,5807,5810
seq,t3.pc,6,0,5808,5811
seq,t0.dl,12,73,5809,5812
seq,t0.pc,6,20,5809,5812
seq,t1.pc,6,50,5810,5813
seq,t2.dl,12,41,5811,5814
seq,t2.pc,6,37,5811,5814
seq,t3.pc,6,0,5812,5815
seq,t0.dl,12,72,5813,5816
seq,t0.pc,6,20,5813,5816
seq,t1.pc,6,50,5814,5817
seq,t2.dl,12,40,5815,5818
seq,t2.pc,6,37,5815,5818
seq,t3.pc,6,0,5816,5819
seq,t0.dl,12,71,5817,5820
seq,t0.pc,6,20,5817,5820
seq,t1.pc,6,50,5818,5821
seq,t2.dl,12,39,5819,5822
seq,t2.pc,6,37,5819,5822
seq,t3.pc,6,0,5820,5823
seq,t0.dl,12,70,5821,5824
seq,t0.pc,6,20,5821,5824
seq,t1.pc,6,50,5822,5825
seq,t2.dl,12,38,5823,5826
seq,t2.pc,6,37,5823,5826
seq,t3.pc,6,0,5824,5827
seq,t0.dl,12,69,5825,5828
seq,t0.pc,6,20,5825,5828
seq,t1.pc,6,50,5826,5829
seq,t2.dl,12,37,5827,5830
seq,t2.pc,6,37,5827,5830
seq,t3.pc,6,0,5828,5831
seq,t0.dl,12,68,5829,5832
seq,t0.pc,6,20,5829,5832
seq,t1.pc,6,50,5830,5833
seq,t2.dl,12,36,5831,5834
seq,t2.pc,6,37,5831,5834
seq,t3.pc,6,0,5832,5835
seq,t0.dl,12,67,5833,5836
seq,t0.pc,6,20,5833,5836
seq,t1.pc,6,50,5834,5837
seq,t2.dl,12,35,5835,5838
seq,t2.pc,6,37,5835,5838
seq,t3.pc,6,0,5836,5839
seq,t0.dl,12,66,5837,5840
seq,t0.pc,6,20,5837,5840
seq,t1.pc,6,50,5838,5841
seq,t2.dl,12,34,5839,5842
seq,t2.pc,6,37,5839,5842
seq,t3.pc,6,0,5840,5843
seq,t0.dl,12,65,5841,5844
seq,t0.pc,6,20,5841,5844
seq,t1.pc,6,50,5842,5845
seq,t2.dl,12,33,5843,5846
seq,t2.pc,6,37,5843,5846
seq,t3.pc,6,0,5844,5847
seq,t0.dl,12,64,5845,5848
seq,t0.pc,6,20,5845,5848
seq,t1.pc,6,50,5846,5849
seq,t2.dl,12,32,5847,5850
seq,t2.pc,6,37,5847,5850
seq,t3.pc,6,0,5848,5851
seq,t0.dl,12,63,5849,5852
seq,t0.pc,6,20,5849,5852
seq,t1.pc,6,50,5850,5853
seq,t2.dl,12,31,5851,5854
seq,t2.pc,6,37,5851,5854
seq,t3.pc,6,0,5852,5855
seq,t0.dl,12,62,5853,5856
seq,t0.pc,6,20,5853,5856
seq,t1.pc,6,50,5854,5857
seq,t2.dl,12,30,5855,5858
seq,t2.pc,6,37,5855,5858
seq,t3.pc,6,0,5856,5859
seq,t0.dl,12,61,5857,5860
seq,t0.pc,6,20,5857,5860
seq,t1.pc,6,50,5858,5861
seq,t2.dl,12,29,5859,5862
seq,t2.pc,6,37,5859,5862
seq,t3.pc,6,0,5860,5863
seq,t0.dl,12,60,5861,5864
seq,t0.pc,6,20,5861,5864
seq,t1.pc,6,50,5862,5865
seq,t2.dl,12,28,5863,5866
seq,t2.pc,6,37,5863,5866
seq,t3.pc,6,0,5864,5867
seq,t0.dl,12,59,5865,5868
seq,t0.pc,6,20,5865,5868
seq,t1.pc,6,50,5866,5869
seq,t2.dl,12,27,5867,5870
seq,t2.pc,6,37,5867,5870
seq,t3.pc,6,0,5868,5871
seq,t0.dl,12,58,5869,5872
seq,t0.pc,6,20,5869,5872
seq,t1.pc,6,50,5870,5873
seq,t2.dl,12,26,5871,5874
seq,t2.pc,6,37,5871,5874
seq,t3.pc,6,0,5872,5875
seq,t0.dl,12,57,5873,5876
seq,t0.pc,6,20,5873,5876
seq,t1.pc,6,50,5874,5877
seq,t2.dl,12,25,5875,5878
seq,t2.pc,6,37,5875,5878
seq,t3.pc,6,0,5876,5879
seq,t0.dl,12,56,5877,5880
seq,t0.pc,6,20,5877,5880
seq,t1.pc,6,50,5878,5881
seq,t2.dl,12,24,5879,5882
seq,t2.pc,6,37,5879,5882
seq,t3.pc,6,0,5880,5883
seq,t0.dl,12,55,5881,5884
seq,t0.pc,6,20,5881,5884
seq,t1.pc,6,50,5882,5885
seq,t2.dl,12,23,5883,5886
seq,t2.pc,6,37,5883,5886
seq,t3.pc,6,0,5884,5887
seq,t0.dl,12,54,5885,5888
seq,t0.pc,6,20,5885,5888
seq,t1.pc,6,50,5886,5889
seq,t2.dl,12,22,5887,5890
seq,t2.pc,6,37,5887,5890
seq,t3.pc,6,0,5888,5891
seq,t0.dl,12,53,5889,5892
seq,t0.pc,6,20,5889,5892
seq,t1.pc,6,50,5890,5893
seq,t2.dl,12,21,5891,5894
seq,t2.pc,6,37,5891,5894
seq,t3.pc,6,0,5892,5895
seq,t0.dl,12,52,5893,5896
seq,t0.pc,6,20,5893,5896
seq,t1.pc,6,50,5894,5897
seq,t2.dl,12,20,5895,5898
seq,t2.pc,6,37,5895,5898
seq,t3.pc,6,0,5896,5899
seq,t0.dl,12,51,5897,5900
seq,t0.pc,6,20,5897,5900
seq,t1.pc,6,50,5898,5901
seq,t2.dl,12,19,5899,5902
seq,t2.pc,6,37,5899,5902
seq,t3.pc,6,0,5900,5903
seq,t0.dl,12,50,5901,5904
seq,t0.pc,6,20,5901,5904
seq,t1.pc,6,50,5902,5905
seq,t2.dl,12,18,5903,5906
seq,t2.pc,6,37,5903,5906
seq,t3.pc,6,0,5904,5907
seq,t0.dl,12,49,5905,5908
seq,t0.pc,6,20,5905,5908
seq,t1.pc,6,50,5906,5909
seq,t2.dl,12,17,5907,5910
seq,t2.pc,6,37,5907,5910
seq,t3.pc,6,0,5908,5911
seq,t0.dl,12,48,5909,5912
seq,t0.pc,6,20,5909,5912
seq,t1.pc,6,50,5910,5913
seq,t2.dl,12,16,5911,5914
seq,t2.pc,6,37,5911,5914
seq,t3.pc,6,0,5912,5915
seq,t0.dl,12,47,5913,5916
seq,t0.pc,6,20,5913,5916
seq,t1.pc,6,50,5914,5917
seq,t2.dl,12,15,5915,5918
seq,t2.pc,6,37,5915,5918
seq,t3.pc,6,0,5916,5919
seq,t0.dl,12,46,5917,5920
seq,t0.pc,6,20,5917,5920
seq,t1.pc,6,50,5918,5921
seq,t2.dl,12,14,5919,5922
seq,t2.pc,6,37,5919,5922
seq,t3.pc,6,0,5920,5923
seq,t0.dl,12,45,5921,5924
seq,t0.pc,6,20,5921,5924
seq,t1.pc,6,50,5922,5925
seq,t2.dl,12,13,5923,5926
seq,t2.pc,6,37,5923,5926
seq,t3.pc,6,0,5924,5927
seq,t0.dl,12,44,5925,5928
seq,t0.pc,6,20,5925,5928
seq,t1.pc,6,50,5926,5929
seq,t2.dl,12,12,5927,5930
seq,t2.pc,6,37,5927,5930
seq,t3.pc,6,0,5928,5931
seq,t0.dl,12,43,5929,5932
seq,t0.pc,6,20,5929,5932
seq,t1.pc,6,50,5930,5933
seq,t2.dl,12,11,5931,5934
seq,t2.pc,6,37,5931,5934
seq,t3.pc,6,0,5932,5935
seq,t0.dl,12,42,5933,5936
seq,t0.pc,6,20,5933,5936
seq,t1.pc,6,50,5934,5937
seq,t2.dl,12,10,5935,5938
seq,t2.pc,6,37,5935,5938
seq,t3.pc,6,0,5936,5939
seq,t0.dl,12,41,5937,5940
seq,t0.pc,6,20,5937,5940
seq,t1.pc,6,50,5938,5941
seq,t2.dl,12,9,5939,5942
seq,t2.pc,6,37,5939,5942
seq,t3.pc,6,0,5940,5943
seq,t0.dl,12,40,5941,5944
seq,t0.pc,6,20,5941,5944
seq,t1.pc,6,50,5942,5945
seq,t2.dl,12,8,5943,5946
seq,t2.pc,6,37,5943,5946
seq,t3.pc,6,0,5944,5947
seq,t0.dl,12,39,5945,5948
seq,t0.pc,6,20,5945,5948
seq,t1.pc,6,50,5946,5949
seq,t2.dl,12,7,5947,5950
seq,t2.pc,6,37,5947,5950
seq,t3.pc,6,0,5948,5951
seq,t0.dl,12,38,5949,5952
seq,t0.pc,6,20,5949,5952
seq,t1.pc,6,50,5950,5953
seq,t2.dl,12,6,5951,5954
seq,t2.pc,6,37,5951,5954
seq,t3.pc,6,0,5952,5955
seq,t0.dl,12,37,5953,5956
seq,t0.pc,6,20,5953,5956
seq,t1.pc,6,50,5954,5957
seq,t2.dl,12,5,5955,5958
seq,t2.pc,6,37,5955,5958
seq,t3.pc,6,0,5956,5959
seq,t0.dl,12,36,5957,5960
seq,t0.pc,6,20,5957,5960
seq,t1.pc,6,50,5958,5961
seq,t2.dl,12,4,5959,5962
seq,t2.pc,6,37,5959,5962
seq,t3.pc,6,0,5960,5963
seq,t0.dl,12,35,5961,5964
seq,t0.pc,6,20,5961,5964
seq,t1.pc,6,50,5962,5965
seq,t2.dl,12,3,5963,5966
seq,t2.pc,6,37,5963,5966
seq,t3.pc,6,0,5964,5967
seq,t0.dl,12,34,5965,5968
seq,t0.pc,6,20,5965,5968
seq,t1.pc,6,50,5966,5969
seq,t2.dl,12,2,5967,5970
seq,t2.pc,6,37,5967,5970
seq,t3.pc,6,0,5968,5971
seq,t0.dl,12,33,5969,5972
seq,t0.pc,6,20,5969,5972
seq,t1.pc,6,50,5970,5973
seq,t2.dl,12,1,5971,5974
seq,t2.pc,6,37,5971,5974
seq,t3.pc,6,0,5972,5975
seq,t0.dl,12,32,5973,5976
seq,t0.pc,6,20,5973,5976
seq,t1.pc,6,50,5974,5977
seq,t2.pc,6,37,5975,5978
seq,t3.pc,6,0,5976,5979
seq,t0.dl,12,31,5977,5980
seq,t0.pc,6,20,5977,5980
seq,t1.pc,6,50,5978,5981
seq,t2.pc,6,38,5979,5982
seq,t3.pc,6,0,5980,5983
seq,t0.dl,12,30,5981,5984
seq,t0.pc,6,20,5981,5984
seq,t1.pc,6,50,5982,5985
seq,t2.dl,12,0,5975,5978
seq,t2.pc,6,39,5983,5986
seq,t3.pc,6,0,5984,5987
seq,t0.dl,12,29,5985,5988
seq,t0.pc,6,20,5985,5988
seq,t1.pc,6,50,5986,5989
seq,t2.dl,12,27,5987,5990
seq,t2.pc,6,40,5987,5990
seq,t3.pc,6,0,5988,5991
seq,t0.dl,12,28,5989,5992
seq,t0.pc,6,20,5989,5992
seq,t1.pc,6,50,5990,5993
seq,t2.dl,12,26,5991,5994
seq,t2.pc,6,40,5991,5994
seq,t3.pc,6,0,5992,5995
seq,t0.dl,12,27,5993,5996
seq,t0.pc,6,20,5993,5996
seq,t1.pc,6,50,5994,5997
seq,t2.dl,12,25,5995,5998
seq,t2.pc,6,40,5995,5998
seq,t3.pc,6,0,5996,5999
seq,t0.dl,12,26,5997,6000
seq,t0.pc,6,20,5997,6000
seq,t1.pc,6,50,5998,6001
seq,t2.dl,12,24,5999,6002
seq,t2.pc,6,40,5999,6002
seq,t3.pc,6,0,6000,6003
seq,t0.dl,12,25,6001,6004
seq,t0.pc,6,20,6001,6004
seq,t1.pc,6,50,6002,6005
seq,t2.dl,12,23,6003,6006
seq,t2.pc,6,40,6003,6006
seq,t3.pc,6,0,6004,6007
seq,t0.dl,12,24,6005,6008
seq,t0.pc,6,20,6005,6008
seq,t1.pc,6,50,6006,6009
seq,t2.dl,12,22,6007,6010
seq,t2.pc,6,40,6007,6010
seq,t3.pc,6,0,6008,6011
seq,t0.dl,12,23,6009,6012
seq,t0.pc,6,20,6009,6012
seq,t1.pc,6,50,6010,6013
seq,t2.dl,12,21,6011,6014
seq,t2.pc,6,40,6011,6014
seq,t3.pc,6,0,6012,6015
seq,t0.dl,12,22,6013,6016
seq,t0.pc,6,20,6013,6016
seq,t1.pc,6,50,6014,6017
seq,t2.dl,12,20,6015,6018
seq,t2.pc,6,40,6015,6018
seq,t3.pc,6,0,6016,6019
seq,t0.dl,12,21,6017,6020
seq,t0.pc,6,20,6017,6020
seq,t1.pc,6,50,6018,6021
seq,t2.dl,12,19,6019,6022
seq,t2.pc,6,40,6019,6022
seq,t3.pc,6,0,6020,6023
seq,t0.dl,12,20,6021,6024
seq,t0.pc,6,20,6021,6024
seq,t1.pc,6,50,6022,6025
seq,t2.dl,12,18,6023,6026
seq,t2.pc,6,40,6023,6026
seq,t3.pc,6,0,6024,6027
seq,t0.dl,12,19,6025,6028
seq,t0.pc,6,20,6025,6028
seq,t1.pc,6,50,6026,6029
seq,t2.dl,12,17,6027,6030
seq,t2.pc,6,40,6027,6030
seq,t3.pc,6,0,6028,6031
seq,t0.dl,12,18,6029,6032
seq,t0.pc,6,20,6029,6032
seq,t1.pc,6,50,6030,6033
seq,t2.dl,12,16,6031,6034
seq,t2.pc,6,40,6031,6034
seq,t3.pc,6,0,6032,6035
seq,t0.dl,12,17,6033,6036
seq,t0.pc,6,20,6033,6036
seq,t1.pc,6,50,6034,6037
seq,t2.dl,12,15,6035,6038
seq,t2.pc,6,40,6035,6038
seq,t3.pc,6,0,6036,6039
seq,t0.dl,12,16,6037,6040
seq,t0.pc,6,20,6037,6040
seq,t1.pc,6,50,6038,6041
seq,t2.dl,12,14,6039,6042
seq,t2.pc,6,40,6039,6042
seq,t3.pc,6,0,6040,6043
seq,t0.dl,12,15,6041,6044
seq,t0.pc,6,20,6041,6044
seq,t1.pc,6,50,6042,6045
seq,t2.dl,12,13,6043,6046
seq,t2.pc,6,40,6043,6046
seq,t3.pc,6,0,6044,6047
seq,t0.dl,12,14,6045,6048
seq,t0.pc,6,20,6045,6048
seq,t1.pc,6,50,6046,6049
seq,t2.dl,12,12,6047,6050
seq,t2.pc,6,40,6047,6050
seq,t3.pc,6,0,6048,6051
seq,t0.dl,12,13,6049,6052
seq,t0.pc,6,20,6049,6052
seq,t1.pc,6,50,6050,6053
seq,t2.dl,12,11,6051,6054
seq,t2.pc,6,40,6051,6054
seq,t3.pc,6,0,6052,6055
seq,t0.dl,12,12,6053,6056
seq,t0.pc,6,20,6053,6056
seq,t1.pc,6,50,6054,6057
seq,t2.dl,12,10,6055,6058
seq,t2.pc,6,40,6055,6058
seq,t3.pc,6,0,6056,6059
seq,t0.dl,12,11,6057,6060
seq,t0.pc,6,20,6057,6060
seq,t1.pc,6,50,6058,6061
seq,t2.dl,12,9,6059,6062
seq,t2.pc,6,40,6059,6062
seq,t3.pc,6,0,6060,6063
seq,t0.dl,12,10,6061,6064
seq,t0.pc,6,20,6061,6064
seq,t1.pc,6,50,6062,6065
seq,t2.dl,12,8,6063,6066
seq,t2.pc,6,40,6063,6066
seq,t3.pc,6,0,6064,6067
seq,t0.dl,12,9,6065,6068
seq,t0.pc,6,20,6065,6068
seq,t1.pc,6,50,6066,6069
seq,t2.dl,12,7,6067,6070
seq,t2.pc,6,40,6067,6070
seq,t3.pc,6,0,6068,6071
seq,t0.dl,12,8,6069,6072
seq,t0.pc,6,20,6069,6072
seq,t1.pc,6,50,6070,6073
seq,t2.dl,12,6,6071,6074
seq,t2.pc,6,40,6071,6074
seq,t3.pc,6,0,6072,6075
seq,t0.dl,12,7,6073,6076
seq,t0.pc,6,20,6073,6076
seq,t1.pc,6,50,6074,6077
seq,t2.dl,12,5,6075,6078
seq,t2.pc,6,40,6075,6078
seq,t3.pc,6,0,6076,6079
seq,t0.dl,12,6,6077,6080
seq,t0.pc,6,20,6077,6080
seq,t1.pc,6,50,6078,6081
seq,t2.dl,12,4,6079,6082
seq,t2.pc,6,40,6079,6082
seq,t3.pc,6,0,6080,6083
seq,t0.dl,12,5,6081,6084
seq,t0.pc,6,20,6081,6084
seq,t1.pc,6,50,6082,6085
seq,t2.dl,12,3,6083,6086
seq,t2.pc,6,40,6083,6086
seq,t3.pc,6,0,6084,6087
seq,t0.dl,12,4,6085,6088
seq,t0.pc,6,20,6085,6088
seq,t1.pc,6,50,6086,6089
seq,t2.dl,12,2,6087,6090
seq,t2.pc,6,40,6087,6090
seq,t3.pc,6,0,6088,6091
seq,t0.dl,12,3,6089,6092
seq,t0.pc,6,20,6089,6092
seq,t1.pc,6,50,6090,6093
seq,t2.dl,12,1,6091,6094
seq,t2.pc,6,40,6091,6094
seq,t3.pc,6,0,6092,6095
seq,t0.dl,12,2,6093,6096
seq,t0.pc,6,20,6093,6096
seq,t1.pc,6,50,6094,6097
seq,t2.pc,6,40,6095,6098
seq,t3.pc,6,0,6096,6099
seq,t0.dl,12,1,6097,6100
seq,t0.pc,6,20,6097,6100
seq,t1.pc,6,50,6098,6101
seq,t2.pc,6,41,6099,6102
seq,t3.pc,6,0,6100,6103
seq,t0.pc,6,20,6101,6104
seq,t1.pc,6,50,6102,6105
seq,t2.acc,8,208,5611,6106
seq,t2.cnt,12,5,5611,6106
seq,t2.pc,6,32,6103,6106
seq,t3.pc,6,0,6104,6107
seq,t0.pc,6,21,6105,6108
seq,t1.pc,6,50,6106,6109
seq,t2.dl,12,0,6095,6098
seq,t2.pc,6,33,6107,6110
seq,t3.pc,6,0,6108,6111
seq,t0.acc,8,9,5677,6112
seq,t0.cnt,12,5,5677,6112
seq,t0.pc,6,18,6109,6112
seq,t1.pc,6,50,6110,6113
seq,t2.dl,12,28,6111,6114
seq,t2.pc,6,34,6111,6114
seq,t3.pc,6,0,6112,6115
seq,t0.dl,12,0,6101,6104
seq,t0.pc,6,19,6113,6116
seq,t1.pc,6,50,6114,6117
seq,t2.dl,12,27,6115,6118
seq,t2.pc,6,34,6115,6118
seq,t3.pc,6,0,6116,6119
seq,t0.dl,12,105,6117,6120
seq,t0.pc,6,20,6117,6120
seq,t1.pc,6,50,6118,6121
seq,t2.dl,12,26,6119,6122
seq,t2.pc,6,34,6119,6122
seq,t3.pc,6,0,6120,6123
seq,t0.dl,12,104,6121,6124
seq,t0.pc,6,20,6121,6124
seq,t1.pc,6,50,6122,6125
seq,t2.dl,12,25,6123,6126
seq,t2.pc,6,34,6123,6126
seq,t3.pc,6,0,6124,6127
seq,t0.dl,12,103,6125,6128
seq,t0.pc,6,20,6125,6128
seq,t1.pc,6,50,6126,6129
seq,t2.dl,12,24,6127,6130
seq,t2.pc,6,34,6127,6130
seq,t3.pc,6,0,6128,6131
seq,t0.dl,12,102,6129,6132
seq,t0.pc,6,20,6129,6132
seq,t1.pc,6,50,6130,6133
seq,t2.dl,12,23,6131,6134
seq,t2.pc,6,34,6131,6134
seq,t3.pc,6,0,6132,6135
seq,t0.dl,12,101,6133,6136
seq,t0.pc,6,20,6133,6136
seq,t1.pc,6,50,6134,6137
seq,t2.dl,12,22,6135,6138
seq,t2.pc,6,34,6135,6138
seq,t3.pc,6,0,6136,6139
seq,t0.dl,12,100,6137,6140
seq,t0.pc,6,20,6137,6140
seq,t1.pc,6,50,6138,6141
seq,t2.dl,12,21,6139,6142
seq,t2.pc,6,34,6139,6142
seq,t3.pc,6,0,6140,6143
seq,t0.dl,12,99,6141,6144
seq,t0.pc,6,20,6141,6144
seq,t1.pc,6,50,6142,6145
seq,t2.dl,12,20,6143,6146
seq,t2.pc,6,34,6143,6146
seq,t3.pc,6,0,6144,6147
seq,t0.dl,12,98,6145,6148
seq,t0.pc,6,20,6145,6148
seq,t1.pc,6,50,6146,6149
seq,t2.dl,12,19,6147,6150
seq,t2.pc,6,34,6147,6150
seq,t3.pc,6,0,6148,6151
seq,t0.dl,12,97,6149,6152
seq,t0.pc,6,20,6149,6152
seq,t1.pc,6,50,6150,6153
seq,t2.dl,12,18,6151,6154
seq,t2.pc,6,34,6151,6154
seq,t3.pc,6,0,6152,6155
seq,t0.dl,12,96,6153,6156
seq,t0.pc,6,20,6153,6156
seq,t1.pc,6,50,6154,6157
seq,t2.dl,12,17,6155,6158
seq,t2.pc,6,34,6155,6158
seq,t3.pc,6,0,6156,6159
seq,t0.dl,12,95,6157,6160
seq,t0.pc,6,20,6157,6160
seq,t1.pc,6,50,6158,6161
seq,t2.dl,12,16,6159,6162
seq,t2.pc,6,34,6159,6162
seq,t3.pc,6,0,6160,6163
seq,t0.dl,12,94,6161,6164
seq,t0.pc,6,20,6161,6164
seq,t1.pc,6,50,6162,6165
seq,t2.dl,12,15,6163,6166
seq,t2.pc,6,34,6163,6166
seq,t3.pc,6,0,6164,6167
seq,t0.dl,12,93,6165,6168
seq,t0.pc,6,20,6165,6168
seq,t1.pc,6,50,6166,6169
seq,t2.dl,12,14,6167,6170
seq,t2.pc,6,34,6167,6170
seq,t3.pc,6,0,6168,6171
seq,t0.dl,12,92,6169,6172
seq,t0.pc,6,20,6169,6172
seq,t1.pc,6,50,6170,6173
seq,t2.dl,12,13,6171,6174
seq,t2.pc,6,34,6171,6174
seq,t3.pc,6,0,6172,6175
seq,t0.dl,12,91,6173,6176
seq,t0.pc,6,20,6173,6176
seq,t1.pc,6,50,6174,6177
seq,t2.dl,12,12,6175,6178
seq,t2.pc,6,34,6175,6178
seq,t3.pc,6,0,6176,6179
seq,t0.dl,12,90,6177,6180
seq,t0.pc,6,20,6177,6180
seq,t1.pc,6,50,6178,6181
seq,t2.dl,12,11,6179,6182
seq,t2.pc,6,34,6179,6182
seq,t3.pc,6,0,6180,6183
seq,t0.dl,12,89,6181,6184
seq,t0.pc,6,20,6181,6184
seq,t1.pc,6,50,6182,6185
seq,t2.dl,12,10,6183,6186
seq,t2.pc,6,34,6183,6186
seq,t3.pc,6,0,6184,6187
seq,t0.dl,12,88,6185,6188
seq,t0.pc,6,20,6185,6188
seq,t1.pc,6,50,6186,6189
seq,t2.dl,12,9,6187,6190
seq,t2.pc,6,34,6187,6190
seq,t3.pc,6,0,6188,6191
seq,t0.dl,12,87,6189,6192
seq,t0.pc,6,20,6189,6192
seq,t1.pc,6,50,6190,6193
seq,t2.dl,12,8,6191,6194
seq,t2.pc,6,34,6191,6194
seq,t3.pc,6,0,6192,6195
seq,t0.dl,12,86,6193,6196
seq,t0.pc,6,20,6193,6196
seq,t1.pc,6,50,6194,6197
seq,t2.dl,12,7,6195,6198
seq,t2.pc,6,34,6195,6198
seq,t3.pc,6,0,6196,6199
seq,t0.dl,12,85,6197,6200
seq,t0.pc,6,20,6197,6200
seq,t1.pc,6,50,6198,6201
seq,t2.dl,12,6,6199,6202
seq,t2.pc,6,34,6199,6202
seq,t3.pc,6,0,6200,6203
seq,t0.dl,12,84,6201,6204
seq,t0.pc,6,20,6201,6204
seq,t1.pc,6,50,6202,6205
seq,t2.dl,12,5,6203,6206
seq,t2.pc,6,34,6203,6206
seq,t3.pc,6,0,6204,6207
seq,t0.dl,12,83,6205,6208
seq,t0.pc,6,20,6205,6208
seq,t1.pc,6,50,6206,6209
seq,t2.dl,12,4,6207,6210
seq,t2.pc,6,34,6207,6210
seq,t3.pc,6,0,6208,6211
seq,t0.dl,12,82,6209,6212
seq,t0.pc,6,20,6209,6212
seq,t1.pc,6,50,6210,6213
seq,t2.dl,12,3,6211,6214
seq,t2.pc,6,34,6211,6214
seq,t3.pc,6,0,6212,6215
seq,t0.dl,12,81,6213,6216
seq,t0.pc,6,20,6213,6216
seq,t1.pc,6,50,6214,6217
seq,t2.dl,12,2,6215,6218
seq,t2.pc,6,34,6215,6218
seq,t3.pc,6,0,6216,6219
seq,t0.dl,12,80,6217,6220
seq,t0.pc,6,20,6217,6220
seq,t1.pc,6,50,6218,6221
seq,t2.dl,12,1,6219,6222
seq,t2.pc,6,34,6219,6222
seq,t3.pc,6,0,6220,6223
seq,t0.dl,12,79,6221,6224
seq,t0.pc,6,20,6221,6224
seq,t1.pc,6,50,6222,6225
seq,t2.pc,6,34,6223,6226
seq,t3.pc,6,0,6224,6227
seq,t0.dl,12,78,6225,6228
seq,t0.pc,6,20,6225,6228
seq,t1.pc,6,50,6226,6229
seq,t2.pc,6,35,6227,6230
seq,t3.pc,6,0,6228,6231
seq,t0.dl,12,77,6229,6232
seq,t0.pc,6,20,6229,6232
seq,t1.pc,6,50,6230,6233
seq,t2.dl,12,0,6223,6226
seq,t2.pc,6,36,6231,6234
seq,t3.pc,6,0,6232,6235
seq,t0.dl,12,76,6233,6236
seq,t0.pc,6,20,6233,6236
seq,t1.pc,6,50,6234,6237
seq,t2.dl,12,59,6235,6238
seq,t2.pc,6,37,6235,6238
seq,t3.pc,6,0,6236,6239
seq,t0.dl,12,75,6237,6240
seq,t0.pc,6,20,6237,6240
seq,t1.pc,6,50,6238,6241
seq,t2.dl,12,58,6239,6242
seq,t2.pc,6,37,6239,6242
seq,t3.pc,6,0,6240,6243
seq,t0.dl,12,74,6241,6244
seq,t0.pc,6,20,6241,6244
seq,t1.pc,6,50,6242,6245
seq,t2.dl,12,57,6243,6246
seq,t2.pc,6,37,6243,6246
seq,t3.pc,6,0,6244,6247
seq,t0.dl,12,73,6245,6248
seq,t0.pc,6,20,6245,6248
seq,t1.pc,6,50,6246,6249
seq,t2.dl,12,56,6247,6250
seq,t2.pc,6,37,6247,6250
seq,t3.pc,6,0,6248,6251
seq,t0.dl,12,72,6249,6252
seq,t0.pc,6,20,6249,6252
seq,t1.pc,6,50,6250,6253
seq,t2.dl,12,55,6251,6254
seq,t2.pc,6,37,6251,6254
seq,t3.pc,6,0,6252,6255
seq,t0.dl,12,71,6253,6256
seq,t0.pc,6,20,6253,6256
seq,t1.pc,6,50,6254,6257
seq,t2.dl,12,54,6255,6258
seq,t2.pc,6,37,6255,6258
seq,t3.pc,6,0,6256,6259
seq,t0.dl,12,70,6257,6260
seq,t0.pc,6,20,6257,6260
seq,t1.pc,6,50,6258,6261
seq,t2.dl,12,53,6259,6262
seq,t2.pc,6,37,6259,6262
seq,t3.pc,6,0,6260,6263
seq,t0.dl,12,69,6261,6264
seq,t0.pc,6,20,6261,6264
seq,t1.pc,6,50,6262,6265
seq,t2.dl,12,52,6263,6266
seq,t2.pc,6,37,6263,6266
seq,t3.pc,6,0,6264,6267
seq,t0.dl,12,68,6265,6268
seq,t0.pc,6,20,6265,6268
seq,t1.pc,6,50,6266,6269
seq,t2.dl,12,51,6267,6270
seq,t2.pc,6,37,6267,6270
seq,t3.pc,6,0,6268,6271
seq,t0.dl,12,67,6269,6272
seq,t0.pc,6,20,6269,6272
seq,t1.pc,6,50,6270,6273
seq,t2.dl,12,50,6271,6274
seq,t2.pc,6,37,6271,6274
seq,t3.pc,6,0,6272,6275
seq,t0.dl,12,66,6273,6276
seq,t0.pc,6,20,6273,6276
seq,t1.pc,6,50,6274,6277
seq,t2.dl,12,49,6275,6278
seq,t2.pc,6,37,6275,6278
seq,t3.pc,6,0,6276,6279
seq,t0.dl,12,65,6277,6280
seq,t0.pc,6,20,6277,6280
seq,t1.pc,6,50,6278,6281
seq,t2.dl,12,48,6279,6282
seq,t2.pc,6,37,6279,6282
seq,t3.pc,6,0,6280,6283
seq,t0.dl,12,64,6281,6284
seq,t0.pc,6,20,6281,6284
seq,t1.pc,6,50,6282,6285
seq,t2.dl,12,47,6283,6286
seq,t2.pc,6,37,6283,6286
seq,t3.pc,6,0,6284,6287
seq,t0.dl,12,63,6285,6288
seq,t0.pc,6,20,6285,6288
seq,t1.pc,6,50,6286,6289
seq,t2.dl,12,46,6287,6290
seq,t2.pc,6,37,6287,6290
seq,t3.pc,6,0,6288,6291
seq,t0.dl,12,62,6289,6292
seq,t0.pc,6,20,6289,6292
seq,t1.pc,6,50,6290,6293
seq,t2.dl,12,45,6291,6294
seq,t2.pc,6,37,6291,6294
seq,t3.pc,6,0,6292,6295
seq,t0.dl,12,61,6293,6296
seq,t0.pc,6,20,6293,6296
seq,t1.pc,6,50,6294,6297
seq,t2.dl,12,44,6295,6298
seq,t2.pc,6,37,6295,6298
seq,t3.pc,6,0,6296,6299
seq,t0.dl,12,60,6297,6300
seq,t0.pc,6,20,6297,6300
seq,t1.pc,6,50,6298,6301
seq,t2.dl,12,43,6299,6302
seq,t2.pc,6,37,6299,6302
seq,t3.pc,6,0,6300,6303
seq,t0.dl,12,59,6301,6304
seq,t0.pc,6,20,6301,6304
seq,t1.pc,6,50,6302,6305
seq,t2.dl,12,42,6303,6306
seq,t2.pc,6,37,6303,6306
seq,t3.pc,6,0,6304,6307
seq,t0.dl,12,58,6305,6308
seq,t0.pc,6,20,6305,6308
seq,t1.pc,6,50,6306,6309
seq,t2.dl,12,41,6307,6310
seq,t2.pc,6,37,6307,6310
seq,t3.pc,6,0,6308,6311
seq,t0.dl,12,57,6309,6312
seq,t0.pc,6,20,6309,6312
seq,t1.pc,6,50,6310,6313
seq,t2.dl,12,40,6311,6314
seq,t2.pc,6,37,6311,6314
seq,t3.pc,6,0,6312,6315
seq,t0.dl,12,56,6313,6316
seq,t0.pc,6,20,6313,6316
seq,t1.pc,6,50,6314,6317
seq,t2.dl,12,39,6315,6318
seq,t2.pc,6,37,6315,6318
seq,t3.pc,6,0,6316,6319
seq,t0.dl,12,55,6317,6320
seq,t0.pc,6,20,6317,6320
seq,t1.pc,6,50,6318,6321
seq,t2.dl,12,38,6319,6322
seq,t2.pc,6,37,6319,6322
seq,t3.pc,6,0,6320,6323
seq,t0.dl,12,54,6321,6324
seq,t0.pc,6,20,6321,6324
seq,t1.pc,6,50,6322,6325
seq,t2.dl,12,37,6323,6326
seq,t2.pc,6,37,6323,6326
seq,t3.pc,6,0,6324,6327
seq,t0.dl,12,53,6325,6328
seq,t0.pc,6,20,6325,6328
seq,t1.pc,6,50,6326,6329
seq,t2.dl,12,36,6327,6330
seq,t2.pc,6,37,6327,6330
seq,t3.pc,6,0,6328,6331
seq,t0.dl,12,52,6329,6332
seq,t0.pc,6,20,6329,6332
seq,t1.pc,6,50,6330,6333
seq,t2.dl,12,35,6331,6334
seq,t2.pc,6,37,6331,6334
seq,t3.pc,6,0,6332,6335
seq,t0.dl,12,51,6333,6336
seq,t0.pc,6,20,6333,6336
seq,t1.pc,6,50,6334,6337
seq,t2.dl,12,34,6335,6338
seq,t2.pc,6,37,6335,6338
seq,t3.pc,6,0,6336,6339
seq,t0.dl,12,50,6337,6340
seq,t0.pc,6,20,6337,6340
seq,t1.pc,6,50,6338,6341
seq,t2.dl,12,33,6339,6342
seq,t2.pc,6,37,6339,6342
seq,t3.pc,6,0,6340,6343
seq,t0.dl,12,49,6341,6344
seq,t0.pc,6,20,6341,6344
seq,t1.pc,6,50,6342,6345
seq,t2.dl,12,32,6343,6346
seq,t2.pc,6,37,6343,6346
seq,t3.pc,6,0,6344,6347
seq,t0.dl,12,48,6345,6348
seq,t0.pc,6,20,6345,6348
seq,t1.pc,6,50,6346,6349
seq,t2.dl,12,31,6347,6350
seq,t2.pc,6,37,6347,6350
seq,t3.pc,6,0,6348,6351
seq,t0.dl,12,47,6349,6352
seq,t0.pc,6,20,6349,6352
seq,t1.pc,6,50,6350,6353
seq,t2.dl,12,30,6351,6354
seq,t2.pc,6,37,6351,6354
seq,t3.pc,6,0,6352,6355
seq,t0.dl,12,46,6353,6356
seq,t0.pc,6,20,6353,6356
seq,t1.pc,6,50,6354,6357
seq,t2.dl,12,29,6355,6358
seq,t2.pc,6,37,6355,6358
seq,t3.pc,6,0,6356,6359
seq,t0.dl,12,45,6357,6360
seq,t0.pc,6,20,6357,6360
seq,t1.pc,6,50,6358,6361
seq,t2.dl,12,28,6359,6362
seq,t2.pc,6,37,6359,6362
seq,t3.pc,6,0,6360,6363
seq,t0.dl,12,44,6361,6364
seq,t0.pc,6,20,6361,6364
seq,t1.pc,6,50,6362,6365
seq,t2.dl,12,27,6363,6366
seq,t2.pc,6,37,6363,6366
seq,t3.pc,6,0,6364,6367
seq,t0.dl,12,43,6365,6368
seq,t0.pc,6,20,6365,6368
seq,t1.pc,6,50,6366,6369
seq,t2.dl,12,26,6367,6370
seq,t2.pc,6,37,6367,6370
seq,t3.pc,6,0,6368,6371
seq,t0.dl,12,42,6369,6372
seq,t0.pc,6,20,6369,6372
seq,t1.pc,6,50,6370,6373
seq,t2.dl,12,25,6371,6374
seq,t2.pc,6,37,6371,6374
seq,t3.pc,6,0,6372,6375
seq,t0.dl,12,41,6373,6376
seq,t0.pc,6,20,6373,6376
seq,t1.pc,6,50,6374,6377
seq,t2.dl,12,24,6375,6378
seq,t2.pc,6,37,6375,6378
seq,t3.pc,6,0,6376,6379
seq,t0.dl,12,40,6377,6380
seq,t0.pc,6,20,6377,6380
seq,t1.pc,6,50,6378,6381
seq,t2.dl,12,23,6379,6382
seq,t2.pc,6,37,6379,6382
seq,t3.pc,6,0,6380,6383
seq,t0.dl,12,39,6381,6384
seq,t0.pc,6,20,6381,6384
seq,t1.pc,6,50,6382,6385
seq,t2.dl,12,22,6383,6386
seq,t2.pc,6,37,6383,6386
seq,t3.pc,6,0,6384,6387
seq,t0.dl,12,38,6385,6388
seq,t0.pc,6,20,6385,6388
seq,t1.pc,6,50,6386,6389
seq,t2.dl,12,21,6387,6390
seq,t2.pc,6,37,6387,6390
seq,t3.pc,6,0,6388,6391
seq,t0.dl,12,37,6389,6392
seq,t0.pc,6,20,6389,6392
seq,t1.pc,6,50,6390,6393
seq,t2.dl,12,20,6391,6394
seq,t2.pc,6,37,6391,6394
seq,t3.pc,6,0,6392,6395
seq,t0.dl,12,36,6393,6396
seq,t0.pc,6,20,6393,6396
seq,t1.pc,6,50,6394,6397
seq,t2.dl,12,19,6395,6398
seq,t2.pc,6,37,6395,6398
seq,t3.pc,6,0,6396,6399
seq,t0.dl,12,35,6397,6400
seq,t0.pc,6,20,6397,6400
seq,t1.pc,6,50,6398,6401
seq,t2.dl,12,18,6399,6402
seq,t2.pc,6,37,6399,6402
seq,t3.pc,6,0,6400,6403
seq,t0.dl,12,34,6401,6404
seq,t0.pc,6,20,6401,6404
seq,t1.pc,6,50,6402,6405
seq,t2.dl,12,17,6403,6406
seq,t2.pc,6,37,6403,6406
seq,t3.pc,6,0,6404,6407
seq,t0.dl,12,33,6405,6408
seq,t0.pc,6,20,6405,6408
seq,t1.pc,6,50,6406,6409
seq,t2.dl,12,16,6407,6410
seq,t2.pc,6,37,6407,6410
seq,t3.pc,6,0,6408,6411
seq,t0.dl,12,32,6409,6412
seq,t0.pc,6,20,6409,6412
seq,t1.pc,6,50,6410,6413
seq,t2.dl,12,15,6411,6414
seq,t2.pc,6,37,6411,6414
seq,t3.pc,6,0,6412,6415
seq,t0.dl,12,31,6413,6416
seq,t0.pc,6,20,6413,6416
seq,t1.pc,6,50,6414,6417
seq,t2.dl,12,14,6415,6418
seq,t2.pc,6,37,6415,6418
seq,t3.pc,6,0,6416,6419
seq,t0.dl,12,30,6417,6420
seq,t0.pc,6,20,6417,6420
seq,t1.pc,6,50,6418,6421
seq,t2.dl,12,13,6419,6422
seq,t2.pc,6,37,6419,6422
seq,t3.pc,6,0,6420,6423
seq,t0.dl,12,29,6421,6424
seq,t0.pc,6,20,6421,6424
seq,t1.pc,6,50,6422,6425
seq,t2.dl,12,12,6423,6426
seq,t2.pc,6,37,6423,6426
seq,t3.pc,6,0,6424,6427
seq,t0.dl,12,28,6425,6428
seq,t0.pc,6,20,6425,6428
seq,t1.pc,6,50,6426,6429
seq,t2.dl,12,11,6427,6430
seq,t2.pc,6,37,6427,6430
seq,t3.pc,6,0,6428,6431
seq,t0.dl,12,27,6429,6432
seq,t0.pc,6,20,6429,6432
seq,t1.pc,6,50,6430,6433
seq,t2.dl,12,10,6431,6434
seq,t2.pc,6,37,6431,6434
seq,t3.pc,6,0,6432,6435
seq,t0.dl,12,26,6433,6436
seq,t0.pc,6,20,6433,6436
seq,t1.pc,6,50,6434,6437
seq,t2.dl,12,9,6435,6438
seq,t2.pc,6,37,6435,6438
seq,t3.pc,6,0,6436,6439
seq,t0.dl,12,25,6437,6440
seq,t0.pc,6,20,6437,6440
seq,t1.pc,6,50,6438,6441
seq,t2.dl,12,8,6439,6442
seq,t2.pc,6,37,6439,6442
seq,t3.pc,6,0,6440,6443
seq,t0.dl,12,24,6441,6444
seq,t0.pc,6,20,6441,6444
seq,t1.pc,6,50,6442,6445
seq,t2.dl,12,7,6443,6446
seq,t2.pc,6,37,6443,6446
seq,t3.pc,6,0,6444,6447
seq,t0.dl,12,23,6445,6448
seq,t0.pc,6,20,6445,6448
seq,t1.pc,6,50,6446,6449
seq,t2.dl,12,6,6447,6450
seq,t2.pc,6,37,6447,6450
seq,t3.pc,6,0,6448,6451
seq,t0.dl,12,22,6449,6452
seq,t0.pc,6,20,6449,6452
seq,t1.pc,6,50,6450,6453
seq,t2.dl,12,5,6451,6454
seq,t2.pc,6,37,6451,6454
seq,t3.pc,6,0,6452,6455
seq,t0.dl,12,21,6453,6456
seq,t0.pc,6,20,6453,6456
seq,t1.pc,6,50,6454,6457
seq,t2.dl,12,4,6455,6458
seq,t2.pc,6,37,6455,6458
seq,t3.pc,6,0,6456,6459
seq,t0.dl,12,20,6457,6460
seq,t0.pc,6,20,6457,6460
seq,t1.pc,6,50,6458,6461
seq,t2.dl,12,3,6459,6462
seq,t2.pc,6,37,6459,6462
seq,t3.pc,6,0,6460,6463
seq,t0.dl,12,19,6461,6464
seq,t0.pc,6,20,6461,6464
seq,t1.pc,6,50,6462,6465
seq,t2.dl,12,2,6463,6466
seq,t2.pc,6,37,6463,6466
seq,t3.pc,6,0,6464,6467
seq,t0.dl,12,18,6465,6468
seq,t0.pc,6,20,6465,6468
seq,t1.pc,6,50,6466,6469
seq,t2.dl,12,1,6467,6470
seq,t2.pc,6,37,6467,6470
seq,t3.pc,6,0,6468,6471
seq,t0.dl,12,17,6469,6472
seq,t0.pc,6,20,6469,6472
seq,t1.pc,6,50,6470,6473
seq,t2.pc,6,37,6471,6474
seq,t3.pc,6,0,6472,6475
seq,t0.dl,12,16,6473,6476
seq,t0.pc,6,20,6473,6476
seq,t1.pc,6,50,6474,6477
seq,t2.pc,6,38,6475,6478
seq,t3.pc,6,0,6476,6479
seq,t0.dl,12,15,6477,6480
seq,t0.pc,6,20,6477,6480
seq,t1.pc,6,50,6478,6481
seq,t2.dl,12,0,6471,6474
seq,t2.pc,6,39,6479,6482
seq,t3.pc,6,0,6480,6483
seq,t0.dl,12,14,6481,6484
seq,t0.pc,6,20,6481,6484
seq,t1.pc,6,50,6482,6485
seq,t2.dl,12,27,6483,6486
seq,t2.pc,6,40,6483,6486
seq,t3.pc,6,0,6484,6487
seq,t0.dl,12,13,6485,6488
seq,t0.pc,6,20,6485,6488
seq,t1.pc,6,50,6486,6489
seq,t2.dl,12,26,6487,6490
seq,t2.pc,6,40,6487,6490
seq,t3.pc,6,0,6488,6491
seq,t0.dl,12,12,6489,6492
seq,t0.pc,6,20,6489,6492
seq,t1.pc,6,50,6490,6493
seq,t2.dl,12,25,6491,6494
seq,t2.pc,6,40,6491,6494
seq,t3.pc,6,0,6492,6495
seq,t0.dl,12,11,6493,6496
seq,t0.pc,6,20,6493,6496
seq,t1.pc,6,50,6494,6497
seq,t2.dl,12,24,6495,6498
seq,t2.pc,6,40,6495,6498
seq,t3.pc,6,0,6496,6499
seq,t0.dl,12,10,6497,6500
seq,t0.pc,6,20,6497,6500
seq,t1.pc,6,50,6498,6501
seq,t2.dl,12,23,6499,6502
seq,t2.pc,6,40,6499,6502
seq,t3.pc,6,0,6500,6503
seq,t0.dl,12,9,6501,6504
seq,t0.pc,6,20,6501,6504
seq,t1.pc,6,50,6502,6505
seq,t2.dl,12,22,6503,6506
seq,t2.pc,6,40,6503,6506
seq,t3.pc,6,0,6504,6507
seq,t0.dl,12,8,6505,6508
seq,t0.pc,6,20,6505,6508
seq,t1.pc,6,50,6506,6509
seq,t2.dl,12,21,6507,6510
seq,t2.pc,6,40,6507,6510
seq,t3.pc,6,0,6508,6511
seq,t0.dl,12,7,6509,6512
seq,t0.pc,6,20,6509,6512
seq,t1.pc,6,50,6510,6513
seq,t2.dl,12,20,6511,6514
seq,t2.pc,6,40,6511,6514
seq,t3.pc,6,0,6512,6515
seq,t0.dl,12,6,6513,6516
seq,t0.pc,6,20,6513,6516
seq,t1.pc,6,50,6514,6517
seq,t2.dl,12,19,6515,6518
seq,t2.pc,6,40,6515,6518
seq,t3.pc,6,0,6516,6519
seq,t0.dl,12,5,6517,6520
seq,t0.pc,6,20,6517,6520
seq,t1.pc,6,50,6518,6521
seq,t2.dl,12,18,6519,6522
seq,t2.pc,6,40,6519,6522
seq,t3.pc,6,0,6520,6523
seq,t0.dl,12,4,6521,6524
seq,t0.pc,6,20,6521,6524
seq,t1.pc,6,50,6522,6525
seq,t2.dl,12,17,6523,6526
seq,t2.pc,6,40,6523,6526
seq,t3.pc,6,0,6524,6527
seq,t0.dl,12,3,6525,6528
seq,t0.pc,6,20,6525,6528
seq,t1.pc,6,50,6526,6529
seq,t2.dl,12,16,6527,6530
seq,t2.pc,6,40,6527,6530
seq,t3.pc,6,0,6528,6531
seq,t0.dl,12,2,6529,6532
seq,t0.pc,6,20,6529,6532
seq,t1.pc,6,50,6530,6533
seq,t2.dl,12,15,6531,6534
seq,t2.pc,6,40,6531,6534
seq,t3.pc,6,0,6532,6535
seq,t0.dl,12,1,6533,6536
seq,t0.pc,6,20,6533,6536
seq,t1.pc,6,50,6534,6537
seq,t2.dl,12,14,6535,6538
seq,t2.pc,6,40,6535,6538
seq,t3.pc,6,0,6536,6539
seq,t0.pc,6,20,6537,6540
seq,t1.pc,6,50,6538,6541
seq,t2.dl,12,13,6539,6542
seq,t2.pc,6,40,6539,6542
seq,t3.pc,6,0,6540,6543
seq,t0.pc,6,21,6541,6544
seq,t1.pc,6,50,6542,6545
seq,t2.dl,12,12,6543,6546
seq,t2.pc,6,40,6543,6546
seq,t3.pc,6,0,6544,6547
seq,t0.acc,8,4,6113,6548
seq,t0.cnt,12,4,6113,6548
seq,t0.pc,6,18,6545,6548
seq,t1.pc,6,50,6546,6549
seq,t2.dl,12,11,6547,6550
seq,t2.pc,6,40,6547,6550
seq,t3.pc,6,0,6548,6551
seq,t0.dl,12,0,6537,6540
seq,t0.pc,6,19,6549,6552
seq,t1.pc,6,50,6550,6553
seq,t2.dl,12,10,6551,6554
seq,t2.pc,6,40,6551,6554
seq,t3.pc,6,0,6552,6555
seq,t0.dl,12,105,6553,6556
seq,t0.pc,6,20,6553,6556
seq,t1.pc,6,50,6554,6557
seq,t2.dl,12,9,6555,6558
seq,t2.pc,6,40,6555,6558
seq,t3.pc,6,0,6556,6559
seq,t0.dl,12,104,6557,6560
seq,t0.pc,6,20,6557,6560
seq,t1.pc,6,50,6558,6561
seq,t2.dl,12,8,6559,6562
seq,t2.pc,6,40,6559,6562
seq,t3.pc,6,0,6560,6563
seq,t0.dl,12,103,6561,6564
seq,t0.pc,6,20,6561,6564
seq,t1.pc,6,50,6562,6565
seq,t2.dl,12,7,6563,6566
seq,t2.pc,6,40,6563,6566
seq,t3.pc,6,0,6564,6567
seq,t0.dl,12,102,6565,6568
seq,t0.pc,6,20,6565,6568
seq,t1.pc,6,50,6566,6569
seq,t2.dl,12,6,6567,6570
seq,t2.pc,6,40,6567,6570
seq,t3.pc,6,0,6568,6571
seq,t0.dl,12,101,6569,6572
seq,t0.pc,6,20,6569,6572
seq,t1.pc,6,50,6570,6573
seq,t2.dl,12,5,6571,6574
seq,t2.pc,6,40,6571,6574
seq,t3.pc,6,0,6572,6575
seq,t0.dl,12,100,6573,6576
seq,t0.pc,6,20,6573,6576
seq,t1.pc,6,50,6574,6577
seq,t2.dl,12,4,6575,6578
seq,t2.pc,6,40,6575,6578
seq,t3.pc,6,0,6576,6579
seq,t0.dl,12,99,6577,6580
seq,t0.pc,6,20,6577,6580
seq,t1.pc,6,50,6578,6581
seq,t2.dl,12,3,6579,6582
seq,t2.pc,6,40,6579,6582
seq,t3.pc,6,0,6580,6583
seq,t0.dl,12,98,6581,6584
seq,t0.pc,6,20,6581,6584
seq,t1.pc,6,50,6582,6585
seq,t2.dl,12,2,6583,6586
seq,t2.pc,6,40,6583,6586
seq,t3.pc,6,0,6584,6587
seq,t0.dl,12,97,6585,6588
seq,t0.pc,6,20,6585,6588
seq,t1.pc,6,50,6586,6589
seq,t2.dl,12,1,6587,6590
seq,t2.pc,6,40,6587,6590
seq,t3.pc,6,0,6588,6591
seq,t0.dl,12,96,6589,6592
seq,t0.pc,6,20,6589,6592
seq,t1.pc,6,50,6590,6593
seq,t2.pc,6,40,6591,6594
seq,t3.pc,6,0,6592,6595
seq,t0.dl,12,95,6593,6596
seq,t0.pc,6,20,6593,6596
seq,t1.pc,6,50,6594,6597
seq,t2.pc,6,41,6595,6598
seq,t3.pc,6,0,6596,6599
seq,t0.dl,12,94,6597,6600
seq,t0.pc,6,20,6597,6600
seq,t1.pc,6,50,6598,6601
seq,t2.acc,8,160,6107,6602
seq,t2.cnt,12,4,6107,6602
seq,t2.pc,6,32,6599,6602
seq,t3.pc,6,0,6600,6603
seq,t0.dl,12,93,6601,6604
seq,t0.pc,6,20,6601,6604
seq,t1.pc,6,50,6602,6605
seq,t2.dl,12,0,6591,6594
seq,t2.pc,6,33,6603,6606
seq,t3.pc,6,0,6604,6607
seq,t0.dl,12,92,6605,6608
seq,t0.pc,6,20,6605,6608
seq,t1.pc,6,50,6606,6609
seq,t2.dl,12,28,6607,6610
seq,t2.pc,6,34,6607,6610
seq,t3.pc,6,0,6608,6611
seq,t0.dl,12,91,6609,6612
seq,t0.pc,6,20,6609,6612
seq,t1.pc,6,50,6610,6613
seq,t2.dl,12,27,6611,6614
seq,t2.pc,6,34,6611,6614
seq,t3.pc,6,0,6612,6615
seq,t0.dl,12,90,6613,6616
seq,t0.pc,6,20,6613,6616
seq,t1.pc,6,50,6614,6617
seq,t2.dl,12,26,6615,6618
seq,t2.pc,6,34,6615,6618
seq,t3.pc,6,0,6616,6619
seq,t0.dl,12,89,6617,6620
seq,t0.pc,6,20,6617,6620
seq,t1.pc,6,50,6618,6621
seq,t2.dl,12,25,6619,6622
seq,t2.pc,6,34,6619,6622
seq,t3.pc,6,0,6620,6623
seq,t0.dl,12,88,6621,6624
seq,t0.pc,6,20,6621,6624
seq,t1.pc,6,50,6622,6625
seq,t2.dl,12,24,6623,6626
seq,t2.pc,6,34,6623,6626
seq,t3.pc,6,0,6624,6627
seq,t0.dl,12,87,6625,6628
seq,t0.pc,6,20,6625,6628
seq,t1.pc,6,50,6626,6629
seq,t2.dl,12,23,6627,6630
seq,t2.pc,6,34,6627,6630
seq,t3.pc,6,0,6628,6631
seq,t0.dl,12,86,6629,6632
seq,t0.pc,6,20,6629,6632
seq,t1.pc,6,50,6630,6633
seq,t2.dl,12,22,6631,6634
seq,t2.pc,6,34,6631,6634
seq,t3.pc,6,0,6632,6635
seq,t0.dl,12,85,6633,6636
seq,t0.pc,6,20,6633,6636
seq,t1.pc,6,50,6634,6637
seq,t2.dl,12,21,6635,6638
seq,t2.pc,6,34,6635,6638
seq,t3.pc,6,0,6636,6639
seq,t0.dl,12,84,6637,6640
seq,t0.pc,6,20,6637,6640
seq,t1.pc,6,50,6638,6641
seq,t2.dl,12,20,6639,6642
seq,t2.pc,6,34,6639,6642
seq,t3.pc,6,0,6640,6643
seq,t0.dl,12,83,6641,6644
seq,t0.pc,6,20,6641,6644
seq,t1.pc,6,50,6642,6645
seq,t2.dl,12,19,6643,6646
seq,t2.pc,6,34,6643,6646
seq,t3.pc,6,0,6644,6647
seq,t0.dl,12,82,6645,6648
seq,t0.pc,6,20,6645,6648
seq,t1.pc,6,50,6646,6649
seq,t2.dl,12,18,6647,6650
seq,t2.pc,6,34,6647,6650
seq,t3.pc,6,0,6648,6651
seq,t0.dl,12,81,6649,6652
seq,t0.pc,6,20,6649,6652
seq,t1.pc,6,50,6650,6653
seq,t2.dl,12,17,6651,6654
seq,t2.pc,6,34,6651,6654
seq,t3.pc,6,0,6652,6655
seq,t0.dl,12,80,6653,6656
seq,t0.pc,6,20,6653,6656
seq,t1.pc,6,50,6654,6657
seq,t2.dl,12,16,6655,6658
seq,t2.pc,6,34,6655,6658
seq,t3.pc,6,0,6656,6659
seq,t0.dl,12,79,6657,6660
seq,t0.pc,6,20,6657,6660
seq,t1.pc,6,50,6658,6661
seq,t2.dl,12,15,6659,6662
seq,t2.pc,6,34,6659,6662
seq,t3.pc,6,0,6660,6663
seq,t0.dl,12,78,6661,6664
seq,t0.pc,6,20,6661,6664
seq,t1.pc,6,50,6662,6665
seq,t2.dl,12,14,6663,6666
seq,t2.pc,6,34,6663,6666
seq,t3.pc,6,0,6664,6667
seq,t0.dl,12,77,6665,6668
seq,t0.pc,6,20,6665,6668
seq,t1.pc,6,50,6666,6669
seq,t2.dl,12,13,6667,6670
seq,t2.pc,6,34,6667,6670
seq,t3.pc,6,0,6668,6671
seq,t0.dl,12,76,6669,6672
seq,t0.pc,6,20,6669,6672
seq,t1.pc,6,50,6670,6673
seq,t2.dl,12,12,6671,6674
seq,t2.pc,6,34,6671,6674
seq,t3.pc,6,0,6672,6675
seq,t0.dl,12,75,6673,6676
seq,t0.pc,6,20,6673,6676
seq,t1.pc,6,50,6674,6677
seq,t2.dl,12,11,6675,6678
seq,t2.pc,6,34,6675,6678
seq,t3.pc,6,0,6676,6679
seq,t0.dl,12,74,6677,6680
seq,t0.pc,6,20,6677,6680
seq,t1.pc,6,50,6678,6681
seq,t2.dl,12,10,6679,6682
seq,t2.pc,6,34,6679,6682
seq,t3.pc,6,0,6680,6683
seq,t0.dl,12,73,6681,6684
seq,t0.pc,6,20,6681,6684
seq,t1.pc,6,50,6682,6685
seq,t2.dl,12,9,6683,6686
seq,t2.pc,6,34,6683,6686
seq,t3.pc,6,0,6684,6687
seq,t0.dl,12,72,6685,6688
seq,t0.pc,6,20,6685,6688
seq,t1.pc,6,50,6686,6689
seq,t2.dl,12,8,6687,6690
seq,t2.pc,6,34,6687,6690
seq,t3.pc,6,0,6688,6691
seq,t0.dl,12,71,6689,6692
seq,t0.pc,6,20,6689,6692
seq,t1.pc,6,50,6690,6693
seq,t2.dl,12,7,6691,6694
seq,t2.pc,6,34,6691,6694
seq,t3.pc,6,0,6692,6695
seq,t0.dl,12,70,6693,6696
seq,t0.pc,6,20,6693,6696
seq,t1.pc,6,50,6694,6697
seq,t2.dl,12,6,6695,6698
seq,t2.pc,6,34,6695,6698
seq,t3.pc,6,0,6696,6699
seq,t0.dl,12,69,6697,6700
seq,t0.pc,6,20,6697,6700
seq,t1.pc,6,50,6698,6701
seq,t2.dl,12,5,6699,6702
seq,t2.pc,6,34,6699,6702
seq,t3.pc,6,0,6700,6703
seq,t0.dl,12,68,6701,6704
seq,t0.pc,6,20,6701,6704
seq,t1.pc,6,50,6702,6705
seq,t2.dl,12,4,6703,6706
seq,t2.pc,6,34,6703,6706
seq,t3.pc,6,0,6704,6707
seq,t0.dl,12,67,6705,6708
seq,t0.pc,6,20,6705,6708
seq,t1.pc,6,50,6706,6709
seq,t2.dl,12,3,6707,6710
seq,t2.pc,6,34,6707,6710
seq,t3.pc,6,0,6708,6711
seq,t0.dl,12,66,6709,6712
seq,t0.pc,6,20,6709,6712
seq,t1.pc,6,50,6710,6713
seq,t2.dl,12,2,6711,6714
seq,t2.pc,6,34,6711,6714
seq,t3.pc,6,0,6712,6715
seq,t0.dl,12,65,6713,6716
seq,t0.pc,6,20,6713,6716
seq,t1.pc,6,50,6714,6717
seq,t2.dl,12,1,6715,6718
seq,t2.pc,6,34,6715,6718
seq,t3.pc,6,0,6716,6719
seq,t0.dl,12,64,6717,6720
seq,t0.pc,6,20,6717,6720
seq,t1.pc,6,50,6718,6721
seq,t2.pc,6,34,6719,6722
seq,t3.pc,6,0,6720,6723
seq,t0.dl,12,63,6721,6724
seq,t0.pc,6,20,6721,6724
seq,t1.pc,6,50,6722,6725
seq,t2.pc,6,35,6723,6726
seq,t3.pc,6,0,6724,6727
seq,t0.dl,12,62,6725,6728
seq,t0.pc,6,20,6725,6728
seq,t1.pc,6,50,6726,6729
seq,t2.dl,12,0,6719,6722
seq,t2.pc,6,36,6727,6730
seq,t3.pc,6,0,6728,6731
seq,t0.dl,12,61,6729,6732
seq,t0.pc,6,20,6729,6732
seq,t1.pc,6,50,6730,6733
seq,t2.dl,12,59,6731,6734
seq,t2.pc,6,37,6731,6734
seq,t3.pc,6,0,6732,6735
seq,t0.dl,12,60,6733,6736
seq,t0.pc,6,20,6733,6736
seq,t1.pc,6,50,6734,6737
seq,t2.dl,12,58,6735,6738
seq,t2.pc,6,37,6735,6738
seq,t3.pc,6,0,6736,6739
seq,t0.dl,12,59,6737,6740
seq,t0.pc,6,20,6737,6740
seq,t1.pc,6,50,6738,6741
seq,t2.dl,12,57,6739,6742
seq,t2.pc,6,37,6739,6742
seq,t3.pc,6,0,6740,6743
seq,t0.dl,12,58,6741,6744
seq,t0.pc,6,20,6741,6744
seq,t1.pc,6,50,6742,6745
seq,t2.dl,12,56,6743,6746
seq,t2.pc,6,37,6743,6746
seq,t3.pc,6,0,6744,6747
seq,t0.dl,12,57,6745,6748
seq,t0.pc,6,20,6745,6748
seq,t1.pc,6,50,6746,6749
seq,t2.dl,12,55,6747,6750
seq,t2.pc,6,37,6747,6750
seq,t3.pc,6,0,6748,6751
seq,t0.dl,12,56,6749,6752
seq,t0.pc,6,20,6749,6752
seq,t1.pc,6,50,6750,6753
seq,t2.dl,12,54,6751,6754
seq,t2.pc,6,37,6751,6754
seq,t3.pc,6,0,6752,6755
seq,t0.dl,12,55,6753,6756
seq,t0.pc,6,20,6753,6756
seq,t1.pc,6,50,6754,6757
seq,t2.dl,12,53,6755,6758
seq,t2.pc,6,37,6755,6758
seq,t3.pc,6,0,6756,6759
seq,t0.dl,12,54,6757,6760
seq,t0.pc,6,20,6757,6760
seq,t1.pc,6,50,6758,6761
seq,t2.dl,12,52,6759,6762
seq,t2.pc,6,37,6759,6762
seq,t3.pc,6,0,6760,6763
seq,t0.dl,12,53,6761,6764
seq,t0.pc,6,20,6761,6764
seq,t1.pc,6,50,6762,6765
seq,t2.dl,12,51,6763,6766
seq,t2.pc,6,37,6763,6766
seq,t3.pc,6,0,6764,6767
seq,t0.dl,12,52,6765,6768
seq,t0.pc,6,20,6765,6768
seq,t1.pc,6,50,6766,6769
seq,t2.dl,12,50,6767,6770
seq,t2.pc,6,37,6767,6770
seq,t3.pc,6,0,6768,6771
seq,t0.dl,12,51,6769,6772
seq,t0.pc,6,20,6769,6772
seq,t1.pc,6,50,6770,6773
seq,t2.dl,12,49,6771,6774
seq,t2.pc,6,37,6771,6774
seq,t3.pc,6,0,6772,6775
seq,t0.dl,12,50,6773,6776
seq,t0.pc,6,20,6773,6776
seq,t1.pc,6,50,6774,6777
seq,t2.dl,12,48,6775,6778
seq,t2.pc,6,37,6775,6778
seq,t3.pc,6,0,6776,6779
seq,t0.dl,12,49,6777,6780
seq,t0.pc,6,20,6777,6780
seq,t1.pc,6,50,6778,6781
seq,t2.dl,12,47,6779,6782
seq,t2.pc,6,37,6779,6782
seq,t3.pc,6,0,6780,6783
seq,t0.dl,12,48,6781,6784
seq,t0.pc,6,20,6781,6784
seq,t1.pc,6,50,6782,6785
seq,t2.dl,12,46,6783,6786
seq,t2.pc,6,37,6783,6786
seq,t3.pc,6,0,6784,6787
seq,t0.dl,12,47,6785,6788
seq,t0.pc,6,20,6785,6788
seq,t1.pc,6,50,6786,6789
seq,t2.dl,12,45,6787,6790
seq,t2.pc,6,37,6787,6790
seq,t3.pc,6,0,6788,6791
seq,t0.dl,12,46,6789,6792
seq,t0.pc,6,20,6789,6792
seq,t1.pc,6,50,6790,6793
seq,t2.dl,12,44,6791,6794
seq,t2.pc,6,37,6791,6794
seq,t3.pc,6,0,6792,6795
seq,t0.dl,12,45,6793,6796
seq,t0.pc,6,20,6793,6796
seq,t1.pc,6,50,6794,6797
seq,t2.dl,12,43,6795,6798
seq,t2.pc,6,37,6795,6798
seq,t3.pc,6,0,6796,6799
seq,t0.dl,12,44,6797,6800
seq,t0.pc,6,20,6797,6800
seq,t1.pc,6,50,6798,6801
seq,t2.dl,12,42,6799,6802
seq,t2.pc,6,37,6799,6802
seq,t3.pc,6,0,6800,6803
seq,t0.dl,12,43,6801,6804
seq,t0.pc,6,20,6801,6804
seq,t1.pc,6,50,6802,6805
seq,t2.dl,12,41,6803,6806
seq,t2.pc,6,37,6803,6806
seq,t3.pc,6,0,6804,6807
seq,t0.dl,12,42,6805,6808
seq,t0.pc,6,20,6805,6808
seq,t1.pc,6,50,6806,6809
seq,t2.dl,12,40,6807,6810
seq,t2.pc,6,37,6807,6810
seq,t3.pc,6,0,6808,6811
seq,t0.dl,12,41,6809,6812
seq,t0.pc,6,20,6809,6812
seq,t1.pc,6,50,6810,6813
seq,t2.dl,12,39,6811,6814
seq,t2.pc,6,37,6811,6814
seq,t3.pc,6,0,6812,6815
seq,t0.dl,12,40,6813,6816
seq,t0.pc,6,20,6813,6816
seq,t1.pc,6,50,6814,6817
seq,t2.dl,12,38,6815,6818
seq,t2.pc,6,37,6815,6818
seq,t3.pc,6,0,6816,6819
seq,t0.dl,12,39,6817,6820
seq,t0.pc,6,20,6817,6820
seq,t1.pc,6,50,6818,6821
seq,t2.dl,12,37,6819,6822
seq,t2.pc,6,37,6819,6822
seq,t3.pc,6,0,6820,6823
seq,t0.dl,12,38,6821,6824
seq,t0.pc,6,20,6821,6824
seq,t1.pc,6,50,6822,6825
seq,t2.dl,12,36,6823,6826
seq,t2.pc,6,37,6823,6826
seq,t3.pc,6,0,6824,6827
seq,t0.dl,12,37,6825,6828
seq,t0.pc,6,20,6825,6828
seq,t1.pc,6,50,6826,6829
seq,t2.dl,12,35,6827,6830
seq,t2.pc,6,37,6827,6830
seq,t3.pc,6,0,6828,6831
seq,t0.dl,12,36,6829,6832
seq,t0.pc,6,20,6829,6832
seq,t1.pc,6,50,6830,6833
seq,t2.dl,12,34,6831,6834
seq,t2.pc,6,37,6831,6834
seq,t3.pc,6,0,6832,6835
seq,t0.dl,12,35,6833,6836
seq,t0.pc,6,20,6833,6836
seq,t1.pc,6,50,6834,6837
seq,t2.dl,12,33,6835,6838
seq,t2.pc,6,37,6835,6838
seq,t3.pc,6,0,6836,6839
seq,t0.dl,12,34,6837,6840
seq,t0.pc,6,20,6837,6840
seq,t1.pc,6,50,6838,6841
seq,t2.dl,12,32,6839,6842
seq,t2.pc,6,37,6839,6842
seq,t3.pc,6,0,6840,6843
seq,t0.dl,12,33,6841,6844
seq,t0.pc,6,20,6841,6844
seq,t1.pc,6,50,6842,6845
seq,t2.dl,12,31,6843,6846
seq,t2.pc,6,37,6843,6846
seq,t3.pc,6,0,6844,6847
seq,t0.dl,12,32,6845,6848
seq,t0.pc,6,20,6845,6848
seq,t1.pc,6,50,6846,6849
seq,t2.dl,12,30,6847,6850
seq,t2.pc,6,37,6847,6850
seq,t3.pc,6,0,6848,6851
seq,t0.dl,12,31,6849,6852
seq,t0.pc,6,20,6849,6852
seq,t1.pc,6,50,6850,6853
seq,t2.dl,12,29,6851,6854
seq,t2.pc,6,37,6851,6854
seq,t3.pc,6,0,6852,6855
seq,t0.dl,12,30,6853,6856
seq,t0.pc,6,20,6853,6856
seq,t1.pc,6,50,6854,6857
seq,t2.dl,12,28,6855,6858
seq,t2.pc,6,37,6855,6858
seq,t3.pc,6,0,6856,6859
seq,t0.dl,12,29,6857,6860
seq,t0.pc,6,20,6857,6860
seq,t1.pc,6,50,6858,6861
seq,t2.dl,12,27,6859,6862
seq,t2.pc,6,37,6859,6862
seq,t3.pc,6,0,6860,6863
seq,t0.dl,12,28,6861,6864
seq,t0.pc,6,20,6861,6864
seq,t1.pc,6,50,6862,6865
seq,t2.dl,12,26,6863,6866
seq,t2.pc,6,37,6863,6866
seq,t3.pc,6,0,6864,6867
seq,t0.dl,12,27,6865,6868
seq,t0.pc,6,20,6865,6868
seq,t1.pc,6,50,6866,6869
seq,t2.dl,12,25,6867,6870
seq,t2.pc,6,37,6867,6870
seq,t3.pc,6,0,6868,6871
seq,t0.dl,12,26,6869,6872
seq,t0.pc,6,20,6869,6872
seq,t1.pc,6,50,6870,6873
seq,t2.dl,12,24,6871,6874
seq,t2.pc,6,37,6871,6874
seq,t3.pc,6,0,6872,6875
seq,t0.dl,12,25,6873,6876
seq,t0.pc,6,20,6873,6876
seq,t1.pc,6,50,6874,6877
seq,t2.dl,12,23,6875,6878
seq,t2.pc,6,37,6875,6878
seq,t3.pc,6,0,6876,6879
seq,t0.dl,12,24,6877,6880
seq,t0.pc,6,20,6877,6880
seq,t1.pc,6,50,6878,6881
seq,t2.dl,12,22,6879,6882
seq,t2.pc,6,37,6879,6882
seq,t3.pc,6,0,6880,6883
seq,t0.dl,12,23,6881,6884
seq,t0.pc,6,20,6881,6884
seq,t1.pc,6,50,6882,6885
seq,t2.dl,12,21,6883,6886
seq,t2.pc,6,37,6883,6886
seq,t3.pc,6,0,6884,6887
seq,t0.dl,12,22,6885,6888
seq,t0.pc,6,20,6885,6888
seq,t1.pc,6,50,6886,6889
seq,t2.dl,12,20,6887,6890
seq,t2.pc,6,37,6887,6890
seq,t3.pc,6,0,6888,6891
seq,t0.dl,12,21,6889,6892
seq,t0.pc,6,20,6889,6892
seq,t1.pc,6,50,6890,6893
seq,t2.dl,12,19,6891,6894
seq,t2.pc,6,37,6891,6894
seq,t3.pc,6,0,6892,6895
seq,t0.dl,12,20,6893,6896
seq,t0.pc,6,20,6893,6896
seq,t1.pc,6,50,6894,6897
seq,t2.dl,12,18,6895,6898
seq,t2.pc,6,37,6895,6898
seq,t3.pc,6,0,6896,6899
seq,t0.dl,12,19,6897,6900
seq,t0.pc,6,20,6897,6900
seq,t1.pc,6,50,6898,6901
seq,t2.dl,12,17,6899,6902
seq,t2.pc,6,37,6899,6902
seq,t3.pc,6,0,6900,6903
seq,t0.dl,12,18,6901,6904
seq,t0.pc,6,20,6901,6904
seq,t1.pc,6,50,6902,6905
seq,t2.dl,12,16,6903,6906
seq,t2.pc,6,37,6903,6906
seq,t3.pc,6,0,6904,6907
seq,t0.dl,12,17,6905,6908
seq,t0.pc,6,20,6905,6908
seq,t1.pc,6,50,6906,6909
seq,t2.dl,12,15,6907,6910
seq,t2.pc,6,37,6907,6910
seq,t3.pc,6,0,6908,6911
seq,t0.dl,12,16,6909,6912
seq,t0.pc,6,20,6909,6912
seq,t1.pc,6,50,6910,6913
seq,t2.dl,12,14,6911,6914
seq,t2.pc,6,37,6911,6914
seq,t3.pc,6,0,6912,6915
seq,t0.dl,12,15,6913,6916
seq,t0.pc,6,20,6913,6916
seq,t1.pc,6,50,6914,6917
seq,t2.dl,12,13,6915,6918
seq,t2.pc,6,37,6915,6918
seq,t3.pc,6,0,6916,6919
seq,t0.dl,12,14,6917,6920
seq,t0.pc,6,20,6917,6920
seq,t1.pc,6,50,6918,6921
seq,t2.dl,12,12,6919,6922
seq,t2.pc,6,37,6919,6922
seq,t3.pc,6,0,6920,6923
seq,t0.dl,12,13,6921,6924
seq,t0.pc,6,20,6921,6924
seq,t1.pc,6,50,6922,6925
seq,t2.dl,12,11,6923,6926
seq,t2.pc,6,37,6923,6926
seq,t3.pc,6,0,6924,6927
seq,t0.dl,12,12,6925,6928
seq,t0.pc,6,20,6925,6928
seq,t1.pc,6,50,6926,6929
seq,t2.dl,12,10,6927,6930
seq,t2.pc,6,37,6927,6930
seq,t3.pc,6,0,6928,6931
seq,t0.dl,12,11,6929,6932
seq,t0.pc,6,20,6929,6932
seq,t1.pc,6,50,6930,6933
seq,t2.dl,12,9,6931,6934
seq,t2.pc,6,37,6931,6934
seq,t3.pc,6,0,6932,6935
seq,t0.dl,12,10,6933,6936
seq,t0.pc,6,20,6933,6936
seq,t1.pc,6,50,6934,6937
seq,t2.dl,12,8,6935,6938
seq,t2.pc,6,37,6935,6938
seq,t3.pc,6,0,6936,6939
seq,t0.dl,12,9,6937,6940
seq,t0.pc,6,20,6937,6940
seq,t1.pc,6,50,6938,6941
seq,t2.dl,12,7,6939,6942
seq,t2.pc,6,37,6939,6942
seq,t3.pc,6,0,6940,6943
seq,t0.dl,12,8,6941,6944
seq,t0.pc,6,20,6941,6944
seq,t1.pc,6,50,6942,6945
seq,t2.dl,12,6,6943,6946
seq,t2.pc,6,37,6943,6946
seq,t3.pc,6,0,6944,6947
seq,t0.dl,12,7,6945,6948
seq,t0.pc,6,20,6945,6948
seq,t1.pc,6,50,6946,6949
seq,t2.dl,12,5,6947,6950
seq,t2.pc,6,37,6947,6950
seq,t3.pc,6,0,6948,6951
seq,t0.dl,12,6,6949,6952
seq,t0.pc,6,20,6949,6952
seq,t1.pc,6,50,6950,6953
seq,t2.dl,12,4,6951,6954
seq,t2.pc,6,37,6951,6954
seq,t3.pc,6,0,6952,6955
seq,t0.dl,12,5,6953,6956
seq,t0.pc,6,20,6953,6956
seq,t1.pc,6,50,6954,6957
seq,t2.dl,12,3,6955,6958
seq,t2.pc,6,37,6955,6958
seq,t3.pc,6,0,6956,6959
seq,t0.dl,12,4,6957,6960
seq,t0.pc,6,20,6957,6960
seq,t1.pc,6,50,6958,6961
seq,t2.dl,12,2,6959,6962
seq,t2.pc,6,37,6959,6962
seq,t3.pc,6,0,6960,6963
seq,t0.dl,12,3,6961,6964
seq,t0.pc,6,20,6961,6964
seq,t1.pc,6,50,6962,6965
seq,t2.dl,12,1,6963,6966
seq,t2.pc,6,37,6963,6966
seq,t3.pc,6,0,6964,6967
seq,t0.dl,12,2,6965,6968
seq,t0.pc,6,20,6965,6968
seq,t1.pc,6,50,6966,6969
seq,t2.pc,6,37,6967,6970
seq,t3.pc,6,0,6968,6971
seq,t0.dl,12,1,6969,6972
seq,t0.pc,6,20,6969,6972
seq,t1.pc,6,50,6970,6973
seq,t2.pc,6,38,6971,6974
seq,t3.pc,6,0,6972,6975
seq,t0.pc,6,20,6973,6976
seq,t1.pc,6,50,6974,6977
seq,t2.dl,12,0,6967,6970
seq,t2.pc,6,39,6975,6978
seq,t3.pc,6,0,6976,6979
seq,t0.pc,6,21,6977,6980
seq,t1.pc,6,50,6978,6981
seq,t2.dl,12,27,6979,6982
seq,t2.pc,6,40,6979,6982
seq,t3.pc,6,0,6980,6983
seq,t0.acc,8,2,6549,6984
seq,t0.cnt,12,3,6549,6984
seq,t0.pc,6,18,6981,6984
seq,t1.pc,6,50,6982,6985
seq,t2.dl,12,26,6983,6986
seq,t2.pc,6,40,6983,6986
seq,t3.pc,6,0,6984,6987
seq,t0.dl,12,0,6973,6976
seq,t0.pc,6,19,6985,6988
seq,t1.pc,6,50,6986,6989
seq,t2.dl,12,25,6987,6990
seq,t2.pc,6,40,6987,6990
seq,t3.pc,6,0,6988,6991
seq,t0.dl,12,105,6989,6992
seq,t0.pc,6,20,6989,6992
seq,t1.pc,6,50,6990,6993
seq,t2.dl,12,24,6991,6994
seq,t2.pc,6,40,6991,6994
seq,t3.pc,6,0,6992,6995
seq,t0.dl,12,104,6993,6996
seq,t0.pc,6,20,6993,6996
seq,t1.pc,6,50,6994,6997
seq,t2.dl,12,23,6995,6998
seq,t2.pc,6,40,6995,6998
seq,t3.pc,6,0,6996,6999
seq,t0.dl,12,103,6997,7000
seq,t0.pc,6,20,6997,7000
seq,t1.pc,6,50,6998,7001
seq,t2.dl,12,22,6999,7002
seq,t2.pc,6,40,6999,7002
seq,t3.pc,6,0,7000,7003
seq,t0.dl,12,102,7001,7004
seq,t0.pc,6,20,7001,7004
seq,t1.pc,6,50,7002,7005
seq,t2.dl,12,21,7003,7006
seq,t2.pc,6,40,7003,7006
seq,t3.pc,6,0,7004,7007
seq,t0.dl,12,101,7005,7008
seq,t0.pc,6,20,7005,7008
seq,t1.pc,6,50,7006,7009
seq,t2.dl,12,20,7007,7010
seq,t2.pc,6,40,7007,7010
seq,t3.pc,6,0,7008,7011
seq,t0.dl,12,100,7009,7012
seq,t0.pc,6,20,7009,7012
seq,t1.pc,6,50,7010,7013
seq,t2.dl,12,19,7011,7014
seq,t2.pc,6,40,7011,7014
seq,t3.pc,6,0,7012,7015
seq,t0.dl,12,99,7013,7016
seq,t0.pc,6,20,7013,7016
seq,t1.pc,6,50,7014,7017
seq,t2.dl,12,18,7015,7018
seq,t2.pc,6,40,7015,7018
seq,t3.pc,6,0,7016,7019
seq,t0.dl,12,98,7017,7020
seq,t0.pc,6,20,7017,7020
seq,t1.pc,6,50,7018,7021
seq,t2.dl,12,17,7019,7022
seq,t2.pc,6,40,7019,7022
seq,t3.pc,6,0,7020,7023
seq,t0.dl,12,97,7021,7024
seq,t0.pc,6,20,7021,7024
seq,t1.pc,6,50,7022,7025
seq,t2.dl,12,16,7023,7026
seq,t2.pc,6,40,7023,7026
seq,t3.pc,6,0,7024,7027
seq,t0.dl,12,96,7025,7028
seq,t0.pc,6,20,7025,7028
seq,t1.pc,6,50,7026,7029
seq,t2.dl,12,15,7027,7030
seq,t2.pc,6,40,7027,7030
seq,t3.pc,6,0,7028,7031
seq,t0.dl,12,95,7029,7032
seq,t0.pc,6,20,7029,7032
seq,t1.pc,6,50,7030,7033
seq,t2.dl,12,14,7031,7034
seq,t2.pc,6,40,7031,7034
seq,t3.pc,6,0,7032,7035
seq,t0.dl,12,94,7033,7036
seq,t0.pc,6,20,7033,7036
seq,t1.pc,6,50,7034,7037
seq,t2.dl,12,13,7035,7038
seq,t2.pc,6,40,7035,7038
seq,t3.pc,6,0,7036,7039
seq,t0.dl,12,93,7037,7040
seq,t0.pc,6,20,7037,7040
seq,t1.pc,6,50,7038,7041
seq,t2.dl,12,12,7039,7042
seq,t2.pc,6,40,7039,7042
seq,t3.pc,6,0,7040,7043
seq,t0.dl,12,92,7041,7044
seq,t0.pc,6,20,7041,7044
seq,t1.pc,6,50,7042,7045
seq,t2.dl,12,11,7043,7046
seq,t2.pc,6,40,7043,7046
seq,t3.pc,6,0,7044,7047
seq,t0.dl,12,91,7045,7048
seq,t0.pc,6,20,7045,7048
seq,t1.pc,6,50,7046,7049
seq,t2.dl,12,10,7047,7050
seq,t2.pc,6,40,7047,7050
seq,t3.pc,6,0,7048,7051
seq,t0.dl,12,90,7049,7052
seq,t0.pc,6,20,7049,7052
seq,t1.pc,6,50,7050,7053
seq,t2.dl,12,9,7051,7054
seq,t2.pc,6,40,7051,7054
seq,t3.pc,6,0,7052,7055
seq,t0.dl,12,89,7053,7056
seq,t0.pc,6,20,7053,7056
seq,t1.pc,6,50,7054,7057
seq,t2.dl,12,8,7055,7058
seq,t2.pc,6,40,7055,7058
seq,t3.pc,6,0,7056,7059
seq,t0.dl,12,88,7057,7060
seq,t0.pc,6,20,7057,7060
seq,t1.pc,6,50,7058,7061
seq,t2.dl,12,7,7059,7062
seq,t2.pc,6,40,7059,7062
seq,t3.pc,6,0,7060,7063
seq,t0.dl,12,87,7061,7064
seq,t0.pc,6,20,7061,7064
seq,t1.pc,6,50,7062,7065
seq,t2.dl,12,6,7063,7066
seq,t2.pc,6,40,7063,7066
seq,t3.pc,6,0,7064,7067
seq,t0.dl,12,86,7065,7068
seq,t0.pc,6,20,7065,7068
seq,t1.pc,6,50,7066,7069
seq,t2.dl,12,5,7067,7070
seq,t2.pc,6,40,7067,7070
seq,t3.pc,6,0,7068,7071
seq,t0.dl,12,85,7069,7072
seq,t0.pc,6,20,7069,7072
seq,t1.pc,6,50,7070,7073
seq,t2.dl,12,4,7071,7074
seq,t2.pc,6,40,7071,7074
seq,t3.pc,6,0,7072,7075
seq,t0.dl,12,84,7073,7076
seq,t0.pc,6,20,7073,7076
seq,t1.pc,6,50,7074,7077
seq,t2.dl,12,3,7075,7078
seq,t2.pc,6,40,7075,7078
seq,t3.pc,6,0,7076,7079
seq,t0.dl,12,83,7077,7080
seq,t0.pc,6,20,7077,7080
seq,t1.pc,6,50,7078,7081
seq,t2.dl,12,2,7079,7082
seq,t2.pc,6,40,7079,7082
seq,t3.pc,6,0,7080,7083
seq,t0.dl,12,82,7081,7084
seq,t0.pc,6,20,7081,7084
seq,t1.pc,6,50,7082,7085
seq,t2.dl,12,1,7083,7086
seq,t2.pc,6,40,7083,7086
seq,t3.pc,6,0,7084,7087
seq,t0.dl,12,81,7085,7088
seq,t0.pc,6,20,7085,7088
seq,t1.pc,6,50,7086,7089
seq,t2.pc,6,40,7087,7090
seq,t3.pc,6,0,7088,7091
seq,t0.dl,12,80,7089,7092
seq,t0.pc,6,20,7089,7092
seq,t1.pc,6,50,7090,7093
seq,t2.pc,6,41,7091,7094
seq,t3.pc,6,0,7092,7095
seq,t0.dl,12,79,7093,7096
seq,t0.pc,6,20,7093,7096
seq,t1.pc,6,50,7094,7097
seq,t2.acc,8,64,6603,7098
seq,t2.cnt,12,3,6603,7098
seq,t2.pc,6,32,7095,7098
seq,t3.pc,6,0,7096,7099
seq,t0.dl,12,78,7097,7100
seq,t0.pc,6,20,7097,7100
seq,t1.pc,6,50,7098,7101
seq,t2.dl,12,0,7087,7090
seq,t2.pc,6,33,7099,7102
seq,t3.pc,6,0,7100,7103
seq,t0.dl,12,77,7101,7104
seq,t0.pc,6,20,7101,7104
seq,t1.pc,6,50,7102,7105
seq,t2.dl,12,28,7103,7106
seq,t2.pc,6,34,7103,7106
seq,t3.pc,6,0,7104,7107
seq,t0.dl,12,76,7105,7108
seq,t0.pc,6,20,7105,7108
seq,t1.pc,6,50,7106,7109
seq,t2.dl,12,27,7107,7110
seq,t2.pc,6,34,7107,7110
seq,t3.pc,6,0,7108,7111
seq,t0.dl,12,75,7109,7112
seq,t0.pc,6,20,7109,7112
seq,t1.pc,6,50,7110,7113
seq,t2.dl,12,26,7111,7114
seq,t2.pc,6,34,7111,7114
seq,t3.pc,6,0,7112,7115
seq,t0.dl,12,74,7113,7116
seq,t0.pc,6,20,7113,7116
seq,t1.pc,6,50,7114,7117
seq,t2.dl,12,25,7115,7118
seq,t2.pc,6,34,7115,7118
seq,t3.pc,6,0,7116,7119
seq,t0.dl,12,73,7117,7120
seq,t0.pc,6,20,7117,7120
seq,t1.pc,6,50,7118,7121
seq,t2.dl,12,24,7119,7122
seq,t2.pc,6,34,7119,7122
seq,t3.pc,6,0,7120,7123
seq,t0.dl,12,72,7121,7124
seq,t0.pc,6,20,7121,7124
seq,t1.pc,6,50,7122,7125
seq,t2.dl,12,23,7123,7126
seq,t2.pc,6,34,7123,7126
seq,t3.pc,6,0,7124,7127
seq,t0.dl,12,71,7125,7128
seq,t0.pc,6,20,7125,7128
seq,t1.pc,6,50,7126,7129
seq,t2.dl,12,22,7127,7130
seq,t2.pc,6,34,7127,7130
seq,t3.pc,6,0,7128,7131
seq,t0.dl,12,70,7129,7132
seq,t0.pc,6,20,7129,7132
seq,t1.pc,6,50,7130,7133
seq,t2.dl,12,21,7131,7134
seq,t2.pc,6,34,7131,7134
seq,t3.pc,6,0,7132,7135
seq,t0.dl,12,69,7133,7136
seq,t0.pc,6,20,7133,7136
seq,t1.pc,6,50,7134,7137
seq,t2.dl,12,20,7135,7138
seq,t2.pc,6,34,7135,7138
seq,t3.pc,6,0,7136,7139
seq,t0.dl,12,68,7137,7140
seq,t0.pc,6,20,7137,7140
seq,t1.pc,6,50,7138,7141
seq,t2.dl,12,19,7139,7142
seq,t2.pc,6,34,7139,7142
seq,t3.pc,6,0,7140,7143
seq,t0.dl,12,67,7141,7144
seq,t0.pc,6,20,7141,7144
seq,t1.pc,6,50,7142,7145
seq,t2.dl,12,18,7143,7146
seq,t2.pc,6,34,7143,7146
seq,t3.pc,6,0,7144,7147
seq,t0.dl,12,66,7145,7148
seq,t0.pc,6,20,7145,7148
seq,t1.pc,6,50,7146,7149
seq,t2.dl,12,17,7147,7150
seq,t2.pc,6,34,7147,7150
seq,t3.pc,6,0,7148,7151
seq,t0.dl,12,65,7149,7152
seq,t0.pc,6,20,7149,7152
seq,t1.pc,6,50,7150,7153
seq,t2.dl,12,16,7151,7154
seq,t2.pc,6,34,7151,7154
seq,t3.pc,6,0,7152,7155
seq,t0.dl,12,64,7153,7156
seq,t0.pc,6,20,7153,7156
seq,t1.pc,6,50,7154,7157
seq,t2.dl,12,15,7155,7158
seq,t2.pc,6,34,7155,7158
seq,t3.pc,6,0,7156,7159
seq,t0.dl,12,63,7157,7160
seq,t0.pc,6,20,7157,7160
seq,t1.pc,6,50,7158,7161
seq,t2.dl,12,14,7159,7162
seq,t2.pc,6,34,7159,7162
seq,t3.pc,6,0,7160,7163
seq,t0.dl,12,62,7161,7164
seq,t0.pc,6,20,7161,7164
seq,t1.pc,6,50,7162,7165
seq,t2.dl,12,13,7163,7166
seq,t2.pc,6,34,7163,7166
seq,t3.pc,6,0,7164,7167
seq,t0.dl,12,61,7165,7168
seq,t0.pc,6,20,7165,7168
seq,t1.pc,6,50,7166,7169
seq,t2.dl,12,12,7167,7170
seq,t2.pc,6,34,7167,7170
seq,t3.pc,6,0,7168,7171
seq,t0.dl,12,60,7169,7172
seq,t0.pc,6,20,7169,7172
seq,t1.pc,6,50,7170,7173
seq,t2.dl,12,11,7171,7174
seq,t2.pc,6,34,7171,7174
seq,t3.pc,6,0,7172,7175
seq,t0.dl,12,59,7173,7176
seq,t0.pc,6,20,7173,7176
seq,t1.pc,6,50,7174,7177
seq,t2.dl,12,10,7175,7178
seq,t2.pc,6,34,7175,7178
seq,t3.pc,6,0,7176,7179
seq,t0.dl,12,58,7177,7180
seq,t0.pc,6,20,7177,7180
seq,t1.pc,6,50,7178,7181
seq,t2.dl,12,9,7179,7182
seq,t2.pc,6,34,7179,7182
seq,t3.pc,6,0,7180,7183
seq,t0.dl,12,57,7181,7184
seq,t0.pc,6,20,7181,7184
seq,t1.pc,6,50,7182,7185
seq,t2.dl,12,8,7183,7186
seq,t2.pc,6,34,7183,7186
seq,t3.pc,6,0,7184,7187
seq,t0.dl,12,56,7185,7188
seq,t0.pc,6,20,7185,7188
seq,t1.pc,6,50,7186,7189
seq,t2.dl,12,7,7187,7190
seq,t2.pc,6,34,7187,7190
seq,t3.pc,6,0,7188,7191
seq,t0.dl,12,55,7189,7192
seq,t0.pc,6,20,7189,7192
seq,t1.pc,6,50,7190,7193
seq,t2.dl,12,6,7191,7194
seq,t2.pc,6,34,7191,7194
seq,t3.pc,6,0,7192,7195
seq,t0.dl,12,54,7193,7196
seq,t0.pc,6,20,7193,7196
seq,t1.pc,6,50,7194,7197
seq,t2.dl,12,5,7195,7198
seq,t2.pc,6,34,7195,7198
seq,t3.pc,6,0,7196,7199
seq,t0.dl,12,53,7197,7200
seq,t0.pc,6,20,7197,7200
seq,t1.pc,6,50,7198,7201
seq,t2.dl,12,4,7199,7202
seq,t2.pc,6,34,7199,7202
seq,t3.pc,6,0,7200,7203
seq,t0.dl,12,52,7201,7204
seq,t0.pc,6,20,7201,7204
seq,t1.pc,6,50,7202,7205
seq,t2.dl,12,3,7203,7206
seq,t2.pc,6,34,7203,7206
seq,t3.pc,6,0,7204,7207
seq,t0.dl,12,51,7205,7208
seq,t0.pc,6,20,7205,7208
seq,t1.pc,6,50,7206,7209
seq,t2.dl,12,2,7207,7210
seq,t2.pc,6,34,7207,7210
seq,t3.pc,6,0,7208,7211
seq,t0.dl,12,50,7209,7212
seq,t0.pc,6,20,7209,7212
seq,t1.pc,6,50,7210,7213
seq,t2.dl,12,1,7211,7214
seq,t2.pc,6,34,7211,7214
seq,t3.pc,6,0,7212,7215
seq,t0.dl,12,49,7213,7216
seq,t0.pc,6,20,7213,7216
seq,t1.pc,6,50,7214,7217
seq,t2.pc,6,34,7215,7218
seq,t3.pc,6,0,7216,7219
seq,t0.dl,12,48,7217,7220
seq,t0.pc,6,20,7217,7220
seq,t1.pc,6,50,7218,7221
seq,t2.pc,6,35,7219,7222
seq,t3.pc,6,0,7220,7223
seq,t0.dl,12,47,7221,7224
seq,t0.pc,6,20,7221,7224
seq,t1.pc,6,50,7222,7225
seq,t2.dl,12,0,7215,7218
seq,t2.pc,6,36,7223,7226
seq,t3.pc,6,0,7224,7227
seq,t0.dl,12,46,7225,7228
seq,t0.pc,6,20,7225,7228
seq,t1.pc,6,50,7226,7229
seq,t2.dl,12,59,7227,7230
seq,t2.pc,6,37,7227,7230
seq,t3.pc,6,0,7228,7231
seq,t0.dl,12,45,7229,7232
seq,t0.pc,6,20,7229,7232
seq,t1.pc,6,50,7230,7233
seq,t2.dl,12,58,7231,7234
seq,t2.pc,6,37,7231,7234
seq,t3.pc,6,0,7232,7235
seq,t0.dl,12,44,7233,7236
seq,t0.pc,6,20,7233,7236
seq,t1.pc,6,50,7234,7237
seq,t2.dl,12,57,7235,7238
seq,t2.pc,6,37,7235,7238
seq,t3.pc,6,0,7236,7239
seq,t0.dl,12,43,7237,7240
seq,t0.pc,6,20,7237,7240
seq,t1.pc,6,50,7238,7241
seq,t2.dl,12,56,7239,7242
seq,t2.pc,6,37,7239,7242
seq,t3.pc,6,0,7240,7243
seq,t0.dl,12,42,7241,7244
seq,t0.pc,6,20,7241,7244
seq,t1.pc,6,50,7242,7245
seq,t2.dl,12,55,7243,7246
seq,t2.pc,6,37,7243,7246
seq,t3.pc,6,0,7244,7247
seq,t0.dl,12,41,7245,7248
seq,t0.pc,6,20,7245,7248
seq,t1.pc,6,50,7246,7249
seq,t2.dl,12,54,7247,7250
seq,t2.pc,6,37,7247,7250
seq,t3.pc,6,0,7248,7251
seq,t0.dl,12,40,7249,7252
seq,t0.pc,6,20,7249,7252
seq,t1.pc,6,50,7250,7253
seq,t2.dl,12,53,7251,7254
seq,t2.pc,6,37,7251,7254
seq,t3.pc,6,0,7252,7255
seq,t0.dl,12,39,7253,7256
seq,t0.pc,6,20,7253,7256
seq,t1.pc,6,50,7254,7257
seq,t2.dl,12,52,7255,7258
seq,t2.pc,6,37,7255,7258
seq,t3.pc,6,0,7256,7259
seq,t0.dl,12,38,7257,7260
seq,t0.pc,6,20,7257,7260
seq,t1.pc,6,50,7258,7261
seq,t2.dl,12,51,7259,7262
seq,t2.pc,6,37,7259,7262
seq,t3.pc,6,0,7260,7263
seq,t0.dl,12,37,7261,7264
seq,t0.pc,6,20,7261,7264
seq,t1.pc,6,50,7262,7265
seq,t2.dl,12,50,7263,7266
seq,t2.pc,6,37,7263,7266
seq,t3.pc,6,0,7264,7267
seq,t0.dl,12,36,7265,7268
seq,t0.pc,6,20,7265,7268
seq,t1.pc,6,50,7266,7269
seq,t2.dl,12,49,7267,7270
seq,t2.pc,6,37,7267,7270
seq,t3.pc,6,0,7268,7271
seq,t0.dl,12,35,7269,7272
seq,t0.pc,6,20,7269,7272
seq,t1.pc,6,50,7270,7273
seq,t2.dl,12,48,7271,7274
seq,t2.pc,6,37,7271,7274
seq,t3.pc,6,0,7272,7275
seq,t0.dl,12,34,7273,7276
seq,t0.pc,6,20,7273,7276
seq,t1.pc,6,50,7274,7277
seq,t2.dl,12,47,7275,7278
seq,t2.pc,6,37,7275,7278
seq,t3.pc,6,0,7276,7279
seq,t0.dl,12,33,7277,7280
seq,t0.pc,6,20,7277,7280
seq,t1.pc,6,50,7278,7281
seq,t2.dl,12,46,7279,7282
seq,t2.pc,6,37,7279,7282
seq,t3.pc,6,0,7280,7283
seq,t0.dl,12,32,7281,7284
seq,t0.pc,6,20,7281,7284
seq,t1.pc,6,50,7282,7285
seq,t2.dl,12,45,7283,7286
seq,t2.pc,6,37,7283,7286
seq,t3.pc,6,0,7284,7287
seq,t0.dl,12,31,7285,7288
seq,t0.pc,6,20,7285,7288
seq,t1.pc,6,50,7286,7289
seq,t2.dl,12,44,7287,7290
seq,t2.pc,6,37,7287,7290
seq,t3.pc,6,0,7288,7291
seq,t0.dl,12,30,7289,7292
seq,t0.pc,6,20,7289,7292
seq,t1.pc,6,50,7290,7293
seq,t2.dl,12,43,7291,7294
seq,t2.pc,6,37,7291,7294
seq,t3.pc,6,0,7292,7295
seq,t0.dl,12,29,7293,7296
seq,t0.pc,6,20,7293,7296
seq,t1.pc,6,50,7294,7297
seq,t2.dl,12,42,7295,7298
seq,t2.pc,6,37,7295,7298
seq,t3.pc,6,0,7296,7299
seq,t0.dl,12,28,7297,7300
seq,t0.pc,6,20,7297,7300
seq,t1.pc,6,50,7298,7301
seq,t2.dl,12,41,7299,7302
seq,t2.pc,6,37,7299,7302
seq,t3.pc,6,0,7300,7303
seq,t0.dl,12,27,7301,7304
seq,t0.pc,6,20,7301,7304
seq,t1.pc,6,50,7302,7305
seq,t2.dl,12,40,7303,7306
seq,t2.pc,6,37,7303,7306
seq,t3.pc,6,0,7304,7307
seq,t0.dl,12,26,7305,7308
seq,t0.pc,6,20,7305,7308
seq,t1.pc,6,50,7306,7309
seq,t2.dl,12,39,7307,7310
seq,t2.pc,6,37,7307,7310
seq,t3.pc,6,0,7308,7311
seq,t0.dl,12,25,7309,7312
seq,t0.pc,6,20,7309,7312
seq,t1.pc,6,50,7310,7313
seq,t2.dl,12,38,7311,7314
seq,t2.pc,6,37,7311,7314
seq,t3.pc,6,0,7312,7315
seq,t0.dl,12,24,7313,7316
seq,t0.pc,6,20,7313,7316
seq,t1.pc,6,50,7314,7317
seq,t2.dl,12,37,7315,7318
seq,t2.pc,6,37,7315,7318
seq,t3.pc,6,0,7316,7319
seq,t0.dl,12,23,7317,7320
seq,t0.pc,6,20,7317,7320
seq,t1.pc,6,50,7318,7321
seq,t2.dl,12,36,7319,7322
seq,t2.pc,6,37,7319,7322
seq,t3.pc,6,0,7320,7323
seq,t0.dl,12,22,7321,7324
seq,t0.pc,6,20,7321,7324
seq,t1.pc,6,50,7322,7325
seq,t2.dl,12,35,7323,7326
seq,t2.pc,6,37,7323,7326
seq,t3.pc,6,0,7324,7327
seq,t0.dl,12,21,7325,7328
seq,t0.pc,6,20,7325,7328
seq,t1.pc,6,50,7326,7329
seq,t2.dl,12,34,7327,7330
seq,t2.pc,6,37,7327,7330
seq,t3.pc,6,0,7328,7331
seq,t0.dl,12,20,7329,7332
seq,t0.pc,6,20,7329,7332
seq,t1.pc,6,50,7330,7333
seq,t2.dl,12,33,7331,7334
seq,t2.pc,6,37,7331,7334
seq,t3.pc,6,0,7332,7335
seq,t0.dl,12,19,7333,7336
seq,t0.pc,6,20,7333,7336
seq,t1.pc,6,50,7334,7337
seq,t2.dl,12,32,7335,7338
seq,t2.pc,6,37,7335,7338
seq,t3.pc,6,0,7336,7339
seq,t0.dl,12,18,7337,7340
seq,t0.pc,6,20,7337,7340
seq,t1.pc,6,50,7338,7341
seq,t2.dl,12,31,7339,7342
seq,t2.pc,6,37,7339,7342
seq,t3.pc,6,0,7340,7343
seq,t0.dl,12,17,7341,7344
seq,t0.pc,6,20,7341,7344
seq,t1.pc,6,50,7342,7345
seq,t2.dl,12,30,7343,7346
seq,t2.pc,6,37,7343,7346
seq,t3.pc,6,0,7344,7347
seq,t0.dl,12,16,7345,7348
seq,t0.pc,6,20,7345,7348
seq,t1.pc,6,50,7346,7349
seq,t2.dl,12,29,7347,7350
seq,t2.pc,6,37,7347,7350
seq,t3.pc,6,0,7348,7351
seq,t0.dl,12,15,7349,7352
seq,t0.pc,6,20,7349,7352
seq,t1.pc,6,50,7350,7353
seq,t2.dl,12,28,7351,7354
seq,t2.pc,6,37,7351,7354
seq,t3.pc,6,0,7352,7355
seq,t0.dl,12,14,7353,7356
seq,t0.pc,6,20,7353,7356
seq,t1.pc,6,50,7354,7357
seq,t2.dl,12,27,7355,7358
seq,t2.pc,6,37,7355,7358
seq,t3.pc,6,0,7356,7359
seq,t0.dl,12,13,7357,7360
seq,t0.pc,6,20,7357,7360
seq,t1.pc,6,50,7358,7361
seq,t2.dl,12,26,7359,7362
seq,t2.pc,6,37,7359,7362
seq,t3.pc,6,0,7360,7363
seq,t0.dl,12,12,7361,7364
seq,t0.pc,6,20,7361,7364
seq,t1.pc,6,50,7362,7365
seq,t2.dl,12,25,7363,7366
seq,t2.pc,6,37,7363,7366
seq,t3.pc,6,0,7364,7367
seq,t0.dl,12,11,7365,7368
seq,t0.pc,6,20,7365,7368
seq,t1.pc,6,50,7366,7369
seq,t2.dl,12,24,7367,7370
seq,t2.pc,6,37,7367,7370
seq,t3.pc,6,0,7368,7371
seq,t0.dl,12,10,7369,7372
seq,t0.pc,6,20,7369,7372
seq,t1.pc,6,50,7370,7373
seq,t2.dl,12,23,7371,7374
seq,t2.pc,6,37,7371,7374
seq,t3.pc,6,0,7372,7375
seq,t0.dl,12,9,7373,7376
seq,t0.pc,6,20,7373,7376
seq,t1.pc,6,50,7374,7377
seq,t2.dl,12,22,7375,7378
seq,t2.pc,6,37,7375,7378
seq,t3.pc,6,0,7376,7379
seq,t0.dl,12,8,7377,7380
seq,t0.pc,6,20,7377,7380
seq,t1.pc,6,50,7378,7381
seq,t2.dl,12,21,7379,7382
seq,t2.pc,6,37,7379,7382
seq,t3.pc,6,0,7380,7383
seq,t0.dl,12,7,7381,7384
seq,t0.pc,6,20,7381,7384
seq,t1.pc,6,50,7382,7385
seq,t2.dl,12,20,7383,7386
seq,t2.pc,6,37,7383,7386
seq,t3.pc,6,0,7384,7387
seq,t0.dl,12,6,7385,7388
seq,t0.pc,6,20,7385,7388
seq,t1.pc,6,50,7386,7389
seq,t2.dl,12,19,7387,7390
seq,t2.pc,6,37,7387,7390
seq,t3.pc,6,0,7388,7391
seq,t0.dl,12,5,7389,7392
seq,t0.pc,6,20,7389,7392
seq,t1.pc,6,50,7390,7393
seq,t2.dl,12,18,7391,7394
seq,t2.pc,6,37,7391,7394
seq,t3.pc,6,0,7392,7395
seq,t0.dl,12,4,7393,7396
seq,t0.pc,6,20,7393,7396
seq,t1.pc,6,50,7394,7397
seq,t2.dl,12,17,7395,7398
seq,t2.pc,6,37,7395,7398
seq,t3.pc,6,0,7396,7399
seq,t0.dl,12,3,7397,7400
seq,t0.pc,6,20,7397,7400
seq,t1.pc,6,50,7398,7401
seq,t2.dl,12,16,7399,7402
seq,t2.pc,6,37,7399,7402
seq,t3.pc,6,0,7400,7403
seq,t0.dl,12,2,7401,7404
seq,t0.pc,6,20,7401,7404
seq,t1.pc,6,50,7402,7405
seq,t2.dl,12,15,7403,7406
seq,t2.pc,6,37,7403,7406
seq,t3.pc,6,0,7404,7407
seq,t0.dl,12,1,7405,7408
seq,t0.pc,6,20,7405,7408
seq,t1.pc,6,50,7406,7409
seq,t2.dl,12,14,7407,7410
seq,t2.pc,6,37,7407,7410
seq,t3.pc,6,0,7408,7411
seq,t0.pc,6,20,7409,7412
seq,t1.pc,6,50,7410,7413
seq,t2.dl,12,13,7411,7414
seq,t2.pc,6,37,7411,7414
seq,t3.pc,6,0,7412,7415
seq,t0.pc,6,21,7413,7416
seq,t1.pc,6,50,7414,7417
seq,t2.dl,12,12,7415,7418
seq,t2.pc,6,37,7415,7418
seq,t3.pc,6,0,7416,7419
seq,t0.acc,8,1,6985,7420
seq,t0.cnt,12,2,6985,7420
seq,t0.pc,6,18,7417,7420
seq,t1.pc,6,50,7418,7421
seq,t2.dl,12,11,7419,7422
seq,t2.pc,6,37,7419,7422
seq,t3.pc,6,0,7420,7423
seq,t0.dl,12,0,7409,7412
seq,t0.pc,6,19,7421,7424
seq,t1.pc,6,50,7422,7425
seq,t2.dl,12,10,7423,7426
seq,t2.pc,6,37,7423,7426
seq,t3.pc,6,0,7424,7427
seq,t0.dl,12,105,7425,7428
seq,t0.pc,6,20,7425,7428
seq,t1.pc,6,50,7426,7429
seq,t2.dl,12,9,7427,7430
seq,t2.pc,6,37,7427,7430
seq,t3.pc,6,0,7428,7431
seq,t0.dl,12,104,7429,7432
seq,t0.pc,6,20,7429,7432
seq,t1.pc,6,50,7430,7433
seq,t2.dl,12,8,7431,7434
seq,t2.pc,6,37,7431,7434
seq,t3.pc,6,0,7432,7435
seq,t0.dl,12,103,7433,7436
seq,t0.pc,6,20,7433,7436
seq,t1.pc,6,50,7434,7437
seq,t2.dl,12,7,7435,7438
seq,t2.pc,6,37,7435,7438
seq,t3.pc,6,0,7436,7439
seq,t0.dl,12,102,7437,7440
seq,t0.pc,6,20,7437,7440
seq,t1.pc,6,50,7438,7441
seq,t2.dl,12,6,7439,7442
seq,t2.pc,6,37,7439,7442
seq,t3.pc,6,0,7440,7443
seq,t0.dl,12,101,7441,7444
seq,t0.pc,6,20,7441,7444
seq,t1.pc,6,50,7442,7445
seq,t2.dl,12,5,7443,7446
seq,t2.pc,6,37,7443,7446
seq,t3.pc,6,0,7444,7447
seq,t0.dl,12,100,7445,7448
seq,t0.pc,6,20,7445,7448
seq,t1.pc,6,50,7446,7449
seq,t2.dl,12,4,7447,7450
seq,t2.pc,6,37,7447,7450
seq,t3.pc,6,0,7448,7451
seq,t0.dl,12,99,7449,7452
seq,t0.pc,6,20,7449,7452
seq,t1.pc,6,50,7450,7453
seq,t2.dl,12,3,7451,7454
seq,t2.pc,6,37,7451,7454
seq,t3.pc,6,0,7452,7455
seq,t0.dl,12,98,7453,7456
seq,t0.pc,6,20,7453,7456
seq,t1.pc,6,50,7454,7457
seq,t2.dl,12,2,7455,7458
seq,t2.pc,6,37,7455,7458
seq,t3.pc,6,0,7456,7459
seq,t0.dl,12,97,7457,7460
seq,t0.pc,6,20,7457,7460
seq,t1.pc,6,50,7458,7461
seq,t2.dl,12,1,7459,7462
seq,t2.pc,6,37,7459,7462
seq,t3.pc,6,0,7460,7463
seq,t0.dl,12,96,7461,7464
seq,t0.pc,6,20,7461,7464
seq,t1.pc,6,50,7462,7465
seq,t2.pc,6,37,7463,7466
seq,t3.pc,6,0,7464,7467
seq,t0.dl,12,95,7465,7468
seq,t0.pc,6,20,7465,7468
seq,t1.pc,6,50,7466,7469
seq,t2.pc,6,38,7467,7470
seq,t3.pc,6,0,7468,7471
seq,t0.dl,12,94,7469,7472
seq,t0.pc,6,20,7469,7472
seq,t1.pc,6,50,7470,7473
seq,t2.dl,12,0,7463,7466
seq,t2.pc,6,39,7471,7474
seq,t3.pc,6,0,7472,7475
seq,t0.dl,12,93,7473,7476
seq,t0.pc,6,20,7473,7476
seq,t1.pc,6,50,7474,7477
seq,t2.dl,12,27,7475,7478
seq,t2.pc,6,40,7475,7478
seq,t3.pc,6,0,7476,7479
seq,t0.dl,12,92,7477,7480
seq,t0.pc,6,20,7477,7480
seq,t1.pc,6,50,7478,7481
seq,t2.dl,12,26,7479,7482
seq,t2.pc,6,40,7479,7482
seq,t3.pc,6,0,7480,7483
seq,t0.dl,12,91,7481,7484
seq,t0.pc,6,20,7481,7484
seq,t1.pc,6,50,7482,7485
seq,t2.dl,12,25,7483,7486
seq,t2.pc,6,40,7483,7486
seq,t3.pc,6,0,7484,7487
seq,t0.dl,12,90,7485,7488
seq,t0.pc,6,20,7485,7488
seq,t1.pc,6,50,7486,7489
seq,t2.dl,12,24,7487,7490
seq,t2.pc,6,40,7487,7490
seq,t3.pc,6,0,7488,7491
seq,t0.dl,12,89,7489,7492
seq,t0.pc,6,20,7489,7492
seq,t1.pc,6,50,7490,7493
seq,t2.dl,12,23,7491,7494
seq,t2.pc,6,40,7491,7494
seq,t3.pc,6,0,7492,7495
seq,t0.dl,12,88,7493,7496
seq,t0.pc,6,20,7493,7496
seq,t1.pc,6,50,7494,7497
seq,t2.dl,12,22,7495,7498
seq,t2.pc,6,40,7495,7498
seq,t3.pc,6,0,7496,7499
seq,t0.dl,12,87,7497,7500
seq,t0.pc,6,20,7497,7500
seq,t1.pc,6,50,7498,7501
seq,t2.dl,12,21,7499,7502
seq,t2.pc,6,40,7499,7502
seq,t3.pc,6,0,7500,7503
seq,t0.dl,12,86,7501,7504
seq,t0.pc,6,20,7501,7504
seq,t1.pc,6,50,7502,7505
seq,t2.dl,12,20,7503,7506
seq,t2.pc,6,40,7503,7506
seq,t3.pc,6,0,7504,7507
seq,t0.dl,12,85,7505,7508
seq,t0.pc,6,20,7505,7508
seq,t1.pc,6,50,7506,7509
seq,t2.dl,12,19,7507,7510
seq,t2.pc,6,40,7507,7510
seq,t3.pc,6,0,7508,7511
seq,t0.dl,12,84,7509,7512
seq,t0.pc,6,20,7509,7512
seq,t1.pc,6,50,7510,7513
seq,t2.dl,12,18,7511,7514
seq,t2.pc,6,40,7511,7514
seq,t3.pc,6,0,7512,7515
seq,t0.dl,12,83,7513,7516
seq,t0.pc,6,20,7513,7516
seq,t1.pc,6,50,7514,7517
seq,t2.dl,12,17,7515,7518
seq,t2.pc,6,40,7515,7518
seq,t3.pc,6,0,7516,7519
seq,t0.dl,12,82,7517,7520
seq,t0.pc,6,20,7517,7520
seq,t1.pc,6,50,7518,7521
seq,t2.dl,12,16,7519,7522
seq,t2.pc,6,40,7519,7522
seq,t3.pc,6,0,7520,7523
seq,t0.dl,12,81,7521,7524
seq,t0.pc,6,20,7521,7524
seq,t1.pc,6,50,7522,7525
seq,t2.dl,12,15,7523,7526
seq,t2.pc,6,40,7523,7526
seq,t3.pc,6,0,7524,7527
seq,t0.dl,12,80,7525,7528
seq,t0.pc,6,20,7525,7528
seq,t1.pc,6,50,7526,7529
seq,t2.dl,12,14,7527,7530
seq,t2.pc,6,40,7527,7530
seq,t3.pc,6,0,7528,7531
seq,t0.dl,12,79,7529,7532
seq,t0.pc,6,20,7529,7532
seq,t1.pc,6,50,7530,7533
seq,t2.dl,12,13,7531,7534
seq,t2.pc,6,40,7531,7534
seq,t3.pc,6,0,7532,7535
seq,t0.dl,12,78,7533,7536
seq,t0.pc,6,20,7533,7536
seq,t1.pc,6,50,7534,7537
seq,t2.dl,12,12,7535,7538
seq,t2.pc,6,40,7535,7538
seq,t3.pc,6,0,7536,7539
seq,t0.dl,12,77,7537,7540
seq,t0.pc,6,20,7537,7540
seq,t1.pc,6,50,7538,7541
seq,t2.dl,12,11,7539,7542
seq,t2.pc,6,40,7539,7542
seq,t3.pc,6,0,7540,7543
seq,t0.dl,12,76,7541,7544
seq,t0.pc,6,20,7541,7544
seq,t1.pc,6,50,7542,7545
seq,t2.dl,12,10,7543,7546
seq,t2.pc,6,40,7543,7546
seq,t3.pc,6,0,7544,7547
seq,t0.dl,12,75,7545,7548
seq,t0.pc,6,20,7545,7548
seq,t1.pc,6,50,7546,7549
seq,t2.dl,12,9,7547,7550
seq,t2.pc,6,40,7547,7550
seq,t3.pc,6,0,7548,7551
seq,t0.dl,12,74,7549,7552
seq,t0.pc,6,20,7549,7552
seq,t1.pc,6,50,7550,7553
seq,t2.dl,12,8,7551,7554
seq,t2.pc,6,40,7551,7554
seq,t3.pc,6,0,7552,7555
seq,t0.dl,12,73,7553,7556
seq,t0.pc,6,20,7553,7556
seq,t1.pc,6,50,7554,7557
seq,t2.dl,12,7,7555,7558
seq,t2.pc,6,40,7555,7558
seq,t3.pc,6,0,7556,7559
seq,t0.dl,12,72,7557,7560
seq,t0.pc,6,20,7557,7560
seq,t1.pc,6,50,7558,7561
seq,t2.dl,12,6,7559,7562
seq,t2.pc,6,40,7559,7562
seq,t3.pc,6,0,7560,7563
seq,t0.dl,12,71,7561,7564
seq,t0.pc,6,20,7561,7564
seq,t1.pc,6,50,7562,7565
seq,t2.dl,12,5,7563,7566
seq,t2.pc,6,40,7563,7566
seq,t3.pc,6,0,7564,7567
seq,t0.dl,12,70,7565,7568
seq,t0.pc,6,20,7565,7568
seq,t1.pc,6,50,7566,7569
seq,t2.dl,12,4,7567,7570
seq,t2.pc,6,40,7567,7570
seq,t3.pc,6,0,7568,7571
seq,t0.dl,12,69,7569,7572
seq,t0.pc,6,20,7569,7572
seq,t1.pc,6,50,7570,7573
seq,t2.dl,12,3,7571,7574
seq,t2.pc,6,40,7571,7574
seq,t3.pc,6,0,7572,7575
seq,t0.dl,12,68,7573,7576
seq,t0.pc,6,20,7573,7576
seq,t1.pc,6,50,7574,7577
seq,t2.dl,12,2,7575,7578
seq,t2.pc,6,40,7575,7578
seq,t3.pc,6,0,7576,7579
seq,t0.dl,12,67,7577,7580
seq,t0.pc,6,20,7577,7580
seq,t1.pc,6,50,7578,7581
seq,t2.dl,12,1,7579,7582
seq,t2.pc,6,40,7579,7582
seq,t3.pc,6,0,7580,7583
seq,t0.dl,12,66,7581,7584
seq,t0.pc,6,20,7581,7584
seq,t1.pc,6,50,7582,7585
seq,t2.pc,6,40,7583,7586
seq,t3.pc,6,0,7584,7587
seq,t0.dl,12,65,7585,7588
seq,t0.pc,6,20,7585,7588
seq,t1.pc,6,50,7586,7589
seq,t2.pc,6,41,7587,7590
seq,t3.pc,6,0,7588,7591
seq,t0.dl,12,64,7589,7592
seq,t0.pc,6,20,7589,7592
seq,t1.pc,6,50,7590,7593
seq,t2.acc,8,128,7099,7594
seq,t2.cnt,12,2,7099,7594
seq,t2.pc,6,32,7591,7594
seq,t3.pc,6,0,7592,7595
seq,t0.dl,12,63,7593,7596
seq,t0.pc,6,20,7593,7596
seq,t1.pc,6,50,7594,7597
seq,t2.dl,12,0,7583,7586
seq,t2.pc,6,33,7595,7598
seq,t3.pc,6,0,7596,7599
seq,t0.dl,12,62,7597,7600
seq,t0.pc,6,20,7597,7600
seq,t1.pc,6,50,7598,7601
seq,t2.dl,12,28,7599,7602
seq,t2.pc,6,34,7599,7602
seq,t3.pc,6,0,7600,7603
seq,t0.dl,12,61,7601,7604
seq,t0.pc,6,20,7601,7604
seq,t1.pc,6,50,7602,7605
seq,t2.dl,12,27,7603,7606
seq,t2.pc,6,34,7603,7606
seq,t3.pc,6,0,7604,7607
seq,t0.dl,12,60,7605,7608
seq,t0.pc,6,20,7605,7608
seq,t1.pc,6,50,7606,7609
seq,t2.dl,12,26,7607,7610
seq,t2.pc,6,34,7607,7610
seq,t3.pc,6,0,7608,7611
seq,t0.dl,12,59,7609,7612
seq,t0.pc,6,20,7609,7612
seq,t1.pc,6,50,7610,7613
seq,t2.dl,12,25,7611,7614
seq,t2.pc,6,34,7611,7614
seq,t3.pc,6,0,7612,7615
seq,t0.dl,12,58,7613,7616
seq,t0.pc,6,20,7613,7616
seq,t1.pc,6,50,7614,7617
seq,t2.dl,12,24,7615,7618
seq,t2.pc,6,34,7615,7618
seq,t3.pc,6,0,7616,7619
seq,t0.dl,12,57,7617,7620
seq,t0.pc,6,20,7617,7620
seq,t1.pc,6,50,7618,7621
seq,t2.dl,12,23,7619,7622
seq,t2.pc,6,34,7619,7622
seq,t3.pc,6,0,7620,7623
seq,t0.dl,12,56,7621,7624
seq,t0.pc,6,20,7621,7624
seq,t1.pc,6,50,7622,7625
seq,t2.dl,12,22,7623,7626
seq,t2.pc,6,34,7623,7626
seq,t3.pc,6,0,7624,7627
seq,t0.dl,12,55,7625,7628
seq,t0.pc,6,20,7625,7628
seq,t1.pc,6,50,7626,7629
seq,t2.dl,12,21,7627,7630
seq,t2.pc,6,34,7627,7630
seq,t3.pc,6,0,7628,7631
seq,t0.dl,12,54,7629,7632
seq,t0.pc,6,20,7629,7632
seq,t1.pc,6,50,7630,7633
seq,t2.dl,12,20,7631,7634
seq,t2.pc,6,34,7631,7634
seq,t3.pc,6,0,7632,7635
seq,t0.dl,12,53,7633,7636
seq,t0.pc,6,20,7633,7636
seq,t1.pc,6,50,7634,7637
seq,t2.dl,12,19,7635,7638
seq,t2.pc,6,34,7635,7638
seq,t3.pc,6,0,7636,7639
seq,t0.dl,12,52,7637,7640
seq,t0.pc,6,20,7637,7640
seq,t1.pc,6,50,7638,7641
seq,t2.dl,12,18,7639,7642
seq,t2.pc,6,34,7639,7642
seq,t3.pc,6,0,7640,7643
seq,t0.dl,12,51,7641,7644
seq,t0.pc,6,20,7641,7644
seq,t1.pc,6,50,7642,7645
seq,t2.dl,12,17,7643,7646
seq,t2.pc,6,34,7643,7646
seq,t3.pc,6,0,7644,7647
seq,t0.dl,12,50,7645,7648
seq,t0.pc,6,20,7645,7648
seq,t1.pc,6,50,7646,7649
seq,t2.dl,12,16,7647,7650
seq,t2.pc,6,34,7647,7650
seq,t3.pc,6,0,7648,7651
seq,t0.dl,12,49,7649,7652
seq,t0.pc,6,20,7649,7652
seq,t1.pc,6,50,7650,7653
seq,t2.dl,12,15,7651,7654
seq,t2.pc,6,34,7651,7654
seq,t3.pc,6,0,7652,7655
seq,t0.dl,12,48,7653,7656
seq,t0.pc,6,20,7653,7656
seq,t1.pc,6,50,7654,7657
seq,t2.dl,12,14,7655,7658
seq,t2.pc,6,34,7655,7658
seq,t3.pc,6,0,7656,7659
seq,t0.dl,12,47,7657,7660
seq,t0.pc,6,20,7657,7660
seq,t1.pc,6,50,7658,7661
seq,t2.dl,12,13,7659,7662
seq,t2.pc,6,34,7659,7662
seq,t3.pc,6,0,7660,7663
seq,t0.dl,12,46,7661,7664
seq,t0.pc,6,20,7661,7664
seq,t1.pc,6,50,7662,7665
seq,t2.dl,12,12,7663,7666
seq,t2.pc,6,34,7663,7666
seq,t3.pc,6,0,7664,7667
seq,t0.dl,12,45,7665,7668
seq,t0.pc,6,20,7665,7668
seq,t1.pc,6,50,7666,7669
seq,t2.dl,12,11,7667,7670
seq,t2.pc,6,34,7667,7670
seq,t3.pc,6,0,7668,7671
seq,t0.dl,12,44,7669,7672
seq,t0.pc,6,20,7669,7672
seq,t1.pc,6,50,7670,7673
seq,t2.dl,12,10,7671,7674
seq,t2.pc,6,34,7671,7674
seq,t3.pc,6,0,7672,7675
seq,t0.dl,12,43,7673,7676
seq,t0.pc,6,20,7673,7676
seq,t1.pc,6,50,7674,7677
seq,t2.dl,12,9,7675,7678
seq,t2.pc,6,34,7675,7678
seq,t3.pc,6,0,7676,7679
seq,t0.dl,12,42,7677,7680
seq,t0.pc,6,20,7677,7680
seq,t1.pc,6,50,7678,7681
seq,t2.dl,12,8,7679,7682
seq,t2.pc,6,34,7679,7682
seq,t3.pc,6,0,7680,7683
seq,t0.dl,12,41,7681,7684
seq,t0.pc,6,20,7681,7684
seq,t1.pc,6,50,7682,7685
seq,t2.dl,12,7,7683,7686
seq,t2.pc,6,34,7683,7686
seq,t3.pc,6,0,7684,7687
seq,t0.dl,12,40,7685,7688
seq,t0.pc,6,20,7685,7688
seq,t1.pc,6,50,7686,7689
seq,t2.dl,12,6,7687,7690
seq,t2.pc,6,34,7687,7690
seq,t3.pc,6,0,7688,7691
seq,t0.dl,12,39,7689,7692
seq,t0.pc,6,20,7689,7692
seq,t1.pc,6,50,7690,7693
seq,t2.dl,12,5,7691,7694
seq,t2.pc,6,34,7691,7694
seq,t3.pc,6,0,7692,7695
seq,t0.dl,12,38,7693,7696
seq,t0.pc,6,20,7693,7696
seq,t1.pc,6,50,7694,7697
seq,t2.dl,12,4,7695,7698
seq,t2.pc,6,34,7695,7698
seq,t3.pc,6,0,7696,7699
seq,t0.dl,12,37,7697,7700
seq,t0.pc,6,20,7697,7700
seq,t1.pc,6,50,7698,7701
seq,t2.dl,12,3,7699,7702
seq,t2.pc,6,34,7699,7702
seq,t3.pc,6,0,7700,7703
seq,t0.dl,12,36,7701,7704
seq,t0.pc,6,20,7701,7704
seq,t1.pc,6,50,7702,7705
seq,t2.dl,12,2,7703,7706
seq,t2.pc,6,34,7703,7706
seq,t3.pc,6,0,7704,7707
seq,t0.dl,12,35,7705,7708
seq,t0.pc,6,20,7705,7708
seq,t1.pc,6,50,7706,7709
seq,t2.dl,12,1,7707,7710
seq,t2.pc,6,34,7707,7710
seq,t3.pc,6,0,7708,7711
seq,t0.dl,12,34,7709,7712
seq,t0.pc,6,20,7709,7712
seq,t1.pc,6,50,7710,7713
seq,t2.pc,6,34,7711,7714
seq,t3.pc,6,0,7712,7715
seq,t0.dl,12,33,7713,7716
seq,t0.pc,6,20,7713,7716
seq,t1.pc,6,50,7714,7717
seq,t2.pc,6,35,7715,7718
seq,t3.pc,6,0,7716,7719
seq,t0.dl,12,32,7717,7720
seq,t0.pc,6,20,7717,7720
seq,t1.pc,6,50,7718,7721
seq,t2.dl,12,0,7711,7714
seq,t2.pc,6,36,7719,7722
seq,t3.pc,6,0,7720,7723
seq,t0.dl,12,31,7721,7724
seq,t0.pc,6,20,7721,7724
seq,t1.pc,6,50,7722,7725
seq,t2.dl,12,59,7723,7726
seq,t2.pc,6,37,7723,7726
seq,t3.pc,6,0,7724,7727
seq,t0.dl,12,30,7725,7728
seq,t0.pc,6,20,7725,7728
seq,t1.pc,6,50,7726,7729
seq,t2.dl,12,58,7727,7730
seq,t2.pc,6,37,7727,7730
seq,t3.pc,6,0,7728,7731
seq,t0.dl,12,29,7729,7732
seq,t0.pc,6,20,7729,7732
seq,t1.pc,6,50,7730,7733
seq,t2.dl,12,57,7731,7734
seq,t2.pc,6,37,7731,7734
seq,t3.pc,6,0,7732,7735
seq,t0.dl,12,28,7733,7736
seq,t0.pc,6,20,7733,7736
seq,t1.pc,6,50,7734,7737
seq,t2.dl,12,56,7735,7738
seq,t2.pc,6,37,7735,7738
seq,t3.pc,6,0,7736,7739
seq,t0.dl,12,27,7737,7740
seq,t0.pc,6,20,7737,7740
seq,t1.pc,6,50,7738,7741
seq,t2.dl,12,55,7739,7742
seq,t2.pc,6,37,7739,7742
seq,t3.pc,6,0,7740,7743
seq,t0.dl,12,26,7741,7744
seq,t0.pc,6,20,7741,7744
seq,t1.pc,6,50,7742,7745
seq,t2.dl,12,54,7743,7746
seq,t2.pc,6,37,7743,7746
seq,t3.pc,6,0,7744,7747
seq,t0.dl,12,25,7745,7748
seq,t0.pc,6,20,7745,7748
seq,t1.pc,6,50,7746,7749
seq,t2.dl,12,53,7747,7750
seq,t2.pc,6,37,7747,7750
seq,t3.pc,6,0,7748,7751
seq,t0.dl,12,24,7749,7752
seq,t0.pc,6,20,7749,7752
seq,t1.pc,6,50,7750,7753
seq,t2.dl,12,52,7751,7754
seq,t2.pc,6,37,7751,7754
seq,t3.pc,6,0,7752,7755
seq,t0.dl,12,23,7753,7756
seq,t0.pc,6,20,7753,7756
seq,t1.pc,6,50,7754,7757
seq,t2.dl,12,51,7755,7758
seq,t2.pc,6,37,7755,7758
seq,t3.pc,6,0,7756,7759
seq,t0.dl,12,22,7757,7760
seq,t0.pc,6,20,7757,7760
seq,t1.pc,6,50,7758,7761
seq,t2.dl,12,50,7759,7762
seq,t2.pc,6,37,7759,7762
seq,t3.pc,6,0,7760,7763
seq,t0.dl,12,21,7761,7764
seq,t0.pc,6,20,7761,7764
seq,t1.pc,6,50,7762,7765
seq,t2.dl,12,49,7763,7766
seq,t2.pc,6,37,7763,7766
seq,t3.pc,6,0,7764,7767
seq,t0.dl,12,20,7765,7768
seq,t0.pc,6,20,7765,7768
seq,t1.pc,6,50,7766,7769
seq,t2.dl,12,48,7767,7770
seq,t2.pc,6,37,7767,7770
seq,t3.pc,6,0,7768,7771
seq,t0.dl,12,19,7769,7772
seq,t0.pc,6,20,7769,7772
seq,t1.pc,6,50,7770,7773
seq,t2.dl,12,47,7771,7774
seq,t2.pc,6,37,7771,7774
seq,t3.pc,6,0,7772,7775
seq,t0.dl,12,18,7773,7776
seq,t0.pc,6,20,7773,7776
seq,t1.pc,6,50,7774,7777
seq,t2.dl,12,46,7775,7778
seq,t2.pc,6,37,7775,7778
seq,t3.pc,6,0,7776,7779
seq,t0.dl,12,17,7777,7780
seq,t0.pc,6,20,7777,7780
seq,t1.pc,6,50,7778,7781
seq,t2.dl,12,45,7779,7782
seq,t2.pc,6,37,7779,7782
seq,t3.pc,6,0,7780,7783
seq,t0.dl,12,16,7781,7784
seq,t0.pc,6,20,7781,7784
seq,t1.pc,6,50,7782,7785
seq,t2.dl,12,44,7783,7786
seq,t2.pc,6,37,7783,7786
seq,t3.pc,6,0,7784,7787
seq,t0.dl,12,15,7785,7788
seq,t0.pc,6,20,7785,7788
seq,t1.pc,6,50,7786,7789
seq,t2.dl,12,43,7787,7790
seq,t2.pc,6,37,7787,7790
seq,t3.pc,6,0,7788,7791
seq,t0.dl,12,14,7789,7792
seq,t0.pc,6,20,7789,7792
seq,t1.pc,6,50,7790,7793
seq,t2.dl,12,42,7791,7794
seq,t2.pc,6,37,7791,7794
seq,t3.pc,6,0,7792,7795
seq,t0.dl,12,13,7793,7796
seq,t0.pc,6,20,7793,7796
seq,t1.pc,6,50,7794,7797
seq,t2.dl,12,41,7795,7798
seq,t2.pc,6,37,7795,7798
seq,t3.pc,6,0,7796,7799
seq,t0.dl,12,12,7797,7800
seq,t0.pc,6,20,7797,7800
seq,t1.pc,6,50,7798,7801
seq,t2.dl,12,40,7799,7802
seq,t2.pc,6,37,7799,7802
seq,t3.pc,6,0,7800,7803
seq,t0.dl,12,11,7801,7804
seq,t0.pc,6,20,7801,7804
seq,t1.pc,6,50,7802,7805
seq,t2.dl,12,39,7803,7806
seq,t2.pc,6,37,7803,7806
seq,t3.pc,6,0,7804,7807
seq,t0.dl,12,10,7805,7808
seq,t0.pc,6,20,7805,7808
seq,t1.pc,6,50,7806,7809
seq,t2.dl,12,38,7807,7810
seq,t2.pc,6,37,7807,7810
seq,t3.pc,6,0,7808,7811
seq,t0.dl,12,9,7809,7812
seq,t0.pc,6,20,7809,7812
seq,t1.pc,6,50,7810,7813
seq,t2.dl,12,37,7811,7814
seq,t2.pc,6,37,7811,7814
seq,t3.pc,6,0,7812,7815
seq,t0.dl,12,8,7813,7816
seq,t0.pc,6,20,7813,7816
seq,t1.pc,6,50,7814,7817
seq,t2.dl,12,36,7815,7818
seq,t2.pc,6,37,7815,7818
seq,t3.pc,6,0,7816,7819
seq,t0.dl,12,7,7817,7820
seq,t0.pc,6,20,7817,7820
seq,t1.pc,6,50,7818,7821
seq,t2.dl,12,35,7819,7822
seq,t2.pc,6,37,7819,7822
seq,t3.pc,6,0,7820,7823
seq,t0.dl,12,6,7821,7824
seq,t0.pc,6,20,7821,7824
seq,t1.pc,6,50,7822,7825
seq,t2.dl,12,34,7823,7826
seq,t2.pc,6,37,7823,7826
seq,t3.pc,6,0,7824,7827
seq,t0.dl,12,5,7825,7828
seq,t0.pc,6,20,7825,7828
seq,t1.pc,6,50,7826,7829
seq,t2.dl,12,33,7827,7830
seq,t2.pc,6,37,7827,7830
seq,t3.pc,6,0,7828,7831
seq,t0.dl,12,4,7829,7832
seq,t0.pc,6,20,7829,7832
seq,t1.pc,6,50,7830,7833
seq,t2.dl,12,32,7831,7834
seq,t2.pc,6,37,7831,7834
seq,t3.pc,6,0,7832,7835
seq,t0.dl,12,3,7833,7836
seq,t0.pc,6,20,7833,7836
seq,t1.pc,6,50,7834,7837
seq,t2.dl,12,31,7835,7838
seq,t2.pc,6,37,7835,7838
seq,t3.pc,6,0,7836,7839
seq,t0.dl,12,2,7837,7840
seq,t0.pc,6,20,7837,7840
seq,t1.pc,6,50,7838,7841
seq,t2.dl,12,30,7839,7842
seq,t2.pc,6,37,7839,7842
seq,t3.pc,6,0,7840,7843
seq,t0.dl,12,1,7841,7844
seq,t0.pc,6,20,7841,7844
seq,t1.pc,6,50,7842,7845
seq,t2.dl,12,29,7843,7846
seq,t2.pc,6,37,7843,7846
seq,t3.pc,6,0,7844,7847
seq,t0.pc,6,20,7845,7848
seq,t1.pc,6,50,7846,7849
seq,t2.dl,12,28,7847,7850
seq,t2.pc,6,37,7847,7850
seq,t3.pc,6,0,7848,7851
seq,t0.pc,6,21,7849,7852
seq,t1.pc,6,50,7850,7853
seq,t2.dl,12,27,7851,7854
seq,t2.pc,6,37,7851,7854
seq,t3.pc,6,0,7852,7855
seq,t0.acc,8,0,7421,7856
seq,t0.cnt,12,1,7421,7856
seq,t0.pc,6,18,7853,7856
seq,t1.pc,6,50,7854,7857
seq,t2.dl,12,26,7855,7858
seq,t2.pc,6,37,7855,7858
seq,t3.pc,6,0,7856,7859
seq,t0.dl,12,0,7845,7848
seq,t0.pc,6,19,7857,7860
seq,t1.pc,6,50,7858,7861
seq,t2.dl,12,25,7859,7862
seq,t2.pc,6,37,7859,7862
seq,t3.pc,6,0,7860,7863
seq,t0.dl,12,105,7861,7864
seq,t0.pc,6,20,7861,7864
seq,t1.pc,6,50,7862,7865
seq,t2.dl,12,24,7863,7866
seq,t2.pc,6,37,7863,7866
seq,t3.pc,6,0,7864,7867
seq,t0.dl,12,104,7865,7868
seq,t0.pc,6,20,7865,7868
seq,t1.pc,6,50,7866,7869
seq,t2.dl,12,23,7867,7870
seq,t2.pc,6,37,7867,7870
seq,t3.pc,6,0,7868,7871
seq,t0.dl,12,103,7869,7872
seq,t0.pc,6,20,7869,7872
seq,t1.pc,6,50,7870,7873
seq,t2.dl,12,22,7871,7874
seq,t2.pc,6,37,7871,7874
seq,t3.pc,6,0,7872,7875
seq,t0.dl,12,102,7873,7876
seq,t0.pc,6,20,7873,7876
seq,t1.pc,6,50,7874,7877
seq,t2.dl,12,21,7875,7878
seq,t2.pc,6,37,7875,7878
seq,t3.pc,6,0,7876,7879
seq,t0.dl,12,101,7877,7880
seq,t0.pc,6,20,7877,7880
seq,t1.pc,6,50,7878,7881
seq,t2.dl,12,20,7879,7882
seq,t2.pc,6,37,7879,7882
seq,t3.pc,6,0,7880,7883
seq,t0.dl,12,100,7881,7884
seq,t0.pc,6,20,7881,7884
seq,t1.pc,6,50,7882,7885
seq,t2.dl,12,19,7883,7886
seq,t2.pc,6,37,7883,7886
seq,t3.pc,6,0,7884,7887
seq,t0.dl,12,99,7885,7888
seq,t0.pc,6,20,7885,7888
seq,t1.pc,6,50,7886,7889
seq,t2.dl,12,18,7887,7890
seq,t2.pc,6,37,7887,7890
seq,t3.pc,6,0,7888,7891
seq,t0.dl,12,98,7889,7892
seq,t0.pc,6,20,7889,7892
seq,t1.pc,6,50,7890,7893
seq,t2.dl,12,17,7891,7894
seq,t2.pc,6,37,7891,7894
seq,t3.pc,6,0,7892,7895
seq,t0.dl,12,97,7893,7896
seq,t0.pc,6,20,7893,7896
seq,t1.pc,6,50,7894,7897
seq,t2.dl,12,16,7895,7898
seq,t2.pc,6,37,7895,7898
seq,t3.pc,6,0,7896,7899
seq,t0.dl,12,96,7897,7900
seq,t0.pc,6,20,7897,7900
seq,t1.pc,6,50,7898,7901
seq,t2.dl,12,15,7899,7902
seq,t2.pc,6,37,7899,7902
seq,t3.pc,6,0,7900,7903
seq,t0.dl,12,95,7901,7904
seq,t0.pc,6,20,7901,7904
seq,t1.pc,6,50,7902,7905
seq,t2.dl,12,14,7903,7906
seq,t2.pc,6,37,7903,7906
seq,t3.pc,6,0,7904,7907
seq,t0.dl,12,94,7905,7908
seq,t0.pc,6,20,7905,7908
seq,t1.pc,6,50,7906,7909
seq,t2.dl,12,13,7907,7910
seq,t2.pc,6,37,7907,7910
seq,t3.pc,6,0,7908,7911
seq,t0.dl,12,93,7909,7912
seq,t0.pc,6,20,7909,7912
seq,t1.pc,6,50,7910,7913
seq,t2.dl,12,12,7911,7914
seq,t2.pc,6,37,7911,7914
seq,t3.pc,6,0,7912,7915
seq,t0.dl,12,92,7913,7916
seq,t0.pc,6,20,7913,7916
seq,t1.pc,6,50,7914,7917
seq,t2.dl,12,11,7915,7918
seq,t2.pc,6,37,7915,7918
seq,t3.pc,6,0,7916,7919
seq,t0.dl,12,91,7917,7920
seq,t0.pc,6,20,7917,7920
seq,t1.pc,6,50,7918,7921
seq,t2.dl,12,10,7919,7922
seq,t2.pc,6,37,7919,7922
seq,t3.pc,6,0,7920,7923
seq,t0.dl,12,90,7921,7924
seq,t0.pc,6,20,7921,7924
seq,t1.pc,6,50,7922,7925
seq,t2.dl,12,9,7923,7926
seq,t2.pc,6,37,7923,7926
seq,t3.pc,6,0,7924,7927
seq,t0.dl,12,89,7925,7928
seq,t0.pc,6,20,7925,7928
seq,t1.pc,6,50,7926,7929
seq,t2.dl,12,8,7927,7930
seq,t2.pc,6,37,7927,7930
seq,t3.pc,6,0,7928,7931
seq,t0.dl,12,88,7929,7932
seq,t0.pc,6,20,7929,7932
seq,t1.pc,6,50,7930,7933
seq,t2.dl,12,7,7931,7934
seq,t2.pc,6,37,7931,7934
seq,t3.pc,6,0,7932,7935
seq,t0.dl,12,87,7933,7936
seq,t0.pc,6,20,7933,7936
seq,t1.pc,6,50,7934,7937
seq,t2.dl,12,6,7935,7938
seq,t2.pc,6,37,7935,7938
seq,t3.pc,6,0,7936,7939
seq,t0.dl,12,86,7937,7940
seq,t0.pc,6,20,7937,7940
seq,t1.pc,6,50,7938,7941
seq,t2.dl,12,5,7939,7942
seq,t2.pc,6,37,7939,7942
seq,t3.pc,6,0,7940,7943
seq,t0.dl,12,85,7941,7944
seq,t0.pc,6,20,7941,7944
seq,t1.pc,6,50,7942,7945
seq,t2.dl,12,4,7943,7946
seq,t2.pc,6,37,7943,7946
seq,t3.pc,6,0,7944,7947
seq,t0.dl,12,84,7945,7948
seq,t0.pc,6,20,7945,7948
seq,t1.pc,6,50,7946,7949
seq,t2.dl,12,3,7947,7950
seq,t2.pc,6,37,7947,7950
seq,t3.pc,6,0,7948,7951
seq,t0.dl,12,83,7949,7952
seq,t0.pc,6,20,7949,7952
seq,t1.pc,6,50,7950,7953
seq,t2.dl,12,2,7951,7954
seq,t2.pc,6,37,7951,7954
seq,t3.pc,6,0,7952,7955
seq,t0.dl,12,82,7953,7956
seq,t0.pc,6,20,7953,7956
seq,t1.pc,6,50,7954,7957
seq,t2.dl,12,1,7955,7958
seq,t2.pc,6,37,7955,7958
seq,t3.pc,6,0,7956,7959
seq,t0.dl,12,81,7957,7960
seq,t0.pc,6,20,7957,7960
seq,t1.pc,6,50,7958,7961
seq,t2.pc,6,37,7959,7962
seq,t3.pc,6,0,7960,7963
seq,t0.dl,12,80,7961,7964
seq,t0.pc,6,20,7961,7964
seq,t1.pc,6,50,7962,7965
seq,t2.pc,6,38,7963,7966
seq,t3.pc,6,0,7964,7967
seq,t0.dl,12,79,7965,7968
seq,t0.pc,6,20,7965,7968
seq,t1.pc,6,50,7966,7969
seq,t2.dl,12,0,7959,7962
seq,t2.pc,6,39,7967,7970
seq,t3.pc,6,0,7968,7971
seq,t0.dl,12,78,7969,7972
seq,t0.pc,6,20,7969,7972
seq,t1.pc,6,50,7970,7973
seq,t2.dl,12,27,7971,7974
seq,t2.pc,6,40,7971,7974
seq,t3.pc,6,0,7972,7975
seq,t0.dl,12,77,7973,7976
seq,t0.pc,6,20,7973,7976
seq,t1.pc,6,50,7974,7977
seq,t2.dl,12,26,7975,7978
seq,t2.pc,6,40,7975,7978
seq,t3.pc,6,0,7976,7979
seq,t0.dl,12,76,7977,7980
seq,t0.pc,6,20,7977,7980
seq,t1.pc,6,50,7978,7981
seq,t2.dl,12,25,7979,7982
seq,t2.pc,6,40,7979,7982
seq,t3.pc,6,0,7980,7983
seq,t0.dl,12,75,7981,7984
seq,t0.pc,6,20,7981,7984
seq,t1.pc,6,50,7982,7985
seq,t2.dl,12,24,7983,7986
seq,t2.pc,6,40,7983,7986
seq,t3.pc,6,0,7984,7987
seq,t0.dl,12,74,7985,7988
seq,t0.pc,6,20,7985,7988
seq,t1.pc,6,50,7986,7989
seq,t2.dl,12,23,7987,7990
seq,t2.pc,6,40,7987,7990
seq,t3.pc,6,0,7988,7991
seq,t0.dl,12,73,7989,7992
seq,t0.pc,6,20,7989,7992
seq,t1.pc,6,50,7990,7993
seq,t2.dl,12,22,7991,7994
seq,t2.pc,6,40,7991,7994
seq,t3.pc,6,0,7992,7995
seq,t0.dl,12,72,7993,7996
seq,t0.pc,6,20,7993,7996
seq,t1.pc,6,50,7994,7997
seq,t2.dl,12,21,7995,7998
seq,t2.pc,6,40,7995,7998
seq,t3.pc,6,0,7996,7999
seq,t0.dl,12,71,7997,8000
seq,t0.pc,6,20,7997,8000
seq,t1.pc,6,50,7998,8001
seq,t2.dl,12,20,7999,8002
seq,t2.pc,6,40,7999,8002
seq,t3.pc,6,0,8000,8003
seq,t0.dl,12,70,8001,8004
seq,t0.pc,6,20,8001,8004
seq,t1.pc,6,50,8002,8005
seq,t2.dl,12,19,8003,8006
seq,t2.pc,6,40,8003,8006
seq,t3.pc,6,0,8004,8007
seq,t0.dl,12,69,8005,8008
seq,t0.pc,6,20,8005,8008
seq,t1.pc,6,50,8006,8009
seq,t2.dl,12,18,8007,8010
seq,t2.pc,6,40,8007,8010
seq,t3.pc,6,0,8008,8011
seq,t0.dl,12,68,8009,8012
seq,t0.pc,6,20,8009,8012
seq,t1.pc,6,50,8010,8013
seq,t2.dl,12,17,8011,8014
seq,t2.pc,6,40,8011,8014
seq,t3.pc,6,0,8012,8015
seq,t0.dl,12,67,8013,8016
seq,t0.pc,6,20,8013,8016
seq,t1.pc,6,50,8014,8017
seq,t2.dl,12,16,8015,8018
seq,t2.pc,6,40,8015,8018
seq,t3.pc,6,0,8016,8019
seq,t0.dl,12,66,8017,8020
seq,t0.pc,6,20,8017,8020
seq,t1.pc,6,50,8018,8021
seq,t2.dl,12,15,8019,8022
seq,t2.pc,6,40,8019,8022
seq,t3.pc,6,0,8020,8023
seq,t0.dl,12,65,8021,8024
seq,t0.pc,6,20,8021,8024
seq,t1.pc,6,50,8022,8025
seq,t2.dl,12,14,8023,8026
seq,t2.pc,6,40,8023,8026
seq,t3.pc,6,0,8024,8027
seq,t0.dl,12,64,8025,8028
seq,t0.pc,6,20,8025,8028
seq,t1.pc,6,50,8026,8029
seq,t2.dl,12,13,8027,8030
seq,t2.pc,6,40,8027,8030
seq,t3.pc,6,0,8028,8031
seq,t0.dl,12,63,8029,8032
seq,t0.pc,6,20,8029,8032
seq,t1.pc,6,50,8030,8033
seq,t2.dl,12,12,8031,8034
seq,t2.pc,6,40,8031,8034
seq,t3.pc,6,0,8032,8035
seq,t0.dl,12,62,8033,8036
seq,t0.pc,6,20,8033,8036
seq,t1.pc,6,50,8034,8037
seq,t2.dl,12,11,8035,8038
seq,t2.pc,6,40,8035,8038
seq,t3.pc,6,0,8036,8039
seq,t0.dl,12,61,8037,8040
seq,t0.pc,6,20,8037,8040
seq,t1.pc,6,50,8038,8041
seq,t2.dl,12,10,8039,8042
seq,t2.pc,6,40,8039,8042
seq,t3.pc,6,0,8040,8043
seq,t0.dl,12,60,8041,8044
seq,t0.pc,6,20,8041,8044
seq,t1.pc,6,50,8042,8045
seq,t2.dl,12,9,8043,8046
seq,t2.pc,6,40,8043,8046
seq,t3.pc,6,0,8044,8047
seq,t0.dl,12,59,8045,8048
seq,t0.pc,6,20,8045,8048
seq,t1.pc,6,50,8046,8049
seq,t2.dl,12,8,8047,8050
seq,t2.pc,6,40,8047,8050
seq,t3.pc,6,0,8048,8051
seq,t0.dl,12,58,8049,8052
seq,t0.pc,6,20,8049,8052
seq,t1.pc,6,50,8050,8053
seq,t2.dl,12,7,8051,8054
seq,t2.pc,6,40,8051,8054
seq,t3.pc,6,0,8052,8055
seq,t0.dl,12,57,8053,8056
seq,t0.pc,6,20,8053,8056
seq,t1.pc,6,50,8054,8057
seq,t2.dl,12,6,8055,8058
seq,t2.pc,6,40,8055,8058
seq,t3.pc,6,0,8056,8059
seq,t0.dl,12,56,8057,8060
seq,t0.pc,6,20,8057,8060
seq,t1.pc,6,50,8058,8061
seq,t2.dl,12,5,8059,8062
seq,t2.pc,6,40,8059,8062
seq,t3.pc,6,0,8060,8063
seq,t0.dl,12,55,8061,8064
seq,t0.pc,6,20,8061,8064
seq,t1.pc,6,50,8062,8065
seq,t2.dl,12,4,8063,8066
seq,t2.pc,6,40,8063,8066
seq,t3.pc,6,0,8064,8067
seq,t0.dl,12,54,8065,8068
seq,t0.pc,6,20,8065,8068
seq,t1.pc,6,50,8066,8069
seq,t2.dl,12,3,8067,8070
seq,t2.pc,6,40,8067,8070
seq,t3.pc,6,0,8068,8071
seq,t0.dl,12,53,8069,8072
seq,t0.pc,6,20,8069,8072
seq,t1.pc,6,50,8070,8073
seq,t2.dl,12,2,8071,8074
seq,t2.pc,6,40,8071,8074
seq,t3.pc,6,0,8072,8075
seq,t0.dl,12,52,8073,8076
seq,t0.pc,6,20,8073,8076
seq,t1.pc,6,50,8074,8077
seq,t2.dl,12,1,8075,8078
seq,t2.pc,6,40,8075,8078
seq,t3.pc,6,0,8076,8079
seq,t0.dl,12,51,8077,8080
seq,t0.pc,6,20,8077,8080
seq,t1.pc,6,50,8078,8081
seq,t2.pc,6,40,8079,8082
seq,t3.pc,6,0,8080,8083
seq,t0.dl,12,50,8081,8084
seq,t0.pc,6,20,8081,8084
seq,t1.pc,6,50,8082,8085
seq,t2.pc,6,41,8083,8086
seq,t3.pc,6,0,8084,8087
seq,t0.dl,12,49,8085,8088
seq,t0.pc,6,20,8085,8088
seq,t1.pc,6,50,8086,8089
seq,t2.acc,8,0,7595,8090
seq,t2.cnt,12,1,7595,8090
seq,t2.pc,6,32,8087,8090
seq,t3.pc,6,0,8088,8091
seq,t0.dl,12,48,8089,8092
seq,t0.pc,6,20,8089,8092
seq,t1.pc,6,50,8090,8093
seq,t2.dl,12,0,8079,8082
seq,t2.pc,6,33,8091,8094
seq,t3.pc,6,0,8092,8095
seq,t0.dl,12,47,8093,8096
seq,t0.pc,6,20,8093,8096
seq,t1.pc,6,50,8094,8097
seq,t2.dl,12,28,8095,8098
seq,t2.pc,6,34,8095,8098
seq,t3.pc,6,0,8096,8099
seq,t0.dl,12,46,8097,8100
seq,t0.pc,6,20,8097,8100
seq,t1.pc,6,50,8098,8101
seq,t2.dl,12,27,8099,8102
seq,t2.pc,6,34,8099,8102
seq,t3.pc,6,0,8100,8103
seq,t0.dl,12,45,8101,8104
seq,t0.pc,6,20,8101,8104
seq,t1.pc,6,50,8102,8105
seq,t2.dl,12,26,8103,8106
seq,t2.pc,6,34,8103,8106
seq,t3.pc,6,0,8104,8107
seq,t0.dl,12,44,8105,8108
seq,t0.pc,6,20,8105,8108
seq,t1.pc,6,50,8106,8109
seq,t2.dl,12,25,8107,8110
seq,t2.pc,6,34,8107,8110
seq,t3.pc,6,0,8108,8111
seq,t0.dl,12,43,8109,8112
seq,t0.pc,6,20,8109,8112
seq,t1.pc,6,50,8110,8113
seq,t2.dl,12,24,8111,8114
seq,t2.pc,6,34,8111,8114
seq,t3.pc,6,0,8112,8115
seq,t0.dl,12,42,8113,8116
seq,t0.pc,6,20,8113,8116
seq,t1.pc,6,50,8114,8117
seq,t2.dl,12,23,8115,8118
seq,t2.pc,6,34,8115,8118
seq,t3.pc,6,0,8116,8119
seq,t0.dl,12,41,8117,8120
seq,t0.pc,6,20,8117,8120
seq,t1.pc,6,50,8118,8121
seq,t2.dl,12,22,8119,8122
seq,t2.pc,6,34,8119,8122
seq,t3.pc,6,0,8120,8123
seq,t0.dl,12,40,8121,8124
seq,t0.pc,6,20,8121,8124
seq,t1.pc,6,50,8122,8125
seq,t2.dl,12,21,8123,8126
seq,t2.pc,6,34,8123,8126
seq,t3.pc,6,0,8124,8127
seq,t0.dl,12,39,8125,8128
seq,t0.pc,6,20,8125,8128
seq,t1.pc,6,50,8126,8129
seq,t2.dl,12,20,8127,8130
seq,t2.pc,6,34,8127,8130
seq,t3.pc,6,0,8128,8131
seq,t0.dl,12,38,8129,8132
seq,t0.pc,6,20,8129,8132
seq,t1.pc,6,50,8130,8133
seq,t2.dl,12,19,8131,8134
seq,t2.pc,6,34,8131,8134
seq,t3.pc,6,0,8132,8135
seq,t0.dl,12,37,8133,8136
seq,t0.pc,6,20,8133,8136
seq,t1.pc,6,50,8134,8137
seq,t2.dl,12,18,8135,8138
seq,t2.pc,6,34,8135,8138
seq,t3.pc,6,0,8136,8139
seq,t0.dl,12,36,8137,8140
seq,t0.pc,6,20,8137,8140
seq,t1.pc,6,50,8138,8141
seq,t2.dl,12,17,8139,8142
seq,t2.pc,6,34,8139,8142
seq,t3.pc,6,0,8140,8143
seq,t0.dl,12,35,8141,8144
seq,t0.pc,6,20,8141,8144
seq,t1.pc,6,50,8142,8145
seq,t2.dl,12,16,8143,8146
seq,t2.pc,6,34,8143,8146
seq,t3.pc,6,0,8144,8147
seq,t0.dl,12,34,8145,8148
seq,t0.pc,6,20,8145,8148
seq,t1.pc,6,50,8146,8149
seq,t2.dl,12,15,8147,8150
seq,t2.pc,6,34,8147,8150
seq,t3.pc,6,0,8148,8151
seq,t0.dl,12,33,8149,8152
seq,t0.pc,6,20,8149,8152
seq,t1.pc,6,50,8150,8153
seq,t2.dl,12,14,8151,8154
seq,t2.pc,6,34,8151,8154
seq,t3.pc,6,0,8152,8155
seq,t0.dl,12,32,8153,8156
seq,t0.pc,6,20,8153,8156
seq,t1.pc,6,50,8154,8157
seq,t2.dl,12,13,8155,8158
seq,t2.pc,6,34,8155,8158
seq,t3.pc,6,0,8156,8159
seq,t0.dl,12,31,8157,8160
seq,t0.pc,6,20,8157,8160
seq,t1.pc,6,50,8158,8161
seq,t2.dl,12,12,8159,8162
seq,t2.pc,6,34,8159,8162
seq,t3.pc,6,0,8160,8163
seq,t0.dl,12,30,8161,8164
seq,t0.pc,6,20,8161,8164
seq,t1.pc,6,50,8162,8165
seq,t2.dl,12,11,8163,8166
seq,t2.pc,6,34,8163,8166
seq,t3.pc,6,0,8164,8167
seq,t0.dl,12,29,8165,8168
seq,t0.pc,6,20,8165,8168
seq,t1.pc,6,50,8166,8169
seq,t2.dl,12,10,8167,8170
seq,t2.pc,6,34,8167,8170
seq,t3.pc,6,0,8168,8171
seq,t0.dl,12,28,8169,8172
seq,t0.pc,6,20,8169,8172
seq,t1.pc,6,50,8170,8173
seq,t2.dl,12,9,8171,8174
seq,t2.pc,6,34,8171,8174
seq,t3.pc,6,0,8172,8175
seq,t0.dl,12,27,8173,8176
seq,t0.pc,6,20,8173,8176
seq,t1.pc,6,50,8174,8177
seq,t2.dl,12,8,8175,8178
seq,t2.pc,6,34,8175,8178
seq,t3.pc,6,0,8176,8179
seq,t0.dl,12,26,8177,8180
seq,t0.pc,6,20,8177,8180
seq,t1.pc,6,50,8178,8181
seq,t2.dl,12,7,8179,8182
seq,t2.pc,6,34,8179,8182
seq,t3.pc,6,0,8180,8183
seq,t0.dl,12,25,8181,8184
seq,t0.pc,6,20,8181,8184
seq,t1.pc,6,50,8182,8185
seq,t2.dl,12,6,8183,8186
seq,t2.pc,6,34,8183,8186
seq,t3.pc,6,0,8184,8187
seq,t0.dl,12,24,8185,8188
seq,t0.pc,6,20,8185,8188
seq,t1.pc,6,50,8186,8189
seq,t2.dl,12,5,8187,8190
seq,t2.pc,6,34,8187,8190
seq,t3.pc,6,0,8188,8191
seq,t0.dl,12,23,8189,8192
seq,t0.pc,6,20,8189,8192
seq,t1.pc,6,50,8190,8193
seq,t2.dl,12,4,8191,8194
seq,t2.pc,6,34,8191,8194
seq,t3.pc,6,0,8192,8195
seq,t0.dl,12,22,8193,8196
seq,t0.pc,6,20,8193,8196
seq,t1.pc,6,50,8194,8197
seq,t2.dl,12,3,8195,8198
seq,t2.pc,6,34,8195,8198
seq,t3.pc,6,0,8196,8199
seq,t0.dl,12,21,8197,8200
seq,t0.pc,6,20,8197,8200
seq,t1.pc,6,50,8198,8201
seq,t2.dl,12,2,8199,8202
seq,t2.pc,6,34,8199,8202
seq,t3.pc,6,0,8200,8203
seq,t0.dl,12,20,8201,8204
seq,t0.pc,6,20,8201,8204
seq,t1.pc,6,50,8202,8205
seq,t2.dl,12,1,8203,8206
seq,t2.pc,6,34,8203,8206
seq,t3.pc,6,0,8204,8207
seq,t0.dl,12,19,8205,8208
seq,t0.pc,6,20,8205,8208
seq,t1.pc,6,50,8206,8209
seq,t2.pc,6,34,8207,8210
seq,t3.pc,6,0,8208,8211
seq,t0.dl,12,18,8209,8212
seq,t0.pc,6,20,8209,8212
seq,t1.pc,6,50,8210,8213
seq,t2.pc,6,35,8211,8214
seq,t3.pc,6,0,8212,8215
seq,t0.dl,12,17,8213,8216
seq,t0.pc,6,20,8213,8216
seq,t1.pc,6,50,8214,8217
seq,t2.dl,12,0,8207,8210
seq,t2.pc,6,36,8215,8218
seq,t3.pc,6,0,8216,8219
seq,t0.dl,12,16,8217,8220
seq,t0.pc,6,20,8217,8220
seq,t1.pc,6,50,8218,8221
seq,t2.dl,12,59,8219,8222
seq,t2.pc,6,37,8219,8222
seq,t3.pc,6,0,8220,8223
seq,t0.dl,12,15,8221,8224
seq,t0.pc,6,20,8221,8224
seq,t1.pc,6,50,8222,8225
seq,t2.dl,12,58,8223,8226
seq,t2.pc,6,37,8223,8226
seq,t3.pc,6,0,8224,8227
seq,t0.dl,12,14,8225,8228
seq,t0.pc,6,20,8225,8228
seq,t1.pc,6,50,8226,8229
seq,t2.dl,12,57,8227,8230
seq,t2.pc,6,37,8227,8230
seq,t3.pc,6,0,8228,8231
seq,t0.dl,12,13,8229,8232
seq,t0.pc,6,20,8229,8232
seq,t1.pc,6,50,8230,8233
seq,t2.dl,12,56,8231,8234
seq,t2.pc,6,37,8231,8234
seq,t3.pc,6,0,8232,8235
seq,t0.dl,12,12,8233,8236
seq,t0.pc,6,20,8233,8236
seq,t1.pc,6,50,8234,8237
seq,t2.dl,12,55,8235,8238
seq,t2.pc,6,37,8235,8238
seq,t3.pc,6,0,8236,8239
seq,t0.dl,12,11,8237,8240
seq,t0.pc,6,20,8237,8240
seq,t1.pc,6,50,8238,8241
seq,t2.dl,12,54,8239,8242
seq,t2.pc,6,37,8239,8242
seq,t3.pc,6,0,8240,8243
seq,t0.dl,12,10,8241,8244
seq,t0.pc,6,20,8241,8244
seq,t1.pc,6,50,8242,8245
seq,t2.dl,12,53,8243,8246
seq,t2.pc,6,37,8243,8246
seq,t3.pc,6,0,8244,8247
seq,t0.dl,12,9,8245,8248
seq,t0.pc,6,20,8245,8248
seq,t1.pc,6,50,8246,8249
seq,t2.dl,12,52,8247,8250
seq,t2.pc,6,37,8247,8250
seq,t3.pc,6,0,8248,8251
seq,t0.dl,12,8,8249,8252
seq,t0.pc,6,20,8249,8252
seq,t1.pc,6,50,8250,8253
seq,t2.dl,12,51,8251,8254
seq,t2.pc,6,37,8251,8254
seq,t3.pc,6,0,8252,8255
seq,t0.dl,12,7,8253,8256
seq,t0.pc,6,20,8253,8256
seq,t1.pc,6,50,8254,8257
seq,t2.dl,12,50,8255,8258
seq,t2.pc,6,37,8255,8258
seq,t3.pc,6,0,8256,8259
seq,t0.dl,12,6,8257,8260
seq,t0.pc,6,20,8257,8260
seq,t1.pc,6,50,8258,8261
seq,t2.dl,12,49,8259,8262
seq,t2.pc,6,37,8259,8262
seq,t3.pc,6,0,8260,8263
seq,t0.dl,12,5,8261,8264
seq,t0.pc,6,20,8261,8264
seq,t1.pc,6,50,8262,8265
seq,t2.dl,12,48,8263,8266
seq,t2.pc,6,37,8263,8266
seq,t3.pc,6,0,8264,8267
seq,t0.dl,12,4,8265,8268
seq,t0.pc,6,20,8265,8268
seq,t1.pc,6,50,8266,8269
seq,t2.dl,12,47,8267,8270
seq,t2.pc,6,37,8267,8270
seq,t3.pc,6,0,8268,8271
seq,t0.dl,12,3,8269,8272
seq,t0.pc,6,20,8269,8272
seq,t1.pc,6,50,8270,8273
seq,t2.dl,12,46,8271,8274
seq,t2.pc,6,37,8271,8274
seq,t3.pc,6,0,8272,8275
seq,t0.dl,12,2,8273,8276
seq,t0.pc,6,20,8273,8276
seq,t1.pc,6,50,8274,8277
seq,t2.dl,12,45,8275,8278
seq,t2.pc,6,37,8275,8278
seq,t3.pc,6,0,8276,8279
seq,t0.dl,12,1,8277,8280
seq,t0.pc,6,20,8277,8280
seq,t1.pc,6,50,8278,8281
seq,t2.dl,12,44,8279,8282
seq,t2.pc,6,37,8279,8282
seq,t3.pc,6,0,8280,8283
seq,t0.pc,6,20,8281,8284
seq,t1.pc,6,50,8282,8285
seq,t2.dl,12,43,8283,8286
seq,t2.pc,6,37,8283,8286
seq,t3.pc,6,0,8284,8287
seq,t0.pc,6,21,8285,8288
seq,t1.pc,6,50,8286,8289
seq,t2.dl,12,42,8287,8290
seq,t2.pc,6,37,8287,8290
seq,t3.pc,6,0,8288,8291
seq,t0.pc,6,22,8289,8292
seq,t1.pc,6,50,8290,8293
seq,t2.dl,12,41,8291,8294
seq,t2.pc,6,37,8291,8294
seq,t3.pc,6,0,8292,8295
seq,t0.dl,12,0,8281,8284
seq,t0.pc,6,23,8293,8296
seq,t1.pc,6,50,8294,8297
seq,t2.dl,12,40,8295,8298
seq,t2.pc,6,37,8295,8298
seq,t3.pc,6,0,8296,8299
seq,t0.dl,12,105,8297,8300
seq,t0.pc,6,24,8297,8300
seq,t1.pc,6,50,8298,8301
seq,t2.dl,12,39,8299,8302
seq,t2.pc,6,37,8299,8302
seq,t3.pc,6,0,8300,8303
seq,t0.dl,12,104,8301,8304
seq,t0.pc,6,24,8301,8304
seq,t1.pc,6,50,8302,8305
seq,t2.dl,12,38,8303,8306
seq,t2.pc,6,37,8303,8306
seq,t3.pc,6,0,8304,8307
seq,t0.dl,12,103,8305,8308
seq,t0.pc,6,24,8305,8308
seq,t1.pc,6,50,8306,8309
seq,t2.dl,12,37,8307,8310
seq,t2.pc,6,37,8307,8310
seq,t3.pc,6,0,8308,8311
seq,t0.dl,12,102,8309,8312
seq,t0.pc,6,24,8309,8312
seq,t1.pc,6,50,8310,8313
seq,t2.dl,12,36,8311,8314
seq,t2.pc,6,37,8311,8314
seq,t3.pc,6,0,8312,8315
seq,t0.dl,12,101,8313,8316
seq,t0.pc,6,24,8313,8316
seq,t1.pc,6,50,8314,8317
seq,t2.dl,12,35,8315,8318
seq,t2.pc,6,37,8315,8318
seq,t3.pc,6,0,8316,8319
seq,t0.dl,12,100,8317,8320
seq,t0.pc,6,24,8317,8320
seq,t1.pc,6,50,8318,8321
seq,t2.dl,12,34,8319,8322
seq,t2.pc,6,37,8319,8322
seq,t3.pc,6,0,8320,8323
seq,t0.dl,12,99,8321,8324
seq,t0.pc,6,24,8321,8324
seq,t1.pc,6,50,8322,8325
seq,t2.dl,12,33,8323,8326
seq,t2.pc,6,37,8323,8326
seq,t3.pc,6,0,8324,8327
seq,t0.dl,12,98,8325,8328
seq,t0.pc,6,24,8325,8328
seq,t1.pc,6,50,8326,8329
seq,t2.dl,12,32,8327,8330
seq,t2.pc,6,37,8327,8330
seq,t3.pc,6,0,8328,8331
seq,t0.dl,12,97,8329,8332
seq,t0.pc,6,24,8329,8332
seq,t1.pc,6,50,8330,8333
seq,t2.dl,12,31,8331,8334
seq,t2.pc,6,37,8331,8334
seq,t3.pc,6,0,8332,8335
seq,t0.dl,12,96,8333,8336
seq,t0.pc,6,24,8333,8336
seq,t1.pc,6,50,8334,8337
seq,t2.dl,12,30,8335,8338
seq,t2.pc,6,37,8335,8338
seq,t3.pc,6,0,8336,8339
seq,t0.dl,12,95,8337,8340
seq,t0.pc,6,24,8337,8340
seq,t1.pc,6,50,8338,8341
seq,t2.dl,12,29,8339,8342
seq,t2.pc,6,37,8339,8342
seq,t3.pc,6,0,8340,8343
seq,t0.dl,12,94,8341,8344
seq,t0.pc,6,24,8341,8344
seq,t1.pc,6,50,8342,8345
seq,t2.dl,12,28,8343,8346
seq,t2.pc,6,37,8343,8346
seq,t3.pc,6,0,8344,8347
seq,t0.dl,12,93,8345,8348
seq,t0.pc,6,24,8345,8348
seq,t1.pc,6,50,8346,8349
seq,t2.dl,12,27,8347,8350
seq,t2.pc,6,37,8347,8350
seq,t3.pc,6,0,8348,8351
seq,t0.dl,12,92,8349,8352
seq,t0.pc,6,24,8349,8352
seq,t1.pc,6,50,8350,8353
seq,t2.dl,12,26,8351,8354
seq,t2.pc,6,37,8351,8354
seq,t3.pc,6,0,8352,8355
seq,t0.dl,12,91,8353,8356
seq,t0.pc,6,24,8353,8356
seq,t1.pc,6,50,8354,8357
seq,t2.dl,12,25,8355,8358
seq,t2.pc,6,37,8355,8358
seq,t3.pc,6,0,8356,8359
seq,t0.dl,12,90,8357,8360
seq,t0.pc,6,24,8357,8360
seq,t1.pc,6,50,8358,8361
seq,t2.dl,12,24,8359,8362
seq,t2.pc,6,37,8359,8362
seq,t3.pc,6,0,8360,8363
seq,t0.dl,12,89,8361,8364
seq,t0.pc,6,24,8361,8364
seq,t1.pc,6,50,8362,8365
seq,t2.dl,12,23,8363,8366
seq,t2.pc,6,37,8363,8366
seq,t3.pc,6,0,8364,8367
seq,t0.dl,12,88,8365,8368
seq,t0.pc,6,24,8365,8368
seq,t1.pc,6,50,8366,8369
seq,t2.dl,12,22,8367,8370
seq,t2.pc,6,37,8367,8370
seq,t3.pc,6,0,8368,8371
seq,t0.dl,12,87,8369,8372
seq,t0.pc,6,24,8369,8372
seq,t1.pc,6,50,8370,8373
seq,t2.dl,12,21,8371,8374
seq,t2.pc,6,37,8371,8374
seq,t3.pc,6,0,8372,8375
seq,t0.dl,12,86,8373,8376
seq,t0.pc,6,24,8373,8376
seq,t1.pc,6,50,8374,8377
seq,t2.dl,12,20,8375,8378
seq,t2.pc,6,37,8375,8378
seq,t3.pc,6,0,8376,8379
seq,t0.dl,12,85,8377,8380
seq,t0.pc,6,24,8377,8380
seq,t1.pc,6,50,8378,8381
seq,t2.dl,12,19,8379,8382
seq,t2.pc,6,37,8379,8382
seq,t3.pc,6,0,8380,8383
seq,t0.dl,12,84,8381,8384
seq,t0.pc,6,24,8381,8384
seq,t1.pc,6,50,8382,8385
seq,t2.dl,12,18,8383,8386
seq,t2.pc,6,37,8383,8386
seq,t3.pc,6,0,8384,8387
seq,t0.dl,12,83,8385,8388
seq,t0.pc,6,24,8385,8388
seq,t1.pc,6,50,8386,8389
seq,t2.dl,12,17,8387,8390
seq,t2.pc,6,37,8387,8390
seq,t3.pc,6,0,8388,8391
seq,t0.dl,12,82,8389,8392
seq,t0.pc,6,24,8389,8392
seq,t1.pc,6,50,8390,8393
seq,t2.dl,12,16,8391,8394
seq,t2.pc,6,37,8391,8394
seq,t3.pc,6,0,8392,8395
seq,t0.dl,12,81,8393,8396
seq,t0.pc,6,24,8393,8396
seq,t1.pc,6,50,8394,8397
seq,t2.dl,12,15,8395,8398
seq,t2.pc,6,37,8395,8398
seq,t3.pc,6,0,8396,8399
seq,t0.dl,12,80,8397,8400
seq,t0.pc,6,24,8397,8400
seq,t1.pc,6,50,8398,8401
seq,t2.dl,12,14,8399,8402
seq,t2.pc,6,37,8399,8402
seq,t3.pc,6,0,8400,8403
seq,t0.dl,12,79,8401,8404
seq,t0.pc,6,24,8401,8404
seq,t1.pc,6,50,8402,8405
seq,t2.dl,12,13,8403,8406
seq,t2.pc,6,37,8403,8406
seq,t3.pc,6,0,8404,8407
seq,t0.dl,12,78,8405,8408
seq,t0.pc,6,24,8405,8408
seq,t1.pc,6,50,8406,8409
seq,t2.dl,12,12,8407,8410
seq,t2.pc,6,37,8407,8410
seq,t3.pc,6,0,8408,8411
seq,t0.dl,12,77,8409,8412
seq,t0.pc,6,24,8409,8412
seq,t1.pc,6,50,8410,8413
seq,t2.dl,12,11,8411,8414
seq,t2.pc,6,37,8411,8414
seq,t3.pc,6,0,8412,8415
seq,t0.dl,12,76,8413,8416
seq,t0.pc,6,24,8413,8416
seq,t1.pc,6,50,8414,8417
seq,t2.dl,12,10,8415,8418
seq,t2.pc,6,37,8415,8418
seq,t3.pc,6,0,8416,8419
seq,t0.dl,12,75,8417,8420
seq,t0.pc,6,24,8417,8420
seq,t1.pc,6,50,8418,8421
seq,t2.dl,12,9,8419,8422
seq,t2.pc,6,37,8419,8422
seq,t3.pc,6,0,8420,8423
seq,t0.dl,12,74,8421,8424
seq,t0.pc,6,24,8421,8424
seq,t1.pc,6,50,8422,8425
seq,t2.dl,12,8,8423,8426
seq,t2.pc,6,37,8423,8426
seq,t3.pc,6,0,8424,8427
seq,t0.dl,12,73,8425,8428
seq,t0.pc,6,24,8425,8428
seq,t1.pc,6,50,8426,8429
seq,t2.dl,12,7,8427,8430
seq,t2.pc,6,37,8427,8430
seq,t3.pc,6,0,8428,8431
seq,t0.dl,12,72,8429,8432
seq,t0.pc,6,24,8429,8432
seq,t1.pc,6,50,8430,8433
seq,t2.dl,12,6,8431,8434
seq,t2.pc,6,37,8431,8434
seq,t3.pc,6,0,8432,8435
seq,t0.dl,12,71,8433,8436
seq,t0.pc,6,24,8433,8436
seq,t1.pc,6,50,8434,8437
seq,t2.dl,12,5,8435,8438
seq,t2.pc,6,37,8435,8438
seq,t3.pc,6,0,8436,8439
seq,t0.dl,12,70,8437,8440
seq,t0.pc,6,24,8437,8440
seq,t1.pc,6,50,8438,8441
seq,t2.dl,12,4,8439,8442
seq,t2.pc,6,37,8439,8442
seq,t3.pc,6,0,8440,8443
seq,t0.dl,12,69,8441,8444
seq,t0.pc,6,24,8441,8444
seq,t1.pc,6,50,8442,8445
seq,t2.dl,12,3,8443,8446
seq,t2.pc,6,37,8443,8446
seq,t3.pc,6,0,8444,8447
seq,t0.dl,12,68,8445,8448
seq,t0.pc,6,24,8445,8448
seq,t1.pc,6,50,8446,8449
seq,t2.dl,12,2,8447,8450
seq,t2.pc,6,37,8447,8450
seq,t3.pc,6,0,8448,8451
seq,t0.dl,12,67,8449,8452
seq,t0.pc,6,24,8449,8452
seq,t1.pc,6,50,8450,8453
seq,t2.dl,12,1,8451,8454
seq,t2.pc,6,37,8451,8454
seq,t3.pc,6,0,8452,8455
seq,t0.dl,12,66,8453,8456
seq,t0.pc,6,24,8453,8456
seq,t1.pc,6,50,8454,8457
seq,t2.pc,6,37,8455,8458
seq,t3.pc,6,0,8456,8459
seq,t0.dl,12,65,8457,8460
seq,t0.pc,6,24,8457,8460
seq,t1.pc,6,50,8458,8461
seq,t2.pc,6,38,8459,8462
seq,t3.pc,6,0,8460,8463
seq,t0.dl,12,64,8461,8464
seq,t0.pc,6,24,8461,8464
seq,t1.pc,6,50,8462,8465
seq,t2.dl,12,0,8455,8458
seq,t2.pc,6,39,8463,8466
seq,t3.pc,6,0,8464,8467
seq,t0.dl,12,63,8465,8468
seq,t0.pc,6,24,8465,8468
seq,t1.pc,6,50,8466,8469
seq,t2.dl,12,27,8467,8470
seq,t2.pc,6,40,8467,8470
seq,t3.pc,6,0,8468,8471
seq,t0.dl,12,62,8469,8472
seq,t0.pc,6,24,8469,8472
seq,t1.pc,6,50,8470,8473
seq,t2.dl,12,26,8471,8474
seq,t2.pc,6,40,8471,8474
seq,t3.pc,6,0,8472,8475
seq,t0.dl,12,61,8473,8476
seq,t0.pc,6,24,8473,8476
seq,t1.pc,6,50,8474,8477
seq,t2.dl,12,25,8475,8478
seq,t2.pc,6,40,8475,8478
seq,t3.pc,6,0,8476,8479
seq,t0.dl,12,60,8477,8480
seq,t0.pc,6,24,8477,8480
seq,t1.pc,6,50,8478,8481
seq,t2.dl,12,24,8479,8482
seq,t2.pc,6,40,8479,8482
seq,t3.pc,6,0,8480,8483
seq,t0.dl,12,59,8481,8484
seq,t0.pc,6,24,8481,8484
seq,t1.pc,6,50,8482,8485
seq,t2.dl,12,23,8483,8486
seq,t2.pc,6,40,8483,8486
seq,t3.pc,6,0,8484,8487
seq,t0.dl,12,58,8485,8488
seq,t0.pc,6,24,8485,8488
seq,t1.pc,6,50,8486,8489
seq,t2.dl,12,22,8487,8490
seq,t2.pc,6,40,8487,8490
seq,t3.pc,6,0,8488,8491
seq,t0.dl,12,57,8489,8492
seq,t0.pc,6,24,8489,8492
seq,t1.pc,6,50,8490,8493
seq,t2.dl,12,21,8491,8494
seq,t2.pc,6,40,8491,8494
seq,t3.pc,6,0,8492,8495
seq,t0.dl,12,56,8493,8496
seq,t0.pc,6,24,8493,8496
seq,t1.pc,6,50,8494,8497
seq,t2.dl,12,20,8495,8498
seq,t2.pc,6,40,8495,8498
seq,t3.pc,6,0,8496,8499
seq,t0.dl,12,55,8497,8500
seq,t0.pc,6,24,8497,8500
seq,t1.pc,6,50,8498,8501
seq,t2.dl,12,19,8499,8502
seq,t2.pc,6,40,8499,8502
seq,t3.pc,6,0,8500,8503
seq,t0.dl,12,54,8501,8504
seq,t0.pc,6,24,8501,8504
seq,t1.pc,6,50,8502,8505
seq,t2.dl,12,18,8503,8506
seq,t2.pc,6,40,8503,8506
seq,t3.pc,6,0,8504,8507
seq,t0.dl,12,53,8505,8508
seq,t0.pc,6,24,8505,8508
seq,t1.pc,6,50,8506,8509
seq,t2.dl,12,17,8507,8510
seq,t2.pc,6,40,8507,8510
seq,t3.pc,6,0,8508,8511
seq,t0.dl,12,52,8509,8512
seq,t0.pc,6,24,8509,8512
seq,t1.pc,6,50,8510,8513
seq,t2.dl,12,16,8511,8514
seq,t2.pc,6,40,8511,8514
seq,t3.pc,6,0,8512,8515
seq,t0.dl,12,51,8513,8516
seq,t0.pc,6,24,8513,8516
seq,t1.pc,6,50,8514,8517
seq,t2.dl,12,15,8515,8518
seq,t2.pc,6,40,8515,8518
seq,t3.pc,6,0,8516,8519
seq,t0.dl,12,50,8517,8520
seq,t0.pc,6,24,8517,8520
seq,t1.pc,6,50,8518,8521
seq,t2.dl,12,14,8519,8522
seq,t2.pc,6,40,8519,8522
seq,t3.pc,6,0,8520,8523
seq,t0.dl,12,49,8521,8524
seq,t0.pc,6,24,8521,8524
seq,t1.pc,6,50,8522,8525
seq,t2.dl,12,13,8523,8526
seq,t2.pc,6,40,8523,8526
seq,t3.pc,6,0,8524,8527
seq,t0.dl,12,48,8525,8528
seq,t0.pc,6,24,8525,8528
seq,t1.pc,6,50,8526,8529
seq,t2.dl,12,12,8527,8530
seq,t2.pc,6,40,8527,8530
seq,t3.pc,6,0,8528,8531
seq,t0.dl,12,47,8529,8532
seq,t0.pc,6,24,8529,8532
seq,t1.pc,6,50,8530,8533
seq,t2.dl,12,11,8531,8534
seq,t2.pc,6,40,8531,8534
seq,t3.pc,6,0,8532,8535
seq,t0.dl,12,46,8533,8536
seq,t0.pc,6,24,8533,8536
seq,t1.pc,6,50,8534,8537
seq,t2.dl,12,10,8535,8538
seq,t2.pc,6,40,8535,8538
seq,t3.pc,6,0,8536,8539
seq,t0.dl,12,45,8537,8540
seq,t0.pc,6,24,8537,8540
seq,t1.pc,6,50,8538,8541
seq,t2.dl,12,9,8539,8542
seq,t2.pc,6,40,8539,8542
seq,t3.pc,6,0,8540,8543
seq,t0.dl,12,44,8541,8544
seq,t0.pc,6,24,8541,8544
seq,t1.pc,6,50,8542,8545
seq,t2.dl,12,8,8543,8546
seq,t2.pc,6,40,8543,8546
seq,t3.pc,6,0,8544,8547
seq,t0.dl,12,43,8545,8548
seq,t0.pc,6,24,8545,8548
seq,t1.pc,6,50,8546,8549
seq,t2.dl,12,7,8547,8550
seq,t2.pc,6,40,8547,8550
seq,t3.pc,6,0,8548,8551
seq,t0.dl,12,42,8549,8552
seq,t0.pc,6,24,8549,8552
seq,t1.pc,6,50,8550,8553
seq,t2.dl,12,6,8551,8554
seq,t2.pc,6,40,8551,8554
seq,t3.pc,6,0,8552,8555
seq,t0.dl,12,41,8553,8556
seq,t0.pc,6,24,8553,8556
seq,t1.pc,6,50,8554,8557
seq,t2.dl,12,5,8555,8558
seq,t2.pc,6,40,8555,8558
seq,t3.pc,6,0,8556,8559
seq,t0.dl,12,40,8557,8560
seq,t0.pc,6,24,8557,8560
seq,t1.pc,6,50,8558,8561
seq,t2.dl,12,4,8559,8562
seq,t2.pc,6,40,8559,8562
seq,t3.pc,6,0,8560,8563
seq,t0.dl,12,39,8561,8564
seq,t0.pc,6,24,8561,8564
seq,t1.pc,6,50,8562,8565
seq,t2.dl,12,3,8563,8566
seq,t2.pc,6,40,8563,8566
seq,t3.pc,6,0,8564,8567
seq,t0.dl,12,38,8565,8568
seq,t0.pc,6,24,8565,8568
seq,t1.pc,6,50,8566,8569
seq,t2.dl,12,2,8567,8570
seq,t2.pc,6,40,8567,8570
seq,t3.pc,6,0,8568,8571
seq,t0.dl,12,37,8569,8572
seq,t0.pc,6,24,8569,8572
seq,t1.pc,6,50,8570,8573
seq,t2.dl,12,1,8571,8574
seq,t2.pc,6,40,8571,8574
seq,t3.pc,6,0,8572,8575
seq,t0.dl,12,36,8573,8576
seq,t0.pc,6,24,8573,8576
seq,t1.pc,6,50,8574,8577
seq,t2.pc,6,40,8575,8578
seq,t3.pc,6,0,8576,8579
seq,t0.dl,12,35,8577,8580
seq,t0.pc,6,24,8577,8580
seq,t1.pc,6,50,8578,8581
seq,t2.pc,6,41,8579,8582
seq,t3.pc,6,0,8580,8583
seq,t0.dl,12,34,8581,8584
seq,t0.pc,6,24,8581,8584
seq,t1.pc,6,50,8582,8585
seq,t2.pc,6,42,8583,8586
seq,t3.pc,6,0,8584,8587
seq,t0.dl,12,33,8585,8588
seq,t0.pc,6,24,8585,8588
seq,t1.pc,6,50,8586,8589
seq,t2.dl,12,0,8575,8578
seq,t2.pc,6,43,8587,8590
seq,t3.pc,6,0,8588,8591
seq,t0.dl,12,32,8589,8592
seq,t0.pc,6,24,8589,8592
seq,t1.pc,6,50,8590,8593
seq,t2.dl,12,28,8591,8594
seq,t2.pc,6,44,8591,8594
seq,t3.pc,6,0,8592,8595
seq,t0.dl,12,31,8593,8596
seq,t0.pc,6,24,8593,8596
seq,t1.pc,6,50,8594,8597
seq,t2.dl,12,27,8595,8598
seq,t2.pc,6,44,8595,8598
seq,t3.pc,6,0,8596,8599
seq,t0.dl,12,30,8597,8600
seq,t0.pc,6,24,8597,8600
seq,t1.pc,6,50,8598,8601
seq,t2.dl,12,26,8599,8602
seq,t2.pc,6,44,8599,8602
seq,t3.pc,6,0,8600,8603
seq,t0.dl,12,29,8601,8604
seq,t0.pc,6,24,8601,8604
seq,t1.pc,6,50,8602,8605
seq,t2.dl,12,25,8603,8606
seq,t2.pc,6,44,8603,8606
seq,t3.pc,6,0,8604,8607
seq,t0.dl,12,28,8605,8608
seq,t0.pc,6,24,8605,8608
seq,t1.pc,6,50,8606,8609
seq,t2.dl,12,24,8607,8610
seq,t2.pc,6,44,8607,8610
seq,t3.pc,6,0,8608,8611
seq,t0.dl,12,27,8609,8612
seq,t0.pc,6,24,8609,8612
seq,t1.pc,6,50,8610,8613
seq,t2.dl,12,23,8611,8614
seq,t2.pc,6,44,8611,8614
seq,t3.pc,6,0,8612,8615
seq,t0.dl,12,26,8613,8616
seq,t0.pc,6,24,8613,8616
seq,t1.pc,6,50,8614,8617
seq,t2.dl,12,22,8615,8618
seq,t2.pc,6,44,8615,8618
seq,t3.pc,6,0,8616,8619
seq,t0.dl,12,25,8617,8620
seq,t0.pc,6,24,8617,8620
seq,t1.pc,6,50,8618,8621
seq,t2.dl,12,21,8619,8622
seq,t2.pc,6,44,8619,8622
seq,t3.pc,6,0,8620,8623
seq,t0.dl,12,24,8621,8624
seq,t0.pc,6,24,8621,8624
seq,t1.pc,6,50,8622,8625
seq,t2.dl,12,20,8623,8626
seq,t2.pc,6,44,8623,8626
seq,t3.pc,6,0,8624,8627
seq,t0.dl,12,23,8625,8628
seq,t0.pc,6,24,8625,8628
seq,t1.pc,6,50,8626,8629
seq,t2.dl,12,19,8627,8630
seq,t2.pc,6,44,8627,8630
seq,t3.pc,6,0,8628,8631
seq,t0.dl,12,22,8629,8632
seq,t0.pc,6,24,8629,8632
seq,t1.pc,6,50,8630,8633
seq,t2.dl,12,18,8631,8634
seq,t2.pc,6,44,8631,8634
seq,t3.pc,6,0,8632,8635
seq,t0.dl,12,21,8633,8636
seq,t0.pc,6,24,8633,8636
seq,t1.pc,6,50,8634,8637
seq,t2.dl,12,17,8635,8638
seq,t2.pc,6,44,8635,8638
seq,t3.pc,6,0,8636,8639
seq,t0.dl,12,20,8637,8640
seq,t0.pc,6,24,8637,8640
seq,t1.pc,6,50,8638,8641
seq,t2.dl,12,16,8639,8642
seq,t2.pc,6,44,8639,8642
seq,t3.pc,6,0,8640,8643
seq,t0.dl,12,19,8641,8644
seq,t0.pc,6,24,8641,8644
seq,t1.pc,6,50,8642,8645
seq,t2.dl,12,15,8643,8646
seq,t2.pc,6,44,8643,8646
seq,t3.pc,6,0,8644,8647
seq,t0.dl,12,18,8645,8648
seq,t0.pc,6,24,8645,8648
seq,t1.pc,6,50,8646,8649
seq,t2.dl,12,14,8647,8650
seq,t2.pc,6,44,8647,8650
seq,t3.pc,6,0,8648,8651
seq,t0.dl,12,17,8649,8652
seq,t0.pc,6,24,8649,8652
seq,t1.pc,6,50,8650,8653
seq,t2.dl,12,13,8651,8654
seq,t2.pc,6,44,8651,8654
seq,t3.pc,6,0,8652,8655
seq,t0.dl,12,16,8653,8656
seq,t0.pc,6,24,8653,8656
seq,t1.pc,6,50,8654,8657
seq,t2.dl,12,12,8655,8658
seq,t2.pc,6,44,8655,8658
seq,t3.pc,6,0,8656,8659
seq,t0.dl,12,15,8657,8660
seq,t0.pc,6,24,8657,8660
seq,t1.pc,6,50,8658,8661
seq,t2.dl,12,11,8659,8662
seq,t2.pc,6,44,8659,8662
seq,t3.pc,6,0,8660,8663
seq,t0.dl,12,14,8661,8664
seq,t0.pc,6,24,8661,8664
seq,t1.pc,6,50,8662,8665
seq,t2.dl,12,10,8663,8666
seq,t2.pc,6,44,8663,8666
seq,t3.pc,6,0,8664,8667
seq,t0.dl,12,13,8665,8668
seq,t0.pc,6,24,8665,8668
seq,t1.pc,6,50,8666,8669
seq,t2.dl,12,9,8667,8670
seq,t2.pc,6,44,8667,8670
seq,t3.pc,6,0,8668,8671
seq,t0.dl,12,12,8669,8672
seq,t0.pc,6,24,8669,8672
seq,t1.pc,6,50,8670,8673
seq,t2.dl,12,8,8671,8674
seq,t2.pc,6,44,8671,8674
seq,t3.pc,6,0,8672,8675
seq,t0.dl,12,11,8673,8676
seq,t0.pc,6,24,8673,8676
seq,t1.pc,6,50,8674,8677
seq,t2.dl,12,7,8675,8678
seq,t2.pc,6,44,8675,8678
seq,t3.pc,6,0,8676,8679
seq,t0.dl,12,10,8677,8680
seq,t0.pc,6,24,8677,8680
seq,t1.pc,6,50,8678,8681
seq,t2.dl,12,6,8679,8682
seq,t2.pc,6,44,8679,8682
seq,t3.pc,6,0,8680,8683
seq,t0.dl,12,9,8681,8684
seq,t0.pc,6,24,8681,8684
seq,t1.pc,6,50,8682,8685
seq,t2.dl,12,5,8683,8686
seq,t2.pc,6,44,8683,8686
seq,t3.pc,6,0,8684,8687
seq,t0.dl,12,8,8685,8688
seq,t0.pc,6,24,8685,8688
seq,t1.pc,6,50,8686,8689
seq,t2.dl,12,4,8687,8690
seq,t2.pc,6,44,8687,8690
seq,t3.pc,6,0,8688,8691
seq,t0.dl,12,7,8689,8692
seq,t0.pc,6,24,8689,8692
seq,t1.pc,6,50,8690,8693
seq,t2.dl,12,3,8691,8694
seq,t2.pc,6,44,8691,8694
seq,t3.pc,6,0,8692,8695
seq,t0.dl,12,6,8693,8696
seq,t0.pc,6,24,8693,8696
seq,t1.pc,6,50,8694,8697
seq,t2.dl,12,2,8695,8698
seq,t2.pc,6,44,8695,8698
seq,t3.pc,6,0,8696,8699
seq,t0.dl,12,5,8697,8700
seq,t0.pc,6,24,8697,8700
seq,t1.pc,6,50,8698,8701
seq,t2.dl,12,1,8699,8702
seq,t2.pc,6,44,8699,8702
seq,t3.pc,6,0,8700,8703
seq,t0.dl,12,4,8701,8704
seq,t0.pc,6,24,8701,8704
seq,t1.pc,6,50,8702,8705
seq,t2.pc,6,44,8703,8706
seq,t3.pc,6,0,8704,8707
seq,t0.dl,12,3,8705,8708
seq,t0.pc,6,24,8705,8708
seq,t1.pc,6,50,8706,8709
seq,t2.pc,6,45,8707,8710
seq,t3.pc,6,0,8708,8711
seq,t0.dl,12,2,8709,8712
seq,t0.pc,6,24,8709,8712
seq,t1.pc,6,50,8710,8713
seq,t2.dl,12,0,8703,8706
seq,t2.pc,6,46,8711,8714
seq,t3.pc,6,0,8712,8715
seq,t0.dl,12,1,8713,8716
seq,t0.pc,6,24,8713,8716
seq,t1.pc,6,50,8714,8717
seq,t2.dl,12,28,8715,8718
seq,t2.pc,6,47,8715,8718
seq,t3.pc,6,0,8716,8719
seq,t0.pc,6,24,8717,8720
seq,t1.pc,6,50,8718,8721
seq,t2.dl,12,27,8719,8722
seq,t2.pc,6,47,8719,8722
seq,t3.pc,6,0,8720,8723
seq,t0.acc,8,0,7857,-1
seq,t0.pc,6,25,8721,8724
seq,t1.pc,6,50,8722,8725
seq,t2.dl,12,26,8723,8726
seq,t2.pc,6,47,8723,8726
seq,t3.pc,6,0,8724,8727
seq,t0.pc,6,26,8725,8728
seq,t1.pc,6,50,8726,8729
seq,t2.dl,12,25,8727,8730
seq,t2.pc,6,47,8727,8730
seq,t3.pc,6,0,8728,8731
seq,t0.dl,12,0,8717,8720
seq,t0.pc,6,27,8729,8732
seq,t1.pc,6,50,8730,8733
seq,t2.dl,12,24,8731,8734
seq,t2.pc,6,47,8731,8734
seq,t3.pc,6,0,8732,8735
seq,t0.dl,12,105,8733,8736
seq,t0.pc,6,28,8733,8736
seq,t1.pc,6,50,8734,8737
seq,t2.dl,12,23,8735,8738
seq,t2.pc,6,47,8735,8738
seq,t3.pc,6,0,8736,8739
seq,t0.dl,12,104,8737,8740
seq,t0.pc,6,28,8737,8740
seq,t1.pc,6,50,8738,8741
seq,t2.dl,12,22,8739,8742
seq,t2.pc,6,47,8739,8742
seq,t3.pc,6,0,8740,8743
seq,t0.dl,12,103,8741,8744
seq,t0.pc,6,28,8741,8744
seq,t1.pc,6,50,8742,8745
seq,t2.dl,12,21,8743,8746
seq,t2.pc,6,47,8743,8746
seq,t3.pc,6,0,8744,8747
seq,t0.dl,12,102,8745,8748
seq,t0.pc,6,28,8745,8748
seq,t1.pc,6,50,8746,8749
seq,t2.dl,12,20,8747,8750
seq,t2.pc,6,47,8747,8750
seq,t3.pc,6,0,8748,8751
seq,t0.dl,12,101,8749,8752
seq,t0.pc,6,28,8749,8752
seq,t1.pc,6,50,8750,8753
seq,t2.dl,12,19,8751,8754
seq,t2.pc,6,47,8751,8754
seq,t3.pc,6,0,8752,8755
seq,t0.dl,12,100,8753,8756
seq,t0.pc,6,28,8753,8756
seq,t1.pc,6,50,8754,8757
seq,t2.dl,12,18,8755,8758
seq,t2.pc,6,47,8755,8758
seq,t3.pc,6,0,8756,8759
seq,t0.dl,12,99,8757,8760
seq,t0.pc,6,28,8757,8760
seq,t1.pc,6,50,8758,8761
seq,t2.dl,12,17,8759,8762
seq,t2.pc,6,47,8759,8762
seq,t3.pc,6,0,8760,8763
seq,t0.dl,12,98,8761,8764
seq,t0.pc,6,28,8761,8764
seq,t1.pc,6,50,8762,8765
seq,t2.dl,12,16,8763,8766
seq,t2.pc,6,47,8763,8766
seq,t3.pc,6,0,8764,8767
seq,t0.dl,12,97,8765,8768
seq,t0.pc,6,28,8765,8768
seq,t1.pc,6,50,8766,8769
seq,t2.dl,12,15,8767,8770
seq,t2.pc,6,47,8767,8770
seq,t3.pc,6,0,8768,8771
seq,t0.dl,12,96,8769,8772
seq,t0.pc,6,28,8769,8772
seq,t1.pc,6,50,8770,8773
seq,t2.dl,12,14,8771,8774
seq,t2.pc,6,47,8771,8774
seq,t3.pc,6,0,8772,8775
seq,t0.dl,12,95,8773,8776
seq,t0.pc,6,28,8773,8776
seq,t1.pc,6,50,8774,8777
seq,t2.dl,12,13,8775,8778
seq,t2.pc,6,47,8775,8778
seq,t3.pc,6,0,8776,8779
seq,t0.dl,12,94,8777,8780
seq,t0.pc,6,28,8777,8780
seq,t1.pc,6,50,8778,8781
seq,t2.dl,12,12,8779,8782
seq,t2.pc,6,47,8779,8782
seq,t3.pc,6,0,8780,8783
seq,t0.dl,12,93,8781,8784
seq,t0.pc,6,28,8781,8784
seq,t1.pc,6,50,8782,8785
seq,t2.dl,12,11,8783,8786
seq,t2.pc,6,47,8783,8786
seq,t3.pc,6,0,8784,8787
seq,t0.dl,12,92,8785,8788
seq,t0.pc,6,28,8785,8788
seq,t1.pc,6,50,8786,8789
seq,t2.dl,12,10,8787,8790
seq,t2.pc,6,47,8787,8790
seq,t3.pc,6,0,8788,8791
seq,t0.dl,12,91,8789,8792
seq,t0.pc,6,28,8789,8792
seq,t1.pc,6,50,8790,8793
seq,t2.dl,12,9,8791,8794
seq,t2.pc,6,47,8791,8794
seq,t3.pc,6,0,8792,8795
seq,t0.dl,12,90,8793,8796
seq,t0.pc,6,28,8793,8796
seq,t1.pc,6,50,8794,8797
seq,t2.dl,12,8,8795,8798
seq,t2.pc,6,47,8795,8798
seq,t3.pc,6,0,8796,8799
seq,t0.dl,12,89,8797,8800
seq,t0.pc,6,28,8797,8800
seq,t1.pc,6,50,8798,8801
seq,t2.dl,12,7,8799,8802
seq,t2.pc,6,47,8799,8802
seq,t3.pc,6,0,8800,8803
seq,t0.dl,12,88,8801,8804
seq,t0.pc,6,28,8801,8804
seq,t1.pc,6,50,8802,8805
seq,t2.dl,12,6,8803,8806
seq,t2.pc,6,47,8803,8806
seq,t3.pc,6,0,8804,8807
seq,t0.dl,12,87,8805,8808
seq,t0.pc,6,28,8805,8808
seq,t1.pc,6,50,8806,8809
seq,t2.dl,12,5,8807,8810
seq,t2.pc,6,47,8807,8810
seq,t3.pc,6,0,8808,8811
seq,t0.dl,12,86,8809,8812
seq,t0.pc,6,28,8809,8812
seq,t1.pc,6,50,8810,8813
seq,t2.dl,12,4,8811,8814
seq,t2.pc,6,47,8811,8814
seq,t3.pc,6,0,8812,8815
seq,t0.dl,12,85,8813,8816
seq,t0.pc,6,28,8813,8816
seq,t1.pc,6,50,8814,8817
seq,t2.dl,12,3,8815,8818
seq,t2.pc,6,47,8815,8818
seq,t3.pc,6,0,8816,8819
seq,t0.dl,12,84,8817,8820
seq,t0.pc,6,28,8817,8820
seq,t1.pc,6,50,8818,8821
seq,t2.dl,12,2,8819,8822
seq,t2.pc,6,47,8819,8822
seq,t3.pc,6,0,8820,8823
seq,t0.dl,12,83,8821,8824
seq,t0.pc,6,28,8821,8824
seq,t1.pc,6,50,8822,8825
seq,t2.dl,12,1,8823,8826
seq,t2.pc,6,47,8823,8826
seq,t3.pc,6,0,8824,8827
seq,t0.dl,12,82,8825,8828
seq,t0.pc,6,28,8825,8828
seq,t1.pc,6,50,8826,8829
seq,t2.pc,6,47,8827,8830
seq,t3.pc,6,0,8828,8831
seq,t0.dl,12,81,8829,8832
seq,t0.pc,6,28,8829,8832
seq,t1.pc,6,50,8830,8833
seq,t2.acc,8,0,8091,8834
seq,t2.cnt,12,0,8091,8834
seq,t2.pc,6,48,8831,8834
seq,t3.pc,6,0,8832,8835
seq,t0.dl,12,80,8833,8836
seq,t0.pc,6,28,8833,8836
seq,t1.pc,6,50,8834,8837
seq,t2.dl,12,0,8827,8830
seq,t2.pc,6,49,8835,8838
seq,t3.pc,6,0,8836,8839
seq,t0.dl,12,79,8837,8840
seq,t0.pc,6,28,8837,8840
seq,t1.pc,6,50,8838,8841
seq,t2.dl,12,28,8839,8842
seq,t2.pc,6,50,8839,8842
seq,t3.pc,6,0,8840,8843
seq,t0.dl,12,78,8841,8844
seq,t0.pc,6,28,8841,8844
seq,t1.pc,6,50,8842,8845
seq,t2.dl,12,27,8843,8846
seq,t2.pc,6,50,8843,8846
seq,t3.pc,6,0,8844,8847
seq,t0.dl,12,77,8845,8848
seq,t0.pc,6,28,8845,8848
seq,t1.pc,6,50,8846,8849
seq,t2.dl,12,26,8847,8850
seq,t2.pc,6,50,8847,8850
seq,t3.pc,6,0,8848,8851
seq,t0.dl,12,76,8849,8852
seq,t0.pc,6,28,8849,8852
seq,t1.pc,6,50,8850,8853
seq,t2.dl,12,25,8851,8854
seq,t2.pc,6,50,8851,8854
seq,t3.pc,6,0,8852,8855
seq,t0.dl,12,75,8853,8856
seq,t0.pc,6,28,8853,8856
seq,t1.pc,6,50,8854,8857
seq,t2.dl,12,24,8855,8858
seq,t2.pc,6,50,8855,8858
seq,t3.pc,6,0,8856,8859
seq,t0.dl,12,74,8857,8860
seq,t0.pc,6,28,8857,8860
seq,t1.pc,6,50,8858,8861
seq,t2.dl,12,23,8859,8862
seq,t2.pc,6,50,8859,8862
seq,t3.pc,6,0,8860,8863
seq,t0.dl,12,73,8861,8864
seq,t0.pc,6,28,8861,8864
seq,t1.pc,6,50,8862,8865
seq,t2.dl,12,22,8863,8866
seq,t2.pc,6,50,8863,8866
seq,t3.pc,6,0,8864,8867
seq,t0.dl,12,72,8865,8868
seq,t0.pc,6,28,8865,8868
seq,t1.pc,6,50,8866,8869
seq,t2.dl,12,21,8867,8870
seq,t2.pc,6,50,8867,8870
seq,t3.pc,6,0,8868,8871
seq,t0.dl,12,71,8869,8872
seq,t0.pc,6,28,8869,8872
seq,t1.pc,6,50,8870,8873
seq,t2.dl,12,20,8871,8874
seq,t2.pc,6,50,8871,8874
seq,t3.pc,6,0,8872,8875
seq,t0.dl,12,70,8873,8876
seq,t0.pc,6,28,8873,8876
seq,t1.pc,6,50,8874,8877
seq,t2.dl,12,19,8875,8878
seq,t2.pc,6,50,8875,8878
seq,t3.pc,6,0,8876,8879
seq,t0.dl,12,69,8877,8880
seq,t0.pc,6,28,8877,8880
seq,t1.pc,6,50,8878,8881
seq,t2.dl,12,18,8879,8882
seq,t2.pc,6,50,8879,8882
seq,t3.pc,6,0,8880,8883
seq,t0.dl,12,68,8881,8884
seq,t0.pc,6,28,8881,8884
seq,t1.pc,6,50,8882,8885
seq,t2.dl,12,17,8883,8886
seq,t2.pc,6,50,8883,8886
seq,t3.pc,6,0,8884,8887
seq,t0.dl,12,67,8885,8888
seq,t0.pc,6,28,8885,8888
seq,t1.pc,6,50,8886,8889
seq,t2.dl,12,16,8887,8890
seq,t2.pc,6,50,8887,8890
seq,t3.pc,6,0,8888,8891
seq,t0.dl,12,66,8889,8892
seq,t0.pc,6,28,8889,8892
seq,t1.pc,6,50,8890,8893
seq,t2.dl,12,15,8891,8894
seq,t2.pc,6,50,8891,8894
seq,t3.pc,6,0,8892,8895
seq,t0.dl,12,65,8893,8896
seq,t0.pc,6,28,8893,8896
seq,t1.pc,6,50,8894,8897
seq,t2.dl,12,14,8895,8898
seq,t2.pc,6,50,8895,8898
seq,t3.pc,6,0,8896,8899
seq,t0.dl,12,64,8897,8900
seq,t0.pc,6,28,8897,8900
seq,t1.pc,6,50,8898,8901
seq,t2.dl,12,13,8899,8902
seq,t2.pc,6,50,8899,8902
seq,t3.pc,6,0,8900,8903
seq,t0.dl,12,63,8901,8904
seq,t0.pc,6,28,8901,8904
seq,t1.pc,6,50,8902,8905
seq,t2.dl,12,12,8903,8906
seq,t2.pc,6,50,8903,8906
seq,t3.pc,6,0,8904,8907
seq,t0.dl,12,62,8905,8908
seq,t0.pc,6,28,8905,8908
seq,t1.pc,6,50,8906,8909
seq,t2.dl,12,11,8907,8910
seq,t2.pc,6,50,8907,8910
seq,t3.pc,6,0,8908,8911
seq,t0.dl,12,61,8909,8912
seq,t0.pc,6,28,8909,8912
seq,t1.pc,6,50,8910,8913
seq,t2.dl,12,10,8911,8914
seq,t2.pc,6,50,8911,8914
seq,t3.pc,6,0,8912,8915
seq,t0.dl,12,60,8913,8916
seq,t0.pc,6,28,8913,8916
seq,t1.pc,6,50,8914,8917
seq,t2.dl,12,9,8915,8918
seq,t2.pc,6,50,8915,8918
seq,t3.pc,6,0,8916,8919
seq,t0.dl,12,59,8917,8920
seq,t0.pc,6,28,8917,8920
seq,t1.pc,6,50,8918,8921
seq,t2.dl,12,8,8919,8922
seq,t2.pc,6,50,8919,8922
seq,t3.pc,6,0,8920,8923
seq,t0.dl,12,58,8921,8924
seq,t0.pc,6,28,8921,8924
seq,t1.pc,6,50,8922,8925
seq,t2.dl,12,7,8923,8926
seq,t2.pc,6,50,8923,8926
seq,t3.pc,6,0,8924,8927
seq,t0.dl,12,57,8925,8928
seq,t0.pc,6,28,8925,8928
seq,t1.pc,6,50,8926,8929
seq,t2.dl,12,6,8927,8930
seq,t2.pc,6,50,8927,8930
seq,t3.pc,6,0,8928,8931
seq,t0.dl,12,56,8929,8932
seq,t0.pc,6,28,8929,8932
seq,t1.pc,6,50,8930,8933
seq,t2.dl,12,5,8931,8934
seq,t2.pc,6,50,8931,8934
seq,t3.pc,6,0,8932,8935
seq,t0.dl,12,55,8933,8936
seq,t0.pc,6,28,8933,8936
seq,t1.pc,6,50,8934,8937
seq,t2.dl,12,4,8935,8938
seq,t2.pc,6,50,8935,8938
seq,t3.pc,6,0,8936,8939
seq,t0.dl,12,54,8937,8940
seq,t0.pc,6,28,8937,8940
seq,t1.pc,6,50,8938,8941
seq,t2.dl,12,3,8939,8942
seq,t2.pc,6,50,8939,8942
seq,t3.pc,6,0,8940,8943
seq,t0.dl,12,53,8941,8944
seq,t0.pc,6,28,8941,8944
seq,t1.pc,6,50,8942,8945
seq,t2.dl,12,2,8943,8946
seq,t2.pc,6,50,8943,8946
seq,t3.pc,6,0,8944,8947
seq,t0.dl,12,52,8945,8948
seq,t0.pc,6,28,8945,8948
seq,t1.pc,6,50,8946,8949
seq,t2.dl,12,1,8947,8950
seq,t2.pc,6,50,8947,8950
seq,t3.pc,6,0,8948,8951
seq,t0.dl,12,51,8949,8952
seq,t0.pc,6,28,8949,8952
seq,t1.pc,6,50,8950,8953
seq,t2.pc,6,50,8951,8954
seq,t3.pc,6,0,8952,8955
seq,t0.dl,12,50,8953,8956
seq,t0.pc,6,28,8953,8956
seq,t1.pc,6,50,8954,8957
seq,t2.pc,6,51,8955,8958
seq,t3.pc,6,0,8956,8959
seq,t0.dl,12,49,8957,8960
seq,t0.pc,6,28,8957,8960
seq,t1.pc,6,50,8958,8961
seq,t2.dl,12,0,8951,8954
seq,t2.pc,6,52,8959,8962
seq,t3.pc,6,0,8960,8963
seq,t0.dl,12,48,8961,8964
seq,t0.pc,6,28,8961,8964
seq,t1.pc,6,50,8962,8965
seq,t2.dl,12,28,8963,8966
seq,t2.pc,6,53,8963,8966
seq,t3.pc,6,0,8964,8967
seq,t0.dl,12,47,8965,8968
seq,t0.pc,6,28,8965,8968
seq,t1.pc,6,50,8966,8969
seq,t2.dl,12,27,8967,8970
seq,t2.pc,6,53,8967,8970
seq,t3.pc,6,0,8968,8971
seq,t0.dl,12,46,8969,8972
seq,t0.pc,6,28,8969,8972
seq,t1.pc,6,50,8970,8973
seq,t2.dl,12,26,8971,8974
seq,t2.pc,6,53,8971,8974
seq,t3.pc,6,0,8972,8975
seq,t0.dl,12,45,8973,8976
seq,t0.pc,6,28,8973,8976
seq,t1.pc,6,50,8974,8977
seq,t2.dl,12,25,8975,8978
seq,t2.pc,6,53,8975,8978
seq,t3.pc,6,0,8976,8979
seq,t0.dl,12,44,8977,8980
seq,t0.pc,6,28,8977,8980
seq,t1.pc,6,50,8978,8981
seq,t2.dl,12,24,8979,8982
seq,t2.pc,6,53,8979,8982
seq,t3.pc,6,0,8980,8983
seq,t0.dl,12,43,8981,8984
seq,t0.pc,6,28,8981,8984
seq,t1.pc,6,50,8982,8985
seq,t2.dl,12,23,8983,8986
seq,t2.pc,6,53,8983,8986
seq,t3.pc,6,0,8984,8987
seq,t0.dl,12,42,8985,8988
seq,t0.pc,6,28,8985,8988
seq,t1.pc,6,50,8986,8989
seq,t2.dl,12,22,8987,8990
seq,t2.pc,6,53,8987,8990
seq,t3.pc,6,0,8988,8991
seq,t0.dl,12,41,8989,8992
seq,t0.pc,6,28,8989,8992
seq,t1.pc,6,50,8990,8993
seq,t2.dl,12,21,8991,8994
seq,t2.pc,6,53,8991,8994
seq,t3.pc,6,0,8992,8995
seq,t0.dl,12,40,8993,8996
seq,t0.pc,6,28,8993,8996
seq,t1.pc,6,50,8994,8997
seq,t2.dl,12,20,8995,8998
seq,t2.pc,6,53,8995,8998
seq,t3.pc,6,0,8996,8999
seq,t0.dl,12,39,8997,9000
seq,t0.pc,6,28,8997,9000
seq,t1.pc,6,50,8998,9001
seq,t2.dl,12,19,8999,9002
seq,t2.pc,6,53,8999,9002
seq,t3.pc,6,0,9000,9003
seq,t0.dl,12,38,9001,9004
seq,t0.pc,6,28,9001,9004
seq,t1.pc,6,50,9002,9005
seq,t2.dl,12,18,9003,9006
seq,t2.pc,6,53,9003,9006
seq,t3.pc,6,0,9004,9007
seq,t0.dl,12,37,9005,9008
seq,t0.pc,6,28,9005,9008
seq,t1.pc,6,50,9006,9009
seq,t2.dl,12,17,9007,9010
seq,t2.pc,6,53,9007,9010
seq,t3.pc,6,0,9008,9011
seq,t0.dl,12,36,9009,9012
seq,t0.pc,6,28,9009,9012
seq,t1.pc,6,50,9010,9013
seq,t2.dl,12,16,9011,9014
seq,t2.pc,6,53,9011,9014
seq,t3.pc,6,0,9012,9015
seq,t0.dl,12,35,9013,9016
seq,t0.pc,6,28,9013,9016
seq,t1.pc,6,50,9014,9017
seq,t2.dl,12,15,9015,9018
seq,t2.pc,6,53,9015,9018
seq,t3.pc,6,0,9016,9019
seq,t0.dl,12,34,9017,9020
seq,t0.pc,6,28,9017,9020
seq,t1.pc,6,50,9018,9021
seq,t2.dl,12,14,9019,9022
seq,t2.pc,6,53,9019,9022
seq,t3.pc,6,0,9020,9023
seq,t0.dl,12,33,9021,9024
seq,t0.pc,6,28,9021,9024
seq,t1.pc,6,50,9022,9025
seq,t2.dl,12,13,9023,9026
seq,t2.pc,6,53,9023,9026
seq,t3.pc,6,0,9024,9027
seq,t0.dl,12,32,9025,9028
seq,t0.pc,6,28,9025,9028
seq,t1.pc,6,50,9026,9029
seq,t2.dl,12,12,9027,9030
seq,t2.pc,6,53,9027,9030
seq,t3.pc,6,0,9028,9031
seq,t0.dl,12,31,9029,9032
seq,t0.pc,6,28,9029,9032
seq,t1.pc,6,50,9030,9033
seq,t2.dl,12,11,9031,9034
seq,t2.pc,6,53,9031,9034
seq,t3.pc,6,0,9032,9035
seq,t0.dl,12,30,9033,9036
seq,t0.pc,6,28,9033,9036
seq,t1.pc,6,50,9034,9037
seq,t2.dl,12,10,9035,9038
seq,t2.pc,6,53,9035,9038
seq,t3.pc,6,0,9036,9039
seq,t0.dl,12,29,9037,9040
seq,t0.pc,6,28,9037,9040
seq,t1.pc,6,50,9038,9041
seq,t2.dl,12,9,9039,9042
seq,t2.pc,6,53,9039,9042
seq,t3.pc,6,0,9040,9043
seq,t0.dl,12,28,9041,9044
seq,t0.pc,6,28,9041,9044
seq,t1.pc,6,50,9042,9045
seq,t2.dl,12,8,9043,9046
seq,t2.pc,6,53,9043,9046
seq,t3.pc,6,0,9044,9047
seq,t0.dl,12,27,9045,9048
seq,t0.pc,6,28,9045,9048
seq,t1.pc,6,50,9046,9049
seq,t2.dl,12,7,9047,9050
seq,t2.pc,6,53,9047,9050
seq,t3.pc,6,0,9048,9051
seq,t0.dl,12,26,9049,9052
seq,t0.pc,6,28,9049,9052
seq,t1.pc,6,50,9050,9053
seq,t2.dl,12,6,9051,9054
seq,t2.pc,6,53,9051,9054
seq,t3.pc,6,0,9052,9055
seq,t0.dl,12,25,9053,9056
seq,t0.pc,6,28,9053,9056
seq,t1.pc,6,50,9054,9057
seq,t2.dl,12,5,9055,9058
seq,t2.pc,6,53,9055,9058
seq,t3.pc,6,0,9056,9059
seq,t0.dl,12,24,9057,9060
seq,t0.pc,6,28,9057,9060
seq,t1.pc,6,50,9058,9061
seq,t2.dl,12,4,9059,9062
seq,t2.pc,6,53,9059,9062
seq,t3.pc,6,0,9060,9063
seq,t0.dl,12,23,9061,9064
seq,t0.pc,6,28,9061,9064
seq,t1.pc,6,50,9062,9065
seq,t2.dl,12,3,9063,9066
seq,t2.pc,6,53,9063,9066
seq,t3.pc,6,0,9064,9067
seq,t0.dl,12,22,9065,9068
seq,t0.pc,6,28,9065,9068
seq,t1.pc,6,50,9066,9069
seq,t2.dl,12,2,9067,9070
seq,t2.pc,6,53,9067,9070
seq,t3.pc,6,0,9068,9071
seq,t0.dl,12,21,9069,9072
seq,t0.pc,6,28,9069,9072
seq,t1.pc,6,50,9070,9073
seq,t2.dl,12,1,9071,9074
seq,t2.pc,6,53,9071,9074
seq,t3.pc,6,0,9072,9075
seq,t0.dl,12,20,9073,9076
seq,t0.pc,6,28,9073,9076
seq,t1.pc,6,50,9074,9077
seq,t2.pc,6,53,9075,9078
seq,t3.pc,6,0,9076,9079
seq,t0.dl,12,19,9077,9080
seq,t0.pc,6,28,9077,9080
seq,t1.pc,6,50,9078,9081
seq,t2.pc,6,54,9079,9082
seq,t3.pc,6,0,9080,9083
seq,t0.dl,12,18,9081,9084
seq,t0.pc,6,28,9081,9084
seq,t1.pc,6,50,9082,9085
seq,t2.pc,6,55,9083,9086
seq,t3.pc,6,0,9084,9087
seq,t0.dl,12,17,9085,9088
seq,t0.pc,6,28,9085,9088
seq,t1.pc,6,50,9086,9089
seq,t2.dl,12,0,9075,9078
seq,t2.pc,6,56,9087,9090
seq,t3.pc,6,0,9088,9091
seq,t0.dl,12,16,9089,9092
seq,t0.pc,6,28,9089,9092
seq,t1.pc,6,50,9090,9093
seq,t2.dl,12,28,9091,9094
seq,t2.pc,6,57,9091,9094
seq,t3.pc,6,0,9092,9095
seq,t0.dl,12,15,9093,9096
seq,t0.pc,6,28,9093,9096
seq,t1.pc,6,50,9094,9097
seq,t2.dl,12,27,9095,9098
seq,t2.pc,6,57,9095,9098
seq,t3.pc,6,0,9096,9099
seq,t0.dl,12,14,9097,9100
seq,t0.pc,6,28,9097,9100
seq,t1.pc,6,50,9098,9101
seq,t2.dl,12,26,9099,9102
seq,t2.pc,6,57,9099,9102
seq,t3.pc,6,0,9100,9103
seq,t0.dl,12,13,9101,9104
seq,t0.pc,6,28,9101,9104
seq,t1.pc,6,50,9102,9105
seq,t2.dl,12,25,9103,9106
seq,t2.pc,6,57,9103,9106
seq,t3.pc,6,0,9104,9107
seq,t0.dl,12,12,9105,9108
seq,t0.pc,6,28,9105,9108
seq,t1.pc,6,50,9106,9109
seq,t2.dl,12,24,9107,9110
seq,t2.pc,6,57,9107,9110
seq,t3.pc,6,0,9108,9111
seq,t0.dl,12,11,9109,9112
seq,t0.pc,6,28,9109,9112
seq,t1.pc,6,50,9110,9113
seq,t2.dl,12,23,9111,9114
seq,t2.pc,6,57,9111,9114
seq,t3.pc,6,0,9112,9115
seq,t0.dl,12,10,9113,9116
seq,t0.pc,6,28,9113,9116
seq,t1.pc,6,50,9114,9117
seq,t2.dl,12,22,9115,9118
seq,t2.pc,6,57,9115,9118
seq,t3.pc,6,0,9116,9119
seq,t0.dl,12,9,9117,9120
seq,t0.pc,6,28,9117,9120
seq,t1.pc,6,50,9118,9121
seq,t2.dl,12,21,9119,9122
seq,t2.pc,6,57,9119,9122
seq,t3.pc,6,0,9120,9123
seq,t0.dl,12,8,9121,9124
seq,t0.pc,6,28,9121,9124
seq,t1.pc,6,50,9122,9125
seq,t2.dl,12,20,9123,9126
seq,t2.pc,6,57,9123,9126
seq,t3.pc,6,0,9124,9127
seq,t0.dl,12,7,9125,9128
seq,t0.pc,6,28,9125,9128
seq,t1.pc,6,50,9126,9129
seq,t2.dl,12,19,9127,9130
seq,t2.pc,6,57,9127,9130
seq,t3.pc,6,0,9128,9131
seq,t0.dl,12,6,9129,9132
seq,t0.pc,6,28,9129,9132
seq,t1.pc,6,50,9130,9133
seq,t2.dl,12,18,9131,9134
seq,t2.pc,6,57,9131,9134
seq,t3.pc,6,0,9132,9135
seq,t0.dl,12,5,9133,9136
seq,t0.pc,6,28,9133,9136
seq,t1.pc,6,50,9134,9137
seq,t2.dl,12,17,9135,9138
seq,t2.pc,6,57,9135,9138
seq,t3.pc,6,0,9136,9139
seq,t0.dl,12,4,9137,9140
seq,t0.pc,6,28,9137,9140
seq,t1.pc,6,50,9138,9141
seq,t2.dl,12,16,9139,9142
seq,t2.pc,6,57,9139,9142
seq,t3.pc,6,0,9140,9143
seq,t0.dl,12,3,9141,9144
seq,t0.pc,6,28,9141,9144
seq,t1.pc,6,50,9142,9145
seq,t2.dl,12,15,9143,9146
seq,t2.pc,6,57,9143,9146
seq,t3.pc,6,0,9144,9147
seq,t0.dl,12,2,9145,9148
seq,t0.pc,6,28,9145,9148
seq,t1.pc,6,50,9146,9149
seq,t2.dl,12,14,9147,9150
seq,t2.pc,6,57,9147,9150
seq,t3.pc,6,0,9148,9151
seq,t0.dl,12,1,9149,9152
seq,t0.pc,6,28,9149,9152
seq,t1.pc,6,50,9150,9153
seq,t2.dl,12,13,9151,9154
seq,t2.pc,6,57,9151,9154
seq,t3.pc,6,0,9152,9155
seq,t0.pc,6,28,9153,9156
seq,t1.pc,6,50,9154,9157
seq,t2.dl,12,12,9155,9158
seq,t2.pc,6,57,9155,9158
seq,t3.pc,6,0,9156,9159
seq,t0.cnt,12,0,7857,8288
seq,t0.pc,6,29,9157,9160
seq,t1.pc,6,50,9158,9161
seq,t2.dl,12,11,9159,9162
seq,t2.pc,6,57,9159,9162
seq,t3.pc,6,0,9160,9163
seq,t0.acc,8,33,8725,9164
seq,t0.cnt,12,8,9161,9164
seq,t0.pc,6,30,9161,9164
seq,t1.pc,6,50,9162,9165
seq,t2.dl,12,10,9163,9166
seq,t2.pc,6,57,9163,9166
seq,t3.pc,6,0,9164,9167
seq,t0.dl,12,0,9153,9156
seq,t0.pc,6,31,9165,9168
seq,t1.pc,6,50,9166,9169
seq,t2.dl,12,9,9167,9170
seq,t2.pc,6,57,9167,9170
seq,t3.pc,6,0,9168,9171
seq,t0.dl,12,105,9169,9172
seq,t0.pc,6,32,9169,9172
seq,t1.pc,6,50,9170,9173
seq,t2.dl,12,8,9171,9174
seq,t2.pc,6,57,9171,9174
seq,t3.pc,6,0,9172,9175
seq,t0.dl,12,104,9173,9176
seq,t0.pc,6,32,9173,9176
seq,t1.pc,6,50,9174,9177
seq,t2.dl,12,7,9175,9178
seq,t2.pc,6,57,9175,9178
seq,t3.pc,6,0,9176,9179
seq,t0.dl,12,103,9177,9180
seq,t0.pc,6,32,9177,9180
seq,t1.pc,6,50,9178,9181
seq,t2.dl,12,6,9179,9182
seq,t2.pc,6,57,9179,9182
seq,t3.pc,6,0,9180,9183
seq,t0.dl,12,102,9181,9184
seq,t0.pc,6,32,9181,9184
seq,t1.pc,6,50,9182,9185
seq,t2.dl,12,5,9183,9186
seq,t2.pc,6,57,9183,9186
seq,t3.pc,6,0,9184,9187
seq,t0.dl,12,101,9185,9188
seq,t0.pc,6,32,9185,9188
seq,t1.pc,6,50,9186,9189
seq,t2.dl,12,4,9187,9190
seq,t2.pc,6,57,9187,9190
seq,t3.pc,6,0,9188,9191
seq,t0.dl,12,100,9189,9192
seq,t0.pc,6,32,9189,9192
seq,t1.pc,6,50,9190,9193
seq,t2.dl,12,3,9191,9194
seq,t2.pc,6,57,9191,9194
seq,t3.pc,6,0,9192,9195
seq,t0.dl,12,99,9193,9196
seq,t0.pc,6,32,9193,9196
seq,t1.pc,6,50,9194,9197
seq,t2.dl,12,2,9195,9198
seq,t2.pc,6,57,9195,9198
seq,t3.pc,6,0,9196,9199
seq,t0.dl,12,98,9197,9200
seq,t0.pc,6,32,9197,9200
seq,t1.pc,6,50,9198,9201
seq,t2.dl,12,1,9199,9202
seq,t2.pc,6,57,9199,9202
seq,t3.pc,6,0,9200,9203
seq,t0.dl,12,97,9201,9204
seq,t0.pc,6,32,9201,9204
seq,t1.pc,6,50,9202,9205
seq,t2.pc,6,57,9203,9206
seq,t3.pc,6,0,9204,9207
seq,t0.dl,12,96,9205,9208
seq,t0.pc,6,32,9205,9208
seq,t1.pc,6,50,9206,9209
seq,t2.pc,6,58,9207,9210
seq,t3.pc,6,0,9208,9211
seq,t0.dl,12,95,9209,9212
seq,t0.pc,6,32,9209,9212
seq,t1.pc,6,50,9210,9213
seq,t2.dl,12,0,9203,9206
seq,t2.pc,6,59,9211,9214
seq,t3.pc,6,0,9212,9215
seq,t0.dl,12,94,9213,9216
seq,t0.pc,6,32,9213,9216
seq,t1.pc,6,50,9214,9217
seq,t2.dl,12,28,9215,9218
seq,t2.pc,6,60,9215,9218
seq,t3.pc,6,0,9216,9219
seq,t0.dl,12,93,9217,9220
seq,t0.pc,6,32,9217,9220
seq,t1.pc,6,50,9218,9221
seq,t2.dl,12,27,9219,9222
seq,t2.pc,6,60,9219,9222
seq,t3.pc,6,0,9220,9223
seq,t0.dl,12,92,9221,9224
seq,t0.pc,6,32,9221,9224
seq,t1.pc,6,50,9222,9225
seq,t2.dl,12,26,9223,9226
seq,t2.pc,6,60,9223,9226
seq,t3.pc,6,0,9224,9227
seq,t0.dl,12,91,9225,9228
seq,t0.pc,6,32,9225,9228
seq,t1.pc,6,50,9226,9229
seq,t2.dl,12,25,9227,9230
seq,t2.pc,6,60,9227,9230
seq,t3.pc,6,0,9228,9231
seq,t0.dl,12,90,9229,9232
seq,t0.pc,6,32,9229,9232
seq,t1.pc,6,50,9230,9233
seq,t2.dl,12,24,9231,9234
seq,t2.pc,6,60,9231,9234
seq,t3.pc,6,0,9232,9235
seq,t0.dl,12,89,9233,9236
seq,t0.pc,6,32,9233,9236
seq,t1.pc,6,50,9234,9237
seq,t2.dl,12,23,9235,9238
seq,t2.pc,6,60,9235,9238
seq,t3.pc,6,0,9236,9239
seq,t0.dl,12,88,9237,9240
seq,t0.pc,6,32,9237,9240
seq,t1.pc,6,50,9238,9241
seq,t2.dl,12,22,9239,9242
seq,t2.pc,6,60,9239,9242
seq,t3.pc,6,0,9240,9243
seq,t0.dl,12,87,9241,9244
seq,t0.pc,6,32,9241,9244
seq,t1.pc,6,50,9242,9245
seq,t2.dl,12,21,9243,9246
seq,t2.pc,6,60,9243,9246
seq,t3.pc,6,0,9244,9247
seq,t0.dl,12,86,9245,9248
seq,t0.pc,6,32,9245,9248
seq,t1.pc,6,50,9246,9249
seq,t2.dl,12,20,9247,9250
seq,t2.pc,6,60,9247,9250
seq,t3.pc,6,0,9248,9251
seq,t0.dl,12,85,9249,9252
seq,t0.pc,6,32,9249,9252
seq,t1.pc,6,50,9250,9253
seq,t2.dl,12,19,9251,9254
seq,t2.pc,6,60,9251,9254
seq,t3.pc,6,0,9252,9255
seq,t0.dl,12,84,9253,9256
seq,t0.pc,6,32,9253,9256
seq,t1.pc,6,50,9254,9257
seq,t2.dl,12,18,9255,9258
seq,t2.pc,6,60,9255,9258
seq,t3.pc,6,0,9256,9259
seq,t0.dl,12,83,9257,9260
seq,t0.pc,6,32,9257,9260
seq,t1.pc,6,50,9258,9261
seq,t2.dl,12,17,9259,9262
seq,t2.pc,6,60,9259,9262
seq,t3.pc,6,0,9260,9263
seq,t0.dl,12,82,9261,9264
seq,t0.pc,6,32,9261,9264
seq,t1.pc,6,50,9262,9265
seq,t2.dl,12,16,9263,9266
seq,t2.pc,6,60,9263,9266
seq,t3.pc,6,0,9264,9267
seq,t0.dl,12,81,9265,9268
seq,t0.pc,6,32,9265,9268
seq,t1.pc,6,50,9266,9269
seq,t2.dl,12,15,9267,9270
seq,t2.pc,6,60,9267,9270
seq,t3.pc,6,0,9268,9271
seq,t0.dl,12,80,9269,9272
seq,t0.pc,6,32,9269,9272
seq,t1.pc,6,50,9270,9273
seq,t2.dl,12,14,9271,9274
seq,t2.pc,6,60,9271,9274
seq,t3.pc,6,0,9272,9275
seq,t0.dl,12,79,9273,9276
seq,t0.pc,6,32,9273,9276
seq,t1.pc,6,50,9274,9277
seq,t2.dl,12,13,9275,9278
seq,t2.pc,6,60,9275,9278
seq,t3.pc,6,0,9276,9279
seq,t0.dl,12,78,9277,9280
seq,t0.pc,6,32,9277,9280
seq,t1.pc,6,50,9278,9281
seq,t2.dl,12,12,9279,9282
seq,t2.pc,6,60,9279,9282
seq,t3.pc,6,0,9280,9283
seq,t0.dl,12,77,9281,9284
seq,t0.pc,6,32,9281,9284
seq,t1.pc,6,50,9282,9285
seq,t2.dl,12,11,9283,9286
seq,t2.pc,6,60,9283,9286
seq,t3.pc,6,0,9284,9287
seq,t0.dl,12,76,9285,9288
seq,t0.pc,6,32,9285,9288
seq,t1.pc,6,50,9286,9289
seq,t2.dl,12,10,9287,9290
seq,t2.pc,6,60,9287,9290
seq,t3.pc,6,0,9288,9291
seq,t0.dl,12,75,9289,9292
seq,t0.pc,6,32,9289,9292
seq,t1.pc,6,50,9290,9293
seq,t2.dl,12,9,9291,9294
seq,t2.pc,6,60,9291,9294
seq,t3.pc,6,0,9292,9295
seq,t0.dl,12,74,9293,9296
seq,t0.pc,6,32,9293,9296
seq,t1.pc,6,50,9294,9297
seq,t2.dl,12,8,9295,9298
seq,t2.pc,6,60,9295,9298
seq,t3.pc,6,0,9296,9299
seq,t0.dl,12,73,9297,9300
seq,t0.pc,6,32,9297,9300
seq,t1.pc,6,50,9298,9301
seq,t2.dl,12,7,9299,9302
seq,t2.pc,6,60,9299,9302
seq,t3.pc,6,0,9300,9303
seq,t0.dl,12,72,9301,9304
seq,t0.pc,6,32,9301,9304
seq,t1.pc,6,50,9302,9305
seq,t2.dl,12,6,9303,9306
seq,t2.pc,6,60,9303,9306
seq,t3.pc,6,0,9304,9307
seq,t0.dl,12,71,9305,9308
seq,t0.pc,6,32,9305,9308
seq,t1.pc,6,50,9306,9309
seq,t2.dl,12,5,9307,9310
seq,t2.pc,6,60,9307,9310
seq,t3.pc,6,0,9308,9311
seq,t0.dl,12,70,9309,9312
seq,t0.pc,6,32,9309,9312
seq,t1.pc,6,50,9310,9313
seq,t2.dl,12,4,9311,9314
seq,t2.pc,6,60,9311,9314
seq,t3.pc,6,0,9312,9315
seq,t0.dl,12,69,9313,9316
seq,t0.pc,6,32,9313,9316
seq,t1.pc,6,50,9314,9317
seq,t2.dl,12,3,9315,9318
seq,t2.pc,6,60,9315,9318
seq,t3.pc,6,0,9316,9319
seq,t0.dl,12,68,9317,9320
seq,t0.pc,6,32,9317,9320
seq,t1.pc,6,50,9318,9321
seq,t2.dl,12,2,9319,9322
seq,t2.pc,6,60,9319,9322
seq,t3.pc,6,0,9320,9323
seq,t0.dl,12,67,9321,9324
seq,t0.pc,6,32,9321,9324
seq,t1.pc,6,50,9322,9325
seq,t2.dl,12,1,9323,9326
seq,t2.pc,6,60,9323,9326
seq,t3.pc,6,0,9324,9327
seq,t0.dl,12,66,9325,9328
seq,t0.pc,6,32,9325,9328
seq,t1.pc,6,50,9326,9329
seq,t2.pc,6,60,9327,9330
seq,t3.pc,6,0,9328,9331
seq,t0.dl,12,65,9329,9332
seq,t0.pc,6,32,9329,9332
seq,t1.pc,6,50,9330,9333
seq,t2.pc,6,61,9331,9334
seq,t3.pc,6,0,9332,9335
seq,t0.dl,12,64,9333,9336
seq,t0.pc,6,32,9333,9336
seq,t1.pc,6,50,9334,9337
seq,t2.pc,6,62,9335,9338
seq,t3.pc,6,0,9336,9339
seq,t0.dl,12,63,9337,9340
seq,t0.pc,6,32,9337,9340
seq,t1.pc,6,50,9338,9341
seq,t2.pc,6,62,9339,9342
seq,t3.pc,6,0,9340,9343
seq,t0.dl,12,62,9341,9344
seq,t0.pc,6,32,9341,9344
seq,t1.pc,6,50,9342,9345
seq,t2.pc,6,62,9343,9346
seq,t3.pc,6,0,9344,9347
seq,t0.dl,12,61,9345,9348
seq,t0.pc,6,32,9345,9348
seq,t1.pc,6,50,9346,9349
seq,t2.pc,6,62,9347,9350
seq,t3.pc,6,0,9348,9351
seq,t0.dl,12,60,9349,9352
seq,t0.pc,6,32,9349,9352
seq,t1.pc,6,50,9350,9353
seq,t2.pc,6,62,9351,9354
seq,t3.pc,6,0,9352,9355
seq,t0.dl,12,59,9353,9356
seq,t0.pc,6,32,9353,9356
seq,t1.pc,6,50,9354,9357
seq,t2.pc,6,62,9355,9358
seq,t3.pc,6,0,9356,9359
seq,t0.dl,12,58,9357,9360
seq,t0.pc,6,32,9357,9360
seq,t1.pc,6,50,9358,9361
seq,t2.pc,6,62,9359,9362
seq,t3.pc,6,0,9360,9363
seq,t0.dl,12,57,9361,9364
seq,t0.pc,6,32,9361,9364
seq,t1.pc,6,50,9362,9365
seq,t2.pc,6,62,9363,9366
seq,t3.pc,6,0,9364,9367
seq,t0.dl,12,56,9365,9368
seq,t0.pc,6,32,9365,9368
seq,t1.pc,6,50,9366,9369
seq,t2.pc,6,62,9367,9370
seq,t3.pc,6,0,9368,9371
seq,t0.dl,12,55,9369,9372
seq,t0.pc,6,32,9369,9372
seq,t1.pc,6,50,9370,9373
seq,t2.pc,6,62,9371,9374
seq,t3.pc,6,0,9372,9375
seq,t0.dl,12,54,9373,9376
seq,t0.pc,6,32,9373,9376
seq,t1.pc,6,50,9374,9377
seq,t2.pc,6,62,9375,9378
seq,t3.pc,6,0,9376,9379
seq,t0.dl,12,53,9377,9380
seq,t0.pc,6,32,9377,9380
seq,t1.pc,6,50,9378,9381
seq,t2.pc,6,62,9379,9382
seq,t3.pc,6,0,9380,9383
seq,t0.dl,12,52,9381,9384
seq,t0.pc,6,32,9381,9384
seq,t1.pc,6,50,9382,9385
seq,t2.pc,6,62,9383,9386
seq,t3.pc,6,0,9384,9387
seq,t0.dl,12,51,9385,9388
seq,t0.pc,6,32,9385,9388
seq,t1.pc,6,50,9386,9389
seq,t2.pc,6,62,9387,9390
seq,t3.pc,6,0,9388,9391
seq,t0.dl,12,50,9389,9392
seq,t0.pc,6,32,9389,9392
seq,t1.pc,6,50,9390,9393
seq,t2.pc,6,62,9391,9394
seq,t3.pc,6,0,9392,9395
seq,t0.dl,12,49,9393,9396
seq,t0.pc,6,32,9393,9396
seq,t1.pc,6,50,9394,9397
seq,t2.pc,6,62,9395,9398
seq,t3.pc,6,0,9396,9399
seq,t0.dl,12,48,9397,9400
seq,t0.pc,6,32,9397,9400
seq,t1.pc,6,50,9398,9401
seq,t2.pc,6,62,9399,9402
seq,t3.pc,6,0,9400,9403
seq,t0.dl,12,47,9401,9404
seq,t0.pc,6,32,9401,9404
seq,t1.pc,6,50,9402,9405
seq,t2.pc,6,62,9403,9406
seq,t3.pc,6,0,9404,9407
seq,t0.dl,12,46,9405,9408
seq,t0.pc,6,32,9405,9408
seq,t1.pc,6,50,9406,9409
seq,t2.pc,6,62,9407,9410
seq,t3.pc,6,0,9408,9411
seq,t0.dl,12,45,9409,9412
seq,t0.pc,6,32,9409,9412
seq,t1.pc,6,50,9410,9413
seq,t2.pc,6,62,9411,9414
seq,t3.pc,6,0,9412,9415
seq,t0.dl,12,44,9413,9416
seq,t0.pc,6,32,9413,9416
seq,t1.pc,6,50,9414,9417
seq,t2.pc,6,62,9415,9418
seq,t3.pc,6,0,9416,9419
seq,t0.dl,12,43,9417,9420
seq,t0.pc,6,32,9417,9420
seq,t1.pc,6,50,9418,9421
seq,t2.pc,6,62,9419,9422
seq,t3.pc,6,0,9420,9423
seq,t0.dl,12,42,9421,9424
seq,t0.pc,6,32,9421,9424
seq,t1.pc,6,50,9422,9425
seq,t2.pc,6,62,9423,9426
seq,t3.pc,6,0,9424,9427
seq,t0.dl,12,41,9425,9428
seq,t0.pc,6,32,9425,9428
seq,t1.pc,6,50,9426,9429
seq,t2.pc,6,62,9427,9430
seq,t3.pc,6,0,9428,9431
seq,t0.dl,12,40,9429,9432
seq,t0.pc,6,32,9429,9432
seq,t1.pc,6,50,9430,9433
seq,t2.pc,6,62,9431,9434
seq,t3.pc,6,0,9432,9435
seq,t0.dl,12,39,9433,9436
seq,t0.pc,6,32,9433,9436
seq,t1.pc,6,50,9434,9437
seq,t2.pc,6,62,9435,9438
seq,t3.pc,6,0,9436,9439
seq,t0.dl,12,38,9437,9440
seq,t0.pc,6,32,9437,9440
seq,t1.pc,6,50,9438,9441
seq,t2.pc,6,62,9439,9442
seq,t3.pc,6,0,9440,9443
seq,t0.dl,12,37,9441,9444
seq,t0.pc,6,32,9441,9444
seq,t1.pc,6,50,9442,9445
seq,t2.pc,6,62,9443,9446
seq,t3.pc,6,0,9444,9447
seq,t0.dl,12,36,9445,9448
seq,t0.pc,6,32,9445,9448
seq,t1.pc,6,50,9446,9449
seq,t2.pc,6,62,9447,9450
seq,t3.pc,6,0,9448,9451
seq,t0.dl,12,35,9449,9452
seq,t0.pc,6,32,9449,9452
seq,t1.pc,6,50,9450,9453
seq,t2.pc,6,62,9451,9454
seq,t3.pc,6,0,9452,9455
seq,t0.dl,12,34,9453,9456
seq,t0.pc,6,32,9453,9456
seq,t1.pc,6,50,9454,9457
seq,t2.pc,6,62,9455,9458
seq,t3.pc,6,0,9456,9459
seq,t0.dl,12,33,9457,9460
seq,t0.pc,6,32,9457,9460
seq,t1.pc,6,50,9458,9461
seq,t2.pc,6,62,9459,9462
seq,t3.pc,6,0,9460,9463
seq,t0.dl,12,32,9461,9464
seq,t0.pc,6,32,9461,9464
seq,t1.pc,6,50,9462,9465
seq,t2.pc,6,62,9463,9466
seq,t3.pc,6,0,9464,9467
seq,t0.dl,12,31,9465,9468
seq,t0.pc,6,32,9465,9468
seq,t1.pc,6,50,9466,9469
seq,t2.pc,6,62,9467,9470
seq,t3.pc,6,0,9468,9471
seq,t0.dl,12,30,9469,9472
seq,t0.pc,6,32,9469,9472
seq,t1.pc,6,50,9470,9473
seq,t2.pc,6,62,9471,9474
seq,t3.pc,6,0,9472,9475
seq,t0.dl,12,29,9473,9476
seq,t0.pc,6,32,9473,9476
seq,t1.pc,6,50,9474,9477
seq,t2.pc,6,62,9475,9478
seq,t3.pc,6,0,9476,9479
seq,t0.dl,12,28,9477,9480
seq,t0.pc,6,32,9477,9480
seq,t1.pc,6,50,9478,9481
seq,t2.pc,6,62,9479,9482
seq,t3.pc,6,0,9480,9483
seq,t0.dl,12,27,9481,9484
seq,t0.pc,6,32,9481,9484
seq,t1.pc,6,50,9482,9485
seq,t2.pc,6,62,9483,9486
seq,t3.pc,6,0,9484,9487
seq,t0.dl,12,26,9485,9488
seq,t0.pc,6,32,9485,9488
seq,t1.pc,6,50,9486,9489
seq,t2.pc,6,62,9487,9490
seq,t3.pc,6,0,9488,9491
seq,t0.dl,12,25,9489,9492
seq,t0.pc,6,32,9489,9492
seq,t1.pc,6,50,9490,9493
seq,t2.pc,6,62,9491,9494
seq,t3.pc,6,0,9492,9495
seq,t0.dl,12,24,9493,9496
seq,t0.pc,6,32,9493,9496
seq,t1.pc,6,50,9494,9497
seq,t2.pc,6,62,9495,9498
seq,t3.pc,6,0,9496,9499
seq,t0.dl,12,23,9497,9500
seq,t0.pc,6,32,9497,9500
seq,t1.pc,6,50,9498,9501
seq,t2.pc,6,62,9499,9502
seq,t3.pc,6,0,9500,9503
seq,t0.dl,12,22,9501,9504
seq,t0.pc,6,32,9501,9504
seq,t1.pc,6,50,9502,9505
seq,t2.pc,6,62,9503,9506
seq,t3.pc,6,0,9504,9507
seq,t0.dl,12,21,9505,9508
seq,t0.pc,6,32,9505,9508
seq,t1.pc,6,50,9506,9509
seq,t2.pc,6,62,9507,9510
seq,t3.pc,6,0,9508,9511
seq,t0.dl,12,20,9509,9512
seq,t0.pc,6,32,9509,9512
seq,t1.pc,6,50,9510,9513
seq,t2.pc,6,62,9511,9514
seq,t3.pc,6,0,9512,9515
seq,t0.dl,12,19,9513,9516
seq,t0.pc,6,32,9513,9516
seq,t1.pc,6,50,9514,9517
seq,t2.pc,6,62,9515,9518
seq,t3.pc,6,0,9516,9519
seq,t0.dl,12,18,9517,9520
seq,t0.pc,6,32,9517,9520
seq,t1.pc,6,50,9518,9521
seq,t2.pc,6,62,9519,9522
seq,t3.pc,6,0,9520,9523
seq,t0.dl,12,17,9521,9524
seq,t0.pc,6,32,9521,9524
seq,t1.pc,6,50,9522,9525
seq,t2.pc,6,62,9523,9526
seq,t3.pc,6,0,9524,9527
seq,t0.dl,12,16,9525,9528
seq,t0.pc,6,32,9525,9528
seq,t1.pc,6,50,9526,9529
seq,t2.pc,6,62,9527,9530
seq,t3.pc,6,0,9528,9531
seq,t0.dl,12,15,9529,9532
seq,t0.pc,6,32,9529,9532
seq,t1.pc,6,50,9530,9533
seq,t2.pc,6,62,9531,9534
seq,t3.pc,6,0,9532,9535
seq,t0.dl,12,14,9533,9536
seq,t0.pc,6,32,9533,9536
seq,t1.pc,6,50,9534,9537
seq,t2.pc,6,62,9535,9538
seq,t3.pc,6,0,9536,9539
seq,t0.dl,12,13,9537,9540
seq,t0.pc,6,32,9537,9540
seq,t1.pc,6,50,9538,9541
seq,t2.pc,6,62,9539,9542
seq,t3.pc,6,0,9540,9543
seq,t0.dl,12,12,9541,9544
seq,t0.pc,6,32,9541,9544
seq,t1.pc,6,50,9542,9545
seq,t2.pc,6,62,9543,9546
seq,t3.pc,6,0,9544,9547
seq,t0.dl,12,11,9545,9548
seq,t0.pc,6,32,9545,9548
seq,t1.pc,6,50,9546,9549
seq,t2.pc,6,62,9547,9550
seq,t3.pc,6,0,9548,9551
seq,t0.dl,12,10,9549,9552
seq,t0.pc,6,32,9549,9552
seq,t1.pc,6,50,9550,9553
seq,t2.pc,6,62,9551,9554
seq,t3.pc,6,0,9552,9555
seq,t0.dl,12,9,9553,9556
seq,t0.pc,6,32,9553,9556
seq,t1.pc,6,50,9554,9557
seq,t2.pc,6,62,9555,9558
seq,t3.pc,6,0,9556,9559
seq,t0.dl,12,8,9557,9560
seq,t0.pc,6,32,9557,9560
seq,t1.pc,6,50,9558,9561
seq,t2.pc,6,62,9559,9562
seq,t3.pc,6,0,9560,9563
seq,t0.dl,12,7,9561,9564
seq,t0.pc,6,32,9561,9564
seq,t1.pc,6,50,9562,9565
seq,t2.pc,6,62,9563,9566
seq,t3.pc,6,0,9564,9567
seq,t0.dl,12,6,9565,9568
seq,t0.pc,6,32,9565,9568
seq,t1.pc,6,50,9566,9569
seq,t2.pc,6,62,9567,9570
seq,t3.pc,6,0,9568,9571
seq,t0.dl,12,5,9569,9572
seq,t0.pc,6,32,9569,9572
seq,t1.pc,6,50,9570,9573
seq,t2.pc,6,62,9571,9574
seq,t3.pc,6,0,9572,9575
seq,t0.dl,12,4,9573,9576
seq,t0.pc,6,32,9573,9576
seq,t1.pc,6,50,9574,9577
seq,t2.pc,6,62,9575,9578
seq,t3.pc,6,0,9576,9579
seq,t0.dl,12,3,9577,9580
seq,t0.pc,6,32,9577,9580
seq,t1.pc,6,50,9578,9581
seq,t2.pc,6,62,9579,9582
seq,t3.pc,6,0,9580,9583
seq,t0.dl,12,2,9581,9584
seq,t0.pc,6,32,9581,9584
seq,t1.pc,6,50,9582,9585
seq,t2.pc,6,62,9583,9586
seq,t3.pc,6,0,9584,9587
seq,t0.dl,12,1,9585,9588
seq,t0.pc,6,32,9585,9588
seq,t1.pc,6,50,9586,9589
seq,t2.pc,6,62,9587,9590
seq,t3.pc,6,0,9588,9591
seq,t0.pc,6,32,9589,9592
seq,t1.pc,6,50,9590,9593
seq,t2.pc,6,62,9591,9594
seq,t3.pc,6,0,9592,9595
seq,t0.pc,6,33,9593,9596
seq,t1.pc,6,50,9594,9597
seq,t2.pc,6,62,9595,9598
seq,t3.pc,6,0,9596,9599
seq,t0.acc,8,16,9165,9600
seq,t0.cnt,12,7,9165,9600
seq,t0.pc,6,30,9597,9600
seq,t1.pc,6,50,9598,9601
seq,t2.pc,6,62,9599,9602
seq,t3.pc,6,0,9600,9603
seq,t0.dl,12,0,9589,9592
seq,t0.pc,6,31,9601,9604
seq,t1.pc,6,50,9602,9605
seq,t2.pc,6,62,9603,9606
seq,t3.pc,6,0,9604,9607
seq,t0.dl,12,105,9605,9608
seq,t0.pc,6,32,9605,9608
seq,t1.pc,6,50,9606,9609
seq,t2.pc,6,62,9607,9610
seq,t3.pc,6,0,9608,9611
seq,t0.dl,12,104,9609,9612
seq,t0.pc,6,32,9609,9612
seq,t1.pc,6,50,9610,9613
seq,t2.pc,6,62,9611,9614
seq,t3.pc,6,0,9612,9615
seq,t0.dl,12,103,9613,9616
seq,t0.pc,6,32,9613,9616
seq,t1.pc,6,50,9614,9617
seq,t2.pc,6,62,9615,9618
seq,t3.pc,6,0,9616,9619
seq,t0.dl,12,102,9617,9620
seq,t0.pc,6,32,9617,9620
seq,t1.pc,6,50,9618,9621
seq,t2.pc,6,62,9619,9622
seq,t3.pc,6,0,9620,9623
seq,t0.dl,12,101,9621,9624
seq,t0.pc,6,32,9621,9624
seq,t1.pc,6,50,9622,9625
seq,t2.pc,6,62,9623,9626
seq,t3.pc,6,0,9624,9627
seq,t0.dl,12,100,9625,9628
seq,t0.pc,6,32,9625,9628
seq,t1.pc,6,50,9626,9629
seq,t2.pc,6,62,9627,9630
seq,t3.pc,6,0,9628,9631
seq,t0.dl,12,99,9629,9632
seq,t0.pc,6,32,9629,9632
seq,t1.pc,6,50,9630,9633
seq,t2.pc,6,62,9631,9634
seq,t3.pc,6,0,9632,9635
seq,t0.dl,12,98,9633,9636
seq,t0.pc,6,32,9633,9636
seq,t1.pc,6,50,9634,9637
seq,t2.pc,6,62,9635,9638
seq,t3.pc,6,0,9636,9639
seq,t0.dl,12,97,9637,9640
seq,t0.pc,6,32,9637,9640
seq,t1.pc,6,50,9638,9641
seq,t2.pc,6,62,9639,9642
seq,t3.pc,6,0,9640,9643
seq,t0.dl,12,96,9641,9644
seq,t0.pc,6,32,9641,9644
seq,t1.pc,6,50,9642,9645
seq,t2.pc,6,62,9643,9646
seq,t3.pc,6,0,9644,9647
seq,t0.dl,12,95,9645,9648
seq,t0.pc,6,32,9645,9648
seq,t1.pc,6,50,9646,9649
seq,t2.pc,6,62,9647,9650
seq,t3.pc,6,0,9648,9651
seq,t0.dl,12,94,9649,9652
seq,t0.pc,6,32,9649,9652
seq,t1.pc,6,50,9650,9653
seq,t2.pc,6,62,9651,9654
seq,t3.pc,6,0,9652,9655
seq,t0.dl,12,93,9653,9656
seq,t0.pc,6,32,9653,9656
seq,t1.pc,6,50,9654,9657
seq,t2.pc,6,62,9655,9658
seq,t3.pc,6,0,9656,9659
seq,t0.dl,12,92,9657,9660
seq,t0.pc,6,32,9657,9660
seq,t1.pc,6,50,9658,9661
seq,t2.pc,6,62,9659,9662
seq,t3.pc,6,0,9660,9663
seq,t0.dl,12,91,9661,9664
seq,t0.pc,6,32,9661,9664
seq,t1.pc,6,50,9662,9665
seq,t2.pc,6,62,9663,9666
seq,t3.pc,6,0,9664,9667
seq,t0.dl,12,90,9665,9668
seq,t0.pc,6,32,9665,9668
seq,t1.pc,6,50,9666,9669
seq,t2.pc,6,62,9667,9670
seq,t3.pc,6,0,9668,9671
seq,t0.dl,12,89,9669,9672
seq,t0.pc,6,32,9669,9672
seq,t1.pc,6,50,9670,9673
seq,t2.pc,6,62,9671,9674
seq,t3.pc,6,0,9672,9675
seq,t0.dl,12,88,9673,9676
seq,t0.pc,6,32,9673,9676
seq,t1.pc,6,50,9674,9677
seq,t2.pc,6,62,9675,9678
seq,t3.pc,6,0,9676,9679
seq,t0.dl,12,87,9677,9680
seq,t0.pc,6,32,9677,9680
seq,t1.pc,6,50,9678,9681
seq,t2.pc,6,62,9679,9682
seq,t3.pc,6,0,9680,9683
seq,t0.dl,12,86,9681,9684
seq,t0.pc,6,32,9681,9684
seq,t1.pc,6,50,9682,9685
seq,t2.pc,6,62,9683,9686
seq,t3.pc,6,0,9684,9687
seq,t0.dl,12,85,9685,9688
seq,t0.pc,6,32,9685,9688
seq,t1.pc,6,50,9686,9689
seq,t2.pc,6,62,9687,9690
seq,t3.pc,6,0,9688,9691
seq,t0.dl,12,84,9689,9692
seq,t0.pc,6,32,9689,9692
seq,t1.pc,6,50,9690,9693
seq,t2.pc,6,62,9691,9694
seq,t3.pc,6,0,9692,9695
seq,t0.dl,12,83,9693,9696
seq,t0.pc,6,32,9693,9696
seq,t1.pc,6,50,9694,9697
seq,t2.pc,6,62,9695,9698
seq,t3.pc,6,0,9696,9699
seq,t0.dl,12,82,9697,9700
seq,t0.pc,6,32,9697,9700
seq,t1.pc,6,50,9698,9701
seq,t2.pc,6,62,9699,9702
seq,t3.pc,6,0,9700,9703
seq,t0.dl,12,81,9701,9704
seq,t0.pc,6,32,9701,9704
seq,t1.pc,6,50,9702,9705
seq,t2.pc,6,62,9703,9706
seq,t3.pc,6,0,9704,9707
seq,t0.dl,12,80,9705,9708
seq,t0.pc,6,32,9705,9708
seq,t1.pc,6,50,9706,9709
seq,t2.pc,6,62,9707,9710
seq,t3.pc,6,0,9708,9711
seq,t0.dl,12,79,9709,9712
seq,t0.pc,6,32,9709,9712
seq,t1.pc,6,50,9710,9713
seq,t2.pc,6,62,9711,9714
seq,t3.pc,6,0,9712,9715
seq,t0.dl,12,78,9713,9716
seq,t0.pc,6,32,9713,9716
seq,t1.pc,6,50,9714,9717
seq,t2.pc,6,62,9715,9718
seq,t3.pc,6,0,9716,9719
seq,t0.dl,12,77,9717,9720
seq,t0.pc,6,32,9717,9720
seq,t1.pc,6,50,9718,9721
seq,t2.pc,6,62,9719,9722
seq,t3.pc,6,0,9720,9723
seq,t0.dl,12,76,9721,9724
seq,t0.pc,6,32,9721,9724
seq,t1.pc,6,50,9722,9725
seq,t2.pc,6,62,9723,9726
seq,t3.pc,6,0,9724,9727
seq,t0.dl,12,75,9725,9728
seq,t0.pc,6,32,9725,9728
seq,t1.pc,6,50,9726,9729
seq,t2.pc,6,62,9727,9730
seq,t3.pc,6,0,9728,9731
seq,t0.dl,12,74,9729,9732
seq,t0.pc,6,32,9729,9732
seq,t1.pc,6,50,9730,9733
seq,t2.pc,6,62,9731,9734
seq,t3.pc,6,0,9732,9735
seq,t0.dl,12,73,9733,9736
seq,t0.pc,6,32,9733,9736
seq,t1.pc,6,50,9734,9737
seq,t2.pc,6,62,9735,9738
seq,t3.pc,6,0,9736,9739
seq,t0.dl,12,72,9737,9740
seq,t0.pc,6,32,9737,9740
seq,t1.pc,6,50,9738,9741
seq,t2.pc,6,62,9739,9742
seq,t3.pc,6,0,9740,9743
seq,t0.dl,12,71,9741,9744
seq,t0.pc,6,32,9741,9744
seq,t1.pc,6,50,9742,9745
seq,t2.pc,6,62,9743,9746
seq,t3.pc,6,0,9744,9747
seq,t0.dl,12,70,9745,9748
seq,t0.pc,6,32,9745,9748
seq,t1.pc,6,50,9746,9749
seq,t2.pc,6,62,9747,9750
seq,t3.pc,6,0,9748,9751
seq,t0.dl,12,69,9749,9752
seq,t0.pc,6,32,9749,9752
seq,t1.pc,6,50,9750,9753
seq,t2.pc,6,62,9751,9754
seq,t3.pc,6,0,9752,9755
seq,t0.dl,12,68,9753,9756
seq,t0.pc,6,32,9753,9756
seq,t1.pc,6,50,9754,9757
seq,t2.pc,6,62,9755,9758
seq,t3.pc,6,0,9756,9759
seq,t0.dl,12,67,9757,9760
seq,t0.pc,6,32,9757,9760
seq,t1.pc,6,50,9758,9761
seq,t2.pc,6,62,9759,9762
seq,t3.pc,6,0,9760,9763
seq,t0.dl,12,66,9761,9764
seq,t0.pc,6,32,9761,9764
seq,t1.pc,6,50,9762,9765
seq,t2.pc,6,62,9763,9766
seq,t3.pc,6,0,9764,9767
seq,t0.dl,12,65,9765,9768
seq,t0.pc,6,32,9765,9768
seq,t1.pc,6,50,9766,9769
seq,t2.pc,6,62,9767,9770
seq,t3.pc,6,0,9768,9771
seq,t0.dl,12,64,9769,9772
seq,t0.pc,6,32,9769,9772
seq,t1.pc,6,50,9770,9773
seq,t2.pc,6,62,9771,9774
seq,t3.pc,6,0,9772,9775
seq,t0.dl,12,63,9773,9776
seq,t0.pc,6,32,9773,9776
seq,t1.pc,6,50,9774,9777
seq,t2.pc,6,62,9775,9778
seq,t3.pc,6,0,9776,9779
seq,t0.dl,12,62,9777,9780
seq,t0.pc,6,32,9777,9780
seq,t1.pc,6,50,9778,9781
seq,t2.pc,6,62,9779,9782
seq,t3.pc,6,0,9780,9783
seq,t0.dl,12,61,9781,9784
seq,t0.pc,6,32,9781,9784
seq,t1.pc,6,50,9782,9785
seq,t2.pc,6,62,9783,9786
seq,t3.pc,6,0,9784,9787
seq,t0.dl,12,60,9785,9788
seq,t0.pc,6,32,9785,9788
seq,t1.pc,6,50,9786,9789
seq,t2.pc,6,62,9787,9790
seq,t3.pc,6,0,9788,9791
seq,t0.dl,12,59,9789,9792
seq,t0.pc,6,32,9789,9792
seq,t1.pc,6,50,9790,9793
seq,t2.pc,6,62,9791,9794
seq,t3.pc,6,0,9792,9795
seq,t0.dl,12,58,9793,9796
seq,t0.pc,6,32,9793,9796
seq,t1.pc,6,50,9794,9797
seq,t2.pc,6,62,9795,9798
seq,t3.pc,6,0,9796,9799
seq,t0.dl,12,57,9797,9800
seq,t0.pc,6,32,9797,9800
seq,t1.pc,6,50,9798,9801
seq,t2.pc,6,62,9799,9802
seq,t3.pc,6,0,9800,9803
seq,t0.dl,12,56,9801,9804
seq,t0.pc,6,32,9801,9804
seq,t1.pc,6,50,9802,9805
seq,t2.pc,6,62,9803,9806
seq,t3.pc,6,0,9804,9807
seq,t0.dl,12,55,9805,9808
seq,t0.pc,6,32,9805,9808
seq,t1.pc,6,50,9806,9809
seq,t2.pc,6,62,9807,9810
seq,t3.pc,6,0,9808,9811
seq,t0.dl,12,54,9809,9812
seq,t0.pc,6,32,9809,9812
seq,t1.pc,6,50,9810,9813
seq,t2.pc,6,62,9811,9814
seq,t3.pc,6,0,9812,9815
seq,t0.dl,12,53,9813,9816
seq,t0.pc,6,32,9813,9816
seq,t1.pc,6,50,9814,9817
seq,t2.pc,6,62,9815,9818
seq,t3.pc,6,0,9816,9819
seq,t0.dl,12,52,9817,9820
seq,t0.pc,6,32,9817,9820
seq,t1.pc,6,50,9818,9821
seq,t2.pc,6,62,9819,9822
seq,t3.pc,6,0,9820,9823
seq,t0.dl,12,51,9821,9824
seq,t0.pc,6,32,9821,9824
seq,t1.pc,6,50,9822,9825
seq,t2.pc,6,62,9823,9826
seq,t3.pc,6,0,9824,9827
seq,t0.dl,12,50,9825,9828
seq,t0.pc,6,32,9825,9828
seq,t1.pc,6,50,9826,9829
seq,t2.pc,6,62,9827,9830
seq,t3.pc,6,0,9828,9831
seq,t0.dl,12,49,9829,9832
seq,t0.pc,6,32,9829,9832
seq,t1.pc,6,50,9830,9833
seq,t2.pc,6,62,9831,9834
seq,t3.pc,6,0,9832,9835
seq,t0.dl,12,48,9833,9836
seq,t0.pc,6,32,9833,9836
seq,t1.pc,6,50,9834,9837
seq,t2.pc,6,62,9835,9838
seq,t3.pc,6,0,9836,9839
seq,t0.dl,12,47,9837,9840
seq,t0.pc,6,32,9837,9840
seq,t1.pc,6,50,9838,9841
seq,t2.pc,6,62,9839,9842
seq,t3.pc,6,0,9840,9843
seq,t0.dl,12,46,9841,9844
seq,t0.pc,6,32,9841,9844
seq,t1.pc,6,50,9842,9845
seq,t2.pc,6,62,9843,9846
seq,t3.pc,6,0,9844,9847
seq,t0.dl,12,45,9845,9848
seq,t0.pc,6,32,9845,9848
seq,t1.pc,6,50,9846,9849
seq,t2.pc,6,62,9847,9850
seq,t3.pc,6,0,9848,9851
seq,t0.dl,12,44,9849,9852
seq,t0.pc,6,32,9849,9852
seq,t1.pc,6,50,9850,9853
seq,t2.pc,6,62,9851,9854
seq,t3.pc,6,0,9852,9855
seq,t0.dl,12,43,9853,9856
seq,t0.pc,6,32,9853,9856
seq,t1.pc,6,50,9854,9857
seq,t2.pc,6,62,9855,9858
seq,t3.pc,6,0,9856,9859
seq,t0.dl,12,42,9857,9860
seq,t0.pc,6,32,9857,9860
seq,t1.pc,6,50,9858,9861
seq,t2.pc,6,62,9859,9862
seq,t3.pc,6,0,9860,9863
seq,t0.dl,12,41,9861,9864
seq,t0.pc,6,32,9861,9864
seq,t1.pc,6,50,9862,9865
seq,t2.pc,6,62,9863,9866
seq,t3.pc,6,0,9864,9867
seq,t0.dl,12,40,9865,9868
seq,t0.pc,6,32,9865,9868
seq,t1.pc,6,50,9866,9869
seq,t2.pc,6,62,9867,9870
seq,t3.pc,6,0,9868,9871
seq,t0.dl,12,39,9869,9872
seq,t0.pc,6,32,9869,9872
seq,t1.pc,6,50,9870,9873
seq,t2.pc,6,62,9871,9874
seq,t3.pc,6,0,9872,9875
seq,t0.dl,12,38,9873,9876
seq,t0.pc,6,32,9873,9876
seq,t1.pc,6,50,9874,9877
seq,t2.pc,6,62,9875,9878
seq,t3.pc,6,0,9876,9879
seq,t0.dl,12,37,9877,9880
seq,t0.pc,6,32,9877,9880
seq,t1.pc,6,50,9878,9881
seq,t2.pc,6,62,9879,9882
seq,t3.pc,6,0,9880,9883
seq,t0.dl,12,36,9881,9884
seq,t0.pc,6,32,9881,9884
seq,t1.pc,6,50,9882,9885
seq,t2.pc,6,62,9883,9886
seq,t3.pc,6,0,9884,9887
seq,t0.dl,12,35,9885,9888
seq,t0.pc,6,32,9885,9888
seq,t1.pc,6,50,9886,9889
seq,t2.pc,6,62,9887,9890
seq,t3.pc,6,0,9888,9891
seq,t0.dl,12,34,9889,9892
seq,t0.pc,6,32,9889,9892
seq,t1.pc,6,50,9890,9893
seq,t2.pc,6,62,9891,9894
seq,t3.pc,6,0,9892,9895
seq,t0.dl,12,33,9893,9896
seq,t0.pc,6,32,9893,9896
seq,t1.pc,6,50,9894,9897
seq,t2.pc,6,62,9895,9898
seq,t3.pc,6,0,9896,9899
seq,t0.dl,12,32,9897,9900
seq,t0.pc,6,32,9897,9900
seq,t1.pc,6,50,9898,9901
seq,t2.pc,6,62,9899,9902
seq,t3.pc,6,0,9900,9903
seq,t0.dl,12,31,9901,9904
seq,t0.pc,6,32,9901,9904
seq,t1.pc,6,50,9902,9905
seq,t2.pc,6,62,9903,9906
seq,t3.pc,6,0,9904,9907
seq,t0.dl,12,30,9905,9908
seq,t0.pc,6,32,9905,9908
seq,t1.pc,6,50,9906,9909
seq,t2.pc,6,62,9907,9910
seq,t3.pc,6,0,9908,9911
seq,t0.dl,12,29,9909,9912
seq,t0.pc,6,32,9909,9912
seq,t1.pc,6,50,9910,9913
seq,t2.pc,6,62,9911,9914
seq,t3.pc,6,0,9912,9915
seq,t0.dl,12,28,9913,9916
seq,t0.pc,6,32,9913,9916
seq,t1.pc,6,50,9914,9917
seq,t2.pc,6,62,9915,9918
seq,t3.pc,6,0,9916,9919
seq,t0.dl,12,27,9917,9920
seq,t0.pc,6,32,9917,9920
seq,t1.pc,6,50,9918,9921
seq,t2.pc,6,62,9919,9922
seq,t3.pc,6,0,9920,9923
seq,t0.dl,12,26,9921,9924
seq,t0.pc,6,32,9921,9924
seq,t1.pc,6,50,9922,9925
seq,t2.pc,6,62,9923,9926
seq,t3.pc,6,0,9924,9927
seq,t0.dl,12,25,9925,9928
seq,t0.pc,6,32,9925,9928
seq,t1.pc,6,50,9926,9929
seq,t2.pc,6,62,9927,9930
seq,t3.pc,6,0,9928,9931
seq,t0.dl,12,24,9929,9932
seq,t0.pc,6,32,9929,9932
seq,t1.pc,6,50,9930,9933
seq,t2.pc,6,62,9931,9934
seq,t3.pc,6,0,9932,9935
seq,t0.dl,12,23,9933,9936
seq,t0.pc,6,32,9933,9936
seq,t1.pc,6,50,9934,9937
seq,t2.pc,6,62,9935,9938
seq,t3.pc,6,0,9936,9939
seq,t0.dl,12,22,9937,9940
seq,t0.pc,6,32,9937,9940
seq,t1.pc,6,50,9938,9941
seq,t2.pc,6,62,9939,9942
seq,t3.pc,6,0,9940,9943
seq,t0.dl,12,21,9941,9944
seq,t0.pc,6,32,9941,9944
seq,t1.pc,6,50,9942,9945
seq,t2.pc,6,62,9943,9946
seq,t3.pc,6,0,9944,9947
seq,t0.dl,12,20,9945,9948
seq,t0.pc,6,32,9945,9948
seq,t1.pc,6,50,9946,9949
seq,t2.pc,6,62,9947,9950
seq,t3.pc,6,0,9948,9951
seq,t0.dl,12,19,9949,9952
seq,t0.pc,6,32,9949,9952
seq,t1.pc,6,50,9950,9953
seq,t2.pc,6,62,9951,9954
seq,t3.pc,6,0,9952,9955
seq,t0.dl,12,18,9953,9956
seq,t0.pc,6,32,9953,9956
seq,t1.pc,6,50,9954,9957
seq,t2.pc,6,62,9955,9958
seq,t3.pc,6,0,9956,9959
seq,t0.dl,12,17,9957,9960
seq,t0.pc,6,32,9957,9960
seq,t1.pc,6,50,9958,9961
seq,t2.pc,6,62,9959,9962
seq,t3.pc,6,0,9960,9963
seq,t0.dl,12,16,9961,9964
seq,t0.pc,6,32,9961,9964
seq,t1.pc,6,50,9962,9965
seq,t2.pc,6,62,9963,9966
seq,t3.pc,6,0,9964,9967
seq,t0.dl,12,15,9965,9968
seq,t0.pc,6,32,9965,9968
seq,t1.pc,6,50,9966,9969
seq,t2.pc,6,62,9967,9970
seq,t3.pc,6,0,9968,9971
seq,t0.dl,12,14,9969,9972
seq,t0.pc,6,32,9969,9972
seq,t1.pc,6,50,9970,9973
seq,t2.pc,6,62,9971,9974
seq,t3.pc,6,0,9972,9975
seq,t0.dl,12,13,9973,9976
seq,t0.pc,6,32,9973,9976
seq,t1.pc,6,50,9974,9977
seq,t2.pc,6,62,9975,9978
seq,t3.pc,6,0,9976,9979
seq,t0.dl,12,12,9977,9980
seq,t0.pc,6,32,9977,9980
seq,t1.pc,6,50,9978,9981
seq,t2.pc,6,62,9979,9982
seq,t3.pc,6,0,9980,9983
seq,t0.dl,12,11,9981,9984
seq,t0.pc,6,32,9981,9984
seq,t1.pc,6,50,9982,9985
seq,t2.pc,6,62,9983,9986
seq,t3.pc,6,0,9984,9987
seq,t0.dl,12,10,9985,9988
seq,t0.pc,6,32,9985,9988
seq,t1.pc,6,50,9986,9989
seq,t2.pc,6,62,9987,9990
seq,t3.pc,6,0,9988,9991
seq,t0.dl,12,9,9989,9992
seq,t0.pc,6,32,9989,9992
seq,t1.pc,6,50,9990,9993
seq,t2.pc,6,62,9991,9994
seq,t3.pc,6,0,9992,9995
seq,t0.dl,12,8,9993,9996
seq,t0.pc,6,32,9993,9996
seq,t1.pc,6,50,9994,9997
seq,t2.pc,6,62,9995,9998
seq,t3.pc,6,0,9996,9999
seq,t0.dl,12,7,9997,10000
seq,t0.pc,6,32,9997,10000
seq,t1.pc,6,50,9998,10001
seq,t2.pc,6,62,9999,10002
seq,t3.pc,6,0,10000,10003
seq,t0.dl,12,6,10001,10004
seq,t0.pc,6,32,10001,10004
seq,t1.pc,6,50,10002,10005
seq,t2.pc,6,62,10003,10006
seq,t3.pc,6,0,10004,10007
seq,t0.dl,12,5,10005,10008
seq,t0.pc,6,32,10005,10008
seq,t1.pc,6,50,10006,10009
seq,t2.pc,6,62,10007,10010
seq,t3.pc,6,0,10008,10011
seq,t0.dl,12,4,10009,10012
seq,t0.pc,6,32,10009,10012
seq,t1.pc,6,50,10010,10013
seq,t2.pc,6,62,10011,10014
seq,t3.pc,6,0,10012,10015
seq,t0.dl,12,3,10013,10016
seq,t0.pc,6,32,10013,10016
seq,t1.pc,6,50,10014,10017
seq,t2.pc,6,62,10015,10018
seq,t3.pc,6,0,10016,10019
seq,t0.dl,12,2,10017,10020
seq,t0.pc,6,32,10017,10020
seq,t1.pc,6,50,10018,10021
seq,t2.pc,6,62,10019,10022
seq,t3.pc,6,0,10020,10023
seq,t0.dl,12,1,10021,10024
seq,t0.pc,6,32,10021,10024
seq,t1.pc,6,50,10022,10025
seq,t2.pc,6,62,10023,10026
seq,t3.pc,6,0,10024,10027
seq,t0.pc,6,32,10025,10028
seq,t1.pc,6,50,10026,10029
seq,t2.pc,6,62,10027,10030
seq,t3.pc,6,0,10028,10031
seq,t0.pc,6,33,10029,10032
seq,t1.pc,6,50,10030,10033
seq,t2.pc,6,62,10031,10034
seq,t3.pc,6,0,10032,10035
seq,t0.acc,8,8,9601,10036
seq,t0.cnt,12,6,9601,10036
seq,t0.pc,6,30,10033,10036
seq,t1.pc,6,50,10034,10037
seq,t2.pc,6,62,10035,10038
seq,t3.pc,6,0,10036,10039
seq,t0.dl,12,0,10025,10028
seq,t0.pc,6,31,10037,10040
seq,t1.pc,6,50,10038,10041
seq,t2.pc,6,62,10039,10042
seq,t3.pc,6,0,10040,10043
seq,t0.dl,12,105,10041,10044
seq,t0.pc,6,32,10041,10044
seq,t1.pc,6,50,10042,10045
seq,t2.pc,6,62,10043,10046
seq,t3.pc,6,0,10044,10047
seq,t0.dl,12,104,10045,10048
seq,t0.pc,6,32,10045,10048
seq,t1.pc,6,50,10046,10049
seq,t2.pc,6,62,10047,10050
seq,t3.pc,6,0,10048,10051
seq,t0.dl,12,103,10049,10052
seq,t0.pc,6,32,10049,10052
seq,t1.pc,6,50,10050,10053
seq,t2.pc,6,62,10051,10054
seq,t3.pc,6,0,10052,10055
seq,t0.dl,12,102,10053,10056
seq,t0.pc,6,32,10053,10056
seq,t1.pc,6,50,10054,10057
seq,t2.pc,6,62,10055,10058
seq,t3.pc,6,0,10056,10059
seq,t0.dl,12,101,10057,10060
seq,t0.pc,6,32,10057,10060
seq,t1.pc,6,50,10058,10061
seq,t2.pc,6,62,10059,10062
seq,t3.pc,6,0,10060,10063
seq,t0.dl,12,100,10061,10064
seq,t0.pc,6,32,10061,10064
seq,t1.pc,6,50,10062,10065
seq,t2.pc,6,62,10063,10066
seq,t3.pc,6,0,10064,10067
seq,t0.dl,12,99,10065,10068
seq,t0.pc,6,32,10065,10068
seq,t1.pc,6,50,10066,10069
seq,t2.pc,6,62,10067,10070
seq,t3.pc,6,0,10068,10071
seq,t0.dl,12,98,10069,10072
seq,t0.pc,6,32,10069,10072
seq,t1.pc,6,50,10070,10073
seq,t2.pc,6,62,10071,10074
seq,t3.pc,6,0,10072,10075
seq,t0.dl,12,97,10073,10076
seq,t0.pc,6,32,10073,10076
seq,t1.pc,6,50,10074,10077
seq,t2.pc,6,62,10075,10078
seq,t3.pc,6,0,10076,10079
seq,t0.dl,12,96,10077,10080
seq,t0.pc,6,32,10077,10080
seq,t1.pc,6,50,10078,10081
seq,t2.pc,6,62,10079,10082
seq,t3.pc,6,0,10080,10083
seq,t0.dl,12,95,10081,10084
seq,t0.pc,6,32,10081,10084
seq,t1.pc,6,50,10082,10085
seq,t2.pc,6,62,10083,10086
seq,t3.pc,6,0,10084,10087
seq,t0.dl,12,94,10085,10088
seq,t0.pc,6,32,10085,10088
seq,t1.pc,6,50,10086,10089
seq,t2.pc,6,62,10087,10090
seq,t3.pc,6,0,10088,10091
seq,t0.dl,12,93,10089,10092
seq,t0.pc,6,32,10089,10092
seq,t1.pc,6,50,10090,10093
seq,t2.pc,6,62,10091,10094
seq,t3.pc,6,0,10092,10095
seq,t0.dl,12,92,10093,10096
seq,t0.pc,6,32,10093,10096
seq,t1.pc,6,50,10094,10097
seq,t2.pc,6,62,10095,10098
seq,t3.pc,6,0,10096,10099
seq,t0.dl,12,91,10097,10100
seq,t0.pc,6,32,10097,10100
seq,t1.pc,6,50,10098,10101
seq,t2.pc,6,62,10099,10102
seq,t3.pc,6,0,10100,10103
seq,t0.dl,12,90,10101,10104
seq,t0.pc,6,32,10101,10104
seq,t1.pc,6,50,10102,10105
seq,t2.pc,6,62,10103,10106
seq,t3.pc,6,0,10104,10107
seq,t0.dl,12,89,10105,10108
seq,t0.pc,6,32,10105,10108
seq,t1.pc,6,50,10106,10109
seq,t2.pc,6,62,10107,10110
seq,t3.pc,6,0,10108,10111
seq,t0.dl,12,88,10109,10112
seq,t0.pc,6,32,10109,10112
seq,t1.pc,6,50,10110,10113
seq,t2.pc,6,62,10111,10114
seq,t3.pc,6,0,10112,10115
seq,t0.dl,12,87,10113,10116
seq,t0.pc,6,32,10113,10116
seq,t1.pc,6,50,10114,10117
seq,t2.pc,6,62,10115,10118
seq,t3.pc,6,0,10116,10119
seq,t0.dl,12,86,10117,10120
seq,t0.pc,6,32,10117,10120
seq,t1.pc,6,50,10118,10121
seq,t2.pc,6,62,10119,10122
seq,t3.pc,6,0,10120,10123
seq,t0.dl,12,85,10121,10124
seq,t0.pc,6,32,10121,10124
seq,t1.pc,6,50,10122,10125
seq,t2.pc,6,62,10123,10126
seq,t3.pc,6,0,10124,10127
seq,t0.dl,12,84,10125,10128
seq,t0.pc,6,32,10125,10128
seq,t1.pc,6,50,10126,10129
seq,t2.pc,6,62,10127,10130
seq,t3.pc,6,0,10128,10131
seq,t0.dl,12,83,10129,10132
seq,t0.pc,6,32,10129,10132
seq,t1.pc,6,50,10130,10133
seq,t2.pc,6,62,10131,10134
seq,t3.pc,6,0,10132,10135
seq,t0.dl,12,82,10133,10136
seq,t0.pc,6,32,10133,10136
seq,t1.pc,6,50,10134,10137
seq,t2.pc,6,62,10135,10138
seq,t3.pc,6,0,10136,10139
seq,t0.dl,12,81,10137,10140
seq,t0.pc,6,32,10137,10140
seq,t1.pc,6,50,10138,10141
seq,t2.pc,6,62,10139,10142
seq,t3.pc,6,0,10140,10143
seq,t0.dl,12,80,10141,10144
seq,t0.pc,6,32,10141,10144
seq,t1.pc,6,50,10142,10145
seq,t2.pc,6,62,10143,10146
seq,t3.pc,6,0,10144,10147
seq,t0.dl,12,79,10145,10148
seq,t0.pc,6,32,10145,10148
seq,t1.pc,6,50,10146,10149
seq,t2.pc,6,62,10147,10150
seq,t3.pc,6,0,10148,10151
seq,t0.dl,12,78,10149,10152
seq,t0.pc,6,32,10149,10152
seq,t1.pc,6,50,10150,10153
seq,t2.pc,6,62,10151,10154
seq,t3.pc,6,0,10152,10155
seq,t0.dl,12,77,10153,10156
seq,t0.pc,6,32,10153,10156
seq,t1.pc,6,50,10154,10157
seq,t2.pc,6,62,10155,10158
seq,t3.pc,6,0,10156,10159
seq,t0.dl,12,76,10157,10160
seq,t0.pc,6,32,10157,10160
seq,t1.pc,6,50,10158,10161
seq,t2.pc,6,62,10159,10162
seq,t3.pc,6,0,10160,10163
seq,t0.dl,12,75,10161,10164
seq,t0.pc,6,32,10161,10164
seq,t1.pc,6,50,10162,10165
seq,t2.pc,6,62,10163,10166
seq,t3.pc,6,0,10164,10167
seq,t0.dl,12,74,10165,10168
seq,t0.pc,6,32,10165,10168
seq,t1.pc,6,50,10166,10169
seq,t2.pc,6,62,10167,10170
seq,t3.pc,6,0,10168,10171
seq,t0.dl,12,73,10169,10172
seq,t0.pc,6,32,10169,10172
seq,t1.pc,6,50,10170,10173
seq,t2.pc,6,62,10171,10174
seq,t3.pc,6,0,10172,10175
seq,t0.dl,12,72,10173,10176
seq,t0.pc,6,32,10173,10176
seq,t1.pc,6,50,10174,10177
seq,t2.pc,6,62,10175,10178
seq,t3.pc,6,0,10176,10179
seq,t0.dl,12,71,10177,10180
seq,t0.pc,6,32,10177,10180
seq,t1.pc,6,50,10178,10181
seq,t2.pc,6,62,10179,10182
seq,t3.pc,6,0,10180,10183
seq,t0.dl,12,70,10181,10184
seq,t0.pc,6,32,10181,10184
seq,t1.pc,6,50,10182,10185
seq,t2.pc,6,62,10183,10186
seq,t3.pc,6,0,10184,10187
seq,t0.dl,12,69,10185,10188
seq,t0.pc,6,32,10185,10188
seq,t1.pc,6,50,10186,10189
seq,t2.pc,6,62,10187,10190
seq,t3.pc,6,0,10188,10191
seq,t0.dl,12,68,10189,10192
seq,t0.pc,6,32,10189,10192
seq,t1.pc,6,50,10190,10193
seq,t2.pc,6,62,10191,10194
seq,t3.pc,6,0,10192,10195
seq,t0.dl,12,67,10193,10196
seq,t0.pc,6,32,10193,10196
seq,t1.pc,6,50,10194,10197
seq,t2.pc,6,62,10195,10198
seq,t3.pc,6,0,10196,10199
seq,t0.dl,12,66,10197,10200
seq,t0.pc,6,32,10197,10200
seq,t1.pc,6,50,10198,10201
seq,t2.pc,6,62,10199,10202
seq,t3.pc,6,0,10200,10203
seq,t0.dl,12,65,10201,10204
seq,t0.pc,6,32,10201,10204
seq,t1.pc,6,50,10202,10205
seq,t2.pc,6,62,10203,10206
seq,t3.pc,6,0,10204,10207
seq,t0.dl,12,64,10205,10208
seq,t0.pc,6,32,10205,10208
seq,t1.pc,6,50,10206,10209
seq,t2.pc,6,62,10207,10210
seq,t3.pc,6,0,10208,10211
seq,t0.dl,12,63,10209,10212
seq,t0.pc,6,32,10209,10212
seq,t1.pc,6,50,10210,10213
seq,t2.pc,6,62,10211,10214
seq,t3.pc,6,0,10212,10215
seq,t0.dl,12,62,10213,10216
seq,t0.pc,6,32,10213,10216
seq,t1.pc,6,50,10214,10217
seq,t2.pc,6,62,10215,10218
seq,t3.pc,6,0,10216,10219
seq,t0.dl,12,61,10217,10220
seq,t0.pc,6,32,10217,10220
seq,t1.pc,6,50,10218,10221
seq,t2.pc,6,62,10219,10222
seq,t3.pc,6,0,10220,10223
seq,t0.dl,12,60,10221,10224
seq,t0.pc,6,32,10221,10224
seq,t1.pc,6,50,10222,10225
seq,t2.pc,6,62,10223,10226
seq,t3.pc,6,0,10224,10227
seq,t0.dl,12,59,10225,10228
seq,t0.pc,6,32,10225,10228
seq,t1.pc,6,50,10226,10229
seq,t2.pc,6,62,10227,10230
seq,t3.pc,6,0,10228,10231
seq,t0.dl,12,58,10229,10232
seq,t0.pc,6,32,10229,10232
seq,t1.pc,6,50,10230,10233
seq,t2.pc,6,62,10231,10234
seq,t3.pc,6,0,10232,10235
seq,t0.dl,12,57,10233,10236
seq,t0.pc,6,32,10233,10236
seq,t1.pc,6,50,10234,10237
seq,t2.pc,6,62,10235,10238
seq,t3.pc,6,0,10236,10239
seq,t0.dl,12,56,10237,10240
seq,t0.pc,6,32,10237,10240
seq,t1.pc,6,50,10238,10241
seq,t2.pc,6,62,10239,10242
seq,t3.pc,6,0,10240,10243
seq,t0.dl,12,55,10241,10244
seq,t0.pc,6,32,10241,10244
seq,t1.pc,6,50,10242,10245
seq,t2.pc,6,62,10243,10246
seq,t3.pc,6,0,10244,10247
seq,t0.dl,12,54,10245,10248
seq,t0.pc,6,32,10245,10248
seq,t1.pc,6,50,10246,10249
seq,t2.pc,6,62,10247,10250
seq,t3.pc,6,0,10248,10251
seq,t0.dl,12,53,10249,10252
seq,t0.pc,6,32,10249,10252
seq,t1.pc,6,50,10250,10253
seq,t2.pc,6,62,10251,10254
seq,t3.pc,6,0,10252,10255
seq,t0.dl,12,52,10253,10256
seq,t0.pc,6,32,10253,10256
seq,t1.pc,6,50,10254,10257
seq,t2.pc,6,62,10255,10258
seq,t3.pc,6,0,10256,10259
seq,t0.dl,12,51,10257,10260
seq,t0.pc,6,32,10257,10260
seq,t1.pc,6,50,10258,10261
seq,t2.pc,6,62,10259,10262
seq,t3.pc,6,0,10260,10263
seq,t0.dl,12,50,10261,10264
seq,t0.pc,6,32,10261,10264
seq,t1.pc,6,50,10262,10265
seq,t2.pc,6,62,10263,10266
seq,t3.pc,6,0,10264,10267
seq,t0.dl,12,49,10265,10268
seq,t0.pc,6,32,10265,10268
seq,t1.pc,6,50,10266,10269
seq,t2.pc,6,62,10267,10270
seq,t3.pc,6,0,10268,10271
seq,t0.dl,12,48,10269,10272
seq,t0.pc,6,32,10269,10272
seq,t1.pc,6,50,10270,10273
seq,t2.pc,6,62,10271,10274
seq,t3.pc,6,0,10272,10275
seq,t0.dl,12,47,10273,10276
seq,t0.pc,6,32,10273,10276
seq,t1.pc,6,50,10274,10277
seq,t2.pc,6,62,10275,10278
seq,t3.pc,6,0,10276,10279
seq,t0.dl,12,46,10277,10280
seq,t0.pc,6,32,10277,10280
seq,t1.pc,6,50,10278,10281
seq,t2.pc,6,62,10279,10282
seq,t3.pc,6,0,10280,10283
seq,t0.dl,12,45,10281,10284
seq,t0.pc,6,32,10281,10284
seq,t1.pc,6,50,10282,10285
seq,t2.pc,6,62,10283,10286
seq,t3.pc,6,0,10284,10287
seq,t0.dl,12,44,10285,10288
seq,t0.pc,6,32,10285,10288
seq,t1.pc,6,50,10286,10289
seq,t2.pc,6,62,10287,10290
seq,t3.pc,6,0,10288,10291
seq,t0.dl,12,43,10289,10292
seq,t0.pc,6,32,10289,10292
seq,t1.pc,6,50,10290,10293
seq,t2.pc,6,62,10291,10294
seq,t3.pc,6,0,10292,10295
seq,t0.dl,12,42,10293,10296
seq,t0.pc,6,32,10293,10296
seq,t1.pc,6,50,10294,10297
seq,t2.pc,6,62,10295,10298
seq,t3.pc,6,0,10296,10299
seq,t0.dl,12,41,10297,10300
seq,t0.pc,6,32,10297,10300
seq,t1.pc,6,50,10298,10301
seq,t2.pc,6,62,10299,10302
seq,t3.pc,6,0,10300,10303
seq,t0.dl,12,40,10301,10304
seq,t0.pc,6,32,10301,10304
seq,t1.pc,6,50,10302,10305
seq,t2.pc,6,62,10303,10306
seq,t3.pc,6,0,10304,10307
seq,t0.dl,12,39,10305,10308
seq,t0.pc,6,32,10305,10308
seq,t1.pc,6,50,10306,10309
seq,t2.pc,6,62,10307,10310
seq,t3.pc,6,0,10308,10311
seq,t0.dl,12,38,10309,10312
seq,t0.pc,6,32,10309,10312
seq,t1.pc,6,50,10310,10313
seq,t2.pc,6,62,10311,10314
seq,t3.pc,6,0,10312,10315
seq,t0.dl,12,37,10313,10316
seq,t0.pc,6,32,10313,10316
seq,t1.pc,6,50,10314,10317
seq,t2.pc,6,62,10315,10318
seq,t3.pc,6,0,10316,10319
seq,t0.dl,12,36,10317,10320
seq,t0.pc,6,32,10317,10320
seq,t1.pc,6,50,10318,10321
seq,t2.pc,6,62,10319,10322
seq,t3.pc,6,0,10320,10323
seq,t0.dl,12,35,10321,10324
seq,t0.pc,6,32,10321,10324
seq,t1.pc,6,50,10322,10325
seq,t2.pc,6,62,10323,10326
seq,t3.pc,6,0,10324,10327
seq,t0.dl,12,34,10325,10328
seq,t0.pc,6,32,10325,10328
seq,t1.pc,6,50,10326,10329
seq,t2.pc,6,62,10327,10330
seq,t3.pc,6,0,10328,10331
seq,t0.dl,12,33,10329,10332
seq,t0.pc,6,32,10329,10332
seq,t1.pc,6,50,10330,10333
seq,t2.pc,6,62,10331,10334
seq,t3.pc,6,0,10332,10335
seq,t0.dl,12,32,10333,10336
seq,t0.pc,6,32,10333,10336
seq,t1.pc,6,50,10334,10337
seq,t2.pc,6,62,10335,10338
seq,t3.pc,6,0,10336,10339
seq,t0.dl,12,31,10337,10340
seq,t0.pc,6,32,10337,10340
seq,t1.pc,6,50,10338,10341
seq,t2.pc,6,62,10339,10342
seq,t3.pc,6,0,10340,10343
seq,t0.dl,12,30,10341,10344
seq,t0.pc,6,32,10341,10344
seq,t1.pc,6,50,10342,10345
seq,t2.pc,6,62,10343,10346
seq,t3.pc,6,0,10344,10347
seq,t0.dl,12,29,10345,10348
seq,t0.pc,6,32,10345,10348
seq,t1.pc,6,50,10346,10349
seq,t2.pc,6,62,10347,10350
seq,t3.pc,6,0,10348,10351
seq,t0.dl,12,28,10349,10352
seq,t0.pc,6,32,10349,10352
seq,t1.pc,6,50,10350,10353
seq,t2.pc,6,62,10351,10354
seq,t3.pc,6,0,10352,10355
seq,t0.dl,12,27,10353,10356
seq,t0.pc,6,32,10353,10356
seq,t1.pc,6,50,10354,10357
seq,t2.pc,6,62,10355,10358
seq,t3.pc,6,0,10356,10359
seq,t0.dl,12,26,10357,10360
seq,t0.pc,6,32,10357,10360
seq,t1.pc,6,50,10358,10361
seq,t2.pc,6,62,10359,10362
seq,t3.pc,6,0,10360,10363
seq,t0.dl,12,25,10361,10364
seq,t0.pc,6,32,10361,10364
seq,t1.pc,6,50,10362,10365
seq,t2.pc,6,62,10363,10366
seq,t3.pc,6,0,10364,10367
seq,t0.dl,12,24,10365,10368
seq,t0.pc,6,32,10365,10368
seq,t1.pc,6,50,10366,10369
seq,t2.pc,6,62,10367,10370
seq,t3.pc,6,0,10368,10371
seq,t0.dl,12,23,10369,10372
seq,t0.pc,6,32,10369,10372
seq,t1.pc,6,50,10370,10373
seq,t2.pc,6,62,10371,10374
seq,t3.pc,6,0,10372,10375
seq,t0.dl,12,22,10373,10376
seq,t0.pc,6,32,10373,10376
seq,t1.pc,6,50,10374,10377
seq,t2.pc,6,62,10375,10378
seq,t3.pc,6,0,10376,10379
seq,t0.dl,12,21,10377,10380
seq,t0.pc,6,32,10377,10380
seq,t1.pc,6,50,10378,10381
seq,t2.pc,6,62,10379,10382
seq,t3.pc,6,0,10380,10383
seq,t0.dl,12,20,10381,10384
seq,t0.pc,6,32,10381,10384
seq,t1.pc,6,50,10382,10385
seq,t2.pc,6,62,10383,10386
seq,t3.pc,6,0,10384,10387
seq,t0.dl,12,19,10385,10388
seq,t0.pc,6,32,10385,10388
seq,t1.pc,6,50,10386,10389
seq,t2.pc,6,62,10387,10390
seq,t3.pc,6,0,10388,10391
seq,t0.dl,12,18,10389,10392
seq,t0.pc,6,32,10389,10392
seq,t1.pc,6,50,10390,10393
seq,t2.pc,6,62,10391,10394
seq,t3.pc,6,0,10392,10395
seq,t0.dl,12,17,10393,10396
seq,t0.pc,6,32,10393,10396
seq,t1.pc,6,50,10394,10397
seq,t2.pc,6,62,10395,10398
seq,t3.pc,6,0,10396,10399
seq,t0.dl,12,16,10397,10400
seq,t0.pc,6,32,10397,10400
seq,t1.pc,6,50,10398,10401
seq,t2.pc,6,62,10399,10402
seq,t3.pc,6,0,10400,10403
seq,t0.dl,12,15,10401,10404
seq,t0.pc,6,32,10401,10404
seq,t1.pc,6,50,10402,10405
seq,t2.pc,6,62,10403,10406
seq,t3.pc,6,0,10404,10407
seq,t0.dl,12,14,10405,10408
seq,t0.pc,6,32,10405,10408
seq,t1.pc,6,50,10406,10409
seq,t2.pc,6,62,10407,10410
seq,t3.pc,6,0,10408,10411
seq,t0.dl,12,13,10409,10412
seq,t0.pc,6,32,10409,10412
seq,t1.pc,6,50,10410,10413
seq,t2.pc,6,62,10411,10414
seq,t3.pc,6,0,10412,10415
seq,t0.dl,12,12,10413,10416
seq,t0.pc,6,32,10413,10416
seq,t1.pc,6,50,10414,10417
seq,t2.pc,6,62,10415,10418
seq,t3.pc,6,0,10416,10419
seq,t0.dl,12,11,10417,10420
seq,t0.pc,6,32,10417,10420
seq,t1.pc,6,50,10418,10421
seq,t2.pc,6,62,10419,10422
seq,t3.pc,6,0,10420,10423
seq,t0.dl,12,10,10421,10424
seq,t0.pc,6,32,10421,10424
seq,t1.pc,6,50,10422,10425
seq,t2.pc,6,62,10423,10426
seq,t3.pc,6,0,10424,10427
seq,t0.dl,12,9,10425,10428
seq,t0.pc,6,32,10425,10428
seq,t1.pc,6,50,10426,10429
seq,t2.pc,6,62,10427,10430
seq,t3.pc,6,0,10428,10431
seq,t0.dl,12,8,10429,10432
seq,t0.pc,6,32,10429,10432
seq,t1.pc,6,50,10430,10433
seq,t2.pc,6,62,10431,10434
seq,t3.pc,6,0,10432,10435
seq,t0.dl,12,7,10433,10436
seq,t0.pc,6,32,10433,10436
seq,t1.pc,6,50,10434,10437
seq,t2.pc,6,62,10435,10438
seq,t3.pc,6,0,10436,10439
seq,t0.dl,12,6,10437,10440
seq,t0.pc,6,32,10437,10440
seq,t1.pc,6,50,10438,10441
seq,t2.pc,6,62,10439,10442
seq,t3.pc,6,0,10440,10443
seq,t0.dl,12,5,10441,10444
seq,t0.pc,6,32,10441,10444
seq,t1.pc,6,50,10442,10445
seq,t2.pc,6,62,10443,10446
seq,t3.pc,6,0,10444,10447
seq,t0.dl,12,4,10445,10448
seq,t0.pc,6,32,10445,10448
seq,t1.pc,6,50,10446,10449
seq,t2.pc,6,62,10447,10450
seq,t3.pc,6,0,10448,10451
seq,t0.dl,12,3,10449,10452
seq,t0.pc,6,32,10449,10452
seq,t1.pc,6,50,10450,10453
seq,t2.pc,6,62,10451,10454
seq,t3.pc,6,0,10452,10455
seq,t0.dl,12,2,10453,10456
seq,t0.pc,6,32,10453,10456
seq,t1.pc,6,50,10454,10457
seq,t2.pc,6,62,10455,10458
seq,t3.pc,6,0,10456,10459
seq,t0.dl,12,1,10457,10460
seq,t0.pc,6,32,10457,10460
seq,t1.pc,6,50,10458,10461
seq,t2.pc,6,62,10459,10462
seq,t3.pc,6,0,10460,10463
seq,t0.pc,6,32,10461,10464
seq,t1.pc,6,50,10462,10465
seq,t2.pc,6,62,10463,10466
seq,t3.pc,6,0,10464,10467
seq,t0.pc,6,33,10465,10468
seq,t1.pc,6,50,10466,10469
seq,t2.pc,6,62,10467,10470
seq,t3.pc,6,0,10468,10471
seq,t0.acc,8,4,10037,10472
seq,t0.cnt,12,5,10037,10472
seq,t0.pc,6,30,10469,10472
seq,t1.pc,6,50,10470,10473
seq,t2.pc,6,62,10471,10474
seq,t3.pc,6,0,10472,10475
seq,t0.dl,12,0,10461,10464
seq,t0.pc,6,31,10473,10476
seq,t1.pc,6,50,10474,10477
seq,t2.pc,6,62,10475,10478
seq,t3.pc,6,0,10476,10479
seq,t0.dl,12,105,10477,10480
seq,t0.pc,6,32,10477,10480
seq,t1.pc,6,50,10478,10481
seq,t2.pc,6,62,10479,10482
seq,t3.pc,6,0,10480,10483
seq,t0.dl,12,104,10481,10484
seq,t0.pc,6,32,10481,10484
seq,t1.pc,6,50,10482,10485
seq,t2.pc,6,62,10483,10486
seq,t3.pc,6,0,10484,10487
seq,t0.dl,12,103,10485,10488
seq,t0.pc,6,32,10485,10488
seq,t1.pc,6,50,10486,10489
seq,t2.pc,6,62,10487,10490
seq,t3.pc,6,0,10488,10491
seq,t0.dl,12,102,10489,10492
seq,t0.pc,6,32,10489,10492
seq,t1.pc,6,50,10490,10493
seq,t2.pc,6,62,10491,10494
seq,t3.pc,6,0,10492,10495
seq,t0.dl,12,101,10493,10496
seq,t0.pc,6,32,10493,10496
seq,t1.pc,6,50,10494,10497
seq,t2.pc,6,62,10495,10498
seq,t3.pc,6,0,10496,10499
seq,t0.dl,12,100,10497,10500
seq,t0.pc,6,32,10497,10500
seq,t1.pc,6,50,10498,10501
seq,t2.pc,6,62,10499,10502
seq,t3.pc,6,0,10500,10503
seq,t0.dl,12,99,10501,10504
seq,t0.pc,6,32,10501,10504
seq,t1.pc,6,50,10502,10505
seq,t2.pc,6,62,10503,10506
seq,t3.pc,6,0,10504,10507
seq,t0.dl,12,98,10505,10508
seq,t0.pc,6,32,10505,10508
seq,t1.pc,6,50,10506,10509
seq,t2.pc,6,62,10507,10510
seq,t3.pc,6,0,10508,10511
seq,t0.dl,12,97,10509,10512
seq,t0.pc,6,32,10509,10512
seq,t1.pc,6,50,10510,10513
seq,t2.pc,6,62,10511,10514
seq,t3.pc,6,0,10512,10515
seq,t0.dl,12,96,10513,10516
seq,t0.pc,6,32,10513,10516
seq,t1.pc,6,50,10514,10517
seq,t2.pc,6,62,10515,10518
seq,t3.pc,6,0,10516,10519
seq,t0.dl,12,95,10517,10520
seq,t0.pc,6,32,10517,10520
seq,t1.pc,6,50,10518,10521
seq,t2.pc,6,62,10519,10522
seq,t3.pc,6,0,10520,10523
seq,t0.dl,12,94,10521,10524
seq,t0.pc,6,32,10521,10524
seq,t1.pc,6,50,10522,10525
seq,t2.pc,6,62,10523,10526
seq,t3.pc,6,0,10524,10527
seq,t0.dl,12,93,10525,10528
seq,t0.pc,6,32,10525,10528
seq,t1.pc,6,50,10526,10529
seq,t2.pc,6,62,10527,10530
seq,t3.pc,6,0,10528,10531
seq,t0.dl,12,92,10529,10532
seq,t0.pc,6,32,10529,10532
seq,t1.pc,6,50,10530,10533
seq,t2.pc,6,62,10531,10534
seq,t3.pc,6,0,10532,10535
seq,t0.dl,12,91,10533,10536
seq,t0.pc,6,32,10533,10536
seq,t1.pc,6,50,10534,10537
seq,t2.pc,6,62,10535,10538
seq,t3.pc,6,0,10536,10539
seq,t0.dl,12,90,10537,10540
seq,t0.pc,6,32,10537,10540
seq,t1.pc,6,50,10538,10541
seq,t2.pc,6,62,10539,10542
seq,t3.pc,6,0,10540,10543
seq,t0.dl,12,89,10541,10544
seq,t0.pc,6,32,10541,10544
seq,t1.pc,6,50,10542,10545
seq,t2.pc,6,62,10543,10546
seq,t3.pc,6,0,10544,10547
seq,t0.dl,12,88,10545,10548
seq,t0.pc,6,32,10545,10548
seq,t1.pc,6,50,10546,10549
seq,t2.pc,6,62,10547,10550
seq,t3.pc,6,0,10548,10551
seq,t0.dl,12,87,10549,10552
seq,t0.pc,6,32,10549,10552
seq,t1.pc,6,50,10550,10553
seq,t2.pc,6,62,10551,10554
seq,t3.pc,6,0,10552,10555
seq,t0.dl,12,86,10553,10556
seq,t0.pc,6,32,10553,10556
seq,t1.pc,6,50,10554,10557
seq,t2.pc,6,62,10555,10558
seq,t3.pc,6,0,10556,10559
seq,t0.dl,12,85,10557,10560
seq,t0.pc,6,32,10557,10560
seq,t1.pc,6,50,10558,10561
seq,t2.pc,6,62,10559,10562
seq,t3.pc,6,0,10560,10563
seq,t0.dl,12,84,10561,10564
seq,t0.pc,6,32,10561,10564
seq,t1.pc,6,50,10562,10565
seq,t2.pc,6,62,10563,10566
seq,t3.pc,6,0,10564,10567
seq,t0.dl,12,83,10565,10568
seq,t0.pc,6,32,10565,10568
seq,t1.pc,6,50,10566,10569
seq,t2.pc,6,62,10567,10570
seq,t3.pc,6,0,10568,10571
seq,t0.dl,12,82,10569,10572
seq,t0.pc,6,32,10569,10572
seq,t1.pc,6,50,10570,10573
seq,t2.pc,6,62,10571,10574
seq,t3.pc,6,0,10572,10575
seq,t0.dl,12,81,10573,10576
seq,t0.pc,6,32,10573,10576
seq,t1.pc,6,50,10574,10577
seq,t2.pc,6,62,10575,10578
seq,t3.pc,6,0,10576,10579
seq,t0.dl,12,80,10577,10580
seq,t0.pc,6,32,10577,10580
seq,t1.pc,6,50,10578,10581
seq,t2.pc,6,62,10579,10582
seq,t3.pc,6,0,10580,10583
seq,t0.dl,12,79,10581,10584
seq,t0.pc,6,32,10581,10584
seq,t1.pc,6,50,10582,10585
seq,t2.pc,6,62,10583,10586
seq,t3.pc,6,0,10584,10587
seq,t0.dl,12,78,10585,10588
seq,t0.pc,6,32,10585,10588
seq,t1.pc,6,50,10586,10589
seq,t2.pc,6,62,10587,10590
seq,t3.pc,6,0,10588,10591
seq,t0.dl,12,77,10589,10592
seq,t0.pc,6,32,10589,10592
seq,t1.pc,6,50,10590,10593
seq,t2.pc,6,62,10591,10594
seq,t3.pc,6,0,10592,10595
seq,t0.dl,12,76,10593,10596
seq,t0.pc,6,32,10593,10596
seq,t1.pc,6,50,10594,10597
seq,t2.pc,6,62,10595,10598
seq,t3.pc,6,0,10596,10599
seq,t0.dl,12,75,10597,10600
seq,t0.pc,6,32,10597,10600
seq,t1.pc,6,50,10598,10601
seq,t2.pc,6,62,10599,10602
seq,t3.pc,6,0,10600,10603
seq,t0.dl,12,74,10601,10604
seq,t0.pc,6,32,10601,10604
seq,t1.pc,6,50,10602,10605
seq,t2.pc,6,62,10603,10606
seq,t3.pc,6,0,10604,10607
seq,t0.dl,12,73,10605,10608
seq,t0.pc,6,32,10605,10608
seq,t1.pc,6,50,10606,10609
seq,t2.pc,6,62,10607,10610
seq,t3.pc,6,0,10608,10611
seq,t0.dl,12,72,10609,10612
seq,t0.pc,6,32,10609,10612
seq,t1.pc,6,50,10610,10613
seq,t2.pc,6,62,10611,10614
seq,t3.pc,6,0,10612,10615
seq,t0.dl,12,71,10613,10616
seq,t0.pc,6,32,10613,10616
seq,t1.pc,6,50,10614,10617
seq,t2.pc,6,62,10615,10618
seq,t3.pc,6,0,10616,10619
seq,t0.dl,12,70,10617,10620
seq,t0.pc,6,32,10617,10620
seq,t1.pc,6,50,10618,10621
seq,t2.pc,6,62,10619,10622
seq,t3.pc,6,0,10620,10623
seq,t0.dl,12,69,10621,10624
seq,t0.pc,6,32,10621,10624
seq,t1.pc,6,50,10622,10625
seq,t2.pc,6,62,10623,10626
seq,t3.pc,6,0,10624,10627
seq,t0.dl,12,68,10625,10628
seq,t0.pc,6,32,10625,10628
seq,t1.pc,6,50,10626,10629
seq,t2.pc,6,62,10627,10630
seq,t3.pc,6,0,10628,10631
seq,t0.dl,12,67,10629,10632
seq,t0.pc,6,32,10629,10632
seq,t1.pc,6,50,10630,10633
seq,t2.pc,6,62,10631,10634
seq,t3.pc,6,0,10632,10635
seq,t0.dl,12,66,10633,10636
seq,t0.pc,6,32,10633,10636
seq,t1.pc,6,50,10634,10637
seq,t2.pc,6,62,10635,10638
seq,t3.pc,6,0,10636,10639
seq,t0.dl,12,65,10637,10640
seq,t0.pc,6,32,10637,10640
seq,t1.pc,6,50,10638,10641
seq,t2.pc,6,62,10639,10642
seq,t3.pc,6,0,10640,10643
seq,t0.dl,12,64,10641,10644
seq,t0.pc,6,32,10641,10644
seq,t1.pc,6,50,10642,10645
seq,t2.pc,6,62,10643,10646
seq,t3.pc,6,0,10644,10647
seq,t0.dl,12,63,10645,10648
seq,t0.pc,6,32,10645,10648
seq,t1.pc,6,50,10646,10649
seq,t2.pc,6,62,10647,10650
seq,t3.pc,6,0,10648,10651
seq,t0.dl,12,62,10649,10652
seq,t0.pc,6,32,10649,10652
seq,t1.pc,6,50,10650,10653
seq,t2.pc,6,62,10651,10654
seq,t3.pc,6,0,10652,10655
seq,t0.dl,12,61,10653,10656
seq,t0.pc,6,32,10653,10656
seq,t1.pc,6,50,10654,10657
seq,t2.pc,6,62,10655,10658
seq,t3.pc,6,0,10656,10659
seq,t0.dl,12,60,10657,10660
seq,t0.pc,6,32,10657,10660
seq,t1.pc,6,50,10658,10661
seq,t2.pc,6,62,10659,10662
seq,t3.pc,6,0,10660,10663
seq,t0.dl,12,59,10661,10664
seq,t0.pc,6,32,10661,10664
seq,t1.pc,6,50,10662,10665
seq,t2.pc,6,62,10663,10666
seq,t3.pc,6,0,10664,10667
seq,t0.dl,12,58,10665,10668
seq,t0.pc,6,32,10665,10668
seq,t1.pc,6,50,10666,10669
seq,t2.pc,6,62,10667,10670
seq,t3.pc,6,0,10668,10671
seq,t0.dl,12,57,10669,10672
seq,t0.pc,6,32,10669,10672
seq,t1.pc,6,50,10670,10673
seq,t2.pc,6,62,10671,10674
seq,t3.pc,6,0,10672,10675
seq,t0.dl,12,56,10673,10676
seq,t0.pc,6,32,10673,10676
seq,t1.pc,6,50,10674,10677
seq,t2.pc,6,62,10675,10678
seq,t3.pc,6,0,10676,10679
seq,t0.dl,12,55,10677,10680
seq,t0.pc,6,32,10677,10680
seq,t1.pc,6,50,10678,10681
seq,t2.pc,6,62,10679,10682
seq,t3.pc,6,0,10680,10683
seq,t0.dl,12,54,10681,10684
seq,t0.pc,6,32,10681,10684
seq,t1.pc,6,50,10682,10685
seq,t2.pc,6,62,10683,10686
seq,t3.pc,6,0,10684,10687
seq,t0.dl,12,53,10685,10688
seq,t0.pc,6,32,10685,10688
seq,t1.pc,6,50,10686,10689
seq,t2.pc,6,62,10687,10690
seq,t3.pc,6,0,10688,10691
seq,t0.dl,12,52,10689,10692
seq,t0.pc,6,32,10689,10692
seq,t1.pc,6,50,10690,10693
seq,t2.pc,6,62,10691,10694
seq,t3.pc,6,0,10692,10695
seq,t0.dl,12,51,10693,10696
seq,t0.pc,6,32,10693,10696
seq,t1.pc,6,50,10694,10697
seq,t2.pc,6,62,10695,10698
seq,t3.pc,6,0,10696,10699
seq,t0.dl,12,50,10697,10700
seq,t0.pc,6,32,10697,10700
seq,t1.pc,6,50,10698,10701
seq,t2.pc,6,62,10699,10702
seq,t3.pc,6,0,10700,10703
seq,t0.dl,12,49,10701,10704
seq,t0.pc,6,32,10701,10704
seq,t1.pc,6,50,10702,10705
seq,t2.pc,6,62,10703,10706
seq,t3.pc,6,0,10704,10707
seq,t0.dl,12,48,10705,10708
seq,t0.pc,6,32,10705,10708
seq,t1.pc,6,50,10706,10709
seq,t2.pc,6,62,10707,10710
seq,t3.pc,6,0,10708,10711
seq,t0.dl,12,47,10709,10712
seq,t0.pc,6,32,10709,10712
seq,t1.pc,6,50,10710,10713
seq,t2.pc,6,62,10711,10714
seq,t3.pc,6,0,10712,10715
seq,t0.dl,12,46,10713,10716
seq,t0.pc,6,32,10713,10716
seq,t1.pc,6,50,10714,10717
seq,t2.pc,6,62,10715,10718
seq,t3.pc,6,0,10716,10719
seq,t0.dl,12,45,10717,10720
seq,t0.pc,6,32,10717,10720
seq,t1.pc,6,50,10718,10721
seq,t2.pc,6,62,10719,10722
seq,t3.pc,6,0,10720,10723
seq,t0.dl,12,44,10721,10724
seq,t0.pc,6,32,10721,10724
seq,t1.pc,6,50,10722,10725
seq,t2.pc,6,62,10723,10726
seq,t3.pc,6,0,10724,10727
seq,t0.dl,12,43,10725,10728
seq,t0.pc,6,32,10725,10728
seq,t1.pc,6,50,10726,10729
seq,t2.pc,6,62,10727,10730
seq,t3.pc,6,0,10728,10731
seq,t0.dl,12,42,10729,10732
seq,t0.pc,6,32,10729,10732
seq,t1.pc,6,50,10730,10733
seq,t2.pc,6,62,10731,10734
seq,t3.pc,6,0,10732,10735
seq,t0.dl,12,41,10733,10736
seq,t0.pc,6,32,10733,10736
seq,t1.pc,6,50,10734,10737
seq,t2.pc,6,62,10735,10738
seq,t3.pc,6,0,10736,10739
seq,t0.dl,12,40,10737,10740
seq,t0.pc,6,32,10737,10740
seq,t1.pc,6,50,10738,10741
seq,t2.pc,6,62,10739,10742
seq,t3.pc,6,0,10740,10743
seq,t0.dl,12,39,10741,10744
seq,t0.pc,6,32,10741,10744
seq,t1.pc,6,50,10742,10745
seq,t2.pc,6,62,10743,10746
seq,t3.pc,6,0,10744,10747
seq,t0.dl,12,38,10745,10748
seq,t0.pc,6,32,10745,10748
seq,t1.pc,6,50,10746,10749
seq,t2.pc,6,62,10747,10750
seq,t3.pc,6,0,10748,10751
seq,t0.dl,12,37,10749,10752
seq,t0.pc,6,32,10749,10752
seq,t1.pc,6,50,10750,10753
seq,t2.pc,6,62,10751,10754
seq,t3.pc,6,0,10752,10755
seq,t0.dl,12,36,10753,10756
seq,t0.pc,6,32,10753,10756
seq,t1.pc,6,50,10754,10757
seq,t2.pc,6,62,10755,10758
seq,t3.pc,6,0,10756,10759
seq,t0.dl,12,35,10757,10760
seq,t0.pc,6,32,10757,10760
seq,t1.pc,6,50,10758,10761
seq,t2.pc,6,62,10759,10762
seq,t3.pc,6,0,10760,10763
seq,t0.dl,12,34,10761,10764
seq,t0.pc,6,32,10761,10764
seq,t1.pc,6,50,10762,10765
seq,t2.pc,6,62,10763,10766
seq,t3.pc,6,0,10764,10767
seq,t0.dl,12,33,10765,10768
seq,t0.pc,6,32,10765,10768
seq,t1.pc,6,50,10766,10769
seq,t2.pc,6,62,10767,10770
seq,t3.pc,6,0,10768,10771
seq,t0.dl,12,32,10769,10772
seq,t0.pc,6,32,10769,10772
seq,t1.pc,6,50,10770,10773
seq,t2.pc,6,62,10771,10774
seq,t3.pc,6,0,10772,10775
seq,t0.dl,12,31,10773,10776
seq,t0.pc,6,32,10773,10776
seq,t1.pc,6,50,10774,10777
seq,t2.pc,6,62,10775,10778
seq,t3.pc,6,0,10776,10779
seq,t0.dl,12,30,10777,10780
seq,t0.pc,6,32,10777,10780
seq,t1.pc,6,50,10778,10781
seq,t2.pc,6,62,10779,10782
seq,t3.pc,6,0,10780,10783
seq,t0.dl,12,29,10781,10784
seq,t0.pc,6,32,10781,10784
seq,t1.pc,6,50,10782,10785
seq,t2.pc,6,62,10783,10786
seq,t3.pc,6,0,10784,10787
seq,t0.dl,12,28,10785,10788
seq,t0.pc,6,32,10785,10788
seq,t1.pc,6,50,10786,10789
seq,t2.pc,6,62,10787,10790
seq,t3.pc,6,0,10788,10791
seq,t0.dl,12,27,10789,10792
seq,t0.pc,6,32,10789,10792
seq,t1.pc,6,50,10790,10793
seq,t2.pc,6,62,10791,10794
seq,t3.pc,6,0,10792,10795
seq,t0.dl,12,26,10793,10796
seq,t0.pc,6,32,10793,10796
seq,t1.pc,6,50,10794,10797
seq,t2.pc,6,62,10795,10798
seq,t3.pc,6,0,10796,10799
seq,t0.dl,12,25,10797,10800
seq,t0.pc,6,32,10797,10800
seq,t1.pc,6,50,10798,10801
seq,t2.pc,6,62,10799,10802
seq,t3.pc,6,0,10800,10803
seq,t0.dl,12,24,10801,10804
seq,t0.pc,6,32,10801,10804
seq,t1.pc,6,50,10802,10805
seq,t2.pc,6,62,10803,10806
seq,t3.pc,6,0,10804,10807
seq,t0.dl,12,23,10805,10808
seq,t0.pc,6,32,10805,10808
seq,t1.pc,6,50,10806,10809
seq,t2.pc,6,62,10807,10810
seq,t3.pc,6,0,10808,10811
seq,t0.dl,12,22,10809,10812
seq,t0.pc,6,32,10809,10812
seq,t1.pc,6,50,10810,10813
seq,t2.pc,6,62,10811,10814
seq,t3.pc,6,0,10812,10815
seq,t0.dl,12,21,10813,10816
seq,t0.pc,6,32,10813,10816
seq,t1.pc,6,50,10814,10817
seq,t2.pc,6,62,10815,10818
seq,t3.pc,6,0,10816,10819
seq,t0.dl,12,20,10817,10820
seq,t0.pc,6,32,10817,10820
seq,t1.pc,6,50,10818,10821
seq,t2.pc,6,62,10819,10822
seq,t3.pc,6,0,10820,10823
seq,t0.dl,12,19,10821,10824
seq,t0.pc,6,32,10821,10824
seq,t1.pc,6,50,10822,10825
seq,t2.pc,6,62,10823,10826
seq,t3.pc,6,0,10824,10827
seq,t0.dl,12,18,10825,10828
seq,t0.pc,6,32,10825,10828
seq,t1.pc,6,50,10826,10829
seq,t2.pc,6,62,10827,10830
seq,t3.pc,6,0,10828,10831
seq,t0.dl,12,17,10829,10832
seq,t0.pc,6,32,10829,10832
seq,t1.pc,6,50,10830,10833
seq,t2.pc,6,62,10831,10834
seq,t3.pc,6,0,10832,10835
seq,t0.dl,12,16,10833,10836
seq,t0.pc,6,32,10833,10836
seq,t1.pc,6,50,10834,10837
seq,t2.pc,6,62,10835,10838
seq,t3.pc,6,0,10836,10839
seq,t0.dl,12,15,10837,10840
seq,t0.pc,6,32,10837,10840
seq,t1.pc,6,50,10838,10841
seq,t2.pc,6,62,10839,10842
seq,t3.pc,6,0,10840,10843
seq,t0.dl,12,14,10841,10844
seq,t0.pc,6,32,10841,10844
seq,t1.pc,6,50,10842,10845
seq,t2.pc,6,62,10843,10846
seq,t3.pc,6,0,10844,10847
seq,t0.dl,12,13,10845,10848
seq,t0.pc,6,32,10845,10848
seq,t1.pc,6,50,10846,10849
seq,t2.pc,6,62,10847,10850
seq,t3.pc,6,0,10848,10851
seq,t0.dl,12,12,10849,10852
seq,t0.pc,6,32,10849,10852
seq,t1.pc,6,50,10850,10853
seq,t2.pc,6,62,10851,10854
seq,t3.pc,6,0,10852,10855
seq,t0.dl,12,11,10853,10856
seq,t0.pc,6,32,10853,10856
seq,t1.pc,6,50,10854,10857
seq,t2.pc,6,62,10855,10858
seq,t3.pc,6,0,10856,10859
seq,t0.dl,12,10,10857,10860
seq,t0.pc,6,32,10857,10860
seq,t1.pc,6,50,10858,10861
seq,t2.pc,6,62,10859,10862
seq,t3.pc,6,0,10860,10863
seq,t0.dl,12,9,10861,10864
seq,t0.pc,6,32,10861,10864
seq,t1.pc,6,50,10862,10865
seq,t2.pc,6,62,10863,10866
seq,t3.pc,6,0,10864,10867
seq,t0.dl,12,8,10865,10868
seq,t0.pc,6,32,10865,10868
seq,t1.pc,6,50,10866,10869
seq,t2.pc,6,62,10867,10870
seq,t3.pc,6,0,10868,10871
seq,t0.dl,12,7,10869,10872
seq,t0.pc,6,32,10869,10872
seq,t1.pc,6,50,10870,10873
seq,t2.pc,6,62,10871,10874
seq,t3.pc,6,0,10872,10875
seq,t0.dl,12,6,10873,10876
seq,t0.pc,6,32,10873,10876
seq,t1.pc,6,50,10874,10877
seq,t2.pc,6,62,10875,10878
seq,t3.pc,6,0,10876,10879
seq,t0.dl,12,5,10877,10880
seq,t0.pc,6,32,10877,10880
seq,t1.pc,6,50,10878,10881
seq,t2.pc,6,62,10879,10882
seq,t3.pc,6,0,10880,10883
seq,t0.dl,12,4,10881,10884
seq,t0.pc,6,32,10881,10884
seq,t1.pc,6,50,10882,10885
seq,t2.pc,6,62,10883,10886
seq,t3.pc,6,0,10884,10887
seq,t0.dl,12,3,10885,10888
seq,t0.pc,6,32,10885,10888
seq,t1.pc,6,50,10886,10889
seq,t2.pc,6,62,10887,10890
seq,t3.pc,6,0,10888,10891
seq,t0.dl,12,2,10889,10892
seq,t0.pc,6,32,10889,10892
seq,t1.pc,6,50,10890,10893
seq,t2.pc,6,62,10891,10894
seq,t3.pc,6,0,10892,10895
seq,t0.dl,12,1,10893,10896
seq,t0.pc,6,32,10893,10896
seq,t1.pc,6,50,10894,10897
seq,t2.pc,6,62,10895,10898
seq,t3.pc,6,0,10896,10899
seq,t0.pc,6,32,10897,10900
seq,t1.pc,6,50,10898,10901
seq,t2.pc,6,62,10899,10902
seq,t3.pc,6,0,10900,10903
seq,t0.pc,6,33,10901,10904
seq,t1.pc,6,50,10902,10905
seq,t2.pc,6,62,10903,10906
seq,t3.pc,6,0,10904,10907
seq,t0.acc,8,2,10473,10908
seq,t0.cnt,12,4,10473,10908
seq,t0.pc,6,30,10905,10908
seq,t1.pc,6,50,10906,10909
seq,t2.pc,6,62,10907,10910
seq,t3.pc,6,0,10908,10911
seq,t0.dl,12,0,10897,10900
seq,t0.pc,6,31,10909,10912
seq,t1.pc,6,50,10910,10913
seq,t2.pc,6,62,10911,10914
seq,t3.pc,6,0,10912,10915
seq,t0.dl,12,105,10913,10916
seq,t0.pc,6,32,10913,10916
seq,t1.pc,6,50,10914,10917
seq,t2.pc,6,62,10915,10918
seq,t3.pc,6,0,10916,10919
seq,t0.dl,12,104,10917,10920
seq,t0.pc,6,32,10917,10920
seq,t1.pc,6,50,10918,10921
seq,t2.pc,6,62,10919,10922
seq,t3.pc,6,0,10920,10923
seq,t0.dl,12,103,10921,10924
seq,t0.pc,6,32,10921,10924
seq,t1.pc,6,50,10922,10925
seq,t2.pc,6,62,10923,10926
seq,t3.pc,6,0,10924,10927
seq,t0.dl,12,102,10925,10928
seq,t0.pc,6,32,10925,10928
seq,t1.pc,6,50,10926,10929
seq,t2.pc,6,62,10927,10930
seq,t3.pc,6,0,10928,10931
seq,t0.dl,12,101,10929,10932
seq,t0.pc,6,32,10929,10932
seq,t1.pc,6,50,10930,10933
seq,t2.pc,6,62,10931,10934
seq,t3.pc,6,0,10932,10935
seq,t0.dl,12,100,10933,10936
seq,t0.pc,6,32,10933,10936
seq,t1.pc,6,50,10934,10937
seq,t2.pc,6,62,10935,10938
seq,t3.pc,6,0,10936,10939
seq,t0.dl,12,99,10937,10940
seq,t0.pc,6,32,10937,10940
seq,t1.pc,6,50,10938,10941
seq,t2.pc,6,62,10939,10942
seq,t3.pc,6,0,10940,10943
seq,t0.dl,12,98,10941,10944
seq,t0.pc,6,32,10941,10944
seq,t1.pc,6,50,10942,10945
seq,t2.pc,6,62,10943,10946
seq,t3.pc,6,0,10944,10947
seq,t0.dl,12,97,10945,10948
seq,t0.pc,6,32,10945,10948
seq,t1.pc,6,50,10946,10949
seq,t2.pc,6,62,10947,10950
seq,t3.pc,6,0,10948,10951
seq,t0.dl,12,96,10949,10952
seq,t0.pc,6,32,10949,10952
seq,t1.pc,6,50,10950,10953
seq,t2.pc,6,62,10951,10954
seq,t3.pc,6,0,10952,10955
seq,t0.dl,12,95,10953,10956
seq,t0.pc,6,32,10953,10956
seq,t1.pc,6,50,10954,10957
seq,t2.pc,6,62,10955,10958
seq,t3.pc,6,0,10956,10959
seq,t0.dl,12,94,10957,10960
seq,t0.pc,6,32,10957,10960
seq,t1.pc,6,50,10958,10961
seq,t2.pc,6,62,10959,10962
seq,t3.pc,6,0,10960,10963
seq,t0.dl,12,93,10961,10964
seq,t0.pc,6,32,10961,10964
seq,t1.pc,6,50,10962,10965
seq,t2.pc,6,62,10963,10966
seq,t3.pc,6,0,10964,10967
seq,t0.dl,12,92,10965,10968
seq,t0.pc,6,32,10965,10968
seq,t1.pc,6,50,10966,10969
seq,t2.pc,6,62,10967,10970
seq,t3.pc,6,0,10968,10971
seq,t0.dl,12,91,10969,10972
seq,t0.pc,6,32,10969,10972
seq,t1.pc,6,50,10970,10973
seq,t2.pc,6,62,10971,10974
seq,t3.pc,6,0,10972,10975
seq,t0.dl,12,90,10973,10976
seq,t0.pc,6,32,10973,10976
seq,t1.pc,6,50,10974,10977
seq,t2.pc,6,62,10975,10978
seq,t3.pc,6,0,10976,10979
seq,t0.dl,12,89,10977,10980
seq,t0.pc,6,32,10977,10980
seq,t1.pc,6,50,10978,10981
seq,t2.pc,6,62,10979,10982
seq,t3.pc,6,0,10980,10983
seq,t0.dl,12,88,10981,10984
seq,t0.pc,6,32,10981,10984
seq,t1.pc,6,50,10982,10985
seq,t2.pc,6,62,10983,10986
seq,t3.pc,6,0,10984,10987
seq,t0.dl,12,87,10985,10988
seq,t0.pc,6,32,10985,10988
seq,t1.pc,6,50,10986,10989
seq,t2.pc,6,62,10987,10990
seq,t3.pc,6,0,10988,10991
seq,t0.dl,12,86,10989,10992
seq,t0.pc,6,32,10989,10992
seq,t1.pc,6,50,10990,10993
seq,t2.pc,6,62,10991,10994
seq,t3.pc,6,0,10992,10995
seq,t0.dl,12,85,10993,10996
seq,t0.pc,6,32,10993,10996
seq,t1.pc,6,50,10994,10997
seq,t2.pc,6,62,10995,10998
seq,t3.pc,6,0,10996,10999
seq,t0.dl,12,84,10997,11000
seq,t0.pc,6,32,10997,11000
seq,t1.pc,6,50,10998,11001
seq,t2.pc,6,62,10999,11002
seq,t3.pc,6,0,11000,11003
seq,t0.dl,12,83,11001,11004
seq,t0.pc,6,32,11001,11004
seq,t1.pc,6,50,11002,11005
seq,t2.pc,6,62,11003,11006
seq,t3.pc,6,0,11004,11007
seq,t0.dl,12,82,11005,11008
seq,t0.pc,6,32,11005,11008
seq,t1.pc,6,50,11006,11009
seq,t2.pc,6,62,11007,11010
seq,t3.pc,6,0,11008,11011
seq,t0.dl,12,81,11009,11012
seq,t0.pc,6,32,11009,11012
seq,t1.pc,6,50,11010,11013
seq,t2.pc,6,62,11011,11014
seq,t3.pc,6,0,11012,11015
seq,t0.dl,12,80,11013,11016
seq,t0.pc,6,32,11013,11016
seq,t1.pc,6,50,11014,11017
seq,t2.pc,6,62,11015,11018
seq,t3.pc,6,0,11016,11019
seq,t0.dl,12,79,11017,11020
seq,t0.pc,6,32,11017,11020
seq,t1.pc,6,50,11018,11021
seq,t2.pc,6,62,11019,11022
seq,t3.pc,6,0,11020,11023
seq,t0.dl,12,78,11021,11024
seq,t0.pc,6,32,11021,11024
seq,t1.pc,6,50,11022,11025
seq,t2.pc,6,62,11023,11026
seq,t3.pc,6,0,11024,11027
seq,t0.dl,12,77,11025,11028
seq,t0.pc,6,32,11025,11028
seq,t1.pc,6,50,11026,11029
seq,t2.pc,6,62,11027,11030
seq,t3.pc,6,0,11028,11031
seq,t0.dl,12,76,11029,11032
seq,t0.pc,6,32,11029,11032
seq,t1.pc,6,50,11030,11033
seq,t2.pc,6,62,11031,11034
seq,t3.pc,6,0,11032,11035
seq,t0.dl,12,75,11033,11036
seq,t0.pc,6,32,11033,11036
seq,t1.pc,6,50,11034,11037
seq,t2.pc,6,62,11035,11038
seq,t3.pc,6,0,11036,11039
seq,t0.dl,12,74,11037,11040
seq,t0.pc,6,32,11037,11040
seq,t1.pc,6,50,11038,11041
seq,t2.pc,6,62,11039,11042
seq,t3.pc,6,0,11040,11043
seq,t0.dl,12,73,11041,11044
seq,t0.pc,6,32,11041,11044
seq,t1.pc,6,50,11042,11045
seq,t2.pc,6,62,11043,11046
seq,t3.pc,6,0,11044,11047
seq,t0.dl,12,72,11045,11048
seq,t0.pc,6,32,11045,11048
seq,t1.pc,6,50,11046,11049
seq,t2.pc,6,62,11047,11050
seq,t3.pc,6,0,11048,11051
seq,t0.dl,12,71,11049,11052
seq,t0.pc,6,32,11049,11052
seq,t1.pc,6,50,11050,11053
seq,t2.pc,6,62,11051,11054
seq,t3.pc,6,0,11052,11055
seq,t0.dl,12,70,11053,11056
seq,t0.pc,6,32,11053,11056
seq,t1.pc,6,50,11054,11057
seq,t2.pc,6,62,11055,11058
seq,t3.pc,6,0,11056,11059
seq,t0.dl,12,69,11057,11060
seq,t0.pc,6,32,11057,11060
seq,t1.pc,6,50,11058,11061
seq,t2.pc,6,62,11059,11062
seq,t3.pc,6,0,11060,11063
seq,t0.dl,12,68,11061,11064
seq,t0.pc,6,32,11061,11064
seq,t1.pc,6,50,11062,11065
seq,t2.pc,6,62,11063,11066
seq,t3.pc,6,0,11064,11067
seq,t0.dl,12,67,11065,11068
seq,t0.pc,6,32,11065,11068
seq,t1.pc,6,50,11066,11069
seq,t2.pc,6,62,11067,11070
seq,t3.pc,6,0,11068,11071
seq,t0.dl,12,66,11069,11072
seq,t0.pc,6,32,11069,11072
seq,t1.pc,6,50,11070,11073
seq,t2.pc,6,62,11071,11074
seq,t3.pc,6,0,11072,11075
seq,t0.dl,12,65,11073,11076
seq,t0.pc,6,32,11073,11076
seq,t1.pc,6,50,11074,11077
seq,t2.pc,6,62,11075,11078
seq,t3.pc,6,0,11076,11079
seq,t0.dl,12,64,11077,11080
seq,t0.pc,6,32,11077,11080
seq,t1.pc,6,50,11078,11081
seq,t2.pc,6,62,11079,11082
seq,t3.pc,6,0,11080,11083
seq,t0.dl,12,63,11081,11084
seq,t0.pc,6,32,11081,11084
seq,t1.pc,6,50,11082,11085
seq,t2.pc,6,62,11083,11086
seq,t3.pc,6,0,11084,11087
seq,t0.dl,12,62,11085,11088
seq,t0.pc,6,32,11085,11088
seq,t1.pc,6,50,11086,11089
seq,t2.pc,6,62,11087,11090
seq,t3.pc,6,0,11088,11091
seq,t0.dl,12,61,11089,11092
seq,t0.pc,6,32,11089,11092
seq,t1.pc,6,50,11090,11093
seq,t2.pc,6,62,11091,11094
seq,t3.pc,6,0,11092,11095
seq,t0.dl,12,60,11093,11096
seq,t0.pc,6,32,11093,11096
seq,t1.pc,6,50,11094,11097
seq,t2.pc,6,62,11095,11098
seq,t3.pc,6,0,11096,11099
seq,t0.dl,12,59,11097,11100
seq,t0.pc,6,32,11097,11100
seq,t1.pc,6,50,11098,11101
seq,t2.pc,6,62,11099,11102
seq,t3.pc,6,0,11100,11103
seq,t0.dl,12,58,11101,11104
seq,t0.pc,6,32,11101,11104
seq,t1.pc,6,50,11102,11105
seq,t2.pc,6,62,11103,11106
seq,t3.pc,6,0,11104,11107
seq,t0.dl,12,57,11105,11108
seq,t0.pc,6,32,11105,11108
seq,t1.pc,6,50,11106,11109
seq,t2.pc,6,62,11107,11110
seq,t3.pc,6,0,11108,11111
seq,t0.dl,12,56,11109,11112
seq,t0.pc,6,32,11109,11112
seq,t1.pc,6,50,11110,11113
seq,t2.pc,6,62,11111,11114
seq,t3.pc,6,0,11112,11115
seq,t0.dl,12,55,11113,11116
seq,t0.pc,6,32,11113,11116
seq,t1.pc,6,50,11114,11117
seq,t2.pc,6,62,11115,11118
seq,t3.pc,6,0,11116,11119
seq,t0.dl,12,54,11117,11120
seq,t0.pc,6,32,11117,11120
seq,t1.pc,6,50,11118,11121
seq,t2.pc,6,62,11119,11122
seq,t3.pc,6,0,11120,11123
seq,t0.dl,12,53,11121,11124
seq,t0.pc,6,32,11121,11124
seq,t1.pc,6,50,11122,11125
seq,t2.pc,6,62,11123,11126
seq,t3.pc,6,0,11124,11127
seq,t0.dl,12,52,11125,11128
seq,t0.pc,6,32,11125,11128
seq,t1.pc,6,50,11126,11129
seq,t2.pc,6,62,11127,11130
seq,t3.pc,6,0,11128,11131
seq,t0.dl,12,51,11129,11132
seq,t0.pc,6,32,11129,11132
seq,t1.pc,6,50,11130,11133
seq,t2.pc,6,62,11131,11134
seq,t3.pc,6,0,11132,11135
seq,t0.dl,12,50,11133,11136
seq,t0.pc,6,32,11133,11136
seq,t1.pc,6,50,11134,11137
seq,t2.pc,6,62,11135,11138
seq,t3.pc,6,0,11136,11139
seq,t0.dl,12,49,11137,11140
seq,t0.pc,6,32,11137,11140
seq,t1.pc,6,50,11138,11141
seq,t2.pc,6,62,11139,11142
seq,t3.pc,6,0,11140,11143
seq,t0.dl,12,48,11141,11144
seq,t0.pc,6,32,11141,11144
seq,t1.pc,6,50,11142,11145
seq,t2.pc,6,62,11143,11146
seq,t3.pc,6,0,11144,11147
seq,t0.dl,12,47,11145,11148
seq,t0.pc,6,32,11145,11148
seq,t1.pc,6,50,11146,11149
seq,t2.pc,6,62,11147,11150
seq,t3.pc,6,0,11148,11151
seq,t0.dl,12,46,11149,11152
seq,t0.pc,6,32,11149,11152
seq,t1.pc,6,50,11150,11153
seq,t2.pc,6,62,11151,11154
seq,t3.pc,6,0,11152,11155
seq,t0.dl,12,45,11153,11156
seq,t0.pc,6,32,11153,11156
seq,t1.pc,6,50,11154,11157
seq,t2.pc,6,62,11155,11158
seq,t3.pc,6,0,11156,11159
seq,t0.dl,12,44,11157,11160
seq,t0.pc,6,32,11157,11160
seq,t1.pc,6,50,11158,11161
seq,t2.pc,6,62,11159,11162
seq,t3.pc,6,0,11160,11163
seq,t0.dl,12,43,11161,11164
seq,t0.pc,6,32,11161,11164
seq,t1.pc,6,50,11162,11165
seq,t2.pc,6,62,11163,11166
seq,t3.pc,6,0,11164,11167
seq,t0.dl,12,42,11165,11168
seq,t0.pc,6,32,11165,11168
seq,t1.pc,6,50,11166,11169
seq,t2.pc,6,62,11167,11170
seq,t3.pc,6,0,11168,11171
seq,t0.dl,12,41,11169,11172
seq,t0.pc,6,32,11169,11172
seq,t1.pc,6,50,11170,11173
seq,t2.pc,6,62,11171,11174
seq,t3.pc,6,0,11172,11175
seq,t0.dl,12,40,11173,11176
seq,t0.pc,6,32,11173,11176
seq,t1.pc,6,50,11174,11177
seq,t2.pc,6,62,11175,11178
seq,t3.pc,6,0,11176,11179
seq,t0.dl,12,39,11177,11180
seq,t0.pc,6,32,11177,11180
seq,t1.pc,6,50,11178,11181
seq,t2.pc,6,62,11179,11182
seq,t3.pc,6,0,11180,11183
seq,t0.dl,12,38,11181,11184
seq,t0.pc,6,32,11181,11184
seq,t1.pc,6,50,11182,11185
seq,t2.pc,6,62,11183,11186
seq,t3.pc,6,0,11184,11187
seq,t0.dl,12,37,11185,11188
seq,t0.pc,6,32,11185,11188
seq,t1.pc,6,50,11186,11189
seq,t2.pc,6,62,11187,11190
seq,t3.pc,6,0,11188,11191
seq,t0.dl,12,36,11189,11192
seq,t0.pc,6,32,11189,11192
seq,t1.pc,6,50,11190,11193
seq,t2.pc,6,62,11191,11194
seq,t3.pc,6,0,11192,11195
seq,t0.dl,12,35,11193,11196
seq,t0.pc,6,32,11193,11196
seq,t1.pc,6,50,11194,11197
seq,t2.pc,6,62,11195,11198
seq,t3.pc,6,0,11196,11199
seq,t0.dl,12,34,11197,11200
seq,t0.pc,6,32,11197,11200
seq,t1.pc,6,50,11198,11201
seq,t2.pc,6,62,11199,11202
seq,t3.pc,6,0,11200,11203
seq,t0.dl,12,33,11201,11204
seq,t0.pc,6,32,11201,11204
seq,t1.pc,6,50,11202,11205
seq,t2.pc,6,62,11203,11206
seq,t3.pc,6,0,11204,11207
seq,t0.dl,12,32,11205,11208
seq,t0.pc,6,32,11205,11208
seq,t1.pc,6,50,11206,11209
seq,t2.pc,6,62,11207,11210
seq,t3.pc,6,0,11208,11211
seq,t0.dl,12,31,11209,11212
seq,t0.pc,6,32,11209,11212
seq,t1.pc,6,50,11210,11213
seq,t2.pc,6,62,11211,11214
seq,t3.pc,6,0,11212,11215
seq,t0.dl,12,30,11213,11216
seq,t0.pc,6,32,11213,11216
seq,t1.pc,6,50,11214,11217
seq,t2.pc,6,62,11215,11218
seq,t3.pc,6,0,11216,11219
seq,t0.dl,12,29,11217,11220
seq,t0.pc,6,32,11217,11220
seq,t1.pc,6,50,11218,11221
seq,t2.pc,6,62,11219,11222
seq,t3.pc,6,0,11220,11223
seq,t0.dl,12,28,11221,11224
seq,t0.pc,6,32,11221,11224
seq,t1.pc,6,50,11222,11225
seq,t2.pc,6,62,11223,11226
seq,t3.pc,6,0,11224,11227
seq,t0.dl,12,27,11225,11228
seq,t0.pc,6,32,11225,11228
seq,t1.pc,6,50,11226,11229
seq,t2.pc,6,62,11227,11230
seq,t3.pc,6,0,11228,11231
seq,t0.dl,12,26,11229,11232
seq,t0.pc,6,32,11229,11232
seq,t1.pc,6,50,11230,11233
seq,t2.pc,6,62,11231,11234
seq,t3.pc,6,0,11232,11235
seq,t0.dl,12,25,11233,11236
seq,t0.pc,6,32,11233,11236
seq,t1.pc,6,50,11234,11237
seq,t2.pc,6,62,11235,11238
seq,t3.pc,6,0,11236,11239
seq,t0.dl,12,24,11237,11240
seq,t0.pc,6,32,11237,11240
seq,t1.pc,6,50,11238,11241
seq,t2.pc,6,62,11239,11242
seq,t3.pc,6,0,11240,11243
seq,t0.dl,12,23,11241,11244
seq,t0.pc,6,32,11241,11244
seq,t1.pc,6,50,11242,11245
seq,t2.pc,6,62,11243,11246
seq,t3.pc,6,0,11244,11247
seq,t0.dl,12,22,11245,11248
seq,t0.pc,6,32,11245,11248
seq,t1.pc,6,50,11246,11249
seq,t2.pc,6,62,11247,11250
seq,t3.pc,6,0,11248,11251
seq,t0.dl,12,21,11249,11252
seq,t0.pc,6,32,11249,11252
seq,t1.pc,6,50,11250,11253
seq,t2.pc,6,62,11251,11254
seq,t3.pc,6,0,11252,11255
seq,t0.dl,12,20,11253,11256
seq,t0.pc,6,32,11253,11256
seq,t1.pc,6,50,11254,11257
seq,t2.pc,6,62,11255,11258
seq,t3.pc,6,0,11256,11259
seq,t0.dl,12,19,11257,11260
seq,t0.pc,6,32,11257,11260
seq,t1.pc,6,50,11258,11261
seq,t2.pc,6,62,11259,11262
seq,t3.pc,6,0,11260,11263
seq,t0.dl,12,18,11261,11264
seq,t0.pc,6,32,11261,11264
seq,t1.pc,6,50,11262,11265
seq,t2.pc,6,62,11263,11266
seq,t3.pc,6,0,11264,11267
seq,t0.dl,12,17,11265,11268
seq,t0.pc,6,32,11265,11268
seq,t1.pc,6,50,11266,11269
seq,t2.pc,6,62,11267,11270
seq,t3.pc,6,0,11268,11271
seq,t0.dl,12,16,11269,11272
seq,t0.pc,6,32,11269,11272
seq,t1.pc,6,50,11270,11273
seq,t2.pc,6,62,11271,11274
seq,t3.pc,6,0,11272,11275
seq,t0.dl,12,15,11273,11276
seq,t0.pc,6,32,11273,11276
seq,t1.pc,6,50,11274,11277
seq,t2.pc,6,62,11275,11278
seq,t3.pc,6,0,11276,11279
seq,t0.dl,12,14,11277,11280
seq,t0.pc,6,32,11277,11280
seq,t1.pc,6,50,11278,11281
seq,t2.pc,6,62,11279,11282
seq,t3.pc,6,0,11280,11283
seq,t0.dl,12,13,11281,11284
seq,t0.pc,6,32,11281,11284
seq,t1.pc,6,50,11282,11285
seq,t2.pc,6,62,11283,11286
seq,t3.pc,6,0,11284,11287
seq,t0.dl,12,12,11285,11288
seq,t0.pc,6,32,11285,11288
seq,t1.pc,6,50,11286,11289
seq,t2.pc,6,62,11287,11290
seq,t3.pc,6,0,11288,11291
seq,t0.dl,12,11,11289,11292
seq,t0.pc,6,32,11289,11292
seq,t1.pc,6,50,11290,11293
seq,t2.pc,6,62,11291,11294
seq,t3.pc,6,0,11292,11295
seq,t0.dl,12,10,11293,11296
seq,t0.pc,6,32,11293,11296
seq,t1.pc,6,50,11294,11297
seq,t2.pc,6,62,11295,11298
seq,t3.pc,6,0,11296,11299
seq,t0.dl,12,9,11297,11300
seq,t0.pc,6,32,11297,11300
seq,t1.pc,6,50,11298,11301
seq,t2.pc,6,62,11299,11302
seq,t3.pc,6,0,11300,11303
seq,t0.dl,12,8,11301,11304
seq,t0.pc,6,32,11301,11304
seq,t1.pc,6,50,11302,11305
seq,t2.pc,6,62,11303,11306
seq,t3.pc,6,0,11304,11307
seq,t0.dl,12,7,11305,11308
seq,t0.pc,6,32,11305,11308
seq,t1.pc,6,50,11306,11309
seq,t2.pc,6,62,11307,11310
seq,t3.pc,6,0,11308,11311
seq,t0.dl,12,6,11309,11312
seq,t0.pc,6,32,11309,11312
seq,t1.pc,6,50,11310,11313
seq,t2.pc,6,62,11311,11314
seq,t3.pc,6,0,11312,11315
seq,t0.dl,12,5,11313,11316
seq,t0.pc,6,32,11313,11316
seq,t1.pc,6,50,11314,11317
seq,t2.pc,6,62,11315,11318
seq,t3.pc,6,0,11316,11319
seq,t0.dl,12,4,11317,11320
seq,t0.pc,6,32,11317,11320
seq,t1.pc,6,50,11318,11321
seq,t2.pc,6,62,11319,11322
seq,t3.pc,6,0,11320,11323
seq,t0.dl,12,3,11321,11324
seq,t0.pc,6,32,11321,11324
seq,t1.pc,6,50,11322,11325
seq,t2.pc,6,62,11323,11326
seq,t3.pc,6,0,11324,11327
seq,t0.dl,12,2,11325,11328
seq,t0.pc,6,32,11325,11328
seq,t1.pc,6,50,11326,11329
seq,t2.pc,6,62,11327,11330
seq,t3.pc,6,0,11328,11331
seq,t0.dl,12,1,11329,11332
seq,t0.pc,6,32,11329,11332
seq,t1.pc,6,50,11330,11333
seq,t2.pc,6,62,11331,11334
seq,t3.pc,6,0,11332,11335
seq,t0.pc,6,32,11333,11336
seq,t1.pc,6,50,11334,11337
seq,t2.pc,6,62,11335,11338
seq,t3.pc,6,0,11336,11339
seq,t0.pc,6,33,11337,11340
seq,t1.pc,6,50,11338,11341
seq,t2.pc,6,62,11339,11342
seq,t3.pc,6,0,11340,11343
seq,t0.acc,8,1,10909,11344
seq,t0.cnt,12,3,10909,11344
seq,t0.pc,6,30,11341,11344
seq,t1.pc,6,50,11342,11345
seq,t2.pc,6,62,11343,11346
seq,t3.pc,6,0,11344,11347
seq,t0.dl,12,0,11333,11336
seq,t0.pc,6,31,11345,11348
seq,t1.pc,6,50,11346,11349
seq,t2.pc,6,62,11347,11350
seq,t3.pc,6,0,11348,11351
seq,t0.dl,12,105,11349,11352
seq,t0.pc,6,32,11349,11352
seq,t1.pc,6,50,11350,11353
seq,t2.pc,6,62,11351,11354
seq,t3.pc,6,0,11352,11355
seq,t0.dl,12,104,11353,11356
seq,t0.pc,6,32,11353,11356
seq,t1.pc,6,50,11354,11357
seq,t2.pc,6,62,11355,11358
seq,t3.pc,6,0,11356,11359
seq,t0.dl,12,103,11357,11360
seq,t0.pc,6,32,11357,11360
seq,t1.pc,6,50,11358,11361
seq,t2.pc,6,62,11359,11362
seq,t3.pc,6,0,11360,11363
seq,t0.dl,12,102,11361,11364
seq,t0.pc,6,32,11361,11364
seq,t1.pc,6,50,11362,11365
seq,t2.pc,6,62,11363,11366
seq,t3.pc,6,0,11364,11367
seq,t0.dl,12,101,11365,11368
seq,t0.pc,6,32,11365,11368
seq,t1.pc,6,50,11366,11369
seq,t2.pc,6,62,11367,11370
seq,t3.pc,6,0,11368,11371
seq,t0.dl,12,100,11369,11372
seq,t0.pc,6,32,11369,11372
seq,t1.pc,6,50,11370,11373
seq,t2.pc,6,62,11371,11374
seq,t3.pc,6,0,11372,11375
seq,t0.dl,12,99,11373,11376
seq,t0.pc,6,32,11373,11376
seq,t1.pc,6,50,11374,11377
seq,t2.pc,6,62,11375,11378
seq,t3.pc,6,0,11376,11379
seq,t0.dl,12,98,11377,11380
seq,t0.pc,6,32,11377,11380
seq,t1.pc,6,50,11378,11381
seq,t2.pc,6,62,11379,11382
seq,t3.pc,6,0,11380,11383
seq,t0.dl,12,97,11381,11384
seq,t0.pc,6,32,11381,11384
seq,t1.pc,6,50,11382,11385
seq,t2.pc,6,62,11383,11386
seq,t3.pc,6,0,11384,11387
seq,t0.dl,12,96,11385,11388
seq,t0.pc,6,32,11385,11388
seq,t1.pc,6,50,11386,11389
seq,t2.pc,6,62,11387,11390
seq,t3.pc,6,0,11388,11391
seq,t0.dl,12,95,11389,11392
seq,t0.pc,6,32,11389,11392
seq,t1.pc,6,50,11390,11393
seq,t2.pc,6,62,11391,11394
seq,t3.pc,6,0,11392,11395
seq,t0.dl,12,94,11393,11396
seq,t0.pc,6,32,11393,11396
seq,t1.pc,6,50,11394,11397
seq,t2.pc,6,62,11395,11398
seq,t3.pc,6,0,11396,11399
seq,t0.dl,12,93,11397,11400
seq,t0.pc,6,32,11397,11400
seq,t1.pc,6,50,11398,11401
seq,t2.pc,6,62,11399,11402
seq,t3.pc,6,0,11400,11403
seq,t0.dl,12,92,11401,11404
seq,t0.pc,6,32,11401,11404
seq,t1.pc,6,50,11402,11405
seq,t2.pc,6,62,11403,11406
seq,t3.pc,6,0,11404,11407
seq,t0.dl,12,91,11405,11408
seq,t0.pc,6,32,11405,11408
seq,t1.pc,6,50,11406,11409
seq,t2.pc,6,62,11407,11410
seq,t3.pc,6,0,11408,11411
seq,t0.dl,12,90,11409,11412
seq,t0.pc,6,32,11409,11412
seq,t1.pc,6,50,11410,11413
seq,t2.pc,6,62,11411,11414
seq,t3.pc,6,0,11412,11415
seq,t0.dl,12,89,11413,11416
seq,t0.pc,6,32,11413,11416
seq,t1.pc,6,50,11414,11417
seq,t2.pc,6,62,11415,11418
seq,t3.pc,6,0,11416,11419
seq,t0.dl,12,88,11417,11420
seq,t0.pc,6,32,11417,11420
seq,t1.pc,6,50,11418,11421
seq,t2.pc,6,62,11419,11422
seq,t3.pc,6,0,11420,11423
seq,t0.dl,12,87,11421,11424
seq,t0.pc,6,32,11421,11424
seq,t1.pc,6,50,11422,11425
seq,t2.pc,6,62,11423,11426
seq,t3.pc,6,0,11424,11427
seq,t0.dl,12,86,11425,11428
seq,t0.pc,6,32,11425,11428
seq,t1.pc,6,50,11426,11429
seq,t2.pc,6,62,11427,11430
seq,t3.pc,6,0,11428,11431
seq,t0.dl,12,85,11429,11432
seq,t0.pc,6,32,11429,11432
seq,t1.pc,6,50,11430,11433
seq,t2.pc,6,62,11431,11434
seq,t3.pc,6,0,11432,11435
seq,t0.dl,12,84,11433,11436
seq,t0.pc,6,32,11433,11436
seq,t1.pc,6,50,11434,11437
seq,t2.pc,6,62,11435,11438
seq,t3.pc,6,0,11436,11439
seq,t0.dl,12,83,11437,11440
seq,t0.pc,6,32,11437,11440
seq,t1.pc,6,50,11438,11441
seq,t2.pc,6,62,11439,11442
seq,t3.pc,6,0,11440,11443
seq,t0.dl,12,82,11441,11444
seq,t0.pc,6,32,11441,11444
seq,t1.pc,6,50,11442,11445
seq,t2.pc,6,62,11443,11446
seq,t3.pc,6,0,11444,11447
seq,t0.dl,12,81,11445,11448
seq,t0.pc,6,32,11445,11448
seq,t1.pc,6,50,11446,11449
seq,t2.pc,6,62,11447,11450
seq,t3.pc,6,0,11448,11451
seq,t0.dl,12,80,11449,11452
seq,t0.pc,6,32,11449,11452
seq,t1.pc,6,50,11450,11453
seq,t2.pc,6,62,11451,11454
seq,t3.pc,6,0,11452,11455
seq,t0.dl,12,79,11453,11456
seq,t0.pc,6,32,11453,11456
seq,t1.pc,6,50,11454,11457
seq,t2.pc,6,62,11455,11458
seq,t3.pc,6,0,11456,11459
seq,t0.dl,12,78,11457,11460
seq,t0.pc,6,32,11457,11460
seq,t1.pc,6,50,11458,11461
seq,t2.pc,6,62,11459,11462
seq,t3.pc,6,0,11460,11463
seq,t0.dl,12,77,11461,11464
seq,t0.pc,6,32,11461,11464
seq,t1.pc,6,50,11462,11465
seq,t2.pc,6,62,11463,11466
seq,t3.pc,6,0,11464,11467
seq,t0.dl,12,76,11465,11468
seq,t0.pc,6,32,11465,11468
seq,t1.pc,6,50,11466,11469
seq,t2.pc,6,62,11467,11470
seq,t3.pc,6,0,11468,11471
seq,t0.dl,12,75,11469,11472
seq,t0.pc,6,32,11469,11472
seq,t1.pc,6,50,11470,11473
seq,t2.pc,6,62,11471,11474
seq,t3.pc,6,0,11472,11475
seq,t0.dl,12,74,11473,11476
seq,t0.pc,6,32,11473,11476
seq,t1.pc,6,50,11474,11477
seq,t2.pc,6,62,11475,11478
seq,t3.pc,6,0,11476,11479
seq,t0.dl,12,73,11477,11480
seq,t0.pc,6,32,11477,11480
seq,t1.pc,6,50,11478,11481
seq,t2.pc,6,62,11479,11482
seq,t3.pc,6,0,11480,11483
seq,t0.dl,12,72,11481,11484
seq,t0.pc,6,32,11481,11484
seq,t1.pc,6,50,11482,11485
seq,t2.pc,6,62,11483,11486
seq,t3.pc,6,0,11484,11487
seq,t0.dl,12,71,11485,11488
seq,t0.pc,6,32,11485,11488
seq,t1.pc,6,50,11486,11489
seq,t2.pc,6,62,11487,11490
seq,t3.pc,6,0,11488,11491
seq,t0.dl,12,70,11489,11492
seq,t0.pc,6,32,11489,11492
seq,t1.pc,6,50,11490,11493
seq,t2.pc,6,62,11491,11494
seq,t3.pc,6,0,11492,11495
seq,t0.dl,12,69,11493,11496
seq,t0.pc,6,32,11493,11496
seq,t1.pc,6,50,11494,11497
seq,t2.pc,6,62,11495,11498
seq,t3.pc,6,0,11496,11499
seq,t0.dl,12,68,11497,11500
seq,t0.pc,6,32,11497,11500
seq,t1.pc,6,50,11498,11501
seq,t2.pc,6,62,11499,11502
seq,t3.pc,6,0,11500,11503
seq,t0.dl,12,67,11501,11504
seq,t0.pc,6,32,11501,11504
seq,t1.pc,6,50,11502,11505
seq,t2.pc,6,62,11503,11506
seq,t3.pc,6,0,11504,11507
seq,t0.dl,12,66,11505,11508
seq,t0.pc,6,32,11505,11508
seq,t1.pc,6,50,11506,11509
seq,t2.pc,6,62,11507,11510
seq,t3.pc,6,0,11508,11511
seq,t0.dl,12,65,11509,11512
seq,t0.pc,6,32,11509,11512
seq,t1.pc,6,50,11510,11513
seq,t2.pc,6,62,11511,11514
seq,t3.pc,6,0,11512,11515
seq,t0.dl,12,64,11513,11516
seq,t0.pc,6,32,11513,11516
seq,t1.pc,6,50,11514,11517
seq,t2.pc,6,62,11515,11518
seq,t3.pc,6,0,11516,11519
seq,t0.dl,12,63,11517,11520
seq,t0.pc,6,32,11517,11520
seq,t1.pc,6,50,11518,11521
seq,t2.pc,6,62,11519,11522
seq,t3.pc,6,0,11520,11523
seq,t0.dl,12,62,11521,11524
seq,t0.pc,6,32,11521,11524
seq,t1.pc,6,50,11522,11525
seq,t2.pc,6,62,11523,11526
seq,t3.pc,6,0,11524,11527
seq,t0.dl,12,61,11525,11528
seq,t0.pc,6,32,11525,11528
seq,t1.pc,6,50,11526,11529
seq,t2.pc,6,62,11527,11530
seq,t3.pc,6,0,11528,11531
seq,t0.dl,12,60,11529,11532
seq,t0.pc,6,32,11529,11532
seq,t1.pc,6,50,11530,11533
seq,t2.pc,6,62,11531,11534
seq,t3.pc,6,0,11532,11535
seq,t0.dl,12,59,11533,11536
seq,t0.pc,6,32,11533,11536
seq,t1.pc,6,50,11534,11537
seq,t2.pc,6,62,11535,11538
seq,t3.pc,6,0,11536,11539
seq,t0.dl,12,58,11537,11540
seq,t0.pc,6,32,11537,11540
seq,t1.pc,6,50,11538,11541
seq,t2.pc,6,62,11539,11542
seq,t3.pc,6,0,11540,11543
seq,t0.dl,12,57,11541,11544
seq,t0.pc,6,32,11541,11544
seq,t1.pc,6,50,11542,11545
seq,t2.pc,6,62,11543,11546
seq,t3.pc,6,0,11544,11547
seq,t0.dl,12,56,11545,11548
seq,t0.pc,6,32,11545,11548
seq,t1.pc,6,50,11546,11549
seq,t2.pc,6,62,11547,11550
seq,t3.pc,6,0,11548,11551
seq,t0.dl,12,55,11549,11552
seq,t0.pc,6,32,11549,11552
seq,t1.pc,6,50,11550,11553
seq,t2.pc,6,62,11551,11554
seq,t3.pc,6,0,11552,11555
seq,t0.dl,12,54,11553,11556
seq,t0.pc,6,32,11553,11556
seq,t1.pc,6,50,11554,11557
seq,t2.pc,6,62,11555,11558
seq,t3.pc,6,0,11556,11559
seq,t0.dl,12,53,11557,11560
seq,t0.pc,6,32,11557,11560
seq,t1.pc,6,50,11558,11561
seq,t2.pc,6,62,11559,11562
seq,t3.pc,6,0,11560,11563
seq,t0.dl,12,52,11561,11564
seq,t0.pc,6,32,11561,11564
seq,t1.pc,6,50,11562,11565
seq,t2.pc,6,62,11563,11566
seq,t3.pc,6,0,11564,11567
seq,t0.dl,12,51,11565,11568
seq,t0.pc,6,32,11565,11568
seq,t1.pc,6,50,11566,11569
seq,t2.pc,6,62,11567,11570
seq,t3.pc,6,0,11568,11571
seq,t0.dl,12,50,11569,11572
seq,t0.pc,6,32,11569,11572
seq,t1.pc,6,50,11570,11573
seq,t2.pc,6,62,11571,11574
seq,t3.pc,6,0,11572,11575
seq,t0.dl,12,49,11573,11576
seq,t0.pc,6,32,11573,11576
seq,t1.pc,6,50,11574,11577
seq,t2.pc,6,62,11575,11578
seq,t3.pc,6,0,11576,11579
seq,t0.dl,12,48,11577,11580
seq,t0.pc,6,32,11577,11580
seq,t1.pc,6,50,11578,11581
seq,t2.pc,6,62,11579,11582
seq,t3.pc,6,0,11580,11583
seq,t0.dl,12,47,11581,11584
seq,t0.pc,6,32,11581,11584
seq,t1.pc,6,50,11582,11585
seq,t2.pc,6,62,11583,11586
seq,t3.pc,6,0,11584,11587
seq,t0.dl,12,46,11585,11588
seq,t0.pc,6,32,11585,11588
seq,t1.pc,6,50,11586,11589
seq,t2.pc,6,62,11587,11590
seq,t3.pc,6,0,11588,11591
seq,t0.dl,12,45,11589,11592
seq,t0.pc,6,32,11589,11592
seq,t1.pc,6,50,11590,11593
seq,t2.pc,6,62,11591,11594
seq,t3.pc,6,0,11592,11595
seq,t0.dl,12,44,11593,11596
seq,t0.pc,6,32,11593,11596
seq,t1.pc,6,50,11594,11597
seq,t2.pc,6,62,11595,11598
seq,t3.pc,6,0,11596,11599
seq,t0.dl,12,43,11597,11600
seq,t0.pc,6,32,11597,11600
seq,t1.pc,6,50,11598,11601
seq,t2.pc,6,62,11599,11602
seq,t3.pc,6,0,11600,11603
seq,t0.dl,12,42,11601,11604
seq,t0.pc,6,32,11601,11604
seq,t1.pc,6,50,11602,11605
seq,t2.pc,6,62,11603,11606
seq,t3.pc,6,0,11604,11607
seq,t0.dl,12,41,11605,11608
seq,t0.pc,6,32,11605,11608
seq,t1.pc,6,50,11606,11609
seq,t2.pc,6,62,11607,11610
seq,t3.pc,6,0,11608,11611
seq,t0.dl,12,40,11609,11612
seq,t0.pc,6,32,11609,11612
seq,t1.pc,6,50,11610,11613
seq,t2.pc,6,62,11611,11614
seq,t3.pc,6,0,11612,11615
seq,t0.dl,12,39,11613,11616
seq,t0.pc,6,32,11613,11616
seq,t1.pc,6,50,11614,11617
seq,t2.pc,6,62,11615,11618
seq,t3.pc,6,0,11616,11619
seq,t0.dl,12,38,11617,11620
seq,t0.pc,6,32,11617,11620
seq,t1.pc,6,50,11618,11621
seq,t2.pc,6,62,11619,11622
seq,t3.pc,6,0,11620,11623
seq,t0.dl,12,37,11621,11624
seq,t0.pc,6,32,11621,11624
seq,t1.pc,6,50,11622,11625
seq,t2.pc,6,62,11623,11626
seq,t3.pc,6,0,11624,11627
seq,t0.dl,12,36,11625,11628
seq,t0.pc,6,32,11625,11628
seq,t1.pc,6,50,11626,11629
seq,t2.pc,6,62,11627,11630
seq,t3.pc,6,0,11628,11631
seq,t0.dl,12,35,11629,11632
seq,t0.pc,6,32,11629,11632
seq,t1.pc,6,50,11630,11633
seq,t2.pc,6,62,11631,11634
seq,t3.pc,6,0,11632,11635
seq,t0.dl,12,34,11633,11636
seq,t0.pc,6,32,11633,11636
seq,t1.pc,6,50,11634,11637
seq,t2.pc,6,62,11635,11638
seq,t3.pc,6,0,11636,11639
seq,t0.dl,12,33,11637,11640
seq,t0.pc,6,32,11637,11640
seq,t1.pc,6,50,11638,11641
seq,t2.pc,6,62,11639,11642
seq,t3.pc,6,0,11640,11643
seq,t0.dl,12,32,11641,11644
seq,t0.pc,6,32,11641,11644
seq,t1.pc,6,50,11642,11645
seq,t2.pc,6,62,11643,11646
seq,t3.pc,6,0,11644,11647
seq,t0.dl,12,31,11645,11648
seq,t0.pc,6,32,11645,11648
seq,t1.pc,6,50,11646,11649
seq,t2.pc,6,62,11647,11650
seq,t3.pc,6,0,11648,11651
seq,t0.dl,12,30,11649,11652
seq,t0.pc,6,32,11649,11652
seq,t1.pc,6,50,11650,11653
seq,t2.pc,6,62,11651,11654
seq,t3.pc,6,0,11652,11655
seq,t0.dl,12,29,11653,11656
seq,t0.pc,6,32,11653,11656
seq,t1.pc,6,50,11654,11657
seq,t2.pc,6,62,11655,11658
seq,t3.pc,6,0,11656,11659
seq,t0.dl,12,28,11657,11660
seq,t0.pc,6,32,11657,11660
seq,t1.pc,6,50,11658,11661
seq,t2.pc,6,62,11659,11662
seq,t3.pc,6,0,11660,11663
seq,t0.dl,12,27,11661,11664
seq,t0.pc,6,32,11661,11664
seq,t1.pc,6,50,11662,11665
seq,t2.pc,6,62,11663,11666
seq,t3.pc,6,0,11664,11667
seq,t0.dl,12,26,11665,11668
seq,t0.pc,6,32,11665,11668
seq,t1.pc,6,50,11666,11669
seq,t2.pc,6,62,11667,11670
seq,t3.pc,6,0,11668,11671
seq,t0.dl,12,25,11669,11672
seq,t0.pc,6,32,11669,11672
seq,t1.pc,6,50,11670,11673
seq,t2.pc,6,62,11671,11674
seq,t3.pc,6,0,11672,11675
seq,t0.dl,12,24,11673,11676
seq,t0.pc,6,32,11673,11676
seq,t1.pc,6,50,11674,11677
seq,t2.pc,6,62,11675,11678
seq,t3.pc,6,0,11676,11679
seq,t0.dl,12,23,11677,11680
seq,t0.pc,6,32,11677,11680
seq,t1.pc,6,50,11678,11681
seq,t2.pc,6,62,11679,11682
seq,t3.pc,6,0,11680,11683
seq,t0.dl,12,22,11681,11684
seq,t0.pc,6,32,11681,11684
seq,t1.pc,6,50,11682,11685
seq,t2.pc,6,62,11683,11686
seq,t3.pc,6,0,11684,11687
seq,t0.dl,12,21,11685,11688
seq,t0.pc,6,32,11685,11688
seq,t1.pc,6,50,11686,11689
seq,t2.pc,6,62,11687,11690
seq,t3.pc,6,0,11688,11691
seq,t0.dl,12,20,11689,11692
seq,t0.pc,6,32,11689,11692
seq,t1.pc,6,50,11690,11693
seq,t2.pc,6,62,11691,11694
seq,t3.pc,6,0,11692,11695
seq,t0.dl,12,19,11693,11696
seq,t0.pc,6,32,11693,11696
seq,t1.pc,6,50,11694,11697
seq,t2.pc,6,62,11695,11698
seq,t3.pc,6,0,11696,11699
seq,t0.dl,12,18,11697,11700
seq,t0.pc,6,32,11697,11700
seq,t1.pc,6,50,11698,11701
seq,t2.pc,6,62,11699,11702
seq,t3.pc,6,0,11700,11703
seq,t0.dl,12,17,11701,11704
seq,t0.pc,6,32,11701,11704
seq,t1.pc,6,50,11702,11705
seq,t2.pc,6,62,11703,11706
seq,t3.pc,6,0,11704,11707
seq,t0.dl,12,16,11705,11708
seq,t0.pc,6,32,11705,11708
seq,t1.pc,6,50,11706,11709
seq,t2.pc,6,62,11707,11710
seq,t3.pc,6,0,11708,11711
seq,t0.dl,12,15,11709,11712
seq,t0.pc,6,32,11709,11712
seq,t1.pc,6,50,11710,11713
seq,t2.pc,6,62,11711,11714
seq,t3.pc,6,0,11712,11715
seq,t0.dl,12,14,11713,11716
seq,t0.pc,6,32,11713,11716
seq,t1.pc,6,50,11714,11717
seq,t2.pc,6,62,11715,11718
seq,t3.pc,6,0,11716,11719
seq,t0.dl,12,13,11717,11720
seq,t0.pc,6,32,11717,11720
seq,t1.pc,6,50,11718,11721
seq,t2.pc,6,62,11719,11722
seq,t3.pc,6,0,11720,11723
seq,t0.dl,12,12,11721,11724
seq,t0.pc,6,32,11721,11724
seq,t1.pc,6,50,11722,11725
seq,t2.pc,6,62,11723,11726
seq,t3.pc,6,0,11724,11727
seq,t0.dl,12,11,11725,11728
seq,t0.pc,6,32,11725,11728
seq,t1.pc,6,50,11726,11729
seq,t2.pc,6,62,11727,11730
seq,t3.pc,6,0,11728,11731
seq,t0.dl,12,10,11729,11732
seq,t0.pc,6,32,11729,11732
seq,t1.pc,6,50,11730,11733
seq,t2.pc,6,62,11731,11734
seq,t3.pc,6,0,11732,11735
seq,t0.dl,12,9,11733,11736
seq,t0.pc,6,32,11733,11736
seq,t1.pc,6,50,11734,11737
seq,t2.pc,6,62,11735,11738
seq,t3.pc,6,0,11736,11739
seq,t0.dl,12,8,11737,11740
seq,t0.pc,6,32,11737,11740
seq,t1.pc,6,50,11738,11741
seq,t2.pc,6,62,11739,11742
seq,t3.pc,6,0,11740,11743
seq,t0.dl,12,7,11741,11744
seq,t0.pc,6,32,11741,11744
seq,t1.pc,6,50,11742,11745
seq,t2.pc,6,62,11743,11746
seq,t3.pc,6,0,11744,11747
seq,t0.dl,12,6,11745,11748
seq,t0.pc,6,32,11745,11748
seq,t1.pc,6,50,11746,11749
seq,t2.pc,6,62,11747,11750
seq,t3.pc,6,0,11748,11751
seq,t0.dl,12,5,11749,11752
seq,t0.pc,6,32,11749,11752
seq,t1.pc,6,50,11750,11753
seq,t2.pc,6,62,11751,11754
seq,t3.pc,6,0,11752,11755
seq,t0.dl,12,4,11753,11756
seq,t0.pc,6,32,11753,11756
seq,t1.pc,6,50,11754,11757
seq,t2.pc,6,62,11755,11758
seq,t3.pc,6,0,11756,11759
seq,t0.dl,12,3,11757,11760
seq,t0.pc,6,32,11757,11760
seq,t1.pc,6,50,11758,11761
seq,t2.pc,6,62,11759,11762
seq,t3.pc,6,0,11760,11763
seq,t0.dl,12,2,11761,11764
seq,t0.pc,6,32,11761,11764
seq,t1.pc,6,50,11762,11765
seq,t2.pc,6,62,11763,11766
seq,t3.pc,6,0,11764,11767
seq,t0.dl,12,1,11765,11768
seq,t0.pc,6,32,11765,11768
seq,t1.pc,6,50,11766,11769
seq,t2.pc,6,62,11767,11770
seq,t3.pc,6,0,11768,11771
seq,t0.pc,6,32,11769,11772
seq,t1.pc,6,50,11770,11773
seq,t2.pc,6,62,11771,11774
seq,t3.pc,6,0,11772,11775
seq,t0.pc,6,33,11773,11776
seq,t1.pc,6,50,11774,11777
seq,t2.pc,6,62,11775,11778
seq,t3.pc,6,0,11776,11779
seq,t0.acc,8,0,11345,11780
seq,t0.cnt,12,2,11345,11780
seq,t0.pc,6,30,11777,11780
seq,t1.pc,6,50,11778,11781
seq,t2.pc,6,62,11779,11782
seq,t3.pc,6,0,11780,11783
seq,t0.dl,12,0,11769,11772
seq,t0.pc,6,31,11781,11784
seq,t1.pc,6,50,11782,11785
seq,t2.pc,6,62,11783,11786
seq,t3.pc,6,0,11784,11787
seq,t0.dl,12,105,11785,11788
seq,t0.pc,6,32,11785,11788
seq,t1.pc,6,50,11786,11789
seq,t2.pc,6,62,11787,11790
seq,t3.pc,6,0,11788,11791
seq,t0.dl,12,104,11789,11792
seq,t0.pc,6,32,11789,11792
seq,t1.pc,6,50,11790,11793
seq,t2.pc,6,62,11791,11794
seq,t3.pc,6,0,11792,11795
seq,t0.dl,12,103,11793,11796
seq,t0.pc,6,32,11793,11796
seq,t1.pc,6,50,11794,11797
seq,t2.pc,6,62,11795,11798
seq,t3.pc,6,0,11796,11799
seq,t0.dl,12,102,11797,11800
seq,t0.pc,6,32,11797,11800
seq,t1.pc,6,50,11798,11801
seq,t2.pc,6,62,11799,11802
seq,t3.pc,6,0,11800,11803
seq,t0.dl,12,101,11801,11804
seq,t0.pc,6,32,11801,11804
seq,t1.pc,6,50,11802,11805
seq,t2.pc,6,62,11803,11806
seq,t3.pc,6,0,11804,11807
seq,t0.dl,12,100,11805,11808
seq,t0.pc,6,32,11805,11808
seq,t1.pc,6,50,11806,11809
seq,t2.pc,6,62,11807,11810
seq,t3.pc,6,0,11808,11811
seq,t0.dl,12,99,11809,11812
seq,t0.pc,6,32,11809,11812
seq,t1.pc,6,50,11810,11813
seq,t2.pc,6,62,11811,11814
seq,t3.pc,6,0,11812,11815
seq,t0.dl,12,98,11813,11816
seq,t0.pc,6,32,11813,11816
seq,t1.pc,6,50,11814,11817
seq,t2.pc,6,62,11815,11818
seq,t3.pc,6,0,11816,11819
seq,t0.dl,12,97,11817,11820
seq,t0.pc,6,32,11817,11820
seq,t1.pc,6,50,11818,11821
seq,t2.pc,6,62,11819,11822
seq,t3.pc,6,0,11820,11823
seq,t0.dl,12,96,11821,11824
seq,t0.pc,6,32,11821,11824
seq,t1.pc,6,50,11822,11825
seq,t2.pc,6,62,11823,11826
seq,t3.pc,6,0,11824,11827
seq,t0.dl,12,95,11825,11828
seq,t0.pc,6,32,11825,11828
seq,t1.pc,6,50,11826,11829
seq,t2.pc,6,62,11827,11830
seq,t3.pc,6,0,11828,11831
seq,t0.dl,12,94,11829,11832
seq,t0.pc,6,32,11829,11832
seq,t1.pc,6,50,11830,11833
seq,t2.pc,6,62,11831,11834
seq,t3.pc,6,0,11832,11835
seq,t0.dl,12,93,11833,11836
seq,t0.pc,6,32,11833,11836
seq,t1.pc,6,50,11834,11837
seq,t2.pc,6,62,11835,11838
seq,t3.pc,6,0,11836,11839
seq,t0.dl,12,92,11837,11840
seq,t0.pc,6,32,11837,11840
seq,t1.pc,6,50,11838,11841
seq,t2.pc,6,62,11839,11842
seq,t3.pc,6,0,11840,11843
seq,t0.dl,12,91,11841,11844
seq,t0.pc,6,32,11841,11844
seq,t1.pc,6,50,11842,11845
seq,t2.pc,6,62,11843,11846
seq,t3.pc,6,0,11844,11847
seq,t0.dl,12,90,11845,11848
seq,t0.pc,6,32,11845,11848
seq,t1.pc,6,50,11846,11849
seq,t2.pc,6,62,11847,11850
seq,t3.pc,6,0,11848,11851
seq,t0.dl,12,89,11849,11852
seq,t0.pc,6,32,11849,11852
seq,t1.pc,6,50,11850,11853
seq,t2.pc,6,62,11851,11854
seq,t3.pc,6,0,11852,11855
seq,t0.dl,12,88,11853,11856
seq,t0.pc,6,32,11853,11856
seq,t1.pc,6,50,11854,11857
seq,t2.pc,6,62,11855,11858
seq,t3.pc,6,0,11856,11859
seq,t0.dl,12,87,11857,11860
seq,t0.pc,6,32,11857,11860
seq,t1.pc,6,50,11858,11861
seq,t2.pc,6,62,11859,11862
seq,t3.pc,6,0,11860,11863
seq,t0.dl,12,86,11861,11864
seq,t0.pc,6,32,11861,11864
seq,t1.pc,6,50,11862,11865
seq,t2.pc,6,62,11863,11866
seq,t3.pc,6,0,11864,11867
seq,t0.dl,12,85,11865,11868
seq,t0.pc,6,32,11865,11868
seq,t1.pc,6,50,11866,11869
seq,t2.pc,6,62,11867,11870
seq,t3.pc,6,0,11868,11871
seq,t0.dl,12,84,11869,11872
seq,t0.pc,6,32,11869,11872
seq,t1.pc,6,50,11870,11873
seq,t2.pc,6,62,11871,11874
seq,t3.pc,6,0,11872,11875
seq,t0.dl,12,83,11873,11876
seq,t0.pc,6,32,11873,11876
seq,t1.pc,6,50,11874,11877
seq,t2.pc,6,62,11875,11878
seq,t3.pc,6,0,11876,11879
seq,t0.dl,12,82,11877,11880
seq,t0.pc,6,32,11877,11880
seq,t1.pc,6,50,11878,11881
seq,t2.pc,6,62,11879,11882
seq,t3.pc,6,0,11880,11883
seq,t0.dl,12,81,11881,11884
seq,t0.pc,6,32,11881,11884
seq,t1.pc,6,50,11882,11885
seq,t2.pc,6,62,11883,11886
seq,t3.pc,6,0,11884,11887
seq,t0.dl,12,80,11885,11888
seq,t0.pc,6,32,11885,11888
seq,t1.pc,6,50,11886,11889
seq,t2.pc,6,62,11887,11890
seq,t3.pc,6,0,11888,11891
seq,t0.dl,12,79,11889,11892
seq,t0.pc,6,32,11889,11892
seq,t1.pc,6,50,11890,11893
seq,t2.pc,6,62,11891,11894
seq,t3.pc,6,0,11892,11895
seq,t0.dl,12,78,11893,11896
seq,t0.pc,6,32,11893,11896
seq,t1.pc,6,50,11894,11897
seq,t2.pc,6,62,11895,11898
seq,t3.pc,6,0,11896,11899
seq,t0.dl,12,77,11897,11900
seq,t0.pc,6,32,11897,11900
seq,t1.pc,6,50,11898,11901
seq,t2.pc,6,62,11899,11902
seq,t3.pc,6,0,11900,11903
seq,t0.dl,12,76,11901,11904
seq,t0.pc,6,32,11901,11904
seq,t1.pc,6,50,11902,11905
seq,t2.pc,6,62,11903,11906
seq,t3.pc,6,0,11904,11907
seq,t0.dl,12,75,11905,11908
seq,t0.pc,6,32,11905,11908
seq,t1.pc,6,50,11906,11909
seq,t2.pc,6,62,11907,11910
seq,t3.pc,6,0,11908,11911
seq,t0.dl,12,74,11909,11912
seq,t0.pc,6,32,11909,11912
seq,t1.pc,6,50,11910,11913
seq,t2.pc,6,62,11911,11914
seq,t3.pc,6,0,11912,11915
seq,t0.dl,12,73,11913,11916
seq,t0.pc,6,32,11913,11916
seq,t1.pc,6,50,11914,11917
seq,t2.pc,6,62,11915,11918
seq,t3.pc,6,0,11916,11919
seq,t0.dl,12,72,11917,11920
seq,t0.pc,6,32,11917,11920
seq,t1.pc,6,50,11918,11921
seq,t2.pc,6,62,11919,11922
seq,t3.pc,6,0,11920,11923
seq,t0.dl,12,71,11921,11924
seq,t0.pc,6,32,11921,11924
seq,t1.pc,6,50,11922,11925
seq,t2.pc,6,62,11923,11926
seq,t3.pc,6,0,11924,11927
seq,t0.dl,12,70,11925,11928
seq,t0.pc,6,32,11925,11928
seq,t1.pc,6,50,11926,11929
seq,t2.pc,6,62,11927,11930
seq,t3.pc,6,0,11928,11931
seq,t0.dl,12,69,11929,11932
seq,t0.pc,6,32,11929,11932
seq,t1.pc,6,50,11930,11933
seq,t2.pc,6,62,11931,11934
seq,t3.pc,6,0,11932,11935
seq,t0.dl,12,68,11933,11936
seq,t0.pc,6,32,11933,11936
seq,t1.pc,6,50,11934,11937
seq,t2.pc,6,62,11935,11938
seq,t3.pc,6,0,11936,11939
seq,t0.dl,12,67,11937,11940
seq,t0.pc,6,32,11937,11940
seq,t1.pc,6,50,11938,11941
seq,t2.pc,6,62,11939,11942
seq,t3.pc,6,0,11940,11943
seq,t0.dl,12,66,11941,11944
seq,t0.pc,6,32,11941,11944
seq,t1.pc,6,50,11942,11945
seq,t2.pc,6,62,11943,11946
seq,t3.pc,6,0,11944,11947
seq,t0.dl,12,65,11945,11948
seq,t0.pc,6,32,11945,11948
seq,t1.pc,6,50,11946,11949
seq,t2.pc,6,62,11947,11950
seq,t3.pc,6,0,11948,11951
seq,t0.dl,12,64,11949,11952
seq,t0.pc,6,32,11949,11952
seq,t1.pc,6,50,11950,11953
seq,t2.pc,6,62,11951,11954
seq,t3.pc,6,0,11952,11955
seq,t0.dl,12,63,11953,11956
seq,t0.pc,6,32,11953,11956
seq,t1.pc,6,50,11954,11957
seq,t2.pc,6,62,11955,11958
seq,t3.pc,6,0,11956,11959
seq,t0.dl,12,62,11957,11960
seq,t0.pc,6,32,11957,11960
seq,t1.pc,6,50,11958,11961
seq,t2.pc,6,62,11959,11962
seq,t3.pc,6,0,11960,11963
seq,t0.dl,12,61,11961,11964
seq,t0.pc,6,32,11961,11964
seq,t1.pc,6,50,11962,11965
seq,t2.pc,6,62,11963,11966
seq,t3.pc,6,0,11964,11967
seq,t0.dl,12,60,11965,11968
seq,t0.pc,6,32,11965,11968
seq,t1.pc,6,50,11966,11969
seq,t2.pc,6,62,11967,11970
seq,t3.pc,6,0,11968,11971
seq,t0.dl,12,59,11969,11972
seq,t0.pc,6,32,11969,11972
seq,t1.pc,6,50,11970,11973
seq,t2.pc,6,62,11971,11974
seq,t3.pc,6,0,11972,11975
seq,t0.dl,12,58,11973,11976
seq,t0.pc,6,32,11973,11976
seq,t1.pc,6,50,11974,11977
seq,t2.pc,6,62,11975,11978
seq,t3.pc,6,0,11976,11979
seq,t0.dl,12,57,11977,11980
seq,t0.pc,6,32,11977,11980
seq,t1.pc,6,50,11978,11981
seq,t2.pc,6,62,11979,11982
seq,t3.pc,6,0,11980,11983
seq,t0.dl,12,56,11981,11984
seq,t0.pc,6,32,11981,11984
seq,t1.pc,6,50,11982,11985
seq,t2.pc,6,62,11983,11986
seq,t3.pc,6,0,11984,11987
seq,t0.dl,12,55,11985,11988
seq,t0.pc,6,32,11985,11988
seq,t1.pc,6,50,11986,11989
seq,t2.pc,6,62,11987,11990
seq,t3.pc,6,0,11988,11991
seq,t0.dl,12,54,11989,11992
seq,t0.pc,6,32,11989,11992
seq,t1.pc,6,50,11990,11993
seq,t2.pc,6,62,11991,11994
seq,t3.pc,6,0,11992,11995
seq,t0.dl,12,53,11993,11996
seq,t0.pc,6,32,11993,11996
seq,t1.pc,6,50,11994,11997
seq,t2.pc,6,62,11995,11998
seq,t3.pc,6,0,11996,11999
seq,t0.dl,12,52,11997,12000
seq,t0.pc,6,32,11997,12000
seq,t1.pc,6,50,11998,12001
seq,t2.pc,6,62,11999,12002
seq,t3.pc,6,0,12000,12003
seq,t0.dl,12,51,12001,12004
seq,t0.pc,6,32,12001,12004
seq,t1.pc,6,50,12002,12005
seq,t2.pc,6,62,12003,12006
seq,t3.pc,6,0,12004,12007
seq,t0.dl,12,50,12005,12008
seq,t0.pc,6,32,12005,12008
seq,t1.pc,6,50,12006,12009
seq,t2.pc,6,62,12007,12010
seq,t3.pc,6,0,12008,12011
seq,t0.dl,12,49,12009,12012
seq,t0.pc,6,32,12009,12012
seq,t1.pc,6,50,12010,12013
seq,t2.pc,6,62,12011,12014
seq,t3.pc,6,0,12012,12015
seq,t0.dl,12,48,12013,12016
seq,t0.pc,6,32,12013,12016
seq,t1.pc,6,50,12014,12017
seq,t2.pc,6,62,12015,12018
seq,t3.pc,6,0,12016,12019
seq,t0.dl,12,47,12017,12020
seq,t0.pc,6,32,12017,12020
seq,t1.pc,6,50,12018,12021
seq,t2.pc,6,62,12019,12022
seq,t3.pc,6,0,12020,12023
seq,t0.dl,12,46,12021,12024
seq,t0.pc,6,32,12021,12024
seq,t1.pc,6,50,12022,12025
seq,t2.pc,6,62,12023,12026
seq,t3.pc,6,0,12024,12027
seq,t0.dl,12,45,12025,12028
seq,t0.pc,6,32,12025,12028
seq,t1.pc,6,50,12026,12029
seq,t2.pc,6,62,12027,12030
seq,t3.pc,6,0,12028,12031
seq,t0.dl,12,44,12029,12032
seq,t0.pc,6,32,12029,12032
seq,t1.pc,6,50,12030,12033
seq,t2.pc,6,62,12031,12034
seq,t3.pc,6,0,12032,12035
seq,t0.dl,12,43,12033,12036
seq,t0.pc,6,32,12033,12036
seq,t1.pc,6,50,12034,12037
seq,t2.pc,6,62,12035,12038
seq,t3.pc,6,0,12036,12039
seq,t0.dl,12,42,12037,12040
seq,t0.pc,6,32,12037,12040
seq,t1.pc,6,50,12038,12041
seq,t2.pc,6,62,12039,12042
seq,t3.pc,6,0,12040,12043
seq,t0.dl,12,41,12041,12044
seq,t0.pc,6,32,12041,12044
seq,t1.pc,6,50,12042,12045
seq,t2.pc,6,62,12043,12046
seq,t3.pc,6,0,12044,12047
seq,t0.dl,12,40,12045,12048
seq,t0.pc,6,32,12045,12048
seq,t1.pc,6,50,12046,12049
seq,t2.pc,6,62,12047,12050
seq,t3.pc,6,0,12048,12051
seq,t0.dl,12,39,12049,12052
seq,t0.pc,6,32,12049,12052
seq,t1.pc,6,50,12050,12053
seq,t2.pc,6,62,12051,12054
seq,t3.pc,6,0,12052,12055
seq,t0.dl,12,38,12053,12056
seq,t0.pc,6,32,12053,12056
seq,t1.pc,6,50,12054,12057
seq,t2.pc,6,62,12055,12058
seq,t3.pc,6,0,12056,12059
seq,t0.dl,12,37,12057,12060
seq,t0.pc,6,32,12057,12060
seq,t1.pc,6,50,12058,12061
seq,t2.pc,6,62,12059,12062
seq,t3.pc,6,0,12060,12063
seq,t0.dl,12,36,12061,12064
seq,t0.pc,6,32,12061,12064
seq,t1.pc,6,50,12062,12065
seq,t2.pc,6,62,12063,12066
seq,t3.pc,6,0,12064,12067
seq,t0.dl,12,35,12065,12068
seq,t0.pc,6,32,12065,12068
seq,t1.pc,6,50,12066,12069
seq,t2.pc,6,62,12067,12070
seq,t3.pc,6,0,12068,12071
seq,t0.dl,12,34,12069,12072
seq,t0.pc,6,32,12069,12072
seq,t1.pc,6,50,12070,12073
seq,t2.pc,6,62,12071,12074
seq,t3.pc,6,0,12072,12075
seq,t0.dl,12,33,12073,12076
seq,t0.pc,6,32,12073,12076
seq,t1.pc,6,50,12074,12077
seq,t2.pc,6,62,12075,12078
seq,t3.pc,6,0,12076,12079
seq,t0.dl,12,32,12077,12080
seq,t0.pc,6,32,12077,12080
seq,t1.pc,6,50,12078,12081
seq,t2.pc,6,62,12079,12082
seq,t3.pc,6,0,12080,12083
seq,t0.dl,12,31,12081,12084
seq,t0.pc,6,32,12081,12084
seq,t1.pc,6,50,12082,12085
seq,t2.pc,6,62,12083,12086
seq,t3.pc,6,0,12084,12087
seq,t0.dl,12,30,12085,12088
seq,t0.pc,6,32,12085,12088
seq,t1.pc,6,50,12086,12089
seq,t2.pc,6,62,12087,12090
seq,t3.pc,6,0,12088,12091
seq,t0.dl,12,29,12089,12092
seq,t0.pc,6,32,12089,12092
seq,t1.pc,6,50,12090,12093
seq,t2.pc,6,62,12091,12094
seq,t3.pc,6,0,12092,12095
seq,t0.dl,12,28,12093,12096
seq,t0.pc,6,32,12093,12096
seq,t1.pc,6,50,12094,12097
seq,t2.pc,6,62,12095,12098
seq,t3.pc,6,0,12096,12099
seq,t0.dl,12,27,12097,12100
seq,t0.pc,6,32,12097,12100
seq,t1.pc,6,50,12098,12101
seq,t2.pc,6,62,12099,12102
seq,t3.pc,6,0,12100,12103
seq,t0.dl,12,26,12101,12104
seq,t0.pc,6,32,12101,12104
seq,t1.pc,6,50,12102,12105
seq,t2.pc,6,62,12103,12106
seq,t3.pc,6,0,12104,12107
seq,t0.dl,12,25,12105,12108
seq,t0.pc,6,32,12105,12108
seq,t1.pc,6,50,12106,12109
seq,t2.pc,6,62,12107,12110
seq,t3.pc,6,0,12108,12111
seq,t0.dl,12,24,12109,12112
seq,t0.pc,6,32,12109,12112
seq,t1.pc,6,50,12110,12113
seq,t2.pc,6,62,12111,12114
seq,t3.pc,6,0,12112,12115
seq,t0.dl,12,23,12113,12116
seq,t0.pc,6,32,12113,12116
seq,t1.pc,6,50,12114,12117
seq,t2.pc,6,62,12115,12118
seq,t3.pc,6,0,12116,12119
seq,t0.dl,12,22,12117,12120
seq,t0.pc,6,32,12117,12120
seq,t1.pc,6,50,12118,12121
seq,t2.pc,6,62,12119,12122
seq,t3.pc,6,0,12120,12123
seq,t0.dl,12,21,12121,12124
seq,t0.pc,6,32,12121,12124
seq,t1.pc,6,50,12122,12125
seq,t2.pc,6,62,12123,12126
seq,t3.pc,6,0,12124,12127
seq,t0.dl,12,20,12125,12128
seq,t0.pc,6,32,12125,12128
seq,t1.pc,6,50,12126,12129
seq,t2.pc,6,62,12127,12130
seq,t3.pc,6,0,12128,12131
seq,t0.dl,12,19,12129,12132
seq,t0.pc,6,32,12129,12132
seq,t1.pc,6,50,12130,12133
seq,t2.pc,6,62,12131,12134
seq,t3.pc,6,0,12132,12135
seq,t0.dl,12,18,12133,12136
seq,t0.pc,6,32,12133,12136
seq,t1.pc,6,50,12134,12137
seq,t2.pc,6,62,12135,12138
seq,t3.pc,6,0,12136,12139
seq,t0.dl,12,17,12137,12140
seq,t0.pc,6,32,12137,12140
seq,t1.pc,6,50,12138,12141
seq,t2.pc,6,62,12139,12142
seq,t3.pc,6,0,12140,12143
seq,t0.dl,12,16,12141,12144
seq,t0.pc,6,32,12141,12144
seq,t1.pc,6,50,12142,12145
seq,t2.pc,6,62,12143,12146
seq,t3.pc,6,0,12144,12147
seq,t0.dl,12,15,12145,12148
seq,t0.pc,6,32,12145,12148
seq,t1.pc,6,50,12146,12149
seq,t2.pc,6,62,12147,12150
seq,t3.pc,6,0,12148,12151
seq,t0.dl,12,14,12149,12152
seq,t0.pc,6,32,12149,12152
seq,t1.pc,6,50,12150,12153
seq,t2.pc,6,62,12151,12154
seq,t3.pc,6,0,12152,12155
seq,t0.dl,12,13,12153,12156
seq,t0.pc,6,32,12153,12156
seq,t1.pc,6,50,12154,12157
seq,t2.pc,6,62,12155,12158
seq,t3.pc,6,0,12156,12159
seq,t0.dl,12,12,12157,12160
seq,t0.pc,6,32,12157,12160
seq,t1.pc,6,50,12158,12161
seq,t2.pc,6,62,12159,12162
seq,t3.pc,6,0,12160,12163
seq,t0.dl,12,11,12161,12164
seq,t0.pc,6,32,12161,12164
seq,t1.pc,6,50,12162,12165
seq,t2.pc,6,62,12163,12166
seq,t3.pc,6,0,12164,12167
seq,t0.dl,12,10,12165,12168
seq,t0.pc,6,32,12165,12168
seq,t1.pc,6,50,12166,12169
seq,t2.pc,6,62,12167,12170
seq,t3.pc,6,0,12168,12171
seq,t0.dl,12,9,12169,12172
seq,t0.pc,6,32,12169,12172
seq,t1.pc,6,50,12170,12173
seq,t2.pc,6,62,12171,12174
seq,t3.pc,6,0,12172,12175
seq,t0.dl,12,8,12173,12176
seq,t0.pc,6,32,12173,12176
seq,t1.pc,6,50,12174,12177
seq,t2.pc,6,62,12175,12178
seq,t3.pc,6,0,12176,12179
seq,t0.dl,12,7,12177,12180
seq,t0.pc,6,32,12177,12180
seq,t1.pc,6,50,12178,12181
seq,t2.pc,6,62,12179,12182
seq,t3.pc,6,0,12180,12183
seq,t0.dl,12,6,12181,12184
seq,t0.pc,6,32,12181,12184
seq,t1.pc,6,50,12182,12185
seq,t2.pc,6,62,12183,12186
seq,t3.pc,6,0,12184,12187
seq,t0.dl,12,5,12185,12188
seq,t0.pc,6,32,12185,12188
seq,t1.pc,6,50,12186,12189
seq,t2.pc,6,62,12187,12190
seq,t3.pc,6,0,12188,12191
seq,t0.dl,12,4,12189,12192
seq,t0.pc,6,32,12189,12192
seq,t1.pc,6,50,12190,12193
seq,t2.pc,6,62,12191,12194
seq,t3.pc,6,0,12192,12195
seq,t0.dl,12,3,12193,12196
seq,t0.pc,6,32,12193,12196
seq,t1.pc,6,50,12194,12197
seq,t2.pc,6,62,12195,12198
seq,t3.pc,6,0,12196,12199
seq,t0.dl,12,2,12197,12200
seq,t0.pc,6,32,12197,12200
seq,t1.pc,6,50,12198,12201
seq,t2.pc,6,62,12199,12202
seq,t3.pc,6,0,12200,12203
seq,t0.dl,12,1,12201,12204
seq,t0.pc,6,32,12201,12204
seq,t1.pc,6,50,12202,12205
seq,t2.pc,6,62,12203,12206
seq,t3.pc,6,0,12204,12207
seq,t0.pc,6,32,12205,12208
seq,t1.pc,6,50,12206,12209
seq,t2.pc,6,62,12207,12210
seq,t3.pc,6,0,12208,12211
seq,t0.pc,6,33,12209,12212
seq,t1.pc,6,50,12210,12213
seq,t2.pc,6,62,12211,12214
seq,t3.pc,6,0,12212,12215
seq,t0.acc,8,0,11781,12216
seq,t0.cnt,12,1,11781,12216
seq,t0.pc,6,30,12213,12216
seq,t1.pc,6,50,12214,12217
seq,t2.pc,6,62,12215,12218
seq,t3.pc,6,0,12216,12219
seq,t0.dl,12,0,12205,12208
seq,t0.pc,6,31,12217,12220
seq,t1.pc,6,50,12218,12221
seq,t2.pc,6,62,12219,12222
seq,t3.pc,6,0,12220,12223
seq,t0.dl,12,105,12221,12224
seq,t0.pc,6,32,12221,12224
seq,t1.pc,6,50,12222,12225
seq,t2.pc,6,62,12223,12226
seq,t3.pc,6,0,12224,12227
seq,t0.dl,12,104,12225,12228
seq,t0.pc,6,32,12225,12228
seq,t1.pc,6,50,12226,12229
seq,t2.pc,6,62,12227,12230
seq,t3.pc,6,0,12228,12231
seq,t0.dl,12,103,12229,12232
seq,t0.pc,6,32,12229,12232
seq,t1.pc,6,50,12230,12233
seq,t2.pc,6,62,12231,12234
seq,t3.pc,6,0,12232,12235
seq,t0.dl,12,102,12233,12236
seq,t0.pc,6,32,12233,12236
seq,t1.pc,6,50,12234,12237
seq,t2.pc,6,62,12235,12238
seq,t3.pc,6,0,12236,12239
seq,t0.dl,12,101,12237,12240
seq,t0.pc,6,32,12237,12240
seq,t1.pc,6,50,12238,12241
seq,t2.pc,6,62,12239,12242
seq,t3.pc,6,0,12240,12243
seq,t0.dl,12,100,12241,12244
seq,t0.pc,6,32,12241,12244
seq,t1.pc,6,50,12242,12245
seq,t2.pc,6,62,12243,12246
seq,t3.pc,6,0,12244,12247
seq,t0.dl,12,99,12245,12248
seq,t0.pc,6,32,12245,12248
seq,t1.pc,6,50,12246,12249
seq,t2.pc,6,62,12247,12250
seq,t3.pc,6,0,12248,12251
seq,t0.dl,12,98,12249,12252
seq,t0.pc,6,32,12249,12252
seq,t1.pc,6,50,12250,12253
seq,t2.pc,6,62,12251,12254
seq,t3.pc,6,0,12252,12255
seq,t0.dl,12,97,12253,12256
seq,t0.pc,6,32,12253,12256
seq,t1.pc,6,50,12254,12257
seq,t2.pc,6,62,12255,12258
seq,t3.pc,6,0,12256,12259
seq,t0.dl,12,96,12257,12260
seq,t0.pc,6,32,12257,12260
seq,t1.pc,6,50,12258,12261
seq,t2.pc,6,62,12259,12262
seq,t3.pc,6,0,12260,12263
seq,t0.dl,12,95,12261,12264
seq,t0.pc,6,32,12261,12264
seq,t1.pc,6,50,12262,12265
seq,t2.pc,6,62,12263,12266
seq,t3.pc,6,0,12264,12267
seq,t0.dl,12,94,12265,12268
seq,t0.pc,6,32,12265,12268
seq,t1.pc,6,50,12266,12269
seq,t2.pc,6,62,12267,12270
seq,t3.pc,6,0,12268,12271
seq,t0.dl,12,93,12269,12272
seq,t0.pc,6,32,12269,12272
seq,t1.pc,6,50,12270,12273
seq,t2.pc,6,62,12271,12274
seq,t3.pc,6,0,12272,12275
seq,t0.dl,12,92,12273,12276
seq,t0.pc,6,32,12273,12276
seq,t1.pc,6,50,12274,12277
seq,t2.pc,6,62,12275,12278
seq,t3.pc,6,0,12276,12279
seq,t0.dl,12,91,12277,12280
seq,t0.pc,6,32,12277,12280
seq,t1.pc,6,50,12278,12281
seq,t2.pc,6,62,12279,12282
seq,t3.pc,6,0,12280,12283
seq,t0.dl,12,90,12281,12284
seq,t0.pc,6,32,12281,12284
seq,t1.pc,6,50,12282,12285
seq,t2.pc,6,62,12283,12286
seq,t3.pc,6,0,12284,12287
seq,t0.dl,12,89,12285,12288
seq,t0.pc,6,32,12285,12288
seq,t1.pc,6,50,12286,12289
seq,t2.pc,6,62,12287,12290
seq,t3.pc,6,0,12288,12291
seq,t0.dl,12,88,12289,12292
seq,t0.pc,6,32,12289,12292
seq,t1.pc,6,50,12290,12293
seq,t2.pc,6,62,12291,12294
seq,t3.pc,6,0,12292,12295
seq,t0.dl,12,87,12293,12296
seq,t0.pc,6,32,12293,12296
seq,t1.pc,6,50,12294,12297
seq,t2.pc,6,62,12295,12298
seq,t3.pc,6,0,12296,12299
seq,t0.dl,12,86,12297,12300
seq,t0.pc,6,32,12297,12300
seq,t1.pc,6,50,12298,12301
seq,t2.pc,6,62,12299,12302
seq,t3.pc,6,0,12300,12303
seq,t0.dl,12,85,12301,12304
seq,t0.pc,6,32,12301,12304
seq,t1.pc,6,50,12302,12305
seq,t2.pc,6,62,12303,12306
seq,t3.pc,6,0,12304,12307
seq,t0.dl,12,84,12305,12308
seq,t0.pc,6,32,12305,12308
seq,t1.pc,6,50,12306,12309
seq,t2.pc,6,62,12307,12310
seq,t3.pc,6,0,12308,12311
seq,t0.dl,12,83,12309,12312
seq,t0.pc,6,32,12309,12312
seq,t1.pc,6,50,12310,12313
seq,t2.pc,6,62,12311,12314
seq,t3.pc,6,0,12312,12315
seq,t0.dl,12,82,12313,12316
seq,t0.pc,6,32,12313,12316
seq,t1.pc,6,50,12314,12317
seq,t2.pc,6,62,12315,12318
seq,t3.pc,6,0,12316,12319
seq,t0.dl,12,81,12317,12320
seq,t0.pc,6,32,12317,12320
seq,t1.pc,6,50,12318,12321
seq,t2.pc,6,62,12319,12322
seq,t3.pc,6,0,12320,12323
seq,t0.dl,12,80,12321,12324
seq,t0.pc,6,32,12321,12324
seq,t1.pc,6,50,12322,12325
seq,t2.pc,6,62,12323,12326
seq,t3.pc,6,0,12324,12327
seq,t0.dl,12,79,12325,12328
seq,t0.pc,6,32,12325,12328
seq,t1.pc,6,50,12326,12329
seq,t2.pc,6,62,12327,12330
seq,t3.pc,6,0,12328,12331
seq,t0.dl,12,78,12329,12332
seq,t0.pc,6,32,12329,12332
seq,t1.pc,6,50,12330,12333
seq,t2.pc,6,62,12331,12334
seq,t3.pc,6,0,12332,12335
seq,t0.dl,12,77,12333,12336
seq,t0.pc,6,32,12333,12336
seq,t1.pc,6,50,12334,12337
seq,t2.pc,6,62,12335,12338
seq,t3.pc,6,0,12336,12339
seq,t0.dl,12,76,12337,12340
seq,t0.pc,6,32,12337,12340
seq,t1.pc,6,50,12338,12341
seq,t2.pc,6,62,12339,12342
seq,t3.pc,6,0,12340,12343
seq,t0.dl,12,75,12341,12344
seq,t0.pc,6,32,12341,12344
seq,t1.pc,6,50,12342,12345
seq,t2.pc,6,62,12343,12346
seq,t3.pc,6,0,12344,12347
seq,t0.dl,12,74,12345,12348
seq,t0.pc,6,32,12345,12348
seq,t1.pc,6,50,12346,12349
seq,t2.pc,6,62,12347,12350
seq,t3.pc,6,0,12348,12351
seq,t0.dl,12,73,12349,12352
seq,t0.pc,6,32,12349,12352
seq,t1.pc,6,50,12350,12353
seq,t2.pc,6,62,12351,12354
seq,t3.pc,6,0,12352,12355
seq,t0.dl,12,72,12353,12356
seq,t0.pc,6,32,12353,12356
seq,t1.pc,6,50,12354,12357
seq,t2.pc,6,62,12355,12358
seq,t3.pc,6,0,12356,12359
seq,t0.dl,12,71,12357,12360
seq,t0.pc,6,32,12357,12360
seq,t1.pc,6,50,12358,12361
seq,t2.pc,6,62,12359,12362
seq,t3.pc,6,0,12360,12363
seq,t0.dl,12,70,12361,12364
seq,t0.pc,6,32,12361,12364
seq,t1.pc,6,50,12362,12365
seq,t2.pc,6,62,12363,12366
seq,t3.pc,6,0,12364,12367
seq,t0.dl,12,69,12365,12368
seq,t0.pc,6,32,12365,12368
seq,t1.pc,6,50,12366,12369
seq,t2.pc,6,62,12367,12370
seq,t3.pc,6,0,12368,12371
seq,t0.dl,12,68,12369,12372
seq,t0.pc,6,32,12369,12372
seq,t1.pc,6,50,12370,12373
seq,t2.pc,6,62,12371,12374
seq,t3.pc,6,0,12372,12375
seq,t0.dl,12,67,12373,12376
seq,t0.pc,6,32,12373,12376
seq,t1.pc,6,50,12374,12377
seq,t2.pc,6,62,12375,12378
seq,t3.pc,6,0,12376,12379
seq,t0.dl,12,66,12377,12380
seq,t0.pc,6,32,12377,12380
seq,t1.pc,6,50,12378,12381
seq,t2.pc,6,62,12379,12382
seq,t3.pc,6,0,12380,12383
seq,t0.dl,12,65,12381,12384
seq,t0.pc,6,32,12381,12384
seq,t1.pc,6,50,12382,12385
seq,t2.pc,6,62,12383,12386
seq,t3.pc,6,0,12384,12387
seq,t0.dl,12,64,12385,12388
seq,t0.pc,6,32,12385,12388
seq,t1.pc,6,50,12386,12389
seq,t2.pc,6,62,12387,12390
seq,t3.pc,6,0,12388,12391
seq,t0.dl,12,63,12389,12392
seq,t0.pc,6,32,12389,12392
seq,t1.pc,6,50,12390,12393
seq,t2.pc,6,62,12391,12394
seq,t3.pc,6,0,12392,12395
seq,t0.dl,12,62,12393,12396
seq,t0.pc,6,32,12393,12396
seq,t1.pc,6,50,12394,12397
seq,t2.pc,6,62,12395,12398
seq,t3.pc,6,0,12396,12399
seq,t0.dl,12,61,12397,12400
seq,t0.pc,6,32,12397,12400
seq,t1.pc,6,50,12398,12401
seq,t2.pc,6,62,12399,12402
seq,t3.pc,6,0,12400,12403
seq,t0.dl,12,60,12401,12404
seq,t0.pc,6,32,12401,12404
seq,t1.pc,6,50,12402,12405
seq,t2.pc,6,62,12403,12406
seq,t3.pc,6,0,12404,12407
seq,t0.dl,12,59,12405,12408
seq,t0.pc,6,32,12405,12408
seq,t1.pc,6,50,12406,12409
seq,t2.pc,6,62,12407,12410
seq,t3.pc,6,0,12408,12411
seq,t0.dl,12,58,12409,12412
seq,t0.pc,6,32,12409,12412
seq,t1.pc,6,50,12410,12413
seq,t2.pc,6,62,12411,12414
seq,t3.pc,6,0,12412,12415
seq,t0.dl,12,57,12413,12416
seq,t0.pc,6,32,12413,12416
seq,t1.pc,6,50,12414,12417
seq,t2.pc,6,62,12415,12418
seq,t3.pc,6,0,12416,12419
seq,t0.dl,12,56,12417,12420
seq,t0.pc,6,32,12417,12420
seq,t1.pc,6,50,12418,12421
seq,t2.pc,6,62,12419,12422
seq,t3.pc,6,0,12420,12423
seq,t0.dl,12,55,12421,12424
seq,t0.pc,6,32,12421,12424
seq,t1.pc,6,50,12422,12425
seq,t2.pc,6,62,12423,12426
seq,t3.pc,6,0,12424,12427
seq,t0.dl,12,54,12425,12428
seq,t0.pc,6,32,12425,12428
seq,t1.pc,6,50,12426,12429
seq,t2.pc,6,62,12427,12430
seq,t3.pc,6,0,12428,12431
seq,t0.dl,12,53,12429,12432
seq,t0.pc,6,32,12429,12432
seq,t1.pc,6,50,12430,12433
seq,t2.pc,6,62,12431,12434
seq,t3.pc,6,0,12432,12435
seq,t0.dl,12,52,12433,12436
seq,t0.pc,6,32,12433,12436
seq,t1.pc,6,50,12434,12437
seq,t2.pc,6,62,12435,12438
seq,t3.pc,6,0,12436,12439
seq,t0.dl,12,51,12437,12440
seq,t0.pc,6,32,12437,12440
seq,t1.pc,6,50,12438,12441
seq,t2.pc,6,62,12439,12442
seq,t3.pc,6,0,12440,12443
seq,t0.dl,12,50,12441,12444
seq,t0.pc,6,32,12441,12444
seq,t1.pc,6,50,12442,12445
seq,t2.pc,6,62,12443,12446
seq,t3.pc,6,0,12444,12447
seq,t0.dl,12,49,12445,12448
seq,t0.pc,6,32,12445,12448
seq,t1.pc,6,50,12446,12449
seq,t2.pc,6,62,12447,12450
seq,t3.pc,6,0,12448,12451
seq,t0.dl,12,48,12449,12452
seq,t0.pc,6,32,12449,12452
seq,t1.pc,6,50,12450,12453
seq,t2.pc,6,62,12451,12454
seq,t3.pc,6,0,12452,12455
seq,t0.dl,12,47,12453,12456
seq,t0.pc,6,32,12453,12456
seq,t1.pc,6,50,12454,12457
seq,t2.pc,6,62,12455,12458
seq,t3.pc,6,0,12456,12459
seq,t0.dl,12,46,12457,12460
seq,t0.pc,6,32,12457,12460
seq,t1.pc,6,50,12458,12461
seq,t2.pc,6,62,12459,12462
seq,t3.pc,6,0,12460,12463
seq,t0.dl,12,45,12461,12464
seq,t0.pc,6,32,12461,12464
seq,t1.pc,6,50,12462,12465
seq,t2.pc,6,62,12463,12466
seq,t3.pc,6,0,12464,12467
seq,t0.dl,12,44,12465,12468
seq,t0.pc,6,32,12465,12468
seq,t1.pc,6,50,12466,12469
seq,t2.pc,6,62,12467,12470
seq,t3.pc,6,0,12468,12471
seq,t0.dl,12,43,12469,12472
seq,t0.pc,6,32,12469,12472
seq,t1.pc,6,50,12470,12473
seq,t2.pc,6,62,12471,12474
seq,t3.pc,6,0,12472,12475
seq,t0.dl,12,42,12473,12476
seq,t0.pc,6,32,12473,12476
seq,t1.pc,6,50,12474,12477
seq,t2.pc,6,62,12475,12478
seq,t3.pc,6,0,12476,12479
seq,t0.dl,12,41,12477,12480
seq,t0.pc,6,32,12477,12480
seq,t1.pc,6,50,12478,12481
seq,t2.pc,6,62,12479,12482
seq,t3.pc,6,0,12480,12483
seq,t0.dl,12,40,12481,12484
seq,t0.pc,6,32,12481,12484
seq,t1.pc,6,50,12482,12485
seq,t2.pc,6,62,12483,12486
seq,t3.pc,6,0,12484,12487
seq,t0.dl,12,39,12485,12488
seq,t0.pc,6,32,12485,12488
seq,t1.pc,6,50,12486,12489
seq,t2.pc,6,62,12487,12490
seq,t3.pc,6,0,12488,12491
seq,t0.dl,12,38,12489,12492
seq,t0.pc,6,32,12489,12492
seq,t1.pc,6,50,12490,12493
seq,t2.pc,6,62,12491,12494
seq,t3.pc,6,0,12492,12495
seq,t0.dl,12,37,12493,12496
seq,t0.pc,6,32,12493,12496
seq,t1.pc,6,50,12494,12497
seq,t2.pc,6,62,12495,12498
seq,t3.pc,6,0,12496,12499
seq,t0.dl,12,36,12497,12500
seq,t0.pc,6,32,12497,12500
seq,t1.pc,6,50,12498,12501
seq,t2.pc,6,62,12499,12502
seq,t3.pc,6,0,12500,12503
seq,t0.dl,12,35,12501,12504
seq,t0.pc,6,32,12501,12504
seq,t1.pc,6,50,12502,12505
seq,t2.pc,6,62,12503,12506
seq,t3.pc,6,0,12504,12507
seq,t0.dl,12,34,12505,12508
seq,t0.pc,6,32,12505,12508
seq,t1.pc,6,50,12506,12509
seq,t2.pc,6,62,12507,12510
seq,t3.pc,6,0,12508,12511
seq,t0.dl,12,33,12509,12512
seq,t0.pc,6,32,12509,12512
seq,t1.pc,6,50,12510,12513
seq,t2.pc,6,62,12511,12514
seq,t3.pc,6,0,12512,12515
seq,t0.dl,12,32,12513,12516
seq,t0.pc,6,32,12513,12516
seq,t1.pc,6,50,12514,12517
seq,t2.pc,6,62,12515,12518
seq,t3.pc,6,0,12516,12519
seq,t0.dl,12,31,12517,12520
seq,t0.pc,6,32,12517,12520
seq,t1.pc,6,50,12518,12521
seq,t2.pc,6,62,12519,12522
seq,t3.pc,6,0,12520,12523
seq,t0.dl,12,30,12521,12524
seq,t0.pc,6,32,12521,12524
seq,t1.pc,6,50,12522,12525
seq,t2.pc,6,62,12523,12526
seq,t3.pc,6,0,12524,12527
seq,t0.dl,12,29,12525,12528
seq,t0.pc,6,32,12525,12528
seq,t1.pc,6,50,12526,12529
seq,t2.pc,6,62,12527,12530
seq,t3.pc,6,0,12528,12531
seq,t0.dl,12,28,12529,12532
seq,t0.pc,6,32,12529,12532
seq,t1.pc,6,50,12530,12533
seq,t2.pc,6,62,12531,12534
seq,t3.pc,6,0,12532,12535
seq,t0.dl,12,27,12533,12536
seq,t0.pc,6,32,12533,12536
seq,t1.pc,6,50,12534,12537
seq,t2.pc,6,62,12535,12538
seq,t3.pc,6,0,12536,12539
seq,t0.dl,12,26,12537,12540
seq,t0.pc,6,32,12537,12540
seq,t1.pc,6,50,12538,12541
seq,t2.pc,6,62,12539,12542
seq,t3.pc,6,0,12540,12543
seq,t0.dl,12,25,12541,12544
seq,t0.pc,6,32,12541,12544
seq,t1.pc,6,50,12542,12545
seq,t2.pc,6,62,12543,12546
seq,t3.pc,6,0,12544,12547
seq,t0.dl,12,24,12545,12548
seq,t0.pc,6,32,12545,12548
seq,t1.pc,6,50,12546,12549
seq,t2.pc,6,62,12547,12550
seq,t3.pc,6,0,12548,12551
seq,t0.dl,12,23,12549,12552
seq,t0.pc,6,32,12549,12552
seq,t1.pc,6,50,12550,12553
seq,t2.pc,6,62,12551,12554
seq,t3.pc,6,0,12552,12555
seq,t0.dl,12,22,12553,12556
seq,t0.pc,6,32,12553,12556
seq,t1.pc,6,50,12554,12557
seq,t2.pc,6,62,12555,12558
seq,t3.pc,6,0,12556,12559
seq,t0.dl,12,21,12557,12560
seq,t0.pc,6,32,12557,12560
seq,t1.pc,6,50,12558,12561
seq,t2.pc,6,62,12559,12562
seq,t3.pc,6,0,12560,12563
seq,t0.dl,12,20,12561,12564
seq,t0.pc,6,32,12561,12564
seq,t1.pc,6,50,12562,12565
seq,t2.pc,6,62,12563,12566
seq,t3.pc,6,0,12564,12567
seq,t0.dl,12,19,12565,12568
seq,t0.pc,6,32,12565,12568
seq,t1.pc,6,50,12566,12569
seq,t2.pc,6,62,12567,12570
seq,t3.pc,6,0,12568,12571
seq,t0.dl,12,18,12569,12572
seq,t0.pc,6,32,12569,12572
seq,t1.pc,6,50,12570,12573
seq,t2.pc,6,62,12571,12574
seq,t3.pc,6,0,12572,12575
seq,t0.dl,12,17,12573,12576
seq,t0.pc,6,32,12573,12576
seq,t1.pc,6,50,12574,12577
seq,t2.pc,6,62,12575,12578
seq,t3.pc,6,0,12576,12579
seq,t0.dl,12,16,12577,12580
seq,t0.pc,6,32,12577,12580
seq,t1.pc,6,50,12578,12581
seq,t2.pc,6,62,12579,12582
seq,t3.pc,6,0,12580,12583
seq,t0.dl,12,15,12581,12584
seq,t0.pc,6,32,12581,12584
seq,t1.pc,6,50,12582,12585
seq,t2.pc,6,62,12583,12586
seq,t3.pc,6,0,12584,12587
seq,t0.dl,12,14,12585,12588
seq,t0.pc,6,32,12585,12588
seq,t1.pc,6,50,12586,12589
seq,t2.pc,6,62,12587,12590
seq,t3.pc,6,0,12588,12591
seq,t0.dl,12,13,12589,12592
seq,t0.pc,6,32,12589,12592
seq,t1.pc,6,50,12590,12593
seq,t2.pc,6,62,12591,12594
seq,t3.pc,6,0,12592,12595
seq,t0.dl,12,12,12593,12596
seq,t0.pc,6,32,12593,12596
seq,t1.pc,6,50,12594,12597
seq,t2.pc,6,62,12595,12598
seq,t3.pc,6,0,12596,12599
seq,t0.dl,12,11,12597,12600
seq,t0.pc,6,32,12597,12600
seq,t1.pc,6,50,12598,12601
seq,t2.pc,6,62,12599,12602
seq,t3.pc,6,0,12600,12603
seq,t0.dl,12,10,12601,12604
seq,t0.pc,6,32,12601,12604
seq,t1.pc,6,50,12602,12605
seq,t2.pc,6,62,12603,12606
seq,t3.pc,6,0,12604,12607
seq,t0.dl,12,9,12605,12608
seq,t0.pc,6,32,12605,12608
seq,t1.pc,6,50,12606,12609
seq,t2.pc,6,62,12607,12610
seq,t3.pc,6,0,12608,12611
seq,t0.dl,12,8,12609,12612
seq,t0.pc,6,32,12609,12612
seq,t1.pc,6,50,12610,12613
seq,t2.pc,6,62,12611,12614
seq,t3.pc,6,0,12612,12615
seq,t0.dl,12,7,12613,12616
seq,t0.pc,6,32,12613,12616
seq,t1.pc,6,50,12614,12617
seq,t2.pc,6,62,12615,12618
seq,t3.pc,6,0,12616,12619
seq,t0.dl,12,6,12617,12620
seq,t0.pc,6,32,12617,12620
seq,t1.pc,6,50,12618,12621
seq,t2.pc,6,62,12619,12622
seq,t3.pc,6,0,12620,12623
seq,t0.dl,12,5,12621,12624
seq,t0.pc,6,32,12621,12624
seq,t1.pc,6,50,12622,12625
seq,t2.pc,6,62,12623,12626
seq,t3.pc,6,0,12624,12627
seq,t0.dl,12,4,12625,12628
seq,t0.pc,6,32,12625,12628
seq,t1.pc,6,50,12626,12629
seq,t2.pc,6,62,12627,12630
seq,t3.pc,6,0,12628,12631
seq,t0.dl,12,3,12629,12632
seq,t0.pc,6,32,12629,12632
seq,t1.pc,6,50,12630,12633
seq,t2.pc,6,62,12631,12634
seq,t3.pc,6,0,12632,12635
seq,t0.dl,12,2,12633,12636
seq,t0.pc,6,32,12633,12636
seq,t1.pc,6,50,12634,12637
seq,t2.pc,6,62,12635,12638
seq,t3.pc,6,0,12636,12639
seq,t0.dl,12,1,12637,12640
seq,t0.pc,6,32,12637,12640
seq,t1.pc,6,50,12638,12641
seq,t2.pc,6,62,12639,12642
seq,t3.pc,6,0,12640,12643
seq,t0.pc,6,32,12641,12644
seq,t1.pc,6,50,12642,12645
seq,t2.pc,6,62,12643,12646
seq,t3.pc,6,0,12644,12647
seq,t0.pc,6,33,12645,12648
seq,t1.pc,6,50,12646,12649
seq,t2.pc,6,62,12647,12650
seq,t3.pc,6,0,12648,12651
seq,t0.pc,6,34,12649,12652
seq,t1.pc,6,50,12650,12653
seq,t2.pc,6,62,12651,12654
seq,t3.pc,6,0,12652,12655
seq,t0.dl,12,0,12641,12644
seq,t0.pc,6,35,12653,12656
seq,t1.pc,6,50,12654,12657
seq,t2.pc,6,62,12655,12658
seq,t3.pc,6,0,12656,12659
seq,t0.dl,12,105,12657,12660
seq,t0.pc,6,36,12657,12660
seq,t1.pc,6,50,12658,12661
seq,t2.pc,6,62,12659,12662
seq,t3.pc,6,0,12660,12663
seq,t0.dl,12,104,12661,12664
seq,t0.pc,6,36,12661,12664
seq,t1.pc,6,50,12662,12665
seq,t2.pc,6,62,12663,12666
seq,t3.pc,6,0,12664,12667
seq,t0.dl,12,103,12665,12668
seq,t0.pc,6,36,12665,12668
seq,t1.pc,6,50,12666,12669
seq,t2.pc,6,62,12667,12670
seq,t3.pc,6,0,12668,12671
seq,t0.dl,12,102,12669,12672
seq,t0.pc,6,36,12669,12672
seq,t1.pc,6,50,12670,12673
seq,t2.pc,6,62,12671,12674
seq,t3.pc,6,0,12672,12675
seq,t0.dl,12,101,12673,12676
seq,t0.pc,6,36,12673,12676
seq,t1.pc,6,50,12674,12677
seq,t2.pc,6,62,12675,12678
seq,t3.pc,6,0,12676,12679
seq,t0.dl,12,100,12677,12680
seq,t0.pc,6,36,12677,12680
seq,t1.pc,6,50,12678,12681
seq,t2.pc,6,62,12679,12682
seq,t3.pc,6,0,12680,12683
seq,t0.dl,12,99,12681,12684
seq,t0.pc,6,36,12681,12684
seq,t1.pc,6,50,12682,12685
seq,t2.pc,6,62,12683,12686
seq,t3.pc,6,0,12684,12687
seq,t0.dl,12,98,12685,12688
seq,t0.pc,6,36,12685,12688
seq,t1.pc,6,50,12686,12689
seq,t2.pc,6,62,12687,12690
seq,t3.pc,6,0,12688,12691
seq,t0.dl,12,97,12689,12692
seq,t0.pc,6,36,12689,12692
seq,t1.pc,6,50,12690,12693
seq,t2.pc,6,62,12691,12694
seq,t3.pc,6,0,12692,12695
seq,t0.dl,12,96,12693,12696
seq,t0.pc,6,36,12693,12696
seq,t1.pc,6,50,12694,12697
seq,t2.pc,6,62,12695,12698
seq,t3.pc,6,0,12696,12699
seq,t0.dl,12,95,12697,12700
seq,t0.pc,6,36,12697,12700
seq,t1.pc,6,50,12698,12701
seq,t2.pc,6,62,12699,12702
seq,t3.pc,6,0,12700,12703
seq,t0.dl,12,94,12701,12704
seq,t0.pc,6,36,12701,12704
seq,t1.pc,6,50,12702,12705
seq,t2.pc,6,62,12703,12706
seq,t3.pc,6,0,12704,12707
seq,t0.dl,12,93,12705,12708
seq,t0.pc,6,36,12705,12708
seq,t1.pc,6,50,12706,12709
seq,t2.pc,6,62,12707,12710
seq,t3.pc,6,0,12708,12711
seq,t0.dl,12,92,12709,12712
seq,t0.pc,6,36,12709,12712
seq,t1.pc,6,50,12710,12713
seq,t2.pc,6,62,12711,12714
seq,t3.pc,6,0,12712,12715
seq,t0.dl,12,91,12713,12716
seq,t0.pc,6,36,12713,12716
seq,t1.pc,6,50,12714,12717
seq,t2.pc,6,62,12715,12718
seq,t3.pc,6,0,12716,12719
seq,t0.dl,12,90,12717,12720
seq,t0.pc,6,36,12717,12720
seq,t1.pc,6,50,12718,12721
seq,t2.pc,6,62,12719,12722
seq,t3.pc,6,0,12720,12723
seq,t0.dl,12,89,12721,12724
seq,t0.pc,6,36,12721,12724
seq,t1.pc,6,50,12722,12725
seq,t2.pc,6,62,12723,12726
seq,t3.pc,6,0,12724,12727
seq,t0.dl,12,88,12725,12728
seq,t0.pc,6,36,12725,12728
seq,t1.pc,6,50,12726,12729
seq,t2.pc,6,62,12727,12730
seq,t3.pc,6,0,12728,12731
seq,t0.dl,12,87,12729,12732
seq,t0.pc,6,36,12729,12732
seq,t1.pc,6,50,12730,12733
seq,t2.pc,6,62,12731,12734
seq,t3.pc,6,0,12732,12735
seq,t0.dl,12,86,12733,12736
seq,t0.pc,6,36,12733,12736
seq,t1.pc,6,50,12734,12737
seq,t2.pc,6,62,12735,12738
seq,t3.pc,6,0,12736,12739
seq,t0.dl,12,85,12737,12740
seq,t0.pc,6,36,12737,12740
seq,t1.pc,6,50,12738,12741
seq,t2.pc,6,62,12739,12742
seq,t3.pc,6,0,12740,12743
seq,t0.dl,12,84,12741,12744
seq,t0.pc,6,36,12741,12744
seq,t1.pc,6,50,12742,12745
seq,t2.pc,6,62,12743,12746
seq,t3.pc,6,0,12744,12747
seq,t0.dl,12,83,12745,12748
seq,t0.pc,6,36,12745,12748
seq,t1.pc,6,50,12746,12749
seq,t2.pc,6,62,12747,12750
seq,t3.pc,6,0,12748,12751
seq,t0.dl,12,82,12749,12752
seq,t0.pc,6,36,12749,12752
seq,t1.pc,6,50,12750,12753
seq,t2.pc,6,62,12751,12754
seq,t3.pc,6,0,12752,12755
seq,t0.dl,12,81,12753,12756
seq,t0.pc,6,36,12753,12756
seq,t1.pc,6,50,12754,12757
seq,t2.pc,6,62,12755,12758
seq,t3.pc,6,0,12756,12759
seq,t0.dl,12,80,12757,12760
seq,t0.pc,6,36,12757,12760
seq,t1.pc,6,50,12758,12761
seq,t2.pc,6,62,12759,12762
seq,t3.pc,6,0,12760,12763
seq,t0.dl,12,79,12761,12764
seq,t0.pc,6,36,12761,12764
seq,t1.pc,6,50,12762,12765
seq,t2.pc,6,62,12763,12766
seq,t3.pc,6,0,12764,12767
seq,t0.dl,12,78,12765,12768
seq,t0.pc,6,36,12765,12768
seq,t1.pc,6,50,12766,12769
seq,t2.pc,6,62,12767,12770
seq,t3.pc,6,0,12768,12771
seq,t0.dl,12,77,12769,12772
seq,t0.pc,6,36,12769,12772
seq,t1.pc,6,50,12770,12773
seq,t2.pc,6,62,12771,12774
seq,t3.pc,6,0,12772,12775
seq,t0.dl,12,76,12773,12776
seq,t0.pc,6,36,12773,12776
seq,t1.pc,6,50,12774,12777
seq,t2.pc,6,62,12775,12778
seq,t3.pc,6,0,12776,12779
seq,t0.dl,12,75,12777,12780
seq,t0.pc,6,36,12777,12780
seq,t1.pc,6,50,12778,12781
seq,t2.pc,6,62,12779,12782
seq,t3.pc,6,0,12780,12783
seq,t0.dl,12,74,12781,12784
seq,t0.pc,6,36,12781,12784
seq,t1.pc,6,50,12782,12785
seq,t2.pc,6,62,12783,12786
seq,t3.pc,6,0,12784,12787
seq,t0.dl,12,73,12785,12788
seq,t0.pc,6,36,12785,12788
seq,t1.pc,6,50,12786,12789
seq,t2.pc,6,62,12787,12790
seq,t3.pc,6,0,12788,12791
seq,t0.dl,12,72,12789,12792
seq,t0.pc,6,36,12789,12792
seq,t1.pc,6,50,12790,12793
seq,t2.pc,6,62,12791,12794
seq,t3.pc,6,0,12792,12795
seq,t0.dl,12,71,12793,12796
seq,t0.pc,6,36,12793,12796
seq,t1.pc,6,50,12794,12797
seq,t2.pc,6,62,12795,12798
seq,t3.pc,6,0,12796,12799
seq,t0.dl,12,70,12797,12800
seq,t0.pc,6,36,12797,12800
seq,t1.pc,6,50,12798,12801
seq,t2.pc,6,62,12799,12802
seq,t3.pc,6,0,12800,12803
seq,t0.dl,12,69,12801,12804
seq,t0.pc,6,36,12801,12804
seq,t1.pc,6,50,12802,12805
seq,t2.pc,6,62,12803,12806
seq,t3.pc,6,0,12804,12807
seq,t0.dl,12,68,12805,12808
seq,t0.pc,6,36,12805,12808
seq,t1.pc,6,50,12806,12809
seq,t2.pc,6,62,12807,12810
seq,t3.pc,6,0,12808,12811
seq,t0.dl,12,67,12809,12812
seq,t0.pc,6,36,12809,12812
seq,t1.pc,6,50,12810,12813
seq,t2.pc,6,62,12811,12814
seq,t3.pc,6,0,12812,12815
seq,t0.dl,12,66,12813,12816
seq,t0.pc,6,36,12813,12816
seq,t1.pc,6,50,12814,12817
seq,t2.pc,6,62,12815,12818
seq,t3.pc,6,0,12816,12819
seq,t0.dl,12,65,12817,12820
seq,t0.pc,6,36,12817,12820
seq,t1.pc,6,50,12818,12821
seq,t2.pc,6,62,12819,12822
seq,t3.pc,6,0,12820,12823
seq,t0.dl,12,64,12821,12824
seq,t0.pc,6,36,12821,12824
seq,t1.pc,6,50,12822,12825
seq,t2.pc,6,62,12823,12826
seq,t3.pc,6,0,12824,12827
seq,t0.dl,12,63,12825,12828
seq,t0.pc,6,36,12825,12828
seq,t1.pc,6,50,12826,12829
seq,t2.pc,6,62,12827,12830
seq,t3.pc,6,0,12828,12831
seq,t0.dl,12,62,12829,12832
seq,t0.pc,6,36,12829,12832
seq,t1.pc,6,50,12830,12833
seq,t2.pc,6,62,12831,12834
seq,t3.pc,6,0,12832,12835
seq,t0.dl,12,61,12833,12836
seq,t0.pc,6,36,12833,12836
seq,t1.pc,6,50,12834,12837
seq,t2.pc,6,62,12835,12838
seq,t3.pc,6,0,12836,12839
seq,t0.dl,12,60,12837,12840
seq,t0.pc,6,36,12837,12840
seq,t1.pc,6,50,12838,12841
seq,t2.pc,6,62,12839,12842
seq,t3.pc,6,0,12840,12843
seq,t0.dl,12,59,12841,12844
seq,t0.pc,6,36,12841,12844
seq,t1.pc,6,50,12842,12845
seq,t2.pc,6,62,12843,12846
seq,t3.pc,6,0,12844,12847
seq,t0.dl,12,58,12845,12848
seq,t0.pc,6,36,12845,12848
seq,t1.pc,6,50,12846,12849
seq,t2.pc,6,62,12847,12850
seq,t3.pc,6,0,12848,12851
seq,t0.dl,12,57,12849,12852
seq,t0.pc,6,36,12849,12852
seq,t1.pc,6,50,12850,12853
seq,t2.pc,6,62,12851,12854
seq,t3.pc,6,0,12852,12855
seq,t0.dl,12,56,12853,12856
seq,t0.pc,6,36,12853,12856
seq,t1.pc,6,50,12854,12857
seq,t2.pc,6,62,12855,12858
seq,t3.pc,6,0,12856,12859
seq,t0.dl,12,55,12857,12860
seq,t0.pc,6,36,12857,12860
seq,t1.pc,6,50,12858,12861
seq,t2.pc,6,62,12859,12862
seq,t3.pc,6,0,12860,12863
seq,t0.dl,12,54,12861,12864
seq,t0.pc,6,36,12861,12864
seq,t1.pc,6,50,12862,12865
seq,t2.pc,6,62,12863,12866
seq,t3.pc,6,0,12864,12867
seq,t0.dl,12,53,12865,12868
seq,t0.pc,6,36,12865,12868
seq,t1.pc,6,50,12866,12869
seq,t2.pc,6,62,12867,12870
seq,t3.pc,6,0,12868,12871
seq,t0.dl,12,52,12869,12872
seq,t0.pc,6,36,12869,12872
seq,t1.pc,6,50,12870,12873
seq,t2.pc,6,62,12871,12874
seq,t3.pc,6,0,12872,12875
seq,t0.dl,12,51,12873,12876
seq,t0.pc,6,36,12873,12876
seq,t1.pc,6,50,12874,12877
seq,t2.pc,6,62,12875,12878
seq,t3.pc,6,0,12876,12879
seq,t0.dl,12,50,12877,12880
seq,t0.pc,6,36,12877,12880
seq,t1.pc,6,50,12878,12881
seq,t2.pc,6,62,12879,12882
seq,t3.pc,6,0,12880,12883
seq,t0.dl,12,49,12881,12884
seq,t0.pc,6,36,12881,12884
seq,t1.pc,6,50,12882,12885
seq,t2.pc,6,62,12883,12886
seq,t3.pc,6,0,12884,12887
seq,t0.dl,12,48,12885,12888
seq,t0.pc,6,36,12885,12888
seq,t1.pc,6,50,12886,12889
seq,t2.pc,6,62,12887,12890
seq,t3.pc,6,0,12888,12891
seq,t0.dl,12,47,12889,12892
seq,t0.pc,6,36,12889,12892
seq,t1.pc,6,50,12890,12893
seq,t2.pc,6,62,12891,12894
seq,t3.pc,6,0,12892,12895
seq,t0.dl,12,46,12893,12896
seq,t0.pc,6,36,12893,12896
seq,t1.pc,6,50,12894,12897
seq,t2.pc,6,62,12895,12898
seq,t3.pc,6,0,12896,12899
seq,t0.dl,12,45,12897,12900
seq,t0.pc,6,36,12897,12900
seq,t1.pc,6,50,12898,12901
seq,t2.pc,6,62,12899,12902
seq,t3.pc,6,0,12900,12903
seq,t0.dl,12,44,12901,12904
seq,t0.pc,6,36,12901,12904
seq,t1.pc,6,50,12902,12905
seq,t2.pc,6,62,12903,12906
seq,t3.pc,6,0,12904,12907
seq,t0.dl,12,43,12905,12908
seq,t0.pc,6,36,12905,12908
seq,t1.pc,6,50,12906,12909
seq,t2.pc,6,62,12907,12910
seq,t3.pc,6,0,12908,12911
seq,t0.dl,12,42,12909,12912
seq,t0.pc,6,36,12909,12912
seq,t1.pc,6,50,12910,12913
seq,t2.pc,6,62,12911,12914
seq,t3.pc,6,0,12912,12915
seq,t0.dl,12,41,12913,12916
seq,t0.pc,6,36,12913,12916
seq,t1.pc,6,50,12914,12917
seq,t2.pc,6,62,12915,12918
seq,t3.pc,6,0,12916,12919
seq,t0.dl,12,40,12917,12920
seq,t0.pc,6,36,12917,12920
seq,t1.pc,6,50,12918,12921
seq,t2.pc,6,62,12919,12922
seq,t3.pc,6,0,12920,12923
seq,t0.dl,12,39,12921,12924
seq,t0.pc,6,36,12921,12924
seq,t1.pc,6,50,12922,12925
seq,t2.pc,6,62,12923,12926
seq,t3.pc,6,0,12924,12927
seq,t0.dl,12,38,12925,12928
seq,t0.pc,6,36,12925,12928
seq,t1.pc,6,50,12926,12929
seq,t2.pc,6,62,12927,12930
seq,t3.pc,6,0,12928,12931
seq,t0.dl,12,37,12929,12932
seq,t0.pc,6,36,12929,12932
seq,t1.pc,6,50,12930,12933
seq,t2.pc,6,62,12931,12934
seq,t3.pc,6,0,12932,12935
seq,t0.dl,12,36,12933,12936
seq,t0.pc,6,36,12933,12936
seq,t1.pc,6,50,12934,12937
seq,t2.pc,6,62,12935,12938
seq,t3.pc,6,0,12936,12939
seq,t0.dl,12,35,12937,12940
seq,t0.pc,6,36,12937,12940
seq,t1.pc,6,50,12938,12941
seq,t2.pc,6,62,12939,12942
seq,t3.pc,6,0,12940,12943
seq,t0.dl,12,34,12941,12944
seq,t0.pc,6,36,12941,12944
seq,t1.pc,6,50,12942,12945
seq,t2.pc,6,62,12943,12946
seq,t3.pc,6,0,12944,12947
seq,t0.dl,12,33,12945,12948
seq,t0.pc,6,36,12945,12948
seq,t1.pc,6,50,12946,12949
seq,t2.pc,6,62,12947,12950
seq,t3.pc,6,0,12948,12951
seq,t0.dl,12,32,12949,12952
seq,t0.pc,6,36,12949,12952
seq,t1.pc,6,50,12950,12953
seq,t2.pc,6,62,12951,12954
seq,t3.pc,6,0,12952,12955
seq,t0.dl,12,31,12953,12956
seq,t0.pc,6,36,12953,12956
seq,t1.pc,6,50,12954,12957
seq,t2.pc,6,62,12955,12958
seq,t3.pc,6,0,12956,12959
seq,t0.dl,12,30,12957,12960
seq,t0.pc,6,36,12957,12960
seq,t1.pc,6,50,12958,12961
seq,t2.pc,6,62,12959,12962
seq,t3.pc,6,0,12960,12963
seq,t0.dl,12,29,12961,12964
seq,t0.pc,6,36,12961,12964
seq,t1.pc,6,50,12962,12965
seq,t2.pc,6,62,12963,12966
seq,t3.pc,6,0,12964,12967
seq,t0.dl,12,28,12965,12968
seq,t0.pc,6,36,12965,12968
seq,t1.pc,6,50,12966,12969
seq,t2.pc,6,62,12967,12970
seq,t3.pc,6,0,12968,12971
seq,t0.dl,12,27,12969,12972
seq,t0.pc,6,36,12969,12972
seq,t1.pc,6,50,12970,12973
seq,t2.pc,6,62,12971,12974
seq,t3.pc,6,0,12972,12975
seq,t0.dl,12,26,12973,12976
seq,t0.pc,6,36,12973,12976
seq,t1.pc,6,50,12974,12977
seq,t2.pc,6,62,12975,12978
seq,t3.pc,6,0,12976,12979
seq,t0.dl,12,25,12977,12980
seq,t0.pc,6,36,12977,12980
seq,t1.pc,6,50,12978,12981
seq,t2.pc,6,62,12979,12982
seq,t3.pc,6,0,12980,12983
seq,t0.dl,12,24,12981,12984
seq,t0.pc,6,36,12981,12984
seq,t1.pc,6,50,12982,12985
seq,t2.pc,6,62,12983,12986
seq,t3.pc,6,0,12984,12987
seq,t0.dl,12,23,12985,12988
seq,t0.pc,6,36,12985,12988
seq,t1.pc,6,50,12986,12989
seq,t2.pc,6,62,12987,12990
seq,t3.pc,6,0,12988,12991
seq,t0.dl,12,22,12989,12992
seq,t0.pc,6,36,12989,12992
seq,t1.pc,6,50,12990,12993
seq,t2.pc,6,62,12991,12994
seq,t3.pc,6,0,12992,12995
seq,t0.dl,12,21,12993,12996
seq,t0.pc,6,36,12993,12996
seq,t1.pc,6,50,12994,12997
seq,t2.pc,6,62,12995,12998
seq,t3.pc,6,0,12996,12999
seq,t0.dl,12,20,12997,13000
seq,t0.pc,6,36,12997,13000
seq,t1.pc,6,50,12998,13001
seq,t2.pc,6,62,12999,13002
seq,t3.pc,6,0,13000,13003
seq,t0.dl,12,19,13001,13004
seq,t0.pc,6,36,13001,13004
seq,t1.pc,6,50,13002,13005
seq,t2.pc,6,62,13003,13006
seq,t3.pc,6,0,13004,13007
seq,t0.dl,12,18,13005,13008
seq,t0.pc,6,36,13005,13008
seq,t1.pc,6,50,13006,13009
seq,t2.pc,6,62,13007,13010
seq,t3.pc,6,0,13008,13011
seq,t0.dl,12,17,13009,13012
seq,t0.pc,6,36,13009,13012
seq,t1.pc,6,50,13010,13013
seq,t2.pc,6,62,13011,13014
seq,t3.pc,6,0,13012,13015
seq,t0.dl,12,16,13013,13016
seq,t0.pc,6,36,13013,13016
seq,t1.pc,6,50,13014,13017
seq,t2.pc,6,62,13015,13018
seq,t3.pc,6,0,13016,13019
seq,t0.dl,12,15,13017,13020
seq,t0.pc,6,36,13017,13020
seq,t1.pc,6,50,13018,13021
seq,t2.pc,6,62,13019,13022
seq,t3.pc,6,0,13020,13023
seq,t0.dl,12,14,13021,13024
seq,t0.pc,6,36,13021,13024
seq,t1.pc,6,50,13022,13025
seq,t2.pc,6,62,13023,13026
seq,t3.pc,6,0,13024,13027
seq,t0.dl,12,13,13025,13028
seq,t0.pc,6,36,13025,13028
seq,t1.pc,6,50,13026,13029
seq,t2.pc,6,62,13027,13030
seq,t3.pc,6,0,13028,13031
seq,t0.dl,12,12,13029,13032
seq,t0.pc,6,36,13029,13032
seq,t1.pc,6,50,13030,13033
seq,t2.pc,6,62,13031,13034
seq,t3.pc,6,0,13032,13035
seq,t0.dl,12,11,13033,13036
seq,t0.pc,6,36,13033,13036
seq,t1.pc,6,50,13034,13037
seq,t2.pc,6,62,13035,13038
seq,t3.pc,6,0,13036,13039
seq,t0.dl,12,10,13037,13040
seq,t0.pc,6,36,13037,13040
seq,t1.pc,6,50,13038,13041
seq,t2.pc,6,62,13039,13042
seq,t3.pc,6,0,13040,13043
seq,t0.dl,12,9,13041,13044
seq,t0.pc,6,36,13041,13044
seq,t1.pc,6,50,13042,13045
seq,t2.pc,6,62,13043,13046
seq,t3.pc,6,0,13044,13047
seq,t0.dl,12,8,13045,13048
seq,t0.pc,6,36,13045,13048
seq,t1.pc,6,50,13046,13049
seq,t2.pc,6,62,13047,13050
seq,t3.pc,6,0,13048,13051
seq,t0.dl,12,7,13049,13052
seq,t0.pc,6,36,13049,13052
seq,t1.pc,6,50,13050,13053
seq,t2.pc,6,62,13051,13054
seq,t3.pc,6,0,13052,13055
seq,t0.dl,12,6,13053,13056
seq,t0.pc,6,36,13053,13056
seq,t1.pc,6,50,13054,13057
seq,t2.pc,6,62,13055,13058
seq,t3.pc,6,0,13056,13059
seq,t0.dl,12,5,13057,13060
seq,t0.pc,6,36,13057,13060
seq,t1.pc,6,50,13058,13061
seq,t2.pc,6,62,13059,13062
seq,t3.pc,6,0,13060,13063
seq,t0.dl,12,4,13061,13064
seq,t0.pc,6,36,13061,13064
seq,t1.pc,6,50,13062,13065
seq,t2.pc,6,62,13063,13066
seq,t3.pc,6,0,13064,13067
seq,t0.dl,12,3,13065,13068
seq,t0.pc,6,36,13065,13068
seq,t1.pc,6,50,13066,13069
seq,t2.pc,6,62,13067,13070
seq,t3.pc,6,0,13068,13071
seq,t0.dl,12,2,13069,13072
seq,t0.pc,6,36,13069,13072
seq,t1.pc,6,50,13070,13073
seq,t2.pc,6,62,13071,13074
seq,t3.pc,6,0,13072,13075
seq,t0.dl,12,1,13073,13076
seq,t0.pc,6,36,13073,13076
seq,t1.pc,6,50,13074,13077
seq,t2.pc,6,62,13075,13078
seq,t3.pc,6,0,13076,13079
seq,t0.pc,6,36,13077,13080
seq,t1.pc,6,50,13078,13081
seq,t2.pc,6,62,13079,13082
seq,t3.pc,6,0,13080,13083
seq,t0.acc,8,0,12217,-1
seq,t0.pc,6,37,13081,13084
seq,t1.pc,6,50,13082,13085
seq,t2.pc,6,62,13083,13086
seq,t3.pc,6,0,13084,13087
seq,t0.pc,6,38,13085,13088
seq,t1.pc,6,50,13086,13089
seq,t2.pc,6,62,13087,13090
seq,t3.pc,6,0,13088,13091
seq,t0.dl,12,0,13077,13080
seq,t0.pc,6,39,13089,13092
seq,t1.pc,6,50,13090,13093
seq,t2.pc,6,62,13091,13094
seq,t3.pc,6,0,13092,13095
seq,t0.dl,12,105,13093,13096
seq,t0.pc,6,40,13093,13096
seq,t1.pc,6,50,13094,13097
seq,t2.pc,6,62,13095,13098
seq,t3.pc,6,0,13096,13099
seq,t0.dl,12,104,13097,13100
seq,t0.pc,6,40,13097,13100
seq,t1.pc,6,50,13098,13101
seq,t2.pc,6,62,13099,13102
seq,t3.pc,6,0,13100,13103
seq,t0.dl,12,103,13101,13104
seq,t0.pc,6,40,13101,13104
seq,t1.pc,6,50,13102,13105
seq,t2.pc,6,62,13103,13106
seq,t3.pc,6,0,13104,13107
seq,t0.dl,12,102,13105,13108
seq,t0.pc,6,40,13105,13108
seq,t1.pc,6,50,13106,13109
seq,t2.pc,6,62,13107,13110
seq,t3.pc,6,0,13108,13111
seq,t0.dl,12,101,13109,13112
seq,t0.pc,6,40,13109,13112
seq,t1.pc,6,50,13110,13113
seq,t2.pc,6,62,13111,13114
seq,t3.pc,6,0,13112,13115
seq,t0.dl,12,100,13113,13116
seq,t0.pc,6,40,13113,13116
seq,t1.pc,6,50,13114,13117
seq,t2.pc,6,62,13115,13118
seq,t3.pc,6,0,13116,13119
seq,t0.dl,12,99,13117,13120
seq,t0.pc,6,40,13117,13120
seq,t1.pc,6,50,13118,13121
seq,t2.pc,6,62,13119,13122
seq,t3.pc,6,0,13120,13123
seq,t0.dl,12,98,13121,13124
seq,t0.pc,6,40,13121,13124
seq,t1.pc,6,50,13122,13125
seq,t2.pc,6,62,13123,13126
seq,t3.pc,6,0,13124,13127
seq,t0.dl,12,97,13125,13128
seq,t0.pc,6,40,13125,13128
seq,t1.pc,6,50,13126,13129
seq,t2.pc,6,62,13127,13130
seq,t3.pc,6,0,13128,13131
seq,t0.dl,12,96,13129,13132
seq,t0.pc,6,40,13129,13132
seq,t1.pc,6,50,13130,13133
seq,t2.pc,6,62,13131,13134
seq,t3.pc,6,0,13132,13135
seq,t0.dl,12,95,13133,13136
seq,t0.pc,6,40,13133,13136
seq,t1.pc,6,50,13134,13137
seq,t2.pc,6,62,13135,13138
seq,t3.pc,6,0,13136,13139
seq,t0.dl,12,94,13137,13140
seq,t0.pc,6,40,13137,13140
seq,t1.pc,6,50,13138,13141
seq,t2.pc,6,62,13139,13142
seq,t3.pc,6,0,13140,13143
seq,t0.dl,12,93,13141,13144
seq,t0.pc,6,40,13141,13144
seq,t1.pc,6,50,13142,13145
seq,t2.pc,6,62,13143,13146
seq,t3.pc,6,0,13144,13147
seq,t0.dl,12,92,13145,13148
seq,t0.pc,6,40,13145,13148
seq,t1.pc,6,50,13146,13149
seq,t2.pc,6,62,13147,13150
seq,t3.pc,6,0,13148,13151
seq,t0.dl,12,91,13149,13152
seq,t0.pc,6,40,13149,13152
seq,t1.pc,6,50,13150,13153
seq,t2.pc,6,62,13151,13154
seq,t3.pc,6,0,13152,13155
seq,t0.dl,12,90,13153,13156
seq,t0.pc,6,40,13153,13156
seq,t1.pc,6,50,13154,13157
seq,t2.pc,6,62,13155,13158
seq,t3.pc,6,0,13156,13159
seq,t0.dl,12,89,13157,13160
seq,t0.pc,6,40,13157,13160
seq,t1.pc,6,50,13158,13161
seq,t2.pc,6,62,13159,13162
seq,t3.pc,6,0,13160,13163
seq,t0.dl,12,88,13161,13164
seq,t0.pc,6,40,13161,13164
seq,t1.pc,6,50,13162,13165
seq,t2.pc,6,62,13163,13166
seq,t3.pc,6,0,13164,13167
seq,t0.dl,12,87,13165,13168
seq,t0.pc,6,40,13165,13168
seq,t1.pc,6,50,13166,13169
seq,t2.pc,6,62,13167,13170
seq,t3.pc,6,0,13168,13171
seq,t0.dl,12,86,13169,13172
seq,t0.pc,6,40,13169,13172
seq,t1.pc,6,50,13170,13173
seq,t2.pc,6,62,13171,13174
seq,t3.pc,6,0,13172,13175
seq,t0.dl,12,85,13173,13176
seq,t0.pc,6,40,13173,13176
seq,t1.pc,6,50,13174,13177
seq,t2.pc,6,62,13175,13178
seq,t3.pc,6,0,13176,13179
seq,t0.dl,12,84,13177,13180
seq,t0.pc,6,40,13177,13180
seq,t1.pc,6,50,13178,13181
seq,t2.pc,6,62,13179,13182
seq,t3.pc,6,0,13180,13183
seq,t0.dl,12,83,13181,13184
seq,t0.pc,6,40,13181,13184
seq,t1.pc,6,50,13182,13185
seq,t2.pc,6,62,13183,13186
seq,t3.pc,6,0,13184,13187
seq,t0.dl,12,82,13185,13188
seq,t0.pc,6,40,13185,13188
seq,t1.pc,6,50,13186,13189
seq,t2.pc,6,62,13187,13190
seq,t3.pc,6,0,13188,13191
seq,t0.dl,12,81,13189,13192
seq,t0.pc,6,40,13189,13192
seq,t1.pc,6,50,13190,13193
seq,t2.pc,6,62,13191,13194
seq,t3.pc,6,0,13192,13195
seq,t0.dl,12,80,13193,13196
seq,t0.pc,6,40,13193,13196
seq,t1.pc,6,50,13194,13197
seq,t2.pc,6,62,13195,13198
seq,t3.pc,6,0,13196,13199
seq,t0.dl,12,79,13197,13200
seq,t0.pc,6,40,13197,13200
seq,t1.pc,6,50,13198,13201
seq,t2.pc,6,62,13199,13202
seq,t3.pc,6,0,13200,13203
seq,t0.dl,12,78,13201,13204
seq,t0.pc,6,40,13201,13204
seq,t1.pc,6,50,13202,13205
seq,t2.pc,6,62,13203,13206
seq,t3.pc,6,0,13204,13207
seq,t0.dl,12,77,13205,13208
seq,t0.pc,6,40,13205,13208
seq,t1.pc,6,50,13206,13209
seq,t2.pc,6,62,13207,13210
seq,t3.pc,6,0,13208,13211
seq,t0.dl,12,76,13209,13212
seq,t0.pc,6,40,13209,13212
seq,t1.pc,6,50,13210,13213
seq,t2.pc,6,62,13211,13214
seq,t3.pc,6,0,13212,13215
seq,t0.dl,12,75,13213,13216
seq,t0.pc,6,40,13213,13216
seq,t1.pc,6,50,13214,13217
seq,t2.pc,6,62,13215,13218
seq,t3.pc,6,0,13216,13219
seq,t0.dl,12,74,13217,13220
seq,t0.pc,6,40,13217,13220
seq,t1.pc,6,50,13218,13221
seq,t2.pc,6,62,13219,13222
seq,t3.pc,6,0,13220,13223
seq,t0.dl,12,73,13221,13224
seq,t0.pc,6,40,13221,13224
seq,t1.pc,6,50,13222,13225
seq,t2.pc,6,62,13223,13226
seq,t3.pc,6,0,13224,13227
seq,t0.dl,12,72,13225,13228
seq,t0.pc,6,40,13225,13228
seq,t1.pc,6,50,13226,13229
seq,t2.pc,6,62,13227,13230
seq,t3.pc,6,0,13228,13231
seq,t0.dl,12,71,13229,13232
seq,t0.pc,6,40,13229,13232
seq,t1.pc,6,50,13230,13233
seq,t2.pc,6,62,13231,13234
seq,t3.pc,6,0,13232,13235
seq,t0.dl,12,70,13233,13236
seq,t0.pc,6,40,13233,13236
seq,t1.pc,6,50,13234,13237
seq,t2.pc,6,62,13235,13238
seq,t3.pc,6,0,13236,13239
seq,t0.dl,12,69,13237,13240
seq,t0.pc,6,40,13237,13240
seq,t1.pc,6,50,13238,13241
seq,t2.pc,6,62,13239,13242
seq,t3.pc,6,0,13240,13243
seq,t0.dl,12,68,13241,13244
seq,t0.pc,6,40,13241,13244
seq,t1.pc,6,50,13242,13245
seq,t2.pc,6,62,13243,13246
seq,t3.pc,6,0,13244,13247
seq,t0.dl,12,67,13245,13248
seq,t0.pc,6,40,13245,13248
seq,t1.pc,6,50,13246,13249
seq,t2.pc,6,62,13247,13250
seq,t3.pc,6,0,13248,13251
seq,t0.dl,12,66,13249,13252
seq,t0.pc,6,40,13249,13252
seq,t1.pc,6,50,13250,13253
seq,t2.pc,6,62,13251,13254
seq,t3.pc,6,0,13252,13255
seq,t0.dl,12,65,13253,13256
seq,t0.pc,6,40,13253,13256
seq,t1.pc,6,50,13254,13257
seq,t2.pc,6,62,13255,13258
seq,t3.pc,6,0,13256,13259
seq,t0.dl,12,64,13257,13260
seq,t0.pc,6,40,13257,13260
seq,t1.pc,6,50,13258,13261
seq,t2.pc,6,62,13259,13262
seq,t3.pc,6,0,13260,13263
seq,t0.dl,12,63,13261,13264
seq,t0.pc,6,40,13261,13264
seq,t1.pc,6,50,13262,13265
seq,t2.pc,6,62,13263,13266
seq,t3.pc,6,0,13264,13267
seq,t0.dl,12,62,13265,13268
seq,t0.pc,6,40,13265,13268
seq,t1.pc,6,50,13266,13269
seq,t2.pc,6,62,13267,13270
seq,t3.pc,6,0,13268,13271
seq,t0.dl,12,61,13269,13272
seq,t0.pc,6,40,13269,13272
seq,t1.pc,6,50,13270,13273
seq,t2.pc,6,62,13271,13274
seq,t3.pc,6,0,13272,13275
seq,t0.dl,12,60,13273,13276
seq,t0.pc,6,40,13273,13276
seq,t1.pc,6,50,13274,13277
seq,t2.pc,6,62,13275,13278
seq,t3.pc,6,0,13276,13279
seq,t0.dl,12,59,13277,13280
seq,t0.pc,6,40,13277,13280
seq,t1.pc,6,50,13278,13281
seq,t2.pc,6,62,13279,13282
seq,t3.pc,6,0,13280,13283
seq,t0.dl,12,58,13281,13284
seq,t0.pc,6,40,13281,13284
seq,t1.pc,6,50,13282,13285
seq,t2.pc,6,62,13283,13286
seq,t3.pc,6,0,13284,13287
seq,t0.dl,12,57,13285,13288
seq,t0.pc,6,40,13285,13288
seq,t1.pc,6,50,13286,13289
seq,t2.pc,6,62,13287,13290
seq,t3.pc,6,0,13288,13291
seq,t0.dl,12,56,13289,13292
seq,t0.pc,6,40,13289,13292
seq,t1.pc,6,50,13290,13293
seq,t2.pc,6,62,13291,13294
seq,t3.pc,6,0,13292,13295
seq,t0.dl,12,55,13293,13296
seq,t0.pc,6,40,13293,13296
seq,t1.pc,6,50,13294,13297
seq,t2.pc,6,62,13295,13298
seq,t3.pc,6,0,13296,13299
seq,t0.dl,12,54,13297,13300
seq,t0.pc,6,40,13297,13300
seq,t1.pc,6,50,13298,13301
seq,t2.pc,6,62,13299,13302
seq,t3.pc,6,0,13300,13303
seq,t0.dl,12,53,13301,13304
seq,t0.pc,6,40,13301,13304
seq,t1.pc,6,50,13302,13305
seq,t2.pc,6,62,13303,13306
seq,t3.pc,6,0,13304,13307
seq,t0.dl,12,52,13305,13308
seq,t0.pc,6,40,13305,13308
seq,t1.pc,6,50,13306,13309
seq,t2.pc,6,62,13307,13310
seq,t3.pc,6,0,13308,13311
seq,t0.dl,12,51,13309,13312
seq,t0.pc,6,40,13309,13312
seq,t1.pc,6,50,13310,13313
seq,t2.pc,6,62,13311,13314
seq,t3.pc,6,0,13312,13315
seq,t0.dl,12,50,13313,13316
seq,t0.pc,6,40,13313,13316
seq,t1.pc,6,50,13314,13317
seq,t2.pc,6,62,13315,13318
seq,t3.pc,6,0,13316,13319
seq,t0.dl,12,49,13317,13320
seq,t0.pc,6,40,13317,13320
seq,t1.pc,6,50,13318,13321
seq,t2.pc,6,62,13319,13322
seq,t3.pc,6,0,13320,13323
seq,t0.dl,12,48,13321,13324
seq,t0.pc,6,40,13321,13324
seq,t1.pc,6,50,13322,13325
seq,t2.pc,6,62,13323,13326
seq,t3.pc,6,0,13324,13327
seq,t0.dl,12,47,13325,13328
seq,t0.pc,6,40,13325,13328
seq,t1.pc,6,50,13326,13329
seq,t2.pc,6,62,13327,13330
seq,t3.pc,6,0,13328,13331
seq,t0.dl,12,46,13329,13332
seq,t0.pc,6,40,13329,13332
seq,t1.pc,6,50,13330,13333
seq,t2.pc,6,62,13331,13334
seq,t3.pc,6,0,13332,13335
seq,t0.dl,12,45,13333,13336
seq,t0.pc,6,40,13333,13336
seq,t1.pc,6,50,13334,13337
seq,t2.pc,6,62,13335,13338
seq,t3.pc,6,0,13336,13339
seq,t0.dl,12,44,13337,13340
seq,t0.pc,6,40,13337,13340
seq,t1.pc,6,50,13338,13341
seq,t2.pc,6,62,13339,13342
seq,t3.pc,6,0,13340,13343
seq,t0.dl,12,43,13341,13344
seq,t0.pc,6,40,13341,13344
seq,t1.pc,6,50,13342,13345
seq,t2.pc,6,62,13343,13346
seq,t3.pc,6,0,13344,13347
seq,t0.dl,12,42,13345,13348
seq,t0.pc,6,40,13345,13348
seq,t1.pc,6,50,13346,13349
seq,t2.pc,6,62,13347,13350
seq,t3.pc,6,0,13348,13351
seq,t0.dl,12,41,13349,13352
seq,t0.pc,6,40,13349,13352
seq,t1.pc,6,50,13350,13353
seq,t2.pc,6,62,13351,13354
seq,t3.pc,6,0,13352,13355
seq,t0.dl,12,40,13353,13356
seq,t0.pc,6,40,13353,13356
seq,t1.pc,6,50,13354,13357
seq,t2.pc,6,62,13355,13358
seq,t3.pc,6,0,13356,13359
seq,t0.dl,12,39,13357,13360
seq,t0.pc,6,40,13357,13360
seq,t1.pc,6,50,13358,13361
seq,t2.pc,6,62,13359,13362
seq,t3.pc,6,0,13360,13363
seq,t0.dl,12,38,13361,13364
seq,t0.pc,6,40,13361,13364
seq,t1.pc,6,50,13362,13365
seq,t2.pc,6,62,13363,13366
seq,t3.pc,6,0,13364,13367
seq,t0.dl,12,37,13365,13368
seq,t0.pc,6,40,13365,13368
seq,t1.pc,6,50,13366,13369
seq,t2.pc,6,62,13367,13370
seq,t3.pc,6,0,13368,13371
seq,t0.dl,12,36,13369,13372
seq,t0.pc,6,40,13369,13372
seq,t1.pc,6,50,13370,13373
seq,t2.pc,6,62,13371,13374
seq,t3.pc,6,0,13372,13375
seq,t0.dl,12,35,13373,13376
seq,t0.pc,6,40,13373,13376
seq,t1.pc,6,50,13374,13377
seq,t2.pc,6,62,13375,13378
seq,t3.pc,6,0,13376,13379
seq,t0.dl,12,34,13377,13380
seq,t0.pc,6,40,13377,13380
seq,t1.pc,6,50,13378,13381
seq,t2.pc,6,62,13379,13382
seq,t3.pc,6,0,13380,13383
seq,t0.dl,12,33,13381,13384
seq,t0.pc,6,40,13381,13384
seq,t1.pc,6,50,13382,13385
seq,t2.pc,6,62,13383,13386
seq,t3.pc,6,0,13384,13387
seq,t0.dl,12,32,13385,13388
seq,t0.pc,6,40,13385,13388
seq,t1.pc,6,50,13386,13389
seq,t2.pc,6,62,13387,13390
seq,t3.pc,6,0,13388,13391
seq,t0.dl,12,31,13389,13392
seq,t0.pc,6,40,13389,13392
seq,t1.pc,6,50,13390,13393
seq,t2.pc,6,62,13391,13394
seq,t3.pc,6,0,13392,13395
seq,t0.dl,12,30,13393,13396
seq,t0.pc,6,40,13393,13396
seq,t1.pc,6,50,13394,13397
seq,t2.pc,6,62,13395,13398
seq,t3.pc,6,0,13396,13399
seq,t0.dl,12,29,13397,13400
seq,t0.pc,6,40,13397,13400
seq,t1.pc,6,50,13398,13401
seq,t2.pc,6,62,13399,13402
seq,t3.pc,6,0,13400,13403
seq,t0.dl,12,28,13401,13404
seq,t0.pc,6,40,13401,13404
seq,t1.pc,6,50,13402,13405
seq,t2.pc,6,62,13403,13406
seq,t3.pc,6,0,13404,13407
seq,t0.dl,12,27,13405,13408
seq,t0.pc,6,40,13405,13408
seq,t1.pc,6,50,13406,13409
seq,t2.pc,6,62,13407,13410
seq,t3.pc,6,0,13408,13411
seq,t0.dl,12,26,13409,13412
seq,t0.pc,6,40,13409,13412
seq,t1.pc,6,50,13410,13413
seq,t2.pc,6,62,13411,13414
seq,t3.pc,6,0,13412,13415
seq,t0.dl,12,25,13413,13416
seq,t0.pc,6,40,13413,13416
seq,t1.pc,6,50,13414,13417
seq,t2.pc,6,62,13415,13418
seq,t3.pc,6,0,13416,13419
seq,t0.dl,12,24,13417,13420
seq,t0.pc,6,40,13417,13420
seq,t1.pc,6,50,13418,13421
seq,t2.pc,6,62,13419,13422
seq,t3.pc,6,0,13420,13423
seq,t0.dl,12,23,13421,13424
seq,t0.pc,6,40,13421,13424
seq,t1.pc,6,50,13422,13425
seq,t2.pc,6,62,13423,13426
seq,t3.pc,6,0,13424,13427
seq,t0.dl,12,22,13425,13428
seq,t0.pc,6,40,13425,13428
seq,t1.pc,6,50,13426,13429
seq,t2.pc,6,62,13427,13430
seq,t3.pc,6,0,13428,13431
seq,t0.dl,12,21,13429,13432
seq,t0.pc,6,40,13429,13432
seq,t1.pc,6,50,13430,13433
seq,t2.pc,6,62,13431,13434
seq,t3.pc,6,0,13432,13435
seq,t0.dl,12,20,13433,13436
seq,t0.pc,6,40,13433,13436
seq,t1.pc,6,50,13434,13437
seq,t2.pc,6,62,13435,13438
seq,t3.pc,6,0,13436,13439
seq,t0.dl,12,19,13437,13440
seq,t0.pc,6,40,13437,13440
seq,t1.pc,6,50,13438,13441
seq,t2.pc,6,62,13439,13442
seq,t3.pc,6,0,13440,13443
seq,t0.dl,12,18,13441,13444
seq,t0.pc,6,40,13441,13444
seq,t1.pc,6,50,13442,13445
seq,t2.pc,6,62,13443,13446
seq,t3.pc,6,0,13444,13447
seq,t0.dl,12,17,13445,13448
seq,t0.pc,6,40,13445,13448
seq,t1.pc,6,50,13446,13449
seq,t2.pc,6,62,13447,13450
seq,t3.pc,6,0,13448,13451
seq,t0.dl,12,16,13449,13452
seq,t0.pc,6,40,13449,13452
seq,t1.pc,6,50,13450,13453
seq,t2.pc,6,62,13451,13454
seq,t3.pc,6,0,13452,13455
seq,t0.dl,12,15,13453,13456
seq,t0.pc,6,40,13453,13456
seq,t1.pc,6,50,13454,13457
seq,t2.pc,6,62,13455,13458
seq,t3.pc,6,0,13456,13459
seq,t0.dl,12,14,13457,13460
seq,t0.pc,6,40,13457,13460
seq,t1.pc,6,50,13458,13461
seq,t2.pc,6,62,13459,13462
seq,t3.pc,6,0,13460,13463
seq,t0.dl,12,13,13461,13464
seq,t0.pc,6,40,13461,13464
seq,t1.pc,6,50,13462,13465
seq,t2.pc,6,62,13463,13466
seq,t3.pc,6,0,13464,13467
seq,t0.dl,12,12,13465,13468
seq,t0.pc,6,40,13465,13468
seq,t1.pc,6,50,13466,13469
seq,t2.pc,6,62,13467,13470
seq,t3.pc,6,0,13468,13471
seq,t0.dl,12,11,13469,13472
seq,t0.pc,6,40,13469,13472
seq,t1.pc,6,50,13470,13473
seq,t2.pc,6,62,13471,13474
seq,t3.pc,6,0,13472,13475
seq,t0.dl,12,10,13473,13476
seq,t0.pc,6,40,13473,13476
seq,t1.pc,6,50,13474,13477
seq,t2.pc,6,62,13475,13478
seq,t3.pc,6,0,13476,13479
seq,t0.dl,12,9,13477,13480
seq,t0.pc,6,40,13477,13480
seq,t1.pc,6,50,13478,13481
seq,t2.pc,6,62,13479,13482
seq,t3.pc,6,0,13480,13483
seq,t0.dl,12,8,13481,13484
seq,t0.pc,6,40,13481,13484
seq,t1.pc,6,50,13482,13485
seq,t2.pc,6,62,13483,13486
seq,t3.pc,6,0,13484,13487
seq,t0.dl,12,7,13485,13488
seq,t0.pc,6,40,13485,13488
seq,t1.pc,6,50,13486,13489
seq,t2.pc,6,62,13487,13490
seq,t3.pc,6,0,13488,13491
seq,t0.dl,12,6,13489,13492
seq,t0.pc,6,40,13489,13492
seq,t1.pc,6,50,13490,13493
seq,t2.pc,6,62,13491,13494
seq,t3.pc,6,0,13492,13495
seq,t0.dl,12,5,13493,13496
seq,t0.pc,6,40,13493,13496
seq,t1.pc,6,50,13494,13497
seq,t2.pc,6,62,13495,13498
seq,t3.pc,6,0,13496,13499
seq,t0.dl,12,4,13497,13500
seq,t0.pc,6,40,13497,13500
seq,t1.pc,6,50,13498,13501
seq,t2.pc,6,62,13499,13502
seq,t3.pc,6,0,13500,13503
seq,t0.dl,12,3,13501,13504
seq,t0.pc,6,40,13501,13504
seq,t1.pc,6,50,13502,13505
seq,t2.pc,6,62,13503,13506
seq,t3.pc,6,0,13504,13507
seq,t0.dl,12,2,13505,13508
seq,t0.pc,6,40,13505,13508
seq,t1.pc,6,50,13506,13509
seq,t2.pc,6,62,13507,13510
seq,t3.pc,6,0,13508,13511
seq,t0.dl,12,1,13509,13512
seq,t0.pc,6,40,13509,13512
seq,t1.pc,6,50,13510,13513
seq,t2.pc,6,62,13511,13514
seq,t3.pc,6,0,13512,13515
seq,t0.pc,6,40,13513,13516
seq,t1.pc,6,50,13514,13517
seq,t2.pc,6,62,13515,13518
seq,t3.pc,6,0,13516,13519
seq,t0.cnt,12,0,12217,12648
seq,t0.pc,6,41,13517,13520
seq,t1.pc,6,50,13518,13521
seq,t2.pc,6,62,13519,13522
seq,t3.pc,6,0,13520,13523
seq,t0.acc,8,10,13085,13524
seq,t0.cnt,12,8,13521,13524
seq,t0.pc,6,42,13521,13524
seq,t1.pc,6,50,13522,13525
seq,t2.pc,6,62,13523,13526
seq,t3.pc,6,0,13524,13527
seq,t0.dl,12,0,13513,13516
seq,t0.pc,6,43,13525,13528
seq,t1.pc,6,50,13526,13529
seq,t2.pc,6,62,13527,13530
seq,t3.pc,6,0,13528,13531
seq,t0.dl,12,105,13529,13532
seq,t0.pc,6,44,13529,13532
seq,t1.pc,6,50,13530,13533
seq,t2.pc,6,62,13531,13534
seq,t3.pc,6,0,13532,13535
seq,t0.dl,12,104,13533,13536
seq,t0.pc,6,44,13533,13536
seq,t1.pc,6,50,13534,13537
seq,t2.pc,6,62,13535,13538
seq,t3.pc,6,0,13536,13539
seq,t0.dl,12,103,13537,13540
seq,t0.pc,6,44,13537,13540
seq,t1.pc,6,50,13538,13541
seq,t2.pc,6,62,13539,13542
seq,t3.pc,6,0,13540,13543
seq,t0.dl,12,102,13541,13544
seq,t0.pc,6,44,13541,13544
seq,t1.pc,6,50,13542,13545
seq,t2.pc,6,62,13543,13546
seq,t3.pc,6,0,13544,13547
seq,t0.dl,12,101,13545,13548
seq,t0.pc,6,44,13545,13548
seq,t1.pc,6,50,13546,13549
seq,t2.pc,6,62,13547,13550
seq,t3.pc,6,0,13548,13551
seq,t0.dl,12,100,13549,13552
seq,t0.pc,6,44,13549,13552
seq,t1.pc,6,50,13550,13553
seq,t2.pc,6,62,13551,13554
seq,t3.pc,6,0,13552,13555
seq,t0.dl,12,99,13553,13556
seq,t0.pc,6,44,13553,13556
seq,t1.pc,6,50,13554,13557
seq,t2.pc,6,62,13555,13558
seq,t3.pc,6,0,13556,13559
seq,t0.dl,12,98,13557,13560
seq,t0.pc,6,44,13557,13560
seq,t1.pc,6,50,13558,13561
seq,t2.pc,6,62,13559,13562
seq,t3.pc,6,0,13560,13563
seq,t0.dl,12,97,13561,13564
seq,t0.pc,6,44,13561,13564
seq,t1.pc,6,50,13562,13565
seq,t2.pc,6,62,13563,13566
seq,t3.pc,6,0,13564,13567
seq,t0.dl,12,96,13565,13568
seq,t0.pc,6,44,13565,13568
seq,t1.pc,6,50,13566,13569
seq,t2.pc,6,62,13567,13570
seq,t3.pc,6,0,13568,13571
seq,t0.dl,12,95,13569,13572
seq,t0.pc,6,44,13569,13572
seq,t1.pc,6,50,13570,13573
seq,t2.pc,6,62,13571,13574
seq,t3.pc,6,0,13572,13575
seq,t0.dl,12,94,13573,13576
seq,t0.pc,6,44,13573,13576
seq,t1.pc,6,50,13574,13577
seq,t2.pc,6,62,13575,13578
seq,t3.pc,6,0,13576,13579
seq,t0.dl,12,93,13577,13580
seq,t0.pc,6,44,13577,13580
seq,t1.pc,6,50,13578,13581
seq,t2.pc,6,62,13579,13582
seq,t3.pc,6,0,13580,13583
seq,t0.dl,12,92,13581,13584
seq,t0.pc,6,44,13581,13584
seq,t1.pc,6,50,13582,13585
seq,t2.pc,6,62,13583,13586
seq,t3.pc,6,0,13584,13587
seq,t0.dl,12,91,13585,13588
seq,t0.pc,6,44,13585,13588
seq,t1.pc,6,50,13586,13589
seq,t2.pc,6,62,13587,13590
seq,t3.pc,6,0,13588,13591
seq,t0.dl,12,90,13589,13592
seq,t0.pc,6,44,13589,13592
seq,t1.pc,6,50,13590,13593
seq,t2.pc,6,62,13591,13594
seq,t3.pc,6,0,13592,13595
seq,t0.dl,12,89,13593,13596
seq,t0.pc,6,44,13593,13596
seq,t1.pc,6,50,13594,13597
seq,t2.pc,6,62,13595,13598
seq,t3.pc,6,0,13596,13599
seq,t0.dl,12,88,13597,13600
seq,t0.pc,6,44,13597,13600
seq,t1.pc,6,50,13598,13601
seq,t2.pc,6,62,13599,13602
seq,t3.pc,6,0,13600,13603
seq,t0.dl,12,87,13601,13604
seq,t0.pc,6,44,13601,13604
seq,t1.pc,6,50,13602,13605
seq,t2.pc,6,62,13603,13606
seq,t3.pc,6,0,13604,13607
seq,t0.dl,12,86,13605,13608
seq,t0.pc,6,44,13605,13608
seq,t1.pc,6,50,13606,13609
seq,t2.pc,6,62,13607,13610
seq,t3.pc,6,0,13608,13611
seq,t0.dl,12,85,13609,13612
seq,t0.pc,6,44,13609,13612
seq,t1.pc,6,50,13610,13613
seq,t2.pc,6,62,13611,13614
seq,t3.pc,6,0,13612,13615
seq,t0.dl,12,84,13613,13616
seq,t0.pc,6,44,13613,13616
seq,t1.pc,6,50,13614,13617
seq,t2.pc,6,62,13615,13618
seq,t3.pc,6,0,13616,13619
seq,t0.dl,12,83,13617,13620
seq,t0.pc,6,44,13617,13620
seq,t1.pc,6,50,13618,13621
seq,t2.pc,6,62,13619,13622
seq,t3.pc,6,0,13620,13623
seq,t0.dl,12,82,13621,13624
seq,t0.pc,6,44,13621,13624
seq,t1.pc,6,50,13622,13625
seq,t2.pc,6,62,13623,13626
seq,t3.pc,6,0,13624,13627
seq,t0.dl,12,81,13625,13628
seq,t0.pc,6,44,13625,13628
seq,t1.pc,6,50,13626,13629
seq,t2.pc,6,62,13627,13630
seq,t3.pc,6,0,13628,13631
seq,t0.dl,12,80,13629,13632
seq,t0.pc,6,44,13629,13632
seq,t1.pc,6,50,13630,13633
seq,t2.pc,6,62,13631,13634
seq,t3.pc,6,0,13632,13635
seq,t0.dl,12,79,13633,13636
seq,t0.pc,6,44,13633,13636
seq,t1.pc,6,50,13634,13637
seq,t2.pc,6,62,13635,13638
seq,t3.pc,6,0,13636,13639
seq,t0.dl,12,78,13637,13640
seq,t0.pc,6,44,13637,13640
seq,t1.pc,6,50,13638,13641
seq,t2.pc,6,62,13639,13642
seq,t3.pc,6,0,13640,13643
seq,t0.dl,12,77,13641,13644
seq,t0.pc,6,44,13641,13644
seq,t1.pc,6,50,13642,13645
seq,t2.pc,6,62,13643,13646
seq,t3.pc,6,0,13644,13647
seq,t0.dl,12,76,13645,13648
seq,t0.pc,6,44,13645,13648
seq,t1.pc,6,50,13646,13649
seq,t2.pc,6,62,13647,13650
seq,t3.pc,6,0,13648,13651
seq,t0.dl,12,75,13649,13652
seq,t0.pc,6,44,13649,13652
seq,t1.pc,6,50,13650,13653
seq,t2.pc,6,62,13651,13654
seq,t3.pc,6,0,13652,13655
seq,t0.dl,12,74,13653,13656
seq,t0.pc,6,44,13653,13656
seq,t1.pc,6,50,13654,13657
seq,t2.pc,6,62,13655,13658
seq,t3.pc,6,0,13656,13659
seq,t0.dl,12,73,13657,13660
seq,t0.pc,6,44,13657,13660
seq,t1.pc,6,50,13658,13661
seq,t2.pc,6,62,13659,13662
seq,t3.pc,6,0,13660,13663
seq,t0.dl,12,72,13661,13664
seq,t0.pc,6,44,13661,13664
seq,t1.pc,6,50,13662,13665
seq,t2.pc,6,62,13663,13666
seq,t3.pc,6,0,13664,13667
seq,t0.dl,12,71,13665,13668
seq,t0.pc,6,44,13665,13668
seq,t1.pc,6,50,13666,13669
seq,t2.pc,6,62,13667,13670
seq,t3.pc,6,0,13668,13671
seq,t0.dl,12,70,13669,13672
seq,t0.pc,6,44,13669,13672
seq,t1.pc,6,50,13670,13673
seq,t2.pc,6,62,13671,13674
seq,t3.pc,6,0,13672,13675
seq,t0.dl,12,69,13673,13676
seq,t0.pc,6,44,13673,13676
seq,t1.pc,6,50,13674,13677
seq,t2.pc,6,62,13675,13678
seq,t3.pc,6,0,13676,13679
seq,t0.dl,12,68,13677,13680
seq,t0.pc,6,44,13677,13680
seq,t1.pc,6,50,13678,13681
seq,t2.pc,6,62,13679,13682
seq,t3.pc,6,0,13680,13683
seq,t0.dl,12,67,13681,13684
seq,t0.pc,6,44,13681,13684
seq,t1.pc,6,50,13682,13685
seq,t2.pc,6,62,13683,13686
seq,t3.pc,6,0,13684,13687
seq,t0.dl,12,66,13685,13688
seq,t0.pc,6,44,13685,13688
seq,t1.pc,6,50,13686,13689
seq,t2.pc,6,62,13687,13690
seq,t3.pc,6,0,13688,13691
seq,t0.dl,12,65,13689,13692
seq,t0.pc,6,44,13689,13692
seq,t1.pc,6,50,13690,13693
seq,t2.pc,6,62,13691,13694
seq,t3.pc,6,0,13692,13695
seq,t0.dl,12,64,13693,13696
seq,t0.pc,6,44,13693,13696
seq,t1.pc,6,50,13694,13697
seq,t2.pc,6,62,13695,13698
seq,t3.pc,6,0,13696,13699
seq,t0.dl,12,63,13697,13700
seq,t0.pc,6,44,13697,13700
seq,t1.pc,6,50,13698,13701
seq,t2.pc,6,62,13699,13702
seq,t3.pc,6,0,13700,13703
seq,t0.dl,12,62,13701,13704
seq,t0.pc,6,44,13701,13704
seq,t1.pc,6,50,13702,13705
seq,t2.pc,6,62,13703,13706
seq,t3.pc,6,0,13704,13707
seq,t0.dl,12,61,13705,13708
seq,t0.pc,6,44,13705,13708
seq,t1.pc,6,50,13706,13709
seq,t2.pc,6,62,13707,13710
seq,t3.pc,6,0,13708,13711
seq,t0.dl,12,60,13709,13712
seq,t0.pc,6,44,13709,13712
seq,t1.pc,6,50,13710,13713
seq,t2.pc,6,62,13711,13714
seq,t3.pc,6,0,13712,13715
seq,t0.dl,12,59,13713,13716
seq,t0.pc,6,44,13713,13716
seq,t1.pc,6,50,13714,13717
seq,t2.pc,6,62,13715,13718
seq,t3.pc,6,0,13716,13719
seq,t0.dl,12,58,13717,13720
seq,t0.pc,6,44,13717,13720
seq,t1.pc,6,50,13718,13721
seq,t2.pc,6,62,13719,13722
seq,t3.pc,6,0,13720,13723
seq,t0.dl,12,57,13721,13724
seq,t0.pc,6,44,13721,13724
seq,t1.pc,6,50,13722,13725
seq,t2.pc,6,62,13723,13726
seq,t3.pc,6,0,13724,13727
seq,t0.dl,12,56,13725,13728
seq,t0.pc,6,44,13725,13728
seq,t1.pc,6,50,13726,13729
seq,t2.pc,6,62,13727,13730
seq,t3.pc,6,0,13728,13731
seq,t0.dl,12,55,13729,13732
seq,t0.pc,6,44,13729,13732
seq,t1.pc,6,50,13730,13733
seq,t2.pc,6,62,13731,13734
seq,t3.pc,6,0,13732,13735
seq,t0.dl,12,54,13733,13736
seq,t0.pc,6,44,13733,13736
seq,t1.pc,6,50,13734,13737
seq,t2.pc,6,62,13735,13738
seq,t3.pc,6,0,13736,13739
seq,t0.dl,12,53,13737,13740
seq,t0.pc,6,44,13737,13740
seq,t1.pc,6,50,13738,13741
seq,t2.pc,6,62,13739,13742
seq,t3.pc,6,0,13740,13743
seq,t0.dl,12,52,13741,13744
seq,t0.pc,6,44,13741,13744
seq,t1.pc,6,50,13742,13745
seq,t2.pc,6,62,13743,13746
seq,t3.pc,6,0,13744,13747
seq,t0.dl,12,51,13745,13748
seq,t0.pc,6,44,13745,13748
seq,t1.pc,6,50,13746,13749
seq,t2.pc,6,62,13747,13750
seq,t3.pc,6,0,13748,13751
seq,t0.dl,12,50,13749,13752
seq,t0.pc,6,44,13749,13752
seq,t1.pc,6,50,13750,13753
seq,t2.pc,6,62,13751,13754
seq,t3.pc,6,0,13752,13755
seq,t0.dl,12,49,13753,13756
seq,t0.pc,6,44,13753,13756
seq,t1.pc,6,50,13754,13757
seq,t2.pc,6,62,13755,13758
seq,t3.pc,6,0,13756,13759
seq,t0.dl,12,48,13757,13760
seq,t0.pc,6,44,13757,13760
seq,t1.pc,6,50,13758,13761
seq,t2.pc,6,62,13759,13762
seq,t3.pc,6,0,13760,13763
seq,t0.dl,12,47,13761,13764
seq,t0.pc,6,44,13761,13764
seq,t1.pc,6,50,13762,13765
seq,t2.pc,6,62,13763,13766
seq,t3.pc,6,0,13764,13767
seq,t0.dl,12,46,13765,13768
seq,t0.pc,6,44,13765,13768
seq,t1.pc,6,50,13766,13769
seq,t2.pc,6,62,13767,13770
seq,t3.pc,6,0,13768,13771
seq,t0.dl,12,45,13769,13772
seq,t0.pc,6,44,13769,13772
seq,t1.pc,6,50,13770,13773
seq,t2.pc,6,62,13771,13774
seq,t3.pc,6,0,13772,13775
seq,t0.dl,12,44,13773,13776
seq,t0.pc,6,44,13773,13776
seq,t1.pc,6,50,13774,13777
seq,t2.pc,6,62,13775,13778
seq,t3.pc,6,0,13776,13779
seq,t0.dl,12,43,13777,13780
seq,t0.pc,6,44,13777,13780
seq,t1.pc,6,50,13778,13781
seq,t2.pc,6,62,13779,13782
seq,t3.pc,6,0,13780,13783
seq,t0.dl,12,42,13781,13784
seq,t0.pc,6,44,13781,13784
seq,t1.pc,6,50,13782,13785
seq,t2.pc,6,62,13783,13786
seq,t3.pc,6,0,13784,13787
seq,t0.dl,12,41,13785,13788
seq,t0.pc,6,44,13785,13788
seq,t1.pc,6,50,13786,13789
seq,t2.pc,6,62,13787,13790
seq,t3.pc,6,0,13788,13791
seq,t0.dl,12,40,13789,13792
seq,t0.pc,6,44,13789,13792
seq,t1.pc,6,50,13790,13793
seq,t2.pc,6,62,13791,13794
seq,t3.pc,6,0,13792,13795
seq,t0.dl,12,39,13793,13796
seq,t0.pc,6,44,13793,13796
seq,t1.pc,6,50,13794,13797
seq,t2.pc,6,62,13795,13798
seq,t3.pc,6,0,13796,13799
seq,t0.dl,12,38,13797,13800
seq,t0.pc,6,44,13797,13800
seq,t1.pc,6,50,13798,13801
seq,t2.pc,6,62,13799,13802
seq,t3.pc,6,0,13800,13803
seq,t0.dl,12,37,13801,13804
seq,t0.pc,6,44,13801,13804
seq,t1.pc,6,50,13802,13805
seq,t2.pc,6,62,13803,13806
seq,t3.pc,6,0,13804,13807
seq,t0.dl,12,36,13805,13808
seq,t0.pc,6,44,13805,13808
seq,t1.pc,6,50,13806,13809
seq,t2.pc,6,62,13807,13810
seq,t3.pc,6,0,13808,13811
seq,t0.dl,12,35,13809,13812
seq,t0.pc,6,44,13809,13812
seq,t1.pc,6,50,13810,13813
seq,t2.pc,6,62,13811,13814
seq,t3.pc,6,0,13812,13815
seq,t0.dl,12,34,13813,13816
seq,t0.pc,6,44,13813,13816
seq,t1.pc,6,50,13814,13817
seq,t2.pc,6,62,13815,13818
seq,t3.pc,6,0,13816,13819
seq,t0.dl,12,33,13817,13820
seq,t0.pc,6,44,13817,13820
seq,t1.pc,6,50,13818,13821
seq,t2.pc,6,62,13819,13822
seq,t3.pc,6,0,13820,13823
seq,t0.dl,12,32,13821,13824
seq,t0.pc,6,44,13821,13824
seq,t1.pc,6,50,13822,13825
seq,t2.pc,6,62,13823,13826
seq,t3.pc,6,0,13824,13827
seq,t0.dl,12,31,13825,13828
seq,t0.pc,6,44,13825,13828
seq,t1.pc,6,50,13826,13829
seq,t2.pc,6,62,13827,13830
seq,t3.pc,6,0,13828,13831
seq,t0.dl,12,30,13829,13832
seq,t0.pc,6,44,13829,13832
seq,t1.pc,6,50,13830,13833
seq,t2.pc,6,62,13831,13834
seq,t3.pc,6,0,13832,13835
seq,t0.dl,12,29,13833,13836
seq,t0.pc,6,44,13833,13836
seq,t1.pc,6,50,13834,13837
seq,t2.pc,6,62,13835,13838
seq,t3.pc,6,0,13836,13839
seq,t0.dl,12,28,13837,13840
seq,t0.pc,6,44,13837,13840
seq,t1.pc,6,50,13838,13841
seq,t2.pc,6,62,13839,13842
seq,t3.pc,6,0,13840,13843
seq,t0.dl,12,27,13841,13844
seq,t0.pc,6,44,13841,13844
seq,t1.pc,6,50,13842,13845
seq,t2.pc,6,62,13843,13846
seq,t3.pc,6,0,13844,13847
seq,t0.dl,12,26,13845,13848
seq,t0.pc,6,44,13845,13848
seq,t1.pc,6,50,13846,13849
seq,t2.pc,6,62,13847,13850
seq,t3.pc,6,0,13848,13851
seq,t0.dl,12,25,13849,13852
seq,t0.pc,6,44,13849,13852
seq,t1.pc,6,50,13850,13853
seq,t2.pc,6,62,13851,13854
seq,t3.pc,6,0,13852,13855
seq,t0.dl,12,24,13853,13856
seq,t0.pc,6,44,13853,13856
seq,t1.pc,6,50,13854,13857
seq,t2.pc,6,62,13855,13858
seq,t3.pc,6,0,13856,13859
seq,t0.dl,12,23,13857,13860
seq,t0.pc,6,44,13857,13860
seq,t1.pc,6,50,13858,13861
seq,t2.pc,6,62,13859,13862
seq,t3.pc,6,0,13860,13863
seq,t0.dl,12,22,13861,13864
seq,t0.pc,6,44,13861,13864
seq,t1.pc,6,50,13862,13865
seq,t2.pc,6,62,13863,13866
seq,t3.pc,6,0,13864,13867
seq,t0.dl,12,21,13865,13868
seq,t0.pc,6,44,13865,13868
seq,t1.pc,6,50,13866,13869
seq,t2.pc,6,62,13867,13870
seq,t3.pc,6,0,13868,13871
seq,t0.dl,12,20,13869,13872
seq,t0.pc,6,44,13869,13872
seq,t1.pc,6,50,13870,13873
seq,t2.pc,6,62,13871,13874
seq,t3.pc,6,0,13872,13875
seq,t0.dl,12,19,13873,13876
seq,t0.pc,6,44,13873,13876
seq,t1.pc,6,50,13874,13877
seq,t2.pc,6,62,13875,13878
seq,t3.pc,6,0,13876,13879
seq,t0.dl,12,18,13877,13880
seq,t0.pc,6,44,13877,13880
seq,t1.pc,6,50,13878,13881
seq,t2.pc,6,62,13879,13882
seq,t3.pc,6,0,13880,13883
seq,t0.dl,12,17,13881,13884
seq,t0.pc,6,44,13881,13884
seq,t1.pc,6,50,13882,13885
seq,t2.pc,6,62,13883,13886
seq,t3.pc,6,0,13884,13887
seq,t0.dl,12,16,13885,13888
seq,t0.pc,6,44,13885,13888
seq,t1.pc,6,50,13886,13889
seq,t2.pc,6,62,13887,13890
seq,t3.pc,6,0,13888,13891
seq,t0.dl,12,15,13889,13892
seq,t0.pc,6,44,13889,13892
seq,t1.pc,6,50,13890,13893
seq,t2.pc,6,62,13891,13894
seq,t3.pc,6,0,13892,13895
seq,t0.dl,12,14,13893,13896
seq,t0.pc,6,44,13893,13896
seq,t1.pc,6,50,13894,13897
seq,t2.pc,6,62,13895,13898
seq,t3.pc,6,0,13896,13899
seq,t0.dl,12,13,13897,13900
seq,t0.pc,6,44,13897,13900
seq,t1.pc,6,50,13898,13901
seq,t2.pc,6,62,13899,13902
seq,t3.pc,6,0,13900,13903
seq,t0.dl,12,12,13901,13904
seq,t0.pc,6,44,13901,13904
seq,t1.pc,6,50,13902,13905
seq,t2.pc,6,62,13903,13906
seq,t3.pc,6,0,13904,13907
seq,t0.dl,12,11,13905,13908
seq,t0.pc,6,44,13905,13908
seq,t1.pc,6,50,13906,13909
seq,t2.pc,6,62,13907,13910
seq,t3.pc,6,0,13908,13911
seq,t0.dl,12,10,13909,13912
seq,t0.pc,6,44,13909,13912
seq,t1.pc,6,50,13910,13913
seq,t2.pc,6,62,13911,13914
seq,t3.pc,6,0,13912,13915
seq,t0.dl,12,9,13913,13916
seq,t0.pc,6,44,13913,13916
seq,t1.pc,6,50,13914,13917
seq,t2.pc,6,62,13915,13918
seq,t3.pc,6,0,13916,13919
seq,t0.dl,12,8,13917,13920
seq,t0.pc,6,44,13917,13920
seq,t1.pc,6,50,13918,13921
seq,t2.pc,6,62,13919,13922
seq,t3.pc,6,0,13920,13923
seq,t0.dl,12,7,13921,13924
seq,t0.pc,6,44,13921,13924
seq,t1.pc,6,50,13922,13925
seq,t2.pc,6,62,13923,13926
seq,t3.pc,6,0,13924,13927
seq,t0.dl,12,6,13925,13928
seq,t0.pc,6,44,13925,13928
seq,t1.pc,6,50,13926,13929
seq,t2.pc,6,62,13927,13930
seq,t3.pc,6,0,13928,13931
seq,t0.dl,12,5,13929,13932
seq,t0.pc,6,44,13929,13932
seq,t1.pc,6,50,13930,13933
seq,t2.pc,6,62,13931,13934
seq,t3.pc,6,0,13932,13935
seq,t0.dl,12,4,13933,13936
seq,t0.pc,6,44,13933,13936
seq,t1.pc,6,50,13934,13937
seq,t2.pc,6,62,13935,13938
seq,t3.pc,6,0,13936,13939
seq,t0.dl,12,3,13937,13940
seq,t0.pc,6,44,13937,13940
seq,t1.pc,6,50,13938,13941
seq,t2.pc,6,62,13939,13942
seq,t3.pc,6,0,13940,13943
seq,t0.dl,12,2,13941,13944
seq,t0.pc,6,44,13941,13944
seq,t1.pc,6,50,13942,13945
seq,t2.pc,6,62,13943,13946
seq,t3.pc,6,0,13944,13947
seq,t0.dl,12,1,13945,13948
seq,t0.pc,6,44,13945,13948
seq,t1.pc,6,50,13946,13949
seq,t2.pc,6,62,13947,13950
seq,t3.pc,6,0,13948,13951
seq,t0.pc,6,44,13949,13952
seq,t1.pc,6,50,13950,13953
seq,t2.pc,6,62,13951,13954
seq,t3.pc,6,0,13952,13955
seq,t0.pc,6,45,13953,13956
seq,t1.pc,6,50,13954,13957
seq,t2.pc,6,62,13955,13958
seq,t3.pc,6,0,13956,13959
seq,t0.acc,8,5,13525,13960
seq,t0.cnt,12,7,13525,13960
seq,t0.pc,6,42,13957,13960
seq,t1.pc,6,50,13958,13961
seq,t2.pc,6,62,13959,13962
seq,t3.pc,6,0,13960,13963
seq,t0.dl,12,0,13949,13952
seq,t0.pc,6,43,13961,13964
seq,t1.pc,6,50,13962,13965
seq,t2.pc,6,62,13963,13966
seq,t3.pc,6,0,13964,13967
seq,t0.dl,12,105,13965,13968
seq,t0.pc,6,44,13965,13968
seq,t1.pc,6,50,13966,13969
seq,t2.pc,6,62,13967,13970
seq,t3.pc,6,0,13968,13971
seq,t0.dl,12,104,13969,13972
seq,t0.pc,6,44,13969,13972
seq,t1.pc,6,50,13970,13973
seq,t2.pc,6,62,13971,13974
seq,t3.pc,6,0,13972,13975
seq,t0.dl,12,103,13973,13976
seq,t0.pc,6,44,13973,13976
seq,t1.pc,6,50,13974,13977
seq,t2.pc,6,62,13975,13978
seq,t3.pc,6,0,13976,13979
seq,t0.dl,12,102,13977,13980
seq,t0.pc,6,44,13977,13980
seq,t1.pc,6,50,13978,13981
seq,t2.pc,6,62,13979,13982
seq,t3.pc,6,0,13980,13983
seq,t0.dl,12,101,13981,13984
seq,t0.pc,6,44,13981,13984
seq,t1.pc,6,50,13982,13985
seq,t2.pc,6,62,13983,13986
seq,t3.pc,6,0,13984,13987
seq,t0.dl,12,100,13985,13988
seq,t0.pc,6,44,13985,13988
seq,t1.pc,6,50,13986,13989
seq,t2.pc,6,62,13987,13990
seq,t3.pc,6,0,13988,13991
seq,t0.dl,12,99,13989,13992
seq,t0.pc,6,44,13989,13992
seq,t1.pc,6,50,13990,13993
seq,t2.pc,6,62,13991,13994
seq,t3.pc,6,0,13992,13995
seq,t0.dl,12,98,13993,13996
seq,t0.pc,6,44,13993,13996
seq,t1.pc,6,50,13994,13997
seq,t2.pc,6,62,13995,13998
seq,t3.pc,6,0,13996,13999
seq,t0.dl,12,97,13997,14000
seq,t0.pc,6,44,13997,14000
seq,t1.pc,6,50,13998,14001
seq,t2.pc,6,62,13999,14002
seq,t3.pc,6,0,14000,14003
seq,t0.dl,12,96,14001,14004
seq,t0.pc,6,44,14001,14004
seq,t1.pc,6,50,14002,14005
seq,t2.pc,6,62,14003,14006
seq,t3.pc,6,0,14004,14007
seq,t0.dl,12,95,14005,14008
seq,t0.pc,6,44,14005,14008
seq,t1.pc,6,50,14006,14009
seq,t2.pc,6,62,14007,14010
seq,t3.pc,6,0,14008,14011
seq,t0.dl,12,94,14009,14012
seq,t0.pc,6,44,14009,14012
seq,t1.pc,6,50,14010,14013
seq,t2.pc,6,62,14011,14014
seq,t3.pc,6,0,14012,14015
seq,t0.dl,12,93,14013,14016
seq,t0.pc,6,44,14013,14016
seq,t1.pc,6,50,14014,14017
seq,t2.pc,6,62,14015,14018
seq,t3.pc,6,0,14016,14019
seq,t0.dl,12,92,14017,14020
seq,t0.pc,6,44,14017,14020
seq,t1.pc,6,50,14018,14021
seq,t2.pc,6,62,14019,14022
seq,t3.pc,6,0,14020,14023
seq,t0.dl,12,91,14021,14024
seq,t0.pc,6,44,14021,14024
seq,t1.pc,6,50,14022,14025
seq,t2.pc,6,62,14023,14026
seq,t3.pc,6,0,14024,14027
seq,t0.dl,12,90,14025,14028
seq,t0.pc,6,44,14025,14028
seq,t1.pc,6,50,14026,14029
seq,t2.pc,6,62,14027,14030
seq,t3.pc,6,0,14028,14031
seq,t0.dl,12,89,14029,14032
seq,t0.pc,6,44,14029,14032
seq,t1.pc,6,50,14030,14033
seq,t2.pc,6,62,14031,14034
seq,t3.pc,6,0,14032,14035
seq,t0.dl,12,88,14033,14036
seq,t0.pc,6,44,14033,14036
seq,t1.pc,6,50,14034,14037
seq,t2.pc,6,62,14035,14038
seq,t3.pc,6,0,14036,14039
seq,t0.dl,12,87,14037,14040
seq,t0.pc,6,44,14037,14040
seq,t1.pc,6,50,14038,14041
seq,t2.pc,6,62,14039,14042
seq,t3.pc,6,0,14040,14043
seq,t0.dl,12,86,14041,14044
seq,t0.pc,6,44,14041,14044
seq,t1.pc,6,50,14042,14045
seq,t2.pc,6,62,14043,14046
seq,t3.pc,6,0,14044,14047
seq,t0.dl,12,85,14045,14048
seq,t0.pc,6,44,14045,14048
seq,t1.pc,6,50,14046,14049
seq,t2.pc,6,62,14047,14050
seq,t3.pc,6,0,14048,14051
seq,t0.dl,12,84,14049,14052
seq,t0.pc,6,44,14049,14052
seq,t1.pc,6,50,14050,14053
seq,t2.pc,6,62,14051,14054
seq,t3.pc,6,0,14052,14055
seq,t0.dl,12,83,14053,14056
seq,t0.pc,6,44,14053,14056
seq,t1.pc,6,50,14054,14057
seq,t2.pc,6,62,14055,14058
seq,t3.pc,6,0,14056,14059
seq,t0.dl,12,82,14057,14060
seq,t0.pc,6,44,14057,14060
seq,t1.pc,6,50,14058,14061
seq,t2.pc,6,62,14059,14062
seq,t3.pc,6,0,14060,14063
seq,t0.dl,12,81,14061,14064
seq,t0.pc,6,44,14061,14064
seq,t1.pc,6,50,14062,14065
seq,t2.pc,6,62,14063,14066
seq,t3.pc,6,0,14064,14067
seq,t0.dl,12,80,14065,14068
seq,t0.pc,6,44,14065,14068
seq,t1.pc,6,50,14066,14069
seq,t2.pc,6,62,14067,14070
seq,t3.pc,6,0,14068,14071
seq,t0.dl,12,79,14069,14072
seq,t0.pc,6,44,14069,14072
seq,t1.pc,6,50,14070,14073
seq,t2.pc,6,62,14071,14074
seq,t3.pc,6,0,14072,14075
seq,t0.dl,12,78,14073,14076
seq,t0.pc,6,44,14073,14076
seq,t1.pc,6,50,14074,14077
seq,t2.pc,6,62,14075,14078
seq,t3.pc,6,0,14076,14079
seq,t0.dl,12,77,14077,14080
seq,t0.pc,6,44,14077,14080
seq,t1.pc,6,50,14078,14081
seq,t2.pc,6,62,14079,14082
seq,t3.pc,6,0,14080,14083
seq,t0.dl,12,76,14081,14084
seq,t0.pc,6,44,14081,14084
seq,t1.pc,6,50,14082,14085
seq,t2.pc,6,62,14083,14086
seq,t3.pc,6,0,14084,14087
seq,t0.dl,12,75,14085,14088
seq,t0.pc,6,44,14085,14088
seq,t1.pc,6,50,14086,14089
seq,t2.pc,6,62,14087,14090
seq,t3.pc,6,0,14088,14091
seq,t0.dl,12,74,14089,14092
seq,t0.pc,6,44,14089,14092
seq,t1.pc,6,50,14090,14093
seq,t2.pc,6,62,14091,14094
seq,t3.pc,6,0,14092,14095
seq,t0.dl,12,73,14093,14096
seq,t0.pc,6,44,14093,14096
seq,t1.pc,6,50,14094,14097
seq,t2.pc,6,62,14095,14098
seq,t3.pc,6,0,14096,14099
seq,t0.dl,12,72,14097,14100
seq,t0.pc,6,44,14097,14100
seq,t1.pc,6,50,14098,14101
seq,t2.pc,6,62,14099,14102
seq,t3.pc,6,0,14100,14103
seq,t0.dl,12,71,14101,14104
seq,t0.pc,6,44,14101,14104
seq,t1.pc,6,50,14102,14105
seq,t2.pc,6,62,14103,14106
seq,t3.pc,6,0,14104,14107
seq,t0.dl,12,70,14105,14108
seq,t0.pc,6,44,14105,14108
seq,t1.pc,6,50,14106,14109
seq,t2.pc,6,62,14107,14110
seq,t3.pc,6,0,14108,14111
seq,t0.dl,12,69,14109,14112
seq,t0.pc,6,44,14109,14112
seq,t1.pc,6,50,14110,14113
seq,t2.pc,6,62,14111,14114
seq,t3.pc,6,0,14112,14115
seq,t0.dl,12,68,14113,14116
seq,t0.pc,6,44,14113,14116
seq,t1.pc,6,50,14114,14117
seq,t2.pc,6,62,14115,14118
seq,t3.pc,6,0,14116,14119
seq,t0.dl,12,67,14117,14120
seq,t0.pc,6,44,14117,14120
seq,t1.pc,6,50,14118,14121
seq,t2.pc,6,62,14119,14122
seq,t3.pc,6,0,14120,14123
seq,t0.dl,12,66,14121,14124
seq,t0.pc,6,44,14121,14124
seq,t1.pc,6,50,14122,14125
seq,t2.pc,6,62,14123,14126
seq,t3.pc,6,0,14124,14127
seq,t0.dl,12,65,14125,14128
seq,t0.pc,6,44,14125,14128
seq,t1.pc,6,50,14126,14129
seq,t2.pc,6,62,14127,14130
seq,t3.pc,6,0,14128,14131
seq,t0.dl,12,64,14129,14132
seq,t0.pc,6,44,14129,14132
seq,t1.pc,6,50,14130,14133
seq,t2.pc,6,62,14131,14134
seq,t3.pc,6,0,14132,14135
seq,t0.dl,12,63,14133,14136
seq,t0.pc,6,44,14133,14136
seq,t1.pc,6,50,14134,14137
seq,t2.pc,6,62,14135,14138
seq,t3.pc,6,0,14136,14139
seq,t0.dl,12,62,14137,14140
seq,t0.pc,6,44,14137,14140
seq,t1.pc,6,50,14138,14141
seq,t2.pc,6,62,14139,14142
seq,t3.pc,6,0,14140,14143
seq,t0.dl,12,61,14141,14144
seq,t0.pc,6,44,14141,14144
seq,t1.pc,6,50,14142,14145
seq,t2.pc,6,62,14143,14146
seq,t3.pc,6,0,14144,14147
seq,t0.dl,12,60,14145,14148
seq,t0.pc,6,44,14145,14148
seq,t1.pc,6,50,14146,14149
seq,t2.pc,6,62,14147,14150
seq,t3.pc,6,0,14148,14151
seq,t0.dl,12,59,14149,14152
seq,t0.pc,6,44,14149,14152
seq,t1.pc,6,50,14150,14153
seq,t2.pc,6,62,14151,14154
seq,t3.pc,6,0,14152,14155
seq,t0.dl,12,58,14153,14156
seq,t0.pc,6,44,14153,14156
seq,t1.pc,6,50,14154,14157
seq,t2.pc,6,62,14155,14158
seq,t3.pc,6,0,14156,14159
seq,t0.dl,12,57,14157,14160
seq,t0.pc,6,44,14157,14160
seq,t1.pc,6,50,14158,14161
seq,t2.pc,6,62,14159,14162
seq,t3.pc,6,0,14160,14163
seq,t0.dl,12,56,14161,14164
seq,t0.pc,6,44,14161,14164
seq,t1.pc,6,50,14162,14165
seq,t2.pc,6,62,14163,14166
seq,t3.pc,6,0,14164,14167
seq,t0.dl,12,55,14165,14168
seq,t0.pc,6,44,14165,14168
seq,t1.pc,6,50,14166,14169
seq,t2.pc,6,62,14167,14170
seq,t3.pc,6,0,14168,14171
seq,t0.dl,12,54,14169,14172
seq,t0.pc,6,44,14169,14172
seq,t1.pc,6,50,14170,14173
seq,t2.pc,6,62,14171,14174
seq,t3.pc,6,0,14172,14175
seq,t0.dl,12,53,14173,14176
seq,t0.pc,6,44,14173,14176
seq,t1.pc,6,50,14174,14177
seq,t2.pc,6,62,14175,14178
seq,t3.pc,6,0,14176,14179
seq,t0.dl,12,52,14177,14180
seq,t0.pc,6,44,14177,14180
seq,t1.pc,6,50,14178,14181
seq,t2.pc,6,62,14179,14182
seq,t3.pc,6,0,14180,14183
seq,t0.dl,12,51,14181,14184
seq,t0.pc,6,44,14181,14184
seq,t1.pc,6,50,14182,14185
seq,t2.pc,6,62,14183,14186
seq,t3.pc,6,0,14184,14187
seq,t0.dl,12,50,14185,14188
seq,t0.pc,6,44,14185,14188
seq,t1.pc,6,50,14186,14189
seq,t2.pc,6,62,14187,14190
seq,t3.pc,6,0,14188,14191
seq,t0.dl,12,49,14189,14192
seq,t0.pc,6,44,14189,14192
seq,t1.pc,6,50,14190,14193
seq,t2.pc,6,62,14191,14194
seq,t3.pc,6,0,14192,14195
seq,t0.dl,12,48,14193,14196
seq,t0.pc,6,44,14193,14196
seq,t1.pc,6,50,14194,14197
seq,t2.pc,6,62,14195,14198
seq,t3.pc,6,0,14196,14199
seq,t0.dl,12,47,14197,14200
seq,t0.pc,6,44,14197,14200
seq,t1.pc,6,50,14198,14201
seq,t2.pc,6,62,14199,14202
seq,t3.pc,6,0,14200,14203
seq,t0.dl,12,46,14201,14204
seq,t0.pc,6,44,14201,14204
seq,t1.pc,6,50,14202,14205
seq,t2.pc,6,62,14203,14206
seq,t3.pc,6,0,14204,14207
seq,t0.dl,12,45,14205,14208
seq,t0.pc,6,44,14205,14208
seq,t1.pc,6,50,14206,14209
seq,t2.pc,6,62,14207,14210
seq,t3.pc,6,0,14208,14211
seq,t0.dl,12,44,14209,14212
seq,t0.pc,6,44,14209,14212
seq,t1.pc,6,50,14210,14213
seq,t2.pc,6,62,14211,14214
seq,t3.pc,6,0,14212,14215
seq,t0.dl,12,43,14213,14216
seq,t0.pc,6,44,14213,14216
seq,t1.pc,6,50,14214,14217
seq,t2.pc,6,62,14215,14218
seq,t3.pc,6,0,14216,14219
seq,t0.dl,12,42,14217,14220
seq,t0.pc,6,44,14217,14220
seq,t1.pc,6,50,14218,14221
seq,t2.pc,6,62,14219,14222
seq,t3.pc,6,0,14220,14223
seq,t0.dl,12,41,14221,14224
seq,t0.pc,6,44,14221,14224
seq,t1.pc,6,50,14222,14225
seq,t2.pc,6,62,14223,14226
seq,t3.pc,6,0,14224,14227
seq,t0.dl,12,40,14225,14228
seq,t0.pc,6,44,14225,14228
seq,t1.pc,6,50,14226,14229
seq,t2.pc,6,62,14227,14230
seq,t3.pc,6,0,14228,14231
seq,t0.dl,12,39,14229,14232
seq,t0.pc,6,44,14229,14232
seq,t1.pc,6,50,14230,14233
seq,t2.pc,6,62,14231,14234
seq,t3.pc,6,0,14232,14235
seq,t0.dl,12,38,14233,14236
seq,t0.pc,6,44,14233,14236
seq,t1.pc,6,50,14234,14237
seq,t2.pc,6,62,14235,14238
seq,t3.pc,6,0,14236,14239
seq,t0.dl,12,37,14237,14240
seq,t0.pc,6,44,14237,14240
seq,t1.pc,6,50,14238,14241
seq,t2.pc,6,62,14239,14242
seq,t3.pc,6,0,14240,14243
seq,t0.dl,12,36,14241,14244
seq,t0.pc,6,44,14241,14244
seq,t1.pc,6,50,14242,14245
seq,t2.pc,6,62,14243,14246
seq,t3.pc,6,0,14244,14247
seq,t0.dl,12,35,14245,14248
seq,t0.pc,6,44,14245,14248
seq,t1.pc,6,50,14246,14249
seq,t2.pc,6,62,14247,14250
seq,t3.pc,6,0,14248,14251
seq,t0.dl,12,34,14249,14252
seq,t0.pc,6,44,14249,14252
seq,t1.pc,6,50,14250,14253
seq,t2.pc,6,62,14251,14254
seq,t3.pc,6,0,14252,14255
seq,t0.dl,12,33,14253,14256
seq,t0.pc,6,44,14253,14256
seq,t1.pc,6,50,14254,14257
seq,t2.pc,6,62,14255,14258
seq,t3.pc,6,0,14256,14259
seq,t0.dl,12,32,14257,14260
seq,t0.pc,6,44,14257,14260
seq,t1.pc,6,50,14258,14261
seq,t2.pc,6,62,14259,14262
seq,t3.pc,6,0,14260,14263
seq,t0.dl,12,31,14261,14264
seq,t0.pc,6,44,14261,14264
seq,t1.pc,6,50,14262,14265
seq,t2.pc,6,62,14263,14266
seq,t3.pc,6,0,14264,14267
seq,t0.dl,12,30,14265,14268
seq,t0.pc,6,44,14265,14268
seq,t1.pc,6,50,14266,14269
seq,t2.pc,6,62,14267,14270
seq,t3.pc,6,0,14268,14271
seq,t0.dl,12,29,14269,14272
seq,t0.pc,6,44,14269,14272
seq,t1.pc,6,50,14270,14273
seq,t2.pc,6,62,14271,14274
seq,t3.pc,6,0,14272,14275
seq,t0.dl,12,28,14273,14276
seq,t0.pc,6,44,14273,14276
seq,t1.pc,6,50,14274,14277
seq,t2.pc,6,62,14275,14278
seq,t3.pc,6,0,14276,14279
seq,t0.dl,12,27,14277,14280
seq,t0.pc,6,44,14277,14280
seq,t1.pc,6,50,14278,14281
seq,t2.pc,6,62,14279,14282
seq,t3.pc,6,0,14280,14283
seq,t0.dl,12,26,14281,14284
seq,t0.pc,6,44,14281,14284
seq,t1.pc,6,50,14282,14285
seq,t2.pc,6,62,14283,14286
seq,t3.pc,6,0,14284,14287
seq,t0.dl,12,25,14285,14288
seq,t0.pc,6,44,14285,14288
seq,t1.pc,6,50,14286,14289
seq,t2.pc,6,62,14287,14290
seq,t3.pc,6,0,14288,14291
seq,t0.dl,12,24,14289,14292
seq,t0.pc,6,44,14289,14292
seq,t1.pc,6,50,14290,14293
seq,t2.pc,6,62,14291,14294
seq,t3.pc,6,0,14292,14295
seq,t0.dl,12,23,14293,14296
seq,t0.pc,6,44,14293,14296
seq,t1.pc,6,50,14294,14297
seq,t2.pc,6,62,14295,14298
seq,t3.pc,6,0,14296,14299
seq,t0.dl,12,22,14297,14300
seq,t0.pc,6,44,14297,14300
seq,t1.pc,6,50,14298,14301
seq,t2.pc,6,62,14299,14302
seq,t3.pc,6,0,14300,14303
seq,t0.dl,12,21,14301,14304
seq,t0.pc,6,44,14301,14304
seq,t1.pc,6,50,14302,14305
seq,t2.pc,6,62,14303,14306
seq,t3.pc,6,0,14304,14307
seq,t0.dl,12,20,14305,14308
seq,t0.pc,6,44,14305,14308
seq,t1.pc,6,50,14306,14309
seq,t2.pc,6,62,14307,14310
seq,t3.pc,6,0,14308,14311
seq,t0.dl,12,19,14309,14312
seq,t0.pc,6,44,14309,14312
seq,t1.pc,6,50,14310,14313
seq,t2.pc,6,62,14311,14314
seq,t3.pc,6,0,14312,14315
seq,t0.dl,12,18,14313,14316
seq,t0.pc,6,44,14313,14316
seq,t1.pc,6,50,14314,14317
seq,t2.pc,6,62,14315,14318
seq,t3.pc,6,0,14316,14319
seq,t0.dl,12,17,14317,14320
seq,t0.pc,6,44,14317,14320
seq,t1.pc,6,50,14318,14321
seq,t2.pc,6,62,14319,14322
seq,t3.pc,6,0,14320,14323
seq,t0.dl,12,16,14321,14324
seq,t0.pc,6,44,14321,14324
seq,t1.pc,6,50,14322,14325
seq,t2.pc,6,62,14323,14326
seq,t3.pc,6,0,14324,14327
seq,t0.dl,12,15,14325,14328
seq,t0.pc,6,44,14325,14328
seq,t1.pc,6,50,14326,14329
seq,t2.pc,6,62,14327,14330
seq,t3.pc,6,0,14328,14331
seq,t0.dl,12,14,14329,14332
seq,t0.pc,6,44,14329,14332
seq,t1.pc,6,50,14330,14333
seq,t2.pc,6,62,14331,14334
seq,t3.pc,6,0,14332,14335
seq,t0.dl,12,13,14333,14336
seq,t0.pc,6,44,14333,14336
seq,t1.pc,6,50,14334,14337
seq,t2.pc,6,62,14335,14338
seq,t3.pc,6,0,14336,14339
seq,t0.dl,12,12,14337,14340
seq,t0.pc,6,44,14337,14340
seq,t1.pc,6,50,14338,14341
seq,t2.pc,6,62,14339,14342
seq,t3.pc,6,0,14340,14343
seq,t0.dl,12,11,14341,14344
seq,t0.pc,6,44,14341,14344
seq,t1.pc,6,50,14342,14345
seq,t2.pc,6,62,14343,14346
seq,t3.pc,6,0,14344,14347
seq,t0.dl,12,10,14345,14348
seq,t0.pc,6,44,14345,14348
seq,t1.pc,6,50,14346,14349
seq,t2.pc,6,62,14347,14350
seq,t3.pc,6,0,14348,14351
seq,t0.dl,12,9,14349,14352
seq,t0.pc,6,44,14349,14352
seq,t1.pc,6,50,14350,14353
seq,t2.pc,6,62,14351,14354
seq,t3.pc,6,0,14352,14355
seq,t0.dl,12,8,14353,14356
seq,t0.pc,6,44,14353,14356
seq,t1.pc,6,50,14354,14357
seq,t2.pc,6,62,14355,14358
seq,t3.pc,6,0,14356,14359
seq,t0.dl,12,7,14357,14360
seq,t0.pc,6,44,14357,14360
seq,t1.pc,6,50,14358,14361
seq,t2.pc,6,62,14359,14362
seq,t3.pc,6,0,14360,14363
seq,t0.dl,12,6,14361,14364
seq,t0.pc,6,44,14361,14364
seq,t1.pc,6,50,14362,14365
seq,t2.pc,6,62,14363,14366
seq,t3.pc,6,0,14364,14367
seq,t0.dl,12,5,14365,14368
seq,t0.pc,6,44,14365,14368
seq,t1.pc,6,50,14366,14369
seq,t2.pc,6,62,14367,14370
seq,t3.pc,6,0,14368,14371
seq,t0.dl,12,4,14369,14372
seq,t0.pc,6,44,14369,14372
seq,t1.pc,6,50,14370,14373
seq,t2.pc,6,62,14371,14374
seq,t3.pc,6,0,14372,14375
seq,t0.dl,12,3,14373,14376
seq,t0.pc,6,44,14373,14376
seq,t1.pc,6,50,14374,14377
seq,t2.pc,6,62,14375,14378
seq,t3.pc,6,0,14376,14379
seq,t0.dl,12,2,14377,14380
seq,t0.pc,6,44,14377,14380
seq,t1.pc,6,50,14378,14381
seq,t2.pc,6,62,14379,14382
seq,t3.pc,6,0,14380,14383
seq,t0.dl,12,1,14381,14384
seq,t0.pc,6,44,14381,14384
seq,t1.pc,6,50,14382,14385
seq,t2.pc,6,62,14383,14386
seq,t3.pc,6,0,14384,14387
seq,t0.pc,6,44,14385,14388
seq,t1.pc,6,50,14386,14389
seq,t2.pc,6,62,14387,14390
seq,t3.pc,6,0,14388,14391
seq,t0.pc,6,45,14389,14392
seq,t1.pc,6,50,14390,14393
seq,t2.pc,6,62,14391,14394
seq,t3.pc,6,0,14392,14395
seq,t0.acc,8,2,13961,14396
seq,t0.cnt,12,6,13961,14396
seq,t0.pc,6,42,14393,14396
seq,t1.pc,6,50,14394,14397
seq,t2.pc,6,62,14395,14398
seq,t3.pc,6,0,14396,14399
seq,t0.dl,12,0,14385,14388
seq,t0.pc,6,43,14397,14400
seq,t1.pc,6,50,14398,14401
seq,t2.pc,6,62,14399,14402
seq,t3.pc,6,0,14400,14403
seq,t0.dl,12,105,14401,14404
seq,t0.pc,6,44,14401,14404
seq,t1.pc,6,50,14402,14405
seq,t2.pc,6,62,14403,14406
seq,t3.pc,6,0,14404,14407
seq,t0.dl,12,104,14405,14408
seq,t0.pc,6,44,14405,14408
seq,t1.pc,6,50,14406,14409
seq,t2.pc,6,62,14407,14410
seq,t3.pc,6,0,14408,14411
seq,t0.dl,12,103,14409,14412
seq,t0.pc,6,44,14409,14412
seq,t1.pc,6,50,14410,14413
seq,t2.pc,6,62,14411,14414
seq,t3.pc,6,0,14412,14415
seq,t0.dl,12,102,14413,14416
seq,t0.pc,6,44,14413,14416
seq,t1.pc,6,50,14414,14417
seq,t2.pc,6,62,14415,14418
seq,t3.pc,6,0,14416,14419
seq,t0.dl,12,101,14417,14420
seq,t0.pc,6,44,14417,14420
seq,t1.pc,6,50,14418,14421
seq,t2.pc,6,62,14419,14422
seq,t3.pc,6,0,14420,14423
seq,t0.dl,12,100,14421,14424
seq,t0.pc,6,44,14421,14424
seq,t1.pc,6,50,14422,14425
seq,t2.pc,6,62,14423,14426
seq,t3.pc,6,0,14424,14427
seq,t0.dl,12,99,14425,14428
seq,t0.pc,6,44,14425,14428
seq,t1.pc,6,50,14426,14429
seq,t2.pc,6,62,14427,14430
seq,t3.pc,6,0,14428,14431
seq,t0.dl,12,98,14429,14432
seq,t0.pc,6,44,14429,14432
seq,t1.pc,6,50,14430,14433
seq,t2.pc,6,62,14431,14434
seq,t3.pc,6,0,14432,14435
seq,t0.dl,12,97,14433,14436
seq,t0.pc,6,44,14433,14436
seq,t1.pc,6,50,14434,14437
seq,t2.pc,6,62,14435,14438
seq,t3.pc,6,0,14436,14439
seq,t0.dl,12,96,14437,14440
seq,t0.pc,6,44,14437,14440
seq,t1.pc,6,50,14438,14441
seq,t2.pc,6,62,14439,14442
seq,t3.pc,6,0,14440,14443
seq,t0.dl,12,95,14441,14444
seq,t0.pc,6,44,14441,14444
seq,t1.pc,6,50,14442,14445
seq,t2.pc,6,62,14443,14446
seq,t3.pc,6,0,14444,14447
seq,t0.dl,12,94,14445,14448
seq,t0.pc,6,44,14445,14448
seq,t1.pc,6,50,14446,14449
seq,t2.pc,6,62,14447,14450
seq,t3.pc,6,0,14448,14451
seq,t0.dl,12,93,14449,14452
seq,t0.pc,6,44,14449,14452
seq,t1.pc,6,50,14450,14453
seq,t2.pc,6,62,14451,14454
seq,t3.pc,6,0,14452,14455
seq,t0.dl,12,92,14453,14456
seq,t0.pc,6,44,14453,14456
seq,t1.pc,6,50,14454,14457
seq,t2.pc,6,62,14455,14458
seq,t3.pc,6,0,14456,14459
seq,t0.dl,12,91,14457,14460
seq,t0.pc,6,44,14457,14460
seq,t1.pc,6,50,14458,14461
seq,t2.pc,6,62,14459,14462
seq,t3.pc,6,0,14460,14463
seq,t0.dl,12,90,14461,14464
seq,t0.pc,6,44,14461,14464
seq,t1.pc,6,50,14462,14465
seq,t2.pc,6,62,14463,14466
seq,t3.pc,6,0,14464,14467
seq,t0.dl,12,89,14465,14468
seq,t0.pc,6,44,14465,14468
seq,t1.pc,6,50,14466,14469
seq,t2.pc,6,62,14467,14470
seq,t3.pc,6,0,14468,14471
seq,t0.dl,12,88,14469,14472
seq,t0.pc,6,44,14469,14472
seq,t1.pc,6,50,14470,14473
seq,t2.pc,6,62,14471,14474
seq,t3.pc,6,0,14472,14475
seq,t0.dl,12,87,14473,14476
seq,t0.pc,6,44,14473,14476
seq,t1.pc,6,50,14474,14477
seq,t2.pc,6,62,14475,14478
seq,t3.pc,6,0,14476,14479
seq,t0.dl,12,86,14477,14480
seq,t0.pc,6,44,14477,14480
seq,t1.pc,6,50,14478,14481
seq,t2.pc,6,62,14479,14482
seq,t3.pc,6,0,14480,14483
seq,t0.dl,12,85,14481,14484
seq,t0.pc,6,44,14481,14484
seq,t1.pc,6,50,14482,14485
seq,t2.pc,6,62,14483,14486
seq,t3.pc,6,0,14484,14487
seq,t0.dl,12,84,14485,14488
seq,t0.pc,6,44,14485,14488
seq,t1.pc,6,50,14486,14489
seq,t2.pc,6,62,14487,14490
seq,t3.pc,6,0,14488,14491
seq,t0.dl,12,83,14489,14492
seq,t0.pc,6,44,14489,14492
seq,t1.pc,6,50,14490,14493
seq,t2.pc,6,62,14491,14494
seq,t3.pc,6,0,14492,14495
seq,t0.dl,12,82,14493,14496
seq,t0.pc,6,44,14493,14496
seq,t1.pc,6,50,14494,14497
seq,t2.pc,6,62,14495,14498
seq,t3.pc,6,0,14496,14499
seq,t0.dl,12,81,14497,14500
seq,t0.pc,6,44,14497,14500
seq,t1.pc,6,50,14498,14501
seq,t2.pc,6,62,14499,14502
seq,t3.pc,6,0,14500,14503
seq,t0.dl,12,80,14501,14504
seq,t0.pc,6,44,14501,14504
seq,t1.pc,6,50,14502,14505
seq,t2.pc,6,62,14503,14506
seq,t3.pc,6,0,14504,14507
seq,t0.dl,12,79,14505,14508
seq,t0.pc,6,44,14505,14508
seq,t1.pc,6,50,14506,14509
seq,t2.pc,6,62,14507,14510
seq,t3.pc,6,0,14508,14511
seq,t0.dl,12,78,14509,14512
seq,t0.pc,6,44,14509,14512
seq,t1.pc,6,50,14510,14513
seq,t2.pc,6,62,14511,14514
seq,t3.pc,6,0,14512,14515
seq,t0.dl,12,77,14513,14516
seq,t0.pc,6,44,14513,14516
seq,t1.pc,6,50,14514,14517
seq,t2.pc,6,62,14515,14518
seq,t3.pc,6,0,14516,14519
seq,t0.dl,12,76,14517,14520
seq,t0.pc,6,44,14517,14520
seq,t1.pc,6,50,14518,14521
seq,t2.pc,6,62,14519,14522
seq,t3.pc,6,0,14520,14523
seq,t0.dl,12,75,14521,14524
seq,t0.pc,6,44,14521,14524
seq,t1.pc,6,50,14522,14525
seq,t2.pc,6,62,14523,14526
seq,t3.pc,6,0,14524,14527
seq,t0.dl,12,74,14525,14528
seq,t0.pc,6,44,14525,14528
seq,t1.pc,6,50,14526,14529
seq,t2.pc,6,62,14527,14530
seq,t3.pc,6,0,14528,14531
seq,t0.dl,12,73,14529,14532
seq,t0.pc,6,44,14529,14532
seq,t1.pc,6,50,14530,14533
seq,t2.pc,6,62,14531,14534
seq,t3.pc,6,0,14532,14535
seq,t0.dl,12,72,14533,14536
seq,t0.pc,6,44,14533,14536
seq,t1.pc,6,50,14534,14537
seq,t2.pc,6,62,14535,14538
seq,t3.pc,6,0,14536,14539
seq,t0.dl,12,71,14537,14540
seq,t0.pc,6,44,14537,14540
seq,t1.pc,6,50,14538,14541
seq,t2.pc,6,62,14539,14542
seq,t3.pc,6,0,14540,14543
seq,t0.dl,12,70,14541,14544
seq,t0.pc,6,44,14541,14544
seq,t1.pc,6,50,14542,14545
seq,t2.pc,6,62,14543,14546
seq,t3.pc,6,0,14544,14547
seq,t0.dl,12,69,14545,14548
seq,t0.pc,6,44,14545,14548
seq,t1.pc,6,50,14546,14549
seq,t2.pc,6,62,14547,14550
seq,t3.pc,6,0,14548,14551
seq,t0.dl,12,68,14549,14552
seq,t0.pc,6,44,14549,14552
seq,t1.pc,6,50,14550,14553
seq,t2.pc,6,62,14551,14554
seq,t3.pc,6,0,14552,14555
seq,t0.dl,12,67,14553,14556
seq,t0.pc,6,44,14553,14556
seq,t1.pc,6,50,14554,14557
seq,t2.pc,6,62,14555,14558
seq,t3.pc,6,0,14556,14559
seq,t0.dl,12,66,14557,14560
seq,t0.pc,6,44,14557,14560
seq,t1.pc,6,50,14558,14561
seq,t2.pc,6,62,14559,14562
seq,t3.pc,6,0,14560,14563
seq,t0.dl,12,65,14561,14564
seq,t0.pc,6,44,14561,14564
seq,t1.pc,6,50,14562,14565
seq,t2.pc,6,62,14563,14566
seq,t3.pc,6,0,14564,14567
seq,t0.dl,12,64,14565,14568
seq,t0.pc,6,44,14565,14568
seq,t1.pc,6,50,14566,14569
seq,t2.pc,6,62,14567,14570
seq,t3.pc,6,0,14568,14571
seq,t0.dl,12,63,14569,14572
seq,t0.pc,6,44,14569,14572
seq,t1.pc,6,50,14570,14573
seq,t2.pc,6,62,14571,14574
seq,t3.pc,6,0,14572,14575
seq,t0.dl,12,62,14573,14576
seq,t0.pc,6,44,14573,14576
seq,t1.pc,6,50,14574,14577
seq,t2.pc,6,62,14575,14578
seq,t3.pc,6,0,14576,14579
seq,t0.dl,12,61,14577,14580
seq,t0.pc,6,44,14577,14580
seq,t1.pc,6,50,14578,14581
seq,t2.pc,6,62,14579,14582
seq,t3.pc,6,0,14580,14583
seq,t0.dl,12,60,14581,14584
seq,t0.pc,6,44,14581,14584
seq,t1.pc,6,50,14582,14585
seq,t2.pc,6,62,14583,14586
seq,t3.pc,6,0,14584,14587
seq,t0.dl,12,59,14585,14588
seq,t0.pc,6,44,14585,14588
seq,t1.pc,6,50,14586,14589
seq,t2.pc,6,62,14587,14590
seq,t3.pc,6,0,14588,14591
seq,t0.dl,12,58,14589,14592
seq,t0.pc,6,44,14589,14592
seq,t1.pc,6,50,14590,14593
seq,t2.pc,6,62,14591,14594
seq,t3.pc,6,0,14592,14595
seq,t0.dl,12,57,14593,14596
seq,t0.pc,6,44,14593,14596
seq,t1.pc,6,50,14594,14597
seq,t2.pc,6,62,14595,14598
seq,t3.pc,6,0,14596,14599
seq,t0.dl,12,56,14597,14600
seq,t0.pc,6,44,14597,14600
seq,t1.pc,6,50,14598,14601
seq,t2.pc,6,62,14599,14602
seq,t3.pc,6,0,14600,14603
seq,t0.dl,12,55,14601,14604
seq,t0.pc,6,44,14601,14604
seq,t1.pc,6,50,14602,14605
seq,t2.pc,6,62,14603,14606
seq,t3.pc,6,0,14604,14607
seq,t0.dl,12,54,14605,14608
seq,t0.pc,6,44,14605,14608
seq,t1.pc,6,50,14606,14609
seq,t2.pc,6,62,14607,14610
seq,t3.pc,6,0,14608,14611
seq,t0.dl,12,53,14609,14612
seq,t0.pc,6,44,14609,14612
seq,t1.pc,6,50,14610,14613
seq,t2.pc,6,62,14611,14614
seq,t3.pc,6,0,14612,14615
seq,t0.dl,12,52,14613,14616
seq,t0.pc,6,44,14613,14616
seq,t1.pc,6,50,14614,14617
seq,t2.pc,6,62,14615,14618
seq,t3.pc,6,0,14616,14619
seq,t0.dl,12,51,14617,14620
seq,t0.pc,6,44,14617,14620
seq,t1.pc,6,50,14618,14621
seq,t2.pc,6,62,14619,14622
seq,t3.pc,6,0,14620,14623
seq,t0.dl,12,50,14621,14624
seq,t0.pc,6,44,14621,14624
seq,t1.pc,6,50,14622,14625
seq,t2.pc,6,62,14623,14626
seq,t3.pc,6,0,14624,14627
seq,t0.dl,12,49,14625,14628
seq,t0.pc,6,44,14625,14628
seq,t1.pc,6,50,14626,14629
seq,t2.pc,6,62,14627,14630
seq,t3.pc,6,0,14628,14631
seq,t0.dl,12,48,14629,14632
seq,t0.pc,6,44,14629,14632
seq,t1.pc,6,50,14630,14633
seq,t2.pc,6,62,14631,14634
seq,t3.pc,6,0,14632,14635
seq,t0.dl,12,47,14633,14636
seq,t0.pc,6,44,14633,14636
seq,t1.pc,6,50,14634,14637
seq,t2.pc,6,62,14635,14638
seq,t3.pc,6,0,14636,14639
seq,t0.dl,12,46,14637,14640
seq,t0.pc,6,44,14637,14640
seq,t1.pc,6,50,14638,14641
seq,t2.pc,6,62,14639,14642
seq,t3.pc,6,0,14640,14643
seq,t0.dl,12,45,14641,14644
seq,t0.pc,6,44,14641,14644
seq,t1.pc,6,50,14642,14645
seq,t2.pc,6,62,14643,14646
seq,t3.pc,6,0,14644,14647
seq,t0.dl,12,44,14645,14648
seq,t0.pc,6,44,14645,14648
seq,t1.pc,6,50,14646,14649
seq,t2.pc,6,62,14647,14650
seq,t3.pc,6,0,14648,14651
seq,t0.dl,12,43,14649,14652
seq,t0.pc,6,44,14649,14652
seq,t1.pc,6,50,14650,14653
seq,t2.pc,6,62,14651,14654
seq,t3.pc,6,0,14652,14655
seq,t0.dl,12,42,14653,14656
seq,t0.pc,6,44,14653,14656
seq,t1.pc,6,50,14654,14657
seq,t2.pc,6,62,14655,14658
seq,t3.pc,6,0,14656,14659
seq,t0.dl,12,41,14657,14660
seq,t0.pc,6,44,14657,14660
seq,t1.pc,6,50,14658,14661
seq,t2.pc,6,62,14659,14662
seq,t3.pc,6,0,14660,14663
seq,t0.dl,12,40,14661,14664
seq,t0.pc,6,44,14661,14664
seq,t1.pc,6,50,14662,14665
seq,t2.pc,6,62,14663,14666
seq,t3.pc,6,0,14664,14667
seq,t0.dl,12,39,14665,14668
seq,t0.pc,6,44,14665,14668
seq,t1.pc,6,50,14666,14669
seq,t2.pc,6,62,14667,14670
seq,t3.pc,6,0,14668,14671
seq,t0.dl,12,38,14669,14672
seq,t0.pc,6,44,14669,14672
seq,t1.pc,6,50,14670,14673
seq,t2.pc,6,62,14671,14674
seq,t3.pc,6,0,14672,14675
seq,t0.dl,12,37,14673,14676
seq,t0.pc,6,44,14673,14676
seq,t1.pc,6,50,14674,14677
seq,t2.pc,6,62,14675,14678
seq,t3.pc,6,0,14676,14679
seq,t0.dl,12,36,14677,14680
seq,t0.pc,6,44,14677,14680
seq,t1.pc,6,50,14678,14681
seq,t2.pc,6,62,14679,14682
seq,t3.pc,6,0,14680,14683
seq,t0.dl,12,35,14681,14684
seq,t0.pc,6,44,14681,14684
seq,t1.pc,6,50,14682,14685
seq,t2.pc,6,62,14683,14686
seq,t3.pc,6,0,14684,14687
seq,t0.dl,12,34,14685,14688
seq,t0.pc,6,44,14685,14688
seq,t1.pc,6,50,14686,14689
seq,t2.pc,6,62,14687,14690
seq,t3.pc,6,0,14688,14691
seq,t0.dl,12,33,14689,14692
seq,t0.pc,6,44,14689,14692
seq,t1.pc,6,50,14690,14693
seq,t2.pc,6,62,14691,14694
seq,t3.pc,6,0,14692,14695
seq,t0.dl,12,32,14693,14696
seq,t0.pc,6,44,14693,14696
seq,t1.pc,6,50,14694,14697
seq,t2.pc,6,62,14695,14698
seq,t3.pc,6,0,14696,14699
seq,t0.dl,12,31,14697,14700
seq,t0.pc,6,44,14697,14700
seq,t1.pc,6,50,14698,14701
seq,t2.pc,6,62,14699,14702
seq,t3.pc,6,0,14700,14703
seq,t0.dl,12,30,14701,14704
seq,t0.pc,6,44,14701,14704
seq,t1.pc,6,50,14702,14705
seq,t2.pc,6,62,14703,14706
seq,t3.pc,6,0,14704,14707
seq,t0.dl,12,29,14705,14708
seq,t0.pc,6,44,14705,14708
seq,t1.pc,6,50,14706,14709
seq,t2.pc,6,62,14707,14710
seq,t3.pc,6,0,14708,14711
seq,t0.dl,12,28,14709,14712
seq,t0.pc,6,44,14709,14712
seq,t1.pc,6,50,14710,14713
seq,t2.pc,6,62,14711,14714
seq,t3.pc,6,0,14712,14715
seq,t0.dl,12,27,14713,14716
seq,t0.pc,6,44,14713,14716
seq,t1.pc,6,50,14714,14717
seq,t2.pc,6,62,14715,14718
seq,t3.pc,6,0,14716,14719
seq,t0.dl,12,26,14717,14720
seq,t0.pc,6,44,14717,14720
seq,t1.pc,6,50,14718,14721
seq,t2.pc,6,62,14719,14722
seq,t3.pc,6,0,14720,14723
seq,t0.dl,12,25,14721,14724
seq,t0.pc,6,44,14721,14724
seq,t1.pc,6,50,14722,14725
seq,t2.pc,6,62,14723,14726
seq,t3.pc,6,0,14724,14727
seq,t0.dl,12,24,14725,14728
seq,t0.pc,6,44,14725,14728
seq,t1.pc,6,50,14726,14729
seq,t2.pc,6,62,14727,14730
seq,t3.pc,6,0,14728,14731
seq,t0.dl,12,23,14729,14732
seq,t0.pc,6,44,14729,14732
seq,t1.pc,6,50,14730,14733
seq,t2.pc,6,62,14731,14734
seq,t3.pc,6,0,14732,14735
seq,t0.dl,12,22,14733,14736
seq,t0.pc,6,44,14733,14736
seq,t1.pc,6,50,14734,14737
seq,t2.pc,6,62,14735,14738
seq,t3.pc,6,0,14736,14739
seq,t0.dl,12,21,14737,14740
seq,t0.pc,6,44,14737,14740
seq,t1.pc,6,50,14738,14741
seq,t2.pc,6,62,14739,14742
seq,t3.pc,6,0,14740,14743
seq,t0.dl,12,20,14741,14744
seq,t0.pc,6,44,14741,14744
seq,t1.pc,6,50,14742,14745
seq,t2.pc,6,62,14743,14746
seq,t3.pc,6,0,14744,14747
seq,t0.dl,12,19,14745,14748
seq,t0.pc,6,44,14745,14748
seq,t1.pc,6,50,14746,14749
seq,t2.pc,6,62,14747,14750
seq,t3.pc,6,0,14748,14751
seq,t0.dl,12,18,14749,14752
seq,t0.pc,6,44,14749,14752
seq,t1.pc,6,50,14750,14753
seq,t2.pc,6,62,14751,14754
seq,t3.pc,6,0,14752,14755
seq,t0.dl,12,17,14753,14756
seq,t0.pc,6,44,14753,14756
seq,t1.pc,6,50,14754,14757
seq,t2.pc,6,62,14755,14758
seq,t3.pc,6,0,14756,14759
seq,t0.dl,12,16,14757,14760
seq,t0.pc,6,44,14757,14760
seq,t1.pc,6,50,14758,14761
seq,t2.pc,6,62,14759,14762
seq,t3.pc,6,0,14760,14763
seq,t0.dl,12,15,14761,14764
seq,t0.pc,6,44,14761,14764
seq,t1.pc,6,50,14762,14765
seq,t2.pc,6,62,14763,14766
seq,t3.pc,6,0,14764,14767
seq,t0.dl,12,14,14765,14768
seq,t0.pc,6,44,14765,14768
seq,t1.pc,6,50,14766,14769
seq,t2.pc,6,62,14767,14770
seq,t3.pc,6,0,14768,14771
seq,t0.dl,12,13,14769,14772
seq,t0.pc,6,44,14769,14772
seq,t1.pc,6,50,14770,14773
seq,t2.pc,6,62,14771,14774
seq,t3.pc,6,0,14772,14775
seq,t0.dl,12,12,14773,14776
seq,t0.pc,6,44,14773,14776
seq,t1.pc,6,50,14774,14777
seq,t2.pc,6,62,14775,14778
seq,t3.pc,6,0,14776,14779
seq,t0.dl,12,11,14777,14780
seq,t0.pc,6,44,14777,14780
seq,t1.pc,6,50,14778,14781
seq,t2.pc,6,62,14779,14782
seq,t3.pc,6,0,14780,14783
seq,t0.dl,12,10,14781,14784
seq,t0.pc,6,44,14781,14784
seq,t1.pc,6,50,14782,14785
seq,t2.pc,6,62,14783,14786
seq,t3.pc,6,0,14784,14787
seq,t0.dl,12,9,14785,14788
seq,t0.pc,6,44,14785,14788
seq,t1.pc,6,50,14786,14789
seq,t2.pc,6,62,14787,14790
seq,t3.pc,6,0,14788,14791
seq,t0.dl,12,8,14789,14792
seq,t0.pc,6,44,14789,14792
seq,t1.pc,6,50,14790,14793
seq,t2.pc,6,62,14791,14794
seq,t3.pc,6,0,14792,14795
seq,t0.dl,12,7,14793,14796
seq,t0.pc,6,44,14793,14796
seq,t1.pc,6,50,14794,14797
seq,t2.pc,6,62,14795,14798
seq,t3.pc,6,0,14796,14799
seq,t0.dl,12,6,14797,14800
seq,t0.pc,6,44,14797,14800
seq,t1.pc,6,50,14798,14801
seq,t2.pc,6,62,14799,14802
seq,t3.pc,6,0,14800,14803
seq,t0.dl,12,5,14801,14804
seq,t0.pc,6,44,14801,14804
seq,t1.pc,6,50,14802,14805
seq,t2.pc,6,62,14803,14806
seq,t3.pc,6,0,14804,14807
seq,t0.dl,12,4,14805,14808
seq,t0.pc,6,44,14805,14808
seq,t1.pc,6,50,14806,14809
seq,t2.pc,6,62,14807,14810
seq,t3.pc,6,0,14808,14811
seq,t0.dl,12,3,14809,14812
seq,t0.pc,6,44,14809,14812
seq,t1.pc,6,50,14810,14813
seq,t2.pc,6,62,14811,14814
seq,t3.pc,6,0,14812,14815
seq,t0.dl,12,2,14813,14816
seq,t0.pc,6,44,14813,14816
seq,t1.pc,6,50,14814,14817
seq,t2.pc,6,62,14815,14818
seq,t3.pc,6,0,14816,14819
seq,t0.dl,12,1,14817,14820
seq,t0.pc,6,44,14817,14820
seq,t1.pc,6,50,14818,14821
seq,t2.pc,6,62,14819,14822
seq,t3.pc,6,0,14820,14823
seq,t0.pc,6,44,14821,14824
seq,t1.pc,6,50,14822,14825
seq,t2.pc,6,62,14823,14826
seq,t3.pc,6,0,14824,14827
seq,t0.pc,6,45,14825,14828
seq,t1.pc,6,50,14826,14829
seq,t2.pc,6,62,14827,14830
seq,t3.pc,6,0,14828,14831
seq,t0.acc,8,1,14397,14832
seq,t0.cnt,12,5,14397,14832
seq,t0.pc,6,42,14829,14832
seq,t1.pc,6,50,14830,14833
seq,t2.pc,6,62,14831,14834
seq,t3.pc,6,0,14832,14835
seq,t0.dl,12,0,14821,14824
seq,t0.pc,6,43,14833,14836
seq,t1.pc,6,50,14834,14837
seq,t2.pc,6,62,14835,14838
seq,t3.pc,6,0,14836,14839
seq,t0.dl,12,105,14837,14840
seq,t0.pc,6,44,14837,14840
seq,t1.pc,6,50,14838,14841
seq,t2.pc,6,62,14839,14842
seq,t3.pc,6,0,14840,14843
seq,t0.dl,12,104,14841,14844
seq,t0.pc,6,44,14841,14844
seq,t1.pc,6,50,14842,14845
seq,t2.pc,6,62,14843,14846
seq,t3.pc,6,0,14844,14847
seq,t0.dl,12,103,14845,14848
seq,t0.pc,6,44,14845,14848
seq,t1.pc,6,50,14846,14849
seq,t2.pc,6,62,14847,14850
seq,t3.pc,6,0,14848,14851
seq,t0.dl,12,102,14849,14852
seq,t0.pc,6,44,14849,14852
seq,t1.pc,6,50,14850,14853
seq,t2.pc,6,62,14851,14854
seq,t3.pc,6,0,14852,14855
seq,t0.dl,12,101,14853,14856
seq,t0.pc,6,44,14853,14856
seq,t1.pc,6,50,14854,14857
seq,t2.pc,6,62,14855,14858
seq,t3.pc,6,0,14856,14859
seq,t0.dl,12,100,14857,14860
seq,t0.pc,6,44,14857,14860
seq,t1.pc,6,50,14858,14861
seq,t2.pc,6,62,14859,14862
seq,t3.pc,6,0,14860,14863
seq,t0.dl,12,99,14861,14864
seq,t0.pc,6,44,14861,14864
seq,t1.pc,6,50,14862,14865
seq,t2.pc,6,62,14863,14866
seq,t3.pc,6,0,14864,14867
seq,t0.dl,12,98,14865,14868
seq,t0.pc,6,44,14865,14868
seq,t1.pc,6,50,14866,14869
seq,t2.pc,6,62,14867,14870
seq,t3.pc,6,0,14868,14871
seq,t0.dl,12,97,14869,14872
seq,t0.pc,6,44,14869,14872
seq,t1.pc,6,50,14870,14873
seq,t2.pc,6,62,14871,14874
seq,t3.pc,6,0,14872,14875
seq,t0.dl,12,96,14873,14876
seq,t0.pc,6,44,14873,14876
seq,t1.pc,6,50,14874,14877
seq,t2.pc,6,62,14875,14878
seq,t3.pc,6,0,14876,14879
seq,t0.dl,12,95,14877,14880
seq,t0.pc,6,44,14877,14880
seq,t1.pc,6,50,14878,14881
seq,t2.pc,6,62,14879,14882
seq,t3.pc,6,0,14880,14883
seq,t0.dl,12,94,14881,14884
seq,t0.pc,6,44,14881,14884
seq,t1.pc,6,50,14882,14885
seq,t2.pc,6,62,14883,14886
seq,t3.pc,6,0,14884,14887
seq,t0.dl,12,93,14885,14888
seq,t0.pc,6,44,14885,14888
seq,t1.pc,6,50,14886,14889
seq,t2.pc,6,62,14887,14890
seq,t3.pc,6,0,14888,14891
seq,t0.dl,12,92,14889,14892
seq,t0.pc,6,44,14889,14892
seq,t1.pc,6,50,14890,14893
seq,t2.pc,6,62,14891,14894
seq,t3.pc,6,0,14892,14895
seq,t0.dl,12,91,14893,14896
seq,t0.pc,6,44,14893,14896
seq,t1.pc,6,50,14894,14897
seq,t2.pc,6,62,14895,14898
seq,t3.pc,6,0,14896,14899
seq,t0.dl,12,90,14897,14900
seq,t0.pc,6,44,14897,14900
seq,t1.pc,6,50,14898,14901
seq,t2.pc,6,62,14899,14902
seq,t3.pc,6,0,14900,14903
seq,t0.dl,12,89,14901,14904
seq,t0.pc,6,44,14901,14904
seq,t1.pc,6,50,14902,14905
seq,t2.pc,6,62,14903,14906
seq,t3.pc,6,0,14904,14907
seq,t0.dl,12,88,14905,14908
seq,t0.pc,6,44,14905,14908
seq,t1.pc,6,50,14906,14909
seq,t2.pc,6,62,14907,14910
seq,t3.pc,6,0,14908,14911
seq,t0.dl,12,87,14909,14912
seq,t0.pc,6,44,14909,14912
seq,t1.pc,6,50,14910,14913
seq,t2.pc,6,62,14911,14914
seq,t3.pc,6,0,14912,14915
seq,t0.dl,12,86,14913,14916
seq,t0.pc,6,44,14913,14916
seq,t1.pc,6,50,14914,14917
seq,t2.pc,6,62,14915,14918
seq,t3.pc,6,0,14916,14919
seq,t0.dl,12,85,14917,14920
seq,t0.pc,6,44,14917,14920
seq,t1.pc,6,50,14918,14921
seq,t2.pc,6,62,14919,14922
seq,t3.pc,6,0,14920,14923
seq,t0.dl,12,84,14921,14924
seq,t0.pc,6,44,14921,14924
seq,t1.pc,6,50,14922,14925
seq,t2.pc,6,62,14923,14926
seq,t3.pc,6,0,14924,14927
seq,t0.dl,12,83,14925,14928
seq,t0.pc,6,44,14925,14928
seq,t1.pc,6,50,14926,14929
seq,t2.pc,6,62,14927,14930
seq,t3.pc,6,0,14928,14931
seq,t0.dl,12,82,14929,14932
seq,t0.pc,6,44,14929,14932
seq,t1.pc,6,50,14930,14933
seq,t2.pc,6,62,14931,14934
seq,t3.pc,6,0,14932,14935
seq,t0.dl,12,81,14933,14936
seq,t0.pc,6,44,14933,14936
seq,t1.pc,6,50,14934,14937
seq,t2.pc,6,62,14935,14938
seq,t3.pc,6,0,14936,14939
seq,t0.dl,12,80,14937,14940
seq,t0.pc,6,44,14937,14940
seq,t1.pc,6,50,14938,14941
seq,t2.pc,6,62,14939,14942
seq,t3.pc,6,0,14940,14943
seq,t0.dl,12,79,14941,14944
seq,t0.pc,6,44,14941,14944
seq,t1.pc,6,50,14942,14945
seq,t2.pc,6,62,14943,14946
seq,t3.pc,6,0,14944,14947
seq,t0.dl,12,78,14945,14948
seq,t0.pc,6,44,14945,14948
seq,t1.pc,6,50,14946,14949
seq,t2.pc,6,62,14947,14950
seq,t3.pc,6,0,14948,14951
seq,t0.dl,12,77,14949,14952
seq,t0.pc,6,44,14949,14952
seq,t1.pc,6,50,14950,14953
seq,t2.pc,6,62,14951,14954
seq,t3.pc,6,0,14952,14955
seq,t0.dl,12,76,14953,14956
seq,t0.pc,6,44,14953,14956
seq,t1.pc,6,50,14954,14957
seq,t2.pc,6,62,14955,14958
seq,t3.pc,6,0,14956,14959
seq,t0.dl,12,75,14957,14960
seq,t0.pc,6,44,14957,14960
seq,t1.pc,6,50,14958,14961
seq,t2.pc,6,62,14959,14962
seq,t3.pc,6,0,14960,14963
seq,t0.dl,12,74,14961,14964
seq,t0.pc,6,44,14961,14964
seq,t1.pc,6,50,14962,14965
seq,t2.pc,6,62,14963,14966
seq,t3.pc,6,0,14964,14967
seq,t0.dl,12,73,14965,14968
seq,t0.pc,6,44,14965,14968
seq,t1.pc,6,50,14966,14969
seq,t2.pc,6,62,14967,14970
seq,t3.pc,6,0,14968,14971
seq,t0.dl,12,72,14969,14972
seq,t0.pc,6,44,14969,14972
seq,t1.pc,6,50,14970,14973
seq,t2.pc,6,62,14971,14974
seq,t3.pc,6,0,14972,14975
seq,t0.dl,12,71,14973,14976
seq,t0.pc,6,44,14973,14976
seq,t1.pc,6,50,14974,14977
seq,t2.pc,6,62,14975,14978
seq,t3.pc,6,0,14976,14979
seq,t0.dl,12,70,14977,14980
seq,t0.pc,6,44,14977,14980
seq,t1.pc,6,50,14978,14981
seq,t2.pc,6,62,14979,14982
seq,t3.pc,6,0,14980,14983
seq,t0.dl,12,69,14981,14984
seq,t0.pc,6,44,14981,14984
seq,t1.pc,6,50,14982,14985
seq,t2.pc,6,62,14983,14986
seq,t3.pc,6,0,14984,14987
seq,t0.dl,12,68,14985,14988
seq,t0.pc,6,44,14985,14988
seq,t1.pc,6,50,14986,14989
seq,t2.pc,6,62,14987,14990
seq,t3.pc,6,0,14988,14991
seq,t0.dl,12,67,14989,14992
seq,t0.pc,6,44,14989,14992
seq,t1.pc,6,50,14990,14993
seq,t2.pc,6,62,14991,14994
seq,t3.pc,6,0,14992,14995
seq,t0.dl,12,66,14993,14996
seq,t0.pc,6,44,14993,14996
seq,t1.pc,6,50,14994,14997
seq,t2.pc,6,62,14995,14998
seq,t3.pc,6,0,14996,14999
seq,t0.dl,12,65,14997,15000
seq,t0.pc,6,44,14997,15000
seq,t1.pc,6,50,14998,15001
seq,t2.pc,6,62,14999,15002
seq,t3.pc,6,0,15000,15003
seq,t0.dl,12,64,15001,15004
seq,t0.pc,6,44,15001,15004
seq,t1.pc,6,50,15002,15005
seq,t2.pc,6,62,15003,15006
seq,t3.pc,6,0,15004,15007
seq,t0.dl,12,63,15005,15008
seq,t0.pc,6,44,15005,15008
seq,t1.pc,6,50,15006,15009
seq,t2.pc,6,62,15007,15010
seq,t3.pc,6,0,15008,15011
seq,t0.dl,12,62,15009,15012
seq,t0.pc,6,44,15009,15012
seq,t1.pc,6,50,15010,15013
seq,t2.pc,6,62,15011,15014
seq,t3.pc,6,0,15012,15015
seq,t0.dl,12,61,15013,15016
seq,t0.pc,6,44,15013,15016
seq,t1.pc,6,50,15014,15017
seq,t2.pc,6,62,15015,15018
seq,t3.pc,6,0,15016,15019
seq,t0.dl,12,60,15017,15020
seq,t0.pc,6,44,15017,15020
seq,t1.pc,6,50,15018,15021
seq,t2.pc,6,62,15019,15022
seq,t3.pc,6,0,15020,15023
seq,t0.dl,12,59,15021,15024
seq,t0.pc,6,44,15021,15024
seq,t1.pc,6,50,15022,15025
seq,t2.pc,6,62,15023,15026
seq,t3.pc,6,0,15024,15027
seq,t0.dl,12,58,15025,15028
seq,t0.pc,6,44,15025,15028
seq,t1.pc,6,50,15026,15029
seq,t2.pc,6,62,15027,15030
seq,t3.pc,6,0,15028,15031
seq,t0.dl,12,57,15029,15032
seq,t0.pc,6,44,15029,15032
seq,t1.pc,6,50,15030,15033
seq,t2.pc,6,62,15031,15034
seq,t3.pc,6,0,15032,15035
seq,t0.dl,12,56,15033,15036
seq,t0.pc,6,44,15033,15036
seq,t1.pc,6,50,15034,15037
seq,t2.pc,6,62,15035,15038
seq,t3.pc,6,0,15036,15039
seq,t0.dl,12,55,15037,15040
seq,t0.pc,6,44,15037,15040
seq,t1.pc,6,50,15038,15041
seq,t2.pc,6,62,15039,15042
seq,t3.pc,6,0,15040,15043
seq,t0.dl,12,54,15041,15044
seq,t0.pc,6,44,15041,15044
seq,t1.pc,6,50,15042,15045
seq,t2.pc,6,62,15043,15046
seq,t3.pc,6,0,15044,15047
seq,t0.dl,12,53,15045,15048
seq,t0.pc,6,44,15045,15048
seq,t1.pc,6,50,15046,15049
seq,t2.pc,6,62,15047,15050
seq,t3.pc,6,0,15048,15051
seq,t0.dl,12,52,15049,15052
seq,t0.pc,6,44,15049,15052
seq,t1.pc,6,50,15050,15053
seq,t2.pc,6,62,15051,15054
seq,t3.pc,6,0,15052,15055
seq,t0.dl,12,51,15053,15056
seq,t0.pc,6,44,15053,15056
seq,t1.pc,6,50,15054,15057
seq,t2.pc,6,62,15055,15058
seq,t3.pc,6,0,15056,15059
seq,t0.dl,12,50,15057,15060
seq,t0.pc,6,44,15057,15060
seq,t1.pc,6,50,15058,15061
seq,t2.pc,6,62,15059,15062
seq,t3.pc,6,0,15060,15063
seq,t0.dl,12,49,15061,15064
seq,t0.pc,6,44,15061,15064
seq,t1.pc,6,50,15062,15065
seq,t2.pc,6,62,15063,15066
seq,t3.pc,6,0,15064,15067
seq,t0.dl,12,48,15065,15068
seq,t0.pc,6,44,15065,15068
seq,t1.pc,6,50,15066,15069
seq,t2.pc,6,62,15067,15070
seq,t3.pc,6,0,15068,15071
seq,t0.dl,12,47,15069,15072
seq,t0.pc,6,44,15069,15072
seq,t1.pc,6,50,15070,15073
seq,t2.pc,6,62,15071,15074
seq,t3.pc,6,0,15072,15075
seq,t0.dl,12,46,15073,15076
seq,t0.pc,6,44,15073,15076
seq,t1.pc,6,50,15074,15077
seq,t2.pc,6,62,15075,15078
seq,t3.pc,6,0,15076,15079
seq,t0.dl,12,45,15077,15080
seq,t0.pc,6,44,15077,15080
seq,t1.pc,6,50,15078,15081
seq,t2.pc,6,62,15079,15082
seq,t3.pc,6,0,15080,15083
seq,t0.dl,12,44,15081,15084
seq,t0.pc,6,44,15081,15084
seq,t1.pc,6,50,15082,15085
seq,t2.pc,6,62,15083,15086
seq,t3.pc,6,0,15084,15087
seq,t0.dl,12,43,15085,15088
seq,t0.pc,6,44,15085,15088
seq,t1.pc,6,50,15086,15089
seq,t2.pc,6,62,15087,15090
seq,t3.pc,6,0,15088,15091
seq,t0.dl,12,42,15089,15092
seq,t0.pc,6,44,15089,15092
seq,t1.pc,6,50,15090,15093
seq,t2.pc,6,62,15091,15094
seq,t3.pc,6,0,15092,15095
seq,t0.dl,12,41,15093,15096
seq,t0.pc,6,44,15093,15096
seq,t1.pc,6,50,15094,15097
seq,t2.pc,6,62,15095,15098
seq,t3.pc,6,0,15096,15099
seq,t0.dl,12,40,15097,15100
seq,t0.pc,6,44,15097,15100
seq,t1.pc,6,50,15098,15101
seq,t2.pc,6,62,15099,15102
seq,t3.pc,6,0,15100,15103
seq,t0.dl,12,39,15101,15104
seq,t0.pc,6,44,15101,15104
seq,t1.pc,6,50,15102,15105
seq,t2.pc,6,62,15103,15106
seq,t3.pc,6,0,15104,15107
seq,t0.dl,12,38,15105,15108
seq,t0.pc,6,44,15105,15108
seq,t1.pc,6,50,15106,15109
seq,t2.pc,6,62,15107,15110
seq,t3.pc,6,0,15108,15111
seq,t0.dl,12,37,15109,15112
seq,t0.pc,6,44,15109,15112
seq,t1.pc,6,50,15110,15113
seq,t2.pc,6,62,15111,15114
seq,t3.pc,6,0,15112,15115
seq,t0.dl,12,36,15113,15116
seq,t0.pc,6,44,15113,15116
seq,t1.pc,6,50,15114,15117
seq,t2.pc,6,62,15115,15118
seq,t3.pc,6,0,15116,15119
seq,t0.dl,12,35,15117,15120
seq,t0.pc,6,44,15117,15120
seq,t1.pc,6,50,15118,15121
seq,t2.pc,6,62,15119,15122
seq,t3.pc,6,0,15120,15123
seq,t0.dl,12,34,15121,15124
seq,t0.pc,6,44,15121,15124
seq,t1.pc,6,50,15122,15125
seq,t2.pc,6,62,15123,15126
seq,t3.pc,6,0,15124,15127
seq,t0.dl,12,33,15125,15128
seq,t0.pc,6,44,15125,15128
seq,t1.pc,6,50,15126,15129
seq,t2.pc,6,62,15127,15130
seq,t3.pc,6,0,15128,15131
seq,t0.dl,12,32,15129,15132
seq,t0.pc,6,44,15129,15132
seq,t1.pc,6,50,15130,15133
seq,t2.pc,6,62,15131,15134
seq,t3.pc,6,0,15132,15135
seq,t0.dl,12,31,15133,15136
seq,t0.pc,6,44,15133,15136
seq,t1.pc,6,50,15134,15137
seq,t2.pc,6,62,15135,15138
seq,t3.pc,6,0,15136,15139
seq,t0.dl,12,30,15137,15140
seq,t0.pc,6,44,15137,15140
seq,t1.pc,6,50,15138,15141
seq,t2.pc,6,62,15139,15142
seq,t3.pc,6,0,15140,15143
seq,t0.dl,12,29,15141,15144
seq,t0.pc,6,44,15141,15144
seq,t1.pc,6,50,15142,15145
seq,t2.pc,6,62,15143,15146
seq,t3.pc,6,0,15144,15147
seq,t0.dl,12,28,15145,15148
seq,t0.pc,6,44,15145,15148
seq,t1.pc,6,50,15146,15149
seq,t2.pc,6,62,15147,15150
seq,t3.pc,6,0,15148,15151
seq,t0.dl,12,27,15149,15152
seq,t0.pc,6,44,15149,15152
seq,t1.pc,6,50,15150,15153
seq,t2.pc,6,62,15151,15154
seq,t3.pc,6,0,15152,15155
seq,t0.dl,12,26,15153,15156
seq,t0.pc,6,44,15153,15156
seq,t1.pc,6,50,15154,15157
seq,t2.pc,6,62,15155,15158
seq,t3.pc,6,0,15156,15159
seq,t0.dl,12,25,15157,15160
seq,t0.pc,6,44,15157,15160
seq,t1.pc,6,50,15158,15161
seq,t2.pc,6,62,15159,15162
seq,t3.pc,6,0,15160,15163
seq,t0.dl,12,24,15161,15164
seq,t0.pc,6,44,15161,15164
seq,t1.pc,6,50,15162,15165
seq,t2.pc,6,62,15163,15166
seq,t3.pc,6,0,15164,15167
seq,t0.dl,12,23,15165,15168
seq,t0.pc,6,44,15165,15168
seq,t1.pc,6,50,15166,15169
seq,t2.pc,6,62,15167,15170
seq,t3.pc,6,0,15168,15171
seq,t0.dl,12,22,15169,15172
seq,t0.pc,6,44,15169,15172
seq,t1.pc,6,50,15170,15173
seq,t2.pc,6,62,15171,15174
seq,t3.pc,6,0,15172,15175
seq,t0.dl,12,21,15173,15176
seq,t0.pc,6,44,15173,15176
seq,t1.pc,6,50,15174,15177
seq,t2.pc,6,62,15175,15178
seq,t3.pc,6,0,15176,15179
seq,t0.dl,12,20,15177,15180
seq,t0.pc,6,44,15177,15180
seq,t1.pc,6,50,15178,15181
seq,t2.pc,6,62,15179,15182
seq,t3.pc,6,0,15180,15183
seq,t0.dl,12,19,15181,15184
seq,t0.pc,6,44,15181,15184
seq,t1.pc,6,50,15182,15185
seq,t2.pc,6,62,15183,15186
seq,t3.pc,6,0,15184,15187
seq,t0.dl,12,18,15185,15188
seq,t0.pc,6,44,15185,15188
seq,t1.pc,6,50,15186,15189
seq,t2.pc,6,62,15187,15190
seq,t3.pc,6,0,15188,15191
seq,t0.dl,12,17,15189,15192
seq,t0.pc,6,44,15189,15192
seq,t1.pc,6,50,15190,15193
seq,t2.pc,6,62,15191,15194
seq,t3.pc,6,0,15192,15195
seq,t0.dl,12,16,15193,15196
seq,t0.pc,6,44,15193,15196
seq,t1.pc,6,50,15194,15197
seq,t2.pc,6,62,15195,15198
seq,t3.pc,6,0,15196,15199
seq,t0.dl,12,15,15197,15200
seq,t0.pc,6,44,15197,15200
seq,t1.pc,6,50,15198,15201
seq,t2.pc,6,62,15199,15202
seq,t3.pc,6,0,15200,15203
seq,t0.dl,12,14,15201,15204
seq,t0.pc,6,44,15201,15204
seq,t1.pc,6,50,15202,15205
seq,t2.pc,6,62,15203,15206
seq,t3.pc,6,0,15204,15207
seq,t0.dl,12,13,15205,15208
seq,t0.pc,6,44,15205,15208
seq,t1.pc,6,50,15206,15209
seq,t2.pc,6,62,15207,15210
seq,t3.pc,6,0,15208,15211
seq,t0.dl,12,12,15209,15212
seq,t0.pc,6,44,15209,15212
seq,t1.pc,6,50,15210,15213
seq,t2.pc,6,62,15211,15214
seq,t3.pc,6,0,15212,15215
seq,t0.dl,12,11,15213,15216
seq,t0.pc,6,44,15213,15216
seq,t1.pc,6,50,15214,15217
seq,t2.pc,6,62,15215,15218
seq,t3.pc,6,0,15216,15219
seq,t0.dl,12,10,15217,15220
seq,t0.pc,6,44,15217,15220
seq,t1.pc,6,50,15218,15221
seq,t2.pc,6,62,15219,15222
seq,t3.pc,6,0,15220,15223
seq,t0.dl,12,9,15221,15224
seq,t0.pc,6,44,15221,15224
seq,t1.pc,6,50,15222,15225
seq,t2.pc,6,62,15223,15226
seq,t3.pc,6,0,15224,15227
seq,t0.dl,12,8,15225,15228
seq,t0.pc,6,44,15225,15228
seq,t1.pc,6,50,15226,15229
seq,t2.pc,6,62,15227,15230
seq,t3.pc,6,0,15228,15231
seq,t0.dl,12,7,15229,15232
seq,t0.pc,6,44,15229,15232
seq,t1.pc,6,50,15230,15233
seq,t2.pc,6,62,15231,15234
seq,t3.pc,6,0,15232,15235
seq,t0.dl,12,6,15233,15236
seq,t0.pc,6,44,15233,15236
seq,t1.pc,6,50,15234,15237
seq,t2.pc,6,62,15235,15238
seq,t3.pc,6,0,15236,15239
seq,t0.dl,12,5,15237,15240
seq,t0.pc,6,44,15237,15240
seq,t1.pc,6,50,15238,15241
seq,t2.pc,6,62,15239,15242
seq,t3.pc,6,0,15240,15243
seq,t0.dl,12,4,15241,15244
seq,t0.pc,6,44,15241,15244
seq,t1.pc,6,50,15242,15245
seq,t2.pc,6,62,15243,15246
seq,t3.pc,6,0,15244,15247
seq,t0.dl,12,3,15245,15248
seq,t0.pc,6,44,15245,15248
seq,t1.pc,6,50,15246,15249
seq,t2.pc,6,62,15247,15250
seq,t3.pc,6,0,15248,15251
seq,t0.dl,12,2,15249,15252
seq,t0.pc,6,44,15249,15252
seq,t1.pc,6,50,15250,15253
seq,t2.pc,6,62,15251,15254
seq,t3.pc,6,0,15252,15255
seq,t0.dl,12,1,15253,15256
seq,t0.pc,6,44,15253,15256
seq,t1.pc,6,50,15254,15257
seq,t2.pc,6,62,15255,15258
seq,t3.pc,6,0,15256,15259
seq,t0.pc,6,44,15257,15260
seq,t1.pc,6,50,15258,15261
seq,t2.pc,6,62,15259,15262
seq,t3.pc,6,0,15260,15263
seq,t0.pc,6,45,15261,15264
seq,t1.pc,6,50,15262,15265
seq,t2.pc,6,62,15263,15266
seq,t3.pc,6,0,15264,15267
seq,t0.acc,8,0,14833,15268
seq,t0.cnt,12,4,14833,15268
seq,t0.pc,6,42,15265,15268
seq,t1.pc,6,50,15266,15269
seq,t2.pc,6,62,15267,15270
seq,t3.pc,6,0,15268,15271
seq,t0.dl,12,0,15257,15260
seq,t0.pc,6,43,15269,15272
seq,t1.pc,6,50,15270,15273
seq,t2.pc,6,62,15271,15274
seq,t3.pc,6,0,15272,15275
seq,t0.dl,12,105,15273,15276
seq,t0.pc,6,44,15273,15276
seq,t1.pc,6,50,15274,15277
seq,t2.pc,6,62,15275,15278
seq,t3.pc,6,0,15276,15279
seq,t0.dl,12,104,15277,15280
seq,t0.pc,6,44,15277,15280
seq,t1.pc,6,50,15278,15281
seq,t2.pc,6,62,15279,15282
seq,t3.pc,6,0,15280,15283
seq,t0.dl,12,103,15281,15284
seq,t0.pc,6,44,15281,15284
seq,t1.pc,6,50,15282,15285
seq,t2.pc,6,62,15283,15286
seq,t3.pc,6,0,15284,15287
seq,t0.dl,12,102,15285,15288
seq,t0.pc,6,44,15285,15288
seq,t1.pc,6,50,15286,15289
seq,t2.pc,6,62,15287,15290
seq,t3.pc,6,0,15288,15291
seq,t0.dl,12,101,15289,15292
seq,t0.pc,6,44,15289,15292
seq,t1.pc,6,50,15290,15293
seq,t2.pc,6,62,15291,15294
seq,t3.pc,6,0,15292,15295
seq,t0.dl,12,100,15293,15296
seq,t0.pc,6,44,15293,15296
seq,t1.pc,6,50,15294,15297
seq,t2.pc,6,62,15295,15298
seq,t3.pc,6,0,15296,15299
seq,t0.dl,12,99,15297,15300
seq,t0.pc,6,44,15297,15300
seq,t1.pc,6,50,15298,15301
seq,t2.pc,6,62,15299,15302
seq,t3.pc,6,0,15300,15303
seq,t0.dl,12,98,15301,15304
seq,t0.pc,6,44,15301,15304
seq,t1.pc,6,50,15302,15305
seq,t2.pc,6,62,15303,15306
seq,t3.pc,6,0,15304,15307
seq,t0.dl,12,97,15305,15308
seq,t0.pc,6,44,15305,15308
seq,t1.pc,6,50,15306,15309
seq,t2.pc,6,62,15307,15310
seq,t3.pc,6,0,15308,15311
seq,t0.dl,12,96,15309,15312
seq,t0.pc,6,44,15309,15312
seq,t1.pc,6,50,15310,15313
seq,t2.pc,6,62,15311,15314
seq,t3.pc,6,0,15312,15315
seq,t0.dl,12,95,15313,15316
seq,t0.pc,6,44,15313,15316
seq,t1.pc,6,50,15314,15317
seq,t2.pc,6,62,15315,15318
seq,t3.pc,6,0,15316,15319
seq,t0.dl,12,94,15317,15320
seq,t0.pc,6,44,15317,15320
seq,t1.pc,6,50,15318,15321
seq,t2.pc,6,62,15319,15322
seq,t3.pc,6,0,15320,15323
seq,t0.dl,12,93,15321,15324
seq,t0.pc,6,44,15321,15324
seq,t1.pc,6,50,15322,15325
seq,t2.pc,6,62,15323,15326
seq,t3.pc,6,0,15324,15327
seq,t0.dl,12,92,15325,15328
seq,t0.pc,6,44,15325,15328
seq,t1.pc,6,50,15326,15329
seq,t2.pc,6,62,15327,15330
seq,t3.pc,6,0,15328,15331
seq,t0.dl,12,91,15329,15332
seq,t0.pc,6,44,15329,15332
seq,t1.pc,6,50,15330,15333
seq,t2.pc,6,62,15331,15334
seq,t3.pc,6,0,15332,15335
seq,t0.dl,12,90,15333,15336
seq,t0.pc,6,44,15333,15336
seq,t1.pc,6,50,15334,15337
seq,t2.pc,6,62,15335,15338
seq,t3.pc,6,0,15336,15339
seq,t0.dl,12,89,15337,15340
seq,t0.pc,6,44,15337,15340
seq,t1.pc,6,50,15338,15341
seq,t2.pc,6,62,15339,15342
seq,t3.pc,6,0,15340,15343
seq,t0.dl,12,88,15341,15344
seq,t0.pc,6,44,15341,15344
seq,t1.pc,6,50,15342,15345
seq,t2.pc,6,62,15343,15346
seq,t3.pc,6,0,15344,15347
seq,t0.dl,12,87,15345,15348
seq,t0.pc,6,44,15345,15348
seq,t1.pc,6,50,15346,15349
seq,t2.pc,6,62,15347,15350
seq,t3.pc,6,0,15348,15351
seq,t0.dl,12,86,15349,15352
seq,t0.pc,6,44,15349,15352
seq,t1.pc,6,50,15350,15353
seq,t2.pc,6,62,15351,15354
seq,t3.pc,6,0,15352,15355
seq,t0.dl,12,85,15353,15356
seq,t0.pc,6,44,15353,15356
seq,t1.pc,6,50,15354,15357
seq,t2.pc,6,62,15355,15358
seq,t3.pc,6,0,15356,15359
seq,t0.dl,12,84,15357,15360
seq,t0.pc,6,44,15357,15360
seq,t1.pc,6,50,15358,15361
seq,t2.pc,6,62,15359,15362
seq,t3.pc,6,0,15360,15363
seq,t0.dl,12,83,15361,15364
seq,t0.pc,6,44,15361,15364
seq,t1.pc,6,50,15362,15365
seq,t2.pc,6,62,15363,15366
seq,t3.pc,6,0,15364,15367
seq,t0.dl,12,82,15365,15368
seq,t0.pc,6,44,15365,15368
seq,t1.pc,6,50,15366,15369
seq,t2.pc,6,62,15367,15370
seq,t3.pc,6,0,15368,15371
seq,t0.dl,12,81,15369,15372
seq,t0.pc,6,44,15369,15372
seq,t1.pc,6,50,15370,15373
seq,t2.pc,6,62,15371,15374
seq,t3.pc,6,0,15372,15375
seq,t0.dl,12,80,15373,15376
seq,t0.pc,6,44,15373,15376
seq,t1.pc,6,50,15374,15377
seq,t2.pc,6,62,15375,15378
seq,t3.pc,6,0,15376,15379
seq,t0.dl,12,79,15377,15380
seq,t0.pc,6,44,15377,15380
seq,t1.pc,6,50,15378,15381
seq,t2.pc,6,62,15379,15382
seq,t3.pc,6,0,15380,15383
seq,t0.dl,12,78,15381,15384
seq,t0.pc,6,44,15381,15384
seq,t1.pc,6,50,15382,15385
seq,t2.pc,6,62,15383,15386
seq,t3.pc,6,0,15384,15387
seq,t0.dl,12,77,15385,15388
seq,t0.pc,6,44,15385,15388
seq,t1.pc,6,50,15386,15389
seq,t2.pc,6,62,15387,15390
seq,t3.pc,6,0,15388,15391
seq,t0.dl,12,76,15389,15392
seq,t0.pc,6,44,15389,15392
seq,t1.pc,6,50,15390,15393
seq,t2.pc,6,62,15391,15394
seq,t3.pc,6,0,15392,15395
seq,t0.dl,12,75,15393,15396
seq,t0.pc,6,44,15393,15396
seq,t1.pc,6,50,15394,15397
seq,t2.pc,6,62,15395,15398
seq,t3.pc,6,0,15396,15399
seq,t0.dl,12,74,15397,15400
seq,t0.pc,6,44,15397,15400
seq,t1.pc,6,50,15398,15401
seq,t2.pc,6,62,15399,15402
seq,t3.pc,6,0,15400,15403
seq,t0.dl,12,73,15401,15404
seq,t0.pc,6,44,15401,15404
seq,t1.pc,6,50,15402,15405
seq,t2.pc,6,62,15403,15406
seq,t3.pc,6,0,15404,15407
seq,t0.dl,12,72,15405,15408
seq,t0.pc,6,44,15405,15408
seq,t1.pc,6,50,15406,15409
seq,t2.pc,6,62,15407,15410
seq,t3.pc,6,0,15408,15411
seq,t0.dl,12,71,15409,15412
seq,t0.pc,6,44,15409,15412
seq,t1.pc,6,50,15410,15413
seq,t2.pc,6,62,15411,15414
seq,t3.pc,6,0,15412,15415
seq,t0.dl,12,70,15413,15416
seq,t0.pc,6,44,15413,15416
seq,t1.pc,6,50,15414,15417
seq,t2.pc,6,62,15415,15418
seq,t3.pc,6,0,15416,15419
seq,t0.dl,12,69,15417,15420
seq,t0.pc,6,44,15417,15420
seq,t1.pc,6,50,15418,15421
seq,t2.pc,6,62,15419,15422
seq,t3.pc,6,0,15420,15423
seq,t0.dl,12,68,15421,15424
seq,t0.pc,6,44,15421,15424
seq,t1.pc,6,50,15422,15425
seq,t2.pc,6,62,15423,15426
seq,t3.pc,6,0,15424,15427
seq,t0.dl,12,67,15425,15428
seq,t0.pc,6,44,15425,15428
seq,t1.pc,6,50,15426,15429
seq,t2.pc,6,62,15427,15430
seq,t3.pc,6,0,15428,15431
seq,t0.dl,12,66,15429,15432
seq,t0.pc,6,44,15429,15432
seq,t1.pc,6,50,15430,15433
seq,t2.pc,6,62,15431,15434
seq,t3.pc,6,0,15432,15435
seq,t0.dl,12,65,15433,15436
seq,t0.pc,6,44,15433,15436
seq,t1.pc,6,50,15434,15437
seq,t2.pc,6,62,15435,15438
seq,t3.pc,6,0,15436,15439
seq,t0.dl,12,64,15437,15440
seq,t0.pc,6,44,15437,15440
seq,t1.pc,6,50,15438,15441
seq,t2.pc,6,62,15439,15442
seq,t3.pc,6,0,15440,15443
seq,t0.dl,12,63,15441,15444
seq,t0.pc,6,44,15441,15444
seq,t1.pc,6,50,15442,15445
seq,t2.pc,6,62,15443,15446
seq,t3.pc,6,0,15444,15447
seq,t0.dl,12,62,15445,15448
seq,t0.pc,6,44,15445,15448
seq,t1.pc,6,50,15446,15449
seq,t2.pc,6,62,15447,15450
seq,t3.pc,6,0,15448,15451
seq,t0.dl,12,61,15449,15452
seq,t0.pc,6,44,15449,15452
seq,t1.pc,6,50,15450,15453
seq,t2.pc,6,62,15451,15454
seq,t3.pc,6,0,15452,15455
seq,t0.dl,12,60,15453,15456
seq,t0.pc,6,44,15453,15456
seq,t1.pc,6,50,15454,15457
seq,t2.pc,6,62,15455,15458
seq,t3.pc,6,0,15456,15459
seq,t0.dl,12,59,15457,15460
seq,t0.pc,6,44,15457,15460
seq,t1.pc,6,50,15458,15461
seq,t2.pc,6,62,15459,15462
seq,t3.pc,6,0,15460,15463
seq,t0.dl,12,58,15461,15464
seq,t0.pc,6,44,15461,15464
seq,t1.pc,6,50,15462,15465
seq,t2.pc,6,62,15463,15466
seq,t3.pc,6,0,15464,15467
seq,t0.dl,12,57,15465,15468
seq,t0.pc,6,44,15465,15468
seq,t1.pc,6,50,15466,15469
seq,t2.pc,6,62,15467,15470
seq,t3.pc,6,0,15468,15471
seq,t0.dl,12,56,15469,15472
seq,t0.pc,6,44,15469,15472
seq,t1.pc,6,50,15470,15473
seq,t2.pc,6,62,15471,15474
seq,t3.pc,6,0,15472,15475
seq,t0.dl,12,55,15473,15476
seq,t0.pc,6,44,15473,15476
seq,t1.pc,6,50,15474,15477
seq,t2.pc,6,62,15475,15478
seq,t3.pc,6,0,15476,15479
seq,t0.dl,12,54,15477,15480
seq,t0.pc,6,44,15477,15480
seq,t1.pc,6,50,15478,15481
seq,t2.pc,6,62,15479,15482
seq,t3.pc,6,0,15480,15483
seq,t0.dl,12,53,15481,15484
seq,t0.pc,6,44,15481,15484
seq,t1.pc,6,50,15482,15485
seq,t2.pc,6,62,15483,15486
seq,t3.pc,6,0,15484,15487
seq,t0.dl,12,52,15485,15488
seq,t0.pc,6,44,15485,15488
seq,t1.pc,6,50,15486,15489
seq,t2.pc,6,62,15487,15490
seq,t3.pc,6,0,15488,15491
seq,t0.dl,12,51,15489,15492
seq,t0.pc,6,44,15489,15492
seq,t1.pc,6,50,15490,15493
seq,t2.pc,6,62,15491,15494
seq,t3.pc,6,0,15492,15495
seq,t0.dl,12,50,15493,15496
seq,t0.pc,6,44,15493,15496
seq,t1.pc,6,50,15494,15497
seq,t2.pc,6,62,15495,15498
seq,t3.pc,6,0,15496,15499
seq,t0.dl,12,49,15497,15500
seq,t0.pc,6,44,15497,15500
seq,t1.pc,6,50,15498,15501
seq,t2.pc,6,62,15499,15502
seq,t3.pc,6,0,15500,15503
seq,t0.dl,12,48,15501,15504
seq,t0.pc,6,44,15501,15504
seq,t1.pc,6,50,15502,15505
seq,t2.pc,6,62,15503,15506
seq,t3.pc,6,0,15504,15507
seq,t0.dl,12,47,15505,15508
seq,t0.pc,6,44,15505,15508
seq,t1.pc,6,50,15506,15509
seq,t2.pc,6,62,15507,15510
seq,t3.pc,6,0,15508,15511
seq,t0.dl,12,46,15509,15512
seq,t0.pc,6,44,15509,15512
seq,t1.pc,6,50,15510,15513
seq,t2.pc,6,62,15511,15514
seq,t3.pc,6,0,15512,15515
seq,t0.dl,12,45,15513,15516
seq,t0.pc,6,44,15513,15516
seq,t1.pc,6,50,15514,15517
seq,t2.pc,6,62,15515,15518
seq,t3.pc,6,0,15516,15519
seq,t0.dl,12,44,15517,15520
seq,t0.pc,6,44,15517,15520
seq,t1.pc,6,50,15518,15521
seq,t2.pc,6,62,15519,15522
seq,t3.pc,6,0,15520,15523
seq,t0.dl,12,43,15521,15524
seq,t0.pc,6,44,15521,15524
seq,t1.pc,6,50,15522,15525
seq,t2.pc,6,62,15523,15526
seq,t3.pc,6,0,15524,15527
seq,t0.dl,12,42,15525,15528
seq,t0.pc,6,44,15525,15528
seq,t1.pc,6,50,15526,15529
seq,t2.pc,6,62,15527,15530
seq,t3.pc,6,0,15528,15531
seq,t0.dl,12,41,15529,15532
seq,t0.pc,6,44,15529,15532
seq,t1.pc,6,50,15530,15533
seq,t2.pc,6,62,15531,15534
seq,t3.pc,6,0,15532,15535
seq,t0.dl,12,40,15533,15536
seq,t0.pc,6,44,15533,15536
seq,t1.pc,6,50,15534,15537
seq,t2.pc,6,62,15535,15538
seq,t3.pc,6,0,15536,15539
seq,t0.dl,12,39,15537,15540
seq,t0.pc,6,44,15537,15540
seq,t1.pc,6,50,15538,15541
seq,t2.pc,6,62,15539,15542
seq,t3.pc,6,0,15540,15543
seq,t0.dl,12,38,15541,15544
seq,t0.pc,6,44,15541,15544
seq,t1.pc,6,50,15542,15545
seq,t2.pc,6,62,15543,15546
seq,t3.pc,6,0,15544,15547
seq,t0.dl,12,37,15545,15548
seq,t0.pc,6,44,15545,15548
seq,t1.pc,6,50,15546,15549
seq,t2.pc,6,62,15547,15550
seq,t3.pc,6,0,15548,15551
seq,t0.dl,12,36,15549,15552
seq,t0.pc,6,44,15549,15552
seq,t1.pc,6,50,15550,15553
seq,t2.pc,6,62,15551,15554
seq,t3.pc,6,0,15552,15555
seq,t0.dl,12,35,15553,15556
seq,t0.pc,6,44,15553,15556
seq,t1.pc,6,50,15554,15557
seq,t2.pc,6,62,15555,15558
seq,t3.pc,6,0,15556,15559
seq,t0.dl,12,34,15557,15560
seq,t0.pc,6,44,15557,15560
seq,t1.pc,6,50,15558,15561
seq,t2.pc,6,62,15559,15562
seq,t3.pc,6,0,15560,15563
seq,t0.dl,12,33,15561,15564
seq,t0.pc,6,44,15561,15564
seq,t1.pc,6,50,15562,15565
seq,t2.pc,6,62,15563,15566
seq,t3.pc,6,0,15564,15567
seq,t0.dl,12,32,15565,15568
seq,t0.pc,6,44,15565,15568
seq,t1.pc,6,50,15566,15569
seq,t2.pc,6,62,15567,15570
seq,t3.pc,6,0,15568,15571
seq,t0.dl,12,31,15569,15572
seq,t0.pc,6,44,15569,15572
seq,t1.pc,6,50,15570,15573
seq,t2.pc,6,62,15571,15574
seq,t3.pc,6,0,15572,15575
seq,t0.dl,12,30,15573,15576
seq,t0.pc,6,44,15573,15576
seq,t1.pc,6,50,15574,15577
seq,t2.pc,6,62,15575,15578
seq,t3.pc,6,0,15576,15579
seq,t0.dl,12,29,15577,15580
seq,t0.pc,6,44,15577,15580
seq,t1.pc,6,50,15578,15581
seq,t2.pc,6,62,15579,15582
seq,t3.pc,6,0,15580,15583
seq,t0.dl,12,28,15581,15584
seq,t0.pc,6,44,15581,15584
seq,t1.pc,6,50,15582,15585
seq,t2.pc,6,62,15583,15586
seq,t3.pc,6,0,15584,15587
seq,t0.dl,12,27,15585,15588
seq,t0.pc,6,44,15585,15588
seq,t1.pc,6,50,15586,15589
seq,t2.pc,6,62,15587,15590
seq,t3.pc,6,0,15588,15591
seq,t0.dl,12,26,15589,15592
seq,t0.pc,6,44,15589,15592
seq,t1.pc,6,50,15590,15593
seq,t2.pc,6,62,15591,15594
seq,t3.pc,6,0,15592,15595
seq,t0.dl,12,25,15593,15596
seq,t0.pc,6,44,15593,15596
seq,t1.pc,6,50,15594,15597
seq,t2.pc,6,62,15595,15598
seq,t3.pc,6,0,15596,15599
seq,t0.dl,12,24,15597,15600
seq,t0.pc,6,44,15597,15600
seq,t1.pc,6,50,15598,15601
seq,t2.pc,6,62,15599,15602
seq,t3.pc,6,0,15600,15603
seq,t0.dl,12,23,15601,15604
seq,t0.pc,6,44,15601,15604
seq,t1.pc,6,50,15602,15605
seq,t2.pc,6,62,15603,15606
seq,t3.pc,6,0,15604,15607
seq,t0.dl,12,22,15605,15608
seq,t0.pc,6,44,15605,15608
seq,t1.pc,6,50,15606,15609
seq,t2.pc,6,62,15607,15610
seq,t3.pc,6,0,15608,15611
seq,t0.dl,12,21,15609,15612
seq,t0.pc,6,44,15609,15612
seq,t1.pc,6,50,15610,15613
seq,t2.pc,6,62,15611,15614
seq,t3.pc,6,0,15612,15615
seq,t0.dl,12,20,15613,15616
seq,t0.pc,6,44,15613,15616
seq,t1.pc,6,50,15614,15617
seq,t2.pc,6,62,15615,15618
seq,t3.pc,6,0,15616,15619
seq,t0.dl,12,19,15617,15620
seq,t0.pc,6,44,15617,15620
seq,t1.pc,6,50,15618,15621
seq,t2.pc,6,62,15619,15622
seq,t3.pc,6,0,15620,15623
seq,t0.dl,12,18,15621,15624
seq,t0.pc,6,44,15621,15624
seq,t1.pc,6,50,15622,15625
seq,t2.pc,6,62,15623,15626
seq,t3.pc,6,0,15624,15627
seq,t0.dl,12,17,15625,15628
seq,t0.pc,6,44,15625,15628
seq,t1.pc,6,50,15626,15629
seq,t2.pc,6,62,15627,15630
seq,t3.pc,6,0,15628,15631
seq,t0.dl,12,16,15629,15632
seq,t0.pc,6,44,15629,15632
seq,t1.pc,6,50,15630,15633
seq,t2.pc,6,62,15631,15634
seq,t3.pc,6,0,15632,15635
seq,t0.dl,12,15,15633,15636
seq,t0.pc,6,44,15633,15636
seq,t1.pc,6,50,15634,15637
seq,t2.pc,6,62,15635,15638
seq,t3.pc,6,0,15636,15639
seq,t0.dl,12,14,15637,15640
seq,t0.pc,6,44,15637,15640
seq,t1.pc,6,50,15638,15641
seq,t2.pc,6,62,15639,15642
seq,t3.pc,6,0,15640,15643
seq,t0.dl,12,13,15641,15644
seq,t0.pc,6,44,15641,15644
seq,t1.pc,6,50,15642,15645
seq,t2.pc,6,62,15643,15646
seq,t3.pc,6,0,15644,15647
seq,t0.dl,12,12,15645,15648
seq,t0.pc,6,44,15645,15648
seq,t1.pc,6,50,15646,15649
seq,t2.pc,6,62,15647,15650
seq,t3.pc,6,0,15648,15651
seq,t0.dl,12,11,15649,15652
seq,t0.pc,6,44,15649,15652
seq,t1.pc,6,50,15650,15653
seq,t2.pc,6,62,15651,15654
seq,t3.pc,6,0,15652,15655
seq,t0.dl,12,10,15653,15656
seq,t0.pc,6,44,15653,15656
seq,t1.pc,6,50,15654,15657
seq,t2.pc,6,62,15655,15658
seq,t3.pc,6,0,15656,15659
seq,t0.dl,12,9,15657,15660
seq,t0.pc,6,44,15657,15660
seq,t1.pc,6,50,15658,15661
seq,t2.pc,6,62,15659,15662
seq,t3.pc,6,0,15660,15663
seq,t0.dl,12,8,15661,15664
seq,t0.pc,6,44,15661,15664
seq,t1.pc,6,50,15662,15665
seq,t2.pc,6,62,15663,15666
seq,t3.pc,6,0,15664,15667
seq,t0.dl,12,7,15665,15668
seq,t0.pc,6,44,15665,15668
seq,t1.pc,6,50,15666,15669
seq,t2.pc,6,62,15667,15670
seq,t3.pc,6,0,15668,15671
seq,t0.dl,12,6,15669,15672
seq,t0.pc,6,44,15669,15672
seq,t1.pc,6,50,15670,15673
seq,t2.pc,6,62,15671,15674
seq,t3.pc,6,0,15672,15675
seq,t0.dl,12,5,15673,15676
seq,t0.pc,6,44,15673,15676
seq,t1.pc,6,50,15674,15677
seq,t2.pc,6,62,15675,15678
seq,t3.pc,6,0,15676,15679
seq,t0.dl,12,4,15677,15680
seq,t0.pc,6,44,15677,15680
seq,t1.pc,6,50,15678,15681
seq,t2.pc,6,62,15679,15682
seq,t3.pc,6,0,15680,15683
seq,t0.dl,12,3,15681,15684
seq,t0.pc,6,44,15681,15684
seq,t1.pc,6,50,15682,15685
seq,t2.pc,6,62,15683,15686
seq,t3.pc,6,0,15684,15687
seq,t0.dl,12,2,15685,15688
seq,t0.pc,6,44,15685,15688
seq,t1.pc,6,50,15686,15689
seq,t2.pc,6,62,15687,15690
seq,t3.pc,6,0,15688,15691
seq,t0.dl,12,1,15689,15692
seq,t0.pc,6,44,15689,15692
seq,t1.pc,6,50,15690,15693
seq,t2.pc,6,62,15691,15694
seq,t3.pc,6,0,15692,15695
seq,t0.pc,6,44,15693,15696
seq,t1.pc,6,50,15694,15697
seq,t2.pc,6,62,15695,15698
seq,t3.pc,6,0,15696,15699
seq,t0.pc,6,45,15697,15700
seq,t1.pc,6,50,15698,15701
seq,t2.pc,6,62,15699,15702
seq,t3.pc,6,0,15700,15703
seq,t0.acc,8,0,15269,15704
seq,t0.cnt,12,3,15269,15704
seq,t0.pc,6,42,15701,15704
seq,t1.pc,6,50,15702,15705
seq,t2.pc,6,62,15703,15706
seq,t3.pc,6,0,15704,15707
seq,t0.dl,12,0,15693,15696
seq,t0.pc,6,43,15705,15708
seq,t1.pc,6,50,15706,15709
seq,t2.pc,6,62,15707,15710
seq,t3.pc,6,0,15708,15711
seq,t0.dl,12,105,15709,15712
seq,t0.pc,6,44,15709,15712
seq,t1.pc,6,50,15710,15713
seq,t2.pc,6,62,15711,15714
seq,t3.pc,6,0,15712,15715
seq,t0.dl,12,104,15713,15716
seq,t0.pc,6,44,15713,15716
seq,t1.pc,6,50,15714,15717
seq,t2.pc,6,62,15715,15718
seq,t3.pc,6,0,15716,15719
seq,t0.dl,12,103,15717,15720
seq,t0.pc,6,44,15717,15720
seq,t1.pc,6,50,15718,15721
seq,t2.pc,6,62,15719,15722
seq,t3.pc,6,0,15720,15723
seq,t0.dl,12,102,15721,15724
seq,t0.pc,6,44,15721,15724
seq,t1.pc,6,50,15722,15725
seq,t2.pc,6,62,15723,15726
seq,t3.pc,6,0,15724,15727
seq,t0.dl,12,101,15725,15728
seq,t0.pc,6,44,15725,15728
seq,t1.pc,6,50,15726,15729
seq,t2.pc,6,62,15727,15730
seq,t3.pc,6,0,15728,15731
seq,t0.dl,12,100,15729,15732
seq,t0.pc,6,44,15729,15732
seq,t1.pc,6,50,15730,15733
seq,t2.pc,6,62,15731,15734
seq,t3.pc,6,0,15732,15735
seq,t0.dl,12,99,15733,15736
seq,t0.pc,6,44,15733,15736
seq,t1.pc,6,50,15734,15737
seq,t2.pc,6,62,15735,15738
seq,t3.pc,6,0,15736,15739
seq,t0.dl,12,98,15737,15740
seq,t0.pc,6,44,15737,15740
seq,t1.pc,6,50,15738,15741
seq,t2.pc,6,62,15739,15742
seq,t3.pc,6,0,15740,15743
seq,t0.dl,12,97,15741,15744
seq,t0.pc,6,44,15741,15744
seq,t1.pc,6,50,15742,15745
seq,t2.pc,6,62,15743,15746
seq,t3.pc,6,0,15744,15747
seq,t0.dl,12,96,15745,15748
seq,t0.pc,6,44,15745,15748
seq,t1.pc,6,50,15746,15749
seq,t2.pc,6,62,15747,15750
seq,t3.pc,6,0,15748,15751
seq,t0.dl,12,95,15749,15752
seq,t0.pc,6,44,15749,15752
seq,t1.pc,6,50,15750,15753
seq,t2.pc,6,62,15751,15754
seq,t3.pc,6,0,15752,15755
seq,t0.dl,12,94,15753,15756
seq,t0.pc,6,44,15753,15756
seq,t1.pc,6,50,15754,15757
seq,t2.pc,6,62,15755,15758
seq,t3.pc,6,0,15756,15759
seq,t0.dl,12,93,15757,15760
seq,t0.pc,6,44,15757,15760
seq,t1.pc,6,50,15758,15761
seq,t2.pc,6,62,15759,15762
seq,t3.pc,6,0,15760,15763
seq,t0.dl,12,92,15761,15764
seq,t0.pc,6,44,15761,15764
seq,t1.pc,6,50,15762,15765
seq,t2.pc,6,62,15763,15766
seq,t3.pc,6,0,15764,15767
seq,t0.dl,12,91,15765,15768
seq,t0.pc,6,44,15765,15768
seq,t1.pc,6,50,15766,15769
seq,t2.pc,6,62,15767,15770
seq,t3.pc,6,0,15768,15771
seq,t0.dl,12,90,15769,15772
seq,t0.pc,6,44,15769,15772
seq,t1.pc,6,50,15770,15773
seq,t2.pc,6,62,15771,15774
seq,t3.pc,6,0,15772,15775
seq,t0.dl,12,89,15773,15776
seq,t0.pc,6,44,15773,15776
seq,t1.pc,6,50,15774,15777
seq,t2.pc,6,62,15775,15778
seq,t3.pc,6,0,15776,15779
seq,t0.dl,12,88,15777,15780
seq,t0.pc,6,44,15777,15780
seq,t1.pc,6,50,15778,15781
seq,t2.pc,6,62,15779,15782
seq,t3.pc,6,0,15780,15783
seq,t0.dl,12,87,15781,15784
seq,t0.pc,6,44,15781,15784
seq,t1.pc,6,50,15782,15785
seq,t2.pc,6,62,15783,15786
seq,t3.pc,6,0,15784,15787
seq,t0.dl,12,86,15785,15788
seq,t0.pc,6,44,15785,15788
seq,t1.pc,6,50,15786,15789
seq,t2.pc,6,62,15787,15790
seq,t3.pc,6,0,15788,15791
seq,t0.dl,12,85,15789,15792
seq,t0.pc,6,44,15789,15792
seq,t1.pc,6,50,15790,15793
seq,t2.pc,6,62,15791,15794
seq,t3.pc,6,0,15792,15795
seq,t0.dl,12,84,15793,15796
seq,t0.pc,6,44,15793,15796
seq,t1.pc,6,50,15794,15797
seq,t2.pc,6,62,15795,15798
seq,t3.pc,6,0,15796,15799
seq,t0.dl,12,83,15797,15800
seq,t0.pc,6,44,15797,15800
seq,t1.pc,6,50,15798,15801
seq,t2.pc,6,62,15799,15802
seq,t3.pc,6,0,15800,15803
seq,t0.dl,12,82,15801,15804
seq,t0.pc,6,44,15801,15804
seq,t1.pc,6,50,15802,15805
seq,t2.pc,6,62,15803,15806
seq,t3.pc,6,0,15804,15807
seq,t0.dl,12,81,15805,15808
seq,t0.pc,6,44,15805,15808
seq,t1.pc,6,50,15806,15809
seq,t2.pc,6,62,15807,15810
seq,t3.pc,6,0,15808,15811
seq,t0.dl,12,80,15809,15812
seq,t0.pc,6,44,15809,15812
seq,t1.pc,6,50,15810,15813
seq,t2.pc,6,62,15811,15814
seq,t3.pc,6,0,15812,15815
seq,t0.dl,12,79,15813,15816
seq,t0.pc,6,44,15813,15816
seq,t1.pc,6,50,15814,15817
seq,t2.pc,6,62,15815,15818
seq,t3.pc,6,0,15816,15819
seq,t0.dl,12,78,15817,15820
seq,t0.pc,6,44,15817,15820
seq,t1.pc,6,50,15818,15821
seq,t2.pc,6,62,15819,15822
seq,t3.pc,6,0,15820,15823
seq,t0.dl,12,77,15821,15824
seq,t0.pc,6,44,15821,15824
seq,t1.pc,6,50,15822,15825
seq,t2.pc,6,62,15823,15826
seq,t3.pc,6,0,15824,15827
seq,t0.dl,12,76,15825,15828
seq,t0.pc,6,44,15825,15828
seq,t1.pc,6,50,15826,15829
seq,t2.pc,6,62,15827,15830
seq,t3.pc,6,0,15828,15831
seq,t0.dl,12,75,15829,15832
seq,t0.pc,6,44,15829,15832
seq,t1.pc,6,50,15830,15833
seq,t2.pc,6,62,15831,15834
seq,t3.pc,6,0,15832,15835
seq,t0.dl,12,74,15833,15836
seq,t0.pc,6,44,15833,15836
seq,t1.pc,6,50,15834,15837
seq,t2.pc,6,62,15835,15838
seq,t3.pc,6,0,15836,15839
seq,t0.dl,12,73,15837,15840
seq,t0.pc,6,44,15837,15840
seq,t1.pc,6,50,15838,15841
seq,t2.pc,6,62,15839,15842
seq,t3.pc,6,0,15840,15843
seq,t0.dl,12,72,15841,15844
seq,t0.pc,6,44,15841,15844
seq,t1.pc,6,50,15842,15845
seq,t2.pc,6,62,15843,15846
seq,t3.pc,6,0,15844,15847
seq,t0.dl,12,71,15845,15848
seq,t0.pc,6,44,15845,15848
seq,t1.pc,6,50,15846,15849
seq,t2.pc,6,62,15847,15850
seq,t3.pc,6,0,15848,15851
seq,t0.dl,12,70,15849,15852
seq,t0.pc,6,44,15849,15852
seq,t1.pc,6,50,15850,15853
seq,t2.pc,6,62,15851,15854
seq,t3.pc,6,0,15852,15855
seq,t0.dl,12,69,15853,15856
seq,t0.pc,6,44,15853,15856
seq,t1.pc,6,50,15854,15857
seq,t2.pc,6,62,15855,15858
seq,t3.pc,6,0,15856,15859
seq,t0.dl,12,68,15857,15860
seq,t0.pc,6,44,15857,15860
seq,t1.pc,6,50,15858,15861
seq,t2.pc,6,62,15859,15862
seq,t3.pc,6,0,15860,15863
seq,t0.dl,12,67,15861,15864
seq,t0.pc,6,44,15861,15864
seq,t1.pc,6,50,15862,15865
seq,t2.pc,6,62,15863,15866
seq,t3.pc,6,0,15864,15867
seq,t0.dl,12,66,15865,15868
seq,t0.pc,6,44,15865,15868
seq,t1.pc,6,50,15866,15869
seq,t2.pc,6,62,15867,15870
seq,t3.pc,6,0,15868,15871
seq,t0.dl,12,65,15869,15872
seq,t0.pc,6,44,15869,15872
seq,t1.pc,6,50,15870,15873
seq,t2.pc,6,62,15871,15874
seq,t3.pc,6,0,15872,15875
seq,t0.dl,12,64,15873,15876
seq,t0.pc,6,44,15873,15876
seq,t1.pc,6,50,15874,15877
seq,t2.pc,6,62,15875,15878
seq,t3.pc,6,0,15876,15879
seq,t0.dl,12,63,15877,15880
seq,t0.pc,6,44,15877,15880
seq,t1.pc,6,50,15878,15881
seq,t2.pc,6,62,15879,15882
seq,t3.pc,6,0,15880,15883
seq,t0.dl,12,62,15881,15884
seq,t0.pc,6,44,15881,15884
seq,t1.pc,6,50,15882,15885
seq,t2.pc,6,62,15883,15886
seq,t3.pc,6,0,15884,15887
seq,t0.dl,12,61,15885,15888
seq,t0.pc,6,44,15885,15888
seq,t1.pc,6,50,15886,15889
seq,t2.pc,6,62,15887,15890
seq,t3.pc,6,0,15888,15891
seq,t0.dl,12,60,15889,15892
seq,t0.pc,6,44,15889,15892
seq,t1.pc,6,50,15890,15893
seq,t2.pc,6,62,15891,15894
seq,t3.pc,6,0,15892,15895
seq,t0.dl,12,59,15893,15896
seq,t0.pc,6,44,15893,15896
seq,t1.pc,6,50,15894,15897
seq,t2.pc,6,62,15895,15898
seq,t3.pc,6,0,15896,15899
seq,t0.dl,12,58,15897,15900
seq,t0.pc,6,44,15897,15900
seq,t1.pc,6,50,15898,15901
seq,t2.pc,6,62,15899,15902
seq,t3.pc,6,0,15900,15903
seq,t0.dl,12,57,15901,15904
seq,t0.pc,6,44,15901,15904
seq,t1.pc,6,50,15902,15905
seq,t2.pc,6,62,15903,15906
seq,t3.pc,6,0,15904,15907
seq,t0.dl,12,56,15905,15908
seq,t0.pc,6,44,15905,15908
seq,t1.pc,6,50,15906,15909
seq,t2.pc,6,62,15907,15910
seq,t3.pc,6,0,15908,15911
seq,t0.dl,12,55,15909,15912
seq,t0.pc,6,44,15909,15912
seq,t1.pc,6,50,15910,15913
seq,t2.pc,6,62,15911,15914
seq,t3.pc,6,0,15912,15915
seq,t0.dl,12,54,15913,15916
seq,t0.pc,6,44,15913,15916
seq,t1.pc,6,50,15914,15917
seq,t2.pc,6,62,15915,15918
seq,t3.pc,6,0,15916,15919
seq,t0.dl,12,53,15917,15920
seq,t0.pc,6,44,15917,15920
seq,t1.pc,6,50,15918,15921
seq,t2.pc,6,62,15919,15922
seq,t3.pc,6,0,15920,15923
seq,t0.dl,12,52,15921,15924
seq,t0.pc,6,44,15921,15924
seq,t1.pc,6,50,15922,15925
seq,t2.pc,6,62,15923,15926
seq,t3.pc,6,0,15924,15927
seq,t0.dl,12,51,15925,15928
seq,t0.pc,6,44,15925,15928
seq,t1.pc,6,50,15926,15929
seq,t2.pc,6,62,15927,15930
seq,t3.pc,6,0,15928,15931
seq,t0.dl,12,50,15929,15932
seq,t0.pc,6,44,15929,15932
seq,t1.pc,6,50,15930,15933
seq,t2.pc,6,62,15931,15934
seq,t3.pc,6,0,15932,15935
seq,t0.dl,12,49,15933,15936
seq,t0.pc,6,44,15933,15936
seq,t1.pc,6,50,15934,15937
seq,t2.pc,6,62,15935,15938
seq,t3.pc,6,0,15936,15939
seq,t0.dl,12,48,15937,15940
seq,t0.pc,6,44,15937,15940
seq,t1.pc,6,50,15938,15941
seq,t2.pc,6,62,15939,15942
seq,t3.pc,6,0,15940,15943
seq,t0.dl,12,47,15941,15944
seq,t0.pc,6,44,15941,15944
seq,t1.pc,6,50,15942,15945
seq,t2.pc,6,62,15943,15946
seq,t3.pc,6,0,15944,15947
seq,t0.dl,12,46,15945,15948
seq,t0.pc,6,44,15945,15948
seq,t1.pc,6,50,15946,15949
seq,t2.pc,6,62,15947,15950
seq,t3.pc,6,0,15948,15951
seq,t0.dl,12,45,15949,15952
seq,t0.pc,6,44,15949,15952
seq,t1.pc,6,50,15950,15953
seq,t2.pc,6,62,15951,15954
seq,t3.pc,6,0,15952,15955
seq,t0.dl,12,44,15953,15956
seq,t0.pc,6,44,15953,15956
seq,t1.pc,6,50,15954,15957
seq,t2.pc,6,62,15955,15958
seq,t3.pc,6,0,15956,15959
seq,t0.dl,12,43,15957,15960
seq,t0.pc,6,44,15957,15960
seq,t1.pc,6,50,15958,15961
seq,t2.pc,6,62,15959,15962
seq,t3.pc,6,0,15960,15963
seq,t0.dl,12,42,15961,15964
seq,t0.pc,6,44,15961,15964
seq,t1.pc,6,50,15962,15965
seq,t2.pc,6,62,15963,15966
seq,t3.pc,6,0,15964,15967
seq,t0.dl,12,41,15965,15968
seq,t0.pc,6,44,15965,15968
seq,t1.pc,6,50,15966,15969
seq,t2.pc,6,62,15967,15970
seq,t3.pc,6,0,15968,15971
seq,t0.dl,12,40,15969,15972
seq,t0.pc,6,44,15969,15972
seq,t1.pc,6,50,15970,15973
seq,t2.pc,6,62,15971,15974
seq,t3.pc,6,0,15972,15975
seq,t0.dl,12,39,15973,15976
seq,t0.pc,6,44,15973,15976
seq,t1.pc,6,50,15974,15977
seq,t2.pc,6,62,15975,15978
seq,t3.pc,6,0,15976,15979
seq,t0.dl,12,38,15977,15980
seq,t0.pc,6,44,15977,15980
seq,t1.pc,6,50,15978,15981
seq,t2.pc,6,62,15979,15982
seq,t3.pc,6,0,15980,15983
seq,t0.dl,12,37,15981,15984
seq,t0.pc,6,44,15981,15984
seq,t1.pc,6,50,15982,15985
seq,t2.pc,6,62,15983,15986
seq,t3.pc,6,0,15984,15987
seq,t0.dl,12,36,15985,15988
seq,t0.pc,6,44,15985,15988
seq,t1.pc,6,50,15986,15989
seq,t2.pc,6,62,15987,15990
seq,t3.pc,6,0,15988,15991
seq,t0.dl,12,35,15989,15992
seq,t0.pc,6,44,15989,15992
seq,t1.pc,6,50,15990,15993
seq,t2.pc,6,62,15991,15994
seq,t3.pc,6,0,15992,15995
seq,t0.dl,12,34,15993,15996
seq,t0.pc,6,44,15993,15996
seq,t1.pc,6,50,15994,15997
seq,t2.pc,6,62,15995,15998
seq,t3.pc,6,0,15996,15999
seq,t0.dl,12,33,15997,16000
seq,t0.pc,6,44,15997,16000
seq,t1.pc,6,50,15998,16001
seq,t2.pc,6,62,15999,16002
seq,t3.pc,6,0,16000,16003
seq,t0.dl,12,32,16001,16004
seq,t0.pc,6,44,16001,16004
seq,t1.pc,6,50,16002,16005
seq,t2.pc,6,62,16003,16006
seq,t3.pc,6,0,16004,16007
seq,t0.dl,12,31,16005,16008
seq,t0.pc,6,44,16005,16008
seq,t1.pc,6,50,16006,16009
seq,t2.pc,6,62,16007,16010
seq,t3.pc,6,0,16008,16011
seq,t0.dl,12,30,16009,16012
seq,t0.pc,6,44,16009,16012
seq,t1.pc,6,50,16010,16013
seq,t2.pc,6,62,16011,16014
seq,t3.pc,6,0,16012,16015
seq,t0.dl,12,29,16013,16016
seq,t0.pc,6,44,16013,16016
seq,t1.pc,6,50,16014,16017
seq,t2.pc,6,62,16015,16018
seq,t3.pc,6,0,16016,16019
seq,t0.dl,12,28,16017,16020
seq,t0.pc,6,44,16017,16020
seq,t1.pc,6,50,16018,16021
seq,t2.pc,6,62,16019,16022
seq,t3.pc,6,0,16020,16023
seq,t0.dl,12,27,16021,16024
seq,t0.pc,6,44,16021,16024
seq,t1.pc,6,50,16022,16025
seq,t2.pc,6,62,16023,16026
seq,t3.pc,6,0,16024,16027
seq,t0.dl,12,26,16025,16028
seq,t0.pc,6,44,16025,16028
seq,t1.pc,6,50,16026,16029
seq,t2.pc,6,62,16027,16030
seq,t3.pc,6,0,16028,16031
seq,t0.dl,12,25,16029,16032
seq,t0.pc,6,44,16029,16032
seq,t1.pc,6,50,16030,16033
seq,t2.pc,6,62,16031,16034
seq,t3.pc,6,0,16032,16035
seq,t0.dl,12,24,16033,16036
seq,t0.pc,6,44,16033,16036
seq,t1.pc,6,50,16034,16037
seq,t2.pc,6,62,16035,16038
seq,t3.pc,6,0,16036,16039
seq,t0.dl,12,23,16037,16040
seq,t0.pc,6,44,16037,16040
seq,t1.pc,6,50,16038,16041
seq,t2.pc,6,62,16039,16042
seq,t3.pc,6,0,16040,16043
seq,t0.dl,12,22,16041,16044
seq,t0.pc,6,44,16041,16044
seq,t1.pc,6,50,16042,16045
seq,t2.pc,6,62,16043,16046
seq,t3.pc,6,0,16044,16047
seq,t0.dl,12,21,16045,16048
seq,t0.pc,6,44,16045,16048
seq,t1.pc,6,50,16046,16049
seq,t2.pc,6,62,16047,16050
seq,t3.pc,6,0,16048,16051
seq,t0.dl,12,20,16049,16052
seq,t0.pc,6,44,16049,16052
seq,t1.pc,6,50,16050,16053
seq,t2.pc,6,62,16051,16054
seq,t3.pc,6,0,16052,16055
seq,t0.dl,12,19,16053,16056
seq,t0.pc,6,44,16053,16056
seq,t1.pc,6,50,16054,16057
seq,t2.pc,6,62,16055,16058
seq,t3.pc,6,0,16056,16059
seq,t0.dl,12,18,16057,16060
seq,t0.pc,6,44,16057,16060
seq,t1.pc,6,50,16058,16061
seq,t2.pc,6,62,16059,16062
seq,t3.pc,6,0,16060,16063
seq,t0.dl,12,17,16061,16064
seq,t0.pc,6,44,16061,16064
seq,t1.pc,6,50,16062,16065
seq,t2.pc,6,62,16063,16066
seq,t3.pc,6,0,16064,16067
seq,t0.dl,12,16,16065,16068
seq,t0.pc,6,44,16065,16068
seq,t1.pc,6,50,16066,16069
seq,t2.pc,6,62,16067,16070
seq,t3.pc,6,0,16068,16071
seq,t0.dl,12,15,16069,16072
seq,t0.pc,6,44,16069,16072
seq,t1.pc,6,50,16070,16073
seq,t2.pc,6,62,16071,16074
seq,t3.pc,6,0,16072,16075
seq,t0.dl,12,14,16073,16076
seq,t0.pc,6,44,16073,16076
seq,t1.pc,6,50,16074,16077
seq,t2.pc,6,62,16075,16078
seq,t3.pc,6,0,16076,16079
seq,t0.dl,12,13,16077,16080
seq,t0.pc,6,44,16077,16080
seq,t1.pc,6,50,16078,16081
seq,t2.pc,6,62,16079,16082
seq,t3.pc,6,0,16080,16083
seq,t0.dl,12,12,16081,16084
seq,t0.pc,6,44,16081,16084
seq,t1.pc,6,50,16082,16085
seq,t2.pc,6,62,16083,16086
seq,t3.pc,6,0,16084,16087
seq,t0.dl,12,11,16085,16088
seq,t0.pc,6,44,16085,16088
seq,t1.pc,6,50,16086,16089
seq,t2.pc,6,62,16087,16090
seq,t3.pc,6,0,16088,16091
seq,t0.dl,12,10,16089,16092
seq,t0.pc,6,44,16089,16092
seq,t1.pc,6,50,16090,16093
seq,t2.pc,6,62,16091,16094
seq,t3.pc,6,0,16092,16095
seq,t0.dl,12,9,16093,16096
seq,t0.pc,6,44,16093,16096
seq,t1.pc,6,50,16094,16097
seq,t2.pc,6,62,16095,16098
seq,t3.pc,6,0,16096,16099
seq,t0.dl,12,8,16097,16100
seq,t0.pc,6,44,16097,16100
seq,t1.pc,6,50,16098,16101
seq,t2.pc,6,62,16099,16102
seq,t3.pc,6,0,16100,16103
seq,t0.dl,12,7,16101,16104
seq,t0.pc,6,44,16101,16104
seq,t1.pc,6,50,16102,16105
seq,t2.pc,6,62,16103,16106
seq,t3.pc,6,0,16104,16107
seq,t0.dl,12,6,16105,16108
seq,t0.pc,6,44,16105,16108
seq,t1.pc,6,50,16106,16109
seq,t2.pc,6,62,16107,16110
seq,t3.pc,6,0,16108,16111
seq,t0.dl,12,5,16109,16112
seq,t0.pc,6,44,16109,16112
seq,t1.pc,6,50,16110,16113
seq,t2.pc,6,62,16111,16114
seq,t3.pc,6,0,16112,16115
seq,t0.dl,12,4,16113,16116
seq,t0.pc,6,44,16113,16116
seq,t1.pc,6,50,16114,16117
seq,t2.pc,6,62,16115,16118
seq,t3.pc,6,0,16116,16119
seq,t0.dl,12,3,16117,16120
seq,t0.pc,6,44,16117,16120
seq,t1.pc,6,50,16118,16121
seq,t2.pc,6,62,16119,16122
seq,t3.pc,6,0,16120,16123
seq,t0.dl,12,2,16121,16124
seq,t0.pc,6,44,16121,16124
seq,t1.pc,6,50,16122,16125
seq,t2.pc,6,62,16123,16126
seq,t3.pc,6,0,16124,16127
seq,t0.dl,12,1,16125,16128
seq,t0.pc,6,44,16125,16128
seq,t1.pc,6,50,16126,16129
seq,t2.pc,6,62,16127,16130
seq,t3.pc,6,0,16128,16131
seq,t0.pc,6,44,16129,16132
seq,t1.pc,6,50,16130,16133
seq,t2.pc,6,62,16131,16134
seq,t3.pc,6,0,16132,16135
seq,t0.pc,6,45,16133,16136
seq,t1.pc,6,50,16134,16137
seq,t2.pc,6,62,16135,16138
seq,t3.pc,6,0,16136,16139
seq,t0.acc,8,0,15705,16140
seq,t0.cnt,12,2,15705,16140
seq,t0.pc,6,42,16137,16140
seq,t1.pc,6,50,16138,16141
seq,t2.pc,6,62,16139,16142
seq,t3.pc,6,0,16140,16143
seq,t0.dl,12,0,16129,16132
seq,t0.pc,6,43,16141,16144
seq,t1.pc,6,50,16142,16145
seq,t2.pc,6,62,16143,16146
seq,t3.pc,6,0,16144,16147
seq,t0.dl,12,105,16145,16148
seq,t0.pc,6,44,16145,16148
seq,t1.pc,6,50,16146,16149
seq,t2.pc,6,62,16147,16150
seq,t3.pc,6,0,16148,16151
seq,t0.dl,12,104,16149,16152
seq,t0.pc,6,44,16149,16152
seq,t1.pc,6,50,16150,16153
seq,t2.pc,6,62,16151,16154
seq,t3.pc,6,0,16152,16155
seq,t0.dl,12,103,16153,16156
seq,t0.pc,6,44,16153,16156
seq,t1.pc,6,50,16154,16157
seq,t2.pc,6,62,16155,16158
seq,t3.pc,6,0,16156,16159
seq,t0.dl,12,102,16157,16160
seq,t0.pc,6,44,16157,16160
seq,t1.pc,6,50,16158,16161
seq,t2.pc,6,62,16159,16162
seq,t3.pc,6,0,16160,16163
seq,t0.dl,12,101,16161,16164
seq,t0.pc,6,44,16161,16164
seq,t1.pc,6,50,16162,16165
seq,t2.pc,6,62,16163,16166
seq,t3.pc,6,0,16164,16167
seq,t0.dl,12,100,16165,16168
seq,t0.pc,6,44,16165,16168
seq,t1.pc,6,50,16166,16169
seq,t2.pc,6,62,16167,16170
seq,t3.pc,6,0,16168,16171
seq,t0.dl,12,99,16169,16172
seq,t0.pc,6,44,16169,16172
seq,t1.pc,6,50,16170,16173
seq,t2.pc,6,62,16171,16174
seq,t3.pc,6,0,16172,16175
seq,t0.dl,12,98,16173,16176
seq,t0.pc,6,44,16173,16176
seq,t1.pc,6,50,16174,16177
seq,t2.pc,6,62,16175,16178
seq,t3.pc,6,0,16176,16179
seq,t0.dl,12,97,16177,16180
seq,t0.pc,6,44,16177,16180
seq,t1.pc,6,50,16178,16181
seq,t2.pc,6,62,16179,16182
seq,t3.pc,6,0,16180,16183
seq,t0.dl,12,96,16181,16184
seq,t0.pc,6,44,16181,16184
seq,t1.pc,6,50,16182,16185
seq,t2.pc,6,62,16183,16186
seq,t3.pc,6,0,16184,16187
seq,t0.dl,12,95,16185,16188
seq,t0.pc,6,44,16185,16188
seq,t1.pc,6,50,16186,16189
seq,t2.pc,6,62,16187,16190
seq,t3.pc,6,0,16188,16191
seq,t0.dl,12,94,16189,16192
seq,t0.pc,6,44,16189,16192
seq,t1.pc,6,50,16190,16193
seq,t2.pc,6,62,16191,16194
seq,t3.pc,6,0,16192,16195
seq,t0.dl,12,93,16193,16196
seq,t0.pc,6,44,16193,16196
seq,t1.pc,6,50,16194,16197
seq,t2.pc,6,62,16195,16198
seq,t3.pc,6,0,16196,16199
seq,t0.dl,12,92,16197,16200
seq,t0.pc,6,44,16197,16200
seq,t1.pc,6,50,16198,16201
seq,t2.pc,6,62,16199,16202
seq,t3.pc,6,0,16200,16203
seq,t0.dl,12,91,16201,16204
seq,t0.pc,6,44,16201,16204
seq,t1.pc,6,50,16202,16205
seq,t2.pc,6,62,16203,16206
seq,t3.pc,6,0,16204,16207
seq,t0.dl,12,90,16205,16208
seq,t0.pc,6,44,16205,16208
seq,t1.pc,6,50,16206,16209
seq,t2.pc,6,62,16207,16210
seq,t3.pc,6,0,16208,16211
seq,t0.dl,12,89,16209,16212
seq,t0.pc,6,44,16209,16212
seq,t1.pc,6,50,16210,16213
seq,t2.pc,6,62,16211,16214
seq,t3.pc,6,0,16212,16215
seq,t0.dl,12,88,16213,16216
seq,t0.pc,6,44,16213,16216
seq,t1.pc,6,50,16214,16217
seq,t2.pc,6,62,16215,16218
seq,t3.pc,6,0,16216,16219
seq,t0.dl,12,87,16217,16220
seq,t0.pc,6,44,16217,16220
seq,t1.pc,6,50,16218,16221
seq,t2.pc,6,62,16219,16222
seq,t3.pc,6,0,16220,16223
seq,t0.dl,12,86,16221,16224
seq,t0.pc,6,44,16221,16224
seq,t1.pc,6,50,16222,16225
seq,t2.pc,6,62,16223,16226
seq,t3.pc,6,0,16224,16227
seq,t0.dl,12,85,16225,16228
seq,t0.pc,6,44,16225,16228
seq,t1.pc,6,50,16226,16229
seq,t2.pc,6,62,16227,16230
seq,t3.pc,6,0,16228,16231
seq,t0.dl,12,84,16229,16232
seq,t0.pc,6,44,16229,16232
seq,t1.pc,6,50,16230,16233
seq,t2.pc,6,62,16231,16234
seq,t3.pc,6,0,16232,16235
seq,t0.dl,12,83,16233,16236
seq,t0.pc,6,44,16233,16236
seq,t1.pc,6,50,16234,16237
seq,t2.pc,6,62,16235,16238
seq,t3.pc,6,0,16236,16239
seq,t0.dl,12,82,16237,16240
seq,t0.pc,6,44,16237,16240
seq,t1.pc,6,50,16238,16241
seq,t2.pc,6,62,16239,16242
seq,t3.pc,6,0,16240,16243
seq,t0.dl,12,81,16241,16244
seq,t0.pc,6,44,16241,16244
seq,t1.pc,6,50,16242,16245
seq,t2.pc,6,62,16243,16246
seq,t3.pc,6,0,16244,16247
seq,t0.dl,12,80,16245,16248
seq,t0.pc,6,44,16245,16248
seq,t1.pc,6,50,16246,16249
seq,t2.pc,6,62,16247,16250
seq,t3.pc,6,0,16248,16251
seq,t0.dl,12,79,16249,16252
seq,t0.pc,6,44,16249,16252
seq,t1.pc,6,50,16250,16253
seq,t2.pc,6,62,16251,16254
seq,t3.pc,6,0,16252,16255
seq,t0.dl,12,78,16253,16256
seq,t0.pc,6,44,16253,16256
seq,t1.pc,6,50,16254,16257
seq,t2.pc,6,62,16255,16258
seq,t3.pc,6,0,16256,16259
seq,t0.dl,12,77,16257,16260
seq,t0.pc,6,44,16257,16260
seq,t1.pc,6,50,16258,16261
seq,t2.pc,6,62,16259,16262
seq,t3.pc,6,0,16260,16263
seq,t0.dl,12,76,16261,16264
seq,t0.pc,6,44,16261,16264
seq,t1.pc,6,50,16262,16265
seq,t2.pc,6,62,16263,16266
seq,t3.pc,6,0,16264,16267
seq,t0.dl,12,75,16265,16268
seq,t0.pc,6,44,16265,16268
seq,t1.pc,6,50,16266,16269
seq,t2.pc,6,62,16267,16270
seq,t3.pc,6,0,16268,16271
seq,t0.dl,12,74,16269,16272
seq,t0.pc,6,44,16269,16272
seq,t1.pc,6,50,16270,16273
seq,t2.pc,6,62,16271,16274
seq,t3.pc,6,0,16272,16275
seq,t0.dl,12,73,16273,16276
seq,t0.pc,6,44,16273,16276
seq,t1.pc,6,50,16274,16277
seq,t2.pc,6,62,16275,16278
seq,t3.pc,6,0,16276,16279
seq,t0.dl,12,72,16277,16280
seq,t0.pc,6,44,16277,16280
seq,t1.pc,6,50,16278,16281
seq,t2.pc,6,62,16279,16282
seq,t3.pc,6,0,16280,16283
seq,t0.dl,12,71,16281,16284
seq,t0.pc,6,44,16281,16284
seq,t1.pc,6,50,16282,16285
seq,t2.pc,6,62,16283,16286
seq,t3.pc,6,0,16284,16287
seq,t0.dl,12,70,16285,16288
seq,t0.pc,6,44,16285,16288
seq,t1.pc,6,50,16286,16289
seq,t2.pc,6,62,16287,16290
seq,t3.pc,6,0,16288,16291
seq,t0.dl,12,69,16289,16292
seq,t0.pc,6,44,16289,16292
seq,t1.pc,6,50,16290,16293
seq,t2.pc,6,62,16291,16294
seq,t3.pc,6,0,16292,16295
seq,t0.dl,12,68,16293,16296
seq,t0.pc,6,44,16293,16296
seq,t1.pc,6,50,16294,16297
seq,t2.pc,6,62,16295,16298
seq,t3.pc,6,0,16296,16299
seq,t0.dl,12,67,16297,16300
seq,t0.pc,6,44,16297,16300
seq,t1.pc,6,50,16298,16301
seq,t2.pc,6,62,16299,16302
seq,t3.pc,6,0,16300,16303
seq,t0.dl,12,66,16301,16304
seq,t0.pc,6,44,16301,16304
seq,t1.pc,6,50,16302,16305
seq,t2.pc,6,62,16303,16306
seq,t3.pc,6,0,16304,16307
seq,t0.dl,12,65,16305,16308
seq,t0.pc,6,44,16305,16308
seq,t1.pc,6,50,16306,16309
seq,t2.pc,6,62,16307,16310
seq,t3.pc,6,0,16308,16311
seq,t0.dl,12,64,16309,16312
seq,t0.pc,6,44,16309,16312
seq,t1.pc,6,50,16310,16313
seq,t2.pc,6,62,16311,16314
seq,t3.pc,6,0,16312,16315
seq,t0.dl,12,63,16313,16316
seq,t0.pc,6,44,16313,16316
seq,t1.pc,6,50,16314,16317
seq,t2.pc,6,62,16315,16318
seq,t3.pc,6,0,16316,16319
seq,t0.dl,12,62,16317,16320
seq,t0.pc,6,44,16317,16320
seq,t1.pc,6,50,16318,16321
seq,t2.pc,6,62,16319,16322
seq,t3.pc,6,0,16320,16323
seq,t0.dl,12,61,16321,16324
seq,t0.pc,6,44,16321,16324
seq,t1.pc,6,50,16322,16325
seq,t2.pc,6,62,16323,16326
seq,t3.pc,6,0,16324,16327
seq,t0.dl,12,60,16325,16328
seq,t0.pc,6,44,16325,16328
seq,t1.pc,6,50,16326,16329
seq,t2.pc,6,62,16327,16330
seq,t3.pc,6,0,16328,16331
seq,t0.dl,12,59,16329,16332
seq,t0.pc,6,44,16329,16332
seq,t1.pc,6,50,16330,16333
seq,t2.pc,6,62,16331,16334
seq,t3.pc,6,0,16332,16335
seq,t0.dl,12,58,16333,16336
seq,t0.pc,6,44,16333,16336
seq,t1.pc,6,50,16334,16337
seq,t2.pc,6,62,16335,16338
seq,t3.pc,6,0,16336,16339
seq,t0.dl,12,57,16337,16340
seq,t0.pc,6,44,16337,16340
seq,t1.pc,6,50,16338,16341
seq,t2.pc,6,62,16339,16342
seq,t3.pc,6,0,16340,16343
seq,t0.dl,12,56,16341,16344
seq,t0.pc,6,44,16341,16344
seq,t1.pc,6,50,16342,16345
seq,t2.pc,6,62,16343,16346
seq,t3.pc,6,0,16344,16347
seq,t0.dl,12,55,16345,16348
seq,t0.pc,6,44,16345,16348
seq,t1.pc,6,50,16346,16349
seq,t2.pc,6,62,16347,16350
seq,t3.pc,6,0,16348,16351
seq,t0.dl,12,54,16349,16352
seq,t0.pc,6,44,16349,16352
seq,t1.pc,6,50,16350,16353
seq,t2.pc,6,62,16351,16354
seq,t3.pc,6,0,16352,16355
seq,t0.dl,12,53,16353,16356
seq,t0.pc,6,44,16353,16356
seq,t1.pc,6,50,16354,16357
seq,t2.pc,6,62,16355,16358
seq,t3.pc,6,0,16356,16359
seq,t0.dl,12,52,16357,16360
seq,t0.pc,6,44,16357,16360
seq,t1.pc,6,50,16358,16361
seq,t2.pc,6,62,16359,16362
seq,t3.pc,6,0,16360,16363
seq,t0.dl,12,51,16361,16364
seq,t0.pc,6,44,16361,16364
seq,t1.pc,6,50,16362,16365
seq,t2.pc,6,62,16363,16366
seq,t3.pc,6,0,16364,16367
seq,t0.dl,12,50,16365,16368
seq,t0.pc,6,44,16365,16368
seq,t1.pc,6,50,16366,16369
seq,t2.pc,6,62,16367,16370
seq,t3.pc,6,0,16368,16371
seq,t0.dl,12,49,16369,16372
seq,t0.pc,6,44,16369,16372
seq,t1.pc,6,50,16370,16373
seq,t2.pc,6,62,16371,16374
seq,t3.pc,6,0,16372,16375
seq,t0.dl,12,48,16373,16376
seq,t0.pc,6,44,16373,16376
seq,t1.pc,6,50,16374,16377
seq,t2.pc,6,62,16375,16378
seq,t3.pc,6,0,16376,16379
seq,t0.dl,12,47,16377,16380
seq,t0.pc,6,44,16377,16380
seq,t1.pc,6,50,16378,16381
seq,t2.pc,6,62,16379,16382
seq,t3.pc,6,0,16380,16383
seq,t0.dl,12,46,16381,16384
seq,t0.pc,6,44,16381,16384
seq,t1.pc,6,50,16382,16385
seq,t2.pc,6,62,16383,16386
seq,t3.pc,6,0,16384,16387
seq,t0.dl,12,45,16385,16388
seq,t0.pc,6,44,16385,16388
seq,t1.pc,6,50,16386,16389
seq,t2.pc,6,62,16387,16390
seq,t3.pc,6,0,16388,16391
seq,t0.dl,12,44,16389,16392
seq,t0.pc,6,44,16389,16392
seq,t1.pc,6,50,16390,16393
seq,t2.pc,6,62,16391,16394
seq,t3.pc,6,0,16392,16395
seq,t0.dl,12,43,16393,16396
seq,t0.pc,6,44,16393,16396
seq,t1.pc,6,50,16394,16397
seq,t2.pc,6,62,16395,16398
seq,t3.pc,6,0,16396,16399
seq,t0.dl,12,42,16397,16400
seq,t0.pc,6,44,16397,16400
seq,t1.pc,6,50,16398,16401
seq,t2.pc,6,62,16399,16402
seq,t3.pc,6,0,16400,16403
seq,t0.dl,12,41,16401,16404
seq,t0.pc,6,44,16401,16404
seq,t1.pc,6,50,16402,16405
seq,t2.pc,6,62,16403,16406
seq,t3.pc,6,0,16404,16407
seq,t0.dl,12,40,16405,16408
seq,t0.pc,6,44,16405,16408
seq,t1.pc,6,50,16406,16409
seq,t2.pc,6,62,16407,16410
seq,t3.pc,6,0,16408,16411
seq,t0.dl,12,39,16409,16412
seq,t0.pc,6,44,16409,16412
seq,t1.pc,6,50,16410,16413
seq,t2.pc,6,62,16411,16414
seq,t3.pc,6,0,16412,16415
seq,t0.dl,12,38,16413,16416
seq,t0.pc,6,44,16413,16416
seq,t1.pc,6,50,16414,16417
seq,t2.pc,6,62,16415,16418
seq,t3.pc,6,0,16416,16419
seq,t0.dl,12,37,16417,16420
seq,t0.pc,6,44,16417,16420
seq,t1.pc,6,50,16418,16421
seq,t2.pc,6,62,16419,16422
seq,t3.pc,6,0,16420,16423
seq,t0.dl,12,36,16421,16424
seq,t0.pc,6,44,16421,16424
seq,t1.pc,6,50,16422,16425
seq,t2.pc,6,62,16423,16426
seq,t3.pc,6,0,16424,16427
seq,t0.dl,12,35,16425,16428
seq,t0.pc,6,44,16425,16428
seq,t1.pc,6,50,16426,16429
seq,t2.pc,6,62,16427,16430
seq,t3.pc,6,0,16428,16431
seq,t0.dl,12,34,16429,16432
seq,t0.pc,6,44,16429,16432
seq,t1.pc,6,50,16430,16433
seq,t2.pc,6,62,16431,16434
seq,t3.pc,6,0,16432,16435
seq,t0.dl,12,33,16433,16436
seq,t0.pc,6,44,16433,16436
seq,t1.pc,6,50,16434,16437
seq,t2.pc,6,62,16435,16438
seq,t3.pc,6,0,16436,16439
seq,t0.dl,12,32,16437,16440
seq,t0.pc,6,44,16437,16440
seq,t1.pc,6,50,16438,16441
seq,t2.pc,6,62,16439,16442
seq,t3.pc,6,0,16440,16443
seq,t0.dl,12,31,16441,16444
seq,t0.pc,6,44,16441,16444
seq,t1.pc,6,50,16442,16445
seq,t2.pc,6,62,16443,16446
seq,t3.pc,6,0,16444,16447
seq,t0.dl,12,30,16445,16448
seq,t0.pc,6,44,16445,16448
seq,t1.pc,6,50,16446,16449
seq,t2.pc,6,62,16447,16450
seq,t3.pc,6,0,16448,16451
seq,t0.dl,12,29,16449,16452
seq,t0.pc,6,44,16449,16452
seq,t1.pc,6,50,16450,16453
seq,t2.pc,6,62,16451,16454
seq,t3.pc,6,0,16452,16455
seq,t0.dl,12,28,16453,16456
seq,t0.pc,6,44,16453,16456
seq,t1.pc,6,50,16454,16457
seq,t2.pc,6,62,16455,16458
seq,t3.pc,6,0,16456,16459
seq,t0.dl,12,27,16457,16460
seq,t0.pc,6,44,16457,16460
seq,t1.pc,6,50,16458,16461
seq,t2.pc,6,62,16459,16462
seq,t3.pc,6,0,16460,16463
seq,t0.dl,12,26,16461,16464
seq,t0.pc,6,44,16461,16464
seq,t1.pc,6,50,16462,16465
seq,t2.pc,6,62,16463,16466
seq,t3.pc,6,0,16464,16467
seq,t0.dl,12,25,16465,16468
seq,t0.pc,6,44,16465,16468
seq,t1.pc,6,50,16466,16469
seq,t2.pc,6,62,16467,16470
seq,t3.pc,6,0,16468,16471
seq,t0.dl,12,24,16469,16472
seq,t0.pc,6,44,16469,16472
seq,t1.pc,6,50,16470,16473
seq,t2.pc,6,62,16471,16474
seq,t3.pc,6,0,16472,16475
seq,t0.dl,12,23,16473,16476
seq,t0.pc,6,44,16473,16476
seq,t1.pc,6,50,16474,16477
seq,t2.pc,6,62,16475,16478
seq,t3.pc,6,0,16476,16479
seq,t0.dl,12,22,16477,16480
seq,t0.pc,6,44,16477,16480
seq,t1.pc,6,50,16478,16481
seq,t2.pc,6,62,16479,16482
seq,t3.pc,6,0,16480,16483
seq,t0.dl,12,21,16481,16484
seq,t0.pc,6,44,16481,16484
seq,t1.pc,6,50,16482,16485
seq,t2.pc,6,62,16483,16486
seq,t3.pc,6,0,16484,16487
seq,t0.dl,12,20,16485,16488
seq,t0.pc,6,44,16485,16488
seq,t1.pc,6,50,16486,16489
seq,t2.pc,6,62,16487,16490
seq,t3.pc,6,0,16488,16491
seq,t0.dl,12,19,16489,16492
seq,t0.pc,6,44,16489,16492
seq,t1.pc,6,50,16490,16493
seq,t2.pc,6,62,16491,16494
seq,t3.pc,6,0,16492,16495
seq,t0.dl,12,18,16493,16496
seq,t0.pc,6,44,16493,16496
seq,t1.pc,6,50,16494,16497
seq,t2.pc,6,62,16495,16498
seq,t3.pc,6,0,16496,16499
seq,t0.dl,12,17,16497,16500
seq,t0.pc,6,44,16497,16500
seq,t1.pc,6,50,16498,16501
seq,t2.pc,6,62,16499,16502
seq,t3.pc,6,0,16500,16503
seq,t0.dl,12,16,16501,16504
seq,t0.pc,6,44,16501,16504
seq,t1.pc,6,50,16502,16505
seq,t2.pc,6,62,16503,16506
seq,t3.pc,6,0,16504,16507
seq,t0.dl,12,15,16505,16508
seq,t0.pc,6,44,16505,16508
seq,t1.pc,6,50,16506,16509
seq,t2.pc,6,62,16507,16510
seq,t3.pc,6,0,16508,16511
seq,t0.dl,12,14,16509,16512
seq,t0.pc,6,44,16509,16512
seq,t1.pc,6,50,16510,16513
seq,t2.pc,6,62,16511,16514
seq,t3.pc,6,0,16512,16515
seq,t0.dl,12,13,16513,16516
seq,t0.pc,6,44,16513,16516
seq,t1.pc,6,50,16514,16517
seq,t2.pc,6,62,16515,16518
seq,t3.pc,6,0,16516,16519
seq,t0.dl,12,12,16517,16520
seq,t0.pc,6,44,16517,16520
seq,t1.pc,6,50,16518,16521
seq,t2.pc,6,62,16519,16522
seq,t3.pc,6,0,16520,16523
seq,t0.dl,12,11,16521,16524
seq,t0.pc,6,44,16521,16524
seq,t1.pc,6,50,16522,16525
seq,t2.pc,6,62,16523,16526
seq,t3.pc,6,0,16524,16527
seq,t0.dl,12,10,16525,16528
seq,t0.pc,6,44,16525,16528
seq,t1.pc,6,50,16526,16529
seq,t2.pc,6,62,16527,16530
seq,t3.pc,6,0,16528,16531
seq,t0.dl,12,9,16529,16532
seq,t0.pc,6,44,16529,16532
seq,t1.pc,6,50,16530,16533
seq,t2.pc,6,62,16531,16534
seq,t3.pc,6,0,16532,16535
seq,t0.dl,12,8,16533,16536
seq,t0.pc,6,44,16533,16536
seq,t1.pc,6,50,16534,16537
seq,t2.pc,6,62,16535,16538
seq,t3.pc,6,0,16536,16539
seq,t0.dl,12,7,16537,16540
seq,t0.pc,6,44,16537,16540
seq,t1.pc,6,50,16538,16541
seq,t2.pc,6,62,16539,16542
seq,t3.pc,6,0,16540,16543
seq,t0.dl,12,6,16541,16544
seq,t0.pc,6,44,16541,16544
seq,t1.pc,6,50,16542,16545
seq,t2.pc,6,62,16543,16546
seq,t3.pc,6,0,16544,16547
seq,t0.dl,12,5,16545,16548
seq,t0.pc,6,44,16545,16548
seq,t1.pc,6,50,16546,16549
seq,t2.pc,6,62,16547,16550
seq,t3.pc,6,0,16548,16551
seq,t0.dl,12,4,16549,16552
seq,t0.pc,6,44,16549,16552
seq,t1.pc,6,50,16550,16553
seq,t2.pc,6,62,16551,16554
seq,t3.pc,6,0,16552,16555
seq,t0.dl,12,3,16553,16556
seq,t0.pc,6,44,16553,16556
seq,t1.pc,6,50,16554,16557
seq,t2.pc,6,62,16555,16558
seq,t3.pc,6,0,16556,16559
seq,t0.dl,12,2,16557,16560
seq,t0.pc,6,44,16557,16560
seq,t1.pc,6,50,16558,16561
seq,t2.pc,6,62,16559,16562
seq,t3.pc,6,0,16560,16563
seq,t0.dl,12,1,16561,16564
seq,t0.pc,6,44,16561,16564
seq,t1.pc,6,50,16562,16565
seq,t2.pc,6,62,16563,16566
seq,t3.pc,6,0,16564,16567
seq,t0.pc,6,44,16565,16568
seq,t1.pc,6,50,16566,16569
seq,t2.pc,6,62,16567,16570
seq,t3.pc,6,0,16568,16571
seq,t0.pc,6,45,16569,16572
seq,t1.pc,6,50,16570,16573
seq,t2.pc,6,62,16571,16574
seq,t3.pc,6,0,16572,16575
seq,t0.acc,8,0,16141,16576
seq,t0.cnt,12,1,16141,16576
seq,t0.pc,6,42,16573,16576
seq,t1.pc,6,50,16574,16577
seq,t2.pc,6,62,16575,16578
seq,t3.pc,6,0,16576,16579
seq,t0.dl,12,0,16565,16568
seq,t0.pc,6,43,16577,16580
seq,t1.pc,6,50,16578,16581
seq,t2.pc,6,62,16579,16582
seq,t3.pc,6,0,16580,16583
seq,t0.dl,12,105,16581,16584
seq,t0.pc,6,44,16581,16584
seq,t1.pc,6,50,16582,16585
seq,t2.pc,6,62,16583,16586
seq,t3.pc,6,0,16584,16587
seq,t0.dl,12,104,16585,16588
seq,t0.pc,6,44,16585,16588
seq,t1.pc,6,50,16586,16589
seq,t2.pc,6,62,16587,16590
seq,t3.pc,6,0,16588,16591
seq,t0.dl,12,103,16589,16592
seq,t0.pc,6,44,16589,16592
seq,t1.pc,6,50,16590,16593
seq,t2.pc,6,62,16591,16594
seq,t3.pc,6,0,16592,16595
seq,t0.dl,12,102,16593,16596
seq,t0.pc,6,44,16593,16596
seq,t1.pc,6,50,16594,16597
seq,t2.pc,6,62,16595,16598
seq,t3.pc,6,0,16596,16599
seq,t0.dl,12,101,16597,16600
seq,t0.pc,6,44,16597,16600
seq,t1.pc,6,50,16598,16601
seq,t2.pc,6,62,16599,16602
seq,t3.pc,6,0,16600,16603
seq,t0.dl,12,100,16601,16604
seq,t0.pc,6,44,16601,16604
seq,t1.pc,6,50,16602,16605
seq,t2.pc,6,62,16603,16606
seq,t3.pc,6,0,16604,16607
seq,t0.dl,12,99,16605,16608
seq,t0.pc,6,44,16605,16608
seq,t1.pc,6,50,16606,16609
seq,t2.pc,6,62,16607,16610
seq,t3.pc,6,0,16608,16611
seq,t0.dl,12,98,16609,16612
seq,t0.pc,6,44,16609,16612
seq,t1.pc,6,50,16610,16613
seq,t2.pc,6,62,16611,16614
seq,t3.pc,6,0,16612,16615
seq,t0.dl,12,97,16613,16616
seq,t0.pc,6,44,16613,16616
seq,t1.pc,6,50,16614,16617
seq,t2.pc,6,62,16615,16618
seq,t3.pc,6,0,16616,16619
seq,t0.dl,12,96,16617,16620
seq,t0.pc,6,44,16617,16620
seq,t1.pc,6,50,16618,16621
seq,t2.pc,6,62,16619,16622
seq,t3.pc,6,0,16620,16623
seq,t0.dl,12,95,16621,16624
seq,t0.pc,6,44,16621,16624
seq,t1.pc,6,50,16622,16625
seq,t2.pc,6,62,16623,16626
seq,t3.pc,6,0,16624,16627
seq,t0.dl,12,94,16625,16628
seq,t0.pc,6,44,16625,16628
seq,t1.pc,6,50,16626,16629
seq,t2.pc,6,62,16627,16630
seq,t3.pc,6,0,16628,16631
seq,t0.dl,12,93,16629,16632
seq,t0.pc,6,44,16629,16632
seq,t1.pc,6,50,16630,16633
seq,t2.pc,6,62,16631,16634
seq,t3.pc,6,0,16632,16635
seq,t0.dl,12,92,16633,16636
seq,t0.pc,6,44,16633,16636
seq,t1.pc,6,50,16634,16637
seq,t2.pc,6,62,16635,16638
seq,t3.pc,6,0,16636,16639
seq,t0.dl,12,91,16637,16640
seq,t0.pc,6,44,16637,16640
seq,t1.pc,6,50,16638,16641
seq,t2.pc,6,62,16639,16642
seq,t3.pc,6,0,16640,16643
seq,t0.dl,12,90,16641,16644
seq,t0.pc,6,44,16641,16644
seq,t1.pc,6,50,16642,16645
seq,t2.pc,6,62,16643,16646
seq,t3.pc,6,0,16644,16647
seq,t0.dl,12,89,16645,16648
seq,t0.pc,6,44,16645,16648
seq,t1.pc,6,50,16646,16649
seq,t2.pc,6,62,16647,16650
seq,t3.pc,6,0,16648,16651
seq,t0.dl,12,88,16649,16652
seq,t0.pc,6,44,16649,16652
seq,t1.pc,6,50,16650,16653
seq,t2.pc,6,62,16651,16654
seq,t3.pc,6,0,16652,16655
seq,t0.dl,12,87,16653,16656
seq,t0.pc,6,44,16653,16656
seq,t1.pc,6,50,16654,16657
seq,t2.pc,6,62,16655,16658
seq,t3.pc,6,0,16656,16659
seq,t0.dl,12,86,16657,16660
seq,t0.pc,6,44,16657,16660
seq,t1.pc,6,50,16658,16661
seq,t2.pc,6,62,16659,16662
seq,t3.pc,6,0,16660,16663
seq,t0.dl,12,85,16661,16664
seq,t0.pc,6,44,16661,16664
seq,t1.pc,6,50,16662,16665
seq,t2.pc,6,62,16663,16666
seq,t3.pc,6,0,16664,16667
seq,t0.dl,12,84,16665,16668
seq,t0.pc,6,44,16665,16668
seq,t1.pc,6,50,16666,16669
seq,t2.pc,6,62,16667,16670
seq,t3.pc,6,0,16668,16671
seq,t0.dl,12,83,16669,16672
seq,t0.pc,6,44,16669,16672
seq,t1.pc,6,50,16670,16673
seq,t2.pc,6,62,16671,16674
seq,t3.pc,6,0,16672,16675
seq,t0.dl,12,82,16673,16676
seq,t0.pc,6,44,16673,16676
seq,t1.pc,6,50,16674,16677
seq,t2.pc,6,62,16675,16678
seq,t3.pc,6,0,16676,16679
seq,t0.dl,12,81,16677,16680
seq,t0.pc,6,44,16677,16680
seq,t1.pc,6,50,16678,16681
seq,t2.pc,6,62,16679,16682
seq,t3.pc,6,0,16680,16683
seq,t0.dl,12,80,16681,16684
seq,t0.pc,6,44,16681,16684
seq,t1.pc,6,50,16682,16685
seq,t2.pc,6,62,16683,16686
seq,t3.pc,6,0,16684,16687
seq,t0.dl,12,79,16685,16688
seq,t0.pc,6,44,16685,16688
seq,t1.pc,6,50,16686,16689
seq,t2.pc,6,62,16687,16690
seq,t3.pc,6,0,16688,16691
seq,t0.dl,12,78,16689,16692
seq,t0.pc,6,44,16689,16692
seq,t1.pc,6,50,16690,16693
seq,t2.pc,6,62,16691,16694
seq,t3.pc,6,0,16692,16695
seq,t0.dl,12,77,16693,16696
seq,t0.pc,6,44,16693,16696
seq,t1.pc,6,50,16694,16697
seq,t2.pc,6,62,16695,16698
seq,t3.pc,6,0,16696,16699
seq,t0.dl,12,76,16697,16700
seq,t0.pc,6,44,16697,16700
seq,t1.pc,6,50,16698,16701
seq,t2.pc,6,62,16699,16702
seq,t3.pc,6,0,16700,16703
seq,t0.dl,12,75,16701,16704
seq,t0.pc,6,44,16701,16704
seq,t1.pc,6,50,16702,16705
seq,t2.pc,6,62,16703,16706
seq,t3.pc,6,0,16704,16707
seq,t0.dl,12,74,16705,16708
seq,t0.pc,6,44,16705,16708
seq,t1.pc,6,50,16706,16709
seq,t2.pc,6,62,16707,16710
seq,t3.pc,6,0,16708,16711
seq,t0.dl,12,73,16709,16712
seq,t0.pc,6,44,16709,16712
seq,t1.pc,6,50,16710,16713
seq,t2.pc,6,62,16711,16714
seq,t3.pc,6,0,16712,16715
seq,t0.dl,12,72,16713,16716
seq,t0.pc,6,44,16713,16716
seq,t1.pc,6,50,16714,16717
seq,t2.pc,6,62,16715,16718
seq,t3.pc,6,0,16716,16719
seq,t0.dl,12,71,16717,16720
seq,t0.pc,6,44,16717,16720
seq,t1.pc,6,50,16718,16721
seq,t2.pc,6,62,16719,16722
seq,t3.pc,6,0,16720,16723
seq,t0.dl,12,70,16721,16724
seq,t0.pc,6,44,16721,16724
seq,t1.pc,6,50,16722,16725
seq,t2.pc,6,62,16723,16726
seq,t3.pc,6,0,16724,16727
seq,t0.dl,12,69,16725,16728
seq,t0.pc,6,44,16725,16728
seq,t1.pc,6,50,16726,16729
seq,t2.pc,6,62,16727,16730
seq,t3.pc,6,0,16728,16731
seq,t0.dl,12,68,16729,16732
seq,t0.pc,6,44,16729,16732
seq,t1.pc,6,50,16730,16733
seq,t2.pc,6,62,16731,16734
seq,t3.pc,6,0,16732,16735
seq,t0.dl,12,67,16733,16736
seq,t0.pc,6,44,16733,16736
seq,t1.pc,6,50,16734,16737
seq,t2.pc,6,62,16735,16738
seq,t3.pc,6,0,16736,16739
seq,t0.dl,12,66,16737,16740
seq,t0.pc,6,44,16737,16740
seq,t1.pc,6,50,16738,16741
seq,t2.pc,6,62,16739,16742
seq,t3.pc,6,0,16740,16743
seq,t0.dl,12,65,16741,16744
seq,t0.pc,6,44,16741,16744
seq,t1.pc,6,50,16742,16745
seq,t2.pc,6,62,16743,16746
seq,t3.pc,6,0,16744,16747
seq,t0.dl,12,64,16745,16748
seq,t0.pc,6,44,16745,16748
seq,t1.pc,6,50,16746,16749
seq,t2.pc,6,62,16747,16750
seq,t3.pc,6,0,16748,16751
seq,t0.dl,12,63,16749,16752
seq,t0.pc,6,44,16749,16752
seq,t1.pc,6,50,16750,16753
seq,t2.pc,6,62,16751,16754
seq,t3.pc,6,0,16752,16755
seq,t0.dl,12,62,16753,16756
seq,t0.pc,6,44,16753,16756
seq,t1.pc,6,50,16754,16757
seq,t2.pc,6,62,16755,16758
seq,t3.pc,6,0,16756,16759
seq,t0.dl,12,61,16757,16760
seq,t0.pc,6,44,16757,16760
seq,t1.pc,6,50,16758,16761
seq,t2.pc,6,62,16759,16762
seq,t3.pc,6,0,16760,16763
seq,t0.dl,12,60,16761,16764
seq,t0.pc,6,44,16761,16764
seq,t1.pc,6,50,16762,16765
seq,t2.pc,6,62,16763,16766
seq,t3.pc,6,0,16764,16767
seq,t0.dl,12,59,16765,16768
seq,t0.pc,6,44,16765,16768
seq,t1.pc,6,50,16766,16769
seq,t2.pc,6,62,16767,16770
seq,t3.pc,6,0,16768,16771
seq,t0.dl,12,58,16769,16772
seq,t0.pc,6,44,16769,16772
seq,t1.pc,6,50,16770,16773
seq,t2.pc,6,62,16771,16774
seq,t3.pc,6,0,16772,16775
seq,t0.dl,12,57,16773,16776
seq,t0.pc,6,44,16773,16776
seq,t1.pc,6,50,16774,16777
seq,t2.pc,6,62,16775,16778
seq,t3.pc,6,0,16776,16779
seq,t0.dl,12,56,16777,16780
seq,t0.pc,6,44,16777,16780
seq,t1.pc,6,50,16778,16781
seq,t2.pc,6,62,16779,16782
seq,t3.pc,6,0,16780,16783
seq,t0.dl,12,55,16781,16784
seq,t0.pc,6,44,16781,16784
seq,t1.pc,6,50,16782,16785
seq,t2.pc,6,62,16783,16786
seq,t3.pc,6,0,16784,16787
seq,t0.dl,12,54,16785,16788
seq,t0.pc,6,44,16785,16788
seq,t1.pc,6,50,16786,16789
seq,t2.pc,6,62,16787,16790
seq,t3.pc,6,0,16788,16791
seq,t0.dl,12,53,16789,16792
seq,t0.pc,6,44,16789,16792
seq,t1.pc,6,50,16790,16793
seq,t2.pc,6,62,16791,16794
seq,t3.pc,6,0,16792,16795
seq,t0.dl,12,52,16793,16796
seq,t0.pc,6,44,16793,16796
seq,t1.pc,6,50,16794,16797
seq,t2.pc,6,62,16795,16798
seq,t3.pc,6,0,16796,16799
seq,t0.dl,12,51,16797,16800
seq,t0.pc,6,44,16797,16800
seq,t1.pc,6,50,16798,16801
seq,t2.pc,6,62,16799,16802
seq,t3.pc,6,0,16800,16803
seq,t0.dl,12,50,16801,16804
seq,t0.pc,6,44,16801,16804
seq,t1.pc,6,50,16802,16805
seq,t2.pc,6,62,16803,16806
seq,t3.pc,6,0,16804,16807
seq,t0.dl,12,49,16805,16808
seq,t0.pc,6,44,16805,16808
seq,t1.pc,6,50,16806,16809
seq,t2.pc,6,62,16807,16810
seq,t3.pc,6,0,16808,16811
seq,t0.dl,12,48,16809,16812
seq,t0.pc,6,44,16809,16812
seq,t1.pc,6,50,16810,16813
seq,t2.pc,6,62,16811,16814
seq,t3.pc,6,0,16812,16815
seq,t0.dl,12,47,16813,16816
seq,t0.pc,6,44,16813,16816
seq,t1.pc,6,50,16814,16817
seq,t2.pc,6,62,16815,16818
seq,t3.pc,6,0,16816,16819
seq,t0.dl,12,46,16817,16820
seq,t0.pc,6,44,16817,16820
seq,t1.pc,6,50,16818,16821
seq,t2.pc,6,62,16819,16822
seq,t3.pc,6,0,16820,16823
seq,t0.dl,12,45,16821,16824
seq,t0.pc,6,44,16821,16824
seq,t1.pc,6,50,16822,16825
seq,t2.pc,6,62,16823,16826
seq,t3.pc,6,0,16824,16827
seq,t0.dl,12,44,16825,16828
seq,t0.pc,6,44,16825,16828
seq,t1.pc,6,50,16826,16829
seq,t2.pc,6,62,16827,16830
seq,t3.pc,6,0,16828,16831
seq,t0.dl,12,43,16829,16832
seq,t0.pc,6,44,16829,16832
seq,t1.pc,6,50,16830,16833
seq,t2.pc,6,62,16831,16834
seq,t3.pc,6,0,16832,16835
seq,t0.dl,12,42,16833,16836
seq,t0.pc,6,44,16833,16836
seq,t1.pc,6,50,16834,16837
seq,t2.pc,6,62,16835,16838
seq,t3.pc,6,0,16836,16839
seq,t0.dl,12,41,16837,16840
seq,t0.pc,6,44,16837,16840
seq,t1.pc,6,50,16838,16841
seq,t2.pc,6,62,16839,16842
seq,t3.pc,6,0,16840,16843
seq,t0.dl,12,40,16841,16844
seq,t0.pc,6,44,16841,16844
seq,t1.pc,6,50,16842,16845
seq,t2.pc,6,62,16843,16846
seq,t3.pc,6,0,16844,16847
seq,t0.dl,12,39,16845,16848
seq,t0.pc,6,44,16845,16848
seq,t1.pc,6,50,16846,16849
seq,t2.pc,6,62,16847,16850
seq,t3.pc,6,0,16848,16851
seq,t0.dl,12,38,16849,16852
seq,t0.pc,6,44,16849,16852
seq,t1.pc,6,50,16850,16853
seq,t2.pc,6,62,16851,16854
seq,t3.pc,6,0,16852,16855
seq,t0.dl,12,37,16853,16856
seq,t0.pc,6,44,16853,16856
seq,t1.pc,6,50,16854,16857
seq,t2.pc,6,62,16855,16858
seq,t3.pc,6,0,16856,16859
seq,t0.dl,12,36,16857,16860
seq,t0.pc,6,44,16857,16860
seq,t1.pc,6,50,16858,16861
seq,t2.pc,6,62,16859,16862
seq,t3.pc,6,0,16860,16863
seq,t0.dl,12,35,16861,16864
seq,t0.pc,6,44,16861,16864
seq,t1.pc,6,50,16862,16865
seq,t2.pc,6,62,16863,16866
seq,t3.pc,6,0,16864,16867
seq,t0.dl,12,34,16865,16868
seq,t0.pc,6,44,16865,16868
seq,t1.pc,6,50,16866,16869
seq,t2.pc,6,62,16867,16870
seq,t3.pc,6,0,16868,16871
seq,t0.dl,12,33,16869,16872
seq,t0.pc,6,44,16869,16872
seq,t1.pc,6,50,16870,16873
seq,t2.pc,6,62,16871,16874
seq,t3.pc,6,0,16872,16875
seq,t0.dl,12,32,16873,16876
seq,t0.pc,6,44,16873,16876
seq,t1.pc,6,50,16874,16877
seq,t2.pc,6,62,16875,16878
seq,t3.pc,6,0,16876,16879
seq,t0.dl,12,31,16877,16880
seq,t0.pc,6,44,16877,16880
seq,t1.pc,6,50,16878,16881
seq,t2.pc,6,62,16879,16882
seq,t3.pc,6,0,16880,16883
seq,t0.dl,12,30,16881,16884
seq,t0.pc,6,44,16881,16884
seq,t1.pc,6,50,16882,16885
seq,t2.pc,6,62,16883,16886
seq,t3.pc,6,0,16884,16887
seq,t0.dl,12,29,16885,16888
seq,t0.pc,6,44,16885,16888
seq,t1.pc,6,50,16886,16889
seq,t2.pc,6,62,16887,16890
seq,t3.pc,6,0,16888,16891
seq,t0.dl,12,28,16889,16892
seq,t0.pc,6,44,16889,16892
seq,t1.pc,6,50,16890,16893
seq,t2.pc,6,62,16891,16894
seq,t3.pc,6,0,16892,16895
seq,t0.dl,12,27,16893,16896
seq,t0.pc,6,44,16893,16896
seq,t1.pc,6,50,16894,16897
seq,t2.pc,6,62,16895,16898
seq,t3.pc,6,0,16896,16899
seq,t0.dl,12,26,16897,16900
seq,t0.pc,6,44,16897,16900
seq,t1.pc,6,50,16898,16901
seq,t2.pc,6,62,16899,16902
seq,t3.pc,6,0,16900,16903
seq,t0.dl,12,25,16901,16904
seq,t0.pc,6,44,16901,16904
seq,t1.pc,6,50,16902,16905
seq,t2.pc,6,62,16903,16906
seq,t3.pc,6,0,16904,16907
seq,t0.dl,12,24,16905,16908
seq,t0.pc,6,44,16905,16908
seq,t1.pc,6,50,16906,16909
seq,t2.pc,6,62,16907,16910
seq,t3.pc,6,0,16908,16911
seq,t0.dl,12,23,16909,16912
seq,t0.pc,6,44,16909,16912
seq,t1.pc,6,50,16910,16913
seq,t2.pc,6,62,16911,16914
seq,t3.pc,6,0,16912,16915
seq,t0.dl,12,22,16913,16916
seq,t0.pc,6,44,16913,16916
seq,t1.pc,6,50,16914,16917
seq,t2.pc,6,62,16915,16918
seq,t3.pc,6,0,16916,16919
seq,t0.dl,12,21,16917,16920
seq,t0.pc,6,44,16917,16920
seq,t1.pc,6,50,16918,16921
seq,t2.pc,6,62,16919,16922
seq,t3.pc,6,0,16920,16923
seq,t0.dl,12,20,16921,16924
seq,t0.pc,6,44,16921,16924
seq,t1.pc,6,50,16922,16925
seq,t2.pc,6,62,16923,16926
seq,t3.pc,6,0,16924,16927
seq,t0.dl,12,19,16925,16928
seq,t0.pc,6,44,16925,16928
seq,t1.pc,6,50,16926,16929
seq,t2.pc,6,62,16927,16930
seq,t3.pc,6,0,16928,16931
seq,t0.dl,12,18,16929,16932
seq,t0.pc,6,44,16929,16932
seq,t1.pc,6,50,16930,16933
seq,t2.pc,6,62,16931,16934
seq,t3.pc,6,0,16932,16935
seq,t0.dl,12,17,16933,16936
seq,t0.pc,6,44,16933,16936
seq,t1.pc,6,50,16934,16937
seq,t2.pc,6,62,16935,16938
seq,t3.pc,6,0,16936,16939
seq,t0.dl,12,16,16937,16940
seq,t0.pc,6,44,16937,16940
seq,t1.pc,6,50,16938,16941
seq,t2.pc,6,62,16939,16942
seq,t3.pc,6,0,16940,16943
seq,t0.dl,12,15,16941,16944
seq,t0.pc,6,44,16941,16944
seq,t1.pc,6,50,16942,16945
seq,t2.pc,6,62,16943,16946
seq,t3.pc,6,0,16944,16947
seq,t0.dl,12,14,16945,16948
seq,t0.pc,6,44,16945,16948
seq,t1.pc,6,50,16946,16949
seq,t2.pc,6,62,16947,16950
seq,t3.pc,6,0,16948,16951
seq,t0.dl,12,13,16949,16952
seq,t0.pc,6,44,16949,16952
seq,t1.pc,6,50,16950,16953
seq,t2.pc,6,62,16951,16954
seq,t3.pc,6,0,16952,16955
seq,t0.dl,12,12,16953,16956
seq,t0.pc,6,44,16953,16956
seq,t1.pc,6,50,16954,16957
seq,t2.pc,6,62,16955,16958
seq,t3.pc,6,0,16956,16959
seq,t0.dl,12,11,16957,16960
seq,t0.pc,6,44,16957,16960
seq,t1.pc,6,50,16958,16961
seq,t2.pc,6,62,16959,16962
seq,t3.pc,6,0,16960,16963
seq,t0.dl,12,10,16961,16964
seq,t0.pc,6,44,16961,16964
seq,t1.pc,6,50,16962,16965
seq,t2.pc,6,62,16963,16966
seq,t3.pc,6,0,16964,16967
seq,t0.dl,12,9,16965,16968
seq,t0.pc,6,44,16965,16968
seq,t1.pc,6,50,16966,16969
seq,t2.pc,6,62,16967,16970
seq,t3.pc,6,0,16968,16971
seq,t0.dl,12,8,16969,16972
seq,t0.pc,6,44,16969,16972
seq,t1.pc,6,50,16970,16973
seq,t2.pc,6,62,16971,16974
seq,t3.pc,6,0,16972,16975
seq,t0.dl,12,7,16973,16976
seq,t0.pc,6,44,16973,16976
seq,t1.pc,6,50,16974,16977
seq,t2.pc,6,62,16975,16978
seq,t3.pc,6,0,16976,16979
seq,t0.dl,12,6,16977,16980
seq,t0.pc,6,44,16977,16980
seq,t1.pc,6,50,16978,16981
seq,t2.pc,6,62,16979,16982
seq,t3.pc,6,0,16980,16983
seq,t0.dl,12,5,16981,16984
seq,t0.pc,6,44,16981,16984
seq,t1.pc,6,50,16982,16985
seq,t2.pc,6,62,16983,16986
seq,t3.pc,6,0,16984,16987
seq,t0.dl,12,4,16985,16988
seq,t0.pc,6,44,16985,16988
seq,t1.pc,6,50,16986,16989
seq,t2.pc,6,62,16987,16990
seq,t3.pc,6,0,16988,16991
seq,t0.dl,12,3,16989,16992
seq,t0.pc,6,44,16989,16992
seq,t1.pc,6,50,16990,16993
seq,t2.pc,6,62,16991,16994
seq,t3.pc,6,0,16992,16995
seq,t0.dl,12,2,16993,16996
seq,t0.pc,6,44,16993,16996
seq,t1.pc,6,50,16994,16997
seq,t2.pc,6,62,16995,16998
seq,t3.pc,6,0,16996,16999
seq,t0.dl,12,1,16997,17000
seq,t0.pc,6,44,16997,17000
seq,t1.pc,6,50,16998,17001
seq,t2.pc,6,62,16999,17002
seq,t3.pc,6,0,17000,17003
seq,t0.pc,6,44,17001,17004
seq,t1.pc,6,50,17002,17005
seq,t2.pc,6,62,17003,17006
seq,t3.pc,6,0,17004,17007
seq,t0.pc,6,45,17005,17008
seq,t1.pc,6,50,17006,17009
seq,t2.pc,6,62,17007,17010
seq,t3.pc,6,0,17008,17011
seq,t0.pc,6,46,17009,17012
seq,t1.pc,6,50,17010,17013
seq,t2.pc,6,62,17011,17014
seq,t3.pc,6,0,17012,17015
seq,t0.dl,12,0,17001,17004
seq,t0.pc,6,47,17013,17016
seq,t1.pc,6,50,17014,17017
seq,t2.pc,6,62,17015,17018
seq,t3.pc,6,0,17016,17019
seq,t0.dl,12,105,17017,17020
seq,t0.pc,6,48,17017,17020
seq,t1.pc,6,50,17018,17021
seq,t2.pc,6,62,17019,17022
seq,t3.pc,6,0,17020,17023
seq,t0.dl,12,104,17021,17024
seq,t0.pc,6,48,17021,17024
seq,t1.pc,6,50,17022,17025
seq,t2.pc,6,62,17023,17026
seq,t3.pc,6,0,17024,17027
seq,t0.dl,12,103,17025,17028
seq,t0.pc,6,48,17025,17028
seq,t1.pc,6,50,17026,17029
seq,t2.pc,6,62,17027,17030
seq,t3.pc,6,0,17028,17031
seq,t0.dl,12,102,17029,17032
seq,t0.pc,6,48,17029,17032
seq,t1.pc,6,50,17030,17033
seq,t2.pc,6,62,17031,17034
seq,t3.pc,6,0,17032,17035
seq,t0.dl,12,101,17033,17036
seq,t0.pc,6,48,17033,17036
seq,t1.pc,6,50,17034,17037
seq,t2.pc,6,62,17035,17038
seq,t3.pc,6,0,17036,17039
seq,t0.dl,12,100,17037,17040
seq,t0.pc,6,48,17037,17040
seq,t1.pc,6,50,17038,17041
seq,t2.pc,6,62,17039,17042
seq,t3.pc,6,0,17040,17043
seq,t0.dl,12,99,17041,17044
seq,t0.pc,6,48,17041,17044
seq,t1.pc,6,50,17042,17045
seq,t2.pc,6,62,17043,17046
seq,t3.pc,6,0,17044,17047
seq,t0.dl,12,98,17045,17048
seq,t0.pc,6,48,17045,17048
seq,t1.pc,6,50,17046,17049
seq,t2.pc,6,62,17047,17050
seq,t3.pc,6,0,17048,17051
seq,t0.dl,12,97,17049,17052
seq,t0.pc,6,48,17049,17052
seq,t1.pc,6,50,17050,17053
seq,t2.pc,6,62,17051,17054
seq,t3.pc,6,0,17052,17055
seq,t0.dl,12,96,17053,17056
seq,t0.pc,6,48,17053,17056
seq,t1.pc,6,50,17054,17057
seq,t2.pc,6,62,17055,17058
seq,t3.pc,6,0,17056,17059
seq,t0.dl,12,95,17057,17060
seq,t0.pc,6,48,17057,17060
seq,t1.pc,6,50,17058,17061
seq,t2.pc,6,62,17059,17062
seq,t3.pc,6,0,17060,17063
seq,t0.dl,12,94,17061,17064
seq,t0.pc,6,48,17061,17064
seq,t1.pc,6,50,17062,17065
seq,t2.pc,6,62,17063,17066
seq,t3.pc,6,0,17064,17067
seq,t0.dl,12,93,17065,17068
seq,t0.pc,6,48,17065,17068
seq,t1.pc,6,50,17066,17069
seq,t2.pc,6,62,17067,17070
seq,t3.pc,6,0,17068,17071
seq,t0.dl,12,92,17069,17072
seq,t0.pc,6,48,17069,17072
seq,t1.pc,6,50,17070,17073
seq,t2.pc,6,62,17071,17074
seq,t3.pc,6,0,17072,17075
seq,t0.dl,12,91,17073,17076
seq,t0.pc,6,48,17073,17076
seq,t1.pc,6,50,17074,17077
seq,t2.pc,6,62,17075,17078
seq,t3.pc,6,0,17076,17079
seq,t0.dl,12,90,17077,17080
seq,t0.pc,6,48,17077,17080
seq,t1.pc,6,50,17078,17081
seq,t2.pc,6,62,17079,17082
seq,t3.pc,6,0,17080,17083
seq,t0.dl,12,89,17081,17084
seq,t0.pc,6,48,17081,17084
seq,t1.pc,6,50,17082,17085
seq,t2.pc,6,62,17083,17086
seq,t3.pc,6,0,17084,17087
seq,t0.dl,12,88,17085,17088
seq,t0.pc,6,48,17085,17088
seq,t1.pc,6,50,17086,17089
seq,t2.pc,6,62,17087,17090
seq,t3.pc,6,0,17088,17091
seq,t0.dl,12,87,17089,17092
seq,t0.pc,6,48,17089,17092
seq,t1.pc,6,50,17090,17093
seq,t2.pc,6,62,17091,17094
seq,t3.pc,6,0,17092,17095
seq,t0.dl,12,86,17093,17096
seq,t0.pc,6,48,17093,17096
seq,t1.pc,6,50,17094,17097
seq,t2.pc,6,62,17095,17098
seq,t3.pc,6,0,17096,17099
seq,t0.dl,12,85,17097,17100
seq,t0.pc,6,48,17097,17100
seq,t1.pc,6,50,17098,17101
seq,t2.pc,6,62,17099,17102
seq,t3.pc,6,0,17100,17103
seq,t0.dl,12,84,17101,17104
seq,t0.pc,6,48,17101,17104
seq,t1.pc,6,50,17102,17105
seq,t2.pc,6,62,17103,17106
seq,t3.pc,6,0,17104,17107
seq,t0.dl,12,83,17105,17108
seq,t0.pc,6,48,17105,17108
seq,t1.pc,6,50,17106,17109
seq,t2.pc,6,62,17107,17110
seq,t3.pc,6,0,17108,17111
seq,t0.dl,12,82,17109,17112
seq,t0.pc,6,48,17109,17112
seq,t1.pc,6,50,17110,17113
seq,t2.pc,6,62,17111,17114
seq,t3.pc,6,0,17112,17115
seq,t0.dl,12,81,17113,17116
seq,t0.pc,6,48,17113,17116
seq,t1.pc,6,50,17114,17117
seq,t2.pc,6,62,17115,17118
seq,t3.pc,6,0,17116,17119
seq,t0.dl,12,80,17117,17120
seq,t0.pc,6,48,17117,17120
seq,t1.pc,6,50,17118,17121
seq,t2.pc,6,62,17119,17122
seq,t3.pc,6,0,17120,17123
seq,t0.dl,12,79,17121,17124
seq,t0.pc,6,48,17121,17124
seq,t1.pc,6,50,17122,17125
seq,t2.pc,6,62,17123,17126
seq,t3.pc,6,0,17124,17127
seq,t0.dl,12,78,17125,17128
seq,t0.pc,6,48,17125,17128
seq,t1.pc,6,50,17126,17129
seq,t2.pc,6,62,17127,17130
seq,t3.pc,6,0,17128,17131
seq,t0.dl,12,77,17129,17132
seq,t0.pc,6,48,17129,17132
seq,t1.pc,6,50,17130,17133
seq,t2.pc,6,62,17131,17134
seq,t3.pc,6,0,17132,17135
seq,t0.dl,12,76,17133,17136
seq,t0.pc,6,48,17133,17136
seq,t1.pc,6,50,17134,17137
seq,t2.pc,6,62,17135,17138
seq,t3.pc,6,0,17136,17139
seq,t0.dl,12,75,17137,17140
seq,t0.pc,6,48,17137,17140
seq,t1.pc,6,50,17138,17141
seq,t2.pc,6,62,17139,17142
seq,t3.pc,6,0,17140,17143
seq,t0.dl,12,74,17141,17144
seq,t0.pc,6,48,17141,17144
seq,t1.pc,6,50,17142,17145
seq,t2.pc,6,62,17143,17146
seq,t3.pc,6,0,17144,17147
seq,t0.dl,12,73,17145,17148
seq,t0.pc,6,48,17145,17148
seq,t1.pc,6,50,17146,17149
seq,t2.pc,6,62,17147,17150
seq,t3.pc,6,0,17148,17151
seq,t0.dl,12,72,17149,17152
seq,t0.pc,6,48,17149,17152
seq,t1.pc,6,50,17150,17153
seq,t2.pc,6,62,17151,17154
seq,t3.pc,6,0,17152,17155
seq,t0.dl,12,71,17153,17156
seq,t0.pc,6,48,17153,17156
seq,t1.pc,6,50,17154,17157
seq,t2.pc,6,62,17155,17158
seq,t3.pc,6,0,17156,17159
seq,t0.dl,12,70,17157,17160
seq,t0.pc,6,48,17157,17160
seq,t1.pc,6,50,17158,17161
seq,t2.pc,6,62,17159,17162
seq,t3.pc,6,0,17160,17163
seq,t0.dl,12,69,17161,17164
seq,t0.pc,6,48,17161,17164
seq,t1.pc,6,50,17162,17165
seq,t2.pc,6,62,17163,17166
seq,t3.pc,6,0,17164,17167
seq,t0.dl,12,68,17165,17168
seq,t0.pc,6,48,17165,17168
seq,t1.pc,6,50,17166,17169
seq,t2.pc,6,62,17167,17170
seq,t3.pc,6,0,17168,17171
seq,t0.dl,12,67,17169,17172
seq,t0.pc,6,48,17169,17172
seq,t1.pc,6,50,17170,17173
seq,t2.pc,6,62,17171,17174
seq,t3.pc,6,0,17172,17175
seq,t0.dl,12,66,17173,17176
seq,t0.pc,6,48,17173,17176
seq,t1.pc,6,50,17174,17177
seq,t2.pc,6,62,17175,17178
seq,t3.pc,6,0,17176,17179
seq,t0.dl,12,65,17177,17180
seq,t0.pc,6,48,17177,17180
seq,t1.pc,6,50,17178,17181
seq,t2.pc,6,62,17179,17182
seq,t3.pc,6,0,17180,17183
seq,t0.dl,12,64,17181,17184
seq,t0.pc,6,48,17181,17184
seq,t1.pc,6,50,17182,17185
seq,t2.pc,6,62,17183,17186
seq,t3.pc,6,0,17184,17187
seq,t0.dl,12,63,17185,17188
seq,t0.pc,6,48,17185,17188
seq,t1.pc,6,50,17186,17189
seq,t2.pc,6,62,17187,17190
seq,t3.pc,6,0,17188,17191
seq,t0.dl,12,62,17189,17192
seq,t0.pc,6,48,17189,17192
seq,t1.pc,6,50,17190,17193
seq,t2.pc,6,62,17191,17194
seq,t3.pc,6,0,17192,17195
seq,t0.dl,12,61,17193,17196
seq,t0.pc,6,48,17193,17196
seq,t1.pc,6,50,17194,17197
seq,t2.pc,6,62,17195,17198
seq,t3.pc,6,0,17196,17199
seq,t0.dl,12,60,17197,17200
seq,t0.pc,6,48,17197,17200
seq,t1.pc,6,50,17198,17201
seq,t2.pc,6,62,17199,17202
seq,t3.pc,6,0,17200,17203
seq,t0.dl,12,59,17201,17204
seq,t0.pc,6,48,17201,17204
seq,t1.pc,6,50,17202,17205
seq,t2.pc,6,62,17203,17206
seq,t3.pc,6,0,17204,17207
seq,t0.dl,12,58,17205,17208
seq,t0.pc,6,48,17205,17208
seq,t1.pc,6,50,17206,17209
seq,t2.pc,6,62,17207,17210
seq,t3.pc,6,0,17208,17211
seq,t0.dl,12,57,17209,17212
seq,t0.pc,6,48,17209,17212
seq,t1.pc,6,50,17210,17213
seq,t2.pc,6,62,17211,17214
seq,t3.pc,6,0,17212,17215
seq,t0.dl,12,56,17213,17216
seq,t0.pc,6,48,17213,17216
seq,t1.pc,6,50,17214,17217
seq,t2.pc,6,62,17215,17218
seq,t3.pc,6,0,17216,17219
seq,t0.dl,12,55,17217,17220
seq,t0.pc,6,48,17217,17220
seq,t1.pc,6,50,17218,17221
seq,t2.pc,6,62,17219,17222
seq,t3.pc,6,0,17220,17223
seq,t0.dl,12,54,17221,17224
seq,t0.pc,6,48,17221,17224
seq,t1.pc,6,50,17222,17225
seq,t2.pc,6,62,17223,17226
seq,t3.pc,6,0,17224,17227
seq,t0.dl,12,53,17225,17228
seq,t0.pc,6,48,17225,17228
seq,t1.pc,6,50,17226,17229
seq,t2.pc,6,62,17227,17230
seq,t3.pc,6,0,17228,17231
seq,t0.dl,12,52,17229,17232
seq,t0.pc,6,48,17229,17232
seq,t1.pc,6,50,17230,17233
seq,t2.pc,6,62,17231,17234
seq,t3.pc,6,0,17232,17235
seq,t0.dl,12,51,17233,17236
seq,t0.pc,6,48,17233,17236
seq,t1.pc,6,50,17234,17237
seq,t2.pc,6,62,17235,17238
seq,t3.pc,6,0,17236,17239
seq,t0.dl,12,50,17237,17240
seq,t0.pc,6,48,17237,17240
seq,t1.pc,6,50,17238,17241
seq,t2.pc,6,62,17239,17242
seq,t3.pc,6,0,17240,17243
seq,t0.dl,12,49,17241,17244
seq,t0.pc,6,48,17241,17244
seq,t1.pc,6,50,17242,17245
seq,t2.pc,6,62,17243,17246
seq,t3.pc,6,0,17244,17247
seq,t0.dl,12,48,17245,17248
seq,t0.pc,6,48,17245,17248
seq,t1.pc,6,50,17246,17249
seq,t2.pc,6,62,17247,17250
seq,t3.pc,6,0,17248,17251
seq,t0.dl,12,47,17249,17252
seq,t0.pc,6,48,17249,17252
seq,t1.pc,6,50,17250,17253
seq,t2.pc,6,62,17251,17254
seq,t3.pc,6,0,17252,17255
seq,t0.dl,12,46,17253,17256
seq,t0.pc,6,48,17253,17256
seq,t1.pc,6,50,17254,17257
seq,t2.pc,6,62,17255,17258
seq,t3.pc,6,0,17256,17259
seq,t0.dl,12,45,17257,17260
seq,t0.pc,6,48,17257,17260
seq,t1.pc,6,50,17258,17261
seq,t2.pc,6,62,17259,17262
seq,t3.pc,6,0,17260,17263
seq,t0.dl,12,44,17261,17264
seq,t0.pc,6,48,17261,17264
seq,t1.pc,6,50,17262,17265
seq,t2.pc,6,62,17263,17266
seq,t3.pc,6,0,17264,17267
seq,t0.dl,12,43,17265,17268
seq,t0.pc,6,48,17265,17268
seq,t1.pc,6,50,17266,17269
seq,t2.pc,6,62,17267,17270
seq,t3.pc,6,0,17268,17271
seq,t0.dl,12,42,17269,17272
seq,t0.pc,6,48,17269,17272
seq,t1.pc,6,50,17270,17273
seq,t2.pc,6,62,17271,17274
seq,t3.pc,6,0,17272,17275
seq,t0.dl,12,41,17273,17276
seq,t0.pc,6,48,17273,17276
seq,t1.pc,6,50,17274,17277
seq,t2.pc,6,62,17275,17278
seq,t3.pc,6,0,17276,17279
seq,t0.dl,12,40,17277,17280
seq,t0.pc,6,48,17277,17280
seq,t1.pc,6,50,17278,17281
seq,t2.pc,6,62,17279,17282
seq,t3.pc,6,0,17280,17283
seq,t0.dl,12,39,17281,17284
seq,t0.pc,6,48,17281,17284
seq,t1.pc,6,50,17282,17285
seq,t2.pc,6,62,17283,17286
seq,t3.pc,6,0,17284,17287
seq,t0.dl,12,38,17285,17288
seq,t0.pc,6,48,17285,17288
seq,t1.pc,6,50,17286,17289
seq,t2.pc,6,62,17287,17290
seq,t3.pc,6,0,17288,17291
seq,t0.dl,12,37,17289,17292
seq,t0.pc,6,48,17289,17292
seq,t1.pc,6,50,17290,17293
seq,t2.pc,6,62,17291,17294
seq,t3.pc,6,0,17292,17295
seq,t0.dl,12,36,17293,17296
seq,t0.pc,6,48,17293,17296
seq,t1.pc,6,50,17294,17297
seq,t2.pc,6,62,17295,17298
seq,t3.pc,6,0,17296,17299
seq,t0.dl,12,35,17297,17300
seq,t0.pc,6,48,17297,17300
seq,t1.pc,6,50,17298,17301
seq,t2.pc,6,62,17299,17302
seq,t3.pc,6,0,17300,17303
seq,t0.dl,12,34,17301,17304
seq,t0.pc,6,48,17301,17304
seq,t1.pc,6,50,17302,17305
seq,t2.pc,6,62,17303,17306
seq,t3.pc,6,0,17304,17307
seq,t0.dl,12,33,17305,17308
seq,t0.pc,6,48,17305,17308
seq,t1.pc,6,50,17306,17309
seq,t2.pc,6,62,17307,17310
seq,t3.pc,6,0,17308,17311
seq,t0.dl,12,32,17309,17312
seq,t0.pc,6,48,17309,17312
seq,t1.pc,6,50,17310,17313
seq,t2.pc,6,62,17311,17314
seq,t3.pc,6,0,17312,17315
seq,t0.dl,12,31,17313,17316
seq,t0.pc,6,48,17313,17316
seq,t1.pc,6,50,17314,17317
seq,t2.pc,6,62,17315,17318
seq,t3.pc,6,0,17316,17319
seq,t0.dl,12,30,17317,17320
seq,t0.pc,6,48,17317,17320
seq,t1.pc,6,50,17318,17321
seq,t2.pc,6,62,17319,17322
seq,t3.pc,6,0,17320,17323
seq,t0.dl,12,29,17321,17324
seq,t0.pc,6,48,17321,17324
seq,t1.pc,6,50,17322,17325
seq,t2.pc,6,62,17323,17326
seq,t3.pc,6,0,17324,17327
seq,t0.dl,12,28,17325,17328
seq,t0.pc,6,48,17325,17328
seq,t1.pc,6,50,17326,17329
seq,t2.pc,6,62,17327,17330
seq,t3.pc,6,0,17328,17331
seq,t0.dl,12,27,17329,17332
seq,t0.pc,6,48,17329,17332
seq,t1.pc,6,50,17330,17333
seq,t2.pc,6,62,17331,17334
seq,t3.pc,6,0,17332,17335
seq,t0.dl,12,26,17333,17336
seq,t0.pc,6,48,17333,17336
seq,t1.pc,6,50,17334,17337
seq,t2.pc,6,62,17335,17338
seq,t3.pc,6,0,17336,17339
seq,t0.dl,12,25,17337,17340
seq,t0.pc,6,48,17337,17340
seq,t1.pc,6,50,17338,17341
seq,t2.pc,6,62,17339,17342
seq,t3.pc,6,0,17340,17343
seq,t0.dl,12,24,17341,17344
seq,t0.pc,6,48,17341,17344
seq,t1.pc,6,50,17342,17345
seq,t2.pc,6,62,17343,17346
seq,t3.pc,6,0,17344,17347
seq,t0.dl,12,23,17345,17348
seq,t0.pc,6,48,17345,17348
seq,t1.pc,6,50,17346,17349
seq,t2.pc,6,62,17347,17350
seq,t3.pc,6,0,17348,17351
seq,t0.dl,12,22,17349,17352
seq,t0.pc,6,48,17349,17352
seq,t1.pc,6,50,17350,17353
seq,t2.pc,6,62,17351,17354
seq,t3.pc,6,0,17352,17355
seq,t0.dl,12,21,17353,17356
seq,t0.pc,6,48,17353,17356
seq,t1.pc,6,50,17354,17357
seq,t2.pc,6,62,17355,17358
seq,t3.pc,6,0,17356,17359
seq,t0.dl,12,20,17357,17360
seq,t0.pc,6,48,17357,17360
seq,t1.pc,6,50,17358,17361
seq,t2.pc,6,62,17359,17362
seq,t3.pc,6,0,17360,17363
seq,t0.dl,12,19,17361,17364
seq,t0.pc,6,48,17361,17364
seq,t1.pc,6,50,17362,17365
seq,t2.pc,6,62,17363,17366
seq,t3.pc,6,0,17364,17367
seq,t0.dl,12,18,17365,17368
seq,t0.pc,6,48,17365,17368
seq,t1.pc,6,50,17366,17369
seq,t2.pc,6,62,17367,17370
seq,t3.pc,6,0,17368,17371
seq,t0.dl,12,17,17369,17372
seq,t0.pc,6,48,17369,17372
seq,t1.pc,6,50,17370,17373
seq,t2.pc,6,62,17371,17374
seq,t3.pc,6,0,17372,17375
seq,t0.dl,12,16,17373,17376
seq,t0.pc,6,48,17373,17376
seq,t1.pc,6,50,17374,17377
seq,t2.pc,6,62,17375,17378
seq,t3.pc,6,0,17376,17379
seq,t0.dl,12,15,17377,17380
seq,t0.pc,6,48,17377,17380
seq,t1.pc,6,50,17378,17381
seq,t2.pc,6,62,17379,17382
seq,t3.pc,6,0,17380,17383
seq,t0.dl,12,14,17381,17384
seq,t0.pc,6,48,17381,17384
seq,t1.pc,6,50,17382,17385
seq,t2.pc,6,62,17383,17386
seq,t3.pc,6,0,17384,17387
seq,t0.dl,12,13,17385,17388
seq,t0.pc,6,48,17385,17388
seq,t1.pc,6,50,17386,17389
seq,t2.pc,6,62,17387,17390
seq,t3.pc,6,0,17388,17391
seq,t0.dl,12,12,17389,17392
seq,t0.pc,6,48,17389,17392
seq,t1.pc,6,50,17390,17393
seq,t2.pc,6,62,17391,17394
seq,t3.pc,6,0,17392,17395
seq,t0.dl,12,11,17393,17396
seq,t0.pc,6,48,17393,17396
seq,t1.pc,6,50,17394,17397
seq,t2.pc,6,62,17395,17398
seq,t3.pc,6,0,17396,17399
seq,t0.dl,12,10,17397,17400
seq,t0.pc,6,48,17397,17400
seq,t1.pc,6,50,17398,17401
seq,t2.pc,6,62,17399,17402
seq,t3.pc,6,0,17400,17403
seq,t0.dl,12,9,17401,17404
seq,t0.pc,6,48,17401,17404
seq,t1.pc,6,50,17402,17405
seq,t2.pc,6,62,17403,17406
seq,t3.pc,6,0,17404,17407
seq,t0.dl,12,8,17405,17408
seq,t0.pc,6,48,17405,17408
seq,t1.pc,6,50,17406,17409
seq,t2.pc,6,62,17407,17410
seq,t3.pc,6,0,17408,17411
seq,t0.dl,12,7,17409,17412
seq,t0.pc,6,48,17409,17412
seq,t1.pc,6,50,17410,17413
seq,t2.pc,6,62,17411,17414
seq,t3.pc,6,0,17412,17415
seq,t0.dl,12,6,17413,17416
seq,t0.pc,6,48,17413,17416
seq,t1.pc,6,50,17414,17417
seq,t2.pc,6,62,17415,17418
seq,t3.pc,6,0,17416,17419
seq,t0.dl,12,5,17417,17420
seq,t0.pc,6,48,17417,17420
seq,t1.pc,6,50,17418,17421
seq,t2.pc,6,62,17419,17422
seq,t3.pc,6,0,17420,17423
seq,t0.dl,12,4,17421,17424
seq,t0.pc,6,48,17421,17424
seq,t1.pc,6,50,17422,17425
seq,t2.pc,6,62,17423,17426
seq,t3.pc,6,0,17424,17427
seq,t0.dl,12,3,17425,17428
seq,t0.pc,6,48,17425,17428
seq,t1.pc,6,50,17426,17429
seq,t2.pc,6,62,17427,17430
seq,t3.pc,6,0,17428,17431
seq,t0.dl,12,2,17429,17432
seq,t0.pc,6,48,17429,17432
seq,t1.pc,6,50,17430,17433
seq,t2.pc,6,62,17431,17434
seq,t3.pc,6,0,17432,17435
seq,t0.dl,12,1,17433,17436
seq,t0.pc,6,48,17433,17436
seq,t1.pc,6,50,17434,17437
seq,t2.pc,6,62,17435,17438
seq,t3.pc,6,0,17436,17439
seq,t0.pc,6,48,17437,17440
seq,t1.pc,6,50,17438,17441
seq,t2.pc,6,62,17439,17442
seq,t3.pc,6,0,17440,17443
seq,t0.pc,6,49,17441,17444
seq,t0.acc,8,0,16577,-1
seq,t0.cnt,12,0,16577,17008
seq,t0.dl,12,0,17437,17440
seq,t0.pc,6,49,17445,-1
seq,t0.imem00,16,4124,0,0
seq,t0.imem01,16,16463,0,4
seq,t0.imem02,16,4116,0,8
seq,t0.imem03,16,12393,0,12
seq,t0.imem04,16,24576,0,436
seq,t0.imem05,16,8200,0,440
seq,t0.imem06,16,28672,0,3496
seq,t0.imem07,16,12393,0,3500
seq,t0.imem08,16,24576,0,3924
seq,t0.imem09,16,40966,0,3928
seq,t0.imem10,16,4124,0,3932
seq,t0.imem11,16,12393,0,3936
seq,t0.imem12,16,24576,0,4360
seq,t0.imem13,16,16459,0,4364
seq,t0.imem14,16,4116,0,4368
seq,t0.imem15,16,12393,0,4372
seq,t0.imem16,16,24576,0,4796
seq,t0.imem17,16,8200,0,4800
seq,t0.imem18,16,28672,0,7856
seq,t0.imem19,16,12393,0,7860
seq,t0.imem20,16,24576,0,8284
seq,t0.imem21,16,40978,0,8288
seq,t0.imem22,16,4124,0,8292
seq,t0.imem23,16,12393,0,8296
seq,t0.imem24,16,24576,0,8720
seq,t0.imem25,16,16417,0,8724
seq,t0.imem26,16,4116,0,8728
seq,t0.imem27,16,12393,0,8732
seq,t0.imem28,16,24576,0,9156
seq,t0.imem29,16,8200,0,9160
seq,t0.imem30,16,28672,0,12216
seq,t0.imem31,16,12393,0,12220
seq,t0.imem32,16,24576,0,12644
seq,t0.imem33,16,40990,0,12648
seq,t0.imem34,16,4124,0,12652
seq,t0.imem35,16,12393,0,12656
seq,t0.imem36,16,24576,0,13080
seq,t0.imem37,16,16394,0,13084
seq,t0.imem38,16,4116,0,13088
seq,t0.imem39,16,12393,0,13092
seq,t0.imem40,16,24576,0,13516
seq,t0.imem41,16,8200,0,13520
seq,t0.imem42,16,28672,0,16576
seq,t0.imem43,16,12393,0,16580
seq,t0.imem44,16,24576,0,17004
seq,t0.imem45,16,41002,0,17008
seq,t0.imem46,16,4124,0,17012
seq,t0.imem47,16,12393,0,17016
seq,t0.imem48,16,24576,0,17440
seq,t0.imem49,16,53248,0,17444
seq,t0.imem50,16,53248,0,-1
seq,t0.imem51,16,53248,0,-1
seq,t0.imem52,16,53248,0,-1
seq,t0.imem53,16,53248,0,-1
seq,t0.imem54,16,53248,0,-1
seq,t0.imem55,16,53248,0,-1
seq,t0.imem56,16,53248,0,-1
seq,t0.imem57,16,53248,0,-1
seq,t0.imem58,16,53248,0,-1
seq,t0.imem59,16,53248,0,-1
seq,t0.imem60,16,53248,0,-1
seq,t0.imem61,16,53248,0,-1
seq,t0.imem62,16,53248,0,-1
seq,t0.imem63,16,53248,0,-1
seq,t1.acc,8,0,1558,-1
seq,t1.cnt,12,0,1558,1601
seq,t1.dl,12,0,1590,1593
seq,t1.pc,6,50,17442,-1
seq,t1.imem00,16,4196,0,1
seq,t1.imem01,16,4236,0,5
seq,t1.imem02,16,16549,0,9
seq,t1.imem03,16,4228,0,13
seq,t1.imem04,16,8200,0,17
seq,t1.imem05,16,29952,0,357
seq,t1.imem06,16,12289,0,361
seq,t1.imem07,16,24576,0,369
seq,t1.imem08,16,4140,0,373
seq,t1.imem09,16,12291,0,377
seq,t1.imem10,16,24576,0,393
seq,t1.imem11,16,4132,0,397
seq,t1.imem12,16,40965,0,401
seq,t1.imem13,16,4236,0,405
seq,t1.imem14,16,16444,0,409
seq,t1.imem15,16,4228,0,413
seq,t1.imem16,16,8200,0,417
seq,t1.imem17,16,29952,0,757
seq,t1.imem18,16,12289,0,761
seq,t1.imem19,16,24576,0,769
seq,t1.imem20,16,4140,0,773
seq,t1.imem21,16,12291,0,777
seq,t1.imem22,16,24576,0,793
seq,t1.imem23,16,4132,0,797
seq,t1.imem24,16,40977,0,801
seq,t1.imem25,16,4236,0,805
seq,t1.imem26,16,16384,0,809
seq,t1.imem27,16,4228,0,813
seq,t1.imem28,16,8200,0,817
seq,t1.imem29,16,29952,0,1157
seq,t1.imem30,16,12289,0,1161
seq,t1.imem31,16,24576,0,1169
seq,t1.imem32,16,4140,0,1173
seq,t1.imem33,16,12291,0,1177
seq,t1.imem34,16,24576,0,1193
seq,t1.imem35,16,4132,0,1197
seq,t1.imem36,16,40989,0,1201
seq,t1.imem37,16,4236,0,1205
seq,t1.imem38,16,16639,0,1209
seq,t1.imem39,16,4228,0,1213
seq,t1.imem40,16,8200,0,1217
seq,t1.imem41,16,29952,0,1557
seq,t1.imem42,16,12289,0,1561
seq,t1.imem43,16,24576,0,1569
seq,t1.imem44,16,4140,0,1573
seq,t1.imem45,16,12291,0,1577
seq,t1.imem46,16,24576,0,1593
seq,t1.imem47,16,4132,0,1597
seq,t1.imem48,16,41001,0,1601
seq,t1.imem49,16,4236,0,1605
seq,t1.imem50,16,53248,0,17441
seq,t1.imem51,16,53248,0,-1
seq,t1.imem52,16,53248,0,-1
seq,t1.imem53,16,53248,0,-1
seq,t1.imem54,16,53248,0,-1
seq,t1.imem55,16,53248,0,-1
seq,t1.imem56,16,53248,0,-1
seq,t1.imem57,16,53248,0,-1
seq,t1.imem58,16,53248,0,-1
seq,t1.imem59,16,53248,0,-1
seq,t1.imem60,16,53248,0,-1
seq,t1.imem61,16,53248,0,-1
seq,t1.imem62,16,53248,0,-1
seq,t1.imem63,16,53248,0,-1
seq,t2.acc,8,0,8835,9082
seq,t2.cnt,12,4095,8835,-1
seq,t2.dl,12,0,9327,9330
seq,t2.pc,6,62,17443,-1
seq,t2.imem00,16,4864,0,2
seq,t2.imem01,16,4356,0,6
seq,t2.imem02,16,12316,0,10
seq,t2.imem03,16,24576,0,126
seq,t2.imem04,16,4612,0,130
seq,t2.imem05,16,16544,0,134
seq,t2.imem06,16,8200,0,138
seq,t2.imem07,16,31104,0,3614
seq,t2.imem08,16,12316,0,3618
seq,t2.imem09,16,24576,0,3734
seq,t2.imem10,16,4608,0,3738
seq,t2.imem11,16,12347,0,3742
seq,t2.imem12,16,24576,0,3982
seq,t2.imem13,16,4612,0,3986
seq,t2.imem14,16,12315,0,3990
seq,t2.imem15,16,24576,0,4102
seq,t2.imem16,16,40967,0,4106
seq,t2.imem17,16,4352,0,4110
seq,t2.imem18,16,12316,0,4114
seq,t2.imem19,16,24576,0,4230
seq,t2.imem20,16,4608,0,4234
seq,t2.imem21,16,12316,0,4238
seq,t2.imem22,16,24576,0,4354
seq,t2.imem23,16,35072,0,4358
seq,t2.imem24,16,12316,0,4362
seq,t2.imem25,16,24576,0,4478
seq,t2.imem26,16,4612,0,4482
seq,t2.imem27,16,12316,0,4486
seq,t2.imem28,16,24576,0,4602
seq,t2.imem29,16,45056,0,4606
seq,t2.imem30,16,16474,0,4610
seq,t2.imem31,16,8200,0,4614
seq,t2.imem32,16,31104,0,8090
seq,t2.imem33,16,12316,0,8094
seq,t2.imem34,16,24576,0,8210
seq,t2.imem35,16,4608,0,8214
seq,t2.imem36,16,12347,0,8218
seq,t2.imem37,16,24576,0,8458
seq,t2.imem38,16,4612,0,8462
seq,t2.imem39,16,12315,0,8466
seq,t2.imem40,16,24576,0,8578
seq,t2.imem41,16,40992,0,8582
seq,t2.imem42,16,4352,0,8586
seq,t2.imem43,16,12316,0,8590
seq,t2.imem44,16,24576,0,8706
seq,t2.imem45,16,4608,0,8710
seq,t2.imem46,16,12316,0,8714
seq,t2.imem47,16,24576,0,8830
seq,t2.imem48,16,35072,0,8834
seq,t2.imem49,16,12316,0,8838
seq,t2.imem50,16,24576,0,8954
seq,t2.imem51,16,4612,0,8958
seq,t2.imem52,16,12316,0,8962
seq,t2.imem53,16,24576,0,9078
seq,t2.imem54,16,45056,0,9082
seq,t2.imem55,16,4356,0,9086
seq,t2.imem56,16,12316,0,9090
seq,t2.imem57,16,24576,0,9206
seq,t2.imem58,16,4608,0,9210
seq,t2.imem59,16,12316,0,9214
seq,t2.imem60,16,24576,0,9330
seq,t2.imem61,16,4352,0,9334
seq,t2.imem62,16,53248,0,17442
seq,t2.imem63,16,53248,0,-1
seq,t3.acc,8,0,0,-1
seq,t3.cnt,12,0,0,-1
seq,t3.dl,12,0,0,-1
seq,t3.pc,6,0,17444,-1
seq,t3.imem00,16,53248,0,17443
seq,t3.imem01,16,53248,0,-1
seq,t3.imem02,16,53248,0,-1
seq,t3.imem03,16,53248,0,-1
seq,t3.imem04,16,53248,0,-1
seq,t3.imem05,16,53248,0,-1
seq,t3.imem06,16,53248,0,-1
seq,t3.imem07,16,53248,0,-1
seq,t3.imem08,16,53248,0,-1
seq,t3.imem09,16,53248,0,-1
seq,t3.imem10,16,53248,0,-1
seq,t3.imem11,16,53248,0,-1
seq,t3.imem12,16,53248,0,-1
seq,t3.imem13,16,53248,0,-1
seq,t3.imem14,16,53248,0,-1
seq,t3.imem15,16,53248,0,-1
seq,t3.imem16,16,53248,0,-1
seq,t3.imem17,16,53248,0,-1
seq,t3.imem18,16,53248,0,-1
seq,t3.imem19,16,53248,0,-1
seq,t3.imem20,16,53248,0,-1
seq,t3.imem21,16,53248,0,-1
seq,t3.imem22,16,53248,0,-1
seq,t3.imem23,16,53248,0,-1
seq,t3.imem24,16,53248,0,-1
seq,t3.imem25,16,53248,0,-1
seq,t3.imem26,16,53248,0,-1
seq,t3.imem27,16,53248,0,-1
seq,t3.imem28,16,53248,0,-1
seq,t3.imem29,16,53248,0,-1
seq,t3.imem30,16,53248,0,-1
seq,t3.imem31,16,53248,0,-1
seq,t3.imem32,16,53248,0,-1
seq,t3.imem33,16,53248,0,-1
seq,t3.imem34,16,53248,0,-1
seq,t3.imem35,16,53248,0,-1
seq,t3.imem36,16,53248,0,-1
seq,t3.imem37,16,53248,0,-1
seq,t3.imem38,16,53248,0,-1
seq,t3.imem39,16,53248,0,-1
seq,t3.imem40,16,53248,0,-1
seq,t3.imem41,16,53248,0,-1
seq,t3.imem42,16,53248,0,-1
seq,t3.imem43,16,53248,0,-1
seq,t3.imem44,16,53248,0,-1
seq,t3.imem45,16,53248,0,-1
seq,t3.imem46,16,53248,0,-1
seq,t3.imem47,16,53248,0,-1
seq,t3.imem48,16,53248,0,-1
seq,t3.imem49,16,53248,0,-1
seq,t3.imem50,16,53248,0,-1
seq,t3.imem51,16,53248,0,-1
seq,t3.imem52,16,53248,0,-1
seq,t3.imem53,16,53248,0,-1
seq,t3.imem54,16,53248,0,-1
seq,t3.imem55,16,53248,0,-1
seq,t3.imem56,16,53248,0,-1
seq,t3.imem57,16,53248,0,-1
seq,t3.imem58,16,53248,0,-1
seq,t3.imem59,16,53248,0,-1
seq,t3.imem60,16,53248,0,-1
seq,t3.imem61,16,53248,0,-1
seq,t3.imem62,16,53248,0,-1
seq,t3.imem63,16,53248,0,-1
