00000 features=921 size=63 p=5 tap=11 reset=true scheme=3 ops=1,3,2,0,1,1,0,0,3,0,1,1,2,1,0,1,3,1,1,2,3,2,0,2,1,3,2,2,0,2,3,3,3,1,1,2,2,2,3,0,0,2,2,3,1,1,1,1,2,3,0,3,1,2,2,1,1,0,1,2,1,0,1,0 ks=255,235,205,48,3,175,188,108,35,133,34,223,166,229,50,140,126,149,2,195,181,0,31,240,53,142,40,112,116,12,241,62,82,131,235,179,30,87,250,196,3,94,141,148,136,77,7,96,166,252,143,144,177,198,76,119,139,138,165,122,3,218,120,140
00001 features=998 size=62 p=5 tap=11 reset=true scheme=1 ops=3,3,2,0,1,1,0,0,3,0,1,1,2,1,0,1,3,1,1,2,3,2,0,2,1,3,2,2,0,2,3,3,3,1,1,2,2,2,3,0,0,2,2,3,1,1,1,1,2,3,0,3,1,2,2,1,1,0,1,2,1,0,1,0 ks=255,235,205,48,3,175,188,108,35,133,34,223,166,229,50,140,126,149,2,195,181,0,31,240,53,142,40,112,116,12,241,62,82,131,235,179,30,87,0,196,3,94,141,148,136,77,7,96,166,252,143,144,177,198,76,119,139,138,165,122,3,218,120,140
00002 features=966 size=62 p=5 tap=11 reset=false scheme=3 ops=1,3,2,0,1,1,0,3,3,0,1,1,2,1,0,1,3,1,1,2,3,2,0,2,1,3,2,2,0,2,3,3,3,1,1,2,2,2,3,0,0,2,2,3,1,1,1,1,2,3,0,3,1,2,2,1,1,0,1,2,1,0,1,0 ks=255,235,205,48,3,175,188,108,35,133,34,223,166,0,50,140,126,149,2,195,181,0,31,240,53,142,40,112,116,12,241,62,82,131,235,179,30,87,250,196,3,94,141,148,136,77,7,96,166,252,143,144,177,198,76,119,139,138,165,122,3,218,120,140
00003 features=923 size=63 p=5 tap=11 reset=true scheme=3 ops=1,3,2,0,1,1,0,0,3,0,1,1,2,1,0,1,3,1,1,2,3,2,0,2,1,3,2,2,0,2,3,3,3,1,1,2,2,2,3,0,0,2,2,3,1,1,1,1,2,3,0,3,1,2,2,1,1,0,1,2,1,0,1,0 ks=255,235,204,48,3,175,188,108,35,133,34,223,166,229,50,140,126,149,2,195,181,2,31,240,53,142,41,112,116,12,241,62,82,131,235,179,30,87,0,196,3,94,141,148,136,77,7,96,166,252,143,144,177,198,76,119,139,138,165,122,3,214,120,140
00004 features=952 size=61 p=1 tap=11 reset=true scheme=3 ops=1,3,2,0,1,1,0,0,3,0,1,1,2,1,0,1,3,1,1,2,3,2,0,2,1,3,2,2,0,2,3,3,3,1,1,2,2,2,3,0,0,2,2,3,1,1,1,1,2,3,0,3,1,2,2,1,1,0,1,2,1,0,1,0 ks=255,235,205,48,3,175,188,108,35,133,34,223,166,229,50,140,126,149,2,195,181,0,0,240,53,142,40,112,116,12,241,62,82,131,235,179,30,87,250,196,3,94,141,148,136,77,7,96,166,252,143,0,177,198,76,119,139,138,165,122,3,218,120,140
00005 features=601 size=2 p=2 tap=11 reset=true scheme=3 ops=1,3,2,0,1,1,0,0,3,0,1,1,0,1,0,1,3,1,1,2,3,2,0,0,1,3,2,2,0,2,3,3,3,1,1,2,2,2,3,0,0,2,2,3,1,1,1,1,2,3,0,3,1,2,2,1,1,0,1,2,1,0,1,0 ks=0,0,0,0,0,0,0,0,0,0,0,0,166,0,0,0,0,0,0,0,0,0,0,240,0,0,0,0,0,0,0,0,0,0,0,0,0,0,0,0,0,0,0,0,0,0,0,0,0,0,0,0,0,0,0,0,0,0,0,0,0,0,0,0
00006 features=979 size=63 p=2 tap=11 reset=false scheme=3 ops=1,3,2,0,1,1,0,3,3,0,1,1,2,1,0,1,3,1,1,2,3,2,0,2,1,3,2,2,0,2,3,3,3,1,1,2,2,2,3,0,0,2,2,3,1,1,1,1,2,3,0,3,1,2,2,1,1,0,1,2,1,0,1,0 ks=255,235,205,48,3,175,188,108,35,133,34,223,166,229,50,140,126,149,2,195,181,0,31,240,53,142,40,112,116,12,241,62,82,131,235,179,29,87,250,194,3,94,141,148,136,77,7,96,166,252,143,144,177,198,76,119,139,138,165,122,3,218,120,140
00007 features=928 size=63 p=5 tap=11 reset=true scheme=3 ops=1,3,2,2,1,1,0,0,3,0,1,1,2,1,0,1,3,1,1,2,3,2,0,2,1,3,2,2,0,2,3,3,3,1,1,2,2,2,3,0,0,2,2,3,1,1,1,1,2,3,0,3,1,2,2,1,1,0,1,2,1,0,1,0 ks=255,235,205,48,3,175,188,108,35,133,34,223,166,229,50,140,126,149,2,195,181,0,31,240,53,142,40,112,116,12,241,62,82,131,235,179,30,87,250,196,3,94,141,148,136,77,7,96,166,252,143,144,177,198,76,119,139,138,165,122,3,218,120,140
00008 features=590 size=1 p=5 tap=11 reset=true scheme=3 ops=1,3,2,0,1,1,0,0,3,0,1,1,2,1,0,1,3,1,1,2,3,2,0,2,1,3,2,2,0,2,3,3,3,1,1,2,2,2,3,0,0,2,2,3,1,1,1,1,2,3,0,3,1,2,2,1,1,0,1,2,1,0,1,0 ks=0,0,0,0,0,0,0,0,0,0,0,0,0,0,0,0,0,0,0,0,0,0,224,0,0,0,0,0,0,0,0,0,0,0,0,0,0,0,0,0,0,0,0,0,0,0,0,0,0,0,0,0,0,0,0,0,0,0,0,0,0,0,0,0
00009 features=930 size=63 p=5 tap=11 reset=true scheme=3 ops=1,3,2,0,1,1,1,0,3,0,1,3,2,1,0,1,3,1,1,2,3,2,0,2,1,3,2,2,0,2,3,3,3,1,1,2,2,2,3,0,0,2,2,3,1,1,1,1,2,3,0,3,1,2,2,1,1,0,1,2,1,0,1,0 ks=255,235,205,48,3,175,188,108,35,133,15,223,166,229,50,140,126,149,2,195,181,0,31,240,53,142,40,112,116,12,241,62,82,131,235,179,30,87,250,196,3,94,141,148,136,77,7,96,166,252,143,144,177,198,76,119,139,138,165,122,3,218,120,140
00010 features=923 size=63 p=5 tap=11 reset=true scheme=3 ops=1,3,2,0,1,1,0,0,3,0,1,1,2,1,0,1,3,1,1,2,3,2,0,2,1,3,2,2,0,2,3,3,3,1,1,2,2,2,3,0,0,2,2,3,0,1,1,1,2,3,0,3,1,2,2,1,1,0,1,2,1,0,1,0 ks=255,235,205,48,3,174,188,108,35,133,34,223,166,229,50,140,126,149,2,195,181,0,31,240,53,142,40,112,116,12,241,62,82,131,235,179,30,87,250,196,3,94,141,148,136,77,7,96,166,252,143,144,177,198,76,119,139,138,165,122,3,218,120,140
00011 features=948 size=63 p=1 tap=11 reset=true scheme=3 ops=1,3,2,0,1,1,0,0,3,0,1,1,2,1,0,1,3,1,1,2,3,2,0,2,1,3,2,2,0,2,3,1,3,1,1,2,2,2,0,0,0,2,2,3,1,1,1,1,2,3,0,3,1,2,2,1,1,0,1,2,1,0,1,0 ks=255,235,205,48,3,175,188,108,35,133,34,223,166,229,50,140,126,149,2,195,181,0,31,240,53,142,40,112,116,12,241,62,82,131,235,179,30,87,250,196,3,94,203,148,136,77,7,96,166,252,225,16,177,198,76,119,139,138,165,122,3,218,120,140
00012 features=939 size=63 p=5 tap=11 reset=true scheme=3 ops=1,3,2,0,1,1,0,0,3,0,1,1,2,1,0,1,3,1,1,2,3,2,0,2,1,3,2,2,0,2,3,3,3,1,1,2,2,2,3,0,0,2,2,3,1,1,1,1,2,3,0,3,1,2,2,1,1,0,1,2,1,0,1,0 ks=255,235,205,48,3,175,188,108,35,133,34,223,166,229,50,140,126,149,2,195,181,0,31,240,53,142,40,112,116,12,241,62,82,131,235,179,30,87,250,196,3,255,141,148,136,77,7,96,166,252,143,144,177,198,76,119,139,138,165,122,3,218,120,140
00013 features=924 size=63 p=5 tap=11 reset=true scheme=3 ops=1,3,2,0,1,1,0,0,3,0,1,1,2,1,0,1,3,1,1,2,3,2,0,2,1,3,2,2,0,2,3,3,3,1,1,2,2,2,3,0,0,2,2,3,1,1,1,1,2,3,0,3,1,2,2,1,1,0,1,2,1,0,1,0 ks=255,235,205,48,3,175,188,108,35,133,34,223,166,229,50,140,126,149,2,195,181,0,31,240,53,142,40,112,116,12,241,62,82,131,235,179,30,87,250,196,3,94,141,148,136,77,7,96,166,252,143,144,177,198,191,119,139,205,165,118,3,218,120,140
00014 features=890 size=63 p=5 tap=11 reset=true scheme=3 ops=1,3,1,0,1,1,0,0,3,0,1,1,0,1,0,1,3,1,1,0,3,1,0,0,1,3,3,1,0,3,3,3,3,1,1,0,1,3,3,0,0,1,3,3,1,1,1,1,1,3,0,3,1,1,0,1,1,0,1,1,1,0,1,0 ks=255,235,205,48,3,175,188,108,35,133,34,223,166,229,50,140,126,149,2,195,181,0,31,240,53,142,40,112,116,12,241,62,82,131,235,179,30,87,250,196,3,94,141,148,136,77,7,96,166,252,143,144,177,198,76,119,139,138,165,122,3,218,120,140
00015 features=938 size=63 p=5 tap=11 reset=true scheme=3 ops=1,3,2,0,1,1,0,0,3,0,1,1,2,1,0,1,3,1,1,2,3,2,0,2,1,3,2,2,0,2,3,3,3,1,1,2,2,2,3,0,0,2,2,3,1,1,1,1,2,3,0,1,1,2,2,1,1,0,1,2,1,0,1,0 ks=255,235,205,48,3,175,188,108,35,133,34,223,166,229,50,140,126,149,2,195,181,0,31,240,53,142,40,112,116,12,241,62,82,131,235,179,30,87,250,196,3,94,141,148,136,77,7,96,166,252,143,144,177,198,76,119,139,138,165,122,3,218,120,140
00016 features=999 size=63 p=5 tap=11 reset=true scheme=1 ops=1,3,2,0,1,1,0,0,3,0,1,1,2,1,0,1,3,1,1,2,3,2,0,2,1,3,2,2,0,2,3,3,3,1,1,2,2,2,3,0,0,2,2,3,1,1,1,1,2,3,0,3,1,2,2,1,1,0,1,2,1,0,1,0 ks=255,235,205,50,3,175,188,108,35,133,34,223,168,229,50,140,126,149,6,195,181,0,31,240,37,142,40,112,116,12,241,62,82,131,235,179,30,87,250,196,3,94,141,148,136,77,7,96,166,252,143,143,177,198,76,119,139,138,165,122,3,218,120,140
00017 features=571 size=1 p=5 tap=11 reset=true scheme=3 ops=1,3,2,0,1,1,0,0,3,0,1,1,2,1,0,1,3,1,1,2,3,2,0,2,1,3,2,2,0,2,0,3,3,1,1,2,2,2,3,0,0,2,2,3,1,1,1,1,2,3,0,3,1,2,2,1,1,0,1,2,1,0,1,0 ks=0,0,0,0,0,0,0,0,0,0,0,0,0,0,0,0,0,0,0,0,0,0,0,0,0,0,0,0,0,0,241,0,0,0,0,0,0,0,0,0,0,0,0,0,0,0,0,0,0,0,0,0,0,0,0,0,0,0,0,0,0,0,0,0
00018 features=704 size=24 p=2 tap=11 reset=false scheme=3 ops=1,3,2,0,1,1,0,3,3,0,1,1,2,1,0,1,3,1,1,2,3,2,0,2,1,3,2,2,0,2,3,3,3,1,1,2,2,2,3,0,0,2,0,3,1,1,1,1,2,3,0,3,1,2,2,1,1,0,1,2,1,0,1,0 ks=255,235,0,0,0,0,0,108,0,133,0,0,0,0,0,140,0,149,0,195,0,0,31,240,0,142,0,0,0,0,0,0,82,131,235,179,0,0,250,194,3,0,141,0,0,0,128,0,164,0,0,0,0,0,76,0,0,138,0,122,3,0,0,0
00019 features=592 size=1 p=5 tap=11 reset=true scheme=3 ops=1,3,2,2,1,1,0,0,3,0,1,1,2,1,0,1,3,1,1,2,3,2,0,2,1,3,2,2,0,2,3,3,3,1,1,0,1,3,3,0,0,1,3,3,1,1,1,1,2,3,0,3,1,2,2,1,1,0,1,0,1,0,1,0 ks=0,0,0,0,0,0,0,0,0,0,0,0,0,0,0,0,0,0,130,0,0,0,0,0,0,0,0,0,0,0,0,0,0,0,0,0,0,0,0,0,0,0,0,0,0,0,0,0,0,0,0,0,0,0,0,0,0,0,0,0,0,0,0,0
00020 features=927 size=63 p=10 tap=11 reset=true scheme=3 ops=1,3,2,0,1,1,0,0,3,0,1,1,2,1,0,1,3,1,1,2,3,2,0,2,1,3,2,2,0,2,3,3,3,1,1,2,2,2,3,0,0,2,2,3,1,1,1,1,2,3,0,3,1,2,2,1,1,0,1,2,1,0,1,1 ks=255,235,205,48,3,175,188,108,35,133,34,223,166,229,50,140,126,149,2,195,181,0,31,240,53,142,40,112,116,12,241,62,82,131,235,179,30,87,250,196,3,94,141,148,136,77,7,96,166,252,143,144,177,198,76,119,139,138,165,122,3,218,120,140
00021 features=926 size=62 p=5 tap=11 reset=true scheme=3 ops=1,3,2,2,1,1,0,0,3,0,1,1,2,1,0,1,3,2,1,2,3,2,0,2,1,3,2,2,0,2,3,3,3,1,1,2,2,2,3,0,0,2,2,3,0,1,3,1,2,3,0,3,1,2,2,1,1,0,1,2,1,0,1,0 ks=255,235,205,48,3,175,188,108,35,133,34,223,166,229,50,140,126,149,120,195,181,0,31,240,53,142,40,112,116,12,241,62,0,131,235,179,30,87,250,196,3,94,141,148,136,77,7,96,166,252,143,144,177,198,76,119,139,138,165,122,3,218,120,140
00022 features=929 size=63 p=5 tap=11 reset=true scheme=3 ops=1,3,2,0,1,1,1,0,3,0,1,3,2,1,0,1,3,1,1,2,3,2,0,2,1,3,2,2,0,2,3,3,3,1,1,2,2,2,3,0,0,2,2,3,1,1,1,1,2,3,0,3,1,2,2,1,1,0,1,2,1,0,1,0 ks=255,235,205,48,3,175,188,108,35,133,15,223,166,229,50,140,126,149,2,195,181,0,31,240,53,142,40,112,116,12,241,62,82,131,235,179,112,87,250,196,3,94,141,148,136,77,7,96,166,252,143,144,177,198,76,119,139,138,165,122,3,218,120,140
00023 features=616 size=1 p=5 tap=11 reset=true scheme=3 ops=1,3,2,2,1,1,0,0,3,0,1,1,2,1,0,3,3,1,1,2,3,2,0,2,1,3,2,2,0,2,3,3,3,1,1,2,2,2,3,0,0,2,2,3,1,1,1,1,2,3,0,3,1,3,2,1,1,0,1,2,1,0,1,0 ks=0,0,0,0,0,0,0,0,0,0,0,0,0,0,0,0,0,0,0,0,0,0,0,0,0,0,0,0,0,0,0,0,0,0,0,0,0,0,0,0,0,0,0,0,0,0,0,0,0,0,0,0,0,0,0,0,0,0,0,0,0,0,255,0
00024 features=350 size=2 p=5 tap=11 reset=true scheme=3 ops=3,3,3,3,3,3,3,3,3,3,3,3,3,3,3,3,3,3,3,3,3,3,3,3,3,3,3,3,3,3,3,3,3,3,3,3,3,3,3,3,3,3,3,3,3,3,3,3,3,3,3,3,3,3,3,3,3,3,3,3,3,3,3,3 ks=0,0,0,0,0,0,0,0,0,0,0,0,0,0,0,0,0,0,0,0,0,0,224,0,0,0,0,0,0,0,0,0,0,0,0,0,0,0,0,0,0,0,0,0,0,0,0,0,0,0,0,0,0,0,0,0,8,0,0,0,0,0,0,0
00025 features=651 size=1 p=5 tap=25 reset=true scheme=1 ops=0,2,2,0,1,1,0,0,1,0,1,1,2,1,0,1,1,1,1,2,1,2,0,2,1,2,2,2,0,2,0,2,0,1,1,2,2,2,0,0,0,2,2,1,1,1,1,1,2,0,0,2,1,2,2,1,1,0,1,2,1,0,1,0 ks=0,0,0,0,0,0,0,0,0,0,0,0,0,0,0,0,0,0,0,0,0,0,0,0,0,0,0,0,0,0,0,0,0,0,0,0,0,87,0,0,0,0,0,0,0,0,0,0,0,0,0,0,0,0,0,0,0,0,0,0,0,0,0,0
00026 features=930 size=3 p=5 tap=11 reset=true scheme=1 ops=0,3,2,0,2,0,0,0,3,0,2,0,2,0,0,3,3,0,2,2,3,2,0,0,2,2,2,2,0,2,3,3,3,2,0,2,2,2,3,0,0,2,2,3,3,3,0,2,2,3,0,3,2,0,2,3,3,0,0,2,2,0,2,0 ks=0,0,0,0,0,175,0,0,0,0,0,0,0,0,0,0,0,0,0,0,0,0,0,0,0,0,0,0,0,0,0,0,0,0,0,0,0,0,0,0,0,0,0,0,0,0,0,0,0,0,0,0,0,198,0,0,0,0,165,0,0,0,0,0
00027 features=885 size=63 p=5 tap=11 reset=true scheme=3 ops=1,1,1,0,1,1,1,0,1,0,1,0,0,1,0,1,0,1,1,0,0,0,0,1,1,0,1,0,0,0,1,1,1,1,1,1,0,1,1,0,0,1,1,1,1,1,1,1,0,1,0,0,1,1,1,1,1,0,1,0,1,0,1,0 ks=255,235,205,48,3,175,188,108,35,133,15,223,166,229,50,140,126,149,2,195,181,0,31,240,53,142,40,112,116,12,241,62,82,131,235,179,30,87,250,196,3,94,141,148,136,77,7,96,166,220,143,144,177,198,76,119,139,138,165,122,3,218,120,140
00028 features=1020 size=1 p=2 tap=11 reset=false scheme=3 ops=0,0,2,0,2,2,0,0,2,0,0,0,2,0,0,0,0,0,2,2,0,2,0,2,0,0,2,2,2,2,0,2,0,0,0,2,2,2,2,0,0,2,2,2,0,2,2,2,2,2,0,0,2,2,2,2,2,0,2,2,2,0,0,0 ks=0,0,0,0,0,0,0,0,0,0,0,0,0,0,0,0,0,149,0,0,0,0,0,0,0,0,0,0,0,0,0,0,0,0,0,0,0,0,0,0,0,0,0,0,0,0,0,0,0,0,0,0,0,0,0,0,0,0,0,0,0,0,0,0
00029 features=935 size=60 p=1 tap=11 reset=true scheme=3 ops=1,3,3,1,1,1,1,3,3,1,1,1,1,1,3,1,3,1,1,3,3,1,3,1,1,3,1,3,3,3,3,3,3,1,1,3,1,3,3,1,3,1,1,3,1,1,1,1,1,3,1,3,1,3,1,1,1,1,1,1,1,3,1,3 ks=255,235,205,48,100,175,188,108,35,133,34,223,166,229,50,140,126,149,2,195,181,0,0,240,53,142,40,112,116,12,241,62,82,131,235,179,30,87,250,196,3,94,141,148,136,105,0,96,166,252,143,0,177,198,76,119,139,138,165,122,3,218,127,140
00030 features=908 size=63 p=10 tap=11 reset=true scheme=3 ops=1,3,2,0,1,1,0,0,3,0,1,1,2,1,0,1,3,1,1,2,3,2,0,2,1,3,2,2,0,2,3,3,3,1,1,2,2,2,3,0,0,2,2,3,1,1,1,1,2,3,0,3,1,2,2,1,1,0,1,2,1,0,1,0 ks=255,235,205,48,3,175,188,108,35,133,34,223,166,229,50,140,126,157,2,195,181,0,31,240,53,142,40,112,116,12,241,62,82,131,235,179,30,87,250,196,3,94,141,148,136,77,7,96,166,252,143,144,177,198,191,119,139,205,165,118,3,218,120,140
00031 features=782 size=1 p=5 tap=11 reset=true scheme=3 ops=0,3,2,2,3,0,0,0,3,0,2,2,2,3,0,0,3,0,0,2,3,2,0,2,2,3,2,2,0,2,3,3,3,0,3,2,2,2,3,0,0,2,2,3,2,2,3,2,2,3,0,3,3,2,2,2,2,0,2,2,0,0,3,0 ks=0,0,0,0,0,0,0,255,0,0,0,0,0,0,0,0,0,0,0,0,0,0,0,0,0,0,0,0,0,0,0,0,0,0,0,0,0,0,0,0,0,0,0,0,0,0,0,0,0,0,0,0,0,0,0,0,0,0,0,0,0,0,0,0
00032 features=926 size=63 p=5 tap=11 reset=true scheme=3 ops=1,3,2,0,1,1,0,0,3,0,1,1,2,1,0,1,3,1,1,2,3,2,0,2,1,3,2,2,0,2,3,3,3,1,1,2,2,2,3,0,0,2,2,3,1,1,1,1,2,3,0,3,1,2,2,1,1,0,1,2,1,0,1,0 ks=255,235,205,48,3,175,188,108,35,137,34,223,166,229,50,140,126,149,2,195,181,0,31,240,53,142,40,112,116,12,241,62,82,131,235,179,30,87,250,196,3,255,141,148,136,77,7,96,166,252,143,144,177,198,76,119,139,138,165,122,3,218,120,140
00033 features=983 size=62 p=5 tap=11 reset=false scheme=1 ops=1,1,1,0,1,1,1,0,1,0,1,1,2,1,0,1,3,1,1,0,0,0,0,1,1,1,1,0,0,0,1,1,1,1,1,1,0,1,1,0,0,1,1,1,1,1,1,1,0,1,0,0,1,1,1,1,0,0,1,0,1,0,1,0 ks=255,235,205,48,3,175,188,0,34,133,34,223,166,229,50,140,126,149,2,195,181,0,31,240,53,142,40,112,116,12,241,62,82,131,235,179,30,87,250,196,3,94,141,148,136,77,7,96,166,220,143,144,177,198,76,119,139,138,165,122,3,218,120,140
00034 features=819 size=2 p=5 tap=11 reset=true scheme=3 ops=0,3,2,2,3,0,0,0,3,0,2,2,2,3,0,0,3,0,0,2,3,2,0,2,2,3,2,2,0,2,3,3,3,0,3,2,2,2,3,0,0,2,2,3,2,2,3,2,2,3,0,3,3,2,2,2,2,0,2,2,0,0,3,0 ks=0,0,0,0,0,0,0,255,0,0,0,0,0,0,0,0,0,0,0,0,0,0,0,0,0,0,0,0,0,0,0,0,0,0,0,0,0,0,0,0,0,0,0,0,0,0,0,0,213,0,0,0,0,0,0,0,0,0,0,0,0,0,0,0
00035 features=444 size=1 p=5 tap=11 reset=false scheme=3 ops=1,3,0,1,1,1,0,0,3,0,1,1,1,1,0,3,3,1,1,1,3,1,0,0,1,3,0,0,0,0,3,3,3,1,1,3,3,0,3,0,0,3,0,3,1,1,1,1,1,3,0,3,1,3,0,1,1,0,1,3,1,0,1,0 ks=0,0,0,0,0,0,0,0,0,0,0,0,0,0,0,0,0,0,0,0,0,0,0,0,0,0,0,0,0,0,0,0,0,0,0,0,0,0,0,0,0,0,0,0,0,0,0,0,0,0,0,0,0,0,0,0,0,0,0,0,0,0,255,0
00036 features=823 size=2 p=5 tap=11 reset=true scheme=3 ops=0,3,2,2,3,0,0,0,3,0,2,2,2,3,0,0,3,0,0,2,3,2,0,2,2,3,2,2,0,2,3,3,3,0,3,2,2,2,3,0,0,2,2,3,2,2,3,2,2,3,0,3,3,2,2,2,2,0,2,3,0,0,3,0 ks=0,0,0,0,0,0,0,255,0,0,0,0,0,0,0,0,0,0,0,0,0,0,0,0,0,0,0,0,0,0,0,0,0,0,0,0,0,0,0,0,0,0,0,0,0,0,0,0,0,0,0,0,0,0,0,0,0,2,0,0,0,0,0,0
00037 features=624 size=1 p=5 tap=11 reset=true scheme=3 ops=1,3,2,0,1,1,0,0,3,0,1,1,2,1,0,1,3,1,1,2,3,2,0,2,1,3,2,2,0,2,3,3,3,1,1,2,2,2,3,0,0,2,2,3,1,1,1,1,2,3,0,3,1,2,2,1,1,0,1,2,1,0,1,0 ks=0,0,0,0,0,0,0,0,0,0,0,0,0,0,0,0,0,0,0,0,0,0,0,0,0,0,0,0,0,0,0,0,0,0,0,0,0,0,0,0,0,0,0,0,0,0,0,0,0,0,0,0,0,0,0,0,0,0,0,0,233,0,0,0
00038 features=797 size=3 p=5 tap=11 reset=true scheme=3 ops=0,3,2,2,3,0,0,0,3,0,2,2,2,3,0,0,3,0,0,2,3,2,0,2,2,3,2,2,0,2,3,3,3,0,3,2,2,2,3,0,0,2,2,3,2,2,3,2,2,3,0,3,3,2,2,2,2,0,2,3,0,0,3,0 ks=0,0,255,0,0,0,0,255,0,0,0,0,0,0,0,0,0,0,0,0,0,0,0,0,0,0,0,0,0,0,0,0,0,0,0,0,0,0,0,0,0,0,0,0,0,0,0,0,0,0,0,0,0,0,0,0,0,108,0,0,0,0,0,0
00039 features=937 size=0 p=5 tap=11 reset=true scheme=1 ops=0,3,3,0,3,0,0,0,3,0,0,0,0,0,0,3,3,0,0,1,3,3,0,0,1,0,1,3,0,1,3,3,3,0,0,3,0,0,3,0,0,3,1,3,3,3,0,0,0,3,0,3,0,0,3,3,3,0,0,3,0,0,0,0 ks=0,0,0,0,0,0,0,0,0,0,0,0,0,0,0,0,0,0,0,0,0,0,0,0,0,0,0,0,0,0,0,0,0,0,0,0,0,0,0,0,0,0,0,0,0,0,0,0,0,0,0,0,0,0,0,0,0,0,0,0,0,0,0,0
00040 features=1020 size=1 p=5 tap=11 reset=false scheme=3 ops=0,0,0,0,0,0,0,0,0,0,0,0,0,0,0,0,0,0,0,0,0,0,0,0,0,0,0,0,0,0,0,0,0,0,0,0,0,0,0,0,0,0,0,0,0,0,0,0,0,0,0,0,0,0,0,0,0,0,0,0,0,0,0,0 ks=0,0,0,0,0,0,0,0,0,0,0,0,0,0,0,0,0,0,0,0,0,0,0,0,0,0,0,0,0,0,0,0,0,0,0,0,0,0,0,0,0,0,0,0,232,0,0,0,0,0,0,0,0,0,0,0,0,0,0,0,0,0,0,0
00041 features=91 size=1 p=5 tap=11 reset=false scheme=1 ops=3,3,3,3,3,3,3,3,3,3,3,3,3,3,3,3,3,3,3,3,3,3,3,3,3,3,3,3,3,3,3,3,3,3,3,3,3,3,3,3,3,3,3,3,3,3,3,3,3,3,3,3,3,3,3,3,3,3,3,3,3,3,3,3 ks=0,0,0,0,0,0,0,0,34,0,0,0,0,0,0,0,0,0,0,0,0,0,0,0,0,0,0,0,0,0,0,0,0,0,0,0,0,0,0,0,0,0,0,0,0,0,0,0,0,0,0,0,0,0,0,0,0,0,0,0,0,0,0,0
00042 features=587 size=1 p=5 tap=11 reset=true scheme=3 ops=1,3,2,0,1,1,0,0,3,0,1,1,2,1,0,1,3,1,1,2,3,2,0,2,1,3,2,2,0,2,3,3,3,1,1,2,2,2,3,0,2,2,2,3,1,1,1,1,2,3,0,1,1,2,2,1,1,0,1,2,1,0,1,0 ks=0,0,0,0,255,0,0,0,0,0,0,0,0,0,0,0,0,0,0,0,0,0,0,0,0,0,0,0,0,0,0,0,0,0,0,0,0,0,0,0,0,0,0,0,0,0,0,0,0,0,0,0,0,0,0,0,0,0,0,0,0,0,0,0
00043 features=856 size=2 p=5 tap=11 reset=false scheme=1 ops=0,3,0,0,3,3,2,0,0,0,3,3,2,3,0,2,3,2,0,0,0,0,0,3,0,2,2,0,0,0,2,0,2,2,2,2,0,2,2,0,0,0,0,0,3,2,3,2,0,3,0,0,2,3,2,3,0,0,2,0,2,0,2,0 ks=0,0,205,0,0,0,0,0,0,0,0,0,0,0,0,0,0,0,0,0,0,0,0,0,0,0,0,0,0,0,0,0,0,0,0,0,0,0,0,0,0,0,0,148,0,0,0,0,0,0,0,0,0,0,0,0,0,0,0,0,0,0,0,0
00044 features=786 size=4 p=5 tap=11 reset=true scheme=3 ops=0,3,2,2,3,0,0,0,3,0,2,2,2,3,0,0,3,0,0,2,3,2,0,2,2,3,2,2,0,2,3,3,3,0,3,2,2,2,3,0,0,2,2,3,2,2,3,2,2,3,0,3,3,2,2,2,2,0,2,3,0,0,3,0 ks=0,0,0,0,0,0,0,255,0,0,0,0,0,0,2,0,0,0,0,0,0,0,0,0,0,0,0,0,0,0,0,0,0,0,0,0,0,0,0,0,0,0,252,0,0,0,0,0,0,0,0,0,0,0,0,0,0,2,0,0,0,0,0,0
00045 features=723 size=5 p=5 tap=11 reset=true scheme=3 ops=0,3,2,2,3,0,0,0,3,0,2,2,2,3,0,0,3,0,0,2,3,2,0,2,2,3,2,2,0,2,3,3,3,0,3,2,2,2,3,0,0,2,2,3,2,2,3,2,2,3,0,3,3,2,2,2,2,0,2,3,0,0,3,0 ks=0,0,255,0,0,0,0,255,0,0,0,0,0,0,0,0,0,0,0,0,0,0,0,0,0,0,0,0,0,0,0,0,0,0,0,0,0,0,0,0,255,0,0,0,0,0,0,0,0,0,0,0,0,0,0,128,0,108,0,0,0,0,0,0
00046 features=802 size=4 p=5 tap=11 reset=true scheme=3 ops=0,3,2,2,3,0,0,0,3,0,2,2,2,3,0,0,3,0,0,2,3,2,0,2,2,3,2,2,0,3,3,3,3,0,3,2,2,2,3,0,0,2,2,3,2,2,3,2,2,3,0,3,3,2,2,2,2,0,2,3,0,0,3,0 ks=0,0,8,0,0,0,0,255,0,0,0,0,0,0,0,0,0,0,0,0,0,0,0,0,0,0,0,0,0,0,0,0,0,0,0,0,0,0,0,0,0,0,127,0,0,0,0,0,0,0,0,0,0,0,0,0,0,2,0,0,0,0,0,0
00047 features=396 size=3 p=5 tap=11 reset=true scheme=3 ops=1,3,3,1,3,3,3,1,3,1,1,3,3,3,1,3,3,1,1,1,3,1,1,3,1,3,1,3,3,3,3,3,3,3,3,3,1,3,3,1,3,3,1,3,1,3,3,3,1,3,1,3,3,3,3,3,1,1,1,3,3,1,3,1 ks=0,0,0,0,0,0,0,255,0,0,0,0,0,0,0,0,0,0,0,0,0,0,0,64,0,0,0,0,0,0,0,0,0,0,0,0,0,0,0,0,0,0,0,0,0,0,0,0,213,0,0,0,0,0,0,0,0,0,0,0,0,0,0,0
00048 features=713 size=4 p=5 tap=11 reset=true scheme=3 ops=0,3,2,2,3,0,0,0,3,0,2,2,2,3,0,0,3,0,0,2,3,2,0,3,3,3,3,3,3,3,3,3,3,3,3,2,2,2,3,0,0,2,2,3,2,2,3,2,2,3,0,3,3,2,2,2,2,0,2,3,0,0,3,0 ks=0,0,255,0,0,0,0,255,0,0,0,0,255,0,0,0,0,0,0,0,0,0,0,0,0,0,0,0,0,0,0,0,0,0,0,0,0,0,0,0,0,0,0,0,0,0,0,0,0,0,0,0,0,0,0,0,0,108,0,0,0,0,0,0
00049 features=967 size=0 p=5 tap=11 reset=true scheme=4 ops=0,3,2,2,3,0,0,0,3,0,2,2,2,3,0,0,3,0,0,2,3,2,0,2,2,3,2,2,0,2,3,3,3,0,3,2,2,2,3,0,0,2,2,3,2,2,3,2,2,3,0,3,3,2,2,2,2,0,2,2,0,0,3,0 ks=0,0,0,0,0,0,0,0,0,0,0,0,0,0,0,0,0,0,0,0,0,0,0,0,0,0,0,0,0,0,0,0,0,0,0,0,0,0,0,0,0,0,0,0,0,0,0,0,0,0,0,0,0,0,0,0,0,0,0,0,0,0,0,0
00050 features=798 size=4 p=5 tap=11 reset=true scheme=3 ops=0,3,2,2,3,0,0,0,3,0,2,2,2,3,0,0,3,0,0,2,3,2,0,2,2,3,2,2,0,3,3,3,3,0,3,2,2,2,3,0,0,2,2,3,2,2,3,2,2,3,0,3,3,2,2,2,2,0,2,3,0,0,3,0 ks=0,0,8,0,0,0,0,0,0,0,0,0,0,0,0,0,0,0,0,0,127,0,0,0,0,0,0,0,0,0,0,0,0,0,0,0,0,0,0,0,0,0,127,0,0,0,0,0,0,0,0,0,0,0,0,0,0,2,0,0,0,0,0,0
00051 features=857 size=6 p=5 tap=11 reset=false scheme=1 ops=0,3,0,0,3,3,2,0,0,0,3,3,2,3,0,2,3,2,0,0,0,0,0,3,0,2,2,0,0,0,2,0,2,2,2,2,0,2,2,0,0,0,0,0,3,2,3,2,0,3,0,0,2,3,2,3,0,0,2,0,2,0,2,0 ks=0,0,205,0,0,0,0,0,0,37,0,0,0,0,0,0,0,0,0,0,0,0,0,0,0,0,0,0,0,0,193,0,0,0,0,0,0,0,0,0,0,0,0,2,0,0,0,0,0,0,127,0,1,0,0,0,0,0,0,0,0,0,0,0
00052 features=849 size=5 p=5 tap=11 reset=true scheme=3 ops=0,3,2,2,3,0,0,0,3,0,2,2,2,3,0,0,3,0,0,2,3,2,0,2,2,3,2,2,0,2,3,3,3,0,3,2,2,2,3,0,0,2,2,3,2,2,3,2,2,3,0,3,3,2,2,2,2,0,2,3,0,0,3,0 ks=0,0,255,0,0,0,0,255,0,0,0,0,0,0,0,35,0,0,0,254,0,0,0,0,0,0,0,0,0,0,0,0,0,0,0,0,0,0,0,0,0,0,0,0,0,0,0,0,0,0,0,0,0,0,0,0,0,108,0,0,0,0,0,0
00053 features=786 size=6 p=5 tap=11 reset=true scheme=3 ops=0,3,2,2,3,0,0,0,3,0,2,2,2,3,0,0,3,0,0,2,3,0,0,2,2,3,2,2,0,3,3,3,3,0,3,2,2,2,3,0,0,2,2,3,2,2,3,2,2,3,0,3,3,2,2,2,2,0,2,3,0,0,3,0 ks=0,0,8,0,0,0,0,255,0,0,0,0,0,0,2,0,0,0,0,0,0,0,0,0,0,0,0,0,0,0,0,0,0,0,0,0,0,0,0,0,0,0,127,0,166,0,0,0,0,0,0,0,0,0,0,0,0,2,0,0,0,0,0,0
00054 features=608 size=9 p=5 tap=11 reset=false scheme=3 ops=0,3,2,2,2,0,0,0,3,0,2,2,2,3,0,0,3,0,0,2,3,2,0,3,3,3,3,3,3,3,3,3,3,3,3,2,2,2,3,0,0,2,2,3,2,2,3,2,2,3,0,3,3,2,2,2,2,0,2,3,0,0,3,0 ks=0,252,255,2,0,4,0,255,0,0,0,0,255,0,0,0,4,0,0,0,0,0,0,0,0,0,0,0,0,0,0,0,0,0,0,0,0,0,176,0,0,0,0,0,0,0,0,0,0,0,0,0,0,0,0,0,0,108,0,0,0,0,0,0
00055 features=995 size=0 p=5 tap=11 reset=true scheme=1 ops=0,3,0,0,3,3,2,0,0,0,3,3,2,3,0,2,3,2,0,0,0,0,0,3,0,2,2,0,0,0,2,0,2,2,2,2,0,2,2,0,2,0,0,0,3,2,3,2,0,3,0,0,2,3,2,3,0,0,2,0,2,0,2,0 ks=0,0,0,0,0,0,0,0,0,0,0,0,0,0,0,0,0,0,0,0,0,0,0,0,0,0,0,0,0,0,0,0,0,0,0,0,0,0,0,0,0,0,0,0,0,0,0,0,0,0,0,0,0,0,0,0,0,0,0,0,0,0,0,0
00056 features=799 size=17 p=5 tap=11 reset=true scheme=3 ops=0,3,2,2,3,0,0,0,3,0,2,2,2,3,0,0,3,0,0,2,3,2,0,2,1,3,3,1,0,3,3,3,3,1,1,0,1,3,3,0,0,2,2,3,2,2,3,2,2,3,0,3,3,2,2,2,2,0,2,3,0,0,3,0 ks=0,0,0,0,0,0,0,255,0,0,0,0,32,0,2,0,0,0,0,0,0,0,0,0,0,0,0,0,0,12,241,62,82,131,235,179,30,87,250,196,3,0,252,0,0,0,0,0,0,0,0,0,0,0,0,0,0,2,0,0,0,0,0,0
00057 features=793 size=2 p=5 tap=11 reset=true scheme=3 ops=0,3,2,2,3,0,0,0,3,0,2,2,2,3,0,0,3,0,0,2,3,2,0,2,2,3,2,2,0,2,3,3,3,0,3,2,2,2,3,0,0,2,2,3,2,2,3,2,2,3,0,3,3,2,2,2,2,0,2,2,0,0,3,0 ks=0,0,0,0,0,0,0,255,0,0,0,0,0,0,0,0,0,0,0,0,0,0,0,0,0,0,0,0,0,0,0,0,0,0,0,0,0,0,0,0,0,0,0,0,0,0,0,0,127,0,0,0,0,0,0,0,0,0,0,0,0,0,0,0
00058 features=836 size=2 p=5 tap=11 reset=true scheme=3 ops=0,3,2,2,3,0,0,0,3,0,2,2,2,3,0,0,3,0,0,2,3,2,0,2,2,3,2,2,0,2,3,3,3,0,3,2,2,2,3,0,0,2,2,3,2,2,3,2,2,3,0,3,3,2,2,2,2,0,2,2,0,0,3,0 ks=0,0,0,0,0,0,0,255,0,0,0,0,0,0,0,0,0,0,0,0,0,0,0,0,0,0,0,0,0,0,0,0,0,0,0,0,0,0,0,0,0,0,0,0,0,0,0,0,0,0,0,0,0,0,0,0,0,0,0,0,127,0,0,0
00059 features=706 size=2 p=5 tap=11 reset=true scheme=3 ops=0,3,3,3,3,0,0,0,3,0,3,3,3,3,0,0,3,0,0,0,3,0,0,3,0,3,0,0,0,0,3,3,3,0,3,3,3,0,3,0,0,0,0,3,0,0,3,0,3,3,0,3,3,0,3,3,3,0,0,3,0,0,3,0 ks=0,0,0,0,0,0,0,255,0,0,0,0,0,0,0,0,0,0,0,0,0,0,0,0,0,0,0,0,0,0,0,0,0,0,0,0,0,0,0,0,0,0,0,0,0,0,0,0,0,0,0,0,0,0,0,0,0,2,0,0,0,0,0,0
00060 features=843 size=3 p=5 tap=11 reset=true scheme=3 ops=0,3,2,2,3,0,0,0,3,0,2,2,2,3,0,0,3,0,0,2,3,2,0,2,2,3,2,2,0,2,3,3,3,0,3,2,2,2,3,0,0,2,2,3,2,2,3,2,2,3,0,3,3,2,2,2,2,0,2,3,0,0,3,0 ks=0,0,0,0,0,0,0,255,0,0,0,0,0,0,0,0,0,0,0,0,0,0,0,0,0,0,0,0,0,0,0,0,0,0,0,0,0,0,0,0,2,0,0,0,0,0,0,0,0,0,0,0,0,0,0,0,0,2,0,0,0,0,0,0
00061 features=932 size=63 p=5 tap=11 reset=true scheme=3 ops=1,3,2,0,1,1,0,0,3,0,1,1,2,1,0,1,3,1,1,2,3,2,0,2,1,3,2,2,0,2,3,3,3,1,1,2,2,2,3,0,0,2,2,3,1,1,1,1,2,3,0,1,1,2,2,1,1,0,1,2,1,0,1,0 ks=255,235,205,48,3,175,188,108,35,133,34,223,166,229,50,138,126,149,2,195,181,0,31,240,53,142,40,112,116,12,241,62,83,131,235,179,30,87,250,196,3,94,141,148,136,77,7,96,166,252,143,144,177,198,76,119,139,138,165,122,3,218,120,140
00062 features=592 size=3 p=5 tap=25 reset=true scheme=3 ops=1,3,2,0,1,1,0,0,3,0,1,1,2,1,0,1,3,1,1,2,3,2,0,2,1,3,2,2,0,2,3,3,3,1,1,2,2,2,3,0,0,2,2,3,1,1,1,1,2,3,0,3,1,2,2,1,3,0,1,2,1,0,1,0 ks=0,0,0,0,0,0,23,0,0,0,0,0,0,0,0,0,0,0,0,0,0,0,224,0,0,0,0,0,0,0,0,0,0,0,0,0,254,0,0,0,0,0,0,0,0,0,0,0,0,0,0,0,0,0,0,0,0,0,0,0,0,0,0,0
00063 features=740 size=6 p=5 tap=11 reset=true scheme=3 ops=0,3,2,2,3,0,0,0,3,0,2,2,2,3,0,0,3,0,0,2,3,2,0,2,2,3,2,2,0,2,3,3,3,0,3,2,2,2,3,0,0,2,2,3,2,2,3,2,2,3,0,3,3,2,2,2,2,0,2,3,0,0,3,0 ks=0,0,255,0,0,0,0,255,0,0,0,0,0,0,0,0,0,0,0,0,0,0,0,0,0,0,0,0,0,0,0,0,0,0,0,0,0,0,0,0,255,0,0,0,0,0,0,0,0,128,0,0,0,0,0,128,0,108,0,0,0,0,0,0
00064 features=827 size=5 p=5 tap=11 reset=true scheme=3 ops=0,3,2,2,3,0,0,0,3,0,2,2,2,3,0,0,3,0,0,2,3,2,0,2,2,3,2,2,0,2,3,3,3,0,3,2,2,2,3,0,0,2,2,3,2,2,3,2,2,3,0,3,3,2,2,2,2,0,2,2,0,0,3,0 ks=0,0,0,0,0,0,0,255,0,0,0,0,0,0,0,0,0,0,0,0,0,0,0,0,0,0,0,0,16,0,0,0,0,0,0,16,0,105,0,0,0,0,0,0,0,0,0,0,213,0,0,0,0,0,0,0,0,0,0,0,0,0,0,0
00065 features=813 size=4 p=5 tap=11 reset=true scheme=3 ops=0,3,2,2,3,0,0,0,3,0,2,2,2,3,0,0,3,0,0,2,3,2,0,2,2,3,2,2,0,2,3,3,3,0,3,2,2,2,3,0,0,2,2,3,2,2,3,2,2,3,0,3,3,2,2,2,2,0,2,3,0,0,3,0 ks=0,0,255,0,0,0,0,255,0,0,0,0,0,0,0,0,0,0,0,0,0,0,0,0,0,0,0,0,0,0,0,0,0,0,0,0,0,0,0,0,0,0,0,0,0,0,0,0,0,0,0,0,0,0,0,3,0,108,0,0,0,0,0,0
00066 features=839 size=3 p=5 tap=11 reset=true scheme=3 ops=0,3,2,2,3,0,0,0,3,0,2,2,2,3,0,0,3,0,0,2,3,2,0,2,2,3,2,2,0,2,3,3,3,0,3,2,2,2,3,0,0,2,2,3,2,2,3,2,2,3,0,3,3,2,2,2,2,0,2,2,0,0,3,0 ks=0,0,0,0,0,0,0,255,0,0,0,0,0,0,0,0,0,0,0,0,0,0,0,0,0,0,0,0,0,0,0,0,128,0,0,0,0,0,0,0,0,0,0,0,0,0,0,0,213,0,0,0,0,0,0,0,0,0,0,0,0,0,0,0
00067 features=800 size=4 p=5 tap=11 reset=true scheme=3 ops=0,3,2,2,3,0,0,0,3,0,2,2,2,3,0,0,3,0,0,2,3,2,0,2,2,3,2,2,0,2,3,3,3,0,3,2,2,2,3,0,0,2,2,3,2,2,3,2,2,3,0,3,3,2,2,2,2,0,2,3,0,0,3,0 ks=0,0,255,0,0,0,0,255,0,0,0,0,0,0,0,0,0,0,0,0,0,0,0,0,0,0,0,0,0,0,0,0,0,0,0,0,0,0,0,0,0,0,0,0,0,0,0,0,0,0,0,0,0,0,0,128,0,108,0,0,0,0,0,0
00068 features=396 size=4 p=5 tap=11 reset=true scheme=3 ops=1,3,3,1,3,3,3,1,3,1,1,3,3,3,1,3,3,1,1,1,3,1,1,3,1,3,1,3,3,3,3,3,3,3,3,3,1,3,3,1,3,3,1,3,1,3,3,3,1,3,1,3,3,3,3,3,1,1,1,3,3,1,3,1 ks=0,0,0,0,0,0,0,255,0,0,0,0,0,0,0,0,0,0,0,0,0,0,0,64,0,0,0,0,0,0,0,0,0,0,0,0,0,0,0,0,0,0,0,0,0,0,0,0,213,0,0,0,0,0,0,0,128,0,0,0,0,0,0,0
00069 features=741 size=5 p=5 tap=11 reset=true scheme=3 ops=0,3,2,2,3,0,0,0,3,0,2,2,2,3,0,0,3,0,0,2,3,2,0,0,0,0,0,0,0,0,0,0,3,0,3,2,2,2,3,0,0,2,2,3,2,2,3,2,2,3,0,3,3,2,2,2,2,0,2,3,0,0,3,0 ks=0,0,255,0,0,0,0,255,0,0,0,0,0,0,0,0,0,0,0,0,0,0,0,0,0,0,0,0,0,0,0,0,0,0,0,0,0,0,0,0,255,0,0,0,0,0,0,0,0,0,0,0,0,0,0,128,0,108,0,0,0,0,0,0
00070 features=644 size=3 p=5 tap=11 reset=false scheme=3 ops=0,3,2,2,3,0,0,0,3,0,2,2,2,3,0,0,3,0,0,2,3,2,0,2,2,3,2,2,0,2,3,3,3,0,3,2,2,2,3,0,0,2,2,3,2,2,3,2,2,3,0,3,3,2,2,2,2,0,2,3,0,0,3,0 ks=0,0,0,0,0,0,0,255,0,0,0,0,0,0,0,0,0,0,0,0,0,0,49,0,0,0,0,0,0,0,0,0,0,0,0,0,0,0,0,0,0,0,0,0,0,0,0,0,0,0,0,0,0,0,0,0,0,2,0,0,0,0,0,0
00071 features=823 size=6 p=5 tap=11 reset=true scheme=3 ops=0,3,2,2,3,0,0,0,3,0,2,2,2,3,0,0,3,0,0,2,3,2,0,2,2,3,2,2,0,2,3,3,3,0,3,2,2,2,3,0,0,2,2,3,2,2,3,2,2,3,0,3,3,2,2,2,2,0,2,3,0,0,3,0 ks=0,0,255,0,0,0,0,255,0,0,0,0,0,0,0,35,0,253,0,139,0,0,0,0,0,0,0,0,0,0,0,0,0,0,0,0,0,0,0,0,0,0,0,0,0,0,0,0,0,0,0,0,0,0,0,0,0,108,0,0,0,0,0,0
00072 features=796 size=5 p=5 tap=11 reset=true scheme=3 ops=0,3,2,2,3,0,0,0,3,0,2,2,2,3,0,0,3,0,0,2,3,2,0,2,2,3,2,2,0,2,3,3,3,0,3,2,2,2,3,0,0,2,2,3,2,2,3,2,2,3,0,3,3,2,2,2,2,0,2,3,0,0,3,0 ks=0,0,8,0,0,0,0,255,0,0,0,0,0,0,0,0,0,0,0,0,0,0,0,0,0,0,0,0,0,0,0,0,0,0,0,0,0,0,0,0,0,0,162,0,0,0,0,0,0,0,0,0,0,0,0,3,0,108,0,0,0,0,0,0
00073 features=804 size=5 p=5 tap=11 reset=true scheme=3 ops=0,3,2,2,3,0,0,0,3,0,2,2,2,3,0,0,3,0,0,2,3,2,0,2,2,3,2,2,0,2,3,3,3,0,3,2,2,2,3,0,0,2,2,3,2,2,3,2,2,3,0,3,3,2,2,2,2,0,2,3,0,0,3,0 ks=0,0,255,0,0,0,0,255,0,0,0,0,2,0,0,0,0,0,0,0,0,0,0,0,0,0,0,0,0,0,0,0,0,0,0,0,0,0,0,0,0,0,0,0,0,0,0,0,0,0,0,0,0,0,16,0,0,108,0,0,0,0,0,0
00074 features=690 size=2 p=5 tap=11 reset=false scheme=3 ops=0,3,2,2,3,0,2,0,0,0,3,3,2,3,0,0,3,0,0,2,3,3,0,2,2,3,2,2,0,2,3,3,3,0,3,2,2,2,3,0,0,2,2,3,2,2,3,2,2,3,0,3,3,2,2,2,2,0,2,3,0,0,3,0 ks=0,0,0,0,0,0,0,0,0,0,0,0,0,0,0,0,0,0,0,0,0,0,0,0,0,0,0,0,0,0,0,227,0,0,0,0,0,0,0,0,0,0,0,0,0,0,0,0,0,0,0,0,0,0,0,0,0,108,0,0,0,0,0,0
00075 features=806 size=5 p=5 tap=11 reset=true scheme=3 ops=0,3,2,2,3,0,0,0,3,0,2,2,2,3,0,0,3,0,0,2,3,2,0,2,2,3,2,2,0,2,3,3,3,0,3,2,2,2,3,0,0,2,2,3,2,2,3,2,2,3,3,3,3,2,2,2,2,0,2,3,0,0,3,0 ks=0,0,255,0,0,0,0,255,0,0,0,0,0,0,0,35,0,0,0,254,0,0,0,0,0,0,0,0,0,0,0,0,0,0,0,0,0,0,0,0,0,0,0,0,0,0,0,0,0,0,0,0,0,0,0,0,0,108,0,0,0,0,0,0
00076 features=745 size=3 p=5 tap=36 reset=true scheme=3 ops=0,3,2,2,3,0,0,0,3,0,2,2,2,3,0,0,3,0,0,2,3,2,0,2,2,3,2,2,0,2,3,3,3,0,3,2,2,2,3,0,0,2,2,3,2,2,3,2,2,3,0,3,3,2,2,2,2,0,2,3,0,0,3,0 ks=0,0,255,0,0,0,0,255,0,0,0,0,2,0,0,0,0,0,0,0,0,0,0,0,0,0,0,0,0,0,0,0,0,0,0,0,0,0,0,0,0,0,0,0,0,0,0,0,0,0,0,0,0,0,0,0,0,0,0,0,0,0,0,0
00077 features=854 size=9 p=5 tap=16 reset=true scheme=3 ops=0,3,2,2,3,0,0,0,3,0,2,2,2,3,0,0,3,0,0,2,3,2,0,2,2,3,2,2,0,2,3,3,3,0,3,2,2,2,3,0,0,2,2,3,2,2,3,2,2,3,0,3,3,2,2,2,2,0,2,3,0,0,3,0 ks=0,0,255,0,0,0,0,255,0,255,0,0,2,0,0,0,0,0,0,0,0,0,0,0,0,0,0,0,0,0,0,0,0,0,2,0,0,0,0,0,0,0,0,0,0,0,0,0,0,0,0,0,2,0,16,0,0,108,0,0,0,0,0,140
00078 features=683 size=6 p=5 tap=11 reset=true scheme=3 ops=0,3,2,2,3,0,0,0,3,0,2,2,2,3,0,0,3,0,0,2,3,2,0,3,3,3,3,3,3,3,3,3,3,3,3,2,2,2,3,0,0,2,2,3,2,2,3,2,2,3,0,3,3,2,2,2,2,0,2,3,0,0,3,0 ks=0,0,255,0,0,0,0,255,0,0,0,0,255,0,0,0,0,0,0,0,0,0,0,0,0,0,0,0,0,0,0,0,4,0,0,0,0,0,0,0,0,0,0,0,0,0,2,0,0,0,0,0,0,0,0,0,0,108,0,0,0,0,0,0
00079 features=815 size=3 p=5 tap=11 reset=true scheme=3 ops=0,3,2,2,3,0,0,0,3,0,2,2,2,3,0,0,3,0,0,2,3,2,0,2,2,3,2,2,0,2,3,3,3,0,3,2,2,2,3,0,0,2,2,3,2,2,3,2,2,3,0,3,3,2,2,2,2,0,2,2,0,0,3,0 ks=0,0,183,0,0,0,0,255,0,0,0,0,0,0,0,0,0,0,0,0,0,0,0,0,0,0,0,0,0,0,0,0,0,0,0,0,0,0,0,0,0,0,0,0,0,0,0,0,213,0,0,0,0,0,0,0,0,0,0,0,0,0,0,0
00080 features=518 size=5 p=5 tap=11 reset=false scheme=3 ops=2,3,2,2,3,2,2,2,3,2,2,2,2,3,2,3,3,2,2,2,3,2,2,2,2,3,2,2,2,2,3,3,3,3,3,2,2,2,3,2,2,2,2,3,2,2,3,2,2,3,3,3,3,2,2,2,2,2,2,2,2,3,3,2 ks=0,0,0,0,0,0,0,255,0,0,0,0,0,0,0,0,0,0,0,0,0,0,0,0,0,0,0,0,16,0,0,0,0,0,0,16,0,105,0,0,0,0,0,0,0,0,0,0,213,0,0,0,0,0,0,0,0,0,0,0,0,0,0,0
00081 features=760 size=7 p=5 tap=11 reset=true scheme=3 ops=0,3,2,2,3,0,0,3,3,0,1,1,0,1,0,0,3,0,0,2,3,2,0,2,2,3,2,1,0,2,3,3,3,0,3,2,2,2,3,0,0,2,2,3,2,2,3,2,2,3,3,3,3,2,2,2,2,0,2,3,0,0,3,0 ks=0,0,255,0,0,0,0,108,0,133,0,0,0,0,0,35,0,0,0,254,0,0,0,0,0,0,3,0,0,0,0,0,0,0,0,0,0,0,0,0,0,0,0,0,0,0,0,0,0,0,0,0,0,0,0,0,0,108,0,0,0,0,0,0
00082 features=813 size=5 p=2 tap=11 reset=true scheme=3 ops=0,3,2,2,3,0,0,0,3,0,2,2,2,3,0,0,3,0,0,2,3,2,0,0,2,3,2,2,0,2,3,3,3,0,3,2,2,2,3,0,0,2,2,3,2,2,3,2,2,3,0,3,3,2,2,2,2,0,2,3,0,0,3,0 ks=0,0,255,0,0,0,0,255,0,0,0,0,2,0,0,0,0,0,0,0,0,0,0,0,0,0,0,0,0,0,0,0,0,0,0,0,0,0,0,0,0,0,0,0,0,0,0,0,0,0,0,0,0,0,16,0,0,108,0,0,0,0,0,0
00083 features=829 size=5 p=5 tap=11 reset=true scheme=3 ops=0,3,2,2,3,0,0,0,3,0,2,2,2,3,0,0,3,0,0,2,3,2,0,2,2,3,2,2,0,2,3,3,3,0,3,2,2,2,3,0,0,2,2,3,2,2,3,2,2,3,0,3,3,2,2,2,2,0,2,3,0,0,3,0 ks=0,0,0,0,0,0,0,255,0,0,8,0,0,0,0,0,0,0,0,0,0,0,0,0,0,0,0,0,0,0,0,0,0,0,0,0,0,0,0,0,2,0,0,0,0,0,0,0,0,0,0,0,0,0,0,0,0,2,254,0,0,0,0,0
00084 features=658 size=5 p=5 tap=11 reset=false scheme=3 ops=0,3,2,2,3,0,0,0,3,0,2,2,2,3,0,0,3,0,0,2,3,2,0,2,2,3,2,2,0,3,3,3,3,0,3,2,2,2,3,0,0,2,2,3,2,2,3,2,2,3,0,3,3,2,2,2,2,0,2,3,0,0,3,0 ks=0,0,8,0,0,0,0,255,0,0,0,0,0,0,0,0,0,0,0,0,0,0,128,0,0,0,0,0,0,0,0,0,0,0,0,0,0,0,0,0,0,0,127,0,0,0,0,0,0,0,0,0,0,0,0,0,0,2,0,0,0,0,0,0
00085 features=514 size=6 p=5 tap=11 reset=false scheme=3 ops=2,3,2,2,3,2,2,2,3,2,2,2,2,3,2,3,3,2,2,2,3,2,2,2,2,3,2,2,2,2,3,3,3,3,3,2,2,2,3,2,2,2,2,3,2,2,3,2,2,3,3,3,3,2,2,2,2,2,2,2,2,3,3,2 ks=0,0,0,0,0,0,0,255,0,0,0,0,0,0,0,0,0,0,0,0,0,0,0,0,0,0,0,0,16,0,0,0,0,0,0,16,0,105,0,0,0,0,0,0,0,0,0,127,213,0,0,0,0,0,0,0,0,0,0,0,0,0,0,0
00086 features=761 size=6 p=5 tap=11 reset=true scheme=3 ops=0,3,2,2,3,0,0,0,3,0,2,2,2,3,0,0,3,0,0,2,3,2,0,2,2,3,2,2,0,2,1,3,3,0,3,2,2,2,3,0,0,2,2,3,2,2,3,2,2,3,0,3,3,2,2,2,2,0,2,3,0,0,3,0 ks=0,255,255,0,0,0,0,255,0,0,0,1,0,0,0,0,0,0,0,2,0,0,0,0,0,0,0,0,0,0,0,0,0,0,0,0,0,0,0,0,0,0,0,0,0,0,0,0,0,0,0,0,0,0,0,0,0,108,0,0,0,0,0,0
00087 features=810 size=6 p=5 tap=11 reset=true scheme=3 ops=0,3,2,2,3,0,0,0,3,0,2,2,2,3,0,0,3,0,0,2,3,2,0,2,2,3,2,2,0,2,3,3,3,0,3,2,2,2,3,0,0,2,2,3,2,2,3,2,2,3,0,3,3,2,2,2,2,0,2,3,0,0,3,0 ks=0,0,255,0,0,0,0,255,0,0,0,0,2,0,0,0,0,0,0,0,0,0,0,0,0,0,0,0,0,0,0,0,0,0,0,0,0,0,0,0,0,0,2,0,0,0,0,0,0,0,0,0,0,0,16,0,0,108,0,0,0,0,0,0
00088 features=300 size=6 p=5 tap=11 reset=true scheme=3 ops=3,3,3,3,3,1,3,3,3,1,1,3,3,3,3,3,3,3,1,1,3,1,1,1,1,3,1,3,1,1,3,3,3,3,3,3,1,3,3,3,1,3,3,3,3,1,3,3,1,3,3,3,3,1,3,3,1,3,1,3,3,1,3,1 ks=0,0,255,0,0,0,0,255,0,0,0,0,0,0,0,0,0,0,0,0,0,0,0,0,0,0,0,0,0,0,0,0,0,0,0,0,0,0,0,0,255,0,0,0,0,0,0,0,0,128,0,0,0,0,0,128,0,108,0,0,0,0,0,0
00089 features=654 size=3 p=5 tap=11 reset=false scheme=3 ops=0,3,2,2,3,0,2,0,0,0,3,3,2,3,0,0,3,0,0,2,3,3,0,2,2,3,2,2,0,2,3,3,3,0,3,2,2,2,3,0,0,2,2,3,2,2,3,2,2,3,0,3,3,3,2,2,2,0,2,3,0,0,3,0 ks=0,0,0,0,0,0,0,0,0,0,0,0,0,0,0,0,0,0,0,0,0,0,0,0,0,0,0,0,0,0,0,227,0,0,0,0,0,0,0,0,0,0,0,0,0,0,0,0,0,0,0,0,0,0,0,0,0,108,1,0,0,0,0,0
00090 features=810 size=8 p=5 tap=11 reset=true scheme=3 ops=0,3,0,0,3,0,0,0,3,0,0,3,0,3,0,0,3,0,0,3,3,3,0,3,0,3,0,0,0,3,3,3,3,0,3,0,3,3,3,0,0,3,0,3,3,0,3,0,3,3,0,3,3,0,0,3,3,0,3,3,0,0,3,0 ks=0,0,255,0,64,0,0,255,0,0,0,0,0,0,0,0,209,0,0,128,0,0,0,0,0,0,0,0,0,0,0,0,0,0,0,0,0,0,0,0,0,0,0,0,0,0,0,0,0,0,52,0,0,0,0,128,0,108,0,0,0,0,0,0
00091 features=522 size=4 p=5 tap=11 reset=false scheme=3 ops=2,3,2,2,3,2,2,2,3,2,2,2,2,3,2,3,3,2,2,2,3,2,2,2,2,3,2,2,0,3,3,3,3,0,3,2,2,2,3,2,2,2,2,3,2,2,3,2,2,3,3,3,3,2,2,2,2,2,2,2,2,3,3,2 ks=0,0,0,0,0,0,0,255,0,0,0,0,0,0,0,0,0,0,0,0,0,0,0,0,0,0,0,0,0,0,0,0,0,0,0,0,0,105,0,0,0,0,0,0,0,0,0,127,213,0,0,0,0,0,0,0,0,0,0,0,0,0,0,0
00092 features=495 size=3 p=5 tap=11 reset=false scheme=3 ops=0,3,3,3,3,0,0,0,3,0,3,3,3,3,0,0,3,0,0,0,3,0,0,3,0,3,0,0,0,0,3,3,3,0,3,3,2,0,3,0,0,0,0,3,2,0,3,0,3,3,0,3,3,0,3,3,3,0,0,3,0,0,3,0 ks=0,0,0,0,0,0,0,255,0,0,0,0,0,0,0,0,0,0,0,0,0,0,0,0,0,0,0,0,0,0,0,0,0,0,0,0,0,0,0,42,0,0,0,0,0,0,0,0,0,0,0,0,0,0,0,0,0,2,0,0,0,0,0,0
00093 features=778 size=4 p=1 tap=11 reset=true scheme=3 ops=0,3,2,2,3,0,0,0,3,0,2,2,2,3,0,0,3,0,0,2,3,2,0,2,2,3,2,2,0,2,3,3,3,0,3,2,2,2,3,0,0,2,2,3,2,2,3,2,2,3,0,3,3,2,2,2,2,0,2,2,0,0,3,0 ks=0,0,255,0,0,0,0,255,0,0,0,0,0,0,0,0,0,0,0,0,0,0,0,0,0,0,0,0,0,0,0,0,0,0,0,0,0,0,0,0,0,0,0,0,0,0,0,0,0,0,0,0,0,0,0,3,0,108,0,0,0,0,0,0
00094 features=852 size=13 p=1 tap=16 reset=true scheme=3 ops=0,3,2,2,3,0,0,0,3,0,2,2,2,3,0,0,3,0,0,2,3,2,0,2,2,3,2,2,0,2,3,3,3,0,3,2,2,2,3,0,0,2,2,3,2,2,3,2,2,3,0,3,3,2,2,2,2,0,2,3,0,0,3,0 ks=0,0,255,0,0,0,0,255,0,255,176,0,2,0,128,255,0,0,0,0,0,0,0,0,0,0,0,0,0,0,0,0,0,0,2,0,0,0,0,0,0,0,0,0,0,0,0,0,0,0,0,0,2,0,16,0,0,108,0,0,0,0,1,140
00095 features=674 size=6 p=5 tap=11 reset=false scheme=3 ops=0,3,2,2,3,0,0,0,3,0,2,2,2,3,0,0,3,0,0,2,3,2,0,0,0,0,2,2,0,2,3,3,3,0,3,2,2,2,3,0,0,2,2,3,2,2,3,2,2,3,0,3,3,2,2,2,2,0,2,3,0,0,3,0 ks=0,0,255,0,0,0,0,255,0,0,0,0,0,0,0,0,0,0,0,0,0,0,0,0,0,0,0,0,0,0,0,0,0,0,0,236,0,0,0,0,0,0,0,0,127,0,0,0,0,0,0,0,0,0,0,3,0,108,0,0,0,0,0,0
00096 features=745 size=8 p=5 tap=11 reset=true scheme=3 ops=0,3,2,2,3,0,0,0,3,0,1,1,0,3,0,0,3,0,0,2,3,2,0,0,0,0,0,0,0,0,0,0,3,0,3,2,2,2,3,0,0,2,2,3,2,2,3,2,2,3,0,3,3,2,2,2,2,0,2,3,0,0,3,0 ks=0,0,255,0,0,0,0,255,0,0,34,223,166,0,0,0,0,0,0,0,0,0,0,0,0,0,0,0,0,0,0,0,0,0,0,0,0,0,0,0,255,0,0,0,0,0,0,0,0,0,0,0,0,0,0,128,0,108,0,0,0,0,0,0
00097 features=643 size=5 p=5 tap=11 reset=false scheme=3 ops=2,3,2,2,3,2,2,2,3,2,2,2,2,3,2,3,3,2,2,2,3,2,2,2,2,3,2,2,0,2,3,3,3,3,3,2,2,2,3,2,2,2,2,3,2,2,3,2,2,3,3,3,3,2,2,2,2,0,2,2,0,3,3,2 ks=0,0,0,0,0,0,0,255,0,0,0,0,0,0,0,0,0,0,0,0,0,0,0,0,0,0,0,0,0,0,0,0,0,0,0,16,0,105,0,0,0,0,0,252,0,0,0,0,213,0,0,0,0,0,0,0,0,0,0,0,0,0,0,0
00098 features=907 size=26 p=5 tap=16 reset=true scheme=3 ops=0,3,2,2,3,0,0,0,3,0,2,2,2,3,0,0,3,0,0,2,3,2,0,2,2,3,2,2,0,2,3,3,3,0,3,2,2,2,3,0,0,2,2,3,0,1,1,1,2,3,0,3,1,2,2,2,2,0,2,3,0,0,3,0 ks=0,0,255,0,0,0,0,255,0,255,0,0,2,0,0,0,0,0,0,23,0,255,0,0,0,0,0,0,0,0,0,0,0,0,2,0,0,87,250,196,3,94,141,148,136,77,7,96,166,252,143,144,177,0,16,0,0,108,0,0,0,0,0,140
00099 features=508 size=3 p=5 tap=11 reset=true scheme=5 ops=3,3,3,3,3,3,3,3,3,3,3,3,3,3,3,3,3,3,3,3,3,3,3,3,3,3,3,3,3,3,3,3,3,3,3,3,3,3,3,3,3,3,3,3,3,3,3,3,3,3,3,3,3,3,3,3,3,3,3,3,3,3,3,3 ks=0,0,0,0,0,0,0,0,0,0,0,0,0,0,0,0,0,0,0,0,0,0,0,0,0,0,0,0,0,0,0,0,0,0,0,0,0,0,0,0,0,0,0,0,0,0,0,0,213,0,0,0,0,0,0,8,128,0,0,0,0,0,0,0
00100 features=845 size=4 p=5 tap=33 reset=false scheme=3 ops=0,3,2,2,3,0,0,0,3,0,2,2,2,3,0,0,3,0,0,2,3,2,0,2,2,3,2,2,0,2,3,3,3,0,3,2,2,2,3,0,2,0,2,3,2,2,3,2,2,0,0,3,3,0,2,2,2,0,2,3,0,0,3,0 ks=0,0,0,0,0,0,0,255,0,0,0,0,0,0,0,0,0,0,0,0,0,0,49,0,0,0,0,0,0,0,0,0,0,0,0,0,0,0,0,0,0,0,0,2,0,0,0,0,0,0,0,0,0,0,0,0,0,2,0,0,0,0,0,0
00101 features=225 size=16 p=2 tap=57 reset=false scheme=3 ops=3,3,3,3,3,1,0,0,3,0,1,1,3,3,3,3,3,3,1,1,3,1,1,1,1,3,1,3,1,1,3,3,3,3,3,3,1,3,3,3,1,3,3,3,3,1,3,3,1,3,3,3,3,1,3,3,1,3,1,3,3,1,3,1 ks=0,0,255,0,0,175,188,108,35,133,34,223,0,0,0,0,0,0,0,0,0,0,0,0,0,0,0,0,0,0,0,248,254,0,0,0,0,0,0,0,255,0,0,0,0,0,0,0,0,128,0,0,0,0,0,128,0,108,0,1,1,0,0,0
00102 features=834 size=9 p=5 tap=16 reset=true scheme=3 ops=0,3,3,2,3,0,0,0,3,0,2,2,2,3,0,0,3,0,0,2,3,2,0,2,2,3,2,2,0,2,3,3,3,0,3,2,2,2,3,0,0,2,2,3,2,2,3,2,2,3,0,3,3,2,2,2,3,0,2,3,0,0,3,0 ks=0,0,255,0,0,0,0,255,0,255,0,0,2,0,0,0,0,0,0,0,0,0,0,0,0,0,0,0,0,0,0,0,0,0,2,0,0,0,0,0,0,0,0,0,0,0,0,0,0,0,0,0,2,0,16,0,0,108,0,0,0,0,0,140
00103 features=806 size=7 p=5 tap=11 reset=true scheme=3 ops=0,3,2,2,3,0,0,0,3,0,2,2,2,3,0,0,3,0,0,2,3,2,0,2,2,3,2,2,0,2,3,3,3,0,3,2,2,2,3,0,0,2,2,3,2,2,3,2,2,3,0,3,3,2,2,2,2,0,2,3,0,0,3,0 ks=0,0,255,0,0,0,0,255,0,0,0,0,2,0,0,0,0,0,0,0,0,0,0,0,0,0,0,0,128,0,0,0,0,0,0,0,0,0,0,0,0,0,2,0,0,0,0,0,0,0,0,0,0,0,16,0,0,108,0,0,0,0,0,0
00104 features=673 size=7 p=5 tap=11 reset=true scheme=3 ops=0,3,0,1,3,0,0,0,3,0,3,1,1,3,0,0,3,0,0,0,3,0,0,3,1,3,0,3,0,3,3,3,3,0,3,1,3,0,3,0,0,3,1,3,1,3,3,3,3,3,0,3,3,0,0,3,3,0,3,3,0,0,3,0 ks=0,0,8,0,0,0,0,255,0,0,0,0,0,0,0,127,0,0,0,0,0,0,0,0,0,0,0,0,0,0,0,0,0,0,0,0,0,23,0,0,0,0,25,0,0,0,0,0,0,0,0,0,254,0,0,0,0,2,0,0,0,0,0,0
00105 features=793 size=3 p=5 tap=11 reset=true scheme=5 ops=3,3,3,3,3,3,3,3,3,3,1,1,2,1,0,1,3,3,3,3,3,3,3,3,3,3,3,3,3,3,3,3,3,3,3,3,3,3,3,3,3,3,3,3,3,3,3,3,3,3,3,3,3,3,3,3,3,3,3,3,3,3,3,3 ks=0,0,0,0,0,0,0,0,0,0,34,223,0,0,0,0,126,0,0,0,0,0,0,0,0,0,0,0,0,0,0,0,0,0,0,0,0,0,0,0,0,0,0,0,0,0,0,0,0,0,0,0,0,0,0,0,0,0,0,0,0,0,0,0
00106 features=806 size=5 p=5 tap=11 reset=true scheme=3 ops=0,3,2,2,3,0,3,0,3,0,2,2,2,3,0,0,3,0,0,2,3,2,0,2,2,3,2,2,0,2,3,3,3,0,3,2,2,2,3,0,0,2,2,3,2,2,3,2,2,3,0,3,3,2,2,2,2,0,2,3,0,0,3,0 ks=0,0,255,0,0,0,0,255,0,0,0,0,0,0,0,0,0,0,0,0,0,0,0,0,0,0,0,0,0,0,0,0,0,0,0,0,64,0,0,0,0,0,0,0,0,0,0,0,0,0,0,0,0,0,0,128,0,108,0,0,0,0,0,0
00107 features=750 size=6 p=5 tap=11 reset=false scheme=3 ops=0,3,2,2,3,0,0,0,3,0,2,2,2,3,0,0,3,0,0,2,3,2,0,2,0,0,2,2,2,2,0,2,0,0,0,2,2,2,3,0,0,2,2,3,2,2,3,2,2,3,0,3,3,2,2,2,2,0,2,3,0,0,3,0 ks=0,0,255,0,0,0,0,255,0,0,0,0,0,0,0,0,0,0,0,0,0,0,0,0,0,0,0,0,0,0,0,0,0,0,0,236,0,0,0,0,0,0,0,0,127,0,0,0,0,0,0,0,0,0,0,3,0,108,0,0,0,0,0,0
00108 features=775 size=15 p=5 tap=11 reset=true scheme=3 ops=0,3,3,3,3,0,0,0,3,0,3,3,3,1,0,1,3,1,1,2,3,2,0,2,1,3,0,0,0,0,3,3,3,0,3,3,3,0,3,0,0,0,0,3,0,0,3,0,3,3,0,3,3,0,3,3,3,0,0,3,0,0,3,0 ks=0,0,0,0,0,0,0,255,0,0,0,0,0,229,50,140,126,149,2,195,181,0,31,240,53,142,0,0,0,0,0,0,0,0,0,0,0,0,0,0,0,0,0,0,0,0,0,0,0,8,0,0,0,0,0,0,0,2,0,0,0,0,0,0
00109 features=805 size=7 p=5 tap=11 reset=true scheme=3 ops=0,3,2,2,3,0,0,0,3,0,2,2,2,3,0,0,3,0,0,2,3,2,0,2,2,3,2,2,0,3,3,3,3,0,3,2,2,2,3,0,0,2,2,3,2,2,3,2,2,3,0,3,3,2,2,2,2,0,2,3,0,0,3,0 ks=0,0,8,0,0,0,0,255,0,0,0,7,0,0,0,0,0,0,0,0,0,0,128,0,0,0,0,0,0,0,0,0,0,0,0,0,0,0,0,0,0,0,127,0,4,0,0,0,0,0,0,0,0,0,0,0,0,2,0,0,0,0,0,0
00110 features=792 size=6 p=5 tap=11 reset=true scheme=3 ops=0,3,1,2,3,0,3,0,3,0,2,2,2,3,0,0,3,0,0,2,3,2,0,2,2,3,1,2,0,2,3,3,3,0,3,2,2,2,3,0,0,2,1,3,2,2,3,2,2,3,0,3,3,2,2,2,2,0,2,3,0,0,3,0 ks=0,0,255,0,0,0,0,255,0,0,0,0,0,0,0,0,0,0,2,0,0,0,0,0,0,0,0,0,0,0,0,0,0,0,0,0,64,0,0,0,0,0,0,0,4,0,0,0,0,0,0,0,0,0,0,128,0,0,0,0,0,0,0,0
00111 features=177 size=3 p=1 tap=57 reset=false scheme=3 ops=3,3,3,3,3,1,0,0,3,0,1,1,3,3,3,3,3,3,1,1,3,1,1,1,1,3,1,3,1,1,3,3,3,3,3,3,1,3,3,3,1,3,3,3,3,1,3,3,1,3,3,3,3,1,3,3,1,3,1,3,3,1,3,0 ks=0,0,0,0,0,0,0,0,0,0,0,0,0,0,0,0,0,0,0,0,0,0,0,0,0,0,0,0,0,0,0,0,0,0,0,0,0,0,0,0,255,0,0,0,0,0,0,0,0,0,0,0,0,0,0,128,0,108,0,0,0,0,0,0
00112 features=616 size=4 p=5 tap=11 reset=true scheme=3 ops=0,3,3,0,3,0,0,0,3,0,0,0,1,3,0,0,3,0,0,3,3,0,0,3,3,3,1,0,0,0,3,3,3,0,3,1,0,0,3,0,0,3,1,3,3,3,3,3,3,3,0,3,3,1,3,3,3,0,1,3,0,0,3,0 ks=0,0,255,0,0,0,0,255,0,0,0,0,0,0,0,0,0,0,0,0,0,0,0,0,0,0,0,0,0,0,0,0,0,0,0,0,0,0,0,0,0,0,0,0,0,0,0,0,0,0,0,0,0,0,0,3,0,0,127,0,0,0,0,0
00113 features=808 size=4 p=5 tap=11 reset=true scheme=3 ops=0,3,2,2,3,0,0,0,3,0,2,2,2,3,0,0,3,0,0,2,3,2,0,2,2,3,2,2,0,2,3,2,3,0,3,2,2,2,3,0,0,2,2,3,2,2,3,2,2,3,0,3,3,2,2,2,2,0,2,3,0,0,3,0 ks=0,0,0,0,0,0,0,255,0,0,0,0,0,0,2,0,0,0,0,0,0,0,0,0,0,0,0,0,0,0,0,0,0,0,0,0,0,0,0,0,0,0,252,0,0,0,0,0,0,0,0,0,0,0,0,0,0,2,0,0,0,0,0,0
00114 features=771 size=6 p=5 tap=11 reset=true scheme=3 ops=0,3,2,2,3,0,0,0,3,0,2,2,2,3,0,0,3,0,0,2,3,2,0,2,2,3,2,2,0,2,3,3,0,0,3,2,2,2,3,0,0,2,2,3,2,2,3,2,2,3,0,3,3,2,2,2,2,0,2,3,0,0,3,0 ks=0,0,255,0,0,0,0,255,0,0,0,0,0,0,0,0,0,0,0,0,0,0,0,0,0,0,0,0,0,0,0,0,0,0,0,0,0,0,0,0,255,0,0,0,0,0,0,0,0,128,0,0,0,0,0,128,0,108,0,0,0,0,0,0
00115 features=836 size=9 p=5 tap=16 reset=true scheme=3 ops=0,3,3,2,3,0,0,0,3,0,2,2,2,3,0,0,3,0,0,2,3,2,0,2,2,3,2,2,0,2,3,3,3,0,3,2,2,2,3,0,0,2,2,3,2,2,3,2,2,3,0,3,3,2,2,2,3,0,2,3,0,0,3,0 ks=0,0,255,0,0,0,0,255,0,255,0,0,2,0,0,0,0,0,0,0,0,0,0,0,0,0,0,0,0,0,0,255,0,0,2,0,0,0,0,0,0,0,0,0,0,0,0,0,0,0,0,0,2,0,16,0,0,0,0,0,0,0,0,140
00116 features=696 size=2 p=5 tap=11 reset=true scheme=3 ops=0,3,3,3,3,0,0,0,3,0,3,3,3,3,0,0,3,0,0,0,3,0,0,3,0,3,0,0,0,0,3,3,3,0,3,3,3,0,3,0,0,0,0,3,0,0,3,0,3,3,0,3,3,0,3,3,3,0,0,1,0,0,3,0 ks=0,0,0,0,0,0,0,255,0,0,0,0,0,0,0,0,0,0,0,0,0,0,0,0,0,0,0,0,0,0,0,0,0,0,0,0,0,0,0,0,0,0,0,0,0,0,0,0,0,0,0,0,0,0,0,0,0,2,0,0,0,0,0,0
00117 features=695 size=6 p=5 tap=15 reset=true scheme=3 ops=0,3,2,2,3,0,0,0,3,0,2,2,2,3,0,0,3,3,0,2,3,2,0,2,2,3,2,2,0,2,3,3,3,0,3,2,2,2,3,0,0,2,2,3,2,2,3,2,2,3,0,3,3,2,2,2,2,0,2,3,0,0,3,0 ks=0,0,255,0,0,0,0,255,0,0,0,0,0,0,0,0,0,0,0,0,0,0,0,0,0,0,0,0,0,0,0,0,0,0,0,0,0,0,0,0,255,0,0,0,0,0,0,0,0,128,0,0,0,0,0,128,0,108,0,0,0,0,0,0
00118 features=778 size=4 p=5 tap=11 reset=true scheme=3 ops=0,3,2,2,3,0,0,0,3,0,2,2,2,3,0,0,3,0,0,2,3,3,0,2,2,0,2,2,0,2,3,3,3,0,3,2,2,2,3,0,0,2,2,3,2,2,3,2,2,3,0,3,3,2,2,2,2,0,2,3,0,0,3,0 ks=0,0,255,0,0,0,0,255,0,0,0,0,0,0,0,0,0,0,0,0,0,0,0,0,0,0,0,0,0,0,0,0,0,0,0,0,0,0,0,0,0,0,0,0,0,0,0,0,0,0,0,0,0,0,0,3,0,108,0,0,0,0,0,0
00119 features=516 size=7 p=5 tap=11 reset=false scheme=3 ops=2,3,2,2,3,2,2,2,3,2,2,2,2,3,2,3,3,2,2,2,3,2,2,2,2,3,2,2,2,2,3,3,3,3,3,2,2,2,3,2,2,2,2,3,2,2,3,2,2,3,3,3,3,2,2,2,2,2,2,2,2,3,3,2 ks=0,0,0,0,0,0,0,255,0,0,0,0,0,0,0,0,0,0,0,0,0,0,0,0,0,0,0,0,16,0,0,0,0,0,0,16,0,105,0,0,0,0,0,0,0,0,0,127,213,0,0,0,0,0,0,0,0,0,0,0,0,0,0,158
00120 features=745 size=9 p=5 tap=11 reset=true scheme=3 ops=2,3,2,2,3,2,2,2,3,2,2,2,2,3,0,0,3,0,0,0,3,0,0,3,1,3,2,2,2,2,3,3,3,3,3,2,2,2,3,2,2,0,2,3,2,2,3,2,2,3,3,3,3,2,2,2,2,2,2,2,2,3,3,2 ks=0,0,0,0,0,0,0,255,0,2,0,0,0,0,0,127,0,0,0,0,0,0,0,0,0,0,0,0,0,0,0,0,0,0,0,16,0,105,0,0,2,0,0,0,0,0,0,0,213,0,0,0,0,0,0,127,0,0,0,0,0,156,0,0
00121 features=818 size=7 p=5 tap=11 reset=true scheme=3 ops=0,3,2,2,3,0,0,0,3,0,2,2,2,3,0,0,3,0,0,2,3,2,0,2,2,3,2,2,0,2,3,3,3,0,3,2,2,2,3,0,0,2,2,3,2,2,3,2,2,3,0,3,3,2,2,2,2,0,2,3,0,0,3,0 ks=0,0,255,255,0,0,0,255,0,0,0,0,2,0,0,0,0,0,0,0,8,0,0,0,0,0,0,0,0,0,0,0,0,0,0,0,0,0,0,0,0,0,0,0,0,0,0,0,0,0,0,0,0,0,16,0,0,108,0,0,0,0,0,0
00122 features=803 size=9 p=5 tap=16 reset=true scheme=3 ops=0,3,3,2,3,0,0,0,3,0,2,2,2,3,0,0,3,0,0,2,3,2,0,2,2,3,2,2,0,2,3,3,3,0,3,2,2,2,3,0,0,2,1,3,2,2,3,2,2,3,0,3,3,2,2,2,3,0,2,3,0,0,3,0 ks=0,0,255,0,0,0,0,255,0,255,0,0,2,0,0,0,0,0,0,0,0,0,0,0,0,0,0,0,0,0,0,0,0,0,2,0,0,0,0,0,0,0,0,0,0,0,0,0,0,0,0,0,2,0,16,0,0,108,0,0,0,0,0,140
00123 features=869 size=7 p=5 tap=11 reset=true scheme=3 ops=0,3,2,2,3,0,0,0,3,0,2,2,2,3,0,0,3,0,0,2,3,2,0,2,2,3,2,2,0,2,3,3,3,0,3,2,2,2,3,0,0,2,2,0,2,2,3,2,2,3,0,3,3,2,2,2,2,0,2,3,0,0,3,3 ks=0,0,0,0,0,0,0,255,0,0,0,0,0,0,2,0,0,0,0,0,0,0,0,0,0,212,0,0,0,2,0,0,0,0,0,0,0,0,0,0,0,0,252,0,0,0,0,0,0,0,0,0,0,0,0,0,0,2,0,255,0,0,0,0
00124 features=758 size=8 p=5 tap=11 reset=true scheme=3 ops=0,3,2,2,3,0,0,0,3,0,1,1,0,3,0,0,3,0,0,2,3,2,0,0,0,0,0,0,0,0,0,0,3,0,3,2,2,2,3,0,0,2,2,3,3,2,3,2,2,3,0,3,3,2,2,2,2,0,2,3,0,0,3,0 ks=1,0,255,0,0,0,0,3,0,0,34,223,166,0,0,0,0,0,0,0,0,0,0,0,0,0,0,0,0,0,0,0,0,0,0,0,0,0,0,0,255,0,0,0,0,0,0,0,0,0,0,0,0,0,0,0,0,108,0,0,0,0,0,0
00125 features=672 size=2 p=5 tap=11 reset=false scheme=3 ops=0,3,2,2,3,0,1,0,0,0,3,3,2,3,0,0,3,0,0,2,3,3,0,2,2,3,2,2,0,2,3,3,3,0,3,2,2,2,3,0,0,2,2,3,2,2,3,2,2,3,0,3,3,2,2,2,2,0,2,3,0,0,3,0 ks=0,0,0,0,0,0,0,0,0,0,0,0,0,0,0,0,0,0,0,0,0,0,0,0,0,0,0,0,0,0,0,227,0,0,0,0,0,0,0,0,0,0,0,0,0,0,0,0,0,0,0,0,0,0,0,0,0,108,0,0,0,0,0,0
00126 features=839 size=6 p=5 tap=11 reset=true scheme=3 ops=0,3,2,2,3,0,3,0,3,0,2,2,2,3,0,0,3,0,0,2,3,2,0,2,2,3,2,2,0,2,3,3,3,0,3,2,2,2,3,0,0,2,2,3,2,2,3,2,2,3,0,3,3,2,2,2,2,0,2,3,0,0,3,0 ks=0,0,255,253,0,0,0,255,0,0,0,0,0,0,0,0,0,0,0,0,0,0,0,0,0,0,0,0,0,0,0,0,0,0,0,0,64,0,0,0,0,0,0,0,0,0,0,0,0,0,0,0,0,0,0,128,0,108,0,0,0,0,0,0
00127 features=711 size=4 p=5 tap=16 reset=true scheme=3 ops=3,3,2,2,3,2,2,2,3,2,2,2,2,3,2,2,3,2,3,2,3,2,2,2,2,3,2,2,2,2,3,3,3,2,3,2,2,2,3,2,2,2,2,3,2,2,3,2,2,3,3,3,3,2,2,2,2,3,2,3,3,2,3,3 ks=0,0,255,0,0,0,0,0,0,0,0,0,2,0,0,0,0,0,0,0,0,0,0,0,0,0,0,0,0,0,0,0,0,0,2,0,0,0,0,0,0,0,0,0,0,0,0,0,0,0,0,0,0,0,0,0,0,0,0,0,0,0,0,140
00128 features=652 size=7 p=5 tap=11 reset=false scheme=3 ops=0,3,2,2,3,0,0,0,3,0,2,2,2,3,0,0,3,0,0,2,3,2,0,2,2,3,2,2,0,2,3,3,3,0,3,2,2,2,3,0,0,2,2,3,2,2,3,2,2,3,0,3,3,2,2,2,2,0,2,3,0,0,3,0 ks=0,0,255,0,0,0,0,255,0,0,2,0,2,0,0,0,0,0,0,0,0,0,0,0,0,0,0,0,0,0,0,0,0,0,0,0,0,0,0,0,0,0,2,0,0,0,0,0,0,0,0,0,0,0,16,0,0,108,0,0,0,0,0,0
00129 features=736 size=8 p=5 tap=11 reset=true scheme=3 ops=0,3,2,2,3,0,0,0,3,0,1,1,0,3,0,0,3,0,0,2,3,2,0,0,0,0,0,0,0,0,0,0,3,0,3,2,2,2,3,0,0,2,2,3,2,2,3,2,2,3,0,3,3,2,2,2,2,0,2,3,0,0,3,0 ks=0,0,255,0,0,0,0,252,0,0,34,223,166,0,0,0,0,0,0,0,0,0,0,0,0,0,0,0,0,0,0,0,0,0,0,0,0,0,0,0,255,0,0,0,0,0,0,0,0,0,0,0,0,0,0,128,0,108,0,0,0,0,0,0
00130 features=734 size=8 p=5 tap=11 reset=true scheme=3 ops=0,3,2,2,3,0,0,3,3,0,2,2,2,3,0,0,3,0,0,2,3,2,0,2,2,3,2,2,0,2,3,3,3,0,3,2,2,2,3,0,0,2,2,3,2,2,3,2,2,3,0,3,3,2,2,3,2,0,2,3,0,0,3,0 ks=0,0,255,0,0,0,0,255,0,0,0,0,0,0,0,0,43,0,0,0,0,0,0,0,0,0,0,0,0,0,0,0,252,0,0,0,0,0,0,0,255,0,0,0,0,0,0,0,0,128,0,0,0,0,0,192,0,108,0,0,0,0,0,0
00131 features=828 size=3 p=5 tap=11 reset=true scheme=3 ops=0,3,2,2,3,0,0,0,3,0,2,2,2,3,0,0,3,0,0,2,3,2,0,2,2,3,2,2,0,2,3,3,3,0,3,2,2,2,3,0,0,2,2,3,2,2,3,2,2,3,0,3,3,2,2,2,2,0,2,3,0,0,3,0 ks=0,0,0,0,0,0,0,255,0,0,0,0,0,0,0,0,0,0,0,0,0,0,0,0,0,0,0,0,0,0,0,0,0,0,0,0,0,0,0,0,2,0,0,0,0,0,0,0,0,0,0,0,0,0,0,0,0,6,0,0,0,0,0,0
00132 features=465 size=7 p=5 tap=11 reset=false scheme=3 ops=2,3,2,2,3,2,2,2,3,2,2,2,2,3,2,3,3,2,2,2,3,2,2,2,3,3,2,2,2,2,3,3,3,3,3,2,2,2,3,2,2,2,2,3,2,2,3,2,2,2,3,3,3,2,2,2,2,2,2,2,2,3,3,2 ks=0,0,0,0,0,0,0,255,0,0,0,0,0,0,0,0,0,0,0,0,0,0,0,0,0,128,0,0,16,0,0,0,0,0,0,16,0,105,0,0,0,32,0,0,0,0,0,0,213,0,0,0,0,0,0,0,0,0,0,0,0,0,0,0
00133 features=729 size=7 p=5 tap=11 reset=true scheme=3 ops=0,3,2,1,3,0,0,0,3,0,2,2,2,3,0,0,3,0,0,2,3,2,0,0,0,0,0,0,0,0,0,0,3,0,3,2,2,2,3,0,0,2,0,3,2,2,3,2,2,3,0,3,3,2,2,2,2,0,2,3,0,0,3,0 ks=253,0,255,0,0,0,0,255,0,0,0,0,0,0,0,0,0,0,0,0,0,0,1,0,0,0,0,0,0,0,0,0,0,0,0,0,0,0,0,0,255,0,0,0,0,0,0,0,0,0,0,0,0,0,0,128,0,108,0,0,0,0,0,0
00134 features=857 size=10 p=5 tap=16 reset=true scheme=3 ops=0,3,2,2,3,0,0,0,3,0,2,2,2,3,0,0,3,0,0,2,3,2,0,2,2,3,2,2,0,2,3,3,3,0,3,2,2,2,3,0,0,2,2,3,2,2,3,2,2,3,0,3,3,2,2,2,2,0,2,3,0,0,3,0 ks=0,0,255,0,0,0,0,255,0,255,0,0,2,0,0,0,0,0,0,0,0,0,0,0,0,0,0,0,0,0,0,0,0,0,2,0,0,0,0,0,0,0,0,0,0,0,0,0,0,0,4,0,2,0,16,0,0,108,0,0,0,0,0,140
00135 features=694 size=8 p=5 tap=11 reset=true scheme=3 ops=0,3,3,0,3,0,0,0,3,0,2,2,2,3,0,0,3,0,0,2,3,2,0,2,2,3,1,0,0,0,3,3,3,0,3,1,0,0,3,0,0,3,1,3,3,3,3,3,3,3,0,3,3,1,3,3,3,0,1,3,0,0,3,0 ks=0,0,255,0,0,0,0,255,0,0,0,0,2,0,0,0,0,255,0,23,0,255,0,0,0,0,0,0,0,0,0,0,0,0,0,0,0,0,0,0,0,0,0,0,0,0,0,0,0,0,0,0,0,0,0,3,0,0,127,0,0,0,0,0
00136 features=660 size=6 p=5 tap=11 reset=false scheme=3 ops=0,3,2,2,3,0,0,0,3,0,2,2,2,3,0,0,3,0,0,2,3,2,0,2,2,3,2,2,0,2,3,3,0,0,3,2,2,2,3,0,0,2,2,3,2,2,3,2,2,3,0,3,3,2,2,3,2,0,2,3,0,0,3,0 ks=0,0,255,0,0,0,0,255,0,0,0,0,0,0,0,0,0,0,0,0,0,0,0,64,0,0,0,0,0,0,0,0,0,0,0,0,0,0,0,0,255,0,0,0,0,0,0,0,0,128,0,0,0,0,0,0,0,108,0,0,0,0,0,0
00137 features=780 size=5 p=5 tap=11 reset=true scheme=3 ops=0,3,2,2,3,0,0,0,3,0,2,2,2,3,0,0,3,0,0,2,3,2,0,2,2,3,2,2,0,2,3,3,3,0,3,2,2,2,3,0,0,2,2,3,2,2,3,2,3,3,0,3,3,2,2,2,2,0,2,3,0,0,3,0 ks=0,0,255,0,0,0,0,255,0,0,0,0,0,0,0,0,0,0,0,0,0,0,0,0,0,0,0,0,0,0,0,0,0,0,0,0,0,0,0,0,0,0,0,0,0,127,0,0,0,0,0,0,0,0,0,3,0,108,0,0,0,0,0,0
00138 features=898 size=25 p=5 tap=16 reset=true scheme=3 ops=0,3,2,2,3,0,0,0,3,0,2,2,2,3,0,0,3,0,0,2,3,2,0,2,2,3,2,2,0,2,3,3,3,0,3,2,2,2,3,0,0,2,2,3,0,1,1,1,2,3,0,3,1,2,2,2,2,0,2,3,0,0,3,0 ks=0,0,255,0,0,0,0,255,0,255,0,0,2,0,0,0,0,0,0,23,0,255,0,0,0,0,0,0,0,0,0,0,0,0,2,0,0,87,250,196,3,94,141,148,0,77,7,96,166,252,143,144,177,0,16,0,0,108,0,0,0,0,0,140
00139 features=749 size=9 p=5 tap=16 reset=false scheme=3 ops=0,3,2,2,3,0,0,0,3,0,2,2,2,3,0,0,3,0,0,2,3,2,0,2,2,3,2,2,0,2,3,3,3,0,3,2,2,2,3,0,0,2,2,3,2,2,3,2,2,3,0,3,3,2,2,2,2,0,2,3,0,0,2,0 ks=0,0,255,0,0,0,0,255,0,255,0,0,2,0,0,0,0,0,0,0,0,0,0,0,0,0,0,0,0,0,0,0,0,0,2,0,0,0,0,0,0,0,0,0,0,0,0,0,0,0,4,0,2,0,16,0,0,108,0,0,0,0,0,0
00140 features=763 size=13 p=5 tap=11 reset=true scheme=3 ops=0,3,2,2,3,0,0,0,3,0,1,1,0,3,0,0,3,0,0,2,3,2,0,0,0,0,0,0,0,0,0,0,3,0,3,2,2,2,3,0,0,2,2,3,2,2,3,2,2,3,0,3,3,2,2,2,2,0,2,3,0,0,3,0 ks=0,0,255,0,0,0,0,255,0,0,34,223,164,0,0,0,0,8,128,0,0,0,0,0,0,0,0,0,4,0,0,17,0,0,0,0,0,0,0,0,255,0,0,0,0,0,0,0,0,0,0,0,0,254,0,128,0,108,0,0,0,0,0,0
00141 features=808 size=9 p=5 tap=16 reset=true scheme=3 ops=0,3,2,2,3,0,0,0,3,0,2,2,2,3,0,0,3,0,0,2,3,2,0,2,2,3,2,2,0,2,3,3,3,0,3,2,2,2,3,0,0,2,2,3,2,2,3,2,2,3,0,3,3,2,2,2,2,0,2,3,0,0,3,0 ks=0,64,255,0,0,0,0,255,0,255,0,0,2,0,0,0,0,0,0,0,0,0,0,0,0,0,0,0,0,0,0,0,0,0,0,0,0,0,0,0,0,0,0,0,0,0,0,0,0,0,0,0,2,0,16,0,0,108,0,0,0,0,0,140
00142 features=749 size=7 p=5 tap=11 reset=true scheme=3 ops=0,3,1,2,3,0,3,2,3,0,2,2,2,3,0,0,3,0,0,2,3,2,0,2,2,3,1,2,0,2,3,3,3,0,3,2,2,2,3,0,0,2,1,3,2,2,3,2,2,3,0,3,3,2,2,2,2,0,2,3,0,0,3,0 ks=0,0,255,0,0,0,0,255,0,0,0,0,0,0,0,0,0,0,2,0,0,0,0,0,0,0,0,0,0,127,0,0,0,0,0,0,64,0,0,0,0,0,0,0,4,0,0,0,0,0,0,0,0,0,0,128,0,0,0,0,0,0,0,0
00143 features=769 size=8 p=5 tap=16 reset=false scheme=3 ops=0,3,3,2,3,0,0,0,3,0,2,2,2,3,0,0,3,0,0,2,3,3,0,2,2,3,2,2,0,2,3,3,3,0,3,2,2,2,3,0,0,2,2,3,2,2,3,2,2,3,0,3,3,2,2,2,3,0,2,2,0,0,3,0 ks=0,0,253,0,0,0,0,255,0,0,0,0,0,0,0,0,43,0,0,0,0,0,0,0,0,0,0,0,0,0,0,0,0,0,2,0,0,0,0,0,0,0,0,0,0,0,0,0,0,0,128,0,2,0,16,0,0,108,0,0,0,0,0,0
00144 features=812 size=9 p=5 tap=11 reset=true scheme=3 ops=0,3,2,2,3,0,0,0,3,0,1,1,0,3,0,0,3,0,0,2,3,2,0,0,0,0,0,0,0,0,0,0,3,0,3,2,2,2,3,0,0,2,2,3,3,2,3,2,2,3,0,3,3,2,2,2,2,0,2,3,0,0,3,0 ks=1,0,255,0,0,0,0,255,0,0,98,223,166,0,0,0,0,0,0,0,0,0,0,0,0,0,0,0,0,0,0,0,0,64,0,0,0,0,0,0,255,0,0,0,0,0,0,0,0,0,0,0,0,0,0,0,0,108,0,0,0,0,0,0
00145 features=987 size=4 p=5 tap=11 reset=true scheme=4 ops=0,3,0,0,3,0,0,0,3,0,0,3,3,3,0,0,3,0,0,0,3,3,0,3,3,0,3,3,0,3,3,3,3,0,3,3,3,0,3,0,0,3,3,3,0,3,3,0,0,3,0,3,3,0,0,0,3,0,3,3,0,0,3,0 ks=0,0,255,0,0,0,0,255,0,0,0,0,0,0,0,0,0,0,0,0,0,0,0,0,0,0,0,0,0,0,0,0,0,0,0,0,0,0,0,0,0,0,0,0,0,0,0,0,0,0,0,0,0,0,0,3,0,108,0,0,0,0,0,0
00146 features=912 size=24 p=5 tap=35 reset=true scheme=3 ops=0,3,2,2,3,0,0,0,3,0,2,2,2,3,0,0,3,0,0,2,3,2,0,2,2,3,2,2,0,2,3,3,3,0,3,2,2,2,3,0,0,2,2,3,0,1,1,1,2,3,0,3,1,2,2,2,2,0,2,3,0,0,3,0 ks=0,0,255,0,0,0,0,255,0,255,0,0,2,0,0,0,0,0,0,23,0,0,0,0,0,0,0,0,0,0,0,0,0,0,2,0,0,87,250,196,3,94,141,148,0,77,7,96,166,252,143,144,177,0,16,0,0,108,0,0,0,0,0,140
00147 features=640 size=8 p=5 tap=11 reset=false scheme=3 ops=0,3,2,2,3,0,0,0,3,0,1,1,0,3,0,0,3,0,0,2,3,2,0,0,0,0,0,2,0,0,0,0,3,0,3,2,2,2,3,0,0,2,2,3,3,2,3,2,2,3,0,3,3,2,2,2,2,0,2,3,0,0,3,0 ks=1,0,255,0,0,0,0,3,0,0,34,223,166,0,0,0,0,0,0,0,0,0,0,0,0,0,0,0,0,0,0,0,0,0,0,0,0,0,0,0,255,0,0,0,0,0,0,0,0,0,0,0,0,0,0,0,0,108,0,0,0,0,0,0
00148 features=674 size=6 p=5 tap=0 reset=false scheme=3 ops=0,3,2,2,3,0,0,0,3,0,2,2,2,3,0,0,3,0,0,2,3,2,0,2,2,3,2,2,0,2,3,3,3,0,3,2,2,2,3,0,0,2,2,3,2,2,3,2,2,3,0,3,3,2,2,2,2,0,2,3,0,0,3,0 ks=0,0,0,0,0,0,0,255,0,0,2,0,2,0,0,0,0,0,0,0,0,0,0,0,0,0,0,0,0,0,0,0,0,0,0,0,0,0,0,0,0,0,2,0,0,0,0,0,0,0,0,0,0,0,16,0,0,108,0,0,0,0,0,0
00149 features=867 size=11 p=5 tap=16 reset=true scheme=3 ops=0,3,2,2,3,0,0,0,3,0,2,2,2,3,0,0,3,0,0,2,3,2,0,2,2,3,2,2,0,2,3,3,3,0,3,2,2,2,3,0,0,2,2,3,2,2,3,2,2,3,0,3,3,2,2,2,2,0,2,3,0,0,3,0 ks=0,0,255,0,0,0,0,255,0,255,0,0,2,0,0,0,0,0,0,0,254,0,0,0,0,0,0,0,0,0,0,0,0,0,2,0,0,0,0,0,0,0,0,0,0,0,0,0,0,0,4,0,2,0,16,0,0,108,0,0,0,0,0,140
00150 features=807 size=8 p=5 tap=11 reset=true scheme=3 ops=0,3,2,2,3,0,0,0,3,0,2,2,2,3,0,0,3,0,0,2,3,2,0,2,0,3,2,2,0,2,3,3,3,0,3,2,2,2,3,2,2,2,2,3,2,2,3,2,2,3,0,3,3,2,2,2,2,2,2,3,0,0,3,0 ks=0,0,253,0,0,0,0,255,0,0,0,210,2,0,0,16,0,0,0,0,0,0,0,0,0,0,0,0,0,0,0,0,0,0,0,0,0,105,0,0,0,0,0,0,0,0,0,0,0,0,0,0,0,0,16,0,0,108,0,0,0,0,0,0
00151 features=612 size=5 p=5 tap=11 reset=true scheme=0 ops=3,3,3,3,3,3,3,3,3,3,1,1,2,1,0,1,3,3,3,3,3,3,3,3,3,3,3,3,3,3,3,3,3,3,3,3,3,3,3,3,1,3,3,3,3,3,3,3,3,3,3,3,3,3,3,3,3,3,3,3,3,3,3,3 ks=0,0,0,0,0,0,0,0,0,0,34,205,0,0,0,0,126,0,0,0,0,0,0,0,0,0,0,0,0,0,0,117,0,0,0,0,0,0,0,0,0,0,0,0,0,0,0,0,0,0,0,0,0,0,8,0,0,0,0,0,0,0,0,0
00152 features=805 size=10 p=5 tap=11 reset=true scheme=3 ops=0,3,2,2,3,0,0,0,3,0,2,2,2,3,0,0,3,0,0,3,3,0,0,3,3,3,2,2,0,2,3,3,3,0,1,2,2,2,3,0,0,2,2,3,2,2,3,2,2,3,0,3,3,2,2,2,2,0,2,3,0,0,3,0 ks=0,0,255,0,0,0,0,255,0,0,0,0,0,0,0,127,0,0,0,0,0,0,0,0,0,0,0,0,0,0,0,0,0,0,235,179,30,87,250,0,0,0,0,0,0,0,0,0,0,0,0,0,0,0,0,3,0,108,0,0,0,0,0,0
00153 features=825 size=7 p=5 tap=11 reset=true scheme=3 ops=0,3,2,2,3,0,0,0,3,0,2,2,2,3,0,0,3,0,0,2,3,2,0,0,0,0,2,2,0,2,3,3,3,0,3,3,2,2,3,0,0,2,2,3,2,2,3,2,2,3,0,3,3,2,2,2,2,0,2,3,0,0,3,0 ks=0,0,255,0,0,0,0,255,0,0,0,0,0,0,0,0,0,0,0,127,0,0,0,0,0,0,0,0,0,0,0,0,0,0,0,0,0,0,0,0,0,0,0,0,127,0,0,0,0,254,0,0,0,0,0,3,0,108,0,0,0,0,0,0
00154 features=684 size=7 p=5 tap=11 reset=false scheme=3 ops=2,3,2,2,3,2,2,2,3,2,2,2,2,3,2,3,3,2,2,2,3,2,2,2,2,3,2,2,0,2,3,3,1,2,2,2,2,2,3,2,2,2,2,3,2,2,3,2,2,3,3,3,3,2,2,2,2,0,2,2,0,3,3,2 ks=0,0,0,0,0,0,0,255,0,0,0,0,0,0,0,0,0,0,0,0,0,0,0,0,0,0,0,0,0,0,0,1,0,0,0,16,0,105,2,0,0,0,0,252,0,0,0,0,213,0,0,0,0,0,0,0,0,0,0,0,0,0,0,0
00155 features=817 size=5 p=5 tap=11 reset=true scheme=3 ops=0,3,2,2,3,0,0,0,3,0,1,1,3,3,3,3,3,3,0,2,3,2,0,2,2,3,2,2,0,2,3,3,3,0,3,2,2,2,3,0,0,2,2,3,2,2,3,2,2,3,0,3,3,2,2,2,2,0,2,3,0,0,3,0 ks=0,0,255,2,0,0,0,0,0,0,0,0,0,0,0,0,0,0,0,0,0,0,0,0,0,0,0,0,0,0,0,0,0,0,0,0,0,0,0,0,0,0,2,0,0,0,0,0,0,0,0,0,0,0,16,0,0,108,0,0,0,0,0,0
00156 features=783 size=6 p=5 tap=11 reset=true scheme=3 ops=0,3,2,2,3,0,0,0,3,0,1,1,0,3,0,0,3,0,0,2,3,2,0,0,0,0,0,0,0,0,0,0,3,0,3,2,2,2,3,0,0,2,2,3,3,2,3,1,2,3,0,3,3,2,2,2,2,0,2,3,0,0,3,0 ks=1,0,255,0,0,0,0,0,0,0,98,0,0,0,0,0,0,0,0,0,0,0,0,0,0,0,0,0,0,0,0,0,0,64,0,0,0,0,0,0,255,0,0,0,0,0,0,0,0,0,0,0,0,0,0,0,0,108,0,0,0,0,0,0
00157 features=718 size=10 p=5 tap=11 reset=true scheme=5 ops=3,3,3,3,3,3,3,3,3,3,1,1,2,1,0,1,3,3,3,3,3,3,3,3,3,3,3,3,3,3,3,3,3,3,3,3,3,3,3,3,3,3,3,3,3,2,3,2,2,3,0,3,3,1,2,2,2,0,2,3,0,3,3,3 ks=0,0,0,0,0,0,0,0,0,0,34,223,0,0,0,0,126,255,0,0,0,0,0,0,0,0,0,0,0,1,0,78,0,0,0,0,0,32,0,0,0,0,0,0,0,0,0,0,0,0,0,0,0,0,16,0,0,108,0,0,0,0,0,1
00158 features=876 size=4 p=5 tap=48 reset=true scheme=1 ops=0,3,0,2,3,0,3,0,3,0,2,2,2,3,0,0,3,0,0,2,3,2,0,2,2,3,2,2,0,2,3,3,3,0,3,2,2,2,3,0,0,2,2,3,2,2,3,2,3,3,0,3,3,2,2,2,2,0,2,3,0,0,3,0 ks=0,0,0,0,0,0,0,255,0,0,0,0,0,0,0,0,0,0,0,0,0,0,0,0,0,0,0,0,0,0,0,0,0,0,0,0,64,0,0,0,0,0,0,0,0,120,0,0,0,0,0,0,0,0,0,0,0,108,0,0,0,0,0,0
00159 features=685 size=4 p=5 tap=11 reset=false scheme=3 ops=0,3,2,2,3,0,1,0,0,0,3,3,2,3,0,0,3,0,0,2,3,3,0,2,2,3,2,2,0,2,3,3,3,0,3,2,2,2,3,0,0,2,2,3,2,2,3,2,2,3,0,3,3,2,2,2,2,0,2,3,0,0,3,0 ks=0,0,0,0,0,0,0,0,0,0,0,0,0,0,0,0,0,2,0,0,0,0,0,0,0,0,0,0,0,0,0,227,0,0,0,0,0,0,0,0,0,0,0,0,0,0,0,0,0,252,0,0,0,0,0,0,0,108,0,0,0,0,0,0
00160 features=832 size=6 p=5 tap=11 reset=true scheme=3 ops=0,3,2,2,3,0,0,0,3,0,1,1,3,3,3,3,3,3,0,2,3,2,0,2,2,3,2,2,0,2,3,3,3,0,3,2,2,2,3,0,0,2,2,3,2,2,3,2,2,3,0,3,3,2,2,2,2,0,2,3,0,0,3,0 ks=0,0,255,2,0,0,0,0,0,0,0,0,0,0,0,0,0,0,0,0,0,0,0,0,0,0,0,0,0,0,0,0,0,0,0,0,0,0,0,0,0,0,2,0,0,0,0,0,0,0,0,0,0,0,16,0,0,108,0,0,0,0,0,128
00161 features=785 size=14 p=5 tap=11 reset=true scheme=3 ops=0,3,2,2,3,0,0,0,3,0,1,1,0,3,0,0,3,0,0,2,3,2,0,0,0,0,0,0,0,0,0,0,3,0,3,2,2,2,3,0,0,2,2,3,2,2,3,2,2,3,0,3,3,2,2,2,2,3,2,3,0,0,3,0 ks=0,0,255,0,0,0,0,255,0,0,34,223,164,0,0,0,0,8,128,0,0,0,0,0,0,0,0,0,4,0,0,17,0,0,252,0,0,0,0,0,255,0,0,0,0,0,0,0,0,0,0,0,0,254,0,128,0,108,0,0,0,0,0,0
00162 features=538 size=4 p=5 tap=11 reset=false scheme=3 ops=2,3,2,2,3,2,2,2,3,2,2,2,2,3,2,3,3,2,2,2,3,2,2,2,2,3,2,2,0,3,3,3,3,0,3,2,2,2,3,2,2,2,2,3,2,2,3,2,3,3,3,3,3,2,2,2,2,2,2,2,2,3,3,2 ks=0,0,0,0,0,0,0,255,0,0,0,0,0,0,0,0,0,0,0,0,0,0,0,0,0,0,0,0,0,0,0,0,0,0,0,0,0,105,0,0,0,0,0,0,0,0,0,127,213,0,0,0,0,0,0,0,0,0,0,0,0,0,0,0
00163 features=795 size=9 p=5 tap=11 reset=true scheme=3 ops=0,3,2,2,3,0,0,0,3,0,1,1,0,3,0,0,3,0,0,2,3,2,0,0,0,0,0,0,0,0,0,0,3,0,3,2,2,2,3,0,0,2,2,3,3,2,3,2,0,3,0,3,3,2,2,2,2,0,2,3,0,0,3,1 ks=1,0,255,0,0,0,0,255,0,0,98,223,166,0,0,0,0,0,0,0,0,0,0,0,0,0,0,0,0,0,0,0,0,64,0,0,0,0,0,0,255,0,0,0,0,0,0,0,0,0,0,0,0,0,0,0,0,108,0,0,0,0,0,0
00164 features=676 size=7 p=5 tap=11 reset=false scheme=3 ops=0,3,2,2,3,0,0,0,3,0,2,2,2,3,0,0,3,0,0,2,3,2,0,2,2,3,2,2,0,2,3,3,0,0,3,2,2,2,3,0,0,2,0,3,2,2,3,2,2,3,0,3,3,2,2,3,2,0,2,3,0,0,3,0 ks=0,0,255,0,0,0,0,255,0,0,0,0,0,0,0,0,0,0,0,0,0,0,0,64,0,0,0,0,0,0,0,0,0,0,0,0,0,0,0,0,255,0,0,0,0,0,0,0,0,128,0,0,0,0,0,0,0,108,0,4,0,0,0,0
00165 features=923 size=2 p=5 tap=10 reset=true scheme=0 ops=3,3,3,3,3,3,3,3,3,3,1,1,2,1,0,1,3,3,3,3,3,3,3,0,0,0,0,0,2,3,3,3,3,3,3,2,2,2,3,0,0,2,2,3,3,3,3,3,3,0,3,3,3,3,3,3,3,3,3,3,3,3,3,3 ks=0,0,0,0,0,0,0,0,0,0,34,0,0,0,0,0,126,0,0,0,0,0,0,0,0,0,0,0,0,0,0,0,0,0,0,0,0,0,0,0,0,0,0,0,0,0,0,0,0,0,0,0,0,0,0,0,0,0,0,0,0,0,0,0
00166 features=938 size=25 p=5 tap=35 reset=true scheme=3 ops=0,3,2,2,3,0,0,0,3,0,2,2,2,3,0,0,3,0,0,2,3,2,0,2,2,3,2,2,0,2,3,3,3,0,3,2,2,2,3,0,0,2,2,3,0,1,1,1,2,3,0,3,1,2,2,2,2,0,2,3,0,0,3,0 ks=0,0,255,0,0,0,0,255,0,255,0,0,2,0,0,0,0,0,0,23,8,0,0,0,0,0,0,0,0,0,0,0,0,0,2,0,0,87,250,196,3,94,141,148,0,77,7,96,166,252,143,144,177,0,16,0,0,108,0,0,0,0,0,140
00167 features=607 size=4 p=5 tap=11 reset=false scheme=3 ops=0,3,2,2,3,0,0,0,3,0,2,2,2,3,0,0,3,0,0,2,3,2,0,2,2,3,2,2,0,2,3,3,3,0,3,2,2,2,3,0,0,2,2,3,2,2,3,2,2,3,0,3,3,2,2,2,2,0,2,3,0,0,3,1 ks=0,0,0,0,0,0,0,255,0,0,0,0,0,0,0,0,0,0,0,0,0,0,0,0,0,0,0,0,0,0,0,0,0,0,0,0,0,0,0,0,2,0,0,0,0,0,0,0,0,0,0,0,0,0,0,0,0,2,0,0,0,0,0,254
00168 features=812 size=5 p=5 tap=11 reset=true scheme=3 ops=0,3,2,2,3,0,0,0,3,0,2,2,2,3,0,0,3,0,0,2,3,2,0,2,2,3,2,2,0,2,3,3,3,0,3,2,2,2,3,0,0,2,2,3,2,2,3,2,2,3,0,3,3,2,2,2,2,0,2,3,0,0,3,0 ks=0,0,255,0,0,0,0,255,0,0,0,0,0,0,0,0,0,0,0,0,0,9,0,0,0,0,0,0,0,0,0,0,0,0,0,0,0,0,0,0,0,0,0,0,0,0,0,0,0,0,0,0,0,0,0,128,0,108,0,0,0,0,0,0
00169 features=850 size=9 p=5 tap=11 reset=true scheme=3 ops=0,3,0,0,3,0,0,0,3,0,0,3,0,3,0,0,3,0,0,3,3,3,0,3,0,3,0,0,0,3,3,3,3,0,3,0,3,3,3,0,0,3,0,3,3,0,3,0,3,3,0,3,3,0,0,3,3,0,3,3,0,0,3,0 ks=0,0,255,0,64,0,0,255,0,0,0,0,0,0,0,0,209,0,0,128,0,0,8,0,0,0,0,0,0,0,0,0,0,0,0,0,0,0,0,0,0,0,0,0,0,0,0,0,0,0,52,0,0,0,0,128,0,108,0,0,0,0,0,0
00170 features=781 size=10 p=5 tap=11 reset=true scheme=3 ops=0,3,2,2,3,0,0,0,3,0,1,1,0,3,0,0,3,0,0,2,3,2,0,0,0,0,0,0,0,2,3,3,3,0,3,3,2,2,3,0,0,2,2,3,3,2,3,2,2,3,0,3,3,2,2,2,2,0,2,3,0,0,3,0 ks=1,0,255,0,0,255,0,3,0,0,34,223,166,0,0,0,0,0,0,0,0,0,0,0,0,0,0,0,0,0,0,0,0,0,0,0,190,0,0,0,255,0,0,0,0,0,0,0,0,0,0,0,0,0,0,0,0,108,0,0,0,0,0,0
00171 features=735 size=6 p=5 tap=11 reset=true scheme=3 ops=0,3,2,2,3,0,0,3,3,0,1,1,0,1,0,0,3,0,0,2,3,2,0,3,2,3,2,1,0,2,3,3,3,0,3,2,2,2,3,0,0,2,2,3,2,2,3,2,2,3,3,3,3,2,2,2,2,0,2,3,0,0,3,0 ks=0,0,255,0,0,0,0,108,0,133,0,0,0,0,0,35,0,0,0,254,0,0,0,0,0,0,0,0,0,0,0,0,0,0,0,0,0,0,0,0,0,0,0,0,0,0,0,0,0,0,0,0,0,0,0,0,0,108,0,0,0,0,0,0
00172 features=787 size=1 p=5 tap=11 reset=true scheme=5 ops=3,3,3,3,3,3,3,3,3,3,1,1,2,1,0,1,3,3,3,3,3,3,3,3,3,3,3,3,3,3,3,3,3,3,3,3,3,3,3,3,3,3,3,3,3,3,3,3,3,3,3,3,3,3,3,1,3,3,3,3,3,3,3,3 ks=0,0,0,0,0,0,0,0,0,0,0,0,0,0,0,0,0,0,0,0,0,0,4,0,0,0,0,0,0,0,0,0,0,0,0,0,0,0,0,0,0,0,0,0,0,0,0,0,0,0,0,0,0,0,0,0,0,0,0,0,0,0,0,0
00173 features=774 size=5 p=5 tap=10 reset=true scheme=0 ops=3,3,3,3,3,3,3,1,3,3,1,1,2,1,0,1,3,3,3,3,3,3,3,0,0,0,0,0,2,3,3,3,3,3,3,2,2,2,3,0,0,2,2,3,1,1,1,1,2,3,0,3,1,2,3,3,3,3,3,3,3,3,3,3 ks=0,0,0,0,0,0,0,0,0,0,34,0,0,0,0,0,2,0,0,0,0,0,0,0,0,0,0,0,0,0,0,0,0,0,0,0,0,0,0,0,0,0,0,0,4,0,0,0,0,10,0,0,0,220,0,0,0,0,0,0,0,0,0,0
00174 features=641 size=6 p=5 tap=11 reset=false scheme=3 ops=0,3,2,2,3,0,0,0,3,0,2,2,2,3,0,0,3,0,0,2,3,2,0,2,2,3,2,2,0,2,3,3,0,0,3,2,2,2,3,0,0,2,2,3,2,2,3,2,2,3,0,3,3,2,2,3,2,0,2,3,1,0,3,0 ks=0,0,255,0,0,0,0,255,0,0,0,0,0,0,0,0,0,0,0,0,0,0,0,64,0,0,0,0,0,0,0,0,0,0,0,0,0,0,0,0,255,0,0,0,0,0,0,0,0,128,0,0,0,0,0,0,0,108,0,0,0,0,0,0
00175 features=797 size=5 p=5 tap=11 reset=true scheme=3 ops=0,3,2,2,3,0,0,0,3,0,2,2,2,3,0,0,3,0,0,2,3,2,0,2,2,3,2,2,0,2,3,3,3,0,3,2,2,2,3,0,0,2,2,3,2,2,3,2,2,3,0,3,3,2,2,2,2,0,2,3,0,0,3,0 ks=0,0,255,0,0,0,0,255,0,0,0,249,0,0,0,0,0,0,0,0,0,0,0,0,0,0,0,0,0,0,0,0,0,0,0,0,0,0,0,0,0,0,0,0,0,0,0,0,0,0,0,0,0,0,0,128,0,108,0,0,0,0,0,0
00176 features=792 size=10 p=5 tap=11 reset=true scheme=3 ops=0,3,2,2,3,0,0,0,3,0,1,1,0,3,0,0,3,0,0,2,3,2,0,0,0,0,0,0,0,0,0,0,3,0,3,2,2,2,3,0,0,2,2,3,3,2,3,2,2,3,0,3,3,2,2,2,2,0,2,3,0,0,3,0 ks=1,0,255,0,0,0,0,255,0,0,98,223,166,0,0,0,0,0,0,0,0,0,0,0,0,0,0,0,0,0,0,0,0,64,0,0,0,254,0,0,255,0,0,0,0,0,0,0,0,0,0,0,0,0,0,0,0,108,0,0,0,0,0,0
00177 features=742 size=11 p=5 tap=16 reset=false scheme=3 ops=0,3,3,2,3,0,0,0,3,0,2,2,2,3,0,0,3,0,0,2,3,2,0,2,2,3,2,2,0,2,3,3,3,0,3,2,2,2,3,0,0,2,2,3,2,2,3,2,2,3,0,3,3,2,2,2,3,0,2,3,0,0,3,0 ks=0,0,255,0,0,0,0,255,0,255,0,0,2,0,0,0,0,32,0,0,0,0,0,0,0,0,2,0,0,0,0,0,0,0,2,0,0,0,0,0,0,0,0,0,0,0,0,0,0,0,0,0,2,0,16,0,0,108,0,0,0,0,0,140
00178 features=655 size=5 p=5 tap=16 reset=true scheme=3 ops=3,3,2,2,3,2,2,2,3,2,2,2,2,3,2,2,3,2,3,2,3,2,2,2,2,3,2,2,2,2,3,3,3,2,3,2,2,2,3,0,0,2,2,3,2,2,3,2,2,3,0,3,3,2,2,2,2,3,2,3,3,2,3,3 ks=0,0,255,0,0,0,0,0,0,0,0,0,2,0,0,0,0,0,0,0,0,0,0,0,0,0,0,0,0,0,0,0,0,0,0,0,0,0,0,0,255,0,0,0,0,0,0,0,0,0,0,0,0,0,0,0,0,0,255,0,0,0,0,140
00179 features=750 size=6 p=5 tap=11 reset=false scheme=3 ops=0,3,2,2,3,0,0,0,3,0,2,2,2,3,0,0,3,0,0,2,3,2,0,2,0,0,2,2,2,2,0,2,0,0,0,1,2,2,3,0,0,2,2,3,2,2,3,2,2,3,0,3,3,2,2,2,2,0,2,3,0,0,3,0 ks=0,0,255,0,0,0,0,255,0,0,0,0,0,0,0,0,0,0,0,0,0,0,0,0,0,0,0,0,0,0,0,0,0,0,0,236,0,0,0,0,0,0,0,0,127,0,0,0,0,0,0,0,0,0,0,3,0,108,0,0,0,0,0,0
00180 features=819 size=2 p=5 tap=11 reset=true scheme=5 ops=3,3,3,3,3,3,3,3,3,3,1,1,2,1,0,0,3,0,0,2,3,2,3,3,3,3,3,3,3,3,3,3,3,3,3,3,3,3,3,3,3,3,3,3,3,3,3,3,3,3,3,3,3,3,3,3,3,3,3,3,3,3,3,3 ks=0,0,0,0,0,0,0,0,0,0,34,223,0,0,0,0,0,0,0,0,0,0,0,0,0,0,0,0,0,0,0,0,0,0,0,0,0,0,0,0,0,0,0,0,0,0,0,0,0,0,0,0,0,0,0,0,0,0,0,0,0,0,0,0
00181 features=647 size=9 p=5 tap=11 reset=false scheme=3 ops=0,3,2,2,3,0,0,0,3,0,1,1,0,3,0,0,3,0,0,2,3,2,0,0,0,0,0,2,0,0,0,0,3,0,3,2,2,2,3,0,0,2,2,3,3,2,3,2,2,3,0,3,3,2,2,2,2,0,2,3,0,0,3,0 ks=1,0,255,0,0,0,0,3,0,0,34,223,166,109,0,0,0,0,0,0,0,0,0,0,0,0,0,0,0,0,0,0,0,0,0,0,0,0,0,0,255,0,0,0,0,0,0,0,0,0,0,0,0,0,0,0,0,108,0,0,0,0,0,0
00182 features=789 size=5 p=5 tap=11 reset=true scheme=3 ops=0,3,2,2,3,0,0,0,3,0,1,1,3,3,3,3,3,3,0,2,3,2,0,2,2,3,2,2,0,2,3,3,3,0,3,2,2,2,3,0,0,2,2,3,2,2,3,2,2,3,0,3,3,2,2,2,2,0,2,3,1,0,3,0 ks=0,0,255,2,0,0,0,0,0,0,0,0,0,0,0,0,0,0,0,0,0,0,0,0,0,0,0,0,0,0,0,0,0,0,0,0,0,0,0,0,0,0,2,0,0,0,0,0,0,0,0,0,0,0,16,0,0,108,0,0,0,0,0,0
00183 features=609 size=8 p=5 tap=11 reset=false scheme=3 ops=2,3,2,2,3,2,2,2,3,2,2,2,2,3,2,3,3,2,2,2,0,2,2,2,2,3,2,2,0,2,3,3,3,0,3,2,2,2,3,2,2,2,2,3,2,2,3,2,3,3,3,2,3,2,2,2,2,2,2,2,2,3,3,2 ks=0,0,0,0,0,0,0,255,0,0,0,0,0,0,0,0,0,0,0,0,0,0,0,0,0,0,0,254,0,0,0,0,127,0,0,2,0,105,0,0,0,0,0,0,0,0,0,127,213,0,0,0,0,0,0,0,127,0,0,0,0,0,0,0
00184 features=760 size=7 p=5 tap=59 reset=true scheme=3 ops=0,3,2,2,3,0,0,0,3,0,2,2,2,3,0,0,3,0,0,2,3,2,0,2,2,3,2,2,0,2,3,3,3,0,3,2,2,2,3,0,0,2,2,3,2,2,3,2,2,3,0,3,3,2,2,2,2,0,2,3,0,0,3,0 ks=0,128,255,0,0,0,0,255,0,0,0,0,0,0,0,0,0,0,0,0,0,0,0,0,0,0,0,0,0,0,2,0,0,0,0,0,0,0,0,0,0,0,0,0,0,32,0,0,0,0,0,0,0,0,0,0,0,108,0,0,0,0,1,0
00185 features=687 size=8 p=5 tap=11 reset=true scheme=3 ops=0,3,2,2,3,0,0,0,3,0,2,2,2,3,0,0,3,0,0,2,3,2,0,3,3,3,3,3,3,3,3,3,3,3,3,2,2,2,3,0,0,2,2,3,2,2,3,2,2,3,3,3,3,2,2,2,2,2,2,2,0,0,3,0 ks=0,0,255,0,0,0,0,255,0,0,0,2,255,0,0,0,0,0,0,0,0,0,0,0,0,0,0,0,0,0,0,0,0,0,0,0,0,0,0,0,0,0,0,0,0,0,0,0,213,16,0,0,0,0,0,127,0,0,0,0,0,0,0,127
00186 features=781 size=8 p=5 tap=11 reset=true scheme=3 ops=0,3,2,2,3,0,0,0,3,0,2,2,2,3,0,0,3,0,0,2,3,2,0,2,2,3,2,2,0,2,3,3,3,0,3,2,2,2,3,0,0,2,2,3,2,2,3,2,3,3,0,3,3,2,2,2,2,0,2,3,0,0,3,0 ks=0,0,255,0,0,0,0,255,0,0,0,0,0,0,0,0,0,0,0,0,0,0,0,0,0,0,0,0,0,0,0,0,0,0,0,0,0,0,113,0,0,0,0,0,0,127,0,0,0,0,0,0,0,0,64,3,0,108,0,0,223,0,0,0
00187 features=798 size=6 p=5 tap=11 reset=true scheme=3 ops=0,3,2,2,3,0,3,0,3,0,2,2,2,3,0,0,3,0,0,2,3,2,0,2,2,3,2,2,0,2,3,3,3,0,3,2,2,2,3,0,0,2,2,3,2,2,3,2,2,3,0,3,3,2,2,2,2,0,2,3,0,0,3,0 ks=0,0,255,0,0,0,0,255,0,0,0,0,0,0,0,0,0,0,0,0,0,0,0,0,0,0,0,0,0,0,0,0,0,0,0,0,64,0,0,0,0,0,0,0,0,0,0,1,0,0,0,0,0,0,0,128,0,108,0,0,0,0,0,0
00188 features=832 size=10 p=5 tap=16 reset=true scheme=3 ops=0,3,3,2,3,0,0,0,3,0,2,2,2,3,0,0,3,0,0,2,3,2,0,2,2,3,2,2,0,2,3,3,3,0,3,2,2,2,3,0,0,2,2,3,2,2,3,2,2,3,0,3,3,2,2,2,3,0,2,3,0,0,3,0 ks=0,0,255,0,0,0,0,255,0,255,0,0,2,0,0,0,0,0,0,0,0,0,0,0,0,0,0,0,0,0,0,0,0,0,2,0,0,0,0,0,0,0,0,0,0,247,0,0,0,0,0,0,2,0,16,0,0,108,0,0,0,0,0,140
00189 features=746 size=9 p=5 tap=11 reset=true scheme=3 ops=0,3,2,2,3,0,0,0,3,0,1,1,0,3,0,0,3,0,0,2,3,2,0,0,0,0,0,0,0,0,0,0,3,0,3,2,2,2,3,0,0,2,2,3,2,2,3,2,2,3,0,3,3,2,2,2,2,0,2,3,0,0,3,0 ks=0,0,255,0,0,0,0,255,0,0,34,223,166,0,0,0,0,0,0,0,0,0,0,0,0,0,0,0,0,0,0,0,0,0,0,0,0,1,0,0,255,0,0,0,0,0,0,0,0,0,0,0,0,0,0,128,0,108,0,0,0,0,0,0
00190 features=677 size=7 p=5 tap=11 reset=false scheme=3 ops=0,3,2,2,3,0,0,0,3,0,2,2,2,3,0,0,3,0,0,2,3,2,0,0,0,0,2,2,0,2,3,3,3,0,3,2,2,2,3,0,0,2,2,3,2,2,3,2,2,3,0,3,3,2,2,2,2,0,2,3,0,0,3,0 ks=0,0,255,0,0,0,0,255,0,0,0,0,0,0,0,0,0,0,0,0,0,0,0,0,0,0,0,0,0,0,0,0,0,0,0,236,0,0,0,0,0,0,0,0,127,0,0,0,0,0,0,0,0,247,0,3,0,108,0,0,0,0,0,0
00191 features=822 size=12 p=5 tap=11 reset=true scheme=3 ops=0,3,2,2,3,0,0,0,3,0,1,1,0,3,0,0,3,0,0,2,3,2,0,0,0,0,0,0,0,0,0,0,3,0,3,2,3,2,3,0,0,2,2,3,3,2,3,2,2,3,0,3,3,2,2,2,2,0,2,3,0,0,3,0 ks=1,0,255,0,0,0,0,255,0,0,98,223,166,0,0,61,0,0,0,0,0,0,0,0,0,0,0,0,0,0,0,0,0,64,0,0,0,0,0,0,255,0,0,0,134,0,0,0,0,127,0,0,0,0,0,0,0,108,0,0,0,0,0,0
00192 features=763 size=7 p=5 tap=11 reset=true scheme=3 ops=0,3,2,2,3,0,0,0,3,0,1,1,3,3,3,3,3,3,0,2,3,2,0,2,1,3,2,2,0,2,3,3,3,1,1,2,2,2,0,0,0,2,2,3,2,2,3,2,2,3,0,3,3,2,2,2,2,0,2,3,0,0,3,0 ks=0,0,255,2,0,0,0,0,0,0,0,0,0,0,0,0,0,0,0,0,0,0,0,0,0,0,0,0,0,0,0,0,0,0,0,0,19,0,0,0,0,0,127,0,0,0,0,0,0,0,0,0,0,0,0,3,0,0,0,0,2,149,0,0
00193 features=733 size=7 p=5 tap=11 reset=true scheme=3 ops=0,3,0,0,3,0,0,0,3,0,0,3,0,3,0,0,3,0,0,3,3,3,0,3,0,3,0,0,2,3,3,3,3,3,3,0,3,3,3,0,0,3,0,3,3,0,3,0,3,3,0,3,3,0,0,3,3,0,3,3,0,0,3,0 ks=0,0,255,0,64,0,0,255,0,0,0,0,0,0,0,0,209,0,0,128,0,0,0,0,0,0,0,0,0,0,0,0,0,0,0,0,0,0,0,0,0,0,0,0,0,0,0,0,0,0,52,0,0,0,0,0,0,108,0,0,0,0,0,0
00194 features=816 size=11 p=5 tap=11 reset=true scheme=3 ops=0,3,2,2,3,0,0,0,3,0,2,2,2,3,0,0,3,0,0,2,3,2,0,2,2,3,2,2,0,2,3,3,3,0,3,2,2,2,3,0,0,2,2,3,2,2,3,2,2,3,0,3,3,2,2,2,2,0,2,3,0,0,3,0 ks=0,0,0,0,0,0,0,255,0,0,0,0,0,0,2,0,0,0,0,0,0,0,0,64,0,0,0,0,0,0,0,0,0,4,0,0,0,0,128,0,0,0,244,0,0,0,4,0,128,0,0,0,0,0,32,128,0,2,0,0,0,0,0,0
00195 features=752 size=8 p=5 tap=11 reset=true scheme=3 ops=0,3,2,2,3,0,0,3,3,0,1,1,0,1,0,0,3,0,0,2,3,2,0,2,2,3,2,1,0,2,3,3,3,0,3,2,2,2,3,0,0,2,2,3,2,2,3,2,2,3,3,3,3,2,2,2,2,0,2,3,0,0,3,0 ks=0,0,255,0,0,0,0,108,0,133,0,0,0,0,0,35,0,0,0,254,0,0,0,0,0,0,3,0,0,0,0,0,0,0,0,0,0,0,0,0,0,0,0,0,0,236,0,0,0,0,0,0,0,0,0,0,0,108,0,0,0,0,0,0
00196 features=766 size=5 p=5 tap=11 reset=true scheme=3 ops=0,3,2,2,3,0,0,0,3,0,2,2,2,3,0,0,3,0,0,2,3,2,0,2,2,3,2,2,0,2,3,3,3,0,3,2,2,2,3,0,0,2,2,3,2,2,3,2,2,3,0,3,3,2,2,2,2,0,2,3,0,0,3,0 ks=0,0,0,0,0,0,0,255,0,0,0,0,0,0,2,0,0,0,0,0,0,0,0,0,0,0,0,0,0,0,0,0,0,0,0,0,0,0,0,0,0,0,252,0,0,0,0,0,0,0,0,0,0,0,0,0,0,2,0,0,0,254,0,0
00197 features=771 size=9 p=5 tap=11 reset=true scheme=3 ops=0,3,2,2,3,0,0,0,3,0,1,1,0,3,0,0,3,0,0,2,3,2,0,0,0,0,0,0,0,0,0,0,3,0,3,2,2,2,3,0,0,2,2,3,2,2,3,2,2,3,0,3,3,2,2,2,2,0,2,3,0,0,3,0 ks=0,0,255,0,0,0,0,255,0,0,34,223,166,0,0,0,0,0,0,0,0,0,0,0,0,0,0,0,0,0,0,0,0,0,0,0,0,1,0,0,251,0,0,0,0,0,0,0,0,0,0,0,0,0,0,128,0,108,0,0,0,0,0,0
00198 features=787 size=5 p=5 tap=2 reset=true scheme=3 ops=0,3,2,2,3,0,0,0,3,0,2,2,2,3,0,0,3,0,0,2,3,2,0,2,2,3,2,2,0,2,3,3,3,0,3,2,2,2,3,0,0,2,2,3,2,2,3,2,2,3,0,3,3,2,2,2,2,0,2,2,1,0,3,0 ks=0,4,183,0,0,0,0,255,0,0,0,0,0,0,0,0,0,0,0,0,0,0,0,0,0,0,0,0,0,0,0,0,0,0,0,0,0,0,0,0,0,0,0,0,0,0,0,0,213,0,0,0,0,0,0,0,0,0,220,0,0,0,0,0
00199 features=822 size=10 p=5 tap=16 reset=true scheme=3 ops=0,3,3,2,3,0,0,0,3,0,2,2,2,3,0,0,3,0,0,2,3,2,0,2,2,3,2,2,0,2,3,3,3,0,3,2,2,2,3,0,0,2,2,3,2,2,3,2,2,3,0,3,3,2,2,2,3,0,2,3,0,0,3,0 ks=0,0,255,0,0,0,0,255,0,0,0,0,2,0,0,0,0,0,0,0,0,0,0,0,0,0,0,0,0,0,0,0,0,0,2,0,0,253,0,0,0,0,0,0,0,247,0,0,0,0,0,0,2,0,16,0,0,108,0,0,0,0,0,140
00200 features=100 size=4 p=5 tap=11 reset=false scheme=0 ops=3,3,3,3,3,3,3,3,3,3,1,1,2,1,0,1,3,3,3,3,3,3,3,3,3,3,3,3,3,3,3,3,3,3,3,3,3,3,3,3,1,3,3,3,3,3,3,3,3,3,3,3,3,3,3,3,3,3,3,3,3,3,3,3 ks=0,0,0,0,0,0,0,0,0,0,34,205,0,0,0,0,126,0,0,0,0,0,0,0,0,0,0,0,0,0,0,0,0,0,0,0,0,0,0,0,0,0,0,0,0,0,0,0,0,0,0,0,0,0,0,0,0,0,0,0,0,0,0,64
00201 features=782 size=9 p=5 tap=16 reset=true scheme=3 ops=0,3,3,2,3,0,0,0,3,0,2,2,2,3,0,0,3,0,0,2,3,2,0,2,2,3,0,2,0,2,3,3,3,0,3,2,2,2,3,0,0,2,1,3,2,2,3,2,2,3,0,3,3,2,2,2,2,0,2,3,0,0,3,0 ks=0,0,255,0,0,0,0,255,0,255,0,0,2,0,0,0,0,0,0,0,0,0,0,0,0,0,0,0,0,0,0,0,0,0,2,0,1,0,0,0,0,0,0,0,0,0,0,0,0,0,0,0,0,0,0,3,0,108,0,0,0,0,0,140
00202 features=829 size=10 p=10 tap=11 reset=true scheme=3 ops=0,3,0,0,3,0,0,0,3,0,0,3,0,3,0,0,3,0,0,3,3,3,0,3,0,3,0,0,0,3,3,3,3,0,3,0,3,3,3,0,0,3,0,3,3,0,3,0,3,3,0,3,3,0,0,3,3,0,3,3,0,0,3,0 ks=0,0,255,0,64,0,0,255,0,0,0,0,0,0,0,0,209,0,0,128,0,0,0,0,0,0,0,0,0,0,0,0,0,0,0,0,0,0,0,0,0,0,1,0,0,0,0,0,0,0,52,0,0,0,0,130,0,108,0,1,0,0,0,0
00203 features=543 size=8 p=5 tap=11 reset=false scheme=3 ops=0,3,2,2,3,0,0,0,3,0,1,2,2,3,0,0,3,0,0,2,3,2,0,3,3,3,3,3,3,3,3,3,3,3,3,2,2,2,3,0,0,2,2,3,2,2,3,2,2,3,0,3,3,2,2,2,2,0,2,3,2,0,3,0 ks=0,0,255,0,0,0,0,255,0,255,0,0,2,0,0,0,4,0,0,0,0,0,0,0,0,0,0,0,0,0,0,0,0,0,0,0,0,0,176,0,0,0,0,0,0,0,0,0,0,0,0,0,0,0,0,0,61,108,0,0,0,0,0,0
00204 features=475 size=5 p=5 tap=11 reset=false scheme=3 ops=0,3,3,3,3,0,0,0,3,0,3,3,3,3,0,0,3,0,0,0,3,0,0,3,0,3,0,0,0,0,3,3,3,0,3,3,2,0,3,3,0,0,0,3,2,0,3,0,3,3,0,3,3,0,3,3,3,0,0,3,0,0,3,0 ks=0,0,0,0,0,0,0,255,0,0,0,0,0,0,0,0,135,0,0,0,0,0,0,0,0,0,0,0,0,0,0,0,0,0,253,0,0,0,0,42,0,0,0,0,0,0,0,0,0,0,0,0,0,0,0,0,0,2,0,0,0,0,0,0
00205 features=800 size=15 p=5 tap=11 reset=true scheme=3 ops=0,3,3,3,3,0,0,0,3,0,3,3,3,1,0,1,3,1,1,2,3,2,0,2,1,3,0,0,0,0,3,3,3,0,3,2,2,2,3,0,0,2,2,3,2,2,3,0,2,3,0,3,3,0,3,3,3,0,0,3,0,0,3,0 ks=0,0,0,0,0,0,0,255,0,0,0,0,0,229,50,140,126,149,2,195,181,0,31,240,53,0,0,0,0,0,0,0,0,0,0,0,0,0,0,0,0,0,0,0,0,0,0,0,213,8,0,0,0,0,0,0,0,2,0,0,0,0,0,0
00206 features=780 size=25 p=5 tap=16 reset=false scheme=3 ops=0,3,2,2,3,0,0,0,3,0,2,2,2,3,0,0,3,0,0,2,3,3,0,3,3,3,1,2,0,2,3,3,3,0,3,2,2,2,3,0,0,1,2,3,0,1,1,1,2,3,0,3,1,2,2,2,2,0,2,3,0,0,3,0 ks=0,0,255,0,0,0,0,255,0,255,0,0,2,0,0,0,0,0,0,23,0,255,0,0,0,0,0,0,0,0,0,0,0,0,2,0,0,87,0,196,3,94,141,148,136,77,7,96,166,252,143,144,177,0,16,0,0,108,0,0,0,0,0,140
00207 features=909 size=15 p=1 tap=16 reset=true scheme=3 ops=1,3,2,2,3,0,0,0,3,0,2,2,2,3,0,0,3,0,0,2,3,2,0,2,2,3,2,2,0,2,3,3,3,0,3,2,2,2,3,0,0,2,2,1,1,1,3,2,2,3,0,3,3,2,2,2,2,0,2,3,0,0,3,0 ks=0,0,255,0,0,0,0,255,0,255,176,0,2,0,128,255,16,0,0,0,0,0,0,0,0,0,0,0,0,0,0,0,0,0,2,0,0,0,0,0,0,0,0,148,136,0,0,0,0,0,0,0,0,0,19,0,0,108,0,0,0,0,1,136
00208 features=706 size=9 p=5 tap=11 reset=true scheme=3 ops=0,3,2,1,3,0,0,0,3,0,2,2,2,3,0,0,3,0,0,2,3,2,0,0,1,3,0,0,0,0,3,3,3,1,1,2,2,2,3,0,0,2,2,3,2,2,2,2,2,3,0,3,3,2,2,2,2,0,2,3,0,0,3,3 ks=0,0,255,4,0,0,0,255,0,0,0,2,255,0,0,0,0,0,0,0,0,0,2,0,0,0,0,0,0,0,0,0,0,0,0,0,0,0,0,0,255,0,0,0,0,0,0,0,0,0,0,0,0,0,0,128,0,108,0,0,0,0,0,0
00209 features=785 size=18 p=5 tap=16 reset=true scheme=3 ops=3,3,2,2,3,2,2,2,3,2,2,2,2,3,2,2,3,2,3,2,3,2,2,2,2,3,2,2,2,2,3,3,3,2,3,2,2,2,3,0,0,2,2,3,0,1,3,1,2,3,3,3,3,2,2,2,2,3,2,3,3,2,3,3 ks=0,0,255,0,0,0,0,0,0,0,0,0,2,0,0,0,0,0,0,0,0,0,0,0,0,0,13,0,0,0,0,0,0,0,2,0,30,87,250,196,3,94,141,148,136,77,7,96,166,0,0,0,0,0,0,0,0,0,0,0,0,0,0,140
00210 features=736 size=6 p=5 tap=11 reset=false scheme=3 ops=0,3,2,2,3,0,0,0,3,0,2,1,2,3,0,0,3,0,0,2,3,2,0,2,0,0,2,2,2,2,0,2,0,0,0,1,2,2,3,0,0,2,2,3,2,2,3,2,2,3,0,3,3,2,2,2,2,0,2,3,0,0,3,0 ks=0,0,255,0,0,0,0,255,0,0,0,0,0,0,0,0,0,0,0,0,0,0,0,0,0,0,0,0,0,0,0,0,0,0,0,236,0,0,0,0,0,0,0,0,127,0,0,0,0,0,0,0,0,0,0,3,0,108,0,0,0,0,0,0
00211 features=787 size=7 p=5 tap=11 reset=true scheme=3 ops=0,3,2,2,3,0,0,0,3,0,1,1,0,3,0,0,3,0,0,2,3,2,0,0,0,0,0,0,0,0,0,0,3,0,3,2,2,2,3,0,0,2,2,3,3,2,3,1,2,3,0,3,3,2,2,2,2,0,2,3,0,0,3,0 ks=1,0,255,0,0,0,0,0,0,0,98,0,0,0,0,0,0,0,0,0,0,0,0,0,0,0,0,0,0,0,0,0,0,64,0,0,0,0,0,0,255,0,0,0,0,0,0,0,0,0,0,0,0,0,0,0,0,108,1,0,0,0,0,0
00212 features=803 size=6 p=5 tap=11 reset=true scheme=3 ops=0,3,2,2,3,0,0,0,3,0,2,2,2,3,0,0,3,0,0,2,3,2,0,2,2,3,2,2,0,2,3,3,3,0,3,2,2,2,3,0,0,2,2,3,2,2,3,2,2,3,0,3,3,2,2,2,2,0,2,3,3,0,3,0 ks=0,0,255,0,0,0,0,255,0,0,0,0,2,0,0,0,0,0,0,0,0,0,0,0,0,0,0,0,0,0,0,0,0,0,0,0,0,0,0,0,0,0,2,0,0,0,0,0,0,0,0,0,0,0,18,0,0,108,0,0,0,0,0,0
00213 features=643 size=7 p=5 tap=11 reset=false scheme=3 ops=0,3,2,2,3,0,0,0,3,0,2,2,2,3,0,0,3,0,2,2,3,2,0,2,2,3,2,2,0,2,3,3,3,0,3,2,2,2,3,0,0,2,2,3,2,2,3,2,2,3,0,3,3,2,2,2,2,0,2,3,0,0,3,0 ks=0,0,255,255,0,0,0,255,0,0,0,0,2,0,0,0,0,0,0,0,8,0,0,0,0,0,0,0,0,0,0,0,0,0,0,126,0,0,0,0,0,0,0,0,0,0,0,0,0,0,0,0,0,0,16,0,0,0,0,0,0,0,0,0
00214 features=174 size=8 p=5 tap=11 reset=true scheme=3 ops=1,1,1,1,1,1,1,1,1,1,1,1,1,1,1,1,1,1,1,1,1,1,1,1,1,1,1,1,1,1,1,1,1,1,1,1,1,1,1,1,1,1,1,1,1,1,1,1,1,1,1,1,1,1,1,1,1,1,1,1,1,1,1,1 ks=0,0,255,0,64,0,0,255,0,0,0,0,0,0,0,0,209,0,0,128,0,0,0,0,0,0,0,0,0,0,0,0,0,0,0,0,0,0,0,0,0,0,0,0,0,0,0,0,0,0,52,0,0,0,0,128,0,108,0,0,0,0,0,0
00215 features=650 size=7 p=5 tap=11 reset=false scheme=3 ops=0,3,2,2,3,0,0,0,3,0,1,1,0,3,0,0,3,0,0,2,3,2,0,0,0,0,0,0,0,0,0,0,3,0,3,2,2,2,3,0,0,2,2,3,2,2,3,2,2,3,0,3,3,2,2,2,2,0,2,3,0,0,3,0 ks=0,0,255,0,0,0,0,255,0,0,34,223,0,0,0,0,0,0,0,0,0,0,0,0,0,0,0,0,0,0,0,0,0,127,0,0,0,0,0,0,255,0,0,0,0,0,0,0,0,0,0,0,0,0,0,0,0,2,0,0,0,0,0,0
00216 features=641 size=12 p=5 tap=11 reset=false scheme=3 ops=0,3,2,2,3,0,0,0,3,0,2,2,2,3,0,0,3,0,0,2,3,2,0,2,0,0,2,2,2,2,3,3,3,2,3,2,2,2,3,0,0,2,2,3,2,2,3,2,2,3,0,3,3,2,2,2,2,0,2,3,0,0,3,0 ks=0,0,255,254,0,0,0,255,0,0,0,0,0,0,0,0,0,255,0,0,0,255,0,0,0,0,0,0,0,253,0,0,0,0,2,0,30,87,0,0,0,0,0,0,127,0,0,0,0,0,0,0,0,0,0,3,0,108,0,0,0,0,0,0
00217 features=742 size=7 p=5 tap=11 reset=false scheme=3 ops=0,3,2,2,3,0,0,0,3,0,2,2,2,3,0,2,3,0,0,2,3,2,0,2,3,0,2,2,2,2,0,2,2,0,0,2,2,2,3,0,0,2,2,3,2,2,3,2,2,3,0,3,3,2,2,2,2,0,2,3,0,0,3,0 ks=0,0,255,0,0,0,0,255,0,0,0,0,0,0,0,0,0,0,0,0,0,0,0,0,0,0,0,0,0,0,0,0,0,0,0,236,0,0,35,0,0,0,0,0,127,0,0,0,0,0,0,0,0,0,0,3,0,108,0,0,0,0,0,0
00218 features=749 size=7 p=5 tap=11 reset=false scheme=3 ops=0,3,2,2,3,0,0,0,3,0,2,2,2,3,0,0,3,0,0,2,3,2,0,2,0,0,2,2,2,2,0,2,0,0,0,1,2,2,3,0,0,2,2,3,2,2,3,2,2,3,0,3,3,2,2,2,2,0,2,3,0,0,3,0 ks=0,0,255,0,0,0,0,255,0,0,0,0,0,0,0,0,0,0,0,0,0,0,0,0,0,0,0,0,0,0,0,0,0,0,0,236,0,0,0,0,0,0,0,0,127,0,0,0,16,0,0,0,0,0,0,3,0,108,0,0,0,0,0,0
00219 features=672 size=7 p=5 tap=11 reset=true scheme=3 ops=0,3,2,1,3,0,0,0,3,0,3,1,1,3,0,0,3,0,0,0,3,0,0,3,1,3,0,3,0,3,3,3,3,0,3,1,3,0,3,0,0,3,1,3,1,3,3,3,3,3,0,3,3,2,0,3,3,0,3,3,0,0,3,0 ks=0,0,8,0,0,0,0,255,0,0,0,0,0,0,0,127,0,0,0,0,0,0,0,0,0,0,0,0,0,0,0,0,0,0,0,0,0,23,0,0,0,0,25,0,0,0,0,0,0,0,0,0,254,0,0,0,0,2,0,0,0,0,0,0
00220 features=803 size=6 p=5 tap=11 reset=true scheme=3 ops=0,3,2,2,3,0,3,0,3,0,2,2,2,3,0,0,3,0,0,2,3,2,0,2,2,3,2,2,0,2,3,3,3,0,3,2,2,2,3,0,0,2,2,3,2,2,3,2,2,3,0,3,3,2,2,2,2,0,2,3,0,0,3,0 ks=0,0,255,0,0,0,0,255,0,0,0,0,0,0,0,0,0,0,0,0,0,0,0,0,0,0,0,0,0,0,0,0,0,0,0,0,64,0,0,0,0,0,0,0,0,0,0,1,0,0,0,0,0,0,0,128,0,128,0,0,0,0,0,0
00221 features=732 size=8 p=5 tap=11 reset=false scheme=3 ops=0,3,2,2,3,0,0,0,3,0,2,1,2,3,0,0,3,0,0,2,3,2,0,2,0,0,2,2,2,2,0,2,0,0,0,1,2,2,3,0,0,2,2,3,2,2,3,2,2,3,0,3,3,2,2,2,2,0,2,3,0,0,3,0 ks=0,0,255,0,0,0,0,255,0,0,130,0,0,0,0,0,0,0,0,0,0,0,0,0,0,0,0,0,0,0,0,0,0,0,0,236,0,0,0,255,0,0,0,0,127,0,0,0,0,0,0,0,0,0,0,3,0,108,0,0,0,0,0,0
00222 features=652 size=8 p=5 tap=11 reset=false scheme=3 ops=0,3,2,2,3,0,0,0,3,0,1,1,0,3,0,0,3,0,0,2,3,2,0,0,0,0,0,0,0,0,0,0,3,0,3,2,2,2,3,0,0,2,2,3,2,2,3,2,2,3,0,3,3,2,2,2,2,0,2,3,0,0,3,0 ks=0,0,255,0,0,0,0,255,0,0,34,223,0,0,0,0,0,0,0,0,0,0,0,0,0,0,0,0,0,0,0,0,0,127,0,0,0,0,0,0,255,0,0,0,0,0,0,0,0,128,0,0,0,0,0,0,0,2,0,0,0,0,0,0
00223 features=890 size=8 p=5 tap=11 reset=true scheme=3 ops=0,3,2,2,3,0,0,0,3,0,2,2,2,3,0,0,3,0,0,2,3,2,0,2,2,3,2,2,0,2,3,3,3,0,3,2,2,2,3,0,0,2,2,0,2,2,3,2,2,3,0,3,3,2,2,2,2,0,2,3,0,0,3,3 ks=0,0,0,3,0,0,0,255,0,0,0,0,0,0,2,0,0,0,0,0,0,0,0,0,0,0,0,0,0,2,0,0,0,0,0,0,0,0,0,0,0,0,252,0,0,0,2,0,0,0,0,0,0,0,0,0,0,2,0,255,0,0,0,0
00224 features=788 size=5 p=5 tap=11 reset=true scheme=3 ops=0,3,2,2,3,0,0,0,3,0,2,3,2,3,0,0,3,0,0,2,3,2,0,2,2,3,2,2,0,2,3,3,3,0,3,2,2,2,3,0,0,2,2,3,2,2,3,2,3,3,0,3,3,2,2,2,2,0,2,3,0,0,3,0 ks=0,0,255,0,0,0,0,255,0,0,0,0,0,0,0,0,0,0,0,0,0,0,0,0,0,0,0,0,0,0,0,0,0,0,0,0,0,0,0,0,0,0,0,0,0,127,0,0,0,0,0,0,0,0,0,3,0,108,0,0,0,0,0,0
00225 features=799 size=8 p=5 tap=11 reset=true scheme=3 ops=0,3,2,2,3,0,0,0,3,0,1,1,0,3,0,0,3,0,0,2,3,2,0,0,0,0,0,0,0,0,0,0,3,0,3,2,2,2,3,0,0,2,2,3,3,2,3,1,2,3,0,3,3,2,2,2,2,0,2,3,0,0,3,0 ks=1,0,255,0,0,0,0,0,0,0,98,0,0,0,0,0,2,0,0,0,0,0,0,0,0,0,0,0,0,0,0,0,0,64,0,0,0,0,0,0,255,0,0,0,0,0,0,0,0,0,0,0,0,0,0,0,0,108,1,0,0,0,0,0
00226 features=613 size=5 p=5 tap=11 reset=false scheme=3 ops=0,3,2,2,3,0,0,0,3,0,2,2,2,3,0,0,3,0,0,2,3,2,0,2,2,3,2,2,0,2,3,3,0,0,3,2,2,2,3,0,0,2,2,3,2,2,3,2,2,3,0,3,3,2,2,3,3,0,2,3,0,0,3,0 ks=0,0,255,0,0,0,0,255,0,0,0,0,0,0,0,0,0,0,0,0,0,0,0,64,0,0,0,0,0,0,0,0,0,0,0,0,0,0,0,0,255,0,0,0,0,0,0,0,0,0,0,0,0,0,0,0,0,108,0,0,0,0,0,0
00227 features=825 size=9 p=5 tap=11 reset=true scheme=3 ops=0,3,2,2,3,0,0,0,3,0,2,2,2,3,0,0,3,0,0,2,3,2,0,2,2,3,2,2,0,2,3,3,3,0,3,2,2,2,3,0,0,2,2,3,2,2,3,2,2,3,0,3,3,2,2,2,2,0,2,3,0,0,3,0 ks=0,0,255,0,0,0,0,255,0,0,0,0,2,0,0,0,0,0,0,0,0,0,0,0,0,0,0,0,128,0,0,0,0,0,0,0,0,0,0,0,0,0,2,0,0,0,0,0,0,0,0,0,0,0,16,1,253,108,0,0,0,0,0,0
00228 features=650 size=11 p=5 tap=11 reset=false scheme=4 ops=0,3,2,2,3,0,0,0,3,0,1,1,0,3,0,0,3,0,0,2,3,2,0,0,0,0,0,0,0,0,0,0,3,0,3,2,0,2,3,0,0,2,2,3,2,2,3,2,2,3,0,3,3,2,2,2,2,0,2,3,0,0,3,0 ks=0,8,255,0,0,0,0,255,0,0,34,223,0,0,0,0,0,0,0,0,0,0,0,0,0,0,0,48,0,0,32,0,0,127,0,0,0,0,0,0,255,0,0,0,0,0,0,0,0,0,0,0,0,0,0,0,0,3,0,2,0,0,0,0
00229 features=787 size=11 p=5 tap=11 reset=true scheme=3 ops=0,3,2,2,3,0,0,0,3,0,1,1,0,3,0,0,3,0,0,2,3,2,0,0,0,0,0,0,0,0,0,0,3,0,3,2,2,2,3,0,0,2,2,3,3,2,3,2,2,3,0,3,3,2,2,2,2,0,2,3,0,0,3,0 ks=14,0,255,0,0,0,0,255,0,0,98,223,166,0,0,0,0,0,0,0,0,0,0,0,0,0,0,0,0,0,0,0,0,64,0,0,0,254,0,0,255,0,0,0,0,0,0,0,0,0,0,0,0,0,0,0,0,108,0,0,32,0,0,0
00230 features=750 size=2 p=5 tap=35 reset=true scheme=3 ops=0,3,2,2,3,0,0,0,3,0,1,1,0,3,0,0,3,2,0,2,3,2,0,0,0,0,0,0,0,0,0,0,3,0,3,2,2,2,3,0,0,2,2,3,3,2,3,2,2,3,0,3,3,2,2,2,2,0,2,3,0,0,3,0 ks=0,0,0,0,0,0,0,0,0,0,0,0,0,0,0,0,0,0,0,0,0,0,0,0,0,0,0,0,0,0,0,0,0,64,0,0,0,0,0,0,255,0,0,0,0,0,0,0,0,0,0,0,0,0,0,0,0,0,0,0,0,0,0,0
00231 features=776 size=7 p=5 tap=11 reset=true scheme=3 ops=0,3,2,2,3,0,0,0,3,0,2,2,2,3,0,0,3,0,0,2,3,2,0,2,2,3,2,2,0,2,1,3,3,0,3,2,2,2,3,0,0,2,2,3,2,2,3,2,2,3,0,3,3,2,2,2,2,0,2,3,0,0,3,0 ks=0,255,255,0,0,0,0,255,0,0,0,1,0,0,0,0,0,0,0,2,0,0,0,0,0,0,0,0,0,0,0,0,0,0,0,0,0,0,0,0,0,0,0,0,0,10,0,0,0,0,0,0,0,0,0,0,0,108,0,0,0,0,0,0
00232 features=777 size=7 p=5 tap=11 reset=true scheme=3 ops=0,3,2,2,3,0,0,0,3,0,2,2,2,3,0,0,3,0,0,2,3,2,0,2,2,3,2,2,0,2,3,3,2,0,3,2,2,2,3,0,0,2,2,3,2,2,3,2,2,3,0,3,3,2,2,2,2,0,2,3,0,0,3,0 ks=0,0,255,0,0,0,0,255,0,0,0,0,0,0,0,0,0,0,0,0,0,0,0,0,0,0,0,0,0,0,0,0,0,0,0,0,0,0,0,0,255,0,253,0,0,0,0,0,0,128,0,0,0,0,0,128,0,108,0,0,0,0,0,0
00233 features=683 size=10 p=5 tap=11 reset=false scheme=3 ops=0,3,2,2,3,0,0,0,3,0,2,2,2,3,0,0,3,0,0,2,3,2,0,2,2,3,2,2,0,2,3,3,0,0,3,2,2,2,3,0,0,2,2,3,2,2,3,2,2,3,0,3,3,2,2,3,2,0,2,3,0,0,3,0 ks=3,0,255,0,0,0,0,255,0,0,0,0,0,0,0,0,0,128,0,0,0,0,0,64,0,0,0,0,0,0,0,0,0,0,0,0,0,0,0,0,255,0,0,0,0,0,16,0,0,128,0,0,0,0,255,0,0,108,0,0,0,0,0,0
00234 features=781 size=8 p=5 tap=11 reset=true scheme=3 ops=0,3,1,2,3,0,3,2,3,0,2,2,2,3,0,0,3,0,0,2,3,2,0,2,2,3,1,2,0,2,3,3,3,0,3,2,2,2,3,0,0,2,1,3,2,2,3,2,2,3,0,3,3,2,2,2,2,0,2,3,0,0,3,0 ks=0,0,255,0,0,0,0,255,0,0,0,0,0,0,0,0,0,0,2,0,0,0,0,0,0,0,0,0,0,127,0,0,0,0,0,0,64,0,0,0,0,0,0,0,4,0,0,0,0,0,0,0,0,2,0,128,0,0,0,0,0,0,0,0
00235 features=789 size=7 p=5 tap=11 reset=true scheme=3 ops=0,3,2,2,3,0,0,0,3,0,1,1,3,3,3,3,3,3,0,2,3,2,0,2,2,3,2,2,0,2,3,3,3,0,3,2,2,2,3,0,0,2,2,3,2,2,3,2,2,3,0,3,3,2,2,2,2,0,2,3,0,0,3,0 ks=253,0,255,2,0,0,0,0,0,0,0,0,0,0,0,0,0,0,0,0,0,0,0,0,0,0,0,0,0,0,0,0,0,0,0,0,0,0,114,0,0,0,2,0,0,0,0,0,0,0,0,0,0,0,16,0,0,108,0,0,0,0,0,0
00236 features=631 size=12 p=5 tap=11 reset=false scheme=4 ops=0,3,2,2,3,0,0,0,3,0,1,1,0,3,0,0,3,0,0,2,3,2,0,0,0,0,0,0,0,0,0,0,3,0,3,2,0,2,3,0,0,2,2,3,2,2,3,2,2,3,0,3,3,2,2,2,2,0,2,3,0,0,3,0 ks=141,8,255,0,0,0,0,255,0,0,34,223,0,0,0,0,0,0,0,0,0,0,0,0,0,0,0,48,0,0,32,0,0,127,0,0,0,0,0,0,255,0,0,0,0,0,0,0,0,0,0,0,0,0,0,0,0,3,0,2,0,0,0,0
00237 features=660 size=7 p=5 tap=11 reset=true scheme=3 ops=0,3,2,1,3,0,0,0,3,0,2,2,2,3,0,0,3,0,0,2,3,2,0,0,0,0,2,2,0,0,3,3,3,1,1,2,2,2,3,0,0,2,2,3,2,2,2,2,2,3,0,3,3,2,2,2,2,0,3,3,0,0,3,3 ks=0,0,255,4,0,0,0,255,0,0,0,0,255,0,0,0,0,0,0,0,0,0,0,0,0,0,0,0,0,0,0,0,0,0,0,0,0,0,0,0,255,0,0,0,0,0,0,0,0,0,0,0,0,0,0,128,0,108,0,0,0,0,0,0
00238 features=680 size=8 p=5 tap=11 reset=false scheme=0 ops=0,3,2,2,3,0,0,0,3,0,1,1,0,3,0,0,3,0,0,2,3,3,0,2,2,3,2,2,0,2,3,3,3,0,3,2,2,2,3,0,0,2,2,3,2,2,3,2,2,3,0,3,3,2,2,2,2,0,2,3,0,0,3,0 ks=0,0,0,0,0,0,0,255,0,0,98,223,166,0,0,0,0,0,0,0,0,0,0,0,0,0,0,0,0,3,0,227,0,0,0,0,0,0,0,0,0,0,0,0,0,0,0,0,0,0,0,0,0,0,0,0,32,108,0,0,0,0,0,0
00239 features=631 size=6 p=5 tap=11 reset=false scheme=3 ops=0,3,2,2,3,0,0,0,3,0,1,1,0,3,0,0,3,0,0,2,3,2,0,0,0,0,0,0,0,0,0,0,3,0,3,2,2,2,3,0,1,2,2,3,3,2,3,1,2,3,0,3,3,2,2,2,2,0,2,3,0,0,3,0 ks=1,0,255,0,0,0,0,0,0,0,66,0,0,0,0,0,0,0,0,0,0,0,0,0,0,0,0,0,0,0,0,0,0,64,0,0,0,0,0,0,255,0,0,0,0,0,0,0,0,0,0,0,0,0,0,0,0,108,0,0,0,0,0,0
00240 features=837 size=5 p=5 tap=11 reset=true scheme=3 ops=0,3,2,2,3,0,0,0,3,0,2,2,2,3,0,0,3,0,0,2,3,2,0,2,2,3,2,2,0,2,3,3,3,0,3,2,2,2,3,0,0,2,2,3,2,2,3,2,2,3,0,3,3,2,2,2,3,0,2,3,0,0,3,0 ks=0,0,0,0,0,0,0,255,0,0,8,0,0,0,0,0,0,0,0,0,0,0,0,0,0,0,0,0,0,0,0,0,0,0,0,0,0,0,0,0,2,0,0,0,0,0,0,0,0,0,0,0,0,0,0,0,0,2,254,0,0,0,0,0
00241 features=722 size=12 p=5 tap=16 reset=false scheme=3 ops=0,3,3,2,3,0,0,0,3,0,2,2,2,3,0,0,3,0,0,2,3,2,0,2,2,3,2,2,0,2,3,3,3,0,3,2,2,2,3,3,0,2,2,3,2,2,3,2,2,3,0,3,3,2,2,2,2,0,2,3,0,0,3,0 ks=0,0,255,0,0,0,0,255,0,0,0,0,2,0,0,0,0,0,0,0,0,0,0,0,0,0,0,0,87,0,0,0,0,0,2,0,0,253,0,0,0,0,0,0,0,247,0,255,127,0,0,0,10,0,16,0,0,108,0,0,0,0,0,0
00242 features=1021 size=3 p=5 tap=11 reset=true scheme=3 ops=0,0,0,0,0,0,0,0,0,0,0,0,0,0,0,0,0,0,0,0,0,0,0,0,0,0,0,0,0,0,0,0,0,0,0,0,0,0,0,0,0,0,0,0,0,0,0,0,0,0,0,0,0,0,0,0,0,0,0,0,0,0,0,0 ks=0,0,0,0,0,0,0,0,0,0,0,0,0,0,0,0,0,0,0,0,0,0,224,0,0,0,0,0,0,0,0,128,0,0,0,0,0,0,0,0,0,0,0,0,0,0,0,0,0,0,0,0,0,0,0,0,0,0,0,32,0,0,0,0
00243 features=826 size=7 p=5 tap=11 reset=true scheme=3 ops=0,3,2,2,3,0,0,0,3,0,2,3,2,3,0,0,3,0,0,2,3,2,0,2,2,3,2,2,0,2,3,3,3,0,3,2,2,2,3,0,0,2,2,3,2,2,3,2,3,3,0,3,3,2,2,2,2,0,2,3,0,0,3,0 ks=0,64,255,0,0,0,0,255,0,0,0,0,0,0,0,0,0,0,0,0,0,0,0,0,0,0,0,0,0,0,0,0,0,0,0,0,0,0,0,0,0,0,0,0,0,127,0,0,0,0,0,0,0,0,0,3,0,108,0,16,0,0,0,0
00244 features=669 size=6 p=5 tap=11 reset=false scheme=3 ops=0,3,2,2,3,0,0,0,3,0,2,2,2,3,0,0,3,0,0,2,3,2,0,2,2,3,2,2,0,2,3,3,0,0,3,2,2,2,3,0,0,2,2,3,2,2,3,2,2,3,0,3,3,2,2,3,3,0,2,3,0,0,3,0 ks=0,0,255,0,0,0,0,0,0,0,0,0,0,0,0,0,0,0,0,0,0,0,0,64,0,0,0,0,0,0,0,0,0,0,0,0,0,4,0,0,255,0,0,0,0,0,108,0,0,0,0,0,0,0,0,0,0,108,0,0,0,0,0,0
00245 features=541 size=8 p=5 tap=11 reset=false scheme=3 ops=0,3,2,2,3,0,0,0,3,0,1,2,2,3,0,0,3,0,0,2,3,2,0,3,3,3,3,3,3,3,3,3,3,3,3,2,2,2,3,0,0,2,2,3,2,2,3,2,2,3,0,3,3,2,2,2,2,0,2,3,2,0,3,0 ks=0,0,255,0,0,0,0,185,0,255,0,0,2,0,0,0,4,0,0,0,0,0,0,0,0,0,0,0,0,0,0,0,0,0,0,0,0,0,176,0,0,0,0,0,0,0,0,0,0,0,0,0,0,0,0,0,61,108,0,0,0,0,0,0
00246 features=480 size=8 p=5 tap=11 reset=false scheme=3 ops=0,3,3,3,3,0,0,0,3,0,1,1,0,3,0,0,3,0,0,0,3,0,0,3,0,3,0,0,0,0,3,3,3,0,3,3,2,0,3,3,0,0,0,3,2,0,3,0,3,3,0,3,3,0,3,3,3,0,0,3,0,0,3,0 ks=0,0,0,0,0,0,0,255,0,0,34,223,166,0,0,0,0,0,0,0,0,0,0,0,0,0,0,0,0,0,0,0,0,0,253,0,0,0,0,42,0,0,0,0,0,0,0,0,0,0,0,0,0,0,0,0,0,2,0,0,0,0,2,0
00247 features=676 size=7 p=5 tap=11 reset=true scheme=3 ops=0,3,2,1,3,0,0,0,3,0,2,2,2,3,0,0,3,0,0,3,3,2,0,0,0,0,2,2,0,0,3,3,3,1,1,2,2,2,3,0,0,2,2,3,2,2,2,2,2,3,0,3,3,2,2,2,2,0,3,3,0,0,3,3 ks=0,0,255,4,0,0,0,255,0,0,0,0,255,0,0,0,0,0,0,0,0,0,0,0,0,0,0,0,0,0,0,0,0,0,0,0,0,0,0,0,255,0,0,0,0,0,0,0,0,0,0,0,0,0,0,128,0,108,0,0,0,0,0,0
00248 features=774 size=3 p=5 tap=11 reset=true scheme=5 ops=3,3,3,3,3,3,3,3,3,3,1,1,2,1,0,0,3,0,0,2,3,2,3,3,3,3,3,3,3,3,3,3,3,0,3,2,2,2,3,0,0,2,2,3,2,3,3,3,3,3,3,3,3,3,3,3,3,3,3,3,3,3,3,3 ks=0,0,0,0,0,0,0,0,0,0,34,223,0,0,0,0,0,0,0,0,0,0,0,0,0,0,0,0,0,0,0,0,0,0,0,0,0,0,0,0,0,0,0,0,0,0,0,0,0,255,0,0,0,0,0,0,0,0,0,0,0,0,0,0
00249 features=818 size=15 p=1 tap=16 reset=false scheme=3 ops=1,3,2,2,3,0,0,0,3,0,2,2,2,3,0,0,3,0,0,2,3,2,0,2,2,3,2,2,0,2,3,3,3,0,3,2,2,2,3,0,0,2,2,1,1,1,3,2,2,3,0,3,3,2,2,2,2,0,2,3,0,0,3,0 ks=0,0,255,0,0,0,0,255,0,255,176,0,2,0,128,255,16,2,0,0,0,0,0,0,0,0,0,0,0,0,0,0,0,0,2,0,0,0,0,0,0,0,0,148,136,0,0,0,0,0,0,0,0,0,19,0,0,108,0,0,0,0,0,136
00250 features=852 size=5 p=5 tap=11 reset=true scheme=3 ops=0,3,2,2,3,0,0,0,3,0,2,2,2,3,0,0,3,0,0,2,3,2,0,2,2,3,2,2,0,2,3,3,3,0,3,2,2,2,3,0,0,2,2,3,3,2,3,2,2,3,0,3,3,2,2,2,3,0,2,3,0,0,3,0 ks=0,0,0,0,0,0,0,255,0,0,8,0,0,0,0,0,0,0,0,0,0,0,0,0,0,0,0,0,0,0,0,0,0,0,0,0,0,0,0,0,2,0,0,0,0,0,0,0,0,0,0,0,0,0,0,0,0,2,254,0,0,0,0,0
00251 features=789 size=6 p=5 tap=11 reset=true scheme=3 ops=0,3,2,2,3,0,0,3,3,0,1,2,2,3,0,0,3,0,0,2,3,2,0,2,2,3,2,2,0,2,3,3,3,0,3,2,2,2,3,0,0,2,2,3,2,2,3,2,2,3,0,3,3,2,2,2,2,0,2,3,0,0,3,0 ks=0,0,255,0,0,0,0,108,0,133,0,0,0,0,0,0,0,0,0,0,0,0,0,0,0,0,0,0,0,0,0,0,0,0,0,0,0,0,0,0,2,0,0,0,0,0,0,0,0,0,0,0,0,0,0,0,0,2,254,0,0,0,0,0
00252 features=721 size=12 p=5 tap=11 reset=false scheme=3 ops=2,3,2,2,3,2,2,2,3,2,2,2,2,3,2,3,3,2,2,2,3,2,2,2,2,3,2,2,0,2,3,3,1,2,2,2,2,2,3,2,2,2,2,3,2,2,3,2,2,3,3,3,3,2,2,2,2,0,2,2,0,3,3,2 ks=2,0,0,0,0,0,0,255,0,0,0,0,0,0,0,0,0,0,0,0,0,0,0,0,8,0,0,0,0,0,0,1,0,0,0,16,0,105,2,0,0,252,0,252,0,0,129,0,213,0,0,0,1,0,0,0,0,0,0,0,0,0,0,0
00253 features=772 size=9 p=5 tap=16 reset=false scheme=3 ops=0,3,3,2,3,0,0,0,3,0,2,2,2,3,0,0,3,0,0,2,3,3,0,2,2,3,2,2,0,2,3,3,3,0,3,2,2,2,3,0,0,2,2,3,2,2,3,2,2,3,0,3,3,2,2,2,3,0,2,2,0,0,3,0 ks=0,0,253,0,0,0,0,255,0,0,0,0,0,0,0,0,43,0,0,0,0,0,0,0,0,0,0,4,0,0,0,0,0,0,2,0,0,0,0,0,0,0,0,0,0,0,0,0,0,0,128,0,2,0,16,0,0,108,0,0,0,0,0,0
00254 features=777 size=4 p=5 tap=11 reset=true scheme=3 ops=0,3,2,2,3,0,0,0,3,0,2,2,2,3,0,0,3,0,0,2,3,3,0,2,2,3,2,2,0,2,3,3,3,0,3,2,2,2,3,0,0,2,2,3,2,2,3,2,2,3,0,3,3,2,2,2,2,0,2,3,0,0,3,0 ks=0,0,255,0,0,0,0,255,0,0,0,0,0,0,0,0,0,0,0,0,0,0,0,0,0,0,0,0,0,0,0,0,0,0,0,0,0,0,0,0,0,0,0,0,0,0,0,0,0,0,0,0,0,0,0,128,0,108,0,0,0,0,0,0
00255 features=741 size=6 p=5 tap=11 reset=true scheme=3 ops=0,3,2,2,3,0,0,0,3,0,2,2,2,3,0,0,3,0,0,2,3,2,0,2,2,3,2,2,0,2,3,3,3,0,3,2,2,2,3,0,0,2,2,3,2,2,3,2,2,3,0,3,3,2,2,2,2,0,2,3,0,0,3,0 ks=0,0,255,0,0,0,0,255,0,0,0,0,2,0,0,0,0,0,0,0,0,0,0,0,0,0,0,0,0,0,0,0,0,0,0,0,0,0,0,0,255,0,0,0,0,0,0,0,0,0,0,0,0,0,16,0,0,108,0,0,0,0,0,0
00256 features=646 size=6 p=5 tap=16 reset=true scheme=3 ops=3,3,2,2,3,2,2,2,3,2,2,2,2,3,2,2,3,2,3,2,3,2,0,2,2,3,2,2,0,2,3,3,3,0,3,2,2,2,3,0,0,2,2,3,2,2,3,2,2,3,0,3,3,2,2,2,2,3,2,3,3,2,3,3 ks=0,0,255,0,0,0,0,0,0,0,0,0,2,0,0,0,0,0,0,0,0,0,0,0,0,0,0,0,0,2,0,0,0,0,0,0,0,0,0,0,255,0,0,0,0,0,0,0,0,0,0,0,0,0,0,0,0,0,255,0,0,0,0,140
00257 features=831 size=8 p=5 tap=11 reset=true scheme=3 ops=0,3,2,2,3,0,0,0,3,0,2,2,2,3,0,0,3,0,0,2,3,2,0,0,0,0,2,2,0,2,3,3,3,0,3,3,2,2,3,0,0,2,2,3,2,2,3,2,2,3,0,3,3,2,2,2,2,0,2,3,0,0,3,0 ks=0,0,255,0,0,0,0,255,0,0,0,0,0,0,0,0,0,0,0,127,0,0,0,0,0,0,0,0,0,0,0,0,0,0,0,0,0,0,0,0,0,0,0,0,127,0,0,0,0,254,0,0,0,0,0,3,0,108,0,0,0,0,128,0
00258 features=746 size=9 p=5 tap=11 reset=true scheme=3 ops=0,3,2,2,3,3,3,1,3,3,1,2,2,3,0,0,3,0,0,3,3,0,0,3,3,3,2,2,0,2,3,3,3,0,1,2,2,2,3,0,0,2,2,3,2,2,3,2,2,3,0,3,3,2,2,2,2,0,2,3,1,0,3,0 ks=0,0,255,0,0,0,0,0,0,0,0,0,0,0,0,127,0,0,0,0,0,0,0,0,0,0,0,0,0,0,0,0,0,0,235,179,30,87,250,0,0,0,0,0,0,0,0,0,0,0,0,0,0,0,0,3,0,108,0,0,0,0,0,0
00259 features=820 size=4 p=5 tap=11 reset=true scheme=3 ops=0,3,2,2,3,0,0,0,3,0,2,2,2,3,0,0,3,0,0,2,3,2,0,2,2,3,2,2,0,2,3,3,3,0,3,2,2,2,1,0,2,2,2,3,2,2,3,2,2,3,0,3,3,2,2,2,2,0,2,2,0,0,3,0 ks=0,0,0,0,0,0,0,255,0,0,2,0,0,0,0,0,0,0,0,0,0,0,0,0,0,0,0,0,0,0,0,0,128,0,0,0,0,0,0,0,0,0,252,0,0,0,0,0,0,0,0,0,0,0,0,0,0,0,0,0,0,0,0,0
00260 features=681 size=9 p=5 tap=11 reset=false scheme=4 ops=0,3,2,2,3,0,0,0,3,0,2,2,2,3,0,0,3,0,2,2,3,2,0,2,2,3,2,2,0,2,3,3,3,0,3,2,2,2,3,0,0,2,2,3,2,2,3,2,2,3,0,3,3,2,2,2,2,0,2,3,0,0,3,0 ks=0,0,255,255,0,0,0,255,0,0,160,0,2,0,0,0,0,0,0,0,8,0,0,0,0,0,0,37,0,0,0,0,0,0,0,126,0,0,0,0,0,0,0,0,0,0,0,0,0,0,0,0,0,0,16,0,0,0,0,0,0,0,0,0
00261 features=663 size=7 p=5 tap=11 reset=false scheme=3 ops=0,3,2,2,3,0,0,0,3,0,2,2,2,3,0,0,3,0,0,2,3,2,0,2,2,3,2,2,0,2,3,3,0,0,3,2,2,2,3,0,0,2,2,3,2,2,3,2,2,3,0,3,3,2,2,3,2,0,2,3,0,0,3,0 ks=0,0,255,0,0,0,0,255,0,0,0,0,0,0,0,0,0,0,0,0,0,0,0,64,0,0,0,0,0,0,0,0,0,0,0,0,0,0,0,0,255,0,0,0,2,0,0,0,0,128,0,0,0,0,0,0,0,108,0,0,0,0,0,0
00262 features=732 size=9 p=5 tap=11 reset=false scheme=3 ops=0,3,2,2,3,0,0,0,3,0,2,2,2,3,0,0,3,0,0,2,3,2,0,2,0,0,2,2,2,2,0,2,0,0,0,1,2,2,3,0,0,2,2,3,2,2,3,2,2,3,0,3,3,2,2,2,2,0,2,3,0,0,3,0 ks=0,0,255,0,0,0,0,255,0,0,254,42,0,0,0,0,0,0,0,0,0,0,0,0,0,0,0,0,0,0,0,0,0,0,0,236,0,0,0,0,0,0,0,0,127,0,0,0,16,0,0,0,0,0,0,3,0,254,0,0,0,0,0,0
00263 features=667 size=15 p=5 tap=11 reset=false scheme=4 ops=0,3,2,2,3,0,0,0,3,0,1,1,0,3,0,0,3,0,0,2,3,2,0,0,0,0,0,0,0,0,0,0,3,0,3,2,0,2,3,0,0,2,2,3,2,2,3,2,3,3,0,3,3,2,2,2,2,0,2,3,0,0,3,0 ks=141,8,255,0,0,0,0,255,0,0,34,223,0,0,127,0,0,0,0,0,0,0,0,0,0,0,0,48,0,0,32,0,0,127,0,0,0,0,0,0,255,0,0,0,0,0,0,127,213,0,0,0,0,0,0,0,0,3,0,2,0,0,0,0
00264 features=605 size=10 p=5 tap=11 reset=false scheme=3 ops=0,3,2,2,3,0,0,0,3,0,1,1,0,3,0,0,3,0,0,2,3,2,0,0,0,0,0,0,0,0,0,0,3,0,3,2,2,2,3,0,0,2,2,3,3,2,3,2,0,3,0,3,3,2,2,2,2,0,2,3,0,0,3,1 ks=1,0,255,0,0,0,0,255,0,0,98,223,166,0,0,0,0,0,0,0,0,0,0,0,0,0,0,0,0,0,0,0,0,64,0,0,0,0,0,0,255,0,0,0,0,0,0,0,0,0,0,0,0,0,0,0,0,108,0,0,236,0,0,0
00265 features=758 size=5 p=5 tap=11 reset=true scheme=3 ops=0,3,2,2,3,0,0,0,3,0,2,2,2,3,0,0,3,0,0,2,3,3,0,2,2,0,2,2,0,2,3,3,3,0,3,2,2,2,3,0,0,2,2,3,2,2,3,2,2,3,0,3,3,2,2,2,2,0,2,3,0,0,3,0 ks=0,0,255,0,0,0,0,255,0,0,0,0,0,0,0,0,0,0,0,0,0,0,0,0,0,0,0,0,0,0,0,0,0,32,0,0,0,0,0,0,0,0,0,0,0,0,0,0,0,0,0,0,0,0,0,3,0,108,0,0,0,0,0,0
00266 features=803 size=5 p=5 tap=11 reset=true scheme=3 ops=0,3,2,2,3,0,0,0,3,0,2,2,2,3,0,0,3,0,0,2,3,2,0,2,2,3,2,2,0,2,3,3,3,0,3,2,2,2,3,2,0,2,2,3,2,2,3,2,2,3,0,3,3,2,2,2,2,0,2,3,0,0,3,0 ks=0,0,255,0,0,0,0,255,0,0,0,0,0,0,0,0,0,89,0,0,0,0,0,0,0,0,0,0,0,0,0,0,0,0,0,0,0,0,0,0,0,0,0,0,0,0,0,0,0,0,0,0,0,0,0,3,0,108,0,0,0,0,0,0
00267 features=849 size=8 p=5 tap=11 reset=true scheme=3 ops=0,3,2,2,3,0,0,0,3,0,2,2,2,3,0,0,3,0,0,2,3,2,0,2,2,3,2,2,0,2,3,3,3,0,3,2,2,2,3,0,0,2,2,0,2,2,3,2,2,3,0,3,3,2,2,2,2,0,2,3,0,0,3,3 ks=0,0,0,3,0,0,0,255,0,0,0,0,0,0,2,0,0,0,0,0,0,0,0,0,0,0,0,0,0,6,0,0,0,0,0,0,0,0,0,0,0,0,252,0,0,0,2,0,0,0,0,0,0,0,0,0,0,2,0,255,0,0,0,0
00268 features=623 size=21 p=5 tap=11 reset=true scheme=3 ops=1,3,3,1,3,3,3,1,3,1,1,3,3,3,1,3,3,1,1,1,3,1,1,3,1,3,1,3,3,3,1,1,1,1,1,1,0,1,1,0,0,1,1,1,1,3,3,0,1,3,1,3,3,3,3,3,1,1,1,3,3,1,3,1 ks=0,0,0,0,0,0,0,255,0,0,0,253,0,0,0,0,0,0,0,0,252,0,0,64,0,0,0,0,0,0,241,62,82,131,235,179,30,87,250,196,3,94,141,148,136,0,0,0,213,0,0,0,0,0,0,0,128,0,0,0,0,0,0,0
00269 features=716 size=8 p=5 tap=11 reset=false scheme=3 ops=0,3,2,2,3,0,0,0,3,0,2,1,2,3,0,0,3,0,0,2,3,2,0,2,0,0,2,2,2,2,0,2,0,0,0,1,2,2,3,0,0,2,2,3,2,2,3,2,2,3,0,3,3,2,2,2,2,0,2,3,0,0,3,0 ks=0,0,255,0,0,0,0,255,0,0,0,0,0,0,0,0,0,0,0,0,0,0,0,0,0,0,0,0,0,0,0,0,0,0,0,236,0,0,0,255,0,0,0,0,127,0,0,0,0,0,0,0,0,0,0,3,64,108,0,0,0,0,0,0
00270 features=803 size=9 p=10 tap=11 reset=true scheme=3 ops=0,3,2,2,3,0,0,0,3,0,1,1,3,3,3,3,3,0,0,2,3,2,0,2,2,3,2,2,0,2,3,3,3,1,1,2,2,2,0,0,0,2,2,3,2,2,1,2,2,3,0,3,3,2,2,2,2,0,2,3,0,0,3,0 ks=0,0,255,2,0,0,0,0,0,0,0,0,0,0,0,0,0,0,0,16,0,0,0,0,0,0,0,0,127,0,0,0,0,0,0,0,19,0,0,0,0,0,127,0,0,0,0,0,0,0,0,0,0,0,16,0,0,0,0,0,2,145,0,0
00271 features=479 size=5 p=5 tap=11 reset=false scheme=3 ops=0,3,3,3,3,0,0,0,3,0,3,3,3,3,0,0,3,0,0,0,3,0,0,3,0,3,0,0,0,0,3,3,3,0,3,3,2,0,3,0,0,0,0,3,2,0,3,0,3,3,0,3,3,0,3,3,3,0,0,3,0,0,3,0 ks=0,0,0,0,0,0,0,255,0,0,0,0,0,0,0,0,0,128,0,0,0,0,0,0,0,0,0,0,0,0,0,0,0,0,255,0,0,0,0,42,0,0,0,0,0,0,0,0,0,0,0,0,0,0,0,0,0,2,0,0,0,0,0,0
00272 features=642 size=7 p=5 tap=11 reset=false scheme=3 ops=0,3,2,2,3,0,0,0,3,0,2,2,2,3,0,0,3,0,0,1,3,2,0,2,2,3,2,2,0,2,3,3,0,0,3,2,2,2,3,0,0,2,2,3,2,2,3,2,2,3,0,3,3,2,2,3,3,0,2,3,0,0,3,0 ks=0,0,255,0,0,255,0,0,0,0,0,0,0,0,0,0,0,0,0,0,0,0,0,64,0,0,0,0,0,0,0,0,0,0,0,0,0,4,0,0,255,0,0,0,0,0,108,0,0,0,0,0,0,0,0,0,0,108,0,0,0,0,0,0
00273 features=733 size=7 p=5 tap=16 reset=false scheme=3 ops=0,3,3,2,3,0,0,0,3,0,2,2,2,3,0,0,3,0,0,2,3,3,0,2,2,3,2,2,0,2,3,3,3,0,3,2,2,2,3,0,0,2,2,3,2,2,3,2,2,3,0,3,3,2,2,2,3,0,2,2,0,0,3,0 ks=0,0,253,0,0,0,0,255,0,0,0,0,0,0,0,0,0,0,0,0,0,0,0,0,0,0,0,0,0,0,0,0,0,0,2,0,0,0,0,0,0,0,0,0,0,0,0,0,0,0,128,0,2,0,16,0,0,100,0,0,0,0,0,0
00274 features=735 size=2 p=5 tap=35 reset=true scheme=3 ops=0,3,2,2,3,0,0,0,3,0,1,1,0,3,0,0,3,2,0,2,3,2,0,0,0,0,0,0,0,0,0,0,3,0,3,2,2,2,3,0,0,2,2,3,3,2,3,2,2,3,0,3,3,2,2,2,2,0,2,3,0,0,3,0 ks=0,0,0,0,0,0,0,0,0,0,0,0,0,0,0,0,0,0,0,0,0,0,0,0,0,0,0,0,0,0,0,90,0,64,0,0,0,0,0,0,0,0,0,0,0,0,0,0,0,0,0,0,0,0,0,0,0,0,0,0,0,0,0,0
00275 features=772 size=9 p=5 tap=11 reset=true scheme=3 ops=0,3,3,0,3,0,3,3,3,0,0,0,0,3,0,0,3,0,0,3,3,3,0,0,3,3,3,0,3,3,3,3,3,0,3,0,0,0,3,0,0,0,0,3,3,0,3,0,3,3,0,3,3,3,3,0,3,0,3,3,0,0,3,0 ks=0,1,255,0,0,0,0,255,0,0,0,0,0,0,0,0,0,0,2,0,0,0,0,0,0,0,0,0,0,127,0,0,0,0,0,0,64,0,208,0,0,0,0,0,4,0,0,0,0,0,0,0,0,0,0,128,0,0,0,0,0,0,0,0
00276 features=524 size=4 p=1 tap=11 reset=false scheme=3 ops=2,3,2,2,3,2,2,2,3,2,2,2,2,3,2,3,3,2,2,2,3,2,2,2,2,3,2,2,2,2,3,3,3,3,3,2,2,2,2,2,2,2,2,3,2,2,3,2,2,3,3,3,3,2,2,2,2,2,2,2,2,3,3,2 ks=0,0,0,0,0,0,0,255,0,0,0,0,0,0,0,0,0,0,0,0,0,0,0,0,0,0,0,0,0,0,0,0,0,0,0,0,0,0,0,0,0,0,0,0,0,0,0,127,213,0,0,0,0,0,0,0,0,0,0,0,0,0,0,158
00277 features=634 size=7 p=5 tap=11 reset=true scheme=3 ops=1,3,3,3,3,0,0,0,3,0,3,3,3,1,0,1,3,1,1,2,3,2,0,3,1,3,2,2,0,2,3,3,3,1,1,2,2,2,3,0,2,2,2,0,1,1,1,1,2,3,0,1,1,2,2,1,1,0,1,2,1,0,1,0 ks=0,0,0,0,0,0,0,255,0,0,0,0,0,229,50,140,126,0,2,0,0,0,0,0,0,0,0,0,0,0,0,0,0,0,0,0,0,0,0,0,0,0,255,0,0,0,0,0,0,0,0,0,0,0,0,0,0,0,0,0,0,0,0,0
00278 features=887 size=16 p=1 tap=16 reset=true scheme=3 ops=1,3,2,2,3,0,0,0,3,0,2,2,2,3,0,0,3,0,0,2,3,2,0,2,2,3,2,2,0,2,3,3,3,0,3,2,2,2,3,0,0,2,2,1,1,1,3,2,2,3,0,3,3,2,2,2,2,0,2,3,0,0,3,0 ks=0,0,255,0,0,0,0,255,0,0,176,0,2,0,128,255,16,0,0,0,0,0,0,0,0,0,0,2,0,0,0,0,0,0,2,0,0,0,0,0,127,0,0,146,136,0,0,0,0,0,0,0,0,0,19,0,0,108,0,0,0,0,1,136
00279 features=840 size=5 p=5 tap=11 reset=true scheme=3 ops=0,3,2,2,3,0,0,0,3,0,2,2,2,3,0,0,3,0,0,2,3,2,0,2,2,3,2,2,0,2,3,2,3,0,3,2,2,2,3,0,0,2,2,3,2,2,3,2,2,3,0,3,3,2,2,2,2,0,2,3,0,0,3,0 ks=0,0,0,0,0,0,0,255,0,0,0,0,0,0,2,0,0,0,0,0,0,0,0,0,0,0,0,0,0,0,0,0,0,0,0,0,0,0,0,0,0,0,252,0,0,0,0,0,0,0,0,0,0,0,0,0,0,2,0,0,0,0,0,3
00280 features=635 size=11 p=5 tap=11 reset=false scheme=3 ops=0,3,2,2,3,0,0,0,3,0,2,2,2,3,0,0,3,0,0,2,3,2,0,2,2,3,2,2,0,2,3,3,1,0,3,2,2,2,3,0,0,2,2,3,2,2,3,2,2,3,0,3,3,2,2,3,2,0,2,3,1,0,3,0 ks=0,0,255,0,0,0,0,255,0,0,8,0,0,0,0,0,12,0,0,0,0,0,0,64,0,0,127,3,0,0,0,0,0,0,0,0,0,0,0,0,255,0,0,0,0,0,0,0,0,128,20,0,0,0,0,0,0,108,0,0,0,0,0,0
00281 features=795 size=7 p=5 tap=11 reset=true scheme=3 ops=0,3,2,2,3,0,0,0,3,0,2,2,2,3,0,0,3,0,0,2,3,2,0,2,2,3,2,2,0,2,3,3,3,0,3,2,2,2,3,0,0,2,2,3,2,2,3,2,2,3,0,3,3,2,2,2,2,0,2,3,0,0,3,0 ks=0,0,0,0,0,0,0,0,0,0,0,0,255,0,2,0,0,0,0,0,0,0,0,0,0,0,0,0,0,0,0,0,0,0,0,0,0,0,0,0,0,0,252,0,0,128,0,0,0,0,1,0,0,0,0,0,0,2,0,0,0,254,0,0
00282 features=679 size=12 p=5 tap=11 reset=false scheme=3 ops=0,3,2,2,3,0,0,0,3,0,2,2,2,3,0,0,3,0,0,2,3,2,0,2,2,3,2,2,0,2,3,3,0,0,3,2,2,2,3,0,0,2,2,3,2,2,3,2,2,3,0,3,3,2,2,3,2,0,2,3,0,0,3,0 ks=3,0,255,0,0,0,0,255,0,0,0,0,0,0,0,0,0,128,0,0,0,2,0,64,0,0,0,0,0,0,0,0,0,0,0,0,0,0,0,0,255,96,0,0,0,0,16,0,0,128,0,0,0,0,255,0,0,108,0,0,0,0,0,0
00283 features=809 size=8 p=5 tap=11 reset=true scheme=3 ops=0,3,2,2,3,0,3,0,3,0,2,2,2,3,0,0,3,0,0,2,3,2,0,2,2,3,2,2,0,2,3,3,3,0,3,2,2,2,0,0,0,2,2,3,2,2,3,2,2,3,0,3,3,2,2,2,2,0,2,3,0,0,3,0 ks=0,0,255,0,0,0,0,255,0,0,0,0,0,0,0,0,0,0,0,0,0,0,0,0,0,0,0,0,2,0,0,0,0,0,0,0,64,0,0,0,0,0,0,0,0,0,0,1,0,0,0,0,0,0,0,128,118,108,0,0,0,0,0,0
00284 features=773 size=9 p=5 tap=16 reset=false scheme=3 ops=0,3,3,2,3,0,0,0,3,0,2,2,2,3,0,0,3,0,0,2,3,3,0,2,2,3,2,2,0,2,3,3,3,0,3,2,2,2,3,0,0,2,2,3,2,2,3,2,2,3,0,3,3,0,2,2,3,0,2,2,0,0,3,0 ks=0,0,253,0,0,0,0,255,0,0,0,0,0,0,0,0,43,0,0,0,0,0,0,0,0,0,0,4,0,0,0,0,0,0,2,0,0,0,0,0,0,0,0,0,0,0,0,0,0,0,128,0,2,0,16,0,0,108,0,0,0,0,0,0
00285 features=726 size=11 p=5 tap=16 reset=false scheme=3 ops=0,3,3,2,3,3,0,0,3,0,2,2,2,3,0,0,3,0,0,2,3,2,0,2,2,3,0,2,0,2,3,3,3,0,3,2,2,2,3,0,0,2,1,3,2,2,3,2,2,3,0,3,3,2,2,2,2,0,2,3,0,0,3,0 ks=0,0,255,0,0,0,0,255,0,0,0,0,2,0,0,0,0,0,0,0,0,0,0,0,0,0,0,0,0,0,0,0,0,0,2,0,129,0,0,0,0,0,0,0,0,0,0,0,0,0,0,0,4,253,0,3,0,108,0,0,3,0,0,140
00286 features=741 size=4 p=5 tap=35 reset=true scheme=3 ops=0,3,2,2,3,0,0,0,3,0,1,1,0,3,0,0,3,2,0,2,3,2,0,0,0,0,0,0,0,0,0,0,3,0,3,2,2,2,3,0,0,2,2,3,3,2,3,2,2,3,0,3,3,2,2,2,2,0,1,2,1,0,1,0 ks=0,0,0,0,0,0,0,253,0,0,0,0,0,0,0,0,0,0,0,0,0,0,0,0,0,0,0,0,0,0,0,90,0,64,0,0,0,0,0,0,0,0,2,0,0,0,0,0,0,0,0,0,0,0,0,0,0,0,0,0,0,0,0,0
00287 features=652 size=9 p=5 tap=11 reset=false scheme=3 ops=0,3,2,2,3,0,0,0,3,0,2,2,2,3,0,0,3,0,0,2,3,2,0,2,2,3,2,2,0,2,3,3,3,0,3,2,2,2,3,0,0,2,2,3,2,2,3,2,2,3,0,3,3,2,2,2,2,0,2,3,0,0,3,0 ks=0,0,255,0,0,0,0,255,0,0,2,0,2,0,0,0,27,0,0,0,0,0,0,0,0,0,0,0,0,0,0,0,0,0,0,0,0,0,0,0,0,0,2,0,0,0,0,0,1,0,0,0,0,0,16,0,0,108,0,0,0,0,0,0
00288 features=790 size=6 p=5 tap=2 reset=true scheme=3 ops=0,3,2,2,3,0,0,3,3,0,1,2,2,3,0,0,3,0,0,2,3,2,0,2,2,3,2,2,0,2,3,3,3,0,3,2,2,2,3,0,0,2,2,3,2,2,3,2,2,3,0,3,3,2,2,2,2,0,2,3,0,0,3,0 ks=0,0,255,0,0,0,0,108,0,133,0,0,0,0,0,0,0,0,0,0,0,0,0,0,0,0,0,0,0,0,0,0,0,0,0,0,0,0,0,0,2,0,0,0,0,0,0,0,0,0,0,0,0,0,0,0,0,2,254,0,0,0,0,0
00289 features=796 size=10 p=5 tap=11 reset=true scheme=3 ops=0,3,2,1,3,0,0,0,3,0,1,2,2,3,0,0,3,0,0,2,3,2,0,2,2,3,2,2,0,2,3,3,3,0,3,2,2,2,3,0,0,2,2,3,2,2,3,2,2,3,0,3,3,2,2,2,2,0,2,3,0,0,3,0 ks=0,0,0,45,0,0,0,0,0,0,8,0,255,0,2,0,0,0,0,0,0,0,0,0,0,0,0,0,0,0,0,0,0,0,0,0,0,0,0,0,28,0,252,0,0,128,0,0,0,0,1,0,0,0,0,0,0,2,0,0,0,254,0,0
00290 features=737 size=9 p=5 tap=11 reset=false scheme=3 ops=0,3,2,2,3,0,0,0,3,0,2,2,2,3,0,0,3,0,0,2,3,2,0,2,0,0,2,2,0,0,3,2,0,0,0,1,2,2,3,0,0,2,2,3,2,2,3,2,2,3,0,3,3,2,2,2,2,0,2,3,0,0,3,0 ks=0,0,255,0,0,0,0,255,0,0,254,42,0,0,0,0,0,0,0,0,0,0,0,0,0,0,0,0,0,0,0,0,0,0,0,236,0,0,0,0,0,0,0,0,127,0,0,0,16,0,0,0,0,0,0,3,0,254,0,0,0,0,0,0
00291 features=586 size=9 p=5 tap=11 reset=false scheme=3 ops=0,3,2,2,3,0,0,0,3,0,1,1,0,3,0,0,3,0,0,2,3,2,0,0,0,0,0,2,0,0,0,0,3,0,3,2,2,2,3,0,0,2,2,3,3,2,3,2,2,3,0,3,3,0,2,2,2,0,2,3,1,3,3,0 ks=1,0,255,0,0,0,0,3,0,0,34,223,166,109,0,0,0,0,0,0,0,0,0,0,0,0,0,0,0,0,0,0,0,0,0,0,0,0,0,0,255,0,0,0,0,0,0,0,0,0,0,0,0,0,0,0,0,108,0,0,0,0,0,0
00292 features=660 size=16 p=5 tap=11 reset=false scheme=3 ops=2,3,2,2,3,2,2,2,3,2,2,2,2,3,2,3,3,2,2,2,3,2,0,2,2,3,2,2,0,3,3,1,1,1,1,1,0,1,1,0,3,1,1,3,2,2,3,2,2,3,3,3,3,2,2,2,2,2,2,2,2,3,3,2 ks=0,0,0,0,0,0,0,255,0,0,0,0,0,0,0,0,0,0,0,0,0,0,0,0,0,1,0,0,0,0,0,62,82,131,235,179,30,87,250,196,3,94,141,0,0,0,0,127,213,0,0,0,0,0,0,0,0,0,0,0,0,0,0,0
00293 features=776 size=19 p=5 tap=11 reset=true scheme=3 ops=0,3,3,3,3,0,0,0,3,0,3,3,3,1,0,1,3,1,1,2,3,2,0,2,3,3,3,0,0,0,3,3,3,0,3,2,2,2,3,0,0,2,2,3,2,2,3,0,2,3,0,3,3,0,3,3,3,0,0,3,0,0,3,0 ks=1,0,0,0,0,0,0,255,0,0,0,0,0,229,50,140,126,149,2,195,181,0,31,240,53,0,0,0,0,0,0,0,0,0,0,0,0,0,0,0,32,99,0,0,0,0,0,0,213,8,0,0,0,0,252,0,0,2,0,0,0,0,0,0
00294 features=684 size=12 p=5 tap=11 reset=false scheme=3 ops=0,3,2,2,3,0,0,0,3,0,2,2,2,3,0,0,3,0,0,2,3,2,0,2,2,3,2,2,0,2,3,3,0,0,3,2,2,2,3,0,0,2,2,3,2,2,3,2,0,3,0,3,3,2,2,3,2,0,2,3,0,0,3,0 ks=3,0,255,0,0,0,0,255,0,0,0,0,0,0,0,0,0,128,0,0,0,2,0,64,0,0,0,0,0,0,0,0,0,0,0,0,0,0,0,0,255,96,0,0,0,0,16,0,0,128,0,0,0,0,255,0,0,108,0,0,0,0,0,0
00295 features=723 size=11 p=5 tap=16 reset=false scheme=3 ops=0,3,3,2,3,0,0,0,3,0,2,2,2,3,0,0,3,0,0,2,3,2,0,2,2,3,2,2,0,2,3,3,3,0,3,2,2,2,3,0,0,2,2,3,2,2,3,2,2,3,3,3,3,2,2,2,3,0,2,3,0,0,3,0 ks=0,0,255,0,0,0,0,255,0,255,0,0,2,0,0,0,0,32,0,0,0,0,0,0,0,0,2,0,0,0,0,0,0,0,2,0,0,0,0,0,0,0,0,0,0,0,0,0,0,0,0,0,2,0,16,0,0,108,0,0,0,0,0,140
00296 features=766 size=7 p=5 tap=11 reset=true scheme=3 ops=0,3,2,2,3,0,0,0,3,0,2,2,2,3,0,0,3,0,0,2,3,2,0,2,2,3,2,2,0,2,3,3,3,0,3,2,2,2,3,0,0,2,2,3,2,2,3,2,2,3,0,3,3,2,2,2,2,0,2,3,0,0,3,0 ks=0,0,0,0,0,0,0,0,0,0,0,0,255,0,2,0,0,0,0,0,0,0,0,0,0,0,0,0,0,0,0,0,0,0,0,0,0,0,0,0,0,0,252,0,0,0,0,0,0,0,1,0,0,0,0,0,1,2,0,0,0,254,0,0
00297 features=573 size=11 p=5 tap=11 reset=false scheme=2 ops=0,3,3,2,3,0,0,0,3,0,1,1,0,3,0,0,3,0,0,2,3,2,0,0,0,0,0,2,0,2,3,0,3,0,3,2,2,2,3,0,0,2,2,3,3,2,3,2,0,3,0,3,3,2,2,3,2,0,2,3,1,0,3,1 ks=1,0,255,0,0,0,0,255,0,0,98,223,166,0,0,0,0,0,0,0,0,0,0,0,0,0,0,0,0,0,0,0,0,64,0,0,0,0,0,0,255,209,252,0,0,0,0,0,0,0,0,0,0,0,0,0,0,108,0,0,0,0,0,0
00298 features=772 size=11 p=5 tap=11 reset=true scheme=3 ops=0,3,2,2,3,0,0,0,3,0,1,1,0,3,0,0,3,0,0,2,3,2,0,0,0,0,0,0,0,0,0,0,3,0,3,2,2,2,3,0,0,2,2,3,2,2,3,2,2,3,0,3,3,2,2,2,2,0,2,3,0,0,3,0 ks=0,0,255,0,0,0,0,255,0,0,34,223,166,0,0,0,0,0,0,0,0,0,0,0,0,0,0,0,0,32,1,0,0,0,0,0,0,254,0,0,255,0,0,0,0,0,0,0,0,0,0,0,0,0,0,128,0,108,0,0,0,0,0,0
00299 features=777 size=11 p=5 tap=11 reset=true scheme=3 ops=0,3,2,1,3,0,0,0,3,0,1,2,2,3,0,0,3,0,0,2,3,2,0,2,2,3,2,2,0,2,3,3,3,0,3,2,2,2,3,0,0,2,2,3,2,2,3,2,2,3,0,3,3,2,2,2,2,0,2,3,0,0,3,0 ks=0,0,0,45,0,0,0,46,0,0,8,0,255,0,2,0,0,0,0,0,0,0,0,0,0,0,0,0,0,0,0,0,0,0,0,0,0,0,0,0,28,0,252,0,0,128,0,0,0,0,1,0,0,0,0,0,0,2,0,0,0,254,0,0
00300 features=782 size=6 p=5 tap=11 reset=true scheme=3 ops=0,3,2,2,3,0,0,0,3,0,2,2,2,3,0,0,3,0,0,2,3,2,0,2,2,3,2,2,0,2,3,3,3,0,3,2,2,2,3,0,0,2,2,3,2,2,3,2,2,3,0,3,3,2,2,2,2,0,2,3,0,0,3,0 ks=0,0,0,0,0,0,0,255,0,0,0,0,0,0,2,0,0,0,0,0,0,0,0,0,0,0,0,0,0,32,0,0,0,0,0,0,0,0,0,0,0,0,252,0,0,0,0,0,0,0,0,0,0,0,0,0,0,2,0,0,0,254,0,0
00301 features=653 size=7 p=5 tap=11 reset=false scheme=3 ops=0,3,2,2,3,0,0,0,3,0,2,2,2,3,0,0,3,0,0,2,3,2,0,2,2,3,2,2,0,2,3,3,0,0,3,2,2,2,3,0,0,2,2,3,2,2,3,2,2,3,0,3,3,2,2,3,2,0,2,3,0,0,3,0 ks=0,0,255,0,0,0,0,255,0,0,0,0,0,0,0,0,0,0,0,0,0,0,0,64,0,0,1,0,0,0,0,0,0,0,0,0,0,0,0,0,255,0,0,0,0,0,0,0,0,128,0,0,0,0,0,0,0,108,0,0,0,0,0,0
00302 features=588 size=12 p=5 tap=11 reset=false scheme=2 ops=0,3,3,2,3,0,3,0,3,0,1,1,0,3,0,0,3,0,0,2,3,2,0,0,0,0,0,2,0,2,3,0,3,0,3,2,2,2,3,0,0,2,2,3,3,2,3,2,0,3,0,3,3,2,2,3,2,0,2,3,1,0,3,1 ks=1,0,255,0,0,0,0,255,0,0,98,223,166,0,0,0,0,0,0,0,0,0,0,0,0,0,0,0,0,0,0,0,0,64,0,0,0,0,0,0,255,209,252,0,0,0,0,0,0,0,0,0,0,0,0,0,0,108,0,32,0,0,0,0
00303 features=911 size=24 p=5 tap=35 reset=true scheme=3 ops=0,3,2,2,3,0,0,0,3,0,2,2,2,3,0,0,3,0,0,2,3,2,0,2,2,3,2,2,0,2,3,3,3,0,3,2,2,2,3,0,0,2,2,3,0,1,1,1,2,3,0,3,1,2,2,2,2,0,2,3,0,0,3,0 ks=0,0,255,0,0,0,0,255,0,255,0,0,2,0,0,0,0,0,0,23,0,0,0,0,0,0,0,0,0,0,0,0,0,0,2,0,0,87,250,196,38,94,141,148,0,77,7,96,166,252,143,144,177,0,16,0,0,108,0,0,0,0,0,140
00304 features=789 size=6 p=5 tap=11 reset=true scheme=3 ops=0,3,2,2,3,0,0,0,3,0,2,2,3,3,0,0,3,0,0,2,3,2,0,2,2,3,2,2,0,2,3,3,3,0,3,2,2,2,3,0,0,2,2,3,2,2,3,2,2,3,0,3,3,2,2,2,2,0,2,3,0,0,3,0 ks=0,0,255,0,0,0,0,255,0,0,0,0,0,0,0,0,0,0,0,0,0,0,0,0,0,0,0,0,0,0,0,0,0,0,0,0,0,0,0,0,0,0,0,0,0,0,0,0,0,0,141,0,0,0,0,3,0,108,1,0,0,0,0,0
00305 features=768 size=12 p=5 tap=11 reset=true scheme=3 ops=0,3,0,0,3,0,0,0,3,0,0,3,0,3,0,0,3,0,0,3,3,3,1,3,0,3,0,0,0,3,3,3,3,0,3,0,3,3,3,0,0,3,0,3,3,0,3,0,3,3,0,3,3,0,0,3,3,0,3,3,0,0,3,0 ks=0,0,255,0,64,0,0,255,0,0,0,0,0,0,0,0,209,0,0,128,0,0,8,0,0,0,0,0,0,0,0,0,0,128,0,0,0,0,255,0,5,0,0,0,0,0,0,0,0,0,52,0,0,0,0,128,0,108,0,0,0,0,0,0
00306 features=831 size=13 p=5 tap=11 reset=true scheme=3 ops=0,3,2,2,3,0,0,0,3,0,1,1,0,3,0,0,3,0,0,2,3,2,0,0,0,0,0,0,0,0,0,0,3,0,3,2,3,2,3,0,0,2,2,3,3,2,3,2,2,3,0,3,3,2,2,2,2,0,2,3,0,0,3,0 ks=1,0,255,0,0,0,0,255,0,0,98,223,166,0,0,61,0,0,0,0,0,0,0,0,0,0,64,0,0,0,0,0,0,64,0,0,0,0,0,0,255,0,0,0,134,0,0,0,0,127,0,0,0,0,0,0,0,108,0,0,0,0,0,0
00307 features=783 size=11 p=5 tap=11 reset=true scheme=3 ops=0,3,2,2,3,0,0,0,3,0,1,1,0,3,0,0,3,0,0,2,3,2,0,0,0,0,0,0,0,0,0,0,3,0,3,2,2,2,3,0,0,2,2,3,3,2,3,2,0,3,0,3,3,2,2,2,2,0,2,3,0,0,3,1 ks=1,0,255,0,0,0,0,255,0,0,98,223,166,0,0,0,0,0,0,0,0,0,0,0,0,0,0,0,0,0,0,0,0,64,0,0,0,0,2,0,255,0,0,0,0,0,0,0,0,0,0,0,0,0,0,0,0,108,0,0,236,0,0,0
00308 features=475 size=9 p=5 tap=11 reset=false scheme=3 ops=0,3,3,3,3,0,0,0,3,0,1,1,0,3,0,0,3,0,0,0,3,0,0,3,0,3,0,0,0,0,3,3,3,0,3,3,2,0,3,3,0,0,0,3,2,0,3,0,3,3,0,3,3,0,3,3,3,0,0,3,0,0,3,0 ks=0,0,0,0,0,0,0,255,0,0,34,223,166,0,0,0,0,0,0,0,0,0,0,0,0,0,22,0,0,0,0,0,0,0,253,0,0,0,0,42,0,0,0,0,0,0,0,0,0,0,0,0,0,0,0,0,0,2,0,0,0,0,2,0
00309 features=415 size=4 p=5 tap=11 reset=true scheme=3 ops=1,3,3,1,3,3,3,1,3,1,1,3,3,3,1,3,3,1,1,1,3,1,1,3,1,3,1,3,3,3,3,3,3,3,3,3,1,3,3,1,3,3,1,3,1,3,3,3,1,3,1,3,3,3,3,3,1,1,1,3,3,1,3,1 ks=0,0,0,0,0,0,0,255,0,0,0,0,0,0,0,0,0,0,0,0,253,0,0,64,0,0,0,0,0,0,0,0,0,0,0,0,0,0,0,0,0,0,0,0,0,0,0,0,213,0,0,0,0,0,0,0,0,0,0,0,0,0,0,0
00310 features=743 size=9 p=5 tap=11 reset=false scheme=3 ops=0,3,2,2,3,0,0,0,3,0,2,2,2,3,0,0,3,0,0,2,3,2,0,2,0,0,2,2,0,0,3,2,0,0,0,1,2,2,3,0,0,2,2,3,2,2,3,2,2,3,0,3,3,1,2,2,2,0,2,3,0,0,3,0 ks=0,0,255,0,0,0,0,255,0,0,254,42,0,0,0,0,0,0,0,0,0,0,0,0,0,0,0,0,0,0,0,0,0,0,0,236,0,0,0,0,0,0,0,0,127,0,0,0,16,0,0,0,0,0,0,3,0,254,0,0,0,0,0,0
00311 features=462 size=9 p=5 tap=11 reset=false scheme=3 ops=0,3,3,3,3,0,0,0,3,0,1,1,0,3,0,0,3,0,0,0,3,0,0,3,0,3,0,0,0,0,3,1,3,0,3,3,2,0,3,3,0,0,0,3,2,0,3,0,3,3,0,3,3,0,3,3,3,0,0,3,0,0,3,0 ks=0,0,0,0,0,0,0,255,0,0,34,223,166,0,0,1,0,0,0,0,0,0,0,0,0,0,0,0,0,0,0,0,0,0,253,0,0,0,0,42,0,0,0,0,0,0,0,0,0,0,0,0,0,0,0,0,0,2,0,0,0,0,2,0
00312 features=782 size=5 p=5 tap=2 reset=true scheme=3 ops=0,3,2,2,3,0,0,0,3,0,2,2,2,3,0,0,3,0,0,2,3,2,0,2,2,3,2,2,0,2,3,3,3,0,3,2,2,2,3,2,0,2,2,3,2,2,3,2,2,3,0,3,3,2,2,2,2,1,2,3,0,0,3,0 ks=0,0,255,0,0,0,0,255,0,0,0,0,0,0,0,0,0,89,0,0,0,0,0,0,0,0,0,0,0,0,0,0,0,0,0,0,0,0,0,0,0,0,0,0,0,0,0,0,0,0,0,0,0,0,0,3,0,108,0,0,0,0,0,0
00313 features=778 size=6 p=5 tap=11 reset=true scheme=3 ops=0,3,2,2,3,0,0,0,3,0,2,3,2,3,0,0,3,0,0,2,3,2,0,2,2,3,2,2,0,2,3,3,3,0,3,2,2,2,3,0,0,2,2,3,2,2,3,2,3,3,0,3,3,2,2,2,2,0,2,3,0,0,3,0 ks=0,0,255,0,0,0,0,255,0,0,0,0,0,0,0,0,0,254,0,0,0,0,0,0,0,0,0,0,0,0,0,0,0,0,0,0,0,0,0,0,0,0,0,0,0,127,0,0,0,0,0,0,0,0,0,3,0,108,0,0,0,0,0,0
00314 features=328 size=5 p=1 tap=11 reset=false scheme=3 ops=1,3,0,3,3,0,1,1,3,1,3,0,3,3,0,3,3,3,1,1,3,3,1,3,0,3,3,0,0,0,3,3,3,3,3,0,3,3,3,1,0,0,1,3,1,3,3,1,0,3,3,3,3,3,1,0,1,0,1,3,0,3,3,1 ks=0,0,0,0,0,0,0,255,0,0,0,0,0,0,0,0,0,0,0,0,0,0,0,0,0,0,0,0,0,0,0,0,0,0,0,0,0,0,0,0,0,1,0,0,0,0,0,127,213,0,0,0,0,0,0,0,0,0,0,0,0,0,0,158
00315 features=800 size=7 p=5 tap=11 reset=true scheme=3 ops=0,3,2,2,3,0,0,0,3,0,1,1,0,3,0,0,3,0,0,2,3,2,0,0,0,0,0,0,0,0,0,0,0,0,3,2,2,2,3,0,0,2,2,3,3,2,3,1,2,3,0,3,3,2,2,2,2,0,2,3,0,0,3,0 ks=1,0,255,0,0,0,0,0,0,0,98,0,0,0,0,0,0,0,0,0,0,0,0,0,0,0,0,0,0,0,0,0,0,64,0,0,0,0,0,0,255,0,0,0,0,0,0,0,0,0,0,0,0,0,0,0,0,108,1,0,0,0,0,0
00316 features=661 size=9 p=5 tap=11 reset=false scheme=3 ops=0,3,2,2,3,0,0,0,3,0,2,2,2,3,0,0,3,0,0,2,3,2,0,2,2,3,2,2,0,2,3,3,0,0,3,2,2,2,3,0,0,2,2,3,2,2,3,2,2,3,0,3,3,2,2,3,2,0,2,3,0,0,3,0 ks=0,0,255,0,0,0,0,255,0,0,0,0,0,0,0,0,0,0,0,0,0,0,0,64,16,0,1,0,0,0,0,0,0,0,0,0,0,0,0,0,255,0,0,0,0,0,0,0,0,128,0,0,0,0,16,0,0,108,0,0,0,0,0,0
00317 features=651 size=9 p=5 tap=11 reset=false scheme=3 ops=0,3,2,2,3,0,0,0,3,0,2,2,2,3,0,0,3,0,0,2,3,2,0,2,2,3,2,2,0,2,3,3,0,0,3,2,2,2,3,0,0,2,2,3,2,2,3,2,2,3,0,3,3,2,2,3,3,0,2,3,0,0,3,0 ks=0,0,255,0,0,0,0,0,0,0,0,2,0,0,0,0,0,0,0,0,0,0,255,64,0,0,0,0,0,0,0,0,0,0,0,0,0,4,0,0,255,0,0,0,0,0,108,0,0,1,0,0,0,0,0,0,0,108,0,0,0,0,0,0
00318 features=929 size=24 p=5 tap=35 reset=true scheme=3 ops=0,3,2,2,3,0,0,0,3,0,2,2,2,3,0,0,3,0,0,2,3,2,0,2,2,3,2,2,0,2,3,3,3,0,3,2,2,2,3,0,0,2,2,3,0,1,1,1,2,3,0,3,1,2,2,2,2,0,2,3,0,0,3,0 ks=0,0,255,0,0,0,0,255,0,255,0,0,2,0,0,0,0,0,0,23,8,0,0,0,0,0,0,0,0,0,0,0,0,0,2,0,0,87,250,196,3,94,141,148,0,77,7,96,166,252,143,144,177,0,16,0,0,108,0,0,0,0,0,0
00319 features=758 size=6 p=5 tap=11 reset=true scheme=3 ops=0,3,2,2,3,0,0,0,3,0,2,2,2,3,0,0,3,0,0,2,3,2,0,2,2,3,2,2,0,2,3,3,3,0,3,2,2,2,3,0,0,2,2,3,2,2,3,2,2,3,0,3,3,2,2,2,2,0,2,3,0,0,3,0 ks=0,0,255,0,0,0,0,255,0,0,0,0,2,0,0,0,0,0,0,0,0,0,255,0,0,0,0,0,0,0,0,0,0,0,0,0,0,0,0,0,0,0,0,0,0,0,0,0,0,0,0,0,0,0,16,0,0,108,0,0,0,0,0,0
00320 features=648 size=3 p=5 tap=2 reset=true scheme=3 ops=0,3,2,2,3,0,0,0,3,0,2,2,2,3,0,0,3,0,0,2,3,2,0,2,3,3,2,2,0,2,3,3,3,0,3,2,2,2,3,2,0,2,2,3,2,2,3,2,2,3,0,3,3,2,2,2,2,0,2,3,0,0,3,3 ks=0,0,255,0,0,0,0,0,0,0,0,0,0,0,0,0,0,0,0,0,0,0,0,0,0,0,0,0,0,0,0,0,0,4,0,0,0,0,0,0,0,0,0,0,0,0,0,0,0,0,0,0,0,0,0,0,0,108,0,0,0,0,0,0
00321 features=789 size=11 p=5 tap=11 reset=true scheme=3 ops=0,3,2,2,3,0,0,0,3,0,2,2,2,3,0,0,3,0,0,3,3,0,0,3,3,3,2,2,0,2,3,3,3,0,1,2,2,2,3,0,0,2,2,3,2,2,3,2,2,3,0,3,3,2,2,2,2,0,2,3,0,0,3,0 ks=0,0,255,0,0,0,0,255,0,0,0,0,128,0,0,127,0,0,0,0,0,0,0,0,0,0,0,0,0,0,0,0,0,0,235,179,30,87,250,0,0,0,0,0,4,0,0,0,0,0,0,0,0,0,0,0,0,2,0,0,0,0,0,0
00322 features=647 size=8 p=5 tap=11 reset=false scheme=3 ops=0,3,2,2,3,0,0,0,3,0,2,2,2,3,0,0,3,0,0,2,3,2,0,2,2,3,2,2,0,2,3,3,3,0,3,2,2,2,3,0,0,2,2,3,2,2,3,2,2,3,0,3,3,2,2,2,2,0,2,3,0,0,3,0 ks=77,0,255,0,0,0,0,255,0,0,2,0,2,0,0,0,0,0,0,0,0,0,0,0,0,0,0,0,0,0,0,0,0,0,0,0,0,0,0,0,0,0,2,0,0,0,0,0,0,0,0,0,0,0,16,0,0,108,0,0,0,0,0,0
00323 features=834 size=10 p=5 tap=11 reset=true scheme=3 ops=0,3,2,2,3,0,0,0,3,0,2,2,2,3,0,0,3,0,0,2,3,2,0,2,2,3,2,2,0,2,3,3,3,0,3,2,2,2,3,0,0,2,2,3,3,2,3,2,2,3,0,3,3,2,2,2,3,0,1,3,0,0,3,0 ks=0,0,0,2,0,0,0,255,0,0,8,0,0,2,0,0,0,0,166,0,0,0,0,0,0,0,0,0,0,0,0,0,0,0,0,0,0,0,0,0,2,0,0,0,254,0,0,0,0,0,13,0,0,0,0,138,0,2,0,0,0,0,0,0
00324 features=754 size=11 p=5 tap=11 reset=true scheme=3 ops=0,3,2,2,3,0,0,0,3,0,1,1,0,3,0,0,3,0,0,2,3,2,0,0,0,0,0,0,1,0,0,0,3,0,3,2,2,2,3,0,0,2,2,3,3,2,3,2,2,3,0,3,3,2,2,2,2,0,2,3,3,1,3,1 ks=1,0,255,0,0,0,0,255,0,0,193,223,166,0,0,0,0,0,0,114,0,0,0,0,0,0,0,0,0,0,0,2,0,64,0,0,0,0,0,0,255,0,0,0,0,0,0,0,0,0,0,0,0,0,0,0,0,108,0,0,0,0,0,0
00325 features=664 size=12 p=5 tap=11 reset=false scheme=3 ops=0,3,2,2,3,0,0,0,3,0,3,1,0,3,0,0,3,0,0,2,3,2,0,0,0,0,0,0,0,1,0,0,3,0,3,2,2,2,3,0,0,2,2,3,2,2,3,2,2,3,0,3,3,2,2,2,2,0,2,3,0,0,3,0 ks=0,0,255,0,0,0,0,255,0,0,34,223,0,0,0,0,0,0,0,128,0,0,0,0,0,0,1,0,0,0,0,0,0,127,0,0,0,0,0,0,255,0,0,0,0,124,0,0,0,128,0,0,0,1,0,0,0,2,0,0,0,0,0,0
00326 features=893 size=18 p=5 tap=35 reset=true scheme=3 ops=0,3,2,2,3,0,0,0,3,0,2,2,2,3,0,0,3,0,0,2,3,2,0,2,2,3,2,2,0,2,3,3,3,0,3,2,2,2,3,0,0,2,2,3,0,1,1,1,2,3,0,3,1,2,2,2,2,0,2,3,0,0,0,0 ks=0,0,255,0,0,0,0,255,0,255,0,0,2,0,0,0,0,0,0,23,0,255,0,0,0,0,0,0,0,0,0,0,0,0,2,0,0,87,250,196,3,94,141,148,0,77,0,96,0,252,143,0,0,0,0,0,0,0,0,0,0,0,0,0
00327 features=659 size=7 p=5 tap=11 reset=false scheme=3 ops=0,3,2,2,3,0,0,0,3,0,2,2,2,3,0,0,3,0,0,2,3,2,0,2,2,3,2,2,0,2,3,3,0,0,3,2,2,2,3,0,0,2,2,3,2,2,3,2,2,3,0,3,3,2,2,3,2,0,2,3,0,0,3,0 ks=0,0,255,0,0,0,0,255,0,0,0,0,0,0,0,0,0,0,0,0,0,0,0,64,0,0,0,0,0,252,0,0,0,0,0,0,0,0,0,0,255,0,0,0,0,0,0,0,0,128,0,0,0,0,0,0,0,108,0,0,0,0,0,0
00328 features=900 size=22 p=5 tap=35 reset=true scheme=3 ops=0,3,2,2,3,0,0,0,3,0,2,2,2,3,0,0,3,0,0,2,3,2,0,2,2,3,2,2,0,2,3,3,3,0,3,2,2,2,3,0,0,2,2,3,0,1,1,1,2,3,0,3,1,2,2,2,2,0,2,3,0,0,3,0 ks=0,0,255,0,0,0,0,255,0,0,0,0,2,0,0,0,0,0,0,23,8,0,0,0,0,0,0,0,0,0,0,0,0,0,2,0,0,87,250,196,3,94,141,0,0,77,7,96,166,252,143,144,177,0,16,0,0,108,0,0,0,0,0,0
00329 features=763 size=5 p=5 tap=11 reset=true scheme=3 ops=0,3,2,2,3,0,0,0,3,0,2,2,2,3,0,0,3,0,0,2,3,2,0,2,2,3,2,2,0,2,3,3,3,0,3,2,2,2,3,0,0,2,2,3,2,2,3,2,2,3,0,3,3,2,2,2,2,0,2,3,0,0,3,0 ks=0,0,255,0,0,0,0,255,0,0,0,0,0,0,0,0,0,0,0,0,0,0,0,0,0,0,0,2,0,0,0,0,0,0,0,0,0,0,0,0,0,0,0,0,0,0,0,0,0,0,0,0,0,0,0,0,0,108,0,0,2,0,0,0
00330 features=812 size=8 p=5 tap=11 reset=true scheme=3 ops=0,3,2,2,3,0,0,0,3,0,2,2,2,3,0,0,3,0,1,2,3,2,0,2,2,3,2,2,0,2,3,3,3,0,3,2,2,2,3,0,0,2,2,3,2,2,3,2,2,3,0,3,3,2,2,2,2,0,2,3,0,0,3,0 ks=0,0,255,255,0,0,0,255,0,0,0,0,2,0,0,0,0,0,0,0,8,0,0,0,0,0,0,0,0,0,0,0,0,0,0,0,0,0,0,0,0,0,0,0,0,0,246,0,0,0,0,0,0,0,16,0,0,108,0,0,0,0,0,0
00331 features=800 size=12 p=5 tap=11 reset=true scheme=3 ops=0,3,2,2,3,0,0,3,3,0,1,1,0,1,0,0,3,0,0,3,3,2,0,2,2,3,2,1,0,2,3,3,3,0,3,2,2,2,3,0,0,2,2,1,2,2,3,2,2,3,3,3,3,2,2,2,2,0,2,3,0,0,3,0 ks=0,0,255,0,0,0,0,108,0,133,25,0,0,176,0,35,0,0,0,254,0,0,0,0,0,0,3,0,238,0,0,0,0,0,0,0,0,0,0,0,2,0,0,0,0,236,0,0,0,0,0,0,0,0,0,0,0,108,0,0,0,0,0,0
00332 features=591 size=9 p=5 tap=11 reset=false scheme=3 ops=0,3,2,2,3,0,1,0,3,0,2,2,2,3,0,0,3,0,0,2,3,2,0,2,2,3,2,2,0,2,3,3,3,0,3,2,2,2,3,0,0,2,2,3,2,2,3,2,2,3,0,3,3,2,2,3,3,0,2,2,0,0,3,0 ks=0,0,255,0,0,0,0,0,0,0,0,2,0,0,0,0,0,0,0,0,0,0,255,64,0,0,0,0,0,0,0,0,0,0,0,0,0,4,0,0,255,0,0,0,0,0,108,0,0,1,0,0,0,0,0,0,0,108,0,0,0,0,0,0
00333 features=772 size=12 p=5 tap=11 reset=true scheme=3 ops=0,3,2,2,3,0,0,0,3,0,2,2,2,3,0,0,3,0,0,3,3,0,0,3,3,3,2,2,0,2,3,3,3,0,1,2,2,2,3,0,0,2,2,3,2,2,3,2,2,3,0,3,3,2,2,2,2,0,2,3,0,0,3,0 ks=0,0,255,0,0,0,0,255,0,0,0,0,128,0,0,127,0,0,0,0,0,0,0,252,0,0,0,0,0,0,0,0,0,0,235,179,30,87,250,0,0,0,0,0,4,0,0,0,0,0,0,0,0,0,0,0,0,2,0,0,0,0,0,0
00334 features=675 size=8 p=5 tap=11 reset=false scheme=3 ops=2,3,2,2,3,2,2,2,3,2,2,2,2,3,2,3,3,2,2,2,3,2,2,2,2,3,2,2,0,2,3,3,1,2,2,2,2,2,3,2,2,2,1,3,2,2,3,2,2,3,3,3,3,2,2,2,2,0,2,2,0,3,3,2 ks=0,0,0,0,0,0,0,255,0,0,0,0,0,0,0,0,0,0,0,0,0,0,0,0,0,0,0,0,0,0,0,1,0,0,255,16,0,105,2,0,0,0,0,252,0,0,0,0,213,0,0,0,0,0,0,0,0,0,0,0,0,0,0,0
00335 features=846 size=11 p=1 tap=16 reset=true scheme=3 ops=1,3,2,2,3,0,0,0,3,0,2,2,2,3,0,0,3,0,0,2,3,2,0,2,2,3,2,2,0,2,3,3,3,0,3,2,2,2,3,0,0,2,2,1,1,1,3,2,2,3,0,3,3,2,2,2,2,0,2,3,0,0,3,3 ks=0,0,255,0,0,0,0,255,0,254,176,0,2,0,0,255,16,0,0,0,0,0,0,0,0,0,0,0,0,0,0,0,0,0,0,0,0,0,0,0,0,0,0,0,0,0,0,0,0,224,0,0,0,0,0,0,0,108,0,0,0,0,1,136
00336 features=602 size=11 p=5 tap=11 reset=false scheme=3 ops=0,3,2,2,3,0,0,0,3,0,1,1,0,3,0,0,3,0,0,2,3,2,0,0,0,0,0,0,0,0,0,0,3,0,3,2,2,2,3,0,0,2,2,3,3,2,3,2,0,3,0,3,3,2,2,2,2,0,2,3,0,0,3,1 ks=1,0,255,171,0,0,0,255,0,0,98,223,166,0,0,0,0,0,0,0,0,0,0,0,0,0,0,0,0,0,0,0,0,64,0,0,0,0,0,0,255,0,0,0,0,0,0,0,0,0,0,0,0,0,0,0,0,108,0,0,236,0,0,0
00337 features=696 size=11 p=5 tap=11 reset=true scheme=3 ops=0,3,2,1,3,0,0,0,3,0,2,2,2,3,0,1,3,0,0,2,3,2,0,0,1,3,0,0,0,0,3,3,3,1,1,2,2,2,3,0,0,2,2,3,2,2,2,2,2,1,0,3,3,2,2,2,2,0,2,3,0,0,3,3 ks=0,0,255,4,0,0,0,255,0,0,0,0,0,0,0,0,0,0,0,0,0,0,2,0,0,0,0,0,0,0,0,0,0,0,0,0,0,0,0,0,255,0,0,0,0,0,0,0,0,0,72,0,64,2,0,128,0,108,0,0,0,0,2,0
00338 features=814 size=10 p=5 tap=11 reset=true scheme=3 ops=0,3,2,2,3,0,0,0,3,0,2,2,2,3,0,0,3,0,0,2,3,2,0,2,2,3,2,2,0,2,3,3,3,0,3,2,2,2,3,0,0,2,2,3,2,2,3,2,2,3,0,3,3,2,2,2,2,0,2,3,0,0,3,0 ks=0,0,255,0,0,0,0,255,0,0,0,0,2,0,0,0,0,0,0,0,0,0,0,0,0,4,0,0,128,0,0,0,0,0,0,0,0,0,0,0,0,0,2,0,0,0,0,0,0,0,0,0,0,0,16,1,253,108,0,0,0,0,0,0
00339 features=614 size=11 p=5 tap=11 reset=false scheme=3 ops=0,3,2,2,3,0,0,0,3,0,2,2,2,3,0,0,3,0,0,2,3,2,0,2,2,3,2,2,0,2,1,3,1,0,3,2,2,2,3,0,0,2,2,3,2,2,3,2,2,3,0,3,3,2,2,3,2,0,2,3,1,0,3,0 ks=0,0,255,0,0,0,0,255,0,0,8,0,0,0,0,0,12,0,0,0,0,0,0,64,0,0,127,3,0,0,0,0,0,0,0,0,0,0,0,0,255,0,0,0,0,0,0,0,0,128,20,0,0,0,0,0,0,108,0,0,0,0,0,0
00340 features=654 size=7 p=5 tap=11 reset=false scheme=3 ops=0,3,2,2,3,0,0,0,3,0,1,1,0,3,0,0,3,0,0,2,3,2,0,0,0,0,0,0,0,0,0,0,3,3,3,2,2,2,3,0,0,2,2,3,2,2,3,2,2,3,0,3,3,2,2,2,2,0,2,3,0,0,3,0 ks=0,0,255,0,0,0,0,255,0,0,34,223,0,0,0,0,0,0,0,0,0,0,0,0,0,0,0,0,0,0,0,0,0,127,0,0,0,0,0,0,255,0,0,0,0,0,0,0,0,0,0,0,0,0,0,0,0,2,0,0,0,0,0,0
00341 features=582 size=12 p=1 tap=16 reset=false scheme=3 ops=0,3,2,2,3,0,0,0,3,0,2,2,2,3,0,0,3,0,0,2,3,2,0,2,2,3,2,2,0,2,3,3,1,0,3,2,2,2,3,3,3,3,3,3,3,2,3,2,2,3,0,3,3,1,2,2,2,0,2,3,0,0,3,0 ks=0,0,255,0,0,0,0,255,0,0,176,0,2,0,128,255,0,0,0,0,0,0,0,0,0,0,0,0,0,0,0,0,0,0,2,209,0,105,0,0,0,0,0,0,0,0,0,0,0,0,0,0,0,0,16,0,0,0,0,0,0,0,1,140
00342 features=645 size=10 p=5 tap=11 reset=false scheme=3 ops=0,3,2,2,3,0,0,0,3,0,1,1,0,3,0,0,3,0,0,2,3,2,0,0,0,0,0,2,0,0,0,0,3,0,3,2,2,2,3,0,0,2,2,3,3,2,3,2,2,3,0,3,3,2,2,2,2,0,2,3,0,0,3,0 ks=1,0,255,0,0,0,0,3,0,0,34,223,166,109,0,0,0,0,0,0,0,0,0,0,0,0,0,0,0,0,0,0,0,0,0,0,0,0,0,0,255,0,0,0,0,0,0,0,0,0,0,0,0,0,0,0,0,108,254,0,0,0,0,0
00343 features=805 size=8 p=5 tap=11 reset=true scheme=3 ops=0,3,2,2,3,0,0,0,3,0,2,2,2,3,0,0,3,0,0,2,3,2,0,2,2,3,2,2,0,2,3,3,3,0,3,2,2,2,3,0,0,2,2,3,2,2,3,2,2,3,0,3,3,2,2,2,2,0,2,3,0,0,3,0 ks=0,0,255,255,0,0,0,255,0,0,0,0,2,0,0,0,0,0,0,0,8,0,0,0,0,0,0,0,0,0,0,0,0,0,0,0,2,0,0,0,0,0,0,0,0,0,0,0,0,0,0,0,0,0,116,0,0,108,0,0,0,0,0,0
00344 features=516 size=5 p=5 tap=11 reset=false scheme=3 ops=2,3,2,2,3,2,2,2,3,2,2,2,2,3,2,3,3,2,2,2,3,2,2,2,2,3,2,2,0,3,3,3,3,0,3,2,2,2,3,2,2,2,2,3,2,2,3,2,2,3,3,3,3,2,2,2,2,2,2,2,2,3,3,2 ks=0,0,0,0,0,0,0,255,0,0,0,0,0,0,0,0,0,0,0,0,0,0,0,0,0,0,0,0,0,0,0,0,32,0,0,0,0,105,0,0,0,0,0,0,0,0,0,127,213,0,0,0,0,0,0,0,0,0,0,0,0,0,0,0
00345 features=847 size=3 p=5 tap=35 reset=true scheme=3 ops=0,3,2,2,3,0,0,0,3,0,2,2,2,3,0,0,3,0,0,2,3,2,0,2,2,3,2,2,0,2,3,3,3,0,3,2,2,2,3,0,0,2,2,3,0,1,1,1,2,3,0,3,1,2,2,2,2,0,2,3,0,0,0,0 ks=0,0,0,0,0,0,0,0,0,255,0,0,0,0,0,0,0,0,0,0,0,0,0,0,0,0,0,0,0,0,0,0,0,0,2,0,0,0,0,0,3,0,0,0,0,0,0,0,0,0,0,0,0,0,0,0,0,0,0,0,0,0,0,0
00346 features=792 size=3 p=5 tap=11 reset=true scheme=3 ops=0,3,2,2,3,0,0,0,3,0,2,2,2,3,0,0,3,0,0,2,3,1,0,2,2,3,2,2,0,2,3,3,3,0,3,2,2,2,3,0,0,2,2,3,2,2,3,2,2,3,1,3,3,2,2,2,2,0,2,3,0,0,3,0 ks=0,0,0,0,0,0,0,255,0,0,0,0,0,0,0,0,0,0,0,0,0,0,0,0,0,0,0,0,0,0,0,0,0,0,0,0,0,0,0,0,2,0,0,0,0,0,0,0,0,0,0,0,0,0,0,0,0,2,0,0,0,0,0,0
00347 features=964 size=20 p=5 tap=35 reset=true scheme=3 ops=0,3,2,2,3,0,0,0,3,3,2,2,2,3,0,0,3,0,0,2,0,2,0,2,2,3,2,2,0,2,3,3,3,0,3,2,2,2,3,0,0,2,2,3,0,1,1,1,2,3,0,3,1,2,2,2,2,0,2,3,0,0,3,0 ks=0,0,255,0,0,0,0,0,252,255,0,0,2,0,1,0,0,0,0,23,0,0,0,0,0,0,0,0,0,0,0,0,0,0,2,0,0,87,250,196,3,94,141,148,0,77,0,0,166,0,143,0,177,0,0,0,0,108,0,0,0,0,0,140
00348 features=134 size=5 p=5 tap=2 reset=true scheme=3 ops=1,1,1,1,1,1,1,1,1,1,1,1,1,1,1,1,1,1,1,1,1,1,1,1,1,1,1,1,1,1,1,1,1,1,1,1,1,1,1,1,1,1,1,1,1,1,1,1,1,1,1,1,1,1,1,1,1,1,1,1,1,1,1,1 ks=0,4,183,0,0,0,0,255,0,0,0,0,0,0,0,0,0,0,0,0,0,0,0,0,0,0,0,0,0,0,0,0,0,0,0,0,0,0,0,0,0,0,0,0,0,0,0,0,213,0,0,0,0,0,0,0,0,0,220,0,0,0,0,0
00349 features=739 size=10 p=5 tap=11 reset=false scheme=3 ops=0,3,2,2,3,0,0,0,3,0,2,2,2,3,0,0,3,0,0,2,3,2,0,2,0,0,2,2,0,0,3,2,0,0,0,1,2,2,3,0,0,2,2,3,2,2,3,2,2,3,0,3,3,2,2,2,2,0,2,3,0,0,3,0 ks=0,0,255,0,0,0,0,255,0,0,254,42,0,0,0,0,0,0,0,0,0,0,0,0,0,0,0,0,0,0,0,0,0,0,23,236,0,0,0,0,0,0,0,0,127,0,0,0,16,0,0,0,0,0,0,3,0,254,0,0,0,0,0,0
00350 features=799 size=6 p=5 tap=11 reset=true scheme=3 ops=0,3,2,2,3,0,0,0,3,0,2,2,2,3,0,0,3,0,0,2,3,2,0,2,2,3,2,2,0,2,3,3,3,0,3,2,2,2,3,0,0,2,2,3,2,2,3,2,2,3,0,3,3,2,2,2,2,0,2,3,0,0,3,0 ks=0,0,255,0,0,0,0,255,0,0,0,249,0,0,0,0,0,0,0,0,0,0,0,0,0,0,0,0,0,0,0,0,0,0,0,0,0,0,0,0,0,0,0,0,0,0,0,0,0,0,0,0,0,0,0,128,0,108,0,1,0,0,0,0
00351 features=812 size=7 p=5 tap=11 reset=true scheme=3 ops=0,3,2,2,3,0,0,0,3,0,2,2,2,3,0,0,3,0,0,2,3,2,0,2,2,3,2,2,0,2,3,3,3,0,3,2,2,2,1,0,0,2,2,3,2,2,3,2,2,3,0,3,3,2,2,2,2,0,2,3,0,0,3,0 ks=0,0,255,255,0,0,0,255,0,0,0,0,2,0,0,0,0,0,0,0,8,0,0,0,0,0,0,0,0,0,0,0,0,0,0,0,0,0,0,0,0,0,0,0,0,0,0,0,0,0,0,0,0,0,16,0,0,108,0,0,0,0,0,0
00352 features=570 size=11 p=5 tap=11 reset=false scheme=2 ops=0,3,3,2,3,0,0,0,3,0,1,1,0,3,0,0,3,0,0,2,3,2,0,0,0,0,0,2,0,2,3,0,3,0,3,2,2,2,3,0,0,2,2,3,3,2,3,2,0,3,0,3,3,3,2,3,2,0,2,3,1,0,3,1 ks=1,0,255,0,0,0,0,255,0,0,98,223,166,0,0,0,0,0,0,0,0,0,0,0,0,0,0,0,0,0,0,0,0,64,0,0,0,0,0,0,255,209,252,0,0,0,0,0,0,0,0,0,0,0,0,0,0,108,0,0,0,0,0,0
00353 features=676 size=12 p=5 tap=11 reset=false scheme=3 ops=0,3,2,2,3,0,0,0,3,0,1,1,0,3,0,0,3,0,0,2,3,2,0,0,0,0,0,0,0,0,0,0,3,0,3,2,2,2,3,0,0,2,2,3,3,2,3,2,2,3,0,3,3,2,2,2,2,0,2,3,0,0,3,0 ks=127,0,255,0,0,0,0,255,0,0,98,223,166,0,0,0,0,0,0,0,0,0,0,0,0,0,0,0,0,0,0,0,127,64,0,0,0,101,0,0,255,0,0,0,0,0,0,0,0,0,0,0,0,0,0,0,0,108,0,0,32,0,0,0
00354 features=812 size=10 p=5 tap=11 reset=true scheme=3 ops=0,3,2,2,3,0,0,0,3,0,2,2,2,3,0,0,3,0,0,2,3,2,0,2,1,3,3,1,0,3,3,3,3,0,3,2,2,2,3,0,0,2,2,0,2,2,3,2,2,3,0,3,3,2,2,2,2,0,2,3,0,0,3,3 ks=0,0,0,0,0,0,0,255,0,0,0,0,0,0,2,0,0,0,0,0,0,0,0,0,0,0,0,0,0,12,241,0,0,0,0,0,0,0,128,0,0,0,252,0,0,0,0,0,0,0,255,0,0,0,0,0,0,2,0,255,1,0,0,0
00355 features=850 size=3 p=5 tap=35 reset=true scheme=3 ops=0,3,2,2,3,0,0,0,3,0,2,2,2,3,0,0,3,0,0,2,3,2,0,2,2,3,2,2,0,2,3,3,3,0,3,2,2,2,3,0,0,2,2,3,0,1,1,1,2,3,0,3,1,2,2,2,2,0,2,3,0,0,3,0 ks=0,0,0,0,0,0,0,0,0,0,0,0,0,0,0,0,0,0,0,23,0,0,0,0,0,0,0,0,0,0,0,0,0,0,2,0,0,0,0,0,255,0,0,0,0,0,0,0,0,0,0,0,0,0,0,0,0,0,0,0,0,0,0,0
00356 features=763 size=8 p=5 tap=11 reset=true scheme=3 ops=0,3,1,2,3,0,3,2,3,0,2,2,2,3,0,0,3,0,0,2,3,2,0,2,2,3,1,2,0,2,3,3,3,0,3,2,2,2,3,0,0,2,2,3,3,2,3,2,0,3,0,3,3,2,2,2,2,0,2,3,0,0,3,0 ks=0,0,255,0,0,0,0,255,0,0,0,0,0,0,0,0,0,0,2,0,0,0,0,0,0,0,0,0,0,0,0,0,0,0,0,0,64,0,254,0,255,0,0,0,0,0,0,0,0,0,0,0,0,2,0,128,0,0,0,0,0,0,0,0
00357 features=729 size=6 p=5 tap=16 reset=false scheme=3 ops=0,3,3,2,3,0,0,0,3,0,2,2,2,3,0,0,3,0,0,2,3,3,0,2,2,3,2,2,0,2,3,3,3,0,3,2,2,2,3,0,0,2,2,3,2,2,3,2,2,3,0,3,3,0,2,2,3,0,2,2,0,0,3,0 ks=0,0,253,0,0,0,0,0,0,0,0,0,0,0,0,0,43,0,0,0,0,0,0,0,0,0,0,0,0,0,0,0,0,0,2,0,0,0,0,0,0,0,0,0,0,0,0,0,0,0,0,0,2,0,16,0,0,108,0,0,0,0,0,0
00358 features=753 size=8 p=10 tap=11 reset=true scheme=3 ops=0,3,1,1,3,0,3,0,3,0,2,2,2,3,0,0,3,0,0,2,3,2,0,2,2,3,2,2,0,2,3,3,3,0,3,2,2,2,3,0,0,2,1,3,2,2,3,2,2,3,0,3,3,2,2,2,2,0,2,3,0,3,3,0 ks=0,0,255,0,0,0,0,255,0,0,0,0,0,0,0,0,0,0,2,0,0,0,0,0,0,0,0,37,0,0,0,0,99,0,0,0,64,0,0,0,0,0,0,0,4,0,0,0,0,0,0,0,0,0,0,0,0,2,0,0,0,0,0,0
00359 features=649 size=7 p=5 tap=11 reset=false scheme=3 ops=0,3,2,2,3,0,0,0,3,0,1,1,0,3,0,2,3,0,0,2,3,2,0,0,0,0,0,0,0,0,0,0,3,0,3,2,2,2,3,0,0,2,2,3,2,2,3,2,2,3,0,3,3,2,2,2,2,0,2,3,0,0,3,0 ks=0,0,255,0,0,0,0,255,0,0,34,223,0,0,0,0,0,0,0,0,0,0,0,0,0,0,0,0,0,0,0,0,0,127,0,0,0,0,0,0,255,0,0,0,0,0,0,0,0,0,0,0,0,0,0,0,0,2,0,0,0,0,0,0
00360 features=653 size=5 p=5 tap=11 reset=false scheme=3 ops=0,3,2,2,3,0,0,0,3,0,2,2,2,3,0,0,3,0,0,2,3,2,0,2,2,3,2,2,0,2,3,3,3,0,3,2,2,2,3,2,0,2,2,3,2,2,3,2,2,3,0,3,3,2,2,2,2,0,2,3,0,0,3,1 ks=0,0,0,0,0,0,0,255,0,0,0,0,0,0,0,0,0,0,0,0,0,0,0,0,0,0,0,0,0,3,0,0,0,0,0,0,0,0,0,0,2,0,0,0,0,0,0,0,0,0,0,0,0,0,0,0,0,2,0,0,0,0,0,254
00361 features=843 size=3 p=5 tap=11 reset=true scheme=3 ops=0,3,2,2,3,0,0,0,3,0,2,2,2,3,0,0,2,0,0,2,3,2,0,2,2,3,2,2,0,2,3,3,3,0,3,2,2,2,3,0,0,2,2,3,2,2,3,2,2,3,0,3,3,2,2,2,2,0,2,3,0,0,3,0 ks=0,0,0,0,0,0,0,255,0,0,0,0,0,0,0,0,0,0,0,0,0,0,0,0,0,0,0,0,0,0,0,0,0,0,0,0,0,0,0,0,2,0,0,0,0,0,0,0,0,0,0,0,0,0,0,0,0,2,0,0,0,0,0,0
00362 features=660 size=7 p=5 tap=11 reset=false scheme=3 ops=0,3,2,2,3,0,0,0,3,0,2,2,2,3,0,0,3,0,0,2,3,2,0,2,2,3,2,2,0,2,3,3,0,0,3,2,2,2,3,0,0,2,2,3,2,2,3,2,2,3,0,3,3,2,2,3,3,0,2,3,0,0,3,0 ks=2,0,255,0,0,0,0,0,0,0,0,0,0,0,0,0,0,0,0,0,0,0,0,64,0,0,0,0,0,0,0,0,0,0,0,0,0,4,0,0,255,0,0,0,0,0,108,0,0,0,0,0,0,0,0,0,0,108,0,0,0,0,0,0
00363 features=634 size=10 p=5 tap=11 reset=false scheme=3 ops=0,3,2,2,3,0,0,0,3,0,2,2,2,3,0,0,3,0,0,2,3,2,0,2,2,3,2,2,0,2,3,1,0,0,3,2,2,2,3,0,0,2,2,3,2,2,3,2,2,3,0,3,3,2,2,3,3,0,2,3,0,0,3,0 ks=0,0,255,0,0,0,0,0,0,0,221,2,0,0,0,0,0,0,0,0,0,0,255,64,0,0,0,0,0,0,0,0,0,0,0,0,0,4,0,0,255,0,0,0,0,0,108,0,0,1,0,0,0,0,0,0,0,108,0,0,0,0,0,0
00364 features=621 size=11 p=5 tap=11 reset=false scheme=3 ops=0,3,3,3,3,0,0,0,3,0,0,3,0,3,0,0,3,0,0,3,3,3,0,0,0,3,3,0,0,0,3,3,3,0,0,0,0,0,3,0,0,0,0,3,0,3,3,0,3,3,0,3,3,0,0,0,3,0,3,3,0,0,3,0 ks=0,0,255,0,0,0,0,255,0,0,2,0,128,0,0,0,27,0,0,0,0,0,0,0,0,0,4,0,0,0,0,0,0,0,0,0,0,0,0,0,0,0,2,0,0,0,0,0,1,0,0,0,0,0,16,0,0,108,0,0,0,254,0,0
00365 features=754 size=6 p=5 tap=11 reset=true scheme=3 ops=0,3,2,2,3,0,0,0,3,0,2,2,2,3,0,0,3,0,0,2,3,3,0,2,2,0,2,2,0,2,3,3,3,0,3,2,2,2,3,0,0,2,2,3,2,2,3,2,2,3,0,3,3,2,2,2,2,0,2,3,0,0,3,0 ks=0,0,255,0,0,0,0,255,0,0,0,0,0,0,0,0,0,0,0,0,0,0,0,0,0,0,0,0,0,0,0,0,0,32,0,0,0,0,0,0,0,0,0,0,0,0,0,0,0,0,0,0,0,111,0,3,0,108,0,0,0,0,0,0
00366 features=668 size=9 p=5 tap=11 reset=false scheme=3 ops=0,2,2,2,3,0,0,0,3,0,2,2,2,3,0,0,3,0,0,2,3,2,0,2,2,3,2,2,0,2,3,3,3,0,3,2,2,2,3,0,0,2,2,3,2,2,3,2,2,3,0,3,3,2,2,2,2,0,2,3,0,0,3,0 ks=0,0,255,0,0,0,0,255,0,0,2,0,2,0,0,0,27,0,0,0,0,0,0,0,0,0,0,0,0,0,0,0,0,0,0,0,0,0,0,0,0,0,2,0,0,0,0,0,1,0,0,0,0,0,16,0,0,108,0,0,0,0,0,0
00367 features=567 size=14 p=5 tap=11 reset=false scheme=2 ops=0,3,2,2,3,3,0,0,3,0,1,1,0,3,2,0,3,0,0,2,3,2,0,0,0,0,0,0,0,0,0,0,3,0,3,2,2,2,3,0,0,2,2,3,3,2,3,2,0,3,0,3,3,2,2,2,2,0,2,3,0,0,3,1 ks=1,0,255,0,0,0,0,255,0,0,98,223,166,0,0,0,0,0,0,0,0,0,0,0,0,0,0,0,242,4,0,0,0,64,0,0,254,0,0,0,255,0,0,0,0,0,0,0,0,0,144,0,0,0,0,0,0,108,0,0,236,0,0,0
00368 features=757 size=7 p=5 tap=11 reset=true scheme=3 ops=0,3,2,2,3,0,0,0,3,0,1,1,0,3,0,0,3,0,0,2,3,2,0,0,0,0,0,0,3,0,0,0,3,0,3,2,2,2,3,0,0,2,2,3,3,2,3,1,2,3,0,3,3,2,2,2,2,0,2,3,0,0,3,0 ks=1,0,255,0,0,0,0,0,0,0,98,0,141,0,0,0,0,0,0,0,0,0,0,0,0,0,0,0,0,0,0,0,0,64,0,0,0,0,0,0,255,0,0,0,0,0,0,0,0,0,0,0,0,0,0,0,0,108,0,0,0,0,0,0
00369 features=816 size=14 p=5 tap=11 reset=true scheme=3 ops=0,3,2,2,3,0,0,0,3,0,1,1,0,1,0,0,3,0,0,2,3,2,0,2,2,3,2,2,0,2,3,0,3,0,3,2,2,2,3,0,0,2,2,3,2,2,3,2,2,3,0,3,3,2,2,2,2,0,2,3,0,0,3,0 ks=1,0,255,171,0,0,0,255,0,0,98,223,0,176,0,35,0,0,0,0,0,0,255,64,0,0,0,0,0,0,0,0,0,64,0,0,0,0,0,0,0,0,0,0,0,0,0,0,0,0,0,0,0,0,0,0,0,108,0,0,236,0,2,0
00370 features=791 size=9 p=5 tap=11 reset=true scheme=3 ops=0,3,2,2,3,0,0,0,3,0,2,2,2,3,0,0,3,0,0,2,3,2,0,2,2,3,2,2,0,2,3,0,3,0,3,2,2,2,3,0,0,2,2,3,2,2,3,2,2,3,0,3,3,2,2,2,2,0,2,3,0,0,3,0 ks=0,0,255,0,0,0,0,255,0,0,0,0,2,0,0,0,0,0,0,0,0,0,0,0,0,0,0,0,128,0,0,0,0,0,0,0,0,0,0,0,0,0,2,0,0,0,0,0,0,0,0,0,0,0,16,1,253,108,0,0,0,0,0,0
00371 features=602 size=16 p=5 tap=11 reset=false scheme=2 ops=0,3,3,2,3,0,3,0,3,0,1,1,0,3,0,0,3,0,0,2,3,2,0,0,0,0,0,2,0,2,3,0,3,0,3,2,2,2,3,0,0,2,2,3,3,2,3,2,2,3,0,3,3,2,2,3,2,0,2,3,1,0,3,1 ks=1,0,255,0,0,0,0,255,0,0,98,223,255,0,0,0,0,0,0,0,0,0,0,0,0,0,0,0,0,0,0,2,0,64,0,0,0,0,0,0,255,209,252,0,0,0,108,0,0,1,0,0,0,0,0,0,0,108,0,32,0,0,0,66
00372 features=925 size=28 p=5 tap=35 reset=true scheme=3 ops=0,3,2,2,3,0,0,0,3,0,2,2,2,3,0,0,3,0,0,2,3,2,0,2,2,3,2,2,0,2,3,3,3,0,3,2,2,2,3,0,0,2,2,3,0,1,1,1,2,3,0,3,1,2,2,2,2,0,2,2,1,0,3,0 ks=0,0,255,0,0,0,0,255,0,255,0,0,2,0,0,0,0,0,0,23,8,0,0,0,3,0,255,0,0,0,0,0,0,0,2,0,0,87,250,196,3,94,141,148,0,77,7,96,166,252,143,144,177,0,16,1,0,108,0,0,0,0,0,140
00373 features=642 size=9 p=5 tap=11 reset=false scheme=3 ops=0,3,2,2,3,0,0,0,3,0,2,2,2,3,0,0,3,0,0,2,3,2,0,2,2,3,2,2,0,2,3,3,0,0,3,2,2,2,3,0,0,2,2,3,2,2,3,3,2,3,0,3,3,2,2,3,3,0,2,3,0,0,3,0 ks=0,0,255,0,0,0,0,0,0,0,0,2,0,0,0,0,0,0,0,0,0,0,255,64,0,0,0,0,0,0,0,0,0,0,0,0,0,4,0,0,255,0,0,0,0,0,108,0,0,1,0,0,0,0,0,0,0,108,0,0,0,0,0,0
00374 features=791 size=6 p=5 tap=11 reset=true scheme=3 ops=0,3,2,2,3,0,0,0,3,0,2,3,2,3,0,0,3,0,0,2,3,2,0,2,2,3,2,2,0,2,3,3,3,0,3,2,2,2,3,0,0,2,2,3,2,2,3,2,3,3,0,3,3,2,2,2,2,0,2,3,0,0,3,0 ks=0,0,255,0,0,0,0,255,0,0,0,0,0,0,0,0,0,0,0,0,0,0,0,0,0,0,0,0,0,0,0,0,0,0,0,0,0,0,0,0,0,0,0,0,0,127,0,0,0,0,1,0,0,0,0,3,0,24,0,0,0,0,0,0
00375 features=481 size=7 p=5 tap=11 reset=false scheme=3 ops=2,3,2,2,3,2,2,2,3,2,2,2,2,3,2,3,3,2,2,2,3,2,2,2,3,3,2,2,2,2,3,3,3,3,3,2,2,2,3,2,2,2,2,3,2,2,3,2,2,2,0,3,3,2,2,2,2,2,2,2,2,3,3,2 ks=0,0,0,0,0,0,0,255,0,0,0,0,0,0,0,0,0,0,0,0,0,0,0,0,0,128,0,0,16,0,0,0,0,0,0,16,0,105,0,0,0,32,0,0,0,0,0,0,213,0,0,0,0,0,0,0,0,0,0,0,0,0,0,0
00376 features=779 size=7 p=5 tap=11 reset=true scheme=3 ops=0,3,2,2,3,0,0,0,3,0,2,2,2,3,0,0,3,0,0,2,3,2,0,2,2,2,2,2,0,2,3,3,3,0,3,2,2,2,3,0,0,2,2,3,2,2,3,2,2,3,0,3,3,2,2,2,2,0,2,3,0,0,3,0 ks=0,0,0,0,0,0,0,0,0,0,0,0,255,0,255,0,0,0,0,0,0,0,0,0,0,0,32,0,0,0,0,0,0,0,0,0,0,0,0,0,0,0,252,0,0,0,0,0,0,0,1,0,0,0,0,0,1,0,0,0,0,254,0,0
00377 features=729 size=7 p=5 tap=16 reset=false scheme=3 ops=0,3,3,2,3,0,0,0,3,0,2,2,2,3,0,0,3,0,0,2,3,3,0,2,2,3,2,2,0,2,3,3,3,0,3,2,2,2,3,0,0,2,2,3,2,2,3,2,2,3,0,3,3,0,2,2,2,0,2,3,0,0,3,0 ks=0,0,253,0,0,0,0,0,0,0,0,0,0,0,0,0,43,0,0,0,0,0,0,0,0,0,0,0,0,0,0,0,0,0,2,0,0,0,0,0,0,0,0,0,0,0,0,0,0,0,0,0,2,0,16,0,32,108,0,0,0,0,0,0
00378 features=677 size=6 p=5 tap=16 reset=false scheme=3 ops=3,3,3,2,3,0,0,0,3,0,2,2,2,3,0,0,3,0,0,2,3,3,0,2,2,1,2,2,0,2,3,3,3,0,3,2,2,2,3,0,0,2,2,3,2,2,3,2,2,3,0,3,3,0,2,2,3,0,2,2,0,2,3,0 ks=245,0,253,0,0,0,0,0,0,0,0,0,0,0,0,0,43,0,0,0,0,0,0,0,0,0,0,0,0,0,0,0,0,0,2,0,0,0,0,0,0,0,0,0,0,0,0,0,0,0,0,0,2,0,0,0,0,108,0,0,0,0,0,0
00379 features=816 size=6 p=5 tap=11 reset=true scheme=3 ops=0,3,2,2,3,0,3,0,3,0,2,2,2,3,0,0,3,0,0,2,3,2,0,2,2,3,2,2,0,2,3,3,3,0,3,2,2,2,3,0,0,2,2,3,2,2,3,2,2,3,0,3,3,2,2,2,2,0,2,3,0,0,3,0 ks=0,0,255,0,0,0,0,255,0,0,0,0,0,0,0,0,0,0,0,0,0,0,0,0,0,0,0,0,0,0,0,0,127,0,0,0,64,0,0,0,0,0,0,0,0,0,0,0,0,0,0,0,0,0,0,128,0,108,0,0,0,0,0,0
00380 features=520 size=7 p=5 tap=11 reset=false scheme=3 ops=2,3,2,2,3,0,0,0,3,2,2,2,2,3,2,3,3,2,2,2,3,2,2,2,2,3,2,2,0,2,3,3,3,0,3,2,2,2,3,0,0,2,2,3,3,2,3,2,3,3,3,3,3,2,2,2,2,2,2,2,2,3,3,2 ks=0,0,16,0,0,0,0,255,0,0,0,0,0,0,0,129,0,0,0,0,0,0,0,0,0,0,0,0,0,0,0,0,0,0,0,0,0,0,0,0,255,0,0,0,0,0,0,127,213,0,0,0,0,0,0,0,0,0,16,0,0,0,0,0
00381 features=753 size=9 p=5 tap=11 reset=true scheme=3 ops=0,3,2,2,3,0,0,0,3,0,2,3,2,3,0,0,3,0,0,2,3,2,0,2,2,3,2,2,0,2,3,3,3,0,3,2,2,2,3,0,0,2,2,3,2,2,3,2,3,3,0,3,3,2,2,2,2,0,2,3,0,0,3,0 ks=0,0,255,0,0,0,0,255,0,0,0,0,0,0,0,0,0,254,0,0,0,0,0,0,0,0,0,0,0,0,0,0,0,0,0,0,0,127,0,0,0,0,0,0,3,127,0,0,0,0,0,0,0,0,0,3,0,108,0,0,0,128,0,0
00382 features=760 size=8 p=5 tap=11 reset=true scheme=3 ops=0,3,2,2,3,0,0,0,3,0,1,1,0,3,0,0,3,0,0,2,3,2,0,0,0,0,0,0,0,0,0,0,3,0,3,2,2,2,3,0,0,2,2,3,3,2,3,1,2,3,0,3,3,2,2,2,2,0,2,3,0,0,3,0 ks=1,0,255,0,0,0,0,0,0,0,98,0,0,0,0,1,0,0,0,0,0,0,0,0,0,0,0,0,0,0,0,0,0,64,0,0,0,0,0,0,255,0,0,0,0,0,0,0,0,0,0,0,0,0,0,4,0,108,0,0,0,0,0,0
00383 features=800 size=7 p=5 tap=11 reset=true scheme=3 ops=0,3,2,2,3,0,0,0,3,0,2,2,2,3,0,0,3,0,1,2,3,2,0,2,2,3,2,2,0,2,3,3,3,0,3,2,2,2,3,0,0,2,2,3,2,2,3,2,2,3,0,3,3,2,2,2,2,0,2,3,0,0,3,0 ks=0,0,255,255,0,0,0,255,0,0,0,0,2,0,0,0,0,0,0,0,8,0,0,0,0,0,0,0,0,0,0,0,0,0,0,0,0,0,0,0,0,0,0,0,0,0,246,0,0,0,0,0,0,0,0,0,0,108,0,0,0,0,0,0
00384 features=396 size=13 p=5 tap=11 reset=false scheme=3 ops=0,3,3,3,3,0,0,0,3,3,1,1,0,3,0,0,3,0,1,0,3,0,0,3,0,3,0,0,0,0,3,1,3,0,3,3,2,0,3,3,0,0,0,3,2,0,3,3,3,3,0,3,3,0,3,3,3,0,0,3,0,0,3,0 ks=0,0,0,0,0,0,0,255,0,0,34,223,166,0,1,1,0,0,0,0,0,0,0,0,0,0,0,0,0,0,0,0,0,252,253,0,0,32,0,42,0,4,0,0,0,0,0,0,0,0,0,0,0,0,0,0,0,2,0,0,0,0,4,0
00385 features=799 size=16 p=5 tap=11 reset=true scheme=3 ops=0,3,3,3,3,0,0,0,3,0,3,3,3,1,0,1,3,1,1,2,3,2,0,2,1,3,0,0,0,0,3,3,3,0,3,2,2,2,3,0,0,2,2,3,2,2,3,0,2,3,0,3,3,0,3,3,3,0,0,3,0,0,3,0 ks=0,0,4,0,0,0,0,255,0,0,0,0,0,229,50,140,126,149,2,195,181,0,31,240,53,0,0,0,0,0,0,0,0,0,0,0,0,0,0,0,0,0,0,0,0,0,0,0,213,8,0,0,0,0,0,0,0,2,0,0,0,0,0,0
00386 features=725 size=16 p=5 tap=11 reset=true scheme=3 ops=0,3,3,3,3,0,0,0,3,0,3,3,3,1,0,1,3,1,1,2,3,2,0,2,3,3,3,0,0,0,3,3,3,0,3,2,2,2,3,0,0,2,2,3,2,2,3,2,2,3,0,3,3,2,3,3,3,0,0,3,0,0,3,0 ks=1,0,0,0,0,0,0,255,0,0,0,0,0,229,50,140,126,149,2,195,181,0,31,240,0,0,0,0,0,0,0,0,0,0,0,0,0,0,0,0,32,99,0,0,0,0,0,0,0,0,0,0,0,0,252,0,0,2,0,0,0,0,0,0
00387 features=622 size=7 p=5 tap=11 reset=false scheme=3 ops=0,3,2,2,3,0,0,0,3,0,2,2,2,3,0,0,3,0,0,2,3,2,0,2,2,3,2,2,0,2,3,3,3,0,3,2,2,2,3,0,0,2,2,3,2,2,3,2,2,3,0,3,3,2,2,2,2,0,2,3,0,0,3,1 ks=0,0,0,0,0,0,0,255,0,0,0,193,0,0,0,0,0,0,0,0,0,0,0,0,0,0,0,0,0,0,0,0,0,0,0,0,0,0,252,0,2,0,0,0,0,0,0,0,0,0,0,0,0,0,0,0,0,2,0,0,255,0,0,254
00388 features=731 size=20 p=5 tap=11 reset=false scheme=4 ops=0,3,2,2,3,0,0,0,3,0,1,1,0,3,0,0,3,0,0,2,3,2,0,0,0,0,2,2,0,2,3,3,0,1,1,2,0,2,3,0,0,2,2,3,2,2,3,0,2,3,0,3,3,2,1,2,2,0,2,3,0,0,3,0 ks=141,8,255,0,0,0,0,255,0,0,34,223,0,0,2,0,0,0,0,0,0,0,0,0,0,0,40,112,116,12,241,62,82,131,235,179,0,0,0,0,255,0,255,0,0,0,0,0,0,0,0,0,0,0,0,0,0,3,0,0,0,0,0,0
00389 features=633 size=7 p=5 tap=11 reset=false scheme=3 ops=0,3,2,2,3,0,0,0,3,0,2,2,3,3,0,0,3,0,0,2,3,2,0,2,2,3,2,2,0,2,3,3,3,0,3,2,2,2,3,0,0,2,2,3,2,2,3,2,2,3,0,3,3,2,2,2,2,0,2,3,0,0,3,0 ks=0,0,255,0,0,0,0,255,0,0,0,0,0,0,0,0,0,0,0,0,0,0,0,0,0,0,0,0,0,0,0,0,0,0,0,0,127,0,0,0,0,0,0,0,0,0,0,0,0,0,141,0,0,0,0,3,0,108,1,0,0,0,0,0
00390 features=778 size=5 p=2 tap=11 reset=true scheme=3 ops=0,3,2,2,3,0,0,0,3,0,2,2,2,3,0,0,3,0,0,2,3,2,0,1,2,3,2,2,0,2,3,3,3,0,3,2,2,2,1,0,2,2,2,3,2,2,3,2,2,3,0,3,3,2,2,2,2,0,2,2,0,0,3,0 ks=0,0,0,0,0,0,0,255,0,0,2,0,0,0,0,0,0,0,0,0,0,0,0,0,0,0,4,0,0,0,0,227,0,0,0,0,0,0,0,0,0,0,252,0,0,0,0,0,0,0,0,0,0,0,0,0,0,0,0,0,0,0,0,0
00391 features=804 size=9 p=5 tap=11 reset=true scheme=3 ops=0,3,2,1,3,0,0,0,3,0,1,2,2,3,0,0,3,0,0,2,3,2,0,2,2,3,2,2,0,2,3,3,3,0,3,2,2,2,3,0,0,2,2,3,2,2,3,2,2,3,0,3,3,2,2,2,2,0,2,3,0,0,3,0 ks=0,0,0,45,0,0,0,0,0,0,8,0,255,0,2,0,0,0,0,0,0,0,0,0,0,0,0,0,0,0,0,0,0,0,0,0,0,0,0,0,28,0,252,0,0,128,0,0,0,0,0,0,0,0,0,0,0,2,0,0,0,254,0,0
00392 features=660 size=7 p=5 tap=11 reset=false scheme=3 ops=0,3,2,0,3,0,0,0,3,0,1,1,0,3,0,0,3,0,0,2,3,2,0,0,0,0,0,0,0,0,0,0,3,3,3,2,2,2,3,0,0,2,2,3,2,2,3,2,2,3,0,3,3,2,2,2,2,0,2,3,0,0,3,0 ks=0,0,255,0,0,0,0,255,0,0,34,223,0,0,0,0,0,0,0,0,0,0,0,0,0,0,0,0,0,0,0,0,0,127,0,0,0,0,0,0,255,0,0,0,0,0,0,0,0,0,0,0,0,0,0,0,0,2,0,0,0,0,0,0
00393 features=617 size=12 p=5 tap=11 reset=false scheme=3 ops=0,3,2,2,3,0,0,0,3,0,2,2,2,3,0,0,3,0,0,2,3,2,0,2,2,3,2,2,0,2,1,3,1,0,3,2,2,2,3,0,0,2,2,3,2,2,3,2,2,2,0,3,3,2,2,3,2,0,2,3,1,0,3,0 ks=0,0,255,0,0,0,0,255,0,0,8,0,0,0,0,0,12,2,0,0,0,0,0,64,0,0,127,3,0,0,0,0,0,0,0,0,0,0,0,0,255,0,0,0,0,0,0,0,0,128,20,0,0,0,0,0,0,108,0,0,0,0,0,0
00394 features=619 size=5 p=5 tap=11 reset=false scheme=3 ops=0,3,2,2,3,0,0,0,3,3,2,2,2,3,0,0,3,0,0,2,3,2,0,2,2,3,2,2,0,2,3,3,3,0,3,2,2,2,3,0,0,2,2,3,2,2,3,2,2,3,0,3,3,2,2,2,2,0,2,3,0,0,3,1 ks=0,0,0,0,0,0,0,255,0,0,0,0,0,0,0,0,0,0,0,0,0,0,0,0,0,0,0,0,252,0,0,0,0,0,0,0,0,0,0,0,2,0,0,0,0,0,0,0,0,0,0,0,0,0,0,0,0,2,0,0,0,0,0,254
00395 features=827 size=10 p=5 tap=26 reset=true scheme=3 ops=0,3,1,2,3,0,3,2,3,0,2,2,2,3,0,0,3,0,0,2,3,2,0,2,2,3,1,2,0,2,3,3,3,0,3,2,2,2,3,0,0,2,1,3,2,2,3,2,2,3,0,3,3,2,2,2,2,0,2,3,0,0,3,0 ks=0,0,255,0,0,0,0,255,0,0,0,0,0,0,0,0,0,0,2,0,0,0,0,0,0,0,0,0,0,127,0,0,0,0,0,0,64,0,0,0,0,0,0,254,4,0,0,0,0,0,0,0,0,2,0,128,0,0,0,0,0,0,254,0
00396 features=765 size=7 p=5 tap=11 reset=true scheme=3 ops=0,3,2,2,3,0,0,0,3,0,2,2,3,3,0,0,3,0,0,2,3,2,0,2,2,3,2,2,0,2,3,1,3,0,3,2,2,2,3,0,0,2,2,3,2,2,3,2,2,3,0,3,3,2,2,2,2,0,2,3,0,0,3,0 ks=0,0,255,0,0,0,0,255,0,0,0,0,0,0,0,0,0,0,0,0,0,0,0,0,0,0,0,0,0,0,0,0,0,0,0,0,0,0,0,0,0,0,0,0,0,0,0,0,4,0,141,0,0,0,0,3,0,108,1,0,0,0,0,0
00397 features=740 size=6 p=5 tap=11 reset=true scheme=3 ops=0,3,1,2,3,0,3,2,3,0,2,2,2,3,0,0,3,0,0,2,3,2,0,2,2,3,1,2,0,2,3,3,3,0,3,2,2,2,3,0,0,2,2,3,2,2,3,2,2,3,0,3,3,2,2,2,2,0,2,3,0,1,3,0 ks=0,0,255,0,0,0,0,255,0,0,0,0,0,0,0,0,0,0,2,0,0,0,0,0,0,0,0,0,0,0,0,0,0,0,0,0,0,0,0,0,255,0,0,0,0,0,0,0,0,0,0,0,0,2,0,128,0,0,0,0,0,0,0,0
00398 features=569 size=8 p=5 tap=11 reset=false scheme=3 ops=2,3,2,2,3,2,2,2,3,2,2,2,2,3,2,3,3,2,2,2,0,2,2,2,3,3,2,2,0,2,3,3,3,0,3,2,2,2,3,2,2,2,2,3,2,2,3,2,3,3,3,2,3,2,2,2,2,2,2,2,2,3,3,2 ks=0,0,0,0,0,0,0,255,0,0,0,0,0,0,0,0,0,0,0,0,0,0,0,0,0,0,0,254,0,0,0,0,127,0,0,2,0,105,0,0,0,0,0,0,0,0,0,127,213,0,0,0,0,0,0,0,127,0,0,0,0,0,0,0
00399 features=834 size=4 p=5 tap=11 reset=true scheme=3 ops=0,3,2,2,3,0,0,0,3,0,2,2,2,3,0,0,3,0,0,2,3,1,0,2,2,3,2,2,0,2,3,3,3,0,3,2,2,2,3,0,0,2,2,3,2,2,3,2,2,3,1,3,3,2,2,2,2,0,2,3,0,0,3,0 ks=0,0,0,0,0,0,0,255,0,0,0,0,0,0,0,0,0,0,0,0,0,0,0,0,0,0,0,0,0,0,0,0,0,0,4,0,0,0,0,0,2,0,0,0,0,0,0,0,0,0,0,0,0,0,0,0,0,2,0,0,0,0,0,0
00400 features=717 size=9 p=5 tap=11 reset=false scheme=3 ops=0,3,2,2,3,0,0,0,3,0,2,2,0,3,0,0,3,0,0,2,3,2,0,2,0,0,2,2,0,0,3,2,0,0,0,1,2,2,3,0,0,2,2,3,2,2,3,2,2,3,0,3,3,1,2,2,2,0,2,3,1,0,3,0 ks=0,0,255,0,0,0,0,255,0,0,22,42,0,0,0,0,0,0,0,0,0,0,0,0,0,0,0,0,0,0,0,0,0,0,0,236,0,0,0,0,0,0,0,0,127,0,0,0,16,0,0,0,0,0,0,3,0,254,0,0,0,0,0,0
00401 features=383 size=4 p=1 tap=11 reset=false scheme=3 ops=1,3,0,3,0,0,1,1,3,1,3,0,3,3,0,3,3,3,1,1,3,3,1,3,0,3,3,0,0,0,3,3,3,3,3,0,2,3,3,1,0,0,1,3,1,3,3,1,0,3,3,3,3,3,1,0,1,0,1,3,0,3,3,1 ks=0,0,0,0,0,0,0,0,0,0,0,0,0,0,0,0,0,0,0,0,0,0,0,0,0,0,0,0,0,0,0,0,0,0,0,0,0,0,0,0,0,1,0,0,0,0,0,127,213,0,0,0,0,0,0,0,0,0,0,0,0,0,0,158
00402 features=588 size=13 p=5 tap=11 reset=false scheme=2 ops=0,3,2,2,3,3,0,0,3,0,1,1,0,3,2,0,3,0,0,2,3,2,0,0,0,0,0,0,0,0,0,0,3,0,3,2,2,2,3,0,0,2,2,3,3,2,3,2,0,3,0,3,3,2,2,2,2,0,2,3,0,0,3,1 ks=1,0,255,0,0,0,0,255,0,0,98,223,166,0,0,0,0,0,0,0,0,0,0,0,0,0,0,0,242,4,0,0,0,64,0,0,254,0,0,0,0,0,0,0,0,0,0,0,0,0,144,0,0,0,0,0,0,108,0,0,236,0,0,0
00403 features=669 size=8 p=5 tap=11 reset=false scheme=3 ops=0,3,2,2,3,0,0,0,3,0,2,2,2,3,0,0,3,0,0,2,3,2,0,2,2,3,2,2,0,2,3,3,0,0,3,2,2,2,3,0,0,2,2,3,2,2,3,2,2,3,0,3,3,2,2,3,2,0,2,3,0,0,3,0 ks=0,0,255,0,0,0,0,255,0,0,0,0,0,0,0,0,0,128,0,0,0,0,0,64,0,0,0,0,0,0,0,0,0,0,0,0,0,0,0,0,255,0,0,0,0,0,16,0,0,0,0,0,0,0,255,0,0,108,0,0,0,0,0,0
00404 features=710 size=12 p=5 tap=11 reset=true scheme=3 ops=0,3,0,0,3,0,0,0,3,0,0,3,0,3,0,0,3,0,0,3,3,1,0,3,0,3,0,0,2,3,3,3,3,3,3,0,3,3,3,0,0,3,0,3,3,0,3,0,3,3,0,3,3,0,0,3,3,0,3,3,0,0,3,0 ks=0,0,255,0,64,0,0,255,0,0,0,0,0,0,0,0,209,0,252,128,0,0,0,0,0,0,0,0,0,0,0,0,0,0,0,0,0,0,0,0,0,128,0,0,0,0,0,0,0,128,52,253,0,0,0,0,0,108,0,0,0,0,0,1
00405 features=769 size=10 p=5 tap=11 reset=true scheme=3 ops=0,3,2,2,3,0,0,0,3,0,2,3,2,3,0,0,0,0,0,2,3,2,0,2,2,3,2,2,0,2,3,3,3,0,3,2,2,2,3,0,0,2,2,3,2,2,3,2,3,3,0,3,3,2,2,2,2,2,2,3,0,0,3,0 ks=0,0,255,0,0,0,0,255,0,0,0,0,1,0,0,0,0,0,0,0,0,0,0,0,0,0,0,0,0,0,8,0,0,0,0,0,155,0,0,0,64,0,0,0,0,127,0,0,0,0,1,0,0,0,0,3,0,24,0,0,0,0,0,0
00406 features=823 size=20 p=5 tap=35 reset=true scheme=3 ops=0,3,3,0,3,0,0,0,3,0,3,0,3,3,0,0,3,0,0,3,3,1,0,1,3,3,1,3,0,3,3,3,3,0,3,1,0,3,3,0,0,1,1,3,0,1,1,1,0,3,0,3,1,3,1,0,0,0,1,3,0,0,3,0 ks=0,0,255,0,0,0,0,0,0,255,0,0,0,0,0,0,0,0,0,23,8,0,0,0,0,0,0,0,0,0,0,0,0,0,2,0,0,87,250,196,3,94,141,148,0,77,0,96,166,252,142,0,177,0,16,0,0,108,0,0,0,0,0,0
00407 features=746 size=17 p=5 tap=11 reset=true scheme=3 ops=0,3,3,3,3,0,0,0,3,0,3,3,3,1,0,1,3,1,1,2,3,2,0,0,0,0,0,0,0,0,3,3,3,0,3,2,2,2,3,0,0,2,2,3,2,2,3,0,2,3,0,3,3,0,3,3,3,0,0,3,0,0,3,0 ks=1,0,0,0,0,0,0,255,0,0,0,0,0,229,50,140,126,149,2,0,0,0,0,0,0,0,0,0,242,4,0,0,0,0,0,0,3,0,0,0,32,99,0,0,0,0,0,0,213,8,0,0,0,0,252,0,0,2,0,0,0,0,0,0
00408 features=561 size=11 p=5 tap=11 reset=false scheme=2 ops=0,3,3,2,3,0,0,0,3,0,1,3,0,3,0,0,3,0,0,2,3,2,0,0,0,0,0,2,0,2,3,0,3,0,3,2,2,2,3,0,0,2,2,3,3,2,3,2,0,3,0,3,3,3,2,3,2,0,2,3,1,0,3,1 ks=1,0,255,0,0,0,0,255,0,0,98,223,166,0,0,0,0,0,0,0,0,0,0,0,0,0,0,0,0,0,0,0,0,64,0,0,0,0,0,0,255,209,252,0,0,0,0,0,0,0,0,0,0,0,0,0,0,108,0,0,0,0,0,0
00409 features=609 size=6 p=5 tap=11 reset=false scheme=3 ops=0,3,2,2,3,0,0,0,3,0,2,2,2,3,0,0,3,0,0,2,3,2,0,2,2,3,2,2,0,2,3,3,0,0,3,2,2,2,3,0,0,2,2,3,2,2,3,2,2,3,0,3,3,2,2,3,3,0,2,3,0,0,3,0 ks=0,0,255,0,0,0,0,255,0,0,0,0,0,0,0,0,0,0,0,0,0,0,0,64,0,0,0,0,0,0,0,0,0,0,0,0,0,0,0,0,255,0,0,0,0,0,0,0,0,128,0,0,0,0,0,0,0,108,0,0,0,0,0,0
00410 features=921 size=16 p=5 tap=35 reset=true scheme=3 ops=0,3,2,2,3,0,0,0,3,0,2,2,2,3,0,0,3,0,0,2,3,2,0,2,2,3,2,2,0,2,3,3,3,0,3,2,2,2,3,0,0,2,2,3,0,1,1,1,2,3,0,3,3,2,2,2,2,0,2,2,0,0,3,0 ks=0,0,255,0,0,0,0,255,0,255,0,0,2,0,0,16,0,0,0,0,0,0,0,0,0,0,0,0,0,0,0,0,0,0,2,0,0,87,250,0,3,91,141,148,0,77,0,96,0,252,143,0,0,0,0,0,0,0,0,0,0,0,0,0
00411 features=777 size=8 p=5 tap=11 reset=true scheme=3 ops=2,3,2,2,3,2,2,2,3,2,2,2,2,3,2,3,3,2,2,2,3,2,2,2,2,3,2,2,0,2,3,3,1,2,2,2,2,2,3,2,2,2,2,3,2,2,3,2,2,3,3,3,3,2,2,2,2,0,2,2,0,3,3,2 ks=0,0,0,0,0,0,0,255,0,0,0,0,0,0,0,0,0,0,0,0,0,0,0,0,0,0,0,0,0,0,0,1,128,0,0,16,0,105,2,0,0,0,0,252,0,0,0,0,213,0,0,0,0,0,0,0,0,0,0,0,0,0,0,0
00412 features=715 size=9 p=5 tap=11 reset=false scheme=3 ops=0,3,2,2,3,0,0,0,3,0,2,1,2,3,0,0,3,0,0,2,3,2,0,2,0,0,2,2,2,2,0,2,0,0,0,1,2,2,3,0,0,2,2,3,2,3,3,2,2,3,0,3,3,2,2,2,2,0,2,3,0,0,3,0 ks=0,0,255,0,0,0,0,255,0,0,130,0,0,0,0,0,0,0,0,0,0,0,0,0,0,0,0,0,0,0,66,0,0,0,0,236,0,0,0,255,0,0,0,0,127,0,0,0,0,0,0,0,0,0,0,3,0,108,0,0,0,0,0,0
00413 features=631 size=7 p=5 tap=11 reset=true scheme=3 ops=0,3,1,0,3,0,0,0,3,0,0,1,3,3,0,0,3,0,0,1,3,3,0,1,1,3,1,0,0,1,3,3,3,0,3,3,0,1,3,0,0,3,1,3,1,1,3,0,3,3,0,3,3,0,3,1,3,0,1,3,0,0,3,0 ks=0,0,255,0,0,0,0,255,0,0,88,0,0,0,0,0,0,0,0,0,0,0,0,0,0,0,0,0,0,0,0,0,0,0,1,0,0,0,0,0,0,0,0,0,0,127,0,0,0,0,0,0,0,0,0,3,0,108,0,0,0,0,0,0
00414 features=755 size=8 p=5 tap=11 reset=false scheme=3 ops=0,3,2,2,3,0,0,0,3,0,2,2,2,3,0,0,3,0,0,2,3,2,0,2,0,0,2,2,2,2,0,2,0,0,0,1,2,2,3,0,0,2,2,3,2,2,3,2,2,3,0,3,3,2,2,2,2,0,2,3,0,0,3,0 ks=0,0,255,0,0,0,0,255,0,0,253,0,0,0,0,0,0,0,0,0,0,0,0,0,0,0,0,0,0,0,0,0,0,0,0,236,0,0,0,0,0,0,0,0,127,0,0,0,16,0,0,0,0,0,0,3,0,108,0,0,0,0,0,0
00415 features=758 size=4 p=5 tap=11 reset=true scheme=3 ops=0,1,2,2,3,0,0,0,3,0,2,2,2,3,0,0,3,0,0,2,3,3,0,2,2,0,2,2,0,2,3,3,3,0,3,2,2,2,3,0,0,2,2,3,2,2,3,2,2,3,0,3,3,2,2,2,2,0,2,3,0,0,3,0 ks=0,0,255,0,0,0,0,255,0,0,0,0,0,0,0,0,0,0,0,0,0,0,0,0,0,0,0,0,0,0,0,0,0,0,0,0,0,0,0,0,0,0,0,0,0,0,0,0,0,0,0,0,0,0,0,3,0,108,0,0,0,0,0,0
00416 features=834 size=3 p=5 tap=11 reset=true scheme=3 ops=0,3,0,2,3,0,0,0,3,0,2,2,2,3,0,0,3,0,0,2,3,2,0,2,2,3,2,2,0,2,3,3,3,0,3,2,2,2,3,0,0,2,2,3,2,2,3,2,2,3,0,3,3,2,2,2,2,0,2,3,0,0,3,0 ks=0,0,0,0,0,0,0,255,0,0,0,0,0,0,0,0,0,0,0,0,0,0,0,0,0,0,0,0,0,0,0,0,0,0,0,0,0,0,0,0,2,0,0,0,0,0,0,0,0,0,0,0,0,0,0,0,0,6,0,0,0,0,0,0
00417 features=662 size=11 p=5 tap=11 reset=true scheme=3 ops=0,3,1,0,3,0,0,0,3,0,0,1,0,1,0,0,3,0,0,3,3,2,0,2,1,3,1,0,0,1,3,3,3,0,0,3,0,1,3,0,0,3,1,3,1,1,3,0,3,3,0,3,3,0,3,1,3,0,1,3,0,0,3,0 ks=0,0,255,0,0,0,0,255,0,0,88,0,0,176,0,0,0,0,0,254,0,0,0,0,0,0,0,0,0,0,0,0,0,0,1,0,0,0,0,1,128,0,0,0,0,63,0,0,0,0,0,0,0,0,0,185,0,108,0,0,0,0,0,0
00418 features=661 size=12 p=5 tap=11 reset=false scheme=3 ops=0,3,2,2,3,0,0,0,3,0,1,1,0,3,0,0,3,0,0,2,3,2,0,0,0,0,0,0,0,0,1,0,3,0,3,2,2,2,3,0,0,2,2,3,3,2,3,2,2,3,0,3,3,2,2,2,2,0,2,3,0,0,3,0 ks=127,0,255,0,0,0,0,255,0,0,98,223,166,0,0,0,0,0,0,0,0,0,0,0,0,0,0,0,0,0,0,0,127,64,0,0,0,101,0,0,255,0,0,0,0,0,0,0,0,0,0,0,0,0,0,0,0,108,0,0,32,0,0,0
00419 features=905 size=26 p=5 tap=35 reset=true scheme=3 ops=0,3,2,2,3,0,0,0,3,0,2,2,2,3,0,0,3,0,0,2,3,2,0,2,2,3,2,2,0,2,3,3,3,0,3,2,2,2,3,0,0,2,2,3,0,1,1,1,2,3,0,3,1,2,2,2,2,0,2,3,0,0,3,0 ks=0,0,255,0,0,0,0,255,0,255,0,0,2,0,0,0,0,0,0,23,0,0,0,0,0,0,0,0,0,0,0,0,0,0,2,0,22,87,250,196,38,94,141,148,0,77,7,96,166,252,143,144,177,0,16,0,0,108,0,0,16,0,0,140
00420 features=754 size=10 p=5 tap=11 reset=true scheme=3 ops=0,3,2,2,3,0,0,0,3,0,2,2,2,3,0,0,3,0,0,2,3,2,0,2,2,3,2,2,0,0,3,3,1,0,3,2,2,2,3,0,0,2,2,3,0,2,3,2,2,3,0,3,3,2,2,3,2,0,2,3,1,0,3,0 ks=0,0,255,0,0,0,0,255,0,0,8,0,0,0,0,0,107,0,0,0,0,0,0,64,0,0,0,3,0,0,0,0,0,0,0,0,0,0,0,0,255,0,0,0,0,0,0,0,0,128,20,0,0,0,0,0,0,108,0,0,0,0,0,0
00421 features=606 size=10 p=5 tap=11 reset=false scheme=3 ops=0,3,2,2,3,0,0,0,3,0,1,1,0,3,0,0,3,0,0,2,3,2,0,0,0,0,0,0,0,0,0,0,3,0,3,2,2,2,3,0,0,2,2,3,3,2,3,2,0,3,0,3,3,2,2,2,2,0,2,3,0,0,3,1 ks=1,0,255,0,0,0,0,255,0,0,98,223,0,0,0,0,0,0,0,0,0,0,0,0,0,0,0,0,0,0,0,0,0,64,0,0,0,0,0,0,255,0,0,0,0,0,0,0,0,0,0,0,0,0,0,0,0,2,0,0,255,0,0,254
00422 features=750 size=5 p=5 tap=11 reset=true scheme=3 ops=0,3,2,2,3,0,0,0,3,0,2,2,2,3,0,0,3,0,0,2,3,2,0,0,0,0,0,0,0,0,0,0,3,0,3,2,2,2,3,0,0,2,2,3,2,2,3,2,2,3,0,3,3,2,2,2,2,0,2,3,0,0,3,0 ks=0,0,255,0,0,0,0,255,0,0,0,0,0,0,0,0,0,0,0,0,0,0,0,0,0,0,0,0,0,0,0,0,0,0,0,0,0,0,0,0,255,0,0,0,0,0,0,0,0,0,0,0,0,0,0,0,0,108,0,0,0,2,0,0
00423 features=634 size=11 p=5 tap=11 reset=false scheme=3 ops=0,3,2,2,3,0,0,0,3,0,2,2,2,3,0,0,3,0,0,2,3,2,0,2,2,3,2,2,0,2,1,3,1,0,3,2,2,2,3,0,0,2,2,3,2,2,3,2,2,2,0,3,3,2,2,3,2,0,2,3,1,0,3,0 ks=0,0,255,0,0,0,0,255,0,0,8,0,0,0,0,0,8,2,0,0,0,0,0,64,0,0,127,3,0,0,0,0,0,0,0,0,0,0,0,0,0,0,0,0,0,0,0,0,0,128,20,0,0,0,0,0,0,108,0,0,0,0,0,0
00424 features=827 size=6 p=5 tap=11 reset=true scheme=3 ops=0,3,2,2,3,0,0,3,3,0,1,2,2,3,0,0,3,0,0,2,3,2,0,2,2,3,2,2,0,2,3,3,3,0,3,2,2,2,3,0,0,2,2,3,2,2,3,2,2,3,0,3,3,2,2,2,2,0,2,3,0,0,3,0 ks=0,0,255,254,0,0,0,108,0,0,0,0,0,0,0,0,0,0,0,0,0,0,0,0,0,0,0,0,0,0,0,0,0,0,0,0,0,0,0,0,2,0,0,0,0,0,0,0,0,0,0,0,0,0,0,0,0,2,254,0,0,0,0,0
00425 features=458 size=5 p=5 tap=11 reset=false scheme=3 ops=0,3,3,3,3,0,0,0,3,0,3,1,3,3,0,0,3,0,0,0,3,0,0,3,0,3,0,0,0,0,3,3,3,0,3,3,2,0,3,0,0,0,0,3,2,0,3,0,3,3,0,3,3,0,3,3,3,0,0,3,0,0,3,0 ks=0,0,0,0,0,0,0,255,0,0,0,0,0,0,0,0,0,128,0,0,0,0,0,0,0,0,0,0,0,0,0,0,0,0,255,0,0,0,0,42,0,0,0,0,0,0,0,0,0,0,0,0,0,0,0,0,0,2,0,0,0,0,0,0
00426 features=671 size=8 p=5 tap=11 reset=false scheme=3 ops=2,3,2,2,3,0,0,0,3,0,2,2,2,3,0,0,3,0,0,2,3,2,0,2,2,3,2,2,0,2,3,3,0,0,3,2,2,2,3,0,0,2,2,3,2,2,3,2,2,3,0,3,3,2,2,3,2,0,2,3,0,0,3,0 ks=0,0,255,0,0,0,0,255,0,0,0,0,0,0,0,0,0,0,0,0,0,0,1,64,0,0,0,0,0,0,0,0,0,0,0,0,0,0,0,0,255,0,0,0,2,0,0,0,0,128,0,0,0,0,0,0,0,108,0,0,0,0,0,0
00427 features=765 size=6 p=5 tap=2 reset=true scheme=3 ops=0,3,2,2,3,0,0,0,3,0,2,2,2,3,0,0,3,0,0,2,3,2,0,3,2,3,2,1,0,2,3,3,3,0,3,2,2,2,3,0,0,2,2,3,2,2,3,2,2,3,0,3,3,2,2,2,2,0,2,2,1,0,3,0 ks=0,4,183,0,0,0,0,255,0,0,0,0,1,0,0,0,0,0,0,0,0,0,0,0,0,0,0,0,0,0,0,0,0,0,0,0,0,0,0,0,0,0,0,0,0,253,0,0,213,0,0,0,0,0,0,0,0,0,0,0,0,0,0,0
00428 features=702 size=13 p=5 tap=11 reset=false scheme=3 ops=0,3,2,2,3,0,0,0,3,1,1,1,0,3,0,0,3,0,0,2,3,2,0,0,0,0,0,0,0,0,0,0,3,0,1,2,2,2,3,0,0,2,2,3,3,2,3,2,2,3,0,3,3,2,2,2,2,0,2,3,0,0,3,0 ks=127,0,255,0,0,0,0,255,0,0,98,223,166,0,0,0,0,0,0,0,0,0,128,0,0,0,0,0,0,0,0,0,127,64,0,0,0,101,0,0,255,0,0,0,0,0,0,0,0,0,0,0,0,0,0,0,0,108,0,0,32,0,0,0
00429 features=783 size=7 p=5 tap=11 reset=true scheme=3 ops=0,3,2,2,3,0,0,0,3,0,2,3,2,3,0,3,3,0,0,2,3,2,0,2,2,3,2,2,0,2,3,3,3,0,3,2,2,2,3,0,0,2,2,3,2,2,3,2,3,3,0,3,3,2,2,2,2,0,2,3,0,0,3,0 ks=0,0,255,0,0,0,0,255,0,0,0,0,0,0,0,0,0,0,0,0,0,0,0,0,0,0,0,0,0,0,255,0,0,0,0,0,0,0,0,0,0,0,0,0,0,127,0,0,0,0,1,0,0,0,0,3,0,24,0,0,0,0,0,0
00430 features=754 size=6 p=5 tap=11 reset=true scheme=3 ops=0,3,2,2,3,0,0,0,3,0,2,2,2,3,0,0,3,0,0,2,3,2,0,2,2,3,2,2,0,2,3,3,3,0,3,2,2,2,3,0,0,2,2,3,2,2,3,2,2,3,0,3,3,2,2,3,2,0,2,3,0,0,3,0 ks=0,0,255,0,0,0,0,255,0,0,0,0,2,0,0,0,0,0,0,0,0,0,255,0,0,0,0,0,0,0,0,0,0,0,0,0,0,0,0,0,0,0,0,0,0,0,0,0,0,0,0,0,0,0,16,0,0,108,0,0,0,0,0,0
00431 features=713 size=7 p=5 tap=11 reset=false scheme=3 ops=0,3,2,2,3,0,0,0,3,0,2,1,2,3,0,0,3,0,0,2,3,2,0,2,0,0,2,2,2,2,0,2,0,0,0,2,2,2,3,0,0,2,2,3,2,2,3,2,2,3,0,3,3,2,2,3,2,0,2,3,0,0,3,0 ks=0,0,255,0,0,0,0,255,0,0,0,0,0,0,0,0,0,0,0,0,0,0,0,0,0,0,0,0,0,0,0,0,0,0,0,0,0,0,0,0,0,0,0,0,127,0,0,255,208,0,20,0,0,0,0,0,0,108,0,0,0,0,0,0
00432 features=768 size=10 p=5 tap=16 reset=false scheme=3 ops=0,3,2,2,3,0,0,0,3,0,2,2,2,3,0,0,3,0,0,2,3,2,0,2,2,3,2,2,0,2,3,3,3,0,3,2,2,2,3,0,0,2,2,3,2,2,3,2,2,3,0,3,3,2,2,2,2,0,2,3,0,0,2,0 ks=0,0,255,0,0,0,0,255,0,255,0,0,2,0,0,0,0,0,0,0,0,0,2,0,0,0,0,0,0,0,0,0,0,0,2,0,0,0,0,0,0,0,0,0,0,0,0,0,0,0,4,0,2,0,16,0,0,108,0,0,0,0,0,0
00433 features=768 size=8 p=5 tap=11 reset=true scheme=3 ops=0,3,2,2,3,0,0,0,3,0,2,2,2,3,0,0,3,0,0,2,3,2,0,2,2,3,2,2,0,2,3,3,3,0,3,2,2,2,1,0,0,2,2,3,2,2,3,2,2,3,0,3,3,2,2,2,2,0,2,3,0,0,3,0 ks=0,0,255,255,0,0,0,255,0,0,0,0,2,0,0,0,0,0,0,0,8,0,0,0,0,0,0,0,0,0,0,0,0,0,0,0,0,0,0,0,0,0,253,0,0,0,0,0,0,0,0,0,0,0,16,0,0,108,0,0,0,0,0,0
00434 features=821 size=11 p=5 tap=11 reset=true scheme=3 ops=0,3,2,2,3,0,0,0,3,0,2,2,2,3,0,0,3,0,0,2,3,2,0,2,2,3,2,2,0,2,3,3,3,0,3,2,2,2,3,0,0,2,2,3,2,2,3,2,2,3,0,3,3,2,2,2,2,0,2,3,0,0,3,0 ks=0,0,255,0,0,0,0,255,0,0,0,0,2,0,0,0,0,0,0,0,0,0,0,0,0,4,0,0,128,0,0,0,0,0,0,0,0,0,0,0,0,0,2,0,0,0,0,0,255,0,0,0,0,0,16,1,253,108,0,0,0,0,0,0
00435 features=795 size=5 p=5 tap=11 reset=true scheme=3 ops=0,3,2,2,3,0,0,0,3,0,0,2,2,3,0,0,3,0,0,2,3,2,0,2,2,3,2,2,0,2,3,3,3,0,3,2,2,2,3,0,0,2,2,3,2,2,3,2,2,3,0,3,3,2,2,2,2,0,2,3,0,0,3,0 ks=0,0,0,0,0,0,0,255,0,0,0,0,0,0,2,0,0,0,0,0,0,0,0,0,0,0,0,0,0,0,0,0,0,0,0,0,0,0,0,0,0,0,252,0,0,0,0,0,0,0,0,0,0,0,0,0,0,2,0,0,0,254,0,0
00436 features=672 size=12 p=5 tap=11 reset=true scheme=3 ops=0,3,2,2,3,0,0,0,3,0,1,1,0,3,0,0,3,0,0,2,3,3,3,3,3,3,3,3,3,3,3,3,3,0,3,2,2,2,3,0,0,2,2,3,2,2,3,2,2,3,0,3,3,2,2,2,2,0,2,3,0,0,3,0 ks=0,0,255,0,0,0,0,255,0,0,34,223,166,0,0,0,0,0,0,0,0,0,0,0,0,0,0,0,0,0,0,0,0,128,0,0,0,1,0,0,251,0,1,0,3,0,0,0,0,0,0,0,0,0,0,128,0,108,0,0,0,0,0,0
00437 features=659 size=9 p=5 tap=11 reset=false scheme=3 ops=0,3,2,2,3,0,0,0,3,0,2,2,2,3,0,0,3,0,0,1,3,2,0,2,2,3,2,2,0,2,3,3,0,0,3,2,2,2,3,0,0,2,2,3,2,2,3,2,2,3,0,3,3,2,2,3,3,2,2,3,0,0,3,0 ks=0,0,255,0,0,255,0,0,0,0,0,0,0,0,0,0,0,0,0,0,252,0,0,64,0,0,254,0,0,0,0,0,0,0,0,0,0,4,0,0,255,0,0,0,0,0,108,0,0,0,0,0,0,0,0,0,0,0,0,0,0,8,0,0
00438 features=873 size=7 p=5 tap=11 reset=true scheme=5 ops=3,3,3,3,3,3,3,3,3,3,1,1,2,1,0,1,3,3,3,3,3,3,3,3,2,3,3,3,3,3,3,3,3,3,3,3,3,3,3,3,3,3,3,3,3,2,3,2,2,3,0,3,3,1,2,2,2,0,2,3,0,3,3,3 ks=0,0,0,0,0,0,0,0,0,0,34,223,0,0,0,0,126,0,0,0,0,0,0,0,0,0,0,0,0,0,0,78,0,0,0,0,0,32,0,0,0,0,0,0,0,0,127,0,0,0,0,0,0,0,0,0,0,0,0,0,0,0,0,1
00439 features=345 size=5 p=1 tap=11 reset=false scheme=3 ops=1,3,0,3,0,0,1,1,3,1,3,0,3,3,0,3,3,3,1,1,3,3,1,3,0,3,3,0,0,0,3,3,3,3,3,0,2,3,3,1,0,0,1,3,1,3,3,1,0,3,3,3,3,3,1,0,1,0,1,3,0,3,3,1 ks=0,0,0,0,0,0,0,0,0,0,0,0,0,0,0,0,0,0,0,0,0,0,0,0,0,0,0,0,0,0,0,0,0,0,0,0,0,0,0,0,4,1,0,0,0,0,0,127,213,0,0,0,0,0,0,0,0,0,0,0,0,0,0,158
00440 features=847 size=3 p=5 tap=11 reset=true scheme=3 ops=0,3,2,2,3,0,0,0,3,0,2,2,2,3,0,0,3,0,0,2,3,2,0,2,2,3,2,2,0,2,3,3,3,0,3,2,2,2,3,0,0,2,2,3,2,2,3,2,2,3,0,3,3,2,2,2,2,0,2,2,0,0,3,0 ks=0,0,0,0,0,0,0,255,0,0,0,0,0,1,0,0,0,0,0,0,0,0,0,0,0,0,0,0,0,0,0,0,0,0,0,0,0,0,0,0,0,0,0,0,0,0,0,0,0,0,0,0,0,0,0,0,0,0,0,0,127,0,0,0
00441 features=607 size=11 p=5 tap=11 reset=false scheme=3 ops=0,3,2,2,3,0,0,0,3,0,1,1,0,3,0,0,3,0,0,2,3,2,0,0,0,0,0,0,0,0,0,0,3,0,3,2,2,2,3,0,0,2,2,3,3,2,3,2,0,3,0,3,3,2,2,2,2,0,2,3,0,0,3,1 ks=1,0,255,0,0,0,0,255,0,0,98,223,0,0,0,0,128,0,0,0,0,0,0,0,0,0,0,0,0,0,0,0,0,64,0,0,0,0,0,0,255,0,0,0,0,0,0,0,0,0,0,0,0,0,0,0,0,2,0,0,255,0,0,254
00442 features=705 size=9 p=5 tap=11 reset=false scheme=3 ops=0,3,2,2,3,0,0,0,3,0,2,2,2,3,0,0,3,0,2,2,3,2,0,2,2,3,2,2,0,2,3,3,0,0,3,2,2,2,3,0,0,2,2,3,2,2,3,2,2,1,0,3,3,0,2,0,3,0,2,3,0,0,3,0 ks=0,0,255,0,0,0,0,255,0,0,0,0,0,0,3,0,0,0,0,0,0,0,0,64,0,0,0,0,0,0,0,0,0,0,0,0,0,3,0,0,255,0,0,0,7,0,0,0,0,128,0,0,0,0,0,0,0,108,0,0,0,0,0,0
00443 features=813 size=6 p=5 tap=11 reset=true scheme=3 ops=0,3,2,2,3,0,0,0,3,0,2,2,2,3,0,0,3,0,0,2,3,2,0,2,2,3,2,2,0,2,3,3,3,0,3,2,2,2,3,0,0,2,2,3,2,2,3,2,2,3,0,3,3,2,2,2,2,0,2,3,0,0,3,0 ks=0,0,255,0,0,0,0,255,0,0,0,0,2,0,0,0,0,0,0,0,0,0,0,0,0,0,0,0,0,0,0,0,0,0,0,0,0,0,0,0,0,0,0,0,0,0,0,0,0,0,0,0,0,0,16,0,0,108,0,0,0,2,0,0
00444 features=724 size=7 p=5 tap=11 reset=false scheme=3 ops=0,3,2,2,3,0,0,0,3,0,2,2,2,3,0,0,3,0,0,2,3,2,0,2,2,3,2,2,0,2,3,3,0,0,3,2,2,2,3,0,0,2,2,3,2,2,3,2,2,3,0,3,3,2,2,2,2,0,2,3,0,0,3,0 ks=0,0,255,0,0,0,0,255,0,0,0,0,0,0,0,0,0,0,0,0,0,0,0,0,0,0,0,0,0,0,0,0,0,0,0,0,0,0,0,0,0,64,0,0,0,0,255,0,0,128,0,0,0,0,0,128,0,108,0,0,0,0,0,0
00445 features=568 size=8 p=5 tap=11 reset=false scheme=3 ops=0,3,2,2,3,0,0,0,3,0,1,2,2,3,0,0,3,0,0,2,3,2,0,3,3,3,3,3,3,3,3,3,3,0,3,2,2,2,3,0,0,2,2,3,2,2,3,2,2,3,0,3,3,2,2,2,2,0,2,3,2,0,3,0 ks=0,0,255,0,0,0,0,185,0,255,0,0,2,0,0,0,4,0,0,0,0,0,0,0,0,0,0,0,0,0,0,0,0,0,0,0,0,0,176,0,0,0,0,0,0,0,0,0,0,0,0,0,0,0,0,0,61,108,0,0,0,0,0,0
00446 features=625 size=11 p=5 tap=11 reset=false scheme=0 ops=0,3,2,2,3,0,0,0,3,0,1,1,0,3,0,0,3,0,0,2,3,2,0,0,0,0,0,0,0,0,0,0,3,0,3,2,2,2,3,0,0,2,2,3,3,2,3,2,0,3,0,3,3,2,2,2,2,0,3,3,0,0,3,1 ks=1,0,255,0,0,0,0,127,0,0,98,223,0,0,0,0,0,0,0,0,0,0,0,0,0,0,0,0,0,0,0,0,0,64,0,0,0,0,0,0,255,0,0,0,0,0,0,0,0,0,0,0,0,0,0,0,0,2,254,0,255,0,0,254
00447 features=787 size=6 p=5 tap=11 reset=true scheme=3 ops=0,3,2,2,3,0,0,0,3,0,1,1,3,3,3,3,3,3,0,2,3,2,0,2,2,3,2,2,0,2,3,3,3,0,3,2,2,2,3,0,0,2,2,3,2,2,3,2,2,3,0,3,3,2,2,2,2,0,2,3,1,0,3,0 ks=0,0,255,2,0,0,0,0,0,0,0,0,0,0,0,0,0,0,0,0,0,0,0,0,0,0,0,0,0,0,0,0,0,127,0,0,0,0,0,0,0,0,2,0,0,0,0,0,0,0,0,0,0,0,16,0,0,108,0,0,0,0,0,0
00448 features=770 size=9 p=5 tap=11 reset=true scheme=3 ops=0,3,2,2,3,0,0,0,3,0,1,1,0,3,0,0,3,0,0,0,3,2,0,0,0,0,0,0,0,0,0,0,3,0,3,2,2,2,3,0,0,2,2,3,2,2,3,2,2,3,0,3,3,2,2,2,2,0,2,3,0,0,3,0 ks=0,0,255,0,0,0,0,255,0,0,34,223,166,0,0,0,0,0,0,0,0,0,0,0,0,0,0,0,0,0,0,0,0,0,0,0,0,1,0,0,251,0,0,0,0,0,0,0,0,0,0,0,0,0,0,128,0,108,0,0,0,0,0,0
00449 features=768 size=9 p=5 tap=11 reset=true scheme=3 ops=0,3,2,2,3,0,0,0,3,0,2,2,2,3,0,0,3,0,0,2,3,2,0,2,2,3,2,2,0,2,3,3,3,0,3,2,2,2,1,0,0,2,2,3,2,2,3,2,2,3,0,3,3,2,2,2,2,0,2,3,0,0,3,0 ks=0,0,255,255,0,0,0,255,0,0,0,0,2,0,0,0,0,0,0,0,8,0,0,0,0,0,0,0,0,0,0,0,0,0,0,0,0,0,0,0,0,0,253,0,0,0,0,0,0,0,0,0,0,0,16,0,0,108,0,0,32,0,0,0
00450 features=730 size=9 p=5 tap=11 reset=false scheme=3 ops=0,3,2,2,3,1,0,0,3,0,2,2,2,3,0,0,3,0,0,2,3,2,0,2,0,0,2,2,2,2,0,2,0,0,0,1,2,2,3,0,0,2,2,3,2,2,3,2,2,3,0,3,3,2,2,2,2,0,2,3,0,0,3,0 ks=0,0,255,0,0,0,0,255,0,0,253,0,0,0,0,0,0,0,0,255,0,0,0,0,0,0,0,0,0,0,0,0,0,0,0,236,0,0,0,0,0,0,0,0,127,0,0,0,16,0,0,0,0,0,0,3,0,108,0,0,0,0,0,0
00451 features=637 size=9 p=2 tap=11 reset=false scheme=3 ops=0,3,2,2,3,0,0,0,3,0,2,2,2,3,0,0,3,0,0,2,3,2,0,2,2,3,2,2,0,2,3,3,0,0,3,2,2,2,3,0,0,2,2,3,2,2,3,2,2,3,0,3,3,2,2,3,3,0,2,3,0,0,3,0 ks=2,0,255,0,0,0,0,0,0,0,0,0,128,0,0,0,0,0,0,0,0,0,0,64,0,0,0,0,0,0,0,0,0,0,0,0,0,4,0,0,255,1,0,0,0,0,108,0,0,0,0,0,0,0,0,0,0,108,0,0,0,0,0,0
00452 features=764 size=11 p=5 tap=11 reset=true scheme=3 ops=0,3,2,2,3,0,0,0,3,0,1,1,0,3,0,0,3,0,0,2,3,2,0,0,0,0,0,0,0,0,0,0,3,0,3,2,2,2,3,0,0,2,2,3,3,2,3,2,2,3,0,3,3,2,2,2,2,0,2,3,0,0,3,0 ks=1,0,255,0,0,0,0,255,0,0,98,223,166,0,0,0,0,0,0,0,0,1,0,0,0,0,0,0,0,0,0,0,0,64,0,0,0,0,0,0,255,0,0,0,0,128,0,0,0,0,0,0,0,0,0,0,0,108,0,0,0,0,0,0
00453 features=612 size=7 p=1 tap=11 reset=false scheme=3 ops=0,3,2,2,3,0,0,0,3,0,2,2,2,3,0,0,3,0,0,2,3,2,0,2,2,3,2,2,0,2,3,3,3,0,3,2,2,2,3,0,0,2,2,3,2,2,3,2,2,3,0,3,3,2,2,2,2,0,2,3,0,0,3,1 ks=0,0,0,0,0,0,0,255,0,0,0,193,0,0,0,0,0,0,0,0,0,0,0,0,0,0,0,0,0,0,0,0,0,0,0,0,0,0,252,0,2,0,0,0,0,0,0,0,0,0,0,0,0,0,0,0,0,2,0,0,255,0,0,254
00454 features=828 size=5 p=5 tap=11 reset=true scheme=3 ops=0,3,2,2,3,0,0,0,3,0,2,2,2,3,0,0,3,0,0,2,3,2,0,2,2,0,2,2,0,2,3,3,3,0,3,2,2,2,3,0,0,2,2,3,2,2,3,2,2,3,0,3,3,2,2,2,2,0,2,3,0,0,3,0 ks=0,0,255,0,0,0,0,255,0,0,0,0,0,0,0,0,0,0,0,0,0,0,0,0,0,0,0,0,0,0,0,0,0,0,0,0,0,0,0,0,0,0,2,0,0,0,0,0,0,0,0,0,0,0,0,3,0,108,0,0,0,0,0,0
00455 features=954 size=25 p=5 tap=35 reset=true scheme=3 ops=0,3,2,2,3,0,0,0,3,0,2,2,2,3,0,0,3,0,0,2,3,2,0,2,2,3,2,2,0,2,3,3,3,0,3,2,2,2,3,0,0,2,2,3,0,1,1,1,2,3,0,3,1,2,2,2,2,0,2,3,0,0,3,0 ks=0,0,255,0,0,0,0,255,0,255,0,0,2,0,0,0,0,0,0,23,8,0,0,0,0,0,0,0,0,0,0,0,0,0,2,0,0,87,250,196,3,94,141,148,0,77,141,96,166,252,143,144,177,0,16,0,0,108,0,0,0,0,0,140
00456 features=660 size=11 p=5 tap=11 reset=false scheme=3 ops=0,3,2,2,3,0,0,0,3,0,2,2,2,3,0,0,3,0,0,2,3,2,0,2,2,3,2,2,0,2,3,3,2,0,3,2,2,2,3,0,0,2,2,3,2,2,3,2,2,3,0,3,3,2,2,3,2,0,2,3,3,0,3,0 ks=0,0,255,0,0,0,0,255,0,0,8,0,0,0,0,0,12,0,0,0,0,0,0,64,0,0,127,3,0,0,0,0,0,0,0,0,0,0,0,0,255,0,0,0,0,0,0,127,213,0,20,0,0,0,0,0,0,0,0,0,0,0,0,0
00457 features=837 size=12 p=5 tap=11 reset=true scheme=3 ops=0,3,2,2,3,0,0,0,3,0,1,1,0,3,0,0,3,0,0,2,3,2,0,2,2,3,2,2,0,0,0,0,3,0,0,2,2,2,3,0,0,2,2,3,3,2,3,2,0,3,0,3,3,2,2,2,2,0,2,3,0,0,3,1 ks=1,0,255,169,0,0,0,255,0,0,98,223,0,0,0,0,0,0,0,0,8,0,0,0,0,0,0,0,0,0,0,0,0,64,0,0,0,0,0,0,255,0,0,0,0,0,0,0,0,0,0,0,0,0,0,1,0,108,0,0,255,0,0,0
00458 features=803 size=8 p=5 tap=11 reset=true scheme=3 ops=0,3,2,2,3,0,0,0,3,0,1,1,0,3,0,0,3,0,0,2,3,2,0,0,0,0,0,0,0,0,0,0,3,0,3,2,2,2,3,0,0,0,2,3,3,2,1,2,2,3,0,3,3,2,2,2,2,0,2,3,0,0,3,0 ks=1,0,255,0,0,0,0,255,0,0,98,223,0,0,0,0,0,0,0,0,0,0,0,0,0,0,0,0,0,0,0,0,0,64,0,0,0,0,0,0,255,0,0,0,0,0,0,0,0,0,0,0,0,0,0,0,0,108,0,0,0,0,0,0
00459 features=608 size=8 p=1 tap=11 reset=false scheme=3 ops=0,3,2,2,3,0,0,0,3,0,2,2,2,3,0,0,3,0,0,2,3,2,0,2,2,3,2,2,0,2,3,3,3,0,3,2,2,2,3,0,0,2,2,3,2,2,3,2,2,3,0,3,3,2,2,2,2,0,2,3,0,0,3,1 ks=0,0,0,0,0,0,0,255,0,0,0,193,0,0,0,0,0,0,0,0,0,0,0,0,0,0,0,0,0,0,0,0,0,0,0,0,198,0,252,0,2,0,0,0,0,0,0,0,0,0,0,0,0,0,0,0,0,2,0,0,255,0,0,254
00460 features=827 size=6 p=5 tap=11 reset=true scheme=3 ops=0,3,2,2,3,0,0,0,3,0,2,2,2,3,0,0,3,0,0,2,3,2,0,2,2,0,2,2,0,2,3,3,3,0,3,2,2,2,3,0,0,2,2,3,2,2,3,2,2,3,0,3,3,2,2,2,2,0,2,3,0,0,3,0 ks=0,0,255,0,0,0,0,255,0,0,0,0,0,0,0,0,0,0,0,0,0,0,0,0,0,0,0,128,0,0,0,0,0,0,0,0,0,0,0,0,0,0,2,0,0,0,0,0,0,0,0,0,0,0,0,1,0,108,0,0,0,0,0,0
00461 features=766 size=7 p=5 tap=11 reset=true scheme=3 ops=0,3,2,2,3,0,0,0,3,0,2,2,2,3,0,0,3,0,0,2,3,2,0,2,2,3,2,2,0,2,3,3,3,0,3,2,2,2,3,0,0,2,2,3,2,2,3,2,0,3,0,3,3,1,2,2,2,0,2,3,0,0,3,0 ks=0,0,255,0,0,0,0,255,0,0,0,0,2,0,0,0,0,0,0,0,0,0,255,0,0,0,0,0,0,0,0,0,0,0,0,0,0,0,0,0,0,0,0,0,0,0,0,0,0,0,127,0,0,0,16,0,0,108,0,0,0,0,0,0
00462 features=782 size=5 p=5 tap=11 reset=true scheme=3 ops=0,3,2,2,3,0,0,0,3,0,2,2,2,3,0,0,3,0,0,1,3,2,0,2,2,3,2,2,0,2,3,3,3,0,3,2,2,2,3,0,0,2,2,3,2,2,3,2,2,2,0,3,3,2,2,2,2,0,2,3,0,0,3,0 ks=0,0,255,0,0,0,0,255,0,0,0,0,0,0,0,0,0,0,0,0,0,0,0,0,0,0,0,0,0,0,0,0,0,0,0,0,0,0,0,0,2,0,0,0,0,0,0,0,0,2,0,0,0,0,0,0,0,6,0,0,0,0,0,0
00463 features=855 size=15 p=5 tap=11 reset=true scheme=3 ops=0,3,2,2,3,0,0,0,3,0,2,2,2,3,0,0,3,0,0,2,3,2,0,2,1,3,3,1,0,3,3,3,3,0,3,2,3,2,3,0,0,2,2,0,2,2,3,2,2,3,0,3,3,2,2,2,2,0,2,3,0,0,3,3 ks=0,55,0,0,0,0,0,255,0,0,0,0,0,0,2,0,0,0,0,0,2,0,0,0,254,0,0,0,0,12,143,0,0,0,0,0,0,0,128,0,0,0,252,3,0,0,0,0,0,0,255,0,0,0,0,0,0,2,0,255,1,0,0,1
00464 features=857 size=7 p=5 tap=11 reset=true scheme=3 ops=0,3,2,2,3,0,0,0,3,0,2,2,2,3,0,0,3,0,0,2,3,2,0,2,2,3,2,2,0,2,3,3,3,0,3,2,2,2,3,0,0,2,2,0,2,2,3,2,2,3,0,3,3,2,2,2,2,0,2,3,0,0,3,3 ks=0,0,0,3,0,0,0,255,0,0,0,0,0,0,2,0,0,0,0,0,0,0,255,0,0,0,0,0,0,0,0,0,0,0,0,0,0,0,0,0,0,0,0,0,0,0,2,0,0,0,0,0,0,0,0,0,0,2,0,255,0,0,0,0
00465 features=792 size=6 p=5 tap=11 reset=true scheme=3 ops=0,3,2,2,3,0,0,0,3,0,2,3,2,3,0,0,3,0,0,2,3,2,0,2,2,3,2,2,0,2,3,3,3,0,3,2,2,2,3,0,0,2,2,3,2,2,3,2,3,3,0,3,3,2,2,2,2,0,2,3,0,0,3,0 ks=0,0,255,0,0,0,0,255,0,0,0,0,252,0,0,0,0,0,0,0,0,0,0,0,0,0,0,0,0,0,0,0,0,0,0,0,0,0,0,0,0,0,0,0,0,127,0,0,0,0,0,0,0,0,0,3,0,108,0,0,0,0,0,0
00466 features=828 size=11 p=5 tap=24 reset=true scheme=5 ops=3,3,3,3,3,3,3,3,3,3,1,1,2,1,0,1,3,3,3,3,3,3,3,3,2,3,3,1,3,3,3,3,3,3,3,3,3,3,3,3,3,3,3,3,3,2,3,2,2,3,0,3,3,1,2,2,2,0,2,3,0,3,3,3 ks=0,0,0,0,0,0,0,0,0,32,34,223,0,0,0,0,126,0,0,0,16,0,0,0,0,0,0,0,0,0,0,78,0,0,0,0,0,32,0,0,0,0,0,0,0,0,127,0,0,0,0,0,0,0,0,0,0,0,0,1,0,254,0,1
00467 features=807 size=7 p=5 tap=11 reset=true scheme=3 ops=0,3,2,2,3,0,0,0,3,0,2,2,2,3,0,0,3,0,0,2,3,2,0,2,2,3,2,2,0,2,3,3,3,0,3,2,2,2,3,0,0,2,2,3,2,2,3,2,2,3,0,3,3,2,2,2,2,0,2,3,0,0,3,0 ks=0,0,255,0,0,0,0,255,0,0,0,249,0,0,0,0,0,0,0,0,0,0,0,0,0,0,0,0,0,0,0,0,0,0,0,0,0,0,0,0,0,2,0,0,0,0,0,0,0,0,0,0,0,0,0,128,0,108,0,1,0,0,0,0
00468 features=751 size=11 p=5 tap=11 reset=false scheme=3 ops=0,3,2,2,3,0,0,0,3,0,2,2,2,3,0,0,3,0,0,2,3,2,0,2,2,3,1,2,0,2,3,3,0,0,0,1,2,2,3,0,0,2,2,3,2,2,3,2,2,3,0,3,3,2,2,2,2,0,2,3,0,0,3,0 ks=0,0,255,0,0,0,0,255,0,0,254,42,0,0,0,0,0,0,2,0,0,0,0,0,0,0,0,0,0,0,0,0,0,0,23,236,0,0,0,0,0,0,0,0,127,0,0,0,16,0,0,0,0,0,0,3,0,254,0,0,0,0,0,0
00469 features=740 size=10 p=5 tap=16 reset=false scheme=3 ops=0,3,3,2,3,0,0,0,3,0,2,2,2,3,0,0,3,0,0,2,3,3,0,2,0,0,0,0,0,0,0,0,3,0,3,2,2,2,3,0,0,2,2,3,2,2,3,2,2,3,0,3,3,2,2,2,3,0,2,2,0,0,3,0 ks=0,0,253,0,0,0,0,255,0,0,0,0,0,0,0,0,43,0,0,0,0,0,0,0,0,0,0,0,4,0,0,17,0,0,252,0,0,0,0,0,0,0,0,0,0,0,0,0,0,0,128,0,2,0,16,0,0,108,0,0,0,0,0,0
00470 features=694 size=12 p=5 tap=62 reset=false scheme=3 ops=0,3,3,3,3,0,0,0,3,0,0,3,0,3,0,0,3,0,0,3,3,3,0,0,0,3,3,0,0,0,3,3,3,0,0,0,0,0,3,0,0,0,0,3,0,3,3,0,3,3,0,3,3,0,0,3,2,0,2,3,1,0,3,0 ks=0,0,255,0,0,0,0,0,0,0,2,0,128,0,0,0,1,0,0,0,0,0,0,0,0,0,4,0,0,0,0,0,0,0,2,0,0,0,0,0,0,0,2,0,0,0,0,0,1,0,0,216,0,0,16,0,0,108,0,0,0,0,0,1
00471 features=706 size=16 p=2 tap=11 reset=true scheme=3 ops=0,3,3,3,3,0,0,0,3,0,3,3,3,1,0,1,3,1,1,2,3,2,0,2,3,3,3,0,0,0,3,3,3,0,3,2,2,2,3,0,0,2,2,3,2,2,3,2,2,3,0,3,3,2,3,3,3,0,0,3,0,0,3,0 ks=1,0,0,0,0,0,0,255,0,0,0,0,0,229,50,140,126,149,2,195,181,0,31,240,0,0,0,0,252,0,0,0,0,0,0,0,0,0,0,0,32,99,0,0,0,0,0,0,0,0,0,0,0,0,0,0,0,2,0,0,0,0,0,0
00472 features=552 size=13 p=5 tap=11 reset=false scheme=2 ops=0,3,3,2,3,0,3,0,3,0,1,1,0,3,0,0,3,0,0,2,3,2,0,0,0,0,0,2,0,2,3,0,3,0,3,3,2,0,3,0,0,2,2,3,3,2,3,2,0,3,0,3,3,2,2,3,2,0,2,3,1,0,3,1 ks=1,0,255,0,0,0,0,255,0,0,98,223,166,0,0,0,0,0,0,0,0,0,0,254,0,0,0,0,0,0,0,0,0,64,0,0,0,0,0,42,0,209,252,0,0,0,0,0,0,0,0,0,0,0,0,0,0,108,0,32,0,0,0,0
00473 features=764 size=6 p=5 tap=11 reset=true scheme=3 ops=2,3,2,2,3,0,0,0,3,0,2,2,2,3,0,0,3,0,0,2,3,2,0,2,2,3,2,2,0,2,3,3,0,0,3,2,2,2,3,0,0,2,2,3,2,2,3,2,2,3,0,3,3,2,2,2,2,0,2,3,0,0,3,0 ks=0,0,255,0,0,0,0,255,0,0,0,0,0,0,0,0,0,0,0,0,0,0,0,0,0,0,0,0,0,0,0,0,0,0,0,0,0,0,0,0,255,0,0,0,0,0,0,0,0,128,0,0,0,0,0,128,0,108,0,0,0,0,0,0
00474 features=648 size=11 p=5 tap=11 reset=false scheme=3 ops=0,3,2,2,3,0,0,0,3,0,2,2,2,3,0,0,3,0,0,2,3,2,0,2,2,3,2,2,0,2,3,3,3,0,3,2,2,2,3,0,0,2,2,3,2,2,3,2,2,3,0,3,3,2,2,2,2,0,2,3,0,0,3,0 ks=0,194,255,0,0,0,0,255,0,0,2,0,2,0,0,0,27,0,0,0,0,0,0,0,0,0,0,0,0,0,0,0,0,0,0,0,0,0,0,0,0,0,2,0,0,0,0,1,1,0,0,0,0,0,16,0,0,108,0,0,0,0,0,0
00475 features=937 size=25 p=5 tap=35 reset=true scheme=3 ops=0,3,2,2,3,0,0,0,3,0,2,2,2,3,0,0,3,0,0,1,3,2,0,2,2,3,2,2,0,2,3,3,3,0,3,2,2,2,3,0,0,2,2,3,0,1,1,1,2,3,0,3,1,2,2,2,2,0,2,3,0,0,3,0 ks=0,0,255,0,0,0,0,255,0,255,0,0,2,0,0,0,0,0,0,23,8,0,0,0,0,0,0,0,0,0,0,0,0,0,2,0,0,87,250,196,3,94,141,68,0,77,7,96,166,252,143,144,177,0,16,0,0,108,0,0,0,0,0,140
00476 features=706 size=10 p=5 tap=11 reset=true scheme=3 ops=0,3,2,3,3,3,3,3,3,3,1,1,2,1,0,1,3,3,0,2,3,2,0,2,1,3,2,2,0,2,3,3,3,1,1,2,2,2,0,0,0,2,2,3,2,2,3,2,2,3,0,3,3,2,2,2,2,0,2,3,0,0,3,0 ks=0,0,255,0,0,0,0,0,0,32,34,223,0,0,0,0,126,0,0,0,0,0,0,0,0,0,0,0,0,0,0,0,0,0,0,0,19,0,0,0,0,0,127,0,0,0,0,0,0,0,0,0,0,0,0,3,0,0,0,0,2,149,0,0
00477 features=791 size=7 p=5 tap=11 reset=true scheme=3 ops=0,3,2,2,3,0,0,0,3,0,1,1,3,3,3,3,3,3,0,2,3,2,0,2,2,3,2,2,0,2,3,3,3,0,3,2,2,2,3,0,0,2,2,3,2,2,3,2,2,3,0,3,3,2,2,2,2,0,2,3,0,0,3,0 ks=0,0,255,2,4,0,0,0,0,0,0,0,0,0,0,0,0,0,0,0,0,0,0,0,0,0,0,0,0,0,0,0,0,127,0,0,0,0,0,0,0,0,2,0,0,0,0,0,0,0,0,0,0,0,0,128,0,108,0,0,0,0,0,0
00478 features=790 size=8 p=5 tap=11 reset=true scheme=3 ops=0,3,2,2,3,0,0,0,3,0,2,2,2,3,0,0,3,0,0,2,3,2,0,2,2,2,2,2,0,2,3,3,3,0,3,2,2,2,3,0,0,2,2,3,2,2,3,2,2,3,0,3,3,2,2,2,2,0,2,3,0,0,3,0 ks=0,0,0,0,0,0,0,0,0,0,0,0,255,0,255,0,0,0,0,0,0,0,0,0,0,0,32,0,0,0,0,0,0,0,0,0,0,0,0,0,0,254,252,0,0,0,0,0,0,0,1,0,0,0,0,0,1,0,0,0,0,254,0,0
00479 features=648 size=12 p=5 tap=11 reset=false scheme=4 ops=0,3,2,2,3,0,0,0,3,0,1,1,0,3,0,0,3,0,0,2,3,2,0,0,0,0,0,0,0,0,0,0,3,0,3,2,0,2,3,0,0,2,2,3,2,2,3,2,2,3,0,3,3,0,2,2,2,0,2,3,0,0,3,0 ks=141,8,255,0,0,0,0,255,0,0,34,223,0,0,0,0,0,0,0,0,0,0,0,0,0,0,0,48,0,0,32,0,0,127,0,0,0,0,0,0,255,0,0,0,0,0,0,0,0,0,0,0,0,0,0,0,0,3,0,2,0,0,0,0
00480 features=391 size=3 p=5 tap=11 reset=true scheme=3 ops=1,3,3,1,3,3,3,1,3,1,1,3,3,3,1,3,3,1,1,1,3,1,1,3,1,3,1,3,3,3,3,3,3,3,3,3,1,3,3,1,3,3,1,3,1,3,3,3,1,3,1,3,3,3,0,3,1,1,1,3,3,1,3,1 ks=0,0,0,0,0,0,0,255,0,0,0,0,0,0,0,0,0,0,0,0,0,0,0,64,0,0,0,0,0,0,0,0,0,0,0,0,0,0,0,0,0,0,0,0,0,0,0,0,213,0,0,0,0,0,0,0,0,0,0,0,0,0,0,0
00481 features=643 size=10 p=5 tap=11 reset=false scheme=3 ops=0,3,2,2,3,0,0,0,3,0,2,2,2,3,0,0,3,0,0,2,3,2,0,2,2,3,2,2,0,0,3,3,1,0,3,2,2,2,3,0,0,2,2,3,2,2,3,2,2,3,0,3,3,2,2,2,2,0,2,3,1,0,3,0 ks=0,0,255,0,0,0,0,255,0,0,8,0,0,0,0,0,12,0,0,0,0,0,0,64,0,0,127,3,0,0,0,0,0,0,0,0,0,0,0,0,255,0,0,0,0,0,0,0,0,0,0,0,0,0,0,3,0,108,0,0,0,0,0,0
00482 features=758 size=8 p=5 tap=2 reset=true scheme=3 ops=0,3,2,2,3,0,0,0,3,0,2,2,2,3,0,0,3,0,0,2,3,2,0,2,2,3,2,2,0,2,3,3,3,0,3,2,2,2,3,2,0,2,2,3,2,2,3,2,2,3,0,3,3,2,2,2,2,0,2,2,1,0,3,0 ks=0,0,183,0,0,0,0,255,0,0,0,0,0,0,0,0,0,0,0,0,0,0,0,0,0,0,0,0,0,0,0,0,0,1,0,0,0,0,0,0,0,0,0,0,0,0,0,0,213,0,210,0,0,0,0,0,0,128,220,0,157,0,0,0
00483 features=761 size=8 p=5 tap=59 reset=true scheme=3 ops=0,3,2,2,3,0,0,0,3,0,2,2,2,3,0,0,3,0,0,2,3,2,0,2,0,3,2,2,0,2,3,3,3,0,3,2,2,2,3,0,0,2,2,3,2,2,3,2,2,3,0,3,3,2,2,2,2,0,2,3,0,0,3,0 ks=0,128,255,0,0,0,0,255,0,0,0,0,0,0,0,0,0,0,0,0,0,0,0,0,0,0,0,0,0,0,2,0,0,0,0,0,0,0,0,0,0,0,0,0,0,32,0,0,0,0,0,0,0,0,0,0,0,108,0,0,0,1,1,0
00484 features=620 size=11 p=5 tap=11 reset=false scheme=3 ops=0,3,2,2,3,0,0,0,3,0,1,1,0,3,0,0,3,0,0,2,3,2,0,0,0,0,0,0,0,0,0,0,3,0,3,2,2,2,1,0,0,2,2,3,3,2,3,2,3,3,0,3,3,2,2,2,2,0,2,3,0,0,3,1 ks=1,0,255,171,0,0,0,255,0,0,98,127,166,0,0,0,0,0,0,0,0,0,0,0,0,0,0,0,0,0,0,0,0,64,0,0,0,0,0,0,255,0,0,0,0,0,0,0,0,0,0,0,0,0,0,0,0,108,0,0,236,0,0,0
00485 features=650 size=9 p=5 tap=11 reset=false scheme=3 ops=0,3,2,2,3,0,0,0,3,0,1,1,0,3,0,0,3,0,0,2,3,2,0,0,0,0,0,0,0,0,0,0,3,0,3,2,2,2,3,0,0,2,2,3,2,2,3,2,2,3,0,3,3,2,2,2,2,0,2,3,0,0,3,0 ks=0,0,255,0,0,0,0,255,0,0,34,223,0,0,0,0,0,0,0,0,0,0,0,0,0,0,0,0,0,0,0,0,0,127,0,0,0,0,0,0,255,0,1,0,0,0,0,0,0,246,0,0,0,0,0,0,0,2,0,0,0,0,0,0
00486 features=653 size=10 p=5 tap=11 reset=false scheme=3 ops=0,3,2,2,3,0,0,0,3,0,2,2,2,3,0,0,3,2,0,2,3,2,0,2,2,3,2,2,0,2,3,3,0,0,3,2,2,2,3,0,0,2,2,3,2,2,3,2,2,3,0,3,3,2,2,3,3,0,2,3,0,0,3,0 ks=0,0,255,0,0,0,0,0,0,0,0,2,0,0,0,0,0,0,0,0,0,0,255,64,0,0,0,0,0,0,0,0,0,0,0,0,0,4,0,0,255,0,0,0,0,0,108,0,0,1,0,0,0,0,0,0,0,108,0,0,0,0,127,0
00487 features=576 size=11 p=5 tap=11 reset=false scheme=2 ops=0,3,3,2,3,0,0,0,3,0,1,1,0,3,0,0,3,0,0,2,3,2,0,0,0,0,0,2,0,2,3,0,3,0,3,2,2,2,3,0,0,2,2,3,3,2,3,2,0,3,0,3,3,2,2,3,2,0,2,3,1,0,3,1 ks=1,0,255,0,0,0,0,255,0,0,98,223,166,0,0,0,0,0,0,0,0,0,0,0,0,0,0,0,0,0,0,0,0,64,0,0,0,0,0,0,255,213,252,0,0,0,0,0,0,0,0,0,0,0,0,0,0,108,0,0,0,0,0,0
00488 features=835 size=10 p=5 tap=16 reset=true scheme=3 ops=0,3,3,2,3,0,0,0,3,0,2,2,2,3,0,0,3,0,0,2,3,2,0,2,2,3,2,2,0,2,3,3,3,0,3,2,2,3,3,0,0,2,2,3,2,2,3,2,2,3,0,3,3,2,2,2,3,0,2,3,0,0,3,0 ks=0,0,255,0,0,0,0,255,0,0,0,0,2,0,0,0,0,0,0,0,0,0,0,0,0,0,0,0,0,0,0,0,0,0,2,0,0,253,0,0,0,0,0,0,0,244,0,0,0,0,0,0,2,0,16,0,0,108,0,0,0,0,0,140
00489 features=913 size=15 p=5 tap=35 reset=true scheme=3 ops=0,3,2,2,3,0,0,0,3,0,2,2,2,3,0,0,3,0,3,2,3,2,0,2,2,3,2,2,0,2,3,3,3,0,3,2,2,2,3,0,0,2,2,3,0,1,1,3,2,3,0,3,1,2,2,2,2,0,2,3,0,0,0,0 ks=0,0,255,0,0,0,0,0,0,255,0,0,2,0,0,0,0,0,0,23,0,255,0,252,0,0,0,0,0,0,0,0,0,0,2,0,0,87,250,196,3,90,141,148,0,77,0,0,0,0,0,0,0,0,0,0,0,0,0,0,0,0,0,0
00490 features=634 size=6 p=5 tap=11 reset=true scheme=3 ops=0,3,1,3,3,0,0,0,3,0,1,1,3,3,3,3,3,3,0,3,3,3,0,0,0,3,3,1,0,1,3,3,3,0,3,3,1,0,3,0,0,0,1,3,1,3,3,1,3,3,0,3,3,3,3,1,1,0,3,3,1,0,3,0 ks=0,0,255,2,0,0,0,0,0,0,0,0,0,0,0,0,0,0,0,0,0,0,0,0,0,0,0,0,0,0,0,0,0,127,0,0,0,0,0,0,0,0,2,0,0,0,0,0,0,0,0,0,0,0,16,0,0,108,0,0,0,0,0,0
00491 features=751 size=17 p=5 tap=11 reset=false scheme=3 ops=2,3,2,2,3,2,2,2,3,2,2,2,2,3,2,3,3,2,2,2,3,2,0,2,2,3,2,2,0,3,3,1,1,1,1,1,0,1,1,0,3,1,1,3,2,2,3,2,2,3,3,3,3,2,2,2,2,0,2,3,0,0,3,0 ks=0,0,0,0,0,0,0,255,0,0,0,0,0,0,0,0,0,0,0,0,0,0,0,0,0,1,0,0,0,0,0,62,82,131,235,179,30,87,250,196,3,94,141,0,0,0,0,127,213,0,0,0,0,0,0,0,0,2,0,0,0,0,0,0
00492 features=901 size=26 p=5 tap=35 reset=true scheme=3 ops=0,3,2,2,3,0,0,0,3,0,2,2,2,3,0,0,3,0,0,2,3,2,0,2,2,3,2,2,0,2,3,3,3,0,3,2,2,2,3,0,0,2,2,3,0,1,1,1,2,3,0,3,1,2,2,2,2,0,2,3,0,0,3,0 ks=0,0,255,0,0,0,0,255,0,255,0,0,2,0,0,0,0,0,0,23,0,0,0,0,0,0,0,0,0,0,0,0,0,0,2,0,22,87,250,196,38,94,141,148,0,77,7,96,166,252,143,144,177,0,16,0,0,108,0,0,24,0,0,140
00493 features=801 size=9 p=5 tap=11 reset=true scheme=3 ops=0,3,2,2,3,0,0,0,3,0,2,2,2,3,0,0,3,0,0,2,3,2,0,2,0,3,2,2,0,2,3,3,3,0,3,2,2,2,3,2,2,2,2,3,2,2,3,2,2,3,0,3,3,2,2,2,2,2,2,3,0,0,3,0 ks=0,0,253,0,0,0,0,255,0,0,0,210,2,0,0,16,0,0,0,0,0,0,0,0,0,0,0,0,0,0,0,0,0,0,0,0,0,105,0,0,0,0,0,0,0,0,0,0,0,4,0,0,0,0,16,0,0,108,0,0,0,0,0,0
00494 features=838 size=9 p=10 tap=11 reset=true scheme=3 ops=0,3,2,2,3,0,0,0,3,0,1,1,3,3,3,3,3,0,0,2,3,2,0,2,2,3,2,2,0,2,3,3,3,1,1,2,2,2,0,0,0,2,2,3,2,2,1,2,2,3,0,3,3,2,2,2,2,0,2,3,1,0,3,0 ks=0,0,255,2,163,0,0,0,0,0,0,0,0,0,0,0,0,0,0,16,0,0,0,0,0,0,0,0,84,0,0,0,0,0,0,0,19,0,0,0,0,0,127,0,0,0,255,0,0,0,0,0,0,0,0,0,0,0,0,0,0,5,0,0
00495 features=775 size=13 p=5 tap=16 reset=true scheme=3 ops=0,3,3,2,3,0,0,0,3,0,2,2,2,3,0,0,3,0,0,2,3,3,0,2,2,3,2,2,0,1,3,3,3,0,3,2,2,2,3,0,0,2,2,3,2,2,3,2,2,3,0,3,3,0,2,2,3,0,2,2,0,0,3,0 ks=0,0,253,0,0,0,0,255,0,0,0,0,0,0,255,0,43,2,0,0,0,0,0,0,0,0,0,4,0,0,0,0,0,2,2,0,0,0,0,0,0,0,0,0,0,0,0,0,0,0,128,0,2,0,16,0,0,108,0,0,128,0,0,0
00496 features=790 size=6 p=5 tap=11 reset=true scheme=3 ops=0,3,2,2,3,0,0,0,3,0,2,2,2,3,2,0,3,0,0,2,3,1,0,2,2,3,2,2,0,2,3,3,3,0,3,2,2,2,3,0,0,2,2,3,2,2,3,2,2,3,1,3,3,2,2,2,2,0,2,3,0,0,3,0 ks=0,0,0,0,0,0,0,255,0,0,0,0,0,0,0,0,0,0,0,0,0,2,0,0,0,0,0,0,0,0,0,0,0,0,4,0,0,0,0,0,2,0,0,0,135,0,0,0,0,0,0,0,0,0,0,0,0,2,0,0,0,0,0,0
00497 features=598 size=9 p=5 tap=11 reset=false scheme=3 ops=0,3,2,2,3,0,0,0,3,0,2,2,2,3,0,0,3,0,0,2,3,2,0,2,2,3,2,2,0,2,3,3,3,0,3,2,2,2,3,3,0,0,0,3,2,0,3,0,3,3,0,3,3,2,2,2,2,0,2,3,0,0,3,0 ks=0,0,255,0,0,0,0,255,0,0,2,0,2,0,0,0,27,0,0,0,0,0,0,253,0,0,0,0,0,0,0,0,0,0,0,0,0,0,0,42,0,0,0,0,0,0,0,0,0,0,0,0,0,0,16,0,0,108,0,0,0,0,0,0
00498 features=388 size=2 p=5 tap=25 reset=false scheme=3 ops=2,3,2,2,3,3,2,2,3,3,2,2,3,3,2,3,3,3,3,2,3,2,2,2,2,3,2,2,2,2,3,3,3,3,3,2,2,2,3,2,2,2,2,3,2,2,3,2,2,3,2,3,3,2,2,2,2,2,2,3,3,3,3,3 ks=0,0,0,0,0,0,0,255,0,0,0,0,0,0,0,0,0,0,0,0,0,0,0,0,0,0,0,0,0,0,0,0,0,0,0,0,127,0,0,0,0,0,0,0,0,0,0,0,0,0,0,0,0,0,0,0,0,0,0,0,0,0,0,0
00499 features=784 size=6 p=5 tap=2 reset=true scheme=3 ops=0,3,2,2,3,0,0,0,3,0,2,2,2,3,0,0,3,0,0,2,3,2,0,2,2,3,2,2,0,2,3,3,3,0,3,2,2,2,3,0,0,2,1,3,2,2,3,2,2,3,0,3,3,2,2,2,2,0,2,2,1,0,3,0 ks=0,4,183,0,0,0,0,255,0,0,0,0,0,0,0,0,0,1,0,0,0,0,0,0,0,0,0,0,0,0,0,0,0,0,0,0,0,0,0,0,0,0,0,0,4,0,0,0,0,0,0,0,0,0,0,0,0,0,220,0,0,0,0,0
00500 features=743 size=9 p=5 tap=11 reset=true scheme=3 ops=0,3,2,2,3,0,0,0,3,0,2,2,2,3,0,0,3,0,0,2,3,2,0,3,3,3,3,3,3,2,3,3,3,0,3,2,2,2,3,0,0,2,2,3,2,2,3,2,2,3,3,3,3,2,2,2,2,2,2,2,0,0,3,0 ks=0,0,255,0,0,0,0,255,0,0,0,2,255,0,0,0,0,0,0,0,0,0,2,0,0,0,0,0,0,0,0,0,0,0,0,0,0,0,0,0,0,0,0,0,0,0,0,0,213,16,0,0,0,0,0,127,0,0,0,0,0,0,0,127
00501 features=658 size=8 p=5 tap=11 reset=false scheme=3 ops=0,3,2,2,3,0,0,0,3,0,2,2,2,3,0,0,3,2,0,2,3,2,0,2,2,3,2,2,0,2,3,3,3,0,3,2,2,2,3,2,0,2,2,3,2,2,3,2,2,3,0,3,3,2,2,3,2,0,2,3,1,0,3,1 ks=0,0,0,254,0,0,0,255,0,0,0,0,0,0,0,0,0,0,241,0,0,0,0,0,0,0,0,0,0,3,0,0,0,0,4,0,0,0,0,0,2,0,0,0,0,0,0,0,0,0,0,0,0,0,0,0,0,108,0,0,0,0,0,254
00502 features=888 size=12 p=5 tap=35 reset=true scheme=3 ops=0,3,2,2,3,0,0,0,3,3,2,2,2,3,0,0,3,0,0,2,0,2,0,2,2,3,2,2,0,2,3,3,3,0,3,2,2,2,3,0,0,2,2,3,0,1,1,1,2,3,0,3,1,2,2,2,2,0,2,3,0,0,3,0 ks=0,0,255,0,0,0,0,0,252,255,0,0,2,0,1,0,0,0,0,23,0,0,0,0,0,0,0,0,0,0,0,0,0,0,2,0,0,0,0,0,0,0,0,0,0,77,0,0,166,0,143,0,0,0,0,0,0,108,0,0,0,0,0,140
00503 features=740 size=9 p=5 tap=11 reset=false scheme=3 ops=0,3,2,2,3,1,0,0,3,0,2,2,2,3,0,0,3,0,0,2,3,2,0,2,0,0,2,2,2,2,0,2,0,0,0,1,2,2,3,0,0,2,2,3,2,2,3,0,2,3,0,3,3,2,2,2,2,0,2,3,0,0,3,0 ks=0,0,255,0,0,0,0,255,0,0,253,0,0,0,0,0,0,0,0,255,0,0,0,0,0,0,0,0,0,0,0,0,0,0,0,236,0,0,0,0,0,0,0,0,127,0,0,0,16,0,0,0,0,0,0,3,0,108,0,0,0,0,0,0
00504 features=417 size=7 p=5 tap=11 reset=false scheme=3 ops=2,3,2,2,3,2,2,2,3,2,2,2,2,3,2,3,3,2,2,2,3,2,2,2,3,3,2,2,2,2,3,3,3,3,3,2,2,2,3,3,2,2,2,3,2,2,3,2,2,2,3,3,3,2,2,2,2,2,2,2,2,3,3,2 ks=0,0,0,0,0,0,0,255,0,0,0,0,0,0,0,0,0,0,0,0,0,0,0,0,0,128,0,0,16,0,0,0,0,0,0,16,0,105,0,0,0,32,0,0,0,0,0,0,213,0,0,0,0,0,0,0,0,0,0,0,0,0,0,0
00505 features=964 size=20 p=5 tap=35 reset=true scheme=3 ops=0,3,2,2,3,0,0,0,3,3,2,2,2,3,0,0,3,0,0,2,0,2,0,2,2,3,2,2,0,2,3,3,3,0,3,2,2,2,3,0,0,2,2,3,0,1,2,1,2,3,0,3,1,2,2,2,2,0,2,3,0,0,3,0 ks=0,0,255,0,0,0,0,0,252,255,0,0,2,0,1,0,0,0,0,23,0,0,0,0,0,0,0,0,0,128,0,0,0,1,2,0,0,87,249,196,3,94,255,148,0,77,0,0,166,0,0,0,0,0,0,0,0,4,0,0,0,0,0,140
00506 features=754 size=8 p=5 tap=11 reset=true scheme=3 ops=0,3,3,2,3,0,0,0,3,0,1,1,0,3,0,0,3,0,0,2,3,2,0,0,0,0,0,0,0,0,0,0,3,0,3,2,2,2,3,0,0,2,2,3,3,2,3,1,2,3,0,3,3,2,2,2,2,0,2,3,0,0,3,0 ks=1,0,255,0,0,0,0,0,0,0,98,0,0,0,0,1,0,0,0,0,0,0,0,0,0,0,0,0,0,0,0,0,0,64,0,0,0,0,0,0,255,0,0,0,0,0,0,0,0,0,0,0,0,0,0,4,0,108,0,0,0,0,0,0
00507 features=783 size=5 p=5 tap=11 reset=true scheme=3 ops=0,3,2,2,3,0,0,0,3,0,2,2,2,3,0,0,3,0,0,2,3,2,0,2,2,3,2,2,0,2,3,3,3,0,3,2,2,2,3,0,0,2,2,3,2,2,3,2,2,3,0,3,3,2,2,2,3,0,2,3,0,0,3,0 ks=0,0,255,0,0,0,0,255,0,0,0,249,0,0,0,0,0,0,0,0,0,0,0,0,0,0,0,0,0,0,0,0,0,0,0,0,0,0,0,0,0,0,0,0,0,0,0,0,0,0,0,0,0,0,0,128,0,108,0,0,0,0,0,0
00508 features=738 size=4 p=5 tap=2 reset=true scheme=3 ops=0,3,2,2,3,0,0,0,3,0,2,2,2,3,0,0,3,0,0,2,3,2,0,2,2,3,2,2,0,2,3,3,3,0,3,2,2,2,3,0,0,0,2,3,2,3,3,1,3,3,0,3,3,2,2,2,2,0,2,2,1,0,3,0 ks=0,4,183,0,0,0,0,255,0,0,0,0,0,0,0,0,0,0,0,0,0,0,0,0,0,0,0,0,0,0,0,0,0,0,0,0,0,0,0,0,0,0,0,0,0,0,0,0,0,0,0,0,0,0,0,0,0,0,220,0,0,0,0,0
00509 features=826 size=2 p=5 tap=10 reset=true scheme=0 ops=3,3,3,3,3,3,3,1,3,3,1,1,2,1,0,1,3,3,3,3,3,3,3,2,2,3,2,2,0,2,3,3,3,3,3,2,2,2,3,0,0,2,2,3,1,1,1,1,2,3,0,3,1,2,3,3,3,3,3,3,3,3,3,3 ks=0,0,0,0,0,0,0,0,0,0,34,0,0,0,0,0,0,0,0,0,36,0,0,0,0,0,0,0,0,0,0,0,0,0,0,0,0,0,0,0,0,0,0,0,0,0,0,0,0,0,0,0,0,0,0,0,0,0,0,0,0,0,0,0
00510 features=874 size=9 p=5 tap=16 reset=true scheme=3 ops=0,3,3,2,3,0,0,0,3,0,2,2,2,3,0,0,3,0,0,3,3,3,0,2,2,3,2,2,0,2,3,3,3,0,3,2,2,2,3,0,0,2,2,3,2,2,3,2,2,3,0,3,3,2,2,2,3,0,2,2,0,0,3,0 ks=0,0,253,0,0,0,0,255,0,0,0,0,0,0,0,0,43,0,0,0,0,0,0,195,0,0,0,4,0,0,0,0,0,0,2,0,0,0,0,0,0,0,0,0,0,0,0,0,0,0,0,0,2,0,16,0,0,108,0,0,0,0,0,0
00511 features=713 size=18 p=5 tap=11 reset=false scheme=1 ops=0,3,2,2,3,0,0,0,3,0,1,1,0,3,0,0,3,0,0,2,3,2,0,0,0,0,2,2,0,2,3,3,0,1,1,2,0,2,3,0,0,2,2,3,2,2,3,0,2,3,0,3,3,2,1,2,2,0,2,3,0,0,3,0 ks=141,8,255,0,0,0,0,255,0,0,34,223,0,0,2,0,0,0,0,0,0,0,0,0,0,0,40,112,116,12,0,62,82,0,235,179,0,0,0,0,255,0,255,0,0,0,0,0,0,0,0,0,0,0,0,0,0,3,0,0,0,0,0,0
00512 features=488 size=10 p=5 tap=11 reset=false scheme=3 ops=0,3,3,3,3,0,0,0,3,0,1,1,0,3,0,0,3,0,0,0,3,0,0,3,0,3,0,0,0,0,3,3,3,0,3,3,2,0,3,3,0,0,0,3,2,0,3,0,3,3,0,3,3,1,3,3,3,0,0,3,0,0,3,0 ks=0,0,0,0,0,0,0,255,0,0,143,223,166,0,0,0,0,0,0,128,0,0,0,0,0,0,0,0,0,0,0,0,0,0,253,0,0,0,0,42,0,0,0,0,0,0,0,0,0,0,0,0,0,0,0,0,0,2,32,0,0,0,2,0
00513 features=913 size=28 p=5 tap=35 reset=true scheme=3 ops=0,3,2,2,3,0,0,0,3,0,2,2,2,3,0,0,2,0,0,2,3,2,0,2,2,3,2,2,0,2,3,3,3,0,3,2,2,2,3,0,0,2,2,3,0,1,1,1,2,3,0,3,1,2,2,2,2,0,2,2,1,0,3,0 ks=0,0,255,0,0,0,0,255,0,255,0,0,2,0,0,0,0,0,0,23,8,0,0,0,3,0,255,0,0,0,0,0,0,0,2,0,0,87,250,196,3,94,141,148,0,255,7,96,166,252,143,144,177,0,16,1,0,108,0,0,0,0,0,140
00514 features=750 size=10 p=5 tap=11 reset=true scheme=3 ops=0,3,2,2,3,0,0,0,3,0,1,1,0,3,0,0,3,0,0,2,3,2,0,0,0,0,0,0,0,0,0,0,3,0,3,2,2,2,3,0,0,2,2,3,3,2,3,2,2,3,0,3,3,2,2,2,2,0,2,3,0,0,3,0 ks=0,0,255,0,0,0,0,255,0,0,98,223,166,0,0,0,0,0,0,0,0,1,0,0,0,0,0,0,0,0,0,0,0,64,0,0,0,0,0,0,255,0,0,0,0,128,0,0,0,0,0,0,0,0,0,0,0,108,0,0,0,0,0,0
00515 features=842 size=8 p=5 tap=11 reset=true scheme=3 ops=0,3,2,2,3,0,0,0,3,0,2,2,2,3,0,0,3,0,0,2,3,2,0,0,0,0,2,2,0,2,3,3,3,0,3,3,2,2,3,0,0,2,2,3,2,2,3,2,2,3,0,3,3,2,2,3,2,0,2,3,0,0,3,0 ks=0,0,255,0,0,0,0,255,0,0,0,0,32,0,0,0,0,0,0,127,0,0,0,0,0,0,0,0,0,0,0,0,0,0,0,0,0,0,0,0,0,0,0,0,127,0,0,0,0,1,0,0,0,0,0,0,0,108,0,0,0,0,128,0
00516 features=638 size=7 p=5 tap=16 reset=false scheme=2 ops=0,3,3,2,3,0,0,0,3,0,2,2,2,3,0,0,3,0,0,2,3,3,0,2,2,3,2,2,0,2,3,3,3,0,3,2,2,2,3,0,0,2,2,3,2,2,3,2,2,0,0,3,3,2,2,2,2,0,2,3,3,1,3,0 ks=0,0,253,0,0,0,0,237,0,0,0,0,0,0,0,0,47,0,0,0,0,0,0,0,0,0,0,255,0,0,8,0,0,0,2,0,0,0,0,0,0,0,0,0,0,0,0,0,0,0,0,0,0,0,0,0,0,108,0,0,0,0,0,0
00517 features=690 size=7 p=5 tap=11 reset=false scheme=3 ops=0,3,2,2,3,0,0,0,3,0,2,2,2,3,0,0,3,0,0,2,3,2,0,2,0,0,2,2,2,2,0,2,0,0,0,1,2,2,3,0,0,2,2,3,2,2,3,2,3,3,0,3,3,2,2,2,2,0,2,3,0,0,3,0 ks=0,0,255,0,0,0,0,255,0,0,0,0,0,0,0,0,0,0,0,0,0,0,0,0,0,0,0,0,0,0,0,0,0,0,0,236,0,0,0,0,0,0,0,0,0,127,0,0,0,0,0,0,0,0,0,199,0,108,0,0,0,0,1,0
00518 features=788 size=12 p=5 tap=2 reset=true scheme=3 ops=0,3,2,2,3,0,0,0,3,0,2,2,2,3,0,0,3,0,0,2,3,2,0,2,2,3,2,2,0,2,3,3,3,0,3,2,2,2,3,2,0,2,2,3,2,2,3,2,2,3,0,3,3,2,2,2,2,0,2,2,1,0,3,0 ks=0,0,183,0,0,0,0,255,0,0,0,0,0,0,0,0,0,0,0,0,0,0,0,0,0,0,0,0,0,0,0,0,0,1,252,0,0,0,0,0,116,0,0,0,0,119,0,0,213,0,210,0,0,0,0,0,0,128,220,148,157,0,0,0
00519 features=779 size=10 p=5 tap=16 reset=false scheme=3 ops=0,3,3,2,3,0,0,0,3,0,2,2,2,3,0,0,3,0,0,3,3,3,0,2,2,3,2,2,0,2,3,3,3,0,3,0,2,2,3,0,0,2,2,3,2,2,3,2,2,3,0,3,3,2,2,2,3,0,2,2,0,0,3,0 ks=0,0,221,0,0,0,0,255,0,0,0,0,0,0,0,0,43,0,0,0,0,0,0,195,0,0,0,4,0,0,0,0,0,0,2,0,0,0,0,0,0,0,0,0,0,0,0,1,0,0,0,0,2,0,16,0,0,108,0,0,0,0,0,0
00520 features=471 size=10 p=10 tap=11 reset=false scheme=3 ops=0,3,3,3,3,0,0,0,3,0,1,1,0,3,0,0,3,0,0,0,3,0,0,3,0,3,0,0,0,0,3,3,3,0,3,3,2,0,3,3,0,0,0,3,2,0,3,0,3,3,0,3,3,1,3,3,3,0,0,3,0,0,3,0 ks=0,0,0,0,0,0,0,255,0,0,143,223,166,0,0,0,0,0,0,128,0,0,0,0,0,0,0,0,0,0,0,0,0,0,253,0,0,0,0,42,0,0,0,0,0,0,0,0,0,0,0,0,0,0,0,0,0,2,32,0,0,0,2,0
00521 features=1002 size=1 p=5 tap=16 reset=true scheme=5 ops=0,3,3,2,3,0,0,0,3,0,2,2,2,3,0,0,3,0,0,2,3,2,0,2,2,3,2,2,0,2,3,3,3,0,3,2,2,2,3,0,0,2,2,3,2,2,3,2,2,3,0,3,3,2,2,2,3,0,2,3,0,0,3,0 ks=0,0,255,0,0,0,0,0,0,0,0,0,0,0,0,0,0,0,0,0,0,0,0,0,0,0,0,0,0,0,0,0,0,0,0,0,0,0,0,0,0,0,0,0,0,0,0,0,0,0,0,0,0,0,0,0,0,0,0,0,0,0,0,0
00522 features=756 size=11 p=5 tap=11 reset=true scheme=3 ops=0,3,2,2,3,0,0,0,3,0,2,1,0,3,0,0,3,0,0,2,3,2,0,2,2,3,2,2,0,2,3,3,2,0,3,2,2,2,3,0,0,2,2,3,2,2,3,2,2,3,0,3,3,2,2,2,2,0,2,3,0,0,3,0 ks=254,0,255,0,0,0,0,255,0,0,0,223,166,0,0,0,0,0,0,0,0,0,0,0,0,0,0,0,0,0,0,0,0,0,0,253,0,0,0,0,255,0,253,0,0,0,0,0,0,128,0,0,0,0,0,128,0,108,0,0,0,0,0,0
00523 features=762 size=8 p=5 tap=16 reset=false scheme=3 ops=0,3,3,2,3,0,0,0,3,0,2,2,2,3,0,0,3,0,0,2,3,3,0,2,2,3,2,2,0,2,3,3,3,0,3,2,2,2,3,0,0,2,2,3,2,2,3,2,2,3,0,3,3,2,2,2,3,0,2,2,0,0,3,0 ks=0,0,253,0,0,0,0,255,0,0,0,0,0,0,0,0,0,0,0,0,0,0,2,0,0,0,0,0,0,252,0,0,0,0,2,0,0,0,0,0,0,0,0,0,0,0,0,0,0,0,128,0,3,0,0,0,0,100,0,0,0,0,0,0
00524 features=824 size=9 p=5 tap=11 reset=true scheme=3 ops=0,3,2,2,3,0,0,0,3,0,1,1,0,3,0,0,3,0,0,2,3,2,0,2,1,3,3,1,0,3,3,3,3,0,3,2,2,2,3,0,0,2,2,0,2,2,3,2,2,3,0,3,3,2,2,2,2,0,2,3,0,0,3,3 ks=0,0,0,0,0,0,0,0,0,0,98,0,0,0,0,1,0,0,0,0,0,0,0,0,0,0,0,0,0,0,241,0,0,0,0,0,0,0,128,0,0,0,252,0,0,0,0,0,0,0,255,0,0,0,0,0,0,2,0,255,1,0,0,0
00525 features=815 size=2 p=5 tap=11 reset=true scheme=3 ops=0,3,2,2,3,0,0,0,3,0,2,2,2,3,0,0,3,0,0,2,3,2,0,2,2,3,2,2,0,2,3,3,3,0,3,2,2,2,3,0,0,2,2,3,2,2,3,2,2,3,0,3,3,2,2,2,2,0,2,2,0,0,3,0 ks=0,0,0,0,0,0,0,255,0,0,0,0,0,0,0,0,0,0,0,127,0,0,0,0,0,0,0,0,0,0,0,0,0,0,0,0,0,0,0,0,0,0,0,0,0,0,0,0,0,0,0,0,0,0,0,0,0,0,0,0,0,0,0,0
00526 features=824 size=6 p=5 tap=11 reset=true scheme=3 ops=0,3,2,2,3,0,0,0,3,0,2,2,2,3,0,1,3,0,0,2,3,2,0,2,2,3,2,2,0,2,3,3,3,0,3,2,2,2,3,0,0,2,2,3,2,2,3,2,2,2,0,3,3,2,2,2,2,0,2,3,0,0,3,0 ks=0,0,255,0,0,0,0,255,0,0,0,0,0,0,0,0,0,0,0,0,0,0,0,0,0,0,0,0,0,0,0,0,1,0,0,0,0,0,0,0,2,0,0,0,0,0,0,0,0,2,0,0,0,0,0,0,0,6,0,0,0,0,0,0
00527 features=739 size=14 p=5 tap=11 reset=false scheme=3 ops=0,3,2,2,3,0,0,0,3,0,2,2,2,3,0,0,3,0,0,2,3,2,0,2,2,3,1,2,0,2,3,3,0,0,0,1,2,2,3,0,0,2,2,3,2,2,3,2,2,3,0,3,3,2,2,2,2,0,2,3,0,0,3,0 ks=0,0,255,0,0,0,0,255,0,0,254,42,0,0,0,0,0,45,2,0,0,0,0,0,0,0,0,0,0,0,0,0,255,0,19,236,0,0,0,0,0,0,0,0,127,0,0,0,16,0,0,0,0,0,0,3,0,254,0,0,0,0,0,2
00528 features=581 size=13 p=5 tap=11 reset=false scheme=2 ops=0,3,3,2,3,0,3,0,3,0,1,1,0,3,0,0,3,0,0,2,3,2,0,0,0,0,0,2,0,2,3,0,3,0,3,2,2,2,3,0,0,2,2,3,3,2,3,2,0,3,0,3,3,2,2,3,0,0,2,3,1,0,3,1 ks=1,0,255,0,0,0,0,255,0,0,98,223,166,0,0,0,0,0,0,0,0,0,0,0,0,0,0,0,0,0,0,0,0,80,0,0,0,0,0,0,255,209,252,0,0,0,0,0,254,0,0,0,0,0,0,0,0,107,0,32,0,0,0,0
00529 features=732 size=11 p=10 tap=11 reset=true scheme=3 ops=0,3,2,1,3,0,0,0,3,0,2,2,2,3,0,0,3,0,0,2,3,2,0,0,0,0,0,0,0,0,0,0,3,0,3,2,2,2,3,0,0,2,0,3,2,2,3,2,2,3,0,3,3,2,2,2,2,0,2,3,0,0,3,0 ks=253,0,255,0,0,0,0,255,0,0,0,0,0,0,0,0,171,0,0,128,0,0,1,0,0,0,0,0,0,0,255,0,0,0,0,0,0,0,0,0,255,0,0,0,0,0,0,0,119,0,0,0,0,0,0,128,0,108,0,0,0,0,0,0
00530 features=785 size=11 p=10 tap=11 reset=true scheme=3 ops=0,3,0,0,3,0,0,0,3,0,0,3,0,3,0,0,3,0,0,3,3,3,0,3,0,3,0,0,0,3,3,3,3,0,3,0,3,3,3,0,0,3,0,3,3,0,3,0,3,3,0,3,3,0,0,3,3,0,3,3,0,0,3,0 ks=0,0,255,0,64,0,0,255,0,0,0,0,0,0,0,0,209,0,0,128,0,0,0,0,0,0,0,224,0,0,0,0,0,0,0,0,0,0,0,0,0,0,1,0,0,0,0,0,0,0,52,0,0,0,0,130,0,108,0,1,0,0,0,0
00531 features=934 size=26 p=5 tap=35 reset=true scheme=3 ops=0,3,2,2,3,0,0,0,3,0,2,2,2,3,0,0,2,0,0,2,3,2,0,2,2,3,2,2,0,2,3,3,3,0,3,2,2,2,3,0,0,2,2,3,0,1,1,1,2,3,0,3,1,2,2,2,2,0,2,2,1,0,3,0 ks=0,0,255,0,0,0,0,255,0,255,0,0,2,0,0,0,0,0,0,23,8,0,0,0,3,0,255,0,0,0,0,0,0,0,2,0,0,0,250,196,3,94,0,148,0,255,7,96,166,252,143,144,177,0,16,1,0,108,0,0,0,0,0,140
00532 features=865 size=12 p=5 tap=11 reset=true scheme=3 ops=0,3,2,2,3,0,0,0,3,1,2,2,2,3,0,0,3,0,0,2,3,2,0,2,2,3,2,2,0,2,3,3,3,0,3,2,2,2,3,0,0,2,2,1,1,1,3,2,2,3,0,3,3,2,2,2,2,0,2,3,0,0,3,3 ks=0,0,0,3,0,0,0,255,0,0,0,0,0,0,2,0,0,0,0,0,0,0,0,0,0,0,253,0,0,2,0,0,0,0,2,0,0,0,0,0,127,0,0,146,136,0,2,0,0,0,0,0,0,0,0,0,0,2,0,255,0,0,0,0
00533 features=869 size=10 p=5 tap=16 reset=true scheme=3 ops=0,3,3,2,3,0,0,0,3,0,2,2,2,3,0,0,3,0,0,3,3,3,0,2,2,3,2,2,0,2,3,3,3,0,3,2,2,2,3,0,0,2,2,3,2,2,3,2,2,3,0,3,3,2,2,2,3,0,2,2,0,0,3,0 ks=0,0,253,0,0,0,0,255,0,0,0,0,0,0,0,0,43,0,0,0,0,0,0,195,0,0,0,4,149,0,0,0,0,0,2,0,0,0,0,0,0,0,0,0,0,0,0,0,0,0,0,0,2,0,16,0,0,108,0,0,0,0,0,0
00534 features=803 size=10 p=5 tap=16 reset=false scheme=3 ops=0,3,3,2,3,0,0,0,3,0,2,2,2,3,0,0,3,0,0,2,3,3,0,2,2,3,2,2,2,2,0,2,0,0,0,1,2,2,3,0,0,2,2,3,2,2,3,2,2,3,0,3,3,2,2,2,2,0,2,3,0,0,2,0 ks=0,0,253,0,0,0,0,255,0,0,0,0,2,0,0,34,0,0,0,0,0,0,2,0,0,0,0,0,0,0,0,0,0,0,0,236,0,0,0,0,0,0,128,0,0,0,0,0,0,0,128,0,3,0,0,0,0,108,0,0,0,0,0,0
00535 features=808 size=7 p=5 tap=11 reset=true scheme=3 ops=0,3,2,2,3,0,0,0,3,0,2,3,2,3,0,0,3,0,0,2,3,2,0,2,2,3,2,2,0,2,0,3,3,0,3,3,2,2,3,0,0,2,2,3,2,2,3,2,3,3,0,3,3,2,2,2,2,0,2,3,0,0,3,0 ks=0,0,255,0,0,0,0,255,0,0,0,0,252,0,0,0,0,0,0,0,0,0,0,0,0,0,0,0,0,0,0,0,0,0,0,0,0,0,0,0,0,0,0,0,0,127,0,0,0,0,0,0,0,0,0,3,0,108,0,0,0,128,0,0
00536 features=618 size=11 p=5 tap=11 reset=false scheme=3 ops=0,3,2,2,3,0,0,0,3,0,1,1,0,3,0,0,3,0,0,2,3,2,0,0,0,0,0,0,0,0,0,0,3,0,3,2,2,2,3,0,0,2,2,3,3,2,3,2,0,3,0,3,3,2,2,2,2,0,2,3,0,0,3,0 ks=1,0,255,171,0,0,0,255,0,0,98,223,166,0,0,0,0,0,0,0,0,0,0,0,0,0,0,0,0,0,0,0,0,64,0,0,0,0,0,0,255,0,0,0,0,0,0,0,0,0,0,0,0,0,0,0,0,108,0,0,236,0,0,0
00537 features=809 size=6 p=5 tap=11 reset=true scheme=3 ops=0,3,2,2,3,0,0,0,3,0,1,1,3,3,3,3,3,3,0,2,3,2,0,2,2,3,2,2,0,2,3,3,3,0,3,2,2,2,3,0,0,2,2,3,2,2,3,2,2,3,0,3,3,2,2,2,2,0,2,3,0,0,3,0 ks=0,0,255,2,0,0,0,0,0,0,0,0,0,0,0,0,0,0,0,0,0,0,0,0,0,0,0,0,0,0,0,0,0,0,0,0,0,0,0,0,0,0,6,0,0,0,0,0,0,0,0,0,0,0,16,0,0,108,0,0,0,0,0,128
00538 features=800 size=11 p=5 tap=16 reset=true scheme=3 ops=0,3,2,2,3,0,0,0,3,0,2,2,2,3,0,0,3,0,0,3,3,2,0,2,2,3,2,2,0,2,3,3,3,0,3,2,2,2,3,2,0,2,2,3,2,2,3,2,2,3,0,3,3,2,2,2,2,0,2,3,0,3,2,0 ks=0,0,255,0,0,0,0,255,0,255,0,0,2,0,0,0,0,0,0,0,0,0,2,0,0,0,0,0,0,0,0,0,0,0,2,0,0,0,0,0,0,0,0,0,0,0,0,0,0,0,4,0,2,0,16,0,0,108,0,0,0,0,1,0
00539 features=661 size=7 p=5 tap=11 reset=false scheme=3 ops=0,3,2,2,3,0,0,0,3,0,2,2,2,3,0,0,3,0,0,2,3,2,0,2,2,3,2,2,0,2,3,3,3,0,3,2,2,2,3,0,0,2,2,3,2,2,3,2,2,3,0,3,3,2,2,2,2,0,2,3,0,0,3,0 ks=0,0,255,0,0,0,0,255,0,0,0,0,2,0,0,0,0,0,0,0,0,0,255,2,0,0,0,0,0,0,0,0,0,0,0,0,0,0,0,0,0,0,0,0,0,0,0,0,0,0,0,0,0,0,16,0,0,108,0,0,0,0,0,0
00540 features=831 size=3 p=5 tap=35 reset=true scheme=3 ops=0,3,2,2,3,0,0,0,3,3,2,2,2,3,1,0,3,0,0,2,0,2,0,2,2,3,2,2,0,2,3,3,3,0,3,2,2,2,3,0,0,2,2,3,0,1,1,1,2,3,0,3,1,2,2,2,2,0,2,3,0,0,3,0 ks=0,0,0,0,0,0,0,0,0,0,0,0,0,0,0,0,0,0,0,23,0,0,0,0,0,0,0,0,0,0,0,0,0,0,2,0,0,0,0,0,0,0,255,0,0,0,0,0,0,0,0,0,0,0,0,0,0,0,0,0,0,0,0,0
00541 features=778 size=9 p=5 tap=11 reset=true scheme=3 ops=0,3,2,2,3,0,0,2,3,0,2,2,2,3,0,0,3,0,0,2,3,2,0,2,2,3,2,2,0,2,0,0,3,1,3,2,2,2,3,0,0,2,2,3,3,2,3,1,2,3,0,3,3,2,2,2,2,0,2,3,0,0,3,0 ks=0,0,255,0,0,0,0,255,0,0,0,0,0,0,3,0,0,0,0,0,0,0,0,0,0,0,253,0,0,2,0,0,0,64,0,0,0,0,0,0,255,0,0,0,0,0,0,0,0,0,0,0,0,0,0,0,0,108,1,0,0,0,0,0
00542 features=912 size=11 p=5 tap=35 reset=true scheme=3 ops=0,3,2,2,3,0,0,0,3,3,2,2,2,3,0,0,3,0,0,2,0,2,0,2,2,3,2,2,0,2,3,3,3,0,3,2,2,2,3,0,0,2,2,3,0,1,1,1,2,3,0,3,1,2,2,2,2,0,2,3,0,0,3,0 ks=0,0,0,0,0,0,0,0,252,255,0,0,2,0,1,0,0,0,0,23,0,0,0,0,0,0,0,0,0,0,0,0,0,0,2,0,0,0,0,0,0,0,0,0,0,77,0,0,166,0,143,0,0,0,0,0,0,108,0,0,0,0,0,140
00543 features=829 size=6 p=5 tap=11 reset=true scheme=3 ops=0,3,2,2,3,0,0,0,3,0,2,2,2,3,0,0,3,0,0,2,3,2,0,2,2,3,2,2,0,2,3,2,3,0,3,2,2,2,3,0,0,2,2,3,2,2,3,2,2,3,0,3,3,2,2,2,2,0,2,3,0,0,3,0 ks=0,0,0,0,0,0,0,255,0,0,0,0,0,0,2,0,0,0,0,0,0,0,0,0,0,0,0,0,0,0,0,0,0,0,169,0,124,0,0,0,0,0,252,0,0,0,0,0,0,0,0,0,0,0,0,0,0,2,0,0,0,0,0,0
00544 features=457 size=7 p=5 tap=11 reset=false scheme=3 ops=0,3,2,2,3,0,0,0,3,0,1,2,2,3,0,0,3,0,0,2,3,2,0,3,3,3,3,3,3,3,3,3,3,3,3,2,2,2,3,0,0,2,2,3,2,2,3,2,2,3,0,3,3,2,2,2,2,0,2,3,2,0,3,3 ks=0,0,255,0,0,0,0,255,0,255,0,0,2,0,0,0,4,0,0,0,0,0,0,0,0,0,0,0,0,0,0,0,0,0,0,0,0,0,0,0,252,0,0,0,0,0,0,0,0,0,0,0,0,0,0,0,61,0,0,0,0,0,0,0
00545 features=729 size=8 p=5 tap=11 reset=true scheme=3 ops=0,3,2,1,3,0,0,0,3,0,2,2,3,3,0,0,3,0,0,2,3,2,0,0,0,0,2,2,0,0,3,3,3,1,1,2,2,2,3,0,0,2,2,3,2,2,2,2,2,3,0,3,3,2,2,2,2,0,3,3,0,0,3,3 ks=0,0,255,4,0,0,0,255,0,0,0,0,255,0,0,0,0,0,0,0,0,0,0,0,0,0,0,0,0,0,0,0,0,0,0,0,0,0,0,0,255,0,0,0,0,101,0,0,0,0,0,0,0,0,0,128,0,108,0,0,0,0,0,0
00546 features=632 size=10 p=5 tap=11 reset=false scheme=3 ops=0,3,2,2,3,0,0,0,3,0,2,2,2,3,0,0,3,0,0,2,3,2,0,0,0,0,2,2,0,2,3,3,3,0,3,3,2,2,3,0,0,2,2,3,2,2,3,2,2,3,0,3,3,2,2,3,2,0,2,3,0,0,3,0 ks=0,34,255,0,0,0,0,255,0,0,0,0,32,0,0,0,0,0,0,127,0,0,0,0,0,0,0,0,0,0,0,0,0,0,0,0,0,251,0,0,0,0,0,0,127,0,0,0,0,1,0,0,0,0,0,0,0,108,0,0,0,0,128,0
00547 features=559 size=5 p=1 tap=11 reset=false scheme=3 ops=2,3,2,2,3,2,2,2,3,2,2,2,2,3,2,3,3,2,2,2,3,2,2,2,2,3,2,2,2,2,3,3,3,3,3,2,2,2,2,2,2,2,2,3,2,2,3,2,2,3,3,3,3,2,2,2,2,2,2,2,2,3,3,2 ks=0,0,0,0,0,0,0,255,0,0,0,0,0,0,0,0,0,0,0,0,0,0,0,0,0,0,0,0,0,0,0,0,0,0,0,0,0,0,0,0,0,0,0,0,0,0,0,127,213,0,0,0,0,0,0,0,0,0,0,0,0,4,0,158
00548 features=639 size=12 p=5 tap=11 reset=false scheme=3 ops=0,3,2,2,3,0,0,0,3,0,1,1,0,3,0,0,3,0,0,2,3,2,0,0,0,0,0,0,0,0,0,0,3,0,3,2,2,2,3,0,0,2,2,3,2,2,3,2,2,3,0,3,3,2,2,2,2,0,2,3,0,0,3,0 ks=0,0,255,0,0,0,0,255,0,0,34,223,0,0,0,0,64,0,0,0,0,0,254,0,0,0,0,0,0,0,0,0,0,127,0,0,4,0,0,0,255,0,1,0,0,0,0,0,0,246,0,0,0,0,0,0,0,2,0,0,0,0,0,0
00549 features=863 size=13 p=5 tap=11 reset=true scheme=3 ops=0,3,2,2,3,0,0,0,3,0,2,2,2,3,0,0,3,0,0,2,3,2,0,2,1,3,3,1,0,3,3,3,3,0,3,2,2,2,3,0,0,2,2,0,2,2,3,2,2,3,0,3,3,2,2,2,2,0,2,3,0,0,3,3 ks=0,0,0,0,0,0,0,255,0,0,0,0,0,0,2,0,0,0,0,0,0,0,0,0,0,0,0,0,0,12,241,0,0,0,0,0,0,0,128,0,0,0,252,0,0,0,0,0,0,0,255,0,0,0,16,0,0,2,16,255,1,0,0,2
00550 features=666 size=12 p=5 tap=11 reset=true scheme=3 ops=0,3,1,0,3,0,0,0,3,0,0,1,0,1,0,0,3,0,0,3,3,2,0,2,1,3,1,0,0,1,3,3,3,0,0,3,0,1,3,0,0,3,1,3,1,1,3,0,3,3,0,3,3,0,3,2,3,0,1,3,0,0,3,0 ks=0,0,255,0,0,0,0,255,0,0,88,0,0,176,0,0,0,0,0,254,0,0,0,0,0,0,0,0,0,0,0,0,0,0,1,0,128,0,0,1,128,0,0,0,0,63,0,0,0,0,0,0,0,0,0,153,0,108,0,0,0,0,0,0
00551 features=752 size=12 p=5 tap=11 reset=false scheme=3 ops=0,3,2,2,3,0,0,0,3,0,2,2,2,3,0,0,3,0,0,0,3,2,0,2,2,3,2,2,0,2,3,3,0,0,3,2,2,2,3,2,2,2,2,3,2,2,3,2,2,3,0,3,3,2,2,3,3,2,2,3,0,0,3,0 ks=0,0,255,0,0,0,0,0,0,0,0,0,0,0,0,0,0,0,0,0,252,0,0,64,0,0,254,0,0,2,253,0,0,0,53,0,6,105,0,0,0,0,0,0,0,0,108,0,0,0,0,0,0,3,0,0,0,0,0,0,0,8,0,0
00552 features=848 size=10 p=10 tap=11 reset=true scheme=3 ops=0,3,2,2,3,0,0,0,3,0,1,1,3,3,3,3,3,0,0,2,3,2,0,2,0,3,2,2,0,2,3,3,3,1,1,2,2,2,0,0,2,2,2,3,2,2,1,2,2,3,0,3,3,2,2,2,2,0,2,3,1,0,3,0 ks=0,0,255,2,163,0,0,0,0,0,0,0,0,0,0,0,0,0,0,16,0,0,0,0,0,0,0,0,84,0,0,0,0,255,0,0,19,0,0,0,0,0,127,0,0,0,255,0,0,0,0,0,0,0,0,0,0,0,0,0,0,5,0,0
00553 features=715 size=10 p=5 tap=16 reset=false scheme=3 ops=0,3,3,2,3,0,0,0,3,0,2,2,2,3,0,0,3,0,0,2,3,3,0,2,2,3,2,2,0,2,3,3,3,0,3,2,2,2,3,0,0,2,2,3,2,2,3,2,2,3,0,3,3,2,2,2,3,0,2,2,0,0,3,0 ks=0,128,253,0,0,0,0,255,0,0,0,0,0,0,0,0,43,0,0,0,0,0,0,0,0,0,0,0,0,0,0,0,0,0,2,0,0,0,0,0,0,0,0,0,0,0,0,0,0,0,128,1,2,0,16,0,0,108,0,0,0,0,0,0
00554 features=775 size=10 p=5 tap=16 reset=false scheme=3 ops=0,3,3,2,3,0,0,0,3,0,2,2,2,3,0,0,3,0,0,3,3,3,0,2,2,3,2,2,0,2,3,3,3,0,3,0,2,2,3,0,0,2,2,3,2,2,3,2,2,3,0,3,3,2,2,2,3,0,2,2,0,0,3,0 ks=0,0,221,0,0,0,0,255,0,0,0,0,0,0,0,0,43,0,0,0,0,0,0,195,0,0,0,4,0,0,0,0,0,0,2,0,0,0,0,0,0,0,0,0,0,0,0,1,0,0,0,0,2,0,16,0,0,165,0,0,0,0,0,0
00555 features=775 size=15 p=2 tap=11 reset=true scheme=3 ops=0,3,3,3,3,0,0,0,3,0,3,3,3,1,0,1,3,1,1,2,3,2,0,2,1,3,0,0,0,0,3,3,3,0,3,3,2,2,3,0,0,2,2,3,2,2,3,0,2,3,0,3,3,0,3,3,3,0,0,3,0,0,3,0 ks=0,0,0,0,0,0,0,255,0,0,0,0,0,229,50,140,126,149,2,195,0,0,31,104,53,0,0,0,0,0,0,0,0,0,255,0,0,0,0,0,0,0,0,0,0,0,0,0,213,8,0,0,0,0,0,0,0,2,0,0,0,0,0,0
00556 features=714 size=12 p=5 tap=11 reset=false scheme=3 ops=0,3,2,2,3,0,0,0,3,0,2,2,2,3,0,0,3,0,0,2,3,2,0,2,0,0,2,2,2,2,3,3,3,2,3,2,2,2,3,0,0,2,2,3,2,2,3,2,2,3,0,3,3,2,2,2,2,0,2,3,0,0,3,0 ks=0,0,255,254,0,0,0,255,0,0,0,0,0,0,0,0,0,0,0,0,0,0,1,0,0,0,0,0,0,253,0,0,0,0,2,0,30,87,0,0,0,0,0,0,127,0,8,0,0,0,0,0,0,0,0,3,0,108,0,0,0,0,0,0
00557 features=667 size=12 p=5 tap=11 reset=true scheme=3 ops=0,3,1,0,3,0,0,0,3,0,0,1,0,1,0,0,3,0,0,3,3,2,0,2,1,3,1,0,0,1,3,3,3,0,0,3,0,1,3,0,0,3,1,3,1,1,3,0,3,3,0,3,3,0,3,1,3,0,1,3,0,0,3,0 ks=0,0,255,0,0,0,0,255,0,0,88,0,0,176,0,0,0,0,0,254,0,0,0,0,0,0,1,0,0,0,0,0,0,0,1,0,0,0,0,1,128,0,0,0,0,63,0,0,0,0,0,0,0,0,0,185,0,108,0,0,0,0,0,0
00558 features=887 size=3 p=5 tap=35 reset=true scheme=3 ops=0,3,2,2,3,0,0,0,3,0,2,2,2,3,0,0,3,0,0,2,3,2,0,2,2,3,2,2,0,2,2,3,3,0,3,2,2,2,3,0,0,2,2,3,0,1,1,1,2,3,0,3,1,2,2,2,2,0,2,3,0,0,0,0 ks=0,0,0,0,0,0,0,0,0,255,0,0,0,0,0,0,0,0,0,0,0,0,0,0,0,0,0,0,0,0,0,0,0,0,2,0,0,0,0,0,3,0,0,0,0,0,0,0,0,0,0,0,0,0,0,0,0,0,0,0,0,0,0,0
00559 features=845 size=4 p=5 tap=11 reset=true scheme=3 ops=0,3,0,2,3,0,0,0,3,0,2,2,2,3,0,0,3,0,0,2,3,2,0,2,2,3,2,2,0,2,3,3,3,0,3,2,2,2,3,0,0,2,2,3,2,2,3,2,2,3,0,3,3,2,2,2,2,0,2,3,0,0,3,0 ks=0,0,0,0,0,0,0,255,0,0,0,0,0,0,0,0,0,0,0,0,0,0,0,0,0,0,0,0,0,0,0,0,0,0,0,0,0,0,0,0,2,0,0,0,0,0,0,0,0,0,226,0,0,0,0,0,0,6,0,0,0,0,0,0
00560 features=709 size=10 p=5 tap=11 reset=false scheme=3 ops=0,3,2,2,3,0,0,0,3,0,2,2,2,3,0,0,3,0,0,2,3,2,0,2,2,3,2,2,0,2,3,3,0,0,3,2,2,2,3,0,0,2,2,3,2,2,3,2,2,3,0,3,3,2,2,3,2,0,2,3,0,0,3,0 ks=3,0,255,0,0,0,0,255,0,0,0,0,0,0,0,0,0,128,0,0,0,0,0,64,0,0,0,0,0,0,0,0,0,0,0,0,0,0,0,0,2,0,0,0,0,0,16,0,0,128,0,0,0,0,255,0,0,108,0,0,0,0,0,0
00561 features=804 size=7 p=5 tap=11 reset=true scheme=3 ops=0,3,2,2,3,0,0,0,3,0,1,1,0,3,0,0,3,0,0,2,3,2,0,0,0,0,0,0,0,0,0,0,0,0,3,2,2,2,3,0,0,2,2,3,3,2,3,1,2,3,0,3,3,2,2,2,2,0,2,3,2,0,3,0 ks=1,0,255,0,0,0,0,0,0,0,98,0,0,0,0,0,0,0,0,0,0,0,0,0,0,0,0,0,0,0,0,0,0,64,0,0,0,0,0,0,255,0,0,0,0,0,0,0,0,0,0,0,0,0,0,0,0,108,1,0,0,0,0,0
00562 features=791 size=9 p=5 tap=11 reset=true scheme=3 ops=0,3,2,2,3,0,0,0,3,0,2,2,2,3,0,0,3,0,1,2,3,2,0,2,2,3,2,2,0,2,3,3,3,0,3,2,2,2,3,0,0,2,2,3,2,2,3,2,2,3,0,3,3,2,2,2,2,0,2,3,0,0,3,0 ks=0,0,255,255,0,0,0,255,0,0,0,0,2,0,0,0,0,0,0,0,8,0,0,0,0,0,0,0,0,0,0,0,0,0,0,0,0,0,0,139,0,0,0,0,0,0,246,0,0,0,0,0,0,0,16,0,0,108,0,0,0,0,0,0
00563 features=675 size=11 p=5 tap=35 reset=true scheme=3 ops=3,3,2,2,3,2,2,3,3,3,2,2,2,3,3,3,3,3,3,2,2,2,3,2,2,3,2,2,3,2,3,3,3,2,3,2,2,2,3,3,3,2,2,3,3,2,3,3,2,3,3,3,3,2,2,2,2,3,2,3,2,2,3,2 ks=0,0,0,0,0,0,0,0,0,0,0,0,0,0,0,0,0,0,0,23,0,255,0,0,0,0,0,0,0,0,0,0,0,0,2,0,0,87,250,196,3,94,141,148,0,77,0,0,0,0,0,0,0,0,0,0,0,0,0,0,0,0,0,0
00564 features=803 size=14 p=5 tap=11 reset=true scheme=3 ops=0,3,2,2,3,2,0,0,3,0,1,1,0,3,0,0,3,0,0,2,3,2,0,2,2,3,2,3,0,0,0,0,3,0,0,2,2,2,3,0,0,2,2,3,3,2,3,2,0,3,0,3,3,2,2,2,2,0,2,3,0,0,3,1 ks=1,0,255,169,0,0,0,255,0,0,98,223,0,0,0,0,0,0,0,0,8,0,0,0,0,0,0,0,0,0,0,0,253,64,0,0,0,0,0,0,255,0,0,0,0,0,0,0,0,0,128,0,0,0,0,1,0,108,0,0,255,0,0,0
00565 features=852 size=11 p=5 tap=16 reset=true scheme=3 ops=0,3,3,2,3,0,0,0,3,0,2,2,2,3,0,0,3,0,0,3,3,3,0,2,2,3,2,2,0,2,3,3,3,0,3,2,2,2,3,0,0,2,2,3,2,2,3,0,3,3,0,3,3,0,0,3,2,0,2,2,0,0,3,0 ks=0,0,253,0,0,0,0,255,0,0,0,0,0,0,0,0,43,0,0,0,0,0,0,195,0,0,0,4,149,0,0,0,0,0,2,0,0,0,0,0,0,0,0,0,0,0,0,0,1,0,0,216,0,0,16,0,0,108,0,0,0,0,0,0
00566 features=645 size=12 p=5 tap=11 reset=false scheme=2 ops=0,3,2,2,3,0,0,0,3,0,1,1,0,3,0,0,3,0,0,2,3,2,0,0,0,0,0,0,0,0,0,0,3,0,3,2,0,2,3,0,0,2,2,3,2,2,3,2,2,3,0,3,3,2,2,2,2,0,2,3,0,0,3,0 ks=0,8,255,0,0,0,0,255,0,0,34,223,0,0,255,0,0,0,0,0,0,0,0,0,0,0,0,48,0,0,32,0,0,127,0,0,0,0,0,0,255,0,0,0,0,0,0,0,0,0,0,0,0,0,0,0,0,3,0,2,0,0,0,0
00567 features=865 size=3 p=5 tap=35 reset=true scheme=3 ops=0,3,2,2,3,0,0,0,3,0,2,2,2,3,0,0,3,0,0,2,3,2,0,2,2,3,2,2,0,2,3,3,3,0,3,2,2,2,3,0,0,2,2,3,0,1,1,1,2,3,0,3,1,2,2,2,2,0,2,3,0,0,3,0 ks=0,0,0,0,0,0,0,0,0,255,0,0,0,0,0,0,0,0,0,0,0,0,0,0,0,0,0,0,0,0,0,0,0,0,2,2,0,0,0,0,0,0,0,0,0,0,0,0,0,0,0,0,0,0,0,0,0,0,0,0,0,0,0,0
00568 features=744 size=16 p=5 tap=11 reset=false scheme=5 ops=0,3,2,2,3,0,0,0,3,0,2,2,2,3,0,0,3,0,0,0,3,2,0,2,2,3,2,2,0,2,3,3,0,0,3,2,2,2,3,2,2,2,2,3,2,2,3,2,2,3,0,3,3,2,2,3,3,2,2,3,0,0,3,0 ks=0,0,255,0,0,0,0,0,0,0,0,24,0,0,0,0,0,0,0,127,252,0,0,64,203,0,254,0,0,2,253,0,0,0,53,0,6,105,0,0,0,0,0,0,0,0,108,0,0,0,1,0,0,3,0,0,0,0,0,0,0,8,0,0
00569 features=835 size=12 p=5 tap=11 reset=true scheme=3 ops=0,3,2,2,3,0,0,0,3,0,1,1,0,3,0,0,3,0,0,2,3,2,0,2,2,3,2,2,0,0,0,0,3,0,0,2,2,2,3,0,0,2,2,3,3,2,3,2,0,3,0,3,3,2,2,2,2,0,2,3,0,0,3,1 ks=1,0,255,169,0,0,0,255,0,0,98,223,0,0,0,0,0,0,0,0,8,0,0,0,0,0,0,0,0,0,0,0,0,64,0,3,0,0,0,0,255,0,0,0,0,0,0,0,0,0,0,0,0,0,0,0,0,108,0,0,255,0,0,0
00570 features=741 size=9 p=5 tap=11 reset=false scheme=3 ops=0,3,2,2,3,0,0,0,3,0,2,2,0,3,0,1,3,0,0,2,3,2,0,2,0,0,2,2,0,0,3,2,0,0,0,1,2,2,3,0,0,2,2,3,2,2,3,0,2,3,0,3,3,1,2,2,2,0,2,3,1,0,3,0 ks=0,0,255,0,0,0,0,255,0,0,22,42,0,0,254,0,0,0,0,0,0,0,0,0,0,0,0,0,0,0,0,0,0,0,0,236,0,0,0,0,0,0,0,0,127,0,0,0,16,0,0,0,0,0,0,3,0,0,0,0,0,0,0,0
00571 features=586 size=15 p=5 tap=11 reset=false scheme=2 ops=0,3,3,2,3,0,3,0,3,0,1,1,0,3,0,0,3,0,0,2,3,2,0,0,0,0,0,2,0,2,3,0,3,0,3,2,2,2,3,0,0,2,2,3,3,2,3,2,0,3,0,3,3,2,2,3,0,0,2,3,3,0,3,1 ks=1,0,255,0,0,0,0,255,0,0,98,223,166,0,0,0,0,0,0,0,0,0,0,0,0,0,0,0,0,0,0,0,0,80,0,0,170,0,0,0,255,209,250,0,0,0,255,0,254,0,0,0,0,0,0,0,0,107,0,32,0,0,0,0
00572 features=805 size=10 p=5 tap=11 reset=true scheme=3 ops=0,3,2,2,3,0,0,0,3,0,2,3,0,3,2,0,3,0,0,2,3,2,0,0,0,0,0,0,0,0,0,0,3,0,3,2,3,2,3,0,0,2,2,3,3,2,3,2,2,3,0,3,3,2,2,2,2,0,2,3,0,0,3,0 ks=1,0,255,0,0,0,0,255,0,0,98,223,166,0,0,0,0,0,0,0,0,0,0,0,0,0,0,0,0,0,0,0,0,64,0,0,0,0,0,0,255,0,0,0,134,0,0,0,0,127,0,0,0,0,0,0,0,0,0,0,0,0,0,0
00573 features=583 size=13 p=5 tap=11 reset=false scheme=2 ops=0,3,3,2,3,0,3,0,3,0,1,1,0,3,0,0,3,0,0,2,3,2,0,0,0,0,0,2,0,2,3,0,3,0,3,2,2,2,3,0,0,2,2,3,3,2,3,2,0,3,0,3,3,2,2,3,2,0,2,3,1,0,3,1 ks=1,0,255,0,0,0,0,255,0,0,98,223,166,0,0,0,0,0,0,0,0,0,0,0,0,0,0,0,0,0,0,0,0,64,0,0,0,0,0,0,255,209,252,0,0,0,0,0,0,0,0,0,0,0,0,0,0,108,0,32,0,0,0,254
00574 features=924 size=15 p=1 tap=16 reset=true scheme=3 ops=0,3,2,2,3,0,0,0,3,0,2,2,2,3,0,0,3,0,0,2,3,2,0,2,2,3,2,2,0,2,3,3,3,0,3,2,2,2,3,0,0,2,2,1,1,1,3,2,2,3,0,3,3,2,2,2,2,0,2,3,0,0,3,0 ks=0,0,253,0,0,0,0,255,0,0,0,210,2,0,128,255,16,0,0,0,0,0,0,0,0,0,0,0,0,0,0,0,0,0,2,0,0,0,0,0,0,0,0,148,136,0,0,0,0,0,0,0,0,0,19,0,0,108,128,0,0,0,1,136
00575 features=575 size=12 p=5 tap=11 reset=false scheme=2 ops=0,3,3,2,3,0,3,0,3,0,1,1,0,3,0,0,3,0,0,2,3,2,0,0,0,0,0,2,0,2,3,0,3,0,3,2,2,2,3,0,0,2,2,3,3,2,3,2,0,3,0,3,3,2,2,3,0,0,2,3,1,0,3,1 ks=0,0,255,0,0,0,0,255,0,0,98,223,166,0,0,0,0,0,0,0,0,0,0,0,0,0,0,0,0,0,0,0,0,80,0,0,0,0,0,0,255,209,252,0,0,0,0,0,254,0,0,0,0,0,0,0,0,107,0,32,0,0,0,0
00576 features=693 size=10 p=5 tap=11 reset=false scheme=3 ops=0,3,2,2,3,0,0,0,3,0,2,2,2,3,0,0,3,0,0,2,3,2,0,2,2,3,2,2,0,2,3,3,0,0,3,2,2,2,3,0,0,2,2,3,2,2,3,2,3,3,0,3,3,2,2,3,3,0,2,3,0,0,3,0 ks=0,0,255,0,0,0,0,0,0,0,0,2,0,0,0,0,0,0,0,0,0,0,255,64,0,0,0,0,0,0,0,0,0,0,128,0,0,4,0,0,255,0,0,0,0,0,108,0,0,1,0,0,0,0,0,0,0,108,0,0,0,0,0,0
00577 features=767 size=8 p=5 tap=11 reset=true scheme=3 ops=0,3,2,2,3,0,0,0,3,0,2,2,2,3,0,0,3,0,0,2,3,2,0,2,2,3,2,2,0,2,1,3,3,0,3,2,2,2,3,0,0,2,2,3,2,2,3,2,2,3,0,3,3,2,2,2,2,0,2,3,0,0,3,0 ks=0,255,255,0,0,0,0,255,0,0,0,1,0,0,0,0,0,0,0,2,0,0,0,0,0,0,0,48,0,0,0,0,0,0,0,0,0,0,0,0,0,0,0,0,0,10,0,0,0,0,0,0,0,0,0,0,0,108,0,0,0,0,0,0
00578 features=751 size=7 p=5 tap=11 reset=false scheme=3 ops=0,3,0,2,3,0,0,0,3,0,2,1,2,3,0,0,3,0,0,2,3,2,0,2,0,0,2,2,2,2,0,2,0,0,0,1,2,2,3,0,0,2,2,3,2,2,3,2,2,3,0,3,3,2,2,2,2,0,2,3,0,0,3,0 ks=0,0,255,0,0,0,0,255,0,0,0,0,0,0,0,2,0,0,0,0,0,0,0,0,0,0,0,0,0,0,0,0,0,0,0,236,0,0,0,0,0,0,0,0,127,0,0,0,0,0,0,0,0,0,0,3,0,108,0,0,0,0,0,0
00579 features=434 size=9 p=5 tap=11 reset=false scheme=3 ops=0,1,0,0,3,0,0,0,3,0,3,1,0,3,0,0,3,0,0,0,3,1,0,0,3,3,0,0,0,1,3,3,3,0,3,3,3,0,3,0,0,1,1,3,3,1,3,3,3,3,0,3,3,1,0,3,3,0,3,3,0,0,3,0 ks=0,0,255,0,0,0,0,255,0,0,2,0,2,0,0,0,27,0,0,0,0,0,0,0,0,0,0,0,0,0,0,0,0,0,0,0,0,0,0,0,0,0,2,0,0,0,0,0,1,0,0,0,0,0,16,0,0,108,0,0,0,0,0,0
00580 features=792 size=10 p=5 tap=11 reset=true scheme=3 ops=0,3,2,2,3,0,0,0,3,0,2,3,2,3,0,0,3,0,0,2,3,2,0,2,2,3,2,2,0,2,3,3,3,0,3,2,2,2,3,0,0,2,2,3,2,2,3,2,3,3,0,3,3,2,2,2,2,0,2,3,0,0,3,0 ks=0,0,255,0,0,0,0,0,0,0,0,0,0,0,0,0,0,254,0,0,0,0,0,0,0,0,0,0,0,0,0,0,0,0,0,0,64,0,254,0,0,0,0,0,3,127,0,0,0,0,0,0,0,0,0,3,0,108,8,0,0,128,0,0
00581 features=500 size=6 p=5 tap=11 reset=false scheme=3 ops=0,3,3,1,3,0,0,0,3,0,3,3,3,3,0,0,3,0,0,0,3,0,0,3,0,3,0,0,0,0,3,3,3,0,3,3,2,0,3,3,0,0,0,3,2,0,3,0,3,3,0,3,3,0,3,3,3,0,0,3,0,0,3,0 ks=0,0,0,4,0,0,0,255,0,0,0,0,0,0,0,0,135,0,0,0,0,0,0,0,0,0,0,0,0,0,0,0,0,0,253,0,0,0,0,42,0,0,0,0,0,0,0,0,0,0,0,0,0,0,0,0,0,2,0,0,0,0,0,0
00582 features=830 size=7 p=5 tap=11 reset=true scheme=3 ops=0,3,2,2,3,0,0,0,3,0,1,1,3,3,3,3,3,3,0,2,3,2,0,2,2,3,2,2,0,2,3,1,3,0,3,2,2,2,3,0,0,2,2,3,2,2,3,2,2,3,0,3,3,2,2,2,2,0,2,3,0,0,3,0 ks=0,0,255,2,0,0,0,0,0,0,0,0,0,0,0,2,0,0,0,0,0,0,0,0,0,0,0,0,0,0,0,0,0,0,0,0,0,0,0,0,0,0,6,0,0,0,0,0,0,0,0,0,0,0,16,0,0,108,0,0,0,0,0,128
00583 features=561 size=14 p=5 tap=11 reset=false scheme=3 ops=0,3,2,2,3,0,0,0,3,0,1,1,0,3,0,0,3,0,0,2,3,2,0,2,2,3,1,0,0,0,0,0,3,0,3,2,2,2,3,0,0,2,2,3,3,2,3,2,0,3,0,3,3,2,2,2,2,0,2,3,0,0,3,1 ks=1,0,255,171,0,0,0,255,0,0,98,16,166,0,0,0,0,0,0,0,0,0,0,0,0,0,0,0,0,0,0,0,0,64,0,0,0,0,0,255,255,0,0,0,0,0,0,0,0,0,0,0,0,0,0,0,254,2,0,0,255,0,0,254
00584 features=472 size=6 p=5 tap=11 reset=false scheme=3 ops=0,3,3,3,3,0,0,0,3,0,3,1,3,3,0,0,3,0,0,0,3,0,0,3,0,3,0,0,0,0,3,3,3,0,3,3,2,0,3,0,0,0,0,3,2,0,3,0,3,3,0,3,3,0,3,3,3,0,0,3,0,0,3,0 ks=0,0,0,0,0,0,0,255,0,0,0,0,0,0,0,0,0,128,0,0,0,0,0,0,0,0,0,0,0,0,0,0,0,0,255,0,0,0,0,42,0,0,0,0,0,0,0,0,0,0,0,0,0,65,0,0,0,2,0,0,0,0,0,0
00585 features=802 size=5 p=5 tap=11 reset=true scheme=3 ops=0,3,2,2,3,0,0,0,3,0,2,2,2,3,0,0,3,0,0,2,3,2,0,2,2,3,2,2,0,2,3,3,2,0,3,2,2,2,3,0,0,2,2,3,2,2,3,2,2,3,0,3,3,2,2,2,2,0,2,3,0,0,3,0 ks=0,0,0,0,0,0,0,255,0,0,0,0,0,0,2,0,0,0,0,0,0,0,0,0,0,0,0,0,0,0,0,0,0,0,0,0,0,0,0,0,0,0,252,0,0,0,0,0,0,0,0,0,0,0,0,0,0,2,0,0,0,254,0,0
00586 features=853 size=10 p=5 tap=11 reset=true scheme=3 ops=0,3,2,2,3,0,0,0,3,0,2,2,2,3,0,0,3,3,0,3,3,2,0,2,2,3,2,2,0,2,3,3,3,0,3,2,2,2,3,0,0,2,2,3,2,2,3,2,2,3,0,3,3,2,2,2,2,0,2,3,1,0,3,2 ks=0,0,39,2,0,0,0,255,0,0,0,0,0,0,0,0,0,0,0,0,0,0,0,0,0,0,0,0,0,0,0,0,32,0,0,0,0,0,172,1,0,0,2,0,0,0,0,0,0,16,0,0,0,0,16,0,0,108,0,0,0,0,0,0
00587 features=942 size=25 p=5 tap=35 reset=true scheme=3 ops=0,3,2,2,3,0,0,0,3,0,2,2,2,3,0,0,3,0,0,1,3,2,0,2,2,3,2,2,0,2,3,3,3,0,3,2,2,2,3,0,0,2,2,3,0,1,1,1,2,3,0,3,1,2,2,2,2,0,2,3,0,0,3,0 ks=0,0,255,0,0,0,0,255,0,255,0,0,2,0,0,0,0,0,0,23,8,0,0,0,0,0,0,0,0,0,0,0,0,0,2,0,0,87,250,196,1,94,141,68,0,77,7,96,166,252,143,144,177,0,16,0,0,108,0,0,0,0,0,140
00588 features=409 size=5 p=5 tap=11 reset=false scheme=3 ops=3,3,3,3,3,0,0,0,3,0,3,1,3,3,0,0,3,0,0,0,3,0,0,3,0,3,0,0,0,0,3,3,3,0,3,3,2,0,3,0,0,0,0,3,2,1,3,0,3,3,0,3,3,0,3,3,3,0,0,3,0,0,3,0 ks=0,0,0,0,0,0,0,255,0,0,0,0,0,0,0,0,0,128,0,0,0,0,0,0,0,0,0,0,0,0,0,0,0,0,255,0,0,0,0,42,0,0,0,0,0,0,0,0,0,0,0,0,0,0,0,0,0,2,0,0,0,0,0,0
00589 features=633 size=12 p=5 tap=11 reset=false scheme=3 ops=0,3,2,2,3,0,0,0,3,0,2,2,2,3,0,0,3,0,0,2,3,2,0,2,2,3,2,2,0,2,3,3,1,0,3,2,2,2,3,0,0,2,2,3,2,2,3,2,2,3,0,3,3,2,2,3,2,0,2,3,1,0,3,0 ks=0,0,255,0,0,0,0,255,0,0,8,0,8,0,0,0,12,0,0,0,0,0,0,64,0,0,127,3,0,0,0,0,0,0,0,0,0,0,0,0,255,0,0,0,0,0,0,0,0,128,20,0,0,0,0,0,0,108,0,0,0,0,0,0
00590 features=804 size=7 p=5 tap=11 reset=true scheme=3 ops=0,3,2,2,3,0,0,0,3,0,2,2,2,3,0,0,3,0,0,2,3,2,0,2,2,3,2,2,0,2,3,3,3,0,3,2,2,2,3,0,0,2,2,3,2,2,3,2,2,3,0,3,3,2,2,2,1,0,2,3,0,0,3,0 ks=0,0,255,0,0,0,0,255,0,254,0,0,2,0,0,0,0,0,0,0,0,0,0,0,0,0,0,0,0,0,0,0,0,0,0,0,0,0,0,0,0,0,2,0,0,0,0,0,0,0,0,0,0,0,16,0,0,108,0,0,0,0,0,0
00591 features=556 size=7 p=5 tap=11 reset=false scheme=3 ops=0,3,2,2,3,0,0,0,3,0,1,2,2,3,0,0,3,0,0,2,3,2,0,3,3,3,3,3,3,3,3,3,3,3,3,2,2,2,3,0,0,2,2,3,2,2,3,2,2,3,0,3,3,2,2,2,2,0,2,3,2,0,3,0 ks=0,0,255,0,0,0,0,0,0,255,0,0,2,0,0,0,4,0,0,0,0,0,0,0,0,0,0,0,0,0,0,0,0,0,0,0,0,0,176,0,0,0,0,0,0,0,0,0,0,0,0,0,0,0,0,0,61,108,0,0,0,0,0,0
00592 features=931 size=16 p=5 tap=35 reset=true scheme=3 ops=0,3,2,2,3,0,0,0,3,0,2,2,2,3,0,0,3,0,0,2,3,2,0,2,2,3,2,2,0,2,3,3,3,0,3,2,2,2,3,0,0,2,2,3,0,1,1,1,2,3,0,3,1,2,2,2,2,0,2,3,0,0,3,0 ks=0,0,0,64,0,0,0,255,0,255,0,0,86,0,0,0,0,0,0,23,8,0,0,0,0,0,0,0,0,0,0,0,0,0,2,0,0,87,250,196,3,94,141,148,0,77,7,0,0,0,0,0,0,0,0,0,0,0,0,0,0,0,0,0
00593 features=874 size=12 p=5 tap=35 reset=true scheme=3 ops=0,3,2,2,3,0,0,0,3,3,2,2,2,3,0,0,3,0,0,2,0,2,0,2,2,3,2,2,0,2,3,3,3,0,3,2,2,2,3,0,0,2,2,3,0,1,1,1,2,3,0,3,1,2,2,2,2,0,2,3,0,0,3,0 ks=0,0,255,0,0,2,0,0,0,255,0,0,2,0,1,0,0,0,0,23,0,0,0,0,0,0,0,0,0,0,0,0,0,0,2,0,0,0,0,0,0,0,0,0,0,77,0,0,166,0,143,0,0,0,0,0,0,108,0,0,0,0,0,140
00594 features=820 size=13 p=5 tap=11 reset=true scheme=3 ops=0,3,2,2,3,0,0,0,3,0,1,1,0,3,0,0,3,0,0,2,3,2,0,0,0,0,0,0,0,2,0,0,3,0,3,2,3,2,3,0,0,2,2,3,3,2,3,2,2,3,0,3,3,2,2,2,2,0,2,3,0,0,3,0 ks=1,0,255,0,0,0,0,255,0,0,98,223,166,4,0,61,0,0,0,0,0,0,0,0,0,0,0,0,0,0,0,0,0,64,0,0,0,0,0,0,255,0,0,0,134,0,0,0,0,127,0,0,0,0,0,0,0,108,0,0,0,0,0,0
00595 features=686 size=11 p=5 tap=11 reset=false scheme=4 ops=0,3,2,2,3,0,0,0,3,0,2,2,2,3,0,0,3,0,2,2,3,2,0,2,2,3,2,2,0,2,3,3,3,0,3,2,2,2,3,0,0,2,2,3,2,2,3,2,2,3,0,3,3,2,2,2,2,0,2,3,0,0,3,0 ks=0,180,255,255,0,0,0,255,0,0,160,0,2,0,0,0,0,0,0,0,8,0,0,0,0,0,0,37,0,0,0,0,0,0,0,126,0,0,0,0,0,0,0,0,0,0,0,0,0,16,0,0,0,0,16,0,0,0,0,0,0,0,0,0
00596 features=650 size=18 p=5 tap=11 reset=false scheme=0 ops=2,3,2,2,3,1,2,2,3,2,2,2,2,3,2,3,3,2,2,2,3,2,0,2,2,0,2,2,0,3,3,1,1,1,1,0,0,1,1,0,3,1,1,3,3,2,3,2,2,3,3,3,3,2,2,3,2,2,2,2,2,3,3,2 ks=0,0,0,0,0,0,0,255,0,0,0,0,0,0,0,0,0,0,0,0,0,0,0,0,0,1,0,0,64,0,0,62,82,131,235,179,30,87,250,196,3,94,141,0,0,0,37,127,213,0,0,0,0,0,0,0,0,0,0,0,0,0,0,0
00597 features=830 size=8 p=5 tap=11 reset=true scheme=3 ops=0,3,2,2,3,0,3,0,3,0,2,2,2,3,0,0,3,0,0,2,3,2,0,2,2,3,2,2,0,2,3,3,3,0,3,2,2,2,0,0,0,3,2,3,2,2,3,2,2,3,0,3,3,2,2,2,2,0,2,3,0,0,3,0 ks=0,0,255,0,0,0,0,255,0,0,0,0,0,0,0,0,0,0,0,0,0,0,0,0,0,0,0,0,2,0,0,0,0,0,0,0,64,0,0,0,0,0,0,0,0,0,0,1,0,0,0,0,0,0,0,128,118,108,0,0,0,0,0,0
00598 features=831 size=15 p=5 tap=11 reset=true scheme=3 ops=0,3,2,2,3,0,0,0,3,0,1,1,0,3,0,0,3,0,0,2,3,2,0,0,0,0,0,0,0,2,0,0,3,0,3,2,3,2,3,0,0,2,2,3,3,2,3,2,2,3,0,3,3,2,2,2,2,0,2,3,0,0,3,0 ks=1,0,255,0,0,0,0,255,0,0,98,223,166,4,0,61,0,128,0,0,0,0,0,0,0,0,0,0,0,0,0,0,0,64,0,0,0,0,0,0,255,0,0,0,134,0,0,0,0,127,0,0,0,0,0,0,0,108,0,0,0,0,0,1
00599 features=784 size=7 p=5 tap=11 reset=true scheme=3 ops=0,3,2,2,3,0,0,0,3,0,1,1,0,3,0,0,3,0,0,2,3,2,0,0,0,0,0,0,0,0,0,0,3,0,3,2,2,2,3,0,0,2,2,3,3,2,3,1,2,3,0,3,3,2,2,2,2,0,2,3,0,0,3,0 ks=1,0,255,0,0,0,0,0,0,0,98,0,0,0,0,0,0,0,0,0,0,0,0,0,0,0,0,0,0,0,0,0,0,64,0,0,0,0,0,0,255,0,0,0,0,0,0,0,0,0,0,0,0,0,0,255,0,108,0,0,0,0,0,0
00600 features=789 size=10 p=5 tap=11 reset=true scheme=3 ops=0,3,2,2,3,0,0,1,3,0,1,1,0,3,0,0,3,0,0,2,3,2,0,0,0,0,0,0,0,0,0,0,3,0,3,2,2,2,3,0,0,2,2,3,3,2,3,1,2,3,3,3,3,2,2,2,2,0,2,3,0,0,3,0 ks=1,0,255,0,0,0,0,0,0,0,98,0,0,0,0,0,0,0,0,0,0,0,2,0,0,0,0,0,0,0,0,0,0,64,0,0,0,4,0,0,255,0,0,0,0,0,0,128,0,0,0,0,0,0,0,0,0,108,1,0,0,0,0,0
00601 features=763 size=9 p=5 tap=11 reset=false scheme=3 ops=0,3,2,2,3,0,0,0,3,0,2,2,2,3,0,0,3,0,0,2,3,2,0,2,2,3,2,2,0,2,3,3,0,0,3,2,2,2,3,0,0,2,2,3,2,2,3,2,2,3,0,3,3,2,2,2,2,0,2,3,0,0,3,0 ks=0,0,255,0,0,0,0,255,0,0,0,0,0,0,0,0,0,0,0,0,0,0,2,0,0,0,0,0,0,0,4,0,0,0,0,0,0,0,0,0,0,64,0,0,0,0,255,0,0,128,0,0,0,0,0,128,0,108,0,0,0,0,0,0
00602 features=812 size=10 p=5 tap=11 reset=true scheme=3 ops=0,3,2,2,3,0,0,0,3,0,1,1,0,3,0,0,3,0,0,2,3,2,0,0,0,0,0,0,0,0,0,0,3,0,3,2,2,2,3,0,0,2,2,3,2,2,3,2,2,3,0,3,3,2,2,2,2,0,2,3,0,0,3,0 ks=1,0,255,0,0,0,0,255,0,0,98,223,166,0,0,0,0,0,0,0,0,0,0,0,0,0,0,0,0,0,0,0,0,64,0,0,0,0,0,0,0,0,0,0,0,127,2,0,0,0,0,0,0,0,0,0,0,108,0,0,0,0,0,0
00603 features=809 size=7 p=5 tap=11 reset=true scheme=3 ops=0,3,2,2,3,0,0,0,3,0,2,3,2,3,0,0,3,0,0,2,3,2,0,2,2,3,2,2,0,2,3,3,3,0,3,2,2,2,3,0,0,2,2,3,2,2,3,2,3,3,0,3,3,2,2,2,2,0,2,3,0,0,3,0 ks=0,0,255,0,0,0,0,255,0,0,0,0,0,0,0,18,0,254,0,0,0,0,0,0,0,0,0,0,0,0,0,0,0,0,0,0,0,0,0,0,0,0,0,0,0,127,0,0,0,0,0,0,0,0,0,3,0,108,0,0,0,0,0,0
00604 features=646 size=11 p=5 tap=11 reset=false scheme=3 ops=0,3,2,2,3,0,0,0,3,0,2,2,2,3,0,0,3,0,0,2,3,2,0,2,2,3,2,2,0,2,3,0,3,0,3,2,2,2,3,0,0,2,2,3,2,2,3,2,2,3,0,3,3,2,2,2,2,0,2,3,0,0,3,0 ks=0,0,255,0,0,0,0,255,0,0,0,0,2,0,0,0,0,0,0,0,0,0,0,0,0,2,0,0,128,0,0,0,0,0,0,0,0,0,0,0,0,0,2,0,0,0,0,0,0,0,0,0,0,0,16,1,253,108,0,0,144,0,0,0
00605 features=785 size=7 p=5 tap=2 reset=true scheme=3 ops=0,3,2,2,3,0,0,0,3,0,2,2,2,3,0,0,3,0,0,2,3,2,0,3,2,3,2,1,0,2,3,3,3,0,3,2,2,2,3,0,0,2,2,3,2,2,3,2,2,3,0,3,3,2,2,2,2,0,2,2,1,0,3,0 ks=0,4,183,0,0,0,0,255,0,0,0,0,1,0,0,0,0,0,0,0,0,0,0,0,0,0,0,0,0,0,0,0,0,0,0,253,0,0,0,0,0,0,0,0,0,253,0,0,213,0,0,0,0,0,0,0,0,0,0,0,0,0,0,0
00606 features=769 size=10 p=5 tap=11 reset=true scheme=3 ops=0,3,2,2,3,0,0,2,3,0,2,2,2,3,0,0,3,0,0,2,3,2,0,2,2,3,2,2,0,2,3,3,3,0,3,2,2,2,1,0,0,2,2,3,2,2,3,2,2,3,0,3,3,2,2,2,2,0,2,3,0,0,3,0 ks=0,0,255,255,0,0,0,255,0,0,0,0,2,0,0,0,0,0,0,0,8,0,0,0,0,0,0,0,0,0,0,0,0,0,0,0,0,0,0,254,0,0,253,0,0,0,0,0,0,0,0,0,0,0,16,0,0,108,0,0,32,0,0,0
00607 features=802 size=7 p=5 tap=11 reset=true scheme=3 ops=0,3,2,2,3,0,0,0,3,0,2,2,2,3,0,0,3,0,0,2,3,2,0,2,2,3,2,2,0,2,3,3,3,0,3,2,2,2,3,0,0,2,2,3,2,2,3,2,3,3,0,3,3,2,2,2,2,0,2,3,0,0,3,0 ks=0,0,255,0,0,0,0,255,0,0,0,0,0,0,2,0,0,0,0,0,0,0,0,0,0,0,0,0,0,0,0,0,0,0,0,0,0,0,0,0,0,0,0,0,0,127,0,0,0,0,1,0,0,0,0,3,0,24,0,0,0,0,0,0
00608 features=749 size=8 p=5 tap=11 reset=true scheme=3 ops=0,3,2,2,3,0,0,0,3,0,2,2,2,3,0,0,3,0,0,2,3,2,0,2,2,3,2,2,0,2,3,3,3,0,3,2,2,2,3,0,0,2,2,3,2,2,3,2,2,3,0,3,3,2,2,3,2,0,2,3,0,0,3,0 ks=0,0,255,0,0,0,0,255,0,0,0,0,2,0,0,0,0,0,0,0,0,0,255,0,0,0,0,0,0,0,0,0,0,0,0,0,0,0,0,0,0,0,0,0,0,0,0,0,0,0,0,0,0,0,16,0,0,108,16,0,0,0,255,0
00609 features=812 size=12 p=5 tap=11 reset=true scheme=3 ops=0,3,2,2,3,0,0,0,3,0,1,1,0,3,0,0,3,0,0,2,3,2,0,0,0,0,0,0,0,0,0,0,3,0,3,2,2,2,3,0,0,2,2,3,3,2,3,2,0,3,0,3,3,2,2,2,2,0,2,3,0,3,3,1 ks=1,0,255,0,0,0,0,255,0,0,98,223,166,0,0,254,0,0,0,0,0,0,0,0,0,0,0,0,0,0,0,0,0,64,0,0,0,0,0,0,255,0,0,0,0,0,229,0,0,0,0,0,0,0,0,0,0,108,0,0,0,2,0,0
00610 features=659 size=4 p=5 tap=11 reset=false scheme=3 ops=0,3,2,2,3,0,0,0,3,0,2,1,2,3,0,0,3,0,0,2,3,1,0,2,2,3,2,2,0,2,3,3,3,0,3,2,2,2,3,0,0,2,2,3,2,2,3,2,2,3,1,3,3,2,2,2,2,0,2,3,0,0,3,0 ks=0,0,0,0,0,0,0,255,0,0,0,0,0,0,0,0,0,0,0,0,0,0,0,0,0,0,0,0,0,0,0,0,254,0,0,0,0,0,0,0,2,0,0,0,0,0,0,0,0,0,0,0,0,0,0,0,0,2,0,0,0,0,0,0
00611 features=729 size=3 p=5 tap=35 reset=true scheme=3 ops=0,3,2,2,3,0,0,0,3,3,2,2,2,3,1,0,3,0,0,2,3,2,0,2,2,3,2,2,0,2,3,3,3,0,3,2,2,2,3,0,0,0,2,3,0,1,1,1,2,3,0,3,1,2,2,2,2,0,2,3,0,0,3,0 ks=0,0,0,0,0,0,0,0,0,0,0,0,0,0,0,0,0,0,0,0,0,0,0,0,0,0,0,0,127,0,0,0,0,0,2,0,0,0,0,0,0,0,255,0,0,0,0,0,0,0,0,0,0,0,0,0,0,0,0,0,0,0,0,0
00612 features=836 size=14 p=5 tap=11 reset=true scheme=3 ops=0,3,2,2,3,0,0,0,3,0,1,1,0,3,0,0,3,0,0,3,3,2,0,0,0,0,0,0,0,0,0,0,3,0,3,2,2,2,3,0,0,2,2,3,3,2,3,2,2,3,0,3,3,2,2,2,2,0,2,3,0,0,3,0 ks=1,0,130,0,0,0,0,255,0,0,98,222,163,0,0,0,0,0,0,0,0,1,0,0,0,0,0,0,0,0,0,0,0,64,0,128,0,0,0,0,255,254,0,0,0,128,0,0,0,0,0,0,0,0,0,0,0,108,0,0,0,0,0,1
00613 features=817 size=8 p=5 tap=11 reset=true scheme=3 ops=0,3,2,2,3,0,0,0,3,0,1,1,0,3,0,0,3,0,0,2,3,2,0,0,0,0,0,0,0,0,0,0,0,0,3,2,2,2,3,0,0,2,2,3,3,2,3,1,2,3,0,3,3,2,2,2,2,0,2,3,2,0,3,0 ks=1,0,255,0,0,0,0,0,0,0,98,0,0,0,0,0,0,0,0,0,0,0,0,0,0,0,0,0,0,2,0,0,0,64,0,0,0,0,0,0,255,0,0,0,0,0,0,0,0,0,0,0,0,0,0,0,0,108,1,0,0,0,0,0
00614 features=539 size=4 p=5 tap=11 reset=false scheme=3 ops=2,3,2,2,3,2,2,2,3,2,2,2,2,3,2,3,3,2,2,2,3,2,2,2,2,3,2,2,0,3,3,3,3,0,3,2,2,2,3,2,2,2,2,3,2,2,3,2,0,3,3,3,3,2,2,2,2,2,2,2,2,3,3,2 ks=0,0,0,0,0,0,0,255,0,0,0,0,0,0,0,0,0,0,0,0,0,0,0,0,0,0,0,0,0,0,0,0,0,0,0,0,0,105,0,0,0,0,0,0,0,0,0,127,213,0,0,0,0,0,0,0,0,0,0,0,0,0,0,0
00615 features=936 size=27 p=5 tap=35 reset=true scheme=3 ops=0,3,2,2,3,0,0,0,3,0,2,2,2,3,0,0,3,0,0,2,3,2,0,2,2,3,2,2,0,2,3,3,3,0,3,2,2,2,3,0,0,2,2,3,0,1,1,1,2,3,0,3,1,2,2,2,2,0,2,3,0,0,3,0 ks=0,0,255,0,0,0,0,255,0,255,0,0,2,0,0,0,0,0,0,23,8,0,0,0,0,0,70,0,0,0,0,0,0,0,2,0,0,87,250,196,3,94,138,148,0,77,0,96,166,252,143,144,177,0,16,0,2,108,0,0,0,25,0,140
00616 features=751 size=9 p=5 tap=11 reset=true scheme=3 ops=0,3,2,2,3,0,0,0,3,0,2,3,2,3,0,0,3,0,0,2,3,2,0,2,2,3,2,2,0,2,3,3,3,0,3,2,2,2,3,0,0,2,2,3,2,2,3,2,3,3,0,3,3,2,2,2,2,0,2,3,0,0,3,0 ks=0,0,255,0,0,0,0,2,0,0,0,0,0,0,0,0,0,254,0,0,0,0,0,0,0,0,0,0,0,0,0,0,0,0,0,0,0,127,0,0,0,0,0,0,3,127,0,0,0,0,0,0,0,0,0,3,0,108,0,0,0,128,0,0
00617 features=609 size=8 p=1 tap=11 reset=false scheme=3 ops=0,3,2,2,3,0,0,0,3,0,2,2,2,3,0,0,3,0,0,2,3,2,0,2,2,3,2,2,0,2,3,3,3,0,3,2,2,2,3,0,0,2,2,3,2,2,3,2,2,3,0,3,3,2,2,2,2,0,2,3,0,0,3,1 ks=0,0,0,0,0,0,0,255,0,0,0,193,0,0,0,0,0,0,0,0,0,0,0,0,0,0,0,0,0,0,0,0,0,0,0,0,0,0,252,0,2,0,0,0,1,0,0,0,0,0,0,0,0,0,0,0,0,2,0,0,255,0,0,254
00618 features=640 size=10 p=5 tap=11 reset=false scheme=3 ops=0,3,1,2,3,0,0,0,3,0,2,2,2,3,0,0,3,0,0,2,3,2,0,2,2,3,2,2,0,0,3,3,1,0,3,2,2,2,3,0,0,2,2,3,2,2,3,2,2,3,0,3,3,2,2,2,2,0,2,3,1,0,3,0 ks=0,0,255,0,0,0,0,255,0,0,8,0,0,0,0,0,12,0,0,0,0,0,0,64,0,0,127,3,0,0,0,0,0,0,0,0,0,0,0,0,255,0,0,0,0,0,0,0,0,0,0,0,0,0,0,3,0,108,0,0,0,0,0,0
00619 features=672 size=8 p=5 tap=11 reset=false scheme=3 ops=0,3,2,2,3,0,0,0,3,3,2,2,2,3,0,0,3,0,0,2,3,2,0,2,2,3,2,2,3,0,0,0,3,0,3,2,2,2,3,0,0,2,2,3,2,2,2,2,2,3,0,3,3,2,2,2,2,0,2,3,0,0,3,1 ks=0,0,0,0,0,0,0,255,0,0,0,0,0,0,0,0,0,0,0,0,0,0,0,0,0,0,0,0,252,0,0,0,0,64,8,0,0,0,0,0,2,0,0,0,0,0,0,0,0,0,253,0,0,0,0,0,0,2,0,0,0,0,0,254
00620 features=781 size=11 p=5 tap=11 reset=true scheme=3 ops=0,3,2,2,3,0,0,0,3,0,1,1,0,3,0,0,3,0,0,2,3,2,0,0,0,0,0,0,0,0,0,0,3,0,3,2,2,2,3,0,0,2,2,3,3,2,3,2,2,3,0,3,3,2,2,2,0,0,2,3,0,0,3,0 ks=1,0,255,0,0,0,0,255,0,0,98,223,166,0,0,0,0,0,0,0,0,1,0,0,0,0,0,0,0,0,0,0,0,64,0,0,0,0,0,0,255,0,0,0,0,128,0,0,0,0,0,0,0,0,0,0,0,108,0,0,0,0,0,0
00621 features=649 size=7 p=5 tap=11 reset=false scheme=3 ops=0,3,2,2,3,0,0,0,3,0,1,1,0,3,0,0,3,0,0,2,3,2,0,0,0,0,0,0,0,0,0,0,3,3,3,2,2,2,3,0,1,2,2,3,2,2,3,2,2,3,0,3,3,2,2,2,2,0,2,3,0,0,3,0 ks=0,0,255,0,0,0,0,255,0,0,34,223,0,0,0,0,0,0,0,0,0,0,0,0,0,0,0,0,0,0,0,0,0,127,0,0,0,0,0,0,255,0,0,0,0,0,0,0,0,0,0,0,0,0,0,0,0,2,0,0,0,0,0,0
00622 features=859 size=14 p=5 tap=11 reset=true scheme=3 ops=0,3,2,2,3,0,0,0,3,0,2,1,2,3,0,0,3,0,0,2,3,2,0,2,1,3,3,1,0,3,3,3,3,0,3,2,3,2,3,0,0,2,2,0,2,2,3,2,2,3,0,3,3,2,2,2,2,0,2,3,0,0,3,3 ks=0,55,0,0,0,0,0,23,0,0,0,0,0,0,2,0,0,0,0,0,0,0,254,0,0,0,0,0,0,12,143,0,0,0,0,0,0,0,128,0,0,0,252,3,0,0,0,0,0,0,255,0,0,0,0,0,0,2,0,255,1,0,0,1
00623 features=649 size=8 p=5 tap=11 reset=false scheme=2 ops=0,3,2,0,3,0,0,0,3,0,2,2,2,3,0,0,3,0,0,3,3,3,0,2,2,3,2,2,0,2,3,3,0,0,3,2,2,2,3,0,0,1,2,3,2,2,3,2,2,3,0,3,3,2,2,3,3,0,2,3,0,0,3,0 ks=0,0,255,0,0,0,0,0,0,0,0,0,0,0,0,0,0,0,0,0,0,0,0,195,0,0,0,4,149,0,0,0,0,0,0,0,0,4,0,0,255,0,0,0,0,0,108,0,0,0,0,0,0,0,0,0,0,108,0,0,0,0,0,0
00624 features=816 size=4 p=5 tap=11 reset=true scheme=3 ops=0,3,0,2,3,0,0,0,3,0,2,2,2,3,0,0,3,0,0,2,3,2,0,2,2,3,2,2,0,3,3,3,3,0,3,2,2,2,3,0,0,2,2,3,3,2,3,2,2,3,0,3,3,2,2,2,2,0,2,3,0,0,3,0 ks=0,0,0,0,0,0,0,255,0,0,0,0,255,0,0,0,0,0,0,0,0,0,0,0,0,0,0,0,0,0,0,0,0,0,0,0,0,0,0,0,2,0,0,0,0,0,0,0,0,0,0,0,0,0,0,0,0,6,0,0,0,0,0,0
00625 features=897 size=11 p=5 tap=35 reset=true scheme=3 ops=0,3,2,2,3,0,0,0,3,3,2,2,2,3,0,0,3,0,0,2,0,2,0,2,2,3,2,2,0,2,3,3,3,0,3,2,2,2,3,0,0,2,2,3,0,1,1,1,2,3,0,3,1,2,2,2,2,0,2,3,0,0,3,0 ks=0,0,0,0,0,0,0,0,252,255,0,0,2,0,1,0,0,0,0,23,0,0,0,0,0,0,0,0,0,0,0,0,0,0,2,0,0,0,0,0,0,0,0,0,0,77,0,0,167,0,143,0,0,0,0,0,0,108,0,0,0,0,0,140
00626 features=733 size=11 p=5 tap=16 reset=false scheme=4 ops=0,3,3,2,3,0,0,0,3,0,2,2,2,3,0,0,3,0,0,2,3,3,0,2,2,3,2,2,0,2,3,3,3,0,3,2,2,2,3,0,0,2,2,3,2,2,3,2,2,3,0,3,3,2,2,2,1,0,2,2,0,0,3,0 ks=0,128,250,0,0,0,0,255,0,0,0,0,0,0,0,0,43,0,0,0,0,0,0,0,0,0,0,0,0,0,0,0,0,0,2,0,0,0,0,0,0,0,0,0,0,0,0,0,0,0,128,1,2,0,16,0,0,108,0,195,0,0,0,0
00627 features=641 size=7 p=5 tap=11 reset=false scheme=3 ops=0,3,2,2,3,0,1,0,3,0,2,2,2,3,0,0,3,0,0,2,3,2,0,2,2,3,2,2,0,2,3,3,3,0,3,2,2,2,3,2,0,2,2,3,2,2,3,2,2,3,0,3,3,2,2,2,2,0,2,3,0,0,3,1 ks=0,0,0,0,0,0,0,255,0,0,0,0,0,0,85,0,0,0,0,0,0,0,0,0,0,0,0,0,0,3,0,0,0,0,0,1,0,0,0,0,2,0,0,0,0,0,0,0,0,0,0,0,0,0,0,0,0,2,0,0,0,0,0,254
00628 features=802 size=6 p=5 tap=11 reset=true scheme=3 ops=0,3,2,2,3,0,3,0,3,0,2,2,2,3,0,0,3,0,0,2,3,2,0,2,2,3,2,2,0,2,3,3,3,0,3,2,2,2,3,0,0,2,2,3,2,2,3,2,2,3,0,3,3,2,2,2,2,0,1,3,0,0,3,0 ks=0,0,255,0,0,0,0,255,0,0,0,0,0,0,0,0,0,0,0,0,0,0,0,0,0,0,0,0,0,0,0,0,127,0,0,0,64,0,0,0,0,0,0,0,0,0,0,0,0,0,0,0,0,0,0,128,0,108,0,0,0,0,0,0
00629 features=771 size=3 p=5 tap=11 reset=true scheme=3 ops=0,3,2,2,3,0,0,0,3,0,2,2,2,3,0,0,3,0,0,2,3,2,0,2,2,3,2,2,0,2,3,3,3,0,3,2,2,2,1,0,2,2,2,3,2,2,3,2,2,3,0,3,3,2,2,2,2,0,2,2,0,0,3,0 ks=0,0,0,0,0,0,0,255,0,0,2,0,0,0,0,0,0,0,0,0,0,0,0,0,0,0,0,0,0,0,0,0,0,0,0,0,0,0,0,0,0,0,252,0,0,0,0,0,0,0,0,0,0,0,0,0,0,0,0,0,0,0,0,0
00630 features=832 size=10 p=5 tap=11 reset=true scheme=3 ops=0,3,2,2,3,0,0,0,3,0,2,2,2,3,0,0,3,0,0,2,3,2,0,2,2,3,2,2,0,2,3,3,3,0,3,2,2,2,3,0,0,2,2,3,2,2,3,2,2,3,0,3,3,2,2,2,2,0,2,3,0,0,3,0 ks=0,0,255,255,0,0,0,255,0,0,0,0,2,0,0,2,127,0,0,0,8,0,0,0,0,0,0,0,0,0,0,0,0,0,0,0,0,0,0,0,0,0,0,0,0,0,0,0,4,0,0,0,0,0,16,0,0,1,0,0,0,0,0,0
00631 features=460 size=6 p=5 tap=11 reset=false scheme=3 ops=0,3,2,2,3,0,0,0,3,0,1,1,3,3,3,3,3,3,0,2,3,2,0,2,2,3,2,2,0,2,3,3,3,0,3,2,2,2,3,3,0,2,2,3,2,2,3,2,2,3,0,3,3,2,2,2,2,0,2,3,0,0,3,0 ks=0,0,255,2,0,0,0,0,0,0,0,0,0,0,0,0,0,0,0,0,0,0,0,0,0,0,0,0,0,0,0,0,0,0,0,0,0,0,0,0,0,0,2,0,0,0,0,0,0,0,0,0,0,0,16,0,0,108,0,0,0,0,0,128
00632 features=675 size=12 p=5 tap=11 reset=false scheme=3 ops=0,3,2,2,3,0,0,0,3,0,2,1,0,3,0,1,3,0,0,2,3,2,0,2,2,3,2,2,0,2,3,3,2,0,3,2,2,2,3,0,0,2,2,3,2,2,3,2,2,3,0,3,3,2,2,2,2,0,2,3,0,0,3,0 ks=254,0,255,0,0,0,0,255,0,0,0,223,166,0,0,0,0,4,0,0,0,0,0,0,0,0,0,0,0,0,0,0,0,0,0,253,0,0,0,0,255,0,253,0,0,0,0,0,0,128,0,0,0,0,0,128,0,108,0,0,0,0,0,0
00633 features=829 size=8 p=5 tap=16 reset=false scheme=2 ops=1,3,3,2,3,0,0,0,3,0,2,2,2,3,0,0,3,0,0,2,3,3,0,2,2,3,2,2,0,2,3,3,3,0,3,2,2,2,3,0,0,2,2,3,2,2,3,2,2,0,0,3,3,2,2,2,2,0,2,3,3,1,3,0 ks=0,0,253,0,0,0,0,237,0,0,0,0,0,0,0,0,47,0,0,0,0,0,0,0,0,0,0,255,0,0,8,0,0,0,2,0,0,0,0,0,0,0,0,1,0,0,0,0,0,0,0,0,0,0,0,0,0,108,0,0,0,0,0,0
00634 features=641 size=13 p=5 tap=11 reset=false scheme=3 ops=0,3,2,2,3,0,0,0,3,0,1,1,0,3,0,0,3,0,0,2,3,2,0,0,0,0,0,0,0,0,0,0,3,0,3,2,2,2,3,0,0,2,2,3,2,2,3,2,2,3,0,3,3,2,2,2,2,0,2,3,0,0,3,0 ks=0,0,255,0,0,0,0,255,0,0,34,223,0,0,0,0,64,0,0,0,0,0,254,0,0,0,0,0,0,0,0,0,0,127,0,0,4,0,0,0,255,0,1,0,0,0,0,0,0,246,0,0,0,0,188,0,0,2,0,0,0,0,0,0
00635 features=530 size=12 p=5 tap=11 reset=false scheme=2 ops=0,3,3,2,3,0,3,0,3,0,1,1,0,3,0,0,3,0,0,2,3,2,0,3,0,3,0,0,0,2,3,3,3,0,3,3,2,2,3,0,0,2,2,3,3,2,3,2,0,3,0,3,3,2,2,3,0,0,2,3,1,0,3,1 ks=1,0,255,0,0,0,0,255,0,0,98,223,166,0,0,0,0,0,0,0,0,0,0,0,0,0,0,0,0,0,0,0,0,0,0,0,0,0,0,0,255,209,252,0,0,0,0,0,254,0,0,0,0,0,0,0,0,107,0,32,0,0,0,0
00636 features=808 size=11 p=5 tap=11 reset=true scheme=3 ops=0,3,2,2,3,0,0,0,3,0,1,1,0,3,0,0,3,0,0,2,3,2,0,0,0,0,0,0,0,0,0,0,3,0,3,2,2,2,3,0,0,2,2,3,3,2,3,2,2,3,0,3,3,2,2,2,2,0,2,3,0,0,3,0 ks=1,0,255,0,0,0,0,255,0,0,98,223,166,0,0,0,0,0,0,0,0,0,0,0,0,0,0,0,0,53,0,0,0,64,0,0,0,254,0,0,255,0,0,0,0,0,0,0,0,0,0,0,0,0,0,0,0,108,0,0,0,0,0,0
00637 features=694 size=7 p=5 tap=16 reset=false scheme=3 ops=0,3,3,2,3,0,0,0,3,0,2,2,2,3,0,0,3,0,0,2,3,3,0,2,2,3,2,2,0,2,3,3,3,0,3,2,2,2,3,0,0,2,2,3,2,2,3,2,2,3,0,3,3,2,2,2,3,0,2,2,0,0,3,0 ks=255,0,253,0,0,0,0,255,0,0,0,0,0,0,0,0,0,0,0,0,0,0,2,0,0,0,0,0,0,0,0,0,0,0,0,0,0,0,0,0,0,0,0,0,0,0,0,0,0,0,128,0,3,0,0,0,0,100,0,0,0,0,0,0
00638 features=713 size=9 p=5 tap=11 reset=false scheme=3 ops=0,3,2,2,3,0,0,0,3,0,1,1,0,3,0,0,3,0,0,2,3,2,0,2,1,2,3,1,0,3,3,3,3,0,3,2,2,2,3,0,0,2,2,0,2,2,3,2,2,3,0,3,3,2,2,2,2,0,2,0,0,0,3,3 ks=0,0,0,0,0,0,0,0,0,0,98,0,0,0,0,1,0,0,0,0,0,0,0,0,0,0,0,0,0,0,241,0,0,0,0,0,0,0,0,0,0,0,252,0,0,0,0,0,0,0,255,0,0,0,0,0,0,2,0,255,1,106,0,0
00639 features=424 size=6 p=5 tap=11 reset=false scheme=3 ops=3,3,3,3,3,0,0,0,3,0,3,1,3,3,0,0,3,0,0,0,3,0,0,3,0,3,0,0,0,0,3,3,3,0,3,3,2,0,3,0,0,0,0,3,2,1,3,0,3,3,0,3,3,0,3,3,3,0,0,3,0,0,3,0 ks=0,0,0,0,0,0,0,255,0,0,0,0,0,0,0,0,0,128,0,0,0,0,0,0,0,0,0,8,0,0,0,0,0,0,255,0,0,0,0,42,0,0,0,0,0,0,0,0,0,0,0,0,0,0,0,0,0,2,0,0,0,0,0,0
00640 features=747 size=9 p=5 tap=11 reset=true scheme=3 ops=0,3,2,2,3,0,0,0,3,0,1,0,0,3,0,0,3,0,0,2,3,2,0,0,0,0,0,0,0,0,0,0,3,0,3,2,2,2,3,0,0,2,2,3,2,2,3,2,2,3,0,3,3,2,2,2,2,0,2,3,0,0,3,0 ks=0,0,255,2,0,0,0,255,0,0,34,223,166,0,0,0,0,0,0,0,0,0,0,0,0,0,0,0,0,0,0,0,0,0,0,0,0,0,0,0,255,0,0,0,0,0,0,0,0,0,0,0,0,0,0,128,0,108,0,0,0,0,0,0
00641 features=774 size=4 p=5 tap=35 reset=true scheme=3 ops=0,3,2,2,3,0,0,0,3,0,2,2,2,3,0,0,3,0,0,2,3,2,0,2,2,3,2,2,0,2,3,3,3,0,3,1,1,1,1,1,1,1,1,1,1,1,1,1,2,3,0,3,1,2,2,2,2,0,2,3,0,0,0,0 ks=0,0,0,0,0,0,0,0,0,255,0,0,0,0,0,0,0,0,32,0,0,0,0,0,0,0,0,0,0,0,0,0,0,0,2,0,0,0,0,0,0,0,0,0,0,0,0,0,0,0,0,0,0,0,8,0,0,0,0,0,0,0,0,0
00642 features=646 size=16 p=5 tap=11 reset=false scheme=4 ops=0,3,2,2,3,0,0,0,3,0,1,1,0,3,0,0,3,0,0,2,3,2,0,0,0,0,0,0,0,0,0,0,3,0,3,2,0,2,3,0,0,2,2,3,2,2,3,2,3,3,0,3,3,2,2,2,2,0,2,3,0,1,3,0 ks=141,8,255,0,0,0,0,255,0,0,34,223,0,0,127,0,0,0,0,64,0,0,0,0,0,0,0,48,0,0,32,0,0,127,0,0,0,0,0,0,255,0,0,0,0,0,0,127,213,0,0,0,0,0,0,0,0,3,0,2,0,0,0,0
00643 features=545 size=4 p=5 tap=11 reset=false scheme=3 ops=2,3,2,2,3,2,2,2,3,2,2,2,2,3,2,3,3,0,2,2,3,2,2,2,2,3,2,2,0,3,3,3,3,0,3,2,2,2,3,2,2,2,2,3,2,2,3,2,0,3,3,3,3,2,2,2,2,2,2,2,2,3,3,2 ks=0,0,0,0,0,0,0,255,0,0,0,0,0,0,0,0,0,0,0,0,0,0,0,0,0,0,0,0,0,0,0,0,0,0,0,0,0,105,0,0,0,0,0,0,0,0,0,127,213,0,0,0,0,0,0,0,0,0,0,0,0,0,0,0
00644 features=776 size=9 p=5 tap=11 reset=true scheme=3 ops=0,3,2,2,3,0,0,0,3,0,2,2,2,3,0,0,3,0,0,2,3,2,0,2,2,3,2,2,0,2,3,3,3,0,3,2,2,2,1,0,0,2,2,3,2,2,3,2,2,3,0,3,3,2,2,2,2,0,2,3,0,0,3,0 ks=0,0,255,255,0,0,0,255,0,0,0,0,2,0,0,0,0,0,0,0,8,0,0,0,0,0,0,4,0,0,0,0,0,0,0,0,0,0,0,0,0,0,253,0,0,0,0,0,0,0,0,0,0,0,16,0,0,108,0,0,0,0,0,0
00645 features=671 size=7 p=5 tap=11 reset=false scheme=5 ops=0,3,2,2,3,0,0,0,3,0,2,2,2,3,0,0,3,0,0,2,3,2,0,2,2,3,2,2,0,2,3,3,3,0,3,2,2,2,3,0,0,2,2,3,2,2,3,2,2,3,0,3,3,2,2,2,2,0,2,3,0,0,3,0 ks=254,0,255,0,0,0,0,0,0,0,2,0,2,0,0,0,0,0,0,0,0,0,0,0,0,0,0,0,0,0,0,0,0,0,0,0,0,0,0,0,0,0,2,0,0,0,0,0,0,0,0,0,0,0,16,0,0,108,0,0,0,0,0,0
00646 features=830 size=16 p=5 tap=16 reset=true scheme=3 ops=0,3,3,2,3,0,0,0,3,0,2,2,2,3,0,0,3,0,0,2,3,3,0,2,2,3,2,2,0,1,3,3,3,0,3,2,2,2,3,0,0,2,2,3,2,2,3,2,2,3,0,3,3,0,2,2,3,0,2,2,0,0,3,0 ks=0,0,253,0,0,0,0,255,0,0,0,0,0,0,255,0,43,2,0,0,0,0,0,0,0,0,0,4,0,0,0,0,255,2,2,0,0,0,0,0,0,0,0,0,0,0,128,0,0,0,128,0,2,128,16,0,0,108,0,0,128,0,0,0
00647 features=752 size=8 p=5 tap=11 reset=false scheme=3 ops=0,3,3,2,3,0,0,0,3,0,2,2,2,3,0,0,3,0,0,2,3,2,0,2,0,0,2,2,0,0,3,2,0,0,0,1,2,2,3,0,2,2,2,3,2,2,3,2,2,3,0,3,3,2,2,2,2,0,2,3,0,0,3,0 ks=0,0,253,0,0,0,0,255,0,0,0,0,0,0,0,0,0,0,0,0,0,0,0,0,0,0,0,0,0,0,0,0,0,0,23,236,0,0,0,0,0,0,0,0,127,0,0,0,16,0,0,0,0,0,0,3,0,254,0,0,0,0,0,0
00648 features=833 size=6 p=5 tap=11 reset=true scheme=3 ops=0,3,2,2,3,0,0,0,3,0,2,2,2,3,0,0,3,0,0,2,3,2,0,2,2,3,2,2,0,2,3,2,3,0,3,2,2,2,3,0,0,2,2,3,2,2,3,2,2,3,0,3,3,2,2,2,2,0,2,3,0,0,3,0 ks=0,0,0,0,0,0,0,255,0,0,0,0,0,0,2,0,0,0,0,0,0,0,0,0,0,0,0,0,0,0,0,0,0,0,169,252,0,0,0,0,0,0,252,0,0,0,0,0,0,0,0,0,0,0,0,0,0,2,0,0,0,0,0,0
00649 features=419 size=5 p=5 tap=11 reset=false scheme=4 ops=2,3,2,2,3,3,2,3,3,2,2,2,2,3,2,2,3,3,3,2,3,2,3,2,2,3,2,2,2,2,3,3,3,2,3,2,2,2,3,3,2,2,2,3,2,2,3,2,2,3,3,3,3,2,2,3,2,3,2,3,2,2,3,3 ks=0,0,255,0,0,0,0,255,0,0,8,0,0,0,0,0,12,0,0,0,0,0,143,0,0,0,0,0,0,0,0,0,0,0,0,0,0,0,0,0,0,0,0,0,0,0,0,0,0,0,0,0,0,0,0,0,0,0,0,0,0,0,0,0
00650 features=760 size=12 p=5 tap=11 reset=false scheme=4 ops=0,3,2,2,3,0,0,0,3,0,2,2,2,3,0,0,3,0,0,0,3,1,0,2,2,3,2,2,0,2,3,3,0,0,3,2,2,2,3,2,2,2,2,3,2,2,3,2,2,3,0,3,3,2,2,3,3,2,2,3,0,0,3,0 ks=0,0,255,0,0,0,0,0,0,0,0,0,0,0,0,0,0,0,0,0,252,0,0,64,0,0,254,0,0,2,253,0,0,0,53,0,6,105,0,0,0,0,0,0,0,0,108,0,0,0,0,0,0,3,0,0,0,0,0,0,0,8,0,0
00651 features=533 size=8 p=5 tap=11 reset=false scheme=3 ops=2,3,2,2,3,2,2,2,3,2,2,2,2,3,2,3,3,2,2,2,3,2,2,2,2,3,2,2,2,2,3,3,3,3,3,2,2,2,3,2,2,2,2,3,2,2,3,2,2,3,3,3,3,2,2,2,2,2,2,2,2,3,3,2 ks=0,0,0,0,0,0,0,255,0,0,0,0,0,0,0,0,0,0,0,0,0,0,0,0,0,0,0,0,16,0,0,0,0,0,0,16,0,105,0,0,0,0,0,0,0,0,128,127,213,0,0,0,0,0,0,0,0,0,0,0,0,0,0,158
00652 features=759 size=9 p=5 tap=11 reset=true scheme=3 ops=0,3,1,2,3,0,3,2,3,0,2,2,2,3,0,0,3,0,0,2,3,2,0,2,2,3,1,2,0,2,3,3,3,0,3,2,2,2,3,0,0,2,2,3,3,2,3,2,0,3,0,3,3,2,2,2,2,0,2,3,0,0,3,0 ks=0,0,255,0,0,0,0,255,0,0,0,0,0,0,0,0,0,0,2,0,254,0,0,0,0,0,0,0,0,0,0,0,0,0,0,0,64,0,254,0,255,0,0,0,0,0,0,0,0,0,0,0,0,2,0,128,0,0,0,0,0,0,0,0
00653 features=751 size=20 p=1 tap=16 reset=false scheme=3 ops=1,3,2,2,3,0,0,0,3,0,2,2,2,3,0,0,3,0,0,2,3,2,0,2,3,3,2,2,0,1,3,3,3,0,3,2,2,2,3,0,0,2,2,1,1,1,3,2,2,3,0,3,3,2,2,2,2,0,2,3,0,0,3,0 ks=0,0,255,0,0,0,0,255,0,127,176,254,2,0,128,255,16,2,0,0,0,0,0,0,0,0,0,0,0,0,0,0,0,0,2,0,32,0,255,0,66,0,0,148,136,0,0,0,0,0,0,0,0,0,19,0,4,108,0,0,0,0,0,136
00654 features=712 size=14 p=5 tap=11 reset=true scheme=3 ops=0,3,2,2,3,0,0,1,3,0,1,1,0,3,0,0,3,0,0,2,3,2,0,0,0,0,0,0,0,0,0,0,3,0,3,2,2,2,3,0,0,2,2,3,3,2,3,1,2,3,3,3,3,2,2,2,2,0,2,3,0,0,3,0 ks=1,0,255,0,0,0,0,0,0,0,98,0,0,0,254,0,0,0,0,0,0,0,2,0,0,0,0,0,0,0,0,0,0,65,0,0,124,4,0,1,255,252,0,0,0,0,0,0,0,0,0,0,0,0,0,0,0,108,1,0,0,254,0,0
00655 features=733 size=8 p=5 tap=11 reset=false scheme=3 ops=0,3,2,2,3,0,0,0,3,0,2,2,2,3,0,0,3,0,0,2,3,2,0,2,2,3,2,2,0,2,3,3,0,0,3,2,2,2,3,0,0,2,2,3,2,2,3,2,2,3,0,3,3,2,2,2,2,0,2,3,0,0,3,0 ks=14,0,255,0,0,0,0,255,0,0,0,0,0,0,0,0,0,0,0,0,0,0,0,0,0,0,0,0,0,0,0,0,0,0,0,0,0,0,0,0,0,64,0,0,0,0,255,0,0,128,0,0,0,0,0,128,0,108,0,0,0,0,0,0
00656 features=777 size=7 p=5 tap=11 reset=true scheme=3 ops=0,3,2,2,3,0,0,0,3,0,2,2,2,3,0,0,3,0,0,2,3,2,0,2,2,3,2,2,0,2,3,3,3,0,3,2,2,2,3,0,0,2,2,3,2,2,3,2,2,3,0,3,3,2,2,2,2,0,2,3,0,0,3,0 ks=0,0,255,0,0,0,0,255,0,0,0,0,0,0,0,0,0,0,0,0,0,9,0,0,0,0,0,1,0,0,0,0,0,0,0,0,0,0,0,84,0,0,0,0,0,0,0,0,0,0,0,0,0,0,0,128,0,76,0,0,0,0,0,0
00657 features=708 size=14 p=5 tap=11 reset=true scheme=3 ops=0,3,2,2,3,0,0,0,3,0,0,1,0,3,0,0,3,0,0,2,3,3,3,3,3,3,3,3,3,3,3,3,3,0,3,2,2,2,3,0,0,2,2,3,2,2,3,2,2,3,0,3,3,2,2,2,2,0,2,3,0,0,3,0 ks=0,0,255,0,0,0,0,255,0,0,34,223,166,0,0,0,0,0,0,0,0,0,0,0,0,0,0,0,0,32,0,0,0,128,0,0,0,1,0,0,251,0,1,0,3,0,128,0,0,0,0,0,0,0,0,128,0,108,0,0,0,0,0,0
00658 features=751 size=19 p=5 tap=11 reset=true scheme=3 ops=0,3,3,3,3,0,0,0,3,0,3,3,3,1,0,1,3,1,1,2,3,2,0,0,0,0,0,0,0,0,3,3,3,0,3,2,2,2,3,0,0,2,2,3,2,2,3,0,2,3,0,3,3,2,3,3,3,0,0,3,0,0,3,0 ks=1,0,0,0,0,0,0,255,0,0,0,145,127,229,50,140,126,149,2,0,0,0,0,0,0,0,0,0,242,4,0,0,0,0,0,0,3,0,0,0,32,99,0,0,0,0,0,0,213,8,0,0,0,0,252,0,0,2,0,0,0,0,0,0
00659 features=921 size=22 p=5 tap=35 reset=true scheme=3 ops=0,3,2,2,3,0,0,0,3,0,2,2,2,3,0,0,3,0,0,2,3,2,0,2,2,3,2,2,0,2,3,3,2,0,3,2,2,2,3,0,0,2,2,3,0,1,1,1,2,3,0,3,1,2,2,2,2,0,2,3,0,0,3,0 ks=0,0,255,0,0,0,0,255,0,0,0,0,2,0,0,0,0,0,0,23,8,0,0,0,0,0,0,0,0,0,0,0,0,0,2,0,0,87,250,196,3,94,141,0,0,77,7,92,166,252,143,144,177,0,16,0,0,108,0,0,0,0,0,0
00660 features=753 size=9 p=5 tap=11 reset=false scheme=0 ops=0,3,2,2,3,0,0,0,3,0,2,2,2,3,0,0,3,0,0,2,3,2,0,2,0,0,2,2,2,2,0,2,0,2,0,1,2,2,3,0,0,2,2,3,2,2,3,2,2,3,0,3,3,2,2,2,2,0,2,3,0,0,3,0 ks=0,0,255,0,0,0,0,255,0,0,0,0,0,0,0,0,0,0,0,71,0,0,0,0,0,0,0,0,0,0,0,0,0,0,0,251,0,0,0,0,0,0,0,0,127,0,0,0,16,0,0,0,0,0,0,3,0,108,30,0,0,0,0,0
00661 features=780 size=9 p=5 tap=11 reset=true scheme=3 ops=0,3,2,2,3,0,0,0,3,0,2,3,2,3,0,0,3,0,0,2,3,2,0,2,2,3,2,2,0,2,0,3,3,0,3,3,2,2,3,0,0,2,2,3,2,2,3,2,3,3,0,3,3,2,2,2,2,0,2,3,0,0,3,0 ks=0,0,255,0,0,0,0,255,0,0,0,0,252,0,0,0,0,0,0,0,0,0,0,0,0,0,0,220,0,0,0,0,0,0,0,0,0,0,0,0,0,0,0,0,0,127,0,0,255,0,0,0,0,0,0,3,0,108,0,0,0,128,0,0
00662 features=564 size=12 p=5 tap=11 reset=false scheme=3 ops=0,3,2,2,3,0,0,0,3,0,1,2,2,3,0,0,3,0,0,2,3,2,0,3,1,3,3,3,3,3,3,3,3,3,3,2,2,2,3,0,2,2,2,3,2,2,3,2,2,3,0,3,3,2,2,2,2,0,2,3,2,0,3,0 ks=0,0,255,0,0,0,0,185,0,255,0,0,2,0,0,0,4,0,0,0,0,0,0,0,0,0,0,0,0,0,0,0,0,177,0,0,0,0,176,2,0,0,0,0,0,0,0,0,0,0,0,0,0,0,0,255,61,108,0,3,0,0,0,0
00663 features=835 size=13 p=5 tap=35 reset=true scheme=3 ops=0,3,2,2,3,0,0,0,3,3,2,2,2,3,0,0,3,0,0,2,0,2,0,2,2,3,2,2,0,2,3,3,3,0,3,2,2,2,3,0,0,2,2,3,0,1,1,1,2,3,0,3,1,2,2,1,1,0,1,2,1,0,3,0 ks=0,0,255,0,0,2,0,0,0,255,0,0,2,0,1,0,0,0,0,23,0,0,0,0,0,0,0,0,0,0,0,0,0,0,2,0,0,0,0,0,0,0,0,0,0,0,128,0,0,0,0,0,0,0,76,0,0,138,0,122,3,0,0,140
00664 features=785 size=13 p=5 tap=11 reset=true scheme=3 ops=0,3,2,2,3,0,0,0,3,0,1,1,0,1,0,0,3,0,0,2,3,2,0,2,2,3,2,2,0,2,3,0,3,0,3,1,2,2,3,0,0,2,2,3,2,2,3,2,2,3,0,3,3,2,2,2,2,0,2,3,0,0,3,3 ks=1,0,255,171,0,0,0,255,0,0,98,223,0,176,0,35,0,0,0,0,0,0,255,64,0,0,0,0,0,0,0,0,0,64,0,0,0,0,0,3,0,0,0,0,0,0,0,0,0,0,0,0,0,0,0,0,0,108,0,0,0,0,0,0
00665 features=753 size=11 p=5 tap=11 reset=true scheme=3 ops=0,3,2,2,3,0,0,2,3,0,2,2,2,3,0,0,3,0,0,2,3,2,0,2,2,3,2,2,0,2,3,3,3,0,3,2,2,2,1,0,0,2,2,3,2,2,3,2,2,3,0,3,3,2,2,2,2,0,2,3,0,0,3,0 ks=0,0,255,255,0,0,0,255,0,0,0,0,2,0,0,0,0,0,0,0,8,0,0,0,0,0,0,0,0,0,0,0,0,0,0,0,0,0,0,254,0,0,253,0,0,0,0,0,0,0,0,0,0,0,16,0,0,108,0,0,32,186,0,0
00666 features=835 size=15 p=5 tap=11 reset=true scheme=3 ops=0,3,2,2,3,0,0,0,3,0,1,1,0,3,0,0,3,0,0,2,3,2,0,0,0,0,0,0,0,2,0,0,3,0,3,2,3,2,3,0,0,2,2,3,3,2,3,2,2,3,0,3,3,2,2,2,2,0,2,3,0,0,3,0 ks=1,0,255,0,0,0,0,255,0,0,98,223,166,4,0,61,0,128,0,0,0,0,0,0,0,0,0,0,0,0,0,0,0,64,0,0,0,0,0,0,255,0,0,0,134,0,0,0,0,127,0,0,0,0,0,0,0,104,0,0,0,0,0,1
00667 features=709 size=10 p=5 tap=11 reset=false scheme=3 ops=0,3,2,2,3,0,0,0,3,0,2,1,2,3,0,0,3,0,0,2,3,2,0,2,0,0,2,2,2,2,0,2,0,0,0,1,2,2,3,0,0,2,2,3,2,2,3,2,2,3,0,3,3,2,2,2,2,0,2,3,0,0,3,0 ks=0,0,255,0,0,0,0,255,0,0,130,0,0,0,0,0,0,0,128,0,0,0,0,0,0,0,0,0,0,0,0,0,0,204,0,236,0,0,0,255,0,0,0,0,127,0,0,0,0,0,0,0,0,0,0,3,0,108,0,0,0,0,0,0
00668 features=793 size=13 p=5 tap=11 reset=true scheme=3 ops=0,3,2,2,3,0,0,0,3,0,2,2,2,3,0,0,3,0,0,2,3,3,0,2,2,2,0,0,0,0,0,0,2,0,3,2,2,2,3,0,0,2,2,3,2,2,3,2,2,3,0,3,3,2,2,2,2,0,2,3,0,0,3,0 ks=0,0,255,0,0,0,0,255,0,0,0,2,0,0,0,0,43,0,0,0,0,0,0,0,0,0,0,254,0,0,0,0,0,127,0,0,4,0,0,0,255,0,1,0,0,0,1,0,0,246,0,0,0,0,188,0,0,2,0,0,0,0,0,0
00669 features=773 size=11 p=5 tap=11 reset=true scheme=3 ops=0,3,2,2,3,0,0,0,3,0,1,1,0,3,0,0,3,0,0,2,3,2,0,0,0,0,0,0,0,0,0,0,3,0,3,2,2,2,3,0,0,2,2,3,3,2,3,2,2,3,0,3,3,2,2,2,2,0,2,3,0,0,3,0 ks=0,0,255,0,0,0,0,255,0,0,98,223,166,0,0,0,0,0,0,0,0,1,0,0,0,0,0,0,0,0,0,0,0,64,0,0,0,0,0,0,255,0,0,0,0,128,0,0,16,0,0,0,0,0,0,0,0,109,0,0,0,0,0,0
00670 features=934 size=18 p=5 tap=35 reset=true scheme=3 ops=0,3,2,2,3,0,0,0,3,0,2,2,2,3,0,0,3,0,3,2,3,2,0,2,2,3,2,2,0,2,3,3,3,0,3,2,2,2,3,0,0,2,2,3,0,1,1,3,2,3,0,3,1,2,2,2,2,0,2,3,0,0,0,0 ks=0,128,255,0,0,0,0,252,0,255,0,0,2,0,0,0,0,0,0,23,130,255,0,252,0,0,0,0,0,0,0,0,0,0,2,0,0,87,250,196,3,90,141,148,0,77,0,0,0,0,0,0,0,0,0,0,0,0,0,0,0,0,0,0
00671 features=813 size=11 p=5 tap=11 reset=true scheme=3 ops=0,3,2,2,3,0,0,0,3,0,1,1,0,3,0,0,3,0,0,2,3,2,0,0,0,0,0,0,0,0,3,0,3,0,3,2,2,2,3,0,0,2,2,3,3,2,3,2,0,3,0,3,3,2,2,2,2,0,2,3,0,0,3,0 ks=1,0,255,171,0,0,0,255,0,0,111,223,166,0,0,0,0,0,0,0,0,0,0,0,0,0,0,0,0,0,0,0,0,64,0,0,0,0,0,0,255,0,0,0,0,0,0,0,0,0,0,0,0,0,0,0,0,108,0,0,236,0,0,0
00672 features=627 size=10 p=5 tap=11 reset=false scheme=3 ops=0,3,2,2,3,0,0,0,3,0,2,2,2,3,0,0,3,0,0,2,3,2,0,2,2,3,2,2,0,2,3,1,0,0,3,2,2,2,3,0,0,2,2,3,2,2,3,2,2,3,0,3,3,2,2,3,3,0,2,3,0,0,3,0 ks=0,0,255,0,0,0,0,0,0,0,221,2,0,0,0,0,0,0,0,0,0,0,255,64,0,0,0,0,0,0,0,0,0,0,0,0,0,87,0,0,255,0,0,0,0,0,108,0,0,1,0,0,0,0,0,0,0,108,0,0,0,0,0,0
00673 features=766 size=8 p=5 tap=11 reset=true scheme=3 ops=0,3,2,2,3,0,0,2,3,0,2,2,2,3,0,0,3,0,0,2,3,2,0,2,2,3,2,2,0,2,3,3,3,0,3,2,2,2,1,0,0,2,2,3,2,2,3,2,2,3,0,3,3,2,2,2,2,0,2,3,0,0,3,0 ks=0,0,255,255,0,0,0,255,0,0,0,0,0,0,0,0,0,0,0,0,8,0,0,0,0,0,0,0,0,0,0,0,0,0,0,0,0,0,0,254,0,0,253,0,0,0,0,0,0,0,0,0,0,0,16,0,0,0,0,0,32,0,0,0
00674 features=910 size=20 p=5 tap=35 reset=true scheme=3 ops=0,3,2,2,3,0,0,0,3,0,2,2,2,3,0,0,3,0,0,2,3,2,0,2,2,3,2,2,0,2,3,3,3,0,3,2,2,2,3,0,0,2,2,3,0,1,1,1,2,2,3,3,3,2,2,2,2,0,2,3,0,0,3,0 ks=0,0,255,255,0,0,0,255,0,255,0,0,2,0,0,0,0,0,0,23,8,0,0,0,0,0,0,0,0,0,0,0,0,0,2,0,0,87,250,196,3,94,141,148,0,77,0,96,166,0,0,0,0,0,0,0,0,108,0,0,0,0,0,140
00675 features=717 size=9 p=5 tap=11 reset=false scheme=3 ops=0,3,2,2,3,0,0,0,3,0,2,2,0,3,0,1,3,0,0,2,3,2,0,2,0,0,1,2,0,0,3,2,0,0,0,1,2,2,3,0,0,2,2,3,2,2,3,0,2,3,0,3,3,1,2,2,2,0,2,3,1,0,3,0 ks=0,0,255,0,0,0,0,255,0,0,22,42,0,0,254,0,0,0,0,0,0,0,0,0,0,0,0,0,0,0,0,0,0,0,0,236,0,0,0,0,0,0,0,0,127,0,0,0,16,0,0,0,0,0,0,3,0,0,0,0,0,0,0,0
00676 features=815 size=6 p=5 tap=11 reset=true scheme=3 ops=0,3,2,2,3,0,0,0,3,0,2,3,2,3,0,0,3,0,0,2,3,2,0,2,2,3,2,2,0,2,3,3,3,0,3,2,2,2,3,0,0,2,2,3,2,2,3,2,3,3,0,3,3,2,2,2,2,0,2,3,0,0,3,0 ks=0,0,255,0,0,0,0,255,0,0,0,0,0,0,0,0,0,0,0,0,0,0,0,0,0,0,0,0,0,0,0,0,0,0,128,0,0,0,0,0,0,0,0,0,0,127,0,0,0,0,0,0,0,0,0,3,0,108,0,0,0,0,0,0
00677 features=629 size=7 p=5 tap=11 reset=false scheme=3 ops=0,3,2,2,3,0,0,0,3,0,1,1,0,3,0,0,3,0,0,2,3,2,0,0,0,0,0,0,0,0,3,0,3,0,3,2,2,2,3,0,0,2,2,3,3,2,3,1,2,3,0,3,3,2,2,2,2,0,2,3,0,0,3,0 ks=1,0,255,0,0,0,0,0,0,0,66,0,0,0,0,0,0,0,0,32,0,0,0,0,0,0,0,0,0,0,0,0,0,64,0,0,0,0,0,0,255,0,0,0,0,0,0,0,0,0,0,0,0,0,0,0,0,108,0,0,0,0,0,0
00678 features=932 size=18 p=1 tap=16 reset=true scheme=3 ops=0,3,2,2,3,0,3,0,3,0,2,2,2,3,0,0,3,0,0,2,3,2,0,2,2,3,2,2,0,2,3,3,3,0,3,2,2,2,3,0,0,2,2,1,1,1,3,2,2,3,0,3,3,2,2,2,2,0,2,3,0,0,3,0 ks=0,0,253,0,0,0,0,255,0,0,255,210,2,0,128,255,16,0,0,0,0,0,0,0,0,0,0,0,0,0,0,0,0,0,2,0,0,0,0,0,0,0,0,148,136,0,32,0,0,2,0,0,0,0,19,0,0,108,128,0,0,0,1,136
00679 features=843 size=11 p=5 tap=16 reset=true scheme=3 ops=0,3,3,2,3,0,0,0,3,0,2,2,2,3,0,0,3,0,0,3,3,3,0,2,2,3,2,2,0,2,3,2,3,0,3,2,2,2,3,0,0,2,2,3,2,2,3,0,3,3,0,3,3,0,0,3,2,0,2,2,0,0,3,0 ks=0,0,253,0,0,0,0,255,0,0,0,0,0,0,0,0,43,0,0,0,0,0,0,195,0,0,0,4,149,0,0,0,0,0,2,0,0,0,0,0,0,0,0,0,0,0,0,0,1,0,0,216,0,0,16,0,0,108,0,0,0,0,0,0
00680 features=682 size=11 p=5 tap=11 reset=false scheme=3 ops=0,3,2,2,3,0,0,0,3,0,1,1,2,3,0,3,3,0,0,2,3,2,0,2,1,2,3,1,0,3,3,3,3,0,3,2,2,2,3,0,0,2,2,0,2,2,3,2,2,3,0,3,1,2,2,2,2,0,2,0,0,0,3,3 ks=0,0,0,0,0,0,0,0,0,0,98,0,1,0,0,0,0,0,0,0,0,0,0,0,0,0,0,0,0,0,241,0,0,0,0,0,0,0,0,0,0,0,252,1,0,0,0,0,0,0,255,0,0,0,0,0,0,2,8,254,1,106,0,0
00681 features=709 size=7 p=5 tap=11 reset=true scheme=3 ops=0,3,2,2,3,0,0,0,3,0,2,2,2,3,0,0,3,0,0,2,3,2,0,2,2,3,2,2,0,2,1,3,3,0,3,2,2,2,3,1,0,2,0,3,2,2,3,2,2,3,0,3,3,2,2,2,3,1,2,3,0,0,3,0 ks=0,0,0,0,0,0,0,255,0,0,8,0,0,0,0,8,0,0,0,0,0,0,0,0,0,0,0,0,0,0,0,0,0,0,0,0,0,0,0,0,255,0,0,0,0,0,0,0,0,0,0,255,0,0,0,0,0,2,254,0,0,0,0,0
00682 features=588 size=13 p=5 tap=11 reset=false scheme=2 ops=0,3,3,2,3,0,3,0,3,0,1,1,0,3,0,0,3,0,0,2,3,2,0,0,0,0,0,2,0,2,3,0,3,0,3,2,2,2,3,0,0,2,2,3,3,2,3,2,0,3,0,3,3,3,2,3,2,0,2,3,1,0,3,1 ks=1,0,255,0,0,0,0,255,0,127,98,223,166,0,0,0,0,0,0,0,0,0,0,0,0,0,0,0,0,0,0,0,0,64,0,0,0,0,0,0,255,209,252,0,0,0,0,0,0,0,0,0,0,0,0,0,0,108,0,32,0,0,0,0
00683 features=790 size=11 p=5 tap=11 reset=true scheme=3 ops=0,3,2,2,3,0,0,0,3,0,1,1,0,3,0,0,3,0,0,2,3,2,0,0,0,0,0,0,0,0,0,0,3,0,3,2,2,2,3,0,0,2,2,3,3,2,3,2,2,3,0,3,3,2,2,2,2,0,2,3,0,0,3,0 ks=1,0,255,0,0,0,0,0,0,1,98,0,0,0,0,1,0,0,0,0,0,0,0,0,253,0,0,0,0,0,0,0,0,64,0,0,0,0,0,0,255,0,0,0,0,127,0,0,0,0,0,0,0,0,0,4,0,108,0,0,0,0,0,0
00684 features=700 size=10 p=5 tap=11 reset=false scheme=3 ops=0,3,2,2,3,0,0,0,3,0,2,2,2,3,0,0,3,0,2,2,3,2,0,2,2,3,2,2,0,2,3,3,0,0,3,2,2,2,3,0,0,2,2,3,2,2,3,2,2,1,0,3,3,0,2,0,3,0,2,3,0,0,3,0 ks=0,0,255,0,0,0,0,255,0,0,104,0,0,0,3,0,0,0,0,0,0,0,0,64,0,0,0,0,0,0,0,0,0,0,0,0,0,3,0,0,255,0,0,0,7,0,0,0,0,128,0,0,0,0,0,0,0,108,0,0,0,0,0,0
00685 features=643 size=11 p=5 tap=11 reset=false scheme=3 ops=0,3,2,2,3,0,0,0,3,0,2,2,2,3,0,0,3,0,0,2,3,2,0,2,2,3,2,2,0,2,1,3,1,0,3,2,2,2,3,2,2,2,2,3,2,2,3,2,2,3,0,3,3,2,2,3,2,0,2,3,1,0,3,0 ks=0,0,255,0,0,0,0,2,0,0,8,0,0,0,0,0,12,0,0,0,0,0,0,64,0,0,127,3,0,0,0,0,0,0,0,0,0,105,0,0,0,0,0,0,0,0,0,0,0,128,20,0,0,0,0,0,0,108,0,0,0,0,0,0
00686 features=643 size=5 p=5 tap=11 reset=false scheme=3 ops=0,3,2,2,3,0,0,0,3,0,2,1,2,3,0,0,3,0,0,2,3,2,0,2,0,0,2,2,2,2,0,3,3,0,3,2,2,2,3,0,0,2,2,3,2,2,3,2,2,3,0,3,3,2,2,2,2,0,2,3,0,0,3,0 ks=0,0,255,0,0,0,0,255,0,0,0,0,0,0,0,0,0,0,0,0,0,0,0,0,0,0,0,0,0,0,0,0,0,0,0,0,0,0,0,0,0,0,0,0,127,0,0,0,0,0,0,0,0,0,0,3,0,108,0,0,0,0,0,0
00687 features=829 size=11 p=5 tap=16 reset=false scheme=3 ops=0,3,3,2,3,0,0,0,2,0,2,2,2,3,0,0,3,0,0,2,3,3,0,2,2,3,2,2,2,2,0,2,0,0,0,1,2,2,3,0,0,2,2,3,2,2,3,2,2,3,0,3,3,2,2,2,2,0,2,3,0,0,2,0 ks=0,0,253,0,0,0,0,255,0,0,0,0,2,0,0,34,0,0,0,0,0,0,2,0,0,0,0,0,0,0,0,0,0,0,0,236,0,0,0,0,0,0,128,0,0,0,0,0,0,0,128,0,3,0,0,0,0,108,0,0,2,0,0,0
00688 features=873 size=13 p=10 tap=11 reset=true scheme=3 ops=0,3,2,2,0,0,0,0,3,0,1,1,3,3,3,3,3,0,0,2,3,2,0,2,0,3,2,2,0,2,3,3,3,1,1,2,2,2,0,0,2,2,2,3,2,2,1,2,2,3,0,3,3,2,2,2,2,0,2,3,2,0,3,0 ks=0,0,255,2,163,0,0,0,0,0,0,0,0,0,0,0,0,0,0,16,0,0,0,239,0,252,77,0,84,0,0,0,0,255,0,0,19,0,0,0,0,0,194,0,0,0,255,0,0,0,0,0,0,0,0,0,0,0,0,0,0,5,0,0
00689 features=785 size=9 p=5 tap=11 reset=true scheme=3 ops=0,3,2,2,3,0,0,0,3,0,2,2,2,3,0,0,3,0,0,2,3,2,0,2,2,2,2,2,0,2,3,3,3,0,3,2,2,2,3,0,0,2,2,3,2,2,3,2,2,3,0,3,3,2,2,2,2,0,2,3,0,0,3,0 ks=0,0,0,0,0,0,0,0,0,0,0,0,255,0,255,0,0,0,0,0,0,0,0,0,0,0,32,0,0,0,0,0,0,0,0,0,0,0,0,0,0,254,252,0,0,0,0,0,0,0,1,0,0,0,0,0,1,0,1,0,0,254,0,0
00690 features=923 size=13 p=5 tap=35 reset=true scheme=3 ops=0,3,2,2,3,0,0,0,3,3,2,2,2,3,0,0,3,0,0,2,0,2,0,2,2,3,2,2,0,2,3,3,3,0,3,2,2,2,3,0,0,2,2,3,0,1,1,1,2,3,0,3,1,2,2,2,2,0,2,3,0,0,3,0 ks=0,0,255,0,0,0,0,0,252,255,0,0,2,0,1,0,0,0,0,23,0,0,0,0,0,0,0,0,0,0,0,0,253,0,2,0,0,0,0,0,0,0,0,0,0,77,0,0,166,0,143,0,0,0,0,0,0,108,0,0,0,0,0,140
00691 features=661 size=9 p=5 tap=11 reset=false scheme=3 ops=2,3,2,2,3,0,0,0,3,0,2,2,2,3,0,0,3,0,0,2,3,2,0,2,2,3,2,2,0,2,3,3,0,0,3,2,2,2,3,0,0,2,2,3,2,2,3,2,2,3,0,3,3,2,2,3,2,0,2,3,0,0,3,0 ks=0,0,255,0,0,0,0,255,0,0,0,0,0,0,0,0,0,0,0,0,0,0,1,64,0,0,0,0,0,0,0,0,0,0,0,0,0,0,0,0,255,0,0,0,2,0,0,0,0,128,0,0,0,0,0,0,0,108,130,0,0,0,0,0
00692 features=854 size=10 p=2 tap=11 reset=true scheme=3 ops=0,3,2,2,3,0,0,0,3,0,1,1,3,3,3,3,3,0,0,2,3,2,0,2,0,3,2,2,0,2,3,3,3,1,1,2,2,2,0,0,2,2,2,3,2,2,1,2,2,3,0,3,3,2,2,2,2,0,2,3,1,0,3,0 ks=0,0,255,2,163,0,0,0,0,0,0,0,0,0,0,0,0,0,0,16,0,0,0,0,0,0,0,0,84,0,0,0,0,255,0,0,19,0,0,0,0,0,127,0,0,0,255,0,0,0,0,0,0,0,0,0,0,0,0,0,0,5,0,0
00693 features=628 size=11 p=5 tap=11 reset=false scheme=3 ops=0,3,2,2,3,0,0,0,3,0,2,2,2,3,0,0,3,0,0,2,3,2,0,2,2,3,2,2,0,2,3,1,3,0,3,2,2,2,3,0,0,2,2,3,2,2,3,2,2,3,0,3,3,2,2,2,2,0,2,3,0,0,3,0 ks=0,0,255,0,0,0,0,255,0,0,2,0,2,0,0,0,254,0,0,0,0,0,0,0,0,0,0,0,0,2,0,0,0,0,0,0,0,0,0,64,0,0,2,0,0,0,0,0,0,0,254,0,0,0,135,0,0,108,0,0,0,0,0,0
00694 features=568 size=9 p=5 tap=11 reset=false scheme=3 ops=2,3,2,2,3,2,2,2,3,2,2,2,2,3,2,3,3,0,0,2,3,2,0,2,2,3,2,2,0,2,3,3,3,0,3,2,2,2,3,2,2,2,2,3,2,2,3,2,3,3,3,2,3,2,2,2,2,2,3,2,2,3,3,2 ks=0,0,0,0,0,0,0,255,0,0,0,0,0,0,0,0,0,0,0,0,8,0,0,0,0,0,0,254,0,0,0,0,127,0,0,2,0,105,0,0,0,0,0,0,0,0,0,127,213,0,0,0,0,0,0,0,127,0,0,0,0,0,0,0
00695 features=873 size=12 p=5 tap=35 reset=true scheme=3 ops=0,3,2,2,3,0,0,0,3,3,2,2,2,3,0,0,3,0,0,2,0,2,0,2,2,3,2,2,0,2,3,3,3,0,3,2,2,2,3,3,0,2,2,3,0,1,1,1,2,3,0,3,1,2,2,2,2,0,2,3,0,0,3,0 ks=0,0,255,0,0,2,0,0,0,255,0,0,2,0,1,0,0,0,0,23,0,0,0,0,0,0,0,0,0,0,0,0,0,0,2,0,0,0,0,0,0,0,0,0,0,77,0,0,166,0,143,0,0,0,0,0,0,108,0,0,0,0,0,140
00696 features=633 size=19 p=5 tap=11 reset=false scheme=0 ops=2,3,2,2,3,0,3,0,3,2,2,2,2,3,2,1,3,2,2,2,3,2,0,2,2,0,2,2,0,3,3,1,1,1,1,0,0,1,1,0,3,1,1,3,3,2,3,2,2,3,3,3,3,2,2,3,2,2,2,2,2,3,3,2 ks=0,0,255,0,0,0,0,255,0,0,0,0,0,0,0,0,0,0,0,0,0,0,0,0,0,1,0,0,64,0,0,62,82,131,235,179,30,87,250,196,3,94,141,0,0,0,37,127,213,0,0,0,0,0,0,0,0,0,0,0,0,0,0,0
00697 features=648 size=5 p=5 tap=11 reset=false scheme=1 ops=0,3,2,2,3,0,0,0,3,0,2,2,2,3,0,0,3,0,0,2,3,2,0,2,2,3,2,2,0,2,3,2,3,0,3,2,2,2,3,0,0,2,2,3,2,2,3,2,2,3,0,3,3,2,2,2,2,0,2,3,0,0,3,0 ks=0,0,0,0,0,0,0,255,0,0,0,0,0,0,2,0,0,0,0,0,0,0,0,0,0,0,0,0,0,0,0,0,0,0,0,0,0,0,0,0,0,0,252,0,0,0,0,0,0,0,0,0,0,0,0,0,0,2,0,0,0,0,0,3
00698 features=877 size=14 p=10 tap=11 reset=true scheme=3 ops=0,3,2,2,0,0,0,0,3,0,1,1,3,3,3,3,3,0,0,2,3,2,1,2,0,3,2,2,0,2,3,3,3,1,1,2,2,2,0,0,2,2,2,3,2,2,1,2,2,3,0,3,3,2,2,2,2,0,2,3,2,0,3,0 ks=0,0,255,2,163,0,0,0,0,0,0,0,0,0,0,0,0,0,0,16,0,0,0,255,0,252,77,0,84,0,0,0,0,255,141,0,19,0,0,0,0,0,194,0,0,0,255,0,0,0,0,0,0,0,0,0,0,0,0,0,0,5,0,0
00699 features=641 size=8 p=5 tap=11 reset=false scheme=3 ops=0,3,2,2,3,0,0,0,3,0,1,3,0,3,0,0,3,0,0,2,3,2,0,2,2,3,2,2,0,2,3,3,3,0,3,2,2,2,3,0,0,2,3,3,2,2,3,2,1,3,0,3,3,2,2,2,2,0,2,3,0,0,3,0 ks=0,0,255,0,0,0,0,255,0,0,98,0,0,0,0,0,0,0,0,113,0,0,0,0,0,0,0,0,0,0,0,0,0,0,0,0,0,0,0,0,0,0,0,0,0,127,0,0,0,0,255,0,0,0,0,3,0,108,0,0,0,0,0,0
00700 features=711 size=7 p=5 tap=11 reset=true scheme=3 ops=0,3,2,2,3,0,0,0,3,0,1,1,3,3,3,3,3,3,0,2,3,2,0,2,2,3,2,2,0,2,3,3,3,0,3,2,2,2,3,0,0,2,2,3,2,2,3,2,2,3,0,3,3,2,2,2,2,0,2,3,0,0,3,0 ks=0,0,255,167,0,0,0,0,0,0,0,0,0,0,0,0,0,0,0,0,0,0,0,2,0,0,0,0,0,0,0,0,0,0,0,0,0,0,0,0,255,0,0,0,0,0,0,0,0,0,0,0,0,0,16,0,0,255,0,0,0,0,0,128
00701 features=678 size=6 p=5 tap=11 reset=false scheme=3 ops=0,3,2,2,3,0,0,0,3,0,2,3,2,3,0,0,3,0,0,2,3,2,0,2,2,3,2,2,0,2,3,3,3,0,3,2,2,2,3,0,0,2,2,3,2,2,3,2,2,3,0,3,3,2,2,2,2,0,2,3,0,0,3,0 ks=0,0,255,0,0,0,0,0,0,0,0,0,2,0,0,0,0,0,0,0,0,0,255,2,0,0,0,0,0,0,0,0,0,0,0,0,0,0,0,0,0,0,0,0,0,0,0,0,0,0,0,0,0,0,16,0,0,108,0,0,0,0,0,0
00702 features=767 size=11 p=5 tap=11 reset=true scheme=3 ops=0,3,2,2,3,0,0,0,3,0,1,1,0,3,0,0,3,0,0,2,3,2,0,0,0,0,0,0,3,0,0,0,3,0,3,2,2,2,3,0,0,2,2,3,3,2,3,1,2,3,0,3,3,2,2,2,2,0,2,3,0,0,3,0 ks=1,0,255,0,0,0,0,0,0,0,98,0,141,0,0,0,0,254,0,0,0,0,0,0,0,1,0,0,0,0,0,0,34,64,0,0,255,0,0,0,255,0,0,0,0,0,0,0,0,0,0,0,0,0,0,0,0,108,0,0,0,0,0,0
00703 features=939 size=13 p=5 tap=35 reset=true scheme=3 ops=0,3,2,2,3,0,0,0,3,3,2,2,2,3,0,0,3,0,0,2,0,2,0,2,2,3,2,2,0,2,3,3,3,0,3,2,2,2,3,0,0,2,2,3,0,1,1,1,2,3,0,3,1,2,2,2,2,0,2,3,0,0,3,0 ks=0,0,0,0,0,0,0,0,252,255,0,0,2,0,1,0,0,0,0,23,0,0,0,0,0,0,0,0,0,0,0,0,253,0,2,0,0,4,0,0,0,0,0,0,0,77,0,0,166,0,143,0,0,0,0,0,0,108,0,0,0,0,0,140
00704 features=836 size=13 p=5 tap=35 reset=true scheme=3 ops=0,3,3,0,3,0,0,0,3,0,3,0,3,3,0,0,3,0,0,3,3,1,0,1,3,3,1,3,0,3,3,3,2,0,3,1,0,3,3,0,0,1,1,3,0,1,1,1,0,3,0,3,1,3,1,0,0,0,1,3,0,0,3,0 ks=0,0,255,0,0,0,0,0,0,255,0,0,0,0,0,0,0,0,0,23,8,0,0,0,0,0,0,0,0,0,0,0,0,0,2,0,0,87,250,196,3,94,141,148,0,77,0,0,0,0,0,0,0,0,0,0,0,0,0,0,0,0,0,0
00705 features=623 size=4 p=5 tap=11 reset=false scheme=3 ops=0,3,2,2,3,0,0,0,3,0,2,2,2,3,0,0,3,0,0,2,3,2,0,2,2,3,2,2,0,2,3,3,3,0,3,2,2,2,3,2,0,2,2,3,2,2,3,2,2,3,0,3,3,2,2,2,2,0,2,3,0,0,3,1 ks=0,0,0,0,0,0,0,255,0,0,0,0,0,0,0,0,0,0,0,0,0,0,0,0,0,0,0,0,0,3,0,0,0,0,0,0,0,0,0,0,0,0,0,0,0,0,0,0,0,0,0,0,0,0,0,0,0,2,0,0,0,0,0,254
00706 features=716 size=4 p=5 tap=2 reset=true scheme=3 ops=0,3,2,2,3,0,0,0,3,0,2,2,2,3,0,0,3,0,0,2,3,2,0,2,2,3,2,2,0,2,3,3,3,0,3,2,2,1,3,0,1,0,2,3,2,3,3,1,3,3,0,3,3,2,2,2,2,0,2,2,1,0,3,0 ks=0,4,183,0,0,0,0,255,0,0,0,0,0,0,0,0,0,0,0,0,0,0,0,0,0,0,0,0,0,0,0,0,0,0,0,0,0,0,0,0,0,0,0,0,0,0,0,0,0,0,0,0,0,0,0,0,0,0,220,0,0,0,0,0
00707 features=477 size=9 p=5 tap=11 reset=false scheme=3 ops=0,3,3,3,3,0,0,0,3,0,1,1,0,3,0,0,3,0,0,0,3,0,0,3,0,3,0,0,0,0,3,1,3,0,3,3,2,0,3,3,0,0,0,3,2,0,3,0,3,3,0,3,3,0,3,3,3,0,0,3,0,0,3,0 ks=0,0,0,0,0,0,0,255,0,0,34,221,166,0,0,1,0,0,0,0,0,0,0,0,0,0,0,0,0,0,0,0,0,0,253,0,0,0,0,42,0,0,0,0,0,0,0,0,0,0,0,0,0,0,0,0,0,2,0,0,0,0,2,0
00708 features=768 size=9 p=5 tap=2 reset=true scheme=3 ops=0,3,2,2,3,0,0,0,3,0,2,2,2,3,0,0,3,0,0,2,3,2,0,2,2,3,2,2,0,2,3,3,3,0,3,2,2,2,3,2,0,2,2,3,2,2,3,2,2,3,0,3,3,2,2,2,2,0,2,2,1,0,3,0 ks=0,0,183,0,0,0,0,255,0,0,0,0,64,0,0,0,0,0,0,0,0,0,0,0,0,0,0,0,0,0,0,0,0,1,0,0,0,0,0,0,0,0,0,0,0,0,0,0,213,0,210,0,0,0,0,0,0,128,220,0,157,0,0,0
00709 features=802 size=10 p=5 tap=11 reset=true scheme=3 ops=0,3,2,2,3,0,0,3,3,0,1,2,2,3,0,0,3,0,0,2,3,2,0,2,2,3,2,2,0,2,3,3,3,0,3,2,2,2,3,0,0,2,2,3,2,2,3,2,2,3,0,3,3,2,2,2,2,0,2,3,0,0,3,0 ks=0,0,255,0,0,0,0,108,0,133,0,0,0,0,0,0,0,0,0,0,0,0,0,0,0,0,0,0,0,0,0,0,0,0,2,0,32,0,255,0,2,0,0,0,0,0,0,0,0,0,0,0,0,0,253,0,0,2,254,0,0,0,0,0
00710 features=650 size=6 p=5 tap=11 reset=false scheme=3 ops=0,3,2,2,3,0,0,0,3,0,3,2,0,3,0,0,3,0,0,0,3,2,0,0,0,0,0,0,0,0,0,0,3,0,3,2,2,2,3,0,0,2,2,3,3,2,3,2,2,2,0,3,3,2,2,2,2,0,2,3,0,0,3,0 ks=1,0,255,0,0,0,0,0,0,0,66,0,0,0,0,0,0,0,0,0,0,0,0,0,0,0,0,0,0,0,0,0,0,64,0,0,0,0,0,0,255,0,0,0,0,0,0,0,0,0,0,0,0,0,0,0,0,108,0,0,0,0,0,0
00711 features=804 size=9 p=5 tap=11 reset=true scheme=3 ops=0,3,2,2,3,0,0,0,3,0,1,1,0,3,0,0,3,0,0,2,3,2,0,0,0,0,0,0,0,0,0,0,3,0,3,2,2,2,3,0,0,0,2,3,3,2,3,2,2,3,0,3,3,2,2,2,2,0,2,3,3,0,3,0 ks=1,0,255,0,0,0,0,255,0,0,98,223,166,0,0,0,0,0,0,0,0,0,0,0,0,0,0,0,0,0,0,0,0,64,0,0,0,253,0,0,0,0,0,0,0,0,0,0,0,0,0,0,0,0,0,0,0,108,0,0,0,0,0,0
00712 features=658 size=7 p=5 tap=11 reset=true scheme=3 ops=0,3,1,3,3,0,0,0,3,0,1,1,3,3,3,3,3,3,0,3,3,3,0,0,0,3,3,1,0,1,3,3,3,0,3,3,1,0,3,0,0,0,1,3,1,3,3,1,3,3,0,3,3,3,3,1,1,0,3,3,1,0,3,0 ks=0,0,255,2,0,0,0,0,0,0,0,0,0,0,0,0,0,0,0,0,0,0,0,0,0,0,0,0,0,0,0,0,0,127,0,0,0,0,0,0,0,0,2,0,0,0,255,0,0,0,0,0,0,0,16,0,0,108,0,0,0,0,0,0
00713 features=794 size=9 p=5 tap=11 reset=true scheme=3 ops=0,3,2,2,3,0,0,0,3,0,2,2,2,3,0,0,3,0,0,2,3,2,0,2,2,3,2,2,0,2,3,3,3,0,3,2,2,2,3,0,0,2,2,3,2,2,3,2,3,3,0,3,3,2,2,2,2,0,2,3,0,0,3,0 ks=0,0,255,0,0,0,0,255,0,0,0,0,0,0,0,0,0,0,0,2,0,0,0,0,0,0,0,0,0,0,0,0,0,0,0,0,0,0,113,0,0,0,0,0,0,127,0,0,0,0,0,0,0,0,64,3,0,108,0,0,223,0,0,0
00714 features=776 size=9 p=5 tap=11 reset=true scheme=3 ops=0,3,2,2,3,0,0,0,3,0,1,1,0,3,0,0,3,0,0,2,3,2,0,2,2,3,2,2,0,2,3,3,3,0,3,2,2,2,3,0,0,2,2,3,2,2,3,2,2,3,0,3,3,2,2,2,2,0,2,3,0,0,3,0 ks=0,0,0,0,0,0,0,251,0,0,34,223,166,0,0,1,0,0,0,0,0,0,0,0,0,0,0,0,0,0,0,0,0,0,0,0,0,0,0,0,0,0,252,0,0,0,0,0,0,2,0,0,0,0,0,0,0,10,0,0,0,254,0,0
00715 features=677 size=10 p=5 tap=16 reset=false scheme=3 ops=3,3,3,2,3,0,0,2,3,0,2,2,2,3,0,0,1,0,0,2,3,3,0,2,2,1,2,2,0,2,3,3,3,0,3,2,2,2,3,0,0,2,2,3,2,2,3,2,2,3,0,3,3,0,2,2,3,0,2,2,0,2,3,1 ks=245,0,253,0,0,0,0,0,0,0,0,0,0,0,0,0,43,0,0,255,0,0,0,0,0,0,0,0,0,0,0,0,0,0,2,0,0,0,0,0,0,0,0,0,0,10,0,0,0,0,0,0,2,0,1,0,0,108,0,0,0,0,0,158
00716 features=679 size=8 p=5 tap=11 reset=false scheme=3 ops=0,3,2,2,3,0,0,0,3,0,2,2,2,3,0,0,3,0,0,2,3,2,0,2,2,3,2,2,0,2,3,3,2,0,3,2,2,2,3,0,0,2,2,3,2,2,3,2,2,3,0,3,3,2,2,2,2,0,2,3,0,0,3,0 ks=0,0,255,0,0,0,0,255,0,0,0,0,0,0,0,0,0,0,0,0,0,0,0,0,0,0,0,0,0,0,2,0,0,0,0,0,0,0,0,0,255,0,253,0,0,0,0,0,0,128,0,0,0,0,0,128,0,108,0,0,0,0,0,0
00717 features=673 size=12 p=5 tap=11 reset=false scheme=2 ops=0,3,2,2,3,0,0,0,3,0,1,1,0,3,0,0,3,0,0,2,3,2,0,0,0,0,0,0,0,0,0,0,3,0,3,2,0,2,1,0,0,2,2,3,2,2,3,2,2,3,0,3,3,2,2,2,2,0,2,3,0,0,3,0 ks=0,8,255,0,0,0,0,255,0,0,34,223,0,0,255,0,0,0,0,0,0,0,0,0,0,0,0,48,0,0,32,0,0,127,0,0,0,0,0,0,255,0,0,0,0,0,0,0,0,0,0,0,0,0,0,0,0,3,0,2,0,0,0,0
00718 features=827 size=10 p=5 tap=11 reset=true scheme=3 ops=0,3,2,2,3,0,0,0,3,0,2,2,2,3,0,0,3,0,0,2,3,2,0,2,2,3,2,2,0,2,3,3,3,0,3,2,2,2,3,0,0,2,2,3,2,2,3,2,2,3,0,3,3,2,2,0,2,0,2,3,0,0,3,0 ks=0,0,255,255,0,0,0,255,0,0,0,0,2,0,0,2,127,0,0,0,8,0,0,0,0,0,0,0,0,0,0,0,0,0,0,0,0,0,0,0,0,0,0,0,0,0,0,0,4,0,0,0,0,0,16,0,0,1,0,0,0,0,0,0
00719 features=657 size=11 p=10 tap=11 reset=false scheme=3 ops=0,3,2,2,3,0,0,0,3,0,1,1,3,3,3,3,3,0,0,2,3,2,0,2,3,3,2,2,0,2,3,3,3,1,1,2,2,2,0,0,2,2,2,3,2,2,1,2,2,3,0,3,3,2,2,2,2,0,3,3,1,0,3,0 ks=0,0,255,2,163,0,0,0,0,0,0,0,0,0,0,0,0,0,0,16,0,0,0,0,0,0,0,0,84,0,0,0,0,255,0,0,19,0,0,0,0,0,127,0,0,0,255,0,0,0,0,0,0,0,0,0,1,0,0,0,0,5,0,0
00720 features=609 size=7 p=5 tap=11 reset=false scheme=3 ops=0,3,2,2,3,0,0,0,3,0,2,1,2,3,0,0,3,0,0,2,3,2,0,2,0,0,2,2,2,2,3,3,3,0,3,3,2,2,3,0,0,2,2,3,2,3,3,2,2,3,0,3,3,2,2,2,2,0,2,3,0,0,3,0 ks=0,0,255,0,0,0,0,255,0,0,130,0,0,0,0,0,0,0,0,0,0,0,0,0,0,0,0,0,0,0,0,0,0,0,0,0,0,0,0,255,0,0,0,0,127,0,0,0,0,0,0,0,0,0,0,3,0,108,0,0,0,0,0,0
00721 features=793 size=14 p=5 tap=11 reset=true scheme=3 ops=0,3,2,2,3,0,0,0,3,0,2,2,2,3,0,0,3,0,0,2,3,3,0,2,2,2,0,0,0,0,0,0,2,0,3,2,2,2,3,0,0,2,2,3,2,2,3,2,2,3,0,3,3,2,2,2,2,0,2,3,0,0,3,0 ks=0,0,255,0,0,0,0,255,0,0,0,2,0,0,0,0,43,0,0,0,0,0,0,0,0,0,0,254,0,0,0,0,0,127,0,0,4,0,0,0,255,0,1,0,0,0,1,0,0,246,0,0,0,0,188,0,128,2,0,0,0,0,0,0
00722 features=569 size=4 p=5 tap=25 reset=true scheme=3 ops=1,3,2,0,1,1,0,0,3,0,1,1,2,1,0,1,3,1,1,2,3,2,0,2,1,3,2,2,0,2,3,3,3,1,1,2,2,2,3,0,3,2,2,3,1,1,1,1,2,3,0,3,1,2,2,1,3,0,1,2,1,0,1,0 ks=252,0,0,0,0,0,23,0,0,0,0,0,0,0,0,0,0,0,0,0,0,0,224,0,0,0,0,0,0,0,0,0,0,0,0,0,254,0,0,0,0,0,0,0,0,0,0,0,0,0,0,0,0,0,0,0,0,0,0,0,0,0,0,0
00723 features=683 size=5 p=5 tap=11 reset=false scheme=3 ops=0,3,2,2,3,0,0,0,3,0,2,1,2,3,0,0,3,0,0,2,3,1,0,2,2,3,2,2,0,2,3,3,3,0,3,2,2,2,3,0,0,2,2,3,2,2,3,2,2,3,1,3,3,2,2,2,2,0,2,3,0,0,3,0 ks=0,0,0,0,0,0,0,255,0,0,0,0,0,0,0,0,0,0,0,0,0,0,0,0,0,0,0,0,0,0,0,0,254,0,0,0,0,0,14,0,2,0,0,0,0,0,0,0,0,0,0,0,0,0,0,0,0,2,0,0,0,0,0,0
00724 features=787 size=5 p=5 tap=11 reset=true scheme=3 ops=0,3,2,2,3,0,0,0,3,0,2,1,2,3,0,0,3,0,0,2,3,2,0,2,3,0,2,2,2,2,0,3,3,0,3,2,2,2,3,0,0,2,2,3,2,2,3,2,2,3,0,3,3,2,2,2,2,0,2,3,0,0,3,0 ks=0,0,255,0,0,0,0,255,0,0,0,0,0,0,0,0,0,0,0,0,0,0,0,0,0,0,0,0,0,0,0,0,0,0,0,0,0,0,0,0,0,0,0,0,127,0,0,0,0,0,0,0,0,0,0,3,0,108,0,0,0,0,0,0
00725 features=910 size=11 p=5 tap=35 reset=true scheme=3 ops=0,3,2,2,3,0,0,0,3,0,2,2,2,3,0,0,3,0,0,2,0,2,0,2,2,3,2,2,0,2,3,3,3,0,3,2,2,2,3,0,0,2,2,3,0,1,1,1,2,3,0,3,1,2,2,2,2,0,2,3,0,0,3,0 ks=0,0,0,0,0,0,0,0,252,0,0,0,0,0,1,4,0,0,0,23,0,0,0,0,0,0,0,0,0,0,0,8,0,0,2,0,0,0,0,0,0,0,0,0,0,77,0,0,166,0,143,0,0,0,0,0,0,108,0,0,0,0,0,140
00726 features=824 size=9 p=5 tap=11 reset=true scheme=3 ops=0,3,2,2,3,0,3,0,3,0,2,2,2,3,0,0,3,0,0,2,3,2,0,2,2,3,2,2,0,2,3,3,3,0,3,2,2,2,0,0,0,2,2,3,2,2,3,2,2,3,0,3,3,2,2,2,2,0,2,3,0,0,3,0 ks=0,0,255,0,0,0,0,255,0,0,0,0,0,0,0,0,205,0,0,0,0,0,0,0,0,0,0,0,2,0,0,0,0,0,0,0,64,0,0,0,0,0,0,0,0,0,0,1,0,0,0,0,0,0,0,128,118,108,0,0,0,0,0,0
00727 features=753 size=10 p=5 tap=11 reset=true scheme=3 ops=0,3,2,2,3,2,0,2,3,0,2,2,0,3,0,0,3,0,0,2,3,2,0,2,2,3,2,2,0,2,3,3,3,0,3,2,2,2,1,0,0,2,2,3,2,2,3,2,2,3,0,3,3,2,2,2,2,0,2,3,0,0,3,0 ks=0,0,255,255,0,0,0,255,0,0,0,0,64,0,0,0,0,0,0,0,8,0,0,0,0,0,0,0,0,16,0,0,0,0,0,0,0,0,0,254,0,0,253,0,0,0,0,0,0,0,0,0,0,0,16,0,0,0,0,0,32,0,0,0
00728 features=831 size=14 p=5 tap=35 reset=true scheme=3 ops=0,3,3,0,3,0,0,0,3,0,3,0,3,3,0,0,3,0,0,3,3,1,0,1,3,3,1,3,0,3,3,3,2,0,3,1,0,3,3,0,0,1,1,3,0,1,1,1,0,3,0,3,1,3,1,0,0,0,1,3,0,0,3,0 ks=0,0,255,0,0,0,0,0,0,255,0,0,0,0,0,0,0,0,0,23,8,0,0,0,0,0,0,0,0,0,0,0,0,0,2,0,0,87,250,196,3,255,141,148,0,77,0,0,0,0,0,0,0,0,0,0,0,0,0,1,0,0,0,0
00729 features=502 size=8 p=5 tap=11 reset=false scheme=3 ops=2,3,2,2,3,0,0,0,3,2,2,2,2,3,2,3,3,2,2,2,3,2,2,2,2,3,2,2,0,2,3,3,3,0,3,2,2,2,3,0,0,2,2,3,3,2,3,2,3,3,3,3,3,2,2,2,2,2,2,2,2,3,3,2 ks=0,0,16,0,0,0,0,255,0,0,0,0,0,0,0,129,0,0,0,0,0,0,0,0,0,0,0,0,0,0,0,0,0,0,0,0,0,0,0,0,255,0,0,0,0,0,0,127,213,0,0,0,0,0,0,0,0,8,16,0,0,0,0,0
00730 features=761 size=13 p=5 tap=11 reset=false scheme=4 ops=0,3,2,2,3,0,0,0,3,0,2,2,2,3,0,0,3,0,0,0,3,1,0,2,2,3,2,2,0,2,3,3,0,0,3,2,2,2,3,2,2,2,2,3,2,2,3,2,2,3,0,3,3,2,2,3,3,2,2,3,0,0,3,0 ks=0,0,254,0,0,0,0,0,0,0,128,0,0,0,0,0,0,0,0,0,252,0,0,64,0,0,254,0,0,2,253,0,0,0,53,0,6,105,0,0,0,0,0,0,0,0,108,0,0,0,0,0,0,3,0,0,0,0,0,0,0,8,0,0
00731 features=741 size=16 p=5 tap=11 reset=true scheme=3 ops=0,3,2,2,3,0,0,1,3,0,1,1,0,3,0,0,3,0,0,2,3,2,0,0,0,0,0,0,1,0,0,0,3,0,3,2,2,2,3,0,0,2,2,3,3,2,3,0,3,3,0,3,3,0,0,3,3,0,3,3,0,0,3,0 ks=1,0,0,0,0,0,0,0,0,0,98,0,0,0,254,0,0,0,0,0,0,0,3,2,0,0,0,0,0,0,0,0,143,65,0,0,124,4,0,0,255,252,0,0,0,0,0,0,0,0,52,0,0,0,0,130,0,108,0,1,0,254,0,0
00732 features=751 size=8 p=5 tap=11 reset=true scheme=3 ops=0,3,2,2,3,0,0,0,3,2,2,3,2,3,0,0,3,0,0,2,3,2,0,2,2,3,2,2,0,2,0,3,3,0,3,3,2,2,3,0,0,2,3,3,2,2,3,2,3,3,0,3,3,2,2,2,2,0,2,3,0,0,3,0 ks=0,0,255,0,0,0,0,255,0,0,0,0,0,0,0,0,0,0,0,0,0,0,0,0,0,0,0,0,0,0,0,0,0,0,0,0,8,0,0,1,0,0,0,0,0,127,0,0,0,0,0,0,0,0,0,3,0,108,0,0,0,128,0,0
00733 features=751 size=10 p=5 tap=11 reset=true scheme=3 ops=0,3,1,2,3,0,3,2,3,0,2,2,2,3,0,0,3,0,0,2,3,2,0,2,2,3,1,2,0,2,3,3,3,0,3,2,2,2,3,0,0,2,2,3,3,2,3,2,0,3,0,3,3,2,2,2,2,0,2,3,0,0,3,0 ks=0,0,255,0,0,0,0,255,0,0,0,0,0,0,0,0,0,0,2,0,254,0,0,0,0,0,0,0,0,0,0,0,0,0,0,0,64,0,254,0,255,0,0,0,0,0,0,0,0,0,0,0,0,2,0,128,0,33,0,0,0,0,0,0
00734 features=748 size=19 p=5 tap=11 reset=true scheme=3 ops=0,3,3,3,3,0,0,0,3,0,3,3,3,1,0,1,3,1,1,2,3,2,0,0,0,0,0,0,0,0,3,3,3,0,3,2,2,2,3,0,0,2,2,3,2,2,3,0,2,3,0,3,3,2,3,3,3,0,0,3,0,0,3,0 ks=1,0,0,0,0,0,0,255,0,0,0,62,127,229,50,140,126,149,2,0,0,0,0,0,0,0,0,0,242,4,0,0,0,0,0,0,3,0,0,0,32,99,0,0,0,0,0,0,213,8,0,0,0,0,252,0,0,2,0,0,0,0,0,0
00735 features=623 size=9 p=5 tap=11 reset=false scheme=3 ops=0,3,2,2,3,0,0,0,3,0,1,1,0,3,0,0,3,0,0,2,3,2,0,0,0,0,0,0,3,0,0,0,3,0,3,2,2,2,3,0,0,2,2,3,2,2,3,2,2,3,0,3,3,2,2,2,2,0,2,3,0,0,3,0 ks=0,0,255,0,0,0,0,255,0,0,34,223,0,0,0,0,0,0,0,0,0,0,0,0,0,0,0,0,0,0,0,0,0,127,0,0,0,0,0,0,255,0,0,0,0,0,0,0,0,128,0,0,0,0,0,0,0,2,0,0,2,0,0,0
00736 features=839 size=14 p=5 tap=11 reset=true scheme=3 ops=0,3,2,2,3,0,0,0,3,1,2,2,2,3,0,0,3,0,0,2,3,2,0,2,1,3,3,1,0,3,3,3,3,0,3,2,2,2,3,0,0,2,2,0,2,2,3,2,2,3,0,3,3,2,2,2,2,0,2,3,0,0,3,3 ks=0,0,0,0,0,0,0,255,0,0,0,0,0,0,2,0,0,0,0,0,0,0,0,0,0,0,0,0,0,12,241,0,0,0,0,0,128,0,128,0,0,0,252,0,0,0,0,0,0,0,255,0,0,0,16,0,0,2,16,255,1,0,0,2
00737 features=560 size=13 p=5 tap=11 reset=false scheme=3 ops=0,3,2,2,3,0,0,0,3,0,1,1,0,3,0,0,3,0,0,0,3,0,0,3,0,3,0,0,0,0,3,3,3,0,3,3,2,0,3,3,0,0,0,3,2,0,3,0,3,3,0,3,3,1,2,2,2,0,2,3,0,0,3,0 ks=0,0,255,0,0,0,0,255,0,0,143,223,166,0,0,0,0,0,0,128,0,0,0,0,0,0,0,0,0,0,0,128,0,0,253,0,0,16,0,42,0,0,0,0,0,0,0,0,0,0,0,0,0,0,0,128,0,108,0,0,0,0,0,2
00738 features=758 size=12 p=5 tap=11 reset=true scheme=3 ops=0,3,2,2,3,0,0,0,3,0,1,1,0,3,0,0,3,0,0,2,3,2,0,0,0,0,0,0,1,0,0,0,3,0,3,2,2,2,3,0,0,2,2,3,3,2,3,2,2,3,0,3,3,2,2,2,2,0,2,3,3,1,3,1 ks=1,32,255,0,0,0,0,255,0,0,193,223,166,0,0,0,0,0,0,114,0,0,0,0,0,0,0,0,0,0,0,2,0,64,0,0,0,0,0,0,255,0,0,0,0,0,0,0,0,0,0,0,0,0,0,0,0,108,0,0,0,0,0,0
00739 features=894 size=20 p=5 tap=35 reset=true scheme=3 ops=0,3,2,2,3,0,0,0,3,0,2,2,2,3,0,0,3,0,0,2,3,2,0,2,2,3,2,2,0,2,3,3,3,0,3,2,2,2,3,0,0,2,2,3,0,0,3,3,2,2,3,3,3,2,2,2,2,0,2,3,0,0,3,0 ks=0,0,255,255,0,0,0,255,0,255,0,0,2,0,0,0,0,0,0,23,8,0,0,0,0,0,0,0,0,0,0,0,0,0,2,0,0,87,250,196,3,94,141,148,0,77,0,96,166,0,0,0,0,0,0,0,0,108,0,0,0,0,0,140
00740 features=670 size=16 p=5 tap=11 reset=false scheme=3 ops=2,3,2,2,3,2,2,2,3,2,2,2,2,3,2,3,3,2,2,2,3,2,2,2,2,3,2,2,0,3,3,1,3,1,1,2,2,2,0,0,0,2,2,3,2,2,3,2,2,3,0,3,3,2,2,2,2,2,2,2,2,3,3,2 ks=0,0,0,0,0,0,0,255,0,0,0,0,0,0,0,0,0,0,0,0,0,0,0,0,0,0,0,0,0,0,241,62,82,131,235,179,30,87,250,196,3,94,151,0,0,0,0,0,0,0,1,0,0,0,0,0,1,0,0,0,0,0,0,0
00741 features=785 size=10 p=10 tap=11 reset=true scheme=3 ops=0,3,3,3,3,0,0,0,3,0,1,1,0,3,0,0,3,0,0,0,3,0,0,3,0,3,0,0,0,0,3,3,3,0,3,3,2,0,3,0,0,2,2,3,2,2,3,2,2,3,0,3,3,2,2,3,3,0,0,3,0,0,3,0 ks=0,0,0,0,0,0,0,255,0,0,143,223,166,0,0,0,0,0,0,128,0,0,0,0,0,0,0,0,0,0,0,0,0,0,253,0,0,0,0,0,0,0,0,0,0,0,0,0,0,0,253,0,0,0,0,0,0,2,32,0,0,0,2,0
00742 features=629 size=5 p=5 tap=11 reset=true scheme=3 ops=0,3,0,3,3,0,0,0,3,0,3,3,3,3,0,0,3,0,0,3,3,3,0,1,3,3,0,3,0,0,3,3,3,0,3,1,3,1,3,0,0,1,0,3,1,3,3,3,3,3,0,3,3,0,1,1,0,0,0,3,0,0,3,0 ks=0,0,255,0,0,0,0,255,0,0,0,0,0,0,0,0,0,0,0,0,0,0,0,0,0,0,0,0,0,0,0,0,0,0,0,0,0,0,0,0,0,0,0,0,0,127,0,0,0,0,1,0,0,0,0,3,0,0,0,0,0,0,0,0
00743 features=821 size=6 p=5 tap=11 reset=true scheme=3 ops=0,3,2,2,3,0,0,2,3,0,1,1,3,3,3,3,3,3,0,2,3,2,0,2,2,3,2,2,0,2,3,3,3,0,3,2,2,2,3,0,0,2,2,3,2,2,3,2,2,3,0,3,3,2,2,2,2,0,2,3,0,0,3,0 ks=0,0,255,2,0,0,0,0,0,0,0,0,0,0,0,0,0,0,0,0,0,0,0,0,0,0,0,0,0,0,0,0,0,0,0,0,0,0,0,0,0,0,2,0,0,0,0,0,0,0,0,0,0,0,16,0,0,108,0,0,0,0,0,128
00744 features=770 size=11 p=10 tap=11 reset=true scheme=3 ops=0,3,0,0,3,0,0,0,3,0,0,3,0,3,0,0,3,0,0,3,3,3,0,3,0,3,0,0,0,3,3,3,3,0,3,0,3,3,3,0,0,3,0,3,3,0,3,0,3,3,0,3,3,0,0,3,3,0,1,3,0,0,3,0 ks=0,0,255,0,64,0,0,255,0,0,0,0,0,0,0,0,209,0,0,128,0,0,0,0,0,0,0,0,0,0,0,104,0,0,0,0,0,0,0,0,0,0,1,0,0,0,0,0,0,0,52,0,0,0,0,130,0,108,0,1,0,0,0,0
00745 features=767 size=10 p=5 tap=11 reset=true scheme=3 ops=0,3,2,2,3,0,0,0,3,0,1,1,0,3,0,0,3,0,0,2,3,2,0,2,2,3,2,2,0,2,3,3,3,0,1,2,2,2,3,2,0,2,2,3,3,2,3,2,2,3,0,3,3,2,2,2,2,0,2,3,0,0,3,0 ks=1,0,255,0,0,0,0,255,0,0,98,223,166,0,0,0,0,0,0,0,0,0,0,0,0,0,0,0,0,0,0,0,0,0,0,0,0,254,0,0,255,0,0,0,0,2,0,0,0,0,0,0,0,0,0,0,0,108,0,0,0,0,0,0
00746 features=777 size=8 p=5 tap=11 reset=true scheme=3 ops=0,3,3,0,3,0,3,3,3,0,0,0,0,3,0,0,3,0,0,3,3,3,0,0,3,3,3,0,3,3,3,3,3,0,3,0,0,0,3,0,0,0,0,3,3,0,3,0,3,3,0,3,3,3,2,2,2,0,3,3,0,0,3,0 ks=0,1,255,0,0,0,0,255,0,0,0,0,0,0,0,0,0,0,2,0,0,0,0,0,0,0,0,0,0,127,0,0,0,0,0,0,64,0,208,0,0,0,0,0,4,0,0,0,0,0,0,0,0,0,0,0,0,0,0,0,0,0,0,0
00747 features=968 size=22 p=5 tap=35 reset=true scheme=3 ops=0,3,2,2,3,0,0,0,3,0,2,2,2,3,0,0,2,0,0,2,3,2,0,2,2,3,2,2,0,2,3,3,3,0,3,2,2,2,3,0,0,2,2,3,2,2,3,2,2,3,0,3,1,2,2,2,2,0,2,3,0,0,3,0 ks=0,0,255,0,16,0,0,2,0,251,0,0,2,0,1,0,0,0,0,23,8,0,0,0,3,0,255,0,0,0,0,0,4,0,2,0,0,128,250,196,3,0,2,0,0,0,0,0,0,0,0,144,177,0,16,1,0,108,0,0,0,0,0,0
00748 features=748 size=8 p=5 tap=11 reset=false scheme=3 ops=0,3,0,2,3,0,0,0,3,0,0,1,2,3,0,0,3,0,0,2,3,2,0,2,0,0,2,2,2,2,0,2,0,0,0,1,2,2,3,0,0,2,2,3,2,2,3,2,2,3,0,3,3,2,2,2,2,0,2,3,0,0,3,0 ks=0,50,255,0,0,0,0,255,0,0,0,0,0,0,0,2,0,0,0,0,0,0,0,0,0,0,0,0,0,0,0,0,0,0,0,236,0,0,0,0,0,0,0,0,127,0,0,0,0,0,0,0,0,0,0,3,0,108,0,0,0,0,0,0
00749 features=659 size=9 p=5 tap=11 reset=false scheme=3 ops=0,3,2,2,3,0,0,0,3,0,2,2,2,3,0,0,3,0,0,2,3,2,0,2,2,3,2,2,0,2,3,3,0,0,3,2,2,2,3,0,1,2,2,3,2,2,3,2,2,3,0,3,3,2,2,3,3,0,2,3,0,0,3,0 ks=0,0,255,0,0,0,0,0,0,0,0,2,0,0,0,0,0,0,0,0,0,0,255,64,0,0,0,0,0,0,0,0,0,0,0,0,0,4,0,0,255,0,0,0,0,0,108,0,0,1,0,0,0,0,0,0,0,108,0,0,0,0,0,0
00750 features=773 size=7 p=5 tap=2 reset=true scheme=3 ops=0,3,2,2,3,0,0,3,3,0,1,2,2,3,0,0,3,0,0,2,3,2,0,2,2,3,2,2,0,2,3,3,3,0,3,2,2,2,3,0,0,2,2,3,2,2,3,2,2,3,0,3,3,2,2,2,2,0,2,3,0,0,3,0 ks=0,0,255,0,0,0,0,108,0,133,0,0,0,0,1,0,0,0,0,0,0,0,0,0,0,0,0,0,0,0,0,0,0,0,0,0,0,0,0,0,2,0,0,0,0,0,0,0,0,0,0,0,0,0,0,0,0,2,254,0,0,0,0,0
00751 features=772 size=21 p=5 tap=11 reset=true scheme=3 ops=0,3,3,3,3,0,0,0,3,0,3,3,3,1,0,1,3,1,1,2,3,2,0,0,0,0,0,0,0,0,3,3,3,0,3,2,2,2,3,0,0,2,2,3,2,2,3,0,2,3,0,3,3,2,3,3,3,0,0,3,0,0,3,0 ks=1,0,0,0,0,0,0,255,0,0,0,145,127,229,50,140,126,149,2,0,0,0,0,0,0,0,0,0,242,4,0,0,1,0,0,0,3,0,0,254,32,99,0,0,0,0,0,0,213,8,0,0,0,0,252,0,0,2,0,0,0,0,0,0
00752 features=825 size=12 p=10 tap=11 reset=true scheme=3 ops=0,3,2,2,0,0,0,0,3,0,1,1,3,3,3,3,3,0,0,2,3,2,0,2,0,3,2,2,0,2,3,3,3,1,1,2,2,2,0,0,2,2,2,3,2,2,1,2,2,3,0,3,3,2,2,2,2,0,2,3,2,0,3,0 ks=0,0,255,2,163,0,0,0,0,0,0,0,0,0,0,0,0,0,0,16,0,0,0,239,0,0,0,0,84,0,0,0,0,255,0,0,19,0,0,0,0,0,194,0,0,0,255,0,2,0,0,0,0,0,0,0,0,0,0,0,0,5,0,0
00753 features=697 size=10 p=5 tap=16 reset=false scheme=3 ops=0,3,3,2,3,0,0,0,3,0,2,2,2,3,0,0,3,0,0,3,3,3,0,2,2,3,2,2,0,2,3,3,3,0,3,3,2,0,3,3,0,0,0,3,2,0,3,2,2,3,0,3,3,2,2,2,3,0,2,2,0,0,3,0 ks=0,0,221,0,0,0,0,255,0,0,0,0,0,0,0,0,43,0,0,0,0,0,0,195,0,0,0,0,0,0,0,0,0,0,253,0,0,0,0,42,0,0,0,0,0,0,0,1,0,0,0,0,2,0,16,0,0,108,0,0,0,0,0,0
00754 features=811 size=11 p=5 tap=11 reset=true scheme=3 ops=0,3,2,2,3,0,0,0,3,0,2,2,2,3,0,0,3,0,0,2,3,2,0,2,2,3,2,2,0,2,3,3,1,0,3,2,2,2,3,0,0,2,2,3,2,2,3,2,2,3,0,3,3,2,2,2,2,0,2,3,0,0,3,0 ks=0,0,255,255,0,0,0,255,0,0,0,0,2,0,0,2,127,0,0,0,8,0,0,0,0,0,0,0,0,0,0,0,0,0,0,0,0,0,0,0,0,0,0,0,0,0,0,0,4,0,8,0,0,0,16,0,0,1,0,0,0,0,0,0
00755 features=644 size=11 p=5 tap=11 reset=false scheme=3 ops=0,3,2,2,3,0,0,0,3,0,2,2,2,3,0,0,3,0,0,2,3,2,0,2,2,3,2,2,0,2,3,1,0,0,3,2,2,2,3,0,0,2,2,3,2,2,3,2,2,3,0,3,3,2,2,3,3,0,2,3,0,0,3,0 ks=0,0,255,0,0,0,0,255,0,255,0,0,2,0,0,0,0,0,0,0,0,0,255,64,0,0,0,0,0,0,0,0,0,0,0,0,0,4,0,0,255,0,0,0,0,0,108,0,0,1,0,0,0,0,0,0,0,108,0,0,0,0,0,0
00756 features=661 size=9 p=5 tap=11 reset=false scheme=3 ops=0,3,2,2,3,0,0,0,3,0,2,2,0,3,0,0,3,0,0,2,3,2,0,3,1,3,2,2,0,2,3,2,0,0,0,1,2,2,3,0,0,2,2,3,2,2,3,2,2,3,0,3,3,1,2,2,2,0,2,3,1,0,3,0 ks=0,0,255,0,0,0,0,255,0,0,22,42,0,0,0,0,0,0,0,0,0,0,0,0,0,0,0,0,0,0,0,0,0,0,0,236,0,0,0,0,0,0,0,0,127,0,0,0,16,0,0,0,0,0,0,3,0,254,0,0,0,0,0,0
00757 features=821 size=7 p=5 tap=11 reset=true scheme=3 ops=0,3,2,2,3,0,0,0,3,0,2,2,2,3,0,1,3,0,0,2,3,2,0,2,2,3,2,2,0,2,3,3,3,0,3,2,2,2,3,0,0,2,2,3,2,2,3,2,2,2,0,3,3,2,2,2,2,0,2,3,0,0,3,0 ks=0,0,255,0,0,0,0,255,0,0,0,0,0,0,0,0,0,0,0,0,0,0,0,0,0,0,0,0,0,0,128,0,1,0,0,0,0,0,0,0,2,0,0,0,0,0,0,0,0,2,0,0,0,0,0,0,0,6,0,0,0,0,0,0
00758 features=684 size=9 p=5 tap=11 reset=true scheme=3 ops=0,3,0,1,3,0,0,0,3,0,0,3,0,3,0,0,3,0,0,1,3,1,0,1,3,3,3,3,0,1,1,3,3,0,3,1,1,3,3,0,0,0,3,3,1,1,3,1,0,3,0,3,3,0,0,1,0,0,3,3,0,0,3,0 ks=0,255,255,0,0,0,0,255,0,0,0,1,0,0,0,0,0,0,0,2,0,0,0,0,0,0,0,48,0,0,0,0,0,0,0,0,0,0,0,0,0,0,0,0,0,10,0,0,254,0,0,0,0,0,0,0,0,108,0,0,0,0,0,0
00759 features=723 size=9 p=5 tap=11 reset=true scheme=3 ops=0,3,2,2,3,0,0,1,3,0,1,1,0,3,0,0,3,0,0,2,3,2,0,0,0,0,0,0,0,0,0,0,3,0,3,2,2,2,3,0,0,2,2,3,3,2,3,1,2,3,0,3,3,2,2,2,2,0,2,3,0,0,3,3 ks=1,0,253,0,0,0,0,0,0,0,98,0,0,0,0,0,0,0,0,0,0,0,2,0,0,0,0,0,0,0,0,0,0,0,0,0,0,0,0,0,255,0,0,0,0,0,0,128,0,0,20,0,0,0,0,0,0,2,0,255,0,0,0,0
00760 features=608 size=16 p=5 tap=11 reset=true scheme=2 ops=3,3,1,1,3,1,1,3,3,1,1,1,3,3,1,3,3,3,1,1,3,3,1,1,1,3,3,1,1,3,3,3,3,1,3,3,1,3,3,3,1,1,3,1,1,3,3,3,3,3,1,3,3,1,1,1,3,1,1,3,3,1,3,3 ks=0,0,0,0,0,0,0,255,0,0,0,0,0,0,2,0,0,255,0,0,0,0,128,0,0,0,0,0,0,12,241,0,2,0,0,0,0,0,128,0,0,0,252,0,0,0,0,0,0,0,255,0,0,0,16,0,0,2,16,255,1,0,0,2
00761 features=950 size=16 p=5 tap=35 reset=true scheme=3 ops=0,3,2,2,3,0,0,0,3,0,2,2,2,3,0,0,3,0,0,2,3,2,0,2,2,3,2,2,0,2,3,3,3,0,3,2,2,2,3,1,0,2,2,3,0,1,1,1,2,3,0,3,1,2,2,2,2,0,2,3,0,0,3,0 ks=0,0,0,64,0,0,0,255,0,255,0,0,86,0,0,0,0,0,0,23,8,0,0,0,0,0,0,0,0,0,0,0,0,0,2,0,0,87,250,196,3,94,141,148,0,77,7,0,0,0,0,0,0,0,0,0,0,0,0,0,0,0,0,0
00762 features=786 size=11 p=5 tap=11 reset=true scheme=3 ops=0,3,2,2,3,0,0,0,3,0,1,1,0,3,0,0,3,0,0,2,3,2,0,2,2,3,2,2,0,2,3,3,3,0,1,2,2,2,3,2,0,2,2,3,3,2,3,2,2,3,0,3,3,2,2,2,2,0,2,3,0,0,3,0 ks=1,0,255,0,0,0,0,255,0,0,98,223,166,0,0,0,0,0,0,0,0,0,0,0,0,0,0,0,0,0,0,0,0,0,196,0,0,130,0,0,1,0,0,0,0,2,0,0,0,0,0,0,0,0,0,0,0,108,0,0,0,0,0,0
00763 features=795 size=9 p=5 tap=11 reset=true scheme=3 ops=0,3,2,2,3,0,0,0,3,0,2,2,2,3,0,2,3,0,0,2,3,2,0,2,2,3,2,2,0,2,3,3,3,0,3,2,2,2,3,0,0,2,2,3,2,2,3,2,2,3,0,3,3,2,2,2,2,0,2,3,0,0,3,0 ks=0,0,255,255,0,0,0,255,0,0,0,2,2,0,0,0,0,0,0,0,8,0,0,255,0,0,0,0,0,0,0,0,0,0,0,0,0,0,0,0,0,0,0,0,0,0,0,0,0,0,0,0,0,0,16,0,0,108,0,0,0,0,0,0
00764 features=841 size=14 p=5 tap=11 reset=true scheme=3 ops=0,3,2,2,3,0,0,0,3,0,1,1,0,3,0,0,3,0,0,2,3,2,0,0,0,0,0,0,0,2,0,0,3,0,3,2,3,2,3,0,0,2,2,3,3,2,3,2,2,3,0,3,3,2,2,2,2,0,2,3,0,0,3,0 ks=1,0,255,0,0,0,0,255,0,0,98,223,166,4,0,61,0,0,0,0,0,0,0,0,0,0,0,0,0,0,0,0,0,64,0,0,0,92,0,0,255,0,0,0,134,0,0,0,0,127,0,0,0,0,0,0,0,108,0,0,0,0,0,0
00765 features=662 size=11 p=5 tap=11 reset=false scheme=3 ops=0,3,2,2,3,0,0,0,3,0,1,3,0,3,0,0,3,0,0,2,3,2,0,2,2,3,2,2,0,2,3,3,3,0,3,2,2,2,3,0,0,2,3,3,2,2,3,2,1,3,0,3,3,2,2,2,2,0,2,3,0,0,3,0 ks=0,0,255,0,0,0,0,255,0,0,98,0,0,0,0,0,0,0,0,113,0,0,0,0,0,0,0,0,0,0,0,0,2,0,0,0,0,0,0,0,0,0,0,0,0,127,0,0,0,0,255,0,0,228,0,3,0,108,0,0,0,255,0,0
00766 features=899 size=13 p=5 tap=35 reset=true scheme=3 ops=0,3,2,2,3,0,0,0,3,0,2,2,2,3,0,0,3,0,0,2,0,2,0,2,2,3,2,2,0,2,3,3,3,0,3,2,2,2,3,0,0,2,3,3,0,1,1,1,2,3,0,3,1,2,2,2,2,0,2,3,0,0,3,0 ks=0,0,0,0,0,128,0,0,252,0,0,0,0,255,1,4,0,0,0,23,0,0,0,0,0,0,0,0,0,0,0,8,0,0,2,0,0,0,0,0,0,0,0,0,0,77,0,0,166,0,143,0,0,0,0,0,0,108,0,0,0,0,0,140
00767 features=657 size=13 p=5 tap=11 reset=true scheme=3 ops=0,3,2,2,3,0,0,0,3,0,1,1,0,3,0,0,3,0,0,2,3,3,3,3,3,3,3,3,3,3,3,3,3,0,3,2,2,2,3,2,0,2,2,3,2,2,3,2,2,3,0,3,3,2,2,2,2,0,2,3,0,0,3,0 ks=0,0,255,0,0,0,0,255,0,0,34,223,166,0,0,0,0,0,0,0,0,0,0,0,0,0,0,0,0,0,0,0,0,128,0,0,0,1,0,0,251,0,1,0,3,0,0,0,0,0,0,0,0,0,0,128,0,108,0,0,0,253,0,0
00768 features=835 size=11 p=2 tap=11 reset=true scheme=3 ops=0,3,2,2,3,0,0,0,3,0,1,1,3,3,3,3,3,0,0,2,3,2,0,2,0,3,2,2,0,2,3,3,3,1,1,2,2,2,0,0,2,2,2,3,2,2,1,2,2,3,0,3,3,2,2,2,2,0,2,3,1,0,3,0 ks=0,0,255,2,163,0,0,0,0,0,2,0,0,0,0,0,0,0,0,16,0,0,0,0,0,0,0,0,84,0,0,0,0,255,0,0,19,0,0,0,0,0,127,0,0,0,255,0,0,0,0,0,0,0,0,0,0,0,0,0,0,5,0,0
00769 features=860 size=14 p=5 tap=35 reset=true scheme=3 ops=0,3,2,2,3,0,0,0,3,3,2,2,2,3,0,0,3,0,0,2,0,2,0,2,2,3,2,2,0,2,3,3,3,0,3,2,2,2,3,0,0,2,2,3,0,1,1,1,2,3,0,3,1,2,2,1,1,0,1,2,1,0,3,0 ks=0,0,255,0,0,2,0,0,0,255,0,0,2,0,1,0,0,0,0,23,0,0,0,0,0,0,0,0,0,0,0,0,0,0,2,0,0,0,0,0,0,0,0,0,0,0,128,0,0,0,0,0,0,0,76,127,0,138,0,122,3,0,0,140
00770 features=956 size=15 p=5 tap=35 reset=true scheme=3 ops=0,3,2,2,3,0,0,0,3,3,2,2,2,3,0,0,3,0,0,2,0,2,0,2,2,3,2,2,0,2,3,3,3,0,3,2,2,2,3,0,0,2,2,3,0,1,0,1,2,3,0,3,1,2,2,2,2,0,2,3,0,0,3,0 ks=0,0,0,0,0,0,0,0,55,255,0,0,2,16,1,0,0,0,0,23,0,0,0,0,0,0,0,0,0,215,0,0,253,0,2,0,0,4,0,0,0,0,0,0,0,77,0,0,166,0,143,0,0,0,0,0,0,108,0,0,0,0,0,140
00771 features=728 size=8 p=5 tap=11 reset=false scheme=3 ops=0,3,2,2,3,0,0,0,3,0,2,1,2,3,0,0,3,0,0,2,3,2,0,2,0,0,2,2,2,2,0,2,0,0,0,2,2,2,3,0,0,2,2,3,2,2,3,2,2,3,0,3,3,2,2,3,2,0,2,3,0,0,3,0 ks=0,0,255,0,0,0,0,255,0,0,0,0,0,0,0,0,255,0,0,0,0,0,0,0,0,0,0,0,0,0,0,0,0,0,0,0,0,0,0,0,0,0,0,0,127,0,0,255,208,0,20,0,0,0,0,0,0,108,0,0,0,0,0,0
00772 features=813 size=14 p=5 tap=11 reset=true scheme=3 ops=0,3,2,2,3,0,0,0,3,0,1,1,0,3,0,0,3,0,0,3,3,2,0,0,0,0,0,0,0,0,0,0,3,0,3,2,2,2,3,3,0,2,2,3,3,2,3,2,2,3,0,3,3,2,2,2,2,0,2,3,0,0,3,0 ks=1,0,130,0,0,0,0,255,0,0,98,222,163,0,0,0,0,0,0,0,0,1,0,0,0,0,0,0,0,0,0,0,0,64,0,128,0,0,0,0,255,254,0,0,0,128,0,0,0,0,0,0,0,0,0,0,0,108,0,0,0,0,0,1
00773 features=825 size=15 p=5 tap=35 reset=true scheme=3 ops=0,3,3,0,3,0,0,0,3,0,3,0,3,3,0,0,3,0,0,3,3,1,0,1,3,3,1,3,0,3,3,3,2,0,3,1,0,3,3,0,0,1,1,3,0,1,1,1,0,3,0,3,1,3,1,0,0,0,1,3,0,0,3,0 ks=0,0,255,0,0,0,0,0,0,255,0,0,0,0,0,0,0,251,0,23,8,0,0,0,0,0,0,0,0,0,0,0,0,0,2,0,0,87,250,196,3,255,141,148,0,77,0,0,0,0,0,0,0,0,0,0,0,0,0,1,0,0,0,0
00774 features=802 size=14 p=5 tap=11 reset=true scheme=3 ops=0,3,2,2,3,0,0,0,3,0,1,1,0,3,0,0,3,0,0,2,3,2,0,0,2,3,1,0,0,0,0,0,3,0,3,2,2,2,3,0,0,2,2,3,3,2,3,2,0,3,0,3,3,2,2,1,2,0,2,3,0,0,3,1 ks=1,0,255,171,0,0,0,255,0,0,98,16,166,0,0,0,0,0,0,0,0,0,0,0,0,0,0,0,0,0,0,0,0,128,0,0,0,0,0,255,255,0,0,0,0,0,0,0,0,0,0,0,0,0,0,0,254,2,0,0,255,0,0,254
00775 features=787 size=8 p=5 tap=11 reset=true scheme=3 ops=0,3,2,2,3,0,0,2,3,0,1,1,3,3,3,3,3,3,0,2,3,2,0,2,2,3,2,2,0,2,3,3,3,0,3,2,2,2,3,0,0,2,2,3,2,2,3,2,2,3,0,3,3,2,2,2,2,0,2,3,0,0,3,0 ks=0,0,255,2,0,0,2,0,0,0,0,0,0,0,0,0,0,0,0,0,0,0,0,0,0,0,0,0,0,0,0,1,0,0,0,0,0,0,0,0,0,0,2,0,0,0,0,0,0,0,0,0,0,0,16,0,0,108,0,0,0,0,0,128
00776 features=632 size=14 p=5 tap=11 reset=false scheme=3 ops=0,3,2,2,3,0,0,0,3,0,1,1,0,3,0,0,3,0,0,2,3,2,0,0,0,0,0,0,0,0,0,0,3,0,3,2,0,2,3,0,0,2,2,3,2,2,3,2,2,3,0,3,3,2,2,2,2,0,2,3,0,0,3,0 ks=141,8,255,0,0,0,0,255,0,0,34,223,0,0,0,0,0,0,0,0,0,0,0,0,0,0,0,48,0,0,32,2,0,127,0,0,0,0,0,0,255,0,0,0,0,0,0,0,0,0,0,0,0,0,0,254,0,3,0,2,0,0,0,0
00777 features=787 size=7 p=5 tap=2 reset=true scheme=3 ops=0,3,2,2,3,0,0,0,3,0,2,2,2,3,0,0,3,0,0,2,3,2,0,2,2,3,2,2,0,2,3,3,3,0,3,2,2,2,3,0,0,2,1,3,2,2,3,2,2,3,0,3,3,2,2,2,2,0,2,2,1,0,3,0 ks=0,4,183,0,0,0,0,255,0,0,0,0,0,0,0,0,0,1,0,0,0,0,0,0,0,0,0,0,0,0,0,0,0,0,0,0,0,0,0,0,0,0,0,0,4,0,0,0,0,0,0,0,0,0,147,0,0,0,220,0,0,0,0,0
00778 features=770 size=13 p=5 tap=11 reset=true scheme=3 ops=0,3,2,2,3,0,0,0,3,0,1,1,0,3,0,0,3,0,0,2,3,2,0,0,0,0,0,0,3,0,0,0,3,0,3,2,2,2,3,0,0,2,2,3,3,2,3,1,2,3,0,3,3,2,2,2,2,0,2,3,0,0,3,0 ks=1,0,255,0,0,0,0,0,0,0,98,0,141,0,0,0,127,254,0,0,0,0,0,0,0,1,0,0,0,0,0,0,34,64,0,0,255,0,0,0,255,0,0,0,0,0,0,0,0,0,0,0,0,0,0,0,0,108,0,0,0,0,0,4
00779 features=791 size=8 p=5 tap=11 reset=true scheme=3 ops=0,3,2,2,3,0,0,0,3,0,2,3,2,3,0,0,3,0,0,2,3,2,0,2,2,3,2,2,0,2,0,3,3,0,3,3,2,2,3,0,0,2,2,3,2,2,3,2,3,3,0,3,3,2,2,2,2,0,2,3,0,0,3,0 ks=0,0,255,0,0,0,0,255,0,0,0,0,252,0,0,0,0,0,0,0,0,0,0,0,0,0,0,0,0,0,0,0,0,0,0,0,0,0,0,0,0,0,0,0,0,127,0,0,1,0,0,0,0,0,0,3,0,108,0,0,0,128,0,0
00780 features=667 size=9 p=5 tap=11 reset=false scheme=2 ops=0,3,2,2,3,0,3,2,3,0,2,2,2,3,0,0,3,0,0,2,3,2,0,0,0,0,0,0,0,0,0,0,3,0,3,2,0,2,3,0,0,2,2,3,2,2,3,2,2,3,0,3,3,2,2,2,2,0,2,3,0,0,3,0 ks=0,8,255,0,0,0,0,255,0,0,0,0,0,0,0,0,0,0,0,0,0,0,0,0,0,0,0,48,0,0,32,0,0,118,0,0,0,0,0,0,255,0,0,0,0,0,0,0,0,0,0,0,0,0,0,0,0,3,0,2,0,0,0,0
00781 features=581 size=9 p=5 tap=11 reset=false scheme=3 ops=0,3,2,2,3,0,0,0,3,0,1,2,2,3,0,0,3,0,0,2,3,2,0,3,3,3,3,3,3,2,3,3,0,3,3,2,2,2,3,0,0,2,2,3,2,2,3,2,2,3,0,3,3,2,2,2,2,0,2,3,2,0,3,0 ks=0,0,255,0,0,0,0,255,0,255,0,0,2,0,0,0,4,0,0,0,0,0,0,0,0,0,0,0,0,0,0,0,0,0,0,0,0,0,176,0,0,0,0,0,0,0,0,0,0,0,0,0,0,1,0,0,61,108,0,0,0,0,0,0
00782 features=671 size=14 p=5 tap=11 reset=true scheme=3 ops=0,3,2,2,3,0,0,0,3,0,1,1,0,3,0,0,3,0,0,2,3,3,3,3,3,3,3,3,3,3,3,3,3,0,3,2,2,2,3,0,0,2,2,3,2,2,3,2,2,3,0,3,3,2,2,2,2,0,2,3,0,0,3,0 ks=0,0,255,0,0,0,0,255,0,0,34,223,166,0,0,0,0,0,0,0,0,0,0,0,0,0,0,0,0,127,0,0,0,128,0,0,0,1,0,0,251,0,1,0,3,10,0,0,0,0,0,0,0,0,0,3,0,24,0,0,0,0,0,0
00783 features=678 size=12 p=5 tap=11 reset=false scheme=3 ops=2,3,2,2,3,2,2,2,3,2,2,2,2,3,2,3,3,2,2,2,3,2,2,2,2,3,2,2,0,2,3,3,1,2,2,2,2,2,3,2,2,2,2,3,2,2,3,2,2,3,3,3,3,2,2,2,2,3,2,2,0,3,3,2 ks=253,0,0,0,0,0,0,255,0,0,0,0,0,0,0,0,0,0,0,0,0,1,0,0,0,0,0,0,0,0,0,1,128,0,0,16,0,107,2,2,0,0,0,252,0,0,0,0,213,0,0,0,0,0,0,0,0,0,0,0,254,0,0,0
00784 features=795 size=5 p=5 tap=2 reset=true scheme=3 ops=0,3,2,2,3,0,0,0,3,0,2,2,2,3,0,0,3,0,0,2,3,2,0,3,2,3,2,2,0,2,3,3,3,0,3,2,2,2,3,0,0,2,2,3,2,2,3,2,2,3,0,3,3,2,2,2,2,0,2,2,0,0,3,0 ks=0,4,183,0,0,0,0,0,0,0,0,0,0,0,0,0,0,0,0,0,0,0,0,0,0,0,0,0,0,0,0,0,0,0,0,0,0,0,0,0,0,0,1,0,0,253,0,0,213,0,0,0,0,0,0,0,0,0,0,0,0,0,0,0
00785 features=814 size=11 p=5 tap=11 reset=true scheme=3 ops=0,3,2,2,3,0,0,0,3,0,2,2,2,3,0,0,3,3,0,3,3,2,0,2,2,3,2,2,0,2,3,3,3,0,3,2,2,2,3,0,0,2,2,3,2,2,3,2,2,3,0,3,3,2,2,2,2,0,2,3,1,0,3,2 ks=0,0,39,2,0,0,0,255,0,0,0,0,0,0,0,0,0,0,0,0,0,0,0,0,0,0,0,0,0,0,0,0,32,0,0,0,0,0,172,1,0,1,2,0,0,0,0,0,0,16,0,0,0,0,16,0,0,108,0,0,0,0,0,0
00786 features=323 size=5 p=1 tap=11 reset=false scheme=3 ops=1,3,0,3,0,0,1,1,3,1,3,0,3,3,0,3,3,3,1,1,3,3,1,3,0,3,3,0,0,0,3,3,3,3,3,0,2,3,3,1,0,0,1,3,1,3,3,1,0,3,3,3,3,3,1,0,1,0,1,3,0,3,3,1 ks=0,0,0,0,0,0,0,0,0,0,4,0,0,0,0,0,0,0,0,0,0,0,0,0,0,0,0,0,0,0,0,0,0,0,0,0,0,0,0,0,0,1,0,0,0,0,0,127,213,0,0,0,0,0,0,0,0,0,0,0,0,0,0,158
00787 features=671 size=6 p=5 tap=11 reset=false scheme=3 ops=0,3,2,2,3,0,0,0,3,0,2,2,2,3,0,0,3,0,0,2,3,2,0,2,2,3,2,2,0,2,3,3,0,0,3,2,2,2,3,0,0,2,2,3,2,2,3,2,2,3,0,3,3,2,2,3,2,0,2,3,1,0,3,0 ks=0,0,255,0,0,0,0,0,0,0,0,0,0,0,0,0,0,0,0,0,0,0,0,64,0,0,0,0,0,0,0,0,0,0,0,0,0,0,0,0,255,0,0,0,0,0,0,0,0,128,0,0,0,0,0,0,32,108,0,0,0,0,0,0
00788 features=702 size=5 p=5 tap=11 reset=true scheme=3 ops=0,3,2,2,3,0,0,0,3,0,1,1,3,3,3,3,3,3,0,2,3,2,0,2,2,3,2,2,0,2,3,3,3,0,3,2,2,2,3,2,0,2,2,3,2,2,3,2,2,3,0,3,3,2,2,2,2,0,2,3,1,0,3,0 ks=0,0,255,0,0,0,0,0,0,0,119,0,0,0,0,0,0,0,0,0,0,0,0,0,0,0,0,0,0,0,0,0,0,0,0,0,0,0,0,0,0,0,2,0,0,0,0,0,0,0,0,0,0,0,16,0,0,108,0,0,0,0,0,0
00789 features=734 size=8 p=5 tap=11 reset=false scheme=3 ops=0,3,2,2,3,0,0,0,3,0,2,1,2,3,0,0,3,0,0,2,3,2,0,2,0,3,2,2,2,2,0,2,0,0,0,2,2,2,3,0,0,2,2,3,2,2,3,2,2,3,0,3,3,2,2,3,2,0,2,3,0,0,3,0 ks=0,0,255,0,0,0,0,255,0,0,0,0,0,0,0,0,255,0,0,0,0,0,0,0,0,0,0,0,0,0,0,0,0,0,0,0,0,0,0,0,0,0,0,0,127,0,0,255,208,0,20,0,0,0,0,0,0,108,0,0,0,0,0,0
00790 features=750 size=9 p=5 tap=11 reset=true scheme=3 ops=0,3,2,2,3,0,0,0,3,0,2,3,2,3,0,0,3,0,0,2,3,2,0,2,2,3,2,2,0,2,3,3,3,0,3,2,2,2,3,0,0,2,2,3,2,2,3,2,3,3,0,3,3,2,2,2,2,0,2,3,0,0,3,0 ks=0,0,255,0,0,0,0,255,0,0,0,0,0,0,0,0,0,0,255,0,0,0,0,0,0,0,0,0,0,0,0,0,0,0,0,0,0,127,0,0,0,0,0,0,3,127,0,0,0,0,0,0,0,0,0,3,0,108,0,0,0,128,0,0
00791 features=665 size=11 p=5 tap=16 reset=false scheme=3 ops=3,3,3,2,3,0,0,2,3,0,2,2,2,3,0,0,1,0,0,2,3,3,0,2,2,1,2,2,0,2,3,3,3,0,3,2,2,2,3,0,0,2,2,3,2,2,3,2,2,3,0,3,3,0,2,2,3,0,2,2,0,2,3,1 ks=245,0,253,0,0,0,0,0,0,0,0,0,0,0,0,0,43,0,0,255,0,0,0,0,0,0,0,0,0,0,0,0,0,0,2,0,0,0,0,0,0,0,0,0,0,10,0,0,0,0,0,0,2,0,1,0,0,108,0,0,16,0,0,158
00792 features=775 size=11 p=5 tap=11 reset=true scheme=3 ops=0,3,2,2,3,0,0,0,3,2,2,3,2,3,0,0,3,0,0,2,3,2,0,2,1,1,2,2,0,2,0,3,3,0,3,3,2,2,3,0,0,2,3,3,2,2,3,2,3,2,0,3,3,2,2,2,2,0,2,3,0,0,3,0 ks=0,0,255,0,0,0,0,255,0,0,0,0,0,0,0,0,0,0,0,0,0,0,0,0,0,0,0,0,0,0,0,0,8,0,0,0,8,0,0,1,0,0,0,0,46,127,0,0,0,0,0,0,0,0,0,3,0,108,2,0,0,128,0,0
00793 features=822 size=5 p=5 tap=11 reset=true scheme=3 ops=0,3,2,2,3,0,0,0,3,0,2,2,2,3,0,0,3,0,0,2,3,2,0,2,2,3,2,2,0,2,3,3,3,0,3,2,2,2,3,0,0,2,2,3,2,2,0,2,2,3,0,3,3,2,2,2,2,0,2,3,0,0,3,0 ks=0,0,255,0,0,0,0,255,0,0,0,0,0,0,0,0,0,0,0,0,0,9,0,0,0,0,0,0,0,0,0,0,0,0,0,0,0,0,0,0,0,0,0,0,0,0,0,0,0,0,0,0,0,0,0,128,0,108,0,0,0,0,0,0
00794 features=780 size=5 p=5 tap=11 reset=true scheme=3 ops=0,3,2,2,3,0,0,0,3,0,2,2,2,3,0,0,3,0,0,2,3,3,0,2,2,0,2,2,0,2,3,3,3,0,3,2,2,2,3,0,0,2,2,3,2,2,3,2,2,3,0,3,3,2,2,2,2,0,2,3,0,0,3,0 ks=0,0,255,0,0,0,0,255,0,0,0,0,0,0,0,0,0,0,0,0,0,0,0,0,0,0,0,0,254,0,0,0,0,0,0,0,0,0,0,0,0,0,0,0,0,0,0,0,0,0,0,0,0,0,0,3,0,108,0,0,0,0,0,0
00795 features=986 size=25 p=5 tap=35 reset=true scheme=3 ops=0,3,2,2,3,0,0,0,2,0,2,2,2,3,0,0,2,0,0,2,3,2,0,2,2,3,2,2,0,2,3,3,3,0,3,2,2,2,3,0,0,2,2,3,2,2,3,2,2,3,0,3,1,2,2,2,2,0,2,3,0,0,3,0 ks=0,0,255,0,16,0,0,2,0,251,0,0,2,0,1,0,0,0,0,23,8,0,0,0,3,0,255,0,0,254,0,0,4,0,2,0,0,128,250,196,3,0,2,0,255,0,0,0,0,64,0,144,177,0,16,1,0,108,0,0,0,0,0,0
00796 features=599 size=11 p=5 tap=11 reset=false scheme=3 ops=0,3,2,2,3,0,0,0,3,0,1,1,0,3,0,0,3,0,0,2,3,2,0,0,0,0,0,0,0,0,0,0,3,0,3,2,2,2,3,0,0,2,2,3,3,2,3,2,2,3,0,3,3,2,2,2,2,0,2,3,0,0,3,0 ks=155,0,255,0,0,0,0,255,0,0,98,223,166,0,0,0,0,0,0,0,0,1,0,0,0,0,0,0,0,0,0,0,0,64,0,0,0,0,0,0,255,0,0,0,0,128,0,0,0,0,0,0,0,0,0,0,0,108,0,0,0,0,0,0
00797 features=777 size=14 p=5 tap=2 reset=true scheme=3 ops=0,3,2,2,3,0,0,3,3,0,1,2,2,3,0,0,3,0,0,2,3,2,0,2,2,3,2,2,0,2,3,3,3,0,3,2,2,2,3,0,0,2,2,3,2,2,3,2,2,3,0,3,3,2,2,2,2,0,2,3,0,0,3,0 ks=4,0,255,0,0,0,0,0,253,133,0,0,0,0,1,0,0,0,0,0,0,23,0,0,0,0,4,0,0,0,0,0,0,0,0,0,128,0,0,0,2,0,128,0,0,110,0,0,0,16,0,0,0,0,0,0,0,2,254,0,0,0,0,0
00798 features=645 size=11 p=5 tap=11 reset=false scheme=3 ops=0,3,2,2,3,0,0,0,3,0,2,2,2,3,0,0,3,0,0,2,3,2,0,2,2,3,2,2,0,2,1,0,3,0,3,2,2,2,3,0,0,2,2,3,2,2,3,2,2,3,0,3,3,2,2,2,2,0,2,3,0,0,3,0 ks=0,0,255,0,0,0,0,255,0,0,0,0,2,0,0,0,0,0,0,0,0,0,0,0,0,2,0,0,128,0,0,0,0,0,0,0,0,0,0,0,0,0,2,0,0,0,0,0,0,0,0,0,0,0,16,1,253,108,0,0,144,0,0,0
00799 features=742 size=5 p=5 tap=11 reset=true scheme=3 ops=0,3,0,3,3,0,0,0,3,0,3,0,0,3,0,0,3,0,0,0,3,3,0,0,3,0,3,3,0,0,3,3,3,0,3,3,3,3,3,0,0,3,3,3,3,0,3,3,0,3,0,3,3,3,0,0,0,0,0,3,0,0,3,0 ks=0,0,255,0,0,0,0,255,0,0,0,0,0,0,249,0,0,0,0,0,0,0,0,0,0,0,0,0,0,0,0,0,0,32,0,0,0,0,0,0,0,0,0,0,0,0,0,0,0,0,0,0,0,0,0,0,0,108,0,0,0,0,0,0
00800 features=726 size=12 p=5 tap=11 reset=true scheme=3 ops=0,3,2,2,3,0,0,0,3,0,1,1,0,3,0,0,3,0,0,2,3,2,0,2,2,3,2,2,0,2,3,3,3,0,1,3,1,2,3,2,0,2,2,3,3,2,3,2,2,3,0,3,3,2,2,2,2,0,2,3,0,0,3,0 ks=1,0,255,0,0,0,0,62,0,0,98,223,166,0,0,0,64,0,0,0,0,0,0,0,0,0,0,0,0,0,0,0,0,1,0,0,0,254,0,0,255,0,0,0,0,2,0,0,0,0,0,0,0,0,0,0,0,108,0,0,0,0,0,0
00801 features=730 size=19 p=5 tap=11 reset=true scheme=3 ops=3,3,3,3,3,0,0,0,3,0,3,3,3,1,0,1,3,1,1,2,3,2,0,0,0,0,0,0,0,0,3,3,3,0,3,2,2,2,3,0,0,2,2,3,2,2,3,0,2,3,0,3,3,2,3,3,3,0,0,3,0,0,3,0 ks=1,0,0,0,0,0,0,255,0,0,0,145,127,229,50,138,126,149,2,0,0,0,0,0,0,0,0,0,242,4,0,0,0,0,0,0,3,0,0,0,32,1,0,0,0,0,0,0,213,8,0,0,0,0,252,0,0,2,0,0,0,0,0,0
00802 features=629 size=7 p=5 tap=11 reset=false scheme=3 ops=0,3,2,2,3,0,0,0,3,0,1,1,0,3,0,0,3,0,0,2,3,2,0,0,0,0,0,0,0,0,3,0,3,0,3,2,2,2,3,0,0,2,2,3,3,2,3,1,2,3,0,3,3,2,2,2,2,0,2,3,0,0,3,0 ks=1,0,255,0,0,0,0,0,0,0,66,0,0,0,0,0,0,0,0,32,0,0,0,0,0,0,0,0,0,0,0,0,0,90,0,0,0,0,0,0,255,0,0,0,0,0,0,0,0,0,0,0,0,0,0,0,0,108,0,0,0,0,0,0
00803 features=748 size=8 p=5 tap=11 reset=true scheme=3 ops=0,3,2,2,3,0,0,0,3,0,2,2,2,3,1,0,3,0,1,2,3,2,0,2,2,3,2,2,0,2,3,3,3,0,3,2,2,2,3,0,0,2,2,3,2,2,3,2,2,3,0,3,3,2,2,2,2,0,2,3,0,0,3,0 ks=0,0,255,255,0,0,0,255,0,0,0,0,2,0,0,0,0,0,0,0,8,0,0,0,0,0,0,0,0,0,0,0,0,0,0,0,0,0,0,0,0,0,0,0,0,0,246,0,0,0,0,0,0,0,16,0,0,108,0,0,0,0,0,0
00804 features=802 size=10 p=5 tap=11 reset=true scheme=3 ops=0,3,2,2,3,0,0,0,3,0,1,1,0,3,0,0,3,0,0,2,3,2,0,0,0,0,0,0,0,0,0,0,3,0,3,2,2,2,3,0,0,2,2,3,3,2,3,2,0,3,0,3,3,2,2,2,2,0,2,3,0,0,3,0 ks=1,0,255,0,0,0,0,255,0,0,98,223,166,0,0,0,0,0,0,0,0,0,0,0,0,0,0,0,0,0,0,0,0,64,0,0,0,0,0,0,255,0,0,0,0,0,0,0,0,0,0,0,0,0,0,0,0,108,1,0,0,0,0,0
00805 features=607 size=13 p=5 tap=11 reset=false scheme=2 ops=0,3,2,2,3,0,0,0,3,0,1,1,0,3,0,0,3,0,0,2,3,2,0,0,0,0,0,0,0,3,0,1,3,0,3,2,0,2,3,0,0,2,2,3,2,2,3,2,2,3,0,3,3,2,2,2,2,0,2,3,0,0,3,0 ks=0,8,255,0,0,0,0,255,0,0,34,223,0,0,255,0,0,0,0,0,0,0,0,0,0,0,0,48,255,0,32,0,0,127,0,0,0,0,0,0,255,0,0,0,0,0,0,0,223,0,0,0,0,0,0,0,0,0,0,2,0,0,0,0
00806 features=776 size=12 p=5 tap=11 reset=true scheme=3 ops=0,3,2,2,3,0,0,0,3,0,1,1,0,3,0,0,3,0,0,2,3,2,0,2,2,3,2,2,0,2,3,0,3,0,3,2,2,2,3,0,0,2,2,3,3,2,3,2,2,3,0,3,3,2,2,2,0,0,2,3,0,0,3,0 ks=1,0,255,0,0,0,0,255,0,0,98,223,166,0,0,0,0,0,0,0,0,1,0,0,0,0,0,0,0,0,0,0,0,0,2,0,0,0,0,0,255,0,0,0,0,128,0,0,0,0,0,0,0,252,0,0,0,108,0,0,0,0,0,0
00807 features=741 size=6 p=5 tap=11 reset=false scheme=3 ops=0,3,2,2,3,0,0,0,3,0,2,1,2,3,0,0,3,0,0,2,3,2,0,2,0,0,2,2,2,2,0,2,0,0,0,1,2,2,3,0,0,2,2,3,2,2,3,2,2,3,0,3,3,2,2,2,2,0,2,3,0,0,3,0 ks=0,0,255,0,0,0,0,255,0,0,0,0,0,0,0,0,0,0,0,0,0,0,0,0,0,0,0,0,0,4,0,0,0,0,0,236,0,0,0,0,0,0,0,0,127,0,0,0,0,0,0,0,0,0,0,3,0,0,0,0,0,0,0,0
00808 features=585 size=11 p=5 tap=11 reset=false scheme=0 ops=2,3,2,2,3,0,3,0,3,2,2,2,2,3,2,1,3,2,2,2,3,2,0,2,2,0,2,2,0,2,3,3,3,0,3,2,2,1,1,0,3,1,1,3,3,2,3,2,2,3,3,3,3,2,2,3,2,2,2,2,2,3,3,2 ks=0,0,255,0,0,0,0,255,0,0,0,0,0,0,0,0,0,0,0,0,0,0,0,0,0,0,0,0,0,0,0,0,0,0,0,0,0,87,250,196,3,94,141,0,0,0,37,127,213,0,0,0,0,0,0,0,0,0,0,0,0,0,0,0
00809 features=573 size=4 p=5 tap=11 reset=false scheme=3 ops=0,3,2,2,3,0,0,0,3,0,2,1,2,3,0,0,3,0,0,2,3,1,0,2,2,3,2,2,0,2,3,3,3,0,3,2,2,2,3,0,0,2,2,3,2,2,3,2,2,3,1,3,3,2,2,2,2,2,2,2,2,3,3,2 ks=0,0,0,0,0,0,0,255,0,0,0,0,0,0,0,0,0,0,0,0,0,0,0,0,0,0,0,0,0,0,0,0,254,0,0,0,0,0,0,128,2,0,0,0,0,0,0,0,0,0,0,0,0,0,0,0,0,0,0,0,0,0,0,0
00810 features=824 size=7 p=5 tap=11 reset=true scheme=3 ops=0,3,2,2,3,0,0,0,3,0,2,2,2,3,0,0,3,0,1,2,3,2,0,2,2,3,2,2,0,2,3,3,3,0,3,2,2,2,3,0,0,2,2,3,2,2,3,2,2,3,0,3,3,2,2,2,2,0,2,3,0,0,3,0 ks=0,0,255,255,0,0,0,255,0,0,0,0,2,0,0,0,0,0,0,0,0,0,0,0,0,0,0,0,0,0,0,0,0,0,0,0,0,0,0,0,0,0,0,0,0,0,246,0,0,0,0,0,0,0,16,0,0,108,0,0,0,0,0,0
00811 features=538 size=9 p=5 tap=11 reset=false scheme=3 ops=2,3,2,2,3,2,2,2,3,2,2,2,2,3,2,3,3,2,2,2,3,2,2,2,2,3,2,2,0,3,3,3,3,0,3,2,2,2,3,2,2,2,2,3,2,2,3,2,2,3,3,3,3,2,2,2,2,2,2,2,2,3,3,2 ks=0,0,0,0,0,0,0,255,0,0,187,0,0,0,0,0,0,0,0,0,0,0,0,0,0,0,0,0,0,0,0,0,32,0,0,0,0,105,0,0,0,0,2,0,0,0,0,127,213,0,246,0,0,0,0,0,0,0,161,0,0,0,0,0
00812 features=767 size=8 p=5 tap=11 reset=true scheme=3 ops=0,3,2,2,3,0,0,0,3,0,2,2,2,3,0,0,3,0,0,2,3,2,0,2,2,3,2,2,0,2,3,3,3,0,3,2,2,2,3,0,0,2,2,3,2,2,3,2,2,3,0,3,3,2,2,2,2,0,2,3,0,0,3,0 ks=0,0,255,0,0,0,0,255,0,0,0,0,0,0,0,0,0,0,0,0,0,9,0,0,0,0,0,1,0,0,0,0,0,0,0,0,2,0,0,84,0,0,0,0,0,0,0,0,0,0,0,0,0,0,0,128,0,76,0,0,0,0,0,0
00813 features=918 size=29 p=5 tap=35 reset=true scheme=3 ops=0,3,2,2,3,0,0,0,3,0,2,2,2,3,0,0,2,0,0,2,3,2,0,2,2,3,2,2,0,2,3,3,3,0,3,2,2,2,3,0,0,2,2,3,0,1,1,1,2,3,0,3,1,2,2,2,2,0,2,2,1,0,3,0 ks=0,0,255,0,0,0,0,255,0,255,0,0,2,0,0,0,0,0,0,23,8,0,0,0,3,0,255,255,0,0,0,0,0,0,2,0,0,87,250,196,3,94,141,148,0,255,7,96,166,252,143,144,177,0,16,1,0,108,0,0,0,0,0,140
00814 features=846 size=17 p=5 tap=35 reset=true scheme=3 ops=0,3,3,0,3,0,0,0,3,0,3,3,3,1,0,1,3,1,1,2,3,1,0,1,3,3,1,3,0,3,3,3,2,0,3,1,0,3,3,0,0,1,1,3,0,1,1,1,0,3,0,3,1,3,1,0,0,0,1,3,0,0,3,0 ks=0,0,255,0,0,0,0,0,0,0,0,0,0,229,50,140,126,149,2,0,0,0,0,0,0,0,0,0,0,0,0,0,0,0,2,0,0,87,250,196,3,255,141,148,0,77,0,0,0,0,0,0,0,0,0,0,0,0,0,1,0,0,0,0
00815 features=326 size=5 p=1 tap=11 reset=false scheme=3 ops=1,3,0,3,3,0,1,1,3,1,3,2,3,3,0,3,3,3,1,1,3,3,1,3,0,3,3,0,0,0,3,3,3,3,3,0,3,3,3,1,0,0,1,3,1,3,3,1,0,3,3,3,3,3,1,0,1,0,1,3,0,3,3,1 ks=0,0,0,0,0,0,0,255,0,0,0,0,0,0,0,0,0,0,0,0,0,0,0,0,0,0,0,0,0,0,0,0,0,0,0,0,0,0,0,0,0,1,0,0,0,0,0,127,213,0,0,0,0,0,0,0,0,0,0,0,0,0,0,158
00816 features=644 size=12 p=5 tap=11 reset=true scheme=3 ops=0,3,2,2,3,0,0,0,3,0,1,1,0,3,0,0,3,0,0,2,3,3,3,3,3,3,3,3,3,3,3,3,3,0,3,2,2,2,3,0,0,2,2,3,2,2,3,2,2,3,0,3,3,2,2,2,2,0,2,3,0,0,3,0 ks=0,0,255,0,0,0,0,255,0,0,34,223,0,0,0,1,0,0,0,0,0,0,0,0,0,0,0,0,0,0,0,0,0,128,0,0,0,0,0,0,251,0,1,0,3,10,0,0,0,0,0,0,0,0,0,3,0,24,0,0,0,0,0,0
00817 features=662 size=11 p=5 tap=11 reset=false scheme=3 ops=0,3,2,2,3,0,0,0,3,0,1,3,0,3,0,0,3,0,0,2,3,2,0,2,2,3,0,2,0,2,3,3,3,0,3,2,2,2,3,0,0,2,3,3,2,2,3,2,1,3,0,3,3,2,2,2,2,0,2,3,0,0,3,0 ks=0,0,255,0,0,0,0,255,0,0,98,0,0,0,0,0,0,0,0,113,0,0,0,0,0,0,0,0,0,0,0,0,2,0,0,0,0,0,0,0,0,0,0,0,0,127,0,0,0,0,255,0,0,228,0,3,0,108,0,0,0,255,0,0
00818 features=820 size=11 p=10 tap=11 reset=true scheme=3 ops=0,3,0,0,3,0,0,0,3,0,0,3,0,3,0,0,3,0,0,3,3,3,0,3,0,3,0,0,0,3,3,3,3,0,3,0,3,3,3,0,0,3,0,3,3,0,3,0,3,3,0,3,3,0,0,3,3,0,3,3,0,0,3,0 ks=0,0,255,0,64,0,0,255,0,0,0,202,0,0,0,0,209,0,0,128,0,0,0,0,0,0,0,0,0,0,0,0,0,0,0,0,0,0,0,0,0,0,1,0,0,0,0,0,0,0,52,0,0,0,0,130,0,108,0,1,0,0,0,0
00819 features=726 size=9 p=5 tap=11 reset=false scheme=3 ops=0,3,2,2,3,0,0,0,3,0,2,1,2,3,0,0,3,0,0,2,3,2,0,2,0,0,2,2,2,2,0,2,0,0,0,1,2,2,3,0,0,2,2,3,2,2,3,2,2,3,0,3,3,2,2,2,2,0,2,3,0,0,3,0 ks=0,0,255,0,0,0,0,255,0,0,0,0,0,0,0,0,0,0,0,0,0,0,0,0,0,0,0,0,0,0,0,0,0,0,0,236,0,0,0,255,0,0,0,0,127,0,0,0,0,0,0,0,0,0,0,3,64,108,0,0,0,1,0,0
00820 features=440 size=12 p=5 tap=35 reset=true scheme=3 ops=1,3,3,1,3,1,3,3,3,1,1,1,3,3,3,3,3,1,3,3,3,1,3,1,1,3,1,1,1,1,3,3,3,1,3,1,3,3,3,3,1,1,1,3,1,1,1,1,1,3,3,3,1,3,3,1,3,3,3,3,3,1,3,3 ks=0,0,255,0,0,0,0,0,0,0,0,0,0,0,0,0,0,0,0,23,0,0,0,0,0,0,0,0,0,0,0,1,0,0,2,0,22,87,250,0,38,94,141,148,0,77,0,0,0,0,0,0,0,0,0,0,0,0,0,0,0,0,0,0
00821 features=777 size=6 p=5 tap=11 reset=true scheme=3 ops=0,3,2,2,3,0,0,0,3,0,2,2,2,3,0,0,3,0,0,2,3,2,0,2,2,3,2,2,0,2,3,3,3,0,3,2,2,2,3,0,0,2,2,3,2,2,3,2,2,3,0,3,3,2,2,2,2,0,2,3,0,0,3,0 ks=0,0,255,0,0,0,0,255,0,0,0,0,0,0,0,0,0,0,0,0,0,9,0,0,0,0,0,0,0,0,0,0,0,0,0,0,0,0,0,84,0,0,0,0,0,0,0,0,0,0,0,0,0,0,0,128,0,15,0,0,0,0,0,0
00822 features=828 size=13 p=5 tap=16 reset=true scheme=3 ops=0,3,2,2,3,0,0,0,3,0,2,2,2,3,0,0,1,0,0,3,3,3,0,2,2,3,2,2,0,2,3,3,3,0,3,3,2,0,3,3,0,0,0,3,2,0,3,2,2,3,0,3,3,2,2,2,3,0,2,2,0,0,3,0 ks=0,0,255,0,0,0,0,255,0,255,0,0,2,0,0,0,43,0,0,0,0,0,0,195,0,0,0,0,0,0,0,0,0,1,253,0,0,0,0,59,0,0,0,0,0,0,0,1,0,0,0,0,2,0,16,0,0,108,0,0,0,0,0,0
00823 features=707 size=6 p=5 tap=35 reset=true scheme=3 ops=0,3,3,0,3,0,0,0,3,0,3,0,3,3,0,0,3,0,0,3,3,1,0,1,3,3,1,3,0,3,3,3,2,0,3,1,2,2,3,0,0,2,2,3,1,1,1,1,0,3,0,3,1,3,1,0,0,0,1,3,0,0,3,0 ks=0,0,255,0,0,0,0,0,0,255,0,0,0,0,0,0,0,0,0,23,0,0,0,0,0,0,0,0,0,0,0,0,0,0,2,0,0,0,0,0,0,0,0,0,4,0,0,0,0,0,0,0,0,0,0,0,0,0,0,1,0,0,0,0
00824 features=858 size=16 p=5 tap=35 reset=true scheme=3 ops=0,3,3,0,3,0,0,0,3,0,3,0,3,3,0,0,3,0,0,3,3,1,0,1,3,3,1,3,0,3,3,3,2,0,3,1,0,3,3,0,0,1,1,3,0,1,1,1,0,3,0,3,1,3,1,0,0,0,1,3,0,0,3,0 ks=0,0,255,0,0,0,171,0,0,255,0,0,0,0,0,0,0,0,0,23,8,0,0,0,0,0,0,0,0,0,0,0,0,0,2,0,0,87,250,196,0,255,141,148,0,77,0,0,0,0,0,4,0,0,0,0,0,0,163,1,0,0,0,0
00825 features=746 size=12 p=5 tap=11 reset=false scheme=4 ops=0,3,2,2,3,0,0,0,3,0,2,2,2,3,0,0,3,0,0,0,3,1,0,2,2,3,2,2,0,2,3,3,0,0,3,2,2,2,3,2,2,2,2,3,2,2,3,2,2,3,0,3,3,2,2,3,3,3,2,3,0,0,3,0 ks=0,0,255,0,0,0,0,0,0,0,0,0,0,0,0,0,0,0,0,0,252,0,0,64,0,0,254,0,0,2,253,0,0,0,53,0,6,105,0,0,0,0,0,0,0,0,108,0,0,0,0,0,0,3,0,0,0,0,0,0,0,8,0,0
00826 features=827 size=11 p=2 tap=11 reset=true scheme=3 ops=0,3,2,2,3,0,0,0,3,0,1,1,3,3,3,3,3,0,0,2,3,2,0,2,0,3,2,2,0,2,3,3,3,1,1,2,2,2,0,0,2,2,2,3,2,2,1,2,2,3,0,3,3,2,2,2,2,0,2,3,1,0,3,0 ks=0,0,255,2,163,0,0,0,0,0,0,0,0,0,0,0,0,0,0,16,0,0,0,234,0,0,0,0,84,0,0,0,0,255,0,0,19,0,0,0,0,0,127,0,0,0,255,0,0,0,0,0,0,0,0,0,0,0,0,0,0,5,0,0
00827 features=831 size=17 p=5 tap=11 reset=true scheme=3 ops=0,3,2,2,3,0,0,0,3,0,1,1,0,3,0,0,3,0,0,2,3,2,0,0,0,0,0,0,0,2,0,0,3,0,3,2,3,2,3,0,0,2,2,3,3,2,3,2,2,3,0,3,3,2,2,2,2,0,2,3,0,0,3,0 ks=255,0,255,0,0,0,0,255,0,0,98,223,166,4,0,61,0,0,0,0,0,0,0,0,0,162,0,0,0,0,0,0,180,64,0,0,0,92,0,0,255,0,0,0,134,0,4,0,0,127,0,0,0,0,0,0,0,108,0,0,0,0,0,0
00828 features=529 size=11 p=5 tap=11 reset=false scheme=3 ops=0,3,3,3,3,0,0,0,3,0,1,1,0,3,0,0,3,0,0,0,3,0,0,3,0,3,0,0,0,0,3,3,3,0,3,3,0,0,3,3,0,0,0,3,3,0,3,0,3,3,0,3,3,1,3,3,3,0,0,3,0,0,3,0 ks=0,0,0,0,0,0,0,255,0,0,143,223,166,0,0,0,0,0,0,128,0,0,0,0,0,0,0,0,0,0,0,0,54,0,253,0,0,0,0,42,0,0,0,0,0,0,0,0,0,0,0,0,0,0,0,0,0,2,32,0,0,0,2,0
00829 features=754 size=7 p=5 tap=11 reset=false scheme=3 ops=0,3,0,2,3,0,0,0,3,0,0,1,2,3,0,0,3,0,0,2,3,2,0,2,0,0,2,2,2,2,0,2,0,0,0,1,2,2,3,0,0,2,2,3,2,2,3,2,2,3,0,3,3,2,2,2,2,0,2,3,0,0,3,0 ks=0,50,255,0,0,0,0,251,0,0,0,0,0,0,0,2,0,0,0,0,0,0,0,0,0,0,0,0,0,0,0,0,0,0,0,236,0,0,0,0,0,0,0,0,0,0,0,0,0,0,0,0,0,0,0,3,0,108,0,0,0,0,0,0
00830 features=406 size=11 p=5 tap=11 reset=false scheme=3 ops=0,3,3,3,3,0,0,0,3,0,1,1,0,3,3,0,3,0,0,0,3,0,0,3,0,3,0,0,0,0,3,3,3,0,3,3,2,0,3,3,0,0,0,3,2,0,3,0,3,3,0,3,3,0,3,3,3,0,0,3,0,0,3,0 ks=0,0,0,0,0,0,0,255,0,0,2,223,166,0,0,0,0,16,0,0,0,0,0,0,0,0,22,0,0,0,0,0,0,0,253,0,0,0,0,42,0,0,0,0,231,0,0,0,0,0,0,0,0,0,0,0,0,2,0,0,0,0,2,0
00831 features=837 size=7 p=5 tap=11 reset=true scheme=3 ops=0,3,2,2,3,0,0,2,3,0,1,1,3,3,3,3,3,3,0,2,3,2,0,2,2,3,2,2,0,2,3,3,3,0,3,2,2,2,3,0,0,2,2,3,2,2,3,2,2,3,0,3,3,2,2,2,2,0,2,3,0,0,3,0 ks=0,0,255,2,1,0,0,0,0,0,0,0,0,0,0,0,0,0,0,0,0,0,0,0,0,0,0,0,0,0,0,0,0,0,0,0,0,0,0,0,0,0,2,0,0,0,0,0,0,0,0,0,0,0,16,0,0,108,0,0,0,0,0,128
00832 features=842 size=15 p=5 tap=11 reset=true scheme=3 ops=0,3,2,2,3,0,0,0,3,0,2,1,2,3,0,0,3,0,0,2,3,2,0,2,1,3,3,1,0,3,3,3,3,0,3,2,3,2,3,0,0,2,2,0,2,2,3,2,2,3,0,3,3,2,2,2,2,0,2,3,0,0,3,3 ks=0,55,0,0,0,0,0,23,0,0,0,0,0,0,2,0,0,0,0,0,0,0,254,0,0,0,0,0,0,12,143,0,0,0,0,0,0,0,128,0,0,0,252,3,0,0,0,0,0,0,255,0,0,4,0,0,0,2,0,255,1,0,0,1
00833 features=395 size=3 p=5 tap=11 reset=true scheme=3 ops=1,3,3,1,3,3,3,1,3,1,1,3,3,3,1,3,3,1,1,1,3,1,1,3,1,3,1,3,3,3,3,3,3,3,3,3,1,3,3,1,3,3,1,3,1,3,3,3,1,3,1,3,3,3,0,3,1,1,1,3,3,1,3,1 ks=0,0,0,0,0,0,0,0,0,0,0,0,0,0,0,0,0,8,0,0,0,0,0,64,0,0,0,0,0,0,0,0,0,0,0,0,0,0,0,0,0,0,0,0,0,0,0,0,213,0,0,0,0,0,0,0,0,0,0,0,0,0,0,0
00834 features=969 size=23 p=5 tap=35 reset=true scheme=3 ops=0,3,2,2,3,0,0,0,3,0,2,2,2,3,0,0,2,0,0,2,3,2,0,2,2,3,2,2,0,2,3,3,3,0,3,2,2,2,3,0,0,2,2,3,2,2,3,2,2,3,0,3,1,2,2,2,2,0,2,3,0,0,3,0 ks=0,0,255,0,16,0,0,2,0,251,0,0,2,0,1,0,0,0,0,23,8,0,0,0,3,0,255,0,0,0,0,0,4,0,2,0,0,128,250,196,3,0,2,0,0,0,0,0,0,0,0,144,177,0,16,1,0,108,0,0,0,32,0,0
00835 features=654 size=13 p=5 tap=11 reset=false scheme=3 ops=2,3,2,2,3,2,2,2,3,2,2,2,2,3,2,3,3,2,2,2,3,2,2,2,2,3,2,2,0,2,3,3,1,2,2,2,2,2,3,2,2,2,2,3,2,2,3,2,2,3,3,3,3,2,2,2,2,3,2,2,0,3,3,2 ks=253,0,0,0,0,0,0,255,0,0,0,0,0,0,0,0,0,0,0,0,0,1,0,0,0,0,0,0,0,0,0,1,128,0,0,80,0,107,2,2,0,0,64,252,0,0,0,0,213,0,0,0,0,0,0,0,0,0,0,0,254,0,0,0
00836 features=812 size=1 p=5 tap=11 reset=true scheme=3 ops=0,3,2,2,3,0,0,0,3,0,2,2,2,3,0,0,3,0,0,2,3,2,0,2,2,3,2,2,0,2,3,3,3,0,3,2,2,2,3,1,0,2,2,3,2,2,3,2,2,3,0,3,3,2,2,2,2,0,2,2,0,0,3,0 ks=0,0,0,0,0,0,0,255,0,0,0,0,0,0,0,0,0,0,0,0,0,0,0,0,0,0,0,0,0,0,0,0,0,0,0,0,0,0,0,0,0,0,0,0,0,0,0,0,0,0,0,0,0,0,0,0,0,0,0,0,0,0,0,0
00837 features=879 size=11 p=5 tap=11 reset=true scheme=3 ops=0,3,2,2,0,0,0,0,3,0,1,1,3,3,3,3,3,0,0,2,3,2,0,2,0,3,2,2,0,2,3,3,3,1,1,2,2,2,0,0,2,2,2,3,2,2,1,2,2,3,0,3,3,2,2,2,2,0,2,3,2,0,3,0 ks=0,0,255,2,163,0,0,0,0,0,0,0,0,0,0,0,0,0,0,16,0,0,0,239,0,0,0,0,84,0,0,0,0,255,0,0,19,0,0,0,0,0,194,0,0,0,255,0,0,0,0,0,0,0,0,0,0,0,0,0,0,5,0,0
00838 features=713 size=14 p=5 tap=11 reset=false scheme=2 ops=0,3,2,2,3,0,0,0,3,0,1,1,0,3,0,0,3,0,0,2,3,2,0,0,0,0,0,0,0,0,0,0,3,0,3,2,0,2,1,0,0,2,2,3,2,2,3,2,2,3,0,3,3,2,2,2,2,2,2,3,0,0,3,0 ks=0,8,255,0,0,0,0,255,0,0,32,223,0,0,255,0,4,0,0,0,0,0,0,0,0,0,0,48,0,0,32,0,0,127,163,0,0,0,0,0,255,0,0,0,0,0,0,0,0,0,0,0,0,0,0,0,0,3,0,2,0,0,0,0
00839 features=632 size=16 p=5 tap=11 reset=false scheme=4 ops=0,3,2,2,3,0,0,0,3,0,1,1,0,3,0,0,3,0,1,2,3,2,0,0,0,0,0,0,0,0,0,0,3,0,3,2,0,2,3,0,0,2,2,3,2,2,3,2,3,3,0,3,3,2,2,2,2,0,2,3,0,1,3,0 ks=141,8,255,0,0,0,0,255,0,0,34,223,0,0,127,0,0,0,0,64,0,0,0,0,0,0,0,48,0,0,32,0,0,127,0,0,0,0,0,0,255,0,0,0,0,0,0,127,213,0,0,0,0,0,0,0,0,3,0,2,0,0,0,0
00840 features=650 size=8 p=5 tap=11 reset=false scheme=3 ops=0,3,2,2,3,0,0,0,3,0,1,1,0,3,0,2,3,0,0,2,3,2,0,0,0,0,0,0,0,0,0,0,3,0,3,2,2,2,3,0,0,2,2,3,2,2,3,2,2,3,0,3,3,2,2,2,2,0,2,3,0,0,3,0 ks=0,0,255,0,0,0,0,255,0,0,34,223,0,0,0,0,0,0,0,0,0,0,0,0,0,0,0,0,0,0,0,0,0,127,0,0,0,0,0,0,255,0,0,0,0,0,0,0,0,183,0,0,0,0,0,0,0,2,0,0,0,0,0,0
00841 features=831 size=18 p=5 tap=11 reset=true scheme=3 ops=0,3,2,2,3,0,0,0,3,0,1,1,0,3,0,0,3,0,0,2,3,2,0,0,0,0,0,0,0,2,0,0,3,0,3,2,3,2,3,0,0,2,2,3,3,2,3,2,2,3,0,3,3,2,2,2,2,0,2,3,0,0,3,0 ks=255,0,255,0,0,0,0,255,0,0,98,223,166,4,0,61,0,0,0,1,0,0,0,0,0,162,0,0,0,0,0,0,180,64,0,0,0,92,0,0,255,0,0,0,134,0,4,0,0,127,0,0,0,0,0,0,0,108,0,0,0,0,0,0
00842 features=785 size=8 p=5 tap=11 reset=true scheme=3 ops=0,3,2,2,3,0,0,0,3,0,2,1,0,3,0,0,3,0,0,2,3,2,0,0,0,0,2,0,0,0,0,0,3,0,3,2,2,2,3,0,0,0,2,3,3,2,3,2,2,3,0,3,3,2,2,2,2,0,2,3,3,0,3,0 ks=1,0,255,0,0,0,0,255,0,0,98,223,166,0,0,0,0,0,0,0,0,0,0,0,0,0,0,0,0,0,0,0,0,0,0,0,0,253,0,0,0,0,0,0,0,0,0,0,0,0,0,0,0,0,0,0,0,108,0,0,0,0,0,0
00843 features=542 size=12 p=5 tap=11 reset=false scheme=3 ops=0,3,2,2,3,0,0,0,3,0,1,2,2,3,0,0,3,0,0,2,3,2,0,3,3,3,3,3,3,3,3,3,3,3,3,2,2,2,3,0,0,2,2,3,2,2,3,2,2,3,0,3,3,2,2,2,2,0,2,2,0,0,3,0 ks=0,0,255,235,0,0,0,255,0,255,0,0,2,0,0,0,4,255,0,0,0,0,0,0,0,0,0,0,0,0,0,0,0,0,0,1,0,0,176,0,0,0,0,0,0,0,0,0,0,0,0,0,0,0,0,0,61,108,0,0,128,0,0,0
00844 features=815 size=5 p=5 tap=11 reset=true scheme=3 ops=0,3,2,2,3,0,0,0,3,0,2,2,2,3,0,0,3,0,0,2,3,2,0,2,2,3,2,2,0,2,0,3,3,0,3,2,2,2,3,0,0,2,2,3,2,2,3,2,2,3,0,3,3,2,2,2,2,0,2,3,0,0,3,0 ks=0,0,0,0,0,0,0,255,1,0,0,0,0,0,0,0,0,0,0,0,0,0,0,0,0,0,0,0,0,1,0,0,0,0,0,0,0,0,0,0,2,0,0,0,0,0,0,0,0,0,0,0,0,0,0,0,0,6,0,0,0,0,0,0
00845 features=715 size=11 p=5 tap=11 reset=true scheme=3 ops=0,3,2,2,3,0,0,0,3,0,1,1,0,3,0,0,3,0,0,2,3,2,0,0,0,0,0,0,0,0,0,0,3,0,3,2,2,2,3,0,0,2,2,3,3,2,3,2,2,3,0,3,3,2,2,2,2,0,2,3,0,0,3,1 ks=1,0,255,0,0,0,0,255,0,0,98,223,166,0,0,0,0,0,0,0,0,1,0,0,0,0,0,0,0,0,0,0,0,64,0,0,0,0,0,0,255,0,0,0,0,128,0,0,0,0,0,0,0,0,0,0,0,108,0,0,0,0,0,0
00846 features=865 size=8 p=5 tap=11 reset=true scheme=3 ops=0,3,2,2,3,0,0,0,3,0,2,2,2,3,0,0,3,0,0,2,3,2,0,2,2,3,2,2,1,2,3,3,3,0,3,2,2,2,3,0,0,2,2,0,2,2,3,2,2,3,0,3,3,2,2,2,2,0,2,3,0,0,3,3 ks=128,0,0,0,0,0,0,255,0,0,0,0,0,0,2,0,0,0,0,0,0,0,0,0,0,0,255,0,0,2,0,0,0,0,0,0,0,0,0,0,0,0,252,0,0,0,0,0,0,0,0,0,0,0,0,0,0,2,0,255,0,0,0,0
00847 features=930 size=23 p=5 tap=35 reset=true scheme=3 ops=0,3,2,2,3,0,0,0,3,0,2,2,2,3,0,0,3,0,0,2,3,2,0,2,2,3,2,2,0,2,3,3,2,0,3,2,2,2,3,0,0,2,2,3,0,1,1,1,2,3,0,3,1,2,2,2,2,0,2,3,0,0,3,0 ks=0,0,255,0,0,0,0,255,0,0,0,0,2,0,0,0,0,0,0,23,8,0,0,0,0,0,0,0,0,0,0,0,0,0,2,0,0,87,250,196,19,94,141,0,0,77,7,92,166,252,143,144,177,0,16,0,0,108,0,0,0,0,0,78
00848 features=680 size=9 p=5 tap=11 reset=false scheme=3 ops=2,3,2,2,3,0,0,0,3,0,2,2,2,3,0,0,3,0,0,2,3,2,0,2,2,3,2,2,0,2,3,3,0,0,3,2,2,0,3,3,0,0,0,3,2,0,3,0,3,3,0,3,3,2,2,3,2,0,2,3,0,0,3,0 ks=0,0,255,0,0,0,0,255,0,0,0,0,0,0,4,0,0,0,0,0,0,0,1,64,0,0,0,0,0,0,0,0,0,0,0,0,0,0,0,42,0,0,0,0,231,0,0,0,0,0,0,0,0,0,0,0,0,108,130,0,0,0,0,0
00849 features=656 size=12 p=5 tap=16 reset=false scheme=3 ops=3,3,3,2,3,0,0,2,3,0,2,2,2,3,0,0,1,0,0,0,3,3,0,2,2,1,2,2,0,2,3,3,3,0,3,2,2,2,3,0,0,2,2,3,2,2,3,2,2,3,0,3,3,0,2,2,3,0,2,2,0,2,3,1 ks=245,0,253,0,0,0,0,0,0,0,0,0,0,0,0,0,43,0,0,255,0,0,0,0,0,0,0,0,0,0,0,0,0,0,2,0,0,0,0,0,0,0,0,0,0,10,0,0,0,0,0,0,2,0,1,0,0,108,0,16,16,0,0,158
00850 features=772 size=12 p=5 tap=11 reset=true scheme=3 ops=0,3,2,2,3,0,0,0,3,0,1,1,0,3,0,0,3,1,0,2,3,2,0,0,0,2,0,1,0,0,0,0,3,0,3,2,2,2,3,0,0,2,0,3,3,2,3,2,2,3,0,3,3,2,2,2,2,0,2,3,0,0,3,0 ks=1,0,255,0,0,0,0,0,0,1,254,0,0,0,0,158,0,0,0,0,0,0,0,0,253,0,0,0,0,0,0,0,0,64,0,0,0,0,0,0,255,0,0,0,0,127,0,0,0,0,0,0,0,0,0,4,0,108,0,0,0,0,0,140
00851 features=646 size=14 p=5 tap=11 reset=false scheme=3 ops=1,3,2,2,3,0,0,0,3,0,1,3,0,3,0,0,3,0,0,2,3,2,0,2,2,3,2,2,0,2,3,3,3,0,3,2,2,2,1,0,0,2,3,3,2,2,3,2,1,3,0,3,3,2,2,2,2,0,2,3,0,0,3,0 ks=0,0,255,0,0,0,0,255,0,0,98,0,0,0,0,0,0,0,0,113,0,0,0,0,0,0,0,0,0,0,0,0,2,0,0,0,0,0,0,4,0,2,0,0,0,127,0,0,0,0,255,0,0,228,0,3,0,108,0,0,0,247,0,1
00852 features=774 size=7 p=5 tap=11 reset=true scheme=3 ops=0,3,2,2,3,0,0,0,3,3,2,2,2,3,0,0,3,0,0,2,3,2,0,2,0,3,2,2,0,2,3,3,3,0,3,2,2,2,3,2,2,2,2,3,2,2,3,2,2,3,0,3,3,2,2,2,2,2,2,3,0,0,3,0 ks=0,0,253,0,0,0,0,255,0,0,0,210,2,0,0,16,0,0,0,0,0,0,0,0,0,0,0,0,0,0,0,0,0,0,0,0,0,105,0,0,0,0,0,0,0,0,0,0,0,0,0,0,0,0,0,0,0,108,0,0,0,0,0,0
00853 features=690 size=11 p=5 tap=11 reset=false scheme=3 ops=0,3,2,2,3,0,0,0,3,0,2,2,2,3,0,0,3,0,0,2,3,2,0,2,2,3,2,2,0,2,3,3,0,0,3,2,2,2,3,0,0,2,2,3,2,2,3,2,3,3,0,3,3,2,2,3,3,0,2,3,0,0,3,0 ks=0,0,255,0,0,0,0,0,0,0,0,2,0,0,0,0,0,0,0,0,0,0,255,64,0,0,0,0,0,0,0,0,0,0,128,0,0,4,0,0,255,0,0,0,0,0,108,252,0,1,0,0,0,0,0,0,0,108,0,0,0,0,0,0
00854 features=638 size=11 p=5 tap=11 reset=false scheme=3 ops=0,3,2,2,3,0,0,0,3,0,1,1,0,3,0,0,3,0,0,2,3,2,0,0,0,0,0,0,0,0,0,0,3,0,3,2,2,2,3,0,0,2,2,3,2,2,3,2,2,3,0,3,3,2,2,2,2,0,2,3,0,0,3,0 ks=1,0,255,171,0,0,0,255,0,0,98,223,166,0,0,0,0,0,0,0,0,0,0,0,0,0,0,0,0,0,0,0,0,64,0,0,0,0,0,0,2,0,0,0,0,0,0,0,0,0,0,0,0,0,0,0,0,108,0,0,236,0,0,0
00855 features=693 size=11 p=5 tap=11 reset=true scheme=3 ops=2,3,3,3,3,0,0,0,3,0,1,1,0,3,3,0,3,0,0,0,3,0,0,3,0,3,0,0,0,0,3,3,3,0,3,3,2,0,3,3,0,0,0,3,2,0,3,0,3,3,0,3,3,0,3,3,3,0,0,3,0,0,3,0 ks=0,0,0,0,0,0,0,255,0,0,2,223,166,0,0,0,0,16,0,0,0,0,0,0,0,0,22,0,0,0,0,0,0,0,253,0,0,0,0,42,0,0,0,0,231,0,0,0,0,0,0,0,0,0,0,0,0,2,0,0,0,0,2,0
00856 features=695 size=12 p=5 tap=11 reset=false scheme=1 ops=0,3,2,2,3,0,0,0,3,0,2,2,2,3,1,0,3,0,1,2,3,2,0,2,2,3,2,2,0,2,3,3,3,0,3,2,2,2,3,1,0,2,2,3,2,2,3,2,2,3,0,3,3,2,2,2,2,0,2,3,0,0,3,0 ks=0,0,255,255,0,0,0,255,0,0,0,0,2,0,0,0,0,230,0,0,8,0,0,39,0,0,0,0,0,0,0,0,128,0,0,0,0,0,0,0,0,0,0,0,0,0,246,0,0,0,0,0,0,0,16,0,0,108,3,0,0,0,0,0
00857 features=640 size=11 p=5 tap=11 reset=false scheme=3 ops=0,3,2,2,3,0,0,0,3,0,1,1,0,3,0,0,3,0,0,2,3,2,0,0,0,0,0,0,3,0,0,0,3,0,3,2,2,2,3,0,0,2,2,3,2,2,3,2,2,3,0,3,3,2,2,2,2,0,2,3,0,0,3,0 ks=1,0,255,171,0,0,0,255,0,0,98,223,166,0,0,0,0,0,0,0,0,0,0,0,0,0,0,0,0,0,0,0,0,64,0,0,0,0,0,0,2,0,0,0,0,0,0,0,0,0,0,0,0,0,0,0,0,108,0,0,236,0,0,0
00858 features=530 size=5 p=5 tap=11 reset=false scheme=3 ops=2,3,2,2,3,2,2,2,3,2,2,2,2,3,2,3,3,2,2,2,3,2,2,2,2,3,2,2,0,3,3,3,3,0,3,2,2,2,3,2,2,2,2,3,2,2,3,2,2,3,3,3,3,2,2,2,2,2,2,2,2,3,3,2 ks=0,0,0,0,0,0,0,255,0,0,0,0,0,0,0,0,0,0,0,0,0,0,0,0,0,0,0,0,0,0,0,0,0,0,0,0,0,105,0,0,0,0,0,0,0,0,0,127,213,0,0,0,0,0,0,0,0,0,0,40,0,0,0,0
00859 features=731 size=15 p=5 tap=11 reset=true scheme=3 ops=0,3,2,2,3,0,0,1,3,0,1,1,0,3,0,0,3,0,0,2,3,2,0,3,0,0,0,0,0,0,0,0,3,0,3,2,2,2,3,0,0,2,2,3,3,2,3,1,2,3,3,3,3,2,2,2,2,0,2,3,0,0,3,0 ks=1,0,255,0,0,0,0,0,0,0,98,0,0,0,254,0,0,0,0,0,0,0,2,0,0,0,0,0,0,0,0,0,0,65,0,0,124,4,0,1,255,252,0,0,0,0,0,0,0,0,0,0,0,0,0,16,0,108,1,0,0,254,0,0
00860 features=836 size=14 p=5 tap=35 reset=true scheme=3 ops=0,3,3,0,3,0,0,0,3,0,3,0,3,3,0,0,3,0,0,3,3,1,0,1,3,3,1,3,0,3,3,3,2,0,3,1,0,3,3,0,0,1,1,3,0,1,1,1,0,3,0,3,1,3,1,2,2,0,2,3,0,0,3,0 ks=0,0,255,0,0,0,0,0,0,255,0,0,0,0,0,0,0,251,0,23,8,0,0,0,0,0,0,0,0,0,0,0,0,0,2,0,0,87,250,196,3,255,141,148,0,77,0,0,0,0,0,0,0,0,0,0,0,0,0,0,0,0,0,0
00861 features=921 size=26 p=5 tap=35 reset=true scheme=3 ops=0,3,2,2,3,0,0,0,3,0,2,2,2,3,0,0,3,0,0,2,3,2,0,2,2,3,2,2,0,2,3,3,3,0,3,2,2,2,3,0,0,2,2,3,0,1,1,1,2,3,0,3,1,2,2,2,2,0,2,3,0,0,3,0 ks=0,0,255,0,0,0,0,255,0,255,0,0,2,0,0,86,0,0,0,23,0,0,0,0,0,0,0,0,0,252,0,0,0,0,2,0,0,87,250,196,38,94,141,148,0,77,7,96,166,252,143,144,177,0,16,0,0,108,0,0,0,0,0,140
00862 features=810 size=6 p=5 tap=11 reset=true scheme=3 ops=0,3,2,2,3,0,0,0,3,0,1,1,3,3,3,3,3,3,0,2,3,2,0,2,2,3,2,2,0,2,3,3,3,0,3,2,2,2,3,0,0,2,2,3,2,2,3,2,2,3,0,3,3,2,2,2,2,0,2,3,1,1,3,0 ks=0,0,255,2,0,0,0,0,0,0,0,0,0,0,0,0,0,0,0,0,0,0,0,0,0,0,0,0,0,0,0,0,0,0,2,0,0,0,0,0,0,0,2,0,0,0,0,0,0,0,0,0,0,0,16,0,0,108,0,0,0,0,0,0
00863 features=668 size=14 p=5 tap=11 reset=false scheme=3 ops=0,3,2,2,3,0,1,0,3,0,2,1,0,3,0,1,3,0,0,2,3,2,0,2,2,3,2,2,0,2,3,3,2,0,3,2,2,2,3,0,0,1,2,3,2,2,3,2,2,3,0,3,3,2,2,2,2,0,2,3,0,0,3,0 ks=254,0,255,0,0,0,0,255,0,0,23,223,166,0,0,0,0,4,0,0,0,0,0,0,0,0,0,0,0,0,0,0,0,0,0,253,0,0,0,0,255,0,253,0,0,64,0,0,0,128,0,0,0,0,0,128,0,108,0,0,0,0,0,0
00864 features=669 size=10 p=5 tap=11 reset=false scheme=3 ops=0,3,2,2,3,0,2,0,3,0,1,3,0,3,0,0,3,0,0,2,3,2,0,2,2,3,2,2,0,2,3,3,3,0,3,2,2,2,3,0,0,2,3,3,2,2,3,2,1,3,0,3,3,2,2,2,2,0,2,3,0,0,3,0 ks=0,0,255,0,0,0,0,255,0,0,98,0,0,0,0,0,0,0,0,0,0,0,0,0,0,0,0,0,0,0,0,0,2,0,0,0,0,0,0,0,0,0,0,0,0,127,0,0,0,0,255,0,0,228,0,3,0,108,0,0,0,255,0,0
00865 features=649 size=4 p=5 tap=11 reset=false scheme=3 ops=0,3,2,2,3,0,0,0,3,0,2,2,2,3,0,0,3,0,0,2,3,2,0,2,2,3,2,2,0,2,3,3,3,0,3,2,2,2,3,2,0,2,2,3,2,2,3,2,2,3,0,3,3,2,2,2,2,0,2,3,0,0,3,1 ks=0,0,0,0,0,0,0,255,0,0,0,0,0,0,0,0,0,0,0,0,0,0,0,0,0,0,0,0,0,97,0,0,0,0,0,0,0,0,0,0,0,0,0,0,0,0,0,0,0,0,0,0,0,0,0,0,0,2,0,0,0,0,0,254
00866 features=660 size=15 p=5 tap=11 reset=false scheme=3 ops=0,3,2,2,3,0,0,0,3,0,1,1,0,3,0,0,3,0,0,2,3,2,0,0,0,0,0,0,0,0,1,0,3,0,3,2,1,2,3,0,0,2,2,3,3,2,3,2,2,3,0,3,3,2,2,2,2,0,2,3,0,0,3,0 ks=127,0,255,0,0,0,0,255,0,0,98,223,166,0,0,0,0,0,0,0,0,0,0,64,0,0,0,0,0,0,134,0,127,64,0,0,0,101,0,0,255,0,0,0,0,0,0,0,0,0,0,0,0,0,0,0,0,108,0,0,32,0,0,1
00867 features=515 size=3 p=5 tap=11 reset=false scheme=3 ops=2,3,2,2,3,2,2,2,3,2,2,2,2,3,2,3,3,0,2,2,3,2,2,2,2,3,2,2,0,3,3,3,3,0,3,2,2,2,3,2,2,2,2,3,2,2,3,2,0,3,3,3,3,2,2,2,2,2,2,2,2,3,3,2 ks=0,0,0,0,0,0,0,255,0,0,0,0,0,0,0,0,0,0,0,0,0,0,0,0,0,0,0,0,0,0,0,0,0,0,0,0,0,105,0,0,0,0,0,0,0,0,0,0,213,0,0,0,0,0,0,0,0,0,0,0,0,0,0,0
00868 features=618 size=11 p=5 tap=11 reset=false scheme=3 ops=0,3,2,2,3,0,0,0,3,0,2,2,2,3,0,0,3,0,0,2,3,2,0,0,0,0,2,2,0,2,3,3,3,0,3,3,2,2,3,0,0,2,2,3,2,2,3,2,2,3,0,3,3,2,2,3,2,0,2,3,0,0,3,0 ks=0,34,255,0,0,0,0,255,0,0,0,0,32,0,0,0,0,0,0,127,0,0,0,0,0,0,0,0,0,0,4,0,0,0,0,0,0,251,0,0,0,0,0,0,127,0,0,0,0,1,0,0,0,0,0,0,0,108,0,0,0,0,128,0
00869 features=922 size=23 p=5 tap=35 reset=true scheme=3 ops=0,3,2,2,3,0,0,0,3,0,2,2,2,3,0,0,3,0,0,2,3,2,0,2,2,3,2,2,0,2,3,3,3,0,3,2,2,2,3,0,0,2,2,3,0,1,1,0,2,3,0,3,1,2,2,2,2,0,2,3,0,0,3,0 ks=0,0,255,0,0,0,0,255,0,0,0,0,2,0,0,0,0,0,0,23,8,0,0,0,0,0,0,0,0,0,0,0,254,0,2,0,0,87,250,196,3,94,141,0,0,77,7,0,168,252,143,144,177,0,17,0,0,108,0,0,4,0,0,0
00870 features=957 size=16 p=5 tap=35 reset=true scheme=3 ops=0,3,2,2,3,0,0,0,3,3,2,2,2,3,0,0,3,0,0,2,0,2,0,2,2,3,2,2,0,2,3,3,3,0,3,2,2,2,3,0,0,2,2,3,0,1,0,1,2,3,0,3,1,2,2,2,2,0,2,3,0,0,3,0 ks=0,0,0,0,0,0,0,0,55,255,0,0,2,16,1,0,0,0,0,23,0,0,0,0,0,0,0,0,0,215,0,0,253,0,2,0,0,4,0,0,0,0,0,0,0,77,0,0,166,0,143,0,0,0,0,0,0,108,0,2,0,0,0,140
00871 features=525 size=12 p=5 tap=11 reset=false scheme=2 ops=0,3,3,2,3,0,3,0,3,0,1,2,0,3,0,0,3,0,0,2,3,2,0,3,0,3,0,0,0,2,3,3,3,0,3,2,2,2,3,0,0,2,2,3,3,2,3,2,0,3,0,3,3,2,2,3,0,0,2,3,1,0,3,1 ks=1,0,255,0,0,0,0,255,0,0,98,223,166,0,0,0,0,0,0,0,0,0,0,0,0,0,0,0,0,0,0,0,0,0,0,0,0,0,0,0,255,209,252,0,0,0,0,0,254,0,0,0,0,0,0,0,0,107,0,32,0,0,0,0
00872 features=942 size=16 p=5 tap=35 reset=true scheme=3 ops=0,3,2,2,3,0,0,0,3,3,2,2,2,3,0,0,3,0,0,2,0,2,0,2,2,3,2,2,0,2,3,3,3,0,3,2,2,1,3,0,0,2,2,3,0,1,0,1,2,3,0,3,1,2,0,2,2,0,2,3,0,0,3,0 ks=0,0,0,0,0,0,0,0,55,255,0,0,2,128,1,0,0,0,0,23,0,0,0,0,0,0,0,0,0,215,0,0,253,0,2,0,0,4,0,0,0,0,0,0,0,77,0,0,166,0,143,0,0,0,0,0,0,108,0,2,0,0,0,140
00873 features=839 size=15 p=5 tap=35 reset=true scheme=3 ops=0,3,3,0,3,0,0,0,3,0,3,0,3,3,0,0,3,0,0,3,3,1,0,1,3,3,1,3,0,3,3,3,2,0,3,1,0,3,3,0,0,1,1,3,3,1,1,1,0,3,0,3,1,3,1,0,0,0,1,3,0,0,3,0 ks=0,0,255,127,0,0,0,0,0,255,0,0,0,0,0,0,0,0,0,23,8,0,0,0,0,0,0,0,0,0,0,0,0,0,2,0,0,87,250,196,3,94,141,148,0,77,0,0,1,0,0,0,0,0,0,0,0,0,0,0,0,0,0,0
00874 features=935 size=17 p=5 tap=35 reset=true scheme=3 ops=0,3,2,2,3,1,0,0,3,0,2,2,2,3,0,0,3,0,3,2,3,2,0,2,2,3,2,2,0,2,3,3,3,0,3,2,2,2,3,0,0,2,3,3,0,1,1,3,2,3,0,3,1,2,2,2,2,0,2,3,0,0,0,0 ks=0,0,255,0,0,0,0,0,0,255,178,0,2,0,0,0,0,0,0,23,0,255,58,252,0,0,0,0,0,0,0,0,0,0,5,0,0,87,250,196,3,90,141,148,0,77,0,0,0,0,0,0,0,0,0,0,0,0,0,0,0,0,0,0
00875 features=964 size=25 p=5 tap=35 reset=true scheme=3 ops=0,3,2,2,3,0,0,0,3,0,2,2,2,3,0,0,2,0,0,2,3,2,0,2,2,3,2,2,0,2,3,3,3,0,3,2,2,2,3,0,0,2,2,3,2,2,3,2,2,3,0,3,1,2,2,2,2,0,2,3,0,0,3,0 ks=0,0,255,0,16,0,0,2,0,251,0,0,2,0,1,0,0,0,0,23,8,0,127,0,3,0,255,0,0,0,0,0,4,0,2,0,0,128,250,196,3,0,2,0,0,0,0,0,0,255,0,144,177,0,16,1,0,108,0,0,0,32,0,0
00876 features=655 size=13 p=5 tap=11 reset=false scheme=3 ops=0,3,2,2,3,0,0,0,3,0,1,1,0,3,0,0,3,0,0,2,3,2,0,2,2,3,2,0,3,0,0,0,3,0,3,2,2,2,3,0,0,2,2,3,2,2,3,2,2,3,0,3,3,2,2,2,2,0,2,3,0,0,3,0 ks=1,0,255,171,0,0,0,255,0,0,98,223,166,0,0,0,0,1,0,0,0,0,0,64,0,0,0,0,0,0,0,0,0,64,0,0,0,0,0,0,2,0,0,0,0,0,0,0,0,0,0,0,0,0,0,0,0,108,0,0,236,0,0,0
00877 features=844 size=13 p=5 tap=35 reset=true scheme=3 ops=0,3,3,0,3,0,0,0,3,0,3,0,3,3,0,0,3,0,0,3,3,1,0,1,3,3,1,3,0,3,3,3,2,0,3,1,0,3,3,0,0,1,1,3,3,1,1,2,0,3,0,3,1,3,1,0,0,0,1,3,0,0,3,0 ks=0,0,255,0,0,0,0,0,0,255,0,0,0,0,0,0,0,0,0,23,8,0,0,0,0,0,0,0,0,0,0,0,0,0,2,0,0,87,250,196,3,94,141,148,0,77,0,0,0,0,0,0,0,0,0,0,0,0,0,0,0,0,0,0
00878 features=902 size=23 p=5 tap=35 reset=true scheme=3 ops=0,3,2,2,3,0,0,0,1,0,2,2,2,3,0,0,2,0,0,2,3,2,0,2,2,3,2,2,0,2,3,3,3,0,3,2,2,2,3,0,0,2,2,3,0,1,1,1,2,3,0,3,1,2,2,2,2,0,2,2,1,0,3,0 ks=0,0,255,0,0,0,0,255,0,255,0,0,2,0,0,0,0,0,0,23,8,0,0,0,3,0,255,0,0,0,0,0,0,0,2,0,0,0,250,196,3,94,0,148,0,255,7,0,166,252,0,144,177,0,0,1,0,108,0,0,0,0,0,140
00879 features=932 size=25 p=5 tap=35 reset=true scheme=3 ops=0,3,2,2,3,0,0,0,3,0,2,2,2,3,0,0,3,0,0,2,3,2,0,2,2,3,2,2,0,2,3,3,3,0,3,2,2,2,3,0,0,2,2,3,0,1,1,1,2,3,0,3,1,2,2,2,2,0,2,3,0,0,3,0 ks=0,0,255,0,0,0,0,255,0,255,0,0,2,0,0,0,0,0,0,23,0,0,0,0,0,0,0,0,0,0,0,0,2,0,2,0,0,87,250,196,38,94,141,148,0,77,7,96,166,252,143,144,177,0,16,0,0,108,0,0,0,0,0,140
00880 features=833 size=14 p=5 tap=11 reset=true scheme=3 ops=0,3,2,2,3,0,0,3,3,0,1,2,2,3,0,0,3,0,0,2,3,2,0,2,1,3,2,2,0,2,3,3,3,2,3,2,2,2,3,0,0,2,2,3,2,2,3,2,2,3,0,3,3,2,2,2,2,0,2,3,0,0,3,0 ks=0,0,255,254,0,0,0,108,0,0,2,0,0,0,0,0,0,0,0,0,0,0,0,240,53,142,40,112,116,12,0,0,0,0,0,0,0,0,0,0,2,0,0,0,0,0,0,0,0,0,0,0,0,0,0,0,0,2,254,0,0,0,0,0
00881 features=720 size=7 p=5 tap=11 reset=false scheme=3 ops=0,3,2,2,3,0,0,0,3,0,2,2,2,3,0,0,3,0,0,2,3,2,0,2,2,3,2,2,0,2,3,3,3,0,3,2,2,2,3,0,0,2,2,3,2,2,3,2,2,3,0,3,3,2,2,2,2,0,2,3,0,0,3,0 ks=0,0,255,250,0,0,0,255,0,0,0,0,0,0,0,0,0,0,0,0,0,0,0,0,0,0,0,0,0,0,0,0,0,0,0,0,0,0,0,0,0,0,0,0,127,0,8,0,0,0,0,0,0,0,0,4,0,108,0,0,0,0,0,0
00882 features=688 size=8 p=5 tap=11 reset=false scheme=3 ops=0,3,2,2,3,0,0,0,3,0,2,1,2,3,0,0,3,0,0,2,3,1,0,2,2,3,2,2,0,2,3,3,3,0,3,2,2,2,3,0,0,2,2,3,2,2,3,2,2,3,1,3,3,2,2,2,2,0,2,3,0,0,3,0 ks=0,0,0,0,0,0,0,255,0,0,0,0,0,0,0,0,0,0,0,0,0,0,0,0,0,0,0,0,0,0,0,0,254,4,0,0,0,0,14,1,2,0,0,0,0,0,0,0,0,21,0,0,0,0,0,0,0,2,0,0,0,0,0,0
00883 features=717 size=15 p=5 tap=11 reset=false scheme=2 ops=0,3,2,2,3,0,0,0,3,0,1,1,0,3,0,0,3,0,0,2,3,2,0,0,0,0,0,0,0,0,0,0,3,0,3,2,0,2,1,0,0,2,2,3,2,2,3,2,2,3,0,3,3,2,2,2,2,2,2,3,0,0,3,0 ks=0,8,255,0,0,0,0,255,0,0,32,223,0,0,255,0,4,0,0,0,0,0,0,0,0,0,0,48,0,0,32,0,0,127,163,254,0,0,0,0,255,0,0,0,0,0,0,0,0,0,0,0,0,0,0,0,0,3,0,2,0,0,0,0
00884 features=725 size=14 p=5 tap=11 reset=false scheme=3 ops=0,3,2,2,3,0,0,0,3,1,1,1,0,3,0,0,3,0,0,2,3,2,0,0,0,0,0,0,0,0,0,0,3,0,1,2,2,2,3,0,0,2,2,3,3,2,3,2,2,3,0,3,3,2,2,2,2,0,2,3,0,0,3,0 ks=127,0,255,0,0,0,0,255,0,0,98,223,166,0,0,0,0,0,0,0,0,0,128,0,0,0,0,0,0,0,0,0,127,64,0,0,0,101,0,0,255,0,0,0,127,0,0,0,0,0,0,0,0,0,0,0,0,108,0,0,32,0,0,0
00885 features=823 size=18 p=5 tap=35 reset=true scheme=3 ops=0,3,3,0,3,0,0,0,3,0,3,3,3,1,0,1,3,1,1,2,3,1,0,1,3,3,1,3,0,3,3,3,0,0,3,1,0,3,3,0,0,1,1,3,0,1,1,1,0,3,0,3,1,3,1,0,0,0,1,3,0,0,3,2 ks=0,0,255,0,0,0,0,0,0,0,0,0,0,229,50,140,126,149,2,64,0,0,0,2,0,0,0,0,0,0,0,0,0,0,2,0,0,0,250,196,3,255,141,148,0,77,0,0,0,0,0,0,0,0,0,0,0,0,0,1,0,0,0,0
00886 features=596 size=8 p=5 tap=11 reset=false scheme=3 ops=0,3,2,2,3,0,0,0,3,0,1,2,2,3,0,0,3,0,0,2,3,2,2,3,3,3,3,3,3,3,3,3,3,3,3,2,2,2,3,0,0,2,2,3,2,2,3,2,2,3,3,3,3,2,2,2,2,0,2,3,2,0,3,3 ks=0,0,255,0,0,0,0,255,0,255,0,0,2,0,0,0,4,0,0,0,0,0,0,0,0,0,0,0,0,0,0,0,0,0,0,0,0,0,0,0,252,0,0,58,0,0,0,0,0,0,0,0,0,0,0,0,61,0,0,0,0,0,0,0
00887 features=802 size=6 p=5 tap=11 reset=true scheme=3 ops=0,3,2,2,3,0,0,0,3,0,2,2,2,3,0,0,3,0,0,2,3,2,0,2,2,3,2,2,0,2,3,3,3,0,3,2,2,2,3,0,0,2,2,3,2,2,3,2,2,3,0,3,3,2,2,2,2,0,2,3,0,0,3,0 ks=0,0,255,0,0,0,0,255,0,0,0,0,0,0,0,0,0,0,0,0,0,9,0,0,0,0,0,0,0,0,0,0,0,0,0,0,0,0,0,0,0,0,0,0,0,0,0,0,213,0,0,0,0,0,0,128,0,108,0,0,0,0,0,0
00888 features=549 size=9 p=5 tap=11 reset=false scheme=3 ops=0,3,2,2,3,0,0,0,3,0,1,2,2,3,0,0,3,0,0,2,3,2,0,3,3,3,3,3,3,3,3,3,3,3,3,2,2,2,3,0,0,2,2,3,2,2,3,2,2,3,0,3,3,2,2,2,2,0,2,3,2,0,3,0 ks=0,0,255,0,0,0,0,0,0,255,0,0,2,0,0,0,4,0,0,0,0,0,0,0,0,0,0,0,0,0,0,0,0,0,0,0,1,0,176,0,0,0,0,0,0,2,0,0,0,0,0,0,0,0,0,0,61,108,0,0,0,0,0,0
00889 features=675 size=12 p=5 tap=11 reset=false scheme=3 ops=0,3,2,2,3,0,0,0,3,0,2,1,0,3,0,1,3,0,0,2,3,2,0,2,2,3,2,2,0,2,3,3,2,0,3,2,2,2,3,0,0,2,2,3,2,2,3,2,2,3,0,3,3,2,2,2,2,0,2,3,0,0,3,0 ks=254,0,255,0,0,0,0,255,0,0,0,97,166,0,0,0,0,4,0,0,0,0,0,0,0,0,0,0,0,0,0,0,0,0,0,253,0,0,0,0,255,0,253,0,0,0,0,0,0,128,0,0,0,0,0,128,0,108,0,0,0,0,0,0
00890 features=758 size=16 p=5 tap=11 reset=true scheme=3 ops=0,3,2,2,3,0,0,1,3,0,1,1,0,3,0,0,3,0,0,2,3,2,0,0,0,0,0,0,1,0,0,0,3,0,3,2,2,2,3,0,0,2,2,3,3,2,3,0,3,3,0,3,3,0,0,3,2,0,3,3,0,0,3,0 ks=1,0,0,0,0,0,0,0,0,0,98,0,0,0,254,0,0,0,0,0,0,0,3,2,0,0,0,0,0,0,0,0,143,65,0,0,124,4,0,0,255,252,0,0,0,0,0,0,0,0,52,0,0,0,0,130,0,108,0,1,0,254,0,0
00891 features=621 size=4 p=5 tap=11 reset=false scheme=3 ops=2,3,2,2,3,2,2,2,3,2,2,2,2,3,2,3,3,2,2,2,3,2,2,2,2,3,2,2,0,3,3,3,3,0,3,2,2,2,3,2,2,2,2,3,2,2,3,2,2,3,3,3,3,2,2,2,2,0,2,2,0,3,3,2 ks=0,0,0,0,0,0,0,255,0,0,0,0,0,0,0,0,0,0,0,0,0,0,0,0,0,0,0,0,0,0,0,0,0,0,0,0,0,105,0,0,0,0,0,252,0,0,0,0,213,0,0,0,0,0,0,0,0,0,0,0,0,0,0,0
00892 features=823 size=7 p=5 tap=11 reset=true scheme=3 ops=0,3,2,2,3,0,0,0,3,0,2,2,2,3,0,1,3,0,0,2,3,2,0,2,2,3,2,2,0,2,3,3,3,0,3,2,2,2,3,0,0,2,2,3,2,2,3,2,2,2,0,3,3,2,2,2,2,0,2,3,0,0,3,0 ks=0,0,255,0,0,0,0,255,0,0,0,0,0,0,0,0,0,0,0,0,0,0,0,0,0,0,0,0,0,128,0,0,1,0,0,0,0,0,0,0,2,0,0,0,0,0,0,0,0,2,0,0,0,0,0,0,0,6,0,0,0,0,0,0
00893 features=793 size=12 p=5 tap=16 reset=true scheme=3 ops=2,3,1,2,3,0,0,0,3,0,2,2,2,3,0,0,3,0,0,3,3,2,0,2,2,3,2,2,0,2,3,3,3,0,3,2,2,2,3,2,0,2,2,3,2,1,3,2,2,3,0,3,3,2,2,2,2,0,2,3,0,3,2,0 ks=0,0,255,0,0,0,0,255,0,255,0,0,2,0,0,0,0,0,0,0,0,0,2,0,0,0,0,0,0,0,0,0,0,0,2,0,0,0,0,0,0,0,127,0,0,0,0,0,0,0,4,0,2,0,16,0,0,108,0,0,0,0,1,0
00894 features=324 size=9 p=1 tap=11 reset=false scheme=3 ops=1,3,0,3,0,0,1,1,3,1,3,0,3,3,0,3,3,0,1,1,3,3,1,3,2,3,3,0,0,0,3,3,3,3,3,0,2,3,3,1,0,0,1,3,1,0,3,0,3,3,0,3,3,0,0,3,3,0,1,3,0,3,3,1 ks=0,0,0,0,0,0,0,0,0,0,4,0,0,0,0,0,0,4,0,0,0,0,0,0,0,0,0,0,0,0,0,1,0,0,0,0,0,0,0,0,0,1,0,0,0,127,0,0,0,0,52,0,0,0,0,128,0,108,0,0,0,0,0,158
00895 features=712 size=13 p=5 tap=11 reset=true scheme=3 ops=3,3,3,3,2,0,2,0,3,0,1,1,0,3,3,0,3,0,0,0,3,0,0,3,0,3,0,0,0,0,3,3,3,0,3,3,2,0,1,1,0,0,0,3,2,0,3,0,3,3,0,3,3,0,3,3,3,0,0,3,0,0,3,0 ks=245,0,0,0,0,0,0,255,0,0,2,223,166,0,0,0,0,16,0,0,0,0,0,0,0,0,22,0,0,0,0,0,0,0,253,0,3,0,0,42,0,0,0,0,231,0,0,0,0,0,0,0,0,0,0,0,0,2,0,0,0,0,2,0
00896 features=888 size=5 p=5 tap=35 reset=true scheme=3 ops=0,3,2,2,3,0,0,0,3,0,2,2,2,3,0,0,3,0,0,2,3,2,0,2,2,3,2,2,0,2,2,3,3,0,3,2,2,2,3,0,0,2,2,3,0,1,1,1,2,3,0,3,1,2,2,2,2,0,2,3,0,0,0,0 ks=0,0,0,0,0,0,0,0,0,255,0,0,0,0,0,0,0,112,0,0,0,0,0,0,0,0,0,0,0,0,0,0,32,0,2,0,0,0,0,0,3,0,0,0,0,0,0,0,0,0,0,0,0,0,0,0,0,0,0,0,0,0,0,0
00897 features=757 size=20 p=5 tap=11 reset=true scheme=3 ops=0,3,3,3,3,0,0,0,3,0,3,3,3,1,0,1,3,1,1,1,3,1,0,0,0,0,0,0,0,0,3,3,3,0,3,1,1,3,3,0,0,3,0,3,0,1,3,0,1,3,0,3,3,3,3,3,3,0,0,3,0,0,3,0 ks=1,0,0,0,0,0,0,255,0,0,0,62,127,229,50,140,126,149,2,0,0,0,0,0,0,0,0,0,242,4,0,0,16,0,0,0,3,0,0,0,32,99,0,0,0,0,0,0,213,8,0,0,0,0,252,0,0,2,0,0,0,0,0,0
00898 features=730 size=5 p=5 tap=35 reset=true scheme=3 ops=0,3,2,2,3,0,0,0,3,0,3,0,3,3,0,0,3,0,0,3,3,1,0,1,3,3,1,3,0,3,2,3,2,0,3,1,2,2,3,0,0,2,2,3,1,1,1,1,0,3,0,3,1,3,1,0,0,0,1,3,0,0,3,0 ks=0,0,0,0,0,0,0,0,0,255,0,0,0,0,0,0,0,0,0,23,0,0,0,0,0,0,0,0,0,0,0,0,0,0,2,0,0,0,0,0,0,0,0,0,4,0,0,0,0,0,0,0,0,0,0,0,0,0,0,1,0,0,0,0
00899 features=749 size=9 p=5 tap=11 reset=true scheme=3 ops=0,3,2,2,3,0,0,3,3,0,1,1,0,1,0,0,3,0,0,2,3,2,0,2,2,3,2,1,0,2,3,3,3,0,3,2,2,2,3,0,0,2,2,3,2,2,3,2,2,3,3,3,3,2,2,2,2,0,2,3,0,0,3,0 ks=0,0,255,0,0,252,0,108,0,255,0,0,0,0,0,35,0,0,0,254,0,0,0,0,0,0,3,0,0,0,0,0,0,0,0,0,0,0,0,0,0,0,0,0,0,236,0,0,0,0,0,0,0,0,0,0,0,108,0,0,0,0,0,0
00900 features=843 size=13 p=5 tap=35 reset=true scheme=3 ops=0,3,3,0,3,0,0,0,3,0,3,0,3,3,0,0,3,0,0,3,3,1,0,1,3,3,1,3,0,3,3,3,2,0,3,1,0,3,3,0,0,1,1,3,3,1,1,2,0,3,0,3,1,3,1,0,0,0,1,3,0,0,3,0 ks=0,0,255,0,0,0,0,0,0,255,0,0,0,0,0,0,0,0,0,22,8,0,0,0,0,0,0,0,0,0,0,0,0,0,2,0,0,87,250,196,3,94,141,148,0,77,0,0,0,0,0,0,0,0,0,0,0,0,0,0,0,0,0,0
00901 features=720 size=9 p=5 tap=11 reset=true scheme=3 ops=3,3,2,2,3,0,0,0,3,0,1,1,0,3,0,0,3,0,0,2,3,2,0,2,1,1,2,2,0,0,0,0,3,0,3,2,2,2,3,0,0,2,2,3,2,2,3,2,2,3,0,3,3,2,2,2,2,0,2,3,0,0,3,0 ks=0,0,255,0,0,0,0,255,0,0,34,223,166,0,0,0,0,0,0,0,0,0,0,0,0,0,0,0,0,0,0,0,0,0,0,0,0,1,0,0,251,0,0,0,0,0,0,0,0,0,0,0,0,0,0,128,0,108,0,0,0,0,0,0
00902 features=741 size=13 p=5 tap=35 reset=true scheme=3 ops=3,3,3,2,3,3,2,2,3,2,3,2,3,3,3,3,3,3,3,3,3,3,3,3,3,3,3,3,3,2,3,3,2,2,3,2,2,3,3,2,3,2,3,3,3,2,2,2,3,3,3,3,2,3,2,3,2,3,3,3,2,2,3,3 ks=0,0,255,0,0,0,0,0,0,255,0,0,0,0,0,0,0,0,0,22,8,0,0,0,0,0,0,0,0,0,0,0,0,0,2,0,0,87,250,196,3,94,141,148,0,77,0,0,0,0,0,0,0,0,0,0,0,0,0,0,0,0,0,0
00903 features=822 size=5 p=5 tap=11 reset=true scheme=3 ops=0,3,0,2,3,0,0,0,3,0,2,2,2,3,0,0,3,0,0,2,3,2,0,2,2,3,2,2,0,2,3,3,3,0,3,2,2,2,3,0,0,2,2,3,2,2,3,2,2,3,0,3,3,2,2,2,2,0,2,3,0,0,3,0 ks=0,0,0,0,0,0,0,255,0,0,0,0,0,0,0,0,0,0,0,0,0,0,0,0,0,0,0,0,0,0,0,0,0,0,0,0,0,0,0,0,2,0,0,0,254,0,0,0,0,0,226,0,0,0,0,0,0,6,0,0,0,0,0,0
00904 features=434 size=13 p=5 tap=11 reset=false scheme=3 ops=0,3,3,3,3,0,0,0,3,0,1,1,0,3,3,0,3,0,0,0,3,0,0,3,0,3,0,0,0,0,3,3,3,0,3,3,2,0,3,3,0,0,0,3,2,0,3,0,3,3,0,3,3,0,3,3,3,0,0,3,0,0,3,0 ks=0,0,0,0,0,0,0,255,0,0,2,223,166,1,0,0,0,16,0,0,0,0,0,0,0,0,22,0,0,0,0,0,0,0,253,0,0,0,0,42,0,0,0,0,231,0,0,0,13,0,0,0,0,0,0,0,0,2,0,0,0,0,2,0
00905 features=834 size=16 p=5 tap=35 reset=true scheme=3 ops=0,3,3,0,3,0,0,0,3,0,3,0,3,3,0,0,3,0,0,3,3,1,0,1,3,3,1,3,0,3,3,3,2,0,3,1,0,3,3,0,0,1,1,3,3,1,1,1,0,3,0,3,1,3,1,0,0,0,1,3,0,0,3,0 ks=0,0,255,127,0,0,0,0,0,255,0,0,0,0,0,0,0,0,0,23,8,0,0,0,0,0,0,0,0,0,0,0,0,0,2,0,0,87,250,196,3,94,141,148,0,77,0,0,1,0,0,0,2,0,0,0,0,0,0,0,0,0,0,0
00906 features=938 size=26 p=5 tap=35 reset=true scheme=3 ops=0,3,2,2,3,0,0,0,3,0,2,2,2,3,0,0,3,0,0,2,3,2,0,2,2,3,2,2,0,2,3,3,3,0,3,2,2,2,3,0,0,2,2,3,0,1,1,1,2,3,0,3,1,2,2,2,2,0,2,3,0,0,3,0 ks=0,0,255,0,0,0,0,255,0,255,0,0,2,0,0,0,0,16,0,23,0,0,0,0,0,0,0,0,0,0,0,0,2,0,2,0,0,87,250,196,38,94,141,148,0,77,7,96,166,252,143,144,177,0,16,0,0,108,0,0,0,0,0,140
00907 features=709 size=12 p=5 tap=11 reset=false scheme=3 ops=0,3,2,2,3,0,0,0,3,0,1,1,0,3,0,0,3,0,0,2,3,2,0,0,0,0,0,0,0,0,0,0,3,0,3,2,2,2,3,0,0,2,2,3,2,3,3,2,2,3,0,3,3,2,2,2,2,0,2,3,0,0,3,0 ks=127,0,255,0,0,0,0,255,0,0,98,223,166,0,0,0,0,0,0,0,0,0,0,0,0,0,0,0,0,0,0,0,127,64,0,0,0,101,0,0,255,0,0,0,0,0,0,0,0,0,0,0,0,0,0,0,0,108,0,0,32,0,0,0
00908 features=747 size=8 p=5 tap=11 reset=true scheme=3 ops=0,3,2,2,3,0,0,0,3,0,1,1,0,3,0,0,3,0,0,2,3,2,0,0,0,0,0,0,0,0,3,3,3,0,1,2,2,2,3,2,0,2,2,3,3,2,3,0,3,3,0,3,3,2,2,2,2,0,2,3,0,0,3,0 ks=1,0,255,0,0,0,0,255,0,0,98,223,0,0,0,0,0,0,0,0,0,0,0,0,0,0,0,0,0,0,0,0,0,0,0,0,0,254,0,0,255,0,0,0,0,2,0,0,0,0,0,0,0,0,0,0,0,0,0,0,0,0,0,0
00909 features=891 size=16 p=5 tap=35 reset=true scheme=3 ops=0,3,2,2,3,0,0,0,3,3,2,2,2,3,0,2,3,0,0,2,0,2,0,2,2,3,2,2,0,2,3,3,0,0,3,2,2,2,3,0,0,2,2,3,0,1,0,1,2,3,0,3,1,2,2,2,2,0,2,2,0,3,3,2 ks=0,0,0,0,0,2,0,0,55,255,0,0,2,16,1,0,0,230,0,23,0,0,0,0,0,0,0,0,0,215,0,0,253,0,2,0,0,4,0,0,0,0,0,0,0,77,0,0,166,0,143,0,0,143,0,0,0,0,0,0,0,0,0,0
00910 features=753 size=11 p=5 tap=11 reset=true scheme=3 ops=0,3,2,2,3,0,0,0,3,0,1,1,0,3,0,0,3,0,0,1,3,2,0,2,2,3,2,2,0,2,3,3,3,0,1,2,2,2,3,1,0,2,2,3,3,2,3,2,2,3,0,3,3,2,2,2,2,0,2,3,0,0,3,0 ks=1,0,255,0,0,0,0,255,0,0,98,223,166,0,0,0,0,0,0,0,0,0,0,0,0,0,0,0,0,0,0,0,0,0,0,0,0,254,0,0,255,0,0,0,0,2,0,0,0,0,0,0,0,0,0,128,0,108,0,0,0,0,0,0
00911 features=630 size=7 p=5 tap=11 reset=false scheme=3 ops=0,3,2,0,3,0,0,0,3,0,1,1,0,3,0,0,3,0,0,2,3,2,0,0,0,0,0,0,0,0,0,0,3,3,3,2,2,2,3,0,0,2,2,3,2,0,3,0,3,3,0,3,3,2,2,2,2,0,2,3,0,0,3,0 ks=0,0,255,0,0,0,0,255,0,0,34,223,0,0,0,0,0,0,0,0,0,0,0,0,0,0,0,0,0,0,0,0,0,127,0,0,0,0,0,0,0,16,0,0,0,0,0,0,0,0,0,0,0,0,0,0,0,2,0,0,0,0,0,0
00912 features=708 size=11 p=5 tap=11 reset=true scheme=3 ops=0,3,2,2,3,0,0,0,3,0,1,1,0,3,0,0,3,0,0,2,3,2,0,0,0,0,0,0,0,0,0,0,3,2,3,2,2,2,3,0,0,2,2,3,3,2,3,2,2,3,0,3,3,2,2,2,2,0,2,3,0,0,3,1 ks=1,0,255,0,0,0,0,255,0,0,98,223,166,0,0,0,0,0,0,0,0,1,0,0,0,0,0,0,0,0,0,0,0,64,0,0,0,0,0,0,255,0,0,0,0,128,0,0,0,0,0,0,0,0,0,0,0,108,0,0,0,0,0,0
00913 features=672 size=7 p=5 tap=11 reset=false scheme=3 ops=0,3,2,2,3,0,0,0,3,0,3,3,0,3,0,0,3,0,0,2,3,2,0,0,0,0,0,0,0,0,0,0,3,3,3,2,2,2,3,0,0,2,2,3,2,2,3,2,2,3,0,3,3,2,2,2,2,0,2,3,0,0,3,0 ks=0,0,255,0,0,0,0,255,0,0,34,223,0,0,0,0,0,0,0,0,0,0,0,0,0,0,0,0,0,0,0,0,0,127,0,0,0,0,0,0,255,0,0,0,0,0,0,0,0,0,0,0,0,0,0,0,0,2,0,0,0,0,0,0
00914 features=759 size=7 p=5 tap=11 reset=false scheme=3 ops=0,3,0,2,3,0,0,0,3,0,2,1,2,3,0,0,3,0,0,0,3,2,0,2,0,0,2,2,2,2,0,2,0,0,0,1,2,2,3,0,0,2,2,3,2,2,3,2,2,3,0,3,3,2,2,2,2,0,2,3,0,0,3,0 ks=0,0,255,0,0,0,0,255,0,0,0,0,0,0,0,2,0,0,0,0,0,0,0,0,0,0,0,0,0,0,0,0,0,0,0,236,0,0,0,0,0,0,0,0,127,0,0,0,0,0,0,0,0,0,0,3,0,108,0,0,0,0,0,0
00915 features=731 size=12 p=5 tap=11 reset=false scheme=4 ops=0,3,2,2,3,0,0,0,3,0,2,2,2,3,0,0,3,0,0,0,3,1,0,2,2,3,2,2,0,2,3,3,0,0,3,2,2,2,3,2,2,2,2,3,2,2,3,2,2,3,0,3,3,2,2,3,3,3,2,3,0,0,3,0 ks=0,0,255,0,0,0,0,255,0,0,0,0,0,0,0,0,0,0,0,0,252,0,0,64,0,0,254,0,0,2,253,0,0,0,53,0,0,105,0,0,0,0,0,0,0,0,108,0,0,0,0,0,0,3,0,0,0,0,0,0,0,8,0,0
00916 features=723 size=7 p=5 tap=11 reset=true scheme=3 ops=0,3,2,2,3,0,0,0,3,0,1,2,2,3,0,0,3,3,0,2,3,2,0,0,0,0,0,0,0,0,0,0,3,0,3,2,2,2,3,0,0,2,2,3,2,2,3,2,2,3,0,3,3,2,2,2,2,0,2,3,0,0,3,0 ks=0,0,255,0,0,0,0,255,0,0,34,0,0,0,0,0,0,0,0,0,0,0,0,0,0,0,0,0,0,0,0,0,0,0,0,0,0,1,0,0,255,0,0,0,0,0,0,0,0,0,0,0,0,0,0,128,0,108,0,0,0,0,0,0
00917 features=551 size=13 p=5 tap=11 reset=false scheme=3 ops=0,3,2,2,3,0,0,0,3,0,1,2,2,3,0,0,3,0,0,2,3,2,0,3,1,3,3,3,3,3,3,3,3,3,3,2,2,2,3,0,2,2,2,3,2,2,3,2,2,3,0,3,3,2,2,2,2,0,2,3,2,0,3,0 ks=0,0,255,0,0,0,0,185,0,255,0,0,2,0,0,0,4,0,0,0,0,0,0,0,0,0,0,0,0,0,0,0,0,177,0,0,0,0,176,2,0,0,0,0,0,0,0,255,0,0,0,0,0,0,0,255,61,108,0,3,0,0,0,0
00918 features=635 size=16 p=5 tap=11 reset=false scheme=4 ops=0,3,2,2,3,0,0,0,3,0,1,1,0,3,0,0,3,0,1,2,3,2,0,0,0,3,0,0,0,0,0,0,3,0,3,2,0,2,3,0,0,2,2,3,2,2,3,2,3,3,0,3,3,2,2,2,2,0,2,3,0,1,3,0 ks=141,8,255,0,0,0,0,255,0,0,34,223,0,0,127,0,0,0,0,64,0,0,0,0,0,0,0,48,0,0,32,0,0,127,0,0,0,0,0,0,255,0,0,0,0,0,0,127,213,0,0,0,0,0,0,0,0,3,0,2,0,0,0,0
00919 features=439 size=12 p=5 tap=11 reset=false scheme=3 ops=0,3,2,2,3,0,0,0,3,0,1,1,0,3,0,0,3,0,0,0,3,3,0,3,3,0,3,3,0,3,3,3,3,0,3,2,2,2,3,0,0,2,2,3,3,2,3,2,0,3,0,3,3,2,2,3,2,0,2,3,0,0,3,1 ks=0,0,255,0,0,0,0,255,0,0,34,223,166,0,0,0,0,0,0,0,0,0,0,0,0,0,0,0,0,0,0,0,0,64,0,0,0,0,0,255,255,0,0,0,0,0,0,0,0,0,0,0,0,0,0,0,254,2,0,0,255,0,0,254
00920 features=848 size=14 p=5 tap=11 reset=true scheme=3 ops=0,3,2,2,3,0,0,0,3,0,1,1,0,3,0,0,3,0,0,2,3,2,0,0,0,0,0,3,0,2,0,0,3,0,3,2,3,2,3,0,0,2,2,3,3,2,3,2,2,3,0,3,3,2,2,2,2,0,2,3,0,0,3,0 ks=1,0,255,0,0,0,0,255,0,0,98,223,166,4,0,61,0,0,0,0,0,0,0,0,0,0,0,0,0,0,0,0,0,64,255,0,0,0,0,0,255,0,0,0,134,0,0,0,0,127,0,0,0,0,0,0,0,108,0,0,0,0,0,0
00921 features=749 size=4 p=5 tap=59 reset=true scheme=3 ops=0,3,2,2,3,0,0,0,3,0,2,2,2,3,0,2,3,0,0,2,3,2,0,0,0,0,0,0,0,0,0,0,3,0,3,2,2,2,3,0,0,2,2,3,2,2,3,2,0,3,0,3,0,3,2,0,0,0,2,3,0,0,3,3 ks=0,128,0,0,0,0,0,255,0,0,0,0,0,0,0,0,0,0,0,0,0,0,0,0,0,0,0,0,0,0,255,0,0,0,0,0,0,0,0,0,0,0,0,0,0,0,0,0,0,0,0,0,0,0,0,0,0,0,163,0,0,0,0,0
00922 features=691 size=9 p=5 tap=11 reset=false scheme=3 ops=0,3,2,2,3,0,0,0,3,0,2,2,2,3,0,0,3,0,0,3,3,2,0,2,2,3,2,2,0,2,3,3,0,0,3,1,2,2,3,0,0,2,2,3,2,2,3,2,2,1,0,3,3,2,2,3,2,0,2,3,1,0,3,0 ks=0,0,255,0,0,0,0,0,0,0,0,0,0,0,0,2,0,0,0,0,0,0,0,64,0,0,0,0,0,0,0,0,0,0,0,0,0,0,0,0,255,0,0,0,0,0,0,0,0,128,0,0,0,2,0,253,32,108,0,0,0,0,0,0
00923 features=674 size=6 p=5 tap=16 reset=false scheme=3 ops=3,3,3,2,3,0,0,0,3,0,2,2,2,3,0,0,3,0,0,2,3,3,0,2,2,1,2,2,0,2,3,3,3,0,3,2,2,2,3,0,0,2,2,3,2,2,3,2,2,3,0,3,3,0,2,2,3,0,2,2,0,2,3,0 ks=245,0,253,0,0,0,0,0,0,0,0,0,0,0,0,0,236,0,0,0,0,0,0,0,0,0,0,0,0,0,0,0,0,0,2,0,0,0,0,0,0,0,0,0,0,0,0,0,0,0,0,0,2,0,0,0,0,108,0,0,0,0,0,0
00924 features=642 size=10 p=5 tap=11 reset=false scheme=3 ops=0,3,2,2,3,0,0,0,3,0,2,2,2,3,0,0,3,0,0,2,3,2,0,2,2,3,2,2,0,2,3,3,3,0,3,2,2,2,3,3,0,0,0,3,2,0,1,0,3,3,0,3,3,2,2,2,2,0,2,3,0,0,3,0 ks=0,0,255,0,0,0,0,255,0,0,2,0,2,0,0,0,27,0,0,0,0,0,0,253,0,0,0,0,0,0,0,0,0,0,0,0,0,0,0,42,0,0,2,0,0,0,0,0,0,0,0,0,0,0,16,0,0,108,0,0,0,0,0,0
00925 features=932 size=18 p=5 tap=35 reset=true scheme=3 ops=0,3,2,2,3,0,0,0,3,0,2,2,2,3,0,0,3,0,0,2,3,2,0,2,2,3,2,2,0,2,3,3,3,0,3,2,2,2,3,0,0,2,2,3,0,1,1,1,0,3,0,0,2,3,2,3,0,0,2,0,2,0,2,0 ks=0,0,255,0,0,0,0,255,0,255,0,0,2,0,0,0,0,0,0,23,0,0,0,0,0,0,0,0,0,0,0,0,2,0,2,0,0,87,0,196,38,94,141,148,0,77,7,96,0,0,127,0,1,0,0,0,0,0,0,0,0,0,0,0
00926 features=800 size=11 p=5 tap=11 reset=true scheme=3 ops=0,3,2,2,3,0,0,0,3,0,2,2,2,3,0,0,3,3,0,3,3,2,0,2,2,3,2,2,0,2,3,3,3,0,3,2,2,2,3,0,0,2,2,3,2,2,3,2,2,3,0,3,3,2,2,2,2,0,2,3,1,0,3,2 ks=0,0,39,2,0,0,0,255,0,0,0,0,0,0,0,0,0,0,0,0,0,0,0,0,0,0,0,0,0,0,0,0,32,0,0,0,0,0,172,1,0,0,2,0,2,0,0,0,0,16,0,0,0,0,16,0,0,108,0,0,0,0,0,0
00927 features=934 size=12 p=5 tap=35 reset=true scheme=3 ops=0,3,2,2,3,0,0,0,3,3,2,2,2,3,0,0,3,0,0,2,0,2,0,2,2,3,2,2,0,2,3,3,3,0,3,2,2,2,3,0,0,2,2,3,0,1,1,1,2,3,0,3,1,2,2,2,2,0,2,3,0,0,3,0 ks=0,0,0,0,0,0,0,0,254,255,0,0,2,0,0,0,0,0,0,23,0,0,0,0,0,0,0,0,0,0,0,0,253,0,2,0,0,4,0,0,0,0,0,0,0,77,0,0,166,0,143,0,0,0,0,0,0,108,0,0,0,0,0,140
00928 features=547 size=12 p=5 tap=11 reset=false scheme=3 ops=0,3,2,2,3,0,0,0,3,0,1,2,2,3,0,0,3,0,0,2,3,2,0,3,3,3,3,3,3,3,3,3,3,3,3,2,2,2,3,0,0,2,2,3,2,2,3,2,2,3,0,3,3,2,2,2,2,0,2,2,0,0,3,0 ks=0,0,255,235,0,0,0,255,0,255,0,0,2,0,0,0,4,255,0,0,0,0,0,0,0,0,0,0,0,0,0,0,0,0,0,1,0,0,138,0,0,0,0,0,0,0,0,0,0,0,0,0,0,0,0,0,61,108,0,0,128,0,0,0
00929 features=753 size=9 p=5 tap=11 reset=false scheme=3 ops=0,3,0,2,3,0,0,0,3,0,2,1,2,3,0,0,3,0,0,0,3,2,0,2,0,0,2,2,2,2,0,2,0,0,0,1,2,2,3,0,0,2,2,3,2,2,3,2,2,3,0,3,3,2,2,2,2,0,2,3,0,0,3,0 ks=0,0,255,0,0,0,0,255,0,0,0,0,0,0,0,2,0,0,0,0,0,0,0,0,0,0,255,0,0,0,0,0,0,0,0,236,0,0,0,0,0,4,0,0,127,0,0,0,0,0,0,0,0,0,0,3,0,108,0,0,0,0,0,0
00930 features=922 size=17 p=5 tap=35 reset=true scheme=3 ops=0,3,2,2,3,0,0,0,3,3,2,2,2,3,0,0,3,0,0,2,0,2,0,2,2,3,2,2,0,2,3,3,3,0,3,2,2,2,3,0,0,2,2,3,0,1,0,1,2,3,0,3,1,2,2,2,2,0,2,3,0,0,1,0 ks=0,254,0,255,0,0,0,0,55,255,0,0,2,16,1,0,0,0,0,23,0,0,0,0,0,0,0,0,0,215,0,0,253,0,2,0,0,4,0,0,0,0,0,0,0,77,0,0,166,0,143,0,0,0,0,0,0,218,0,0,0,0,0,140
00931 features=898 size=17 p=5 tap=35 reset=true scheme=3 ops=0,3,2,2,3,0,0,0,3,3,2,2,2,3,0,2,3,0,0,2,0,2,0,2,2,3,2,2,0,2,3,3,0,0,3,2,2,2,3,0,0,2,2,3,0,1,0,1,2,3,0,3,1,2,2,2,2,0,2,2,0,3,3,2 ks=0,252,0,0,0,2,0,0,55,255,0,0,2,16,1,0,0,230,0,23,0,0,0,0,0,0,0,0,0,215,0,0,253,0,2,0,0,4,0,0,0,0,0,0,0,77,0,0,166,0,143,0,0,143,0,0,0,0,0,0,0,0,0,0
00932 features=607 size=9 p=5 tap=11 reset=false scheme=3 ops=0,3,2,2,3,0,0,0,3,0,2,2,2,3,0,0,3,0,0,2,3,2,0,2,2,3,2,2,0,2,3,3,3,0,3,2,2,2,3,0,0,2,2,3,2,2,3,2,0,3,0,3,3,1,2,2,2,0,2,3,0,3,3,0 ks=0,18,254,0,0,0,0,255,0,0,0,0,2,0,0,0,0,0,0,0,0,0,255,0,0,0,0,0,0,0,0,0,0,0,0,0,0,0,0,0,0,16,0,0,0,0,0,0,0,0,127,0,0,0,15,0,0,108,0,0,0,0,0,0
00933 features=803 size=16 p=5 tap=11 reset=true scheme=3 ops=0,3,2,2,3,0,0,0,3,0,3,3,3,1,0,1,3,1,1,2,3,2,0,0,0,0,0,0,0,0,0,0,3,0,3,2,2,2,3,0,0,2,2,3,3,2,3,2,2,3,0,3,3,2,2,2,2,0,2,3,0,0,3,0 ks=14,0,255,0,0,0,0,255,0,0,0,145,127,229,50,140,126,149,2,0,0,0,0,0,0,0,0,0,0,0,0,0,0,64,0,0,0,254,0,0,255,0,0,0,0,0,0,0,0,0,0,0,0,0,0,0,0,108,0,0,32,0,0,0
00934 features=862 size=12 p=5 tap=35 reset=true scheme=3 ops=0,3,2,2,3,0,0,0,3,0,2,2,2,3,0,0,3,0,0,2,3,2,0,2,2,3,2,2,0,2,3,3,3,0,3,2,2,2,3,0,0,2,2,3,2,2,3,2,2,3,0,0,2,3,2,3,0,0,2,0,2,0,2,0 ks=0,0,255,0,0,0,0,255,0,255,0,0,2,0,0,0,0,0,0,23,0,0,0,0,0,0,0,0,0,0,0,0,2,0,2,0,0,87,0,196,38,94,0,0,0,0,0,0,0,0,0,0,1,0,0,0,0,0,0,0,0,0,0,0
00935 features=901 size=17 p=5 tap=35 reset=true scheme=3 ops=0,3,2,2,3,0,0,0,3,3,2,2,2,3,0,0,3,0,0,2,0,2,0,2,2,3,2,2,0,2,3,3,3,0,3,2,2,2,3,0,0,2,2,3,0,1,0,1,2,3,0,3,1,2,2,2,2,0,2,3,0,3,1,0 ks=0,254,0,255,0,0,0,0,55,255,0,0,2,16,1,0,0,0,0,23,0,0,0,0,0,0,0,0,0,215,0,0,253,0,2,0,0,4,0,0,0,0,0,0,0,77,0,0,166,0,143,0,0,0,0,0,0,218,0,0,0,0,0,140
00936 features=687 size=8 p=5 tap=11 reset=false scheme=3 ops=0,3,2,2,3,0,0,0,3,0,2,2,0,3,0,1,3,0,0,2,3,2,0,2,0,1,2,2,0,0,3,2,0,0,0,1,2,2,3,0,0,3,0,3,3,0,3,0,3,3,0,3,3,1,2,2,2,0,2,3,1,0,3,0 ks=0,252,255,0,0,0,0,255,0,0,0,42,0,0,254,0,0,0,0,0,0,0,0,0,0,0,0,0,0,0,0,0,0,0,0,236,0,0,0,0,0,0,1,0,0,0,0,0,0,0,0,0,0,0,0,3,0,0,0,0,0,0,0,0
00937 features=628 size=5 p=5 tap=11 reset=false scheme=3 ops=0,3,2,2,3,0,0,0,3,0,2,1,2,3,0,0,3,0,0,2,3,2,0,2,0,0,2,2,2,2,0,3,3,0,3,2,2,2,3,0,0,2,2,3,2,2,3,2,2,3,0,3,3,2,2,2,2,0,2,3,0,0,3,0 ks=0,0,255,255,0,0,0,255,0,0,0,0,0,0,0,0,0,0,0,0,0,0,0,0,0,0,0,0,0,0,0,0,0,0,0,0,0,0,0,0,0,0,0,0,127,0,0,0,0,0,0,0,0,0,0,0,0,108,0,0,0,0,0,0
00938 features=856 size=15 p=5 tap=35 reset=true scheme=3 ops=0,3,3,0,3,0,0,0,3,0,3,0,3,3,0,0,3,0,0,3,3,1,0,1,3,3,1,3,0,3,3,3,2,0,3,1,0,3,3,0,0,1,1,3,3,1,1,2,0,3,0,3,1,3,1,0,0,0,1,3,0,0,3,0 ks=0,0,255,0,0,0,0,0,0,255,0,0,0,0,0,0,0,0,0,22,8,0,0,0,0,0,0,0,0,0,4,0,0,0,2,0,0,87,250,196,3,94,141,148,1,77,0,0,0,0,0,0,0,0,0,0,0,0,0,0,0,0,0,0
00939 features=937 size=13 p=5 tap=35 reset=true scheme=3 ops=0,3,2,2,3,0,0,0,3,3,2,2,2,3,0,0,3,0,0,2,0,2,0,2,2,3,2,2,0,2,3,3,3,0,3,2,2,2,3,0,0,2,2,3,3,1,1,1,2,3,0,3,1,2,2,2,2,0,2,3,0,0,3,0 ks=0,0,1,0,0,0,0,0,252,255,0,0,2,0,1,0,0,0,0,23,0,0,0,0,0,0,0,0,0,0,0,0,253,0,2,0,0,0,0,0,0,0,0,0,0,77,0,0,166,0,143,0,0,0,0,0,0,108,0,0,0,0,0,140
00940 features=931 size=15 p=5 tap=35 reset=true scheme=3 ops=0,3,2,2,3,0,0,0,3,3,2,2,2,3,0,0,3,0,0,2,0,2,0,2,2,3,2,2,0,2,3,3,3,0,3,2,2,1,3,0,0,2,2,3,0,1,0,1,2,3,0,3,1,2,0,2,2,0,2,3,0,0,3,0 ks=0,0,0,0,0,0,0,0,55,255,0,0,2,128,1,0,0,0,0,23,0,0,0,0,0,0,0,0,0,215,0,0,253,0,2,0,0,4,0,0,0,0,0,0,0,0,0,0,166,0,143,0,0,0,0,0,0,108,0,2,0,0,0,140
00941 features=840 size=7 p=5 tap=11 reset=true scheme=3 ops=0,3,2,2,3,0,0,0,3,0,2,2,2,3,0,1,3,0,0,2,3,2,0,2,2,3,2,2,0,2,3,3,3,0,3,2,2,2,3,0,0,2,2,3,2,2,3,2,2,2,0,3,3,2,2,2,2,0,2,3,0,0,3,0 ks=0,0,255,0,0,0,0,255,0,0,0,0,0,0,0,2,0,0,0,0,0,0,0,0,0,0,0,0,0,0,0,0,1,0,0,0,0,0,0,0,2,0,0,0,0,0,0,0,0,2,0,0,0,0,0,0,0,6,0,0,0,0,0,0
00942 features=875 size=13 p=5 tap=35 reset=true scheme=3 ops=0,3,3,0,2,0,0,0,3,0,3,0,3,3,0,0,3,0,0,3,3,1,0,1,3,3,1,3,0,3,3,3,2,0,3,1,0,3,3,0,0,1,1,3,3,1,1,2,0,3,0,3,1,3,1,0,0,0,1,3,0,0,3,0 ks=0,0,255,0,0,0,0,0,0,255,0,0,0,0,0,0,0,0,0,23,8,0,0,0,0,0,0,0,0,0,0,0,0,0,2,0,0,87,250,196,3,94,141,148,0,77,0,0,0,0,0,0,0,0,0,0,0,0,0,0,0,0,0,0
00943 features=839 size=13 p=5 tap=35 reset=true scheme=3 ops=0,3,2,2,3,0,0,0,3,3,2,2,2,3,0,0,3,0,0,2,0,2,0,2,2,3,2,2,0,2,3,3,3,0,3,2,2,2,3,0,0,2,2,3,2,2,1,1,2,3,0,3,1,2,2,1,1,0,1,2,1,0,3,0 ks=0,0,255,0,0,2,0,0,0,255,0,0,2,0,1,0,0,0,0,23,0,0,0,0,0,0,0,0,0,0,0,0,0,0,2,0,0,0,0,0,0,0,0,0,127,0,128,0,0,0,0,0,0,0,76,0,0,138,0,122,0,0,0,140
00944 features=820 size=11 p=5 tap=11 reset=true scheme=3 ops=0,3,2,2,3,0,0,0,3,0,1,1,0,3,0,0,3,0,0,2,3,2,0,1,2,3,2,0,0,0,0,0,3,0,3,2,2,2,3,0,0,0,2,3,3,2,3,2,2,3,0,3,3,2,2,2,2,0,2,3,3,0,3,0 ks=1,0,255,0,0,0,0,255,0,0,98,223,166,0,0,4,0,0,0,0,0,0,0,0,0,0,4,0,0,0,0,0,0,64,0,0,0,253,0,0,0,0,0,0,0,0,0,0,0,0,0,0,0,0,0,0,0,108,0,0,0,0,0,0
00945 features=765 size=12 p=5 tap=11 reset=true scheme=3 ops=0,3,2,2,3,0,0,0,3,0,2,1,0,3,0,0,3,0,0,2,3,2,0,2,2,3,2,2,0,2,3,3,2,0,3,2,2,2,3,0,0,2,2,3,2,2,3,2,2,3,0,3,3,2,2,2,2,0,2,3,0,0,3,0 ks=254,0,255,0,0,0,0,255,0,0,0,223,166,0,0,0,0,0,0,253,0,0,0,0,0,0,0,0,0,0,0,0,0,0,0,253,0,0,0,0,255,0,253,0,0,0,0,0,0,128,0,0,0,0,0,128,0,108,0,0,0,0,0,0
00946 features=315 size=3 p=5 tap=35 reset=true scheme=3 ops=1,3,3,1,3,3,3,1,3,3,3,1,1,3,1,3,3,3,1,1,3,1,1,3,1,3,1,3,3,3,3,3,3,1,3,1,1,3,3,1,1,1,1,3,3,1,1,1,3,3,1,3,1,1,1,1,3,1,3,3,1,1,3,1 ks=0,0,0,0,0,0,0,0,0,0,0,0,0,0,0,0,0,0,0,23,0,0,0,0,0,0,0,0,0,0,0,0,0,0,2,0,0,0,0,0,255,0,0,0,0,0,0,0,0,0,0,0,0,0,0,0,0,0,0,0,0,0,0,0
00947 features=471 size=12 p=5 tap=11 reset=false scheme=2 ops=0,3,3,3,3,0,0,0,3,0,1,1,0,3,3,0,3,0,0,0,3,0,0,3,0,3,0,0,0,0,3,3,3,0,3,3,2,0,3,3,0,0,0,3,2,0,3,0,3,3,0,3,3,0,3,3,3,0,0,3,0,0,3,0 ks=0,0,0,0,0,0,0,255,0,0,2,223,166,0,0,0,0,16,0,0,0,0,0,0,0,0,22,0,0,0,0,0,0,0,253,0,0,0,46,42,0,0,0,0,231,0,0,0,0,0,0,0,0,0,0,0,0,2,0,0,0,0,2,0
00948 features=530 size=7 p=5 tap=11 reset=false scheme=3 ops=2,3,2,2,3,2,2,2,3,2,2,2,2,3,2,3,3,2,1,2,3,2,2,2,2,3,2,2,2,2,3,3,3,3,3,2,2,2,3,2,2,2,2,3,2,2,3,2,2,3,3,3,3,2,2,2,2,2,2,2,2,3,3,2 ks=0,0,0,0,0,0,0,255,0,0,0,0,0,0,0,0,0,0,0,0,0,0,0,0,0,0,0,0,0,0,0,0,0,0,0,16,0,105,0,0,0,0,0,0,0,0,128,127,213,0,0,0,0,0,0,0,0,0,0,0,0,0,0,158
00949 features=567 size=13 p=5 tap=11 reset=false scheme=3 ops=0,3,2,2,3,0,0,0,3,0,1,2,2,3,0,0,3,0,0,2,3,2,0,3,1,3,3,3,3,3,3,3,3,3,3,2,2,2,3,0,2,2,2,3,2,2,3,2,2,3,0,3,3,2,2,2,2,0,2,3,2,0,3,0 ks=0,0,255,0,0,0,0,185,0,255,0,0,6,0,0,0,4,0,0,0,0,0,0,0,0,0,0,0,0,0,0,0,0,177,0,0,0,0,176,2,0,0,0,0,0,0,0,255,0,0,0,0,0,0,0,255,61,108,0,3,0,0,0,0
00950 features=803 size=18 p=5 tap=11 reset=true scheme=3 ops=0,2,2,2,3,0,0,0,3,0,3,3,3,1,0,1,3,1,1,2,3,2,0,0,0,0,1,0,0,0,0,0,3,0,3,2,2,2,3,0,0,2,2,3,3,2,3,2,2,3,0,3,3,2,2,2,2,0,2,3,0,0,3,0 ks=14,0,255,0,0,0,0,255,0,0,0,145,127,229,50,140,126,149,2,0,0,0,0,0,0,0,1,0,0,0,0,0,254,64,0,0,0,254,0,0,255,0,0,0,0,0,0,0,0,0,0,0,0,0,0,0,0,108,0,0,32,0,0,0
00951 features=707 size=6 p=5 tap=16 reset=false scheme=2 ops=3,3,1,2,3,0,0,0,3,0,2,2,2,3,0,0,3,0,0,2,3,3,0,2,2,1,2,2,0,2,3,3,3,0,3,2,2,2,3,0,1,2,2,3,2,2,3,2,2,3,0,3,3,0,2,2,3,0,2,2,0,2,3,0 ks=245,0,253,0,0,0,0,0,0,0,0,0,0,0,0,0,236,0,0,0,0,0,0,0,0,0,0,0,0,0,0,0,0,0,2,0,0,0,0,0,0,0,0,0,0,0,0,0,0,0,0,0,2,0,0,0,0,108,0,0,0,0,0,0
00952 features=549 size=9 p=5 tap=11 reset=false scheme=3 ops=0,3,2,2,3,0,0,0,3,0,1,2,2,3,0,0,3,0,0,2,3,2,0,3,3,3,3,3,3,3,3,3,3,2,3,2,2,2,3,0,0,2,2,3,2,2,3,2,2,3,0,3,3,2,2,2,2,0,2,3,2,0,3,0 ks=0,0,255,0,0,0,0,0,0,255,0,0,2,0,0,0,4,0,0,0,0,0,0,0,0,0,0,0,0,0,0,0,0,0,0,0,1,0,255,0,2,0,0,0,0,0,0,0,0,0,0,0,0,0,0,0,61,108,0,0,0,0,0,0
00953 features=639 size=13 p=5 tap=11 reset=false scheme=2 ops=0,3,2,2,3,0,0,0,3,0,1,1,0,3,0,0,3,0,0,2,3,2,0,0,0,0,0,0,0,0,0,0,3,0,3,2,0,2,1,0,0,2,2,3,2,2,3,2,2,3,0,3,3,2,2,2,2,0,2,3,0,0,3,2 ks=0,8,255,0,0,0,0,255,0,0,34,223,0,0,255,0,0,0,0,0,0,0,0,1,0,0,0,48,0,0,32,0,0,127,0,0,0,0,0,0,255,0,0,0,0,0,0,0,0,0,0,0,0,0,0,0,0,3,0,2,0,0,0,0
00954 features=662 size=13 p=5 tap=11 reset=false scheme=3 ops=0,3,2,2,3,0,0,0,3,0,2,2,2,3,0,0,3,0,0,2,3,2,0,2,2,3,2,2,0,2,3,1,0,0,3,2,2,2,3,0,0,2,2,3,2,2,3,2,2,3,0,3,3,2,2,3,3,0,2,3,0,0,3,0 ks=0,0,255,0,0,0,0,255,0,255,0,0,2,0,0,0,0,0,0,0,0,0,255,64,0,0,0,0,0,0,0,0,0,0,0,0,0,4,0,0,255,127,0,0,0,0,108,0,0,1,0,0,0,2,0,0,0,108,0,0,0,0,0,0
00955 features=772 size=12 p=5 tap=11 reset=true scheme=3 ops=0,3,2,2,3,0,0,0,3,0,3,1,0,3,0,0,3,0,0,2,3,2,0,3,0,0,0,0,0,1,0,0,3,0,3,2,2,2,3,0,0,2,2,3,2,2,3,2,2,3,0,3,3,2,2,2,2,0,2,3,0,0,3,0 ks=0,0,255,0,0,0,0,255,0,0,34,223,0,0,0,0,0,0,0,128,0,0,0,0,0,0,1,0,0,0,0,0,0,127,0,0,0,0,0,0,255,0,0,0,0,124,0,0,0,128,0,0,0,1,0,0,0,2,0,0,0,0,0,0
00956 features=896 size=16 p=5 tap=35 reset=true scheme=3 ops=0,3,2,2,3,0,0,0,3,0,2,2,2,3,0,2,3,0,0,2,0,2,0,2,2,3,2,2,0,2,3,3,0,0,3,2,2,2,3,0,0,2,2,3,0,1,0,1,2,3,0,3,1,2,2,2,2,0,2,2,0,3,3,2 ks=0,0,0,0,0,0,0,255,0,0,0,0,2,16,1,0,0,230,0,23,0,0,0,0,0,0,0,0,0,215,0,0,253,89,2,0,0,4,9,0,0,0,0,0,0,77,0,0,166,0,143,0,0,143,0,0,0,0,0,0,0,0,0,0
00957 features=843 size=5 p=5 tap=35 reset=true scheme=3 ops=0,3,2,2,3,0,0,0,3,0,2,2,3,3,0,0,3,0,0,3,3,1,0,1,3,3,3,3,3,3,2,3,2,0,3,1,2,2,3,0,0,2,2,3,1,2,3,2,2,3,0,3,3,2,2,2,2,0,2,3,0,0,3,0 ks=0,0,0,0,0,0,0,0,0,0,0,0,0,0,0,0,0,0,0,23,0,0,0,0,0,0,0,0,0,0,0,0,0,0,2,0,0,0,0,0,0,0,0,0,4,0,0,0,0,127,0,0,0,0,0,0,0,108,0,0,0,0,0,0
00958 features=791 size=10 p=5 tap=11 reset=true scheme=3 ops=0,3,2,2,3,0,0,0,3,0,1,1,0,3,0,0,3,0,0,2,3,2,0,0,0,0,0,0,0,0,3,0,3,0,3,2,2,2,3,0,0,2,2,3,3,2,3,2,0,3,0,3,3,2,2,2,2,0,2,3,0,0,3,0 ks=1,0,255,171,0,0,0,255,0,0,111,0,166,0,0,0,0,0,0,0,0,0,0,0,0,0,0,0,0,0,0,0,0,64,0,0,0,0,0,0,255,0,0,0,0,0,0,0,0,0,0,0,0,0,0,0,0,108,0,0,236,0,0,0
00959 features=671 size=11 p=5 tap=16 reset=false scheme=3 ops=3,3,3,2,3,0,0,2,3,0,2,2,2,3,0,0,1,0,0,2,3,3,0,2,2,1,2,2,0,2,3,3,3,0,3,2,2,2,3,0,0,2,2,3,2,2,3,2,2,3,0,3,3,0,2,2,3,0,2,2,0,2,3,1 ks=245,0,253,0,0,0,0,0,0,0,0,0,0,0,0,255,43,0,0,255,0,0,0,0,0,0,0,0,0,0,0,0,0,0,2,0,0,0,0,0,0,0,0,0,0,6,0,0,0,0,0,0,2,0,1,0,0,108,0,0,0,0,0,158
00960 features=808 size=8 p=5 tap=11 reset=true scheme=3 ops=0,3,2,2,3,0,0,0,3,0,1,1,3,3,3,3,3,3,0,2,3,2,3,2,2,3,2,2,0,2,3,3,3,0,0,2,2,2,1,0,0,2,2,3,2,2,3,2,2,3,0,3,3,2,2,2,2,0,2,3,0,0,3,0 ks=253,0,255,2,0,0,0,0,0,0,0,0,0,0,0,0,0,0,0,0,0,0,0,0,0,0,0,0,0,0,0,0,0,0,0,0,0,0,114,0,0,0,2,0,0,0,0,0,0,0,0,254,0,0,16,0,0,108,0,0,0,0,0,0
00961 features=755 size=9 p=5 tap=11 reset=true scheme=3 ops=0,3,1,2,3,0,3,2,3,0,2,2,2,3,0,1,3,0,0,2,3,2,0,2,2,3,1,2,0,2,3,3,3,0,3,2,2,2,3,0,0,2,2,3,3,2,3,2,0,3,0,3,3,2,2,2,2,0,2,3,0,0,3,0 ks=0,0,255,0,0,0,0,255,0,0,0,0,0,0,0,0,0,0,2,0,254,0,0,0,0,0,0,0,0,0,0,0,0,0,0,0,64,0,254,0,255,0,0,0,0,0,0,0,0,0,0,0,0,2,0,128,0,0,0,0,0,0,0,0
00962 features=840 size=12 p=5 tap=11 reset=true scheme=3 ops=0,3,2,2,0,0,0,0,3,0,1,1,3,3,3,3,3,0,0,2,3,2,0,2,0,3,2,2,0,2,3,3,3,1,1,2,2,2,0,0,2,2,2,3,2,2,1,2,2,3,0,3,3,2,2,2,2,0,2,3,2,0,3,0 ks=0,0,255,2,163,0,0,0,0,0,0,0,0,0,0,0,0,255,0,16,0,0,0,239,0,0,0,0,84,0,0,0,0,255,0,0,19,0,0,0,0,0,194,0,0,0,255,0,0,0,0,0,0,0,0,0,0,0,0,0,0,5,0,0
00963 features=820 size=5 p=5 tap=35 reset=true scheme=3 ops=0,3,2,2,3,0,0,0,3,0,3,0,3,3,0,0,3,0,0,3,3,1,0,1,3,3,1,3,0,3,2,3,2,0,3,1,2,2,3,0,0,2,2,0,1,1,1,1,0,3,0,3,1,3,1,0,0,0,1,3,0,0,3,0 ks=0,0,0,0,0,0,0,0,0,255,0,0,0,0,0,0,0,0,0,23,0,0,0,0,0,0,0,0,0,0,0,0,0,0,2,0,0,0,0,0,0,0,0,0,4,0,0,0,0,0,0,0,0,0,0,0,0,0,0,1,0,0,0,0
00964 features=570 size=15 p=5 tap=11 reset=false scheme=3 ops=0,3,3,2,3,0,3,0,3,0,1,1,0,3,0,0,3,0,0,2,3,2,0,0,0,0,0,2,0,2,3,0,3,0,3,2,2,2,3,0,0,2,2,3,3,2,3,2,0,3,0,3,3,2,2,2,3,1,2,3,0,0,3,1 ks=1,0,255,0,0,0,0,255,0,127,0,223,166,0,0,0,0,0,4,0,0,0,0,0,0,0,0,0,0,0,0,0,0,64,4,0,0,0,0,0,255,209,252,0,0,0,0,0,0,0,0,255,0,0,0,0,0,2,254,0,0,0,0,0
00965 features=669 size=12 p=5 tap=11 reset=false scheme=3 ops=0,3,2,2,3,0,0,0,3,0,1,3,0,3,0,0,3,0,0,2,3,2,0,2,2,3,2,2,0,2,3,3,3,0,3,2,2,2,3,0,0,2,2,3,2,2,3,2,1,3,0,3,3,2,2,2,2,0,2,3,0,0,3,0 ks=0,0,255,0,0,0,0,255,0,0,98,0,0,0,0,0,0,0,0,113,0,0,0,0,0,0,0,0,0,0,0,0,2,0,0,4,0,0,0,0,0,0,0,0,0,127,0,0,0,0,255,0,0,228,0,3,0,108,0,0,0,255,0,0
00966 features=672 size=12 p=5 tap=11 reset=false scheme=2 ops=0,0,2,2,3,0,0,0,3,0,1,1,0,3,0,0,3,0,0,2,3,2,0,0,0,0,0,0,0,0,0,0,3,0,3,2,0,2,1,0,0,2,2,3,2,2,3,2,2,3,0,3,3,2,2,2,2,0,2,3,0,0,3,0 ks=0,8,255,0,0,0,0,255,0,0,34,223,0,0,255,0,0,0,0,0,0,0,0,0,0,0,0,48,0,0,32,0,0,127,0,0,0,0,0,0,255,0,0,0,0,0,0,0,0,0,0,0,0,0,0,0,0,3,0,2,0,0,0,0
00967 features=593 size=13 p=5 tap=11 reset=false scheme=3 ops=0,3,2,2,3,0,0,0,3,0,0,2,2,3,0,0,3,0,0,2,3,2,0,3,0,3,3,3,3,3,3,3,3,3,3,2,2,2,3,0,2,2,2,3,2,2,3,2,2,3,0,3,3,2,2,2,2,0,2,3,2,0,3,0 ks=0,0,255,0,0,0,0,185,0,255,0,0,2,0,0,0,4,0,0,0,0,0,0,0,0,0,0,0,0,0,0,0,0,177,0,0,0,0,176,2,0,0,0,0,0,0,0,255,0,0,0,0,0,0,0,255,61,108,0,3,0,0,0,0
00968 features=618 size=10 p=5 tap=11 reset=false scheme=3 ops=0,3,2,2,3,0,0,0,3,0,1,1,0,3,0,0,3,0,0,2,3,2,0,0,0,0,0,0,0,0,0,0,3,0,3,2,2,2,3,0,0,2,2,3,3,2,3,2,2,3,0,3,3,2,2,2,2,0,2,3,0,0,3,0 ks=155,0,255,0,0,0,0,0,0,0,98,223,166,0,0,0,0,0,0,0,0,1,0,0,0,0,0,0,0,0,0,0,0,64,0,0,0,0,0,0,255,0,0,0,0,128,0,0,0,0,0,0,0,0,0,0,0,108,0,0,0,0,0,0
00969 features=680 size=12 p=5 tap=11 reset=false scheme=3 ops=0,3,2,2,3,0,0,0,3,0,1,3,0,3,0,0,3,0,0,2,3,2,0,2,2,3,2,2,0,2,3,3,2,0,3,2,2,2,3,0,0,2,2,3,2,2,3,2,1,3,0,3,3,2,2,2,2,0,2,3,0,0,3,0 ks=0,0,255,0,0,0,0,255,0,0,98,0,0,0,0,0,0,0,0,113,0,0,0,0,0,0,0,0,0,0,0,0,2,0,0,4,0,0,0,0,0,0,0,0,0,127,0,0,0,0,255,0,0,228,0,3,0,108,0,0,0,255,0,0
00970 features=743 size=7 p=5 tap=11 reset=false scheme=3 ops=0,3,2,2,3,0,0,0,3,0,2,1,2,3,0,0,3,0,0,2,3,2,0,2,0,0,2,2,2,2,0,2,0,0,0,1,2,2,3,0,0,2,2,3,2,2,3,2,2,3,0,3,3,2,2,2,2,0,2,3,0,0,3,0 ks=0,2,255,0,0,0,0,255,0,0,0,0,0,0,0,0,0,0,0,0,0,0,0,0,0,0,0,0,0,0,0,0,0,0,0,236,0,0,0,0,0,0,0,0,127,0,0,0,0,0,0,0,0,0,0,3,0,108,0,0,0,0,0,0
00971 features=821 size=9 p=5 tap=11 reset=true scheme=3 ops=0,3,2,2,3,0,0,0,3,0,2,2,2,3,0,0,3,0,0,2,3,2,0,2,2,3,2,0,0,2,3,3,3,0,3,2,2,2,3,0,0,2,2,3,2,2,3,2,2,3,0,3,3,2,2,2,2,0,2,3,0,0,3,0 ks=0,0,255,0,0,0,0,255,0,0,0,0,0,0,0,0,0,0,0,0,0,9,255,0,0,0,0,1,0,0,0,0,0,0,0,0,0,0,0,84,0,0,0,0,0,0,254,0,0,0,0,0,0,0,0,128,0,76,0,0,0,0,0,0
00972 features=753 size=5 p=5 tap=2 reset=true scheme=3 ops=0,3,2,2,3,0,0,0,3,0,2,2,2,3,0,0,3,0,0,2,3,2,0,2,2,3,2,2,0,2,3,3,3,0,3,2,2,1,3,0,1,0,2,3,2,3,3,1,3,3,0,3,3,2,2,2,2,0,2,2,1,0,3,0 ks=0,4,183,0,0,0,0,255,0,0,0,0,0,0,0,0,0,0,0,0,0,0,0,0,0,0,0,0,0,128,0,0,0,0,0,0,0,0,0,0,0,0,0,0,0,0,0,0,0,0,0,0,0,0,0,0,0,0,220,0,0,0,0,0
00973 features=655 size=12 p=5 tap=11 reset=false scheme=3 ops=0,3,2,2,3,0,0,0,3,0,1,3,0,3,0,0,3,0,0,2,3,2,0,2,2,3,2,2,0,2,3,3,3,0,3,2,2,2,3,0,0,2,3,3,2,2,3,2,1,3,0,3,3,2,2,2,2,0,2,3,0,0,3,0 ks=0,0,255,0,0,0,0,255,0,0,98,0,0,0,0,0,0,0,0,113,0,0,0,0,0,0,0,0,201,0,0,0,2,0,0,0,0,0,0,0,0,0,0,0,0,127,0,0,0,0,255,0,0,228,0,3,0,108,0,0,0,255,0,0
00974 features=507 size=5 p=5 tap=11 reset=false scheme=3 ops=0,3,2,2,3,0,0,0,3,0,1,2,2,3,0,0,3,0,0,2,3,2,0,3,3,3,3,3,3,3,3,3,3,3,3,2,2,2,3,0,0,2,2,3,2,2,3,2,2,3,0,3,3,2,2,2,2,0,2,3,2,0,3,3 ks=0,0,255,0,0,0,0,0,0,255,0,252,2,0,0,0,4,0,0,0,0,0,0,0,0,0,0,0,0,0,0,0,0,0,0,0,0,0,0,0,0,0,0,0,0,0,0,0,0,0,0,0,0,0,0,0,0,0,0,0,0,0,0,0
00975 features=757 size=11 p=5 tap=11 reset=true scheme=3 ops=0,3,2,2,3,2,0,2,3,0,2,2,0,3,0,0,3,0,0,2,3,2,0,2,2,3,2,2,0,2,3,3,3,0,3,2,2,2,1,0,0,2,2,3,2,2,3,2,2,3,0,3,3,2,2,2,2,0,2,3,0,0,3,0 ks=0,0,255,255,0,0,0,255,0,0,0,0,64,0,0,0,0,0,0,0,8,0,0,0,0,0,0,0,0,16,0,0,0,0,0,0,0,0,0,254,0,0,253,0,0,0,0,0,0,0,0,0,0,0,16,0,0,0,0,0,32,0,0,1
00976 features=919 size=13 p=5 tap=35 reset=true scheme=3 ops=0,3,2,2,3,0,0,0,3,3,2,2,2,3,0,0,3,0,0,2,0,2,0,2,2,3,2,2,0,2,3,3,3,0,3,2,2,2,3,0,0,2,2,3,0,1,1,1,2,3,0,3,1,2,2,2,2,0,2,3,0,0,3,0 ks=0,0,255,0,0,0,0,0,252,255,0,0,2,0,1,0,0,0,0,23,0,0,0,0,0,0,0,0,0,0,0,0,253,0,2,0,0,0,0,0,0,0,0,0,0,77,0,0,166,0,143,0,0,0,0,0,0,121,0,0,0,0,0,140
00977 features=846 size=9 p=5 tap=11 reset=true scheme=3 ops=0,3,2,2,3,0,0,0,3,0,2,2,2,3,0,0,3,0,0,2,3,2,0,2,2,3,2,2,0,2,3,3,3,0,3,2,2,2,3,0,0,2,2,3,2,2,3,2,2,3,0,3,3,2,2,2,2,0,2,3,0,0,3,0 ks=0,0,255,0,0,0,0,255,0,0,0,249,0,0,0,0,0,0,0,0,0,0,0,0,0,0,0,0,0,0,127,0,0,0,0,255,0,0,0,0,0,0,0,0,0,0,0,0,0,255,0,0,0,0,0,128,0,108,0,1,0,0,0,0
00978 features=701 size=12 p=5 tap=11 reset=false scheme=3 ops=1,3,2,2,3,0,0,0,3,0,1,1,2,3,0,3,3,0,0,2,3,2,0,2,1,2,3,1,0,3,3,3,3,0,3,2,2,2,3,0,0,2,2,0,2,2,3,2,2,3,0,3,1,2,2,2,2,0,2,0,0,0,3,3 ks=0,0,0,0,0,0,0,0,0,0,98,0,1,0,0,0,0,0,0,0,0,0,0,0,0,0,0,0,0,0,241,0,0,0,0,0,0,0,0,0,0,0,252,1,16,0,0,0,0,0,255,0,0,0,0,0,0,2,8,254,1,106,0,0
00979 features=381 size=6 p=1 tap=11 reset=false scheme=3 ops=1,3,0,3,0,0,1,1,3,1,3,0,3,3,0,3,3,3,1,1,3,3,1,3,0,3,3,0,0,0,3,3,3,3,3,0,2,3,3,1,0,0,1,3,1,3,3,1,0,3,3,3,3,3,1,0,1,0,1,3,0,3,3,1 ks=0,0,0,0,0,0,0,0,0,0,0,0,0,0,0,0,0,0,0,0,0,0,0,0,0,0,0,0,0,0,0,0,0,0,0,0,0,0,0,0,0,1,0,0,0,0,0,127,213,0,0,0,91,0,0,0,0,0,3,0,0,0,0,158
00980 features=740 size=13 p=10 tap=11 reset=true scheme=3 ops=0,3,0,0,3,0,0,0,3,0,0,3,0,3,0,0,3,0,3,0,3,3,0,3,0,3,0,0,0,3,3,3,3,0,3,0,3,3,3,0,0,3,0,3,3,0,3,0,3,3,0,3,3,0,0,3,3,0,3,3,0,0,3,0 ks=0,0,255,0,237,0,0,255,0,0,0,0,0,0,0,0,209,0,0,128,0,0,0,0,0,0,0,224,0,252,0,0,0,0,0,0,0,0,0,0,0,0,1,0,0,0,0,0,0,1,52,0,0,0,0,130,0,108,0,1,0,0,0,0
00981 features=800 size=10 p=5 tap=11 reset=true scheme=3 ops=0,3,3,3,3,0,0,0,3,0,1,1,0,3,0,0,3,0,0,2,3,2,0,2,2,3,2,2,0,2,3,2,3,0,3,2,2,2,3,0,0,2,2,3,2,2,3,2,2,3,0,3,3,2,2,2,2,0,2,3,0,0,3,0 ks=0,0,0,0,0,0,0,255,0,0,34,223,166,0,2,0,0,0,3,0,0,0,0,0,0,0,0,0,0,0,0,0,0,0,169,0,124,0,0,0,0,0,252,0,0,0,0,0,0,0,0,0,0,0,0,0,0,2,0,0,0,0,0,0
00982 features=689 size=12 p=5 tap=11 reset=false scheme=1 ops=0,3,2,2,3,0,0,0,3,0,1,2,2,3,1,0,3,0,1,2,3,2,0,2,2,3,2,2,0,2,3,3,3,0,3,2,2,2,3,1,0,2,2,3,2,2,3,2,2,3,0,3,3,2,2,2,2,0,2,3,0,0,3,0 ks=0,0,255,255,0,0,0,255,0,0,0,0,2,0,0,0,0,230,0,0,8,0,0,39,0,0,0,0,0,0,0,0,128,0,0,0,0,0,0,0,0,0,0,0,0,0,246,0,0,0,0,0,0,0,16,0,0,108,3,0,0,0,0,0
00983 features=652 size=11 p=5 tap=11 reset=false scheme=3 ops=0,3,2,2,3,0,0,0,3,0,1,1,0,3,3,0,3,0,0,2,3,2,0,0,0,0,0,2,0,0,0,0,3,0,3,2,2,2,3,0,0,2,2,3,3,2,3,2,2,3,0,3,3,2,2,2,2,0,2,3,0,0,3,0 ks=1,0,255,0,0,0,223,3,0,0,34,223,166,0,0,0,0,0,0,0,0,0,0,0,0,0,0,0,0,0,0,0,0,0,0,0,0,0,0,0,255,0,0,0,0,0,67,0,0,0,0,0,0,0,0,0,0,108,4,0,0,0,0,0
00984 features=918 size=18 p=5 tap=35 reset=true scheme=3 ops=0,3,2,2,3,0,0,0,3,3,2,2,2,3,0,0,3,2,0,2,0,2,0,2,2,3,2,2,0,2,3,3,3,0,3,2,2,2,3,0,0,2,2,3,0,1,0,1,2,3,0,3,1,2,2,2,2,0,2,3,0,0,1,0 ks=204,254,0,255,0,0,0,0,55,255,0,0,2,16,1,0,0,0,0,23,0,0,0,0,0,0,0,0,0,215,0,0,253,0,2,0,0,4,0,0,0,0,0,0,0,77,0,0,166,0,143,0,0,0,0,0,0,218,0,0,0,0,0,140
00985 features=926 size=15 p=5 tap=35 reset=true scheme=3 ops=0,3,2,2,3,0,0,0,3,3,2,2,2,3,0,0,3,0,0,2,0,2,0,2,2,3,2,2,0,2,3,3,2,0,3,2,2,1,3,0,0,2,2,3,0,1,0,1,2,3,0,3,1,2,0,2,2,0,2,3,0,0,3,0 ks=0,0,0,0,0,0,0,0,55,255,0,0,2,128,1,0,0,0,0,23,0,0,0,0,0,0,0,0,0,215,0,0,253,0,2,0,0,4,0,0,0,0,0,0,0,0,0,0,166,0,143,0,0,0,0,0,0,108,0,2,0,0,0,140
00986 features=760 size=12 p=5 tap=11 reset=true scheme=3 ops=0,0,2,2,3,0,0,1,3,0,1,1,0,3,0,2,3,0,0,2,3,2,0,0,0,0,0,0,0,0,0,0,3,0,3,2,2,2,3,0,0,2,2,3,3,2,3,1,2,3,0,3,3,2,2,2,2,0,2,3,0,0,3,3 ks=1,0,253,0,0,0,0,0,0,0,98,0,0,0,0,0,0,0,0,0,0,0,2,0,0,0,0,0,0,0,0,0,0,0,0,0,0,0,0,0,255,3,0,0,0,253,0,128,0,0,20,0,0,0,0,0,0,2,0,255,0,0,32,0
00987 features=790 size=8 p=5 tap=11 reset=true scheme=3 ops=0,3,2,2,3,0,0,0,3,0,2,2,2,3,0,0,3,0,0,2,3,2,0,2,2,3,2,2,0,2,3,3,3,0,3,2,2,2,3,0,0,2,2,3,2,2,3,2,2,3,0,3,3,2,2,2,1,0,2,3,0,0,3,0 ks=0,0,255,0,0,0,0,255,0,254,0,0,2,0,0,0,0,0,0,0,0,0,0,0,0,0,0,0,0,0,0,0,0,0,0,0,0,0,0,1,0,0,2,0,0,0,0,0,0,0,0,0,0,0,16,0,0,108,0,0,0,0,0,0
00988 features=883 size=6 p=5 tap=35 reset=true scheme=3 ops=0,3,2,2,3,0,0,0,3,0,2,2,2,3,0,0,3,0,0,2,3,2,0,2,2,3,2,2,0,2,2,3,3,0,3,2,2,2,3,0,0,2,2,3,0,1,1,1,2,3,0,3,1,2,2,2,2,0,2,3,0,0,0,0 ks=0,0,0,0,0,0,0,0,0,255,0,0,0,0,0,0,0,112,0,0,0,0,0,128,0,0,0,0,0,0,0,0,32,0,2,0,0,0,0,0,3,0,0,0,0,0,0,0,0,0,0,0,0,0,0,0,0,0,0,0,0,0,0,0
00989 features=324 size=6 p=1 tap=11 reset=false scheme=3 ops=1,3,0,3,3,0,1,1,3,1,3,0,3,3,0,3,3,3,1,1,3,3,1,3,0,3,3,0,0,0,3,3,3,3,3,0,3,3,3,1,0,0,1,3,1,3,3,1,0,3,3,3,3,3,1,0,1,0,1,3,0,3,3,1 ks=0,0,0,0,0,0,0,255,0,0,0,0,0,0,0,0,0,0,0,0,0,0,0,0,0,0,0,0,0,0,0,0,0,0,0,0,0,0,0,0,0,1,0,0,0,0,0,127,213,0,8,0,0,0,254,0,0,0,0,0,0,0,0,0
00990 features=679 size=11 p=5 tap=16 reset=false scheme=3 ops=3,3,3,2,3,0,0,2,3,0,2,2,2,3,0,0,1,0,0,2,3,3,0,2,2,1,2,2,0,2,3,3,3,0,3,2,2,2,3,0,0,2,2,3,2,2,3,2,2,3,0,3,3,0,2,2,3,0,2,2,0,2,3,1 ks=245,0,253,0,0,0,0,0,0,0,0,0,0,0,0,0,43,0,0,255,0,0,0,0,0,0,0,0,0,0,0,0,0,0,221,0,0,0,0,0,0,0,0,0,0,10,0,0,0,0,0,0,2,0,1,0,0,108,0,0,16,0,0,158
00991 features=900 size=23 p=5 tap=35 reset=true scheme=3 ops=0,3,2,2,3,0,0,0,3,0,2,2,2,3,0,0,3,0,0,2,3,2,0,2,2,3,2,2,0,2,3,3,3,0,3,2,2,2,3,0,0,2,2,3,0,1,1,0,2,3,0,3,1,2,2,2,2,0,2,3,3,0,3,0 ks=0,0,255,0,0,0,0,255,0,0,0,0,2,0,0,0,0,0,0,235,8,0,0,0,0,0,0,0,0,0,0,0,254,0,2,0,0,87,250,196,3,94,141,0,0,77,7,0,168,252,143,144,1,0,19,0,0,108,0,0,4,0,0,0
00992 features=638 size=14 p=5 tap=11 reset=true scheme=3 ops=0,3,0,1,3,0,0,1,3,0,1,1,0,3,0,0,3,0,0,3,3,1,0,0,0,0,0,0,0,0,0,0,3,0,3,3,3,0,3,0,0,0,3,3,3,3,3,1,3,3,3,3,3,0,3,1,0,0,3,3,0,0,3,0 ks=1,0,255,0,0,0,0,0,0,0,98,0,0,0,254,0,0,0,0,0,0,0,2,0,0,0,0,0,0,0,0,0,0,65,0,0,124,0,0,1,255,252,1,0,0,0,0,0,0,0,0,0,0,0,0,0,0,108,1,0,0,254,0,0
00993 features=722 size=9 p=5 tap=11 reset=false scheme=3 ops=0,3,2,2,3,0,0,0,3,0,2,1,2,3,0,0,3,0,0,2,3,2,0,2,0,0,2,2,2,2,0,2,0,0,0,2,2,2,3,0,0,2,2,3,2,2,3,2,2,3,0,3,3,2,2,3,2,0,2,3,0,0,3,0 ks=208,0,255,0,0,0,0,255,0,0,240,0,0,0,0,0,0,0,0,0,0,0,0,0,0,0,0,0,0,0,0,0,0,0,0,0,0,0,0,0,0,0,0,0,127,0,0,255,208,0,20,0,0,0,0,0,0,108,0,0,0,0,0,0
00994 features=825 size=10 p=10 tap=11 reset=true scheme=3 ops=0,3,2,2,3,0,0,0,3,0,1,1,3,3,3,3,3,0,0,2,3,2,0,2,2,3,2,2,0,2,3,3,3,1,1,2,2,2,0,0,0,2,2,3,2,2,1,2,2,3,0,3,3,2,2,2,2,0,2,3,1,0,3,0 ks=0,0,255,2,163,0,0,0,0,0,0,0,0,0,0,0,0,0,0,16,0,0,0,0,0,0,0,0,84,0,0,0,0,0,0,0,19,0,0,40,0,0,127,0,0,0,255,0,0,0,0,0,0,0,0,0,0,0,0,0,0,5,0,0
00995 features=916 size=15 p=5 tap=35 reset=true scheme=3 ops=0,3,2,2,3,0,0,0,3,0,2,2,2,3,0,0,3,0,0,2,0,2,0,2,2,3,2,2,0,2,3,3,3,0,3,2,2,2,3,0,0,2,3,3,0,1,1,1,2,3,0,3,1,2,2,2,2,0,1,3,0,0,3,0 ks=0,0,0,0,0,128,0,0,252,0,0,0,0,255,1,4,0,0,0,23,0,0,0,0,0,0,0,0,0,0,0,8,1,76,2,0,0,0,0,0,0,0,0,0,0,77,0,0,166,0,143,0,0,0,0,0,0,108,0,0,0,0,0,140
00996 features=543 size=12 p=5 tap=11 reset=false scheme=3 ops=0,3,2,2,3,0,0,1,3,0,1,1,0,3,0,0,3,0,0,2,3,2,0,3,0,0,0,0,0,0,0,0,3,0,3,2,0,2,3,0,0,2,2,3,3,2,3,1,2,3,3,3,3,2,2,2,2,0,2,3,0,0,3,0 ks=1,0,255,0,0,0,0,0,0,0,102,0,0,0,254,0,0,0,0,0,0,0,2,0,0,0,0,0,0,0,0,0,0,127,0,0,0,0,0,0,255,252,0,0,0,0,0,0,0,0,0,0,0,0,0,16,0,108,1,0,0,254,0,0
00997 features=839 size=7 p=5 tap=11 reset=true scheme=3 ops=0,3,2,2,3,0,0,0,3,0,2,1,2,3,0,0,3,0,0,2,3,2,0,2,0,0,2,2,2,2,0,2,0,0,0,1,2,2,3,0,0,2,2,3,2,2,3,2,2,3,0,3,3,2,2,2,2,0,2,3,0,0,3,0 ks=0,0,255,0,0,0,0,255,0,0,0,0,4,0,0,0,0,0,0,0,0,0,0,0,0,0,0,0,0,0,0,0,0,0,0,236,0,0,0,0,0,0,0,0,127,0,0,0,0,0,0,0,0,0,0,3,0,108,0,0,0,0,0,0
00998 features=983 size=23 p=5 tap=35 reset=true scheme=3 ops=0,3,2,2,3,0,0,0,3,0,2,2,2,3,0,0,2,0,0,2,3,2,0,2,2,3,2,2,0,2,3,3,3,0,3,2,2,2,3,0,0,2,2,3,2,2,3,2,2,3,0,3,1,2,2,2,2,0,2,3,0,0,3,0 ks=0,0,255,0,16,0,0,0,0,251,0,0,2,0,1,0,0,0,0,23,8,0,0,0,3,0,255,0,0,0,0,0,4,4,2,0,4,128,250,196,3,0,2,0,0,0,0,0,0,0,0,144,181,0,16,1,0,108,0,0,0,0,0,0
