$GPRMC,101500.00,V,,,,,,,250926,,,N*72
$GPVTG,,,,,,,,,N*30
$GPGGA,101500.00,,,,,0,00,99.99,,,,,,*63
$GPGSA,A,3,02,05,12,13,15,18,24,25,,,,,2.01,1.01,1.73*0E
$GPGSV,3,1,10,02,45,120,38,05,30,045,35,12,70,300,42,13,15,210,29*7F
$GPGSV,3,2,10,15,55,080,40,18,20,330,31,24,35,170,36,25,60,020,41*7D
$GPGSV,3,3,10,29,05,260,,31,08,100,*79
$GPGLL,,,,,101500.00,V,N*4F
$GPRMC,101501.00,V,,,,,,,250926,,,N*73
$GPVTG,,,,,,,,,N*30
$GPGGA,101501.00,,,,,0,00,99.99,,,,,,*62
$GPGSA,A,3,02,05,12,13,15,18,24,25,,,,,2.01,1.01,1.73*0E
$GPGSV,3,1,10,02,45,120,38,05,30,045,35,12,70,300,42,13,15,210,29*7F
$GPGSV,3,2,10,15,55,080,40,18,20,330,31,24,35,170,36,25,60,020,41*7D
$GPGSV,3,3,10,29,05,260,,31,08,100,*79
$GPGLL,,,,,101501.00,V,N*4E
$GPRMC,101502.00,V,,,,,,,250926,,,N*70
$GPVTG,,,,,,,,,N*30
$GPGGA,101502.00,,,,,0,00,99.99,,,,,,*61
$GPGSA,A,3,02,05,12,13,15,18,24,25,,,,,2.01,1.01,1.73*0E
$GPGSV,3,1,10,02,45,120,38,05,30,045,35,12,70,300,42,13,15,210,29*7F
$GPGSV,3,2,10,15,55,080,40,18,20,330,31,24,35,170,36,25,60,020,41*7D
$GPGSV,3,3,10,29,05,260,,31,08,100,*79
$GPGLL,,,,,101502.00,V,N*4D
$GPRMC,101503.00,A,0120.78440,N,10348.99360,E,2.275,305.61,250926,,,A*66
$GPVTG,305.61,T,,M,2.275,N,4.213,K,A*3A
$GPGGA,101503.00,0120.78440,N,10348.99360,E,1,08,1.01,45.3,M,4.9,M,,*5A
$GPGSA,A,3,02,05,12,13,15,18,24,25,,,,,2.01,1.01,1.73*0E
$GPGSV,3,1,10,02,45,120,38,05,30,045,35,12,70,300,42,13,15,210,29*7F
$GPGSV,3,2,10,15,55,080,40,18,20,330,31,24,35,170,36,25,60,020,41*7D
$GPGSV,3,3,10,29,05,260,,31,08,100,*79
$GPGLL,0120.78440,N,10348.99360,E,101503.00,A,A*68
$GPRMC,101504.00,A,0120.78493,N,10348.99295,E,2.460,306.15,250926,,,A*66
$GPVTG,306.15,T,,M,2.460,N,4.556,K,A*3E
$GPGGA,101504.00,0120.78493,N,10348.99295,E,1,08,1.01,45.3,M,4.9,M,,*58
$GPGSA,A,3,02,05,12,13,15,18,24,25,,,,,2.01,1.01,1.73*0E
$GPGSV,3,1,10,02,45,120,38,05,30,045,35,12,70,300,42,13,15,210,29*7F
$GPGSV,3,2,10,15,55,080,40,18,20,330,31,24,35,170,36,25,60,020,41*7D
$GPGSV,3,3,10,29,05,260,,31,08,100,*79
$GPGLL,0120.78493,N,10348.99295,E,101504.00,A,A*6A
$GPRMC,101505.00,A,0120.78525,N,10348.99170,E,2.289,312.33,250926,,,A*63
$GPVTG,312.33,T,,M,2.289,N,4.240,K,A*3E
$GPGGA,101505.00,0120.78525,N,10348.99170,E,1,08,1.01,45.3,M,4.9,M,,*5D
$GPGSA,A,3,02,05,12,13,15,18,24,25,,,,,2.01,1.01,1.73*0E
$GPGSV,3,1,10,02,45,120,38,05,30,045,35,12,70,300,42,13,15,210,29*7F
$GPGSV,3,2,10,15,55,080,40,18,20,330,31,24,35,170,36,25,60,020,41*7D
$GPGSV,3,3,10,29,05,260,,31,08,100,*79
$GPGLL,0120.78525,N,10348.99170,E,101505.00,A,A*6F
$GPRMC,101506.00,A,0120.78622,N,10348.99188,E,2.662,306.10,250926,,,A*66
$GPVTG,306.10,T,,M,2.662,N,4.930,K,A*37
$GPGGA,101506.00,0120.78622,N,10348.99188,E,1,08,1.01,45.3,M,4.9,M,,*5D
$GPGSA,A,3,02,05,12,13,15,18,24,25,,,,,2.01,1.01,1.73*0E
$GPGSV,3,1,10,02,45,120,38,05,30,045,35,12,70,300,42,13,15,210,29*7F
$GPGSV,3,2,10,15,55,080,40,18,20,330,31,24,35,170,36,25,60,020,41*7D
$GPGSV,3,3,10,29,05,260,,31,08,100,*79
$GPGLL,0120.78622,N,10348.99188,E,101506.00,A,A*6F
$GPRMC,101507.00,A,0120.78703,N,10348.99085,E,2.597,305.93,250926,,,A*68
$GPVTG,305.93,T,,M,2.597,N,4.809,K,A*3D
$GPGGA,101507.00,0120.78703,N,10348.99085,E,1,08,1.01,45.3,M,4.9,M,,*52
$GPGSA,A,3,02,05,12,13,15,18,24,25,,,,,2.01,1.01,1.73*0E
$GPGSV,3,1,10,02,45,120,38,05,30,045,35,12,70,300,42,13,15,210,29*7F
$GPGSV,3,2,10,15,55,080,40,18,20,330,31,24,35,170,36,25,60,020,41*7D
$GPGSV,3,3,10,29,05,260,,31,08,100,*79
$GPGLL,0120.78703,N,10348.99085,E,101507.00,A,A*60
$GPRMC,101508.00,A,0120.78675,N,10348.99049,E,2.698,314.55,250926,,,A*61
$GPVTG,314.55,T,,M,2.698,N,4.997,K,A*3D
$GPGGA,101508.00,0120.78675,N,10348.99049,E,1,08,1.01,45.3,M,4.9,M,,*5D
$GPGSA,A,3,02,05,12,13,15,18,24,25,,,,,2.01,1.01,1.73*0E
$GPGSV,3,1,10,02,45,120,38,05,30,045,35,12,70,300,42,13,15,210,29*7F
$GPGSV,3,2,10,15,55,080,40,18,20,330,31,24,35,170,36,25,60,020,41*7D
$GPGSV,3,3,10,29,05,260,,31,08,100,*79
$GPGLL,0120.78675,N,10348.99049,E,101508.00,A,A*6F
$GPRMC,101509.00,A,0120.78740,N,10348.98910,E,2.927,316.37,250926,,,A*6E
$GPVTG,316.37,T,,M,2.927,N,5.422,K,A*32
$GPGGA,101509.00,0120.78740,N,10348.98910,E,1,08,1.01,45.3,M,4.9,M,,*5F
$GPGSA,A,3,02,05,12,13,15,18,24,25,,,,,2.01,1.01,1.73*0E
$GPGSV,3,1,10,02,45,120,38,05,30,045,35,12,70,300,42,13,15,210,29*7F
$GPGSV,3,2,10,15,55,080,40,18,20,330,31,24,35,170,36,25,60,020,41*7D
$GPGSV,3,3,10,29,05,260,,31,08,100,*79
$GPGLL,0120.78740,N,10348.98910,E,101509.00,A,A*6D
$GPRMC,101510.00,A,0120.78792,N,10348.98866,E,2.866,312.43,250926,,,A*6A
$GPVTG,312.43,T,,M,2.866,N,5.307,K,A*31
$GPGGA,101510.00,0120.78792,N,10348.98866,E,1,08,1.01,45.3,M,4.9,M,,*58
$GPGSA,A,3,02,05,12,13,15,18,24,25,,,,,2.01,1.01,1.73*0E
$GPGSV,3,1,10,02,45,120,38,05,30,045,35,12,70,300,42,13,15,210,29*7F
$GPGSV,3,2,10,15,55,080,40,18,20,330,31,24,35,170,36,25,60,020,41*7D
$GPGSV,3,3,10,29,05,260,,31,08,100,*79
$GPGLL,0120.78792,N,10348.98866,E,101510.00,A,A*6A
$GPRMC,101511.00,A,0120.78797,N,10348.98780,E,2.506,308.33,250926,,,A*6E
$GPVTG,308.33,T,,M,2.506,N,4.641,K,A*30
$GPGGA,101511.00,0120.78797,N,10348.98780,E,1,08,1.01,45.3,M,4.9,M,,*5B
$GPGSA,A,3,02,05,12,13,15,18,24,25,,,,,2.01,1.01,1.73*0E
$GPGSV,3,1,10,02,45,120,38,05,30,045,35,12,70,300,42,13,15,210,29*7F
$GPGSV,3,2,10,15,55,080,40,18,20,330,31,24,35,170,36,25,60,020,41*7D
$GPGSV,3,3,10,29,05,260,,31,08,100,*79
$GPGLL,0120.78797,N,10348.98780,E,101511.00,A,A*69
$GPRMC,101512.00,A,0120.78928,N,10348.98728,E,2.415,308.03,250926,,,A*65
$GPVTG,308.03,T,,M,2.415,N,4.473,K,A*33
$GPGGA,101512.00,0120.78928,N,10348.98728,E,1,08,1.01,45.3,M,4.9,M,,*50
$GPGSA,A,3,02,05,12,13,15,18,24,25,,,,,2.01,1.01,1.73*0E
$GPGSV,3,1,10,02,45,120,38,05,30,045,35,12,70,300,42,13,15,210,29*7F
$GPGSV,3,2,10,15,55,080,40,18,20,330,31,24,35,170,36,25,60,020,41*7D
$GPGSV,3,3,10,29,05,260,,31,08,100,*79
$GPGLL,0120.78928,N,10348.98728,E,101512.00,A,A*62
$GPRMC,101513.00,A,0120.78946,N,10348.98678,E,2.548,307.40,250926,,,A*69
$GPVTG,307.40,T,,M,2.548,N,4.719,K,A*3D
$GPGGA,101513.00,0120.78946,N,10348.98678,E,1,08,1.01,45.3,M,4.9,M,,*5D
$GPGSA,A,3,02,05,12,13,15,18,24,25,,,,,2.01,1.01,1.73*0E
$GPGSV,3,1,10,02,45,120,38,05,30,045,35,12,70,300,42,13,15,210,29*7F
$GPGSV,3,2,10,15,55,080,40,18,20,330,31,24,35,170,36,25,60,020,41*7D
$GPGSV,3,3,10,29,05,260,,31,08,100,*79
$GPGLL,0120.78946,N,10348.98678,E,101513.00,A,A*6F
$GPRMC,101514.00,A,0120.79061,N,10348.98636,E,2.715,303.87,250926,,,A*6C
$GPVTG,303.87,T,,M,2.715,N,5.028,K,A*3C
$GPGGA,101514.00,0120.79061,N,10348.98636,E,1,08,1.01,45.3,M,4.9,M,,*5D
$GPGSA,A,3,02,05,12,13,15,18,24,25,,,,,2.01,1.01,1.73*0E
$GPGSV,3,1,10,02,45,120,38,05,30,045,35,12,70,300,42,13,15,210,29*7F
$GPGSV,3,2,10,15,55,080,40,18,20,330,31,24,35,170,36,25,60,020,41*7D
$GPGSV,3,3,10,29,05,260,,31,08,100,*79
$GPGLL,0120.79061,N,10348.98636,E,101514.00,A,A*6F
$GPRMC,101515.00,A,0120.79036,N,10348.98539,E,2.366,311.65,250926,,,A*6C
$GPVTG,311.65,T,,M,2.366,N,4.382,K,A*31
$GPGGA,101515.00,0120.79036,N,10348.98539,E,1,08,1.01,45.3,M,4.9,M,,*52
$GPGSA,A,3,02,05,12,13,15,18,24,25,,,,,2.01,1.01,1.73*0E
$GPGSV,3,1,10,02,45,120,38,05,30,045,35,12,70,300,42,13,15,210,29*7F
$GPGSV,3,2,10,15,55,080,40,18,20,330,31,24,35,170,36,25,60,020,41*7D
$GPGSV,3,3,10,29,05,260,,31,08,100,*79
$GPGLL,0120.79036,N,10348.98539,E,101515.00,A,A*60
$GPRMC,101516.00,A,0120.79110,N,10348.98508,E,2.363,305.45,250926,,,A*6A
$GPVTG,305.45,T,,M,2.363,N,4.377,K,A*39
$GPGGA,101516.00,0120.79110,N,10348.98508,E,1,08,1.01,45.3,M,4.9,M,,*56
$GPGSA,A,3,02,05,12,13,15,18,24,25,,,,,2.01,1.01,1.73*0E
$GPGSV,3,1,10,02,45,120,38,05,30,045,35,12,70,300,42,13,15,210,29*7F
$GPGSV,3,2,10,15,55,080,40,18,20,330,31,24,35,170,36,25,60,020,41*7D
$GPGSV,3,3,10,29,05,260,,31,08,100,*79
$GPGLL,0120.79110,N,10348.98508,E,101516.00,A,A*64
$GPRMC,101517.00,A,0120.79146,N,10348.98430,E,2.718,316.50,250926,,,A*6C
$GPVTG,316.50,T,,M,2.718,N,5.033,K,A*35
$GPGGA,101517.00,0120.79146,N,10348.98430,E,1,08,1.01,45.3,M,4.9,M,,*5E
$GPGSA,A,3,02,05,12,13,15,18,24,25,,,,,2.01,1.01,1.73*0E
$GPGSV,3,1,10,02,45,120,38,05,30,045,35,12,70,300,42,13,15,210,29*7F
$GPGSV,3,2,10,15,55,080,40,18,20,330,31,24,35,170,36,25,60,020,41*7D
$GPGSV,3,3,10,29,05,260,,31,08,100,*79
$GPGLL,0120.79146,N,10348.98430,E,101517.00,A,A*6C
$GPRMC,101518.00,A,0120.79150,N,10348.98411,E,2.394,310.42,250926,,,A*62
$GPVTG,310.42,T,,M,2.394,N,4.433,K,A*35
$GPGGA,101518.00,0120.79150,N,10348.98411,E,1,08,1.01,45.3,M,4.9,M,,*55
$GPGSA,A,3,02,05,12,13,15,18,24,25,,,,,2.01,1.01,1.73*0E
$GPGSV,3,1,10,02,45,120,38,05,30,045,35,12,70,300,42,13,15,210,29*7F
$GPGSV,3,2,10,15,55,080,40,18,20,330,31,24,35,170,36,25,60,020,41*7D
$GPGSV,3,3,10,29,05,260,,31,08,100,*79
$GPGLL,0120.79150,N,10348.98411,E,101518.00,A,A*67
$GPRMC,101519.00,A,0120.79206,N,10348.98353,E,2.660,310.01,250926,,,A*6B
$GPVTG,310.01,T,,M,2.660,N,4.925,K,A*36
$GPGGA,101519.00,0120.79206,N,10348.98353,E,1,08,1.01,45.3,M,4.9,M,,*55
$GPGSA,A,3,02,05,12,13,15,18,24,25,,,,,2.01,1.01,1.73*0E
$GPGSV,3,1,10,02,45,120,38,05,30,045,35,12,70,300,42,13,15,210,29*7F
$GPGSV,3,2,10,15,55,080,40,18,20,330,31,24,35,170,36,25,60,020,41*7D
$GPGSV,3,3,10,29,05,260,,31,08,100,*79
$GPGLL,0120.79206,N,10348.98353,E,101519.00,A,A*67
$GPRMC,101520.00,A,0120.79229,N,10348.98328,E,2.295,307.71,250926,,,A*6F
$GPVTG,307.71,T,,M,2.295,N,4.250,K,A*30
$GPGGA,101520.00,0120.79229,N,10348.98328,E,1,08,1.01,45.3,M,4.9,M,,*5E
$GPGSA,A,3,02,05,12,13,15,18,24,25,,,,,2.01,1.01,1.73*0E
$GPGSV,3,1,10,02,45,120,38,05,30,045,35,12,70,300,42,13,15,210,29*7F
$GPGSV,3,2,10,15,55,080,40,18,20,330,31,24,35,170,36,25,60,020,41*7D
$GPGSV,3,3,10,29,05,260,,31,08,100,*79
$GPGLL,0120.79229,N,10348.98328,E,101520.00,A,A*6C
$GPRMC,101521.00,A,0120.79259,N,10348.98271,E,2.371,315.74,250926,,,A*69
$GPVTG,315.74,T,,M,2.371,N,4.391,K,A*31
$GPGGA,101521.00,0120.79259,N,10348.98271,E,1,08,1.01,45.3,M,4.9,M,,*55
$GPGSA,A,3,02,05,12,13,15,18,24,25,,,,,2.01,1.01,1.73*0E
$GPGSV,3,1,10,02,45,120,38,05,30,045,35,12,70,300,42,13,15,210,29*7F
$GPGSV,3,2,10,15,55,080,40,18,20,330,31,24,35,170,36,25,60,020,41*7D
$GPGSV,3,3,10,29,05,260,,31,08,100,*79
$GPGLL,0120.79259,N,10348.98271,E,101521.00,A,A*67
$GPRMC,101522.00,A,0120.79319,N,10348.98181,E,2.496,316.14,250926,,,A*68
$GPVTG,316.14,T,,M,2.496,N,4.623,K,A*36
$GPGGA,101522.00,0120.79319,N,10348.98181,E,1,08,1.01,45.3,M,4.9,M,,*5F
$GPGSA,A,3,02,05,12,13,15,18,24,25,,,,,2.01,1.01,1.73*0E
$GPGSV,3,1,10,02,45,120,38,05,30,045,35,12,70,300,42,13,15,210,29*7F
$GPGSV,3,2,10,15,55,080,40,18,20,330,31,24,35,170,36,25,60,020,41*7D
$GPGSV,3,3,10,29,05,260,,31,08,100,*79
$GPGLL,0120.79319,N,10348.98181,E,101522.00,A,A*6D
$GPRMC,101523.00,A,0120.79304,N,10348.98190,E,2.614,314.99,250926,,,A*6A
$GPVTG,314.99,T,,M,2.614,N,4.841,K,A*33
$GPGGA,101523.00,0120.79304,N,10348.98190,E,1,08,1.01,45.3,M,4.9,M,,*52
$GPGSA,A,3,02,05,12,13,15,18,24,25,,,,,2.01,1.01,1.73*0E
$GPGSV,3,1,10,02,45,120,38,05,30,045,35,12,70,300,42,13,15,210,29*7F
$GPGSV,3,2,10,15,55,080,40,18,20,330,31,24,35,170,36,25,60,020,41*7D
$GPGSV,3,3,10,29,05,260,,31,08,100,*79
$GPGLL,0120.79304,N,10348.98190,E,101523.00,A,A*60
$GPRMC,101524.00,A,0120.79419,N,10348.98019,E,2.285,310.45,250926,,,A*6F
$GPVTG,310.45,T,,M,2.285,N,4.231,K,A*37
$GPGGA,101524.00,0120.79419,N,10348.98019,E,1,08,1.01,45.3,M,4.9,M,,*5E
$GPGSA,A,3,02,05,12,13,15,18,24,25,,,,,2.01,1.01,1.73*0E
$GPGSV,3,1,10,02,45,120,38,05,30,045,35,12,70,300,42,13,15,210,29*7F
$GPGSV,3,2,10,15,55,080,40,18,20,330,31,24,35,170,36,25,60,020,41*7D
$GPGSV,3,3,10,29,05,260,,31,08,100,*79
$GPGLL,0120.79419,N,10348.98019,E,101524.00,A,A*6C
$GPRMC,101525.00,A,0120.79496,N,10348.98075,E,2.616,308.61,250926,,,A*62
$GPVTG,308.61,T,,M,2.616,N,4.844,K,A*3E
$GPGGA,101525.00,0120.79496,N,10348.98075,E,1,08,1.01,45.3,M,4.9,M,,*52
$GPGSA,A,3,02,05,12,13,15,18,24,25,,,,,2.01,1.01,1.73*0E
$GPGSV,3,1,10,02,45,120,38,05,30,045,35,12,70,300,42,13,15,210,29*7F
$GPGSV,3,2,10,15,55,080,40,18,20,330,31,24,35,170,36,25,60,020,41*7D
$GPGSV,3,3,10,29,05,260,,31,08,100,*79
$GPGLL,0120.79496,N,10348.98075,E,101525.00,A,A*60
$GPRMC,101526.00,A,0120.79540,N,10348.98026,E,2.291,305.84,250926,,,A*60
$GPVTG,305.84,T,,M,2.291,N,4.243,K,A*3E
$GPGGA,101526.00,0120.79540,N,10348.98026,E,1,08,1.01,45.3,M,4.9,M,,*5D
$GPGSA,A,3,02,05,12,13,15,18,24,25,,,,,2.01,1.01,1.73*0E
$GPGSV,3,1,10,02,45,120,38,05,30,045,35,12,70,300,42,13,15,210,29*7F
$GPGSV,3,2,10,15,55,080,40,18,20,330,31,24,35,170,36,25,60,020,41*7D
$GPGSV,3,3,10,29,05,260,,31,08,100,*79
$GPGLL,0120.79540,N,10348.98026,E,101526.00,A,A*6F
$GPRMC,101527.00,A,0120.79543,N,10348.97945,E,2.509,315.62,250926,,,A*6E
$GPVTG,315.62,T,,M,2.509,N,4.648,K,A*3E
$GPGGA,101527.00,0120.79543,N,10348.97945,E,1,08,1.01,45.3,M,4.9,M,,*5C
$GPGSA,A,3,02,05,12,13,15,18,24,25,,,,,2.01,1.01,1.73*0E
$GPGSV,3,1,10,02,45,120,38,05,30,045,35,12,70,300,42,13,15,210,29*7F
$GPGSV,3,2,10,15,55,080,40,18,20,330,31,24,35,170,36,25,60,020,41*7D
$GPGSV,3,3,10,29,05,260,,31,08,100,*79
$GPGLL,0120.79543,N,10348.97945,E,101527.00,A,A*6E
$GPRMC,101528.00,A,0120.79566,N,10348.97908,E,2.395,307.60,250926,,,A*6D
$GPVTG,307.60,T,,M,2.395,N,4.436,K,A*37
$GPGGA,101528.00,0120.79566,N,10348.97908,E,1,08,1.01,45.3,M,4.9,M,,*5D
$GPGSA,A,3,02,05,12,13,15,18,24,25,,,,,2.01,1.01,1.73*0E
$GPGSV,3,1,10,02,45,120,38,05,30,045,35,12,70,300,42,13,15,210,29*7F
$GPGSV,3,2,10,15,55,080,40,18,20,330,31,24,35,170,36,25,60,020,41*7D
$GPGSV,3,3,10,29,05,260,,31,08,100,*79
$GPGLL,0120.79566,N,10348.97908,E,101528.00,A,A*6F
$GPRMC,101529.00,A,0120.79668,N,10348.97877,E,2.577,314.99,250926,,,A*66
$GPVTG,314.99,T,,M,2.577,N,4.773,K,A*3B
$GPGGA,101529.00,0120.79668,N,10348.97877,E,1,08,1.01,45.3,M,4.9,M,,*58
$GPGSA,A,3,02,05,12,13,15,18,24,25,,,,,2.01,1.01,1.73*0E
$GPGSV,3,1,10,02,45,120,38,05,30,045,35,12,70,300,42,13,15,210,29*7F
$GPGSV,3,2,10,15,55,080,40,18,20,330,31,24,35,170,36,25,60,020,41*7D
$GPGSV,3,3,10,29,05,260,,31,08,100,*79
$GPGLL,0120.79668,N,10348.97877,E,101529.00,A,A*6A
$GPRMC,101530.00,A,0120.79665,N,10348.97808,E,2.673,304.64,250926,,,A*6F
$GPVTG,304.64,T,,M,2.673,N,4.951,K,A*31
$GPGGA,101530.00,0120.79665,N,10348.97808,E,1,08,1.01,45.3,M,4.9,M,,*55
$GPGSA,A,3,02,05,12,13,15,18,24,25,,,,,2.01,1.01,1.73*0E
$GPGSV,3,1,10,02,45,120,38,05,30,045,35,12,70,300,42,13,15,210,29*7F
$GPGSV,3,2,10,15,55,080,40,18,20,330,31,24,35,170,36,25,60,020,41*7D
$GPGSV,3,3,10,29,05,260,,31,08,100,*79
$GPGLL,0120.79665,N,10348.97808,E,101530.00,A,A*67
$GPRMC,101531.00,A,0120.79769,N,10348.97788,E,2.709,316.83,250926,,,A*62
$GPVTG,316.83,T,,M,2.709,N,5.018,K,A*32
$GPGGA,101531.00,0120.79769,N,10348.97788,E,1,08,1.01,45.3,M,4.9,M,,*5E
$GPGSA,A,3,02,05,12,13,15,18,24,25,,,,,2.01,1.01,1.73*0E
$GPGSV,3,1,10,02,45,120,38,05,30,045,35,12,70,300,42,13,15,210,29*7F
$GPGSV,3,2,10,15,55,080,40,18,20,330,31,24,35,170,36,25,60,020,41*7D
$GPGSV,3,3,10,29,05,260,,31,08,100,*79
$GPGLL,0120.79769,N,10348.97788,E,101531.00,A,A*6C
$GPRMC,101532.00,A,0120.79780,N,10348.97775,E,2.420,322.41,250926,,,A*65
$GPVTG,322.41,T,,M,2.420,N,4.482,K,A*35
$GPGGA,101532.00,0120.79780,N,10348.97775,E,1,08,1.01,45.3,M,4.9,M,,*58
$GPGSA,A,3,02,05,12,13,15,18,24,25,,,,,2.01,1.01,1.73*0E
$GPGSV,3,1,10,02,45,120,38,05,30,045,35,12,70,300,42,13,15,210,29*7F
$GPGSV,3,2,10,15,55,080,40,18,20,330,31,24,35,170,36,25,60,020,41*7D
$GPGSV,3,3,10,29,05,260,,31,08,100,*79
$GPGLL,0120.79780,N,10348.97775,E,101532.00,A,A*6A
$GPRMC,101533.00,A,0120.79891,N,10348.97754,E,2.392,299.44,250926,,,A*62
$GPVTG,299.44,T,,M,2.392,N,4.429,K,A*3E
$GPGGA,101533.00,0120.79891,N,10348.97754,E,1,08,1.01,45.3,M,4.9,M,,*55
$GPGSA,A,3,02,05,12,13,15,18,24,25,,,,,2.01,1.01,1.73*0E
$GPGSV,3,1,10,02,45,120,38,05,30,045,35,12,70,300,42,13,15,210,29*7F
$GPGSV,3,2,10,15,55,080,40,18,20,330,31,24,35,170,36,25,60,020,41*7D
$GPGSV,3,3,10,29,05,260,,31,08,100,*79
$GPGLL,0120.79891,N,10348.97754,E,101533.00,A,A*67
$GPRMC,101534.00,A,0120.79903,N,10348.97728,E,2.448,309.25,250926,,,A*6B
$GPVTG,309.25,T,,M,2.448,N,4.534,K,A*3C
$GPGGA,101534.00,0120.79903,N,10348.97728,E,1,08,1.01,45.3,M,4.9,M,,*53
$GPGSA,A,3,02,05,12,13,15,18,24,25,,,,,2.01,1.01,1.73*0E
$GPGSV,3,1,10,02,45,120,38,05,30,045,35,12,70,300,42,13,15,210,29*7F
$GPGSV,3,2,10,15,55,080,40,18,20,330,31,24,35,170,36,25,60,020,41*7D
$GPGSV,3,3,10,29,05,260,,31,08,100,*79
$GPGLL,0120.79903,N,10348.97728,E,101534.00,A,A*61
$GPRMC,101535.00,A,0120.79986,N,10348.97652,E,2.586,321.45,250926,,,A*64
$GPVTG,321.45,T,,M,2.586,N,4.788,K,A*36
$GPGGA,101535.00,0120.79986,N,10348.97652,E,1,08,1.01,45.3,M,4.9,M,,*53
$GPGSA,A,3,02,05,12,13,15,18,24,25,,,,,2.01,1.01,1.73*0E
$GPGSV,3,1,10,02,45,120,38,05,30,045,35,12,70,300,42,13,15,210,29*7F
$GPGSV,3,2,10,15,55,080,40,18,20,330,31,24,35,170,36,25,60,020,41*7D
$GPGSV,3,3,10,29,05,260,,31,08,100,*79
$GPGLL,0120.79986,N,10348.97652,E,101535.00,A,A*61
$GPRMC,101536.00,A,0120.80063,N,10348.97629,E,2.641,305.53,250926,,,A*66
$GPVTG,305.53,T,,M,2.641,N,4.890,K,A*39
$GPGGA,101536.00,0120.80063,N,10348.97629,E,1,08,1.01,45.3,M,4.9,M,,*58
$GPGSA,A,3,02,05,12,13,15,18,24,25,,,,,2.01,1.01,1.73*0E
$GPGSV,3,1,10,02,45,120,38,05,30,045,35,12,70,300,42,13,15,210,29*7F
$GPGSV,3,2,10,15,55,080,40,18,20,330,31,24,35,170,36,25,60,020,41*7D
$GPGSV,3,3,10,29,05,260,,31,08,100,*79
$GPGLL,0120.80063,N,10348.97629,E,101536.00,A,A*6A
$GPRMC,101537.00,A,0120.80031,N,10348.97514,E,2.526,310.34,250926,,,A*6A
$GPVTG,310.34,T,,M,2.526,N,4.679,K,A*37
$GPGGA,101537.00,0120.80031,N,10348.97514,E,1,08,1.01,45.3,M,4.9,M,,*53
$GPGSA,A,3,02,05,12,13,15,18,24,25,,,,,2.01,1.01,1.73*0E
$GPGSV,3,1,10,02,45,120,38,05,30,045,35,12,70,300,42,13,15,210,29*7F
$GPGSV,3,2,10,15,55,080,40,18,20,330,31,24,35,170,36,25,60,020,41*7D
$GPGSV,3,3,10,29,05,260,,31,08,100,*79
$GPGLL,0120.80031,N,10348.97514,E,101537.00,A,A*61
$GPRMC,101538.00,A,0120.80098,N,10348.97455,E,2.453,314.68,250926,,,A*6C
$GPVTG,314.68,T,,M,2.453,N,4.542,K,A*32
$GPGGA,101538.00,0120.80098,N,10348.97455,E,1,08,1.01,45.3,M,4.9,M,,*5B
$GPGSA,A,3,02,05,12,13,15,18,24,25,,,,,2.01,1.01,1.73*0E
$GPGSV,3,1,10,02,45,120,38,05,30,045,35,12,70,300,42,13,15,210,29*7F
$GPGSV,3,2,10,15,55,080,40,18,20,330,31,24,35,170,36,25,60,020,41*7D
$GPGSV,3,3,10,29,05,260,,31,08,100,*79
$GPGLL,0120.80098,N,10348.97455,E,101538.00,A,A*69
$GPRMC,101539.00,A,0120.80085,N,10348.97341,E,2.555,305.42,250926,,,A*6C
$GPVTG,305.42,T,,M,2.555,N,4.733,K,A*39
$GPGGA,101539.00,0120.80085,N,10348.97341,E,1,08,1.01,45.3,M,4.9,M,,*54
$GPGSA,A,3,02,05,12,13,15,18,24,25,,,,,2.01,1.01,1.73*0E
$GPGSV,3,1,10,02,45,120,38,05,30,045,35,12,70,300,42,13,15,210,29*7F
$GPGSV,3,2,10,15,55,080,40,18,20,330,31,24,35,170,36,25,60,020,41*7D
$GPGSV,3,3,10,29,05,260,,31,08,100,*79
$GPGLL,0120.80085,N,10348.97341,E,101539.00,A,A*66
$GPRMC,101540.00,A,0120.80171,N,10348.97309,E,2.740,308.30,250926,,,A*6A
$GPVTG,308.30,T,,M,2.740,N,5.075,K,A*33
$GPGGA,101540.00,0120.80171,N,10348.97309,E,1,08,1.01,45.3,M,4.9,M,,*5C
$GPGSA,A,3,02,05,12,13,15,18,24,25,,,,,2.01,1.01,1.73*0E
$GPGSV,3,1,10,02,45,120,38,05,30,045,35,12,70,300,42,13,15,210,29*7F
$GPGSV,3,2,10,15,55,080,40,18,20,330,31,24,35,170,36,25,60,020,41*7D
$GPGSV,3,3,10,29,05,260,,31,08,100,*79
$GPGLL,0120.80171,N,10348.97309,E,101540.00,A,A*6E
$GPRMC,101541.00,A,0120.80185,N,10348.97246,E,2.621,311.80,250926,,,A*6F
$GPVTG,311.80,T,,M,2.621,N,4.854,K,A*3C
$GPGGA,101541.00,0120.80185,N,10348.97246,E,1,08,1.01,45.3,M,4.9,M,,*5C
$GPGSA,A,3,02,05,12,13,15,18,24,25,,,,,2.01,1.01,1.73*0E
$GPGSV,3,1,10,02,45,120,38,05,30,045,35,12,70,300,42,13,15,210,29*7F
$GPGSV,3,2,10,15,55,080,40,18,20,330,31,24,35,170,36,25,60,020,41*7D
$GPGSV,3,3,10,29,05,260,,31,08,100,*79
$GPGLL,0120.80185,N,10348.97246,E,101541.00,A,A*6E
$GPRMC,101542.00,A,0120.80260,N,10348.97194,E,2.623,319.99,250926,,,A*6A
$GPVTG,319.99,T,,M,2.623,N,4.858,K,A*32
$GPGGA,101542.00,0120.80260,N,10348.97194,E,1,08,1.01,45.3,M,4.9,M,,*5B
$GPGSA,A,3,02,05,12,13,15,18,24,25,,,,,2.01,1.01,1.73*0E
$GPGSV,3,1,10,02,45,120,38,05,30,045,35,12,70,300,42,13,15,210,29*7F
$GPGSV,3,2,10,15,55,080,40,18,20,330,31,24,35,170,36,25,60,020,41*7D
$GPGSV,3,3,10,29,05,260,,31,08,100,*79
$GPGLL,0120.80260,N,10348.97194,E,101542.00,A,A*69
$GPRMC,101543.00,A,0120.80305,N,10348.97158,E,2.381,305.05,250926,,,A*6C
$GPVTG,305.05,T,,M,2.381,N,4.409,K,A*3F
$GPGGA,101543.00,0120.80305,N,10348.97158,E,1,08,1.01,45.3,M,4.9,M,,*58
$GPGSA,A,3,02,05,12,13,15,18,24,25,,,,,2.01,1.01,1.73*0E
$GPGSV,3,1,10,02,45,120,38,05,30,045,35,12,70,300,42,13,15,210,29*7F
$GPGSV,3,2,10,15,55,080,40,18,20,330,31,24,35,170,36,25,60,020,41*7D
$GPGSV,3,3,10,29,05,260,,31,08,100,*79
$GPGLL,0120.80305,N,10348.97158,E,101543.00,A,A*6A
$GPRMC,101544.00,A,0120.80377,N,10348.97141,E,2.318,309.79,250926,,,A*61
$GPVTG,309.79,T,,M,2.318,N,4.294,K,A*3A
$GPGGA,101544.00,0120.80377,N,10348.97141,E,1,08,1.01,45.3,M,4.9,M,,*52
$GPGSA,A,3,02,05,12,13,15,18,24,25,,,,,2.01,1.01,1.73*0E
$GPGSV,3,1,10,02,45,120,38,05,30,045,35,12,70,300,42,13,15,210,29*7F
$GPGSV,3,2,10,15,55,080,40,18,20,330,31,24,35,170,36,25,60,020,41*7D
$GPGSV,3,3,10,29,05,260,,31,08,100,*79
$GPGLL,0120.80377,N,10348.97141,E,101544.00,A,A*60
$GPRMC,101545.00,A,0120.80329,N,10348.97099,E,2.511,302.85,250926,,,A*68
$GPVTG,302.85,T,,M,2.511,N,4.650,K,A*31
$GPGGA,101545.00,0120.80329,N,10348.97099,E,1,08,1.01,45.3,M,4.9,M,,*5C
$GPGSA,A,3,02,05,12,13,15,18,24,25,,,,,2.01,1.01,1.73*0E
$GPGSV,3,1,10,02,45,120,38,05,30,045,35,12,70,300,42,13,15,210,29*7F
$GPGSV,3,2,10,15,55,080,40,18,20,330,31,24,35,170,36,25,60,020,41*7D
$GPGSV,3,3,10,29,05,260,,31,08,100,*79
$GPGLL,0120.80329,N,10348.97099,E,101545.00,A,A*6E
$GPRMC,101546.00,A,0120.80438,N,10348.97060,E,2.715,310.84,250926,,,A*6E
$GPVTG,310.84,T,,M,2.715,N,5.028,K,A*3D
$GPGGA,101546.00,0120.80438,N,10348.97060,E,1,08,1.01,45.3,M,4.9,M,,*5E
$GPGSA,A,3,02,05,12,13,15,18,24,25,,,,,2.01,1.01,1.73*0E
$GPGSV,3,1,10,02,45,120,38,05,30,045,35,12,70,300,42,13,15,210,29*7F
$GPGSV,3,2,10,15,55,080,40,18,20,330,31,24,35,170,36,25,60,020,41*7D
$GPGSV,3,3,10,29,05,260,,31,08,100,*79
$GPGLL,0120.80438,N,10348.97060,E,101546.00,A,A*6C
$GPRMC,101547.00,A,0120.80436,N,10348.97041,E,2.245,315.61,250926,,,A*6C
$GPVTG,315.61,T,,M,2.245,N,4.157,K,A*3B
$GPGGA,101547.00,0120.80436,N,10348.97041,E,1,08,1.01,45.3,M,4.9,M,,*52
$GPGSA,A,3,02,05,12,13,15,18,24,25,,,,,2.01,1.01,1.73*0E
$GPGSV,3,1,10,02,45,120,38,05,30,045,35,12,70,300,42,13,15,210,29*7F
$GPGSV,3,2,10,15,55,080,40,18,20,330,31,24,35,170,36,25,60,020,41*7D
$GPGSV,3,3,10,29,05,260,,31,08,100,*79
$GPGLL,0120.80436,N,10348.97041,E,101547.00,A,A*60
$GPRMC,101548.00,A,0120.80422,N,10348.97004,E,2.455,306.69,250926,,,A*6A
$GPVTG,306.69,T,,M,2.455,N,4.546,K,A*32
$GPGGA,101548.00,0120.80422,N,10348.97004,E,1,08,1.01,45.3,M,4.9,M,,*59
$GPGSA,A,3,02,05,12,13,15,18,24,25,,,,,2.01,1.01,1.73*0E
$GPGSV,3,1,10,02,45,120,38,05,30,045,35,12,70,300,42,13,15,210,29*7F
$GPGSV,3,2,10,15,55,080,40,18,20,330,31,24,35,170,36,25,60,020,41*7D
$GPGSV,3,3,10,29,05,260,,31,08,100,*79
$GPGLL,0120.80422,N,10348.97004,E,101548.00,A,A*6B
$GPRMC,101549.00,A,0120.80532,N,10348.96911,E,2.279,304.85,250926,,,A*6F
$GPVTG,304.85,T,,M,2.279,N,4.221,K,A*3C
$GPGGA,101549.00,0120.80532,N,10348.96911,E,1,08,1.01,45.3,M,4.9,M,,*54
$GPGSA,A,3,02,05,12,13,15,18,24,25,,,,,2.01,1.01,1.73*0E
$GPGSV,3,1,10,02,45,120,38,05,30,045,35,12,70,300,42,13,15,210,29*7F
$GPGSV,3,2,10,15,55,080,40,18,20,330,31,24,35,170,36,25,60,020,41*7D
$GPGSV,3,3,10,29,05,260,,31,08,100,*79
$GPGLL,0120.80532,N,10348.96911,E,101549.00,A,A*66
$GPRMC,101550.00,A,0120.80624,N,10348.96860,E,2.761,304.84,250926,,,A*69
$GPVTG,304.84,T,,M,2.761,N,5.114,K,A*35
$GPGGA,101550.00,0120.80624,N,10348.96860,E,1,08,1.01,45.3,M,4.9,M,,*5F
$GPGSA,A,3,02,05,12,13,15,18,24,25,,,,,2.01,1.01,1.73*0E
$GPGSV,3,1,10,02,45,120,38,05,30,045,35,12,70,300,42,13,15,210,29*7F
$GPGSV,3,2,10,15,55,080,40,18,20,330,31,24,35,170,36,25,60,020,41*7D
$GPGSV,3,3,10,29,05,260,,31,08,100,*79
$GPGLL,0120.80624,N,10348.96860,E,101550.00,A,A*6D
$GPRMC,101551.00,A,0120.80679,N,10348.96835,E,2.468,309.01,250926,,,A*6A
$GPVTG,309.01,T,,M,2.468,N,4.571,K,A*39
$GPGGA,101551.00,0120.80679,N,10348.96835,E,1,08,1.01,45.3,M,4.9,M,,*56
$GPGSA,A,3,02,05,12,13,15,18,24,25,,,,,2.01,1.01,1.73*0E
$GPGSV,3,1,10,02,45,120,38,05,30,045,35,12,70,300,42,13,15,210,29*7F
$GPGSV,3,2,10,15,55,080,40,18,20,330,31,24,35,170,36,25,60,020,41*7D
$GPGSV,3,3,10,29,05,260,,31,08,100,*79
$GPGLL,0120.80679,N,10348.96835,E,101551.00,A,A*64
$GPRMC,101552.00,A,0120.80711,N,10348.96778,E,2.572,312.54,250926,,,A*60
$GPVTG,312.54,T,,M,2.572,N,4.763,K,A*38
$GPGGA,101552.00,0120.80711,N,10348.96778,E,1,08,1.01,45.3,M,4.9,M,,*5C
$GPGSA,A,3,02,05,12,13,15,18,24,25,,,,,2.01,1.01,1.73*0E
$GPGSV,3,1,10,02,45,120,38,05,30,045,35,12,70,300,42,13,15,210,29*7F
$GPGSV,3,2,10,15,55,080,40,18,20,330,31,24,35,170,36,25,60,020,41*7D
$GPGSV,3,3,10,29,05,260,,31,08,100,*79
$GPGLL,0120.80711,N,10348.96778,E,101552.00,A,A*6E
$GPRMC,101553.00,A,0120.80770,N,10348.96757,E,2.742,311.95,250926,,,A*64
$GPVTG,311.95,T,,M,2.742,N,5.078,K,A*3B
$GPGGA,101553.00,0120.80770,N,10348.96757,E,1,08,1.01,45.3,M,4.9,M,,*57
$GPGSA,A,3,02,05,12,13,15,18,24,25,,,,,2.01,1.01,1.73*0E
$GPGSV,3,1,10,02,45,120,38,05,30,045,35,12,70,300,42,13,15,210,29*7F
$GPGSV,3,2,10,15,55,080,40,18,20,330,31,24,35,170,36,25,60,020,41*7D
$GPGSV,3,3,10,29,05,260,,31,08,100,*79
$GPGLL,0120.80770,N,10348.96757,E,101553.00,A,A*65
$GPRMC,101554.00,A,0120.80830,N,10348.96661,E,2.075,315.60,250926,,,A*61
$GPVTG,315.60,T,,M,2.075,N,3.844,K,A*37
$GPGGA,101554.00,0120.80830,N,10348.96661,E,1,08,1.01,45.3,M,4.9,M,,*5F
$GPGSA,A,3,02,05,12,13,15,18,24,25,,,,,2.01,1.01,1.73*0E
$GPGSV,3,1,10,02,45,120,38,05,30,045,35,12,70,300,42,13,15,210,29*7F
$GPGSV,3,2,10,15,55,080,40,18,20,330,31,24,35,170,36,25,60,020,41*7D
$GPGSV,3,3,10,29,05,260,,31,08,100,*79
$GPGLL,0120.80830,N,10348.96661,E,101554.00,A,A*6D
$GPRMC,101555.00,A,0120.80891,N,10348.96640,E,2.166,312.26,250926,,,A*6E
$GPVTG,312.26,T,,M,2.166,N,4.011,K,A*3E
$GPGGA,101555.00,0120.80891,N,10348.96640,E,1,08,1.01,45.3,M,4.9,M,,*56
$GPGSA,A,3,02,05,12,13,15,18,24,25,,,,,2.01,1.01,1.73*0E
$GPGSV,3,1,10,02,45,120,38,05,30,045,35,12,70,300,42,13,15,210,29*7F
$GPGSV,3,2,10,15,55,080,40,18,20,330,31,24,35,170,36,25,60,020,41*7D
$GPGSV,3,3,10,29,05,260,,31,08,100,*79
$GPGLL,0120.80891,N,10348.96640,E,101555.00,A,A*64
$GPRMC,101556.00,A,0120.80865,N,10348.96614,E,2.790,307.11,250926,,,A*68
$GPVTG,307.11,T,,M,2.790,N,5.168,K,A*3F
$GPGGA,101556.00,0120.80865,N,10348.96614,E,1,08,1.01,45.3,M,4.9,M,,*5F
$GPGSA,A,3,02,05,12,13,15,18,24,25,,,,,2.01,1.01,1.73*0E
$GPGSV,3,1,10,02,45,120,38,05,30,045,35,12,70,300,42,13,15,210,29*7F
$GPGSV,3,2,10,15,55,080,40,18,20,330,31,24,35,170,36,25,60,020,41*7D
$GPGSV,3,3,10,29,05,260,,31,08,100,*79
$GPGLL,0120.80865,N,10348.96614,E,101556.00,A,A*6D
$GPRMC,101557.00,A,0520.80945,N,10348.96507,E,2.807,318.26,250926,,,A*60
$GPVTG,318.26,T,,M,2.807,N,5.199,K,A*3A
$GPGGA,101557.00,0120.80945,N,10348.96507,E,1,08,1.01,45.3,M,4.9,M,,*5C
$GPGSA,A,3,02,05,12,13,15,18,24,25,,,,,2.01,1.01,1.73*0E
$GPGSV,3,1,10,02,45,120,38,05,30,045,35,12,70,300,42,13,15,210,29*7F
$GPGSV,3,2,10,15,55,080,40,18,20,330,31,24,35,170,36,25,60,020,41*7D
$GPGSV,3,3,10,29,05,260,,31,08,100,*79
$GPGLL,0120.80945,N,10348.96507,E,101557.00,A,A*6E
$GPRMC,101558.00,A,0120.81085,N,10348.96449,E,2.670,305.16,250926,,,A*61
$GPVTG,305.16,T,,M,2.670,N,4.944,K,A*32
$GPGGA,101558.00,0120.81085,N,10348.96449,E,1,08,1.01,45.3,M,4.9,M,,*5C
$GPGSA,A,3,02,05,12,13,15,18,24,25,,,,,2.01,1.01,1.73*0E
$GPGSV,3,1,10,02,45,120,38,05,30,045,35,12,70,300,42,13,15,210,29*7F
$GPGSV,3,2,10,15,55,080,40,18,20,330,31,24,35,170,36,25,60,020,41*7D
$GPGSV,3,3,10,29,05,260,,31,08,100,*79
$GPGLL,0120.81085,N,10348.96449,E,101558.00,A,A*6E
$GPRMC,101559.00,A,0120.81076,N,10348.96404,E,2.571,304.51,250926,,,A*65
$GPVTG,304.51,T,,M,2.571,N,4.761,K,A*3B
$GPGGA,101559.00,0120.81076,N,10348.96404,E,1,08,1.01,45.3,M,4.9,M,,*58
$GPGSA,A,3,02,05,12,13,15,18,24,25,,,,,2.01,1.01,1.73*0E
$GPGSV,3,1,10,02,45,120,38,05,30,045,35,12,70,300,42,13,15,210,29*7F
$GPGSV,3,2,10,15,55,080,40,18,20,330,31,24,35,170,36,25,60,020,41*7D
$GPGSV,3,3,10,29,05,260,,31,08,100,*79
$GPGLL,0120.81076,N,10348.96404,E,101559.00,A,A*6A
$GPRMC,101600.00,A,0120.81207,N,10348.96375,E,2.777,310.55,250926,,,A*6A
$GPVTG,310.55,T,,M,2.777,N,5.144,K,A*3E
$GPGGA,101600.00,0120.81207,N,10348.96375,E,1,08,1.01,45.3,M,4.9,M,,*52
$GPGSA,A,3,02,05,12,13,15,18,24,25,,,,,2.01,1.01,1.73*0E
$GPGSV,3,1,10,02,45,120,38,05,30,045,35,12,70,300,42,13,15,210,29*7F
$GPGSV,3,2,10,15,55,080,40,18,20,330,31,24,35,170,36,25,60,020,41*7D
$GPGSV,3,3,10,29,05,260,,31,08,100,*79
$GPGLL,0120.81207,N,10348.96375,E,101600.00,A,A*60
$GPRMC,101601.00,A,0120.81160,N,10348.96249,E,2.664,304.04,250926,,,A*65
$GPVTG,304.04,T,,M,2.664,N,4.934,K,A*32
$GPGGA,101601.00,0120.81160,N,10348.96249,E,1,08,1.01,45.3,M,4.9,M,,*5F
$GPGSA,A,3,02,05,12,13,15,18,24,25,,,,,2.01,1.01,1.73*0E
$GPGSV,3,1,10,02,45,120,38,05,30,045,35,12,70,300,42,13,15,210,29*7F
$GPGSV,3,2,10,15,55,080,40,18,20,330,31,24,35,170,36,25,60,020,41*7D
$GPGSV,3,3,10,29,05,260,,31,08,100,*79
$GPGLL,0120.81160,N,10348.96249,E,101601.00,A,A*6D
$GPRMC,101602.00,A,0120.81287,N,10348.96227,E,2.505,315.80,250926,,,A*6C
$GPVTG,315.80,T,,M,2.505,N,4.639,K,A*38
$GPGGA,101602.00,0120.81287,N,10348.96227,E,1,08,1.01,45.3,M,4.9,M,,*5E
$GPGSA,A,3,02,05,12,13,15,18,24,25,,,,,2.01,1.01,1.73*0E
$GPGSV,3,1,10,02,45,120,38,05,30,045,35,12,70,300,42,13,15,210,29*7F
$GPGSV,3,2,10,15,55,080,40,18,20,330,31,24,35,170,36,25,60,020,41*7D
$GPGSV,3,3,10,29,05,260,,31,08,100,*79
$GPGLL,0120.81287,N,10348.96227,E,101602.00,A,A*6C
$GPRMC,101603.00,A,0120.81282,N,10348.96195,E,2.607,308.43,250926,,,A*60
$GPVTG,308.43,T,,M,2.607,N,4.829,K,A*35
$GPGGA,101603.00,0120.81282,N,10348.96195,E,1,08,1.01,45.3,M,4.9,M,,*50
$GPGSA,A,3,02,05,12,13,15,18,24,25,,,,,2.01,1.01,1.73*0E
$GPGSV,3,1,10,02,45,120,38,05,30,045,35,12,70,300,42,13,15,210,29*7F
$GPGSV,3,2,10,15,55,080,40,18,20,330,31,24,35,170,36,25,60,020,41*7D
$GPGSV,3,3,10,29,05,260,,31,08,100,*79
$GPGLL,0120.81282,N,10348.96195,E,101603.00,A,A*62
$GPRMC,101604.00,A,0120.81319,N,10348.96174,E,2.854,311.73,250926,,,A*68
$GPVTG,311.73,T,,M,2.854,N,5.286,K,A*38
$GPGGA,101604.00,0120.81319,N,10348.96174,E,1,08,1.01,45.3,M,4.9,M,,*5B
$GPGSA,A,3,02,05,12,13,15,18,24,25,,,,,2.01,1.01,1.73*0E
$GPGSV,3,1,10,02,45,120,38,05,30,045,35,12,70,300,42,13,15,210,29*7F
$GPGSV,3,2,10,15,55,080,40,18,20,330,31,24,35,170,36,25,60,020,41*7D
$GPGSV,3,3,10,29,05,260,,31,08,100,*79
$GPGLL,0120.81319,N,10348.96174,E,101604.00,A,A*69
$GPRMC,101605.00,A,0120.81307,N,10348.95997,E,2.419,316.11,250926,,,A*66
$GPVTG,316.11,T,,M,2.419,N,4.481,K,A*3E
$GPGGA,101605.00,0120.81307,N,10348.95997,E,1,08,1.01,45.3,M,4.9,M,,*53
$GPGSA,A,3,02,05,12,13,15,18,24,25,,,,,2.01,1.01,1.73*0E
$GPGSV,3,1,10,02,45,120,38,05,30,045,35,12,70,300,42,13,15,210,29*7F
$GPGSV,3,2,10,15,55,080,40,18,20,330,31,24,35,170,36,25,60,020,41*7D
$GPGSV,3,3,10,29,05,260,,31,08,100,*79
$GPGLL,0120.81307,N,10348.95997,E,101605.00,A,A*61
$GPRMC,101606.00,A,0120.81356,N,10348.96008,E,2.358,309.15,250926,,,A*65
$GPVTG,309.15,T,,M,2.358,N,4.367,K,A*39
$GPGGA,101606.00,0120.81356,N,10348.96008,E,1,08,1.01,45.3,M,4.9,M,,*58
$GPGSA,A,3,02,05,12,13,15,18,24,25,,,,,2.01,1.01,1.73*0E
$GPGSV,3,1,10,02,45,120,38,05,30,045,35,12,70,300,42,13,15,210,29*7F
$GPGSV,3,2,10,15,55,080,40,18,20,330,31,24,35,170,36,25,60,020,41*7D
$GPGSV,3,3,10,29,05,260,,31,08,100,*79
$GPGLL,0120.81356,N,10348.96008,E,101606.00,A,A*6A
$GPRMC,101607.00,A,0120.81441,N,10348.95939,E,2.277,311.18,250926,,,A*65
$GPVTG,311.18,T,,M,2.277,N,4.217,K,A*37
$GPGGA,101607.00,0120.81441,N,10348.95939,E,1,08,1.01,45.3,M,4.9,M,,*50
$GPGSA,A,3,02,05,12,13,15,18,24,25,,,,,2.01,1.01,1.73*0E
$GPGSV,3,1,10,02,45,120,38,05,30,045,35,12,70,300,42,13,15,210,29*7F
$GPGSV,3,2,10,15,55,080,40,18,20,330,31,24,35,170,36,25,60,020,41*7D
$GPGSV,3,3,10,29,05,260,,31,08,100,*79
$GPGLL,0120.81441,N,10348.95939,E,101607.00,A,A*62
$GPRMC,101608.00,A,0120.81466,N,10348.95869,E,2.546,316.35,250926,,,A*66
$GPVTG,316.35,T,,M,2.546,N,4.716,K,A*3E
$GPGGA,101608.00,0120.81466,N,10348.95869,E,1,08,1.01,45.3,M,4.9,M,,*5E
$GPGSA,A,3,02,05,12,13,15,18,24,25,,,,,2.01,1.01,1.73*0E
$GPGSV,3,1,10,02,45,120,38,05,30,045,35,12,70,300,42,13,15,210,29*7F
$GPGSV,3,2,10,15,55,080,40,18,20,330,31,24,35,170,36,25,60,020,41*7D
$GPGSV,3,3,10,29,05,260,,31,08,100,*79
$GPGLL,0120.81466,N,10348.95869,E,101608.00,A,A*6C
$GPRMC,101609.00,A,0120.81551,N,10348.95820,E,2.524,307.37,250926,,,A*69
$GPVTG,307.37,T,,M,2.524,N,4.674,K,A*3D
$GPGGA,101609.00,0120.81551,N,10348.95820,E,1,08,1.01,45.3,M,4.9,M,,*57
$GPGSA,A,3,02,05,12,13,15,18,24,25,,,,,2.01,1.01,1.73*0E
$GPGSV,3,1,10,02,45,120,38,05,30,045,35,12,70,300,42,13,15,210,29*7F
$GPGSV,3,2,10,15,55,080,40,18,20,330,31,24,35,170,36,25,60,020,41*7D
$GPGSV,3,3,10,29,05,260,,31,08,100,*79
$GPGLL,0120.81551,N,10348.95820,E,101609.00,A,A*65
$GPRMC,101610.00,A,0120.81592,N,10348.95872,E,2.342,309.40,250926,,,A*61
$GPVTG,309.40,T,,M,2.342,N,4.338,K,A*38
$GPGGA,101610.00,0120.81592,N,10348.95872,E,1,08,1.01,45.3,M,4.9,M,,*57
$GPGSA,A,3,02,05,12,13,15,18,24,25,,,,,2.01,1.01,1.73*0E
$GPGSV,3,1,10,02,45,120,38,05,30,045,35,12,70,300,42,13,15,210,29*7F
$GPGSV,3,2,10,15,55,080,40,18,20,330,31,24,35,170,36,25,60,020,41*7D
$GPGSV,3,3,10,29,05,260,,31,08,100,*79
$GPGLL,0120.81592,N,10348.95872,E,101610.00,A,A*65
$GPRMC,101611.00,A,0120.81656,N,10348.95779,E,2.417,314.75,250926,,,A*62
$GPVTG,314.75,T,,M,2.417,N,4.476,K,A*38
$GPGGA,101611.00,0120.81656,N,10348.95779,E,1,08,1.01,45.3,M,4.9,M,,*59
$GPGSA,A,3,02,05,12,13,15,18,24,25,,,,,2.01,1.01,1.73*0E
$GPGSV,3,1,10,02,45,120,38,05,30,045,35,12,70,300,42,13,15,210,29*7F
$GPGSV,3,2,10,15,55,080,40,18,20,330,31,24,35,170,36,25,60,020,41*7D
$GPGSV,3,3,10,29,05,260,,31,08,100,*79
$GPGLL,0120.81656,N,10348.95779,E,101611.00,A,A*6B
$GPRMC,101612.00,A,0120.81634,N,10348.95674,E,2.676,312.10,250926,,,A*69
$GPVTG,312.10,T,,M,2.676,N,4.957,K,A*36
$GPGGA,101612.00,0120.81634,N,10348.95674,E,1,08,1.01,45.3,M,4.9,M,,*52
$GPGSA,A,3,02,05,12,13,15,18,24,25,,,,,2.01,1.01,1.73*0E
$GPGSV,3,1,10,02,45,120,38,05,30,045,35,12,70,300,42,13,15,210,29*7F
$GPGSV,3,2,10,15,55,080,40,18,20,330,31,24,35,170,36,25,60,020,41*7D
$GPGSV,3,3,10,29,05,260,,31,08,100,*79
$GPGLL,0120.81634,N,10348.95674,E,101612.00,A,A*60
$GPRMC,101613.00,A,0120.81750,N,10348.95673,E,2.849,322.85,250926,,,A*61
$GPVTG,322.85,T,,M,2.849,N,5.277,K,A*33
$GPGGA,101613.00,0120.81750,N,10348.95673,E,1,08,1.01,45.3,M,4.9,M,,*57
$GPGSA,A,3,02,05,12,13,15,18,24,25,,,,,2.01,1.01,1.73*0E
$GPGSV,3,1,10,02,45,120,38,05,30,045,35,12,70,300,42,13,15,210,29*7F
$GPGSV,3,2,10,15,55,080,40,18,20,330,31,24,35,170,36,25,60,020,41*7D
$GPGSV,3,3,10,29,05,260,,31,08,100,*79
$GPGLL,0120.81750,N,10348.95673,E,101613.00,A,A*65
$GPRMC,101614.00,A,0120.81740,N,10348.95581,E,2.579,309.85,250926,,,A*6E
$GPVTG,309.85,T,,M,2.579,N,4.776,K,A*31
$GPGGA,101614.00,0120.81740,N,10348.95581,E,1,08,1.01,45.3,M,4.9,M,,*5F
$GPGSA,A,3,02,05,12,13,15,18,24,25,,,,,2.01,1.01,1.73*0E
$GPGSV,3,1,10,02,45,120,38,05,30,045,35,12,70,300,42,13,15,210,29*7F
$GPGSV,3,2,10,15,55,080,40,18,20,330,31,24,35,170,36,25,60,020,41*7D
$GPGSV,3,3,10,29,05,260,,31,08,100,*79
$GPGLL,0120.81740,N,10348.95581,E,101614.00,A,A*6D
$GPRMC,101615.00,A,0120.81776,N,10348.95531,E,2.886,312.86,250926,,,A*65
$GPVTG,312.86,T,,M,2.886,N,5.345,K,A*30
$GPGGA,101615.00,0120.81776,N,10348.95531,E,1,08,1.01,45.3,M,4.9,M,,*50
$GPGSA,A,3,02,05,12,13,15,18,24,25,,,,,2.01,1.01,1.73*0E
$GPGSV,3,1,10,02,45,120,38,05,30,045,35,12,70,300,42,13,15,210,29*7F
$GPGSV,3,2,10,15,55,080,40,18,20,330,31,24,35,170,36,25,60,020,41*7D
$GPGSV,3,3,10,29,05,260,,31,08,100,*79
$GPGLL,0120.81776,N,10348.95531,E,101615.00,A,A*62
$GPRMC,101616.00,A,0120.81840,N,10348.95470,E,2.888,305.43,250926,,,A*69
$GPVTG,305.43,T,,M,2.888,N,5.349,K,A*3D
$GPGGA,101616.00,0120.81840,N,10348.95470,E,1,08,1.01,45.3,M,4.9,M,,*5D
$GPGSA,A,3,02,05,12,13,15,18,24,25,,,,,2.01,1.01,1.73*0E
$GPGSV,3,1,10,02,45,120,38,05,30,045,35,12,70,300,42,13,15,210,29*7F
$GPGSV,3,2,10,15,55,080,40,18,20,330,31,24,35,170,36,25,60,020,41*7D
$GPGSV,3,3,10,29,05,260,,31,08,100,*79
$GPGLL,0120.81840,N,10348.95470,E,101616.00,A,A*6F
$GPRMC,101617.00,A,0120.81881,N,10348.95396,E,2.504,313.62,250926,,,A*67
$GPVTG,313.62,T,,M,2.504,N,4.637,K,A*3D
$GPGGA,101617.00,0120.81881,N,10348.95396,E,1,08,1.01,45.3,M,4.9,M,,*5E
$GPGSA,A,3,02,05,12,13,15,18,24,25,,,,,2.01,1.01,1.73*0E
$GPGSV,3,1,10,02,45,120,38,05,30,045,35,12,70,300,42,13,15,210,29*7F
$GPGSV,3,2,10,15,55,080,40,18,20,330,31,24,35,170,36,25,60,020,41*7D
$GPGSV,3,3,10,29,05,260,,31,08,100,*79
$GPGLL,0120.81881,N,10348.95396,E,101617.00,A,A*6C
$GPRMC,101618.00,A,0120.81930,N,10348.95360,E,2.530,314.76,250926,,,A*6F
$GPVTG,314.76,T,,M,2.530,N,4.685,K,A*31
$GPGGA,101618.00,0120.81930,N,10348.95360,E,1,08,1.01,45.3,M,4.9,M,,*53
$GPGSA,A,3,02,05,12,13,15,18,24,25,,,,,2.01,1.01,1.73*0E
$GPGSV,3,1,10,02,45,120,38,05,30,045,35,12,70,300,42,13,15,210,29*7F
$GPGSV,3,2,10,15,55,080,40,18,20,330,31,24,35,170,36,25,60,020,41*7D
$GPGSV,3,3,10,29,05,260,,31,08,100,*79
$GPGLL,0120.81930,N,10348.95360,E,101618.00,A,A*61
$GPRMC,101619.00,A,0120.81974,N,10348.95360,E,2.347,300.74,250926,,,A*6F
$GPVTG,300.74,T,,M,2.347,N,4.346,K,A*3A
$GPGGA,101619.00,0120.81974,N,10348.95360,E,1,08,1.01,45.3,M,4.9,M,,*52
$GPGSA,A,3,02,05,12,13,15,18,24,25,,,,,2.01,1.01,1.73*0E
$GPGSV,3,1,10,02,45,120,38,05,30,045,35,12,70,300,42,13,15,210,29*7F
$GPGSV,3,2,10,15,55,080,40,18,20,330,31,24,35,170,36,25,60,020,41*7D
$GPGSV,3,3,10,29,05,260,,31,08,100,*79
$GPGLL,0120.81974,N,10348.95360,E,101619.00,A,A*60
$GPRMC,101620.00,A,0120.82058,N,10348.95278,E,2.783,310.34,250926,,,A*60
$GPVTG,310.34,T,,M,2.783,N,5.155,K,A*32
$GPGGA,101620.00,0120.82058,N,10348.95278,E,1,08,1.01,45.3,M,4.9,M,,*54
$GPGSA,A,3,02,05,12,13,15,18,24,25,,,,,2.01,1.01,1.73*0E
$GPGSV,3,1,10,02,45,120,38,05,30,045,35,12,70,300,42,13,15,210,29*7F
$GPGSV,3,2,10,15,55,080,40,18,20,330,31,24,35,170,36,25,60,020,41*7D
$GPGSV,3,3,10,29,05,260,,31,08,100,*79
$GPGLL,0120.82058,N,10348.95278,E,101620.00,A,A*66
$GPRMC,101621.00,A,0120.81996,N,10348.95273,E,2.448,316.71,250926,,,A*61
$GPVTG,316.71,T,,M,2.448,N,4.534,K,A*33
$GPGGA,101621.00,0120.81996,N,10348.95273,E,1,08,1.01,45.3,M,4.9,M,,*56
$GPGSA,A,3,02,05,12,13,15,18,24,25,,,,,2.01,1.01,1.73*0E
$GPGSV,3,1,10,02,45,120,38,05,30,045,35,12,70,300,42,13,15,210,29*7F
$GPGSV,3,2,10,15,55,080,40,18,20,330,31,24,35,170,36,25,60,020,41*7D
$GPGSV,3,3,10,29,05,260,,31,08,100,*79
$GPGLL,0120.81996,N,10348.95273,E,101621.00,A,A*64
$GPRMC,101622.00,A,0120.82098,N,10348.95267,E,2.776,312.54,250926,,,A*6E
$GPVTG,312.54,T,,M,2.776,N,5.141,K,A*39
$GPGGA,101622.00,0120.82098,N,10348.95267,E,1,08,1.01,45.3,M,4.9,M,,*54
$GPGSA,A,3,02,05,12,13,15,18,24,25,,,,,2.01,1.01,1.73*0E
$GPGSV,3,1,10,02,45,120,38,05,30,045,35,12,70,300,42,13,15,210,29*7F
$GPGSV,3,2,10,15,55,080,40,18,20,330,31,24,35,170,36,25,60,020,41*7D
$GPGSV,3,3,10,29,05,260,,31,08,100,*79
$GPGLL,0120.82098,N,10348.95267,E,101622.00,A,A*66
$GPRMC,101623.00,A,0120.82073,N,10348.95195,E,2.461,314.74,250926,,,A*65
$GPVTG,314.74,T,,M,2.461,N,4.557,K,A*3A
$GPGGA,101623.00,0120.82073,N,10348.95195,E,1,08,1.01,45.3,M,4.9,M,,*5E
$GPGSA,A,3,02,05,12,13,15,18,24,25,,,,,2.01,1.01,1.73*0E
$GPGSV,3,1,10,02,45,120,38,05,30,045,35,12,70,300,42,13,15,210,29*7F
$GPGSV,3,2,10,15,55,080,40,18,20,330,31,24,35,170,36,25,60,020,41*7D
$GPGSV,3,3,10,29,05,260,,31,08,100,*79
$GPGLL,0120.82073,N,10348.95195,E,101623.00,A,A*6C
$GPRMC,101624.00,A,0120.82161,N,10348.95202,E,2.742,308.38,250926,,,A*6A
$GPVTG,308.38,T,,M,2.742,N,5.077,K,A*3B
$GPGGA,101624.00,0120.82161,N,10348.95202,E,1,08,1.01,45.3,M,4.9,M,,*56
$GPGSA,A,3,02,05,12,13,15,18,24,25,,,,,2.01,1.01,1.73*0E
$GPGSV,3,1,10,02,45,120,38,05,30,045,35,12,70,300,42,13,15,210,29*7F
$GPGSV,3,2,10,15,55,080,40,18,20,330,31,24,35,170,36,25,60,020,41*7D
$GPGSV,3,3,10,29,05,260,,31,08,100,*79
$GPGLL,0120.82161,N,10348.95202,E,101624.00,A,A*64
$GPRMC,101625.00,A,0120.82129,N,10348.95068,E,2.392,308.06,250926,,,A*6D
$GPVTG,308.06,T,,M,2.392,N,4.430,K,A*39
$GPGGA,101625.00,0120.82129,N,10348.95068,E,1,08,1.01,45.3,M,4.9,M,,*55
$GPGSA,A,3,02,05,12,13,15,18,24,25,,,,,2.01,1.01,1.73*0E
$GPGSV,3,1,10,02,45,120,38,05,30,045,35,12,70,300,42,13,15,210,29*7F
$GPGSV,3,2,10,15,55,080,40,18,20,330,31,24,35,170,36,25,60,020,41*7D
$GPGSV,3,3,10,29,05,260,,31,08,100,*79
$GPGLL,0120.82129,N,10348.95068,E,101625.00,A,A*67
$GPRMC,101626.00,A,0120.82273,N,10348.95037,E,2.400,307.62,250926,,,A*69
$GPVTG,307.62,T,,M,2.400,N,4.446,K,A*39
$GPGGA,101626.00,0120.82273,N,10348.95037,E,1,08,1.01,45.3,M,4.9,M,,*50
$GPGSA,A,3,02,05,12,13,15,18,24,25,,,,,2.01,1.01,1.73*0E
$GPGSV,3,1,10,02,45,120,38,05,30,045,35,12,70,300,42,13,15,210,29*7F
$GPGSV,3,2,10,15,55,080,40,18,20,330,31,24,35,170,36,25,60,020,41*7D
$GPGSV,3,3,10,29,05,260,,31,08,100,*79
$GPGLL,0120.82273,N,10348.95037,E,101626.00,A,A*62
$GPRMC,101627.00,A,0120.82365,N,10348.94953,E,2.719,313.51,250926,,,A*6A
$GPVTG,313.51,T,,M,2.719,N,5.035,K,A*36
$GPGGA,101627.00,0120.82365,N,10348.94953,E,1,08,1.01,45.3,M,4.9,M,,*5D
$GPGSA,A,3,02,05,12,13,15,18,24,25,,,,,2.01,1.01,1.73*0E
$GPGSV,3,1,10,02,45,120,38,05,30,045,35,12,70,300,42,13,15,210,29*7F
$GPGSV,3,2,10,15,55,080,40,18,20,330,31,24,35,170,36,25,60,020,41*7D
$GPGSV,3,3,10,29,05,260,,31,08,100,*79
$GPGLL,0120.82365,N,10348.94953,E,101627.00,A,A*6F
$GPRMC,101628.00,A,0120.82351,N,10348.94965,E,2.176,325.40,250926,,,A*6D
$GPVTG,325.40,T,,M,2.176,N,4.031,K,A*39
$GPGGA,101628.00,0120.82351,N,10348.94965,E,1,08,1.01,45.3,M,4.9,M,,*50
$GPGSA,A,3,02,05,12,13,15,18,24,25,,,,,2.01,1.01,1.73*0E
$GPGSV,3,1,10,02,45,120,38,05,30,045,35,12,70,300,42,13,15,210,29*7F
$GPGSV,3,2,10,15,55,080,40,18,20,330,31,24,35,170,36,25,60,020,41*7D
$GPGSV,3,3,10,29,05,260,,31,08,100,*79
$GPGLL,0120.82351,N,10348.94965,E,101628.00,A,A*62
$GPRMC,101629.00,A,0120.82387,N,10348.94802,E,2.275,311.98,250926,,,A*65
$GPVTG,311.98,T,,M,2.275,N,4.213,K,A*39
$GPGGA,101629.00,0120.82387,N,10348.94802,E,1,08,1.01,45.3,M,4.9,M,,*5A
$GPGSA,A,3,02,05,12,13,15,18,24,25,,,,,2.01,1.01,1.73*0E
$GPGSV,3,1,10,02,45,120,38,05,30,045,35,12,70,300,42,13,15,210,29*7F
$GPGSV,3,2,10,15,55,080,40,18,20,330,31,24,35,170,36,25,60,020,41*7D
$GPGSV,3,3,10,29,05,260,,31,08,100,*79
$GPGLL,0120.82387,N,10348.94802,E,101629.00,A,A*68
$GPRMC,101630.00,A,0120.82416,N,10348.94894,E,2.684,309.39,250926,,,A*65
$GPVTG,309.39,T,,M,2.684,N,4.971,K,A*3E
$GPGGA,101630.00,0120.82416,N,10348.94894,E,1,08,1.01,45.3,M,4.9,M,,*52
$GPGSA,A,3,02,05,12,13,15,18,24,25,,,,,2.01,1.01,1.73*0E
$GPGSV,3,1,10,02,45,120,38,05,30,045,35,12,70,300,42,13,15,210,29*7F
$GPGSV,3,2,10,15,55,080,40,18,20,330,31,24,35,170,36,25,60,020,41*7D
$GPGSV,3,3,10,29,05,260,,31,08,100,*79
$GPGLL,0120.82416,N,10348.94894,E,101630.00,A,A*60
$GPRMC,101631.00,A,0120.82520,N,10348.94783,E,1.481,187.09,250926,,,A*6A
$GPVTG,187.09,T,,M,1.481,N,2.743,K,A*34
$GPGGA,101631.00,0120.82520,N,10348.94783,E,1,08,1.01,45.3,M,4.9,M,,*5E
$GPGSA,A,3,02,05,12,13,15,18,24,25,,,,,2.01,1.01,1.73*0E
$GPGSV,3,1,10,02,45,120,38,05,30,045,35,12,70,300,42,13,15,210,29*7F
$GPGSV,3,2,10,15,55,080,40,18,20,330,31,24,35,170,36,25,60,020,41*7D
$GPGSV,3,3,10,29,05,260,,31,08,100,*79
$GPGLL,0120.82520,N,10348.94783,E,101631.00,A,A*6C
$GPRMC,101632.00,A,0120.82470,N,10348.94788,E,2.767,161.48,250926,,,A*63
$GPVTG,161.48,T,,M,2.767,N,5.124,K,A*31
$GPGGA,101632.00,0120.82470,N,10348.94788,E,1,08,1.01,45.3,M,4.9,M,,*52
$GPGSA,A,3,02,05,12,13,15,18,24,25,,,,,2.01,1.01,1.73*0E
$GPGSV,3,1,10,02,45,120,38,05,30,045,35,12,70,300,42,13,15,210,29*7F
$GPGSV,3,2,10,15,55,080,40,18,20,330,31,24,35,170,36,25,60,020,41*7D
$GPGSV,3,3,10,29,05,260,,31,08,100,*79
$GPGLL,0120.82470,N,10348.94788,E,101632.00,A,A*60
$GPRMC,101633.00,A,0120.82432,N,10348.94784,E,2.622,159.54,250926,,,A*6E
$GPVTG,159.54,T,,M,2.622,N,4.856,K,A*3A
$GPGGA,101633.00,0120.82432,N,10348.94784,E,1,08,1.01,45.3,M,4.9,M,,*59
$GPGSA,A,3,02,05,12,13,15,18,24,25,,,,,2.01,1.01,1.73*0E
$GPGSV,3,1,10,02,45,120,38,05,30,045,35,12,70,300,42,13,15,210,29*7F
$GPGSV,3,2,10,15,55,080,40,18,20,330,31,24,35,170,36,25,60,020,41*7D
$GPGSV,3,3,10,29,05,260,,31,08,100,*79
$GPGLL,0120.82432,N,10348.94784,E,101633.00,A,A*6B
$GPRMC,101634.00,A,0120.82379,N,10348.94810,E,2.643,165.30,250926,,,A*69
$GPVTG,165.30,T,,M,2.643,N,4.895,K,A*3F
$GPGGA,101634.00,0120.82379,N,10348.94810,E,1,08,1.01,45.3,M,4.9,M,,*54
$GPGSA,A,3,02,05,12,13,15,18,24,25,,,,,2.01,1.01,1.73*0E
$GPGSV,3,1,10,02,45,120,38,05,30,045,35,12,70,300,42,13,15,210,29*7F
$GPGSV,3,2,10,15,55,080,40,18,20,330,31,24,35,170,36,25,60,020,41*7D
$GPGSV,3,3,10,29,05,260,,31,08,100,*79
$GPGLL,0120.82379,N,10348.94810,E,101634.00,A,A*66
$GPRMC,101635.00,A,0120.82377,N,10348.94859,E,2.610,158.05,250926,,,A*65
$GPVTG,158.05,T,,M,2.610,N,4.833,K,A*3D
$GPGGA,101635.00,0120.82377,N,10348.94859,E,1,08,1.01,45.3,M,4.9,M,,*56
$GPGSA,A,3,02,05,12,13,15,18,24,25,,,,,2.01,1.01,1.73*0E
$GPGSV,3,1,10,02,45,120,38,05,30,045,35,12,70,300,42,13,15,210,29*7F
$GPGSV,3,2,10,15,55,080,40,18,20,330,31,24,35,170,36,25,60,020,41*7D
$GPGSV,3,3,10,29,05,260,,31,08,100,*79
$GPGLL,0120.82377,N,10348.94859,E,101635.00,A,A*64
$GPRMC,101636.00,A,0120.82241,N,10348.94851,E,2.452,164.59,250926,,,A*68
$GPVTG,164.59,T,,M,2.452,N,4.542,K,A*34
$GPGGA,101636.00,0120.82241,N,10348.94851,E,1,08,1.01,45.3,M,4.9,M,,*59
$GPGSA,A,3,02,05,12,13,15,18,24,25,,,,,2.01,1.01,1.73*0E
$GPGSV,3,1,10,02,45,120,38,05,30,045,35,12,70,300,42,13,15,210,29*7F
$GPGSV,3,2,10,15,55,080,40,18,20,330,31,24,35,170,36,25,60,020,41*7D
$GPGSV,3,3,10,29,05,260,,31,08,100,*79
$GPGLL,0120.82241,N,10348.94851,E,101636.00,A,A*6B
$GPRMC,101637.00,A,0120.82209,N,10348.94949,E,2.402,160.45,250926,,,A*61
$GPVTG,160.45,T,,M,2.402,N,4.449,K,A*32
$GPGGA,101637.00,0120.82209,N,10348.94949,E,1,08,1.01,45.3,M,4.9,M,,*5C
$GPGSA,A,3,02,05,12,13,15,18,24,25,,,,,2.01,1.01,1.73*0E
$GPGSV,3,1,10,02,45,120,38,05,30,045,35,12,70,300,42,13,15,210,29*7F
$GPGSV,3,2,10,15,55,080,40,18,20,330,31,24,35,170,36,25,60,020,41*7D
$GPGSV,3,3,10,29,05,260,,31,08,100,*79
$GPGLL,0120.82209,N,10348.94949,E,101637.00,A,A*6E
$GPRMC,101638.00,A,0120.82118,N,10348.94893,E,2.198,166.83,250926,,,A*61
$GPVTG,166.83,T,,M,2.198,N,4.071,K,A*37
$GPGGA,101638.00,0120.82118,N,10348.94893,E,1,08,1.01,45.3,M,4.9,M,,*56
$GPGSA,A,3,02,05,12,13,15,18,24,25,,,,,2.01,1.01,1.73*0E
$GPGSV,3,1,10,02,45,120,38,05,30,045,35,12,70,300,42,13,15,210,29*7F
$GPGSV,3,2,10,15,55,080,40,18,20,330,31,24,35,170,36,25,60,020,41*7D
$GPGSV,3,3,10,29,05,260,,31,08,100,*79
$GPGLL,0120.82118,N,10348.94893,E,101638.00,A,A*64
$GPRMC,101639.00,A,0120.82005,N,10348.94956,E,2.765,155.95,250926,,,A*66
$GPVTG,155.95,T,,M,2.765,N,5.120,K,A*30
$GPGGA,101639.00,0120.82005,N,10348.94956,E,1,08,1.01,45.3,M,4.9,M,,*52
$GPGSA,A,3,02,05,12,13,15,18,24,25,,,,,2.01,1.01,1.73*0E
$GPGSV,3,1,10,02,45,120,38,05,30,045,35,12,70,300,42,13,15,210,29*7F
$GPGSV,3,2,10,15,55,080,40,18,20,330,31,24,35,170,36,25,60,020,41*7D
$GPGSV,3,3,10,29,05,260,,31,08,100,*79
$GPGLL,0120.82005,N,10348.94956,E,101639.00,A,A*60
$GPRMC,101640.00,A,0120.82004,N,10348.94908,E,2.211,177.74,250926,,,A*6B
$GPVTG,177.74,T,,M,2.211,N,4.095,K,A*37
$GPGGA,101640.00,0120.82004,N,10348.94908,E,1,08,1.01,45.3,M,4.9,M,,*56
$GPGSA,A,3,02,05,12,13,15,18,24,25,,,,,2.01,1.01,1.73*0E
$GPGSV,3,1,10,02,45,120,38,05,30,045,35,12,70,300,42,13,15,210,29*7F
$GPGSV,3,2,10,15,55,080,40,18,20,330,31,24,35,170,36,25,60,020,41*7D
$GPGSV,3,3,10,29,05,260,,31,08,100,*79
$GPGLL,0120.82004,N,10348.94908,E,101640.00,A,A*64
$GPRMC,101641.00,A,0120.81978,N,10348.95014,E,2.571,155.41,250926,,,A*69
$GPVTG,155.41,T,,M,2.571,N,4.762,K,A*3F
$GPGGA,101641.00,0120.81978,N,10348.95014,E,1,08,1.01,45.3,M,4.9,M,,*53
$GPGSA,A,3,02,05,12,13,15,18,24,25,,,,,2.01,1.01,1.73*0E
$GPGSV,3,1,10,02,45,120,38,05,30,045,35,12,70,300,42,13,15,210,29*7F
$GPGSV,3,2,10,15,55,080,40,18,20,330,31,24,35,170,36,25,60,020,41*7D
$GPGSV,3,3,10,29,05,260,,31,08,100,*79
$GPGLL,0120.81978,N,10348.95014,E,101641.00,A,A*61
$GPRMC,101642.00,A,0120.81924,N,10348.94991,E,2.631,163.07,250926,,,A*66
$GPVTG,163.07,T,,M,2.631,N,4.872,K,A*31
$GPGGA,101642.00,0120.81924,N,10348.94991,E,1,08,1.01,45.3,M,4.9,M,,*5C
$GPGSA,A,3,02,05,12,13,15,18,24,25,,,,,2.01,1.01,1.73*0E
$GPGSV,3,1,10,02,45,120,38,05,30,045,35,12,70,300,42,13,15,210,29*7F
$GPGSV,3,2,10,15,55,080,40,18,20,330,31,24,35,170,36,25,60,020,41*7D
$GPGSV,3,3,10,29,05,260,,31,08,100,*79
$GPGLL,0120.81924,N,10348.94991,E,101642.00,A,A*6E
$GPRMC,101643.00,A,0120.81839,N,10348.95077,E,2.474,162.81,250926,,,A*66
$GPVTG,162.81,T,,M,2.474,N,4.581,K,A*3C
$GPGGA,101643.00,0120.81839,N,10348.95077,E,1,08,1.01,45.3,M,4.9,M,,*50
$GPGSA,A,3,02,05,12,13,15,18,24,25,,,,,2.01,1.01,1.73*0E
$GPGSV,3,1,10,02,45,120,38,05,30,045,35,12,70,300,42,13,15,210,29*7F
$GPGSV,3,2,10,15,55,080,40,18,20,330,31,24,35,170,36,25,60,020,41*7D
$GPGSV,3,3,10,29,05,260,,31,08,100,*79
$GPGLL,0120.81839,N,10348.95077,E,101643.00,A,A*62
$GPRMC,101644.00,A,0120.81823,N,10348.95099,E,2.185,161.44,250926,,,A*6B
$GPVTG,161.44,T,,M,2.185,N,4.047,K,A*32
$GPGGA,101644.00,0120.81823,N,10348.95099,E,1,08,1.01,45.3,M,4.9,M,,*5C
$GPGSA,A,3,02,05,12,13,15,18,24,25,,,,,2.01,1.01,1.73*0E
$GPGSV,3,1,10,02,45,120,38,05,30,045,35,12,70,300,42,13,15,210,29*7F
$GPGSV,3,2,10,15,55,080,40,18,20,330,31,24,35,170,36,25,60,020,41*7D
$GPGSV,3,3,10,29,05,260,,31,08,100,*79
$GPGLL,0120.81823,N,10348.95099,E,101644.00,A,A*6E
$GPRMC,101645.00,A,0120.81718,N,10348.95118,E,2.564,163.00,250926,,,A*6C
$GPVTG,163.00,T,,M,2.564,N,4.749,K,A*32
$GPGGA,101645.00,0120.81718,N,10348.95118,E,1,08,1.01,45.3,M,4.9,M,,*52
$GPGSA,A,3,02,05,12,13,15,18,24,25,,,,,2.01,1.01,1.73*0E
$GPGSV,3,1,10,02,45,120,38,05,30,045,35,12,70,300,42,13,15,210,29*7F
$GPGSV,3,2,10,15,55,080,40,18,20,330,31,24,35,170,36,25,60,020,41*7D
$GPGSV,3,3,10,29,05,260,,31,08,100,*79
$GPGLL,0120.81718,N,10348.95118,E,101645.00,A,A*60
$GPRMC,101646.00,A,0120.81703,N,10348.95093,E,2.818,150.86,250926,,,A*6F
$GPVTG,150.86,T,,M,2.818,N,5.218,K,A*3A
$GPGGA,101646.00,0120.81703,N,10348.95093,E,1,08,1.01,45.3,M,4.9,M,,*59
$GPGSA,A,3,02,05,12,13,15,18,24,25,,,,,2.01,1.01,1.73*0E
$GPGSV,3,1,10,02,45,120,38,05,30,045,35,12,70,300,42,13,15,210,29*7F
$GPGSV,3,2,10,15,55,080,40,18,20,330,31,24,35,170,36,25,60,020,41*7D
$GPGSV,3,3,10,29,05,260,,31,08,100,*79
$GPGLL,0120.81703,N,10348.95093,E,101646.00,A,A*6B
$GPRMC,101647.00,A,0120.81619,N,10348.95094,E,2.644,163.91,250926,,,A*62
$GPVTG,163.91,T,,M,2.644,N,4.897,K,A*37
$GPGGA,101647.00,0120.81619,N,10348.95094,E,1,08,1.01,45.3,M,4.9,M,,*55
$GPGSA,A,3,02,05,12,13,15,18,24,25,,,,,2.01,1.01,1.73*0E
$GPGSV,3,1,10,02,45,120,38,05,30,045,35,12,70,300,42,13,15,210,29*7F
$GPGSV,3,2,10,15,55,080,40,18,20,330,31,24,35,170,36,25,60,020,41*7D
$GPGSV,3,3,10,29,05,260,,31,08,100,*79
$GPGLL,0120.81619,N,10348.95094,E,101647.00,A,A*67
$GPRMC,101648.00,A,0120.81590,N,10348.95118,E,2.718,164.27,250926,,,A*68
$GPVTG,164.27,T,,M,2.718,N,5.034,K,A*35
$GPGGA,101648.00,0120.81590,N,10348.95118,E,1,08,1.01,45.3,M,4.9,M,,*5D
$GPGSA,A,3,02,05,12,13,15,18,24,25,,,,,2.01,1.01,1.73*0E
$GPGSV,3,1,10,02,45,120,38,05,30,045,35,12,70,300,42,13,15,210,29*7F
$GPGSV,3,2,10,15,55,080,40,18,20,330,31,24,35,170,36,25,60,020,41*7D
$GPGSV,3,3,10,29,05,260,,31,08,100,*79
$GPGLL,0120.81590,N,10348.95118,E,101648.00,A,A*6F
$GPRMC,101649.00,A,0120.81508,N,10348.95139,E,2.623,163.13,250926,,,A*62
$GPVTG,163.13,T,,M,2.623,N,4.858,K,A*3F
$GPGGA,101649.00,0120.81508,N,10348.95139,E,1,08,1.01,45.3,M,4.9,M,,*5E
$GPGSA,A,3,02,05,12,13,15,18,24,25,,,,,2.01,1.01,1.73*0E
$GPGSV,3,1,10,02,45,120,38,05,30,045,35,12,70,300,42,13,15,210,29*7F
$GPGSV,3,2,10,15,55,080,40,18,20,330,31,24,35,170,36,25,60,020,41*7D
$GPGSV,3,3,10,29,05,260,,31,08,100,*79
$GPGLL,0120.81508,N,10348.95139,E,101649.00,A,A*6C
$GPRMC,101650.00,A,0120.81411,N,10348.95160,E,2.651,162.44,250926,,,A*69
$GPVTG,162.44,T,,M,2.651,N,4.909,K,A*3C
$GPGGA,101650.00,0120.81411,N,10348.95160,E,1,08,1.01,45.3,M,4.9,M,,*53
$GPGSA,A,3,02,05,12,13,15,18,24,25,,,,,2.01,1.01,1.73*0E
$GPGSV,3,1,10,02,45,120,38,05,30,045,35,12,70,300,42,13,15,210,29*7F
$GPGSV,3,2,10,15,55,080,40,18,20,330,31,24,35,170,36,25,60,020,41*7D
$GPGSV,3,3,10,29,05,260,,31,08,100,*79
$GPGLL,0120.81411,N,10348.95160,E,101650.00,A,A*61
$GPRMC,101651.00,A,0120.81310,N,10348.95127,E,2.402,167.45,250926,,,A*6D
$GPVTG,167.45,T,,M,2.402,N,4.448,K,A*34
$GPGGA,101651.00,0120.81310,N,10348.95127,E,1,08,1.01,45.3,M,4.9,M,,*57
$GPGSA,A,3,02,05,12,13,15,18,24,25,,,,,2.01,1.01,1.73*0E
$GPGSV,3,1,10,02,45,120,38,05,30,045,35,12,70,300,42,13,15,210,29*7F
$GPGSV,3,2,10,15,55,080,40,18,20,330,31,24,35,170,36,25,60,020,41*7D
$GPGSV,3,3,10,29,05,260,,31,08,100,*79
$GPGLL,0120.81310,N,10348.95127,E,101651.00,A,A*65
$GPRMC,101652.00,A,0120.81244,N,10348.95153,E,2.522,159.82,250926,,,A*68
$GPVTG,159.82,T,,M,2.522,N,4.671,K,A*39
$GPGGA,101652.00,0120.81244,N,10348.95153,E,1,08,1.01,45.3,M,4.9,M,,*57
$GPGSA,A,3,02,05,12,13,15,18,24,25,,,,,2.01,1.01,1.73*0E
$GPGSV,3,1,10,02,45,120,38,05,30,045,35,12,70,300,42,13,15,210,29*7F
$GPGSV,3,2,10,15,55,080,40,18,20,330,31,24,35,170,36,25,60,020,41*7D
$GPGSV,3,3,10,29,05,260,,31,08,100,*79
$GPGLL,0120.81244,N,10348.95153,E,101652.00,A,A*65
$GPRMC,101653.00,A,0120.81175,N,10348.95224,E,2.379,159.20,250926,,,A*6B
$GPVTG,159.20,T,,M,2.379,N,4.406,K,A*3B
$GPGGA,101653.00,0120.81175,N,10348.95224,E,1,08,1.01,45.3,M,4.9,M,,*54
$GPGSA,A,3,02,05,12,13,15,18,24,25,,,,,2.01,1.01,1.73*0E
$GPGSV,3,1,10,02,45,120,38,05,30,045,35,12,70,300,42,13,15,210,29*7F
$GPGSV,3,2,10,15,55,080,40,18,20,330,31,24,35,170,36,25,60,020,41*7D
$GPGSV,3,3,10,29,05,260,,31,08,100,*79
$GPGLL,0120.81175,N,10348.95224,E,101653.00,A,A*66
$GPRMC,101654.00,A,0120.81122,N,10348.95274,E,2.641,162.88,250926,,,A*6F
$GPVTG,162.88,T,,M,2.641,N,4.891,K,A*3D
$GPGGA,101654.00,0120.81122,N,10348.95274,E,1,08,1.01,45.3,M,4.9,M,,*54
$GPGSA,A,3,02,05,12,13,15,18,24,25,,,,,2.01,1.01,1.73*0E
$GPGSV,3,1,10,02,45,120,38,05,30,045,35,12,70,300,42,13,15,210,29*7F
$GPGSV,3,2,10,15,55,080,40,18,20,330,31,24,35,170,36,25,60,020,41*7D
$GPGSV,3,3,10,29,05,260,,31,08,100,*79
$GPGLL,0120.81122,N,10348.95274,E,101654.00,A,A*66
$GPRMC,101655.00,A,0120.81032,N,10348.95264,E,2.563,172.48,250926,,,A*61
$GPVTG,172.48,T,,M,2.563,N,4.746,K,A*36
$GPGGA,101655.00,0120.81032,N,10348.95264,E,1,08,1.01,45.3,M,4.9,M,,*54
$GPGSA,A,3,02,05,12,13,15,18,24,25,,,,,2.01,1.01,1.73*0E
$GPGSV,3,1,10,02,45,120,38,05,30,045,35,12,70,300,42,13,15,210,29*7F
$GPGSV,3,2,10,15,55,080,40,18,20,330,31,24,35,170,36,25,60,020,41*7D
$GPGSV,3,3,10,29,05,260,,31,08,100,*79
$GPGLL,0120.81032,N,10348.95264,E,101655.00,A,A*66
$GPRMC,101656.00,A,0120.80961,N,10348.95290,E,2.037,159.34,250926,,,A*61
$GPVTG,159.34,T,,M,2.037,N,3.773,K,A*31
$GPGGA,101656.00,0120.80961,N,10348.95290,E,1,08,1.01,45.3,M,4.9,M,,*52
$GPGSA,A,3,02,05,12,13,15,18,24,25,,,,,2.01,1.01,1.73*0E
$GPGSV,3,1,10,02,45,120,38,05,30,045,35,12,70,300,42,13,15,210,29*7F
$GPGSV,3,2,10,15,55,080,40,18,20,330,31,24,35,170,36,25,60,020,41*7D
$GPGSV,3,3,10,29,05,260,,31,08,100,*79
$GPGLL,0120.80961,N,10348.95290,E,101656.00,A,A*60
$GPRMC,101657.00,A,0120.80954,N,10348.95287,E,2.266,160.79,250926,,,A*65
$GPVTG,160.79,T,,M,2.266,N,4.197,K,A*3F
$GPGGA,101657.00,0120.80954,N,10348.95287,E,1,08,1.01,45.3,M,4.9,M,,*53
$GPGSA,A,3,02,05,12,13,15,18,24,25,,,,,2.01,1.01,1.73*0E
$GPGSV,3,1,10,02,45,120,38,05,30,045,35,12,70,300,42,13,15,210,29*7F
$GPGSV,3,2,10,15,55,080,40,18,20,330,31,24,35,170,36,25,60,020,41*7D
$GPGSV,3,3,10,29,05,260,,31,08,100,*79
$GPGLL,0120.80954,N,10348.95287,E,101657.00,A,A*61
$GPRMC,101658.00,A,0120.80830,N,10348.95337,E,2.301,160.36,250926,,,A*68
$GPVTG,160.36,T,,M,2.301,N,4.261,K,A*3E
$GPGGA,101658.00,0120.80830,N,10348.95337,E,1,08,1.01,45.3,M,4.9,M,,*55
$GPGSA,A,3,02,05,12,13,15,18,24,25,,,,,2.01,1.01,1.73*0E
$GPGSV,3,1,10,02,45,120,38,05,30,045,35,12,70,300,42,13,15,210,29*7F
$GPGSV,3,2,10,15,55,080,40,18,20,330,31,24,35,170,36,25,60,020,41*7D
$GPGSV,3,3,10,29,05,260,,31,08,100,*79
$GPGLL,0120.80830,N,10348.95337,E,101658.00,A,A*67
$GPRMC,101659.00,A,0120.80795,N,10348.95253,E,2.610,165.19,250926,,,A*67
$GPVTG,165.19,T,,M,2.610,N,4.834,K,A*39
$GPGGA,101659.00,0120.80795,N,10348.95253,E,1,08,1.01,45.3,M,4.9,M,,*57
$GPGSA,A,3,02,05,12,13,15,18,24,25,,,,,2.01,1.01,1.73*0E
$GPGSV,3,1,10,02,45,120,38,05,30,045,35,12,70,300,42,13,15,210,29*7F
$GPGSV,3,2,10,15,55,080,40,18,20,330,31,24,35,170,36,25,60,020,41*7D
$GPGSV,3,3,10,29,05,260,,31,08,100,*79
$GPGLL,0120.80795,N,10348.95253,E,101659.00,A,A*65
$GPRMC,101700.00,A,0120.80738,N,10348.95437,E,2.660,158.62,250926,,,A*6C
$GPVTG,158.62,T,,M,2.660,N,4.926,K,A*3E
$GPGGA,101700.00,0120.80738,N,10348.95437,E,1,08,1.01,45.3,M,4.9,M,,*59
$GPGSA,A,3,02,05,12,13,15,18,24,25,,,,,2.01,1.01,1.73*0E
$GPGSV,3,1,10,02,45,120,38,05,30,045,35,12,70,300,42,13,15,210,29*7F
$GPGSV,3,2,10,15,55,080,40,18,20,330,31,24,35,170,36,25,60,020,41*7D
$GPGSV,3,3,10,29,05,260,,31,08,100,*79
$GPGLL,0120.80738,N,10348.95437,E,101700.00,A,A*6B
$GPRMC,101701.00,A,0120.80614,N,10348.95445,E,2.121,165.69,250926,,,A*60
$GPVTG,165.69,T,,M,2.121,N,3.928,K,A*30
$GPGGA,101701.00,0120.80614,N,10348.95445,E,1,08,1.01,45.3,M,4.9,M,,*52
$GPGSA,A,3,02,05,12,13,15,18,24,25,,,,,2.01,1.01,1.73*0E
$GPGSV,3,1,10,02,45,120,38,05,30,045,35,12,70,300,42,13,15,210,29*7F
$GPGSV,3,2,10,15,55,080,40,18,20,330,31,24,35,170,36,25,60,020,41*7D
$GPGSV,3,3,10,29,05,260,,31,08,100,*79
$GPGLL,0120.80614,N,10348.95445,E,101701.00,A,A*60
$GPRMC,101702.00,A,0120.80574,N,10348.95450,E,2.637,158.91,250926,,,A*6B
$GPVTG,158.91,T,,M,2.637,N,4.884,K,A*39
$GPGGA,101702.00,0120.80574,N,10348.95450,E,1,08,1.01,45.3,M,4.9,M,,*50
$GPGSA,A,3,02,05,12,13,15,18,24,25,,,,,2.01,1.01,1.73*0E
$GPGSV,3,1,10,02,45,120,38,05,30,045,35,12,70,300,42,13,15,210,29*7F
$GPGSV,3,2,10,15,55,080,40,18,20,330,31,24,35,170,36,25,60,020,41*7D
$GPGSV,3,3,10,29,05,260,,31,08,100,*79
$GPGLL,0120.80574,N,10348.95450,E,101702.00,A,A*62
$GPRMC,101703.00,A,0120.80527,N,10348.95521,E,2.278,166.16,250926,,,A*66
$GPVTG,166.16,T,,M,2.278,N,4.219,K,A*3A
$GPGGA,101703.00,0120.80527,N,10348.95521,E,1,08,1.01,45.3,M,4.9,M,,*50
$GPGSA,A,3,02,05,12,13,15,18,24,25,,,,,2.01,1.01,1.73*0E
$GPGSV,3,1,10,02,45,120,38,05,30,045,35,12,70,300,42,13,15,210,29*7F
$GPGSV,3,2,10,15,55,080,40,18,20,330,31,24,35,170,36,25,60,020,41*7D
$GPGSV,3,3,10,29,05,260,,31,08,100,*79
$GPGLL,0120.80527,N,10348.95521,E,101703.00,A,A*62
$GPRMC,101704.00,A,0120.80476,N,10348.95486,E,2.224,160.38,250926,,,A*6B
$GPVTG,160.38,T,,M,2.224,N,4.119,K,A*3A
$GPGGA,101704.00,0120.80476,N,10348.95486,E,1,08,1.01,45.3,M,4.9,M,,*5E
$GPGSA,A,3,02,05,12,13,15,18,24,25,,,,,2.01,1.01,1.73*0E
$GPGSV,3,1,10,02,45,120,38,05,30,045,35,12,70,300,42,13,15,210,29*7F
$GPGSV,3,2,10,15,55,080,40,18,20,330,31,24,35,170,36,25,60,020,41*7D
$GPGSV,3,3,10,29,05,260,,31,08,100,*79
$GPGLL,0120.80476,N,10348.95486,E,101704.00,A,A*6C
$GPRMC,101705.00,A,0120.80368,N,10348.95533,E,2.606,172.93,250926,,,A*6B
$GPVTG,172.93,T,,M,2.606,N,4.826,K,A*39
$GPGGA,101705.00,0120.80368,N,10348.95533,E,1,08,1.01,45.3,M,4.9,M,,*58
$GPGSA,A,3,02,05,12,13,15,18,24,25,,,,,2.01,1.01,1.73*0E
$GPGSV,3,1,10,02,45,120,38,05,30,045,35,12,70,300,42,13,15,210,29*7F
$GPGSV,3,2,10,15,55,080,40,18,20,330,31,24,35,170,36,25,60,020,41*7D
$GPGSV,3,3,10,29,05,260,,31,08,100,*79
$GPGLL,0120.80368,N,10348.95533,E,101705.00,A,A*6A
$GPRMC,101706.00,A,0120.80299,N,10348.95505,E,2.413,156.76,250926,,,A*69
$GPVTG,156.76,T,,M,2.413,N,4.468,K,A*34
$GPGGA,101706.00,0120.80299,N,10348.95505,E,1,08,1.01,45.3,M,4.9,M,,*51
$GPGSA,A,3,02,05,12,13,15,18,24,25,,,,,2.01,1.01,1.73*0E
$GPGSV,3,1,10,02,45,120,38,05,30,045,35,12,70,300,42,13,15,210,29*7F
$GPGSV,3,2,10,15,55,080,40,18,20,330,31,24,35,170,36,25,60,020,41*7D
$GPGSV,3,3,10,29,05,260,,31,08,100,*79
$GPGLL,0120.80299,N,10348.95505,E,101706.00,A,A*63
$GPRMC,101707.00,A,0120.80328,N,10348.95524,E,2.203,163.80,250926,,,A*68
$GPVTG,163.80,T,,M,2.203,N,4.080,K,A*3E
$GPGGA,101707.00,0120.80328,N,10348.95524,E,1,08,1.01,45.3,M,4.9,M,,*58
$GPGSA,A,3,02,05,12,13,15,18,24,25,,,,,2.01,1.01,1.73*0E
$GPGSV,3,1,10,02,45,120,38,05,30,045,35,12,70,300,42,13,15,210,29*7F
$GPGSV,3,2,10,15,55,080,40,18,20,330,31,24,35,170,36,25,60,020,41*7D
$GPGSV,3,3,10,29,05,260,,31,08,100,*79
$GPGLL,0120.80328,N,10348.95524,E,101707.00,A,A*6A
$GPRMC,101708.00,A,0120.80274,N,10348.95567,E,2.643,164.26,250926,,,A*63
$GPVTG,164.26,T,,M,2.643,N,4.894,K,A*38
$GPGGA,101708.00,0120.80274,N,10348.95567,E,1,08,1.01,45.3,M,4.9,M,,*58
$GPGSA,A,3,02,05,12,13,15,18,24,25,,,,,2.01,1.01,1.73*0E
$GPGSV,3,1,10,02,45,120,38,05,30,045,35,12,70,300,42,13,15,210,29*7F
$GPGSV,3,2,10,15,55,080,40,18,20,330,31,24,35,170,36,25,60,020,41*7D
$GPGSV,3,3,10,29,05,260,,31,08,100,*79
$GPGLL,0120.80274,N,10348.95567,E,101708.00,A,A*6A
$GPRMC,101709.00,A,0120.80188,N,10348.95517,E,2.266,161.26,250926,,,A*63
$GPVTG,161.26,T,,M,2.266,N,4.197,K,A*34
$GPGGA,101709.00,0120.80188,N,10348.95517,E,1,08,1.01,45.3,M,4.9,M,,*5E
$GPGSA,A,3,02,05,12,13,15,18,24,25,,,,,2.01,1.01,1.73*0E
$GPGSV,3,1,10,02,45,120,38,05,30,045,35,12,70,300,42,13,15,210,29*7F
$GPGSV,3,2,10,15,55,080,40,18,20,330,31,24,35,170,36,25,60,020,41*7D
$GPGSV,3,3,10,29,05,260,,31,08,100,*79
$GPGLL,0120.80188,N,10348.95517,E,101709.00,A,A*6C
$GPRMC,101710.00,A,0120.80135,N,10348.95566,E,2.449,169.73,250926,,,A*68
$GPVTG,169.73,T,,M,2.449,N,4.535,K,A*3B
$GPGGA,101710.00,0120.80135,N,10348.95566,E,1,08,1.01,45.3,M,4.9,M,,*56
$GPGSA,A,3,02,05,12,13,15,18,24,25,,,,,2.01,1.01,1.73*0E
$GPGSV,3,1,10,02,45,120,38,05,30,045,35,12,70,300,42,13,15,210,29*7F
$GPGSV,3,2,10,15,55,080,40,18,20,330,31,24,35,170,36,25,60,020,41*7D
$GPGSV,3,3,10,29,05,260,,31,08,100,*79
$GPGLL,0120.80135,N,10348.95566,E,101710.00,A,A*64
$GPRMC,101711.00,A,0120.80036,N,10348.95541,E,2.706,164.28,250926,,,A*65
$GPVTG,164.28,T,,M,2.706,N,5.011,K,A*32
$GPGGA,101711.00,0120.80036,N,10348.95541,E,1,08,1.01,45.3,M,4.9,M,,*50
$GPGSA,A,3,02,05,12,13,15,18,24,25,,,,,2.01,1.01,1.73*0E
$GPGSV,3,1,10,02,45,120,38,05,30,045,35,12,70,300,42,13,15,210,29*7F
$GPGSV,3,2,10,15,55,080,40,18,20,330,31,24,35,170,36,25,60,020,41*7D
$GPGSV,3,3,10,29,05,260,,31,08,100,*79
$GPGLL,0120.80036,N,10348.95541,E,101711.00,A,A*62
$GPRMC,101712.00,A,0120.79891,N,10348.95587,E,2.092,156.10,250926,,,A*6F
$GPVTG,156.10,T,,M,2.092,N,3.874,K,A*3F
$GPGGA,101712.00,0120.79891,N,10348.95587,E,1,08,1.01,45.3,M,4.9,M,,*5A
$GPGSA,A,3,02,05,12,13,15,18,24,25,,,,,2.01,1.01,1.73*0E
$GPGSV,3,1,10,02,45,120,38,05,30,045,35,12,70,300,42,13,15,210,29*7F
$GPGSV,3,2,10,15,55,080,40,18,20,330,31,24,35,170,36,25,60,020,41*7D
$GPGSV,3,3,10,29,05,260,,31,08,100,*79
$GPGLL,0120.79891,N,10348.95587,E,101712.00,A,A*68
$GPRMC,101713.00,A,0120.79860,N,10348.95586,E,2.675,164.76,250926,,,A*6F
$GPVTG,164.76,T,,M,2.675,N,4.954,K,A*35
$GPGGA,101713.00,0120.79860,N,10348.95586,E,1,08,1.01,45.3,M,4.9,M,,*54
$GPGSA,A,3,02,05,12,13,15,18,24,25,,,,,2.01,1.01,1.73*0E
$GPGSV,3,1,10,02,45,120,38,05,30,045,35,12,70,300,42,13,15,210,29*7F
$GPGSV,3,2,10,15,55,080,40,18,20,330,31,24,35,170,36,25,60,020,41*7D
$GPGSV,3,3,10,29,05,260,,31,08,100,*79
$GPGLL,0120.79860,N,10348.95586,E,101713.00,A,A*66
$GPRMC,101714.00,A,0120.79792,N,10348.95596,E,2.467,162.81,250926,,,A*64
$GPVTG,162.81,T,,M,2.467,N,4.569,K,A*38
$GPGGA,101714.00,0120.79792,N,10348.95596,E,1,08,1.01,45.3,M,4.9,M,,*50
$GPGSA,A,3,02,05,12,13,15,18,24,25,,,,,2.01,1.01,1.73*0E
$GPGSV,3,1,10,02,45,120,38,05,30,045,35,12,70,300,42,13,15,210,29*7F
$GPGSV,3,2,10,15,55,080,40,18,20,330,31,24,35,170,36,25,60,020,41*7D
$GPGSV,3,3,10,29,05,260,,31,08,100,*79
$GPGLL,0120.79792,N,10348.95596,E,101714.00,A,A*62
$GPRMC,101715.00,A,0120.79840,N,10348.95628,E,2.835,164.82,250926,,,A*6D
$GPVTG,164.82,T,,M,2.835,N,5.251,K,A*3B
$GPGGA,101715.00,0120.79840,N,10348.95628,E,1,08,1.01,45.3,M,4.9,M,,*57
$GPGSA,A,3,02,05,12,13,15,18,24,25,,,,,2.01,1.01,1.73*0E
$GPGSV,3,1,10,02,45,120,38,05,30,045,35,12,70,300,42,13,15,210,29*7F
$GPGSV,3,2,10,15,55,080,40,18,20,330,31,24,35,170,36,25,60,020,41*7D
$GPGSV,3,3,10,29,05,260,,31,08,100,*79
$GPGLL,0120.79840,N,10348.95628,E,101715.00,A,A*65
$GPRMC,101716.00,A,0120.79755,N,10348.95618,E,2.387,167.46,250926,,,A*6F
$GPVTG,167.46,T,,M,2.387,N,4.421,K,A*32
$GPGGA,101716.00,0120.79755,N,10348.95618,E,1,08,1.01,45.3,M,4.9,M,,*5C
$GPGSA,A,3,02,05,12,13,15,18,24,25,,,,,2.01,1.01,1.73*0E
$GPGSV,3,1,10,02,45,120,38,05,30,045,35,12,70,300,42,13,15,210,29*7F
$GPGSV,3,2,10,15,55,080,40,18,20,330,31,24,35,170,36,25,60,020,41*7D
$GPGSV,3,3,10,29,05,260,,31,08,100,*79
$GPGLL,0120.79755,N,10348.95618,E,101716.00,A,A*6E
$GPRMC,101717.00,A,0120.79772,N,10348.95629,E,2.480,156.50,250926,,,A*6C
$GPVTG,156.50,T,,M,2.480,N,4.592,K,A*3E
$GPGGA,101717.00,0120.79772,N,10348.95629,E,1,08,1.01,45.3,M,4.9,M,,*5A
$GPGSA,A,3,02,05,12,13,15,18,24,25,,,,,2.01,1.01,1.73*0E
$GPGSV,3,1,10,02,45,120,38,05,30,045,35,12,70,300,42,13,15,210,29*7F
$GPGSV,3,2,10,15,55,080,40,18,20,330,31,24,35,170,36,25,60,020,41*7D
$GPGSV,3,3,10,29,05,260,,31,08,100,*79
$GPGLL,0120.79772,N,10348.95629,E,101717.00,A,A*68
$GPRMC,101718.00,A,0120.79606,N,10348.95682,E,2.517,169.17,250926,,,A*60
$GPVTG,169.17,T,,M,2.517,N,4.662,K,A*32
$GPGGA,101718.00,0120.79606,N,10348.95682,E,1,08,1.01,45.3,M,4.9,M,,*56
$GPGSA,A,3,02,05,12,13,15,18,24,25,,,,,2.01,1.01,1.73*0E
$GPGSV,3,1,10,02,45,120,38,05,30,045,35,12,70,300,42,13,15,210,29*7F
$GPGSV,3,2,10,15,55,080,40,18,20,330,31,24,35,170,36,25,60,020,41*7D
$GPGSV,3,3,10,29,05,260,,31,08,100,*79
$GPGLL,0120.79606,N,10348.95682,E,101718.00,A,A*64
$GPRMC,101719.00,A,0120.79608,N,10348.95766,E,2.100,158.66,250926,,,A*62
$GPVTG,158.66,T,,M,2.100,N,3.889,K,A*38
$GPGGA,101719.00,0120.79608,N,10348.95766,E,1,08,1.01,45.3,M,4.9,M,,*52
$GPGSA,A,3,02,05,12,13,15,18,24,25,,,,,2.01,1.01,1.73*0E
$GPGSV,3,1,10,02,45,120,38,05,30,045,35,12,70,300,42,13,15,210,29*7F
$GPGSV,3,2,10,15,55,080,40,18,20,330,31,24,35,170,36,25,60,020,41*7D
$GPGSV,3,3,10,29,05,260,,31,08,100,*79
$GPGLL,0120.79608,N,10348.95766,E,101719.00,A,A*60
$GPRMC,101720.00,A,0120.79503,N,10348.95672,E,2.566,160.71,250926,,,A*6D
$GPVTG,160.71,T,,M,2.566,N,4.752,K,A*3F
$GPGGA,101720.00,0120.79503,N,10348.95672,E,1,08,1.01,45.3,M,4.9,M,,*54
$GPGSA,A,3,02,05,12,13,15,18,24,25,,,,,2.01,1.01,1.73*0E
$GPGSV,3,1,10,02,45,120,38,05,30,045,35,12,70,300,42,13,15,210,29*7F
$GPGSV,3,2,10,15,55,080,40,18,20,330,31,24,35,170,36,25,60,020,41*7D
$GPGSV,3,3,10,29,05,260,,31,08,100,*79
$GPGLL,0120.79503,N,10348.95672,E,101720.00,A,A*66
$GPRMC,101721.00,A,0120.79472,N,10348.95684,E,2.373,156.29,250926,,,A*68
$GPVTG,156.29,T,,M,2.373,N,4.395,K,A*3A
$GPGGA,101721.00,0120.79472,N,10348.95684,E,1,08,1.01,45.3,M,4.9,M,,*5B
$GPGSA,A,3,02,05,12,13,15,18,24,25,,,,,2.01,1.01,1.73*0E
$GPGSV,3,1,10,02,45,120,38,05,30,045,35,12,70,300,42,13,15,210,29*7F
$GPGSV,3,2,10,15,55,080,40,18,20,330,31,24,35,170,36,25,60,020,41*7D
$GPGSV,3,3,10,29,05,260,,31,08,100,*79
$GPGLL,0120.79472,N,10348.95684,E,101721.00,A,A*69
$GPRMC,101722.00,A,0120.79406,N,10348.95805,E,2.321,159.93,250926,,,A*66
$GPVTG,159.93,T,,M,2.321,N,4.298,K,A*3F
$GPGGA,101722.00,0120.79406,N,10348.95805,E,1,08,1.01,45.3,M,4.9,M,,*5C
$GPGSA,A,3,02,05,12,13,15,18,24,25,,,,,2.01,1.01,1.73*0E
$GPGSV,3,1,10,02,45,120,38,05,30,045,35,12,70,300,42,13,15,210,29*7F
$GPGSV,3,2,10,15,55,080,40,18,20,330,31,24,35,170,36,25,60,020,41*7D
$GPGSV,3,3,10,29,05,260,,31,08,100,*79
$GPGLL,0120.79406,N,10348.95805,E,101722.00,A,A*6E
$GPRMC,101723.00,A,0120.79277,N,10348.95878,E,2.944,154.48,250926,,,A*6F
$GPVTG,154.48,T,,M,2.944,N,5.452,K,A*3C
$GPGGA,101723.00,0120.79277,N,10348.95878,E,1,08,1.01,45.3,M,4.9,M,,*57
$GPGSA,A,3,02,05,12,13,15,18,24,25,,,,,2.01,1.01,1.73*0E
$GPGSV,3,1,10,02,45,120,38,05,30,045,35,12,70,300,42,13,15,210,29*7F
$GPGSV,3,2,10,15,55,080,40,18,20,330,31,24,35,170,36,25,60,020,41*7D
$GPGSV,3,3,10,29,05,260,,31,08,100,*79
$GPGLL,0120.79277,N,10348.95878,E,101723.00,A,A*65
$GPRMC,101724.00,A,0120.79245,N,10348.95817,E,2.059,170.10,250926,,,A*6E
$GPVTG,170.10,T,,M,2.059,N,3.814,K,A*3A
$GPGGA,101724.00,0120.79245,N,10348.95817,E,1,08,1.01,45.3,M,4.9,M,,*58
$GPGSA,A,3,02,05,12,13,15,18,24,25,,,,,2.01,1.01,1.73*0E
$GPGSV,3,1,10,02,45,120,38,05,30,045,35,12,70,300,42,13,15,210,29*7F
$GPGSV,3,2,10,15,55,080,40,18,20,330,31,24,35,170,36,25,60,020,41*7D
$GPGSV,3,3,10,29,05,260,,31,08,100,*79
$GPGLL,0120.79245,N,10348.95817,E,101724.00,A,A*6A
$GPRMC,101725.00,A,0120.79141,N,10348.95925,E,2.567,157.66,250926,,,A*64
$GPVTG,157.66,T,,M,2.567,N,4.754,K,A*3A
$GPGGA,101725.00,0120.79141,N,10348.95925,E,1,08,1.01,45.3,M,4.9,M,,*5E
$GPGSA,A,3,02,05,12,13,15,18,24,25,,,,,2.01,1.01,1.73*0E
$GPGSV,3,1,10,02,45,120,38,05,30,045,35,12,70,300,42,13,15,210,29*7F
$GPGSV,3,2,10,15,55,080,40,18,20,330,31,24,35,170,36,25,60,020,41*7D
$GPGSV,3,3,10,29,05,260,,31,08,100,*79
$GPGLL,0120.79141,N,10348.95925,E,101725.00,A,A*6C
$GPRMC,101726.00,A,0120.79076,N,10348.95917,E,2.527,165.49,250926,,,A*6B
$GPVTG,165.49,T,,M,2.527,N,4.681,K,A*3B
$GPGGA,101726.00,0120.79076,N,10348.95917,E,1,08,1.01,45.3,M,4.9,M,,*59
$GPGSA,A,3,02,05,12,13,15,18,24,25,,,,,2.01,1.01,1.73*0E
$GPGSV,3,1,10,02,45,120,38,05,30,045,35,12,70,300,42,13,15,210,29*7F
$GPGSV,3,2,10,15,55,080,40,18,20,330,31,24,35,170,36,25,60,020,41*7D
$GPGSV,3,3,10,29,05,260,,31,08,100,*79
$GPGLL,0120.79076,N,10348.95917,E,101726.00,A,A*6B
$GPRMC,101727.00,A,0120.78955,N,10348.95926,E,2.553,160.57,250926,,,A*68
$GPVTG,160.57,T,,M,2.553,N,4.729,K,A*31
$GPGGA,101727.00,0120.78955,N,10348.95926,E,1,08,1.01,45.3,M,4.9,M,,*53
$GPGSA,A,3,02,05,12,13,15,18,24,25,,,,,2.01,1.01,1.73*0E
$GPGSV,3,1,10,02,45,120,38,05,30,045,35,12,70,300,42,13,15,210,29*7F
$GPGSV,3,2,10,15,55,080,40,18,20,330,31,24,35,170,36,25,60,020,41*7D
$GPGSV,3,3,10,29,05,260,,31,08,100,*79
$GPGLL,0120.78955,N,10348.95926,E,101727.00,A,A*61
$GPRMC,101728.00,A,0120.78892,N,10348.96007,E,2.105,160.45,250926,,,A*60
$GPVTG,160.45,T,,M,2.105,N,3.898,K,A*37
$GPGGA,101728.00,0120.78892,N,10348.96007,E,1,08,1.01,45.3,M,4.9,M,,*5F
$GPGSA,A,3,02,05,12,13,15,18,24,25,,,,,2.01,1.01,1.73*0E
$GPGSV,3,1,10,02,45,120,38,05,30,045,35,12,70,300,42,13,15,210,29*7F
$GPGSV,3,2,10,15,55,080,40,18,20,330,31,24,35,170,36,25,60,020,41*7D
$GPGSV,3,3,10,29,05,260,,31,08,100,*79
$GPGLL,0120.78892,N,10348.96007,E,101728.00,A,A*6D
$GPRMC,101729.00,A,0120.78900,N,10348.96040,E,2.444,160.45,250926,,,A*68
$GPVTG,160.45,T,,M,2.444,N,4.526,K,A*38
$GPGGA,101729.00,0120.78900,N,10348.96040,E,1,08,1.01,45.3,M,4.9,M,,*57
$GPGSA,A,3,02,05,12,13,15,18,24,25,,,,,2.01,1.01,1.73*0E
$GPGSV,3,1,10,02,45,120,38,05,30,045,35,12,70,300,42,13,15,210,29*7F
$GPGSV,3,2,10,15,55,080,40,18,20,330,31,24,35,170,36,25,60,020,41*7D
$GPGSV,3,3,10,29,05,260,,31,08,100,*79
$GPGLL,0120.78900,N,10348.96040,E,101729.00,A,A*65
$GPRMC,101730.00,A,0120.78742,N,10348.96039,E,2.457,171.70,250926,,,A*62
$GPVTG,171.70,T,,M,2.457,N,4.550,K,A*3D
$GPGGA,101730.00,0120.78742,N,10348.96039,E,1,08,1.01,45.3,M,4.9,M,,*59
$GPGSA,A,3,02,05,12,13,15,18,24,25,,,,,2.01,1.01,1.73*0E
$GPGSV,3,1,10,02,45,120,38,05,30,045,35,12,70,300,42,13,15,210,29*7F
$GPGSV,3,2,10,15,55,080,40,18,20,330,31,24,35,170,36,25,60,020,41*7D
$GPGSV,3,3,10,29,05,260,,31,08,100,*79
$GPGLL,0120.78742,N,10348.96039,E,101730.00,A,A*6B
$GPRMC,101731.00,A,0120.78728,N,10348.96037,E,2.405,161.64,250926,,,A*62
$GPVTG,161.64,T,,M,2.405,N,4.454,K,A*3B
$GPGGA,101731.00,0120.78728,N,10348.96037,E,1,08,1.01,45.3,M,4.9,M,,*5A
$GPGSA,A,3,02,05,12,13,15,18,24,25,,,,,2.01,1.01,1.73*0E
$GPGSV,3,1,10,02,45,120,38,05,30,045,35,12,70,300,42,13,15,210,29*7F
$GPGSV,3,2,10,15,55,080,40,18,20,330,31,24,35,170,36,25,60,020,41*7D
$GPGSV,3,3,10,29,05,260,,31,08,100,*79
$GPGLL,0120.78728,N,10348.96037,E,101731.00,A,A*68
$GPRMC,101732.00,A,0120.78724,N,10348.95998,E,2.488,169.44,250926,,,A*6D
$GPVTG,169.44,T,,M,2.488,N,4.607,K,A*30
$GPGGA,101732.00,0120.78724,N,10348.95998,E,1,08,1.01,45.3,M,4.9,M,,*5A
$GPGSA,A,3,02,05,12,13,15,18,24,25,,,,,2.01,1.01,1.73*0E
$GPGSV,3,1,10,02,45,120,38,05,30,045,35,12,70,300,42,13,15,210,29*7F
$GPGSV,3,2,10,15,55,080,40,18,20,330,31,24,35,170,36,25,60,020,41*7D
$GPGSV,3,3,10,29,05,260,,31,08,100,*79
$GPGLL,0120.78724,N,10348.95998,E,101732.00,A,A*68
$GPRMC,101733.00,A,0120.78684,N,10348.96053,E,2.884,159.51,250926,,,A*6D
$GPVTG,159.51,T,,M,2.884,N,5.342,K,A*32
$GPGGA,101733.00,0120.78684,N,10348.96053,E,1,08,1.01,45.3,M,4.9,M,,*5D
$GPGSA,A,3,02,05,12,13,15,18,24,25,,,,,2.01,1.01,1.73*0E
$GPGSV,3,1,10,02,45,120,38,05,30,045,35,12,70,300,42,13,15,210,29*7F
$GPGSV,3,2,10,15,55,080,40,18,20,330,31,24,35,170,36,25,60,020,41*7D
$GPGSV,3,3,10,29,05,260,,31,08,100,*79
$GPGLL,0120.78684,N,10348.96053,E,101733.00,A,A*6F
$GPRMC,101734.00,A,0120.78519,N,10348.96193,E,2.520,156.45,250926,,,A*69
$GPVTG,156.45,T,,M,2.520,N,4.666,K,A*39
$GPGGA,101734.00,0120.78519,N,10348.96193,E,1,08,1.01,45.3,M,4.9,M,,*50
$GPGSA,A,3,02,05,12,13,15,18,24,25,,,,,2.01,1.01,1.73*0E
$GPGSV,3,1,10,02,45,120,38,05,30,045,35,12,70,300,42,13,15,210,29*7F
$GPGSV,3,2,10,15,55,080,40,18,20,330,31,24,35,170,36,25,60,020,41*7D
$GPGSV,3,3,10,29,05,260,,31,08,100,*79
$GPGLL,0120.78519,N,10348.96193,E,101734.00,A,A*62
$GPRMC,101735.00,A,0120.78584,N,10348.96236,E,2.929,165.98,250926,,,A*65
$GPVTG,165.98,T,,M,2.929,N,5.424,K,A*39
$GPGGA,101735.00,0120.78584,N,10348.96236,E,1,08,1.01,45.3,M,4.9,M,,*59
$GPGSA,A,3,02,05,12,13,15,18,24,25,,,,,2.01,1.01,1.73*0E
$GPGSV,3,1,10,02,45,120,38,05,30,045,35,12,70,300,42,13,15,210,29*7F
$GPGSV,3,2,10,15,55,080,40,18,20,330,31,24,35,170,36,25,60,020,41*7D
$GPGSV,3,3,10,29,05,260,,31,08,100,*79
$GPGLL,0120.78584,N,10348.96236,E,101735.00,A,A*6B
$GPRMC,101736.00,A,0120.78365,N,10348.96175,E,2.658,161.08,250926,,,A*6F
$GPVTG,161.08,T,,M,2.658,N,4.922,K,A*37
$GPGGA,101736.00,0120.78365,N,10348.96175,E,1,08,1.01,45.3,M,4.9,M,,*57
$GPGSA,A,3,02,05,12,13,15,18,24,25,,,,,2.01,1.01,1.73*0E
$GPGSV,3,1,10,02,45,120,38,05,30,045,35,12,70,300,42,13,15,210,29*7F
$GPGSV,3,2,10,15,55,080,40,18,20,330,31,24,35,170,36,25,60,020,41*7D
$GPGSV,3,3,10,29,05,260,,31,08,100,*79
$GPGLL,0120.78365,N,10348.96175,E,101736.00,A,A*65
$GPRMC,101737.00,A,0120.78324,N,10348.96136,E,2.670,163.48,250926,,,A*60
$GPVTG,163.48,T,,M,2.670,N,4.945,K,A*3A
$GPGGA,101737.00,0120.78324,N,10348.96136,E,1,08,1.01,45.3,M,4.9,M,,*54
$GPGSA,A,3,02,05,12,13,15,18,24,25,,,,,2.01,1.01,1.73*0E
$GPGSV,3,1,10,02,45,120,38,05,30,045,35,12,70,300,42,13,15,210,29*7F
$GPGSV,3,2,10,15,55,080,40,18,20,330,31,24,35,170,36,25,60,020,41*7D
$GPGSV,3,3,10,29,05,260,,31,08,100,*79
$GPGLL,0120.78324,N,10348.96136,E,101737.00,A,A*66
$GPRMC,101738.00,A,0120.78251,N,10348.96146,E,2.238,158.36,250926,,,A*62
$GPVTG,158.36,T,,M,2.238,N,4.146,K,A*38
$GPGGA,101738.00,0120.78251,N,10348.96146,E,1,08,1.01,45.3,M,4.9,M,,*5F
$GPGSA,A,3,02,05,12,13,15,18,24,25,,,,,2.01,1.01,1.73*0E
$GPGSV,3,1,10,02,45,120,38,05,30,045,35,12,70,300,42,13,15,210,29*7F
$GPGSV,3,2,10,15,55,080,40,18,20,330,31,24,35,170,36,25,60,020,41*7D
$GPGSV,3,3,10,29,05,260,,31,08,100,*79
$GPGLL,0120.78251,N,10348.96146,E,101738.00,A,A*6D
$GPRMC,101739.00,A,0120.78220,N,10348.96183,E,2.208,160.28,250926,,,A*6B
$GPVTG,160.28,T,,M,2.208,N,4.088,K,A*3C
$GPGGA,101739.00,0120.78220,N,10348.96183,E,1,08,1.01,45.3,M,4.9,M,,*51
$GPGSA,A,3,02,05,12,13,15,18,24,25,,,,,2.01,1.01,1.73*0E
$GPGSV,3,1,10,02,45,120,38,05,30,045,35,12,70,300,42,13,15,210,29*7F
$GPGSV,3,2,10,15,55,080,40,18,20,330,31,24,35,170,36,25,60,020,41*7D
$GPGSV,3,3,10,29,05,260,,31,08,100,*79
$GPGLL,0120.78220,N,10348.96183,E,101739.00,A,A*63
$GPRMC,101740.00,A,0120.78070,N,10348.96204,E,2.585,159.98,250926,,,A*6D
$GPVTG,159.98,T,,M,2.585,N,4.787,K,A*37
$GPGGA,101740.00,0120.78070,N,10348.96204,E,1,08,1.01,45.3,M,4.9,M,,*54
$GPGSA,A,3,02,05,12,13,15,18,24,25,,,,,2.01,1.01,1.73*0E
$GPGSV,3,1,10,02,45,120,38,05,30,045,35,12,70,300,42,13,15,210,29*7F
$GPGSV,3,2,10,15,55,080,40,18,20,330,31,24,35,170,36,25,60,020,41*7D
$GPGSV,3,3,10,29,05,260,,31,08,100,*79
$GPGLL,0120.78070,N,10348.96204,E,101740.00,A,A*66
$GPRMC,101741.00,A,0120.78044,N,10348.96258,E,2.087,173.10,250926,,,A*6D
$GPVTG,173.10,T,,M,2.087,N,3.864,K,A*3D
$GPGGA,101741.00,0120.78044,N,10348.96258,E,1,08,1.01,45.3,M,4.9,M,,*5B
$GPGSA,A,3,02,05,12,13,15,18,24,25,,,,,2.01,1.01,1.73*0E
$GPGSV,3,1,10,02,45,120,38,05,30,045,35,12,70,300,42,13,15,210,29*7F
$GPGSV,3,2,10,15,55,080,40,18,20,330,31,24,35,170,36,25,60,020,41*7D
$GPGSV,3,3,10,29,05,260,,31,08,100,*79
$GPGLL,0120.78044,N,10348.96258,E,101741.00,A,A*69
$GPRMC,101742.00,A,0120.77939,N,10348.96281,E,2.467,157.69,250926,,,A*64
$GPVTG,157.69,T,,M,2.467,N,4.568,K,A*39
$GPGGA,101742.00,0120.77939,N,10348.96281,E,1,08,1.01,45.3,M,4.9,M,,*50
$GPGSA,A,3,02,05,12,13,15,18,24,25,,,,,2.01,1.01,1.73*0E
$GPGSV,3,1,10,02,45,120,38,05,30,045,35,12,70,300,42,13,15,210,29*7F
$GPGSV,3,2,10,15,55,080,40,18,20,330,31,24,35,170,36,25,60,020,41*7D
$GPGSV,3,3,10,29,05,260,,31,08,100,*79
$GPGLL,0120.77939,N,10348.96281,E,101742.00,A,A*62
$GPRMC,101743.00,A,0120.77836,N,10348.96274,E,2.501,166.01,250926,,,A*6C
$GPVTG,166.01,T,,M,2.501,N,4.631,K,A*3B
$GPGGA,101743.00,0120.77836,N,10348.96274,E,1,08,1.01,45.3,M,4.9,M,,*55
$GPGSA,A,3,02,05,12,13,15,18,24,25,,,,,2.01,1.01,1.73*0E
$GPGSV,3,1,10,02,45,120,38,05,30,045,35,12,70,300,42,13,15,210,29*7F
$GPGSV,3,2,10,15,55,080,40,18,20,330,31,24,35,170,36,25,60,020,41*7D
$GPGSV,3,3,10,29,05,260,,31,08,100,*79
$GPGLL,0120.77836,N,10348.96274,E,101743.00,A,A*67
$GPRMC,101744.00,A,0120.77751,N,10348.96296,E,2.309,159.38,250926,,,A*61
$GPVTG,159.38,T,,M,2.309,N,4.277,K,A*35
$GPGGA,101744.00,0120.77751,N,10348.96296,E,1,08,1.01,45.3,M,4.9,M,,*50
$GPGSA,A,3,02,05,12,13,15,18,24,25,,,,,2.01,1.01,1.73*0E
$GPGSV,3,1,10,02,45,120,38,05,30,045,35,12,70,300,42,13,15,210,29*7F
$GPGSV,3,2,10,15,55,080,40,18,20,330,31,24,35,170,36,25,60,020,41*7D
$GPGSV,3,3,10,29,05,260,,31,08,100,*79
$GPGLL,0120.77751,N,10348.96296,E,101744.00,A,A*62
$GPRMC,101745.00,A,0120.77730,N,10348.96313,E,2.427,169.25,250926,,,A*6F
$GPVTG,169.25,T,,M,2.427,N,4.495,K,A*3B
$GPGGA,101745.00,0120.77730,N,10348.96313,E,1,08,1.01,45.3,M,4.9,M,,*5A
$GPGSA,A,3,02,05,12,13,15,18,24,25,,,,,2.01,1.01,1.73*0E
$GPGSV,3,1,10,02,45,120,38,05,30,045,35,12,70,300,42,13,15,210,29*7F
$GPGSV,3,2,10,15,55,080,40,18,20,330,31,24,35,170,36,25,60,020,41*7D
$GPGSV,3,3,10,29,05,260,,31,08,100,*79
$GPGLL,0120.77730,N,10348.96313,E,101745.00,A,A*68
$GPRMC,101746.00,A,0120.77623,N,10348.96339,E,2.721,157.47,250926,,,A*6B
$GPVTG,157.47,T,,M,2.721,N,5.039,K,A*34
$GPGGA,101746.00,0120.77623,N,10348.96339,E,1,08,1.01,45.3,M,4.9,M,,*52
$GPGSA,A,3,02,05,12,13,15,18,24,25,,,,,2.01,1.01,1.73*0E
$GPGSV,3,1,10,02,45,120,38,05,30,045,35,12,70,300,42,13,15,210,29*7F
$GPGSV,3,2,10,15,55,080,40,18,20,330,31,24,35,170,36,25,60,020,41*7D
$GPGSV,3,3,10,29,05,260,,31,08,100,*79
$GPGLL,0120.77623,N,10348.96339,E,101746.00,A,A*60
$GPRMC,101747.00,A,0120.77684,N,10348.96312,E,2.238,156.73,250926,,,A*65
$GPVTG,156.73,T,,M,2.238,N,4.145,K,A*34
$GPGGA,101747.00,0120.77684,N,10348.96312,E,1,08,1.01,45.3,M,4.9,M,,*57
$GPGSA,A,3,02,05,12,13,15,18,24,25,,,,,2.01,1.01,1.73*0E
$GPGSV,3,1,10,02,45,120,38,05,30,045,35,12,70,300,42,13,15,210,29*7F
$GPGSV,3,2,10,15,55,080,40,18,20,330,31,24,35,170,36,25,60,020,41*7D
$GPGSV,3,3,10,29,05,260,,31,08,100,*79
$GPGLL,0120.77684,N,10348.96312,E,101747.00,A,A*65
$GPRMC,101748.00,A,0120.77500,N,10348.96381,E,2.927,157.72,250926,,,A*6A
$GPVTG,157.72,T,,M,2.927,N,5.421,K,A*37
$GPGGA,101748.00,0120.77500,N,10348.96381,E,1,08,1.01,45.3,M,4.9,M,,*5D
$GPGSA,A,3,02,05,12,13,15,18,24,25,,,,,2.01,1.01,1.73*0E
$GPGSV,3,1,10,02,45,120,38,05,30,045,35,12,70,300,42,13,15,210,29*7F
$GPGSV,3,2,10,15,55,080,40,18,20,330,31,24,35,170,36,25,60,020,41*7D
$GPGSV,3,3,10,29,05,260,,31,08,100,*79
$GPGLL,0120.77500,N,10348.96381,E,101748.00,A,A*6F
$GPRMC,101749.00,A,0120.77466,N,10348.96367,E,2.593,172.00,250926,,,A*63
$GPVTG,172.00,T,,M,2.593,N,4.802,K,A*3A
$GPGGA,101749.00,0120.77466,N,10348.96367,E,1,08,1.01,45.3,M,4.9,M,,*55
$GPGSA,A,3,02,05,12,13,15,18,24,25,,,,,2.01,1.01,1.73*0E
$GPGSV,3,1,10,02,45,120,38,05,30,045,35,12,70,300,42,13,15,210,29*7F
$GPGSV,3,2,10,15,55,080,40,18,20,330,31,24,35,170,36,25,60,020,41*7D
$GPGSV,3,3,10,29,05,260,,31,08,100,*79
$GPGLL,0120.77466,N,10348.96367,E,101749.00,A,A*67
$GPRMC,101750.00,A,0120.77456,N,10348.96412,E,2.542,160.05,250926,,,A*67
$GPVTG,160.05,T,,M,2.542,N,4.708,K,A*35
$GPGGA,101750.00,0120.77456,N,10348.96412,E,1,08,1.01,45.3,M,4.9,M,,*5B
$GPGSA,A,3,02,05,12,13,15,18,24,25,,,,,2.01,1.01,1.73*0E
$GPGSV,3,1,10,02,45,120,38,05,30,045,35,12,70,300,42,13,15,210,29*7F
$GPGSV,3,2,10,15,55,080,40,18,20,330,31,24,35,170,36,25,60,020,41*7D
$GPGSV,3,3,10,29,05,260,,31,08,100,*79
$GPGLL,0120.77456,N,10348.96412,E,101750.00,A,A*69
$GPRMC,101751.00,A,0120.77319,N,10348.96393,E,2.389,163.55,250926,,,A*63
$GPVTG,163.55,T,,M,2.389,N,4.425,K,A*3E
$GPGGA,101751.00,0120.77319,N,10348.96393,E,1,08,1.01,45.3,M,4.9,M,,*58
$GPGSA,A,3,02,05,12,13,15,18,24,25,,,,,2.01,1.01,1.73*0E
$GPGSV,3,1,10,02,45,120,38,05,30,045,35,12,70,300,42,13,15,210,29*7F
$GPGSV,3,2,10,15,55,080,40,18,20,330,31,24,35,170,36,25,60,020,41*7D
$GPGSV,3,3,10,29,05,260,,31,08,100,*79
$GPGLL,0120.77319,N,10348.96393,E,101751.00,A,A*6A
$GPRMC,101752.00,A,0120.77325,N,10348.96489,E,2.549,163.22,250926,,,A*69
$GPVTG,163.22,T,,M,2.549,N,4.720,K,A*32
$GPGGA,101752.00,0120.77325,N,10348.96489,E,1,08,1.01,45.3,M,4.9,M,,*58
$GPGSA,A,3,02,05,12,13,15,18,24,25,,,,,2.01,1.01,1.73*0E
$GPGSV,3,1,10,02,45,120,38,05,30,045,35,12,70,300,42,13,15,210,29*7F
$GPGSV,3,2,10,15,55,080,40,18,20,330,31,24,35,170,36,25,60,020,41*7D
$GPGSV,3,3,10,29,05,260,,31,08,100,*79
$GPGLL,0120.77325,N,10348.96489,E,101752.00,A,A*6A
$GPRMC,101753.00,A,0120.77174,N,10348.96438,E,2.717,160.23,250926,,,A*6F
$GPVTG,160.23,T,,M,2.717,N,5.032,K,A*3C
$GPGGA,101753.00,0120.77174,N,10348.96438,E,1,08,1.01,45.3,M,4.9,M,,*55
$GPGSA,A,3,02,05,12,13,15,18,24,25,,,,,2.01,1.01,1.73*0E
$GPGSV,3,1,10,02,45,120,38,05,30,045,35,12,70,300,42,13,15,210,29*7F
$GPGSV,3,2,10,15,55,080,40,18,20,330,31,24,35,170,36,25,60,020,41*7D
$GPGSV,3,3,10,29,05,260,,31,08,100,*79
$GPGLL,0120.77174,N,10348.96438,E,101753.00,A,A*67
$GPRMC,101754.00,A,0120.77095,N,10348.96468,E,2.288,165.76,250926,,,A*65
$GPVTG,165.76,T,,M,2.288,N,4.237,K,A*3C
$GPGGA,101754.00,0120.77095,N,10348.96468,E,1,08,1.01,45.3,M,4.9,M,,*59
$GPGSA,A,3,02,05,12,13,15,18,24,25,,,,,2.01,1.01,1.73*0E
$GPGSV,3,1,10,02,45,120,38,05,30,045,35,12,70,300,42,13,15,210,29*7F
$GPGSV,3,2,10,15,55,080,40,18,20,330,31,24,35,170,36,25,60,020,41*7D
$GPGSV,3,3,10,29,05,260,,31,08,100,*79
$GPGLL,0120.77095,N,10348.96468,E,101754.00,A,A*6B
$GPRMC,101755.00,A,0120.77062,N,10348.96426,E,2.311,158.47,250926,,,A*6B
$GPVTG,158.47,T,,M,2.311,N,4.280,K,A*3D
$GPGGA,101755.00,0120.77062,N,10348.96426,E,1,08,1.01,45.3,M,4.9,M,,*5A
$GPGSA,A,3,02,05,12,13,15,18,24,25,,,,,2.01,1.01,1.73*0E
$GPGSV,3,1,10,02,45,120,38,05,30,045,35,12,70,300,42,13,15,210,29*7F
$GPGSV,3,2,10,15,55,080,40,18,20,330,31,24,35,170,36,25,60,020,41*7D
$GPGSV,3,3,10,29,05,260,,31,08,100,*79
$GPGLL,0120.77062,N,10348.96426,E,101755.00,A,A*68
$GPRMC,101756.00,A,0120.76934,N,10348.96459,E,2.613,163.21,250926,,,A*64
$GPVTG,163.21,T,,M,2.613,N,4.840,K,A*34
$GPGGA,101756.00,0120.76934,N,10348.96459,E,1,08,1.01,45.3,M,4.9,M,,*5A
$GPGSA,A,3,02,05,12,13,15,18,24,25,,,,,2.01,1.01,1.73*0E
$GPGSV,3,1,10,02,45,120,38,05,30,045,35,12,70,300,42,13,15,210,29*7F
$GPGSV,3,2,10,15,55,080,40,18,20,330,31,24,35,170,36,25,60,020,41*7D
$GPGSV,3,3,10,29,05,260,,31,08,100,*79
$GPGLL,0120.76934,N,10348.96459,E,101756.00,A,A*68
$GPRMC,101757.00,A,0120.76909,N,10348.96491,E,2.938,155.55,250926,,,A*6F
$GPVTG,155.55,T,,M,2.938,N,5.442,K,A*3B
$GPGGA,101757.00,0120.76909,N,10348.96491,E,1,08,1.01,45.3,M,4.9,M,,*51
$GPGSA,A,3,02,05,12,13,15,18,24,25,,,,,2.01,1.01,1.73*0E
$GPGSV,3,1,10,02,45,120,38,05,30,045,35,12,70,300,42,13,15,210,29*7F
$GPGSV,3,2,10,15,55,080,40,18,20,330,31,24,35,170,36,25,60,020,41*7D
$GPGSV,3,3,10,29,05,260,,31,08,100,*79
$GPGLL,0120.76909,N,10348.96491,E,101757.00,A,A*63
$GPRMC,101758.00,A,0120.76892,N,10348.96451,E,2.403,166.48,250926,,,A*66
$GPVTG,166.48,T,,M,2.403,N,4.451,K,A*31
$GPGGA,101758.00,0120.76892,N,10348.96451,E,1,08,1.01,45.3,M,4.9,M,,*51
$GPGSA,A,3,02,05,12,13,15,18,24,25,,,,,2.01,1.01,1.73*0E
$GPGSV,3,1,10,02,45,120,38,05,30,045,35,12,70,300,42,13,15,210,29*7F
$GPGSV,3,2,10,15,55,080,40,18,20,330,31,24,35,170,36,25,60,020,41*7D
$GPGSV,3,3,10,29,05,260,,31,08,100,*79
$GPGLL,0120.76892,N,10348.96451,E,101758.00,A,A*63
$GPRMC,101759.00,A,0120.76825,N,10348.96509,E,2.611,159.50,250926,,,A*63
$GPVTG,159.50,T,,M,2.611,N,4.836,K,A*38
$GPGGA,101759.00,0120.76825,N,10348.96509,E,1,08,1.01,45.3,M,4.9,M,,*50
$GPGSA,A,3,02,05,12,13,15,18,24,25,,,,,2.01,1.01,1.73*0E
$GPGSV,3,1,10,02,45,120,38,05,30,045,35,12,70,300,42,13,15,210,29*7F
$GPGSV,3,2,10,15,55,080,40,18,20,330,31,24,35,170,36,25,60,020,41*7D
$GPGSV,3,3,10,29,05,260,,31,08,100,*79
$GPGLL,0120.76825,N,10348.96509,E,101759.00,A,A*62
$GPRMC,101800.00,A,0120.76701,N,10348.96592,E,3.070,170.29,250926,,,A*6E
$GPVTG,170.29,T,,M,3.070,N,5.685,K,A*3A
$GPGGA,101800.00,0120.76701,N,10348.96592,E,1,08,1.01,45.3,M,4.9,M,,*58
$GPGSA,A,3,02,05,12,13,15,18,24,25,,,,,2.01,1.01,1.73*0E
$GPGSV,3,1,10,02,45,120,38,05,30,045,35,12,70,300,42,13,15,210,29*7F
$GPGSV,3,2,10,15,55,080,40,18,20,330,31,24,35,170,36,25,60,020,41*7D
$GPGSV,3,3,10,29,05,260,,31,08,100,*79
$GPGLL,0120.76701,N,10348.96592,E,101800.00,A,A*6A
$GPRMC,101801.00,A,0120.76497,N,10348.96516,E,2.396,158.87,250926,,,A*6B
$GPVTG,158.87,T,,M,2.396,N,4.437,K,A*34
$GPGGA,101801.00,0120.76497,N,10348.96516,E,1,08,1.01,45.3,M,4.9,M,,*59
$GPGSA,A,3,02,05,12,13,15,18,24,25,,,,,2.01,1.01,1.73*0E
$GPGSV,3,1,10,02,45,120,38,05,30,045,35,12,70,300,42,13,15,210,29*7F
$GPGSV,3,2,10,15,55,080,40,18,20,330,31,24,35,170,36,25,60,020,41*7D
$GPGSV,3,3,10,29,05,260,,31,08,100,*79
$GPGLL,0120.76497,N,10348.96516,E,101801.00,A,A*6B
$GPRMC,101802.00,A,0120.76443,N,10348.96592,E,2.439,169.01,250926,,,A*63
$GPVTG,169.01,T,,M,2.439,N,4.517,K,A*39
$GPGGA,101802.00,0120.76443,N,10348.96592,E,1,08,1.01,45.3,M,4.9,M,,*5F
$GPGSA,A,3,02,05,12,13,15,18,24,25,,,,,2.01,1.01,1.73*0E
$GPGSV,3,1,10,02,45,120,38,05,30,045,35,12,70,300,42,13,15,210,29*7F
$GPGSV,3,2,10,15,55,080,40,18,20,330,31,24,35,170,36,25,60,020,41*7D
$GPGSV,3,3,10,29,05,260,,31,08,100,*79
$GPGLL,0120.76443,N,10348.96592,E,101802.00,A,A*6D
$GPRMC,101803.00,A,0120.76349,N,10348.96567,E,2.622,164.62,250926,,,A*65
$GPVTG,164.62,T,,M,2.622,N,4.855,K,A*32
$GPGGA,101803.00,0120.76349,N,10348.96567,E,1,08,1.01,45.3,M,4.9,M,,*59
$GPGSA,A,3,02,05,12,13,15,18,24,25,,,,,2.01,1.01,1.73*0E
$GPGSV,3,1,10,02,45,120,38,05,30,045,35,12,70,300,42,13,15,210,29*7F
$GPGSV,3,2,10,15,55,080,40,18,20,330,31,24,35,170,36,25,60,020,41*7D
$GPGSV,3,3,10,29,05,260,,31,08,100,*79
$GPGLL,0120.76349,N,10348.96567,E,101803.00,A,A*6B
$GPRMC,101804.00,A,0120.76368,N,10348.96588,E,2.735,161.03,250926,,,A*65
$GPVTG,161.03,T,,M,2.735,N,5.065,K,A*3D
$GPGGA,101804.00,0120.76368,N,10348.96588,E,1,08,1.01,45.3,M,4.9,M,,*5C
$GPGSA,A,3,02,05,12,13,15,18,24,25,,,,,2.01,1.01,1.73*0E
$GPGSV,3,1,10,02,45,120,38,05,30,045,35,12,70,300,42,13,15,210,29*7F
$GPGSV,3,2,10,15,55,080,40,18,20,330,31,24,35,170,36,25,60,020,41*7D
$GPGSV,3,3,10,29,05,260,,31,08,100,*79
$GPGLL,0120.76368,N,10348.96588,E,101804.00,A,A*6E
$GPRMC,101805.00,A,0120.76297,N,10348.96571,E,2.815,164.64,250926,,,A*6A
$GPVTG,164.64,T,,M,2.815,N,5.213,K,A*37
$GPGGA,101805.00,0120.76297,N,10348.96571,E,1,08,1.01,45.3,M,4.9,M,,*5A
$GPGSA,A,3,02,05,12,13,15,18,24,25,,,,,2.01,1.01,1.73*0E
$GPGSV,3,1,10,02,45,120,38,05,30,045,35,12,70,300,42,13,15,210,29*7F
$GPGSV,3,2,10,15,55,080,40,18,20,330,31,24,35,170,36,25,60,020,41*7D
$GPGSV,3,3,10,29,05,260,,31,08,100,*79
$GPGLL,0120.76297,N,10348.96571,E,101805.00,A,A*68
$GPRMC,101806.00,A,0120.76232,N,10348.96637,E,2.526,169.36,250926,,,A*60
$GPVTG,169.36,T,,M,2.526,N,4.677,K,A*37
$GPGGA,101806.00,0120.76232,N,10348.96637,E,1,08,1.01,45.3,M,4.9,M,,*57
$GPGSA,A,3,02,05,12,13,15,18,24,25,,,,,2.01,1.01,1.73*0E
$GPGSV,3,1,10,02,45,120,38,05,30,045,35,12,70,300,42,13,15,210,29*7F
$GPGSV,3,2,10,15,55,080,40,18,20,330,31,24,35,170,36,25,60,020,41*7D
$GPGSV,3,3,10,29,05,260,,31,08,100,*79
$GPGLL,0120.76232,N,10348.96637,E,101806.00,A,A*65
$GPRMC,101807.00,A,0120.76139,N,10348.96655,E,2.633,159.14,250926,,,A*69
$GPVTG,159.14,T,,M,2.633,N,4.876,K,A*3C
$GPGGA,101807.00,0120.76139,N,10348.96655,E,1,08,1.01,45.3,M,4.9,M,,*5A
$GPGSA,A,3,02,05,12,13,15,18,24,25,,,,,2.01,1.01,1.73*0E
$GPGSV,3,1,10,02,45,120,38,05,30,045,35,12,70,300,42,13,15,210,29*7F
$GPGSV,3,2,10,15,55,080,40,18,20,330,31,24,35,170,36,25,60,020,41*7D
$GPGSV,3,3,10,29,05,260,,31,08,100,*79
$GPGLL,0120.76139,N,10348.96655,E,101807.00,A,A*68
$GPRMC,101808.00,A,0120.76075,N,10348.96724,E,2.626,164.38,250926,,,A*6C
$GPVTG,164.38,T,,M,2.626,N,4.864,K,A*3B
$GPGGA,101808.00,0120.76075,N,10348.96724,E,1,08,1.01,45.3,M,4.9,M,,*5B
$GPGSA,A,3,02,05,12,13,15,18,24,25,,,,,2.01,1.01,1.73*0E
$GPGSV,3,1,10,02,45,120,38,05,30,045,35,12,70,300,42,13,15,210,29*7F
$GPGSV,3,2,10,15,55,080,40,18,20,330,31,24,35,170,36,25,60,020,41*7D
$GPGSV,3,3,10,29,05,260,,31,08,100,*79
$GPGLL,0120.76075,N,10348.96724,E,101808.00,A,A*69
$GPRMC,101809.00,A,0120.76020,N,10348.96729,E,2.589,164.13,250926,,,A*6F
$GPVTG,164.13,T,,M,2.589,N,4.794,K,A*34
$GPGGA,101809.00,0120.76020,N,10348.96729,E,1,08,1.01,45.3,M,4.9,M,,*57
$GPGSA,A,3,02,05,12,13,15,18,24,25,,,,,2.01,1.01,1.73*0E
$GPGSV,3,1,10,02,45,120,38,05,30,045,35,12,70,300,42,13,15,210,29*7F
$GPGSV,3,2,10,15,55,080,40,18,20,330,31,24,35,170,36,25,60,020,41*7D
$GPGSV,3,3,10,29,05,260,,31,08,100,*79
$GPGLL,0120.76020,N,10348.96729,E,101809.00,A,A*65
$GPRMC,101810.00,A,0120.76007,N,10348.96595,E,2.407,162.30,250926,,,A*67
$GPVTG,162.30,T,,M,2.407,N,4.457,K,A*38
$GPGGA,101810.00,0120.76007,N,10348.96595,E,1,08,1.01,45.3,M,4.9,M,,*5F
$GPGSA,A,3,02,05,12,13,15,18,24,25,,,,,2.01,1.01,1.73*0E
$GPGSV,3,1,10,02,45,120,38,05,30,045,35,12,70,300,42,13,15,210,29*7F
$GPGSV,3,2,10,15,55,080,40,18,20,330,31,24,35,170,36,25,60,020,41*7D
$GPGSV,3,3,10,29,05,260,,31,08,100,*79
$GPGLL,0120.76007,N,10348.96595,E,101810.00,A,A*6D
$GPRMC,101811.00,A,0120.75951,N,10348.96716,E,2.656,159.21,250926,,,A*68
$GPVTG,159.21,T,,M,2.656,N,4.919,K,A*31
$GPGGA,101811.00,0120.75951,N,10348.96716,E,1,08,1.01,45.3,M,4.9,M,,*5E
$GPGSA,A,3,02,05,12,13,15,18,24,25,,,,,2.01,1.01,1.73*0E
$GPGSV,3,1,10,02,45,120,38,05,30,045,35,12,70,300,42,13,15,210,29*7F
$GPGSV,3,2,10,15,55,080,40,18,20,330,31,24,35,170,36,25,60,020,41*7D
$GPGSV,3,3,10,29,05,260,,31,08,100,*79
$GPGLL,0120.75951,N,10348.96716,E,101811.00,A,A*6C
$GPRMC,101812.00,A,0120.75857,N,10348.96768,E,2.691,164.16,250926,,,A*64
$GPVTG,164.16,T,,M,2.691,N,4.984,K,A*34
$GPGGA,101812.00,0120.75857,N,10348.96768,E,1,08,1.01,45.3,M,4.9,M,,*53
$GPGSA,A,3,02,05,12,13,15,18,24,25,,,,,2.01,1.01,1.73*0E
$GPGSV,3,1,10,02,45,120,38,05,30,045,35,12,70,300,42,13,15,210,29*7F
$GPGSV,3,2,10,15,55,080,40,18,20,330,31,24,35,170,36,25,60,020,41*7D
$GPGSV,3,3,10,29,05,260,,31,08,100,*79
$GPGLL,0120.75857,N,10348.96768,E,101812.00,A,A*61
$GPRMC,101813.00,A,0120.75744,N,10348.96754,E,2.621,160.83,250926,,,A*64
$GPVTG,160.83,T,,M,2.621,N,4.854,K,A*3B
$GPGGA,101813.00,0120.75744,N,10348.96754,E,1,08,1.01,45.3,M,4.9,M,,*50
$GPGSA,A,3,02,05,12,13,15,18,24,25,,,,,2.01,1.01,1.73*0E
$GPGSV,3,1,10,02,45,120,38,05,30,045,35,12,70,300,42,13,15,210,29*7F
$GPGSV,3,2,10,15,55,080,40,18,20,330,31,24,35,170,36,25,60,020,41*7D
$GPGSV,3,3,10,29,05,260,,31,08,100,*79
$GPGLL,0120.75744,N,10348.96754,E,101813.00,A,A*62
$GPRMC,101814.00,A,0120.75702,N,10348.96790,E,2.575,172.65,250926,,,A*60
$GPVTG,172.65,T,,M,2.575,N,4.769,K,A*33
$GPGGA,101814.00,0120.75702,N,10348.96790,E,1,08,1.01,45.3,M,4.9,M,,*5D
$GPGSA,A,3,02,05,12,13,15,18,24,25,,,,,2.01,1.01,1.73*0E
$GPGSV,3,1,10,02,45,120,38,05,30,045,35,12,70,300,42,13,15,210,29*7F
$GPGSV,3,2,10,15,55,080,40,18,20,330,31,24,35,170,36,25,60,020,41*7D
$GPGSV,3,3,10,29,05,260,,31,08,100,*79
$GPGLL,0120.75702,N,10348.96790,E,101814.00,A,A*6F
$GPRMC,101815.00,A,0120.75594,N,10348.96804,E,4.063,127.87,250926,,,A*66
$GPVTG,127.87,T,,M,4.063,N,7.526,K,A*31
$GPGGA,101815.00,0120.75594,N,10348.96804,E,1,08,1.01,45.3,M,4.9,M,,*53
$GPGSA,A,3,02,05,12,13,15,18,24,25,,,,,2.01,1.01,1.73*0E
$GPGSV,3,1,10,02,45,120,38,05,30,045,35,12,70,300,42,13,15,210,29*7F
$GPGSV,3,2,10,15,55,080,40,18,20,330,31,24,35,170,36,25,60,020,41*7D
$GPGSV,3,3,10,29,05,260,,31,08,100,*79
$GPGLL,0120.75594,N,10348.96804,E,101815.00,A,A*61
$GPRMC,101816.00,A,0120.75590,N,10348.96755,E,2.094,109.05,250926,,,A*62
$GPVTG,109.05,T,,M,2.094,N,3.877,K,A*34
$GPGGA,101816.00,0120.75590,N,10348.96755,E,1,08,1.01,45.3,M,4.9,M,,*5F
$GPGSA,A,3,02,05,12,13,15,18,24,25,,,,,2.01,1.01,1.73*0E
$GPGSV,3,1,10,02,45,120,38,05,30,045,35,12,70,300,42,13,15,210,29*7F
$GPGSV,3,2,10,15,55,080,40,18,20,330,31,24,35,170,36,25,60,020,41*7D
$GPGSV,3,3,10,29,05,260,,31,08,100,*79
$GPGLL,0120.75590,N,10348.96755,E,101816.00,A,A*6D
$GPRMC,101817.00,A,0120.75572,N,10348.96892,E,2.604,109.97,250926,,,A*6F
$GPVTG,109.97,T,,M,2.604,N,4.822,K,A*37
$GPGGA,101817.00,0120.75572,N,10348.96892,E,1,08,1.01,45.3,M,4.9,M,,*56
$GPGSA,A,3,02,05,12,13,15,18,24,25,,,,,2.01,1.01,1.73*0E
$GPGSV,3,1,10,02,45,120,38,05,30,045,35,12,70,300,42,13,15,210,29*7F
$GPGSV,3,2,10,15,55,080,40,18,20,330,31,24,35,170,36,25,60,020,41*7D
$GPGSV,3,3,10,29,05,260,,31,08,100,*79
$GPGLL,0120.75572,N,10348.96892,E,101817.00,A,A*64
$GPRMC,101818.00,A,0120.75482,N,10348.97011,E,2.484,107.89,250926,,,A*67
$GPVTG,107.89,T,,M,2.484,N,4.600,K,A*32
$GPGGA,101818.00,0120.75482,N,10348.97011,E,1,08,1.01,45.3,M,4.9,M,,*55
$GPGSA,A,3,02,05,12,13,15,18,24,25,,,,,2.01,1.01,1.73*0E
$GPGSV,3,1,10,02,45,120,38,05,30,045,35,12,70,300,42,13,15,210,29*7F
$GPGSV,3,2,10,15,55,080,40,18,20,330,31,24,35,170,36,25,60,020,41*7D
$GPGSV,3,3,10,29,05,260,,31,08,100,*79
$GPGLL,0120.75482,N,10348.97011,E,101818.00,A,A*67
$GPRMC,101819.00,A,0120.75588,N,10348.97067,E,2.646,108.67,250926,,,A*6F
$GPVTG,108.67,T,,M,2.646,N,4.900,K,A*3E
$GPGGA,101819.00,0120.75588,N,10348.97067,E,1,08,1.01,45.3,M,4.9,M,,*5E
$GPGSA,A,3,02,05,12,13,15,18,24,25,,,,,2.01,1.01,1.73*0E
$GPGSV,3,1,10,02,45,120,38,05,30,045,35,12,70,300,42,13,15,210,29*7F
$GPGSV,3,2,10,15,55,080,40,18,20,330,31,24,35,170,36,25,60,020,41*7D
$GPGSV,3,3,10,29,05,260,,31,08,100,*79
$GPGLL,0120.75588,N,10348.97067,E,101819.00,A,A*6C
$GPRMC,101820.00,A,0120.75573,N,10348.97178,E,2.762,108.76,250926,,,A*69
$GPVTG,108.76,T,,M,2.762,N,5.115,K,A*34
$GPGGA,101820.00,0120.75573,N,10348.97178,E,1,08,1.01,45.3,M,4.9,M,,*5F
$GPGSA,A,3,02,05,12,13,15,18,24,25,,,,,2.01,1.01,1.73*0E
$GPGSV,3,1,10,02,45,120,38,05,30,045,35,12,70,300,42,13,15,210,29*7F
$GPGSV,3,2,10,15,55,080,40,18,20,330,31,24,35,170,36,25,60,020,41*7D
$GPGSV,3,3,10,29,05,260,,31,08,100,*79
$GPGLL,0120.75573,N,10348.97178,E,101820.00,A,A*6D
$GPRMC,101821.00,A,0120.75466,N,10348.97158,E,2.831,104.47,250926,,,A*68
$GPVTG,104.47,T,,M,2.831,N,5.244,K,A*34
$GPGGA,101821.00,0120.75466,N,10348.97158,E,1,08,1.01,45.3,M,4.9,M,,*59
$GPGSA,A,3,02,05,12,13,15,18,24,25,,,,,2.01,1.01,1.73*0E
$GPGSV,3,1,10,02,45,120,38,05,30,045,35,12,70,300,42,13,15,210,29*7F
$GPGSV,3,2,10,15,55,080,40,18,20,330,31,24,35,170,36,25,60,020,41*7D
$GPGSV,3,3,10,29,05,260,,31,08,100,*79
$GPGLL,0120.75466,N,10348.97158,E,101821.00,A,A*6B
$GPRMC,101822.00,A,0120.75536,N,10348.97234,E,2.353,110.45,250926,,,A*6E
$GPVTG,110.45,T,,M,2.353,N,4.358,K,A*31
$GPGGA,101822.00,0120.75536,N,10348.97234,E,1,08,1.01,45.3,M,4.9,M,,*57
$GPGSA,A,3,02,05,12,13,15,18,24,25,,,,,2.01,1.01,1.73*0E
$GPGSV,3,1,10,02,45,120,38,05,30,045,35,12,70,300,42,13,15,210,29*7F
$GPGSV,3,2,10,15,55,080,40,18,20,330,31,24,35,170,36,25,60,020,41*7D
$GPGSV,3,3,10,29,05,260,,31,08,100,*79
$GPGLL,0120.75536,N,10348.97234,E,101822.00,A,A*65
$GPRMC,101823.00,A,0120.75498,N,10348.97357,E,2.539,100.50,250926,,,A*61
$GPVTG,100.50,T,,M,2.539,N,4.702,K,A*35
$GPGGA,101823.00,0120.75498,N,10348.97357,E,1,08,1.01,45.3,M,4.9,M,,*57
$GPGSA,A,3,02,05,12,13,15,18,24,25,,,,,2.01,1.01,1.73*0E
$GPGSV,3,1,10,02,45,120,38,05,30,045,35,12,70,300,42,13,15,210,29*7F
$GPGSV,3,2,10,15,55,080,40,18,20,330,31,24,35,170,36,25,60,020,41*7D
$GPGSV,3,3,10,29,05,260,,31,08,100,*79
$GPGLL,0120.75498,N,10348.97357,E,101823.00,A,A*65
$GPRMC,101824.00,A,0120.75517,N,10348.97376,E,2.581,108.83,250926,,,A*66
$GPVTG,108.83,T,,M,2.581,N,4.779,K,A*3C
$GPGGA,101824.00,0120.75517,N,10348.97376,E,1,08,1.01,45.3,M,4.9,M,,*55
$GPGSA,A,3,02,05,12,13,15,18,24,25,,,,,2.01,1.01,1.73*0E
$GPGSV,3,1,10,02,45,120,38,05,30,045,35,12,70,300,42,13,15,210,29*7F
$GPGSV,3,2,10,15,55,080,40,18,20,330,31,24,35,170,36,25,60,020,41*7D
$GPGSV,3,3,10,29,05,260,,31,08,100,*79
$GPGLL,0120.75517,N,10348.97376,E,101824.00,A,A*67
$GPRMC,101825.00,A,0120.75495,N,10348.97471,E,2.466,113.64,250926,,,A*67
$GPVTG,113.64,T,,M,2.466,N,4.567,K,A*3A
$GPGGA,101825.00,0120.75495,N,10348.97471,E,1,08,1.01,45.3,M,4.9,M,,*5F
$GPGSA,A,3,02,05,12,13,15,18,24,25,,,,,2.01,1.01,1.73*0E
$GPGSV,3,1,10,02,45,120,38,05,30,045,35,12,70,300,42,13,15,210,29*7F
$GPGSV,3,2,10,15,55,080,40,18,20,330,31,24,35,170,36,25,60,020,41*7D
$GPGSV,3,3,10,29,05,260,,31,08,100,*79
$GPGLL,0120.75495,N,10348.97471,E,101825.00,A,A*6D
$GPRMC,101826.00,A,0120.75442,N,10348.97505,E,2.431,102.76,250926,,,A*6D
$GPVTG,102.76,T,,M,2.431,N,4.502,K,A*38
$GPGGA,101826.00,0120.75442,N,10348.97505,E,1,08,1.01,45.3,M,4.9,M,,*54
$GPGSA,A,3,02,05,12,13,15,18,24,25,,,,,2.01,1.01,1.73*0E
$GPGSV,3,1,10,02,45,120,38,05,30,045,35,12,70,300,42,13,15,210,29*7F
$GPGSV,3,2,10,15,55,080,40,18,20,330,31,24,35,170,36,25,60,020,41*7D
$GPGSV,3,3,10,29,05,260,,31,08,100,*79
$GPGLL,0120.75442,N,10348.97505,E,101826.00,A,A*66
$GPRMC,101827.00,A,0120.75430,N,10348.97568,E,2.696,101.92,250926,,,A*64
$GPVTG,101.92,T,,M,2.696,N,4.993,K,A*3A
$GPGGA,101827.00,0120.75430,N,10348.97568,E,1,08,1.01,45.3,M,4.9,M,,*5B
$GPGSA,A,3,02,05,12,13,15,18,24,25,,,,,2.01,1.01,1.73*0E
$GPGSV,3,1,10,02,45,120,38,05,30,045,35,12,70,300,42,13,15,210,29*7F
$GPGSV,3,2,10,15,55,080,40,18,20,330,31,24,35,170,36,25,60,020,41*7D
$GPGSV,3,3,10,29,05,260,,31,08,100,*79
$GPGLL,0120.75430,N,10348.97568,E,101827.00,A,A*69
$GPRMC,101828.00,A,0120.75375,N,10348.97606,E,2.692,105.80,250926,,,A*65
$GPVTG,105.80,T,,M,2.692,N,4.986,K,A*3D
$GPGGA,101828.00,0120.75375,N,10348.97606,E,1,08,1.01,45.3,M,4.9,M,,*59
$GPGSA,A,3,02,05,12,13,15,18,24,25,,,,,2.01,1.01,1.73*0E
$GPGSV,3,1,10,02,45,120,38,05,30,045,35,12,70,300,42,13,15,210,29*7F
$GPGSV,3,2,10,15,55,080,40,18,20,330,31,24,35,170,36,25,60,020,41*7D
$GPGSV,3,3,10,29,05,260,,31,08,100,*79
$GPGLL,0120.75375,N,10348.97606,E,101828.00,A,A*6B
$GPRMC,101829.00,A,0120.75376,N,10348.97762,E,2.260,106.71,250926,,,A*60
$GPVTG,106.71,T,,M,2.260,N,4.185,K,A*32
$GPGGA,101829.00,0120.75376,N,10348.97762,E,1,08,1.01,45.3,M,4.9,M,,*58
$GPGSA,A,3,02,05,12,13,15,18,24,25,,,,,2.01,1.01,1.73*0E
$GPGSV,3,1,10,02,45,120,38,05,30,045,35,12,70,300,42,13,15,210,29*7F
$GPGSV,3,2,10,15,55,080,40,18,20,330,31,24,35,170,36,25,60,020,41*7D
$GPGSV,3,3,10,29,05,260,,31,08,100,*79
$GPGLL,0120.75376,N,10348.97762,E,101829.00,A,A*6A
$GPRMC,101830.00,A,0120.75304,N,10348.97755,E,2.832,100.53,250926,,,A*62
$GPVTG,100.53,T,,M,2.832,N,5.245,K,A*37
$GPGGA,101830.00,0120.75304,N,10348.97755,E,1,08,1.01,45.3,M,4.9,M,,*51
$GPGSA,A,3,02,05,12,13,15,18,24,25,,,,,2.01,1.01,1.73*0E
$GPGSV,3,1,10,02,45,120,38,05,30,045,35,12,70,300,42,13,15,210,29*7F
$GPGSV,3,2,10,15,55,080,40,18,20,330,31,24,35,170,36,25,60,020,41*7D
$GPGSV,3,3,10,29,05,260,,31,08,100,*79
$GPGLL,0120.75304,N,10348.97755,E,101830.00,A,A*63
$GPRMC,101831.00,A,0120.75280,N,10348.97777,E,2.696,105.11,250926,,,A*6D
$GPVTG,105.11,T,,M,2.696,N,4.993,K,A*35
$GPGGA,101831.00,0120.75280,N,10348.97777,E,1,08,1.01,45.3,M,4.9,M,,*5D
$GPGSA,A,3,02,05,12,13,15,18,24,25,,,,,2.01,1.01,1.73*0E
$GPGSV,3,1,10,02,45,120,38,05,30,045,35,12,70,300,42,13,15,210,29*7F
$GPGSV,3,2,10,15,55,080,40,18,20,330,31,24,35,170,36,25,60,020,41*7D
$GPGSV,3,3,10,29,05,260,,31,08,100,*79
$GPGLL,0120.75280,N,10348.97777,E,101831.00,A,A*6F
$GPRMC,101832.00,A,0120.75222,N,10348.97947,E,2.385,112.56,250926,,,A*69
$GPVTG,112.56,T,,M,2.385,N,4.417,K,A*36
$GPGGA,101832.00,0120.75222,N,10348.97947,E,1,08,1.01,45.3,M,4.9,M,,*5B
$GPGSA,A,3,02,05,12,13,15,18,24,25,,,,,2.01,1.01,1.73*0E
$GPGSV,3,1,10,02,45,120,38,05,30,045,35,12,70,300,42,13,15,210,29*7F
$GPGSV,3,2,10,15,55,080,40,18,20,330,31,24,35,170,36,25,60,020,41*7D
$GPGSV,3,3,10,29,05,260,,31,08,100,*79
$GPGLL,0120.75222,N,10348.97947,E,101832.00,A,A*69
$GPRMC,101833.00,A,0120.75193,N,10348.97965,E,2.556,110.37,250926,,,A*6C
$GPVTG,110.37,T,,M,2.556,N,4.733,K,A*3E
$GPGGA,101833.00,0120.75193,N,10348.97965,E,1,08,1.01,45.3,M,4.9,M,,*53
$GPGSA,A,3,02,05,12,13,15,18,24,25,,,,,2.01,1.01,1.73*0E
$GPGSV,3,1,10,02,45,120,38,05,30,045,35,12,70,300,42,13,15,210,29*7F
$GPGSV,3,2,10,15,55,080,40,18,20,330,31,24,35,170,36,25,60,020,41*7D
$GPGSV,3,3,10,29,05,260,,31,08,100,*79
$GPGLL,0120.75193,N,10348.97965,E,101833.00,A,A*61
$GPRMC,101834.00,A,0120.75199,N,10348.98065,E,2.702,102.65,250926,,,A*60
$GPVTG,102.65,T,,M,2.702,N,5.005,K,A*3A
$GPGGA,101834.00,0120.75199,N,10348.98065,E,1,08,1.01,45.3,M,4.9,M,,*58
$GPGSA,A,3,02,05,12,13,15,18,24,25,,,,,2.01,1.01,1.73*0E
$GPGSV,3,1,10,02,45,120,38,05,30,045,35,12,70,300,42,13,15,210,29*7F
$GPGSV,3,2,10,15,55,080,40,18,20,330,31,24,35,170,36,25,60,020,41*7D
$GPGSV,3,3,10,29,05,260,,31,08,100,*79
$GPGLL,0120.75199,N,10348.98065,E,101834.00,A,A*6A
$GPRMC,101835.00,A,0120.75206,N,10348.98027,E,2.713,108.25,250926,,,A*6C
$GPVTG,108.25,T,,M,2.713,N,5.024,K,A*37
$GPGGA,101835.00,0120.75206,N,10348.98027,E,1,08,1.01,45.3,M,4.9,M,,*5A
$GPGSA,A,3,02,05,12,13,15,18,24,25,,,,,2.01,1.01,1.73*0E
$GPGSV,3,1,10,02,45,120,38,05,30,045,35,12,70,300,42,13,15,210,29*7F
$GPGSV,3,2,10,15,55,080,40,18,20,330,31,24,35,170,36,25,60,020,41*7D
$GPGSV,3,3,10,29,05,260,,31,08,100,*79
$GPGLL,0120.75206,N,10348.98027,E,101835.00,A,A*68
$GPRMC,101836.00,A,0120.75240,N,10348.98138,E,2.827,108.28,250926,,,A*67
$GPVTG,108.28,T,,M,2.827,N,5.236,K,A*33
$GPGGA,101836.00,0120.75240,N,10348.98138,E,1,08,1.01,45.3,M,4.9,M,,*54
$GPGSA,A,3,02,05,12,13,15,18,24,25,,,,,2.01,1.01,1.73*0E
$GPGSV,3,1,10,02,45,120,38,05,30,045,35,12,70,300,42,13,15,210,29*7F
$GPGSV,3,2,10,15,55,080,40,18,20,330,31,24,35,170,36,25,60,020,41*7D
$GPGSV,3,3,10,29,05,260,,31,08,100,*79
$GPGLL,0120.75240,N,10348.98138,E,101836.00,A,A*66
$GPRMC,101837.00,A,0120.75106,N,10348.98191,E,2.338,100.76,250926,,,A*62
$GPVTG,100.76,T,,M,2.338,N,4.331,K,A*32
$GPGGA,101837.00,0120.75106,N,10348.98191,E,1,08,1.01,45.3,M,4.9,M,,*57
$GPGSA,A,3,02,05,12,13,15,18,24,25,,,,,2.01,1.01,1.73*0E
$GPGSV,3,1,10,02,45,120,38,05,30,045,35,12,70,300,42,13,15,210,29*7F
$GPGSV,3,2,10,15,55,080,40,18,20,330,31,24,35,170,36,25,60,020,41*7D
$GPGSV,3,3,10,29,05,260,,31,08,100,*79
$GPGLL,0120.75106,N,10348.98191,E,101837.00,A,A*65
$GPRMC,101838.00,A,0120.75031,N,10348.98182,E,2.562,108.03,250926,,,A*69
$GPVTG,108.03,T,,M,2.562,N,4.745,K,A*36
$GPGGA,101838.00,0120.75031,N,10348.98182,E,1,08,1.01,45.3,M,4.9,M,,*5F
$GPGSA,A,3,02,05,12,13,15,18,24,25,,,,,2.01,1.01,1.73*0E
$GPGSV,3,1,10,02,45,120,38,05,30,045,35,12,70,300,42,13,15,210,29*7F
$GPGSV,3,2,10,15,55,080,40,18,20,330,31,24,35,170,36,25,60,020,41*7D
$GPGSV,3,3,10,29,05,260,,31,08,100,*79
$GPGLL,0120.75031,N,10348.98182,E,101838.00,A,A*6D
$GPRMC,101839.00,A,0120.75092,N,10348.98278,E,2.399,113.55,250926,,,A*6C
$GPVTG,113.55,T,,M,2.399,N,4.442,K,A*39
$GPGGA,101839.00,0120.75092,N,10348.98278,E,1,08,1.01,45.3,M,4.9,M,,*51
$GPGSA,A,3,02,05,12,13,15,18,24,25,,,,,2.01,1.01,1.73*0E
$GPGSV,3,1,10,02,45,120,38,05,30,045,35,12,70,300,42,13,15,210,29*7F
$GPGSV,3,2,10,15,55,080,40,18,20,330,31,24,35,170,36,25,60,020,41*7D
$GPGSV,3,3,10,29,05,260,,31,08,100,*79
$GPGLL,0120.75092,N,10348.98278,E,101839.00,A,A*63
$GPRMC,101840.00,A,0120.75047,N,10348.98334,E,2.520,103.61,250926,,,A*61
$GPVTG,103.61,T,,M,2.520,N,4.667,K,A*3E
$GPGGA,101840.00,0120.75047,N,10348.98334,E,1,08,1.01,45.3,M,4.9,M,,*5E
$GPGSA,A,3,02,05,12,13,15,18,24,25,,,,,2.01,1.01,1.73*0E
$GPGSV,3,1,10,02,45,120,38,05,30,045,35,12,70,300,42,13,15,210,29*7F
$GPGSV,3,2,10,15,55,080,40,18,20,330,31,24,35,170,36,25,60,020,41*7D
$GPGSV,3,3,10,29,05,260,,31,08,100,*79
$GPGLL,0120.75047,N,10348.98334,E,101840.00,A,A*6C
$GPRMC,101841.00,A,0120.75065,N,10348.98409,E,2.961,108.16,250926,,,A*6B
$GPVTG,108.16,T,,M,2.961,N,5.483,K,A*35
$GPGGA,101841.00,0120.75065,N,10348.98409,E,1,08,1.01,45.3,M,4.9,M,,*56
$GPGSA,A,3,02,05,12,13,15,18,24,25,,,,,2.01,1.01,1.73*0E
$GPGSV,3,1,10,02,45,120,38,05,30,045,35,12,70,300,42,13,15,210,29*7F
$GPGSV,3,2,10,15,55,080,40,18,20,330,31,24,35,170,36,25,60,020,41*7D
$GPGSV,3,3,10,29,05,260,,31,08,100,*79
$GPGLL,0120.75065,N,10348.98409,E,101841.00,A,A*64
$GPRMC,101842.00,A,0120.74973,N,10348.98473,E,2.645,99.62,250926,,,A*59
$GPVTG,99.62,T,,M,2.645,N,4.899,K,A*00
$GPGGA,101842.00,0120.74973,N,10348.98473,E,1,08,1.01,45.3,M,4.9,M,,*57
$GPGSA,A,3,02,05,12,13,15,18,24,25,,,,,2.01,1.01,1.73*0E
$GPGSV,3,1,10,02,45,120,38,05,30,045,35,12,70,300,42,13,15,210,29*7F
$GPGSV,3,2,10,15,55,080,40,18,20,330,31,24,35,170,36,25,60,020,41*7D
$GPGSV,3,3,10,29,05,260,,31,08,100,*79
$GPGLL,0120.74973,N,10348.98473,E,101842.00,A,A*65
$GPRMC,101843.00,A,0120.75026,N,10348.98570,E,2.795,95.61,250926,,,A*51
$GPVTG,95.61,T,,M,2.795,N,5.176,K,A*0A
$GPGGA,101843.00,0120.75026,N,10348.98570,E,1,08,1.01,45.3,M,4.9,M,,*5C
$GPGSA,A,3,02,05,12,13,15,18,24,25,,,,,2.01,1.01,1.73*0E
$GPGSV,3,1,10,02,45,120,38,05,30,045,35,12,70,300,42,13,15,210,29*7F
$GPGSV,3,2,10,15,55,080,40,18,20,330,31,24,35,170,36,25,60,020,41*7D
$GPGSV,3,3,10,29,05,260,,31,08,100,*79
$GPGLL,0120.75026,N,10348.98570,E,101843.00,A,A*6E
$GPRMC,101844.00,A,0120.74956,N,10348.98579,E,2.700,108.74,250926,,,A*6D
$GPVTG,108.74,T,,M,2.700,N,5.000,K,A*37
$GPGGA,101844.00,0120.74956,N,10348.98579,E,1,08,1.01,45.3,M,4.9,M,,*5D
$GPGSA,A,3,02,05,12,13,15,18,24,25,,,,,2.01,1.01,1.73*0E
$GPGSV,3,1,10,02,45,120,38,05,30,045,35,12,70,300,42,13,15,210,29*7F
$GPGSV,3,2,10,15,55,080,40,18,20,330,31,24,35,170,36,25,60,020,41*7D
$GPGSV,3,3,10,29,05,260,,31,08,100,*79
$GPGLL,0120.74956,N,10348.98579,E,101844.00,A,A*6F
$GPRMC,101845.00,A,0120.74938,N,10348.98643,E,2.687,114.33,250926,,,A*6E
$GPVTG,114.33,T,,M,2.687,N,4.977,K,A*3F
$GPGGA,101845.00,0120.74938,N,10348.98643,E,1,08,1.01,45.3,M,4.9,M,,*5E
$GPGSA,A,3,02,05,12,13,15,18,24,25,,,,,2.01,1.01,1.73*0E
$GPGSV,3,1,10,02,45,120,38,05,30,045,35,12,70,300,42,13,15,210,29*7F
$GPGSV,3,2,10,15,55,080,40,18,20,330,31,24,35,170,36,25,60,020,41*7D
$GPGSV,3,3,10,29,05,260,,31,08,100,*79
$GPGLL,0120.74938,N,10348.98643,E,101845.00,A,A*6C
$GPRMC,101846.00,A,0120.74913,N,10348.98609,E,2.874,107.22,250926,,,A*6A
$GPVTG,107.22,T,,M,2.874,N,5.323,K,A*35
$GPGGA,101846.00,0120.74913,N,10348.98609,E,1,08,1.01,45.3,M,4.9,M,,*5A
$GPGSA,A,3,02,05,12,13,15,18,24,25,,,,,2.01,1.01,1.73*0E
$GPGSV,3,1,10,02,45,120,38,05,30,045,35,12,70,300,42,13,15,210,29*7F
$GPGSV,3,2,10,15,55,080,40,18,20,330,31,24,35,170,36,25,60,020,41*7D
$GPGSV,3,3,10,29,05,260,,31,08,100,*79
$GPGLL,0120.74913,N,10348.98609,E,101846.00,A,A*68
$GPRMC,101847.00,A,0120.74911,N,10348.98696,E,2.541,100.89,250926,,,A*62
$GPVTG,100.89,T,,M,2.541,N,4.707,K,A*3B
$GPGGA,101847.00,0120.74911,N,10348.98696,E,1,08,1.01,45.3,M,4.9,M,,*5F
$GPGSA,A,3,02,05,12,13,15,18,24,25,,,,,2.01,1.01,1.73*0E
$GPGSV,3,1,10,02,45,120,38,05,30,045,35,12,70,300,42,13,15,210,29*7F
$GPGSV,3,2,10,15,55,080,40,18,20,330,31,24,35,170,36,25,60,020,41*7D
$GPGSV,3,3,10,29,05,260,,31,08,100,*79
$GPGLL,0120.74911,N,10348.98696,E,101847.00,A,A*6D
$GPRMC,101848.00,A,0120.74924,N,10348.98789,E,2.060,109.23,250926,,,A*6B
$GPVTG,109.23,T,,M,2.060,N,3.814,K,A*3E
$GPGGA,101848.00,0120.74924,N,10348.98789,E,1,08,1.01,45.3,M,4.9,M,,*59
$GPGSA,A,3,02,05,12,13,15,18,24,25,,,,,2.01,1.01,1.73*0E
$GPGSV,3,1,10,02,45,120,38,05,30,045,35,12,70,300,42,13,15,210,29*7F
$GPGSV,3,2,10,15,55,080,40,18,20,330,31,24,35,170,36,25,60,020,41*7D
$GPGSV,3,3,10,29,05,260,,31,08,100,*79
$GPGLL,0120.74924,N,10348.98789,E,101848.00,A,A*6B
$GPRMC,101849.00,A,0120.74869,N,10348.98830,E,2.650,102.40,250926,,,A*64
$GPVTG,102.40,T,,M,2.650,N,4.908,K,A*3E
$GPGGA,101849.00,0120.74869,N,10348.98830,E,1,08,1.01,45.3,M,4.9,M,,*5D
$GPGSA,A,3,02,05,12,13,15,18,24,25,,,,,2.01,1.01,1.73*0E
$GPGSV,3,1,10,02,45,120,38,05,30,045,35,12,70,300,42,13,15,210,29*7F
$GPGSV,3,2,10,15,55,080,40,18,20,330,31,24,35,170,36,25,60,020,41*7D
$GPGSV,3,3,10,29,05,260,,31,08,100,*79
$GPGLL,0120.74869,N,10348.98830,E,101849.00,A,A*6F
$GPRMC,101850.00,A,0120.74798,N,10348.98961,E,2.586,110.58,250926,,,A*6A
$GPVTG,110.58,T,,M,2.586,N,4.790,K,A*33
$GPGGA,101850.00,0120.74798,N,10348.98961,E,1,08,1.01,45.3,M,4.9,M,,*51
$GPGSA,A,3,02,05,12,13,15,18,24,25,,,,,2.01,1.01,1.73*0E
$GPGSV,3,1,10,02,45,120,38,05,30,045,35,12,70,300,42,13,15,210,29*7F
$GPGSV,3,2,10,15,55,080,40,18,20,330,31,24,35,170,36,25,60,020,41*7D
$GPGSV,3,3,10,29,05,260,,31,08,100,*79
$GPGLL,0120.74798,N,10348.98961,E,101850.00,A,A*63
$GPRMC,101851.00,A,0120.74862,N,10348.99074,E,2.268,103.05,250926,,,A*60
$GPVTG,103.05,T,,M,2.268,N,4.201,K,A*33
$GPGGA,101851.00,0120.74862,N,10348.99074,E,1,08,1.01,45.3,M,4.9,M,,*56
$GPGSA,A,3,02,05,12,13,15,18,24,25,,,,,2.01,1.01,1.73*0E
$GPGSV,3,1,10,02,45,120,38,05,30,045,35,12,70,300,42,13,15,210,29*7F
$GPGSV,3,2,10,15,55,080,40,18,20,330,31,24,35,170,36,25,60,020,41*7D
$GPGSV,3,3,10,29,05,260,,31,08,100,*79
$GPGLL,0120.74862,N,10348.99074,E,101851.00,A,A*64
$GPRMC,101852.00,A,0120.74776,N,10348.99092,E,2.446,100.55,250926,,,A*6D
$GPVTG,100.55,T,,M,2.446,N,4.530,K,A*3A
$GPGGA,101852.00,0120.74776,N,10348.99092,E,1,08,1.01,45.3,M,4.9,M,,*57
$GPGSA,A,3,02,05,12,13,15,18,24,25,,,,,2.01,1.01,1.73*0E
$GPGSV,3,1,10,02,45,120,38,05,30,045,35,12,70,300,42,13,15,210,29*7F
$GPGSV,3,2,10,15,55,080,40,18,20,330,31,24,35,170,36,25,60,020,41*7D
$GPGSV,3,3,10,29,05,260,,31,08,100,*79
$GPGLL,0120.74776,N,10348.99092,E,101852.00,A,A*65
$GPRMC,101853.00,A,0120.74787,N,10348.99165,E,2.731,104.21,250926,,,A*6F
$GPVTG,104.21,T,,M,2.731,N,5.058,K,A*34
$GPGGA,101853.00,0120.74787,N,10348.99165,E,1,08,1.01,45.3,M,4.9,M,,*51
$GPGSA,A,3,02,05,12,13,15,18,24,25,,,,,2.01,1.01,1.73*0E
$GPGSV,3,1,10,02,45,120,38,05,30,045,35,12,70,300,42,13,15,210,29*7F
$GPGSV,3,2,10,15,55,080,40,18,20,330,31,24,35,170,36,25,60,020,41*7D
$GPGSV,3,3,10,29,05,260,,31,08,100,*79
$GPGLL,0120.74787,N,10348.99165,E,101853.00,A,A*63
$GPRMC,101854.00,A,0120.74630,N,10348.99224,E,2.496,106.82,250926,,,A*66
$GPVTG,106.82,T,,M,2.496,N,4.622,K,A*3B
$GPGGA,101854.00,0120.74630,N,10348.99224,E,1,08,1.01,45.3,M,4.9,M,,*5D
$GPGSA,A,3,02,05,12,13,15,18,24,25,,,,,2.01,1.01,1.73*0E
$GPGSV,3,1,10,02,45,120,38,05,30,045,35,12,70,300,42,13,15,210,29*7F
$GPGSV,3,2,10,15,55,080,40,18,20,330,31,24,35,170,36,25,60,020,41*7D
$GPGSV,3,3,10,29,05,260,,31,08,100,*79
$GPGLL,0120.74630,N,10348.99224,E,101854.00,A,A*6F
$GPRMC,101855.00,A,0120.74627,N,10348.99421,E,2.609,95.64,250926,,,A*55
$GPVTG,95.64,T,,M,2.609,N,4.832,K,A*03
$GPGGA,101855.00,0120.74627,N,10348.99421,E,1,08,1.01,45.3,M,4.9,M,,*59
$GPGSA,A,3,02,05,12,13,15,18,24,25,,,,,2.01,1.01,1.73*0E
$GPGSV,3,1,10,02,45,120,38,05,30,045,35,12,70,300,42,13,15,210,29*7F
$GPGSV,3,2,10,15,55,080,40,18,20,330,31,24,35,170,36,25,60,020,41*7D
$GPGSV,3,3,10,29,05,260,,31,08,100,*79
$GPGLL,0120.74627,N,10348.99421,E,101855.00,A,A*6B
$GPRMC,101856.00,A,0120.74613,N,10348.99371,E,2.242,111.77,250926,,,A*67
$GPVTG,111.77,T,,M,2.242,N,4.152,K,A*38
$GPGGA,101856.00,0120.74613,N,10348.99371,E,1,08,1.01,45.3,M,4.9,M,,*5F
$GPGSA,A,3,02,05,12,13,15,18,24,25,,,,,2.01,1.01,1.73*0E
$GPGSV,3,1,10,02,45,120,38,05,30,045,35,12,70,300,42,13,15,210,29*7F
$GPGSV,3,2,10,15,55,080,40,18,20,330,31,24,35,170,36,25,60,020,41*7D
$GPGSV,3,3,10,29,05,260,,31,08,100,*79
$GPGLL,0120.74613,N,10348.99371,E,101856.00,A,A*6D
$GPRMC,101857.00,A,0120.74512,N,10348.99464,E,2.626,108.86,250926,,,A*67
$GPVTG,108.86,T,,M,2.626,N,4.863,K,A*33
$GPGGA,101857.00,0120.74512,N,10348.99464,E,1,08,1.01,45.3,M,4.9,M,,*5F
$GPGSA,A,3,02,05,12,13,15,18,24,25,,,,,2.01,1.01,1.73*0E
$GPGSV,3,1,10,02,45,120,38,05,30,045,35,12,70,300,42,13,15,210,29*7F
$GPGSV,3,2,10,15,55,080,40,18,20,330,31,24,35,170,36,25,60,020,41*7D
$GPGSV,3,3,10,29,05,260,,31,08,100,*79
$GPGLL,0120.74512,N,10348.99464,E,101857.00,A,A*6D
$GPRMC,101858.00,A,0120.74567,N,10348.99551,E,2.248,110.84,250926,,,A*6A
$GPVTG,110.84,T,,M,2.248,N,4.163,K,A*3D
$GPGGA,101858.00,0120.74567,N,10348.99551,E,1,08,1.01,45.3,M,4.9,M,,*55
$GPGSA,A,3,02,05,12,13,15,18,24,25,,,,,2.01,1.01,1.73*0E
$GPGSV,3,1,10,02,45,120,38,05,30,045,35,12,70,300,42,13,15,210,29*7F
$GPGSV,3,2,10,15,55,080,40,18,20,330,31,24,35,170,36,25,60,020,41*7D
$GPGSV,3,3,10,29,05,260,,31,08,100,*79
$GPGLL,0120.74567,N,10348.99551,E,101858.00,A,A*67
$GPRMC,101859.00,A,0120.74640,N,10348.99782,E,2.095,107.02,250926,,,A*6B
$GPVTG,107.02,T,,M,2.095,N,3.880,K,A*34
$GPGGA,101859.00,0120.74640,N,10348.99782,E,1,08,1.01,45.3,M,4.9,M,,*5E
$GPGSA,A,3,02,05,12,13,15,18,24,25,,,,,2.01,1.01,1.73*0E
$GPGSV,3,1,10,02,45,120,38,05,30,045,35,12,70,300,42,13,15,210,29*7F
$GPGSV,3,2,10,15,55,080,40,18,20,330,31,24,35,170,36,25,60,020,41*7D
$GPGSV,3,3,10,29,05,260,,31,08,100,*79
$GPGLL,0120.74640,N,10348.99782,E,101859.00,A,A*6C
$GPRMC,101900.00,A,0120.74455,N,10348.99779,E,2.399,93.70,250926,,,A*52
$GPVTG,93.70,T,,M,2.399,N,4.442,K,A*07
$GPGGA,101900.00,0120.74455,N,10348.99779,E,1,08,1.01,45.3,M,4.9,M,,*51
$GPGSA,A,3,02,05,12,13,15,18,24,25,,,,,2.01,1.01,1.73*0E
$GPGSV,3,1,10,02,45,120,38,05,30,045,35,12,70,300,42,13,15,210,29*7F
$GPGSV,3,2,10,15,55,080,40,18,20,330,31,24,35,170,36,25,60,020,41*7D
$GPGSV,3,3,10,29,05,260,,31,08,100,*79
$GPGLL,0120.74455,N,10348.99779,E,101900.00,A,A*63
$GPRMC,101901.00,A,0120.74454,N,10348.99811,E,2.636,104.72,250926,,,A*6E
$GPVTG,104.72,T,,M,2.636,N,4.882,K,A*3A
$GPGGA,101901.00,0120.74454,N,10348.99811,E,1,08,1.01,45.3,M,4.9,M,,*50
$GPGSA,A,3,02,05,12,13,15,18,24,25,,,,,2.01,1.01,1.73*0E
$GPGSV,3,1,10,02,45,120,38,05,30,045,35,12,70,300,42,13,15,210,29*7F
$GPGSV,3,2,10,15,55,080,40,18,20,330,31,24,35,170,36,25,60,020,41*7D
$GPGSV,3,3,10,29,05,260,,31,08,100,*79
$GPGLL,0120.74454,N,10348.99811,E,101901.00,A,A*62
$GPRMC,101902.00,A,0120.74449,N,10348.99727,E,2.389,105.58,250926,,,A*63
$GPVTG,105.58,T,,M,2.389,N,4.425,K,A*33
$GPGGA,101902.00,0120.74449,N,10348.99727,E,1,08,1.01,45.3,M,4.9,M,,*55
$GPGSA,A,3,02,05,12,13,15,18,24,25,,,,,2.01,1.01,1.73*0E
$GPGSV,3,1,10,02,45,120,38,05,30,045,35,12,70,300,42,13,15,210,29*7F
$GPGSV,3,2,10,15,55,080,40,18,20,330,31,24,35,170,36,25,60,020,41*7D
$GPGSV,3,3,10,29,05,260,,31,08,100,*79
$GPGLL,0120.74449,N,10348.99727,E,101902.00,A,A*67
$GPRMC,101903.00,A,0120.74497,N,10348.99918,E,2.378,105.11,250926,,,A*60
$GPVTG,105.11,T,,M,2.378,N,4.404,K,A*33
$GPGGA,101903.00,0120.74497,N,10348.99918,E,1,08,1.01,45.3,M,4.9,M,,*55
$GPGSA,A,3,02,05,12,13,15,18,24,25,,,,,2.01,1.01,1.73*0E
$GPGSV,3,1,10,02,45,120,38,05,30,045,35,12,70,300,42,13,15,210,29*7F
$GPGSV,3,2,10,15,55,080,40,18,20,330,31,24,35,170,36,25,60,020,41*7D
$GPGSV,3,3,10,29,05,260,,31,08,100,*79
$GPGLL,0120.74497,N,10348.99918,E,101903.00,A,A*67
$GPRMC,101904.00,A,0120.74503,N,10349.00005,E,2.418,96.81,250926,,,A*5C
$GPVTG,96.81,T,,M,2.418,N,4.478,K,A*0B
$GPGGA,101904.00,0120.74503,N,10349.00005,E,1,08,1.01,45.3,M,4.9,M,,*5A
$GPGSA,A,3,02,05,12,13,15,18,24,25,,,,,2.01,1.01,1.73*0E
$GPGSV,3,1,10,02,45,120,38,05,30,045,35,12,70,300,42,13,15,210,29*7F
$GPGSV,3,2,10,15,55,080,40,18,20,330,31,24,35,170,36,25,60,020,41*7D
$GPGSV,3,3,10,29,05,260,,31,08,100,*79
$GPGLL,0120.74503,N,10349.00005,E,101904.00,A,A*68
$GPRMC,101905.00,A,0120.74450,N,10349.00035,E,2.323,102.72,250926,,,A*66
$GPVTG,102.72,T,,M,2.323,N,4.302,K,A*3E
$GPGGA,101905.00,0120.74450,N,10349.00035,E,1,08,1.01,45.3,M,4.9,M,,*5F
$GPGSA,A,3,02,05,12,13,15,18,24,25,,,,,2.01,1.01,1.73*0E
$GPGSV,3,1,10,02,45,120,38,05,30,045,35,12,70,300,42,13,15,210,29*7F
$GPGSV,3,2,10,15,55,080,40,18,20,330,31,24,35,170,36,25,60,020,41*7D
$GPGSV,3,3,10,29,05,260,,31,08,100,*79
$GPGLL,0120.74450,N,10349.00035,E,101905.00,A,A*6D
$GPRMC,101906.00,A,0120.74432,N,10349.00020,E,2.663,106.82,250926,,,A*6F
$GPVTG,106.82,T,,M,2.663,N,4.932,K,A*3D
$GPGGA,101906.00,0120.74432,N,10349.00020,E,1,08,1.01,45.3,M,4.9,M,,*5C
$GPGSA,A,3,02,05,12,13,15,18,24,25,,,,,2.01,1.01,1.73*0E
$GPGSV,3,1,10,02,45,120,38,05,30,045,35,12,70,300,42,13,15,210,29*7F
$GPGSV,3,2,10,15,55,080,40,18,20,330,31,24,35,170,36,25,60,020,41*7D
$GPGSV,3,3,10,29,05,260,,31,08,100,*79
$GPGLL,0120.74432,N,10349.00020,E,101906.00,A,A*6E
$GPRMC,101907.00,A,0120.74443,N,10349.00160,E,2.581,112.77,250926,,,A*6D
$GPVTG,112.77,T,,M,2.581,N,4.779,K,A*3C
$GPGGA,101907.00,0120.74443,N,10349.00160,E,1,08,1.01,45.3,M,4.9,M,,*5E
$GPGSA,A,3,02,05,12,13,15,18,24,25,,,,,2.01,1.01,1.73*0E
$GPGSV,3,1,10,02,45,120,38,05,30,045,35,12,70,300,42,13,15,210,29*7F
$GPGSV,3,2,10,15,55,080,40,18,20,330,31,24,35,170,36,25,60,020,41*7D
$GPGSV,3,3,10,29,05,260,,31,08,100,*79
$GPGLL,0120.74443,N,10349.00160,E,101907.00,A,A*6C
$GPRMC,101908.00,A,0120.74446,N,10349.00187,E,2.409,104.37,250926,,,A*6C
$GPVTG,104.37,T,,M,2.409,N,4.461,K,A*34
$GPGGA,101908.00,0120.74446,N,10349.00187,E,1,08,1.01,45.3,M,4.9,M,,*5D
$GPGSA,A,3,02,05,12,13,15,18,24,25,,,,,2.01,1.01,1.73*0E
$GPGSV,3,1,10,02,45,120,38,05,30,045,35,12,70,300,42,13,15,210,29*7F
$GPGSV,3,2,10,15,55,080,40,18,20,330,31,24,35,170,36,25,60,020,41*7D
$GPGSV,3,3,10,29,05,260,,31,08,100,*79
$GPGLL,0120.74446,N,10349.00187,E,101908.00,A,A*6F
$GPRMC,101909.00,A,0120.74356,N,10349.00273,E,2.571,112.01,250926,,,A*6F
$GPVTG,112.01,T,,M,2.571,N,4.762,K,A*38
$GPGGA,101909.00,0120.74356,N,10349.00273,E,1,08,1.01,45.3,M,4.9,M,,*52
$GPGSA,A,3,02,05,12,13,15,18,24,25,,,,,2.01,1.01,1.73*0E
$GPGSV,3,1,10,02,45,120,38,05,30,045,35,12,70,300,42,13,15,210,29*7F
$GPGSV,3,2,10,15,55,080,40,18,20,330,31,24,35,170,36,25,60,020,41*7D
$GPGSV,3,3,10,29,05,260,,31,08,100,*79
$GPGLL,0120.74356,N,10349.00273,E,101909.00,A,A*60
$GPRMC,101910.00,A,0120.74490,N,10349.00257,E,2.669,107.48,250926,,,A*6F
$GPVTG,107.48,T,,M,2.669,N,4.943,K,A*36
$GPGGA,101910.00,0120.74490,N,10349.00257,E,1,08,1.01,45.3,M,4.9,M,,*51
$GPGSA,A,3,02,05,12,13,15,18,24,25,,,,,2.01,1.01,1.73*0E
$GPGSV,3,1,10,02,45,120,38,05,30,045,35,12,70,300,42,13,15,210,29*7F
$GPGSV,3,2,10,15,55,080,40,18,20,330,31,24,35,170,36,25,60,020,41*7D
$GPGSV,3,3,10,29,05,260,,31,08,100,*79
$GPGLL,0120.74490,N,10349.00257,E,101910.00,A,A*63
$GPRMC,101911.00,A,0120.74359,N,10349.00351,E,2.622,100.74,250926,,,A*6C
$GPVTG,100.74,T,,M,2.622,N,4.856,K,A*34
$GPGGA,101911.00,0120.74359,N,10349.00351,E,1,08,1.01,45.3,M,4.9,M,,*55
$GPGSA,A,3,02,05,12,13,15,18,24,25,,,,,2.01,1.01,1.73*0E
$GPGSV,3,1,10,02,45,120,38,05,30,045,35,12,70,300,42,13,15,210,29*7F
$GPGSV,3,2,10,15,55,080,40,18,20,330,31,24,35,170,36,25,60,020,41*7D
$GPGSV,3,3,10,29,05,260,,31,08,100,*79
$GPGLL,0120.74359,N,10349.00351,E,101911.00,A,A*67
$GPRMC,101912.00,A,0120.74362,N,10349.00414,E,2.906,104.84,250926,,,A*63
$GPVTG,104.84,T,,M,2.906,N,5.383,K,A*34
$GPGGA,101912.00,0120.74362,N,10349.00414,E,1,08,1.01,45.3,M,4.9,M,,*58
$GPGSA,A,3,02,05,12,13,15,18,24,25,,,,,2.01,1.01,1.73*0E
$GPGSV,3,1,10,02,45,120,38,05,30,045,35,12,70,300,42,13,15,210,29*7F
$GPGSV,3,2,10,15,55,080,40,18,20,330,31,24,35,170,36,25,60,020,41*7D
$GPGSV,3,3,10,29,05,260,,31,08,100,*79
$GPGLL,0120.74362,N,10349.00414,E,101912.00,A,A*6A
$GPRMC,101913.00,A,0120.74352,N,10349.00492,E,2.574,107.63,250926,,,A*6C
$GPVTG,107.63,T,,M,2.574,N,4.767,K,A*38
$GPGGA,101913.00,0120.74352,N,10349.00492,E,1,08,1.01,45.3,M,4.9,M,,*54
$GPGSA,A,3,02,05,12,13,15,18,24,25,,,,,2.01,1.01,1.73*0E
$GPGSV,3,1,10,02,45,120,38,05,30,045,35,12,70,300,42,13,15,210,29*7F
$GPGSV,3,2,10,15,55,080,40,18,20,330,31,24,35,170,36,25,60,020,41*7D
$GPGSV,3,3,10,29,05,260,,31,08,100,*79
$GPGLL,0120.74352,N,10349.00492,E,101913.00,A,A*66
$GPRMC,101914.00,A,0120.74362,N,10349.00657,E,2.722,104.84,250926,,,A*68
$GPVTG,104.84,T,,M,2.722,N,5.041,K,A*31
$GPGGA,101914.00,0120.74362,N,10349.00657,E,1,08,1.01,45.3,M,4.9,M,,*5B
$GPGSA,A,3,02,05,12,13,15,18,24,25,,,,,2.01,1.01,1.73*0E
$GPGSV,3,1,10,02,45,120,38,05,30,045,35,12,70,300,42,13,15,210,29*7F
$GPGSV,3,2,10,15,55,080,40,18,20,330,31,24,35,170,36,25,60,020,41*7D
$GPGSV,3,3,10,29,05,260,,31,08,100,*79
$GPGLL,0120.74362,N,10349.00657,E,101914.00,A,A*69
$GPRMC,101915.00,A,0120.74259,N,10349.00614,E,2.182,106.68,250926,,,A*6B
$GPVTG,106.68,T,,M,2.182,N,4.041,K,A*3C
$GPGGA,101915.00,0120.74259,N,10349.00614,E,1,08,1.01,45.3,M,4.9,M,,*54
$GPGSA,A,3,02,05,12,13,15,18,24,25,,,,,2.01,1.01,1.73*0E
$GPGSV,3,1,10,02,45,120,38,05,30,045,35,12,70,300,42,13,15,210,29*7F
$GPGSV,3,2,10,15,55,080,40,18,20,330,31,24,35,170,36,25,60,020,41*7D
$GPGSV,3,3,10,29,05,260,,31,08,100,*79
$GPGLL,0120.74259,N,10349.00614,E,101915.00,A,A*66
$GPRMC,101916.00,A,0120.74213,N,10349.00693,E,2.538,106.93,250926,,,A*68
$GPVTG,106.93,T,,M,2.538,N,4.699,K,A*3E
$GPGGA,101916.00,0120.74213,N,10349.00693,E,1,08,1.01,45.3,M,4.9,M,,*56
$GPGSA,A,3,02,05,12,13,15,18,24,25,,,,,2.01,1.01,1.73*0E
$GPGSV,3,1,10,02,45,120,38,05,30,045,35,12,70,300,42,13,15,210,29*7F
$GPGSV,3,2,10,15,55,080,40,18,20,330,31,24,35,170,36,25,60,020,41*7D
$GPGSV,3,3,10,29,05,260,,31,08,100,*79
$GPGLL,0120.74213,N,10349.00693,E,101916.00,A,A*64
$GPRMC,101917.00,A,0120.74228,N,10349.00809,E,2.551,107.31,250926,,,A*6A
$GPVTG,107.31,T,,M,2.551,N,4.724,K,A*3F
$GPGGA,101917.00,0120.74228,N,10349.00809,E,1,08,1.01,45.3,M,4.9,M,,*52
$GPGSA,A,3,02,05,12,13,15,18,24,25,,,,,2.01,1.01,1.73*0E
$GPGSV,3,1,10,02,45,120,38,05,30,045,35,12,70,300,42,13,15,210,29*7F
$GPGSV,3,2,10,15,55,080,40,18,20,330,31,24,35,170,36,25,60,020,41*7D
$GPGSV,3,3,10,29,05,260,,31,08,100,*79
$GPGLL,0120.74228,N,10349.00809,E,101917.00,A,A*60
$GPRMC,101918.00,A,0120.74125,N,10349.00754,E,2.552,100.20,250926,,,A*68
$GPVTG,100.20,T,,M,2.552,N,4.726,K,A*39
$GPGGA,101918.00,0120.74125,N,10349.00754,E,1,08,1.01,45.3,M,4.9,M,,*54
$GPGSA,A,3,02,05,12,13,15,18,24,25,,,,,2.01,1.01,1.73*0E
$GPGSV,3,1,10,02,45,120,38,05,30,045,35,12,70,300,42,13,15,210,29*7F
$GPGSV,3,2,10,15,55,080,40,18,20,330,31,24,35,170,36,25,60,020,41*7D
$GPGSV,3,3,10,29,05,260,,31,08,100,*79
$GPGLL,0120.74125,N,10349.00754,E,101918.00,A,A*66
$GPRMC,101919.00,A,0120.74182,N,10349.00875,E,2.433,114.05,250926,,,A*6C
$GPVTG,114.05,T,,M,2.433,N,4.507,K,A*3C
$GPGGA,101919.00,0120.74182,N,10349.00875,E,1,08,1.01,45.3,M,4.9,M,,*54
$GPGSA,A,3,02,05,12,13,15,18,24,25,,,,,2.01,1.01,1.73*0E
$GPGSV,3,1,10,02,45,120,38,05,30,045,35,12,70,300,42,13,15,210,29*7F
$GPGSV,3,2,10,15,55,080,40,18,20,330,31,24,35,170,36,25,60,020,41*7D
$GPGSV,3,3,10,29,05,260,,31,08,100,*79
$GPGLL,0120.74182,N,10349.00875,E,101919.00,A,A*66
$GPRMC,101920.00,A,0120.74080,N,10349.00993,E,2.838,110.95,250926,,,A*66
$GPVTG,110.95,T,,M,2.838,N,5.256,K,A*34
$GPGGA,101920.00,0120.74080,N,10349.00993,E,1,08,1.01,45.3,M,4.9,M,,*54
$GPGSA,A,3,02,05,12,13,15,18,24,25,,,,,2.01,1.01,1.73*0E
$GPGSV,3,1,10,02,45,120,38,05,30,045,35,12,70,300,42,13,15,210,29*7F
$GPGSV,3,2,10,15,55,080,40,18,20,330,31,24,35,170,36,25,60,020,41*7D
$GPGSV,3,3,10,29,05,260,,31,08,100,*79
$GPGLL,0120.74080,N,10349.00993,E,101920.00,A,A*66
$GPRMC,101921.00,A,0120.74151,N,10349.01126,E,2.715,105.93,250926,,,A*6F
$GPVTG,105.93,T,,M,2.715,N,5.028,K,A*3D
$GPGGA,101921.00,0120.74151,N,10349.01126,E,1,08,1.01,45.3,M,4.9,M,,*5F
$GPGSA,A,3,02,05,12,13,15,18,24,25,,,,,2.01,1.01,1.73*0E
$GPGSV,3,1,10,02,45,120,38,05,30,045,35,12,70,300,42,13,15,210,29*7F
$GPGSV,3,2,10,15,55,080,40,18,20,330,31,24,35,170,36,25,60,020,41*7D
$GPGSV,3,3,10,29,05,260,,31,08,100,*79
$GPGLL,0120.74151,N,10349.01126,E,101921.00,A,A*6D
$GPRMC,101922.00,A,0120.74209,N,10349.01131,E,2.288,105.21,250926,,,A*6C
$GPVTG,105.21,T,,M,2.288,N,4.238,K,A*37
$GPGGA,101922.00,0120.74209,N,10349.01131,E,1,08,1.01,45.3,M,4.9,M,,*54
$GPGSA,A,3,02,05,12,13,15,18,24,25,,,,,2.01,1.01,1.73*0E
$GPGSV,3,1,10,02,45,120,38,05,30,045,35,12,70,300,42,13,15,210,29*7F
$GPGSV,3,2,10,15,55,080,40,18,20,330,31,24,35,170,36,25,60,020,41*7D
$GPGSV,3,3,10,29,05,260,,31,08,100,*79
$GPGLL,0120.74209,N,10349.01131,E,101922.00,A,A*66
$GPRMC,101923.00,A,0120.74137,N,10349.01130,E,2.513,103.00,250926,,,A*62
$GPVTG,103.00,T,,M,2.513,N,4.654,K,A*39
$GPGGA,101923.00,0120.74137,N,10349.01130,E,1,08,1.01,45.3,M,4.9,M,,*5A
$GPGSA,A,3,02,05,12,13,15,18,24,25,,,,,2.01,1.01,1.73*0E
$GPGSV,3,1,10,02,45,120,38,05,30,045,35,12,70,300,42,13,15,210,29*7F
$GPGSV,3,2,10,15,55,080,40,18,20,330,31,24,35,170,36,25,60,020,41*7D
$GPGSV,3,3,10,29,05,260,,31,08,100,*79
$GPGLL,0120.74137,N,10349.01130,E,101923.00,A,A*68
$GPRMC,101924.00,A,0120.74176,N,10349.01223,E,2.422,108.26,250926,,,A*6D
$GPVTG,108.26,T,,M,2.422,N,4.485,K,A*3B
$GPGGA,101924.00,0120.74176,N,10349.01223,E,1,08,1.01,45.3,M,4.9,M,,*59
$GPGSA,A,3,02,05,12,13,15,18,24,25,,,,,2.01,1.01,1.73*0E
$GPGSV,3,1,10,02,45,120,38,05,30,045,35,12,70,300,42,13,15,210,29*7F
$GPGSV,3,2,10,15,55,080,40,18,20,330,31,24,35,170,36,25,60,020,41*7D
$GPGSV,3,3,10,29,05,260,,31,08,100,*79
$GPGLL,0120.74176,N,10349.01223,E,101924.00,A,A*6B
$GPRMC,101925.00,A,0120.74111,N,10349.01374,E,2.304,100.89,250926,,,A*60
$GPVTG,100.89,T,,M,2.304,N,4.268,K,A*30
$GPGGA,101925.00,0120.74111,N,10349.01374,E,1,08,1.01,45.3,M,4.9,M,,*5A
$GPGSA,A,3,02,05,12,13,15,18,24,25,,,,,2.01,1.01,1.73*0E
$GPGSV,3,1,10,02,45,120,38,05,30,045,35,12,70,300,42,13,15,210,29*7F
$GPGSV,3,2,10,15,55,080,40,18,20,330,31,24,35,170,36,25,60,020,41*7D
$GPGSV,3,3,10,29,05,260,,31,08,100,*79
$GPGLL,0120.74111,N,10349.01374,E,101925.00,A,A*68
$GPRMC,101926.00,A,0120.74126,N,10349.01530,E,2.737,103.47,250926,,,A*64
$GPVTG,103.47,T,,M,2.737,N,5.068,K,A*36
$GPGGA,101926.00,0120.74126,N,10349.01530,E,1,08,1.01,45.3,M,4.9,M,,*5B
$GPGSA,A,3,02,05,12,13,15,18,24,25,,,,,2.01,1.01,1.73*0E
$GPGSV,3,1,10,02,45,120,38,05,30,045,35,12,70,300,42,13,15,210,29*7F
$GPGSV,3,2,10,15,55,080,40,18,20,330,31,24,35,170,36,25,60,020,41*7D
$GPGSV,3,3,10,29,05,260,,31,08,100,*79
$GPGLL,0120.74126,N,10349.01530,E,101926.00,A,A*69
$GPRMC,101927.00,A,0120.73996,N,10349.01578,E,2.468,104.86,250926,,,A*6E
$GPVTG,104.86,T,,M,2.468,N,4.570,K,A*38
$GPGGA,101927.00,0120.73996,N,10349.01578,E,1,08,1.01,45.3,M,4.9,M,,*52
$GPGSA,A,3,02,05,12,13,15,18,24,25,,,,,2.01,1.01,1.73*0E
$GPGSV,3,1,10,02,45,120,38,05,30,045,35,12,70,300,42,13,15,210,29*7F
$GPGSV,3,2,10,15,55,080,40,18,20,330,31,24,35,170,36,25,60,020,41*7D
$GPGSV,3,3,10,29,05,260,,31,08,100,*79
$GPGLL,0120.73996,N,10349.01578,E,101927.00,A,A*60
$GPRMC,101928.00,A,0120.74028,N,10349.01574,E,2.351,102.65,250926,,,A*60
$GPVTG,102.65,T,,M,2.351,N,4.354,K,A*3E
$GPGGA,101928.00,0120.74028,N,10349.01574,E,1,08,1.01,45.3,M,4.9,M,,*5A
$GPGSA,A,3,02,05,12,13,15,18,24,25,,,,,2.01,1.01,1.73*0E
$GPGSV,3,1,10,02,45,120,38,05,30,045,35,12,70,300,42,13,15,210,29*7F
$GPGSV,3,2,10,15,55,080,40,18,20,330,31,24,35,170,36,25,60,020,41*7D
$GPGSV,3,3,10,29,05,260,,31,08,100,*79
$GPGLL,0120.74028,N,10349.01574,E,101928.00,A,A*68
$GPRMC,101929.00,A,0120.74093,N,10349.01663,E,2.667,101.00,250926,,,A*64
$GPVTG,101.00,T,,M,2.667,N,4.939,K,A*3F
$GPGGA,101929.00,0120.74093,N,10349.01663,E,1,08,1.01,45.3,M,4.9,M,,*5E
$GPGSA,A,3,02,05,12,13,15,18,24,25,,,,,2.01,1.01,1.73*0E
$GPGSV,3,1,10,02,45,120,38,05,30,045,35,12,70,300,42,13,15,210,29*7F
$GPGSV,3,2,10,15,55,080,40,18,20,330,31,24,35,170,36,25,60,020,41*7D
$GPGSV,3,3,10,29,05,260,,31,08,100,*79
$GPGLL,0120.74093,N,10349.01663,E,101929.00,A,A*6C
$GPRMC,101930.00,A,0120.73940,N,10349.01789,E,2.433,106.57,250926,,,A*6F
$GPVTG,106.57,T,,M,2.433,N,4.506,K,A*39
$GPGGA,101930.00,0120.73940,N,10349.01789,E,1,08,1.01,45.3,M,4.9,M,,*53
$GPGSA,A,3,02,05,12,13,15,18,24,25,,,,,2.01,1.01,1.73*0E
$GPGSV,3,1,10,02,45,120,38,05,30,045,35,12,70,300,42,13,15,210,29*7F
$GPGSV,3,2,10,15,55,080,40,18,20,330,31,24,35,170,36,25,60,020,41*7D
$GPGSV,3,3,10,29,05,260,,31,08,100,*79
$GPGLL,0120.73940,N,10349.01789,E,101930.00,A,A*61
$GPRMC,101931.00,A,0120.74014,N,10349.01818,E,2.508,112.71,250926,,,A*6E
$GPVTG,112.71,T,,M,2.508,N,4.646,K,A*36
$GPGGA,101931.00,0120.74014,N,10349.01818,E,1,08,1.01,45.3,M,4.9,M,,*5A
$GPGSA,A,3,02,05,12,13,15,18,24,25,,,,,2.01,1.01,1.73*0E
$GPGSV,3,1,10,02,45,120,38,05,30,045,35,12,70,300,42,13,15,210,29*7F
$GPGSV,3,2,10,15,55,080,40,18,20,330,31,24,35,170,36,25,60,020,41*7D
$GPGSV,3,3,10,29,05,260,,31,08,100,*79
$GPGLL,0120.74014,N,10349.01818,E,101931.00,A,A*68
$GPRMC,101932.00,A,0120.73897,N,10349.01878,E,2.735,106.58,250926,,,A*6D
$GPVTG,106.58,T,,M,2.735,N,5.065,K,A*32
$GPGGA,101932.00,0120.73897,N,10349.01878,E,1,08,1.01,45.3,M,4.9,M,,*5B
$GPGSA,A,3,02,05,12,13,15,18,24,25,,,,,2.01,1.01,1.73*0E
$GPGSV,3,1,10,02,45,120,38,05,30,045,35,12,70,300,42,13,15,210,29*7F
$GPGSV,3,2,10,15,55,080,40,18,20,330,31,24,35,170,36,25,60,020,41*7D
$GPGSV,3,3,10,29,05,260,,31,08,100,*79
$GPGLL,0120.73897,N,10349.01878,E,101932.00,A,A*69
$GPRMC,101933.00,A,0120.73962,N,10349.01914,E,2.661,105.21,250926,,,A*61
$GPVTG,105.21,T,,M,2.661,N,4.929,K,A*3F
$GPGGA,101933.00,0120.73962,N,10349.01914,E,1,08,1.01,45.3,M,4.9,M,,*5A
$GPGSA,A,3,02,05,12,13,15,18,24,25,,,,,2.01,1.01,1.73*0E
$GPGSV,3,1,10,02,45,120,38,05,30,045,35,12,70,300,42,13,15,210,29*7F
$GPGSV,3,2,10,15,55,080,40,18,20,330,31,24,35,170,36,25,60,020,41*7D
$GPGSV,3,3,10,29,05,260,,31,08,100,*79
$GPGLL,0120.73962,N,10349.01914,E,101933.00,A,A*68
$GPRMC,101934.00,A,0120.73933,N,10349.02030,E,2.871,104.45,250926,,,A*62
$GPVTG,104.45,T,,M,2.871,N,5.316,K,A*34
$GPGGA,101934.00,0120.73933,N,10349.02030,E,1,08,1.01,45.3,M,4.9,M,,*55
$GPGSA,A,3,02,05,12,13,15,18,24,25,,,,,2.01,1.01,1.73*0E
$GPGSV,3,1,10,02,45,120,38,05,30,045,35,12,70,300,42,13,15,210,29*7F
$GPGSV,3,2,10,15,55,080,40,18,20,330,31,24,35,170,36,25,60,020,41*7D
$GPGSV,3,3,10,29,05,260,,31,08,100,*79
$GPGLL,0120.73933,N,10349.02030,E,101934.00,A,A*67
$GPRMC,101935.00,A,0120.73857,N,10349.01988,E,2.356,111.17,250926,,,A*64
$GPVTG,111.17,T,,M,2.356,N,4.363,K,A*3A
$GPGGA,101935.00,0120.73857,N,10349.01988,E,1,08,1.01,45.3,M,4.9,M,,*5E
$GPGSA,A,3,02,05,12,13,15,18,24,25,,,,,2.01,1.01,1.73*0E
$GPGSV,3,1,10,02,45,120,38,05,30,045,35,12,70,300,42,13,15,210,29*7F
$GPGSV,3,2,10,15,55,080,40,18,20,330,31,24,35,170,36,25,60,020,41*7D
$GPGSV,3,3,10,29,05,260,,31,08,100,*79
$GPGLL,0120.73857,N,10349.01988,E,101935.00,A,A*6C
$GPRMC,101936.00,A,0120.73801,N,10349.02128,E,2.491,107.31,250926,,,A*6A
$GPVTG,107.31,T,,M,2.491,N,4.613,K,A*37
$GPGGA,101936.00,0120.73801,N,10349.02128,E,1,08,1.01,45.3,M,4.9,M,,*5F
$GPGSA,A,3,02,05,12,13,15,18,24,25,,,,,2.01,1.01,1.73*0E
$GPGSV,3,1,10,02,45,120,38,05,30,045,35,12,70,300,42,13,15,210,29*7F
$GPGSV,3,2,10,15,55,080,40,18,20,330,31,24,35,170,36,25,60,020,41*7D
$GPGSV,3,3,10,29,05,260,,31,08,100,*79
$GPGLL,0120.73801,N,10349.02128,E,101936.00,A,A*6D
$GPRMC,101937.00,A,0120.73817,N,10349.02198,E,2.652,107.19,250926,,,A*60
$GPVTG,107.19,T,,M,2.652,N,4.912,K,A*3E
$GPGGA,101937.00,0120.73817,N,10349.02198,E,1,08,1.01,45.3,M,4.9,M,,*52
$GPGSA,A,3,02,05,12,13,15,18,24,25,,,,,2.01,1.01,1.73*0E
$GPGSV,3,1,10,02,45,120,38,05,30,045,35,12,70,300,42,13,15,210,29*7F
$GPGSV,3,2,10,15,55,080,40,18,20,330,31,24,35,170,36,25,60,020,41*7D
$GPGSV,3,3,10,29,05,260,,31,08,100,*79
$GPGLL,0120.73817,N,10349.02198,E,101937.00,A,A*60
$GPRMC,101938.00,A,0120.73833,N,10349.02233,E,2.696,102.20,250926,,,A*6C
$GPVTG,102.20,T,,M,2.696,N,4.994,K,A*37
$GPGGA,101938.00,0120.73833,N,10349.02233,E,1,08,1.01,45.3,M,4.9,M,,*59
$GPGSA,A,3,02,05,12,13,15,18,24,25,,,,,2.01,1.01,1.73*0E
$GPGSV,3,1,10,02,45,120,38,05,30,045,35,12,70,300,42,13,15,210,29*7F
$GPGSV,3,2,10,15,55,080,40,18,20,330,31,24,35,170,36,25,60,020,41*7D
$GPGSV,3,3,10,29,05,260,,31,08,100,*79
$GPGLL,0120.73833,N,10349.02233,E,101938.00,A,A*6B
$GPRMC,101939.00,A,0120.73778,N,10349.02358,E,2.329,110.36,250926,,,A*64
$GPVTG,110.36,T,,M,2.329,N,4.313,K,A*37
$GPGGA,101939.00,0120.73778,N,10349.02358,E,1,08,1.01,45.3,M,4.9,M,,*54
$GPGSA,A,3,02,05,12,13,15,18,24,25,,,,,2.01,1.01,1.73*0E
$GPGSV,3,1,10,02,45,120,38,05,30,045,35,12,70,300,42,13,15,210,29*7F
$GPGSV,3,2,10,15,55,080,40,18,20,330,31,24,35,170,36,25,60,020,41*7D
$GPGSV,3,3,10,29,05,260,,31,08,100,*79
$GPGLL,0120.73778,N,10349.02358,E,101939.00,A,A*66
$GPRMC,101940.00,A,0120.73770,N,10349.02388,E,2.494,104.14,250926,,,A*6B
$GPVTG,104.14,T,,M,2.494,N,4.618,K,A*3D
$GPGGA,101940.00,0120.73770,N,10349.02388,E,1,08,1.01,45.3,M,4.9,M,,*5F
$GPGSA,A,3,02,05,12,13,15,18,24,25,,,,,2.01,1.01,1.73*0E
$GPGSV,3,1,10,02,45,120,38,05,30,045,35,12,70,300,42,13,15,210,29*7F
$GPGSV,3,2,10,15,55,080,40,18,20,330,31,24,35,170,36,25,60,020,41*7D
$GPGSV,3,3,10,29,05,260,,31,08,100,*79
$GPGLL,0120.73770,N,10349.02388,E,101940.00,A,A*6D
$GPRMC,101941.00,A,0120.73805,N,10349.02536,E,2.077,117.74,250926,,,A*69
$GPVTG,117.74,T,,M,2.077,N,3.846,K,A*32
$GPGGA,101941.00,0120.73805,N,10349.02536,E,1,08,1.01,45.3,M,4.9,M,,*50
$GPGSA,A,3,02,05,12,13,15,18,24,25,,,,,2.01,1.01,1.73*0E
$GPGSV,3,1,10,02,45,120,38,05,30,045,35,12,70,300,42,13,15,210,29*7F
$GPGSV,3,2,10,15,55,080,40,18,20,330,31,24,35,170,36,25,60,020,41*7D
$GPGSV,3,3,10,29,05,260,,31,08,100,*79
$GPGLL,0120.73805,N,10349.02536,E,101941.00,A,A*62
$GPRMC,101942.00,A,0120.73756,N,10349.02528,E,2.646,109.50,250926,,,A*61
$GPVTG,109.50,T,,M,2.646,N,4.901,K,A*3A
$GPGGA,101942.00,0120.73756,N,10349.02528,E,1,08,1.01,45.3,M,4.9,M,,*55
$GPGSA,A,3,02,05,12,13,15,18,24,25,,,,,2.01,1.01,1.73*0E
$GPGSV,3,1,10,02,45,120,38,05,30,045,35,12,70,300,42,13,15,210,29*7F
$GPGSV,3,2,10,15,55,080,40,18,20,330,31,24,35,170,36,25,60,020,41*7D
$GPGSV,3,3,10,29,05,260,,31,08,100,*79
$GPGLL,0120.73756,N,10349.02528,E,101942.00,A,A*67
$GPRMC,101943.00,A,0120.73711,N,10349.02632,E,2.523,105.31,250926,,,A*60
$GPVTG,105.31,T,,M,2.523,N,4.673,K,A*3B
$GPGGA,101943.00,0120.73711,N,10349.02632,E,1,08,1.01,45.3,M,4.9,M,,*5F
$GPGSA,A,3,02,05,12,13,15,18,24,25,,,,,2.01,1.01,1.73*0E
$GPGSV,3,1,10,02,45,120,38,05,30,045,35,12,70,300,42,13,15,210,29*7F
$GPGSV,3,2,10,15,55,080,40,18,20,330,31,24,35,170,36,25,60,020,41*7D
$GPGSV,3,3,10,29,05,260,,31,08,100,*79
$GPGLL,0120.73711,N,10349.02632,E,101943.00,A,A*6D
$GPRMC,101944.00,A,0120.73763,N,10349.02641,E,2.635,109.87,250926,,,A*63
$GPVTG,109.87,T,,M,2.635,N,4.881,K,A*3D
$GPGGA,101944.00,0120.73763,N,10349.02641,E,1,08,1.01,45.3,M,4.9,M,,*59
$GPGSA,A,3,02,05,12,13,15,18,24,25,,,,,2.01,1.01,1.73*0E
$GPGSV,3,1,10,02,45,120,38,05,30,045,35,12,70,300,42,13,15,210,29*7F
$GPGSV,3,2,10,15,55,080,40,18,20,330,31,24,35,170,36,25,60,020,41*7D
$GPGSV,3,3,10,29,05,260,,31,08,100,*79
$GPGLL,0120.73763,N,10349.02641,E,101944.00,A,A*6B
$GPRMC,101945.00,A,0120.73803,N,10349.02756,E,2.350,105.51,250926,,,A*6D
$GPVTG,105.51,T,,M,2.350,N,4.352,K,A*39
$GPGGA,101945.00,0120.73803,N,10349.02756,E,1,08,1.01,45.3,M,4.9,M,,*56
$GPGSA,A,3,02,05,12,13,15,18,24,25,,,,,2.01,1.01,1.73*0E
$GPGSV,3,1,10,02,45,120,38,05,30,045,35,12,70,300,42,13,15,210,29*7F
$GPGSV,3,2,10,15,55,080,40,18,20,330,31,24,35,170,36,25,60,020,41*7D
$GPGSV,3,3,10,29,05,260,,31,08,100,*79
$GPGLL,0120.73803,N,10349.02756,E,101945.00,A,A*64
$GPRMC,101946.00,A,0120.73691,N,10349.02892,E,2.275,104.24,250926,,,A*69
$GPVTG,104.24,T,,M,2.275,N,4.214,K,A*3F
$GPGGA,101946.00,0120.73691,N,10349.02892,E,1,08,1.01,45.3,M,4.9,M,,*57
$GPGSA,A,3,02,05,12,13,15,18,24,25,,,,,2.01,1.01,1.73*0E
$GPGSV,3,1,10,02,45,120,38,05,30,045,35,12,70,300,42,13,15,210,29*7F
$GPGSV,3,2,10,15,55,080,40,18,20,330,31,24,35,170,36,25,60,020,41*7D
$GPGSV,3,3,10,29,05,260,,31,08,100,*79
$GPGLL,0120.73691,N,10349.02892,E,101946.00,A,A*65
$GPRMC,101947.00,A,0120.73644,N,10349.02917,E,2.645,98.39,250926,,,A*53
$GPVTG,98.39,T,,M,2.645,N,4.899,K,A*0F
$GPGGA,101947.00,0120.73644,N,10349.02917,E,1,08,1.01,45.3,M,4.9,M,,*52
$GPGSA,A,3,02,05,12,13,15,18,24,25,,,,,2.01,1.01,1.73*0E
$GPGSV,3,1,10,02,45,120,38,05,30,045,35,12,70,300,42,13,15,210,29*7F
$GPGSV,3,2,10,15,55,080,40,18,20,330,31,24,35,170,36,25,60,020,41*7D
$GPGSV,3,3,10,29,05,260,,31,08,100,*79
$GPGLL,0120.73644,N,10349.02917,E,101947.00,A,A*60
$GPRMC,101948.00,A,0120.73715,N,10349.03067,E,2.677,98.66,250926,,,A*5D
$GPVTG,98.66,T,,M,2.677,N,4.958,K,A*08
$GPGGA,101948.00,0120.73715,N,10349.03067,E,1,08,1.01,45.3,M,4.9,M,,*57
$GPGSA,A,3,02,05,12,13,15,18,24,25,,,,,2.01,1.01,1.73*0E
$GPGSV,3,1,10,02,45,120,38,05,30,045,35,12,70,300,42,13,15,210,29*7F
$GPGSV,3,2,10,15,55,080,40,18,20,330,31,24,35,170,36,25,60,020,41*7D
$GPGSV,3,3,10,29,05,260,,31,08,100,*79
$GPGLL,0120.73715,N,10349.03067,E,101948.00,A,A*65
$GPRMC,101949.00,A,0120.73680,N,10349.03091,E,2.629,107.85,250926,,,A*69
$GPVTG,107.85,T,,M,2.629,N,4.868,K,A*3B
$GPGGA,101949.00,0120.73680,N,10349.03091,E,1,08,1.01,45.3,M,4.9,M,,*52
$GPGSA,A,3,02,05,12,13,15,18,24,25,,,,,2.01,1.01,1.73*0E
$GPGSV,3,1,10,02,45,120,38,05,30,045,35,12,70,300,42,13,15,210,29*7F
$GPGSV,3,2,10,15,55,080,40,18,20,330,31,24,35,170,36,25,60,020,41*7D
$GPGSV,3,3,10,29,05,260,,31,08,100,*79
$GPGLL,0120.73680,N,10349.03091,E,101949.00,A,A*60
$GPRMC,101950.00,A,0120.73738,N,10349.03129,E,2.588,102.00,250926,,,A*61
$GPVTG,102.00,T,,M,2.588,N,4.794,K,A*37
$GPGGA,101950.00,0120.73738,N,10349.03129,E,1,08,1.01,45.3,M,4.9,M,,*5A
$GPGSA,A,3,02,05,12,13,15,18,24,25,,,,,2.01,1.01,1.73*0E
$GPGSV,3,1,10,02,45,120,38,05,30,045,35,12,70,300,42,13,15,210,29*7F
$GPGSV,3,2,10,15,55,080,40,18,20,330,31,24,35,170,36,25,60,020,41*7D
$GPGSV,3,3,10,29,05,260,,31,08,100,*79
$GPGLL,0120.73738,N,10349.03129,E,101950.00,A,A*68
$GPRMC,101951.00,A,0120.73649,N,10349.03123,E,2.498,108.24,250926,,,A*61
$GPVTG,108.24,T,,M,2.498,N,4.627,K,A*32
$GPGGA,101951.00,0120.73649,N,10349.03123,E,1,08,1.01,45.3,M,4.9,M,,*56
$GPGSA,A,3,02,05,12,13,15,18,24,25,,,,,2.01,1.01,1.73*0E
$GPGSV,3,1,10,02,45,120,38,05,30,045,35,12,70,300,42,13,15,210,29*7F
$GPGSV,3,2,10,15,55,080,40,18,20,330,31,24,35,170,36,25,60,020,41*7D
$GPGSV,3,3,10,29,05,260,,31,08,100,*79
$GPGLL,0120.73649,N,10349.03123,E,101951.00,A,A*64
$GPRMC,101952.00,A,0120.73607,N,10349.03280,E,2.115,103.46,250926,,,A*6D
$GPVTG,103.46,T,,M,2.115,N,3.917,K,A*36
$GPGGA,101952.00,0120.73607,N,10349.03280,E,1,08,1.01,45.3,M,4.9,M,,*55
$GPGSA,A,3,02,05,12,13,15,18,24,25,,,,,2.01,1.01,1.73*0E
$GPGSV,3,1,10,02,45,120,38,05,30,045,35,12,70,300,42,13,15,210,29*7F
$GPGSV,3,2,10,15,55,080,40,18,20,330,31,24,35,170,36,25,60,020,41*7D
$GPGSV,3,3,10,29,05,260,,31,08,100,*79
$GPGLL,0120.73607,N,10349.03280,E,101952.00,A,A*67
$GPRMC,101953.00,A,0120.73553,N,10349.03318,E,2.557,103.98,250926,,,A*6F
$GPVTG,103.98,T,,M,2.557,N,4.736,K,A*3D
$GPGGA,101953.00,0120.73553,N,10349.03318,E,1,08,1.01,45.3,M,4.9,M,,*56
$GPGSA,A,3,02,05,12,13,15,18,24,25,,,,,2.01,1.01,1.73*0E
$GPGSV,3,1,10,02,45,120,38,05,30,045,35,12,70,300,42,13,15,210,29*7F
$GPGSV,3,2,10,15,55,080,40,18,20,330,31,24,35,170,36,25,60,020,41*7D
$GPGSV,3,3,10,29,05,260,,31,08,100,*79
$GPGLL,0120.73553,N,10349.03318,E,101953.00,A,A*64
$GPRMC,101954.00,A,0120.73557,N,10349.03455,E,2.446,105.67,250926,,,A*65
$GPVTG,105.67,T,,M,2.446,N,4.530,K,A*3E
$GPGGA,101954.00,0120.73557,N,10349.03455,E,1,08,1.01,45.3,M,4.9,M,,*5B
$GPGSA,A,3,02,05,12,13,15,18,24,25,,,,,2.01,1.01,1.73*0E
$GPGSV,3,1,10,02,45,120,38,05,30,045,35,12,70,300,42,13,15,210,29*7F
$GPGSV,3,2,10,15,55,080,40,18,20,330,31,24,35,170,36,25,60,020,41*7D
$GPGSV,3,3,10,29,05,260,,31,08,100,*79
$GPGLL,0120.73557,N,10349.03455,E,101954.00,A,A*69
$GPRMC,101955.00,A,0120.73616,N,10349.03578,E,2.662,108.07,250926,,,A*63
$GPVTG,108.07,T,,M,2.662,N,4.930,K,A*3D
$GPGGA,101955.00,0120.73616,N,10349.03578,E,1,08,1.01,45.3,M,4.9,M,,*52
$GPGSA,A,3,02,05,12,13,15,18,24,25,,,,,2.01,1.01,1.73*0E
$GPGSV,3,1,10,02,45,120,38,05,30,045,35,12,70,300,42,13,15,210,29*7F
$GPGSV,3,2,10,15,55,080,40,18,20,330,31,24,35,170,36,25,60,020,41*7D
$GPGSV,3,3,10,29,05,260,,31,08,100,*79
$GPGLL,0120.73616,N,10349.03578,E,101955.00,A,A*60
$GPRMC,101956.00,A,0120.73519,N,10349.03612,E,2.466,113.39,250926,,,A*62
$GPVTG,113.39,T,,M,2.466,N,4.568,K,A*3D
$GPGGA,101956.00,0120.73519,N,10349.03612,E,1,08,1.01,45.3,M,4.9,M,,*52
$GPGSA,A,3,02,05,12,13,15,18,24,25,,,,,2.01,1.01,1.73*0E
$GPGSV,3,1,10,02,45,120,38,05,30,045,35,12,70,300,42,13,15,210,29*7F
$GPGSV,3,2,10,15,55,080,40,18,20,330,31,24,35,170,36,25,60,020,41*7D
$GPGSV,3,3,10,29,05,260,,31,08,100,*79
$GPGLL,0120.73519,N,10349.03612,E,101956.00,A,A*60
$GPRMC,101957.00,A,0120.73530,N,10349.03640,E,2.790,106.52,250926,,,A*6C
$GPVTG,106.52,T,,M,2.790,N,5.167,K,A*34
$GPGGA,101957.00,0120.73530,N,10349.03640,E,1,08,1.01,45.3,M,4.9,M,,*5F
$GPGSA,A,3,02,05,12,13,15,18,24,25,,,,,2.01,1.01,1.73*0E
$GPGSV,3,1,10,02,45,120,38,05,30,045,35,12,70,300,42,13,15,210,29*7F
$GPGSV,3,2,10,15,55,080,40,18,20,330,31,24,35,170,36,25,60,020,41*7D
$GPGSV,3,3,10,29,05,260,,31,08,100,*79
$GPGLL,0120.73530,N,10349.03640,E,101957.00,A,A*6D
$GPRMC,101958.00,A,0120.73523,N,10349.03720,E,2.535,106.42,250926,,,A*6A
$GPVTG,106.42,T,,M,2.535,N,4.695,K,A*33
$GPGGA,101958.00,0120.73523,N,10349.03720,E,1,08,1.01,45.3,M,4.9,M,,*55
$GPGSA,A,3,02,05,12,13,15,18,24,25,,,,,2.01,1.01,1.73*0E
$GPGSV,3,1,10,02,45,120,38,05,30,045,35,12,70,300,42,13,15,210,29*7F
$GPGSV,3,2,10,15,55,080,40,18,20,330,31,24,35,170,36,25,60,020,41*7D
$GPGSV,3,3,10,29,05,260,,31,08,100,*79
$GPGLL,0120.73523,N,10349.03720,E,101958.00,A,A*67
$GPRMC,101959.00,A,0120.73438,N,10349.03816,E,2.745,105.69,250926,,,A*65
$GPVTG,105.69,T,,M,2.745,N,5.084,K,A*3B
$GPGGA,101959.00,0120.73438,N,10349.03816,E,1,08,1.01,45.3,M,4.9,M,,*55
$GPGSA,A,3,02,05,12,13,15,18,24,25,,,,,2.01,1.01,1.73*0E
$GPGSV,3,1,10,02,45,120,38,05,30,045,35,12,70,300,42,13,15,210,29*7F
$GPGSV,3,2,10,15,55,080,40,18,20,330,31,24,35,170,36,25,60,020,41*7D
$GPGSV,3,3,10,29,05,260,,31,08,100,*79
$GPGLL,0120.73438,N,10349.03816,E,101959.00,A,A*67
$GPRMC,102000.00,A,0120.73482,N,10349.03898,E,2.533,116.28,250926,,,A*60
$GPVTG,116.28,T,,M,2.533,N,4.690,K,A*3D
$GPGGA,102000.00,0120.73482,N,10349.03898,E,1,08,1.01,45.3,M,4.9,M,,*54
$GPGSA,A,3,02,05,12,13,15,18,24,25,,,,,2.01,1.01,1.73*0E
$GPGSV,3,1,10,02,45,120,38,05,30,045,35,12,70,300,42,13,15,210,29*7F
$GPGSV,3,2,10,15,55,080,40,18,20,330,31,24,35,170,36,25,60,020,41*7D
$GPGSV,3,3,10,29,05,260,,31,08,100,*79
$GPGLL,0120.73482,N,10349.03898,E,102000.00,A,A*66
$GPRMC,102001.00,A,0120.73357,N,10349.03927,E,2.352,100.07,250926,,,A*60
$GPVTG,100.07,T,,M,2.352,N,4.355,K,A*3A
$GPGGA,102001.00,0120.73357,N,10349.03927,E,1,08,1.01,45.3,M,4.9,M,,*5F
$GPGSA,A,3,02,05,12,13,15,18,24,25,,,,,2.01,1.01,1.73*0E
$GPGSV,3,1,10,02,45,120,38,05,30,045,35,12,70,300,42,13,15,210,29*7F
$GPGSV,3,2,10,15,55,080,40,18,20,330,31,24,35,170,36,25,60,020,41*7D
$GPGSV,3,3,10,29,05,260,,31,08,100,*79
$GPGLL,0120.73357,N,10349.03927,E,102001.00,A,A*6D
$GPRMC,102002.00,A,0120.73341,N,10349.03930,E,2.672,109.98,250926,,,A*6A
$GPVTG,109.98,T,,M,2.672,N,4.949,K,A*35
$GPGGA,102002.00,0120.73341,N,10349.03930,E,1,08,1.01,45.3,M,4.9,M,,*5D
$GPGSA,A,3,02,05,12,13,15,18,24,25,,,,,2.01,1.01,1.73*0E
$GPGSV,3,1,10,02,45,120,38,05,30,045,35,12,70,300,42,13,15,210,29*7F
$GPGSV,3,2,10,15,55,080,40,18,20,330,31,24,35,170,36,25,60,020,41*7D
$GPGSV,3,3,10,29,05,260,,31,08,100,*79
$GPGLL,0120.73341,N,10349.03930,E,102002.00,A,A*6F
$GPRMC,102003.00,A,0120.73301,N,10349.04109,E,2.676,112.23,250926,,,A*64
$GPVTG,112.23,T,,M,2.676,N,4.956,K,A*35
$GPGGA,102003.00,0120.73301,N,10349.04109,E,1,08,1.01,45.3,M,4.9,M,,*5D
$GPGSA,A,3,02,05,12,13,15,18,24,25,,,,,2.01,1.01,1.73*0E
$GPGSV,3,1,10,02,45,120,38,05,30,045,35,12,70,300,42,13,15,210,29*7F
$GPGSV,3,2,10,15,55,080,40,18,20,330,31,24,35,170,36,25,60,020,41*7D
$GPGSV,3,3,10,29,05,260,,31,08,100,*79
$GPGLL,0120.73301,N,10349.04109,E,102003.00,A,A*6F
$GPRMC,102004.00,A,0120.73207,N,10349.04183,E,2.312,105.41,250926,,,A*63
$GPVTG,105.41,T,,M,2.312,N,4.282,K,A*32
$GPGGA,102004.00,0120.73207,N,10349.04183,E,1,08,1.01,45.3,M,4.9,M,,*5F
$GPGSA,A,3,02,05,12,13,15,18,24,25,,,,,2.01,1.01,1.73*0E
$GPGSV,3,1,10,02,45,120,38,05,30,045,35,12,70,300,42,13,15,210,29*7F
$GPGSV,3,2,10,15,55,080,40,18,20,330,31,24,35,170,36,25,60,020,41*7D
$GPGSV,3,3,10,29,05,260,,31,08,100,*79
$GPGLL,0120.73207,N,10349.04183,E,102004.00,A,A*6D
$GPRMC,102005.00,A,0120.73307,N,10349.04202,E,2.475,100.75,250926,,,A*6D
$GPVTG,100.75,T,,M,2.475,N,4.585,K,A*36
$GPGGA,102005.00,0120.73307,N,10349.04202,E,1,08,1.01,45.3,M,4.9,M,,*55
$GPGSA,A,3,02,05,12,13,15,18,24,25,,,,,2.01,1.01,1.73*0E
$GPGSV,3,1,10,02,45,120,38,05,30,045,35,12,70,300,42,13,15,210,29*7F
$GPGSV,3,2,10,15,55,080,40,18,20,330,31,24,35,170,36,25,60,020,41*7D
$GPGSV,3,3,10,29,05,260,,31,08,100,*79
$GPGLL,0120.73307,N,10349.04202,E,102005.00,A,A*67
$GPRMC,102006.00,A,0120.73344,N,10349.04321,E,2.698,114.74,250926,,,A*6C
$GPVTG,114.74,T,,M,2.698,N,4.997,K,A*3C
$GPGGA,102006.00,0120.73344,N,10349.04321,E,1,08,1.01,45.3,M,4.9,M,,*51
$GPGSA,A,3,02,05,12,13,15,18,24,25,,,,,2.01,1.01,1.73*0E
$GPGSV,3,1,10,02,45,120,38,05,30,045,35,12,70,300,42,13,15,210,29*7F
$GPGSV,3,2,10,15,55,080,40,18,20,330,31,24,35,170,36,25,60,020,41*7D
$GPGSV,3,3,10,29,05,260,,31,08,100,*79
$GPGLL,0120.73344,N,10349.04321,E,102006.00,A,A*63
$GPRMC,102007.00,A,0120.73275,N,10349.04396,E,2.687,111.03,250926,,,A*69
$GPVTG,111.03,T,,M,2.687,N,4.976,K,A*38
$GPGGA,102007.00,0120.73275,N,10349.04396,E,1,08,1.01,45.3,M,4.9,M,,*5F
$GPGSA,A,3,02,05,12,13,15,18,24,25,,,,,2.01,1.01,1.73*0E
$GPGSV,3,1,10,02,45,120,38,05,30,045,35,12,70,300,42,13,15,210,29*7F
$GPGSV,3,2,10,15,55,080,40,18,20,330,31,24,35,170,36,25,60,020,41*7D
$GPGSV,3,3,10,29,05,260,,31,08,100,*79
$GPGLL,0120.73275,N,10349.04396,E,102007.00,A,A*6D
$GPRMC,102008.00,A,0120.73335,N,10349.04579,E,2.717,106.27,250926,,,A*6C
$GPVTG,106.27,T,,M,2.717,N,5.032,K,A*38
$GPGGA,102008.00,0120.73335,N,10349.04579,E,1,08,1.01,45.3,M,4.9,M,,*52
$GPGSA,A,3,02,05,12,13,15,18,24,25,,,,,2.01,1.01,1.73*0E
$GPGSV,3,1,10,02,45,120,38,05,30,045,35,12,70,300,42,13,15,210,29*7F
$GPGSV,3,2,10,15,55,080,40,18,20,330,31,24,35,170,36,25,60,020,41*7D
$GPGSV,3,3,10,29,05,260,,31,08,100,*79
$GPGLL,0120.73335,N,10349.04579,E,102008.00,A,A*60
$GPRMC,102009.00,A,0120.73192,N,10349.04524,E,2.618,105.36,250926,,,A*67
$GPVTG,105.36,T,,M,2.618,N,4.849,K,A*30
$GPGGA,102009.00,0120.73192,N,10349.04524,E,1,08,1.01,45.3,M,4.9,M,,*54
$GPGSA,A,3,02,05,12,13,15,18,24,25,,,,,2.01,1.01,1.73*0E
$GPGSV,3,1,10,02,45,120,38,05,30,045,35,12,70,300,42,13,15,210,29*7F
$GPGSV,3,2,10,15,55,080,40,18,20,330,31,24,35,170,36,25,60,020,41*7D
$GPGSV,3,3,10,29,05,260,,31,08,100,*79
$GPGLL,0120.73192,N,10349.04524,E,102009.00,A,A*66
$GPRMC,102010.00,A,0120.73156,N,10349.04639,E,2.752,105.18,250926,,,A*6B
$GPVTG,105.18,T,,M,2.752,N,5.096,K,A*38
$GPGGA,102010.00,0120.73156,N,10349.04639,E,1,08,1.01,45.3,M,4.9,M,,*5B
$GPGSA,A,3,02,05,12,13,15,18,24,25,,,,,2.01,1.01,1.73*0E
$GPGSV,3,1,10,02,45,120,38,05,30,045,35,12,70,300,42,13,15,210,29*7F
$GPGSV,3,2,10,15,55,080,40,18,20,330,31,24,35,170,36,25,60,020,41*7D
$GPGSV,3,3,10,29,05,260,,31,08,100,*79
$GPGLL,0120.73156,N,10349.04639,E,102010.00,A,A*69
$GPRMC,102011.00,A,0120.73186,N,10349.04704,E,2.548,96.75,250926,,,A*51
$GPVTG,96.75,T,,M,2.548,N,4.718,K,A*01
$GPGGA,102011.00,0120.73186,N,10349.04704,E,1,08,1.01,45.3,M,4.9,M,,*58
$GPGSA,A,3,02,05,12,13,15,18,24,25,,,,,2.01,1.01,1.73*0E
$GPGSV,3,1,10,02,45,120,38,05,30,045,35,12,70,300,42,13,15,210,29*7F
$GPGSV,3,2,10,15,55,080,40,18,20,330,31,24,35,170,36,25,60,020,41*7D
$GPGSV,3,3,10,29,05,260,,31,08,100,*79
$GPGLL,0120.73186,N,10349.04704,E,102011.00,A,A*6A
$GPRMC,102012.00,A,0120.73264,N,10349.04818,E,2.379,110.23,250926,,,A*67
$GPVTG,110.23,T,,M,2.379,N,4.406,K,A*35
$GPGGA,102012.00,0120.73264,N,10349.04818,E,1,08,1.01,45.3,M,4.9,M,,*56
$GPGSA,A,3,02,05,12,13,15,18,24,25,,,,,2.01,1.01,1.73*0E
$GPGSV,3,1,10,02,45,120,38,05,30,045,35,12,70,300,42,13,15,210,29*7F
$GPGSV,3,2,10,15,55,080,40,18,20,330,31,24,35,170,36,25,60,020,41*7D
$GPGSV,3,3,10,29,05,260,,31,08,100,*79
$GPGLL,0120.73264,N,10349.04818,E,102012.00,A,A*64
$GPRMC,102013.00,A,0120.73271,N,10349.04923,E,2.592,109.22,250926,,,A*61
$GPVTG,109.22,T,,M,2.592,N,4.801,K,A*34
$GPGGA,102013.00,0120.73271,N,10349.04923,E,1,08,1.01,45.3,M,4.9,M,,*5A
$GPGSA,A,3,02,05,12,13,15,18,24,25,,,,,2.01,1.01,1.73*0E
$GPGSV,3,1,10,02,45,120,38,05,30,045,35,12,70,300,42,13,15,210,29*7F
$GPGSV,3,2,10,15,55,080,40,18,20,330,31,24,35,170,36,25,60,020,41*7D
$GPGSV,3,3,10,29,05,260,,31,08,100,*79
$GPGLL,0120.73271,N,10349.04923,E,102013.00,A,A*68
$GPRMC,102014.00,A,0120.73237,N,10349.04894,E,2.513,104.39,250926,,,A*67
$GPVTG,104.39,T,,M,2.513,N,4.653,K,A*33
$GPGGA,102014.00,0120.73237,N,10349.04894,E,1,08,1.01,45.3,M,4.9,M,,*52
$GPGSA,A,3,02,05,12,13,15,18,24,25,,,,,2.01,1.01,1.73*0E
$GPGSV,3,1,10,02,45,120,38,05,30,045,35,12,70,300,42,13,15,210,29*7F
$GPGSV,3,2,10,15,55,080,40,18,20,330,31,24,35,170,36,25,60,020,41*7D
$GPGSV,3,3,10,29,05,260,,31,08,100,*79
$GPGLL,0120.73237,N,10349.04894,E,102014.00,A,A*60
$GPRMC,102015.00,A,0120.73151,N,10349.05063,E,3.007,105.98,250926,,,A*6F
$GPVTG,105.98,T,,M,3.007,N,5.569,K,A*33
$GPGGA,102015.00,0120.73151,N,10349.05063,E,1,08,1.01,45.3,M,4.9,M,,*51
$GPGSA,A,3,02,05,12,13,15,18,24,25,,,,,2.01,1.01,1.73*0E
$GPGSV,3,1,10,02,45,120,38,05,30,045,35,12,70,300,42,13,15,210,29*7F
$GPGSV,3,2,10,15,55,080,40,18,20,330,31,24,35,170,36,25,60,020,41*7D
$GPGSV,3,3,10,29,05,260,,31,08,100,*79
$GPGLL,0120.73151,N,10349.05063,E,102015.00,A,A*63
$GPRMC,102016.00,A,0120.73233,N,10349.05011,E,2.143,106.14,250926,,,A*69
$GPVTG,106.14,T,,M,2.143,N,3.968,K,A*3F
$GPGGA,102016.00,0120.73233,N,10349.05011,E,1,08,1.01,45.3,M,4.9,M,,*50
$GPGSA,A,3,02,05,12,13,15,18,24,25,,,,,2.01,1.01,1.73*0E
$GPGSV,3,1,10,02,45,120,38,05,30,045,35,12,70,300,42,13,15,210,29*7F
$GPGSV,3,2,10,15,55,080,40,18,20,330,31,24,35,170,36,25,60,020,41*7D
$GPGSV,3,3,10,29,05,260,,31,08,100,*79
$GPGLL,0120.73233,N,10349.05011,E,102016.00,A,A*62
$GPRMC,102017.00,A,0120.73157,N,10349.05117,E,2.810,106.55,250926,,,A*64
$GPVTG,106.55,T,,M,2.810,N,5.204,K,A*32
$GPGGA,102017.00,0120.73157,N,10349.05117,E,1,08,1.01,45.3,M,4.9,M,,*57
$GPGSA,A,3,02,05,12,13,15,18,24,25,,,,,2.01,1.01,1.73*0E
$GPGSV,3,1,10,02,45,120,38,05,30,045,35,12,70,300,42,13,15,210,29*7F
$GPGSV,3,2,10,15,55,080,40,18,20,330,31,24,35,170,36,25,60,020,41*7D
$GPGSV,3,3,10,29,05,260,,31,08,100,*79
$GPGLL,0120.73157,N,10349.05117,E,102017.00,A,A*65
$GPRMC,102018.00,A,0120.73083,N,10349.05128,E,2.334,106.40,250926,,,A*66
$GPVTG,106.40,T,,M,2.334,N,4.323,K,A*3E
$GPGGA,102018.00,0120.73083,N,10349.05128,E,1,08,1.01,45.3,M,4.9,M,,*5C
$GPGSA,A,3,02,05,12,13,15,18,24,25,,,,,2.01,1.01,1.73*0E
$GPGSV,3,1,10,02,45,120,38,05,30,045,35,12,70,300,42,13,15,210,29*7F
$GPGSV,3,2,10,15,55,080,40,18,20,330,31,24,35,170,36,25,60,020,41*7D
$GPGSV,3,3,10,29,05,260,,31,08,100,*79
$GPGLL,0120.73083,N,10349.05128,E,102018.00,A,A*6E
$GPRMC,102019.00,A,0120.73098,N,10349.05207,E,2.509,98.18,250926,,,A*50
$GPVTG,98.18,T,,M,2.509,N,4.647,K,A*0A
$GPGGA,102019.00,0120.73098,N,10349.05207,E,1,08,1.01,45.3,M,4.9,M,,*59
$GPGSA,A,3,02,05,12,13,15,18,24,25,,,,,2.01,1.01,1.73*0E
$GPGSV,3,1,10,02,45,120,38,05,30,045,35,12,70,300,42,13,15,210,29*7F
$GPGSV,3,2,10,15,55,080,40,18,20,330,31,24,35,170,36,25,60,020,41*7D
$GPGSV,3,3,10,29,05,260,,31,08,100,*79
$GPGLL,0120.73098,N,10349.05207,E,102019.00,A,A*6B
$GPRMC,102020.00,A,0120.73149,N,10349.05324,E,2.661,101.25,250926,,,A*65
$GPVTG,101.25,T,,M,2.661,N,4.929,K,A*3F
$GPGGA,102020.00,0120.73149,N,10349.05324,E,1,08,1.01,45.3,M,4.9,M,,*5E
$GPGSA,A,3,02,05,12,13,15,18,24,25,,,,,2.01,1.01,1.73*0E
$GPGSV,3,1,10,02,45,120,38,05,30,045,35,12,70,300,42,13,15,210,29*7F
$GPGSV,3,2,10,15,55,080,40,18,20,330,31,24,35,170,36,25,60,020,41*7D
$GPGSV,3,3,10,29,05,260,,31,08,100,*79
$GPGLL,0120.73149,N,10349.05324,E,102020.00,A,A*6C
$GPRMC,102021.00,A,0120.73152,N,10349.05450,E,2.520,102.42,250926,,,A*6E
$GPVTG,102.42,T,,M,2.520,N,4.667,K,A*3E
$GPGGA,102021.00,0120.73152,N,10349.05450,E,1,08,1.01,45.3,M,4.9,M,,*51
$GPGSA,A,3,02,05,12,13,15,18,24,25,,,,,2.01,1.01,1.73*0E
$GPGSV,3,1,10,02,45,120,38,05,30,045,35,12,70,300,42,13,15,210,29*7F
$GPGSV,3,2,10,15,55,080,40,18,20,330,31,24,35,170,36,25,60,020,41*7D
$GPGSV,3,3,10,29,05,260,,31,08,100,*79
$GPGLL,0120.73152,N,10349.05450,E,102021.00,A,A*63
$GPRMC,102022.00,A,0120.73037,N,10349.05472,E,2.926,106.09,250926,,,A*6E
$GPVTG,106.09,T,,M,2.926,N,5.419,K,A*35
$GPGGA,102022.00,0120.73037,N,10349.05472,E,1,08,1.01,45.3,M,4.9,M,,*50
$GPGSA,A,3,02,05,12,13,15,18,24,25,,,,,2.01,1.01,1.73*0E
$GPGSV,3,1,10,02,45,120,38,05,30,045,35,12,70,300,42,13,15,210,29*7F
$GPGSV,3,2,10,15,55,080,40,18,20,330,31,24,35,170,36,25,60,020,41*7D
$GPGSV,3,3,10,29,05,260,,31,08,100,*79
$GPGLL,0120.73037,N,10349.05472,E,102022.00,A,A*62
$GPRMC,102023.00,A,0120.73033,N,10349.05467,E,2.408,106.01,250926,,,A*66
$GPVTG,106.01,T,,M,2.408,N,4.460,K,A*33
$GPGGA,102023.00,0120.73033,N,10349.05467,E,1,08,1.01,45.3,M,4.9,M,,*51
$GPGSA,A,3,02,05,12,13,15,18,24,25,,,,,2.01,1.01,1.73*0E
$GPGSV,3,1,10,02,45,120,38,05,30,045,35,12,70,300,42,13,15,210,29*7F
$GPGSV,3,2,10,15,55,080,40,18,20,330,31,24,35,170,36,25,60,020,41*7D
$GPGSV,3,3,10,29,05,260,,31,08,100,*79
$GPGLL,0120.73033,N,10349.05467,E,102023.00,A,A*63
$GPRMC,102024.00,A,0120.73107,N,10349.05597,E,2.886,103.32,250926,,,A*66
$GPVTG,103.32,T,,M,2.886,N,5.344,K,A*3C
$GPGGA,102024.00,0120.73107,N,10349.05597,E,1,08,1.01,45.3,M,4.9,M,,*5E
$GPGSA,A,3,02,05,12,13,15,18,24,25,,,,,2.01,1.01,1.73*0E
$GPGSV,3,1,10,02,45,120,38,05,30,045,35,12,70,300,42,13,15,210,29*7F
$GPGSV,3,2,10,15,55,080,40,18,20,330,31,24,35,170,36,25,60,020,41*7D
$GPGSV,3,3,10,29,05,260,,31,08,100,*79
$GPGLL,0120.73107,N,10349.05597,E,102024.00,A,A*6C
$GPRMC,102025.00,A,0120.72994,N,10349.05656,E,2.178,116.72,250926,,,A*62
$GPVTG,116.72,T,,M,2.178,N,4.033,K,A*36
$GPGGA,102025.00,0120.72994,N,10349.05656,E,1,08,1.01,45.3,M,4.9,M,,*52
$GPGSA,A,3,02,05,12,13,15,18,24,25,,,,,2.01,1.01,1.73*0E
$GPGSV,3,1,10,02,45,120,38,05,30,045,35,12,70,300,42,13,15,210,29*7F
$GPGSV,3,2,10,15,55,080,40,18,20,330,31,24,35,170,36,25,60,020,41*7D
$GPGSV,3,3,10,29,05,260,,31,08,100,*79
$GPGLL,0120.72994,N,10349.05656,E,102025.00,A,A*60
$GPRMC,102026.00,A,0120.73014,N,10349.05584,E,2.436,114.54,250926,,,A*64
$GPVTG,114.54,T,,M,2.436,N,4.512,K,A*39
$GPGGA,102026.00,0120.73014,N,10349.05584,E,1,08,1.01,45.3,M,4.9,M,,*5D
$GPGSA,A,3,02,05,12,13,15,18,24,25,,,,,2.01,1.01,1.73*0E
$GPGSV,3,1,10,02,45,120,38,05,30,045,35,12,70,300,42,13,15,210,29*7F
$GPGSV,3,2,10,15,55,080,40,18,20,330,31,24,35,170,36,25,60,020,41*7D
$GPGSV,3,3,10,29,05,260,,31,08,100,*79
$GPGLL,0120.73014,N,10349.05584,E,102026.00,A,A*6F
$GPRMC,102027.00,A,0120.72968,N,10349.05783,E,2.105,103.18,250926,,,A*68
$GPVTG,103.18,T,,M,2.105,N,3.898,K,A*3A
$GPGGA,102027.00,0120.72968,N,10349.05783,E,1,08,1.01,45.3,M,4.9,M,,*5A
$GPGSA,A,3,02,05,12,13,15,18,24,25,,,,,2.01,1.01,1.73*0E
$GPGSV,3,1,10,02,45,120,38,05,30,045,35,12,70,300,42,13,15,210,29*7F
$GPGSV,3,2,10,15,55,080,40,18,20,330,31,24,35,170,36,25,60,020,41*7D
$GPGSV,3,3,10,29,05,260,,31,08,100,*79
$GPGLL,0120.72968,N,10349.05783,E,102027.00,A,A*68
$GPRMC,102028.00,A,0120.72962,N,10349.05914,E,2.998,105.82,250926,,,A*64
$GPVTG,105.82,T,,M,2.998,N,5.553,K,A*3F
$GPGGA,102028.00,0120.72962,N,10349.05914,E,1,08,1.01,45.3,M,4.9,M,,*5F
$GPGSA,A,3,02,05,12,13,15,18,24,25,,,,,2.01,1.01,1.73*0E
$GPGSV,3,1,10,02,45,120,38,05,30,045,35,12,70,300,42,13,15,210,29*7F
$GPGSV,3,2,10,15,55,080,40,18,20,330,31,24,35,170,36,25,60,020,41*7D
$GPGSV,3,3,10,29,05,260,,31,08,100,*79
$GPGLL,0120.72962,N,10349.05914,E,102028.00,A,A*6D
$GPRMC,102029.00,A,0120.72885,N,10349.05921,E,2.404,110.99,250926,,,A*6D
$GPVTG,110.99,T,,M,2.404,N,4.451,K,A*3B
$GPGGA,102029.00,0120.72885,N,10349.05921,E,1,08,1.01,45.3,M,4.9,M,,*50
$GPGSA,A,3,02,05,12,13,15,18,24,25,,,,,2.01,1.01,1.73*0E
$GPGSV,3,1,10,02,45,120,38,05,30,045,35,12,70,300,42,13,15,210,29*7F
$GPGSV,3,2,10,15,55,080,40,18,20,330,31,24,35,170,36,25,60,020,41*7D
$GPGSV,3,3,10,29,05,260,,31,08,100,*79
$GPGLL,0120.72885,N,10349.05921,E,102029.00,A,A*62
$GPRMC,102030.00,A,0120.72949,N,10349.05917,E,2.740,106.43,250926,,,A*62
$GPVTG,106.43,T,,M,2.740,N,5.075,K,A*3B
$GPGGA,102030.00,0120.72949,N,10349.05917,E,1,08,1.01,45.3,M,4.9,M,,*5C
$GPGSA,A,3,02,05,12,13,15,18,24,25,,,,,2.01,1.01,1.73*0E
$GPGSV,3,1,10,02,45,120,38,05,30,045,35,12,70,300,42,13,15,210,29*7F
$GPGSV,3,2,10,15,55,080,40,18,20,330,31,24,35,170,36,25,60,020,41*7D
$GPGSV,3,3,10,29,05,260,,31,08,100,*79
$GPGLL,0120.72949,N,10349.05917,E,102030.00,A,A*6E
$GPRMC,102031.00,A,0120.72936,N,10349.06004,E,2.780,109.68,250926,,,A*69
$GPVTG,109.68,T,,M,2.780,N,5.148,K,A*3E
$GPGGA,102031.00,0120.72936,N,10349.06004,E,1,08,1.01,45.3,M,4.9,M,,*5D
$GPGSA,A,3,02,05,12,13,15,18,24,25,,,,,2.01,1.01,1.73*0E
$GPGSV,3,1,10,02,45,120,38,05,30,045,35,12,70,300,42,13,15,210,29*7F
$GPGSV,3,2,10,15,55,080,40,18,20,330,31,24,35,170,36,25,60,020,41*7D
$GPGSV,3,3,10,29,05,260,,31,08,100,*79
$GPGLL,0120.72936,N,10349.06004,E,102031.00,A,A*6F
$GPRMC,102032.00,A,0120.72932,N,10349.06151,E,2.779,99.79,250926,,,A*51
$GPVTG,99.79,T,,M,2.779,N,5.147,K,A*0F
$GPGGA,102032.00,0120.72932,N,10349.06151,E,1,08,1.01,45.3,M,4.9,M,,*5B
$GPGSA,A,3,02,05,12,13,15,18,24,25,,,,,2.01,1.01,1.73*0E
$GPGSV,3,1,10,02,45,120,38,05,30,045,35,12,70,300,42,13,15,210,29*7F
$GPGSV,3,2,10,15,55,080,40,18,20,330,31,24,35,170,36,25,60,020,41*7D
$GPGSV,3,3,10,29,05,260,,31,08,100,*79
$GPGLL,0120.72932,N,10349.06151,E,102032.00,A,A*69
$GPRMC,102033.00,A,0120.72873,N,10349.06202,E,2.704,101.87,250926,,,A*6A
$GPVTG,101.87,T,,M,2.704,N,5.008,K,A*3E
$GPGGA,102033.00,0120.72873,N,10349.06202,E,1,08,1.01,45.3,M,4.9,M,,*5B
$GPGSA,A,3,02,05,12,13,15,18,24,25,,,,,2.01,1.01,1.73*0E
$GPGSV,3,1,10,02,45,120,38,05,30,045,35,12,70,300,42,13,15,210,29*7F
$GPGSV,3,2,10,15,55,080,40,18,20,330,31,24,35,170,36,25,60,020,41*7D
$GPGSV,3,3,10,29,05,260,,31,08,100,*79
$GPGLL,0120.72873,N,10349.06202,E,102033.00,A,A*69
$GPRMC,102034.00,A,0120.72807,N,10349.06203,E,2.741,108.87,250926,,,A*67
$GPVTG,108.87,T,,M,2.741,N,5.076,K,A*3F
$GPGGA,102034.00,0120.72807,N,10349.06203,E,1,08,1.01,45.3,M,4.9,M,,*5E
$GPGSA,A,3,02,05,12,13,15,18,24,25,,,,,2.01,1.01,1.73*0E
$GPGSV,3,1,10,02,45,120,38,05,30,045,35,12,70,300,42,13,15,210,29*7F
$GPGSV,3,2,10,15,55,080,40,18,20,330,31,24,35,170,36,25,60,020,41*7D
$GPGSV,3,3,10,29,05,260,,31,08,100,*79
$GPGLL,0120.72807,N,10349.06203,E,102034.00,A,A*6C
$GPRMC,102035.00,A,0120.72898,N,10349.06200,E,2.769,103.97,250926,,,A*63
$GPVTG,103.97,T,,M,2.769,N,5.129,K,A*34
$GPGGA,102035.00,0120.72898,N,10349.06200,E,1,08,1.01,45.3,M,4.9,M,,*5A
$GPGSA,A,3,02,05,12,13,15,18,24,25,,,,,2.01,1.01,1.73*0E
$GPGSV,3,1,10,02,45,120,38,05,30,045,35,12,70,300,42,13,15,210,29*7F
$GPGSV,3,2,10,15,55,080,40,18,20,330,31,24,35,170,36,25,60,020,41*7D
$GPGSV,3,3,10,29,05,260,,31,08,100,*79
$GPGLL,0120.72898,N,10349.06200,E,102035.00,A,A*68
$GPRMC,102036.00,A,0120.72939,N,10349.06354,E,2.610,101.05,250926,,,A*6C
$GPVTG,101.05,T,,M,2.610,N,4.834,K,A*36
$GPGGA,102036.00,0120.72939,N,10349.06354,E,1,08,1.01,45.3,M,4.9,M,,*53
$GPGSA,A,3,02,05,12,13,15,18,24,25,,,,,2.01,1.01,1.73*0E
$GPGSV,3,1,10,02,45,120,38,05,30,045,35,12,70,300,42,13,15,210,29*7F
$GPGSV,3,2,10,15,55,080,40,18,20,330,31,24,35,170,36,25,60,020,41*7D
$GPGSV,3,3,10,29,05,260,,31,08,100,*79
$GPGLL,0120.72939,N,10349.06354,E,102036.00,A,A*61
$GPRMC,102037.00,A,0120.72850,N,10349.06374,E,2.346,102.33,250926,,,A*61
$GPVTG,102.33,T,,M,2.346,N,4.346,K,A*38
$GPGGA,102037.00,0120.72850,N,10349.06374,E,1,08,1.01,45.3,M,4.9,M,,*5E
$GPGSA,A,3,02,05,12,13,15,18,24,25,,,,,2.01,1.01,1.73*0E
$GPGSV,3,1,10,02,45,120,38,05,30,045,35,12,70,300,42,13,15,210,29*7F
$GPGSV,3,2,10,15,55,080,40,18,20,330,31,24,35,170,36,25,60,020,41*7D
$GPGSV,3,3,10,29,05,260,,31,08,100,*79
$GPGLL,0120.72850,N,10349.06374,E,102037.00,A,A*6C
$GPRMC,102038.00,A,0120.72783,N,10349.06481,E,3.990,127.42,250926,,,A*63
$GPVTG,127.42,T,,M,3.990,N,7.390,K,A*31
$GPGGA,102038.00,0120.72783,N,10349.06481,E,1,08,1.01,45.3,M,4.9,M,,*5D
$GPGSA,A,3,02,05,12,13,15,18,24,25,,,,,2.01,1.01,1.73*0E
$GPGSV,3,1,10,02,45,120,38,05,30,045,35,12,70,300,42,13,15,210,29*7F
$GPGSV,3,2,10,15,55,080,40,18,20,330,31,24,35,170,36,25,60,020,41*7D
$GPGSV,3,3,10,29,05,260,,31,08,100,*79
$GPGLL,0120.72783,N,10349.06481,E,102038.00,A,A*6F
$GPRMC,102039.00,A,0120.72700,N,10349.06568,E,2.550,154.87,250926,,,A*63
$GPVTG,154.87,T,,M,2.550,N,4.722,K,A*33
$GPGGA,102039.00,0120.72700,N,10349.06568,E,1,08,1.01,45.3,M,4.9,M,,*51
$GPGSA,A,3,02,05,12,13,15,18,24,25,,,,,2.01,1.01,1.73*0E
$GPGSV,3,1,10,02,45,120,38,05,30,045,35,12,70,300,42,13,15,210,29*7F
$GPGSV,3,2,10,15,55,080,40,18,20,330,31,24,35,170,36,25,60,020,41*7D
$GPGSV,3,3,10,29,05,260,,31,08,100,*79
$GPGLL,0120.72700,N,10349.06568,E,102039.00,A,A*63
$GPRMC,102040.00,A,0120.72643,N,10349.06619,E,3.024,151.20,250926,,,A*61
$GPVTG,151.20,T,,M,3.024,N,5.600,K,A*3C
$GPGGA,102040.00,0120.72643,N,10349.06619,E,1,08,1.01,45.3,M,4.9,M,,*5C
$GPGSA,A,3,02,05,12,13,15,18,24,25,,,,,2.01,1.01,1.73*0E
$GPGSV,3,1,10,02,45,120,38,05,30,045,35,12,70,300,42,13,15,210,29*7F
$GPGSV,3,2,10,15,55,080,40,18,20,330,31,24,35,170,36,25,60,020,41*7D
$GPGSV,3,3,10,29,05,260,,31,08,100,*79
$GPGLL,0120.72643,N,10349.06619,E,102040.00,A,A*6E
$GPRMC,102041.00,A,0120.72574,N,10349.06631,E,2.415,146.69,250926,,,A*61
$GPVTG,146.69,T,,M,2.415,N,4.473,K,A*37
$GPGGA,102041.00,0120.72574,N,10349.06631,E,1,08,1.01,45.3,M,4.9,M,,*50
$GPGSA,A,3,02,05,12,13,15,18,24,25,,,,,2.01,1.01,1.73*0E
$GPGSV,3,1,10,02,45,120,38,05,30,045,35,12,70,300,42,13,15,210,29*7F
$GPGSV,3,2,10,15,55,080,40,18,20,330,31,24,35,170,36,25,60,020,41*7D
$GPGSV,3,3,10,29,05,260,,31,08,100,*79
$GPGLL,0120.72574,N,10349.06631,E,102041.00,A,A*62
$GPRMC,102042.00,A,0120.72543,N,10349.06683,E,2.541,146.02,250926,,,A*62
$GPVTG,146.02,T,,M,2.541,N,4.707,K,A*3A
$GPGGA,102042.00,0120.72543,N,10349.06683,E,1,08,1.01,45.3,M,4.9,M,,*5E
$GPGSA,A,3,02,05,12,13,15,18,24,25,,,,,2.01,1.01,1.73*0E
$GPGSV,3,1,10,02,45,120,38,05,30,045,35,12,70,300,42,13,15,210,29*7F
$GPGSV,3,2,10,15,55,080,40,18,20,330,31,24,35,170,36,25,60,020,41*7D
$GPGSV,3,3,10,29,05,260,,31,08,100,*79
$GPGLL,0120.72543,N,10349.06683,E,102042.00,A,A*6C
$GPRMC,102043.00,A,0120.72427,N,10349.06723,E,2.558,155.11,250926,,,A*63
$GPVTG,155.11,T,,M,2.558,N,4.737,K,A*31
$GPGGA,102043.00,0120.72427,N,10349.06723,E,1,08,1.01,45.3,M,4.9,M,,*57
$GPGSA,A,3,02,05,12,13,15,18,24,25,,,,,2.01,1.01,1.73*0E
$GPGSV,3,1,10,02,45,120,38,05,30,045,35,12,70,300,42,13,15,210,29*7F
$GPGSV,3,2,10,15,55,080,40,18,20,330,31,24,35,170,36,25,60,020,41*7D
$GPGSV,3,3,10,29,05,260,,31,08,100,*79
$GPGLL,0120.72427,N,10349.06723,E,102043.00,A,A*65
$GPRMC,102044.00,A,0120.72378,N,10349.06794,E,2.381,143.07,250926,,,A*67
$GPVTG,143.07,T,,M,2.381,N,4.410,K,A*35
$GPGGA,102044.00,0120.72378,N,10349.06794,E,1,08,1.01,45.3,M,4.9,M,,*51
$GPGSA,A,3,02,05,12,13,15,18,24,25,,,,,2.01,1.01,1.73*0E
$GPGSV,3,1,10,02,45,120,38,05,30,045,35,12,70,300,42,13,15,210,29*7F
$GPGSV,3,2,10,15,55,080,40,18,20,330,31,24,35,170,36,25,60,020,41*7D
$GPGSV,3,3,10,29,05,260,,31,08,100,*79
$GPGLL,0120.72378,N,10349.06794,E,102044.00,A,A*63
$GPRMC,102045.00,A,0120.72377,N,10349.06866,E,2.391,151.99,250926,,,A*6E
$GPVTG,151.99,T,,M,2.391,N,4.428,K,A*3B
$GPGGA,102045.00,0120.72377,N,10349.06866,E,1,08,1.01,45.3,M,4.9,M,,*5D
$GPGSA,A,3,02,05,12,13,15,18,24,25,,,,,2.01,1.01,1.73*0E
$GPGSV,3,1,10,02,45,120,38,05,30,045,35,12,70,300,42,13,15,210,29*7F
$GPGSV,3,2,10,15,55,080,40,18,20,330,31,24,35,170,36,25,60,020,41*7D
$GPGSV,3,3,10,29,05,260,,31,08,100,*79
$GPGLL,0120.72377,N,10349.06866,E,102045.00,A,A*6F
$GPRMC,102046.00,A,0120.72277,N,10349.06899,E,2.361,148.49,250926,,,A*66
$GPVTG,148.49,T,,M,2.361,N,4.372,K,A*39
$GPGGA,102046.00,0120.72277,N,10349.06899,E,1,08,1.01,45.3,M,4.9,M,,*5F
$GPGSA,A,3,02,05,12,13,15,18,24,25,,,,,2.01,1.01,1.73*0E
$GPGSV,3,1,10,02,45,120,38,05,30,045,35,12,70,300,42,13,15,210,29*7F
$GPGSV,3,2,10,15,55,080,40,18,20,330,31,24,35,170,36,25,60,020,41*7D
$GPGSV,3,3,10,29,05,260,,31,08,100,*79
$GPGLL,0120.72277,N,10349.06899,E,102046.00,A,A*6D
$GPRMC,102047.00,A,0120.72223,N,10349.06883,E,2.447,146.95,250926,,,A*61
$GPVTG,146.95,T,,M,2.447,N,4.531,K,A*34
$GPGGA,102047.00,0120.72223,N,10349.06883,E,1,08,1.01,45.3,M,4.9,M,,*54
$GPGSA,A,3,02,05,12,13,15,18,24,25,,,,,2.01,1.01,1.73*0E
$GPGSV,3,1,10,02,45,120,38,05,30,045,35,12,70,300,42,13,15,210,29*7F
$GPGSV,3,2,10,15,55,080,40,18,20,330,31,24,35,170,36,25,60,020,41*7D
$GPGSV,3,3,10,29,05,260,,31,08,100,*79
$GPGLL,0120.72223,N,10349.06883,E,102047.00,A,A*66
$GPRMC,102048.00,A,0120.72203,N,10349.06994,E,2.545,147.20,250926,,,A*67
$GPVTG,147.20,T,,M,2.545,N,4.713,K,A*3A
$GPGGA,102048.00,0120.72203,N,10349.06994,E,1,08,1.01,45.3,M,4.9,M,,*5E
$GPGSA,A,3,02,05,12,13,15,18,24,25,,,,,2.01,1.01,1.73*0E
$GPGSV,3,1,10,02,45,120,38,05,30,045,35,12,70,300,42,13,15,210,29*7F
$GPGSV,3,2,10,15,55,080,40,18,20,330,31,24,35,170,36,25,60,020,41*7D
$GPGSV,3,3,10,29,05,260,,31,08,100,*79
$GPGLL,0120.72203,N,10349.06994,E,102048.00,A,A*6C
$GPRMC,102049.00,A,0120.72152,N,10349.06917,E,2.772,144.09,250926,,,A*64
$GPVTG,144.09,T,,M,2.772,N,5.134,K,A*36
$GPGGA,102049.00,0120.72152,N,10349.06917,E,1,08,1.01,45.3,M,4.9,M,,*53
$GPGSA,A,3,02,05,12,13,15,18,24,25,,,,,2.01,1.01,1.73*0E
$GPGSV,3,1,10,02,45,120,38,05,30,045,35,12,70,300,42,13,15,210,29*7F
$GPGSV,3,2,10,15,55,080,40,18,20,330,31,24,35,170,36,25,60,020,41*7D
$GPGSV,3,3,10,29,05,260,,31,08,100,*79
$GPGLL,0120.72152,N,10349.06917,E,102049.00,A,A*61
$GPRMC,102050.00,A,0120.72110,N,10349.07013,E,2.237,141.26,250926,,,A*6A
$GPVTG,141.26,T,,M,2.237,N,4.143,K,A*3B
$GPGGA,102050.00,0120.72110,N,10349.07013,E,1,08,1.01,45.3,M,4.9,M,,*51
$GPGSA,A,3,02,05,12,13,15,18,24,25,,,,,2.01,1.01,1.73*0E
$GPGSV,3,1,10,02,45,120,38,05,30,045,35,12,70,300,42,13,15,210,29*7F
$GPGSV,3,2,10,15,55,080,40,18,20,330,31,24,35,170,36,25,60,020,41*7D
$GPGSV,3,3,10,29,05,260,,31,08,100,*79
$GPGLL,0120.72110,N,10349.07013,E,102050.00,A,A*63
$GPRMC,102051.00,A,0120.72018,N,10349.07053,E,2.621,152.20,250926,,,A*61
$GPVTG,152.20,T,,M,2.621,N,4.854,K,A*33
$GPGGA,102051.00,0120.72018,N,10349.07053,E,1,08,1.01,45.3,M,4.9,M,,*5D
$GPGSA,A,3,02,05,12,13,15,18,24,25,,,,,2.01,1.01,1.73*0E
$GPGSV,3,1,10,02,45,120,38,05,30,045,35,12,70,300,42,13,15,210,29*7F
$GPGSV,3,2,10,15,55,080,40,18,20,330,31,24,35,170,36,25,60,020,41*7D
$GPGSV,3,3,10,29,05,260,,31,08,100,*79
$GPGLL,0120.72018,N,10349.07053,E,102051.00,A,A*6F
$GPRMC,102052.00,A,0120.71882,N,10349.07085,E,2.555,144.21,250926,,,A*67
$GPVTG,144.21,T,,M,2.555,N,4.732,K,A*3A
$GPGGA,102052.00,0120.71882,N,10349.07085,E,1,08,1.01,45.3,M,4.9,M,,*5D
$GPGSA,A,3,02,05,12,13,15,18,24,25,,,,,2.01,1.01,1.73*0E
$GPGSV,3,1,10,02,45,120,38,05,30,045,35,12,70,300,42,13,15,210,29*7F
$GPGSV,3,2,10,15,55,080,40,18,20,330,31,24,35,170,36,25,60,020,41*7D
$GPGSV,3,3,10,29,05,260,,31,08,100,*79
$GPGLL,0120.71882,N,10349.07085,E,102052.00,A,A*6F
$GPRMC,102053.00,A,0120.71870,N,10349.07109,E,2.547,148.24,250926,,,A*64
$GPVTG,148.24,T,,M,2.547,N,4.716,K,A*36
$GPGGA,102053.00,0120.71870,N,10349.07109,E,1,08,1.01,45.3,M,4.9,M,,*54
$GPGSA,A,3,02,05,12,13,15,18,24,25,,,,,2.01,1.01,1.73*0E
$GPGSV,3,1,10,02,45,120,38,05,30,045,35,12,70,300,42,13,15,210,29*7F
$GPGSV,3,2,10,15,55,080,40,18,20,330,31,24,35,170,36,25,60,020,41*7D
$GPGSV,3,3,10,29,05,260,,31,08,100,*79
$GPGLL,0120.71870,N,10349.07109,E,102053.00,A,A*66
$GPRMC,102054.00,A,0120.71765,N,10349.07104,E,2.473,145.75,250926,,,A*6A
$GPVTG,145.75,T,,M,2.473,N,4.581,K,A*35
$GPGGA,102054.00,0120.71765,N,10349.07104,E,1,08,1.01,45.3,M,4.9,M,,*55
$GPGSA,A,3,02,05,12,13,15,18,24,25,,,,,2.01,1.01,1.73*0E
$GPGSV,3,1,10,02,45,120,38,05,30,045,35,12,70,300,42,13,15,210,29*7F
$GPGSV,3,2,10,15,55,080,40,18,20,330,31,24,35,170,36,25,60,020,41*7D
$GPGSV,3,3,10,29,05,260,,31,08,100,*79
$GPGLL,0120.71765,N,10349.07104,E,102054.00,A,A*67
$GPRMC,102055.00,A,0120.71881,N,10349.07245,E,2.635,151.64,250926,,,A*6D
$GPVTG,151.64,T,,M,2.635,N,4.881,K,A*3D
$GPGGA,102055.00,0120.71881,N,10349.07245,E,1,08,1.01,45.3,M,4.9,M,,*57
$GPGSA,A,3,02,05,12,13,15,18,24,25,,,,,2.01,1.01,1.73*0E
$GPGSV,3,1,10,02,45,120,38,05,30,045,35,12,70,300,42,13,15,210,29*7F
$GPGSV,3,2,10,15,55,080,40,18,20,330,31,24,35,170,36,25,60,020,41*7D
$GPGSV,3,3,10,29,05,260,,31,08,100,*79
$GPGLL,0120.71881,N,10349.07245,E,102055.00,A,A*65
$GPRMC,102056.00,A,0120.71784,N,10349.07235,E,2.580,146.30,250926,,,A*69
$GPVTG,146.30,T,,M,2.580,N,4.779,K,A*3F
$GPGGA,102056.00,0120.71784,N,10349.07235,E,1,08,1.01,45.3,M,4.9,M,,*59
$GPGSA,A,3,02,05,12,13,15,18,24,25,,,,,2.01,1.01,1.73*0E
$GPGSV,3,1,10,02,45,120,38,05,30,045,35,12,70,300,42,13,15,210,29*7F
$GPGSV,3,2,10,15,55,080,40,18,20,330,31,24,35,170,36,25,60,020,41*7D
$GPGSV,3,3,10,29,05,260,,31,08,100,*79
$GPGLL,0120.71784,N,10349.07235,E,102056.00,A,A*6B
$GPRMC,102057.00,A,0120.71664,N,10349.07294,E,2.563,145.12,250926,,,A*62
$GPVTG,145.12,T,,M,2.563,N,4.746,K,A*3D
$GPGGA,102057.00,0120.71664,N,10349.07294,E,1,08,1.01,45.3,M,4.9,M,,*5C
$GPGSA,A,3,02,05,12,13,15,18,24,25,,,,,2.01,1.01,1.73*0E
$GPGSV,3,1,10,02,45,120,38,05,30,045,35,12,70,300,42,13,15,210,29*7F
$GPGSV,3,2,10,15,55,080,40,18,20,330,31,24,35,170,36,25,60,020,41*7D
$GPGSV,3,3,10,29,05,260,,31,08,100,*79
$GPGLL,0120.71664,N,10349.07294,E,102057.00,A,A*6E
$GPRMC,102058.00,A,0120.71578,N,10349.07249,E,2.867,153.47,250926,,,A*6D
$GPVTG,153.47,T,,M,2.867,N,5.310,K,A*35
$GPGGA,102058.00,0120.71578,N,10349.07249,E,1,08,1.01,45.3,M,4.9,M,,*5D
$GPGSA,A,3,02,05,12,13,15,18,24,25,,,,,2.01,1.01,1.73*0E
$GPGSV,3,1,10,02,45,120,38,05,30,045,35,12,70,300,42,13,15,210,29*7F
$GPGSV,3,2,10,15,55,080,40,18,20,330,31,24,35,170,36,25,60,020,41*7D
$GPGSV,3,3,10,29,05,260,,31,08,100,*79
$GPGLL,0120.71578,N,10349.07249,E,102058.00,A,A*6F
$GPRMC,102059.00,A,0120.71542,N,10349.07338,E,2.471,141.79,250926,,,A*67
$GPVTG,141.79,T,,M,2.471,N,4.576,K,A*37
$GPGGA,102059.00,0120.71542,N,10349.07338,E,1,08,1.01,45.3,M,4.9,M,,*52
$GPGSA,A,3,02,05,12,13,15,18,24,25,,,,,2.01,1.01,1.73*0E
$GPGSV,3,1,10,02,45,120,38,05,30,045,35,12,70,300,42,13,15,210,29*7F
$GPGSV,3,2,10,15,55,080,40,18,20,330,31,24,35,170,36,25,60,020,41*7D
$GPGSV,3,3,10,29,05,260,,31,08,100,*79
$GPGLL,0120.71542,N,10349.07338,E,102059.00,A,A*60
$GPRMC,102100.00,A,0120.71389,N,10349.07323,E,2.557,153.09,250926,,,A*60
$GPVTG,153.09,T,,M,2.557,N,4.736,K,A*30
$GPGGA,102100.00,0120.71389,N,10349.07323,E,1,08,1.01,45.3,M,4.9,M,,*54
$GPGSA,A,3,02,05,12,13,15,18,24,25,,,,,2.01,1.01,1.73*0E
$GPGSV,3,1,10,02,45,120,38,05,30,045,35,12,70,300,42,13,15,210,29*7F
$GPGSV,3,2,10,15,55,080,40,18,20,330,31,24,35,170,36,25,60,020,41*7D
$GPGSV,3,3,10,29,05,260,,31,08,100,*79
$GPGLL,0120.71389,N,10349.07323,E,102100.00,A,A*66
$GPRMC,102101.00,A,0120.71383,N,10349.07492,E,2.810,147.95,250926,,,A*68
$GPVTG,147.95,T,,M,2.810,N,5.205,K,A*3A
$GPGGA,102101.00,0120.71383,N,10349.07492,E,1,08,1.01,45.3,M,4.9,M,,*52
$GPGSA,A,3,02,05,12,13,15,18,24,25,,,,,2.01,1.01,1.73*0E
$GPGSV,3,1,10,02,45,120,38,05,30,045,35,12,70,300,42,13,15,210,29*7F
$GPGSV,3,2,10,15,55,080,40,18,20,330,31,24,35,170,36,25,60,020,41*7D
$GPGSV,3,3,10,29,05,260,,31,08,100,*79
$GPGLL,0120.71383,N,10349.07492,E,102101.00,A,A*60
$GPRMC,102102.00,A,0120.71310,N,10349.07523,E,2.232,144.66,250926,,,A*6F
$GPVTG,144.66,T,,M,2.232,N,4.133,K,A*38
$GPGGA,102102.00,0120.71310,N,10349.07523,E,1,08,1.01,45.3,M,4.9,M,,*50
$GPGSA,A,3,02,05,12,13,15,18,24,25,,,,,2.01,1.01,1.73*0E
$GPGSV,3,1,10,02,45,120,38,05,30,045,35,12,70,300,42,13,15,210,29*7F
$GPGSV,3,2,10,15,55,080,40,18,20,330,31,24,35,170,36,25,60,020,41*7D
$GPGSV,3,3,10,29,05,260,,31,08,100,*79
$GPGLL,0120.71310,N,10349.07523,E,102102.00,A,A*62
$GPRMC,102103.00,A,0120.71323,N,10349.07574,E,2.684,154.04,250926,,,A*60
$GPVTG,154.04,T,,M,2.684,N,4.971,K,A*3A
$GPGGA,102103.00,0120.71323,N,10349.07574,E,1,08,1.01,45.3,M,4.9,M,,*53
$GPGSA,A,3,02,05,12,13,15,18,24,25,,,,,2.01,1.01,1.73*0E
$GPGSV,3,1,10,02,45,120,38,05,30,045,35,12,70,300,42,13,15,210,29*7F
$GPGSV,3,2,10,15,55,080,40,18,20,330,31,24,35,170,36,25,60,020,41*7D
$GPGSV,3,3,10,29,05,260,,31,08,100,*79
$GPGLL,0120.71323,N,10349.07574,E,102103.00,A,A*61
$GPRMC,102104.00,A,0120.71271,N,10349.07465,E,2.247,143.93,250926,,,A*63
$GPVTG,143.93,T,,M,2.247,N,4.162,K,A*33
$GPGGA,102104.00,0120.71271,N,10349.07465,E,1,08,1.01,45.3,M,4.9,M,,*53
$GPGSA,A,3,02,05,12,13,15,18,24,25,,,,,2.01,1.01,1.73*0E
$GPGSV,3,1,10,02,45,120,38,05,30,045,35,12,70,300,42,13,15,210,29*7F
$GPGSV,3,2,10,15,55,080,40,18,20,330,31,24,35,170,36,25,60,020,41*7D
$GPGSV,3,3,10,29,05,260,,31,08,100,*79
$GPGLL,0120.71271,N,10349.07465,E,102104.00,A,A*61
$GPRMC,102105.00,A,0120.71097,N,10349.07642,E,2.352,144.38,250926,,,A*6C
$GPVTG,144.38,T,,M,2.352,N,4.356,K,A*35
$GPGGA,102105.00,0120.71097,N,10349.07642,E,1,08,1.01,45.3,M,4.9,M,,*5F
$GPGSA,A,3,02,05,12,13,15,18,24,25,,,,,2.01,1.01,1.73*0E
$GPGSV,3,1,10,02,45,120,38,05,30,045,35,12,70,300,42,13,15,210,29*7F
$GPGSV,3,2,10,15,55,080,40,18,20,330,31,24,35,170,36,25,60,020,41*7D
$GPGSV,3,3,10,29,05,260,,31,08,100,*79
$GPGLL,0120.71097,N,10349.07642,E,102105.00,A,A*6D
$GPRMC,102106.00,A,0120.71112,N,10349.07640,E,2.284,154.90,250926,,,A*68
$GPVTG,154.90,T,,M,2.284,N,4.231,K,A*3C
$GPGGA,102106.00,0120.71112,N,10349.07640,E,1,08,1.01,45.3,M,4.9,M,,*52
$GPGSA,A,3,02,05,12,13,15,18,24,25,,,,,2.01,1.01,1.73*0E
$GPGSV,3,1,10,02,45,120,38,05,30,045,35,12,70,300,42,13,15,210,29*7F
$GPGSV,3,2,10,15,55,080,40,18,20,330,31,24,35,170,36,25,60,020,41*7D
$GPGSV,3,3,10,29,05,260,,31,08,100,*79
$GPGLL,0120.71112,N,10349.07640,E,102106.00,A,A*60
$GPRMC,102107.00,A,0120.71107,N,10349.07702,E,2.611,143.68,250926,,,A*63
$GPVTG,143.68,T,,M,2.611,N,4.836,K,A*38
$GPGGA,102107.00,0120.71107,N,10349.07702,E,1,08,1.01,45.3,M,4.9,M,,*50
$GPGSA,A,3,02,05,12,13,15,18,24,25,,,,,2.01,1.01,1.73*0E
$GPGSV,3,1,10,02,45,120,38,05,30,045,35,12,70,300,42,13,15,210,29*7F
$GPGSV,3,2,10,15,55,080,40,18,20,330,31,24,35,170,36,25,60,020,41*7D
$GPGSV,3,3,10,29,05,260,,31,08,100,*79
$GPGLL,0120.71107,N,10349.07702,E,102107.00,A,A*62
$GPRMC,102108.00,A,0120.70974,N,10349.07675,E,2.890,146.55,250926,,,A*6C
$GPVTG,146.55,T,,M,2.890,N,5.353,K,A*3D
$GPGGA,102108.00,0120.70974,N,10349.07675,E,1,08,1.01,45.3,M,4.9,M,,*53
$GPGSA,A,3,02,05,12,13,15,18,24,25,,,,,2.01,1.01,1.73*0E
$GPGSV,3,1,10,02,45,120,38,05,30,045,35,12,70,300,42,13,15,210,29*7F
$GPGSV,3,2,10,15,55,080,40,18,20,330,31,24,35,170,36,25,60,020,41*7D
$GPGSV,3,3,10,29,05,260,,31,08,100,*79
$GPGLL,0120.70974,N,10349.07675,E,102108.00,A,A*61
$GPRMC,102109.00,A,0120.70926,N,10349.07700,E,2.552,143.66,250926,,,A*6F
$GPVTG,143.66,T,,M,2.552,N,4.727,K,A*3D
$GPGGA,102109.00,0120.70926,N,10349.07700,E,1,08,1.01,45.3,M,4.9,M,,*56
$GPGSA,A,3,02,05,12,13,15,18,24,25,,,,,2.01,1.01,1.73*0E
$GPGSV,3,1,10,02,45,120,38,05,30,045,35,12,70,300,42,13,15,210,29*7F
$GPGSV,3,2,10,15,55,080,40,18,20,330,31,24,35,170,36,25,60,020,41*7D
$GPGSV,3,3,10,29,05,260,,31,08,100,*79
$GPGLL,0120.70926,N,10349.07700,E,102109.00,A,A*64
$GPRMC,102110.00,A,0120.70933,N,10349.07766,E,1.887,147.36,250926,,,A*64
$GPVTG,147.36,T,,M,1.887,N,3.494,K,A*36
$GPGGA,102110.00,0120.70933,N,10349.07766,E,1,08,1.01,45.3,M,4.9,M,,*5A
$GPGSA,A,3,02,05,12,13,15,18,24,25,,,,,2.01,1.01,1.73*0E
$GPGSV,3,1,10,02,45,120,38,05,30,045,35,12,70,300,42,13,15,210,29*7F
$GPGSV,3,2,10,15,55,080,40,18,20,330,31,24,35,170,36,25,60,020,41*7D
$GPGSV,3,3,10,29,05,260,,31,08,100,*79
$GPGLL,0120.70933,N,10349.07766,E,102110.00,A,A*68
$GPRMC,102111.00,A,0120.70839,N,10349.07826,E,2.511,151.11,250926,,,A*66
$GPVTG,151.11,T,,M,2.511,N,4.649,K,A*30
$GPGGA,102111.00,0120.70839,N,10349.07826,E,1,08,1.01,45.3,M,4.9,M,,*5B
$GPGSA,A,3,02,05,12,13,15,18,24,25,,,,,2.01,1.01,1.73*0E
$GPGSV,3,1,10,02,45,120,38,05,30,045,35,12,70,300,42,13,15,210,29*7F
$GPGSV,3,2,10,15,55,080,40,18,20,330,31,24,35,170,36,25,60,020,41*7D
$GPGSV,3,3,10,29,05,260,,31,08,100,*79
$GPGLL,0120.70839,N,10349.07826,E,102111.00,A,A*69
$GPRMC,102112.00,A,0120.70713,N,10349.07887,E,2.620,156.51,250926,,,A*6B
$GPVTG,156.51,T,,M,2.620,N,4.853,K,A*37
$GPGGA,102112.00,0120.70713,N,10349.07887,E,1,08,1.01,45.3,M,4.9,M,,*54
$GPGSA,A,3,02,05,12,13,15,18,24,25,,,,,2.01,1.01,1.73*0E
$GPGSV,3,1,10,02,45,120,38,05,30,045,35,12,70,300,42,13,15,210,29*7F
$GPGSV,3,2,10,15,55,080,40,18,20,330,31,24,35,170,36,25,60,020,41*7D
$GPGSV,3,3,10,29,05,260,,31,08,100,*79
$GPGLL,0120.70713,N,10349.07887,E,102112.00,A,A*66
$GPRMC,102113.00,A,0120.70689,N,10349.07918,E,2.702,149.49,250926,,,A*69
$GPVTG,149.49,T,,M,2.702,N,5.005,K,A*3B
$GPGGA,102113.00,0120.70689,N,10349.07918,E,1,08,1.01,45.3,M,4.9,M,,*50
$GPGSA,A,3,02,05,12,13,15,18,24,25,,,,,2.01,1.01,1.73*0E
$GPGSV,3,1,10,02,45,120,38,05,30,045,35,12,70,300,42,13,15,210,29*7F
$GPGSV,3,2,10,15,55,080,40,18,20,330,31,24,35,170,36,25,60,020,41*7D
$GPGSV,3,3,10,29,05,260,,31,08,100,*79
$GPGLL,0120.70689,N,10349.07918,E,102113.00,A,A*62
$GPRMC,102114.00,A,0120.70652,N,10349.08037,E,2.494,147.25,250926,,,A*6B
$GPVTG,147.25,T,,M,2.494,N,4.619,K,A*39
$GPGGA,102114.00,0120.70652,N,10349.08037,E,1,08,1.01,45.3,M,4.9,M,,*5A
$GPGSA,A,3,02,05,12,13,15,18,24,25,,,,,2.01,1.01,1.73*0E
$GPGSV,3,1,10,02,45,120,38,05,30,045,35,12,70,300,42,13,15,210,29*7F
$GPGSV,3,2,10,15,55,080,40,18,20,330,31,24,35,170,36,25,60,020,41*7D
$GPGSV,3,3,10,29,05,260,,31,08,100,*79
$GPGLL,0120.70652,N,10349.08037,E,102114.00,A,A*68
$GPRMC,102115.00,A,0120.70577,N,10349.08027,E,2.535,154.80,250926,,,A*68
$GPVTG,154.80,T,,M,2.535,N,4.695,K,A*3A
$GPGGA,102115.00,0120.70577,N,10349.08027,E,1,08,1.01,45.3,M,4.9,M,,*5E
$GPGSA,A,3,02,05,12,13,15,18,24,25,,,,,2.01,1.01,1.73*0E
$GPGSV,3,1,10,02,45,120,38,05,30,045,35,12,70,300,42,13,15,210,29*7F
$GPGSV,3,2,10,15,55,080,40,18,20,330,31,24,35,170,36,25,60,020,41*7D
$GPGSV,3,3,10,29,05,260,,31,08,100,*79
$GPGLL,0120.70577,N,10349.08027,E,102115.00,A,A*6C
$GPRMC,102116.00,A,0120.70453,N,10349.08035,E,2.341,148.62,250926,,,A*6B
$GPVTG,148.62,T,,M,2.341,N,4.335,K,A*31
$GPGGA,102116.00,0120.70453,N,10349.08035,E,1,08,1.01,45.3,M,4.9,M,,*59
$GPGSA,A,3,02,05,12,13,15,18,24,25,,,,,2.01,1.01,1.73*0E
$GPGSV,3,1,10,02,45,120,38,05,30,045,35,12,70,300,42,13,15,210,29*7F
$GPGSV,3,2,10,15,55,080,40,18,20,330,31,24,35,170,36,25,60,020,41*7D
$GPGSV,3,3,10,29,05,260,,31,08,100,*79
$GPGLL,0120.70453,N,10349.08035,E,102116.00,A,A*6B
$GPRMC,102117.00,A,0120.70401,N,10349.08075,E,2.471,141.65,250926,,,A*63
$GPVTG,141.65,T,,M,2.471,N,4.577,K,A*3B
$GPGGA,102117.00,0120.70401,N,10349.08075,E,1,08,1.01,45.3,M,4.9,M,,*5B
$GPGSA,A,3,02,05,12,13,15,18,24,25,,,,,2.01,1.01,1.73*0E
$GPGSV,3,1,10,02,45,120,38,05,30,045,35,12,70,300,42,13,15,210,29*7F
$GPGSV,3,2,10,15,55,080,40,18,20,330,31,24,35,170,36,25,60,020,41*7D
$GPGSV,3,3,10,29,05,260,,31,08,100,*79
$GPGLL,0120.70401,N,10349.08075,E,102117.00,A,A*69
$GPRMC,102118.00,A,0120.70355,N,10349.08057,E,2.845,152.24,250926,,,A*66
$GPVTG,152.24,T,,M,2.845,N,5.269,K,A*3E
$GPGGA,102118.00,0120.70355,N,10349.08057,E,1,08,1.01,45.3,M,4.9,M,,*52
$GPGSA,A,3,02,05,12,13,15,18,24,25,,,,,2.01,1.01,1.73*0E
$GPGSV,3,1,10,02,45,120,38,05,30,045,35,12,70,300,42,13,15,210,29*7F
$GPGSV,3,2,10,15,55,080,40,18,20,330,31,24,35,170,36,25,60,020,41*7D
$GPGSV,3,3,10,29,05,260,,31,08,100,*79
$GPGLL,0120.70355,N,10349.08057,E,102118.00,A,A*60
$GPRMC,102119.00,A,0120.70328,N,10349.08143,E,2.761,149.97,250926,,,A*62
$GPVTG,149.97,T,,M,2.761,N,5.113,K,A*3B
$GPGGA,102119.00,0120.70328,N,10349.08143,E,1,08,1.01,45.3,M,4.9,M,,*5D
$GPGSA,A,3,02,05,12,13,15,18,24,25,,,,,2.01,1.01,1.73*0E
$GPGSV,3,1,10,02,45,120,38,05,30,045,35,12,70,300,42,13,15,210,29*7F
$GPGSV,3,2,10,15,55,080,40,18,20,330,31,24,35,170,36,25,60,020,41*7D
$GPGSV,3,3,10,29,05,260,,31,08,100,*79
$GPGLL,0120.70328,N,10349.08143,E,102119.00,A,A*6F
$GPRMC,102120.00,A,0120.70240,N,10349.08280,E,2.357,148.21,250926,,,A*66
$GPVTG,148.21,T,,M,2.357,N,4.365,K,A*34
$GPGGA,102120.00,0120.70240,N,10349.08280,E,1,08,1.01,45.3,M,4.9,M,,*54
$GPGSA,A,3,02,05,12,13,15,18,24,25,,,,,2.01,1.01,1.73*0E
$GPGSV,3,1,10,02,45,120,38,05,30,045,35,12,70,300,42,13,15,210,29*7F
$GPGSV,3,2,10,15,55,080,40,18,20,330,31,24,35,170,36,25,60,020,41*7D
$GPGSV,3,3,10,29,05,260,,31,08,100,*79
$GPGLL,0120.70240,N,10349.08280,E,102120.00,A,A*66
$GPRMC,102121.00,A,0120.70245,N,10349.08276,E,2.748,137.94,250926,,,A*67
$GPVTG,137.94,T,,M,2.748,N,5.090,K,A*30
$GPGGA,102121.00,0120.70245,N,10349.08276,E,1,08,1.01,45.3,M,4.9,M,,*59
$GPGSA,A,3,02,05,12,13,15,18,24,25,,,,,2.01,1.01,1.73*0E
$GPGSV,3,1,10,02,45,120,38,05,30,045,35,12,70,300,42,13,15,210,29*7F
$GPGSV,3,2,10,15,55,080,40,18,20,330,31,24,35,170,36,25,60,020,41*7D
$GPGSV,3,3,10,29,05,260,,31,08,100,*79
$GPGLL,0120.70245,N,10349.08276,E,102121.00,A,A*6B
$GPRMC,102122.00,A,0120.70198,N,10349.08307,E,2.688,146.25,250926,,,A*61
$GPVTG,146.25,T,,M,2.688,N,4.978,K,A*3F
$GPGGA,102122.00,0120.70198,N,10349.08307,E,1,08,1.01,45.3,M,4.9,M,,*5E
$GPGSA,A,3,02,05,12,13,15,18,24,25,,,,,2.01,1.01,1.73*0E
$GPGSV,3,1,10,02,45,120,38,05,30,045,35,12,70,300,42,13,15,210,29*7F
$GPGSV,3,2,10,15,55,080,40,18,20,330,31,24,35,170,36,25,60,020,41*7D
$GPGSV,3,3,10,29,05,260,,31,08,100,*79
$GPGLL,0120.70198,N,10349.08307,E,102122.00,A,A*6C
$GPRMC,102123.00,A,0120.70125,N,10349.08263,E,2.708,149.35,250926,,,A*62
$GPVTG,149.35,T,,M,2.708,N,5.016,K,A*38
$GPGGA,102123.00,0120.70125,N,10349.08263,E,1,08,1.01,45.3,M,4.9,M,,*5A
$GPGSA,A,3,02,05,12,13,15,18,24,25,,,,,2.01,1.01,1.73*0E
$GPGSV,3,1,10,02,45,120,38,05,30,045,35,12,70,300,42,13,15,210,29*7F
$GPGSV,3,2,10,15,55,080,40,18,20,330,31,24,35,170,36,25,60,020,41*7D
$GPGSV,3,3,10,29,05,260,,31,08,100,*79
$GPGLL,0120.70125,N,10349.08263,E,102123.00,A,A*68
$GPRMC,102124.00,A,0120.70038,N,10349.08318,E,2.503,142.57,250926,,,A*63
$GPVTG,142.57,T,,M,2.503,N,4.636,K,A*3B
$GPGGA,102124.00,0120.70038,N,10349.08318,E,1,08,1.01,45.3,M,4.9,M,,*5D
$GPGSA,A,3,02,05,12,13,15,18,24,25,,,,,2.01,1.01,1.73*0E
$GPGSV,3,1,10,02,45,120,38,05,30,045,35,12,70,300,42,13,15,210,29*7F
$GPGSV,3,2,10,15,55,080,40,18,20,330,31,24,35,170,36,25,60,020,41*7D
$GPGSV,3,3,10,29,05,260,,31,08,100,*79
$GPGLL,0120.70038,N,10349.08318,E,102124.00,A,A*6F
$GPRMC,102125.00,A,0120.70036,N,10349.08294,E,2.494,149.64,250926,,,A*6D
$GPVTG,149.64,T,,M,2.494,N,4.619,K,A*32
$GPGGA,102125.00,0120.70036,N,10349.08294,E,1,08,1.01,45.3,M,4.9,M,,*57
$GPGSA,A,3,02,05,12,13,15,18,24,25,,,,,2.01,1.01,1.73*0E
$GPGSV,3,1,10,02,45,120,38,05,30,045,35,12,70,300,42,13,15,210,29*7F
$GPGSV,3,2,10,15,55,080,40,18,20,330,31,24,35,170,36,25,60,020,41*7D
$GPGSV,3,3,10,29,05,260,,31,08,100,*79
$GPGLL,0120.70036,N,10349.08294,E,102125.00,A,A*65
$GPRMC,102126.00,A,0120.69983,N,10349.08387,E,2.703,165.33,250926,,,A*63
$GPVTG,165.33,T,,M,2.703,N,5.006,K,A*3A
$GPGGA,102126.00,0120.69983,N,10349.08387,E,1,08,1.01,45.3,M,4.9,M,,*58
$GPGSA,A,3,02,05,12,13,15,18,24,25,,,,,2.01,1.01,1.73*0E
$GPGSV,3,1,10,02,45,120,38,05,30,045,35,12,70,300,42,13,15,210,29*7F
$GPGSV,3,2,10,15,55,080,40,18,20,330,31,24,35,170,36,25,60,020,41*7D
$GPGSV,3,3,10,29,05,260,,31,08,100,*79
$GPGLL,0120.69983,N,10349.08387,E,102126.00,A,A*6A
$GPRMC,102127.00,A,0120.69834,N,10349.08409,E,2.724,157.45,250926,,,A*6B
$GPVTG,157.45,T,,M,2.724,N,5.045,K,A*38
$GPGGA,102127.00,0120.69834,N,10349.08409,E,1,08,1.01,45.3,M,4.9,M,,*55
$GPGSA,A,3,02,05,12,13,15,18,24,25,,,,,2.01,1.01,1.73*0E
$GPGSV,3,1,10,02,45,120,38,05,30,045,35,12,70,300,42,13,15,210,29*7F
$GPGSV,3,2,10,15,55,080,40,18,20,330,31,24,35,170,36,25,60,020,41*7D
$GPGSV,3,3,10,29,05,260,,31,08,100,*79
$GPGLL,0120.69834,N,10349.08409,E,102127.00,A,A*67
$GPRMC,102128.00,A,0120.69861,N,10349.08510,E,3.003,146.45,250926,,,A*6E
$GPVTG,146.45,T,,M,3.003,N,5.562,K,A*3B
$GPGGA,102128.00,0120.69861,N,10349.08510,E,1,08,1.01,45.3,M,4.9,M,,*53
$GPGSA,A,3,02,05,12,13,15,18,24,25,,,,,2.01,1.01,1.73*0E
$GPGSV,3,1,10,02,45,120,38,05,30,045,35,12,70,300,42,13,15,210,29*7F
$GPGSV,3,2,10,15,55,080,40,18,20,330,31,24,35,170,36,25,60,020,41*7D
$GPGSV,3,3,10,29,05,260,,31,08,100,*79
$GPGLL,0120.69861,N,10349.08510,E,102128.00,A,A*61
$GPRMC,102129.00,A,0120.69779,N,10349.08436,E,2.999,141.95,250926,,,A*6D
$GPVTG,141.95,T,,M,2.999,N,5.554,K,A*3F
$GPGGA,102129.00,0120.69779,N,10349.08436,E,1,08,1.01,45.3,M,4.9,M,,*51
$GPGSA,A,3,02,05,12,13,15,18,24,25,,,,,2.01,1.01,1.73*0E
$GPGSV,3,1,10,02,45,120,38,05,30,045,35,12,70,300,42,13,15,210,29*7F
$GPGSV,3,2,10,15,55,080,40,18,20,330,31,24,35,170,36,25,60,020,41*7D
$GPGSV,3,3,10,29,05,260,,31,08,100,*79
$GPGLL,0120.69779,N,10349.08436,E,102129.00,A,A*63
$GPRMC,102130.00,A,0120.69760,N,10349.08564,E,2.436,151.61,250926,,,A*69
$GPVTG,151.61,T,,M,2.436,N,4.512,K,A*3E
$GPGGA,102130.00,0120.69760,N,10349.08564,E,1,08,1.01,45.3,M,4.9,M,,*57
$GPGSA,A,3,02,05,12,13,15,18,24,25,,,,,2.01,1.01,1.73*0E
$GPGSV,3,1,10,02,45,120,38,05,30,045,35,12,70,300,42,13,15,210,29*7F
$GPGSV,3,2,10,15,55,080,40,18,20,330,31,24,35,170,36,25,60,020,41*7D
$GPGSV,3,3,10,29,05,260,,31,08,100,*79
$GPGLL,0120.69760,N,10349.08564,E,102130.00,A,A*65
$GPRMC,102131.00,A,0120.69744,N,10349.08548,E,2.352,140.64,250926,,,A*60
$GPVTG,140.64,T,,M,2.352,N,4.356,K,A*38
$GPGGA,102131.00,0120.69744,N,10349.08548,E,1,08,1.01,45.3,M,4.9,M,,*5E
$GPGSA,A,3,02,05,12,13,15,18,24,25,,,,,2.01,1.01,1.73*0E
$GPGSV,3,1,10,02,45,120,38,05,30,045,35,12,70,300,42,13,15,210,29*7F
$GPGSV,3,2,10,15,55,080,40,18,20,330,31,24,35,170,36,25,60,020,41*7D
$GPGSV,3,3,10,29,05,260,,31,08,100,*79
$GPGLL,0120.69744,N,10349.08548,E,102131.00,A,A*6C
$GPRMC,102132.00,A,0120.69740,N,10349.08578,E,2.672,144.21,250926,,,A*66
$GPVTG,144.21,T,,M,2.672,N,4.949,K,A*3E
$GPGGA,102132.00,0120.69740,N,10349.08578,E,1,08,1.01,45.3,M,4.9,M,,*5A
$GPGSA,A,3,02,05,12,13,15,18,24,25,,,,,2.01,1.01,1.73*0E
$GPGSV,3,1,10,02,45,120,38,05,30,045,35,12,70,300,42,13,15,210,29*7F
$GPGSV,3,2,10,15,55,080,40,18,20,330,31,24,35,170,36,25,60,020,41*7D
$GPGSV,3,3,10,29,05,260,,31,08,100,*79
$GPGLL,0120.69740,N,10349.08578,E,102132.00,A,A*68
$GPRMC,102133.00,A,0120.69551,N,10349.08618,E,2.583,142.88,250926,,,A*68
$GPVTG,142.88,T,,M,2.583,N,4.783,K,A*3E
$GPGGA,102133.00,0120.69551,N,10349.08618,E,1,08,1.01,45.3,M,4.9,M,,*5C
$GPGSA,A,3,02,05,12,13,15,18,24,25,,,,,2.01,1.01,1.73*0E
$GPGSV,3,1,10,02,45,120,38,05,30,045,35,12,70,300,42,13,15,210,29*7F
$GPGSV,3,2,10,15,55,080,40,18,20,330,31,24,35,170,36,25,60,020,41*7D
$GPGSV,3,3,10,29,05,260,,31,08,100,*79
$GPGLL,0120.69551,N,10349.08618,E,102133.00,A,A*6E
$GPRMC,102134.00,A,0120.69569,N,10349.08634,E,2.061,146.01,250926,,,A*66
$GPVTG,146.01,T,,M,2.061,N,3.817,K,A*37
$GPGGA,102134.00,0120.69569,N,10349.08634,E,1,08,1.01,45.3,M,4.9,M,,*5E
$GPGSA,A,3,02,05,12,13,15,18,24,25,,,,,2.01,1.01,1.73*0E
$GPGSV,3,1,10,02,45,120,38,05,30,045,35,12,70,300,42,13,15,210,29*7F
$GPGSV,3,2,10,15,55,080,40,18,20,330,31,24,35,170,36,25,60,020,41*7D
$GPGSV,3,3,10,29,05,260,,31,08,100,*79
$GPGLL,0120.69569,N,10349.08634,E,102134.00,A,A*6C
$GPRMC,102135.00,A,0120.69509,N,10349.08723,E,2.559,147.51,250926,,,A*6C
$GPVTG,147.51,T,,M,2.559,N,4.739,K,A*39
$GPGGA,102135.00,0120.69509,N,10349.08723,E,1,08,1.01,45.3,M,4.9,M,,*5E
$GPGSA,A,3,02,05,12,13,15,18,24,25,,,,,2.01,1.01,1.73*0E
$GPGSV,3,1,10,02,45,120,38,05,30,045,35,12,70,300,42,13,15,210,29*7F
$GPGSV,3,2,10,15,55,080,40,18,20,330,31,24,35,170,36,25,60,020,41*7D
$GPGSV,3,3,10,29,05,260,,31,08,100,*79
$GPGLL,0120.69509,N,10349.08723,E,102135.00,A,A*6C
$GPRMC,102136.00,A,0120.69348,N,10349.08716,E,2.430,141.64,250926,,,A*64
$GPVTG,141.64,T,,M,2.430,N,4.501,K,A*3E
$GPGGA,102136.00,0120.69348,N,10349.08716,E,1,08,1.01,45.3,M,4.9,M,,*58
$GPGSA,A,3,02,05,12,13,15,18,24,25,,,,,2.01,1.01,1.73*0E
$GPGSV,3,1,10,02,45,120,38,05,30,045,35,12,70,300,42,13,15,210,29*7F
$GPGSV,3,2,10,15,55,080,40,18,20,330,31,24,35,170,36,25,60,020,41*7D
$GPGSV,3,3,10,29,05,260,,31,08,100,*79
$GPGLL,0120.69348,N,10349.08716,E,102136.00,A,A*6A
$GPRMC,102137.00,A,0120.69345,N,10349.08788,E,2.428,147.48,250926,,,A*6E
$GPVTG,147.48,T,,M,2.428,N,4.497,K,A*31
$GPGGA,102137.00,0120.69345,N,10349.08788,E,1,08,1.01,45.3,M,4.9,M,,*53
$GPGSA,A,3,02,05,12,13,15,18,24,25,,,,,2.01,1.01,1.73*0E
$GPGSV,3,1,10,02,45,120,38,05,30,045,35,12,70,300,42,13,15,210,29*7F
$GPGSV,3,2,10,15,55,080,40,18,20,330,31,24,35,170,36,25,60,020,41*7D
$GPGSV,3,3,10,29,05,260,,31,08,100,*79
$GPGLL,0120.69345,N,10349.08788,E,102137.00,A,A*61
$GPRMC,102138.00,A,0120.69201,N,10349.08814,E,2.408,150.40,250926,,,A*66
$GPVTG,150.40,T,,M,2.408,N,4.460,K,A*35
$GPGGA,102138.00,0120.69201,N,10349.08814,E,1,08,1.01,45.3,M,4.9,M,,*57
$GPGSA,A,3,02,05,12,13,15,18,24,25,,,,,2.01,1.01,1.73*0E
$GPGSV,3,1,10,02,45,120,38,05,30,045,35,12,70,300,42,13,15,210,29*7F
$GPGSV,3,2,10,15,55,080,40,18,20,330,31,24,35,170,36,25,60,020,41*7D
$GPGSV,3,3,10,29,05,260,,31,08,100,*79
$GPGLL,0120.69201,N,10349.08814,E,102138.00,A,A*65
$GPRMC,102139.00,A,0120.69200,N,10349.08907,E,2.915,145.51,250926,,,A*60
$GPVTG,145.51,T,,M,2.915,N,5.399,K,A*30
$GPGGA,102139.00,0120.69200,N,10349.08907,E,1,08,1.01,45.3,M,4.9,M,,*54
$GPGSA,A,3,02,05,12,13,15,18,24,25,,,,,2.01,1.01,1.73*0E
$GPGSV,3,1,10,02,45,120,38,05,30,045,35,12,70,300,42,13,15,210,29*7F
$GPGSV,3,2,10,15,55,080,40,18,20,330,31,24,35,170,36,25,60,020,41*7D
$GPGSV,3,3,10,29,05,260,,31,08,100,*79
$GPGLL,0120.69200,N,10349.08907,E,102139.00,A,A*66
$GPRMC,102140.00,A,0120.69139,N,10349.08912,E,2.288,143.61,250926,,,A*69
$GPVTG,143.61,T,,M,2.288,N,4.238,K,A*31
$GPGGA,102140.00,0120.69139,N,10349.08912,E,1,08,1.01,45.3,M,4.9,M,,*57
$GPGSA,A,3,02,05,12,13,15,18,24,25,,,,,2.01,1.01,1.73*0E
$GPGSV,3,1,10,02,45,120,38,05,30,045,35,12,70,300,42,13,15,210,29*7F
$GPGSV,3,2,10,15,55,080,40,18,20,330,31,24,35,170,36,25,60,020,41*7D
$GPGSV,3,3,10,29,05,260,,31,08,100,*79
$GPGLL,0120.69139,N,10349.08912,E,102140.00,A,A*65
$GPRMC,102141.00,A,0120.69029,N,10349.08938,E,2.582,137.56,250926,,,A*6A
$GPVTG,137.56,T,,M,2.582,N,4.782,K,A*3F
$GPGGA,102141.00,0120.69029,N,10349.08938,E,1,08,1.01,45.3,M,4.9,M,,*5E
$GPGSA,A,3,02,05,12,13,15,18,24,25,,,,,2.01,1.01,1.73*0E
$GPGSV,3,1,10,02,45,120,38,05,30,045,35,12,70,300,42,13,15,210,29*7F
$GPGSV,3,2,10,15,55,080,40,18,20,330,31,24,35,170,36,25,60,020,41*7D
$GPGSV,3,3,10,29,05,260,,31,08,100,*79
$GPGLL,0120.69029,N,10349.08938,E,102141.00,A,A*6C
$GPRMC,102142.00,A,0120.68967,N,10349.09009,E,2.556,147.18,250926,,,A*65
$GPVTG,147.18,T,,M,2.556,N,4.733,K,A*31
$GPGGA,102142.00,0120.68967,N,10349.09009,E,1,08,1.01,45.3,M,4.9,M,,*55
$GPGSA,A,3,02,05,12,13,15,18,24,25,,,,,2.01,1.01,1.73*0E
$GPGSV,3,1,10,02,45,120,38,05,30,045,35,12,70,300,42,13,15,210,29*7F
$GPGSV,3,2,10,15,55,080,40,18,20,330,31,24,35,170,36,25,60,020,41*7D
$GPGSV,3,3,10,29,05,260,,31,08,100,*79
$GPGLL,0120.68967,N,10349.09009,E,102142.00,A,A*67
$GPRMC,102143.00,A,0120.68929,N,10349.08952,E,2.248,144.63,250926,,,A*6F
$GPVTG,144.63,T,,M,2.248,N,4.162,K,A*34
$GPGGA,102143.00,0120.68929,N,10349.08952,E,1,08,1.01,45.3,M,4.9,M,,*58
$GPGSA,A,3,02,05,12,13,15,18,24,25,,,,,2.01,1.01,1.73*0E
$GPGSV,3,1,10,02,45,120,38,05,30,045,35,12,70,300,42,13,15,210,29*7F
$GPGSV,3,2,10,15,55,080,40,18,20,330,31,24,35,170,36,25,60,020,41*7D
$GPGSV,3,3,10,29,05,260,,31,08,100,*79
$GPGLL,0120.68929,N,10349.08952,E,102143.00,A,A*6A
$GPRMC,102144.00,A,0120.68964,N,10349.09059,E,2.537,151.64,250926,,,A*6E
$GPVTG,151.64,T,,M,2.537,N,4.698,K,A*3A
$GPGGA,102144.00,0120.68964,N,10349.09059,E,1,08,1.01,45.3,M,4.9,M,,*55
$GPGSA,A,3,02,05,12,13,15,18,24,25,,,,,2.01,1.01,1.73*0E
$GPGSV,3,1,10,02,45,120,38,05,30,045,35,12,70,300,42,13,15,210,29*7F
$GPGSV,3,2,10,15,55,080,40,18,20,330,31,24,35,170,36,25,60,020,41*7D
$GPGSV,3,3,10,29,05,260,,31,08,100,*79
$GPGLL,0120.68964,N,10349.09059,E,102144.00,A,A*67
$GPRMC,102145.00,A,0120.68791,N,10349.09045,E,2.573,150.84,250926,,,A*69
$GPVTG,150.84,T,,M,2.573,N,4.765,K,A*36
$GPGGA,102145.00,0120.68791,N,10349.09045,E,1,08,1.01,45.3,M,4.9,M,,*5D
$GPGSA,A,3,02,05,12,13,15,18,24,25,,,,,2.01,1.01,1.73*0E
$GPGSV,3,1,10,02,45,120,38,05,30,045,35,12,70,300,42,13,15,210,29*7F
$GPGSV,3,2,10,15,55,080,40,18,20,330,31,24,35,170,36,25,60,020,41*7D
$GPGSV,3,3,10,29,05,260,,31,08,100,*79
$GPGLL,0120.68791,N,10349.09045,E,102145.00,A,A*6F
$GPRMC,102146.00,A,0120.68878,N,10349.09040,E,2.780,148.77,250926,,,A*6C
$GPVTG,148.77,T,,M,2.780,N,5.149,K,A*34
$GPGGA,102146.00,0120.68878,N,10349.09040,E,1,08,1.01,45.3,M,4.9,M,,*53
$GPGSA,A,3,02,05,12,13,15,18,24,25,,,,,2.01,1.01,1.73*0E
$GPGSV,3,1,10,02,45,120,38,05,30,045,35,12,70,300,42,13,15,210,29*7F
$GPGSV,3,2,10,15,55,080,40,18,20,330,31,24,35,170,36,25,60,020,41*7D
$GPGSV,3,3,10,29,05,260,,31,08,100,*79
$GPGLL,0120.68878,N,10349.09040,E,102146.00,A,A*61
$GPRMC,102147.00,A,0120.68747,N,10349.09031,E,2.865,147.34,250926,,,A*64
$GPVTG,147.34,T,,M,2.865,N,5.306,K,A*31
$GPGGA,102147.00,0120.68747,N,10349.09031,E,1,08,1.01,45.3,M,4.9,M,,*57
$GPGSA,A,3,02,05,12,13,15,18,24,25,,,,,2.01,1.01,1.73*0E
$GPGSV,3,1,10,02,45,120,38,05,30,045,35,12,70,300,42,13,15,210,29*7F
$GPGSV,3,2,10,15,55,080,40,18,20,330,31,24,35,170,36,25,60,020,41*7D
$GPGSV,3,3,10,29,05,260,,31,08,100,*79
$GPGLL,0120.68747,N,10349.09031,E,102147.00,A,A*65
$GPRMC,102148.00,A,0120.68719,N,10349.09132,E,2.810,145.11,250926,,,A*65
$GPVTG,145.11,T,,M,2.810,N,5.204,K,A*35
$GPGGA,102148.00,0120.68719,N,10349.09132,E,1,08,1.01,45.3,M,4.9,M,,*51
$GPGSA,A,3,02,05,12,13,15,18,24,25,,,,,2.01,1.01,1.73*0E
$GPGSV,3,1,10,02,45,120,38,05,30,045,35,12,70,300,42,13,15,210,29*7F
$GPGSV,3,2,10,15,55,080,40,18,20,330,31,24,35,170,36,25,60,020,41*7D
$GPGSV,3,3,10,29,05,260,,31,08,100,*79
$GPGLL,0120.68719,N,10349.09132,E,102148.00,A,A*63
$GPRMC,102149.00,A,0120.68604,N,10349.09187,E,2.501,147.51,250926,,,A*6C
$GPVTG,147.51,T,,M,2.501,N,4.632,K,A*3E
$GPGGA,102149.00,0120.68604,N,10349.09187,E,1,08,1.01,45.3,M,4.9,M,,*53
$GPGSA,A,3,02,05,12,13,15,18,24,25,,,,,2.01,1.01,1.73*0E
$GPGSV,3,1,10,02,45,120,38,05,30,045,35,12,70,300,42,13,15,210,29*7F
$GPGSV,3,2,10,15,55,080,40,18,20,330,31,24,35,170,36,25,60,020,41*7D
$GPGSV,3,3,10,29,05,260,,31,08,100,*79
$GPGLL,0120.68604,N,10349.09187,E,102149.00,A,A*61
$GPRMC,102150.00,A,0120.68488,N,10349.09282,E,2.765,158.14,250926,,,A*6B
$GPVTG,158.14,T,,M,2.765,N,5.121,K,A*35
$GPGGA,102150.00,0120.68488,N,10349.09282,E,1,08,1.01,45.3,M,4.9,M,,*5B
$GPGSA,A,3,02,05,12,13,15,18,24,25,,,,,2.01,1.01,1.73*0E
$GPGSV,3,1,10,02,45,120,38,05,30,045,35,12,70,300,42,13,15,210,29*7F
$GPGSV,3,2,10,15,55,080,40,18,20,330,31,24,35,170,36,25,60,020,41*7D
$GPGSV,3,3,10,29,05,260,,31,08,100,*79
$GPGLL,0120.68488,N,10349.09282,E,102150.00,A,A*69
$GPRMC,102151.00,A,0120.68432,N,10349.09340,E,2.198,150.98,250926,,,A*6C
$GPVTG,150.98,T,,M,2.198,N,4.071,K,A*38
$GPGGA,102151.00,0120.68432,N,10349.09340,E,1,08,1.01,45.3,M,4.9,M,,*54
$GPGSA,A,3,02,05,12,13,15,18,24,25,,,,,2.01,1.01,1.73*0E
$GPGSV,3,1,10,02,45,120,38,05,30,045,35,12,70,300,42,13,15,210,29*7F
$GPGSV,3,2,10,15,55,080,40,18,20,330,31,24,35,170,36,25,60,020,41*7D
$GPGSV,3,3,10,29,05,260,,31,08,100,*79
$GPGLL,0120.68432,N,10349.09340,E,102151.00,A,A*66
$GPRMC,102152.00,A,0120.68381,N,10349.09326,E,2.670,139.23,250926,,,A*6E
$GPVTG,139.23,T,,M,2.670,N,4.945,K,A*38
$GPGGA,102152.00,0120.68381,N,10349.09326,E,1,08,1.01,45.3,M,4.9,M,,*58
$GPGSA,A,3,02,05,12,13,15,18,24,25,,,,,2.01,1.01,1.73*0E
$GPGSV,3,1,10,02,45,120,38,05,30,045,35,12,70,300,42,13,15,210,29*7F
$GPGSV,3,2,10,15,55,080,40,18,20,330,31,24,35,170,36,25,60,020,41*7D
$GPGSV,3,3,10,29,05,260,,31,08,100,*79
$GPGLL,0120.68381,N,10349.09326,E,102152.00,A,A*6A
$GPRMC,102153.00,A,0120.68299,N,10349.09411,E,2.777,151.90,250926,,,A*64
$GPVTG,151.90,T,,M,2.777,N,5.143,K,A*37
$GPGGA,102153.00,0120.68299,N,10349.09411,E,1,08,1.01,45.3,M,4.9,M,,*52
$GPGSA,A,3,02,05,12,13,15,18,24,25,,,,,2.01,1.01,1.73*0E
$GPGSV,3,1,10,02,45,120,38,05,30,045,35,12,70,300,42,13,15,210,29*7F
$GPGSV,3,2,10,15,55,080,40,18,20,330,31,24,35,170,36,25,60,020,41*7D
$GPGSV,3,3,10,29,05,260,,31,08,100,*79
$GPGLL,0120.68299,N,10349.09411,E,102153.00,A,A*60
$GPRMC,102154.00,A,0120.68262,N,10349.09419,E,2.632,159.61,250926,,,A*69
$GPVTG,159.61,T,,M,2.632,N,4.875,K,A*3C
$GPGGA,102154.00,0120.68262,N,10349.09419,E,1,08,1.01,45.3,M,4.9,M,,*59
$GPGSA,A,3,02,05,12,13,15,18,24,25,,,,,2.01,1.01,1.73*0E
$GPGSV,3,1,10,02,45,120,38,05,30,045,35,12,70,300,42,13,15,210,29*7F
$GPGSV,3,2,10,15,55,080,40,18,20,330,31,24,35,170,36,25,60,020,41*7D
$GPGSV,3,3,10,29,05,260,,31,08,100,*79
$GPGLL,0120.68262,N,10349.09419,E,102154.00,A,A*6B
$GPRMC,102155.00,A,0120.68217,N,10349.09453,E,2.629,148.49,250926,,,A*64
$GPVTG,148.49,T,,M,2.629,N,4.869,K,A*31
$GPGGA,102155.00,0120.68217,N,10349.09453,E,1,08,1.01,45.3,M,4.9,M,,*54
$GPGSA,A,3,02,05,12,13,15,18,24,25,,,,,2.01,1.01,1.73*0E
$GPGSV,3,1,10,02,45,120,38,05,30,045,35,12,70,300,42,13,15,210,29*7F
$GPGSV,3,2,10,15,55,080,40,18,20,330,31,24,35,170,36,25,60,020,41*7D
$GPGSV,3,3,10,29,05,260,,31,08,100,*79
$GPGLL,0120.68217,N,10349.09453,E,102155.00,A,A*66
$GPRMC,102156.00,A,0120.68172,N,10349.09576,E,2.286,150.64,250926,,,A*66
$GPVTG,150.64,T,,M,2.286,N,4.233,K,A*33
$GPGGA,102156.00,0120.68172,N,10349.09576,E,1,08,1.01,45.3,M,4.9,M,,*51
$GPGSA,A,3,02,05,12,13,15,18,24,25,,,,,2.01,1.01,1.73*0E
$GPGSV,3,1,10,02,45,120,38,05,30,045,35,12,70,300,42,13,15,210,29*7F
$GPGSV,3,2,10,15,55,080,40,18,20,330,31,24,35,170,36,25,60,020,41*7D
$GPGSV,3,3,10,29,05,260,,31,08,100,*79
$GPGLL,0120.68172,N,10349.09576,E,102156.00,A,A*63
$GPRMC,102157.00,A,0120.68137,N,10349.09567,E,2.512,146.84,250926,,,A*65
$GPVTG,146.84,T,,M,2.512,N,4.651,K,A*30
$GPGGA,102157.00,0120.68137,N,10349.09567,E,1,08,1.01,45.3,M,4.9,M,,*51
$GPGSA,A,3,02,05,12,13,15,18,24,25,,,,,2.01,1.01,1.73*0E
$GPGSV,3,1,10,02,45,120,38,05,30,045,35,12,70,300,42,13,15,210,29*7F
$GPGSV,3,2,10,15,55,080,40,18,20,330,31,24,35,170,36,25,60,020,41*7D
$GPGSV,3,3,10,29,05,260,,31,08,100,*79
$GPGLL,0120.68137,N,10349.09567,E,102157.00,A,A*63
$GPRMC,102158.00,A,0120.68044,N,10349.09609,E,2.649,141.35,250926,,,A*64
$GPVTG,141.35,T,,M,2.649,N,4.906,K,A*3D
$GPGGA,102158.00,0120.68044,N,10349.09609,E,1,08,1.01,45.3,M,4.9,M,,*50
$GPGSA,A,3,02,05,12,13,15,18,24,25,,,,,2.01,1.01,1.73*0E
$GPGSV,3,1,10,02,45,120,38,05,30,045,35,12,70,300,42,13,15,210,29*7F
$GPGSV,3,2,10,15,55,080,40,18,20,330,31,24,35,170,36,25,60,020,41*7D
$GPGSV,3,3,10,29,05,260,,31,08,100,*79
$GPGLL,0120.68044,N,10349.09609,E,102158.00,A,A*62
$GPRMC,102159.00,A,0120.67994,N,10349.09598,E,2.791,148.14,250926,,,A*6B
$GPVTG,148.14,T,,M,2.791,N,5.168,K,A*32
$GPGGA,102159.00,0120.67994,N,10349.09598,E,1,08,1.01,45.3,M,4.9,M,,*51
$GPGSA,A,3,02,05,12,13,15,18,24,25,,,,,2.01,1.01,1.73*0E
$GPGSV,3,1,10,02,45,120,38,05,30,045,35,12,70,300,42,13,15,210,29*7F
$GPGSV,3,2,10,15,55,080,40,18,20,330,31,24,35,170,36,25,60,020,41*7D
$GPGSV,3,3,10,29,05,260,,31,08,100,*79
$GPGLL,0120.67994,N,10349.09598,E,102159.00,A,A*63
$GPRMC,102200.00,A,0120.67886,N,10349.09623,E,2.634,144.13,250926,,,A*60
$GPVTG,144.13,T,,M,2.634,N,4.879,K,A*3F
$GPGGA,102200.00,0120.67886,N,10349.09623,E,1,08,1.01,45.3,M,4.9,M,,*5F
$GPGSA,A,3,02,05,12,13,15,18,24,25,,,,,2.01,1.01,1.73*0E
$GPGSV,3,1,10,02,45,120,38,05,30,045,35,12,70,300,42,13,15,210,29*7F
$GPGSV,3,2,10,15,55,080,40,18,20,330,31,24,35,170,36,25,60,020,41*7D
$GPGSV,3,3,10,29,05,260,,31,08,100,*79
$GPGLL,0120.67886,N,10349.09623,E,102200.00,A,A*6D
$GPRMC,102201.00,A,0120.67910,N,10349.09701,E,2.845,151.61,250926,,,A*67
$GPVTG,151.61,T,,M,2.845,N,5.269,K,A*3C
$GPGGA,102201.00,0120.67910,N,10349.09701,E,1,08,1.01,45.3,M,4.9,M,,*51
$GPGSA,A,3,02,05,12,13,15,18,24,25,,,,,2.01,1.01,1.73*0E
$GPGSV,3,1,10,02,45,120,38,05,30,045,35,12,70,300,42,13,15,210,29*7F
$GPGSV,3,2,10,15,55,080,40,18,20,330,31,24,35,170,36,25,60,020,41*7D
$GPGSV,3,3,10,29,05,260,,31,08,100,*79
$GPGLL,0120.67910,N,10349.09701,E,102201.00,A,A*63
$GPRMC,102202.00,A,0120.67819,N,10349.09649,E,2.404,143.45,250926,,,A*6D
$GPVTG,143.45,T,,M,2.404,N,4.453,K,A*3E
$GPGGA,102202.00,0120.67819,N,10349.09649,E,1,08,1.01,45.3,M,4.9,M,,*57
$GPGSA,A,3,02,05,12,13,15,18,24,25,,,,,2.01,1.01,1.73*0E
$GPGSV,3,1,10,02,45,120,38,05,30,045,35,12,70,300,42,13,15,210,29*7F
$GPGSV,3,2,10,15,55,080,40,18,20,330,31,24,35,170,36,25,60,020,41*7D
$GPGSV,3,3,10,29,05,260,,31,08,100,*79
$GPGLL,0120.67819,N,10349.09649,E,102202.00,A,A*65
$GPRMC,102203.00,A,0120.67738,N,10349.09808,E,2.624,145.22,250926,,,A*6C
$GPVTG,145.22,T,,M,2.624,N,4.859,K,A*3F
$GPGGA,102203.00,0120.67738,N,10349.09808,E,1,08,1.01,45.3,M,4.9,M,,*51
$GPGSA,A,3,02,05,12,13,15,18,24,25,,,,,2.01,1.01,1.73*0E
$GPGSV,3,1,10,02,45,120,38,05,30,045,35,12,70,300,42,13,15,210,29*7F
$GPGSV,3,2,10,15,55,080,40,18,20,330,31,24,35,170,36,25,60,020,41*7D
$GPGSV,3,3,10,29,05,260,,31,08,100,*79
$GPGLL,0120.67738,N,10349.09808,E,102203.00,A,A*63
$GPRMC,102204.00,A,0120.67766,N,10349.09754,E,2.385,155.00,250926,,,A*69
$GPVTG,155.00,T,,M,2.385,N,4.417,K,A*36
$GPGGA,102204.00,0120.67766,N,10349.09754,E,1,08,1.01,45.3,M,4.9,M,,*5B
$GPGSA,A,3,02,05,12,13,15,18,24,25,,,,,2.01,1.01,1.73*0E
$GPGSV,3,1,10,02,45,120,38,05,30,045,35,12,70,300,42,13,15,210,29*7F
$GPGSV,3,2,10,15,55,080,40,18,20,330,31,24,35,170,36,25,60,020,41*7D
$GPGSV,3,3,10,29,05,260,,31,08,100,*79
$GPGLL,0120.67766,N,10349.09754,E,102204.00,A,A*69
$GPRMC,102205.00,A,0120.67605,N,10349.09751,E,2.541,144.27,250926,,,A*62
$GPVTG,144.27,T,,M,2.541,N,4.705,K,A*3D
$GPGGA,102205.00,0120.67605,N,10349.09751,E,1,08,1.01,45.3,M,4.9,M,,*5B
$GPGSA,A,3,02,05,12,13,15,18,24,25,,,,,2.01,1.01,1.73*0E
$GPGSV,3,1,10,02,45,120,38,05,30,045,35,12,70,300,42,13,15,210,29*7F
$GPGSV,3,2,10,15,55,080,40,18,20,330,31,24,35,170,36,25,60,020,41*7D
$GPGSV,3,3,10,29,05,260,,31,08,100,*79
$GPGLL,0120.67605,N,10349.09751,E,102205.00,A,A*69
$GPRMC,102206.00,A,0120.67653,N,10349.09883,E,2.390,154.40,250926,,,A*68
$GPVTG,154.40,T,,M,2.390,N,4.426,K,A*35
$GPGGA,102206.00,0120.67653,N,10349.09883,E,1,08,1.01,45.3,M,4.9,M,,*5B
$GPGSA,A,3,02,05,12,13,15,18,24,25,,,,,2.01,1.01,1.73*0E
$GPGSV,3,1,10,02,45,120,38,05,30,045,35,12,70,300,42,13,15,210,29*7F
$GPGSV,3,2,10,15,55,080,40,18,20,330,31,24,35,170,36,25,60,020,41*7D
$GPGSV,3,3,10,29,05,260,,31,08,100,*79
$GPGLL,0120.67653,N,10349.09883,E,102206.00,A,A*69
$GPRMC,102207.00,A,0120.67483,N,10349.09799,E,2.498,154.97,250926,,,A*67
$GPVTG,154.97,T,,M,2.498,N,4.627,K,A*33
$GPGGA,102207.00,0120.67483,N,10349.09799,E,1,08,1.01,45.3,M,4.9,M,,*51
$GPGSA,A,3,02,05,12,13,15,18,24,25,,,,,2.01,1.01,1.73*0E
$GPGSV,3,1,10,02,45,120,38,05,30,045,35,12,70,300,42,13,15,210,29*7F
$GPGSV,3,2,10,15,55,080,40,18,20,330,31,24,35,170,36,25,60,020,41*7D
$GPGSV,3,3,10,29,05,260,,31,08,100,*79
$GPGLL,0120.67483,N,10349.09799,E,102207.00,A,A*63
$GPRMC,102208.00,A,0120.67549,N,10349.09760,E,2.585,148.72,250926,,,A*62
$GPVTG,148.72,T,,M,2.585,N,4.787,K,A*33
$GPGGA,102208.00,0120.67549,N,10349.09760,E,1,08,1.01,45.3,M,4.9,M,,*5F
$GPGSA,A,3,02,05,12,13,15,18,24,25,,,,,2.01,1.01,1.73*0E
$GPGSV,3,1,10,02,45,120,38,05,30,045,35,12,70,300,42,13,15,210,29*7F
$GPGSV,3,2,10,15,55,080,40,18,20,330,31,24,35,170,36,25,60,020,41*7D
$GPGSV,3,3,10,29,05,260,,31,08,100,*79
$GPGLL,0120.67549,N,10349.09760,E,102208.00,A,A*6D
$GPRMC,102209.00,A,0120.67435,N,10349.09794,E,2.804,149.48,250926,,,A*6E
$GPVTG,149.48,T,,M,2.804,N,5.193,K,A*3D
$GPGGA,102209.00,0120.67435,N,10349.09794,E,1,08,1.01,45.3,M,4.9,M,,*5F
$GPGSA,A,3,02,05,12,13,15,18,24,25,,,,,2.01,1.01,1.73*0E
$GPGSV,3,1,10,02,45,120,38,05,30,045,35,12,70,300,42,13,15,210,29*7F
$GPGSV,3,2,10,15,55,080,40,18,20,330,31,24,35,170,36,25,60,020,41*7D
$GPGSV,3,3,10,29,05,260,,31,08,100,*79
$GPGLL,0120.67435,N,10349.09794,E,102209.00,A,A*6D
$GPRMC,102210.00,A,0120.67405,N,10349.09860,E,2.461,148.57,250926,,,A*61
$GPVTG,148.57,T,,M,2.461,N,4.557,K,A*30
$GPGGA,102210.00,0120.67405,N,10349.09860,E,1,08,1.01,45.3,M,4.9,M,,*50
$GPGSA,A,3,02,05,12,13,15,18,24,25,,,,,2.01,1.01,1.73*0E
$GPGSV,3,1,10,02,45,120,38,05,30,045,35,12,70,300,42,13,15,210,29*7F
$GPGSV,3,2,10,15,55,080,40,18,20,330,31,24,35,170,36,25,60,020,41*7D
$GPGSV,3,3,10,29,05,260,,31,08,100,*79
$GPGLL,0120.67405,N,10349.09860,E,102210.00,A,A*62
$GPRMC,102211.00,A,0120.67459,N,10349.09987,E,2.617,151.66,250926,,,A*68
$GPVTG,151.66,T,,M,2.617,N,4.847,K,A*35
$GPGGA,102211.00,0120.67459,N,10349.09987,E,1,08,1.01,45.3,M,4.9,M,,*50
$GPGSA,A,3,02,05,12,13,15,18,24,25,,,,,2.01,1.01,1.73*0E
$GPGSV,3,1,10,02,45,120,38,05,30,045,35,12,70,300,42,13,15,210,29*7F
$GPGSV,3,2,10,15,55,080,40,18,20,330,31,24,35,170,36,25,60,020,41*7D
$GPGSV,3,3,10,29,05,260,,31,08,100,*79
$GPGLL,0120.67459,N,10349.09987,E,102211.00,A,A*62
$GPRMC,102212.00,A,0120.67306,N,10349.09967,E,2.782,149.90,250926,,,A*65
$GPVTG,149.90,T,,M,2.782,N,5.152,K,A*34
$GPGGA,102212.00,0120.67306,N,10349.09967,E,1,08,1.01,45.3,M,4.9,M,,*50
$GPGSA,A,3,02,05,12,13,15,18,24,25,,,,,2.01,1.01,1.73*0E
$GPGSV,3,1,10,02,45,120,38,05,30,045,35,12,70,300,42,13,15,210,29*7F
$GPGSV,3,2,10,15,55,080,40,18,20,330,31,24,35,170,36,25,60,020,41*7D
$GPGSV,3,3,10,29,05,260,,31,08,100,*79
$GPGLL,0120.67306,N,10349.09967,E,102212.00,A,A*62
$GPRMC,102213.00,A,0120.67196,N,10349.09976,E,2.573,158.02,250926,,,A*68
$GPVTG,158.02,T,,M,2.573,N,4.766,K,A*33
$GPGGA,102213.00,0120.67196,N,10349.09976,E,1,08,1.01,45.3,M,4.9,M,,*5A
$GPGSA,A,3,02,05,12,13,15,18,24,25,,,,,2.01,1.01,1.73*0E
$GPGSV,3,1,10,02,45,120,38,05,30,045,35,12,70,300,42,13,15,210,29*7F
$GPGSV,3,2,10,15,55,080,40,18,20,330,31,24,35,170,36,25,60,020,41*7D
$GPGSV,3,3,10,29,05,260,,31,08,100,*79
$GPGLL,0120.67196,N,10349.09976,E,102213.00,A,A*68
$GPRMC,102214.00,A,0120.67172,N,10349.10162,E,2.842,148.75,250926,,,A*6E
$GPVTG,148.75,T,,M,2.842,N,5.262,K,A*3D
$GPGGA,102214.00,0120.67172,N,10349.10162,E,1,08,1.01,45.3,M,4.9,M,,*52
$GPGSA,A,3,02,05,12,13,15,18,24,25,,,,,2.01,1.01,1.73*0E
$GPGSV,3,1,10,02,45,120,38,05,30,045,35,12,70,300,42,13,15,210,29*7F
$GPGSV,3,2,10,15,55,080,40,18,20,330,31,24,35,170,36,25,60,020,41*7D
$GPGSV,3,3,10,29,05,260,,31,08,100,*79
$GPGLL,0120.67172,N,10349.10162,E,102214.00,A,A*60
$GPRMC,102215.00,A,0120.66986,N,10349.10167,E,2.468,145.48,250926,,,A*6F
$GPVTG,145.48,T,,M,2.468,N,4.570,K,A*3F
$GPGGA,102215.00,0120.66986,N,10349.10167,E,1,08,1.01,45.3,M,4.9,M,,*54
$GPGSA,A,3,02,05,12,13,15,18,24,25,,,,,2.01,1.01,1.73*0E
$GPGSV,3,1,10,02,45,120,38,05,30,045,35,12,70,300,42,13,15,210,29*7F
$GPGSV,3,2,10,15,55,080,40,18,20,330,31,24,35,170,36,25,60,020,41*7D
$GPGSV,3,3,10,29,05,260,,31,08,100,*79
$GPGLL,0120.66986,N,10349.10167,E,102215.00,A,A*66
$GPRMC,102216.00,A,0120.66977,N,10349.10183,E,2.502,150.01,250926,,,A*6C
$GPVTG,150.01,T,,M,2.502,N,4.633,K,A*3F
$GPGGA,102216.00,0120.66977,N,10349.10183,E,1,08,1.01,45.3,M,4.9,M,,*53
$GPGSA,A,3,02,05,12,13,15,18,24,25,,,,,2.01,1.01,1.73*0E
$GPGSV,3,1,10,02,45,120,38,05,30,045,35,12,70,300,42,13,15,210,29*7F
$GPGSV,3,2,10,15,55,080,40,18,20,330,31,24,35,170,36,25,60,020,41*7D
$GPGSV,3,3,10,29,05,260,,31,08,100,*79
$GPGLL,0120.66977,N,10349.10183,E,102216.00,A,A*61
$GPRMC,102217.00,A,0120.66959,N,10349.10337,E,2.579,144.24,250926,,,A*62
$GPVTG,144.24,T,,M,2.579,N,4.777,K,A*30
$GPGGA,102217.00,0120.66959,N,10349.10337,E,1,08,1.01,45.3,M,4.9,M,,*53
$GPGSA,A,3,02,05,12,13,15,18,24,25,,,,,2.01,1.01,1.73*0E
$GPGSV,3,1,10,02,45,120,38,05,30,045,35,12,70,300,42,13,15,210,29*7F
$GPGSV,3,2,10,15,55,080,40,18,20,330,31,24,35,170,36,25,60,020,41*7D
$GPGSV,3,3,10,29,05,260,,31,08,100,*79
$GPGLL,0120.66959,N,10349.10337,E,102217.00,A,A*61
$GPRMC,102218.00,A,0120.66932,N,10349.10303,E,2.733,99.40,250926,,,A*58
$GPVTG,99.40,T,,M,2.733,N,5.061,K,A*0E
$GPGGA,102218.00,0120.66932,N,10349.10303,E,1,08,1.01,45.3,M,4.9,M,,*56
$GPGSA,A,3,02,05,12,13,15,18,24,25,,,,,2.01,1.01,1.73*0E
$GPGSV,3,1,10,02,45,120,38,05,30,045,35,12,70,300,42,13,15,210,29*7F
$GPGSV,3,2,10,15,55,080,40,18,20,330,31,24,35,170,36,25,60,020,41*7D
$GPGSV,3,3,10,29,05,260,,31,08,100,*79
$GPGLL,0120.66932,N,10349.10303,E,102218.00,A,A*64
$GPRMC,102219.00,A,0120.66775,N,10349.10380,E,2.344,82.82,250926,,,A*5F
$GPVTG,82.82,T,,M,2.344,N,4.342,K,A*0D
$GPGGA,102219.00,0120.66775,N,10349.10380,E,1,08,1.01,45.3,M,4.9,M,,*51
$GPGSA,A,3,02,05,12,13,15,18,24,25,,,,,2.01,1.01,1.73*0E
$GPGSV,3,1,10,02,45,120,38,05,30,045,35,12,70,300,42,13,15,210,29*7F
$GPGSV,3,2,10,15,55,080,40,18,20,330,31,24,35,170,36,25,60,020,41*7D
$GPGSV,3,3,10,29,05,260,,31,08,100,*79
$GPGLL,0120.66775,N,10349.10380,E,102219.00,A,A*63
$GPRMC,102220.00,A,0120.66778,N,10349.10541,E,2.615,74.93,250926,,,A*5B
$GPVTG,74.93,T,,M,2.615,N,4.843,K,A*0F
$GPGGA,102220.00,0120.66778,N,10349.10541,E,1,08,1.01,45.3,M,4.9,M,,*5D
$GPGSA,A,3,02,05,12,13,15,18,24,25,,,,,2.01,1.01,1.73*0E
$GPGSV,3,1,10,02,45,120,38,05,30,045,35,12,70,300,42,13,15,210,29*7F
$GPGSV,3,2,10,15,55,080,40,18,20,330,31,24,35,170,36,25,60,020,41*7D
$GPGSV,3,3,10,29,05,260,,31,08,100,*79
$GPGLL,0120.66778,N,10349.10541,E,102220.00,A,A*6F
$GPRMC,102221.00,A,0120.66861,N,10349.10550,E,2.442,80.13,250926,,,A*5E
$GPVTG,80.13,T,,M,2.442,N,4.522,K,A*06
$GPGGA,102221.00,0120.66861,N,10349.10550,E,1,08,1.01,45.3,M,4.9,M,,*5B
$GPGSA,A,3,02,05,12,13,15,18,24,25,,,,,2.01,1.01,1.73*0E
$GPGSV,3,1,10,02,45,120,38,05,30,045,35,12,70,300,42,13,15,210,29*7F
$GPGSV,3,2,10,15,55,080,40,18,20,330,31,24,35,170,36,25,60,020,41*7D
$GPGSV,3,3,10,29,05,260,,31,08,100,*79
$GPGLL,0120.66861,N,10349.10550,E,102221.00,A,A*69
$GPRMC,102222.00,A,0120.66911,N,10349.10588,E,2.399,87.66,250926,,,A*5A
$GPVTG,87.66,T,,M,2.399,N,4.443,K,A*04
$GPGGA,102222.00,0120.66911,N,10349.10588,E,1,08,1.01,45.3,M,4.9,M,,*5B
$GPGSA,A,3,02,05,12,13,15,18,24,25,,,,,2.01,1.01,1.73*0E
$GPGSV,3,1,10,02,45,120,38,05,30,045,35,12,70,300,42,13,15,210,29*7F
$GPGSV,3,2,10,15,55,080,40,18,20,330,31,24,35,170,36,25,60,020,41*7D
$GPGSV,3,3,10,29,05,260,,31,08,100,*79
$GPGLL,0120.66911,N,10349.10588,E,102222.00,A,A*69
$GPRMC,102223.00,A,0120.66938,N,10349.10676,E,2.726,79.41,250926,,,A*56
$GPVTG,79.41,T,,M,2.726,N,5.049,K,A*0F
$GPGGA,102223.00,0120.66938,N,10349.10676,E,1,08,1.01,45.3,M,4.9,M,,*53
$GPGSA,A,3,02,05,12,13,15,18,24,25,,,,,2.01,1.01,1.73*0E
$GPGSV,3,1,10,02,45,120,38,05,30,045,35,12,70,300,42,13,15,210,29*7F
$GPGSV,3,2,10,15,55,080,40,18,20,330,31,24,35,170,36,25,60,020,41*7D
$GPGSV,3,3,10,29,05,260,,31,08,100,*79
$GPGLL,0120.66938,N,10349.10676,E,102223.00,A,A*61
$GPRMC,102224.00,A,0120.66938,N,10349.10775,E,2.692,76.78,250926,,,A*58
$GPVTG,76.78,T,,M,2.692,N,4.985,K,A*0C
$GPGGA,102224.00,0120.66938,N,10349.10775,E,1,08,1.01,45.3,M,4.9,M,,*56
$GPGSA,A,3,02,05,12,13,15,18,24,25,,,,,2.01,1.01,1.73*0E
$GPGSV,3,1,10,02,45,120,38,05,30,045,35,12,70,300,42,13,15,210,29*7F
$GPGSV,3,2,10,15,55,080,40,18,20,330,31,24,35,170,36,25,60,020,41*7D
$GPGSV,3,3,10,29,05,260,,31,08,100,*79
$GPGLL,0120.66938,N,10349.10775,E,102224.00,A,A*64
$GPRMC,102225.00,A,0120.66976,N,10349.10872,E,2.546,80.20,250926,,,A*55
$GPVTG,80.20,T,,M,2.546,N,4.715,K,A*05
$GPGGA,102225.00,0120.66976,N,10349.10872,E,1,08,1.01,45.3,M,4.9,M,,*55
$GPGSA,A,3,02,05,12,13,15,18,24,25,,,,,2.01,1.01,1.73*0E
$GPGSV,3,1,10,02,45,120,38,05,30,045,35,12,70,300,42,13,15,210,29*7F
$GPGSV,3,2,10,15,55,080,40,18,20,330,31,24,35,170,36,25,60,020,41*7D
$GPGSV,3,3,10,29,05,260,,31,08,100,*79
$GPGLL,0120.66976,N,10349.10872,E,102225.00,A,A*67
$GPRMC,102226.00,A,0120.66878,N,10349.10874,E,2.686,75.52,250926,,,A*5F
$GPVTG,75.52,T,,M,2.686,N,4.974,K,A*0C
$GPGGA,102226.00,0120.66878,N,10349.10874,E,1,08,1.01,45.3,M,4.9,M,,*5F
$GPGSA,A,3,02,05,12,13,15,18,24,25,,,,,2.01,1.01,1.73*0E
$GPGSV,3,1,10,02,45,120,38,05,30,045,35,12,70,300,42,13,15,210,29*7F
$GPGSV,3,2,10,15,55,080,40,18,20,330,31,24,35,170,36,25,60,020,41*7D
$GPGSV,3,3,10,29,05,260,,31,08,100,*79
$GPGLL,0120.66878,N,10349.10874,E,102226.00,A,A*6D
$GPRMC,102227.00,A,0120.66918,N,10349.10992,E,3.209,72.74,250926,,,A*51
$GPVTG,72.74,T,,M,3.209,N,5.944,K,A*0F
$GPGGA,102227.00,0120.66918,N,10349.10992,E,1,08,1.01,45.3,M,4.9,M,,*50
$GPGSA,A,3,02,05,12,13,15,18,24,25,,,,,2.01,1.01,1.73*0E
$GPGSV,3,1,10,02,45,120,38,05,30,045,35,12,70,300,42,13,15,210,29*7F
$GPGSV,3,2,10,15,55,080,40,18,20,330,31,24,35,170,36,25,60,020,41*7D
$GPGSV,3,3,10,29,05,260,,31,08,100,*79
$GPGLL,0120.66918,N,10349.10992,E,102227.00,A,A*62
$GPRMC,102228.00,A,0120.66903,N,10349.11061,E,2.465,81.59,250926,,,A*5E
$GPVTG,81.59,T,,M,2.465,N,4.566,K,A*0C
$GPGGA,102228.00,0120.66903,N,10349.11061,E,1,08,1.01,45.3,M,4.9,M,,*51
$GPGSA,A,3,02,05,12,13,15,18,24,25,,,,,2.01,1.01,1.73*0E
$GPGSV,3,1,10,02,45,120,38,05,30,045,35,12,70,300,42,13,15,210,29*7F
$GPGSV,3,2,10,15,55,080,40,18,20,330,31,24,35,170,36,25,60,020,41*7D
$GPGSV,3,3,10,29,05,260,,31,08,100,*79
$GPGLL,0120.66903,N,10349.11061,E,102228.00,A,A*63
$GPRMC,102229.00,A,0120.66878,N,10349.11048,E,2.269,81.95,250926,,,A*53
$GPVTG,81.95,T,,M,2.269,N,4.203,K,A*02
$GPGGA,102229.00,0120.66878,N,10349.11048,E,1,08,1.01,45.3,M,4.9,M,,*56
$GPGSA,A,3,02,05,12,13,15,18,24,25,,,,,2.01,1.01,1.73*0E
$GPGSV,3,1,10,02,45,120,38,05,30,045,35,12,70,300,42,13,15,210,29*7F
$GPGSV,3,2,10,15,55,080,40,18,20,330,31,24,35,170,36,25,60,020,41*7D
$GPGSV,3,3,10,29,05,260,,31,08,100,*79
$GPGLL,0120.66878,N,10349.11048,E,102229.00,A,A*64
$GPRMC,102230.00,A,0120.66900,N,10349.11140,E,2.269,73.55,250926,,,A*5D
$GPVTG,73.55,T,,M,2.269,N,4.201,K,A*01
$GPGGA,102230.00,0120.66900,N,10349.11140,E,1,08,1.01,45.3,M,4.9,M,,*59
$GPGSA,A,3,02,05,12,13,15,18,24,25,,,,,2.01,1.01,1.73*0E
$GPGSV,3,1,10,02,45,120,38,05,30,045,35,12,70,300,42,13,15,210,29*7F
$GPGSV,3,2,10,15,55,080,40,18,20,330,31,24,35,170,36,25,60,020,41*7D
$GPGSV,3,3,10,29,05,260,,31,08,100,*79
$GPGLL,0120.66900,N,10349.11140,E,102230.00,A,A*6B
$GPRMC,102231.00,A,0120.66907,N,10349.11283,E,2.350,86.17,250926,,,A*50
$GPVTG,86.17,T,,M,2.350,N,4.352,K,A*01
$GPGGA,102231.00,0120.66907,N,10349.11283,E,1,08,1.01,45.3,M,4.9,M,,*53
$GPGSA,A,3,02,05,12,13,15,18,24,25,,,,,2.01,1.01,1.73*0E
$GPGSV,3,1,10,02,45,120,38,05,30,045,35,12,70,300,42,13,15,210,29*7F
$GPGSV,3,2,10,15,55,080,40,18,20,330,31,24,35,170,36,25,60,020,41*7D
$GPGSV,3,3,10,29,05,260,,31,08,100,*79
$GPGLL,0120.66907,N,10349.11283,E,102231.00,A,A*61
$GPRMC,102232.00,A,0120.66974,N,10349.11251,E,2.535,84.76,250926,,,A*58
$GPVTG,84.76,T,,M,2.535,N,4.694,K,A*0E
$GPGGA,102232.00,0120.66974,N,10349.11251,E,1,08,1.01,45.3,M,4.9,M,,*5B
$GPGSA,A,3,02,05,12,13,15,18,24,25,,,,,2.01,1.01,1.73*0E
$GPGSV,3,1,10,02,45,120,38,05,30,045,35,12,70,300,42,13,15,210,29*7F
$GPGSV,3,2,10,15,55,080,40,18,20,330,31,24,35,170,36,25,60,020,41*7D
$GPGSV,3,3,10,29,05,260,,31,08,100,*79
$GPGLL,0120.66974,N,10349.11251,E,102232.00,A,A*69
$GPRMC,102233.00,A,0120.66951,N,10349.11235,E,2.743,85.37,250926,,,A*5B
$GPVTG,85.37,T,,M,2.743,N,5.080,K,A*0B
$GPGGA,102233.00,0120.66951,N,10349.11235,E,1,08,1.01,45.3,M,4.9,M,,*5F
$GPGSA,A,3,02,05,12,13,15,18,24,25,,,,,2.01,1.01,1.73*0E
$GPGSV,3,1,10,02,45,120,38,05,30,045,35,12,70,300,42,13,15,210,29*7F
$GPGSV,3,2,10,15,55,080,40,18,20,330,31,24,35,170,36,25,60,020,41*7D
$GPGSV,3,3,10,29,05,260,,31,08,100,*79
$GPGLL,0120.66951,N,10349.11235,E,102233.00,A,A*6D
$GPRMC,102234.00,A,0120.66874,N,10349.11304,E,2.486,76.13,250926,,,A*59
$GPVTG,76.13,T,,M,2.486,N,4.604,K,A*00
$GPGGA,102234.00,0120.66874,N,10349.11304,E,1,08,1.01,45.3,M,4.9,M,,*5D
$GPGSA,A,3,02,05,12,13,15,18,24,25,,,,,2.01,1.01,1.73*0E
$GPGSV,3,1,10,02,45,120,38,05,30,045,35,12,70,300,42,13,15,210,29*7F
$GPGSV,3,2,10,15,55,080,40,18,20,330,31,24,35,170,36,25,60,020,41*7D
$GPGSV,3,3,10,29,05,260,,31,08,100,*79
$GPGLL,0120.66874,N,10349.11304,E,102234.00,A,A*6F
$GPRMC,102235.00,A,0120.66998,N,10349.11422,E,2.606,74.18,250926,,,A*5B
$GPVTG,74.18,T,,M,2.606,N,4.826,K,A*0D
$GPGGA,102235.00,0120.66998,N,10349.11422,E,1,08,1.01,45.3,M,4.9,M,,*5C
$GPGSA,A,3,02,05,12,13,15,18,24,25,,,,,2.01,1.01,1.73*0E
$GPGSV,3,1,10,02,45,120,38,05,30,045,35,12,70,300,42,13,15,210,29*7F
$GPGSV,3,2,10,15,55,080,40,18,20,330,31,24,35,170,36,25,60,020,41*7D
$GPGSV,3,3,10,29,05,260,,31,08,100,*79
$GPGLL,0120.66998,N,10349.11422,E,102235.00,A,A*6E
$GPRMC,102236.00,A,0120.67024,N,10349.11516,E,2.198,79.00,250926,,,A*55
$GPVTG,79.00,T,,M,2.198,N,4.070,K,A*02
$GPGGA,102236.00,0120.67024,N,10349.11516,E,1,08,1.01,45.3,M,4.9,M,,*56
$GPGSA,A,3,02,05,12,13,15,18,24,25,,,,,2.01,1.01,1.73*0E
$GPGSV,3,1,10,02,45,120,38,05,30,045,35,12,70,300,42,13,15,210,29*7F
$GPGSV,3,2,10,15,55,080,40,18,20,330,31,24,35,170,36,25,60,020,41*7D
$GPGSV,3,3,10,29,05,260,,31,08,100,*79
$GPGLL,0120.67024,N,10349.11516,E,102236.00,A,A*64
$GPRMC,102237.00,A,0120.67054,N,10349.11487,E,2.492,87.76,250926,,,A*55
$GPVTG,87.76,T,,M,2.492,N,4.615,K,A*08
$GPGGA,102237.00,0120.67054,N,10349.11487,E,1,08,1.01,45.3,M,4.9,M,,*59
$GPGSA,A,3,02,05,12,13,15,18,24,25,,,,,2.01,1.01,1.73*0E
$GPGSV,3,1,10,02,45,120,38,05,30,045,35,12,70,300,42,13,15,210,29*7F
$GPGSV,3,2,10,15,55,080,40,18,20,330,31,24,35,170,36,25,60,020,41*7D
$GPGSV,3,3,10,29,05,260,,31,08,100,*79
$GPGLL,0120.67054,N,10349.11487,E,102237.00,A,A*6B
$GPRMC,102238.00,A,0120.67087,N,10349.11772,E,2.531,75.68,250926,,,A*57
$GPVTG,75.68,T,,M,2.531,N,4.687,K,A*09
$GPGGA,102238.00,0120.67087,N,10349.11772,E,1,08,1.01,45.3,M,4.9,M,,*51
$GPGSA,A,3,02,05,12,13,15,18,24,25,,,,,2.01,1.01,1.73*0E
$GPGSV,3,1,10,02,45,120,38,05,30,045,35,12,70,300,42,13,15,210,29*7F
$GPGSV,3,2,10,15,55,080,40,18,20,330,31,24,35,170,36,25,60,020,41*7D
$GPGSV,3,3,10,29,05,260,,31,08,100,*79
$GPGLL,0120.67087,N,10349.11772,E,102238.00,A,A*63
$GPRMC,102239.00,A,0120.67054,N,10349.11767,E,2.476,77.87,250926,,,A*5D
$GPVTG,77.87,T,,M,2.476,N,4.586,K,A*0A
$GPGGA,102239.00,0120.67054,N,10349.11767,E,1,08,1.01,45.3,M,4.9,M,,*5A
$GPGSA,A,3,02,05,12,13,15,18,24,25,,,,,2.01,1.01,1.73*0E
$GPGSV,3,1,10,02,45,120,38,05,30,045,35,12,70,300,42,13,15,210,29*7F
$GPGSV,3,2,10,15,55,080,40,18,20,330,31,24,35,170,36,25,60,020,41*7D
$GPGSV,3,3,10,29,05,260,,31,08,100,*79
$GPGLL,0120.67054,N,10349.11767,E,102239.00,A,A*68
$GPRMC,102240.00,A,0120.67050,N,10349.11845,E,2.595,87.39,250926,,,A*5E
$GPVTG,87.39,T,,M,2.595,N,4.805,K,A*0A
$GPGGA,102240.00,0120.67050,N,10349.11845,E,1,08,1.01,45.3,M,4.9,M,,*5F
$GPGSA,A,3,02,05,12,13,15,18,24,25,,,,,2.01,1.01,1.73*0E
$GPGSV,3,1,10,02,45,120,38,05,30,045,35,12,70,300,42,13,15,210,29*7F
$GPGSV,3,2,10,15,55,080,40,18,20,330,31,24,35,170,36,25,60,020,41*7D
$GPGSV,3,3,10,29,05,260,,31,08,100,*79
$GPGLL,0120.67050,N,10349.11845,E,102240.00,A,A*6D
$GPRMC,102241.00,A,0120.67051,N,10349.11800,E,2.462,74.00,250926,,,A*50
$GPVTG,74.00,T,,M,2.462,N,4.560,K,A*0B
$GPGGA,102241.00,0120.67051,N,10349.11800,E,1,08,1.01,45.3,M,4.9,M,,*5E
$GPGSA,A,3,02,05,12,13,15,18,24,25,,,,,2.01,1.01,1.73*0E
$GPGSV,3,1,10,02,45,120,38,05,30,045,35,12,70,300,42,13,15,210,29*7F
$GPGSV,3,2,10,15,55,080,40,18,20,330,31,24,35,170,36,25,60,020,41*7D
$GPGSV,3,3,10,29,05,260,,31,08,100,*79
$GPGLL,0120.67051,N,10349.11800,E,102241.00,A,A*6C
$GPRMC,102242.00,A,0120.67087,N,10349.11903,E,2.472,88.16,250926,,,A*5F
$GPVTG,88.16,T,,M,2.472,N,4.579,K,A*06
$GPGGA,102242.00,0120.67087,N,10349.11903,E,1,08,1.01,45.3,M,4.9,M,,*54
$GPGSA,A,3,02,05,12,13,15,18,24,25,,,,,2.01,1.01,1.73*0E
$GPGSV,3,1,10,02,45,120,38,05,30,045,35,12,70,300,42,13,15,210,29*7F
$GPGSV,3,2,10,15,55,080,40,18,20,330,31,24,35,170,36,25,60,020,41*7D
$GPGSV,3,3,10,29,05,260,,31,08,100,*79
$GPGLL,0120.67087,N,10349.11903,E,102242.00,A,A*66
$GPRMC,102243.00,A,0120.67065,N,10349.12008,E,2.376,86.32,250926,,,A*58
$GPVTG,86.32,T,,M,2.376,N,4.399,K,A*05
$GPGGA,102243.00,0120.67065,N,10349.12008,E,1,08,1.01,45.3,M,4.9,M,,*58
$GPGSA,A,3,02,05,12,13,15,18,24,25,,,,,2.01,1.01,1.73*0E
$GPGSV,3,1,10,02,45,120,38,05,30,045,35,12,70,300,42,13,15,210,29*7F
$GPGSV,3,2,10,15,55,080,40,18,20,330,31,24,35,170,36,25,60,020,41*7D
$GPGSV,3,3,10,29,05,260,,31,08,100,*79
$GPGLL,0120.67065,N,10349.12008,E,102243.00,A,A*6A
$GPRMC,102244.00,A,0120.67034,N,10349.12077,E,2.482,83.51,250926,,,A*5F
$GPVTG,83.51,T,,M,2.482,N,4.597,K,A*01
$GPGGA,102244.00,0120.67034,N,10349.12077,E,1,08,1.01,45.3,M,4.9,M,,*53
$GPGSA,A,3,02,05,12,13,15,18,24,25,,,,,2.01,1.01,1.73*0E
$GPGSV,3,1,10,02,45,120,38,05,30,045,35,12,70,300,42,13,15,210,29*7F
$GPGSV,3,2,10,15,55,080,40,18,20,330,31,24,35,170,36,25,60,020,41*7D
$GPGSV,3,3,10,29,05,260,,31,08,100,*79
$GPGLL,0120.67034,N,10349.12077,E,102244.00,A,A*61
$GPRMC,102245.00,A,0120.67085,N,10349.12125,E,2.536,83.42,250926,,,A*5E
$GPVTG,83.42,T,,M,2.536,N,4.696,K,A*0F
$GPGGA,102245.00,0120.67085,N,10349.12125,E,1,08,1.01,45.3,M,4.9,M,,*5E
$GPGSA,A,3,02,05,12,13,15,18,24,25,,,,,2.01,1.01,1.73*0E
$GPGSV,3,1,10,02,45,120,38,05,30,045,35,12,70,300,42,13,15,210,29*7F
$GPGSV,3,2,10,15,55,080,40,18,20,330,31,24,35,170,36,25,60,020,41*7D
$GPGSV,3,3,10,29,05,260,,31,08,100,*79
$GPGLL,0120.67085,N,10349.12125,E,102245.00,A,A*6C
$GPRMC,102246.00,A,0120.67093,N,10349.12196,E,2.467,83.36,250926,,,A*54
$GPVTG,83.36,T,,M,2.467,N,4.569,K,A*0A
$GPGGA,102246.00,0120.67093,N,10349.12196,E,1,08,1.01,45.3,M,4.9,M,,*52
$GPGSA,A,3,02,05,12,13,15,18,24,25,,,,,2.01,1.01,1.73*0E
$GPGSV,3,1,10,02,45,120,38,05,30,045,35,12,70,300,42,13,15,210,29*7F
$GPGSV,3,2,10,15,55,080,40,18,20,330,31,24,35,170,36,25,60,020,41*7D
$GPGSV,3,3,10,29,05,260,,31,08,100,*79
$GPGLL,0120.67093,N,10349.12196,E,102246.00,A,A*60
$GPRMC,102247.00,A,0120.67097,N,10349.12251,E,2.779,80.03,250926,,,A*50
$GPVTG,80.03,T,,M,2.779,N,5.147,K,A*0A
$GPGGA,102247.00,0120.67097,N,10349.12251,E,1,08,1.01,45.3,M,4.9,M,,*5F
$GPGSA,A,3,02,05,12,13,15,18,24,25,,,,,2.01,1.01,1.73*0E
$GPGSV,3,1,10,02,45,120,38,05,30,045,35,12,70,300,42,13,15,210,29*7F
$GPGSV,3,2,10,15,55,080,40,18,20,330,31,24,35,170,36,25,60,020,41*7D
$GPGSV,3,3,10,29,05,260,,31,08,100,*79
$GPGLL,0120.67097,N,10349.12251,E,102247.00,A,A*6D
$GPRMC,102248.00,A,0120.67175,N,10349.12304,E,2.636,80.60,250926,,,A*5C
$GPVTG,80.60,T,,M,2.636,N,4.883,K,A*05
$GPGGA,102248.00,0120.67175,N,10349.12304,E,1,08,1.01,45.3,M,4.9,M,,*5C
$GPGSA,A,3,02,05,12,13,15,18,24,25,,,,,2.01,1.01,1.73*0E
$GPGSV,3,1,10,02,45,120,38,05,30,045,35,12,70,300,42,13,15,210,29*7F
$GPGSV,3,2,10,15,55,080,40,18,20,330,31,24,35,170,36,25,60,020,41*7D
$GPGSV,3,3,10,29,05,260,,31,08,100,*79
$GPGLL,0120.67175,N,10349.12304,E,102248.00,A,A*6E
$GPRMC,102249.00,A,0120.67188,N,10349.12369,E,2.507,83.53,250926,,,A*56
$GPVTG,83.53,T,,M,2.507,N,4.643,K,A*05
$GPGGA,102249.00,0120.67188,N,10349.12369,E,1,08,1.01,45.3,M,4.9,M,,*54
$GPGSA,A,3,02,05,12,13,15,18,24,25,,,,,2.01,1.01,1.73*0E
$GPGSV,3,1,10,02,45,120,38,05,30,045,35,12,70,300,42,13,15,210,29*7F
$GPGSV,3,2,10,15,55,080,40,18,20,330,31,24,35,170,36,25,60,020,41*7D
$GPGSV,3,3,10,29,05,260,,31,08,100,*79
$GPGLL,0120.67188,N,10349.12369,E,102249.00,A,A*66
$GPRMC,102250.00,A,0120.67103,N,10349.12450,E,2.704,74.27,250926,,,A*5A
$GPVTG,74.27,T,,M,2.704,N,5.008,K,A*07
$GPGGA,102250.00,0120.67103,N,10349.12450,E,1,08,1.01,45.3,M,4.9,M,,*52
$GPGSA,A,3,02,05,12,13,15,18,24,25,,,,,2.01,1.01,1.73*0E
$GPGSV,3,1,10,02,45,120,38,05,30,045,35,12,70,300,42,13,15,210,29*7F
$GPGSV,3,2,10,15,55,080,40,18,20,330,31,24,35,170,36,25,60,020,41*7D
$GPGSV,3,3,10,29,05,260,,31,08,100,*79
$GPGLL,0120.67103,N,10349.12450,E,102250.00,A,A*60
$GPRMC,102251.00,A,0120.67201,N,10349.12544,E,2.773,85.64,250926,,,A*57
$GPVTG,85.64,T,,M,2.773,N,5.136,K,A*02
$GPGGA,102251.00,0120.67201,N,10349.12544,E,1,08,1.01,45.3,M,4.9,M,,*56
$GPGSA,A,3,02,05,12,13,15,18,24,25,,,,,2.01,1.01,1.73*0E
$GPGSV,3,1,10,02,45,120,38,05,30,045,35,12,70,300,42,13,15,210,29*7F
$GPGSV,3,2,10,15,55,080,40,18,20,330,31,24,35,170,36,25,60,020,41*7D
$GPGSV,3,3,10,29,05,260,,31,08,100,*79
$GPGLL,0120.67201,N,10349.12544,E,102251.00,A,A*64
$GPRMC,102252.00,A,0120.67270,N,10349.12635,E,2.121,74.63,250926,,,A*5F
$GPVTG,74.63,T,,M,2.121,N,3.928,K,A*0B
$GPGGA,102252.00,0120.67270,N,10349.12635,E,1,08,1.01,45.3,M,4.9,M,,*56
$GPGSA,A,3,02,05,12,13,15,18,24,25,,,,,2.01,1.01,1.73*0E
$GPGSV,3,1,10,02,45,120,38,05,30,045,35,12,70,300,42,13,15,210,29*7F
$GPGSV,3,2,10,15,55,080,40,18,20,330,31,24,35,170,36,25,60,020,41*7D
$GPGSV,3,3,10,29,05,260,,31,08,100,*79
$GPGLL,0120.67270,N,10349.12635,E,102252.00,A,A*64
$GPRMC,102253.00,A,0120.67172,N,10349.12684,E,2.315,80.16,250926,,,A*59
$GPVTG,80.16,T,,M,2.315,N,4.287,K,A*0E
$GPGGA,102253.00,0120.67172,N,10349.12684,E,1,08,1.01,45.3,M,4.9,M,,*5C
$GPGSA,A,3,02,05,12,13,15,18,24,25,,,,,2.01,1.01,1.73*0E
$GPGSV,3,1,10,02,45,120,38,05,30,045,35,12,70,300,42,13,15,210,29*7F
$GPGSV,3,2,10,15,55,080,40,18,20,330,31,24,35,170,36,25,60,020,41*7D
$GPGSV,3,3,10,29,05,260,,31,08,100,*79
$GPGLL,0120.67172,N,10349.12684,E,102253.00,A,A*6E
$GPRMC,102254.00,A,0120.67283,N,10349.12699,E,2.612,67.23,250926,,,A*52
$GPVTG,67.23,T,,M,2.612,N,4.838,K,A*0D
$GPGGA,102254.00,0120.67283,N,10349.12699,E,1,08,1.01,45.3,M,4.9,M,,*5A
$GPGSA,A,3,02,05,12,13,15,18,24,25,,,,,2.01,1.01,1.73*0E
$GPGSV,3,1,10,02,45,120,38,05,30,045,35,12,70,300,42,13,15,210,29*7F
$GPGSV,3,2,10,15,55,080,40,18,20,330,31,24,35,170,36,25,60,020,41*7D
$GPGSV,3,3,10,29,05,260,,31,08,100,*79
$GPGLL,0120.67283,N,10349.12699,E,102254.00,A,A*68
$GPRMC,102255.00,A,0120.67209,N,10349.12688,E,2.282,80.33,250926,,,A*54
$GPVTG,80.33,T,,M,2.282,N,4.226,K,A*0D
$GPGGA,102255.00,0120.67209,N,10349.12688,E,1,08,1.01,45.3,M,4.9,M,,*59
$GPGSA,A,3,02,05,12,13,15,18,24,25,,,,,2.01,1.01,1.73*0E
$GPGSV,3,1,10,02,45,120,38,05,30,045,35,12,70,300,42,13,15,210,29*7F
$GPGSV,3,2,10,15,55,080,40,18,20,330,31,24,35,170,36,25,60,020,41*7D
$GPGSV,3,3,10,29,05,260,,31,08,100,*79
$GPGLL,0120.67209,N,10349.12688,E,102255.00,A,A*6B
$GPRMC,102256.00,A,0120.67229,N,10349.12874,E,2.516,82.20,250926,,,A*52
$GPVTG,82.20,T,,M,2.516,N,4.660,K,A*01
$GPGGA,102256.00,0120.67229,N,10349.12874,E,1,08,1.01,45.3,M,4.9,M,,*55
$GPGSA,A,3,02,05,12,13,15,18,24,25,,,,,2.01,1.01,1.73*0E
$GPGSV,3,1,10,02,45,120,38,05,30,045,35,12,70,300,42,13,15,210,29*7F
$GPGSV,3,2,10,15,55,080,40,18,20,330,31,24,35,170,36,25,60,020,41*7D
$GPGSV,3,3,10,29,05,260,,31,08,100,*79
$GPGLL,0120.67229,N,10349.12874,E,102256.00,A,A*67
$GPRMC,102257.00,A,0120.67198,N,10349.12930,E,2.315,85.16,250926,,,A*5C
$GPVTG,85.16,T,,M,2.315,N,4.288,K,A*04
$GPGGA,102257.00,0120.67198,N,10349.12930,E,1,08,1.01,45.3,M,4.9,M,,*5C
$GPGSA,A,3,02,05,12,13,15,18,24,25,,,,,2.01,1.01,1.73*0E
$GPGSV,3,1,10,02,45,120,38,05,30,045,35,12,70,300,42,13,15,210,29*7F
$GPGSV,3,2,10,15,55,080,40,18,20,330,31,24,35,170,36,25,60,020,41*7D
$GPGSV,3,3,10,29,05,260,,31,08,100,*79
$GPGLL,0120.67198,N,10349.12930,E,102257.00,A,A*6E
$GPRMC,102258.00,A,0120.67150,N,10349.13090,E,2.558,73.92,250926,,,A*5F
$GPVTG,73.92,T,,M,2.558,N,4.737,K,A*0F
$GPGGA,102258.00,0120.67150,N,10349.13090,E,1,08,1.01,45.3,M,4.9,M,,*55
$GPGSA,A,3,02,05,12,13,15,18,24,25,,,,,2.01,1.01,1.73*0E
$GPGSV,3,1,10,02,45,120,38,05,30,045,35,12,70,300,42,13,15,210,29*7F
$GPGSV,3,2,10,15,55,080,40,18,20,330,31,24,35,170,36,25,60,020,41*7D
$GPGSV,3,3,10,29,05,260,,31,08,100,*79
$GPGLL,0120.67150,N,10349.13090,E,102258.00,A,A*67
$GPRMC,102259.00,A,0120.67288,N,10349.13136,E,2.313,83.88,250926,,,A*58
$GPVTG,83.88,T,,M,2.313,N,4.283,K,A*08
$GPGGA,102259.00,0120.67288,N,10349.13136,E,1,08,1.01,45.3,M,4.9,M,,*5F
$GPGSA,A,3,02,05,12,13,15,18,24,25,,,,,2.01,1.01,1.73*0E
$GPGSV,3,1,10,02,45,120,38,05,30,045,35,12,70,300,42,13,15,210,29*7F
$GPGSV,3,2,10,15,55,080,40,18,20,330,31,24,35,170,36,25,60,020,41*7D
$GPGSV,3,3,10,29,05,260,,31,08,100,*79
$GPGLL,0120.67288,N,10349.13136,E,102259.00,A,A*6D
$GPRMC,102300.00,A,0120.67243,N,10349.13225,E,2.432,87.59,250926,,,A*5F
$GPVTG,87.59,T,,M,2.432,N,4.504,K,A*0C
$GPGGA,102300.00,0120.67243,N,10349.13225,E,1,08,1.01,45.3,M,4.9,M,,*54
$GPGSA,A,3,02,05,12,13,15,18,24,25,,,,,2.01,1.01,1.73*0E
$GPGSV,3,1,10,02,45,120,38,05,30,045,35,12,70,300,42,13,15,210,29*7F
$GPGSV,3,2,10,15,55,080,40,18,20,330,31,24,35,170,36,25,60,020,41*7D
$GPGSV,3,3,10,29,05,260,,31,08,100,*79
$GPGLL,0120.67243,N,10349.13225,E,102300.00,A,A*66
$GPRMC,102301.00,A,0120.67252,N,10349.13289,E,2.133,77.55,250926,,,A*5F
$GPVTG,77.55,T,,M,2.133,N,3.949,K,A*09
$GPGGA,102301.00,0120.67252,N,10349.13289,E,1,08,1.01,45.3,M,4.9,M,,*53
$GPGSA,A,3,02,05,12,13,15,18,24,25,,,,,2.01,1.01,1.73*0E
$GPGSV,3,1,10,02,45,120,38,05,30,045,35,12,70,300,42,13,15,210,29*7F
$GPGSV,3,2,10,15,55,080,40,18,20,330,31,24,35,170,36,25,60,020,41*7D
$GPGSV,3,3,10,29,05,260,,31,08,100,*79
$GPGLL,0120.67252,N,10349.13289,E,102301.00,A,A*61
$GPRMC,102302.00,A,0120.67341,N,10349.13348,E,2.438,74.67,250926,,,A*5F
$GPVTG,74.67,T,,M,2.438,N,4.516,K,A*04
$GPGGA,102302.00,0120.67341,N,10349.13348,E,1,08,1.01,45.3,M,4.9,M,,*5F
$GPGSA,A,3,02,05,12,13,15,18,24,25,,,,,2.01,1.01,1.73*0E
$GPGSV,3,1,10,02,45,120,38,05,30,045,35,12,70,300,42,13,15,210,29*7F
$GPGSV,3,2,10,15,55,080,40,18,20,330,31,24,35,170,36,25,60,020,41*7D
$GPGSV,3,3,10,29,05,260,,31,08,100,*79
$GPGLL,0120.67341,N,10349.13348,E,102302.00,A,A*6D
$GPRMC,102303.00,A,0120.67330,N,10349.13350,E,2.301,78.15,250926,,,A*55
$GPVTG,78.15,T,,M,2.301,N,4.261,K,A*07
$GPGGA,102303.00,0120.67330,N,10349.13350,E,1,08,1.01,45.3,M,4.9,M,,*51
$GPGSA,A,3,02,05,12,13,15,18,24,25,,,,,2.01,1.01,1.73*0E
$GPGSV,3,1,10,02,45,120,38,05,30,045,35,12,70,300,42,13,15,210,29*7F
$GPGSV,3,2,10,15,55,080,40,18,20,330,31,24,35,170,36,25,60,020,41*7D
$GPGSV,3,3,10,29,05,260,,31,08,100,*79
$GPGLL,0120.67330,N,10349.13350,E,102303.00,A,A*63
$GPRMC,102304.00,A,0120.67291,N,10349.13567,E,2.517,80.46,250926,,,A*5A
$GPVTG,80.46,T,,M,2.517,N,4.661,K,A*03
$GPGGA,102304.00,0120.67291,N,10349.13567,E,1,08,1.01,45.3,M,4.9,M,,*5E
$GPGSA,A,3,02,05,12,13,15,18,24,25,,,,,2.01,1.01,1.73*0E
$GPGSV,3,1,10,02,45,120,38,05,30,045,35,12,70,300,42,13,15,210,29*7F
$GPGSV,3,2,10,15,55,080,40,18,20,330,31,24,35,170,36,25,60,020,41*7D
$GPGSV,3,3,10,29,05,260,,31,08,100,*79
$GPGLL,0120.67291,N,10349.13567,E,102304.00,A,A*6C
$GPRMC,102305.00,A,0120.67319,N,10349.13572,E,2.653,81.54,250926,,,A*5F
$GPVTG,81.54,T,,M,2.653,N,4.914,K,A*0F
$GPGGA,102305.00,0120.67319,N,10349.13572,E,1,08,1.01,45.3,M,4.9,M,,*5A
$GPGSA,A,3,02,05,12,13,15,18,24,25,,,,,2.01,1.01,1.73*0E
$GPGSV,3,1,10,02,45,120,38,05,30,045,35,12,70,300,42,13,15,210,29*7F
$GPGSV,3,2,10,15,55,080,40,18,20,330,31,24,35,170,36,25,60,020,41*7D
$GPGSV,3,3,10,29,05,260,,31,08,100,*79
$GPGLL,0120.67319,N,10349.13572,E,102305.00,A,A*68
$GPRMC,102306.00,A,0120.67374,N,10349.13640,E,2.293,79.36,250926,,,A*5E
$GPVTG,79.36,T,,M,2.293,N,4.246,K,A*08
$GPGGA,102306.00,0120.67374,N,10349.13640,E,1,08,1.01,45.3,M,4.9,M,,*50
$GPGSA,A,3,02,05,12,13,15,18,24,25,,,,,2.01,1.01,1.73*0E
$GPGSV,3,1,10,02,45,120,38,05,30,045,35,12,70,300,42,13,15,210,29*7F
$GPGSV,3,2,10,15,55,080,40,18,20,330,31,24,35,170,36,25,60,020,41*7D
$GPGSV,3,3,10,29,05,260,,31,08,100,*79
$GPGLL,0120.67374,N,10349.13640,E,102306.00,A,A*62
$GPRMC,102307.00,A,0120.67417,N,10349.13692,E,2.591,80.02,250926,,,A*56
$GPVTG,80.02,T,,M,2.591,N,4.798,K,A*0A
$GPGGA,102307.00,0120.67417,N,10349.13692,E,1,08,1.01,45.3,M,4.9,M,,*5C
$GPGSA,A,3,02,05,12,13,15,18,24,25,,,,,2.01,1.01,1.73*0E
$GPGSV,3,1,10,02,45,120,38,05,30,045,35,12,70,300,42,13,15,210,29*7F
$GPGSV,3,2,10,15,55,080,40,18,20,330,31,24,35,170,36,25,60,020,41*7D
$GPGSV,3,3,10,29,05,260,,31,08,100,*79
$GPGLL,0120.67417,N,10349.13692,E,102307.00,A,A*6E
$GPRMC,102308.00,A,0120.67343,N,10349.13809,E,2.437,87.16,250926,,,A*5C
$GPVTG,87.16,T,,M,2.437,N,4.513,K,A*04
$GPGGA,102308.00,0120.67343,N,10349.13809,E,1,08,1.01,45.3,M,4.9,M,,*59
$GPGSA,A,3,02,05,12,13,15,18,24,25,,,,,2.01,1.01,1.73*0E
$GPGSV,3,1,10,02,45,120,38,05,30,045,35,12,70,300,42,13,15,210,29*7F
$GPGSV,3,2,10,15,55,080,40,18,20,330,31,24,35,170,36,25,60,020,41*7D
$GPGSV,3,3,10,29,05,260,,31,08,100,*79
$GPGLL,0120.67343,N,10349.13809,E,102308.00,A,A*6B
$GPRMC,102309.00,A,0120.67399,N,10349.13897,E,2.777,80.20,250926,,,A*58
$GPVTG,80.20,T,,M,2.777,N,5.143,K,A*01
$GPGGA,102309.00,0120.67399,N,10349.13897,E,1,08,1.01,45.3,M,4.9,M,,*58
$GPGSA,A,3,02,05,12,13,15,18,24,25,,,,,2.01,1.01,1.73*0E
$GPGSV,3,1,10,02,45,120,38,05,30,045,35,12,70,300,42,13,15,210,29*7F
$GPGSV,3,2,10,15,55,080,40,18,20,330,31,24,35,170,36,25,60,020,41*7D
$GPGSV,3,3,10,29,05,260,,31,08,100,*79
$GPGLL,0120.67399,N,10349.13897,E,102309.00,A,A*6A
$GPRMC,102310.00,A,0120.67409,N,10349.13908,E,2.466,77.48,250926,,,A*5C
$GPVTG,77.48,T,,M,2.466,N,4.566,K,A*06
$GPGGA,102310.00,0120.67409,N,10349.13908,E,1,08,1.01,45.3,M,4.9,M,,*59
$GPGSA,A,3,02,05,12,13,15,18,24,25,,,,,2.01,1.01,1.73*0E
$GPGSV,3,1,10,02,45,120,38,05,30,045,35,12,70,300,42,13,15,210,29*7F
$GPGSV,3,2,10,15,55,080,40,18,20,330,31,24,35,170,36,25,60,020,41*7D
$GPGSV,3,3,10,29,05,260,,31,08,100,*79
$GPGLL,0120.67409,N,10349.13908,E,102310.00,A,A*6B
$GPRMC,102311.00,A,0120.67440,N,10349.13981,E,2.656,83.59,250926,,,A*5B
$GPVTG,83.59,T,,M,2.656,N,4.918,K,A*09
$GPGGA,102311.00,0120.67440,N,10349.13981,E,1,08,1.01,45.3,M,4.9,M,,*54
$GPGSA,A,3,02,05,12,13,15,18,24,25,,,,,2.01,1.01,1.73*0E
$GPGSV,3,1,10,02,45,120,38,05,30,045,35,12,70,300,42,13,15,210,29*7F
$GPGSV,3,2,10,15,55,080,40,18,20,330,31,24,35,170,36,25,60,020,41*7D
$GPGSV,3,3,10,29,05,260,,31,08,100,*79
$GPGLL,0120.67440,N,10349.13981,E,102311.00,A,A*66
$GPRMC,102312.00,A,0120.67400,N,10349.13971,E,2.721,78.96,250926,,,A*55
$GPVTG,78.96,T,,M,2.721,N,5.040,K,A*0A
$GPGGA,102312.00,0120.67400,N,10349.13971,E,1,08,1.01,45.3,M,4.9,M,,*5C
$GPGSA,A,3,02,05,12,13,15,18,24,25,,,,,2.01,1.01,1.73*0E
$GPGSV,3,1,10,02,45,120,38,05,30,045,35,12,70,300,42,13,15,210,29*7F
$GPGSV,3,2,10,15,55,080,40,18,20,330,31,24,35,170,36,25,60,020,41*7D
$GPGSV,3,3,10,29,05,260,,31,08,100,*79
$GPGLL,0120.67400,N,10349.13971,E,102312.00,A,A*6E
$GPRMC,102313.00,A,0120.67500,N,10349.14184,E,2.425,80.52,250926,,,A*58
$GPVTG,80.52,T,,M,2.425,N,4.490,K,A*0A
$GPGGA,102313.00,0120.67500,N,10349.14184,E,1,08,1.01,45.3,M,4.9,M,,*59
$GPGSA,A,3,02,05,12,13,15,18,24,25,,,,,2.01,1.01,1.73*0E
$GPGSV,3,1,10,02,45,120,38,05,30,045,35,12,70,300,42,13,15,210,29*7F
$GPGSV,3,2,10,15,55,080,40,18,20,330,31,24,35,170,36,25,60,020,41*7D
$GPGSV,3,3,10,29,05,260,,31,08,100,*79
$GPGLL,0120.67500,N,10349.14184,E,102313.00,A,A*6B
$GPRMC,102314.00,A,0120.67460,N,10349.14214,E,2.531,86.08,250926,,,A*5F
$GPVTG,86.08,T,,M,2.531,N,4.688,K,A*0C
$GPGGA,102314.00,0120.67460,N,10349.14214,E,1,08,1.01,45.3,M,4.9,M,,*53
$GPGSA,A,3,02,05,12,13,15,18,24,25,,,,,2.01,1.01,1.73*0E
$GPGSV,3,1,10,02,45,120,38,05,30,045,35,12,70,300,42,13,15,210,29*7F
$GPGSV,3,2,10,15,55,080,40,18,20,330,31,24,35,170,36,25,60,020,41*7D
$GPGSV,3,3,10,29,05,260,,31,08,100,*79
$GPGLL,0120.67460,N,10349.14214,E,102314.00,A,A*61
$GPRMC,102315.00,A,0120.67553,N,10349.14299,E,2.497,82.74,250926,,,A*58
$GPVTG,82.74,T,,M,2.497,N,4.625,K,A*09
$GPGGA,102315.00,0120.67553,N,10349.14299,E,1,08,1.01,45.3,M,4.9,M,,*56
$GPGSA,A,3,02,05,12,13,15,18,24,25,,,,,2.01,1.01,1.73*0E
$GPGSV,3,1,10,02,45,120,38,05,30,045,35,12,70,300,42,13,15,210,29*7F
$GPGSV,3,2,10,15,55,080,40,18,20,330,31,24,35,170,36,25,60,020,41*7D
$GPGSV,3,3,10,29,05,260,,31,08,100,*79
$GPGLL,0120.67553,N,10349.14299,E,102315.00,A,A*64
$GPRMC,102316.00,A,0120.67519,N,10349.14341,E,2.405,77.03,250926,,,A*50
$GPVTG,77.03,T,,M,2.405,N,4.455,K,A*0D
$GPGGA,102316.00,0120.67519,N,10349.14341,E,1,08,1.01,45.3,M,4.9,M,,*5F
$GPGSA,A,3,02,05,12,13,15,18,24,25,,,,,2.01,1.01,1.73*0E
$GPGSV,3,1,10,02,45,120,38,05,30,045,35,12,70,300,42,13,15,210,29*7F
$GPGSV,3,2,10,15,55,080,40,18,20,330,31,24,35,170,36,25,60,020,41*7D
$GPGSV,3,3,10,29,05,260,,31,08,100,*79
$GPGLL,0120.67519,N,10349.14341,E,102316.00,A,A*6D
$GPRMC,102317.00,A,0120.67586,N,10349.14391,E,2.295,82.46,250926,,,A*5E
$GPVTG,82.46,T,,M,2.295,N,4.250,K,A*0A
$GPGGA,102317.00,0120.67586,N,10349.14391,E,1,08,1.01,45.3,M,4.9,M,,*55
$GPGSA,A,3,02,05,12,13,15,18,24,25,,,,,2.01,1.01,1.73*0E
$GPGSV,3,1,10,02,45,120,38,05,30,045,35,12,70,300,42,13,15,210,29*7F
$GPGSV,3,2,10,15,55,080,40,18,20,330,31,24,35,170,36,25,60,020,41*7D
$GPGSV,3,3,10,29,05,260,,31,08,100,*79
$GPGLL,0120.67586,N,10349.14391,E,102317.00,A,A*67
$GPRMC,102318.00,A,0120.67604,N,10349.14443,E,2.700,72.60,250926,,,A*52
$GPVTG,72.60,T,,M,2.700,N,5.001,K,A*0F
$GPGGA,102318.00,0120.67604,N,10349.14443,E,1,08,1.01,45.3,M,4.9,M,,*5B
$GPGSA,A,3,02,05,12,13,15,18,24,25,,,,,2.01,1.01,1.73*0E
$GPGSV,3,1,10,02,45,120,38,05,30,045,35,12,70,300,42,13,15,210,29*7F
$GPGSV,3,2,10,15,55,080,40,18,20,330,31,24,35,170,36,25,60,020,41*7D
$GPGSV,3,3,10,29,05,260,,31,08,100,*79
$GPGLL,0120.67604,N,10349.14443,E,102318.00,A,A*69
$GPRMC,102319.00,A,0120.67609,N,10349.14441,E,2.431,79.29,250926,,,A*5B
$GPVTG,79.29,T,,M,2.431,N,4.502,K,A*0F
$GPGGA,102319.00,0120.67609,N,10349.14441,E,1,08,1.01,45.3,M,4.9,M,,*55
$GPGSA,A,3,02,05,12,13,15,18,24,25,,,,,2.01,1.01,1.73*0E
$GPGSV,3,1,10,02,45,120,38,05,30,045,35,12,70,300,42,13,15,210,29*7F
$GPGSV,3,2,10,15,55,080,40,18,20,330,31,24,35,170,36,25,60,020,41*7D
$GPGSV,3,3,10,29,05,260,,31,08,100,*79
$GPGLL,0120.67609,N,10349.14441,E,102319.00,A,A*67
$GPRMC,102320.00,A,0120.67597,N,10349.14615,E,2.350,83.54,250926,,,A*59
$GPVTG,83.54,T,,M,2.350,N,4.352,K,A*03
$GPGGA,102320.00,0120.67597,N,10349.14615,E,1,08,1.01,45.3,M,4.9,M,,*58
$GPGSA,A,3,02,05,12,13,15,18,24,25,,,,,2.01,1.01,1.73*0E
$GPGSV,3,1,10,02,45,120,38,05,30,045,35,12,70,300,42,13,15,210,29*7F
$GPGSV,3,2,10,15,55,080,40,18,20,330,31,24,35,170,36,25,60,020,41*7D
$GPGSV,3,3,10,29,05,260,,31,08,100,*79
$GPGLL,0120.67597,N,10349.14615,E,102320.00,A,A*6A
$GPRMC,102321.00,A,0120.67584,N,10349.14627,E,2.556,80.16,250926,,,A*5E
$GPVTG,80.16,T,,M,2.556,N,4.733,K,A*05
$GPGGA,102321.00,0120.67584,N,10349.14627,E,1,08,1.01,45.3,M,4.9,M,,*5A
$GPGSA,A,3,02,05,12,13,15,18,24,25,,,,,2.01,1.01,1.73*0E
$GPGSV,3,1,10,02,45,120,38,05,30,045,35,12,70,300,42,13,15,210,29*7F
$GPGSV,3,2,10,15,55,080,40,18,20,330,31,24,35,170,36,25,60,020,41*7D
$GPGSV,3,3,10,29,05,260,,31,08,100,*79
$GPGLL,0120.67584,N,10349.14627,E,102321.00,A,A*68
$GPRMC,102322.00,A,0120.67583,N,10349.14792,E,2.698,84.51,250926,,,A*53
$GPVTG,84.51,T,,M,2.698,N,4.997,K,A*03
$GPGGA,102322.00,0120.67583,N,10349.14792,E,1,08,1.01,45.3,M,4.9,M,,*51
$GPGSA,A,3,02,05,12,13,15,18,24,25,,,,,2.01,1.01,1.73*0E
$GPGSV,3,1,10,02,45,120,38,05,30,045,35,12,70,300,42,13,15,210,29*7F
$GPGSV,3,2,10,15,55,080,40,18,20,330,31,24,35,170,36,25,60,020,41*7D
$GPGSV,3,3,10,29,05,260,,31,08,100,*79
$GPGLL,0120.67583,N,10349.14792,E,102322.00,A,A*63
$GPRMC,102323.00,A,0120.67582,N,10349.14728,E,2.366,74.94,250926,,,A*50
$GPVTG,74.94,T,,M,2.366,N,4.383,K,A*0E
$GPGGA,102323.00,0120.67582,N,10349.14728,E,1,08,1.01,45.3,M,4.9,M,,*50
$GPGSA,A,3,02,05,12,13,15,18,24,25,,,,,2.01,1.01,1.73*0E
$GPGSV,3,1,10,02,45,120,38,05,30,045,35,12,70,300,42,13,15,210,29*7F
$GPGSV,3,2,10,15,55,080,40,18,20,330,31,24,35,170,36,25,60,020,41*7D
$GPGSV,3,3,10,29,05,260,,31,08,100,*79
$GPGLL,0120.67582,N,10349.14728,E,102323.00,A,A*62
$GPRMC,102324.00,A,0120.67539,N,10349.14946,E,2.470,80.49,250926,,,A*5A
$GPVTG,80.49,T,,M,2.470,N,4.575,K,A*0A
$GPGGA,102324.00,0120.67539,N,10349.14946,E,1,08,1.01,45.3,M,4.9,M,,*51
$GPGSA,A,3,02,05,12,13,15,18,24,25,,,,,2.01,1.01,1.73*0E
$GPGSV,3,1,10,02,45,120,38,05,30,045,35,12,70,300,42,13,15,210,29*7F
$GPGSV,3,2,10,15,55,080,40,18,20,330,31,24,35,170,36,25,60,020,41*7D
$GPGSV,3,3,10,29,05,260,,31,08,100,*79
$GPGLL,0120.67539,N,10349.14946,E,102324.00,A,A*63
$GPRMC,102325.00,A,0120.67576,N,10349.14963,E,2.428,84.04,250926,,,A*57
$GPVTG,84.04,T,,M,2.428,N,4.496,K,A*06
$GPGGA,102325.00,0120.67576,N,10349.14963,E,1,08,1.01,45.3,M,4.9,M,,*5C
$GPGSA,A,3,02,05,12,13,15,18,24,25,,,,,2.01,1.01,1.73*0E
$GPGSV,3,1,10,02,45,120,38,05,30,045,35,12,70,300,42,13,15,210,29*7F
$GPGSV,3,2,10,15,55,080,40,18,20,330,31,24,35,170,36,25,60,020,41*7D
$GPGSV,3,3,10,29,05,260,,31,08,100,*79
$GPGLL,0120.67576,N,10349.14963,E,102325.00,A,A*6E
$GPRMC,102326.00,A,0120.67616,N,10349.15106,E,2.375,76.39,250926,,,A*57
$GPVTG,76.39,T,,M,2.375,N,4.398,K,A*03
$GPGGA,102326.00,0120.67616,N,10349.15106,E,1,08,1.01,45.3,M,4.9,M,,*50
$GPGSA,A,3,02,05,12,13,15,18,24,25,,,,,2.01,1.01,1.73*0E
$GPGSV,3,1,10,02,45,120,38,05,30,045,35,12,70,300,42,13,15,210,29*7F
$GPGSV,3,2,10,15,55,080,40,18,20,330,31,24,35,170,36,25,60,020,41*7D
$GPGSV,3,3,10,29,05,260,,31,08,100,*79
$GPGLL,0120.67616,N,10349.15106,E,102326.00,A,A*62
$GPRMC,102327.00,A,0120.67608,N,10349.15169,E,2.219,81.72,250926,,,A*5C
$GPVTG,81.72,T,,M,2.219,N,4.110,K,A*0D
$GPGGA,102327.00,0120.67608,N,10349.15169,E,1,08,1.01,45.3,M,4.9,M,,*57
$GPGSA,A,3,02,05,12,13,15,18,24,25,,,,,2.01,1.01,1.73*0E
$GPGSV,3,1,10,02,45,120,38,05,30,045,35,12,70,300,42,13,15,210,29*7F
$GPGSV,3,2,10,15,55,080,40,18,20,330,31,24,35,170,36,25,60,020,41*7D
$GPGSV,3,3,10,29,05,260,,31,08,100,*79
$GPGLL,0120.67608,N,10349.15169,E,102327.00,A,A*65
$GPRMC,102328.00,A,0120.67568,N,10349.15162,E,2.713,85.82,250926,,,A*59
$GPVTG,85.82,T,,M,2.713,N,5.025,K,A*0F
$GPGGA,102328.00,0120.67568,N,10349.15162,E,1,08,1.01,45.3,M,4.9,M,,*56
$GPGSA,A,3,02,05,12,13,15,18,24,25,,,,,2.01,1.01,1.73*0E
$GPGSV,3,1,10,02,45,120,38,05,30,045,35,12,70,300,42,13,15,210,29*7F
$GPGSV,3,2,10,15,55,080,40,18,20,330,31,24,35,170,36,25,60,020,41*7D
$GPGSV,3,3,10,29,05,260,,31,08,100,*79
$GPGLL,0120.67568,N,10349.15162,E,102328.00,A,A*64
$GPRMC,102329.00,A,0120.67535,N,10349.15248,E,2.664,76.82,250926,,,A*56
$GPVTG,76.82,T,,M,2.664,N,4.935,K,A*0B
$GPGGA,102329.00,0120.67535,N,10349.15248,E,1,08,1.01,45.3,M,4.9,M,,*54
$GPGSA,A,3,02,05,12,13,15,18,24,25,,,,,2.01,1.01,1.73*0E
$GPGSV,3,1,10,02,45,120,38,05,30,045,35,12,70,300,42,13,15,210,29*7F
$GPGSV,3,2,10,15,55,080,40,18,20,330,31,24,35,170,36,25,60,020,41*7D
$GPGSV,3,3,10,29,05,260,,31,08,100,*79
$GPGLL,0120.67535,N,10349.15248,E,102329.00,A,A*66
$GPRMC,102330.00,A,0120.67553,N,10349.15340,E,2.627,74.55,250926,,,A*58
$GPVTG,74.55,T,,M,2.627,N,4.865,K,A*00
$GPGGA,102330.00,0120.67553,N,10349.15340,E,1,08,1.01,45.3,M,4.9,M,,*55
$GPGSA,A,3,02,05,12,13,15,18,24,25,,,,,2.01,1.01,1.73*0E
$GPGSV,3,1,10,02,45,120,38,05,30,045,35,12,70,300,42,13,15,210,29*7F
$GPGSV,3,2,10,15,55,080,40,18,20,330,31,24,35,170,36,25,60,020,41*7D
$GPGSV,3,3,10,29,05,260,,31,08,100,*79
$GPGLL,0120.67553,N,10349.15340,E,102330.00,A,A*67
$GPRMC,102331.00,A,0120.67622,N,10349.15407,E,2.563,81.79,250926,,,A*5F
$GPVTG,81.79,T,,M,2.563,N,4.747,K,A*08
$GPGGA,102331.00,0120.67622,N,10349.15407,E,1,08,1.01,45.3,M,4.9,M,,*55
$GPGSA,A,3,02,05,12,13,15,18,24,25,,,,,2.01,1.01,1.73*0E
$GPGSV,3,1,10,02,45,120,38,05,30,045,35,12,70,300,42,13,15,210,29*7F
$GPGSV,3,2,10,15,55,080,40,18,20,330,31,24,35,170,36,25,60,020,41*7D
$GPGSV,3,3,10,29,05,260,,31,08,100,*79
$GPGLL,0120.67622,N,10349.15407,E,102331.00,A,A*67
$GPRMC,102332.00,A,0120.67544,N,10349.15489,E,2.408,78.30,250926,,,A*5E
$GPVTG,78.30,T,,M,2.408,N,4.459,K,A*03
$GPGGA,102332.00,0120.67544,N,10349.15489,E,1,08,1.01,45.3,M,4.9,M,,*53
$GPGSA,A,3,02,05,12,13,15,18,24,25,,,,,2.01,1.01,1.73*0E
$GPGSV,3,1,10,02,45,120,38,05,30,045,35,12,70,300,42,13,15,210,29*7F
$GPGSV,3,2,10,15,55,080,40,18,20,330,31,24,35,170,36,25,60,020,41*7D
$GPGSV,3,3,10,29,05,260,,31,08,100,*79
$GPGLL,0120.67544,N,10349.15489,E,102332.00,A,A*61
$GPRMC,102333.00,A,0120.67619,N,10349.15534,E,2.512,80.86,250926,,,A*53
$GPVTG,80.86,T,,M,2.512,N,4.653,K,A*0B
$GPGGA,102333.00,0120.67619,N,10349.15534,E,1,08,1.01,45.3,M,4.9,M,,*5E
$GPGSA,A,3,02,05,12,13,15,18,24,25,,,,,2.01,1.01,1.73*0E
$GPGSV,3,1,10,02,45,120,38,05,30,045,35,12,70,300,42,13,15,210,29*7F
$GPGSV,3,2,10,15,55,080,40,18,20,330,31,24,35,170,36,25,60,020,41*7D
$GPGSV,3,3,10,29,05,260,,31,08,100,*79
$GPGLL,0120.67619,N,10349.15534,E,102333.00,A,A*6C
$GPRMC,102334.00,A,0120.67709,N,10349.15610,E,2.316,73.38,250926,,,A*5A
$GPVTG,73.38,T,,M,2.316,N,4.290,K,A*0B
$GPGGA,102334.00,0120.67709,N,10349.15610,E,1,08,1.01,45.3,M,4.9,M,,*5C
$GPGSA,A,3,02,05,12,13,15,18,24,25,,,,,2.01,1.01,1.73*0E
$GPGSV,3,1,10,02,45,120,38,05,30,045,35,12,70,300,42,13,15,210,29*7F
$GPGSV,3,2,10,15,55,080,40,18,20,330,31,24,35,170,36,25,60,020,41*7D
$GPGSV,3,3,10,29,05,260,,31,08,100,*79
$GPGLL,0120.67709,N,10349.15610,E,102334.00,A,A*6E
$GPRMC,102335.00,A,0120.67683,N,10349.15698,E,2.336,82.68,250926,,,A*51
$GPVTG,82.68,T,,M,2.336,N,4.326,K,A*0E
$GPGGA,102335.00,0120.67683,N,10349.15698,E,1,08,1.01,45.3,M,4.9,M,,*5E
$GPGSA,A,3,02,05,12,13,15,18,24,25,,,,,2.01,1.01,1.73*0E
$GPGSV,3,1,10,02,45,120,38,05,30,045,35,12,70,300,42,13,15,210,29*7F
$GPGSV,3,2,10,15,55,080,40,18,20,330,31,24,35,170,36,25,60,020,41*7D
$GPGSV,3,3,10,29,05,260,,31,08,100,*79
$GPGLL,0120.67683,N,10349.15698,E,102335.00,A,A*6C
$GPRMC,102336.00,A,0120.67571,N,10349.15810,E,2.078,76.84,250926,,,A*52
$GPVTG,76.84,T,,M,2.078,N,3.849,K,A*0B
$GPGGA,102336.00,0120.67571,N,10349.15810,E,1,08,1.01,45.3,M,4.9,M,,*5D
$GPGSA,A,3,02,05,12,13,15,18,24,25,,,,,2.01,1.01,1.73*0E
$GPGSV,3,1,10,02,45,120,38,05,30,045,35,12,70,300,42,13,15,210,29*7F
$GPGSV,3,2,10,15,55,080,40,18,20,330,31,24,35,170,36,25,60,020,41*7D
$GPGSV,3,3,10,29,05,260,,31,08,100,*79
$GPGLL,0120.67571,N,10349.15810,E,102336.00,A,A*6F
$GPRMC,102337.00,A,0120.67639,N,10349.15813,E,2.727,81.04,250926,,,A*52
$GPVTG,81.04,T,,M,2.727,N,5.051,K,A*01
$GPGGA,102337.00,0120.67639,N,10349.15813,E,1,08,1.01,45.3,M,4.9,M,,*50
$GPGSA,A,3,02,05,12,13,15,18,24,25,,,,,2.01,1.01,1.73*0E
$GPGSV,3,1,10,02,45,120,38,05,30,045,35,12,70,300,42,13,15,210,29*7F
$GPGSV,3,2,10,15,55,080,40,18,20,330,31,24,35,170,36,25,60,020,41*7D
$GPGSV,3,3,10,29,05,260,,31,08,100,*79
$GPGLL,0120.67639,N,10349.15813,E,102337.00,A,A*62
$GPRMC,102338.00,A,0120.67650,N,10349.15865,E,2.377,76.74,250926,,,A*5D
$GPVTG,76.74,T,,M,2.377,N,4.403,K,A*0D
$GPGGA,102338.00,0120.67650,N,10349.15865,E,1,08,1.01,45.3,M,4.9,M,,*51
$GPGSA,A,3,02,05,12,13,15,18,24,25,,,,,2.01,1.01,1.73*0E
$GPGSV,3,1,10,02,45,120,38,05,30,045,35,12,70,300,42,13,15,210,29*7F
$GPGSV,3,2,10,15,55,080,40,18,20,330,31,24,35,170,36,25,60,020,41*7D
$GPGSV,3,3,10,29,05,260,,31,08,100,*79
$GPGLL,0120.67650,N,10349.15865,E,102338.00,A,A*63
$GPRMC,102339.00,A,0120.67622,N,10349.15937,E,2.203,84.88,250926,,,A*53
$GPVTG,84.88,T,,M,2.203,N,4.080,K,A*0E
$GPGGA,102339.00,0120.67622,N,10349.15937,E,1,08,1.01,45.3,M,4.9,M,,*53
$GPGSA,A,3,02,05,12,13,15,18,24,25,,,,,2.01,1.01,1.73*0E
$GPGSV,3,1,10,02,45,120,38,05,30,045,35,12,70,300,42,13,15,210,29*7F
$GPGSV,3,2,10,15,55,080,40,18,20,330,31,24,35,170,36,25,60,020,41*7D
$GPGSV,3,3,10,29,05,260,,31,08,100,*79
$GPGLL,0120.67622,N,10349.15937,E,102339.00,A,A*61
$GPRMC,102340.00,A,0120.67753,N,10349.16042,E,2.662,76.95,250926,,,A*50
$GPVTG,76.95,T,,M,2.662,N,4.930,K,A*0E
$GPGGA,102340.00,0120.67753,N,10349.16042,E,1,08,1.01,45.3,M,4.9,M,,*52
$GPGSA,A,3,02,05,12,13,15,18,24,25,,,,,2.01,1.01,1.73*0E
$GPGSV,3,1,10,02,45,120,38,05,30,045,35,12,70,300,42,13,15,210,29*7F
$GPGSV,3,2,10,15,55,080,40,18,20,330,31,24,35,170,36,25,60,020,41*7D
$GPGSV,3,3,10,29,05,260,,31,08,100,*79
$GPGLL,0120.67753,N,10349.16042,E,102340.00,A,A*60
$GPRMC,102341.00,A,0120.67688,N,10349.16152,E,2.789,78.00,250926,,,A*50
$GPVTG,78.00,T,,M,2.789,N,5.166,K,A*02
$GPGGA,102341.00,0120.67688,N,10349.16152,E,1,08,1.01,45.3,M,4.9,M,,*54
$GPGSA,A,3,02,05,12,13,15,18,24,25,,,,,2.01,1.01,1.73*0E
$GPGSV,3,1,10,02,45,120,38,05,30,045,35,12,70,300,42,13,15,210,29*7F
$GPGSV,3,2,10,15,55,080,40,18,20,330,31,24,35,170,36,25,60,020,41*7D
$GPGSV,3,3,10,29,05,260,,31,08,100,*79
$GPGLL,0120.67688,N,10349.16152,E,102341.00,A,A*66
$GPRMC,102342.00,A,0120.67691,N,10349.16311,E,2.581,84.62,250926,,,A*53
$GPVTG,84.62,T,,M,2.581,N,4.780,K,A*00
$GPGGA,102342.00,0120.67691,N,10349.16311,E,1,08,1.01,45.3,M,4.9,M,,*5A
$GPGSA,A,3,02,05,12,13,15,18,24,25,,,,,2.01,1.01,1.73*0E
$GPGSV,3,1,10,02,45,120,38,05,30,045,35,12,70,300,42,13,15,210,29*7F
$GPGSV,3,2,10,15,55,080,40,18,20,330,31,24,35,170,36,25,60,020,41*7D
$GPGSV,3,3,10,29,05,260,,31,08,100,*79
$GPGLL,0120.67691,N,10349.16311,E,102342.00,A,A*68
$GPRMC,102343.00,A,0120.67759,N,10349.16332,E,2.658,79.57,250926,,,A*55
$GPVTG,79.57,T,,M,2.658,N,4.922,K,A*05
$GPGGA,102343.00,0120.67759,N,10349.16332,E,1,08,1.01,45.3,M,4.9,M,,*5F
$GPGSA,A,3,02,05,12,13,15,18,24,25,,,,,2.01,1.01,1.73*0E
$GPGSV,3,1,10,02,45,120,38,05,30,045,35,12,70,300,42,13,15,210,29*7F
$GPGSV,3,2,10,15,55,080,40,18,20,330,31,24,35,170,36,25,60,020,41*7D
$GPGSV,3,3,10,29,05,260,,31,08,100,*79
$GPGLL,0120.67759,N,10349.16332,E,102343.00,A,A*6D
$GPRMC,102344.00,A,0120.67752,N,10349.16348,E,2.323,85.97,250926,,,A*52
$GPVTG,85.97,T,,M,2.323,N,4.301,K,A*08
$GPGGA,102344.00,0120.67752,N,10349.16348,E,1,08,1.01,45.3,M,4.9,M,,*5E
$GPGSA,A,3,02,05,12,13,15,18,24,25,,,,,2.01,1.01,1.73*0E
$GPGSV,3,1,10,02,45,120,38,05,30,045,35,12,70,300,42,13,15,210,29*7F
$GPGSV,3,2,10,15,55,080,40,18,20,330,31,24,35,170,36,25,60,020,41*7D
$GPGSV,3,3,10,29,05,260,,31,08,100,*79
$GPGLL,0120.67752,N,10349.16348,E,102344.00,A,A*6C
$GPRMC,102345.00,A,0120.67687,N,10349.16428,E,2.579,81.70,250926,,,A*5F
$GPVTG,81.70,T,,M,2.579,N,4.776,K,A*08
$GPGGA,102345.00,0120.67687,N,10349.16428,E,1,08,1.01,45.3,M,4.9,M,,*57
$GPGSA,A,3,02,05,12,13,15,18,24,25,,,,,2.01,1.01,1.73*0E
$GPGSV,3,1,10,02,45,120,38,05,30,045,35,12,70,300,42,13,15,210,29*7F
$GPGSV,3,2,10,15,55,080,40,18,20,330,31,24,35,170,36,25,60,020,41*7D
$GPGSV,3,3,10,29,05,260,,31,08,100,*79
$GPGLL,0120.67687,N,10349.16428,E,102345.00,A,A*65
$GPRMC,102346.00,A,0120.67815,N,10349.16504,E,2.583,72.38,250926,,,A*53
$GPVTG,72.38,T,,M,2.583,N,4.783,K,A*07
$GPGGA,102346.00,0120.67815,N,10349.16504,E,1,08,1.01,45.3,M,4.9,M,,*5E
$GPGSA,A,3,02,05,12,13,15,18,24,25,,,,,2.01,1.01,1.73*0E
$GPGSV,3,1,10,02,45,120,38,05,30,045,35,12,70,300,42,13,15,210,29*7F
$GPGSV,3,2,10,15,55,080,40,18,20,330,31,24,35,170,36,25,60,020,41*7D
$GPGSV,3,3,10,29,05,260,,31,08,100,*79
$GPGLL,0120.67815,N,10349.16504,E,102346.00,A,A*6C
$GPRMC,102347.00,A,0120.67819,N,10349.16525,E,2.296,81.15,250926,,,A*5D
$GPVTG,81.15,T,,M,2.296,N,4.252,K,A*0E
$GPGGA,102347.00,0120.67819,N,10349.16525,E,1,08,1.01,45.3,M,4.9,M,,*50
$GPGSA,A,3,02,05,12,13,15,18,24,25,,,,,2.01,1.01,1.73*0E
$GPGSV,3,1,10,02,45,120,38,05,30,045,35,12,70,300,42,13,15,210,29*7F
$GPGSV,3,2,10,15,55,080,40,18,20,330,31,24,35,170,36,25,60,020,41*7D
$GPGSV,3,3,10,29,05,260,,31,08,100,*79
$GPGLL,0120.67819,N,10349.16525,E,102347.00,A,A*62
$GPRMC,102348.00,A,0120.67782,N,10349.16638,E,2.689,70.53,250926,,,A*56
$GPVTG,70.53,T,,M,2.689,N,4.979,K,A*0A
$GPGGA,102348.00,0120.67782,N,10349.16638,E,1,08,1.01,45.3,M,4.9,M,,*5D
$GPGSA,A,3,02,05,12,13,15,18,24,25,,,,,2.01,1.01,1.73*0E
$GPGSV,3,1,10,02,45,120,38,05,30,045,35,12,70,300,42,13,15,210,29*7F
$GPGSV,3,2,10,15,55,080,40,18,20,330,31,24,35,170,36,25,60,020,41*7D
$GPGSV,3,3,10,29,05,260,,31,08,100,*79
$GPGLL,0120.67782,N,10349.16638,E,102348.00,A,A*6F
$GPRMC,102349.00,A,0120.67821,N,10349.16755,E,2.588,85.23,250926,,,A*54
$GPVTG,85.23,T,,M,2.588,N,4.792,K,A*0E
$GPGGA,102349.00,0120.67821,N,10349.16755,E,1,08,1.01,45.3,M,4.9,M,,*50
$GPGSA,A,3,02,05,12,13,15,18,24,25,,,,,2.01,1.01,1.73*0E
$GPGSV,3,1,10,02,45,120,38,05,30,045,35,12,70,300,42,13,15,210,29*7F
$GPGSV,3,2,10,15,55,080,40,18,20,330,31,24,35,170,36,25,60,020,41*7D
$GPGSV,3,3,10,29,05,260,,31,08,100,*79
$GPGLL,0120.67821,N,10349.16755,E,102349.00,A,A*62
$GPRMC,102350.00,A,0120.67789,N,10349.16808,E,2.733,80.28,250926,,,A*5A
$GPVTG,80.28,T,,M,2.733,N,5.062,K,A*0B
$GPGGA,102350.00,0120.67789,N,10349.16808,E,1,08,1.01,45.3,M,4.9,M,,*52
$GPGSA,A,3,02,05,12,13,15,18,24,25,,,,,2.01,1.01,1.73*0E
$GPGSV,3,1,10,02,45,120,38,05,30,045,35,12,70,300,42,13,15,210,29*7F
$GPGSV,3,2,10,15,55,080,40,18,20,330,31,24,35,170,36,25,60,020,41*7D
$GPGSV,3,3,10,29,05,260,,31,08,100,*79
$GPGLL,0120.67789,N,10349.16808,E,102350.00,A,A*60
$GPRMC,102351.00,A,0120.67881,N,10349.16839,E,3.314,130.62,250926,,,A*6A
$GPVTG,130.62,T,,M,3.314,N,6.138,K,A*32
$GPGGA,102351.00,0120.67881,N,10349.16839,E,1,08,1.01,45.3,M,4.9,M,,*56
$GPGSA,A,3,02,05,12,13,15,18,24,25,,,,,2.01,1.01,1.73*0E
$GPGSV,3,1,10,02,45,120,38,05,30,045,35,12,70,300,42,13,15,210,29*7F
$GPGSV,3,2,10,15,55,080,40,18,20,330,31,24,35,170,36,25,60,020,41*7D
$GPGSV,3,3,10,29,05,260,,31,08,100,*79
$GPGLL,0120.67881,N,10349.16839,E,102351.00,A,A*64
$GPRMC,102352.00,A,0120.67724,N,10349.16844,E,2.433,148.44,250926,,,A*6B
$GPVTG,148.44,T,,M,2.433,N,4.505,K,A*32
$GPGGA,102352.00,0120.67724,N,10349.16844,E,1,08,1.01,45.3,M,4.9,M,,*5F
$GPGSA,A,3,02,05,12,13,15,18,24,25,,,,,2.01,1.01,1.73*0E
$GPGSV,3,1,10,02,45,120,38,05,30,045,35,12,70,300,42,13,15,210,29*7F
$GPGSV,3,2,10,15,55,080,40,18,20,330,31,24,35,170,36,25,60,020,41*7D
$GPGSV,3,3,10,29,05,260,,31,08,100,*79
$GPGLL,0120.67724,N,10349.16844,E,102352.00,A,A*6D
$GPRMC,102353.00,A,0120.67697,N,10349.16909,E,2.577,151.22,250926,,,A*62
$GPVTG,151.22,T,,M,2.577,N,4.772,K,A*39
$GPGGA,102353.00,0120.67697,N,10349.16909,E,1,08,1.01,45.3,M,4.9,M,,*5F
$GPGSA,A,3,02,05,12,13,15,18,24,25,,,,,2.01,1.01,1.73*0E
$GPGSV,3,1,10,02,45,120,38,05,30,045,35,12,70,300,42,13,15,210,29*7F
$GPGSV,3,2,10,15,55,080,40,18,20,330,31,24,35,170,36,25,60,020,41*7D
$GPGSV,3,3,10,29,05,260,,31,08,100,*79
$GPGLL,0120.67697,N,10349.16909,E,102353.00,A,A*6D
$GPRMC,102354.00,A,0120.67619,N,10349.16962,E,2.323,150.77,250926,,,A*68
$GPVTG,150.77,T,,M,2.323,N,4.303,K,A*3D
$GPGGA,102354.00,0120.67619,N,10349.16962,E,1,08,1.01,45.3,M,4.9,M,,*53
$GPGSA,A,3,02,05,12,13,15,18,24,25,,,,,2.01,1.01,1.73*0E
$GPGSV,3,1,10,02,45,120,38,05,30,045,35,12,70,300,42,13,15,210,29*7F
$GPGSV,3,2,10,15,55,080,40,18,20,330,31,24,35,170,36,25,60,020,41*7D
$GPGSV,3,3,10,29,05,260,,31,08,100,*79
$GPGLL,0120.67619,N,10349.16962,E,102354.00,A,A*61
$GPRMC,102355.00,A,0120.67564,N,10349.16942,E,2.638,147.12,250926,,,A*68
$GPVTG,147.12,T,,M,2.638,N,4.886,K,A*31
$GPGGA,102355.00,0120.67564,N,10349.16942,E,1,08,1.01,45.3,M,4.9,M,,*59
$GPGSA,A,3,02,05,12,13,15,18,24,25,,,,,2.01,1.01,1.73*0E
$GPGSV,3,1,10,02,45,120,38,05,30,045,35,12,70,300,42,13,15,210,29*7F
$GPGSV,3,2,10,15,55,080,40,18,20,330,31,24,35,170,36,25,60,020,41*7D
$GPGSV,3,3,10,29,05,260,,31,08,100,*79
$GPGLL,0120.67564,N,10349.16942,E,102355.00,A,A*6B
$GPRMC,102356.00,A,0120.67473,N,10349.17058,E,2.485,156.38,250926,,,A*63
$GPVTG,156.38,T,,M,2.485,N,4.603,K,A*3E
$GPGGA,102356.00,0120.67473,N,10349.17058,E,1,08,1.01,45.3,M,4.9,M,,*5E
$GPGSA,A,3,02,05,12,13,15,18,24,25,,,,,2.01,1.01,1.73*0E
$GPGSV,3,1,10,02,45,120,38,05,30,045,35,12,70,300,42,13,15,210,29*7F
$GPGSV,3,2,10,15,55,080,40,18,20,330,31,24,35,170,36,25,60,020,41*7D
$GPGSV,3,3,10,29,05,260,,31,08,100,*79
$GPGLL,0120.67473,N,10349.17058,E,102356.00,A,A*6C
$GPRMC,102357.00,A,0120.67528,N,10349.17122,E,2.166,154.81,250926,,,A*69
$GPVTG,154.81,T,,M,2.166,N,4.011,K,A*33
$GPGGA,102357.00,0120.67528,N,10349.17122,E,1,08,1.01,45.3,M,4.9,M,,*5C
$GPGSA,A,3,02,05,12,13,15,18,24,25,,,,,2.01,1.01,1.73*0E
$GPGSV,3,1,10,02,45,120,38,05,30,045,35,12,70,300,42,13,15,210,29*7F
$GPGSV,3,2,10,15,55,080,40,18,20,330,31,24,35,170,36,25,60,020,41*7D
$GPGSV,3,3,10,29,05,260,,31,08,100,*79
$GPGLL,0120.67528,N,10349.17122,E,102357.00,A,A*6E
$GPRMC,102358.00,A,0120.67483,N,10349.17167,E,2.384,150.55,250926,,,A*64
$GPVTG,150.55,T,,M,2.384,N,4.415,K,A*30
$GPGGA,102358.00,0120.67483,N,10349.17167,E,1,08,1.01,45.3,M,4.9,M,,*52
$GPGSA,A,3,02,05,12,13,15,18,24,25,,,,,2.01,1.01,1.73*0E
$GPGSV,3,1,10,02,45,120,38,05,30,045,35,12,70,300,42,13,15,210,29*7F
$GPGSV,3,2,10,15,55,080,40,18,20,330,31,24,35,170,36,25,60,020,41*7D
$GPGSV,3,3,10,29,05,260,,31,08,100,*79
$GPGLL,0120.67483,N,10349.17167,E,102358.00,A,A*60
$GPRMC,102359.00,A,0120.67274,N,10349.17258,E,2.440,145.32,250926,,,A*6E
$GPVTG,145.32,T,,M,2.440,N,4.519,K,A*37
$GPGGA,102359.00,0120.67274,N,10349.17258,E,1,08,1.01,45.3,M,4.9,M,,*52
$GPGSA,A,3,02,05,12,13,15,18,24,25,,,,,2.01,1.01,1.73*0E
$GPGSV,3,1,10,02,45,120,38,05,30,045,35,12,70,300,42,13,15,210,29*7F
$GPGSV,3,2,10,15,55,080,40,18,20,330,31,24,35,170,36,25,60,020,41*7D
$GPGSV,3,3,10,29,05,260,,31,08,100,*79
$GPGLL,0120.67274,N,10349.17258,E,102359.00,A,A*60
$GPRMC,102400.00,A,0120.67351,N,10349.17184,E,2.772,144.37,250926,,,A*67
$GPVTG,144.37,T,,M,2.772,N,5.134,K,A*3B
$GPGGA,102400.00,0120.67351,N,10349.17184,E,1,08,1.01,45.3,M,4.9,M,,*5D
$GPGSA,A,3,02,05,12,13,15,18,24,25,,,,,2.01,1.01,1.73*0E
$GPGSV,3,1,10,02,45,120,38,05,30,045,35,12,70,300,42,13,15,210,29*7F
$GPGSV,3,2,10,15,55,080,40,18,20,330,31,24,35,170,36,25,60,020,41*7D
$GPGSV,3,3,10,29,05,260,,31,08,100,*79
$GPGLL,0120.67351,N,10349.17184,E,102400.00,A,A*6F
$GPRMC,102401.00,A,0120.67256,N,10349.17263,E,2.647,151.40,250926,,,A*69
$GPVTG,151.40,T,,M,2.647,N,4.902,K,A*34
$GPGGA,102401.00,0120.67256,N,10349.17263,E,1,08,1.01,45.3,M,4.9,M,,*50
$GPGSA,A,3,02,05,12,13,15,18,24,25,,,,,2.01,1.01,1.73*0E
$GPGSV,3,1,10,02,45,120,38,05,30,045,35,12,70,300,42,13,15,210,29*7F
$GPGSV,3,2,10,15,55,080,40,18,20,330,31,24,35,170,36,25,60,020,41*7D
$GPGSV,3,3,10,29,05,260,,31,08,100,*79
$GPGLL,0120.67256,N,10349.17263,E,102401.00,A,A*62
$GPRMC,102402.00,A,0120.67162,N,10349.17321,E,2.525,147.43,250926,,,A*6A
$GPVTG,147.43,T,,M,2.525,N,4.677,K,A*3A
$GPGGA,102402.00,0120.67162,N,10349.17321,E,1,08,1.01,45.3,M,4.9,M,,*50
$GPGSA,A,3,02,05,12,13,15,18,24,25,,,,,2.01,1.01,1.73*0E
$GPGSV,3,1,10,02,45,120,38,05,30,045,35,12,70,300,42,13,15,210,29*7F
$GPGSV,3,2,10,15,55,080,40,18,20,330,31,24,35,170,36,25,60,020,41*7D
$GPGSV,3,3,10,29,05,260,,31,08,100,*79
$GPGLL,0120.67162,N,10349.17321,E,102402.00,A,A*62
$GPRMC,102403.00,A,0120.67177,N,10349.17326,E,2.364,148.36,250926,,,A*66
$GPVTG,148.36,T,,M,2.364,N,4.378,K,A*3E
$GPGGA,102403.00,0120.67177,N,10349.17326,E,1,08,1.01,45.3,M,4.9,M,,*52
$GPGSA,A,3,02,05,12,13,15,18,24,25,,,,,2.01,1.01,1.73*0E
$GPGSV,3,1,10,02,45,120,38,05,30,045,35,12,70,300,42,13,15,210,29*7F
$GPGSV,3,2,10,15,55,080,40,18,20,330,31,24,35,170,36,25,60,020,41*7D
$GPGSV,3,3,10,29,05,260,,31,08,100,*79
$GPGLL,0120.67177,N,10349.17326,E,102403.00,A,A*60
$GPRMC,102404.00,A,0120.67019,N,10349.17299,E,2.488,151.59,250926,,,A*69
$GPVTG,151.59,T,,M,2.488,N,4.607,K,A*37
$GPGGA,102404.00,0120.67019,N,10349.17299,E,1,08,1.01,45.3,M,4.9,M,,*59
$GPGSA,A,3,02,05,12,13,15,18,24,25,,,,,2.01,1.01,1.73*0E
$GPGSV,3,1,10,02,45,120,38,05,30,045,35,12,70,300,42,13,15,210,29*7F
$GPGSV,3,2,10,15,55,080,40,18,20,330,31,24,35,170,36,25,60,020,41*7D
$GPGSV,3,3,10,29,05,260,,31,08,100,*79
$GPGLL,0120.67019,N,10349.17299,E,102404.00,A,A*6B
$GPRMC,102405.00,A,0120.67045,N,10349.17393,E,2.601,150.87,250926,,,A*6B
$GPVTG,150.87,T,,M,2.601,N,4.818,K,A*36
$GPGGA,102405.00,0120.67045,N,10349.17393,E,1,08,1.01,45.3,M,4.9,M,,*5A
$GPGSA,A,3,02,05,12,13,15,18,24,25,,,,,2.01,1.01,1.73*0E
$GPGSV,3,1,10,02,45,120,38,05,30,045,35,12,70,300,42,13,15,210,29*7F
$GPGSV,3,2,10,15,55,080,40,18,20,330,31,24,35,170,36,25,60,020,41*7D
$GPGSV,3,3,10,29,05,260,,31,08,100,*79
$GPGLL,0120.67045,N,10349.17393,E,102405.00,A,A*68
$GPRMC,102406.00,A,0120.66850,N,10349.17424,E,2.633,154.19,250926,,,A*6C
$GPVTG,154.19,T,,M,2.633,N,4.877,K,A*3D
$GPGGA,102406.00,0120.66850,N,10349.17424,E,1,08,1.01,45.3,M,4.9,M,,*5F
$GPGSA,A,3,02,05,12,13,15,18,24,25,,,,,2.01,1.01,1.73*0E
$GPGSV,3,1,10,02,45,120,38,05,30,045,35,12,70,300,42,13,15,210,29*7F
$GPGSV,3,2,10,15,55,080,40,18,20,330,31,24,35,170,36,25,60,020,41*7D
$GPGSV,3,3,10,29,05,260,,31,08,100,*79
$GPGLL,0120.66850,N,10349.17424,E,102406.00,A,A*6D
$GPRMC,102407.00,A,0120.66814,N,10349.17413,E,2.304,141.21,250926,,,A*67
$GPVTG,141.21,T,,M,2.304,N,4.267,K,A*38
$GPGGA,102407.00,0120.66814,N,10349.17413,E,1,08,1.01,45.3,M,4.9,M,,*5A
$GPGSA,A,3,02,05,12,13,15,18,24,25,,,,,2.01,1.01,1.73*0E
$GPGSV,3,1,10,02,45,120,38,05,30,045,35,12,70,300,42,13,15,210,29*7F
$GPGSV,3,2,10,15,55,080,40,18,20,330,31,24,35,170,36,25,60,020,41*7D
$GPGSV,3,3,10,29,05,260,,31,08,100,*79
$GPGLL,0120.66814,N,10349.17413,E,102407.00,A,A*68
$GPRMC,102408.00,A,0120.66824,N,10349.17515,E,3.102,146.87,250926,,,A*62
$GPVTG,146.87,T,,M,3.102,N,5.744,K,A*33
$GPGGA,102408.00,0120.66824,N,10349.17515,E,1,08,1.01,45.3,M,4.9,M,,*51
$GPGSA,A,3,02,05,12,13,15,18,24,25,,,,,2.01,1.01,1.73*0E
$GPGSV,3,1,10,02,45,120,38,05,30,045,35,12,70,300,42,13,15,210,29*7F
$GPGSV,3,2,10,15,55,080,40,18,20,330,31,24,35,170,36,25,60,020,41*7D
$GPGSV,3,3,10,29,05,260,,31,08,100,*79
$GPGLL,0120.66824,N,10349.17515,E,102408.00,A,A*63
$GPRMC,102409.00,A,0120.66624,N,10349.17490,E,2.300,153.53,250926,,,A*6D
$GPVTG,153.53,T,,M,2.300,N,4.259,K,A*37
$GPGGA,102409.00,0120.66624,N,10349.17490,E,1,08,1.01,45.3,M,4.9,M,,*52
$GPGSA,A,3,02,05,12,13,15,18,24,25,,,,,2.01,1.01,1.73*0E
$GPGSV,3,1,10,02,45,120,38,05,30,045,35,12,70,300,42,13,15,210,29*7F
$GPGSV,3,2,10,15,55,080,40,18,20,330,31,24,35,170,36,25,60,020,41*7D
$GPGSV,3,3,10,29,05,260,,31,08,100,*79
$GPGLL,0120.66624,N,10349.17490,E,102409.00,A,A*60
$GPRMC,102410.00,A,0120.66695,N,10349.17552,E,2.360,151.16,250926,,,A*65
$GPVTG,151.16,T,,M,2.360,N,4.371,K,A*39
$GPGGA,102410.00,0120.66695,N,10349.17552,E,1,08,1.01,45.3,M,4.9,M,,*5F
$GPGSA,A,3,02,05,12,13,15,18,24,25,,,,,2.01,1.01,1.73*0E
$GPGSV,3,1,10,02,45,120,38,05,30,045,35,12,70,300,42,13,15,210,29*7F
$GPGSV,3,2,10,15,55,080,40,18,20,330,31,24,35,170,36,25,60,020,41*7D
$GPGSV,3,3,10,29,05,260,,31,08,100,*79
$GPGLL,0120.66695,N,10349.17552,E,102410.00,A,A*6D
$GPRMC,102411.00,A,0120.66638,N,10349.17612,E,2.238,145.60,250926,,,A*6C
$GPVTG,145.60,T,,M,2.238,N,4.145,K,A*34
$GPGGA,102411.00,0120.66638,N,10349.17612,E,1,08,1.01,45.3,M,4.9,M,,*5E
$GPGSA,A,3,02,05,12,13,15,18,24,25,,,,,2.01,1.01,1.73*0E
$GPGSV,3,1,10,02,45,120,38,05,30,045,35,12,70,300,42,13,15,210,29*7F
$GPGSV,3,2,10,15,55,080,40,18,20,330,31,24,35,170,36,25,60,020,41*7D
$GPGSV,3,3,10,29,05,260,,31,08,100,*79
$GPGLL,0120.66638,N,10349.17612,E,102411.00,A,A*6C
$GPRMC,102412.00,A,0120.66547,N,10349.17642,E,2.866,155.19,250926,,,A*6F
$GPVTG,155.19,T,,M,2.866,N,5.307,K,A*3F
$GPGGA,102412.00,0120.66547,N,10349.17642,E,1,08,1.01,45.3,M,4.9,M,,*53
$GPGSA,A,3,02,05,12,13,15,18,24,25,,,,,2.01,1.01,1.73*0E
$GPGSV,3,1,10,02,45,120,38,05,30,045,35,12,70,300,42,13,15,210,29*7F
$GPGSV,3,2,10,15,55,080,40,18,20,330,31,24,35,170,36,25,60,020,41*7D
$GPGSV,3,3,10,29,05,260,,31,08,100,*79
$GPGLL,0120.66547,N,10349.17642,E,102412.00,A,A*61
$GPRMC,102413.00,A,0120.66347,N,10349.17670,E,2.111,151.79,250926,,,A*62
$GPVTG,151.79,T,,M,2.111,N,3.909,K,A*36
$GPGGA,102413.00,0120.66347,N,10349.17670,E,1,08,1.01,45.3,M,4.9,M,,*55
$GPGSA,A,3,02,05,12,13,15,18,24,25,,,,,2.01,1.01,1.73*0E
$GPGSV,3,1,10,02,45,120,38,05,30,045,35,12,70,300,42,13,15,210,29*7F
$GPGSV,3,2,10,15,55,080,40,18,20,330,31,24,35,170,36,25,60,020,41*7D
$GPGSV,3,3,10,29,05,260,,31,08,100,*79
$GPGLL,0120.66347,N,10349.17670,E,102413.00,A,A*67
$GPRMC,102414.00,A,0120.66371,N,10349.17692,E,2.518,153.52,250926,,,A*6A
$GPVTG,153.52,T,,M,2.518,N,4.663,K,A*34
$GPGGA,102414.00,0120.66371,N,10349.17692,E,1,08,1.01,45.3,M,4.9,M,,*5B
$GPGSA,A,3,02,05,12,13,15,18,24,25,,,,,2.01,1.01,1.73*0E
$GPGSV,3,1,10,02,45,120,38,05,30,045,35,12,70,300,42,13,15,210,29*7F
$GPGSV,3,2,10,15,55,080,40,18,20,330,31,24,35,170,36,25,60,020,41*7D
$GPGSV,3,3,10,29,05,260,,31,08,100,*79
$GPGLL,0120.66371,N,10349.17692,E,102414.00,A,A*69
$GPRMC,102415.00,A,0120.66282,N,10349.17662,E,2.846,149.55,250926,,,A*63
$GPVTG,149.55,T,,M,2.846,N,5.270,K,A*39
$GPGGA,102415.00,0120.66282,N,10349.17662,E,1,08,1.01,45.3,M,4.9,M,,*58
$GPGSA,A,3,02,05,12,13,15,18,24,25,,,,,2.01,1.01,1.73*0E
$GPGSV,3,1,10,02,45,120,38,05,30,045,35,12,70,300,42,13,15,210,29*7F
$GPGSV,3,2,10,15,55,080,40,18,20,330,31,24,35,170,36,25,60,020,41*7D
$GPGSV,3,3,10,29,05,260,,31,08,100,*79
$GPGLL,0120.66282,N,10349.17662,E,102415.00,A,A*6A
$GPRMC,102416.00,A,0120.66304,N,10349.17731,E,2.294,140.08,250926,,,A*6C
$GPVTG,140.08,T,,M,2.294,N,4.248,K,A*37
$GPGGA,102416.00,0120.66304,N,10349.17731,E,1,08,1.01,45.3,M,4.9,M,,*53
$GPGSA,A,3,02,05,12,13,15,18,24,25,,,,,2.01,1.01,1.73*0E
$GPGSV,3,1,10,02,45,120,38,05,30,045,35,12,70,300,42,13,15,210,29*7F
$GPGSV,3,2,10,15,55,080,40,18,20,330,31,24,35,170,36,25,60,020,41*7D
$GPGSV,3,3,10,29,05,260,,31,08,100,*79
$GPGLL,0120.66304,N,10349.17731,E,102416.00,A,A*61
$GPRMC,102417.00,A,0120.66201,N,10349.17698,E,2.583,151.10,250926,,,A*63
$GPVTG,151.10,T,,M,2.583,N,4.784,K,A*3A
$GPGGA,102417.00,0120.66201,N,10349.17698,E,1,08,1.01,45.3,M,4.9,M,,*54
$GPGSA,A,3,02,05,12,13,15,18,24,25,,,,,2.01,1.01,1.73*0E
$GPGSV,3,1,10,02,45,120,38,05,30,045,35,12,70,300,42,13,15,210,29*7F
$GPGSV,3,2,10,15,55,080,40,18,20,330,31,24,35,170,36,25,60,020,41*7D
$GPGSV,3,3,10,29,05,260,,31,08,100,*79
$GPGLL,0120.66201,N,10349.17698,E,102417.00,A,A*66
$GPRMC,102418.00,A,0120.66154,N,10349.17730,E,2.503,152.56,250926,,,A*65
$GPVTG,152.56,T,,M,2.503,N,4.635,K,A*38
$GPGGA,102418.00,0120.66154,N,10349.17730,E,1,08,1.01,45.3,M,4.9,M,,*5B
$GPGSA,A,3,02,05,12,13,15,18,24,25,,,,,2.01,1.01,1.73*0E
$GPGSV,3,1,10,02,45,120,38,05,30,045,35,12,70,300,42,13,15,210,29*7F
$GPGSV,3,2,10,15,55,080,40,18,20,330,31,24,35,170,36,25,60,020,41*7D
$GPGSV,3,3,10,29,05,260,,31,08,100,*79
$GPGLL,0120.66154,N,10349.17730,E,102418.00,A,A*69
$GPRMC,102419.00,A,0120.66110,N,10349.17823,E,2.488,153.10,250926,,,A*68
$GPVTG,153.10,T,,M,2.488,N,4.608,K,A*37
$GPGGA,102419.00,0120.66110,N,10349.17823,E,1,08,1.01,45.3,M,4.9,M,,*57
$GPGSA,A,3,02,05,12,13,15,18,24,25,,,,,2.01,1.01,1.73*0E
$GPGSV,3,1,10,02,45,120,38,05,30,045,35,12,70,300,42,13,15,210,29*7F
$GPGSV,3,2,10,15,55,080,40,18,20,330,31,24,35,170,36,25,60,020,41*7D
$GPGSV,3,3,10,29,05,260,,31,08,100,*79
$GPGLL,0120.66110,N,10349.17823,E,102419.00,A,A*65
$GPRMC,102420.00,A,0120.65952,N,10349.17847,E,2.613,146.64,250926,,,A*6A
$GPVTG,146.64,T,,M,2.613,N,4.839,K,A*3C
$GPGGA,102420.00,0120.65952,N,10349.17847,E,1,08,1.01,45.3,M,4.9,M,,*52
$GPGSA,A,3,02,05,12,13,15,18,24,25,,,,,2.01,1.01,1.73*0E
$GPGSV,3,1,10,02,45,120,38,05,30,045,35,12,70,300,42,13,15,210,29*7F
$GPGSV,3,2,10,15,55,080,40,18,20,330,31,24,35,170,36,25,60,020,41*7D
$GPGSV,3,3,10,29,05,260,,31,08,100,*79
$GPGLL,0120.65952,N,10349.17847,E,102420.00,A,A*60
$GPRMC,102421.00,A,0120.65963,N,10349.17870,E,2.475,146.03,250926,,,A*6E
$GPVTG,146.03,T,,M,2.475,N,4.583,K,A*33
$GPGGA,102421.00,0120.65963,N,10349.17870,E,1,08,1.01,45.3,M,4.9,M,,*55
$GPGSA,A,3,02,05,12,13,15,18,24,25,,,,,2.01,1.01,1.73*0E
$GPGSV,3,1,10,02,45,120,38,05,30,045,35,12,70,300,42,13,15,210,29*7F
$GPGSV,3,2,10,15,55,080,40,18,20,330,31,24,35,170,36,25,60,020,41*7D
$GPGSV,3,3,10,29,05,260,,31,08,100,*79
$GPGLL,0120.65963,N,10349.17870,E,102421.00,A,A*67
$GPRMC,102422.00,A,0120.65940,N,10349.17977,E,2.768,146.02,250926,,,A*64
$GPVTG,146.02,T,,M,2.768,N,5.127,K,A*36
$GPGGA,102422.00,0120.65940,N,10349.17977,E,1,08,1.01,45.3,M,4.9,M,,*51
$GPGSA,A,3,02,05,12,13,15,18,24,25,,,,,2.01,1.01,1.73*0E
$GPGSV,3,1,10,02,45,120,38,05,30,045,35,12,70,300,42,13,15,210,29*7F
$GPGSV,3,2,10,15,55,080,40,18,20,330,31,24,35,170,36,25,60,020,41*7D
$GPGSV,3,3,10,29,05,260,,31,08,100,*79
$GPGLL,0120.65940,N,10349.17977,E,102422.00,A,A*63
$GPRMC,102423.00,A,0120.65845,N,10349.17978,E,2.565,143.56,250926,,,A*65
$GPVTG,143.56,T,,M,2.565,N,4.751,K,A*3B
$GPGGA,102423.00,0120.65845,N,10349.17978,E,1,08,1.01,45.3,M,4.9,M,,*5B
$GPGSA,A,3,02,05,12,13,15,18,24,25,,,,,2.01,1.01,1.73*0E
$GPGSV,3,1,10,02,45,120,38,05,30,045,35,12,70,300,42,13,15,210,29*7F
$GPGSV,3,2,10,15,55,080,40,18,20,330,31,24,35,170,36,25,60,020,41*7D
$GPGSV,3,3,10,29,05,260,,31,08,100,*79
$GPGLL,0120.65845,N,10349.17978,E,102423.00,A,A*69
$GPRMC,102424.00,A,0120.65788,N,10349.18077,E,2.438,141.59,250926,,,A*61
$GPVTG,141.59,T,,M,2.438,N,4.516,K,A*3E
$GPGGA,102424.00,0120.65788,N,10349.18077,E,1,08,1.01,45.3,M,4.9,M,,*5B
$GPGSA,A,3,02,05,12,13,15,18,24,25,,,,,2.01,1.01,1.73*0E
$GPGSV,3,1,10,02,45,120,38,05,30,045,35,12,70,300,42,13,15,210,29*7F
$GPGSV,3,2,10,15,55,080,40,18,20,330,31,24,35,170,36,25,60,020,41*7D
$GPGSV,3,3,10,29,05,260,,31,08,100,*79
$GPGLL,0120.65788,N,10349.18077,E,102424.00,A,A*69
$GPRMC,102425.00,A,0120.65755,N,10349.17993,E,2.172,154.51,250926,,,A*6B
$GPVTG,154.51,T,,M,2.172,N,4.022,K,A*3B
$GPGGA,102425.00,0120.65755,N,10349.17993,E,1,08,1.01,45.3,M,4.9,M,,*56
$GPGSA,A,3,02,05,12,13,15,18,24,25,,,,,2.01,1.01,1.73*0E
$GPGSV,3,1,10,02,45,120,38,05,30,045,35,12,70,300,42,13,15,210,29*7F
$GPGSV,3,2,10,15,55,080,40,18,20,330,31,24,35,170,36,25,60,020,41*7D
$GPGSV,3,3,10,29,05,260,,31,08,100,*79
$GPGLL,0120.65755,N,10349.17993,E,102425.00,A,A*64
$GPRMC,102426.00,A,0120.65624,N,10349.18121,E,2.358,145.03,250926,,,A*6C
$GPVTG,145.03,T,,M,2.358,N,4.367,K,A*34
$GPGGA,102426.00,0120.65624,N,10349.18121,E,1,08,1.01,45.3,M,4.9,M,,*5C
$GPGSA,A,3,02,05,12,13,15,18,24,25,,,,,2.01,1.01,1.73*0E
$GPGSV,3,1,10,02,45,120,38,05,30,045,35,12,70,300,42,13,15,210,29*7F
$GPGSV,3,2,10,15,55,080,40,18,20,330,31,24,35,170,36,25,60,020,41*7D
$GPGSV,3,3,10,29,05,260,,31,08,100,*79
$GPGLL,0120.65624,N,10349.18121,E,102426.00,A,A*6E
$GPRMC,102427.00,A,0120.65628,N,10349.18019,E,2.375,147.93,250926,,,A*6F
$GPVTG,147.93,T,,M,2.375,N,4.398,K,A*30
$GPGGA,102427.00,0120.65628,N,10349.18019,E,1,08,1.01,45.3,M,4.9,M,,*5B
$GPGSA,A,3,02,05,12,13,15,18,24,25,,,,,2.01,1.01,1.73*0E
$GPGSV,3,1,10,02,45,120,38,05,30,045,35,12,70,300,42,13,15,210,29*7F
$GPGSV,3,2,10,15,55,080,40,18,20,330,31,24,35,170,36,25,60,020,41*7D
$GPGSV,3,3,10,29,05,260,,31,08,100,*79
$GPGLL,0120.65628,N,10349.18019,E,102427.00,A,A*69
$GPRMC,102428.00,A,0120.65577,N,10349.18096,E,2.394,143.56,250926,,,A*6C
$GPVTG,143.56,T,,M,2.394,N,4.434,K,A*33
$GPGGA,102428.00,0120.65577,N,10349.18096,E,1,08,1.01,45.3,M,4.9,M,,*5A
$GPGSA,A,3,02,05,12,13,15,18,24,25,,,,,2.01,1.01,1.73*0E
$GPGSV,3,1,10,02,45,120,38,05,30,045,35,12,70,300,42,13,15,210,29*7F
$GPGSV,3,2,10,15,55,080,40,18,20,330,31,24,35,170,36,25,60,020,41*7D
$GPGSV,3,3,10,29,05,260,,31,08,100,*79
$GPGLL,0120.65577,N,10349.18096,E,102428.00,A,A*68
$GPRMC,102429.00,A,0120.65466,N,10349.18167,E,2.228,154.23,250926,,,A*61
$GPVTG,154.23,T,,M,2.228,N,4.127,K,A*36
$GPGGA,102429.00,0120.65466,N,10349.18167,E,1,08,1.01,45.3,M,4.9,M,,*55
$GPGSA,A,3,02,05,12,13,15,18,24,25,,,,,2.01,1.01,1.73*0E
$GPGSV,3,1,10,02,45,120,38,05,30,045,35,12,70,300,42,13,15,210,29*7F
$GPGSV,3,2,10,15,55,080,40,18,20,330,31,24,35,170,36,25,60,020,41*7D
$GPGSV,3,3,10,29,05,260,,31,08,100,*79
$GPGLL,0120.65466,N,10349.18167,E,102429.00,A,A*67
$GPRMC,102430.00,A,0120.65366,N,10349.18136,E,2.594,148.31,250926,,,A*64
$GPVTG,148.31,T,,M,2.594,N,4.805,K,A*31
$GPGGA,102430.00,0120.65366,N,10349.18136,E,1,08,1.01,45.3,M,4.9,M,,*5E
$GPGSA,A,3,02,05,12,13,15,18,24,25,,,,,2.01,1.01,1.73*0E
$GPGSV,3,1,10,02,45,120,38,05,30,045,35,12,70,300,42,13,15,210,29*7F
$GPGSV,3,2,10,15,55,080,40,18,20,330,31,24,35,170,36,25,60,020,41*7D
$GPGSV,3,3,10,29,05,260,,31,08,100,*79
$GPGLL,0120.65366,N,10349.18136,E,102430.00,A,A*6C
$GPRMC,102431.00,A,0120.65321,N,10349.18257,E,2.719,154.76,250926,,,A*6B
$GPVTG,154.76,T,,M,2.719,N,5.036,K,A*31
$GPGGA,102431.00,0120.65321,N,10349.18257,E,1,08,1.01,45.3,M,4.9,M,,*58
$GPGSA,A,3,02,05,12,13,15,18,24,25,,,,,2.01,1.01,1.73*0E
$GPGSV,3,1,10,02,45,120,38,05,30,045,35,12,70,300,42,13,15,210,29*7F
$GPGSV,3,2,10,15,55,080,40,18,20,330,31,24,35,170,36,25,60,020,41*7D
$GPGSV,3,3,10,29,05,260,,31,08,100,*79
$GPGLL,0120.65321,N,10349.18257,E,102431.00,A,A*6A
$GPRMC,102432.00,A,0120.65285,N,10349.18294,E,2.315,154.84,250926,,,A*6D
$GPVTG,154.84,T,,M,2.315,N,4.287,K,A*3D
$GPGGA,102432.00,0120.65285,N,10349.18294,E,1,08,1.01,45.3,M,4.9,M,,*5B
$GPGSA,A,3,02,05,12,13,15,18,24,25,,,,,2.01,1.01,1.73*0E
$GPGSV,3,1,10,02,45,120,38,05,30,045,35,12,70,300,42,13,15,210,29*7F
$GPGSV,3,2,10,15,55,080,40,18,20,330,31,24,35,170,36,25,60,020,41*7D
$GPGSV,3,3,10,29,05,260,,31,08,100,*79
$GPGLL,0120.65285,N,10349.18294,E,102432.00,A,A*69
$GPRMC,102433.00,A,0120.65247,N,10349.18265,E,2.544,153.10,250926,,,A*64
$GPVTG,153.10,T,,M,2.544,N,4.712,K,A*3C
$GPGGA,102433.00,0120.65247,N,10349.18265,E,1,08,1.01,45.3,M,4.9,M,,*5A
$GPGSA,A,3,02,05,12,13,15,18,24,25,,,,,2.01,1.01,1.73*0E
$GPGSV,3,1,10,02,45,120,38,05,30,045,35,12,70,300,42,13,15,210,29*7F
$GPGSV,3,2,10,15,55,080,40,18,20,330,31,24,35,170,36,25,60,020,41*7D
$GPGSV,3,3,10,29,05,260,,31,08,100,*79
$GPGLL,0120.65247,N,10349.18265,E,102433.00,A,A*68
$GPRMC,102434.00,A,0120.65164,N,10349.18384,E,2.279,148.54,250926,,,A*6C
$GPVTG,148.54,T,,M,2.279,N,4.221,K,A*3A
$GPGGA,102434.00,0120.65164,N,10349.18384,E,1,08,1.01,45.3,M,4.9,M,,*51
$GPGSA,A,3,02,05,12,13,15,18,24,25,,,,,2.01,1.01,1.73*0E
$GPGSV,3,1,10,02,45,120,38,05,30,045,35,12,70,300,42,13,15,210,29*7F
$GPGSV,3,2,10,15,55,080,40,18,20,330,31,24,35,170,36,25,60,020,41*7D
$GPGSV,3,3,10,29,05,260,,31,08,100,*79
$GPGLL,0120.65164,N,10349.18384,E,102434.00,A,A*63
$GPRMC,102435.00,A,0120.65089,N,10349.18319,E,2.501,146.72,250926,,,A*69
$GPVTG,146.72,T,,M,2.501,N,4.631,K,A*3D
$GPGGA,102435.00,0120.65089,N,10349.18319,E,1,08,1.01,45.3,M,4.9,M,,*56
$GPGSA,A,3,02,05,12,13,15,18,24,25,,,,,2.01,1.01,1.73*0E
$GPGSV,3,1,10,02,45,120,38,05,30,045,35,12,70,300,42,13,15,210,29*7F
$GPGSV,3,2,10,15,55,080,40,18,20,330,31,24,35,170,36,25,60,020,41*7D
$GPGSV,3,3,10,29,05,260,,31,08,100,*79
$GPGLL,0120.65089,N,10349.18319,E,102435.00,A,A*64
$GPRMC,102436.00,A,0120.65064,N,10349.18392,E,2.317,147.99,250926,,,A*6F
$GPVTG,147.99,T,,M,2.317,N,4.291,K,A*36
$GPGGA,102436.00,0120.65064,N,10349.18392,E,1,08,1.01,45.3,M,4.9,M,,*55
$GPGSA,A,3,02,05,12,13,15,18,24,25,,,,,2.01,1.01,1.73*0E
$GPGSV,3,1,10,02,45,120,38,05,30,045,35,12,70,300,42,13,15,210,29*7F
$GPGSV,3,2,10,15,55,080,40,18,20,330,31,24,35,170,36,25,60,020,41*7D
$GPGSV,3,3,10,29,05,260,,31,08,100,*79
$GPGLL,0120.65064,N,10349.18392,E,102436.00,A,A*67
$GPRMC,102437.00,A,0120.65008,N,10349.18354,E,2.721,154.56,250926,,,A*6E
$GPVTG,154.56,T,,M,2.721,N,5.039,K,A*37
$GPGGA,102437.00,0120.65008,N,10349.18354,E,1,08,1.01,45.3,M,4.9,M,,*54
$GPGSA,A,3,02,05,12,13,15,18,24,25,,,,,2.01,1.01,1.73*0E
$GPGSV,3,1,10,02,45,120,38,05,30,045,35,12,70,300,42,13,15,210,29*7F
$GPGSV,3,2,10,15,55,080,40,18,20,330,31,24,35,170,36,25,60,020,41*7D
$GPGSV,3,3,10,29,05,260,,31,08,100,*79
$GPGLL,0120.65008,N,10349.18354,E,102437.00,A,A*66
$GPRMC,102438.00,A,0120.64973,N,10349.18453,E,2.271,148.43,250926,,,A*6C
$GPVTG,148.43,T,,M,2.271,N,4.207,K,A*30
$GPGGA,102438.00,0120.64973,N,10349.18453,E,1,08,1.01,45.3,M,4.9,M,,*5F
$GPGSA,A,3,02,05,12,13,15,18,24,25,,,,,2.01,1.01,1.73*0E
$GPGSV,3,1,10,02,45,120,38,05,30,045,35,12,70,300,42,13,15,210,29*7F
$GPGSV,3,2,10,15,55,080,40,18,20,330,31,24,35,170,36,25,60,020,41*7D
$GPGSV,3,3,10,29,05,260,,31,08,100,*79
$GPGLL,0120.64973,N,10349.18453,E,102438.00,A,A*6D
$GPRMC,102439.00,A,0120.64901,N,10349.18506,E,2.587,159.52,250926,,,A*67
$GPVTG,159.52,T,,M,2.587,N,4.792,K,A*37
$GPGGA,102439.00,0120.64901,N,10349.18506,E,1,08,1.01,45.3,M,4.9,M,,*5A
$GPGSA,A,3,02,05,12,13,15,18,24,25,,,,,2.01,1.01,1.73*0E
$GPGSV,3,1,10,02,45,120,38,05,30,045,35,12,70,300,42,13,15,210,29*7F
$GPGSV,3,2,10,15,55,080,40,18,20,330,31,24,35,170,36,25,60,020,41*7D
$GPGSV,3,3,10,29,05,260,,31,08,100,*79
$GPGLL,0120.64901,N,10349.18506,E,102439.00,A,A*68
$GPRMC,102440.00,A,0120.64918,N,10349.18532,E,2.851,156.11,250926,,,A*68
$GPVTG,156.11,T,,M,2.851,N,5.280,K,A*3E
$GPGGA,102440.00,0120.64918,N,10349.18532,E,1,08,1.01,45.3,M,4.9,M,,*5B
$GPGSA,A,3,02,05,12,13,15,18,24,25,,,,,2.01,1.01,1.73*0E
$GPGSV,3,1,10,02,45,120,38,05,30,045,35,12,70,300,42,13,15,210,29*7F
$GPGSV,3,2,10,15,55,080,40,18,20,330,31,24,35,170,36,25,60,020,41*7D
$GPGSV,3,3,10,29,05,260,,31,08,100,*79
$GPGLL,0120.64918,N,10349.18532,E,102440.00,A,A*69
$GPRMC,102441.00,A,0120.64705,N,10349.18569,E,2.402,154.54,250926,,,A*6C
$GPVTG,154.54,T,,M,2.402,N,4.449,K,A*35
$GPGGA,102441.00,0120.64705,N,10349.18569,E,1,08,1.01,45.3,M,4.9,M,,*56
$GPGSA,A,3,02,05,12,13,15,18,24,25,,,,,2.01,1.01,1.73*0E
$GPGSV,3,1,10,02,45,120,38,05,30,045,35,12,70,300,42,13,15,210,29*7F
$GPGSV,3,2,10,15,55,080,40,18,20,330,31,24,35,170,36,25,60,020,41*7D
$GPGSV,3,3,10,29,05,260,,31,08,100,*79
$GPGLL,0120.64705,N,10349.18569,E,102441.00,A,A*64
$GPRMC,102442.00,A,0120.64652,N,10349.18627,E,2.855,148.19,250926,,,A*6F
$GPVTG,148.19,T,,M,2.855,N,5.288,K,A*35
$GPGGA,102442.00,0120.64652,N,10349.18627,E,1,08,1.01,45.3,M,4.9,M,,*5F
$GPGSA,A,3,02,05,12,13,15,18,24,25,,,,,2.01,1.01,1.73*0E
$GPGSV,3,1,10,02,45,120,38,05,30,045,35,12,70,300,42,13,15,210,29*7F
$GPGSV,3,2,10,15,55,080,40,18,20,330,31,24,35,170,36,25,60,020,41*7D
$GPGSV,3,3,10,29,05,260,,31,08,100,*79
$GPGLL,0120.64652,N,10349.18627,E,102442.00,A,A*6D
$GPRMC,102443.00,A,0120.64564,N,10349.18583,E,2.969,149.72,250926,,,A*67
$GPVTG,149.72,T,,M,2.969,N,5.499,K,A*31
$GPGGA,102443.00,0120.64564,N,10349.18583,E,1,08,1.01,45.3,M,4.9,M,,*55
$GPGSA,A,3,02,05,12,13,15,18,24,25,,,,,2.01,1.01,1.73*0E
$GPGSV,3,1,10,02,45,120,38,05,30,045,35,12,70,300,42,13,15,210,29*7F
$GPGSV,3,2,10,15,55,080,40,18,20,330,31,24,35,170,36,25,60,020,41*7D
$GPGSV,3,3,10,29,05,260,,31,08,100,*79
$GPGLL,0120.64564,N,10349.18583,E,102443.00,A,A*67
$GPRMC,102444.00,A,0120.64522,N,10349.18690,E,2.720,150.48,250926,,,A*61
$GPVTG,150.48,T,,M,2.720,N,5.038,K,A*3C
$GPGGA,102444.00,0120.64522,N,10349.18690,E,1,08,1.01,45.3,M,4.9,M,,*51
$GPGSA,A,3,02,05,12,13,15,18,24,25,,,,,2.01,1.01,1.73*0E
$GPGSV,3,1,10,02,45,120,38,05,30,045,35,12,70,300,42,13,15,210,29*7F
$GPGSV,3,2,10,15,55,080,40,18,20,330,31,24,35,170,36,25,60,020,41*7D
$GPGSV,3,3,10,29,05,260,,31,08,100,*79
$GPGLL,0120.64522,N,10349.18690,E,102444.00,A,A*63
$GPRMC,102445.00,A,0120.64366,N,10349.18740,E,2.507,148.46,250926,,,A*6A
$GPVTG,148.46,T,,M,2.507,N,4.643,K,A*37
$GPGGA,102445.00,0120.64366,N,10349.18740,E,1,08,1.01,45.3,M,4.9,M,,*5A
$GPGSA,A,3,02,05,12,13,15,18,24,25,,,,,2.01,1.01,1.73*0E
$GPGSV,3,1,10,02,45,120,38,05,30,045,35,12,70,300,42,13,15,210,29*7F
$GPGSV,3,2,10,15,55,080,40,18,20,330,31,24,35,170,36,25,60,020,41*7D
$GPGSV,3,3,10,29,05,260,,31,08,100,*79
$GPGLL,0120.64366,N,10349.18740,E,102445.00,A,A*68
$GPRMC,102446.00,A,0120.64343,N,10349.18800,E,2.507,143.97,250926,,,A*62
$GPVTG,143.97,T,,M,2.507,N,4.643,K,A*30
$GPGGA,102446.00,0120.64343,N,10349.18800,E,1,08,1.01,45.3,M,4.9,M,,*55
$GPGSA,A,3,02,05,12,13,15,18,24,25,,,,,2.01,1.01,1.73*0E
$GPGSV,3,1,10,02,45,120,38,05,30,045,35,12,70,300,42,13,15,210,29*7F
$GPGSV,3,2,10,15,55,080,40,18,20,330,31,24,35,170,36,25,60,020,41*7D
$GPGSV,3,3,10,29,05,260,,31,08,100,*79
$GPGLL,0120.64343,N,10349.18800,E,102446.00,A,A*67
$GPRMC,102447.00,A,0120.64240,N,10349.18852,E,2.435,149.16,250926,,,A*65
$GPVTG,149.16,T,,M,2.435,N,4.510,K,A*36
$GPGGA,102447.00,0120.64240,N,10349.18852,E,1,08,1.01,45.3,M,4.9,M,,*51
$GPGSA,A,3,02,05,12,13,15,18,24,25,,,,,2.01,1.01,1.73*0E
$GPGSV,3,1,10,02,45,120,38,05,30,045,35,12,70,300,42,13,15,210,29*7F
$GPGSV,3,2,10,15,55,080,40,18,20,330,31,24,35,170,36,25,60,020,41*7D
$GPGSV,3,3,10,29,05,260,,31,08,100,*79
$GPGLL,0120.64240,N,10349.18852,E,102447.00,A,A*63
$GPRMC,102448.00,A,0120.64184,N,10349.18783,E,2.431,147.94,250926,,,A*62
$GPVTG,147.94,T,,M,2.431,N,4.503,K,A*34
$GPGGA,102448.00,0120.64184,N,10349.18783,E,1,08,1.01,45.3,M,4.9,M,,*56
$GPGSA,A,3,02,05,12,13,15,18,24,25,,,,,2.01,1.01,1.73*0E
$GPGSV,3,1,10,02,45,120,38,05,30,045,35,12,70,300,42,13,15,210,29*7F
$GPGSV,3,2,10,15,55,080,40,18,20,330,31,24,35,170,36,25,60,020,41*7D
$GPGSV,3,3,10,29,05,260,,31,08,100,*79
$GPGLL,0120.64184,N,10349.18783,E,102448.00,A,A*64
$GPRMC,102449.00,A,0120.64128,N,10349.18927,E,2.350,153.44,250926,,,A*6D
$GPVTG,153.44,T,,M,2.350,N,4.352,K,A*3E
$GPGGA,102449.00,0120.64128,N,10349.18927,E,1,08,1.01,45.3,M,4.9,M,,*51
$GPGSA,A,3,02,05,12,13,15,18,24,25,,,,,2.01,1.01,1.73*0E
$GPGSV,3,1,10,02,45,120,38,05,30,045,35,12,70,300,42,13,15,210,29*7F
$GPGSV,3,2,10,15,55,080,40,18,20,330,31,24,35,170,36,25,60,020,41*7D
$GPGSV,3,3,10,29,05,260,,31,08,100,*79
$GPGLL,0120.64128,N,10349.18927,E,102449.00,A,A*63
$GPRMC,102450.00,A,0120.64031,N,10349.18963,E,2.575,153.99,250926,,,A*6D
$GPVTG,153.99,T,,M,2.575,N,4.769,K,A*33
$GPGGA,102450.00,0120.64031,N,10349.18963,E,1,08,1.01,45.3,M,4.9,M,,*50
$GPGSA,A,3,02,05,12,13,15,18,24,25,,,,,2.01,1.01,1.73*0E
$GPGSV,3,1,10,02,45,120,38,05,30,045,35,12,70,300,42,13,15,210,29*7F
$GPGSV,3,2,10,15,55,080,40,18,20,330,31,24,35,170,36,25,60,020,41*7D
$GPGSV,3,3,10,29,05,260,,31,08,100,*79
$GPGLL,0120.64031,N,10349.18963,E,102450.00,A,A*62
$GPRMC,102451.00,A,0120.63961,N,10349.18971,E,2.547,152.21,250926,,,A*67
$GPVTG,152.21,T,,M,2.547,N,4.717,K,A*39
$GPGGA,102451.00,0120.63961,N,10349.18971,E,1,08,1.01,45.3,M,4.9,M,,*59
$GPGSA,A,3,02,05,12,13,15,18,24,25,,,,,2.01,1.01,1.73*0E
$GPGSV,3,1,10,02,45,120,38,05,30,045,35,12,70,300,42,13,15,210,29*7F
$GPGSV,3,2,10,15,55,080,40,18,20,330,31,24,35,170,36,25,60,020,41*7D
$GPGSV,3,3,10,29,05,260,,31,08,100,*79
$GPGLL,0120.63961,N,10349.18971,E,102451.00,A,A*6B
$GPRMC,102452.00,A,0120.63902,N,10349.19011,E,2.208,148.94,250926,,,A*66
$GPVTG,148.94,T,,M,2.208,N,4.089,K,A*30
$GPGGA,102452.00,0120.63902,N,10349.19011,E,1,08,1.01,45.3,M,4.9,M,,*51
$GPGSA,A,3,02,05,12,13,15,18,24,25,,,,,2.01,1.01,1.73*0E
$GPGSV,3,1,10,02,45,120,38,05,30,045,35,12,70,300,42,13,15,210,29*7F
$GPGSV,3,2,10,15,55,080,40,18,20,330,31,24,35,170,36,25,60,020,41*7D
$GPGSV,3,3,10,29,05,260,,31,08,100,*79
$GPGLL,0120.63902,N,10349.19011,E,102452.00,A,A*63
$GPRMC,102453.00,A,0120.63918,N,10349.19123,E,2.632,111.29,250926,,,A*6B
$GPVTG,111.29,T,,M,2.632,N,4.874,K,A*3D
$GPGGA,102453.00,0120.63918,N,10349.19123,E,1,08,1.01,45.3,M,4.9,M,,*5B
$GPGSA,A,3,02,05,12,13,15,18,24,25,,,,,2.01,1.01,1.73*0E
$GPGSV,3,1,10,02,45,120,38,05,30,045,35,12,70,300,42,13,15,210,29*7F
$GPGSV,3,2,10,15,55,080,40,18,20,330,31,24,35,170,36,25,60,020,41*7D
$GPGSV,3,3,10,29,05,260,,31,08,100,*79
$GPGLL,0120.63918,N,10349.19123,E,102453.00,A,A*69
$GPRMC,102454.00,A,0120.63843,N,10349.19065,E,2.728,107.93,250926,,,A*6C
$GPVTG,107.93,T,,M,2.728,N,5.052,K,A*3C
$GPGGA,102454.00,0120.63843,N,10349.19065,E,1,08,1.01,45.3,M,4.9,M,,*50
$GPGSA,A,3,02,05,12,13,15,18,24,25,,,,,2.01,1.01,1.73*0E
$GPGSV,3,1,10,02,45,120,38,05,30,045,35,12,70,300,42,13,15,210,29*7F
$GPGSV,3,2,10,15,55,080,40,18,20,330,31,24,35,170,36,25,60,020,41*7D
$GPGSV,3,3,10,29,05,260,,31,08,100,*79
$GPGLL,0120.63843,N,10349.19065,E,102454.00,A,A*62
$GPRMC,102455.00,A,0120.63894,N,10349.19166,E,2.123,110.06,250926,,,A*62
$GPVTG,110.06,T,,M,2.123,N,3.933,K,A*33
$GPGGA,102455.00,0120.63894,N,10349.19166,E,1,08,1.01,45.3,M,4.9,M,,*59
$GPGSA,A,3,02,05,12,13,15,18,24,25,,,,,2.01,1.01,1.73*0E
$GPGSV,3,1,10,02,45,120,38,05,30,045,35,12,70,300,42,13,15,210,29*7F
$GPGSV,3,2,10,15,55,080,40,18,20,330,31,24,35,170,36,25,60,020,41*7D
$GPGSV,3,3,10,29,05,260,,31,08,100,*79
$GPGLL,0120.63894,N,10349.19166,E,102455.00,A,A*6B
$GPRMC,102456.00,A,0120.63828,N,10349.19221,E,2.746,117.32,250926,,,A*63
$GPVTG,117.32,T,,M,2.746,N,5.086,K,A*37
$GPGGA,102456.00,0120.63828,N,10349.19221,E,1,08,1.01,45.3,M,4.9,M,,*5D
$GPGSA,A,3,02,05,12,13,15,18,24,25,,,,,2.01,1.01,1.73*0E
$GPGSV,3,1,10,02,45,120,38,05,30,045,35,12,70,300,42,13,15,210,29*7F
$GPGSV,3,2,10,15,55,080,40,18,20,330,31,24,35,170,36,25,60,020,41*7D
$GPGSV,3,3,10,29,05,260,,31,08,100,*79
$GPGLL,0120.63828,N,10349.19221,E,102456.00,A,A*6F
$GPRMC,102457.00,A,0120.63845,N,10349.19329,E,2.660,114.10,250926,,,A*66
$GPVTG,114.10,T,,M,2.660,N,4.926,K,A*33
$GPGGA,102457.00,0120.63845,N,10349.19329,E,1,08,1.01,45.3,M,4.9,M,,*5E
$GPGSA,A,3,02,05,12,13,15,18,24,25,,,,,2.01,1.01,1.73*0E
$GPGSV,3,1,10,02,45,120,38,05,30,045,35,12,70,300,42,13,15,210,29*7F
$GPGSV,3,2,10,15,55,080,40,18,20,330,31,24,35,170,36,25,60,020,41*7D
$GPGSV,3,3,10,29,05,260,,31,08,100,*79
$GPGLL,0120.63845,N,10349.19329,E,102457.00,A,A*6C
$GPRMC,102458.00,A,0120.63763,N,10349.19320,E,2.738,114.90,250926,,,A*6F
$GPVTG,114.90,T,,M,2.738,N,5.070,K,A*3C
$GPGGA,102458.00,0120.63763,N,10349.19320,E,1,08,1.01,45.3,M,4.9,M,,*53
$GPGSA,A,3,02,05,12,13,15,18,24,25,,,,,2.01,1.01,1.73*0E
$GPGSV,3,1,10,02,45,120,38,05,30,045,35,12,70,300,42,13,15,210,29*7F
$GPGSV,3,2,10,15,55,080,40,18,20,330,31,24,35,170,36,25,60,020,41*7D
$GPGSV,3,3,10,29,05,260,,31,08,100,*79
$GPGLL,0120.63763,N,10349.19320,E,102458.00,A,A*61
$GPRMC,102459.00,A,0120.63754,N,10349.19399,E,2.649,111.08,250926,,,A*6B
$GPVTG,111.08,T,,M,2.649,N,4.906,K,A*36
$GPGGA,102459.00,0120.63754,N,10349.19399,E,1,08,1.01,45.3,M,4.9,M,,*54
$GPGSA,A,3,02,05,12,13,15,18,24,25,,,,,2.01,1.01,1.73*0E
$GPGSV,3,1,10,02,45,120,38,05,30,045,35,12,70,300,42,13,15,210,29*7F
$GPGSV,3,2,10,15,55,080,40,18,20,330,31,24,35,170,36,25,60,020,41*7D
$GPGSV,3,3,10,29,05,260,,31,08,100,*79
$GPGLL,0120.63754,N,10349.19399,E,102459.00,A,A*66
$GPRMC,102500.00,A,0120.63715,N,10349.19482,E,2.603,103.67,250926,,,A*6A
$GPVTG,103.67,T,,M,2.603,N,4.820,K,A*37
$GPGGA,102500.00,0120.63715,N,10349.19482,E,1,08,1.01,45.3,M,4.9,M,,*51
$GPGSA,A,3,02,05,12,13,15,18,24,25,,,,,2.01,1.01,1.73*0E
$GPGSV,3,1,10,02,45,120,38,05,30,045,35,12,70,300,42,13,15,210,29*7F
$GPGSV,3,2,10,15,55,080,40,18,20,330,31,24,35,170,36,25,60,020,41*7D
$GPGSV,3,3,10,29,05,260,,31,08,100,*79
$GPGLL,0120.63715,N,10349.19482,E,102500.00,A,A*63
$GPRMC,102501.00,A,0120.63707,N,10349.19550,E,2.420,106.49,250926,,,A*6C
$GPVTG,106.49,T,,M,2.420,N,4.482,K,A*39
$GPGGA,102501.00,0120.63707,N,10349.19550,E,1,08,1.01,45.3,M,4.9,M,,*5D
$GPGSA,A,3,02,05,12,13,15,18,24,25,,,,,2.01,1.01,1.73*0E
$GPGSV,3,1,10,02,45,120,38,05,30,045,35,12,70,300,42,13,15,210,29*7F
$GPGSV,3,2,10,15,55,080,40,18,20,330,31,24,35,170,36,25,60,020,41*7D
$GPGSV,3,3,10,29,05,260,,31,08,100,*79
$GPGLL,0120.63707,N,10349.19550,E,102501.00,A,A*6F
$GPRMC,102502.00,A,0120.63732,N,10349.19609,E,2.321,121.68,250926,,,A*66
$GPVTG,121.68,T,,M,2.321,N,4.299,K,A*35
$GPGGA,102502.00,0120.63732,N,10349.19609,E,1,08,1.01,45.3,M,4.9,M,,*57
$GPGSA,A,3,02,05,12,13,15,18,24,25,,,,,2.01,1.01,1.73*0E
$GPGSV,3,1,10,02,45,120,38,05,30,045,35,12,70,300,42,13,15,210,29*7F
$GPGSV,3,2,10,15,55,080,40,18,20,330,31,24,35,170,36,25,60,020,41*7D
$GPGSV,3,3,10,29,05,260,,31,08,100,*79
$GPGLL,0120.63732,N,10349.19609,E,102502.00,A,A*65
$GPRMC,102503.00,A,0120.63759,N,10349.19660,E,2.219,112.79,250926,,,A*6F
$GPVTG,112.79,T,,M,2.219,N,4.109,K,A*35
$GPGGA,102503.00,0120.63759,N,10349.19660,E,1,08,1.01,45.3,M,4.9,M,,*54
$GPGSA,A,3,02,05,12,13,15,18,24,25,,,,,2.01,1.01,1.73*0E
$GPGSV,3,1,10,02,45,120,38,05,30,045,35,12,70,300,42,13,15,210,29*7F
$GPGSV,3,2,10,15,55,080,40,18,20,330,31,24,35,170,36,25,60,020,41*7D
$GPGSV,3,3,10,29,05,260,,31,08,100,*79
$GPGLL,0120.63759,N,10349.19660,E,102503.00,A,A*66
$GPRMC,102504.00,A,0120.63664,N,10349.19708,E,2.790,114.91,250926,,,A*6C
$GPVTG,114.91,T,,M,2.790,N,5.167,K,A*38
$GPGGA,102504.00,0120.63664,N,10349.19708,E,1,08,1.01,45.3,M,4.9,M,,*53
$GPGSA,A,3,02,05,12,13,15,18,24,25,,,,,2.01,1.01,1.73*0E
$GPGSV,3,1,10,02,45,120,38,05,30,045,35,12,70,300,42,13,15,210,29*7F
$GPGSV,3,2,10,15,55,080,40,18,20,330,31,24,35,170,36,25,60,020,41*7D
$GPGSV,3,3,10,29,05,260,,31,08,100,*79
$GPGLL,0120.63664,N,10349.19708,E,102504.00,A,A*61
$GPRMC,102505.00,A,0120.63558,N,10349.19865,E,2.586,109.38,250926,,,A*6F
$GPVTG,109.38,T,,M,2.586,N,4.789,K,A*35
$GPGGA,102505.00,0120.63558,N,10349.19865,E,1,08,1.01,45.3,M,4.9,M,,*5A
$GPGSA,A,3,02,05,12,13,15,18,24,25,,,,,2.01,1.01,1.73*0E
$GPGSV,3,1,10,02,45,120,38,05,30,045,35,12,70,300,42,13,15,210,29*7F
$GPGSV,3,2,10,15,55,080,40,18,20,330,31,24,35,170,36,25,60,020,41*7D
$GPGSV,3,3,10,29,05,260,,31,08,100,*79
$GPGLL,0120.63558,N,10349.19865,E,102505.00,A,A*68
$GPRMC,102506.00,A,0120.63599,N,10349.19848,E,2.533,116.31,250926,,,A*67
$GPVTG,116.31,T,,M,2.533,N,4.691,K,A*34
$GPGGA,102506.00,0120.63599,N,10349.19848,E,1,08,1.01,45.3,M,4.9,M,,*5B
$GPGSA,A,3,02,05,12,13,15,18,24,25,,,,,2.01,1.01,1.73*0E
$GPGSV,3,1,10,02,45,120,38,05,30,045,35,12,70,300,42,13,15,210,29*7F
$GPGSV,3,2,10,15,55,080,40,18,20,330,31,24,35,170,36,25,60,020,41*7D
$GPGSV,3,3,10,29,05,260,,31,08,100,*79
$GPGLL,0120.63599,N,10349.19848,E,102506.00,A,A*69
$GPRMC,102507.00,A,0120.63628,N,10349.19984,E,2.529,112.14,250926,,,A*66
$GPVTG,112.14,T,,M,2.529,N,4.684,K,A*38
$GPGGA,102507.00,0120.63628,N,10349.19984,E,1,08,1.01,45.3,M,4.9,M,,*52
$GPGSA,A,3,02,05,12,13,15,18,24,25,,,,,2.01,1.01,1.73*0E
$GPGSV,3,1,10,02,45,120,38,05,30,045,35,12,70,300,42,13,15,210,29*7F
$GPGSV,3,2,10,15,55,080,40,18,20,330,31,24,35,170,36,25,60,020,41*7D
$GPGSV,3,3,10,29,05,260,,31,08,100,*79
$GPGLL,0120.63628,N,10349.19984,E,102507.00,A,A*60
$GPRMC,102508.00,A,0120.63607,N,10349.19987,E,2.304,115.75,250926,,,A*6E
$GPVTG,115.75,T,,M,2.304,N,4.267,K,A*38
$GPGGA,102508.00,0120.63607,N,10349.19987,E,1,08,1.01,45.3,M,4.9,M,,*53
$GPGSA,A,3,02,05,12,13,15,18,24,25,,,,,2.01,1.01,1.73*0E
$GPGSV,3,1,10,02,45,120,38,05,30,045,35,12,70,300,42,13,15,210,29*7F
$GPGSV,3,2,10,15,55,080,40,18,20,330,31,24,35,170,36,25,60,020,41*7D
$GPGSV,3,3,10,29,05,260,,31,08,100,*79
$GPGLL,0120.63607,N,10349.19987,E,102508.00,A,A*61
$GPRMC,102509.00,A,0120.63499,N,10349.20091,E,2.891,114.47,250926,,,A*69
$GPVTG,114.47,T,,M,2.891,N,5.354,K,A*3F
$GPGGA,102509.00,0120.63499,N,10349.20091,E,1,08,1.01,45.3,M,4.9,M,,*53
$GPGSA,A,3,02,05,12,13,15,18,24,25,,,,,2.01,1.01,1.73*0E
$GPGSV,3,1,10,02,45,120,38,05,30,045,35,12,70,300,42,13,15,210,29*7F
$GPGSV,3,2,10,15,55,080,40,18,20,330,31,24,35,170,36,25,60,020,41*7D
$GPGSV,3,3,10,29,05,260,,31,08,100,*79
$GPGLL,0120.63499,N,10349.20091,E,102509.00,A,A*61
$GPRMC,102510.00,A,0120.63474,N,10349.20198,E,2.409,111.75,250926,,,A*63
$GPVTG,111.75,T,,M,2.409,N,4.461,K,A*36
$GPGGA,102510.00,0120.63474,N,10349.20198,E,1,08,1.01,45.3,M,4.9,M,,*50
$GPGSA,A,3,02,05,12,13,15,18,24,25,,,,,2.01,1.01,1.73*0E
$GPGSV,3,1,10,02,45,120,38,05,30,045,35,12,70,300,42,13,15,210,29*7F
$GPGSV,3,2,10,15,55,080,40,18,20,330,31,24,35,170,36,25,60,020,41*7D
$GPGSV,3,3,10,29,05,260,,31,08,100,*79
$GPGLL,0120.63474,N,10349.20198,E,102510.00,A,A*62
$GPRMC,102511.00,A,0120.63427,N,10349.20357,E,2.670,121.51,250926,,,A*6C
$GPVTG,121.51,T,,M,2.670,N,4.944,K,A*35
$GPGGA,102511.00,0120.63427,N,10349.20357,E,1,08,1.01,45.3,M,4.9,M,,*56
$GPGSA,A,3,02,05,12,13,15,18,24,25,,,,,2.01,1.01,1.73*0E
$GPGSV,3,1,10,02,45,120,38,05,30,045,35,12,70,300,42,13,15,210,29*7F
$GPGSV,3,2,10,15,55,080,40,18,20,330,31,24,35,170,36,25,60,020,41*7D
$GPGSV,3,3,10,29,05,260,,31,08,100,*79
$GPGLL,0120.63427,N,10349.20357,E,102511.00,A,A*64
$GPRMC,102512.00,A,0120.63265,N,10349.20226,E,2.465,108.60,250926,,,A*67
$GPVTG,108.60,T,,M,2.465,N,4.566,K,A*36
$GPGGA,102512.00,0120.63265,N,10349.20226,E,1,08,1.01,45.3,M,4.9,M,,*52
$GPGSA,A,3,02,05,12,13,15,18,24,25,,,,,2.01,1.01,1.73*0E
$GPGSV,3,1,10,02,45,120,38,05,30,045,35,12,70,300,42,13,15,210,29*7F
$GPGSV,3,2,10,15,55,080,40,18,20,330,31,24,35,170,36,25,60,020,41*7D
$GPGSV,3,3,10,29,05,260,,31,08,100,*79
$GPGLL,0120.63265,N,10349.20226,E,102512.00,A,A*60
$GPRMC,102513.00,A,0120.63348,N,10349.20314,E,2.419,118.26,250926,,,A*60
$GPVTG,118.26,T,,M,2.419,N,4.480,K,A*37
$GPGGA,102513.00,0120.63348,N,10349.20314,E,1,08,1.01,45.3,M,4.9,M,,*5D
$GPGSA,A,3,02,05,12,13,15,18,24,25,,,,,2.01,1.01,1.73*0E
$GPGSV,3,1,10,02,45,120,38,05,30,045,35,12,70,300,42,13,15,210,29*7F
$GPGSV,3,2,10,15,55,080,40,18,20,330,31,24,35,170,36,25,60,020,41*7D
$GPGSV,3,3,10,29,05,260,,31,08,100,*79
$GPGLL,0120.63348,N,10349.20314,E,102513.00,A,A*6F
$GPRMC,102514.00,A,0120.63280,N,10349.20418,E,2.345,112.46,250926,,,A*6B
$GPVTG,112.46,T,,M,2.345,N,4.342,K,A*3C
$GPGGA,102514.00,0120.63280,N,10349.20418,E,1,08,1.01,45.3,M,4.9,M,,*54
$GPGSA,A,3,02,05,12,13,15,18,24,25,,,,,2.01,1.01,1.73*0E
$GPGSV,3,1,10,02,45,120,38,05,30,045,35,12,70,300,42,13,15,210,29*7F
$GPGSV,3,2,10,15,55,080,40,18,20,330,31,24,35,170,36,25,60,020,41*7D
$GPGSV,3,3,10,29,05,260,,31,08,100,*79
$GPGLL,0120.63280,N,10349.20418,E,102514.00,A,A*66
$GPRMC,102515.00,A,0120.63265,N,10349.20543,E,2.198,109.68,250926,,,A*6A
$GPVTG,109.68,T,,M,2.198,N,4.070,K,A*3A
$GPGGA,102515.00,0120.63265,N,10349.20543,E,1,08,1.01,45.3,M,4.9,M,,*51
$GPGSA,A,3,02,05,12,13,15,18,24,25,,,,,2.01,1.01,1.73*0E
$GPGSV,3,1,10,02,45,120,38,05,30,045,35,12,70,300,42,13,15,210,29*7F
$GPGSV,3,2,10,15,55,080,40,18,20,330,31,24,35,170,36,25,60,020,41*7D
$GPGSV,3,3,10,29,05,260,,31,08,100,*79
$GPGLL,0120.63265,N,10349.20543,E,102515.00,A,A*63
$GPRMC,102516.00,A,0120.63276,N,10349.20527,E,2.713,116.32,250926,,,A*6D
$GPVTG,116.32,T,,M,2.713,N,5.025,K,A*3F
$GPGGA,102516.00,0120.63276,N,10349.20527,E,1,08,1.01,45.3,M,4.9,M,,*52
$GPGSA,A,3,02,05,12,13,15,18,24,25,,,,,2.01,1.01,1.73*0E
$GPGSV,3,1,10,02,45,120,38,05,30,045,35,12,70,300,42,13,15,210,29*7F
$GPGSV,3,2,10,15,55,080,40,18,20,330,31,24,35,170,36,25,60,020,41*7D
$GPGSV,3,3,10,29,05,260,,31,08,100,*79
$GPGLL,0120.63276,N,10349.20527,E,102516.00,A,A*60
$GPRMC,102517.00,A,0120.63300,N,10349.20650,E,2.676,112.45,250926,,,A*69
$GPVTG,112.45,T,,M,2.676,N,4.955,K,A*36
$GPGGA,102517.00,0120.63300,N,10349.20650,E,1,08,1.01,45.3,M,4.9,M,,*50
$GPGSA,A,3,02,05,12,13,15,18,24,25,,,,,2.01,1.01,1.73*0E
$GPGSV,3,1,10,02,45,120,38,05,30,045,35,12,70,300,42,13,15,210,29*7F
$GPGSV,3,2,10,15,55,080,40,18,20,330,31,24,35,170,36,25,60,020,41*7D
$GPGSV,3,3,10,29,05,260,,31,08,100,*79
$GPGLL,0120.63300,N,10349.20650,E,102517.00,A,A*62
$GPRMC,102518.00,A,0120.63287,N,10349.20694,E,2.522,116.31,250926,,,A*65
$GPVTG,116.31,T,,M,2.522,N,4.671,K,A*3A
$GPGGA,102518.00,0120.63287,N,10349.20694,E,1,08,1.01,45.3,M,4.9,M,,*59
$GPGSA,A,3,02,05,12,13,15,18,24,25,,,,,2.01,1.01,1.73*0E
$GPGSV,3,1,10,02,45,120,38,05,30,045,35,12,70,300,42,13,15,210,29*7F
$GPGSV,3,2,10,15,55,080,40,18,20,330,31,24,35,170,36,25,60,020,41*7D
$GPGSV,3,3,10,29,05,260,,31,08,100,*79
$GPGLL,0120.63287,N,10349.20694,E,102518.00,A,A*6B
$GPRMC,102519.00,A,0120.63240,N,10349.20717,E,2.564,121.57,250926,,,A*63
$GPVTG,121.57,T,,M,2.564,N,4.749,K,A*36
$GPGGA,102519.00,0120.63240,N,10349.20717,E,1,08,1.01,45.3,M,4.9,M,,*59
$GPGSA,A,3,02,05,12,13,15,18,24,25,,,,,2.01,1.01,1.73*0E
$GPGSV,3,1,10,02,45,120,38,05,30,045,35,12,70,300,42,13,15,210,29*7F
$GPGSV,3,2,10,15,55,080,40,18,20,330,31,24,35,170,36,25,60,020,41*7D
$GPGSV,3,3,10,29,05,260,,31,08,100,*79
$GPGLL,0120.63240,N,10349.20717,E,102519.00,A,A*6B
$GPRMC,102520.00,A,0120.63207,N,10349.20814,E,2.491,116.26,250926,,,A*6F
$GPVTG,116.26,T,,M,2.491,N,4.614,K,A*36
$GPGGA,102520.00,0120.63207,N,10349.20814,E,1,08,1.01,45.3,M,4.9,M,,*5C
$GPGSA,A,3,02,05,12,13,15,18,24,25,,,,,2.01,1.01,1.73*0E
$GPGSV,3,1,10,02,45,120,38,05,30,045,35,12,70,300,42,13,15,210,29*7F
$GPGSV,3,2,10,15,55,080,40,18,20,330,31,24,35,170,36,25,60,020,41*7D
$GPGSV,3,3,10,29,05,260,,31,08,100,*79
$GPGLL,0120.63207,N,10349.20814,E,102520.00,A,A*6E
$GPRMC,102521.00,A,0120.63105,N,10349.20893,E,2.499,123.25,250926,,,A*6D
$GPVTG,123.25,T,,M,2.499,N,4.627,K,A*3B
$GPGGA,102521.00,0120.63105,N,10349.20893,E,1,08,1.01,45.3,M,4.9,M,,*53
$GPGSA,A,3,02,05,12,13,15,18,24,25,,,,,2.01,1.01,1.73*0E
$GPGSV,3,1,10,02,45,120,38,05,30,045,35,12,70,300,42,13,15,210,29*7F
$GPGSV,3,2,10,15,55,080,40,18,20,330,31,24,35,170,36,25,60,020,41*7D
$GPGSV,3,3,10,29,05,260,,31,08,100,*79
$GPGLL,0120.63105,N,10349.20893,E,102521.00,A,A*61
$GPRMC,102522.00,A,0120.63035,N,10349.20999,E,2.657,109.11,250926,,,A*68
$GPVTG,109.11,T,,M,2.657,N,4.922,K,A*3E
$GPGGA,102522.00,0120.63035,N,10349.20999,E,1,08,1.01,45.3,M,4.9,M,,*59
$GPGSA,A,3,02,05,12,13,15,18,24,25,,,,,2.01,1.01,1.73*0E
$GPGSV,3,1,10,02,45,120,38,05,30,045,35,12,70,300,42,13,15,210,29*7F
$GPGSV,3,2,10,15,55,080,40,18,20,330,31,24,35,170,36,25,60,020,41*7D
$GPGSV,3,3,10,29,05,260,,31,08,100,*79
$GPGLL,0120.63035,N,10349.20999,E,102522.00,A,A*6B
$GPRMC,102523.00,A,0120.62976,N,10349.21034,E,2.536,113.33,250926,,,A*66
$GPVTG,113.33,T,,M,2.536,N,4.697,K,A*30
$GPGGA,102523.00,0120.62976,N,10349.21034,E,1,08,1.01,45.3,M,4.9,M,,*58
$GPGSA,A,3,02,05,12,13,15,18,24,25,,,,,2.01,1.01,1.73*0E
$GPGSV,3,1,10,02,45,120,38,05,30,045,35,12,70,300,42,13,15,210,29*7F
$GPGSV,3,2,10,15,55,080,40,18,20,330,31,24,35,170,36,25,60,020,41*7D
$GPGSV,3,3,10,29,05,260,,31,08,100,*79
$GPGLL,0120.62976,N,10349.21034,E,102523.00,A,A*6A
$GPRMC,102524.00,A,0120.63084,N,10349.21049,E,2.815,110.21,250926,,,A*62
$GPVTG,110.21,T,,M,2.815,N,5.213,K,A*35
$GPGGA,102524.00,0120.63084,N,10349.21049,E,1,08,1.01,45.3,M,4.9,M,,*50
$GPGSA,A,3,02,05,12,13,15,18,24,25,,,,,2.01,1.01,1.73*0E
$GPGSV,3,1,10,02,45,120,38,05,30,045,35,12,70,300,42,13,15,210,29*7F
$GPGSV,3,2,10,15,55,080,40,18,20,330,31,24,35,170,36,25,60,020,41*7D
$GPGSV,3,3,10,29,05,260,,31,08,100,*79
$GPGLL,0120.63084,N,10349.21049,E,102524.00,A,A*62
$GPRMC,102525.00,A,0120.63000,N,10349.21084,E,2.126,117.34,250926,,,A*64
$GPVTG,117.34,T,,M,2.126,N,3.936,K,A*35
$GPGGA,102525.00,0120.63000,N,10349.21084,E,1,08,1.01,45.3,M,4.9,M,,*5C
$GPGSA,A,3,02,05,12,13,15,18,24,25,,,,,2.01,1.01,1.73*0E
$GPGSV,3,1,10,02,45,120,38,05,30,045,35,12,70,300,42,13,15,210,29*7F
$GPGSV,3,2,10,15,55,080,40,18,20,330,31,24,35,170,36,25,60,020,41*7D
$GPGSV,3,3,10,29,05,260,,31,08,100,*79
$GPGLL,0120.63000,N,10349.21084,E,102525.00,A,A*6E
$GPRMC,102526.00,A,0120.62960,N,10349.21135,E,2.468,110.92,250926,,,A*66
$GPVTG,110.92,T,,M,2.468,N,4.571,K,A*39
$GPGGA,102526.00,0120.62960,N,10349.21135,E,1,08,1.01,45.3,M,4.9,M,,*5A
$GPGSA,A,3,02,05,12,13,15,18,24,25,,,,,2.01,1.01,1.73*0E
$GPGSV,3,1,10,02,45,120,38,05,30,045,35,12,70,300,42,13,15,210,29*7F
$GPGSV,3,2,10,15,55,080,40,18,20,330,31,24,35,170,36,25,60,020,41*7D
$GPGSV,3,3,10,29,05,260,,31,08,100,*79
$GPGLL,0120.62960,N,10349.21135,E,102526.00,A,A*68
$GPRMC,102527.00,A,0120.62980,N,10349.21226,E,2.468,114.19,250926,,,A*6F
$GPVTG,114.19,T,,M,2.468,N,4.571,K,A*3E
$GPGGA,102527.00,0120.62980,N,10349.21226,E,1,08,1.01,45.3,M,4.9,M,,*54
$GPGSA,A,3,02,05,12,13,15,18,24,25,,,,,2.01,1.01,1.73*0E
$GPGSV,3,1,10,02,45,120,38,05,30,045,35,12,70,300,42,13,15,210,29*7F
$GPGSV,3,2,10,15,55,080,40,18,20,330,31,24,35,170,36,25,60,020,41*7D
$GPGSV,3,3,10,29,05,260,,31,08,100,*79
$GPGLL,0120.62980,N,10349.21226,E,102527.00,A,A*66
$GPRMC,102528.00,A,0120.62880,N,10349.21258,E,2.448,128.83,250926,,,A*66
$GPVTG,128.83,T,,M,2.448,N,4.533,K,A*36
$GPGGA,102528.00,0120.62880,N,10349.21258,E,1,08,1.01,45.3,M,4.9,M,,*53
$GPGSA,A,3,02,05,12,13,15,18,24,25,,,,,2.01,1.01,1.73*0E
$GPGSV,3,1,10,02,45,120,38,05,30,045,35,12,70,300,42,13,15,210,29*7F
$GPGSV,3,2,10,15,55,080,40,18,20,330,31,24,35,170,36,25,60,020,41*7D
$GPGSV,3,3,10,29,05,260,,31,08,100,*79
$GPGLL,0120.62880,N,10349.21258,E,102528.00,A,A*61
$GPRMC,102529.00,A,0120.62865,N,10349.21375,E,2.338,113.42,250926,,,A*67
$GPVTG,113.42,T,,M,2.338,N,4.330,K,A*36
$GPGGA,102529.00,0120.62865,N,10349.21375,E,1,08,1.01,45.3,M,4.9,M,,*57
$GPGSA,A,3,02,05,12,13,15,18,24,25,,,,,2.01,1.01,1.73*0E
$GPGSV,3,1,10,02,45,120,38,05,30,045,35,12,70,300,42,13,15,210,29*7F
$GPGSV,3,2,10,15,55,080,40,18,20,330,31,24,35,170,36,25,60,020,41*7D
$GPGSV,3,3,10,29,05,260,,31,08,100,*79
$GPGLL,0120.62865,N,10349.21375,E,102529.00,A,A*65
$GPRMC,102530.00,A,0120.62789,N,10349.21476,E,1.795,44.91,250926,,,A*5B
$GPVTG,44.91,T,,M,1.795,N,3.325,K,A*08
$GPGGA,102530.00,0120.62789,N,10349.21476,E,1,08,1.01,45.3,M,4.9,M,,*56
$GPGSA,A,3,02,05,12,13,15,18,24,25,,,,,2.01,1.01,1.73*0E
$GPGSV,3,1,10,02,45,120,38,05,30,045,35,12,70,300,42,13,15,210,29*7F
$GPGSV,3,2,10,15,55,080,40,18,20,330,31,24,35,170,36,25,60,020,41*7D
$GPGSV,3,3,10,29,05,260,,31,08,100,*79
$GPGLL,0120.62789,N,10349.21476,E,102530.00,A,A*64
$GPRMC,102531.00,A,0120.62886,N,10349.21410,E,2.372,341.63,250926,,,A*6F
$GPVTG,341.63,T,,M,2.372,N,4.392,K,A*36
$GPGGA,102531.00,0120.62886,N,10349.21410,E,1,08,1.01,45.3,M,4.9,M,,*57
$GPGSA,A,3,02,05,12,13,15,18,24,25,,,,,2.01,1.01,1.73*0E
$GPGSV,3,1,10,02,45,120,38,05,30,045,35,12,70,300,42,13,15,210,29*7F
$GPGSV,3,2,10,15,55,080,40,18,20,330,31,24,35,170,36,25,60,020,41*7D
$GPGSV,3,3,10,29,05,260,,31,08,100,*79
$GPGLL,0120.62886,N,10349.21410,E,102531.00,A,A*65
$GPRMC,102532.00,A,0120.62905,N,10349.21472,E,2.479,341.14,250926,,,A*6E
$GPVTG,341.14,T,,M,2.479,N,4.592,K,A*3C
$GPGGA,102532.00,0120.62905,N,10349.21472,E,1,08,1.01,45.3,M,4.9,M,,*5A
$GPGSA,A,3,02,05,12,13,15,18,24,25,,,,,2.01,1.01,1.73*0E
$GPGSV,3,1,10,02,45,120,38,05,30,045,35,12,70,300,42,13,15,210,29*7F
$GPGSV,3,2,10,15,55,080,40,18,20,330,31,24,35,170,36,25,60,020,41*7D
$GPGSV,3,3,10,29,05,260,,31,08,100,*79
$GPGLL,0120.62905,N,10349.21472,E,102532.00,A,A*68
$GPRMC,102533.00,A,0120.63008,N,10349.21401,E,2.202,336.89,250926,,,A*60
$GPVTG,336.89,T,,M,2.202,N,4.078,K,A*33
$GPGGA,102533.00,0120.63008,N,10349.21401,E,1,08,1.01,45.3,M,4.9,M,,*5A
$GPGSA,A,3,02,05,12,13,15,18,24,25,,,,,2.01,1.01,1.73*0E
$GPGSV,3,1,10,02,45,120,38,05,30,045,35,12,70,300,42,13,15,210,29*7F
$GPGSV,3,2,10,15,55,080,40,18,20,330,31,24,35,170,36,25,60,020,41*7D
$GPGSV,3,3,10,29,05,260,,31,08,100,*79
$GPGLL,0120.63008,N,10349.21401,E,102533.00,A,A*68
$GPRMC,102534.00,A,0120.63047,N,10349.21420,E,2.547,329.36,250926,,,A*63
$GPVTG,329.36,T,,M,2.547,N,4.717,K,A*31
$GPGGA,102534.00,0120.63047,N,10349.21420,E,1,08,1.01,45.3,M,4.9,M,,*55
$GPGSA,A,3,02,05,12,13,15,18,24,25,,,,,2.01,1.01,1.73*0E
$GPGSV,3,1,10,02,45,120,38,05,30,045,35,12,70,300,42,13,15,210,29*7F
$GPGSV,3,2,10,15,55,080,40,18,20,330,31,24,35,170,36,25,60,020,41*7D
$GPGSV,3,3,10,29,05,260,,31,08,100,*79
$GPGLL,0120.63047,N,10349.21420,E,102534.00,A,A*67
$GPRMC,102535.00,A,0120.63216,N,10349.21349,E,2.880,342.35,250926,,,A*64
$GPVTG,342.35,T,,M,2.880,N,5.334,K,A*3D
$GPGGA,102535.00,0120.63216,N,10349.21349,E,1,08,1.01,45.3,M,4.9,M,,*5A
$GPGSA,A,3,02,05,12,13,15,18,24,25,,,,,2.01,1.01,1.73*0E
$GPGSV,3,1,10,02,45,120,38,05,30,045,35,12,70,300,42,13,15,210,29*7F
$GPGSV,3,2,10,15,55,080,40,18,20,330,31,24,35,170,36,25,60,020,41*7D
$GPGSV,3,3,10,29,05,260,,31,08,100,*79
$GPGLL,0120.63216,N,10349.21349,E,102535.00,A,A*68
$GPRMC,102536.00,A,0120.63251,N,10349.21294,E,2.499,342.60,250926,,,A*61
$GPVTG,342.60,T,,M,2.499,N,4.628,K,A*30
$GPGGA,102536.00,0120.63251,N,10349.21294,E,1,08,1.01,45.3,M,4.9,M,,*5B
$GPGSA,A,3,02,05,12,13,15,18,24,25,,,,,2.01,1.01,1.73*0E
$GPGSV,3,1,10,02,45,120,38,05,30,045,35,12,70,300,42,13,15,210,29*7F
$GPGSV,3,2,10,15,55,080,40,18,20,330,31,24,35,170,36,25,60,020,41*7D
$GPGSV,3,3,10,29,05,260,,31,08,100,*79
$GPGLL,0120.63251,N,10349.21294,E,102536.00,A,A*69
$GPRMC,102537.00,A,0120.63246,N,10349.21275,E,2.800,343.21,250926,,,A*61
$GPVTG,343.21,T,,M,2.800,N,5.185,K,A*39
$GPGGA,102537.00,0120.63246,N,10349.21275,E,1,08,1.01,45.3,M,4.9,M,,*53
$GPGSA,A,3,02,05,12,13,15,18,24,25,,,,,2.01,1.01,1.73*0E
$GPGSV,3,1,10,02,45,120,38,05,30,045,35,12,70,300,42,13,15,210,29*7F
$GPGSV,3,2,10,15,55,080,40,18,20,330,31,24,35,170,36,25,60,020,41*7D
$GPGSV,3,3,10,29,05,260,,31,08,100,*79
$GPGLL,0120.63246,N,10349.21275,E,102537.00,A,A*61
$GPRMC,102538.00,A,0120.63419,N,10349.21224,E,2.677,334.20,250926,,,A*69
$GPVTG,334.20,T,,M,2.677,N,4.957,K,A*30
$GPGGA,102538.00,0120.63419,N,10349.21224,E,1,08,1.01,45.3,M,4.9,M,,*54
$GPGSA,A,3,02,05,12,13,15,18,24,25,,,,,2.01,1.01,1.73*0E
$GPGSV,3,1,10,02,45,120,38,05,30,045,35,12,70,300,42,13,15,210,29*7F
$GPGSV,3,2,10,15,55,080,40,18,20,330,31,24,35,170,36,25,60,020,41*7D
$GPGSV,3,3,10,29,05,260,,31,08,100,*79
$GPGLL,0120.63419,N,10349.21224,E,102538.00,A,A*66
$GPRMC,102539.00,A,0120.63434,N,10349.21185,E,2.732,338.54,250926,,,A*60
$GPVTG,338.54,T,,M,2.732,N,5.059,K,A*39
$GPGGA,102539.00,0120.63434,N,10349.21185,E,1,08,1.01,45.3,M,4.9,M,,*52
$GPGSA,A,3,02,05,12,13,15,18,24,25,,,,,2.01,1.01,1.73*0E
$GPGSV,3,1,10,02,45,120,38,05,30,045,35,12,70,300,42,13,15,210,29*7F
$GPGSV,3,2,10,15,55,080,40,18,20,330,31,24,35,170,36,25,60,020,41*7D
$GPGSV,3,3,10,29,05,260,,31,08,100,*79
$GPGLL,0120.63434,N,10349.21185,E,102539.00,A,A*60
$GPRMC,102540.00,A,0120.63550,N,10349.21226,E,2.834,339.90,250926,,,A*67
$GPVTG,339.90,T,,M,2.834,N,5.248,K,A*3B
$GPGGA,102540.00,0120.63550,N,10349.21226,E,1,08,1.01,45.3,M,4.9,M,,*55
$GPGSA,A,3,02,05,12,13,15,18,24,25,,,,,2.01,1.01,1.73*0E
$GPGSV,3,1,10,02,45,120,38,05,30,045,35,12,70,300,42,13,15,210,29*7F
$GPGSV,3,2,10,15,55,080,40,18,20,330,31,24,35,170,36,25,60,020,41*7D
$GPGSV,3,3,10,29,05,260,,31,08,100,*79
$GPGLL,0120.63550,N,10349.21226,E,102540.00,A,A*67
$GPRMC,102541.00,A,0120.63652,N,10349.21192,E,2.564,338.32,250926,,,A*6A
$GPVTG,338.32,T,,M,2.564,N,4.748,K,A*3E
$GPGGA,102541.00,0120.63652,N,10349.21192,E,1,08,1.01,45.3,M,4.9,M,,*59
$GPGSA,A,3,02,05,12,13,15,18,24,25,,,,,2.01,1.01,1.73*0E
$GPGSV,3,1,10,02,45,120,38,05,30,045,35,12,70,300,42,13,15,210,29*7F
$GPGSV,3,2,10,15,55,080,40,18,20,330,31,24,35,170,36,25,60,020,41*7D
$GPGSV,3,3,10,29,05,260,,31,08,100,*79
$GPGLL,0120.63652,N,10349.21192,E,102541.00,A,A*6B
$GPRMC,102542.00,A,0120.63700,N,10349.21166,E,2.687,338.54,250926,,,A*6A
$GPVTG,338.54,T,,M,2.687,N,4.975,K,A*30
$GPGGA,102542.00,0120.63700,N,10349.21166,E,1,08,1.01,45.3,M,4.9,M,,*57
$GPGSA,A,3,02,05,12,13,15,18,24,25,,,,,2.01,1.01,1.73*0E
$GPGSV,3,1,10,02,45,120,38,05,30,045,35,12,70,300,42,13,15,210,29*7F
$GPGSV,3,2,10,15,55,080,40,18,20,330,31,24,35,170,36,25,60,020,41*7D
$GPGSV,3,3,10,29,05,260,,31,08,100,*79
$GPGLL,0120.63700,N,10349.21166,E,102542.00,A,A*65
$GPRMC,102543.00,A,0120.63714,N,10349.21183,E,2.397,347.10,250926,,,A*69
$GPVTG,347.10,T,,M,2.397,N,4.439,K,A*39
$GPGGA,102543.00,0120.63714,N,10349.21183,E,1,08,1.01,45.3,M,4.9,M,,*58
$GPGSA,A,3,02,05,12,13,15,18,24,25,,,,,2.01,1.01,1.73*0E
$GPGSV,3,1,10,02,45,120,38,05,30,045,35,12,70,300,42,13,15,210,29*7F
$GPGSV,3,2,10,15,55,080,40,18,20,330,31,24,35,170,36,25,60,020,41*7D
$GPGSV,3,3,10,29,05,260,,31,08,100,*79
$GPGLL,0120.63714,N,10349.21183,E,102543.00,A,A*6A
$GPRMC,102544.00,A,0120.63747,N,10349.21062,E,2.719,335.66,250926,,,A*60
$GPVTG,335.66,T,,M,2.719,N,5.035,K,A*36
$GPGGA,102544.00,0120.63747,N,10349.21062,E,1,08,1.01,45.3,M,4.9,M,,*57
$GPGSA,A,3,02,05,12,13,15,18,24,25,,,,,2.01,1.01,1.73*0E
$GPGSV,3,1,10,02,45,120,38,05,30,045,35,12,70,300,42,13,15,210,29*7F
$GPGSV,3,2,10,15,55,080,40,18,20,330,31,24,35,170,36,25,60,020,41*7D
$GPGSV,3,3,10,29,05,260,,31,08,100,*79
$GPGLL,0120.63747,N,10349.21062,E,102544.00,A,A*65
$GPRMC,102545.00,A,0120.63856,N,10349.21048,E,2.311,339.69,250926,,,A*69
$GPVTG,339.69,T,,M,2.311,N,4.280,K,A*34
$GPGGA,102545.00,0120.63856,N,10349.21048,E,1,08,1.01,45.3,M,4.9,M,,*51
$GPGSA,A,3,02,05,12,13,15,18,24,25,,,,,2.01,1.01,1.73*0E
$GPGSV,3,1,10,02,45,120,38,05,30,045,35,12,70,300,42,13,15,210,29*7F
$GPGSV,3,2,10,15,55,080,40,18,20,330,31,24,35,170,36,25,60,020,41*7D
$GPGSV,3,3,10,29,05,260,,31,08,100,*79
$GPGLL,0120.63856,N,10349.21048,E,102545.00,A,A*63
$GPRMC,102546.00,A,0120.63852,N,10349.21090,E,2.492,337.79,250926,,,A*68
$GPVTG,337.79,T,,M,2.492,N,4.615,K,A*3F
$GPGGA,102546.00,0120.63852,N,10349.21090,E,1,08,1.01,45.3,M,4.9,M,,*53
$GPGSA,A,3,02,05,12,13,15,18,24,25,,,,,2.01,1.01,1.73*0E
$GPGSV,3,1,10,02,45,120,38,05,30,045,35,12,70,300,42,13,15,210,29*7F
$GPGSV,3,2,10,15,55,080,40,18,20,330,31,24,35,170,36,25,60,020,41*7D
$GPGSV,3,3,10,29,05,260,,31,08,100,*79
$GPGLL,0120.63852,N,10349.21090,E,102546.00,A,A*61
$GPRMC,102547.00,A,0120.63953,N,10349.20997,E,2.281,337.72,250926,,,A*69
$GPVTG,337.72,T,,M,2.281,N,4.224,K,A*36
$GPGGA,102547.00,0120.63953,N,10349.20997,E,1,08,1.01,45.3,M,4.9,M,,*5D
$GPGSA,A,3,02,05,12,13,15,18,24,25,,,,,2.01,1.01,1.73*0E
$GPGSV,3,1,10,02,45,120,38,05,30,045,35,12,70,300,42,13,15,210,29*7F
$GPGSV,3,2,10,15,55,080,40,18,20,330,31,24,35,170,36,25,60,020,41*7D
$GPGSV,3,3,10,29,05,260,,31,08,100,*79
$GPGLL,0120.63953,N,10349.20997,E,102547.00,A,A*6F
$GPRMC,102548.00,A,0120.64049,N,10349.20991,E,2.713,344.95,250926,,,A*66
$GPVTG,344.95,T,,M,2.713,N,5.025,K,A*37
$GPGGA,102548.00,0120.64049,N,10349.20991,E,1,08,1.01,45.3,M,4.9,M,,*51
$GPGSA,A,3,02,05,12,13,15,18,24,25,,,,,2.01,1.01,1.73*0E
$GPGSV,3,1,10,02,45,120,38,05,30,045,35,12,70,300,42,13,15,210,29*7F
$GPGSV,3,2,10,15,55,080,40,18,20,330,31,24,35,170,36,25,60,020,41*7D
$GPGSV,3,3,10,29,05,260,,31,08,100,*79
$GPGLL,0120.64049,N,10349.20991,E,102548.00,A,A*63
$GPRMC,102549.00,A,0120.64100,N,10349.20955,E,2.473,335.86,250926,,,A*62
$GPVTG,335.86,T,,M,2.473,N,4.580,K,A*3D
$GPGGA,102549.00,0120.64100,N,10349.20955,E,1,08,1.01,45.3,M,4.9,M,,*54
$GPGSA,A,3,02,05,12,13,15,18,24,25,,,,,2.01,1.01,1.73*0E
$GPGSV,3,1,10,02,45,120,38,05,30,045,35,12,70,300,42,13,15,210,29*7F
$GPGSV,3,2,10,15,55,080,40,18,20,330,31,24,35,170,36,25,60,020,41*7D
$GPGSV,3,3,10,29,05,260,,31,08,100,*79
$GPGLL,0120.64100,N,10349.20955,E,102549.00,A,A*66
$GPRMC,102550.00,A,0120.64124,N,10349.20961,E,2.550,340.83,250926,,,A*6C
$GPVTG,340.83,T,,M,2.550,N,4.722,K,A*30
$GPGGA,102550.00,0120.64124,N,10349.20961,E,1,08,1.01,45.3,M,4.9,M,,*5D
$GPGSA,A,3,02,05,12,13,15,18,24,25,,,,,2.01,1.01,1.73*0E
$GPGSV,3,1,10,02,45,120,38,05,30,045,35,12,70,300,42,13,15,210,29*7F
$GPGSV,3,2,10,15,55,080,40,18,20,330,31,24,35,170,36,25,60,020,41*7D
$GPGSV,3,3,10,29,05,260,,31,08,100,*79
$GPGLL,0120.64124,N,10349.20961,E,102550.00,A,A*6F
$GPRMC,102551.00,A,0120.64277,N,10349.20880,E,2.642,338.76,250926,,,A*63
$GPVTG,338.76,T,,M,2.642,N,4.893,K,A*30
$GPGGA,102551.00,0120.64277,N,10349.20880,E,1,08,1.01,45.3,M,4.9,M,,*57
$GPGSA,A,3,02,05,12,13,15,18,24,25,,,,,2.01,1.01,1.73*0E
$GPGSV,3,1,10,02,45,120,38,05,30,045,35,12,70,300,42,13,15,210,29*7F
$GPGSV,3,2,10,15,55,080,40,18,20,330,31,24,35,170,36,25,60,020,41*7D
$GPGSV,3,3,10,29,05,260,,31,08,100,*79
$GPGLL,0120.64277,N,10349.20880,E,102551.00,A,A*65
$GPRMC,102552.00,A,0120.64312,N,10349.20862,E,2.634,339.48,250926,,,A*63
$GPVTG,339.48,T,,M,2.634,N,4.879,K,A*39
$GPGGA,102552.00,0120.64312,N,10349.20862,E,1,08,1.01,45.3,M,4.9,M,,*5A
$GPGSA,A,3,02,05,12,13,15,18,24,25,,,,,2.01,1.01,1.73*0E
$GPGSV,3,1,10,02,45,120,38,05,30,045,35,12,70,300,42,13,15,210,29*7F
$GPGSV,3,2,10,15,55,080,40,18,20,330,31,24,35,170,36,25,60,020,41*7D
$GPGSV,3,3,10,29,05,260,,31,08,100,*79
$GPGLL,0120.64312,N,10349.20862,E,102552.00,A,A*68
$GPRMC,102553.00,A,0120.64405,N,10349.20799,E,2.422,334.22,250926,,,A*6C
$GPVTG,334.22,T,,M,2.422,N,4.486,K,A*31
$GPGGA,102553.00,0120.64405,N,10349.20799,E,1,08,1.01,45.3,M,4.9,M,,*51
$GPGSA,A,3,02,05,12,13,15,18,24,25,,,,,2.01,1.01,1.73*0E
$GPGSV,3,1,10,02,45,120,38,05,30,045,35,12,70,300,42,13,15,210,29*7F
$GPGSV,3,2,10,15,55,080,40,18,20,330,31,24,35,170,36,25,60,020,41*7D
$GPGSV,3,3,10,29,05,260,,31,08,100,*79
$GPGLL,0120.64405,N,10349.20799,E,102553.00,A,A*63
$GPRMC,102554.00,A,0120.64465,N,10349.20768,E,2.587,335.46,250926,,,A*6E
$GPVTG,335.46,T,,M,2.587,N,4.792,K,A*3A
$GPGGA,102554.00,0120.64465,N,10349.20768,E,1,08,1.01,45.3,M,4.9,M,,*5E
$GPGSA,A,3,02,05,12,13,15,18,24,25,,,,,2.01,1.01,1.73*0E
$GPGSV,3,1,10,02,45,120,38,05,30,045,35,12,70,300,42,13,15,210,29*7F
$GPGSV,3,2,10,15,55,080,40,18,20,330,31,24,35,170,36,25,60,020,41*7D
$GPGSV,3,3,10,29,05,260,,31,08,100,*79
$GPGLL,0120.64465,N,10349.20768,E,102554.00,A,A*6C
$GPRMC,102555.00,A,0120.64520,N,10349.20831,E,2.839,345.81,250926,,,A*68
$GPVTG,345.81,T,,M,2.839,N,5.257,K,A*33
$GPGGA,102555.00,0120.64520,N,10349.20831,E,1,08,1.01,45.3,M,4.9,M,,*5C
$GPGSA,A,3,02,05,12,13,15,18,24,25,,,,,2.01,1.01,1.73*0E
$GPGSV,3,1,10,02,45,120,38,05,30,045,35,12,70,300,42,13,15,210,29*7F
$GPGSV,3,2,10,15,55,080,40,18,20,330,31,24,35,170,36,25,60,020,41*7D
$GPGSV,3,3,10,29,05,260,,31,08,100,*79
$GPGLL,0120.64520,N,10349.20831,E,102555.00,A,A*6E
$GPRMC,102556.00,A,0120.64593,N,10349.20760,E,2.290,346.86,250926,,,A*65
$GPVTG,346.86,T,,M,2.290,N,4.241,K,A*38
$GPGGA,102556.00,0120.64593,N,10349.20760,E,1,08,1.01,45.3,M,4.9,M,,*5C
$GPGSA,A,3,02,05,12,13,15,18,24,25,,,,,2.01,1.01,1.73*0E
$GPGSV,3,1,10,02,45,120,38,05,30,045,35,12,70,300,42,13,15,210,29*7F
$GPGSV,3,2,10,15,55,080,40,18,20,330,31,24,35,170,36,25,60,020,41*7D
$GPGSV,3,3,10,29,05,260,,31,08,100,*79
$GPGLL,0120.64593,N,10349.20760,E,102556.00,A,A*6E
$GPRMC,102557.00,A,0120.64703,N,10349.20685,E,2.677,343.82,250926,,,A*69
$GPVTG,343.82,T,,M,2.677,N,4.958,K,A*37
$GPGGA,102557.00,0120.64703,N,10349.20685,E,1,08,1.01,45.3,M,4.9,M,,*5C
$GPGSA,A,3,02,05,12,13,15,18,24,25,,,,,2.01,1.01,1.73*0E
$GPGSV,3,1,10,02,45,120,38,05,30,045,35,12,70,300,42,13,15,210,29*7F
$GPGSV,3,2,10,15,55,080,40,18,20,330,31,24,35,170,36,25,60,020,41*7D
$GPGSV,3,3,10,29,05,260,,31,08,100,*79
$GPGLL,0120.64703,N,10349.20685,E,102557.00,A,A*6E
$GPRMC,102558.00,A,0120.64704,N,10349.20680,E,2.913,338.80,250926,,,A*67
$GPVTG,338.80,T,,M,2.913,N,5.395,K,A*3E
$GPGGA,102558.00,0120.64704,N,10349.20680,E,1,08,1.01,45.3,M,4.9,M,,*51
$GPGSA,A,3,02,05,12,13,15,18,24,25,,,,,2.01,1.01,1.73*0E
$GPGSV,3,1,10,02,45,120,38,05,30,045,35,12,70,300,42,13,15,210,29*7F
$GPGSV,3,2,10,15,55,080,40,18,20,330,31,24,35,170,36,25,60,020,41*7D
$GPGSV,3,3,10,29,05,260,,31,08,100,*79
$GPGLL,0120.64704,N,10349.20680,E,102558.00,A,A*63
$GPRMC,102559.00,A,0120.64793,N,10349.20674,E,2.419,338.64,250926,,,A*6E
$GPVTG,338.64,T,,M,2.419,N,4.481,K,A*30
$GPGGA,102559.00,0120.64793,N,10349.20674,E,1,08,1.01,45.3,M,4.9,M,,*55
$GPGSA,A,3,02,05,12,13,15,18,24,25,,,,,2.01,1.01,1.73*0E
$GPGSV,3,1,10,02,45,120,38,05,30,045,35,12,70,300,42,13,15,210,29*7F
$GPGSV,3,2,10,15,55,080,40,18,20,330,31,24,35,170,36,25,60,020,41*7D
$GPGSV,3,3,10,29,05,260,,31,08,100,*79
$GPGLL,0120.64793,N,10349.20674,E,102559.00,A,A*67
$GPRMC,102600.00,A,0120.64819,N,10349.20679,E,2.599,337.42,250926,,,A*63
$GPVTG,337.42,T,,M,2.599,N,4.813,K,A*35
$GPGGA,102600.00,0120.64819,N,10349.20679,E,1,08,1.01,45.3,M,4.9,M,,*5A
$GPGSA,A,3,02,05,12,13,15,18,24,25,,,,,2.01,1.01,1.73*0E
$GPGSV,3,1,10,02,45,120,38,05,30,045,35,12,70,300,42,13,15,210,29*7F
$GPGSV,3,2,10,15,55,080,40,18,20,330,31,24,35,170,36,25,60,020,41*7D
$GPGSV,3,3,10,29,05,260,,31,08,100,*79
$GPGLL,0120.64819,N,10349.20679,E,102600.00,A,A*68
$GPRMC,102601.00,A,0120.64973,N,10349.20643,E,2.667,338.80,250926,,,A*65
$GPVTG,338.80,T,,M,2.667,N,4.940,K,A*31
$GPGGA,102601.00,0120.64973,N,10349.20643,E,1,08,1.01,45.3,M,4.9,M,,*5F
$GPGSA,A,3,02,05,12,13,15,18,24,25,,,,,2.01,1.01,1.73*0E
$GPGSV,3,1,10,02,45,120,38,05,30,045,35,12,70,300,42,13,15,210,29*7F
$GPGSV,3,2,10,15,55,080,40,18,20,330,31,24,35,170,36,25,60,020,41*7D
$GPGSV,3,3,10,29,05,260,,31,08,100,*79
$GPGLL,0120.64973,N,10349.20643,E,102601.00,A,A*6D
$GPRMC,102602.00,A,0120.65042,N,10349.20625,E,2.567,341.64,250926,,,A*6B
$GPVTG,341.64,T,,M,2.567,N,4.755,K,A*3C
$GPGGA,102602.00,0120.65042,N,10349.20625,E,1,08,1.01,45.3,M,4.9,M,,*56
$GPGSA,A,3,02,05,12,13,15,18,24,25,,,,,2.01,1.01,1.73*0E
$GPGSV,3,1,10,02,45,120,38,05,30,045,35,12,70,300,42,13,15,210,29*7F
$GPGSV,3,2,10,15,55,080,40,18,20,330,31,24,35,170,36,25,60,020,41*7D
$GPGSV,3,3,10,29,05,260,,31,08,100,*79
$GPGLL,0120.65042,N,10349.20625,E,102602.00,A,A*64
$GPRMC,102603.00,A,0120.65111,N,10349.20579,E,2.805,344.27,250926,,,A*6C
$GPVTG,344.27,T,,M,2.805,N,5.196,K,A*3F
$GPGGA,102603.00,0120.65111,N,10349.20579,E,1,08,1.01,45.3,M,4.9,M,,*5A
$GPGSA,A,3,02,05,12,13,15,18,24,25,,,,,2.01,1.01,1.73*0E
$GPGSV,3,1,10,02,45,120,38,05,30,045,35,12,70,300,42,13,15,210,29*7F
$GPGSV,3,2,10,15,55,080,40,18,20,330,31,24,35,170,36,25,60,020,41*7D
$GPGSV,3,3,10,29,05,260,,31,08,100,*79
$GPGLL,0120.65111,N,10349.20579,E,102603.00,A,A*68
$GPRMC,102604.00,A,0120.65095,N,10349.20528,E,2.409,241.69,250926,,,A*6C
$GPVTG,241.69,T,,M,2.409,N,4.462,K,A*3E
$GPGGA,102604.00,0120.65095,N,10349.20528,E,1,08,1.01,45.3,M,4.9,M,,*54
$GPGSA,A,3,02,05,12,13,15,18,24,25,,,,,2.01,1.01,1.73*0E
$GPGSV,3,1,10,02,45,120,38,05,30,045,35,12,70,300,42,13,15,210,29*7F
$GPGSV,3,2,10,15,55,080,40,18,20,330,31,24,35,170,36,25,60,020,41*7D
$GPGSV,3,3,10,29,05,260,,31,08,100,*79
$GPGLL,0120.65095,N,10349.20528,E,102604.00,A,A*66
$GPRMC,102605.00,A,0120.65126,N,10349.20402,E,2.674,226.60,250926,,,A*6D
$GPVTG,226.60,T,,M,2.674,N,4.953,K,A*31
$GPGGA,102605.00,0120.65126,N,10349.20402,E,1,08,1.01,45.3,M,4.9,M,,*55
$GPGSA,A,3,02,05,12,13,15,18,24,25,,,,,2.01,1.01,1.73*0E
$GPGSV,3,1,10,02,45,120,38,05,30,045,35,12,70,300,42,13,15,210,29*7F
$GPGSV,3,2,10,15,55,080,40,18,20,330,31,24,35,170,36,25,60,020,41*7D
$GPGSV,3,3,10,29,05,260,,31,08,100,*79
$GPGLL,0120.65126,N,10349.20402,E,102605.00,A,A*67
$GPRMC,102606.00,A,0120.65009,N,10349.20374,E,2.311,217.24,250926,,,A*60
$GPVTG,217.24,T,,M,2.311,N,4.280,K,A*30
$GPGGA,102606.00,0120.65009,N,10349.20374,E,1,08,1.01,45.3,M,4.9,M,,*5C
$GPGSA,A,3,02,05,12,13,15,18,24,25,,,,,2.01,1.01,1.73*0E
$GPGSV,3,1,10,02,45,120,38,05,30,045,35,12,70,300,42,13,15,210,29*7F
$GPGSV,3,2,10,15,55,080,40,18,20,330,31,24,35,170,36,25,60,020,41*7D
$GPGSV,3,3,10,29,05,260,,31,08,100,*79
$GPGLL,0120.65009,N,10349.20374,E,102606.00,A,A*6E
$GPRMC,102607.00,A,0120.64999,N,10349.20329,E,2.528,229.50,250926,,,A*6A
$GPVTG,229.50,T,,M,2.528,N,4.683,K,A*35
$GPGGA,102607.00,0120.64999,N,10349.20329,E,1,08,1.01,45.3,M,4.9,M,,*54
$GPGSA,A,3,02,05,12,13,15,18,24,25,,,,,2.01,1.01,1.73*0E
$GPGSV,3,1,10,02,45,120,38,05,30,045,35,12,70,300,42,13,15,210,29*7F
$GPGSV,3,2,10,15,55,080,40,18,20,330,31,24,35,170,36,25,60,020,41*7D
$GPGSV,3,3,10,29,05,260,,31,08,100,*79
$GPGLL,0120.64999,N,10349.20329,E,102607.00,A,A*66
$GPRMC,102608.00,A,0120.64937,N,10349.20250,E,2.305,214.77,250926,,,A*6C
$GPVTG,214.77,T,,M,2.305,N,4.269,K,A*37
$GPGGA,102608.00,0120.64937,N,10349.20250,E,1,08,1.01,45.3,M,4.9,M,,*50
$GPGSA,A,3,02,05,12,13,15,18,24,25,,,,,2.01,1.01,1.73*0E
$GPGSV,3,1,10,02,45,120,38,05,30,045,35,12,70,300,42,13,15,210,29*7F
$GPGSV,3,2,10,15,55,080,40,18,20,330,31,24,35,170,36,25,60,020,41*7D
$GPGSV,3,3,10,29,05,260,,31,08,100,*79
$GPGLL,0120.64937,N,10349.20250,E,102608.00,A,A*62
$GPRMC,102609.00,A,0120.64860,N,10349.20278,E,2.690,222.90,250926,,,A*61
$GPVTG,222.90,T,,M,2.690,N,4.983,K,A*3D
$GPGGA,102609.00,0120.64860,N,10349.20278,E,1,08,1.01,45.3,M,4.9,M,,*58
$GPGSA,A,3,02,05,12,13,15,18,24,25,,,,,2.01,1.01,1.73*0E
$GPGSV,3,1,10,02,45,120,38,05,30,045,35,12,70,300,42,13,15,210,29*7F
$GPGSV,3,2,10,15,55,080,40,18,20,330,31,24,35,170,36,25,60,020,41*7D
$GPGSV,3,3,10,29,05,260,,31,08,100,*79
$GPGLL,0120.64860,N,10349.20278,E,102609.00,A,A*6A
$GPRMC,102610.00,A,0120.64783,N,10349.20080,E,2.615,220.21,250926,,,A*6B
$GPVTG,220.21,T,,M,2.615,N,4.843,K,A*35
$GPGGA,102610.00,0120.64783,N,10349.20080,E,1,08,1.01,45.3,M,4.9,M,,*57
$GPGSA,A,3,02,05,12,13,15,18,24,25,,,,,2.01,1.01,1.73*0E
$GPGSV,3,1,10,02,45,120,38,05,30,045,35,12,70,300,42,13,15,210,29*7F
$GPGSV,3,2,10,15,55,080,40,18,20,330,31,24,35,170,36,25,60,020,41*7D
$GPGSV,3,3,10,29,05,260,,31,08,100,*79
$GPGLL,0120.64783,N,10349.20080,E,102610.00,A,A*65
$GPRMC,102611.00,A,0120.64708,N,10349.20061,E,2.473,212.26,250926,,,A*62
$GPVTG,212.26,T,,M,2.473,N,4.579,K,A*35
$GPGGA,102611.00,0120.64708,N,10349.20061,E,1,08,1.01,45.3,M,4.9,M,,*5A
$GPGSA,A,3,02,05,12,13,15,18,24,25,,,,,2.01,1.01,1.73*0E
$GPGSV,3,1,10,02,45,120,38,05,30,045,35,12,70,300,42,13,15,210,29*7F
$GPGSV,3,2,10,15,55,080,40,18,20,330,31,24,35,170,36,25,60,020,41*7D
$GPGSV,3,3,10,29,05,260,,31,08,100,*79
$GPGLL,0120.64708,N,10349.20061,E,102611.00,A,A*68
$GPRMC,102612.00,A,0120.64726,N,10349.19993,E,2.147,222.42,250926,,,A*60
$GPVTG,222.42,T,,M,2.147,N,3.976,K,A*32
$GPGGA,102612.00,0120.64726,N,10349.19993,E,1,08,1.01,45.3,M,4.9,M,,*5B
$GPGSA,A,3,02,05,12,13,15,18,24,25,,,,,2.01,1.01,1.73*0E
$GPGSV,3,1,10,02,45,120,38,05,30,045,35,12,70,300,42,13,15,210,29*7F
$GPGSV,3,2,10,15,55,080,40,18,20,330,31,24,35,170,36,25,60,020,41*7D
$GPGSV,3,3,10,29,05,260,,31,08,100,*79
$GPGLL,0120.64726,N,10349.19993,E,102612.00,A,A*69
$GPRMC,102613.00,A,0120.64655,N,10349.19938,E,2.816,220.05,250926,,,A*69
$GPVTG,220.05,T,,M,2.816,N,5.215,K,A*36
$GPGGA,102613.00,0120.64655,N,10349.19938,E,1,08,1.01,45.3,M,4.9,M,,*5E
$GPGSA,A,3,02,05,12,13,15,18,24,25,,,,,2.01,1.01,1.73*0E
$GPGSV,3,1,10,02,45,120,38,05,30,045,35,12,70,300,42,13,15,210,29*7F
$GPGSV,3,2,10,15,55,080,40,18,20,330,31,24,35,170,36,25,60,020,41*7D
$GPGSV,3,3,10,29,05,260,,31,08,100,*79
$GPGLL,0120.64655,N,10349.19938,E,102613.00,A,A*6C
$GPRMC,102614.00,A,0120.64590,N,10349.19900,E,2.702,218.13,250926,,,A*69
$GPVTG,218.13,T,,M,2.702,N,5.004,K,A*32
$GPGGA,102614.00,0120.64590,N,10349.19900,E,1,08,1.01,45.3,M,4.9,M,,*58
$GPGSA,A,3,02,05,12,13,15,18,24,25,,,,,2.01,1.01,1.73*0E
$GPGSV,3,1,10,02,45,120,38,05,30,045,35,12,70,300,42,13,15,210,29*7F
$GPGSV,3,2,10,15,55,080,40,18,20,330,31,24,35,170,36,25,60,020,41*7D
$GPGSV,3,3,10,29,05,260,,31,08,100,*79
$GPGLL,0120.64590,N,10349.19900,E,102614.00,A,A*6A
$GPRMC,102615.00,A,0120.64515,N,10349.19823,E,2.033,225.14,250926,,,A*69
$GPVTG,225.14,T,,M,2.033,N,3.765,K,A*38
$GPGGA,102615.00,0120.64515,N,10349.19823,E,1,08,1.01,45.3,M,4.9,M,,*54
$GPGSA,A,3,02,05,12,13,15,18,24,25,,,,,2.01,1.01,1.73*0E
$GPGSV,3,1,10,02,45,120,38,05,30,045,35,12,70,300,42,13,15,210,29*7F
$GPGSV,3,2,10,15,55,080,40,18,20,330,31,24,35,170,36,25,60,020,41*7D
$GPGSV,3,3,10,29,05,260,,31,08,100,*79
$GPGLL,0120.64515,N,10349.19823,E,102615.00,A,A*66
$GPRMC,102616.00,A,0120.64580,N,10349.19824,E,0.695,70.35,250926,,,A*58
$GPVTG,70.35,T,,M,0.695,N,1.288,K,A*05
$GPGGA,102616.00,0120.64580,N,10349.19824,E,1,08,1.01,45.3,M,4.9,M,,*5C
$GPGSA,A,3,02,05,12,13,15,18,24,25,,,,,2.01,1.01,1.73*0E
$GPGSV,3,1,10,02,45,120,38,05,30,045,35,12,70,300,42,13,15,210,29*7F
$GPGSV,3,2,10,15,55,080,40,18,20,330,31,24,35,170,36,25,60,020,41*7D
$GPGSV,3,3,10,29,05,260,,31,08,100,*79
$GPGLL,0120.64580,N,10349.19824,E,102616.00,A,A*6E
$GPRMC,102617.00,A,0120.64502,N,10349.19774,E,0.317,135.60,250926,,,A*66
$GPVTG,135.60,T,,M,0.317,N,0.586,K,A*32
$GPGGA,102617.00,0120.64502,N,10349.19774,E,1,08,1.01,45.3,M,4.9,M,,*5D
$GPGSA,A,3,02,05,12,13,15,18,24,25,,,,,2.01,1.01,1.73*0E
$GPGSV,3,1,10,02,45,120,38,05,30,045,35,12,70,300,42,13,15,210,29*7F
$GPGSV,3,2,10,15,55,080,40,18,20,330,31,24,35,170,36,25,60,020,41*7D
$GPGSV,3,3,10,29,05,260,,31,08,100,*79
$GPGLL,0120.64502,N,10349.19774,E,102617.00,A,A*6F
$GPRMC,102618.00,A,0120.64492,N,10349.19817,E,0.117,44.80,250926,,,A*50
$GPVTG,44.80,T,,M,0.117,N,0.216,K,A*07
$GPGGA,102618.00,0120.64492,N,10349.19817,E,1,08,1.01,45.3,M,4.9,M,,*50
$GPGSA,A,3,02,05,12,13,15,18,24,25,,,,,2.01,1.01,1.73*0E
$GPGSV,3,1,10,02,45,120,38,05,30,045,35,12,70,300,42,13,15,210,29*7F
$GPGSV,3,2,10,15,55,080,40,18,20,330,31,24,35,170,36,25,60,020,41*7D
$GPGSV,3,3,10,29,05,260,,31,08,100,*79
$GPGLL,0120.64492,N,10349.19817,E,102618.00,A,A*62
$GPRMC,102619.00,A,0120.64443,N,10349.19816,E,0.071,284.39,250926,,,A*61
$GPVTG,284.39,T,,M,0.071,N,0.131,K,A*3C
$GPGGA,102619.00,0120.64443,N,10349.19816,E,1,08,1.01,45.3,M,4.9,M,,*5C
$GPGSA,A,3,02,05,12,13,15,18,24,25,,,,,2.01,1.01,1.73*0E
$GPGSV,3,1,10,02,45,120,38,05,30,045,35,12,70,300,42,13,15,210,29*7F
$GPGSV,3,2,10,15,55,080,40,18,20,330,31,24,35,170,36,25,60,020,41*7D
$GPGSV,3,3,10,29,05,260,,31,08,100,*79
$GPGLL,0120.64443,N,10349.19816,E,102619.00,A,A*6E
$GPRMC,102620.00,A,0120.64465,N,10349.19792,E,0.305,276.19,250926,,,A*63
$GPVTG,276.19,T,,M,0.305,N,0.565,K,A*36
$GPGGA,102620.00,0120.64465,N,10349.19792,E,1,08,1.01,45.3,M,4.9,M,,*51
$GPGSA,A,3,02,05,12,13,15,18,24,25,,,,,2.01,1.01,1.73*0E
$GPGSV,3,1,10,02,45,120,38,05,30,045,35,12,70,300,42,13,15,210,29*7F
$GPGSV,3,2,10,15,55,080,40,18,20,330,31,24,35,170,36,25,60,020,41*7D
$GPGSV,3,3,10,29,05,260,,31,08,100,*79
$GPGLL,0120.64465,N,10349.19792,E,102620.00,A,A*63
$GPRMC,102621.00,A,0120.64416,N,10349.19777,E,0.372,69.11,250926,,,A*59
$GPVTG,69.11,T,,M,0.372,N,0.690,K,A*0B
$GPGGA,102621.00,0120.64416,N,10349.19777,E,1,08,1.01,45.3,M,4.9,M,,*5F
$GPGSA,A,3,02,05,12,13,15,18,24,25,,,,,2.01,1.01,1.73*0E
$GPGSV,3,1,10,02,45,120,38,05,30,045,35,12,70,300,42,13,15,210,29*7F
$GPGSV,3,2,10,15,55,080,40,18,20,330,31,24,35,170,36,25,60,020,41*7D
$GPGSV,3,3,10,29,05,260,,31,08,100,*79
$GPGLL,0120.64416,N,10349.19777,E,102621.00,A,A*6D
$GPRMC,102622.00,A,0120.64438,N,10349.19812,E,0.240,162.40,250926,,,A*64
$GPVTG,162.40,T,,M,0.240,N,0.444,K,A*3E
$GPGGA,102622.00,0120.64438,N,10349.19812,E,1,08,1.01,45.3,M,4.9,M,,*5C
$GPGSA,A,3,02,05,12,13,15,18,24,25,,,,,2.01,1.01,1.73*0E
$GPGSV,3,1,10,02,45,120,38,05,30,045,35,12,70,300,42,13,15,210,29*7F
$GPGSV,3,2,10,15,55,080,40,18,20,330,31,24,35,170,36,25,60,020,41*7D
$GPGSV,3,3,10,29,05,260,,31,08,100,*79
$GPGLL,0120.64438,N,10349.19812,E,102622.00,A,A*6E
$GPRMC,102623.00,A,0120.64477,N,10349.19768,E,0.312,194.40,250926,,,A*63
$GPVTG,194.40,T,,M,0.312,N,0.579,K,A*3E
$GPGGA,102623.00,0120.64477,N,10349.19768,E,1,08,1.01,45.3,M,4.9,M,,*54
$GPGSA,A,3,02,05,12,13,15,18,24,25,,,,,2.01,1.01,1.73*0E
$GPGSV,3,1,10,02,45,120,38,05,30,045,35,12,70,300,42,13,15,210,29*7F
$GPGSV,3,2,10,15,55,080,40,18,20,330,31,24,35,170,36,25,60,020,41*7D
$GPGSV,3,3,10,29,05,260,,31,08,100,*79
$GPGLL,0120.64477,N,10349.19768,E,102623.00,A,A*66
$GPRMC,102624.00,A,0120.64411,N,10349.19855,E,0.199,288.65,250926,,,A*6D
$GPVTG,288.65,T,,M,0.199,N,0.369,K,A*31
$GPGGA,102624.00,0120.64411,N,10349.19855,E,1,08,1.01,45.3,M,4.9,M,,*52
$GPGSA,A,3,02,05,12,13,15,18,24,25,,,,,2.01,1.01,1.73*0E
$GPGSV,3,1,10,02,45,120,38,05,30,045,35,12,70,300,42,13,15,210,29*7F
$GPGSV,3,2,10,15,55,080,40,18,20,330,31,24,35,170,36,25,60,020,41*7D
$GPGSV,3,3,10,29,05,260,,31,08,100,*79
$GPGLL,0120.64411,N,10349.19855,E,102624.00,A,A*60
$GPRMC,102625.00,A,0120.64416,N,10349.19892,E,0.541,181.62,250926,,,A*6C
$GPVTG,181.62,T,,M,0.541,N,1.002,K,A*32
$GPGGA,102625.00,0120.64416,N,10349.19892,E,1,08,1.01,45.3,M,4.9,M,,*5F
$GPGSA,A,3,02,05,12,13,15,18,24,25,,,,,2.01,1.01,1.73*0E
$GPGSV,3,1,10,02,45,120,38,05,30,045,35,12,70,300,42,13,15,210,29*7F
$GPGSV,3,2,10,15,55,080,40,18,20,330,31,24,35,170,36,25,60,020,41*7D
$GPGSV,3,3,10,29,05,260,,31,08,100,*79
$GPGLL,0120.64416,N,10349.19892,E,102625.00,A,A*6D
$GPRMC,102626.00,A,0120.64455,N,10349.19778,E,0.141,156.52,250926,,,A*6E
$GPVTG,156.52,T,,M,0.141,N,0.261,K,A*39
$GPGGA,102626.00,0120.64455,N,10349.19778,E,1,08,1.01,45.3,M,4.9,M,,*50
$GPGSA,A,3,02,05,12,13,15,18,24,25,,,,,2.01,1.01,1.73*0E
$GPGSV,3,1,10,02,45,120,38,05,30,045,35,12,70,300,42,13,15,210,29*7F
$GPGSV,3,2,10,15,55,080,40,18,20,330,31,24,35,170,36,25,60,020,41*7D
$GPGSV,3,3,10,29,05,260,,31,08,100,*79
$GPGLL,0120.64455,N,10349.19778,E,102626.00,A,A*62
$GPRMC,102627.00,A,0120.64519,N,10349.19828,E,0.428,240.52,250926,,,A*62
$GPVTG,240.52,T,,M,0.428,N,0.792,K,A*3E
$GPGGA,102627.00,0120.64519,N,10349.19828,E,1,08,1.01,45.3,M,4.9,M,,*52
$GPGSA,A,3,02,05,12,13,15,18,24,25,,,,,2.01,1.01,1.73*0E
$GPGSV,3,1,10,02,45,120,38,05,30,045,35,12,70,300,42,13,15,210,29*7F
$GPGSV,3,2,10,15,55,080,40,18,20,330,31,24,35,170,36,25,60,020,41*7D
$GPGSV,3,3,10,29,05,260,,31,08,100,*79
$GPGLL,0120.64519,N,10349.19828,E,102627.00,A,A*60
$GPRMC,102628.00,A,0120.64438,N,10349.19833,E,0.272,44.01,250926,,,A*5C
$GPVTG,44.01,T,,M,0.272,N,0.504,K,A*0A
$GPGGA,102628.00,0120.64438,N,10349.19833,E,1,08,1.01,45.3,M,4.9,M,,*55
$GPGSA,A,3,02,05,12,13,15,18,24,25,,,,,2.01,1.01,1.73*0E
$GPGSV,3,1,10,02,45,120,38,05,30,045,35,12,70,300,42,13,15,210,29*7F
$GPGSV,3,2,10,15,55,080,40,18,20,330,31,24,35,170,36,25,60,020,41*7D
$GPGSV,3,3,10,29,05,260,,31,08,100,*79
$GPGLL,0120.64438,N,10349.19833,E,102628.00,A,A*67
$GPRMC,102629.00,A,0120.64478,N,10349.19873,E,0.384,153.83,250926,,,A*68
$GPVTG,153.83,T,,M,0.384,N,0.711,K,A*39
$GPGGA,102629.00,0120.64478,N,10349.19873,E,1,08,1.01,45.3,M,4.9,M,,*54
$GPGSA,A,3,02,05,12,13,15,18,24,25,,,,,2.01,1.01,1.73*0E
$GPGSV,3,1,10,02,45,120,38,05,30,045,35,12,70,300,42,13,15,210,29*7F
$GPGSV,3,2,10,15,55,080,40,18,20,330,31,24,35,170,36,25,60,020,41*7D
$GPGSV,3,3,10,29,05,260,,31,08,100,*79
$GPGLL,0120.64478,N,10349.19873,E,102629.00,A,A*66
$GPRMC,102630.00,A,0120.64426,N,10349.19960,E,0.353,255.40,250926,,,A*68
$GPVTG,255.40,T,,M,0.353,N,0.654,K,A*39
$GPGGA,102630.00,0120.64426,N,10349.19960,E,1,08,1.01,45.3,M,4.9,M,,*54
$GPGSA,A,3,02,05,12,13,15,18,24,25,,,,,2.01,1.01,1.73*0E
$GPGSV,3,1,10,02,45,120,38,05,30,045,35,12,70,300,42,13,15,210,29*7F
$GPGSV,3,2,10,15,55,080,40,18,20,330,31,24,35,170,36,25,60,020,41*7D
$GPGSV,3,3,10,29,05,260,,31,08,100,*79
$GPGLL,0120.64426,N,10349.19960,E,102630.00,A,A*66
$GPRMC,102631.00,A,0120.64414,N,10349.19931,E,0.363,81.92,250926,,,A*5B
$GPVTG,81.92,T,,M,0.363,N,0.673,K,A*0B
$GPGGA,102631.00,0120.64414,N,10349.19931,E,1,08,1.01,45.3,M,4.9,M,,*50
$GPGSA,A,3,02,05,12,13,15,18,24,25,,,,,2.01,1.01,1.73*0E
$GPGSV,3,1,10,02,45,120,38,05,30,045,35,12,70,300,42,13,15,210,29*7F
$GPGSV,3,2,10,15,55,080,40,18,20,330,31,24,35,170,36,25,60,020,41*7D
$GPGSV,3,3,10,29,05,260,,31,08,100,*79
$GPGLL,0120.64414,N,10349.19931,E,102631.00,A,A*62
$GPRMC,102632.00,A,0120.64458,N,10349.19823,E,0.179,109.44,250926,,,A*61
$GPVTG,109.44,T,,M,0.179,N,0.332,K,A*38
$GPGGA,102632.00,0120.64458,N,10349.19823,E,1,08,1.01,45.3,M,4.9,M,,*59
$GPGSA,A,3,02,05,12,13,15,18,24,25,,,,,2.01,1.01,1.73*0E
$GPGSV,3,1,10,02,45,120,38,05,30,045,35,12,70,300,42,13,15,210,29*7F
$GPGSV,3,2,10,15,55,080,40,18,20,330,31,24,35,170,36,25,60,020,41*7D
$GPGSV,3,3,10,29,05,260,,31,08,100,*79
$GPGLL,0120.64458,N,10349.19823,E,102632.00,A,A*6B
$GPRMC,102633.00,A,0120.64473,N,10349.19950,E,0.221,220.83,250926,,,A*61
$GPVTG,220.83,T,,M,0.221,N,0.409,K,A*3A
$GPGGA,102633.00,0120.64473,N,10349.19950,E,1,08,1.01,45.3,M,4.9,M,,*54
$GPGSA,A,3,02,05,12,13,15,18,24,25,,,,,2.01,1.01,1.73*0E
$GPGSV,3,1,10,02,45,120,38,05,30,045,35,12,70,300,42,13,15,210,29*7F
$GPGSV,3,2,10,15,55,080,40,18,20,330,31,24,35,170,36,25,60,020,41*7D
$GPGSV,3,3,10,29,05,260,,31,08,100,*79
$GPGLL,0120.64473,N,10349.19950,E,102633.00,A,A*66
$GPRMC,102634.00,A,0120.64479,N,10349.19925,E,0.154,47.55,250926,,,A*57
$GPVTG,47.55,T,,M,0.154,N,0.286,K,A*02
$GPGGA,102634.00,0120.64479,N,10349.19925,E,1,08,1.01,45.3,M,4.9,M,,*5B
$GPGSA,A,3,02,05,12,13,15,18,24,25,,,,,2.01,1.01,1.73*0E
$GPGSV,3,1,10,02,45,120,38,05,30,045,35,12,70,300,42,13,15,210,29*7F
$GPGSV,3,2,10,15,55,080,40,18,20,330,31,24,35,170,36,25,60,020,41*7D
$GPGSV,3,3,10,29,05,260,,31,08,100,*79
$GPGLL,0120.64479,N,10349.19925,E,102634.00,A,A*69
$GPRMC,102635.00,A,0120.64470,N,10349.19963,E,0.234,232.78,250926,,,A*67
$GPVTG,232.78,T,,M,0.234,N,0.434,K,A*37
$GPGGA,102635.00,0120.64470,N,10349.19963,E,1,08,1.01,45.3,M,4.9,M,,*51
$GPGSA,A,3,02,05,12,13,15,18,24,25,,,,,2.01,1.01,1.73*0E
$GPGSV,3,1,10,02,45,120,38,05,30,045,35,12,70,300,42,13,15,210,29*7F
$GPGSV,3,2,10,15,55,080,40,18,20,330,31,24,35,170,36,25,60,020,41*7D
$GPGSV,3,3,10,29,05,260,,31,08,100,*79
$GPGLL,0120.64470,N,10349.19963,E,102635.00,A,A*63
$GPRMC,102636.00,A,0120.64487,N,10349.19921,E,0.319,27.32,250926,,,A*5C
$GPVTG,27.32,T,,M,0.319,N,0.590,K,A*0E
$GPGGA,102636.00,0120.64487,N,10349.19921,E,1,08,1.01,45.3,M,4.9,M,,*5C
$GPGSA,A,3,02,05,12,13,15,18,24,25,,,,,2.01,1.01,1.73*0E
$GPGSV,3,1,10,02,45,120,38,05,30,045,35,12,70,300,42,13,15,210,29*7F
$GPGSV,3,2,10,15,55,080,40,18,20,330,31,24,35,170,36,25,60,020,41*7D
$GPGSV,3,3,10,29,05,260,,31,08,100,*79
$GPGLL,0120.64487,N,10349.19921,E,102636.00,A,A*6E
$GPRMC,102637.00,A,0120.64487,N,10349.19814,E,0.253,150.71,250926,,,A*63
$GPVTG,150.71,T,,M,0.253,N,0.468,K,A*31
$GPGGA,102637.00,0120.64487,N,10349.19814,E,1,08,1.01,45.3,M,4.9,M,,*5A
$GPGSA,A,3,02,05,12,13,15,18,24,25,,,,,2.01,1.01,1.73*0E
$GPGSV,3,1,10,02,45,120,38,05,30,045,35,12,70,300,42,13,15,210,29*7F
$GPGSV,3,2,10,15,55,080,40,18,20,330,31,24,35,170,36,25,60,020,41*7D
$GPGSV,3,3,10,29,05,260,,31,08,100,*79
$GPGLL,0120.64487,N,10349.19814,E,102637.00,A,A*68
$GPRMC,102638.00,A,0120.64462,N,10349.19876,E,0.089,44.75,250926,,,A*56
$GPVTG,44.75,T,,M,0.089,N,0.165,K,A*0C
$GPGGA,102638.00,0120.64462,N,10349.19876,E,1,08,1.01,45.3,M,4.9,M,,*5A
$GPGSA,A,3,02,05,12,13,15,18,24,25,,,,,2.01,1.01,1.73*0E
$GPGSV,3,1,10,02,45,120,38,05,30,045,35,12,70,300,42,13,15,210,29*7F
$GPGSV,3,2,10,15,55,080,40,18,20,330,31,24,35,170,36,25,60,020,41*7D
$GPGSV,3,3,10,29,05,260,,31,08,100,*79
$GPGLL,0120.64462,N,10349.19876,E,102638.00,A,A*68
$GPRMC,102639.00,A,0120.64466,N,10349.19827,E,0.442,328.82,250926,,,A*65
$GPVTG,328.82,T,,M,0.442,N,0.818,K,A*3D
$GPGGA,102639.00,0120.64466,N,10349.19827,E,1,08,1.01,45.3,M,4.9,M,,*5B
$GPGSA,A,3,02,05,12,13,15,18,24,25,,,,,2.01,1.01,1.73*0E
$GPGSV,3,1,10,02,45,120,38,05,30,045,35,12,70,300,42,13,15,210,29*7F
$GPGSV,3,2,10,15,55,080,40,18,20,330,31,24,35,170,36,25,60,020,41*7D
$GPGSV,3,3,10,29,05,260,,31,08,100,*79
$GPGLL,0120.64466,N,10349.19827,E,102639.00,A,A*69
$GPRMC,102640.00,A,0120.64485,N,10349.19824,E,0.472,266.95,250926,,,A*6B
$GPVTG,266.95,T,,M,0.472,N,0.873,K,A*3E
$GPGGA,102640.00,0120.64485,N,10349.19824,E,1,08,1.01,45.3,M,4.9,M,,*5B
$GPGSA,A,3,02,05,12,13,15,18,24,25,,,,,2.01,1.01,1.73*0E
$GPGSV,3,1,10,02,45,120,38,05,30,045,35,12,70,300,42,13,15,210,29*7F
$GPGSV,3,2,10,15,55,080,40,18,20,330,31,24,35,170,36,25,60,020,41*7D
$GPGSV,3,3,10,29,05,260,,31,08,100,*79
$GPGLL,0120.64485,N,10349.19824,E,102640.00,A,A*69
$GPRMC,102641.00,A,0120.64481,N,10349.19833,E,0.246,80.31,250926,,,A*5D
$GPVTG,80.31,T,,M,0.246,N,0.455,K,A*03
$GPGGA,102641.00,0120.64481,N,10349.19833,E,1,08,1.01,45.3,M,4.9,M,,*58
$GPGSA,A,3,02,05,12,13,15,18,24,25,,,,,2.01,1.01,1.73*0E
$GPGSV,3,1,10,02,45,120,38,05,30,045,35,12,70,300,42,13,15,210,29*7F
$GPGSV,3,2,10,15,55,080,40,18,20,330,31,24,35,170,36,25,60,020,41*7D
$GPGSV,3,3,10,29,05,260,,31,08,100,*79
$GPGLL,0120.64481,N,10349.19833,E,102641.00,A,A*6A
