
 /----------------------------------------------------------------------------\
 |  yosys -- Yosys Open SYnthesis Suite                                       |
 |  Copyright (C) 2012 - 2026  Claire Xenia Wolf <claire@yosyshq.com>         |
 |  Distributed under an ISC-like license, type "license" to see terms        |
 \----------------------------------------------------------------------------/
 Yosys 0.69+77 (git sha1 9ff27d29c-dirty, Release, Clang /usr/bin/clang++ 21.1.8)

-- Running command `read_verilog  /home/matthias/prog/janestreet/emulator-wt-hdmi-ulx3s/prototypes/hdmi-ulx3s/rtl/hdmi_top.v /home/matthias/prog/janestreet/emulator-wt-hdmi-ulx3s/prototypes/hdmi-ulx3s/rtl/hdmi_out.v /home/matthias/prog/janestreet/emulator-wt-hdmi-ulx3s/prototypes/hdmi-ulx3s/rtl/pll_sdr.v /home/matthias/prog/janestreet/emulator-wt-hdmi-ulx3s/prototypes/hdmi-ulx3s/rtl/gen/hdmi_pixel.v /home/matthias/prog/janestreet/emulator-wt-hdmi-ulx3s/prototypes/hdmi-ulx3s/rtl/gen/hdmi_serial_sdr.v; synth_ecp5 -top hdmi_top -json /var/tmp/hdmi-ulx3s/build/sdr/hdmi.json; tee -o /home/matthias/prog/janestreet/emulator-wt-hdmi-ulx3s/prototypes/hdmi-ulx3s/reports/sdr/yosys-stat.txt stat' --

1. Executing Verilog-2005 frontend: /home/matthias/prog/janestreet/emulator-wt-hdmi-ulx3s/prototypes/hdmi-ulx3s/rtl/hdmi_top.v
Parsing Verilog input from `/home/matthias/prog/janestreet/emulator-wt-hdmi-ulx3s/prototypes/hdmi-ulx3s/rtl/hdmi_top.v' to AST representation.
Generating RTLIL representation for module `\hdmi_top'.
Successfully finished Verilog frontend.

2. Executing Verilog-2005 frontend: /home/matthias/prog/janestreet/emulator-wt-hdmi-ulx3s/prototypes/hdmi-ulx3s/rtl/hdmi_out.v
Parsing Verilog input from `/home/matthias/prog/janestreet/emulator-wt-hdmi-ulx3s/prototypes/hdmi-ulx3s/rtl/hdmi_out.v' to AST representation.
Generating RTLIL representation for module `\hdmi_out'.
Successfully finished Verilog frontend.

3. Executing Verilog-2005 frontend: /home/matthias/prog/janestreet/emulator-wt-hdmi-ulx3s/prototypes/hdmi-ulx3s/rtl/pll_sdr.v
Parsing Verilog input from `/home/matthias/prog/janestreet/emulator-wt-hdmi-ulx3s/prototypes/hdmi-ulx3s/rtl/pll_sdr.v' to AST representation.
Generating RTLIL representation for module `\pll_hdmi_sdr'.
Successfully finished Verilog frontend.

4. Executing Verilog-2005 frontend: /home/matthias/prog/janestreet/emulator-wt-hdmi-ulx3s/prototypes/hdmi-ulx3s/rtl/gen/hdmi_pixel.v
Parsing Verilog input from `/home/matthias/prog/janestreet/emulator-wt-hdmi-ulx3s/prototypes/hdmi-ulx3s/rtl/gen/hdmi_pixel.v' to AST representation.
Generating RTLIL representation for module `\hdmi_pixel'.
Successfully finished Verilog frontend.

5. Executing Verilog-2005 frontend: /home/matthias/prog/janestreet/emulator-wt-hdmi-ulx3s/prototypes/hdmi-ulx3s/rtl/gen/hdmi_serial_sdr.v
Parsing Verilog input from `/home/matthias/prog/janestreet/emulator-wt-hdmi-ulx3s/prototypes/hdmi-ulx3s/rtl/gen/hdmi_serial_sdr.v' to AST representation.
Generating RTLIL representation for module `\hdmi_serial_sdr'.
Successfully finished Verilog frontend.

6. Executing SYNTH_LATTICE pass.

6.1. Executing Verilog-2005 frontend: /home/matthias/prog/janestreet/fabulous-notes/oss-cad-suite/lib/../share/yosys/lattice/cells_sim_ecp5.v
Parsing Verilog input from `/home/matthias/prog/janestreet/fabulous-notes/oss-cad-suite/lib/../share/yosys/lattice/cells_sim_ecp5.v' to AST representation.
Generating RTLIL representation for module `\LUT4'.
Generating RTLIL representation for module `\$__ABC9_LUT5'.
Generating RTLIL representation for module `\$__ABC9_LUT6'.
Generating RTLIL representation for module `\$__ABC9_LUT7'.
Generating RTLIL representation for module `\L6MUX21'.
Generating RTLIL representation for module `\TRELLIS_RAM16X2'.
Generating RTLIL representation for module `\PFUMX'.
Generating RTLIL representation for module `\TRELLIS_DPR16X4'.
Generating RTLIL representation for module `\DPR16X4C'.
Generating RTLIL representation for module `\LUT2'.
Generating RTLIL representation for module `\TRELLIS_FF'.
Generating RTLIL representation for module `\TRELLIS_IO'.
Generating RTLIL representation for module `\INV'.
Generating RTLIL representation for module `\TRELLIS_COMB'.
Generating RTLIL representation for module `\VLO'.
Generating RTLIL representation for module `\VHI'.
Generating RTLIL representation for module `\FD1P3AX'.
Generating RTLIL representation for module `\FD1P3AY'.
Generating RTLIL representation for module `\FD1P3BX'.
Generating RTLIL representation for module `\FD1P3DX'.
Generating RTLIL representation for module `\FD1P3IX'.
Generating RTLIL representation for module `\FD1P3JX'.
Generating RTLIL representation for module `\FD1S3AX'.
Generating RTLIL representation for module `\FD1S3AY'.
Generating RTLIL representation for module `\FD1S3BX'.
Generating RTLIL representation for module `\FD1S3DX'.
Generating RTLIL representation for module `\FD1S3IX'.
Generating RTLIL representation for module `\FD1S3JX'.
Generating RTLIL representation for module `\IFS1P3BX'.
Generating RTLIL representation for module `\IFS1P3DX'.
Generating RTLIL representation for module `\IFS1P3IX'.
Generating RTLIL representation for module `\IFS1P3JX'.
Generating RTLIL representation for module `\OFS1P3BX'.
Generating RTLIL representation for module `\OFS1P3DX'.
Generating RTLIL representation for module `\OFS1P3IX'.
Generating RTLIL representation for module `\OFS1P3JX'.
Generating RTLIL representation for module `\IB'.
Generating RTLIL representation for module `\IBPU'.
Generating RTLIL representation for module `\IBPD'.
Generating RTLIL representation for module `\OB'.
Generating RTLIL representation for module `\OBZ'.
Generating RTLIL representation for module `\OBZPU'.
Generating RTLIL representation for module `\OBZPD'.
Generating RTLIL representation for module `\OBCO'.
Generating RTLIL representation for module `\BB'.
Generating RTLIL representation for module `\BBPU'.
Generating RTLIL representation for module `\BBPD'.
Generating RTLIL representation for module `\ILVDS'.
Generating RTLIL representation for module `\OLVDS'.
Generating RTLIL representation for module `\CCU2C'.
Generating RTLIL representation for module `\DP16KD'.
Replacing existing blackbox module `\FD1P3AX' at /home/matthias/prog/janestreet/fabulous-notes/oss-cad-suite/lib/../share/yosys/lattice/cells_ff.vh:2.1-2.261.
Generating RTLIL representation for module `\FD1P3AX'.
Replacing existing blackbox module `\FD1P3AY' at /home/matthias/prog/janestreet/fabulous-notes/oss-cad-suite/lib/../share/yosys/lattice/cells_ff.vh:3.1-3.261.
Generating RTLIL representation for module `\FD1P3AY'.
Replacing existing blackbox module `\FD1P3BX' at /home/matthias/prog/janestreet/fabulous-notes/oss-cad-suite/lib/../share/yosys/lattice/cells_ff.vh:4.1-4.261.
Generating RTLIL representation for module `\FD1P3BX'.
Replacing existing blackbox module `\FD1P3DX' at /home/matthias/prog/janestreet/fabulous-notes/oss-cad-suite/lib/../share/yosys/lattice/cells_ff.vh:5.1-5.261.
Generating RTLIL representation for module `\FD1P3DX'.
Replacing existing blackbox module `\FD1P3IX' at /home/matthias/prog/janestreet/fabulous-notes/oss-cad-suite/lib/../share/yosys/lattice/cells_ff.vh:6.1-6.261.
Generating RTLIL representation for module `\FD1P3IX'.
Replacing existing blackbox module `\FD1P3JX' at /home/matthias/prog/janestreet/fabulous-notes/oss-cad-suite/lib/../share/yosys/lattice/cells_ff.vh:7.1-7.261.
Generating RTLIL representation for module `\FD1P3JX'.
Replacing existing blackbox module `\FD1S3AX' at /home/matthias/prog/janestreet/fabulous-notes/oss-cad-suite/lib/../share/yosys/lattice/cells_ff.vh:8.1-8.261.
Generating RTLIL representation for module `\FD1S3AX'.
Replacing existing blackbox module `\FD1S3AY' at /home/matthias/prog/janestreet/fabulous-notes/oss-cad-suite/lib/../share/yosys/lattice/cells_ff.vh:9.1-9.261.
Generating RTLIL representation for module `\FD1S3AY'.
Replacing existing blackbox module `\FD1S3BX' at /home/matthias/prog/janestreet/fabulous-notes/oss-cad-suite/lib/../share/yosys/lattice/cells_ff.vh:10.1-10.261.
Generating RTLIL representation for module `\FD1S3BX'.
Replacing existing blackbox module `\FD1S3DX' at /home/matthias/prog/janestreet/fabulous-notes/oss-cad-suite/lib/../share/yosys/lattice/cells_ff.vh:11.1-11.261.
Generating RTLIL representation for module `\FD1S3DX'.
Replacing existing blackbox module `\FD1S3IX' at /home/matthias/prog/janestreet/fabulous-notes/oss-cad-suite/lib/../share/yosys/lattice/cells_ff.vh:12.1-12.261.
Generating RTLIL representation for module `\FD1S3IX'.
Replacing existing blackbox module `\FD1S3JX' at /home/matthias/prog/janestreet/fabulous-notes/oss-cad-suite/lib/../share/yosys/lattice/cells_ff.vh:13.1-13.261.
Generating RTLIL representation for module `\FD1S3JX'.
Replacing existing blackbox module `\IFS1P3BX' at /home/matthias/prog/janestreet/fabulous-notes/oss-cad-suite/lib/../share/yosys/lattice/cells_ff.vh:26.1-26.301.
Generating RTLIL representation for module `\IFS1P3BX'.
Replacing existing blackbox module `\IFS1P3DX' at /home/matthias/prog/janestreet/fabulous-notes/oss-cad-suite/lib/../share/yosys/lattice/cells_ff.vh:27.1-27.301.
Generating RTLIL representation for module `\IFS1P3DX'.
Replacing existing blackbox module `\IFS1P3IX' at /home/matthias/prog/janestreet/fabulous-notes/oss-cad-suite/lib/../share/yosys/lattice/cells_ff.vh:28.1-28.301.
Generating RTLIL representation for module `\IFS1P3IX'.
Replacing existing blackbox module `\IFS1P3JX' at /home/matthias/prog/janestreet/fabulous-notes/oss-cad-suite/lib/../share/yosys/lattice/cells_ff.vh:29.1-29.301.
Generating RTLIL representation for module `\IFS1P3JX'.
Replacing existing blackbox module `\OFS1P3BX' at /home/matthias/prog/janestreet/fabulous-notes/oss-cad-suite/lib/../share/yosys/lattice/cells_ff.vh:31.1-31.302.
Generating RTLIL representation for module `\OFS1P3BX'.
Replacing existing blackbox module `\OFS1P3DX' at /home/matthias/prog/janestreet/fabulous-notes/oss-cad-suite/lib/../share/yosys/lattice/cells_ff.vh:32.1-32.302.
Generating RTLIL representation for module `\OFS1P3DX'.
Replacing existing blackbox module `\OFS1P3IX' at /home/matthias/prog/janestreet/fabulous-notes/oss-cad-suite/lib/../share/yosys/lattice/cells_ff.vh:33.1-33.302.
Generating RTLIL representation for module `\OFS1P3IX'.
Replacing existing blackbox module `\OFS1P3JX' at /home/matthias/prog/janestreet/fabulous-notes/oss-cad-suite/lib/../share/yosys/lattice/cells_ff.vh:34.1-34.302.
Generating RTLIL representation for module `\OFS1P3JX'.
Replacing existing blackbox module `\IB' at /home/matthias/prog/janestreet/fabulous-notes/oss-cad-suite/lib/../share/yosys/lattice/cells_io.vh:2.1-2.157.
Generating RTLIL representation for module `\IB'.
Replacing existing blackbox module `\IBPU' at /home/matthias/prog/janestreet/fabulous-notes/oss-cad-suite/lib/../share/yosys/lattice/cells_io.vh:3.1-3.157.
Generating RTLIL representation for module `\IBPU'.
Replacing existing blackbox module `\IBPD' at /home/matthias/prog/janestreet/fabulous-notes/oss-cad-suite/lib/../share/yosys/lattice/cells_io.vh:4.1-4.157.
Generating RTLIL representation for module `\IBPD'.
Replacing existing blackbox module `\OB' at /home/matthias/prog/janestreet/fabulous-notes/oss-cad-suite/lib/../share/yosys/lattice/cells_io.vh:5.1-5.157.
Generating RTLIL representation for module `\OB'.
Replacing existing blackbox module `\OBZ' at /home/matthias/prog/janestreet/fabulous-notes/oss-cad-suite/lib/../share/yosys/lattice/cells_io.vh:6.1-6.164.
Generating RTLIL representation for module `\OBZ'.
Replacing existing blackbox module `\OBZPU' at /home/matthias/prog/janestreet/fabulous-notes/oss-cad-suite/lib/../share/yosys/lattice/cells_io.vh:7.1-7.164.
Generating RTLIL representation for module `\OBZPU'.
Replacing existing blackbox module `\OBZPD' at /home/matthias/prog/janestreet/fabulous-notes/oss-cad-suite/lib/../share/yosys/lattice/cells_io.vh:8.1-8.164.
Generating RTLIL representation for module `\OBZPD'.
Replacing existing blackbox module `\OBCO' at /home/matthias/prog/janestreet/fabulous-notes/oss-cad-suite/lib/../share/yosys/lattice/cells_io.vh:9.1-9.90.
Generating RTLIL representation for module `\OBCO'.
Replacing existing blackbox module `\BB' at /home/matthias/prog/janestreet/fabulous-notes/oss-cad-suite/lib/../share/yosys/lattice/cells_io.vh:10.1-10.179.
Generating RTLIL representation for module `\BB'.
Replacing existing blackbox module `\BBPU' at /home/matthias/prog/janestreet/fabulous-notes/oss-cad-suite/lib/../share/yosys/lattice/cells_io.vh:11.1-11.179.
Generating RTLIL representation for module `\BBPU'.
Replacing existing blackbox module `\BBPD' at /home/matthias/prog/janestreet/fabulous-notes/oss-cad-suite/lib/../share/yosys/lattice/cells_io.vh:12.1-12.179.
Generating RTLIL representation for module `\BBPD'.
Replacing existing blackbox module `\ILVDS' at /home/matthias/prog/janestreet/fabulous-notes/oss-cad-suite/lib/../share/yosys/lattice/cells_io.vh:13.1-13.139.
Generating RTLIL representation for module `\ILVDS'.
Replacing existing blackbox module `\OLVDS' at /home/matthias/prog/janestreet/fabulous-notes/oss-cad-suite/lib/../share/yosys/lattice/cells_io.vh:14.1-14.146.
Generating RTLIL representation for module `\OLVDS'.
Successfully finished Verilog frontend.

6.2. Executing Verilog-2005 frontend: /home/matthias/prog/janestreet/fabulous-notes/oss-cad-suite/lib/../share/yosys/lattice/cells_bb_ecp5.v
Parsing Verilog input from `/home/matthias/prog/janestreet/fabulous-notes/oss-cad-suite/lib/../share/yosys/lattice/cells_bb_ecp5.v' to AST representation.
Generating RTLIL representation for module `\GSR'.
Generating RTLIL representation for module `\PUR'.
Generating RTLIL representation for module `\SGSR'.
Generating RTLIL representation for module `\PDPW16KD'.
Generating RTLIL representation for module `\MULT18X18D'.
Generating RTLIL representation for module `\ALU54B'.
Generating RTLIL representation for module `\CLKDIVF'.
Generating RTLIL representation for module `\PCSCLKDIV'.
Generating RTLIL representation for module `\DCSC'.
Generating RTLIL representation for module `\DCCA'.
Generating RTLIL representation for module `\ECLKSYNCB'.
Generating RTLIL representation for module `\ECLKBRIDGECS'.
Generating RTLIL representation for module `\DELAYF'.
Generating RTLIL representation for module `\DELAYG'.
Generating RTLIL representation for module `\USRMCLK'.
Generating RTLIL representation for module `\DQSBUFM'.
Generating RTLIL representation for module `\DDRDLLA'.
Generating RTLIL representation for module `\DLLDELD'.
Generating RTLIL representation for module `\IDDRX1F'.
Generating RTLIL representation for module `\IDDRX2F'.
Generating RTLIL representation for module `\IDDR71B'.
Generating RTLIL representation for module `\IDDRX2DQA'.
Generating RTLIL representation for module `\ODDRX1F'.
Generating RTLIL representation for module `\ODDRX2F'.
Generating RTLIL representation for module `\ODDR71B'.
Generating RTLIL representation for module `\OSHX2A'.
Generating RTLIL representation for module `\TSHX2DQA'.
Generating RTLIL representation for module `\TSHX2DQSA'.
Generating RTLIL representation for module `\ODDRX2DQA'.
Generating RTLIL representation for module `\ODDRX2DQSB'.
Generating RTLIL representation for module `\EHXPLLL'.
Generating RTLIL representation for module `\DTR'.
Generating RTLIL representation for module `\OSCG'.
Generating RTLIL representation for module `\EXTREFB'.
Generating RTLIL representation for module `\JTAGG'.
Generating RTLIL representation for module `\DCUA'.
Successfully finished Verilog frontend.

6.3. Executing HIERARCHY pass (managing design hierarchy).

6.3.1. Analyzing design hierarchy..
Top module:  \hdmi_top
Used module:     \hdmi_out
Used module:         \hdmi_serial_sdr
Used module:         \hdmi_pixel
Used module:         \pll_hdmi_sdr

6.3.2. Analyzing design hierarchy..
Top module:  \hdmi_top
Used module:     \hdmi_out
Used module:         \hdmi_serial_sdr
Used module:         \hdmi_pixel
Used module:         \pll_hdmi_sdr
Removed 0 unused modules.

6.4. Executing PROC pass (convert processes to netlists).

6.4.1. Executing PROC_CLEAN pass (remove empty switches from decision trees).
Cleaned up 0 empty switches.

6.4.2. Executing PROC_RMDEAD pass (remove dead branches from decision trees).
Marked 1 switch rules as full_case in process $proc$/home/matthias/prog/janestreet/emulator-wt-hdmi-ulx3s/prototypes/hdmi-ulx3s/rtl/gen/hdmi_serial_sdr.v:241$384 in module hdmi_serial_sdr.
Marked 1 switch rules as full_case in process $proc$/home/matthias/prog/janestreet/emulator-wt-hdmi-ulx3s/prototypes/hdmi-ulx3s/rtl/gen/hdmi_serial_sdr.v:234$382 in module hdmi_serial_sdr.
Marked 1 switch rules as full_case in process $proc$/home/matthias/prog/janestreet/emulator-wt-hdmi-ulx3s/prototypes/hdmi-ulx3s/rtl/gen/hdmi_serial_sdr.v:226$380 in module hdmi_serial_sdr.
Marked 1 switch rules as full_case in process $proc$/home/matthias/prog/janestreet/emulator-wt-hdmi-ulx3s/prototypes/hdmi-ulx3s/rtl/gen/hdmi_serial_sdr.v:218$377 in module hdmi_serial_sdr.
Marked 1 switch rules as full_case in process $proc$/home/matthias/prog/janestreet/emulator-wt-hdmi-ulx3s/prototypes/hdmi-ulx3s/rtl/gen/hdmi_serial_sdr.v:212$376 in module hdmi_serial_sdr.
Marked 1 switch rules as full_case in process $proc$/home/matthias/prog/janestreet/emulator-wt-hdmi-ulx3s/prototypes/hdmi-ulx3s/rtl/gen/hdmi_serial_sdr.v:205$375 in module hdmi_serial_sdr.
Marked 1 switch rules as full_case in process $proc$/home/matthias/prog/janestreet/emulator-wt-hdmi-ulx3s/prototypes/hdmi-ulx3s/rtl/gen/hdmi_serial_sdr.v:197$373 in module hdmi_serial_sdr.
Marked 1 switch rules as full_case in process $proc$/home/matthias/prog/janestreet/emulator-wt-hdmi-ulx3s/prototypes/hdmi-ulx3s/rtl/gen/hdmi_serial_sdr.v:178$367 in module hdmi_serial_sdr.
Marked 1 switch rules as full_case in process $proc$/home/matthias/prog/janestreet/emulator-wt-hdmi-ulx3s/prototypes/hdmi-ulx3s/rtl/gen/hdmi_serial_sdr.v:166$365 in module hdmi_serial_sdr.
Marked 1 switch rules as full_case in process $proc$/home/matthias/prog/janestreet/emulator-wt-hdmi-ulx3s/prototypes/hdmi-ulx3s/rtl/gen/hdmi_serial_sdr.v:154$363 in module hdmi_serial_sdr.
Marked 1 switch rules as full_case in process $proc$/home/matthias/prog/janestreet/emulator-wt-hdmi-ulx3s/prototypes/hdmi-ulx3s/rtl/gen/hdmi_serial_sdr.v:141$361 in module hdmi_serial_sdr.
Marked 1 switch rules as full_case in process $proc$/home/matthias/prog/janestreet/emulator-wt-hdmi-ulx3s/prototypes/hdmi-ulx3s/rtl/gen/hdmi_serial_sdr.v:124$352 in module hdmi_serial_sdr.
Marked 1 switch rules as full_case in process $proc$/home/matthias/prog/janestreet/emulator-wt-hdmi-ulx3s/prototypes/hdmi-ulx3s/rtl/gen/hdmi_serial_sdr.v:117$350 in module hdmi_serial_sdr.
Marked 1 switch rules as full_case in process $proc$/home/matthias/prog/janestreet/emulator-wt-hdmi-ulx3s/prototypes/hdmi-ulx3s/rtl/gen/hdmi_serial_sdr.v:109$348 in module hdmi_serial_sdr.
Marked 1 switch rules as full_case in process $proc$/home/matthias/prog/janestreet/emulator-wt-hdmi-ulx3s/prototypes/hdmi-ulx3s/rtl/gen/hdmi_pixel.v:1354$345 in module hdmi_pixel.
Marked 1 switch rules as full_case in process $proc$/home/matthias/prog/janestreet/emulator-wt-hdmi-ulx3s/prototypes/hdmi-ulx3s/rtl/gen/hdmi_pixel.v:1347$343 in module hdmi_pixel.
Marked 1 switch rules as full_case in process $proc$/home/matthias/prog/janestreet/emulator-wt-hdmi-ulx3s/prototypes/hdmi-ulx3s/rtl/gen/hdmi_pixel.v:1338$340 in module hdmi_pixel.
Marked 1 switch rules as full_case in process $proc$/home/matthias/prog/janestreet/emulator-wt-hdmi-ulx3s/prototypes/hdmi-ulx3s/rtl/gen/hdmi_pixel.v:1324$335 in module hdmi_pixel.
Marked 1 switch rules as full_case in process $proc$/home/matthias/prog/janestreet/emulator-wt-hdmi-ulx3s/prototypes/hdmi-ulx3s/rtl/gen/hdmi_pixel.v:1306$330 in module hdmi_pixel.
Marked 1 switch rules as full_case in process $proc$/home/matthias/prog/janestreet/emulator-wt-hdmi-ulx3s/prototypes/hdmi-ulx3s/rtl/gen/hdmi_pixel.v:1298$329 in module hdmi_pixel.
Marked 1 switch rules as full_case in process $proc$/home/matthias/prog/janestreet/emulator-wt-hdmi-ulx3s/prototypes/hdmi-ulx3s/rtl/gen/hdmi_pixel.v:1285$323 in module hdmi_pixel.
Marked 1 switch rules as full_case in process $proc$/home/matthias/prog/janestreet/emulator-wt-hdmi-ulx3s/prototypes/hdmi-ulx3s/rtl/gen/hdmi_pixel.v:1265$314 in module hdmi_pixel.
Marked 1 switch rules as full_case in process $proc$/home/matthias/prog/janestreet/emulator-wt-hdmi-ulx3s/prototypes/hdmi-ulx3s/rtl/gen/hdmi_pixel.v:1226$295 in module hdmi_pixel.
Marked 1 switch rules as full_case in process $proc$/home/matthias/prog/janestreet/emulator-wt-hdmi-ulx3s/prototypes/hdmi-ulx3s/rtl/gen/hdmi_pixel.v:1013$197 in module hdmi_pixel.
Marked 1 switch rules as full_case in process $proc$/home/matthias/prog/janestreet/emulator-wt-hdmi-ulx3s/prototypes/hdmi-ulx3s/rtl/gen/hdmi_pixel.v:1002$192 in module hdmi_pixel.
Marked 1 switch rules as full_case in process $proc$/home/matthias/prog/janestreet/emulator-wt-hdmi-ulx3s/prototypes/hdmi-ulx3s/rtl/gen/hdmi_pixel.v:963$173 in module hdmi_pixel.
Marked 1 switch rules as full_case in process $proc$/home/matthias/prog/janestreet/emulator-wt-hdmi-ulx3s/prototypes/hdmi-ulx3s/rtl/gen/hdmi_pixel.v:822$114 in module hdmi_pixel.
Marked 1 switch rules as full_case in process $proc$/home/matthias/prog/janestreet/emulator-wt-hdmi-ulx3s/prototypes/hdmi-ulx3s/rtl/gen/hdmi_pixel.v:810$109 in module hdmi_pixel.
Marked 1 switch rules as full_case in process $proc$/home/matthias/prog/janestreet/emulator-wt-hdmi-ulx3s/prototypes/hdmi-ulx3s/rtl/gen/hdmi_pixel.v:771$90 in module hdmi_pixel.
Marked 1 switch rules as full_case in process $proc$/home/matthias/prog/janestreet/emulator-wt-hdmi-ulx3s/prototypes/hdmi-ulx3s/rtl/gen/hdmi_pixel.v:611$25 in module hdmi_pixel.
Marked 1 switch rules as full_case in process $proc$/home/matthias/prog/janestreet/emulator-wt-hdmi-ulx3s/prototypes/hdmi-ulx3s/rtl/gen/hdmi_pixel.v:603$23 in module hdmi_pixel.
Marked 1 switch rules as full_case in process $proc$/home/matthias/prog/janestreet/emulator-wt-hdmi-ulx3s/prototypes/hdmi-ulx3s/rtl/gen/hdmi_pixel.v:596$21 in module hdmi_pixel.
Marked 1 switch rules as full_case in process $proc$/home/matthias/prog/janestreet/emulator-wt-hdmi-ulx3s/prototypes/hdmi-ulx3s/rtl/gen/hdmi_pixel.v:588$19 in module hdmi_pixel.
Removed a total of 0 dead cases.

6.4.3. Executing PROC_PRUNE pass (remove redundant assignments in processes).
Removed 33 redundant assignments.
Promoted 10 assignments to connections.

6.4.4. Executing PROC_INIT pass (extract init attributes).
Found init rule in `\hdmi_out.$proc$/home/matthias/prog/janestreet/emulator-wt-hdmi-ulx3s/prototypes/hdmi-ulx3s/rtl/hdmi_out.v:67$16'.
  Set init value: \q = 4'0000
Found init rule in `\hdmi_out.$proc$/home/matthias/prog/janestreet/emulator-wt-hdmi-ulx3s/prototypes/hdmi-ulx3s/rtl/hdmi_out.v:23$15'.
  Set init value: \lock_bit = 2'00
Found init rule in `\hdmi_out.$proc$/home/matthias/prog/janestreet/emulator-wt-hdmi-ulx3s/prototypes/hdmi-ulx3s/rtl/hdmi_out.v:23$14'.
  Set init value: \lock_pix = 2'00
Found init rule in `\hdmi_out.$proc$/home/matthias/prog/janestreet/emulator-wt-hdmi-ulx3s/prototypes/hdmi-ulx3s/rtl/hdmi_out.v:22$13'.
  Set init value: \por_bit = 5'00000
Found init rule in `\hdmi_out.$proc$/home/matthias/prog/janestreet/emulator-wt-hdmi-ulx3s/prototypes/hdmi-ulx3s/rtl/hdmi_out.v:22$12'.
  Set init value: \por_pix = 5'00000

6.4.5. Executing PROC_ARST pass (detect async resets in processes).

6.4.6. Executing PROC_ROM pass (convert switches to ROMs).
Converted 0 switches.
<suppressed ~33 debug messages>

6.4.7. Executing PROC_MUX pass (convert decision trees to multiplexers).
Creating decoders for process `\hdmi_serial_sdr.$proc$/home/matthias/prog/janestreet/emulator-wt-hdmi-ulx3s/prototypes/hdmi-ulx3s/rtl/gen/hdmi_serial_sdr.v:241$384'.
     1/1: $0\_116[9:0]
Creating decoders for process `\hdmi_serial_sdr.$proc$/home/matthias/prog/janestreet/emulator-wt-hdmi-ulx3s/prototypes/hdmi-ulx3s/rtl/gen/hdmi_serial_sdr.v:234$382'.
     1/1: $0\_68[0:0]
Creating decoders for process `\hdmi_serial_sdr.$proc$/home/matthias/prog/janestreet/emulator-wt-hdmi-ulx3s/prototypes/hdmi-ulx3s/rtl/gen/hdmi_serial_sdr.v:226$380'.
     1/1: $0\_109[0:0]
Creating decoders for process `\hdmi_serial_sdr.$proc$/home/matthias/prog/janestreet/emulator-wt-hdmi-ulx3s/prototypes/hdmi-ulx3s/rtl/gen/hdmi_serial_sdr.v:218$377'.
     1/1: $0\_45[0:0]
Creating decoders for process `\hdmi_serial_sdr.$proc$/home/matthias/prog/janestreet/emulator-wt-hdmi-ulx3s/prototypes/hdmi-ulx3s/rtl/gen/hdmi_serial_sdr.v:212$376'.
     1/1: $0\_42[0:0]
Creating decoders for process `\hdmi_serial_sdr.$proc$/home/matthias/prog/janestreet/emulator-wt-hdmi-ulx3s/prototypes/hdmi-ulx3s/rtl/gen/hdmi_serial_sdr.v:205$375'.
     1/1: $0\_48[0:0]
Creating decoders for process `\hdmi_serial_sdr.$proc$/home/matthias/prog/janestreet/emulator-wt-hdmi-ulx3s/prototypes/hdmi-ulx3s/rtl/gen/hdmi_serial_sdr.v:197$373'.
     1/1: $0\_105[3:0]
Creating decoders for process `\hdmi_serial_sdr.$proc$/home/matthias/prog/janestreet/emulator-wt-hdmi-ulx3s/prototypes/hdmi-ulx3s/rtl/gen/hdmi_serial_sdr.v:178$367'.
     1/1: $0\_93[9:0]
Creating decoders for process `\hdmi_serial_sdr.$proc$/home/matthias/prog/janestreet/emulator-wt-hdmi-ulx3s/prototypes/hdmi-ulx3s/rtl/gen/hdmi_serial_sdr.v:166$365'.
     1/1: $0\_85[9:0]
Creating decoders for process `\hdmi_serial_sdr.$proc$/home/matthias/prog/janestreet/emulator-wt-hdmi-ulx3s/prototypes/hdmi-ulx3s/rtl/gen/hdmi_serial_sdr.v:154$363'.
     1/1: $0\_77[9:0]
Creating decoders for process `\hdmi_serial_sdr.$proc$/home/matthias/prog/janestreet/emulator-wt-hdmi-ulx3s/prototypes/hdmi-ulx3s/rtl/gen/hdmi_serial_sdr.v:141$361'.
     1/1: $0\_64[0:0]
Creating decoders for process `\hdmi_serial_sdr.$proc$/home/matthias/prog/janestreet/emulator-wt-hdmi-ulx3s/prototypes/hdmi-ulx3s/rtl/gen/hdmi_serial_sdr.v:124$352'.
     1/1: $0\_39[0:0]
Creating decoders for process `\hdmi_serial_sdr.$proc$/home/matthias/prog/janestreet/emulator-wt-hdmi-ulx3s/prototypes/hdmi-ulx3s/rtl/gen/hdmi_serial_sdr.v:117$350'.
     1/1: $0\_28[0:0]
Creating decoders for process `\hdmi_serial_sdr.$proc$/home/matthias/prog/janestreet/emulator-wt-hdmi-ulx3s/prototypes/hdmi-ulx3s/rtl/gen/hdmi_serial_sdr.v:109$348'.
     1/1: $0\_35[26:0]
Creating decoders for process `\hdmi_pixel.$proc$/home/matthias/prog/janestreet/emulator-wt-hdmi-ulx3s/prototypes/hdmi-ulx3s/rtl/gen/hdmi_pixel.v:1354$345'.
     1/1: $0\_714[9:0]
Creating decoders for process `\hdmi_pixel.$proc$/home/matthias/prog/janestreet/emulator-wt-hdmi-ulx3s/prototypes/hdmi-ulx3s/rtl/gen/hdmi_pixel.v:1347$343'.
     1/1: $0\_44[0:0]
Creating decoders for process `\hdmi_pixel.$proc$/home/matthias/prog/janestreet/emulator-wt-hdmi-ulx3s/prototypes/hdmi-ulx3s/rtl/gen/hdmi_pixel.v:1338$340'.
     1/1: $0\_675[9:0]
Creating decoders for process `\hdmi_pixel.$proc$/home/matthias/prog/janestreet/emulator-wt-hdmi-ulx3s/prototypes/hdmi-ulx3s/rtl/gen/hdmi_pixel.v:1324$335'.
     1/1: $0\_668[9:0]
Creating decoders for process `\hdmi_pixel.$proc$/home/matthias/prog/janestreet/emulator-wt-hdmi-ulx3s/prototypes/hdmi-ulx3s/rtl/gen/hdmi_pixel.v:1306$330'.
     1/1: $0\_701[9:0]
Creating decoders for process `\hdmi_pixel.$proc$/home/matthias/prog/janestreet/emulator-wt-hdmi-ulx3s/prototypes/hdmi-ulx3s/rtl/gen/hdmi_pixel.v:1298$329'.
     1/1: $0\_685[0:0]
Creating decoders for process `\hdmi_pixel.$proc$/home/matthias/prog/janestreet/emulator-wt-hdmi-ulx3s/prototypes/hdmi-ulx3s/rtl/gen/hdmi_pixel.v:1285$323'.
     1/1: $0\_695[0:0]
Creating decoders for process `\hdmi_pixel.$proc$/home/matthias/prog/janestreet/emulator-wt-hdmi-ulx3s/prototypes/hdmi-ulx3s/rtl/gen/hdmi_pixel.v:1265$314'.
     1/1: $0\_656[4:0]
Creating decoders for process `\hdmi_pixel.$proc$/home/matthias/prog/janestreet/emulator-wt-hdmi-ulx3s/prototypes/hdmi-ulx3s/rtl/gen/hdmi_pixel.v:1226$295'.
     1/1: $0\_513[7:0]
Creating decoders for process `\hdmi_pixel.$proc$/home/matthias/prog/janestreet/emulator-wt-hdmi-ulx3s/prototypes/hdmi-ulx3s/rtl/gen/hdmi_pixel.v:1013$197'.
     1/1: $0\_480[9:0]
Creating decoders for process `\hdmi_pixel.$proc$/home/matthias/prog/janestreet/emulator-wt-hdmi-ulx3s/prototypes/hdmi-ulx3s/rtl/gen/hdmi_pixel.v:1002$192'.
     1/1: $0\_466[4:0]
Creating decoders for process `\hdmi_pixel.$proc$/home/matthias/prog/janestreet/emulator-wt-hdmi-ulx3s/prototypes/hdmi-ulx3s/rtl/gen/hdmi_pixel.v:963$173'.
     1/1: $0\_323[7:0]
Creating decoders for process `\hdmi_pixel.$proc$/home/matthias/prog/janestreet/emulator-wt-hdmi-ulx3s/prototypes/hdmi-ulx3s/rtl/gen/hdmi_pixel.v:822$114'.
     1/1: $0\_300[9:0]
Creating decoders for process `\hdmi_pixel.$proc$/home/matthias/prog/janestreet/emulator-wt-hdmi-ulx3s/prototypes/hdmi-ulx3s/rtl/gen/hdmi_pixel.v:810$109'.
     1/1: $0\_286[4:0]
Creating decoders for process `\hdmi_pixel.$proc$/home/matthias/prog/janestreet/emulator-wt-hdmi-ulx3s/prototypes/hdmi-ulx3s/rtl/gen/hdmi_pixel.v:771$90'.
     1/1: $0\_142[7:0]
Creating decoders for process `\hdmi_pixel.$proc$/home/matthias/prog/janestreet/emulator-wt-hdmi-ulx3s/prototypes/hdmi-ulx3s/rtl/gen/hdmi_pixel.v:611$25'.
     1/1: $0\_36[0:0]
Creating decoders for process `\hdmi_pixel.$proc$/home/matthias/prog/janestreet/emulator-wt-hdmi-ulx3s/prototypes/hdmi-ulx3s/rtl/gen/hdmi_pixel.v:603$23'.
     1/1: $0\_32[0:0]
Creating decoders for process `\hdmi_pixel.$proc$/home/matthias/prog/janestreet/emulator-wt-hdmi-ulx3s/prototypes/hdmi-ulx3s/rtl/gen/hdmi_pixel.v:596$21'.
     1/1: $0\_21[0:0]
Creating decoders for process `\hdmi_pixel.$proc$/home/matthias/prog/janestreet/emulator-wt-hdmi-ulx3s/prototypes/hdmi-ulx3s/rtl/gen/hdmi_pixel.v:588$19'.
     1/1: $0\_28[23:0]
Creating decoders for process `\hdmi_out.$proc$/home/matthias/prog/janestreet/emulator-wt-hdmi-ulx3s/prototypes/hdmi-ulx3s/rtl/hdmi_out.v:67$16'.
Creating decoders for process `\hdmi_out.$proc$/home/matthias/prog/janestreet/emulator-wt-hdmi-ulx3s/prototypes/hdmi-ulx3s/rtl/hdmi_out.v:23$15'.
Creating decoders for process `\hdmi_out.$proc$/home/matthias/prog/janestreet/emulator-wt-hdmi-ulx3s/prototypes/hdmi-ulx3s/rtl/hdmi_out.v:23$14'.
Creating decoders for process `\hdmi_out.$proc$/home/matthias/prog/janestreet/emulator-wt-hdmi-ulx3s/prototypes/hdmi-ulx3s/rtl/hdmi_out.v:22$13'.
Creating decoders for process `\hdmi_out.$proc$/home/matthias/prog/janestreet/emulator-wt-hdmi-ulx3s/prototypes/hdmi-ulx3s/rtl/hdmi_out.v:22$12'.
Creating decoders for process `\hdmi_out.$proc$/home/matthias/prog/janestreet/emulator-wt-hdmi-ulx3s/prototypes/hdmi-ulx3s/rtl/hdmi_out.v:68$11'.
Creating decoders for process `\hdmi_out.$proc$/home/matthias/prog/janestreet/emulator-wt-hdmi-ulx3s/prototypes/hdmi-ulx3s/rtl/hdmi_out.v:28$5'.
Creating decoders for process `\hdmi_out.$proc$/home/matthias/prog/janestreet/emulator-wt-hdmi-ulx3s/prototypes/hdmi-ulx3s/rtl/hdmi_out.v:24$1'.

6.4.8. Executing PROC_DLATCH pass (convert process syncs to latches).
No latch inferred for signal `\hdmi_pixel.\_701' from process `\hdmi_pixel.$proc$/home/matthias/prog/janestreet/emulator-wt-hdmi-ulx3s/prototypes/hdmi-ulx3s/rtl/gen/hdmi_pixel.v:1306$330'.

6.4.9. Executing PROC_DFF pass (convert process syncs to FFs).
Creating register for signal `\hdmi_serial_sdr.\_116' using process `\hdmi_serial_sdr.$proc$/home/matthias/prog/janestreet/emulator-wt-hdmi-ulx3s/prototypes/hdmi-ulx3s/rtl/gen/hdmi_serial_sdr.v:241$384'.
  created $dff cell `$procdff$711' with positive edge clock.
Creating register for signal `\hdmi_serial_sdr.\_68' using process `\hdmi_serial_sdr.$proc$/home/matthias/prog/janestreet/emulator-wt-hdmi-ulx3s/prototypes/hdmi-ulx3s/rtl/gen/hdmi_serial_sdr.v:234$382'.
  created $dff cell `$procdff$712' with positive edge clock.
Creating register for signal `\hdmi_serial_sdr.\_109' using process `\hdmi_serial_sdr.$proc$/home/matthias/prog/janestreet/emulator-wt-hdmi-ulx3s/prototypes/hdmi-ulx3s/rtl/gen/hdmi_serial_sdr.v:226$380'.
  created $dff cell `$procdff$713' with positive edge clock.
Creating register for signal `\hdmi_serial_sdr.\_45' using process `\hdmi_serial_sdr.$proc$/home/matthias/prog/janestreet/emulator-wt-hdmi-ulx3s/prototypes/hdmi-ulx3s/rtl/gen/hdmi_serial_sdr.v:218$377'.
  created $dff cell `$procdff$714' with positive edge clock.
Creating register for signal `\hdmi_serial_sdr.\_42' using process `\hdmi_serial_sdr.$proc$/home/matthias/prog/janestreet/emulator-wt-hdmi-ulx3s/prototypes/hdmi-ulx3s/rtl/gen/hdmi_serial_sdr.v:212$376'.
  created $dff cell `$procdff$715' with positive edge clock.
Creating register for signal `\hdmi_serial_sdr.\_48' using process `\hdmi_serial_sdr.$proc$/home/matthias/prog/janestreet/emulator-wt-hdmi-ulx3s/prototypes/hdmi-ulx3s/rtl/gen/hdmi_serial_sdr.v:205$375'.
  created $dff cell `$procdff$716' with positive edge clock.
Creating register for signal `\hdmi_serial_sdr.\_105' using process `\hdmi_serial_sdr.$proc$/home/matthias/prog/janestreet/emulator-wt-hdmi-ulx3s/prototypes/hdmi-ulx3s/rtl/gen/hdmi_serial_sdr.v:197$373'.
  created $dff cell `$procdff$717' with positive edge clock.
Creating register for signal `\hdmi_serial_sdr.\_93' using process `\hdmi_serial_sdr.$proc$/home/matthias/prog/janestreet/emulator-wt-hdmi-ulx3s/prototypes/hdmi-ulx3s/rtl/gen/hdmi_serial_sdr.v:178$367'.
  created $dff cell `$procdff$718' with positive edge clock.
Creating register for signal `\hdmi_serial_sdr.\_85' using process `\hdmi_serial_sdr.$proc$/home/matthias/prog/janestreet/emulator-wt-hdmi-ulx3s/prototypes/hdmi-ulx3s/rtl/gen/hdmi_serial_sdr.v:166$365'.
  created $dff cell `$procdff$719' with positive edge clock.
Creating register for signal `\hdmi_serial_sdr.\_77' using process `\hdmi_serial_sdr.$proc$/home/matthias/prog/janestreet/emulator-wt-hdmi-ulx3s/prototypes/hdmi-ulx3s/rtl/gen/hdmi_serial_sdr.v:154$363'.
  created $dff cell `$procdff$720' with positive edge clock.
Creating register for signal `\hdmi_serial_sdr.\_64' using process `\hdmi_serial_sdr.$proc$/home/matthias/prog/janestreet/emulator-wt-hdmi-ulx3s/prototypes/hdmi-ulx3s/rtl/gen/hdmi_serial_sdr.v:141$361'.
  created $dff cell `$procdff$721' with positive edge clock.
Creating register for signal `\hdmi_serial_sdr.\_39' using process `\hdmi_serial_sdr.$proc$/home/matthias/prog/janestreet/emulator-wt-hdmi-ulx3s/prototypes/hdmi-ulx3s/rtl/gen/hdmi_serial_sdr.v:124$352'.
  created $dff cell `$procdff$722' with positive edge clock.
Creating register for signal `\hdmi_serial_sdr.\_28' using process `\hdmi_serial_sdr.$proc$/home/matthias/prog/janestreet/emulator-wt-hdmi-ulx3s/prototypes/hdmi-ulx3s/rtl/gen/hdmi_serial_sdr.v:117$350'.
  created $dff cell `$procdff$723' with positive edge clock.
Creating register for signal `\hdmi_serial_sdr.\_35' using process `\hdmi_serial_sdr.$proc$/home/matthias/prog/janestreet/emulator-wt-hdmi-ulx3s/prototypes/hdmi-ulx3s/rtl/gen/hdmi_serial_sdr.v:109$348'.
  created $dff cell `$procdff$724' with positive edge clock.
Creating register for signal `\hdmi_pixel.\_714' using process `\hdmi_pixel.$proc$/home/matthias/prog/janestreet/emulator-wt-hdmi-ulx3s/prototypes/hdmi-ulx3s/rtl/gen/hdmi_pixel.v:1354$345'.
  created $dff cell `$procdff$725' with positive edge clock.
Creating register for signal `\hdmi_pixel.\_44' using process `\hdmi_pixel.$proc$/home/matthias/prog/janestreet/emulator-wt-hdmi-ulx3s/prototypes/hdmi-ulx3s/rtl/gen/hdmi_pixel.v:1347$343'.
  created $dff cell `$procdff$726' with positive edge clock.
Creating register for signal `\hdmi_pixel.\_675' using process `\hdmi_pixel.$proc$/home/matthias/prog/janestreet/emulator-wt-hdmi-ulx3s/prototypes/hdmi-ulx3s/rtl/gen/hdmi_pixel.v:1338$340'.
  created $dff cell `$procdff$727' with positive edge clock.
Creating register for signal `\hdmi_pixel.\_668' using process `\hdmi_pixel.$proc$/home/matthias/prog/janestreet/emulator-wt-hdmi-ulx3s/prototypes/hdmi-ulx3s/rtl/gen/hdmi_pixel.v:1324$335'.
  created $dff cell `$procdff$728' with positive edge clock.
Creating register for signal `\hdmi_pixel.\_685' using process `\hdmi_pixel.$proc$/home/matthias/prog/janestreet/emulator-wt-hdmi-ulx3s/prototypes/hdmi-ulx3s/rtl/gen/hdmi_pixel.v:1298$329'.
  created $dff cell `$procdff$729' with positive edge clock.
Creating register for signal `\hdmi_pixel.\_695' using process `\hdmi_pixel.$proc$/home/matthias/prog/janestreet/emulator-wt-hdmi-ulx3s/prototypes/hdmi-ulx3s/rtl/gen/hdmi_pixel.v:1285$323'.
  created $dff cell `$procdff$730' with positive edge clock.
Creating register for signal `\hdmi_pixel.\_656' using process `\hdmi_pixel.$proc$/home/matthias/prog/janestreet/emulator-wt-hdmi-ulx3s/prototypes/hdmi-ulx3s/rtl/gen/hdmi_pixel.v:1265$314'.
  created $dff cell `$procdff$731' with positive edge clock.
Creating register for signal `\hdmi_pixel.\_513' using process `\hdmi_pixel.$proc$/home/matthias/prog/janestreet/emulator-wt-hdmi-ulx3s/prototypes/hdmi-ulx3s/rtl/gen/hdmi_pixel.v:1226$295'.
  created $dff cell `$procdff$732' with positive edge clock.
Creating register for signal `\hdmi_pixel.\_480' using process `\hdmi_pixel.$proc$/home/matthias/prog/janestreet/emulator-wt-hdmi-ulx3s/prototypes/hdmi-ulx3s/rtl/gen/hdmi_pixel.v:1013$197'.
  created $dff cell `$procdff$733' with positive edge clock.
Creating register for signal `\hdmi_pixel.\_466' using process `\hdmi_pixel.$proc$/home/matthias/prog/janestreet/emulator-wt-hdmi-ulx3s/prototypes/hdmi-ulx3s/rtl/gen/hdmi_pixel.v:1002$192'.
  created $dff cell `$procdff$734' with positive edge clock.
Creating register for signal `\hdmi_pixel.\_323' using process `\hdmi_pixel.$proc$/home/matthias/prog/janestreet/emulator-wt-hdmi-ulx3s/prototypes/hdmi-ulx3s/rtl/gen/hdmi_pixel.v:963$173'.
  created $dff cell `$procdff$735' with positive edge clock.
Creating register for signal `\hdmi_pixel.\_300' using process `\hdmi_pixel.$proc$/home/matthias/prog/janestreet/emulator-wt-hdmi-ulx3s/prototypes/hdmi-ulx3s/rtl/gen/hdmi_pixel.v:822$114'.
  created $dff cell `$procdff$736' with positive edge clock.
Creating register for signal `\hdmi_pixel.\_286' using process `\hdmi_pixel.$proc$/home/matthias/prog/janestreet/emulator-wt-hdmi-ulx3s/prototypes/hdmi-ulx3s/rtl/gen/hdmi_pixel.v:810$109'.
  created $dff cell `$procdff$737' with positive edge clock.
Creating register for signal `\hdmi_pixel.\_142' using process `\hdmi_pixel.$proc$/home/matthias/prog/janestreet/emulator-wt-hdmi-ulx3s/prototypes/hdmi-ulx3s/rtl/gen/hdmi_pixel.v:771$90'.
  created $dff cell `$procdff$738' with positive edge clock.
Creating register for signal `\hdmi_pixel.\_36' using process `\hdmi_pixel.$proc$/home/matthias/prog/janestreet/emulator-wt-hdmi-ulx3s/prototypes/hdmi-ulx3s/rtl/gen/hdmi_pixel.v:611$25'.
  created $dff cell `$procdff$739' with positive edge clock.
Creating register for signal `\hdmi_pixel.\_32' using process `\hdmi_pixel.$proc$/home/matthias/prog/janestreet/emulator-wt-hdmi-ulx3s/prototypes/hdmi-ulx3s/rtl/gen/hdmi_pixel.v:603$23'.
  created $dff cell `$procdff$740' with positive edge clock.
Creating register for signal `\hdmi_pixel.\_21' using process `\hdmi_pixel.$proc$/home/matthias/prog/janestreet/emulator-wt-hdmi-ulx3s/prototypes/hdmi-ulx3s/rtl/gen/hdmi_pixel.v:596$21'.
  created $dff cell `$procdff$741' with positive edge clock.
Creating register for signal `\hdmi_pixel.\_28' using process `\hdmi_pixel.$proc$/home/matthias/prog/janestreet/emulator-wt-hdmi-ulx3s/prototypes/hdmi-ulx3s/rtl/gen/hdmi_pixel.v:588$19'.
  created $dff cell `$procdff$742' with positive edge clock.
Creating register for signal `\hdmi_out.\q' using process `\hdmi_out.$proc$/home/matthias/prog/janestreet/emulator-wt-hdmi-ulx3s/prototypes/hdmi-ulx3s/rtl/hdmi_out.v:68$11'.
  created $dff cell `$procdff$743' with positive edge clock.
Creating register for signal `\hdmi_out.\por_bit' using process `\hdmi_out.$proc$/home/matthias/prog/janestreet/emulator-wt-hdmi-ulx3s/prototypes/hdmi-ulx3s/rtl/hdmi_out.v:28$5'.
  created $dff cell `$procdff$744' with positive edge clock.
Creating register for signal `\hdmi_out.\lock_bit' using process `\hdmi_out.$proc$/home/matthias/prog/janestreet/emulator-wt-hdmi-ulx3s/prototypes/hdmi-ulx3s/rtl/hdmi_out.v:28$5'.
  created $dff cell `$procdff$745' with positive edge clock.
Creating register for signal `\hdmi_out.\por_pix' using process `\hdmi_out.$proc$/home/matthias/prog/janestreet/emulator-wt-hdmi-ulx3s/prototypes/hdmi-ulx3s/rtl/hdmi_out.v:24$1'.
  created $dff cell `$procdff$746' with positive edge clock.
Creating register for signal `\hdmi_out.\lock_pix' using process `\hdmi_out.$proc$/home/matthias/prog/janestreet/emulator-wt-hdmi-ulx3s/prototypes/hdmi-ulx3s/rtl/hdmi_out.v:24$1'.
  created $dff cell `$procdff$747' with positive edge clock.

6.4.10. Executing PROC_MEMWR pass (convert process memory writes to cells).

6.4.11. Executing PROC_CLEAN pass (remove empty switches from decision trees).
Found and cleaned up 1 empty switch in `\hdmi_serial_sdr.$proc$/home/matthias/prog/janestreet/emulator-wt-hdmi-ulx3s/prototypes/hdmi-ulx3s/rtl/gen/hdmi_serial_sdr.v:241$384'.
Removing empty process `hdmi_serial_sdr.$proc$/home/matthias/prog/janestreet/emulator-wt-hdmi-ulx3s/prototypes/hdmi-ulx3s/rtl/gen/hdmi_serial_sdr.v:241$384'.
Found and cleaned up 1 empty switch in `\hdmi_serial_sdr.$proc$/home/matthias/prog/janestreet/emulator-wt-hdmi-ulx3s/prototypes/hdmi-ulx3s/rtl/gen/hdmi_serial_sdr.v:234$382'.
Removing empty process `hdmi_serial_sdr.$proc$/home/matthias/prog/janestreet/emulator-wt-hdmi-ulx3s/prototypes/hdmi-ulx3s/rtl/gen/hdmi_serial_sdr.v:234$382'.
Found and cleaned up 1 empty switch in `\hdmi_serial_sdr.$proc$/home/matthias/prog/janestreet/emulator-wt-hdmi-ulx3s/prototypes/hdmi-ulx3s/rtl/gen/hdmi_serial_sdr.v:226$380'.
Removing empty process `hdmi_serial_sdr.$proc$/home/matthias/prog/janestreet/emulator-wt-hdmi-ulx3s/prototypes/hdmi-ulx3s/rtl/gen/hdmi_serial_sdr.v:226$380'.
Found and cleaned up 1 empty switch in `\hdmi_serial_sdr.$proc$/home/matthias/prog/janestreet/emulator-wt-hdmi-ulx3s/prototypes/hdmi-ulx3s/rtl/gen/hdmi_serial_sdr.v:218$377'.
Removing empty process `hdmi_serial_sdr.$proc$/home/matthias/prog/janestreet/emulator-wt-hdmi-ulx3s/prototypes/hdmi-ulx3s/rtl/gen/hdmi_serial_sdr.v:218$377'.
Found and cleaned up 1 empty switch in `\hdmi_serial_sdr.$proc$/home/matthias/prog/janestreet/emulator-wt-hdmi-ulx3s/prototypes/hdmi-ulx3s/rtl/gen/hdmi_serial_sdr.v:212$376'.
Removing empty process `hdmi_serial_sdr.$proc$/home/matthias/prog/janestreet/emulator-wt-hdmi-ulx3s/prototypes/hdmi-ulx3s/rtl/gen/hdmi_serial_sdr.v:212$376'.
Found and cleaned up 1 empty switch in `\hdmi_serial_sdr.$proc$/home/matthias/prog/janestreet/emulator-wt-hdmi-ulx3s/prototypes/hdmi-ulx3s/rtl/gen/hdmi_serial_sdr.v:205$375'.
Removing empty process `hdmi_serial_sdr.$proc$/home/matthias/prog/janestreet/emulator-wt-hdmi-ulx3s/prototypes/hdmi-ulx3s/rtl/gen/hdmi_serial_sdr.v:205$375'.
Found and cleaned up 1 empty switch in `\hdmi_serial_sdr.$proc$/home/matthias/prog/janestreet/emulator-wt-hdmi-ulx3s/prototypes/hdmi-ulx3s/rtl/gen/hdmi_serial_sdr.v:197$373'.
Removing empty process `hdmi_serial_sdr.$proc$/home/matthias/prog/janestreet/emulator-wt-hdmi-ulx3s/prototypes/hdmi-ulx3s/rtl/gen/hdmi_serial_sdr.v:197$373'.
Found and cleaned up 1 empty switch in `\hdmi_serial_sdr.$proc$/home/matthias/prog/janestreet/emulator-wt-hdmi-ulx3s/prototypes/hdmi-ulx3s/rtl/gen/hdmi_serial_sdr.v:178$367'.
Removing empty process `hdmi_serial_sdr.$proc$/home/matthias/prog/janestreet/emulator-wt-hdmi-ulx3s/prototypes/hdmi-ulx3s/rtl/gen/hdmi_serial_sdr.v:178$367'.
Found and cleaned up 1 empty switch in `\hdmi_serial_sdr.$proc$/home/matthias/prog/janestreet/emulator-wt-hdmi-ulx3s/prototypes/hdmi-ulx3s/rtl/gen/hdmi_serial_sdr.v:166$365'.
Removing empty process `hdmi_serial_sdr.$proc$/home/matthias/prog/janestreet/emulator-wt-hdmi-ulx3s/prototypes/hdmi-ulx3s/rtl/gen/hdmi_serial_sdr.v:166$365'.
Found and cleaned up 1 empty switch in `\hdmi_serial_sdr.$proc$/home/matthias/prog/janestreet/emulator-wt-hdmi-ulx3s/prototypes/hdmi-ulx3s/rtl/gen/hdmi_serial_sdr.v:154$363'.
Removing empty process `hdmi_serial_sdr.$proc$/home/matthias/prog/janestreet/emulator-wt-hdmi-ulx3s/prototypes/hdmi-ulx3s/rtl/gen/hdmi_serial_sdr.v:154$363'.
Found and cleaned up 1 empty switch in `\hdmi_serial_sdr.$proc$/home/matthias/prog/janestreet/emulator-wt-hdmi-ulx3s/prototypes/hdmi-ulx3s/rtl/gen/hdmi_serial_sdr.v:141$361'.
Removing empty process `hdmi_serial_sdr.$proc$/home/matthias/prog/janestreet/emulator-wt-hdmi-ulx3s/prototypes/hdmi-ulx3s/rtl/gen/hdmi_serial_sdr.v:141$361'.
Found and cleaned up 1 empty switch in `\hdmi_serial_sdr.$proc$/home/matthias/prog/janestreet/emulator-wt-hdmi-ulx3s/prototypes/hdmi-ulx3s/rtl/gen/hdmi_serial_sdr.v:124$352'.
Removing empty process `hdmi_serial_sdr.$proc$/home/matthias/prog/janestreet/emulator-wt-hdmi-ulx3s/prototypes/hdmi-ulx3s/rtl/gen/hdmi_serial_sdr.v:124$352'.
Found and cleaned up 1 empty switch in `\hdmi_serial_sdr.$proc$/home/matthias/prog/janestreet/emulator-wt-hdmi-ulx3s/prototypes/hdmi-ulx3s/rtl/gen/hdmi_serial_sdr.v:117$350'.
Removing empty process `hdmi_serial_sdr.$proc$/home/matthias/prog/janestreet/emulator-wt-hdmi-ulx3s/prototypes/hdmi-ulx3s/rtl/gen/hdmi_serial_sdr.v:117$350'.
Found and cleaned up 1 empty switch in `\hdmi_serial_sdr.$proc$/home/matthias/prog/janestreet/emulator-wt-hdmi-ulx3s/prototypes/hdmi-ulx3s/rtl/gen/hdmi_serial_sdr.v:109$348'.
Removing empty process `hdmi_serial_sdr.$proc$/home/matthias/prog/janestreet/emulator-wt-hdmi-ulx3s/prototypes/hdmi-ulx3s/rtl/gen/hdmi_serial_sdr.v:109$348'.
Found and cleaned up 1 empty switch in `\hdmi_pixel.$proc$/home/matthias/prog/janestreet/emulator-wt-hdmi-ulx3s/prototypes/hdmi-ulx3s/rtl/gen/hdmi_pixel.v:1354$345'.
Removing empty process `hdmi_pixel.$proc$/home/matthias/prog/janestreet/emulator-wt-hdmi-ulx3s/prototypes/hdmi-ulx3s/rtl/gen/hdmi_pixel.v:1354$345'.
Found and cleaned up 1 empty switch in `\hdmi_pixel.$proc$/home/matthias/prog/janestreet/emulator-wt-hdmi-ulx3s/prototypes/hdmi-ulx3s/rtl/gen/hdmi_pixel.v:1347$343'.
Removing empty process `hdmi_pixel.$proc$/home/matthias/prog/janestreet/emulator-wt-hdmi-ulx3s/prototypes/hdmi-ulx3s/rtl/gen/hdmi_pixel.v:1347$343'.
Found and cleaned up 1 empty switch in `\hdmi_pixel.$proc$/home/matthias/prog/janestreet/emulator-wt-hdmi-ulx3s/prototypes/hdmi-ulx3s/rtl/gen/hdmi_pixel.v:1338$340'.
Removing empty process `hdmi_pixel.$proc$/home/matthias/prog/janestreet/emulator-wt-hdmi-ulx3s/prototypes/hdmi-ulx3s/rtl/gen/hdmi_pixel.v:1338$340'.
Found and cleaned up 1 empty switch in `\hdmi_pixel.$proc$/home/matthias/prog/janestreet/emulator-wt-hdmi-ulx3s/prototypes/hdmi-ulx3s/rtl/gen/hdmi_pixel.v:1324$335'.
Removing empty process `hdmi_pixel.$proc$/home/matthias/prog/janestreet/emulator-wt-hdmi-ulx3s/prototypes/hdmi-ulx3s/rtl/gen/hdmi_pixel.v:1324$335'.
Found and cleaned up 1 empty switch in `\hdmi_pixel.$proc$/home/matthias/prog/janestreet/emulator-wt-hdmi-ulx3s/prototypes/hdmi-ulx3s/rtl/gen/hdmi_pixel.v:1306$330'.
Removing empty process `hdmi_pixel.$proc$/home/matthias/prog/janestreet/emulator-wt-hdmi-ulx3s/prototypes/hdmi-ulx3s/rtl/gen/hdmi_pixel.v:1306$330'.
Found and cleaned up 1 empty switch in `\hdmi_pixel.$proc$/home/matthias/prog/janestreet/emulator-wt-hdmi-ulx3s/prototypes/hdmi-ulx3s/rtl/gen/hdmi_pixel.v:1298$329'.
Removing empty process `hdmi_pixel.$proc$/home/matthias/prog/janestreet/emulator-wt-hdmi-ulx3s/prototypes/hdmi-ulx3s/rtl/gen/hdmi_pixel.v:1298$329'.
Found and cleaned up 1 empty switch in `\hdmi_pixel.$proc$/home/matthias/prog/janestreet/emulator-wt-hdmi-ulx3s/prototypes/hdmi-ulx3s/rtl/gen/hdmi_pixel.v:1285$323'.
Removing empty process `hdmi_pixel.$proc$/home/matthias/prog/janestreet/emulator-wt-hdmi-ulx3s/prototypes/hdmi-ulx3s/rtl/gen/hdmi_pixel.v:1285$323'.
Found and cleaned up 1 empty switch in `\hdmi_pixel.$proc$/home/matthias/prog/janestreet/emulator-wt-hdmi-ulx3s/prototypes/hdmi-ulx3s/rtl/gen/hdmi_pixel.v:1265$314'.
Removing empty process `hdmi_pixel.$proc$/home/matthias/prog/janestreet/emulator-wt-hdmi-ulx3s/prototypes/hdmi-ulx3s/rtl/gen/hdmi_pixel.v:1265$314'.
Found and cleaned up 1 empty switch in `\hdmi_pixel.$proc$/home/matthias/prog/janestreet/emulator-wt-hdmi-ulx3s/prototypes/hdmi-ulx3s/rtl/gen/hdmi_pixel.v:1226$295'.
Removing empty process `hdmi_pixel.$proc$/home/matthias/prog/janestreet/emulator-wt-hdmi-ulx3s/prototypes/hdmi-ulx3s/rtl/gen/hdmi_pixel.v:1226$295'.
Found and cleaned up 1 empty switch in `\hdmi_pixel.$proc$/home/matthias/prog/janestreet/emulator-wt-hdmi-ulx3s/prototypes/hdmi-ulx3s/rtl/gen/hdmi_pixel.v:1013$197'.
Removing empty process `hdmi_pixel.$proc$/home/matthias/prog/janestreet/emulator-wt-hdmi-ulx3s/prototypes/hdmi-ulx3s/rtl/gen/hdmi_pixel.v:1013$197'.
Found and cleaned up 1 empty switch in `\hdmi_pixel.$proc$/home/matthias/prog/janestreet/emulator-wt-hdmi-ulx3s/prototypes/hdmi-ulx3s/rtl/gen/hdmi_pixel.v:1002$192'.
Removing empty process `hdmi_pixel.$proc$/home/matthias/prog/janestreet/emulator-wt-hdmi-ulx3s/prototypes/hdmi-ulx3s/rtl/gen/hdmi_pixel.v:1002$192'.
Found and cleaned up 1 empty switch in `\hdmi_pixel.$proc$/home/matthias/prog/janestreet/emulator-wt-hdmi-ulx3s/prototypes/hdmi-ulx3s/rtl/gen/hdmi_pixel.v:963$173'.
Removing empty process `hdmi_pixel.$proc$/home/matthias/prog/janestreet/emulator-wt-hdmi-ulx3s/prototypes/hdmi-ulx3s/rtl/gen/hdmi_pixel.v:963$173'.
Found and cleaned up 1 empty switch in `\hdmi_pixel.$proc$/home/matthias/prog/janestreet/emulator-wt-hdmi-ulx3s/prototypes/hdmi-ulx3s/rtl/gen/hdmi_pixel.v:822$114'.
Removing empty process `hdmi_pixel.$proc$/home/matthias/prog/janestreet/emulator-wt-hdmi-ulx3s/prototypes/hdmi-ulx3s/rtl/gen/hdmi_pixel.v:822$114'.
Found and cleaned up 1 empty switch in `\hdmi_pixel.$proc$/home/matthias/prog/janestreet/emulator-wt-hdmi-ulx3s/prototypes/hdmi-ulx3s/rtl/gen/hdmi_pixel.v:810$109'.
Removing empty process `hdmi_pixel.$proc$/home/matthias/prog/janestreet/emulator-wt-hdmi-ulx3s/prototypes/hdmi-ulx3s/rtl/gen/hdmi_pixel.v:810$109'.
Found and cleaned up 1 empty switch in `\hdmi_pixel.$proc$/home/matthias/prog/janestreet/emulator-wt-hdmi-ulx3s/prototypes/hdmi-ulx3s/rtl/gen/hdmi_pixel.v:771$90'.
Removing empty process `hdmi_pixel.$proc$/home/matthias/prog/janestreet/emulator-wt-hdmi-ulx3s/prototypes/hdmi-ulx3s/rtl/gen/hdmi_pixel.v:771$90'.
Found and cleaned up 1 empty switch in `\hdmi_pixel.$proc$/home/matthias/prog/janestreet/emulator-wt-hdmi-ulx3s/prototypes/hdmi-ulx3s/rtl/gen/hdmi_pixel.v:611$25'.
Removing empty process `hdmi_pixel.$proc$/home/matthias/prog/janestreet/emulator-wt-hdmi-ulx3s/prototypes/hdmi-ulx3s/rtl/gen/hdmi_pixel.v:611$25'.
Found and cleaned up 1 empty switch in `\hdmi_pixel.$proc$/home/matthias/prog/janestreet/emulator-wt-hdmi-ulx3s/prototypes/hdmi-ulx3s/rtl/gen/hdmi_pixel.v:603$23'.
Removing empty process `hdmi_pixel.$proc$/home/matthias/prog/janestreet/emulator-wt-hdmi-ulx3s/prototypes/hdmi-ulx3s/rtl/gen/hdmi_pixel.v:603$23'.
Found and cleaned up 1 empty switch in `\hdmi_pixel.$proc$/home/matthias/prog/janestreet/emulator-wt-hdmi-ulx3s/prototypes/hdmi-ulx3s/rtl/gen/hdmi_pixel.v:596$21'.
Removing empty process `hdmi_pixel.$proc$/home/matthias/prog/janestreet/emulator-wt-hdmi-ulx3s/prototypes/hdmi-ulx3s/rtl/gen/hdmi_pixel.v:596$21'.
Found and cleaned up 1 empty switch in `\hdmi_pixel.$proc$/home/matthias/prog/janestreet/emulator-wt-hdmi-ulx3s/prototypes/hdmi-ulx3s/rtl/gen/hdmi_pixel.v:588$19'.
Removing empty process `hdmi_pixel.$proc$/home/matthias/prog/janestreet/emulator-wt-hdmi-ulx3s/prototypes/hdmi-ulx3s/rtl/gen/hdmi_pixel.v:588$19'.
Removing empty process `hdmi_out.$proc$/home/matthias/prog/janestreet/emulator-wt-hdmi-ulx3s/prototypes/hdmi-ulx3s/rtl/hdmi_out.v:67$16'.
Removing empty process `hdmi_out.$proc$/home/matthias/prog/janestreet/emulator-wt-hdmi-ulx3s/prototypes/hdmi-ulx3s/rtl/hdmi_out.v:23$15'.
Removing empty process `hdmi_out.$proc$/home/matthias/prog/janestreet/emulator-wt-hdmi-ulx3s/prototypes/hdmi-ulx3s/rtl/hdmi_out.v:23$14'.
Removing empty process `hdmi_out.$proc$/home/matthias/prog/janestreet/emulator-wt-hdmi-ulx3s/prototypes/hdmi-ulx3s/rtl/hdmi_out.v:22$13'.
Removing empty process `hdmi_out.$proc$/home/matthias/prog/janestreet/emulator-wt-hdmi-ulx3s/prototypes/hdmi-ulx3s/rtl/hdmi_out.v:22$12'.
Removing empty process `hdmi_out.$proc$/home/matthias/prog/janestreet/emulator-wt-hdmi-ulx3s/prototypes/hdmi-ulx3s/rtl/hdmi_out.v:68$11'.
Removing empty process `hdmi_out.$proc$/home/matthias/prog/janestreet/emulator-wt-hdmi-ulx3s/prototypes/hdmi-ulx3s/rtl/hdmi_out.v:28$5'.
Removing empty process `hdmi_out.$proc$/home/matthias/prog/janestreet/emulator-wt-hdmi-ulx3s/prototypes/hdmi-ulx3s/rtl/hdmi_out.v:24$1'.
Cleaned up 33 empty switches.

6.4.12. Executing OPT_EXPR pass (perform const folding).
Optimizing module hdmi_serial_sdr.
<suppressed ~5 debug messages>
Optimizing module hdmi_pixel.
<suppressed ~21 debug messages>
Optimizing module pll_hdmi_sdr.
Optimizing module hdmi_out.
Optimizing module hdmi_top.

6.5. Executing CHECK pass (checking for obvious problems).
Checking module hdmi_serial_sdr...
Checking module hdmi_pixel...
Checking module pll_hdmi_sdr...
Checking module hdmi_out...
Checking module hdmi_top...
Found and reported 0 problems.

6.6. Executing FLATTEN pass (flatten design).
Deleting now unused module hdmi_serial_sdr.
Deleting now unused module hdmi_pixel.
Deleting now unused module pll_hdmi_sdr.
Deleting now unused module hdmi_out.
<suppressed ~4 debug messages>

6.7. Executing TRIBUF pass.

6.8. Executing DEMINOUT pass (demote inout ports to input or output).

6.9. Executing OPT_EXPR pass (perform const folding).
Optimizing module hdmi_top.
<suppressed ~28 debug messages>

6.10. Executing CHECK pass (checking for obvious problems).
Checking module hdmi_top...
Found and reported 0 problems.

6.11. Executing OPT_CLEAN pass (remove unused cells and wires).
Finding unused cells or wires in module \hdmi_top..
Removed 3 unused cells and 422 unused wires.
<suppressed ~9 debug messages>

6.12. Executing OPT pass (performing simple optimizations).

6.12.1. Executing OPT_EXPR pass (perform const folding).
Optimizing module hdmi_top.

6.12.2. Executing OPT_MERGE pass (detect identical cells).
Finding identical cells in module `\hdmi_top'.
Computing hashes of 408 cells of `\hdmi_top'.
Finding duplicate cells in `\hdmi_top'.
Computing hashes of 396 cells of `\hdmi_top'.
Finding duplicate cells in `\hdmi_top'.
<suppressed ~36 debug messages>
Removed a total of 12 cells.

6.12.3. Executing OPT_MUXTREE pass (detect dead branches in mux trees).
Running muxtree optimizer on module \hdmi_top..
  Creating internal representation of mux trees.
  Evaluating internal representation of mux trees.
      Replacing known input bits on port B of cell $flatten\hdmi.$ternary$/home/matthias/prog/janestreet/emulator-wt-hdmi-ulx3s/prototypes/hdmi-ulx3s/rtl/hdmi_out.v:26$3: \hdmi.por_pix -> { 1'1 \hdmi.por_pix [3:0] }
      Replacing known input bits on port B of cell $flatten\hdmi.$ternary$/home/matthias/prog/janestreet/emulator-wt-hdmi-ulx3s/prototypes/hdmi-ulx3s/rtl/hdmi_out.v:30$7: \hdmi.por_bit -> { 1'1 \hdmi.por_bit [3:0] }
  Analyzing evaluation results.
Removed 0 multiplexer ports.
<suppressed ~165 debug messages>

6.12.4. Executing OPT_REDUCE pass (consolidate $*mux and $reduce_* inputs).
  Optimizing cells in module \hdmi_top.
Performed a total of 0 changes.

6.12.5. Executing OPT_MERGE pass (detect identical cells).
Finding identical cells in module `\hdmi_top'.
Computing hashes of 396 cells of `\hdmi_top'.
Finding duplicate cells in `\hdmi_top'.
Computing hashes of 394 cells of `\hdmi_top'.
Finding duplicate cells in `\hdmi_top'.
<suppressed ~6 debug messages>
Removed a total of 2 cells.

6.12.6. Executing OPT_DFF pass (perform DFF optimizations).

6.12.7. Executing OPT_CLEAN pass (remove unused cells and wires).
Finding unused cells or wires in module \hdmi_top..

6.12.8. Executing OPT_EXPR pass (perform const folding).
Optimizing module hdmi_top.

6.12.9. Rerunning OPT passes. (Maybe there is more to do..)

6.12.10. Executing OPT_MUXTREE pass (detect dead branches in mux trees).
Running muxtree optimizer on module \hdmi_top..
  Creating internal representation of mux trees.
  Evaluating internal representation of mux trees.
  Analyzing evaluation results.
Removed 0 multiplexer ports.
<suppressed ~166 debug messages>

6.12.11. Executing OPT_REDUCE pass (consolidate $*mux and $reduce_* inputs).
  Optimizing cells in module \hdmi_top.
Performed a total of 0 changes.

6.12.12. Executing OPT_MERGE pass (detect identical cells).
Finding identical cells in module `\hdmi_top'.
Computing hashes of 394 cells of `\hdmi_top'.
Finding duplicate cells in `\hdmi_top'.
Removed a total of 0 cells.

6.12.13. Executing OPT_DFF pass (perform DFF optimizations).

6.12.14. Executing OPT_CLEAN pass (remove unused cells and wires).
Finding unused cells or wires in module \hdmi_top..

6.12.15. Executing OPT_EXPR pass (perform const folding).
Optimizing module hdmi_top.

6.12.16. Finished fast OPT passes. (There is nothing left to do.)

6.13. Executing FSM pass (extract and optimize FSM).

6.13.1. Executing FSM_DETECT pass (finding FSMs in design).

6.13.2. Executing FSM_EXTRACT pass (extracting FSM from design).

6.13.3. Executing FSM_OPT pass (simple optimizations of FSMs).

6.13.4. Executing OPT_CLEAN pass (remove unused cells and wires).
Finding unused cells or wires in module \hdmi_top..

6.13.5. Executing FSM_OPT pass (simple optimizations of FSMs).

6.13.6. Executing FSM_RECODE pass (re-assigning FSM state encoding).

6.13.7. Executing FSM_INFO pass (dumping all available information on FSM cells).

6.13.8. Executing FSM_MAP pass (mapping FSMs to basic logic).

6.14. Executing OPT pass (performing simple optimizations).

6.14.1. Executing OPT_EXPR pass (perform const folding).
Optimizing module hdmi_top.

6.14.2. Executing OPT_MERGE pass (detect identical cells).
Finding identical cells in module `\hdmi_top'.
Computing hashes of 394 cells of `\hdmi_top'.
Finding duplicate cells in `\hdmi_top'.
Removed a total of 0 cells.

6.14.3. Executing OPT_MUXTREE pass (detect dead branches in mux trees).
Running muxtree optimizer on module \hdmi_top..
  Creating internal representation of mux trees.
  Evaluating internal representation of mux trees.
  Analyzing evaluation results.
Removed 0 multiplexer ports.
<suppressed ~166 debug messages>

6.14.4. Executing OPT_REDUCE pass (consolidate $*mux and $reduce_* inputs).
  Optimizing cells in module \hdmi_top.
Performed a total of 0 changes.

6.14.5. Executing OPT_MERGE pass (detect identical cells).
Finding identical cells in module `\hdmi_top'.
Computing hashes of 394 cells of `\hdmi_top'.
Finding duplicate cells in `\hdmi_top'.
Removed a total of 0 cells.

6.14.6. Executing OPT_DFF pass (perform DFF optimizations).
Adding SRST signal on $flatten\hdmi.\serial.$procdff$724 ($dff) from module hdmi_top (D = \hdmi.serial._30, Q = \hdmi.serial._35, rval = 27'000000000000000000000000000).
Adding SRST signal on $flatten\hdmi.\serial.$procdff$723 ($dff) from module hdmi_top (D = \hdmi.serial._24, Q = \hdmi.serial._28, rval = 1'0).
Adding SRST signal on $flatten\hdmi.\serial.$procdff$722 ($dff) from module hdmi_top (D = \hdmi.serial._36, Q = \hdmi.serial._39, rval = 1'0).
Adding SRST signal on $flatten\hdmi.\serial.$procdff$721 ($dff) from module hdmi_top (D = \hdmi.serial._61, Q = \hdmi.serial._64, rval = 1'0).
Adding SRST signal on $flatten\hdmi.\serial.$procdff$711 ($dff) from module hdmi_top (D = \hdmi.pixel._714 [9], Q = \hdmi.serial._116 [9], rval = 1'0).
Adding SRST signal on $flatten\hdmi.\serial.$procdff$712 ($dff) from module hdmi_top (D = \hdmi.serial._65, Q = \hdmi.serial._68, rval = 1'0).
Adding SRST signal on $flatten\hdmi.\serial.$procdff$713 ($dff) from module hdmi_top (D = \hdmi.serial._106, Q = \hdmi.serial._109, rval = 1'0).
Adding SRST signal on $flatten\hdmi.\serial.$procdff$714 ($dff) from module hdmi_top (D = \hdmi.serial._42, Q = \hdmi.serial._45, rval = 1'0).
Adding SRST signal on $flatten\hdmi.\serial.$procdff$715 ($dff) from module hdmi_top (D = \hdmi.pixel._36, Q = \hdmi.serial._42, rval = 1'0).
Adding SRST signal on $flatten\hdmi.\serial.$procdff$716 ($dff) from module hdmi_top (D = \hdmi.serial._45, Q = \hdmi.serial._48, rval = 1'0).
Adding SRST signal on $flatten\hdmi.\serial.$procdff$717 ($dff) from module hdmi_top (D = \hdmi.serial._98, Q = \hdmi.serial._105, rval = 4'0000).
Adding SRST signal on $flatten\hdmi.\serial.$procdff$718 ($dff) from module hdmi_top (D = \hdmi.pixel._480 [9], Q = \hdmi.serial._93 [9], rval = 1'0).
Adding SRST signal on $flatten\hdmi.\serial.$procdff$719 ($dff) from module hdmi_top (D = \hdmi.pixel._300 [9], Q = \hdmi.serial._85 [9], rval = 1'0).
Adding SRST signal on $flatten\hdmi.\serial.$procdff$720 ($dff) from module hdmi_top (D = \hdmi.serial._77 [9:1], Q = \hdmi.serial._77 [8:0], rval = 9'000011111).
Adding SRST signal on $flatten\hdmi.$procdff$746 ($dff) from module hdmi_top (D = $flatten\hdmi.$ternary$/home/matthias/prog/janestreet/emulator-wt-hdmi-ulx3s/prototypes/hdmi-ulx3s/rtl/hdmi_out.v:26$3_Y, Q = \hdmi.por_pix, rval = 5'00000).
Adding EN signal on $auto$ff.cc:337:slice$778 ($sdff) from module hdmi_top (D = $flatten\hdmi.$add$/home/matthias/prog/janestreet/emulator-wt-hdmi-ulx3s/prototypes/hdmi-ulx3s/rtl/hdmi_out.v:26$2_Y [3:0], Q = \hdmi.por_pix [3:0]).
Adding SRST signal on $flatten\hdmi.\pixel.$procdff$742 ($dff) from module hdmi_top (D = \hdmi.pixel._23, Q = \hdmi.pixel._28, rval = 24'000000000000000000000000).
Adding SRST signal on $flatten\hdmi.\pixel.$procdff$741 ($dff) from module hdmi_top (D = \hdmi.pixel._17, Q = \hdmi.pixel._21, rval = 1'0).
Adding SRST signal on $flatten\hdmi.$procdff$744 ($dff) from module hdmi_top (D = $flatten\hdmi.$ternary$/home/matthias/prog/janestreet/emulator-wt-hdmi-ulx3s/prototypes/hdmi-ulx3s/rtl/hdmi_out.v:30$7_Y, Q = \hdmi.por_bit, rval = 5'00000).
Adding EN signal on $auto$ff.cc:337:slice$787 ($sdff) from module hdmi_top (D = $flatten\hdmi.$add$/home/matthias/prog/janestreet/emulator-wt-hdmi-ulx3s/prototypes/hdmi-ulx3s/rtl/hdmi_out.v:30$6_Y [3:0], Q = \hdmi.por_bit [3:0]).
Adding SRST signal on $flatten\hdmi.\pixel.$procdff$740 ($dff) from module hdmi_top (D = \hdmi.pixel._29, Q = \hdmi.pixel._32, rval = 1'0).
Adding SRST signal on $flatten\hdmi.\pixel.$procdff$739 ($dff) from module hdmi_top (D = \hdmi.pixel._33, Q = \hdmi.pixel._36, rval = 1'0).
Adding SRST signal on $flatten\hdmi.\pixel.$procdff$738 ($dff) from module hdmi_top (D = \hdmi.pixel._139, Q = \hdmi.pixel._142, rval = 8'00000000).
Adding SRST signal on $flatten\hdmi.\pixel.$procdff$737 ($dff) from module hdmi_top (D = \hdmi.pixel._282, Q = \hdmi.pixel._286, rval = 5'00000).
Adding SRST signal on $flatten\hdmi.\pixel.$procdff$725 ($dff) from module hdmi_top (D = \hdmi.pixel._711, Q = \hdmi.pixel._714, rval = 10'0000000000).
Adding SRST signal on $flatten\hdmi.\pixel.$procdff$726 ($dff) from module hdmi_top (D = \hdmi.pixel._41, Q = \hdmi.pixel._44, rval = 1'0).
Adding SRST signal on $flatten\hdmi.\pixel.$procdff$727 ($dff) from module hdmi_top (D = \hdmi.pixel._670, Q = \hdmi.pixel._675, rval = 10'0000000000).
Adding SRST signal on $flatten\hdmi.\pixel.$procdff$728 ($dff) from module hdmi_top (D = \hdmi.pixel._665, Q = \hdmi.pixel._668, rval = 10'0000000000).
Adding EN signal on $auto$ff.cc:337:slice$803 ($sdff) from module hdmi_top (D = \hdmi.pixel._664, Q = \hdmi.pixel._668).
Adding SRST signal on $flatten\hdmi.\pixel.$procdff$729 ($dff) from module hdmi_top (D = \hdmi.pixel._682, Q = \hdmi.pixel._685, rval = 1'0).
Adding SRST signal on $flatten\hdmi.\pixel.$procdff$730 ($dff) from module hdmi_top (D = \hdmi.pixel._692, Q = \hdmi.pixel._695, rval = 1'0).
Adding SRST signal on $flatten\hdmi.\pixel.$procdff$731 ($dff) from module hdmi_top (D = \hdmi.pixel._652, Q = \hdmi.pixel._656, rval = 5'00000).
Adding SRST signal on $flatten\hdmi.\pixel.$procdff$732 ($dff) from module hdmi_top (D = \hdmi.pixel._510, Q = \hdmi.pixel._513, rval = 8'00000000).
Adding SRST signal on $flatten\hdmi.\pixel.$procdff$733 ($dff) from module hdmi_top (D = { \hdmi.pixel._476 [7] \hdmi.pixel._476 [5] \hdmi.pixel._476 [3] \hdmi.pixel._476 [1:0] }, Q = { \hdmi.pixel._480 [7] \hdmi.pixel._480 [5] \hdmi.pixel._480 [3] \hdmi.pixel._480 [1:0] }, rval = 5'00000).
Adding SRST signal on $flatten\hdmi.\pixel.$procdff$733 ($dff) from module hdmi_top (D = { \hdmi.pixel._477 [9:8] \hdmi.pixel._477 [6] \hdmi.pixel._477 [4] \hdmi.pixel._477 [2] }, Q = { \hdmi.pixel._480 [9:8] \hdmi.pixel._480 [6] \hdmi.pixel._480 [4] \hdmi.pixel._480 [2] }, rval = 5'00000).
Adding SRST signal on $flatten\hdmi.\pixel.$procdff$734 ($dff) from module hdmi_top (D = \hdmi.pixel._462, Q = \hdmi.pixel._466, rval = 5'00000).
Adding SRST signal on $flatten\hdmi.\pixel.$procdff$735 ($dff) from module hdmi_top (D = \hdmi.pixel._320, Q = \hdmi.pixel._323, rval = 8'00000000).
Adding SRST signal on $flatten\hdmi.\pixel.$procdff$736 ($dff) from module hdmi_top (D = { \hdmi.pixel._296 [7] \hdmi.pixel._296 [5] \hdmi.pixel._296 [3] \hdmi.pixel._296 [1:0] }, Q = { \hdmi.pixel._300 [7] \hdmi.pixel._300 [5] \hdmi.pixel._300 [3] \hdmi.pixel._300 [1:0] }, rval = 5'00000).
Adding SRST signal on $flatten\hdmi.\pixel.$procdff$736 ($dff) from module hdmi_top (D = { \hdmi.pixel._297 [9:8] \hdmi.pixel._297 [6] \hdmi.pixel._297 [4] \hdmi.pixel._297 [2] }, Q = { \hdmi.pixel._300 [9:8] \hdmi.pixel._300 [6] \hdmi.pixel._300 [4] \hdmi.pixel._300 [2] }, rval = 5'00000).

6.14.7. Executing OPT_CLEAN pass (remove unused cells and wires).
Finding unused cells or wires in module \hdmi_top..
Removed 39 unused cells and 39 unused wires.
<suppressed ~49 debug messages>

6.14.8. Executing OPT_EXPR pass (perform const folding).
Optimizing module hdmi_top.

6.14.9. Rerunning OPT passes. (Maybe there is more to do..)

6.14.10. Executing OPT_MUXTREE pass (detect dead branches in mux trees).
Running muxtree optimizer on module \hdmi_top..
  Creating internal representation of mux trees.
  Evaluating internal representation of mux trees.
  Analyzing evaluation results.
Removed 0 multiplexer ports.
<suppressed ~112 debug messages>

6.14.11. Executing OPT_REDUCE pass (consolidate $*mux and $reduce_* inputs).
  Optimizing cells in module \hdmi_top.
Performed a total of 0 changes.

6.14.12. Executing OPT_MERGE pass (detect identical cells).
Finding identical cells in module `\hdmi_top'.
Computing hashes of 376 cells of `\hdmi_top'.
Finding duplicate cells in `\hdmi_top'.
Computing hashes of 370 cells of `\hdmi_top'.
Finding duplicate cells in `\hdmi_top'.
<suppressed ~18 debug messages>
Removed a total of 6 cells.

6.14.13. Executing OPT_DFF pass (perform DFF optimizations).

6.14.14. Executing OPT_CLEAN pass (remove unused cells and wires).
Finding unused cells or wires in module \hdmi_top..
Removed 0 unused cells and 6 unused wires.
<suppressed ~1 debug messages>

6.14.15. Executing OPT_EXPR pass (perform const folding).
Optimizing module hdmi_top.

6.14.16. Rerunning OPT passes. (Maybe there is more to do..)

6.14.17. Executing OPT_MUXTREE pass (detect dead branches in mux trees).
Running muxtree optimizer on module \hdmi_top..
  Creating internal representation of mux trees.
  Evaluating internal representation of mux trees.
  Analyzing evaluation results.
Removed 0 multiplexer ports.
<suppressed ~112 debug messages>

6.14.18. Executing OPT_REDUCE pass (consolidate $*mux and $reduce_* inputs).
  Optimizing cells in module \hdmi_top.
Performed a total of 0 changes.

6.14.19. Executing OPT_MERGE pass (detect identical cells).
Finding identical cells in module `\hdmi_top'.
Computing hashes of 370 cells of `\hdmi_top'.
Finding duplicate cells in `\hdmi_top'.
Removed a total of 0 cells.

6.14.20. Executing OPT_DFF pass (perform DFF optimizations).

6.14.21. Executing OPT_CLEAN pass (remove unused cells and wires).
Finding unused cells or wires in module \hdmi_top..

6.14.22. Executing OPT_EXPR pass (perform const folding).
Optimizing module hdmi_top.

6.14.23. Finished fast OPT passes. (There is nothing left to do.)

6.15. Executing WREDUCE pass (reducing word size of cells).
Removed cell hdmi_top.$flatten\hdmi.\serial.$ternary$/home/matthias/prog/janestreet/emulator-wt-hdmi-ulx3s/prototypes/hdmi-ulx3s/rtl/gen/hdmi_serial_sdr.v:153$362 ($mux).
Removed top 1 bits (of 10) from mux cell hdmi_top.$flatten\hdmi.\serial.$ternary$/home/matthias/prog/janestreet/emulator-wt-hdmi-ulx3s/prototypes/hdmi-ulx3s/rtl/gen/hdmi_serial_sdr.v:165$364 ($mux).
Removed top 1 bits (of 10) from mux cell hdmi_top.$flatten\hdmi.\serial.$ternary$/home/matthias/prog/janestreet/emulator-wt-hdmi-ulx3s/prototypes/hdmi-ulx3s/rtl/gen/hdmi_serial_sdr.v:177$366 ($mux).
Removed top 3 bits (of 4) from port B of cell hdmi_top.$flatten\hdmi.\serial.$add$/home/matthias/prog/janestreet/emulator-wt-hdmi-ulx3s/prototypes/hdmi-ulx3s/rtl/gen/hdmi_serial_sdr.v:192$368 ($add).
Removed top 1 bits (of 10) from mux cell hdmi_top.$flatten\hdmi.\serial.$ternary$/home/matthias/prog/janestreet/emulator-wt-hdmi-ulx3s/prototypes/hdmi-ulx3s/rtl/gen/hdmi_serial_sdr.v:240$383 ($mux).
Removed top 1 bits (of 4) from port B of cell hdmi_top.$flatten\hdmi.\pixel.$eq$/home/matthias/prog/janestreet/emulator-wt-hdmi-ulx3s/prototypes/hdmi-ulx3s/rtl/gen/hdmi_pixel.v:634$31 ($eq).
Removed top 3 bits (of 5) from port B of cell hdmi_top.$flatten\hdmi.\pixel.$add$/home/matthias/prog/janestreet/emulator-wt-hdmi-ulx3s/prototypes/hdmi-ulx3s/rtl/gen/hdmi_pixel.v:645$35 ($add).
Removed top 1 bits (of 5) from port B of cell hdmi_top.$flatten\hdmi.\pixel.$sub$/home/matthias/prog/janestreet/emulator-wt-hdmi-ulx3s/prototypes/hdmi-ulx3s/rtl/gen/hdmi_pixel.v:653$37 ($sub).
Removed top 3 bits (of 5) from port B of cell hdmi_top.$flatten\hdmi.\pixel.$sub$/home/matthias/prog/janestreet/emulator-wt-hdmi-ulx3s/prototypes/hdmi-ulx3s/rtl/gen/hdmi_pixel.v:661$40 ($sub).
Removed top 1 bits (of 4) from port B of cell hdmi_top.$flatten\hdmi.\pixel.$lt$/home/matthias/prog/janestreet/emulator-wt-hdmi-ulx3s/prototypes/hdmi-ulx3s/rtl/gen/hdmi_pixel.v:663$42 ($lt).
Removed top 3 bits (of 4) from port A of cell hdmi_top.$flatten\hdmi.\pixel.$add$/home/matthias/prog/janestreet/emulator-wt-hdmi-ulx3s/prototypes/hdmi-ulx3s/rtl/gen/hdmi_pixel.v:673$44 ($add).
Removed top 3 bits (of 4) from port B of cell hdmi_top.$flatten\hdmi.\pixel.$add$/home/matthias/prog/janestreet/emulator-wt-hdmi-ulx3s/prototypes/hdmi-ulx3s/rtl/gen/hdmi_pixel.v:673$44 ($add).
Removed top 2 bits (of 4) from port Y of cell hdmi_top.$flatten\hdmi.\pixel.$add$/home/matthias/prog/janestreet/emulator-wt-hdmi-ulx3s/prototypes/hdmi-ulx3s/rtl/gen/hdmi_pixel.v:673$44 ($add).
Removed top 3 bits (of 4) from port A of cell hdmi_top.$flatten\hdmi.\pixel.$add$/home/matthias/prog/janestreet/emulator-wt-hdmi-ulx3s/prototypes/hdmi-ulx3s/rtl/gen/hdmi_pixel.v:680$45 ($add).
Removed top 3 bits (of 4) from port B of cell hdmi_top.$flatten\hdmi.\pixel.$add$/home/matthias/prog/janestreet/emulator-wt-hdmi-ulx3s/prototypes/hdmi-ulx3s/rtl/gen/hdmi_pixel.v:680$45 ($add).
Removed top 2 bits (of 4) from port Y of cell hdmi_top.$flatten\hdmi.\pixel.$add$/home/matthias/prog/janestreet/emulator-wt-hdmi-ulx3s/prototypes/hdmi-ulx3s/rtl/gen/hdmi_pixel.v:680$45 ($add).
Removed top 2 bits (of 4) from port A of cell hdmi_top.$flatten\hdmi.\pixel.$add$/home/matthias/prog/janestreet/emulator-wt-hdmi-ulx3s/prototypes/hdmi-ulx3s/rtl/gen/hdmi_pixel.v:681$46 ($add).
Removed top 2 bits (of 4) from port B of cell hdmi_top.$flatten\hdmi.\pixel.$add$/home/matthias/prog/janestreet/emulator-wt-hdmi-ulx3s/prototypes/hdmi-ulx3s/rtl/gen/hdmi_pixel.v:681$46 ($add).
Removed top 1 bits (of 4) from port Y of cell hdmi_top.$flatten\hdmi.\pixel.$add$/home/matthias/prog/janestreet/emulator-wt-hdmi-ulx3s/prototypes/hdmi-ulx3s/rtl/gen/hdmi_pixel.v:681$46 ($add).
Removed top 3 bits (of 4) from port A of cell hdmi_top.$flatten\hdmi.\pixel.$add$/home/matthias/prog/janestreet/emulator-wt-hdmi-ulx3s/prototypes/hdmi-ulx3s/rtl/gen/hdmi_pixel.v:688$47 ($add).
Removed top 3 bits (of 4) from port B of cell hdmi_top.$flatten\hdmi.\pixel.$add$/home/matthias/prog/janestreet/emulator-wt-hdmi-ulx3s/prototypes/hdmi-ulx3s/rtl/gen/hdmi_pixel.v:688$47 ($add).
Removed top 2 bits (of 4) from port Y of cell hdmi_top.$flatten\hdmi.\pixel.$add$/home/matthias/prog/janestreet/emulator-wt-hdmi-ulx3s/prototypes/hdmi-ulx3s/rtl/gen/hdmi_pixel.v:688$47 ($add).
Removed top 1 bits (of 4) from port B of cell hdmi_top.$flatten\hdmi.\pixel.$eq$/home/matthias/prog/janestreet/emulator-wt-hdmi-ulx3s/prototypes/hdmi-ulx3s/rtl/gen/hdmi_pixel.v:722$69 ($eq).
Removed top 3 bits (of 4) from port A of cell hdmi_top.$flatten\hdmi.\pixel.$add$/home/matthias/prog/janestreet/emulator-wt-hdmi-ulx3s/prototypes/hdmi-ulx3s/rtl/gen/hdmi_pixel.v:730$71 ($add).
Removed top 3 bits (of 4) from port B of cell hdmi_top.$flatten\hdmi.\pixel.$add$/home/matthias/prog/janestreet/emulator-wt-hdmi-ulx3s/prototypes/hdmi-ulx3s/rtl/gen/hdmi_pixel.v:730$71 ($add).
Removed top 2 bits (of 4) from port Y of cell hdmi_top.$flatten\hdmi.\pixel.$add$/home/matthias/prog/janestreet/emulator-wt-hdmi-ulx3s/prototypes/hdmi-ulx3s/rtl/gen/hdmi_pixel.v:730$71 ($add).
Removed top 3 bits (of 4) from port A of cell hdmi_top.$flatten\hdmi.\pixel.$add$/home/matthias/prog/janestreet/emulator-wt-hdmi-ulx3s/prototypes/hdmi-ulx3s/rtl/gen/hdmi_pixel.v:737$72 ($add).
Removed top 3 bits (of 4) from port B of cell hdmi_top.$flatten\hdmi.\pixel.$add$/home/matthias/prog/janestreet/emulator-wt-hdmi-ulx3s/prototypes/hdmi-ulx3s/rtl/gen/hdmi_pixel.v:737$72 ($add).
Removed top 2 bits (of 4) from port Y of cell hdmi_top.$flatten\hdmi.\pixel.$add$/home/matthias/prog/janestreet/emulator-wt-hdmi-ulx3s/prototypes/hdmi-ulx3s/rtl/gen/hdmi_pixel.v:737$72 ($add).
Removed top 2 bits (of 4) from port A of cell hdmi_top.$flatten\hdmi.\pixel.$add$/home/matthias/prog/janestreet/emulator-wt-hdmi-ulx3s/prototypes/hdmi-ulx3s/rtl/gen/hdmi_pixel.v:738$73 ($add).
Removed top 2 bits (of 4) from port B of cell hdmi_top.$flatten\hdmi.\pixel.$add$/home/matthias/prog/janestreet/emulator-wt-hdmi-ulx3s/prototypes/hdmi-ulx3s/rtl/gen/hdmi_pixel.v:738$73 ($add).
Removed top 1 bits (of 4) from port Y of cell hdmi_top.$flatten\hdmi.\pixel.$add$/home/matthias/prog/janestreet/emulator-wt-hdmi-ulx3s/prototypes/hdmi-ulx3s/rtl/gen/hdmi_pixel.v:738$73 ($add).
Removed top 3 bits (of 4) from port A of cell hdmi_top.$flatten\hdmi.\pixel.$add$/home/matthias/prog/janestreet/emulator-wt-hdmi-ulx3s/prototypes/hdmi-ulx3s/rtl/gen/hdmi_pixel.v:745$74 ($add).
Removed top 3 bits (of 4) from port B of cell hdmi_top.$flatten\hdmi.\pixel.$add$/home/matthias/prog/janestreet/emulator-wt-hdmi-ulx3s/prototypes/hdmi-ulx3s/rtl/gen/hdmi_pixel.v:745$74 ($add).
Removed top 2 bits (of 4) from port Y of cell hdmi_top.$flatten\hdmi.\pixel.$add$/home/matthias/prog/janestreet/emulator-wt-hdmi-ulx3s/prototypes/hdmi-ulx3s/rtl/gen/hdmi_pixel.v:745$74 ($add).
Removed top 2 bits (of 3) from port B of cell hdmi_top.$flatten\hdmi.\pixel.$eq$/home/matthias/prog/janestreet/emulator-wt-hdmi-ulx3s/prototypes/hdmi-ulx3s/rtl/gen/hdmi_pixel.v:755$77 ($eq).
Removed top 3 bits (of 4) from port A of cell hdmi_top.$flatten\hdmi.\pixel.$add$/home/matthias/prog/janestreet/emulator-wt-hdmi-ulx3s/prototypes/hdmi-ulx3s/rtl/gen/hdmi_pixel.v:780$91 ($add).
Removed top 3 bits (of 4) from port B of cell hdmi_top.$flatten\hdmi.\pixel.$add$/home/matthias/prog/janestreet/emulator-wt-hdmi-ulx3s/prototypes/hdmi-ulx3s/rtl/gen/hdmi_pixel.v:780$91 ($add).
Removed top 2 bits (of 4) from port Y of cell hdmi_top.$flatten\hdmi.\pixel.$add$/home/matthias/prog/janestreet/emulator-wt-hdmi-ulx3s/prototypes/hdmi-ulx3s/rtl/gen/hdmi_pixel.v:780$91 ($add).
Removed top 2 bits (of 4) from port A of cell hdmi_top.$flatten\hdmi.\pixel.$add$/home/matthias/prog/janestreet/emulator-wt-hdmi-ulx3s/prototypes/hdmi-ulx3s/rtl/gen/hdmi_pixel.v:781$92 ($add).
Removed top 2 bits (of 4) from port B of cell hdmi_top.$flatten\hdmi.\pixel.$add$/home/matthias/prog/janestreet/emulator-wt-hdmi-ulx3s/prototypes/hdmi-ulx3s/rtl/gen/hdmi_pixel.v:781$92 ($add).
Removed top 1 bits (of 4) from port Y of cell hdmi_top.$flatten\hdmi.\pixel.$add$/home/matthias/prog/janestreet/emulator-wt-hdmi-ulx3s/prototypes/hdmi-ulx3s/rtl/gen/hdmi_pixel.v:781$92 ($add).
Removed top 1 bits (of 4) from port A of cell hdmi_top.$flatten\hdmi.\pixel.$add$/home/matthias/prog/janestreet/emulator-wt-hdmi-ulx3s/prototypes/hdmi-ulx3s/rtl/gen/hdmi_pixel.v:782$93 ($add).
Removed top 1 bits (of 4) from port B of cell hdmi_top.$flatten\hdmi.\pixel.$add$/home/matthias/prog/janestreet/emulator-wt-hdmi-ulx3s/prototypes/hdmi-ulx3s/rtl/gen/hdmi_pixel.v:782$93 ($add).
Removed top 1 bits (of 4) from port A of cell hdmi_top.$flatten\hdmi.\pixel.$lt$/home/matthias/prog/janestreet/emulator-wt-hdmi-ulx3s/prototypes/hdmi-ulx3s/rtl/gen/hdmi_pixel.v:783$94 ($lt).
Removed top 3 bits (of 4) from port A of cell hdmi_top.$flatten\hdmi.\pixel.$add$/home/matthias/prog/janestreet/emulator-wt-hdmi-ulx3s/prototypes/hdmi-ulx3s/rtl/gen/hdmi_pixel.v:797$97 ($add).
Removed top 3 bits (of 4) from port B of cell hdmi_top.$flatten\hdmi.\pixel.$add$/home/matthias/prog/janestreet/emulator-wt-hdmi-ulx3s/prototypes/hdmi-ulx3s/rtl/gen/hdmi_pixel.v:797$97 ($add).
Removed top 2 bits (of 4) from port Y of cell hdmi_top.$flatten\hdmi.\pixel.$add$/home/matthias/prog/janestreet/emulator-wt-hdmi-ulx3s/prototypes/hdmi-ulx3s/rtl/gen/hdmi_pixel.v:797$97 ($add).
Removed top 2 bits (of 4) from port A of cell hdmi_top.$flatten\hdmi.\pixel.$add$/home/matthias/prog/janestreet/emulator-wt-hdmi-ulx3s/prototypes/hdmi-ulx3s/rtl/gen/hdmi_pixel.v:798$98 ($add).
Removed top 2 bits (of 4) from port B of cell hdmi_top.$flatten\hdmi.\pixel.$add$/home/matthias/prog/janestreet/emulator-wt-hdmi-ulx3s/prototypes/hdmi-ulx3s/rtl/gen/hdmi_pixel.v:798$98 ($add).
Removed top 1 bits (of 4) from port Y of cell hdmi_top.$flatten\hdmi.\pixel.$add$/home/matthias/prog/janestreet/emulator-wt-hdmi-ulx3s/prototypes/hdmi-ulx3s/rtl/gen/hdmi_pixel.v:798$98 ($add).
Removed top 1 bits (of 4) from port A of cell hdmi_top.$flatten\hdmi.\pixel.$add$/home/matthias/prog/janestreet/emulator-wt-hdmi-ulx3s/prototypes/hdmi-ulx3s/rtl/gen/hdmi_pixel.v:799$99 ($add).
Removed top 1 bits (of 4) from port B of cell hdmi_top.$flatten\hdmi.\pixel.$add$/home/matthias/prog/janestreet/emulator-wt-hdmi-ulx3s/prototypes/hdmi-ulx3s/rtl/gen/hdmi_pixel.v:799$99 ($add).
Removed top 1 bits (of 4) from port A of cell hdmi_top.$flatten\hdmi.\pixel.$lt$/home/matthias/prog/janestreet/emulator-wt-hdmi-ulx3s/prototypes/hdmi-ulx3s/rtl/gen/hdmi_pixel.v:800$100 ($lt).
Removed top 1 bits (of 4) from port B of cell hdmi_top.$flatten\hdmi.\pixel.$eq$/home/matthias/prog/janestreet/emulator-wt-hdmi-ulx3s/prototypes/hdmi-ulx3s/rtl/gen/hdmi_pixel.v:842$120 ($eq).
Removed top 3 bits (of 5) from port B of cell hdmi_top.$flatten\hdmi.\pixel.$add$/home/matthias/prog/janestreet/emulator-wt-hdmi-ulx3s/prototypes/hdmi-ulx3s/rtl/gen/hdmi_pixel.v:851$124 ($add).
Removed top 1 bits (of 5) from port B of cell hdmi_top.$flatten\hdmi.\pixel.$sub$/home/matthias/prog/janestreet/emulator-wt-hdmi-ulx3s/prototypes/hdmi-ulx3s/rtl/gen/hdmi_pixel.v:858$126 ($sub).
Removed top 3 bits (of 5) from port B of cell hdmi_top.$flatten\hdmi.\pixel.$sub$/home/matthias/prog/janestreet/emulator-wt-hdmi-ulx3s/prototypes/hdmi-ulx3s/rtl/gen/hdmi_pixel.v:866$129 ($sub).
Removed top 1 bits (of 4) from port B of cell hdmi_top.$flatten\hdmi.\pixel.$lt$/home/matthias/prog/janestreet/emulator-wt-hdmi-ulx3s/prototypes/hdmi-ulx3s/rtl/gen/hdmi_pixel.v:868$131 ($lt).
Removed top 3 bits (of 4) from port A of cell hdmi_top.$flatten\hdmi.\pixel.$add$/home/matthias/prog/janestreet/emulator-wt-hdmi-ulx3s/prototypes/hdmi-ulx3s/rtl/gen/hdmi_pixel.v:877$133 ($add).
Removed top 3 bits (of 4) from port B of cell hdmi_top.$flatten\hdmi.\pixel.$add$/home/matthias/prog/janestreet/emulator-wt-hdmi-ulx3s/prototypes/hdmi-ulx3s/rtl/gen/hdmi_pixel.v:877$133 ($add).
Removed top 2 bits (of 4) from port Y of cell hdmi_top.$flatten\hdmi.\pixel.$add$/home/matthias/prog/janestreet/emulator-wt-hdmi-ulx3s/prototypes/hdmi-ulx3s/rtl/gen/hdmi_pixel.v:877$133 ($add).
Removed top 3 bits (of 4) from port A of cell hdmi_top.$flatten\hdmi.\pixel.$add$/home/matthias/prog/janestreet/emulator-wt-hdmi-ulx3s/prototypes/hdmi-ulx3s/rtl/gen/hdmi_pixel.v:884$134 ($add).
Removed top 3 bits (of 4) from port B of cell hdmi_top.$flatten\hdmi.\pixel.$add$/home/matthias/prog/janestreet/emulator-wt-hdmi-ulx3s/prototypes/hdmi-ulx3s/rtl/gen/hdmi_pixel.v:884$134 ($add).
Removed top 2 bits (of 4) from port Y of cell hdmi_top.$flatten\hdmi.\pixel.$add$/home/matthias/prog/janestreet/emulator-wt-hdmi-ulx3s/prototypes/hdmi-ulx3s/rtl/gen/hdmi_pixel.v:884$134 ($add).
Removed top 2 bits (of 4) from port A of cell hdmi_top.$flatten\hdmi.\pixel.$add$/home/matthias/prog/janestreet/emulator-wt-hdmi-ulx3s/prototypes/hdmi-ulx3s/rtl/gen/hdmi_pixel.v:885$135 ($add).
Removed top 2 bits (of 4) from port B of cell hdmi_top.$flatten\hdmi.\pixel.$add$/home/matthias/prog/janestreet/emulator-wt-hdmi-ulx3s/prototypes/hdmi-ulx3s/rtl/gen/hdmi_pixel.v:885$135 ($add).
Removed top 1 bits (of 4) from port Y of cell hdmi_top.$flatten\hdmi.\pixel.$add$/home/matthias/prog/janestreet/emulator-wt-hdmi-ulx3s/prototypes/hdmi-ulx3s/rtl/gen/hdmi_pixel.v:885$135 ($add).
Removed top 3 bits (of 4) from port A of cell hdmi_top.$flatten\hdmi.\pixel.$add$/home/matthias/prog/janestreet/emulator-wt-hdmi-ulx3s/prototypes/hdmi-ulx3s/rtl/gen/hdmi_pixel.v:892$136 ($add).
Removed top 3 bits (of 4) from port B of cell hdmi_top.$flatten\hdmi.\pixel.$add$/home/matthias/prog/janestreet/emulator-wt-hdmi-ulx3s/prototypes/hdmi-ulx3s/rtl/gen/hdmi_pixel.v:892$136 ($add).
Removed top 2 bits (of 4) from port Y of cell hdmi_top.$flatten\hdmi.\pixel.$add$/home/matthias/prog/janestreet/emulator-wt-hdmi-ulx3s/prototypes/hdmi-ulx3s/rtl/gen/hdmi_pixel.v:892$136 ($add).
Removed top 1 bits (of 4) from port B of cell hdmi_top.$flatten\hdmi.\pixel.$eq$/home/matthias/prog/janestreet/emulator-wt-hdmi-ulx3s/prototypes/hdmi-ulx3s/rtl/gen/hdmi_pixel.v:926$158 ($eq).
Removed top 3 bits (of 4) from port A of cell hdmi_top.$flatten\hdmi.\pixel.$add$/home/matthias/prog/janestreet/emulator-wt-hdmi-ulx3s/prototypes/hdmi-ulx3s/rtl/gen/hdmi_pixel.v:934$160 ($add).
Removed top 3 bits (of 4) from port B of cell hdmi_top.$flatten\hdmi.\pixel.$add$/home/matthias/prog/janestreet/emulator-wt-hdmi-ulx3s/prototypes/hdmi-ulx3s/rtl/gen/hdmi_pixel.v:934$160 ($add).
Removed top 2 bits (of 4) from port Y of cell hdmi_top.$flatten\hdmi.\pixel.$add$/home/matthias/prog/janestreet/emulator-wt-hdmi-ulx3s/prototypes/hdmi-ulx3s/rtl/gen/hdmi_pixel.v:934$160 ($add).
Removed top 3 bits (of 4) from port A of cell hdmi_top.$flatten\hdmi.\pixel.$add$/home/matthias/prog/janestreet/emulator-wt-hdmi-ulx3s/prototypes/hdmi-ulx3s/rtl/gen/hdmi_pixel.v:941$161 ($add).
Removed top 3 bits (of 4) from port B of cell hdmi_top.$flatten\hdmi.\pixel.$add$/home/matthias/prog/janestreet/emulator-wt-hdmi-ulx3s/prototypes/hdmi-ulx3s/rtl/gen/hdmi_pixel.v:941$161 ($add).
Removed top 2 bits (of 4) from port Y of cell hdmi_top.$flatten\hdmi.\pixel.$add$/home/matthias/prog/janestreet/emulator-wt-hdmi-ulx3s/prototypes/hdmi-ulx3s/rtl/gen/hdmi_pixel.v:941$161 ($add).
Removed top 2 bits (of 4) from port A of cell hdmi_top.$flatten\hdmi.\pixel.$add$/home/matthias/prog/janestreet/emulator-wt-hdmi-ulx3s/prototypes/hdmi-ulx3s/rtl/gen/hdmi_pixel.v:942$162 ($add).
Removed top 2 bits (of 4) from port B of cell hdmi_top.$flatten\hdmi.\pixel.$add$/home/matthias/prog/janestreet/emulator-wt-hdmi-ulx3s/prototypes/hdmi-ulx3s/rtl/gen/hdmi_pixel.v:942$162 ($add).
Removed top 1 bits (of 4) from port Y of cell hdmi_top.$flatten\hdmi.\pixel.$add$/home/matthias/prog/janestreet/emulator-wt-hdmi-ulx3s/prototypes/hdmi-ulx3s/rtl/gen/hdmi_pixel.v:942$162 ($add).
Removed top 3 bits (of 4) from port A of cell hdmi_top.$flatten\hdmi.\pixel.$add$/home/matthias/prog/janestreet/emulator-wt-hdmi-ulx3s/prototypes/hdmi-ulx3s/rtl/gen/hdmi_pixel.v:949$163 ($add).
Removed top 3 bits (of 4) from port B of cell hdmi_top.$flatten\hdmi.\pixel.$add$/home/matthias/prog/janestreet/emulator-wt-hdmi-ulx3s/prototypes/hdmi-ulx3s/rtl/gen/hdmi_pixel.v:949$163 ($add).
Removed top 2 bits (of 4) from port Y of cell hdmi_top.$flatten\hdmi.\pixel.$add$/home/matthias/prog/janestreet/emulator-wt-hdmi-ulx3s/prototypes/hdmi-ulx3s/rtl/gen/hdmi_pixel.v:949$163 ($add).
Removed top 3 bits (of 4) from port A of cell hdmi_top.$flatten\hdmi.\pixel.$add$/home/matthias/prog/janestreet/emulator-wt-hdmi-ulx3s/prototypes/hdmi-ulx3s/rtl/gen/hdmi_pixel.v:972$174 ($add).
Removed top 3 bits (of 4) from port B of cell hdmi_top.$flatten\hdmi.\pixel.$add$/home/matthias/prog/janestreet/emulator-wt-hdmi-ulx3s/prototypes/hdmi-ulx3s/rtl/gen/hdmi_pixel.v:972$174 ($add).
Removed top 2 bits (of 4) from port Y of cell hdmi_top.$flatten\hdmi.\pixel.$add$/home/matthias/prog/janestreet/emulator-wt-hdmi-ulx3s/prototypes/hdmi-ulx3s/rtl/gen/hdmi_pixel.v:972$174 ($add).
Removed top 2 bits (of 4) from port A of cell hdmi_top.$flatten\hdmi.\pixel.$add$/home/matthias/prog/janestreet/emulator-wt-hdmi-ulx3s/prototypes/hdmi-ulx3s/rtl/gen/hdmi_pixel.v:973$175 ($add).
Removed top 2 bits (of 4) from port B of cell hdmi_top.$flatten\hdmi.\pixel.$add$/home/matthias/prog/janestreet/emulator-wt-hdmi-ulx3s/prototypes/hdmi-ulx3s/rtl/gen/hdmi_pixel.v:973$175 ($add).
Removed top 1 bits (of 4) from port Y of cell hdmi_top.$flatten\hdmi.\pixel.$add$/home/matthias/prog/janestreet/emulator-wt-hdmi-ulx3s/prototypes/hdmi-ulx3s/rtl/gen/hdmi_pixel.v:973$175 ($add).
Removed top 1 bits (of 4) from port A of cell hdmi_top.$flatten\hdmi.\pixel.$add$/home/matthias/prog/janestreet/emulator-wt-hdmi-ulx3s/prototypes/hdmi-ulx3s/rtl/gen/hdmi_pixel.v:974$176 ($add).
Removed top 1 bits (of 4) from port B of cell hdmi_top.$flatten\hdmi.\pixel.$add$/home/matthias/prog/janestreet/emulator-wt-hdmi-ulx3s/prototypes/hdmi-ulx3s/rtl/gen/hdmi_pixel.v:974$176 ($add).
Removed top 1 bits (of 4) from port A of cell hdmi_top.$flatten\hdmi.\pixel.$lt$/home/matthias/prog/janestreet/emulator-wt-hdmi-ulx3s/prototypes/hdmi-ulx3s/rtl/gen/hdmi_pixel.v:975$177 ($lt).
Removed top 3 bits (of 4) from port A of cell hdmi_top.$flatten\hdmi.\pixel.$add$/home/matthias/prog/janestreet/emulator-wt-hdmi-ulx3s/prototypes/hdmi-ulx3s/rtl/gen/hdmi_pixel.v:989$180 ($add).
Removed top 3 bits (of 4) from port B of cell hdmi_top.$flatten\hdmi.\pixel.$add$/home/matthias/prog/janestreet/emulator-wt-hdmi-ulx3s/prototypes/hdmi-ulx3s/rtl/gen/hdmi_pixel.v:989$180 ($add).
Removed top 2 bits (of 4) from port Y of cell hdmi_top.$flatten\hdmi.\pixel.$add$/home/matthias/prog/janestreet/emulator-wt-hdmi-ulx3s/prototypes/hdmi-ulx3s/rtl/gen/hdmi_pixel.v:989$180 ($add).
Removed top 2 bits (of 4) from port A of cell hdmi_top.$flatten\hdmi.\pixel.$add$/home/matthias/prog/janestreet/emulator-wt-hdmi-ulx3s/prototypes/hdmi-ulx3s/rtl/gen/hdmi_pixel.v:990$181 ($add).
Removed top 2 bits (of 4) from port B of cell hdmi_top.$flatten\hdmi.\pixel.$add$/home/matthias/prog/janestreet/emulator-wt-hdmi-ulx3s/prototypes/hdmi-ulx3s/rtl/gen/hdmi_pixel.v:990$181 ($add).
Removed top 1 bits (of 4) from port Y of cell hdmi_top.$flatten\hdmi.\pixel.$add$/home/matthias/prog/janestreet/emulator-wt-hdmi-ulx3s/prototypes/hdmi-ulx3s/rtl/gen/hdmi_pixel.v:990$181 ($add).
Removed top 1 bits (of 4) from port A of cell hdmi_top.$flatten\hdmi.\pixel.$add$/home/matthias/prog/janestreet/emulator-wt-hdmi-ulx3s/prototypes/hdmi-ulx3s/rtl/gen/hdmi_pixel.v:991$182 ($add).
Removed top 1 bits (of 4) from port B of cell hdmi_top.$flatten\hdmi.\pixel.$add$/home/matthias/prog/janestreet/emulator-wt-hdmi-ulx3s/prototypes/hdmi-ulx3s/rtl/gen/hdmi_pixel.v:991$182 ($add).
Removed top 1 bits (of 4) from port A of cell hdmi_top.$flatten\hdmi.\pixel.$lt$/home/matthias/prog/janestreet/emulator-wt-hdmi-ulx3s/prototypes/hdmi-ulx3s/rtl/gen/hdmi_pixel.v:992$183 ($lt).
Removed top 1 bits (of 4) from port B of cell hdmi_top.$flatten\hdmi.\pixel.$eq$/home/matthias/prog/janestreet/emulator-wt-hdmi-ulx3s/prototypes/hdmi-ulx3s/rtl/gen/hdmi_pixel.v:1033$203 ($eq).
Removed top 3 bits (of 5) from port B of cell hdmi_top.$flatten\hdmi.\pixel.$add$/home/matthias/prog/janestreet/emulator-wt-hdmi-ulx3s/prototypes/hdmi-ulx3s/rtl/gen/hdmi_pixel.v:1042$207 ($add).
Removed top 1 bits (of 5) from port B of cell hdmi_top.$flatten\hdmi.\pixel.$sub$/home/matthias/prog/janestreet/emulator-wt-hdmi-ulx3s/prototypes/hdmi-ulx3s/rtl/gen/hdmi_pixel.v:1050$209 ($sub).
Removed top 3 bits (of 5) from port B of cell hdmi_top.$flatten\hdmi.\pixel.$sub$/home/matthias/prog/janestreet/emulator-wt-hdmi-ulx3s/prototypes/hdmi-ulx3s/rtl/gen/hdmi_pixel.v:1058$212 ($sub).
Removed top 1 bits (of 4) from port B of cell hdmi_top.$flatten\hdmi.\pixel.$lt$/home/matthias/prog/janestreet/emulator-wt-hdmi-ulx3s/prototypes/hdmi-ulx3s/rtl/gen/hdmi_pixel.v:1060$214 ($lt).
Removed top 3 bits (of 4) from port A of cell hdmi_top.$flatten\hdmi.\pixel.$add$/home/matthias/prog/janestreet/emulator-wt-hdmi-ulx3s/prototypes/hdmi-ulx3s/rtl/gen/hdmi_pixel.v:1069$216 ($add).
Removed top 3 bits (of 4) from port B of cell hdmi_top.$flatten\hdmi.\pixel.$add$/home/matthias/prog/janestreet/emulator-wt-hdmi-ulx3s/prototypes/hdmi-ulx3s/rtl/gen/hdmi_pixel.v:1069$216 ($add).
Removed top 2 bits (of 4) from port Y of cell hdmi_top.$flatten\hdmi.\pixel.$add$/home/matthias/prog/janestreet/emulator-wt-hdmi-ulx3s/prototypes/hdmi-ulx3s/rtl/gen/hdmi_pixel.v:1069$216 ($add).
Removed top 3 bits (of 4) from port A of cell hdmi_top.$flatten\hdmi.\pixel.$add$/home/matthias/prog/janestreet/emulator-wt-hdmi-ulx3s/prototypes/hdmi-ulx3s/rtl/gen/hdmi_pixel.v:1076$217 ($add).
Removed top 3 bits (of 4) from port B of cell hdmi_top.$flatten\hdmi.\pixel.$add$/home/matthias/prog/janestreet/emulator-wt-hdmi-ulx3s/prototypes/hdmi-ulx3s/rtl/gen/hdmi_pixel.v:1076$217 ($add).
Removed top 2 bits (of 4) from port Y of cell hdmi_top.$flatten\hdmi.\pixel.$add$/home/matthias/prog/janestreet/emulator-wt-hdmi-ulx3s/prototypes/hdmi-ulx3s/rtl/gen/hdmi_pixel.v:1076$217 ($add).
Removed top 2 bits (of 4) from port A of cell hdmi_top.$flatten\hdmi.\pixel.$add$/home/matthias/prog/janestreet/emulator-wt-hdmi-ulx3s/prototypes/hdmi-ulx3s/rtl/gen/hdmi_pixel.v:1077$218 ($add).
Removed top 2 bits (of 4) from port B of cell hdmi_top.$flatten\hdmi.\pixel.$add$/home/matthias/prog/janestreet/emulator-wt-hdmi-ulx3s/prototypes/hdmi-ulx3s/rtl/gen/hdmi_pixel.v:1077$218 ($add).
Removed top 1 bits (of 4) from port Y of cell hdmi_top.$flatten\hdmi.\pixel.$add$/home/matthias/prog/janestreet/emulator-wt-hdmi-ulx3s/prototypes/hdmi-ulx3s/rtl/gen/hdmi_pixel.v:1077$218 ($add).
Removed top 3 bits (of 4) from port A of cell hdmi_top.$flatten\hdmi.\pixel.$add$/home/matthias/prog/janestreet/emulator-wt-hdmi-ulx3s/prototypes/hdmi-ulx3s/rtl/gen/hdmi_pixel.v:1084$219 ($add).
Removed top 3 bits (of 4) from port B of cell hdmi_top.$flatten\hdmi.\pixel.$add$/home/matthias/prog/janestreet/emulator-wt-hdmi-ulx3s/prototypes/hdmi-ulx3s/rtl/gen/hdmi_pixel.v:1084$219 ($add).
Removed top 2 bits (of 4) from port Y of cell hdmi_top.$flatten\hdmi.\pixel.$add$/home/matthias/prog/janestreet/emulator-wt-hdmi-ulx3s/prototypes/hdmi-ulx3s/rtl/gen/hdmi_pixel.v:1084$219 ($add).
Removed top 1 bits (of 4) from port B of cell hdmi_top.$flatten\hdmi.\pixel.$eq$/home/matthias/prog/janestreet/emulator-wt-hdmi-ulx3s/prototypes/hdmi-ulx3s/rtl/gen/hdmi_pixel.v:1118$241 ($eq).
Removed top 3 bits (of 4) from port A of cell hdmi_top.$flatten\hdmi.\pixel.$add$/home/matthias/prog/janestreet/emulator-wt-hdmi-ulx3s/prototypes/hdmi-ulx3s/rtl/gen/hdmi_pixel.v:1126$243 ($add).
Removed top 3 bits (of 4) from port B of cell hdmi_top.$flatten\hdmi.\pixel.$add$/home/matthias/prog/janestreet/emulator-wt-hdmi-ulx3s/prototypes/hdmi-ulx3s/rtl/gen/hdmi_pixel.v:1126$243 ($add).
Removed top 2 bits (of 4) from port Y of cell hdmi_top.$flatten\hdmi.\pixel.$add$/home/matthias/prog/janestreet/emulator-wt-hdmi-ulx3s/prototypes/hdmi-ulx3s/rtl/gen/hdmi_pixel.v:1126$243 ($add).
Removed top 3 bits (of 4) from port A of cell hdmi_top.$flatten\hdmi.\pixel.$add$/home/matthias/prog/janestreet/emulator-wt-hdmi-ulx3s/prototypes/hdmi-ulx3s/rtl/gen/hdmi_pixel.v:1133$244 ($add).
Removed top 3 bits (of 4) from port B of cell hdmi_top.$flatten\hdmi.\pixel.$add$/home/matthias/prog/janestreet/emulator-wt-hdmi-ulx3s/prototypes/hdmi-ulx3s/rtl/gen/hdmi_pixel.v:1133$244 ($add).
Removed top 2 bits (of 4) from port Y of cell hdmi_top.$flatten\hdmi.\pixel.$add$/home/matthias/prog/janestreet/emulator-wt-hdmi-ulx3s/prototypes/hdmi-ulx3s/rtl/gen/hdmi_pixel.v:1133$244 ($add).
Removed top 2 bits (of 4) from port A of cell hdmi_top.$flatten\hdmi.\pixel.$add$/home/matthias/prog/janestreet/emulator-wt-hdmi-ulx3s/prototypes/hdmi-ulx3s/rtl/gen/hdmi_pixel.v:1134$245 ($add).
Removed top 2 bits (of 4) from port B of cell hdmi_top.$flatten\hdmi.\pixel.$add$/home/matthias/prog/janestreet/emulator-wt-hdmi-ulx3s/prototypes/hdmi-ulx3s/rtl/gen/hdmi_pixel.v:1134$245 ($add).
Removed top 1 bits (of 4) from port Y of cell hdmi_top.$flatten\hdmi.\pixel.$add$/home/matthias/prog/janestreet/emulator-wt-hdmi-ulx3s/prototypes/hdmi-ulx3s/rtl/gen/hdmi_pixel.v:1134$245 ($add).
Removed top 3 bits (of 4) from port A of cell hdmi_top.$flatten\hdmi.\pixel.$add$/home/matthias/prog/janestreet/emulator-wt-hdmi-ulx3s/prototypes/hdmi-ulx3s/rtl/gen/hdmi_pixel.v:1141$246 ($add).
Removed top 3 bits (of 4) from port B of cell hdmi_top.$flatten\hdmi.\pixel.$add$/home/matthias/prog/janestreet/emulator-wt-hdmi-ulx3s/prototypes/hdmi-ulx3s/rtl/gen/hdmi_pixel.v:1141$246 ($add).
Removed top 2 bits (of 4) from port Y of cell hdmi_top.$flatten\hdmi.\pixel.$add$/home/matthias/prog/janestreet/emulator-wt-hdmi-ulx3s/prototypes/hdmi-ulx3s/rtl/gen/hdmi_pixel.v:1141$246 ($add).
Removed top 1 bits (of 3) from port B of cell hdmi_top.$flatten\hdmi.\pixel.$eq$/home/matthias/prog/janestreet/emulator-wt-hdmi-ulx3s/prototypes/hdmi-ulx3s/rtl/gen/hdmi_pixel.v:1149$249 ($eq).
Removed top 1 bits (of 10) from port B of cell hdmi_top.$flatten\hdmi.\pixel.$lt$/home/matthias/prog/janestreet/emulator-wt-hdmi-ulx3s/prototypes/hdmi-ulx3s/rtl/gen/hdmi_pixel.v:1157$252 ($lt).
Removed top 1 bits (of 10) from port B of cell hdmi_top.$flatten\hdmi.\pixel.$lt$/home/matthias/prog/janestreet/emulator-wt-hdmi-ulx3s/prototypes/hdmi-ulx3s/rtl/gen/hdmi_pixel.v:1162$254 ($lt).
Removed top 2 bits (of 10) from port B of cell hdmi_top.$flatten\hdmi.\pixel.$lt$/home/matthias/prog/janestreet/emulator-wt-hdmi-ulx3s/prototypes/hdmi-ulx3s/rtl/gen/hdmi_pixel.v:1171$258 ($lt).
Removed top 2 bits (of 10) from port B of cell hdmi_top.$flatten\hdmi.\pixel.$lt$/home/matthias/prog/janestreet/emulator-wt-hdmi-ulx3s/prototypes/hdmi-ulx3s/rtl/gen/hdmi_pixel.v:1175$260 ($lt).
Removed top 3 bits (of 10) from port B of cell hdmi_top.$flatten\hdmi.\pixel.$lt$/home/matthias/prog/janestreet/emulator-wt-hdmi-ulx3s/prototypes/hdmi-ulx3s/rtl/gen/hdmi_pixel.v:1180$262 ($lt).
Removed top 2 bits (of 3) from port A of cell hdmi_top.$flatten\hdmi.\pixel.$add$/home/matthias/prog/janestreet/emulator-wt-hdmi-ulx3s/prototypes/hdmi-ulx3s/rtl/gen/hdmi_pixel.v:1184$264 ($add).
Removed top 2 bits (of 3) from port B of cell hdmi_top.$flatten\hdmi.\pixel.$add$/home/matthias/prog/janestreet/emulator-wt-hdmi-ulx3s/prototypes/hdmi-ulx3s/rtl/gen/hdmi_pixel.v:1184$264 ($add).
Removed top 1 bits (of 3) from port Y of cell hdmi_top.$flatten\hdmi.\pixel.$add$/home/matthias/prog/janestreet/emulator-wt-hdmi-ulx3s/prototypes/hdmi-ulx3s/rtl/gen/hdmi_pixel.v:1184$264 ($add).
Removed top 1 bits (of 3) from port A of cell hdmi_top.$flatten\hdmi.\pixel.$add$/home/matthias/prog/janestreet/emulator-wt-hdmi-ulx3s/prototypes/hdmi-ulx3s/rtl/gen/hdmi_pixel.v:1185$265 ($add).
Removed top 2 bits (of 3) from port B of cell hdmi_top.$flatten\hdmi.\pixel.$add$/home/matthias/prog/janestreet/emulator-wt-hdmi-ulx3s/prototypes/hdmi-ulx3s/rtl/gen/hdmi_pixel.v:1185$265 ($add).
Removed top 2 bits (of 3) from port B of cell hdmi_top.$flatten\hdmi.\pixel.$add$/home/matthias/prog/janestreet/emulator-wt-hdmi-ulx3s/prototypes/hdmi-ulx3s/rtl/gen/hdmi_pixel.v:1186$266 ($add).
Removed top 2 bits (of 3) from port B of cell hdmi_top.$flatten\hdmi.\pixel.$add$/home/matthias/prog/janestreet/emulator-wt-hdmi-ulx3s/prototypes/hdmi-ulx3s/rtl/gen/hdmi_pixel.v:1187$267 ($add).
Removed top 2 bits (of 3) from port B of cell hdmi_top.$flatten\hdmi.\pixel.$add$/home/matthias/prog/janestreet/emulator-wt-hdmi-ulx3s/prototypes/hdmi-ulx3s/rtl/gen/hdmi_pixel.v:1188$268 ($add).
Removed top 2 bits (of 3) from port B of cell hdmi_top.$flatten\hdmi.\pixel.$add$/home/matthias/prog/janestreet/emulator-wt-hdmi-ulx3s/prototypes/hdmi-ulx3s/rtl/gen/hdmi_pixel.v:1189$269 ($add).
Removed top 2 bits (of 10) from port Y of cell hdmi_top.$flatten\hdmi.\pixel.$xor$/home/matthias/prog/janestreet/emulator-wt-hdmi-ulx3s/prototypes/hdmi-ulx3s/rtl/gen/hdmi_pixel.v:1195$275 ($xor).
Removed top 2 bits (of 10) from port A of cell hdmi_top.$flatten\hdmi.\pixel.$xor$/home/matthias/prog/janestreet/emulator-wt-hdmi-ulx3s/prototypes/hdmi-ulx3s/rtl/gen/hdmi_pixel.v:1195$275 ($xor).
Removed top 2 bits (of 10) from port B of cell hdmi_top.$flatten\hdmi.\pixel.$xor$/home/matthias/prog/janestreet/emulator-wt-hdmi-ulx3s/prototypes/hdmi-ulx3s/rtl/gen/hdmi_pixel.v:1195$275 ($xor).
Removed top 1 bits (of 10) from port B of cell hdmi_top.$flatten\hdmi.\pixel.$sub$/home/matthias/prog/janestreet/emulator-wt-hdmi-ulx3s/prototypes/hdmi-ulx3s/rtl/gen/hdmi_pixel.v:1204$279 ($sub).
Removed top 6 bits (of 16) from port A of cell hdmi_top.$flatten\hdmi.\pixel.$mul$/home/matthias/prog/janestreet/emulator-wt-hdmi-ulx3s/prototypes/hdmi-ulx3s/rtl/gen/hdmi_pixel.v:1208$280 ($mul).
Removed top 8 bits (of 24) from port Y of cell hdmi_top.$flatten\hdmi.\pixel.$mul$/home/matthias/prog/janestreet/emulator-wt-hdmi-ulx3s/prototypes/hdmi-ulx3s/rtl/gen/hdmi_pixel.v:1208$280 ($mul).
Removed top 1 bits (of 10) from port B of cell hdmi_top.$flatten\hdmi.\pixel.$lt$/home/matthias/prog/janestreet/emulator-wt-hdmi-ulx3s/prototypes/hdmi-ulx3s/rtl/gen/hdmi_pixel.v:1210$281 ($lt).
Removed top 1 bits (of 10) from port B of cell hdmi_top.$flatten\hdmi.\pixel.$lt$/home/matthias/prog/janestreet/emulator-wt-hdmi-ulx3s/prototypes/hdmi-ulx3s/rtl/gen/hdmi_pixel.v:1212$283 ($lt).
Removed top 2 bits (of 10) from port B of cell hdmi_top.$flatten\hdmi.\pixel.$lt$/home/matthias/prog/janestreet/emulator-wt-hdmi-ulx3s/prototypes/hdmi-ulx3s/rtl/gen/hdmi_pixel.v:1214$285 ($lt).
Removed top 1 bits (of 10) from port B of cell hdmi_top.$flatten\hdmi.\pixel.$eq$/home/matthias/prog/janestreet/emulator-wt-hdmi-ulx3s/prototypes/hdmi-ulx3s/rtl/gen/hdmi_pixel.v:1217$287 ($eq).
Removed top 3 bits (of 4) from port A of cell hdmi_top.$flatten\hdmi.\pixel.$add$/home/matthias/prog/janestreet/emulator-wt-hdmi-ulx3s/prototypes/hdmi-ulx3s/rtl/gen/hdmi_pixel.v:1235$296 ($add).
Removed top 3 bits (of 4) from port B of cell hdmi_top.$flatten\hdmi.\pixel.$add$/home/matthias/prog/janestreet/emulator-wt-hdmi-ulx3s/prototypes/hdmi-ulx3s/rtl/gen/hdmi_pixel.v:1235$296 ($add).
Removed top 2 bits (of 4) from port Y of cell hdmi_top.$flatten\hdmi.\pixel.$add$/home/matthias/prog/janestreet/emulator-wt-hdmi-ulx3s/prototypes/hdmi-ulx3s/rtl/gen/hdmi_pixel.v:1235$296 ($add).
Removed top 2 bits (of 4) from port A of cell hdmi_top.$flatten\hdmi.\pixel.$add$/home/matthias/prog/janestreet/emulator-wt-hdmi-ulx3s/prototypes/hdmi-ulx3s/rtl/gen/hdmi_pixel.v:1236$297 ($add).
Removed top 2 bits (of 4) from port B of cell hdmi_top.$flatten\hdmi.\pixel.$add$/home/matthias/prog/janestreet/emulator-wt-hdmi-ulx3s/prototypes/hdmi-ulx3s/rtl/gen/hdmi_pixel.v:1236$297 ($add).
Removed top 1 bits (of 4) from port Y of cell hdmi_top.$flatten\hdmi.\pixel.$add$/home/matthias/prog/janestreet/emulator-wt-hdmi-ulx3s/prototypes/hdmi-ulx3s/rtl/gen/hdmi_pixel.v:1236$297 ($add).
Removed top 1 bits (of 4) from port A of cell hdmi_top.$flatten\hdmi.\pixel.$add$/home/matthias/prog/janestreet/emulator-wt-hdmi-ulx3s/prototypes/hdmi-ulx3s/rtl/gen/hdmi_pixel.v:1237$298 ($add).
Removed top 1 bits (of 4) from port B of cell hdmi_top.$flatten\hdmi.\pixel.$add$/home/matthias/prog/janestreet/emulator-wt-hdmi-ulx3s/prototypes/hdmi-ulx3s/rtl/gen/hdmi_pixel.v:1237$298 ($add).
Removed top 1 bits (of 4) from port A of cell hdmi_top.$flatten\hdmi.\pixel.$lt$/home/matthias/prog/janestreet/emulator-wt-hdmi-ulx3s/prototypes/hdmi-ulx3s/rtl/gen/hdmi_pixel.v:1238$299 ($lt).
Removed top 3 bits (of 4) from port A of cell hdmi_top.$flatten\hdmi.\pixel.$add$/home/matthias/prog/janestreet/emulator-wt-hdmi-ulx3s/prototypes/hdmi-ulx3s/rtl/gen/hdmi_pixel.v:1252$302 ($add).
Removed top 3 bits (of 4) from port B of cell hdmi_top.$flatten\hdmi.\pixel.$add$/home/matthias/prog/janestreet/emulator-wt-hdmi-ulx3s/prototypes/hdmi-ulx3s/rtl/gen/hdmi_pixel.v:1252$302 ($add).
Removed top 2 bits (of 4) from port Y of cell hdmi_top.$flatten\hdmi.\pixel.$add$/home/matthias/prog/janestreet/emulator-wt-hdmi-ulx3s/prototypes/hdmi-ulx3s/rtl/gen/hdmi_pixel.v:1252$302 ($add).
Removed top 2 bits (of 4) from port A of cell hdmi_top.$flatten\hdmi.\pixel.$add$/home/matthias/prog/janestreet/emulator-wt-hdmi-ulx3s/prototypes/hdmi-ulx3s/rtl/gen/hdmi_pixel.v:1253$303 ($add).
Removed top 2 bits (of 4) from port B of cell hdmi_top.$flatten\hdmi.\pixel.$add$/home/matthias/prog/janestreet/emulator-wt-hdmi-ulx3s/prototypes/hdmi-ulx3s/rtl/gen/hdmi_pixel.v:1253$303 ($add).
Removed top 1 bits (of 4) from port Y of cell hdmi_top.$flatten\hdmi.\pixel.$add$/home/matthias/prog/janestreet/emulator-wt-hdmi-ulx3s/prototypes/hdmi-ulx3s/rtl/gen/hdmi_pixel.v:1253$303 ($add).
Removed top 1 bits (of 4) from port A of cell hdmi_top.$flatten\hdmi.\pixel.$add$/home/matthias/prog/janestreet/emulator-wt-hdmi-ulx3s/prototypes/hdmi-ulx3s/rtl/gen/hdmi_pixel.v:1254$304 ($add).
Removed top 1 bits (of 4) from port B of cell hdmi_top.$flatten\hdmi.\pixel.$add$/home/matthias/prog/janestreet/emulator-wt-hdmi-ulx3s/prototypes/hdmi-ulx3s/rtl/gen/hdmi_pixel.v:1254$304 ($add).
Removed top 1 bits (of 4) from port A of cell hdmi_top.$flatten\hdmi.\pixel.$lt$/home/matthias/prog/janestreet/emulator-wt-hdmi-ulx3s/prototypes/hdmi-ulx3s/rtl/gen/hdmi_pixel.v:1255$305 ($lt).
Removed top 1 bits (of 10) from port B of cell hdmi_top.$flatten\hdmi.\pixel.$lt$/home/matthias/prog/janestreet/emulator-wt-hdmi-ulx3s/prototypes/hdmi-ulx3s/rtl/gen/hdmi_pixel.v:1292$324 ($lt).
Removed top 1 bits (of 10) from port B of cell hdmi_top.$flatten\hdmi.\pixel.$lt$/home/matthias/prog/janestreet/emulator-wt-hdmi-ulx3s/prototypes/hdmi-ulx3s/rtl/gen/hdmi_pixel.v:1294$325 ($lt).
Removed top 9 bits (of 10) from port B of cell hdmi_top.$flatten\hdmi.\pixel.$add$/home/matthias/prog/janestreet/emulator-wt-hdmi-ulx3s/prototypes/hdmi-ulx3s/rtl/gen/hdmi_pixel.v:1319$331 ($add).
Removed top 1 bits (of 10) from port B of cell hdmi_top.$flatten\hdmi.\pixel.$lt$/home/matthias/prog/janestreet/emulator-wt-hdmi-ulx3s/prototypes/hdmi-ulx3s/rtl/gen/hdmi_pixel.v:1331$336 ($lt).
Removed top 9 bits (of 10) from port B of cell hdmi_top.$flatten\hdmi.\pixel.$add$/home/matthias/prog/janestreet/emulator-wt-hdmi-ulx3s/prototypes/hdmi-ulx3s/rtl/gen/hdmi_pixel.v:1334$337 ($add).
Removed top 1 bits (of 2) from port B of cell hdmi_top.$flatten\hdmi.\pixel.$procmux$667_CMP0 ($eq).
Removed top 26 bits (of 27) from port B of cell hdmi_top.$flatten\hdmi.\serial.$add$/home/matthias/prog/janestreet/emulator-wt-hdmi-ulx3s/prototypes/hdmi-ulx3s/rtl/gen/hdmi_serial_sdr.v:107$346 ($add).
Removed top 23 bits (of 24) from port B of cell hdmi_top.$flatten\hdmi.\pixel.$add$/home/matthias/prog/janestreet/emulator-wt-hdmi-ulx3s/prototypes/hdmi-ulx3s/rtl/gen/hdmi_pixel.v:586$17 ($add).
Removed top 4 bits (of 5) from port B of cell hdmi_top.$flatten\hdmi.$add$/home/matthias/prog/janestreet/emulator-wt-hdmi-ulx3s/prototypes/hdmi-ulx3s/rtl/hdmi_out.v:30$6 ($add).
Removed top 4 bits (of 5) from port B of cell hdmi_top.$flatten\hdmi.$add$/home/matthias/prog/janestreet/emulator-wt-hdmi-ulx3s/prototypes/hdmi-ulx3s/rtl/hdmi_out.v:26$2 ($add).

6.16. Executing PEEPOPT pass (run peephole optimizers).

6.17. Executing OPT_CLEAN pass (remove unused cells and wires).
Finding unused cells or wires in module \hdmi_top..

6.18. Executing SHARE pass (SAT-based resource sharing).

6.19. Executing TECHMAP pass (map to technology primitives).

6.19.1. Executing Verilog-2005 frontend: /home/matthias/prog/janestreet/fabulous-notes/oss-cad-suite/lib/../share/yosys/cmp2lut.v
Parsing Verilog input from `/home/matthias/prog/janestreet/fabulous-notes/oss-cad-suite/lib/../share/yosys/cmp2lut.v' to AST representation.
Generating RTLIL representation for module `\_90_lut_cmp_'.
Successfully finished Verilog frontend.

6.19.2. Continuing TECHMAP pass.
Using template $paramod$660678594e37ad19d3e37129102c1c7b69ba3182\_90_lut_cmp_ for cells of type $lt.
Using template $paramod$f46cda77c4447f9623352c255c11db883b9ce5c2\_90_lut_cmp_ for cells of type $lt.
Using template $paramod$141b0f41d8ab4b936f42c52ead39f1f9a7c93200\_90_lut_cmp_ for cells of type $lt.
No more expansions possible.
<suppressed ~403 debug messages>

6.20. Executing OPT_EXPR pass (perform const folding).
Optimizing module hdmi_top.

6.21. Executing OPT_CLEAN pass (remove unused cells and wires).
Finding unused cells or wires in module \hdmi_top..
Removed 0 unused cells and 30 unused wires.
<suppressed ~1 debug messages>

6.22. Executing TECHMAP pass (map to technology primitives).

6.22.1. Executing Verilog-2005 frontend: /home/matthias/prog/janestreet/fabulous-notes/oss-cad-suite/lib/../share/yosys/mul2dsp.v
Parsing Verilog input from `/home/matthias/prog/janestreet/fabulous-notes/oss-cad-suite/lib/../share/yosys/mul2dsp.v' to AST representation.
Generating RTLIL representation for module `\_80_mul'.
Generating RTLIL representation for module `\_90_soft_mul'.
Successfully finished Verilog frontend.

6.22.2. Continuing TECHMAP pass.
Using template $paramod$f5140cc63b66a78bf07bf16ee737bd1b32aa7612\_80_mul for cells of type $mul.
No more expansions possible.
<suppressed ~70 debug messages>

6.23. Executing TECHMAP pass (map to technology primitives).

6.23.1. Executing Verilog-2005 frontend: /home/matthias/prog/janestreet/fabulous-notes/oss-cad-suite/lib/../share/yosys/lattice/dsp_map_18x18.v
Parsing Verilog input from `/home/matthias/prog/janestreet/fabulous-notes/oss-cad-suite/lib/../share/yosys/lattice/dsp_map_18x18.v' to AST representation.
Generating RTLIL representation for module `$__MUL18X18'.
Successfully finished Verilog frontend.

6.23.2. Continuing TECHMAP pass.
Using template $paramod$6891debeca6370d329cf16569f78d8f01c4ab413$__MUL18X18 for cells of type $__MUL18X18.
No more expansions possible.
<suppressed ~21 debug messages>

6.24. Executing ALUMACC pass (create $alu and $macc cells).
Extracting $alu and $macc cells in module hdmi_top:
  creating $macc model for $flatten\hdmi.\pixel.$add$/home/matthias/prog/janestreet/emulator-wt-hdmi-ulx3s/prototypes/hdmi-ulx3s/rtl/gen/hdmi_pixel.v:1334$337 ($add).
  creating $macc model for $flatten\hdmi.\pixel.$add$/home/matthias/prog/janestreet/emulator-wt-hdmi-ulx3s/prototypes/hdmi-ulx3s/rtl/gen/hdmi_pixel.v:1319$331 ($add).
  creating $macc model for $flatten\hdmi.\pixel.$add$/home/matthias/prog/janestreet/emulator-wt-hdmi-ulx3s/prototypes/hdmi-ulx3s/rtl/gen/hdmi_pixel.v:1254$304 ($add).
  creating $macc model for $flatten\hdmi.\pixel.$add$/home/matthias/prog/janestreet/emulator-wt-hdmi-ulx3s/prototypes/hdmi-ulx3s/rtl/gen/hdmi_pixel.v:1253$303 ($add).
  creating $macc model for $flatten\hdmi.\pixel.$add$/home/matthias/prog/janestreet/emulator-wt-hdmi-ulx3s/prototypes/hdmi-ulx3s/rtl/gen/hdmi_pixel.v:1252$302 ($add).
  creating $macc model for $flatten\hdmi.\pixel.$add$/home/matthias/prog/janestreet/emulator-wt-hdmi-ulx3s/prototypes/hdmi-ulx3s/rtl/gen/hdmi_pixel.v:1237$298 ($add).
  creating $macc model for $flatten\hdmi.\pixel.$add$/home/matthias/prog/janestreet/emulator-wt-hdmi-ulx3s/prototypes/hdmi-ulx3s/rtl/gen/hdmi_pixel.v:1236$297 ($add).
  creating $macc model for $flatten\hdmi.\pixel.$add$/home/matthias/prog/janestreet/emulator-wt-hdmi-ulx3s/prototypes/hdmi-ulx3s/rtl/gen/hdmi_pixel.v:1235$296 ($add).
  creating $macc model for $flatten\hdmi.\pixel.$sub$/home/matthias/prog/janestreet/emulator-wt-hdmi-ulx3s/prototypes/hdmi-ulx3s/rtl/gen/hdmi_pixel.v:1204$279 ($sub).
  creating $macc model for $flatten\hdmi.\pixel.$add$/home/matthias/prog/janestreet/emulator-wt-hdmi-ulx3s/prototypes/hdmi-ulx3s/rtl/gen/hdmi_pixel.v:1189$269 ($add).
  creating $macc model for $flatten\hdmi.\pixel.$add$/home/matthias/prog/janestreet/emulator-wt-hdmi-ulx3s/prototypes/hdmi-ulx3s/rtl/gen/hdmi_pixel.v:1188$268 ($add).
  creating $macc model for $flatten\hdmi.\pixel.$add$/home/matthias/prog/janestreet/emulator-wt-hdmi-ulx3s/prototypes/hdmi-ulx3s/rtl/gen/hdmi_pixel.v:1187$267 ($add).
  creating $macc model for $flatten\hdmi.\pixel.$add$/home/matthias/prog/janestreet/emulator-wt-hdmi-ulx3s/prototypes/hdmi-ulx3s/rtl/gen/hdmi_pixel.v:1186$266 ($add).
  creating $macc model for $flatten\hdmi.\pixel.$add$/home/matthias/prog/janestreet/emulator-wt-hdmi-ulx3s/prototypes/hdmi-ulx3s/rtl/gen/hdmi_pixel.v:1185$265 ($add).
  creating $macc model for $flatten\hdmi.\pixel.$add$/home/matthias/prog/janestreet/emulator-wt-hdmi-ulx3s/prototypes/hdmi-ulx3s/rtl/gen/hdmi_pixel.v:1184$264 ($add).
  creating $macc model for $flatten\hdmi.\pixel.$add$/home/matthias/prog/janestreet/emulator-wt-hdmi-ulx3s/prototypes/hdmi-ulx3s/rtl/gen/hdmi_pixel.v:1141$246 ($add).
  creating $macc model for $flatten\hdmi.\pixel.$add$/home/matthias/prog/janestreet/emulator-wt-hdmi-ulx3s/prototypes/hdmi-ulx3s/rtl/gen/hdmi_pixel.v:1134$245 ($add).
  creating $macc model for $flatten\hdmi.\pixel.$add$/home/matthias/prog/janestreet/emulator-wt-hdmi-ulx3s/prototypes/hdmi-ulx3s/rtl/gen/hdmi_pixel.v:1133$244 ($add).
  creating $macc model for $flatten\hdmi.\pixel.$add$/home/matthias/prog/janestreet/emulator-wt-hdmi-ulx3s/prototypes/hdmi-ulx3s/rtl/gen/hdmi_pixel.v:1126$243 ($add).
  creating $macc model for $flatten\hdmi.\pixel.$add$/home/matthias/prog/janestreet/emulator-wt-hdmi-ulx3s/prototypes/hdmi-ulx3s/rtl/gen/hdmi_pixel.v:1084$219 ($add).
  creating $macc model for $flatten\hdmi.\pixel.$add$/home/matthias/prog/janestreet/emulator-wt-hdmi-ulx3s/prototypes/hdmi-ulx3s/rtl/gen/hdmi_pixel.v:1077$218 ($add).
  creating $macc model for $flatten\hdmi.\pixel.$add$/home/matthias/prog/janestreet/emulator-wt-hdmi-ulx3s/prototypes/hdmi-ulx3s/rtl/gen/hdmi_pixel.v:1076$217 ($add).
  creating $macc model for $flatten\hdmi.\pixel.$add$/home/matthias/prog/janestreet/emulator-wt-hdmi-ulx3s/prototypes/hdmi-ulx3s/rtl/gen/hdmi_pixel.v:1069$216 ($add).
  creating $macc model for $flatten\hdmi.\pixel.$add$/home/matthias/prog/janestreet/emulator-wt-hdmi-ulx3s/prototypes/hdmi-ulx3s/rtl/gen/hdmi_pixel.v:1059$213 ($add).
  creating $macc model for $flatten\hdmi.\pixel.$sub$/home/matthias/prog/janestreet/emulator-wt-hdmi-ulx3s/prototypes/hdmi-ulx3s/rtl/gen/hdmi_pixel.v:1058$212 ($sub).
  creating $macc model for $flatten\hdmi.\pixel.$sub$/home/matthias/prog/janestreet/emulator-wt-hdmi-ulx3s/prototypes/hdmi-ulx3s/rtl/gen/hdmi_pixel.v:1050$209 ($sub).
  creating $macc model for $flatten\hdmi.\pixel.$sub$/home/matthias/prog/janestreet/emulator-wt-hdmi-ulx3s/prototypes/hdmi-ulx3s/rtl/gen/hdmi_pixel.v:1043$208 ($sub).
  creating $macc model for $flatten\hdmi.\pixel.$add$/home/matthias/prog/janestreet/emulator-wt-hdmi-ulx3s/prototypes/hdmi-ulx3s/rtl/gen/hdmi_pixel.v:1042$207 ($add).
  creating $macc model for $flatten\hdmi.\pixel.$sub$/home/matthias/prog/janestreet/emulator-wt-hdmi-ulx3s/prototypes/hdmi-ulx3s/rtl/gen/hdmi_pixel.v:1035$205 ($sub).
  creating $macc model for $flatten\hdmi.\pixel.$add$/home/matthias/prog/janestreet/emulator-wt-hdmi-ulx3s/prototypes/hdmi-ulx3s/rtl/gen/hdmi_pixel.v:1034$204 ($add).
  creating $macc model for $flatten\hdmi.$add$/home/matthias/prog/janestreet/emulator-wt-hdmi-ulx3s/prototypes/hdmi-ulx3s/rtl/hdmi_out.v:30$6 ($add).
  creating $macc model for $flatten\hdmi.\pixel.$add$/home/matthias/prog/janestreet/emulator-wt-hdmi-ulx3s/prototypes/hdmi-ulx3s/rtl/gen/hdmi_pixel.v:991$182 ($add).
  creating $macc model for $flatten\hdmi.\pixel.$add$/home/matthias/prog/janestreet/emulator-wt-hdmi-ulx3s/prototypes/hdmi-ulx3s/rtl/gen/hdmi_pixel.v:990$181 ($add).
  creating $macc model for $flatten\hdmi.\pixel.$add$/home/matthias/prog/janestreet/emulator-wt-hdmi-ulx3s/prototypes/hdmi-ulx3s/rtl/gen/hdmi_pixel.v:989$180 ($add).
  creating $macc model for $flatten\hdmi.\pixel.$add$/home/matthias/prog/janestreet/emulator-wt-hdmi-ulx3s/prototypes/hdmi-ulx3s/rtl/gen/hdmi_pixel.v:974$176 ($add).
  creating $macc model for $flatten\hdmi.\pixel.$add$/home/matthias/prog/janestreet/emulator-wt-hdmi-ulx3s/prototypes/hdmi-ulx3s/rtl/gen/hdmi_pixel.v:973$175 ($add).
  creating $macc model for $flatten\hdmi.\pixel.$add$/home/matthias/prog/janestreet/emulator-wt-hdmi-ulx3s/prototypes/hdmi-ulx3s/rtl/gen/hdmi_pixel.v:972$174 ($add).
  creating $macc model for $flatten\hdmi.\pixel.$add$/home/matthias/prog/janestreet/emulator-wt-hdmi-ulx3s/prototypes/hdmi-ulx3s/rtl/gen/hdmi_pixel.v:949$163 ($add).
  creating $macc model for $flatten\hdmi.\pixel.$add$/home/matthias/prog/janestreet/emulator-wt-hdmi-ulx3s/prototypes/hdmi-ulx3s/rtl/gen/hdmi_pixel.v:942$162 ($add).
  creating $macc model for $flatten\hdmi.\pixel.$add$/home/matthias/prog/janestreet/emulator-wt-hdmi-ulx3s/prototypes/hdmi-ulx3s/rtl/gen/hdmi_pixel.v:941$161 ($add).
  creating $macc model for $flatten\hdmi.\pixel.$add$/home/matthias/prog/janestreet/emulator-wt-hdmi-ulx3s/prototypes/hdmi-ulx3s/rtl/gen/hdmi_pixel.v:934$160 ($add).
  creating $macc model for $flatten\hdmi.\pixel.$add$/home/matthias/prog/janestreet/emulator-wt-hdmi-ulx3s/prototypes/hdmi-ulx3s/rtl/gen/hdmi_pixel.v:892$136 ($add).
  creating $macc model for $flatten\hdmi.\pixel.$add$/home/matthias/prog/janestreet/emulator-wt-hdmi-ulx3s/prototypes/hdmi-ulx3s/rtl/gen/hdmi_pixel.v:885$135 ($add).
  creating $macc model for $flatten\hdmi.\pixel.$add$/home/matthias/prog/janestreet/emulator-wt-hdmi-ulx3s/prototypes/hdmi-ulx3s/rtl/gen/hdmi_pixel.v:884$134 ($add).
  creating $macc model for $flatten\hdmi.\pixel.$add$/home/matthias/prog/janestreet/emulator-wt-hdmi-ulx3s/prototypes/hdmi-ulx3s/rtl/gen/hdmi_pixel.v:877$133 ($add).
  creating $macc model for $flatten\hdmi.\pixel.$add$/home/matthias/prog/janestreet/emulator-wt-hdmi-ulx3s/prototypes/hdmi-ulx3s/rtl/gen/hdmi_pixel.v:867$130 ($add).
  creating $macc model for $flatten\hdmi.\pixel.$sub$/home/matthias/prog/janestreet/emulator-wt-hdmi-ulx3s/prototypes/hdmi-ulx3s/rtl/gen/hdmi_pixel.v:866$129 ($sub).
  creating $macc model for $flatten\hdmi.\pixel.$sub$/home/matthias/prog/janestreet/emulator-wt-hdmi-ulx3s/prototypes/hdmi-ulx3s/rtl/gen/hdmi_pixel.v:858$126 ($sub).
  creating $macc model for $flatten\hdmi.\pixel.$sub$/home/matthias/prog/janestreet/emulator-wt-hdmi-ulx3s/prototypes/hdmi-ulx3s/rtl/gen/hdmi_pixel.v:852$125 ($sub).
  creating $macc model for $flatten\hdmi.\pixel.$add$/home/matthias/prog/janestreet/emulator-wt-hdmi-ulx3s/prototypes/hdmi-ulx3s/rtl/gen/hdmi_pixel.v:851$124 ($add).
  creating $macc model for $flatten\hdmi.\pixel.$sub$/home/matthias/prog/janestreet/emulator-wt-hdmi-ulx3s/prototypes/hdmi-ulx3s/rtl/gen/hdmi_pixel.v:844$122 ($sub).
  creating $macc model for $flatten\hdmi.\pixel.$add$/home/matthias/prog/janestreet/emulator-wt-hdmi-ulx3s/prototypes/hdmi-ulx3s/rtl/gen/hdmi_pixel.v:843$121 ($add).
  creating $macc model for $flatten\hdmi.$add$/home/matthias/prog/janestreet/emulator-wt-hdmi-ulx3s/prototypes/hdmi-ulx3s/rtl/hdmi_out.v:26$2 ($add).
  creating $macc model for $flatten\hdmi.\pixel.$add$/home/matthias/prog/janestreet/emulator-wt-hdmi-ulx3s/prototypes/hdmi-ulx3s/rtl/gen/hdmi_pixel.v:799$99 ($add).
  creating $macc model for $flatten\hdmi.\pixel.$add$/home/matthias/prog/janestreet/emulator-wt-hdmi-ulx3s/prototypes/hdmi-ulx3s/rtl/gen/hdmi_pixel.v:798$98 ($add).
  creating $macc model for $flatten\hdmi.\pixel.$add$/home/matthias/prog/janestreet/emulator-wt-hdmi-ulx3s/prototypes/hdmi-ulx3s/rtl/gen/hdmi_pixel.v:797$97 ($add).
  creating $macc model for $flatten\hdmi.\pixel.$add$/home/matthias/prog/janestreet/emulator-wt-hdmi-ulx3s/prototypes/hdmi-ulx3s/rtl/gen/hdmi_pixel.v:782$93 ($add).
  creating $macc model for $flatten\hdmi.\pixel.$add$/home/matthias/prog/janestreet/emulator-wt-hdmi-ulx3s/prototypes/hdmi-ulx3s/rtl/gen/hdmi_pixel.v:781$92 ($add).
  creating $macc model for $flatten\hdmi.\pixel.$add$/home/matthias/prog/janestreet/emulator-wt-hdmi-ulx3s/prototypes/hdmi-ulx3s/rtl/gen/hdmi_pixel.v:780$91 ($add).
  creating $macc model for $flatten\hdmi.\pixel.$add$/home/matthias/prog/janestreet/emulator-wt-hdmi-ulx3s/prototypes/hdmi-ulx3s/rtl/gen/hdmi_pixel.v:586$17 ($add).
  creating $macc model for $flatten\hdmi.\serial.$add$/home/matthias/prog/janestreet/emulator-wt-hdmi-ulx3s/prototypes/hdmi-ulx3s/rtl/gen/hdmi_serial_sdr.v:107$346 ($add).
  creating $macc model for $flatten\hdmi.\pixel.$add$/home/matthias/prog/janestreet/emulator-wt-hdmi-ulx3s/prototypes/hdmi-ulx3s/rtl/gen/hdmi_pixel.v:745$74 ($add).
  creating $macc model for $flatten\hdmi.\pixel.$add$/home/matthias/prog/janestreet/emulator-wt-hdmi-ulx3s/prototypes/hdmi-ulx3s/rtl/gen/hdmi_pixel.v:738$73 ($add).
  creating $macc model for $flatten\hdmi.\pixel.$add$/home/matthias/prog/janestreet/emulator-wt-hdmi-ulx3s/prototypes/hdmi-ulx3s/rtl/gen/hdmi_pixel.v:737$72 ($add).
  creating $macc model for $flatten\hdmi.\pixel.$add$/home/matthias/prog/janestreet/emulator-wt-hdmi-ulx3s/prototypes/hdmi-ulx3s/rtl/gen/hdmi_pixel.v:730$71 ($add).
  creating $macc model for $flatten\hdmi.\pixel.$add$/home/matthias/prog/janestreet/emulator-wt-hdmi-ulx3s/prototypes/hdmi-ulx3s/rtl/gen/hdmi_pixel.v:688$47 ($add).
  creating $macc model for $flatten\hdmi.\pixel.$add$/home/matthias/prog/janestreet/emulator-wt-hdmi-ulx3s/prototypes/hdmi-ulx3s/rtl/gen/hdmi_pixel.v:681$46 ($add).
  creating $macc model for $flatten\hdmi.\pixel.$add$/home/matthias/prog/janestreet/emulator-wt-hdmi-ulx3s/prototypes/hdmi-ulx3s/rtl/gen/hdmi_pixel.v:680$45 ($add).
  creating $macc model for $flatten\hdmi.\pixel.$add$/home/matthias/prog/janestreet/emulator-wt-hdmi-ulx3s/prototypes/hdmi-ulx3s/rtl/gen/hdmi_pixel.v:673$44 ($add).
  creating $macc model for $flatten\hdmi.\pixel.$add$/home/matthias/prog/janestreet/emulator-wt-hdmi-ulx3s/prototypes/hdmi-ulx3s/rtl/gen/hdmi_pixel.v:662$41 ($add).
  creating $macc model for $flatten\hdmi.\pixel.$sub$/home/matthias/prog/janestreet/emulator-wt-hdmi-ulx3s/prototypes/hdmi-ulx3s/rtl/gen/hdmi_pixel.v:661$40 ($sub).
  creating $macc model for $flatten\hdmi.\pixel.$sub$/home/matthias/prog/janestreet/emulator-wt-hdmi-ulx3s/prototypes/hdmi-ulx3s/rtl/gen/hdmi_pixel.v:653$37 ($sub).
  creating $macc model for $flatten\hdmi.\pixel.$sub$/home/matthias/prog/janestreet/emulator-wt-hdmi-ulx3s/prototypes/hdmi-ulx3s/rtl/gen/hdmi_pixel.v:646$36 ($sub).
  creating $macc model for $flatten\hdmi.\pixel.$add$/home/matthias/prog/janestreet/emulator-wt-hdmi-ulx3s/prototypes/hdmi-ulx3s/rtl/gen/hdmi_pixel.v:645$35 ($add).
  creating $macc model for $flatten\hdmi.\pixel.$sub$/home/matthias/prog/janestreet/emulator-wt-hdmi-ulx3s/prototypes/hdmi-ulx3s/rtl/gen/hdmi_pixel.v:637$33 ($sub).
  creating $macc model for $flatten\hdmi.\pixel.$add$/home/matthias/prog/janestreet/emulator-wt-hdmi-ulx3s/prototypes/hdmi-ulx3s/rtl/gen/hdmi_pixel.v:636$32 ($add).
  creating $macc model for $flatten\hdmi.\serial.$add$/home/matthias/prog/janestreet/emulator-wt-hdmi-ulx3s/prototypes/hdmi-ulx3s/rtl/gen/hdmi_serial_sdr.v:192$368 ($add).
  merging $macc model for $flatten\hdmi.\pixel.$add$/home/matthias/prog/janestreet/emulator-wt-hdmi-ulx3s/prototypes/hdmi-ulx3s/rtl/gen/hdmi_pixel.v:645$35 into $flatten\hdmi.\pixel.$sub$/home/matthias/prog/janestreet/emulator-wt-hdmi-ulx3s/prototypes/hdmi-ulx3s/rtl/gen/hdmi_pixel.v:646$36.
  merging $macc model for $flatten\hdmi.\pixel.$sub$/home/matthias/prog/janestreet/emulator-wt-hdmi-ulx3s/prototypes/hdmi-ulx3s/rtl/gen/hdmi_pixel.v:661$40 into $flatten\hdmi.\pixel.$add$/home/matthias/prog/janestreet/emulator-wt-hdmi-ulx3s/prototypes/hdmi-ulx3s/rtl/gen/hdmi_pixel.v:662$41.
  merging $macc model for $flatten\hdmi.\pixel.$add$/home/matthias/prog/janestreet/emulator-wt-hdmi-ulx3s/prototypes/hdmi-ulx3s/rtl/gen/hdmi_pixel.v:680$45 into $flatten\hdmi.\pixel.$add$/home/matthias/prog/janestreet/emulator-wt-hdmi-ulx3s/prototypes/hdmi-ulx3s/rtl/gen/hdmi_pixel.v:681$46.
  merging $macc model for $flatten\hdmi.\pixel.$add$/home/matthias/prog/janestreet/emulator-wt-hdmi-ulx3s/prototypes/hdmi-ulx3s/rtl/gen/hdmi_pixel.v:673$44 into $flatten\hdmi.\pixel.$add$/home/matthias/prog/janestreet/emulator-wt-hdmi-ulx3s/prototypes/hdmi-ulx3s/rtl/gen/hdmi_pixel.v:681$46.
  merging $macc model for $flatten\hdmi.\pixel.$add$/home/matthias/prog/janestreet/emulator-wt-hdmi-ulx3s/prototypes/hdmi-ulx3s/rtl/gen/hdmi_pixel.v:737$72 into $flatten\hdmi.\pixel.$add$/home/matthias/prog/janestreet/emulator-wt-hdmi-ulx3s/prototypes/hdmi-ulx3s/rtl/gen/hdmi_pixel.v:738$73.
  merging $macc model for $flatten\hdmi.\pixel.$add$/home/matthias/prog/janestreet/emulator-wt-hdmi-ulx3s/prototypes/hdmi-ulx3s/rtl/gen/hdmi_pixel.v:730$71 into $flatten\hdmi.\pixel.$add$/home/matthias/prog/janestreet/emulator-wt-hdmi-ulx3s/prototypes/hdmi-ulx3s/rtl/gen/hdmi_pixel.v:738$73.
  merging $macc model for $flatten\hdmi.\pixel.$add$/home/matthias/prog/janestreet/emulator-wt-hdmi-ulx3s/prototypes/hdmi-ulx3s/rtl/gen/hdmi_pixel.v:780$91 into $flatten\hdmi.\pixel.$add$/home/matthias/prog/janestreet/emulator-wt-hdmi-ulx3s/prototypes/hdmi-ulx3s/rtl/gen/hdmi_pixel.v:781$92.
  merging $macc model for $flatten\hdmi.\pixel.$add$/home/matthias/prog/janestreet/emulator-wt-hdmi-ulx3s/prototypes/hdmi-ulx3s/rtl/gen/hdmi_pixel.v:745$74 into $flatten\hdmi.\pixel.$add$/home/matthias/prog/janestreet/emulator-wt-hdmi-ulx3s/prototypes/hdmi-ulx3s/rtl/gen/hdmi_pixel.v:781$92.
  merging $macc model for $flatten\hdmi.\pixel.$add$/home/matthias/prog/janestreet/emulator-wt-hdmi-ulx3s/prototypes/hdmi-ulx3s/rtl/gen/hdmi_pixel.v:781$92 into $flatten\hdmi.\pixel.$add$/home/matthias/prog/janestreet/emulator-wt-hdmi-ulx3s/prototypes/hdmi-ulx3s/rtl/gen/hdmi_pixel.v:782$93.
  merging $macc model for $flatten\hdmi.\pixel.$add$/home/matthias/prog/janestreet/emulator-wt-hdmi-ulx3s/prototypes/hdmi-ulx3s/rtl/gen/hdmi_pixel.v:738$73 into $flatten\hdmi.\pixel.$add$/home/matthias/prog/janestreet/emulator-wt-hdmi-ulx3s/prototypes/hdmi-ulx3s/rtl/gen/hdmi_pixel.v:782$93.
  merging $macc model for $flatten\hdmi.\pixel.$add$/home/matthias/prog/janestreet/emulator-wt-hdmi-ulx3s/prototypes/hdmi-ulx3s/rtl/gen/hdmi_pixel.v:797$97 into $flatten\hdmi.\pixel.$add$/home/matthias/prog/janestreet/emulator-wt-hdmi-ulx3s/prototypes/hdmi-ulx3s/rtl/gen/hdmi_pixel.v:798$98.
  merging $macc model for $flatten\hdmi.\pixel.$add$/home/matthias/prog/janestreet/emulator-wt-hdmi-ulx3s/prototypes/hdmi-ulx3s/rtl/gen/hdmi_pixel.v:688$47 into $flatten\hdmi.\pixel.$add$/home/matthias/prog/janestreet/emulator-wt-hdmi-ulx3s/prototypes/hdmi-ulx3s/rtl/gen/hdmi_pixel.v:798$98.
  merging $macc model for $flatten\hdmi.\pixel.$add$/home/matthias/prog/janestreet/emulator-wt-hdmi-ulx3s/prototypes/hdmi-ulx3s/rtl/gen/hdmi_pixel.v:798$98 into $flatten\hdmi.\pixel.$add$/home/matthias/prog/janestreet/emulator-wt-hdmi-ulx3s/prototypes/hdmi-ulx3s/rtl/gen/hdmi_pixel.v:799$99.
  merging $macc model for $flatten\hdmi.\pixel.$add$/home/matthias/prog/janestreet/emulator-wt-hdmi-ulx3s/prototypes/hdmi-ulx3s/rtl/gen/hdmi_pixel.v:681$46 into $flatten\hdmi.\pixel.$add$/home/matthias/prog/janestreet/emulator-wt-hdmi-ulx3s/prototypes/hdmi-ulx3s/rtl/gen/hdmi_pixel.v:799$99.
  merging $macc model for $flatten\hdmi.\pixel.$add$/home/matthias/prog/janestreet/emulator-wt-hdmi-ulx3s/prototypes/hdmi-ulx3s/rtl/gen/hdmi_pixel.v:851$124 into $flatten\hdmi.\pixel.$sub$/home/matthias/prog/janestreet/emulator-wt-hdmi-ulx3s/prototypes/hdmi-ulx3s/rtl/gen/hdmi_pixel.v:852$125.
  merging $macc model for $flatten\hdmi.\pixel.$sub$/home/matthias/prog/janestreet/emulator-wt-hdmi-ulx3s/prototypes/hdmi-ulx3s/rtl/gen/hdmi_pixel.v:866$129 into $flatten\hdmi.\pixel.$add$/home/matthias/prog/janestreet/emulator-wt-hdmi-ulx3s/prototypes/hdmi-ulx3s/rtl/gen/hdmi_pixel.v:867$130.
  merging $macc model for $flatten\hdmi.\pixel.$add$/home/matthias/prog/janestreet/emulator-wt-hdmi-ulx3s/prototypes/hdmi-ulx3s/rtl/gen/hdmi_pixel.v:884$134 into $flatten\hdmi.\pixel.$add$/home/matthias/prog/janestreet/emulator-wt-hdmi-ulx3s/prototypes/hdmi-ulx3s/rtl/gen/hdmi_pixel.v:885$135.
  merging $macc model for $flatten\hdmi.\pixel.$add$/home/matthias/prog/janestreet/emulator-wt-hdmi-ulx3s/prototypes/hdmi-ulx3s/rtl/gen/hdmi_pixel.v:877$133 into $flatten\hdmi.\pixel.$add$/home/matthias/prog/janestreet/emulator-wt-hdmi-ulx3s/prototypes/hdmi-ulx3s/rtl/gen/hdmi_pixel.v:885$135.
  merging $macc model for $flatten\hdmi.\pixel.$add$/home/matthias/prog/janestreet/emulator-wt-hdmi-ulx3s/prototypes/hdmi-ulx3s/rtl/gen/hdmi_pixel.v:941$161 into $flatten\hdmi.\pixel.$add$/home/matthias/prog/janestreet/emulator-wt-hdmi-ulx3s/prototypes/hdmi-ulx3s/rtl/gen/hdmi_pixel.v:942$162.
  merging $macc model for $flatten\hdmi.\pixel.$add$/home/matthias/prog/janestreet/emulator-wt-hdmi-ulx3s/prototypes/hdmi-ulx3s/rtl/gen/hdmi_pixel.v:934$160 into $flatten\hdmi.\pixel.$add$/home/matthias/prog/janestreet/emulator-wt-hdmi-ulx3s/prototypes/hdmi-ulx3s/rtl/gen/hdmi_pixel.v:942$162.
  merging $macc model for $flatten\hdmi.\pixel.$add$/home/matthias/prog/janestreet/emulator-wt-hdmi-ulx3s/prototypes/hdmi-ulx3s/rtl/gen/hdmi_pixel.v:972$174 into $flatten\hdmi.\pixel.$add$/home/matthias/prog/janestreet/emulator-wt-hdmi-ulx3s/prototypes/hdmi-ulx3s/rtl/gen/hdmi_pixel.v:973$175.
  merging $macc model for $flatten\hdmi.\pixel.$add$/home/matthias/prog/janestreet/emulator-wt-hdmi-ulx3s/prototypes/hdmi-ulx3s/rtl/gen/hdmi_pixel.v:949$163 into $flatten\hdmi.\pixel.$add$/home/matthias/prog/janestreet/emulator-wt-hdmi-ulx3s/prototypes/hdmi-ulx3s/rtl/gen/hdmi_pixel.v:973$175.
  merging $macc model for $flatten\hdmi.\pixel.$add$/home/matthias/prog/janestreet/emulator-wt-hdmi-ulx3s/prototypes/hdmi-ulx3s/rtl/gen/hdmi_pixel.v:973$175 into $flatten\hdmi.\pixel.$add$/home/matthias/prog/janestreet/emulator-wt-hdmi-ulx3s/prototypes/hdmi-ulx3s/rtl/gen/hdmi_pixel.v:974$176.
  merging $macc model for $flatten\hdmi.\pixel.$add$/home/matthias/prog/janestreet/emulator-wt-hdmi-ulx3s/prototypes/hdmi-ulx3s/rtl/gen/hdmi_pixel.v:942$162 into $flatten\hdmi.\pixel.$add$/home/matthias/prog/janestreet/emulator-wt-hdmi-ulx3s/prototypes/hdmi-ulx3s/rtl/gen/hdmi_pixel.v:974$176.
  merging $macc model for $flatten\hdmi.\pixel.$add$/home/matthias/prog/janestreet/emulator-wt-hdmi-ulx3s/prototypes/hdmi-ulx3s/rtl/gen/hdmi_pixel.v:989$180 into $flatten\hdmi.\pixel.$add$/home/matthias/prog/janestreet/emulator-wt-hdmi-ulx3s/prototypes/hdmi-ulx3s/rtl/gen/hdmi_pixel.v:990$181.
  merging $macc model for $flatten\hdmi.\pixel.$add$/home/matthias/prog/janestreet/emulator-wt-hdmi-ulx3s/prototypes/hdmi-ulx3s/rtl/gen/hdmi_pixel.v:892$136 into $flatten\hdmi.\pixel.$add$/home/matthias/prog/janestreet/emulator-wt-hdmi-ulx3s/prototypes/hdmi-ulx3s/rtl/gen/hdmi_pixel.v:990$181.
  merging $macc model for $flatten\hdmi.\pixel.$add$/home/matthias/prog/janestreet/emulator-wt-hdmi-ulx3s/prototypes/hdmi-ulx3s/rtl/gen/hdmi_pixel.v:990$181 into $flatten\hdmi.\pixel.$add$/home/matthias/prog/janestreet/emulator-wt-hdmi-ulx3s/prototypes/hdmi-ulx3s/rtl/gen/hdmi_pixel.v:991$182.
  merging $macc model for $flatten\hdmi.\pixel.$add$/home/matthias/prog/janestreet/emulator-wt-hdmi-ulx3s/prototypes/hdmi-ulx3s/rtl/gen/hdmi_pixel.v:885$135 into $flatten\hdmi.\pixel.$add$/home/matthias/prog/janestreet/emulator-wt-hdmi-ulx3s/prototypes/hdmi-ulx3s/rtl/gen/hdmi_pixel.v:991$182.
  merging $macc model for $flatten\hdmi.\pixel.$add$/home/matthias/prog/janestreet/emulator-wt-hdmi-ulx3s/prototypes/hdmi-ulx3s/rtl/gen/hdmi_pixel.v:1042$207 into $flatten\hdmi.\pixel.$sub$/home/matthias/prog/janestreet/emulator-wt-hdmi-ulx3s/prototypes/hdmi-ulx3s/rtl/gen/hdmi_pixel.v:1043$208.
  merging $macc model for $flatten\hdmi.\pixel.$sub$/home/matthias/prog/janestreet/emulator-wt-hdmi-ulx3s/prototypes/hdmi-ulx3s/rtl/gen/hdmi_pixel.v:1058$212 into $flatten\hdmi.\pixel.$add$/home/matthias/prog/janestreet/emulator-wt-hdmi-ulx3s/prototypes/hdmi-ulx3s/rtl/gen/hdmi_pixel.v:1059$213.
  merging $macc model for $flatten\hdmi.\pixel.$add$/home/matthias/prog/janestreet/emulator-wt-hdmi-ulx3s/prototypes/hdmi-ulx3s/rtl/gen/hdmi_pixel.v:1076$217 into $flatten\hdmi.\pixel.$add$/home/matthias/prog/janestreet/emulator-wt-hdmi-ulx3s/prototypes/hdmi-ulx3s/rtl/gen/hdmi_pixel.v:1077$218.
  merging $macc model for $flatten\hdmi.\pixel.$add$/home/matthias/prog/janestreet/emulator-wt-hdmi-ulx3s/prototypes/hdmi-ulx3s/rtl/gen/hdmi_pixel.v:1069$216 into $flatten\hdmi.\pixel.$add$/home/matthias/prog/janestreet/emulator-wt-hdmi-ulx3s/prototypes/hdmi-ulx3s/rtl/gen/hdmi_pixel.v:1077$218.
  merging $macc model for $flatten\hdmi.\pixel.$add$/home/matthias/prog/janestreet/emulator-wt-hdmi-ulx3s/prototypes/hdmi-ulx3s/rtl/gen/hdmi_pixel.v:1133$244 into $flatten\hdmi.\pixel.$add$/home/matthias/prog/janestreet/emulator-wt-hdmi-ulx3s/prototypes/hdmi-ulx3s/rtl/gen/hdmi_pixel.v:1134$245.
  merging $macc model for $flatten\hdmi.\pixel.$add$/home/matthias/prog/janestreet/emulator-wt-hdmi-ulx3s/prototypes/hdmi-ulx3s/rtl/gen/hdmi_pixel.v:1126$243 into $flatten\hdmi.\pixel.$add$/home/matthias/prog/janestreet/emulator-wt-hdmi-ulx3s/prototypes/hdmi-ulx3s/rtl/gen/hdmi_pixel.v:1134$245.
  merging $macc model for $flatten\hdmi.\pixel.$add$/home/matthias/prog/janestreet/emulator-wt-hdmi-ulx3s/prototypes/hdmi-ulx3s/rtl/gen/hdmi_pixel.v:1184$264 into $flatten\hdmi.\pixel.$add$/home/matthias/prog/janestreet/emulator-wt-hdmi-ulx3s/prototypes/hdmi-ulx3s/rtl/gen/hdmi_pixel.v:1185$265.
  merging $macc model for $flatten\hdmi.\pixel.$add$/home/matthias/prog/janestreet/emulator-wt-hdmi-ulx3s/prototypes/hdmi-ulx3s/rtl/gen/hdmi_pixel.v:1185$265 into $flatten\hdmi.\pixel.$add$/home/matthias/prog/janestreet/emulator-wt-hdmi-ulx3s/prototypes/hdmi-ulx3s/rtl/gen/hdmi_pixel.v:1186$266.
  merging $macc model for $flatten\hdmi.\pixel.$add$/home/matthias/prog/janestreet/emulator-wt-hdmi-ulx3s/prototypes/hdmi-ulx3s/rtl/gen/hdmi_pixel.v:1186$266 into $flatten\hdmi.\pixel.$add$/home/matthias/prog/janestreet/emulator-wt-hdmi-ulx3s/prototypes/hdmi-ulx3s/rtl/gen/hdmi_pixel.v:1187$267.
  merging $macc model for $flatten\hdmi.\pixel.$add$/home/matthias/prog/janestreet/emulator-wt-hdmi-ulx3s/prototypes/hdmi-ulx3s/rtl/gen/hdmi_pixel.v:1187$267 into $flatten\hdmi.\pixel.$add$/home/matthias/prog/janestreet/emulator-wt-hdmi-ulx3s/prototypes/hdmi-ulx3s/rtl/gen/hdmi_pixel.v:1188$268.
  merging $macc model for $flatten\hdmi.\pixel.$add$/home/matthias/prog/janestreet/emulator-wt-hdmi-ulx3s/prototypes/hdmi-ulx3s/rtl/gen/hdmi_pixel.v:1188$268 into $flatten\hdmi.\pixel.$add$/home/matthias/prog/janestreet/emulator-wt-hdmi-ulx3s/prototypes/hdmi-ulx3s/rtl/gen/hdmi_pixel.v:1189$269.
  merging $macc model for $flatten\hdmi.\pixel.$add$/home/matthias/prog/janestreet/emulator-wt-hdmi-ulx3s/prototypes/hdmi-ulx3s/rtl/gen/hdmi_pixel.v:1235$296 into $flatten\hdmi.\pixel.$add$/home/matthias/prog/janestreet/emulator-wt-hdmi-ulx3s/prototypes/hdmi-ulx3s/rtl/gen/hdmi_pixel.v:1236$297.
  merging $macc model for $flatten\hdmi.\pixel.$add$/home/matthias/prog/janestreet/emulator-wt-hdmi-ulx3s/prototypes/hdmi-ulx3s/rtl/gen/hdmi_pixel.v:1141$246 into $flatten\hdmi.\pixel.$add$/home/matthias/prog/janestreet/emulator-wt-hdmi-ulx3s/prototypes/hdmi-ulx3s/rtl/gen/hdmi_pixel.v:1236$297.
  merging $macc model for $flatten\hdmi.\pixel.$add$/home/matthias/prog/janestreet/emulator-wt-hdmi-ulx3s/prototypes/hdmi-ulx3s/rtl/gen/hdmi_pixel.v:1236$297 into $flatten\hdmi.\pixel.$add$/home/matthias/prog/janestreet/emulator-wt-hdmi-ulx3s/prototypes/hdmi-ulx3s/rtl/gen/hdmi_pixel.v:1237$298.
  merging $macc model for $flatten\hdmi.\pixel.$add$/home/matthias/prog/janestreet/emulator-wt-hdmi-ulx3s/prototypes/hdmi-ulx3s/rtl/gen/hdmi_pixel.v:1134$245 into $flatten\hdmi.\pixel.$add$/home/matthias/prog/janestreet/emulator-wt-hdmi-ulx3s/prototypes/hdmi-ulx3s/rtl/gen/hdmi_pixel.v:1237$298.
  merging $macc model for $flatten\hdmi.\pixel.$add$/home/matthias/prog/janestreet/emulator-wt-hdmi-ulx3s/prototypes/hdmi-ulx3s/rtl/gen/hdmi_pixel.v:1252$302 into $flatten\hdmi.\pixel.$add$/home/matthias/prog/janestreet/emulator-wt-hdmi-ulx3s/prototypes/hdmi-ulx3s/rtl/gen/hdmi_pixel.v:1253$303.
  merging $macc model for $flatten\hdmi.\pixel.$add$/home/matthias/prog/janestreet/emulator-wt-hdmi-ulx3s/prototypes/hdmi-ulx3s/rtl/gen/hdmi_pixel.v:1084$219 into $flatten\hdmi.\pixel.$add$/home/matthias/prog/janestreet/emulator-wt-hdmi-ulx3s/prototypes/hdmi-ulx3s/rtl/gen/hdmi_pixel.v:1253$303.
  merging $macc model for $flatten\hdmi.\pixel.$add$/home/matthias/prog/janestreet/emulator-wt-hdmi-ulx3s/prototypes/hdmi-ulx3s/rtl/gen/hdmi_pixel.v:1253$303 into $flatten\hdmi.\pixel.$add$/home/matthias/prog/janestreet/emulator-wt-hdmi-ulx3s/prototypes/hdmi-ulx3s/rtl/gen/hdmi_pixel.v:1254$304.
  merging $macc model for $flatten\hdmi.\pixel.$add$/home/matthias/prog/janestreet/emulator-wt-hdmi-ulx3s/prototypes/hdmi-ulx3s/rtl/gen/hdmi_pixel.v:1077$218 into $flatten\hdmi.\pixel.$add$/home/matthias/prog/janestreet/emulator-wt-hdmi-ulx3s/prototypes/hdmi-ulx3s/rtl/gen/hdmi_pixel.v:1254$304.
  creating $alu model for $macc $flatten\hdmi.\pixel.$add$/home/matthias/prog/janestreet/emulator-wt-hdmi-ulx3s/prototypes/hdmi-ulx3s/rtl/gen/hdmi_pixel.v:1034$204.
  creating $alu model for $macc $flatten\hdmi.\pixel.$sub$/home/matthias/prog/janestreet/emulator-wt-hdmi-ulx3s/prototypes/hdmi-ulx3s/rtl/gen/hdmi_pixel.v:1035$205.
  creating $alu model for $macc $flatten\hdmi.\pixel.$sub$/home/matthias/prog/janestreet/emulator-wt-hdmi-ulx3s/prototypes/hdmi-ulx3s/rtl/gen/hdmi_pixel.v:844$122.
  creating $alu model for $macc $flatten\hdmi.\pixel.$sub$/home/matthias/prog/janestreet/emulator-wt-hdmi-ulx3s/prototypes/hdmi-ulx3s/rtl/gen/hdmi_pixel.v:1050$209.
  creating $alu model for $macc $flatten\hdmi.\pixel.$add$/home/matthias/prog/janestreet/emulator-wt-hdmi-ulx3s/prototypes/hdmi-ulx3s/rtl/gen/hdmi_pixel.v:586$17.
  creating $alu model for $macc $flatten\hdmi.\pixel.$add$/home/matthias/prog/janestreet/emulator-wt-hdmi-ulx3s/prototypes/hdmi-ulx3s/rtl/gen/hdmi_pixel.v:843$121.
  creating $alu model for $macc $flatten\hdmi.\serial.$add$/home/matthias/prog/janestreet/emulator-wt-hdmi-ulx3s/prototypes/hdmi-ulx3s/rtl/gen/hdmi_serial_sdr.v:107$346.
  creating $alu model for $macc $flatten\hdmi.\serial.$add$/home/matthias/prog/janestreet/emulator-wt-hdmi-ulx3s/prototypes/hdmi-ulx3s/rtl/gen/hdmi_serial_sdr.v:192$368.
  creating $alu model for $macc $flatten\hdmi.\pixel.$sub$/home/matthias/prog/janestreet/emulator-wt-hdmi-ulx3s/prototypes/hdmi-ulx3s/rtl/gen/hdmi_pixel.v:637$33.
  creating $alu model for $macc $flatten\hdmi.$add$/home/matthias/prog/janestreet/emulator-wt-hdmi-ulx3s/prototypes/hdmi-ulx3s/rtl/hdmi_out.v:26$2.
  creating $alu model for $macc $flatten\hdmi.\pixel.$sub$/home/matthias/prog/janestreet/emulator-wt-hdmi-ulx3s/prototypes/hdmi-ulx3s/rtl/gen/hdmi_pixel.v:858$126.
  creating $alu model for $macc $flatten\hdmi.\pixel.$sub$/home/matthias/prog/janestreet/emulator-wt-hdmi-ulx3s/prototypes/hdmi-ulx3s/rtl/gen/hdmi_pixel.v:1204$279.
  creating $alu model for $macc $flatten\hdmi.\pixel.$sub$/home/matthias/prog/janestreet/emulator-wt-hdmi-ulx3s/prototypes/hdmi-ulx3s/rtl/gen/hdmi_pixel.v:653$37.
  creating $alu model for $macc $flatten\hdmi.$add$/home/matthias/prog/janestreet/emulator-wt-hdmi-ulx3s/prototypes/hdmi-ulx3s/rtl/hdmi_out.v:30$6.
  creating $alu model for $macc $flatten\hdmi.\pixel.$add$/home/matthias/prog/janestreet/emulator-wt-hdmi-ulx3s/prototypes/hdmi-ulx3s/rtl/gen/hdmi_pixel.v:636$32.
  creating $alu model for $macc $flatten\hdmi.\pixel.$add$/home/matthias/prog/janestreet/emulator-wt-hdmi-ulx3s/prototypes/hdmi-ulx3s/rtl/gen/hdmi_pixel.v:1319$331.
  creating $alu model for $macc $flatten\hdmi.\pixel.$add$/home/matthias/prog/janestreet/emulator-wt-hdmi-ulx3s/prototypes/hdmi-ulx3s/rtl/gen/hdmi_pixel.v:1334$337.
  creating $macc cell for $flatten\hdmi.\pixel.$add$/home/matthias/prog/janestreet/emulator-wt-hdmi-ulx3s/prototypes/hdmi-ulx3s/rtl/gen/hdmi_pixel.v:867$130: $auto$alumacc.cc:399:replace_macc$839
  creating $macc cell for $flatten\hdmi.\pixel.$add$/home/matthias/prog/janestreet/emulator-wt-hdmi-ulx3s/prototypes/hdmi-ulx3s/rtl/gen/hdmi_pixel.v:782$93: $auto$alumacc.cc:399:replace_macc$840
  creating $macc cell for $flatten\hdmi.\pixel.$add$/home/matthias/prog/janestreet/emulator-wt-hdmi-ulx3s/prototypes/hdmi-ulx3s/rtl/gen/hdmi_pixel.v:799$99: $auto$alumacc.cc:399:replace_macc$841
  creating $macc cell for $flatten\hdmi.\pixel.$add$/home/matthias/prog/janestreet/emulator-wt-hdmi-ulx3s/prototypes/hdmi-ulx3s/rtl/gen/hdmi_pixel.v:1189$269: $auto$alumacc.cc:399:replace_macc$842
  creating $macc cell for $flatten\hdmi.\pixel.$sub$/home/matthias/prog/janestreet/emulator-wt-hdmi-ulx3s/prototypes/hdmi-ulx3s/rtl/gen/hdmi_pixel.v:852$125: $auto$alumacc.cc:399:replace_macc$843
  creating $macc cell for $flatten\hdmi.\pixel.$add$/home/matthias/prog/janestreet/emulator-wt-hdmi-ulx3s/prototypes/hdmi-ulx3s/rtl/gen/hdmi_pixel.v:662$41: $auto$alumacc.cc:399:replace_macc$844
  creating $macc cell for $flatten\hdmi.\pixel.$sub$/home/matthias/prog/janestreet/emulator-wt-hdmi-ulx3s/prototypes/hdmi-ulx3s/rtl/gen/hdmi_pixel.v:646$36: $auto$alumacc.cc:399:replace_macc$845
  creating $macc cell for $flatten\hdmi.\pixel.$add$/home/matthias/prog/janestreet/emulator-wt-hdmi-ulx3s/prototypes/hdmi-ulx3s/rtl/gen/hdmi_pixel.v:1237$298: $auto$alumacc.cc:399:replace_macc$846
  creating $macc cell for $flatten\hdmi.\pixel.$sub$/home/matthias/prog/janestreet/emulator-wt-hdmi-ulx3s/prototypes/hdmi-ulx3s/rtl/gen/hdmi_pixel.v:1043$208: $auto$alumacc.cc:399:replace_macc$847
  creating $macc cell for $flatten\hdmi.\pixel.$add$/home/matthias/prog/janestreet/emulator-wt-hdmi-ulx3s/prototypes/hdmi-ulx3s/rtl/gen/hdmi_pixel.v:991$182: $auto$alumacc.cc:399:replace_macc$848
  creating $macc cell for $flatten\hdmi.\pixel.$add$/home/matthias/prog/janestreet/emulator-wt-hdmi-ulx3s/prototypes/hdmi-ulx3s/rtl/gen/hdmi_pixel.v:1254$304: $auto$alumacc.cc:399:replace_macc$849
  creating $macc cell for $flatten\hdmi.\pixel.$add$/home/matthias/prog/janestreet/emulator-wt-hdmi-ulx3s/prototypes/hdmi-ulx3s/rtl/gen/hdmi_pixel.v:974$176: $auto$alumacc.cc:399:replace_macc$850
  creating $macc cell for $flatten\hdmi.\pixel.$add$/home/matthias/prog/janestreet/emulator-wt-hdmi-ulx3s/prototypes/hdmi-ulx3s/rtl/gen/hdmi_pixel.v:1059$213: $auto$alumacc.cc:399:replace_macc$851
  creating $alu model for $flatten\hdmi.\pixel.$lt$/home/matthias/prog/janestreet/emulator-wt-hdmi-ulx3s/prototypes/hdmi-ulx3s/rtl/gen/hdmi_pixel.v:1345$341 ($lt): new $alu
  creating $alu model for $flatten\hdmi.\pixel.$lt$/home/matthias/prog/janestreet/emulator-wt-hdmi-ulx3s/prototypes/hdmi-ulx3s/rtl/gen/hdmi_pixel.v:1331$336 ($lt): new $alu
  creating $alu model for $flatten\hdmi.\pixel.$lt$/home/matthias/prog/janestreet/emulator-wt-hdmi-ulx3s/prototypes/hdmi-ulx3s/rtl/gen/hdmi_pixel.v:1294$325 ($lt): new $alu
  creating $alu model for $flatten\hdmi.\pixel.$lt$/home/matthias/prog/janestreet/emulator-wt-hdmi-ulx3s/prototypes/hdmi-ulx3s/rtl/gen/hdmi_pixel.v:1292$324 ($lt): new $alu
  creating $alu model for $flatten\hdmi.\pixel.$lt$/home/matthias/prog/janestreet/emulator-wt-hdmi-ulx3s/prototypes/hdmi-ulx3s/rtl/gen/hdmi_pixel.v:1281$319 ($lt): new $alu
  creating $alu model for $flatten\hdmi.\pixel.$lt$/home/matthias/prog/janestreet/emulator-wt-hdmi-ulx3s/prototypes/hdmi-ulx3s/rtl/gen/hdmi_pixel.v:1279$318 ($lt): new $alu
  creating $alu model for $flatten\hdmi.\pixel.$lt$/home/matthias/prog/janestreet/emulator-wt-hdmi-ulx3s/prototypes/hdmi-ulx3s/rtl/gen/hdmi_pixel.v:1214$285 ($lt): new $alu
  creating $alu model for $flatten\hdmi.\pixel.$lt$/home/matthias/prog/janestreet/emulator-wt-hdmi-ulx3s/prototypes/hdmi-ulx3s/rtl/gen/hdmi_pixel.v:1212$283 ($lt): new $alu
  creating $alu model for $flatten\hdmi.\pixel.$lt$/home/matthias/prog/janestreet/emulator-wt-hdmi-ulx3s/prototypes/hdmi-ulx3s/rtl/gen/hdmi_pixel.v:1210$281 ($lt): merged with $flatten\hdmi.\pixel.$sub$/home/matthias/prog/janestreet/emulator-wt-hdmi-ulx3s/prototypes/hdmi-ulx3s/rtl/gen/hdmi_pixel.v:1204$279.
  creating $alu model for $flatten\hdmi.\pixel.$lt$/home/matthias/prog/janestreet/emulator-wt-hdmi-ulx3s/prototypes/hdmi-ulx3s/rtl/gen/hdmi_pixel.v:1180$262 ($lt): new $alu
  creating $alu model for $flatten\hdmi.\pixel.$lt$/home/matthias/prog/janestreet/emulator-wt-hdmi-ulx3s/prototypes/hdmi-ulx3s/rtl/gen/hdmi_pixel.v:1175$260 ($lt): new $alu
  creating $alu model for $flatten\hdmi.\pixel.$lt$/home/matthias/prog/janestreet/emulator-wt-hdmi-ulx3s/prototypes/hdmi-ulx3s/rtl/gen/hdmi_pixel.v:1171$258 ($lt): new $alu
  creating $alu model for $flatten\hdmi.\pixel.$lt$/home/matthias/prog/janestreet/emulator-wt-hdmi-ulx3s/prototypes/hdmi-ulx3s/rtl/gen/hdmi_pixel.v:1162$254 ($lt): new $alu
  creating $alu model for $flatten\hdmi.\pixel.$lt$/home/matthias/prog/janestreet/emulator-wt-hdmi-ulx3s/prototypes/hdmi-ulx3s/rtl/gen/hdmi_pixel.v:1157$252 ($lt): new $alu
  creating $alu model for $flatten\hdmi.\pixel.$lt$/home/matthias/prog/janestreet/emulator-wt-hdmi-ulx3s/prototypes/hdmi-ulx3s/rtl/gen/hdmi_pixel.v:1151$250 ($lt): new $alu
  creating $alu cell for $flatten\hdmi.\pixel.$lt$/home/matthias/prog/janestreet/emulator-wt-hdmi-ulx3s/prototypes/hdmi-ulx3s/rtl/gen/hdmi_pixel.v:1151$250: $auto$alumacc.cc:548:replace_alu$866
  creating $alu cell for $flatten\hdmi.\pixel.$lt$/home/matthias/prog/janestreet/emulator-wt-hdmi-ulx3s/prototypes/hdmi-ulx3s/rtl/gen/hdmi_pixel.v:1157$252: $auto$alumacc.cc:548:replace_alu$871
  creating $alu cell for $flatten\hdmi.\pixel.$lt$/home/matthias/prog/janestreet/emulator-wt-hdmi-ulx3s/prototypes/hdmi-ulx3s/rtl/gen/hdmi_pixel.v:1162$254: $auto$alumacc.cc:548:replace_alu$876
  creating $alu cell for $flatten\hdmi.\pixel.$lt$/home/matthias/prog/janestreet/emulator-wt-hdmi-ulx3s/prototypes/hdmi-ulx3s/rtl/gen/hdmi_pixel.v:1171$258: $auto$alumacc.cc:548:replace_alu$881
  creating $alu cell for $flatten\hdmi.\pixel.$lt$/home/matthias/prog/janestreet/emulator-wt-hdmi-ulx3s/prototypes/hdmi-ulx3s/rtl/gen/hdmi_pixel.v:1175$260: $auto$alumacc.cc:548:replace_alu$886
  creating $alu cell for $flatten\hdmi.\pixel.$lt$/home/matthias/prog/janestreet/emulator-wt-hdmi-ulx3s/prototypes/hdmi-ulx3s/rtl/gen/hdmi_pixel.v:1180$262: $auto$alumacc.cc:548:replace_alu$891
  creating $alu cell for $flatten\hdmi.\pixel.$lt$/home/matthias/prog/janestreet/emulator-wt-hdmi-ulx3s/prototypes/hdmi-ulx3s/rtl/gen/hdmi_pixel.v:1212$283: $auto$alumacc.cc:548:replace_alu$896
  creating $alu cell for $flatten\hdmi.\pixel.$lt$/home/matthias/prog/janestreet/emulator-wt-hdmi-ulx3s/prototypes/hdmi-ulx3s/rtl/gen/hdmi_pixel.v:1214$285: $auto$alumacc.cc:548:replace_alu$901
  creating $alu cell for $flatten\hdmi.\pixel.$lt$/home/matthias/prog/janestreet/emulator-wt-hdmi-ulx3s/prototypes/hdmi-ulx3s/rtl/gen/hdmi_pixel.v:1279$318: $auto$alumacc.cc:548:replace_alu$906
  creating $alu cell for $flatten\hdmi.\pixel.$lt$/home/matthias/prog/janestreet/emulator-wt-hdmi-ulx3s/prototypes/hdmi-ulx3s/rtl/gen/hdmi_pixel.v:1281$319: $auto$alumacc.cc:548:replace_alu$911
  creating $alu cell for $flatten\hdmi.\pixel.$lt$/home/matthias/prog/janestreet/emulator-wt-hdmi-ulx3s/prototypes/hdmi-ulx3s/rtl/gen/hdmi_pixel.v:1292$324: $auto$alumacc.cc:548:replace_alu$916
  creating $alu cell for $flatten\hdmi.\pixel.$lt$/home/matthias/prog/janestreet/emulator-wt-hdmi-ulx3s/prototypes/hdmi-ulx3s/rtl/gen/hdmi_pixel.v:1294$325: $auto$alumacc.cc:548:replace_alu$921
  creating $alu cell for $flatten\hdmi.\pixel.$lt$/home/matthias/prog/janestreet/emulator-wt-hdmi-ulx3s/prototypes/hdmi-ulx3s/rtl/gen/hdmi_pixel.v:1331$336: $auto$alumacc.cc:548:replace_alu$926
  creating $alu cell for $flatten\hdmi.\pixel.$lt$/home/matthias/prog/janestreet/emulator-wt-hdmi-ulx3s/prototypes/hdmi-ulx3s/rtl/gen/hdmi_pixel.v:1345$341: $auto$alumacc.cc:548:replace_alu$931
  creating $alu cell for $flatten\hdmi.\pixel.$add$/home/matthias/prog/janestreet/emulator-wt-hdmi-ulx3s/prototypes/hdmi-ulx3s/rtl/gen/hdmi_pixel.v:1334$337: $auto$alumacc.cc:548:replace_alu$936
  creating $alu cell for $flatten\hdmi.\pixel.$add$/home/matthias/prog/janestreet/emulator-wt-hdmi-ulx3s/prototypes/hdmi-ulx3s/rtl/gen/hdmi_pixel.v:1319$331: $auto$alumacc.cc:548:replace_alu$939
  creating $alu cell for $flatten\hdmi.\pixel.$add$/home/matthias/prog/janestreet/emulator-wt-hdmi-ulx3s/prototypes/hdmi-ulx3s/rtl/gen/hdmi_pixel.v:636$32: $auto$alumacc.cc:548:replace_alu$942
  creating $alu cell for $flatten\hdmi.$add$/home/matthias/prog/janestreet/emulator-wt-hdmi-ulx3s/prototypes/hdmi-ulx3s/rtl/hdmi_out.v:30$6: $auto$alumacc.cc:548:replace_alu$945
  creating $alu cell for $flatten\hdmi.\pixel.$sub$/home/matthias/prog/janestreet/emulator-wt-hdmi-ulx3s/prototypes/hdmi-ulx3s/rtl/gen/hdmi_pixel.v:653$37: $auto$alumacc.cc:548:replace_alu$948
  creating $alu cell for $flatten\hdmi.\pixel.$sub$/home/matthias/prog/janestreet/emulator-wt-hdmi-ulx3s/prototypes/hdmi-ulx3s/rtl/gen/hdmi_pixel.v:1204$279, $flatten\hdmi.\pixel.$lt$/home/matthias/prog/janestreet/emulator-wt-hdmi-ulx3s/prototypes/hdmi-ulx3s/rtl/gen/hdmi_pixel.v:1210$281: $auto$alumacc.cc:548:replace_alu$951
  creating $alu cell for $flatten\hdmi.\pixel.$sub$/home/matthias/prog/janestreet/emulator-wt-hdmi-ulx3s/prototypes/hdmi-ulx3s/rtl/gen/hdmi_pixel.v:858$126: $auto$alumacc.cc:548:replace_alu$956
  creating $alu cell for $flatten\hdmi.$add$/home/matthias/prog/janestreet/emulator-wt-hdmi-ulx3s/prototypes/hdmi-ulx3s/rtl/hdmi_out.v:26$2: $auto$alumacc.cc:548:replace_alu$959
  creating $alu cell for $flatten\hdmi.\pixel.$sub$/home/matthias/prog/janestreet/emulator-wt-hdmi-ulx3s/prototypes/hdmi-ulx3s/rtl/gen/hdmi_pixel.v:637$33: $auto$alumacc.cc:548:replace_alu$962
  creating $alu cell for $flatten\hdmi.\serial.$add$/home/matthias/prog/janestreet/emulator-wt-hdmi-ulx3s/prototypes/hdmi-ulx3s/rtl/gen/hdmi_serial_sdr.v:192$368: $auto$alumacc.cc:548:replace_alu$965
  creating $alu cell for $flatten\hdmi.\serial.$add$/home/matthias/prog/janestreet/emulator-wt-hdmi-ulx3s/prototypes/hdmi-ulx3s/rtl/gen/hdmi_serial_sdr.v:107$346: $auto$alumacc.cc:548:replace_alu$968
  creating $alu cell for $flatten\hdmi.\pixel.$add$/home/matthias/prog/janestreet/emulator-wt-hdmi-ulx3s/prototypes/hdmi-ulx3s/rtl/gen/hdmi_pixel.v:843$121: $auto$alumacc.cc:548:replace_alu$971
  creating $alu cell for $flatten\hdmi.\pixel.$add$/home/matthias/prog/janestreet/emulator-wt-hdmi-ulx3s/prototypes/hdmi-ulx3s/rtl/gen/hdmi_pixel.v:586$17: $auto$alumacc.cc:548:replace_alu$974
  creating $alu cell for $flatten\hdmi.\pixel.$sub$/home/matthias/prog/janestreet/emulator-wt-hdmi-ulx3s/prototypes/hdmi-ulx3s/rtl/gen/hdmi_pixel.v:1050$209: $auto$alumacc.cc:548:replace_alu$977
  creating $alu cell for $flatten\hdmi.\pixel.$sub$/home/matthias/prog/janestreet/emulator-wt-hdmi-ulx3s/prototypes/hdmi-ulx3s/rtl/gen/hdmi_pixel.v:844$122: $auto$alumacc.cc:548:replace_alu$980
  creating $alu cell for $flatten\hdmi.\pixel.$sub$/home/matthias/prog/janestreet/emulator-wt-hdmi-ulx3s/prototypes/hdmi-ulx3s/rtl/gen/hdmi_pixel.v:1035$205: $auto$alumacc.cc:548:replace_alu$983
  creating $alu cell for $flatten\hdmi.\pixel.$add$/home/matthias/prog/janestreet/emulator-wt-hdmi-ulx3s/prototypes/hdmi-ulx3s/rtl/gen/hdmi_pixel.v:1034$204: $auto$alumacc.cc:548:replace_alu$986
  created 31 $alu and 13 $macc cells.

6.25. Executing OPT pass (performing simple optimizations).

6.25.1. Executing OPT_EXPR pass (perform const folding).
Optimizing module hdmi_top.
<suppressed ~16 debug messages>

6.25.2. Executing OPT_MERGE pass (detect identical cells).
Finding identical cells in module `\hdmi_top'.
Computing hashes of 374 cells of `\hdmi_top'.
Finding duplicate cells in `\hdmi_top'.
Removed a total of 0 cells.

6.25.3. Executing OPT_MUXTREE pass (detect dead branches in mux trees).
Running muxtree optimizer on module \hdmi_top..
  Creating internal representation of mux trees.
  Evaluating internal representation of mux trees.
  Analyzing evaluation results.
Removed 0 multiplexer ports.
<suppressed ~110 debug messages>

6.25.4. Executing OPT_REDUCE pass (consolidate $*mux and $reduce_* inputs).
  Optimizing cells in module \hdmi_top.
Performed a total of 0 changes.

6.25.5. Executing OPT_MERGE pass (detect identical cells).
Finding identical cells in module `\hdmi_top'.
Computing hashes of 374 cells of `\hdmi_top'.
Finding duplicate cells in `\hdmi_top'.
Removed a total of 0 cells.

6.25.6. Executing OPT_DFF pass (perform DFF optimizations).
Setting constant 0-bit at position 0 on $auto$ff.cc:337:slice$777 ($dff) from module hdmi_top.

6.25.7. Executing OPT_CLEAN pass (remove unused cells and wires).
Finding unused cells or wires in module \hdmi_top..
Removed 58 unused cells and 51 unused wires.
<suppressed ~87 debug messages>

6.25.8. Executing OPT_EXPR pass (perform const folding).
Optimizing module hdmi_top.

6.25.9. Rerunning OPT passes. (Maybe there is more to do..)

6.25.10. Executing OPT_MUXTREE pass (detect dead branches in mux trees).
Running muxtree optimizer on module \hdmi_top..
  Creating internal representation of mux trees.
  Evaluating internal representation of mux trees.
  Analyzing evaluation results.
Removed 0 multiplexer ports.
<suppressed ~110 debug messages>

6.25.11. Executing OPT_REDUCE pass (consolidate $*mux and $reduce_* inputs).
  Optimizing cells in module \hdmi_top.
Performed a total of 0 changes.

6.25.12. Executing OPT_MERGE pass (detect identical cells).
Finding identical cells in module `\hdmi_top'.
Computing hashes of 315 cells of `\hdmi_top'.
Finding duplicate cells in `\hdmi_top'.
Removed a total of 0 cells.

6.25.13. Executing OPT_DFF pass (perform DFF optimizations).
Setting constant 0-bit at position 8 on $auto$ff.cc:337:slice$776 ($sdff) from module hdmi_top.

6.25.14. Executing OPT_CLEAN pass (remove unused cells and wires).
Finding unused cells or wires in module \hdmi_top..

6.25.15. Executing OPT_EXPR pass (perform const folding).
Optimizing module hdmi_top.

6.25.16. Rerunning OPT passes. (Maybe there is more to do..)

6.25.17. Executing OPT_MUXTREE pass (detect dead branches in mux trees).
Running muxtree optimizer on module \hdmi_top..
  Creating internal representation of mux trees.
  Evaluating internal representation of mux trees.
  Analyzing evaluation results.
Removed 0 multiplexer ports.
<suppressed ~110 debug messages>

6.25.18. Executing OPT_REDUCE pass (consolidate $*mux and $reduce_* inputs).
  Optimizing cells in module \hdmi_top.
Performed a total of 0 changes.

6.25.19. Executing OPT_MERGE pass (detect identical cells).
Finding identical cells in module `\hdmi_top'.
Computing hashes of 315 cells of `\hdmi_top'.
Finding duplicate cells in `\hdmi_top'.
Removed a total of 0 cells.

6.25.20. Executing OPT_DFF pass (perform DFF optimizations).
Setting constant 0-bit at position 7 on $auto$ff.cc:337:slice$990 ($sdff) from module hdmi_top.

6.25.21. Executing OPT_CLEAN pass (remove unused cells and wires).
Finding unused cells or wires in module \hdmi_top..

6.25.22. Executing OPT_EXPR pass (perform const folding).
Optimizing module hdmi_top.

6.25.23. Rerunning OPT passes. (Maybe there is more to do..)

6.25.24. Executing OPT_MUXTREE pass (detect dead branches in mux trees).
Running muxtree optimizer on module \hdmi_top..
  Creating internal representation of mux trees.
  Evaluating internal representation of mux trees.
  Analyzing evaluation results.
Removed 0 multiplexer ports.
<suppressed ~110 debug messages>

6.25.25. Executing OPT_REDUCE pass (consolidate $*mux and $reduce_* inputs).
  Optimizing cells in module \hdmi_top.
Performed a total of 0 changes.

6.25.26. Executing OPT_MERGE pass (detect identical cells).
Finding identical cells in module `\hdmi_top'.
Computing hashes of 315 cells of `\hdmi_top'.
Finding duplicate cells in `\hdmi_top'.
Removed a total of 0 cells.

6.25.27. Executing OPT_DFF pass (perform DFF optimizations).
Setting constant 0-bit at position 6 on $auto$ff.cc:337:slice$991 ($sdff) from module hdmi_top.

6.25.28. Executing OPT_CLEAN pass (remove unused cells and wires).
Finding unused cells or wires in module \hdmi_top..

6.25.29. Executing OPT_EXPR pass (perform const folding).
Optimizing module hdmi_top.

6.25.30. Rerunning OPT passes. (Maybe there is more to do..)

6.25.31. Executing OPT_MUXTREE pass (detect dead branches in mux trees).
Running muxtree optimizer on module \hdmi_top..
  Creating internal representation of mux trees.
  Evaluating internal representation of mux trees.
  Analyzing evaluation results.
Removed 0 multiplexer ports.
<suppressed ~110 debug messages>

6.25.32. Executing OPT_REDUCE pass (consolidate $*mux and $reduce_* inputs).
  Optimizing cells in module \hdmi_top.
Performed a total of 0 changes.

6.25.33. Executing OPT_MERGE pass (detect identical cells).
Finding identical cells in module `\hdmi_top'.
Computing hashes of 315 cells of `\hdmi_top'.
Finding duplicate cells in `\hdmi_top'.
Removed a total of 0 cells.

6.25.34. Executing OPT_DFF pass (perform DFF optimizations).
Setting constant 0-bit at position 5 on $auto$ff.cc:337:slice$992 ($sdff) from module hdmi_top.

6.25.35. Executing OPT_CLEAN pass (remove unused cells and wires).
Finding unused cells or wires in module \hdmi_top..

6.25.36. Executing OPT_EXPR pass (perform const folding).
Optimizing module hdmi_top.

6.25.37. Rerunning OPT passes. (Maybe there is more to do..)

6.25.38. Executing OPT_MUXTREE pass (detect dead branches in mux trees).
Running muxtree optimizer on module \hdmi_top..
  Creating internal representation of mux trees.
  Evaluating internal representation of mux trees.
  Analyzing evaluation results.
Removed 0 multiplexer ports.
<suppressed ~110 debug messages>

6.25.39. Executing OPT_REDUCE pass (consolidate $*mux and $reduce_* inputs).
  Optimizing cells in module \hdmi_top.
Performed a total of 0 changes.

6.25.40. Executing OPT_MERGE pass (detect identical cells).
Finding identical cells in module `\hdmi_top'.
Computing hashes of 315 cells of `\hdmi_top'.
Finding duplicate cells in `\hdmi_top'.
Removed a total of 0 cells.

6.25.41. Executing OPT_DFF pass (perform DFF optimizations).

6.25.42. Executing OPT_CLEAN pass (remove unused cells and wires).
Finding unused cells or wires in module \hdmi_top..

6.25.43. Executing OPT_EXPR pass (perform const folding).
Optimizing module hdmi_top.

6.25.44. Finished fast OPT passes. (There is nothing left to do.)

6.26. Executing MEMORY pass.

6.26.1. Executing OPT_MEM pass (optimize memories).
Performed a total of 0 transformations.

6.26.2. Executing OPT_MEM_PRIORITY pass (removing unnecessary memory write priority relations).
Performed a total of 0 transformations.

6.26.3. Executing OPT_MEM_FEEDBACK pass (finding memory read-to-write feedback paths).

6.26.4. Executing MEMORY_BMUX2ROM pass (converting muxes to ROMs).

6.26.5. Executing MEMORY_DFF pass (merging $dff cells to $memrd).

6.26.6. Executing OPT_CLEAN pass (remove unused cells and wires).
Finding unused cells or wires in module \hdmi_top..

6.26.7. Executing MEMORY_SHARE pass (consolidating $memrd/$memwr cells).

6.26.8. Executing OPT_MEM_WIDEN pass (optimize memories where all ports are wide).
Performed a total of 0 transformations.

6.26.9. Executing OPT_CLEAN pass (remove unused cells and wires).
Finding unused cells or wires in module \hdmi_top..

6.26.10. Executing MEMORY_COLLECT pass (generating $mem cells).

6.27. Executing OPT_CLEAN pass (remove unused cells and wires).
Finding unused cells or wires in module \hdmi_top..

6.28. Executing MEMORY_LIBMAP pass (mapping memories to cells).

6.29. Executing TECHMAP pass (map to technology primitives).

6.29.1. Executing Verilog-2005 frontend: /home/matthias/prog/janestreet/fabulous-notes/oss-cad-suite/lib/../share/yosys/lattice/lutrams_map_trellis.v
Parsing Verilog input from `/home/matthias/prog/janestreet/fabulous-notes/oss-cad-suite/lib/../share/yosys/lattice/lutrams_map_trellis.v' to AST representation.
Generating RTLIL representation for module `$__TRELLIS_DPR16X4_'.
Successfully finished Verilog frontend.

6.29.2. Executing Verilog-2005 frontend: /home/matthias/prog/janestreet/fabulous-notes/oss-cad-suite/lib/../share/yosys/lattice/brams_map_16kd.v
Parsing Verilog input from `/home/matthias/prog/janestreet/fabulous-notes/oss-cad-suite/lib/../share/yosys/lattice/brams_map_16kd.v' to AST representation.
Generating RTLIL representation for module `$__DP16KD_'.
Generating RTLIL representation for module `$__PDPW16KD_'.
Successfully finished Verilog frontend.

6.29.3. Continuing TECHMAP pass.
No more expansions possible.
<suppressed ~5 debug messages>

6.30. Executing OPT pass (performing simple optimizations).

6.30.1. Executing OPT_EXPR pass (perform const folding).
Optimizing module hdmi_top.
<suppressed ~115 debug messages>

6.30.2. Executing OPT_MERGE pass (detect identical cells).
Finding identical cells in module `\hdmi_top'.
Computing hashes of 390 cells of `\hdmi_top'.
Finding duplicate cells in `\hdmi_top'.
Computing hashes of 337 cells of `\hdmi_top'.
Finding duplicate cells in `\hdmi_top'.
<suppressed ~159 debug messages>
Removed a total of 53 cells.

6.30.3. Executing OPT_DFF pass (perform DFF optimizations).
Adding EN signal on $auto$ff.cc:337:slice$807 ($sdff) from module hdmi_top (D = \hdmi.pixel._652 [0], Q = \hdmi.pixel._656 [0]).
Adding EN signal on $auto$ff.cc:337:slice$815 ($sdff) from module hdmi_top (D = \hdmi.pixel._462 [0], Q = \hdmi.pixel._466 [0]).
Adding EN signal on $auto$ff.cc:337:slice$793 ($sdff) from module hdmi_top (D = \hdmi.pixel._282 [0], Q = \hdmi.pixel._286 [0]).

6.30.4. Executing OPT_CLEAN pass (remove unused cells and wires).
Finding unused cells or wires in module \hdmi_top..
Removed 22 unused cells and 78 unused wires.
<suppressed ~23 debug messages>

6.30.5. Rerunning OPT passes. (Removed registers in this run.)

6.30.6. Executing OPT_EXPR pass (perform const folding).
Optimizing module hdmi_top.
<suppressed ~6 debug messages>

6.30.7. Executing OPT_MERGE pass (detect identical cells).
Finding identical cells in module `\hdmi_top'.
Computing hashes of 321 cells of `\hdmi_top'.
Finding duplicate cells in `\hdmi_top'.
Removed a total of 0 cells.

6.30.8. Executing OPT_DFF pass (perform DFF optimizations).

6.30.9. Executing OPT_CLEAN pass (remove unused cells and wires).
Finding unused cells or wires in module \hdmi_top..
Removed 3 unused cells and 3 unused wires.
<suppressed ~4 debug messages>

6.30.10. Finished fast OPT passes.

6.31. Executing MEMORY_MAP pass (converting memories to logic and flip-flops).

6.32. Executing OPT pass (performing simple optimizations).

6.32.1. Executing OPT_EXPR pass (perform const folding).
Optimizing module hdmi_top.

6.32.2. Executing OPT_MERGE pass (detect identical cells).
Finding identical cells in module `\hdmi_top'.
Computing hashes of 318 cells of `\hdmi_top'.
Finding duplicate cells in `\hdmi_top'.
Removed a total of 0 cells.

6.32.3. Executing OPT_MUXTREE pass (detect dead branches in mux trees).
Running muxtree optimizer on module \hdmi_top..
  Creating internal representation of mux trees.
  Evaluating internal representation of mux trees.
  Analyzing evaluation results.
Removed 0 multiplexer ports.
<suppressed ~110 debug messages>

6.32.4. Executing OPT_REDUCE pass (consolidate $*mux and $reduce_* inputs).
  Optimizing cells in module \hdmi_top.
    Consolidated identical input bits for $mux cell $flatten\hdmi.\pixel.$ternary$/home/matthias/prog/janestreet/emulator-wt-hdmi-ulx3s/prototypes/hdmi-ulx3s/rtl/gen/hdmi_pixel.v:1202$278:
      Old ports: A=8'11111111, B=8'00000000, Y=\hdmi.pixel._81
      New ports: A=1'1, B=1'0, Y=\hdmi.pixel._81 [0]
      New connections: \hdmi.pixel._81 [7:1] = { \hdmi.pixel._81 [0] \hdmi.pixel._81 [0] \hdmi.pixel._81 [0] \hdmi.pixel._81 [0] \hdmi.pixel._81 [0] \hdmi.pixel._81 [0] \hdmi.pixel._81 [0] }
    Consolidated identical input bits for $mux cell $flatten\hdmi.\pixel.$ternary$/home/matthias/prog/janestreet/emulator-wt-hdmi-ulx3s/prototypes/hdmi-ulx3s/rtl/gen/hdmi_pixel.v:1194$274:
      Old ports: A=8'00000000, B=8'11111111, Y=\hdmi.pixel._508
      New ports: A=1'0, B=1'1, Y=\hdmi.pixel._508 [0]
      New connections: \hdmi.pixel._508 [7:1] = { \hdmi.pixel._508 [0] \hdmi.pixel._508 [0] \hdmi.pixel._508 [0] \hdmi.pixel._508 [0] \hdmi.pixel._508 [0] \hdmi.pixel._508 [0] \hdmi.pixel._508 [0] }
    Consolidated identical input bits for $pmux cell $flatten\hdmi.\pixel.$procmux$665:
      Old ports: A=10'1010101011, B=30'110101010000101010110101010100, Y=\hdmi.pixel._701
      New ports: A=3'101, B=9'110001010, Y={ \hdmi.pixel._701 [9] \hdmi.pixel._701 [2] \hdmi.pixel._701 [0] }
      New connections: { \hdmi.pixel._701 [8:3] \hdmi.pixel._701 [1] } = { \hdmi.pixel._701 [2] \hdmi.pixel._701 [0] \hdmi.pixel._701 [2] \hdmi.pixel._701 [0] \hdmi.pixel._701 [2] \hdmi.pixel._701 [0] \hdmi.pixel._701 [0] }
    Consolidated identical input bits for $mux cell $flatten\hdmi.\pixel.$ternary$/home/matthias/prog/janestreet/emulator-wt-hdmi-ulx3s/prototypes/hdmi-ulx3s/rtl/gen/hdmi_pixel.v:1036$206:
      Old ports: A={ \hdmi.pixel._650 [4:1] 1'x }, B={ \hdmi.pixel._649 [4:1] 1'x }, Y=\hdmi.pixel._651
      New ports: A=\hdmi.pixel._650 [4:1], B=\hdmi.pixel._649 [4:1], Y=\hdmi.pixel._651 [4:1]
      New connections: \hdmi.pixel._651 [0] = 1'x
    Consolidated identical input bits for $mux cell $flatten\hdmi.\pixel.$ternary$/home/matthias/prog/janestreet/emulator-wt-hdmi-ulx3s/prototypes/hdmi-ulx3s/rtl/gen/hdmi_pixel.v:1032$202:
      Old ports: A={ 1'0 \hdmi.pixel._627 \hdmi.pixel._579 \hdmi.pixel._575 \hdmi.pixel._571 \hdmi.pixel._567 \hdmi.pixel._563 \hdmi.pixel._559 \hdmi.pixel._555 \hdmi.pixel._513 [0] }, B={ 1'1 \hdmi.pixel._627 \hdmi.pixel._703 }, Y=\hdmi.pixel._705
      New ports: A={ 1'0 \hdmi.pixel._579 \hdmi.pixel._575 \hdmi.pixel._571 \hdmi.pixel._567 \hdmi.pixel._563 \hdmi.pixel._559 \hdmi.pixel._555 \hdmi.pixel._513 [0] }, B={ 1'1 \hdmi.pixel._703 }, Y={ \hdmi.pixel._705 [9] \hdmi.pixel._705 [7:0] }
      New connections: \hdmi.pixel._705 [8] = \hdmi.pixel._627
    Consolidated identical input bits for $mux cell $flatten\hdmi.\pixel.$ternary$/home/matthias/prog/janestreet/emulator-wt-hdmi-ulx3s/prototypes/hdmi-ulx3s/rtl/gen/hdmi_pixel.v:954$165:
      Old ports: A=8'00000000, B=8'11111111, Y=\hdmi.pixel._318
      New ports: A=1'0, B=1'1, Y=\hdmi.pixel._318 [0]
      New connections: \hdmi.pixel._318 [7:1] = { \hdmi.pixel._318 [0] \hdmi.pixel._318 [0] \hdmi.pixel._318 [0] \hdmi.pixel._318 [0] \hdmi.pixel._318 [0] \hdmi.pixel._318 [0] \hdmi.pixel._318 [0] }
    Consolidated identical input bits for $mux cell $flatten\hdmi.\pixel.$ternary$/home/matthias/prog/janestreet/emulator-wt-hdmi-ulx3s/prototypes/hdmi-ulx3s/rtl/gen/hdmi_pixel.v:845$123:
      Old ports: A={ \hdmi.pixel._460 [4:1] 1'x }, B={ \hdmi.pixel._459 [4:1] 1'x }, Y=\hdmi.pixel._461
      New ports: A=\hdmi.pixel._460 [4:1], B=\hdmi.pixel._459 [4:1], Y=\hdmi.pixel._461 [4:1]
      New connections: \hdmi.pixel._461 [0] = 1'x
    Consolidated identical input bits for $mux cell $flatten\hdmi.\pixel.$ternary$/home/matthias/prog/janestreet/emulator-wt-hdmi-ulx3s/prototypes/hdmi-ulx3s/rtl/gen/hdmi_pixel.v:841$119:
      Old ports: A={ 1'0 \hdmi.pixel._437 \hdmi.pixel._389 \hdmi.pixel._385 \hdmi.pixel._381 \hdmi.pixel._377 \hdmi.pixel._373 \hdmi.pixel._369 \hdmi.pixel._365 \hdmi.pixel._323 [0] }, B={ 1'1 \hdmi.pixel._437 \hdmi.pixel._469 }, Y=\hdmi.pixel._471
      New ports: A={ 1'0 \hdmi.pixel._389 \hdmi.pixel._385 \hdmi.pixel._381 \hdmi.pixel._377 \hdmi.pixel._373 \hdmi.pixel._369 \hdmi.pixel._365 \hdmi.pixel._323 [0] }, B={ 1'1 \hdmi.pixel._469 }, Y={ \hdmi.pixel._471 [9] \hdmi.pixel._471 [7:0] }
      New connections: \hdmi.pixel._471 [8] = \hdmi.pixel._437
    Consolidated identical input bits for $mux cell $flatten\hdmi.\pixel.$ternary$/home/matthias/prog/janestreet/emulator-wt-hdmi-ulx3s/prototypes/hdmi-ulx3s/rtl/gen/hdmi_pixel.v:760$82:
      Old ports: A=8'00000000, B=8'11111111, Y=\hdmi.pixel._137
      New ports: A=1'0, B=1'1, Y=\hdmi.pixel._137 [0]
      New connections: \hdmi.pixel._137 [7:1] = { \hdmi.pixel._137 [0] \hdmi.pixel._137 [0] \hdmi.pixel._137 [0] \hdmi.pixel._137 [0] \hdmi.pixel._137 [0] \hdmi.pixel._137 [0] \hdmi.pixel._137 [0] }
    Consolidated identical input bits for $mux cell $flatten\hdmi.\pixel.$ternary$/home/matthias/prog/janestreet/emulator-wt-hdmi-ulx3s/prototypes/hdmi-ulx3s/rtl/gen/hdmi_pixel.v:638$34:
      Old ports: A={ \hdmi.pixel._280 [4:1] 1'x }, B={ \hdmi.pixel._279 [4:1] 1'x }, Y=\hdmi.pixel._281
      New ports: A=\hdmi.pixel._280 [4:1], B=\hdmi.pixel._279 [4:1], Y=\hdmi.pixel._281 [4:1]
      New connections: \hdmi.pixel._281 [0] = 1'x
    Consolidated identical input bits for $mux cell $flatten\hdmi.\pixel.$ternary$/home/matthias/prog/janestreet/emulator-wt-hdmi-ulx3s/prototypes/hdmi-ulx3s/rtl/gen/hdmi_pixel.v:632$30:
      Old ports: A={ 1'0 \hdmi.pixel._256 \hdmi.pixel._208 \hdmi.pixel._204 \hdmi.pixel._200 \hdmi.pixel._196 \hdmi.pixel._192 \hdmi.pixel._188 \hdmi.pixel._184 \hdmi.pixel._142 [0] }, B={ 1'1 \hdmi.pixel._256 \hdmi.pixel._289 }, Y=\hdmi.pixel._291
      New ports: A={ 1'0 \hdmi.pixel._208 \hdmi.pixel._204 \hdmi.pixel._200 \hdmi.pixel._196 \hdmi.pixel._192 \hdmi.pixel._188 \hdmi.pixel._184 \hdmi.pixel._142 [0] }, B={ 1'1 \hdmi.pixel._289 }, Y={ \hdmi.pixel._291 [9] \hdmi.pixel._291 [7:0] }
      New connections: \hdmi.pixel._291 [8] = \hdmi.pixel._256
  Optimizing cells in module \hdmi_top.
    Consolidated identical input bits for $mux cell $flatten\hdmi.\pixel.$ternary$/home/matthias/prog/janestreet/emulator-wt-hdmi-ulx3s/prototypes/hdmi-ulx3s/rtl/gen/hdmi_pixel.v:1011$195:
      Old ports: A=\hdmi.pixel._471, B={ \hdmi.pixel._360 \hdmi.pixel._437 \hdmi.pixel._474 }, Y=\hdmi.pixel._476
      New ports: A={ \hdmi.pixel._471 [9] \hdmi.pixel._471 [7:0] }, B={ \hdmi.pixel._360 \hdmi.pixel._474 }, Y={ \hdmi.pixel._476 [9] \hdmi.pixel._476 [7:0] }
      New connections: \hdmi.pixel._476 [8] = \hdmi.pixel._437
    Consolidated identical input bits for $mux cell $flatten\hdmi.\pixel.$ternary$/home/matthias/prog/janestreet/emulator-wt-hdmi-ulx3s/prototypes/hdmi-ulx3s/rtl/gen/hdmi_pixel.v:1274$317:
      Old ports: A=\hdmi.pixel._705, B={ \hdmi.pixel._550 \hdmi.pixel._627 \hdmi.pixel._708 }, Y=\hdmi.pixel._710
      New ports: A={ \hdmi.pixel._705 [9] \hdmi.pixel._705 [7:0] }, B={ \hdmi.pixel._550 \hdmi.pixel._708 }, Y={ \hdmi.pixel._710 [9] \hdmi.pixel._710 [7:0] }
      New connections: \hdmi.pixel._710 [8] = \hdmi.pixel._627
    Consolidated identical input bits for $mux cell $flatten\hdmi.\pixel.$ternary$/home/matthias/prog/janestreet/emulator-wt-hdmi-ulx3s/prototypes/hdmi-ulx3s/rtl/gen/hdmi_pixel.v:819$112:
      Old ports: A=\hdmi.pixel._291, B={ \hdmi.pixel._179 \hdmi.pixel._256 \hdmi.pixel._294 }, Y=\hdmi.pixel._296
      New ports: A={ \hdmi.pixel._291 [9] \hdmi.pixel._291 [7:0] }, B={ \hdmi.pixel._179 \hdmi.pixel._294 }, Y={ \hdmi.pixel._296 [9] \hdmi.pixel._296 [7:0] }
      New connections: \hdmi.pixel._296 [8] = \hdmi.pixel._256
  Optimizing cells in module \hdmi_top.
Performed a total of 14 changes.

6.32.5. Executing OPT_MERGE pass (detect identical cells).
Finding identical cells in module `\hdmi_top'.
Computing hashes of 318 cells of `\hdmi_top'.
Finding duplicate cells in `\hdmi_top'.
Removed a total of 0 cells.

6.32.6. Executing OPT_DFF pass (perform DFF optimizations).

6.32.7. Executing OPT_CLEAN pass (remove unused cells and wires).
Finding unused cells or wires in module \hdmi_top..

6.32.8. Executing OPT_EXPR pass (perform const folding).
Optimizing module hdmi_top.
<suppressed ~3 debug messages>

6.32.9. Rerunning OPT passes. (Maybe there is more to do..)

6.32.10. Executing OPT_MUXTREE pass (detect dead branches in mux trees).
Running muxtree optimizer on module \hdmi_top..
  Creating internal representation of mux trees.
  Evaluating internal representation of mux trees.
  Analyzing evaluation results.
Removed 0 multiplexer ports.
<suppressed ~107 debug messages>

6.32.11. Executing OPT_REDUCE pass (consolidate $*mux and $reduce_* inputs).
  Optimizing cells in module \hdmi_top.
Performed a total of 0 changes.

6.32.12. Executing OPT_MERGE pass (detect identical cells).
Finding identical cells in module `\hdmi_top'.
Computing hashes of 315 cells of `\hdmi_top'.
Finding duplicate cells in `\hdmi_top'.
Removed a total of 0 cells.

6.32.13. Executing OPT_DFF pass (perform DFF optimizations).

6.32.14. Executing OPT_CLEAN pass (remove unused cells and wires).
Finding unused cells or wires in module \hdmi_top..

6.32.15. Executing OPT_EXPR pass (perform const folding).
Optimizing module hdmi_top.

6.32.16. Finished fast OPT passes. (There is nothing left to do.)

6.33. Executing TECHMAP pass (map to technology primitives).

6.33.1. Executing Verilog-2005 frontend: /home/matthias/prog/janestreet/fabulous-notes/oss-cad-suite/lib/../share/yosys/techmap.v
Parsing Verilog input from `/home/matthias/prog/janestreet/fabulous-notes/oss-cad-suite/lib/../share/yosys/techmap.v' to AST representation.
Generating RTLIL representation for module `\_90_simplemap_bool_ops'.
Generating RTLIL representation for module `\_90_simplemap_reduce_ops'.
Generating RTLIL representation for module `\_90_simplemap_logic_ops'.
Generating RTLIL representation for module `\_90_simplemap_compare_ops'.
Generating RTLIL representation for module `\_90_simplemap_various'.
Generating RTLIL representation for module `\_90_simplemap_registers'.
Generating RTLIL representation for module `\_90_shift_ops_shr_shl_sshl_sshr'.
Generating RTLIL representation for module `\_90_shift_shiftx'.
Generating RTLIL representation for module `\_90_fa'.
Generating RTLIL representation for module `\_90_lcu_brent_kung'.
Generating RTLIL representation for module `\_90_alu'.
Generating RTLIL representation for module `\_90_macc'.
Generating RTLIL representation for module `\_90_alumacc'.
Generating RTLIL representation for module `$__div_mod_u'.
Generating RTLIL representation for module `$__div_mod_trunc'.
Generating RTLIL representation for module `\_90_div'.
Generating RTLIL representation for module `\_90_mod'.
Generating RTLIL representation for module `$__div_mod_floor'.
Generating RTLIL representation for module `\_90_divfloor'.
Generating RTLIL representation for module `\_90_modfloor'.
Generating RTLIL representation for module `\_90_pow'.
Generating RTLIL representation for module `\_90_demux'.
Generating RTLIL representation for module `\_90_lut'.
Generating RTLIL representation for module `$connect'.
Generating RTLIL representation for module `$input_port'.
Successfully finished Verilog frontend.

6.33.2. Executing Verilog-2005 frontend: /home/matthias/prog/janestreet/fabulous-notes/oss-cad-suite/lib/../share/yosys/lattice/arith_map_ccu2c.v
Parsing Verilog input from `/home/matthias/prog/janestreet/fabulous-notes/oss-cad-suite/lib/../share/yosys/lattice/arith_map_ccu2c.v' to AST representation.
Generating RTLIL representation for module `\_80_ccu2c_alu'.
Successfully finished Verilog frontend.

6.33.3. Continuing TECHMAP pass.
Using extmapper simplemap for cells of type $sdff.
Using extmapper simplemap for cells of type $sdffe.
Using template $paramod$ba698a254f9a5947e85cbe7beae6b161eefc5386\_90_alu for cells of type $alu.
Using template $paramod$740b056ede97228d3eae64ea2fdc81f0a33e0fe7\_90_alu for cells of type $alu.
Using template $paramod$79aa992f2eb7f354d4aaf651790713cf239111fa\_80_ccu2c_alu for cells of type $alu.
Using template $paramod$956e79e8f8c5e64be7438155ae50a966e615cb04\_80_ccu2c_alu for cells of type $alu.
Using template $paramod$32a7b7b86c07519b7537abc18e96f0331f97914d\_90_alu for cells of type $alu.
Using template $paramod$672a140277c71df8314410f22acc08d55222c3c7\_80_ccu2c_alu for cells of type $alu.
Using template $paramod$f956edc9fe4df758d9fdb10bfc518a364c99e75e\_90_alu for cells of type $alu.
Using template $paramod$754650b284649a026620fc6856e5b6886cbfe794\_80_ccu2c_alu for cells of type $alu.
Using extmapper simplemap for cells of type $not.
Using template $paramod$78e969f2586efcf3a5b0b0440bcca0db83d5cca2\_90_alu for cells of type $alu.
Using template $paramod$dad13a281fa6a9ffd6dd427a87dc9a952e80e9ea\_80_ccu2c_alu for cells of type $alu.
Using template $paramod$cd54e322aa4265ca236096fe4bb634aaec4e39b4\_80_ccu2c_alu for cells of type $alu.
Using template $paramod$befd47b1c77b68561d11d0cb61a0fae29b79f34c\_80_ccu2c_alu for cells of type $alu.
Using template $paramod$00298f3f8094950cb9a5ff2fda48d0d8bde8806c\_80_ccu2c_alu for cells of type $alu.
Using template $paramod$8b1a36ab2238111d2a0f4cb4ef2e14f2a55fc1f9\_80_ccu2c_alu for cells of type $alu.
Using template $paramod$68eb2ee261b49d479fb9d9ec0659e1d20891082b\_80_ccu2c_alu for cells of type $alu.
Using template $paramod$ed40eaed6d7865a5f6e873e7da3aa6067d71cfbb\_80_ccu2c_alu for cells of type $alu.
Using template $paramod$a40b3a69ab2154dca9743e30e1e84efb03b892b4\_80_ccu2c_alu for cells of type $alu.
Using extmapper maccmap for cells of type $macc_v2.
  add \hdmi.pixel._656 (5 bits, unsigned)
  add { \hdmi.pixel._639 [4:3] \hdmi.pixel._610 [1:0] 1'0 } (5 bits, unsigned)
  sub { \hdmi.pixel._550 1'0 } (2 bits, unsigned)
  add \hdmi.pixel._323 [0] (1 bits, unsigned)
  add \hdmi.pixel._323 [4] (1 bits, unsigned)
  add \hdmi.pixel._323 [2] (1 bits, unsigned)
  add \hdmi.pixel._323 [1] (1 bits, unsigned)
  add \hdmi.pixel._323 [3] (1 bits, unsigned)
  add \hdmi.pixel._323 [6] (1 bits, unsigned)
  add \hdmi.pixel._323 [5] (1 bits, unsigned)
  add \hdmi.pixel._323 [7] (1 bits, unsigned)
  packed 3 (3) bits / 3 words into adder tree
  add \hdmi.pixel._513 [0] (1 bits, unsigned)
  add \hdmi.pixel._567 (1 bits, unsigned)
  add \hdmi.pixel._559 (1 bits, unsigned)
  add \hdmi.pixel._555 (1 bits, unsigned)
  add \hdmi.pixel._563 (1 bits, unsigned)
  add \hdmi.pixel._575 (1 bits, unsigned)
  add \hdmi.pixel._571 (1 bits, unsigned)
  add \hdmi.pixel._579 (1 bits, unsigned)
  packed 3 (3) bits / 3 words into adder tree
  add \hdmi.pixel._323 [0] (1 bits, unsigned)
  add \hdmi.pixel._377 (1 bits, unsigned)
  add \hdmi.pixel._369 (1 bits, unsigned)
  add \hdmi.pixel._365 (1 bits, unsigned)
  add \hdmi.pixel._373 (1 bits, unsigned)
  add \hdmi.pixel._385 (1 bits, unsigned)
  add \hdmi.pixel._381 (1 bits, unsigned)
  add \hdmi.pixel._389 (1 bits, unsigned)
  packed 3 (3) bits / 3 words into adder tree
  add \hdmi.pixel._656 (5 bits, unsigned)
  sub { \hdmi.pixel._639 [4:3] \hdmi.pixel._610 [1:0] 1'0 } (5 bits, unsigned)
  add { \hdmi.pixel._627 1'0 } (2 bits, unsigned)
  add \hdmi.pixel._513 [0] (1 bits, unsigned)
  add \hdmi.pixel._513 [4] (1 bits, unsigned)
  add \hdmi.pixel._513 [2] (1 bits, unsigned)
  add \hdmi.pixel._513 [1] (1 bits, unsigned)
  add \hdmi.pixel._513 [3] (1 bits, unsigned)
  add \hdmi.pixel._513 [6] (1 bits, unsigned)
  add \hdmi.pixel._513 [5] (1 bits, unsigned)
  add \hdmi.pixel._513 [7] (1 bits, unsigned)
  packed 3 (3) bits / 3 words into adder tree
  add \hdmi.pixel._286 (5 bits, unsigned)
  sub { \hdmi.pixel._269 [4:3] \hdmi.pixel._239 [1:0] 1'0 } (5 bits, unsigned)
  add { \hdmi.pixel._256 1'0 } (2 bits, unsigned)
  add \hdmi.pixel._286 (5 bits, unsigned)
  add { \hdmi.pixel._269 [4:3] \hdmi.pixel._239 [1:0] 1'0 } (5 bits, unsigned)
  sub { \hdmi.pixel._179 1'0 } (2 bits, unsigned)
  add \hdmi.pixel._466 (5 bits, unsigned)
  sub { \hdmi.pixel._449 [4:3] \hdmi.pixel._420 [1:0] 1'0 } (5 bits, unsigned)
  add { \hdmi.pixel._437 1'0 } (2 bits, unsigned)
  add \hdmi.pixel._88 (1 bits, unsigned)
  add \hdmi.pixel._123 (1 bits, unsigned)
  add \hdmi.pixel._117 (1 bits, unsigned)
  add \hdmi.pixel._111 (1 bits, unsigned)
  add \hdmi.pixel._105 (1 bits, unsigned)
  add \hdmi.pixel._99 (1 bits, unsigned)
  add \hdmi.pixel._93 (1 bits, unsigned)
  packed 3 (3) bits / 3 words into adder tree
  add \hdmi.pixel._142 [0] (1 bits, unsigned)
  add \hdmi.pixel._196 (1 bits, unsigned)
  add \hdmi.pixel._188 (1 bits, unsigned)
  add \hdmi.pixel._184 (1 bits, unsigned)
  add \hdmi.pixel._192 (1 bits, unsigned)
  add \hdmi.pixel._204 (1 bits, unsigned)
  add \hdmi.pixel._200 (1 bits, unsigned)
  add \hdmi.pixel._208 (1 bits, unsigned)
  packed 3 (3) bits / 3 words into adder tree
  add \hdmi.pixel._142 [0] (1 bits, unsigned)
  add \hdmi.pixel._142 [4] (1 bits, unsigned)
  add \hdmi.pixel._142 [2] (1 bits, unsigned)
  add \hdmi.pixel._142 [1] (1 bits, unsigned)
  add \hdmi.pixel._142 [3] (1 bits, unsigned)
  add \hdmi.pixel._142 [6] (1 bits, unsigned)
  add \hdmi.pixel._142 [5] (1 bits, unsigned)
  add \hdmi.pixel._142 [7] (1 bits, unsigned)
  packed 3 (3) bits / 3 words into adder tree
  add \hdmi.pixel._466 (5 bits, unsigned)
  add { \hdmi.pixel._449 [4:3] \hdmi.pixel._420 [1:0] 1'0 } (5 bits, unsigned)
  sub { \hdmi.pixel._360 1'0 } (2 bits, unsigned)
Using extmapper simplemap for cells of type $reduce_or.
Using extmapper simplemap for cells of type $reduce_and.
Using extmapper simplemap for cells of type $dff.
Using extmapper simplemap for cells of type $eq.
Using extmapper simplemap for cells of type $xor.
Using extmapper simplemap for cells of type $logic_not.
Using extmapper simplemap for cells of type $or.
Using extmapper simplemap for cells of type $and.
Using extmapper simplemap for cells of type $mux.
Using extmapper simplemap for cells of type $lut.
Using extmapper simplemap for cells of type $pmux.
Using template $paramod\_90_fa\WIDTH=32'00000000000000000000000000000001 for cells of type $fa.
Using template $paramod\_90_fa\WIDTH=32'00000000000000000000000000000010 for cells of type $fa.
Using template $paramod\_90_fa\WIDTH=32'00000000000000000000000000000011 for cells of type $fa.
Using template $paramod\_90_fa\WIDTH=32'00000000000000000000000000000101 for cells of type $fa.
Using template $paramod$b18e16801adf491a64caa0542270798e5d4ac6b6\_80_ccu2c_alu for cells of type $alu.
Using template $paramod\_90_fa\WIDTH=32'00000000000000000000000000000100 for cells of type $fa.
Using template $paramod\_90_lcu_brent_kung\WIDTH=32'00000000000000000000000000000100 for cells of type $lcu.
Using template $paramod\_90_lcu_brent_kung\WIDTH=32'00000000000000000000000000000010 for cells of type $lcu.
Using extmapper simplemap for cells of type $pos.
Using extmapper simplemap for cells of type $logic_or.
Using extmapper simplemap for cells of type $logic_and.
Using template $paramod\_90_lcu_brent_kung\WIDTH=32'00000000000000000000000000000011 for cells of type $lcu.
No more expansions possible.
<suppressed ~2227 debug messages>

6.34. Executing OPT pass (performing simple optimizations).

6.34.1. Executing OPT_EXPR pass (perform const folding).
Optimizing module hdmi_top.
<suppressed ~1744 debug messages>

6.34.2. Executing OPT_MERGE pass (detect identical cells).
Finding identical cells in module `\hdmi_top'.
Computing hashes of 1813 cells of `\hdmi_top'.
Finding duplicate cells in `\hdmi_top'.
Computing hashes of 1646 cells of `\hdmi_top'.
Finding duplicate cells in `\hdmi_top'.
Computing hashes of 1615 cells of `\hdmi_top'.
Finding duplicate cells in `\hdmi_top'.
Computing hashes of 1611 cells of `\hdmi_top'.
Finding duplicate cells in `\hdmi_top'.
<suppressed ~606 debug messages>
Removed a total of 202 cells.

6.34.3. Executing OPT_DFF pass (perform DFF optimizations).

6.34.4. Executing OPT_CLEAN pass (remove unused cells and wires).
Finding unused cells or wires in module \hdmi_top..
Removed 278 unused cells and 2209 unused wires.
<suppressed ~280 debug messages>

6.34.5. Finished fast OPT passes.

6.35. Executing OPT_CLEAN pass (remove unused cells and wires).
Finding unused cells or wires in module \hdmi_top..

6.36. Executing DFFLEGALIZE pass (convert FFs and LATCHes to types supported by the target).

6.37. Executing OPT_MERGE pass (detect identical cells).
Finding identical cells in module `\hdmi_top'.
Computing hashes of 1439 cells of `\hdmi_top'.
Finding duplicate cells in `\hdmi_top'.
Computing hashes of 1337 cells of `\hdmi_top'.
Finding duplicate cells in `\hdmi_top'.
<suppressed ~306 debug messages>
Removed a total of 102 cells.

6.38. Executing TECHMAP pass (map to technology primitives).

6.38.1. Executing Verilog-2005 frontend: /home/matthias/prog/janestreet/fabulous-notes/oss-cad-suite/lib/../share/yosys/lattice/cells_map_trellis.v
Parsing Verilog input from `/home/matthias/prog/janestreet/fabulous-notes/oss-cad-suite/lib/../share/yosys/lattice/cells_map_trellis.v' to AST representation.
Generating RTLIL representation for module `$_DFF_N_'.
Generating RTLIL representation for module `$_DFF_P_'.
Generating RTLIL representation for module `$_DFFE_NN_'.
Generating RTLIL representation for module `$_DFFE_PN_'.
Generating RTLIL representation for module `$_DFFE_NP_'.
Generating RTLIL representation for module `$_DFFE_PP_'.
Generating RTLIL representation for module `$_DFF_NP0_'.
Generating RTLIL representation for module `$_DFF_NP1_'.
Generating RTLIL representation for module `$_DFF_PP0_'.
Generating RTLIL representation for module `$_DFF_PP1_'.
Generating RTLIL representation for module `$_SDFF_NP0_'.
Generating RTLIL representation for module `$_SDFF_NP1_'.
Generating RTLIL representation for module `$_SDFF_PP0_'.
Generating RTLIL representation for module `$_SDFF_PP1_'.
Generating RTLIL representation for module `$_DFFE_NP0P_'.
Generating RTLIL representation for module `$_DFFE_NP1P_'.
Generating RTLIL representation for module `$_DFFE_PP0P_'.
Generating RTLIL representation for module `$_DFFE_PP1P_'.
Generating RTLIL representation for module `$_DFFE_NP0N_'.
Generating RTLIL representation for module `$_DFFE_NP1N_'.
Generating RTLIL representation for module `$_DFFE_PP0N_'.
Generating RTLIL representation for module `$_DFFE_PP1N_'.
Generating RTLIL representation for module `$_SDFFE_NP0P_'.
Generating RTLIL representation for module `$_SDFFE_NP1P_'.
Generating RTLIL representation for module `$_SDFFE_PP0P_'.
Generating RTLIL representation for module `$_SDFFE_PP1P_'.
Generating RTLIL representation for module `$_SDFFE_NP0N_'.
Generating RTLIL representation for module `$_SDFFE_NP1N_'.
Generating RTLIL representation for module `$_SDFFE_PP0N_'.
Generating RTLIL representation for module `$_SDFFE_PP1N_'.
Generating RTLIL representation for module `$_ALDFF_NP_'.
Generating RTLIL representation for module `$_ALDFF_PP_'.
Generating RTLIL representation for module `$_ALDFFE_NPN_'.
Generating RTLIL representation for module `$_ALDFFE_NPP_'.
Generating RTLIL representation for module `$_ALDFFE_PPN_'.
Generating RTLIL representation for module `$_ALDFFE_PPP_'.
Generating RTLIL representation for module `\FD1P3AX'.
Generating RTLIL representation for module `\FD1P3AY'.
Generating RTLIL representation for module `\FD1P3BX'.
Generating RTLIL representation for module `\FD1P3DX'.
Generating RTLIL representation for module `\FD1P3IX'.
Generating RTLIL representation for module `\FD1P3JX'.
Generating RTLIL representation for module `\FD1S3AX'.
Generating RTLIL representation for module `\FD1S3AY'.
Generating RTLIL representation for module `\FD1S3BX'.
Generating RTLIL representation for module `\FD1S3DX'.
Generating RTLIL representation for module `\FD1S3IX'.
Generating RTLIL representation for module `\FD1S3JX'.
Generating RTLIL representation for module `\IFS1P3BX'.
Generating RTLIL representation for module `\IFS1P3DX'.
Generating RTLIL representation for module `\IFS1P3IX'.
Generating RTLIL representation for module `\IFS1P3JX'.
Generating RTLIL representation for module `\OFS1P3BX'.
Generating RTLIL representation for module `\OFS1P3DX'.
Generating RTLIL representation for module `\OFS1P3IX'.
Generating RTLIL representation for module `\OFS1P3JX'.
Generating RTLIL representation for module `\IB'.
Generating RTLIL representation for module `\IBPU'.
Generating RTLIL representation for module `\IBPD'.
Generating RTLIL representation for module `\OB'.
Generating RTLIL representation for module `\OBZ'.
Generating RTLIL representation for module `\OBZPU'.
Generating RTLIL representation for module `\OBZPD'.
Generating RTLIL representation for module `\OBCO'.
Generating RTLIL representation for module `\BB'.
Generating RTLIL representation for module `\BBPU'.
Generating RTLIL representation for module `\BBPD'.
Generating RTLIL representation for module `\ILVDS'.
Generating RTLIL representation for module `\OLVDS'.
Successfully finished Verilog frontend.

6.38.2. Continuing TECHMAP pass.
Using template $_SDFF_PP0_ for cells of type $_SDFF_PP0_.
Using template $_SDFF_PP1_ for cells of type $_SDFF_PP1_.
Using template $paramod$_DFF_P_\_TECHMAP_WIREINIT_Q_=1'0 for cells of type $_DFF_P_.
Using template $paramod$_DFF_P_\_TECHMAP_WIREINIT_Q_=1'x for cells of type $_DFF_P_.
Using template $_SDFFE_PP0N_ for cells of type $_SDFFE_PP0N_.
Using template $_SDFFE_PP0P_ for cells of type $_SDFFE_PP0P_.
No more expansions possible.
<suppressed ~300 debug messages>

6.39. Executing OPT_EXPR pass (perform const folding).
Optimizing module hdmi_top.
<suppressed ~13 debug messages>

6.40. Executing SIMPLEMAP pass (map simple cells to gate primitives).

6.41. Executing LATTICE_GSR pass (implement FF init values).
Handling GSR in hdmi_top.

6.42. Executing ATTRMVCP pass (move or copy attributes).

6.43. Executing OPT_CLEAN pass (remove unused cells and wires).
Finding unused cells or wires in module \hdmi_top..
Removed 0 unused cells and 1143 unused wires.
<suppressed ~1 debug messages>

6.44. Executing CHECK pass (checking for obvious problems).
Checking module hdmi_top...
Found and reported 0 problems.

6.45. Executing TECHMAP pass (map to technology primitives).

6.45.1. Executing Verilog-2005 frontend: /home/matthias/prog/janestreet/fabulous-notes/oss-cad-suite/lib/../share/yosys/lattice/latches_map.v
Parsing Verilog input from `/home/matthias/prog/janestreet/fabulous-notes/oss-cad-suite/lib/../share/yosys/lattice/latches_map.v' to AST representation.
Generating RTLIL representation for module `$_DLATCH_N_'.
Generating RTLIL representation for module `$_DLATCH_P_'.
Successfully finished Verilog frontend.

6.45.2. Continuing TECHMAP pass.
No more expansions possible.
<suppressed ~4 debug messages>

6.46. Executing ABC9 pass.

6.46.1. Executing ABC9_OPS pass (helper functions for ABC9).

6.46.2. Executing ABC9_OPS pass (helper functions for ABC9).

6.46.3. Executing SCC pass (detecting logic loops).
Found an SCC: $auto$opt_expr.cc:607:replace_const_cells$5752 $auto$ff.cc:337:slice$2062 $auto$simplemap.cc:157:simplemap_reduce$2233 $auto$ff.cc:337:slice$2061 $auto$ff.cc:337:slice$2060 $auto$simplemap.cc:227:simplemap_lognot$2237 $auto$simplemap.cc:157:simplemap_reduce$2235 $auto$simplemap.cc:157:simplemap_reduce$2232 $auto$opt_expr.cc:607:replace_const_cells$5524 $auto$ff.cc:337:slice$2059 $auto$simplemap.cc:157:simplemap_reduce$2058
Found an SCC: $auto$opt_expr.cc:607:replace_const_cells$5662 $auto$ff.cc:337:slice$1973 $auto$simplemap.cc:157:simplemap_reduce$3182 $auto$opt_expr.cc:607:replace_const_cells$5664 $auto$ff.cc:337:slice$1972 $auto$ff.cc:337:slice$1971 $auto$simplemap.cc:157:simplemap_reduce$3181 $auto$ff.cc:337:slice$1970 $auto$ff.cc:337:slice$1969 $auto$simplemap.cc:157:simplemap_reduce$3185 $auto$simplemap.cc:157:simplemap_reduce$3180 $auto$opt_expr.cc:607:replace_const_cells$5652 $auto$ff.cc:337:slice$1968 $auto$simplemap.cc:46:simplemap_not$3913 $auto$ff.cc:337:slice$1967 $auto$simplemap.cc:157:simplemap_reduce$2995 $auto$opt_expr.cc:607:replace_const_cells$5656 $auto$ff.cc:337:slice$1966 $auto$opt_expr.cc:607:replace_const_cells$5658 $auto$ff.cc:337:slice$1965 $auto$simplemap.cc:157:simplemap_reduce$3184 $auto$simplemap.cc:157:simplemap_reduce$2994 $auto$opt_expr.cc:607:replace_const_cells$5660 $auto$ff.cc:337:slice$1964 $auto$simplemap.cc:157:simplemap_reduce$1963 $auto$simplemap.cc:227:simplemap_lognot$3191 $auto$simplemap.cc:157:simplemap_reduce$3189 $auto$simplemap.cc:157:simplemap_reduce$3187
Found 2 SCCs in module hdmi_top.
Found 2 SCCs.

6.46.4. Executing ABC9_OPS pass (helper functions for ABC9).

6.46.5. Executing TECHMAP pass (map to technology primitives).

6.46.5.1. Executing Verilog-2005 frontend: /home/matthias/prog/janestreet/fabulous-notes/oss-cad-suite/lib/../share/yosys/techmap.v
Parsing Verilog input from `/home/matthias/prog/janestreet/fabulous-notes/oss-cad-suite/lib/../share/yosys/techmap.v' to AST representation.
Generating RTLIL representation for module `\_90_simplemap_bool_ops'.
Generating RTLIL representation for module `\_90_simplemap_reduce_ops'.
Generating RTLIL representation for module `\_90_simplemap_logic_ops'.
Generating RTLIL representation for module `\_90_simplemap_compare_ops'.
Generating RTLIL representation for module `\_90_simplemap_various'.
Generating RTLIL representation for module `\_90_simplemap_registers'.
Generating RTLIL representation for module `\_90_shift_ops_shr_shl_sshl_sshr'.
Generating RTLIL representation for module `\_90_shift_shiftx'.
Generating RTLIL representation for module `\_90_fa'.
Generating RTLIL representation for module `\_90_lcu_brent_kung'.
Generating RTLIL representation for module `\_90_alu'.
Generating RTLIL representation for module `\_90_macc'.
Generating RTLIL representation for module `\_90_alumacc'.
Generating RTLIL representation for module `$__div_mod_u'.
Generating RTLIL representation for module `$__div_mod_trunc'.
Generating RTLIL representation for module `\_90_div'.
Generating RTLIL representation for module `\_90_mod'.
Generating RTLIL representation for module `$__div_mod_floor'.
Generating RTLIL representation for module `\_90_divfloor'.
Generating RTLIL representation for module `\_90_modfloor'.
Generating RTLIL representation for module `\_90_pow'.
Generating RTLIL representation for module `\_90_demux'.
Generating RTLIL representation for module `\_90_lut'.
Generating RTLIL representation for module `$connect'.
Generating RTLIL representation for module `$input_port'.
Successfully finished Verilog frontend.

6.46.5.2. Continuing TECHMAP pass.
No more expansions possible.
<suppressed ~166 debug messages>

6.46.6. Executing OPT pass (performing simple optimizations).

6.46.6.1. Executing OPT_EXPR pass (perform const folding).

6.46.6.2. Executing OPT_MERGE pass (detect identical cells).
Removed a total of 0 cells.

6.46.6.3. Executing OPT_MUXTREE pass (detect dead branches in mux trees).
Removed 0 multiplexer ports.

6.46.6.4. Executing OPT_REDUCE pass (consolidate $*mux and $reduce_* inputs).
Performed a total of 0 changes.

6.46.6.5. Executing OPT_MERGE pass (detect identical cells).
Removed a total of 0 cells.

6.46.6.6. Executing OPT_DFF pass (perform DFF optimizations).

6.46.6.7. Executing OPT_CLEAN pass (remove unused cells and wires).

6.46.6.8. Executing OPT_EXPR pass (perform const folding).

6.46.6.9. Finished fast OPT passes. (There is nothing left to do.)

6.46.7. Executing TECHMAP pass (map to technology primitives).

6.46.7.1. Executing Verilog-2005 frontend: /home/matthias/prog/janestreet/fabulous-notes/oss-cad-suite/lib/../share/yosys/abc9_map.v
Parsing Verilog input from `/home/matthias/prog/janestreet/fabulous-notes/oss-cad-suite/lib/../share/yosys/abc9_map.v' to AST representation.
Successfully finished Verilog frontend.

6.46.7.2. Continuing TECHMAP pass.
No more expansions possible.
<suppressed ~2 debug messages>

6.46.8. Executing Verilog-2005 frontend: /home/matthias/prog/janestreet/fabulous-notes/oss-cad-suite/lib/../share/yosys/abc9_model.v
Parsing Verilog input from `/home/matthias/prog/janestreet/fabulous-notes/oss-cad-suite/lib/../share/yosys/abc9_model.v' to AST representation.
Generating RTLIL representation for module `$__ABC9_DELAY'.
Generating RTLIL representation for module `$__ABC9_SCC_BREAKER'.
Generating RTLIL representation for module `$__DFF_N__$abc9_flop'.
Generating RTLIL representation for module `$__DFF_P__$abc9_flop'.
Successfully finished Verilog frontend.

6.46.9. Executing ABC9_OPS pass (helper functions for ABC9).
<suppressed ~2 debug messages>

6.46.10. Executing ABC9_OPS pass (helper functions for ABC9).

6.46.11. Executing ABC9_OPS pass (helper functions for ABC9).
<suppressed ~2 debug messages>

6.46.12. Executing TECHMAP pass (map to technology primitives).

6.46.12.1. Executing Verilog-2005 frontend: /home/matthias/prog/janestreet/fabulous-notes/oss-cad-suite/lib/../share/yosys/techmap.v
Parsing Verilog input from `/home/matthias/prog/janestreet/fabulous-notes/oss-cad-suite/lib/../share/yosys/techmap.v' to AST representation.
Generating RTLIL representation for module `\_90_simplemap_bool_ops'.
Generating RTLIL representation for module `\_90_simplemap_reduce_ops'.
Generating RTLIL representation for module `\_90_simplemap_logic_ops'.
Generating RTLIL representation for module `\_90_simplemap_compare_ops'.
Generating RTLIL representation for module `\_90_simplemap_various'.
Generating RTLIL representation for module `\_90_simplemap_registers'.
Generating RTLIL representation for module `\_90_shift_ops_shr_shl_sshl_sshr'.
Generating RTLIL representation for module `\_90_shift_shiftx'.
Generating RTLIL representation for module `\_90_fa'.
Generating RTLIL representation for module `\_90_lcu_brent_kung'.
Generating RTLIL representation for module `\_90_alu'.
Generating RTLIL representation for module `\_90_macc'.
Generating RTLIL representation for module `\_90_alumacc'.
Generating RTLIL representation for module `$__div_mod_u'.
Generating RTLIL representation for module `$__div_mod_trunc'.
Generating RTLIL representation for module `\_90_div'.
Generating RTLIL representation for module `\_90_mod'.
Generating RTLIL representation for module `$__div_mod_floor'.
Generating RTLIL representation for module `\_90_divfloor'.
Generating RTLIL representation for module `\_90_modfloor'.
Generating RTLIL representation for module `\_90_pow'.
Generating RTLIL representation for module `\_90_demux'.
Generating RTLIL representation for module `\_90_lut'.
Generating RTLIL representation for module `$connect'.
Generating RTLIL representation for module `$input_port'.
Successfully finished Verilog frontend.

6.46.12.2. Continuing TECHMAP pass.
Using template $paramod$838872d5a4bab89607f53482b205c0fd50d8b82e\CCU2C for cells of type $paramod$838872d5a4bab89607f53482b205c0fd50d8b82e\CCU2C.
Using extmapper simplemap for cells of type $or.
Using extmapper simplemap for cells of type $and.
Using extmapper simplemap for cells of type $not.
Using extmapper simplemap for cells of type $xor.
Using template $paramod\LUT2\INIT=4'1010 for cells of type LUT2.
Using template $paramod\LUT4\INIT=16'1001011010101010 for cells of type LUT4.
Using extmapper simplemap for cells of type $mux.
No more expansions possible.
<suppressed ~203 debug messages>

6.46.13. Executing OPT pass (performing simple optimizations).

6.46.13.1. Executing OPT_EXPR pass (perform const folding).
Optimizing module hdmi_top.
<suppressed ~18 debug messages>

6.46.13.2. Executing OPT_MERGE pass (detect identical cells).
Finding identical cells in module `\hdmi_top'.
Computing hashes of 59 cells of `\hdmi_top'.
Finding duplicate cells in `\hdmi_top'.
Computing hashes of 57 cells of `\hdmi_top'.
Finding duplicate cells in `\hdmi_top'.
<suppressed ~6 debug messages>
Removed a total of 2 cells.

6.46.13.3. Executing OPT_MUXTREE pass (detect dead branches in mux trees).
Running muxtree optimizer on module \hdmi_top..
  Creating internal representation of mux trees.
  No muxes found in this module.
Removed 0 multiplexer ports.

6.46.13.4. Executing OPT_REDUCE pass (consolidate $*mux and $reduce_* inputs).
  Optimizing cells in module \hdmi_top.
Performed a total of 0 changes.

6.46.13.5. Executing OPT_MERGE pass (detect identical cells).
Finding identical cells in module `\hdmi_top'.
Computing hashes of 57 cells of `\hdmi_top'.
Finding duplicate cells in `\hdmi_top'.
Removed a total of 0 cells.

6.46.13.6. Executing OPT_DFF pass (perform DFF optimizations).

6.46.13.7. Executing OPT_CLEAN pass (remove unused cells and wires).
Finding unused cells or wires in module \hdmi_top..
Removed 0 unused cells and 55 unused wires.
<suppressed ~1 debug messages>

6.46.13.8. Executing OPT_EXPR pass (perform const folding).
Optimizing module hdmi_top.

6.46.13.9. Rerunning OPT passes. (Maybe there is more to do..)

6.46.13.10. Executing OPT_MUXTREE pass (detect dead branches in mux trees).
Running muxtree optimizer on module \hdmi_top..
  Creating internal representation of mux trees.
  No muxes found in this module.
Removed 0 multiplexer ports.

6.46.13.11. Executing OPT_REDUCE pass (consolidate $*mux and $reduce_* inputs).
  Optimizing cells in module \hdmi_top.
Performed a total of 0 changes.

6.46.13.12. Executing OPT_MERGE pass (detect identical cells).
Finding identical cells in module `\hdmi_top'.
Computing hashes of 57 cells of `\hdmi_top'.
Finding duplicate cells in `\hdmi_top'.
Removed a total of 0 cells.

6.46.13.13. Executing OPT_DFF pass (perform DFF optimizations).

6.46.13.14. Executing OPT_CLEAN pass (remove unused cells and wires).
Finding unused cells or wires in module \hdmi_top..

6.46.13.15. Executing OPT_EXPR pass (perform const folding).
Optimizing module hdmi_top.

6.46.13.16. Finished fast OPT passes. (There is nothing left to do.)

6.46.14. Executing AIGMAP pass (map logic to AIG).
Module hdmi_top: replaced 703 cells with 4207 new cells, skipped 632 cells.
  replaced 3 cell types:
     299 $_MUX_
     238 $_OR_
     166 $_XOR_
  not replaced 8 cell types:
     146 $_AND_
     174 $_NOT_
       1 $__ABC9_SCC_BREAKER
       4 $scopeinfo
     211 TRELLIS_FF
       1 EHXPLLL
       1 MULT18X18D
      94 $paramod$838872d5a4bab89607f53482b205c0fd50d8b82e\CCU2C

6.46.14.1. Executing ABC9_OPS pass (helper functions for ABC9).

6.46.14.2. Executing ABC9_OPS pass (helper functions for ABC9).
Warning: Feature 'write_xaiger2' is experimental.

6.46.14.3. Executing XAIGER2 backend.
<suppressed ~692 debug messages>
Extracted 2225 AND gates and 0 wires from module `hdmi_top' to a netlist network with 535 inputs and 1557 outputs.

6.46.14.4. Executing ABC9_EXE pass (technology mapping using ABC9).

6.46.14.5. Executing ABC9.
Running ABC command: "<yosys-exe-dir>/yosys-abc" -s -f <abc-temp-dir>/abc.script 2>&1
ABC: ======== ABC command line "source <abc-temp-dir>/abc.script"
ABC: + read_lut <abc-temp-dir>/input.lut 
ABC: + read_box <abc-temp-dir>/input.box 
ABC: + &read <abc-temp-dir>/input.xaig 
ABC: + &ps 
ABC: <abc-temp-dir>/input : i/o =    253/    711  and =    1511  lev =   67 (4.02)  mem = 0.05 MB  box = 94  bb = 0
ABC: + &scorr 
ABC: Warning: The network is combinational.
ABC: + &sweep 
ABC: + &dc2 
ABC: + &dch -f -r 
ABC: + &ps 
ABC: <abc-temp-dir>/input : i/o =    253/    711  and =    1657  lev =   63 (3.39)  mem = 0.05 MB  ch =  189  box = 94  bb = 0
ABC: cst =       0  cls =    173  lit =     189  unused =    1830  proof =     0
ABC: + &if -W 300 -v 
ABC: K = 7. Memory (bytes): Truth =    0. Cut =   76. Obj =  156. Set =  780. CutMin = no
ABC: Node =    1657.  Ch =   173.  Total mem =    0.62 MB. Peak cut mem =    0.10 MB.
ABC: P:  Del = 4804.00.  Ar =    1623.0.  Edge =     1976.  Cut =    23225.  T =     0.00 sec
ABC: P:  Del = 4786.00.  Ar =    1739.0.  Edge =     2045.  Cut =    22677.  T =     0.00 sec
ABC: P:  Del = 4786.00.  Ar =    1134.0.  Edge =     1782.  Cut =    44636.  T =     0.00 sec
ABC: F:  Del = 4786.00.  Ar =     909.0.  Edge =     1604.  Cut =    25951.  T =     0.00 sec
ABC: A:  Del = 4786.00.  Ar =     854.0.  Edge =     1526.  Cut =    25645.  T =     0.00 sec
ABC: A:  Del = 4786.00.  Ar =     840.0.  Edge =     1518.  Cut =    25062.  T =     0.00 sec
ABC: Total time =     0.02 sec
ABC: + &write -n <abc-temp-dir>/output.aig 
ABC: + &mfs 
ABC: + &ps -l 
ABC: <abc-temp-dir>/input : i/o =    253/    711  and =    3008  lev =   45 (2.33)  mem = 0.07 MB  box = 94  bb = 0
ABC: Mapping (K=7)  :  lut =    333  edge =    1324  lev =    9 (0.60)  levB =   14  mem = 0.03 MB
ABC: LUT = 333 : 2=51 15.3 %  3=79 23.7 %  4=102 30.6 %  5=56 16.8 %  6=18 5.4 %  7=27 8.1 %  Ave = 3.98
ABC: + &write -n <abc-temp-dir>/output.aig 
ABC: + &verify 
ABC: Networks are equivalent.  Time =     0.03 sec
ABC: + time 
ABC: elapse: 0.45 seconds, total: 0.45 seconds

6.46.14.6. Executing AIGER frontend.
<suppressed ~10 debug messages>
Removed 5194 unused cells and 6785 unused wires.

6.46.14.7. Executing ABC_OPS_REINTEGRATE pass (reintegrate ABC mapped design into module).
ABC RESULTS:              $lut cells:      346
ABC RESULTS:   $paramod$838872d5a4bab89607f53482b205c0fd50d8b82e\CCU2C cells:       94
ABC RESULTS:           input signals:       74
ABC RESULTS:          output signals:        3
<suppressed ~1928 debug messages>
Removing temp directory.

6.46.15. Executing TECHMAP pass (map to technology primitives).

6.46.15.1. Executing Verilog-2005 frontend: /home/matthias/prog/janestreet/fabulous-notes/oss-cad-suite/lib/../share/yosys/abc9_unmap.v
Parsing Verilog input from `/home/matthias/prog/janestreet/fabulous-notes/oss-cad-suite/lib/../share/yosys/abc9_unmap.v' to AST representation.
Generating RTLIL representation for module `$__DFF_x__$abc9_flop'.
Generating RTLIL representation for module `$__ABC9_SCC_BREAKER'.
Successfully finished Verilog frontend.

6.46.15.2. Continuing TECHMAP pass.
Using template $paramod$__ABC9_SCC_BREAKER\WIDTH=32'00000000000000000000000000000010 for cells of type $__ABC9_SCC_BREAKER.
Using template $paramod$838872d5a4bab89607f53482b205c0fd50d8b82e\CCU2C for cells of type $paramod$838872d5a4bab89607f53482b205c0fd50d8b82e\CCU2C.
No more expansions possible.
<suppressed ~110 debug messages>
Removed 76 unused cells and 2459 unused wires.

6.47. Executing TECHMAP pass (map to technology primitives).

6.47.1. Executing Verilog-2005 frontend: /home/matthias/prog/janestreet/fabulous-notes/oss-cad-suite/lib/../share/yosys/lattice/cells_map_trellis.v
Parsing Verilog input from `/home/matthias/prog/janestreet/fabulous-notes/oss-cad-suite/lib/../share/yosys/lattice/cells_map_trellis.v' to AST representation.
Generating RTLIL representation for module `$_DFF_N_'.
Generating RTLIL representation for module `$_DFF_P_'.
Generating RTLIL representation for module `$_DFFE_NN_'.
Generating RTLIL representation for module `$_DFFE_PN_'.
Generating RTLIL representation for module `$_DFFE_NP_'.
Generating RTLIL representation for module `$_DFFE_PP_'.
Generating RTLIL representation for module `$_DFF_NP0_'.
Generating RTLIL representation for module `$_DFF_NP1_'.
Generating RTLIL representation for module `$_DFF_PP0_'.
Generating RTLIL representation for module `$_DFF_PP1_'.
Generating RTLIL representation for module `$_SDFF_NP0_'.
Generating RTLIL representation for module `$_SDFF_NP1_'.
Generating RTLIL representation for module `$_SDFF_PP0_'.
Generating RTLIL representation for module `$_SDFF_PP1_'.
Generating RTLIL representation for module `$_DFFE_NP0P_'.
Generating RTLIL representation for module `$_DFFE_NP1P_'.
Generating RTLIL representation for module `$_DFFE_PP0P_'.
Generating RTLIL representation for module `$_DFFE_PP1P_'.
Generating RTLIL representation for module `$_DFFE_NP0N_'.
Generating RTLIL representation for module `$_DFFE_NP1N_'.
Generating RTLIL representation for module `$_DFFE_PP0N_'.
Generating RTLIL representation for module `$_DFFE_PP1N_'.
Generating RTLIL representation for module `$_SDFFE_NP0P_'.
Generating RTLIL representation for module `$_SDFFE_NP1P_'.
Generating RTLIL representation for module `$_SDFFE_PP0P_'.
Generating RTLIL representation for module `$_SDFFE_PP1P_'.
Generating RTLIL representation for module `$_SDFFE_NP0N_'.
Generating RTLIL representation for module `$_SDFFE_NP1N_'.
Generating RTLIL representation for module `$_SDFFE_PP0N_'.
Generating RTLIL representation for module `$_SDFFE_PP1N_'.
Generating RTLIL representation for module `$_ALDFF_NP_'.
Generating RTLIL representation for module `$_ALDFF_PP_'.
Generating RTLIL representation for module `$_ALDFFE_NPN_'.
Generating RTLIL representation for module `$_ALDFFE_NPP_'.
Generating RTLIL representation for module `$_ALDFFE_PPN_'.
Generating RTLIL representation for module `$_ALDFFE_PPP_'.
Generating RTLIL representation for module `\FD1P3AX'.
Generating RTLIL representation for module `\FD1P3AY'.
Generating RTLIL representation for module `\FD1P3BX'.
Generating RTLIL representation for module `\FD1P3DX'.
Generating RTLIL representation for module `\FD1P3IX'.
Generating RTLIL representation for module `\FD1P3JX'.
Generating RTLIL representation for module `\FD1S3AX'.
Generating RTLIL representation for module `\FD1S3AY'.
Generating RTLIL representation for module `\FD1S3BX'.
Generating RTLIL representation for module `\FD1S3DX'.
Generating RTLIL representation for module `\FD1S3IX'.
Generating RTLIL representation for module `\FD1S3JX'.
Generating RTLIL representation for module `\IFS1P3BX'.
Generating RTLIL representation for module `\IFS1P3DX'.
Generating RTLIL representation for module `\IFS1P3IX'.
Generating RTLIL representation for module `\IFS1P3JX'.
Generating RTLIL representation for module `\OFS1P3BX'.
Generating RTLIL representation for module `\OFS1P3DX'.
Generating RTLIL representation for module `\OFS1P3IX'.
Generating RTLIL representation for module `\OFS1P3JX'.
Generating RTLIL representation for module `\IB'.
Generating RTLIL representation for module `\IBPU'.
Generating RTLIL representation for module `\IBPD'.
Generating RTLIL representation for module `\OB'.
Generating RTLIL representation for module `\OBZ'.
Generating RTLIL representation for module `\OBZPU'.
Generating RTLIL representation for module `\OBZPD'.
Generating RTLIL representation for module `\OBCO'.
Generating RTLIL representation for module `\BB'.
Generating RTLIL representation for module `\BBPU'.
Generating RTLIL representation for module `\BBPD'.
Generating RTLIL representation for module `\ILVDS'.
Generating RTLIL representation for module `\OLVDS'.
Generating RTLIL representation for module `$lut'.
Successfully finished Verilog frontend.

6.47.2. Continuing TECHMAP pass.
Using template $paramod$lut\WIDTH=32'00000000000000000000000000000010\LUT=4'1001 for cells of type $lut.
Using template $paramod$63e56625bd8b4357319cae98121ea54ab3ced1c8$lut for cells of type $lut.
Using template $paramod$33aa77bfe3da3b74571084b889ae10c739d96fd6$lut for cells of type $lut.
Using template $paramod$a5aecf12782041df8056cfab6d4545dd0f1c939f$lut for cells of type $lut.
Using template $paramod$4282def8dbd6df3d1248ad282c629bee684502c2$lut for cells of type $lut.
Using template $paramod$c89f32b5d9c458a89d2efc2e9a5ab2f0eb1e01ca$lut for cells of type $lut.
Using template $paramod$d94c8d2dbb085e022e848180a26fff5a38d3da7f$lut for cells of type $lut.
Using template $paramod$4ed028c2d4e4ff5aef78ba74768dfdcac4649b82$lut for cells of type $lut.
Using template $paramod$835f615f20e730a5e627bf6f97e64f78fa5ef3fa$lut for cells of type $lut.
Using template $paramod$f5c97e291c8b48d9f1b4239d871ab7639e5a24ac$lut for cells of type $lut.
Using template $paramod$faca0162ee69e5c81ae089ee06782cde5dcc8ade$lut for cells of type $lut.
Using template $paramod$lut\WIDTH=32'00000000000000000000000000000010\LUT=4'0110 for cells of type $lut.
Using template $paramod$60e0a526d5120cb853aa823aea6dcb02645a9f39$lut for cells of type $lut.
Using template $paramod$050966a3152ca2af417c2a1b13d4ba70de3ba06c$lut for cells of type $lut.
Using template $paramod$e228903ce1a355c970223158a73fa27c73cca04f$lut for cells of type $lut.
Using template $paramod$f387430edea7055d7129e3794caba369072371b6$lut for cells of type $lut.
Using template $paramod$21a9cf1c7cffed4ea7970972274e8bcced7c7005$lut for cells of type $lut.
Using template $paramod$7ed5b710b571e4f0ef7763a3665ab9f0e660cfc0$lut for cells of type $lut.
Using template $paramod$e583e0dd5e00eec4718b9036c538abcd2a53ce0f$lut for cells of type $lut.
Using template $paramod$bc1518c44d46e232c707010d21b9875f3e9a6d73$lut for cells of type $lut.
Using template $paramod$lut\WIDTH=32'00000000000000000000000000000011\LUT=8'01101001 for cells of type $lut.
Using template $paramod$11e21916b6f9313129aa34a1a060bf214f6b145d$lut for cells of type $lut.
Using template $paramod$da78cc5dfd2df2099242dd03f696e0b8383f2b03$lut for cells of type $lut.
Using template $paramod$66c24dd934f6fff0c5aa300ff30b4da5acfde8b6$lut for cells of type $lut.
Using template $paramod$564927c3fc883a9fb919f575dd5e001d65f215c7$lut for cells of type $lut.
Using template $paramod$lut\WIDTH=32'00000000000000000000000000000011\LUT=8'10111110 for cells of type $lut.
Using template $paramod$5c7b506b82a7d9e54961cd483f2e053674193655$lut for cells of type $lut.
Using template $paramod$d923a4c32c298dce96cc7670ede1662f704cde2b$lut for cells of type $lut.
Using template $paramod$dc7775c300bfe634a0e14d4ad2e78bd5d286a875$lut for cells of type $lut.
Using template $paramod$28c39a38dd856e4fead72439c39d4da72a65360f$lut for cells of type $lut.
Using template $paramod$531fa2c0e348f1ec2944901697c25c3cb454aac3$lut for cells of type $lut.
Using template $paramod$ff38db81b5d92c02bae689591ab29a81306c9056$lut for cells of type $lut.
Using template $paramod$ca283aed17058924a93292b4006e1ceb19252264$lut for cells of type $lut.
Using template $paramod$ca1d99dfc0031a96b161fa6a1897c31b31f524b8$lut for cells of type $lut.
Using template $paramod$fe842009cffb6362da7d01c6c0711b401b85d654$lut for cells of type $lut.
Using template $paramod$3a2b5f7ad99548938e919bcce940529c8797f285$lut for cells of type $lut.
Using template $paramod$4e6c97a73f87b77feb3545c0a74c53ddb28c994b$lut for cells of type $lut.
Using template $paramod$63a6066fbabbd1a99276935b950a4ef464bd576b$lut for cells of type $lut.
Using template $paramod$lut\WIDTH=32'00000000000000000000000000000011\LUT=8'00000110 for cells of type $lut.
Using template $paramod$4252f0accd7c8eea748902bfc4257e23fb92bd9b$lut for cells of type $lut.
Using template $paramod$0ac396686cd7a0819bdfa6ef5fb5d666eab66390$lut for cells of type $lut.
Using template $paramod$a1f19d8eaf4ab4b52d28e8297da26376ba1bdc19$lut for cells of type $lut.
Using template $paramod$41f4b7f089f16346191b1d8578a03bdd2c756fa9$lut for cells of type $lut.
Using template $paramod$49916981b4c3f5c303d546bd79dbb5250534ba74$lut for cells of type $lut.
Using template $paramod$9a5e675f9cf03a1f3137d3e35ff06016c543faab$lut for cells of type $lut.
Using template $paramod$95ae3d9a862fb15355f292df1ee5c8d201fbb93a$lut for cells of type $lut.
Using template $paramod$lut\WIDTH=32'00000000000000000000000000000010\LUT=4'1011 for cells of type $lut.
Using template $paramod$cc1b4f3624893d3eb1a79501d14202d3bc756910$lut for cells of type $lut.
Using template $paramod$319bede45380153d6b002a77a25eb651992f5aae$lut for cells of type $lut.
Using template $paramod$lut\WIDTH=32'00000000000000000000000000000011\LUT=8'10010110 for cells of type $lut.
Using template $paramod$154f6f39aba907e6aeb27cea85bc3d9185be13c7$lut for cells of type $lut.
Using template $paramod$6b1ee42e70766c7df1b4c12abf452e9bda56eb09$lut for cells of type $lut.
Using template $paramod$lut\WIDTH=32'00000000000000000000000000000011\LUT=8'11101000 for cells of type $lut.
Using template $paramod$fd904e9e35cfd343a9df248824bd3f1408724879$lut for cells of type $lut.
Using template $paramod$6f625205336ac6ce7b8747324becdbce1049bc9c$lut for cells of type $lut.
Using template $paramod$03ed16f8130c52cc5e11993dd0ad6bcf24e089a6$lut for cells of type $lut.
Using template $paramod$d548b41190926a2edf055aac68865a6b07791609$lut for cells of type $lut.
Using template $paramod$f05d4b8888c79762c43743d193b4196209b4613e$lut for cells of type $lut.
Using template $paramod$a064f0b8143ee7db5189c2675eb3b68340f826ba$lut for cells of type $lut.
Using template $paramod$658b9ed803f0d3d335616d3858b53e0a2522f1e8$lut for cells of type $lut.
Using template $paramod$lut\WIDTH=32'00000000000000000000000000000010\LUT=4'0100 for cells of type $lut.
Using template $paramod$fcae4078e0a87e61be001419862937fa8cbeeb3a$lut for cells of type $lut.
Using template $paramod$e0184d54df325a31f6413d14b26282677539439a$lut for cells of type $lut.
Using template $paramod$14d879621f1a952bceb0d5fa20c6f98eec6cdc50$lut for cells of type $lut.
Using template $paramod$92a738089a6e8f0ec1c13236734f3d204527ed7e$lut for cells of type $lut.
Using template $paramod$lut\WIDTH=32'00000000000000000000000000000011\LUT=8'11110010 for cells of type $lut.
Using template $paramod$0cdba6b2471c5bf72390a2851c3934096a42124e$lut for cells of type $lut.
Using template $paramod$a6323263f7c455357187b115b6b2284407abc02a$lut for cells of type $lut.
Using template $paramod$3866e6d6effb7d032e938e0164232d4b7c563582$lut for cells of type $lut.
Using template $paramod$7bb6a37e65823eeb4b38c370fec30ab082759a14$lut for cells of type $lut.
Using template $paramod$2efffb797255d144bc26f522c51ce8c497fddb56$lut for cells of type $lut.
Using template $paramod$d54d26ab952bba0f3307ee56c296b85bcaf4b07a$lut for cells of type $lut.
Using template $paramod$lut\WIDTH=32'00000000000000000000000000000010\LUT=4'1110 for cells of type $lut.
Using template $paramod$lut\WIDTH=32'00000000000000000000000000000011\LUT=8'11010000 for cells of type $lut.
Using template $paramod$lut\WIDTH=32'00000000000000000000000000000010\LUT=4'0001 for cells of type $lut.
Using template $paramod$lut\WIDTH=32'00000000000000000000000000000010\LUT=4'0010 for cells of type $lut.
Using template $paramod$lut\WIDTH=32'00000000000000000000000000000011\LUT=8'00010101 for cells of type $lut.
Using template $paramod$71d951b20e73043168c1656217d126e617052faa$lut for cells of type $lut.
Using template $paramod$lut\WIDTH=32'00000000000000000000000000000011\LUT=8'00010000 for cells of type $lut.
Using template $paramod$571404c0889eaf57f492cb5e37f8acb5df5852f9$lut for cells of type $lut.
Using template $paramod$d6ca727e39f31d51d29072e0f33aa09c65e37336$lut for cells of type $lut.
Using template $paramod$364c9ffbffac467d60dfec81bba4e18476c15602$lut for cells of type $lut.
Using template $paramod$lut\WIDTH=32'00000000000000000000000000000011\LUT=8'00100000 for cells of type $lut.
Using template $paramod$251994398653c4cf8de320f1e306e535d5d2d624$lut for cells of type $lut.
Using template $paramod$6d6beead1425af15cf78b27fd9b11b41b5d4bce8$lut for cells of type $lut.
Using template $paramod$82b4a585d1edcb5c6e755dc9bd3392228a1c1304$lut for cells of type $lut.
Using template $paramod$179512a187da069f3b79ef6612a41e494e7d54b6$lut for cells of type $lut.
Using template $paramod$f610396a8c1614f373f4d73e3d1e988bc93e396c$lut for cells of type $lut.
Using template $paramod$12879138d1e376f344e47ea40be66b776233be75$lut for cells of type $lut.
Using template $paramod$lut\WIDTH=32'00000000000000000000000000000011\LUT=8'10010000 for cells of type $lut.
Using template $paramod$09deb89cf77b6e37f6ed7fef8d797dc05c0b2eee$lut for cells of type $lut.
Using template $paramod$dc8eb389b2fc3ec6a78d93ff9b548b7fd27b6950$lut for cells of type $lut.
Using template $paramod$71cb81cd7ec213b39129c5f3867d1aa22dffde1b$lut for cells of type $lut.
Using template $paramod$47a8214374025465e226fa66bee690ff33268a25$lut for cells of type $lut.
Using template $paramod$a8b2b0f3a3fd7b01c99e8d61bb72f602bd41af54$lut for cells of type $lut.
Using template $paramod$09a8b258a0df9088740ca5a2a79f2566a7c2f1da$lut for cells of type $lut.
Using template $paramod$4d502741ce822e06eb7064b5a6ba71e545859a15$lut for cells of type $lut.
Using template $paramod$lut\WIDTH=32'00000000000000000000000000000010\LUT=4'0111 for cells of type $lut.
Using template $paramod$1ac4fd057358cb4b550c7bfebc070802a58251cf$lut for cells of type $lut.
Using template $paramod$lut\WIDTH=32'00000000000000000000000000000010\LUT=4'1101 for cells of type $lut.
Using template $paramod$3202845c22c9d864649383c3846460a7052af23e$lut for cells of type $lut.
Using template $paramod$lut\WIDTH=32'00000000000000000000000000000011\LUT=8'00001110 for cells of type $lut.
Using template $paramod$e9c77024ca501b890c641f9c0b10e27242db8730$lut for cells of type $lut.
Using template $paramod$7cb124c70a03beaadbfbe222fb45b14291f43c3a$lut for cells of type $lut.
Using template $paramod$2955ab75367a3dc9d6f50d3655eebcd4f615031f$lut for cells of type $lut.
Using template $paramod$35cbdeaf2f1181c8a9103298d1b2ea7c88fae597$lut for cells of type $lut.
Using template $paramod$446395de58983105e9f96db1289c560d35f394ab$lut for cells of type $lut.
Using template $paramod$be48d952fcad8a16b8d84daa4c48a3065f343e5e$lut for cells of type $lut.
Using template $paramod$43eeb497785df4619d079ab128df398c37ac063c$lut for cells of type $lut.
Using template $paramod$lut\WIDTH=32'00000000000000000000000000000011\LUT=8'00000111 for cells of type $lut.
Using template $paramod$2e248e5f565ae1f4a8e909b8d22bb06f9f9b9791$lut for cells of type $lut.
Using template $paramod$f118d31313c6b168fd1efe33a9780d2f48890fff$lut for cells of type $lut.
Using template $paramod$b27711dc7f7ec6d0b361be8a631314269634f43d$lut for cells of type $lut.
Using template $paramod$f16cb986c89f06088f7b1e21c0e52ccf2674ee89$lut for cells of type $lut.
Using template $paramod$6cc6bc33eb153b945632e0a1b99ae5cf016eb907$lut for cells of type $lut.
Using template $paramod$lut\WIDTH=32'00000000000000000000000000000011\LUT=8'11110110 for cells of type $lut.
Using template $paramod$39fe545f46deb454894fe84da5782441e826a5f3$lut for cells of type $lut.
Using template $paramod$4afd6b8ca60e2d6476289d736d43e75ed7a49a9e$lut for cells of type $lut.
Using template $paramod$lut\WIDTH=32'00000000000000000000000000000011\LUT=8'11111101 for cells of type $lut.
Using template $paramod$3462e54ca2376756c33702763e1da4d242b0940d$lut for cells of type $lut.
Using template $paramod$lut\WIDTH=32'00000000000000000000000000000011\LUT=8'00001001 for cells of type $lut.
Using template $paramod$ea9e30d8654c5c3dd55a40dbdfc13afd5dd47bf1$lut for cells of type $lut.
Using template $paramod$e45836e5a48499cd598dcb253341eb8ea71afa0a$lut for cells of type $lut.
Using template $paramod$lut\WIDTH=32'00000000000000000000000000000011\LUT=8'01101010 for cells of type $lut.
Using template $paramod$619b7c9a4d44585e10b42f7fb79b16304cca97c5$lut for cells of type $lut.
Using template $paramod$0fcb06ed76df01e8d45bc2b9e6c8a9b43fa42cb4$lut for cells of type $lut.
Using template $paramod$c63fb63be97a9db4ce7bd031e26652a8b349a094$lut for cells of type $lut.
Using template $paramod$667f27fa11e2d182d9fa40f5f37298be9a7ba764$lut for cells of type $lut.
Using template $paramod$9af5feb5b94fd6d25374c12dfce3cb28653e4788$lut for cells of type $lut.
Using template $paramod$272652f6c6fbe9a75eff76e45cc7e2788835518b$lut for cells of type $lut.
Using template $paramod$b14ef98bb79dfac96576fb0f7df3803a24764d97$lut for cells of type $lut.
Using template $paramod$c28a8b7ce0535d090c4cfb52e9c74affd52b110c$lut for cells of type $lut.
Using template $paramod$lut\WIDTH=32'00000000000000000000000000000010\LUT=4'1000 for cells of type $lut.
Using template $paramod$lut\WIDTH=32'00000000000000000000000000000011\LUT=8'10001110 for cells of type $lut.
Using template $paramod$lut\WIDTH=32'00000000000000000000000000000011\LUT=8'10000000 for cells of type $lut.
Using template $paramod$71170b727a00e71da1e67880e482d1ead21be34e$lut for cells of type $lut.
Using template $paramod$lut\WIDTH=32'00000000000000000000000000000011\LUT=8'11100010 for cells of type $lut.
Using template $paramod$2649632427059f17a6997e51dd7f224fd1802b32$lut for cells of type $lut.
Using template $paramod$3b553429afc3d3c52f7c0d6a27fc783230bb6252$lut for cells of type $lut.
Using template $paramod$3f671480159239c1d9b47956567e95be92bdcbc4$lut for cells of type $lut.
Using template $paramod$59767b48a8dd9ec080d56959619f580be2c0d98f$lut for cells of type $lut.
Using template $paramod$633914843c64e31f419056ce052208905aeb77cd$lut for cells of type $lut.
Using template $paramod$812419aaf66b3908a261c571f6cfcc5fb8fb6495$lut for cells of type $lut.
Using template $paramod$3c8dcd5e166e6a78654a84bca5da6e27b5f15d0b$lut for cells of type $lut.
Using template $paramod$lut\WIDTH=32'00000000000000000000000000000011\LUT=8'10110000 for cells of type $lut.
Using template $paramod$f1a43ae9dd242cbc06280cd20662ce713996902f$lut for cells of type $lut.
Using template $paramod$lut\WIDTH=32'00000000000000000000000000000011\LUT=8'00001101 for cells of type $lut.
Using template $paramod$lut\WIDTH=32'00000000000000000000000000000011\LUT=8'01110000 for cells of type $lut.
Using template $paramod$lut\WIDTH=32'00000000000000000000000000000011\LUT=8'00011101 for cells of type $lut.
Using template $paramod$lut\WIDTH=32'00000000000000000000000000000011\LUT=8'11001010 for cells of type $lut.
Using template $paramod$e56d99447d8a3ece8eda45209ed4b9fdcdbf8d26$lut for cells of type $lut.
Using template $paramod$a36df8cc99428717d44c2342ab2159150ec5d5d5$lut for cells of type $lut.
Using template $paramod$6e94b637c6ffa2f9c90ae26bb9bf1f1c0db94d62$lut for cells of type $lut.
Using template $paramod$lut\WIDTH=32'00000000000000000000000000000011\LUT=8'11011000 for cells of type $lut.
Using template $paramod$e5cb8e913f4daae476fde2b364998f21967f1f08$lut for cells of type $lut.
Using template $paramod$9b319d0187e7e8088d16e3a2eeec6c60973233fb$lut for cells of type $lut.
Using template $paramod$39c8c239ff54628e1da06395861fcba508685eb4$lut for cells of type $lut.
Using template $paramod$f0a3180417e92997e70d6b58eb09c5f17929714d$lut for cells of type $lut.
Using template $paramod$c8f89198f856558b33dc9a822c51b8208f3f6f25$lut for cells of type $lut.
Using template $paramod$dacdea7abdd2d5390976aeb1034f2e8e9f98ee17$lut for cells of type $lut.
Using template $paramod$ff6d2a123950d22cbe5f44f11a9ea0d0a22ae9d4$lut for cells of type $lut.
Using template $paramod$6f31bafbea328eb2691212342d314e217b09b785$lut for cells of type $lut.
Using template $paramod$e8f6e764ec30f5a32e450286a26701287d65db70$lut for cells of type $lut.
Using template $paramod$e4f3be73f7f14a6320aeed8f4594f0f58c5d5bb9$lut for cells of type $lut.
Using template $paramod$a42a1bd46125a4799884459fb86caeed56dbe834$lut for cells of type $lut.
Using template $paramod$dd5bb66c38e6e18451b14a66624a098e2b37b462$lut for cells of type $lut.
Using template $paramod$30305e55a780880b9c824fe3509a4d981acb0f2b$lut for cells of type $lut.
Using template $paramod$lut\WIDTH=32'00000000000000000000000000000011\LUT=8'01010110 for cells of type $lut.
Using template $paramod$lut\WIDTH=32'00000000000000000000000000000001\LUT=2'01 for cells of type $lut.
No more expansions possible.
<suppressed ~2280 debug messages>

6.48. Executing OPT_LUT_INS pass (discard unused LUT inputs).
Optimizing LUTs in hdmi_top.
  Optimizing lut $abc$18736$lut$aiger$o283.genblk1.genblk1.genblk1.genblk1.genblk1.genblk1.genblk1.lut3 (4 -> 1)
  Optimizing lut $abc$18736$lut$aiger$o283.genblk1.genblk1.genblk1.genblk1.genblk1.genblk1.genblk1.lut5 (4 -> 1)
  Optimizing lut $abc$18736$lut$aiger$o283.genblk1.genblk1.genblk1.genblk1.genblk1.genblk1.genblk1.lut6 (4 -> 1)
  Optimizing lut $abc$18736$lut$aiger$o337.genblk1.genblk1.genblk1.genblk1.genblk1.genblk1.lut2 (4 -> 3)
  Optimizing lut $abc$18736$lut$aiger$o337.genblk1.genblk1.genblk1.genblk1.genblk1.genblk1.lut3 (4 -> 3)
  Optimizing lut $abc$18736$lut$aiger$o370.genblk1.genblk1.genblk1.genblk1.genblk1.genblk1.genblk1.lut3 (4 -> 0)
  Optimizing lut $abc$18736$lut$aiger$o370.genblk1.genblk1.genblk1.genblk1.genblk1.genblk1.genblk1.lut4 (4 -> 0)
  Optimizing lut $abc$18736$lut$aiger$o370.genblk1.genblk1.genblk1.genblk1.genblk1.genblk1.genblk1.lut7 (4 -> 1)
  Optimizing lut $abc$18736$lut$aiger$o933.genblk1.genblk1.genblk1.genblk1.genblk1.lut1 (4 -> 0)
  Optimizing lut $abc$18736$lut$aiger18735$2339.genblk1.genblk1.genblk1.genblk1.genblk1.genblk1.genblk1.lut2 (4 -> 3)
  Optimizing lut $abc$18736$lut$aiger18735$2339.genblk1.genblk1.genblk1.genblk1.genblk1.genblk1.genblk1.lut3 (4 -> 0)
  Optimizing lut $abc$18736$lut$aiger18735$2339.genblk1.genblk1.genblk1.genblk1.genblk1.genblk1.genblk1.lut4 (4 -> 1)
  Optimizing lut $abc$18736$lut$aiger18735$2322.genblk1.genblk1.genblk1.genblk1.genblk1.genblk1.genblk1.lut5 (4 -> 0)
  Optimizing lut $abc$18736$lut$aiger18735$2322.genblk1.genblk1.genblk1.genblk1.genblk1.genblk1.genblk1.lut7 (4 -> 0)
  Optimizing lut $auto$abc_ops_reintegrate.cc:655:reintegrate$18780.genblk1.genblk1.genblk1.genblk1.genblk1.genblk1.genblk1.lut3 (4 -> 1)
  Optimizing lut $auto$abc_ops_reintegrate.cc:655:reintegrate$18780.genblk1.genblk1.genblk1.genblk1.genblk1.genblk1.genblk1.lut4 (4 -> 1)
  Optimizing lut $abc$18736$lut$aiger18735$1069.genblk1.genblk1.genblk1.genblk1.genblk1.genblk1.genblk1.lut3 (4 -> 0)
  Optimizing lut $auto$abc_ops_reintegrate.cc:655:reintegrate$18801.genblk1.genblk1.genblk1.genblk1.genblk1.genblk1.genblk1.lut3 (4 -> 1)
  Optimizing lut $auto$abc_ops_reintegrate.cc:655:reintegrate$18801.genblk1.genblk1.genblk1.genblk1.genblk1.genblk1.genblk1.lut4 (4 -> 1)
  Optimizing lut $auto$abc_ops_reintegrate.cc:655:reintegrate$18801.genblk1.genblk1.genblk1.genblk1.genblk1.genblk1.genblk1.lut5 (4 -> 1)
  Optimizing lut $auto$abc_ops_reintegrate.cc:655:reintegrate$18801.genblk1.genblk1.genblk1.genblk1.genblk1.genblk1.genblk1.lut6 (4 -> 1)
  Optimizing lut $abc$18736$lut$aiger18735$1596.genblk1.genblk1.genblk1.genblk1.genblk1.genblk1.lut3 (4 -> 3)
  Optimizing lut $abc$18736$lut$aiger18735$1536.genblk1.genblk1.genblk1.genblk1.genblk1.genblk1.lut2 (4 -> 3)
  Optimizing lut $abc$18736$lut$aiger18735$1536.genblk1.genblk1.genblk1.genblk1.genblk1.genblk1.lut3 (4 -> 3)
  Optimizing lut $auto$abc_ops_reintegrate.cc:655:reintegrate$18810.genblk1.genblk1.genblk1.genblk1.genblk1.genblk1.genblk1.lut3 (4 -> 1)
  Optimizing lut $auto$abc_ops_reintegrate.cc:655:reintegrate$18810.genblk1.genblk1.genblk1.genblk1.genblk1.genblk1.genblk1.lut5 (4 -> 1)
  Optimizing lut $auto$abc_ops_reintegrate.cc:655:reintegrate$18810.genblk1.genblk1.genblk1.genblk1.genblk1.genblk1.genblk1.lut6 (4 -> 1)
  Optimizing lut $auto$abc_ops_reintegrate.cc:655:reintegrate$18810.genblk1.genblk1.genblk1.genblk1.genblk1.genblk1.genblk1.lut7 (4 -> 1)
  Optimizing lut $abc$18736$lut$aiger18735$2279.genblk1.genblk1.genblk1.genblk1.genblk1.genblk1.genblk1.lut2 (4 -> 3)
  Optimizing lut $abc$18736$lut$aiger18735$2279.genblk1.genblk1.genblk1.genblk1.genblk1.genblk1.genblk1.lut3 (4 -> 3)
  Optimizing lut $abc$18736$lut$aiger18735$2279.genblk1.genblk1.genblk1.genblk1.genblk1.genblk1.genblk1.lut4 (4 -> 3)
  Optimizing lut $abc$18736$lut$aiger18735$2279.genblk1.genblk1.genblk1.genblk1.genblk1.genblk1.genblk1.lut5 (4 -> 3)
  Optimizing lut $abc$18736$lut$aiger18735$2161.genblk1.genblk1.genblk1.genblk1.genblk1.genblk1.lut1 (4 -> 3)
  Optimizing lut $abc$18736$lut$aiger18735$2161.genblk1.genblk1.genblk1.genblk1.genblk1.genblk1.lut3 (4 -> 3)
  Optimizing lut $abc$18736$lut$aiger18735$2072.genblk1.genblk1.genblk1.genblk1.genblk1.lut1 (4 -> 3)
  Optimizing lut $abc$18736$lut$aiger18735$2059.genblk1.genblk1.genblk1.genblk1.genblk1.genblk1.genblk1.lut2 (4 -> 3)
  Optimizing lut $abc$18736$lut$aiger18735$2059.genblk1.genblk1.genblk1.genblk1.genblk1.genblk1.genblk1.lut3 (4 -> 3)
  Optimizing lut $abc$18736$lut$aiger18735$2059.genblk1.genblk1.genblk1.genblk1.genblk1.genblk1.genblk1.lut4 (4 -> 3)
  Optimizing lut $abc$18736$lut$aiger18735$2059.genblk1.genblk1.genblk1.genblk1.genblk1.genblk1.genblk1.lut5 (4 -> 3)
  Optimizing lut $abc$18736$lut$aiger18735$1887.genblk1.genblk1.genblk1.genblk1.genblk1.genblk1.genblk1.lut2 (4 -> 0)
  Optimizing lut $abc$18736$lut$aiger18735$1201.genblk1.genblk1.genblk1.genblk1.genblk1.genblk1.lut1 (4 -> 0)
  Optimizing lut $abc$18736$lut$aiger18735$2770.genblk1.genblk1.genblk1.genblk1.genblk1.genblk1.genblk1.lut3 (4 -> 0)
  Optimizing lut $abc$18736$lut$aiger18735$2770.genblk1.genblk1.genblk1.genblk1.genblk1.genblk1.genblk1.lut4 (4 -> 0)
  Optimizing lut $abc$18736$lut$aiger18735$2770.genblk1.genblk1.genblk1.genblk1.genblk1.genblk1.genblk1.lut5 (4 -> 3)
  Optimizing lut $abc$18736$lut$aiger18735$2770.genblk1.genblk1.genblk1.genblk1.genblk1.genblk1.genblk1.lut6 (4 -> 3)
  Optimizing lut $abc$18736$lut$aiger18735$2770.genblk1.genblk1.genblk1.genblk1.genblk1.genblk1.genblk1.lut7 (4 -> 0)
  Optimizing lut $abc$18736$lut$aiger18735$880.genblk1.genblk1.genblk1.genblk1.genblk1.genblk1.genblk1.lut2 (4 -> 3)
  Optimizing lut $abc$18736$lut$aiger18735$880.genblk1.genblk1.genblk1.genblk1.genblk1.genblk1.genblk1.lut3 (4 -> 3)
  Optimizing lut $abc$18736$lut$aiger18735$880.genblk1.genblk1.genblk1.genblk1.genblk1.genblk1.genblk1.lut5 (4 -> 3)
  Optimizing lut $abc$18736$lut$aiger18735$880.genblk1.genblk1.genblk1.genblk1.genblk1.genblk1.genblk1.lut6 (4 -> 3)
  Optimizing lut $abc$18736$lut$aiger18735$880.genblk1.genblk1.genblk1.genblk1.genblk1.genblk1.genblk1.lut7 (4 -> 3)
  Optimizing lut $abc$18736$lut$aiger18735$776.genblk1.genblk1.genblk1.genblk1.genblk1.genblk1.lut2 (4 -> 0)
  Optimizing lut $abc$18736$lut$aiger18735$714.genblk1.genblk1.genblk1.genblk1.genblk1.lut1 (4 -> 3)
  Optimizing lut $abc$18736$lut$aiger18735$2339.genblk1.genblk1.genblk1.genblk1.genblk1.genblk1.genblk1.lut0 (4 -> 1)
  Optimizing lut $abc$18736$lut$aiger$o283.genblk1.genblk1.genblk1.genblk1.genblk1.genblk1.genblk1.lut0 (4 -> 1)
  Optimizing lut $abc$18736$lut$aiger18735$1201.genblk1.genblk1.genblk1.genblk1.genblk1.genblk1.lut0 (4 -> 0)
  Optimizing lut $abc$18736$lut$aiger18735$1211.genblk1.genblk1.genblk1.genblk1.genblk1.lut0 (4 -> 3)
  Optimizing lut $abc$18736$lut$aiger18735$919.genblk1.genblk1.genblk1.genblk1.genblk1.lut0 (4 -> 3)
  Optimizing lut $abc$18736$lut$aiger18735$2279.genblk1.genblk1.genblk1.genblk1.genblk1.genblk1.genblk1.lut0 (4 -> 3)
  Optimizing lut $abc$18736$lut$aiger18735$2283.genblk1.genblk1.genblk1.genblk1.genblk1.lut1 (4 -> 0)
  Optimizing lut $auto$abc_ops_reintegrate.cc:655:reintegrate$18814.genblk1.genblk1.genblk1.genblk1.genblk1.lut1 (4 -> 3)
  Optimizing lut $abc$18736$lut$aiger18735$1887.genblk1.genblk1.genblk1.genblk1.genblk1.genblk1.genblk1.lut0 (4 -> 0)
  Optimizing lut $abc$18736$lut$aiger18735$776.genblk1.genblk1.genblk1.genblk1.genblk1.genblk1.lut0 (4 -> 0)
  Optimizing lut $abc$18736$lut$aiger18735$928.genblk1.genblk1.genblk1.genblk1.genblk1.lut0 (4 -> 3)
  Optimizing lut $abc$18736$lut$aiger18735$2059.genblk1.genblk1.genblk1.genblk1.genblk1.genblk1.genblk1.lut0 (4 -> 3)
  Optimizing lut $abc$18736$lut$aiger18735$2139.genblk1.genblk1.genblk1.genblk1.genblk1.lut1 (4 -> 3)
  Optimizing lut $abc$18736$lut$aiger18735$1334.genblk1.genblk1.genblk1.genblk1.genblk1.lut0 (4 -> 0)
  Optimizing lut $abc$18736$lut$aiger$o370.genblk1.genblk1.genblk1.genblk1.genblk1.genblk1.genblk1.lut0 (4 -> 1)
  Optimizing lut $abc$18736$lut$aiger$o1239.genblk1.genblk1.genblk1.genblk1.genblk1.lut0 (4 -> 0)
  Optimizing lut $abc$18736$lut$aiger18735$1596.genblk1.genblk1.genblk1.genblk1.genblk1.genblk1.lut0 (4 -> 3)
  Optimizing lut $abc$18736$lut$aiger18735$2339.genblk1.genblk1.genblk1.genblk1.genblk1.genblk1.genblk1.lut1 (4 -> 3)
  Optimizing lut $auto$abc_ops_reintegrate.cc:655:reintegrate$18810.genblk1.genblk1.genblk1.genblk1.genblk1.genblk1.genblk1.lut0 (4 -> 1)
  Optimizing lut $abc$18736$lut$aiger18735$1657.genblk1.genblk1.genblk1.genblk1.genblk1.lut1 (4 -> 0)
  Optimizing lut $auto$abc_ops_reintegrate.cc:655:reintegrate$18792.genblk1.genblk1.genblk1.genblk1.genblk1.lut0 (4 -> 1)
  Optimizing lut $auto$abc_ops_reintegrate.cc:655:reintegrate$18752.genblk1.genblk1.genblk1.genblk1.genblk1.lut0 (4 -> 0)
  Optimizing lut $abc$18736$lut$aiger18735$554.genblk1.genblk1.genblk1.genblk1.genblk1.lut0 (4 -> 0)
Removed 0 unused cells and 779 unused wires.

6.49. Executing AUTONAME pass.
Renamed 2424 objects in module hdmi_top.
<suppressed ~2424 debug messages>

6.50. Executing HIERARCHY pass (managing design hierarchy).
Attribute `top' found on module `hdmi_top'. Setting top module to hdmi_top.

6.50.1. Analyzing design hierarchy..
Top module:  \hdmi_top

6.50.2. Analyzing design hierarchy..
Top module:  \hdmi_top
Removed 0 unused modules.

6.51. Printing statistics.

=== hdmi_top ===

        +----------Local Count, excluding submodules.
        | 
     1269 wires
     1944 wire bits
     1269 public wires
     1944 public wire bits
        4 ports
       14 port bits
        2 cells
        1   EHXPLLL
        1   MULT18X18D
     1254 submodules
       94   CCU2C
       99   L6MUX21
      649   LUT4
      201   PFUMX
      211   TRELLIS_FF

=== design hierarchy ===

        +----------Count including submodules.
        | 
        2 hdmi_top

        +----------Count including submodules.
        | 
     1269 wires
     1944 wire bits
     1269 public wires
     1944 public wire bits
        4 ports
       14 port bits
        - memories
        - memory bits
        - processes
        2 cells
        1   EHXPLLL
        1   MULT18X18D
     1254 submodules
       94   CCU2C
       99   L6MUX21
      649   LUT4
      201   PFUMX
      211   TRELLIS_FF

6.52. Executing CHECK pass (checking for obvious problems).
Checking module hdmi_top...
Found and reported 0 problems.

6.53. Executing JSON backend.

7. Printing statistics.

=== hdmi_top ===

        +----------Local Count, excluding submodules.
        | 
     1269 wires
     1944 wire bits
     1269 public wires
     1944 public wire bits
        4 ports
       14 port bits
     1256 cells
       94   CCU2C
        1   EHXPLLL
       99   L6MUX21
      649   LUT4
        1   MULT18X18D
      201   PFUMX
      211   TRELLIS_FF

Warnings: 1 unique messages, 1 total
Warnings: 1 experimental features used (not excluded with -x).
End of script. Logfile hash: e68712b9f2, time: 1.05s, user: 0.56s, system: 0.03s, MEM: 84.68 MB peak
Yosys 0.69+77 (git sha1 9ff27d29c-dirty, Release, Clang /usr/bin/clang++ 21.1.8)
Time spent: 44% 1x abc9_exe (0 sec), 16% 25x read_verilog (0 sec), ...
