
 /----------------------------------------------------------------------------\
 |  yosys -- Yosys Open SYnthesis Suite                                       |
 |  Copyright (C) 2012 - 2026  Claire Xenia Wolf <claire@yosyshq.com>         |
 |  Distributed under an ISC-like license, type "license" to see terms        |
 \----------------------------------------------------------------------------/
 Yosys 0.69+77 (git sha1 9ff27d29c-dirty, Release, Clang /usr/bin/clang++ 21.1.8)

-- Running command `read_verilog one_bit_synth.v; hierarchy -check -top one_bit_synth; synth -top one_bit_synth -flatten; dfflibmap -liberty /home/matthias/prog/janestreet/pio-area-notes/sg13g2/sg13g2_stdcell_typ_1p20V_25C.lib; abc -liberty /home/matthias/prog/janestreet/pio-area-notes/sg13g2/sg13g2_stdcell_typ_1p20V_25C.lib; opt_clean; stat -liberty /home/matthias/prog/janestreet/pio-area-notes/sg13g2/sg13g2_stdcell_typ_1p20V_25C.lib' --

1. Executing Verilog-2005 frontend: one_bit_synth.v
Parsing Verilog input from `one_bit_synth.v' to AST representation.
Generating RTLIL representation for module `\one_bit_synth'.
Successfully finished Verilog frontend.

2. Executing HIERARCHY pass (managing design hierarchy).

2.1. Analyzing design hierarchy..
Top module:  \one_bit_synth

2.2. Analyzing design hierarchy..
Top module:  \one_bit_synth
Removed 0 unused modules.

3. Executing SYNTH pass.

3.1. Executing HIERARCHY pass (managing design hierarchy).

3.1.1. Analyzing design hierarchy..
Top module:  \one_bit_synth

3.1.2. Analyzing design hierarchy..
Top module:  \one_bit_synth
Removed 0 unused modules.

3.2. Executing PROC pass (convert processes to netlists).

3.2.1. Executing PROC_CLEAN pass (remove empty switches from decision trees).
Cleaned up 0 empty switches.

3.2.2. Executing PROC_RMDEAD pass (remove dead branches from decision trees).
Marked 1 switch rules as full_case in process $proc$one_bit_synth.v:1062$46 in module one_bit_synth.
Marked 1 switch rules as full_case in process $proc$one_bit_synth.v:1053$43 in module one_bit_synth.
Marked 1 switch rules as full_case in process $proc$one_bit_synth.v:1032$35 in module one_bit_synth.
Marked 1 switch rules as full_case in process $proc$one_bit_synth.v:1015$28 in module one_bit_synth.
Marked 1 switch rules as full_case in process $proc$one_bit_synth.v:473$25 in module one_bit_synth.
Marked 1 switch rules as full_case in process $proc$one_bit_synth.v:466$24 in module one_bit_synth.
Marked 1 switch rules as full_case in process $proc$one_bit_synth.v:451$21 in module one_bit_synth.
Marked 1 switch rules as full_case in process $proc$one_bit_synth.v:445$20 in module one_bit_synth.
Marked 1 switch rules as full_case in process $proc$one_bit_synth.v:435$16 in module one_bit_synth.
Marked 1 switch rules as full_case in process $proc$one_bit_synth.v:418$11 in module one_bit_synth.
Removed a total of 0 dead cases.

3.2.3. Executing PROC_PRUNE pass (remove redundant assignments in processes).
Removed 10 redundant assignments.
Promoted 0 assignments to connections.

3.2.4. Executing PROC_INIT pass (extract init attributes).

3.2.5. Executing PROC_ARST pass (detect async resets in processes).

3.2.6. Executing PROC_ROM pass (convert switches to ROMs).
Converted 1 switch.
<suppressed ~9 debug messages>

3.2.7. Executing PROC_MUX pass (convert decision trees to multiplexers).
Creating decoders for process `\one_bit_synth.$proc$one_bit_synth.v:1062$46'.
     1/1: $0\_336[0:0]
Creating decoders for process `\one_bit_synth.$proc$one_bit_synth.v:1053$43'.
     1/1: $0\_20[3:0]
Creating decoders for process `\one_bit_synth.$proc$one_bit_synth.v:1032$35'.
     1/1: $0\_360[19:0]
Creating decoders for process `\one_bit_synth.$proc$one_bit_synth.v:1015$28'.
     1/1: $0\_328[19:0]
Creating decoders for process `\one_bit_synth.$proc$one_bit_synth.v:473$25'.
     1/1: $0\_283[11:0]
Creating decoders for process `\one_bit_synth.$proc$one_bit_synth.v:466$24'.
     1/1: $0\_25[23:0]
Creating decoders for process `\one_bit_synth.$proc$one_bit_synth.v:451$21'.
     1/1: $0\_323[23:0]
Creating decoders for process `\one_bit_synth.$proc$one_bit_synth.v:445$20'.
     1/1: $0\_17[4:0]
Creating decoders for process `\one_bit_synth.$proc$one_bit_synth.v:435$16'.
     1/1: $0\_297[23:0]
Creating decoders for process `\one_bit_synth.$proc$one_bit_synth.v:418$11'.
     1/1: $0\_302[23:0]

3.2.8. Executing PROC_DLATCH pass (convert process syncs to latches).
No latch inferred for signal `\one_bit_synth.\_283' from process `\one_bit_synth.$proc$one_bit_synth.v:473$25'.
No latch inferred for signal `\one_bit_synth.\_323' from process `\one_bit_synth.$proc$one_bit_synth.v:451$21'.
No latch inferred for signal `\one_bit_synth.\_302' from process `\one_bit_synth.$proc$one_bit_synth.v:418$11'.

3.2.9. Executing PROC_DFF pass (convert process syncs to FFs).
Creating register for signal `\one_bit_synth.\_336' using process `\one_bit_synth.$proc$one_bit_synth.v:1062$46'.
  created $dff cell `$procdff$83' with positive edge clock.
Creating register for signal `\one_bit_synth.\_20' using process `\one_bit_synth.$proc$one_bit_synth.v:1053$43'.
  created $dff cell `$procdff$84' with positive edge clock.
Creating register for signal `\one_bit_synth.\_360' using process `\one_bit_synth.$proc$one_bit_synth.v:1032$35'.
  created $dff cell `$procdff$85' with positive edge clock.
Creating register for signal `\one_bit_synth.\_328' using process `\one_bit_synth.$proc$one_bit_synth.v:1015$28'.
  created $dff cell `$procdff$86' with positive edge clock.
Creating register for signal `\one_bit_synth.\_25' using process `\one_bit_synth.$proc$one_bit_synth.v:466$24'.
  created $dff cell `$procdff$87' with positive edge clock.
Creating register for signal `\one_bit_synth.\_17' using process `\one_bit_synth.$proc$one_bit_synth.v:445$20'.
  created $dff cell `$procdff$88' with positive edge clock.
Creating register for signal `\one_bit_synth.\_297' using process `\one_bit_synth.$proc$one_bit_synth.v:435$16'.
  created $dff cell `$procdff$89' with positive edge clock.

3.2.10. Executing PROC_MEMWR pass (convert process memory writes to cells).

3.2.11. Executing PROC_CLEAN pass (remove empty switches from decision trees).
Found and cleaned up 1 empty switch in `\one_bit_synth.$proc$one_bit_synth.v:1062$46'.
Removing empty process `one_bit_synth.$proc$one_bit_synth.v:1062$46'.
Found and cleaned up 1 empty switch in `\one_bit_synth.$proc$one_bit_synth.v:1053$43'.
Removing empty process `one_bit_synth.$proc$one_bit_synth.v:1053$43'.
Found and cleaned up 1 empty switch in `\one_bit_synth.$proc$one_bit_synth.v:1032$35'.
Removing empty process `one_bit_synth.$proc$one_bit_synth.v:1032$35'.
Found and cleaned up 1 empty switch in `\one_bit_synth.$proc$one_bit_synth.v:1015$28'.
Removing empty process `one_bit_synth.$proc$one_bit_synth.v:1015$28'.
Found and cleaned up 1 empty switch in `\one_bit_synth.$proc$one_bit_synth.v:473$25'.
Removing empty process `one_bit_synth.$proc$one_bit_synth.v:473$25'.
Found and cleaned up 1 empty switch in `\one_bit_synth.$proc$one_bit_synth.v:466$24'.
Removing empty process `one_bit_synth.$proc$one_bit_synth.v:466$24'.
Found and cleaned up 1 empty switch in `\one_bit_synth.$proc$one_bit_synth.v:451$21'.
Removing empty process `one_bit_synth.$proc$one_bit_synth.v:451$21'.
Found and cleaned up 1 empty switch in `\one_bit_synth.$proc$one_bit_synth.v:445$20'.
Removing empty process `one_bit_synth.$proc$one_bit_synth.v:445$20'.
Found and cleaned up 1 empty switch in `\one_bit_synth.$proc$one_bit_synth.v:435$16'.
Removing empty process `one_bit_synth.$proc$one_bit_synth.v:435$16'.
Found and cleaned up 1 empty switch in `\one_bit_synth.$proc$one_bit_synth.v:418$11'.
Removing empty process `one_bit_synth.$proc$one_bit_synth.v:418$11'.
Cleaned up 10 empty switches.

3.2.12. Executing OPT_EXPR pass (perform const folding).
Optimizing module one_bit_synth.
<suppressed ~2 debug messages>

3.3. Executing CHECK pass (checking for obvious problems).
Checking module one_bit_synth...
Found and reported 0 problems.

3.4. Executing FLATTEN pass (flatten design).

3.5. Executing OPT_EXPR pass (perform const folding).
Optimizing module one_bit_synth.

3.6. Executing CHECK pass (checking for obvious problems).
Checking module one_bit_synth...
Found and reported 0 problems.

3.7. Executing OPT_CLEAN pass (remove unused cells and wires).
Finding unused cells or wires in module \one_bit_synth..
Removed 0 unused cells and 56 unused wires.
<suppressed ~1 debug messages>

3.8. Executing OPT pass (performing simple optimizations).

3.8.1. Executing OPT_EXPR pass (perform const folding).
Optimizing module one_bit_synth.

3.8.2. Executing OPT_MERGE pass (detect identical cells).
Finding identical cells in module `\one_bit_synth'.
Computing hashes of 60 cells of `\one_bit_synth'.
Finding duplicate cells in `\one_bit_synth'.
Computing hashes of 55 cells of `\one_bit_synth'.
Finding duplicate cells in `\one_bit_synth'.
<suppressed ~15 debug messages>
Removed a total of 5 cells.

3.8.3. Executing OPT_MUXTREE pass (detect dead branches in mux trees).
Running muxtree optimizer on module \one_bit_synth..
  Creating internal representation of mux trees.
  Evaluating internal representation of mux trees.
  Analyzing evaluation results.
Removed 0 multiplexer ports.
<suppressed ~36 debug messages>

3.8.4. Executing OPT_REDUCE pass (consolidate $*mux and $reduce_* inputs).
  Optimizing cells in module \one_bit_synth.
    New ctrl vector for $pmux cell $procmux$79: $auto$opt_reduce.cc:137:opt_pmux$91
  Optimizing cells in module \one_bit_synth.
Performed a total of 1 changes.

3.8.5. Executing OPT_MERGE pass (detect identical cells).
Finding identical cells in module `\one_bit_synth'.
Computing hashes of 56 cells of `\one_bit_synth'.
Finding duplicate cells in `\one_bit_synth'.
Removed a total of 0 cells.

3.8.6. Executing OPT_DFF pass (perform DFF optimizations).

3.8.7. Executing OPT_CLEAN pass (remove unused cells and wires).
Finding unused cells or wires in module \one_bit_synth..
Removed 0 unused cells and 3 unused wires.
<suppressed ~1 debug messages>

3.8.8. Executing OPT_EXPR pass (perform const folding).
Optimizing module one_bit_synth.

3.8.9. Rerunning OPT passes. (Maybe there is more to do..)

3.8.10. Executing OPT_MUXTREE pass (detect dead branches in mux trees).
Running muxtree optimizer on module \one_bit_synth..
  Creating internal representation of mux trees.
  Evaluating internal representation of mux trees.
  Analyzing evaluation results.
Removed 0 multiplexer ports.
<suppressed ~36 debug messages>

3.8.11. Executing OPT_REDUCE pass (consolidate $*mux and $reduce_* inputs).
  Optimizing cells in module \one_bit_synth.
Performed a total of 0 changes.

3.8.12. Executing OPT_MERGE pass (detect identical cells).
Finding identical cells in module `\one_bit_synth'.
Computing hashes of 56 cells of `\one_bit_synth'.
Finding duplicate cells in `\one_bit_synth'.
Removed a total of 0 cells.

3.8.13. Executing OPT_DFF pass (perform DFF optimizations).

3.8.14. Executing OPT_CLEAN pass (remove unused cells and wires).
Finding unused cells or wires in module \one_bit_synth..

3.8.15. Executing OPT_EXPR pass (perform const folding).
Optimizing module one_bit_synth.

3.8.16. Finished fast OPT passes. (There is nothing left to do.)

3.9. Executing FSM pass (extract and optimize FSM).

3.9.1. Executing FSM_DETECT pass (finding FSMs in design).

3.9.2. Executing FSM_EXTRACT pass (extracting FSM from design).

3.9.3. Executing FSM_OPT pass (simple optimizations of FSMs).

3.9.4. Executing OPT_CLEAN pass (remove unused cells and wires).
Finding unused cells or wires in module \one_bit_synth..

3.9.5. Executing FSM_OPT pass (simple optimizations of FSMs).

3.9.6. Executing FSM_RECODE pass (re-assigning FSM state encoding).

3.9.7. Executing FSM_INFO pass (dumping all available information on FSM cells).

3.9.8. Executing FSM_MAP pass (mapping FSMs to basic logic).

3.10. Executing OPT pass (performing simple optimizations).

3.10.1. Executing OPT_EXPR pass (perform const folding).
Optimizing module one_bit_synth.

3.10.2. Executing OPT_MERGE pass (detect identical cells).
Finding identical cells in module `\one_bit_synth'.
Computing hashes of 56 cells of `\one_bit_synth'.
Finding duplicate cells in `\one_bit_synth'.
Removed a total of 0 cells.

3.10.3. Executing OPT_MUXTREE pass (detect dead branches in mux trees).
Running muxtree optimizer on module \one_bit_synth..
  Creating internal representation of mux trees.
  Evaluating internal representation of mux trees.
  Analyzing evaluation results.
Removed 0 multiplexer ports.
<suppressed ~36 debug messages>

3.10.4. Executing OPT_REDUCE pass (consolidate $*mux and $reduce_* inputs).
  Optimizing cells in module \one_bit_synth.
Performed a total of 0 changes.

3.10.5. Executing OPT_MERGE pass (detect identical cells).
Finding identical cells in module `\one_bit_synth'.
Computing hashes of 56 cells of `\one_bit_synth'.
Finding duplicate cells in `\one_bit_synth'.
Removed a total of 0 cells.

3.10.6. Executing OPT_DFF pass (perform DFF optimizations).
Adding SRST signal on $procdff$85 ($dff) from module one_bit_synth (D = \_379, Q = \_360, rval = 20'00000000000000000000).
Adding EN signal on $auto$ff.cc:337:slice$92 ($sdff) from module one_bit_synth (D = \_378, Q = \_360).
Adding SRST signal on $procdff$86 ($dff) from module one_bit_synth (D = \_357, Q = \_328, rval = 20'00000000000000000000).
Adding EN signal on $auto$ff.cc:337:slice$94 ($sdff) from module one_bit_synth (D = \_356, Q = \_328).
Adding SRST signal on $procdff$87 ($dff) from module one_bit_synth (D = \_325, Q = \_25, rval = 24'000000000000000000000000).
Adding EN signal on $auto$ff.cc:337:slice$96 ($sdff) from module one_bit_synth (D = \_324, Q = \_25).
Adding SRST signal on $procdff$88 ($dff) from module one_bit_synth (D = \_318, Q = \_17, rval = 5'00000).
Adding EN signal on $auto$ff.cc:337:slice$98 ($sdff) from module one_bit_synth (D = \_316, Q = \_17).
Adding SRST signal on $procdff$89 ($dff) from module one_bit_synth (D = \_310, Q = \_297, rval = 24'000000000000000000000000).
Adding EN signal on $auto$ff.cc:337:slice$102 ($sdff) from module one_bit_synth (D = \_309, Q = \_297).
Adding SRST signal on $procdff$83 ($dff) from module one_bit_synth (D = \_12, Q = \_336, rval = 1'0).
Adding EN signal on $auto$ff.cc:337:slice$104 ($sdff) from module one_bit_synth (D = \_385, Q = \_336).
Adding SRST signal on $procdff$84 ($dff) from module one_bit_synth (D = \_381, Q = \_20, rval = 4'0000).

3.10.7. Executing OPT_CLEAN pass (remove unused cells and wires).
Finding unused cells or wires in module \one_bit_synth..
Removed 15 unused cells and 22 unused wires.
<suppressed ~31 debug messages>

3.10.8. Executing OPT_EXPR pass (perform const folding).
Optimizing module one_bit_synth.

3.10.9. Rerunning OPT passes. (Maybe there is more to do..)

3.10.10. Executing OPT_MUXTREE pass (detect dead branches in mux trees).
Running muxtree optimizer on module \one_bit_synth..
  Creating internal representation of mux trees.
  Evaluating internal representation of mux trees.
  Analyzing evaluation results.
Removed 0 multiplexer ports.
<suppressed ~16 debug messages>

3.10.11. Executing OPT_REDUCE pass (consolidate $*mux and $reduce_* inputs).
  Optimizing cells in module \one_bit_synth.
Performed a total of 0 changes.

3.10.12. Executing OPT_MERGE pass (detect identical cells).
Finding identical cells in module `\one_bit_synth'.
Computing hashes of 43 cells of `\one_bit_synth'.
Finding duplicate cells in `\one_bit_synth'.
Removed a total of 0 cells.

3.10.13. Executing OPT_DFF pass (perform DFF optimizations).

3.10.14. Executing OPT_CLEAN pass (remove unused cells and wires).
Finding unused cells or wires in module \one_bit_synth..

3.10.15. Executing OPT_EXPR pass (perform const folding).
Optimizing module one_bit_synth.

3.10.16. Finished fast OPT passes. (There is nothing left to do.)

3.11. Executing WREDUCE pass (reducing word size of cells).
Removed top 24 address bits (of 32) from memory init port one_bit_synth.$auto$mem.cc:351:emit$50 ($auto$proc_rom.cc:155:do_switch$48).
Removed top 1 bits (of 20) from port B of cell one_bit_synth.$lt$one_bit_synth.v:259$2 ($lt).
Removed top 1 bits (of 20) from port B of cell one_bit_synth.$lt$one_bit_synth.v:267$5 ($lt).
Removed top 4 bits (of 5) from port B of cell one_bit_synth.$add$one_bit_synth.v:411$8 ($add).
Removed top 3 bits (of 5) from port B of cell one_bit_synth.$eq$one_bit_synth.v:413$9 ($eq).
Removed top 23 bits (of 24) from port B of cell one_bit_synth.$sub$one_bit_synth.v:430$12 ($sub).
Removed top 23 bits (of 24) from port B of cell one_bit_synth.$add$one_bit_synth.v:431$13 ($add).
Removed top 3 bits (of 4) from port B of cell one_bit_synth.$add$one_bit_synth.v:1050$41 ($add).
Removed top 10 bits (of 24) from mux cell one_bit_synth.$procmux$68 ($pmux).
Removed top 3 bits (of 5) from port B of cell one_bit_synth.$procmux$80_CMP0 ($eq).
Removed top 8 bits (of 24) from mux cell one_bit_synth.$procmux$79 ($mux).
Removed top 4 bits (of 5) from port B of cell one_bit_synth.$procmux$81_CMP0 ($eq).
Removed top 10 bits (of 24) from wire one_bit_synth._323.
Removed top 8 bits (of 24) from wire one_bit_synth._302.

3.12. Executing PEEPOPT pass (run peephole optimizers).

3.13. Executing OPT_CLEAN pass (remove unused cells and wires).
Finding unused cells or wires in module \one_bit_synth..
Removed 0 unused cells and 2 unused wires.
<suppressed ~1 debug messages>

3.14. Executing ALUMACC pass (create $alu and $macc cells).
Extracting $alu and $macc cells in module one_bit_synth:
  creating $macc model for $add$one_bit_synth.v:1050$41 ($add).
  creating $macc model for $add$one_bit_synth.v:1038$36 ($add).
  creating $macc model for $sub$one_bit_synth.v:1029$33 ($sub).
  creating $macc model for $add$one_bit_synth.v:1021$29 ($add).
  creating $macc model for $sub$one_bit_synth.v:1011$26 ($sub).
  creating $macc model for $add$one_bit_synth.v:463$22 ($add).
  creating $macc model for $add$one_bit_synth.v:431$13 ($add).
  creating $macc model for $sub$one_bit_synth.v:430$12 ($sub).
  creating $macc model for $add$one_bit_synth.v:411$8 ($add).
  merging $macc model for $sub$one_bit_synth.v:1011$26 into $add$one_bit_synth.v:1021$29.
  merging $macc model for $sub$one_bit_synth.v:1029$33 into $add$one_bit_synth.v:1038$36.
  creating $alu model for $macc $add$one_bit_synth.v:431$13.
  creating $alu model for $macc $add$one_bit_synth.v:463$22.
  creating $alu model for $macc $sub$one_bit_synth.v:430$12.
  creating $alu model for $macc $add$one_bit_synth.v:411$8.
  creating $alu model for $macc $add$one_bit_synth.v:1050$41.
  creating $macc cell for $add$one_bit_synth.v:1038$36: $auto$alumacc.cc:399:replace_macc$111
  creating $macc cell for $add$one_bit_synth.v:1021$29: $auto$alumacc.cc:399:replace_macc$112
  creating $alu model for $lt$one_bit_synth.v:1043$38 ($lt): new $alu
  creating $alu model for $lt$one_bit_synth.v:1027$31 ($lt): new $alu
  creating $alu model for $lt$one_bit_synth.v:267$5 ($lt): new $alu
  creating $alu model for $lt$one_bit_synth.v:259$2 ($lt): new $alu
  creating $alu cell for $lt$one_bit_synth.v:259$2: $auto$alumacc.cc:548:replace_alu$117
  creating $alu cell for $lt$one_bit_synth.v:267$5: $auto$alumacc.cc:548:replace_alu$122
  creating $alu cell for $lt$one_bit_synth.v:1027$31: $auto$alumacc.cc:548:replace_alu$127
  creating $alu cell for $lt$one_bit_synth.v:1043$38: $auto$alumacc.cc:548:replace_alu$132
  creating $alu cell for $add$one_bit_synth.v:1050$41: $auto$alumacc.cc:548:replace_alu$137
  creating $alu cell for $add$one_bit_synth.v:411$8: $auto$alumacc.cc:548:replace_alu$140
  creating $alu cell for $sub$one_bit_synth.v:430$12: $auto$alumacc.cc:548:replace_alu$143
  creating $alu cell for $add$one_bit_synth.v:463$22: $auto$alumacc.cc:548:replace_alu$146
  creating $alu cell for $add$one_bit_synth.v:431$13: $auto$alumacc.cc:548:replace_alu$149
  created 9 $alu and 2 $macc cells.

3.15. Executing SHARE pass (SAT-based resource sharing).

3.16. Executing OPT pass (performing simple optimizations).

3.16.1. Executing OPT_EXPR pass (perform const folding).
Optimizing module one_bit_synth.
<suppressed ~4 debug messages>

3.16.2. Executing OPT_MERGE pass (detect identical cells).
Finding identical cells in module `\one_bit_synth'.
Computing hashes of 47 cells of `\one_bit_synth'.
Finding duplicate cells in `\one_bit_synth'.
Removed a total of 0 cells.

3.16.3. Executing OPT_MUXTREE pass (detect dead branches in mux trees).
Running muxtree optimizer on module \one_bit_synth..
  Creating internal representation of mux trees.
  Evaluating internal representation of mux trees.
  Analyzing evaluation results.
Removed 0 multiplexer ports.
<suppressed ~16 debug messages>

3.16.4. Executing OPT_REDUCE pass (consolidate $*mux and $reduce_* inputs).
  Optimizing cells in module \one_bit_synth.
Performed a total of 0 changes.

3.16.5. Executing OPT_MERGE pass (detect identical cells).
Finding identical cells in module `\one_bit_synth'.
Computing hashes of 47 cells of `\one_bit_synth'.
Finding duplicate cells in `\one_bit_synth'.
Removed a total of 0 cells.

3.16.6. Executing OPT_DFF pass (perform DFF optimizations).

3.16.7. Executing OPT_CLEAN pass (remove unused cells and wires).
Finding unused cells or wires in module \one_bit_synth..
Removed 6 unused cells and 10 unused wires.
<suppressed ~13 debug messages>

3.16.8. Executing OPT_EXPR pass (perform const folding).
Optimizing module one_bit_synth.

3.16.9. Rerunning OPT passes. (Maybe there is more to do..)

3.16.10. Executing OPT_MUXTREE pass (detect dead branches in mux trees).
Running muxtree optimizer on module \one_bit_synth..
  Creating internal representation of mux trees.
  Evaluating internal representation of mux trees.
  Analyzing evaluation results.
Removed 0 multiplexer ports.
<suppressed ~16 debug messages>

3.16.11. Executing OPT_REDUCE pass (consolidate $*mux and $reduce_* inputs).
  Optimizing cells in module \one_bit_synth.
Performed a total of 0 changes.

3.16.12. Executing OPT_MERGE pass (detect identical cells).
Finding identical cells in module `\one_bit_synth'.
Computing hashes of 41 cells of `\one_bit_synth'.
Finding duplicate cells in `\one_bit_synth'.
Removed a total of 0 cells.

3.16.13. Executing OPT_DFF pass (perform DFF optimizations).

3.16.14. Executing OPT_CLEAN pass (remove unused cells and wires).
Finding unused cells or wires in module \one_bit_synth..

3.16.15. Executing OPT_EXPR pass (perform const folding).
Optimizing module one_bit_synth.

3.16.16. Finished fast OPT passes. (There is nothing left to do.)

3.17. Executing MEMORY pass.

3.17.1. Executing OPT_MEM pass (optimize memories).
Performed a total of 0 transformations.

3.17.2. Executing OPT_MEM_PRIORITY pass (removing unnecessary memory write priority relations).
Performed a total of 0 transformations.

3.17.3. Executing OPT_MEM_FEEDBACK pass (finding memory read-to-write feedback paths).

3.17.4. Executing MEMORY_BMUX2ROM pass (converting muxes to ROMs).

3.17.5. Executing MEMORY_DFF pass (merging $dff cells to $memrd).
Checking read port `$auto$proc_rom.cc:155:do_switch$48'[0] in module `\one_bit_synth': no output FF found.
Checking read port address `$auto$proc_rom.cc:155:do_switch$48'[0] in module `\one_bit_synth': merged address FF to cell.

3.17.6. Executing OPT_CLEAN pass (remove unused cells and wires).
Finding unused cells or wires in module \one_bit_synth..

3.17.7. Executing MEMORY_SHARE pass (consolidating $memrd/$memwr cells).

3.17.8. Executing OPT_MEM_WIDEN pass (optimize memories where all ports are wide).
Performed a total of 0 transformations.

3.17.9. Executing OPT_CLEAN pass (remove unused cells and wires).
Finding unused cells or wires in module \one_bit_synth..

3.17.10. Executing MEMORY_COLLECT pass (generating $mem cells).

3.18. Executing OPT_CLEAN pass (remove unused cells and wires).
Finding unused cells or wires in module \one_bit_synth..

3.19. Executing OPT pass (performing simple optimizations).

3.19.1. Executing OPT_EXPR pass (perform const folding).
Optimizing module one_bit_synth.
<suppressed ~4 debug messages>

3.19.2. Executing OPT_MERGE pass (detect identical cells).
Finding identical cells in module `\one_bit_synth'.
Computing hashes of 114 cells of `\one_bit_synth'.
Finding duplicate cells in `\one_bit_synth'.
Computing hashes of 78 cells of `\one_bit_synth'.
Finding duplicate cells in `\one_bit_synth'.
<suppressed ~108 debug messages>
Removed a total of 36 cells.

3.19.3. Executing OPT_DFF pass (perform DFF optimizations).

3.19.4. Executing OPT_CLEAN pass (remove unused cells and wires).
Finding unused cells or wires in module \one_bit_synth..
Removed 36 unused cells and 72 unused wires.
<suppressed ~37 debug messages>

3.19.5. Finished fast OPT passes.

3.20. Executing MEMORY_MAP pass (converting memories to logic and flip-flops).
Mapping memory $auto$proc_rom.cc:155:do_switch$48 in module \one_bit_synth:
  created 256 $dff cells and 0 static cells of width 12.
Extracted data FF from read port 0 of one_bit_synth.$auto$proc_rom.cc:155:do_switch$48: $$auto$proc_rom.cc:155:do_switch$48$rdreg[0]
  read interface: 1 $dff and 255 $mux cells.
  write interface: 0 write mux blocks.

3.21. Executing OPT pass (performing simple optimizations).

3.21.1. Executing OPT_EXPR pass (perform const folding).
Optimizing module one_bit_synth.

3.21.2. Executing OPT_MERGE pass (detect identical cells).
Finding identical cells in module `\one_bit_synth'.
Computing hashes of 297 cells of `\one_bit_synth'.
Finding duplicate cells in `\one_bit_synth'.
Removed a total of 0 cells.

3.21.3. Executing OPT_MUXTREE pass (detect dead branches in mux trees).
Running muxtree optimizer on module \one_bit_synth..
  Creating internal representation of mux trees.
  Evaluating internal representation of mux trees.
  Analyzing evaluation results.
Removed 0 multiplexer ports.
<suppressed ~275 debug messages>

3.21.4. Executing OPT_REDUCE pass (consolidate $*mux and $reduce_* inputs).
  Optimizing cells in module \one_bit_synth.
    Consolidated identical input bits for $mux cell $memory$auto$proc_rom.cc:155:do_switch$48$rdmux[0][7][126]$1061:
      Old ports: A=12'111100110111, B=12'111101101001, Y=$memory$auto$proc_rom.cc:155:do_switch$48$rdmux[0][6][63]$a$681
      New ports: A=2'01, B=2'10, Y={ $memory$auto$proc_rom.cc:155:do_switch$48$rdmux[0][6][63]$a$681 [3] $memory$auto$proc_rom.cc:155:do_switch$48$rdmux[0][6][63]$a$681 [1] }
      New connections: { $memory$auto$proc_rom.cc:155:do_switch$48$rdmux[0][6][63]$a$681 [11:4] $memory$auto$proc_rom.cc:155:do_switch$48$rdmux[0][6][63]$a$681 [2] $memory$auto$proc_rom.cc:155:do_switch$48$rdmux[0][6][63]$a$681 [0] } = { 5'11110 $memory$auto$proc_rom.cc:155:do_switch$48$rdmux[0][6][63]$a$681 [3] 1'1 $memory$auto$proc_rom.cc:155:do_switch$48$rdmux[0][6][63]$a$681 [1] $memory$auto$proc_rom.cc:155:do_switch$48$rdmux[0][6][63]$a$681 [1] 1'1 }
    Consolidated identical input bits for $mux cell $memory$auto$proc_rom.cc:155:do_switch$48$rdmux[0][7][125]$1058:
      Old ports: A=12'111011010100, B=12'111100000101, Y=$memory$auto$proc_rom.cc:155:do_switch$48$rdmux[0][6][62]$b$679
      New ports: A=2'10, B=2'01, Y={ $memory$auto$proc_rom.cc:155:do_switch$48$rdmux[0][6][62]$b$679 [4] $memory$auto$proc_rom.cc:155:do_switch$48$rdmux[0][6][62]$b$679 [0] }
      New connections: { $memory$auto$proc_rom.cc:155:do_switch$48$rdmux[0][6][62]$b$679 [11:5] $memory$auto$proc_rom.cc:155:do_switch$48$rdmux[0][6][62]$b$679 [3:1] } = { 3'111 $memory$auto$proc_rom.cc:155:do_switch$48$rdmux[0][6][62]$b$679 [0] $memory$auto$proc_rom.cc:155:do_switch$48$rdmux[0][6][62]$b$679 [4] $memory$auto$proc_rom.cc:155:do_switch$48$rdmux[0][6][62]$b$679 [4] 4'0010 }
    Consolidated identical input bits for $mux cell $memory$auto$proc_rom.cc:155:do_switch$48$rdmux[0][7][124]$1055:
      Old ports: A=12'111001110001, B=12'111010100010, Y=$memory$auto$proc_rom.cc:155:do_switch$48$rdmux[0][6][62]$a$678
      New ports: A=2'01, B=2'10, Y=$memory$auto$proc_rom.cc:155:do_switch$48$rdmux[0][6][62]$a$678 [1:0]
      New connections: $memory$auto$proc_rom.cc:155:do_switch$48$rdmux[0][6][62]$a$678 [11:2] = { 4'1110 $memory$auto$proc_rom.cc:155:do_switch$48$rdmux[0][6][62]$a$678 [1:0] 1'1 $memory$auto$proc_rom.cc:155:do_switch$48$rdmux[0][6][62]$a$678 [0] 2'00 }
    Consolidated identical input bits for $mux cell $memory$auto$proc_rom.cc:155:do_switch$48$rdmux[0][7][123]$1052:
      Old ports: A=12'111000001111, B=12'111000111111, Y=$memory$auto$proc_rom.cc:155:do_switch$48$rdmux[0][6][61]$b$676
      New ports: A=1'0, B=1'1, Y=$memory$auto$proc_rom.cc:155:do_switch$48$rdmux[0][6][61]$b$676 [4]
      New connections: { $memory$auto$proc_rom.cc:155:do_switch$48$rdmux[0][6][61]$b$676 [11:5] $memory$auto$proc_rom.cc:155:do_switch$48$rdmux[0][6][61]$b$676 [3:0] } = { 6'111000 $memory$auto$proc_rom.cc:155:do_switch$48$rdmux[0][6][61]$b$676 [4] 4'1111 }
    Consolidated identical input bits for $mux cell $memory$auto$proc_rom.cc:155:do_switch$48$rdmux[0][7][122]$1049:
      Old ports: A=12'110110101110, B=12'110111011110, Y=$memory$auto$proc_rom.cc:155:do_switch$48$rdmux[0][6][61]$a$675
      New ports: A=2'10, B=2'01, Y=$memory$auto$proc_rom.cc:155:do_switch$48$rdmux[0][6][61]$a$675 [5:4]
      New connections: { $memory$auto$proc_rom.cc:155:do_switch$48$rdmux[0][6][61]$a$675 [11:6] $memory$auto$proc_rom.cc:155:do_switch$48$rdmux[0][6][61]$a$675 [3:0] } = { 5'11011 $memory$auto$proc_rom.cc:155:do_switch$48$rdmux[0][6][61]$a$675 [4] 4'1110 }
    Consolidated identical input bits for $mux cell $memory$auto$proc_rom.cc:155:do_switch$48$rdmux[0][7][121]$1046:
      Old ports: A=12'110101001110, B=12'110101111110, Y=$memory$auto$proc_rom.cc:155:do_switch$48$rdmux[0][6][60]$b$673
      New ports: A=1'0, B=1'1, Y=$memory$auto$proc_rom.cc:155:do_switch$48$rdmux[0][6][60]$b$673 [4]
      New connections: { $memory$auto$proc_rom.cc:155:do_switch$48$rdmux[0][6][60]$b$673 [11:5] $memory$auto$proc_rom.cc:155:do_switch$48$rdmux[0][6][60]$b$673 [3:0] } = { 6'110101 $memory$auto$proc_rom.cc:155:do_switch$48$rdmux[0][6][60]$b$673 [4] 4'1110 }
    Consolidated identical input bits for $mux cell $memory$auto$proc_rom.cc:155:do_switch$48$rdmux[0][7][120]$1043:
      Old ports: A=12'110011110001, B=12'110100011111, Y=$memory$auto$proc_rom.cc:155:do_switch$48$rdmux[0][6][60]$a$672
      New ports: A=2'10, B=2'01, Y={ $memory$auto$proc_rom.cc:155:do_switch$48$rdmux[0][6][60]$a$672 [5] $memory$auto$proc_rom.cc:155:do_switch$48$rdmux[0][6][60]$a$672 [1] }
      New connections: { $memory$auto$proc_rom.cc:155:do_switch$48$rdmux[0][6][60]$a$672 [11:6] $memory$auto$proc_rom.cc:155:do_switch$48$rdmux[0][6][60]$a$672 [4:2] $memory$auto$proc_rom.cc:155:do_switch$48$rdmux[0][6][60]$a$672 [0] } = { 3'110 $memory$auto$proc_rom.cc:155:do_switch$48$rdmux[0][6][60]$a$672 [1] $memory$auto$proc_rom.cc:155:do_switch$48$rdmux[0][6][60]$a$672 [5] $memory$auto$proc_rom.cc:155:do_switch$48$rdmux[0][6][60]$a$672 [5] 1'1 $memory$auto$proc_rom.cc:155:do_switch$48$rdmux[0][6][60]$a$672 [1] $memory$auto$proc_rom.cc:155:do_switch$48$rdmux[0][6][60]$a$672 [1] 1'1 }
    Consolidated identical input bits for $mux cell $memory$auto$proc_rom.cc:155:do_switch$48$rdmux[0][7][119]$1040:
      Old ports: A=12'110010010101, B=12'110011000010, Y=$memory$auto$proc_rom.cc:155:do_switch$48$rdmux[0][6][59]$b$670
      New ports: A=2'01, B=2'10, Y=$memory$auto$proc_rom.cc:155:do_switch$48$rdmux[0][6][59]$b$670 [1:0]
      New connections: $memory$auto$proc_rom.cc:155:do_switch$48$rdmux[0][6][59]$b$670 [11:2] = { 5'11001 $memory$auto$proc_rom.cc:155:do_switch$48$rdmux[0][6][59]$b$670 [1] 1'0 $memory$auto$proc_rom.cc:155:do_switch$48$rdmux[0][6][59]$b$670 [0] 1'0 $memory$auto$proc_rom.cc:155:do_switch$48$rdmux[0][6][59]$b$670 [0] }
    Consolidated identical input bits for $mux cell $memory$auto$proc_rom.cc:155:do_switch$48$rdmux[0][7][118]$1037:
      Old ports: A=12'110000111011, B=12'110001101000, Y=$memory$auto$proc_rom.cc:155:do_switch$48$rdmux[0][6][59]$a$669
      New ports: A=2'01, B=2'10, Y={ $memory$auto$proc_rom.cc:155:do_switch$48$rdmux[0][6][59]$a$669 [6] $memory$auto$proc_rom.cc:155:do_switch$48$rdmux[0][6][59]$a$669 [0] }
      New connections: { $memory$auto$proc_rom.cc:155:do_switch$48$rdmux[0][6][59]$a$669 [11:7] $memory$auto$proc_rom.cc:155:do_switch$48$rdmux[0][6][59]$a$669 [5:1] } = { 6'110001 $memory$auto$proc_rom.cc:155:do_switch$48$rdmux[0][6][59]$a$669 [0] 2'10 $memory$auto$proc_rom.cc:155:do_switch$48$rdmux[0][6][59]$a$669 [0] }
    Consolidated identical input bits for $mux cell $memory$auto$proc_rom.cc:155:do_switch$48$rdmux[0][7][117]$1034:
      Old ports: A=12'101111100100, B=12'110000001111, Y=$memory$auto$proc_rom.cc:155:do_switch$48$rdmux[0][6][58]$b$667
      New ports: A=2'10, B=2'01, Y={ $memory$auto$proc_rom.cc:155:do_switch$48$rdmux[0][6][58]$b$667 [5] $memory$auto$proc_rom.cc:155:do_switch$48$rdmux[0][6][58]$b$667 [0] }
      New connections: { $memory$auto$proc_rom.cc:155:do_switch$48$rdmux[0][6][58]$b$667 [11:6] $memory$auto$proc_rom.cc:155:do_switch$48$rdmux[0][6][58]$b$667 [4:1] } = { 1'1 $memory$auto$proc_rom.cc:155:do_switch$48$rdmux[0][6][58]$b$667 [0] $memory$auto$proc_rom.cc:155:do_switch$48$rdmux[0][6][58]$b$667 [5] $memory$auto$proc_rom.cc:155:do_switch$48$rdmux[0][6][58]$b$667 [5] $memory$auto$proc_rom.cc:155:do_switch$48$rdmux[0][6][58]$b$667 [5] $memory$auto$proc_rom.cc:155:do_switch$48$rdmux[0][6][58]$b$667 [5] 1'0 $memory$auto$proc_rom.cc:155:do_switch$48$rdmux[0][6][58]$b$667 [0] 1'1 $memory$auto$proc_rom.cc:155:do_switch$48$rdmux[0][6][58]$b$667 [0] }
    Consolidated identical input bits for $mux cell $memory$auto$proc_rom.cc:155:do_switch$48$rdmux[0][7][116]$1031:
      Old ports: A=12'101110001111, B=12'101110111001, Y=$memory$auto$proc_rom.cc:155:do_switch$48$rdmux[0][6][58]$a$666
      New ports: A=2'01, B=2'10, Y={ $memory$auto$proc_rom.cc:155:do_switch$48$rdmux[0][6][58]$a$666 [4] $memory$auto$proc_rom.cc:155:do_switch$48$rdmux[0][6][58]$a$666 [1] }
      New connections: { $memory$auto$proc_rom.cc:155:do_switch$48$rdmux[0][6][58]$a$666 [11:5] $memory$auto$proc_rom.cc:155:do_switch$48$rdmux[0][6][58]$a$666 [3:2] $memory$auto$proc_rom.cc:155:do_switch$48$rdmux[0][6][58]$a$666 [0] } = { 6'101110 $memory$auto$proc_rom.cc:155:do_switch$48$rdmux[0][6][58]$a$666 [4] 1'1 $memory$auto$proc_rom.cc:155:do_switch$48$rdmux[0][6][58]$a$666 [1] 1'1 }
    Consolidated identical input bits for $mux cell $memory$auto$proc_rom.cc:155:do_switch$48$rdmux[0][7][115]$1028:
      Old ports: A=12'101100111101, B=12'101101100101, Y=$memory$auto$proc_rom.cc:155:do_switch$48$rdmux[0][6][57]$b$664
      New ports: A=2'01, B=2'10, Y={ $memory$auto$proc_rom.cc:155:do_switch$48$rdmux[0][6][57]$b$664 [6] $memory$auto$proc_rom.cc:155:do_switch$48$rdmux[0][6][57]$b$664 [3] }
      New connections: { $memory$auto$proc_rom.cc:155:do_switch$48$rdmux[0][6][57]$b$664 [11:7] $memory$auto$proc_rom.cc:155:do_switch$48$rdmux[0][6][57]$b$664 [5:4] $memory$auto$proc_rom.cc:155:do_switch$48$rdmux[0][6][57]$b$664 [2:0] } = { 6'101101 $memory$auto$proc_rom.cc:155:do_switch$48$rdmux[0][6][57]$b$664 [3] 3'101 }
    Consolidated identical input bits for $mux cell $memory$auto$proc_rom.cc:155:do_switch$48$rdmux[0][7][114]$1025:
      Old ports: A=12'101011101101, B=12'101100010101, Y=$memory$auto$proc_rom.cc:155:do_switch$48$rdmux[0][6][57]$a$663
      New ports: A=2'01, B=2'10, Y=$memory$auto$proc_rom.cc:155:do_switch$48$rdmux[0][6][57]$a$663 [4:3]
      New connections: { $memory$auto$proc_rom.cc:155:do_switch$48$rdmux[0][6][57]$a$663 [11:5] $memory$auto$proc_rom.cc:155:do_switch$48$rdmux[0][6][57]$a$663 [2:0] } = { 3'101 $memory$auto$proc_rom.cc:155:do_switch$48$rdmux[0][6][57]$a$663 [4:3] $memory$auto$proc_rom.cc:155:do_switch$48$rdmux[0][6][57]$a$663 [3] $memory$auto$proc_rom.cc:155:do_switch$48$rdmux[0][6][57]$a$663 [3] 3'101 }
    Consolidated identical input bits for $mux cell $memory$auto$proc_rom.cc:155:do_switch$48$rdmux[0][7][113]$1022:
      Old ports: A=12'101010100001, B=12'101011000111, Y=$memory$auto$proc_rom.cc:155:do_switch$48$rdmux[0][6][56]$b$661
      New ports: A=2'10, B=2'01, Y={ $memory$auto$proc_rom.cc:155:do_switch$48$rdmux[0][6][56]$b$661 [5] $memory$auto$proc_rom.cc:155:do_switch$48$rdmux[0][6][56]$b$661 [1] }
      New connections: { $memory$auto$proc_rom.cc:155:do_switch$48$rdmux[0][6][56]$b$661 [11:6] $memory$auto$proc_rom.cc:155:do_switch$48$rdmux[0][6][56]$b$661 [4:2] $memory$auto$proc_rom.cc:155:do_switch$48$rdmux[0][6][56]$b$661 [0] } = { 5'10101 $memory$auto$proc_rom.cc:155:do_switch$48$rdmux[0][6][56]$b$661 [1] 2'00 $memory$auto$proc_rom.cc:155:do_switch$48$rdmux[0][6][56]$b$661 [1] 1'1 }
    Consolidated identical input bits for $mux cell $memory$auto$proc_rom.cc:155:do_switch$48$rdmux[0][7][112]$1019:
      Old ports: A=12'101001011001, B=12'101001111101, Y=$memory$auto$proc_rom.cc:155:do_switch$48$rdmux[0][6][56]$a$660
      New ports: A=1'0, B=1'1, Y=$memory$auto$proc_rom.cc:155:do_switch$48$rdmux[0][6][56]$a$660 [2]
      New connections: { $memory$auto$proc_rom.cc:155:do_switch$48$rdmux[0][6][56]$a$660 [11:3] $memory$auto$proc_rom.cc:155:do_switch$48$rdmux[0][6][56]$a$660 [1:0] } = { 6'101001 $memory$auto$proc_rom.cc:155:do_switch$48$rdmux[0][6][56]$a$660 [2] 4'1101 }
    Consolidated identical input bits for $mux cell $memory$auto$proc_rom.cc:155:do_switch$48$rdmux[0][7][111]$1016:
      Old ports: A=12'101000010011, B=12'101000110101, Y=$memory$auto$proc_rom.cc:155:do_switch$48$rdmux[0][6][55]$b$658
      New ports: A=2'01, B=2'10, Y=$memory$auto$proc_rom.cc:155:do_switch$48$rdmux[0][6][55]$b$658 [2:1]
      New connections: { $memory$auto$proc_rom.cc:155:do_switch$48$rdmux[0][6][55]$b$658 [11:3] $memory$auto$proc_rom.cc:155:do_switch$48$rdmux[0][6][55]$b$658 [0] } = { 6'101000 $memory$auto$proc_rom.cc:155:do_switch$48$rdmux[0][6][55]$b$658 [2] 3'101 }
    Consolidated identical input bits for $mux cell $memory$auto$proc_rom.cc:155:do_switch$48$rdmux[0][7][110]$1013:
      Old ports: A=12'100111010010, B=12'100111110010, Y=$memory$auto$proc_rom.cc:155:do_switch$48$rdmux[0][6][55]$a$657
      New ports: A=1'0, B=1'1, Y=$memory$auto$proc_rom.cc:155:do_switch$48$rdmux[0][6][55]$a$657 [5]
      New connections: { $memory$auto$proc_rom.cc:155:do_switch$48$rdmux[0][6][55]$a$657 [11:6] $memory$auto$proc_rom.cc:155:do_switch$48$rdmux[0][6][55]$a$657 [4:0] } = 11'10011110010
    Consolidated identical input bits for $mux cell $memory$auto$proc_rom.cc:155:do_switch$48$rdmux[0][7][109]$1010:
      Old ports: A=12'100110010100, B=12'100110110010, Y=$memory$auto$proc_rom.cc:155:do_switch$48$rdmux[0][6][54]$b$655
      New ports: A=2'10, B=2'01, Y=$memory$auto$proc_rom.cc:155:do_switch$48$rdmux[0][6][54]$b$655 [2:1]
      New connections: { $memory$auto$proc_rom.cc:155:do_switch$48$rdmux[0][6][54]$b$655 [11:3] $memory$auto$proc_rom.cc:155:do_switch$48$rdmux[0][6][54]$b$655 [0] } = { 6'100110 $memory$auto$proc_rom.cc:155:do_switch$48$rdmux[0][6][54]$b$655 [1] 3'100 }
    Consolidated identical input bits for $mux cell $memory$auto$proc_rom.cc:155:do_switch$48$rdmux[0][7][108]$1007:
      Old ports: A=12'100101011010, B=12'100101110110, Y=$memory$auto$proc_rom.cc:155:do_switch$48$rdmux[0][6][54]$a$654
      New ports: A=2'10, B=2'01, Y=$memory$auto$proc_rom.cc:155:do_switch$48$rdmux[0][6][54]$a$654 [3:2]
      New connections: { $memory$auto$proc_rom.cc:155:do_switch$48$rdmux[0][6][54]$a$654 [11:4] $memory$auto$proc_rom.cc:155:do_switch$48$rdmux[0][6][54]$a$654 [1:0] } = { 6'100101 $memory$auto$proc_rom.cc:155:do_switch$48$rdmux[0][6][54]$a$654 [2] 3'110 }
    Consolidated identical input bits for $mux cell $memory$auto$proc_rom.cc:155:do_switch$48$rdmux[0][7][107]$1004:
      Old ports: A=12'100100100100, B=12'100100111111, Y=$memory$auto$proc_rom.cc:155:do_switch$48$rdmux[0][6][53]$b$652
      New ports: A=1'0, B=1'1, Y=$memory$auto$proc_rom.cc:155:do_switch$48$rdmux[0][6][53]$b$652 [0]
      New connections: $memory$auto$proc_rom.cc:155:do_switch$48$rdmux[0][6][53]$b$652 [11:1] = { 7'1001001 $memory$auto$proc_rom.cc:155:do_switch$48$rdmux[0][6][53]$b$652 [0] $memory$auto$proc_rom.cc:155:do_switch$48$rdmux[0][6][53]$b$652 [0] 1'1 $memory$auto$proc_rom.cc:155:do_switch$48$rdmux[0][6][53]$b$652 [0] }
    Consolidated identical input bits for $mux cell $memory$auto$proc_rom.cc:155:do_switch$48$rdmux[0][7][106]$1001:
      Old ports: A=12'100011110011, B=12'100100001011, Y=$memory$auto$proc_rom.cc:155:do_switch$48$rdmux[0][6][53]$a$651
      New ports: A=2'10, B=2'01, Y=$memory$auto$proc_rom.cc:155:do_switch$48$rdmux[0][6][53]$a$651 [4:3]
      New connections: { $memory$auto$proc_rom.cc:155:do_switch$48$rdmux[0][6][53]$a$651 [11:5] $memory$auto$proc_rom.cc:155:do_switch$48$rdmux[0][6][53]$a$651 [2:0] } = { 3'100 $memory$auto$proc_rom.cc:155:do_switch$48$rdmux[0][6][53]$a$651 [3] $memory$auto$proc_rom.cc:155:do_switch$48$rdmux[0][6][53]$a$651 [4] $memory$auto$proc_rom.cc:155:do_switch$48$rdmux[0][6][53]$a$651 [4] $memory$auto$proc_rom.cc:155:do_switch$48$rdmux[0][6][53]$a$651 [4] 3'011 }
    Consolidated identical input bits for $mux cell $memory$auto$proc_rom.cc:155:do_switch$48$rdmux[0][7][105]$998:
      Old ports: A=12'100011000110, B=12'100011011100, Y=$memory$auto$proc_rom.cc:155:do_switch$48$rdmux[0][6][52]$b$649
      New ports: A=2'01, B=2'10, Y={ $memory$auto$proc_rom.cc:155:do_switch$48$rdmux[0][6][52]$b$649 [3] $memory$auto$proc_rom.cc:155:do_switch$48$rdmux[0][6][52]$b$649 [1] }
      New connections: { $memory$auto$proc_rom.cc:155:do_switch$48$rdmux[0][6][52]$b$649 [11:4] $memory$auto$proc_rom.cc:155:do_switch$48$rdmux[0][6][52]$b$649 [2] $memory$auto$proc_rom.cc:155:do_switch$48$rdmux[0][6][52]$b$649 [0] } = { 7'1000110 $memory$auto$proc_rom.cc:155:do_switch$48$rdmux[0][6][52]$b$649 [3] 2'10 }
    Consolidated identical input bits for $mux cell $memory$auto$proc_rom.cc:155:do_switch$48$rdmux[0][7][104]$995:
      Old ports: A=12'100010011101, B=12'100010110001, Y=$memory$auto$proc_rom.cc:155:do_switch$48$rdmux[0][6][52]$a$648
      New ports: A=2'01, B=2'10, Y={ $memory$auto$proc_rom.cc:155:do_switch$48$rdmux[0][6][52]$a$648 [5] $memory$auto$proc_rom.cc:155:do_switch$48$rdmux[0][6][52]$a$648 [2] }
      New connections: { $memory$auto$proc_rom.cc:155:do_switch$48$rdmux[0][6][52]$a$648 [11:6] $memory$auto$proc_rom.cc:155:do_switch$48$rdmux[0][6][52]$a$648 [4:3] $memory$auto$proc_rom.cc:155:do_switch$48$rdmux[0][6][52]$a$648 [1:0] } = { 7'1000101 $memory$auto$proc_rom.cc:155:do_switch$48$rdmux[0][6][52]$a$648 [2] 2'01 }
    Consolidated identical input bits for $mux cell $memory$auto$proc_rom.cc:155:do_switch$48$rdmux[0][7][103]$992:
      Old ports: A=12'100001111001, B=12'100010001010, Y=$memory$auto$proc_rom.cc:155:do_switch$48$rdmux[0][6][51]$b$646
      New ports: A=2'01, B=2'10, Y=$memory$auto$proc_rom.cc:155:do_switch$48$rdmux[0][6][51]$b$646 [1:0]
      New connections: $memory$auto$proc_rom.cc:155:do_switch$48$rdmux[0][6][51]$b$646 [11:2] = { 4'1000 $memory$auto$proc_rom.cc:155:do_switch$48$rdmux[0][6][51]$b$646 [1:0] $memory$auto$proc_rom.cc:155:do_switch$48$rdmux[0][6][51]$b$646 [0] $memory$auto$proc_rom.cc:155:do_switch$48$rdmux[0][6][51]$b$646 [0] 2'10 }
    Consolidated identical input bits for $mux cell $memory$auto$proc_rom.cc:155:do_switch$48$rdmux[0][7][102]$989:
      Old ports: A=12'100001011001, B=12'100001101000, Y=$memory$auto$proc_rom.cc:155:do_switch$48$rdmux[0][6][51]$a$645
      New ports: A=2'01, B=2'10, Y={ $memory$auto$proc_rom.cc:155:do_switch$48$rdmux[0][6][51]$a$645 [5] $memory$auto$proc_rom.cc:155:do_switch$48$rdmux[0][6][51]$a$645 [0] }
      New connections: { $memory$auto$proc_rom.cc:155:do_switch$48$rdmux[0][6][51]$a$645 [11:6] $memory$auto$proc_rom.cc:155:do_switch$48$rdmux[0][6][51]$a$645 [4:1] } = { 6'100001 $memory$auto$proc_rom.cc:155:do_switch$48$rdmux[0][6][51]$a$645 [0] 3'100 }
    Consolidated identical input bits for $mux cell $memory$auto$proc_rom.cc:155:do_switch$48$rdmux[0][7][101]$986:
      Old ports: A=12'100000111110, B=12'100001001011, Y=$memory$auto$proc_rom.cc:155:do_switch$48$rdmux[0][6][50]$b$643
      New ports: A=2'10, B=2'01, Y={ $memory$auto$proc_rom.cc:155:do_switch$48$rdmux[0][6][50]$b$643 [2] $memory$auto$proc_rom.cc:155:do_switch$48$rdmux[0][6][50]$b$643 [0] }
      New connections: { $memory$auto$proc_rom.cc:155:do_switch$48$rdmux[0][6][50]$b$643 [11:3] $memory$auto$proc_rom.cc:155:do_switch$48$rdmux[0][6][50]$b$643 [1] } = { 5'10000 $memory$auto$proc_rom.cc:155:do_switch$48$rdmux[0][6][50]$b$643 [0] $memory$auto$proc_rom.cc:155:do_switch$48$rdmux[0][6][50]$b$643 [2] $memory$auto$proc_rom.cc:155:do_switch$48$rdmux[0][6][50]$b$643 [2] 2'11 }
    Consolidated identical input bits for $mux cell $memory$auto$proc_rom.cc:155:do_switch$48$rdmux[0][7][100]$983:
      Old ports: A=12'100000101000, B=12'100000110011, Y=$memory$auto$proc_rom.cc:155:do_switch$48$rdmux[0][6][50]$a$642
      New ports: A=2'10, B=2'01, Y={ $memory$auto$proc_rom.cc:155:do_switch$48$rdmux[0][6][50]$a$642 [3] $memory$auto$proc_rom.cc:155:do_switch$48$rdmux[0][6][50]$a$642 [0] }
      New connections: { $memory$auto$proc_rom.cc:155:do_switch$48$rdmux[0][6][50]$a$642 [11:4] $memory$auto$proc_rom.cc:155:do_switch$48$rdmux[0][6][50]$a$642 [2:1] } = { 7'1000001 $memory$auto$proc_rom.cc:155:do_switch$48$rdmux[0][6][50]$a$642 [0] 1'0 $memory$auto$proc_rom.cc:155:do_switch$48$rdmux[0][6][50]$a$642 [0] }
    Consolidated identical input bits for $mux cell $memory$auto$proc_rom.cc:155:do_switch$48$rdmux[0][7][99]$980:
      Old ports: A=12'100000010111, B=12'100000011111, Y=$memory$auto$proc_rom.cc:155:do_switch$48$rdmux[0][6][49]$b$640
      New ports: A=1'0, B=1'1, Y=$memory$auto$proc_rom.cc:155:do_switch$48$rdmux[0][6][49]$b$640 [3]
      New connections: { $memory$auto$proc_rom.cc:155:do_switch$48$rdmux[0][6][49]$b$640 [11:4] $memory$auto$proc_rom.cc:155:do_switch$48$rdmux[0][6][49]$b$640 [2:0] } = 11'10000001111
    Consolidated identical input bits for $mux cell $memory$auto$proc_rom.cc:155:do_switch$48$rdmux[0][7][98]$977:
      Old ports: A=12'100000001011, B=12'100000010000, Y=$memory$auto$proc_rom.cc:155:do_switch$48$rdmux[0][6][49]$a$639
      New ports: A=2'01, B=2'10, Y={ $memory$auto$proc_rom.cc:155:do_switch$48$rdmux[0][6][49]$a$639 [4] $memory$auto$proc_rom.cc:155:do_switch$48$rdmux[0][6][49]$a$639 [0] }
      New connections: { $memory$auto$proc_rom.cc:155:do_switch$48$rdmux[0][6][49]$a$639 [11:5] $memory$auto$proc_rom.cc:155:do_switch$48$rdmux[0][6][49]$a$639 [3:1] } = { 7'1000000 $memory$auto$proc_rom.cc:155:do_switch$48$rdmux[0][6][49]$a$639 [0] 1'0 $memory$auto$proc_rom.cc:155:do_switch$48$rdmux[0][6][49]$a$639 [0] }
    Consolidated identical input bits for $mux cell $memory$auto$proc_rom.cc:155:do_switch$48$rdmux[0][7][97]$974:
      Old ports: A=12'100000000011, B=12'100000000111, Y=$memory$auto$proc_rom.cc:155:do_switch$48$rdmux[0][6][48]$b$637
      New ports: A=1'0, B=1'1, Y=$memory$auto$proc_rom.cc:155:do_switch$48$rdmux[0][6][48]$b$637 [2]
      New connections: { $memory$auto$proc_rom.cc:155:do_switch$48$rdmux[0][6][48]$b$637 [11:3] $memory$auto$proc_rom.cc:155:do_switch$48$rdmux[0][6][48]$b$637 [1:0] } = 11'10000000011
    Consolidated identical input bits for $mux cell $memory$auto$proc_rom.cc:155:do_switch$48$rdmux[0][7][96]$971:
      Old ports: A=12'100000000001, B=12'100000000010, Y=$memory$auto$proc_rom.cc:155:do_switch$48$rdmux[0][6][48]$a$636
      New ports: A=2'01, B=2'10, Y=$memory$auto$proc_rom.cc:155:do_switch$48$rdmux[0][6][48]$a$636 [1:0]
      New connections: $memory$auto$proc_rom.cc:155:do_switch$48$rdmux[0][6][48]$a$636 [11:2] = 10'1000000000
    Consolidated identical input bits for $mux cell $memory$auto$proc_rom.cc:155:do_switch$48$rdmux[0][7][95]$968:
      Old ports: A=12'100000000011, B=12'100000000010, Y=$memory$auto$proc_rom.cc:155:do_switch$48$rdmux[0][6][47]$b$634
      New ports: A=1'1, B=1'0, Y=$memory$auto$proc_rom.cc:155:do_switch$48$rdmux[0][6][47]$b$634 [0]
      New connections: $memory$auto$proc_rom.cc:155:do_switch$48$rdmux[0][6][47]$b$634 [11:1] = 11'10000000001
    Consolidated identical input bits for $mux cell $memory$auto$proc_rom.cc:155:do_switch$48$rdmux[0][7][94]$965:
      Old ports: A=12'100000001011, B=12'100000000111, Y=$memory$auto$proc_rom.cc:155:do_switch$48$rdmux[0][6][47]$a$633
      New ports: A=2'10, B=2'01, Y=$memory$auto$proc_rom.cc:155:do_switch$48$rdmux[0][6][47]$a$633 [3:2]
      New connections: { $memory$auto$proc_rom.cc:155:do_switch$48$rdmux[0][6][47]$a$633 [11:4] $memory$auto$proc_rom.cc:155:do_switch$48$rdmux[0][6][47]$a$633 [1:0] } = 10'1000000011
    Consolidated identical input bits for $mux cell $memory$auto$proc_rom.cc:155:do_switch$48$rdmux[0][7][93]$962:
      Old ports: A=12'100000010111, B=12'100000010000, Y=$memory$auto$proc_rom.cc:155:do_switch$48$rdmux[0][6][46]$b$631
      New ports: A=1'1, B=1'0, Y=$memory$auto$proc_rom.cc:155:do_switch$48$rdmux[0][6][46]$b$631 [0]
      New connections: $memory$auto$proc_rom.cc:155:do_switch$48$rdmux[0][6][46]$b$631 [11:1] = { 9'100000010 $memory$auto$proc_rom.cc:155:do_switch$48$rdmux[0][6][46]$b$631 [0] $memory$auto$proc_rom.cc:155:do_switch$48$rdmux[0][6][46]$b$631 [0] }
    Consolidated identical input bits for $mux cell $memory$auto$proc_rom.cc:155:do_switch$48$rdmux[0][7][92]$959:
      Old ports: A=12'100000101000, B=12'100000011111, Y=$memory$auto$proc_rom.cc:155:do_switch$48$rdmux[0][6][46]$a$630
      New ports: A=2'10, B=2'01, Y={ $memory$auto$proc_rom.cc:155:do_switch$48$rdmux[0][6][46]$a$630 [5] $memory$auto$proc_rom.cc:155:do_switch$48$rdmux[0][6][46]$a$630 [0] }
      New connections: { $memory$auto$proc_rom.cc:155:do_switch$48$rdmux[0][6][46]$a$630 [11:6] $memory$auto$proc_rom.cc:155:do_switch$48$rdmux[0][6][46]$a$630 [4:1] } = { 6'100000 $memory$auto$proc_rom.cc:155:do_switch$48$rdmux[0][6][46]$a$630 [0] 1'1 $memory$auto$proc_rom.cc:155:do_switch$48$rdmux[0][6][46]$a$630 [0] $memory$auto$proc_rom.cc:155:do_switch$48$rdmux[0][6][46]$a$630 [0] }
    Consolidated identical input bits for $mux cell $memory$auto$proc_rom.cc:155:do_switch$48$rdmux[0][7][91]$956:
      Old ports: A=12'100000111110, B=12'100000110011, Y=$memory$auto$proc_rom.cc:155:do_switch$48$rdmux[0][6][45]$b$628
      New ports: A=2'10, B=2'01, Y={ $memory$auto$proc_rom.cc:155:do_switch$48$rdmux[0][6][45]$b$628 [2] $memory$auto$proc_rom.cc:155:do_switch$48$rdmux[0][6][45]$b$628 [0] }
      New connections: { $memory$auto$proc_rom.cc:155:do_switch$48$rdmux[0][6][45]$b$628 [11:3] $memory$auto$proc_rom.cc:155:do_switch$48$rdmux[0][6][45]$b$628 [1] } = { 8'10000011 $memory$auto$proc_rom.cc:155:do_switch$48$rdmux[0][6][45]$b$628 [2] 1'1 }
    Consolidated identical input bits for $mux cell $memory$auto$proc_rom.cc:155:do_switch$48$rdmux[0][7][90]$953:
      Old ports: A=12'100001011001, B=12'100001001011, Y=$memory$auto$proc_rom.cc:155:do_switch$48$rdmux[0][6][45]$a$627
      New ports: A=2'10, B=2'01, Y={ $memory$auto$proc_rom.cc:155:do_switch$48$rdmux[0][6][45]$a$627 [4] $memory$auto$proc_rom.cc:155:do_switch$48$rdmux[0][6][45]$a$627 [1] }
      New connections: { $memory$auto$proc_rom.cc:155:do_switch$48$rdmux[0][6][45]$a$627 [11:5] $memory$auto$proc_rom.cc:155:do_switch$48$rdmux[0][6][45]$a$627 [3:2] $memory$auto$proc_rom.cc:155:do_switch$48$rdmux[0][6][45]$a$627 [0] } = 10'1000010101
    Consolidated identical input bits for $mux cell $memory$auto$proc_rom.cc:155:do_switch$48$rdmux[0][7][89]$950:
      Old ports: A=12'100001111001, B=12'100001101000, Y=$memory$auto$proc_rom.cc:155:do_switch$48$rdmux[0][6][44]$b$625
      New ports: A=1'1, B=1'0, Y=$memory$auto$proc_rom.cc:155:do_switch$48$rdmux[0][6][44]$b$625 [0]
      New connections: $memory$auto$proc_rom.cc:155:do_switch$48$rdmux[0][6][44]$b$625 [11:1] = { 7'1000011 $memory$auto$proc_rom.cc:155:do_switch$48$rdmux[0][6][44]$b$625 [0] 3'100 }
    Consolidated identical input bits for $mux cell $memory$auto$proc_rom.cc:155:do_switch$48$rdmux[0][7][88]$947:
      Old ports: A=12'100010011101, B=12'100010001010, Y=$memory$auto$proc_rom.cc:155:do_switch$48$rdmux[0][6][44]$a$624
      New ports: A=2'01, B=2'10, Y=$memory$auto$proc_rom.cc:155:do_switch$48$rdmux[0][6][44]$a$624 [1:0]
      New connections: $memory$auto$proc_rom.cc:155:do_switch$48$rdmux[0][6][44]$a$624 [11:2] = { 7'1000100 $memory$auto$proc_rom.cc:155:do_switch$48$rdmux[0][6][44]$a$624 [0] 1'1 $memory$auto$proc_rom.cc:155:do_switch$48$rdmux[0][6][44]$a$624 [0] }
    Consolidated identical input bits for $mux cell $memory$auto$proc_rom.cc:155:do_switch$48$rdmux[0][7][87]$944:
      Old ports: A=12'100011000110, B=12'100010110001, Y=$memory$auto$proc_rom.cc:155:do_switch$48$rdmux[0][6][43]$b$622
      New ports: A=2'10, B=2'01, Y=$memory$auto$proc_rom.cc:155:do_switch$48$rdmux[0][6][43]$b$622 [1:0]
      New connections: $memory$auto$proc_rom.cc:155:do_switch$48$rdmux[0][6][43]$b$622 [11:2] = { 5'10001 $memory$auto$proc_rom.cc:155:do_switch$48$rdmux[0][6][43]$b$622 [1:0] $memory$auto$proc_rom.cc:155:do_switch$48$rdmux[0][6][43]$b$622 [0] 1'0 $memory$auto$proc_rom.cc:155:do_switch$48$rdmux[0][6][43]$b$622 [1] }
    Consolidated identical input bits for $mux cell $memory$auto$proc_rom.cc:155:do_switch$48$rdmux[0][7][86]$941:
      Old ports: A=12'100011110011, B=12'100011011100, Y=$memory$auto$proc_rom.cc:155:do_switch$48$rdmux[0][6][43]$a$621
      New ports: A=2'01, B=2'10, Y={ $memory$auto$proc_rom.cc:155:do_switch$48$rdmux[0][6][43]$a$621 [2] $memory$auto$proc_rom.cc:155:do_switch$48$rdmux[0][6][43]$a$621 [0] }
      New connections: { $memory$auto$proc_rom.cc:155:do_switch$48$rdmux[0][6][43]$a$621 [11:3] $memory$auto$proc_rom.cc:155:do_switch$48$rdmux[0][6][43]$a$621 [1] } = { 6'100011 $memory$auto$proc_rom.cc:155:do_switch$48$rdmux[0][6][43]$a$621 [0] 1'1 $memory$auto$proc_rom.cc:155:do_switch$48$rdmux[0][6][43]$a$621 [2] $memory$auto$proc_rom.cc:155:do_switch$48$rdmux[0][6][43]$a$621 [0] }
    Consolidated identical input bits for $mux cell $memory$auto$proc_rom.cc:155:do_switch$48$rdmux[0][7][85]$938:
      Old ports: A=12'100100100100, B=12'100100001011, Y=$memory$auto$proc_rom.cc:155:do_switch$48$rdmux[0][6][42]$b$619
      New ports: A=2'10, B=2'01, Y={ $memory$auto$proc_rom.cc:155:do_switch$48$rdmux[0][6][42]$b$619 [2] $memory$auto$proc_rom.cc:155:do_switch$48$rdmux[0][6][42]$b$619 [0] }
      New connections: { $memory$auto$proc_rom.cc:155:do_switch$48$rdmux[0][6][42]$b$619 [11:3] $memory$auto$proc_rom.cc:155:do_switch$48$rdmux[0][6][42]$b$619 [1] } = { 6'100100 $memory$auto$proc_rom.cc:155:do_switch$48$rdmux[0][6][42]$b$619 [2] 1'0 $memory$auto$proc_rom.cc:155:do_switch$48$rdmux[0][6][42]$b$619 [0] $memory$auto$proc_rom.cc:155:do_switch$48$rdmux[0][6][42]$b$619 [0] }
    Consolidated identical input bits for $mux cell $memory$auto$proc_rom.cc:155:do_switch$48$rdmux[0][7][84]$935:
      Old ports: A=12'100101011010, B=12'100100111111, Y=$memory$auto$proc_rom.cc:155:do_switch$48$rdmux[0][6][42]$a$618
      New ports: A=2'10, B=2'01, Y={ $memory$auto$proc_rom.cc:155:do_switch$48$rdmux[0][6][42]$a$618 [6] $memory$auto$proc_rom.cc:155:do_switch$48$rdmux[0][6][42]$a$618 [0] }
      New connections: { $memory$auto$proc_rom.cc:155:do_switch$48$rdmux[0][6][42]$a$618 [11:7] $memory$auto$proc_rom.cc:155:do_switch$48$rdmux[0][6][42]$a$618 [5:1] } = { 5'10010 $memory$auto$proc_rom.cc:155:do_switch$48$rdmux[0][6][42]$a$618 [0] 2'11 $memory$auto$proc_rom.cc:155:do_switch$48$rdmux[0][6][42]$a$618 [0] 1'1 }
    Consolidated identical input bits for $mux cell $memory$auto$proc_rom.cc:155:do_switch$48$rdmux[0][7][83]$932:
      Old ports: A=12'100110010100, B=12'100101110110, Y=$memory$auto$proc_rom.cc:155:do_switch$48$rdmux[0][6][41]$b$616
      New ports: A=2'10, B=2'01, Y={ $memory$auto$proc_rom.cc:155:do_switch$48$rdmux[0][6][41]$b$616 [7] $memory$auto$proc_rom.cc:155:do_switch$48$rdmux[0][6][41]$b$616 [1] }
      New connections: { $memory$auto$proc_rom.cc:155:do_switch$48$rdmux[0][6][41]$b$616 [11:8] $memory$auto$proc_rom.cc:155:do_switch$48$rdmux[0][6][41]$b$616 [6:2] $memory$auto$proc_rom.cc:155:do_switch$48$rdmux[0][6][41]$b$616 [0] } = { 4'1001 $memory$auto$proc_rom.cc:155:do_switch$48$rdmux[0][6][41]$b$616 [1] $memory$auto$proc_rom.cc:155:do_switch$48$rdmux[0][6][41]$b$616 [1] 4'1010 }
    Consolidated identical input bits for $mux cell $memory$auto$proc_rom.cc:155:do_switch$48$rdmux[0][7][82]$929:
      Old ports: A=12'100111010010, B=12'100110110010, Y=$memory$auto$proc_rom.cc:155:do_switch$48$rdmux[0][6][41]$a$615
      New ports: A=2'10, B=2'01, Y=$memory$auto$proc_rom.cc:155:do_switch$48$rdmux[0][6][41]$a$615 [6:5]
      New connections: { $memory$auto$proc_rom.cc:155:do_switch$48$rdmux[0][6][41]$a$615 [11:7] $memory$auto$proc_rom.cc:155:do_switch$48$rdmux[0][6][41]$a$615 [4:0] } = 10'1001110010
    Consolidated identical input bits for $mux cell $memory$auto$proc_rom.cc:155:do_switch$48$rdmux[0][7][81]$926:
      Old ports: A=12'101000010011, B=12'100111110010, Y=$memory$auto$proc_rom.cc:155:do_switch$48$rdmux[0][6][40]$b$613
      New ports: A=2'01, B=2'10, Y={ $memory$auto$proc_rom.cc:155:do_switch$48$rdmux[0][6][40]$b$613 [5] $memory$auto$proc_rom.cc:155:do_switch$48$rdmux[0][6][40]$b$613 [0] }
      New connections: { $memory$auto$proc_rom.cc:155:do_switch$48$rdmux[0][6][40]$b$613 [11:6] $memory$auto$proc_rom.cc:155:do_switch$48$rdmux[0][6][40]$b$613 [4:1] } = { 2'10 $memory$auto$proc_rom.cc:155:do_switch$48$rdmux[0][6][40]$b$613 [0] $memory$auto$proc_rom.cc:155:do_switch$48$rdmux[0][6][40]$b$613 [5] $memory$auto$proc_rom.cc:155:do_switch$48$rdmux[0][6][40]$b$613 [5] $memory$auto$proc_rom.cc:155:do_switch$48$rdmux[0][6][40]$b$613 [5] 4'1001 }
    Consolidated identical input bits for $mux cell $memory$auto$proc_rom.cc:155:do_switch$48$rdmux[0][7][80]$923:
      Old ports: A=12'101001011001, B=12'101000110101, Y=$memory$auto$proc_rom.cc:155:do_switch$48$rdmux[0][6][40]$a$612
      New ports: A=2'10, B=2'01, Y=$memory$auto$proc_rom.cc:155:do_switch$48$rdmux[0][6][40]$a$612 [3:2]
      New connections: { $memory$auto$proc_rom.cc:155:do_switch$48$rdmux[0][6][40]$a$612 [11:4] $memory$auto$proc_rom.cc:155:do_switch$48$rdmux[0][6][40]$a$612 [1:0] } = { 5'10100 $memory$auto$proc_rom.cc:155:do_switch$48$rdmux[0][6][40]$a$612 [3:2] 3'101 }
    Consolidated identical input bits for $mux cell $memory$auto$proc_rom.cc:155:do_switch$48$rdmux[0][7][79]$920:
      Old ports: A=12'101010100001, B=12'101001111101, Y=$memory$auto$proc_rom.cc:155:do_switch$48$rdmux[0][6][39]$b$610
      New ports: A=2'10, B=2'01, Y={ $memory$auto$proc_rom.cc:155:do_switch$48$rdmux[0][6][39]$b$610 [7] $memory$auto$proc_rom.cc:155:do_switch$48$rdmux[0][6][39]$b$610 [2] }
      New connections: { $memory$auto$proc_rom.cc:155:do_switch$48$rdmux[0][6][39]$b$610 [11:8] $memory$auto$proc_rom.cc:155:do_switch$48$rdmux[0][6][39]$b$610 [6:3] $memory$auto$proc_rom.cc:155:do_switch$48$rdmux[0][6][39]$b$610 [1:0] } = { 4'1010 $memory$auto$proc_rom.cc:155:do_switch$48$rdmux[0][6][39]$b$610 [2] 1'1 $memory$auto$proc_rom.cc:155:do_switch$48$rdmux[0][6][39]$b$610 [2] $memory$auto$proc_rom.cc:155:do_switch$48$rdmux[0][6][39]$b$610 [2] 2'01 }
    Consolidated identical input bits for $mux cell $memory$auto$proc_rom.cc:155:do_switch$48$rdmux[0][7][78]$917:
      Old ports: A=12'101011101101, B=12'101011000111, Y=$memory$auto$proc_rom.cc:155:do_switch$48$rdmux[0][6][39]$a$609
      New ports: A=2'10, B=2'01, Y={ $memory$auto$proc_rom.cc:155:do_switch$48$rdmux[0][6][39]$a$609 [3] $memory$auto$proc_rom.cc:155:do_switch$48$rdmux[0][6][39]$a$609 [1] }
      New connections: { $memory$auto$proc_rom.cc:155:do_switch$48$rdmux[0][6][39]$a$609 [11:4] $memory$auto$proc_rom.cc:155:do_switch$48$rdmux[0][6][39]$a$609 [2] $memory$auto$proc_rom.cc:155:do_switch$48$rdmux[0][6][39]$a$609 [0] } = { 6'101011 $memory$auto$proc_rom.cc:155:do_switch$48$rdmux[0][6][39]$a$609 [3] 3'011 }
    Consolidated identical input bits for $mux cell $memory$auto$proc_rom.cc:155:do_switch$48$rdmux[0][7][77]$914:
      Old ports: A=12'101100111101, B=12'101100010101, Y=$memory$auto$proc_rom.cc:155:do_switch$48$rdmux[0][6][38]$b$607
      New ports: A=1'1, B=1'0, Y=$memory$auto$proc_rom.cc:155:do_switch$48$rdmux[0][6][38]$b$607 [3]
      New connections: { $memory$auto$proc_rom.cc:155:do_switch$48$rdmux[0][6][38]$b$607 [11:4] $memory$auto$proc_rom.cc:155:do_switch$48$rdmux[0][6][38]$b$607 [2:0] } = { 6'101100 $memory$auto$proc_rom.cc:155:do_switch$48$rdmux[0][6][38]$b$607 [3] 4'1101 }
    Consolidated identical input bits for $mux cell $memory$auto$proc_rom.cc:155:do_switch$48$rdmux[0][7][76]$911:
      Old ports: A=12'101110001111, B=12'101101100101, Y=$memory$auto$proc_rom.cc:155:do_switch$48$rdmux[0][6][38]$a$606
      New ports: A=2'01, B=2'10, Y={ $memory$auto$proc_rom.cc:155:do_switch$48$rdmux[0][6][38]$a$606 [5] $memory$auto$proc_rom.cc:155:do_switch$48$rdmux[0][6][38]$a$606 [1] }
      New connections: { $memory$auto$proc_rom.cc:155:do_switch$48$rdmux[0][6][38]$a$606 [11:6] $memory$auto$proc_rom.cc:155:do_switch$48$rdmux[0][6][38]$a$606 [4:2] $memory$auto$proc_rom.cc:155:do_switch$48$rdmux[0][6][38]$a$606 [0] } = { 4'1011 $memory$auto$proc_rom.cc:155:do_switch$48$rdmux[0][6][38]$a$606 [1] $memory$auto$proc_rom.cc:155:do_switch$48$rdmux[0][6][38]$a$606 [5] 1'0 $memory$auto$proc_rom.cc:155:do_switch$48$rdmux[0][6][38]$a$606 [1] 2'11 }
    Consolidated identical input bits for $mux cell $memory$auto$proc_rom.cc:155:do_switch$48$rdmux[0][7][75]$908:
      Old ports: A=12'101111100100, B=12'101110111001, Y=$memory$auto$proc_rom.cc:155:do_switch$48$rdmux[0][6][37]$b$604
      New ports: A=2'10, B=2'01, Y={ $memory$auto$proc_rom.cc:155:do_switch$48$rdmux[0][6][37]$b$604 [2] $memory$auto$proc_rom.cc:155:do_switch$48$rdmux[0][6][37]$b$604 [0] }
      New connections: { $memory$auto$proc_rom.cc:155:do_switch$48$rdmux[0][6][37]$b$604 [11:3] $memory$auto$proc_rom.cc:155:do_switch$48$rdmux[0][6][37]$b$604 [1] } = { 5'10111 $memory$auto$proc_rom.cc:155:do_switch$48$rdmux[0][6][37]$b$604 [2] 1'1 $memory$auto$proc_rom.cc:155:do_switch$48$rdmux[0][6][37]$b$604 [0] $memory$auto$proc_rom.cc:155:do_switch$48$rdmux[0][6][37]$b$604 [0] 1'0 }
    Consolidated identical input bits for $mux cell $memory$auto$proc_rom.cc:155:do_switch$48$rdmux[0][7][74]$905:
      Old ports: A=12'110000111011, B=12'110000001111, Y=$memory$auto$proc_rom.cc:155:do_switch$48$rdmux[0][6][37]$a$603
      New ports: A=2'10, B=2'01, Y={ $memory$auto$proc_rom.cc:155:do_switch$48$rdmux[0][6][37]$a$603 [4] $memory$auto$proc_rom.cc:155:do_switch$48$rdmux[0][6][37]$a$603 [2] }
      New connections: { $memory$auto$proc_rom.cc:155:do_switch$48$rdmux[0][6][37]$a$603 [11:5] $memory$auto$proc_rom.cc:155:do_switch$48$rdmux[0][6][37]$a$603 [3] $memory$auto$proc_rom.cc:155:do_switch$48$rdmux[0][6][37]$a$603 [1:0] } = { 6'110000 $memory$auto$proc_rom.cc:155:do_switch$48$rdmux[0][6][37]$a$603 [4] 3'111 }
    Consolidated identical input bits for $mux cell $memory$auto$proc_rom.cc:155:do_switch$48$rdmux[0][7][73]$902:
      Old ports: A=12'110010010101, B=12'110001101000, Y=$memory$auto$proc_rom.cc:155:do_switch$48$rdmux[0][6][36]$b$601
      New ports: A=2'01, B=2'10, Y={ $memory$auto$proc_rom.cc:155:do_switch$48$rdmux[0][6][36]$b$601 [3] $memory$auto$proc_rom.cc:155:do_switch$48$rdmux[0][6][36]$b$601 [0] }
      New connections: { $memory$auto$proc_rom.cc:155:do_switch$48$rdmux[0][6][36]$b$601 [11:4] $memory$auto$proc_rom.cc:155:do_switch$48$rdmux[0][6][36]$b$601 [2:1] } = { 4'1100 $memory$auto$proc_rom.cc:155:do_switch$48$rdmux[0][6][36]$b$601 [0] $memory$auto$proc_rom.cc:155:do_switch$48$rdmux[0][6][36]$b$601 [3] $memory$auto$proc_rom.cc:155:do_switch$48$rdmux[0][6][36]$b$601 [3] $memory$auto$proc_rom.cc:155:do_switch$48$rdmux[0][6][36]$b$601 [0] $memory$auto$proc_rom.cc:155:do_switch$48$rdmux[0][6][36]$b$601 [0] 1'0 }
    Consolidated identical input bits for $mux cell $memory$auto$proc_rom.cc:155:do_switch$48$rdmux[0][7][72]$899:
      Old ports: A=12'110011110001, B=12'110011000010, Y=$memory$auto$proc_rom.cc:155:do_switch$48$rdmux[0][6][36]$a$600
      New ports: A=2'01, B=2'10, Y=$memory$auto$proc_rom.cc:155:do_switch$48$rdmux[0][6][36]$a$600 [1:0]
      New connections: $memory$auto$proc_rom.cc:155:do_switch$48$rdmux[0][6][36]$a$600 [11:2] = { 6'110011 $memory$auto$proc_rom.cc:155:do_switch$48$rdmux[0][6][36]$a$600 [0] $memory$auto$proc_rom.cc:155:do_switch$48$rdmux[0][6][36]$a$600 [0] 2'00 }
    Consolidated identical input bits for $mux cell $memory$auto$proc_rom.cc:155:do_switch$48$rdmux[0][7][71]$896:
      Old ports: A=12'110101001110, B=12'110100011111, Y=$memory$auto$proc_rom.cc:155:do_switch$48$rdmux[0][6][35]$b$598
      New ports: A=2'10, B=2'01, Y={ $memory$auto$proc_rom.cc:155:do_switch$48$rdmux[0][6][35]$b$598 [6] $memory$auto$proc_rom.cc:155:do_switch$48$rdmux[0][6][35]$b$598 [0] }
      New connections: { $memory$auto$proc_rom.cc:155:do_switch$48$rdmux[0][6][35]$b$598 [11:7] $memory$auto$proc_rom.cc:155:do_switch$48$rdmux[0][6][35]$b$598 [5:1] } = { 6'110100 $memory$auto$proc_rom.cc:155:do_switch$48$rdmux[0][6][35]$b$598 [0] 3'111 }
    Consolidated identical input bits for $mux cell $memory$auto$proc_rom.cc:155:do_switch$48$rdmux[0][7][70]$893:
      Old ports: A=12'110110101110, B=12'110101111110, Y=$memory$auto$proc_rom.cc:155:do_switch$48$rdmux[0][6][35]$a$597
      New ports: A=2'10, B=2'01, Y={ $memory$auto$proc_rom.cc:155:do_switch$48$rdmux[0][6][35]$a$597 [7] $memory$auto$proc_rom.cc:155:do_switch$48$rdmux[0][6][35]$a$597 [4] }
      New connections: { $memory$auto$proc_rom.cc:155:do_switch$48$rdmux[0][6][35]$a$597 [11:8] $memory$auto$proc_rom.cc:155:do_switch$48$rdmux[0][6][35]$a$597 [6:5] $memory$auto$proc_rom.cc:155:do_switch$48$rdmux[0][6][35]$a$597 [3:0] } = { 4'1101 $memory$auto$proc_rom.cc:155:do_switch$48$rdmux[0][6][35]$a$597 [4] 5'11110 }
    Consolidated identical input bits for $mux cell $memory$auto$proc_rom.cc:155:do_switch$48$rdmux[0][7][69]$890:
      Old ports: A=12'111000001111, B=12'110111011110, Y=$memory$auto$proc_rom.cc:155:do_switch$48$rdmux[0][6][34]$b$595
      New ports: A=2'01, B=2'10, Y={ $memory$auto$proc_rom.cc:155:do_switch$48$rdmux[0][6][34]$b$595 [4] $memory$auto$proc_rom.cc:155:do_switch$48$rdmux[0][6][34]$b$595 [0] }
      New connections: { $memory$auto$proc_rom.cc:155:do_switch$48$rdmux[0][6][34]$b$595 [11:5] $memory$auto$proc_rom.cc:155:do_switch$48$rdmux[0][6][34]$b$595 [3:1] } = { 2'11 $memory$auto$proc_rom.cc:155:do_switch$48$rdmux[0][6][34]$b$595 [0] $memory$auto$proc_rom.cc:155:do_switch$48$rdmux[0][6][34]$b$595 [4] $memory$auto$proc_rom.cc:155:do_switch$48$rdmux[0][6][34]$b$595 [4] $memory$auto$proc_rom.cc:155:do_switch$48$rdmux[0][6][34]$b$595 [4] 4'0111 }
    Consolidated identical input bits for $mux cell $memory$auto$proc_rom.cc:155:do_switch$48$rdmux[0][7][68]$887:
      Old ports: A=12'111001110001, B=12'111000111111, Y=$memory$auto$proc_rom.cc:155:do_switch$48$rdmux[0][6][34]$a$594
      New ports: A=2'10, B=2'01, Y={ $memory$auto$proc_rom.cc:155:do_switch$48$rdmux[0][6][34]$a$594 [6] $memory$auto$proc_rom.cc:155:do_switch$48$rdmux[0][6][34]$a$594 [1] }
      New connections: { $memory$auto$proc_rom.cc:155:do_switch$48$rdmux[0][6][34]$a$594 [11:7] $memory$auto$proc_rom.cc:155:do_switch$48$rdmux[0][6][34]$a$594 [5:2] $memory$auto$proc_rom.cc:155:do_switch$48$rdmux[0][6][34]$a$594 [0] } = { 7'1110011 $memory$auto$proc_rom.cc:155:do_switch$48$rdmux[0][6][34]$a$594 [1] $memory$auto$proc_rom.cc:155:do_switch$48$rdmux[0][6][34]$a$594 [1] 1'1 }
    Consolidated identical input bits for $mux cell $memory$auto$proc_rom.cc:155:do_switch$48$rdmux[0][7][67]$884:
      Old ports: A=12'111011010100, B=12'111010100010, Y=$memory$auto$proc_rom.cc:155:do_switch$48$rdmux[0][6][33]$b$592
      New ports: A=2'10, B=2'01, Y=$memory$auto$proc_rom.cc:155:do_switch$48$rdmux[0][6][33]$b$592 [2:1]
      New connections: { $memory$auto$proc_rom.cc:155:do_switch$48$rdmux[0][6][33]$b$592 [11:3] $memory$auto$proc_rom.cc:155:do_switch$48$rdmux[0][6][33]$b$592 [0] } = { 5'11101 $memory$auto$proc_rom.cc:155:do_switch$48$rdmux[0][6][33]$b$592 [2:1] $memory$auto$proc_rom.cc:155:do_switch$48$rdmux[0][6][33]$b$592 [2] 2'00 }
    Consolidated identical input bits for $mux cell $memory$auto$proc_rom.cc:155:do_switch$48$rdmux[0][7][66]$881:
      Old ports: A=12'111100110111, B=12'111100000101, Y=$memory$auto$proc_rom.cc:155:do_switch$48$rdmux[0][6][33]$a$591
      New ports: A=1'1, B=1'0, Y=$memory$auto$proc_rom.cc:155:do_switch$48$rdmux[0][6][33]$a$591 [1]
      New connections: { $memory$auto$proc_rom.cc:155:do_switch$48$rdmux[0][6][33]$a$591 [11:2] $memory$auto$proc_rom.cc:155:do_switch$48$rdmux[0][6][33]$a$591 [0] } = { 6'111100 $memory$auto$proc_rom.cc:155:do_switch$48$rdmux[0][6][33]$a$591 [1] $memory$auto$proc_rom.cc:155:do_switch$48$rdmux[0][6][33]$a$591 [1] 3'011 }
    Consolidated identical input bits for $mux cell $memory$auto$proc_rom.cc:155:do_switch$48$rdmux[0][7][65]$878:
      Old ports: A=12'111110011100, B=12'111101101001, Y=$memory$auto$proc_rom.cc:155:do_switch$48$rdmux[0][6][32]$b$589
      New ports: A=2'10, B=2'01, Y={ $memory$auto$proc_rom.cc:155:do_switch$48$rdmux[0][6][32]$b$589 [2] $memory$auto$proc_rom.cc:155:do_switch$48$rdmux[0][6][32]$b$589 [0] }
      New connections: { $memory$auto$proc_rom.cc:155:do_switch$48$rdmux[0][6][32]$b$589 [11:3] $memory$auto$proc_rom.cc:155:do_switch$48$rdmux[0][6][32]$b$589 [1] } = { 4'1111 $memory$auto$proc_rom.cc:155:do_switch$48$rdmux[0][6][32]$b$589 [2] $memory$auto$proc_rom.cc:155:do_switch$48$rdmux[0][6][32]$b$589 [0] $memory$auto$proc_rom.cc:155:do_switch$48$rdmux[0][6][32]$b$589 [0] $memory$auto$proc_rom.cc:155:do_switch$48$rdmux[0][6][32]$b$589 [2] 2'10 }
    Consolidated identical input bits for $mux cell $memory$auto$proc_rom.cc:155:do_switch$48$rdmux[0][7][64]$875:
      Old ports: A=12'000000000000, B=12'111111001110, Y=$memory$auto$proc_rom.cc:155:do_switch$48$rdmux[0][6][32]$a$588
      New ports: A=1'0, B=1'1, Y=$memory$auto$proc_rom.cc:155:do_switch$48$rdmux[0][6][32]$a$588 [1]
      New connections: { $memory$auto$proc_rom.cc:155:do_switch$48$rdmux[0][6][32]$a$588 [11:2] $memory$auto$proc_rom.cc:155:do_switch$48$rdmux[0][6][32]$a$588 [0] } = { $memory$auto$proc_rom.cc:155:do_switch$48$rdmux[0][6][32]$a$588 [1] $memory$auto$proc_rom.cc:155:do_switch$48$rdmux[0][6][32]$a$588 [1] $memory$auto$proc_rom.cc:155:do_switch$48$rdmux[0][6][32]$a$588 [1] $memory$auto$proc_rom.cc:155:do_switch$48$rdmux[0][6][32]$a$588 [1] $memory$auto$proc_rom.cc:155:do_switch$48$rdmux[0][6][32]$a$588 [1] $memory$auto$proc_rom.cc:155:do_switch$48$rdmux[0][6][32]$a$588 [1] 2'00 $memory$auto$proc_rom.cc:155:do_switch$48$rdmux[0][6][32]$a$588 [1] $memory$auto$proc_rom.cc:155:do_switch$48$rdmux[0][6][32]$a$588 [1] 1'0 }
    Consolidated identical input bits for $mux cell $memory$auto$proc_rom.cc:155:do_switch$48$rdmux[0][7][63]$872:
      Old ports: A=12'000001100100, B=12'000000110010, Y=$memory$auto$proc_rom.cc:155:do_switch$48$rdmux[0][6][31]$b$586
      New ports: A=2'10, B=2'01, Y=$memory$auto$proc_rom.cc:155:do_switch$48$rdmux[0][6][31]$b$586 [2:1]
      New connections: { $memory$auto$proc_rom.cc:155:do_switch$48$rdmux[0][6][31]$b$586 [11:3] $memory$auto$proc_rom.cc:155:do_switch$48$rdmux[0][6][31]$b$586 [0] } = { 5'00000 $memory$auto$proc_rom.cc:155:do_switch$48$rdmux[0][6][31]$b$586 [2] 1'1 $memory$auto$proc_rom.cc:155:do_switch$48$rdmux[0][6][31]$b$586 [1] 2'00 }
    Consolidated identical input bits for $mux cell $memory$auto$proc_rom.cc:155:do_switch$48$rdmux[0][7][62]$869:
      Old ports: A=12'000011001001, B=12'000010010111, Y=$memory$auto$proc_rom.cc:155:do_switch$48$rdmux[0][6][31]$a$585
      New ports: A=2'10, B=2'01, Y={ $memory$auto$proc_rom.cc:155:do_switch$48$rdmux[0][6][31]$a$585 [3] $memory$auto$proc_rom.cc:155:do_switch$48$rdmux[0][6][31]$a$585 [1] }
      New connections: { $memory$auto$proc_rom.cc:155:do_switch$48$rdmux[0][6][31]$a$585 [11:4] $memory$auto$proc_rom.cc:155:do_switch$48$rdmux[0][6][31]$a$585 [2] $memory$auto$proc_rom.cc:155:do_switch$48$rdmux[0][6][31]$a$585 [0] } = { 5'00001 $memory$auto$proc_rom.cc:155:do_switch$48$rdmux[0][6][31]$a$585 [3] 1'0 $memory$auto$proc_rom.cc:155:do_switch$48$rdmux[0][6][31]$a$585 [1] $memory$auto$proc_rom.cc:155:do_switch$48$rdmux[0][6][31]$a$585 [1] 1'1 }
    Consolidated identical input bits for $mux cell $memory$auto$proc_rom.cc:155:do_switch$48$rdmux[0][7][61]$866:
      Old ports: A=12'000100101100, B=12'000011111011, Y=$memory$auto$proc_rom.cc:155:do_switch$48$rdmux[0][6][30]$b$583
      New ports: A=2'10, B=2'01, Y={ $memory$auto$proc_rom.cc:155:do_switch$48$rdmux[0][6][30]$b$583 [2] $memory$auto$proc_rom.cc:155:do_switch$48$rdmux[0][6][30]$b$583 [0] }
      New connections: { $memory$auto$proc_rom.cc:155:do_switch$48$rdmux[0][6][30]$b$583 [11:3] $memory$auto$proc_rom.cc:155:do_switch$48$rdmux[0][6][30]$b$583 [1] } = { 3'000 $memory$auto$proc_rom.cc:155:do_switch$48$rdmux[0][6][30]$b$583 [2] $memory$auto$proc_rom.cc:155:do_switch$48$rdmux[0][6][30]$b$583 [0] $memory$auto$proc_rom.cc:155:do_switch$48$rdmux[0][6][30]$b$583 [0] 1'1 $memory$auto$proc_rom.cc:155:do_switch$48$rdmux[0][6][30]$b$583 [0] 1'1 $memory$auto$proc_rom.cc:155:do_switch$48$rdmux[0][6][30]$b$583 [0] }
    Consolidated identical input bits for $mux cell $memory$auto$proc_rom.cc:155:do_switch$48$rdmux[0][7][60]$863:
      Old ports: A=12'000110001111, B=12'000101011110, Y=$memory$auto$proc_rom.cc:155:do_switch$48$rdmux[0][6][30]$a$582
      New ports: A=2'01, B=2'10, Y={ $memory$auto$proc_rom.cc:155:do_switch$48$rdmux[0][6][30]$a$582 [4] $memory$auto$proc_rom.cc:155:do_switch$48$rdmux[0][6][30]$a$582 [0] }
      New connections: { $memory$auto$proc_rom.cc:155:do_switch$48$rdmux[0][6][30]$a$582 [11:5] $memory$auto$proc_rom.cc:155:do_switch$48$rdmux[0][6][30]$a$582 [3:1] } = { 4'0001 $memory$auto$proc_rom.cc:155:do_switch$48$rdmux[0][6][30]$a$582 [0] $memory$auto$proc_rom.cc:155:do_switch$48$rdmux[0][6][30]$a$582 [4] 4'0111 }
    Consolidated identical input bits for $mux cell $memory$auto$proc_rom.cc:155:do_switch$48$rdmux[0][7][59]$860:
      Old ports: A=12'000111110001, B=12'000111000001, Y=$memory$auto$proc_rom.cc:155:do_switch$48$rdmux[0][6][29]$b$580
      New ports: A=1'1, B=1'0, Y=$memory$auto$proc_rom.cc:155:do_switch$48$rdmux[0][6][29]$b$580 [4]
      New connections: { $memory$auto$proc_rom.cc:155:do_switch$48$rdmux[0][6][29]$b$580 [11:5] $memory$auto$proc_rom.cc:155:do_switch$48$rdmux[0][6][29]$b$580 [3:0] } = { 6'000111 $memory$auto$proc_rom.cc:155:do_switch$48$rdmux[0][6][29]$b$580 [4] 4'0001 }
    Consolidated identical input bits for $mux cell $memory$auto$proc_rom.cc:155:do_switch$48$rdmux[0][7][58]$857:
      Old ports: A=12'001001010010, B=12'001000100010, Y=$memory$auto$proc_rom.cc:155:do_switch$48$rdmux[0][6][29]$a$579
      New ports: A=2'01, B=2'10, Y=$memory$auto$proc_rom.cc:155:do_switch$48$rdmux[0][6][29]$a$579 [5:4]
      New connections: { $memory$auto$proc_rom.cc:155:do_switch$48$rdmux[0][6][29]$a$579 [11:6] $memory$auto$proc_rom.cc:155:do_switch$48$rdmux[0][6][29]$a$579 [3:0] } = { 5'00100 $memory$auto$proc_rom.cc:155:do_switch$48$rdmux[0][6][29]$a$579 [4] 4'0010 }
    Consolidated identical input bits for $mux cell $memory$auto$proc_rom.cc:155:do_switch$48$rdmux[0][7][57]$854:
      Old ports: A=12'001010110010, B=12'001010000010, Y=$memory$auto$proc_rom.cc:155:do_switch$48$rdmux[0][6][28]$b$577
      New ports: A=1'1, B=1'0, Y=$memory$auto$proc_rom.cc:155:do_switch$48$rdmux[0][6][28]$b$577 [4]
      New connections: { $memory$auto$proc_rom.cc:155:do_switch$48$rdmux[0][6][28]$b$577 [11:5] $memory$auto$proc_rom.cc:155:do_switch$48$rdmux[0][6][28]$b$577 [3:0] } = { 6'001010 $memory$auto$proc_rom.cc:155:do_switch$48$rdmux[0][6][28]$b$577 [4] 4'0010 }
    Consolidated identical input bits for $mux cell $memory$auto$proc_rom.cc:155:do_switch$48$rdmux[0][7][56]$851:
      Old ports: A=12'001100001111, B=12'001011100001, Y=$memory$auto$proc_rom.cc:155:do_switch$48$rdmux[0][6][28]$a$576
      New ports: A=2'01, B=2'10, Y={ $memory$auto$proc_rom.cc:155:do_switch$48$rdmux[0][6][28]$a$576 [5] $memory$auto$proc_rom.cc:155:do_switch$48$rdmux[0][6][28]$a$576 [1] }
      New connections: { $memory$auto$proc_rom.cc:155:do_switch$48$rdmux[0][6][28]$a$576 [11:6] $memory$auto$proc_rom.cc:155:do_switch$48$rdmux[0][6][28]$a$576 [4:2] $memory$auto$proc_rom.cc:155:do_switch$48$rdmux[0][6][28]$a$576 [0] } = { 3'001 $memory$auto$proc_rom.cc:155:do_switch$48$rdmux[0][6][28]$a$576 [1] $memory$auto$proc_rom.cc:155:do_switch$48$rdmux[0][6][28]$a$576 [5] $memory$auto$proc_rom.cc:155:do_switch$48$rdmux[0][6][28]$a$576 [5] 1'0 $memory$auto$proc_rom.cc:155:do_switch$48$rdmux[0][6][28]$a$576 [1] $memory$auto$proc_rom.cc:155:do_switch$48$rdmux[0][6][28]$a$576 [1] 1'1 }
    Consolidated identical input bits for $mux cell $memory$auto$proc_rom.cc:155:do_switch$48$rdmux[0][7][55]$848:
      Old ports: A=12'001101101011, B=12'001100111110, Y=$memory$auto$proc_rom.cc:155:do_switch$48$rdmux[0][6][27]$b$574
      New ports: A=2'01, B=2'10, Y={ $memory$auto$proc_rom.cc:155:do_switch$48$rdmux[0][6][27]$b$574 [2] $memory$auto$proc_rom.cc:155:do_switch$48$rdmux[0][6][27]$b$574 [0] }
      New connections: { $memory$auto$proc_rom.cc:155:do_switch$48$rdmux[0][6][27]$b$574 [11:3] $memory$auto$proc_rom.cc:155:do_switch$48$rdmux[0][6][27]$b$574 [1] } = { 5'00110 $memory$auto$proc_rom.cc:155:do_switch$48$rdmux[0][6][27]$b$574 [0] 1'1 $memory$auto$proc_rom.cc:155:do_switch$48$rdmux[0][6][27]$b$574 [2] 2'11 }
    Consolidated identical input bits for $mux cell $memory$auto$proc_rom.cc:155:do_switch$48$rdmux[0][7][54]$845:
      Old ports: A=12'001111000101, B=12'001110011000, Y=$memory$auto$proc_rom.cc:155:do_switch$48$rdmux[0][6][27]$a$573
      New ports: A=2'01, B=2'10, Y={ $memory$auto$proc_rom.cc:155:do_switch$48$rdmux[0][6][27]$a$573 [3] $memory$auto$proc_rom.cc:155:do_switch$48$rdmux[0][6][27]$a$573 [0] }
      New connections: { $memory$auto$proc_rom.cc:155:do_switch$48$rdmux[0][6][27]$a$573 [11:4] $memory$auto$proc_rom.cc:155:do_switch$48$rdmux[0][6][27]$a$573 [2:1] } = { 5'00111 $memory$auto$proc_rom.cc:155:do_switch$48$rdmux[0][6][27]$a$573 [0] 1'0 $memory$auto$proc_rom.cc:155:do_switch$48$rdmux[0][6][27]$a$573 [3] $memory$auto$proc_rom.cc:155:do_switch$48$rdmux[0][6][27]$a$573 [0] 1'0 }
    Consolidated identical input bits for $mux cell $memory$auto$proc_rom.cc:155:do_switch$48$rdmux[0][7][53]$842:
      Old ports: A=12'010000011100, B=12'001111110001, Y=$memory$auto$proc_rom.cc:155:do_switch$48$rdmux[0][6][26]$b$571
      New ports: A=2'10, B=2'01, Y={ $memory$auto$proc_rom.cc:155:do_switch$48$rdmux[0][6][26]$b$571 [2] $memory$auto$proc_rom.cc:155:do_switch$48$rdmux[0][6][26]$b$571 [0] }
      New connections: { $memory$auto$proc_rom.cc:155:do_switch$48$rdmux[0][6][26]$b$571 [11:3] $memory$auto$proc_rom.cc:155:do_switch$48$rdmux[0][6][26]$b$571 [1] } = { 1'0 $memory$auto$proc_rom.cc:155:do_switch$48$rdmux[0][6][26]$b$571 [2] $memory$auto$proc_rom.cc:155:do_switch$48$rdmux[0][6][26]$b$571 [0] $memory$auto$proc_rom.cc:155:do_switch$48$rdmux[0][6][26]$b$571 [0] $memory$auto$proc_rom.cc:155:do_switch$48$rdmux[0][6][26]$b$571 [0] $memory$auto$proc_rom.cc:155:do_switch$48$rdmux[0][6][26]$b$571 [0] $memory$auto$proc_rom.cc:155:do_switch$48$rdmux[0][6][26]$b$571 [0] 1'1 $memory$auto$proc_rom.cc:155:do_switch$48$rdmux[0][6][26]$b$571 [2] 1'0 }
    Consolidated identical input bits for $mux cell $memory$auto$proc_rom.cc:155:do_switch$48$rdmux[0][7][52]$839:
      Old ports: A=12'010001110001, B=12'010001000111, Y=$memory$auto$proc_rom.cc:155:do_switch$48$rdmux[0][6][26]$a$570
      New ports: A=2'10, B=2'01, Y={ $memory$auto$proc_rom.cc:155:do_switch$48$rdmux[0][6][26]$a$570 [4] $memory$auto$proc_rom.cc:155:do_switch$48$rdmux[0][6][26]$a$570 [1] }
      New connections: { $memory$auto$proc_rom.cc:155:do_switch$48$rdmux[0][6][26]$a$570 [11:5] $memory$auto$proc_rom.cc:155:do_switch$48$rdmux[0][6][26]$a$570 [3:2] $memory$auto$proc_rom.cc:155:do_switch$48$rdmux[0][6][26]$a$570 [0] } = { 6'010001 $memory$auto$proc_rom.cc:155:do_switch$48$rdmux[0][6][26]$a$570 [4] 1'0 $memory$auto$proc_rom.cc:155:do_switch$48$rdmux[0][6][26]$a$570 [1] 1'1 }
    Consolidated identical input bits for $mux cell $memory$auto$proc_rom.cc:155:do_switch$48$rdmux[0][7][51]$836:
      Old ports: A=12'010011000011, B=12'010010011011, Y=$memory$auto$proc_rom.cc:155:do_switch$48$rdmux[0][6][25]$b$568
      New ports: A=2'10, B=2'01, Y={ $memory$auto$proc_rom.cc:155:do_switch$48$rdmux[0][6][25]$b$568 [6] $memory$auto$proc_rom.cc:155:do_switch$48$rdmux[0][6][25]$b$568 [3] }
      New connections: { $memory$auto$proc_rom.cc:155:do_switch$48$rdmux[0][6][25]$b$568 [11:7] $memory$auto$proc_rom.cc:155:do_switch$48$rdmux[0][6][25]$b$568 [5:4] $memory$auto$proc_rom.cc:155:do_switch$48$rdmux[0][6][25]$b$568 [2:0] } = { 6'010010 $memory$auto$proc_rom.cc:155:do_switch$48$rdmux[0][6][25]$b$568 [3] 3'011 }
    Consolidated identical input bits for $mux cell $memory$auto$proc_rom.cc:155:do_switch$48$rdmux[0][7][50]$833:
      Old ports: A=12'010100010011, B=12'010011101011, Y=$memory$auto$proc_rom.cc:155:do_switch$48$rdmux[0][6][25]$a$567
      New ports: A=2'10, B=2'01, Y=$memory$auto$proc_rom.cc:155:do_switch$48$rdmux[0][6][25]$a$567 [4:3]
      New connections: { $memory$auto$proc_rom.cc:155:do_switch$48$rdmux[0][6][25]$a$567 [11:5] $memory$auto$proc_rom.cc:155:do_switch$48$rdmux[0][6][25]$a$567 [2:0] } = { 3'010 $memory$auto$proc_rom.cc:155:do_switch$48$rdmux[0][6][25]$a$567 [4:3] $memory$auto$proc_rom.cc:155:do_switch$48$rdmux[0][6][25]$a$567 [3] $memory$auto$proc_rom.cc:155:do_switch$48$rdmux[0][6][25]$a$567 [3] 3'011 }
    Consolidated identical input bits for $mux cell $memory$auto$proc_rom.cc:155:do_switch$48$rdmux[0][7][49]$830:
      Old ports: A=12'010101011111, B=12'010100111001, Y=$memory$auto$proc_rom.cc:155:do_switch$48$rdmux[0][6][24]$b$565
      New ports: A=2'01, B=2'10, Y={ $memory$auto$proc_rom.cc:155:do_switch$48$rdmux[0][6][24]$b$565 [5] $memory$auto$proc_rom.cc:155:do_switch$48$rdmux[0][6][24]$b$565 [1] }
      New connections: { $memory$auto$proc_rom.cc:155:do_switch$48$rdmux[0][6][24]$b$565 [11:6] $memory$auto$proc_rom.cc:155:do_switch$48$rdmux[0][6][24]$b$565 [4:2] $memory$auto$proc_rom.cc:155:do_switch$48$rdmux[0][6][24]$b$565 [0] } = { 5'01010 $memory$auto$proc_rom.cc:155:do_switch$48$rdmux[0][6][24]$b$565 [1] 2'11 $memory$auto$proc_rom.cc:155:do_switch$48$rdmux[0][6][24]$b$565 [1] 1'1 }
    Consolidated identical input bits for $mux cell $memory$auto$proc_rom.cc:155:do_switch$48$rdmux[0][7][48]$827:
      Old ports: A=12'010110100111, B=12'010110000011, Y=$memory$auto$proc_rom.cc:155:do_switch$48$rdmux[0][6][24]$a$564
      New ports: A=1'1, B=1'0, Y=$memory$auto$proc_rom.cc:155:do_switch$48$rdmux[0][6][24]$a$564 [2]
      New connections: { $memory$auto$proc_rom.cc:155:do_switch$48$rdmux[0][6][24]$a$564 [11:3] $memory$auto$proc_rom.cc:155:do_switch$48$rdmux[0][6][24]$a$564 [1:0] } = { 6'010110 $memory$auto$proc_rom.cc:155:do_switch$48$rdmux[0][6][24]$a$564 [2] 4'0011 }
    Consolidated identical input bits for $mux cell $memory$auto$proc_rom.cc:155:do_switch$48$rdmux[0][7][47]$824:
      Old ports: A=12'010111101101, B=12'010111001011, Y=$memory$auto$proc_rom.cc:155:do_switch$48$rdmux[0][6][23]$b$562
      New ports: A=2'10, B=2'01, Y=$memory$auto$proc_rom.cc:155:do_switch$48$rdmux[0][6][23]$b$562 [2:1]
      New connections: { $memory$auto$proc_rom.cc:155:do_switch$48$rdmux[0][6][23]$b$562 [11:3] $memory$auto$proc_rom.cc:155:do_switch$48$rdmux[0][6][23]$b$562 [0] } = { 6'010111 $memory$auto$proc_rom.cc:155:do_switch$48$rdmux[0][6][23]$b$562 [2] 3'011 }
    Consolidated identical input bits for $mux cell $memory$auto$proc_rom.cc:155:do_switch$48$rdmux[0][7][46]$821:
      Old ports: A=12'011000101110, B=12'011000001110, Y=$memory$auto$proc_rom.cc:155:do_switch$48$rdmux[0][6][23]$a$561
      New ports: A=1'1, B=1'0, Y=$memory$auto$proc_rom.cc:155:do_switch$48$rdmux[0][6][23]$a$561 [5]
      New connections: { $memory$auto$proc_rom.cc:155:do_switch$48$rdmux[0][6][23]$a$561 [11:6] $memory$auto$proc_rom.cc:155:do_switch$48$rdmux[0][6][23]$a$561 [4:0] } = 11'01100001110
    Consolidated identical input bits for $mux cell $memory$auto$proc_rom.cc:155:do_switch$48$rdmux[0][7][45]$818:
      Old ports: A=12'011001101100, B=12'011001001110, Y=$memory$auto$proc_rom.cc:155:do_switch$48$rdmux[0][6][22]$b$559
      New ports: A=2'10, B=2'01, Y={ $memory$auto$proc_rom.cc:155:do_switch$48$rdmux[0][6][22]$b$559 [5] $memory$auto$proc_rom.cc:155:do_switch$48$rdmux[0][6][22]$b$559 [1] }
      New connections: { $memory$auto$proc_rom.cc:155:do_switch$48$rdmux[0][6][22]$b$559 [11:6] $memory$auto$proc_rom.cc:155:do_switch$48$rdmux[0][6][22]$b$559 [4:2] $memory$auto$proc_rom.cc:155:do_switch$48$rdmux[0][6][22]$b$559 [0] } = 10'0110010110
    Consolidated identical input bits for $mux cell $memory$auto$proc_rom.cc:155:do_switch$48$rdmux[0][7][44]$815:
      Old ports: A=12'011010100110, B=12'011010001010, Y=$memory$auto$proc_rom.cc:155:do_switch$48$rdmux[0][6][22]$a$558
      New ports: A=2'01, B=2'10, Y=$memory$auto$proc_rom.cc:155:do_switch$48$rdmux[0][6][22]$a$558 [3:2]
      New connections: { $memory$auto$proc_rom.cc:155:do_switch$48$rdmux[0][6][22]$a$558 [11:4] $memory$auto$proc_rom.cc:155:do_switch$48$rdmux[0][6][22]$a$558 [1:0] } = { 6'011010 $memory$auto$proc_rom.cc:155:do_switch$48$rdmux[0][6][22]$a$558 [2] 3'010 }
    Consolidated identical input bits for $mux cell $memory$auto$proc_rom.cc:155:do_switch$48$rdmux[0][7][43]$812:
      Old ports: A=12'011011011100, B=12'011011000001, Y=$memory$auto$proc_rom.cc:155:do_switch$48$rdmux[0][6][21]$b$556
      New ports: A=2'10, B=2'01, Y={ $memory$auto$proc_rom.cc:155:do_switch$48$rdmux[0][6][21]$b$556 [2] $memory$auto$proc_rom.cc:155:do_switch$48$rdmux[0][6][21]$b$556 [0] }
      New connections: { $memory$auto$proc_rom.cc:155:do_switch$48$rdmux[0][6][21]$b$556 [11:3] $memory$auto$proc_rom.cc:155:do_switch$48$rdmux[0][6][21]$b$556 [1] } = { 7'0110110 $memory$auto$proc_rom.cc:155:do_switch$48$rdmux[0][6][21]$b$556 [2] $memory$auto$proc_rom.cc:155:do_switch$48$rdmux[0][6][21]$b$556 [2] 1'0 }
    Consolidated identical input bits for $mux cell $memory$auto$proc_rom.cc:155:do_switch$48$rdmux[0][7][42]$809:
      Old ports: A=12'011100001101, B=12'011011110101, Y=$memory$auto$proc_rom.cc:155:do_switch$48$rdmux[0][6][21]$a$555
      New ports: A=2'01, B=2'10, Y=$memory$auto$proc_rom.cc:155:do_switch$48$rdmux[0][6][21]$a$555 [4:3]
      New connections: { $memory$auto$proc_rom.cc:155:do_switch$48$rdmux[0][6][21]$a$555 [11:5] $memory$auto$proc_rom.cc:155:do_switch$48$rdmux[0][6][21]$a$555 [2:0] } = { 3'011 $memory$auto$proc_rom.cc:155:do_switch$48$rdmux[0][6][21]$a$555 [3] $memory$auto$proc_rom.cc:155:do_switch$48$rdmux[0][6][21]$a$555 [4] $memory$auto$proc_rom.cc:155:do_switch$48$rdmux[0][6][21]$a$555 [4] $memory$auto$proc_rom.cc:155:do_switch$48$rdmux[0][6][21]$a$555 [4] 3'101 }
    Consolidated identical input bits for $mux cell $memory$auto$proc_rom.cc:155:do_switch$48$rdmux[0][7][41]$806:
      Old ports: A=12'011100111010, B=12'011100100100, Y=$memory$auto$proc_rom.cc:155:do_switch$48$rdmux[0][6][20]$b$553
      New ports: A=2'01, B=2'10, Y=$memory$auto$proc_rom.cc:155:do_switch$48$rdmux[0][6][20]$b$553 [2:1]
      New connections: { $memory$auto$proc_rom.cc:155:do_switch$48$rdmux[0][6][20]$b$553 [11:3] $memory$auto$proc_rom.cc:155:do_switch$48$rdmux[0][6][20]$b$553 [0] } = { 7'0111001 $memory$auto$proc_rom.cc:155:do_switch$48$rdmux[0][6][20]$b$553 [1] $memory$auto$proc_rom.cc:155:do_switch$48$rdmux[0][6][20]$b$553 [1] 1'0 }
    Consolidated identical input bits for $mux cell $memory$auto$proc_rom.cc:155:do_switch$48$rdmux[0][7][40]$803:
      Old ports: A=12'011101100011, B=12'011101001111, Y=$memory$auto$proc_rom.cc:155:do_switch$48$rdmux[0][6][20]$a$552
      New ports: A=2'10, B=2'01, Y={ $memory$auto$proc_rom.cc:155:do_switch$48$rdmux[0][6][20]$a$552 [5] $memory$auto$proc_rom.cc:155:do_switch$48$rdmux[0][6][20]$a$552 [2] }
      New connections: { $memory$auto$proc_rom.cc:155:do_switch$48$rdmux[0][6][20]$a$552 [11:6] $memory$auto$proc_rom.cc:155:do_switch$48$rdmux[0][6][20]$a$552 [4:3] $memory$auto$proc_rom.cc:155:do_switch$48$rdmux[0][6][20]$a$552 [1:0] } = { 7'0111010 $memory$auto$proc_rom.cc:155:do_switch$48$rdmux[0][6][20]$a$552 [2] 2'11 }
    Consolidated identical input bits for $mux cell $memory$auto$proc_rom.cc:155:do_switch$48$rdmux[0][7][39]$800:
      Old ports: A=12'011110000111, B=12'011101110110, Y=$memory$auto$proc_rom.cc:155:do_switch$48$rdmux[0][6][19]$b$550
      New ports: A=2'01, B=2'10, Y={ $memory$auto$proc_rom.cc:155:do_switch$48$rdmux[0][6][19]$b$550 [4] $memory$auto$proc_rom.cc:155:do_switch$48$rdmux[0][6][19]$b$550 [0] }
      New connections: { $memory$auto$proc_rom.cc:155:do_switch$48$rdmux[0][6][19]$b$550 [11:5] $memory$auto$proc_rom.cc:155:do_switch$48$rdmux[0][6][19]$b$550 [3:1] } = { 4'0111 $memory$auto$proc_rom.cc:155:do_switch$48$rdmux[0][6][19]$b$550 [0] $memory$auto$proc_rom.cc:155:do_switch$48$rdmux[0][6][19]$b$550 [4] $memory$auto$proc_rom.cc:155:do_switch$48$rdmux[0][6][19]$b$550 [4] 3'011 }
    Consolidated identical input bits for $mux cell $memory$auto$proc_rom.cc:155:do_switch$48$rdmux[0][7][38]$797:
      Old ports: A=12'011110100111, B=12'011110011000, Y=$memory$auto$proc_rom.cc:155:do_switch$48$rdmux[0][6][19]$a$549
      New ports: A=2'01, B=2'10, Y={ $memory$auto$proc_rom.cc:155:do_switch$48$rdmux[0][6][19]$a$549 [3] $memory$auto$proc_rom.cc:155:do_switch$48$rdmux[0][6][19]$a$549 [0] }
      New connections: { $memory$auto$proc_rom.cc:155:do_switch$48$rdmux[0][6][19]$a$549 [11:4] $memory$auto$proc_rom.cc:155:do_switch$48$rdmux[0][6][19]$a$549 [2:1] } = { 6'011110 $memory$auto$proc_rom.cc:155:do_switch$48$rdmux[0][6][19]$a$549 [0] $memory$auto$proc_rom.cc:155:do_switch$48$rdmux[0][6][19]$a$549 [3] $memory$auto$proc_rom.cc:155:do_switch$48$rdmux[0][6][19]$a$549 [0] $memory$auto$proc_rom.cc:155:do_switch$48$rdmux[0][6][19]$a$549 [0] }
    Consolidated identical input bits for $mux cell $memory$auto$proc_rom.cc:155:do_switch$48$rdmux[0][7][37]$794:
      Old ports: A=12'011111000010, B=12'011110110101, Y=$memory$auto$proc_rom.cc:155:do_switch$48$rdmux[0][6][18]$b$547
      New ports: A=2'10, B=2'01, Y=$memory$auto$proc_rom.cc:155:do_switch$48$rdmux[0][6][18]$b$547 [1:0]
      New connections: $memory$auto$proc_rom.cc:155:do_switch$48$rdmux[0][6][18]$b$547 [11:2] = { 5'01111 $memory$auto$proc_rom.cc:155:do_switch$48$rdmux[0][6][18]$b$547 [1:0] $memory$auto$proc_rom.cc:155:do_switch$48$rdmux[0][6][18]$b$547 [0] 1'0 $memory$auto$proc_rom.cc:155:do_switch$48$rdmux[0][6][18]$b$547 [0] }
    Consolidated identical input bits for $mux cell $memory$auto$proc_rom.cc:155:do_switch$48$rdmux[0][7][36]$791:
      Old ports: A=12'011111011000, B=12'011111001101, Y=$memory$auto$proc_rom.cc:155:do_switch$48$rdmux[0][6][18]$a$546
      New ports: A=2'10, B=2'01, Y={ $memory$auto$proc_rom.cc:155:do_switch$48$rdmux[0][6][18]$a$546 [4] $memory$auto$proc_rom.cc:155:do_switch$48$rdmux[0][6][18]$a$546 [0] }
      New connections: { $memory$auto$proc_rom.cc:155:do_switch$48$rdmux[0][6][18]$a$546 [11:5] $memory$auto$proc_rom.cc:155:do_switch$48$rdmux[0][6][18]$a$546 [3:1] } = { 8'01111101 $memory$auto$proc_rom.cc:155:do_switch$48$rdmux[0][6][18]$a$546 [0] 1'0 }
    Consolidated identical input bits for $mux cell $memory$auto$proc_rom.cc:155:do_switch$48$rdmux[0][7][35]$788:
      Old ports: A=12'011111101001, B=12'011111100001, Y=$memory$auto$proc_rom.cc:155:do_switch$48$rdmux[0][6][17]$b$544
      New ports: A=1'1, B=1'0, Y=$memory$auto$proc_rom.cc:155:do_switch$48$rdmux[0][6][17]$b$544 [3]
      New connections: { $memory$auto$proc_rom.cc:155:do_switch$48$rdmux[0][6][17]$b$544 [11:4] $memory$auto$proc_rom.cc:155:do_switch$48$rdmux[0][6][17]$b$544 [2:0] } = 11'01111110001
    Consolidated identical input bits for $mux cell $memory$auto$proc_rom.cc:155:do_switch$48$rdmux[0][7][34]$785:
      Old ports: A=12'011111110101, B=12'011111110000, Y=$memory$auto$proc_rom.cc:155:do_switch$48$rdmux[0][6][17]$a$543
      New ports: A=1'1, B=1'0, Y=$memory$auto$proc_rom.cc:155:do_switch$48$rdmux[0][6][17]$a$543 [0]
      New connections: $memory$auto$proc_rom.cc:155:do_switch$48$rdmux[0][6][17]$a$543 [11:1] = { 9'011111110 $memory$auto$proc_rom.cc:155:do_switch$48$rdmux[0][6][17]$a$543 [0] 1'0 }
    Consolidated identical input bits for $mux cell $memory$auto$proc_rom.cc:155:do_switch$48$rdmux[0][7][33]$782:
      Old ports: A=12'011111111101, B=12'011111111001, Y=$memory$auto$proc_rom.cc:155:do_switch$48$rdmux[0][6][16]$b$541
      New ports: A=1'1, B=1'0, Y=$memory$auto$proc_rom.cc:155:do_switch$48$rdmux[0][6][16]$b$541 [2]
      New connections: { $memory$auto$proc_rom.cc:155:do_switch$48$rdmux[0][6][16]$b$541 [11:3] $memory$auto$proc_rom.cc:155:do_switch$48$rdmux[0][6][16]$b$541 [1:0] } = 11'01111111101
    Consolidated identical input bits for $mux cell $memory$auto$proc_rom.cc:155:do_switch$48$rdmux[0][7][32]$779:
      Old ports: A=12'011111111111, B=12'011111111110, Y=$memory$auto$proc_rom.cc:155:do_switch$48$rdmux[0][6][16]$a$540
      New ports: A=1'1, B=1'0, Y=$memory$auto$proc_rom.cc:155:do_switch$48$rdmux[0][6][16]$a$540 [0]
      New connections: $memory$auto$proc_rom.cc:155:do_switch$48$rdmux[0][6][16]$a$540 [11:1] = 11'01111111111
    Consolidated identical input bits for $mux cell $memory$auto$proc_rom.cc:155:do_switch$48$rdmux[0][7][31]$776:
      Old ports: A=12'011111111101, B=12'011111111110, Y=$memory$auto$proc_rom.cc:155:do_switch$48$rdmux[0][6][15]$b$538
      New ports: A=2'01, B=2'10, Y=$memory$auto$proc_rom.cc:155:do_switch$48$rdmux[0][6][15]$b$538 [1:0]
      New connections: $memory$auto$proc_rom.cc:155:do_switch$48$rdmux[0][6][15]$b$538 [11:2] = 10'0111111111
    Consolidated identical input bits for $mux cell $memory$auto$proc_rom.cc:155:do_switch$48$rdmux[0][7][30]$773:
      Old ports: A=12'011111110101, B=12'011111111001, Y=$memory$auto$proc_rom.cc:155:do_switch$48$rdmux[0][6][15]$a$537
      New ports: A=2'01, B=2'10, Y=$memory$auto$proc_rom.cc:155:do_switch$48$rdmux[0][6][15]$a$537 [3:2]
      New connections: { $memory$auto$proc_rom.cc:155:do_switch$48$rdmux[0][6][15]$a$537 [11:4] $memory$auto$proc_rom.cc:155:do_switch$48$rdmux[0][6][15]$a$537 [1:0] } = 10'0111111101
    Consolidated identical input bits for $mux cell $memory$auto$proc_rom.cc:155:do_switch$48$rdmux[0][7][29]$770:
      Old ports: A=12'011111101001, B=12'011111110000, Y=$memory$auto$proc_rom.cc:155:do_switch$48$rdmux[0][6][14]$b$535
      New ports: A=2'01, B=2'10, Y={ $memory$auto$proc_rom.cc:155:do_switch$48$rdmux[0][6][14]$b$535 [4] $memory$auto$proc_rom.cc:155:do_switch$48$rdmux[0][6][14]$b$535 [0] }
      New connections: { $memory$auto$proc_rom.cc:155:do_switch$48$rdmux[0][6][14]$b$535 [11:5] $memory$auto$proc_rom.cc:155:do_switch$48$rdmux[0][6][14]$b$535 [3:1] } = { 7'0111111 $memory$auto$proc_rom.cc:155:do_switch$48$rdmux[0][6][14]$b$535 [0] 2'00 }
    Consolidated identical input bits for $mux cell $memory$auto$proc_rom.cc:155:do_switch$48$rdmux[0][7][28]$767:
      Old ports: A=12'011111011000, B=12'011111100001, Y=$memory$auto$proc_rom.cc:155:do_switch$48$rdmux[0][6][14]$a$534
      New ports: A=2'10, B=2'01, Y={ $memory$auto$proc_rom.cc:155:do_switch$48$rdmux[0][6][14]$a$534 [3] $memory$auto$proc_rom.cc:155:do_switch$48$rdmux[0][6][14]$a$534 [0] }
      New connections: { $memory$auto$proc_rom.cc:155:do_switch$48$rdmux[0][6][14]$a$534 [11:4] $memory$auto$proc_rom.cc:155:do_switch$48$rdmux[0][6][14]$a$534 [2:1] } = { 6'011111 $memory$auto$proc_rom.cc:155:do_switch$48$rdmux[0][6][14]$a$534 [0] $memory$auto$proc_rom.cc:155:do_switch$48$rdmux[0][6][14]$a$534 [3] 2'00 }
    Consolidated identical input bits for $mux cell $memory$auto$proc_rom.cc:155:do_switch$48$rdmux[0][7][27]$764:
      Old ports: A=12'011111000010, B=12'011111001101, Y=$memory$auto$proc_rom.cc:155:do_switch$48$rdmux[0][6][13]$b$532
      New ports: A=2'10, B=2'01, Y=$memory$auto$proc_rom.cc:155:do_switch$48$rdmux[0][6][13]$b$532 [1:0]
      New connections: $memory$auto$proc_rom.cc:155:do_switch$48$rdmux[0][6][13]$b$532 [11:2] = { 8'01111100 $memory$auto$proc_rom.cc:155:do_switch$48$rdmux[0][6][13]$b$532 [0] $memory$auto$proc_rom.cc:155:do_switch$48$rdmux[0][6][13]$b$532 [0] }
    Consolidated identical input bits for $mux cell $memory$auto$proc_rom.cc:155:do_switch$48$rdmux[0][7][26]$761:
      Old ports: A=12'011110100111, B=12'011110110101, Y=$memory$auto$proc_rom.cc:155:do_switch$48$rdmux[0][6][13]$a$531
      New ports: A=2'01, B=2'10, Y={ $memory$auto$proc_rom.cc:155:do_switch$48$rdmux[0][6][13]$a$531 [4] $memory$auto$proc_rom.cc:155:do_switch$48$rdmux[0][6][13]$a$531 [1] }
      New connections: { $memory$auto$proc_rom.cc:155:do_switch$48$rdmux[0][6][13]$a$531 [11:5] $memory$auto$proc_rom.cc:155:do_switch$48$rdmux[0][6][13]$a$531 [3:2] $memory$auto$proc_rom.cc:155:do_switch$48$rdmux[0][6][13]$a$531 [0] } = 10'0111101011
    Consolidated identical input bits for $mux cell $memory$auto$proc_rom.cc:155:do_switch$48$rdmux[0][7][25]$758:
      Old ports: A=12'011110000111, B=12'011110011000, Y=$memory$auto$proc_rom.cc:155:do_switch$48$rdmux[0][6][12]$b$529
      New ports: A=2'01, B=2'10, Y={ $memory$auto$proc_rom.cc:155:do_switch$48$rdmux[0][6][12]$b$529 [3] $memory$auto$proc_rom.cc:155:do_switch$48$rdmux[0][6][12]$b$529 [0] }
      New connections: { $memory$auto$proc_rom.cc:155:do_switch$48$rdmux[0][6][12]$b$529 [11:4] $memory$auto$proc_rom.cc:155:do_switch$48$rdmux[0][6][12]$b$529 [2:1] } = { 7'0111100 $memory$auto$proc_rom.cc:155:do_switch$48$rdmux[0][6][12]$b$529 [3] $memory$auto$proc_rom.cc:155:do_switch$48$rdmux[0][6][12]$b$529 [0] $memory$auto$proc_rom.cc:155:do_switch$48$rdmux[0][6][12]$b$529 [0] }
    Consolidated identical input bits for $mux cell $memory$auto$proc_rom.cc:155:do_switch$48$rdmux[0][7][24]$755:
      Old ports: A=12'011101100011, B=12'011101110110, Y=$memory$auto$proc_rom.cc:155:do_switch$48$rdmux[0][6][12]$a$528
      New ports: A=2'01, B=2'10, Y={ $memory$auto$proc_rom.cc:155:do_switch$48$rdmux[0][6][12]$a$528 [2] $memory$auto$proc_rom.cc:155:do_switch$48$rdmux[0][6][12]$a$528 [0] }
      New connections: { $memory$auto$proc_rom.cc:155:do_switch$48$rdmux[0][6][12]$a$528 [11:3] $memory$auto$proc_rom.cc:155:do_switch$48$rdmux[0][6][12]$a$528 [1] } = { 7'0111011 $memory$auto$proc_rom.cc:155:do_switch$48$rdmux[0][6][12]$a$528 [2] 2'01 }
    Consolidated identical input bits for $mux cell $memory$auto$proc_rom.cc:155:do_switch$48$rdmux[0][7][23]$752:
      Old ports: A=12'011100111010, B=12'011101001111, Y=$memory$auto$proc_rom.cc:155:do_switch$48$rdmux[0][6][11]$b$526
      New ports: A=2'10, B=2'01, Y={ $memory$auto$proc_rom.cc:155:do_switch$48$rdmux[0][6][11]$b$526 [4] $memory$auto$proc_rom.cc:155:do_switch$48$rdmux[0][6][11]$b$526 [0] }
      New connections: { $memory$auto$proc_rom.cc:155:do_switch$48$rdmux[0][6][11]$b$526 [11:5] $memory$auto$proc_rom.cc:155:do_switch$48$rdmux[0][6][11]$b$526 [3:1] } = { 5'01110 $memory$auto$proc_rom.cc:155:do_switch$48$rdmux[0][6][11]$b$526 [0] $memory$auto$proc_rom.cc:155:do_switch$48$rdmux[0][6][11]$b$526 [4] 1'1 $memory$auto$proc_rom.cc:155:do_switch$48$rdmux[0][6][11]$b$526 [0] 1'1 }
    Consolidated identical input bits for $mux cell $memory$auto$proc_rom.cc:155:do_switch$48$rdmux[0][7][22]$749:
      Old ports: A=12'011100001101, B=12'011100100100, Y=$memory$auto$proc_rom.cc:155:do_switch$48$rdmux[0][6][11]$a$525
      New ports: A=2'01, B=2'10, Y={ $memory$auto$proc_rom.cc:155:do_switch$48$rdmux[0][6][11]$a$525 [5] $memory$auto$proc_rom.cc:155:do_switch$48$rdmux[0][6][11]$a$525 [0] }
      New connections: { $memory$auto$proc_rom.cc:155:do_switch$48$rdmux[0][6][11]$a$525 [11:6] $memory$auto$proc_rom.cc:155:do_switch$48$rdmux[0][6][11]$a$525 [4:1] } = { 7'0111000 $memory$auto$proc_rom.cc:155:do_switch$48$rdmux[0][6][11]$a$525 [0] 2'10 }
    Consolidated identical input bits for $mux cell $memory$auto$proc_rom.cc:155:do_switch$48$rdmux[0][7][21]$746:
      Old ports: A=12'011011011100, B=12'011011110101, Y=$memory$auto$proc_rom.cc:155:do_switch$48$rdmux[0][6][10]$b$523
      New ports: A=2'10, B=2'01, Y={ $memory$auto$proc_rom.cc:155:do_switch$48$rdmux[0][6][10]$b$523 [3] $memory$auto$proc_rom.cc:155:do_switch$48$rdmux[0][6][10]$b$523 [0] }
      New connections: { $memory$auto$proc_rom.cc:155:do_switch$48$rdmux[0][6][10]$b$523 [11:4] $memory$auto$proc_rom.cc:155:do_switch$48$rdmux[0][6][10]$b$523 [2:1] } = { 6'011011 $memory$auto$proc_rom.cc:155:do_switch$48$rdmux[0][6][10]$b$523 [0] 3'110 }
    Consolidated identical input bits for $mux cell $memory$auto$proc_rom.cc:155:do_switch$48$rdmux[0][7][20]$743:
      Old ports: A=12'011010100110, B=12'011011000001, Y=$memory$auto$proc_rom.cc:155:do_switch$48$rdmux[0][6][10]$a$522
      New ports: A=2'10, B=2'01, Y=$memory$auto$proc_rom.cc:155:do_switch$48$rdmux[0][6][10]$a$522 [1:0]
      New connections: $memory$auto$proc_rom.cc:155:do_switch$48$rdmux[0][6][10]$a$522 [11:2] = { 5'01101 $memory$auto$proc_rom.cc:155:do_switch$48$rdmux[0][6][10]$a$522 [0] $memory$auto$proc_rom.cc:155:do_switch$48$rdmux[0][6][10]$a$522 [1] 2'00 $memory$auto$proc_rom.cc:155:do_switch$48$rdmux[0][6][10]$a$522 [1] }
    Consolidated identical input bits for $mux cell $memory$auto$proc_rom.cc:155:do_switch$48$rdmux[0][7][19]$740:
      Old ports: A=12'011001101100, B=12'011010001010, Y=$memory$auto$proc_rom.cc:155:do_switch$48$rdmux[0][6][9]$b$520
      New ports: A=2'10, B=2'01, Y=$memory$auto$proc_rom.cc:155:do_switch$48$rdmux[0][6][9]$b$520 [2:1]
      New connections: { $memory$auto$proc_rom.cc:155:do_switch$48$rdmux[0][6][9]$b$520 [11:3] $memory$auto$proc_rom.cc:155:do_switch$48$rdmux[0][6][9]$b$520 [0] } = { 4'0110 $memory$auto$proc_rom.cc:155:do_switch$48$rdmux[0][6][9]$b$520 [1] $memory$auto$proc_rom.cc:155:do_switch$48$rdmux[0][6][9]$b$520 [2] $memory$auto$proc_rom.cc:155:do_switch$48$rdmux[0][6][9]$b$520 [2] 3'010 }
    Consolidated identical input bits for $mux cell $memory$auto$proc_rom.cc:155:do_switch$48$rdmux[0][7][18]$737:
      Old ports: A=12'011000101110, B=12'011001001110, Y=$memory$auto$proc_rom.cc:155:do_switch$48$rdmux[0][6][9]$a$519
      New ports: A=2'01, B=2'10, Y=$memory$auto$proc_rom.cc:155:do_switch$48$rdmux[0][6][9]$a$519 [6:5]
      New connections: { $memory$auto$proc_rom.cc:155:do_switch$48$rdmux[0][6][9]$a$519 [11:7] $memory$auto$proc_rom.cc:155:do_switch$48$rdmux[0][6][9]$a$519 [4:0] } = 10'0110001110
    Consolidated identical input bits for $mux cell $memory$auto$proc_rom.cc:155:do_switch$48$rdmux[0][7][17]$734:
      Old ports: A=12'010111101101, B=12'011000001110, Y=$memory$auto$proc_rom.cc:155:do_switch$48$rdmux[0][6][8]$b$517
      New ports: A=2'01, B=2'10, Y=$memory$auto$proc_rom.cc:155:do_switch$48$rdmux[0][6][8]$b$517 [1:0]
      New connections: $memory$auto$proc_rom.cc:155:do_switch$48$rdmux[0][6][8]$b$517 [11:2] = { 2'01 $memory$auto$proc_rom.cc:155:do_switch$48$rdmux[0][6][8]$b$517 [1:0] $memory$auto$proc_rom.cc:155:do_switch$48$rdmux[0][6][8]$b$517 [0] $memory$auto$proc_rom.cc:155:do_switch$48$rdmux[0][6][8]$b$517 [0] $memory$auto$proc_rom.cc:155:do_switch$48$rdmux[0][6][8]$b$517 [0] 3'011 }
    Consolidated identical input bits for $mux cell $memory$auto$proc_rom.cc:155:do_switch$48$rdmux[0][7][16]$731:
      Old ports: A=12'010110100111, B=12'010111001011, Y=$memory$auto$proc_rom.cc:155:do_switch$48$rdmux[0][6][8]$a$516
      New ports: A=2'01, B=2'10, Y=$memory$auto$proc_rom.cc:155:do_switch$48$rdmux[0][6][8]$a$516 [3:2]
      New connections: { $memory$auto$proc_rom.cc:155:do_switch$48$rdmux[0][6][8]$a$516 [11:4] $memory$auto$proc_rom.cc:155:do_switch$48$rdmux[0][6][8]$a$516 [1:0] } = { 5'01011 $memory$auto$proc_rom.cc:155:do_switch$48$rdmux[0][6][8]$a$516 [3:2] 3'011 }
    Consolidated identical input bits for $mux cell $memory$auto$proc_rom.cc:155:do_switch$48$rdmux[0][7][15]$728:
      Old ports: A=12'010101011111, B=12'010110000011, Y=$memory$auto$proc_rom.cc:155:do_switch$48$rdmux[0][6][7]$b$514
      New ports: A=2'01, B=2'10, Y={ $memory$auto$proc_rom.cc:155:do_switch$48$rdmux[0][6][7]$b$514 [7] $memory$auto$proc_rom.cc:155:do_switch$48$rdmux[0][6][7]$b$514 [2] }
      New connections: { $memory$auto$proc_rom.cc:155:do_switch$48$rdmux[0][6][7]$b$514 [11:8] $memory$auto$proc_rom.cc:155:do_switch$48$rdmux[0][6][7]$b$514 [6:3] $memory$auto$proc_rom.cc:155:do_switch$48$rdmux[0][6][7]$b$514 [1:0] } = { 4'0101 $memory$auto$proc_rom.cc:155:do_switch$48$rdmux[0][6][7]$b$514 [2] 1'0 $memory$auto$proc_rom.cc:155:do_switch$48$rdmux[0][6][7]$b$514 [2] $memory$auto$proc_rom.cc:155:do_switch$48$rdmux[0][6][7]$b$514 [2] 2'11 }
    Consolidated identical input bits for $mux cell $memory$auto$proc_rom.cc:155:do_switch$48$rdmux[0][7][14]$725:
      Old ports: A=12'010100010011, B=12'010100111001, Y=$memory$auto$proc_rom.cc:155:do_switch$48$rdmux[0][6][7]$a$513
      New ports: A=2'01, B=2'10, Y={ $memory$auto$proc_rom.cc:155:do_switch$48$rdmux[0][6][7]$a$513 [3] $memory$auto$proc_rom.cc:155:do_switch$48$rdmux[0][6][7]$a$513 [1] }
      New connections: { $memory$auto$proc_rom.cc:155:do_switch$48$rdmux[0][6][7]$a$513 [11:4] $memory$auto$proc_rom.cc:155:do_switch$48$rdmux[0][6][7]$a$513 [2] $memory$auto$proc_rom.cc:155:do_switch$48$rdmux[0][6][7]$a$513 [0] } = { 6'010100 $memory$auto$proc_rom.cc:155:do_switch$48$rdmux[0][6][7]$a$513 [3] 3'101 }
    Consolidated identical input bits for $mux cell $memory$auto$proc_rom.cc:155:do_switch$48$rdmux[0][7][13]$722:
      Old ports: A=12'010011000011, B=12'010011101011, Y=$memory$auto$proc_rom.cc:155:do_switch$48$rdmux[0][6][6]$b$511
      New ports: A=1'0, B=1'1, Y=$memory$auto$proc_rom.cc:155:do_switch$48$rdmux[0][6][6]$b$511 [3]
      New connections: { $memory$auto$proc_rom.cc:155:do_switch$48$rdmux[0][6][6]$b$511 [11:4] $memory$auto$proc_rom.cc:155:do_switch$48$rdmux[0][6][6]$b$511 [2:0] } = { 6'010011 $memory$auto$proc_rom.cc:155:do_switch$48$rdmux[0][6][6]$b$511 [3] 4'0011 }
    Consolidated identical input bits for $mux cell $memory$auto$proc_rom.cc:155:do_switch$48$rdmux[0][7][12]$719:
      Old ports: A=12'010001110001, B=12'010010011011, Y=$memory$auto$proc_rom.cc:155:do_switch$48$rdmux[0][6][6]$a$510
      New ports: A=2'10, B=2'01, Y={ $memory$auto$proc_rom.cc:155:do_switch$48$rdmux[0][6][6]$a$510 [5] $memory$auto$proc_rom.cc:155:do_switch$48$rdmux[0][6][6]$a$510 [1] }
      New connections: { $memory$auto$proc_rom.cc:155:do_switch$48$rdmux[0][6][6]$a$510 [11:6] $memory$auto$proc_rom.cc:155:do_switch$48$rdmux[0][6][6]$a$510 [4:2] $memory$auto$proc_rom.cc:155:do_switch$48$rdmux[0][6][6]$a$510 [0] } = { 4'0100 $memory$auto$proc_rom.cc:155:do_switch$48$rdmux[0][6][6]$a$510 [1] $memory$auto$proc_rom.cc:155:do_switch$48$rdmux[0][6][6]$a$510 [5] 1'1 $memory$auto$proc_rom.cc:155:do_switch$48$rdmux[0][6][6]$a$510 [1] 2'01 }
    Consolidated identical input bits for $mux cell $memory$auto$proc_rom.cc:155:do_switch$48$rdmux[0][7][11]$716:
      Old ports: A=12'010000011100, B=12'010001000111, Y=$memory$auto$proc_rom.cc:155:do_switch$48$rdmux[0][6][5]$b$508
      New ports: A=2'10, B=2'01, Y={ $memory$auto$proc_rom.cc:155:do_switch$48$rdmux[0][6][5]$b$508 [3] $memory$auto$proc_rom.cc:155:do_switch$48$rdmux[0][6][5]$b$508 [0] }
      New connections: { $memory$auto$proc_rom.cc:155:do_switch$48$rdmux[0][6][5]$b$508 [11:4] $memory$auto$proc_rom.cc:155:do_switch$48$rdmux[0][6][5]$b$508 [2:1] } = { 5'01000 $memory$auto$proc_rom.cc:155:do_switch$48$rdmux[0][6][5]$b$508 [0] 1'0 $memory$auto$proc_rom.cc:155:do_switch$48$rdmux[0][6][5]$b$508 [3] 1'1 $memory$auto$proc_rom.cc:155:do_switch$48$rdmux[0][6][5]$b$508 [0] }
    Consolidated identical input bits for $mux cell $memory$auto$proc_rom.cc:155:do_switch$48$rdmux[0][7][10]$713:
      Old ports: A=12'001111000101, B=12'001111110001, Y=$memory$auto$proc_rom.cc:155:do_switch$48$rdmux[0][6][5]$a$507
      New ports: A=2'01, B=2'10, Y={ $memory$auto$proc_rom.cc:155:do_switch$48$rdmux[0][6][5]$a$507 [4] $memory$auto$proc_rom.cc:155:do_switch$48$rdmux[0][6][5]$a$507 [2] }
      New connections: { $memory$auto$proc_rom.cc:155:do_switch$48$rdmux[0][6][5]$a$507 [11:5] $memory$auto$proc_rom.cc:155:do_switch$48$rdmux[0][6][5]$a$507 [3] $memory$auto$proc_rom.cc:155:do_switch$48$rdmux[0][6][5]$a$507 [1:0] } = { 6'001111 $memory$auto$proc_rom.cc:155:do_switch$48$rdmux[0][6][5]$a$507 [4] 3'001 }
    Consolidated identical input bits for $mux cell $memory$auto$proc_rom.cc:155:do_switch$48$rdmux[0][7][9]$710:
      Old ports: A=12'001101101011, B=12'001110011000, Y=$memory$auto$proc_rom.cc:155:do_switch$48$rdmux[0][6][4]$b$505
      New ports: A=2'01, B=2'10, Y={ $memory$auto$proc_rom.cc:155:do_switch$48$rdmux[0][6][4]$b$505 [4] $memory$auto$proc_rom.cc:155:do_switch$48$rdmux[0][6][4]$b$505 [0] }
      New connections: { $memory$auto$proc_rom.cc:155:do_switch$48$rdmux[0][6][4]$b$505 [11:5] $memory$auto$proc_rom.cc:155:do_switch$48$rdmux[0][6][4]$b$505 [3:1] } = { 4'0011 $memory$auto$proc_rom.cc:155:do_switch$48$rdmux[0][6][4]$b$505 [4] $memory$auto$proc_rom.cc:155:do_switch$48$rdmux[0][6][4]$b$505 [0] $memory$auto$proc_rom.cc:155:do_switch$48$rdmux[0][6][4]$b$505 [0] 2'10 $memory$auto$proc_rom.cc:155:do_switch$48$rdmux[0][6][4]$b$505 [0] }
    Consolidated identical input bits for $mux cell $memory$auto$proc_rom.cc:155:do_switch$48$rdmux[0][7][8]$707:
      Old ports: A=12'001100001111, B=12'001100111110, Y=$memory$auto$proc_rom.cc:155:do_switch$48$rdmux[0][6][4]$a$504
      New ports: A=2'01, B=2'10, Y={ $memory$auto$proc_rom.cc:155:do_switch$48$rdmux[0][6][4]$a$504 [4] $memory$auto$proc_rom.cc:155:do_switch$48$rdmux[0][6][4]$a$504 [0] }
      New connections: { $memory$auto$proc_rom.cc:155:do_switch$48$rdmux[0][6][4]$a$504 [11:5] $memory$auto$proc_rom.cc:155:do_switch$48$rdmux[0][6][4]$a$504 [3:1] } = { 6'001100 $memory$auto$proc_rom.cc:155:do_switch$48$rdmux[0][6][4]$a$504 [4] 3'111 }
    Consolidated identical input bits for $mux cell $memory$auto$proc_rom.cc:155:do_switch$48$rdmux[0][7][7]$704:
      Old ports: A=12'001010110010, B=12'001011100001, Y=$memory$auto$proc_rom.cc:155:do_switch$48$rdmux[0][6][3]$b$502
      New ports: A=2'10, B=2'01, Y=$memory$auto$proc_rom.cc:155:do_switch$48$rdmux[0][6][3]$b$502 [1:0]
      New connections: $memory$auto$proc_rom.cc:155:do_switch$48$rdmux[0][6][3]$b$502 [11:2] = { 5'00101 $memory$auto$proc_rom.cc:155:do_switch$48$rdmux[0][6][3]$b$502 [0] 1'1 $memory$auto$proc_rom.cc:155:do_switch$48$rdmux[0][6][3]$b$502 [1] 2'00 }
    Consolidated identical input bits for $mux cell $memory$auto$proc_rom.cc:155:do_switch$48$rdmux[0][7][6]$701:
      Old ports: A=12'001001010010, B=12'001010000010, Y=$memory$auto$proc_rom.cc:155:do_switch$48$rdmux[0][6][3]$a$501
      New ports: A=2'01, B=2'10, Y={ $memory$auto$proc_rom.cc:155:do_switch$48$rdmux[0][6][3]$a$501 [7] $memory$auto$proc_rom.cc:155:do_switch$48$rdmux[0][6][3]$a$501 [4] }
      New connections: { $memory$auto$proc_rom.cc:155:do_switch$48$rdmux[0][6][3]$a$501 [11:8] $memory$auto$proc_rom.cc:155:do_switch$48$rdmux[0][6][3]$a$501 [6:5] $memory$auto$proc_rom.cc:155:do_switch$48$rdmux[0][6][3]$a$501 [3:0] } = { 4'0010 $memory$auto$proc_rom.cc:155:do_switch$48$rdmux[0][6][3]$a$501 [4] 5'00010 }
    Consolidated identical input bits for $mux cell $memory$auto$proc_rom.cc:155:do_switch$48$rdmux[0][7][5]$698:
      Old ports: A=12'000111110001, B=12'001000100010, Y=$memory$auto$proc_rom.cc:155:do_switch$48$rdmux[0][6][2]$b$499
      New ports: A=2'01, B=2'10, Y=$memory$auto$proc_rom.cc:155:do_switch$48$rdmux[0][6][2]$b$499 [1:0]
      New connections: $memory$auto$proc_rom.cc:155:do_switch$48$rdmux[0][6][2]$b$499 [11:2] = { 2'00 $memory$auto$proc_rom.cc:155:do_switch$48$rdmux[0][6][2]$b$499 [1:0] $memory$auto$proc_rom.cc:155:do_switch$48$rdmux[0][6][2]$b$499 [0] $memory$auto$proc_rom.cc:155:do_switch$48$rdmux[0][6][2]$b$499 [0] 1'1 $memory$auto$proc_rom.cc:155:do_switch$48$rdmux[0][6][2]$b$499 [0] 2'00 }
    Consolidated identical input bits for $mux cell $memory$auto$proc_rom.cc:155:do_switch$48$rdmux[0][7][4]$695:
      Old ports: A=12'000110001111, B=12'000111000001, Y=$memory$auto$proc_rom.cc:155:do_switch$48$rdmux[0][6][2]$a$498
      New ports: A=2'01, B=2'10, Y={ $memory$auto$proc_rom.cc:155:do_switch$48$rdmux[0][6][2]$a$498 [6] $memory$auto$proc_rom.cc:155:do_switch$48$rdmux[0][6][2]$a$498 [1] }
      New connections: { $memory$auto$proc_rom.cc:155:do_switch$48$rdmux[0][6][2]$a$498 [11:7] $memory$auto$proc_rom.cc:155:do_switch$48$rdmux[0][6][2]$a$498 [5:2] $memory$auto$proc_rom.cc:155:do_switch$48$rdmux[0][6][2]$a$498 [0] } = { 7'0001100 $memory$auto$proc_rom.cc:155:do_switch$48$rdmux[0][6][2]$a$498 [1] $memory$auto$proc_rom.cc:155:do_switch$48$rdmux[0][6][2]$a$498 [1] 1'1 }
    Consolidated identical input bits for $mux cell $memory$auto$proc_rom.cc:155:do_switch$48$rdmux[0][7][3]$692:
      Old ports: A=12'000100101100, B=12'000101011110, Y=$memory$auto$proc_rom.cc:155:do_switch$48$rdmux[0][6][1]$b$496
      New ports: A=2'10, B=2'01, Y={ $memory$auto$proc_rom.cc:155:do_switch$48$rdmux[0][6][1]$b$496 [5] $memory$auto$proc_rom.cc:155:do_switch$48$rdmux[0][6][1]$b$496 [1] }
      New connections: { $memory$auto$proc_rom.cc:155:do_switch$48$rdmux[0][6][1]$b$496 [11:6] $memory$auto$proc_rom.cc:155:do_switch$48$rdmux[0][6][1]$b$496 [4:2] $memory$auto$proc_rom.cc:155:do_switch$48$rdmux[0][6][1]$b$496 [0] } = { 5'00010 $memory$auto$proc_rom.cc:155:do_switch$48$rdmux[0][6][1]$b$496 [1] $memory$auto$proc_rom.cc:155:do_switch$48$rdmux[0][6][1]$b$496 [1] 3'110 }
    Consolidated identical input bits for $mux cell $memory$auto$proc_rom.cc:155:do_switch$48$rdmux[0][7][2]$689:
      Old ports: A=12'000011001001, B=12'000011111011, Y=$memory$auto$proc_rom.cc:155:do_switch$48$rdmux[0][6][1]$a$495
      New ports: A=1'0, B=1'1, Y=$memory$auto$proc_rom.cc:155:do_switch$48$rdmux[0][6][1]$a$495 [1]
      New connections: { $memory$auto$proc_rom.cc:155:do_switch$48$rdmux[0][6][1]$a$495 [11:2] $memory$auto$proc_rom.cc:155:do_switch$48$rdmux[0][6][1]$a$495 [0] } = { 6'000011 $memory$auto$proc_rom.cc:155:do_switch$48$rdmux[0][6][1]$a$495 [1] $memory$auto$proc_rom.cc:155:do_switch$48$rdmux[0][6][1]$a$495 [1] 3'101 }
    Consolidated identical input bits for $mux cell $memory$auto$proc_rom.cc:155:do_switch$48$rdmux[0][7][1]$686:
      Old ports: A=12'000001100100, B=12'000010010111, Y=$memory$auto$proc_rom.cc:155:do_switch$48$rdmux[0][6][0]$b$493
      New ports: A=2'10, B=2'01, Y={ $memory$auto$proc_rom.cc:155:do_switch$48$rdmux[0][6][0]$b$493 [5] $memory$auto$proc_rom.cc:155:do_switch$48$rdmux[0][6][0]$b$493 [0] }
      New connections: { $memory$auto$proc_rom.cc:155:do_switch$48$rdmux[0][6][0]$b$493 [11:6] $memory$auto$proc_rom.cc:155:do_switch$48$rdmux[0][6][0]$b$493 [4:1] } = { 4'0000 $memory$auto$proc_rom.cc:155:do_switch$48$rdmux[0][6][0]$b$493 [0] $memory$auto$proc_rom.cc:155:do_switch$48$rdmux[0][6][0]$b$493 [5] $memory$auto$proc_rom.cc:155:do_switch$48$rdmux[0][6][0]$b$493 [0] 2'01 $memory$auto$proc_rom.cc:155:do_switch$48$rdmux[0][6][0]$b$493 [0] }
    Consolidated identical input bits for $mux cell $memory$auto$proc_rom.cc:155:do_switch$48$rdmux[0][7][0]$683:
      Old ports: A=12'000000000000, B=12'000000110010, Y=$memory$auto$proc_rom.cc:155:do_switch$48$rdmux[0][6][0]$a$492
      New ports: A=1'0, B=1'1, Y=$memory$auto$proc_rom.cc:155:do_switch$48$rdmux[0][6][0]$a$492 [1]
      New connections: { $memory$auto$proc_rom.cc:155:do_switch$48$rdmux[0][6][0]$a$492 [11:2] $memory$auto$proc_rom.cc:155:do_switch$48$rdmux[0][6][0]$a$492 [0] } = { 6'000000 $memory$auto$proc_rom.cc:155:do_switch$48$rdmux[0][6][0]$a$492 [1] $memory$auto$proc_rom.cc:155:do_switch$48$rdmux[0][6][0]$a$492 [1] 3'000 }
    Consolidated identical input bits for $pmux cell $procmux$68:
      Old ports: A=14'10101110110001, B=42'010101110110000110110100111110000011000101, Y=\_323
      New ports: A=12'101110110001, B=36'010111011000001101001111100011000101, Y={ \_323 [13] \_323 [10:0] }
      New connections: \_323 [12:11] = { \_323 [3] \_323 [9] }
    Consolidated identical input bits for $mux cell $memory$auto$proc_rom.cc:155:do_switch$48$rdmux[0][7][127]$1064:
      Old ports: A=12'111110011100, B=12'111111001110, Y=$memory$auto$proc_rom.cc:155:do_switch$48$rdmux[0][6][63]$b$682
      New ports: A=2'10, B=2'01, Y={ $memory$auto$proc_rom.cc:155:do_switch$48$rdmux[0][6][63]$b$682 [4] $memory$auto$proc_rom.cc:155:do_switch$48$rdmux[0][6][63]$b$682 [1] }
      New connections: { $memory$auto$proc_rom.cc:155:do_switch$48$rdmux[0][6][63]$b$682 [11:5] $memory$auto$proc_rom.cc:155:do_switch$48$rdmux[0][6][63]$b$682 [3:2] $memory$auto$proc_rom.cc:155:do_switch$48$rdmux[0][6][63]$b$682 [0] } = { 5'11111 $memory$auto$proc_rom.cc:155:do_switch$48$rdmux[0][6][63]$b$682 [1] 4'0110 }
    Consolidated identical input bits for $mux cell $procmux$79:
      Old ports: A=16'1010111111001000, B=16'0111010100110000, Y=\_302
      New ports: A=2'01, B=2'10, Y=\_302 [4:3]
      New connections: { \_302 [15:5] \_302 [2:0] } = { \_302 [3] \_302 [4] 1'1 \_302 [4:3] 1'1 \_302 [3] 1'1 \_302 [3] \_302 [3] \_302 [4] 3'000 }
    Consolidated identical input bits for $mux cell $ternary$one_bit_synth.v:272$7:
      Old ports: A=20'11111000000000000000, B=20'00001000000000000000, Y=\_339
      New ports: A=1'1, B=1'0, Y=\_339 [16]
      New connections: { \_339 [19:17] \_339 [15:0] } = { \_339 [16] \_339 [16] \_339 [16] 16'1000000000000000 }
  Optimizing cells in module \one_bit_synth.
    Consolidated identical input bits for $mux cell $memory$auto$proc_rom.cc:155:do_switch$48$rdmux[0][6][63]$680:
      Old ports: A=$memory$auto$proc_rom.cc:155:do_switch$48$rdmux[0][6][63]$a$681, B=$memory$auto$proc_rom.cc:155:do_switch$48$rdmux[0][6][63]$b$682, Y=$memory$auto$proc_rom.cc:155:do_switch$48$rdmux[0][5][31]$b$490
      New ports: A={ 1'0 $memory$auto$proc_rom.cc:155:do_switch$48$rdmux[0][6][63]$a$681 [3] $memory$auto$proc_rom.cc:155:do_switch$48$rdmux[0][6][63]$a$681 [1] $memory$auto$proc_rom.cc:155:do_switch$48$rdmux[0][6][63]$a$681 [3] $memory$auto$proc_rom.cc:155:do_switch$48$rdmux[0][6][63]$a$681 [1] $memory$auto$proc_rom.cc:155:do_switch$48$rdmux[0][6][63]$a$681 [1] 1'1 }, B={ 1'1 $memory$auto$proc_rom.cc:155:do_switch$48$rdmux[0][6][63]$b$682 [1] $memory$auto$proc_rom.cc:155:do_switch$48$rdmux[0][6][63]$b$682 [4] 2'11 $memory$auto$proc_rom.cc:155:do_switch$48$rdmux[0][6][63]$b$682 [1] 1'0 }, Y={ $memory$auto$proc_rom.cc:155:do_switch$48$rdmux[0][5][31]$b$490 [7:6] $memory$auto$proc_rom.cc:155:do_switch$48$rdmux[0][5][31]$b$490 [4:0] }
      New connections: { $memory$auto$proc_rom.cc:155:do_switch$48$rdmux[0][5][31]$b$490 [11:8] $memory$auto$proc_rom.cc:155:do_switch$48$rdmux[0][5][31]$b$490 [5] } = { 4'1111 $memory$auto$proc_rom.cc:155:do_switch$48$rdmux[0][5][31]$b$490 [0] }
    Consolidated identical input bits for $mux cell $memory$auto$proc_rom.cc:155:do_switch$48$rdmux[0][6][62]$677:
      Old ports: A=$memory$auto$proc_rom.cc:155:do_switch$48$rdmux[0][6][62]$a$678, B=$memory$auto$proc_rom.cc:155:do_switch$48$rdmux[0][6][62]$b$679, Y=$memory$auto$proc_rom.cc:155:do_switch$48$rdmux[0][5][31]$a$489
      New ports: A={ 1'0 $memory$auto$proc_rom.cc:155:do_switch$48$rdmux[0][6][62]$a$678 [1] 1'1 $memory$auto$proc_rom.cc:155:do_switch$48$rdmux[0][6][62]$a$678 [0] 1'0 $memory$auto$proc_rom.cc:155:do_switch$48$rdmux[0][6][62]$a$678 [1:0] }, B={ $memory$auto$proc_rom.cc:155:do_switch$48$rdmux[0][6][62]$b$679 [0] $memory$auto$proc_rom.cc:155:do_switch$48$rdmux[0][6][62]$b$679 [4] 1'0 $memory$auto$proc_rom.cc:155:do_switch$48$rdmux[0][6][62]$b$679 [4] 2'10 $memory$auto$proc_rom.cc:155:do_switch$48$rdmux[0][6][62]$b$679 [0] }, Y={ $memory$auto$proc_rom.cc:155:do_switch$48$rdmux[0][5][31]$a$489 [8:7] $memory$auto$proc_rom.cc:155:do_switch$48$rdmux[0][5][31]$a$489 [5:4] $memory$auto$proc_rom.cc:155:do_switch$48$rdmux[0][5][31]$a$489 [2:0] }
      New connections: { $memory$auto$proc_rom.cc:155:do_switch$48$rdmux[0][5][31]$a$489 [11:9] $memory$auto$proc_rom.cc:155:do_switch$48$rdmux[0][5][31]$a$489 [6] $memory$auto$proc_rom.cc:155:do_switch$48$rdmux[0][5][31]$a$489 [3] } = { 3'111 $memory$auto$proc_rom.cc:155:do_switch$48$rdmux[0][5][31]$a$489 [4] 1'0 }
    Consolidated identical input bits for $mux cell $memory$auto$proc_rom.cc:155:do_switch$48$rdmux[0][6][61]$674:
      Old ports: A=$memory$auto$proc_rom.cc:155:do_switch$48$rdmux[0][6][61]$a$675, B=$memory$auto$proc_rom.cc:155:do_switch$48$rdmux[0][6][61]$b$676, Y=$memory$auto$proc_rom.cc:155:do_switch$48$rdmux[0][5][30]$b$487
      New ports: A={ 1'1 $memory$auto$proc_rom.cc:155:do_switch$48$rdmux[0][6][61]$a$675 [4] $memory$auto$proc_rom.cc:155:do_switch$48$rdmux[0][6][61]$a$675 [5:4] 1'0 }, B={ 2'00 $memory$auto$proc_rom.cc:155:do_switch$48$rdmux[0][6][61]$b$676 [4] $memory$auto$proc_rom.cc:155:do_switch$48$rdmux[0][6][61]$b$676 [4] 1'1 }, Y={ $memory$auto$proc_rom.cc:155:do_switch$48$rdmux[0][5][30]$b$487 [7:4] $memory$auto$proc_rom.cc:155:do_switch$48$rdmux[0][5][30]$b$487 [0] }
      New connections: { $memory$auto$proc_rom.cc:155:do_switch$48$rdmux[0][5][30]$b$487 [11:8] $memory$auto$proc_rom.cc:155:do_switch$48$rdmux[0][5][30]$b$487 [3:1] } = { 2'11 $memory$auto$proc_rom.cc:155:do_switch$48$rdmux[0][5][30]$b$487 [0] $memory$auto$proc_rom.cc:155:do_switch$48$rdmux[0][5][30]$b$487 [7] 3'111 }
    Consolidated identical input bits for $mux cell $memory$auto$proc_rom.cc:155:do_switch$48$rdmux[0][6][60]$671:
      Old ports: A=$memory$auto$proc_rom.cc:155:do_switch$48$rdmux[0][6][60]$a$672, B=$memory$auto$proc_rom.cc:155:do_switch$48$rdmux[0][6][60]$b$673, Y=$memory$auto$proc_rom.cc:155:do_switch$48$rdmux[0][5][30]$a$486
      New ports: A={ $memory$auto$proc_rom.cc:155:do_switch$48$rdmux[0][6][60]$a$672 [5] $memory$auto$proc_rom.cc:155:do_switch$48$rdmux[0][6][60]$a$672 [5] $memory$auto$proc_rom.cc:155:do_switch$48$rdmux[0][6][60]$a$672 [5] 1'1 $memory$auto$proc_rom.cc:155:do_switch$48$rdmux[0][6][60]$a$672 [1] 1'1 }, B={ 2'01 $memory$auto$proc_rom.cc:155:do_switch$48$rdmux[0][6][60]$b$673 [4] $memory$auto$proc_rom.cc:155:do_switch$48$rdmux[0][6][60]$b$673 [4] 2'10 }, Y={ $memory$auto$proc_rom.cc:155:do_switch$48$rdmux[0][5][30]$a$486 [7:4] $memory$auto$proc_rom.cc:155:do_switch$48$rdmux[0][5][30]$a$486 [1:0] }
      New connections: { $memory$auto$proc_rom.cc:155:do_switch$48$rdmux[0][5][30]$a$486 [11:8] $memory$auto$proc_rom.cc:155:do_switch$48$rdmux[0][5][30]$a$486 [3:2] } = { 3'110 $memory$auto$proc_rom.cc:155:do_switch$48$rdmux[0][5][30]$a$486 [1] $memory$auto$proc_rom.cc:155:do_switch$48$rdmux[0][5][30]$a$486 [1] $memory$auto$proc_rom.cc:155:do_switch$48$rdmux[0][5][30]$a$486 [1] }
    Consolidated identical input bits for $mux cell $memory$auto$proc_rom.cc:155:do_switch$48$rdmux[0][6][59]$668:
      Old ports: A=$memory$auto$proc_rom.cc:155:do_switch$48$rdmux[0][6][59]$a$669, B=$memory$auto$proc_rom.cc:155:do_switch$48$rdmux[0][6][59]$b$670, Y=$memory$auto$proc_rom.cc:155:do_switch$48$rdmux[0][5][29]$b$484
      New ports: A={ 1'0 $memory$auto$proc_rom.cc:155:do_switch$48$rdmux[0][6][59]$a$669 [6] 2'10 $memory$auto$proc_rom.cc:155:do_switch$48$rdmux[0][6][59]$a$669 [0] $memory$auto$proc_rom.cc:155:do_switch$48$rdmux[0][6][59]$a$669 [0] }, B={ 1'1 $memory$auto$proc_rom.cc:155:do_switch$48$rdmux[0][6][59]$b$670 [1] 1'0 $memory$auto$proc_rom.cc:155:do_switch$48$rdmux[0][6][59]$b$670 [0] $memory$auto$proc_rom.cc:155:do_switch$48$rdmux[0][6][59]$b$670 [1:0] }, Y={ $memory$auto$proc_rom.cc:155:do_switch$48$rdmux[0][5][29]$b$484 [7:6] $memory$auto$proc_rom.cc:155:do_switch$48$rdmux[0][5][29]$b$484 [3:0] }
      New connections: { $memory$auto$proc_rom.cc:155:do_switch$48$rdmux[0][5][29]$b$484 [11:8] $memory$auto$proc_rom.cc:155:do_switch$48$rdmux[0][5][29]$b$484 [5:4] } = { 4'1100 $memory$auto$proc_rom.cc:155:do_switch$48$rdmux[0][5][29]$b$484 [3] $memory$auto$proc_rom.cc:155:do_switch$48$rdmux[0][5][29]$b$484 [0] }
    Consolidated identical input bits for $mux cell $memory$auto$proc_rom.cc:155:do_switch$48$rdmux[0][6][58]$665:
      Old ports: A=$memory$auto$proc_rom.cc:155:do_switch$48$rdmux[0][6][58]$a$666, B=$memory$auto$proc_rom.cc:155:do_switch$48$rdmux[0][6][58]$b$667, Y=$memory$auto$proc_rom.cc:155:do_switch$48$rdmux[0][5][29]$a$483
      New ports: A={ 3'010 $memory$auto$proc_rom.cc:155:do_switch$48$rdmux[0][6][58]$a$666 [4] $memory$auto$proc_rom.cc:155:do_switch$48$rdmux[0][6][58]$a$666 [4] $memory$auto$proc_rom.cc:155:do_switch$48$rdmux[0][6][58]$a$666 [1] $memory$auto$proc_rom.cc:155:do_switch$48$rdmux[0][6][58]$a$666 [1] 1'1 }, B={ $memory$auto$proc_rom.cc:155:do_switch$48$rdmux[0][6][58]$b$667 [0] $memory$auto$proc_rom.cc:155:do_switch$48$rdmux[0][6][58]$b$667 [5] $memory$auto$proc_rom.cc:155:do_switch$48$rdmux[0][6][58]$b$667 [5] $memory$auto$proc_rom.cc:155:do_switch$48$rdmux[0][6][58]$b$667 [5] 2'01 $memory$auto$proc_rom.cc:155:do_switch$48$rdmux[0][6][58]$b$667 [0] $memory$auto$proc_rom.cc:155:do_switch$48$rdmux[0][6][58]$b$667 [0] }, Y={ $memory$auto$proc_rom.cc:155:do_switch$48$rdmux[0][5][29]$a$483 [10] $memory$auto$proc_rom.cc:155:do_switch$48$rdmux[0][5][29]$a$483 [7:4] $memory$auto$proc_rom.cc:155:do_switch$48$rdmux[0][5][29]$a$483 [2:0] }
      New connections: { $memory$auto$proc_rom.cc:155:do_switch$48$rdmux[0][5][29]$a$483 [11] $memory$auto$proc_rom.cc:155:do_switch$48$rdmux[0][5][29]$a$483 [9:8] $memory$auto$proc_rom.cc:155:do_switch$48$rdmux[0][5][29]$a$483 [3] } = { 1'1 $memory$auto$proc_rom.cc:155:do_switch$48$rdmux[0][5][29]$a$483 [7] $memory$auto$proc_rom.cc:155:do_switch$48$rdmux[0][5][29]$a$483 [7] $memory$auto$proc_rom.cc:155:do_switch$48$rdmux[0][5][29]$a$483 [0] }
    Consolidated identical input bits for $mux cell $memory$auto$proc_rom.cc:155:do_switch$48$rdmux[0][6][57]$662:
      Old ports: A=$memory$auto$proc_rom.cc:155:do_switch$48$rdmux[0][6][57]$a$663, B=$memory$auto$proc_rom.cc:155:do_switch$48$rdmux[0][6][57]$b$664, Y=$memory$auto$proc_rom.cc:155:do_switch$48$rdmux[0][5][28]$b$481
      New ports: A={ $memory$auto$proc_rom.cc:155:do_switch$48$rdmux[0][6][57]$a$663 [4:3] $memory$auto$proc_rom.cc:155:do_switch$48$rdmux[0][6][57]$a$663 [3] $memory$auto$proc_rom.cc:155:do_switch$48$rdmux[0][6][57]$a$663 [3] $memory$auto$proc_rom.cc:155:do_switch$48$rdmux[0][6][57]$a$663 [4:3] }, B={ 2'10 $memory$auto$proc_rom.cc:155:do_switch$48$rdmux[0][6][57]$b$664 [6] 1'1 $memory$auto$proc_rom.cc:155:do_switch$48$rdmux[0][6][57]$b$664 [3] $memory$auto$proc_rom.cc:155:do_switch$48$rdmux[0][6][57]$b$664 [3] }, Y=$memory$auto$proc_rom.cc:155:do_switch$48$rdmux[0][5][28]$b$481 [8:3]
      New connections: { $memory$auto$proc_rom.cc:155:do_switch$48$rdmux[0][5][28]$b$481 [11:9] $memory$auto$proc_rom.cc:155:do_switch$48$rdmux[0][5][28]$b$481 [2:0] } = 6'101101
    Consolidated identical input bits for $mux cell $memory$auto$proc_rom.cc:155:do_switch$48$rdmux[0][6][56]$659:
      Old ports: A=$memory$auto$proc_rom.cc:155:do_switch$48$rdmux[0][6][56]$a$660, B=$memory$auto$proc_rom.cc:155:do_switch$48$rdmux[0][6][56]$b$661, Y=$memory$auto$proc_rom.cc:155:do_switch$48$rdmux[0][5][28]$a$480
      New ports: A={ 2'01 $memory$auto$proc_rom.cc:155:do_switch$48$rdmux[0][6][56]$a$660 [2] 1'1 $memory$auto$proc_rom.cc:155:do_switch$48$rdmux[0][6][56]$a$660 [2] 1'0 }, B={ 1'1 $memory$auto$proc_rom.cc:155:do_switch$48$rdmux[0][6][56]$b$661 [1] $memory$auto$proc_rom.cc:155:do_switch$48$rdmux[0][6][56]$b$661 [5] 1'0 $memory$auto$proc_rom.cc:155:do_switch$48$rdmux[0][6][56]$b$661 [1] $memory$auto$proc_rom.cc:155:do_switch$48$rdmux[0][6][56]$b$661 [1] }, Y={ $memory$auto$proc_rom.cc:155:do_switch$48$rdmux[0][5][28]$a$480 [7:5] $memory$auto$proc_rom.cc:155:do_switch$48$rdmux[0][5][28]$a$480 [3:1] }
      New connections: { $memory$auto$proc_rom.cc:155:do_switch$48$rdmux[0][5][28]$a$480 [11:8] $memory$auto$proc_rom.cc:155:do_switch$48$rdmux[0][5][28]$a$480 [4] $memory$auto$proc_rom.cc:155:do_switch$48$rdmux[0][5][28]$a$480 [0] } = { 4'1010 $memory$auto$proc_rom.cc:155:do_switch$48$rdmux[0][5][28]$a$480 [3] 1'1 }
    Consolidated identical input bits for $mux cell $memory$auto$proc_rom.cc:155:do_switch$48$rdmux[0][6][55]$656:
      Old ports: A=$memory$auto$proc_rom.cc:155:do_switch$48$rdmux[0][6][55]$a$657, B=$memory$auto$proc_rom.cc:155:do_switch$48$rdmux[0][6][55]$b$658, Y=$memory$auto$proc_rom.cc:155:do_switch$48$rdmux[0][5][27]$b$478
      New ports: A={ 1'1 $memory$auto$proc_rom.cc:155:do_switch$48$rdmux[0][6][55]$a$657 [5] 3'010 }, B={ 1'0 $memory$auto$proc_rom.cc:155:do_switch$48$rdmux[0][6][55]$b$658 [2] $memory$auto$proc_rom.cc:155:do_switch$48$rdmux[0][6][55]$b$658 [2:1] 1'1 }, Y={ $memory$auto$proc_rom.cc:155:do_switch$48$rdmux[0][5][27]$b$478 [6:5] $memory$auto$proc_rom.cc:155:do_switch$48$rdmux[0][5][27]$b$478 [2:0] }
      New connections: { $memory$auto$proc_rom.cc:155:do_switch$48$rdmux[0][5][27]$b$478 [11:7] $memory$auto$proc_rom.cc:155:do_switch$48$rdmux[0][5][27]$b$478 [4:3] } = { 2'10 $memory$auto$proc_rom.cc:155:do_switch$48$rdmux[0][5][27]$b$478 [0] $memory$auto$proc_rom.cc:155:do_switch$48$rdmux[0][5][27]$b$478 [6] $memory$auto$proc_rom.cc:155:do_switch$48$rdmux[0][5][27]$b$478 [6] 2'10 }
    Consolidated identical input bits for $mux cell $memory$auto$proc_rom.cc:155:do_switch$48$rdmux[0][6][54]$653:
      Old ports: A=$memory$auto$proc_rom.cc:155:do_switch$48$rdmux[0][6][54]$a$654, B=$memory$auto$proc_rom.cc:155:do_switch$48$rdmux[0][6][54]$b$655, Y=$memory$auto$proc_rom.cc:155:do_switch$48$rdmux[0][5][27]$a$477
      New ports: A={ 2'01 $memory$auto$proc_rom.cc:155:do_switch$48$rdmux[0][6][54]$a$654 [2] $memory$auto$proc_rom.cc:155:do_switch$48$rdmux[0][6][54]$a$654 [3:2] 1'1 }, B={ 2'10 $memory$auto$proc_rom.cc:155:do_switch$48$rdmux[0][6][54]$b$655 [1] 1'0 $memory$auto$proc_rom.cc:155:do_switch$48$rdmux[0][6][54]$b$655 [2:1] }, Y={ $memory$auto$proc_rom.cc:155:do_switch$48$rdmux[0][5][27]$a$477 [7:5] $memory$auto$proc_rom.cc:155:do_switch$48$rdmux[0][5][27]$a$477 [3:1] }
      New connections: { $memory$auto$proc_rom.cc:155:do_switch$48$rdmux[0][5][27]$a$477 [11:8] $memory$auto$proc_rom.cc:155:do_switch$48$rdmux[0][5][27]$a$477 [4] $memory$auto$proc_rom.cc:155:do_switch$48$rdmux[0][5][27]$a$477 [0] } = 6'100110
    Consolidated identical input bits for $mux cell $memory$auto$proc_rom.cc:155:do_switch$48$rdmux[0][6][53]$650:
      Old ports: A=$memory$auto$proc_rom.cc:155:do_switch$48$rdmux[0][6][53]$a$651, B=$memory$auto$proc_rom.cc:155:do_switch$48$rdmux[0][6][53]$b$652, Y=$memory$auto$proc_rom.cc:155:do_switch$48$rdmux[0][5][26]$b$475
      New ports: A={ $memory$auto$proc_rom.cc:155:do_switch$48$rdmux[0][6][53]$a$651 [3] $memory$auto$proc_rom.cc:155:do_switch$48$rdmux[0][6][53]$a$651 [4] $memory$auto$proc_rom.cc:155:do_switch$48$rdmux[0][6][53]$a$651 [4] $memory$auto$proc_rom.cc:155:do_switch$48$rdmux[0][6][53]$a$651 [4:3] 2'01 }, B={ 3'101 $memory$auto$proc_rom.cc:155:do_switch$48$rdmux[0][6][53]$b$652 [0] $memory$auto$proc_rom.cc:155:do_switch$48$rdmux[0][6][53]$b$652 [0] 1'1 $memory$auto$proc_rom.cc:155:do_switch$48$rdmux[0][6][53]$b$652 [0] }, Y={ $memory$auto$proc_rom.cc:155:do_switch$48$rdmux[0][5][26]$b$475 [8] $memory$auto$proc_rom.cc:155:do_switch$48$rdmux[0][5][26]$b$475 [6:2] $memory$auto$proc_rom.cc:155:do_switch$48$rdmux[0][5][26]$b$475 [0] }
      New connections: { $memory$auto$proc_rom.cc:155:do_switch$48$rdmux[0][5][26]$b$475 [11:9] $memory$auto$proc_rom.cc:155:do_switch$48$rdmux[0][5][26]$b$475 [7] $memory$auto$proc_rom.cc:155:do_switch$48$rdmux[0][5][26]$b$475 [1] } = { 3'100 $memory$auto$proc_rom.cc:155:do_switch$48$rdmux[0][5][26]$b$475 [6] $memory$auto$proc_rom.cc:155:do_switch$48$rdmux[0][5][26]$b$475 [0] }
    Consolidated identical input bits for $mux cell $memory$auto$proc_rom.cc:155:do_switch$48$rdmux[0][6][52]$647:
      Old ports: A=$memory$auto$proc_rom.cc:155:do_switch$48$rdmux[0][6][52]$a$648, B=$memory$auto$proc_rom.cc:155:do_switch$48$rdmux[0][6][52]$b$649, Y=$memory$auto$proc_rom.cc:155:do_switch$48$rdmux[0][5][26]$a$474
      New ports: A={ 1'0 $memory$auto$proc_rom.cc:155:do_switch$48$rdmux[0][6][52]$a$648 [5] 1'1 $memory$auto$proc_rom.cc:155:do_switch$48$rdmux[0][6][52]$a$648 [2] $memory$auto$proc_rom.cc:155:do_switch$48$rdmux[0][6][52]$a$648 [2] 2'01 }, B={ 2'10 $memory$auto$proc_rom.cc:155:do_switch$48$rdmux[0][6][52]$b$649 [3] $memory$auto$proc_rom.cc:155:do_switch$48$rdmux[0][6][52]$b$649 [3] 1'1 $memory$auto$proc_rom.cc:155:do_switch$48$rdmux[0][6][52]$b$649 [1] 1'0 }, Y=$memory$auto$proc_rom.cc:155:do_switch$48$rdmux[0][5][26]$a$474 [6:0]
      New connections: $memory$auto$proc_rom.cc:155:do_switch$48$rdmux[0][5][26]$a$474 [11:7] = 5'10001
    Consolidated identical input bits for $mux cell $memory$auto$proc_rom.cc:155:do_switch$48$rdmux[0][6][51]$644:
      Old ports: A=$memory$auto$proc_rom.cc:155:do_switch$48$rdmux[0][6][51]$a$645, B=$memory$auto$proc_rom.cc:155:do_switch$48$rdmux[0][6][51]$b$646, Y=$memory$auto$proc_rom.cc:155:do_switch$48$rdmux[0][5][25]$b$472
      New ports: A={ 1'1 $memory$auto$proc_rom.cc:155:do_switch$48$rdmux[0][6][51]$a$645 [5] 1'0 $memory$auto$proc_rom.cc:155:do_switch$48$rdmux[0][6][51]$a$645 [0] }, B={ $memory$auto$proc_rom.cc:155:do_switch$48$rdmux[0][6][51]$b$646 [0] $memory$auto$proc_rom.cc:155:do_switch$48$rdmux[0][6][51]$b$646 [0] $memory$auto$proc_rom.cc:155:do_switch$48$rdmux[0][6][51]$b$646 [1:0] }, Y={ $memory$auto$proc_rom.cc:155:do_switch$48$rdmux[0][5][25]$b$472 [6:5] $memory$auto$proc_rom.cc:155:do_switch$48$rdmux[0][5][25]$b$472 [1:0] }
      New connections: { $memory$auto$proc_rom.cc:155:do_switch$48$rdmux[0][5][25]$b$472 [11:7] $memory$auto$proc_rom.cc:155:do_switch$48$rdmux[0][5][25]$b$472 [4:2] } = { 4'1000 $memory$auto$proc_rom.cc:155:do_switch$48$rdmux[0][5][25]$b$472 [1:0] 2'10 }
    Consolidated identical input bits for $mux cell $memory$auto$proc_rom.cc:155:do_switch$48$rdmux[0][6][50]$641:
      Old ports: A=$memory$auto$proc_rom.cc:155:do_switch$48$rdmux[0][6][50]$a$642, B=$memory$auto$proc_rom.cc:155:do_switch$48$rdmux[0][6][50]$b$643, Y=$memory$auto$proc_rom.cc:155:do_switch$48$rdmux[0][5][25]$a$471
      New ports: A={ 2'01 $memory$auto$proc_rom.cc:155:do_switch$48$rdmux[0][6][50]$a$642 [0] $memory$auto$proc_rom.cc:155:do_switch$48$rdmux[0][6][50]$a$642 [3] 1'0 $memory$auto$proc_rom.cc:155:do_switch$48$rdmux[0][6][50]$a$642 [0] $memory$auto$proc_rom.cc:155:do_switch$48$rdmux[0][6][50]$a$642 [0] }, B={ $memory$auto$proc_rom.cc:155:do_switch$48$rdmux[0][6][50]$b$643 [0] $memory$auto$proc_rom.cc:155:do_switch$48$rdmux[0][6][50]$b$643 [2] $memory$auto$proc_rom.cc:155:do_switch$48$rdmux[0][6][50]$b$643 [2] 1'1 $memory$auto$proc_rom.cc:155:do_switch$48$rdmux[0][6][50]$b$643 [2] 1'1 $memory$auto$proc_rom.cc:155:do_switch$48$rdmux[0][6][50]$b$643 [0] }, Y=$memory$auto$proc_rom.cc:155:do_switch$48$rdmux[0][5][25]$a$471 [6:0]
      New connections: $memory$auto$proc_rom.cc:155:do_switch$48$rdmux[0][5][25]$a$471 [11:7] = 5'10000
    Consolidated identical input bits for $mux cell $memory$auto$proc_rom.cc:155:do_switch$48$rdmux[0][6][49]$638:
      Old ports: A=$memory$auto$proc_rom.cc:155:do_switch$48$rdmux[0][6][49]$a$639, B=$memory$auto$proc_rom.cc:155:do_switch$48$rdmux[0][6][49]$b$640, Y=$memory$auto$proc_rom.cc:155:do_switch$48$rdmux[0][5][24]$b$469
      New ports: A={ $memory$auto$proc_rom.cc:155:do_switch$48$rdmux[0][6][49]$a$639 [4] $memory$auto$proc_rom.cc:155:do_switch$48$rdmux[0][6][49]$a$639 [0] 1'0 $memory$auto$proc_rom.cc:155:do_switch$48$rdmux[0][6][49]$a$639 [0] }, B={ 1'1 $memory$auto$proc_rom.cc:155:do_switch$48$rdmux[0][6][49]$b$640 [3] 2'11 }, Y={ $memory$auto$proc_rom.cc:155:do_switch$48$rdmux[0][5][24]$b$469 [4:2] $memory$auto$proc_rom.cc:155:do_switch$48$rdmux[0][5][24]$b$469 [0] }
      New connections: { $memory$auto$proc_rom.cc:155:do_switch$48$rdmux[0][5][24]$b$469 [11:5] $memory$auto$proc_rom.cc:155:do_switch$48$rdmux[0][5][24]$b$469 [1] } = { 7'1000000 $memory$auto$proc_rom.cc:155:do_switch$48$rdmux[0][5][24]$b$469 [0] }
    Consolidated identical input bits for $mux cell $memory$auto$proc_rom.cc:155:do_switch$48$rdmux[0][6][48]$635:
      Old ports: A=$memory$auto$proc_rom.cc:155:do_switch$48$rdmux[0][6][48]$a$636, B=$memory$auto$proc_rom.cc:155:do_switch$48$rdmux[0][6][48]$b$637, Y=$memory$auto$proc_rom.cc:155:do_switch$48$rdmux[0][5][24]$a$468
      New ports: A={ 1'0 $memory$auto$proc_rom.cc:155:do_switch$48$rdmux[0][6][48]$a$636 [1:0] }, B={ $memory$auto$proc_rom.cc:155:do_switch$48$rdmux[0][6][48]$b$637 [2] 2'11 }, Y=$memory$auto$proc_rom.cc:155:do_switch$48$rdmux[0][5][24]$a$468 [2:0]
      New connections: $memory$auto$proc_rom.cc:155:do_switch$48$rdmux[0][5][24]$a$468 [11:3] = 9'100000000
    Consolidated identical input bits for $mux cell $memory$auto$proc_rom.cc:155:do_switch$48$rdmux[0][6][47]$632:
      Old ports: A=$memory$auto$proc_rom.cc:155:do_switch$48$rdmux[0][6][47]$a$633, B=$memory$auto$proc_rom.cc:155:do_switch$48$rdmux[0][6][47]$b$634, Y=$memory$auto$proc_rom.cc:155:do_switch$48$rdmux[0][5][23]$b$466
      New ports: A={ $memory$auto$proc_rom.cc:155:do_switch$48$rdmux[0][6][47]$a$633 [3:2] 1'1 }, B={ 2'00 $memory$auto$proc_rom.cc:155:do_switch$48$rdmux[0][6][47]$b$634 [0] }, Y={ $memory$auto$proc_rom.cc:155:do_switch$48$rdmux[0][5][23]$b$466 [3:2] $memory$auto$proc_rom.cc:155:do_switch$48$rdmux[0][5][23]$b$466 [0] }
      New connections: { $memory$auto$proc_rom.cc:155:do_switch$48$rdmux[0][5][23]$b$466 [11:4] $memory$auto$proc_rom.cc:155:do_switch$48$rdmux[0][5][23]$b$466 [1] } = 9'100000001
    Consolidated identical input bits for $mux cell $memory$auto$proc_rom.cc:155:do_switch$48$rdmux[0][6][46]$629:
      Old ports: A=$memory$auto$proc_rom.cc:155:do_switch$48$rdmux[0][6][46]$a$630, B=$memory$auto$proc_rom.cc:155:do_switch$48$rdmux[0][6][46]$b$631, Y=$memory$auto$proc_rom.cc:155:do_switch$48$rdmux[0][5][23]$a$465
      New ports: A={ $memory$auto$proc_rom.cc:155:do_switch$48$rdmux[0][6][46]$a$630 [5] $memory$auto$proc_rom.cc:155:do_switch$48$rdmux[0][6][46]$a$630 [0] 1'1 $memory$auto$proc_rom.cc:155:do_switch$48$rdmux[0][6][46]$a$630 [0] }, B={ 3'010 $memory$auto$proc_rom.cc:155:do_switch$48$rdmux[0][6][46]$b$631 [0] }, Y={ $memory$auto$proc_rom.cc:155:do_switch$48$rdmux[0][5][23]$a$465 [5:3] $memory$auto$proc_rom.cc:155:do_switch$48$rdmux[0][5][23]$a$465 [0] }
      New connections: { $memory$auto$proc_rom.cc:155:do_switch$48$rdmux[0][5][23]$a$465 [11:6] $memory$auto$proc_rom.cc:155:do_switch$48$rdmux[0][5][23]$a$465 [2:1] } = { 6'100000 $memory$auto$proc_rom.cc:155:do_switch$48$rdmux[0][5][23]$a$465 [0] $memory$auto$proc_rom.cc:155:do_switch$48$rdmux[0][5][23]$a$465 [0] }
    Consolidated identical input bits for $mux cell $memory$auto$proc_rom.cc:155:do_switch$48$rdmux[0][6][45]$626:
      Old ports: A=$memory$auto$proc_rom.cc:155:do_switch$48$rdmux[0][6][45]$a$627, B=$memory$auto$proc_rom.cc:155:do_switch$48$rdmux[0][6][45]$b$628, Y=$memory$auto$proc_rom.cc:155:do_switch$48$rdmux[0][5][22]$b$463
      New ports: A={ 2'10 $memory$auto$proc_rom.cc:155:do_switch$48$rdmux[0][6][45]$a$627 [4] 2'10 $memory$auto$proc_rom.cc:155:do_switch$48$rdmux[0][6][45]$a$627 [1] 1'1 }, B={ 3'011 $memory$auto$proc_rom.cc:155:do_switch$48$rdmux[0][6][45]$b$628 [2] $memory$auto$proc_rom.cc:155:do_switch$48$rdmux[0][6][45]$b$628 [2] 1'1 $memory$auto$proc_rom.cc:155:do_switch$48$rdmux[0][6][45]$b$628 [0] }, Y=$memory$auto$proc_rom.cc:155:do_switch$48$rdmux[0][5][22]$b$463 [6:0]
      New connections: $memory$auto$proc_rom.cc:155:do_switch$48$rdmux[0][5][22]$b$463 [11:7] = 5'10000
    Consolidated identical input bits for $mux cell $memory$auto$proc_rom.cc:155:do_switch$48$rdmux[0][6][44]$623:
      Old ports: A=$memory$auto$proc_rom.cc:155:do_switch$48$rdmux[0][6][44]$a$624, B=$memory$auto$proc_rom.cc:155:do_switch$48$rdmux[0][6][44]$b$625, Y=$memory$auto$proc_rom.cc:155:do_switch$48$rdmux[0][5][22]$a$462
      New ports: A={ 2'10 $memory$auto$proc_rom.cc:155:do_switch$48$rdmux[0][6][44]$a$624 [0] $memory$auto$proc_rom.cc:155:do_switch$48$rdmux[0][6][44]$a$624 [1:0] }, B={ 4'0100 $memory$auto$proc_rom.cc:155:do_switch$48$rdmux[0][6][44]$b$625 [0] }, Y={ $memory$auto$proc_rom.cc:155:do_switch$48$rdmux[0][5][22]$a$462 [7] $memory$auto$proc_rom.cc:155:do_switch$48$rdmux[0][5][22]$a$462 [5] $memory$auto$proc_rom.cc:155:do_switch$48$rdmux[0][5][22]$a$462 [2:0] }
      New connections: { $memory$auto$proc_rom.cc:155:do_switch$48$rdmux[0][5][22]$a$462 [11:8] $memory$auto$proc_rom.cc:155:do_switch$48$rdmux[0][5][22]$a$462 [6] $memory$auto$proc_rom.cc:155:do_switch$48$rdmux[0][5][22]$a$462 [4:3] } = { 4'1000 $memory$auto$proc_rom.cc:155:do_switch$48$rdmux[0][5][22]$a$462 [5] $memory$auto$proc_rom.cc:155:do_switch$48$rdmux[0][5][22]$a$462 [0] 1'1 }
    Consolidated identical input bits for $mux cell $memory$auto$proc_rom.cc:155:do_switch$48$rdmux[0][6][43]$620:
      Old ports: A=$memory$auto$proc_rom.cc:155:do_switch$48$rdmux[0][6][43]$a$621, B=$memory$auto$proc_rom.cc:155:do_switch$48$rdmux[0][6][43]$b$622, Y=$memory$auto$proc_rom.cc:155:do_switch$48$rdmux[0][5][21]$b$460
      New ports: A={ 2'11 $memory$auto$proc_rom.cc:155:do_switch$48$rdmux[0][6][43]$a$621 [2] $memory$auto$proc_rom.cc:155:do_switch$48$rdmux[0][6][43]$a$621 [2] $memory$auto$proc_rom.cc:155:do_switch$48$rdmux[0][6][43]$a$621 [0] $memory$auto$proc_rom.cc:155:do_switch$48$rdmux[0][6][43]$a$621 [0] }, B={ $memory$auto$proc_rom.cc:155:do_switch$48$rdmux[0][6][43]$b$622 [1:0] 1'0 $memory$auto$proc_rom.cc:155:do_switch$48$rdmux[0][6][43]$b$622 [1] $memory$auto$proc_rom.cc:155:do_switch$48$rdmux[0][6][43]$b$622 [1:0] }, Y={ $memory$auto$proc_rom.cc:155:do_switch$48$rdmux[0][5][21]$b$460 [6] $memory$auto$proc_rom.cc:155:do_switch$48$rdmux[0][5][21]$b$460 [4:0] }
      New connections: { $memory$auto$proc_rom.cc:155:do_switch$48$rdmux[0][5][21]$b$460 [11:7] $memory$auto$proc_rom.cc:155:do_switch$48$rdmux[0][5][21]$b$460 [5] } = { 5'10001 $memory$auto$proc_rom.cc:155:do_switch$48$rdmux[0][5][21]$b$460 [0] }
    Consolidated identical input bits for $mux cell $memory$auto$proc_rom.cc:155:do_switch$48$rdmux[0][6][42]$617:
      Old ports: A=$memory$auto$proc_rom.cc:155:do_switch$48$rdmux[0][6][42]$a$618, B=$memory$auto$proc_rom.cc:155:do_switch$48$rdmux[0][6][42]$b$619, Y=$memory$auto$proc_rom.cc:155:do_switch$48$rdmux[0][5][21]$a$459
      New ports: A={ $memory$auto$proc_rom.cc:155:do_switch$48$rdmux[0][6][42]$a$618 [6] 1'1 $memory$auto$proc_rom.cc:155:do_switch$48$rdmux[0][6][42]$a$618 [0] 1'1 $memory$auto$proc_rom.cc:155:do_switch$48$rdmux[0][6][42]$a$618 [0] }, B={ 2'00 $memory$auto$proc_rom.cc:155:do_switch$48$rdmux[0][6][42]$b$619 [2] $memory$auto$proc_rom.cc:155:do_switch$48$rdmux[0][6][42]$b$619 [0] $memory$auto$proc_rom.cc:155:do_switch$48$rdmux[0][6][42]$b$619 [0] }, Y={ $memory$auto$proc_rom.cc:155:do_switch$48$rdmux[0][5][21]$a$459 [6] $memory$auto$proc_rom.cc:155:do_switch$48$rdmux[0][5][21]$a$459 [4] $memory$auto$proc_rom.cc:155:do_switch$48$rdmux[0][5][21]$a$459 [2:0] }
      New connections: { $memory$auto$proc_rom.cc:155:do_switch$48$rdmux[0][5][21]$a$459 [11:7] $memory$auto$proc_rom.cc:155:do_switch$48$rdmux[0][5][21]$a$459 [5] $memory$auto$proc_rom.cc:155:do_switch$48$rdmux[0][5][21]$a$459 [3] } = { 5'10010 $memory$auto$proc_rom.cc:155:do_switch$48$rdmux[0][5][21]$a$459 [2:1] }
    Consolidated identical input bits for $mux cell $memory$auto$proc_rom.cc:155:do_switch$48$rdmux[0][6][41]$614:
      Old ports: A=$memory$auto$proc_rom.cc:155:do_switch$48$rdmux[0][6][41]$a$615, B=$memory$auto$proc_rom.cc:155:do_switch$48$rdmux[0][6][41]$b$616, Y=$memory$auto$proc_rom.cc:155:do_switch$48$rdmux[0][5][20]$b$457
      New ports: A={ 1'1 $memory$auto$proc_rom.cc:155:do_switch$48$rdmux[0][6][41]$a$615 [6:5] 2'01 }, B={ $memory$auto$proc_rom.cc:155:do_switch$48$rdmux[0][6][41]$b$616 [7] $memory$auto$proc_rom.cc:155:do_switch$48$rdmux[0][6][41]$b$616 [1] $memory$auto$proc_rom.cc:155:do_switch$48$rdmux[0][6][41]$b$616 [1] 1'1 $memory$auto$proc_rom.cc:155:do_switch$48$rdmux[0][6][41]$b$616 [1] }, Y={ $memory$auto$proc_rom.cc:155:do_switch$48$rdmux[0][5][20]$b$457 [7:5] $memory$auto$proc_rom.cc:155:do_switch$48$rdmux[0][5][20]$b$457 [2:1] }
      New connections: { $memory$auto$proc_rom.cc:155:do_switch$48$rdmux[0][5][20]$b$457 [11:8] $memory$auto$proc_rom.cc:155:do_switch$48$rdmux[0][5][20]$b$457 [4:3] $memory$auto$proc_rom.cc:155:do_switch$48$rdmux[0][5][20]$b$457 [0] } = 7'1001100
    Consolidated identical input bits for $mux cell $memory$auto$proc_rom.cc:155:do_switch$48$rdmux[0][6][40]$611:
      Old ports: A=$memory$auto$proc_rom.cc:155:do_switch$48$rdmux[0][6][40]$a$612, B=$memory$auto$proc_rom.cc:155:do_switch$48$rdmux[0][6][40]$b$613, Y=$memory$auto$proc_rom.cc:155:do_switch$48$rdmux[0][5][20]$a$456
      New ports: A={ 1'0 $memory$auto$proc_rom.cc:155:do_switch$48$rdmux[0][6][40]$a$612 [3:2] $memory$auto$proc_rom.cc:155:do_switch$48$rdmux[0][6][40]$a$612 [3:2] 2'01 }, B={ $memory$auto$proc_rom.cc:155:do_switch$48$rdmux[0][6][40]$b$613 [5] $memory$auto$proc_rom.cc:155:do_switch$48$rdmux[0][6][40]$b$613 [5] $memory$auto$proc_rom.cc:155:do_switch$48$rdmux[0][6][40]$b$613 [5] 3'001 $memory$auto$proc_rom.cc:155:do_switch$48$rdmux[0][6][40]$b$613 [0] }, Y={ $memory$auto$proc_rom.cc:155:do_switch$48$rdmux[0][5][20]$a$456 [7:5] $memory$auto$proc_rom.cc:155:do_switch$48$rdmux[0][5][20]$a$456 [3:0] }
      New connections: { $memory$auto$proc_rom.cc:155:do_switch$48$rdmux[0][5][20]$a$456 [11:8] $memory$auto$proc_rom.cc:155:do_switch$48$rdmux[0][5][20]$a$456 [4] } = { 2'10 $memory$auto$proc_rom.cc:155:do_switch$48$rdmux[0][5][20]$a$456 [0] $memory$auto$proc_rom.cc:155:do_switch$48$rdmux[0][5][20]$a$456 [7] 1'1 }
    Consolidated identical input bits for $mux cell $memory$auto$proc_rom.cc:155:do_switch$48$rdmux[0][6][39]$608:
      Old ports: A=$memory$auto$proc_rom.cc:155:do_switch$48$rdmux[0][6][39]$a$609, B=$memory$auto$proc_rom.cc:155:do_switch$48$rdmux[0][6][39]$b$610, Y=$memory$auto$proc_rom.cc:155:do_switch$48$rdmux[0][5][19]$b$454
      New ports: A={ 1'1 $memory$auto$proc_rom.cc:155:do_switch$48$rdmux[0][6][39]$a$609 [3] 1'0 $memory$auto$proc_rom.cc:155:do_switch$48$rdmux[0][6][39]$a$609 [3] 1'1 $memory$auto$proc_rom.cc:155:do_switch$48$rdmux[0][6][39]$a$609 [1] }, B={ $memory$auto$proc_rom.cc:155:do_switch$48$rdmux[0][6][39]$b$610 [7] 1'1 $memory$auto$proc_rom.cc:155:do_switch$48$rdmux[0][6][39]$b$610 [2] $memory$auto$proc_rom.cc:155:do_switch$48$rdmux[0][6][39]$b$610 [2] $memory$auto$proc_rom.cc:155:do_switch$48$rdmux[0][6][39]$b$610 [2] 1'0 }, Y={ $memory$auto$proc_rom.cc:155:do_switch$48$rdmux[0][5][19]$b$454 [7] $memory$auto$proc_rom.cc:155:do_switch$48$rdmux[0][5][19]$b$454 [5:1] }
      New connections: { $memory$auto$proc_rom.cc:155:do_switch$48$rdmux[0][5][19]$b$454 [11:8] $memory$auto$proc_rom.cc:155:do_switch$48$rdmux[0][5][19]$b$454 [6] $memory$auto$proc_rom.cc:155:do_switch$48$rdmux[0][5][19]$b$454 [0] } = { 4'1010 $memory$auto$proc_rom.cc:155:do_switch$48$rdmux[0][5][19]$b$454 [2] 1'1 }
    Consolidated identical input bits for $mux cell $memory$auto$proc_rom.cc:155:do_switch$48$rdmux[0][6][38]$605:
      Old ports: A=$memory$auto$proc_rom.cc:155:do_switch$48$rdmux[0][6][38]$a$606, B=$memory$auto$proc_rom.cc:155:do_switch$48$rdmux[0][6][38]$b$607, Y=$memory$auto$proc_rom.cc:155:do_switch$48$rdmux[0][5][19]$a$453
      New ports: A={ $memory$auto$proc_rom.cc:155:do_switch$48$rdmux[0][6][38]$a$606 [5] $memory$auto$proc_rom.cc:155:do_switch$48$rdmux[0][6][38]$a$606 [5] 1'0 $memory$auto$proc_rom.cc:155:do_switch$48$rdmux[0][6][38]$a$606 [1] $memory$auto$proc_rom.cc:155:do_switch$48$rdmux[0][6][38]$a$606 [1] }, B={ 1'0 $memory$auto$proc_rom.cc:155:do_switch$48$rdmux[0][6][38]$b$607 [3] 1'1 $memory$auto$proc_rom.cc:155:do_switch$48$rdmux[0][6][38]$b$607 [3] 1'0 }, Y={ $memory$auto$proc_rom.cc:155:do_switch$48$rdmux[0][5][19]$a$453 [6:3] $memory$auto$proc_rom.cc:155:do_switch$48$rdmux[0][5][19]$a$453 [1] }
      New connections: { $memory$auto$proc_rom.cc:155:do_switch$48$rdmux[0][5][19]$a$453 [11:7] $memory$auto$proc_rom.cc:155:do_switch$48$rdmux[0][5][19]$a$453 [2] $memory$auto$proc_rom.cc:155:do_switch$48$rdmux[0][5][19]$a$453 [0] } = { 4'1011 $memory$auto$proc_rom.cc:155:do_switch$48$rdmux[0][5][19]$a$453 [1] 2'11 }
    Consolidated identical input bits for $mux cell $memory$auto$proc_rom.cc:155:do_switch$48$rdmux[0][6][37]$602:
      Old ports: A=$memory$auto$proc_rom.cc:155:do_switch$48$rdmux[0][6][37]$a$603, B=$memory$auto$proc_rom.cc:155:do_switch$48$rdmux[0][6][37]$b$604, Y=$memory$auto$proc_rom.cc:155:do_switch$48$rdmux[0][5][18]$b$451
      New ports: A={ 2'00 $memory$auto$proc_rom.cc:155:do_switch$48$rdmux[0][6][37]$a$603 [4] $memory$auto$proc_rom.cc:155:do_switch$48$rdmux[0][6][37]$a$603 [4] $memory$auto$proc_rom.cc:155:do_switch$48$rdmux[0][6][37]$a$603 [2] 2'11 }, B={ 1'1 $memory$auto$proc_rom.cc:155:do_switch$48$rdmux[0][6][37]$b$604 [2] 1'1 $memory$auto$proc_rom.cc:155:do_switch$48$rdmux[0][6][37]$b$604 [0] $memory$auto$proc_rom.cc:155:do_switch$48$rdmux[0][6][37]$b$604 [2] 1'0 $memory$auto$proc_rom.cc:155:do_switch$48$rdmux[0][6][37]$b$604 [0] }, Y={ $memory$auto$proc_rom.cc:155:do_switch$48$rdmux[0][5][18]$b$451 [7:4] $memory$auto$proc_rom.cc:155:do_switch$48$rdmux[0][5][18]$b$451 [2:0] }
      New connections: { $memory$auto$proc_rom.cc:155:do_switch$48$rdmux[0][5][18]$b$451 [11:8] $memory$auto$proc_rom.cc:155:do_switch$48$rdmux[0][5][18]$b$451 [3] } = { 1'1 $memory$auto$proc_rom.cc:155:do_switch$48$rdmux[0][5][18]$b$451 [1] $memory$auto$proc_rom.cc:155:do_switch$48$rdmux[0][5][18]$b$451 [7] $memory$auto$proc_rom.cc:155:do_switch$48$rdmux[0][5][18]$b$451 [7] $memory$auto$proc_rom.cc:155:do_switch$48$rdmux[0][5][18]$b$451 [0] }
    Consolidated identical input bits for $mux cell $memory$auto$proc_rom.cc:155:do_switch$48$rdmux[0][6][36]$599:
      Old ports: A=$memory$auto$proc_rom.cc:155:do_switch$48$rdmux[0][6][36]$a$600, B=$memory$auto$proc_rom.cc:155:do_switch$48$rdmux[0][6][36]$b$601, Y=$memory$auto$proc_rom.cc:155:do_switch$48$rdmux[0][5][18]$a$450
      New ports: A={ 2'11 $memory$auto$proc_rom.cc:155:do_switch$48$rdmux[0][6][36]$a$600 [0] 2'00 $memory$auto$proc_rom.cc:155:do_switch$48$rdmux[0][6][36]$a$600 [1:0] }, B={ $memory$auto$proc_rom.cc:155:do_switch$48$rdmux[0][6][36]$b$601 [0] $memory$auto$proc_rom.cc:155:do_switch$48$rdmux[0][6][36]$b$601 [3] $memory$auto$proc_rom.cc:155:do_switch$48$rdmux[0][6][36]$b$601 [3] $memory$auto$proc_rom.cc:155:do_switch$48$rdmux[0][6][36]$b$601 [3] $memory$auto$proc_rom.cc:155:do_switch$48$rdmux[0][6][36]$b$601 [0] 1'0 $memory$auto$proc_rom.cc:155:do_switch$48$rdmux[0][6][36]$b$601 [0] }, Y={ $memory$auto$proc_rom.cc:155:do_switch$48$rdmux[0][5][18]$a$450 [7:5] $memory$auto$proc_rom.cc:155:do_switch$48$rdmux[0][5][18]$a$450 [3:0] }
      New connections: { $memory$auto$proc_rom.cc:155:do_switch$48$rdmux[0][5][18]$a$450 [11:8] $memory$auto$proc_rom.cc:155:do_switch$48$rdmux[0][5][18]$a$450 [4] } = { 4'1100 $memory$auto$proc_rom.cc:155:do_switch$48$rdmux[0][5][18]$a$450 [0] }
    Consolidated identical input bits for $mux cell $memory$auto$proc_rom.cc:155:do_switch$48$rdmux[0][6][35]$596:
      Old ports: A=$memory$auto$proc_rom.cc:155:do_switch$48$rdmux[0][6][35]$a$597, B=$memory$auto$proc_rom.cc:155:do_switch$48$rdmux[0][6][35]$b$598, Y=$memory$auto$proc_rom.cc:155:do_switch$48$rdmux[0][5][17]$b$448
      New ports: A={ $memory$auto$proc_rom.cc:155:do_switch$48$rdmux[0][6][35]$a$597 [7] $memory$auto$proc_rom.cc:155:do_switch$48$rdmux[0][6][35]$a$597 [4] 1'1 $memory$auto$proc_rom.cc:155:do_switch$48$rdmux[0][6][35]$a$597 [4] 1'0 }, B={ 1'0 $memory$auto$proc_rom.cc:155:do_switch$48$rdmux[0][6][35]$b$598 [6] 1'0 $memory$auto$proc_rom.cc:155:do_switch$48$rdmux[0][6][35]$b$598 [0] $memory$auto$proc_rom.cc:155:do_switch$48$rdmux[0][6][35]$b$598 [0] }, Y={ $memory$auto$proc_rom.cc:155:do_switch$48$rdmux[0][5][17]$b$448 [7:4] $memory$auto$proc_rom.cc:155:do_switch$48$rdmux[0][5][17]$b$448 [0] }
      New connections: { $memory$auto$proc_rom.cc:155:do_switch$48$rdmux[0][5][17]$b$448 [11:8] $memory$auto$proc_rom.cc:155:do_switch$48$rdmux[0][5][17]$b$448 [3:1] } = 7'1101111
    Consolidated identical input bits for $mux cell $memory$auto$proc_rom.cc:155:do_switch$48$rdmux[0][6][34]$593:
      Old ports: A=$memory$auto$proc_rom.cc:155:do_switch$48$rdmux[0][6][34]$a$594, B=$memory$auto$proc_rom.cc:155:do_switch$48$rdmux[0][6][34]$b$595, Y=$memory$auto$proc_rom.cc:155:do_switch$48$rdmux[0][5][17]$a$447
      New ports: A={ 1'0 $memory$auto$proc_rom.cc:155:do_switch$48$rdmux[0][6][34]$a$594 [6] 2'11 $memory$auto$proc_rom.cc:155:do_switch$48$rdmux[0][6][34]$a$594 [1] 1'1 }, B={ $memory$auto$proc_rom.cc:155:do_switch$48$rdmux[0][6][34]$b$595 [4] $memory$auto$proc_rom.cc:155:do_switch$48$rdmux[0][6][34]$b$595 [4] 1'0 $memory$auto$proc_rom.cc:155:do_switch$48$rdmux[0][6][34]$b$595 [4] 1'1 $memory$auto$proc_rom.cc:155:do_switch$48$rdmux[0][6][34]$b$595 [0] }, Y={ $memory$auto$proc_rom.cc:155:do_switch$48$rdmux[0][5][17]$a$447 [7:4] $memory$auto$proc_rom.cc:155:do_switch$48$rdmux[0][5][17]$a$447 [1:0] }
      New connections: { $memory$auto$proc_rom.cc:155:do_switch$48$rdmux[0][5][17]$a$447 [11:8] $memory$auto$proc_rom.cc:155:do_switch$48$rdmux[0][5][17]$a$447 [3:2] } = { 2'11 $memory$auto$proc_rom.cc:155:do_switch$48$rdmux[0][5][17]$a$447 [0] $memory$auto$proc_rom.cc:155:do_switch$48$rdmux[0][5][17]$a$447 [7] $memory$auto$proc_rom.cc:155:do_switch$48$rdmux[0][5][17]$a$447 [1] $memory$auto$proc_rom.cc:155:do_switch$48$rdmux[0][5][17]$a$447 [1] }
    Consolidated identical input bits for $mux cell $memory$auto$proc_rom.cc:155:do_switch$48$rdmux[0][6][33]$590:
      Old ports: A=$memory$auto$proc_rom.cc:155:do_switch$48$rdmux[0][6][33]$a$591, B=$memory$auto$proc_rom.cc:155:do_switch$48$rdmux[0][6][33]$b$592, Y=$memory$auto$proc_rom.cc:155:do_switch$48$rdmux[0][5][16]$b$445
      New ports: A={ 2'00 $memory$auto$proc_rom.cc:155:do_switch$48$rdmux[0][6][33]$a$591 [1] 1'1 $memory$auto$proc_rom.cc:155:do_switch$48$rdmux[0][6][33]$a$591 [1] 1'1 }, B={ 1'1 $memory$auto$proc_rom.cc:155:do_switch$48$rdmux[0][6][33]$b$592 [2] $memory$auto$proc_rom.cc:155:do_switch$48$rdmux[0][6][33]$b$592 [2] $memory$auto$proc_rom.cc:155:do_switch$48$rdmux[0][6][33]$b$592 [2:1] 1'0 }, Y={ $memory$auto$proc_rom.cc:155:do_switch$48$rdmux[0][5][16]$b$445 [7:6] $memory$auto$proc_rom.cc:155:do_switch$48$rdmux[0][5][16]$b$445 [4] $memory$auto$proc_rom.cc:155:do_switch$48$rdmux[0][5][16]$b$445 [2:0] }
      New connections: { $memory$auto$proc_rom.cc:155:do_switch$48$rdmux[0][5][16]$b$445 [11:8] $memory$auto$proc_rom.cc:155:do_switch$48$rdmux[0][5][16]$b$445 [5] $memory$auto$proc_rom.cc:155:do_switch$48$rdmux[0][5][16]$b$445 [3] } = { 3'111 $memory$auto$proc_rom.cc:155:do_switch$48$rdmux[0][5][16]$b$445 [0] $memory$auto$proc_rom.cc:155:do_switch$48$rdmux[0][5][16]$b$445 [1] 1'0 }
    Consolidated identical input bits for $mux cell $memory$auto$proc_rom.cc:155:do_switch$48$rdmux[0][6][32]$587:
      Old ports: A=$memory$auto$proc_rom.cc:155:do_switch$48$rdmux[0][6][32]$a$588, B=$memory$auto$proc_rom.cc:155:do_switch$48$rdmux[0][6][32]$b$589, Y=$memory$auto$proc_rom.cc:155:do_switch$48$rdmux[0][5][16]$a$444
      New ports: A={ $memory$auto$proc_rom.cc:155:do_switch$48$rdmux[0][6][32]$a$588 [1] 1'0 $memory$auto$proc_rom.cc:155:do_switch$48$rdmux[0][6][32]$a$588 [1] $memory$auto$proc_rom.cc:155:do_switch$48$rdmux[0][6][32]$a$588 [1] $memory$auto$proc_rom.cc:155:do_switch$48$rdmux[0][6][32]$a$588 [1] 1'0 }, B={ $memory$auto$proc_rom.cc:155:do_switch$48$rdmux[0][6][32]$b$589 [0] $memory$auto$proc_rom.cc:155:do_switch$48$rdmux[0][6][32]$b$589 [2] 1'1 $memory$auto$proc_rom.cc:155:do_switch$48$rdmux[0][6][32]$b$589 [2] 1'0 $memory$auto$proc_rom.cc:155:do_switch$48$rdmux[0][6][32]$b$589 [0] }, Y={ $memory$auto$proc_rom.cc:155:do_switch$48$rdmux[0][5][16]$a$444 [6] $memory$auto$proc_rom.cc:155:do_switch$48$rdmux[0][5][16]$a$444 [4:0] }
      New connections: { $memory$auto$proc_rom.cc:155:do_switch$48$rdmux[0][5][16]$a$444 [11:7] $memory$auto$proc_rom.cc:155:do_switch$48$rdmux[0][5][16]$a$444 [5] } = { $memory$auto$proc_rom.cc:155:do_switch$48$rdmux[0][5][16]$a$444 [3] $memory$auto$proc_rom.cc:155:do_switch$48$rdmux[0][5][16]$a$444 [3] $memory$auto$proc_rom.cc:155:do_switch$48$rdmux[0][5][16]$a$444 [3] $memory$auto$proc_rom.cc:155:do_switch$48$rdmux[0][5][16]$a$444 [3:2] $memory$auto$proc_rom.cc:155:do_switch$48$rdmux[0][5][16]$a$444 [0] }
    Consolidated identical input bits for $mux cell $memory$auto$proc_rom.cc:155:do_switch$48$rdmux[0][6][31]$584:
      Old ports: A=$memory$auto$proc_rom.cc:155:do_switch$48$rdmux[0][6][31]$a$585, B=$memory$auto$proc_rom.cc:155:do_switch$48$rdmux[0][6][31]$b$586, Y=$memory$auto$proc_rom.cc:155:do_switch$48$rdmux[0][5][15]$b$442
      New ports: A={ $memory$auto$proc_rom.cc:155:do_switch$48$rdmux[0][6][31]$a$585 [3] 1'0 $memory$auto$proc_rom.cc:155:do_switch$48$rdmux[0][6][31]$a$585 [3] $memory$auto$proc_rom.cc:155:do_switch$48$rdmux[0][6][31]$a$585 [1] $memory$auto$proc_rom.cc:155:do_switch$48$rdmux[0][6][31]$a$585 [1] 1'1 }, B={ $memory$auto$proc_rom.cc:155:do_switch$48$rdmux[0][6][31]$b$586 [2] 2'10 $memory$auto$proc_rom.cc:155:do_switch$48$rdmux[0][6][31]$b$586 [2:1] 1'0 }, Y={ $memory$auto$proc_rom.cc:155:do_switch$48$rdmux[0][5][15]$b$442 [6:5] $memory$auto$proc_rom.cc:155:do_switch$48$rdmux[0][5][15]$b$442 [3:0] }
      New connections: { $memory$auto$proc_rom.cc:155:do_switch$48$rdmux[0][5][15]$b$442 [11:7] $memory$auto$proc_rom.cc:155:do_switch$48$rdmux[0][5][15]$b$442 [4] } = { 4'0000 $memory$auto$proc_rom.cc:155:do_switch$48$rdmux[0][5][15]$b$442 [0] $memory$auto$proc_rom.cc:155:do_switch$48$rdmux[0][5][15]$b$442 [1] }
    Consolidated identical input bits for $mux cell $memory$auto$proc_rom.cc:155:do_switch$48$rdmux[0][6][30]$581:
      Old ports: A=$memory$auto$proc_rom.cc:155:do_switch$48$rdmux[0][6][30]$a$582, B=$memory$auto$proc_rom.cc:155:do_switch$48$rdmux[0][6][30]$b$583, Y=$memory$auto$proc_rom.cc:155:do_switch$48$rdmux[0][5][15]$a$441
      New ports: A={ 1'0 $memory$auto$proc_rom.cc:155:do_switch$48$rdmux[0][6][30]$a$582 [4] 2'11 $memory$auto$proc_rom.cc:155:do_switch$48$rdmux[0][6][30]$a$582 [0] }, B={ 1'1 $memory$auto$proc_rom.cc:155:do_switch$48$rdmux[0][6][30]$b$583 [0] $memory$auto$proc_rom.cc:155:do_switch$48$rdmux[0][6][30]$b$583 [2] $memory$auto$proc_rom.cc:155:do_switch$48$rdmux[0][6][30]$b$583 [0] $memory$auto$proc_rom.cc:155:do_switch$48$rdmux[0][6][30]$b$583 [0] }, Y={ $memory$auto$proc_rom.cc:155:do_switch$48$rdmux[0][5][15]$a$441 [5:4] $memory$auto$proc_rom.cc:155:do_switch$48$rdmux[0][5][15]$a$441 [2:0] }
      New connections: { $memory$auto$proc_rom.cc:155:do_switch$48$rdmux[0][5][15]$a$441 [11:6] $memory$auto$proc_rom.cc:155:do_switch$48$rdmux[0][5][15]$a$441 [3] } = { 3'000 $memory$auto$proc_rom.cc:155:do_switch$48$rdmux[0][5][15]$a$441 [2] $memory$auto$proc_rom.cc:155:do_switch$48$rdmux[0][5][15]$a$441 [0] $memory$auto$proc_rom.cc:155:do_switch$48$rdmux[0][5][15]$a$441 [4] 1'1 }
    Consolidated identical input bits for $mux cell $memory$auto$proc_rom.cc:155:do_switch$48$rdmux[0][6][29]$578:
      Old ports: A=$memory$auto$proc_rom.cc:155:do_switch$48$rdmux[0][6][29]$a$579, B=$memory$auto$proc_rom.cc:155:do_switch$48$rdmux[0][6][29]$b$580, Y=$memory$auto$proc_rom.cc:155:do_switch$48$rdmux[0][5][14]$b$439
      New ports: A={ $memory$auto$proc_rom.cc:155:do_switch$48$rdmux[0][6][29]$a$579 [4] $memory$auto$proc_rom.cc:155:do_switch$48$rdmux[0][6][29]$a$579 [5:4] 2'10 }, B={ 1'1 $memory$auto$proc_rom.cc:155:do_switch$48$rdmux[0][6][29]$b$580 [4] $memory$auto$proc_rom.cc:155:do_switch$48$rdmux[0][6][29]$b$580 [4] 2'01 }, Y={ $memory$auto$proc_rom.cc:155:do_switch$48$rdmux[0][5][14]$b$439 [6:4] $memory$auto$proc_rom.cc:155:do_switch$48$rdmux[0][5][14]$b$439 [1:0] }
      New connections: { $memory$auto$proc_rom.cc:155:do_switch$48$rdmux[0][5][14]$b$439 [11:7] $memory$auto$proc_rom.cc:155:do_switch$48$rdmux[0][5][14]$b$439 [3:2] } = { 2'00 $memory$auto$proc_rom.cc:155:do_switch$48$rdmux[0][5][14]$b$439 [1:0] $memory$auto$proc_rom.cc:155:do_switch$48$rdmux[0][5][14]$b$439 [0] 2'00 }
    Consolidated identical input bits for $mux cell $memory$auto$proc_rom.cc:155:do_switch$48$rdmux[0][6][28]$575:
      Old ports: A=$memory$auto$proc_rom.cc:155:do_switch$48$rdmux[0][6][28]$a$576, B=$memory$auto$proc_rom.cc:155:do_switch$48$rdmux[0][6][28]$b$577, Y=$memory$auto$proc_rom.cc:155:do_switch$48$rdmux[0][5][14]$a$438
      New ports: A={ $memory$auto$proc_rom.cc:155:do_switch$48$rdmux[0][6][28]$a$576 [5] $memory$auto$proc_rom.cc:155:do_switch$48$rdmux[0][6][28]$a$576 [5] $memory$auto$proc_rom.cc:155:do_switch$48$rdmux[0][6][28]$a$576 [5] 1'0 $memory$auto$proc_rom.cc:155:do_switch$48$rdmux[0][6][28]$a$576 [1] $memory$auto$proc_rom.cc:155:do_switch$48$rdmux[0][6][28]$a$576 [1] 1'1 }, B={ 2'10 $memory$auto$proc_rom.cc:155:do_switch$48$rdmux[0][6][28]$b$577 [4] $memory$auto$proc_rom.cc:155:do_switch$48$rdmux[0][6][28]$b$577 [4] 3'010 }, Y={ $memory$auto$proc_rom.cc:155:do_switch$48$rdmux[0][5][14]$a$438 [7:4] $memory$auto$proc_rom.cc:155:do_switch$48$rdmux[0][5][14]$a$438 [2:0] }
      New connections: { $memory$auto$proc_rom.cc:155:do_switch$48$rdmux[0][5][14]$a$438 [11:8] $memory$auto$proc_rom.cc:155:do_switch$48$rdmux[0][5][14]$a$438 [3] } = { 3'001 $memory$auto$proc_rom.cc:155:do_switch$48$rdmux[0][5][14]$a$438 [2] $memory$auto$proc_rom.cc:155:do_switch$48$rdmux[0][5][14]$a$438 [2] }
    Consolidated identical input bits for $mux cell $memory$auto$proc_rom.cc:155:do_switch$48$rdmux[0][6][27]$572:
      Old ports: A=$memory$auto$proc_rom.cc:155:do_switch$48$rdmux[0][6][27]$a$573, B=$memory$auto$proc_rom.cc:155:do_switch$48$rdmux[0][6][27]$b$574, Y=$memory$auto$proc_rom.cc:155:do_switch$48$rdmux[0][5][13]$b$436
      New ports: A={ 1'1 $memory$auto$proc_rom.cc:155:do_switch$48$rdmux[0][6][27]$a$573 [3] $memory$auto$proc_rom.cc:155:do_switch$48$rdmux[0][6][27]$a$573 [3] $memory$auto$proc_rom.cc:155:do_switch$48$rdmux[0][6][27]$a$573 [0] 1'0 $memory$auto$proc_rom.cc:155:do_switch$48$rdmux[0][6][27]$a$573 [0] }, B={ 1'0 $memory$auto$proc_rom.cc:155:do_switch$48$rdmux[0][6][27]$b$574 [2] 1'1 $memory$auto$proc_rom.cc:155:do_switch$48$rdmux[0][6][27]$b$574 [2] 1'1 $memory$auto$proc_rom.cc:155:do_switch$48$rdmux[0][6][27]$b$574 [0] }, Y={ $memory$auto$proc_rom.cc:155:do_switch$48$rdmux[0][5][13]$b$436 [7] $memory$auto$proc_rom.cc:155:do_switch$48$rdmux[0][5][13]$b$436 [4:0] }
      New connections: { $memory$auto$proc_rom.cc:155:do_switch$48$rdmux[0][5][13]$b$436 [11:8] $memory$auto$proc_rom.cc:155:do_switch$48$rdmux[0][5][13]$b$436 [6:5] } = { 4'0011 $memory$auto$proc_rom.cc:155:do_switch$48$rdmux[0][5][13]$b$436 [0] $memory$auto$proc_rom.cc:155:do_switch$48$rdmux[0][5][13]$b$436 [1] }
    Consolidated identical input bits for $mux cell $memory$auto$proc_rom.cc:155:do_switch$48$rdmux[0][6][26]$569:
      Old ports: A=$memory$auto$proc_rom.cc:155:do_switch$48$rdmux[0][6][26]$a$570, B=$memory$auto$proc_rom.cc:155:do_switch$48$rdmux[0][6][26]$b$571, Y=$memory$auto$proc_rom.cc:155:do_switch$48$rdmux[0][5][13]$a$435
      New ports: A={ 2'10 $memory$auto$proc_rom.cc:155:do_switch$48$rdmux[0][6][26]$a$570 [4] $memory$auto$proc_rom.cc:155:do_switch$48$rdmux[0][6][26]$a$570 [4] 1'0 $memory$auto$proc_rom.cc:155:do_switch$48$rdmux[0][6][26]$a$570 [1] $memory$auto$proc_rom.cc:155:do_switch$48$rdmux[0][6][26]$a$570 [1] 1'1 }, B={ $memory$auto$proc_rom.cc:155:do_switch$48$rdmux[0][6][26]$b$571 [2] $memory$auto$proc_rom.cc:155:do_switch$48$rdmux[0][6][26]$b$571 [0] $memory$auto$proc_rom.cc:155:do_switch$48$rdmux[0][6][26]$b$571 [0] 1'1 $memory$auto$proc_rom.cc:155:do_switch$48$rdmux[0][6][26]$b$571 [2] $memory$auto$proc_rom.cc:155:do_switch$48$rdmux[0][6][26]$b$571 [2] 1'0 $memory$auto$proc_rom.cc:155:do_switch$48$rdmux[0][6][26]$b$571 [0] }, Y={ $memory$auto$proc_rom.cc:155:do_switch$48$rdmux[0][5][13]$a$435 [10] $memory$auto$proc_rom.cc:155:do_switch$48$rdmux[0][5][13]$a$435 [7] $memory$auto$proc_rom.cc:155:do_switch$48$rdmux[0][5][13]$a$435 [5:0] }
      New connections: { $memory$auto$proc_rom.cc:155:do_switch$48$rdmux[0][5][13]$a$435 [11] $memory$auto$proc_rom.cc:155:do_switch$48$rdmux[0][5][13]$a$435 [9:8] $memory$auto$proc_rom.cc:155:do_switch$48$rdmux[0][5][13]$a$435 [6] } = { 1'0 $memory$auto$proc_rom.cc:155:do_switch$48$rdmux[0][5][13]$a$435 [7] $memory$auto$proc_rom.cc:155:do_switch$48$rdmux[0][5][13]$a$435 [7] $memory$auto$proc_rom.cc:155:do_switch$48$rdmux[0][5][13]$a$435 [0] }
    Consolidated identical input bits for $mux cell $memory$auto$proc_rom.cc:155:do_switch$48$rdmux[0][6][25]$566:
      Old ports: A=$memory$auto$proc_rom.cc:155:do_switch$48$rdmux[0][6][25]$a$567, B=$memory$auto$proc_rom.cc:155:do_switch$48$rdmux[0][6][25]$b$568, Y=$memory$auto$proc_rom.cc:155:do_switch$48$rdmux[0][5][12]$b$433
      New ports: A={ $memory$auto$proc_rom.cc:155:do_switch$48$rdmux[0][6][25]$a$567 [4:3] $memory$auto$proc_rom.cc:155:do_switch$48$rdmux[0][6][25]$a$567 [3] $memory$auto$proc_rom.cc:155:do_switch$48$rdmux[0][6][25]$a$567 [3] $memory$auto$proc_rom.cc:155:do_switch$48$rdmux[0][6][25]$a$567 [4:3] }, B={ 2'01 $memory$auto$proc_rom.cc:155:do_switch$48$rdmux[0][6][25]$b$568 [6] 1'0 $memory$auto$proc_rom.cc:155:do_switch$48$rdmux[0][6][25]$b$568 [3] $memory$auto$proc_rom.cc:155:do_switch$48$rdmux[0][6][25]$b$568 [3] }, Y=$memory$auto$proc_rom.cc:155:do_switch$48$rdmux[0][5][12]$b$433 [8:3]
      New connections: { $memory$auto$proc_rom.cc:155:do_switch$48$rdmux[0][5][12]$b$433 [11:9] $memory$auto$proc_rom.cc:155:do_switch$48$rdmux[0][5][12]$b$433 [2:0] } = 6'010011
    Consolidated identical input bits for $mux cell $memory$auto$proc_rom.cc:155:do_switch$48$rdmux[0][6][24]$563:
      Old ports: A=$memory$auto$proc_rom.cc:155:do_switch$48$rdmux[0][6][24]$a$564, B=$memory$auto$proc_rom.cc:155:do_switch$48$rdmux[0][6][24]$b$565, Y=$memory$auto$proc_rom.cc:155:do_switch$48$rdmux[0][5][12]$a$432
      New ports: A={ 2'10 $memory$auto$proc_rom.cc:155:do_switch$48$rdmux[0][6][24]$a$564 [2] 1'0 $memory$auto$proc_rom.cc:155:do_switch$48$rdmux[0][6][24]$a$564 [2] 1'1 }, B={ 1'0 $memory$auto$proc_rom.cc:155:do_switch$48$rdmux[0][6][24]$b$565 [1] $memory$auto$proc_rom.cc:155:do_switch$48$rdmux[0][6][24]$b$565 [5] 1'1 $memory$auto$proc_rom.cc:155:do_switch$48$rdmux[0][6][24]$b$565 [1] $memory$auto$proc_rom.cc:155:do_switch$48$rdmux[0][6][24]$b$565 [1] }, Y={ $memory$auto$proc_rom.cc:155:do_switch$48$rdmux[0][5][12]$a$432 [7:5] $memory$auto$proc_rom.cc:155:do_switch$48$rdmux[0][5][12]$a$432 [3:1] }
      New connections: { $memory$auto$proc_rom.cc:155:do_switch$48$rdmux[0][5][12]$a$432 [11:8] $memory$auto$proc_rom.cc:155:do_switch$48$rdmux[0][5][12]$a$432 [4] $memory$auto$proc_rom.cc:155:do_switch$48$rdmux[0][5][12]$a$432 [0] } = { 4'0101 $memory$auto$proc_rom.cc:155:do_switch$48$rdmux[0][5][12]$a$432 [3] 1'1 }
    Consolidated identical input bits for $mux cell $memory$auto$proc_rom.cc:155:do_switch$48$rdmux[0][6][23]$560:
      Old ports: A=$memory$auto$proc_rom.cc:155:do_switch$48$rdmux[0][6][23]$a$561, B=$memory$auto$proc_rom.cc:155:do_switch$48$rdmux[0][6][23]$b$562, Y=$memory$auto$proc_rom.cc:155:do_switch$48$rdmux[0][5][11]$b$430
      New ports: A={ 1'1 $memory$auto$proc_rom.cc:155:do_switch$48$rdmux[0][6][23]$a$561 [5] 3'110 }, B={ 1'0 $memory$auto$proc_rom.cc:155:do_switch$48$rdmux[0][6][23]$b$562 [2] $memory$auto$proc_rom.cc:155:do_switch$48$rdmux[0][6][23]$b$562 [2:1] 1'1 }, Y={ $memory$auto$proc_rom.cc:155:do_switch$48$rdmux[0][5][11]$b$430 [9] $memory$auto$proc_rom.cc:155:do_switch$48$rdmux[0][5][11]$b$430 [5] $memory$auto$proc_rom.cc:155:do_switch$48$rdmux[0][5][11]$b$430 [2:0] }
      New connections: { $memory$auto$proc_rom.cc:155:do_switch$48$rdmux[0][5][11]$b$430 [11:10] $memory$auto$proc_rom.cc:155:do_switch$48$rdmux[0][5][11]$b$430 [8:6] $memory$auto$proc_rom.cc:155:do_switch$48$rdmux[0][5][11]$b$430 [4:3] } = { 2'01 $memory$auto$proc_rom.cc:155:do_switch$48$rdmux[0][5][11]$b$430 [0] $memory$auto$proc_rom.cc:155:do_switch$48$rdmux[0][5][11]$b$430 [0] $memory$auto$proc_rom.cc:155:do_switch$48$rdmux[0][5][11]$b$430 [0] 2'01 }
    Consolidated identical input bits for $mux cell $memory$auto$proc_rom.cc:155:do_switch$48$rdmux[0][6][22]$557:
      Old ports: A=$memory$auto$proc_rom.cc:155:do_switch$48$rdmux[0][6][22]$a$558, B=$memory$auto$proc_rom.cc:155:do_switch$48$rdmux[0][6][22]$b$559, Y=$memory$auto$proc_rom.cc:155:do_switch$48$rdmux[0][5][11]$a$429
      New ports: A={ 2'10 $memory$auto$proc_rom.cc:155:do_switch$48$rdmux[0][6][22]$a$558 [2] $memory$auto$proc_rom.cc:155:do_switch$48$rdmux[0][6][22]$a$558 [3:2] 1'1 }, B={ 2'01 $memory$auto$proc_rom.cc:155:do_switch$48$rdmux[0][6][22]$b$559 [5] 2'11 $memory$auto$proc_rom.cc:155:do_switch$48$rdmux[0][6][22]$b$559 [1] }, Y={ $memory$auto$proc_rom.cc:155:do_switch$48$rdmux[0][5][11]$a$429 [7:5] $memory$auto$proc_rom.cc:155:do_switch$48$rdmux[0][5][11]$a$429 [3:1] }
      New connections: { $memory$auto$proc_rom.cc:155:do_switch$48$rdmux[0][5][11]$a$429 [11:8] $memory$auto$proc_rom.cc:155:do_switch$48$rdmux[0][5][11]$a$429 [4] $memory$auto$proc_rom.cc:155:do_switch$48$rdmux[0][5][11]$a$429 [0] } = 6'011000
    Consolidated identical input bits for $mux cell $memory$auto$proc_rom.cc:155:do_switch$48$rdmux[0][6][21]$554:
      Old ports: A=$memory$auto$proc_rom.cc:155:do_switch$48$rdmux[0][6][21]$a$555, B=$memory$auto$proc_rom.cc:155:do_switch$48$rdmux[0][6][21]$b$556, Y=$memory$auto$proc_rom.cc:155:do_switch$48$rdmux[0][5][10]$b$427
      New ports: A={ $memory$auto$proc_rom.cc:155:do_switch$48$rdmux[0][6][21]$a$555 [3] $memory$auto$proc_rom.cc:155:do_switch$48$rdmux[0][6][21]$a$555 [4] $memory$auto$proc_rom.cc:155:do_switch$48$rdmux[0][6][21]$a$555 [4] $memory$auto$proc_rom.cc:155:do_switch$48$rdmux[0][6][21]$a$555 [4:3] 2'11 }, B={ 3'010 $memory$auto$proc_rom.cc:155:do_switch$48$rdmux[0][6][21]$b$556 [2] $memory$auto$proc_rom.cc:155:do_switch$48$rdmux[0][6][21]$b$556 [2] $memory$auto$proc_rom.cc:155:do_switch$48$rdmux[0][6][21]$b$556 [2] $memory$auto$proc_rom.cc:155:do_switch$48$rdmux[0][6][21]$b$556 [0] }, Y={ $memory$auto$proc_rom.cc:155:do_switch$48$rdmux[0][5][10]$b$427 [8] $memory$auto$proc_rom.cc:155:do_switch$48$rdmux[0][5][10]$b$427 [6:2] $memory$auto$proc_rom.cc:155:do_switch$48$rdmux[0][5][10]$b$427 [0] }
      New connections: { $memory$auto$proc_rom.cc:155:do_switch$48$rdmux[0][5][10]$b$427 [11:9] $memory$auto$proc_rom.cc:155:do_switch$48$rdmux[0][5][10]$b$427 [7] $memory$auto$proc_rom.cc:155:do_switch$48$rdmux[0][5][10]$b$427 [1] } = { 3'011 $memory$auto$proc_rom.cc:155:do_switch$48$rdmux[0][5][10]$b$427 [6] 1'0 }
    Consolidated identical input bits for $mux cell $memory$auto$proc_rom.cc:155:do_switch$48$rdmux[0][6][20]$551:
      Old ports: A=$memory$auto$proc_rom.cc:155:do_switch$48$rdmux[0][6][20]$a$552, B=$memory$auto$proc_rom.cc:155:do_switch$48$rdmux[0][6][20]$b$553, Y=$memory$auto$proc_rom.cc:155:do_switch$48$rdmux[0][5][10]$a$426
      New ports: A={ $memory$auto$proc_rom.cc:155:do_switch$48$rdmux[0][6][20]$a$552 [5] 1'0 $memory$auto$proc_rom.cc:155:do_switch$48$rdmux[0][6][20]$a$552 [2] $memory$auto$proc_rom.cc:155:do_switch$48$rdmux[0][6][20]$a$552 [2] 2'11 }, B={ 1'1 $memory$auto$proc_rom.cc:155:do_switch$48$rdmux[0][6][20]$b$553 [1] $memory$auto$proc_rom.cc:155:do_switch$48$rdmux[0][6][20]$b$553 [1] $memory$auto$proc_rom.cc:155:do_switch$48$rdmux[0][6][20]$b$553 [2:1] 1'0 }, Y=$memory$auto$proc_rom.cc:155:do_switch$48$rdmux[0][5][10]$a$426 [5:0]
      New connections: $memory$auto$proc_rom.cc:155:do_switch$48$rdmux[0][5][10]$a$426 [11:6] = { 5'01110 $memory$auto$proc_rom.cc:155:do_switch$48$rdmux[0][5][10]$a$426 [0] }
    Consolidated identical input bits for $mux cell $memory$auto$proc_rom.cc:155:do_switch$48$rdmux[0][6][19]$548:
      Old ports: A=$memory$auto$proc_rom.cc:155:do_switch$48$rdmux[0][6][19]$a$549, B=$memory$auto$proc_rom.cc:155:do_switch$48$rdmux[0][6][19]$b$550, Y=$memory$auto$proc_rom.cc:155:do_switch$48$rdmux[0][5][9]$b$424
      New ports: A={ 2'10 $memory$auto$proc_rom.cc:155:do_switch$48$rdmux[0][6][19]$a$549 [0] $memory$auto$proc_rom.cc:155:do_switch$48$rdmux[0][6][19]$a$549 [3] $memory$auto$proc_rom.cc:155:do_switch$48$rdmux[0][6][19]$a$549 [3] $memory$auto$proc_rom.cc:155:do_switch$48$rdmux[0][6][19]$a$549 [0] $memory$auto$proc_rom.cc:155:do_switch$48$rdmux[0][6][19]$a$549 [0] }, B={ $memory$auto$proc_rom.cc:155:do_switch$48$rdmux[0][6][19]$b$550 [0] $memory$auto$proc_rom.cc:155:do_switch$48$rdmux[0][6][19]$b$550 [4] $memory$auto$proc_rom.cc:155:do_switch$48$rdmux[0][6][19]$b$550 [4] $memory$auto$proc_rom.cc:155:do_switch$48$rdmux[0][6][19]$b$550 [4] 2'01 $memory$auto$proc_rom.cc:155:do_switch$48$rdmux[0][6][19]$b$550 [0] }, Y={ $memory$auto$proc_rom.cc:155:do_switch$48$rdmux[0][5][9]$b$424 [7:3] $memory$auto$proc_rom.cc:155:do_switch$48$rdmux[0][5][9]$b$424 [1:0] }
      New connections: { $memory$auto$proc_rom.cc:155:do_switch$48$rdmux[0][5][9]$b$424 [11:8] $memory$auto$proc_rom.cc:155:do_switch$48$rdmux[0][5][9]$b$424 [2] } = { 4'0111 $memory$auto$proc_rom.cc:155:do_switch$48$rdmux[0][5][9]$b$424 [1] }
    Consolidated identical input bits for $mux cell $memory$auto$proc_rom.cc:155:do_switch$48$rdmux[0][6][18]$545:
      Old ports: A=$memory$auto$proc_rom.cc:155:do_switch$48$rdmux[0][6][18]$a$546, B=$memory$auto$proc_rom.cc:155:do_switch$48$rdmux[0][6][18]$b$547, Y=$memory$auto$proc_rom.cc:155:do_switch$48$rdmux[0][5][9]$a$423
      New ports: A={ 2'10 $memory$auto$proc_rom.cc:155:do_switch$48$rdmux[0][6][18]$a$546 [4] 2'10 $memory$auto$proc_rom.cc:155:do_switch$48$rdmux[0][6][18]$a$546 [0] }, B={ $memory$auto$proc_rom.cc:155:do_switch$48$rdmux[0][6][18]$b$547 [1:0] $memory$auto$proc_rom.cc:155:do_switch$48$rdmux[0][6][18]$b$547 [0] 1'0 $memory$auto$proc_rom.cc:155:do_switch$48$rdmux[0][6][18]$b$547 [1:0] }, Y={ $memory$auto$proc_rom.cc:155:do_switch$48$rdmux[0][5][9]$a$423 [6:3] $memory$auto$proc_rom.cc:155:do_switch$48$rdmux[0][5][9]$a$423 [1:0] }
      New connections: { $memory$auto$proc_rom.cc:155:do_switch$48$rdmux[0][5][9]$a$423 [11:7] $memory$auto$proc_rom.cc:155:do_switch$48$rdmux[0][5][9]$a$423 [2] } = { 5'01111 $memory$auto$proc_rom.cc:155:do_switch$48$rdmux[0][5][9]$a$423 [0] }
    Consolidated identical input bits for $mux cell $memory$auto$proc_rom.cc:155:do_switch$48$rdmux[0][6][17]$542:
      Old ports: A=$memory$auto$proc_rom.cc:155:do_switch$48$rdmux[0][6][17]$a$543, B=$memory$auto$proc_rom.cc:155:do_switch$48$rdmux[0][6][17]$b$544, Y=$memory$auto$proc_rom.cc:155:do_switch$48$rdmux[0][5][8]$b$421
      New ports: A={ 2'10 $memory$auto$proc_rom.cc:155:do_switch$48$rdmux[0][6][17]$a$543 [0] $memory$auto$proc_rom.cc:155:do_switch$48$rdmux[0][6][17]$a$543 [0] }, B={ 1'0 $memory$auto$proc_rom.cc:155:do_switch$48$rdmux[0][6][17]$b$544 [3] 2'01 }, Y={ $memory$auto$proc_rom.cc:155:do_switch$48$rdmux[0][5][8]$b$421 [4:2] $memory$auto$proc_rom.cc:155:do_switch$48$rdmux[0][5][8]$b$421 [0] }
      New connections: { $memory$auto$proc_rom.cc:155:do_switch$48$rdmux[0][5][8]$b$421 [11:5] $memory$auto$proc_rom.cc:155:do_switch$48$rdmux[0][5][8]$b$421 [1] } = 8'01111110
    Consolidated identical input bits for $mux cell $memory$auto$proc_rom.cc:155:do_switch$48$rdmux[0][6][16]$539:
      Old ports: A=$memory$auto$proc_rom.cc:155:do_switch$48$rdmux[0][6][16]$a$540, B=$memory$auto$proc_rom.cc:155:do_switch$48$rdmux[0][6][16]$b$541, Y=$memory$auto$proc_rom.cc:155:do_switch$48$rdmux[0][5][8]$a$420
      New ports: A={ 2'11 $memory$auto$proc_rom.cc:155:do_switch$48$rdmux[0][6][16]$a$540 [0] }, B={ $memory$auto$proc_rom.cc:155:do_switch$48$rdmux[0][6][16]$b$541 [2] 2'01 }, Y=$memory$auto$proc_rom.cc:155:do_switch$48$rdmux[0][5][8]$a$420 [2:0]
      New connections: $memory$auto$proc_rom.cc:155:do_switch$48$rdmux[0][5][8]$a$420 [11:3] = 9'011111111
    Consolidated identical input bits for $mux cell $memory$auto$proc_rom.cc:155:do_switch$48$rdmux[0][6][15]$536:
      Old ports: A=$memory$auto$proc_rom.cc:155:do_switch$48$rdmux[0][6][15]$a$537, B=$memory$auto$proc_rom.cc:155:do_switch$48$rdmux[0][6][15]$b$538, Y=$memory$auto$proc_rom.cc:155:do_switch$48$rdmux[0][5][7]$b$418
      New ports: A={ $memory$auto$proc_rom.cc:155:do_switch$48$rdmux[0][6][15]$a$537 [3:2] 2'01 }, B={ 2'11 $memory$auto$proc_rom.cc:155:do_switch$48$rdmux[0][6][15]$b$538 [1:0] }, Y=$memory$auto$proc_rom.cc:155:do_switch$48$rdmux[0][5][7]$b$418 [3:0]
      New connections: $memory$auto$proc_rom.cc:155:do_switch$48$rdmux[0][5][7]$b$418 [11:4] = 8'01111111
    Consolidated identical input bits for $mux cell $memory$auto$proc_rom.cc:155:do_switch$48$rdmux[0][6][14]$533:
      Old ports: A=$memory$auto$proc_rom.cc:155:do_switch$48$rdmux[0][6][14]$a$534, B=$memory$auto$proc_rom.cc:155:do_switch$48$rdmux[0][6][14]$b$535, Y=$memory$auto$proc_rom.cc:155:do_switch$48$rdmux[0][5][7]$a$417
      New ports: A={ $memory$auto$proc_rom.cc:155:do_switch$48$rdmux[0][6][14]$a$534 [0] $memory$auto$proc_rom.cc:155:do_switch$48$rdmux[0][6][14]$a$534 [3] $memory$auto$proc_rom.cc:155:do_switch$48$rdmux[0][6][14]$a$534 [3] $memory$auto$proc_rom.cc:155:do_switch$48$rdmux[0][6][14]$a$534 [0] }, B={ 1'1 $memory$auto$proc_rom.cc:155:do_switch$48$rdmux[0][6][14]$b$535 [4] $memory$auto$proc_rom.cc:155:do_switch$48$rdmux[0][6][14]$b$535 [0] $memory$auto$proc_rom.cc:155:do_switch$48$rdmux[0][6][14]$b$535 [0] }, Y={ $memory$auto$proc_rom.cc:155:do_switch$48$rdmux[0][5][7]$a$417 [5:3] $memory$auto$proc_rom.cc:155:do_switch$48$rdmux[0][5][7]$a$417 [0] }
      New connections: { $memory$auto$proc_rom.cc:155:do_switch$48$rdmux[0][5][7]$a$417 [11:6] $memory$auto$proc_rom.cc:155:do_switch$48$rdmux[0][5][7]$a$417 [2:1] } = 8'01111100
    Consolidated identical input bits for $mux cell $memory$auto$proc_rom.cc:155:do_switch$48$rdmux[0][6][13]$530:
      Old ports: A=$memory$auto$proc_rom.cc:155:do_switch$48$rdmux[0][6][13]$a$531, B=$memory$auto$proc_rom.cc:155:do_switch$48$rdmux[0][6][13]$b$532, Y=$memory$auto$proc_rom.cc:155:do_switch$48$rdmux[0][5][6]$b$415
      New ports: A={ 2'01 $memory$auto$proc_rom.cc:155:do_switch$48$rdmux[0][6][13]$a$531 [4] 1'0 $memory$auto$proc_rom.cc:155:do_switch$48$rdmux[0][6][13]$a$531 [1] 1'1 }, B={ 3'100 $memory$auto$proc_rom.cc:155:do_switch$48$rdmux[0][6][13]$b$532 [0] $memory$auto$proc_rom.cc:155:do_switch$48$rdmux[0][6][13]$b$532 [1:0] }, Y={ $memory$auto$proc_rom.cc:155:do_switch$48$rdmux[0][5][6]$b$415 [6:3] $memory$auto$proc_rom.cc:155:do_switch$48$rdmux[0][5][6]$b$415 [1:0] }
      New connections: { $memory$auto$proc_rom.cc:155:do_switch$48$rdmux[0][5][6]$b$415 [11:7] $memory$auto$proc_rom.cc:155:do_switch$48$rdmux[0][5][6]$b$415 [2] } = { 5'01111 $memory$auto$proc_rom.cc:155:do_switch$48$rdmux[0][5][6]$b$415 [0] }
    Consolidated identical input bits for $mux cell $memory$auto$proc_rom.cc:155:do_switch$48$rdmux[0][6][12]$527:
      Old ports: A=$memory$auto$proc_rom.cc:155:do_switch$48$rdmux[0][6][12]$a$528, B=$memory$auto$proc_rom.cc:155:do_switch$48$rdmux[0][6][12]$b$529, Y=$memory$auto$proc_rom.cc:155:do_switch$48$rdmux[0][5][6]$a$414
      New ports: A={ 2'01 $memory$auto$proc_rom.cc:155:do_switch$48$rdmux[0][6][12]$a$528 [2] 1'0 $memory$auto$proc_rom.cc:155:do_switch$48$rdmux[0][6][12]$a$528 [2] 1'1 $memory$auto$proc_rom.cc:155:do_switch$48$rdmux[0][6][12]$a$528 [0] }, B={ 2'10 $memory$auto$proc_rom.cc:155:do_switch$48$rdmux[0][6][12]$b$529 [3] $memory$auto$proc_rom.cc:155:do_switch$48$rdmux[0][6][12]$b$529 [3] $memory$auto$proc_rom.cc:155:do_switch$48$rdmux[0][6][12]$b$529 [0] $memory$auto$proc_rom.cc:155:do_switch$48$rdmux[0][6][12]$b$529 [0] $memory$auto$proc_rom.cc:155:do_switch$48$rdmux[0][6][12]$b$529 [0] }, Y={ $memory$auto$proc_rom.cc:155:do_switch$48$rdmux[0][5][6]$a$414 [7] $memory$auto$proc_rom.cc:155:do_switch$48$rdmux[0][5][6]$a$414 [5:0] }
      New connections: { $memory$auto$proc_rom.cc:155:do_switch$48$rdmux[0][5][6]$a$414 [11:8] $memory$auto$proc_rom.cc:155:do_switch$48$rdmux[0][5][6]$a$414 [6] } = { 4'0111 $memory$auto$proc_rom.cc:155:do_switch$48$rdmux[0][5][6]$a$414 [5] }
    Consolidated identical input bits for $mux cell $memory$auto$proc_rom.cc:155:do_switch$48$rdmux[0][6][11]$524:
      Old ports: A=$memory$auto$proc_rom.cc:155:do_switch$48$rdmux[0][6][11]$a$525, B=$memory$auto$proc_rom.cc:155:do_switch$48$rdmux[0][6][11]$b$526, Y=$memory$auto$proc_rom.cc:155:do_switch$48$rdmux[0][5][5]$b$412
      New ports: A={ 1'0 $memory$auto$proc_rom.cc:155:do_switch$48$rdmux[0][6][11]$a$525 [5] 1'0 $memory$auto$proc_rom.cc:155:do_switch$48$rdmux[0][6][11]$a$525 [0] 2'10 $memory$auto$proc_rom.cc:155:do_switch$48$rdmux[0][6][11]$a$525 [0] }, B={ $memory$auto$proc_rom.cc:155:do_switch$48$rdmux[0][6][11]$b$526 [0] $memory$auto$proc_rom.cc:155:do_switch$48$rdmux[0][6][11]$b$526 [4] $memory$auto$proc_rom.cc:155:do_switch$48$rdmux[0][6][11]$b$526 [4] 1'1 $memory$auto$proc_rom.cc:155:do_switch$48$rdmux[0][6][11]$b$526 [0] 1'1 $memory$auto$proc_rom.cc:155:do_switch$48$rdmux[0][6][11]$b$526 [0] }, Y=$memory$auto$proc_rom.cc:155:do_switch$48$rdmux[0][5][5]$b$412 [6:0]
      New connections: $memory$auto$proc_rom.cc:155:do_switch$48$rdmux[0][5][5]$b$412 [11:7] = 5'01110
    Consolidated identical input bits for $mux cell $memory$auto$proc_rom.cc:155:do_switch$48$rdmux[0][6][10]$521:
      Old ports: A=$memory$auto$proc_rom.cc:155:do_switch$48$rdmux[0][6][10]$a$522, B=$memory$auto$proc_rom.cc:155:do_switch$48$rdmux[0][6][10]$b$523, Y=$memory$auto$proc_rom.cc:155:do_switch$48$rdmux[0][5][5]$a$411
      New ports: A={ $memory$auto$proc_rom.cc:155:do_switch$48$rdmux[0][6][10]$a$522 [0] $memory$auto$proc_rom.cc:155:do_switch$48$rdmux[0][6][10]$a$522 [1] 2'00 $memory$auto$proc_rom.cc:155:do_switch$48$rdmux[0][6][10]$a$522 [1] $memory$auto$proc_rom.cc:155:do_switch$48$rdmux[0][6][10]$a$522 [1:0] }, B={ 1'1 $memory$auto$proc_rom.cc:155:do_switch$48$rdmux[0][6][10]$b$523 [0] 1'1 $memory$auto$proc_rom.cc:155:do_switch$48$rdmux[0][6][10]$b$523 [3] 2'10 $memory$auto$proc_rom.cc:155:do_switch$48$rdmux[0][6][10]$b$523 [0] }, Y=$memory$auto$proc_rom.cc:155:do_switch$48$rdmux[0][5][5]$a$411 [6:0]
      New connections: $memory$auto$proc_rom.cc:155:do_switch$48$rdmux[0][5][5]$a$411 [11:7] = 5'01101
    Consolidated identical input bits for $mux cell $memory$auto$proc_rom.cc:155:do_switch$48$rdmux[0][6][9]$518:
      Old ports: A=$memory$auto$proc_rom.cc:155:do_switch$48$rdmux[0][6][9]$a$519, B=$memory$auto$proc_rom.cc:155:do_switch$48$rdmux[0][6][9]$b$520, Y=$memory$auto$proc_rom.cc:155:do_switch$48$rdmux[0][5][4]$b$409
      New ports: A={ 1'0 $memory$auto$proc_rom.cc:155:do_switch$48$rdmux[0][6][9]$a$519 [6:5] 2'11 }, B={ $memory$auto$proc_rom.cc:155:do_switch$48$rdmux[0][6][9]$b$520 [1] $memory$auto$proc_rom.cc:155:do_switch$48$rdmux[0][6][9]$b$520 [2] $memory$auto$proc_rom.cc:155:do_switch$48$rdmux[0][6][9]$b$520 [2] $memory$auto$proc_rom.cc:155:do_switch$48$rdmux[0][6][9]$b$520 [2:1] }, Y={ $memory$auto$proc_rom.cc:155:do_switch$48$rdmux[0][5][4]$b$409 [7:5] $memory$auto$proc_rom.cc:155:do_switch$48$rdmux[0][5][4]$b$409 [2:1] }
      New connections: { $memory$auto$proc_rom.cc:155:do_switch$48$rdmux[0][5][4]$b$409 [11:8] $memory$auto$proc_rom.cc:155:do_switch$48$rdmux[0][5][4]$b$409 [4:3] $memory$auto$proc_rom.cc:155:do_switch$48$rdmux[0][5][4]$b$409 [0] } = 7'0110010
    Consolidated identical input bits for $mux cell $memory$auto$proc_rom.cc:155:do_switch$48$rdmux[0][6][8]$515:
      Old ports: A=$memory$auto$proc_rom.cc:155:do_switch$48$rdmux[0][6][8]$a$516, B=$memory$auto$proc_rom.cc:155:do_switch$48$rdmux[0][6][8]$b$517, Y=$memory$auto$proc_rom.cc:155:do_switch$48$rdmux[0][5][4]$a$408
      New ports: A={ 1'0 $memory$auto$proc_rom.cc:155:do_switch$48$rdmux[0][6][8]$a$516 [3:2] $memory$auto$proc_rom.cc:155:do_switch$48$rdmux[0][6][8]$a$516 [3:2] 2'11 }, B={ $memory$auto$proc_rom.cc:155:do_switch$48$rdmux[0][6][8]$b$517 [1:0] $memory$auto$proc_rom.cc:155:do_switch$48$rdmux[0][6][8]$b$517 [0] 2'11 $memory$auto$proc_rom.cc:155:do_switch$48$rdmux[0][6][8]$b$517 [1:0] }, Y={ $memory$auto$proc_rom.cc:155:do_switch$48$rdmux[0][5][4]$a$408 [9] $memory$auto$proc_rom.cc:155:do_switch$48$rdmux[0][5][4]$a$408 [6:5] $memory$auto$proc_rom.cc:155:do_switch$48$rdmux[0][5][4]$a$408 [3:0] }
      New connections: { $memory$auto$proc_rom.cc:155:do_switch$48$rdmux[0][5][4]$a$408 [11:10] $memory$auto$proc_rom.cc:155:do_switch$48$rdmux[0][5][4]$a$408 [8:7] $memory$auto$proc_rom.cc:155:do_switch$48$rdmux[0][5][4]$a$408 [4] } = { 2'01 $memory$auto$proc_rom.cc:155:do_switch$48$rdmux[0][5][4]$a$408 [0] $memory$auto$proc_rom.cc:155:do_switch$48$rdmux[0][5][4]$a$408 [0] 1'0 }
    Consolidated identical input bits for $mux cell $memory$auto$proc_rom.cc:155:do_switch$48$rdmux[0][6][7]$512:
      Old ports: A=$memory$auto$proc_rom.cc:155:do_switch$48$rdmux[0][6][7]$a$513, B=$memory$auto$proc_rom.cc:155:do_switch$48$rdmux[0][6][7]$b$514, Y=$memory$auto$proc_rom.cc:155:do_switch$48$rdmux[0][5][3]$b$406
      New ports: A={ 1'0 $memory$auto$proc_rom.cc:155:do_switch$48$rdmux[0][6][7]$a$513 [3] 1'1 $memory$auto$proc_rom.cc:155:do_switch$48$rdmux[0][6][7]$a$513 [3] 1'0 $memory$auto$proc_rom.cc:155:do_switch$48$rdmux[0][6][7]$a$513 [1] }, B={ $memory$auto$proc_rom.cc:155:do_switch$48$rdmux[0][6][7]$b$514 [7] 1'0 $memory$auto$proc_rom.cc:155:do_switch$48$rdmux[0][6][7]$b$514 [2] $memory$auto$proc_rom.cc:155:do_switch$48$rdmux[0][6][7]$b$514 [2] $memory$auto$proc_rom.cc:155:do_switch$48$rdmux[0][6][7]$b$514 [2] 1'1 }, Y={ $memory$auto$proc_rom.cc:155:do_switch$48$rdmux[0][5][3]$b$406 [7] $memory$auto$proc_rom.cc:155:do_switch$48$rdmux[0][5][3]$b$406 [5:1] }
      New connections: { $memory$auto$proc_rom.cc:155:do_switch$48$rdmux[0][5][3]$b$406 [11:8] $memory$auto$proc_rom.cc:155:do_switch$48$rdmux[0][5][3]$b$406 [6] $memory$auto$proc_rom.cc:155:do_switch$48$rdmux[0][5][3]$b$406 [0] } = { 4'0101 $memory$auto$proc_rom.cc:155:do_switch$48$rdmux[0][5][3]$b$406 [2] 1'1 }
    Consolidated identical input bits for $mux cell $memory$auto$proc_rom.cc:155:do_switch$48$rdmux[0][6][6]$509:
      Old ports: A=$memory$auto$proc_rom.cc:155:do_switch$48$rdmux[0][6][6]$a$510, B=$memory$auto$proc_rom.cc:155:do_switch$48$rdmux[0][6][6]$b$511, Y=$memory$auto$proc_rom.cc:155:do_switch$48$rdmux[0][5][3]$a$405
      New ports: A={ $memory$auto$proc_rom.cc:155:do_switch$48$rdmux[0][6][6]$a$510 [5] $memory$auto$proc_rom.cc:155:do_switch$48$rdmux[0][6][6]$a$510 [5] 1'1 $memory$auto$proc_rom.cc:155:do_switch$48$rdmux[0][6][6]$a$510 [1] $memory$auto$proc_rom.cc:155:do_switch$48$rdmux[0][6][6]$a$510 [1] }, B={ 1'1 $memory$auto$proc_rom.cc:155:do_switch$48$rdmux[0][6][6]$b$511 [3] 1'0 $memory$auto$proc_rom.cc:155:do_switch$48$rdmux[0][6][6]$b$511 [3] 1'1 }, Y={ $memory$auto$proc_rom.cc:155:do_switch$48$rdmux[0][5][3]$a$405 [6:3] $memory$auto$proc_rom.cc:155:do_switch$48$rdmux[0][5][3]$a$405 [1] }
      New connections: { $memory$auto$proc_rom.cc:155:do_switch$48$rdmux[0][5][3]$a$405 [11:7] $memory$auto$proc_rom.cc:155:do_switch$48$rdmux[0][5][3]$a$405 [2] $memory$auto$proc_rom.cc:155:do_switch$48$rdmux[0][5][3]$a$405 [0] } = { 4'0100 $memory$auto$proc_rom.cc:155:do_switch$48$rdmux[0][5][3]$a$405 [1] 2'01 }
    Consolidated identical input bits for $mux cell $memory$auto$proc_rom.cc:155:do_switch$48$rdmux[0][6][5]$506:
      Old ports: A=$memory$auto$proc_rom.cc:155:do_switch$48$rdmux[0][6][5]$a$507, B=$memory$auto$proc_rom.cc:155:do_switch$48$rdmux[0][6][5]$b$508, Y=$memory$auto$proc_rom.cc:155:do_switch$48$rdmux[0][5][2]$b$403
      New ports: A={ 2'01 $memory$auto$proc_rom.cc:155:do_switch$48$rdmux[0][6][5]$a$507 [4] $memory$auto$proc_rom.cc:155:do_switch$48$rdmux[0][6][5]$a$507 [4] 1'0 $memory$auto$proc_rom.cc:155:do_switch$48$rdmux[0][6][5]$a$507 [2] 2'01 }, B={ 3'100 $memory$auto$proc_rom.cc:155:do_switch$48$rdmux[0][6][5]$b$508 [3] $memory$auto$proc_rom.cc:155:do_switch$48$rdmux[0][6][5]$b$508 [3] 1'1 $memory$auto$proc_rom.cc:155:do_switch$48$rdmux[0][6][5]$b$508 [0] $memory$auto$proc_rom.cc:155:do_switch$48$rdmux[0][6][5]$b$508 [0] }, Y={ $memory$auto$proc_rom.cc:155:do_switch$48$rdmux[0][5][2]$b$403 [10] $memory$auto$proc_rom.cc:155:do_switch$48$rdmux[0][5][2]$b$403 [7] $memory$auto$proc_rom.cc:155:do_switch$48$rdmux[0][5][2]$b$403 [5:0] }
      New connections: { $memory$auto$proc_rom.cc:155:do_switch$48$rdmux[0][5][2]$b$403 [11] $memory$auto$proc_rom.cc:155:do_switch$48$rdmux[0][5][2]$b$403 [9:8] $memory$auto$proc_rom.cc:155:do_switch$48$rdmux[0][5][2]$b$403 [6] } = { 1'0 $memory$auto$proc_rom.cc:155:do_switch$48$rdmux[0][5][2]$b$403 [7] $memory$auto$proc_rom.cc:155:do_switch$48$rdmux[0][5][2]$b$403 [7] $memory$auto$proc_rom.cc:155:do_switch$48$rdmux[0][5][2]$b$403 [0] }
    Consolidated identical input bits for $mux cell $memory$auto$proc_rom.cc:155:do_switch$48$rdmux[0][6][4]$503:
      Old ports: A=$memory$auto$proc_rom.cc:155:do_switch$48$rdmux[0][6][4]$a$504, B=$memory$auto$proc_rom.cc:155:do_switch$48$rdmux[0][6][4]$b$505, Y=$memory$auto$proc_rom.cc:155:do_switch$48$rdmux[0][5][2]$a$402
      New ports: A={ 2'00 $memory$auto$proc_rom.cc:155:do_switch$48$rdmux[0][6][4]$a$504 [4] $memory$auto$proc_rom.cc:155:do_switch$48$rdmux[0][6][4]$a$504 [4] 2'11 $memory$auto$proc_rom.cc:155:do_switch$48$rdmux[0][6][4]$a$504 [0] }, B={ $memory$auto$proc_rom.cc:155:do_switch$48$rdmux[0][6][4]$b$505 [4] $memory$auto$proc_rom.cc:155:do_switch$48$rdmux[0][6][4]$b$505 [0] $memory$auto$proc_rom.cc:155:do_switch$48$rdmux[0][6][4]$b$505 [0] $memory$auto$proc_rom.cc:155:do_switch$48$rdmux[0][6][4]$b$505 [4] 1'0 $memory$auto$proc_rom.cc:155:do_switch$48$rdmux[0][6][4]$b$505 [0] $memory$auto$proc_rom.cc:155:do_switch$48$rdmux[0][6][4]$b$505 [0] }, Y={ $memory$auto$proc_rom.cc:155:do_switch$48$rdmux[0][5][2]$a$402 [7:4] $memory$auto$proc_rom.cc:155:do_switch$48$rdmux[0][5][2]$a$402 [2:0] }
      New connections: { $memory$auto$proc_rom.cc:155:do_switch$48$rdmux[0][5][2]$a$402 [11:8] $memory$auto$proc_rom.cc:155:do_switch$48$rdmux[0][5][2]$a$402 [3] } = 5'00111
    Consolidated identical input bits for $mux cell $memory$auto$proc_rom.cc:155:do_switch$48$rdmux[0][6][3]$500:
      Old ports: A=$memory$auto$proc_rom.cc:155:do_switch$48$rdmux[0][6][3]$a$501, B=$memory$auto$proc_rom.cc:155:do_switch$48$rdmux[0][6][3]$b$502, Y=$memory$auto$proc_rom.cc:155:do_switch$48$rdmux[0][5][1]$b$400
      New ports: A={ $memory$auto$proc_rom.cc:155:do_switch$48$rdmux[0][6][3]$a$501 [7] $memory$auto$proc_rom.cc:155:do_switch$48$rdmux[0][6][3]$a$501 [4] 1'0 $memory$auto$proc_rom.cc:155:do_switch$48$rdmux[0][6][3]$a$501 [4] 2'10 }, B={ 1'1 $memory$auto$proc_rom.cc:155:do_switch$48$rdmux[0][6][3]$b$502 [0] 1'1 $memory$auto$proc_rom.cc:155:do_switch$48$rdmux[0][6][3]$b$502 [1] $memory$auto$proc_rom.cc:155:do_switch$48$rdmux[0][6][3]$b$502 [1:0] }, Y={ $memory$auto$proc_rom.cc:155:do_switch$48$rdmux[0][5][1]$b$400 [7:4] $memory$auto$proc_rom.cc:155:do_switch$48$rdmux[0][5][1]$b$400 [1:0] }
      New connections: { $memory$auto$proc_rom.cc:155:do_switch$48$rdmux[0][5][1]$b$400 [11:8] $memory$auto$proc_rom.cc:155:do_switch$48$rdmux[0][5][1]$b$400 [3:2] } = 6'001000
    Consolidated identical input bits for $mux cell $memory$auto$proc_rom.cc:155:do_switch$48$rdmux[0][6][2]$497:
      Old ports: A=$memory$auto$proc_rom.cc:155:do_switch$48$rdmux[0][6][2]$a$498, B=$memory$auto$proc_rom.cc:155:do_switch$48$rdmux[0][6][2]$b$499, Y=$memory$auto$proc_rom.cc:155:do_switch$48$rdmux[0][5][1]$a$399
      New ports: A={ 1'0 $memory$auto$proc_rom.cc:155:do_switch$48$rdmux[0][6][2]$a$498 [6] 2'00 $memory$auto$proc_rom.cc:155:do_switch$48$rdmux[0][6][2]$a$498 [1] $memory$auto$proc_rom.cc:155:do_switch$48$rdmux[0][6][2]$a$498 [1] 1'1 }, B={ $memory$auto$proc_rom.cc:155:do_switch$48$rdmux[0][6][2]$b$499 [1:0] 1'1 $memory$auto$proc_rom.cc:155:do_switch$48$rdmux[0][6][2]$b$499 [0] 1'0 $memory$auto$proc_rom.cc:155:do_switch$48$rdmux[0][6][2]$b$499 [1:0] }, Y={ $memory$auto$proc_rom.cc:155:do_switch$48$rdmux[0][5][1]$a$399 [9] $memory$auto$proc_rom.cc:155:do_switch$48$rdmux[0][5][1]$a$399 [6:4] $memory$auto$proc_rom.cc:155:do_switch$48$rdmux[0][5][1]$a$399 [2:0] }
      New connections: { $memory$auto$proc_rom.cc:155:do_switch$48$rdmux[0][5][1]$a$399 [11:10] $memory$auto$proc_rom.cc:155:do_switch$48$rdmux[0][5][1]$a$399 [8:7] $memory$auto$proc_rom.cc:155:do_switch$48$rdmux[0][5][1]$a$399 [3] } = { 2'00 $memory$auto$proc_rom.cc:155:do_switch$48$rdmux[0][5][1]$a$399 [0] $memory$auto$proc_rom.cc:155:do_switch$48$rdmux[0][5][1]$a$399 [0] $memory$auto$proc_rom.cc:155:do_switch$48$rdmux[0][5][1]$a$399 [2] }
    Consolidated identical input bits for $mux cell $memory$auto$proc_rom.cc:155:do_switch$48$rdmux[0][6][1]$494:
      Old ports: A=$memory$auto$proc_rom.cc:155:do_switch$48$rdmux[0][6][1]$a$495, B=$memory$auto$proc_rom.cc:155:do_switch$48$rdmux[0][6][1]$b$496, Y=$memory$auto$proc_rom.cc:155:do_switch$48$rdmux[0][5][0]$b$397
      New ports: A={ 1'1 $memory$auto$proc_rom.cc:155:do_switch$48$rdmux[0][6][1]$a$495 [1] 1'0 $memory$auto$proc_rom.cc:155:do_switch$48$rdmux[0][6][1]$a$495 [1] 1'1 }, B={ $memory$auto$proc_rom.cc:155:do_switch$48$rdmux[0][6][1]$b$496 [1] $memory$auto$proc_rom.cc:155:do_switch$48$rdmux[0][6][1]$b$496 [5] 1'1 $memory$auto$proc_rom.cc:155:do_switch$48$rdmux[0][6][1]$b$496 [1] 1'0 }, Y={ $memory$auto$proc_rom.cc:155:do_switch$48$rdmux[0][5][0]$b$397 [6:5] $memory$auto$proc_rom.cc:155:do_switch$48$rdmux[0][5][0]$b$397 [2:0] }
      New connections: { $memory$auto$proc_rom.cc:155:do_switch$48$rdmux[0][5][0]$b$397 [11:7] $memory$auto$proc_rom.cc:155:do_switch$48$rdmux[0][5][0]$b$397 [4:3] } = { 3'000 $memory$auto$proc_rom.cc:155:do_switch$48$rdmux[0][5][0]$b$397 [2] $memory$auto$proc_rom.cc:155:do_switch$48$rdmux[0][5][0]$b$397 [0] $memory$auto$proc_rom.cc:155:do_switch$48$rdmux[0][5][0]$b$397 [1] 1'1 }
    Consolidated identical input bits for $mux cell $memory$auto$proc_rom.cc:155:do_switch$48$rdmux[0][6][0]$491:
      Old ports: A=$memory$auto$proc_rom.cc:155:do_switch$48$rdmux[0][6][0]$a$492, B=$memory$auto$proc_rom.cc:155:do_switch$48$rdmux[0][6][0]$b$493, Y=$memory$auto$proc_rom.cc:155:do_switch$48$rdmux[0][5][0]$a$396
      New ports: A={ 1'0 $memory$auto$proc_rom.cc:155:do_switch$48$rdmux[0][6][0]$a$492 [1] 1'0 $memory$auto$proc_rom.cc:155:do_switch$48$rdmux[0][6][0]$a$492 [1] 1'0 }, B={ $memory$auto$proc_rom.cc:155:do_switch$48$rdmux[0][6][0]$b$493 [5] $memory$auto$proc_rom.cc:155:do_switch$48$rdmux[0][6][0]$b$493 [5] 1'1 $memory$auto$proc_rom.cc:155:do_switch$48$rdmux[0][6][0]$b$493 [0] $memory$auto$proc_rom.cc:155:do_switch$48$rdmux[0][6][0]$b$493 [0] }, Y={ $memory$auto$proc_rom.cc:155:do_switch$48$rdmux[0][5][0]$a$396 [6:5] $memory$auto$proc_rom.cc:155:do_switch$48$rdmux[0][5][0]$a$396 [2:0] }
      New connections: { $memory$auto$proc_rom.cc:155:do_switch$48$rdmux[0][5][0]$a$396 [11:7] $memory$auto$proc_rom.cc:155:do_switch$48$rdmux[0][5][0]$a$396 [4:3] } = { 4'0000 $memory$auto$proc_rom.cc:155:do_switch$48$rdmux[0][5][0]$a$396 [0] $memory$auto$proc_rom.cc:155:do_switch$48$rdmux[0][5][0]$a$396 [1] 1'0 }
  Optimizing cells in module \one_bit_synth.
    Consolidated identical input bits for $mux cell $memory$auto$proc_rom.cc:155:do_switch$48$rdmux[0][5][31]$488:
      Old ports: A=$memory$auto$proc_rom.cc:155:do_switch$48$rdmux[0][5][31]$a$489, B=$memory$auto$proc_rom.cc:155:do_switch$48$rdmux[0][5][31]$b$490, Y=$memory$auto$proc_rom.cc:155:do_switch$48$rdmux[0][4][15]$b$394
      New ports: A={ $memory$auto$proc_rom.cc:155:do_switch$48$rdmux[0][5][31]$a$489 [8:7] $memory$auto$proc_rom.cc:155:do_switch$48$rdmux[0][5][31]$a$489 [4] $memory$auto$proc_rom.cc:155:do_switch$48$rdmux[0][5][31]$a$489 [5:4] 1'0 $memory$auto$proc_rom.cc:155:do_switch$48$rdmux[0][5][31]$a$489 [2:0] }, B={ 1'1 $memory$auto$proc_rom.cc:155:do_switch$48$rdmux[0][5][31]$b$490 [7:6] $memory$auto$proc_rom.cc:155:do_switch$48$rdmux[0][5][31]$b$490 [0] $memory$auto$proc_rom.cc:155:do_switch$48$rdmux[0][5][31]$b$490 [4:0] }, Y=$memory$auto$proc_rom.cc:155:do_switch$48$rdmux[0][4][15]$b$394 [8:0]
      New connections: $memory$auto$proc_rom.cc:155:do_switch$48$rdmux[0][4][15]$b$394 [11:9] = 3'111
    Consolidated identical input bits for $mux cell $memory$auto$proc_rom.cc:155:do_switch$48$rdmux[0][5][30]$485:
      Old ports: A=$memory$auto$proc_rom.cc:155:do_switch$48$rdmux[0][5][30]$a$486, B=$memory$auto$proc_rom.cc:155:do_switch$48$rdmux[0][5][30]$b$487, Y=$memory$auto$proc_rom.cc:155:do_switch$48$rdmux[0][4][15]$a$393
      New ports: A={ 1'0 $memory$auto$proc_rom.cc:155:do_switch$48$rdmux[0][5][30]$a$486 [1] $memory$auto$proc_rom.cc:155:do_switch$48$rdmux[0][5][30]$a$486 [7:4] $memory$auto$proc_rom.cc:155:do_switch$48$rdmux[0][5][30]$a$486 [1:0] }, B={ $memory$auto$proc_rom.cc:155:do_switch$48$rdmux[0][5][30]$b$487 [0] $memory$auto$proc_rom.cc:155:do_switch$48$rdmux[0][5][30]$b$487 [7] $memory$auto$proc_rom.cc:155:do_switch$48$rdmux[0][5][30]$b$487 [7:4] 1'1 $memory$auto$proc_rom.cc:155:do_switch$48$rdmux[0][5][30]$b$487 [0] }, Y={ $memory$auto$proc_rom.cc:155:do_switch$48$rdmux[0][4][15]$a$393 [9:4] $memory$auto$proc_rom.cc:155:do_switch$48$rdmux[0][4][15]$a$393 [1:0] }
      New connections: { $memory$auto$proc_rom.cc:155:do_switch$48$rdmux[0][4][15]$a$393 [11:10] $memory$auto$proc_rom.cc:155:do_switch$48$rdmux[0][4][15]$a$393 [3:2] } = { 2'11 $memory$auto$proc_rom.cc:155:do_switch$48$rdmux[0][4][15]$a$393 [1] $memory$auto$proc_rom.cc:155:do_switch$48$rdmux[0][4][15]$a$393 [1] }
    Consolidated identical input bits for $mux cell $memory$auto$proc_rom.cc:155:do_switch$48$rdmux[0][5][29]$482:
      Old ports: A=$memory$auto$proc_rom.cc:155:do_switch$48$rdmux[0][5][29]$a$483, B=$memory$auto$proc_rom.cc:155:do_switch$48$rdmux[0][5][29]$b$484, Y=$memory$auto$proc_rom.cc:155:do_switch$48$rdmux[0][4][14]$b$391
      New ports: A={ $memory$auto$proc_rom.cc:155:do_switch$48$rdmux[0][5][29]$a$483 [10] $memory$auto$proc_rom.cc:155:do_switch$48$rdmux[0][5][29]$a$483 [7] $memory$auto$proc_rom.cc:155:do_switch$48$rdmux[0][5][29]$a$483 [7:4] $memory$auto$proc_rom.cc:155:do_switch$48$rdmux[0][5][29]$a$483 [0] $memory$auto$proc_rom.cc:155:do_switch$48$rdmux[0][5][29]$a$483 [2:0] }, B={ 2'10 $memory$auto$proc_rom.cc:155:do_switch$48$rdmux[0][5][29]$b$484 [7:6] $memory$auto$proc_rom.cc:155:do_switch$48$rdmux[0][5][29]$b$484 [3] $memory$auto$proc_rom.cc:155:do_switch$48$rdmux[0][5][29]$b$484 [0] $memory$auto$proc_rom.cc:155:do_switch$48$rdmux[0][5][29]$b$484 [3:0] }, Y={ $memory$auto$proc_rom.cc:155:do_switch$48$rdmux[0][4][14]$b$391 [10] $memory$auto$proc_rom.cc:155:do_switch$48$rdmux[0][4][14]$b$391 [8:0] }
      New connections: { $memory$auto$proc_rom.cc:155:do_switch$48$rdmux[0][4][14]$b$391 [11] $memory$auto$proc_rom.cc:155:do_switch$48$rdmux[0][4][14]$b$391 [9] } = { 1'1 $memory$auto$proc_rom.cc:155:do_switch$48$rdmux[0][4][14]$b$391 [8] }
    Consolidated identical input bits for $mux cell $memory$auto$proc_rom.cc:155:do_switch$48$rdmux[0][5][28]$479:
      Old ports: A=$memory$auto$proc_rom.cc:155:do_switch$48$rdmux[0][5][28]$a$480, B=$memory$auto$proc_rom.cc:155:do_switch$48$rdmux[0][5][28]$b$481, Y=$memory$auto$proc_rom.cc:155:do_switch$48$rdmux[0][4][14]$a$390
      New ports: A={ 1'0 $memory$auto$proc_rom.cc:155:do_switch$48$rdmux[0][5][28]$a$480 [7:5] $memory$auto$proc_rom.cc:155:do_switch$48$rdmux[0][5][28]$a$480 [3] $memory$auto$proc_rom.cc:155:do_switch$48$rdmux[0][5][28]$a$480 [3:1] }, B={ $memory$auto$proc_rom.cc:155:do_switch$48$rdmux[0][5][28]$b$481 [8:3] 2'10 }, Y=$memory$auto$proc_rom.cc:155:do_switch$48$rdmux[0][4][14]$a$390 [8:1]
      New connections: { $memory$auto$proc_rom.cc:155:do_switch$48$rdmux[0][4][14]$a$390 [11:9] $memory$auto$proc_rom.cc:155:do_switch$48$rdmux[0][4][14]$a$390 [0] } = 4'1011
    Consolidated identical input bits for $mux cell $memory$auto$proc_rom.cc:155:do_switch$48$rdmux[0][5][27]$476:
      Old ports: A=$memory$auto$proc_rom.cc:155:do_switch$48$rdmux[0][5][27]$a$477, B=$memory$auto$proc_rom.cc:155:do_switch$48$rdmux[0][5][27]$b$478, Y=$memory$auto$proc_rom.cc:155:do_switch$48$rdmux[0][4][13]$b$388
      New ports: A={ 1'1 $memory$auto$proc_rom.cc:155:do_switch$48$rdmux[0][5][27]$a$477 [7:5] $memory$auto$proc_rom.cc:155:do_switch$48$rdmux[0][5][27]$a$477 [3:1] 1'0 }, B={ $memory$auto$proc_rom.cc:155:do_switch$48$rdmux[0][5][27]$b$478 [6] $memory$auto$proc_rom.cc:155:do_switch$48$rdmux[0][5][27]$b$478 [6] $memory$auto$proc_rom.cc:155:do_switch$48$rdmux[0][5][27]$b$478 [6:5] 1'0 $memory$auto$proc_rom.cc:155:do_switch$48$rdmux[0][5][27]$b$478 [2:0] }, Y={ $memory$auto$proc_rom.cc:155:do_switch$48$rdmux[0][4][13]$b$388 [8:5] $memory$auto$proc_rom.cc:155:do_switch$48$rdmux[0][4][13]$b$388 [3:0] }
      New connections: { $memory$auto$proc_rom.cc:155:do_switch$48$rdmux[0][4][13]$b$388 [11:9] $memory$auto$proc_rom.cc:155:do_switch$48$rdmux[0][4][13]$b$388 [4] } = { 2'10 $memory$auto$proc_rom.cc:155:do_switch$48$rdmux[0][4][13]$b$388 [0] 1'1 }
    Consolidated identical input bits for $mux cell $memory$auto$proc_rom.cc:155:do_switch$48$rdmux[0][5][26]$473:
      Old ports: A=$memory$auto$proc_rom.cc:155:do_switch$48$rdmux[0][5][26]$a$474, B=$memory$auto$proc_rom.cc:155:do_switch$48$rdmux[0][5][26]$b$475, Y=$memory$auto$proc_rom.cc:155:do_switch$48$rdmux[0][4][13]$a$387
      New ports: A={ 2'01 $memory$auto$proc_rom.cc:155:do_switch$48$rdmux[0][5][26]$a$474 [6:0] }, B={ $memory$auto$proc_rom.cc:155:do_switch$48$rdmux[0][5][26]$b$475 [8] $memory$auto$proc_rom.cc:155:do_switch$48$rdmux[0][5][26]$b$475 [6] $memory$auto$proc_rom.cc:155:do_switch$48$rdmux[0][5][26]$b$475 [6:2] $memory$auto$proc_rom.cc:155:do_switch$48$rdmux[0][5][26]$b$475 [0] $memory$auto$proc_rom.cc:155:do_switch$48$rdmux[0][5][26]$b$475 [0] }, Y=$memory$auto$proc_rom.cc:155:do_switch$48$rdmux[0][4][13]$a$387 [8:0]
      New connections: $memory$auto$proc_rom.cc:155:do_switch$48$rdmux[0][4][13]$a$387 [11:9] = 3'100
    Consolidated identical input bits for $mux cell $memory$auto$proc_rom.cc:155:do_switch$48$rdmux[0][5][25]$470:
      Old ports: A=$memory$auto$proc_rom.cc:155:do_switch$48$rdmux[0][5][25]$a$471, B=$memory$auto$proc_rom.cc:155:do_switch$48$rdmux[0][5][25]$b$472, Y=$memory$auto$proc_rom.cc:155:do_switch$48$rdmux[0][4][12]$b$385
      New ports: A={ 1'0 $memory$auto$proc_rom.cc:155:do_switch$48$rdmux[0][5][25]$a$471 [6:0] }, B={ $memory$auto$proc_rom.cc:155:do_switch$48$rdmux[0][5][25]$b$472 [1] $memory$auto$proc_rom.cc:155:do_switch$48$rdmux[0][5][25]$b$472 [6:5] $memory$auto$proc_rom.cc:155:do_switch$48$rdmux[0][5][25]$b$472 [0] 2'10 $memory$auto$proc_rom.cc:155:do_switch$48$rdmux[0][5][25]$b$472 [1:0] }, Y=$memory$auto$proc_rom.cc:155:do_switch$48$rdmux[0][4][12]$b$385 [7:0]
      New connections: $memory$auto$proc_rom.cc:155:do_switch$48$rdmux[0][4][12]$b$385 [11:8] = 4'1000
    Consolidated identical input bits for $mux cell $memory$auto$proc_rom.cc:155:do_switch$48$rdmux[0][5][24]$467:
      Old ports: A=$memory$auto$proc_rom.cc:155:do_switch$48$rdmux[0][5][24]$a$468, B=$memory$auto$proc_rom.cc:155:do_switch$48$rdmux[0][5][24]$b$469, Y=$memory$auto$proc_rom.cc:155:do_switch$48$rdmux[0][4][12]$a$384
      New ports: A={ 2'00 $memory$auto$proc_rom.cc:155:do_switch$48$rdmux[0][5][24]$a$468 [2:0] }, B={ $memory$auto$proc_rom.cc:155:do_switch$48$rdmux[0][5][24]$b$469 [4:2] $memory$auto$proc_rom.cc:155:do_switch$48$rdmux[0][5][24]$b$469 [0] $memory$auto$proc_rom.cc:155:do_switch$48$rdmux[0][5][24]$b$469 [0] }, Y=$memory$auto$proc_rom.cc:155:do_switch$48$rdmux[0][4][12]$a$384 [4:0]
      New connections: $memory$auto$proc_rom.cc:155:do_switch$48$rdmux[0][4][12]$a$384 [11:5] = 7'1000000
    Consolidated identical input bits for $mux cell $memory$auto$proc_rom.cc:155:do_switch$48$rdmux[0][5][23]$464:
      Old ports: A=$memory$auto$proc_rom.cc:155:do_switch$48$rdmux[0][5][23]$a$465, B=$memory$auto$proc_rom.cc:155:do_switch$48$rdmux[0][5][23]$b$466, Y=$memory$auto$proc_rom.cc:155:do_switch$48$rdmux[0][4][11]$b$382
      New ports: A={ $memory$auto$proc_rom.cc:155:do_switch$48$rdmux[0][5][23]$a$465 [5:3] $memory$auto$proc_rom.cc:155:do_switch$48$rdmux[0][5][23]$a$465 [0] $memory$auto$proc_rom.cc:155:do_switch$48$rdmux[0][5][23]$a$465 [0] $memory$auto$proc_rom.cc:155:do_switch$48$rdmux[0][5][23]$a$465 [0] }, B={ 2'00 $memory$auto$proc_rom.cc:155:do_switch$48$rdmux[0][5][23]$b$466 [3:2] 1'1 $memory$auto$proc_rom.cc:155:do_switch$48$rdmux[0][5][23]$b$466 [0] }, Y=$memory$auto$proc_rom.cc:155:do_switch$48$rdmux[0][4][11]$b$382 [5:0]
      New connections: $memory$auto$proc_rom.cc:155:do_switch$48$rdmux[0][4][11]$b$382 [11:6] = 6'100000
    Consolidated identical input bits for $mux cell $memory$auto$proc_rom.cc:155:do_switch$48$rdmux[0][5][22]$461:
      Old ports: A=$memory$auto$proc_rom.cc:155:do_switch$48$rdmux[0][5][22]$a$462, B=$memory$auto$proc_rom.cc:155:do_switch$48$rdmux[0][5][22]$b$463, Y=$memory$auto$proc_rom.cc:155:do_switch$48$rdmux[0][4][11]$a$381
      New ports: A={ $memory$auto$proc_rom.cc:155:do_switch$48$rdmux[0][5][22]$a$462 [7] $memory$auto$proc_rom.cc:155:do_switch$48$rdmux[0][5][22]$a$462 [5] $memory$auto$proc_rom.cc:155:do_switch$48$rdmux[0][5][22]$a$462 [5] $memory$auto$proc_rom.cc:155:do_switch$48$rdmux[0][5][22]$a$462 [0] 1'1 $memory$auto$proc_rom.cc:155:do_switch$48$rdmux[0][5][22]$a$462 [2:0] }, B={ 1'0 $memory$auto$proc_rom.cc:155:do_switch$48$rdmux[0][5][22]$b$463 [6:0] }, Y=$memory$auto$proc_rom.cc:155:do_switch$48$rdmux[0][4][11]$a$381 [7:0]
      New connections: $memory$auto$proc_rom.cc:155:do_switch$48$rdmux[0][4][11]$a$381 [11:8] = 4'1000
    Consolidated identical input bits for $mux cell $memory$auto$proc_rom.cc:155:do_switch$48$rdmux[0][5][21]$458:
      Old ports: A=$memory$auto$proc_rom.cc:155:do_switch$48$rdmux[0][5][21]$a$459, B=$memory$auto$proc_rom.cc:155:do_switch$48$rdmux[0][5][21]$b$460, Y=$memory$auto$proc_rom.cc:155:do_switch$48$rdmux[0][4][10]$b$379
      New ports: A={ 2'10 $memory$auto$proc_rom.cc:155:do_switch$48$rdmux[0][5][21]$a$459 [6] $memory$auto$proc_rom.cc:155:do_switch$48$rdmux[0][5][21]$a$459 [2] $memory$auto$proc_rom.cc:155:do_switch$48$rdmux[0][5][21]$a$459 [4] $memory$auto$proc_rom.cc:155:do_switch$48$rdmux[0][5][21]$a$459 [1] $memory$auto$proc_rom.cc:155:do_switch$48$rdmux[0][5][21]$a$459 [2:0] }, B={ 2'01 $memory$auto$proc_rom.cc:155:do_switch$48$rdmux[0][5][21]$b$460 [6] $memory$auto$proc_rom.cc:155:do_switch$48$rdmux[0][5][21]$b$460 [0] $memory$auto$proc_rom.cc:155:do_switch$48$rdmux[0][5][21]$b$460 [4:0] }, Y=$memory$auto$proc_rom.cc:155:do_switch$48$rdmux[0][4][10]$b$379 [8:0]
      New connections: $memory$auto$proc_rom.cc:155:do_switch$48$rdmux[0][4][10]$b$379 [11:9] = 3'100
    Consolidated identical input bits for $mux cell $memory$auto$proc_rom.cc:155:do_switch$48$rdmux[0][5][20]$455:
      Old ports: A=$memory$auto$proc_rom.cc:155:do_switch$48$rdmux[0][5][20]$a$456, B=$memory$auto$proc_rom.cc:155:do_switch$48$rdmux[0][5][20]$b$457, Y=$memory$auto$proc_rom.cc:155:do_switch$48$rdmux[0][4][10]$a$378
      New ports: A={ $memory$auto$proc_rom.cc:155:do_switch$48$rdmux[0][5][20]$a$456 [7] $memory$auto$proc_rom.cc:155:do_switch$48$rdmux[0][5][20]$a$456 [7:5] $memory$auto$proc_rom.cc:155:do_switch$48$rdmux[0][5][20]$a$456 [3:0] }, B={ 1'1 $memory$auto$proc_rom.cc:155:do_switch$48$rdmux[0][5][20]$b$457 [7:5] 1'0 $memory$auto$proc_rom.cc:155:do_switch$48$rdmux[0][5][20]$b$457 [2:1] 1'0 }, Y={ $memory$auto$proc_rom.cc:155:do_switch$48$rdmux[0][4][10]$a$378 [8:5] $memory$auto$proc_rom.cc:155:do_switch$48$rdmux[0][4][10]$a$378 [3:0] }
      New connections: { $memory$auto$proc_rom.cc:155:do_switch$48$rdmux[0][4][10]$a$378 [11:9] $memory$auto$proc_rom.cc:155:do_switch$48$rdmux[0][4][10]$a$378 [4] } = { 2'10 $memory$auto$proc_rom.cc:155:do_switch$48$rdmux[0][4][10]$a$378 [0] 1'1 }
    Consolidated identical input bits for $mux cell $memory$auto$proc_rom.cc:155:do_switch$48$rdmux[0][5][19]$452:
      Old ports: A=$memory$auto$proc_rom.cc:155:do_switch$48$rdmux[0][5][19]$a$453, B=$memory$auto$proc_rom.cc:155:do_switch$48$rdmux[0][5][19]$b$454, Y=$memory$auto$proc_rom.cc:155:do_switch$48$rdmux[0][4][9]$b$376
      New ports: A={ 1'1 $memory$auto$proc_rom.cc:155:do_switch$48$rdmux[0][5][19]$a$453 [1] $memory$auto$proc_rom.cc:155:do_switch$48$rdmux[0][5][19]$a$453 [6:3] 1'1 $memory$auto$proc_rom.cc:155:do_switch$48$rdmux[0][5][19]$a$453 [1] }, B={ 1'0 $memory$auto$proc_rom.cc:155:do_switch$48$rdmux[0][5][19]$b$454 [7] $memory$auto$proc_rom.cc:155:do_switch$48$rdmux[0][5][19]$b$454 [2] $memory$auto$proc_rom.cc:155:do_switch$48$rdmux[0][5][19]$b$454 [5:1] }, Y=$memory$auto$proc_rom.cc:155:do_switch$48$rdmux[0][4][9]$b$376 [8:1]
      New connections: { $memory$auto$proc_rom.cc:155:do_switch$48$rdmux[0][4][9]$b$376 [11:9] $memory$auto$proc_rom.cc:155:do_switch$48$rdmux[0][4][9]$b$376 [0] } = 4'1011
    Consolidated identical input bits for $mux cell $memory$auto$proc_rom.cc:155:do_switch$48$rdmux[0][5][18]$449:
      Old ports: A=$memory$auto$proc_rom.cc:155:do_switch$48$rdmux[0][5][18]$a$450, B=$memory$auto$proc_rom.cc:155:do_switch$48$rdmux[0][5][18]$b$451, Y=$memory$auto$proc_rom.cc:155:do_switch$48$rdmux[0][4][9]$a$375
      New ports: A={ 2'10 $memory$auto$proc_rom.cc:155:do_switch$48$rdmux[0][5][18]$a$450 [7:5] $memory$auto$proc_rom.cc:155:do_switch$48$rdmux[0][5][18]$a$450 [0] $memory$auto$proc_rom.cc:155:do_switch$48$rdmux[0][5][18]$a$450 [3:0] }, B={ $memory$auto$proc_rom.cc:155:do_switch$48$rdmux[0][5][18]$b$451 [1] $memory$auto$proc_rom.cc:155:do_switch$48$rdmux[0][5][18]$b$451 [7] $memory$auto$proc_rom.cc:155:do_switch$48$rdmux[0][5][18]$b$451 [7:4] $memory$auto$proc_rom.cc:155:do_switch$48$rdmux[0][5][18]$b$451 [0] $memory$auto$proc_rom.cc:155:do_switch$48$rdmux[0][5][18]$b$451 [2:0] }, Y={ $memory$auto$proc_rom.cc:155:do_switch$48$rdmux[0][4][9]$a$375 [10] $memory$auto$proc_rom.cc:155:do_switch$48$rdmux[0][4][9]$a$375 [8:0] }
      New connections: { $memory$auto$proc_rom.cc:155:do_switch$48$rdmux[0][4][9]$a$375 [11] $memory$auto$proc_rom.cc:155:do_switch$48$rdmux[0][4][9]$a$375 [9] } = { 1'1 $memory$auto$proc_rom.cc:155:do_switch$48$rdmux[0][4][9]$a$375 [8] }
    Consolidated identical input bits for $mux cell $memory$auto$proc_rom.cc:155:do_switch$48$rdmux[0][5][17]$446:
      Old ports: A=$memory$auto$proc_rom.cc:155:do_switch$48$rdmux[0][5][17]$a$447, B=$memory$auto$proc_rom.cc:155:do_switch$48$rdmux[0][5][17]$b$448, Y=$memory$auto$proc_rom.cc:155:do_switch$48$rdmux[0][4][8]$b$373
      New ports: A={ $memory$auto$proc_rom.cc:155:do_switch$48$rdmux[0][5][17]$a$447 [0] $memory$auto$proc_rom.cc:155:do_switch$48$rdmux[0][5][17]$a$447 [7] $memory$auto$proc_rom.cc:155:do_switch$48$rdmux[0][5][17]$a$447 [7:4] $memory$auto$proc_rom.cc:155:do_switch$48$rdmux[0][5][17]$a$447 [1:0] }, B={ 2'01 $memory$auto$proc_rom.cc:155:do_switch$48$rdmux[0][5][17]$b$448 [7:4] 1'1 $memory$auto$proc_rom.cc:155:do_switch$48$rdmux[0][5][17]$b$448 [0] }, Y={ $memory$auto$proc_rom.cc:155:do_switch$48$rdmux[0][4][8]$b$373 [9:4] $memory$auto$proc_rom.cc:155:do_switch$48$rdmux[0][4][8]$b$373 [1:0] }
      New connections: { $memory$auto$proc_rom.cc:155:do_switch$48$rdmux[0][4][8]$b$373 [11:10] $memory$auto$proc_rom.cc:155:do_switch$48$rdmux[0][4][8]$b$373 [3:2] } = { 2'11 $memory$auto$proc_rom.cc:155:do_switch$48$rdmux[0][4][8]$b$373 [1] $memory$auto$proc_rom.cc:155:do_switch$48$rdmux[0][4][8]$b$373 [1] }
    Consolidated identical input bits for $mux cell $memory$auto$proc_rom.cc:155:do_switch$48$rdmux[0][5][16]$443:
      Old ports: A=$memory$auto$proc_rom.cc:155:do_switch$48$rdmux[0][5][16]$a$444, B=$memory$auto$proc_rom.cc:155:do_switch$48$rdmux[0][5][16]$b$445, Y=$memory$auto$proc_rom.cc:155:do_switch$48$rdmux[0][4][8]$a$372
      New ports: A={ $memory$auto$proc_rom.cc:155:do_switch$48$rdmux[0][5][16]$a$444 [3] $memory$auto$proc_rom.cc:155:do_switch$48$rdmux[0][5][16]$a$444 [3:2] $memory$auto$proc_rom.cc:155:do_switch$48$rdmux[0][5][16]$a$444 [6] $memory$auto$proc_rom.cc:155:do_switch$48$rdmux[0][5][16]$a$444 [0] $memory$auto$proc_rom.cc:155:do_switch$48$rdmux[0][5][16]$a$444 [4:0] }, B={ 1'1 $memory$auto$proc_rom.cc:155:do_switch$48$rdmux[0][5][16]$b$445 [0] $memory$auto$proc_rom.cc:155:do_switch$48$rdmux[0][5][16]$b$445 [7:6] $memory$auto$proc_rom.cc:155:do_switch$48$rdmux[0][5][16]$b$445 [1] $memory$auto$proc_rom.cc:155:do_switch$48$rdmux[0][5][16]$b$445 [4] 1'0 $memory$auto$proc_rom.cc:155:do_switch$48$rdmux[0][5][16]$b$445 [2:0] }, Y=$memory$auto$proc_rom.cc:155:do_switch$48$rdmux[0][4][8]$a$372 [9:0]
      New connections: $memory$auto$proc_rom.cc:155:do_switch$48$rdmux[0][4][8]$a$372 [11:10] = { $memory$auto$proc_rom.cc:155:do_switch$48$rdmux[0][4][8]$a$372 [9] $memory$auto$proc_rom.cc:155:do_switch$48$rdmux[0][4][8]$a$372 [9] }
    Consolidated identical input bits for $mux cell $memory$auto$proc_rom.cc:155:do_switch$48$rdmux[0][5][15]$440:
      Old ports: A=$memory$auto$proc_rom.cc:155:do_switch$48$rdmux[0][5][15]$a$441, B=$memory$auto$proc_rom.cc:155:do_switch$48$rdmux[0][5][15]$b$442, Y=$memory$auto$proc_rom.cc:155:do_switch$48$rdmux[0][4][7]$b$370
      New ports: A={ $memory$auto$proc_rom.cc:155:do_switch$48$rdmux[0][5][15]$a$441 [2] $memory$auto$proc_rom.cc:155:do_switch$48$rdmux[0][5][15]$a$441 [4] $memory$auto$proc_rom.cc:155:do_switch$48$rdmux[0][5][15]$a$441 [5:4] 1'1 $memory$auto$proc_rom.cc:155:do_switch$48$rdmux[0][5][15]$a$441 [2:0] }, B={ 1'0 $memory$auto$proc_rom.cc:155:do_switch$48$rdmux[0][5][15]$b$442 [6:5] $memory$auto$proc_rom.cc:155:do_switch$48$rdmux[0][5][15]$b$442 [1] $memory$auto$proc_rom.cc:155:do_switch$48$rdmux[0][5][15]$b$442 [3:0] }, Y={ $memory$auto$proc_rom.cc:155:do_switch$48$rdmux[0][4][7]$b$370 [8] $memory$auto$proc_rom.cc:155:do_switch$48$rdmux[0][4][7]$b$370 [6:0] }
      New connections: { $memory$auto$proc_rom.cc:155:do_switch$48$rdmux[0][4][7]$b$370 [11:9] $memory$auto$proc_rom.cc:155:do_switch$48$rdmux[0][4][7]$b$370 [7] } = { 3'000 $memory$auto$proc_rom.cc:155:do_switch$48$rdmux[0][4][7]$b$370 [0] }
    Consolidated identical input bits for $mux cell $memory$auto$proc_rom.cc:155:do_switch$48$rdmux[0][5][14]$437:
      Old ports: A=$memory$auto$proc_rom.cc:155:do_switch$48$rdmux[0][5][14]$a$438, B=$memory$auto$proc_rom.cc:155:do_switch$48$rdmux[0][5][14]$b$439, Y=$memory$auto$proc_rom.cc:155:do_switch$48$rdmux[0][4][7]$a$369
      New ports: A={ 1'1 $memory$auto$proc_rom.cc:155:do_switch$48$rdmux[0][5][14]$a$438 [2] $memory$auto$proc_rom.cc:155:do_switch$48$rdmux[0][5][14]$a$438 [7:4] $memory$auto$proc_rom.cc:155:do_switch$48$rdmux[0][5][14]$a$438 [2:0] }, B={ $memory$auto$proc_rom.cc:155:do_switch$48$rdmux[0][5][14]$b$439 [1:0] $memory$auto$proc_rom.cc:155:do_switch$48$rdmux[0][5][14]$b$439 [0] $memory$auto$proc_rom.cc:155:do_switch$48$rdmux[0][5][14]$b$439 [6:4] 1'0 $memory$auto$proc_rom.cc:155:do_switch$48$rdmux[0][5][14]$b$439 [1:0] }, Y={ $memory$auto$proc_rom.cc:155:do_switch$48$rdmux[0][4][7]$a$369 [9:4] $memory$auto$proc_rom.cc:155:do_switch$48$rdmux[0][4][7]$a$369 [2:0] }
      New connections: { $memory$auto$proc_rom.cc:155:do_switch$48$rdmux[0][4][7]$a$369 [11:10] $memory$auto$proc_rom.cc:155:do_switch$48$rdmux[0][4][7]$a$369 [3] } = { 2'00 $memory$auto$proc_rom.cc:155:do_switch$48$rdmux[0][4][7]$a$369 [2] }
    Consolidated identical input bits for $mux cell $memory$auto$proc_rom.cc:155:do_switch$48$rdmux[0][5][13]$434:
      Old ports: A=$memory$auto$proc_rom.cc:155:do_switch$48$rdmux[0][5][13]$a$435, B=$memory$auto$proc_rom.cc:155:do_switch$48$rdmux[0][5][13]$b$436, Y=$memory$auto$proc_rom.cc:155:do_switch$48$rdmux[0][4][6]$b$367
      New ports: A={ $memory$auto$proc_rom.cc:155:do_switch$48$rdmux[0][5][13]$a$435 [10] $memory$auto$proc_rom.cc:155:do_switch$48$rdmux[0][5][13]$a$435 [7] $memory$auto$proc_rom.cc:155:do_switch$48$rdmux[0][5][13]$a$435 [7] $memory$auto$proc_rom.cc:155:do_switch$48$rdmux[0][5][13]$a$435 [5:0] }, B={ 2'01 $memory$auto$proc_rom.cc:155:do_switch$48$rdmux[0][5][13]$b$436 [7] $memory$auto$proc_rom.cc:155:do_switch$48$rdmux[0][5][13]$b$436 [1] $memory$auto$proc_rom.cc:155:do_switch$48$rdmux[0][5][13]$b$436 [4:0] }, Y={ $memory$auto$proc_rom.cc:155:do_switch$48$rdmux[0][4][6]$b$367 [10] $memory$auto$proc_rom.cc:155:do_switch$48$rdmux[0][4][6]$b$367 [8:7] $memory$auto$proc_rom.cc:155:do_switch$48$rdmux[0][4][6]$b$367 [5:0] }
      New connections: { $memory$auto$proc_rom.cc:155:do_switch$48$rdmux[0][4][6]$b$367 [11] $memory$auto$proc_rom.cc:155:do_switch$48$rdmux[0][4][6]$b$367 [9] $memory$auto$proc_rom.cc:155:do_switch$48$rdmux[0][4][6]$b$367 [6] } = { 1'0 $memory$auto$proc_rom.cc:155:do_switch$48$rdmux[0][4][6]$b$367 [8] $memory$auto$proc_rom.cc:155:do_switch$48$rdmux[0][4][6]$b$367 [0] }
    Consolidated identical input bits for $mux cell $memory$auto$proc_rom.cc:155:do_switch$48$rdmux[0][5][12]$431:
      Old ports: A=$memory$auto$proc_rom.cc:155:do_switch$48$rdmux[0][5][12]$a$432, B=$memory$auto$proc_rom.cc:155:do_switch$48$rdmux[0][5][12]$b$433, Y=$memory$auto$proc_rom.cc:155:do_switch$48$rdmux[0][4][6]$a$366
      New ports: A={ 1'1 $memory$auto$proc_rom.cc:155:do_switch$48$rdmux[0][5][12]$a$432 [7:5] $memory$auto$proc_rom.cc:155:do_switch$48$rdmux[0][5][12]$a$432 [3] $memory$auto$proc_rom.cc:155:do_switch$48$rdmux[0][5][12]$a$432 [3:1] }, B={ $memory$auto$proc_rom.cc:155:do_switch$48$rdmux[0][5][12]$b$433 [8:3] 2'01 }, Y=$memory$auto$proc_rom.cc:155:do_switch$48$rdmux[0][4][6]$a$366 [8:1]
      New connections: { $memory$auto$proc_rom.cc:155:do_switch$48$rdmux[0][4][6]$a$366 [11:9] $memory$auto$proc_rom.cc:155:do_switch$48$rdmux[0][4][6]$a$366 [0] } = 4'0101
    Consolidated identical input bits for $mux cell $memory$auto$proc_rom.cc:155:do_switch$48$rdmux[0][5][11]$428:
      Old ports: A=$memory$auto$proc_rom.cc:155:do_switch$48$rdmux[0][5][11]$a$429, B=$memory$auto$proc_rom.cc:155:do_switch$48$rdmux[0][5][11]$b$430, Y=$memory$auto$proc_rom.cc:155:do_switch$48$rdmux[0][4][5]$b$364
      New ports: A={ 1'1 $memory$auto$proc_rom.cc:155:do_switch$48$rdmux[0][5][11]$a$429 [7:5] $memory$auto$proc_rom.cc:155:do_switch$48$rdmux[0][5][11]$a$429 [3:1] 1'0 }, B={ $memory$auto$proc_rom.cc:155:do_switch$48$rdmux[0][5][11]$b$430 [9] $memory$auto$proc_rom.cc:155:do_switch$48$rdmux[0][5][11]$b$430 [0] $memory$auto$proc_rom.cc:155:do_switch$48$rdmux[0][5][11]$b$430 [0] $memory$auto$proc_rom.cc:155:do_switch$48$rdmux[0][5][11]$b$430 [5] 1'1 $memory$auto$proc_rom.cc:155:do_switch$48$rdmux[0][5][11]$b$430 [2:0] }, Y={ $memory$auto$proc_rom.cc:155:do_switch$48$rdmux[0][4][5]$b$364 [9] $memory$auto$proc_rom.cc:155:do_switch$48$rdmux[0][4][5]$b$364 [7:5] $memory$auto$proc_rom.cc:155:do_switch$48$rdmux[0][4][5]$b$364 [3:0] }
      New connections: { $memory$auto$proc_rom.cc:155:do_switch$48$rdmux[0][4][5]$b$364 [11:10] $memory$auto$proc_rom.cc:155:do_switch$48$rdmux[0][4][5]$b$364 [8] $memory$auto$proc_rom.cc:155:do_switch$48$rdmux[0][4][5]$b$364 [4] } = { 2'01 $memory$auto$proc_rom.cc:155:do_switch$48$rdmux[0][4][5]$b$364 [0] 1'0 }
    Consolidated identical input bits for $mux cell $memory$auto$proc_rom.cc:155:do_switch$48$rdmux[0][5][10]$425:
      Old ports: A=$memory$auto$proc_rom.cc:155:do_switch$48$rdmux[0][5][10]$a$426, B=$memory$auto$proc_rom.cc:155:do_switch$48$rdmux[0][5][10]$b$427, Y=$memory$auto$proc_rom.cc:155:do_switch$48$rdmux[0][4][5]$a$363
      New ports: A={ 2'10 $memory$auto$proc_rom.cc:155:do_switch$48$rdmux[0][5][10]$a$426 [0] $memory$auto$proc_rom.cc:155:do_switch$48$rdmux[0][5][10]$a$426 [5:0] }, B={ $memory$auto$proc_rom.cc:155:do_switch$48$rdmux[0][5][10]$b$427 [8] $memory$auto$proc_rom.cc:155:do_switch$48$rdmux[0][5][10]$b$427 [6] $memory$auto$proc_rom.cc:155:do_switch$48$rdmux[0][5][10]$b$427 [6:2] 1'0 $memory$auto$proc_rom.cc:155:do_switch$48$rdmux[0][5][10]$b$427 [0] }, Y=$memory$auto$proc_rom.cc:155:do_switch$48$rdmux[0][4][5]$a$363 [8:0]
      New connections: $memory$auto$proc_rom.cc:155:do_switch$48$rdmux[0][4][5]$a$363 [11:9] = 3'011
    Consolidated identical input bits for $mux cell $memory$auto$proc_rom.cc:155:do_switch$48$rdmux[0][5][9]$422:
      Old ports: A=$memory$auto$proc_rom.cc:155:do_switch$48$rdmux[0][5][9]$a$423, B=$memory$auto$proc_rom.cc:155:do_switch$48$rdmux[0][5][9]$b$424, Y=$memory$auto$proc_rom.cc:155:do_switch$48$rdmux[0][4][4]$b$361
      New ports: A={ 1'1 $memory$auto$proc_rom.cc:155:do_switch$48$rdmux[0][5][9]$a$423 [6:3] $memory$auto$proc_rom.cc:155:do_switch$48$rdmux[0][5][9]$a$423 [0] $memory$auto$proc_rom.cc:155:do_switch$48$rdmux[0][5][9]$a$423 [1:0] }, B={ $memory$auto$proc_rom.cc:155:do_switch$48$rdmux[0][5][9]$b$424 [7:3] $memory$auto$proc_rom.cc:155:do_switch$48$rdmux[0][5][9]$b$424 [1] $memory$auto$proc_rom.cc:155:do_switch$48$rdmux[0][5][9]$b$424 [1:0] }, Y=$memory$auto$proc_rom.cc:155:do_switch$48$rdmux[0][4][4]$b$361 [7:0]
      New connections: $memory$auto$proc_rom.cc:155:do_switch$48$rdmux[0][4][4]$b$361 [11:8] = 4'0111
    Consolidated identical input bits for $mux cell $memory$auto$proc_rom.cc:155:do_switch$48$rdmux[0][5][8]$419:
      Old ports: A=$memory$auto$proc_rom.cc:155:do_switch$48$rdmux[0][5][8]$a$420, B=$memory$auto$proc_rom.cc:155:do_switch$48$rdmux[0][5][8]$b$421, Y=$memory$auto$proc_rom.cc:155:do_switch$48$rdmux[0][4][4]$a$360
      New ports: A={ 2'11 $memory$auto$proc_rom.cc:155:do_switch$48$rdmux[0][5][8]$a$420 [2:0] }, B={ $memory$auto$proc_rom.cc:155:do_switch$48$rdmux[0][5][8]$b$421 [4:2] 1'0 $memory$auto$proc_rom.cc:155:do_switch$48$rdmux[0][5][8]$b$421 [0] }, Y=$memory$auto$proc_rom.cc:155:do_switch$48$rdmux[0][4][4]$a$360 [4:0]
      New connections: $memory$auto$proc_rom.cc:155:do_switch$48$rdmux[0][4][4]$a$360 [11:5] = 7'0111111
    Consolidated identical input bits for $mux cell $memory$auto$proc_rom.cc:155:do_switch$48$rdmux[0][5][7]$416:
      Old ports: A=$memory$auto$proc_rom.cc:155:do_switch$48$rdmux[0][5][7]$a$417, B=$memory$auto$proc_rom.cc:155:do_switch$48$rdmux[0][5][7]$b$418, Y=$memory$auto$proc_rom.cc:155:do_switch$48$rdmux[0][4][3]$b$358
      New ports: A={ $memory$auto$proc_rom.cc:155:do_switch$48$rdmux[0][5][7]$a$417 [5:3] 2'00 $memory$auto$proc_rom.cc:155:do_switch$48$rdmux[0][5][7]$a$417 [0] }, B={ 2'11 $memory$auto$proc_rom.cc:155:do_switch$48$rdmux[0][5][7]$b$418 [3:0] }, Y=$memory$auto$proc_rom.cc:155:do_switch$48$rdmux[0][4][3]$b$358 [5:0]
      New connections: $memory$auto$proc_rom.cc:155:do_switch$48$rdmux[0][4][3]$b$358 [11:6] = 6'011111
    Consolidated identical input bits for $mux cell $memory$auto$proc_rom.cc:155:do_switch$48$rdmux[0][5][6]$413:
      Old ports: A=$memory$auto$proc_rom.cc:155:do_switch$48$rdmux[0][5][6]$a$414, B=$memory$auto$proc_rom.cc:155:do_switch$48$rdmux[0][5][6]$b$415, Y=$memory$auto$proc_rom.cc:155:do_switch$48$rdmux[0][4][3]$a$357
      New ports: A={ $memory$auto$proc_rom.cc:155:do_switch$48$rdmux[0][5][6]$a$414 [7] $memory$auto$proc_rom.cc:155:do_switch$48$rdmux[0][5][6]$a$414 [5] $memory$auto$proc_rom.cc:155:do_switch$48$rdmux[0][5][6]$a$414 [5:0] }, B={ 1'1 $memory$auto$proc_rom.cc:155:do_switch$48$rdmux[0][5][6]$b$415 [6:3] $memory$auto$proc_rom.cc:155:do_switch$48$rdmux[0][5][6]$b$415 [0] $memory$auto$proc_rom.cc:155:do_switch$48$rdmux[0][5][6]$b$415 [1:0] }, Y=$memory$auto$proc_rom.cc:155:do_switch$48$rdmux[0][4][3]$a$357 [7:0]
      New connections: $memory$auto$proc_rom.cc:155:do_switch$48$rdmux[0][4][3]$a$357 [11:8] = 4'0111
    Consolidated identical input bits for $mux cell $memory$auto$proc_rom.cc:155:do_switch$48$rdmux[0][5][5]$410:
      Old ports: A=$memory$auto$proc_rom.cc:155:do_switch$48$rdmux[0][5][5]$a$411, B=$memory$auto$proc_rom.cc:155:do_switch$48$rdmux[0][5][5]$b$412, Y=$memory$auto$proc_rom.cc:155:do_switch$48$rdmux[0][4][2]$b$355
      New ports: A={ 2'01 $memory$auto$proc_rom.cc:155:do_switch$48$rdmux[0][5][5]$a$411 [6:0] }, B={ 2'10 $memory$auto$proc_rom.cc:155:do_switch$48$rdmux[0][5][5]$b$412 [6:0] }, Y=$memory$auto$proc_rom.cc:155:do_switch$48$rdmux[0][4][2]$b$355 [8:0]
      New connections: $memory$auto$proc_rom.cc:155:do_switch$48$rdmux[0][4][2]$b$355 [11:9] = 3'011
    Consolidated identical input bits for $mux cell $memory$auto$proc_rom.cc:155:do_switch$48$rdmux[0][5][4]$407:
      Old ports: A=$memory$auto$proc_rom.cc:155:do_switch$48$rdmux[0][5][4]$a$408, B=$memory$auto$proc_rom.cc:155:do_switch$48$rdmux[0][5][4]$b$409, Y=$memory$auto$proc_rom.cc:155:do_switch$48$rdmux[0][4][2]$a$354
      New ports: A={ $memory$auto$proc_rom.cc:155:do_switch$48$rdmux[0][5][4]$a$408 [9] $memory$auto$proc_rom.cc:155:do_switch$48$rdmux[0][5][4]$a$408 [0] $memory$auto$proc_rom.cc:155:do_switch$48$rdmux[0][5][4]$a$408 [6:5] $memory$auto$proc_rom.cc:155:do_switch$48$rdmux[0][5][4]$a$408 [3:0] }, B={ 1'1 $memory$auto$proc_rom.cc:155:do_switch$48$rdmux[0][5][4]$b$409 [7:5] 1'1 $memory$auto$proc_rom.cc:155:do_switch$48$rdmux[0][5][4]$b$409 [2:1] 1'0 }, Y={ $memory$auto$proc_rom.cc:155:do_switch$48$rdmux[0][4][2]$a$354 [9] $memory$auto$proc_rom.cc:155:do_switch$48$rdmux[0][4][2]$a$354 [7:5] $memory$auto$proc_rom.cc:155:do_switch$48$rdmux[0][4][2]$a$354 [3:0] }
      New connections: { $memory$auto$proc_rom.cc:155:do_switch$48$rdmux[0][4][2]$a$354 [11:10] $memory$auto$proc_rom.cc:155:do_switch$48$rdmux[0][4][2]$a$354 [8] $memory$auto$proc_rom.cc:155:do_switch$48$rdmux[0][4][2]$a$354 [4] } = { 2'01 $memory$auto$proc_rom.cc:155:do_switch$48$rdmux[0][4][2]$a$354 [0] 1'0 }
    Consolidated identical input bits for $mux cell $memory$auto$proc_rom.cc:155:do_switch$48$rdmux[0][5][3]$404:
      Old ports: A=$memory$auto$proc_rom.cc:155:do_switch$48$rdmux[0][5][3]$a$405, B=$memory$auto$proc_rom.cc:155:do_switch$48$rdmux[0][5][3]$b$406, Y=$memory$auto$proc_rom.cc:155:do_switch$48$rdmux[0][4][1]$b$352
      New ports: A={ 1'0 $memory$auto$proc_rom.cc:155:do_switch$48$rdmux[0][5][3]$a$405 [1] $memory$auto$proc_rom.cc:155:do_switch$48$rdmux[0][5][3]$a$405 [6:3] 1'0 $memory$auto$proc_rom.cc:155:do_switch$48$rdmux[0][5][3]$a$405 [1] }, B={ 1'1 $memory$auto$proc_rom.cc:155:do_switch$48$rdmux[0][5][3]$b$406 [7] $memory$auto$proc_rom.cc:155:do_switch$48$rdmux[0][5][3]$b$406 [2] $memory$auto$proc_rom.cc:155:do_switch$48$rdmux[0][5][3]$b$406 [5:1] }, Y=$memory$auto$proc_rom.cc:155:do_switch$48$rdmux[0][4][1]$b$352 [8:1]
      New connections: { $memory$auto$proc_rom.cc:155:do_switch$48$rdmux[0][4][1]$b$352 [11:9] $memory$auto$proc_rom.cc:155:do_switch$48$rdmux[0][4][1]$b$352 [0] } = 4'0101
    Consolidated identical input bits for $mux cell $memory$auto$proc_rom.cc:155:do_switch$48$rdmux[0][5][2]$401:
      Old ports: A=$memory$auto$proc_rom.cc:155:do_switch$48$rdmux[0][5][2]$a$402, B=$memory$auto$proc_rom.cc:155:do_switch$48$rdmux[0][5][2]$b$403, Y=$memory$auto$proc_rom.cc:155:do_switch$48$rdmux[0][4][1]$a$351
      New ports: A={ 2'01 $memory$auto$proc_rom.cc:155:do_switch$48$rdmux[0][5][2]$a$402 [7:4] 1'1 $memory$auto$proc_rom.cc:155:do_switch$48$rdmux[0][5][2]$a$402 [2:0] }, B={ $memory$auto$proc_rom.cc:155:do_switch$48$rdmux[0][5][2]$b$403 [10] $memory$auto$proc_rom.cc:155:do_switch$48$rdmux[0][5][2]$b$403 [7] $memory$auto$proc_rom.cc:155:do_switch$48$rdmux[0][5][2]$b$403 [7] $memory$auto$proc_rom.cc:155:do_switch$48$rdmux[0][5][2]$b$403 [0] $memory$auto$proc_rom.cc:155:do_switch$48$rdmux[0][5][2]$b$403 [5:0] }, Y={ $memory$auto$proc_rom.cc:155:do_switch$48$rdmux[0][4][1]$a$351 [10] $memory$auto$proc_rom.cc:155:do_switch$48$rdmux[0][4][1]$a$351 [8:0] }
      New connections: { $memory$auto$proc_rom.cc:155:do_switch$48$rdmux[0][4][1]$a$351 [11] $memory$auto$proc_rom.cc:155:do_switch$48$rdmux[0][4][1]$a$351 [9] } = { 1'0 $memory$auto$proc_rom.cc:155:do_switch$48$rdmux[0][4][1]$a$351 [8] }
    Consolidated identical input bits for $mux cell $memory$auto$proc_rom.cc:155:do_switch$48$rdmux[0][5][1]$398:
      Old ports: A=$memory$auto$proc_rom.cc:155:do_switch$48$rdmux[0][5][1]$a$399, B=$memory$auto$proc_rom.cc:155:do_switch$48$rdmux[0][5][1]$b$400, Y=$memory$auto$proc_rom.cc:155:do_switch$48$rdmux[0][4][0]$b$349
      New ports: A={ $memory$auto$proc_rom.cc:155:do_switch$48$rdmux[0][5][1]$a$399 [9] $memory$auto$proc_rom.cc:155:do_switch$48$rdmux[0][5][1]$a$399 [0] $memory$auto$proc_rom.cc:155:do_switch$48$rdmux[0][5][1]$a$399 [0] $memory$auto$proc_rom.cc:155:do_switch$48$rdmux[0][5][1]$a$399 [6:4] $memory$auto$proc_rom.cc:155:do_switch$48$rdmux[0][5][1]$a$399 [2:0] }, B={ 2'10 $memory$auto$proc_rom.cc:155:do_switch$48$rdmux[0][5][1]$b$400 [7:4] 1'0 $memory$auto$proc_rom.cc:155:do_switch$48$rdmux[0][5][1]$b$400 [1:0] }, Y={ $memory$auto$proc_rom.cc:155:do_switch$48$rdmux[0][4][0]$b$349 [9:4] $memory$auto$proc_rom.cc:155:do_switch$48$rdmux[0][4][0]$b$349 [2:0] }
      New connections: { $memory$auto$proc_rom.cc:155:do_switch$48$rdmux[0][4][0]$b$349 [11:10] $memory$auto$proc_rom.cc:155:do_switch$48$rdmux[0][4][0]$b$349 [3] } = { 2'00 $memory$auto$proc_rom.cc:155:do_switch$48$rdmux[0][4][0]$b$349 [2] }
    Consolidated identical input bits for $mux cell $memory$auto$proc_rom.cc:155:do_switch$48$rdmux[0][5][0]$395:
      Old ports: A=$memory$auto$proc_rom.cc:155:do_switch$48$rdmux[0][5][0]$a$396, B=$memory$auto$proc_rom.cc:155:do_switch$48$rdmux[0][5][0]$b$397, Y=$memory$auto$proc_rom.cc:155:do_switch$48$rdmux[0][4][0]$a$348
      New ports: A={ 1'0 $memory$auto$proc_rom.cc:155:do_switch$48$rdmux[0][5][0]$a$396 [6:5] 1'0 $memory$auto$proc_rom.cc:155:do_switch$48$rdmux[0][5][0]$a$396 [2:0] }, B={ $memory$auto$proc_rom.cc:155:do_switch$48$rdmux[0][5][0]$b$397 [2] $memory$auto$proc_rom.cc:155:do_switch$48$rdmux[0][5][0]$b$397 [6:5] 1'1 $memory$auto$proc_rom.cc:155:do_switch$48$rdmux[0][5][0]$b$397 [2:0] }, Y={ $memory$auto$proc_rom.cc:155:do_switch$48$rdmux[0][4][0]$a$348 [8] $memory$auto$proc_rom.cc:155:do_switch$48$rdmux[0][4][0]$a$348 [6:5] $memory$auto$proc_rom.cc:155:do_switch$48$rdmux[0][4][0]$a$348 [3:0] }
      New connections: { $memory$auto$proc_rom.cc:155:do_switch$48$rdmux[0][4][0]$a$348 [11:9] $memory$auto$proc_rom.cc:155:do_switch$48$rdmux[0][4][0]$a$348 [7] $memory$auto$proc_rom.cc:155:do_switch$48$rdmux[0][4][0]$a$348 [4] } = { 3'000 $memory$auto$proc_rom.cc:155:do_switch$48$rdmux[0][4][0]$a$348 [0] $memory$auto$proc_rom.cc:155:do_switch$48$rdmux[0][4][0]$a$348 [1] }
  Optimizing cells in module \one_bit_synth.
    Consolidated identical input bits for $mux cell $memory$auto$proc_rom.cc:155:do_switch$48$rdmux[0][4][15]$392:
      Old ports: A=$memory$auto$proc_rom.cc:155:do_switch$48$rdmux[0][4][15]$a$393, B=$memory$auto$proc_rom.cc:155:do_switch$48$rdmux[0][4][15]$b$394, Y=$memory$auto$proc_rom.cc:155:do_switch$48$rdmux[0][3][7]$b$346
      New ports: A={ $memory$auto$proc_rom.cc:155:do_switch$48$rdmux[0][4][15]$a$393 [9:4] $memory$auto$proc_rom.cc:155:do_switch$48$rdmux[0][4][15]$a$393 [1] $memory$auto$proc_rom.cc:155:do_switch$48$rdmux[0][4][15]$a$393 [1] $memory$auto$proc_rom.cc:155:do_switch$48$rdmux[0][4][15]$a$393 [1:0] }, B={ 1'1 $memory$auto$proc_rom.cc:155:do_switch$48$rdmux[0][4][15]$b$394 [8:0] }, Y=$memory$auto$proc_rom.cc:155:do_switch$48$rdmux[0][3][7]$b$346 [9:0]
      New connections: $memory$auto$proc_rom.cc:155:do_switch$48$rdmux[0][3][7]$b$346 [11:10] = 2'11
    Consolidated identical input bits for $mux cell $memory$auto$proc_rom.cc:155:do_switch$48$rdmux[0][4][14]$389:
      Old ports: A=$memory$auto$proc_rom.cc:155:do_switch$48$rdmux[0][4][14]$a$390, B=$memory$auto$proc_rom.cc:155:do_switch$48$rdmux[0][4][14]$b$391, Y=$memory$auto$proc_rom.cc:155:do_switch$48$rdmux[0][3][7]$a$345
      New ports: A={ 2'01 $memory$auto$proc_rom.cc:155:do_switch$48$rdmux[0][4][14]$a$390 [8:1] 1'1 }, B={ $memory$auto$proc_rom.cc:155:do_switch$48$rdmux[0][4][14]$b$391 [10] $memory$auto$proc_rom.cc:155:do_switch$48$rdmux[0][4][14]$b$391 [8] $memory$auto$proc_rom.cc:155:do_switch$48$rdmux[0][4][14]$b$391 [8:0] }, Y=$memory$auto$proc_rom.cc:155:do_switch$48$rdmux[0][3][7]$a$345 [10:0]
      New connections: $memory$auto$proc_rom.cc:155:do_switch$48$rdmux[0][3][7]$a$345 [11] = 1'1
    Consolidated identical input bits for $mux cell $memory$auto$proc_rom.cc:155:do_switch$48$rdmux[0][4][13]$386:
      Old ports: A=$memory$auto$proc_rom.cc:155:do_switch$48$rdmux[0][4][13]$a$387, B=$memory$auto$proc_rom.cc:155:do_switch$48$rdmux[0][4][13]$b$388, Y=$memory$auto$proc_rom.cc:155:do_switch$48$rdmux[0][3][6]$b$343
      New ports: A={ 1'0 $memory$auto$proc_rom.cc:155:do_switch$48$rdmux[0][4][13]$a$387 [8:0] }, B={ $memory$auto$proc_rom.cc:155:do_switch$48$rdmux[0][4][13]$b$388 [0] $memory$auto$proc_rom.cc:155:do_switch$48$rdmux[0][4][13]$b$388 [8:5] 1'1 $memory$auto$proc_rom.cc:155:do_switch$48$rdmux[0][4][13]$b$388 [3:0] }, Y=$memory$auto$proc_rom.cc:155:do_switch$48$rdmux[0][3][6]$b$343 [9:0]
      New connections: $memory$auto$proc_rom.cc:155:do_switch$48$rdmux[0][3][6]$b$343 [11:10] = 2'10
    Consolidated identical input bits for $mux cell $memory$auto$proc_rom.cc:155:do_switch$48$rdmux[0][4][12]$383:
      Old ports: A=$memory$auto$proc_rom.cc:155:do_switch$48$rdmux[0][4][12]$a$384, B=$memory$auto$proc_rom.cc:155:do_switch$48$rdmux[0][4][12]$b$385, Y=$memory$auto$proc_rom.cc:155:do_switch$48$rdmux[0][3][6]$a$342
      New ports: A={ 3'000 $memory$auto$proc_rom.cc:155:do_switch$48$rdmux[0][4][12]$a$384 [4:0] }, B=$memory$auto$proc_rom.cc:155:do_switch$48$rdmux[0][4][12]$b$385 [7:0], Y=$memory$auto$proc_rom.cc:155:do_switch$48$rdmux[0][3][6]$a$342 [7:0]
      New connections: $memory$auto$proc_rom.cc:155:do_switch$48$rdmux[0][3][6]$a$342 [11:8] = 4'1000
    Consolidated identical input bits for $mux cell $memory$auto$proc_rom.cc:155:do_switch$48$rdmux[0][4][11]$380:
      Old ports: A=$memory$auto$proc_rom.cc:155:do_switch$48$rdmux[0][4][11]$a$381, B=$memory$auto$proc_rom.cc:155:do_switch$48$rdmux[0][4][11]$b$382, Y=$memory$auto$proc_rom.cc:155:do_switch$48$rdmux[0][3][5]$b$340
      New ports: A=$memory$auto$proc_rom.cc:155:do_switch$48$rdmux[0][4][11]$a$381 [7:0], B={ 2'00 $memory$auto$proc_rom.cc:155:do_switch$48$rdmux[0][4][11]$b$382 [5:0] }, Y=$memory$auto$proc_rom.cc:155:do_switch$48$rdmux[0][3][5]$b$340 [7:0]
      New connections: $memory$auto$proc_rom.cc:155:do_switch$48$rdmux[0][3][5]$b$340 [11:8] = 4'1000
    Consolidated identical input bits for $mux cell $memory$auto$proc_rom.cc:155:do_switch$48$rdmux[0][4][10]$377:
      Old ports: A=$memory$auto$proc_rom.cc:155:do_switch$48$rdmux[0][4][10]$a$378, B=$memory$auto$proc_rom.cc:155:do_switch$48$rdmux[0][4][10]$b$379, Y=$memory$auto$proc_rom.cc:155:do_switch$48$rdmux[0][3][5]$a$339
      New ports: A={ $memory$auto$proc_rom.cc:155:do_switch$48$rdmux[0][4][10]$a$378 [0] $memory$auto$proc_rom.cc:155:do_switch$48$rdmux[0][4][10]$a$378 [8:5] 1'1 $memory$auto$proc_rom.cc:155:do_switch$48$rdmux[0][4][10]$a$378 [3:0] }, B={ 1'0 $memory$auto$proc_rom.cc:155:do_switch$48$rdmux[0][4][10]$b$379 [8:0] }, Y=$memory$auto$proc_rom.cc:155:do_switch$48$rdmux[0][3][5]$a$339 [9:0]
      New connections: $memory$auto$proc_rom.cc:155:do_switch$48$rdmux[0][3][5]$a$339 [11:10] = 2'10
    Consolidated identical input bits for $mux cell $memory$auto$proc_rom.cc:155:do_switch$48$rdmux[0][4][9]$374:
      Old ports: A=$memory$auto$proc_rom.cc:155:do_switch$48$rdmux[0][4][9]$a$375, B=$memory$auto$proc_rom.cc:155:do_switch$48$rdmux[0][4][9]$b$376, Y=$memory$auto$proc_rom.cc:155:do_switch$48$rdmux[0][3][4]$b$337
      New ports: A={ $memory$auto$proc_rom.cc:155:do_switch$48$rdmux[0][4][9]$a$375 [10] $memory$auto$proc_rom.cc:155:do_switch$48$rdmux[0][4][9]$a$375 [8] $memory$auto$proc_rom.cc:155:do_switch$48$rdmux[0][4][9]$a$375 [8:0] }, B={ 2'01 $memory$auto$proc_rom.cc:155:do_switch$48$rdmux[0][4][9]$b$376 [8:1] 1'1 }, Y=$memory$auto$proc_rom.cc:155:do_switch$48$rdmux[0][3][4]$b$337 [10:0]
      New connections: $memory$auto$proc_rom.cc:155:do_switch$48$rdmux[0][3][4]$b$337 [11] = 1'1
    Consolidated identical input bits for $mux cell $memory$auto$proc_rom.cc:155:do_switch$48$rdmux[0][4][8]$371:
      Old ports: A=$memory$auto$proc_rom.cc:155:do_switch$48$rdmux[0][4][8]$a$372, B=$memory$auto$proc_rom.cc:155:do_switch$48$rdmux[0][4][8]$b$373, Y=$memory$auto$proc_rom.cc:155:do_switch$48$rdmux[0][3][4]$a$336
      New ports: A={ $memory$auto$proc_rom.cc:155:do_switch$48$rdmux[0][4][8]$a$372 [9] $memory$auto$proc_rom.cc:155:do_switch$48$rdmux[0][4][8]$a$372 [9:0] }, B={ 1'1 $memory$auto$proc_rom.cc:155:do_switch$48$rdmux[0][4][8]$b$373 [9:4] $memory$auto$proc_rom.cc:155:do_switch$48$rdmux[0][4][8]$b$373 [1] $memory$auto$proc_rom.cc:155:do_switch$48$rdmux[0][4][8]$b$373 [1] $memory$auto$proc_rom.cc:155:do_switch$48$rdmux[0][4][8]$b$373 [1:0] }, Y=$memory$auto$proc_rom.cc:155:do_switch$48$rdmux[0][3][4]$a$336 [10:0]
      New connections: $memory$auto$proc_rom.cc:155:do_switch$48$rdmux[0][3][4]$a$336 [11] = $memory$auto$proc_rom.cc:155:do_switch$48$rdmux[0][3][4]$a$336 [10]
    Consolidated identical input bits for $mux cell $memory$auto$proc_rom.cc:155:do_switch$48$rdmux[0][4][7]$368:
      Old ports: A=$memory$auto$proc_rom.cc:155:do_switch$48$rdmux[0][4][7]$a$369, B=$memory$auto$proc_rom.cc:155:do_switch$48$rdmux[0][4][7]$b$370, Y=$memory$auto$proc_rom.cc:155:do_switch$48$rdmux[0][3][3]$b$334
      New ports: A={ $memory$auto$proc_rom.cc:155:do_switch$48$rdmux[0][4][7]$a$369 [9:4] $memory$auto$proc_rom.cc:155:do_switch$48$rdmux[0][4][7]$a$369 [2] $memory$auto$proc_rom.cc:155:do_switch$48$rdmux[0][4][7]$a$369 [2:0] }, B={ 1'0 $memory$auto$proc_rom.cc:155:do_switch$48$rdmux[0][4][7]$b$370 [8] $memory$auto$proc_rom.cc:155:do_switch$48$rdmux[0][4][7]$b$370 [0] $memory$auto$proc_rom.cc:155:do_switch$48$rdmux[0][4][7]$b$370 [6:0] }, Y=$memory$auto$proc_rom.cc:155:do_switch$48$rdmux[0][3][3]$b$334 [9:0]
      New connections: $memory$auto$proc_rom.cc:155:do_switch$48$rdmux[0][3][3]$b$334 [11:10] = 2'00
    Consolidated identical input bits for $mux cell $memory$auto$proc_rom.cc:155:do_switch$48$rdmux[0][4][6]$365:
      Old ports: A=$memory$auto$proc_rom.cc:155:do_switch$48$rdmux[0][4][6]$a$366, B=$memory$auto$proc_rom.cc:155:do_switch$48$rdmux[0][4][6]$b$367, Y=$memory$auto$proc_rom.cc:155:do_switch$48$rdmux[0][3][3]$a$333
      New ports: A={ 2'10 $memory$auto$proc_rom.cc:155:do_switch$48$rdmux[0][4][6]$a$366 [8:1] 1'1 }, B={ $memory$auto$proc_rom.cc:155:do_switch$48$rdmux[0][4][6]$b$367 [10] $memory$auto$proc_rom.cc:155:do_switch$48$rdmux[0][4][6]$b$367 [8] $memory$auto$proc_rom.cc:155:do_switch$48$rdmux[0][4][6]$b$367 [8:7] $memory$auto$proc_rom.cc:155:do_switch$48$rdmux[0][4][6]$b$367 [0] $memory$auto$proc_rom.cc:155:do_switch$48$rdmux[0][4][6]$b$367 [5:0] }, Y=$memory$auto$proc_rom.cc:155:do_switch$48$rdmux[0][3][3]$a$333 [10:0]
      New connections: $memory$auto$proc_rom.cc:155:do_switch$48$rdmux[0][3][3]$a$333 [11] = 1'0
    Consolidated identical input bits for $mux cell $memory$auto$proc_rom.cc:155:do_switch$48$rdmux[0][4][5]$362:
      Old ports: A=$memory$auto$proc_rom.cc:155:do_switch$48$rdmux[0][4][5]$a$363, B=$memory$auto$proc_rom.cc:155:do_switch$48$rdmux[0][4][5]$b$364, Y=$memory$auto$proc_rom.cc:155:do_switch$48$rdmux[0][3][2]$b$331
      New ports: A={ 1'1 $memory$auto$proc_rom.cc:155:do_switch$48$rdmux[0][4][5]$a$363 [8:0] }, B={ $memory$auto$proc_rom.cc:155:do_switch$48$rdmux[0][4][5]$b$364 [9] $memory$auto$proc_rom.cc:155:do_switch$48$rdmux[0][4][5]$b$364 [0] $memory$auto$proc_rom.cc:155:do_switch$48$rdmux[0][4][5]$b$364 [7:5] 1'0 $memory$auto$proc_rom.cc:155:do_switch$48$rdmux[0][4][5]$b$364 [3:0] }, Y=$memory$auto$proc_rom.cc:155:do_switch$48$rdmux[0][3][2]$b$331 [9:0]
      New connections: $memory$auto$proc_rom.cc:155:do_switch$48$rdmux[0][3][2]$b$331 [11:10] = 2'01
    Consolidated identical input bits for $mux cell $memory$auto$proc_rom.cc:155:do_switch$48$rdmux[0][4][4]$359:
      Old ports: A=$memory$auto$proc_rom.cc:155:do_switch$48$rdmux[0][4][4]$a$360, B=$memory$auto$proc_rom.cc:155:do_switch$48$rdmux[0][4][4]$b$361, Y=$memory$auto$proc_rom.cc:155:do_switch$48$rdmux[0][3][2]$a$330
      New ports: A={ 3'111 $memory$auto$proc_rom.cc:155:do_switch$48$rdmux[0][4][4]$a$360 [4:0] }, B=$memory$auto$proc_rom.cc:155:do_switch$48$rdmux[0][4][4]$b$361 [7:0], Y=$memory$auto$proc_rom.cc:155:do_switch$48$rdmux[0][3][2]$a$330 [7:0]
      New connections: $memory$auto$proc_rom.cc:155:do_switch$48$rdmux[0][3][2]$a$330 [11:8] = 4'0111
    Consolidated identical input bits for $mux cell $memory$auto$proc_rom.cc:155:do_switch$48$rdmux[0][4][3]$356:
      Old ports: A=$memory$auto$proc_rom.cc:155:do_switch$48$rdmux[0][4][3]$a$357, B=$memory$auto$proc_rom.cc:155:do_switch$48$rdmux[0][4][3]$b$358, Y=$memory$auto$proc_rom.cc:155:do_switch$48$rdmux[0][3][1]$b$328
      New ports: A=$memory$auto$proc_rom.cc:155:do_switch$48$rdmux[0][4][3]$a$357 [7:0], B={ 2'11 $memory$auto$proc_rom.cc:155:do_switch$48$rdmux[0][4][3]$b$358 [5:0] }, Y=$memory$auto$proc_rom.cc:155:do_switch$48$rdmux[0][3][1]$b$328 [7:0]
      New connections: $memory$auto$proc_rom.cc:155:do_switch$48$rdmux[0][3][1]$b$328 [11:8] = 4'0111
    Consolidated identical input bits for $mux cell $memory$auto$proc_rom.cc:155:do_switch$48$rdmux[0][4][2]$353:
      Old ports: A=$memory$auto$proc_rom.cc:155:do_switch$48$rdmux[0][4][2]$a$354, B=$memory$auto$proc_rom.cc:155:do_switch$48$rdmux[0][4][2]$b$355, Y=$memory$auto$proc_rom.cc:155:do_switch$48$rdmux[0][3][1]$a$327
      New ports: A={ $memory$auto$proc_rom.cc:155:do_switch$48$rdmux[0][4][2]$a$354 [9] $memory$auto$proc_rom.cc:155:do_switch$48$rdmux[0][4][2]$a$354 [0] $memory$auto$proc_rom.cc:155:do_switch$48$rdmux[0][4][2]$a$354 [7:5] 1'0 $memory$auto$proc_rom.cc:155:do_switch$48$rdmux[0][4][2]$a$354 [3:0] }, B={ 1'1 $memory$auto$proc_rom.cc:155:do_switch$48$rdmux[0][4][2]$b$355 [8:0] }, Y=$memory$auto$proc_rom.cc:155:do_switch$48$rdmux[0][3][1]$a$327 [9:0]
      New connections: $memory$auto$proc_rom.cc:155:do_switch$48$rdmux[0][3][1]$a$327 [11:10] = 2'01
    Consolidated identical input bits for $mux cell $memory$auto$proc_rom.cc:155:do_switch$48$rdmux[0][4][1]$350:
      Old ports: A=$memory$auto$proc_rom.cc:155:do_switch$48$rdmux[0][4][1]$a$351, B=$memory$auto$proc_rom.cc:155:do_switch$48$rdmux[0][4][1]$b$352, Y=$memory$auto$proc_rom.cc:155:do_switch$48$rdmux[0][3][0]$b$325
      New ports: A={ $memory$auto$proc_rom.cc:155:do_switch$48$rdmux[0][4][1]$a$351 [10] $memory$auto$proc_rom.cc:155:do_switch$48$rdmux[0][4][1]$a$351 [8] $memory$auto$proc_rom.cc:155:do_switch$48$rdmux[0][4][1]$a$351 [8:0] }, B={ 2'10 $memory$auto$proc_rom.cc:155:do_switch$48$rdmux[0][4][1]$b$352 [8:1] 1'1 }, Y=$memory$auto$proc_rom.cc:155:do_switch$48$rdmux[0][3][0]$b$325 [10:0]
      New connections: $memory$auto$proc_rom.cc:155:do_switch$48$rdmux[0][3][0]$b$325 [11] = 1'0
    Consolidated identical input bits for $mux cell $memory$auto$proc_rom.cc:155:do_switch$48$rdmux[0][4][0]$347:
      Old ports: A=$memory$auto$proc_rom.cc:155:do_switch$48$rdmux[0][4][0]$a$348, B=$memory$auto$proc_rom.cc:155:do_switch$48$rdmux[0][4][0]$b$349, Y=$memory$auto$proc_rom.cc:155:do_switch$48$rdmux[0][3][0]$a$324
      New ports: A={ 1'0 $memory$auto$proc_rom.cc:155:do_switch$48$rdmux[0][4][0]$a$348 [8] $memory$auto$proc_rom.cc:155:do_switch$48$rdmux[0][4][0]$a$348 [0] $memory$auto$proc_rom.cc:155:do_switch$48$rdmux[0][4][0]$a$348 [6:5] $memory$auto$proc_rom.cc:155:do_switch$48$rdmux[0][4][0]$a$348 [1] $memory$auto$proc_rom.cc:155:do_switch$48$rdmux[0][4][0]$a$348 [3:0] }, B={ $memory$auto$proc_rom.cc:155:do_switch$48$rdmux[0][4][0]$b$349 [9:4] $memory$auto$proc_rom.cc:155:do_switch$48$rdmux[0][4][0]$b$349 [2] $memory$auto$proc_rom.cc:155:do_switch$48$rdmux[0][4][0]$b$349 [2:0] }, Y=$memory$auto$proc_rom.cc:155:do_switch$48$rdmux[0][3][0]$a$324 [9:0]
      New connections: $memory$auto$proc_rom.cc:155:do_switch$48$rdmux[0][3][0]$a$324 [11:10] = 2'00
  Optimizing cells in module \one_bit_synth.
    Consolidated identical input bits for $mux cell $memory$auto$proc_rom.cc:155:do_switch$48$rdmux[0][3][7]$344:
      Old ports: A=$memory$auto$proc_rom.cc:155:do_switch$48$rdmux[0][3][7]$a$345, B=$memory$auto$proc_rom.cc:155:do_switch$48$rdmux[0][3][7]$b$346, Y=$memory$auto$proc_rom.cc:155:do_switch$48$rdmux[0][2][3]$b$322
      New ports: A=$memory$auto$proc_rom.cc:155:do_switch$48$rdmux[0][3][7]$a$345 [10:0], B={ 1'1 $memory$auto$proc_rom.cc:155:do_switch$48$rdmux[0][3][7]$b$346 [9:0] }, Y=$memory$auto$proc_rom.cc:155:do_switch$48$rdmux[0][2][3]$b$322 [10:0]
      New connections: $memory$auto$proc_rom.cc:155:do_switch$48$rdmux[0][2][3]$b$322 [11] = 1'1
    Consolidated identical input bits for $mux cell $memory$auto$proc_rom.cc:155:do_switch$48$rdmux[0][3][6]$341:
      Old ports: A=$memory$auto$proc_rom.cc:155:do_switch$48$rdmux[0][3][6]$a$342, B=$memory$auto$proc_rom.cc:155:do_switch$48$rdmux[0][3][6]$b$343, Y=$memory$auto$proc_rom.cc:155:do_switch$48$rdmux[0][2][3]$a$321
      New ports: A={ 2'00 $memory$auto$proc_rom.cc:155:do_switch$48$rdmux[0][3][6]$a$342 [7:0] }, B=$memory$auto$proc_rom.cc:155:do_switch$48$rdmux[0][3][6]$b$343 [9:0], Y=$memory$auto$proc_rom.cc:155:do_switch$48$rdmux[0][2][3]$a$321 [9:0]
      New connections: $memory$auto$proc_rom.cc:155:do_switch$48$rdmux[0][2][3]$a$321 [11:10] = 2'10
    Consolidated identical input bits for $mux cell $memory$auto$proc_rom.cc:155:do_switch$48$rdmux[0][3][5]$338:
      Old ports: A=$memory$auto$proc_rom.cc:155:do_switch$48$rdmux[0][3][5]$a$339, B=$memory$auto$proc_rom.cc:155:do_switch$48$rdmux[0][3][5]$b$340, Y=$memory$auto$proc_rom.cc:155:do_switch$48$rdmux[0][2][2]$b$319
      New ports: A=$memory$auto$proc_rom.cc:155:do_switch$48$rdmux[0][3][5]$a$339 [9:0], B={ 2'00 $memory$auto$proc_rom.cc:155:do_switch$48$rdmux[0][3][5]$b$340 [7:0] }, Y=$memory$auto$proc_rom.cc:155:do_switch$48$rdmux[0][2][2]$b$319 [9:0]
      New connections: $memory$auto$proc_rom.cc:155:do_switch$48$rdmux[0][2][2]$b$319 [11:10] = 2'10
    Consolidated identical input bits for $mux cell $memory$auto$proc_rom.cc:155:do_switch$48$rdmux[0][3][3]$332:
      Old ports: A=$memory$auto$proc_rom.cc:155:do_switch$48$rdmux[0][3][3]$a$333, B=$memory$auto$proc_rom.cc:155:do_switch$48$rdmux[0][3][3]$b$334, Y=$memory$auto$proc_rom.cc:155:do_switch$48$rdmux[0][2][1]$b$316
      New ports: A=$memory$auto$proc_rom.cc:155:do_switch$48$rdmux[0][3][3]$a$333 [10:0], B={ 1'0 $memory$auto$proc_rom.cc:155:do_switch$48$rdmux[0][3][3]$b$334 [9:0] }, Y=$memory$auto$proc_rom.cc:155:do_switch$48$rdmux[0][2][1]$b$316 [10:0]
      New connections: $memory$auto$proc_rom.cc:155:do_switch$48$rdmux[0][2][1]$b$316 [11] = 1'0
    Consolidated identical input bits for $mux cell $memory$auto$proc_rom.cc:155:do_switch$48$rdmux[0][3][2]$329:
      Old ports: A=$memory$auto$proc_rom.cc:155:do_switch$48$rdmux[0][3][2]$a$330, B=$memory$auto$proc_rom.cc:155:do_switch$48$rdmux[0][3][2]$b$331, Y=$memory$auto$proc_rom.cc:155:do_switch$48$rdmux[0][2][1]$a$315
      New ports: A={ 2'11 $memory$auto$proc_rom.cc:155:do_switch$48$rdmux[0][3][2]$a$330 [7:0] }, B=$memory$auto$proc_rom.cc:155:do_switch$48$rdmux[0][3][2]$b$331 [9:0], Y=$memory$auto$proc_rom.cc:155:do_switch$48$rdmux[0][2][1]$a$315 [9:0]
      New connections: $memory$auto$proc_rom.cc:155:do_switch$48$rdmux[0][2][1]$a$315 [11:10] = 2'01
    Consolidated identical input bits for $mux cell $memory$auto$proc_rom.cc:155:do_switch$48$rdmux[0][3][1]$326:
      Old ports: A=$memory$auto$proc_rom.cc:155:do_switch$48$rdmux[0][3][1]$a$327, B=$memory$auto$proc_rom.cc:155:do_switch$48$rdmux[0][3][1]$b$328, Y=$memory$auto$proc_rom.cc:155:do_switch$48$rdmux[0][2][0]$b$313
      New ports: A=$memory$auto$proc_rom.cc:155:do_switch$48$rdmux[0][3][1]$a$327 [9:0], B={ 2'11 $memory$auto$proc_rom.cc:155:do_switch$48$rdmux[0][3][1]$b$328 [7:0] }, Y=$memory$auto$proc_rom.cc:155:do_switch$48$rdmux[0][2][0]$b$313 [9:0]
      New connections: $memory$auto$proc_rom.cc:155:do_switch$48$rdmux[0][2][0]$b$313 [11:10] = 2'01
    Consolidated identical input bits for $mux cell $memory$auto$proc_rom.cc:155:do_switch$48$rdmux[0][3][0]$323:
      Old ports: A=$memory$auto$proc_rom.cc:155:do_switch$48$rdmux[0][3][0]$a$324, B=$memory$auto$proc_rom.cc:155:do_switch$48$rdmux[0][3][0]$b$325, Y=$memory$auto$proc_rom.cc:155:do_switch$48$rdmux[0][2][0]$a$312
      New ports: A={ 1'0 $memory$auto$proc_rom.cc:155:do_switch$48$rdmux[0][3][0]$a$324 [9:0] }, B=$memory$auto$proc_rom.cc:155:do_switch$48$rdmux[0][3][0]$b$325 [10:0], Y=$memory$auto$proc_rom.cc:155:do_switch$48$rdmux[0][2][0]$a$312 [10:0]
      New connections: $memory$auto$proc_rom.cc:155:do_switch$48$rdmux[0][2][0]$a$312 [11] = 1'0
  Optimizing cells in module \one_bit_synth.
    Consolidated identical input bits for $mux cell $memory$auto$proc_rom.cc:155:do_switch$48$rdmux[0][2][3]$320:
      Old ports: A=$memory$auto$proc_rom.cc:155:do_switch$48$rdmux[0][2][3]$a$321, B=$memory$auto$proc_rom.cc:155:do_switch$48$rdmux[0][2][3]$b$322, Y=$memory$auto$proc_rom.cc:155:do_switch$48$rdmux[0][1][1]$b$310
      New ports: A={ 1'0 $memory$auto$proc_rom.cc:155:do_switch$48$rdmux[0][2][3]$a$321 [9:0] }, B=$memory$auto$proc_rom.cc:155:do_switch$48$rdmux[0][2][3]$b$322 [10:0], Y=$memory$auto$proc_rom.cc:155:do_switch$48$rdmux[0][1][1]$b$310 [10:0]
      New connections: $memory$auto$proc_rom.cc:155:do_switch$48$rdmux[0][1][1]$b$310 [11] = 1'1
    Consolidated identical input bits for $mux cell $memory$auto$proc_rom.cc:155:do_switch$48$rdmux[0][2][1]$314:
      Old ports: A=$memory$auto$proc_rom.cc:155:do_switch$48$rdmux[0][2][1]$a$315, B=$memory$auto$proc_rom.cc:155:do_switch$48$rdmux[0][2][1]$b$316, Y=$memory$auto$proc_rom.cc:155:do_switch$48$rdmux[0][1][0]$b$307
      New ports: A={ 1'1 $memory$auto$proc_rom.cc:155:do_switch$48$rdmux[0][2][1]$a$315 [9:0] }, B=$memory$auto$proc_rom.cc:155:do_switch$48$rdmux[0][2][1]$b$316 [10:0], Y=$memory$auto$proc_rom.cc:155:do_switch$48$rdmux[0][1][0]$b$307 [10:0]
      New connections: $memory$auto$proc_rom.cc:155:do_switch$48$rdmux[0][1][0]$b$307 [11] = 1'0
    Consolidated identical input bits for $mux cell $memory$auto$proc_rom.cc:155:do_switch$48$rdmux[0][2][0]$311:
      Old ports: A=$memory$auto$proc_rom.cc:155:do_switch$48$rdmux[0][2][0]$a$312, B=$memory$auto$proc_rom.cc:155:do_switch$48$rdmux[0][2][0]$b$313, Y=$memory$auto$proc_rom.cc:155:do_switch$48$rdmux[0][1][0]$a$306
      New ports: A=$memory$auto$proc_rom.cc:155:do_switch$48$rdmux[0][2][0]$a$312 [10:0], B={ 1'1 $memory$auto$proc_rom.cc:155:do_switch$48$rdmux[0][2][0]$b$313 [9:0] }, Y=$memory$auto$proc_rom.cc:155:do_switch$48$rdmux[0][1][0]$a$306 [10:0]
      New connections: $memory$auto$proc_rom.cc:155:do_switch$48$rdmux[0][1][0]$a$306 [11] = 1'0
  Optimizing cells in module \one_bit_synth.
    Consolidated identical input bits for $mux cell $memory$auto$proc_rom.cc:155:do_switch$48$rdmux[0][1][0]$305:
      Old ports: A=$memory$auto$proc_rom.cc:155:do_switch$48$rdmux[0][1][0]$a$306, B=$memory$auto$proc_rom.cc:155:do_switch$48$rdmux[0][1][0]$b$307, Y=$memory$auto$proc_rom.cc:155:do_switch$48$rdmux[0][0][0]$a$303
      New ports: A=$memory$auto$proc_rom.cc:155:do_switch$48$rdmux[0][1][0]$a$306 [10:0], B=$memory$auto$proc_rom.cc:155:do_switch$48$rdmux[0][1][0]$b$307 [10:0], Y=$memory$auto$proc_rom.cc:155:do_switch$48$rdmux[0][0][0]$a$303 [10:0]
      New connections: $memory$auto$proc_rom.cc:155:do_switch$48$rdmux[0][0][0]$a$303 [11] = 1'0
  Optimizing cells in module \one_bit_synth.
Performed a total of 254 changes.

3.21.5. Executing OPT_MERGE pass (detect identical cells).
Finding identical cells in module `\one_bit_synth'.
Computing hashes of 297 cells of `\one_bit_synth'.
Finding duplicate cells in `\one_bit_synth'.
Computing hashes of 173 cells of `\one_bit_synth'.
Finding duplicate cells in `\one_bit_synth'.
<suppressed ~372 debug messages>
Removed a total of 124 cells.

3.21.6. Executing OPT_SHARE pass.

3.21.7. Executing OPT_DFF pass (perform DFF optimizations).

3.21.8. Executing OPT_CLEAN pass (remove unused cells and wires).
Finding unused cells or wires in module \one_bit_synth..
Removed 0 unused cells and 380 unused wires.
<suppressed ~1 debug messages>

3.21.9. Executing OPT_EXPR pass (perform const folding).
Optimizing module one_bit_synth.
<suppressed ~34 debug messages>

3.21.10. Rerunning OPT passes. (Maybe there is more to do..)

3.21.11. Executing OPT_MUXTREE pass (detect dead branches in mux trees).
Running muxtree optimizer on module \one_bit_synth..
  Creating internal representation of mux trees.
  Evaluating internal representation of mux trees.
  Analyzing evaluation results.
Removed 0 multiplexer ports.
<suppressed ~253 debug messages>

3.21.12. Executing OPT_REDUCE pass (consolidate $*mux and $reduce_* inputs).
  Optimizing cells in module \one_bit_synth.
    Consolidated identical input bits for $mux cell $memory$auto$proc_rom.cc:155:do_switch$48$rdmux[0][6][59]$668:
      Old ports: A={ 1'0 $memory$auto$proc_rom.cc:155:do_switch$48$rdmux[0][6][11]$a$525 [5] 2'10 $memory$auto$proc_rom.cc:155:do_switch$48$rdmux[0][6][11]$a$525 [0] $memory$auto$proc_rom.cc:155:do_switch$48$rdmux[0][6][11]$a$525 [0] }, B={ 1'1 $memory$auto$proc_rom.cc:155:do_switch$48$rdmux[0][6][11]$a$525 [5] 1'0 $memory$auto$proc_rom.cc:155:do_switch$48$rdmux[0][6][11]$a$525 [0] $memory$auto$proc_rom.cc:155:do_switch$48$rdmux[0][6][11]$a$525 [5] $memory$auto$proc_rom.cc:155:do_switch$48$rdmux[0][6][11]$a$525 [0] }, Y={ $memory$auto$proc_rom.cc:155:do_switch$48$rdmux[0][5][29]$b$484 [7:6] $memory$auto$proc_rom.cc:155:do_switch$48$rdmux[0][5][29]$b$484 [3:0] }
      New ports: A={ 3'010 $memory$auto$proc_rom.cc:155:do_switch$48$rdmux[0][6][11]$a$525 [0] }, B={ 2'10 $memory$auto$proc_rom.cc:155:do_switch$48$rdmux[0][6][11]$a$525 [0] $memory$auto$proc_rom.cc:155:do_switch$48$rdmux[0][6][11]$a$525 [5] }, Y={ $memory$auto$proc_rom.cc:155:do_switch$48$rdmux[0][5][29]$b$484 [7] $memory$auto$proc_rom.cc:155:do_switch$48$rdmux[0][5][29]$b$484 [3:1] }
      New connections: { $memory$auto$proc_rom.cc:155:do_switch$48$rdmux[0][5][29]$b$484 [6] $memory$auto$proc_rom.cc:155:do_switch$48$rdmux[0][5][29]$b$484 [0] } = { $memory$auto$proc_rom.cc:155:do_switch$48$rdmux[0][6][11]$a$525 [5] $memory$auto$proc_rom.cc:155:do_switch$48$rdmux[0][6][11]$a$525 [0] }
    Consolidated identical input bits for $mux cell $memory$auto$proc_rom.cc:155:do_switch$48$rdmux[0][6][57]$662:
      Old ports: A={ $memory$auto$proc_rom.cc:155:do_switch$48$rdmux[0][6][11]$a$525 [5] $memory$auto$proc_rom.cc:155:do_switch$48$rdmux[0][6][11]$a$525 [0] $memory$auto$proc_rom.cc:155:do_switch$48$rdmux[0][6][11]$a$525 [0] $memory$auto$proc_rom.cc:155:do_switch$48$rdmux[0][6][11]$a$525 [0] $memory$auto$proc_rom.cc:155:do_switch$48$rdmux[0][6][11]$a$525 [5] $memory$auto$proc_rom.cc:155:do_switch$48$rdmux[0][6][11]$a$525 [0] }, B={ 2'10 $memory$auto$proc_rom.cc:155:do_switch$48$rdmux[0][6][11]$a$525 [5] 1'1 $memory$auto$proc_rom.cc:155:do_switch$48$rdmux[0][6][11]$a$525 [0] $memory$auto$proc_rom.cc:155:do_switch$48$rdmux[0][6][11]$a$525 [0] }, Y=$memory$auto$proc_rom.cc:155:do_switch$48$rdmux[0][5][28]$b$481 [8:3]
      New ports: A={ $memory$auto$proc_rom.cc:155:do_switch$48$rdmux[0][6][11]$a$525 [5] $memory$auto$proc_rom.cc:155:do_switch$48$rdmux[0][6][11]$a$525 [0] $memory$auto$proc_rom.cc:155:do_switch$48$rdmux[0][6][11]$a$525 [0] $memory$auto$proc_rom.cc:155:do_switch$48$rdmux[0][6][11]$a$525 [0] $memory$auto$proc_rom.cc:155:do_switch$48$rdmux[0][6][11]$a$525 [5] }, B={ 2'10 $memory$auto$proc_rom.cc:155:do_switch$48$rdmux[0][6][11]$a$525 [5] 1'1 $memory$auto$proc_rom.cc:155:do_switch$48$rdmux[0][6][11]$a$525 [0] }, Y=$memory$auto$proc_rom.cc:155:do_switch$48$rdmux[0][5][28]$b$481 [8:4]
      New connections: $memory$auto$proc_rom.cc:155:do_switch$48$rdmux[0][5][28]$b$481 [3] = $memory$auto$proc_rom.cc:155:do_switch$48$rdmux[0][6][11]$a$525 [0]
    Consolidated identical input bits for $mux cell $memory$auto$proc_rom.cc:155:do_switch$48$rdmux[0][6][54]$653:
      Old ports: A={ 2'01 $memory$auto$proc_rom.cc:155:do_switch$48$rdmux[0][6][0]$b$493 [0] $memory$auto$proc_rom.cc:155:do_switch$48$rdmux[0][6][0]$b$493 [5] $memory$auto$proc_rom.cc:155:do_switch$48$rdmux[0][6][0]$b$493 [0] 1'1 }, B={ 2'10 $memory$auto$proc_rom.cc:155:do_switch$48$rdmux[0][6][0]$b$493 [0] 1'0 $memory$auto$proc_rom.cc:155:do_switch$48$rdmux[0][6][0]$b$493 [5] $memory$auto$proc_rom.cc:155:do_switch$48$rdmux[0][6][0]$b$493 [0] }, Y={ $memory$auto$proc_rom.cc:155:do_switch$48$rdmux[0][5][27]$a$477 [7:5] $memory$auto$proc_rom.cc:155:do_switch$48$rdmux[0][5][27]$a$477 [3:1] }
      New ports: A={ 2'01 $memory$auto$proc_rom.cc:155:do_switch$48$rdmux[0][6][0]$b$493 [5] $memory$auto$proc_rom.cc:155:do_switch$48$rdmux[0][6][0]$b$493 [0] 1'1 }, B={ 3'100 $memory$auto$proc_rom.cc:155:do_switch$48$rdmux[0][6][0]$b$493 [5] $memory$auto$proc_rom.cc:155:do_switch$48$rdmux[0][6][0]$b$493 [0] }, Y={ $memory$auto$proc_rom.cc:155:do_switch$48$rdmux[0][5][27]$a$477 [7:6] $memory$auto$proc_rom.cc:155:do_switch$48$rdmux[0][5][27]$a$477 [3:1] }
      New connections: $memory$auto$proc_rom.cc:155:do_switch$48$rdmux[0][5][27]$a$477 [5] = $memory$auto$proc_rom.cc:155:do_switch$48$rdmux[0][6][0]$b$493 [0]
    Consolidated identical input bits for $mux cell $memory$auto$proc_rom.cc:155:do_switch$48$rdmux[0][6][51]$644:
      Old ports: A={ 1'1 $memory$auto$proc_rom.cc:155:do_switch$48$rdmux[0][6][11]$a$525 [5] 1'0 $memory$auto$proc_rom.cc:155:do_switch$48$rdmux[0][6][11]$a$525 [0] }, B={ $memory$auto$proc_rom.cc:155:do_switch$48$rdmux[0][6][11]$a$525 [0] $memory$auto$proc_rom.cc:155:do_switch$48$rdmux[0][6][11]$a$525 [0] $memory$auto$proc_rom.cc:155:do_switch$48$rdmux[0][6][11]$a$525 [5] $memory$auto$proc_rom.cc:155:do_switch$48$rdmux[0][6][11]$a$525 [0] }, Y={ $memory$auto$proc_rom.cc:155:do_switch$48$rdmux[0][5][25]$b$472 [6:5] $memory$auto$proc_rom.cc:155:do_switch$48$rdmux[0][5][25]$b$472 [1:0] }
      New ports: A={ 1'1 $memory$auto$proc_rom.cc:155:do_switch$48$rdmux[0][6][11]$a$525 [5] 1'0 }, B={ $memory$auto$proc_rom.cc:155:do_switch$48$rdmux[0][6][11]$a$525 [0] $memory$auto$proc_rom.cc:155:do_switch$48$rdmux[0][6][11]$a$525 [0] $memory$auto$proc_rom.cc:155:do_switch$48$rdmux[0][6][11]$a$525 [5] }, Y={ $memory$auto$proc_rom.cc:155:do_switch$48$rdmux[0][5][25]$b$472 [6:5] $memory$auto$proc_rom.cc:155:do_switch$48$rdmux[0][5][25]$b$472 [1] }
      New connections: $memory$auto$proc_rom.cc:155:do_switch$48$rdmux[0][5][25]$b$472 [0] = $memory$auto$proc_rom.cc:155:do_switch$48$rdmux[0][6][11]$a$525 [0]
    Consolidated identical input bits for $mux cell $memory$auto$proc_rom.cc:155:do_switch$48$rdmux[0][6][50]$641:
      Old ports: A={ 2'01 $memory$auto$proc_rom.cc:155:do_switch$48$rdmux[0][6][0]$b$493 [0] $memory$auto$proc_rom.cc:155:do_switch$48$rdmux[0][6][0]$b$493 [5] 1'0 $memory$auto$proc_rom.cc:155:do_switch$48$rdmux[0][6][0]$b$493 [0] $memory$auto$proc_rom.cc:155:do_switch$48$rdmux[0][6][0]$b$493 [0] }, B={ $memory$auto$proc_rom.cc:155:do_switch$48$rdmux[0][6][0]$b$493 [0] $memory$auto$proc_rom.cc:155:do_switch$48$rdmux[0][6][0]$b$493 [5] $memory$auto$proc_rom.cc:155:do_switch$48$rdmux[0][6][0]$b$493 [5] 1'1 $memory$auto$proc_rom.cc:155:do_switch$48$rdmux[0][6][0]$b$493 [5] 1'1 $memory$auto$proc_rom.cc:155:do_switch$48$rdmux[0][6][0]$b$493 [0] }, Y=$memory$auto$proc_rom.cc:155:do_switch$48$rdmux[0][5][25]$a$471 [6:0]
      New ports: A={ 2'01 $memory$auto$proc_rom.cc:155:do_switch$48$rdmux[0][6][0]$b$493 [0] $memory$auto$proc_rom.cc:155:do_switch$48$rdmux[0][6][0]$b$493 [5] 1'0 $memory$auto$proc_rom.cc:155:do_switch$48$rdmux[0][6][0]$b$493 [0] }, B={ $memory$auto$proc_rom.cc:155:do_switch$48$rdmux[0][6][0]$b$493 [0] $memory$auto$proc_rom.cc:155:do_switch$48$rdmux[0][6][0]$b$493 [5] $memory$auto$proc_rom.cc:155:do_switch$48$rdmux[0][6][0]$b$493 [5] 1'1 $memory$auto$proc_rom.cc:155:do_switch$48$rdmux[0][6][0]$b$493 [5] 1'1 }, Y=$memory$auto$proc_rom.cc:155:do_switch$48$rdmux[0][5][25]$a$471 [6:1]
      New connections: $memory$auto$proc_rom.cc:155:do_switch$48$rdmux[0][5][25]$a$471 [0] = $memory$auto$proc_rom.cc:155:do_switch$48$rdmux[0][6][0]$b$493 [0]
    Consolidated identical input bits for $mux cell $memory$auto$proc_rom.cc:155:do_switch$48$rdmux[0][6][42]$617:
      Old ports: A={ $memory$auto$proc_rom.cc:155:do_switch$48$rdmux[0][6][0]$b$493 [5] 1'1 $memory$auto$proc_rom.cc:155:do_switch$48$rdmux[0][6][0]$b$493 [0] 1'1 $memory$auto$proc_rom.cc:155:do_switch$48$rdmux[0][6][0]$b$493 [0] }, B={ 2'00 $memory$auto$proc_rom.cc:155:do_switch$48$rdmux[0][6][0]$b$493 [5] $memory$auto$proc_rom.cc:155:do_switch$48$rdmux[0][6][0]$b$493 [0] $memory$auto$proc_rom.cc:155:do_switch$48$rdmux[0][6][0]$b$493 [0] }, Y={ $memory$auto$proc_rom.cc:155:do_switch$48$rdmux[0][5][21]$a$459 [6] $memory$auto$proc_rom.cc:155:do_switch$48$rdmux[0][5][21]$a$459 [4] $memory$auto$proc_rom.cc:155:do_switch$48$rdmux[0][5][21]$a$459 [2:0] }
      New ports: A={ $memory$auto$proc_rom.cc:155:do_switch$48$rdmux[0][6][0]$b$493 [5] 1'1 $memory$auto$proc_rom.cc:155:do_switch$48$rdmux[0][6][0]$b$493 [0] 1'1 }, B={ 2'00 $memory$auto$proc_rom.cc:155:do_switch$48$rdmux[0][6][0]$b$493 [5] $memory$auto$proc_rom.cc:155:do_switch$48$rdmux[0][6][0]$b$493 [0] }, Y={ $memory$auto$proc_rom.cc:155:do_switch$48$rdmux[0][5][21]$a$459 [6] $memory$auto$proc_rom.cc:155:do_switch$48$rdmux[0][5][21]$a$459 [4] $memory$auto$proc_rom.cc:155:do_switch$48$rdmux[0][5][21]$a$459 [2:1] }
      New connections: $memory$auto$proc_rom.cc:155:do_switch$48$rdmux[0][5][21]$a$459 [0] = $memory$auto$proc_rom.cc:155:do_switch$48$rdmux[0][6][0]$b$493 [0]
    Consolidated identical input bits for $mux cell $memory$auto$proc_rom.cc:155:do_switch$48$rdmux[0][6][41]$614:
      Old ports: A={ 1'1 $memory$auto$proc_rom.cc:155:do_switch$48$rdmux[0][6][0]$b$493 [5] $memory$auto$proc_rom.cc:155:do_switch$48$rdmux[0][6][0]$b$493 [0] 2'01 }, B={ $memory$auto$proc_rom.cc:155:do_switch$48$rdmux[0][6][0]$b$493 [5] $memory$auto$proc_rom.cc:155:do_switch$48$rdmux[0][6][0]$b$493 [0] $memory$auto$proc_rom.cc:155:do_switch$48$rdmux[0][6][0]$b$493 [0] 1'1 $memory$auto$proc_rom.cc:155:do_switch$48$rdmux[0][6][0]$b$493 [0] }, Y={ $memory$auto$proc_rom.cc:155:do_switch$48$rdmux[0][5][20]$b$457 [7:5] $memory$auto$proc_rom.cc:155:do_switch$48$rdmux[0][5][20]$b$457 [2:1] }
      New ports: A={ 1'1 $memory$auto$proc_rom.cc:155:do_switch$48$rdmux[0][6][0]$b$493 [5] 2'01 }, B={ $memory$auto$proc_rom.cc:155:do_switch$48$rdmux[0][6][0]$b$493 [5] $memory$auto$proc_rom.cc:155:do_switch$48$rdmux[0][6][0]$b$493 [0] 1'1 $memory$auto$proc_rom.cc:155:do_switch$48$rdmux[0][6][0]$b$493 [0] }, Y={ $memory$auto$proc_rom.cc:155:do_switch$48$rdmux[0][5][20]$b$457 [7:6] $memory$auto$proc_rom.cc:155:do_switch$48$rdmux[0][5][20]$b$457 [2:1] }
      New connections: $memory$auto$proc_rom.cc:155:do_switch$48$rdmux[0][5][20]$b$457 [5] = $memory$auto$proc_rom.cc:155:do_switch$48$rdmux[0][6][0]$b$493 [0]
    Consolidated identical input bits for $mux cell $memory$auto$proc_rom.cc:155:do_switch$48$rdmux[0][6][36]$599:
      Old ports: A={ 2'11 $memory$auto$proc_rom.cc:155:do_switch$48$rdmux[0][6][11]$a$525 [0] 2'00 $memory$auto$proc_rom.cc:155:do_switch$48$rdmux[0][6][11]$a$525 [5] $memory$auto$proc_rom.cc:155:do_switch$48$rdmux[0][6][11]$a$525 [0] }, B={ $memory$auto$proc_rom.cc:155:do_switch$48$rdmux[0][6][11]$a$525 [0] $memory$auto$proc_rom.cc:155:do_switch$48$rdmux[0][6][11]$a$525 [5] $memory$auto$proc_rom.cc:155:do_switch$48$rdmux[0][6][11]$a$525 [5] $memory$auto$proc_rom.cc:155:do_switch$48$rdmux[0][6][11]$a$525 [5] $memory$auto$proc_rom.cc:155:do_switch$48$rdmux[0][6][11]$a$525 [0] 1'0 $memory$auto$proc_rom.cc:155:do_switch$48$rdmux[0][6][11]$a$525 [0] }, Y={ $memory$auto$proc_rom.cc:155:do_switch$48$rdmux[0][5][18]$a$450 [7:5] $memory$auto$proc_rom.cc:155:do_switch$48$rdmux[0][5][18]$a$450 [3:0] }
      New ports: A={ 2'11 $memory$auto$proc_rom.cc:155:do_switch$48$rdmux[0][6][11]$a$525 [0] 2'00 $memory$auto$proc_rom.cc:155:do_switch$48$rdmux[0][6][11]$a$525 [5] }, B={ $memory$auto$proc_rom.cc:155:do_switch$48$rdmux[0][6][11]$a$525 [0] $memory$auto$proc_rom.cc:155:do_switch$48$rdmux[0][6][11]$a$525 [5] $memory$auto$proc_rom.cc:155:do_switch$48$rdmux[0][6][11]$a$525 [5] $memory$auto$proc_rom.cc:155:do_switch$48$rdmux[0][6][11]$a$525 [5] $memory$auto$proc_rom.cc:155:do_switch$48$rdmux[0][6][11]$a$525 [0] 1'0 }, Y={ $memory$auto$proc_rom.cc:155:do_switch$48$rdmux[0][5][18]$a$450 [7:5] $memory$auto$proc_rom.cc:155:do_switch$48$rdmux[0][5][18]$a$450 [3:1] }
      New connections: $memory$auto$proc_rom.cc:155:do_switch$48$rdmux[0][5][18]$a$450 [0] = $memory$auto$proc_rom.cc:155:do_switch$48$rdmux[0][6][11]$a$525 [0]
    Consolidated identical input bits for $mux cell $memory$auto$proc_rom.cc:155:do_switch$48$rdmux[0][6][35]$596:
      Old ports: A={ $memory$auto$proc_rom.cc:155:do_switch$48$rdmux[0][6][0]$b$493 [5] $memory$auto$proc_rom.cc:155:do_switch$48$rdmux[0][6][0]$b$493 [0] 1'1 $memory$auto$proc_rom.cc:155:do_switch$48$rdmux[0][6][0]$b$493 [0] 1'0 }, B={ 1'0 $memory$auto$proc_rom.cc:155:do_switch$48$rdmux[0][6][0]$b$493 [5] 1'0 $memory$auto$proc_rom.cc:155:do_switch$48$rdmux[0][6][0]$b$493 [0] $memory$auto$proc_rom.cc:155:do_switch$48$rdmux[0][6][0]$b$493 [0] }, Y={ $memory$auto$proc_rom.cc:155:do_switch$48$rdmux[0][5][17]$b$448 [7:4] $memory$auto$proc_rom.cc:155:do_switch$48$rdmux[0][5][17]$b$448 [0] }
      New ports: A={ $memory$auto$proc_rom.cc:155:do_switch$48$rdmux[0][6][0]$b$493 [5] $memory$auto$proc_rom.cc:155:do_switch$48$rdmux[0][6][0]$b$493 [0] 2'10 }, B={ 1'0 $memory$auto$proc_rom.cc:155:do_switch$48$rdmux[0][6][0]$b$493 [5] 1'0 $memory$auto$proc_rom.cc:155:do_switch$48$rdmux[0][6][0]$b$493 [0] }, Y={ $memory$auto$proc_rom.cc:155:do_switch$48$rdmux[0][5][17]$b$448 [7:5] $memory$auto$proc_rom.cc:155:do_switch$48$rdmux[0][5][17]$b$448 [0] }
      New connections: $memory$auto$proc_rom.cc:155:do_switch$48$rdmux[0][5][17]$b$448 [4] = $memory$auto$proc_rom.cc:155:do_switch$48$rdmux[0][6][0]$b$493 [0]
    Consolidated identical input bits for $mux cell $memory$auto$proc_rom.cc:155:do_switch$48$rdmux[0][6][31]$584:
      Old ports: A={ $memory$auto$proc_rom.cc:155:do_switch$48$rdmux[0][6][0]$b$493 [5] 1'0 $memory$auto$proc_rom.cc:155:do_switch$48$rdmux[0][6][0]$b$493 [5] $memory$auto$proc_rom.cc:155:do_switch$48$rdmux[0][6][0]$b$493 [0] $memory$auto$proc_rom.cc:155:do_switch$48$rdmux[0][6][0]$b$493 [0] 1'1 }, B={ $memory$auto$proc_rom.cc:155:do_switch$48$rdmux[0][6][0]$b$493 [5] 2'10 $memory$auto$proc_rom.cc:155:do_switch$48$rdmux[0][6][0]$b$493 [5] $memory$auto$proc_rom.cc:155:do_switch$48$rdmux[0][6][0]$b$493 [0] 1'0 }, Y={ $memory$auto$proc_rom.cc:155:do_switch$48$rdmux[0][5][15]$b$442 [6:5] $memory$auto$proc_rom.cc:155:do_switch$48$rdmux[0][5][15]$b$442 [3:0] }
      New ports: A={ 1'0 $memory$auto$proc_rom.cc:155:do_switch$48$rdmux[0][6][0]$b$493 [5] $memory$auto$proc_rom.cc:155:do_switch$48$rdmux[0][6][0]$b$493 [0] 1'1 }, B={ 2'10 $memory$auto$proc_rom.cc:155:do_switch$48$rdmux[0][6][0]$b$493 [5] 1'0 }, Y={ $memory$auto$proc_rom.cc:155:do_switch$48$rdmux[0][5][15]$b$442 [5] $memory$auto$proc_rom.cc:155:do_switch$48$rdmux[0][5][15]$b$442 [3:2] $memory$auto$proc_rom.cc:155:do_switch$48$rdmux[0][5][15]$b$442 [0] }
      New connections: { $memory$auto$proc_rom.cc:155:do_switch$48$rdmux[0][5][15]$b$442 [6] $memory$auto$proc_rom.cc:155:do_switch$48$rdmux[0][5][15]$b$442 [1] } = { $memory$auto$proc_rom.cc:155:do_switch$48$rdmux[0][6][0]$b$493 [5] $memory$auto$proc_rom.cc:155:do_switch$48$rdmux[0][6][0]$b$493 [0] }
    Consolidated identical input bits for $mux cell $memory$auto$proc_rom.cc:155:do_switch$48$rdmux[0][6][27]$572:
      Old ports: A={ 1'1 $memory$auto$proc_rom.cc:155:do_switch$48$rdmux[0][6][11]$a$525 [5] $memory$auto$proc_rom.cc:155:do_switch$48$rdmux[0][6][11]$a$525 [5] $memory$auto$proc_rom.cc:155:do_switch$48$rdmux[0][6][11]$a$525 [0] 1'0 $memory$auto$proc_rom.cc:155:do_switch$48$rdmux[0][6][11]$a$525 [0] }, B={ 1'0 $memory$auto$proc_rom.cc:155:do_switch$48$rdmux[0][6][11]$a$525 [5] 1'1 $memory$auto$proc_rom.cc:155:do_switch$48$rdmux[0][6][11]$a$525 [5] 1'1 $memory$auto$proc_rom.cc:155:do_switch$48$rdmux[0][6][11]$a$525 [0] }, Y={ $memory$auto$proc_rom.cc:155:do_switch$48$rdmux[0][5][13]$b$436 [7] $memory$auto$proc_rom.cc:155:do_switch$48$rdmux[0][5][13]$b$436 [4:0] }
      New ports: A={ 1'1 $memory$auto$proc_rom.cc:155:do_switch$48$rdmux[0][6][11]$a$525 [5] $memory$auto$proc_rom.cc:155:do_switch$48$rdmux[0][6][11]$a$525 [0] 1'0 }, B={ 2'01 $memory$auto$proc_rom.cc:155:do_switch$48$rdmux[0][6][11]$a$525 [5] 1'1 }, Y={ $memory$auto$proc_rom.cc:155:do_switch$48$rdmux[0][5][13]$b$436 [7] $memory$auto$proc_rom.cc:155:do_switch$48$rdmux[0][5][13]$b$436 [3:1] }
      New connections: { $memory$auto$proc_rom.cc:155:do_switch$48$rdmux[0][5][13]$b$436 [4] $memory$auto$proc_rom.cc:155:do_switch$48$rdmux[0][5][13]$b$436 [0] } = { $memory$auto$proc_rom.cc:155:do_switch$48$rdmux[0][6][11]$a$525 [5] $memory$auto$proc_rom.cc:155:do_switch$48$rdmux[0][6][11]$a$525 [0] }
    Consolidated identical input bits for $mux cell $memory$auto$proc_rom.cc:155:do_switch$48$rdmux[0][6][25]$566:
      Old ports: A={ $memory$auto$proc_rom.cc:155:do_switch$48$rdmux[0][6][0]$b$493 [5] $memory$auto$proc_rom.cc:155:do_switch$48$rdmux[0][6][0]$b$493 [0] $memory$auto$proc_rom.cc:155:do_switch$48$rdmux[0][6][0]$b$493 [0] $memory$auto$proc_rom.cc:155:do_switch$48$rdmux[0][6][0]$b$493 [0] $memory$auto$proc_rom.cc:155:do_switch$48$rdmux[0][6][0]$b$493 [5] $memory$auto$proc_rom.cc:155:do_switch$48$rdmux[0][6][0]$b$493 [0] }, B={ 2'01 $memory$auto$proc_rom.cc:155:do_switch$48$rdmux[0][6][0]$b$493 [5] 1'0 $memory$auto$proc_rom.cc:155:do_switch$48$rdmux[0][6][0]$b$493 [0] $memory$auto$proc_rom.cc:155:do_switch$48$rdmux[0][6][0]$b$493 [0] }, Y=$memory$auto$proc_rom.cc:155:do_switch$48$rdmux[0][5][12]$b$433 [8:3]
      New ports: A={ $memory$auto$proc_rom.cc:155:do_switch$48$rdmux[0][6][0]$b$493 [5] $memory$auto$proc_rom.cc:155:do_switch$48$rdmux[0][6][0]$b$493 [0] $memory$auto$proc_rom.cc:155:do_switch$48$rdmux[0][6][0]$b$493 [0] $memory$auto$proc_rom.cc:155:do_switch$48$rdmux[0][6][0]$b$493 [0] $memory$auto$proc_rom.cc:155:do_switch$48$rdmux[0][6][0]$b$493 [5] }, B={ 2'01 $memory$auto$proc_rom.cc:155:do_switch$48$rdmux[0][6][0]$b$493 [5] 1'0 $memory$auto$proc_rom.cc:155:do_switch$48$rdmux[0][6][0]$b$493 [0] }, Y=$memory$auto$proc_rom.cc:155:do_switch$48$rdmux[0][5][12]$b$433 [8:4]
      New connections: $memory$auto$proc_rom.cc:155:do_switch$48$rdmux[0][5][12]$b$433 [3] = $memory$auto$proc_rom.cc:155:do_switch$48$rdmux[0][6][0]$b$493 [0]
    Consolidated identical input bits for $mux cell $memory$auto$proc_rom.cc:155:do_switch$48$rdmux[0][6][19]$548:
      Old ports: A={ 2'10 $memory$auto$proc_rom.cc:155:do_switch$48$rdmux[0][6][11]$a$525 [0] $memory$auto$proc_rom.cc:155:do_switch$48$rdmux[0][6][11]$a$525 [5] $memory$auto$proc_rom.cc:155:do_switch$48$rdmux[0][6][11]$a$525 [5] $memory$auto$proc_rom.cc:155:do_switch$48$rdmux[0][6][11]$a$525 [0] $memory$auto$proc_rom.cc:155:do_switch$48$rdmux[0][6][11]$a$525 [0] }, B={ $memory$auto$proc_rom.cc:155:do_switch$48$rdmux[0][6][11]$a$525 [0] $memory$auto$proc_rom.cc:155:do_switch$48$rdmux[0][6][11]$a$525 [5] $memory$auto$proc_rom.cc:155:do_switch$48$rdmux[0][6][11]$a$525 [5] $memory$auto$proc_rom.cc:155:do_switch$48$rdmux[0][6][11]$a$525 [5] 2'01 $memory$auto$proc_rom.cc:155:do_switch$48$rdmux[0][6][11]$a$525 [0] }, Y={ $memory$auto$proc_rom.cc:155:do_switch$48$rdmux[0][5][9]$b$424 [7:3] $memory$auto$proc_rom.cc:155:do_switch$48$rdmux[0][5][9]$b$424 [1:0] }
      New ports: A={ 2'10 $memory$auto$proc_rom.cc:155:do_switch$48$rdmux[0][6][11]$a$525 [0] $memory$auto$proc_rom.cc:155:do_switch$48$rdmux[0][6][11]$a$525 [5] $memory$auto$proc_rom.cc:155:do_switch$48$rdmux[0][6][11]$a$525 [0] }, B={ $memory$auto$proc_rom.cc:155:do_switch$48$rdmux[0][6][11]$a$525 [0] $memory$auto$proc_rom.cc:155:do_switch$48$rdmux[0][6][11]$a$525 [5] $memory$auto$proc_rom.cc:155:do_switch$48$rdmux[0][6][11]$a$525 [5] 2'01 }, Y={ $memory$auto$proc_rom.cc:155:do_switch$48$rdmux[0][5][9]$b$424 [7:5] $memory$auto$proc_rom.cc:155:do_switch$48$rdmux[0][5][9]$b$424 [3] $memory$auto$proc_rom.cc:155:do_switch$48$rdmux[0][5][9]$b$424 [1] }
      New connections: { $memory$auto$proc_rom.cc:155:do_switch$48$rdmux[0][5][9]$b$424 [4] $memory$auto$proc_rom.cc:155:do_switch$48$rdmux[0][5][9]$b$424 [0] } = { $memory$auto$proc_rom.cc:155:do_switch$48$rdmux[0][6][11]$a$525 [5] $memory$auto$proc_rom.cc:155:do_switch$48$rdmux[0][6][11]$a$525 [0] }
    Consolidated identical input bits for $mux cell $memory$auto$proc_rom.cc:155:do_switch$48$rdmux[0][6][18]$545:
      Old ports: A={ 2'10 $memory$auto$proc_rom.cc:155:do_switch$48$rdmux[0][6][0]$b$493 [5] 2'10 $memory$auto$proc_rom.cc:155:do_switch$48$rdmux[0][6][0]$b$493 [0] }, B={ $memory$auto$proc_rom.cc:155:do_switch$48$rdmux[0][6][0]$b$493 [5] $memory$auto$proc_rom.cc:155:do_switch$48$rdmux[0][6][0]$b$493 [0] $memory$auto$proc_rom.cc:155:do_switch$48$rdmux[0][6][0]$b$493 [0] 1'0 $memory$auto$proc_rom.cc:155:do_switch$48$rdmux[0][6][0]$b$493 [5] $memory$auto$proc_rom.cc:155:do_switch$48$rdmux[0][6][0]$b$493 [0] }, Y={ $memory$auto$proc_rom.cc:155:do_switch$48$rdmux[0][5][9]$a$423 [6:3] $memory$auto$proc_rom.cc:155:do_switch$48$rdmux[0][5][9]$a$423 [1:0] }
      New ports: A={ 2'10 $memory$auto$proc_rom.cc:155:do_switch$48$rdmux[0][6][0]$b$493 [5] 2'10 }, B={ $memory$auto$proc_rom.cc:155:do_switch$48$rdmux[0][6][0]$b$493 [5] $memory$auto$proc_rom.cc:155:do_switch$48$rdmux[0][6][0]$b$493 [0] $memory$auto$proc_rom.cc:155:do_switch$48$rdmux[0][6][0]$b$493 [0] 1'0 $memory$auto$proc_rom.cc:155:do_switch$48$rdmux[0][6][0]$b$493 [5] }, Y={ $memory$auto$proc_rom.cc:155:do_switch$48$rdmux[0][5][9]$a$423 [6:3] $memory$auto$proc_rom.cc:155:do_switch$48$rdmux[0][5][9]$a$423 [1] }
      New connections: $memory$auto$proc_rom.cc:155:do_switch$48$rdmux[0][5][9]$a$423 [0] = $memory$auto$proc_rom.cc:155:do_switch$48$rdmux[0][6][0]$b$493 [0]
    Consolidated identical input bits for $mux cell $memory$auto$proc_rom.cc:155:do_switch$48$rdmux[0][6][12]$527:
      Old ports: A={ 2'01 $memory$auto$proc_rom.cc:155:do_switch$48$rdmux[0][6][11]$a$525 [5] 1'0 $memory$auto$proc_rom.cc:155:do_switch$48$rdmux[0][6][11]$a$525 [5] 1'1 $memory$auto$proc_rom.cc:155:do_switch$48$rdmux[0][6][11]$a$525 [0] }, B={ 2'10 $memory$auto$proc_rom.cc:155:do_switch$48$rdmux[0][6][11]$a$525 [5] $memory$auto$proc_rom.cc:155:do_switch$48$rdmux[0][6][11]$a$525 [5] $memory$auto$proc_rom.cc:155:do_switch$48$rdmux[0][6][11]$a$525 [0] $memory$auto$proc_rom.cc:155:do_switch$48$rdmux[0][6][11]$a$525 [0] $memory$auto$proc_rom.cc:155:do_switch$48$rdmux[0][6][11]$a$525 [0] }, Y={ $memory$auto$proc_rom.cc:155:do_switch$48$rdmux[0][5][6]$a$414 [7] $memory$auto$proc_rom.cc:155:do_switch$48$rdmux[0][5][6]$a$414 [5:0] }
      New ports: A={ 3'010 $memory$auto$proc_rom.cc:155:do_switch$48$rdmux[0][6][11]$a$525 [5] 1'1 }, B={ 2'10 $memory$auto$proc_rom.cc:155:do_switch$48$rdmux[0][6][11]$a$525 [5] $memory$auto$proc_rom.cc:155:do_switch$48$rdmux[0][6][11]$a$525 [0] $memory$auto$proc_rom.cc:155:do_switch$48$rdmux[0][6][11]$a$525 [0] }, Y={ $memory$auto$proc_rom.cc:155:do_switch$48$rdmux[0][5][6]$a$414 [7] $memory$auto$proc_rom.cc:155:do_switch$48$rdmux[0][5][6]$a$414 [5] $memory$auto$proc_rom.cc:155:do_switch$48$rdmux[0][5][6]$a$414 [3:1] }
      New connections: { $memory$auto$proc_rom.cc:155:do_switch$48$rdmux[0][5][6]$a$414 [4] $memory$auto$proc_rom.cc:155:do_switch$48$rdmux[0][5][6]$a$414 [0] } = { $memory$auto$proc_rom.cc:155:do_switch$48$rdmux[0][6][11]$a$525 [5] $memory$auto$proc_rom.cc:155:do_switch$48$rdmux[0][6][11]$a$525 [0] }
    Consolidated identical input bits for $mux cell $memory$auto$proc_rom.cc:155:do_switch$48$rdmux[0][6][10]$521:
      Old ports: A={ $memory$auto$proc_rom.cc:155:do_switch$48$rdmux[0][6][0]$b$493 [0] $memory$auto$proc_rom.cc:155:do_switch$48$rdmux[0][6][0]$b$493 [5] 2'00 $memory$auto$proc_rom.cc:155:do_switch$48$rdmux[0][6][0]$b$493 [5] $memory$auto$proc_rom.cc:155:do_switch$48$rdmux[0][6][0]$b$493 [5] $memory$auto$proc_rom.cc:155:do_switch$48$rdmux[0][6][0]$b$493 [0] }, B={ 1'1 $memory$auto$proc_rom.cc:155:do_switch$48$rdmux[0][6][0]$b$493 [0] 1'1 $memory$auto$proc_rom.cc:155:do_switch$48$rdmux[0][6][0]$b$493 [5] 2'10 $memory$auto$proc_rom.cc:155:do_switch$48$rdmux[0][6][0]$b$493 [0] }, Y=$memory$auto$proc_rom.cc:155:do_switch$48$rdmux[0][5][5]$a$411 [6:0]
      New ports: A={ $memory$auto$proc_rom.cc:155:do_switch$48$rdmux[0][6][0]$b$493 [0] $memory$auto$proc_rom.cc:155:do_switch$48$rdmux[0][6][0]$b$493 [5] 2'00 $memory$auto$proc_rom.cc:155:do_switch$48$rdmux[0][6][0]$b$493 [5] $memory$auto$proc_rom.cc:155:do_switch$48$rdmux[0][6][0]$b$493 [5] }, B={ 1'1 $memory$auto$proc_rom.cc:155:do_switch$48$rdmux[0][6][0]$b$493 [0] 1'1 $memory$auto$proc_rom.cc:155:do_switch$48$rdmux[0][6][0]$b$493 [5] 2'10 }, Y=$memory$auto$proc_rom.cc:155:do_switch$48$rdmux[0][5][5]$a$411 [6:1]
      New connections: $memory$auto$proc_rom.cc:155:do_switch$48$rdmux[0][5][5]$a$411 [0] = $memory$auto$proc_rom.cc:155:do_switch$48$rdmux[0][6][0]$b$493 [0]
    Consolidated identical input bits for $mux cell $memory$auto$proc_rom.cc:155:do_switch$48$rdmux[0][6][8]$515:
      Old ports: A={ 1'0 $memory$auto$proc_rom.cc:155:do_switch$48$rdmux[0][6][11]$a$525 [5] $memory$auto$proc_rom.cc:155:do_switch$48$rdmux[0][6][11]$a$525 [0] $memory$auto$proc_rom.cc:155:do_switch$48$rdmux[0][6][11]$a$525 [5] $memory$auto$proc_rom.cc:155:do_switch$48$rdmux[0][6][11]$a$525 [0] 2'11 }, B={ $memory$auto$proc_rom.cc:155:do_switch$48$rdmux[0][6][11]$a$525 [5] $memory$auto$proc_rom.cc:155:do_switch$48$rdmux[0][6][11]$a$525 [0] $memory$auto$proc_rom.cc:155:do_switch$48$rdmux[0][6][11]$a$525 [0] 2'11 $memory$auto$proc_rom.cc:155:do_switch$48$rdmux[0][6][11]$a$525 [5] $memory$auto$proc_rom.cc:155:do_switch$48$rdmux[0][6][11]$a$525 [0] }, Y={ $memory$auto$proc_rom.cc:155:do_switch$48$rdmux[0][5][4]$a$408 [9] $memory$auto$proc_rom.cc:155:do_switch$48$rdmux[0][5][4]$a$408 [6:5] $memory$auto$proc_rom.cc:155:do_switch$48$rdmux[0][5][4]$a$408 [3:0] }
      New ports: A={ 1'0 $memory$auto$proc_rom.cc:155:do_switch$48$rdmux[0][6][11]$a$525 [5] $memory$auto$proc_rom.cc:155:do_switch$48$rdmux[0][6][11]$a$525 [5] $memory$auto$proc_rom.cc:155:do_switch$48$rdmux[0][6][11]$a$525 [0] 2'11 }, B={ $memory$auto$proc_rom.cc:155:do_switch$48$rdmux[0][6][11]$a$525 [5] $memory$auto$proc_rom.cc:155:do_switch$48$rdmux[0][6][11]$a$525 [0] 2'11 $memory$auto$proc_rom.cc:155:do_switch$48$rdmux[0][6][11]$a$525 [5] $memory$auto$proc_rom.cc:155:do_switch$48$rdmux[0][6][11]$a$525 [0] }, Y={ $memory$auto$proc_rom.cc:155:do_switch$48$rdmux[0][5][4]$a$408 [9] $memory$auto$proc_rom.cc:155:do_switch$48$rdmux[0][5][4]$a$408 [6] $memory$auto$proc_rom.cc:155:do_switch$48$rdmux[0][5][4]$a$408 [3:0] }
      New connections: $memory$auto$proc_rom.cc:155:do_switch$48$rdmux[0][5][4]$a$408 [5] = $memory$auto$proc_rom.cc:155:do_switch$48$rdmux[0][6][11]$a$525 [0]
    Consolidated identical input bits for $mux cell $memory$auto$proc_rom.cc:155:do_switch$48$rdmux[0][6][4]$503:
      Old ports: A={ 2'00 $memory$auto$proc_rom.cc:155:do_switch$48$rdmux[0][6][11]$a$525 [5] $memory$auto$proc_rom.cc:155:do_switch$48$rdmux[0][6][11]$a$525 [5] 2'11 $memory$auto$proc_rom.cc:155:do_switch$48$rdmux[0][6][11]$a$525 [0] }, B={ $memory$auto$proc_rom.cc:155:do_switch$48$rdmux[0][6][11]$a$525 [5] $memory$auto$proc_rom.cc:155:do_switch$48$rdmux[0][6][11]$a$525 [0] $memory$auto$proc_rom.cc:155:do_switch$48$rdmux[0][6][11]$a$525 [0] $memory$auto$proc_rom.cc:155:do_switch$48$rdmux[0][6][11]$a$525 [5] 1'0 $memory$auto$proc_rom.cc:155:do_switch$48$rdmux[0][6][11]$a$525 [0] $memory$auto$proc_rom.cc:155:do_switch$48$rdmux[0][6][11]$a$525 [0] }, Y={ $memory$auto$proc_rom.cc:155:do_switch$48$rdmux[0][5][2]$a$402 [7:4] $memory$auto$proc_rom.cc:155:do_switch$48$rdmux[0][5][2]$a$402 [2:0] }
      New ports: A={ 2'00 $memory$auto$proc_rom.cc:155:do_switch$48$rdmux[0][6][11]$a$525 [5] 2'11 }, B={ $memory$auto$proc_rom.cc:155:do_switch$48$rdmux[0][6][11]$a$525 [5] $memory$auto$proc_rom.cc:155:do_switch$48$rdmux[0][6][11]$a$525 [0] $memory$auto$proc_rom.cc:155:do_switch$48$rdmux[0][6][11]$a$525 [0] 1'0 $memory$auto$proc_rom.cc:155:do_switch$48$rdmux[0][6][11]$a$525 [0] }, Y={ $memory$auto$proc_rom.cc:155:do_switch$48$rdmux[0][5][2]$a$402 [7:5] $memory$auto$proc_rom.cc:155:do_switch$48$rdmux[0][5][2]$a$402 [2:1] }
      New connections: { $memory$auto$proc_rom.cc:155:do_switch$48$rdmux[0][5][2]$a$402 [4] $memory$auto$proc_rom.cc:155:do_switch$48$rdmux[0][5][2]$a$402 [0] } = { $memory$auto$proc_rom.cc:155:do_switch$48$rdmux[0][6][11]$a$525 [5] $memory$auto$proc_rom.cc:155:do_switch$48$rdmux[0][6][11]$a$525 [0] }
  Optimizing cells in module \one_bit_synth.
Performed a total of 18 changes.

3.21.13. Executing OPT_MERGE pass (detect identical cells).
Finding identical cells in module `\one_bit_synth'.
Computing hashes of 178 cells of `\one_bit_synth'.
Finding duplicate cells in `\one_bit_synth'.
Computing hashes of 175 cells of `\one_bit_synth'.
Finding duplicate cells in `\one_bit_synth'.
<suppressed ~9 debug messages>
Removed a total of 3 cells.

3.21.14. Executing OPT_SHARE pass.

3.21.15. Executing OPT_DFF pass (perform DFF optimizations).
Adding SRST signal on $$auto$proc_rom.cc:155:do_switch$48$rdreg[0] ($dff) from module one_bit_synth (D = $memory$auto$proc_rom.cc:155:do_switch$48$rdmux[0][0][0]$b$304 [11], Q = \_283 [11], rval = 1'0).

3.21.16. Executing OPT_CLEAN pass (remove unused cells and wires).
Finding unused cells or wires in module \one_bit_synth..
Removed 2 unused cells and 27 unused wires.
<suppressed ~3 debug messages>

3.21.17. Executing OPT_EXPR pass (perform const folding).
Optimizing module one_bit_synth.

3.21.18. Rerunning OPT passes. (Maybe there is more to do..)

3.21.19. Executing OPT_MUXTREE pass (detect dead branches in mux trees).
Running muxtree optimizer on module \one_bit_synth..
  Creating internal representation of mux trees.
  Evaluating internal representation of mux trees.
  Analyzing evaluation results.
Removed 0 multiplexer ports.
<suppressed ~236 debug messages>

3.21.20. Executing OPT_REDUCE pass (consolidate $*mux and $reduce_* inputs).
  Optimizing cells in module \one_bit_synth.
Performed a total of 0 changes.

3.21.21. Executing OPT_MERGE pass (detect identical cells).
Finding identical cells in module `\one_bit_synth'.
Computing hashes of 174 cells of `\one_bit_synth'.
Finding duplicate cells in `\one_bit_synth'.
Removed a total of 0 cells.

3.21.22. Executing OPT_SHARE pass.

3.21.23. Executing OPT_DFF pass (perform DFF optimizations).

3.21.24. Executing OPT_CLEAN pass (remove unused cells and wires).
Finding unused cells or wires in module \one_bit_synth..

3.21.25. Executing OPT_EXPR pass (perform const folding).
Optimizing module one_bit_synth.

3.21.26. Finished fast OPT passes. (There is nothing left to do.)

3.22. Executing TECHMAP pass (map to technology primitives).

3.22.1. Executing Verilog-2005 frontend: /home/matthias/prog/janestreet/fabulous-notes/oss-cad-suite/lib/../share/yosys/techmap.v
Parsing Verilog input from `/home/matthias/prog/janestreet/fabulous-notes/oss-cad-suite/lib/../share/yosys/techmap.v' to AST representation.
Generating RTLIL representation for module `\_90_simplemap_bool_ops'.
Generating RTLIL representation for module `\_90_simplemap_reduce_ops'.
Generating RTLIL representation for module `\_90_simplemap_logic_ops'.
Generating RTLIL representation for module `\_90_simplemap_compare_ops'.
Generating RTLIL representation for module `\_90_simplemap_various'.
Generating RTLIL representation for module `\_90_simplemap_registers'.
Generating RTLIL representation for module `\_90_shift_ops_shr_shl_sshl_sshr'.
Generating RTLIL representation for module `\_90_shift_shiftx'.
Generating RTLIL representation for module `\_90_fa'.
Generating RTLIL representation for module `\_90_lcu_brent_kung'.
Generating RTLIL representation for module `\_90_alu'.
Generating RTLIL representation for module `\_90_macc'.
Generating RTLIL representation for module `\_90_alumacc'.
Generating RTLIL representation for module `$__div_mod_u'.
Generating RTLIL representation for module `$__div_mod_trunc'.
Generating RTLIL representation for module `\_90_div'.
Generating RTLIL representation for module `\_90_mod'.
Generating RTLIL representation for module `$__div_mod_floor'.
Generating RTLIL representation for module `\_90_divfloor'.
Generating RTLIL representation for module `\_90_modfloor'.
Generating RTLIL representation for module `\_90_pow'.
Generating RTLIL representation for module `\_90_demux'.
Generating RTLIL representation for module `\_90_lut'.
Generating RTLIL representation for module `$connect'.
Generating RTLIL representation for module `$input_port'.
Successfully finished Verilog frontend.

3.22.2. Continuing TECHMAP pass.
Using extmapper simplemap for cells of type $dff.
Using extmapper simplemap for cells of type $sdff.
Using template $paramod$00298f3f8094950cb9a5ff2fda48d0d8bde8806c\_90_alu for cells of type $alu.
Using template $paramod$fc972a7a46956c1788f3cb5257b53c8f1df2d0cc\_90_alu for cells of type $alu.
Using extmapper simplemap for cells of type $mux.
Using template $paramod$79aa992f2eb7f354d4aaf651790713cf239111fa\_90_alu for cells of type $alu.
Using template $paramod$e82d3fc1811c5751348a3964470632b35a435fc7\_90_alu for cells of type $alu.
Using template $paramod$672a140277c71df8314410f22acc08d55222c3c7\_90_alu for cells of type $alu.
Using template $paramod$32a7b7b86c07519b7537abc18e96f0331f97914d\_90_alu for cells of type $alu.
Using template $paramod$7e708ae28ab761f11d0fb59d3ffc72f6a4baf5d9\_90_alu for cells of type $alu.
Using template $paramod$ba698a254f9a5947e85cbe7beae6b161eefc5386\_90_alu for cells of type $alu.
Using extmapper maccmap for cells of type $macc_v2.
  add \_328 (20 bits, unsigned)
  add { \_283 [11] \_283 [11] \_283 [11] \_283 [11] \_283 [11] \_283 [11] \_283 2'00 } (20 bits, unsigned)
  sub { \_339 [16] \_339 [16] \_339 [16] \_339 [16] 16'1000000000000000 } (20 bits, unsigned)
  add \_360 (20 bits, unsigned)
  add \_356 (20 bits, unsigned)
  sub { \_339 [16] \_339 [16] \_339 [16] \_339 [16] 16'1000000000000000 } (20 bits, unsigned)
  packed 1 (1) bits / 1 words into adder tree
Using extmapper simplemap for cells of type $reduce_or.
Using extmapper simplemap for cells of type $sdffe.
Using extmapper simplemap for cells of type $reduce_and.
Using extmapper simplemap for cells of type $not.
Using extmapper simplemap for cells of type $eq.
Using extmapper simplemap for cells of type $pmux.
Using extmapper simplemap for cells of type $logic_not.
Using template $paramod\_90_fa\WIDTH=32'00000000000000000000000000010100 for cells of type $fa.
Using template $paramod$6fc37af1c109ae54e8aed83fcd995c12d378ce93\_90_alu for cells of type $alu.
Using extmapper simplemap for cells of type $pos.
Using template $paramod\_90_fa\WIDTH=32'00000000000000000000000000000010 for cells of type $fa.
Using template $paramod\_90_lcu_brent_kung\WIDTH=32'00000000000000000000000000000010 for cells of type $lcu.
Using extmapper simplemap for cells of type $xor.
Using template $paramod\_90_fa\WIDTH=32'00000000000000000000000000000100 for cells of type $fa.
Using template $paramod\_90_lcu_brent_kung\WIDTH=32'00000000000000000000000000000100 for cells of type $lcu.
Using template $paramod\_90_fa\WIDTH=32'00000000000000000000000000000101 for cells of type $fa.
Using template $paramod\_90_lcu_brent_kung\WIDTH=32'00000000000000000000000000000101 for cells of type $lcu.
Using template $paramod\_90_fa\WIDTH=32'00000000000000000000000000011000 for cells of type $fa.
Using template $paramod\_90_lcu_brent_kung\WIDTH=32'00000000000000000000000000011000 for cells of type $lcu.
Using template $paramod\_90_fa\WIDTH=32'00000000000000000000000000000001 for cells of type $fa.
Using template $paramod\_90_lcu_brent_kung\WIDTH=32'00000000000000000000000000000001 for cells of type $lcu.
Using template $paramod\_90_fa\WIDTH=32'00000000000000000000000000000110 for cells of type $fa.
Using template $paramod\_90_lcu_brent_kung\WIDTH=32'00000000000000000000000000000110 for cells of type $lcu.
Using extmapper simplemap for cells of type $or.
Using extmapper simplemap for cells of type $and.
Using template $paramod\_90_lcu_brent_kung\WIDTH=32'00000000000000000000000000010100 for cells of type $lcu.
No more expansions possible.
<suppressed ~1719 debug messages>

3.23. Executing OPT pass (performing simple optimizations).

3.23.1. Executing OPT_EXPR pass (perform const folding).
Optimizing module one_bit_synth.
<suppressed ~1054 debug messages>

3.23.2. Executing OPT_MERGE pass (detect identical cells).
Finding identical cells in module `\one_bit_synth'.
Computing hashes of 1967 cells of `\one_bit_synth'.
Finding duplicate cells in `\one_bit_synth'.
Computing hashes of 1641 cells of `\one_bit_synth'.
Finding duplicate cells in `\one_bit_synth'.
Computing hashes of 1546 cells of `\one_bit_synth'.
Finding duplicate cells in `\one_bit_synth'.
Computing hashes of 1500 cells of `\one_bit_synth'.
Finding duplicate cells in `\one_bit_synth'.
Computing hashes of 1494 cells of `\one_bit_synth'.
Finding duplicate cells in `\one_bit_synth'.
Computing hashes of 1493 cells of `\one_bit_synth'.
Finding duplicate cells in `\one_bit_synth'.
Computing hashes of 1492 cells of `\one_bit_synth'.
Finding duplicate cells in `\one_bit_synth'.
<suppressed ~1425 debug messages>
Removed a total of 475 cells.

3.23.3. Executing OPT_DFF pass (perform DFF optimizations).

3.23.4. Executing OPT_CLEAN pass (remove unused cells and wires).
Finding unused cells or wires in module \one_bit_synth..
Removed 122 unused cells and 826 unused wires.
<suppressed ~124 debug messages>

3.23.5. Finished fast OPT passes.

3.24. Executing ABC pass (technology mapping using ABC).

3.24.1. Summary of detected clock domains:
  17 cells in clk=\clock, en={ }, arst={ }, srst=!$auto$rtlil.cc:3369:Mux$157 [7]
  474 cells in clk=\clock, en={ }, arst={ }, srst={ }
  14 cells in clk=\clock, en={ }, arst={ }, srst=$auto$simple.cc:234:combine_resets$107
  35 cells in clk=\clock, en=$auto$simple.cc:210:make_patterns_logic$100, arst={ }, srst=\clear
  830 cells in clk=\clock, en=\_22, arst={ }, srst=\clear

3.24.2. Extracting gate netlist of module `\one_bit_synth' to `<abc-temp-dir>/input.blif'..
Found matching posedge clock domain: \clock, synchronously reset by !$auto$rtlil.cc:3369:Mux$157 [7]

3.24.3. Extracting gate netlist of module `\one_bit_synth' to `<abc-temp-dir>/input.blif'..
Found matching posedge clock domain: \clock

3.24.4. Extracting gate netlist of module `\one_bit_synth' to `<abc-temp-dir>/input.blif'..
Found matching posedge clock domain: \clock, synchronously reset by $auto$simple.cc:234:combine_resets$107

3.24.5. Extracting gate netlist of module `\one_bit_synth' to `<abc-temp-dir>/input.blif'..
Found matching posedge clock domain: \clock, enabled by $auto$simple.cc:210:make_patterns_logic$100, synchronously reset by \clear

3.24.6. Extracting gate netlist of module `\one_bit_synth' to `<abc-temp-dir>/input.blif'..
Found matching posedge clock domain: \clock, enabled by \_22, synchronously reset by \clear

3.24.6.1. Executed ABC.
Extracted 16 gates and 31 wires to a netlist network with 13 inputs and 14 outputs.
Running ABC script: <abc-temp-dir>/abc.script
ABC: UC Berkeley, ABC 1.01 (compiled Sep 21 2026 05:23:42)
ABC: abc 01> empty
ABC: abc 01> source <abc-temp-dir>/abc.script
ABC: + read_blif <abc-temp-dir>/input.blif 
ABC: + read_library <abc-temp-dir>/stdcells.genlib 
ABC: + strash 
ABC: + &get -n 
ABC: + &fraig -x 
ABC: + &put 
ABC: + scorr 
ABC: Warning: The network is combinational (run "fraig" or "fraig_sweep").
ABC: + dc2 
ABC: + dretime 
ABC: + strash 
ABC: + &get -n 
ABC: + &dch -f 
ABC: + &nf 
ABC: + &put 
ABC: + write_blif <abc-temp-dir>/output.blif 
ABC: 
ABC: YOSYS_ABC_DONE 

3.24.6.2. Re-integrating ABC results.
ABC RESULTS:               AND cells:        1
ABC RESULTS:            ANDNOT cells:        5
ABC RESULTS:               NOR cells:        1
ABC RESULTS:               NOT cells:        2
ABC RESULTS:                OR cells:        6
ABC RESULTS:             ORNOT cells:        1
ABC RESULTS:               XOR cells:        1
ABC RESULTS:        internal signals:        4
ABC RESULTS:           input signals:       13
ABC RESULTS:          output signals:       14
Removing temp directory.

3.24.6.1. Executed ABC.
Extracted 463 gates and 499 wires to a netlist network with 34 inputs and 36 outputs.
Running ABC script: <abc-temp-dir>/abc.script
ABC: UC Berkeley, ABC 1.01 (compiled Sep 21 2026 05:23:42)
ABC: abc 01> empty
ABC: abc 01> source <abc-temp-dir>/abc.script
ABC: + read_blif <abc-temp-dir>/input.blif 
ABC: + read_library <abc-temp-dir>/stdcells.genlib 
ABC: + strash 
ABC: + &get -n 
ABC: + &fraig -x 
ABC: + &put 
ABC: + scorr 
ABC: Warning: The network is combinational (run "fraig" or "fraig_sweep").
ABC: + dc2 
ABC: + dretime 
ABC: + strash 
ABC: + &get -n 
ABC: + &dch -f 
ABC: + &nf 
ABC: + &put 
ABC: + write_blif <abc-temp-dir>/output.blif 
ABC: 
ABC: YOSYS_ABC_DONE 

3.24.6.2. Re-integrating ABC results.
ABC RESULTS:               AND cells:      166
ABC RESULTS:            ANDNOT cells:       42
ABC RESULTS:               MUX cells:       20
ABC RESULTS:              NAND cells:      253
ABC RESULTS:               NOR cells:       19
ABC RESULTS:               NOT cells:       18
ABC RESULTS:                OR cells:       91
ABC RESULTS:             ORNOT cells:       28
ABC RESULTS:        internal signals:      429
ABC RESULTS:           input signals:       34
ABC RESULTS:          output signals:       36
Removing temp directory.

3.24.6.1. Executed ABC.
Extracted 10 gates and 16 wires to a netlist network with 6 inputs and 8 outputs.
Running ABC script: <abc-temp-dir>/abc.script
ABC: UC Berkeley, ABC 1.01 (compiled Sep 21 2026 05:23:42)
ABC: abc 01> empty
ABC: abc 01> source <abc-temp-dir>/abc.script
ABC: + read_blif <abc-temp-dir>/input.blif 
ABC: + read_library <abc-temp-dir>/stdcells.genlib 
ABC: + strash 
ABC: + &get -n 
ABC: + &fraig -x 
ABC: + &put 
ABC: + scorr 
ABC: Warning: The network is combinational (run "fraig" or "fraig_sweep").
ABC: + dc2 
ABC: + dretime 
ABC: + strash 
ABC: + &get -n 
ABC: + &dch -f 
ABC: + &nf 
ABC: + &put 
ABC: + write_blif <abc-temp-dir>/output.blif 
ABC: 
ABC: YOSYS_ABC_DONE 

3.24.6.2. Re-integrating ABC results.
ABC RESULTS:               AND cells:        2
ABC RESULTS:               NOT cells:        4
ABC RESULTS:                OR cells:        1
ABC RESULTS:              XNOR cells:        2
ABC RESULTS:               XOR cells:        1
ABC RESULTS:        internal signals:        2
ABC RESULTS:           input signals:        6
ABC RESULTS:          output signals:        8
Removing temp directory.

3.24.6.1. Executed ABC.
Extracted 30 gates and 38 wires to a netlist network with 7 inputs and 9 outputs.
Running ABC script: <abc-temp-dir>/abc.script
ABC: UC Berkeley, ABC 1.01 (compiled Sep 21 2026 05:23:42)
ABC: abc 01> empty
ABC: abc 01> source <abc-temp-dir>/abc.script
ABC: + read_blif <abc-temp-dir>/input.blif 
ABC: + read_library <abc-temp-dir>/stdcells.genlib 
ABC: + strash 
ABC: + &get -n 
ABC: + &fraig -x 
ABC: + &put 
ABC: + scorr 
ABC: Warning: The network is combinational (run "fraig" or "fraig_sweep").
ABC: + dc2 
ABC: + dretime 
ABC: + strash 
ABC: + &get -n 
ABC: + &dch -f 
ABC: + &nf 
ABC: + &put 
ABC: + write_blif <abc-temp-dir>/output.blif 
ABC: 
ABC: YOSYS_ABC_DONE 

3.24.6.2. Re-integrating ABC results.
ABC RESULTS:               AND cells:        2
ABC RESULTS:            ANDNOT cells:        5
ABC RESULTS:              NAND cells:        4
ABC RESULTS:               NOR cells:        2
ABC RESULTS:               NOT cells:        1
ABC RESULTS:                OR cells:        1
ABC RESULTS:              XNOR cells:        1
ABC RESULTS:               XOR cells:        2
ABC RESULTS:        internal signals:       22
ABC RESULTS:           input signals:        7
ABC RESULTS:          output signals:        9
Removing temp directory.

3.24.6.1. Executed ABC.
Extracted 741 gates and 866 wires to a netlist network with 123 inputs and 112 outputs.
Running ABC script: <abc-temp-dir>/abc.script
ABC: UC Berkeley, ABC 1.01 (compiled Sep 21 2026 05:23:42)
ABC: abc 01> empty
ABC: abc 01> source <abc-temp-dir>/abc.script
ABC: + read_blif <abc-temp-dir>/input.blif 
ABC: + read_library <abc-temp-dir>/stdcells.genlib 
ABC: + strash 
ABC: + &get -n 
ABC: + &fraig -x 
ABC: + &put 
ABC: + scorr 
ABC: Warning: The network is combinational (run "fraig" or "fraig_sweep").
ABC: + dc2 
ABC: + dretime 
ABC: + strash 
ABC: + &get -n 
ABC: + &dch -f 
ABC: + &nf 
ABC: + &put 
ABC: + write_blif <abc-temp-dir>/output.blif 
ABC: 
ABC: YOSYS_ABC_DONE 

3.24.6.2. Re-integrating ABC results.
ABC RESULTS:               AND cells:      134
ABC RESULTS:            ANDNOT cells:       24
ABC RESULTS:               MUX cells:        9
ABC RESULTS:              NAND cells:      130
ABC RESULTS:               NOR cells:       13
ABC RESULTS:               NOT cells:       13
ABC RESULTS:                OR cells:       82
ABC RESULTS:             ORNOT cells:        8
ABC RESULTS:              XNOR cells:       85
ABC RESULTS:               XOR cells:       68
ABC RESULTS:        internal signals:      631
ABC RESULTS:           input signals:      123
ABC RESULTS:          output signals:      112
Removing temp directory.
Removing global temp directory.

3.25. Executing OPT pass (performing simple optimizations).

3.25.1. Executing OPT_EXPR pass (perform const folding).
Optimizing module one_bit_synth.
<suppressed ~7 debug messages>

3.25.2. Executing OPT_MERGE pass (detect identical cells).
Finding identical cells in module `\one_bit_synth'.
Computing hashes of 1358 cells of `\one_bit_synth'.
Finding duplicate cells in `\one_bit_synth'.
Computing hashes of 1355 cells of `\one_bit_synth'.
Finding duplicate cells in `\one_bit_synth'.
Computing hashes of 1353 cells of `\one_bit_synth'.
Finding duplicate cells in `\one_bit_synth'.
<suppressed ~15 debug messages>
Removed a total of 5 cells.

3.25.3. Executing OPT_DFF pass (perform DFF optimizations).

3.25.4. Executing OPT_CLEAN pass (remove unused cells and wires).
Finding unused cells or wires in module \one_bit_synth..
Removed 0 unused cells and 657 unused wires.
<suppressed ~17 debug messages>

3.25.5. Finished fast OPT passes.

3.26. Executing HIERARCHY pass (managing design hierarchy).
Attribute `top' found on module `one_bit_synth'. Setting top module to one_bit_synth.

3.26.1. Analyzing design hierarchy..
Top module:  \one_bit_synth

3.26.2. Analyzing design hierarchy..
Top module:  \one_bit_synth
Removed 0 unused modules.

3.27. Printing statistics.

=== one_bit_synth ===

        +----------Local Count, excluding submodules.
        | 
     1303 wires
     3626 wire bits
      201 public wires
     2437 public wire bits
        6 ports
       25 port bits
     1353 cells
       76   $_ANDNOT_
      305   $_AND_
       11   $_DFF_P_
       29   $_MUX_
      387   $_NAND_
       35   $_NOR_
       38   $_NOT_
       37   $_ORNOT_
      180   $_OR_
       92   $_SDFFE_PP0P_
        1   $_SDFF_PN0_
        4   $_SDFF_PP0_
       86   $_XNOR_
       72   $_XOR_

3.28. Executing CHECK pass (checking for obvious problems).
Checking module one_bit_synth...
Found and reported 0 problems.

4. Executing DFFLIBMAP pass (mapping DFF/DLATCH cells to sequential cells from liberty file).
  cell sg13g2_dfrbpq_1 (noninv, pins=4, area=48.99) is a direct match for cell type $_DFF_PN0_.
  cell sg13g2_dlhq_1 (noninv, pins=3, area=30.84) is a direct match for cell type $_DLATCH_P_.
  cell sg13g2_dllrq_1 (noninv, pins=4, area=29.03) is a direct match for cell type $_DLATCH_NN0_.
  cell sg13g2_dlhrq_1 (noninv, pins=4, area=27.22) is a direct match for cell type $_DLATCH_PN0_.
  final dff/dlatch cell mappings:
    unmapped dff/dlatch cell: $_DFF_N_
    unmapped dff/dlatch cell: $_DFF_P_
    unmapped dff/dlatch cell: $_DFF_NN0_
    unmapped dff/dlatch cell: $_DFF_NN1_
    unmapped dff/dlatch cell: $_DFF_NP0_
    unmapped dff/dlatch cell: $_DFF_NP1_
    \sg13g2_dfrbpq_1 _DFF_PN0_ (.CLK( C), .D( D), .Q( Q), .RESET_B( R));
    unmapped dff/dlatch cell: $_DFF_PN1_
    unmapped dff/dlatch cell: $_DFF_PP0_
    unmapped dff/dlatch cell: $_DFF_PP1_
    unmapped dff/dlatch cell: $_DFFE_NN_
    unmapped dff/dlatch cell: $_DFFE_NP_
    unmapped dff/dlatch cell: $_DFFE_PN_
    unmapped dff/dlatch cell: $_DFFE_PP_
    unmapped dff/dlatch cell: $_DFFSR_NNN_
    unmapped dff/dlatch cell: $_DFFSR_NNP_
    unmapped dff/dlatch cell: $_DFFSR_NPN_
    unmapped dff/dlatch cell: $_DFFSR_NPP_
    unmapped dff/dlatch cell: $_DFFSR_PNN_
    unmapped dff/dlatch cell: $_DFFSR_PNP_
    unmapped dff/dlatch cell: $_DFFSR_PPN_
    unmapped dff/dlatch cell: $_DFFSR_PPP_
    unmapped dff/dlatch cell: $_DLATCH_N_
    \sg13g2_dlhq_1 _DLATCH_P_ (.D( D), .GATE( E), .Q( Q));
    \sg13g2_dllrq_1 _DLATCH_NN0_ (.D( D), .GATE_N( E), .Q( Q), .RESET_B( R));
    unmapped dff/dlatch cell: $_DLATCH_NN1_
    unmapped dff/dlatch cell: $_DLATCH_NP0_
    unmapped dff/dlatch cell: $_DLATCH_NP1_
    \sg13g2_dlhrq_1 _DLATCH_PN0_ (.D( D), .GATE( E), .Q( Q), .RESET_B( R));
    unmapped dff/dlatch cell: $_DLATCH_PN1_
    unmapped dff/dlatch cell: $_DLATCH_PP0_
    unmapped dff/dlatch cell: $_DLATCH_PP1_
    unmapped dff/dlatch cell: $_DLATCHSR_NNN_
    unmapped dff/dlatch cell: $_DLATCHSR_NNP_
    unmapped dff/dlatch cell: $_DLATCHSR_NPN_
    unmapped dff/dlatch cell: $_DLATCHSR_NPP_
    unmapped dff/dlatch cell: $_DLATCHSR_PNN_
    unmapped dff/dlatch cell: $_DLATCHSR_PNP_
    unmapped dff/dlatch cell: $_DLATCHSR_PPN_
    unmapped dff/dlatch cell: $_DLATCHSR_PPP_

4.1. Executing DFFLEGALIZE pass (convert FFs and LATCHes to types supported by the target).
<suppressed ~4 debug messages>
Mapping DFF/DLATCH cells in module `\one_bit_synth':
  mapped 108 $_DFF_PN0_ cells to \sg13g2_dfrbpq_1 cells.

5. Executing ABC pass (technology mapping using ABC).

5.1. Summary of detected clock domains:
  1542 cells in clk={ }, en={ }, arst={ }, srst={ }

5.2. Extracting gate netlist of module `\one_bit_synth' to `<abc-temp-dir>/input.blif'..
ABC: using cached merged SCL: /tmp/yosys-liberty-scl-cache-1000/yosys_merged_a6013080.scl (1 files)
No matching clock domain found. Not extracting any FF cells.

5.2.1. Executed ABC.
Extracted 1434 gates and 1544 wires to a netlist network with 109 inputs and 109 outputs.
Running ABC script: <abc-temp-dir>/abc.script
ABC: UC Berkeley, ABC 1.01 (compiled Sep 21 2026 05:23:42)
ABC: abc 01> empty
ABC: abc 01> source <abc-temp-dir>/abc.script
ABC: + read_blif <abc-temp-dir>/input.blif 
ABC: + read_scl /tmp/yosys-liberty-scl-cache-1000/yosys_merged_a6013080.scl 
ABC: + strash 
ABC: + &get -n 
ABC: + &fraig -x 
ABC: + &put 
ABC: + scorr 
ABC: Warning: The network is combinational (run "fraig" or "fraig_sweep").
ABC: + dc2 
ABC: + dretime 
ABC: + strash 
ABC: + &get -n 
ABC: + &dch -f 
ABC: + &nf 
ABC: + &put 
ABC: + write_blif <abc-temp-dir>/output.blif 
ABC: 
ABC: YOSYS_ABC_DONE 

5.2.2. Re-integrating ABC results.
ABC RESULTS:     sg13g2_a21o_1 cells:       18
ABC RESULTS:    sg13g2_a21oi_1 cells:      127
ABC RESULTS:   sg13g2_a221oi_1 cells:       14
ABC RESULTS:    sg13g2_a22oi_1 cells:       38
ABC RESULTS:     sg13g2_and2_1 cells:       39
ABC RESULTS:     sg13g2_and3_1 cells:       12
ABC RESULTS:      sg13g2_inv_1 cells:       61
ABC RESULTS:     sg13g2_mux2_1 cells:        2
ABC RESULTS:    sg13g2_nand2_1 cells:      121
ABC RESULTS:   sg13g2_nand2b_1 cells:       32
ABC RESULTS:    sg13g2_nand3_1 cells:       45
ABC RESULTS:   sg13g2_nand3b_1 cells:        1
ABC RESULTS:    sg13g2_nand4_1 cells:       14
ABC RESULTS:     sg13g2_nor2_1 cells:      158
ABC RESULTS:    sg13g2_nor2b_1 cells:       18
ABC RESULTS:     sg13g2_nor3_1 cells:       52
ABC RESULTS:     sg13g2_nor4_1 cells:       15
ABC RESULTS:    sg13g2_o21ai_1 cells:      139
ABC RESULTS:      sg13g2_or2_1 cells:       16
ABC RESULTS:      sg13g2_or3_1 cells:        8
ABC RESULTS:      sg13g2_or4_1 cells:        2
ABC RESULTS:    sg13g2_xnor2_1 cells:       63
ABC RESULTS:     sg13g2_xor2_1 cells:       33
ABC RESULTS:        internal signals:     1326
ABC RESULTS:           input signals:      109
ABC RESULTS:          output signals:      109
Removing temp directory.
Removing global temp directory.

6. Executing OPT_CLEAN pass (remove unused cells and wires).
Finding unused cells or wires in module \one_bit_synth..
Removed 0 unused cells and 1416 unused wires.
<suppressed ~6 debug messages>

7. Printing statistics.

=== one_bit_synth ===

        +----------Local Count, excluding submodules.
        |        +-Local Area, excluding submodules.
        |        | 
     1213        - wires
     3407        - wire bits
      196        - public wires
     2379        - public wire bits
        6        - ports
       25        - port bits
     1136 1.48E+04 cells
       18  228.614   sg13g2_a21o_1
      127 1.15E+03   sg13g2_a21oi_1
       14  203.213   sg13g2_a221oi_1
       38  412.247   sg13g2_a22oi_1
       39  353.808   sg13g2_and2_1
       12   152.41   sg13g2_and3_1
      108  5290.79   sg13g2_dfrbpq_1
       61  332.035   sg13g2_inv_1
        2   36.288   sg13g2_mux2_1
      121   878.17   sg13g2_nand2_1
       32  290.304   sg13g2_nand2b_1
       45   408.24   sg13g2_nand3_1
        1   12.701   sg13g2_nand3b_1
       14   152.41   sg13g2_nand4_1
      158 1.15E+03   sg13g2_nor2_1
       18  163.296   sg13g2_nor2b_1
       52  471.744   sg13g2_nor3_1
       15  163.296   sg13g2_nor4_1
      139 1.26E+03   sg13g2_o21ai_1
       16  145.152   sg13g2_or2_1
        8  101.606   sg13g2_or3_1
        2    29.03   sg13g2_or4_1
       63  914.458   sg13g2_xnor2_1
       33  479.002   sg13g2_xor2_1

   Chip area for module '\one_bit_synth': 14778.666000
     of which used for sequential elements: 5290.790400 (35.80%)

End of script. Logfile hash: 3ea3accf0f, time: 0.34s, user: 0.14s, system: 0.03s, MEM: 32.08 MB peak
Yosys 0.69+77 (git sha1 9ff27d29c-dirty, Release, Clang /usr/bin/clang++ 21.1.8)
Time spent: 70% 2x abc (0 sec), 6% 26x opt_clean (0 sec), ...
