00000 features=638 size=23 p=5 tap=49 reset=false scheme=1 ops=2,1,3,2,1,2,1,3,2,0,0,1,1,3,2,1,3,3,2,0,1,0,3,3,2,3,0,1,3,1,1,3,1,2,1,0,1,0,0,3,1,3,0,0,2,0,2,1,2,0,2,2,1,2,1,2,1,0,0,1,0,0,3,1 ks=0,145,0,0,144,0,0,0,172,0,143,137,0,58,168,0,0,79,0,215,249,195,0,0,0,184,178,0,155,0,0,7,0,0,133,0,0,114,0,0,20,0,0,0,0,0,0,0,0,0,0,177,0,47,0,0,0,25,124,0,0,0,133,0
00001 features=655 size=24 p=5 tap=3 reset=false scheme=4 ops=2,1,3,2,1,2,1,3,2,0,0,1,1,3,2,1,3,3,2,0,1,0,3,3,2,3,0,1,3,1,1,3,1,2,1,0,1,0,0,3,1,3,0,0,2,0,2,1,2,0,2,2,1,2,1,2,1,0,0,1,0,0,3,1 ks=0,145,0,0,144,0,0,0,172,0,143,137,0,58,168,0,0,79,0,215,249,195,0,0,0,184,178,0,155,0,0,7,0,0,133,0,0,114,0,0,20,0,0,0,0,0,0,0,0,0,0,177,0,47,0,0,0,25,124,0,0,0,133,4
00002 features=812 size=24 p=5 tap=49 reset=false scheme=1 ops=2,3,3,2,2,2,2,3,2,3,3,2,2,3,2,2,3,3,2,3,3,3,3,3,2,3,3,3,3,2,2,3,2,2,2,3,2,3,2,3,3,3,3,2,2,2,2,2,2,2,2,2,3,2,2,2,2,2,2,2,3,3,3,2 ks=0,145,0,0,144,0,0,0,172,0,143,137,0,58,168,0,0,79,0,215,249,195,254,0,0,184,178,0,155,0,0,7,0,0,133,0,0,114,0,0,20,0,0,0,0,0,0,0,0,0,0,177,0,47,0,0,0,25,124,0,0,0,133,0
00003 features=769 size=24 p=5 tap=49 reset=true scheme=1 ops=2,1,2,2,1,2,1,3,2,0,0,3,1,3,2,1,3,1,2,0,1,0,3,3,2,3,0,1,3,1,1,3,1,2,1,0,1,0,0,3,1,3,0,0,2,0,2,1,2,0,2,2,1,2,1,2,1,0,0,1,0,0,3,1 ks=0,145,0,0,127,0,0,0,172,0,128,137,0,58,0,0,0,79,65,215,249,195,0,0,0,184,178,0,155,0,0,7,0,0,133,0,0,114,0,0,20,0,0,0,0,0,0,0,0,0,0,177,205,47,0,0,0,25,124,0,0,0,133,0
00004 features=512 size=1 p=5 tap=22 reset=false scheme=1 ops=2,1,3,2,1,2,1,3,2,0,0,1,1,3,2,1,3,3,2,0,1,0,3,3,2,3,0,1,3,1,1,3,1,2,1,0,1,0,0,3,1,3,0,0,2,0,2,1,2,0,2,2,1,2,1,2,1,0,0,1,0,0,3,1 ks=0,0,0,0,0,0,0,0,0,0,0,0,0,0,0,0,0,0,0,0,0,0,0,0,0,0,0,0,0,0,0,0,0,0,0,0,0,0,0,0,0,0,127,0,0,0,0,0,0,0,0,0,0,0,0,0,0,0,0,0,0,0,0,0
00005 features=672 size=1 p=5 tap=49 reset=true scheme=1 ops=2,1,3,2,1,2,1,3,2,0,0,1,1,3,2,1,3,3,2,0,1,0,3,3,2,3,0,1,3,1,1,3,1,2,1,0,1,0,0,3,1,3,0,0,2,0,2,1,2,0,2,2,1,2,1,2,1,0,0,1,0,0,3,1 ks=0,0,0,0,0,0,0,0,0,0,0,0,0,0,0,0,0,79,0,0,0,0,0,0,0,0,0,0,0,0,0,0,0,0,0,0,0,0,0,0,0,0,0,0,0,0,0,0,0,0,0,0,0,0,0,0,0,0,0,0,0,0,0,0
00006 features=523 size=1 p=5 tap=49 reset=false scheme=1 ops=2,1,3,2,1,2,1,3,2,0,0,1,1,3,2,1,3,3,2,0,1,0,3,3,2,3,0,1,3,1,1,3,1,2,1,0,1,0,0,3,1,3,0,0,2,0,2,1,2,0,2,2,1,2,1,2,1,0,0,1,0,0,3,1 ks=0,0,0,0,0,0,0,0,0,0,0,0,242,0,0,0,0,0,0,0,0,0,0,0,0,0,0,0,0,0,0,0,0,0,0,0,0,0,0,0,0,0,0,0,0,0,0,0,0,0,0,0,0,0,0,0,0,0,0,0,0,0,0,0
00007 features=612 size=13 p=5 tap=49 reset=false scheme=1 ops=2,1,3,2,1,2,1,3,2,0,0,1,1,3,2,1,3,3,2,0,1,0,3,3,2,3,0,1,3,1,1,3,1,2,1,0,1,0,0,3,1,3,0,0,2,0,2,1,2,0,2,2,1,2,1,2,1,0,0,1,0,0,3,1 ks=0,145,0,0,144,0,0,0,255,0,0,0,0,58,168,0,0,79,0,215,255,0,0,0,0,0,0,0,0,0,0,0,0,0,0,0,0,0,0,0,20,0,0,0,0,0,0,0,0,0,0,177,0,0,0,0,0,25,124,0,0,0,133,0
00008 features=555 size=2 p=5 tap=49 reset=false scheme=1 ops=1,1,1,0,1,0,1,1,1,0,0,1,1,0,1,1,0,1,0,0,1,0,0,1,0,1,0,1,0,1,1,0,1,1,1,0,1,0,0,0,1,0,0,0,0,0,0,1,0,0,1,1,1,0,1,0,1,0,0,1,0,0,1,1 ks=0,0,0,0,0,0,0,0,172,0,0,0,0,0,0,0,0,0,0,0,0,0,0,0,0,0,0,0,155,0,0,0,0,0,0,0,0,0,0,0,0,0,0,0,0,0,0,0,0,0,0,0,0,0,0,0,0,0,0,0,0,0,0,0
00009 features=525 size=3 p=5 tap=52 reset=false scheme=1 ops=2,1,3,3,1,2,1,3,2,0,0,1,1,3,2,1,3,3,2,0,1,0,3,3,2,3,0,1,3,1,1,3,1,2,1,0,1,0,0,3,1,3,0,0,2,0,2,1,2,0,2,2,1,2,1,2,1,0,0,1,0,0,3,1 ks=0,0,0,0,144,0,0,0,0,0,0,0,0,0,0,0,0,0,0,0,0,0,0,0,0,0,0,0,0,0,0,0,0,0,0,0,0,0,0,0,20,0,0,0,0,0,0,0,0,0,0,0,0,0,0,0,0,25,0,0,0,0,0,0
00010 features=515 size=1 p=5 tap=49 reset=false scheme=1 ops=2,1,3,2,1,2,1,3,2,0,0,1,1,3,2,1,3,3,2,0,1,0,3,3,2,3,0,1,3,1,1,3,1,2,1,0,1,0,0,3,1,3,0,0,2,0,2,1,2,0,2,2,1,2,1,2,1,0,0,1,0,0,3,1 ks=0,0,0,0,0,0,0,0,0,0,0,0,0,0,0,0,0,0,0,0,0,0,0,0,0,0,0,0,0,0,0,0,0,0,0,0,0,0,0,0,0,0,0,0,0,92,0,0,0,0,0,0,0,0,0,0,0,0,0,0,0,0,0,0
00011 features=559 size=23 p=5 tap=49 reset=false scheme=1 ops=2,1,3,2,1,2,1,3,2,0,0,1,1,3,2,1,3,3,2,0,1,0,3,3,2,3,0,1,3,1,1,3,1,3,1,0,1,0,0,3,1,3,0,0,2,0,2,1,2,0,2,2,1,2,1,2,1,0,0,1,0,0,3,1 ks=0,145,0,0,144,0,0,0,172,0,143,137,0,58,168,0,0,79,0,215,249,195,0,0,0,184,178,0,155,0,0,7,0,0,133,0,0,114,0,0,20,0,0,0,0,0,0,0,0,0,0,177,0,47,0,0,0,25,124,0,0,0,133,0
00012 features=631 size=19 p=5 tap=3 reset=false scheme=4 ops=2,1,3,2,1,2,1,3,2,0,0,1,1,3,2,1,3,3,2,0,1,0,3,3,2,3,0,1,3,1,1,3,1,2,1,0,1,0,0,3,1,3,0,0,2,0,2,1,2,0,2,2,1,2,1,2,1,0,1,1,0,0,3,1 ks=0,145,0,0,144,0,0,0,172,0,143,137,0,0,0,0,0,79,0,215,249,195,0,0,0,184,0,0,155,0,0,7,0,0,133,0,0,114,0,0,0,0,0,0,0,0,0,0,0,0,0,177,0,0,0,0,0,25,124,32,0,0,0,4
00013 features=1026 size=0 p=5 tap=52 reset=false scheme=1 ops=2,2,2,2,2,2,2,2,2,2,2,2,2,2,2,2,2,2,2,2,2,2,2,2,2,2,2,2,2,2,2,2,2,2,2,2,2,2,2,2,2,2,2,2,2,2,2,2,2,2,2,2,2,2,2,2,2,2,2,2,2,2,2,2 ks=0,0,0,0,0,0,0,0,0,0,0,0,0,0,0,0,0,0,0,0,0,0,0,0,0,0,0,0,0,0,0,0,0,0,0,0,0,0,0,0,0,0,0,0,0,0,0,0,0,0,0,0,0,0,0,0,0,0,0,0,0,0,0,0
00014 features=389 size=7 p=5 tap=52 reset=false scheme=1 ops=0,0,3,3,3,0,3,3,3,0,0,0,0,3,0,0,3,3,3,0,0,0,3,3,3,3,0,0,3,0,0,3,3,3,3,0,3,0,0,3,0,3,0,0,3,0,3,3,0,0,0,3,3,0,0,3,3,0,0,0,0,3,3,3 ks=0,0,0,0,144,0,0,0,0,0,0,0,0,0,1,0,0,0,0,0,0,0,0,0,0,0,0,0,0,0,0,0,0,0,0,8,0,0,17,0,20,0,0,0,0,0,0,0,0,0,0,0,0,0,0,0,0,25,0,0,0,0,0,32
00015 features=498 size=0 p=5 tap=49 reset=false scheme=1 ops=2,1,3,2,1,2,1,3,2,0,0,1,1,3,2,1,3,3,2,0,1,0,3,3,2,3,0,1,3,1,1,3,1,2,1,0,1,0,0,3,1,3,1,0,2,0,2,1,2,0,2,2,1,2,1,2,1,0,0,1,0,0,3,1 ks=0,0,0,0,0,0,0,0,0,0,0,0,0,0,0,0,0,0,0,0,0,0,0,0,0,0,0,0,0,0,0,0,0,0,0,0,0,0,0,0,0,0,0,0,0,0,0,0,0,0,0,0,0,0,0,0,0,0,0,0,0,0,0,0
00016 features=444 size=1 p=5 tap=49 reset=false scheme=1 ops=0,1,3,0,1,3,1,3,3,0,0,1,1,3,1,1,3,3,0,0,1,0,3,3,3,3,0,1,3,1,1,3,1,0,1,0,1,0,0,3,1,3,0,0,1,0,1,1,0,0,1,1,1,3,1,0,1,0,0,1,0,0,3,1 ks=0,0,0,0,0,0,0,0,0,0,0,0,0,0,0,0,0,0,0,0,0,0,0,16,0,0,0,0,0,0,0,0,0,0,0,0,0,0,0,0,0,0,0,0,0,0,0,0,0,0,0,0,0,0,0,0,0,0,0,0,0,0,0,0
00017 features=531 size=0 p=5 tap=52 reset=false scheme=1 ops=0,1,1,0,1,0,1,1,1,0,0,1,1,0,0,1,1,1,0,0,1,0,1,0,1,0,0,1,1,1,1,0,1,0,1,0,1,0,0,0,1,0,0,0,1,0,0,1,0,0,1,0,1,1,1,1,1,0,0,1,0,0,1,1 ks=0,0,0,0,0,0,0,0,0,0,0,0,0,0,0,0,0,0,0,0,0,0,0,0,0,0,0,0,0,0,0,0,0,0,0,0,0,0,0,0,0,0,0,0,0,0,0,0,0,0,0,0,0,0,0,0,0,0,0,0,0,0,0,0
00018 features=547 size=1 p=5 tap=49 reset=false scheme=1 ops=2,1,3,2,1,2,1,3,2,0,0,1,1,3,2,1,2,3,2,0,1,0,3,3,2,3,0,1,3,1,1,3,1,2,0,0,1,0,0,3,1,2,0,0,2,0,2,1,2,0,2,2,1,2,1,2,1,0,0,1,0,0,3,1 ks=0,0,0,0,0,0,0,0,0,0,0,0,0,0,0,0,0,0,0,0,0,0,0,4,0,0,0,0,0,0,0,0,0,0,0,0,0,0,0,0,0,0,0,0,0,0,0,0,0,0,0,0,0,0,0,0,0,0,0,0,0,0,0,0
00019 features=655 size=10 p=5 tap=16 reset=false scheme=5 ops=2,1,3,2,1,2,1,3,2,0,0,1,1,3,2,1,3,3,2,3,3,3,3,3,2,3,3,1,3,1,1,3,1,2,1,0,0,0,0,3,1,3,0,0,2,0,2,1,2,0,2,2,1,2,1,2,1,0,0,1,0,0,3,1 ks=0,0,0,0,0,0,0,0,0,0,0,0,242,0,0,51,0,79,0,215,249,195,254,0,0,184,178,0,0,0,0,0,0,0,0,0,0,0,0,2,0,0,0,0,0,0,0,0,0,0,0,0,0,0,0,0,0,0,0,0,0,0,0,0
00020 features=637 size=8 p=5 tap=17 reset=false scheme=1 ops=2,3,3,2,2,2,2,3,2,3,3,2,2,3,2,2,3,3,2,3,3,3,3,3,2,3,3,3,3,2,0,3,2,2,2,3,2,3,2,3,3,3,3,2,2,2,2,2,2,2,2,2,3,2,2,2,2,2,2,2,3,3,3,2 ks=0,0,0,0,0,0,0,0,0,0,0,0,0,58,169,0,0,79,0,215,249,195,190,0,0,0,0,0,0,0,0,0,0,0,0,0,0,0,0,0,0,0,0,0,0,0,0,0,0,0,0,0,0,47,0,0,0,0,0,0,0,0,0,0
00021 features=504 size=0 p=5 tap=22 reset=false scheme=1 ops=2,1,3,2,1,2,1,3,2,0,0,1,1,3,2,1,3,3,2,1,1,0,3,3,2,3,0,1,3,1,1,3,1,2,1,0,1,0,0,3,1,3,0,0,2,0,2,1,2,0,2,2,1,2,1,2,1,0,0,1,0,0,3,1 ks=0,0,0,0,0,0,0,0,0,0,0,0,0,0,0,0,0,0,0,0,0,0,0,0,0,0,0,0,0,0,0,0,0,0,0,0,0,0,0,0,0,0,0,0,0,0,0,0,0,0,0,0,0,0,0,0,0,0,0,0,0,0,0,0
00022 features=643 size=10 p=2 tap=16 reset=false scheme=5 ops=2,1,3,2,1,2,1,3,2,0,0,1,1,3,2,1,3,3,2,3,3,3,3,3,2,3,3,1,3,1,1,3,1,2,1,0,0,0,0,3,1,3,0,0,2,0,2,1,2,0,2,2,1,2,1,2,1,0,0,1,0,0,3,1 ks=0,0,0,0,0,0,0,0,0,0,0,0,242,0,0,51,0,79,0,215,249,254,254,0,0,184,178,0,0,0,0,0,0,0,0,0,0,0,0,2,0,0,0,0,0,0,0,0,0,0,0,0,0,0,0,0,0,0,0,0,0,0,0,0
00023 features=651 size=0 p=5 tap=3 reset=false scheme=4 ops=2,1,2,2,1,2,1,2,2,0,0,1,1,2,2,1,1,0,2,0,1,0,0,0,2,0,0,1,1,1,1,1,1,2,1,0,1,0,0,2,1,2,0,0,2,0,2,1,2,0,2,2,1,2,1,2,1,0,1,1,0,0,1,1 ks=0,0,0,0,0,0,0,0,0,0,0,0,0,0,0,0,0,0,0,0,0,0,0,0,0,0,0,0,0,0,0,0,0,0,0,0,0,0,0,0,0,0,0,0,0,0,0,0,0,0,0,0,0,0,0,0,0,0,0,0,0,0,0,0
00024 features=523 size=0 p=10 tap=52 reset=false scheme=1 ops=0,1,1,0,1,0,1,1,1,0,0,1,1,0,0,1,0,1,0,0,1,0,1,0,1,0,0,1,1,1,1,0,1,0,1,0,1,0,0,0,1,0,0,3,1,0,0,1,0,0,1,0,1,1,1,1,1,0,0,1,0,0,1,1 ks=0,0,0,0,0,0,0,0,0,0,0,0,0,0,0,0,0,0,0,0,0,0,0,0,0,0,0,0,0,0,0,0,0,0,0,0,0,0,0,0,0,0,0,0,0,0,0,0,0,0,0,0,0,0,0,0,0,0,0,0,0,0,0,0
00025 features=510 size=0 p=5 tap=49 reset=false scheme=1 ops=2,1,3,2,1,2,1,3,2,0,1,1,1,3,2,1,3,3,2,0,1,0,3,3,2,3,0,1,3,1,1,3,1,2,1,0,1,0,0,3,1,3,0,0,2,0,2,1,2,0,2,2,1,2,1,2,1,0,0,1,0,0,3,1 ks=0,0,0,0,0,0,0,0,0,0,0,0,0,0,0,0,0,0,0,0,0,0,0,0,0,0,0,0,0,0,0,0,0,0,0,0,0,0,0,0,0,0,0,0,0,0,0,0,0,0,0,0,0,0,0,0,0,0,0,0,0,0,0,0
00026 features=518 size=1 p=5 tap=49 reset=false scheme=1 ops=2,1,3,2,1,2,1,3,2,0,0,1,1,3,2,1,2,3,2,0,1,0,3,3,2,3,0,1,3,1,1,3,1,2,0,0,1,0,0,3,1,2,0,0,2,0,2,1,2,0,2,2,1,2,1,2,1,0,0,1,0,0,3,1 ks=0,0,0,0,0,0,0,0,0,0,0,0,0,0,0,0,0,0,0,0,0,0,0,0,0,0,0,0,0,0,0,0,0,0,0,0,0,0,0,0,0,0,0,0,0,0,0,0,0,0,0,0,0,0,0,0,0,0,0,0,0,254,0,0
00027 features=522 size=1 p=2 tap=17 reset=false scheme=1 ops=2,3,3,2,2,2,2,3,2,3,3,2,2,3,2,2,3,3,2,3,3,3,3,3,2,3,3,3,3,2,0,3,2,2,2,3,2,3,2,3,3,3,2,2,2,2,2,2,2,2,2,2,3,2,2,2,2,2,2,2,3,3,3,2 ks=0,0,0,0,0,0,0,0,0,0,0,0,0,0,0,0,0,0,0,0,0,0,0,0,0,0,0,0,0,0,0,0,0,0,0,0,0,0,0,0,0,1,0,0,0,0,0,0,0,0,0,0,0,0,0,0,0,0,0,0,0,0,0,0
00028 features=663 size=12 p=5 tap=16 reset=false scheme=5 ops=2,1,3,2,1,2,1,3,2,0,0,1,1,3,2,1,3,3,2,3,3,3,3,3,2,3,3,1,3,1,1,3,1,2,1,0,0,0,0,3,1,3,0,0,2,0,2,1,2,0,2,2,1,2,1,2,1,0,0,1,0,0,3,1 ks=0,0,0,0,0,0,0,0,0,0,0,0,242,0,0,51,0,79,0,215,249,195,254,0,0,184,178,0,0,0,0,0,0,0,0,0,1,0,0,2,2,0,0,0,0,0,0,0,0,0,0,0,0,0,0,0,0,0,0,0,0,0,0,0
00029 features=1026 size=1 p=5 tap=29 reset=false scheme=1 ops=0,0,0,0,0,0,0,0,0,0,0,0,0,0,0,0,0,0,0,0,0,0,0,0,0,0,0,0,0,0,0,0,0,0,0,0,0,0,0,0,0,0,0,0,0,0,0,0,0,0,0,0,0,0,0,0,0,0,0,0,0,0,0,0 ks=0,0,0,0,0,0,170,0,0,0,0,0,0,0,0,0,0,0,0,0,0,0,0,0,0,0,0,0,0,0,0,0,0,0,0,0,0,0,0,0,0,0,0,0,0,0,0,0,0,0,0,0,0,0,0,0,0,0,0,0,0,0,0,0
00030 features=996 size=3 p=5 tap=52 reset=true scheme=4 ops=0,1,3,3,3,0,3,3,3,0,0,0,0,3,3,0,3,3,3,0,0,0,3,3,3,3,0,0,3,0,0,3,3,3,3,0,3,0,0,3,0,3,0,0,3,0,3,3,0,0,0,3,3,0,0,3,3,0,0,0,0,3,3,3 ks=0,0,0,0,0,0,0,0,0,0,0,0,0,0,1,0,0,0,0,0,0,0,0,1,0,0,0,0,0,0,0,0,0,0,0,0,0,0,0,0,0,0,0,0,0,0,0,0,0,0,0,0,0,0,0,0,0,0,0,0,0,0,0,32
00031 features=77 size=1 p=5 tap=52 reset=false scheme=1 ops=1,1,1,1,1,1,1,1,1,1,1,1,1,1,1,1,1,1,1,1,1,1,1,1,1,1,1,1,1,1,1,1,1,1,1,1,1,1,1,1,1,1,1,1,1,1,1,1,1,1,1,1,1,1,1,1,1,1,1,1,1,1,1,1 ks=0,0,0,0,0,0,0,0,0,0,0,0,0,0,0,0,0,0,0,0,0,0,0,0,0,0,0,0,0,0,0,0,0,0,0,0,0,0,0,0,0,0,0,0,0,0,0,0,0,0,0,0,0,0,0,0,255,0,0,0,0,0,0,0
00032 features=697 size=0 p=5 tap=49 reset=true scheme=5 ops=2,1,3,2,1,2,1,3,2,0,0,1,1,3,1,1,3,3,2,0,0,0,3,3,2,3,0,1,3,1,1,3,1,3,1,0,1,0,0,3,1,3,0,0,2,0,2,1,2,0,2,2,1,2,1,2,2,0,0,1,0,0,3,1 ks=0,0,0,0,0,0,0,0,0,0,0,0,0,0,0,0,0,0,0,0,0,0,0,0,0,0,0,0,0,0,0,0,0,0,0,0,0,0,0,0,0,0,0,0,0,0,0,0,0,0,0,0,0,0,0,0,0,0,0,0,0,0,0,0
00033 features=495 size=1 p=5 tap=52 reset=false scheme=4 ops=0,1,3,3,3,0,3,3,3,0,0,0,0,3,3,0,3,3,3,0,0,0,3,3,3,3,0,0,3,0,0,3,3,3,3,0,3,0,0,3,0,3,0,0,3,0,3,3,0,0,0,3,3,0,0,3,3,0,0,0,0,3,3,3 ks=0,0,0,0,0,0,0,0,0,0,0,0,0,0,0,0,0,0,0,0,0,0,0,0,0,0,0,0,0,0,0,0,0,154,0,0,0,0,0,0,0,0,0,0,0,0,0,0,0,0,0,0,0,0,0,0,0,0,0,0,0,0,0,0
00034 features=683 size=13 p=5 tap=16 reset=false scheme=5 ops=2,1,3,2,1,2,1,3,2,0,0,1,1,3,2,1,3,3,2,3,3,3,3,3,2,3,3,1,3,1,1,3,1,2,1,0,0,0,0,3,1,3,0,0,2,0,2,1,2,0,2,2,1,2,1,2,1,0,0,1,0,0,3,1 ks=0,0,0,0,0,0,250,0,0,0,0,0,242,0,0,51,0,79,0,215,249,195,254,0,0,184,178,64,0,0,0,0,0,0,0,0,0,0,0,2,0,0,0,0,0,0,0,0,0,0,0,0,0,0,0,0,0,0,0,0,127,0,0,0
00035 features=570 size=11 p=5 tap=17 reset=false scheme=4 ops=2,3,3,2,2,2,2,3,2,3,3,2,2,3,2,2,3,3,2,3,3,3,3,3,2,3,3,3,3,2,0,3,2,2,2,3,2,3,2,3,3,3,3,2,2,2,2,2,2,2,3,2,3,2,2,2,2,2,2,2,3,3,3,2 ks=0,253,0,0,255,0,0,0,0,0,0,0,0,127,169,0,0,79,0,215,249,195,190,0,0,0,0,0,0,0,0,0,0,0,51,0,0,0,0,0,0,0,0,0,0,0,0,0,0,0,0,0,0,47,0,0,0,0,0,0,0,0,0,0
00036 features=461 size=1 p=5 tap=16 reset=false scheme=3 ops=2,1,3,2,1,2,1,3,2,0,0,1,1,3,2,1,3,3,2,0,1,0,3,3,2,3,0,1,3,1,1,3,1,2,1,0,0,0,0,3,3,3,3,0,2,0,2,1,2,0,2,2,1,2,1,2,1,0,0,1,0,0,3,1 ks=0,0,0,0,0,0,0,0,0,0,0,0,0,0,0,0,0,0,0,0,0,0,0,0,0,0,0,0,0,0,0,0,0,0,0,0,0,0,0,0,0,0,0,0,0,0,0,0,0,0,0,0,0,0,0,0,0,0,204,0,0,0,0,0
00037 features=619 size=7 p=5 tap=16 reset=false scheme=5 ops=2,1,3,2,1,2,1,3,2,0,0,1,1,3,2,1,3,3,2,3,3,3,3,3,2,3,3,1,3,1,1,3,1,2,1,0,0,0,0,3,1,3,0,0,2,0,2,1,2,0,2,2,1,2,1,2,1,0,0,1,0,0,3,1 ks=0,0,0,0,0,0,250,0,0,0,0,0,0,0,0,0,0,79,0,215,249,195,254,0,0,0,0,0,0,0,0,0,0,0,0,0,0,0,0,0,0,0,0,0,0,0,0,0,0,0,0,0,0,0,0,0,0,0,0,0,127,0,0,0
00038 features=1026 size=1 p=5 tap=29 reset=true scheme=1 ops=0,0,0,0,0,0,0,0,0,0,0,0,0,0,0,0,0,0,0,0,0,0,0,0,0,0,0,0,0,0,0,0,0,0,0,0,0,0,0,0,0,0,0,0,0,0,0,0,0,0,0,0,0,0,0,0,0,0,0,0,0,0,0,0 ks=0,0,0,0,0,0,0,0,0,0,0,0,0,0,0,0,0,0,0,0,0,0,0,0,0,0,0,0,0,0,0,0,0,0,0,0,0,0,0,0,0,0,0,0,0,0,0,0,0,0,0,0,0,0,0,234,0,0,0,0,0,0,0,0
00039 features=640 size=6 p=5 tap=16 reset=false scheme=5 ops=2,0,3,2,1,2,1,3,2,0,0,1,1,3,2,1,3,3,2,3,3,3,3,3,2,3,3,1,3,1,1,3,1,2,1,0,0,0,0,3,1,3,0,0,0,0,0,1,0,0,1,2,1,2,1,2,1,0,0,1,0,0,3,1 ks=0,0,0,16,0,0,0,240,0,0,0,0,0,0,0,0,0,0,0,215,249,195,254,0,0,0,0,0,0,0,0,0,0,0,0,0,0,0,0,0,0,0,0,0,0,0,0,0,0,0,0,0,0,0,0,0,0,0,0,0,0,0,0,0
00040 features=473 size=2 p=2 tap=17 reset=false scheme=1 ops=2,3,3,2,2,2,2,3,2,3,3,2,2,3,2,2,3,3,2,3,3,3,3,3,2,3,3,3,3,2,0,3,2,2,2,3,2,3,2,3,3,3,3,2,2,2,2,2,2,2,2,2,3,2,2,2,2,2,2,2,3,3,3,2 ks=0,0,0,0,0,0,0,0,0,0,0,0,0,0,0,0,0,0,0,215,0,0,0,0,0,0,0,0,0,0,0,0,0,0,0,0,255,0,0,0,0,0,0,0,0,0,0,0,0,0,0,0,0,0,0,0,0,0,0,0,0,0,0,0
00041 features=687 size=14 p=5 tap=16 reset=false scheme=5 ops=2,1,3,2,1,2,1,3,2,0,0,1,1,3,2,1,3,3,2,3,3,3,3,3,2,3,3,1,3,1,1,3,1,2,1,0,0,0,0,3,1,3,0,0,2,0,2,1,2,0,2,2,1,2,1,2,1,0,0,1,0,0,3,1 ks=0,0,0,0,0,0,0,0,0,0,0,0,242,0,0,51,0,79,0,215,249,195,254,0,0,184,178,0,0,4,0,0,0,0,32,0,1,0,0,2,2,0,0,0,0,0,0,0,0,0,0,0,0,0,0,0,0,0,0,0,0,0,0,0
00042 features=1002 size=1 p=5 tap=29 reset=false scheme=1 ops=0,0,0,0,0,0,0,0,0,0,0,0,0,0,0,0,0,0,0,0,0,1,0,0,0,0,0,0,0,0,0,0,0,0,0,0,0,0,0,0,0,0,0,0,0,0,0,0,0,0,0,0,0,0,0,0,0,0,0,0,0,0,0,0 ks=0,0,0,0,0,0,0,0,0,0,0,0,0,0,0,0,0,0,0,0,0,0,0,0,0,0,0,0,0,0,0,0,0,0,0,0,0,0,0,255,0,0,0,0,0,0,0,0,0,0,0,0,0,0,0,0,0,0,0,0,0,0,0,0
00043 features=589 size=1 p=10 tap=49 reset=false scheme=5 ops=2,1,3,2,1,2,1,3,2,0,0,1,1,3,2,1,2,3,2,0,1,0,3,3,2,3,0,1,3,1,1,3,1,2,0,0,2,0,0,3,1,2,0,0,2,0,2,1,2,0,2,2,1,2,1,2,1,0,0,1,0,0,3,1 ks=0,0,0,0,0,0,0,0,0,0,0,0,0,0,0,0,0,0,0,0,0,0,0,0,0,0,0,0,0,0,0,0,0,0,0,0,0,0,0,0,0,0,0,0,0,0,0,0,0,0,0,0,0,0,0,0,0,0,0,254,0,0,0,0
00044 features=837 size=8 p=5 tap=52 reset=true scheme=3 ops=0,0,3,3,3,0,3,3,3,0,0,0,0,3,0,0,3,3,3,0,0,0,3,3,3,3,0,0,3,0,0,3,3,3,3,0,3,0,0,3,0,3,0,0,3,0,3,3,0,0,0,3,3,0,0,3,0,0,0,0,0,3,3,3 ks=0,0,0,0,144,0,0,0,0,0,0,0,0,0,1,0,0,0,0,0,0,0,0,0,0,0,0,0,0,0,0,0,0,0,0,8,0,0,17,0,20,0,0,0,0,0,0,0,0,0,0,0,0,0,0,0,0,25,0,0,0,2,0,32
00045 features=640 size=7 p=5 tap=16 reset=false scheme=5 ops=2,0,3,2,1,2,1,3,2,0,0,1,1,3,2,1,3,3,2,3,3,3,3,3,2,3,3,1,3,1,1,3,1,2,1,0,0,0,0,3,1,3,0,0,0,0,0,1,0,0,1,2,1,2,1,2,1,0,0,1,0,0,3,1 ks=0,0,0,16,0,0,0,240,0,0,0,0,0,0,0,0,0,0,0,215,249,195,254,0,0,0,0,0,0,0,0,0,0,0,0,0,0,0,0,0,0,0,0,0,0,0,0,0,0,3,0,0,0,0,0,0,0,0,0,0,0,0,0,0
00046 features=1017 size=1 p=5 tap=16 reset=false scheme=5 ops=2,2,0,2,0,2,0,2,2,0,0,2,0,2,2,0,2,0,2,2,2,0,0,0,2,2,2,0,2,0,0,0,0,2,0,0,0,0,0,0,2,2,0,0,2,0,2,0,2,0,2,2,0,2,0,2,2,0,0,0,0,0,0,2 ks=0,0,0,0,0,0,0,0,0,0,0,0,0,0,0,0,0,0,0,0,0,0,254,0,0,0,0,0,0,0,0,0,0,0,0,0,0,0,0,0,0,0,0,0,0,0,0,0,0,0,0,0,0,0,0,0,0,0,0,0,0,0,0,0
00047 features=695 size=9 p=5 tap=16 reset=false scheme=5 ops=2,1,3,2,1,2,1,0,2,0,0,1,1,3,2,1,3,3,2,3,3,3,3,3,2,3,3,1,3,1,1,3,1,2,1,0,0,0,0,3,1,3,0,0,2,0,2,1,2,0,2,2,1,2,1,2,1,0,0,1,0,0,3,1 ks=0,0,0,0,0,0,0,0,0,0,0,0,242,0,0,51,0,79,0,215,249,195,254,0,0,184,178,0,0,0,0,0,0,0,0,0,0,0,0,0,0,0,0,0,0,0,0,0,0,0,0,0,0,0,0,0,0,0,0,0,0,0,0,0
00048 features=586 size=0 p=1 tap=9 reset=false scheme=1 ops=2,1,3,1,1,2,1,3,2,0,0,1,1,3,2,1,2,3,2,0,1,0,3,3,2,3,0,1,3,1,1,3,1,2,0,0,1,0,0,3,1,2,0,0,2,0,2,1,2,0,2,2,1,2,1,2,1,0,0,1,0,0,3,1 ks=0,0,0,0,0,0,0,0,0,0,0,0,0,0,0,0,0,0,0,0,0,0,0,0,0,0,0,0,0,0,0,0,0,0,0,0,0,0,0,0,0,0,0,0,0,0,0,0,0,0,0,0,0,0,0,0,0,0,0,0,0,0,0,0
00049 features=412 size=10 p=5 tap=49 reset=false scheme=1 ops=0,0,3,3,3,0,3,3,3,0,0,0,0,3,0,0,3,3,3,0,0,0,3,3,3,3,0,0,0,0,0,3,3,3,3,0,3,0,0,3,0,3,0,0,3,0,3,3,0,0,0,3,3,0,0,3,3,0,0,0,0,3,3,3 ks=0,0,0,0,144,0,0,0,0,0,1,0,0,0,1,0,0,0,0,0,0,0,0,0,0,0,0,0,0,0,0,1,0,0,0,8,0,0,17,0,20,0,0,0,0,0,0,0,128,0,0,0,0,0,0,0,0,25,0,0,0,0,0,32
00050 features=974 size=8 p=5 tap=17 reset=true scheme=4 ops=2,3,3,2,2,2,2,3,2,3,3,2,2,3,2,2,3,3,2,3,3,3,3,3,2,3,3,3,3,2,0,3,2,2,2,3,2,3,2,3,3,3,3,2,2,2,2,2,2,2,3,2,3,2,2,2,2,2,2,2,3,3,3,2 ks=0,0,0,0,255,0,0,0,0,0,0,0,0,127,0,0,0,79,0,0,249,195,190,0,0,0,0,0,0,0,0,0,0,0,51,0,0,0,0,0,0,0,0,0,0,0,0,0,0,0,0,0,0,47,0,0,0,0,0,0,0,0,0,0
00051 features=993 size=2 p=5 tap=52 reset=true scheme=4 ops=0,1,3,3,3,0,3,3,3,0,0,0,0,3,3,0,3,3,3,0,0,0,3,3,3,3,0,0,3,0,0,3,3,3,3,0,3,0,0,3,0,3,0,0,3,0,3,3,0,0,0,3,3,0,0,3,3,0,0,0,0,3,3,3 ks=0,0,0,0,0,0,0,0,0,0,0,0,0,0,0,0,0,0,0,0,0,0,0,0,0,0,0,0,0,0,0,0,0,0,0,0,0,0,0,0,0,0,0,0,0,0,0,0,0,0,0,0,128,0,0,0,0,0,0,0,0,0,0,32
00052 features=426 size=3 p=5 tap=49 reset=false scheme=1 ops=0,0,3,3,3,0,3,3,3,0,0,0,0,3,0,0,3,3,3,0,0,0,3,3,3,3,0,0,0,0,0,3,3,3,3,0,3,0,0,3,0,3,0,0,3,0,3,3,0,0,0,3,3,0,0,3,3,0,0,0,0,3,3,3 ks=0,0,0,0,0,0,0,0,0,0,0,0,0,0,0,0,0,0,0,0,0,0,0,0,0,0,0,0,0,0,0,0,0,0,0,0,0,0,0,0,0,0,0,0,0,0,0,0,192,0,0,0,0,0,0,0,0,25,0,0,0,0,0,32
00053 features=505 size=6 p=5 tap=16 reset=false scheme=5 ops=2,0,3,2,1,2,1,3,2,0,0,1,1,3,2,1,3,3,2,3,3,3,3,3,2,3,3,1,3,1,1,3,1,2,1,0,0,0,0,3,1,3,0,0,1,1,1,1,1,1,1,1,1,1,1,1,1,1,1,1,0,0,3,1 ks=0,0,0,80,0,0,0,240,0,0,0,0,0,0,0,0,0,0,0,215,249,195,254,0,0,0,0,0,0,0,0,0,0,0,0,0,0,0,0,0,0,0,0,0,0,0,0,0,0,0,0,0,0,0,0,0,0,0,0,0,0,0,0,0
00054 features=615 size=1 p=10 tap=29 reset=true scheme=1 ops=3,3,3,3,3,3,3,3,3,3,3,3,3,3,3,3,3,3,3,3,3,3,3,3,3,3,3,3,3,3,3,3,3,3,3,3,3,3,3,3,3,3,3,3,3,3,3,3,3,3,3,3,3,3,3,3,3,3,3,3,3,3,3,3 ks=0,0,0,0,0,0,170,0,0,0,0,0,0,0,0,0,0,0,0,0,0,0,0,0,0,0,0,0,0,0,0,0,0,0,0,0,0,0,0,0,0,0,0,0,0,0,0,0,0,0,0,0,0,0,0,0,0,0,0,0,0,0,0,0
00055 features=700 size=11 p=2 tap=16 reset=false scheme=5 ops=2,1,3,2,1,2,1,3,2,0,0,1,1,3,2,1,3,3,2,3,3,3,3,3,2,3,3,1,3,1,1,3,1,2,1,0,0,0,0,3,1,3,0,0,2,0,2,1,2,0,2,2,1,2,1,2,1,0,0,1,0,0,3,1 ks=0,0,0,0,0,0,0,0,0,32,0,0,242,0,0,51,0,79,16,215,249,254,254,18,0,0,178,0,0,0,0,0,0,0,0,0,0,0,0,0,0,0,0,0,0,0,0,0,0,0,0,0,0,0,0,0,0,0,0,0,0,0,0,0
00056 features=673 size=1 p=5 tap=15 reset=true scheme=1 ops=2,1,3,2,1,2,1,3,2,0,1,1,1,3,2,1,3,3,2,0,1,0,3,3,2,3,0,1,3,1,1,3,1,2,1,0,1,0,0,3,1,3,0,0,2,0,2,1,2,0,2,2,1,2,1,2,1,0,0,1,0,0,3,1 ks=0,0,0,0,0,0,0,0,0,0,0,0,0,0,0,0,0,0,0,0,0,0,0,0,0,0,0,0,0,0,0,0,0,0,0,0,0,0,0,1,0,0,0,0,0,0,0,0,0,0,0,0,0,0,0,0,0,0,0,0,0,0,0,0
00057 features=994 size=5 p=10 tap=52 reset=true scheme=4 ops=0,1,3,3,3,0,3,3,3,0,0,0,0,3,3,0,3,3,3,0,0,0,3,1,3,3,0,0,3,0,0,3,3,3,3,0,3,3,0,3,0,3,0,0,3,0,3,3,0,0,0,3,3,0,0,3,0,0,0,0,3,3,3,3 ks=0,0,0,0,0,0,0,0,0,0,0,0,0,0,1,0,0,0,0,0,0,0,0,1,0,0,0,0,0,0,0,0,0,0,0,0,0,0,0,0,0,0,0,0,0,0,0,0,0,0,0,0,0,254,0,0,1,0,0,0,0,0,0,32
00058 features=524 size=5 p=5 tap=17 reset=false scheme=1 ops=2,3,3,2,1,2,1,3,2,0,0,1,1,3,2,1,3,3,2,3,3,3,3,3,2,3,3,3,3,2,0,3,2,2,2,3,2,3,2,3,3,3,3,2,2,2,2,2,2,2,2,2,3,2,2,2,2,2,2,2,3,3,3,2 ks=0,0,0,0,0,0,0,0,0,0,0,0,0,0,0,0,0,79,0,0,249,195,190,0,0,0,0,0,0,0,0,0,0,0,0,0,0,0,0,0,0,0,0,0,0,0,0,0,0,0,0,0,0,47,0,0,0,0,0,0,0,0,0,0
00059 features=459 size=5 p=5 tap=16 reset=false scheme=5 ops=2,0,3,2,1,2,1,3,2,0,0,1,1,3,2,1,3,3,2,3,3,3,3,3,2,3,3,1,3,1,1,3,1,2,1,0,0,0,0,3,1,3,0,0,1,1,1,1,1,1,1,1,1,1,1,1,1,1,1,1,0,0,3,1 ks=0,0,0,64,0,0,0,0,0,0,0,0,0,0,0,0,0,0,0,215,249,195,254,0,0,0,0,0,0,0,0,0,0,0,0,0,0,0,0,0,0,0,0,0,0,0,0,0,0,0,0,0,0,0,0,0,0,0,0,0,0,0,0,0
00060 features=597 size=5 p=2 tap=16 reset=false scheme=5 ops=2,1,3,2,1,2,1,3,2,0,0,1,1,3,2,1,3,3,2,3,3,3,3,3,2,3,3,1,3,1,1,3,1,2,1,0,0,0,0,3,1,3,0,0,2,0,2,1,2,0,2,2,1,2,1,2,1,0,0,1,0,0,3,1 ks=0,0,0,0,0,0,0,0,0,0,0,0,0,0,0,94,0,0,0,215,249,254,254,0,0,0,0,0,0,0,0,0,0,0,0,0,0,0,0,0,0,0,0,0,0,0,0,0,0,0,0,0,0,0,0,0,0,0,0,0,0,0,0,0
00061 features=463 size=8 p=5 tap=52 reset=false scheme=1 ops=0,0,3,3,3,0,3,3,3,0,0,0,0,3,0,0,3,3,3,0,0,0,3,3,3,3,0,0,0,0,0,3,3,3,3,0,3,0,0,3,0,3,0,0,3,0,3,3,0,0,0,3,3,0,0,3,3,0,0,0,0,3,3,3 ks=0,0,0,0,144,0,0,0,0,0,0,0,0,0,1,0,0,56,0,0,0,0,0,0,0,0,0,0,0,0,0,0,0,0,0,8,0,0,17,0,20,0,0,0,0,0,0,0,0,0,0,0,0,0,0,0,0,25,0,0,0,0,0,32
00062 features=522 size=5 p=5 tap=16 reset=true scheme=5 ops=2,0,3,2,1,2,1,3,2,0,0,1,1,3,2,1,3,3,2,3,3,3,3,3,2,3,3,1,3,1,1,3,1,2,1,0,0,0,0,3,1,3,0,0,1,1,1,1,1,1,1,1,1,1,1,1,1,1,1,1,0,0,3,1 ks=0,0,0,0,0,0,0,0,0,0,0,128,0,0,0,0,0,0,0,215,249,195,254,0,0,0,0,0,0,0,0,0,0,0,0,0,0,0,0,0,0,0,0,0,0,0,0,0,0,0,0,0,0,0,0,0,0,0,0,0,0,0,0,0
00063 features=961 size=1 p=5 tap=52 reset=true scheme=4 ops=0,1,3,3,3,0,3,3,3,0,0,0,0,3,3,0,3,3,3,0,0,0,3,3,3,3,0,0,3,0,0,3,3,3,3,0,3,0,0,3,0,3,0,0,3,0,3,3,0,0,0,0,3,0,0,3,3,0,0,0,0,3,3,3 ks=0,0,0,0,0,0,0,179,0,0,0,0,0,0,0,0,0,0,0,0,0,0,0,0,0,0,0,0,0,0,0,0,0,0,0,0,0,0,0,0,0,0,0,0,0,0,0,0,0,0,0,0,0,0,0,0,0,0,0,0,0,0,0,0
00064 features=594 size=1 p=10 tap=29 reset=true scheme=1 ops=3,3,3,3,3,3,3,3,3,3,3,3,3,3,3,3,3,3,3,3,3,3,3,3,3,3,3,3,3,3,3,3,3,3,3,3,3,3,3,3,3,3,3,3,3,3,3,3,3,3,3,3,3,3,3,3,3,3,3,3,3,3,3,3 ks=0,0,0,0,0,0,0,0,0,0,0,0,0,4,0,0,0,0,0,0,0,0,0,0,0,0,0,0,0,0,0,0,0,0,0,0,0,0,0,0,0,0,0,0,0,0,0,0,0,0,0,0,0,0,0,0,0,0,0,0,0,0,0,0
00065 features=511 size=7 p=5 tap=17 reset=false scheme=1 ops=2,3,3,2,1,2,1,3,2,0,0,1,1,3,2,1,3,3,2,3,3,3,3,3,2,3,3,3,3,2,0,3,2,2,2,3,2,3,2,3,3,3,3,2,2,2,2,2,2,2,2,2,3,2,2,2,2,2,2,2,3,3,3,2 ks=0,0,0,0,0,0,0,0,0,0,0,0,0,0,0,0,0,79,0,0,249,195,190,0,0,0,0,0,0,0,0,0,0,0,0,0,64,0,0,0,0,0,0,0,0,0,0,0,0,0,0,0,164,0,0,0,0,0,204,0,0,0,0,0
00066 features=443 size=1 p=5 tap=16 reset=false scheme=3 ops=2,1,3,2,1,2,1,3,2,0,0,1,1,3,2,1,3,3,2,0,1,0,3,3,2,3,0,1,3,1,1,3,1,2,1,0,0,0,0,3,3,3,3,0,2,0,2,1,2,0,2,2,1,2,1,2,1,0,0,1,0,0,3,1 ks=0,0,0,0,0,0,0,0,0,0,0,0,0,0,0,0,0,0,255,0,0,0,0,0,0,0,0,0,0,0,0,0,0,0,0,0,0,0,0,0,0,0,0,0,0,0,0,0,0,0,0,0,0,0,0,0,0,0,0,0,0,0,0,0
00067 features=567 size=5 p=1 tap=17 reset=false scheme=1 ops=2,3,3,2,1,2,1,3,3,0,0,0,0,3,2,1,3,3,2,3,3,3,3,3,2,3,3,3,3,2,0,3,2,2,2,1,2,3,2,3,3,3,3,2,2,2,2,2,2,2,2,2,3,2,2,2,2,2,2,2,3,3,3,2 ks=0,0,0,0,0,0,0,0,0,0,0,0,0,0,0,0,0,79,0,0,249,195,190,0,0,0,0,0,0,0,0,0,0,0,0,0,0,0,0,0,0,0,0,0,0,0,0,0,0,0,0,0,0,47,0,0,0,0,0,0,0,0,0,0
00068 features=413 size=5 p=5 tap=52 reset=false scheme=1 ops=0,0,3,3,3,0,3,3,3,0,0,0,0,3,0,0,3,3,3,0,0,0,3,3,3,3,0,0,3,0,0,3,3,3,3,0,3,0,0,3,0,3,0,0,3,0,3,3,0,0,0,3,3,0,0,3,3,0,0,0,0,3,3,3 ks=0,0,0,0,144,0,0,0,0,0,0,0,0,0,0,0,0,0,0,0,0,0,0,0,0,0,0,0,0,0,0,0,0,0,0,8,0,0,0,0,0,0,0,0,0,0,0,65,0,0,0,0,0,0,0,0,0,25,0,0,0,0,0,32
00069 features=969 size=2 p=10 tap=52 reset=true scheme=4 ops=0,0,3,3,3,0,3,3,3,0,0,0,0,3,3,0,3,3,2,0,3,0,3,3,2,3,0,2,3,0,0,3,3,3,3,0,3,3,0,3,0,3,0,0,3,0,3,3,0,0,0,3,3,0,0,3,0,0,0,0,3,3,3,3 ks=0,0,0,0,0,0,0,0,0,0,0,0,0,0,1,0,0,0,0,0,0,0,0,0,0,0,0,0,0,0,0,0,0,0,0,0,0,0,0,0,0,0,0,0,0,0,0,0,0,0,0,0,0,0,0,0,0,0,0,0,0,0,0,32
00070 features=444 size=4 p=5 tap=49 reset=false scheme=1 ops=0,1,3,2,1,0,3,3,3,0,0,0,0,3,0,0,3,3,3,0,0,0,3,3,3,3,0,0,0,0,0,3,3,3,3,0,3,0,0,3,0,3,0,0,3,0,3,3,0,0,0,3,3,0,0,3,3,0,0,0,0,3,3,3 ks=0,0,0,0,0,0,0,0,0,0,0,0,0,0,0,0,0,0,0,0,0,0,0,0,0,0,0,0,0,0,0,0,0,0,0,0,0,0,0,0,0,0,0,0,0,0,1,0,192,0,0,0,0,0,0,0,0,25,0,0,0,0,0,32
00071 features=79 size=1 p=5 tap=52 reset=true scheme=4 ops=1,1,1,1,1,1,1,1,1,1,1,1,1,1,1,1,1,1,1,1,1,1,1,1,1,1,1,1,1,1,1,1,1,1,1,1,1,1,1,1,1,1,1,1,1,1,1,1,1,1,1,1,1,1,1,1,1,1,1,1,1,1,1,1 ks=0,0,0,0,0,0,0,0,0,0,0,0,0,0,0,0,0,0,0,0,0,0,0,0,0,0,0,0,0,0,0,0,0,0,0,0,0,252,0,0,0,0,0,0,0,0,0,0,0,0,0,0,0,0,0,0,0,0,0,0,0,0,0,0
00072 features=601 size=6 p=5 tap=16 reset=false scheme=5 ops=2,1,3,2,1,2,1,3,2,0,0,1,1,3,2,1,3,2,2,3,3,3,3,3,2,3,3,1,3,1,1,3,1,2,1,0,0,0,0,3,1,3,0,0,2,0,2,1,2,0,2,2,1,2,1,2,1,0,0,1,0,0,3,1 ks=0,0,0,0,0,0,250,0,0,0,0,0,0,0,0,0,0,79,0,215,0,195,0,0,0,0,0,0,0,0,0,0,0,0,0,0,0,0,0,0,0,0,0,0,0,0,0,51,0,0,0,0,0,0,0,0,0,0,0,0,127,0,0,0
00073 features=730 size=3 p=10 tap=29 reset=true scheme=1 ops=3,3,3,3,3,3,3,3,3,3,3,3,3,3,3,3,3,3,3,3,3,3,3,3,2,3,3,3,3,3,3,3,3,3,3,3,0,0,0,3,1,3,0,0,3,3,3,3,3,3,3,3,3,3,3,3,3,3,3,3,3,3,3,3 ks=0,0,0,0,0,0,170,0,0,0,0,0,0,0,0,0,0,0,0,0,0,0,0,0,0,0,0,66,0,0,0,35,0,0,0,0,0,0,0,0,0,0,0,0,0,0,0,0,0,0,0,0,0,0,0,0,0,0,0,0,0,0,0,0
00074 features=545 size=1 p=2 tap=17 reset=false scheme=1 ops=2,3,3,2,2,2,2,3,2,3,3,2,2,3,2,2,3,3,2,3,3,3,3,3,2,3,3,3,3,2,0,3,2,2,2,3,2,3,2,3,3,3,2,2,2,2,2,2,2,2,2,2,3,2,2,2,2,2,2,2,3,3,3,2 ks=0,0,8,0,0,0,0,0,0,0,0,0,0,0,0,0,0,0,0,0,0,0,0,0,0,0,0,0,0,0,0,0,0,0,0,0,0,0,0,0,0,0,0,0,0,0,0,0,0,0,0,0,0,0,0,0,0,0,0,0,0,0,0,0
00075 features=508 size=6 p=5 tap=16 reset=false scheme=5 ops=2,0,3,2,1,2,1,3,2,0,0,1,1,3,2,1,3,3,2,3,3,3,3,3,2,3,3,1,3,1,1,3,1,2,1,0,0,0,0,3,1,3,0,0,1,1,1,1,1,1,1,1,1,1,1,1,1,1,1,1,0,0,3,1 ks=0,0,0,80,0,0,0,240,0,0,0,0,0,0,0,0,0,0,0,215,249,254,254,0,0,0,0,0,0,0,0,0,0,0,0,0,0,0,0,0,0,0,0,0,0,0,0,0,0,0,0,0,0,0,0,0,0,0,0,0,0,0,0,0
00076 features=449 size=6 p=5 tap=16 reset=false scheme=5 ops=3,0,3,2,1,2,1,3,2,0,0,1,1,3,2,1,3,3,2,3,3,3,3,3,2,3,3,1,3,1,1,3,1,2,1,0,0,0,0,3,1,3,0,0,1,1,1,1,1,1,1,1,1,1,1,1,1,1,1,1,0,0,3,1 ks=0,0,0,64,0,0,17,0,0,0,0,0,0,0,0,0,0,0,0,215,249,195,232,0,0,0,0,0,0,0,0,0,0,0,0,0,0,0,0,0,0,0,0,0,0,0,0,0,0,0,0,0,0,0,0,0,0,0,0,0,0,0,0,0
00077 features=546 size=3 p=5 tap=16 reset=true scheme=5 ops=2,0,3,2,1,2,1,3,2,0,0,1,1,3,2,1,3,3,2,3,3,3,3,3,2,3,3,1,3,1,1,3,1,2,1,0,0,0,0,3,1,3,0,0,1,1,1,1,2,1,1,1,1,1,1,1,1,1,1,1,0,0,3,1 ks=0,0,0,0,0,0,0,0,0,0,0,128,0,0,0,0,0,0,0,215,0,195,0,0,0,0,0,0,0,0,0,0,0,0,0,0,0,0,0,0,0,0,0,0,0,0,0,0,0,0,0,0,0,0,0,0,0,0,0,0,0,0,0,0
00078 features=641 size=2 p=10 tap=29 reset=true scheme=1 ops=3,3,3,3,3,3,3,3,3,3,3,3,3,3,3,3,3,3,3,3,3,3,3,3,3,3,3,3,3,3,3,3,3,3,3,3,3,3,3,3,3,3,3,3,3,3,3,3,3,3,3,3,3,3,3,3,3,3,3,3,3,3,3,3 ks=0,0,0,0,0,0,170,0,0,0,0,0,0,0,0,0,0,0,0,0,0,0,0,0,0,0,0,0,0,2,0,0,0,0,0,0,0,0,0,0,0,0,0,0,0,0,0,0,0,0,0,0,0,0,0,0,0,0,0,0,0,0,0,0
00079 features=478 size=5 p=5 tap=16 reset=false scheme=5 ops=2,0,3,2,1,2,1,3,2,0,0,1,1,3,2,1,3,3,2,3,3,3,3,3,2,3,3,1,3,1,1,3,1,2,1,0,0,0,0,3,1,3,0,0,1,1,1,1,1,1,1,1,1,1,1,1,1,1,1,1,0,0,3,1 ks=0,0,0,80,0,0,0,0,0,0,0,0,0,0,0,0,0,0,0,215,0,195,254,0,0,0,0,0,0,0,0,0,0,0,0,0,0,0,0,0,0,0,0,0,0,0,0,0,0,0,0,0,0,0,0,0,0,0,0,0,0,0,0,157
00080 features=600 size=9 p=5 tap=17 reset=false scheme=1 ops=2,3,3,2,1,2,1,3,2,0,0,1,1,3,2,1,3,3,2,3,3,3,3,3,2,3,3,3,3,2,0,3,2,2,2,3,2,3,2,3,3,3,3,2,2,2,2,2,2,2,2,2,3,2,2,2,2,2,2,2,3,3,3,2 ks=0,0,0,0,0,0,0,0,0,0,0,0,0,254,0,0,0,79,0,0,249,195,190,0,0,0,0,0,0,0,0,0,0,0,0,0,64,0,0,0,0,0,0,0,0,0,0,0,0,183,0,0,164,0,0,0,0,0,204,0,0,0,0,0
00081 features=476 size=6 p=5 tap=16 reset=false scheme=5 ops=3,0,3,2,1,2,1,3,2,0,0,1,1,3,2,1,3,3,2,3,3,3,3,3,2,3,3,1,3,1,1,3,1,2,1,0,0,0,0,3,1,3,0,0,1,1,1,1,1,1,1,1,1,1,1,1,1,1,1,1,0,0,3,1 ks=0,0,0,64,0,0,17,0,0,0,0,0,0,0,0,0,0,0,0,215,0,195,232,0,0,0,0,0,0,0,0,0,0,0,0,0,0,0,0,0,0,0,0,0,0,0,0,0,0,0,0,1,0,0,0,0,0,0,0,0,0,0,0,0
00082 features=1021 size=0 p=5 tap=49 reset=true scheme=1 ops=0,3,3,0,0,3,0,3,0,0,0,3,0,3,0,3,3,3,3,0,3,0,3,3,3,3,0,0,3,0,0,3,0,0,3,0,0,0,0,3,3,3,0,0,0,0,3,3,3,0,3,3,3,0,3,3,3,3,0,0,0,0,3,0 ks=0,0,0,0,0,0,0,0,0,0,0,0,0,0,0,0,0,0,0,0,0,0,0,0,0,0,0,0,0,0,0,0,0,0,0,0,0,0,0,0,0,0,0,0,0,0,0,0,0,0,0,0,0,0,0,0,0,0,0,0,0,0,0,0
00083 features=596 size=8 p=2 tap=16 reset=false scheme=5 ops=2,1,3,2,1,2,1,3,2,0,0,1,1,3,2,1,3,3,2,3,3,3,3,3,2,3,3,1,3,1,1,3,1,2,1,0,0,0,0,3,1,3,0,0,2,0,1,1,1,1,1,1,1,1,1,2,1,0,0,1,3,0,3,1 ks=0,0,0,0,0,0,0,0,0,32,0,0,0,252,0,51,0,95,0,0,249,254,254,18,0,0,0,0,0,0,0,0,0,0,0,0,0,0,0,0,0,0,0,0,0,0,0,0,0,0,0,0,0,0,0,0,0,0,0,0,0,0,0,0
00084 features=605 size=6 p=1 tap=17 reset=false scheme=1 ops=2,3,3,2,1,2,1,3,3,0,0,2,0,3,2,1,3,3,2,3,3,3,3,3,2,3,3,3,3,2,0,3,2,2,2,1,2,3,2,3,3,3,3,2,2,2,2,2,2,2,2,2,3,2,2,2,2,2,2,2,3,3,3,2 ks=0,169,0,0,0,0,0,0,0,0,0,0,0,0,0,0,0,79,0,0,249,195,190,0,0,0,0,0,0,0,0,0,0,0,0,0,0,0,0,0,0,0,0,0,0,0,0,0,0,0,0,0,0,47,0,0,0,0,0,0,0,0,0,0
00085 features=426 size=4 p=5 tap=52 reset=false scheme=1 ops=0,0,3,3,3,0,3,3,3,0,0,0,0,3,0,0,3,3,3,0,0,0,3,3,3,3,0,0,3,0,0,3,3,3,2,0,3,0,0,3,0,3,0,0,3,0,3,3,0,0,0,3,3,0,0,3,3,0,0,0,0,3,3,3 ks=0,0,0,0,144,0,0,0,0,0,0,0,0,0,0,0,0,0,0,0,0,0,0,0,0,0,0,0,0,0,0,0,0,0,0,8,0,0,0,0,0,0,0,0,0,0,0,65,189,0,0,0,0,0,0,0,0,0,0,0,0,0,0,0
00086 features=677 size=4 p=2 tap=16 reset=true scheme=5 ops=2,1,3,2,1,2,1,3,2,0,0,1,1,3,2,1,3,3,2,3,3,3,3,3,2,3,3,1,3,1,1,3,1,2,1,0,0,0,0,3,1,3,0,0,2,0,2,1,2,0,2,2,1,2,1,2,1,0,0,1,0,0,3,1 ks=0,0,0,0,0,0,0,0,0,0,0,0,0,0,0,94,0,0,0,215,0,254,254,0,0,0,0,0,0,0,0,0,0,0,0,0,0,0,0,0,0,0,0,0,0,0,0,0,0,0,0,0,0,0,0,0,0,0,0,0,0,0,0,0
00087 features=774 size=1 p=10 tap=52 reset=true scheme=4 ops=0,0,0,0,0,0,3,3,2,0,0,0,1,3,1,1,2,3,2,0,0,0,3,3,2,3,0,2,3,0,0,3,3,3,3,0,3,3,0,3,0,3,0,0,3,2,2,2,2,2,0,3,3,0,0,3,0,0,0,0,3,3,3,3 ks=0,0,0,0,0,0,0,0,0,0,0,0,0,255,0,0,0,0,0,0,0,0,0,0,0,0,0,0,0,0,0,0,0,0,0,0,0,0,0,0,0,0,0,0,0,0,0,0,0,0,0,0,0,0,0,0,0,0,0,0,0,0,0,0
00088 features=505 size=1 p=2 tap=16 reset=false scheme=5 ops=2,3,3,2,2,2,2,3,2,3,2,3,2,3,2,3,3,3,2,3,3,3,3,3,2,3,3,2,3,3,2,3,2,2,3,3,3,3,3,3,2,3,3,3,2,2,2,3,2,3,2,2,3,2,3,2,2,3,3,2,2,2,3,2 ks=0,0,0,0,0,0,0,0,0,0,0,0,0,0,0,0,0,0,0,0,0,0,0,0,0,0,0,0,0,0,0,0,0,0,0,0,0,0,0,0,0,0,0,0,255,0,0,0,0,0,0,0,0,0,0,0,0,0,0,0,0,0,0,0
00089 features=365 size=9 p=5 tap=17 reset=false scheme=1 ops=2,3,3,2,1,2,1,3,2,0,0,1,1,3,2,1,3,3,2,3,3,3,3,3,2,3,3,3,3,2,0,3,2,2,2,3,2,3,2,3,3,3,1,1,1,1,1,1,1,1,1,1,1,1,1,1,1,1,2,2,3,3,3,2 ks=0,0,0,0,0,0,0,0,0,0,0,0,0,0,0,0,0,79,0,0,249,195,190,0,0,2,0,0,234,0,0,0,0,0,0,0,64,0,0,0,0,0,0,0,0,0,0,0,0,0,254,0,0,0,0,0,0,0,204,0,0,0,0,0
00090 features=509 size=7 p=5 tap=16 reset=false scheme=5 ops=2,0,3,2,1,2,1,3,2,0,0,1,1,3,2,1,3,3,2,3,3,3,3,3,2,3,3,1,3,1,1,3,1,2,1,0,0,0,0,3,1,3,0,0,1,1,1,1,1,1,1,1,1,1,1,1,1,1,1,1,0,0,3,1 ks=0,64,0,80,0,0,0,240,0,0,0,0,0,0,0,0,0,0,0,215,249,254,254,0,0,0,0,0,0,0,0,0,0,0,0,0,0,0,0,0,0,0,0,0,0,0,0,0,0,0,0,0,0,0,0,0,0,0,0,0,0,0,0,0
00091 features=560 size=4 p=1 tap=17 reset=false scheme=1 ops=2,3,3,2,1,2,1,3,3,0,0,0,0,3,2,1,3,3,2,3,3,3,3,3,2,3,3,3,3,2,0,3,2,2,2,1,2,3,2,3,3,3,3,2,2,2,2,2,2,2,2,2,3,2,2,2,2,2,2,2,3,3,3,2 ks=0,0,0,0,0,0,0,0,0,0,0,0,0,0,0,0,0,79,0,0,249,195,0,0,0,0,0,0,0,0,0,0,0,0,0,0,0,0,0,0,0,0,0,0,0,0,0,0,0,0,0,0,0,0,0,0,0,0,0,0,0,192,0,0
00092 features=800 size=7 p=5 tap=52 reset=true scheme=3 ops=0,0,3,3,3,0,3,3,3,0,0,0,0,3,0,0,3,3,3,0,0,0,3,3,3,3,0,0,3,0,0,1,3,3,3,0,3,0,0,3,0,3,0,0,3,0,3,3,0,0,0,3,3,0,0,3,0,0,0,0,0,3,3,3 ks=0,0,0,0,0,0,0,0,0,0,0,0,0,0,1,0,0,0,0,0,0,0,0,0,0,0,0,0,0,0,0,0,0,0,0,8,0,0,17,0,20,0,0,0,0,0,0,0,0,0,0,0,0,0,0,0,0,25,0,0,0,2,0,32
00093 features=873 size=1 p=10 tap=29 reset=true scheme=1 ops=3,3,3,3,3,0,3,3,3,0,0,1,1,0,0,1,0,1,3,0,0,0,3,3,3,3,3,3,3,3,3,3,3,3,3,3,3,3,3,3,3,3,3,3,3,3,3,3,3,3,3,3,3,3,3,3,3,3,3,3,3,3,3,0 ks=0,0,0,0,0,0,0,0,0,0,0,0,0,0,0,0,0,0,0,0,0,0,0,0,0,0,0,0,0,128,0,0,0,0,0,0,0,0,0,0,0,0,0,0,0,0,0,0,0,0,0,0,0,0,0,0,0,0,0,0,0,0,0,0
00094 features=437 size=5 p=5 tap=16 reset=false scheme=5 ops=2,0,3,2,1,2,1,3,2,0,0,1,1,3,2,1,3,3,2,3,3,3,3,3,2,3,3,1,3,1,1,3,1,2,1,0,0,0,2,3,3,3,0,0,1,1,1,1,1,1,1,1,1,1,1,1,1,1,1,1,0,0,3,1 ks=0,0,0,64,0,0,0,0,0,0,0,0,0,0,0,0,0,0,0,215,249,195,254,0,0,0,0,0,0,0,0,0,0,0,0,0,0,0,0,0,0,0,0,0,0,0,0,0,0,0,0,0,0,0,0,0,0,0,0,0,0,0,0,0
00095 features=842 size=3 p=5 tap=52 reset=true scheme=4 ops=0,1,3,3,3,0,3,3,3,0,0,0,0,3,3,0,3,3,3,0,1,0,3,3,3,3,0,0,3,0,0,3,3,3,3,0,3,0,0,3,0,3,0,0,3,0,3,3,0,0,0,3,3,0,0,3,3,0,0,0,3,3,3,3 ks=0,0,0,0,0,0,0,0,0,0,0,0,0,0,0,0,0,0,0,0,0,0,0,0,0,0,0,0,0,0,0,0,0,0,0,0,0,0,0,0,255,0,0,0,0,0,0,0,0,0,0,0,128,0,0,0,0,0,0,0,0,0,0,32
00096 features=700 size=7 p=5 tap=17 reset=true scheme=4 ops=3,3,3,3,3,0,1,3,1,3,3,1,3,3,0,3,3,3,3,3,3,3,3,3,1,3,3,3,3,0,0,3,3,1,0,3,3,3,0,3,3,3,3,0,3,1,0,0,3,3,3,0,3,1,1,1,0,1,3,1,3,3,3,3 ks=0,0,0,0,0,0,0,0,0,0,0,0,128,127,0,0,0,79,0,0,249,195,190,0,0,0,0,0,0,0,0,0,0,0,51,0,0,0,0,0,0,0,0,0,0,0,0,0,0,0,0,0,0,0,0,0,0,0,0,0,0,0,0,0
00097 features=385 size=7 p=5 tap=16 reset=false scheme=5 ops=2,0,3,2,1,3,1,3,2,0,0,1,1,3,2,1,3,3,2,3,3,3,3,3,2,3,3,1,3,1,1,3,2,2,2,3,2,3,2,3,3,3,0,0,1,1,1,1,1,1,1,1,1,1,1,1,1,1,1,1,0,0,3,1 ks=0,0,0,64,0,0,0,0,0,0,0,255,0,0,0,0,0,0,0,215,249,195,254,0,0,0,0,0,0,0,0,0,0,0,0,0,0,0,0,0,0,0,0,0,0,0,0,0,0,0,0,0,0,76,0,0,0,0,0,0,0,0,0,0
00098 features=720 size=9 p=5 tap=17 reset=true scheme=4 ops=3,3,3,3,3,0,1,3,1,3,3,1,3,3,0,3,3,2,3,3,3,3,3,3,1,3,3,3,3,0,0,3,3,1,0,3,3,3,0,3,3,3,3,0,3,1,0,0,3,3,3,0,3,1,1,1,0,1,3,1,3,3,3,3 ks=0,0,0,0,0,0,0,0,0,0,0,0,128,127,127,0,0,79,0,0,249,195,190,0,0,0,0,0,0,0,0,0,0,0,51,0,0,0,0,0,0,0,0,0,0,0,0,0,0,0,0,0,0,0,0,0,0,0,0,3,0,0,0,0
00099 features=368 size=3 p=5 tap=52 reset=false scheme=4 ops=0,1,3,3,3,0,3,3,3,0,0,0,0,3,3,0,3,3,3,0,0,0,3,3,3,3,0,0,3,0,0,3,3,3,3,0,3,0,0,3,0,3,0,0,3,0,3,3,0,0,0,3,3,0,0,3,3,0,0,0,0,3,3,3 ks=0,0,0,0,0,0,0,0,0,0,0,0,0,0,0,0,0,0,0,0,0,0,0,0,0,0,0,0,0,0,0,0,0,0,0,0,0,0,0,0,0,0,0,0,0,0,0,0,0,0,0,0,128,0,44,0,0,0,0,0,0,0,0,32
00100 features=779 size=10 p=5 tap=16 reset=false scheme=5 ops=2,1,3,2,1,2,1,0,2,0,0,2,1,3,2,1,3,3,2,3,3,3,3,2,2,3,3,1,3,1,1,3,1,2,1,0,0,0,0,3,1,3,0,0,2,0,2,1,2,0,2,2,1,2,1,2,1,0,0,1,0,0,3,1 ks=254,0,0,0,0,0,0,0,0,0,0,0,242,0,0,51,0,79,0,215,0,195,254,0,0,184,178,0,0,0,0,0,0,0,0,0,0,0,0,0,0,0,0,0,0,0,0,0,0,0,0,0,0,0,2,0,0,0,0,0,0,0,0,0
00101 features=818 size=8 p=5 tap=52 reset=true scheme=3 ops=0,0,3,3,3,0,3,3,3,0,0,0,0,3,0,0,3,3,3,0,0,0,3,3,3,3,0,0,3,0,0,1,3,3,3,0,3,0,0,3,0,3,0,0,3,0,3,3,0,0,0,3,3,0,0,3,0,0,0,0,0,3,3,3 ks=0,0,0,0,0,0,0,0,0,0,0,0,0,0,1,0,0,0,0,0,0,0,0,0,0,0,0,0,0,0,0,0,0,0,0,8,0,0,17,0,20,0,0,0,0,0,0,0,0,1,0,0,0,0,0,0,0,25,0,0,0,2,0,32
00102 features=793 size=6 p=5 tap=17 reset=true scheme=4 ops=3,3,3,3,3,0,1,3,1,3,3,1,3,3,0,3,3,2,3,3,3,3,3,3,1,3,3,3,3,0,0,3,3,1,0,3,3,3,0,3,3,3,3,0,3,1,0,0,3,3,3,0,3,1,1,1,0,1,3,1,3,0,3,1 ks=0,0,0,0,0,0,0,0,0,0,0,0,128,127,127,0,0,79,0,0,0,0,190,0,0,0,0,0,0,0,0,1,0,0,0,0,0,0,0,0,0,0,0,0,0,0,0,0,0,0,0,0,0,0,0,0,0,0,0,0,0,0,0,0
00103 features=503 size=6 p=5 tap=52 reset=true scheme=3 ops=3,1,3,3,3,3,3,3,3,2,3,2,2,3,1,3,3,3,3,1,1,3,3,3,3,3,1,2,3,3,2,1,3,3,3,1,3,1,2,3,2,3,2,1,3,3,3,3,1,1,1,3,3,1,3,3,2,2,1,1,1,3,3,3 ks=0,0,0,0,0,0,0,0,0,0,0,0,0,0,0,0,0,0,0,0,0,0,0,0,0,0,0,0,0,0,0,0,0,0,0,0,0,0,17,0,20,0,0,0,0,0,0,0,0,1,0,0,0,0,0,0,0,25,0,0,0,2,0,32
00104 features=543 size=6 p=10 tap=16 reset=false scheme=5 ops=2,1,3,2,1,2,1,2,2,2,2,1,1,3,2,1,3,3,2,3,3,3,3,3,2,3,3,1,3,1,1,3,1,2,1,2,1,3,3,3,1,3,1,1,2,1,2,1,2,2,2,2,1,2,1,2,1,1,2,1,2,3,3,1 ks=0,0,0,0,0,0,0,0,0,0,0,0,242,0,0,51,0,0,0,215,249,195,254,0,0,0,0,0,0,0,0,0,0,0,0,0,0,0,0,0,0,0,0,0,0,0,0,0,0,0,0,0,0,0,0,0,0,0,0,0,0,0,0,0
00105 features=489 size=8 p=5 tap=16 reset=false scheme=5 ops=3,0,3,2,1,2,1,3,2,0,0,1,1,3,2,1,3,3,2,3,3,3,3,3,2,2,3,1,3,1,1,3,1,2,1,0,0,0,0,3,1,3,0,0,1,1,1,1,1,1,1,1,1,1,1,1,1,1,1,1,0,0,3,1 ks=0,0,0,64,0,0,17,0,0,0,0,0,0,0,0,0,0,0,0,215,0,195,232,0,0,0,0,0,0,0,0,228,0,0,0,0,0,0,0,0,0,0,0,0,0,0,0,0,0,0,0,1,0,0,0,0,0,0,1,0,0,0,0,0
00106 features=454 size=7 p=5 tap=16 reset=false scheme=5 ops=3,0,3,2,1,2,1,3,1,0,0,3,1,3,2,1,3,3,2,3,3,3,3,3,2,3,3,3,3,1,1,3,1,2,1,0,0,0,0,3,1,3,1,0,1,1,1,1,1,1,1,1,3,1,1,1,1,1,1,1,0,0,3,1 ks=0,0,0,64,0,0,17,0,0,0,0,0,0,0,0,0,0,0,0,210,0,195,190,0,0,0,0,0,0,0,0,0,0,0,0,0,0,0,254,0,0,0,0,0,0,0,0,0,0,0,0,0,0,0,0,0,252,0,0,0,0,0,0,0
00107 features=640 size=6 p=1 tap=17 reset=false scheme=1 ops=2,3,3,2,1,2,1,3,3,0,0,0,0,3,2,1,3,3,2,3,3,3,3,3,2,3,3,3,3,2,0,3,2,2,2,0,3,3,0,3,0,3,0,0,3,0,3,3,0,0,2,2,3,2,2,2,2,2,2,2,3,3,3,2 ks=0,0,255,0,0,0,0,0,0,0,0,0,0,0,0,0,0,79,0,127,249,195,190,0,0,0,0,0,0,0,0,0,0,0,0,0,0,0,0,0,0,0,0,0,0,0,0,0,0,0,0,0,0,0,0,0,0,0,0,0,0,0,0,0
00108 features=778 size=11 p=5 tap=17 reset=true scheme=4 ops=3,3,3,3,3,0,1,3,1,3,3,1,3,3,0,3,3,2,3,3,3,3,3,3,1,3,3,3,3,0,0,3,3,1,0,3,3,3,0,3,3,3,3,0,3,1,0,0,3,3,3,0,3,1,1,1,0,1,3,1,3,3,3,3 ks=0,4,0,0,0,0,0,0,0,0,0,0,128,127,127,0,0,79,0,0,249,195,190,0,0,0,0,0,0,0,0,0,0,0,51,0,0,0,0,0,44,0,0,0,0,0,0,0,0,0,0,0,0,0,0,0,0,0,0,3,0,0,0,0
00109 features=558 size=1 p=5 tap=16 reset=false scheme=5 ops=2,0,3,2,1,2,1,3,2,0,0,1,1,3,2,1,3,3,2,3,3,2,3,3,2,3,3,1,3,1,1,3,1,2,1,0,0,0,0,3,3,3,3,2,2,2,2,2,2,2,2,2,3,2,2,2,2,1,1,1,0,0,3,1 ks=0,0,0,0,0,0,0,0,0,0,0,0,0,0,0,0,0,0,0,0,0,0,254,0,0,0,0,0,0,0,0,0,0,0,0,0,0,0,0,0,0,0,0,0,0,0,0,0,0,0,0,0,0,0,0,0,0,0,0,0,0,0,0,0
00110 features=646 size=3 p=10 tap=29 reset=true scheme=1 ops=3,3,3,3,3,3,3,3,3,3,3,3,3,3,3,3,3,3,3,3,3,3,3,3,2,3,3,3,3,3,3,3,3,3,3,3,0,0,0,3,1,3,0,0,3,3,3,3,3,3,3,3,3,3,3,3,3,3,3,3,3,3,3,3 ks=0,0,0,0,0,0,0,0,0,0,0,0,0,0,0,0,0,0,0,0,0,0,0,0,0,0,0,66,0,0,0,35,0,0,0,0,0,0,249,0,0,0,0,0,0,0,0,0,0,0,0,0,0,0,0,0,0,0,0,0,0,0,0,0
00111 features=782 size=6 p=1 tap=17 reset=true scheme=4 ops=3,3,3,3,3,0,1,3,1,3,3,1,3,3,0,3,3,2,3,3,3,3,3,3,1,3,3,3,3,0,0,3,3,1,0,3,3,3,0,3,3,3,3,0,3,1,0,0,3,3,3,0,3,1,1,1,0,1,3,1,3,0,3,1 ks=0,0,0,0,0,0,0,0,0,0,0,0,128,127,127,0,0,79,0,0,0,0,190,0,0,0,0,0,0,0,0,1,0,0,0,0,0,0,0,0,0,0,0,0,0,0,0,0,0,0,0,0,0,0,0,0,0,0,0,0,0,0,0,0
00112 features=108 size=4 p=5 tap=49 reset=false scheme=1 ops=3,1,3,3,3,3,3,3,3,1,1,1,1,3,1,3,3,3,3,3,3,3,3,3,3,3,1,1,1,1,1,3,3,3,3,1,3,3,3,3,3,1,1,3,3,1,3,3,3,1,3,3,3,3,1,3,3,1,3,3,1,3,3,3 ks=0,0,0,0,0,0,0,0,0,0,0,0,0,0,0,0,0,0,0,0,0,0,0,0,0,0,0,0,0,0,0,0,0,0,0,0,0,0,0,0,0,0,0,0,0,0,0,0,192,0,0,0,0,0,0,0,0,25,239,0,0,0,0,32
00113 features=759 size=8 p=5 tap=52 reset=true scheme=3 ops=0,0,3,0,3,0,3,3,3,0,0,0,0,3,0,0,3,3,3,0,0,0,3,3,3,3,0,0,3,0,0,1,3,3,3,0,3,0,0,3,0,3,0,0,3,0,3,3,0,0,0,3,3,0,0,3,0,0,0,0,0,3,3,1 ks=0,0,0,0,0,0,0,0,0,0,0,0,0,0,0,0,0,0,149,0,0,0,0,0,0,0,0,0,0,0,0,0,0,0,0,8,0,0,17,0,20,0,0,0,0,0,0,0,0,0,0,0,0,252,0,0,0,25,0,0,0,2,0,32
00114 features=461 size=7 p=5 tap=17 reset=false scheme=1 ops=2,3,3,2,1,2,1,3,2,0,0,1,1,3,2,1,3,3,2,3,3,3,3,3,3,3,3,1,3,1,1,3,1,2,1,0,0,0,0,0,2,2,0,0,2,1,1,1,1,1,1,1,1,1,1,1,1,1,2,2,3,3,3,2 ks=0,0,0,0,0,0,0,0,0,0,0,0,0,0,0,0,0,79,0,0,249,195,2,0,0,0,0,0,0,0,0,0,0,0,0,0,0,0,0,0,0,0,0,0,0,0,0,0,255,0,254,0,0,0,0,0,0,0,204,0,0,0,0,0
00115 features=786 size=4 p=10 tap=16 reset=true scheme=5 ops=2,1,3,2,1,0,0,2,2,2,2,1,1,3,2,1,3,3,2,3,3,3,3,3,0,0,0,0,0,0,0,0,0,0,0,0,0,0,0,0,1,3,1,1,0,0,0,1,2,2,2,2,1,2,1,2,1,1,2,1,2,3,3,1 ks=0,0,0,0,0,0,0,0,0,0,0,0,0,0,0,51,0,0,0,215,0,195,254,0,0,0,0,0,0,0,0,0,0,0,0,0,0,0,0,0,0,0,0,0,0,0,0,0,0,0,0,0,0,0,0,0,0,0,0,0,0,0,0,0
00116 features=318 size=6 p=1 tap=17 reset=false scheme=1 ops=3,3,3,3,3,0,1,3,1,3,3,1,3,3,0,3,3,2,3,3,3,3,3,3,1,3,3,3,3,0,0,3,3,1,0,3,3,3,0,3,3,3,3,0,3,1,0,0,3,3,3,0,3,1,1,1,0,1,3,1,3,0,3,1 ks=0,0,0,0,0,0,0,0,0,0,0,0,128,130,127,0,0,79,0,0,0,0,190,0,0,0,0,0,0,0,0,1,0,0,0,0,0,0,0,0,0,0,0,0,0,0,0,0,0,0,0,0,0,0,0,0,0,0,0,0,0,0,0,0
00117 features=694 size=3 p=10 tap=29 reset=true scheme=1 ops=3,3,3,3,3,3,3,3,3,3,3,3,3,3,3,3,3,3,3,3,3,3,3,3,2,3,3,3,3,2,0,3,3,3,3,3,0,0,0,3,1,3,0,0,3,3,3,3,3,3,3,3,3,3,3,3,3,3,3,3,3,3,3,3 ks=0,0,0,0,0,0,0,0,0,0,0,0,0,0,0,0,0,0,0,0,0,195,190,0,0,0,0,0,0,0,0,0,0,0,0,0,0,0,249,0,0,0,0,0,0,0,0,0,0,0,0,0,0,0,0,0,0,0,0,0,0,0,0,0
00118 features=887 size=4 p=2 tap=16 reset=true scheme=5 ops=2,2,3,2,3,2,2,2,2,2,2,2,3,3,2,3,3,3,2,3,3,3,3,3,2,3,3,3,2,2,2,3,2,2,2,3,3,3,2,2,2,3,2,3,3,3,2,2,2,2,2,2,2,2,2,2,3,3,2,2,2,3,3,3 ks=0,0,0,0,0,0,0,0,0,0,0,0,0,0,0,51,0,0,0,0,118,195,254,0,0,0,0,0,0,0,0,0,0,0,0,0,0,0,0,0,0,0,0,0,0,0,0,0,0,0,0,0,0,0,0,0,0,0,0,0,0,0,0,0
00119 features=808 size=10 p=5 tap=52 reset=true scheme=3 ops=0,0,3,3,3,0,3,3,3,3,0,0,0,3,0,0,3,3,3,0,0,0,3,3,3,3,0,0,3,0,0,3,3,3,3,0,3,0,0,3,0,3,0,0,3,0,2,3,0,0,0,3,3,0,0,3,0,0,0,0,0,3,3,3 ks=0,0,0,0,144,0,0,0,0,0,0,0,0,0,1,0,0,0,0,0,0,0,0,0,0,0,0,0,0,0,0,0,1,0,0,8,0,0,17,255,20,0,0,0,0,0,0,0,0,0,0,0,0,0,0,0,0,25,0,0,0,2,0,32
00120 features=488 size=8 p=5 tap=16 reset=false scheme=5 ops=3,0,3,2,1,2,1,3,2,0,0,1,1,3,2,1,3,3,2,3,3,3,3,3,2,2,3,1,3,1,1,3,1,2,1,0,0,0,0,3,1,3,0,0,1,1,1,1,1,1,1,1,1,1,1,1,1,1,1,1,0,0,3,1 ks=0,0,0,64,0,0,17,0,0,1,0,0,0,0,0,0,0,0,0,215,0,195,232,0,0,0,0,0,0,0,0,228,0,0,0,0,0,0,0,0,0,0,0,0,0,0,0,0,0,0,0,1,0,0,0,0,0,0,0,0,0,0,0,0
00121 features=362 size=8 p=5 tap=17 reset=false scheme=1 ops=2,3,3,2,1,2,1,3,2,0,0,1,1,3,2,1,3,3,2,3,3,3,3,3,2,3,3,3,3,2,0,3,2,2,2,3,2,3,2,3,3,3,1,1,1,1,1,1,1,1,1,1,1,1,1,1,1,1,2,2,3,3,3,2 ks=0,0,0,0,0,0,0,0,0,0,0,0,0,0,0,0,0,79,0,0,249,195,190,0,0,0,0,0,234,0,0,0,0,0,0,0,64,0,0,0,0,0,0,0,0,0,0,0,0,0,254,0,0,0,0,0,0,0,203,0,0,0,0,0
00122 features=532 size=11 p=5 tap=17 reset=false scheme=1 ops=2,3,3,2,1,2,1,3,2,0,0,1,1,3,2,1,3,3,2,3,3,3,3,3,3,3,3,1,3,1,1,3,1,2,1,0,0,0,0,0,1,2,0,0,2,1,0,1,1,1,1,1,1,1,1,1,1,1,2,2,3,3,3,2 ks=0,0,0,0,0,0,0,0,0,0,0,0,0,254,0,0,0,79,0,0,249,195,2,0,0,0,0,0,0,0,0,0,0,0,0,81,0,0,0,0,0,0,0,254,0,103,0,0,255,0,254,0,0,0,0,0,0,0,204,0,0,0,0,0
00123 features=821 size=8 p=5 tap=52 reset=true scheme=3 ops=0,0,3,3,3,0,3,3,3,0,0,0,0,3,0,0,3,3,3,0,0,0,3,3,3,3,0,0,3,0,0,3,3,3,3,0,3,0,0,3,0,3,0,0,3,0,3,3,0,0,0,3,3,0,0,3,0,0,0,0,0,0,3,3 ks=0,0,0,0,144,0,0,0,0,0,0,0,0,0,1,0,0,0,0,0,0,0,0,0,0,0,0,0,0,0,0,0,0,0,0,8,0,0,17,0,20,0,0,0,0,0,0,0,0,0,0,0,0,0,0,0,0,153,0,0,0,2,0,32
00124 features=633 size=5 p=5 tap=16 reset=false scheme=5 ops=2,1,3,2,1,2,1,3,2,0,0,1,1,3,2,1,3,3,2,3,3,3,3,3,2,3,3,1,3,1,1,3,1,2,1,0,0,0,0,3,1,3,0,0,2,0,2,1,2,0,2,2,1,2,1,2,1,0,0,1,0,0,3,1 ks=0,0,0,0,0,0,0,0,0,0,0,0,0,0,0,51,0,0,0,0,249,195,254,253,0,0,0,0,0,0,0,0,0,0,0,0,0,0,0,0,0,0,0,0,0,0,0,0,0,0,0,0,0,0,0,0,0,0,0,0,0,0,0,0
00125 features=892 size=4 p=10 tap=29 reset=true scheme=1 ops=3,3,3,3,3,3,3,3,3,3,3,3,3,3,3,3,3,3,3,3,3,3,3,3,2,3,3,3,3,3,2,3,3,3,3,3,0,0,0,3,1,3,0,0,3,2,2,2,2,2,2,2,2,2,2,2,2,2,2,2,3,3,3,3 ks=0,0,0,0,0,0,0,0,0,0,0,0,0,0,0,0,0,0,0,0,0,0,0,0,0,0,0,66,0,0,0,35,0,0,0,0,0,0,252,0,0,0,0,0,0,0,0,0,0,0,0,0,9,0,0,0,0,0,0,0,0,0,0,0
00126 features=813 size=2 p=2 tap=52 reset=true scheme=4 ops=3,3,3,3,3,3,3,3,3,3,3,3,3,3,3,3,3,3,3,3,3,3,3,3,3,3,3,3,3,3,3,3,3,3,3,3,3,3,3,3,3,3,3,3,3,3,3,3,3,3,3,3,3,3,3,3,3,3,3,3,3,3,3,3 ks=0,0,0,0,0,0,0,0,0,0,0,0,0,0,0,0,0,0,0,0,0,0,0,0,0,0,0,0,0,0,0,0,0,0,0,0,0,0,0,0,0,0,0,0,0,0,0,0,0,0,0,0,128,0,0,0,0,0,0,0,0,0,0,32
00127 features=507 size=6 p=5 tap=17 reset=false scheme=1 ops=2,3,3,2,1,2,1,3,2,0,0,1,1,3,2,1,3,3,2,3,3,3,3,3,3,3,3,1,3,1,1,3,1,2,1,0,0,0,0,0,1,2,0,0,2,1,0,1,1,1,1,1,1,1,1,1,1,1,2,2,3,3,3,2 ks=0,0,0,0,0,0,0,0,0,0,0,0,0,254,0,0,0,79,0,0,249,195,2,0,0,0,0,0,0,0,0,0,0,0,0,0,0,0,0,2,0,0,0,0,0,0,0,0,0,0,0,0,0,0,0,0,0,0,0,0,0,0,0,0
00128 features=477 size=9 p=5 tap=52 reset=false scheme=1 ops=0,0,3,3,3,0,3,3,3,0,0,0,0,3,0,0,3,3,3,0,0,0,3,3,3,3,0,0,0,0,0,3,3,3,3,0,3,0,0,3,0,3,0,0,3,0,3,3,0,0,0,3,3,0,0,3,3,3,0,0,0,3,3,3 ks=0,0,0,0,140,0,0,0,0,0,0,0,0,0,1,0,0,56,0,0,0,0,0,0,0,0,0,0,0,0,197,0,0,0,0,8,0,0,17,0,20,0,0,0,0,0,0,0,0,0,0,0,0,0,0,0,0,25,0,0,0,0,0,32
00129 features=121 size=5 p=5 tap=14 reset=false scheme=1 ops=3,1,3,3,3,3,3,3,3,1,1,1,1,3,1,3,3,3,3,3,3,3,3,3,3,3,1,1,1,1,1,3,3,3,3,1,3,3,3,3,3,1,1,3,3,1,3,3,3,1,3,3,3,3,1,3,3,1,3,3,1,3,3,3 ks=0,0,0,0,0,0,0,0,0,0,0,0,0,0,0,0,0,0,0,0,0,0,0,0,0,0,0,0,0,0,0,0,0,0,0,0,0,0,0,0,0,0,0,0,0,0,0,0,192,0,0,0,0,0,0,0,0,25,239,0,0,86,0,32
00130 features=779 size=7 p=5 tap=17 reset=true scheme=1 ops=2,3,3,2,1,3,1,3,2,0,0,1,1,3,2,1,3,3,2,3,3,3,3,3,2,1,3,3,3,2,0,3,2,2,2,3,2,3,2,3,3,3,3,2,2,2,2,2,2,2,2,2,3,2,2,2,2,2,2,2,3,3,3,2 ks=0,0,254,0,0,0,0,0,0,0,0,0,0,0,0,0,0,79,0,0,249,195,255,0,0,0,0,0,0,0,0,0,0,0,64,0,0,0,0,0,0,0,0,0,0,0,0,0,0,0,0,0,0,0,0,0,0,0,0,127,0,0,0,0
00131 features=867 size=2 p=5 tap=10 reset=true scheme=1 ops=2,3,3,2,1,3,1,3,2,0,0,1,1,3,2,1,3,3,2,3,3,3,3,3,2,1,3,3,3,2,0,3,2,2,2,3,2,3,2,3,3,3,3,2,2,2,2,2,2,2,2,2,3,2,2,2,2,2,2,2,3,3,3,2 ks=0,0,0,0,0,0,0,0,0,0,0,0,0,0,0,0,0,79,0,0,0,0,0,0,0,0,0,0,0,0,0,0,0,0,0,0,0,0,0,0,0,0,0,0,0,0,0,0,0,0,0,0,0,0,0,0,0,0,0,127,0,0,0,0
00132 features=965 size=11 p=5 tap=49 reset=true scheme=1 ops=0,0,3,3,3,0,3,1,3,0,0,0,0,3,0,0,3,3,3,0,0,0,3,3,3,3,0,0,0,0,0,3,3,3,3,0,3,0,0,3,0,3,0,0,3,0,3,3,0,0,0,3,3,0,0,3,3,0,0,0,0,3,3,3 ks=0,0,0,0,144,0,0,0,0,0,1,0,0,0,1,0,0,0,0,0,0,0,0,0,0,0,0,0,0,0,0,1,0,0,0,8,0,0,17,0,20,0,0,0,0,0,0,0,128,0,0,0,0,0,230,0,0,25,0,0,0,0,0,32
00133 features=660 size=9 p=5 tap=52 reset=true scheme=3 ops=3,3,3,3,3,2,3,3,3,2,3,2,3,3,3,2,3,3,2,3,2,2,3,3,3,3,2,3,3,2,2,3,3,3,3,2,3,3,2,3,2,3,2,3,3,2,3,3,3,3,2,3,3,3,3,3,2,3,2,3,2,3,3,3 ks=255,0,0,64,144,0,0,0,0,0,0,0,0,0,1,0,0,0,0,0,0,0,0,0,0,0,0,0,0,0,0,0,0,0,0,8,0,0,17,0,20,0,0,0,0,0,0,0,0,0,0,0,0,0,0,0,0,0,0,0,0,2,0,32
00134 features=565 size=2 p=5 tap=16 reset=false scheme=5 ops=2,1,3,2,1,2,1,0,2,0,0,2,1,3,2,1,3,3,2,3,3,3,3,2,2,3,3,1,3,1,1,3,3,3,3,0,3,3,0,3,0,3,0,0,3,0,3,3,2,0,2,2,1,2,1,2,1,0,0,1,0,0,3,1 ks=0,0,0,0,0,0,0,0,0,0,0,0,0,0,0,0,0,0,0,0,0,195,254,0,0,0,0,0,0,0,0,0,0,0,0,0,0,0,0,0,0,0,0,0,0,0,0,0,0,0,0,0,0,0,0,0,0,0,0,0,0,0,0,0
00135 features=521 size=6 p=10 tap=16 reset=false scheme=5 ops=2,1,3,2,1,2,3,2,2,2,2,1,1,3,2,1,3,3,3,3,3,3,3,3,2,3,3,1,3,1,1,3,1,2,1,2,1,3,3,3,1,3,1,1,2,1,2,1,2,2,2,2,1,2,1,2,1,0,0,1,0,0,3,1 ks=0,0,0,0,0,0,0,0,0,0,0,0,242,0,0,51,0,0,0,215,249,195,254,0,0,0,0,0,0,0,0,0,0,0,0,0,0,0,0,0,0,0,0,0,0,0,0,0,0,0,0,0,0,0,0,0,0,0,0,0,0,0,0,0
00136 features=629 size=0 p=5 tap=16 reset=false scheme=5 ops=2,1,3,2,1,2,1,3,2,0,0,0,0,3,0,0,1,3,3,0,0,0,3,3,3,3,2,1,3,1,1,3,1,2,1,0,0,0,0,3,1,3,0,0,2,0,2,1,2,0,2,2,1,2,1,2,1,0,0,1,0,2,3,1 ks=0,0,0,0,0,0,0,0,0,0,0,0,0,0,0,0,0,0,0,0,0,0,0,0,0,0,0,0,0,0,0,0,0,0,0,0,0,0,0,0,0,0,0,0,0,0,0,0,0,0,0,0,0,0,0,0,0,0,0,0,0,0,0,0
00137 features=724 size=9 p=5 tap=52 reset=true scheme=3 ops=2,0,3,2,3,0,3,3,3,0,0,1,1,3,2,1,2,3,2,0,0,0,3,3,3,3,0,0,3,0,0,1,3,3,3,0,3,2,1,1,0,3,0,0,3,0,3,3,0,0,0,3,3,0,0,3,0,0,0,0,0,3,3,1 ks=0,0,0,0,226,0,0,0,0,0,0,0,0,0,0,4,0,0,0,0,0,0,0,0,0,0,0,0,0,0,0,0,0,0,0,8,0,0,17,0,20,0,0,0,0,0,0,0,0,0,0,0,0,252,0,0,0,25,0,0,0,2,0,32
00138 features=309 size=10 p=5 tap=16 reset=false scheme=5 ops=3,1,3,1,1,1,1,3,1,1,1,3,1,3,1,1,3,3,3,3,3,3,3,3,3,3,3,3,3,1,1,3,1,3,1,1,1,1,3,3,1,3,1,1,1,1,1,1,1,1,1,1,3,1,1,1,1,1,1,1,1,1,3,1 ks=0,0,0,64,0,0,0,0,0,0,139,0,0,0,0,26,0,0,0,210,0,195,190,0,0,0,0,0,0,0,0,0,0,0,0,0,0,0,254,0,0,0,0,254,0,0,0,0,0,0,0,0,0,0,0,0,252,0,252,0,0,0,0,0
00139 features=766 size=9 p=5 tap=52 reset=true scheme=3 ops=0,1,3,3,3,0,3,3,3,0,0,0,0,3,0,0,3,3,3,0,0,0,3,3,3,3,0,0,3,0,0,1,3,3,3,0,3,0,0,3,0,3,0,0,3,0,3,3,0,0,0,3,3,0,0,3,0,0,0,0,0,3,3,3 ks=0,0,0,0,0,0,0,0,0,0,0,0,0,0,1,0,0,0,0,131,0,0,0,0,0,0,0,0,0,0,0,0,0,0,0,8,0,0,17,0,20,0,0,0,0,0,0,0,0,1,0,0,0,0,0,0,0,0,0,3,0,2,0,32
00140 features=709 size=6 p=5 tap=17 reset=true scheme=1 ops=2,3,3,2,1,3,1,1,2,0,0,1,1,3,2,1,3,3,2,3,3,3,3,3,2,1,3,3,3,2,0,3,2,3,2,3,2,3,2,3,3,3,3,2,2,2,2,2,2,2,2,2,2,2,2,2,3,3,2,2,2,3,0,3 ks=0,0,254,0,0,0,0,0,0,0,0,0,0,0,0,0,0,79,0,0,249,195,255,0,0,0,0,0,0,0,0,0,0,0,64,0,0,0,0,0,0,0,0,0,0,0,0,0,0,0,0,0,0,0,0,0,0,0,0,0,0,0,0,0
00141 features=654 size=6 p=5 tap=16 reset=false scheme=5 ops=2,1,3,2,1,2,1,3,2,0,0,1,1,3,2,1,3,2,2,3,3,3,0,3,2,3,3,1,3,1,1,3,1,2,1,0,0,0,0,3,1,3,0,0,2,0,2,1,2,0,2,2,1,2,1,2,1,0,0,1,0,0,3,1 ks=0,0,0,0,0,0,250,0,0,0,0,0,0,0,0,0,0,79,0,2,0,195,0,0,0,0,0,0,0,0,0,0,0,0,0,0,0,0,0,0,0,0,0,0,0,0,0,51,0,0,0,0,0,0,0,0,0,0,0,0,127,0,0,0
00142 features=816 size=11 p=5 tap=52 reset=true scheme=3 ops=0,0,3,3,3,0,3,3,3,3,0,0,0,3,0,0,3,3,3,0,0,0,3,3,3,3,0,0,3,0,0,3,3,3,3,0,3,0,0,3,0,3,0,0,3,0,2,3,0,0,0,3,3,0,0,3,0,0,0,0,0,3,3,3 ks=0,0,0,0,144,0,0,0,0,0,0,0,2,0,1,0,0,0,0,0,0,0,0,0,0,0,0,0,0,0,0,0,1,0,0,8,0,0,17,255,20,0,0,0,0,0,0,0,0,0,0,0,0,0,0,0,0,25,0,0,0,2,0,32
00143 features=637 size=6 p=5 tap=16 reset=false scheme=5 ops=2,1,3,2,1,2,1,3,2,0,0,1,1,3,2,1,3,3,2,3,3,3,3,3,2,3,3,1,3,1,1,3,1,2,1,0,0,0,0,3,1,3,0,0,2,0,2,1,2,0,2,2,1,2,1,2,1,0,0,1,0,0,3,1 ks=0,0,0,0,0,0,0,0,0,0,0,0,0,0,0,51,0,0,0,0,249,195,254,253,0,0,0,0,0,0,0,0,0,0,0,0,0,0,0,0,0,0,0,0,0,0,0,0,0,0,0,0,0,0,0,0,0,0,0,0,0,0,255,0
00144 features=498 size=3 p=5 tap=16 reset=false scheme=5 ops=2,1,3,2,1,2,1,0,2,0,0,2,1,3,2,3,3,3,2,3,3,3,3,2,2,3,3,1,3,1,1,3,3,3,3,0,3,3,0,3,0,3,0,0,3,2,3,3,2,0,2,2,1,2,1,2,1,0,0,1,0,0,3,1 ks=0,0,0,0,0,0,0,0,0,0,0,254,0,0,0,0,0,0,0,0,0,195,254,0,0,0,0,0,0,0,0,0,0,0,0,0,0,0,0,0,0,0,0,0,0,0,0,0,0,0,0,0,0,0,0,0,0,0,0,0,0,0,0,0
00145 features=544 size=3 p=5 tap=17 reset=false scheme=4 ops=2,3,3,2,2,2,2,3,2,3,3,2,2,3,2,2,3,3,2,3,3,3,3,3,2,3,3,3,3,2,0,3,2,2,2,3,2,3,2,3,3,3,3,2,2,2,2,2,2,2,3,2,3,2,2,2,2,2,2,2,3,3,3,2 ks=0,0,0,0,0,0,0,0,0,0,0,0,0,127,0,0,0,79,0,0,0,0,190,0,0,0,0,0,0,0,0,0,0,0,0,0,0,0,0,0,0,0,0,0,0,0,0,0,0,0,0,0,0,0,0,0,0,0,0,0,0,0,0,0
00146 features=512 size=6 p=5 tap=16 reset=false scheme=5 ops=2,0,3,2,1,2,1,2,2,0,0,1,1,3,2,1,3,3,2,3,3,3,3,3,2,3,3,1,3,1,1,3,1,2,1,0,0,0,0,3,1,3,0,0,1,1,1,1,1,1,1,1,1,1,1,1,1,1,1,1,0,0,3,1 ks=0,0,0,80,0,0,0,240,0,0,0,0,0,0,0,0,0,0,0,215,249,195,254,0,0,0,0,0,0,0,0,0,0,0,0,0,0,0,0,0,0,0,0,0,0,0,0,0,0,0,0,0,0,0,0,0,0,0,0,0,0,0,0,0
00147 features=359 size=3 p=5 tap=52 reset=false scheme=4 ops=0,1,3,3,3,0,3,3,3,0,0,0,0,3,3,0,3,3,3,0,0,0,3,3,3,3,0,0,3,0,0,3,3,3,3,0,3,0,0,3,0,3,0,0,3,0,3,3,0,0,0,3,3,0,0,3,3,1,0,0,0,3,3,3 ks=0,0,0,0,0,0,0,0,0,0,0,0,0,0,0,0,0,0,0,0,0,0,0,0,0,0,0,0,0,0,0,0,0,0,0,0,0,0,0,0,0,0,0,0,0,0,0,0,0,0,0,0,128,0,44,0,0,0,0,0,0,0,0,32
00148 features=795 size=10 p=5 tap=17 reset=true scheme=1 ops=2,3,3,2,1,3,1,3,2,0,0,1,1,3,2,1,3,3,2,3,3,3,3,3,2,1,3,3,3,2,0,3,2,2,2,3,2,3,1,3,3,3,3,2,2,2,2,2,2,2,2,2,3,2,2,2,2,2,2,2,3,3,3,2 ks=0,0,254,0,0,0,0,0,0,0,0,0,0,0,0,0,0,79,0,0,249,195,255,4,0,253,0,0,0,0,0,0,0,0,64,0,0,0,0,0,0,0,0,0,0,0,0,0,0,0,0,0,0,0,0,0,0,0,0,127,0,0,2,0
00149 features=320 size=11 p=5 tap=16 reset=false scheme=5 ops=3,1,3,1,1,1,1,3,1,1,1,3,1,3,1,1,3,3,3,3,3,3,3,3,3,3,3,3,3,1,1,3,1,3,1,1,1,1,3,3,1,3,1,1,1,1,1,1,1,1,1,1,3,1,1,1,1,1,1,1,1,1,3,1 ks=0,0,0,64,0,0,0,0,0,4,139,0,0,0,0,26,0,0,0,210,0,195,190,0,0,0,0,0,0,0,0,0,0,0,0,0,0,0,254,0,0,0,0,254,0,0,0,0,0,0,0,0,0,0,0,0,252,0,252,0,0,0,0,0
00150 features=473 size=12 p=5 tap=17 reset=false scheme=1 ops=2,1,3,2,1,2,1,3,2,0,0,1,1,3,2,1,3,3,2,3,3,3,3,3,3,3,3,1,3,1,1,3,1,2,1,0,0,0,0,0,2,2,0,0,2,1,1,1,1,1,1,1,1,1,1,1,1,1,2,2,3,3,3,2 ks=0,0,0,0,0,0,0,0,254,0,0,0,0,0,0,0,0,79,0,0,249,193,2,0,0,253,0,0,0,0,0,0,0,0,0,0,0,0,0,0,0,0,0,0,3,2,0,0,255,0,254,0,0,0,0,0,0,0,204,0,0,4,0,0
00151 features=472 size=3 p=10 tap=17 reset=false scheme=1 ops=2,3,3,0,1,2,1,3,2,0,0,1,1,3,2,1,3,3,2,3,3,3,3,3,3,3,3,1,3,1,1,3,1,2,1,0,0,0,0,0,1,2,0,0,2,1,0,1,1,1,1,1,1,1,1,1,1,1,2,2,3,3,3,2 ks=0,0,0,0,0,0,0,0,0,0,0,0,0,0,0,0,0,79,0,0,0,195,2,0,0,0,0,0,0,0,0,0,0,0,0,0,0,0,0,0,0,0,0,0,0,0,0,0,0,0,0,0,0,0,0,0,0,0,0,0,0,0,0,0
00152 features=819 size=3 p=10 tap=29 reset=true scheme=1 ops=3,3,3,3,3,3,3,3,3,3,3,3,3,3,3,3,3,3,3,3,3,3,3,3,2,3,3,3,3,2,0,3,3,3,3,3,3,0,0,3,1,3,0,0,3,3,3,3,3,3,3,3,3,3,3,3,3,2,2,2,3,3,3,2 ks=0,0,0,0,0,0,0,0,0,0,0,0,0,0,0,0,0,0,0,0,0,195,190,0,0,0,0,0,0,0,0,0,0,0,0,0,0,0,249,0,0,0,0,0,0,0,0,0,0,0,0,0,0,0,0,0,0,0,0,0,0,0,0,0
00153 features=617 size=11 p=5 tap=17 reset=false scheme=1 ops=2,3,3,2,1,3,1,3,2,0,0,1,1,3,2,1,3,3,2,3,3,3,3,3,2,1,3,3,3,2,0,1,2,2,2,3,2,3,1,3,3,3,3,2,2,2,2,2,2,2,2,2,3,2,2,2,2,2,2,2,3,3,3,2 ks=0,0,254,0,0,0,0,0,0,0,0,0,0,0,0,0,0,79,0,0,249,195,255,4,0,253,0,0,0,0,0,0,0,0,64,0,0,0,0,0,0,0,0,0,0,0,0,0,0,0,0,0,0,0,0,0,0,253,0,127,0,0,2,0
00154 features=498 size=13 p=5 tap=17 reset=false scheme=1 ops=2,1,3,2,1,2,1,3,2,0,0,1,1,3,2,1,3,3,2,3,3,3,3,3,3,3,3,1,3,1,1,3,1,2,1,0,0,0,0,0,2,2,0,0,2,1,1,1,1,1,1,1,1,1,1,1,1,1,2,2,3,3,3,2 ks=0,0,0,0,8,0,0,0,254,0,0,0,0,0,0,0,0,79,0,0,249,193,2,0,0,253,0,0,0,0,0,0,0,0,0,0,0,0,0,0,0,0,0,0,3,2,0,0,255,0,254,0,0,0,0,0,0,0,204,0,0,4,0,0
00155 features=627 size=0 p=5 tap=16 reset=false scheme=5 ops=2,1,3,2,1,2,1,3,2,0,0,0,0,3,0,0,1,3,3,0,0,0,3,3,3,3,2,1,3,1,1,3,1,2,1,0,0,0,0,3,1,3,3,0,2,0,2,1,2,0,2,2,1,2,1,2,1,0,0,1,0,2,3,1 ks=0,0,0,0,0,0,0,0,0,0,0,0,0,0,0,0,0,0,0,0,0,0,0,0,0,0,0,0,0,0,0,0,0,0,0,0,0,0,0,0,0,0,0,0,0,0,0,0,0,0,0,0,0,0,0,0,0,0,0,0,0,0,0,0
00156 features=567 size=10 p=5 tap=17 reset=false scheme=1 ops=2,3,3,2,1,3,1,3,2,0,0,1,1,3,2,1,3,3,2,3,3,3,3,3,2,1,3,3,3,2,0,3,2,2,2,3,2,3,1,3,3,3,3,2,2,2,2,2,2,2,2,2,3,2,2,2,2,2,2,2,3,3,3,2 ks=0,0,254,0,0,0,0,0,0,0,0,0,0,0,0,0,0,79,0,0,249,195,255,4,0,253,0,0,0,0,0,0,0,0,64,0,0,0,0,0,0,0,0,0,0,0,0,0,0,0,0,0,0,0,0,0,0,0,0,127,0,0,2,0
00157 features=382 size=10 p=5 tap=17 reset=false scheme=1 ops=2,3,3,2,1,2,1,3,2,0,0,1,1,3,2,1,3,3,2,3,3,3,3,3,2,3,3,3,3,2,0,1,2,2,2,3,2,3,2,3,3,3,1,1,1,1,1,1,1,1,1,1,1,1,1,1,1,1,2,2,3,3,3,2 ks=0,0,0,0,0,0,0,0,0,0,0,0,0,0,0,0,0,79,0,0,249,195,190,0,0,2,0,0,234,0,0,0,0,0,0,0,64,0,0,0,0,0,0,0,0,0,0,0,0,1,254,0,0,0,0,0,0,0,204,0,0,0,0,0
00158 features=666 size=8 p=5 tap=17 reset=true scheme=4 ops=3,3,3,3,3,0,1,3,1,3,3,1,3,3,0,3,3,3,3,3,3,3,3,3,1,3,3,3,3,0,0,3,3,1,0,3,3,3,0,3,3,3,3,0,3,1,0,0,3,3,3,0,3,1,1,1,0,1,3,1,3,3,3,3 ks=0,0,0,0,0,0,0,244,0,0,0,0,132,127,0,0,0,79,0,0,249,195,190,0,0,0,0,0,0,0,0,0,0,0,51,0,0,0,0,0,0,0,0,0,0,0,0,0,0,0,0,0,0,0,0,0,0,0,0,0,0,0,0,0
00159 features=416 size=10 p=5 tap=17 reset=false scheme=1 ops=2,3,3,2,1,2,1,3,2,0,0,1,1,3,2,1,3,3,2,3,3,3,3,3,2,3,3,3,3,2,0,3,2,2,2,3,2,3,2,3,3,3,0,0,3,0,3,3,1,1,1,1,1,1,1,1,1,1,2,2,3,3,3,2 ks=0,0,0,0,0,0,0,0,0,0,0,0,0,0,0,0,0,79,0,0,249,195,190,0,0,0,0,0,234,0,0,0,0,0,0,0,64,0,0,0,0,0,0,0,0,0,0,0,0,0,254,3,0,0,0,0,4,0,203,0,0,0,0,0
00160 features=741 size=9 p=5 tap=52 reset=true scheme=3 ops=2,3,3,2,3,0,3,3,3,0,0,1,1,3,2,1,2,3,2,0,0,3,3,3,3,3,0,0,3,0,0,1,3,3,3,0,3,2,1,1,0,3,0,0,3,0,3,3,0,0,0,3,3,0,0,3,0,0,0,0,0,3,3,1 ks=0,0,0,0,226,0,0,0,0,0,0,0,0,0,0,4,0,0,0,0,0,0,0,0,0,0,0,0,0,0,0,0,0,0,0,8,0,0,17,0,20,0,0,0,0,0,0,0,0,0,0,0,0,252,0,0,0,25,0,0,0,2,0,32
00161 features=337 size=10 p=5 tap=17 reset=false scheme=1 ops=2,3,3,2,1,2,1,3,2,3,1,1,1,3,2,1,3,3,2,3,3,3,3,3,2,3,3,3,3,2,2,1,2,2,2,3,2,3,2,3,3,3,1,1,1,1,1,1,1,1,1,1,1,1,1,1,1,1,2,2,3,3,3,2 ks=0,0,0,0,0,0,0,0,0,0,0,0,0,0,0,0,0,79,0,0,249,195,190,0,0,0,0,0,234,0,166,0,0,0,0,0,64,0,0,0,0,0,0,0,0,0,0,0,0,1,254,0,0,0,0,0,0,0,202,0,0,0,0,0
00162 features=357 size=10 p=5 tap=16 reset=false scheme=5 ops=3,1,3,1,1,1,1,3,1,1,1,3,1,3,1,1,3,3,3,3,3,3,3,3,3,3,3,3,3,1,1,3,1,3,1,1,1,1,3,3,1,3,1,1,1,1,1,1,1,1,1,1,3,1,1,3,3,3,1,1,1,1,3,1 ks=0,0,0,64,0,0,0,0,0,4,139,0,0,0,0,26,0,0,0,210,0,195,190,0,0,0,0,0,0,0,0,0,0,0,0,0,0,0,254,0,0,0,0,254,0,0,0,0,0,0,0,0,0,0,0,0,0,0,252,0,0,0,0,0
00163 features=570 size=8 p=5 tap=17 reset=false scheme=4 ops=2,3,3,2,1,3,1,3,2,0,0,1,1,3,2,1,3,3,2,3,3,3,3,3,2,1,3,3,3,2,1,3,3,2,2,3,2,3,1,3,3,3,3,2,2,2,2,2,2,2,2,2,3,2,2,2,2,2,2,2,3,3,3,2 ks=0,0,0,0,0,0,0,0,0,0,0,0,0,2,0,0,0,79,0,0,249,195,255,4,0,0,0,0,0,0,0,0,0,8,64,0,0,0,0,0,0,0,0,0,0,0,0,0,0,0,0,0,0,0,0,0,0,0,0,0,0,0,0,0
00164 features=667 size=9 p=5 tap=17 reset=true scheme=4 ops=3,3,3,3,3,0,1,3,1,3,2,3,2,3,0,3,3,3,3,3,3,3,3,3,1,3,3,3,3,0,0,3,3,1,0,3,3,3,0,3,3,3,3,0,3,1,0,0,3,3,3,0,3,1,1,1,0,1,3,1,3,3,3,3 ks=0,0,0,0,0,0,0,196,0,0,0,0,0,127,0,0,4,79,0,0,249,195,190,0,0,0,0,0,0,0,0,0,0,0,51,0,0,0,0,0,0,0,0,0,0,0,0,0,0,0,0,0,0,0,0,0,0,0,0,0,0,0,0,252
00165 features=386 size=1 p=5 tap=10 reset=false scheme=4 ops=0,1,3,3,3,0,3,3,3,0,0,0,0,3,3,2,3,3,0,0,3,0,3,3,3,3,0,0,3,0,0,3,3,3,3,0,3,0,0,3,0,3,0,0,3,0,3,3,0,0,0,3,3,0,0,3,3,0,0,0,0,3,3,3 ks=0,0,0,0,0,0,0,0,0,0,0,0,0,0,0,0,0,0,0,0,0,0,0,0,0,0,0,0,0,0,0,0,0,0,0,0,0,0,0,0,0,0,0,0,0,0,0,0,0,0,0,0,127,0,0,0,0,0,0,0,0,0,0,0
00166 features=845 size=4 p=5 tap=52 reset=true scheme=4 ops=0,1,3,3,3,0,3,3,3,0,0,0,0,3,3,0,3,3,3,0,1,0,3,3,3,3,0,0,3,0,0,3,3,3,3,0,3,0,0,3,0,3,0,0,3,0,3,3,0,0,0,3,3,0,0,3,3,0,0,0,3,3,3,3 ks=0,0,0,0,0,0,0,0,0,0,0,0,0,0,0,0,0,0,0,0,0,0,0,0,0,0,0,0,0,0,0,0,0,0,0,0,0,0,2,0,255,0,0,0,0,0,0,0,0,0,0,0,128,0,0,0,0,0,0,0,0,0,0,32
00167 features=896 size=3 p=10 tap=29 reset=true scheme=1 ops=3,3,3,3,3,3,3,3,3,3,3,3,3,3,3,3,3,3,3,3,3,3,3,3,2,3,3,3,3,2,0,3,3,3,3,3,3,0,0,3,1,3,0,0,3,3,3,3,3,3,3,3,3,3,3,3,3,2,2,2,3,3,3,2 ks=0,0,0,0,0,0,4,0,0,0,0,0,0,0,0,0,0,0,0,0,0,195,190,0,0,0,0,0,0,0,0,0,0,0,0,0,0,0,0,0,0,0,0,0,0,0,0,0,0,0,0,0,0,0,0,0,0,0,0,0,0,0,0,0
00168 features=583 size=9 p=5 tap=17 reset=false scheme=1 ops=2,3,3,2,1,3,1,3,2,0,0,1,1,3,2,1,3,3,2,3,3,3,3,3,2,1,3,3,3,2,0,1,2,2,2,3,2,3,1,3,3,3,3,2,2,2,2,2,2,2,2,2,3,2,2,2,2,2,2,2,3,3,3,2 ks=0,0,254,0,0,0,0,0,0,0,0,0,0,0,0,0,0,79,0,0,249,195,255,4,0,0,0,0,0,3,0,0,0,0,0,0,0,0,0,0,0,0,0,0,0,0,0,0,0,0,0,0,0,0,0,0,0,253,0,127,0,0,0,0
00169 features=856 size=3 p=10 tap=29 reset=true scheme=5 ops=3,3,3,3,3,3,3,3,3,3,3,3,3,3,3,3,3,3,3,3,3,3,3,3,2,3,3,3,3,2,0,3,3,3,3,3,3,0,0,3,1,3,0,0,3,3,3,3,3,3,3,3,3,3,3,3,3,2,2,2,3,3,3,2 ks=0,0,0,0,0,0,4,0,0,0,0,0,0,0,0,0,0,2,0,0,0,0,0,0,0,0,0,0,0,0,0,0,0,0,0,0,0,0,0,0,0,0,0,0,0,0,0,0,255,0,0,0,0,0,0,0,0,0,0,0,0,0,0,0
00170 features=656 size=8 p=5 tap=52 reset=true scheme=3 ops=2,3,3,2,3,0,3,3,3,0,0,1,1,3,2,1,2,3,2,0,0,3,3,3,3,3,0,0,3,0,0,1,3,3,3,0,3,2,1,1,0,3,0,0,3,0,3,3,0,0,0,3,3,0,1,2,1,0,0,1,0,2,3,1 ks=0,0,0,0,226,0,0,0,0,0,0,0,0,0,0,4,0,0,0,0,0,0,0,0,0,0,4,0,0,0,0,0,0,0,0,8,0,0,17,0,20,0,0,0,0,0,0,0,0,100,0,0,0,252,0,0,0,0,0,0,0,0,0,0
00171 features=710 size=3 p=5 tap=16 reset=true scheme=5 ops=2,0,3,2,1,2,1,3,2,0,0,1,3,3,2,1,3,3,2,3,3,2,3,3,2,3,3,1,3,1,1,3,1,2,1,0,0,0,2,3,3,3,3,2,2,2,2,2,2,2,2,2,3,1,1,2,0,1,1,1,0,0,3,1 ks=0,0,0,0,0,0,0,0,0,0,0,0,0,0,0,220,0,0,0,0,0,16,254,0,0,0,0,0,0,0,0,0,0,0,0,0,0,0,0,0,0,0,0,0,0,0,0,0,0,0,0,0,0,0,0,0,0,0,0,0,0,0,0,0
00172 features=512 size=5 p=2 tap=17 reset=true scheme=3 ops=3,3,3,3,3,0,1,3,1,3,3,1,3,3,0,3,3,3,3,3,3,3,3,3,1,3,3,3,3,0,0,3,3,1,0,3,3,3,0,3,3,3,3,0,3,1,0,0,3,3,3,0,3,1,1,1,0,1,3,1,3,3,3,3 ks=0,0,0,0,0,0,0,0,0,0,0,0,128,127,0,0,0,79,0,0,249,0,190,0,0,0,0,0,0,0,0,0,0,0,0,0,0,0,0,0,0,0,0,0,0,0,0,0,0,0,0,0,0,0,0,0,0,0,0,0,0,0,0,0
00173 features=412 size=5 p=5 tap=52 reset=false scheme=3 ops=0,0,3,3,3,0,3,3,3,0,0,0,0,3,0,0,3,3,3,0,0,0,3,3,3,3,0,0,3,0,0,3,3,3,2,0,3,0,0,3,0,3,0,0,3,0,3,3,0,0,0,3,3,0,0,3,3,0,0,0,0,3,3,3 ks=0,0,0,0,144,0,0,0,0,0,0,0,0,0,0,0,0,0,0,0,0,0,0,0,0,0,0,0,0,0,0,0,0,0,0,8,0,0,0,0,0,0,0,0,0,0,0,65,189,0,0,0,38,0,0,0,0,0,0,0,0,0,0,0
00174 features=747 size=7 p=5 tap=17 reset=true scheme=4 ops=3,3,3,3,3,0,1,3,1,3,2,3,2,3,0,3,3,3,3,3,3,3,3,3,1,3,3,3,3,0,0,3,3,1,0,3,3,3,0,3,3,3,3,0,3,1,0,0,3,3,3,0,3,1,1,1,0,1,3,1,3,3,3,3 ks=0,0,0,0,0,0,0,0,0,0,0,0,0,127,0,0,4,111,0,0,249,195,190,0,0,0,0,0,0,0,0,0,0,0,0,0,0,0,0,0,0,0,0,0,0,0,0,0,0,0,0,0,0,0,0,0,0,0,0,0,0,0,0,252
00175 features=497 size=3 p=10 tap=17 reset=false scheme=1 ops=3,3,3,0,1,1,1,3,0,0,0,1,1,3,0,1,3,3,3,3,3,3,3,3,3,3,3,1,3,1,1,3,1,3,1,0,0,0,0,0,1,0,0,0,1,1,0,1,1,1,1,1,1,1,1,1,1,1,3,1,0,0,3,0 ks=0,0,0,0,0,0,0,0,0,0,0,0,0,0,0,0,0,79,0,0,0,195,2,0,0,0,0,0,0,0,0,0,0,0,0,0,0,0,0,0,0,0,0,0,0,0,0,0,0,0,0,0,0,0,0,0,0,0,0,0,0,0,0,0
00176 features=842 size=8 p=5 tap=52 reset=true scheme=3 ops=0,0,3,3,3,0,3,3,3,0,0,0,0,1,0,0,3,3,3,0,0,0,3,3,3,3,0,0,3,0,0,3,3,3,3,0,3,0,0,3,0,3,0,0,3,0,3,3,0,0,0,3,3,0,0,3,0,0,0,0,0,3,3,3 ks=0,0,0,0,144,0,0,0,0,0,0,0,0,0,1,0,0,0,0,0,0,0,0,0,0,0,0,0,0,0,0,0,0,0,0,8,0,0,17,0,20,0,0,0,0,0,0,0,0,0,0,0,0,0,0,0,0,25,0,0,0,2,0,32
00177 features=568 size=7 p=5 tap=52 reset=true scheme=3 ops=3,1,1,3,3,3,3,3,3,2,3,2,2,3,1,3,3,3,3,1,1,3,3,3,3,3,1,2,3,3,2,1,3,3,3,1,3,1,2,3,2,3,2,1,3,3,3,3,1,1,1,3,3,1,3,3,2,2,1,1,1,3,3,3 ks=0,0,0,0,0,0,0,0,0,0,0,0,0,0,0,0,0,0,0,0,0,0,0,0,0,0,0,0,0,177,0,0,0,0,0,0,0,0,17,0,20,0,0,0,0,0,0,0,0,1,0,0,0,0,0,0,0,25,0,0,0,2,0,32
00178 features=493 size=7 p=5 tap=52 reset=true scheme=3 ops=3,1,3,3,3,3,3,3,3,2,3,2,2,3,1,3,3,3,3,1,1,3,3,3,3,3,1,2,3,3,2,1,3,3,3,1,3,1,2,3,2,3,2,1,3,3,3,3,1,1,1,3,3,1,3,3,2,2,1,1,1,3,3,3 ks=0,0,0,0,0,0,0,0,0,0,0,0,0,0,0,0,0,0,0,254,0,0,0,0,0,0,0,0,0,0,0,0,0,0,0,0,0,0,17,0,20,0,0,0,0,0,0,0,0,1,0,0,0,0,0,0,0,25,0,0,0,2,0,32
00179 features=441 size=9 p=5 tap=52 reset=false scheme=1 ops=0,0,3,3,3,0,3,3,3,0,0,0,0,3,0,0,3,3,3,0,0,0,3,3,3,3,0,0,0,0,0,3,3,3,3,0,3,0,0,3,0,3,0,0,3,0,3,3,1,0,0,3,3,0,0,3,3,3,0,0,0,3,3,3 ks=0,0,0,0,140,0,0,0,0,0,0,0,0,0,1,0,0,56,0,0,0,0,0,0,0,0,0,0,0,0,197,0,0,0,0,8,0,0,17,0,22,0,0,0,0,0,0,0,0,0,0,0,0,0,0,0,0,25,0,0,0,0,0,32
00180 features=368 size=9 p=5 tap=17 reset=false scheme=1 ops=2,3,3,2,1,2,1,3,2,0,0,1,1,3,2,1,3,3,2,3,3,3,3,3,2,3,3,3,3,2,1,3,2,2,2,3,2,3,2,3,3,3,1,1,1,1,1,1,1,1,1,1,1,1,1,1,1,1,2,2,3,3,3,2 ks=0,0,0,0,0,0,1,0,0,0,0,0,0,0,0,0,0,79,0,0,249,195,190,0,0,0,0,0,234,0,0,0,0,0,0,0,64,0,0,0,0,0,0,0,0,0,0,0,0,0,254,0,0,0,0,0,0,0,203,0,0,0,0,0
00181 features=670 size=8 p=5 tap=52 reset=true scheme=3 ops=2,0,3,2,3,0,3,3,3,0,0,1,1,3,2,1,2,3,2,0,0,0,3,3,3,3,0,0,3,0,0,1,3,3,3,0,3,2,1,1,0,3,1,1,1,1,1,1,1,0,0,3,3,0,0,3,0,0,0,0,0,3,3,1 ks=0,0,0,0,226,0,0,0,0,0,0,0,0,0,0,4,0,0,0,0,0,0,0,0,0,0,0,0,0,0,0,0,0,0,0,8,0,0,17,0,20,0,0,0,0,0,0,0,0,0,0,0,0,0,0,0,0,25,0,0,0,2,0,32
00182 features=557 size=8 p=5 tap=17 reset=false scheme=1 ops=2,3,3,2,1,3,1,3,2,0,0,1,1,3,2,1,3,3,2,3,3,3,3,3,2,1,3,3,3,2,0,1,2,2,2,3,2,3,1,3,3,3,3,2,2,2,2,2,2,2,2,2,3,2,2,2,2,2,2,2,3,3,3,2 ks=0,0,0,0,0,0,0,0,0,0,0,0,0,0,0,0,0,79,0,62,0,195,255,4,0,0,0,0,0,3,0,0,0,0,0,0,0,0,0,0,0,0,0,0,0,0,0,0,0,0,0,0,0,0,0,0,0,253,0,127,0,0,0,0
00183 features=662 size=9 p=5 tap=17 reset=true scheme=4 ops=3,3,3,3,3,0,1,3,1,3,2,3,2,3,0,3,3,3,3,2,3,3,3,3,1,3,3,3,3,0,0,3,3,1,0,3,3,3,0,3,3,3,3,0,3,1,0,0,3,3,3,0,3,1,1,1,0,1,3,1,3,3,3,3 ks=0,0,0,0,0,0,0,196,0,0,0,0,0,127,0,0,4,79,0,0,249,195,190,0,0,0,0,0,0,0,0,0,0,0,51,0,0,0,0,0,0,0,0,0,0,0,0,0,0,0,0,0,0,0,0,0,0,0,0,0,0,0,0,252
00184 features=308 size=13 p=5 tap=16 reset=false scheme=5 ops=3,1,3,1,1,1,1,3,1,1,1,3,1,3,1,1,3,3,3,3,3,3,3,3,3,3,3,3,3,1,1,3,1,3,1,1,1,1,3,3,1,3,1,1,1,1,1,1,1,1,1,1,3,1,1,1,1,1,1,1,1,1,3,1 ks=0,0,0,64,0,0,0,0,0,0,139,0,8,0,0,26,0,0,0,210,0,195,190,0,0,0,0,0,0,0,0,0,0,0,0,0,0,0,254,0,0,2,0,254,254,0,0,0,0,0,0,0,0,0,0,0,252,0,252,0,0,0,0,0
00185 features=393 size=6 p=5 tap=16 reset=false scheme=5 ops=3,1,3,2,1,2,1,1,2,0,0,1,1,3,2,1,3,3,3,3,3,3,3,3,2,3,3,3,3,1,1,3,1,3,1,1,1,1,3,3,1,3,1,1,1,1,1,1,1,1,1,1,3,1,1,3,3,3,3,1,1,1,3,1 ks=0,0,0,0,0,0,0,0,0,0,0,0,0,0,0,0,0,0,0,210,0,195,254,0,0,0,0,0,0,0,0,0,0,0,0,0,0,0,254,0,0,0,0,254,0,0,0,0,0,0,0,0,0,0,0,0,0,0,252,0,0,0,0,0
00186 features=611 size=11 p=5 tap=52 reset=true scheme=3 ops=3,3,3,3,3,2,3,3,3,2,3,2,3,3,3,2,3,3,2,3,2,2,3,3,3,3,2,3,3,2,2,3,3,3,3,2,3,3,2,3,2,3,2,3,3,2,3,3,3,3,2,3,3,3,3,3,2,3,2,3,2,3,3,3 ks=255,0,0,64,142,0,0,0,0,0,0,254,0,0,1,0,0,0,0,0,27,0,0,0,0,0,0,0,0,0,0,0,0,0,0,8,0,0,17,0,20,0,0,0,0,0,0,0,0,0,0,0,0,0,0,0,0,0,0,0,0,2,0,32
00187 features=491 size=11 p=5 tap=17 reset=false scheme=1 ops=2,1,3,2,1,2,0,3,2,0,0,1,1,3,2,1,3,3,2,3,3,3,3,3,3,3,3,1,3,1,1,3,1,2,1,0,0,0,0,0,2,2,0,0,2,0,1,1,1,1,1,1,1,1,1,1,1,1,2,2,3,3,3,2 ks=0,0,0,0,0,0,0,0,254,0,0,0,0,0,0,0,0,79,0,0,249,193,2,0,0,253,252,0,0,0,0,0,0,0,0,32,0,0,0,0,0,0,0,0,0,0,0,0,255,0,254,0,0,0,0,0,0,0,0,0,0,4,0,0
00188 features=397 size=3 p=5 tap=52 reset=false scheme=4 ops=0,1,3,3,3,0,3,3,3,0,0,0,0,3,3,0,3,3,3,0,0,0,3,3,3,3,0,0,3,0,0,3,3,3,3,0,3,0,0,3,0,3,0,0,3,0,3,3,0,0,0,3,3,0,0,3,3,1,0,0,0,3,3,3 ks=0,0,0,0,0,0,0,0,0,0,0,0,0,0,0,0,0,0,64,0,0,0,0,0,0,0,0,0,0,0,0,0,0,0,0,0,0,0,0,0,0,0,0,0,0,0,0,0,0,0,0,0,128,0,0,0,0,0,0,0,0,0,0,32
00189 features=856 size=12 p=5 tap=52 reset=true scheme=3 ops=0,0,3,3,3,0,3,3,3,3,0,0,0,3,0,0,3,3,3,0,0,0,3,3,3,3,0,0,3,0,0,3,3,3,3,0,3,0,0,3,0,3,0,0,3,0,2,3,0,0,0,3,3,0,0,3,0,0,0,0,0,3,3,3 ks=0,0,0,0,144,0,0,0,0,0,0,0,2,0,1,0,0,0,0,0,0,0,0,0,0,0,0,0,0,0,0,0,1,0,151,8,0,0,17,255,20,0,0,0,0,0,0,0,0,0,0,0,0,0,0,0,0,25,0,0,0,2,0,32
00190 features=519 size=3 p=5 tap=17 reset=false scheme=4 ops=2,3,3,2,1,3,1,3,2,0,0,1,1,3,2,1,3,3,2,3,3,2,3,3,2,1,3,3,3,2,1,3,3,2,2,3,2,3,1,3,3,3,3,2,2,2,2,2,2,2,2,2,3,2,2,2,2,2,2,2,3,3,3,2 ks=0,0,0,0,0,0,0,0,0,0,0,0,0,2,0,0,0,79,0,0,0,0,255,0,0,0,0,0,0,0,0,0,0,0,0,0,0,0,0,0,0,0,0,0,0,0,0,0,0,0,0,0,0,0,0,0,0,0,0,0,0,0,0,0
00191 features=582 size=6 p=1 tap=17 reset=false scheme=1 ops=2,3,3,2,1,2,1,3,3,0,0,2,0,3,2,1,3,3,2,3,3,3,3,3,2,3,3,3,3,2,0,3,2,2,2,1,2,3,2,3,3,3,3,2,2,2,2,2,2,2,2,2,3,2,2,2,2,2,2,2,0,3,3,2 ks=0,169,0,0,0,0,0,0,0,0,190,0,0,0,0,0,0,79,0,0,249,195,190,0,0,0,0,0,0,0,0,0,0,0,0,0,0,0,0,0,0,0,0,0,0,0,0,0,0,0,0,0,0,0,0,0,0,0,0,0,0,0,0,0
00192 features=560 size=9 p=5 tap=17 reset=false scheme=1 ops=2,1,3,2,1,2,1,3,2,0,0,0,1,3,2,1,3,3,2,3,3,3,3,3,3,3,3,1,3,1,1,3,1,2,1,0,0,0,0,0,2,2,0,0,2,0,1,1,1,1,1,1,1,1,1,1,1,1,2,2,3,3,3,2 ks=0,0,0,0,0,0,0,0,254,0,0,0,0,0,0,0,0,79,0,0,249,193,2,0,0,0,0,0,0,0,0,0,0,0,0,0,0,0,0,0,0,0,0,0,0,0,34,0,0,4,254,0,0,0,0,0,0,0,0,0,0,4,0,0
00193 features=811 size=13 p=5 tap=52 reset=true scheme=3 ops=0,0,3,3,3,0,3,3,3,3,0,0,0,3,0,0,3,2,3,0,0,0,3,3,3,3,0,0,3,0,0,3,3,3,3,0,3,0,0,3,0,3,0,0,3,0,2,3,0,0,0,3,3,0,0,3,0,0,0,0,0,3,3,3 ks=0,0,0,0,144,0,0,0,0,0,0,0,2,0,1,0,0,0,0,0,0,0,0,0,0,0,0,0,0,0,0,0,1,0,151,8,0,0,17,255,20,0,0,0,0,0,0,0,0,0,0,0,0,0,128,0,0,25,0,0,0,2,0,128
00194 features=415 size=9 p=5 tap=17 reset=false scheme=1 ops=2,3,3,2,1,2,1,3,2,0,0,1,1,3,2,1,3,3,2,2,3,3,3,3,2,3,3,3,3,2,1,3,2,2,2,3,2,3,2,3,3,3,1,1,1,1,1,1,1,1,1,1,1,1,1,1,1,1,2,2,3,3,3,2 ks=0,0,0,0,0,0,1,0,0,0,0,0,0,0,0,0,0,79,0,0,249,195,190,0,0,0,0,0,234,0,0,0,0,0,0,0,64,0,0,0,0,0,0,0,0,0,0,0,0,0,254,0,0,0,0,0,0,0,203,0,0,0,0,0
00195 features=421 size=8 p=5 tap=17 reset=false scheme=1 ops=2,3,3,2,1,2,1,3,2,0,0,1,1,3,2,1,3,3,2,2,3,3,3,3,2,3,1,3,3,2,1,3,2,2,2,3,2,3,2,3,3,3,1,1,1,1,1,1,1,1,1,1,1,1,1,1,1,1,2,2,3,3,3,2 ks=0,0,0,0,0,0,1,0,0,0,0,0,0,0,0,0,0,79,0,0,249,195,190,0,0,0,0,0,234,0,0,0,0,0,0,0,0,0,0,0,0,0,0,0,0,0,0,0,0,0,254,0,0,0,0,0,0,0,203,0,0,0,0,0
00196 features=388 size=11 p=5 tap=17 reset=false scheme=4 ops=3,3,3,3,3,0,1,3,1,3,2,3,2,3,0,3,3,3,3,3,3,3,3,0,1,3,3,3,3,0,0,3,3,1,0,3,3,3,0,3,3,3,3,0,3,1,0,0,3,3,3,0,3,1,1,1,0,1,3,1,3,3,3,3 ks=0,0,0,81,0,0,0,0,0,0,0,0,0,127,0,0,4,111,0,0,249,195,190,0,0,0,0,0,0,0,0,0,0,0,0,0,0,0,0,0,0,0,0,0,0,0,3,0,0,0,0,0,0,0,0,0,0,0,0,4,0,0,64,252
00197 features=606 size=8 p=5 tap=16 reset=false scheme=3 ops=2,1,3,2,1,2,1,3,2,0,0,1,1,3,2,1,3,2,2,3,3,3,0,3,2,3,3,1,3,1,1,3,1,2,1,0,0,0,0,3,1,3,0,0,2,0,2,1,2,0,2,2,1,2,1,2,1,0,0,1,0,0,3,1 ks=0,0,0,0,0,0,0,0,0,0,0,0,0,0,0,0,0,79,0,2,0,195,0,0,0,0,0,0,0,0,0,0,0,0,0,0,0,0,0,0,0,0,0,0,0,0,0,51,3,0,0,0,0,0,0,0,0,128,0,0,127,0,147,0
00198 features=635 size=7 p=5 tap=16 reset=false scheme=5 ops=2,1,3,2,1,2,1,3,2,0,0,1,1,3,2,1,3,2,2,3,3,3,0,3,2,3,3,1,3,1,1,3,1,2,1,0,0,0,0,3,1,3,0,0,2,0,2,3,2,0,2,1,1,2,1,2,3,0,0,1,0,0,3,1 ks=0,0,0,0,0,0,250,0,0,0,0,0,0,0,0,87,0,79,0,0,0,195,0,0,0,0,0,0,0,0,0,0,0,8,0,0,0,0,0,0,0,0,0,0,0,0,0,51,0,0,0,0,0,0,0,0,0,0,0,0,127,0,0,0
00199 features=757 size=6 p=5 tap=17 reset=true scheme=4 ops=3,3,3,3,3,0,1,3,1,3,2,3,2,3,0,3,3,3,3,3,3,3,3,0,1,3,3,3,3,0,0,3,3,1,0,3,3,3,0,3,3,3,3,0,3,1,0,0,3,3,3,0,3,1,1,1,0,1,3,1,3,3,3,3 ks=0,0,0,0,0,0,0,0,0,0,0,0,0,127,0,0,0,111,0,0,249,195,190,0,0,0,0,0,0,0,0,0,0,0,0,0,0,0,0,0,0,0,0,0,0,0,0,0,0,0,0,0,0,0,0,0,0,0,0,0,0,0,0,252
00200 features=759 size=9 p=5 tap=52 reset=true scheme=3 ops=0,0,3,3,3,0,3,3,3,3,0,0,0,3,0,0,3,2,3,0,0,0,3,3,3,3,0,0,3,0,0,3,3,3,3,0,1,0,0,3,1,3,0,0,2,0,2,1,0,0,0,3,3,0,0,3,0,0,0,0,0,3,3,3 ks=0,0,0,0,144,0,0,0,0,0,0,0,2,0,0,0,0,0,0,0,0,0,0,0,0,0,0,0,0,0,0,0,1,0,151,0,0,114,0,0,0,0,0,0,0,0,0,0,0,0,0,0,0,0,128,0,0,25,0,0,0,2,0,128
00201 features=789 size=6 p=5 tap=17 reset=true scheme=4 ops=3,3,3,3,3,0,1,3,1,3,3,1,3,3,0,3,3,3,3,3,3,3,3,3,1,3,3,3,3,0,0,3,3,1,0,3,3,3,0,3,3,3,3,0,3,1,0,0,0,0,0,3,3,0,0,3,3,0,0,0,3,3,3,3 ks=0,0,0,0,0,0,0,0,0,0,0,0,132,127,0,229,0,79,0,0,0,195,190,0,0,0,0,0,0,0,0,0,0,0,0,0,0,0,0,0,0,0,0,0,0,0,0,0,0,0,0,0,0,0,0,0,0,0,0,0,0,0,0,0
00202 features=370 size=8 p=5 tap=30 reset=false scheme=1 ops=3,3,3,3,3,0,0,3,0,0,0,3,3,3,3,3,3,3,3,3,3,3,3,3,3,3,0,3,3,0,0,3,0,3,3,3,0,3,3,3,3,3,3,0,0,0,3,3,3,0,3,0,3,0,3,0,0,3,3,0,3,3,3,3 ks=0,0,0,135,0,0,0,0,0,0,0,0,0,0,0,0,0,79,0,0,0,195,190,0,0,0,0,0,1,0,0,0,0,0,0,0,64,0,0,0,0,0,0,0,0,0,0,0,3,0,0,0,164,0,0,0,0,0,0,0,0,0,0,0
00203 features=733 size=3 p=5 tap=17 reset=true scheme=4 ops=2,3,3,2,1,3,1,3,2,0,0,1,1,3,2,1,3,3,2,3,3,2,3,3,2,1,3,3,3,2,1,3,3,2,1,3,2,3,1,3,3,3,3,2,2,2,2,2,2,2,2,2,3,2,2,2,2,2,2,2,3,3,3,2 ks=0,0,0,0,0,0,0,0,0,0,0,0,0,2,0,0,0,79,0,0,0,0,255,0,0,0,0,0,0,0,0,0,0,0,0,0,0,0,0,0,0,0,0,0,0,0,0,0,0,0,0,0,0,0,0,0,0,0,0,0,0,0,0,0
00204 features=598 size=8 p=5 tap=17 reset=false scheme=1 ops=2,3,3,2,1,2,1,3,2,0,0,1,1,3,2,1,3,3,2,3,3,3,3,3,3,3,3,1,3,1,1,3,1,2,1,0,0,0,0,0,2,2,0,0,2,1,1,1,1,1,1,1,1,1,0,3,0,0,0,0,0,3,3,2 ks=0,0,0,0,0,0,0,0,0,0,0,0,0,0,0,0,0,79,0,0,249,195,2,0,0,0,0,0,0,0,0,0,0,0,0,0,0,0,0,0,0,0,0,0,0,0,0,0,255,0,254,0,0,0,0,0,0,25,0,0,0,2,0,0
00205 features=510 size=4 p=10 tap=16 reset=false scheme=5 ops=2,1,3,2,1,2,3,2,2,2,2,1,1,3,2,1,3,3,3,3,3,3,3,3,2,3,3,1,3,1,1,3,1,2,1,2,1,3,3,3,1,3,1,1,2,1,2,1,2,2,2,2,1,2,1,2,1,0,0,1,0,0,3,1 ks=0,0,0,0,0,0,0,0,0,0,0,0,0,0,0,51,0,0,0,215,0,195,254,0,0,0,0,0,0,0,0,0,0,0,0,0,0,0,0,0,0,0,0,0,0,0,0,0,0,0,0,0,0,0,0,0,0,0,0,0,0,0,0,0
00206 features=642 size=5 p=5 tap=17 reset=true scheme=1 ops=2,3,3,2,1,2,1,3,2,0,0,1,1,3,2,1,3,3,2,3,3,3,3,3,3,3,3,1,3,1,1,3,1,2,1,0,0,0,0,3,0,3,0,0,3,0,3,1,1,1,1,1,1,1,1,1,1,1,2,2,3,3,3,2 ks=0,0,0,0,0,0,0,0,0,0,0,252,0,0,0,0,0,79,0,0,249,211,2,0,0,0,0,0,0,0,0,0,0,0,0,0,0,0,0,0,0,0,0,0,0,0,0,0,0,0,0,0,0,0,0,0,0,0,0,0,0,0,0,0
00207 features=484 size=5 p=5 tap=52 reset=false scheme=4 ops=0,3,3,3,3,0,3,3,3,0,0,0,0,3,3,0,3,3,3,0,0,3,3,3,3,3,0,0,3,0,0,3,3,0,0,0,0,0,0,3,0,3,0,0,3,0,3,3,0,0,0,3,3,0,3,3,3,3,0,0,0,3,3,3 ks=0,0,0,0,2,0,0,0,0,0,0,0,0,0,0,0,0,0,64,0,0,0,0,0,0,0,0,0,0,0,0,0,0,0,0,0,0,0,0,0,0,0,0,0,0,0,0,0,5,0,0,0,128,0,0,0,0,0,0,0,0,0,0,32
00208 features=340 size=3 p=5 tap=30 reset=false scheme=1 ops=3,2,3,2,3,2,2,2,2,0,0,3,3,3,3,3,3,3,3,3,3,3,3,3,3,3,0,3,3,0,0,3,0,3,3,3,0,3,3,3,3,3,3,0,0,0,3,3,3,0,3,0,3,0,3,0,0,3,3,0,3,3,3,3 ks=0,0,0,0,0,0,0,0,0,0,0,0,0,0,0,0,0,0,0,0,0,195,190,0,0,0,0,0,1,0,0,0,0,0,0,0,0,0,0,0,0,0,0,0,0,0,0,0,0,0,0,0,0,0,0,0,0,0,0,0,0,0,0,0
00209 features=569 size=5 p=10 tap=16 reset=false scheme=5 ops=2,1,3,2,1,2,3,2,2,2,2,1,1,3,2,1,3,3,3,3,3,3,3,3,1,3,3,3,3,0,0,3,1,2,1,2,1,3,3,3,1,3,1,1,2,1,2,1,2,2,2,2,1,2,1,2,1,0,0,1,0,0,3,1 ks=0,0,0,0,0,0,0,0,0,0,0,0,1,0,0,51,0,0,0,215,0,11,190,0,0,0,0,0,0,0,0,0,0,0,0,0,0,0,0,0,0,0,0,0,0,0,0,0,0,0,0,0,0,0,0,0,0,0,0,0,0,0,0,0
00210 features=296 size=9 p=5 tap=17 reset=false scheme=1 ops=3,3,3,3,1,3,1,3,3,0,0,1,1,3,0,1,3,3,1,1,3,3,3,3,0,3,1,3,3,1,1,3,1,1,3,3,3,3,1,3,3,3,1,1,1,1,1,1,1,1,1,1,1,1,1,1,1,1,1,1,3,3,3,1 ks=0,0,0,0,0,0,1,0,0,0,0,0,0,0,0,0,0,79,0,0,249,195,190,0,0,0,0,0,234,0,0,0,0,0,0,0,0,0,0,0,0,0,0,0,0,0,0,0,0,0,254,0,0,0,0,0,0,0,203,0,0,0,0,148
00211 features=729 size=5 p=5 tap=17 reset=true scheme=1 ops=2,3,3,2,1,2,1,3,2,3,3,2,2,3,2,2,3,3,2,3,3,3,3,3,3,3,3,1,3,1,1,3,1,2,1,0,0,0,0,3,0,3,0,1,3,0,3,1,1,1,1,1,1,1,1,1,2,1,2,2,3,3,3,2 ks=0,0,0,0,0,0,0,0,0,0,0,0,0,127,0,0,0,79,0,0,249,211,2,0,0,0,0,0,0,0,0,0,0,0,0,0,0,0,0,0,0,0,0,0,0,0,0,0,0,0,0,0,0,0,0,0,0,0,0,0,0,0,0,0
00212 features=715 size=10 p=5 tap=52 reset=true scheme=3 ops=0,3,3,3,3,3,3,3,3,3,3,3,3,3,3,3,3,2,3,0,0,0,3,2,3,3,0,0,3,0,0,3,3,3,3,0,3,0,0,3,0,3,0,0,3,0,2,3,0,0,0,3,3,0,0,3,0,0,0,0,0,3,3,3 ks=0,0,0,0,0,0,4,0,0,0,0,0,0,0,0,0,0,0,0,0,0,0,0,0,0,0,0,0,0,0,0,0,1,0,0,8,0,0,17,255,20,0,0,0,0,0,0,0,0,0,0,0,0,0,128,0,0,25,0,0,0,254,0,128
00213 features=792 size=10 p=5 tap=52 reset=true scheme=3 ops=0,0,3,3,3,0,3,3,3,3,0,0,0,3,0,0,3,3,3,3,0,0,3,3,3,3,0,0,3,0,0,3,3,3,3,0,3,0,0,3,0,3,0,0,3,0,2,3,0,0,0,3,3,0,0,3,0,0,0,0,0,3,3,3 ks=0,0,0,0,144,0,0,0,0,0,0,0,0,0,0,0,0,0,0,0,0,0,0,0,0,0,0,0,0,0,0,0,1,0,0,8,0,0,17,255,20,0,255,0,0,0,0,0,0,0,0,0,0,0,0,0,0,25,0,0,0,2,0,32
00214 features=618 size=13 p=5 tap=52 reset=true scheme=3 ops=3,3,3,3,3,2,3,3,3,2,3,2,3,3,3,2,3,3,2,0,2,2,3,3,1,3,3,3,3,0,0,3,3,1,3,2,3,3,2,3,2,3,2,3,3,2,3,3,3,3,2,3,3,3,3,3,1,0,0,1,2,3,3,3 ks=255,0,0,64,98,0,0,0,0,0,0,0,0,0,1,0,0,0,0,4,0,0,0,0,0,0,0,0,0,0,0,1,0,0,0,8,0,0,17,0,20,0,0,0,0,0,0,0,0,0,0,0,0,4,0,0,16,0,0,0,0,2,0,32
00215 features=639 size=6 p=5 tap=16 reset=false scheme=5 ops=2,1,3,2,1,2,1,3,2,0,0,1,1,3,2,1,3,3,2,3,3,3,3,3,2,3,3,1,3,1,1,0,1,2,1,0,0,0,0,3,1,3,0,0,2,0,2,1,2,0,2,2,1,2,1,2,1,0,0,1,0,0,3,1 ks=0,0,0,0,0,0,0,0,0,0,0,0,0,0,0,51,0,0,0,0,249,195,254,253,0,0,0,0,0,0,0,0,0,0,0,0,0,0,0,0,0,0,0,0,0,0,0,0,0,0,0,0,0,0,0,0,0,0,0,0,0,0,255,0
00216 features=459 size=8 p=5 tap=52 reset=true scheme=3 ops=3,1,3,3,3,3,3,3,3,2,3,2,2,3,1,3,3,3,3,1,1,3,3,3,3,3,1,2,3,3,2,1,3,3,3,1,3,1,2,3,2,3,2,1,3,3,3,3,1,1,1,3,3,1,3,3,2,2,1,1,1,3,3,3 ks=0,0,0,0,0,0,0,0,0,0,0,0,0,0,0,0,0,0,0,254,0,0,0,0,0,0,0,0,0,0,0,0,0,0,0,0,0,0,17,0,20,0,0,0,0,0,0,0,0,1,0,0,0,0,253,0,0,25,0,0,0,2,0,32
00217 features=478 size=11 p=5 tap=17 reset=false scheme=4 ops=3,3,3,3,3,0,1,3,1,3,2,3,2,3,0,3,3,3,3,3,3,3,3,0,1,3,3,3,3,0,0,3,3,1,0,3,3,3,0,3,2,3,3,0,3,1,0,0,3,3,3,0,3,0,1,1,0,1,3,1,3,3,3,3 ks=0,0,0,81,0,0,0,0,0,0,0,0,0,127,0,0,0,111,0,0,249,195,190,0,0,0,0,128,0,0,0,0,0,0,0,0,0,0,0,0,0,0,0,0,0,0,3,0,0,0,0,0,0,0,0,0,0,0,0,4,0,0,64,252
00218 features=649 size=8 p=5 tap=16 reset=false scheme=5 ops=0,1,3,2,1,2,1,3,2,0,0,1,1,3,2,1,3,3,2,3,3,3,3,3,2,3,3,1,3,1,1,3,1,2,1,0,0,0,0,3,1,3,0,0,2,0,2,1,2,0,2,2,1,2,1,2,1,0,0,1,1,0,3,1 ks=0,0,0,0,0,0,250,0,0,0,0,0,0,0,223,0,0,79,0,215,249,195,127,0,0,0,0,0,0,0,0,0,0,0,0,0,0,0,0,0,0,0,0,0,0,0,0,0,0,0,0,0,0,0,0,0,0,0,0,0,126,0,0,0
00219 features=703 size=10 p=5 tap=52 reset=true scheme=3 ops=2,3,3,2,3,0,3,0,3,0,0,1,1,3,2,1,2,3,2,0,0,3,3,3,3,3,0,0,3,0,0,1,3,3,2,0,3,2,1,1,0,3,0,0,3,0,3,3,0,0,0,3,3,0,0,3,0,0,0,0,0,3,3,1 ks=0,0,0,0,226,0,0,0,0,0,0,0,0,0,0,4,0,0,0,0,0,0,0,0,0,0,0,0,0,0,0,0,0,0,0,8,0,0,17,0,20,0,0,0,0,0,0,0,0,0,0,0,0,252,0,0,0,25,0,0,253,2,0,32
00220 features=504 size=13 p=5 tap=17 reset=false scheme=1 ops=2,1,3,2,1,2,1,3,2,0,0,1,1,3,2,1,3,3,2,3,3,3,3,3,3,3,3,1,3,1,1,3,1,2,1,0,0,0,0,0,2,2,0,0,2,1,1,1,1,1,1,1,1,1,1,1,1,1,2,2,3,3,3,2 ks=0,0,0,245,0,0,0,0,254,0,0,0,0,0,0,0,0,79,0,0,249,193,2,0,0,253,0,0,0,0,0,0,0,0,0,0,0,0,0,0,0,0,0,0,3,2,0,0,255,0,254,0,0,0,0,0,0,0,204,0,0,4,0,0
00221 features=726 size=11 p=5 tap=52 reset=true scheme=3 ops=2,0,3,1,3,0,3,3,3,0,0,1,1,3,2,1,2,3,2,0,0,0,3,3,3,3,0,0,3,0,0,1,3,3,3,0,3,2,1,1,0,3,0,0,3,0,3,3,0,0,0,3,3,0,0,3,0,0,0,0,0,3,3,1 ks=0,0,0,0,226,0,0,0,0,0,0,0,0,0,0,4,0,0,0,0,0,0,0,0,0,0,0,0,0,8,0,0,0,0,0,8,0,0,17,0,20,0,0,0,0,0,0,0,0,0,0,0,8,252,0,0,0,25,0,0,0,2,0,32
00222 features=988 size=2 p=10 tap=52 reset=true scheme=4 ops=0,0,3,3,3,0,3,3,3,0,0,0,0,3,3,0,3,3,2,0,3,0,3,3,0,3,0,2,3,0,0,3,3,3,3,0,3,3,0,3,0,3,0,0,3,0,3,3,3,3,3,0,3,0,0,3,0,0,0,0,3,3,3,3 ks=0,0,0,0,0,0,0,0,0,0,0,0,0,0,1,0,0,0,0,0,0,0,0,0,0,0,0,0,0,0,0,0,0,0,0,0,0,0,0,0,0,0,0,0,0,0,0,0,0,0,0,0,0,0,0,0,0,0,0,0,0,0,0,32
00223 features=696 size=9 p=5 tap=16 reset=false scheme=5 ops=0,1,3,2,1,2,1,3,2,0,0,1,1,3,2,1,3,3,2,3,3,3,3,3,2,3,3,1,3,1,1,3,1,2,1,0,0,0,0,3,1,3,0,0,2,0,2,1,2,0,2,2,3,0,0,3,0,0,0,0,1,0,3,1 ks=0,0,0,0,0,0,0,0,0,0,0,0,0,0,223,0,0,79,0,215,249,195,127,0,0,0,0,0,0,0,0,0,0,0,0,0,0,0,0,128,0,0,0,0,0,0,0,0,0,0,0,0,0,0,0,0,0,25,0,0,126,0,0,0
00224 features=480 size=8 p=5 tap=52 reset=false scheme=1 ops=0,0,3,3,3,0,3,3,3,0,0,0,0,3,0,0,3,3,3,0,0,0,3,3,3,3,0,0,0,0,0,3,3,3,3,0,3,0,0,3,0,3,0,0,3,0,3,3,0,0,0,3,2,0,0,3,3,3,0,0,0,3,3,3 ks=0,0,0,253,140,0,0,0,0,0,0,0,0,0,0,0,0,56,0,0,0,0,0,0,0,0,0,0,0,0,0,0,64,0,0,0,0,0,17,0,20,0,0,0,0,0,0,0,0,0,0,0,0,0,0,0,0,25,0,0,0,0,0,32
00225 features=593 size=11 p=5 tap=17 reset=false scheme=1 ops=2,3,3,2,1,3,1,3,2,0,0,1,1,3,2,1,3,3,2,3,3,3,3,3,2,1,3,3,3,2,0,1,2,2,2,3,2,3,1,3,3,3,3,2,2,2,2,2,2,2,2,2,3,2,2,2,2,2,2,2,3,3,3,2 ks=0,0,251,0,0,0,0,0,0,0,0,0,0,0,0,0,0,79,0,0,249,195,255,4,0,253,0,0,0,0,0,0,0,0,64,0,0,0,0,0,0,0,0,0,0,0,0,0,0,0,0,0,0,0,0,0,0,253,0,127,0,0,2,0
00226 features=615 size=8 p=5 tap=17 reset=false scheme=1 ops=2,3,3,2,1,2,1,3,2,0,0,1,1,3,2,1,3,3,2,3,3,3,3,3,3,3,3,1,3,1,1,3,1,2,1,0,0,0,0,0,2,2,0,0,2,1,1,1,1,1,1,1,1,1,0,3,0,0,0,0,0,3,3,2 ks=0,0,0,0,0,0,0,0,0,0,0,0,0,0,0,0,0,79,0,0,249,131,2,0,0,0,0,0,0,0,0,0,0,0,0,0,0,0,0,0,0,0,0,0,0,0,0,0,255,0,254,0,0,0,0,0,0,25,0,0,0,2,0,0
00227 features=822 size=9 p=5 tap=52 reset=true scheme=3 ops=0,0,3,3,3,0,3,3,3,0,0,0,0,3,0,0,3,3,3,0,0,0,3,3,3,3,0,0,3,0,0,3,3,3,3,0,3,0,0,3,0,3,0,0,3,0,3,3,0,0,0,3,3,0,0,3,0,0,0,0,0,3,3,3 ks=0,0,0,0,144,0,0,0,0,0,0,0,0,0,1,0,0,0,0,0,0,0,0,0,0,0,0,0,0,0,0,0,0,0,0,8,0,0,17,0,20,0,0,0,0,0,0,0,0,8,0,0,0,0,0,0,0,25,0,0,0,2,0,32
00228 features=564 size=11 p=5 tap=30 reset=false scheme=1 ops=3,3,3,3,3,0,0,3,0,0,0,3,3,3,3,3,3,3,3,3,3,3,3,3,3,3,0,3,3,0,0,3,0,3,3,3,0,3,3,3,3,3,3,0,0,0,0,0,0,3,0,0,3,0,0,0,0,3,3,0,3,3,3,3 ks=0,0,0,135,255,0,0,0,0,0,0,0,0,0,0,0,0,79,0,2,0,195,190,0,0,0,0,0,1,0,0,0,0,0,0,0,64,0,0,218,0,0,0,0,0,0,0,0,0,0,0,0,0,0,0,0,0,0,0,127,0,0,2,0
00229 features=857 size=4 p=2 tap=16 reset=true scheme=5 ops=2,2,3,2,3,2,2,2,2,2,2,2,3,3,2,3,3,3,1,3,3,3,3,3,3,3,3,3,2,2,2,3,2,2,2,3,3,3,2,2,2,3,2,3,3,3,2,2,2,2,2,2,2,2,2,2,3,3,2,2,2,3,3,3 ks=0,0,0,0,0,0,0,0,0,0,0,0,0,0,0,51,0,0,0,0,118,64,254,0,0,0,0,0,0,0,0,0,0,0,0,0,0,0,0,0,0,0,0,0,0,0,0,0,0,0,0,0,0,0,0,0,0,0,0,0,0,0,0,0
00230 features=366 size=11 p=5 tap=17 reset=false scheme=0 ops=2,3,3,2,1,2,1,3,2,0,0,1,1,3,2,1,3,3,2,2,3,3,3,3,2,3,3,3,3,2,1,2,2,2,2,3,1,3,2,3,3,3,1,1,1,1,1,1,1,1,1,1,1,1,1,1,1,1,2,2,3,3,3,2 ks=0,0,0,0,0,0,1,0,0,128,0,0,0,0,0,0,0,79,0,0,249,195,190,0,2,0,0,0,0,0,0,0,0,0,0,0,64,0,0,0,0,186,0,0,0,0,0,0,0,0,254,0,0,0,0,0,0,0,203,0,0,0,0,0
00231 features=748 size=12 p=5 tap=30 reset=true scheme=1 ops=3,3,3,3,3,0,0,3,0,0,0,3,3,3,3,3,3,3,3,0,3,3,3,3,3,3,0,3,3,0,0,3,0,3,3,3,0,3,3,3,3,3,0,0,2,1,1,1,1,1,1,1,1,1,0,3,0,3,3,0,3,3,3,3 ks=0,0,0,135,255,0,0,0,0,0,0,0,0,0,0,0,0,79,0,0,0,195,190,0,0,0,0,0,1,0,0,0,0,0,0,0,64,0,0,218,0,0,0,0,0,0,0,0,255,0,254,0,0,0,0,0,0,0,0,127,0,0,2,0
00232 features=718 size=9 p=5 tap=52 reset=true scheme=3 ops=0,0,3,3,3,0,3,3,3,0,0,0,0,1,0,0,3,3,3,3,3,3,3,3,2,3,3,1,3,0,0,3,3,3,3,0,3,0,0,3,0,3,0,0,3,0,3,3,0,0,0,3,3,0,0,3,0,0,0,0,0,3,3,3 ks=0,0,0,0,0,0,0,0,0,0,0,0,0,0,1,0,0,0,0,215,0,0,254,0,0,0,0,0,0,0,0,0,0,0,0,8,0,0,17,0,20,0,0,0,0,0,0,0,0,0,0,0,0,0,0,0,0,29,0,0,0,2,0,32
00233 features=818 size=11 p=5 tap=52 reset=true scheme=3 ops=0,0,3,3,3,0,3,3,3,3,0,0,0,3,0,0,3,3,3,0,0,0,3,3,3,3,0,0,3,0,0,3,0,3,3,0,3,0,0,3,0,3,0,0,3,0,2,3,0,0,0,3,3,0,0,3,0,0,0,0,0,3,3,3 ks=0,0,0,0,144,0,0,0,0,0,0,0,0,0,1,0,0,0,0,0,0,0,0,0,0,234,0,0,0,0,0,0,1,0,1,8,0,0,0,255,20,0,0,0,0,0,0,0,0,0,0,0,0,0,0,0,0,25,0,0,0,2,0,32
00234 features=575 size=9 p=5 tap=17 reset=false scheme=3 ops=2,3,3,2,1,2,1,3,2,0,0,1,1,3,2,1,3,3,2,3,3,3,3,3,3,3,3,1,3,1,1,3,1,2,1,0,0,0,0,0,2,2,0,0,2,1,1,1,1,1,1,1,1,1,0,3,0,0,0,1,3,3,3,2 ks=0,0,0,0,0,0,0,0,0,0,0,0,0,0,0,0,0,79,0,0,249,131,2,0,0,0,0,0,0,0,0,0,0,0,0,0,0,0,0,0,166,0,0,0,0,0,0,0,255,0,254,0,0,0,0,0,0,25,0,0,0,4,0,0
00235 features=398 size=3 p=10 tap=17 reset=false scheme=1 ops=2,3,3,3,3,2,3,3,2,3,3,2,2,3,2,2,3,3,2,3,3,3,3,3,3,3,3,2,3,2,2,3,3,2,3,2,2,3,2,3,3,2,2,2,2,3,3,3,3,3,3,2,3,2,3,3,3,3,2,2,3,3,3,2 ks=0,0,0,0,0,0,0,0,0,0,0,0,0,0,0,0,0,79,0,0,0,195,2,0,0,0,0,0,0,0,0,0,0,0,0,0,0,0,0,0,0,0,0,0,0,0,0,0,0,0,0,0,0,0,0,0,0,0,0,0,0,0,0,0
00236 features=710 size=12 p=5 tap=16 reset=false scheme=5 ops=0,1,3,2,1,2,1,3,2,0,0,1,1,3,2,1,3,3,2,2,3,3,3,3,2,3,2,1,3,1,1,3,1,2,1,0,0,0,0,1,1,3,0,0,2,0,2,1,2,0,2,2,3,0,0,3,0,0,0,0,1,0,3,1 ks=1,0,0,0,0,0,0,0,0,0,0,0,0,0,223,0,0,79,0,215,249,195,127,0,0,0,64,0,0,0,0,0,0,0,0,0,0,0,0,128,0,0,0,0,0,0,0,0,0,0,0,8,0,0,0,0,0,25,0,0,126,0,0,0
00237 features=317 size=8 p=5 tap=30 reset=false scheme=1 ops=3,3,3,3,3,0,0,3,0,0,0,3,3,3,3,3,3,3,3,3,3,3,3,3,3,3,0,3,3,0,0,3,0,3,3,3,0,3,3,3,3,3,3,0,0,0,3,3,3,0,3,0,3,0,3,0,0,3,3,0,3,3,3,3 ks=0,0,0,135,0,0,0,0,0,0,0,0,0,0,0,0,0,0,0,0,0,195,190,127,0,0,0,0,1,0,0,0,0,0,0,0,64,0,0,0,0,0,0,0,0,0,0,0,3,0,0,0,164,0,0,0,0,0,0,0,0,0,0,0
00238 features=652 size=10 p=5 tap=17 reset=false scheme=1 ops=2,3,3,2,0,3,3,3,2,0,0,3,0,3,2,2,3,3,2,3,3,3,3,3,2,0,3,3,3,2,0,3,2,2,2,3,2,3,3,3,3,3,3,2,2,2,2,2,2,2,2,2,3,2,2,2,2,2,2,2,3,3,3,2 ks=0,0,0,0,0,0,0,0,0,0,128,0,0,0,0,0,0,79,0,0,249,195,255,4,0,253,0,0,0,0,0,0,0,0,64,0,0,0,0,0,0,0,0,0,0,0,0,0,0,0,0,0,0,0,0,0,0,0,0,127,0,0,2,0
00239 features=548 size=13 p=2 tap=16 reset=false scheme=5 ops=2,1,3,2,1,2,1,3,2,0,0,1,1,3,2,3,3,3,2,3,3,3,3,3,2,3,3,1,3,1,1,0,1,2,1,0,3,3,2,3,2,3,2,3,3,2,3,3,3,3,2,2,1,2,1,2,1,0,0,1,0,0,3,1 ks=0,0,0,0,0,65,0,0,0,32,0,0,242,0,0,51,0,79,16,0,249,190,254,18,0,0,178,0,0,0,0,0,0,0,0,0,0,0,17,0,20,0,0,0,0,0,0,0,0,0,0,0,0,0,0,0,0,0,0,0,0,0,0,0
00240 features=580 size=5 p=10 tap=29 reset=true scheme=1 ops=3,3,3,3,3,3,3,3,3,3,3,3,3,3,3,3,3,3,3,3,3,3,3,3,2,3,3,3,3,3,3,3,3,3,3,3,0,0,0,3,1,3,0,0,3,3,3,3,3,3,3,3,3,3,3,3,3,3,3,3,3,3,3,3 ks=0,0,0,0,0,0,0,0,0,0,0,0,0,0,0,0,0,0,0,0,0,0,0,0,0,0,0,66,0,0,0,35,0,0,0,0,0,255,0,0,0,0,0,0,0,254,254,0,0,0,0,0,0,0,0,0,0,0,0,0,0,0,0,0
00241 features=513 size=7 p=5 tap=16 reset=false scheme=5 ops=2,0,3,2,1,2,1,2,2,0,0,1,1,3,2,1,3,3,2,3,3,3,3,3,2,3,3,1,3,1,1,3,1,2,1,1,0,0,0,3,1,3,0,0,1,1,1,1,1,1,1,1,3,1,1,1,1,1,1,1,0,0,3,1 ks=0,0,0,80,0,0,0,208,0,0,0,0,0,0,0,0,0,0,0,215,249,195,254,0,0,0,0,0,0,0,0,0,0,0,0,0,0,0,0,0,0,0,0,0,0,0,0,0,0,0,0,0,0,0,0,0,0,0,0,0,1,0,0,0
00242 features=376 size=3 p=5 tap=16 reset=false scheme=5 ops=1,0,3,1,1,3,1,3,0,0,0,1,1,3,3,1,3,3,3,3,3,3,3,3,3,3,3,1,3,1,1,3,1,1,1,0,0,0,0,3,3,3,0,0,1,1,1,1,1,1,1,1,1,1,1,1,1,1,1,1,0,0,3,1 ks=0,0,0,0,0,0,0,0,0,0,0,0,0,0,0,0,0,0,0,215,0,128,254,0,0,0,0,0,0,0,0,0,0,0,0,0,0,0,0,0,0,0,0,0,0,0,0,0,0,0,0,0,0,0,0,0,0,0,0,0,0,0,0,0
00243 features=717 size=10 p=5 tap=30 reset=true scheme=1 ops=3,3,3,3,3,0,0,3,0,0,0,3,3,3,3,3,3,3,3,0,3,3,3,3,3,3,0,3,3,0,0,3,0,3,3,3,0,3,3,3,3,3,0,0,2,1,1,1,1,1,1,1,1,1,0,3,0,3,3,0,3,3,3,3 ks=0,0,0,135,0,0,0,0,0,0,0,0,0,0,0,0,0,0,0,0,0,195,190,0,0,0,0,0,1,0,0,0,0,0,0,0,64,0,0,218,0,0,0,0,0,0,0,0,255,0,254,0,0,0,0,0,0,0,0,127,0,0,2,0
00244 features=624 size=11 p=5 tap=17 reset=false scheme=2 ops=2,3,3,2,1,3,1,3,2,0,0,1,1,3,2,1,3,3,2,3,3,3,3,3,1,1,3,3,3,2,0,3,2,2,2,3,2,3,1,3,3,3,3,2,2,2,2,2,2,2,2,2,3,2,2,2,2,2,2,2,3,3,3,2 ks=0,0,254,0,0,0,0,226,0,0,0,0,0,0,0,0,16,79,0,0,0,195,255,4,0,253,0,0,0,0,0,0,0,0,64,0,0,0,0,0,0,0,0,0,0,0,0,0,0,0,0,0,0,0,0,0,0,0,0,127,0,0,2,0
00245 features=725 size=12 p=5 tap=16 reset=false scheme=5 ops=0,1,3,2,1,2,1,3,2,0,0,1,1,3,2,1,3,3,2,2,3,3,3,3,2,3,2,1,3,1,3,3,1,2,1,0,0,0,0,1,1,3,0,0,2,0,2,1,2,0,2,2,3,0,0,3,0,0,0,0,1,0,3,1 ks=1,0,0,0,0,0,0,0,0,0,0,0,0,0,223,0,0,79,0,215,249,195,127,0,0,0,64,0,0,0,0,0,0,0,0,0,0,0,0,128,0,0,0,0,0,0,0,0,0,0,0,8,0,0,0,0,0,25,0,0,126,0,0,0
00246 features=786 size=13 p=5 tap=52 reset=true scheme=3 ops=0,0,3,3,3,0,3,3,3,3,0,0,0,3,0,0,3,2,3,0,0,0,3,3,3,3,0,0,3,0,0,3,3,3,3,0,3,0,0,3,0,3,0,0,3,0,2,3,0,0,0,3,3,0,0,3,0,0,0,0,0,3,3,3 ks=0,0,0,0,144,0,0,0,0,0,0,0,2,0,1,0,0,0,0,0,0,0,0,0,0,0,0,0,0,0,0,0,1,0,151,8,0,0,17,255,20,0,3,0,0,0,0,0,0,0,0,0,0,0,128,0,0,25,0,0,0,0,0,128
00247 features=543 size=8 p=10 tap=52 reset=true scheme=3 ops=3,1,3,3,3,3,1,3,3,2,3,2,2,3,1,3,3,3,3,1,1,3,3,3,3,3,1,2,3,3,2,1,1,2,1,0,0,0,0,3,2,3,1,1,3,3,3,3,1,1,1,3,3,1,3,3,2,2,1,1,1,3,3,3 ks=0,0,0,0,0,0,0,0,0,0,0,0,0,0,0,0,0,0,0,254,0,0,0,0,0,0,0,0,0,0,0,0,0,0,0,0,0,0,0,0,20,0,0,0,0,0,0,0,0,1,0,0,0,8,0,0,0,25,0,0,0,2,253,32
00248 features=474 size=8 p=5 tap=52 reset=true scheme=3 ops=3,1,3,3,3,3,3,3,3,2,3,2,2,3,1,3,3,3,3,1,1,3,3,3,3,3,1,2,3,3,2,1,3,3,3,1,3,1,2,3,2,3,2,1,3,3,3,3,1,1,1,3,3,1,3,3,2,2,1,1,1,3,3,3 ks=0,0,0,0,0,0,0,0,0,0,0,0,0,0,0,0,0,0,128,254,0,0,0,0,0,0,0,0,0,0,0,0,0,0,0,0,0,0,17,0,20,0,0,0,0,0,0,0,0,1,0,0,0,0,253,0,0,0,0,0,0,2,0,32
00249 features=656 size=9 p=5 tap=52 reset=true scheme=3 ops=2,2,1,2,2,2,2,1,1,2,1,2,1,1,1,2,2,1,1,1,2,1,1,2,1,2,1,2,2,1,2,1,2,1,2,2,2,1,2,2,1,2,2,1,2,2,2,2,2,1,2,2,2,2,1,1,1,2,1,2,2,2,1,2 ks=0,0,0,0,144,0,0,0,0,0,0,0,0,0,1,0,0,0,0,0,0,0,0,0,0,0,0,0,0,0,0,0,0,0,0,8,0,0,17,0,20,0,0,0,225,0,0,0,0,0,0,0,0,0,0,0,0,153,0,0,0,2,0,32
00250 features=766 size=10 p=5 tap=52 reset=true scheme=3 ops=0,0,3,3,3,0,3,3,3,3,0,0,0,3,0,0,3,2,3,0,0,0,3,3,3,3,0,0,3,0,0,3,3,3,3,0,3,0,0,3,0,3,0,0,3,0,3,3,1,0,0,3,3,0,0,3,0,0,0,0,0,3,3,3 ks=0,0,0,0,144,0,0,0,0,0,0,0,0,0,0,0,0,0,0,0,0,0,0,0,0,0,0,0,0,0,0,0,1,0,151,8,0,0,17,255,22,0,0,0,0,0,0,0,0,0,0,0,0,0,0,0,0,25,0,0,0,2,0,128
00251 features=636 size=10 p=5 tap=17 reset=false scheme=1 ops=2,3,3,2,0,3,3,3,2,0,0,3,0,3,2,2,3,3,2,3,3,3,3,3,2,0,3,3,3,2,0,3,2,2,2,3,2,3,3,3,3,3,3,2,2,2,2,2,0,2,2,2,3,2,2,2,2,2,2,2,3,3,3,2 ks=0,0,0,0,0,0,0,0,0,0,128,0,0,0,0,0,0,79,0,0,249,195,255,4,0,253,0,0,0,0,0,0,0,0,64,0,0,0,0,0,0,0,0,0,0,0,0,0,0,0,0,0,0,0,0,0,0,0,0,127,0,0,2,0
00252 features=451 size=7 p=5 tap=52 reset=true scheme=3 ops=3,1,3,3,3,3,3,3,3,2,3,2,2,3,1,3,3,3,3,1,1,3,3,3,3,3,0,3,3,3,2,3,3,3,3,1,3,1,2,3,2,3,2,1,3,3,3,3,1,1,1,3,3,1,3,3,2,2,1,1,1,3,3,3 ks=0,0,0,0,0,0,0,0,0,0,0,0,0,0,0,0,0,0,0,254,0,0,0,0,0,0,0,0,0,0,0,0,0,0,0,0,0,0,17,0,20,0,0,0,0,0,0,0,0,1,0,0,0,0,253,0,0,0,0,0,0,2,0,32
00253 features=534 size=10 p=5 tap=52 reset=true scheme=3 ops=3,1,3,3,3,3,3,3,3,2,3,2,1,3,2,1,3,3,3,1,1,3,3,3,3,3,1,2,3,3,2,1,3,3,3,1,3,1,2,3,0,3,2,1,3,3,3,3,1,1,1,3,3,1,3,3,2,2,1,1,1,3,3,3 ks=0,0,0,0,0,0,0,0,0,0,0,2,0,0,0,0,0,0,0,0,0,0,0,0,1,0,0,0,0,110,0,0,0,0,0,0,0,0,17,0,20,0,0,0,0,0,0,0,0,1,0,0,0,0,0,0,47,25,0,0,0,2,0,32
00254 features=576 size=9 p=5 tap=17 reset=false scheme=3 ops=2,3,3,2,1,2,1,3,2,0,0,1,1,3,2,1,3,3,2,3,3,3,3,3,3,3,3,1,3,1,1,3,1,2,1,0,0,0,0,0,2,2,0,0,2,1,1,1,1,1,1,1,1,1,0,3,0,0,0,1,3,3,3,2 ks=0,0,0,0,0,0,0,0,0,0,0,0,0,0,0,0,0,79,0,0,249,131,2,0,0,0,0,0,0,0,0,127,0,0,0,0,0,0,0,0,166,0,0,0,0,0,0,0,255,0,254,0,0,0,0,0,0,0,0,0,0,4,0,0
00255 features=721 size=9 p=5 tap=17 reset=true scheme=4 ops=3,3,3,3,3,0,2,3,1,2,2,3,2,3,0,3,3,3,3,2,3,3,3,3,1,3,3,3,3,0,0,3,3,1,0,3,3,3,0,3,3,3,3,3,3,3,3,3,3,2,3,0,3,1,1,1,0,1,3,1,3,3,3,3 ks=0,0,0,0,0,0,0,196,0,0,0,0,0,127,0,58,4,79,0,0,249,195,190,0,0,0,0,0,0,0,0,0,0,0,0,0,0,0,0,0,0,0,0,0,0,0,0,0,0,0,0,0,0,0,0,0,0,0,0,0,0,0,0,252
00256 features=801 size=10 p=5 tap=45 reset=true scheme=3 ops=0,0,3,3,3,0,3,3,3,3,0,0,0,3,0,0,3,3,3,0,0,0,3,3,3,3,0,0,3,0,0,3,3,3,3,0,3,0,0,3,0,3,0,0,3,0,2,3,0,0,0,3,3,0,0,3,0,0,0,0,0,3,3,3 ks=0,0,0,0,144,0,0,0,0,0,0,0,0,0,1,0,0,0,0,0,0,0,0,0,0,0,0,0,0,0,0,0,202,0,0,8,0,0,17,255,20,0,0,0,0,0,0,0,0,0,0,0,0,0,0,0,0,25,0,0,0,2,0,32
00257 features=344 size=7 p=5 tap=30 reset=false scheme=1 ops=3,3,3,3,3,0,0,3,0,0,0,3,3,3,3,3,3,3,3,3,3,3,3,3,3,3,0,3,3,0,0,3,0,3,3,3,0,3,3,3,3,3,3,0,0,0,3,3,3,0,3,0,3,0,3,0,0,3,3,0,3,3,3,3 ks=0,0,0,135,0,0,0,0,0,0,0,0,0,0,0,0,0,0,0,0,0,195,190,127,0,0,0,0,1,0,0,0,0,0,0,0,64,0,0,0,0,0,0,0,0,0,0,0,0,0,0,0,164,0,0,0,0,0,0,0,0,0,0,0
00258 features=679 size=8 p=5 tap=30 reset=true scheme=1 ops=1,3,3,3,3,0,0,3,0,0,0,3,3,3,3,3,3,3,3,0,3,3,3,3,3,3,0,3,3,0,0,3,0,3,3,3,0,3,3,3,3,3,2,0,2,1,1,1,1,1,1,1,1,1,0,3,0,3,3,0,3,3,3,3 ks=0,0,0,135,0,0,0,0,0,0,0,0,0,0,0,0,0,0,0,0,0,195,190,0,0,0,0,0,1,0,0,0,0,0,0,0,64,0,0,84,0,0,0,0,0,0,0,0,0,0,0,0,0,0,0,0,0,0,0,0,252,0,2,0
00259 features=370 size=4 p=5 tap=52 reset=false scheme=4 ops=0,1,3,3,3,0,3,3,3,0,0,0,0,3,3,0,3,3,3,0,0,0,3,3,3,3,0,0,3,0,0,3,3,3,3,0,3,0,0,3,0,3,0,0,3,0,3,3,0,0,0,3,3,0,0,3,3,0,0,0,0,3,3,3 ks=0,0,0,0,0,0,0,0,0,0,0,0,3,0,0,0,0,0,0,0,0,0,0,0,0,0,0,0,0,0,0,0,0,0,0,0,0,0,0,0,0,0,0,0,0,0,0,0,0,0,0,0,128,0,44,0,0,0,0,0,0,0,0,32
00260 features=395 size=5 p=5 tap=52 reset=false scheme=3 ops=0,0,3,3,3,0,3,3,3,0,0,0,0,3,2,1,3,3,2,3,3,3,3,3,3,3,0,0,0,0,0,3,3,3,3,0,3,0,2,3,0,3,0,0,3,0,3,3,0,0,0,3,2,0,0,3,3,3,0,0,0,3,3,3 ks=0,0,0,0,0,0,0,0,0,0,0,0,0,0,0,0,0,0,0,0,0,0,0,0,0,0,0,0,0,0,0,0,0,0,0,0,0,0,17,0,20,0,0,0,0,0,105,0,0,0,0,0,0,0,0,0,0,25,0,0,0,0,0,32
00261 features=488 size=8 p=5 tap=52 reset=true scheme=3 ops=3,1,3,3,3,3,3,3,3,2,3,2,2,3,1,3,3,3,3,1,1,3,3,3,3,3,0,3,3,3,2,3,3,3,3,1,3,1,2,3,2,3,2,1,3,3,3,3,1,1,1,3,3,1,3,3,2,2,1,1,1,3,3,3 ks=0,0,0,0,0,0,0,0,0,0,0,0,0,0,0,1,0,0,0,254,0,0,0,0,0,0,0,0,0,0,0,0,0,0,0,0,0,0,17,0,20,0,0,0,0,0,0,0,0,1,0,0,0,0,253,0,0,0,0,0,0,2,0,32
00262 features=555 size=9 p=5 tap=16 reset=false scheme=5 ops=0,1,3,2,1,2,1,3,2,0,0,1,1,3,2,1,3,3,2,3,3,3,3,3,2,3,3,1,3,1,1,3,1,2,1,0,0,0,1,3,1,3,0,3,2,0,2,1,2,0,2,3,3,0,0,3,0,0,0,1,1,0,3,1 ks=0,0,0,0,0,0,250,0,0,0,0,0,0,0,223,0,0,0,0,215,249,195,127,0,0,0,0,0,0,0,0,0,0,0,0,0,0,0,0,0,0,0,0,0,0,0,0,254,0,0,0,0,8,252,0,0,0,0,0,0,0,0,0,0
00263 features=564 size=10 p=5 tap=17 reset=false scheme=3 ops=2,3,3,2,1,2,1,3,2,0,0,1,1,3,2,1,3,3,2,3,3,3,3,3,3,3,3,1,3,1,1,3,1,2,1,0,0,0,0,0,2,2,0,0,2,1,1,1,1,1,1,1,1,1,0,3,0,0,0,1,3,3,3,2 ks=0,0,0,0,0,0,0,0,0,0,0,0,0,0,0,0,0,79,0,0,249,131,2,0,0,0,0,0,0,0,0,127,0,0,0,0,0,0,0,0,166,0,0,0,0,0,0,0,255,0,254,0,0,0,0,0,0,254,0,0,0,4,0,0
00264 features=369 size=7 p=5 tap=30 reset=false scheme=1 ops=3,3,3,3,3,0,0,3,0,0,0,3,3,3,3,3,3,3,3,3,3,3,3,3,3,3,0,3,3,0,0,2,0,3,3,3,0,3,3,3,3,3,3,0,0,0,3,3,3,0,3,0,3,0,3,0,0,3,3,0,3,3,3,3 ks=0,0,0,135,0,0,0,0,0,0,0,0,0,0,0,0,0,0,0,0,0,195,190,127,0,0,0,0,1,0,0,0,0,0,0,0,64,0,0,0,0,0,0,0,0,0,0,0,0,0,0,0,164,0,0,0,0,0,0,0,0,0,0,0
00265 features=559 size=9 p=10 tap=52 reset=true scheme=3 ops=3,1,3,3,3,2,1,3,3,2,3,2,2,3,1,3,3,3,3,1,1,3,3,3,3,3,1,2,3,3,2,1,1,2,1,0,0,0,0,3,2,3,1,1,3,3,3,3,1,1,1,3,3,1,3,3,2,2,1,1,1,3,3,3 ks=0,0,0,0,0,79,0,0,0,0,0,0,0,0,0,0,0,0,0,254,0,0,0,0,0,0,0,0,0,0,0,0,0,0,0,0,0,0,0,0,20,0,0,0,0,0,0,0,0,1,0,0,0,8,0,0,0,25,0,0,0,2,253,32
00266 features=335 size=5 p=5 tap=16 reset=false scheme=2 ops=2,2,3,2,2,2,3,2,2,3,2,3,3,3,3,2,3,3,2,3,3,3,3,3,2,3,3,3,3,3,3,3,3,2,3,2,3,3,2,3,3,3,2,3,2,2,2,3,3,3,3,2,3,2,2,3,2,2,3,3,3,3,3,2 ks=0,0,0,0,0,0,0,0,0,0,0,0,0,0,0,0,0,4,0,215,249,195,254,0,0,0,0,0,0,0,0,0,0,0,0,0,0,0,0,0,0,0,0,0,0,0,0,0,0,0,0,0,0,0,0,0,0,0,0,0,0,0,0,0
00267 features=530 size=9 p=10 tap=52 reset=true scheme=3 ops=3,1,3,3,3,3,1,3,3,2,3,2,2,3,1,3,3,3,3,1,1,3,3,3,3,3,1,2,3,3,2,1,1,2,1,0,0,0,0,3,2,3,1,1,3,3,3,3,1,1,1,3,3,1,3,3,2,2,1,1,1,3,3,3 ks=0,0,0,0,0,0,0,0,0,0,0,0,0,0,0,0,0,0,0,254,0,0,0,0,0,0,0,0,0,0,0,0,0,0,0,0,0,0,0,0,20,0,0,0,0,0,0,127,0,1,0,0,0,8,0,0,0,25,0,0,0,2,253,32
00268 features=311 size=5 p=5 tap=30 reset=false scheme=1 ops=3,2,3,2,3,2,2,2,2,0,0,3,3,3,0,0,3,3,3,0,0,0,3,3,3,3,0,0,3,0,0,3,0,3,3,3,0,3,3,3,3,3,3,0,0,2,3,3,3,0,3,0,3,0,3,0,0,3,3,0,3,3,3,3 ks=0,0,0,0,0,0,254,0,0,0,0,0,0,0,1,0,0,0,0,0,0,0,0,1,0,0,0,0,1,0,0,0,128,0,0,0,0,0,0,0,0,0,0,0,0,0,0,0,0,0,0,0,0,0,0,0,0,0,0,0,0,0,0,0
00269 features=330 size=9 p=5 tap=30 reset=false scheme=1 ops=3,3,3,3,3,0,0,3,0,0,0,3,3,3,3,3,3,3,3,3,3,3,3,3,3,3,0,3,3,0,0,3,0,3,3,3,0,3,3,3,3,3,3,0,0,0,3,3,3,0,3,0,3,0,3,0,0,3,3,0,3,3,3,3 ks=0,0,0,135,0,0,0,0,0,0,0,0,0,0,0,0,0,0,0,0,0,195,190,127,0,0,0,0,1,0,0,0,0,0,0,0,64,0,0,0,0,0,0,0,0,0,0,0,3,0,0,0,164,0,4,0,0,0,0,0,0,0,0,0
00270 features=747 size=9 p=5 tap=12 reset=true scheme=3 ops=0,0,3,3,3,0,3,3,3,0,0,0,0,1,0,0,3,3,3,3,3,3,3,3,2,3,3,1,3,0,0,3,3,3,3,0,3,0,0,3,0,3,0,0,3,0,3,3,0,0,0,3,3,0,0,3,0,0,0,0,0,3,3,3 ks=0,0,0,0,0,0,0,0,0,0,0,0,0,0,1,0,0,0,0,215,0,0,254,0,0,0,0,0,0,0,0,0,0,0,0,8,0,0,17,0,20,0,0,0,0,0,0,0,0,0,0,0,0,0,0,0,0,29,0,0,0,2,0,32
00271 features=574 size=11 p=5 tap=17 reset=false scheme=1 ops=2,1,3,2,1,2,0,3,2,0,0,1,1,3,2,1,3,3,2,2,3,3,3,3,2,3,3,1,3,1,1,3,1,2,1,0,0,0,0,0,2,2,0,0,2,0,1,1,1,1,1,1,1,1,1,1,1,1,2,2,3,3,3,2 ks=0,0,0,0,0,0,0,0,254,0,0,0,0,0,0,0,0,79,0,215,249,195,127,0,0,0,252,0,0,0,0,0,0,0,0,32,0,0,0,0,0,0,0,0,0,0,0,0,255,0,254,0,0,0,0,0,0,0,0,0,0,4,0,0
00272 features=516 size=6 p=5 tap=17 reset=false scheme=3 ops=2,3,3,2,1,3,1,3,2,0,0,1,1,3,2,1,3,3,2,3,3,3,3,3,3,3,3,1,3,1,1,3,1,2,1,0,0,0,0,0,2,2,0,0,2,1,1,1,1,1,1,1,1,1,0,3,0,0,1,1,1,1,3,1 ks=0,0,0,0,0,0,0,0,0,0,0,0,0,0,0,0,0,79,0,0,249,129,2,0,0,0,0,0,0,0,0,0,0,0,0,0,0,0,0,0,0,0,0,0,0,0,0,0,255,0,0,0,0,0,0,0,0,0,252,0,0,0,0,0
00273 features=463 size=10 p=5 tap=16 reset=false scheme=5 ops=3,0,3,2,1,2,1,3,3,0,0,1,1,3,2,1,3,3,2,1,3,3,3,3,2,2,3,1,3,1,1,3,1,2,1,0,0,0,0,3,1,3,0,0,1,1,1,1,1,1,1,1,1,1,1,1,1,1,1,1,0,0,3,1 ks=0,0,0,64,0,0,17,0,0,1,0,0,0,0,0,0,0,0,0,215,0,195,232,0,0,3,0,0,0,0,0,228,0,0,0,0,0,0,0,0,0,0,0,0,0,0,0,0,0,0,0,1,0,0,0,0,0,0,16,0,0,0,0,0
00274 features=672 size=9 p=5 tap=17 reset=true scheme=3 ops=2,3,3,2,1,2,1,3,2,0,0,1,1,3,2,1,3,3,2,3,3,3,3,3,3,3,3,1,3,1,1,3,1,2,1,0,0,0,0,0,2,2,0,0,2,1,1,1,1,1,1,1,1,1,0,3,0,0,0,1,3,3,3,2 ks=0,0,0,0,0,0,0,0,0,0,0,0,0,0,0,0,0,79,0,0,249,131,2,0,0,0,0,0,0,0,0,0,0,0,0,0,0,0,0,0,166,0,0,0,0,0,0,0,255,0,254,0,0,0,0,0,0,25,0,0,0,4,0,0
00275 features=212 size=5 p=2 tap=16 reset=false scheme=5 ops=1,1,3,1,1,1,1,3,3,3,1,1,1,3,3,1,3,3,1,3,3,3,3,3,3,3,3,1,3,1,1,3,1,1,1,1,1,3,1,3,1,3,3,3,3,1,3,1,1,1,3,1,1,1,1,3,1,1,3,1,3,3,3,1 ks=0,0,0,0,0,0,0,0,0,0,0,0,0,0,0,94,0,0,0,215,249,254,254,0,0,0,0,0,0,0,0,0,0,0,0,0,0,0,0,0,0,0,0,0,0,0,0,0,0,0,0,0,0,0,0,0,0,0,0,0,0,0,0,0
00276 features=318 size=7 p=2 tap=16 reset=false scheme=5 ops=2,2,3,2,3,2,2,3,2,2,3,2,3,3,2,3,3,3,2,3,3,3,3,3,2,3,3,3,3,3,3,2,2,2,3,3,3,3,2,3,2,3,2,3,3,2,3,3,3,3,2,2,3,2,2,2,3,2,2,2,3,3,3,2 ks=0,0,0,0,0,0,0,0,254,0,0,0,242,0,0,51,0,0,0,0,121,190,254,18,0,0,0,0,0,0,0,0,0,0,0,0,0,0,0,0,0,0,0,0,0,0,0,0,0,0,0,0,0,0,0,0,0,0,0,0,0,0,0,0
00277 features=530 size=11 p=5 tap=17 reset=false scheme=2 ops=2,3,3,2,1,3,1,3,2,1,0,1,1,3,2,1,3,3,2,3,3,3,3,3,2,1,3,3,3,2,1,1,2,2,2,3,2,3,1,3,3,3,3,2,2,2,2,2,2,2,2,2,3,2,2,2,2,2,2,2,3,3,3,2 ks=0,0,251,0,0,0,0,0,0,0,0,0,0,0,0,0,0,79,0,0,249,195,255,4,0,0,0,252,0,0,0,0,0,0,64,0,0,0,0,0,0,0,0,0,0,0,0,0,0,0,0,0,0,0,0,0,0,253,0,127,0,0,2,0
00278 features=715 size=12 p=5 tap=52 reset=true scheme=3 ops=2,0,3,3,3,0,3,3,3,0,0,1,1,3,2,1,2,3,2,0,0,0,3,3,3,3,0,0,3,0,0,1,3,3,3,0,3,2,1,1,0,3,0,0,3,0,3,3,0,0,0,3,3,0,0,3,0,0,0,0,0,3,3,1 ks=64,0,0,0,226,0,0,0,0,0,0,0,0,0,0,4,0,0,0,0,0,0,0,0,0,0,0,0,0,8,0,0,0,0,0,8,0,0,17,0,20,0,0,0,0,0,0,0,0,0,0,0,8,252,0,0,0,25,0,0,0,2,0,32
00279 features=582 size=7 p=5 tap=17 reset=false scheme=1 ops=2,3,3,2,1,3,1,3,2,0,0,1,1,3,2,2,3,3,2,3,3,3,3,3,2,1,3,3,3,3,0,3,3,1,0,3,3,3,0,3,3,3,3,2,2,2,2,2,2,2,2,2,3,2,2,2,2,2,2,2,3,3,3,2 ks=0,0,254,0,0,0,0,0,0,0,0,0,0,0,0,0,0,79,0,0,249,195,255,4,0,0,0,0,0,0,0,0,0,0,0,0,0,0,0,0,0,0,0,0,0,0,0,0,0,0,0,0,0,0,0,0,0,0,0,127,0,0,0,0
00280 features=471 size=8 p=5 tap=52 reset=true scheme=3 ops=3,1,3,3,3,3,3,3,3,2,3,2,2,3,1,3,3,3,3,1,1,3,3,3,3,3,1,2,3,3,2,1,3,3,3,1,3,1,2,3,2,3,2,1,3,3,3,3,1,1,1,3,3,1,3,3,2,2,1,1,1,3,3,3 ks=0,0,0,0,0,0,0,0,0,0,0,0,0,0,0,0,0,0,128,254,0,0,0,0,0,0,0,0,0,0,0,0,0,0,0,0,0,0,17,0,20,0,0,0,0,0,0,0,0,1,0,0,0,0,128,0,0,0,0,0,0,2,0,32
00281 features=412 size=7 p=2 tap=16 reset=false scheme=5 ops=2,2,3,2,3,2,2,3,2,2,3,2,3,3,2,3,3,3,1,3,3,3,3,3,2,3,3,3,3,3,3,2,2,2,3,3,3,3,2,3,2,3,2,3,3,2,3,3,3,3,2,2,3,2,2,2,3,2,2,2,3,3,3,2 ks=0,0,0,0,0,0,0,0,254,0,0,0,242,0,0,51,0,0,0,0,121,190,254,18,0,0,0,0,0,0,0,0,0,0,0,0,0,0,0,0,0,0,0,0,0,0,0,0,0,0,0,0,0,0,0,0,0,0,0,0,0,0,0,0
00282 features=357 size=8 p=5 tap=30 reset=false scheme=1 ops=3,3,3,3,3,0,0,3,0,0,0,3,3,3,3,3,3,0,3,3,3,3,3,3,3,3,0,3,3,0,0,3,0,3,3,3,0,3,3,3,3,3,3,0,0,0,3,3,3,0,3,0,3,0,3,0,0,3,3,0,3,3,3,3 ks=0,0,0,0,0,0,0,0,0,0,0,0,0,255,0,0,0,0,0,0,0,195,190,127,0,0,0,128,127,0,0,2,0,0,0,0,64,0,0,0,0,0,0,0,0,0,0,0,0,0,0,0,0,0,0,0,0,0,0,0,0,0,0,0
00283 features=1005 size=3 p=5 tap=52 reset=true scheme=4 ops=0,1,3,3,3,0,3,3,3,0,0,0,0,3,3,0,3,3,3,0,0,0,3,3,3,3,0,0,3,0,0,3,3,3,3,0,3,0,0,3,0,3,0,0,3,0,3,3,0,0,0,3,1,0,0,3,3,0,0,0,0,3,3,3 ks=0,0,0,0,0,0,0,0,0,0,0,0,0,0,0,0,0,0,0,0,0,0,0,0,0,0,0,0,0,0,0,0,0,0,0,0,0,0,0,0,0,0,0,2,0,0,0,0,0,0,0,0,128,0,0,0,0,0,0,0,0,0,0,32
00284 features=640 size=10 p=5 tap=17 reset=true scheme=4 ops=3,3,3,3,3,0,2,3,3,2,2,3,2,3,0,3,3,3,3,2,3,3,3,3,3,3,3,3,3,0,0,3,3,2,0,3,3,3,0,3,3,3,3,3,3,3,3,3,3,2,3,0,3,3,2,3,3,0,3,0,3,3,3,3 ks=0,0,0,0,0,0,0,196,0,0,0,0,0,127,0,58,4,79,0,0,249,195,190,0,0,0,0,0,0,0,0,0,0,0,0,0,252,0,0,0,0,0,0,0,0,0,0,0,0,0,0,0,0,0,0,0,0,0,0,0,0,0,0,252
00285 features=462 size=8 p=5 tap=52 reset=true scheme=3 ops=3,1,3,3,3,3,3,3,3,2,3,2,2,3,1,3,3,3,3,1,1,3,3,3,3,3,1,2,3,3,2,1,3,3,3,1,3,1,2,3,2,3,2,1,3,3,3,3,1,1,1,3,3,1,3,3,2,2,1,1,1,3,3,3 ks=0,254,0,0,0,0,0,0,0,0,0,0,0,0,0,0,0,0,0,254,0,0,0,0,0,0,0,0,0,0,0,0,0,0,0,0,0,0,17,0,20,0,0,0,0,0,0,0,0,1,0,0,0,0,0,0,0,25,0,0,0,2,0,32
00286 features=603 size=8 p=5 tap=17 reset=false scheme=1 ops=2,3,3,2,1,2,1,3,2,0,0,1,1,3,2,1,3,3,2,3,3,3,3,3,3,3,3,1,3,1,1,3,1,2,1,0,0,0,0,0,2,2,0,0,2,1,1,1,1,1,1,1,1,1,0,3,0,0,0,0,0,3,3,2 ks=0,0,0,0,0,0,0,0,0,0,0,0,0,0,0,0,0,79,0,0,249,131,2,0,0,0,0,0,0,0,0,0,0,0,0,0,0,0,0,0,0,0,0,0,0,0,0,0,0,0,254,0,0,0,0,0,0,25,0,0,0,2,222,0
00287 features=770 size=10 p=5 tap=30 reset=true scheme=0 ops=3,3,3,3,3,0,0,3,0,0,0,3,3,3,3,3,3,3,3,0,3,3,3,3,3,3,0,3,3,0,0,3,0,3,3,3,0,3,3,3,3,3,0,0,2,1,1,1,1,1,1,1,1,1,0,3,0,3,3,2,3,3,3,3 ks=0,0,0,135,0,0,0,0,0,0,0,0,0,0,0,0,0,0,0,0,0,195,190,0,0,0,0,0,1,0,0,0,0,0,0,0,64,0,0,218,0,0,0,0,0,0,0,0,191,0,254,0,0,0,0,0,0,0,0,127,0,0,2,0
00288 features=474 size=9 p=5 tap=52 reset=false scheme=1 ops=0,0,3,3,3,0,3,3,3,0,0,0,0,3,0,0,3,3,3,0,0,0,3,3,3,3,0,0,0,0,0,3,3,3,3,0,3,0,0,3,0,3,0,0,3,0,3,3,0,0,0,3,2,0,0,3,3,3,0,0,0,3,3,3 ks=0,0,0,253,140,0,0,0,0,0,0,0,0,0,0,0,0,56,0,0,0,0,0,0,0,0,0,0,0,0,0,0,101,0,0,0,0,0,17,0,20,0,0,0,0,0,0,0,0,0,1,0,0,0,0,0,0,25,0,0,0,0,0,32
00289 features=356 size=2 p=5 tap=30 reset=false scheme=1 ops=3,3,2,3,3,0,0,3,0,0,0,3,3,3,3,3,3,3,3,3,3,3,3,3,3,3,0,3,3,0,0,3,0,3,3,3,0,3,3,3,3,3,3,0,0,0,3,3,3,0,3,0,3,0,3,0,0,3,3,0,3,3,3,3 ks=0,0,0,0,0,0,0,0,0,0,0,0,0,0,0,0,0,0,0,0,0,0,0,127,0,0,0,0,1,0,0,0,0,0,0,0,0,0,0,0,0,0,0,0,0,0,0,0,0,0,0,0,0,0,0,0,0,0,0,0,0,0,0,0
00290 features=555 size=9 p=5 tap=17 reset=false scheme=1 ops=2,1,3,2,1,2,1,3,2,0,0,0,1,3,2,1,3,3,2,3,3,3,3,3,3,3,3,1,3,1,1,3,1,2,1,0,0,0,0,0,2,2,0,0,2,0,1,1,1,1,1,1,1,1,1,1,1,1,2,2,3,3,3,3 ks=0,0,0,0,0,0,0,0,254,0,0,0,0,0,0,0,0,79,0,0,249,193,2,0,0,0,0,0,0,0,0,0,0,0,0,0,0,0,0,0,0,0,0,0,0,0,34,0,0,0,254,0,0,0,0,0,0,0,0,0,0,4,0,32
00291 features=347 size=2 p=5 tap=30 reset=false scheme=1 ops=3,2,3,2,3,2,2,2,2,0,0,3,3,3,3,3,3,3,3,3,3,3,3,3,3,3,0,3,3,0,0,3,0,3,3,3,0,3,3,3,3,3,3,0,0,0,3,3,3,0,3,0,3,0,3,0,0,3,3,0,3,3,3,3 ks=0,0,0,0,0,0,0,0,0,0,0,0,0,0,0,0,0,0,0,0,0,0,190,0,0,0,0,0,1,0,0,0,0,0,0,0,0,0,0,0,0,0,0,0,0,0,0,0,0,0,0,0,0,0,0,0,0,0,0,0,0,0,0,0
00292 features=554 size=7 p=5 tap=60 reset=true scheme=3 ops=3,1,1,3,3,3,3,3,3,2,3,2,2,3,1,3,3,3,3,1,1,3,3,3,3,3,1,2,3,3,2,1,3,3,3,1,3,1,2,3,2,3,2,1,3,3,3,3,1,1,1,3,3,1,3,3,2,2,1,1,1,3,3,3 ks=0,0,0,0,0,0,0,0,0,0,0,0,0,0,0,0,0,0,0,0,0,0,0,0,0,0,0,0,0,177,0,0,0,0,0,0,0,0,17,0,20,0,0,0,0,0,0,0,0,1,0,0,0,0,0,0,0,25,0,0,0,2,0,32
00293 features=502 size=10 p=5 tap=16 reset=false scheme=5 ops=0,1,3,2,1,2,1,3,2,0,0,1,1,3,2,1,3,3,2,3,3,3,3,3,2,3,3,1,3,1,2,1,3,2,1,0,0,0,1,3,1,3,0,3,2,0,2,1,2,0,2,3,3,0,0,3,0,0,0,1,1,0,3,1 ks=0,0,0,0,0,0,250,0,0,0,0,0,0,0,223,0,0,0,0,215,249,195,127,0,0,0,0,0,0,0,0,0,0,0,0,30,0,0,0,0,0,0,0,0,0,0,0,254,0,0,0,0,8,252,0,0,0,0,0,0,0,0,0,0
00294 features=703 size=10 p=5 tap=16 reset=false scheme=5 ops=0,1,3,2,1,2,1,3,2,0,0,1,1,3,2,1,3,3,2,3,2,3,3,3,2,3,3,1,3,1,1,3,1,2,1,0,0,0,0,3,1,3,0,0,2,0,2,1,2,0,2,2,3,0,0,3,0,0,0,0,1,0,3,1 ks=0,0,0,0,0,0,0,0,0,0,0,0,0,0,223,0,0,79,0,215,249,195,127,0,0,0,0,0,0,0,0,0,0,0,0,0,0,0,0,128,0,0,0,0,0,0,0,0,0,0,0,0,0,0,0,0,0,25,0,0,126,4,0,0
00295 features=417 size=9 p=5 tap=52 reset=true scheme=3 ops=3,1,3,3,3,3,3,3,3,2,3,2,2,3,1,3,3,3,3,1,1,3,3,3,3,3,0,3,3,3,2,3,3,3,3,1,3,1,2,3,2,3,2,1,3,0,3,3,1,1,1,3,3,1,3,3,1,0,1,1,1,3,3,3 ks=0,0,0,0,0,0,0,0,0,0,0,0,0,0,0,1,0,0,0,254,0,0,0,0,0,0,0,0,0,0,0,0,0,0,0,0,0,0,17,0,20,0,0,0,0,0,0,0,0,1,0,0,0,0,253,0,0,25,0,0,0,2,0,32
00296 features=568 size=11 p=10 tap=52 reset=true scheme=3 ops=3,1,3,3,3,3,1,3,3,2,3,2,2,3,1,3,3,3,3,1,1,3,3,3,3,3,1,2,3,3,2,1,1,2,1,0,0,0,0,0,2,3,1,1,3,3,3,3,1,1,1,3,3,1,3,3,2,2,1,1,1,3,3,3 ks=0,0,0,0,0,0,0,0,0,0,0,0,33,0,0,0,0,0,2,250,0,0,0,0,0,0,0,0,0,0,0,0,0,0,0,0,0,0,0,0,20,0,0,0,0,0,0,0,0,1,0,0,192,8,0,0,0,25,0,0,0,2,253,32
00297 features=477 size=9 p=5 tap=52 reset=true scheme=3 ops=3,1,3,3,3,3,3,3,3,2,3,2,2,3,1,3,3,3,3,1,1,3,3,3,3,3,1,2,3,3,2,1,3,3,3,1,3,1,2,3,2,3,2,1,3,3,3,3,1,1,1,3,3,1,3,3,2,2,1,1,1,3,3,3 ks=0,254,0,0,0,0,0,0,0,0,0,0,0,0,0,0,0,0,0,254,0,0,0,0,0,0,0,0,0,0,0,0,0,0,0,0,0,0,17,0,20,0,0,0,0,0,0,0,0,1,0,0,0,0,0,0,0,25,0,255,0,2,0,32
00298 features=370 size=2 p=10 tap=30 reset=false scheme=1 ops=3,2,3,2,3,2,2,2,2,0,0,3,3,3,3,3,3,3,3,3,3,3,3,3,3,3,0,3,3,0,0,3,0,3,3,3,0,3,3,3,3,3,3,0,0,0,3,3,3,0,0,0,3,0,3,0,0,3,3,0,3,3,3,3 ks=0,0,0,0,0,0,0,0,0,0,0,0,0,0,0,0,0,0,0,0,0,0,190,0,0,0,0,0,1,0,0,0,0,0,0,0,0,0,0,0,0,0,0,0,0,0,0,0,0,0,0,0,0,0,0,0,0,0,0,0,0,0,0,0
00299 features=574 size=9 p=5 tap=17 reset=false scheme=1 ops=2,1,3,2,1,2,1,3,2,0,0,0,1,3,2,1,3,3,2,3,3,3,3,3,3,3,3,1,3,1,1,3,1,2,1,0,0,0,0,0,2,2,0,0,2,0,1,1,1,1,1,1,1,1,1,1,1,1,2,2,3,3,3,3 ks=0,0,0,0,0,0,253,0,254,0,0,0,0,0,0,0,0,79,0,0,0,193,2,0,0,0,0,0,0,0,0,0,0,0,0,0,0,0,0,0,0,0,0,0,0,0,34,0,0,0,254,0,0,0,0,0,0,0,0,0,0,4,0,34
00300 features=375 size=9 p=5 tap=17 reset=false scheme=0 ops=2,3,3,2,1,2,1,3,2,0,0,1,1,3,2,3,3,3,2,3,3,3,3,3,2,3,3,3,3,2,1,2,2,2,2,3,1,3,2,3,3,3,1,1,1,1,1,1,1,1,1,1,1,1,1,1,1,1,2,2,3,3,3,2 ks=0,0,0,0,0,0,1,0,0,0,0,0,0,0,0,51,0,79,0,0,249,190,254,0,0,0,0,0,0,0,0,0,0,0,0,0,64,0,0,0,0,186,0,0,0,0,0,0,0,0,0,0,0,0,0,0,0,0,203,0,0,0,0,0
00301 features=435 size=9 p=5 tap=17 reset=false scheme=1 ops=2,3,3,2,1,2,1,3,2,0,0,1,1,3,2,1,3,3,2,2,3,3,3,3,2,3,1,3,3,2,1,3,2,2,2,3,2,3,2,3,3,3,1,1,1,1,1,1,1,1,1,1,1,1,1,1,1,1,2,2,3,3,3,2 ks=0,0,0,4,0,0,1,0,0,0,0,0,0,0,0,0,0,79,0,0,249,195,190,0,0,0,0,0,234,0,0,0,0,0,0,0,0,0,0,0,0,0,0,0,0,0,0,0,0,0,254,0,0,0,0,0,0,0,203,0,0,0,0,0
00302 features=352 size=3 p=5 tap=30 reset=false scheme=1 ops=3,2,3,2,3,2,2,2,2,0,0,3,3,3,3,3,3,3,3,3,3,3,3,3,3,3,0,3,3,0,0,3,0,3,3,3,0,3,3,3,3,3,3,0,0,0,3,3,3,0,0,0,3,0,3,0,0,3,3,0,3,3,3,3 ks=0,0,0,0,0,0,0,0,0,0,0,0,0,0,0,0,0,0,0,0,0,0,190,0,0,0,0,0,1,0,0,0,0,0,0,0,0,0,0,0,0,0,0,255,0,0,0,0,0,0,0,0,0,0,0,0,0,0,0,0,0,0,0,0
00303 features=766 size=8 p=5 tap=52 reset=true scheme=3 ops=0,0,3,3,3,0,3,3,3,3,0,0,0,3,0,0,3,2,3,0,0,0,3,3,3,3,0,0,3,0,0,3,3,3,3,0,3,0,0,3,3,3,3,0,2,0,2,1,2,0,0,3,3,0,0,3,0,0,0,0,0,3,3,0 ks=0,0,0,0,144,0,0,0,0,0,0,0,2,0,1,0,0,0,0,0,0,0,0,0,0,0,0,0,0,0,0,0,1,0,151,8,0,0,0,0,0,0,0,0,0,0,0,0,0,0,0,0,0,0,128,0,0,25,0,0,0,0,0,0
00304 features=521 size=13 p=5 tap=16 reset=false scheme=5 ops=0,1,3,2,1,2,1,3,2,0,0,1,1,3,2,1,3,3,2,3,3,3,3,3,2,3,3,1,3,1,1,3,1,2,1,0,0,0,1,3,1,3,0,3,2,0,2,1,2,0,2,3,3,0,0,2,2,2,2,2,3,3,3,2 ks=0,0,0,0,0,0,250,0,0,0,0,0,0,0,223,0,0,0,0,215,249,195,127,0,0,0,0,0,0,0,0,0,0,0,0,0,0,0,0,2,0,0,252,0,0,0,0,254,0,0,0,0,8,252,0,0,0,252,0,127,0,0,0,0
00305 features=722 size=9 p=5 tap=52 reset=true scheme=3 ops=0,3,3,3,0,3,3,3,3,0,3,3,3,3,3,3,3,2,3,0,0,0,3,2,0,3,0,0,3,0,0,3,3,3,3,0,3,0,0,3,0,3,0,0,3,0,2,3,0,0,0,3,3,0,0,3,0,0,0,0,0,3,3,3 ks=0,0,0,0,0,0,0,0,0,0,0,0,0,0,0,0,0,0,0,0,0,252,0,0,0,0,0,0,0,0,0,0,1,0,0,0,0,0,17,255,145,0,0,0,0,0,0,0,0,0,0,0,0,0,128,0,0,27,0,0,0,254,0,128
00306 features=762 size=10 p=5 tap=12 reset=true scheme=3 ops=0,0,3,3,3,0,3,3,3,3,0,0,0,3,0,0,3,2,3,0,0,0,3,3,3,3,0,0,3,0,0,3,3,3,3,0,3,0,0,3,0,3,0,0,3,0,3,3,1,0,1,3,3,0,0,3,0,0,0,0,0,3,3,3 ks=0,0,0,0,144,0,0,0,0,0,0,0,0,0,0,0,0,0,0,0,0,0,0,0,0,0,0,0,0,0,0,0,1,0,151,8,0,0,17,255,22,0,0,0,0,0,0,0,0,0,0,0,0,0,0,0,0,25,0,0,0,2,0,128
00307 features=523 size=8 p=5 tap=17 reset=false scheme=3 ops=2,3,3,2,1,2,1,3,2,0,0,1,1,3,2,1,1,3,2,3,3,3,3,3,2,3,3,1,3,1,1,3,1,2,1,0,0,0,0,0,2,2,0,0,2,1,1,1,1,1,1,1,1,1,0,3,0,0,0,1,3,3,3,2 ks=0,0,0,0,0,0,0,0,0,0,0,0,0,0,0,0,0,79,0,215,0,195,254,0,0,0,0,0,0,0,0,0,0,0,254,0,0,0,0,0,0,0,0,0,0,0,0,0,255,0,254,0,0,0,0,0,0,0,253,0,0,0,0,0
00308 features=745 size=13 p=5 tap=52 reset=true scheme=3 ops=2,0,3,3,3,0,3,3,3,0,0,1,1,3,2,1,2,3,2,0,0,0,3,3,3,3,0,0,3,0,0,1,3,3,3,0,3,2,1,1,0,3,0,0,3,1,3,3,0,0,0,3,3,0,0,3,0,0,0,0,0,3,3,1 ks=64,0,0,0,226,0,0,0,0,0,0,0,0,0,0,4,0,0,0,0,0,0,0,0,0,3,0,0,0,8,0,0,0,0,0,8,0,0,17,0,20,0,0,0,0,0,0,0,0,0,0,0,8,252,0,0,0,25,0,0,0,2,0,40
00309 features=394 size=6 p=2 tap=16 reset=false scheme=5 ops=2,2,3,2,3,2,2,3,2,2,3,2,3,3,0,3,3,3,2,3,3,3,3,3,2,3,3,3,3,3,3,2,2,2,3,3,3,3,2,3,2,3,2,3,3,2,3,3,3,3,2,2,3,2,2,2,3,2,2,2,3,3,3,2 ks=0,0,0,0,0,0,0,0,254,0,0,0,0,0,0,51,0,0,0,0,121,190,254,18,0,0,0,0,0,0,0,0,0,0,0,0,0,0,0,0,0,0,0,0,0,0,0,0,0,0,0,0,0,0,0,0,0,0,0,0,0,0,0,0
00310 features=639 size=10 p=5 tap=16 reset=true scheme=4 ops=3,3,3,3,3,0,1,3,1,3,2,3,1,3,0,3,3,3,3,3,3,3,3,3,1,3,3,3,3,0,0,3,3,1,0,3,3,3,0,3,3,3,3,0,3,1,0,0,3,3,3,0,3,1,1,1,0,1,3,1,3,3,3,3 ks=255,0,0,0,0,0,0,196,0,0,0,0,0,127,0,0,4,79,0,0,249,195,190,0,0,0,0,0,0,0,0,0,0,0,51,0,0,0,0,0,0,0,0,0,0,0,0,0,0,0,0,0,0,0,0,0,0,0,0,0,0,0,0,252
00311 features=556 size=7 p=5 tap=17 reset=false scheme=1 ops=2,3,3,2,1,2,1,3,2,1,0,1,1,3,2,1,3,3,2,3,3,3,3,3,3,3,3,1,3,1,1,3,1,2,1,0,0,0,0,3,1,3,0,0,1,1,1,1,1,1,1,1,1,1,0,3,0,0,0,0,0,3,3,2 ks=0,0,0,0,0,0,0,0,0,0,0,0,0,0,0,0,0,79,0,0,0,195,2,0,0,0,0,0,0,0,0,0,0,0,0,0,0,0,0,0,0,0,0,0,0,0,187,0,0,0,254,0,0,0,0,0,0,25,0,0,0,2,0,0
00312 features=769 size=8 p=5 tap=12 reset=true scheme=3 ops=0,0,3,3,3,0,3,3,3,3,0,0,0,3,0,0,3,2,3,0,0,0,3,3,3,3,0,0,3,1,1,3,1,2,3,0,3,0,0,3,0,3,0,0,3,0,3,3,1,0,1,3,3,0,0,3,0,0,0,0,0,3,3,3 ks=0,0,0,0,144,0,0,0,0,0,0,0,0,0,0,0,0,0,0,0,0,0,0,0,0,0,0,0,0,0,0,0,0,0,151,8,0,0,0,255,22,0,0,0,0,0,0,0,0,0,0,0,0,0,0,0,0,25,0,0,0,2,0,160
00313 features=587 size=4 p=5 tap=17 reset=false scheme=1 ops=2,3,3,2,0,3,3,3,2,0,0,3,0,3,2,2,3,3,2,3,3,3,3,3,2,3,3,1,3,1,1,3,2,2,2,3,2,3,3,3,3,3,3,2,2,2,2,2,0,2,2,2,3,2,2,2,2,2,2,2,3,3,3,2 ks=0,0,0,0,0,0,0,0,0,0,128,0,0,0,0,0,0,79,0,0,0,195,254,0,0,0,0,0,0,0,0,0,0,0,0,0,0,0,0,0,0,0,0,0,0,0,0,0,0,0,0,0,0,0,0,0,0,0,0,0,0,0,0,0
00314 features=425 size=9 p=5 tap=52 reset=true scheme=3 ops=3,1,3,3,3,3,3,3,3,2,3,2,2,3,1,3,3,3,3,1,1,3,3,3,3,3,1,2,3,3,2,1,3,3,3,1,3,1,2,3,2,3,2,1,3,3,3,3,1,1,1,1,3,1,3,3,2,2,1,1,1,3,3,3 ks=0,254,0,0,0,0,0,0,0,0,0,0,0,0,0,0,0,0,0,254,0,0,0,0,0,0,0,0,16,0,0,0,0,0,0,0,0,0,17,0,20,0,0,0,0,0,0,0,0,1,0,0,0,0,0,0,0,254,0,0,0,2,0,32
00315 features=501 size=12 p=5 tap=17 reset=false scheme=3 ops=2,3,3,2,1,2,1,3,2,0,0,1,1,3,2,0,3,3,2,3,3,3,3,3,3,3,3,1,3,1,1,3,1,2,1,0,0,0,0,0,2,2,0,0,2,1,1,1,1,1,1,1,1,1,0,1,0,0,0,1,3,3,3,1 ks=0,0,0,0,0,0,0,0,0,0,253,0,0,0,0,0,0,79,0,0,249,131,2,0,0,0,0,0,0,0,0,127,0,0,0,0,128,0,29,0,0,0,0,0,0,0,0,0,253,0,254,0,0,0,0,0,0,254,0,0,0,4,0,0
00316 features=1008 size=3 p=5 tap=52 reset=true scheme=4 ops=0,1,3,3,3,0,3,3,3,0,0,0,0,3,3,0,3,3,3,0,0,0,3,3,3,3,0,0,3,0,0,3,3,3,3,0,3,0,0,3,0,3,0,0,3,3,3,3,3,0,0,3,3,0,0,3,3,0,0,0,3,3,3,3 ks=0,0,0,0,0,0,0,0,0,0,0,0,0,0,0,0,0,0,0,0,0,0,0,0,0,0,0,0,0,0,0,0,0,0,0,0,0,0,0,0,0,0,0,0,0,0,0,0,0,0,0,128,128,0,0,0,0,0,0,0,0,0,0,28
00317 features=640 size=7 p=5 tap=17 reset=true scheme=3 ops=2,3,1,2,1,2,1,3,2,0,0,1,1,3,2,1,3,3,2,3,3,3,3,3,3,3,3,1,3,1,1,3,1,2,1,0,0,0,0,0,2,2,0,0,1,1,1,1,1,1,1,1,3,1,0,3,0,0,0,1,3,3,3,2 ks=0,0,0,0,0,0,0,0,0,0,0,0,0,0,0,0,0,79,0,0,249,131,2,0,0,0,0,0,0,0,0,127,0,0,0,0,0,0,0,0,166,0,0,0,0,0,0,0,0,0,0,0,0,0,0,0,0,0,0,0,0,4,0,0
00318 features=350 size=4 p=5 tap=30 reset=false scheme=1 ops=3,2,3,2,3,2,2,2,2,0,0,3,3,3,3,3,3,3,3,3,3,3,3,3,3,3,0,3,3,0,0,3,0,3,3,3,0,3,3,3,3,3,3,0,0,0,3,3,3,0,0,0,3,0,3,0,0,3,3,0,3,3,3,3 ks=0,0,0,0,0,0,0,0,0,0,0,0,0,0,0,0,0,0,0,0,0,0,190,0,0,0,0,0,1,0,16,0,0,0,0,0,0,0,0,0,0,0,0,255,0,0,0,0,0,0,0,0,0,0,0,0,0,0,0,0,0,0,0,0
00319 features=709 size=8 p=5 tap=52 reset=true scheme=3 ops=0,0,3,3,3,0,3,3,3,0,0,0,0,3,0,0,3,3,3,0,0,0,3,3,3,3,0,0,3,0,0,1,3,3,3,0,3,0,0,3,0,3,0,0,3,0,3,3,0,0,0,3,3,0,0,3,0,0,0,0,0,3,3,3 ks=0,0,0,0,0,0,0,0,0,0,0,0,0,0,1,255,0,0,0,0,0,0,0,0,0,0,0,0,0,0,0,0,0,0,0,8,0,0,17,0,20,0,0,0,0,0,0,0,0,0,0,0,0,0,0,0,0,25,0,0,0,2,0,32
00320 features=703 size=10 p=5 tap=30 reset=true scheme=1 ops=3,3,3,3,3,0,0,3,0,0,0,3,3,3,3,3,3,3,3,0,3,3,3,3,3,3,0,1,3,0,0,3,0,3,3,3,0,3,3,3,3,3,0,0,2,1,1,1,1,1,1,1,1,1,0,3,0,3,3,0,3,3,3,3 ks=0,0,0,135,0,0,0,0,0,0,0,0,0,0,0,0,0,0,0,0,0,195,190,0,0,0,0,0,1,0,0,0,0,0,0,0,64,0,0,218,0,0,0,0,0,0,0,0,255,0,254,0,0,0,0,0,0,0,0,127,0,0,2,0
00321 features=665 size=7 p=5 tap=63 reset=true scheme=3 ops=0,0,3,3,3,0,3,3,3,3,0,0,0,3,0,0,3,3,3,3,0,0,3,3,3,3,0,0,3,0,0,3,3,3,3,0,3,0,0,3,0,3,0,0,3,0,2,3,0,0,0,3,3,0,0,3,0,0,0,1,1,1,3,1 ks=255,0,0,0,0,0,0,0,0,0,0,0,0,254,0,0,0,0,0,0,0,0,0,0,0,0,0,0,0,0,0,0,1,0,0,0,0,0,0,255,0,0,255,0,0,0,0,0,0,0,0,0,0,0,0,0,0,25,0,0,0,4,0,0
00322 features=541 size=14 p=5 tap=10 reset=false scheme=5 ops=0,1,3,2,1,2,1,3,2,0,0,1,1,3,2,1,3,3,2,3,3,3,3,3,2,3,3,1,3,1,1,3,1,2,1,0,0,0,1,3,1,3,0,3,2,0,2,1,2,0,2,3,3,0,0,2,2,2,2,0,3,3,3,1 ks=0,0,0,0,0,0,254,0,0,0,0,223,0,0,223,0,0,0,0,215,249,195,127,0,0,0,0,0,0,0,0,0,0,0,0,0,0,0,0,2,0,0,252,0,0,0,0,254,0,0,0,0,8,252,0,0,0,252,0,0,0,0,0,32
00323 features=471 size=9 p=5 tap=17 reset=false scheme=1 ops=2,3,3,2,1,2,1,3,2,0,0,1,1,3,2,1,3,3,2,3,3,3,3,3,3,3,3,3,3,0,0,3,0,3,3,3,0,3,3,3,3,3,3,0,2,1,1,1,1,1,1,1,1,1,0,3,0,0,0,0,0,3,3,2 ks=0,0,0,0,0,0,0,0,0,0,0,0,0,0,0,0,0,79,0,0,249,195,2,0,0,0,0,0,0,0,0,0,0,0,0,0,64,0,0,0,0,0,0,0,0,0,0,0,255,0,254,0,0,0,0,0,0,25,0,0,0,2,0,0
00324 features=349 size=3 p=5 tap=28 reset=false scheme=1 ops=3,2,3,2,3,2,2,2,2,0,0,3,3,3,3,3,3,3,3,3,3,3,3,3,3,3,0,3,3,0,0,3,0,3,3,3,0,3,3,3,3,3,3,0,0,0,3,3,3,0,0,0,3,0,3,0,0,3,3,0,3,3,3,3 ks=0,0,0,0,0,0,0,0,0,0,0,0,0,0,0,0,0,0,0,0,0,0,190,0,0,0,0,0,1,0,0,0,0,0,0,0,0,0,0,0,0,0,0,255,0,0,0,0,0,0,0,0,0,0,0,0,0,0,0,0,0,0,0,0
00325 features=762 size=8 p=5 tap=12 reset=true scheme=3 ops=0,0,3,3,3,0,3,3,3,3,0,0,0,3,0,0,3,2,3,0,0,0,3,3,3,3,0,0,3,1,1,3,1,2,0,0,3,0,0,3,0,3,0,0,3,0,3,3,1,0,1,3,3,0,0,3,0,0,0,0,0,3,3,3 ks=0,0,0,0,144,0,0,0,0,0,0,0,0,0,0,0,0,0,0,0,0,0,0,0,0,0,0,0,0,0,0,0,0,0,151,8,0,0,0,255,22,0,0,0,0,0,0,0,0,0,0,0,0,0,0,0,0,25,0,0,0,2,0,160
00326 features=572 size=10 p=5 tap=17 reset=false scheme=3 ops=2,3,3,2,1,2,1,3,2,0,0,1,1,3,2,1,3,3,2,3,3,3,3,3,3,3,3,1,3,1,1,3,1,2,1,0,0,0,0,0,2,2,0,0,2,1,1,1,1,1,1,1,1,1,0,3,0,0,1,1,3,3,3,2 ks=0,0,0,0,0,0,0,0,0,0,0,0,0,0,0,0,0,159,0,0,249,131,2,0,0,0,0,0,0,0,0,0,206,0,0,0,0,0,0,0,166,0,0,0,0,0,0,0,255,0,254,0,0,0,0,0,0,25,0,0,0,4,0,0
00327 features=786 size=10 p=5 tap=52 reset=true scheme=3 ops=0,3,3,3,0,3,3,3,3,0,3,3,3,3,3,2,3,3,2,3,3,3,3,2,0,3,0,0,3,0,0,3,3,3,3,0,3,0,0,3,0,3,0,0,3,0,2,3,0,0,0,3,3,0,0,3,0,0,0,0,0,3,3,3 ks=0,0,0,0,0,0,0,0,0,0,0,0,0,0,0,0,0,4,0,215,0,195,0,0,0,0,0,0,0,0,0,0,1,0,0,0,0,0,17,255,145,0,0,0,0,0,0,0,0,0,0,0,0,0,128,0,0,27,0,0,0,0,0,128
00328 features=488 size=10 p=5 tap=17 reset=false scheme=1 ops=1,1,3,3,1,1,1,3,1,0,0,0,1,3,0,1,3,3,0,3,3,3,3,3,3,3,3,1,3,1,1,3,1,0,1,0,0,0,0,0,1,3,0,0,0,0,1,1,1,1,1,1,1,1,1,1,1,1,0,1,3,3,3,3 ks=0,0,0,0,0,0,0,0,254,0,0,0,0,0,0,0,0,79,0,0,249,193,2,0,0,0,0,0,0,0,0,0,0,0,0,0,0,0,0,0,0,0,0,0,0,0,34,0,0,0,254,0,0,0,0,0,0,0,255,0,0,4,0,32
00329 features=298 size=9 p=5 tap=17 reset=false scheme=1 ops=3,3,3,3,1,3,1,3,3,0,0,1,1,3,0,1,3,3,1,1,3,3,3,3,0,3,1,3,3,1,1,3,1,1,3,3,3,3,1,3,3,3,1,1,1,1,1,1,1,1,1,1,1,1,1,1,1,1,1,1,3,3,3,1 ks=0,0,0,0,0,0,1,0,0,0,0,0,0,0,128,0,0,79,0,0,249,195,190,0,0,0,0,0,0,0,0,0,0,0,0,0,0,0,0,0,0,0,0,0,0,0,0,0,0,0,254,0,0,0,0,0,0,0,203,0,0,0,0,148
00330 features=534 size=5 p=10 tap=16 reset=false scheme=5 ops=2,2,3,2,3,2,2,3,2,2,3,2,3,3,0,3,3,3,2,3,3,3,3,3,2,3,3,3,3,3,3,2,2,2,3,3,3,3,2,3,2,3,2,3,3,2,3,1,2,0,2,2,1,2,1,2,3,2,2,2,3,3,3,2 ks=0,0,0,0,0,0,0,0,0,0,0,0,0,0,0,144,0,0,0,0,121,190,254,18,0,0,0,0,0,0,0,0,0,0,0,0,0,0,0,0,0,0,0,0,0,0,0,0,0,0,0,0,0,0,0,0,0,0,0,0,0,0,0,0
00331 features=377 size=6 p=5 tap=30 reset=false scheme=1 ops=3,2,3,2,3,2,2,2,2,0,0,3,3,3,0,0,3,3,3,0,0,0,3,3,3,3,0,0,3,0,0,3,0,3,3,3,0,3,3,3,3,3,3,0,0,2,3,3,3,0,3,0,3,0,3,0,0,3,3,0,3,3,3,3 ks=0,0,0,0,0,0,254,0,0,0,0,0,91,0,1,0,0,0,0,0,0,0,0,1,0,0,0,0,1,0,0,0,128,0,0,0,0,0,0,0,0,0,0,0,0,0,0,0,0,0,0,0,0,0,0,0,0,0,0,0,0,0,0,0
00332 features=693 size=10 p=5 tap=30 reset=true scheme=1 ops=3,3,3,3,3,0,1,3,0,0,0,3,3,3,3,3,3,3,3,0,3,3,3,3,3,3,0,3,3,0,0,3,0,3,3,3,0,3,3,3,3,3,0,0,2,1,1,1,1,1,1,1,1,1,0,3,0,3,3,0,3,3,3,3 ks=0,0,0,135,0,0,0,0,0,0,0,0,0,0,0,0,0,0,0,0,0,195,190,0,0,0,0,0,1,0,0,0,0,0,0,0,64,0,0,218,0,0,0,0,0,0,0,0,255,0,254,0,0,0,0,0,0,0,0,127,0,0,2,0
00333 features=513 size=9 p=5 tap=17 reset=false scheme=1 ops=1,1,3,3,1,1,1,3,1,0,0,0,1,3,0,1,3,3,0,3,3,3,3,3,3,3,3,1,3,1,1,3,1,0,1,0,0,0,0,0,1,3,0,0,0,0,1,1,1,1,1,1,1,1,1,1,1,1,0,1,3,3,3,3 ks=0,0,0,0,0,0,0,0,0,0,0,0,0,64,0,0,0,79,0,0,249,193,2,0,0,0,0,0,0,0,0,0,0,0,0,0,0,0,0,0,0,0,0,0,0,0,34,0,0,0,0,0,0,0,0,0,0,0,255,0,0,4,0,32
00334 features=743 size=3 p=10 tap=30 reset=true scheme=1 ops=3,2,3,2,3,2,2,2,2,0,0,3,3,3,3,3,3,3,3,3,3,3,3,3,3,3,0,3,3,0,0,3,0,3,3,0,3,2,3,3,3,3,3,0,0,0,3,3,3,0,0,0,3,0,3,0,0,3,3,0,3,3,3,3 ks=0,0,0,0,0,0,0,0,0,0,0,0,0,0,0,0,0,0,0,0,0,0,190,0,0,0,0,0,1,0,0,0,0,0,0,8,0,0,0,0,0,0,0,0,0,0,0,0,0,0,0,0,0,0,0,0,0,0,0,0,0,0,0,0
00335 features=353 size=4 p=5 tap=30 reset=false scheme=1 ops=3,3,2,3,3,0,0,3,0,0,0,3,3,3,3,3,3,3,3,3,3,3,3,3,3,3,0,3,3,0,0,3,0,3,3,3,0,3,3,3,3,3,3,0,0,0,3,3,3,0,3,0,3,0,1,0,0,3,3,0,3,3,3,3 ks=0,0,0,0,0,0,0,0,0,0,0,0,0,0,0,0,0,0,0,0,0,0,0,127,0,0,0,0,1,0,0,0,189,0,0,0,0,0,0,0,0,0,0,0,0,0,0,0,0,0,0,0,0,0,0,0,0,8,0,0,0,0,0,0
00336 features=364 size=2 p=5 tap=52 reset=false scheme=0 ops=0,1,3,3,3,0,3,3,3,0,0,0,0,3,3,0,3,3,3,0,0,0,3,3,3,3,0,0,3,0,0,3,3,3,3,0,3,0,0,3,0,3,0,0,3,0,3,3,0,0,0,3,3,0,0,3,3,1,0,0,0,3,3,3 ks=0,0,0,0,0,0,0,0,0,0,0,0,0,0,0,0,0,0,255,0,0,0,0,0,0,0,0,0,0,0,0,0,0,0,0,0,0,0,0,0,0,0,0,0,0,0,0,0,0,0,0,0,128,0,0,0,0,0,0,0,0,0,0,0
00337 features=526 size=13 p=5 tap=16 reset=false scheme=5 ops=0,1,3,2,1,2,1,3,2,0,0,1,1,3,2,1,3,3,2,3,3,3,3,3,2,3,3,1,3,1,1,3,1,2,1,0,0,0,1,3,1,3,0,3,2,0,2,1,2,0,2,3,3,0,0,2,2,2,2,2,3,3,3,2 ks=0,0,0,0,0,0,250,0,0,0,0,0,0,0,221,0,0,0,0,215,249,195,127,0,0,0,0,0,0,0,0,0,0,0,0,0,0,0,0,2,0,0,252,0,0,0,0,254,0,0,0,0,8,252,0,0,0,252,0,127,0,0,0,0
00338 features=473 size=7 p=5 tap=16 reset=false scheme=5 ops=2,0,3,2,1,2,1,3,2,0,0,1,1,3,2,1,3,3,2,3,3,3,3,3,2,3,3,1,1,1,1,3,1,2,1,0,0,0,2,3,3,3,0,0,1,1,1,1,1,1,1,1,1,1,1,1,1,1,1,1,0,0,3,1 ks=0,0,0,64,0,0,0,0,0,0,0,0,0,0,0,0,0,0,0,215,217,195,254,0,0,0,0,0,0,0,0,0,0,0,0,0,0,0,253,0,0,0,0,0,0,0,0,0,0,0,0,8,0,0,0,0,0,0,0,0,0,0,0,0
00339 features=483 size=8 p=5 tap=52 reset=true scheme=3 ops=3,1,3,3,3,3,3,3,3,2,3,2,2,3,1,0,3,3,3,1,1,3,3,3,3,3,1,2,3,3,2,1,3,3,3,1,3,1,2,3,2,3,2,1,3,3,3,3,1,1,1,3,3,1,3,3,2,2,1,1,1,3,3,3 ks=0,0,0,0,0,0,0,0,0,0,0,0,0,0,0,0,0,0,128,254,0,0,0,0,0,0,0,0,0,0,0,0,0,0,0,0,0,0,17,0,20,0,0,0,0,0,0,0,0,1,0,0,0,0,253,0,0,0,0,0,0,2,0,32
00340 features=623 size=9 p=5 tap=52 reset=true scheme=3 ops=2,0,3,2,3,0,3,3,3,0,0,1,1,3,2,1,2,3,2,0,0,0,3,3,3,3,0,0,3,0,0,1,3,3,3,0,3,2,1,1,0,3,1,1,1,1,1,1,1,0,0,3,3,0,0,3,0,0,0,0,0,3,3,1 ks=0,0,0,0,226,0,0,0,0,0,0,0,0,0,0,4,0,0,0,0,0,0,0,0,0,0,0,0,0,0,254,0,0,0,0,8,0,0,17,0,20,0,0,0,0,0,0,0,0,0,0,0,0,0,0,0,0,25,0,0,0,2,0,32
00341 features=702 size=12 p=5 tap=52 reset=true scheme=3 ops=2,3,3,2,3,0,3,0,3,0,0,1,1,3,2,1,2,3,2,0,0,3,3,3,3,3,0,0,2,0,0,1,3,3,2,0,3,2,1,1,0,3,0,0,3,0,3,3,0,0,0,3,3,0,0,3,0,0,0,0,0,3,3,1 ks=0,0,0,0,226,0,0,0,0,0,0,0,0,0,0,4,0,0,0,0,0,0,0,0,0,0,1,0,0,254,0,0,0,0,0,8,0,0,17,0,20,0,0,0,0,0,0,0,0,0,0,0,0,252,0,0,0,25,0,0,253,2,0,32
00342 features=494 size=6 p=5 tap=17 reset=false scheme=3 ops=2,3,3,2,1,2,1,3,2,0,0,1,1,3,2,1,1,3,2,3,3,3,3,3,2,3,3,1,3,1,1,3,1,2,1,0,0,0,0,0,2,2,0,0,2,1,1,1,1,1,1,1,1,1,0,3,0,0,0,1,3,3,3,2 ks=0,0,0,0,0,0,0,0,0,0,0,0,0,0,0,0,0,79,0,215,0,131,254,0,0,0,0,0,0,0,0,0,0,0,0,0,0,0,0,0,0,0,0,0,0,0,0,0,255,0,0,0,0,0,0,0,0,0,253,0,0,0,0,0
00343 features=520 size=8 p=5 tap=17 reset=true scheme=3 ops=3,3,3,3,3,0,2,3,3,2,2,3,2,3,0,3,3,3,3,2,3,3,3,3,3,3,3,3,3,0,0,3,3,2,0,3,3,3,0,3,3,3,3,3,3,3,3,3,3,2,3,0,3,3,2,3,3,0,3,0,3,3,3,3 ks=0,0,0,0,0,0,0,196,0,0,0,0,0,127,0,58,4,79,0,0,0,211,190,0,0,0,0,0,0,0,0,0,0,0,0,0,0,0,0,0,0,0,0,0,0,0,0,0,0,0,0,0,0,0,0,0,0,0,0,0,0,0,0,252
00344 features=755 size=8 p=5 tap=12 reset=true scheme=3 ops=0,0,3,3,3,0,3,3,3,3,0,0,1,3,0,0,3,2,3,0,0,0,3,3,3,3,0,0,3,1,1,3,1,2,3,1,3,0,0,3,0,3,0,0,3,0,3,3,1,0,1,3,3,0,0,3,0,0,0,0,0,3,3,3 ks=0,0,0,0,144,0,0,0,0,0,0,0,0,0,0,0,0,0,0,0,0,0,0,0,0,0,0,0,0,0,0,0,0,0,151,8,0,0,0,255,22,0,0,0,0,0,0,0,0,0,0,0,0,0,0,0,0,25,0,0,0,2,0,160
00345 features=434 size=9 p=10 tap=52 reset=true scheme=3 ops=3,1,3,2,3,3,3,3,3,2,3,2,2,3,1,3,3,3,3,1,1,3,3,3,3,3,1,2,3,3,2,1,3,3,3,1,3,1,2,3,2,3,2,1,3,3,3,3,1,1,1,1,3,1,3,3,2,2,1,1,1,3,3,3 ks=0,254,0,0,0,0,0,0,0,0,0,0,0,0,0,0,0,0,0,254,0,0,0,0,0,0,0,0,16,0,0,0,0,0,0,0,0,0,17,0,20,0,0,0,0,0,0,0,0,1,0,0,0,0,0,0,0,254,0,0,0,2,0,32
00346 features=821 size=8 p=5 tap=52 reset=true scheme=3 ops=0,0,3,3,3,0,3,3,3,0,0,0,0,3,0,0,3,3,3,0,0,0,3,3,3,3,0,0,3,0,0,1,3,3,3,0,3,0,0,3,0,3,0,0,3,0,3,3,3,0,0,3,3,0,0,3,0,0,0,0,0,3,3,3 ks=0,0,0,0,0,0,0,2,0,0,0,0,0,0,1,0,0,0,0,0,0,0,0,0,0,0,0,0,0,0,0,0,0,0,0,8,0,0,17,0,20,0,0,0,0,0,0,0,0,0,0,0,0,0,0,0,0,25,0,0,0,2,0,32
00347 features=288 size=8 p=5 tap=17 reset=false scheme=1 ops=3,3,3,3,1,3,1,3,3,0,0,1,1,3,0,1,3,3,1,1,3,3,3,3,0,3,1,3,3,1,1,3,1,1,3,3,3,3,1,3,3,3,1,1,1,1,1,1,1,1,1,1,1,1,1,1,1,1,1,1,3,3,3,1 ks=0,0,0,0,0,0,1,0,0,0,0,0,0,0,128,0,0,79,0,0,249,195,190,0,0,0,0,0,0,0,0,0,0,0,0,0,0,0,0,0,0,0,0,0,0,0,0,0,0,0,254,0,0,0,0,0,0,0,203,0,0,0,0,0
00348 features=842 size=7 p=5 tap=20 reset=true scheme=3 ops=0,0,3,3,3,0,3,3,3,0,0,0,0,3,0,0,3,3,3,0,0,0,3,3,3,3,0,0,3,0,0,1,3,3,3,0,3,0,0,3,0,3,0,0,3,0,3,3,0,0,0,3,3,0,0,3,0,0,0,0,0,3,3,3 ks=0,0,0,0,0,0,0,0,0,0,0,0,0,0,1,0,0,0,0,0,0,0,0,0,0,0,0,0,0,0,0,0,0,0,0,8,0,0,17,0,20,0,0,0,0,0,0,0,0,0,0,0,0,0,0,0,0,25,0,0,0,2,0,32
00349 features=575 size=7 p=5 tap=17 reset=true scheme=3 ops=2,3,3,2,1,3,1,3,2,0,0,1,1,3,2,1,3,3,2,3,3,3,3,3,3,3,3,1,3,1,1,3,1,2,1,0,0,0,0,0,2,2,0,0,2,1,1,1,1,1,1,1,1,1,0,3,0,0,1,1,1,1,3,1 ks=0,0,0,0,0,0,0,0,0,0,0,0,0,0,0,0,0,79,0,0,249,129,2,0,0,0,0,0,0,0,0,0,0,0,0,1,0,0,0,0,0,0,0,0,0,0,0,0,255,0,0,0,0,0,0,0,0,0,252,0,0,0,0,0
00350 features=732 size=9 p=5 tap=12 reset=true scheme=3 ops=0,0,3,3,3,0,3,3,3,3,0,0,1,3,0,0,3,2,3,0,0,0,3,3,3,3,0,0,3,1,1,3,1,2,3,1,3,0,0,3,0,3,0,0,3,0,3,3,1,0,1,3,3,0,0,3,0,0,0,0,0,3,3,3 ks=0,0,0,0,144,0,0,0,0,0,0,0,0,0,0,0,0,0,0,0,0,0,0,0,0,0,0,0,0,0,0,0,0,0,151,8,0,0,0,255,22,252,0,0,0,0,0,0,0,0,0,0,0,0,0,0,0,25,0,0,0,2,0,160
00351 features=483 size=9 p=5 tap=52 reset=true scheme=3 ops=3,1,3,3,3,3,3,3,3,2,3,2,2,3,1,3,3,3,3,1,1,3,3,3,3,3,1,2,3,3,2,1,3,3,3,1,3,1,2,3,2,3,2,1,3,3,3,3,1,1,1,3,3,1,3,3,2,2,1,1,1,3,3,3 ks=0,0,0,0,0,0,0,0,0,0,0,0,0,0,0,0,0,0,128,254,0,0,0,0,0,0,0,0,0,0,0,0,0,0,0,0,0,0,17,0,20,0,0,16,0,0,0,0,0,1,0,0,0,0,253,0,0,0,0,0,0,2,0,32
00352 features=713 size=9 p=5 tap=12 reset=true scheme=3 ops=0,0,3,3,3,0,3,3,3,0,0,0,0,1,0,0,3,3,3,3,3,3,3,3,2,3,3,1,3,0,0,3,3,3,3,0,3,0,0,3,0,3,0,0,3,0,1,1,2,0,2,2,1,0,0,3,0,0,0,0,0,3,3,3 ks=0,0,0,0,0,0,0,0,0,0,0,0,0,0,1,0,0,0,0,215,0,0,254,0,0,0,0,0,0,0,0,0,0,0,0,8,0,0,17,0,20,0,0,0,0,0,0,0,0,0,0,0,0,0,0,0,0,29,0,0,0,2,0,32
00353 features=765 size=6 p=5 tap=12 reset=true scheme=3 ops=0,0,3,3,3,0,3,3,3,3,0,0,0,3,0,0,3,2,3,0,0,0,3,3,3,3,0,0,3,1,1,3,1,2,3,0,3,3,0,3,0,3,0,0,3,0,3,3,1,0,1,3,3,0,0,3,0,0,0,0,0,3,3,3 ks=0,0,0,0,144,0,0,0,0,0,0,0,0,0,0,0,0,0,0,0,0,0,0,0,0,0,0,0,0,0,0,0,0,0,151,8,0,0,0,0,0,0,0,0,0,0,0,0,0,0,0,0,0,0,0,0,0,25,0,0,0,2,0,160
00354 features=431 size=9 p=5 tap=52 reset=true scheme=3 ops=3,1,3,3,3,3,3,3,3,2,3,2,2,3,1,3,3,3,3,1,1,3,3,3,3,3,0,3,3,3,2,3,0,3,3,1,3,1,2,3,2,3,2,1,3,3,3,3,1,1,1,3,0,1,3,3,2,2,1,1,1,3,3,3 ks=0,0,0,0,0,0,0,0,0,0,0,0,0,0,0,1,0,0,0,254,0,0,0,0,0,0,0,0,0,0,0,0,0,0,0,0,0,0,17,0,20,252,0,0,0,0,0,0,0,1,0,0,0,0,253,0,0,0,0,0,0,2,0,32
00355 features=361 size=4 p=5 tap=30 reset=false scheme=1 ops=3,2,3,2,3,2,2,2,2,0,0,3,3,3,3,3,3,3,3,3,3,3,3,3,3,3,0,3,3,0,0,3,0,0,3,3,0,3,3,3,3,3,3,0,0,0,3,3,3,0,0,0,3,0,3,0,0,3,3,0,3,3,3,3 ks=0,0,0,0,0,0,0,0,0,0,0,0,0,0,0,0,0,0,0,0,0,0,190,0,0,0,0,0,1,0,16,0,0,0,0,0,0,0,0,0,0,0,0,255,0,0,0,0,0,0,0,0,0,0,0,0,0,0,0,0,0,0,0,0
00356 features=605 size=8 p=5 tap=52 reset=true scheme=3 ops=3,1,1,3,3,3,3,3,3,2,3,2,2,3,1,3,3,3,3,1,1,3,3,3,3,3,1,2,3,3,2,1,3,3,3,1,3,1,2,3,2,3,2,1,3,3,3,3,1,1,1,3,3,1,3,3,2,2,1,1,1,3,3,3 ks=0,0,0,0,0,0,0,0,0,0,0,0,0,0,0,0,0,0,0,0,0,0,0,0,0,0,0,0,0,177,0,0,0,0,0,0,0,0,17,0,20,0,0,0,1,0,0,0,0,1,0,0,0,0,0,0,0,25,0,0,0,2,0,32
00357 features=725 size=7 p=5 tap=12 reset=true scheme=3 ops=0,0,3,3,3,0,3,3,3,3,0,0,0,3,0,0,3,2,3,0,0,0,3,3,3,3,0,0,3,1,1,3,1,2,1,0,0,0,0,0,2,2,1,0,2,0,3,3,1,0,1,3,3,0,0,3,0,0,0,0,0,3,3,3 ks=0,0,0,0,144,0,0,0,0,0,0,0,0,0,0,0,0,0,0,0,0,0,0,0,0,0,0,0,0,0,0,0,0,0,0,0,0,0,0,254,166,0,0,0,0,0,0,8,0,0,0,0,0,0,0,0,0,25,0,0,0,2,0,160
00358 features=659 size=7 p=5 tap=17 reset=true scheme=3 ops=2,3,1,2,1,2,1,3,2,0,0,1,1,3,2,1,3,3,2,3,3,3,3,0,3,3,3,1,3,1,1,3,1,2,1,0,0,0,0,0,2,2,0,0,1,1,1,1,1,1,1,1,3,1,0,3,0,0,0,1,3,3,3,2 ks=0,0,0,0,0,0,0,0,0,0,0,0,0,0,0,0,0,79,0,0,249,131,2,0,0,0,0,0,0,0,0,127,0,0,0,0,0,0,0,0,166,0,0,0,0,0,0,0,0,0,0,0,0,0,0,0,0,0,0,0,0,4,0,0
00359 features=670 size=6 p=5 tap=17 reset=true scheme=3 ops=2,3,1,2,1,2,1,3,2,0,0,1,1,3,2,1,3,3,2,3,3,3,3,0,3,3,3,1,3,1,1,3,1,2,1,0,0,0,0,0,2,2,0,0,1,1,1,1,1,1,1,1,3,1,0,3,0,0,0,1,3,3,3,2 ks=0,0,0,0,0,0,0,0,0,0,0,0,0,0,0,0,0,79,0,0,0,131,2,0,0,0,0,0,0,0,0,127,0,0,0,0,0,0,0,0,166,0,0,0,0,0,0,0,0,0,0,0,0,0,0,0,0,0,0,0,0,4,0,0
00360 features=389 size=4 p=5 tap=52 reset=false scheme=5 ops=0,1,3,3,3,0,3,0,3,0,0,0,0,3,3,0,3,3,3,0,0,0,3,3,3,3,0,0,3,0,0,3,3,3,3,0,3,0,0,3,0,3,0,0,3,0,3,3,0,1,1,3,3,0,0,3,3,0,0,0,0,3,3,3 ks=0,0,0,0,0,0,0,0,0,0,0,0,0,0,0,0,0,0,0,0,0,0,0,0,0,0,0,0,0,0,0,0,0,0,0,0,0,0,1,0,0,0,0,0,0,0,0,0,0,0,0,0,128,0,44,0,0,0,0,0,0,0,0,32
00361 features=681 size=12 p=5 tap=17 reset=true scheme=3 ops=2,3,3,2,1,2,1,3,2,0,0,1,1,3,2,1,3,3,2,3,3,3,3,3,3,3,3,1,3,1,1,1,1,2,1,0,0,0,0,0,2,2,0,0,2,1,1,1,1,1,1,1,1,1,0,3,0,0,0,1,3,3,3,2 ks=0,0,28,0,0,0,0,0,0,0,0,0,0,0,143,0,0,79,0,0,249,131,2,0,0,0,0,0,0,0,0,45,0,0,0,0,0,0,0,0,166,0,0,0,0,0,0,0,255,0,254,0,0,0,0,0,0,25,0,0,0,4,0,0
00362 features=488 size=9 p=5 tap=17 reset=false scheme=3 ops=2,3,3,2,1,2,1,3,2,0,0,1,1,3,2,1,1,3,2,3,1,3,3,3,2,3,3,1,3,1,1,3,1,2,1,0,0,0,0,0,2,2,0,0,2,1,1,1,1,1,1,1,1,1,0,3,0,0,0,1,3,3,3,2 ks=0,0,0,0,0,32,0,0,0,0,0,0,0,0,0,0,0,79,0,215,0,195,254,0,0,0,0,0,0,0,0,0,0,0,254,0,0,0,0,0,0,0,0,0,0,0,0,0,255,0,0,0,0,0,0,27,0,0,253,0,0,0,0,0
00363 features=351 size=5 p=5 tap=30 reset=false scheme=1 ops=3,2,3,2,3,2,2,2,2,0,0,3,3,3,3,3,3,3,3,3,3,3,3,3,3,3,0,3,3,0,0,3,0,3,3,3,0,3,3,3,3,3,3,0,0,0,3,3,3,0,0,0,3,0,3,0,0,3,3,0,3,3,3,3 ks=0,0,0,0,0,0,0,0,0,0,0,0,0,0,0,0,0,0,0,0,0,0,190,0,0,0,0,0,1,0,16,0,0,0,0,0,0,0,0,0,0,0,0,255,0,156,0,0,0,0,0,0,0,0,0,0,0,0,0,0,0,0,0,0
00364 features=492 size=9 p=5 tap=52 reset=true scheme=3 ops=3,1,3,3,3,3,3,3,3,2,3,2,2,3,1,3,3,3,3,1,1,3,3,3,3,3,0,3,3,3,2,3,3,3,3,1,3,1,2,3,2,3,2,1,3,3,3,3,1,1,1,3,3,1,3,3,2,2,1,0,1,3,3,3 ks=0,0,0,0,0,0,0,0,0,0,0,0,0,0,0,1,0,0,0,254,0,0,0,0,0,0,0,0,0,0,0,0,0,0,0,0,0,0,17,0,20,0,0,16,0,0,0,0,0,1,0,0,0,0,253,0,0,0,0,0,0,2,0,32
00365 features=714 size=7 p=5 tap=17 reset=true scheme=3 ops=2,3,1,2,1,2,1,3,2,0,0,1,1,3,2,1,3,3,2,3,3,3,3,3,3,3,3,1,3,2,0,3,2,2,2,3,2,3,2,3,3,3,0,2,2,1,1,1,1,1,1,1,3,1,0,3,0,0,0,1,3,3,3,2 ks=0,0,0,0,0,0,0,0,0,0,0,0,0,4,0,0,0,79,0,0,249,131,2,0,0,0,0,0,0,0,0,0,0,0,0,0,64,0,0,0,0,0,0,0,0,0,0,0,0,0,0,0,0,0,0,0,0,0,0,0,0,4,0,0
00366 features=750 size=11 p=5 tap=12 reset=true scheme=3 ops=0,0,3,3,3,0,3,3,3,0,0,0,0,1,0,0,3,3,3,3,3,3,3,3,2,3,3,1,3,0,0,3,3,3,3,0,3,0,0,3,0,3,0,0,3,0,3,3,0,0,0,3,3,0,0,3,0,0,0,0,0,3,3,3 ks=0,0,0,0,0,0,0,0,0,0,143,0,254,0,1,0,0,0,0,215,0,0,254,0,0,0,0,0,0,0,0,0,0,0,0,8,0,0,17,0,20,0,0,0,0,0,0,0,0,0,0,0,0,0,0,0,0,29,0,0,0,2,0,32
00367 features=748 size=10 p=5 tap=12 reset=true scheme=3 ops=0,0,3,3,3,0,3,3,3,0,0,0,0,1,0,0,3,3,3,3,3,3,3,3,2,3,3,1,3,0,0,3,3,3,3,0,3,0,0,3,0,3,0,0,3,0,3,3,0,0,0,3,3,0,0,3,0,0,0,0,0,3,3,3 ks=0,0,0,0,0,0,0,0,0,0,0,0,0,0,1,0,0,0,0,215,0,0,254,0,0,0,0,0,0,0,0,0,0,0,0,8,0,4,17,0,20,0,0,0,0,0,0,0,0,0,0,0,0,0,0,0,0,29,0,0,0,2,0,32
00368 features=370 size=4 p=5 tap=30 reset=false scheme=1 ops=3,2,3,2,3,2,2,2,2,0,0,3,3,3,3,3,3,3,3,1,3,3,3,3,3,3,0,3,3,0,0,3,0,3,3,3,0,3,3,3,3,3,3,0,0,0,3,3,3,0,0,0,3,0,3,0,0,3,3,0,3,3,3,3 ks=0,0,0,0,0,0,0,0,0,0,0,0,0,0,0,0,0,0,0,0,0,0,190,0,0,0,0,0,1,0,16,0,0,0,0,0,0,0,0,0,0,0,0,255,0,0,0,0,0,0,0,0,0,0,0,0,0,0,0,0,0,0,0,0
00369 features=680 size=9 p=5 tap=30 reset=true scheme=1 ops=3,3,3,3,3,0,0,3,0,0,0,3,3,3,3,3,3,3,3,0,3,3,3,3,3,3,0,1,3,0,0,3,0,3,3,3,0,3,3,3,3,3,0,0,2,1,1,1,1,1,1,1,1,1,0,3,0,3,3,0,3,3,3,3 ks=254,0,0,135,0,0,0,0,0,0,0,0,0,0,0,0,0,0,0,0,0,195,190,0,0,0,0,0,1,0,0,0,0,0,0,0,64,0,0,218,0,0,0,0,0,0,0,0,0,0,0,0,0,0,0,0,0,0,0,127,0,0,2,0
00370 features=348 size=8 p=5 tap=30 reset=false scheme=1 ops=3,3,2,3,3,0,0,3,0,0,0,3,3,3,3,3,3,3,3,3,3,3,3,3,3,3,0,3,3,0,0,3,0,3,3,3,0,3,3,3,3,3,3,0,0,0,3,3,3,0,3,0,3,0,3,0,0,3,3,0,3,3,3,3 ks=0,0,0,135,0,0,0,0,0,0,0,0,0,0,0,0,0,0,0,0,0,195,190,127,0,0,0,0,1,0,0,0,0,0,0,0,64,0,0,0,0,0,0,0,0,0,0,0,3,0,0,0,164,0,0,0,0,0,0,0,0,0,0,0
00371 features=328 size=10 p=5 tap=30 reset=false scheme=0 ops=3,3,3,3,3,0,0,3,0,0,0,3,3,3,3,3,3,3,3,3,3,3,3,3,3,3,0,3,3,0,0,3,2,3,3,3,0,3,3,3,3,3,3,0,0,0,3,3,3,0,3,0,3,0,3,0,0,3,3,0,3,3,3,3 ks=0,0,0,135,0,0,0,0,0,0,0,0,0,0,0,0,0,0,0,0,0,195,190,127,0,0,0,0,1,0,0,0,0,0,0,0,64,0,8,0,0,0,0,0,0,0,0,0,3,0,0,0,164,0,0,4,0,0,0,0,0,0,0,0
00372 features=434 size=5 p=1 tap=16 reset=false scheme=4 ops=3,0,3,2,1,2,1,3,2,0,0,1,1,3,2,1,3,3,2,3,3,3,3,3,2,3,3,1,3,1,1,3,1,2,1,0,0,0,0,3,1,3,0,0,1,1,1,1,1,1,1,1,1,1,1,1,1,1,1,1,0,0,3,1 ks=0,184,0,0,0,0,0,0,0,0,0,0,0,0,0,0,0,0,0,215,0,195,232,0,0,0,0,0,0,0,0,0,0,0,0,0,0,0,0,0,0,0,0,0,0,0,0,0,0,0,0,1,0,0,0,0,0,0,0,0,0,0,0,0
00373 features=557 size=5 p=5 tap=17 reset=false scheme=3 ops=2,3,3,2,1,2,1,3,2,0,0,1,1,3,2,1,1,3,2,3,3,1,3,3,2,3,3,1,3,1,1,3,1,2,1,0,0,0,0,3,0,3,0,0,3,0,3,3,0,0,0,3,1,1,0,3,0,0,0,1,3,3,3,2 ks=2,0,0,0,0,0,0,0,0,0,0,0,0,0,0,0,0,79,0,215,0,131,254,0,0,0,0,0,0,0,0,0,0,0,0,0,0,0,0,0,0,0,0,0,0,0,0,0,0,0,0,0,0,0,0,0,0,0,0,0,0,0,0,0
00374 features=853 size=10 p=5 tap=52 reset=true scheme=3 ops=0,0,3,3,3,0,3,3,3,0,0,0,0,3,0,0,3,3,3,0,0,0,3,3,3,3,0,0,3,0,0,3,3,3,3,0,3,0,0,3,0,3,0,0,3,0,3,3,0,0,0,3,3,0,0,3,0,0,0,0,0,3,3,3 ks=0,0,0,0,144,0,0,0,0,0,0,0,0,0,1,0,0,16,0,0,0,0,0,0,0,0,0,0,0,0,0,0,0,0,0,8,0,0,17,0,20,0,0,0,0,0,0,0,0,8,0,0,0,0,0,0,0,25,0,0,0,2,0,32
00375 features=718 size=9 p=5 tap=52 reset=true scheme=3 ops=0,3,3,3,0,3,3,3,3,0,3,3,3,2,3,3,3,2,3,2,0,1,3,2,0,3,0,0,3,0,0,3,3,3,3,0,3,0,0,3,0,3,0,0,3,0,2,3,0,0,0,3,3,0,0,3,0,0,0,0,0,3,3,3 ks=0,0,0,0,0,0,0,0,0,0,0,0,0,0,0,0,0,0,0,0,0,252,0,0,0,0,0,0,0,0,0,0,1,0,0,0,0,0,17,255,145,0,0,0,0,0,0,0,0,0,0,0,0,0,128,0,0,27,0,0,0,254,0,128
00376 features=584 size=11 p=10 tap=52 reset=true scheme=3 ops=3,1,3,3,3,3,1,3,3,2,3,2,2,3,1,1,3,3,3,1,1,3,3,3,3,3,1,2,3,3,2,1,1,2,1,0,0,0,0,0,2,3,1,1,3,3,3,3,1,1,1,3,3,1,3,3,2,2,1,1,1,3,3,3 ks=0,0,0,0,0,0,0,0,0,0,0,0,33,0,0,0,0,0,2,250,0,0,0,0,0,0,0,0,0,0,0,0,0,0,0,0,0,0,0,0,20,0,0,0,0,0,0,0,0,1,0,0,192,8,0,0,0,25,0,0,0,2,253,32
00377 features=335 size=7 p=5 tap=30 reset=false scheme=0 ops=3,3,3,3,3,0,0,3,0,0,0,3,3,3,3,3,3,3,3,3,3,3,3,3,3,3,0,3,3,0,0,3,2,3,3,3,0,3,3,3,3,3,3,0,0,0,3,3,3,0,3,0,3,0,3,0,0,3,3,0,3,3,3,3 ks=0,0,119,135,0,0,0,0,0,0,0,0,0,0,0,0,0,0,0,0,0,195,190,127,0,0,0,0,1,0,0,0,0,0,0,0,0,0,8,0,0,0,0,0,0,0,0,0,0,0,0,0,0,0,0,0,0,0,0,0,0,0,0,0
00378 features=615 size=10 p=5 tap=16 reset=false scheme=3 ops=2,1,3,2,1,2,1,3,2,0,0,1,1,3,2,1,3,2,2,3,3,3,0,3,2,3,3,1,3,1,1,3,1,2,1,0,0,0,0,3,1,3,0,0,2,0,2,1,2,0,2,2,1,2,1,2,1,3,0,1,0,0,3,1 ks=0,0,0,0,0,0,0,0,0,0,0,0,0,0,0,0,0,79,0,2,0,195,0,0,0,0,0,252,0,0,0,0,0,0,0,0,0,0,0,0,0,0,0,0,0,0,0,51,3,0,0,0,0,0,0,0,0,128,0,0,127,54,147,0
00379 features=383 size=10 p=5 tap=30 reset=false scheme=1 ops=3,3,2,3,3,0,0,2,0,0,0,3,3,3,3,3,3,3,3,3,3,3,3,3,3,3,0,3,3,0,0,3,0,3,3,3,0,3,3,3,3,3,3,0,0,0,2,3,3,0,3,0,3,0,3,0,0,3,3,0,3,3,3,3 ks=0,0,0,2,0,0,0,0,254,0,0,0,0,0,0,0,0,0,0,0,0,195,190,127,0,0,0,0,1,0,0,0,0,0,0,0,64,0,0,0,125,0,0,0,0,0,0,0,3,0,0,0,164,0,0,0,0,0,0,0,0,0,0,0
00380 features=799 size=11 p=5 tap=12 reset=true scheme=3 ops=0,0,3,3,3,0,3,3,3,0,0,0,0,3,0,0,3,3,3,0,0,0,3,3,3,3,0,0,3,1,1,3,1,2,3,0,3,0,0,3,0,3,0,0,3,0,3,3,1,0,1,3,3,2,0,3,0,0,0,0,0,3,3,3 ks=0,0,0,0,144,0,0,0,0,0,0,0,0,0,0,0,0,0,149,0,0,0,0,0,0,0,0,0,0,0,0,0,0,254,151,8,4,0,0,255,0,0,0,0,0,0,0,0,0,0,0,0,0,0,0,0,0,25,0,0,16,2,0,160
00381 features=705 size=9 p=5 tap=17 reset=true scheme=3 ops=2,3,1,2,1,2,1,3,2,0,0,1,1,3,2,1,3,3,2,3,3,3,3,3,3,3,3,1,3,2,0,3,2,2,2,3,2,3,2,3,3,3,0,2,2,1,1,1,1,1,1,1,3,1,0,3,0,0,0,1,3,3,3,2 ks=0,0,0,0,0,0,0,0,0,0,16,0,0,4,0,0,0,79,0,0,249,131,2,0,0,0,0,0,0,0,0,0,0,0,216,0,64,0,0,0,0,0,0,0,0,0,0,0,0,0,0,0,0,0,0,0,0,0,0,0,0,4,0,0
00382 features=549 size=12 p=5 tap=16 reset=false scheme=5 ops=0,1,3,2,1,2,1,3,2,0,0,1,1,3,2,1,3,3,2,3,3,3,3,3,2,3,3,1,3,1,1,3,1,2,1,0,0,0,1,3,1,3,0,3,2,0,2,1,2,0,2,3,3,0,0,2,2,2,2,2,3,3,3,2 ks=0,0,0,0,0,0,0,0,0,0,0,0,0,0,221,0,0,83,0,215,249,195,127,0,0,0,0,0,0,0,0,0,0,0,0,0,0,0,0,2,0,0,0,0,0,0,0,254,0,0,0,0,0,252,0,0,0,252,0,127,16,0,0,0
00383 features=348 size=8 p=5 tap=30 reset=false scheme=1 ops=3,3,2,3,3,0,0,3,0,0,0,3,3,3,3,3,3,3,3,3,3,3,3,3,3,3,0,3,3,0,0,3,0,3,3,3,0,3,0,3,3,3,3,0,0,0,3,3,3,0,3,0,3,0,3,0,0,3,3,0,3,3,3,3 ks=0,0,0,135,0,0,0,0,0,0,0,0,0,0,0,0,0,0,0,0,0,195,190,127,0,0,0,0,1,0,0,0,0,0,0,0,64,0,0,0,0,0,0,0,0,0,0,0,3,0,0,0,164,0,0,0,0,0,0,0,0,0,0,0
00384 features=578 size=10 p=10 tap=52 reset=true scheme=3 ops=3,1,3,3,3,2,1,3,3,2,3,2,2,3,1,3,3,3,3,1,1,3,3,3,3,3,1,2,3,3,2,1,1,2,1,0,0,0,0,3,2,3,1,1,3,3,3,3,1,1,1,3,3,1,3,3,2,2,1,1,1,3,3,3 ks=0,0,0,0,0,79,0,0,0,0,0,0,0,0,0,0,0,0,0,254,0,0,0,0,0,0,0,0,0,0,0,0,111,0,0,0,0,0,0,0,20,0,0,0,0,0,0,0,0,1,0,0,0,125,0,0,0,25,0,0,0,2,253,32
00385 features=567 size=13 p=10 tap=52 reset=true scheme=3 ops=3,1,3,3,3,3,1,3,3,2,3,2,2,3,1,3,3,3,3,1,1,3,3,3,3,3,1,2,3,3,2,1,1,2,1,0,0,0,0,0,2,3,1,1,3,3,3,3,1,1,1,3,3,1,3,3,2,2,1,1,1,3,3,3 ks=0,0,0,0,0,0,0,0,0,0,0,8,33,0,0,0,0,0,2,250,0,0,0,0,0,0,0,0,0,0,0,0,0,0,4,0,0,0,0,0,20,0,0,0,0,0,0,0,0,1,0,0,192,8,0,0,0,25,0,0,0,2,253,32
00386 features=496 size=7 p=5 tap=17 reset=false scheme=1 ops=2,3,3,2,1,2,1,3,2,1,0,1,1,3,2,1,3,3,2,3,3,3,3,3,3,3,3,1,3,1,1,3,1,2,1,0,0,0,0,3,1,3,0,0,1,1,1,1,1,1,1,1,1,1,0,3,0,0,0,0,0,3,3,2 ks=0,0,0,0,0,0,0,0,0,0,0,0,0,0,0,0,0,79,0,0,0,195,2,0,0,0,0,0,0,0,0,0,0,0,0,0,0,130,0,0,0,0,0,0,0,0,187,0,0,0,254,0,0,0,0,0,0,25,0,0,0,0,0,0
00387 features=460 size=9 p=10 tap=52 reset=true scheme=3 ops=3,1,3,2,3,3,3,3,3,2,3,2,2,3,1,3,3,3,3,1,1,3,3,3,3,3,1,2,3,3,2,1,3,3,3,1,3,1,2,3,2,3,2,1,3,3,3,3,1,1,1,1,3,1,3,3,2,2,1,1,1,3,3,3 ks=0,254,0,0,0,0,0,0,0,0,0,0,0,0,0,0,0,0,0,254,0,0,0,0,0,0,0,0,0,0,0,0,0,0,0,0,0,0,17,0,20,0,0,200,0,0,0,0,0,1,0,0,0,0,0,0,0,254,0,0,0,2,0,32
00388 features=326 size=9 p=1 tap=16 reset=false scheme=4 ops=3,0,3,2,1,2,1,3,2,0,1,1,1,3,2,1,3,3,2,3,3,3,3,3,2,3,3,1,3,1,2,1,3,3,3,1,3,1,2,3,0,3,2,1,3,3,3,1,1,1,1,1,1,1,1,1,1,1,1,1,0,0,3,1 ks=0,184,0,0,1,0,0,0,0,0,0,0,0,0,0,0,0,0,0,215,0,195,232,0,0,0,0,0,0,0,0,0,0,0,0,0,0,0,17,0,20,0,0,0,0,0,0,0,0,0,0,1,232,0,0,0,0,0,0,0,0,0,0,0
00389 features=337 size=3 p=5 tap=63 reset=false scheme=3 ops=3,3,3,3,3,2,3,3,3,2,3,2,3,3,3,2,3,3,2,0,2,2,3,3,1,3,3,3,3,0,0,3,3,1,3,2,3,3,2,3,3,3,1,1,1,1,1,1,1,3,2,3,3,3,3,0,1,0,0,1,2,3,3,3 ks=0,0,0,0,0,0,0,0,0,0,0,0,0,0,0,0,0,0,0,0,0,0,0,0,0,0,0,0,0,0,0,0,0,0,0,0,0,0,0,0,0,186,0,0,0,0,0,0,0,0,0,0,0,0,0,0,0,0,0,0,0,2,0,32
00390 features=601 size=13 p=5 tap=17 reset=true scheme=3 ops=2,3,3,2,1,2,1,3,2,0,0,1,1,3,2,1,1,3,2,3,3,3,3,3,2,3,3,1,3,1,1,3,1,2,1,0,0,0,0,0,2,2,0,0,2,1,2,1,1,1,1,1,1,1,0,3,0,0,0,1,3,3,3,2 ks=0,0,0,0,0,0,252,0,0,0,0,0,0,0,0,0,0,79,0,215,0,195,254,127,0,0,0,0,0,0,0,0,0,0,254,0,0,0,0,76,0,0,64,0,0,0,0,0,255,0,254,0,0,0,0,0,0,2,253,0,0,0,0,0
00391 features=712 size=10 p=5 tap=17 reset=true scheme=3 ops=2,3,1,2,1,2,1,3,2,0,0,1,1,3,2,1,3,3,2,3,3,3,3,3,3,3,3,1,3,2,0,3,2,2,2,3,2,3,2,3,3,3,0,2,2,1,1,1,1,1,1,1,3,1,0,3,0,0,0,1,3,3,3,2 ks=0,0,0,0,0,0,0,0,0,0,16,0,0,4,0,0,0,79,0,0,249,131,2,0,2,0,0,0,0,0,0,0,0,0,216,0,64,0,0,0,0,0,0,0,0,0,0,0,0,0,0,0,0,0,0,0,0,0,0,0,0,4,0,0
00392 features=437 size=7 p=5 tap=52 reset=true scheme=3 ops=3,1,3,3,3,3,3,3,3,2,3,2,2,3,1,3,3,3,3,1,1,3,3,3,3,3,1,2,3,3,2,1,3,3,3,1,3,1,2,3,2,3,2,1,3,3,3,3,1,1,1,3,3,1,3,3,2,2,1,1,1,3,3,1 ks=0,0,0,0,0,0,0,0,0,0,0,0,0,0,0,0,0,0,0,254,0,0,0,0,0,0,0,0,0,0,0,0,0,0,0,0,0,0,17,0,20,0,0,0,0,0,0,0,0,1,0,0,0,0,0,0,0,25,0,0,0,2,0,32
00393 features=279 size=7 p=5 tap=30 reset=false scheme=0 ops=3,3,3,3,3,0,0,3,0,1,0,3,3,3,0,0,3,3,3,0,0,0,3,3,3,3,0,3,3,0,0,3,0,3,3,3,0,3,3,3,3,3,3,3,0,0,3,3,3,0,3,0,3,0,3,0,0,3,3,0,3,3,3,3 ks=0,0,0,135,0,2,0,0,0,0,0,0,0,0,1,0,0,0,0,0,0,0,0,0,0,0,0,0,1,0,0,0,0,0,0,0,64,0,0,0,128,0,0,0,0,0,0,0,0,0,0,0,164,0,0,0,0,0,0,0,0,0,0,0
00394 features=590 size=11 p=10 tap=52 reset=true scheme=3 ops=3,1,3,3,3,3,1,3,3,2,3,2,2,3,1,1,3,3,3,1,1,3,3,3,3,3,1,2,3,3,2,1,1,2,1,0,0,0,0,0,2,3,1,1,3,3,3,3,1,1,1,3,3,1,3,3,2,2,1,1,1,3,3,3 ks=0,0,0,0,0,0,0,0,0,0,0,0,0,0,0,0,0,0,2,250,0,0,0,0,0,0,0,0,0,0,0,0,0,0,0,0,0,0,0,0,20,1,0,0,0,0,0,0,0,1,0,0,192,8,0,0,0,25,0,0,0,2,253,32
00395 features=706 size=7 p=5 tap=30 reset=true scheme=1 ops=3,3,3,3,2,0,0,3,0,0,0,3,3,3,3,3,3,3,3,0,3,3,3,3,3,3,0,1,3,0,0,3,0,3,3,3,0,3,3,3,3,3,0,0,2,1,1,1,1,1,1,1,1,1,0,3,0,3,3,0,3,3,3,3 ks=0,0,0,135,0,0,0,0,0,0,0,0,0,0,0,0,0,0,0,0,0,195,190,0,0,0,0,0,1,0,0,0,0,0,0,0,64,0,0,218,0,0,0,0,0,0,0,0,0,0,0,0,0,0,0,0,0,0,0,127,0,0,0,0
00396 features=547 size=6 p=5 tap=17 reset=true scheme=3 ops=2,3,1,2,1,2,1,3,2,2,1,1,1,3,2,1,3,3,2,3,3,3,3,3,3,3,3,1,3,1,1,3,1,2,1,2,3,3,2,3,2,2,1,3,1,1,1,1,1,1,1,1,3,1,2,3,3,1,3,1,3,3,3,2 ks=0,0,0,0,0,0,0,0,0,0,0,0,0,0,0,0,0,79,0,0,0,131,2,0,0,0,0,0,0,0,0,127,0,0,0,0,0,0,0,0,166,0,0,0,0,0,0,0,0,0,0,0,0,0,0,0,0,0,0,0,0,4,0,0
00397 features=566 size=6 p=5 tap=17 reset=true scheme=3 ops=2,3,1,2,1,2,1,3,2,2,1,1,1,3,2,1,3,3,2,3,3,3,3,3,3,3,3,1,3,1,1,3,1,2,1,2,3,3,2,3,2,2,1,3,1,1,3,1,1,1,1,1,3,1,2,3,3,1,3,1,3,3,3,2 ks=0,0,0,0,0,0,0,0,0,0,0,0,0,0,0,0,0,79,0,0,0,131,2,0,0,0,0,0,0,0,0,127,0,0,0,0,0,0,0,0,166,0,0,0,0,0,0,0,0,0,0,0,0,0,0,0,0,0,0,0,0,4,0,0
00398 features=361 size=9 p=5 tap=30 reset=false scheme=1 ops=3,3,3,3,3,0,0,3,0,0,0,3,3,3,3,3,3,0,3,3,3,3,3,3,3,3,0,3,3,0,0,3,0,3,3,3,0,3,3,3,3,3,3,0,0,0,3,3,3,0,3,0,3,0,3,0,0,3,3,0,3,3,3,3 ks=0,0,0,0,0,0,0,0,0,0,0,0,0,255,0,0,0,0,0,0,0,195,190,127,0,0,0,128,127,0,0,2,0,0,0,0,64,0,0,0,255,0,0,0,0,0,0,0,0,0,0,0,0,0,0,0,0,0,0,0,0,0,0,0
00399 features=677 size=10 p=5 tap=17 reset=true scheme=3 ops=2,3,1,2,1,2,1,3,2,0,0,1,1,3,1,1,3,3,2,3,3,3,3,3,3,3,3,1,3,2,0,3,2,2,2,3,2,3,2,3,3,3,0,2,2,1,1,1,1,1,1,1,3,1,0,3,0,0,0,1,3,3,3,2 ks=0,0,0,0,0,0,0,0,0,254,16,0,0,4,0,0,0,79,0,0,249,131,2,0,0,0,0,0,0,0,0,0,0,0,216,0,64,0,0,0,0,0,0,0,0,0,0,0,0,0,0,0,0,0,0,0,0,0,0,0,0,4,0,0
00400 features=665 size=10 p=5 tap=17 reset=false scheme=3 ops=2,3,3,2,1,2,1,3,2,0,0,1,1,3,2,1,1,3,2,3,1,3,3,3,2,3,3,1,3,1,1,3,1,2,1,0,0,0,0,0,2,2,0,0,2,1,2,3,1,0,1,3,3,0,0,3,0,0,0,0,0,3,3,2 ks=0,0,0,0,0,32,0,0,0,0,0,0,0,0,0,0,0,79,0,215,0,195,254,0,0,0,0,0,0,0,0,0,0,0,254,1,39,0,0,0,0,0,0,0,0,0,0,0,0,0,0,0,0,0,0,0,0,25,0,0,0,2,0,0
00401 features=514 size=5 p=5 tap=52 reset=true scheme=3 ops=3,3,3,3,3,2,3,3,3,2,3,2,3,3,3,2,3,3,2,3,2,2,3,3,3,3,3,3,3,2,2,3,3,3,3,2,3,3,2,3,2,3,2,3,3,2,3,3,3,3,2,3,3,3,3,3,2,3,2,3,2,3,3,3 ks=255,0,0,0,0,0,0,0,0,0,0,0,0,0,0,0,0,0,0,0,0,0,0,0,0,0,0,0,0,0,0,0,0,0,0,8,0,0,17,0,20,0,0,0,0,0,0,0,0,0,0,0,0,0,0,0,0,0,0,0,0,0,0,32
00402 features=687 size=8 p=5 tap=52 reset=true scheme=3 ops=0,0,3,2,1,3,1,3,2,0,0,1,1,3,2,0,3,3,3,0,0,0,3,3,3,3,0,0,3,0,0,1,3,3,3,0,3,0,0,3,0,3,0,0,3,0,3,3,3,0,0,3,3,0,0,3,0,0,0,0,0,3,3,3 ks=0,0,254,0,0,0,0,0,0,0,0,0,0,0,0,0,0,0,0,0,0,0,0,0,0,0,0,0,0,0,0,0,0,0,0,8,0,0,17,0,20,1,0,0,0,0,0,0,0,0,0,0,0,0,0,0,0,25,0,0,0,2,0,32
00403 features=764 size=8 p=5 tap=17 reset=true scheme=4 ops=3,3,3,3,3,0,2,3,1,2,2,3,2,3,0,3,3,3,3,2,3,3,3,3,1,3,3,3,3,0,0,3,3,1,0,3,3,3,0,3,3,3,3,3,3,3,3,3,2,2,2,2,3,2,2,2,2,1,1,1,0,3,3,3 ks=0,0,0,0,0,0,0,0,0,0,0,0,0,127,0,58,4,2,0,0,249,195,190,0,0,0,0,0,0,0,0,0,0,0,0,0,0,0,0,0,0,0,0,0,0,0,0,0,0,0,0,0,0,0,0,0,0,0,0,0,0,0,0,252
00404 features=377 size=3 p=5 tap=16 reset=false scheme=5 ops=1,0,3,1,1,3,1,3,0,0,0,1,1,3,3,1,3,3,3,3,3,3,3,3,3,3,3,2,3,1,1,3,1,1,1,0,0,0,0,3,3,3,0,0,1,1,1,1,1,1,1,1,1,1,1,1,1,1,1,1,0,0,3,1 ks=0,0,0,0,0,0,0,0,0,0,0,0,0,0,0,0,0,0,0,215,0,128,254,0,0,0,0,0,0,0,0,0,0,0,0,0,0,0,0,0,0,0,0,0,0,0,0,0,0,0,0,0,0,0,0,0,0,0,0,0,0,0,0,0
00405 features=838 size=5 p=5 tap=30 reset=true scheme=1 ops=3,2,3,2,3,2,2,2,2,0,0,3,3,3,3,3,3,3,3,3,3,3,3,3,3,3,0,3,3,0,0,3,0,3,3,3,0,3,3,3,3,3,3,0,0,0,3,3,3,0,3,0,3,0,3,0,0,3,3,0,3,3,3,3 ks=0,0,128,0,0,0,0,0,0,0,0,0,0,0,0,0,0,0,0,0,0,0,190,0,0,0,0,0,1,0,0,0,0,0,0,0,0,0,0,0,0,128,0,0,0,0,0,0,0,0,0,0,0,0,0,254,0,0,0,0,0,0,0,0
00406 features=687 size=8 p=5 tap=17 reset=true scheme=3 ops=1,3,3,3,3,0,3,3,3,3,0,1,1,3,0,1,1,3,0,3,3,1,3,3,1,3,3,1,3,1,1,3,1,0,1,0,0,0,0,3,0,3,0,0,3,0,3,3,0,0,0,3,1,1,0,3,0,0,0,1,3,3,3,3 ks=2,0,0,0,144,0,0,0,0,0,0,0,0,0,0,0,0,79,0,215,0,131,254,0,70,0,0,0,0,0,0,0,0,0,0,0,0,0,0,0,0,0,0,0,0,0,0,0,0,0,0,0,0,0,0,0,0,0,0,0,0,0,0,128
00407 features=480 size=8 p=5 tap=52 reset=true scheme=3 ops=3,1,3,3,3,3,3,3,3,2,3,2,2,3,2,0,3,3,3,1,1,3,3,3,3,3,1,2,3,3,2,1,3,3,3,1,3,1,2,3,2,3,2,1,3,3,3,3,1,1,2,3,3,1,3,3,2,2,1,1,1,3,3,3 ks=0,0,0,0,0,0,0,0,0,0,0,0,0,0,0,0,0,0,128,254,0,0,0,0,0,0,0,0,0,0,0,0,0,0,0,0,0,0,17,0,20,0,0,0,0,0,0,0,0,1,0,0,0,0,253,0,0,0,0,0,0,2,0,48
00408 features=622 size=6 p=5 tap=17 reset=true scheme=3 ops=2,3,1,2,1,2,1,3,2,0,0,1,1,3,2,1,3,3,2,3,3,3,3,0,3,3,3,1,3,1,1,3,1,2,1,0,0,0,0,0,2,2,0,0,1,1,1,1,1,1,1,1,3,1,1,3,0,0,0,1,3,3,3,2 ks=0,0,0,0,0,0,0,0,0,0,0,0,0,0,0,0,0,79,0,0,249,131,2,0,0,0,0,0,0,0,0,127,0,0,0,0,0,0,0,0,166,0,0,0,0,0,0,0,0,0,0,0,0,0,0,0,0,0,0,0,0,0,0,0
00409 features=335 size=9 p=5 tap=30 reset=false scheme=1 ops=3,3,3,3,3,0,0,3,0,0,0,3,3,3,3,3,3,3,3,3,3,3,3,3,3,3,0,3,3,0,0,3,0,3,3,3,0,3,3,3,3,3,3,0,0,0,3,3,3,0,3,0,3,0,3,0,0,3,3,0,3,3,3,3 ks=0,0,0,135,0,0,0,0,0,0,0,159,0,0,0,0,0,0,0,0,0,195,190,127,0,0,0,0,1,0,0,0,0,0,0,0,64,0,0,0,0,0,0,0,0,0,0,0,3,0,0,0,164,0,0,0,0,0,0,0,0,0,0,0
00410 features=161 size=9 p=10 tap=52 reset=false scheme=3 ops=3,1,3,2,3,3,3,3,3,2,3,2,2,3,1,3,3,3,3,1,1,3,3,3,3,3,1,2,3,3,2,1,3,3,3,1,3,1,2,3,2,3,2,1,3,3,3,3,1,1,1,1,3,1,3,3,2,2,1,1,1,3,3,3 ks=0,254,0,0,0,0,0,0,0,0,0,0,0,0,0,0,0,0,0,254,0,0,0,0,0,0,0,0,16,0,0,0,0,0,0,0,0,0,17,0,20,0,0,0,0,0,0,0,0,1,0,0,0,0,0,0,0,254,0,0,0,2,0,32
00411 features=548 size=9 p=5 tap=17 reset=false scheme=1 ops=2,1,3,2,1,2,1,3,2,0,0,0,1,3,2,1,3,3,2,3,3,3,3,3,3,3,3,1,3,1,1,3,1,2,1,0,0,0,0,0,2,2,0,0,2,0,1,1,1,1,1,1,1,1,1,1,1,1,2,2,3,3,3,2 ks=0,0,0,0,0,0,0,0,254,0,0,0,0,0,0,0,0,71,0,0,249,193,2,0,0,0,0,0,0,0,0,0,0,0,0,0,0,0,0,0,0,0,0,0,0,0,34,0,0,4,254,0,0,0,0,0,0,0,0,0,0,4,0,0
00412 features=767 size=10 p=5 tap=12 reset=true scheme=3 ops=0,0,3,3,3,0,3,3,3,3,0,0,0,3,0,0,3,2,3,0,0,0,3,3,3,3,0,0,3,0,0,3,3,3,3,0,3,0,0,3,2,3,0,0,3,0,3,3,1,0,1,3,3,0,0,3,0,0,0,0,0,3,3,3 ks=0,0,0,0,144,0,0,0,0,0,0,0,0,0,0,0,0,0,0,0,0,0,0,0,0,0,0,0,0,0,0,0,1,0,151,8,0,0,17,255,22,0,0,0,0,0,0,0,0,0,0,0,0,0,0,0,0,25,0,0,0,2,0,128
00413 features=434 size=10 p=5 tap=30 reset=false scheme=4 ops=3,2,3,2,3,2,2,2,2,0,0,3,0,3,0,0,3,3,3,0,2,0,3,3,3,3,0,0,3,0,0,3,0,3,3,3,0,3,3,3,3,3,3,0,0,2,3,3,3,0,3,0,3,0,3,0,0,3,0,1,3,3,3,3 ks=0,0,0,0,0,0,254,0,127,0,0,0,0,0,1,0,4,0,0,0,0,0,0,1,0,0,0,0,1,143,0,0,128,0,0,0,0,0,0,0,0,0,0,0,0,0,0,0,0,0,0,0,0,0,0,0,2,0,0,0,0,0,0,128
00414 features=728 size=12 p=5 tap=52 reset=true scheme=3 ops=2,0,3,1,3,2,1,3,2,0,0,1,1,3,2,1,2,3,2,0,0,0,3,3,3,3,0,0,3,0,0,1,3,3,3,0,3,2,1,1,0,3,0,0,3,0,3,3,0,0,0,3,3,0,0,3,0,0,0,0,0,3,3,1 ks=0,0,0,0,226,0,0,0,0,0,0,0,242,0,0,4,0,0,0,0,0,0,0,0,0,0,0,0,0,8,0,0,0,0,0,8,0,0,17,0,20,0,0,0,0,0,0,0,0,0,0,0,8,252,0,0,0,25,0,0,0,2,0,32
00415 features=476 size=8 p=5 tap=17 reset=false scheme=0 ops=2,3,3,2,1,2,1,3,2,0,0,1,1,3,2,1,3,3,2,3,3,3,3,3,3,3,3,1,3,1,1,3,1,2,1,0,0,0,0,0,2,2,0,0,2,1,1,1,1,1,1,1,1,1,1,1,1,1,2,2,3,3,3,2 ks=0,0,0,0,0,0,0,0,0,0,0,0,0,0,0,200,0,79,0,0,0,195,2,0,0,0,0,0,0,0,0,0,0,0,0,0,0,0,0,0,0,0,0,0,0,0,0,0,255,0,254,0,0,0,0,0,0,0,204,0,0,127,0,0
00416 features=451 size=9 p=5 tap=52 reset=false scheme=3 ops=0,3,3,3,3,0,3,3,0,0,0,0,0,3,2,1,3,3,2,3,3,3,3,3,3,3,0,0,0,0,0,3,3,3,3,0,1,0,2,3,0,3,0,0,3,0,3,3,0,0,0,3,2,0,0,3,3,3,0,0,0,3,3,3 ks=0,145,0,0,0,0,0,0,0,0,0,0,0,0,0,0,0,0,0,0,0,0,0,2,0,0,0,0,0,0,0,0,0,254,0,0,0,0,17,0,20,0,0,0,0,0,105,0,0,0,0,0,32,0,0,0,0,25,0,0,0,0,0,32
00417 features=617 size=10 p=5 tap=17 reset=true scheme=3 ops=2,3,1,2,1,2,2,3,2,0,0,1,1,3,2,1,3,3,2,3,3,3,3,0,3,3,3,1,3,1,1,3,1,2,1,0,0,0,0,0,2,2,0,0,1,1,1,1,1,1,1,1,1,1,0,3,0,3,3,0,3,3,3,3 ks=0,0,0,0,0,0,0,0,0,0,0,0,0,0,0,0,0,79,0,0,0,131,2,0,0,0,0,0,0,0,0,127,0,1,0,0,0,0,0,0,166,0,0,0,0,0,0,0,255,0,254,0,0,0,0,0,0,0,0,127,0,0,2,0
00418 features=670 size=9 p=5 tap=17 reset=true scheme=3 ops=2,3,3,2,1,2,1,3,2,0,0,1,1,3,2,1,3,3,2,3,3,3,3,3,2,3,3,1,3,1,1,3,1,2,1,0,0,0,0,0,2,2,0,0,2,1,1,1,1,1,1,1,1,1,0,3,0,0,0,1,3,3,3,2 ks=0,0,0,0,0,0,0,0,0,0,0,0,0,0,0,0,0,79,0,0,249,131,2,0,0,0,0,0,0,0,0,0,0,0,0,0,0,0,0,0,166,0,0,0,0,0,0,0,255,0,254,0,0,0,0,0,0,25,0,0,0,4,0,0
00419 features=341 size=10 p=5 tap=16 reset=false scheme=2 ops=2,2,3,2,2,2,3,2,2,3,2,3,3,3,3,2,3,3,2,3,3,3,3,3,2,3,3,3,3,3,3,3,3,2,3,2,0,3,2,3,3,3,2,3,2,2,2,3,3,3,3,2,3,2,2,3,2,2,3,3,3,3,3,2 ks=0,0,0,0,0,16,0,0,0,0,0,0,0,0,0,0,0,4,0,215,249,195,254,192,0,0,0,0,0,0,128,0,0,0,0,0,0,0,0,0,0,0,0,0,0,0,0,0,0,0,127,0,0,0,0,0,0,0,0,0,0,0,47,0
00420 features=738 size=11 p=5 tap=12 reset=true scheme=3 ops=0,0,3,3,3,0,3,3,3,0,0,0,0,1,0,0,3,3,2,3,3,3,3,3,2,3,3,1,3,0,0,3,3,3,3,0,3,0,0,3,0,3,0,0,3,0,1,1,2,0,2,2,1,0,0,3,0,0,0,0,0,3,3,3 ks=0,0,0,0,0,0,0,0,0,0,0,0,0,0,1,0,0,0,0,215,0,0,254,0,0,0,0,0,0,0,0,0,0,0,41,8,0,0,17,0,20,0,0,0,0,0,177,0,0,0,0,0,0,0,0,0,0,13,0,0,0,2,0,32
00421 features=434 size=10 p=5 tap=30 reset=false scheme=4 ops=3,0,3,3,3,0,3,3,3,0,0,1,1,3,2,1,3,3,3,0,2,0,3,3,3,3,0,0,3,0,0,3,0,3,3,3,0,3,3,0,3,3,3,0,0,2,3,3,3,0,3,0,3,0,3,0,0,3,0,1,3,3,3,3 ks=0,0,0,0,226,0,0,0,0,0,0,0,0,0,0,4,4,0,0,0,0,0,0,1,0,0,0,0,1,143,0,0,128,0,0,0,0,0,0,0,0,0,239,0,0,0,0,0,0,0,0,0,0,0,0,0,2,0,0,0,0,0,0,128
00422 features=526 size=14 p=10 tap=52 reset=true scheme=3 ops=3,1,3,3,3,3,1,3,3,2,3,2,2,3,1,1,3,3,2,3,2,3,3,3,2,3,3,1,3,1,1,1,1,2,1,0,0,0,0,0,2,3,1,1,3,3,3,1,1,1,1,3,3,1,3,3,2,2,1,1,1,3,3,3 ks=0,0,0,0,0,0,0,0,0,123,0,0,0,0,0,0,0,79,0,191,0,195,254,0,0,0,0,0,0,32,0,0,0,0,0,0,0,0,0,0,20,1,0,0,0,0,0,0,0,0,0,0,192,8,128,0,0,25,0,0,0,0,253,32
00423 features=376 size=10 p=5 tap=30 reset=false scheme=4 ops=3,0,3,3,3,0,3,3,3,0,0,1,1,3,2,1,3,3,3,0,2,0,3,3,3,3,0,0,3,0,0,3,0,3,3,3,0,3,3,0,3,3,3,0,0,2,3,3,3,0,3,0,3,0,3,0,3,3,0,1,3,3,3,3 ks=0,0,0,0,226,0,0,0,0,0,0,254,0,0,0,4,0,0,0,214,0,0,0,1,0,0,0,0,1,143,0,0,128,0,0,0,0,0,0,0,0,0,239,0,0,0,0,0,0,0,0,0,0,0,0,0,0,0,0,0,0,0,0,128
00424 features=705 size=4 p=5 tap=28 reset=true scheme=1 ops=3,2,3,2,3,2,2,2,2,0,0,3,3,3,3,3,3,3,3,3,3,3,3,3,3,3,0,3,3,0,0,3,0,3,3,3,0,3,3,3,3,3,3,0,0,0,3,3,3,0,0,0,3,0,3,0,0,3,3,0,3,3,3,3 ks=0,0,2,0,0,0,0,0,0,0,0,0,0,0,0,0,0,0,0,0,0,0,190,0,0,0,0,0,1,0,0,0,0,0,0,0,0,0,0,0,0,0,0,255,0,0,0,0,0,0,0,0,0,0,0,0,0,0,0,0,0,0,0,0
00425 features=556 size=10 p=10 tap=52 reset=true scheme=3 ops=3,1,3,3,3,3,1,3,3,2,3,2,2,3,1,3,3,3,3,1,1,3,3,3,3,3,1,2,3,3,2,1,1,2,1,0,0,0,0,0,2,3,1,1,3,3,3,3,1,1,1,3,3,1,3,3,2,2,1,1,1,3,3,3 ks=0,0,0,0,0,0,0,0,0,0,0,0,0,0,0,1,0,0,0,254,0,0,0,0,0,0,0,0,0,0,0,0,0,0,0,0,0,0,0,0,20,0,0,0,0,0,0,0,0,1,0,0,192,8,0,0,0,25,0,0,0,2,253,32
00426 features=612 size=12 p=10 tap=52 reset=true scheme=3 ops=3,1,3,3,3,3,2,3,3,2,2,3,2,3,0,3,3,3,3,1,1,3,3,3,3,3,1,2,3,3,2,1,1,2,1,0,0,0,0,0,2,3,1,1,3,3,3,3,1,1,1,3,3,1,3,3,2,2,1,1,1,3,3,3 ks=0,0,0,0,0,0,0,196,0,0,0,0,0,127,0,58,0,0,0,254,0,0,0,0,0,0,0,0,0,0,0,0,0,0,0,0,0,0,0,0,20,0,0,0,0,0,0,0,0,1,0,0,192,8,0,0,0,25,0,0,0,2,253,32
00427 features=744 size=12 p=5 tap=16 reset=false scheme=5 ops=0,1,3,2,1,2,1,3,2,0,0,1,1,3,2,1,3,3,2,2,3,3,3,3,2,3,2,1,3,1,3,3,1,2,1,0,0,0,0,1,1,3,0,0,2,0,2,1,2,0,2,2,3,0,0,3,0,0,0,0,1,0,3,1 ks=1,128,0,0,0,0,0,0,0,0,0,0,0,0,223,0,0,79,0,0,249,76,127,0,0,0,64,0,0,0,0,0,0,0,0,0,0,0,0,128,0,0,0,0,0,0,0,0,0,0,0,8,0,0,0,0,0,25,0,0,126,0,0,0
00428 features=494 size=3 p=5 tap=30 reset=false scheme=1 ops=3,2,3,2,3,2,2,2,2,0,0,3,3,3,3,3,3,3,3,3,3,3,3,3,3,3,0,3,3,0,0,3,0,3,3,3,0,3,3,3,3,3,3,0,0,0,3,3,3,0,0,0,3,0,3,2,2,2,2,2,3,3,3,2 ks=0,0,0,0,0,0,0,0,0,0,0,0,0,0,0,0,0,0,0,0,253,0,0,0,0,0,0,0,1,0,16,0,0,0,0,0,0,0,0,0,0,0,0,0,0,0,0,0,0,0,0,0,0,0,0,0,0,0,0,0,0,0,0,0
00429 features=606 size=8 p=5 tap=30 reset=true scheme=1 ops=3,3,3,3,3,0,0,3,0,0,0,3,3,3,3,3,3,3,3,0,3,3,3,3,3,3,0,1,3,0,0,3,0,3,3,3,0,3,3,3,3,3,0,0,2,1,1,1,1,1,1,1,1,1,0,3,0,3,3,0,3,3,3,3 ks=0,0,0,135,0,0,0,0,0,0,0,0,0,0,0,0,0,0,0,0,0,128,190,0,0,0,0,0,1,0,0,0,0,0,0,0,64,0,0,218,0,0,0,0,0,0,0,0,0,0,0,0,0,0,0,0,0,0,0,127,0,0,2,0
00430 features=592 size=14 p=2 tap=17 reset=true scheme=3 ops=2,3,3,2,1,2,1,3,2,2,1,1,1,3,2,1,3,3,2,3,3,3,3,3,2,3,3,1,3,1,2,3,1,2,1,1,3,2,2,1,2,2,1,1,2,1,1,1,1,1,1,1,1,1,1,3,2,2,1,1,3,3,3,2 ks=0,0,2,0,0,0,0,0,0,0,0,0,0,0,0,3,0,79,0,0,249,131,2,0,0,0,0,0,0,0,0,0,0,0,0,0,0,0,0,64,166,0,252,0,0,0,0,2,255,0,254,0,0,0,0,0,0,25,0,0,0,4,0,0
00431 features=564 size=8 p=5 tap=17 reset=false scheme=3 ops=2,3,3,2,1,2,1,3,2,0,0,1,1,3,2,1,1,3,2,3,1,3,3,3,2,3,3,1,3,1,1,3,1,2,1,0,0,0,2,0,2,2,0,0,3,0,3,3,0,0,0,3,3,0,0,3,3,0,0,1,3,3,3,2 ks=0,0,0,0,0,32,0,0,0,0,0,0,0,0,0,0,0,79,0,0,0,195,254,0,0,0,0,0,0,0,0,0,0,0,254,0,0,0,0,0,0,0,0,0,0,0,0,65,0,0,0,0,0,0,0,0,0,25,253,0,0,0,0,0
00432 features=602 size=12 p=10 tap=52 reset=true scheme=3 ops=3,1,3,3,3,3,2,3,3,2,2,1,2,3,0,3,3,3,3,1,1,3,3,3,3,3,1,2,3,3,2,1,1,2,1,0,0,0,0,0,2,3,1,1,3,3,3,3,1,1,1,3,3,1,3,3,2,2,1,1,1,3,3,3 ks=0,0,0,0,0,0,0,196,0,0,0,0,0,127,0,58,0,0,0,254,0,0,0,0,0,0,0,0,0,0,0,0,0,0,0,0,0,0,0,0,20,0,0,0,0,0,0,0,0,1,0,0,192,8,0,0,0,25,0,0,0,2,253,32
00433 features=639 size=4 p=5 tap=28 reset=true scheme=1 ops=3,2,3,2,3,2,2,2,2,0,0,3,3,3,3,3,3,3,3,3,3,3,3,3,3,3,0,3,3,0,0,3,0,3,3,3,0,3,3,3,3,3,3,0,0,0,3,3,3,0,0,0,3,0,3,0,0,3,3,0,3,3,3,3 ks=0,0,0,0,0,0,0,0,0,0,0,0,0,0,0,0,0,0,0,0,0,0,190,0,0,0,0,0,1,0,0,0,0,0,0,0,0,0,0,0,0,0,0,255,1,0,0,0,0,0,0,0,0,0,0,0,0,0,0,0,0,0,0,0
00434 features=352 size=6 p=10 tap=30 reset=false scheme=1 ops=3,3,3,3,3,0,0,3,0,0,0,3,3,3,3,3,3,3,3,3,3,3,3,3,3,3,0,3,3,0,0,2,0,3,3,3,0,3,3,3,3,3,3,0,0,0,3,3,3,0,3,0,3,0,3,0,0,3,3,0,3,3,3,3 ks=0,0,0,135,0,0,0,0,0,0,0,0,0,0,0,0,0,0,0,0,0,195,190,127,0,0,0,0,1,0,0,0,0,0,0,0,64,0,0,0,0,0,0,0,0,0,0,0,0,0,0,0,0,0,0,0,0,0,0,0,0,0,0,0
00435 features=976 size=1 p=5 tap=52 reset=true scheme=4 ops=0,1,3,3,3,0,3,3,3,0,0,0,0,3,3,0,3,3,3,0,0,0,3,3,3,3,0,0,3,0,0,3,3,3,3,0,3,3,0,3,3,3,3,0,3,1,0,0,3,3,3,0,3,1,1,3,3,0,0,0,0,3,3,3 ks=0,0,0,0,0,0,0,0,0,0,0,0,0,0,0,0,0,0,0,0,0,0,0,0,0,0,0,0,0,0,0,0,0,0,0,0,0,0,0,0,0,0,0,0,0,0,0,0,0,0,0,0,0,0,0,0,0,0,0,0,0,0,0,32
00436 features=695 size=9 p=5 tap=17 reset=true scheme=3 ops=2,3,1,2,1,2,1,3,2,0,0,1,1,3,2,1,3,3,2,3,3,3,3,3,3,3,3,1,3,2,0,3,2,2,2,3,2,1,2,3,3,3,0,2,2,1,1,1,1,1,1,1,3,1,0,3,0,0,0,1,3,3,3,2 ks=0,0,0,0,0,0,0,0,0,0,16,0,0,4,0,0,0,79,0,0,249,131,2,0,0,0,0,0,0,0,0,0,0,0,216,0,64,0,0,0,0,0,0,0,0,0,0,0,0,0,0,0,0,0,0,0,0,0,0,0,0,4,0,0
00437 features=335 size=5 p=5 tap=16 reset=false scheme=2 ops=2,2,3,2,2,2,3,2,2,3,2,3,3,3,3,2,3,3,2,3,3,3,3,3,2,3,3,3,3,3,3,3,3,2,3,2,3,3,2,3,3,3,2,3,2,2,2,3,3,3,3,2,3,2,2,3,2,2,3,3,3,3,3,2 ks=0,0,0,0,0,0,0,0,0,0,0,0,0,0,0,0,0,4,0,151,249,195,254,0,0,0,0,0,0,0,0,0,0,0,0,0,0,0,0,0,0,0,0,0,0,0,0,0,0,0,0,0,0,0,0,0,0,0,0,0,0,0,0,0
00438 features=754 size=10 p=5 tap=12 reset=true scheme=3 ops=0,0,3,3,3,0,3,3,3,3,0,0,0,3,0,0,3,2,3,0,0,0,3,3,3,3,0,0,3,0,0,3,3,3,3,0,3,0,0,3,2,3,0,0,3,0,3,3,1,0,1,3,3,1,0,3,0,0,0,0,0,3,3,3 ks=0,0,0,0,144,0,0,0,0,0,0,0,0,0,0,0,0,0,0,0,0,0,0,0,0,0,0,0,0,0,0,0,1,0,151,8,0,0,17,255,22,0,0,0,0,0,0,0,0,0,0,0,0,0,0,0,0,25,0,0,0,2,0,128
00439 features=536 size=8 p=5 tap=17 reset=true scheme=3 ops=3,3,1,3,3,0,2,3,3,2,2,3,2,3,0,3,3,3,3,2,3,3,3,3,3,3,3,3,3,0,0,3,3,2,0,3,1,3,0,3,3,3,3,3,3,3,3,3,3,2,3,0,3,3,2,3,3,0,3,0,3,3,3,3 ks=0,0,0,0,0,0,0,0,0,0,0,0,0,127,0,58,4,79,0,0,0,211,190,4,0,0,0,0,0,0,0,0,0,0,0,0,0,0,0,0,0,0,0,0,0,0,0,0,0,0,0,0,0,0,0,0,0,0,0,0,0,0,0,252
00440 features=500 size=12 p=5 tap=17 reset=false scheme=1 ops=2,3,3,2,1,2,1,3,2,0,0,1,3,3,2,1,3,3,2,3,3,3,3,3,3,3,3,3,3,0,0,3,0,3,3,3,0,3,3,3,3,3,3,0,2,1,1,1,1,1,1,1,1,1,0,3,0,0,0,0,0,3,3,2 ks=0,0,0,0,0,0,247,0,0,0,0,0,0,0,0,0,0,79,0,0,249,195,2,254,0,0,0,0,0,0,0,0,0,0,0,0,64,0,0,0,0,0,0,0,0,0,0,0,255,0,254,0,0,0,0,0,0,25,0,0,255,2,0,0
00441 features=759 size=10 p=5 tap=12 reset=true scheme=3 ops=0,0,3,3,3,0,2,3,3,0,0,0,0,1,0,0,3,3,3,3,3,3,3,3,2,3,3,1,3,1,1,3,1,2,1,0,0,0,0,3,0,3,0,0,3,0,3,3,0,0,0,3,3,0,0,3,0,0,0,0,0,3,3,3 ks=0,0,0,0,0,0,0,0,0,0,143,0,254,0,1,0,0,0,0,215,0,0,254,0,0,0,0,0,0,0,0,0,0,0,0,0,0,0,0,0,20,0,0,0,0,0,0,0,0,0,253,0,0,0,0,0,0,29,0,0,0,2,0,32
00442 features=598 size=5 p=5 tap=17 reset=false scheme=1 ops=2,3,3,2,1,2,1,3,2,0,0,1,1,3,2,1,3,3,2,3,3,3,3,3,2,3,3,3,3,2,0,3,2,2,1,0,2,3,2,3,3,3,3,2,2,2,2,2,2,2,2,2,3,2,2,2,2,2,2,2,3,3,3,2 ks=0,0,16,0,0,0,0,0,0,0,0,0,0,0,0,0,0,79,0,0,249,195,254,0,0,0,0,0,0,0,0,0,0,0,0,0,0,0,0,0,0,0,0,0,0,0,0,0,0,0,0,0,0,0,0,0,0,0,0,0,0,0,0,0
00443 features=715 size=9 p=5 tap=30 reset=true scheme=1 ops=3,3,3,3,2,0,0,3,0,0,0,3,3,3,3,3,3,3,3,0,3,3,3,3,3,3,0,1,3,0,0,3,0,3,3,3,0,3,3,3,3,3,0,0,2,1,1,1,1,1,1,1,1,1,0,3,0,3,3,0,3,3,3,3 ks=0,0,0,135,0,0,0,255,0,0,0,0,0,0,0,0,0,0,0,0,0,195,190,0,0,0,0,0,1,0,0,0,0,0,0,0,64,0,0,218,0,3,0,0,0,0,0,0,0,0,0,0,0,0,0,0,0,0,0,127,0,0,0,0
00444 features=651 size=9 p=5 tap=30 reset=true scheme=1 ops=3,3,3,3,3,0,0,3,0,0,0,3,3,3,3,3,3,3,3,0,3,3,3,3,3,3,0,1,3,0,0,3,0,3,3,3,0,3,3,3,3,3,0,0,2,1,1,1,1,1,1,1,1,1,0,3,0,3,3,0,3,3,3,3 ks=0,0,0,135,0,0,0,0,0,0,0,64,0,147,0,0,0,0,0,0,0,128,190,0,0,0,0,0,1,0,0,0,0,0,0,0,64,0,0,218,0,0,0,0,0,0,0,0,0,0,0,0,0,0,0,0,0,0,0,127,0,0,0,0
00445 features=377 size=12 p=5 tap=17 reset=false scheme=5 ops=2,3,3,2,1,2,1,3,2,3,1,1,1,3,2,1,3,3,2,3,3,3,3,3,2,3,3,3,3,2,2,1,2,2,2,3,2,3,2,3,3,3,1,1,1,1,1,1,1,1,1,1,1,1,1,1,1,1,2,2,3,3,3,2 ks=0,0,0,0,0,0,0,0,0,0,0,0,0,0,0,0,0,79,29,0,249,195,190,0,0,0,0,0,234,0,166,0,0,0,0,0,64,0,0,0,0,0,0,0,0,0,0,0,0,1,254,0,0,1,0,0,0,0,202,0,0,0,0,0
00446 features=581 size=10 p=10 tap=52 reset=true scheme=3 ops=3,1,0,3,3,3,1,3,3,2,3,2,2,3,1,3,3,3,3,1,1,3,3,3,3,3,1,2,3,3,2,1,1,2,1,0,0,0,0,0,2,3,1,1,1,3,3,3,1,1,1,3,3,1,3,3,2,2,1,1,1,3,3,3 ks=0,0,0,0,0,0,0,0,0,0,0,0,0,0,0,1,0,0,0,254,0,0,0,0,0,0,0,0,0,0,0,0,0,0,0,0,0,0,0,0,20,0,0,0,0,0,0,0,0,1,0,0,192,8,0,0,0,25,0,0,0,2,253,32
00447 features=429 size=4 p=5 tap=52 reset=false scheme=1 ops=0,0,3,3,3,0,3,3,3,0,0,0,0,3,0,0,3,3,3,0,0,0,3,3,3,3,0,0,0,0,0,3,3,3,3,0,3,0,0,3,0,3,0,0,3,0,3,3,0,0,0,3,2,0,0,3,3,3,0,0,0,3,3,3 ks=0,0,0,0,0,0,0,0,0,0,0,0,0,0,0,0,0,56,0,0,0,0,0,0,0,0,0,0,0,0,0,0,0,0,0,0,0,0,17,0,20,0,0,0,0,0,0,0,0,0,0,0,0,0,0,0,0,25,0,0,0,0,0,0
00448 features=718 size=8 p=5 tap=12 reset=true scheme=3 ops=0,0,3,3,3,0,3,3,3,3,0,0,1,3,0,0,3,2,3,0,0,0,3,3,3,3,2,0,3,1,1,3,1,2,3,1,3,0,0,3,0,3,1,1,1,1,3,3,1,0,1,3,3,0,0,3,0,0,0,0,0,3,3,3 ks=0,0,0,0,143,0,0,0,0,0,0,0,0,0,0,0,0,0,0,0,0,0,0,0,0,0,0,0,0,0,0,0,0,0,151,8,0,0,0,255,22,0,0,0,0,0,0,0,0,0,0,0,0,0,0,0,0,25,0,0,0,2,0,160
00449 features=373 size=10 p=5 tap=30 reset=false scheme=1 ops=3,3,2,3,3,0,0,3,0,0,0,3,3,3,3,3,3,3,3,3,0,0,3,3,3,3,0,3,3,0,2,3,0,3,3,3,0,3,0,3,3,3,3,0,0,0,3,3,3,0,3,0,3,0,3,0,0,3,3,0,3,3,3,3 ks=0,0,0,135,0,0,0,0,0,0,0,0,0,0,0,123,0,0,0,0,0,0,0,0,0,255,0,0,1,0,0,0,0,32,0,0,64,0,0,0,0,0,0,0,252,0,0,0,3,0,0,0,164,0,0,0,0,1,0,0,0,0,0,0
00450 features=354 size=5 p=5 tap=17 reset=false scheme=1 ops=2,3,3,2,1,2,1,3,2,0,0,1,3,3,2,2,3,3,2,3,3,3,3,3,3,3,3,3,3,0,0,3,0,3,3,3,0,3,3,3,3,3,3,0,2,1,1,1,1,1,1,1,1,1,0,3,0,0,0,0,0,3,3,2 ks=0,0,0,0,0,0,0,0,0,0,0,0,0,0,0,0,0,79,0,0,218,0,2,0,0,0,0,0,0,0,0,0,0,0,0,0,0,0,0,0,0,0,0,0,0,0,0,0,0,0,0,0,0,0,0,0,0,25,0,0,255,0,0,0
00451 features=356 size=7 p=5 tap=30 reset=false scheme=0 ops=3,3,3,3,3,0,0,3,0,0,0,3,3,3,3,3,3,3,3,3,3,3,3,3,3,3,0,3,3,0,0,3,2,3,3,3,0,2,3,3,3,3,3,0,1,0,3,3,3,0,3,0,3,0,3,0,0,3,3,0,3,3,3,3 ks=0,0,119,135,0,0,0,0,0,0,0,0,0,0,0,0,0,0,0,0,0,195,190,127,0,0,0,0,1,0,0,0,0,0,0,0,0,0,8,0,0,0,0,0,0,0,0,0,0,0,0,0,0,0,0,0,0,0,0,0,0,0,0,0
00452 features=711 size=10 p=5 tap=30 reset=true scheme=1 ops=3,3,3,3,2,0,0,3,0,0,0,3,3,3,3,3,3,3,3,0,3,3,3,3,3,3,0,1,3,0,0,3,0,3,3,3,0,3,3,3,3,3,0,0,2,1,1,1,1,1,1,1,1,1,0,3,0,3,3,0,3,3,3,3 ks=0,0,0,135,0,0,0,255,0,0,0,0,0,0,0,0,0,0,0,0,0,195,190,0,0,0,0,0,1,0,0,0,0,0,0,0,64,0,255,218,0,3,0,0,0,0,0,0,0,0,0,0,0,0,0,0,0,0,0,127,0,0,0,0
00453 features=747 size=11 p=5 tap=12 reset=true scheme=3 ops=0,0,3,3,3,0,3,3,3,0,0,0,0,1,0,0,3,3,2,3,3,3,3,3,2,3,3,1,3,0,0,3,3,3,3,0,3,0,0,3,0,3,0,0,3,2,1,1,2,0,2,2,1,0,0,3,0,0,0,0,0,3,3,3 ks=0,0,0,0,0,0,0,0,0,0,0,0,0,0,1,0,0,0,0,215,0,0,254,0,0,0,0,0,0,0,0,0,0,0,41,8,0,0,17,0,20,0,0,0,0,0,177,0,0,0,0,0,0,0,0,0,0,13,0,0,0,2,0,32
00454 features=675 size=11 p=5 tap=17 reset=true scheme=3 ops=2,3,3,2,1,2,1,3,2,0,0,1,1,3,2,1,3,3,2,3,3,3,3,3,3,3,3,1,3,1,1,3,1,2,1,0,0,0,0,0,2,2,0,0,2,1,1,1,1,2,1,1,1,1,0,3,0,0,0,1,3,3,3,2 ks=0,0,0,0,0,0,0,0,0,0,0,0,0,0,0,0,0,79,0,0,249,131,2,16,0,0,0,0,3,0,0,0,0,0,0,0,0,0,0,0,166,0,0,0,0,0,0,0,0,0,254,0,0,0,2,0,0,25,0,0,0,4,0,0
00455 features=351 size=9 p=5 tap=17 reset=false scheme=1 ops=2,3,3,2,1,2,1,3,1,3,3,1,3,3,0,3,3,3,3,3,3,3,3,3,2,3,3,3,3,2,2,1,2,2,2,3,2,3,2,3,3,3,1,1,1,1,1,1,1,1,1,1,1,1,1,1,1,1,2,2,3,3,3,2 ks=0,0,0,0,0,0,0,244,0,0,0,0,132,127,0,0,0,79,0,0,249,0,190,0,0,0,0,0,0,0,0,0,0,0,0,0,0,0,0,0,0,0,0,0,0,0,0,0,0,1,254,0,0,0,0,0,0,0,202,0,0,0,0,0
00456 features=677 size=12 p=5 tap=17 reset=true scheme=3 ops=2,3,3,2,1,2,1,3,2,0,0,1,1,3,2,1,3,3,2,3,3,3,3,3,3,3,3,1,3,1,1,1,1,2,1,0,0,0,0,0,2,2,0,0,0,1,1,1,1,1,1,1,1,1,0,3,0,0,0,1,3,3,3,2 ks=0,0,28,0,0,0,0,0,0,0,0,0,0,0,143,0,0,79,0,0,249,131,2,0,0,0,0,0,0,0,0,45,0,0,0,0,0,0,0,0,166,0,0,0,0,0,0,0,255,0,254,0,0,0,0,0,0,25,0,0,0,4,0,0
00457 features=464 size=11 p=5 tap=17 reset=false scheme=3 ops=2,3,3,2,1,2,1,3,2,0,0,1,1,3,2,1,1,3,2,3,1,3,3,3,2,3,3,1,3,1,1,3,1,2,1,0,0,0,2,0,2,2,0,0,3,3,3,3,0,0,0,3,3,0,0,3,3,0,0,1,3,3,3,2 ks=0,0,0,0,0,32,0,0,0,0,0,0,213,0,0,0,0,79,0,0,0,195,254,0,0,0,0,0,0,0,0,3,0,0,254,1,0,0,0,0,0,0,0,0,0,0,0,65,0,0,0,0,0,0,0,0,0,25,253,0,0,0,0,0
00458 features=664 size=7 p=5 tap=17 reset=true scheme=3 ops=2,3,1,2,1,2,1,3,2,0,0,1,1,3,2,1,3,3,2,3,3,3,3,0,3,3,3,1,3,1,1,3,1,2,1,0,0,0,0,0,2,3,1,1,1,3,3,3,1,1,1,1,3,1,0,3,0,0,0,1,3,3,3,2 ks=0,0,0,0,0,0,0,0,0,0,0,0,0,0,0,0,0,79,0,0,249,131,2,0,0,0,0,0,0,0,0,127,0,0,0,0,0,0,0,0,20,0,0,0,0,0,0,0,0,0,0,0,0,0,0,0,0,0,0,0,0,4,0,0
00459 features=737 size=4 p=10 tap=30 reset=true scheme=1 ops=3,2,3,2,3,2,2,2,2,0,0,3,3,3,3,3,3,3,3,3,3,3,3,3,3,3,0,3,3,0,0,3,0,3,3,0,3,2,3,3,3,3,3,0,0,0,3,3,3,0,0,0,3,0,3,0,0,3,3,0,3,3,3,3 ks=0,0,0,0,0,0,0,0,0,0,0,0,0,0,0,0,0,0,0,0,0,0,190,0,0,0,0,0,1,0,0,0,0,0,0,8,0,1,0,0,0,0,0,0,0,0,0,0,0,0,0,0,0,0,0,0,0,0,0,0,0,0,0,0
00460 features=732 size=9 p=5 tap=12 reset=true scheme=3 ops=0,0,3,3,3,0,3,3,3,3,0,0,1,3,0,0,3,0,3,0,0,0,3,3,3,3,3,3,3,1,1,3,1,0,3,1,3,0,0,3,0,3,1,1,1,1,3,3,1,0,1,3,3,0,0,3,0,0,0,0,0,3,3,3 ks=0,0,0,0,143,0,0,0,0,0,0,0,0,0,0,0,0,0,0,0,0,0,0,0,0,0,0,0,0,0,0,0,0,0,151,8,0,0,0,255,22,0,0,0,0,0,0,0,0,0,0,0,120,0,0,0,0,0,0,127,0,2,0,160
00461 features=511 size=10 p=10 tap=52 reset=true scheme=3 ops=3,1,3,3,3,3,1,3,3,2,3,2,2,3,1,1,3,3,3,1,1,3,3,3,3,3,1,2,3,3,2,1,1,2,1,3,0,0,0,0,2,3,0,1,3,3,3,3,1,1,1,3,3,1,3,3,2,2,1,1,1,3,3,3 ks=0,0,0,0,0,0,0,0,0,0,0,0,0,0,0,0,0,0,2,250,0,0,0,32,0,0,0,0,0,0,0,0,0,0,0,0,0,0,0,0,20,0,0,8,0,0,0,0,0,0,0,0,192,0,0,0,0,26,0,0,0,2,253,254
00462 features=830 size=6 p=5 tap=30 reset=true scheme=1 ops=3,2,3,2,3,2,2,2,2,0,0,3,3,3,3,3,3,3,3,3,3,3,3,3,3,3,0,3,3,0,0,3,0,3,3,3,0,3,3,3,3,3,3,0,2,0,3,3,3,0,3,0,3,0,3,0,0,3,3,0,3,3,3,3 ks=0,0,128,0,0,0,0,0,0,0,2,0,0,0,0,0,0,0,0,0,0,0,190,0,0,0,0,0,1,0,0,0,0,0,0,0,0,0,0,0,0,128,0,0,0,0,0,0,0,0,0,0,0,0,0,254,0,0,0,0,0,0,0,0
00463 features=820 size=4 p=10 tap=30 reset=true scheme=1 ops=3,2,3,2,3,2,2,2,2,0,0,3,3,3,3,3,3,3,3,3,3,3,3,3,3,3,0,3,3,0,0,3,0,3,3,0,3,2,3,3,3,3,3,0,0,0,3,3,3,0,0,0,3,0,3,0,0,3,3,0,3,3,3,3 ks=0,0,0,0,0,0,0,0,0,0,0,0,0,0,0,0,0,0,0,0,0,0,186,0,0,0,0,0,1,0,0,0,0,0,0,8,0,0,0,0,0,0,0,0,0,0,0,0,0,0,0,0,0,0,0,0,0,0,0,0,0,1,0,0
00464 features=379 size=6 p=5 tap=30 reset=false scheme=1 ops=3,2,3,2,3,2,2,2,2,0,0,3,3,3,0,0,3,3,3,0,0,0,3,3,3,3,0,0,3,0,0,3,0,3,3,3,0,3,3,3,3,3,3,0,0,2,3,3,3,0,3,0,3,0,3,0,0,3,3,0,3,3,3,3 ks=0,0,0,0,0,0,128,0,0,0,0,0,91,0,1,0,0,0,0,0,0,0,0,1,0,0,0,0,1,0,0,0,128,0,0,0,0,0,0,0,0,0,0,0,0,0,0,0,0,0,0,0,0,0,0,0,0,0,0,0,0,0,0,0
00465 features=692 size=7 p=5 tap=17 reset=true scheme=0 ops=2,3,3,2,1,2,1,3,2,0,0,1,1,3,2,1,3,3,2,3,3,3,3,3,3,3,3,1,3,1,1,3,1,2,1,0,0,0,0,0,2,2,2,0,2,1,1,1,2,1,1,0,1,1,3,3,0,0,1,1,3,3,3,2 ks=0,89,0,0,0,0,0,0,128,0,0,0,0,0,0,0,0,159,0,0,0,131,2,0,0,0,0,0,0,0,0,0,0,0,0,0,0,0,0,0,166,0,0,0,0,0,0,0,255,0,0,0,0,0,0,0,0,0,0,0,0,0,0,0
00466 features=600 size=13 p=5 tap=52 reset=true scheme=3 ops=3,3,3,3,3,2,3,3,3,2,3,2,3,3,3,2,3,3,2,0,2,2,3,3,1,3,3,3,3,0,0,3,3,1,3,2,3,3,2,3,2,3,2,3,3,2,3,3,3,3,2,3,3,3,3,3,1,0,0,1,2,3,3,3 ks=255,0,0,0,98,0,0,0,0,0,0,0,0,0,1,8,0,0,0,4,0,0,0,0,0,0,0,0,0,0,0,1,0,0,0,8,0,0,17,0,20,0,0,0,0,0,0,0,0,0,0,0,0,4,0,0,16,0,0,0,0,2,0,32
00467 features=511 size=12 p=5 tap=17 reset=false scheme=1 ops=2,3,3,2,1,2,1,3,2,0,0,1,3,3,2,1,3,3,2,3,3,3,3,3,3,3,3,3,3,0,0,3,0,3,3,3,0,3,3,3,3,3,3,0,2,1,1,1,1,1,1,1,1,1,0,3,0,0,0,0,0,3,3,2 ks=0,0,0,0,0,0,247,0,0,0,0,0,0,0,0,0,0,79,0,0,249,195,2,254,0,0,0,0,0,0,0,0,0,0,0,0,0,0,0,0,255,0,0,0,0,0,0,0,255,0,254,0,0,0,0,0,0,25,0,0,255,2,0,0
00468 features=568 size=7 p=5 tap=17 reset=true scheme=3 ops=2,3,1,2,1,2,1,3,2,2,1,1,1,3,2,1,3,3,2,3,3,3,3,3,3,3,3,1,3,1,1,3,1,2,1,2,3,3,2,3,2,2,1,3,1,1,3,1,1,1,1,1,3,1,2,3,3,1,3,1,3,3,3,2 ks=0,0,0,0,0,0,0,0,0,0,0,0,0,0,0,0,0,79,0,0,0,131,2,0,0,0,0,0,0,252,0,127,0,0,0,0,0,0,0,0,166,0,0,0,0,0,0,0,0,0,0,0,0,0,0,0,0,0,0,0,0,4,0,0
00469 features=714 size=10 p=5 tap=12 reset=true scheme=3 ops=0,0,3,3,3,0,3,3,3,0,0,0,0,1,0,0,3,3,3,3,3,3,3,3,2,3,3,1,3,0,0,3,3,3,3,0,3,0,0,3,0,3,0,0,3,0,1,1,2,0,2,2,1,0,0,3,0,0,0,0,0,3,3,3 ks=0,0,0,0,0,0,0,0,0,0,0,0,0,0,1,0,0,0,0,215,0,0,254,0,0,0,0,0,0,0,0,0,0,0,0,8,0,0,17,0,20,0,0,0,0,0,0,0,0,0,0,0,2,0,0,0,0,29,0,0,0,2,0,32
00470 features=332 size=5 p=5 tap=30 reset=false scheme=1 ops=3,2,3,2,3,2,2,2,2,0,0,3,3,3,3,3,3,3,3,1,3,3,3,3,3,3,0,3,3,0,0,2,0,3,3,3,2,3,1,3,3,3,3,2,2,0,3,3,3,0,0,0,3,0,3,0,0,3,3,0,3,3,3,3 ks=0,0,0,0,0,0,0,0,0,0,0,0,0,0,0,0,0,0,0,0,0,0,190,0,0,0,0,0,1,0,16,0,0,0,155,0,0,0,0,0,0,0,255,0,0,0,0,0,0,0,0,0,0,0,0,0,0,0,0,0,0,0,0,0
00471 features=661 size=10 p=5 tap=17 reset=true scheme=3 ops=2,3,3,2,1,2,1,3,2,0,0,1,1,3,2,1,3,3,2,3,3,3,3,3,2,3,3,1,3,1,1,3,1,2,1,0,0,0,0,0,2,2,0,0,2,1,1,1,1,1,1,1,1,1,0,3,0,0,0,1,3,3,3,2 ks=0,0,0,0,0,0,0,0,0,0,0,0,0,0,0,0,0,79,0,0,249,131,2,0,0,253,0,0,0,0,0,0,0,0,0,0,0,0,0,0,166,0,0,0,0,0,0,0,255,0,254,0,0,0,0,0,0,25,0,0,0,4,0,0
00472 features=516 size=12 p=5 tap=30 reset=false scheme=1 ops=3,3,2,3,3,0,0,3,0,0,0,3,3,3,3,3,3,3,3,3,0,0,3,3,3,3,0,3,3,0,2,3,0,3,3,3,0,3,0,3,3,3,3,0,0,0,3,3,3,0,3,0,3,0,3,0,0,3,3,0,3,3,3,3 ks=0,0,0,135,0,0,4,0,0,0,0,0,0,0,0,123,0,0,0,1,0,0,0,0,0,255,0,0,1,0,0,0,0,32,0,0,64,0,0,0,0,0,0,0,252,0,0,0,3,0,0,0,164,0,0,0,0,0,0,0,0,211,0,0
00473 features=530 size=12 p=10 tap=52 reset=true scheme=3 ops=3,1,3,3,3,3,1,3,3,2,3,2,2,3,1,1,3,3,3,1,1,3,3,3,3,3,1,2,3,3,3,1,1,2,1,3,2,1,3,3,2,3,1,1,3,3,3,3,1,1,1,3,3,1,3,3,2,2,1,1,1,3,3,3 ks=0,0,0,0,0,0,0,0,255,0,0,0,0,0,0,0,0,0,2,250,0,0,0,0,0,0,0,0,0,0,0,0,0,0,0,0,0,0,0,0,20,1,0,0,0,0,0,0,0,1,128,0,192,8,0,0,0,25,0,0,0,2,0,32
00474 features=706 size=7 p=5 tap=17 reset=true scheme=3 ops=2,3,1,2,1,2,1,3,2,0,0,1,2,3,2,1,3,3,2,3,3,3,3,3,3,3,3,1,3,2,0,3,2,2,2,3,2,3,2,3,3,3,0,2,2,1,1,1,1,1,1,1,3,1,0,3,0,0,0,1,3,3,3,2 ks=0,0,0,0,0,0,0,0,0,0,0,0,0,4,0,0,0,79,0,0,249,130,2,0,0,0,0,0,0,0,0,0,0,0,0,0,64,0,0,0,0,0,0,0,0,0,0,0,0,0,0,0,0,0,0,0,0,0,0,0,0,4,0,0
00475 features=684 size=13 p=5 tap=17 reset=true scheme=3 ops=2,3,3,2,1,2,1,3,2,0,0,1,1,3,2,1,3,3,2,3,3,3,3,3,3,3,3,1,3,1,1,1,1,2,1,0,0,0,0,0,2,2,0,0,0,1,1,1,1,1,1,1,1,1,0,3,0,0,0,1,3,3,3,2 ks=0,0,28,0,0,0,0,0,0,0,0,0,0,0,143,0,0,79,0,0,249,131,2,0,0,0,0,0,0,4,0,45,0,0,0,0,0,0,0,0,166,0,0,0,0,0,0,0,255,0,254,0,0,0,0,0,0,25,0,0,0,4,0,0
00476 features=462 size=7 p=10 tap=52 reset=true scheme=3 ops=3,1,3,3,3,3,3,3,3,2,3,2,2,3,1,3,3,3,3,1,1,3,3,3,3,3,0,3,3,3,2,3,3,3,3,1,3,1,2,3,2,3,2,1,3,3,3,3,1,1,1,3,3,1,3,3,2,2,1,1,1,3,3,3 ks=0,0,0,0,0,0,0,0,0,0,0,0,0,0,0,0,0,0,0,254,0,0,0,0,0,0,0,0,0,0,0,0,0,0,0,0,0,0,17,0,20,0,0,0,0,0,0,0,0,1,0,0,0,0,245,0,0,0,0,0,0,2,0,32
00477 features=281 size=10 p=5 tap=17 reset=false scheme=3 ops=2,3,3,2,1,2,1,3,2,0,0,1,1,3,2,1,1,3,2,3,1,3,3,3,2,3,3,1,3,1,1,3,1,2,1,0,0,3,3,3,3,3,3,3,3,3,3,3,3,3,3,3,3,0,0,3,0,0,0,0,0,3,3,2 ks=0,0,0,0,0,32,0,0,0,0,0,0,0,0,0,0,0,79,0,215,0,195,254,0,0,0,0,0,0,0,0,0,0,0,254,1,39,0,0,0,0,0,0,0,0,0,0,0,0,0,0,0,0,0,0,0,0,25,0,0,0,2,0,0
00478 features=572 size=8 p=5 tap=17 reset=false scheme=3 ops=2,3,3,2,1,2,1,3,2,0,0,1,1,3,2,1,1,3,2,3,1,3,3,3,2,3,3,1,3,1,1,3,1,2,1,0,0,0,2,0,2,2,0,0,3,0,3,3,0,0,0,3,3,0,0,3,3,0,0,1,3,3,3,2 ks=0,0,0,0,0,0,0,0,0,0,0,0,0,0,0,0,1,79,0,0,0,195,254,0,0,0,0,0,0,0,0,0,0,0,254,0,0,0,0,0,0,0,0,0,0,0,0,65,0,0,0,0,0,0,0,0,0,25,253,0,0,0,0,0
00479 features=703 size=10 p=5 tap=52 reset=true scheme=3 ops=2,2,3,2,3,0,3,0,3,0,0,1,1,3,2,1,2,3,2,0,0,3,3,3,3,3,0,0,3,0,0,1,3,3,2,0,3,2,1,1,0,3,0,0,3,0,3,3,0,0,0,3,3,0,0,3,0,0,0,0,0,3,3,1 ks=0,0,0,0,226,0,0,0,0,0,0,0,0,0,0,4,0,0,0,0,0,0,0,0,0,0,0,0,0,0,0,0,0,0,0,8,0,0,17,0,20,0,0,0,0,0,0,0,0,0,0,0,0,252,0,0,0,25,0,0,253,2,0,32
00480 features=566 size=10 p=5 tap=17 reset=false scheme=1 ops=2,1,3,2,1,2,0,3,2,0,0,1,1,3,2,1,3,3,2,2,3,3,3,3,2,3,3,1,3,1,1,3,1,2,1,0,0,0,0,0,2,2,0,0,2,0,1,1,1,1,1,1,1,1,1,1,1,1,2,2,3,3,3,2 ks=0,0,0,0,0,0,0,0,254,0,0,0,0,0,0,0,0,79,0,215,249,195,127,0,0,0,0,0,0,0,0,0,0,0,0,0,0,0,0,0,0,0,0,0,0,0,0,0,255,0,254,0,0,0,0,0,0,0,4,0,0,4,0,0
00481 features=568 size=12 p=10 tap=52 reset=true scheme=3 ops=3,1,3,3,3,3,1,3,3,2,3,2,2,3,1,1,3,3,3,1,1,3,3,3,3,3,1,2,3,3,3,1,1,2,1,3,2,1,3,3,2,3,1,1,3,3,3,3,1,1,1,3,3,1,3,3,0,0,0,0,0,3,3,1 ks=0,0,0,0,0,0,0,0,255,0,0,0,0,0,0,0,0,0,2,250,0,0,0,0,0,0,0,0,0,0,0,0,0,0,0,0,0,0,0,0,20,1,0,0,0,0,0,0,0,1,128,0,192,8,0,0,0,25,0,0,0,2,0,32
00482 features=447 size=9 p=5 tap=52 reset=true scheme=3 ops=3,1,3,3,3,3,3,3,3,2,3,2,2,3,1,3,3,3,3,1,1,3,3,3,3,3,1,2,1,1,1,0,3,3,3,1,3,1,2,3,2,3,2,1,3,3,3,3,1,1,1,3,3,1,3,3,2,2,1,1,1,3,3,3 ks=161,0,0,0,0,0,0,0,0,0,0,0,0,0,0,0,0,0,0,254,0,0,0,0,0,0,0,0,0,0,0,0,0,0,0,0,0,0,17,0,20,0,0,0,0,0,0,0,0,1,0,0,0,0,64,0,0,25,0,0,0,2,0,32
00483 features=387 size=8 p=5 tap=17 reset=false scheme=1 ops=2,3,3,2,1,2,1,3,2,0,0,1,1,3,2,1,3,3,2,3,3,3,3,3,2,3,1,3,3,2,0,3,2,2,2,3,2,3,2,3,3,3,1,1,1,1,1,1,1,1,1,1,1,1,1,1,1,1,2,2,3,3,3,3 ks=0,0,0,0,0,0,0,0,0,0,0,0,0,0,0,0,0,79,0,0,249,195,190,0,0,0,0,0,234,0,0,0,0,0,0,0,64,0,0,0,0,0,0,0,0,0,0,0,0,0,254,0,0,0,0,0,0,0,203,0,0,0,0,0
00484 features=694 size=9 p=5 tap=30 reset=true scheme=1 ops=1,3,3,3,3,0,0,3,0,0,0,3,3,3,3,3,3,3,3,0,3,3,3,3,3,3,0,3,3,0,0,3,0,3,0,3,0,3,3,3,3,3,2,0,2,1,1,1,1,1,1,1,1,1,0,3,0,3,3,0,3,3,3,3 ks=0,0,0,135,0,0,0,0,0,0,0,0,0,0,0,0,0,0,0,0,39,195,190,0,0,0,0,0,1,0,0,0,0,0,0,0,64,0,0,84,0,0,0,0,0,0,0,0,0,0,0,0,0,0,0,0,0,0,0,0,252,0,2,0
00485 features=778 size=10 p=5 tap=12 reset=true scheme=3 ops=0,0,3,3,3,0,3,3,3,0,0,0,0,3,0,0,3,3,3,0,0,0,3,3,3,3,0,0,3,1,1,3,1,2,3,0,3,0,0,3,0,3,0,0,3,0,3,3,1,0,1,3,3,2,0,3,0,0,0,0,0,3,3,3 ks=0,0,0,0,0,0,0,0,0,0,0,0,0,0,0,0,0,0,149,0,0,0,0,0,0,0,0,0,0,0,0,0,0,254,151,8,4,0,0,255,0,0,0,0,0,0,0,0,0,0,0,0,0,0,0,0,0,25,0,0,16,2,0,160
00486 features=489 size=12 p=5 tap=30 reset=false scheme=1 ops=3,3,2,3,0,0,0,3,0,0,0,3,3,3,3,3,3,3,3,3,0,0,3,3,3,3,0,3,3,0,2,3,0,3,3,3,0,3,0,3,3,3,3,0,0,0,3,3,3,0,3,0,3,0,3,0,0,0,3,0,3,3,3,3 ks=0,0,0,135,0,0,4,0,0,0,0,0,0,0,0,123,0,0,0,1,0,0,0,0,0,255,0,0,1,0,0,0,0,32,0,0,64,0,0,0,0,0,0,0,252,0,0,0,3,0,0,0,164,0,0,0,0,0,0,0,0,211,0,0
00487 features=705 size=2 p=5 tap=28 reset=true scheme=1 ops=3,2,3,2,3,2,2,2,2,0,0,3,3,3,3,3,3,3,3,3,3,3,3,3,3,3,0,3,3,0,0,3,0,3,3,3,0,3,3,3,3,3,3,2,2,2,2,2,2,2,2,2,3,2,3,0,0,3,3,0,3,3,3,3 ks=0,0,0,0,0,0,0,0,0,0,0,0,0,0,0,0,0,0,0,0,0,0,190,0,0,0,0,0,1,0,0,0,0,0,0,0,0,0,0,0,0,0,0,0,0,0,0,0,0,0,0,0,0,0,0,0,0,0,0,0,0,0,0,0
00488 features=322 size=6 p=5 tap=30 reset=false scheme=1 ops=3,2,3,2,3,2,2,2,2,0,0,3,3,3,3,3,3,3,3,1,3,3,3,3,3,3,0,3,3,0,0,2,0,3,3,3,2,3,1,3,3,3,3,2,2,0,3,3,3,0,0,0,3,0,3,0,0,3,3,0,3,3,3,3 ks=0,0,0,0,0,0,0,0,0,2,0,0,0,0,0,0,0,0,0,0,0,0,190,0,0,0,0,0,1,0,16,0,0,0,155,0,0,0,0,0,0,0,255,0,0,0,0,0,0,0,0,0,0,0,0,0,0,0,0,0,0,0,0,0
00489 features=569 size=13 p=5 tap=30 reset=true scheme=1 ops=3,3,3,3,3,1,1,3,1,1,1,3,3,3,3,1,1,3,1,3,3,1,3,3,1,3,3,1,3,1,1,3,3,3,3,3,1,3,3,3,3,3,1,3,1,1,1,1,1,1,1,1,1,1,3,3,3,3,3,1,3,3,3,3 ks=0,0,0,135,0,0,0,0,0,0,0,0,0,0,0,0,0,79,0,215,0,131,254,0,70,0,0,0,1,0,0,0,0,0,0,0,64,0,0,218,0,0,0,0,0,0,0,0,255,0,254,0,0,0,0,0,0,0,0,127,0,0,2,0
00490 features=749 size=11 p=5 tap=12 reset=true scheme=3 ops=0,0,3,3,3,0,3,3,3,3,0,0,0,3,0,0,3,2,3,0,0,0,3,3,3,3,0,0,3,0,0,3,3,3,3,0,3,0,0,3,2,3,0,0,3,0,3,3,1,0,1,3,3,1,0,3,0,0,0,0,0,3,3,3 ks=0,0,0,0,144,0,0,0,0,0,0,0,0,0,0,0,0,0,0,0,0,0,0,0,0,0,0,0,0,0,32,0,1,0,151,8,0,0,17,255,22,0,0,0,0,0,0,0,0,0,0,0,0,0,0,0,0,25,0,0,0,2,0,128
00491 features=749 size=7 p=5 tap=30 reset=true scheme=0 ops=3,3,3,3,3,0,0,3,0,0,0,3,3,3,3,3,3,3,3,0,3,3,3,3,3,3,0,1,3,0,0,3,0,3,3,3,0,3,0,3,3,3,3,0,3,1,0,0,3,3,3,0,3,1,0,3,0,3,3,0,3,3,3,3 ks=0,0,0,135,0,0,0,0,0,0,0,0,0,0,0,0,0,0,0,0,0,195,190,0,0,0,0,0,1,0,0,0,0,0,0,0,64,0,0,0,0,0,0,0,0,0,0,0,0,0,0,0,0,0,0,0,0,0,0,127,0,0,2,0
00492 features=577 size=8 p=5 tap=17 reset=true scheme=3 ops=3,3,1,3,3,0,2,3,3,2,2,3,2,3,0,3,3,3,3,1,3,3,3,3,3,3,3,3,3,0,0,3,3,1,0,3,3,3,0,3,3,3,3,3,3,3,3,3,3,2,3,0,3,3,2,3,3,0,3,0,3,3,3,3 ks=0,0,0,0,0,0,0,0,0,0,0,0,0,127,0,58,7,79,0,0,0,211,190,4,0,0,0,0,0,0,0,0,0,0,0,0,0,0,0,0,0,0,0,0,0,0,0,0,0,0,0,0,0,0,0,0,0,0,0,0,0,0,0,252
00493 features=710 size=11 p=5 tap=17 reset=true scheme=3 ops=2,3,1,2,1,2,1,3,2,0,0,1,1,3,2,1,3,3,2,3,3,3,3,3,3,3,3,1,3,2,0,3,2,2,2,3,2,3,2,3,3,3,0,2,2,1,1,1,1,1,1,1,3,1,0,3,0,0,0,1,3,3,3,2 ks=0,0,0,0,0,0,0,0,0,0,16,0,0,4,0,0,0,79,0,0,249,131,2,0,2,0,0,0,0,0,0,0,0,0,216,0,64,0,0,0,0,0,0,0,0,0,0,0,0,0,0,0,0,0,0,0,0,181,0,0,0,4,0,0
00494 features=644 size=8 p=5 tap=17 reset=true scheme=3 ops=2,3,1,2,1,1,1,3,2,0,0,1,1,3,2,1,3,3,2,3,3,3,3,3,3,3,3,1,3,1,1,3,1,2,1,0,0,0,0,0,2,2,0,0,1,1,1,1,1,1,1,1,3,1,0,3,0,0,0,1,3,3,3,2 ks=0,0,0,0,0,0,0,0,0,0,0,0,0,0,0,0,0,79,0,0,249,131,2,0,0,0,0,0,0,0,0,127,0,0,0,0,0,0,0,0,166,0,0,0,4,0,0,0,0,0,0,0,0,0,0,0,0,0,0,0,0,4,0,0
00495 features=544 size=10 p=5 tap=52 reset=true scheme=1 ops=3,1,3,3,3,3,3,3,3,3,3,2,2,3,1,3,3,3,3,1,1,3,3,3,3,3,0,3,3,3,2,3,3,3,3,1,3,1,0,3,2,3,3,1,3,0,3,3,1,1,1,3,3,1,3,3,1,0,1,1,1,3,3,1 ks=0,0,0,0,0,0,0,0,0,0,0,0,0,0,0,1,0,0,0,254,0,0,0,0,0,0,0,0,0,0,0,0,0,0,0,0,0,0,17,0,20,0,0,2,0,0,0,0,0,1,0,0,0,0,253,0,0,25,0,0,0,2,0,32
00496 features=722 size=18 p=10 tap=52 reset=true scheme=3 ops=3,1,3,3,1,3,1,3,3,2,3,2,2,3,1,1,3,3,2,3,3,3,3,2,2,3,3,1,3,1,1,3,0,2,1,3,2,1,3,3,2,3,0,0,3,0,3,3,1,1,1,3,3,1,3,3,0,0,0,0,0,3,3,1 ks=0,0,0,0,0,0,0,0,255,0,128,0,0,0,0,51,0,79,0,215,0,195,254,0,0,184,178,0,0,0,0,0,0,0,0,0,0,0,0,0,20,1,0,0,0,0,0,0,0,1,128,0,192,8,0,0,0,25,0,0,0,2,0,32
00497 features=503 size=12 p=10 tap=52 reset=true scheme=3 ops=3,1,3,3,3,3,1,3,3,2,3,2,2,3,1,1,3,3,3,1,1,3,3,3,3,3,1,2,3,3,2,1,1,2,1,3,0,0,0,0,2,3,0,1,3,3,3,3,1,1,1,3,3,1,3,3,2,2,1,1,1,3,3,3 ks=0,59,0,0,0,0,0,0,0,0,0,0,0,0,0,0,0,0,2,250,0,254,0,32,0,0,0,0,0,0,0,0,0,0,0,0,0,0,0,0,20,0,0,8,0,0,0,0,0,0,0,0,192,0,0,0,0,26,0,0,0,2,253,254
00498 features=527 size=11 p=10 tap=52 reset=true scheme=3 ops=3,1,3,3,3,3,1,3,3,2,3,2,2,3,1,1,3,0,3,1,1,3,3,3,3,3,1,2,3,3,2,1,1,2,1,3,0,0,0,0,2,3,0,1,3,3,3,3,1,1,1,3,3,1,3,3,2,2,1,1,1,3,3,3 ks=0,0,0,0,0,0,0,0,0,0,0,0,0,0,0,0,0,255,2,250,0,0,0,32,0,0,0,0,0,0,0,0,0,0,0,0,0,0,0,0,20,0,0,8,0,0,0,0,0,0,0,0,192,0,0,0,0,26,0,0,0,2,253,254
00499 features=319 size=9 p=5 tap=30 reset=false scheme=2 ops=3,3,3,3,3,0,0,3,0,0,0,3,3,3,3,3,3,3,3,3,3,3,3,3,3,3,1,2,3,0,0,3,2,3,3,3,0,3,3,3,3,3,3,0,0,0,3,3,3,0,3,0,3,0,3,0,0,3,3,0,3,3,3,3 ks=0,0,0,135,0,0,0,0,0,0,0,0,0,0,0,0,0,0,4,0,0,195,0,0,0,0,0,0,1,0,0,0,0,0,0,0,64,0,8,0,0,0,0,0,0,0,0,0,3,0,0,0,164,0,0,4,0,0,0,0,0,0,0,0
00500 features=806 size=7 p=5 tap=0 reset=true scheme=3 ops=0,0,3,3,3,0,3,3,3,0,0,0,0,3,3,0,3,3,3,0,0,0,3,3,3,3,0,0,3,0,0,1,3,3,3,0,0,0,0,3,0,3,0,0,3,0,3,3,0,0,0,3,3,0,0,3,0,0,0,0,0,3,3,3 ks=0,0,0,0,0,0,0,0,0,0,0,0,0,0,1,0,0,0,0,0,0,0,0,0,0,0,0,0,0,0,0,0,0,0,0,8,0,0,17,0,20,0,0,0,0,0,0,0,0,0,0,0,0,0,0,0,0,25,0,0,0,2,0,32
00501 features=691 size=9 p=5 tap=17 reset=true scheme=3 ops=2,3,1,2,1,1,1,3,2,0,0,1,1,3,2,1,3,3,2,3,3,3,3,3,3,3,3,1,3,2,1,3,2,2,2,3,2,1,2,3,3,3,0,2,2,0,1,1,1,1,1,1,3,1,0,3,0,0,0,1,3,3,3,2 ks=0,0,0,0,0,0,0,0,0,0,16,0,0,4,0,0,0,79,0,0,249,131,2,0,0,0,0,0,0,0,0,0,0,0,216,0,64,0,0,0,0,0,0,0,0,0,0,0,0,0,0,0,0,0,0,0,0,0,0,0,0,4,0,0
00502 features=575 size=12 p=10 tap=52 reset=true scheme=3 ops=3,1,3,3,3,3,1,3,3,2,3,2,2,3,1,3,3,3,3,1,1,3,3,3,3,3,1,2,3,3,2,1,1,2,1,0,0,0,0,0,2,3,1,1,3,3,3,3,1,1,1,3,3,1,3,3,2,2,1,1,1,3,3,3 ks=0,0,0,0,0,0,0,0,0,0,0,0,0,0,0,1,0,0,32,254,0,0,0,0,0,0,0,0,0,0,0,0,0,0,0,0,0,0,0,0,20,0,0,0,0,0,0,0,0,1,0,0,100,8,0,0,1,25,0,0,0,2,253,32
00503 features=662 size=15 p=5 tap=52 reset=true scheme=3 ops=3,3,3,3,3,2,3,2,3,2,3,2,3,3,3,2,3,3,2,0,2,2,3,3,1,3,3,3,3,0,0,3,3,1,3,2,3,3,2,3,2,3,2,3,3,2,3,3,3,3,2,3,3,3,3,3,1,0,0,1,2,3,3,3 ks=255,0,0,64,98,0,0,0,0,0,0,0,0,0,1,0,0,0,0,4,0,0,0,0,0,0,0,0,0,0,2,1,0,0,2,8,0,0,17,0,20,0,0,0,0,0,0,0,0,0,0,0,0,4,0,0,16,0,0,0,0,2,0,32
00504 features=776 size=12 p=5 tap=12 reset=true scheme=3 ops=0,0,3,3,3,0,3,3,3,3,0,0,1,3,0,0,3,2,3,0,0,0,3,3,3,3,0,0,3,1,1,3,1,2,3,1,3,0,0,3,0,3,0,0,3,0,0,3,1,0,1,3,3,0,0,3,3,3,3,0,0,3,3,3 ks=0,0,0,0,144,0,0,0,0,0,0,0,0,0,0,0,0,0,0,0,1,0,0,0,0,0,128,0,0,32,0,0,0,0,151,8,0,0,0,255,22,0,0,72,0,0,0,0,0,0,0,0,0,0,0,0,0,25,0,0,0,2,0,160
00505 features=601 size=10 p=5 tap=16 reset=false scheme=5 ops=0,1,3,2,1,2,1,3,2,0,0,1,1,3,2,1,3,3,2,3,3,3,3,3,2,3,3,1,3,1,1,3,1,2,1,0,0,0,1,3,2,2,0,0,2,0,1,1,1,1,1,1,3,0,0,2,2,2,2,2,3,3,3,2 ks=0,0,0,0,0,0,0,0,0,0,0,0,0,0,221,0,0,83,0,0,249,195,127,0,0,0,0,0,0,0,0,0,0,0,0,0,0,0,0,2,0,0,0,0,0,0,34,0,0,0,254,0,0,0,0,0,0,0,0,127,16,0,0,0
00506 features=515 size=6 p=5 tap=17 reset=false scheme=1 ops=2,1,3,2,1,2,1,3,2,0,0,0,1,3,2,1,3,3,2,3,3,3,3,3,3,3,3,1,3,1,1,3,1,2,1,0,0,0,0,0,2,2,0,0,2,0,1,1,1,1,1,1,1,1,1,1,2,1,2,2,3,3,3,2 ks=0,0,0,0,0,0,0,0,0,0,0,0,0,0,0,0,0,71,0,0,252,193,2,2,0,0,0,0,0,0,0,0,0,0,0,0,0,0,0,0,0,0,0,0,0,0,0,0,0,0,0,0,0,0,0,0,0,0,0,1,0,0,0,0
00507 features=786 size=12 p=5 tap=12 reset=true scheme=3 ops=0,0,3,3,3,0,3,3,3,0,0,0,0,1,0,0,3,3,3,3,3,3,3,3,2,3,3,1,3,0,0,3,3,3,3,0,3,0,0,3,0,3,0,0,3,0,3,3,0,0,0,3,3,0,0,3,0,0,0,0,0,3,3,3 ks=0,0,0,0,0,0,0,0,0,0,143,0,254,0,1,0,0,0,0,215,0,0,254,0,0,0,0,0,0,0,0,0,76,0,0,8,0,0,17,0,20,0,0,0,0,0,0,0,0,0,0,0,0,0,0,0,0,29,0,0,0,2,0,32
00508 features=705 size=12 p=5 tap=17 reset=true scheme=3 ops=2,3,1,2,1,2,1,3,2,0,0,1,1,3,2,1,3,3,2,3,3,3,3,3,3,3,3,1,3,2,0,3,2,2,2,3,2,3,2,3,3,3,0,2,2,1,1,1,1,1,1,1,3,1,0,3,0,0,0,1,3,3,3,2 ks=0,0,0,0,0,0,0,0,0,0,16,0,0,4,0,0,0,79,0,0,249,131,2,0,2,0,0,0,0,0,0,0,0,0,216,0,64,0,0,0,0,0,0,0,0,0,0,0,0,0,0,0,0,0,0,0,67,181,0,0,0,4,0,0
00509 features=426 size=8 p=5 tap=52 reset=true scheme=3 ops=3,1,3,3,3,3,3,3,3,2,3,2,2,3,1,3,3,3,3,1,1,3,3,3,3,3,1,2,3,3,2,1,3,3,3,1,3,1,2,3,2,3,2,1,3,3,3,3,1,1,1,3,3,1,3,3,2,2,1,1,1,3,3,3 ks=0,0,0,0,0,0,0,0,0,0,0,0,0,0,0,0,0,0,0,254,0,0,0,0,0,0,0,0,0,0,0,0,0,0,0,0,0,0,49,2,20,0,0,0,0,0,0,0,0,1,0,0,0,0,253,0,0,0,0,0,0,2,0,32
00510 features=500 size=8 p=5 tap=30 reset=false scheme=0 ops=3,3,3,3,3,0,0,3,0,0,0,3,3,3,3,3,3,3,3,3,3,3,3,3,3,3,0,3,3,0,0,3,2,3,3,3,0,2,3,3,3,3,3,0,1,0,3,3,3,0,3,2,1,2,1,2,1,0,0,1,0,0,3,1 ks=0,0,119,135,0,0,0,0,0,0,0,0,0,0,0,0,0,0,0,0,0,195,190,127,0,0,0,0,1,0,0,0,0,128,0,0,0,0,8,0,0,0,0,0,0,0,0,0,0,0,0,0,0,0,0,0,0,0,0,0,0,0,0,0
00511 features=749 size=3 p=10 tap=30 reset=true scheme=1 ops=3,2,3,2,3,2,2,2,2,0,0,3,3,3,3,3,3,3,3,3,3,3,3,3,2,3,2,3,3,0,0,3,0,3,3,0,3,2,3,3,3,3,3,0,0,0,3,3,3,0,0,0,3,0,3,0,0,3,3,0,3,3,3,3 ks=0,0,0,0,0,0,0,0,0,0,0,0,0,0,0,0,0,0,0,0,0,0,190,0,0,0,0,0,1,0,0,0,0,0,0,8,0,0,0,0,0,0,0,0,0,0,0,0,0,0,0,0,0,0,0,0,0,0,0,0,0,0,0,0
00512 features=501 size=8 p=5 tap=17 reset=false scheme=0 ops=2,3,3,2,1,2,1,3,2,0,0,1,1,3,2,1,3,3,2,3,3,3,3,3,3,3,3,1,3,1,1,3,1,2,1,0,0,0,0,0,2,2,0,0,2,1,1,1,1,1,1,1,1,1,1,1,1,1,2,2,3,3,3,2 ks=0,0,0,0,0,0,0,0,0,0,0,0,0,0,0,200,0,79,0,0,0,195,2,255,0,0,0,0,0,0,0,0,0,0,0,0,0,0,0,0,0,0,0,0,0,0,0,0,255,0,254,0,0,0,0,0,0,0,0,0,0,127,0,0
00513 features=553 size=12 p=5 tap=52 reset=true scheme=3 ops=3,1,3,3,3,3,3,3,3,2,3,2,1,3,2,1,3,3,3,1,1,3,3,3,3,3,1,2,3,3,3,1,3,3,3,1,3,1,2,3,0,3,2,1,3,3,3,3,1,1,1,3,3,1,3,3,2,2,1,1,1,3,3,3 ks=0,0,0,0,0,0,255,0,0,0,0,2,0,0,0,0,0,0,0,0,0,0,0,0,1,0,0,0,0,0,0,0,0,0,0,0,0,0,17,0,20,0,0,0,0,0,0,0,0,1,255,0,0,0,0,253,47,25,0,0,0,2,0,32
00514 features=471 size=12 p=5 tap=52 reset=true scheme=3 ops=3,1,3,3,3,3,3,3,3,2,3,2,2,3,1,3,3,3,3,1,1,3,3,3,3,3,0,3,3,3,2,3,0,3,3,1,3,1,2,3,2,3,2,1,3,3,3,3,1,1,1,3,0,1,3,3,2,2,1,1,1,3,3,3 ks=0,0,0,0,0,0,4,0,0,0,0,0,0,2,0,1,0,0,0,254,0,0,0,0,0,0,0,0,0,0,0,0,0,0,0,0,0,0,17,0,20,252,0,0,0,0,0,0,0,1,0,0,0,0,253,0,252,0,0,0,0,2,0,32
00515 features=550 size=10 p=10 tap=52 reset=true scheme=3 ops=3,1,3,3,3,3,1,3,3,2,3,2,2,3,1,1,3,3,3,1,1,3,3,3,3,3,1,2,3,3,3,1,1,2,1,3,2,1,3,3,1,3,1,1,3,3,0,3,1,1,1,3,3,1,3,3,0,0,0,0,0,3,3,1 ks=0,0,0,0,0,0,0,0,255,0,0,0,0,219,0,0,0,0,2,250,0,0,0,0,0,0,0,0,0,0,0,0,0,0,0,0,0,0,0,0,0,0,0,254,0,0,0,0,0,1,128,0,192,0,0,0,0,25,0,0,0,2,0,0
00516 features=782 size=13 p=5 tap=16 reset=false scheme=5 ops=0,1,3,2,1,2,1,3,2,0,0,1,1,3,2,1,3,3,2,2,3,3,3,3,2,3,2,1,3,1,3,3,1,2,1,0,0,0,0,1,1,3,0,0,2,0,2,1,2,0,2,2,3,0,0,3,0,0,0,0,1,0,3,1 ks=1,0,0,0,0,0,0,252,0,0,0,0,0,0,223,0,0,79,0,0,249,195,127,0,0,0,64,0,254,0,0,0,0,0,0,0,0,0,0,128,0,0,0,0,0,0,0,0,0,0,0,8,0,0,0,0,0,25,0,0,126,0,0,0
00517 features=777 size=11 p=5 tap=17 reset=true scheme=3 ops=2,2,1,2,1,2,1,3,2,0,0,1,1,3,2,1,3,3,2,3,3,3,3,3,3,3,3,1,3,2,0,3,2,2,2,3,2,3,2,3,3,3,3,2,2,2,2,2,2,2,2,2,3,1,0,3,0,0,0,1,3,3,3,2 ks=0,0,0,0,0,0,0,0,0,0,16,0,0,4,0,0,0,79,0,0,249,131,2,0,2,0,0,0,0,0,0,0,0,0,216,0,64,0,0,0,0,0,0,0,0,0,0,0,0,0,0,0,0,0,0,0,0,181,0,0,0,4,0,0
00518 features=498 size=13 p=5 tap=17 reset=false scheme=3 ops=2,3,3,2,1,2,1,3,2,0,0,1,1,3,2,1,1,3,2,3,1,3,3,3,2,3,3,1,3,1,1,3,1,2,1,0,0,0,2,0,2,2,0,0,3,3,3,3,0,0,0,3,3,0,0,3,3,0,0,1,3,3,3,2 ks=0,0,0,0,0,32,1,0,0,0,0,0,213,0,0,0,0,79,0,0,0,199,254,0,0,0,0,0,0,0,0,3,0,0,254,1,0,0,128,0,0,0,0,0,0,0,0,65,0,0,0,0,0,0,0,0,0,25,253,0,0,0,0,0
00519 features=562 size=11 p=5 tap=17 reset=true scheme=3 ops=2,3,1,2,1,2,1,3,2,2,1,1,1,3,2,1,3,3,2,3,3,3,3,3,3,3,3,1,3,1,1,3,1,2,1,2,3,3,2,3,2,2,1,3,1,1,3,1,1,1,1,1,3,1,2,3,3,1,3,1,3,3,3,2 ks=0,0,0,0,0,0,0,0,16,0,0,0,0,0,0,0,252,79,0,0,0,131,2,128,0,0,0,0,0,252,0,127,0,0,0,0,0,0,0,0,166,0,0,0,0,0,0,0,0,0,4,0,0,0,0,0,0,0,0,0,0,4,0,0
00520 features=449 size=10 p=5 tap=52 reset=true scheme=3 ops=3,1,3,3,3,3,3,3,3,2,3,2,2,3,1,3,3,3,3,1,1,3,3,3,3,3,1,2,1,1,1,0,3,3,3,1,3,1,2,3,2,3,2,1,3,3,3,3,1,1,1,1,3,1,3,3,2,2,1,1,1,3,3,3 ks=161,0,0,0,0,0,0,0,0,0,0,0,0,0,0,0,0,0,0,254,0,0,0,0,0,0,0,0,0,0,0,0,0,0,0,0,0,0,17,0,20,0,0,0,0,0,0,0,0,1,254,0,0,0,64,0,0,25,0,0,0,2,0,32
00521 features=610 size=13 p=5 tap=17 reset=true scheme=3 ops=1,3,3,0,1,3,1,3,1,0,0,1,1,3,3,1,3,3,3,3,3,3,3,3,3,3,3,1,3,1,1,1,1,1,1,0,0,0,0,0,1,0,1,0,3,1,1,1,1,1,1,1,1,1,0,3,0,0,0,1,3,3,3,1 ks=0,0,28,0,0,0,0,0,0,131,0,0,0,0,143,0,0,79,0,0,249,131,2,0,0,0,0,0,0,0,0,45,0,0,0,0,0,0,0,0,166,0,0,0,0,0,0,0,255,0,254,0,0,0,0,0,0,25,0,0,0,4,0,0
00522 features=591 size=5 p=5 tap=16 reset=false scheme=5 ops=2,1,3,2,1,2,1,3,2,0,0,1,1,3,2,1,3,3,2,3,3,3,3,3,2,3,3,1,3,1,1,3,1,2,1,0,0,0,0,3,1,3,0,0,2,0,2,1,2,0,2,2,1,2,1,2,1,0,0,1,0,0,3,1 ks=0,0,0,81,0,0,0,0,0,0,0,0,0,0,0,0,0,0,0,0,249,190,254,253,0,0,0,0,0,0,0,0,0,0,0,0,0,0,0,0,0,0,0,0,0,0,0,0,0,0,0,0,0,0,0,0,0,0,0,0,0,0,0,0
00523 features=663 size=14 p=10 tap=52 reset=true scheme=3 ops=3,1,2,3,3,3,2,3,2,2,2,3,2,3,0,3,3,3,3,1,1,3,3,3,3,3,3,3,3,0,0,1,1,2,1,0,0,0,0,0,2,3,1,1,3,3,3,3,1,1,1,3,3,1,3,3,2,2,1,1,1,3,3,3 ks=0,0,0,0,0,0,0,196,0,0,0,0,0,127,0,58,0,0,0,254,0,0,0,0,0,0,0,127,0,0,0,0,0,0,0,0,0,0,0,0,20,0,0,0,0,0,0,0,0,1,128,0,192,8,0,0,0,25,0,0,0,2,253,32
00524 features=490 size=11 p=5 tap=16 reset=false scheme=5 ops=2,0,3,2,1,2,1,3,2,0,0,1,1,3,2,1,3,3,2,3,3,3,3,3,2,3,3,1,1,1,1,3,1,2,1,0,0,0,2,3,3,3,0,0,1,1,1,1,1,1,1,1,1,1,1,1,1,1,1,1,0,0,3,1 ks=127,0,0,64,0,0,0,0,0,0,0,0,30,0,0,0,0,0,0,215,217,195,254,0,0,0,0,0,0,0,0,0,0,0,0,0,0,0,253,0,0,0,0,0,0,0,0,0,0,1,0,8,0,0,0,0,0,0,0,0,0,0,0,8
00525 features=262 size=9 p=5 tap=17 reset=false scheme=3 ops=2,3,3,2,1,2,1,3,2,0,0,1,1,3,2,1,1,3,2,3,1,3,3,3,2,3,3,1,3,1,1,3,1,2,1,0,0,3,3,3,3,3,3,3,3,3,3,3,3,3,3,3,3,0,0,3,0,0,0,0,0,3,3,2 ks=0,0,0,0,0,32,0,0,0,0,0,0,0,0,0,0,0,79,0,215,0,195,254,0,0,254,0,0,0,0,0,0,0,0,0,1,39,0,0,0,0,0,0,0,0,0,0,0,0,0,0,0,0,0,0,0,0,0,0,0,0,2,0,0
00526 features=688 size=11 p=5 tap=17 reset=true scheme=3 ops=2,3,1,2,1,2,1,3,2,0,0,1,1,3,2,1,3,3,2,3,3,3,3,3,3,3,3,1,3,2,0,3,2,2,1,3,2,3,2,3,3,3,0,2,2,1,1,1,1,1,1,1,3,1,0,3,0,0,0,1,3,3,3,2 ks=0,0,0,0,254,0,0,0,0,0,16,0,0,4,0,0,0,79,0,0,249,131,2,0,0,0,0,0,0,0,0,254,0,0,216,0,64,0,0,0,0,0,0,0,0,0,0,0,0,0,0,0,0,0,0,0,0,0,0,0,0,4,0,0
00527 features=848 size=7 p=5 tap=12 reset=true scheme=3 ops=0,0,3,3,3,0,3,3,3,3,0,0,0,3,0,0,3,3,3,0,0,0,3,3,3,3,0,0,3,0,0,3,0,0,0,0,0,0,0,0,0,3,0,0,0,0,3,3,3,0,0,3,3,0,0,3,0,0,0,0,0,3,3,3 ks=0,0,0,0,144,0,0,0,0,0,0,0,0,0,0,0,0,0,0,0,0,0,0,0,0,0,0,0,0,0,0,0,0,0,0,0,0,0,0,254,166,0,0,0,0,0,0,8,0,0,0,0,0,0,0,0,0,25,0,0,0,2,0,160
00528 features=549 size=13 p=10 tap=52 reset=true scheme=3 ops=3,1,3,3,3,3,1,3,3,2,3,2,2,3,1,1,3,3,3,1,1,3,3,3,3,3,1,2,3,3,0,1,1,2,1,3,2,1,3,3,2,3,1,1,3,3,3,3,1,1,1,3,3,1,3,3,2,2,1,1,1,3,3,3 ks=0,0,0,0,0,0,0,0,255,0,0,0,0,0,0,0,0,0,2,250,0,0,0,0,64,0,0,0,0,0,0,0,0,0,0,0,0,0,0,0,20,1,0,0,0,0,0,0,0,1,128,0,192,8,0,0,0,25,0,0,0,2,0,32
00529 features=514 size=3 p=5 tap=17 reset=false scheme=4 ops=2,3,3,2,1,3,1,3,2,0,0,1,1,3,2,1,3,3,2,3,3,2,3,3,2,1,3,3,3,2,1,3,3,2,2,3,2,3,1,3,3,3,3,2,2,2,2,2,2,2,2,2,3,2,2,2,2,2,2,2,3,3,3,2 ks=0,0,0,0,0,0,0,0,0,0,0,0,0,2,0,0,0,108,0,0,0,0,255,0,0,0,0,0,0,0,0,0,0,0,0,0,0,0,0,0,0,0,0,0,0,0,0,0,0,0,0,0,0,0,0,0,0,0,0,0,0,0,0,0
00530 features=791 size=5 p=5 tap=17 reset=true scheme=4 ops=3,3,3,3,3,0,1,3,1,3,3,1,2,3,0,3,3,3,3,3,3,3,3,3,1,3,3,3,3,0,0,3,3,1,0,3,3,3,0,3,3,3,3,0,3,1,0,0,0,0,0,3,3,0,0,3,3,0,0,0,3,3,3,3 ks=0,0,0,0,0,0,0,0,0,0,0,0,0,127,0,229,0,79,0,0,0,195,190,0,0,0,0,0,0,0,0,0,0,0,0,0,0,0,0,0,0,0,0,0,0,0,0,0,0,0,0,0,0,0,0,0,0,0,0,0,0,0,0,0
00531 features=324 size=9 p=5 tap=52 reset=false scheme=2 ops=3,1,3,3,3,3,3,3,3,2,3,2,2,3,1,3,3,3,3,1,1,1,3,3,3,3,0,3,3,3,2,3,0,3,3,1,2,1,2,3,2,3,2,1,3,3,3,3,1,1,1,3,0,1,3,3,2,2,1,1,1,3,3,3 ks=0,0,0,0,0,0,0,0,0,0,0,0,0,0,0,0,0,0,0,254,0,0,0,0,0,0,0,0,0,0,0,0,0,0,0,0,0,0,17,0,20,252,0,0,0,0,0,0,0,195,127,0,0,0,253,0,0,0,0,0,0,2,0,32
00532 features=608 size=13 p=10 tap=52 reset=true scheme=3 ops=3,1,1,3,3,3,2,3,3,2,2,1,2,3,0,3,3,3,3,1,1,3,3,3,3,3,1,2,3,3,2,1,1,2,1,0,0,0,0,0,2,3,1,1,3,3,3,3,1,1,1,3,3,1,3,3,2,2,1,1,1,3,3,3 ks=0,0,0,0,0,0,0,196,0,0,0,0,0,127,0,58,0,0,0,254,0,0,0,0,0,0,0,0,0,0,0,0,0,0,0,0,0,0,0,0,20,0,0,0,0,0,0,0,1,1,0,0,192,8,0,0,0,25,0,0,0,2,253,32
00533 features=177 size=5 p=5 tap=52 reset=false scheme=1 ops=1,1,3,3,3,1,3,3,3,3,1,3,3,3,1,3,3,3,3,1,1,3,3,3,3,3,1,3,3,3,3,3,3,3,3,3,3,3,1,3,3,3,1,3,3,3,3,3,1,3,1,3,3,3,3,3,3,3,3,1,1,3,3,3 ks=0,0,0,0,144,0,0,0,0,0,0,0,0,0,0,0,0,3,0,0,0,0,0,0,0,0,0,0,0,0,0,0,0,0,0,8,0,0,0,0,0,0,0,0,0,0,0,65,189,0,0,0,0,0,0,0,0,0,0,0,0,0,0,0
00534 features=351 size=11 p=5 tap=30 reset=false scheme=1 ops=3,3,3,3,1,3,3,3,3,2,3,2,2,3,1,3,3,3,3,3,3,3,3,3,3,3,0,3,3,0,0,3,0,3,3,3,0,3,3,3,3,3,3,0,0,0,3,3,3,0,3,0,3,0,3,0,0,3,3,0,3,3,3,3 ks=0,0,0,0,0,0,0,0,0,0,0,0,0,0,0,0,0,0,0,0,102,195,190,127,0,0,0,128,127,0,0,2,0,0,0,63,64,0,0,0,255,0,0,0,0,0,0,0,0,0,0,0,0,0,0,0,16,0,0,0,0,0,0,0
00535 features=643 size=14 p=5 tap=24 reset=true scheme=3 ops=2,3,3,2,1,2,1,3,2,0,0,1,1,3,2,1,1,3,2,3,3,3,3,3,2,3,3,1,3,1,1,3,1,2,1,0,0,0,0,0,2,2,0,0,2,1,2,1,1,1,1,1,1,1,0,3,0,0,0,1,3,3,3,2 ks=0,0,8,0,0,0,252,0,0,0,0,0,0,0,0,0,0,79,0,215,0,195,254,127,0,0,0,0,0,0,0,0,0,0,254,0,0,0,0,76,0,0,64,0,0,0,0,0,255,0,254,0,0,0,0,0,0,2,253,0,0,0,0,0
00536 features=356 size=6 p=10 tap=30 reset=false scheme=1 ops=3,2,3,2,3,2,2,2,2,0,0,3,3,3,3,3,3,3,3,3,3,3,3,3,3,3,0,3,3,0,0,3,0,3,3,3,0,3,3,3,3,3,3,0,0,0,3,3,3,0,0,0,3,0,3,0,0,3,3,0,3,3,3,3 ks=0,0,0,0,0,128,0,0,0,0,0,0,0,0,0,0,0,0,0,0,0,0,190,0,0,0,0,0,1,0,16,0,0,0,0,0,0,0,0,0,0,0,0,255,0,156,0,0,0,0,0,0,0,0,0,0,0,0,0,0,0,0,0,0
00537 features=576 size=9 p=5 tap=17 reset=false scheme=3 ops=2,3,3,2,1,2,1,3,2,0,0,1,1,3,2,1,1,3,2,3,1,3,3,3,2,3,3,1,3,1,1,3,1,2,1,0,0,0,2,0,2,2,0,0,3,0,3,3,0,0,0,3,3,0,0,3,3,0,0,1,3,3,3,2 ks=0,0,0,0,0,32,0,0,0,0,0,0,0,0,0,0,0,79,0,0,0,195,254,0,0,0,0,0,0,0,0,0,0,0,254,0,0,0,0,0,0,0,0,0,0,0,0,65,0,0,0,0,0,0,0,0,0,25,253,0,0,0,127,0
00538 features=233 size=3 p=5 tap=17 reset=false scheme=2 ops=3,3,3,3,3,0,3,3,3,0,0,1,1,3,0,1,3,3,1,1,3,3,3,3,0,3,1,3,3,1,1,3,1,1,3,3,3,3,1,3,3,3,1,1,1,1,1,1,1,1,1,1,1,1,1,1,1,1,1,1,3,3,3,1 ks=0,0,0,0,0,0,0,0,0,0,0,0,0,0,0,0,0,79,0,0,0,195,0,0,0,0,0,0,0,0,0,0,0,0,0,0,0,0,0,0,0,0,0,0,0,0,0,0,0,0,0,0,0,0,0,0,0,0,203,0,0,0,0,0
00539 features=580 size=8 p=5 tap=17 reset=false scheme=3 ops=2,3,3,2,1,2,1,3,2,0,0,1,1,3,2,1,1,3,2,3,1,3,3,3,2,3,3,1,3,1,1,3,1,2,1,0,0,0,2,0,2,2,0,0,3,0,3,3,0,0,0,3,3,0,0,3,3,0,0,1,3,3,3,2 ks=0,0,0,0,32,0,0,0,0,0,0,0,0,0,0,0,1,79,0,0,0,195,254,0,0,0,0,0,0,0,0,0,0,0,0,0,0,0,0,0,0,0,0,0,0,0,0,65,0,0,0,0,0,0,0,0,0,25,253,0,0,0,0,0
00540 features=539 size=11 p=5 tap=17 reset=true scheme=3 ops=2,3,3,2,1,2,1,3,2,0,0,1,1,3,2,1,1,3,2,3,1,3,3,3,2,3,3,1,3,1,1,3,1,2,1,0,0,3,3,3,3,3,3,3,3,3,3,3,3,3,3,3,3,0,0,3,0,0,0,0,0,3,3,2 ks=0,0,0,0,0,32,0,0,0,0,0,0,0,0,0,0,0,79,0,215,0,195,254,0,0,0,0,0,0,0,0,0,0,0,254,1,39,0,0,8,0,0,0,0,0,0,0,0,0,0,0,0,0,0,0,0,0,25,0,0,0,2,0,0
00541 features=370 size=6 p=10 tap=30 reset=false scheme=1 ops=3,2,3,2,1,2,2,2,2,0,0,3,3,3,3,3,3,3,3,3,3,3,3,3,3,3,0,3,3,0,0,3,0,3,3,3,0,3,3,3,3,3,3,0,0,0,3,3,3,0,0,0,3,0,3,0,0,3,3,0,3,3,3,3 ks=0,0,0,0,0,0,0,0,0,0,0,0,0,255,0,0,0,0,0,0,0,0,190,0,0,0,0,0,1,0,16,2,0,0,0,0,0,0,0,0,0,0,0,255,0,0,0,0,0,0,0,0,0,0,0,0,0,0,0,0,0,0,0,0
00542 features=708 size=9 p=5 tap=17 reset=true scheme=3 ops=2,3,1,2,1,2,1,3,2,0,0,1,1,3,2,1,3,3,2,3,3,3,3,3,3,3,3,1,3,2,0,3,2,2,2,3,2,1,2,3,3,3,0,2,2,1,1,1,1,1,1,1,3,1,0,3,0,0,0,1,3,3,3,0 ks=0,0,0,0,0,0,0,0,0,0,16,0,0,4,0,0,0,79,0,0,249,131,2,0,0,0,0,0,0,0,0,0,0,0,216,0,64,0,0,0,0,0,0,0,0,0,0,0,0,0,0,0,0,0,0,0,0,0,0,0,0,4,0,0
00543 features=814 size=13 p=5 tap=12 reset=true scheme=3 ops=0,0,3,3,3,0,3,3,3,0,0,0,0,3,0,0,3,3,3,0,0,0,3,3,3,3,0,0,3,1,3,3,1,2,3,0,3,0,0,3,0,3,0,0,3,0,3,3,1,0,1,3,3,2,0,3,0,0,0,0,0,3,3,3 ks=0,0,0,0,144,0,0,0,0,0,0,0,0,0,0,0,0,0,149,0,0,0,0,0,0,0,0,0,0,0,0,0,0,254,151,8,4,4,0,255,0,0,0,0,0,0,0,0,0,0,0,197,0,0,0,0,0,25,0,0,16,2,0,160
00544 features=307 size=9 p=5 tap=30 reset=false scheme=3 ops=3,3,3,3,3,0,0,3,0,1,0,3,3,3,0,0,3,3,3,0,0,0,3,3,3,3,0,3,3,0,0,3,0,3,3,3,0,3,3,3,3,3,3,3,0,0,3,3,3,0,3,0,3,0,3,0,0,3,3,0,3,3,3,3 ks=0,0,0,135,0,2,0,0,0,0,0,0,0,0,1,0,0,0,0,0,0,0,3,0,0,0,0,0,1,2,0,0,0,0,0,0,0,0,0,125,128,0,0,0,0,0,0,0,0,0,0,0,164,0,0,0,0,0,0,0,0,0,0,0
00545 features=783 size=10 p=5 tap=12 reset=true scheme=3 ops=0,0,3,3,3,0,3,1,3,0,0,0,0,3,0,0,3,3,3,0,0,0,3,3,3,3,0,0,3,1,1,3,1,2,3,0,3,0,0,3,0,3,0,0,3,0,3,3,1,0,1,3,3,2,0,3,0,0,0,0,0,3,3,3 ks=0,0,0,0,0,0,0,0,0,0,0,0,0,0,0,0,0,0,149,0,0,0,0,0,0,0,0,0,0,0,0,0,0,254,182,8,4,0,0,255,0,0,0,0,0,0,0,0,0,0,0,0,0,0,0,0,0,25,0,0,16,2,0,160
00546 features=458 size=10 p=5 tap=52 reset=true scheme=3 ops=3,1,3,3,3,3,3,3,3,2,3,2,2,3,1,3,3,3,3,1,1,3,3,3,3,3,1,2,3,3,2,1,3,3,3,1,3,1,2,3,2,3,2,1,3,3,3,3,1,1,1,1,3,1,3,3,2,2,1,1,1,3,3,3 ks=0,254,0,0,0,0,0,0,0,0,0,0,0,0,0,0,0,0,0,254,0,0,0,0,0,0,0,0,16,0,0,0,0,0,0,0,0,0,17,0,20,0,0,0,4,0,0,0,0,1,0,0,0,0,0,0,0,254,0,0,0,2,0,32
00547 features=300 size=10 p=5 tap=12 reset=false scheme=3 ops=2,3,3,2,1,2,1,3,2,0,0,1,1,3,2,1,1,3,2,3,1,3,3,3,2,3,3,1,3,1,1,3,1,2,1,0,0,3,3,3,3,3,3,3,3,3,3,3,3,3,3,3,3,0,0,3,0,0,0,0,0,3,3,2 ks=0,0,0,0,0,32,0,0,0,0,0,0,0,0,0,0,0,79,0,215,0,195,254,0,0,0,0,0,0,0,0,0,0,0,254,1,39,0,0,0,0,0,0,0,0,0,0,0,0,0,0,0,0,0,0,0,0,25,0,0,0,2,0,0
00548 features=493 size=13 p=5 tap=30 reset=false scheme=1 ops=3,3,2,3,3,0,0,3,0,0,0,3,3,3,3,3,3,3,3,3,0,0,3,3,3,3,0,3,3,0,2,3,0,3,3,3,0,3,0,3,3,3,3,0,0,0,3,3,3,0,3,0,3,0,3,0,0,3,3,0,3,3,3,3 ks=0,0,0,135,0,0,4,0,0,0,0,0,0,0,0,123,0,0,0,1,0,0,0,0,0,255,0,0,1,0,0,0,2,32,0,0,64,0,0,0,0,0,0,0,252,0,0,0,3,0,0,0,164,0,0,0,0,0,0,0,0,211,0,0
00549 features=622 size=8 p=5 tap=17 reset=true scheme=3 ops=2,3,1,2,1,2,1,3,2,0,0,1,1,3,2,1,3,3,2,3,3,3,3,1,3,3,3,1,3,1,1,3,1,2,1,0,0,0,0,0,2,2,0,0,1,1,1,1,1,1,1,1,3,1,1,3,0,0,0,1,3,3,3,2 ks=0,0,0,0,0,0,0,0,0,0,0,0,0,0,0,0,0,79,0,0,249,131,2,0,0,0,2,0,0,0,0,127,0,0,0,0,0,0,0,0,166,0,127,0,0,0,0,0,0,0,0,0,0,0,0,0,0,0,0,0,0,0,0,0
00550 features=225 size=8 p=5 tap=52 reset=false scheme=3 ops=3,1,3,3,3,3,3,3,3,2,3,2,2,3,1,3,3,3,3,1,1,3,3,3,3,3,1,2,3,3,2,1,3,3,3,1,3,1,2,3,2,3,2,1,3,3,3,3,1,1,1,3,3,1,3,3,2,2,1,1,1,3,3,3 ks=0,0,0,0,0,0,0,0,0,0,0,0,0,0,0,0,0,0,128,254,0,0,0,0,0,0,0,0,0,0,0,0,0,0,0,0,0,0,17,0,20,0,0,0,0,0,0,0,0,1,0,0,0,0,128,0,0,0,0,0,0,2,0,32
00551 features=430 size=11 p=5 tap=30 reset=false scheme=1 ops=3,2,3,2,3,2,2,2,2,0,0,3,3,3,0,0,3,3,3,0,0,0,3,3,3,3,0,0,3,0,0,3,0,3,3,3,0,3,3,3,3,3,3,0,0,2,3,3,3,0,3,0,3,0,3,0,0,3,3,0,3,3,3,3 ks=0,0,128,0,0,0,128,0,0,0,253,0,91,0,1,0,0,0,0,0,0,0,0,1,16,0,0,0,1,0,0,0,128,0,0,0,0,255,0,0,0,0,0,0,0,0,0,16,0,0,0,0,0,0,0,0,0,0,0,0,0,0,0,0
00552 features=718 size=12 p=5 tap=17 reset=true scheme=3 ops=2,3,3,2,1,2,1,3,2,0,0,1,1,3,2,1,3,3,2,3,3,3,2,3,3,3,3,1,3,2,0,3,2,2,2,3,0,0,0,0,1,2,0,0,2,1,1,1,2,1,1,0,1,1,3,3,0,0,0,1,3,3,3,2 ks=0,0,0,0,0,0,0,0,0,0,16,0,0,4,0,0,0,79,0,0,249,131,2,0,0,0,0,0,0,0,0,252,0,0,216,0,0,0,0,0,0,0,0,254,0,103,0,0,255,0,0,0,0,0,0,0,0,0,0,0,0,4,0,0
00553 features=671 size=5 p=10 tap=30 reset=true scheme=1 ops=3,2,3,2,3,2,2,2,2,0,0,3,3,3,3,3,3,3,3,3,3,3,3,3,2,3,2,3,3,0,0,3,0,3,3,1,3,2,3,3,3,3,3,0,0,2,3,1,2,0,2,2,1,2,1,2,1,1,1,1,0,0,3,1 ks=0,0,0,0,0,0,0,0,0,0,0,0,0,0,0,0,0,0,0,0,0,0,190,0,0,0,0,0,1,0,0,0,0,0,0,8,0,0,0,252,0,0,0,0,0,254,0,0,0,0,0,0,0,0,0,0,0,0,0,0,0,0,0,0
00554 features=364 size=11 p=5 tap=30 reset=false scheme=0 ops=3,3,3,3,3,0,0,3,0,0,0,3,3,3,3,3,3,3,3,3,3,3,3,3,3,3,0,3,3,0,0,3,2,3,3,3,0,3,3,3,3,3,3,0,0,0,3,3,3,0,3,0,3,0,3,0,0,3,3,0,0,3,3,3 ks=0,0,231,135,0,0,0,0,0,0,0,0,0,0,0,0,128,0,0,0,0,195,190,127,0,0,255,0,1,0,0,0,0,0,0,0,0,0,8,0,0,0,0,0,0,0,0,0,0,0,1,0,0,0,0,0,4,0,0,0,0,0,0,0
00555 features=640 size=7 p=5 tap=16 reset=false scheme=5 ops=2,1,3,2,1,2,1,3,2,0,0,1,1,3,2,1,3,3,2,3,3,3,3,3,2,3,3,1,3,1,1,3,1,2,1,0,0,0,0,3,1,3,0,0,2,0,2,1,2,0,2,2,1,2,1,2,1,0,3,1,0,0,3,1 ks=2,0,0,81,0,0,0,0,0,0,0,0,0,0,0,163,0,0,0,0,0,190,254,253,0,0,0,0,0,0,0,0,0,0,0,0,0,0,0,0,0,0,0,0,0,0,0,0,0,0,0,0,0,0,0,0,2,0,0,0,0,0,0,0
00556 features=303 size=10 p=5 tap=30 reset=false scheme=0 ops=3,3,3,3,3,0,0,3,0,0,0,3,3,3,3,3,3,3,3,3,3,3,1,3,3,3,0,3,3,0,0,3,2,3,3,3,0,3,3,3,3,3,3,0,3,1,3,3,3,0,3,0,3,0,3,0,0,3,3,0,3,3,3,3 ks=0,0,119,135,0,0,0,0,0,0,0,0,0,0,0,0,0,0,0,0,127,195,190,127,0,0,32,0,1,0,0,254,0,0,0,0,0,0,8,0,0,0,0,0,0,0,0,0,0,0,0,0,0,0,0,0,0,0,0,0,0,0,0,0
00557 features=360 size=9 p=5 tap=30 reset=false scheme=3 ops=3,3,3,3,3,0,0,3,0,1,0,3,3,3,0,0,3,3,3,0,0,0,3,3,3,3,0,3,3,0,0,3,0,3,3,3,0,3,3,3,3,3,3,3,0,0,3,3,3,0,3,0,3,0,3,0,0,3,3,0,3,3,3,3 ks=0,0,0,0,0,2,0,0,0,0,0,0,0,0,0,0,0,0,0,0,0,0,3,0,0,0,0,0,1,2,0,0,0,0,0,0,0,0,0,125,128,0,0,0,0,0,0,0,0,0,0,0,164,106,0,2,0,0,0,0,0,0,0,0
00558 features=711 size=10 p=5 tap=12 reset=true scheme=3 ops=0,0,3,3,2,0,3,3,3,3,0,0,1,3,0,0,3,1,3,0,0,0,3,3,3,3,0,0,3,1,1,3,1,2,3,1,3,0,0,3,0,3,0,0,3,0,3,3,1,0,1,3,3,0,0,3,0,0,0,0,0,3,3,3 ks=4,0,0,0,144,0,0,0,0,0,0,0,0,0,0,0,0,0,0,0,0,0,0,0,0,0,0,0,0,0,0,0,0,0,151,8,0,0,0,255,22,252,0,0,0,0,0,0,0,0,0,0,0,0,0,0,0,25,0,0,0,2,0,160
00559 features=338 size=8 p=5 tap=17 reset=false scheme=5 ops=3,3,3,3,1,3,1,3,3,0,0,1,1,3,0,1,3,3,1,1,3,3,3,3,0,3,1,3,3,1,1,3,1,1,3,1,3,3,1,3,3,3,1,1,1,1,1,1,1,1,1,1,1,1,1,1,1,1,1,1,3,3,3,1 ks=0,0,0,0,0,0,1,0,0,0,0,0,0,0,128,0,0,79,0,0,249,195,190,0,0,0,0,0,0,0,0,0,0,0,0,0,0,0,0,0,0,0,0,0,0,0,0,0,0,0,254,0,0,0,0,0,0,0,203,0,0,0,0,0
00560 features=579 size=8 p=5 tap=17 reset=true scheme=3 ops=3,3,1,3,3,0,2,3,3,2,2,3,2,3,0,3,3,3,2,1,3,3,3,3,3,3,3,3,3,0,0,3,3,1,0,3,3,3,0,3,3,3,3,3,3,3,3,3,3,2,3,0,3,3,2,3,3,0,3,0,3,3,3,3 ks=0,0,0,0,0,0,0,0,0,0,0,0,0,127,0,58,7,79,0,0,0,211,190,4,0,0,0,0,0,0,0,0,0,0,0,0,0,0,0,0,0,0,0,0,0,0,0,0,0,0,0,0,0,0,0,0,0,0,0,0,0,0,0,252
00561 features=280 size=11 p=5 tap=17 reset=false scheme=3 ops=2,3,3,2,1,2,1,3,2,0,0,1,1,3,2,1,1,3,2,3,1,3,3,3,2,3,3,1,3,1,1,3,1,2,1,0,0,3,3,3,3,3,3,3,3,3,3,3,3,3,3,3,3,0,0,3,0,0,0,0,0,3,3,2 ks=0,0,0,0,0,32,0,0,0,0,0,0,0,0,0,0,0,79,0,215,0,195,254,0,0,0,0,0,0,0,0,0,0,0,254,1,39,0,0,0,0,0,0,0,0,64,0,0,0,0,0,0,0,0,0,0,0,25,0,0,0,34,0,0
00562 features=399 size=4 p=5 tap=30 reset=false scheme=1 ops=3,2,3,2,3,2,2,2,2,0,0,3,2,3,3,3,3,3,3,3,3,3,3,3,3,3,0,3,3,0,0,3,0,3,3,3,0,3,3,3,3,3,3,0,0,0,3,3,3,0,0,0,3,0,3,0,0,3,3,0,3,3,3,3 ks=0,0,0,0,0,0,0,0,0,0,0,0,0,0,0,0,0,0,0,0,78,0,190,0,0,0,0,0,254,0,16,0,0,0,0,0,0,0,0,0,0,0,0,0,0,0,0,0,0,0,0,0,0,0,0,0,0,0,0,0,0,0,0,0
00563 features=747 size=7 p=5 tap=12 reset=true scheme=3 ops=0,0,3,3,3,0,3,3,3,3,0,0,1,3,0,0,3,2,3,0,0,0,3,3,3,3,0,3,3,1,1,3,1,2,3,1,3,0,0,3,0,3,0,0,3,0,3,3,1,0,1,3,3,0,0,3,0,0,0,0,0,3,3,3 ks=0,0,0,0,144,0,0,0,0,0,0,0,0,0,0,0,0,0,0,0,0,0,0,0,0,0,0,0,0,0,0,0,0,0,151,0,0,0,0,255,22,0,0,0,0,0,0,0,0,0,0,0,0,0,0,0,0,25,0,0,0,2,0,160
00564 features=610 size=6 p=5 tap=17 reset=true scheme=3 ops=2,3,1,2,1,2,1,3,2,0,0,1,1,3,2,1,3,3,2,3,3,3,3,0,3,3,3,1,3,1,1,3,1,2,1,0,0,0,0,0,2,3,0,0,1,1,1,1,1,1,1,1,3,1,1,3,0,0,0,1,3,3,3,2 ks=0,0,0,0,0,0,0,0,0,0,0,0,0,0,0,0,0,79,0,0,249,131,2,0,0,0,0,0,0,0,0,127,0,0,0,0,0,0,0,0,20,0,0,0,0,0,0,0,0,0,0,0,0,0,0,0,0,0,0,0,0,0,0,0
00565 features=706 size=10 p=5 tap=17 reset=true scheme=3 ops=3,3,1,2,1,2,1,3,2,0,0,1,1,3,2,1,3,3,2,3,3,3,3,3,3,3,3,1,3,2,0,3,2,2,2,3,2,3,2,3,3,3,0,2,2,1,1,1,1,1,1,1,3,1,0,3,0,0,0,1,3,3,3,2 ks=0,0,0,0,0,0,0,128,0,0,16,0,0,4,0,0,0,79,0,0,249,131,127,0,0,0,0,0,0,0,0,0,0,0,216,0,64,0,0,0,0,0,0,0,0,0,0,0,0,0,0,0,0,0,0,0,0,0,0,0,0,4,0,0
00566 features=431 size=14 p=5 tap=17 reset=false scheme=3 ops=3,3,3,3,0,0,3,3,3,0,0,0,3,3,0,0,0,3,3,3,0,3,3,3,0,3,3,0,3,3,0,3,3,0,3,0,0,0,0,0,3,3,0,0,3,3,3,3,0,0,0,3,0,0,0,3,3,0,0,0,3,3,3,3 ks=0,0,0,0,0,0,0,0,0,0,0,0,0,0,0,0,0,79,0,0,0,195,254,0,0,0,0,0,0,0,0,3,0,253,254,1,0,0,0,0,0,99,0,0,0,0,0,65,0,0,0,16,64,255,0,0,0,25,253,0,0,0,0,0
00567 features=512 size=13 p=5 tap=30 reset=false scheme=1 ops=3,3,2,3,0,0,0,3,0,0,0,3,3,3,3,3,3,3,3,3,0,0,3,3,3,3,0,3,3,0,2,3,0,0,3,3,0,3,0,3,3,3,3,0,0,0,3,3,3,0,3,0,3,0,3,0,0,0,3,0,3,3,3,3 ks=0,0,0,135,0,0,4,0,0,0,0,0,0,0,0,123,0,0,0,1,0,0,0,0,0,255,0,0,1,0,0,82,0,32,0,0,64,0,0,0,0,0,0,0,252,0,0,0,3,0,0,0,164,0,0,0,0,0,0,0,0,211,0,0
00568 features=318 size=10 p=5 tap=30 reset=false scheme=0 ops=3,3,3,3,3,0,0,3,0,0,0,3,3,3,3,3,3,3,3,3,3,3,3,3,3,3,0,3,3,0,0,3,2,3,3,3,0,3,3,3,3,3,3,0,0,0,3,3,3,0,3,0,3,0,3,0,0,3,3,0,3,3,3,3 ks=0,252,0,135,0,0,0,0,0,0,0,0,0,0,0,0,0,0,0,0,0,195,190,127,0,0,0,0,1,0,0,0,0,0,0,0,64,0,8,0,0,0,0,0,0,0,0,0,3,0,0,0,0,0,0,4,0,0,0,0,0,0,0,0
00569 features=307 size=7 p=5 tap=30 reset=false scheme=1 ops=3,3,2,3,3,0,0,3,3,3,0,3,3,3,3,3,3,3,3,3,3,3,3,3,3,3,0,3,3,0,0,3,0,3,3,3,0,3,0,3,3,3,3,0,0,0,3,3,3,0,3,0,3,0,3,0,0,3,3,0,3,3,3,3 ks=0,0,0,135,0,0,0,0,0,0,0,0,0,0,0,0,0,0,0,0,0,195,190,127,0,0,0,0,1,0,0,0,0,0,0,0,64,0,0,0,0,0,0,0,0,0,0,0,3,0,0,0,0,0,0,0,0,0,0,0,0,0,0,0
00570 features=710 size=11 p=5 tap=17 reset=true scheme=3 ops=2,3,3,2,1,2,1,3,2,0,0,1,1,3,2,1,3,3,2,3,3,3,2,3,3,3,3,1,3,2,0,3,2,2,2,3,0,0,0,0,1,2,0,0,2,1,1,1,2,1,1,0,1,1,3,3,0,0,0,1,3,3,3,2 ks=0,0,0,0,0,0,0,0,0,0,0,0,0,4,0,0,0,79,0,0,249,131,2,0,0,0,0,0,0,0,0,252,0,0,216,0,0,0,0,0,0,0,0,254,0,103,0,0,255,0,0,0,0,0,0,0,0,0,0,0,0,4,0,0
00571 features=402 size=11 p=5 tap=30 reset=false scheme=1 ops=3,3,2,3,3,0,0,3,0,0,0,3,3,3,3,3,3,3,3,3,0,0,3,3,3,3,0,3,3,0,2,3,0,3,3,3,0,3,0,3,3,3,3,0,0,0,3,3,3,0,3,0,3,0,3,0,0,3,3,0,3,3,3,3 ks=0,0,0,0,0,0,4,0,0,0,0,0,0,0,0,123,0,0,0,0,0,0,0,0,0,255,0,0,1,0,0,0,2,32,0,0,64,0,0,0,0,0,0,0,252,0,0,0,3,0,0,0,164,0,0,0,0,0,0,0,0,211,0,0
00572 features=685 size=13 p=5 tap=17 reset=true scheme=3 ops=2,3,3,2,1,3,1,3,2,0,0,1,1,3,2,1,3,3,2,3,3,3,3,3,3,3,3,1,3,1,1,1,1,2,1,0,0,0,0,0,2,2,0,0,0,1,1,1,1,1,1,1,1,1,0,3,0,0,0,1,3,3,3,2 ks=0,0,28,0,0,0,0,0,0,0,0,0,0,0,143,0,0,79,0,0,249,131,2,0,0,0,0,0,0,4,0,45,0,0,0,0,0,0,0,0,166,0,0,0,0,0,0,0,255,0,254,0,0,0,0,0,0,25,0,0,0,4,0,0
00573 features=348 size=7 p=5 tap=30 reset=false scheme=1 ops=3,2,3,2,3,2,2,2,2,0,0,3,3,3,0,0,3,3,3,0,0,0,3,3,3,3,0,0,3,0,0,3,0,3,3,3,0,3,3,3,3,3,3,0,0,2,3,3,3,0,3,0,3,0,3,0,0,3,3,0,3,3,3,3 ks=0,0,254,0,0,0,254,0,0,147,0,0,0,0,1,0,0,0,0,0,0,0,0,1,0,0,0,0,1,0,0,0,128,0,0,0,0,0,0,0,0,0,0,0,0,0,0,0,0,0,0,0,0,0,0,0,0,0,0,0,0,0,0,0
00574 features=699 size=10 p=10 tap=52 reset=true scheme=3 ops=3,1,2,3,3,0,0,3,0,0,0,3,3,3,3,3,3,3,3,3,3,3,3,3,3,3,3,3,3,0,0,1,1,2,1,0,0,0,0,0,2,3,1,1,3,3,3,3,1,1,1,3,3,1,3,3,2,2,1,1,1,3,3,3 ks=0,0,0,0,0,0,0,0,0,0,0,0,0,0,0,0,0,0,0,0,0,0,0,0,0,0,0,127,0,0,0,0,0,0,0,0,0,0,0,0,20,0,0,0,0,0,0,0,0,1,128,0,192,8,0,0,0,25,0,0,0,2,253,32
00575 features=736 size=10 p=5 tap=12 reset=true scheme=3 ops=0,0,3,3,3,0,3,3,3,0,0,0,0,1,0,0,3,3,3,3,3,3,3,3,2,3,3,1,3,1,1,3,1,2,1,0,0,0,0,3,0,3,0,0,3,0,3,3,0,0,0,3,3,0,0,3,0,0,0,0,0,3,3,3 ks=0,0,0,0,0,0,0,0,0,0,143,0,254,0,1,0,0,0,0,215,0,0,254,0,0,0,0,0,0,0,0,0,0,0,0,0,0,0,0,0,0,0,0,0,0,0,0,0,0,0,253,0,0,0,0,0,0,29,4,0,0,2,0,32
00576 features=486 size=9 p=5 tap=30 reset=false scheme=0 ops=3,3,3,3,3,0,0,3,0,0,0,3,3,3,3,3,3,3,3,3,3,3,3,3,3,3,0,3,3,0,0,3,2,3,3,3,0,2,3,3,3,3,3,0,1,0,3,3,3,0,3,2,1,2,1,2,1,0,0,1,0,0,3,1 ks=0,0,119,135,0,0,0,0,0,0,0,0,0,0,0,0,0,128,0,0,0,195,190,127,0,0,0,0,1,0,0,0,0,128,0,0,0,0,8,0,0,0,0,0,0,0,0,0,0,0,0,0,0,0,0,0,0,0,0,0,0,0,0,0
00577 features=583 size=10 p=5 tap=16 reset=false scheme=5 ops=0,1,3,2,1,2,1,3,2,0,0,1,1,3,2,1,3,3,2,3,3,3,3,3,2,3,3,1,3,1,2,1,3,2,1,0,0,0,1,3,1,3,0,3,2,0,2,1,2,0,2,2,3,2,2,2,2,2,2,2,3,3,3,2 ks=0,0,0,0,0,0,250,0,0,0,0,0,0,0,223,0,0,0,0,215,249,195,127,0,0,0,0,0,0,0,0,0,0,0,0,0,0,0,0,0,0,0,0,0,0,0,0,254,0,0,0,0,164,0,0,0,0,0,204,0,16,0,0,0
00578 features=690 size=5 p=5 tap=30 reset=true scheme=2 ops=3,2,3,2,1,2,2,2,2,0,0,3,3,3,3,3,3,3,3,1,3,3,3,3,3,3,0,3,3,0,0,3,0,3,3,3,0,3,3,3,3,3,3,0,0,0,3,3,3,0,0,0,3,0,3,0,0,3,3,0,3,3,3,3 ks=0,0,0,0,0,0,0,0,0,0,0,0,0,0,0,0,0,0,0,0,0,0,190,0,0,0,0,0,1,0,16,0,0,0,0,0,0,0,0,0,0,0,0,255,0,0,0,0,16,0,0,0,0,0,0,0,0,0,0,0,0,0,0,0
00579 features=683 size=11 p=5 tap=12 reset=true scheme=3 ops=0,0,3,3,3,0,3,3,3,3,0,0,0,3,0,0,3,2,3,0,0,0,3,3,3,3,0,0,3,1,1,3,1,2,3,0,3,3,0,3,0,3,0,0,3,3,3,3,1,1,1,3,3,1,3,3,2,2,1,1,1,3,3,3 ks=32,0,0,0,144,0,0,0,0,0,0,0,0,0,0,0,0,0,0,0,0,0,0,0,0,0,0,0,0,0,0,0,0,0,151,8,0,0,0,0,0,0,0,0,0,0,0,0,0,1,255,0,0,0,0,253,47,25,0,0,0,2,0,160
00580 features=571 size=8 p=5 tap=17 reset=true scheme=3 ops=2,3,1,2,1,2,1,3,2,2,1,1,1,3,2,1,3,3,2,3,3,3,3,3,3,3,3,1,3,1,1,3,1,2,1,2,3,3,2,3,2,2,1,3,1,1,3,1,1,1,1,1,3,1,2,3,3,1,3,1,3,3,3,2 ks=0,0,0,0,0,0,0,0,0,0,0,0,0,0,0,0,0,79,0,0,0,131,2,0,0,0,0,0,0,0,253,127,0,0,0,0,0,0,1,0,166,0,0,0,0,0,0,0,0,0,0,0,0,0,0,0,0,0,0,0,0,4,0,0
00581 features=660 size=12 p=5 tap=12 reset=true scheme=3 ops=0,0,3,3,3,0,3,3,3,3,0,0,1,3,3,0,3,3,2,0,1,0,3,3,2,3,0,1,3,1,1,3,1,2,3,1,3,0,0,3,0,3,0,0,3,3,3,3,1,1,1,3,3,0,0,3,0,0,0,0,0,3,3,0 ks=0,0,0,0,144,0,0,0,0,0,0,0,0,0,0,0,0,0,0,0,0,53,0,0,0,0,185,0,0,0,0,0,0,0,151,0,0,0,0,255,22,0,0,0,0,0,0,0,0,1,0,0,16,0,0,0,45,25,0,0,0,2,0,160
00582 features=588 size=11 p=5 tap=17 reset=true scheme=3 ops=0,3,1,1,1,0,1,3,0,0,0,1,1,3,3,1,3,3,1,3,3,3,3,3,3,3,3,1,3,1,0,3,1,3,3,3,1,3,1,3,3,3,0,1,3,1,1,1,1,0,1,1,3,1,0,3,0,0,0,1,3,3,3,1 ks=0,0,0,230,0,0,0,0,0,0,16,0,0,4,0,0,0,79,0,0,249,131,2,0,2,0,0,0,0,0,0,0,0,0,216,0,64,0,0,0,0,0,0,0,0,0,0,0,0,0,0,0,0,0,0,0,0,0,0,0,0,4,0,0
00583 features=293 size=7 p=10 tap=30 reset=false scheme=0 ops=3,3,3,3,3,0,0,3,0,1,0,3,3,3,0,0,3,3,3,0,0,0,3,3,3,3,0,3,3,0,0,3,0,3,3,3,0,3,3,3,3,3,3,3,0,0,3,3,3,0,3,0,3,0,3,0,0,3,3,0,3,3,3,3 ks=0,0,0,135,0,2,0,0,0,0,0,0,0,0,1,0,0,0,0,0,0,0,0,0,0,0,0,0,1,0,0,0,0,0,0,0,64,0,0,0,128,0,0,0,0,0,0,0,0,0,0,0,164,0,0,0,0,0,0,0,0,0,0,0
00584 features=519 size=14 p=5 tap=17 reset=true scheme=3 ops=1,3,3,1,1,3,1,3,1,1,3,1,1,3,3,1,3,3,3,3,3,3,3,3,3,3,3,1,3,1,1,1,1,1,1,1,1,1,3,2,1,1,1,1,3,1,1,1,1,1,1,1,1,1,2,3,3,1,3,1,3,3,3,1 ks=0,0,28,0,0,0,0,0,0,131,0,0,0,0,143,0,0,79,0,0,249,131,2,0,4,0,0,0,0,0,0,45,0,0,0,0,0,0,0,0,166,0,0,0,0,0,0,0,255,0,254,0,0,0,0,0,0,25,0,0,0,4,0,0
00585 features=577 size=11 p=10 tap=52 reset=true scheme=3 ops=3,1,3,3,3,3,2,3,3,2,2,3,2,3,0,3,3,3,3,1,1,3,3,3,3,3,1,2,3,3,2,1,1,2,1,0,0,0,0,0,2,3,1,1,3,3,3,3,1,1,1,3,3,1,3,3,2,2,1,1,1,3,3,1 ks=0,0,0,0,0,0,0,196,0,0,0,0,0,127,0,58,0,0,0,254,0,0,0,0,0,0,0,0,0,0,0,0,0,0,0,0,0,0,0,0,20,0,0,0,0,0,0,0,0,1,0,0,192,8,0,0,0,25,0,0,0,2,253,0
00586 features=345 size=5 p=5 tap=30 reset=false scheme=1 ops=3,2,3,2,3,2,2,2,2,0,0,3,3,3,3,3,3,3,3,3,3,3,3,3,3,3,0,3,3,0,0,3,0,3,3,3,0,3,3,3,3,3,3,0,0,0,3,1,3,0,0,0,3,0,3,0,0,3,3,0,3,3,3,3 ks=0,0,0,0,0,0,0,0,123,0,0,0,0,0,0,0,0,0,0,0,0,0,190,0,0,0,0,0,1,0,16,0,0,0,0,0,0,0,0,0,0,0,0,255,0,0,0,0,0,0,0,0,0,0,0,0,0,0,0,0,0,0,0,0
00587 features=754 size=6 p=5 tap=30 reset=true scheme=1 ops=3,2,3,2,3,2,2,2,2,0,0,3,3,3,3,3,3,3,3,3,3,3,3,3,3,3,0,3,3,0,0,3,0,0,3,3,0,3,3,3,3,3,3,0,0,0,3,3,3,0,0,0,3,0,3,0,0,3,3,0,3,3,3,3 ks=0,0,0,0,0,0,0,0,0,0,0,0,0,0,0,0,0,0,0,0,0,0,190,0,0,0,0,0,1,0,16,0,0,0,0,0,0,0,0,202,0,0,0,255,0,0,0,0,0,0,0,0,0,0,0,0,0,0,0,16,0,0,0,0
00588 features=684 size=13 p=5 tap=17 reset=true scheme=3 ops=2,3,3,2,1,2,1,3,2,0,0,1,1,3,1,1,3,3,2,3,3,3,3,3,3,3,3,1,3,2,1,1,1,2,1,0,0,0,0,0,2,2,0,0,2,1,1,1,1,1,1,1,1,1,0,3,0,0,0,2,3,3,1,2 ks=0,0,28,0,0,0,0,0,0,0,0,0,0,0,143,0,128,79,0,0,249,131,2,0,0,0,0,0,0,0,0,45,0,0,0,0,0,0,0,0,166,0,0,0,0,0,0,0,255,0,254,0,0,0,0,0,0,26,0,0,0,4,0,0
00589 features=557 size=9 p=5 tap=17 reset=true scheme=3 ops=2,3,1,2,1,2,1,3,2,2,1,1,1,3,2,1,3,3,2,3,3,3,3,3,3,3,3,1,3,0,0,1,3,3,3,0,3,2,1,1,0,3,1,3,1,1,3,1,1,1,1,1,3,1,2,3,3,1,3,1,3,3,3,2 ks=0,0,0,0,0,0,0,0,0,0,0,0,0,0,0,0,0,79,0,0,0,131,2,0,0,0,0,0,0,0,0,0,0,0,0,8,0,0,17,0,20,0,0,0,0,0,2,0,0,0,0,0,0,0,0,0,0,0,0,254,0,4,0,0
00590 features=462 size=15 p=5 tap=17 reset=false scheme=3 ops=3,3,3,3,0,0,3,3,3,0,0,0,3,3,0,0,0,3,3,3,0,3,3,3,3,3,3,1,3,1,0,3,3,0,3,0,0,0,0,0,3,3,0,0,3,3,3,3,0,0,0,3,0,0,0,3,3,0,0,0,3,3,3,3 ks=0,0,0,0,0,0,0,0,0,0,0,0,0,0,0,0,0,64,0,0,0,195,2,0,0,0,0,0,0,0,0,3,0,253,254,1,0,0,0,0,0,99,128,0,0,0,0,65,0,0,0,16,64,255,0,0,0,25,253,0,0,0,0,0
00591 features=721 size=8 p=5 tap=12 reset=true scheme=3 ops=0,0,3,3,3,0,3,3,3,3,0,0,0,3,0,0,3,2,3,0,0,0,3,3,3,3,0,0,3,1,1,3,1,2,1,0,0,0,0,0,2,2,1,0,2,0,3,3,1,0,1,3,3,0,0,3,0,0,0,0,0,3,3,3 ks=0,0,0,0,37,0,0,0,0,0,0,0,0,0,0,0,0,0,0,0,0,0,0,0,0,0,0,0,0,0,0,0,0,1,0,0,0,0,0,254,166,0,0,0,0,0,0,8,0,0,0,0,0,0,0,0,0,25,0,0,0,2,0,160
00592 features=300 size=7 p=5 tap=30 reset=false scheme=1 ops=3,3,2,3,3,0,0,3,3,3,0,3,3,3,3,3,3,3,3,3,3,3,3,3,3,3,0,3,3,0,0,3,0,3,3,3,0,3,0,3,3,3,3,0,0,0,3,2,3,0,3,0,3,0,3,0,0,3,3,0,3,3,3,3 ks=0,0,0,135,0,0,0,0,0,0,0,0,0,0,0,0,0,0,0,0,0,195,190,127,0,0,0,0,1,0,0,0,0,0,0,0,64,0,0,0,0,0,0,0,0,0,0,0,3,0,0,0,0,0,0,0,0,0,0,0,0,0,0,0
00593 features=533 size=7 p=5 tap=30 reset=true scheme=1 ops=3,3,3,3,3,1,1,3,1,1,1,3,3,3,3,1,1,3,1,3,3,1,3,3,1,3,3,1,3,1,1,3,3,3,3,3,1,3,3,3,3,3,3,3,1,1,1,1,1,1,1,1,1,1,3,3,3,3,3,1,3,3,3,3 ks=0,0,0,0,0,0,0,0,0,0,0,0,0,0,0,0,0,79,0,0,0,133,254,0,70,0,0,0,1,0,0,0,0,0,0,0,64,0,0,218,0,0,0,0,0,0,0,0,0,0,0,0,0,0,0,0,0,0,0,0,0,0,0,0
00594 features=715 size=7 p=5 tap=17 reset=true scheme=3 ops=2,3,1,2,1,2,1,3,2,0,0,1,1,3,2,1,3,3,2,3,3,3,3,3,3,3,3,1,3,2,0,3,2,2,2,3,2,3,2,3,3,3,0,2,2,2,1,1,1,1,1,1,3,1,0,3,0,0,0,1,3,3,3,2 ks=0,0,0,0,0,0,0,0,0,0,0,0,0,4,0,0,0,79,0,0,249,131,2,0,0,0,0,0,0,0,0,0,0,0,0,0,64,0,0,0,0,0,0,0,0,0,0,0,0,0,0,0,0,0,0,0,0,0,0,0,0,4,0,0
00595 features=657 size=5 p=10 tap=30 reset=true scheme=1 ops=3,2,3,2,3,2,2,2,2,0,0,3,3,3,3,3,3,3,3,3,3,3,3,3,2,3,2,3,3,0,0,3,0,3,3,1,3,2,3,3,1,3,3,0,0,2,3,1,2,0,2,2,1,2,1,2,1,1,1,1,0,0,3,1 ks=0,0,0,0,0,0,0,0,0,0,0,0,0,0,0,0,0,0,0,0,0,0,190,0,0,0,0,0,1,0,0,0,0,0,0,8,0,0,0,252,0,0,0,0,0,254,0,0,0,0,0,0,0,0,0,0,0,0,0,0,0,0,0,0
00596 features=536 size=8 p=5 tap=52 reset=true scheme=3 ops=3,1,3,3,3,3,3,3,3,2,3,2,2,3,1,3,3,3,3,1,1,3,3,3,3,3,0,3,3,3,2,3,3,3,3,1,3,1,2,3,2,3,2,1,3,0,3,3,1,1,1,3,3,1,3,3,1,0,1,1,1,3,3,3 ks=0,0,0,0,0,0,0,0,0,0,0,0,0,0,0,0,0,0,0,0,0,0,0,0,0,0,0,0,0,0,0,0,0,237,0,0,0,0,17,0,20,0,0,0,0,0,0,0,0,1,0,0,0,0,253,0,0,25,0,0,0,2,0,32
00597 features=416 size=9 p=5 tap=30 reset=false scheme=1 ops=3,3,2,3,3,0,0,3,0,0,0,3,3,3,3,3,3,3,3,3,3,3,3,3,3,3,0,3,3,0,0,0,0,0,3,3,0,3,3,3,3,3,3,0,0,0,3,3,3,0,3,0,3,0,3,0,0,3,3,0,3,3,3,3 ks=0,0,0,135,0,0,0,0,0,0,0,0,0,0,0,0,0,0,0,0,0,195,190,127,0,0,0,0,1,0,0,0,0,0,0,0,64,0,0,0,0,0,0,0,0,0,0,0,3,0,4,0,164,0,0,0,0,0,0,0,0,0,0,0
00598 features=151 size=8 p=5 tap=30 reset=false scheme=1 ops=3,3,1,3,1,3,1,3,3,3,1,3,3,3,3,3,3,3,3,3,1,1,3,3,3,3,3,3,3,3,1,3,1,1,3,3,3,3,1,3,3,3,3,3,1,3,3,3,3,1,3,3,1,1,3,3,3,3,3,1,3,3,3,3 ks=0,0,0,135,0,0,0,0,0,0,0,0,0,0,0,123,0,0,0,0,0,0,0,0,0,0,19,0,1,0,0,82,0,32,0,0,64,0,0,0,0,0,0,0,252,0,0,0,0,0,0,0,0,0,0,0,0,0,0,0,0,0,0,0
00599 features=753 size=11 p=5 tap=12 reset=true scheme=3 ops=0,0,3,3,3,0,2,3,3,0,0,0,0,1,0,0,3,3,3,3,3,3,3,3,2,3,3,1,3,1,1,3,1,2,1,0,0,0,0,3,0,3,0,0,3,0,3,3,0,0,0,3,3,0,0,3,0,0,0,0,0,3,3,3 ks=0,0,0,0,0,0,0,0,0,0,143,0,254,0,1,254,0,0,0,215,0,0,254,0,0,0,0,0,0,0,0,0,0,0,0,0,0,0,0,0,20,0,0,0,0,0,0,0,0,0,253,0,0,0,0,0,0,29,0,0,0,2,0,144
00600 features=459 size=7 p=5 tap=30 reset=false scheme=5 ops=1,2,3,2,3,2,2,2,2,0,0,0,3,3,3,3,3,3,3,1,3,3,3,3,3,3,0,3,3,0,0,2,0,3,3,3,2,3,1,3,3,3,3,2,2,0,3,3,3,0,0,0,3,0,3,0,0,3,3,0,3,3,3,3 ks=0,0,0,0,0,0,0,0,0,0,0,0,0,0,255,0,0,0,0,0,0,0,190,0,0,0,0,0,1,0,16,0,2,0,155,0,0,0,0,0,0,0,255,0,0,0,0,0,0,0,0,0,0,0,0,0,0,0,0,0,0,0,0,0
00601 features=419 size=15 p=5 tap=30 reset=false scheme=1 ops=3,2,3,2,3,2,2,2,2,0,0,3,3,3,0,0,3,3,3,0,0,0,3,3,0,3,0,0,3,0,0,3,0,3,3,3,0,3,3,3,3,3,3,0,3,2,3,3,3,0,3,0,3,0,3,0,0,3,3,0,3,3,3,3 ks=0,0,128,0,8,0,128,0,16,0,253,0,91,0,1,0,0,0,0,0,0,0,0,1,16,0,0,0,1,0,0,0,128,0,0,2,0,255,0,0,0,16,0,0,0,0,0,16,0,0,0,0,0,0,0,0,0,0,0,0,0,0,0,0
00602 features=698 size=13 p=5 tap=17 reset=true scheme=3 ops=2,3,3,2,1,2,1,3,2,0,0,1,1,3,1,1,3,3,2,3,3,3,3,3,3,3,3,1,3,2,1,1,1,2,1,0,0,0,0,0,2,2,0,0,2,1,1,1,1,1,1,1,1,1,0,3,0,0,0,2,3,3,1,2 ks=0,0,28,0,0,0,0,0,0,0,0,0,0,0,143,0,130,79,0,0,249,131,2,0,0,0,0,0,0,0,0,45,0,0,0,0,0,0,0,0,166,0,0,0,0,0,0,0,255,0,254,0,0,0,0,0,0,26,0,0,0,4,0,0
00603 features=692 size=10 p=5 tap=17 reset=true scheme=3 ops=2,3,1,2,1,2,1,3,2,0,0,1,2,3,2,1,3,3,2,3,3,3,3,3,3,3,3,1,3,2,0,3,2,2,2,2,2,3,2,3,3,3,3,2,2,1,1,1,1,1,1,1,3,1,0,3,0,0,0,1,3,3,3,2 ks=0,62,0,1,0,0,0,0,0,0,0,0,0,4,0,0,0,79,0,0,249,130,2,0,0,0,0,0,0,0,0,0,0,0,0,0,64,0,0,253,0,0,0,0,0,0,0,0,0,0,0,0,0,0,0,0,0,0,0,0,0,4,0,0
00604 features=723 size=13 p=5 tap=17 reset=true scheme=3 ops=2,3,1,2,1,2,1,3,2,0,0,1,1,3,2,1,3,3,2,3,3,3,3,3,3,3,3,1,3,2,0,3,2,2,2,3,2,3,2,3,3,3,0,2,2,1,1,1,1,1,1,1,3,1,0,3,0,0,0,1,3,3,3,2 ks=0,0,0,0,0,0,0,0,0,0,16,0,0,4,0,0,0,79,0,1,0,131,2,0,2,0,0,0,0,0,0,0,0,0,216,0,64,0,0,0,0,0,0,0,0,0,0,149,0,0,0,0,0,0,0,0,67,181,0,0,0,4,0,0
00605 features=710 size=11 p=5 tap=17 reset=true scheme=3 ops=1,3,3,3,3,0,3,3,3,3,0,1,1,3,0,1,1,3,0,3,3,1,3,3,1,3,3,1,3,1,1,3,1,0,1,0,0,0,0,3,0,3,0,0,3,0,3,3,0,0,0,3,1,1,0,3,0,0,0,0,0,3,3,3 ks=2,0,0,0,144,0,0,0,0,0,0,0,0,0,0,0,2,79,0,215,0,131,254,0,70,0,0,0,0,0,0,175,0,0,0,0,0,0,0,0,0,0,0,0,0,241,0,0,0,0,0,0,0,0,0,0,0,0,0,0,0,0,0,128
00606 features=825 size=10 p=5 tap=37 reset=true scheme=1 ops=3,3,2,3,3,0,0,3,3,3,0,3,3,3,3,3,3,3,3,0,3,3,3,3,3,3,0,1,3,0,0,3,0,3,3,3,0,3,0,3,3,3,3,0,0,0,3,2,3,0,3,0,3,0,3,0,0,3,3,0,3,3,3,3 ks=0,0,0,135,0,0,0,0,0,0,0,0,0,0,0,0,0,0,0,0,0,195,190,0,0,0,0,0,1,0,0,0,0,0,127,0,64,62,0,0,0,0,0,0,0,0,0,8,3,0,0,0,0,0,0,0,1,0,0,0,0,0,0,0
00607 features=196 size=6 p=5 tap=30 reset=false scheme=1 ops=3,2,3,2,3,2,2,2,2,3,3,3,3,3,1,3,3,3,3,2,1,3,3,3,3,3,1,3,3,3,1,3,3,3,3,3,2,3,3,3,3,3,3,1,2,2,3,3,3,3,3,2,3,2,3,2,1,3,3,2,3,3,3,3 ks=0,0,0,0,0,0,254,0,0,0,0,0,0,0,1,0,0,0,0,0,0,0,0,1,0,0,0,0,1,0,0,0,128,0,0,0,0,0,0,0,0,0,0,0,0,0,0,0,0,0,0,0,0,0,0,0,0,0,172,0,0,0,0,0
00608 features=708 size=9 p=5 tap=12 reset=true scheme=3 ops=0,0,3,3,3,0,3,3,3,0,0,0,0,1,0,0,3,3,3,3,3,3,3,3,1,3,3,1,3,0,0,3,3,3,3,0,3,0,0,3,0,3,0,0,3,0,1,1,3,0,1,3,1,0,0,3,0,3,0,0,0,3,3,3 ks=0,0,0,0,0,0,0,0,0,0,0,0,0,0,1,0,0,0,0,215,0,0,254,0,0,0,0,0,0,0,0,0,0,0,0,8,0,0,17,0,20,0,0,0,0,0,0,0,0,0,0,0,0,0,0,0,0,29,0,0,0,2,0,32
00609 features=488 size=11 p=5 tap=17 reset=false scheme=3 ops=2,3,3,2,1,2,1,3,2,0,0,1,1,3,2,1,1,3,2,3,1,3,3,3,2,3,3,1,3,1,1,3,1,2,1,0,0,0,2,0,2,2,0,0,3,3,3,3,0,0,0,3,3,0,0,3,3,0,0,1,0,3,3,2 ks=0,0,0,0,0,32,1,0,0,0,0,0,213,0,0,0,0,79,0,0,0,199,254,0,0,0,0,0,0,0,0,3,0,0,254,1,0,0,128,0,0,0,0,0,0,0,0,65,0,0,0,0,0,0,0,0,0,0,0,0,0,0,0,0
00610 features=584 size=8 p=5 tap=30 reset=true scheme=1 ops=3,3,3,3,3,1,1,3,1,2,1,3,3,3,3,1,1,3,1,3,3,1,3,3,1,3,3,1,3,1,1,3,3,3,3,3,1,3,3,3,3,3,1,3,1,1,1,1,1,1,1,1,1,1,3,3,3,3,3,1,3,3,3,3 ks=0,0,0,135,0,0,0,0,0,0,0,0,0,0,0,0,0,79,0,215,0,0,254,0,70,0,0,0,1,0,0,0,0,0,0,0,64,0,0,218,0,0,0,0,0,0,0,0,0,0,0,0,0,0,0,0,0,0,0,0,0,0,0,0
00611 features=684 size=14 p=5 tap=17 reset=true scheme=3 ops=2,3,1,2,3,0,0,3,0,0,0,3,3,3,2,1,3,3,2,3,3,3,3,0,3,3,3,1,3,1,1,3,1,2,1,0,0,0,0,0,2,2,0,0,2,1,1,1,1,1,1,1,1,1,0,3,0,3,3,0,3,3,3,3 ks=0,0,0,0,0,0,255,0,0,0,0,64,0,147,0,0,0,79,0,0,0,131,2,0,0,0,0,0,0,0,0,127,0,1,0,0,0,0,0,0,166,0,0,0,0,0,0,0,255,0,254,0,0,95,0,0,0,0,0,127,0,0,2,0
00612 features=393 size=8 p=5 tap=30 reset=false scheme=1 ops=3,2,3,2,3,2,2,2,2,0,0,3,3,3,0,0,3,3,3,0,0,0,3,3,3,3,0,0,3,0,0,3,0,3,3,3,0,3,3,3,3,3,3,0,0,2,3,1,1,1,1,0,3,0,3,0,0,3,3,0,3,3,3,3 ks=0,0,254,0,0,0,254,0,0,147,0,0,0,0,1,0,0,0,0,0,0,0,0,1,0,0,0,0,1,0,0,0,128,0,0,0,0,0,0,0,0,0,0,0,0,0,0,0,3,0,0,0,0,0,0,0,0,0,0,0,0,0,0,0
00613 features=303 size=7 p=5 tap=30 reset=false scheme=1 ops=3,3,3,3,3,0,0,3,0,0,0,3,3,3,3,3,3,3,3,1,1,3,3,3,3,3,0,3,3,0,0,3,0,3,3,3,0,3,3,3,3,3,3,0,0,0,3,3,3,0,3,0,3,0,3,0,0,3,3,0,3,3,3,3 ks=0,0,0,0,0,0,0,0,0,0,0,0,0,255,0,0,0,0,0,254,0,0,0,0,0,0,0,128,127,0,0,2,0,0,0,0,64,0,0,0,255,0,0,0,0,0,0,0,0,0,0,0,0,0,0,0,0,0,0,0,0,0,0,0
00614 features=569 size=10 p=5 tap=17 reset=true scheme=3 ops=2,3,1,2,1,2,1,3,2,2,1,1,1,3,2,1,3,3,2,3,3,3,3,3,3,3,3,1,3,0,0,1,3,3,3,0,3,2,1,1,0,3,1,3,1,1,3,1,1,1,1,1,3,1,2,3,3,1,3,1,3,3,3,2 ks=0,0,0,0,0,0,0,0,0,0,0,0,0,0,0,0,0,79,0,0,0,131,2,0,0,0,0,0,0,0,0,0,0,0,0,8,0,0,17,0,20,0,0,0,0,0,2,0,0,0,0,0,0,0,0,0,0,0,0,254,0,4,0,64
00615 features=760 size=3 p=10 tap=30 reset=true scheme=1 ops=3,2,3,2,3,2,2,2,2,0,0,3,3,3,3,3,3,3,3,3,3,3,3,3,2,3,2,3,3,0,0,3,0,3,3,0,3,2,3,3,3,3,3,0,0,3,3,3,3,0,0,0,3,0,1,0,1,0,0,1,0,0,1,1 ks=0,0,0,0,0,0,0,0,0,0,0,0,0,0,0,0,0,0,0,0,0,0,190,0,0,0,0,0,1,0,0,0,0,0,0,8,0,0,0,0,0,0,0,0,0,0,0,0,0,0,0,0,0,0,0,0,0,0,0,0,0,0,0,0
00616 features=469 size=12 p=5 tap=52 reset=true scheme=3 ops=3,1,3,3,3,3,3,3,3,2,3,2,2,3,1,3,3,3,3,1,1,3,3,3,3,3,0,3,3,3,2,3,0,3,3,1,3,1,2,3,2,3,2,1,3,3,3,3,1,1,1,3,0,1,3,3,2,2,1,1,1,3,3,3 ks=0,0,0,0,0,0,4,0,0,0,0,0,0,2,0,1,0,0,0,254,0,0,0,0,0,0,0,0,0,0,0,0,0,0,0,0,0,0,17,0,128,252,0,0,0,0,0,0,0,1,0,0,0,0,253,0,252,0,0,0,0,2,0,32
00617 features=703 size=11 p=5 tap=17 reset=true scheme=3 ops=2,3,3,2,1,2,1,3,2,0,0,1,1,3,2,1,3,3,2,3,3,3,3,3,2,3,3,1,3,1,1,3,1,2,1,0,0,0,0,0,2,2,0,0,2,1,1,1,1,2,2,2,3,1,0,3,0,0,0,1,3,3,3,2 ks=0,0,0,0,0,0,0,0,2,0,0,0,0,0,0,0,0,79,0,0,249,131,2,0,0,253,0,0,0,0,0,0,0,0,0,0,0,0,0,0,166,0,176,0,0,0,0,0,255,0,0,0,0,0,0,0,0,25,0,0,0,4,0,0
00618 features=727 size=11 p=5 tap=17 reset=true scheme=3 ops=3,3,1,2,1,2,1,3,2,0,0,1,1,3,2,1,3,3,2,3,3,3,3,3,3,3,3,1,3,2,0,3,2,2,2,3,2,3,2,3,3,3,0,2,2,1,1,1,1,1,1,1,3,1,2,3,0,0,0,1,3,3,3,2 ks=0,0,0,0,0,0,0,247,0,0,16,0,0,4,0,0,0,79,0,0,249,131,127,0,0,0,0,0,0,0,0,0,0,0,216,0,64,191,0,0,0,0,0,0,0,0,0,0,0,0,0,0,0,0,0,0,0,0,0,0,0,4,0,0
00619 features=551 size=10 p=5 tap=17 reset=true scheme=3 ops=2,3,1,3,3,3,2,3,3,2,2,1,1,3,2,1,3,3,2,3,3,3,3,3,3,3,3,1,3,1,1,3,3,3,3,0,3,0,0,0,0,3,0,0,2,1,1,1,1,1,1,1,1,1,0,3,0,0,1,1,1,1,3,1 ks=0,0,0,0,0,0,0,196,0,0,0,0,0,0,0,0,0,79,0,0,249,129,2,0,252,0,0,0,0,0,0,0,0,154,0,0,0,0,0,0,0,0,0,0,255,0,0,0,66,0,0,0,0,0,0,0,0,0,252,0,0,0,0,0
00620 features=380 size=8 p=5 tap=30 reset=false scheme=1 ops=3,3,3,3,3,0,0,3,0,0,0,3,3,3,3,3,3,3,3,3,3,3,3,3,3,3,0,3,3,0,0,3,2,3,3,3,0,3,3,3,3,3,3,0,0,0,3,3,3,0,3,0,3,0,3,0,0,3,3,0,3,3,3,3 ks=0,0,0,135,0,0,0,0,0,0,0,0,0,0,0,0,0,0,0,0,0,195,190,127,0,0,0,0,1,0,0,0,0,0,0,0,64,0,0,0,0,0,0,0,0,0,0,0,0,0,0,0,164,0,0,0,0,0,0,0,0,0,0,32
00621 features=753 size=11 p=5 tap=12 reset=true scheme=3 ops=0,0,3,3,3,0,2,3,3,0,0,0,0,1,0,0,3,3,3,3,3,3,3,3,2,3,3,1,3,1,1,3,1,2,1,0,0,0,0,3,0,3,0,0,3,0,3,3,0,0,0,3,3,0,0,3,0,0,0,0,0,3,3,3 ks=0,0,0,0,0,0,0,0,0,0,143,0,255,0,1,254,0,0,0,215,0,0,254,0,0,0,0,0,0,0,0,0,0,0,0,0,0,0,0,0,20,0,0,0,0,0,0,0,0,0,253,0,0,0,0,0,0,29,0,0,0,2,0,144
00622 features=687 size=13 p=5 tap=17 reset=true scheme=3 ops=2,3,3,2,1,2,1,3,2,0,0,1,1,3,1,1,3,3,2,3,3,3,3,3,3,3,3,1,3,2,1,3,0,3,3,3,1,3,3,0,2,2,0,0,2,1,1,1,1,1,1,1,1,1,0,3,0,0,0,2,3,3,1,2 ks=0,0,28,0,0,0,0,0,0,0,0,0,0,0,143,0,130,79,0,0,249,131,2,0,0,0,0,0,0,0,0,0,0,0,0,0,64,0,0,0,166,0,0,0,0,0,0,0,255,0,254,0,0,0,0,0,0,26,0,0,0,4,0,0
00623 features=391 size=7 p=5 tap=52 reset=false scheme=5 ops=0,1,3,3,3,0,3,0,3,0,3,0,0,3,3,0,3,3,3,0,0,0,3,3,3,3,0,0,3,0,0,3,3,3,3,0,3,0,0,3,0,3,0,0,3,0,3,3,0,1,1,3,3,0,0,3,3,0,0,0,0,3,3,3 ks=0,255,0,0,0,0,0,0,0,0,0,0,0,0,0,0,0,0,252,2,0,0,0,0,0,0,0,0,0,0,0,0,0,0,0,0,0,0,1,0,0,0,0,0,0,0,0,0,3,0,0,0,128,0,0,0,0,0,0,0,0,0,0,32
00624 features=655 size=6 p=5 tap=17 reset=false scheme=3 ops=2,3,3,2,1,2,1,3,2,0,0,1,1,3,2,1,1,3,2,3,1,3,3,3,2,3,3,1,3,1,1,3,1,2,1,0,0,0,0,0,2,2,0,0,2,1,2,3,1,0,1,3,3,0,0,3,0,0,2,0,0,3,3,2 ks=0,0,0,0,0,32,0,0,0,0,0,0,0,0,0,0,0,79,0,0,0,195,254,0,0,0,0,0,0,0,0,0,0,0,0,0,0,0,0,0,0,0,0,0,0,0,0,0,0,0,0,0,0,0,0,0,0,25,0,0,0,2,0,0
00625 features=509 size=9 p=5 tap=17 reset=false scheme=1 ops=2,3,3,2,1,2,1,3,2,0,0,1,3,3,2,1,3,3,2,3,3,3,3,3,3,3,3,3,3,0,0,3,0,3,3,3,0,3,3,3,3,3,3,0,2,1,1,1,0,1,1,1,1,1,0,3,0,0,0,0,0,3,3,2 ks=0,0,0,0,0,0,0,0,0,0,0,0,0,0,0,0,0,79,0,0,0,195,2,254,0,0,0,0,0,0,0,0,0,0,0,0,0,0,0,0,255,0,0,0,0,0,0,0,255,0,254,0,0,0,0,0,0,25,0,0,0,2,0,0
00626 features=726 size=12 p=5 tap=30 reset=true scheme=1 ops=1,3,3,3,3,0,3,3,0,0,0,1,3,3,3,3,3,3,3,0,3,3,3,3,3,3,0,3,3,0,0,3,0,3,0,3,0,3,3,3,3,3,2,0,2,1,1,1,1,1,1,1,1,1,0,3,0,3,3,0,3,3,3,3 ks=0,0,0,135,0,0,0,0,0,0,0,0,0,0,0,0,0,0,0,3,39,199,190,0,0,0,0,0,1,0,0,0,0,0,0,0,64,0,0,84,0,32,0,0,0,0,0,0,0,0,0,0,0,0,0,0,64,0,0,0,252,0,2,0
00627 features=131 size=6 p=5 tap=17 reset=false scheme=3 ops=3,3,3,3,1,3,1,3,1,1,3,1,1,3,3,1,1,3,1,3,1,3,3,3,3,3,3,1,3,1,1,3,1,3,1,1,3,3,3,3,3,3,3,3,3,3,3,3,3,3,3,3,3,3,1,3,1,3,1,3,1,3,3,1 ks=0,0,0,0,0,32,0,0,0,0,0,0,0,0,0,0,0,79,0,215,0,195,254,0,0,0,0,0,0,0,0,0,0,0,0,0,0,0,0,0,0,0,0,0,0,0,0,0,0,0,0,0,0,0,0,0,0,25,0,0,0,0,0,0
00628 features=717 size=6 p=5 tap=30 reset=true scheme=2 ops=3,2,3,2,1,2,2,2,2,0,0,3,3,3,3,3,3,3,3,1,3,3,3,3,3,3,0,3,3,0,0,3,0,3,3,3,0,3,3,3,3,3,3,0,0,0,3,3,3,0,0,0,3,0,3,0,0,3,3,0,3,3,3,3 ks=0,0,0,0,0,0,0,0,0,254,0,0,0,0,0,0,0,0,0,0,0,0,190,0,0,0,0,0,1,0,16,0,0,0,0,0,0,0,0,0,0,0,0,255,0,8,0,0,0,0,0,0,0,0,0,0,0,0,0,0,0,0,0,0
00629 features=384 size=9 p=5 tap=30 reset=false scheme=0 ops=3,3,3,3,3,0,0,3,0,0,0,3,3,3,3,3,3,3,3,3,3,3,3,3,3,3,0,3,3,0,0,3,2,3,3,3,0,2,3,3,3,3,3,0,1,0,3,3,3,0,3,0,2,0,3,0,0,3,3,0,3,3,3,3 ks=0,0,119,135,0,0,0,237,0,0,0,0,0,0,0,0,0,0,0,0,0,195,190,127,0,0,0,0,1,0,2,0,0,0,0,0,0,0,8,0,0,0,0,0,0,0,0,0,0,0,0,0,0,0,0,0,0,0,0,0,0,0,0,0
00630 features=612 size=6 p=5 tap=18 reset=true scheme=3 ops=2,3,1,2,1,2,1,3,2,0,0,1,1,3,2,1,3,3,2,3,3,3,3,0,3,3,3,1,3,1,1,3,1,2,1,0,0,0,0,0,2,3,0,0,1,1,1,1,1,1,1,1,3,1,1,3,0,0,0,1,3,3,3,2 ks=0,0,0,0,0,0,0,0,0,0,0,0,0,0,0,0,0,79,0,0,249,131,2,0,0,0,0,0,0,0,0,127,0,0,0,0,0,0,0,0,20,0,0,0,0,0,0,0,0,0,0,0,0,0,0,0,0,0,0,0,0,0,0,0
00631 features=415 size=10 p=2 tap=30 reset=false scheme=1 ops=3,3,2,3,3,0,0,3,0,0,0,3,3,3,3,3,3,3,3,3,0,0,3,3,3,3,0,3,3,0,2,3,0,3,3,3,0,3,0,3,3,3,3,0,0,0,3,3,3,0,3,0,3,0,3,0,0,3,3,0,3,3,3,3 ks=0,0,0,135,0,0,0,0,0,0,0,0,0,0,0,0,0,0,0,0,0,0,0,0,0,255,0,0,1,0,0,0,0,32,0,0,64,0,0,0,0,0,0,0,252,0,128,0,3,0,0,0,164,0,0,0,0,1,0,0,0,0,0,0
00632 features=576 size=8 p=5 tap=17 reset=false scheme=4 ops=2,3,3,2,1,3,1,3,2,0,0,1,1,3,2,1,3,3,2,3,3,2,3,3,2,1,3,3,3,2,1,3,3,2,2,3,2,3,3,3,3,3,3,2,2,2,2,2,2,2,2,2,3,2,2,2,2,2,2,2,3,3,3,2 ks=0,0,0,0,0,0,0,0,0,0,0,0,0,2,0,0,0,108,0,0,0,0,255,0,0,0,0,0,0,1,0,0,86,0,0,0,0,253,0,94,0,0,0,0,0,0,0,0,0,0,0,0,0,0,0,127,0,0,0,0,0,0,0,0
00633 features=723 size=11 p=5 tap=17 reset=true scheme=3 ops=2,3,1,2,1,2,1,3,2,0,0,1,1,3,2,1,3,3,2,3,3,3,3,3,3,3,3,1,3,2,0,3,2,2,2,3,2,3,2,3,3,3,0,2,2,1,1,1,1,1,1,1,3,1,0,3,0,0,0,1,3,3,3,2 ks=0,0,0,0,0,0,0,0,0,0,16,0,0,4,0,0,0,79,0,0,249,131,2,0,2,0,0,0,0,0,0,0,0,0,216,0,64,0,0,0,0,0,0,0,0,0,0,4,0,0,0,0,0,0,0,0,0,0,0,0,0,4,0,0
00634 features=531 size=10 p=10 tap=52 reset=true scheme=3 ops=3,1,3,3,3,3,1,3,3,2,3,2,2,3,1,1,3,3,3,1,1,3,3,3,3,3,1,2,3,3,3,1,1,2,1,3,2,1,3,3,1,3,1,1,3,3,0,3,1,1,1,3,3,1,3,3,0,0,0,0,0,3,3,1 ks=0,0,0,0,0,0,0,0,239,0,0,0,0,219,0,0,0,0,0,254,0,0,0,0,0,0,0,0,0,0,0,0,0,0,0,0,254,0,0,0,0,0,0,254,0,0,0,0,0,1,128,0,192,0,0,0,0,25,0,0,0,2,0,0
00635 features=459 size=12 p=1 tap=17 reset=false scheme=1 ops=2,3,3,2,1,2,1,3,3,0,0,1,1,3,2,1,3,3,2,2,3,3,3,3,2,3,1,3,3,2,1,3,2,2,2,3,2,3,2,3,3,3,1,1,1,1,1,1,1,1,1,1,1,1,1,1,1,1,2,2,3,3,3,2 ks=0,0,0,4,0,0,1,0,0,0,0,0,0,0,252,0,0,79,0,0,249,195,190,0,0,0,0,0,234,0,0,0,0,64,0,0,0,0,0,0,0,0,0,0,0,0,0,0,45,0,254,0,0,0,0,0,0,0,207,0,0,0,0,0
00636 features=480 size=8 p=5 tap=17 reset=false scheme=1 ops=2,3,3,2,1,2,1,3,2,1,0,1,1,3,2,1,3,3,2,3,3,3,3,3,3,3,3,1,3,1,1,3,1,2,1,1,0,0,0,3,1,3,0,0,1,1,1,1,1,1,1,1,1,1,0,3,0,0,0,0,0,3,3,2 ks=0,0,0,0,0,0,0,0,0,0,0,0,0,0,0,0,0,76,0,0,0,195,2,0,0,0,0,0,0,0,0,0,0,0,0,0,0,0,0,0,0,0,0,254,0,0,187,0,0,0,254,0,0,0,0,0,0,25,0,0,0,0,2,0
00637 features=390 size=4 p=5 tap=30 reset=false scheme=1 ops=3,2,3,2,3,2,2,2,2,0,0,3,3,3,3,3,3,3,3,3,3,3,3,3,3,3,0,3,3,0,0,3,0,0,3,3,0,3,3,3,3,3,1,0,0,0,3,3,3,0,0,0,3,0,3,0,0,3,3,0,3,3,3,3 ks=0,0,0,0,0,0,0,0,0,0,0,0,0,0,0,0,0,0,0,0,0,0,190,0,0,0,0,0,1,0,16,0,0,0,0,0,0,0,0,0,0,0,0,255,0,0,0,0,0,0,0,0,0,0,0,0,0,0,0,0,0,0,0,0
00638 features=439 size=7 p=5 tap=52 reset=false scheme=5 ops=0,1,3,3,3,0,3,0,3,0,3,0,0,3,3,0,3,3,3,0,0,0,3,3,3,3,0,0,3,0,0,3,3,3,3,0,3,0,0,3,0,3,0,0,3,0,0,3,0,1,1,3,3,0,0,3,3,0,0,0,0,3,3,3 ks=0,255,0,0,0,0,0,0,0,0,0,0,0,0,0,0,0,0,252,2,0,0,0,0,0,0,0,0,0,0,0,0,0,0,0,0,0,0,1,0,0,0,0,0,0,0,0,0,3,0,0,0,128,0,0,0,0,0,0,0,0,0,0,32
00639 features=523 size=8 p=5 tap=16 reset=false scheme=5 ops=2,0,3,2,1,0,1,2,2,0,0,1,1,3,2,1,3,3,2,3,3,3,3,3,2,3,3,1,3,1,1,3,1,2,1,0,0,0,0,3,1,3,0,0,1,1,1,1,1,1,1,1,1,1,1,1,1,1,1,1,0,0,3,1 ks=0,0,0,80,0,0,0,240,0,0,0,0,0,0,0,255,0,0,0,215,249,195,254,0,0,0,0,0,0,0,0,0,0,0,0,0,0,0,0,0,0,0,0,0,0,253,0,0,0,0,0,0,0,0,0,0,0,0,0,0,0,0,0,0
00640 features=315 size=6 p=5 tap=30 reset=false scheme=1 ops=3,2,3,2,3,2,2,2,2,0,0,3,2,3,3,3,3,3,3,3,3,3,3,3,3,3,0,3,3,0,0,3,0,3,3,3,0,3,3,3,3,3,3,0,0,0,3,3,3,0,0,0,3,0,3,0,0,3,3,0,3,3,3,3 ks=0,0,0,0,0,0,0,0,0,0,0,0,0,0,0,0,0,0,0,0,78,0,190,0,0,0,0,0,254,0,16,0,0,0,0,0,0,0,0,0,0,0,0,1,0,0,0,0,0,0,0,0,2,0,0,0,0,0,0,0,0,0,0,0
00641 features=822 size=15 p=5 tap=12 reset=true scheme=3 ops=0,0,3,3,3,0,3,3,3,0,0,0,0,3,0,0,3,3,3,0,0,0,3,3,3,3,0,0,3,1,3,3,1,2,3,0,3,0,0,3,0,3,0,0,3,0,3,3,1,0,1,3,3,2,0,3,0,0,0,0,0,3,3,3 ks=0,0,0,0,144,0,0,0,0,0,0,0,0,0,0,0,0,0,149,0,0,0,0,0,0,0,0,0,0,0,0,0,0,254,151,8,4,4,0,32,0,0,0,0,0,0,0,0,0,16,0,197,0,0,0,0,0,25,0,1,16,2,0,160
00642 features=679 size=4 p=5 tap=17 reset=false scheme=3 ops=2,1,3,2,1,2,0,3,2,0,0,1,1,3,2,1,1,3,2,3,1,3,3,3,2,3,3,1,3,1,1,3,1,2,1,0,0,0,0,0,2,2,0,0,2,1,2,2,2,2,2,2,3,2,2,2,2,2,2,0,0,3,3,2 ks=0,0,0,0,0,0,0,0,0,0,0,0,0,0,0,0,0,79,0,0,0,195,254,32,0,0,0,0,0,0,0,0,0,0,0,0,0,0,0,0,0,0,0,0,0,0,0,0,0,0,0,0,0,0,0,0,0,0,0,0,0,0,0,0
00643 features=423 size=9 p=5 tap=30 reset=false scheme=1 ops=3,2,3,2,3,2,2,2,2,0,0,3,2,3,2,2,3,3,2,3,3,3,3,3,3,3,0,3,3,0,0,3,0,3,3,3,0,3,3,3,3,3,3,0,0,0,3,3,3,0,0,0,3,0,3,0,0,3,3,0,3,3,3,3 ks=0,0,0,64,0,0,0,0,0,0,0,0,0,0,168,0,0,79,0,0,0,195,254,0,0,0,0,0,254,0,16,0,0,0,0,0,0,0,0,0,0,0,0,1,0,0,0,0,0,0,0,0,2,0,0,0,0,0,0,0,0,0,0,0
00644 features=834 size=8 p=5 tap=30 reset=true scheme=2 ops=3,3,3,3,3,0,0,3,0,0,0,3,3,3,3,3,3,3,3,0,3,3,3,3,3,3,0,3,3,0,0,3,0,3,3,3,0,3,3,3,3,3,0,0,2,3,2,2,2,0,3,3,2,2,0,3,0,3,3,0,3,3,3,3 ks=0,0,0,135,0,0,0,0,0,0,0,0,0,0,0,0,0,0,0,0,0,195,190,0,0,0,0,0,1,0,0,0,0,0,0,0,64,0,0,218,0,0,0,0,0,0,0,0,0,0,254,0,0,0,0,0,0,0,0,0,0,0,2,0
00645 features=599 size=8 p=5 tap=17 reset=true scheme=3 ops=3,1,1,3,1,3,1,3,1,0,0,1,1,3,3,1,3,3,3,3,3,3,3,3,3,3,3,1,3,0,0,3,1,1,0,3,3,0,3,3,3,3,0,1,3,1,1,1,0,0,1,1,1,3,1,0,1,0,0,1,0,0,3,0 ks=0,0,0,0,0,0,0,247,0,64,0,0,0,111,0,0,0,79,0,0,249,131,127,0,0,0,0,0,0,0,0,0,0,0,216,0,0,0,0,0,0,0,0,0,0,0,0,0,0,0,0,0,0,0,0,0,0,0,0,0,0,0,0,0
00646 features=276 size=9 p=5 tap=30 reset=false scheme=2 ops=3,2,3,2,3,1,2,2,2,3,3,3,3,3,1,0,3,3,3,2,1,3,3,3,3,3,1,3,3,3,1,3,3,3,3,3,2,0,3,3,3,3,3,1,2,2,3,3,3,3,3,2,3,2,3,2,2,3,3,2,3,3,3,3 ks=0,0,0,0,0,0,254,0,0,0,0,0,0,0,1,0,111,0,0,0,0,0,0,1,0,0,0,0,1,0,0,0,128,0,0,2,0,0,1,0,0,0,0,0,0,0,0,0,0,0,0,0,0,0,0,0,0,0,172,0,0,0,0,0
00647 features=607 size=14 p=5 tap=17 reset=true scheme=3 ops=2,3,1,3,3,3,2,3,3,2,2,1,1,3,2,1,3,3,2,3,3,3,3,3,3,3,3,1,3,1,1,3,3,3,3,0,3,0,0,0,0,3,0,0,2,1,1,1,1,1,1,1,1,1,0,3,0,0,1,1,1,1,3,1 ks=0,0,0,0,0,0,0,196,0,0,0,0,0,127,0,0,0,79,0,127,249,129,2,0,252,0,0,0,1,0,0,0,0,154,0,0,0,0,0,0,0,0,0,0,255,0,0,0,66,0,0,0,0,0,0,32,0,0,252,0,0,0,0,0
00648 features=707 size=14 p=5 tap=17 reset=true scheme=3 ops=2,3,1,2,1,2,1,3,2,0,0,1,1,3,2,1,3,3,2,3,3,3,3,3,3,3,3,2,3,0,0,3,0,0,3,3,0,3,3,3,3,3,3,0,2,1,1,1,1,1,1,1,3,1,0,3,0,0,0,1,3,3,3,2 ks=0,0,0,0,0,0,0,0,0,0,16,0,0,4,0,0,0,79,0,0,249,131,2,0,2,0,0,0,1,0,16,0,0,0,0,0,0,0,0,202,0,0,0,255,0,128,0,4,0,0,0,0,0,0,0,0,0,0,0,0,0,4,0,0
00649 features=707 size=7 p=5 tap=17 reset=true scheme=4 ops=3,3,3,3,3,0,1,3,1,3,3,1,3,3,0,1,3,3,3,3,3,3,3,3,1,3,3,3,3,0,0,3,3,1,0,3,3,3,0,3,3,3,3,0,3,1,0,0,3,3,0,0,3,1,1,1,0,1,3,1,3,3,3,3 ks=0,0,0,0,0,0,0,0,0,0,0,0,132,127,0,0,0,79,0,0,249,195,190,0,0,0,0,0,0,0,0,0,0,0,51,0,0,0,0,0,0,0,0,0,0,0,0,0,0,0,0,0,0,0,0,0,0,0,0,0,0,0,0,0
00650 features=677 size=12 p=5 tap=17 reset=true scheme=3 ops=3,3,1,2,1,2,1,3,2,0,0,1,1,3,2,1,3,3,2,3,3,3,3,3,3,3,3,1,3,2,0,3,2,2,2,3,2,3,2,3,3,3,0,2,2,1,1,1,1,1,1,1,3,1,2,3,0,0,0,1,3,3,3,2 ks=255,0,0,0,0,0,0,247,0,0,16,0,0,0,0,0,0,79,0,0,249,131,127,0,0,0,0,0,0,0,0,0,0,0,216,0,64,191,0,0,0,0,0,0,0,0,0,0,0,0,127,0,0,0,0,0,0,0,0,0,0,4,0,0
00651 features=297 size=7 p=5 tap=30 reset=false scheme=1 ops=3,3,3,3,3,0,0,3,3,3,0,3,3,3,3,3,3,3,3,3,3,3,3,3,3,3,0,3,3,0,0,3,0,3,3,3,0,3,0,3,3,3,3,0,0,0,3,3,3,0,3,0,3,0,3,0,0,3,3,0,3,3,3,3 ks=0,0,0,135,0,0,0,0,0,0,0,0,0,0,0,0,0,0,0,0,0,195,190,127,0,0,0,0,1,0,0,0,0,0,0,0,64,0,0,0,0,0,0,0,0,0,0,0,3,0,0,0,0,0,0,0,0,0,0,0,0,0,0,0
00652 features=651 size=4 p=5 tap=30 reset=true scheme=2 ops=3,2,3,2,1,2,2,2,2,0,0,3,3,3,3,3,3,3,3,1,3,3,3,3,3,3,0,3,3,0,0,3,0,3,3,3,0,3,3,3,3,3,3,0,0,0,3,3,3,0,0,0,3,0,3,0,0,3,3,0,3,3,3,3 ks=0,0,0,0,0,0,0,0,0,0,0,0,0,0,0,0,0,0,0,0,0,0,254,0,0,0,0,0,1,0,16,0,0,0,0,0,0,0,0,0,0,0,0,255,0,0,0,0,0,0,0,0,0,0,0,0,0,0,0,0,0,0,0,0
00653 features=841 size=16 p=5 tap=12 reset=true scheme=3 ops=0,0,3,3,3,0,3,3,3,0,0,0,0,3,0,0,3,3,3,0,0,0,3,3,3,3,0,0,3,1,3,3,1,2,3,0,3,0,0,3,0,3,0,0,3,0,3,3,1,0,1,3,3,2,0,3,0,0,0,0,0,3,3,3 ks=0,0,0,0,144,0,0,0,0,0,0,0,0,0,0,0,0,0,149,0,0,0,0,0,0,0,0,0,0,0,0,0,64,254,151,8,4,4,0,32,0,0,0,0,0,0,0,0,0,16,0,197,0,0,0,0,0,25,0,1,16,2,0,160
00654 features=499 size=10 p=10 tap=52 reset=true scheme=3 ops=3,1,3,3,3,3,1,3,3,2,3,2,2,3,1,3,3,3,3,1,1,3,3,3,3,3,1,2,3,3,0,3,3,1,3,2,3,3,2,0,2,3,1,1,3,3,3,3,1,1,1,3,3,1,3,3,2,2,1,1,1,3,3,3 ks=0,0,0,0,0,0,0,0,0,0,0,0,0,0,0,1,0,0,0,254,0,0,0,0,0,0,0,0,0,0,0,0,0,0,0,0,0,0,0,0,20,0,0,0,0,0,0,0,0,1,0,0,192,8,0,0,0,25,0,0,0,2,253,32
00655 features=735 size=13 p=5 tap=17 reset=true scheme=3 ops=3,3,1,2,1,2,1,3,2,0,0,1,1,3,2,1,3,3,2,3,3,3,3,3,3,3,3,1,3,2,0,3,2,2,2,3,2,3,2,3,3,3,0,2,2,1,1,1,1,1,1,1,3,1,2,3,0,0,0,1,3,3,3,2 ks=0,0,0,0,0,0,0,247,145,0,16,0,0,4,0,0,0,79,0,0,249,131,127,16,0,0,0,0,0,0,0,0,0,0,216,0,64,191,0,0,0,0,0,0,0,0,0,0,0,0,0,0,0,0,0,0,0,0,0,0,0,4,0,0
00656 features=700 size=12 p=5 tap=17 reset=true scheme=3 ops=2,3,3,2,1,2,1,3,2,0,0,1,1,3,2,1,3,3,2,3,3,3,2,3,3,3,3,1,3,2,0,3,2,2,2,3,0,0,0,0,1,2,0,0,2,1,1,1,2,1,1,0,1,1,3,3,0,0,1,1,3,3,3,2 ks=0,0,0,0,0,0,0,0,0,0,16,0,0,4,0,0,0,79,0,0,249,131,2,0,0,0,0,0,0,0,0,252,0,0,216,0,0,0,0,0,0,0,0,254,0,103,0,0,255,0,0,0,0,0,0,0,0,0,0,0,0,4,0,0
00657 features=448 size=9 p=5 tap=30 reset=false scheme=1 ops=3,3,2,3,3,0,0,3,0,0,0,3,3,3,3,3,3,3,3,3,0,0,3,3,3,3,0,3,3,0,2,3,0,3,3,3,0,3,0,3,3,3,3,0,0,0,3,3,3,0,3,0,3,0,3,0,0,3,3,0,3,3,3,2 ks=0,0,0,135,0,0,0,0,0,0,0,0,0,0,0,123,0,0,0,0,0,0,0,0,0,251,0,0,1,0,0,0,0,32,0,0,64,0,0,0,0,0,0,0,252,0,0,0,3,0,0,0,164,0,0,0,0,0,0,0,0,0,0,0
00658 features=600 size=7 p=5 tap=0 reset=true scheme=3 ops=2,3,3,2,1,2,1,3,2,0,0,1,1,3,2,3,1,3,2,3,1,3,3,3,2,3,3,1,3,1,1,3,1,2,1,2,0,3,3,3,3,3,3,3,3,3,3,3,3,3,3,3,3,1,3,3,2,2,1,0,1,3,3,2 ks=0,0,0,0,0,0,0,0,0,0,0,0,0,0,0,0,0,0,0,0,0,0,0,0,0,0,0,0,0,0,0,0,0,0,0,0,0,0,0,8,0,156,0,0,0,0,0,0,0,179,0,0,0,8,0,0,1,25,0,0,0,2,0,0
00659 features=626 size=8 p=5 tap=17 reset=true scheme=3 ops=2,3,1,2,1,2,1,3,2,2,1,1,1,3,2,1,3,3,2,3,3,3,3,3,3,3,3,1,3,1,1,3,1,2,1,2,3,3,2,3,2,2,1,3,1,1,3,1,1,1,1,1,3,1,2,3,3,1,3,1,3,3,3,2 ks=0,0,0,0,0,0,34,0,0,0,0,0,0,0,0,0,0,79,0,0,0,131,2,0,0,0,0,0,0,0,0,127,0,0,0,0,0,0,0,0,166,0,0,64,0,0,0,0,0,0,0,0,0,0,0,0,0,0,0,0,0,4,0,0
00660 features=500 size=10 p=5 tap=52 reset=true scheme=3 ops=3,1,3,3,3,0,3,3,3,2,3,2,2,3,1,3,3,3,3,1,1,3,3,3,3,3,1,2,1,1,1,0,3,3,3,1,3,1,2,3,2,3,2,1,3,3,3,3,1,1,1,3,3,1,3,3,2,2,1,1,1,3,3,3 ks=161,0,0,0,0,0,0,0,0,0,0,0,0,0,0,0,0,0,0,254,0,0,8,0,0,0,0,0,0,0,0,0,0,0,0,0,0,0,17,0,20,0,0,0,0,0,0,0,0,1,0,0,0,0,64,0,0,25,0,0,0,2,0,32
00661 features=701 size=14 p=5 tap=17 reset=true scheme=3 ops=2,3,3,2,1,3,1,3,2,0,0,1,1,3,2,1,3,3,2,3,3,3,3,3,3,3,3,1,3,1,1,1,1,2,1,0,0,0,0,0,2,2,0,0,0,1,2,1,1,1,1,1,1,1,0,3,0,0,0,1,3,3,3,2 ks=0,0,28,0,0,0,0,0,0,0,0,0,0,0,143,0,0,79,0,0,249,131,2,0,0,0,35,0,0,4,0,45,0,0,0,0,0,0,0,0,166,0,0,0,0,0,0,0,255,0,254,0,0,0,0,0,0,25,0,0,0,4,0,0
00662 features=483 size=9 p=5 tap=52 reset=true scheme=3 ops=3,1,3,3,3,3,3,3,3,2,3,2,2,3,1,3,3,3,3,1,1,3,3,3,3,3,0,3,3,3,2,3,3,3,3,1,3,1,2,3,2,3,2,0,3,0,3,3,1,1,1,3,3,1,3,3,1,0,1,1,1,3,3,3 ks=0,0,0,0,0,0,0,0,0,0,0,0,0,0,0,1,0,0,0,254,0,0,0,0,0,0,0,0,0,0,0,0,0,0,0,0,0,0,17,0,20,0,0,0,0,0,0,0,0,1,0,0,0,0,253,0,0,25,0,0,0,2,0,32
00663 features=262 size=7 p=5 tap=30 reset=false scheme=1 ops=3,2,3,2,3,2,2,2,2,0,0,3,3,3,3,3,3,3,3,3,3,3,3,3,3,3,0,3,3,0,0,3,0,3,3,3,0,3,3,3,2,3,1,1,3,3,3,3,1,1,1,3,3,0,3,0,0,3,3,0,3,3,3,3 ks=128,0,0,0,0,0,0,0,0,0,0,0,0,0,0,0,0,0,0,0,0,0,190,0,0,0,0,0,1,0,16,0,0,0,0,0,0,0,0,0,20,0,0,0,0,0,0,0,0,1,0,0,128,0,0,0,0,0,0,0,0,0,0,0
00664 features=661 size=5 p=10 tap=30 reset=true scheme=2 ops=3,0,3,2,1,2,2,2,2,0,0,3,3,3,3,3,3,3,3,1,3,3,3,3,3,3,0,3,3,0,0,3,0,3,3,3,0,3,3,3,3,3,3,0,0,0,3,3,3,0,0,0,3,0,3,0,0,3,3,0,3,3,3,3 ks=0,0,0,0,0,0,0,0,2,0,0,0,0,0,0,0,0,0,0,0,0,0,254,0,0,0,0,0,1,0,18,0,0,0,0,0,0,0,0,0,0,0,0,255,0,0,0,0,0,0,0,0,0,0,0,0,0,0,0,0,0,0,0,0
00665 features=575 size=10 p=5 tap=17 reset=true scheme=3 ops=2,3,1,2,1,2,1,3,2,2,1,1,1,3,2,0,3,3,2,3,3,3,3,3,3,3,3,1,3,0,0,1,3,3,3,0,3,2,1,1,0,3,1,3,1,1,3,1,1,1,1,1,3,1,2,3,3,1,3,1,3,3,3,2 ks=0,0,0,0,0,0,0,0,0,0,0,0,0,0,0,0,0,79,0,0,0,131,2,0,0,0,0,0,0,0,0,0,0,0,0,8,0,0,17,0,20,0,100,0,0,0,2,0,0,0,0,0,0,0,0,0,0,0,0,254,0,4,0,0
00666 features=667 size=10 p=5 tap=16 reset=true scheme=3 ops=2,1,3,2,1,2,1,3,2,0,0,1,1,3,2,1,3,2,2,3,3,3,0,3,2,3,3,1,3,1,1,3,1,2,1,0,0,0,0,3,1,3,0,0,2,0,2,1,2,0,2,2,1,2,1,2,1,3,0,1,0,0,3,1 ks=0,0,0,0,0,0,0,0,0,0,0,0,0,0,0,0,0,79,0,2,0,195,0,0,0,0,0,252,0,0,0,0,0,0,0,0,0,0,0,0,0,0,0,0,0,0,0,51,3,0,0,0,0,0,0,0,0,128,0,0,127,54,147,0
00667 features=124 size=8 p=5 tap=17 reset=false scheme=3 ops=3,3,3,3,1,1,1,3,1,1,3,1,1,3,3,1,1,3,1,3,1,3,3,3,3,3,3,1,3,1,1,3,1,3,1,1,3,3,3,3,3,3,3,3,3,3,3,3,3,3,3,3,3,3,1,3,1,3,1,3,1,3,3,1 ks=0,0,0,0,0,32,0,0,254,0,0,0,0,0,0,0,0,79,0,215,0,195,254,0,0,0,0,0,0,0,0,255,0,0,0,0,0,0,0,0,0,0,0,0,0,0,0,0,0,0,0,0,0,0,0,0,0,25,0,0,0,0,0,0
00668 features=528 size=10 p=5 tap=16 reset=false scheme=5 ops=0,1,3,2,1,2,1,3,2,0,0,1,1,3,2,1,3,3,2,3,3,3,3,3,2,3,3,1,3,1,2,1,3,2,1,0,0,0,1,3,1,3,0,3,2,0,2,1,2,0,2,3,3,0,0,3,0,0,0,1,1,0,3,1 ks=0,0,0,0,0,0,250,0,0,2,0,0,0,0,0,0,0,79,0,0,249,195,127,0,0,0,0,0,0,0,0,0,0,0,0,0,0,0,0,0,0,0,4,0,0,0,0,0,0,0,0,0,8,252,0,0,0,0,0,0,64,0,0,0
00669 features=603 size=6 p=1 tap=17 reset=false scheme=1 ops=2,3,3,2,1,2,1,3,3,0,0,0,0,3,2,1,3,3,2,3,3,3,3,3,2,3,3,3,3,2,0,3,2,2,2,1,2,3,2,3,3,3,3,2,2,2,2,2,2,2,2,2,3,2,2,2,2,2,2,2,3,3,3,2 ks=0,0,0,0,0,0,0,0,0,0,128,0,0,0,0,0,0,79,0,0,249,195,190,0,0,0,0,0,0,0,0,0,0,0,0,0,0,0,0,0,0,0,0,0,0,0,0,0,0,0,0,0,0,47,0,0,0,0,0,0,0,0,0,0
00670 features=617 size=14 p=10 tap=52 reset=true scheme=3 ops=3,1,1,3,3,3,2,3,3,2,2,1,2,3,0,3,3,3,3,1,1,3,3,3,3,3,1,2,3,3,2,1,1,2,1,0,0,0,0,0,2,3,1,1,3,3,3,3,1,1,1,3,3,1,3,3,2,2,1,1,1,3,3,3 ks=0,0,90,0,0,0,0,196,0,0,0,0,0,127,0,58,0,0,0,254,0,0,0,0,0,0,0,0,0,0,0,0,0,0,0,0,0,0,0,0,20,0,0,0,0,0,0,0,1,1,0,0,192,8,0,0,0,25,0,0,0,2,253,32
00671 features=403 size=8 p=5 tap=30 reset=false scheme=1 ops=3,2,3,2,3,2,2,2,2,0,0,3,3,3,0,0,3,3,3,0,0,0,3,3,3,3,0,0,3,0,0,0,0,2,2,3,0,3,3,3,3,3,3,0,0,2,3,3,3,0,3,0,3,1,3,0,0,3,3,0,3,3,3,3 ks=0,0,0,0,0,0,254,0,0,0,0,0,91,0,1,0,0,0,254,0,0,0,0,1,0,0,0,0,1,0,0,0,0,0,0,0,0,0,0,0,0,0,0,0,0,205,0,21,0,0,0,0,0,0,0,0,0,0,0,0,0,0,0,0
00672 features=806 size=6 p=10 tap=30 reset=true scheme=1 ops=3,2,3,2,3,2,2,2,2,0,0,3,3,3,3,3,3,3,3,3,3,3,3,3,3,3,0,3,3,0,0,3,0,3,3,0,3,2,3,3,3,3,3,0,0,0,3,3,3,0,0,0,3,0,3,0,0,3,3,0,3,3,3,3 ks=0,0,0,0,0,0,0,0,0,0,0,0,0,0,0,0,0,0,128,0,0,0,190,0,0,0,0,0,1,0,0,0,0,0,0,8,0,1,0,0,32,0,0,0,0,0,0,0,0,0,0,0,0,0,0,0,0,0,0,0,0,0,0,0
00673 features=689 size=10 p=5 tap=30 reset=true scheme=1 ops=3,3,3,3,3,0,1,3,0,0,0,3,3,3,3,3,3,3,3,0,3,3,3,3,3,3,0,3,3,0,1,3,0,3,3,3,0,3,3,3,3,3,0,0,2,1,1,1,1,1,1,1,1,1,0,3,0,3,3,0,3,3,3,3 ks=0,0,0,135,0,0,0,0,0,0,0,0,0,0,0,0,0,0,0,0,0,195,190,0,0,0,0,0,1,0,0,0,0,0,0,0,64,0,0,218,0,0,0,0,0,0,0,0,255,0,254,0,0,0,0,0,0,0,0,127,0,0,2,0
00674 features=355 size=10 p=5 tap=30 reset=false scheme=1 ops=3,3,2,3,3,0,0,3,0,0,0,3,3,3,3,3,3,3,3,3,0,0,3,3,3,3,0,3,3,0,2,3,0,3,3,3,0,3,0,3,3,3,3,0,0,0,3,3,3,0,3,0,3,0,3,0,0,3,3,0,3,3,3,3 ks=0,0,0,0,0,0,0,0,0,0,0,0,0,0,0,123,0,0,0,0,0,0,0,0,0,255,0,0,1,0,23,0,2,32,0,0,64,0,0,0,0,0,0,0,252,0,0,0,3,0,0,0,0,0,0,0,0,0,0,0,0,211,0,0
00675 features=762 size=12 p=5 tap=12 reset=true scheme=3 ops=0,0,3,3,3,0,3,3,3,3,0,0,0,3,0,0,3,2,3,0,0,0,3,3,3,3,0,0,3,0,0,3,3,3,3,0,3,0,0,3,2,3,0,0,3,0,3,3,1,0,1,3,3,1,0,3,0,0,0,0,0,3,3,3 ks=0,0,0,0,144,0,0,0,0,0,0,0,4,0,0,0,0,0,0,0,0,0,0,0,0,0,0,0,0,0,0,0,1,0,254,8,0,0,17,255,22,0,0,0,0,0,0,0,254,0,0,0,0,0,0,0,0,25,0,0,0,2,0,128
00676 features=340 size=5 p=5 tap=30 reset=false scheme=1 ops=3,2,3,2,3,2,2,2,2,0,0,3,3,3,3,3,3,3,3,3,3,3,3,3,3,3,0,3,3,0,0,3,0,3,3,3,0,3,3,3,3,3,3,0,0,0,3,1,3,0,0,0,3,0,3,0,0,3,3,0,3,3,3,3 ks=0,0,0,0,0,0,0,0,0,0,0,0,0,0,0,0,0,0,0,0,0,0,190,0,0,0,0,0,1,0,16,0,0,0,0,0,0,0,0,0,0,0,0,255,0,128,0,0,0,0,0,0,0,0,0,0,0,0,0,0,0,0,0,0
00677 features=461 size=6 p=5 tap=30 reset=true scheme=1 ops=3,3,3,3,3,1,1,3,1,1,1,3,3,3,3,1,1,3,1,3,3,1,3,3,1,3,3,1,3,1,1,3,3,3,3,3,1,3,3,3,3,3,1,3,1,1,1,1,1,1,1,1,1,1,3,3,3,3,3,1,3,3,3,3 ks=0,0,0,0,0,0,0,0,0,0,0,0,0,0,0,0,0,0,0,215,0,0,0,0,0,0,0,0,1,0,0,0,0,254,64,0,64,0,0,218,0,0,0,0,0,0,0,0,0,0,0,0,0,0,0,0,0,0,0,0,0,0,0,0
00678 features=760 size=11 p=5 tap=12 reset=true scheme=3 ops=0,0,3,3,3,0,3,3,3,3,0,0,0,3,0,0,3,2,3,0,0,0,3,3,3,3,0,0,3,0,0,3,3,3,3,0,3,0,0,3,0,3,0,0,3,0,3,3,1,0,1,3,3,0,0,3,0,0,0,0,0,3,3,3 ks=0,0,0,0,144,0,0,0,0,0,0,0,0,0,0,0,0,0,0,0,0,0,0,0,27,0,0,0,0,0,0,0,1,0,151,8,0,0,17,255,22,0,0,0,0,0,0,0,0,0,0,0,0,0,0,0,0,25,0,0,0,2,0,128
00679 features=735 size=13 p=5 tap=12 reset=true scheme=3 ops=0,0,3,3,3,0,3,3,3,0,0,0,0,1,0,0,3,3,2,3,3,3,3,3,2,3,3,1,3,0,0,3,3,3,3,0,3,0,0,3,0,3,0,0,3,0,1,1,2,0,2,2,1,0,0,3,0,0,0,0,0,3,3,3 ks=0,0,0,0,0,0,0,0,0,0,0,4,0,0,1,0,0,0,0,215,0,0,254,0,0,0,4,0,0,0,0,0,0,0,41,8,0,0,17,0,20,0,0,0,0,0,177,0,0,0,0,0,0,0,0,0,0,13,0,0,0,2,0,32
00680 features=720 size=9 p=5 tap=63 reset=true scheme=3 ops=0,0,3,3,3,0,3,3,3,0,0,0,0,1,0,0,3,3,3,3,3,3,3,3,2,3,3,1,3,0,0,3,3,3,3,0,3,0,0,3,0,3,0,0,3,0,3,3,0,0,0,3,2,0,0,3,0,0,0,0,0,3,3,3 ks=0,0,0,0,0,0,0,0,0,0,0,0,0,0,1,0,0,0,0,215,0,0,254,0,0,0,0,0,0,0,0,0,0,0,0,8,0,0,17,0,20,0,0,0,0,0,0,0,0,0,0,0,0,0,0,0,0,29,0,0,0,2,0,32
00681 features=426 size=12 p=5 tap=30 reset=false scheme=1 ops=3,2,3,2,3,2,2,2,2,0,0,3,3,3,0,0,3,3,3,0,0,0,3,3,3,3,0,0,3,0,0,3,0,3,3,3,0,3,3,3,3,3,3,0,0,2,3,3,3,0,3,0,3,0,3,0,0,3,3,0,3,3,3,3 ks=0,0,128,0,0,0,128,0,0,0,253,0,91,0,1,0,0,0,0,0,0,0,0,1,16,0,0,0,1,0,70,0,128,0,0,0,0,255,0,0,0,0,0,0,0,0,0,16,0,0,0,0,0,0,0,0,0,0,0,0,0,0,0,0
00682 features=598 size=7 p=5 tap=17 reset=true scheme=3 ops=3,1,1,3,1,3,1,3,1,0,2,1,1,3,3,1,3,3,3,3,3,3,3,3,3,3,3,1,3,0,0,3,1,1,0,3,3,0,3,3,3,3,0,1,3,1,1,1,0,0,1,1,1,3,1,0,1,0,3,1,0,0,3,0 ks=0,0,0,0,0,0,0,247,0,64,0,0,0,111,0,0,0,79,0,0,0,131,127,0,0,0,0,0,0,0,0,0,0,0,0,0,0,0,0,0,0,0,0,0,0,255,0,0,0,0,0,0,0,0,0,0,0,0,0,0,0,0,0,0
00683 features=697 size=11 p=5 tap=17 reset=true scheme=3 ops=2,3,1,2,1,2,1,3,2,0,0,1,1,3,2,1,3,3,2,3,3,3,3,3,3,3,3,1,3,2,0,3,2,2,2,3,2,3,2,3,3,3,0,2,2,1,1,3,1,0,1,1,3,1,0,3,0,0,0,1,3,3,3,2 ks=0,0,0,0,0,0,0,0,0,0,16,0,0,4,0,0,0,79,0,0,249,131,2,0,2,0,0,0,0,0,0,0,0,0,216,0,64,0,0,0,0,0,0,0,0,0,0,0,0,0,0,0,0,0,0,0,67,181,0,0,0,0,0,0
00684 features=375 size=5 p=5 tap=30 reset=false scheme=1 ops=3,2,3,2,3,2,2,2,2,0,0,3,3,3,3,3,3,3,2,3,3,3,3,3,3,3,0,3,3,0,0,3,0,3,3,3,0,3,3,3,3,3,3,0,0,0,3,1,3,0,0,0,3,0,3,0,0,3,3,0,3,3,3,3 ks=0,0,0,0,0,0,0,0,0,0,0,0,0,0,0,0,0,0,0,0,0,0,190,0,0,0,0,0,1,0,16,0,0,0,0,0,0,0,0,0,0,0,1,255,0,0,0,0,0,0,0,0,0,0,0,0,0,0,0,0,0,0,0,0
00685 features=449 size=12 p=1 tap=17 reset=false scheme=1 ops=2,3,3,2,1,2,1,3,3,0,0,1,1,3,2,1,3,3,2,2,3,3,3,3,2,3,1,3,3,2,1,3,2,1,2,3,2,3,2,3,3,3,1,1,1,1,1,1,1,1,1,1,1,1,1,1,1,1,2,2,3,3,3,2 ks=0,0,0,4,0,0,0,0,0,0,0,0,0,0,252,0,0,79,8,0,249,195,190,0,0,0,0,0,0,0,0,0,0,64,0,0,0,0,0,0,0,0,0,254,0,0,0,0,45,0,254,0,0,0,0,0,0,0,207,0,0,0,0,0
00686 features=443 size=9 p=5 tap=30 reset=false scheme=1 ops=3,3,2,3,3,0,0,3,0,0,0,3,3,3,3,3,3,3,3,3,3,3,3,3,3,3,0,3,3,0,0,3,0,3,3,3,0,3,0,3,3,3,3,0,0,0,3,3,3,0,3,0,3,0,3,0,0,3,3,0,3,3,3,0 ks=0,0,0,135,0,0,0,0,0,0,0,0,0,0,0,0,0,0,0,0,0,195,190,127,0,0,0,0,1,0,30,0,0,0,0,0,64,0,0,0,0,0,0,0,0,0,0,0,3,0,0,0,164,0,0,0,0,0,0,0,0,0,0,0
00687 features=611 size=14 p=10 tap=52 reset=true scheme=3 ops=3,1,0,3,3,3,1,3,2,0,0,2,2,3,1,3,3,3,3,1,1,3,3,3,3,3,1,2,3,3,2,1,1,2,1,0,0,0,0,0,2,3,1,1,3,3,3,3,1,1,1,3,3,1,3,3,2,2,1,1,1,3,3,3 ks=0,1,0,0,0,0,0,0,0,0,0,0,0,0,0,1,0,0,0,254,0,0,0,0,0,0,0,0,0,0,0,0,0,0,0,0,0,255,0,0,20,0,0,0,1,0,0,0,0,1,0,0,192,8,0,101,0,25,0,0,0,2,253,32
00688 features=601 size=14 p=5 tap=17 reset=true scheme=3 ops=3,3,3,1,1,0,1,3,3,0,0,1,1,3,1,1,3,3,1,3,3,3,3,3,3,3,3,1,3,1,1,1,1,3,1,0,0,0,0,0,3,0,0,0,3,1,1,1,1,1,1,1,1,1,0,3,0,0,0,1,3,3,1,3 ks=0,0,28,0,0,0,0,0,0,0,0,0,0,0,143,0,130,79,0,0,249,131,2,0,0,0,0,0,0,0,0,45,0,0,0,0,0,0,0,0,166,0,0,0,0,0,0,0,255,0,254,0,0,0,0,0,0,26,1,0,0,4,0,0
00689 features=683 size=5 p=5 tap=30 reset=true scheme=1 ops=3,2,3,2,3,2,2,2,2,0,0,3,3,3,3,3,3,3,3,3,3,3,3,3,3,3,0,3,3,0,0,3,0,0,3,3,0,3,3,3,3,3,1,0,0,0,3,3,3,0,0,0,3,0,3,0,0,3,3,0,3,3,3,3 ks=0,0,0,0,0,0,0,0,0,0,0,0,0,0,0,0,0,0,0,0,0,0,190,0,0,0,0,0,1,8,16,0,0,0,0,0,0,0,0,0,0,0,0,255,0,0,0,0,0,0,0,0,0,0,0,0,0,0,0,0,0,0,0,0
00690 features=716 size=11 p=5 tap=17 reset=true scheme=3 ops=2,3,1,2,1,2,1,3,2,0,0,1,1,3,2,1,3,3,2,3,3,3,3,3,3,3,3,1,3,2,0,3,2,2,2,3,2,3,2,3,3,3,0,2,2,1,1,1,1,1,1,1,3,1,0,3,0,0,0,1,3,3,3,2 ks=0,0,0,0,0,0,0,0,0,0,16,0,0,4,0,0,0,79,0,0,249,139,2,0,2,0,0,0,0,212,0,0,0,0,216,0,64,0,0,0,0,0,0,0,0,0,0,0,0,0,0,0,0,0,0,0,0,0,0,0,0,4,0,0
00691 features=268 size=8 p=5 tap=30 reset=false scheme=1 ops=3,2,3,2,3,2,2,2,2,0,0,3,3,3,3,3,3,3,3,3,3,3,3,3,3,3,0,3,3,0,0,3,0,3,3,3,0,3,3,3,2,3,1,1,3,3,3,3,1,1,1,3,3,0,3,0,0,3,3,0,3,3,3,3 ks=128,0,0,0,0,0,0,0,0,0,0,0,0,0,0,0,0,0,0,0,0,0,190,0,0,0,0,0,1,0,16,0,0,0,0,0,0,0,0,0,20,0,4,0,0,0,0,0,0,1,0,0,128,0,0,0,0,0,0,0,0,0,0,0
00692 features=748 size=13 p=5 tap=30 reset=true scheme=1 ops=3,3,3,3,3,0,1,3,0,0,0,3,3,3,3,3,3,3,2,3,3,3,0,3,3,3,0,3,3,0,0,3,0,3,3,3,0,3,3,3,3,3,0,0,2,1,1,1,1,1,1,1,1,1,0,3,0,3,3,0,3,3,3,3 ks=0,0,0,135,0,0,0,0,0,0,0,0,0,0,0,0,0,79,0,1,0,195,190,0,0,0,0,172,1,0,0,0,0,0,0,0,64,0,0,218,0,0,0,0,0,0,0,0,255,0,254,0,0,0,0,0,0,0,0,127,0,0,2,0
00693 features=605 size=8 p=10 tap=30 reset=true scheme=1 ops=3,3,3,3,3,0,0,3,0,0,0,3,3,3,3,3,3,3,3,0,3,3,3,3,3,3,0,1,3,0,0,3,0,3,3,3,0,3,3,3,3,3,0,0,2,1,1,1,1,1,1,1,1,1,0,3,0,3,3,0,3,3,3,3 ks=0,0,0,135,0,0,0,0,0,0,0,0,0,0,0,0,0,0,0,0,0,128,190,0,0,0,0,0,1,0,0,0,0,0,0,0,64,0,0,218,0,0,0,0,0,0,0,0,0,0,0,0,0,0,0,0,0,0,0,127,0,0,2,0
00694 features=785 size=14 p=5 tap=12 reset=true scheme=3 ops=0,0,3,3,3,0,3,3,3,0,0,0,0,1,0,0,3,3,3,0,0,0,3,3,3,3,0,1,3,0,0,3,3,3,3,0,3,0,0,3,0,3,0,0,3,0,1,1,2,0,0,2,1,0,0,3,0,0,0,0,0,3,3,1 ks=0,0,0,0,0,0,0,0,0,0,0,4,0,0,1,0,0,0,0,0,0,195,0,0,0,0,16,0,0,0,0,0,0,0,41,8,0,0,17,0,20,239,0,0,0,0,177,0,0,0,0,0,32,0,0,0,0,13,0,0,0,2,0,32
00695 features=541 size=8 p=2 tap=17 reset=true scheme=3 ops=3,3,1,3,3,0,2,3,3,2,2,3,2,3,0,3,3,3,2,1,3,3,3,3,3,3,3,3,3,0,0,3,3,1,0,3,3,3,0,3,3,3,3,3,3,3,3,3,3,2,3,0,3,3,2,3,3,0,3,0,3,3,3,3 ks=0,0,0,0,0,0,0,0,0,0,0,0,0,127,0,58,7,222,0,0,0,211,190,4,0,0,0,0,0,0,0,0,0,0,0,0,0,0,0,0,0,0,0,0,0,0,0,0,0,0,0,0,0,0,0,0,0,0,0,0,0,0,0,252
00696 features=634 size=13 p=10 tap=48 reset=true scheme=3 ops=3,1,3,3,3,3,1,3,3,2,3,2,2,2,2,1,2,3,2,0,0,3,3,3,3,3,0,1,2,0,0,1,1,2,1,0,0,0,0,0,2,3,1,1,3,3,3,3,1,1,1,3,3,0,3,3,2,2,1,1,1,3,3,3 ks=0,0,0,0,0,0,0,0,0,0,0,8,0,0,0,4,0,0,0,0,0,0,190,0,0,0,0,0,0,254,0,0,0,0,4,0,0,0,0,0,20,0,0,0,0,0,0,0,0,1,0,0,192,8,255,0,0,0,0,0,0,2,253,32
00697 features=698 size=7 p=5 tap=30 reset=true scheme=1 ops=1,3,3,3,3,0,0,3,0,0,0,3,3,3,3,3,3,3,3,0,3,3,3,3,3,3,1,3,3,0,0,3,0,3,3,3,0,3,3,3,3,3,2,0,2,1,1,1,1,1,1,1,1,1,0,3,0,3,3,0,3,3,3,3 ks=0,0,0,135,0,0,255,0,0,0,0,0,0,0,0,0,0,0,0,0,0,0,190,0,0,0,0,0,1,0,0,0,0,0,0,0,64,0,0,84,0,0,0,0,0,0,0,0,0,0,0,0,0,0,0,0,0,0,0,0,0,0,0,84
00698 features=699 size=13 p=5 tap=17 reset=true scheme=3 ops=3,3,1,2,1,2,1,3,2,0,0,1,1,3,2,1,3,3,2,3,3,3,3,3,3,3,3,1,3,2,0,3,2,2,2,3,2,3,2,3,3,3,0,2,2,1,1,1,1,1,1,1,3,1,3,0,0,3,3,0,3,3,3,3 ks=0,0,0,0,0,0,0,247,145,0,16,0,0,4,0,0,0,79,0,0,249,131,127,16,0,0,0,0,0,0,0,0,0,0,216,0,64,191,0,0,0,0,0,0,0,0,0,0,0,0,0,0,0,0,0,0,0,1,0,0,0,0,0,0
00699 features=433 size=14 p=5 tap=17 reset=false scheme=3 ops=3,3,3,1,0,0,3,3,3,0,0,0,3,3,0,0,1,3,3,3,0,3,3,3,0,3,3,0,3,3,0,3,3,0,3,0,0,0,0,0,3,3,0,0,3,3,3,3,0,0,0,3,0,0,0,3,3,0,0,0,3,3,3,3 ks=0,0,0,0,0,0,0,0,0,0,0,0,0,0,0,0,0,79,0,0,0,195,254,0,0,0,0,0,0,0,0,3,0,253,254,1,0,0,0,0,0,99,0,0,0,0,0,65,0,0,0,16,64,255,0,0,0,25,253,0,0,0,0,0
00700 features=730 size=7 p=5 tap=17 reset=true scheme=3 ops=2,3,1,2,1,2,1,3,2,0,0,1,1,3,2,1,3,3,2,3,3,3,3,3,3,3,3,1,3,2,0,3,2,2,2,3,2,3,2,2,3,3,0,2,2,2,1,1,1,1,1,1,3,1,0,3,0,0,0,1,3,3,3,2 ks=0,0,0,0,0,0,0,0,0,0,0,0,0,4,0,0,0,79,0,0,249,131,2,0,0,0,0,0,0,0,0,0,0,0,0,0,64,0,0,0,0,0,0,0,0,0,0,0,0,0,0,0,0,0,0,0,0,0,0,0,0,4,0,0
00701 features=660 size=3 p=5 tap=30 reset=true scheme=1 ops=3,2,3,2,3,2,2,2,2,0,0,3,2,3,3,3,3,1,3,3,3,3,3,3,3,3,0,3,3,0,0,3,0,3,3,1,0,3,3,3,3,3,3,0,0,0,3,3,3,0,0,0,3,0,3,0,0,3,3,0,3,3,3,3 ks=0,0,0,0,0,0,0,0,0,0,0,0,0,0,0,0,0,0,0,0,0,0,190,0,0,0,0,0,254,0,16,0,0,0,0,0,0,0,0,0,0,0,0,0,0,0,0,0,0,0,0,0,0,0,0,0,0,0,0,0,0,0,0,0
00702 features=707 size=12 p=5 tap=17 reset=true scheme=3 ops=2,3,3,2,1,2,1,3,2,0,0,1,1,3,2,1,3,3,2,3,3,3,3,3,2,3,3,1,3,1,1,3,1,2,1,0,0,0,0,0,2,2,0,0,2,1,1,1,1,2,2,2,3,1,0,3,0,0,0,1,3,3,3,2 ks=0,0,0,0,0,0,144,0,2,0,0,0,0,0,0,0,0,79,0,0,249,131,2,0,0,253,0,0,0,0,0,0,0,0,0,0,0,0,0,0,166,0,176,0,0,0,0,0,255,0,0,0,0,0,0,0,0,25,0,0,0,4,0,0
00703 features=595 size=5 p=5 tap=17 reset=false scheme=3 ops=2,3,3,2,1,2,1,3,2,0,0,1,1,3,2,1,1,3,2,3,1,3,3,3,2,3,3,1,3,1,1,3,1,2,1,0,0,0,0,0,2,2,0,0,2,1,2,3,1,0,1,3,3,0,0,3,0,0,2,0,0,3,3,2 ks=0,0,0,0,0,0,0,0,0,16,0,0,0,0,0,0,0,79,0,0,0,195,254,0,0,0,0,0,0,0,0,0,0,0,0,0,0,0,0,0,0,0,0,0,0,0,0,0,0,0,0,0,0,0,0,0,0,120,0,0,0,0,0,0
00704 features=554 size=15 p=2 tap=30 reset=true scheme=1 ops=3,3,3,3,3,1,1,3,1,1,1,3,3,3,3,1,1,3,1,3,3,1,3,3,1,3,3,1,3,1,1,3,3,3,3,3,1,3,3,3,3,3,1,3,1,1,1,1,1,1,1,1,1,1,3,3,3,3,3,1,3,3,3,3 ks=0,0,0,135,0,0,0,0,0,0,0,0,0,0,0,0,0,79,0,215,0,131,254,0,70,0,0,0,1,0,0,0,0,0,0,254,64,0,0,218,0,0,0,0,0,0,0,0,255,0,254,0,0,0,102,0,0,0,0,127,0,0,2,0
00705 features=732 size=8 p=5 tap=30 reset=true scheme=1 ops=1,3,3,3,3,0,0,3,0,0,0,3,3,3,3,3,3,3,3,0,3,3,3,3,3,3,1,3,3,0,0,3,0,3,3,3,0,3,3,3,3,3,2,0,2,1,1,1,1,1,1,1,1,1,0,3,0,3,3,0,3,3,3,2 ks=0,0,0,135,0,0,255,0,0,0,0,90,0,0,0,0,0,4,0,0,0,0,190,0,0,0,0,0,1,0,0,0,0,0,0,0,64,0,0,84,0,0,0,0,0,0,0,0,0,0,0,0,0,0,0,0,0,0,0,0,0,0,0,0
00706 features=674 size=14 p=5 tap=24 reset=true scheme=3 ops=2,3,3,2,1,2,1,3,2,0,0,1,1,3,2,1,1,3,2,3,3,3,3,3,2,3,3,1,3,1,1,3,1,2,1,0,0,0,0,0,2,2,0,0,2,1,2,1,1,1,1,1,1,1,0,3,0,0,3,1,3,3,3,2 ks=0,0,8,0,0,0,252,0,0,0,0,0,0,0,0,0,0,79,0,215,0,195,254,127,0,0,0,0,0,0,0,0,0,0,254,0,0,0,0,76,0,0,64,0,0,0,0,0,255,0,254,0,0,0,0,0,0,2,253,0,0,0,0,0
00707 features=371 size=5 p=5 tap=30 reset=false scheme=1 ops=3,2,3,2,1,2,1,3,2,0,0,1,1,3,2,1,1,3,2,3,3,3,3,3,3,3,0,3,3,0,0,3,0,3,3,3,0,3,3,3,3,3,3,0,0,0,3,3,3,0,0,0,3,0,3,0,0,3,3,0,3,3,3,3 ks=0,0,0,0,0,32,0,0,0,0,0,0,0,0,0,0,0,0,0,0,0,0,190,0,0,0,0,0,1,0,0,0,0,0,0,0,0,0,0,0,0,0,0,255,0,0,0,0,0,0,0,0,0,0,0,0,0,0,4,0,0,0,0,0
00708 features=495 size=13 p=5 tap=17 reset=false scheme=3 ops=2,3,3,2,1,2,1,3,2,0,0,1,1,3,2,1,1,3,2,3,1,3,3,3,2,3,3,1,3,1,1,3,1,2,2,0,0,0,2,0,2,2,0,0,3,3,3,3,0,0,0,2,3,0,0,3,3,0,0,1,3,3,3,2 ks=0,0,0,0,0,32,1,0,0,0,0,0,213,0,0,0,0,79,0,0,0,199,254,0,0,0,0,0,0,0,0,3,0,0,254,1,0,0,128,0,0,0,0,0,0,0,0,65,0,0,0,0,0,0,0,0,0,25,253,0,0,0,0,0
00709 features=448 size=11 p=5 tap=30 reset=false scheme=0 ops=3,3,2,3,3,0,0,3,0,0,0,3,3,3,3,3,3,3,3,3,0,0,3,3,3,3,0,3,3,0,2,3,0,3,3,3,0,3,0,3,3,3,3,0,0,0,3,3,3,0,3,0,3,0,3,0,0,3,3,0,3,3,3,2 ks=0,0,0,135,0,0,111,0,0,59,0,0,0,0,0,123,0,0,0,0,0,0,0,0,0,251,0,0,1,0,0,0,0,32,0,0,64,0,0,0,0,0,0,0,252,0,0,0,3,0,0,0,164,0,0,0,0,0,0,0,0,0,0,0
00710 features=371 size=9 p=5 tap=30 reset=false scheme=1 ops=3,3,2,3,3,0,0,3,0,0,0,3,3,3,3,3,3,3,3,3,0,0,3,3,3,3,0,3,3,0,2,3,0,3,3,3,0,3,0,3,3,3,3,0,0,0,1,1,1,1,1,1,3,0,3,0,0,3,3,0,3,3,3,3 ks=0,0,0,0,0,0,0,0,0,0,0,0,0,0,0,123,0,0,0,0,0,0,0,0,0,255,0,0,1,0,23,0,2,32,0,0,64,0,0,0,0,0,0,0,252,0,0,0,0,0,0,0,0,0,0,0,0,0,0,0,0,211,0,0
00711 features=375 size=6 p=5 tap=52 reset=false scheme=5 ops=0,1,3,3,3,0,3,0,3,0,3,0,1,3,3,0,3,3,3,0,0,0,3,3,3,3,0,0,3,0,0,3,3,3,3,0,3,0,0,3,0,3,0,0,3,0,3,3,0,1,1,3,3,0,0,3,3,0,0,0,0,3,3,1 ks=0,255,0,0,0,0,0,0,0,0,0,0,0,0,0,0,0,0,252,2,0,0,0,0,0,0,0,0,0,0,0,0,0,0,0,0,0,0,1,0,0,0,0,0,0,0,0,0,3,0,0,0,128,0,0,0,0,0,0,0,0,0,0,0
00712 features=724 size=14 p=5 tap=17 reset=true scheme=3 ops=3,3,1,2,1,2,1,3,2,0,0,1,1,3,2,1,3,3,2,3,3,3,3,3,3,3,3,1,3,2,0,3,2,2,2,3,2,3,2,3,3,3,0,2,2,1,1,1,1,1,1,1,3,1,0,3,2,0,0,1,3,3,3,2 ks=0,0,0,1,254,0,0,128,0,3,16,0,0,4,0,0,0,79,0,0,249,131,127,0,0,0,0,0,0,0,0,0,0,0,216,0,64,0,0,0,0,0,0,0,0,0,0,0,0,0,0,0,0,0,0,253,0,0,0,0,0,4,0,0
00713 features=429 size=9 p=5 tap=30 reset=false scheme=3 ops=3,3,2,3,3,0,0,3,0,0,0,3,3,3,3,3,3,3,3,3,1,0,3,3,3,3,0,3,3,0,2,3,0,3,3,3,0,3,0,3,3,3,3,0,0,0,3,3,3,0,3,0,3,0,3,0,0,3,3,0,3,3,3,2 ks=0,0,0,135,0,0,0,0,0,0,0,0,0,0,0,123,0,0,0,0,0,0,0,0,0,251,0,0,1,0,0,0,0,32,0,0,64,0,0,0,0,0,0,0,249,0,0,0,3,0,0,0,164,0,0,0,0,0,0,0,0,0,0,0
00714 features=546 size=5 p=5 tap=30 reset=true scheme=1 ops=3,3,3,3,3,1,1,3,1,1,1,3,3,3,3,1,1,3,1,3,3,1,3,3,1,3,3,1,3,1,1,3,3,3,3,3,1,3,3,3,3,3,1,3,1,1,1,1,1,1,1,1,1,1,0,3,3,3,3,1,3,3,3,3 ks=0,0,0,0,0,0,0,0,0,0,0,0,0,0,0,0,0,0,0,215,0,0,0,0,0,0,0,0,1,0,0,0,0,0,0,0,67,0,184,218,0,0,0,0,0,0,0,0,0,0,0,0,0,0,0,0,0,0,0,0,0,0,0,0
00715 features=614 size=12 p=10 tap=52 reset=true scheme=3 ops=3,1,3,3,3,3,2,3,3,2,2,3,2,3,0,3,3,3,3,1,1,3,3,3,3,3,1,2,3,3,2,1,1,2,1,0,0,0,0,0,2,3,1,1,3,3,3,3,1,1,1,3,3,1,3,3,2,2,1,1,1,3,3,1 ks=0,0,0,0,0,0,0,196,0,0,0,0,0,127,0,58,0,0,0,254,0,2,0,0,0,0,0,0,0,0,0,0,0,0,0,0,0,0,0,0,20,0,0,0,0,0,0,0,0,2,0,0,192,8,0,0,0,25,0,0,0,2,253,0
00716 features=615 size=15 p=10 tap=52 reset=true scheme=3 ops=3,1,1,3,3,3,2,3,3,2,2,1,2,2,0,3,3,3,3,1,1,3,3,3,3,3,1,2,3,3,0,1,1,2,1,0,0,0,0,0,2,3,1,1,3,3,3,3,1,1,1,3,3,1,3,3,2,2,1,1,2,3,3,3 ks=0,0,0,0,0,0,0,218,0,0,0,0,0,127,189,58,0,0,0,254,0,0,0,0,0,0,253,0,0,0,0,0,0,0,0,0,0,0,0,0,20,0,0,0,0,0,0,0,1,1,0,0,192,14,0,0,0,25,0,0,0,2,253,32
00717 features=467 size=9 p=10 tap=52 reset=true scheme=3 ops=3,1,3,3,3,3,1,3,3,2,3,2,2,3,1,3,3,3,3,1,1,3,3,3,3,3,1,2,3,3,0,3,3,1,3,2,3,3,2,0,2,3,1,1,3,3,3,3,1,1,1,3,3,1,3,3,2,2,1,1,1,3,3,3 ks=0,0,0,0,0,0,0,0,0,0,0,0,0,0,0,0,0,0,0,255,0,0,0,0,0,0,0,0,0,0,0,0,0,0,0,0,0,0,0,0,20,0,0,0,0,0,0,0,0,1,0,0,192,8,0,0,0,25,0,0,0,2,253,32
00718 features=528 size=7 p=2 tap=17 reset=true scheme=3 ops=3,3,1,3,3,0,2,3,3,2,2,3,2,3,0,3,3,3,2,1,3,3,3,3,3,3,3,3,3,0,0,3,3,1,0,3,3,3,0,3,3,3,3,3,3,3,3,3,3,2,3,0,3,3,2,3,3,3,0,0,0,3,3,3 ks=0,0,0,0,0,0,0,0,0,0,0,0,0,0,0,58,7,222,0,0,0,211,190,4,0,0,0,0,0,0,0,0,0,0,0,0,0,0,0,0,0,0,0,0,0,0,0,0,0,0,0,0,0,0,0,0,0,0,0,0,0,0,0,252
00719 features=573 size=8 p=5 tap=17 reset=false scheme=3 ops=2,3,3,2,1,2,1,3,2,0,0,1,1,3,2,1,1,3,2,3,1,3,3,3,2,3,3,1,3,1,1,3,1,2,1,0,0,0,2,0,2,2,0,0,3,0,3,3,0,0,0,3,3,0,0,3,3,0,0,1,3,3,3,2 ks=0,0,0,0,0,32,0,0,0,0,0,0,0,0,0,0,0,79,0,0,0,195,254,0,0,0,0,0,0,0,0,0,0,0,254,0,0,0,0,0,0,0,0,0,0,0,0,65,0,0,0,0,0,0,0,0,0,0,253,0,0,0,127,0
00720 features=660 size=8 p=5 tap=17 reset=true scheme=3 ops=2,0,1,2,1,2,1,3,2,0,0,1,1,3,2,1,3,3,2,3,3,3,3,0,3,3,3,1,3,1,1,3,1,2,1,0,0,0,0,0,2,3,1,1,1,3,3,3,1,1,1,1,3,1,0,3,0,0,0,1,3,3,3,2 ks=0,0,0,0,0,0,0,0,0,0,0,0,0,0,0,0,0,79,0,0,249,131,2,0,0,3,0,0,0,0,0,127,0,0,0,0,0,0,0,0,20,0,0,0,0,0,0,0,0,0,0,0,0,0,0,0,0,0,0,0,0,4,0,0
00721 features=935 size=13 p=5 tap=17 reset=true scheme=3 ops=2,3,0,2,2,2,2,3,2,0,0,2,3,3,2,2,3,3,2,3,3,3,3,3,3,3,3,2,3,2,0,3,2,2,2,3,2,3,2,3,3,3,0,2,2,0,2,3,2,0,2,2,3,0,0,3,0,0,0,3,3,3,3,2 ks=0,0,32,0,0,0,0,0,0,0,16,0,0,4,0,0,0,79,0,0,249,139,2,0,2,0,0,0,0,212,0,0,0,0,216,0,64,0,0,0,0,0,0,0,0,0,0,51,0,0,0,0,0,0,0,0,0,0,0,0,0,4,0,0
00722 features=718 size=11 p=10 tap=52 reset=true scheme=3 ops=0,3,3,3,0,3,3,3,3,0,3,3,3,3,3,3,3,2,3,2,0,1,3,2,0,3,0,0,3,0,0,3,3,3,3,0,3,0,0,0,0,3,0,0,3,0,2,3,0,0,0,3,3,0,0,3,0,0,0,0,0,3,3,3 ks=0,0,0,0,0,0,0,0,0,0,0,0,0,0,0,0,0,0,0,0,0,252,0,0,0,0,0,0,0,0,0,0,1,0,0,0,0,0,17,255,145,255,0,0,0,0,0,0,0,0,0,0,0,2,128,0,0,27,0,0,0,254,0,128
00723 features=560 size=10 p=5 tap=12 reset=true scheme=3 ops=2,3,3,2,1,2,1,3,2,0,0,1,1,3,2,1,1,3,2,3,1,3,3,3,2,3,3,1,3,1,1,3,1,2,1,0,0,3,3,3,3,3,3,3,3,3,3,3,3,3,3,3,3,0,0,3,0,0,0,0,0,3,3,2 ks=0,0,0,0,0,32,0,0,0,0,0,0,0,0,0,0,0,79,0,215,0,195,254,0,0,0,0,0,32,0,0,0,0,0,0,1,39,0,0,0,0,0,0,0,0,0,0,0,0,0,0,0,0,0,0,0,0,25,0,0,0,2,0,0
00724 features=172 size=9 p=5 tap=17 reset=false scheme=3 ops=3,3,3,3,1,3,1,3,1,1,3,1,1,3,3,1,1,3,1,3,1,3,3,3,3,3,3,1,3,1,1,3,1,3,1,1,3,3,3,3,3,3,3,3,3,3,3,3,0,0,0,3,3,3,1,3,0,3,1,3,1,3,3,0 ks=0,0,0,0,0,32,0,0,0,0,0,0,0,0,0,0,0,79,0,215,0,195,254,0,0,0,0,0,0,0,0,0,4,0,0,0,0,0,0,0,0,0,0,0,0,0,0,0,189,0,0,0,38,0,0,0,0,25,0,0,0,0,0,0
00725 features=671 size=12 p=10 tap=52 reset=true scheme=3 ops=3,1,2,3,3,0,0,3,0,0,0,3,3,3,3,3,3,2,3,3,3,3,3,3,3,3,3,3,3,0,0,1,1,2,1,0,0,0,0,0,2,3,1,1,3,3,3,3,1,1,1,3,3,1,3,3,2,2,1,1,1,3,3,3 ks=0,0,0,0,0,0,0,0,0,0,0,0,0,0,0,0,0,0,218,0,0,0,0,0,0,0,0,127,0,0,0,0,0,0,0,0,0,4,0,0,20,0,0,0,0,0,0,0,0,1,128,0,185,8,0,0,0,25,0,0,0,2,253,30
00726 features=818 size=8 p=5 tap=17 reset=true scheme=3 ops=2,3,1,2,1,2,1,3,2,0,0,1,2,3,2,1,3,3,2,3,3,3,3,3,3,3,3,1,3,2,0,3,2,2,3,3,2,0,0,3,0,3,0,0,3,0,0,3,0,1,1,1,3,1,0,3,0,0,0,0,3,3,3,2 ks=0,0,0,0,0,0,0,0,0,0,0,0,0,4,0,0,0,79,0,0,0,130,2,0,0,0,0,0,0,0,0,0,0,0,0,0,64,0,1,0,0,0,0,0,0,0,0,0,3,0,0,0,0,0,0,0,0,0,0,0,0,4,0,0
00727 features=382 size=10 p=5 tap=30 reset=false scheme=1 ops=3,3,2,3,3,0,0,3,0,0,0,3,3,3,3,3,3,3,3,3,0,0,3,3,3,3,0,3,3,0,2,3,0,3,3,3,0,3,0,3,3,3,3,0,0,0,3,3,3,0,3,0,2,0,3,0,0,3,3,0,3,3,3,3 ks=0,0,0,135,0,0,0,0,0,0,0,0,0,0,0,123,0,0,0,0,0,0,0,0,0,255,0,0,1,0,0,0,0,32,0,0,64,0,0,0,0,0,0,0,252,0,0,0,3,0,0,0,164,0,0,0,0,1,0,0,0,0,0,0
00728 features=707 size=8 p=5 tap=17 reset=true scheme=3 ops=2,3,1,2,1,2,1,3,2,0,0,1,1,3,2,1,3,3,2,3,3,3,3,3,3,3,3,1,3,2,0,3,2,2,2,3,2,3,2,3,3,3,0,2,2,1,1,1,1,1,1,1,3,1,0,3,0,0,0,1,3,3,3,2 ks=0,0,0,0,0,0,0,0,0,0,0,0,0,4,0,0,0,79,0,0,249,131,2,0,0,0,0,0,0,0,0,0,0,0,0,0,64,0,0,0,0,0,0,0,0,0,0,0,0,0,0,0,0,0,0,0,52,0,0,0,0,4,0,0
00729 features=424 size=5 p=5 tap=17 reset=false scheme=0 ops=2,3,3,2,1,2,1,3,2,0,0,1,1,3,2,3,3,3,2,3,3,3,3,3,3,3,3,1,3,1,1,3,1,2,1,0,0,0,0,0,2,2,0,0,2,1,1,1,1,1,1,1,1,1,1,1,1,1,2,2,3,3,3,2 ks=0,0,0,0,0,0,0,0,0,0,0,0,0,0,0,200,0,79,0,0,0,195,2,0,0,0,0,0,0,0,0,0,0,0,0,0,0,0,0,0,0,0,0,0,0,0,0,0,255,0,0,0,0,0,0,0,0,0,0,0,0,0,0,0
00730 features=721 size=11 p=5 tap=17 reset=true scheme=3 ops=3,3,1,2,1,2,1,3,2,0,0,1,1,3,2,1,3,3,2,3,3,3,3,3,3,3,3,1,3,2,0,3,2,2,2,3,2,3,2,3,3,3,0,2,2,1,1,1,1,1,1,1,3,1,0,3,0,0,0,1,3,3,3,2 ks=0,0,0,0,0,0,0,128,0,0,16,0,0,4,0,0,0,79,127,0,249,131,127,0,0,0,0,0,0,0,0,0,0,0,216,0,64,0,0,0,0,0,0,0,0,0,0,0,0,0,0,0,0,0,0,0,0,0,0,0,0,4,0,0
00731 features=630 size=5 p=5 tap=30 reset=true scheme=2 ops=3,2,3,2,1,2,2,2,2,0,0,3,3,3,3,3,3,3,3,1,3,3,3,3,3,3,0,3,3,0,0,3,0,3,3,3,0,3,3,3,3,3,3,0,0,0,3,3,3,0,0,0,3,0,3,0,0,3,3,0,3,3,3,3 ks=0,0,0,0,0,0,0,0,0,0,0,0,0,0,0,0,0,0,0,0,0,0,254,0,0,0,0,0,1,0,16,0,255,0,0,0,0,0,0,0,0,0,0,255,0,0,0,0,0,0,0,0,0,0,0,0,0,0,0,0,0,0,0,0
00732 features=338 size=10 p=5 tap=30 reset=false scheme=0 ops=3,3,3,3,3,0,0,3,0,1,0,3,3,3,0,0,3,3,3,0,0,0,3,3,3,3,0,3,3,0,0,3,0,3,3,3,0,3,3,3,3,3,3,3,0,0,3,3,3,0,3,0,3,0,3,0,0,0,0,1,3,3,3,2 ks=0,0,0,135,0,2,0,0,0,0,0,0,0,0,1,0,0,0,0,0,0,0,0,0,0,0,0,0,1,0,0,0,0,0,0,0,64,0,0,0,128,0,0,0,55,0,0,0,0,0,0,0,164,0,0,0,0,25,0,0,0,4,0,0
00733 features=577 size=12 p=5 tap=12 reset=true scheme=3 ops=2,3,3,2,1,2,1,3,2,0,0,1,1,3,2,1,1,3,2,3,1,3,3,3,2,3,3,1,3,1,1,3,1,2,1,0,0,3,3,3,3,3,3,3,3,3,3,3,3,3,3,3,3,0,0,3,0,0,0,0,0,3,3,2 ks=0,0,0,0,0,32,0,0,0,0,0,0,0,0,0,255,0,79,0,215,216,195,254,0,0,0,0,0,32,0,0,0,0,0,0,1,39,0,0,0,0,0,0,0,0,0,0,0,0,0,0,0,0,0,0,0,0,25,0,0,0,2,0,0
00734 features=456 size=7 p=5 tap=31 reset=true scheme=1 ops=3,3,3,3,3,1,1,3,1,1,1,3,3,3,3,1,1,3,1,3,3,1,3,3,1,3,3,1,3,1,1,3,3,3,3,3,1,3,3,3,3,3,1,3,1,1,1,1,1,1,1,3,1,1,0,3,3,3,3,1,3,3,3,3 ks=0,0,0,0,0,0,0,0,0,0,0,0,254,0,0,0,0,0,0,215,0,0,0,0,0,244,0,0,1,0,50,0,0,0,0,0,0,0,184,218,0,0,0,0,0,0,0,0,0,0,0,0,0,0,0,0,0,0,0,0,0,0,0,0
00735 features=497 size=10 p=10 tap=52 reset=true scheme=3 ops=3,1,3,3,3,3,1,3,3,2,3,2,2,3,1,3,3,3,3,1,1,3,3,3,3,3,1,2,3,3,0,3,3,1,3,2,3,3,2,0,2,3,1,1,3,3,3,3,1,1,1,3,3,1,3,3,2,2,1,1,1,3,3,3 ks=0,0,0,0,0,0,0,0,0,0,0,0,0,0,0,1,0,0,0,254,0,0,0,0,0,0,0,0,0,0,0,0,0,0,0,0,0,0,0,0,20,0,0,0,0,0,0,0,0,1,0,0,189,8,0,0,0,25,0,0,0,2,253,32
00736 features=722 size=11 p=5 tap=17 reset=true scheme=3 ops=3,3,1,2,1,2,1,3,2,0,0,1,1,3,2,1,3,3,2,3,3,3,3,3,3,3,3,1,3,2,0,3,2,2,2,3,2,3,2,3,3,3,0,2,2,1,1,1,1,1,1,1,3,1,0,3,0,0,0,1,3,3,3,2 ks=0,153,0,0,0,0,0,128,0,0,16,0,0,4,0,0,0,79,0,0,249,131,127,0,0,0,0,0,0,0,0,0,0,0,216,0,64,0,0,0,0,0,0,0,0,0,0,0,0,0,0,0,0,0,0,0,0,0,0,0,0,4,0,0
00737 features=726 size=7 p=5 tap=30 reset=true scheme=2 ops=3,2,3,2,1,2,2,2,2,0,0,3,3,3,3,3,3,3,3,1,3,3,3,3,3,3,0,3,3,0,0,3,0,3,3,3,0,3,3,3,3,3,3,0,0,0,3,3,3,0,0,0,3,0,3,0,0,3,3,0,3,3,3,3 ks=0,0,0,0,0,0,0,0,0,254,0,0,0,0,0,0,0,0,0,0,0,0,190,0,0,1,0,0,1,0,16,0,0,0,0,0,0,0,0,0,0,0,0,255,0,8,0,0,0,0,0,0,0,0,0,0,0,0,0,0,0,0,0,0
00738 features=699 size=5 p=5 tap=30 reset=true scheme=2 ops=3,2,3,2,1,2,2,3,2,0,0,3,3,3,3,3,3,3,3,1,3,3,3,3,3,3,0,3,3,0,0,3,0,3,3,3,0,3,3,3,3,3,3,0,0,0,3,3,3,0,0,0,3,0,0,3,0,0,0,0,3,3,3,3 ks=0,0,0,0,0,0,0,0,0,0,0,0,0,0,0,0,0,0,0,0,0,0,190,0,0,0,0,0,1,0,16,0,0,0,0,0,0,0,0,0,0,0,0,255,0,101,0,0,0,0,0,0,0,0,0,0,0,0,0,0,0,0,0,0
00739 features=150 size=10 p=5 tap=17 reset=false scheme=3 ops=3,3,3,3,1,3,1,3,1,1,3,1,1,3,3,1,1,3,1,3,1,3,3,3,3,3,3,1,3,1,1,3,1,3,1,1,3,3,3,3,3,3,3,3,3,3,3,3,0,0,0,3,3,3,1,3,0,3,1,3,1,3,3,0 ks=0,0,0,0,0,32,0,0,0,0,0,0,0,0,0,0,0,79,0,215,0,195,254,0,0,0,0,0,0,0,0,0,4,0,0,0,0,0,0,0,0,0,0,0,0,0,0,0,189,0,0,0,38,64,0,0,0,25,0,0,0,0,0,0
00740 features=280 size=7 p=5 tap=30 reset=false scheme=1 ops=3,2,3,2,3,2,2,2,2,0,0,3,3,3,3,3,3,3,3,3,3,3,3,3,3,3,0,3,3,0,0,3,0,3,3,3,0,3,3,3,2,3,1,1,3,3,3,3,1,1,0,3,3,0,3,0,0,3,3,0,3,3,3,3 ks=128,0,0,0,0,0,0,0,0,0,0,0,0,0,0,0,0,0,0,0,0,0,190,0,0,0,0,0,1,0,16,0,0,0,0,0,0,0,0,0,20,0,0,0,0,0,0,0,0,1,128,0,0,0,0,0,0,0,0,0,0,0,0,0
00741 features=719 size=12 p=5 tap=30 reset=true scheme=1 ops=3,3,3,3,3,0,1,3,0,0,0,3,3,3,3,3,3,3,2,3,3,3,0,3,3,3,0,3,3,0,0,3,0,3,3,3,0,3,3,3,3,3,3,0,0,0,3,3,3,0,0,0,3,0,0,3,0,3,3,0,3,3,3,3 ks=0,0,0,135,0,0,0,0,0,0,0,0,0,0,0,0,0,0,0,1,0,195,190,0,0,0,0,172,1,0,0,0,0,0,0,0,64,0,0,218,0,0,0,255,0,0,0,0,0,0,0,0,254,0,0,0,0,0,0,127,0,0,2,0
00742 features=737 size=10 p=5 tap=30 reset=true scheme=1 ops=1,3,3,3,3,0,0,3,0,0,0,3,3,3,3,3,1,3,3,0,3,3,3,3,3,3,1,3,3,0,0,3,0,3,3,3,0,3,3,3,3,3,2,0,2,1,1,1,1,1,1,3,3,1,3,3,0,3,3,0,3,3,3,3 ks=0,0,0,135,0,0,255,0,0,0,112,0,0,0,0,0,0,0,0,0,0,0,190,0,0,0,0,0,1,0,0,0,0,0,252,0,64,0,0,84,0,0,0,0,0,2,0,0,0,0,0,0,0,0,0,0,0,0,0,0,0,0,0,89
00743 features=709 size=8 p=5 tap=30 reset=true scheme=1 ops=3,3,3,3,2,0,0,3,0,0,0,3,3,3,3,3,3,3,3,0,3,3,3,3,3,3,0,1,3,0,0,3,0,3,3,3,0,3,3,3,3,3,0,0,2,1,1,1,1,1,1,1,1,1,0,3,0,3,3,0,3,3,3,3 ks=0,0,0,135,0,0,0,255,0,0,0,0,0,0,0,0,0,0,0,0,0,195,190,0,0,0,0,0,1,0,0,0,0,0,0,0,64,0,0,0,0,3,0,0,0,0,0,0,0,0,0,0,0,0,0,0,0,0,0,127,0,0,0,0
00744 features=509 size=5 p=2 tap=30 reset=true scheme=1 ops=3,3,3,3,3,1,1,3,1,1,1,3,3,3,3,1,1,3,1,3,3,1,3,3,1,3,3,1,3,1,1,3,3,3,3,3,1,3,3,3,3,3,3,3,1,1,1,1,1,1,1,1,1,1,3,3,3,3,3,1,3,3,3,3 ks=0,0,0,0,0,0,0,0,0,0,0,0,0,0,0,0,0,0,0,0,0,0,254,0,70,0,0,0,1,0,0,0,0,0,0,0,64,0,0,218,0,0,0,0,0,0,0,0,0,0,0,0,0,0,0,0,0,0,0,0,0,0,0,0
00745 features=789 size=13 p=5 tap=17 reset=true scheme=3 ops=3,3,1,2,1,2,1,3,2,0,0,1,1,3,2,1,3,3,2,3,3,3,3,3,3,3,3,1,3,3,0,3,2,2,2,3,2,3,2,3,3,3,0,2,0,1,1,1,2,0,2,2,3,1,2,3,0,0,0,1,3,3,3,2 ks=0,0,0,0,0,0,0,247,0,0,16,0,0,4,0,32,0,79,0,0,249,131,127,0,0,0,0,136,0,0,0,0,0,0,216,0,64,0,0,0,0,0,0,0,0,0,0,0,0,0,0,0,0,0,0,0,0,0,0,39,0,4,0,0
00746 features=488 size=6 p=5 tap=29 reset=true scheme=1 ops=3,3,3,3,3,1,1,3,1,1,1,3,3,3,3,1,1,3,1,3,3,1,3,3,1,3,3,1,3,1,1,3,3,3,3,3,1,3,3,3,3,3,3,3,1,1,1,1,1,1,1,1,1,1,3,3,3,3,3,1,3,3,3,3 ks=0,0,0,0,0,0,0,0,0,0,0,0,0,0,0,0,0,0,0,0,0,0,254,0,70,0,0,148,1,0,0,0,0,0,0,0,64,0,0,218,0,0,0,0,0,0,0,0,0,0,0,0,0,0,0,0,0,0,0,0,0,0,0,0
00747 features=626 size=8 p=5 tap=30 reset=true scheme=1 ops=3,3,3,3,3,0,0,3,0,0,0,3,3,3,3,3,3,3,3,0,3,3,3,3,3,3,0,1,3,0,0,3,0,3,3,3,0,3,3,3,3,3,0,0,2,1,1,1,1,1,1,1,1,1,0,3,0,3,3,0,3,3,3,3 ks=0,0,0,135,0,0,255,0,0,0,0,0,0,0,0,0,0,0,0,0,0,128,190,0,0,0,0,0,1,0,0,0,0,0,0,0,64,0,0,218,0,0,0,0,0,0,0,0,0,0,0,0,0,0,0,0,0,0,0,127,0,0,0,0
00748 features=420 size=15 p=5 tap=17 reset=false scheme=3 ops=3,3,3,1,0,0,3,3,3,0,0,0,3,3,0,0,1,3,3,3,0,3,3,3,0,3,3,0,3,3,0,3,3,0,3,0,0,0,0,0,3,3,0,0,3,3,3,3,0,0,0,3,0,0,0,3,3,0,0,0,3,3,3,3 ks=0,0,0,0,64,0,0,0,0,0,0,0,0,0,0,0,0,79,0,0,0,195,254,0,0,0,0,0,0,0,0,3,0,253,254,1,0,0,0,0,0,99,0,0,0,0,0,65,0,0,0,16,64,255,0,0,0,25,253,0,0,0,0,0
00749 features=810 size=6 p=10 tap=30 reset=true scheme=1 ops=3,2,3,2,3,2,2,2,2,0,0,3,3,3,3,3,3,3,3,3,3,3,3,3,3,3,0,3,3,0,0,3,0,3,3,0,3,2,3,3,3,3,3,0,0,0,3,3,3,0,0,0,3,0,3,0,0,3,3,0,3,3,3,3 ks=0,0,0,0,0,0,0,0,0,0,0,0,0,0,0,0,0,0,0,0,0,0,190,0,128,0,0,0,1,0,0,0,0,0,0,8,0,0,0,0,0,0,0,0,0,0,0,0,0,0,0,0,0,0,0,0,64,0,0,99,0,0,0,0
00750 features=626 size=16 p=10 tap=52 reset=true scheme=3 ops=3,1,1,3,3,3,2,3,3,2,2,1,2,2,0,3,3,3,3,1,1,3,3,3,3,3,1,2,3,3,0,1,1,2,1,0,0,0,0,0,2,3,1,1,3,3,3,3,1,1,1,3,3,1,3,3,2,2,1,1,2,3,3,3 ks=0,0,0,0,0,0,0,217,0,0,0,0,0,127,189,58,0,0,0,254,0,0,0,0,0,0,253,0,0,0,0,0,0,0,0,0,0,0,0,0,20,0,3,0,0,0,0,0,1,1,0,0,192,14,0,0,0,25,0,0,0,2,253,32
00751 features=366 size=3 p=5 tap=52 reset=false scheme=4 ops=0,1,3,3,3,0,3,3,3,0,0,0,0,3,2,1,3,3,2,3,3,3,3,3,2,3,0,0,3,0,0,3,3,3,3,0,3,0,0,3,0,3,0,0,3,0,3,3,0,0,0,3,3,0,0,3,3,1,0,0,0,3,3,3 ks=0,0,0,0,0,0,0,0,0,0,0,0,0,0,0,0,0,0,0,215,0,0,254,0,0,0,0,0,0,0,0,0,0,0,0,0,0,0,0,0,0,0,0,0,0,0,0,0,0,0,0,0,128,0,0,0,0,0,0,0,0,0,0,0
00752 features=615 size=8 p=5 tap=17 reset=true scheme=3 ops=2,3,2,2,1,2,1,3,2,2,1,1,1,3,2,1,3,3,2,3,3,3,3,3,3,3,3,1,3,1,1,3,1,2,1,2,3,3,2,3,2,2,1,3,1,1,3,1,1,1,1,1,3,1,2,3,3,1,3,1,3,3,3,2 ks=0,0,0,0,0,0,34,0,0,0,0,0,0,0,0,0,0,79,0,0,0,131,2,0,0,0,0,0,0,0,0,127,0,0,0,0,0,0,0,0,166,0,0,64,0,0,0,0,0,0,0,0,0,0,0,0,0,0,0,0,0,4,0,0
00753 features=619 size=13 p=5 tap=17 reset=true scheme=3 ops=2,3,3,2,1,2,1,3,2,0,0,1,1,3,2,1,1,3,2,3,1,3,3,3,2,3,3,1,3,1,1,3,1,2,2,0,0,0,2,0,2,2,0,0,3,3,3,3,0,0,0,2,3,0,0,3,3,0,0,1,3,3,3,2 ks=0,0,0,0,0,32,1,0,0,0,0,0,213,0,0,0,0,79,0,0,0,199,254,0,0,0,0,0,0,0,0,3,0,0,254,1,0,0,128,0,0,0,0,0,0,0,0,65,0,0,0,0,0,0,0,0,0,25,253,0,0,0,0,0
00754 features=222 size=7 p=5 tap=30 reset=false scheme=1 ops=3,2,3,2,3,2,2,2,2,2,3,3,3,3,3,3,3,3,3,2,2,3,3,3,3,3,3,3,3,3,2,3,3,3,3,2,3,3,2,3,2,3,2,3,3,2,3,3,2,3,3,2,3,2,3,2,3,3,3,2,3,3,3,3 ks=0,0,0,0,0,0,0,0,0,0,0,0,0,0,1,0,0,0,0,0,0,0,0,127,0,126,0,0,1,0,0,0,128,0,0,0,0,0,17,0,20,0,0,0,0,0,0,0,0,0,0,0,0,0,0,0,0,0,0,0,0,0,0,0
00755 features=363 size=10 p=5 tap=30 reset=false scheme=0 ops=3,3,3,3,3,0,0,3,0,0,0,3,3,3,3,3,3,3,3,3,3,3,3,3,3,3,0,3,3,0,0,3,2,3,3,3,0,2,3,3,3,3,3,0,1,0,3,3,3,0,3,0,2,0,3,0,0,3,3,0,3,3,3,3 ks=0,0,119,135,0,0,0,237,0,0,0,0,0,0,0,0,0,0,0,0,0,195,190,127,0,0,0,0,1,0,2,0,0,0,0,0,0,0,8,127,0,0,0,0,0,0,0,0,0,0,0,0,0,0,0,0,0,0,0,0,0,0,0,0
00756 features=623 size=7 p=5 tap=18 reset=true scheme=3 ops=0,3,1,1,1,3,1,3,1,0,0,1,1,3,1,1,3,3,3,3,3,3,3,0,3,3,3,1,3,1,1,3,1,3,1,0,0,0,0,0,3,3,0,0,1,1,1,1,1,1,1,1,3,1,1,3,0,0,0,1,3,3,3,0 ks=0,0,0,0,0,0,0,0,0,0,0,0,0,0,0,0,0,79,0,0,249,131,2,0,0,0,0,0,0,0,254,127,0,0,0,0,0,0,0,0,20,0,0,0,0,0,0,0,0,0,0,0,0,0,0,0,0,0,0,0,0,0,0,0
00757 features=622 size=12 p=5 tap=17 reset=true scheme=3 ops=2,3,1,2,1,2,1,3,2,2,1,1,1,3,2,1,3,3,2,2,3,3,3,3,3,1,3,1,3,1,1,3,1,2,1,2,3,3,2,2,2,2,1,3,1,1,3,1,1,1,1,1,3,1,2,3,3,1,3,1,3,3,3,2 ks=0,0,0,0,0,0,0,0,0,0,64,0,0,0,0,0,0,79,0,0,0,131,2,0,0,0,0,0,0,0,253,127,0,0,0,0,0,0,1,254,166,0,0,1,0,0,0,0,255,0,0,0,0,0,0,0,0,0,0,0,0,4,0,0
00758 features=412 size=9 p=5 tap=30 reset=false scheme=0 ops=3,3,3,3,3,0,0,3,0,0,0,3,3,3,3,3,3,3,3,3,3,3,3,3,3,3,0,3,3,0,0,3,2,3,3,3,0,2,3,3,3,3,3,0,1,0,3,3,3,0,3,0,2,0,3,0,0,3,3,0,3,3,3,3 ks=0,0,119,135,0,0,0,237,0,0,0,0,0,0,0,0,0,2,0,0,0,195,190,127,0,0,0,0,1,0,0,0,0,0,0,0,0,0,8,0,0,0,0,0,0,0,0,0,0,0,0,0,0,0,0,0,0,0,0,0,0,0,0,0
00759 features=616 size=6 p=2 tap=30 reset=true scheme=1 ops=3,3,3,3,3,1,1,3,3,1,1,3,3,3,3,1,1,3,1,3,1,1,3,3,1,3,3,1,3,1,1,3,3,3,3,3,1,3,3,3,3,3,1,3,1,1,1,1,1,1,1,1,1,1,3,3,3,3,3,1,3,3,3,3 ks=0,0,0,0,0,0,0,0,0,0,0,0,0,0,0,0,0,79,0,215,0,131,0,0,0,0,0,0,1,0,0,0,0,0,0,0,0,0,0,218,0,0,1,0,0,0,0,0,0,0,0,0,0,0,0,0,0,0,0,0,0,0,0,0
00760 features=432 size=9 p=10 tap=52 reset=true scheme=3 ops=3,1,3,3,3,3,3,3,3,2,3,2,2,3,1,3,3,3,3,1,1,3,3,3,3,3,0,3,3,3,2,3,0,3,3,1,3,1,2,3,2,3,2,1,3,3,3,3,1,1,1,3,0,1,3,3,2,2,1,1,1,3,3,3 ks=0,0,0,0,0,0,0,0,0,0,0,0,0,0,0,0,0,0,0,255,0,0,0,0,0,0,0,0,0,0,0,0,0,0,0,0,0,0,17,0,20,252,0,0,0,0,0,0,0,1,0,0,0,0,253,0,252,0,0,0,0,2,0,32
00761 features=513 size=9 p=5 tap=17 reset=true scheme=3 ops=2,3,1,2,1,2,1,3,2,2,1,1,1,3,2,1,3,3,2,3,3,3,3,3,3,3,3,1,3,1,1,3,1,2,1,2,3,3,2,3,2,2,1,3,1,1,3,1,1,1,1,1,3,1,2,3,3,1,3,1,3,3,3,2 ks=0,0,0,255,0,0,0,0,0,0,0,0,0,0,0,0,0,79,0,0,0,131,2,0,0,0,0,0,0,0,253,127,0,0,0,0,0,0,1,0,166,0,0,0,0,0,0,0,0,0,0,0,0,0,0,0,0,0,0,0,0,4,0,0
00762 features=622 size=4 p=5 tap=17 reset=true scheme=3 ops=2,3,1,2,1,2,1,3,2,2,1,1,0,3,2,1,3,3,2,3,3,3,3,3,3,3,3,1,3,1,1,3,1,2,1,0,0,0,0,0,2,2,0,3,1,1,3,1,1,1,1,1,3,1,2,3,3,1,3,0,0,3,0,3 ks=0,0,0,0,0,0,0,0,0,0,0,0,0,0,0,0,0,79,0,0,0,131,2,0,0,0,0,0,0,0,0,0,0,0,0,0,0,0,0,0,0,0,0,0,0,0,0,0,0,0,0,0,0,0,0,0,0,0,0,0,0,0,0,32
00763 features=639 size=12 p=5 tap=17 reset=true scheme=3 ops=2,3,3,2,1,2,1,3,2,0,0,1,1,3,2,1,1,3,2,3,1,3,3,3,2,3,3,1,3,1,1,3,1,2,1,0,0,0,2,0,2,2,0,0,3,0,3,3,0,0,0,3,3,0,0,3,3,0,0,1,3,3,3,2 ks=0,4,0,0,0,32,0,0,0,0,0,0,0,0,0,0,1,79,0,0,0,195,254,0,0,0,0,0,0,0,0,0,0,0,254,78,0,0,0,0,0,0,0,0,0,0,0,65,0,0,0,0,0,0,0,0,0,25,253,0,0,0,127,0
00764 features=594 size=14 p=10 tap=52 reset=true scheme=3 ops=3,1,1,3,3,3,2,3,3,2,2,1,2,3,0,3,3,1,3,1,1,3,3,3,3,3,1,2,3,3,2,1,1,2,1,0,0,0,0,0,2,3,1,1,3,3,3,3,1,1,1,3,3,1,3,3,2,2,1,1,1,3,3,3 ks=0,0,0,0,0,0,0,196,0,0,0,0,0,127,0,58,0,0,1,254,0,0,0,0,0,0,0,0,0,0,0,0,0,0,0,0,0,0,0,0,20,0,0,0,0,0,0,0,1,1,0,0,192,8,0,0,0,25,0,0,0,2,253,32
00765 features=669 size=15 p=5 tap=17 reset=true scheme=3 ops=2,3,3,2,1,2,1,3,2,0,0,1,1,3,2,1,1,3,2,3,1,3,3,3,2,3,3,1,3,1,1,3,1,2,2,0,0,0,2,0,2,2,0,0,3,3,3,3,0,0,0,2,3,0,0,3,3,0,0,1,3,3,3,2 ks=0,0,0,0,0,32,1,0,0,0,0,0,213,0,0,0,0,79,0,0,0,199,254,0,0,0,0,0,0,0,0,3,0,0,254,1,0,0,128,0,0,0,0,0,0,0,0,65,0,0,0,0,1,0,0,0,0,25,253,0,4,0,0,0
00766 features=582 size=12 p=5 tap=12 reset=true scheme=3 ops=2,3,3,2,1,2,1,3,2,0,0,1,1,3,2,1,1,3,2,3,1,3,3,3,2,3,3,1,3,1,1,3,1,2,1,0,0,3,3,3,3,3,3,3,3,3,3,3,3,3,3,3,3,0,0,3,0,0,0,0,0,3,3,2 ks=0,0,0,0,0,32,0,0,0,0,0,0,0,0,0,255,0,79,0,215,216,195,254,0,0,0,0,0,32,0,0,0,0,0,0,0,39,0,0,39,0,0,0,0,0,0,0,0,0,0,0,0,0,0,0,0,0,25,0,0,0,2,0,0
00767 features=451 size=10 p=5 tap=52 reset=true scheme=3 ops=3,1,3,3,3,3,3,3,3,2,3,2,2,3,1,3,3,3,3,1,1,3,3,3,3,3,0,3,3,3,2,1,3,3,3,1,3,1,2,3,2,3,2,1,3,3,3,3,1,1,1,3,3,1,3,3,2,2,1,1,1,3,3,3 ks=0,0,0,0,0,0,0,0,0,0,0,0,0,0,0,1,0,0,0,254,0,0,0,0,0,0,0,254,0,0,0,0,0,0,0,0,0,0,17,0,20,0,0,0,0,0,0,0,0,1,0,0,0,0,253,9,0,0,0,0,0,2,0,32
00768 features=763 size=8 p=5 tap=30 reset=true scheme=1 ops=1,3,3,3,3,0,0,3,0,0,0,3,3,3,3,3,3,3,3,0,3,3,3,3,3,3,1,3,3,0,0,3,0,3,3,3,0,3,3,3,3,3,2,0,2,1,1,1,1,1,1,1,1,1,0,3,0,3,3,0,3,3,3,2 ks=0,0,0,135,0,0,255,0,0,0,0,0,0,0,0,0,0,4,0,0,0,0,190,0,0,0,0,0,1,0,0,0,0,1,0,0,64,0,0,84,0,0,0,0,0,0,0,0,0,0,0,0,0,0,0,0,0,0,0,0,0,0,0,0
00769 features=509 size=15 p=5 tap=17 reset=true scheme=3 ops=1,3,3,1,1,3,1,3,1,1,3,1,1,3,3,1,3,3,3,3,3,3,3,3,3,3,3,1,3,1,1,1,1,1,1,1,1,1,3,2,1,1,1,1,3,1,1,1,1,1,1,1,1,1,2,3,3,1,3,1,3,3,3,1 ks=0,0,28,0,0,0,0,0,0,131,0,0,0,0,143,0,0,79,0,0,249,131,2,0,4,0,0,0,0,0,0,45,0,0,0,0,0,0,0,0,166,0,0,0,0,0,0,0,255,0,254,0,0,0,0,90,0,25,0,0,0,4,0,0
00770 features=604 size=11 p=5 tap=17 reset=true scheme=3 ops=1,3,3,0,1,3,1,3,1,0,0,1,1,3,2,1,3,3,2,3,3,3,3,3,3,3,3,1,3,1,1,1,1,1,1,0,0,0,0,0,1,0,1,0,3,1,1,1,1,1,1,1,1,1,0,3,3,1,0,0,0,3,3,3 ks=0,0,28,0,0,0,0,0,2,131,0,0,0,0,0,0,0,79,0,0,249,131,2,0,0,0,0,0,0,0,0,45,0,0,0,0,0,0,0,0,166,0,0,0,0,0,0,0,255,0,254,0,0,0,0,0,0,0,0,0,0,0,0,0
00771 features=838 size=7 p=5 tap=30 reset=true scheme=1 ops=3,2,3,2,3,2,2,2,2,0,0,3,3,3,3,3,3,3,3,3,3,3,3,3,3,3,0,3,3,0,0,3,0,3,3,3,0,3,3,3,3,3,3,0,0,0,3,3,3,0,3,0,3,0,3,0,0,3,3,0,0,3,3,3 ks=219,0,128,0,0,0,0,0,0,0,0,0,0,0,0,0,0,0,0,0,0,0,190,0,0,0,0,0,1,0,0,0,0,0,0,0,0,0,0,0,0,128,0,0,0,0,0,0,0,0,0,0,0,0,0,254,0,1,0,0,0,0,0,0
00772 features=718 size=5 p=5 tap=30 reset=true scheme=1 ops=3,2,3,2,3,2,2,2,3,3,0,0,0,3,0,0,3,2,3,3,1,3,3,3,3,3,0,3,3,0,0,3,0,3,3,3,0,3,3,3,3,3,3,0,0,0,3,2,3,0,0,0,3,0,3,0,0,3,3,0,3,3,3,3 ks=0,0,0,0,0,0,0,0,0,0,0,0,0,0,0,0,0,0,0,255,0,0,190,0,0,0,0,0,254,0,16,0,0,0,0,0,0,0,0,0,0,0,0,1,0,0,0,0,0,0,0,0,0,0,0,0,0,0,0,0,0,0,0,0
00773 features=779 size=9 p=5 tap=30 reset=true scheme=2 ops=3,3,3,3,3,0,0,3,0,0,0,3,3,3,3,3,3,3,3,0,3,3,3,3,3,3,0,3,3,0,0,3,0,3,3,3,0,3,3,3,3,3,1,0,2,3,2,2,2,0,3,3,2,2,0,3,0,3,3,0,3,3,3,3 ks=0,0,0,135,0,0,0,0,0,0,0,0,0,0,0,96,0,0,0,0,0,195,190,0,0,0,0,0,1,0,0,0,0,0,0,0,64,0,0,218,0,0,0,0,0,0,0,0,0,0,254,0,0,0,0,0,0,0,0,0,0,0,2,0
00774 features=503 size=8 p=5 tap=52 reset=true scheme=3 ops=3,1,3,3,3,3,3,3,3,2,3,2,2,3,1,3,3,3,3,1,1,3,3,3,3,3,1,2,3,3,2,1,3,3,3,1,3,1,2,3,2,3,2,1,3,3,3,3,1,0,1,3,3,1,3,3,2,2,1,1,1,3,3,3 ks=0,0,0,0,0,0,0,0,0,0,0,0,0,0,0,0,0,0,0,254,0,0,0,0,0,0,0,0,0,0,0,0,0,0,0,0,0,0,17,0,20,0,127,0,0,0,0,0,0,1,0,0,0,0,0,0,0,25,0,0,0,2,0,32
00775 features=405 size=7 p=5 tap=52 reset=false scheme=3 ops=0,0,3,3,3,0,3,3,3,0,0,0,0,3,2,1,3,3,2,3,3,3,3,3,3,3,0,0,0,0,0,3,3,3,3,0,3,0,2,3,0,3,0,0,3,0,3,3,0,0,0,3,2,0,0,3,3,3,0,0,0,3,3,3 ks=0,255,0,0,0,0,0,0,0,0,0,0,0,0,0,0,0,0,0,0,0,0,0,0,0,0,0,0,0,0,0,0,0,0,0,0,0,0,17,0,20,0,176,0,0,0,105,0,0,0,0,0,0,0,0,0,0,25,0,0,0,0,0,32
00776 features=798 size=6 p=10 tap=30 reset=true scheme=1 ops=3,0,3,3,3,1,3,3,3,0,0,3,3,3,3,3,3,3,3,3,3,3,3,3,0,3,0,3,3,0,0,3,0,3,3,0,3,3,3,3,3,3,3,0,0,3,3,3,3,0,0,0,3,0,1,0,1,0,0,1,0,0,3,1 ks=0,0,0,0,0,0,0,0,0,0,0,0,0,0,0,0,0,0,0,0,0,0,192,0,0,2,0,0,1,4,0,0,0,0,0,8,0,0,0,0,0,0,0,0,0,0,0,0,0,0,0,0,0,0,0,0,0,0,0,0,0,0,255,0
00777 features=703 size=13 p=5 tap=17 reset=true scheme=3 ops=2,3,1,2,1,2,1,3,2,0,0,1,1,3,2,1,3,3,2,3,3,3,3,3,1,3,3,1,3,2,0,3,2,2,2,3,2,3,2,3,3,3,0,2,2,1,1,1,1,1,1,1,3,1,0,3,0,0,0,1,3,3,3,2 ks=0,0,0,0,0,127,0,0,0,0,16,0,0,4,0,0,0,79,0,0,250,131,2,0,2,0,0,0,0,0,0,0,0,0,216,0,64,190,0,0,0,0,0,0,0,0,0,4,0,0,0,0,0,0,0,0,0,0,0,0,0,4,0,0
00778 features=772 size=12 p=5 tap=12 reset=true scheme=3 ops=0,0,3,3,3,0,3,3,3,0,0,0,0,3,0,0,3,3,3,0,0,0,3,3,3,3,0,3,3,0,0,3,0,3,3,3,0,3,0,3,0,3,0,0,3,0,3,3,3,0,0,3,3,0,0,3,0,0,0,0,0,3,3,3 ks=0,0,0,0,144,0,0,0,0,2,0,0,0,0,0,0,0,0,149,0,0,0,0,0,0,0,0,128,127,0,0,2,0,0,0,0,64,0,0,255,0,0,0,0,0,0,0,0,0,0,0,0,0,0,0,0,0,25,0,0,16,2,0,160
00779 features=614 size=15 p=5 tap=17 reset=true scheme=3 ops=2,3,1,3,3,3,2,3,3,2,2,1,1,3,2,1,1,3,2,3,3,3,3,3,2,3,3,1,3,1,1,3,3,3,3,0,3,0,0,0,0,3,0,0,2,1,1,1,1,1,1,1,1,1,0,3,0,0,1,1,1,1,3,1 ks=0,0,0,0,0,0,0,196,0,0,0,0,0,254,0,0,0,79,0,215,0,131,254,0,0,0,2,0,1,0,0,0,0,154,0,0,0,0,0,0,0,0,0,0,255,0,0,0,100,0,0,0,0,0,255,32,0,0,252,0,0,0,0,183
00780 features=381 size=9 p=5 tap=30 reset=false scheme=1 ops=3,3,2,3,3,0,0,3,0,0,0,3,3,3,3,3,3,3,3,3,0,0,3,3,3,3,0,3,3,0,2,3,0,3,3,3,0,3,0,3,3,3,3,0,0,0,1,1,1,1,1,1,3,0,3,0,0,3,3,0,3,3,3,3 ks=0,0,0,0,0,0,0,0,0,0,0,0,0,0,0,123,0,0,0,0,0,0,0,0,0,255,0,0,1,0,23,0,2,32,0,0,0,0,0,0,0,0,0,0,252,0,0,0,254,0,0,0,0,0,0,0,0,0,0,0,0,211,0,0
00781 features=676 size=14 p=5 tap=17 reset=true scheme=3 ops=3,3,1,2,1,2,1,3,2,0,0,1,1,3,2,1,3,3,2,1,3,3,3,3,3,3,3,1,3,2,0,3,2,3,2,3,2,3,2,3,3,3,0,2,2,1,1,1,1,1,1,1,3,1,2,3,2,0,0,1,3,3,3,2 ks=255,0,0,0,0,0,0,247,0,127,16,0,0,0,0,0,0,79,0,0,251,131,127,0,0,0,0,0,0,0,0,0,0,0,216,0,64,191,0,0,0,0,0,0,0,0,0,0,0,0,123,0,0,0,210,0,0,0,0,0,0,4,0,0
00782 features=304 size=10 p=5 tap=30 reset=false scheme=0 ops=3,3,3,3,3,0,0,3,0,1,0,3,3,3,0,0,3,3,3,0,0,0,3,3,3,3,0,3,3,0,0,3,0,3,3,3,0,3,3,3,3,3,3,3,0,0,3,3,3,0,3,0,3,0,3,0,0,3,3,0,3,3,3,3 ks=0,0,0,135,0,2,0,0,0,0,0,0,0,0,1,0,0,0,0,0,0,0,0,0,0,0,0,0,1,0,0,0,0,0,0,0,64,0,0,0,128,0,0,0,0,0,0,0,0,0,0,0,164,0,0,225,0,0,0,0,0,0,253,32
00783 features=726 size=8 p=5 tap=30 reset=true scheme=2 ops=3,2,3,2,1,2,2,2,2,0,0,3,3,3,3,3,3,3,3,1,3,3,3,3,3,3,0,3,3,0,0,3,0,3,3,3,0,3,3,3,3,3,3,0,0,0,3,3,3,0,0,0,3,0,3,0,0,3,3,0,3,3,3,3 ks=0,0,0,0,0,0,0,0,0,254,0,0,0,0,0,0,0,0,0,0,0,0,190,0,0,1,254,0,1,0,16,0,0,0,0,0,0,0,0,0,0,0,0,255,0,8,0,0,0,0,0,0,0,0,0,0,0,0,0,0,0,0,0,0
00784 features=537 size=9 p=5 tap=16 reset=false scheme=5 ops=0,1,3,2,1,2,1,3,2,3,0,1,1,3,2,1,3,3,2,3,3,3,3,3,2,3,3,1,3,1,1,3,1,2,1,0,0,0,1,3,2,2,0,0,2,0,1,1,1,1,1,1,3,2,0,2,2,2,2,2,3,3,3,2 ks=0,0,0,0,0,0,0,0,0,0,0,0,0,0,221,0,0,83,0,0,249,195,127,0,0,0,0,0,0,0,0,0,0,1,0,0,0,0,0,2,0,0,0,0,0,0,0,0,0,0,0,0,0,0,0,0,0,0,0,127,16,0,0,0
00785 features=477 size=13 p=2 tap=30 reset=false scheme=1 ops=3,3,2,3,0,0,0,3,0,0,0,3,3,3,3,3,3,3,3,3,0,0,3,3,3,3,0,3,3,0,2,3,0,0,3,3,0,3,0,3,3,3,3,0,0,0,3,3,3,0,3,0,3,0,3,0,0,0,3,0,3,3,3,3 ks=0,0,0,135,0,0,4,0,0,0,0,0,0,0,0,123,0,0,0,1,0,0,0,0,0,255,0,0,1,0,0,82,0,32,0,0,64,0,0,0,0,0,0,0,252,0,0,0,3,0,0,0,164,0,0,0,0,0,0,0,0,211,0,0
00786 features=436 size=14 p=5 tap=17 reset=false scheme=3 ops=3,3,3,3,0,0,3,3,3,0,0,0,3,3,0,0,0,3,3,3,0,3,3,3,0,3,3,0,3,3,0,3,3,0,3,0,0,0,0,0,3,3,0,0,3,3,3,3,0,0,0,3,0,0,0,3,3,0,0,0,3,3,3,3 ks=0,0,0,0,0,0,0,0,0,0,0,0,0,0,0,0,0,79,0,0,0,195,254,0,0,0,0,0,0,0,0,0,0,253,254,1,0,0,0,208,0,99,0,0,0,0,0,65,0,0,0,16,64,255,0,0,0,25,253,0,0,0,0,0
00787 features=550 size=11 p=5 tap=17 reset=true scheme=3 ops=2,3,1,3,1,2,1,3,2,2,1,1,1,3,2,0,3,3,2,3,3,1,3,3,3,3,3,1,3,1,0,1,3,3,3,0,3,2,1,1,0,2,1,3,1,1,3,1,1,1,1,1,3,1,2,3,3,1,3,1,3,3,3,2 ks=0,0,0,0,0,0,0,0,0,0,0,0,0,0,0,0,0,79,0,0,0,255,2,185,0,0,0,0,0,0,0,0,0,0,0,8,0,0,17,0,20,0,100,0,0,0,2,0,0,0,0,0,0,0,0,0,0,0,0,254,0,4,0,0
00788 features=645 size=11 p=5 tap=30 reset=true scheme=1 ops=3,3,3,3,3,0,1,3,0,0,0,3,3,3,3,3,3,3,2,3,3,3,0,3,3,3,0,3,3,0,0,3,0,3,3,3,0,3,3,3,3,3,3,0,0,0,3,3,3,0,0,0,3,0,0,3,0,3,3,0,3,3,3,3 ks=0,0,0,135,0,0,0,0,0,0,0,0,0,0,143,0,0,0,0,1,0,195,190,0,0,0,0,172,1,0,0,0,0,0,0,0,64,0,0,218,0,0,0,255,0,0,0,0,0,0,0,0,0,0,0,0,0,0,0,127,0,0,0,0
00789 features=805 size=16 p=5 tap=12 reset=true scheme=3 ops=0,0,3,3,3,0,3,3,3,0,0,0,0,1,0,0,3,3,3,0,0,0,3,3,3,3,0,1,3,0,0,3,3,3,3,0,3,0,0,3,0,3,0,0,3,0,1,1,2,0,0,2,1,0,0,3,0,0,0,0,0,3,3,1 ks=0,0,0,0,0,0,0,0,0,0,0,4,0,113,1,0,0,0,0,0,0,195,0,0,0,1,48,0,0,0,0,0,0,0,41,8,0,0,17,0,20,239,0,0,0,0,177,0,0,0,0,0,32,0,0,0,0,13,0,0,0,2,0,32
00790 features=703 size=13 p=5 tap=17 reset=true scheme=3 ops=2,3,0,2,1,2,1,3,2,0,0,1,1,3,1,1,3,3,2,3,3,3,3,3,3,3,3,1,3,2,1,1,1,2,1,0,0,0,0,0,2,2,0,0,2,1,1,1,1,1,1,1,1,1,0,3,0,0,0,2,3,3,1,2 ks=0,0,28,0,0,0,0,0,0,0,0,0,0,0,143,0,130,79,0,0,249,131,2,0,0,0,0,0,0,0,0,45,0,0,0,0,0,0,0,0,166,0,0,0,0,0,0,0,255,0,254,0,0,0,0,0,0,26,0,0,0,4,0,0
00791 features=745 size=11 p=5 tap=30 reset=true scheme=1 ops=1,3,3,3,3,0,0,3,0,0,0,3,3,3,3,3,1,3,3,0,3,3,3,3,3,3,1,3,3,0,0,3,0,3,3,3,0,3,3,3,3,3,2,0,2,1,1,1,1,1,1,3,3,1,3,3,0,3,3,0,3,3,3,3 ks=0,0,0,135,0,0,255,0,0,0,112,0,0,0,0,0,170,0,0,0,0,0,190,0,0,0,0,0,1,0,0,0,0,0,252,0,64,0,0,84,0,0,0,0,0,2,0,0,0,0,0,0,0,0,0,0,0,0,0,0,0,0,0,89
00792 features=552 size=11 p=5 tap=30 reset=true scheme=2 ops=3,3,3,3,3,2,2,3,3,1,3,3,3,3,3,3,3,3,3,3,3,3,3,3,3,3,1,3,3,1,2,3,1,3,3,3,2,3,3,3,3,3,1,1,2,3,2,2,2,1,3,3,2,2,1,3,3,3,3,1,3,3,3,3 ks=0,0,0,135,0,0,71,0,0,0,0,0,0,0,0,0,0,0,0,0,0,204,190,0,0,2,0,0,1,0,2,0,0,0,0,0,66,0,0,218,0,0,0,0,0,0,0,0,0,0,254,0,0,0,0,0,0,0,0,0,0,0,2,0
00793 features=621 size=9 p=5 tap=11 reset=false scheme=5 ops=3,1,3,2,1,2,1,3,2,0,0,1,1,3,2,1,3,3,2,3,3,3,3,3,2,3,3,1,3,1,1,3,1,2,1,0,0,0,1,3,2,2,0,0,2,0,1,1,1,1,1,1,3,0,0,2,2,2,2,2,3,3,3,0 ks=0,0,0,0,0,0,0,0,0,0,0,0,0,0,221,0,0,83,0,0,0,195,127,0,0,0,0,0,0,0,0,0,0,0,0,0,0,0,0,2,0,0,0,0,0,0,34,0,0,0,254,0,0,0,0,0,0,0,0,127,16,0,0,0
00794 features=719 size=13 p=5 tap=17 reset=true scheme=3 ops=2,3,1,2,1,2,1,3,2,0,0,1,1,3,2,1,3,3,2,3,3,3,3,3,3,3,3,1,3,2,0,3,2,2,2,3,2,3,2,3,3,3,0,2,2,1,1,1,1,1,1,1,3,1,0,3,0,0,0,1,3,3,3,2 ks=0,0,0,0,4,0,0,0,0,0,17,0,0,4,0,0,0,79,0,0,249,139,2,0,0,0,253,0,0,212,0,0,0,0,216,0,64,0,0,0,0,0,0,0,0,0,0,0,0,0,0,0,4,0,0,0,0,0,0,0,0,4,0,0
00795 features=568 size=7 p=5 tap=17 reset=true scheme=3 ops=2,3,1,2,1,2,1,3,2,2,1,1,1,3,2,1,3,3,2,3,3,3,3,3,3,3,3,1,3,1,1,3,1,2,1,2,3,3,2,3,2,2,1,3,1,1,1,1,1,1,1,1,3,1,2,3,3,1,3,1,3,3,3,2 ks=0,0,0,0,0,0,0,0,0,0,0,0,0,0,0,0,0,79,0,0,0,131,2,0,0,0,0,0,255,0,0,127,0,0,0,0,0,0,0,0,166,0,0,0,0,0,0,0,0,0,0,0,0,0,0,0,0,0,0,0,0,4,0,0
00796 features=579 size=12 p=5 tap=52 reset=true scheme=3 ops=3,1,3,3,3,3,3,3,3,2,3,2,2,3,1,3,3,3,2,3,3,3,3,3,3,3,0,3,3,0,2,3,3,3,3,1,3,1,2,3,3,3,2,0,3,0,3,3,1,1,1,1,3,1,3,3,1,0,1,1,1,3,3,3 ks=0,0,0,32,0,0,0,0,0,128,0,0,0,0,0,1,0,0,0,0,0,195,2,0,0,0,0,0,0,0,0,0,0,0,0,0,0,0,17,0,20,0,0,0,0,0,0,0,0,1,0,0,0,0,253,0,0,25,0,0,0,2,0,34
00797 features=654 size=9 p=5 tap=17 reset=true scheme=3 ops=2,3,1,2,1,2,1,3,2,0,0,1,1,3,2,1,3,3,2,3,3,3,3,3,2,3,3,1,3,1,1,1,1,2,1,0,2,1,2,3,3,3,0,2,2,1,1,1,1,1,1,1,3,1,0,3,0,0,0,1,3,3,3,0 ks=0,0,0,0,0,0,0,0,0,0,16,0,0,4,0,0,0,79,0,0,249,131,2,0,0,0,0,0,0,32,0,0,0,0,0,0,64,0,0,0,0,0,0,0,0,0,0,0,0,0,0,0,0,0,0,0,0,0,0,0,0,4,0,0
00798 features=669 size=13 p=5 tap=17 reset=true scheme=3 ops=2,3,3,2,1,2,1,3,2,0,0,1,1,3,2,1,1,3,2,3,1,3,3,3,2,3,3,1,3,1,1,3,1,2,1,0,0,0,2,0,2,2,0,0,3,0,3,3,0,0,0,3,3,0,0,3,3,0,0,1,3,3,3,2 ks=0,4,0,0,0,32,0,0,0,0,0,0,0,0,0,0,1,79,127,0,0,195,254,0,0,0,0,0,0,0,0,0,0,0,254,78,0,0,0,0,0,0,0,0,0,0,0,65,0,0,0,0,0,0,0,0,0,25,253,0,0,0,127,0
00799 features=727 size=13 p=5 tap=12 reset=true scheme=3 ops=0,0,3,3,0,3,3,3,3,0,0,0,0,1,0,0,3,3,2,3,3,3,3,3,2,3,3,1,3,0,0,3,3,3,3,0,3,0,0,3,0,3,0,0,3,0,1,1,2,0,2,2,1,0,0,3,0,0,0,0,0,3,3,1 ks=0,0,0,0,0,0,0,0,0,0,0,0,1,0,1,0,0,0,0,215,4,0,254,0,0,0,0,0,0,0,0,0,0,0,41,8,0,0,17,0,20,0,0,0,0,0,177,0,0,0,0,0,0,0,0,0,0,13,0,0,0,2,0,32
00800 features=813 size=5 p=5 tap=17 reset=true scheme=3 ops=2,3,3,2,2,2,3,3,2,0,0,2,2,3,2,2,3,3,2,3,3,3,3,3,3,3,3,3,3,2,0,3,2,2,2,0,0,0,0,3,3,3,0,2,2,3,2,0,3,2,3,3,3,0,0,3,0,2,0,0,3,2,3,2 ks=0,0,0,0,0,0,0,0,0,0,0,0,0,4,0,0,0,79,0,0,249,131,2,0,0,0,0,0,0,0,0,0,0,0,0,0,0,0,0,0,0,0,0,0,0,0,0,0,0,0,0,0,0,0,0,0,0,0,0,0,0,0,0,0
00801 features=603 size=15 p=10 tap=52 reset=true scheme=3 ops=3,1,1,3,3,3,2,3,3,2,2,1,2,3,0,3,3,1,3,1,1,3,3,3,3,3,1,2,3,3,2,1,1,2,1,0,0,0,0,0,2,3,1,1,3,3,3,3,1,1,1,3,3,1,3,3,2,2,1,1,1,3,3,3 ks=0,0,0,0,0,0,0,196,0,0,0,0,0,127,0,58,0,0,1,254,0,0,0,0,0,0,0,0,0,0,0,0,0,0,0,0,0,0,0,0,20,0,0,0,0,0,0,0,1,1,0,0,192,8,0,0,0,25,0,125,0,2,253,32
00802 features=394 size=5 p=5 tap=17 reset=true scheme=3 ops=1,3,1,1,1,1,1,3,1,1,1,1,3,3,1,1,3,3,1,3,3,3,3,3,3,3,3,1,3,1,1,1,1,1,1,3,1,3,1,3,3,1,3,3,1,1,3,1,1,1,1,1,3,1,3,3,3,1,3,1,3,3,3,3 ks=0,0,0,0,0,0,0,0,0,0,0,0,0,0,0,0,0,79,0,0,0,131,2,0,0,1,0,0,0,0,0,0,0,0,0,0,0,0,0,0,0,0,0,0,0,0,0,0,0,0,0,0,0,0,0,0,0,0,0,0,0,0,0,32
00803 features=637 size=9 p=5 tap=17 reset=true scheme=3 ops=2,3,3,2,1,2,1,3,2,0,0,1,1,3,2,1,1,3,2,3,1,3,3,3,2,3,3,1,3,1,1,3,1,2,1,0,0,0,1,0,2,2,0,0,3,0,3,3,0,0,0,3,3,0,0,3,3,0,0,1,3,3,3,2 ks=0,0,0,0,0,0,0,0,0,0,0,0,0,0,0,0,1,79,0,0,0,195,254,0,0,0,0,0,0,0,0,0,0,0,254,0,0,0,255,0,0,0,0,0,0,0,0,65,0,0,0,0,0,0,0,0,0,25,253,0,0,0,0,0
00804 features=684 size=9 p=5 tap=12 reset=true scheme=3 ops=0,0,3,3,3,0,3,3,3,0,0,0,0,1,0,0,3,3,3,3,3,3,3,3,1,3,3,1,3,1,0,3,3,3,3,0,3,0,0,3,0,3,0,0,3,0,1,1,3,0,1,3,1,0,0,3,0,3,0,0,0,3,3,3 ks=0,0,0,0,0,0,0,0,0,0,0,0,0,0,1,0,0,0,0,215,0,0,254,0,0,0,0,0,0,0,0,0,0,0,0,8,0,0,17,0,20,0,0,0,0,0,0,0,0,0,0,0,0,0,0,0,0,29,0,0,0,2,0,32
00805 features=324 size=8 p=10 tap=30 reset=false scheme=0 ops=3,3,3,3,3,0,0,3,0,1,0,3,3,3,0,0,3,3,3,0,0,0,3,3,3,3,0,3,3,0,0,3,0,3,1,3,0,2,3,3,3,3,1,3,0,0,3,3,3,0,3,3,3,0,3,0,0,3,3,0,3,3,3,3 ks=0,3,0,135,0,2,0,0,0,0,0,0,0,0,1,0,0,0,0,0,0,0,0,0,0,0,0,0,1,0,0,0,0,0,0,0,64,0,0,0,128,0,0,0,0,0,0,0,0,0,0,0,164,0,0,0,0,0,0,0,0,0,0,0
00806 features=361 size=9 p=5 tap=30 reset=false scheme=1 ops=3,2,3,2,3,2,2,2,2,0,0,3,2,3,3,3,3,3,3,3,3,3,3,3,3,3,0,3,3,0,0,3,0,3,3,3,0,3,3,3,3,3,3,0,0,0,3,3,3,0,3,0,3,0,3,0,0,3,3,0,3,3,3,3 ks=0,0,0,0,0,0,0,0,0,0,0,0,0,224,0,0,0,0,0,0,78,0,190,0,0,0,0,0,254,0,16,0,0,0,0,0,0,0,0,0,0,0,0,1,2,0,0,0,0,0,0,0,2,16,0,0,0,0,0,0,0,0,0,0
00807 features=476 size=7 p=10 tap=52 reset=true scheme=3 ops=3,1,3,3,3,3,1,3,3,2,3,2,2,3,1,3,3,3,3,1,1,3,3,3,3,3,1,2,3,3,0,3,3,1,3,2,2,3,2,0,2,3,1,1,3,3,3,3,1,1,1,3,3,0,3,0,3,3,3,0,3,3,3,3 ks=0,0,0,0,0,0,0,0,0,0,0,0,0,0,0,0,0,0,0,255,0,0,0,0,0,0,0,0,0,0,0,0,0,0,0,0,0,0,0,0,20,0,0,0,0,0,0,0,0,0,0,0,128,0,0,0,0,0,0,0,4,2,253,32
00808 features=653 size=4 p=5 tap=30 reset=true scheme=1 ops=3,2,3,2,3,2,2,2,2,0,0,3,3,3,3,3,3,3,3,3,3,1,3,3,1,3,3,1,3,1,1,3,3,3,3,3,3,2,3,3,3,3,3,0,0,0,3,3,3,0,0,0,3,0,3,0,0,3,3,0,3,3,3,3 ks=0,0,0,0,0,0,0,0,0,0,0,0,0,0,0,0,0,0,0,0,0,0,254,0,70,0,0,0,1,0,0,0,0,0,0,0,0,0,0,0,64,0,0,0,0,0,0,0,0,0,0,0,0,0,0,0,0,0,0,0,0,0,0,0
00809 features=683 size=6 p=5 tap=30 reset=true scheme=2 ops=3,2,3,2,1,2,2,3,2,0,0,3,3,3,3,3,3,3,3,1,3,3,3,3,3,3,0,3,3,0,0,3,0,3,3,3,0,3,3,3,3,3,3,0,0,0,3,3,3,0,0,0,3,0,3,0,0,3,3,0,3,3,3,3 ks=0,0,0,0,0,0,0,0,0,255,0,0,0,0,0,0,0,0,0,0,0,0,190,0,0,0,0,0,1,0,16,0,0,0,0,0,0,0,0,0,0,0,0,255,0,8,0,0,0,0,0,0,0,0,0,0,0,0,0,0,0,0,0,0
00810 features=668 size=5 p=5 tap=30 reset=true scheme=1 ops=3,2,3,2,3,2,2,2,2,0,0,3,3,3,3,3,3,3,3,3,3,1,3,3,1,3,3,1,3,1,1,3,3,3,3,3,3,2,3,3,3,3,3,0,0,0,3,3,3,0,0,0,3,0,3,0,0,3,3,0,3,3,3,3 ks=0,0,0,0,0,0,0,0,0,0,0,0,0,0,0,0,0,0,0,0,0,0,254,0,70,0,0,0,1,0,0,0,0,0,0,0,0,0,0,0,64,0,0,0,0,0,0,0,0,0,0,0,0,0,0,0,0,0,0,121,0,0,0,0
00811 features=602 size=16 p=5 tap=17 reset=true scheme=3 ops=2,3,3,2,1,2,1,3,2,0,0,1,1,3,2,1,1,3,2,3,3,3,3,3,2,3,3,1,3,1,1,3,1,2,1,0,0,0,0,0,2,2,0,0,2,1,2,1,1,1,1,1,1,1,0,3,0,0,0,1,3,3,3,2 ks=254,0,0,255,0,0,252,0,0,0,0,0,0,0,0,0,0,77,0,215,0,195,254,127,0,0,0,0,0,0,0,0,0,0,254,0,254,0,0,76,0,0,64,0,0,0,0,0,255,0,254,0,0,0,0,0,0,2,253,0,0,0,0,0
00812 features=292 size=2 p=5 tap=54 reset=false scheme=0 ops=3,3,3,3,3,0,0,3,0,1,0,3,3,3,0,0,3,3,3,0,0,0,3,3,3,3,0,3,3,0,0,3,0,3,3,3,0,3,3,3,3,3,3,3,0,0,3,3,3,0,3,0,3,0,3,0,0,0,0,1,3,3,3,2 ks=0,0,0,0,0,0,0,0,0,0,0,0,0,0,0,0,0,0,0,0,0,0,0,0,0,0,0,0,0,0,0,0,0,0,0,0,0,0,0,0,0,0,0,0,55,0,0,0,0,0,0,0,164,0,0,0,0,0,0,0,0,0,0,0
00813 features=770 size=11 p=5 tap=52 reset=true scheme=3 ops=0,0,3,3,3,0,3,3,3,3,0,0,0,3,0,0,3,3,3,3,0,0,3,3,3,3,0,0,3,0,0,3,3,3,3,0,3,0,0,3,0,3,0,0,3,0,2,3,0,0,0,3,3,0,0,3,0,0,0,0,0,3,3,3 ks=0,0,0,0,144,0,0,0,0,0,0,0,0,0,0,0,0,0,0,0,0,0,0,0,0,0,0,0,0,0,0,0,1,0,0,8,0,0,17,255,20,0,255,0,0,0,161,0,0,0,0,0,0,0,0,0,0,25,0,0,0,2,0,32
00814 features=651 size=17 p=5 tap=17 reset=true scheme=3 ops=2,3,3,2,1,2,1,3,2,0,0,1,1,3,2,1,1,3,2,3,1,3,3,3,2,3,3,1,3,1,1,3,1,2,2,0,0,3,3,3,2,2,0,0,3,3,3,3,0,0,0,2,3,0,0,3,3,0,0,1,3,3,2,2 ks=0,0,0,0,0,32,1,0,0,0,0,0,213,0,0,4,0,79,0,0,0,199,254,0,0,0,0,0,0,0,0,3,0,0,254,1,0,0,253,218,0,0,0,0,0,0,0,65,0,0,0,0,1,0,0,0,0,25,253,0,4,0,0,0
00815 features=864 size=4 p=5 tap=30 reset=true scheme=1 ops=3,3,3,3,3,0,1,1,0,0,0,3,3,0,3,3,3,3,2,3,3,3,0,3,3,3,0,3,3,0,1,3,0,3,3,3,0,3,3,3,3,3,3,0,0,0,3,3,3,0,0,0,3,0,0,3,0,3,3,0,3,3,3,3 ks=0,0,0,135,0,0,0,0,0,0,0,0,0,0,0,0,0,0,0,0,0,0,0,0,0,0,0,172,1,0,0,0,0,0,0,0,0,0,0,218,0,0,0,0,0,0,0,0,0,0,0,0,0,0,0,0,0,0,0,0,0,0,0,0
00816 features=315 size=8 p=5 tap=16 reset=false scheme=2 ops=2,2,3,2,2,2,3,2,2,3,2,3,3,3,3,2,3,3,2,3,3,3,3,3,2,3,3,3,3,3,3,3,3,2,3,2,3,3,2,3,3,3,2,3,2,2,2,3,3,3,3,2,3,2,2,3,2,2,3,3,3,3,3,2 ks=0,0,145,0,0,0,0,0,0,0,0,0,0,0,0,0,0,128,0,215,249,195,254,0,0,0,0,0,0,0,0,0,0,0,0,0,0,0,0,0,0,255,0,0,0,0,0,0,0,0,1,0,0,0,0,0,0,0,0,0,0,0,0,0
00817 features=808 size=6 p=5 tap=17 reset=true scheme=3 ops=2,3,3,2,2,2,3,3,2,0,0,2,2,3,2,2,3,3,2,3,3,3,3,3,3,3,3,3,3,2,0,3,2,2,2,0,0,0,0,3,3,3,0,0,3,0,3,3,0,0,3,3,3,0,0,3,0,2,0,0,3,2,3,2 ks=0,0,0,0,0,0,0,0,0,0,0,0,0,4,0,44,0,79,0,0,249,131,2,0,0,0,0,0,0,0,0,0,0,0,0,0,0,0,0,0,0,0,0,0,0,0,0,0,0,0,0,0,0,0,0,0,0,0,0,0,0,0,0,0
00818 features=662 size=14 p=5 tap=17 reset=true scheme=3 ops=1,3,3,3,3,2,3,3,3,3,0,1,1,3,0,1,1,3,0,3,3,1,3,3,1,3,3,1,3,1,1,3,1,0,1,0,0,0,1,3,3,3,1,1,1,0,3,3,1,0,0,3,1,1,0,3,0,0,0,0,0,3,3,3 ks=2,0,0,0,144,0,0,4,0,182,0,0,0,0,0,0,2,79,0,215,0,131,254,0,70,0,0,0,128,0,0,175,0,0,0,0,0,0,0,0,0,0,0,0,0,241,0,0,0,0,0,0,0,0,0,0,0,0,0,0,0,0,0,128
00819 features=731 size=14 p=5 tap=17 reset=true scheme=3 ops=3,3,1,2,1,2,1,3,2,0,0,1,1,3,2,1,3,3,2,3,3,3,3,3,3,3,3,1,3,2,0,3,2,2,2,3,2,3,2,3,3,3,0,2,2,1,1,1,1,1,1,1,3,1,0,3,2,0,0,1,3,3,3,2 ks=0,0,0,1,254,0,0,128,0,3,16,0,0,4,0,0,0,79,0,0,249,135,127,0,0,0,0,0,0,0,0,0,0,0,216,0,64,0,0,0,0,0,0,0,0,0,0,0,0,0,0,0,0,0,0,253,0,0,0,0,0,4,0,0
00820 features=528 size=15 p=5 tap=17 reset=true scheme=3 ops=1,3,3,1,1,3,1,3,1,1,3,1,1,3,3,1,3,3,3,3,3,3,3,3,3,3,3,1,3,1,1,1,1,1,1,1,1,1,3,2,1,1,1,1,3,1,1,1,1,1,1,1,1,1,2,3,3,1,3,1,3,3,3,1 ks=0,0,28,0,0,0,0,0,0,131,0,0,0,0,143,0,0,79,0,0,249,131,2,0,4,0,0,0,0,0,0,45,0,0,0,0,0,0,0,0,166,0,0,0,0,0,0,0,255,0,2,0,0,0,0,90,0,25,0,0,0,4,0,0
00821 features=657 size=9 p=5 tap=17 reset=true scheme=3 ops=2,3,3,2,1,2,1,3,2,0,0,1,1,3,2,1,3,3,2,3,3,3,3,3,2,3,3,1,3,1,1,3,0,3,3,0,0,0,0,0,2,2,0,0,2,1,1,1,1,1,1,1,1,1,0,3,0,0,0,1,3,3,3,2 ks=0,0,0,0,0,0,0,0,0,0,0,0,0,0,0,0,0,79,0,0,249,131,2,0,0,0,0,0,0,0,0,0,0,0,0,0,0,0,0,0,166,0,0,0,0,0,0,0,255,0,254,0,0,0,0,0,0,25,0,0,0,4,0,0
00822 features=308 size=12 p=5 tap=17 reset=false scheme=3 ops=2,3,3,3,1,2,1,3,2,0,0,1,1,3,2,1,1,3,2,3,1,3,3,3,2,3,3,1,3,1,1,3,1,2,1,0,0,3,3,3,3,3,3,3,3,3,3,3,3,3,3,3,3,0,0,3,0,0,0,0,0,3,3,2 ks=0,0,0,0,0,32,0,0,0,0,0,0,0,0,0,0,0,79,0,215,0,195,254,0,0,0,0,0,0,0,0,0,0,0,254,0,39,0,0,0,0,0,253,0,0,64,0,0,0,0,0,0,0,0,0,0,0,25,0,0,0,34,0,1
00823 features=373 size=5 p=5 tap=52 reset=false scheme=5 ops=0,1,3,3,3,0,3,0,3,0,0,0,0,3,3,0,3,3,3,0,0,0,3,3,3,3,0,0,3,0,0,3,3,3,3,0,3,0,0,3,0,3,0,0,3,3,3,3,0,1,1,3,3,0,0,3,3,0,0,0,0,3,3,3 ks=16,0,0,0,0,0,0,0,0,0,0,0,0,0,0,0,0,0,0,0,0,0,0,0,0,0,0,0,0,0,0,0,0,0,0,0,128,0,0,0,0,0,0,0,0,0,0,0,0,0,0,0,128,0,44,0,0,0,0,0,0,0,0,32
00824 features=632 size=7 p=5 tap=17 reset=true scheme=3 ops=2,3,1,2,1,2,1,3,2,0,0,1,1,3,2,1,3,3,2,3,3,3,3,0,3,3,3,1,3,1,1,3,1,2,1,0,0,0,0,0,2,3,0,0,1,1,1,1,1,1,1,1,3,1,3,3,0,0,0,1,3,3,3,2 ks=0,0,0,0,0,0,0,0,0,0,0,16,0,0,0,0,0,79,0,0,249,131,2,0,0,0,0,0,0,0,0,127,0,0,0,0,0,0,0,0,20,0,0,0,0,0,0,0,0,0,0,0,0,0,0,0,0,0,0,0,0,0,0,0
00825 features=641 size=3 p=5 tap=28 reset=true scheme=1 ops=3,2,3,2,3,2,2,2,2,0,0,3,3,3,3,3,3,3,3,3,3,3,3,3,3,3,0,3,3,0,0,3,0,3,3,3,0,3,3,3,3,3,3,0,0,0,3,3,3,0,0,0,3,0,3,0,0,3,3,0,3,3,3,3 ks=0,0,0,0,0,0,0,0,0,0,0,0,0,0,0,0,0,0,0,0,0,0,190,0,0,0,0,0,1,0,0,0,0,0,0,0,0,0,0,0,0,0,0,255,0,0,0,0,0,0,0,0,0,0,0,0,0,0,0,0,0,0,0,0
00826 features=719 size=13 p=5 tap=17 reset=true scheme=3 ops=2,3,1,2,1,2,1,3,2,0,0,1,1,3,2,1,3,3,2,3,3,3,3,3,1,3,3,1,3,2,0,3,2,2,2,3,2,3,2,3,3,3,0,2,2,1,1,1,1,1,1,1,3,1,0,3,0,0,0,1,3,3,3,2 ks=0,0,0,0,0,127,0,0,0,0,16,0,0,4,0,0,0,79,0,0,250,131,2,0,2,0,0,0,0,0,0,0,0,0,216,0,60,190,0,0,0,0,0,0,0,0,0,4,0,0,0,0,0,0,0,0,0,0,0,0,0,4,0,0
00827 features=200 size=7 p=5 tap=17 reset=false scheme=3 ops=3,3,3,3,1,3,1,3,1,3,1,1,3,3,0,0,0,3,1,3,1,3,3,3,3,3,3,1,3,1,1,3,1,3,1,1,3,3,3,3,3,3,3,3,3,3,3,3,3,3,3,3,3,3,1,3,1,3,1,3,1,3,3,1 ks=254,0,0,0,0,32,0,0,0,0,0,0,0,0,0,0,0,79,0,215,0,195,254,0,0,0,0,0,0,0,0,0,0,0,0,0,0,0,0,0,0,0,0,0,0,0,0,0,0,0,0,0,0,0,0,0,0,25,0,0,0,0,0,0
00828 features=721 size=13 p=5 tap=17 reset=true scheme=3 ops=3,3,3,1,0,0,3,3,3,0,0,0,3,3,0,0,1,2,3,3,0,3,3,3,0,3,3,0,3,3,0,3,3,0,3,0,0,0,0,0,3,3,0,0,3,3,3,3,0,0,0,3,0,2,0,3,3,0,0,0,3,3,3,3 ks=0,0,0,0,0,0,0,0,0,0,0,0,0,0,0,0,0,76,0,0,0,195,254,0,0,0,0,0,0,0,0,0,0,253,254,1,0,0,0,0,0,99,0,0,0,0,0,65,0,0,0,16,64,255,0,0,0,25,253,0,0,0,0,0
00829 features=577 size=13 p=5 tap=17 reset=true scheme=3 ops=2,3,3,2,1,2,1,3,2,0,0,1,1,3,2,1,1,3,2,3,1,3,3,3,2,3,3,1,3,1,1,3,1,3,3,1,3,1,2,3,2,3,2,1,3,3,3,3,0,0,0,2,3,0,0,3,3,0,0,1,3,3,3,2 ks=0,0,0,0,0,32,1,0,0,0,0,0,213,0,0,0,0,79,0,0,0,199,254,0,0,0,0,0,0,0,0,3,0,1,0,0,0,0,17,0,20,0,0,0,0,0,0,65,0,0,0,0,0,0,0,0,0,25,253,0,0,0,0,0
00830 features=254 size=12 p=5 tap=30 reset=false scheme=2 ops=3,2,3,2,3,1,2,2,2,3,3,3,3,3,1,0,3,3,3,2,1,3,3,3,3,3,1,3,3,3,1,3,3,3,3,3,2,0,3,3,1,3,3,3,2,2,3,2,2,2,1,2,3,1,0,3,0,0,0,1,3,3,3,3 ks=0,0,0,0,0,0,254,0,0,0,254,0,0,0,1,0,111,0,0,0,0,0,0,1,0,0,0,0,1,0,0,0,128,0,0,2,0,0,1,0,0,128,0,0,0,0,0,0,0,0,0,0,0,0,0,0,0,181,0,0,0,4,0,0
00831 features=722 size=5 p=5 tap=30 reset=true scheme=1 ops=3,3,3,3,1,3,2,2,2,0,0,3,3,3,3,3,3,3,3,3,3,3,3,3,3,3,0,3,3,0,0,3,0,0,3,3,0,3,3,3,3,3,1,0,0,0,3,3,3,0,0,0,3,0,1,0,0,3,3,0,3,3,3,3 ks=0,0,0,0,0,0,0,0,0,0,0,0,0,0,0,0,0,0,0,0,0,0,81,0,0,0,0,0,1,8,16,0,0,0,0,0,0,0,0,0,0,0,0,255,0,0,0,0,0,0,0,0,0,0,0,0,0,0,0,0,0,0,0,0
00832 features=408 size=16 p=5 tap=30 reset=false scheme=1 ops=3,2,3,2,3,2,2,2,2,0,0,3,3,3,0,0,3,3,3,0,0,0,3,3,0,3,0,0,3,0,0,3,0,3,3,3,0,3,3,3,3,3,3,0,3,2,3,3,3,0,3,0,3,0,3,0,0,3,3,0,3,3,3,3 ks=0,0,128,0,8,0,128,0,16,0,253,0,91,0,1,0,0,0,0,0,0,0,0,1,16,0,0,0,1,0,0,0,128,0,0,2,0,255,0,0,254,16,0,0,0,0,0,16,0,0,0,0,0,0,0,0,0,0,0,0,0,0,0,0
00833 features=413 size=9 p=5 tap=52 reset=false scheme=2 ops=0,3,3,3,1,3,1,3,3,0,0,0,0,3,2,1,3,3,2,3,3,3,3,3,2,3,0,1,3,0,0,3,3,3,3,0,1,0,2,3,0,3,0,0,3,0,3,3,0,0,0,3,2,0,0,3,3,3,0,0,0,3,3,3 ks=0,145,0,0,0,0,0,0,0,0,0,0,0,0,0,0,0,0,0,0,0,0,0,2,0,0,0,0,0,0,0,0,0,254,0,0,0,0,17,0,20,0,0,0,0,0,105,0,0,0,0,0,32,0,0,0,0,9,0,0,0,0,0,32
00834 features=703 size=6 p=5 tap=30 reset=true scheme=1 ops=3,2,3,2,3,2,2,2,2,0,0,3,3,3,3,3,3,3,3,3,3,3,3,3,3,3,0,3,3,0,0,3,0,0,3,3,0,3,3,3,3,3,3,0,0,0,3,3,3,0,0,0,3,0,3,0,0,3,3,0,3,3,3,3 ks=0,0,0,0,0,0,0,0,0,0,0,0,0,0,0,0,0,0,0,0,253,0,0,0,0,0,0,0,1,0,16,0,0,0,0,0,0,0,0,202,0,0,0,255,0,0,0,0,0,0,0,0,0,0,0,0,0,0,0,16,0,0,0,0
00835 features=748 size=15 p=5 tap=17 reset=true scheme=3 ops=3,3,1,2,1,2,1,3,2,0,0,1,1,3,2,1,3,3,2,3,3,3,3,3,3,3,3,2,3,2,0,3,2,2,2,3,2,3,2,3,3,3,0,2,2,1,1,1,1,1,1,1,3,1,0,3,2,0,0,1,3,3,3,2 ks=0,0,0,1,254,128,0,128,0,3,16,0,0,4,0,255,0,79,0,0,249,131,127,0,0,0,0,0,0,0,0,0,0,0,0,0,64,0,0,0,0,0,0,0,0,0,0,0,0,0,0,0,0,0,0,253,0,0,0,0,0,4,0,0
00836 features=740 size=10 p=5 tap=12 reset=true scheme=3 ops=0,0,3,3,3,0,1,3,3,3,0,0,0,3,0,0,3,2,3,0,0,0,3,3,3,3,0,0,3,1,1,3,1,2,1,0,0,0,0,0,2,2,1,0,2,0,3,3,1,0,1,3,3,0,0,3,0,0,0,0,0,3,3,3 ks=0,0,0,0,144,0,0,0,0,0,0,0,0,0,0,6,0,0,0,0,0,0,0,0,0,0,0,0,0,0,0,0,0,0,0,192,0,0,0,254,166,0,0,0,0,0,0,8,0,0,0,0,0,0,0,0,128,25,0,0,0,2,0,160
00837 features=506 size=9 p=5 tap=52 reset=true scheme=3 ops=3,1,3,3,3,3,3,3,3,2,3,2,2,3,2,0,3,3,3,1,1,3,3,3,3,3,1,2,3,3,2,1,3,3,3,1,3,1,2,3,2,3,2,1,3,3,3,3,1,1,2,3,3,1,3,3,2,2,1,1,1,3,3,3 ks=0,20,0,0,0,0,0,0,0,0,0,0,0,0,0,0,0,0,0,254,0,0,0,0,0,0,0,0,0,0,0,0,0,0,0,0,0,0,17,0,20,187,0,0,0,0,0,64,0,1,0,0,0,0,0,0,0,0,0,0,0,2,0,48
00838 features=693 size=11 p=5 tap=17 reset=true scheme=3 ops=1,3,3,3,3,0,3,3,3,3,1,1,1,3,0,1,1,3,0,3,3,1,3,3,1,3,3,1,3,1,1,3,1,0,1,0,0,0,0,3,0,3,0,0,3,0,3,3,0,0,0,3,1,1,0,3,0,0,0,0,0,3,3,3 ks=2,0,0,0,144,0,0,0,0,0,0,0,0,0,0,0,2,79,0,215,0,131,254,0,70,0,0,0,0,0,0,175,0,0,0,0,0,0,0,0,0,0,0,0,0,241,0,0,0,0,0,0,0,0,0,0,0,0,0,0,0,0,0,128
00839 features=674 size=10 p=5 tap=16 reset=true scheme=3 ops=2,3,3,2,1,2,1,3,2,0,0,1,1,3,2,1,3,2,3,3,3,3,0,3,2,3,3,1,3,1,1,3,1,2,1,0,0,0,0,3,1,3,0,0,2,0,2,1,2,0,2,2,1,2,1,2,1,3,0,1,0,0,3,1 ks=0,0,0,0,0,0,0,0,0,0,0,0,0,0,0,0,0,79,0,2,0,195,0,0,0,0,0,252,0,0,0,0,0,0,0,0,0,0,0,0,0,0,0,0,0,0,0,51,3,0,0,0,0,0,0,0,0,128,0,0,127,54,147,0
00840 features=622 size=12 p=5 tap=12 reset=true scheme=3 ops=0,0,3,3,3,0,3,3,3,0,0,0,0,3,0,0,3,3,3,0,0,0,3,3,3,3,0,0,3,1,3,3,1,2,3,0,3,0,0,3,3,3,3,3,3,3,3,3,3,0,1,3,3,2,0,3,0,0,0,0,0,3,3,3 ks=0,0,0,0,0,0,0,0,0,0,0,0,50,0,0,0,0,0,149,0,0,0,0,0,0,0,0,0,0,0,0,0,0,254,151,8,4,4,0,0,0,0,0,0,0,0,0,0,0,0,0,197,0,0,0,0,0,25,0,0,16,2,0,160
00841 features=442 size=8 p=10 tap=52 reset=true scheme=3 ops=3,1,3,3,3,3,1,3,3,2,3,2,2,3,1,3,3,3,3,1,1,3,3,3,3,3,1,2,3,3,0,3,3,1,3,2,3,3,3,0,2,3,1,1,3,3,3,3,1,1,1,3,3,1,3,3,2,2,1,1,1,3,3,3 ks=0,0,0,0,0,0,0,0,0,0,0,0,0,0,0,0,0,0,0,254,0,0,0,0,0,0,0,0,0,0,0,0,0,0,0,0,0,0,0,0,20,0,0,0,0,0,0,0,0,1,0,0,192,8,0,0,0,25,0,0,0,2,0,32
00842 features=336 size=9 p=5 tap=27 reset=false scheme=1 ops=3,3,3,3,3,0,0,3,0,0,0,3,3,3,3,3,3,3,3,3,3,3,3,3,3,3,0,3,3,0,0,3,0,3,3,3,0,3,3,3,3,3,3,0,0,2,3,3,3,0,3,0,3,0,3,0,0,3,3,0,3,3,3,3 ks=0,0,0,135,0,0,0,0,0,0,0,159,0,0,0,0,0,0,0,0,0,195,190,127,0,0,0,0,1,0,0,0,0,0,0,0,64,0,0,0,0,0,0,0,0,0,0,0,3,0,0,0,164,0,0,0,0,0,0,0,0,0,0,0
00843 features=266 size=8 p=5 tap=30 reset=false scheme=1 ops=3,2,3,2,3,2,2,2,2,0,0,3,3,3,3,3,3,3,3,3,3,3,3,3,3,3,0,3,3,0,0,3,0,3,3,3,0,3,3,3,2,3,1,1,3,3,3,3,1,1,1,3,3,0,3,0,0,3,3,0,3,3,3,3 ks=128,0,0,0,0,0,0,0,0,0,0,0,0,0,0,0,0,0,0,0,0,0,190,0,0,0,0,0,1,0,16,0,0,0,0,0,0,0,0,0,20,0,0,0,0,0,0,0,0,1,128,0,128,0,0,0,0,0,0,0,0,0,0,0
00844 features=536 size=7 p=5 tap=30 reset=false scheme=1 ops=3,2,3,2,3,2,2,2,2,0,0,3,3,3,3,3,3,3,3,3,3,3,3,3,3,3,0,3,3,0,0,3,0,3,3,3,0,3,3,3,2,3,3,0,0,3,3,3,1,1,1,3,3,0,3,0,0,3,3,0,3,3,3,2 ks=128,0,0,0,0,0,0,0,0,0,0,0,0,0,0,0,0,32,0,0,0,0,190,0,0,0,0,0,1,0,16,0,0,0,0,0,0,0,0,0,20,0,0,0,0,0,0,0,0,1,0,0,0,0,0,0,0,0,0,0,0,0,0,0
00845 features=706 size=6 p=5 tap=30 reset=true scheme=1 ops=3,2,3,2,3,2,2,2,2,0,0,3,3,3,3,3,3,3,3,3,3,3,3,3,3,3,0,3,3,0,0,3,2,0,3,3,0,3,3,3,3,3,3,0,0,0,3,3,3,0,0,0,3,0,3,0,0,3,3,0,3,3,3,3 ks=0,0,0,0,0,0,0,0,0,0,0,0,0,0,0,0,0,0,0,0,253,0,0,0,0,2,0,0,1,0,16,0,0,0,0,0,0,0,0,202,0,0,0,0,0,0,0,0,0,0,0,0,0,0,0,0,0,0,0,16,0,0,0,0
00846 features=575 size=13 p=5 tap=52 reset=true scheme=3 ops=3,1,3,3,3,3,3,3,3,2,3,2,2,3,1,3,3,3,2,3,3,3,3,3,3,3,0,3,3,0,2,3,3,3,3,1,3,1,2,3,3,3,2,0,3,0,3,3,1,1,1,1,3,1,3,3,1,0,1,1,1,3,3,3 ks=0,0,0,0,0,0,0,0,0,128,0,0,0,0,0,1,0,110,90,0,0,195,2,0,0,0,0,0,0,0,0,0,0,0,0,0,0,0,17,0,20,0,0,0,0,0,0,0,0,1,0,0,0,0,253,0,0,25,0,0,0,2,0,34
00847 features=689 size=5 p=5 tap=30 reset=true scheme=1 ops=3,2,3,1,3,2,2,0,2,0,0,3,2,3,3,3,3,3,3,3,3,3,3,3,3,3,0,3,3,0,0,3,0,3,3,3,0,3,3,3,3,3,3,0,0,0,3,3,3,0,0,0,3,0,3,0,0,3,3,0,3,3,3,3 ks=0,0,0,0,0,0,0,0,0,0,0,0,0,0,0,0,0,0,0,0,255,0,190,0,0,0,0,0,254,0,17,0,0,0,0,0,0,0,0,0,0,0,0,1,0,0,0,0,0,0,0,0,0,0,0,0,0,0,0,0,0,0,0,0
00848 features=477 size=7 p=5 tap=52 reset=false scheme=5 ops=2,1,3,3,3,0,3,0,3,0,3,0,0,3,3,0,3,3,3,0,0,0,3,3,3,3,0,0,3,0,0,3,3,3,3,0,3,0,0,3,0,3,0,0,3,0,0,3,0,1,1,3,3,0,0,3,3,0,0,0,0,3,3,3 ks=0,255,0,0,0,0,0,0,0,0,0,0,0,0,0,0,0,0,252,2,0,0,0,0,0,0,0,0,0,0,0,0,0,0,0,0,0,0,1,0,0,0,0,0,0,0,0,0,3,0,0,0,128,0,0,0,0,0,0,0,0,0,0,32
00849 features=513 size=4 p=5 tap=30 reset=true scheme=1 ops=3,3,3,3,3,1,1,3,1,1,1,3,3,3,3,1,1,3,1,3,3,1,3,3,1,3,3,1,3,1,1,3,3,3,3,3,1,3,3,3,3,3,1,3,1,1,1,1,1,1,1,1,1,1,0,3,3,3,3,1,3,3,3,3 ks=0,0,0,0,0,0,0,0,0,0,0,0,0,0,0,0,0,0,0,215,0,0,0,0,0,0,0,0,1,0,0,0,0,0,0,0,67,0,184,0,0,0,0,0,0,0,0,0,0,0,0,0,0,0,0,0,0,0,0,0,0,0,0,0
00850 features=666 size=13 p=10 tap=52 reset=true scheme=3 ops=3,1,1,3,3,3,2,3,3,2,0,0,0,3,3,0,3,3,3,0,0,0,3,3,3,3,0,2,3,3,0,1,1,2,1,0,0,0,0,2,2,3,1,1,3,3,3,3,1,1,1,3,3,1,3,3,2,2,1,1,2,3,3,3 ks=0,0,0,0,0,0,0,217,0,0,0,0,0,0,0,0,0,0,0,0,0,0,0,0,0,0,0,0,0,0,0,0,0,0,0,255,0,0,0,0,0,1,3,0,0,0,0,0,1,1,0,0,192,14,0,0,128,25,0,0,0,2,253,32
00851 features=595 size=5 p=5 tap=17 reset=true scheme=1 ops=2,3,3,2,1,2,1,3,2,0,0,1,1,3,2,1,3,3,2,3,3,3,3,3,3,3,3,1,3,3,2,1,1,2,1,0,0,0,0,3,0,3,0,0,3,0,3,1,1,1,1,1,1,1,1,1,1,1,2,2,2,3,3,2 ks=0,0,0,0,0,0,0,0,0,0,0,252,0,0,0,0,0,76,0,0,249,211,2,0,0,0,0,0,0,0,0,0,0,0,0,0,0,0,0,0,0,0,0,0,0,0,0,0,0,0,0,0,0,0,0,0,0,0,0,0,0,0,0,0
00852 features=313 size=10 p=5 tap=30 reset=false scheme=1 ops=3,3,3,3,3,0,0,3,0,0,0,3,3,3,3,3,3,3,3,0,3,3,3,3,3,3,0,1,3,0,0,3,0,3,3,3,0,3,3,3,3,3,0,0,2,1,3,1,1,1,1,1,1,2,0,3,0,3,3,0,3,3,3,3 ks=0,0,0,135,0,0,0,0,0,0,0,64,0,147,0,0,0,0,0,0,0,128,190,0,0,0,0,0,1,0,0,0,0,0,0,0,64,0,0,218,0,0,0,0,0,0,0,26,0,0,0,0,0,0,0,0,0,0,0,127,0,0,0,0
00853 features=537 size=11 p=5 tap=16 reset=false scheme=5 ops=0,1,3,2,1,2,1,3,2,0,0,1,1,3,2,1,3,3,2,3,3,3,3,3,2,3,3,1,3,1,2,1,3,2,1,0,0,0,1,3,1,3,0,3,2,0,2,1,2,0,2,3,3,0,0,3,0,0,0,0,0,0,3,1 ks=0,0,0,0,0,0,250,0,0,0,0,0,0,0,223,0,0,0,0,215,249,195,127,0,0,0,0,0,0,0,0,0,0,0,0,30,0,0,0,0,0,0,0,0,0,0,0,254,0,0,0,0,8,1,0,0,0,0,0,0,255,0,0,0
00854 features=760 size=10 p=5 tap=12 reset=true scheme=3 ops=0,0,3,3,3,0,3,3,3,3,0,0,0,3,0,0,3,2,3,0,0,0,3,3,3,3,0,0,3,1,1,3,1,2,3,0,3,0,0,3,0,3,0,0,3,0,3,3,1,0,1,3,3,0,0,3,0,0,0,0,0,3,3,3 ks=0,128,0,0,144,0,0,8,0,0,0,0,0,0,0,0,0,0,0,0,0,0,0,0,0,0,0,0,0,0,0,0,0,0,151,8,0,0,0,255,22,0,0,0,0,0,0,0,0,0,0,0,0,0,0,0,0,25,0,0,0,2,0,160
00855 features=695 size=14 p=5 tap=17 reset=true scheme=3 ops=1,3,3,3,3,2,3,3,2,0,0,1,1,3,0,1,1,3,0,3,3,1,3,3,1,3,3,1,3,1,1,0,1,0,1,0,0,0,1,3,3,3,1,1,1,0,3,3,1,0,0,3,1,1,0,3,0,0,0,0,0,0,3,3 ks=2,0,0,0,144,0,0,4,0,0,16,0,0,0,0,0,2,79,0,215,0,131,254,0,70,0,0,0,128,0,0,175,0,0,0,0,0,0,0,0,0,0,0,0,0,241,0,0,0,0,0,0,0,0,0,0,0,0,0,0,0,0,0,128
00856 features=794 size=16 p=5 tap=12 reset=true scheme=3 ops=0,0,3,3,3,0,3,3,3,0,0,0,0,1,0,0,3,3,3,0,0,1,3,3,3,3,0,1,3,0,0,3,3,3,3,0,3,0,0,3,0,3,0,0,3,0,1,1,2,0,0,2,1,0,0,3,0,0,0,0,0,3,3,1 ks=0,0,0,0,0,0,0,0,0,0,0,4,0,113,0,0,0,0,0,0,0,195,0,0,0,1,48,0,0,0,0,0,0,0,41,8,0,0,17,0,20,239,0,0,0,0,177,0,0,0,0,0,32,19,0,0,0,13,0,0,0,2,0,32
00857 features=265 size=9 p=2 tap=30 reset=false scheme=1 ops=3,3,1,3,1,3,1,3,3,3,1,3,3,3,3,3,3,3,2,3,3,3,0,3,3,3,3,3,3,3,1,3,1,2,1,0,0,3,1,3,3,3,3,3,1,3,3,3,3,1,3,3,1,1,3,3,3,3,3,1,3,3,3,3 ks=0,0,0,135,0,0,0,0,0,0,0,0,0,0,0,255,0,0,0,2,0,195,0,0,0,0,19,0,1,0,0,82,0,0,0,0,0,0,0,0,0,0,0,0,252,0,0,0,0,0,0,0,0,0,0,0,0,0,0,0,0,127,0,0
00858 features=696 size=14 p=10 tap=52 reset=true scheme=3 ops=3,1,0,3,3,3,2,3,3,2,0,0,0,3,3,0,3,3,3,0,0,0,3,3,3,3,0,2,3,3,0,1,1,2,1,0,0,0,0,2,2,3,1,1,3,3,3,3,1,1,1,3,3,1,3,3,2,2,1,1,2,3,3,3 ks=0,0,0,0,0,0,0,217,0,0,0,0,0,0,0,0,0,0,0,0,0,0,0,0,0,0,0,0,0,0,0,0,64,0,0,255,0,0,0,0,0,1,3,0,0,0,0,0,1,1,0,0,192,14,0,0,128,25,0,0,0,2,253,32
00859 features=556 size=13 p=10 tap=52 reset=true scheme=3 ops=3,1,3,3,3,3,1,3,3,2,3,2,2,3,1,1,3,3,3,1,1,3,3,3,3,3,1,2,3,3,3,1,1,2,1,3,2,1,3,3,2,3,1,1,3,3,3,3,1,1,1,3,3,1,3,3,2,2,1,1,1,3,3,3 ks=0,0,105,0,0,0,0,0,255,0,0,0,0,0,0,0,0,0,2,250,0,0,0,0,0,0,0,0,0,0,0,0,0,0,0,0,0,0,0,0,20,1,0,0,0,0,0,0,0,1,128,0,192,8,0,0,0,25,0,0,0,2,0,32
00860 features=137 size=8 p=5 tap=17 reset=false scheme=3 ops=3,3,3,3,1,3,1,3,1,1,3,1,1,3,3,1,1,3,1,3,1,1,3,3,3,3,3,1,3,1,1,3,1,3,1,1,3,3,3,3,3,3,3,3,3,3,3,3,3,3,3,3,3,3,1,3,1,3,1,3,1,3,3,1 ks=0,0,0,0,0,32,0,0,254,0,0,0,0,0,0,0,0,79,0,215,0,195,254,0,0,0,0,0,0,0,0,255,0,0,0,0,0,0,0,0,0,0,0,0,0,0,0,0,0,0,0,0,0,0,0,0,0,25,0,0,0,0,0,0
00861 features=706 size=13 p=5 tap=17 reset=true scheme=3 ops=2,3,1,2,1,2,1,3,2,0,0,1,1,3,2,1,3,3,3,3,3,3,3,3,1,3,3,1,3,2,1,3,2,2,2,3,2,3,2,3,3,3,0,2,2,1,1,1,1,1,1,1,3,1,0,3,0,0,0,1,3,3,3,2 ks=0,0,0,0,0,127,0,0,0,0,16,0,0,4,0,0,0,79,0,0,250,131,2,0,2,0,0,0,0,0,0,0,0,0,216,0,60,190,0,0,0,0,0,0,0,0,0,4,0,0,0,0,0,0,0,0,0,0,0,0,0,4,0,0
00862 features=333 size=7 p=5 tap=30 reset=false scheme=1 ops=3,2,3,2,3,2,2,2,2,0,0,3,2,3,3,3,3,1,3,3,3,3,3,3,3,3,0,3,3,0,0,3,0,3,3,3,0,3,3,3,3,3,3,0,0,0,3,3,3,0,0,0,3,0,3,0,0,3,3,0,3,3,3,3 ks=0,0,0,0,0,0,0,0,0,0,0,0,0,0,0,0,0,0,0,0,78,0,190,0,0,0,2,0,254,0,16,0,0,0,0,0,0,0,0,0,0,0,0,1,0,0,0,0,0,0,0,0,2,0,0,0,0,0,0,0,0,0,0,0
00863 features=681 size=6 p=5 tap=30 reset=true scheme=2 ops=3,2,3,2,1,2,2,3,2,0,0,3,3,3,3,3,3,3,3,1,3,3,3,3,3,3,0,3,3,0,0,3,0,3,3,3,0,3,3,3,3,3,1,0,0,0,3,3,3,0,0,0,3,2,3,0,0,3,3,0,3,3,3,3 ks=0,0,0,0,0,0,0,0,0,255,0,0,0,0,0,0,0,0,0,0,0,0,190,0,0,0,0,0,1,0,90,0,0,0,0,0,0,0,0,0,0,0,0,255,0,8,0,0,0,0,0,0,0,0,0,0,0,0,0,0,0,0,0,0
00864 features=404 size=8 p=5 tap=30 reset=false scheme=1 ops=3,3,2,3,3,0,0,3,3,3,0,3,3,3,3,3,3,3,3,3,3,3,3,3,3,3,0,3,3,0,0,3,0,3,3,3,0,3,0,3,3,3,3,0,0,0,3,2,3,0,3,0,3,0,3,0,0,3,3,0,3,3,3,3 ks=0,0,0,135,0,0,0,0,0,0,0,0,0,0,0,0,0,0,0,0,0,195,190,127,0,0,0,0,1,0,0,0,0,0,0,0,64,0,0,0,0,0,0,0,0,0,0,0,3,0,0,0,0,0,0,0,0,0,0,0,0,0,0,4
00865 features=658 size=7 p=5 tap=17 reset=true scheme=3 ops=3,3,3,1,0,1,3,3,3,0,0,0,3,3,0,0,1,2,3,3,0,3,3,3,0,3,3,0,3,3,0,3,3,0,3,0,0,0,0,0,3,3,2,0,3,3,3,3,0,0,0,3,3,3,3,3,3,3,3,3,3,3,3,3 ks=0,0,0,0,0,0,0,0,0,0,0,0,0,0,0,0,0,76,0,0,0,195,254,0,0,0,0,0,0,0,0,0,0,253,0,0,0,0,0,0,0,99,0,0,0,0,0,65,0,0,47,0,0,0,0,0,0,0,0,0,0,0,0,0
00866 features=602 size=12 p=10 tap=52 reset=true scheme=3 ops=3,1,3,3,3,3,1,3,0,2,3,2,2,3,1,1,3,3,3,1,1,3,3,3,3,3,1,2,3,3,2,1,1,2,1,0,0,0,0,0,2,3,1,1,3,3,3,3,1,1,1,3,3,1,3,3,2,2,1,1,1,3,3,3 ks=0,0,0,0,0,0,0,254,0,0,0,0,0,1,0,0,0,0,2,250,0,0,0,0,0,0,0,0,0,0,0,0,0,0,0,0,0,0,0,0,0,1,0,0,0,0,0,0,0,1,0,0,192,8,0,0,0,25,0,0,0,2,253,32
00867 features=709 size=12 p=5 tap=17 reset=true scheme=3 ops=1,3,3,3,3,0,3,3,3,3,0,1,1,3,0,1,1,3,0,3,3,1,3,3,1,3,3,1,3,1,1,3,1,0,1,0,0,0,0,3,0,3,0,0,3,0,3,3,0,0,0,3,1,1,0,3,0,0,0,0,0,3,3,3 ks=2,0,0,0,144,0,0,0,0,0,0,0,0,0,0,255,2,79,0,215,0,131,254,0,70,0,0,0,0,0,0,175,0,0,0,0,0,0,0,0,0,0,0,0,0,241,0,0,0,0,0,0,0,0,0,0,0,0,0,0,0,0,0,128
00868 features=682 size=5 p=5 tap=30 reset=true scheme=4 ops=3,2,3,2,1,2,2,2,2,0,0,3,3,3,3,3,3,3,3,1,3,3,3,3,3,3,0,3,3,0,0,3,0,3,3,3,0,3,3,3,3,3,3,0,0,0,3,3,3,0,0,0,3,0,3,0,0,3,3,0,3,3,3,3 ks=0,0,0,0,0,0,0,0,0,0,0,0,0,0,253,0,0,0,0,0,0,0,254,0,0,0,0,0,1,0,16,0,0,0,0,0,0,0,0,0,0,0,0,255,0,0,0,0,0,0,0,0,0,0,0,0,0,0,0,0,0,0,0,0
00869 features=528 size=12 p=5 tap=17 reset=false scheme=3 ops=3,3,3,0,1,3,1,3,0,0,0,1,1,3,3,1,1,3,1,3,1,3,3,3,0,3,3,1,3,1,1,3,1,0,1,0,0,0,0,0,1,3,0,0,3,3,3,3,3,1,1,3,3,3,0,1,0,0,0,1,3,3,3,0 ks=0,0,0,0,0,32,1,0,0,0,0,0,213,0,0,0,0,79,0,0,0,199,254,0,0,0,0,0,0,0,0,3,0,0,254,1,0,0,128,0,0,0,0,0,0,0,0,0,0,0,0,0,0,0,0,0,0,220,253,0,0,0,0,0
00870 features=703 size=5 p=5 tap=30 reset=true scheme=1 ops=3,2,3,2,3,2,2,2,2,0,0,3,3,3,3,3,3,3,3,3,3,3,3,3,3,3,0,3,3,0,0,3,0,0,3,3,0,3,3,3,3,3,1,0,0,0,3,3,3,0,0,0,3,0,3,0,0,3,3,0,3,3,3,3 ks=0,254,0,0,0,0,0,0,0,0,0,0,0,0,0,0,0,0,0,0,0,0,190,0,0,0,0,0,1,0,16,0,0,0,0,0,0,0,0,0,0,0,0,255,0,0,0,0,0,0,0,0,0,0,0,0,0,0,0,0,0,0,0,0
00871 features=791 size=9 p=5 tap=20 reset=true scheme=3 ops=0,0,3,3,3,0,3,3,3,0,0,0,0,3,0,0,3,3,3,0,0,0,3,3,3,3,0,0,3,0,0,1,3,3,3,0,3,0,0,3,0,3,0,0,3,0,3,3,0,0,0,3,3,0,0,3,0,0,0,0,0,3,3,3 ks=0,0,0,0,0,0,0,0,0,0,0,0,0,0,1,0,0,128,0,0,0,0,0,0,0,0,0,0,0,0,0,0,0,0,0,8,0,0,17,255,20,0,0,0,0,0,0,0,0,0,0,0,0,0,0,0,0,25,0,0,0,2,0,32
00872 features=471 size=9 p=5 tap=30 reset=false scheme=1 ops=3,3,2,3,3,0,0,3,0,0,0,3,3,3,3,3,3,3,3,3,0,0,3,3,3,3,0,3,3,0,2,3,0,3,2,3,0,3,0,3,3,3,3,0,0,0,3,3,3,0,3,0,3,0,3,0,0,3,3,0,3,3,3,2 ks=0,0,0,135,0,0,0,0,0,0,0,0,0,0,0,123,0,0,0,0,0,0,0,0,0,249,0,0,1,0,0,0,0,32,0,0,64,0,0,0,0,0,0,0,252,0,0,0,3,0,0,0,164,0,0,0,0,0,0,0,0,0,0,0
00873 features=746 size=17 p=5 tap=24 reset=true scheme=3 ops=2,3,3,2,1,2,1,3,2,0,0,1,1,3,2,1,1,3,2,3,3,3,3,3,2,3,3,1,3,1,1,3,1,2,1,0,0,1,0,0,2,2,0,0,2,1,2,1,1,1,1,1,1,0,0,3,0,0,0,0,0,3,3,1 ks=0,0,8,0,0,0,252,0,0,0,0,0,0,0,0,0,0,79,0,215,0,195,254,127,0,0,1,0,0,0,0,0,0,0,254,0,0,0,0,76,0,0,64,0,0,0,0,0,255,0,254,0,0,19,0,0,0,13,0,0,0,2,0,32
00874 features=366 size=7 p=5 tap=52 reset=false scheme=5 ops=0,1,3,3,3,0,3,0,3,0,0,0,0,3,3,0,3,3,3,0,0,0,3,3,3,1,0,0,3,0,3,3,3,3,3,0,3,0,0,3,0,3,0,0,3,3,3,3,0,1,1,3,3,0,0,3,3,0,0,0,0,3,3,3 ks=21,0,0,0,0,0,0,0,0,0,0,0,0,0,0,0,0,0,0,3,0,0,0,0,255,0,0,0,0,0,0,0,0,0,0,0,128,0,0,0,0,0,0,0,0,0,0,0,0,0,0,0,128,0,44,0,0,0,0,0,0,0,0,32
00875 features=341 size=4 p=5 tap=52 reset=false scheme=4 ops=0,1,3,3,3,0,3,3,3,0,0,0,0,3,2,1,3,3,2,3,3,3,3,3,2,3,0,0,3,0,0,3,3,3,3,0,3,0,0,3,0,3,0,0,3,0,3,3,0,0,0,3,3,0,0,3,3,1,0,0,0,3,3,3 ks=0,0,0,0,0,0,0,0,0,0,0,0,228,0,0,0,0,0,0,215,0,0,254,0,0,0,0,0,0,0,0,0,0,0,0,0,0,0,0,0,0,0,0,0,0,0,0,0,0,0,0,0,128,0,0,0,0,0,0,0,0,0,0,0
00876 features=441 size=15 p=5 tap=30 reset=false scheme=1 ops=3,3,2,3,3,3,2,3,0,0,0,3,3,3,3,3,3,3,3,3,0,0,3,3,3,3,0,3,3,0,2,3,0,0,3,3,0,3,0,0,3,3,3,0,0,0,3,3,3,0,3,0,3,0,3,0,0,0,3,0,3,3,3,3 ks=0,0,0,135,0,0,0,0,0,0,0,0,8,0,0,123,0,0,0,1,0,0,0,0,0,255,0,78,1,0,0,82,0,32,0,0,64,0,0,0,0,0,0,0,252,2,0,0,3,0,0,0,164,0,0,0,0,0,0,0,0,211,0,0
00877 features=397 size=10 p=5 tap=30 reset=false scheme=1 ops=0,3,2,1,3,0,0,3,0,0,0,3,3,3,3,3,3,3,3,3,0,0,3,3,3,3,0,3,3,0,2,3,0,3,3,3,0,3,0,3,3,3,3,0,0,0,3,3,3,0,3,0,3,0,3,0,0,3,3,0,3,3,3,3 ks=0,0,0,0,0,0,0,0,0,0,0,128,0,0,0,123,0,0,0,0,0,0,0,0,0,255,0,0,1,0,0,0,2,32,0,0,64,0,0,0,0,0,0,0,252,0,0,0,3,0,0,0,0,0,0,0,0,0,0,0,0,211,0,0
00878 features=583 size=14 p=5 tap=17 reset=true scheme=3 ops=2,3,3,2,1,2,1,3,2,0,0,1,1,3,2,1,1,3,2,3,1,3,3,3,2,3,3,1,3,1,1,3,1,3,3,1,3,1,2,3,2,3,2,1,3,3,3,3,0,0,0,2,3,0,0,3,3,0,0,1,3,3,3,2 ks=0,0,0,0,0,32,1,0,0,0,0,0,213,0,0,0,0,79,0,0,0,199,254,0,64,0,0,0,0,0,0,3,0,1,0,0,0,0,17,0,20,0,0,0,0,0,0,65,0,0,0,0,0,0,0,0,0,25,253,0,0,0,0,0
00879 features=587 size=15 p=10 tap=52 reset=true scheme=3 ops=3,1,3,3,3,3,1,3,3,2,3,2,2,3,1,1,3,3,3,1,1,3,3,3,3,3,1,2,3,3,3,1,1,2,1,3,2,1,3,3,2,3,1,1,3,3,3,3,1,1,1,3,3,1,3,3,2,2,1,1,1,3,3,3 ks=0,0,105,0,0,0,0,0,255,0,0,0,0,0,0,0,0,0,2,250,0,0,0,0,0,0,0,0,32,0,0,0,0,0,0,0,0,32,0,0,20,1,0,0,0,0,0,0,0,1,128,0,192,8,0,0,0,25,0,0,0,2,0,32
00880 features=803 size=11 p=5 tap=30 reset=true scheme=2 ops=3,2,3,2,1,2,2,3,2,0,0,3,0,3,3,3,3,3,3,3,3,3,3,3,3,3,0,3,3,0,0,3,0,3,3,3,0,3,3,3,3,3,1,0,0,0,3,3,3,0,0,0,3,2,3,0,0,3,3,0,3,3,3,3 ks=128,0,0,0,0,0,0,254,0,255,0,0,0,0,0,0,0,0,0,0,0,0,190,0,0,0,0,0,1,0,90,0,0,0,0,0,0,0,0,0,0,0,8,255,0,8,0,0,0,0,0,128,0,0,0,0,0,0,0,0,0,0,0,34
00881 features=479 size=9 p=5 tap=52 reset=true scheme=3 ops=3,1,3,3,3,3,3,3,3,2,3,2,2,3,1,3,3,3,3,1,1,3,3,3,3,3,1,2,3,3,2,1,3,3,3,1,3,1,2,3,2,3,2,1,3,3,3,3,1,1,1,3,3,1,3,3,2,2,1,1,1,3,3,3 ks=0,0,0,0,0,0,0,0,0,0,0,0,0,0,0,0,0,0,128,254,0,0,0,0,0,0,0,0,0,0,0,0,0,0,0,0,0,0,17,0,20,0,0,0,0,0,0,0,0,1,0,0,0,0,253,0,8,0,0,0,0,2,0,32
00882 features=360 size=15 p=5 tap=30 reset=false scheme=1 ops=3,2,3,2,3,2,2,2,2,0,0,3,3,3,0,0,3,3,3,0,0,0,3,3,0,3,0,0,3,0,0,3,0,3,3,3,0,3,3,3,3,3,3,0,3,2,3,3,3,0,3,0,3,0,3,0,0,3,3,0,3,3,3,3 ks=0,0,128,0,0,0,128,0,16,0,253,0,91,0,1,0,0,0,0,0,0,0,0,1,16,0,0,0,1,0,0,0,128,0,0,2,0,255,0,0,254,16,0,0,0,0,0,16,0,0,0,0,0,0,0,0,0,0,0,0,0,0,0,0
00883 features=381 size=6 p=5 tap=52 reset=false scheme=2 ops=0,1,3,3,3,0,3,3,3,0,0,0,0,3,2,1,3,3,2,3,3,3,3,3,2,3,0,0,3,0,0,3,3,3,3,0,3,0,0,3,0,3,0,0,3,0,3,3,0,0,0,3,3,0,0,3,3,1,0,0,0,3,3,3 ks=0,0,0,0,0,0,0,0,0,0,0,252,0,0,0,0,231,0,0,215,0,0,254,0,0,0,0,0,0,0,2,0,0,0,0,0,0,0,0,0,0,0,0,0,0,0,0,0,0,0,0,0,128,0,0,0,0,0,0,0,0,0,0,0
00884 features=374 size=9 p=5 tap=30 reset=false scheme=2 ops=3,3,3,3,3,0,0,3,0,0,0,3,3,3,3,3,3,3,3,3,3,3,3,3,3,3,0,3,3,0,0,3,2,3,3,3,0,2,3,3,3,3,3,0,1,0,3,3,3,0,3,0,2,0,3,0,0,3,3,0,3,3,3,3 ks=0,0,119,135,0,0,0,237,0,0,0,0,0,0,0,0,0,0,0,0,0,195,190,127,0,0,0,0,1,0,0,0,0,0,0,0,0,0,8,127,0,0,0,0,0,0,0,0,0,0,0,0,0,0,0,0,0,0,0,0,0,0,0,0
00885 features=291 size=12 p=5 tap=17 reset=false scheme=3 ops=2,3,3,2,1,2,1,3,2,0,0,1,1,3,2,1,1,3,2,3,1,3,3,3,2,3,3,1,3,1,1,3,1,2,1,0,0,3,3,3,3,3,3,3,3,3,3,3,3,3,3,3,3,0,0,3,0,0,0,0,0,2,3,2 ks=0,0,0,0,0,32,0,0,0,0,0,128,0,0,0,0,0,79,0,215,0,195,254,0,0,0,0,0,0,0,0,0,0,32,254,1,39,0,0,0,0,0,0,0,0,0,0,0,0,0,0,0,0,0,0,0,0,25,0,0,0,2,0,0
00886 features=686 size=8 p=5 tap=17 reset=true scheme=3 ops=2,3,1,2,1,2,1,3,2,0,0,1,1,3,2,1,3,3,2,3,3,3,3,3,3,3,3,1,3,2,0,3,2,2,2,3,2,1,2,3,3,3,0,2,2,1,1,1,1,1,1,1,3,1,0,3,0,0,0,1,3,3,3,2 ks=0,0,0,0,0,0,0,0,0,0,16,0,0,4,0,0,0,79,0,0,249,131,2,0,0,0,0,0,0,0,0,0,0,0,0,0,0,0,0,255,0,0,0,0,0,0,0,0,0,0,0,0,0,0,0,0,0,0,0,0,0,4,0,0
00887 features=694 size=12 p=5 tap=17 reset=true scheme=3 ops=2,3,3,2,1,2,1,3,2,0,0,1,1,3,2,1,3,3,2,3,3,2,3,3,2,3,3,1,3,1,1,3,1,2,1,0,0,0,0,0,2,2,0,0,2,1,1,1,1,2,2,2,3,1,0,3,0,0,0,1,3,3,3,2 ks=0,0,0,0,0,0,0,0,2,0,0,0,0,0,0,0,0,79,0,0,249,131,2,0,0,253,0,0,0,0,0,0,0,0,0,0,0,0,0,0,166,0,176,1,0,0,0,0,255,0,0,0,0,0,0,0,0,25,0,0,0,4,0,0
00888 features=709 size=10 p=5 tap=17 reset=true scheme=3 ops=2,3,1,2,1,2,1,3,2,0,0,1,1,3,2,1,3,3,2,3,3,3,3,3,3,3,3,1,3,2,0,3,2,2,2,3,2,3,2,3,3,3,0,2,2,2,1,1,1,1,1,1,3,1,0,3,0,0,0,1,3,3,3,2 ks=0,0,0,0,0,0,0,0,0,0,0,0,0,4,0,0,0,79,0,0,249,131,2,0,0,0,0,0,0,58,0,0,0,0,0,0,64,0,0,0,0,0,0,0,0,254,0,0,0,0,0,0,0,0,0,0,0,2,0,0,0,4,0,0
00889 features=419 size=7 p=5 tap=52 reset=false scheme=5 ops=2,1,3,3,3,0,3,0,3,0,3,0,0,3,3,0,3,3,3,0,0,0,3,3,3,3,0,0,3,0,0,3,3,3,3,0,3,0,0,3,0,3,0,0,3,0,0,3,0,1,1,3,3,0,0,3,3,0,0,0,0,3,3,3 ks=0,255,0,0,0,0,0,0,0,0,0,0,0,0,0,0,0,0,252,2,0,0,0,0,0,0,0,0,0,0,0,0,0,0,0,0,0,0,1,0,0,0,0,0,0,0,0,0,3,0,0,0,129,0,0,0,0,0,0,0,0,0,0,32
00890 features=387 size=11 p=5 tap=30 reset=false scheme=1 ops=3,3,2,3,3,0,0,3,0,0,0,3,3,3,3,3,3,3,3,3,3,3,3,3,3,3,0,3,3,0,0,3,0,3,3,3,0,3,0,3,3,3,3,0,0,0,3,3,3,0,3,0,3,0,3,0,0,3,3,0,0,3,3,3 ks=0,0,0,135,0,0,0,0,0,0,0,0,0,0,0,0,0,0,0,0,0,195,190,127,0,0,0,0,1,0,30,0,0,0,0,0,64,0,0,210,0,0,0,0,0,0,0,0,3,0,0,0,164,0,0,0,0,0,0,0,0,2,0,0
00891 features=320 size=9 p=5 tap=30 reset=false scheme=0 ops=3,3,3,3,3,0,0,3,0,1,0,3,3,3,0,0,0,3,3,0,0,0,3,3,3,3,0,3,3,0,0,3,0,3,3,3,0,3,3,3,3,3,3,3,0,0,3,3,0,1,3,0,3,0,3,0,0,3,2,0,3,3,3,3 ks=0,0,0,135,0,2,0,0,0,0,0,0,0,0,1,0,0,0,0,0,0,0,0,0,0,0,0,0,1,0,0,0,0,0,0,0,64,0,0,0,128,0,0,0,0,0,0,4,0,0,0,0,164,0,0,0,0,0,0,0,0,4,0,0
00892 features=450 size=9 p=5 tap=52 reset=true scheme=3 ops=3,1,3,3,3,3,3,3,3,2,3,2,2,3,1,3,3,3,3,1,1,3,3,3,3,3,0,3,3,3,2,3,0,3,3,1,3,1,2,3,2,3,2,1,3,3,3,3,1,1,1,3,0,1,3,2,2,2,1,1,1,3,3,3 ks=0,0,0,0,0,0,0,0,0,0,0,0,0,0,0,1,0,0,0,254,0,0,0,0,0,0,0,0,0,0,0,0,0,0,0,0,0,0,17,0,20,252,0,0,0,0,0,0,0,1,0,0,0,0,253,0,0,0,0,0,0,2,0,32
00893 features=514 size=15 p=5 tap=17 reset=false scheme=3 ops=2,3,3,2,1,2,1,3,2,0,0,1,1,3,2,1,1,3,2,2,1,3,3,3,2,3,3,1,3,1,1,3,1,2,2,0,0,0,2,0,2,2,0,0,3,3,3,3,0,0,0,2,3,0,0,3,3,2,0,1,3,3,3,2 ks=0,0,0,0,0,32,1,0,0,0,0,0,213,0,0,0,0,79,0,0,0,199,254,0,0,0,0,0,0,0,0,3,0,0,254,1,4,0,128,3,0,0,0,0,0,0,0,65,0,0,0,0,0,0,0,0,0,25,253,0,0,0,0,0
00894 features=306 size=11 p=5 tap=30 reset=false scheme=1 ops=3,2,3,2,3,2,2,2,2,0,3,3,0,3,1,3,3,3,3,1,1,2,3,3,3,3,0,0,3,0,0,3,0,3,3,3,0,3,3,3,3,3,3,0,3,2,3,3,3,0,3,0,3,0,3,0,0,3,3,0,3,3,3,3 ks=0,0,128,209,0,0,128,0,16,0,0,0,0,0,0,0,0,0,0,254,0,0,0,0,0,0,0,0,1,0,0,0,128,0,0,2,0,255,0,0,254,16,0,0,0,0,0,0,0,0,0,0,0,0,0,0,0,0,0,0,0,0,0,0
00895 features=710 size=10 p=5 tap=17 reset=true scheme=3 ops=2,3,1,2,1,2,1,3,2,0,0,1,2,3,2,1,3,3,2,3,3,3,3,3,3,3,3,1,3,2,0,3,2,2,2,2,2,3,2,3,3,3,3,2,2,1,1,1,1,1,1,1,3,1,0,3,0,0,0,1,3,3,3,2 ks=0,60,0,1,0,0,0,0,0,0,0,0,0,4,0,0,0,79,0,0,249,130,2,0,0,0,0,0,0,0,0,0,0,0,0,0,64,0,0,253,0,0,0,0,0,0,0,0,0,0,0,0,0,0,0,0,0,0,0,0,0,4,0,0
00896 features=677 size=8 p=5 tap=17 reset=true scheme=3 ops=3,3,3,1,0,1,3,3,3,1,0,0,3,3,0,0,1,2,3,3,0,3,3,3,0,3,3,0,3,3,0,3,3,0,3,0,0,0,0,0,3,3,2,0,3,3,3,3,0,0,0,3,3,3,3,3,3,3,3,3,3,3,3,3 ks=4,0,0,0,0,0,0,0,0,0,0,0,0,0,0,0,0,76,0,0,0,195,254,0,0,0,0,0,0,0,0,0,0,253,0,0,0,0,0,0,0,99,0,0,0,0,0,65,0,0,47,0,0,0,0,0,0,0,0,0,0,0,0,0
00897 features=519 size=15 p=5 tap=17 reset=true scheme=3 ops=1,3,3,1,1,3,1,3,1,1,3,1,1,3,3,1,3,3,3,3,3,3,3,3,3,3,3,1,3,1,1,1,1,1,1,1,1,1,3,2,1,1,1,1,3,1,1,1,1,0,1,1,1,1,2,3,3,1,3,1,3,3,3,1 ks=0,0,28,0,0,0,0,0,0,131,0,0,0,0,143,0,0,79,0,0,249,131,2,0,4,0,0,0,0,0,0,45,0,0,0,0,0,0,64,0,0,0,0,0,0,0,0,0,255,0,2,0,0,0,0,90,0,25,0,0,0,4,0,0
00898 features=772 size=12 p=5 tap=17 reset=true scheme=3 ops=2,3,0,2,1,2,1,3,2,0,0,1,1,3,1,1,2,3,2,3,3,3,3,3,3,3,3,3,3,2,1,1,1,2,1,0,0,0,0,0,2,2,0,0,2,1,1,3,0,0,0,1,1,1,0,3,0,0,0,2,3,3,1,2 ks=0,0,28,0,0,0,0,0,0,0,0,0,0,0,143,0,130,79,0,0,249,131,2,0,0,0,0,0,0,0,0,45,0,0,0,0,0,0,0,0,166,0,0,0,0,0,0,65,0,0,0,0,0,0,0,0,0,26,0,0,0,4,0,0
00899 features=783 size=6 p=5 tap=30 reset=true scheme=1 ops=3,3,1,2,1,2,1,3,2,0,0,3,3,3,3,3,3,3,3,3,3,3,3,3,3,3,0,3,3,0,0,3,2,0,3,3,0,3,3,3,3,3,3,0,0,0,3,3,3,0,0,0,3,0,3,0,0,3,3,0,3,3,3,3 ks=0,0,0,0,0,0,0,0,0,0,0,0,0,0,0,0,0,0,0,0,253,0,0,0,0,2,0,0,1,0,16,0,0,0,0,0,0,0,0,202,83,0,0,0,0,0,0,0,0,0,0,0,0,0,0,0,0,0,0,0,0,0,0,0
00900 features=406 size=8 p=5 tap=52 reset=false scheme=5 ops=0,1,3,3,3,0,3,0,3,0,3,0,0,3,3,0,3,3,3,0,0,0,3,3,3,3,0,0,3,0,0,3,3,3,3,0,3,0,0,3,0,3,0,0,3,0,0,3,1,1,1,3,3,0,0,3,3,0,0,1,3,3,3,2 ks=0,255,0,0,0,0,0,0,0,0,0,0,0,0,0,0,0,0,252,2,0,0,0,0,0,0,0,0,0,0,0,0,0,0,0,0,0,0,1,254,0,0,0,0,0,0,0,0,3,0,0,0,128,0,0,0,0,0,253,0,0,0,0,0
00901 features=596 size=12 p=10 tap=52 reset=true scheme=3 ops=3,1,3,3,3,3,1,3,3,2,3,2,2,3,1,1,3,3,2,3,3,3,3,3,3,3,3,1,3,3,0,3,3,1,3,2,3,3,2,0,2,3,1,1,3,3,3,3,1,1,1,3,3,1,3,3,2,2,1,1,1,3,3,3 ks=0,0,0,0,0,0,0,0,0,0,0,0,0,0,0,0,0,79,0,0,249,131,127,0,0,0,0,0,0,0,0,0,0,0,0,0,0,0,0,0,20,0,0,0,0,0,0,0,0,1,0,0,192,8,0,0,0,25,0,0,0,2,253,32
00902 features=438 size=12 p=5 tap=30 reset=false scheme=1 ops=3,3,2,3,3,0,0,3,0,0,0,3,3,3,3,3,3,2,3,3,0,0,3,3,3,3,0,3,3,0,2,3,0,3,3,3,0,3,0,3,3,3,3,1,0,0,1,1,1,1,1,1,3,0,3,0,0,3,3,0,3,3,3,3 ks=0,0,0,0,0,0,0,0,0,0,0,0,0,0,8,123,0,0,0,0,0,0,0,0,0,255,0,0,1,4,23,0,2,32,0,0,64,0,254,0,0,0,0,0,252,0,0,0,0,0,0,0,0,0,0,0,0,0,0,0,0,211,0,0
00903 features=485 size=10 p=5 tap=52 reset=true scheme=3 ops=3,1,3,3,3,3,3,3,3,2,3,2,1,3,2,0,3,3,3,1,1,3,3,3,3,3,1,2,3,3,2,1,3,3,3,1,3,1,2,3,2,3,2,1,3,3,3,3,1,1,2,3,3,1,3,3,2,2,1,1,1,3,3,3 ks=0,20,0,0,0,0,0,0,0,0,0,0,0,0,0,0,0,0,0,254,0,0,0,0,0,0,0,0,0,0,0,1,0,0,0,0,0,0,17,0,20,187,0,0,0,0,0,64,0,1,0,0,0,0,0,0,0,0,0,0,0,2,0,48
00904 features=388 size=9 p=5 tap=30 reset=false scheme=1 ops=3,3,2,3,3,0,0,3,0,0,0,3,3,3,3,3,3,3,3,3,3,3,3,3,3,3,0,3,3,0,0,0,0,0,3,3,0,3,3,3,3,3,3,0,0,0,3,3,3,0,3,0,3,0,3,0,0,3,3,0,3,3,3,3 ks=0,0,0,135,0,0,0,0,0,0,0,0,0,0,0,0,0,0,0,0,0,195,190,127,0,0,0,0,1,0,0,0,0,0,0,0,64,0,0,0,0,0,0,0,0,0,0,0,3,0,0,0,164,128,0,0,0,0,0,0,0,0,0,0
00905 features=313 size=4 p=5 tap=30 reset=false scheme=1 ops=3,2,3,2,3,2,2,2,2,0,0,3,3,3,3,3,3,3,3,3,3,3,3,3,3,3,0,3,3,0,0,3,0,3,3,3,0,3,3,0,3,3,3,2,0,0,3,3,3,0,0,0,3,0,3,0,0,3,3,0,3,3,3,3 ks=0,0,0,0,0,0,0,0,0,0,0,0,0,0,0,0,0,0,0,0,0,0,190,0,0,0,0,0,1,0,16,0,0,0,0,0,0,0,0,0,0,0,0,255,0,0,0,0,0,0,0,0,0,0,0,0,0,0,0,0,0,0,0,0
00906 features=488 size=9 p=10 tap=52 reset=true scheme=3 ops=3,1,3,3,3,3,1,3,3,2,3,2,2,3,1,3,3,3,3,1,1,3,3,3,3,3,1,2,3,3,0,3,3,1,3,2,3,3,2,0,2,3,1,1,3,3,3,3,1,1,1,3,3,1,3,3,2,2,1,1,2,3,3,3 ks=0,0,0,0,0,0,0,0,0,0,0,0,0,0,0,1,0,0,0,254,0,0,0,0,0,0,0,0,0,0,0,0,0,0,0,0,0,0,0,0,20,0,0,0,0,0,0,0,0,0,0,0,192,8,0,0,0,25,0,0,0,2,253,32
00907 features=690 size=14 p=5 tap=17 reset=true scheme=3 ops=2,3,3,2,1,2,1,3,2,0,0,1,1,3,2,1,1,3,2,3,1,3,3,3,2,3,3,1,3,1,1,3,1,2,1,0,0,0,2,0,2,2,0,0,3,0,3,3,0,0,0,3,3,0,0,3,3,0,0,1,3,3,3,2 ks=0,4,0,0,0,32,0,0,0,0,0,0,0,0,0,51,1,79,127,0,0,195,254,0,0,0,0,0,0,0,0,0,0,0,254,78,0,0,0,0,0,0,0,0,0,0,0,65,0,0,0,0,0,0,0,0,0,25,253,0,0,0,127,0
00908 features=681 size=10 p=5 tap=17 reset=true scheme=3 ops=2,3,3,2,1,2,1,3,2,0,0,1,1,3,2,1,3,3,2,3,3,3,3,3,0,3,3,1,3,1,1,3,0,3,3,0,0,0,0,2,2,2,0,0,2,1,1,1,1,1,1,1,1,1,2,3,0,0,0,1,3,3,3,2 ks=0,0,0,0,0,0,0,0,0,0,0,0,0,0,0,0,0,79,0,0,249,131,2,0,0,0,0,0,0,0,0,0,0,0,0,0,0,0,0,0,166,0,0,0,0,0,0,0,255,0,254,0,0,0,0,0,0,25,0,255,0,4,0,0
00909 features=588 size=13 p=10 tap=52 reset=true scheme=3 ops=3,1,3,3,3,3,1,3,3,2,3,2,2,3,1,1,3,3,2,3,3,3,3,3,3,3,3,1,3,3,0,3,3,1,3,2,3,3,2,0,2,3,1,1,3,3,3,3,1,1,1,3,3,1,3,3,2,2,1,1,1,3,3,3 ks=0,0,0,0,0,0,0,0,0,0,0,0,0,0,0,0,0,79,0,0,249,131,127,0,0,0,0,0,0,0,0,0,0,0,0,0,0,0,0,0,20,0,0,0,0,0,0,0,0,1,0,0,192,8,0,0,32,25,0,0,0,2,253,32
00910 features=324 size=9 p=5 tap=30 reset=false scheme=5 ops=3,3,2,3,3,0,1,3,1,3,0,3,3,3,3,3,3,3,3,3,3,3,3,3,3,3,0,3,3,0,0,3,0,3,3,3,0,3,3,3,3,3,3,0,2,2,1,3,3,0,3,0,3,0,3,0,0,3,3,0,3,3,3,3 ks=0,0,0,135,0,0,0,0,0,0,0,0,0,252,0,0,0,0,0,0,0,195,190,127,0,3,0,0,1,0,0,0,0,0,0,0,0,0,0,0,0,0,0,0,0,0,0,0,3,0,0,0,164,0,0,0,0,0,0,0,0,0,0,0
00911 features=847 size=3 p=5 tap=52 reset=true scheme=4 ops=0,1,3,3,3,0,3,3,3,0,0,0,0,3,2,1,3,3,2,3,3,3,3,3,2,3,0,0,3,3,0,3,3,3,3,0,3,0,0,3,0,3,0,0,3,0,3,3,0,2,0,3,3,0,0,3,3,1,0,0,0,3,3,3 ks=0,0,0,0,0,0,0,0,0,0,0,0,0,0,0,0,0,0,0,215,0,0,0,0,0,0,0,0,0,0,0,0,0,0,0,0,0,0,0,0,0,0,138,0,0,0,0,0,0,0,0,0,128,0,0,0,0,0,0,0,0,0,0,0
00912 features=698 size=6 p=5 tap=30 reset=true scheme=1 ops=3,2,3,3,3,0,3,3,3,0,0,0,0,3,0,0,3,3,3,3,3,3,3,3,3,3,0,3,3,0,0,3,0,3,3,0,3,2,3,3,3,3,3,0,0,0,3,3,3,0,0,0,3,0,3,0,0,3,3,0,3,3,3,3 ks=0,0,0,0,0,0,0,0,0,0,0,0,0,0,1,255,0,0,0,0,0,0,190,0,0,0,0,0,1,0,0,0,0,0,0,8,0,1,0,0,0,0,0,0,0,0,0,0,0,0,0,0,0,0,0,0,0,0,0,0,0,0,0,0
00913 features=571 size=10 p=5 tap=12 reset=true scheme=3 ops=2,3,3,2,1,2,1,3,2,0,0,1,1,3,2,1,1,3,2,3,1,3,3,3,2,3,3,1,3,1,1,3,1,2,1,0,0,3,3,3,3,3,3,3,3,3,3,3,3,3,1,3,3,0,0,3,0,0,0,0,0,3,3,2 ks=0,0,0,0,0,32,0,0,0,0,0,0,0,0,0,0,0,79,0,0,0,195,254,0,0,0,0,0,32,0,0,0,0,0,0,1,39,0,0,0,0,0,0,0,0,0,0,0,0,0,0,0,0,0,0,0,0,25,1,0,0,2,0,0
00914 features=571 size=4 p=10 tap=29 reset=true scheme=1 ops=3,3,3,3,3,3,3,3,3,3,3,3,3,3,3,3,3,3,3,3,3,3,3,3,2,3,3,3,3,3,3,3,3,3,3,3,0,0,0,3,1,3,0,0,3,3,3,3,3,3,3,3,3,3,3,3,3,3,3,3,3,3,3,3 ks=0,0,0,0,0,0,0,0,0,0,0,0,0,0,0,0,0,0,0,0,254,0,0,0,0,0,0,66,0,0,0,35,0,0,0,0,0,0,249,0,0,0,0,0,0,0,0,0,0,0,0,0,0,0,0,0,0,0,0,0,0,0,0,0
00915 features=565 size=8 p=5 tap=17 reset=true scheme=3 ops=2,3,2,2,1,2,1,3,2,2,1,1,1,3,2,1,3,3,2,3,3,3,3,3,3,3,3,1,3,1,1,3,1,3,1,3,2,3,2,3,3,3,0,2,2,1,1,3,1,0,1,1,3,1,0,3,0,0,0,1,3,3,3,2 ks=0,0,0,0,0,0,34,0,0,0,0,0,0,0,0,0,0,79,0,0,249,131,2,0,0,0,0,0,0,0,0,255,0,0,0,0,0,0,0,0,0,0,0,0,0,0,0,0,0,0,0,0,0,0,0,0,67,181,0,0,0,0,0,0
00916 features=404 size=10 p=5 tap=30 reset=false scheme=1 ops=3,3,2,3,3,0,0,3,3,3,0,3,3,3,3,3,3,3,3,3,3,3,3,3,3,3,0,3,3,0,0,3,0,3,3,3,0,3,0,3,3,3,3,0,0,0,3,2,3,0,3,0,3,0,3,0,0,3,3,0,3,3,3,3 ks=0,0,0,135,0,0,0,0,0,0,0,0,0,0,0,253,0,0,0,0,0,195,190,127,0,0,0,0,1,0,0,0,0,0,0,0,64,0,0,0,0,0,0,0,2,0,0,0,3,0,0,0,0,0,0,0,0,0,0,0,0,0,0,4
00917 features=643 size=3 p=5 tap=0 reset=true scheme=3 ops=0,0,3,3,3,0,3,3,3,0,0,0,0,3,0,0,3,3,3,0,0,0,3,3,3,3,0,0,3,1,3,3,1,2,3,0,3,0,0,3,3,3,3,3,3,3,3,3,3,0,1,3,3,2,0,3,0,0,0,0,0,3,3,3 ks=0,0,0,0,0,0,0,0,0,0,0,0,0,0,0,0,0,0,0,0,0,0,0,0,0,0,0,0,0,0,0,0,0,0,0,0,0,0,0,0,0,0,0,0,0,0,0,0,0,0,0,197,0,0,0,0,0,0,0,0,0,2,0,160
00918 features=671 size=6 p=5 tap=30 reset=true scheme=1 ops=3,2,3,2,3,2,1,3,2,0,0,3,3,3,3,3,3,3,3,3,3,3,3,3,3,3,0,3,3,0,1,3,1,2,1,3,3,3,0,3,3,3,3,0,0,0,3,1,3,0,0,1,3,0,3,0,0,2,3,0,3,3,3,3 ks=0,0,0,0,0,0,0,0,123,0,0,0,0,0,0,0,0,0,0,0,0,0,190,0,0,0,0,161,1,0,0,0,0,0,0,0,0,0,0,0,0,0,0,255,0,0,0,0,0,212,0,0,0,0,0,0,0,0,0,0,0,0,0,0
00919 features=646 size=16 p=10 tap=52 reset=true scheme=3 ops=3,1,0,3,3,3,1,3,2,0,0,2,2,3,1,3,3,3,3,1,1,3,3,3,3,3,1,2,3,3,2,1,1,2,1,0,0,0,0,0,2,3,1,1,3,3,3,3,1,1,1,3,3,1,3,3,2,3,0,0,0,3,3,3 ks=0,1,0,0,0,0,0,0,0,0,0,0,0,0,0,1,0,0,0,254,0,255,0,0,0,0,0,0,0,0,0,0,0,0,0,135,0,255,0,0,20,0,0,0,1,0,0,0,0,1,0,0,192,8,0,101,0,29,0,0,0,2,253,32
00920 features=572 size=11 p=10 tap=52 reset=true scheme=3 ops=3,1,3,3,3,3,1,3,3,2,3,2,2,3,1,1,3,3,3,1,1,3,3,3,3,3,1,2,3,3,2,1,1,2,1,0,0,0,0,0,2,3,1,1,3,3,3,3,1,1,1,3,3,1,3,3,2,2,1,1,1,3,3,3 ks=0,0,0,0,0,0,0,0,0,0,0,0,0,0,0,0,0,0,2,250,0,0,0,0,0,0,0,0,0,0,0,0,0,0,0,0,0,0,0,0,20,255,0,0,0,0,0,0,0,1,0,0,192,8,0,0,0,25,0,0,0,2,253,32
00921 features=588 size=10 p=5 tap=30 reset=true scheme=1 ops=3,3,3,3,3,0,0,3,0,0,0,3,3,3,3,3,3,3,3,0,3,3,3,3,3,3,0,1,3,0,0,3,0,3,3,3,0,3,3,3,3,3,0,0,2,3,1,1,1,1,1,1,1,1,0,3,0,3,3,0,3,3,3,3 ks=0,0,0,135,49,0,255,0,0,0,0,0,0,0,0,0,0,0,0,0,0,128,190,254,0,0,0,0,1,0,0,0,0,0,0,0,28,0,0,218,0,0,0,0,0,0,0,0,0,0,0,0,0,0,0,0,0,0,0,127,0,0,0,0
00922 features=747 size=13 p=5 tap=17 reset=true scheme=3 ops=3,3,3,1,0,0,3,3,3,0,0,0,3,3,0,0,1,2,3,3,0,3,3,3,0,3,3,0,3,3,0,3,3,0,3,0,0,0,0,0,3,0,0,0,3,3,3,3,0,0,2,3,0,2,0,3,3,0,0,0,3,3,3,3 ks=0,0,0,0,0,0,0,0,0,0,0,0,0,0,0,0,0,76,0,0,0,195,254,0,0,0,0,0,0,0,0,0,0,253,254,1,0,0,0,0,0,99,0,0,0,0,0,65,0,0,0,16,64,255,0,0,0,25,253,0,0,0,0,0
00923 features=612 size=11 p=10 tap=52 reset=true scheme=3 ops=3,1,3,3,3,2,1,3,3,2,3,3,3,3,3,3,3,3,3,3,3,3,3,3,2,3,3,2,3,3,2,1,1,2,1,0,0,0,0,3,2,3,1,1,3,3,3,3,1,1,1,3,3,1,3,3,2,2,1,1,1,3,3,3 ks=0,0,0,0,0,79,0,0,0,0,0,0,0,0,0,0,0,0,0,0,0,195,190,0,0,0,0,0,0,0,0,0,111,0,0,0,0,0,0,0,20,0,0,0,0,0,0,0,0,1,0,0,0,125,0,0,0,25,0,0,0,2,253,32
00924 features=427 size=8 p=5 tap=17 reset=true scheme=3 ops=1,3,1,3,1,3,1,3,1,3,1,1,1,3,3,1,3,3,3,3,3,3,3,3,3,3,3,1,3,1,1,3,3,3,3,3,3,1,3,3,3,3,1,1,3,1,1,1,1,1,1,1,3,1,3,3,1,3,1,1,3,3,3,1 ks=0,0,0,0,0,0,0,0,0,2,0,0,0,0,0,0,0,79,0,0,249,131,2,0,0,0,0,0,0,0,0,0,0,0,0,0,0,0,0,255,0,0,0,0,0,0,0,0,0,0,0,1,0,0,0,0,0,0,0,0,0,4,0,0
00925 features=603 size=14 p=10 tap=52 reset=true scheme=3 ops=3,1,1,3,3,3,2,3,3,2,2,1,2,3,0,3,3,3,3,1,1,3,3,3,3,3,1,2,3,3,2,1,1,2,1,0,0,0,0,0,2,3,1,1,3,3,3,3,1,1,1,3,3,1,3,3,2,2,1,1,1,3,3,3 ks=0,0,0,0,0,0,0,196,0,0,0,0,0,127,0,0,0,0,0,254,0,0,0,0,0,0,0,0,0,0,0,0,0,127,0,0,0,0,0,0,20,0,0,0,0,118,0,0,1,1,0,0,192,8,0,0,0,25,0,0,0,2,253,32
00926 features=792 size=7 p=10 tap=30 reset=true scheme=1 ops=3,2,3,2,3,2,2,2,2,0,0,3,3,3,3,3,3,3,3,3,3,3,3,3,3,3,0,3,3,0,0,3,0,3,3,0,3,2,3,3,3,3,3,0,0,0,3,3,3,0,0,0,3,0,3,0,0,3,3,0,3,3,3,3 ks=0,0,0,0,0,0,0,0,0,0,0,0,0,0,0,0,0,0,0,0,0,0,190,0,128,0,0,0,1,0,0,0,0,0,0,8,0,254,0,0,0,0,0,0,0,0,0,0,0,0,0,0,0,0,0,0,64,0,0,99,0,0,0,0
00927 features=476 size=9 p=5 tap=17 reset=false scheme=5 ops=3,3,3,3,1,3,1,3,3,0,0,1,1,3,0,1,3,3,1,1,3,3,3,3,0,3,1,3,3,3,1,3,2,1,3,1,3,0,0,2,0,3,0,0,1,1,1,1,1,1,1,1,1,1,1,1,1,1,1,1,3,3,3,2 ks=0,0,0,0,0,0,1,0,0,0,0,0,0,0,128,0,0,79,0,0,249,195,190,0,0,0,0,0,0,0,0,0,0,0,0,0,0,0,0,0,0,0,0,0,0,0,0,128,0,0,254,0,0,254,0,0,0,0,0,0,0,0,0,0
00928 features=366 size=4 p=5 tap=30 reset=false scheme=1 ops=3,2,3,2,3,2,2,2,2,0,0,3,3,3,3,3,3,3,3,3,3,3,3,3,3,3,0,3,3,0,0,3,0,3,3,3,0,3,3,3,3,3,3,0,0,0,3,3,3,0,0,0,3,0,3,0,0,3,3,0,3,3,3,3 ks=0,0,0,0,0,0,0,0,0,0,0,0,0,0,0,0,0,0,0,0,0,0,190,0,0,0,0,0,1,0,0,0,0,0,0,0,0,128,0,0,0,0,0,255,0,0,0,0,0,0,0,0,0,0,0,0,0,0,0,0,0,0,0,0
00929 features=304 size=13 p=5 tap=12 reset=false scheme=3 ops=2,3,3,2,1,2,1,3,2,0,0,1,1,3,2,1,1,3,2,3,1,3,3,3,2,3,3,3,3,1,1,3,1,2,1,0,0,3,3,3,3,3,3,3,3,3,3,3,3,3,3,3,3,0,0,3,0,0,0,0,0,3,3,2 ks=0,0,0,0,0,32,255,0,0,0,0,0,0,0,0,0,255,79,0,215,0,195,254,0,0,0,0,0,0,0,0,0,0,0,254,1,39,0,0,0,0,0,0,32,0,0,0,0,0,0,0,0,0,0,0,0,0,25,0,0,0,2,0,0
00930 features=706 size=7 p=5 tap=30 reset=true scheme=2 ops=3,2,3,2,1,2,2,3,2,0,0,3,3,3,3,3,3,3,2,3,3,3,3,3,3,3,0,3,3,0,0,3,0,3,3,3,0,3,3,3,3,3,1,0,0,0,3,3,3,0,0,0,3,2,3,0,0,3,3,0,3,3,3,3 ks=0,0,0,0,0,0,0,0,0,255,0,0,0,0,0,0,0,0,0,0,0,0,190,0,0,0,0,0,1,0,90,0,0,0,0,0,0,0,0,0,0,0,8,255,0,8,0,0,0,0,0,0,0,0,0,0,0,0,0,0,0,0,0,0
00931 features=774 size=12 p=5 tap=30 reset=true scheme=1 ops=1,3,3,3,3,0,0,3,0,0,0,3,3,3,3,3,1,3,3,0,3,3,3,3,3,3,0,3,3,0,0,3,0,3,3,3,0,3,3,3,3,3,2,0,2,1,2,1,1,1,1,3,3,1,3,3,0,3,3,0,3,3,3,3 ks=0,0,0,135,0,0,255,0,0,0,112,0,0,0,0,0,170,0,0,0,0,0,190,0,0,0,0,8,1,0,0,0,0,0,0,0,0,0,0,84,0,127,0,64,0,2,0,0,0,0,0,0,0,0,0,0,0,0,0,0,0,0,0,89
00932 features=491 size=8 p=5 tap=30 reset=false scheme=0 ops=3,3,3,3,3,0,0,3,0,0,0,3,3,3,3,3,3,3,3,3,3,3,3,3,3,3,0,3,3,0,0,3,2,3,3,3,0,2,3,3,3,3,3,0,1,1,3,3,3,0,3,2,1,2,1,2,1,0,0,1,0,0,3,1 ks=0,0,119,135,0,0,0,0,0,0,0,0,0,0,0,0,0,0,0,0,0,195,190,127,0,0,0,0,1,0,0,0,0,128,0,0,0,0,8,0,0,0,0,0,0,0,0,0,0,0,0,0,0,0,0,0,0,0,0,0,0,0,0,0
00933 features=574 size=8 p=5 tap=17 reset=true scheme=3 ops=2,3,1,2,1,2,1,3,2,2,1,1,1,3,2,1,3,3,2,3,3,3,3,3,3,3,3,1,3,1,1,3,1,2,1,2,3,3,2,3,2,2,1,3,1,1,1,1,1,1,1,1,3,1,2,3,3,1,3,1,3,3,3,2 ks=0,0,0,0,0,0,0,0,0,0,0,0,0,0,0,0,0,79,0,0,0,131,2,0,0,0,253,0,0,0,0,127,0,0,0,0,0,0,0,0,166,0,0,0,0,0,0,0,0,0,0,0,0,64,0,0,0,0,0,0,0,4,0,0
00934 features=605 size=15 p=5 tap=17 reset=true scheme=3 ops=3,3,3,1,1,0,1,3,3,0,0,1,1,3,1,1,3,3,1,3,3,3,3,3,3,3,3,1,3,1,1,1,1,3,1,0,0,0,0,0,3,0,0,0,3,1,1,1,1,1,1,1,1,1,0,3,0,0,0,1,3,3,1,3 ks=0,0,28,0,0,0,0,0,127,0,0,0,0,0,143,0,130,79,0,0,249,131,2,0,0,0,0,0,0,0,0,45,0,0,0,0,0,0,0,0,166,0,0,0,0,0,0,0,255,0,254,0,0,0,0,0,0,26,1,0,0,4,0,0
00935 features=528 size=9 p=5 tap=30 reset=false scheme=0 ops=3,3,3,3,3,0,0,3,0,0,0,0,3,3,3,3,3,3,3,3,3,3,3,3,3,3,0,3,3,0,0,3,2,3,3,3,0,2,3,3,3,3,3,0,1,0,3,3,3,0,3,2,1,1,0,3,0,0,0,0,0,0,3,1 ks=0,0,119,135,0,0,0,0,0,0,0,0,0,0,0,0,0,0,0,0,0,195,190,126,0,0,128,0,1,0,0,0,0,0,0,0,0,0,8,0,0,0,0,0,255,0,0,0,0,0,0,0,0,0,0,0,0,0,0,0,0,0,0,0
00936 features=641 size=15 p=2 tap=30 reset=true scheme=1 ops=3,3,1,3,3,1,1,3,1,1,1,3,3,3,3,1,1,3,1,3,3,1,3,3,1,3,3,1,3,1,1,3,3,3,3,3,1,3,3,3,3,3,1,0,1,1,1,1,1,1,1,1,1,1,3,3,3,3,3,1,3,3,3,3 ks=0,0,0,135,0,0,0,0,0,0,0,0,0,0,0,0,0,79,0,215,0,131,254,0,70,0,0,0,1,0,0,0,0,0,0,254,64,0,0,218,0,0,0,0,0,0,0,0,255,0,254,0,0,0,102,0,0,0,0,127,0,0,2,0
00937 features=451 size=14 p=5 tap=30 reset=false scheme=1 ops=3,3,2,3,3,0,0,3,0,0,0,3,3,3,3,3,3,2,3,3,0,0,3,3,3,3,0,3,3,0,2,3,0,3,3,3,0,3,0,3,3,3,3,1,0,0,1,1,1,1,1,1,3,0,3,0,0,3,3,0,3,3,3,3 ks=0,0,0,0,0,0,0,0,0,0,4,0,0,0,8,123,0,0,0,0,0,0,0,0,0,255,0,0,1,4,23,0,2,32,0,0,64,0,254,0,0,0,0,0,252,0,254,0,0,0,0,0,0,0,0,0,0,0,0,0,0,211,0,0
00938 features=565 size=7 p=5 tap=17 reset=false scheme=3 ops=2,3,3,2,1,2,1,3,2,0,0,1,1,3,2,1,1,3,2,3,1,3,3,3,2,3,3,1,3,1,1,3,1,2,1,0,0,0,2,0,2,2,0,0,3,0,3,3,0,0,0,3,3,0,0,3,3,0,0,1,3,3,3,2 ks=0,0,0,0,0,0,0,0,0,0,0,0,0,0,0,0,0,79,0,0,0,195,254,0,0,0,0,0,0,0,0,0,0,0,254,0,0,0,0,0,0,0,0,0,0,0,0,65,0,0,0,0,0,0,0,0,0,25,237,0,0,0,0,0
00939 features=784 size=7 p=10 tap=30 reset=true scheme=1 ops=3,2,3,2,3,2,2,2,2,0,0,3,3,3,3,3,3,3,3,3,3,3,3,3,3,3,0,3,3,0,0,3,0,3,3,0,3,2,3,3,3,3,3,0,0,0,3,3,3,0,0,0,3,0,3,0,0,3,3,0,3,3,3,3 ks=0,0,0,0,0,0,0,0,0,0,0,0,0,0,0,0,128,0,0,0,0,0,190,0,128,0,0,0,1,0,0,0,0,0,0,8,0,254,0,0,0,0,0,0,0,0,0,0,0,0,0,0,0,0,0,0,64,0,0,0,0,0,0,0
00940 features=529 size=13 p=5 tap=17 reset=true scheme=3 ops=3,1,1,3,1,3,1,3,1,0,0,1,1,3,3,1,3,3,3,3,3,3,3,3,3,3,3,1,3,0,0,3,1,1,0,3,3,0,3,3,3,3,0,1,3,1,1,1,0,0,1,1,1,3,1,0,1,0,0,1,0,0,3,0 ks=0,0,0,0,0,0,0,247,0,64,0,0,0,111,0,0,0,79,0,0,249,131,127,0,0,0,0,0,0,0,0,0,0,0,216,0,0,152,127,0,0,0,0,0,0,0,0,0,0,255,0,0,0,0,0,0,0,0,0,0,252,0,0,253
00941 features=507 size=12 p=5 tap=16 reset=false scheme=3 ops=3,3,3,3,0,0,3,3,3,0,0,0,3,3,0,0,0,3,3,3,0,3,3,3,3,3,3,1,3,1,0,3,1,2,1,0,0,0,0,3,1,3,0,0,3,3,3,3,0,0,0,3,0,0,0,3,3,0,0,0,3,3,3,3 ks=0,0,0,0,4,0,0,0,0,0,0,0,0,0,0,0,0,64,0,0,0,195,2,0,0,0,0,0,0,0,0,3,0,0,0,255,0,0,0,2,0,0,0,0,0,0,0,65,0,0,0,16,0,255,0,0,0,25,253,0,0,0,0,0
00942 features=789 size=5 p=5 tap=17 reset=true scheme=3 ops=2,3,3,2,2,2,3,3,2,0,0,2,2,3,2,2,3,3,2,3,3,3,3,3,3,3,3,3,3,2,0,3,2,2,2,0,0,0,0,3,3,3,0,2,2,3,2,0,3,2,3,3,3,0,0,3,1,2,0,0,3,2,3,2 ks=0,0,0,0,0,0,0,0,0,0,0,0,0,4,0,0,0,79,0,0,249,131,2,0,0,0,0,0,0,0,0,0,0,0,0,0,0,0,0,0,0,0,0,0,0,0,0,0,0,0,0,0,0,0,0,0,0,0,0,0,0,0,0,0
00943 features=784 size=7 p=10 tap=30 reset=true scheme=1 ops=3,2,3,2,3,2,2,2,2,0,0,3,3,3,3,3,3,3,3,3,3,3,3,3,3,3,1,3,3,0,0,3,0,3,3,0,3,3,3,3,3,3,3,0,0,0,3,3,3,0,0,0,3,0,3,0,0,3,3,0,3,3,3,3 ks=0,0,0,0,0,0,0,0,0,0,0,0,0,0,0,0,0,0,0,0,0,0,190,0,128,0,0,0,1,0,0,0,0,0,0,8,0,254,0,0,0,0,0,0,0,0,0,0,0,0,0,0,0,0,0,0,64,0,0,99,0,0,0,0
00944 features=295 size=10 p=5 tap=30 reset=false scheme=0 ops=3,3,3,3,3,0,0,3,0,0,0,3,3,3,3,3,3,3,3,3,3,3,3,3,3,3,0,3,3,0,0,3,2,3,3,3,0,3,3,3,3,3,3,1,0,0,3,3,3,0,3,0,3,0,3,0,0,3,3,0,3,3,3,3 ks=0,252,0,135,0,0,0,0,0,0,0,0,0,0,0,0,0,0,0,0,0,195,190,127,0,0,0,0,1,0,0,0,0,0,0,0,64,0,8,0,0,0,0,0,0,0,0,0,3,0,0,0,0,0,0,4,0,0,0,0,0,0,0,0
00945 features=620 size=13 p=5 tap=52 reset=true scheme=3 ops=3,1,3,3,3,3,3,3,3,1,3,3,3,3,1,3,3,3,0,3,3,3,3,3,3,3,0,3,3,0,1,3,3,3,3,1,3,1,3,3,3,3,0,0,3,0,3,3,1,1,1,1,3,1,3,3,1,0,1,1,1,3,3,3 ks=0,0,0,0,0,0,0,0,0,128,0,0,0,0,0,1,0,110,90,0,0,195,131,0,0,0,0,0,0,0,0,0,0,0,0,0,0,0,17,0,20,0,0,0,0,0,0,0,0,1,0,0,0,0,253,0,0,25,0,0,0,2,0,34
00946 features=463 size=11 p=10 tap=52 reset=true scheme=3 ops=3,1,3,3,3,3,1,3,3,2,3,2,2,3,1,3,3,3,3,1,1,3,3,3,3,3,1,2,3,3,0,3,3,1,3,2,3,3,2,0,2,3,1,1,3,3,3,3,1,1,1,3,3,1,3,3,2,2,1,1,1,3,3,3 ks=0,0,0,0,0,0,0,0,0,0,0,0,0,0,0,0,0,0,0,255,0,0,0,0,0,0,0,0,0,0,0,0,0,0,0,0,0,0,0,0,20,0,0,0,0,0,0,8,0,1,0,0,192,8,0,1,0,25,0,0,0,2,253,32
00947 features=470 size=6 p=5 tap=30 reset=false scheme=1 ops=3,2,3,2,3,2,3,3,2,0,0,3,3,3,3,3,3,3,3,3,3,3,3,3,3,3,0,3,3,0,0,3,0,3,3,3,0,3,3,3,2,3,3,0,0,3,3,3,1,1,1,3,3,0,3,0,0,3,3,0,3,3,3,2 ks=128,0,0,0,0,0,0,0,0,0,0,0,0,0,0,0,0,32,0,0,0,0,190,0,0,0,0,0,1,0,16,0,0,0,0,0,0,0,0,0,20,0,0,0,0,0,0,0,0,0,0,0,0,0,0,0,0,0,0,0,0,0,0,0
00948 features=690 size=5 p=5 tap=17 reset=false scheme=3 ops=2,1,3,2,1,2,0,3,2,0,0,1,1,3,2,1,1,3,2,3,1,3,3,3,2,3,3,1,3,1,1,3,1,2,1,0,0,0,0,0,2,2,0,0,2,1,2,2,2,2,2,2,3,2,2,2,2,2,2,0,0,3,3,2 ks=0,0,0,0,0,0,0,0,0,0,0,8,0,0,0,0,0,79,0,0,0,195,254,32,0,0,0,0,0,0,0,0,0,0,0,0,0,0,0,0,0,0,0,0,0,0,0,0,0,0,0,0,0,0,0,0,0,0,0,0,0,0,0,0
00949 features=686 size=6 p=5 tap=30 reset=true scheme=2 ops=3,2,3,2,1,2,2,3,2,0,0,3,3,3,3,1,3,3,3,1,3,3,3,3,3,3,0,3,3,0,0,3,0,3,3,3,0,3,3,3,3,3,1,0,0,0,3,3,3,0,0,0,3,2,3,0,0,3,3,0,3,3,3,3 ks=0,0,0,0,0,0,0,0,0,255,0,0,0,0,0,0,0,0,0,0,0,0,190,0,0,0,0,0,1,0,90,0,0,0,0,0,0,0,0,0,0,0,0,255,0,8,0,0,0,0,0,0,0,0,0,0,0,0,0,0,0,0,0,0
00950 features=693 size=8 p=5 tap=30 reset=true scheme=3 ops=3,3,3,3,3,0,0,3,0,0,0,3,3,3,3,3,3,3,3,0,0,0,3,3,3,3,0,3,3,0,0,3,0,3,3,3,0,3,3,3,3,3,3,3,0,0,3,3,3,0,3,0,3,0,3,0,0,3,3,0,3,3,3,3 ks=0,0,0,135,0,0,0,0,0,0,0,0,0,0,0,127,0,0,0,0,0,0,3,0,0,0,0,0,1,2,0,0,0,0,0,0,0,0,0,125,128,0,0,0,0,0,0,0,0,0,0,0,164,0,0,0,0,0,0,0,0,0,0,0
00951 features=832 size=17 p=5 tap=12 reset=true scheme=3 ops=0,0,3,3,3,0,3,3,3,0,0,0,0,3,0,0,3,3,3,0,0,0,3,3,3,3,0,0,3,1,3,3,1,2,3,0,3,0,0,3,0,3,0,0,3,0,3,3,1,0,1,3,3,2,0,3,0,0,0,0,0,3,3,3 ks=0,0,0,0,144,0,0,0,0,0,0,0,0,0,0,0,0,0,149,0,0,0,0,0,0,0,1,0,0,0,0,0,0,254,151,8,4,4,0,32,0,0,2,0,0,0,0,0,0,16,0,197,0,0,0,0,0,68,0,1,16,2,0,160
00952 features=738 size=10 p=5 tap=30 reset=true scheme=0 ops=3,3,3,3,3,0,0,3,0,0,0,3,3,3,3,3,3,3,3,0,3,3,3,3,3,3,0,1,3,0,0,3,3,3,1,0,0,3,0,3,3,3,3,0,3,1,0,0,3,3,3,0,3,1,0,3,0,3,3,0,3,3,3,3 ks=0,0,0,135,0,0,0,0,0,0,0,0,0,0,0,0,3,0,0,0,0,195,190,0,0,0,0,0,1,0,0,0,202,0,0,8,64,0,0,0,0,0,0,0,0,0,0,0,0,0,0,0,0,0,0,0,0,0,0,127,0,0,2,0
00953 features=436 size=8 p=5 tap=30 reset=false scheme=1 ops=3,2,3,2,3,2,2,2,2,0,0,3,3,3,0,0,3,3,3,0,0,0,3,3,3,3,0,0,3,0,1,3,0,3,3,3,0,3,3,3,3,3,3,0,0,2,3,1,1,1,1,0,3,0,3,0,0,3,3,0,3,3,3,3 ks=0,0,254,0,0,0,0,0,0,0,0,0,33,0,1,0,0,0,4,79,0,0,0,1,0,0,0,0,1,0,0,0,192,0,0,0,0,0,0,0,0,0,0,0,0,0,0,0,0,0,0,0,0,0,0,0,0,0,0,0,0,0,0,0
00954 features=475 size=8 p=5 tap=30 reset=false scheme=0 ops=3,3,3,3,3,0,0,3,0,0,0,3,3,3,3,3,3,3,3,3,3,3,3,3,3,3,0,3,3,0,0,3,2,3,3,3,0,2,3,3,3,3,3,0,1,0,3,3,3,0,3,2,1,2,1,2,1,0,0,1,0,0,1,1 ks=0,0,119,135,0,0,0,0,0,0,0,0,0,0,0,0,0,128,0,0,0,195,190,127,0,0,0,0,1,0,0,0,0,128,0,0,0,0,0,0,0,0,0,0,0,0,0,0,0,0,0,0,0,0,0,0,0,0,0,0,0,0,0,0
00955 features=708 size=9 p=5 tap=17 reset=true scheme=3 ops=2,3,1,2,1,2,1,3,2,0,0,1,1,3,2,1,3,3,2,3,3,3,3,3,3,3,3,1,3,2,0,3,2,2,2,3,2,1,2,3,3,3,0,2,2,1,1,1,1,1,1,1,3,1,0,3,0,0,0,1,2,3,3,0 ks=0,0,0,0,0,0,0,0,0,0,16,0,0,4,0,0,0,79,0,0,249,131,2,0,0,0,0,0,0,0,0,0,0,0,216,0,64,0,0,0,0,0,0,0,0,0,0,0,0,0,0,0,0,0,0,0,0,0,0,0,0,4,0,0
00956 features=623 size=16 p=10 tap=52 reset=true scheme=3 ops=3,1,0,3,3,3,1,3,2,0,0,2,2,3,1,3,3,3,3,1,1,3,3,3,3,3,1,2,3,3,2,1,1,2,1,0,0,0,0,0,2,3,1,1,3,3,3,3,1,1,1,3,3,1,3,3,2,2,1,1,1,3,3,3 ks=0,1,0,0,0,0,0,0,0,0,0,0,0,0,0,1,0,0,0,254,0,0,0,0,0,0,0,0,0,0,216,0,0,0,0,0,8,255,0,0,20,0,0,0,1,0,0,0,0,1,0,0,192,8,0,101,0,25,0,0,0,2,253,32
00957 features=711 size=10 p=5 tap=17 reset=true scheme=3 ops=2,3,3,2,1,2,1,1,2,0,0,1,1,3,2,1,3,3,2,3,3,3,3,3,0,3,3,1,3,1,1,3,0,3,3,0,0,0,2,2,2,2,0,0,2,1,1,1,1,1,1,1,1,1,2,3,0,0,0,1,3,3,3,2 ks=0,0,0,0,0,0,0,0,0,0,0,0,0,0,0,0,0,79,0,0,249,131,2,0,0,0,0,0,0,0,0,0,0,0,0,0,0,0,0,0,166,0,0,0,0,0,0,0,255,0,254,0,0,0,0,0,0,25,0,255,0,4,0,0
00958 features=942 size=10 p=5 tap=17 reset=true scheme=3 ops=2,3,0,2,2,2,2,3,2,0,0,2,0,3,2,2,3,3,2,3,3,3,3,0,3,3,3,2,3,3,2,3,2,2,3,0,0,0,0,0,2,2,0,0,0,2,0,0,0,2,2,3,3,2,0,3,0,0,0,3,3,3,3,2 ks=0,0,0,0,0,0,0,0,0,0,3,0,0,0,0,0,0,79,0,0,249,131,2,0,0,0,0,255,0,0,0,127,0,0,0,0,0,0,0,0,166,0,0,0,0,0,0,0,0,128,0,0,0,0,0,0,0,0,0,0,0,4,0,0
00959 features=358 size=4 p=5 tap=52 reset=false scheme=5 ops=0,1,3,3,3,0,3,0,3,0,0,0,0,3,3,0,3,3,3,0,0,0,3,3,3,3,0,0,3,0,0,3,3,3,3,0,3,0,0,3,0,3,0,0,3,3,3,3,0,1,1,3,3,0,3,3,3,3,0,0,0,3,3,3 ks=16,0,0,0,0,0,0,0,0,0,0,0,0,0,0,0,0,0,0,0,0,0,0,0,0,0,0,0,0,0,0,0,0,0,0,0,128,0,0,0,0,0,0,0,0,0,0,0,0,0,0,0,128,0,0,0,0,0,0,0,0,0,0,32
00960 features=611 size=9 p=5 tap=11 reset=false scheme=5 ops=3,3,3,2,3,2,0,3,2,0,0,3,2,3,2,2,3,3,2,3,3,3,3,3,2,3,3,0,3,2,3,3,0,2,3,0,0,0,2,3,2,2,0,3,2,0,2,2,3,3,0,2,3,0,0,2,2,2,2,2,3,3,3,0 ks=0,0,0,0,0,0,0,0,0,0,0,0,0,0,221,0,0,83,0,0,0,195,127,0,0,0,0,0,0,0,0,0,0,0,0,0,0,0,0,2,0,0,0,0,0,0,34,0,0,0,254,0,0,0,0,0,0,0,0,127,16,0,0,0
00961 features=144 size=9 p=5 tap=17 reset=false scheme=3 ops=3,3,3,3,1,3,1,3,1,1,3,1,1,3,3,1,1,3,1,3,1,1,3,3,3,3,3,1,3,1,1,3,1,3,1,1,3,3,3,3,3,3,3,3,3,3,3,3,3,3,3,3,3,3,1,3,1,3,1,3,1,3,3,1 ks=252,0,0,0,0,32,0,0,254,0,0,0,0,0,0,0,0,79,0,215,0,195,254,0,0,0,0,0,0,0,0,0,0,0,0,0,0,0,0,0,0,0,0,0,0,0,0,0,0,0,0,0,0,0,0,0,0,25,0,66,0,0,0,0
00962 features=296 size=9 p=5 tap=17 reset=false scheme=1 ops=3,3,3,3,1,3,1,3,3,0,0,1,1,3,0,1,3,3,1,1,3,3,3,3,0,3,1,3,3,1,1,3,1,1,3,3,3,3,1,3,3,3,1,1,1,1,1,1,1,1,1,1,1,1,1,1,1,1,1,1,3,3,3,1 ks=0,0,0,0,0,0,1,32,0,0,0,0,0,0,128,0,0,79,0,0,249,195,190,0,0,0,0,0,0,0,0,0,0,0,0,0,0,0,0,0,0,0,0,0,0,0,0,0,0,0,254,0,0,0,0,0,0,0,203,0,0,0,0,0
00963 features=719 size=10 p=5 tap=17 reset=true scheme=3 ops=3,3,1,2,1,2,1,3,2,0,0,1,1,3,2,1,3,3,2,3,3,3,3,3,3,3,3,2,3,2,0,3,2,2,2,3,2,3,2,3,3,3,0,2,2,1,1,1,1,1,1,1,3,1,0,3,2,0,0,1,3,3,3,2 ks=0,0,0,0,4,0,0,0,0,0,17,0,0,4,0,0,0,79,0,0,249,131,127,0,0,0,0,0,0,0,0,0,0,0,0,0,64,0,0,0,0,0,0,0,0,0,0,0,0,0,0,0,0,0,0,253,0,0,0,0,0,4,0,0
00964 features=430 size=15 p=5 tap=17 reset=false scheme=3 ops=3,3,3,1,0,0,3,3,3,0,0,0,3,3,0,0,1,3,3,3,0,3,3,3,0,3,3,0,3,3,0,3,3,0,3,0,0,0,0,0,3,3,0,0,3,3,3,3,0,0,0,3,0,0,0,3,3,0,0,0,3,3,3,3 ks=0,0,0,0,0,0,0,0,0,0,0,0,0,0,0,0,0,79,0,0,0,195,254,0,0,0,0,0,0,0,0,19,0,253,254,1,127,0,0,0,0,99,0,0,0,0,0,65,0,0,0,16,64,255,0,0,0,25,253,0,0,0,0,0
00965 features=387 size=8 p=5 tap=30 reset=false scheme=1 ops=3,2,3,2,3,2,1,2,2,0,0,3,3,3,0,0,3,3,3,0,0,0,3,3,3,3,0,0,3,0,0,3,0,3,3,3,0,3,3,3,3,3,3,0,0,2,3,3,3,0,3,0,1,0,3,0,0,3,3,0,3,3,3,3 ks=0,0,0,0,0,0,128,0,0,0,0,0,91,0,1,0,0,0,0,0,0,0,0,1,0,0,142,0,1,0,0,0,128,0,0,0,0,0,0,0,0,0,0,0,255,0,0,0,0,0,0,0,0,0,0,0,0,0,0,0,0,0,0,0
00966 features=639 size=21 p=10 tap=52 reset=true scheme=3 ops=0,1,1,3,3,3,2,3,3,2,2,1,2,2,0,3,3,0,3,1,1,3,3,3,3,3,1,2,3,3,0,1,1,2,1,0,0,0,0,0,2,3,1,1,3,3,3,3,1,1,1,3,3,1,3,3,2,2,1,1,2,3,3,3 ks=0,0,0,0,1,0,0,217,0,0,0,0,0,127,189,58,0,0,0,254,0,0,0,0,0,0,253,0,0,69,0,164,0,0,0,0,0,0,1,0,20,0,3,0,0,0,128,0,1,1,0,0,192,14,0,0,0,25,0,0,0,2,253,32
00967 features=353 size=7 p=5 tap=30 reset=false scheme=1 ops=3,3,2,3,3,0,0,3,0,0,0,3,3,3,3,3,3,3,3,3,0,0,3,3,3,3,0,3,3,0,2,3,0,3,3,3,0,3,0,3,3,3,3,0,0,0,3,1,1,1,1,1,1,1,3,3,3,3,3,0,3,3,3,3 ks=0,0,0,135,0,0,0,0,0,0,0,0,0,0,0,123,0,0,0,0,0,0,0,0,0,255,0,0,1,0,0,0,0,32,0,0,64,0,0,0,0,0,0,0,252,0,0,0,0,0,0,0,0,0,0,0,0,0,0,0,0,0,0,0
00968 features=347 size=5 p=5 tap=30 reset=false scheme=1 ops=3,2,3,2,3,2,2,2,2,0,0,3,3,3,3,3,3,3,3,3,3,3,3,3,3,3,0,3,3,0,0,3,0,3,3,3,0,3,3,3,3,3,3,0,0,0,3,3,3,0,0,0,3,0,3,0,0,3,3,0,3,3,3,3 ks=0,0,0,0,0,0,0,0,0,0,0,0,0,0,0,0,0,0,0,0,0,0,190,0,0,0,0,0,1,0,15,0,0,0,0,0,0,0,0,0,0,0,0,255,0,156,0,0,0,0,0,0,0,0,0,0,0,0,0,0,0,0,0,0
00969 features=462 size=8 p=5 tap=52 reset=false scheme=5 ops=2,1,3,3,3,0,3,0,3,0,3,0,0,3,3,0,3,3,3,0,0,0,3,3,3,3,0,0,3,0,0,3,3,3,3,0,3,0,0,3,0,3,0,0,3,0,0,3,0,1,1,3,3,0,0,3,3,0,0,0,0,3,3,3 ks=0,255,0,0,0,0,0,0,0,0,0,0,0,0,0,0,0,0,252,2,0,0,0,0,0,0,0,0,158,0,0,0,0,0,0,0,0,0,1,0,0,0,0,0,0,0,0,0,3,0,0,0,129,0,0,0,0,0,0,0,0,0,0,32
00970 features=283 size=4 p=5 tap=30 reset=false scheme=1 ops=3,2,3,2,3,2,2,2,2,0,0,3,3,3,3,3,3,3,3,3,3,3,3,3,3,3,0,3,3,0,0,3,0,3,3,3,0,3,1,3,3,3,3,2,0,0,3,1,3,3,0,0,3,0,3,0,0,3,3,0,3,3,3,3 ks=0,0,0,0,0,0,0,0,0,0,0,0,0,0,0,0,0,0,0,0,0,0,190,0,0,0,0,0,1,0,16,0,0,0,0,0,0,0,0,0,0,0,0,0,0,128,0,0,0,0,0,0,0,0,0,0,0,0,0,0,0,0,0,0
00971 features=454 size=10 p=2 tap=30 reset=false scheme=3 ops=3,3,2,3,3,0,0,3,0,0,0,3,3,3,3,3,3,3,3,3,1,0,3,3,3,3,0,3,3,3,2,3,0,3,3,3,0,3,0,3,3,3,3,0,0,0,3,3,3,0,3,0,3,0,3,0,0,3,3,0,3,3,3,2 ks=0,0,0,135,228,0,0,0,0,0,0,0,0,0,0,123,0,0,0,0,0,0,0,0,0,251,0,0,1,0,0,0,0,32,0,0,64,0,0,0,0,0,0,0,249,0,0,0,3,0,0,0,164,0,0,0,0,0,0,0,0,0,0,0
00972 features=593 size=8 p=5 tap=30 reset=true scheme=2 ops=3,3,3,3,1,3,1,3,1,0,0,3,3,3,3,3,3,3,1,3,3,3,3,3,3,3,0,3,3,0,0,3,0,3,3,3,0,3,3,3,3,3,1,0,0,0,3,3,3,0,3,1,3,3,1,1,0,3,3,0,3,3,3,3 ks=0,0,0,0,0,0,0,0,0,255,0,0,0,0,0,0,0,0,0,0,0,0,190,0,0,0,0,0,1,0,90,0,0,0,0,254,0,0,0,0,0,0,8,255,0,8,0,0,0,0,0,0,0,0,0,0,0,0,0,0,0,0,0,0
00973 features=717 size=11 p=5 tap=30 reset=true scheme=0 ops=3,3,3,3,3,0,0,3,0,0,0,3,3,3,3,3,3,3,3,0,3,3,3,3,3,3,0,1,3,0,0,3,3,3,1,0,0,3,0,3,3,3,3,0,3,1,0,0,3,3,3,1,3,1,0,3,0,3,3,0,3,3,3,3 ks=0,0,0,135,0,0,0,0,0,0,0,0,0,0,0,0,3,0,0,0,0,195,190,0,0,4,0,0,1,0,0,0,202,0,0,8,64,0,0,0,0,0,0,0,0,0,0,0,0,0,0,0,0,0,0,0,0,0,0,127,0,0,2,0
00974 features=285 size=8 p=5 tap=30 reset=false scheme=1 ops=3,2,3,2,3,2,2,2,2,0,0,3,3,3,3,3,3,3,3,3,3,3,3,3,3,3,0,3,3,0,0,3,0,3,3,3,0,3,3,3,2,3,2,1,3,3,3,3,1,1,1,3,3,0,3,0,0,3,3,0,3,3,3,3 ks=128,0,0,0,0,0,0,0,0,0,0,0,0,0,0,0,0,0,0,0,0,0,190,0,0,0,0,0,1,0,16,0,0,0,0,0,0,0,0,0,20,0,0,0,0,0,0,0,0,1,128,0,128,0,0,0,0,0,0,0,0,0,0,0
00975 features=401 size=11 p=5 tap=30 reset=false scheme=0 ops=3,3,3,3,3,0,0,3,0,1,0,3,3,3,0,0,3,3,3,0,0,0,3,3,3,3,0,3,3,0,0,3,0,3,3,3,0,3,3,3,3,3,3,3,0,0,3,3,3,0,3,0,3,0,3,0,0,3,3,0,3,3,3,3 ks=0,0,0,135,0,2,0,0,0,0,0,0,0,0,1,0,0,0,0,0,0,0,0,0,0,0,0,0,1,0,0,0,0,0,0,0,128,0,0,0,128,0,0,0,0,0,0,0,0,0,101,0,164,0,0,225,0,0,0,0,0,0,253,32
00976 features=770 size=15 p=5 tap=17 reset=true scheme=3 ops=3,3,3,1,0,0,3,3,3,0,0,0,3,3,0,0,1,2,3,3,0,3,3,3,0,3,3,3,3,3,0,3,3,0,3,0,0,3,2,0,2,3,0,0,3,3,3,3,0,0,0,3,0,2,0,3,3,0,0,0,3,3,3,3 ks=0,0,0,0,0,0,0,0,0,0,0,0,0,0,0,0,0,76,0,0,0,195,254,0,0,0,0,0,0,0,0,0,0,253,254,1,0,0,0,0,20,99,0,0,0,0,0,65,0,0,0,16,64,255,0,0,0,25,253,0,114,0,0,0
00977 features=750 size=18 p=5 tap=12 reset=true scheme=3 ops=0,0,3,3,3,0,3,3,3,0,0,0,0,1,0,0,3,3,3,0,0,1,3,3,3,3,0,1,3,0,0,3,3,3,3,0,3,1,0,3,0,3,0,0,3,0,1,1,2,0,0,2,1,0,0,3,0,0,0,0,0,3,3,1 ks=0,0,0,8,0,0,0,0,0,0,0,4,0,25,0,0,255,0,0,0,0,195,0,0,0,1,48,0,0,0,0,0,0,0,41,8,0,0,17,0,20,239,0,0,0,0,177,0,0,0,0,0,32,19,0,0,0,13,0,0,0,2,0,32
00978 features=699 size=11 p=5 tap=17 reset=true scheme=3 ops=2,3,1,2,1,2,1,3,2,0,0,1,1,3,2,1,3,3,2,3,3,3,3,3,3,3,3,1,3,2,0,3,2,2,1,3,2,3,2,3,3,3,0,2,2,1,1,1,1,1,1,1,3,1,0,3,0,0,0,1,3,3,3,2 ks=0,0,0,0,254,0,0,0,0,0,16,0,0,4,0,0,0,79,0,0,0,131,2,0,0,0,0,0,0,0,160,254,0,0,216,0,64,0,0,0,0,0,0,0,0,0,0,0,0,0,0,0,0,0,0,0,0,0,0,0,0,4,0,0
00979 features=347 size=9 p=5 tap=30 reset=false scheme=0 ops=3,3,3,3,3,0,0,3,0,1,0,3,3,3,0,0,3,3,3,0,0,0,3,3,3,3,0,3,3,0,0,3,0,3,3,3,0,3,3,3,3,3,3,3,0,0,3,3,3,0,3,0,3,0,3,0,0,3,3,0,3,0,3,3 ks=0,0,0,135,0,2,0,0,0,0,0,0,0,0,1,0,0,158,0,0,0,0,0,0,0,0,0,0,1,0,0,0,1,0,0,0,64,0,0,0,255,0,0,0,0,0,0,0,0,0,0,0,164,0,0,0,0,0,0,0,0,0,0,0
00980 features=467 size=10 p=10 tap=30 reset=false scheme=1 ops=3,3,2,3,3,0,0,3,0,0,0,3,3,3,3,3,3,3,3,3,0,0,3,3,3,3,0,3,3,0,2,3,0,3,3,3,0,3,0,3,3,3,3,0,0,0,3,3,3,0,3,0,3,0,0,0,0,3,3,0,3,3,3,2 ks=0,0,0,135,0,0,0,0,0,0,0,0,0,0,0,123,0,0,0,0,0,0,0,0,0,251,0,0,1,0,0,0,0,32,0,0,64,0,0,0,0,0,0,0,252,0,0,0,3,0,0,0,164,0,0,0,0,0,0,0,0,0,0,198
00981 features=681 size=13 p=5 tap=17 reset=true scheme=3 ops=2,3,1,2,1,2,1,3,2,0,0,1,1,3,2,1,3,3,1,3,3,3,3,3,3,3,3,1,3,2,0,3,2,2,2,3,2,3,2,3,3,3,0,2,2,1,1,1,1,1,1,1,3,1,0,3,0,0,0,1,3,3,3,2 ks=0,0,0,0,0,0,0,0,0,0,16,0,0,4,0,0,0,45,0,0,249,131,2,0,2,0,0,1,0,0,0,0,0,0,216,0,64,0,0,0,0,0,0,0,0,0,0,0,0,0,0,0,0,0,0,0,67,181,0,0,0,4,0,0
00982 features=666 size=9 p=5 tap=17 reset=true scheme=3 ops=3,3,3,1,0,1,3,3,3,0,0,0,1,3,0,0,1,2,3,3,0,3,3,3,0,3,3,0,3,3,0,3,3,0,3,3,2,1,3,0,3,3,2,0,3,3,3,3,0,0,0,3,3,3,3,3,3,3,3,3,3,3,3,3 ks=0,0,0,0,0,0,0,0,0,0,0,0,0,0,0,0,0,76,0,0,0,195,254,0,0,0,0,0,0,0,0,0,0,253,0,0,254,0,0,0,67,99,0,0,0,0,0,65,0,0,47,0,0,0,0,0,0,0,0,0,0,0,0,0
00983 features=632 size=11 p=5 tap=17 reset=true scheme=3 ops=2,3,1,2,1,2,1,1,2,2,1,1,1,3,2,1,3,3,2,3,3,3,3,3,3,3,3,1,3,1,1,3,1,2,1,2,3,3,2,3,2,2,1,3,1,1,3,1,1,1,1,1,3,1,2,3,3,1,3,3,3,3,3,2 ks=0,0,0,255,0,0,0,0,0,0,0,0,0,4,0,0,0,79,0,0,0,131,2,0,0,0,0,254,0,0,253,127,0,0,0,0,0,0,1,0,166,0,0,0,0,0,0,0,0,0,0,0,0,0,0,0,0,0,0,0,0,4,0,0
00984 features=666 size=9 p=5 tap=30 reset=true scheme=1 ops=3,3,3,3,3,0,0,3,0,0,0,3,3,3,3,3,3,2,3,0,3,3,3,3,3,3,0,1,3,0,0,3,0,3,3,3,0,3,3,3,3,3,0,0,2,1,1,1,1,1,1,1,1,1,0,3,0,3,3,0,3,3,3,3 ks=0,0,0,135,0,0,0,0,0,0,0,64,0,147,0,0,0,0,0,0,0,128,190,0,0,0,0,0,1,0,0,0,0,0,0,0,64,0,0,218,0,0,0,0,0,0,0,0,0,0,0,0,0,0,0,0,0,0,0,127,0,0,0,0
00985 features=184 size=9 p=5 tap=30 reset=false scheme=1 ops=3,3,1,3,1,3,1,3,3,3,1,3,3,1,3,3,3,3,3,3,1,1,3,3,3,3,3,3,3,3,1,3,1,1,3,3,3,3,1,3,3,3,3,3,1,3,3,3,3,1,3,3,1,1,3,3,3,3,3,1,3,3,3,3 ks=0,0,0,135,0,0,0,0,0,0,0,0,0,0,0,123,0,0,0,0,0,0,133,0,0,0,19,0,1,0,0,0,0,32,0,0,64,0,0,0,0,0,0,0,252,0,0,0,0,0,0,0,0,0,0,0,0,57,0,0,0,0,0,0
00986 features=802 size=13 p=5 tap=30 reset=true scheme=2 ops=3,2,3,2,1,2,2,3,2,0,0,3,0,3,3,3,3,3,3,3,3,3,3,3,3,3,0,3,3,0,0,3,0,3,3,3,0,3,3,3,3,3,1,0,0,0,3,3,3,0,0,0,3,2,3,0,0,3,3,0,3,3,3,3 ks=128,0,0,0,0,0,0,254,0,255,0,0,0,0,0,0,0,0,0,0,0,0,190,58,0,0,0,0,1,127,90,0,0,0,0,0,0,0,0,0,0,0,8,255,0,8,0,0,0,0,0,128,0,0,0,0,0,0,0,0,0,0,0,34
00987 features=621 size=6 p=5 tap=30 reset=true scheme=2 ops=3,2,3,2,1,2,2,2,2,0,0,3,3,3,3,3,3,3,3,1,3,3,3,3,3,3,0,3,3,0,0,3,0,3,3,3,0,3,3,3,3,3,3,0,0,0,3,3,3,0,0,1,3,0,3,0,0,3,3,0,3,3,3,3 ks=0,0,0,0,0,0,0,0,0,0,0,0,0,0,0,0,0,0,0,0,0,0,254,0,0,0,0,0,1,0,16,0,255,0,0,0,0,0,252,0,0,0,0,255,0,0,0,0,0,0,0,0,0,0,0,0,0,0,0,0,0,0,0,0
00988 features=317 size=9 p=5 tap=30 reset=false scheme=1 ops=3,2,3,2,3,2,2,2,2,0,0,3,3,3,3,3,3,3,3,3,3,3,3,3,3,3,0,3,3,0,0,3,0,3,3,3,0,3,1,3,3,3,3,2,0,0,1,1,3,3,0,0,3,0,2,0,0,3,3,0,3,3,3,3 ks=0,0,0,0,0,0,0,0,0,0,0,0,0,0,0,0,0,86,0,0,0,0,190,0,0,0,0,0,1,4,16,0,0,0,0,0,0,0,0,0,0,0,0,255,0,128,255,0,0,0,0,176,0,0,0,0,0,0,0,0,0,0,0,0
00989 features=590 size=17 p=5 tap=17 reset=true scheme=3 ops=2,3,1,3,3,3,2,3,3,2,2,1,1,3,2,1,1,3,2,3,3,3,3,3,2,3,3,1,3,1,1,3,3,3,3,0,3,0,0,0,0,3,0,0,2,1,1,1,1,1,1,1,1,1,0,3,0,0,1,1,1,1,3,1 ks=0,253,0,0,0,0,0,196,0,0,0,36,0,254,0,0,0,79,0,215,0,131,254,0,0,0,2,0,1,0,0,0,0,154,0,0,0,0,0,0,0,0,0,0,255,0,0,0,100,0,0,0,0,0,255,32,0,0,252,0,0,0,0,183
00990 features=369 size=11 p=5 tap=30 reset=false scheme=1 ops=3,3,2,3,3,0,0,3,0,0,0,3,3,3,3,3,3,3,3,3,0,0,3,3,3,3,0,3,3,0,2,3,0,3,3,3,0,3,0,3,3,3,3,0,0,0,3,3,3,0,3,0,3,0,3,0,0,3,3,0,3,3,3,3 ks=0,0,0,0,0,0,4,0,0,0,0,0,0,0,0,123,0,0,0,0,0,0,0,0,0,255,0,0,1,0,0,0,2,32,0,0,64,0,0,0,0,0,0,0,252,0,0,0,3,0,0,0,0,0,0,0,0,0,0,0,0,211,148,0
00991 features=750 size=14 p=5 tap=12 reset=true scheme=3 ops=0,0,3,3,3,0,3,3,3,3,0,0,0,3,0,0,3,2,3,3,3,3,3,3,1,3,3,3,3,0,0,3,3,3,3,0,3,0,0,3,2,3,0,0,3,0,3,3,1,0,1,3,3,1,0,3,0,0,0,0,0,3,3,3 ks=0,0,0,0,144,0,0,0,0,0,0,0,4,0,0,0,0,0,0,0,249,195,190,0,0,0,0,0,0,0,0,0,1,0,0,8,0,0,17,255,22,0,0,0,0,0,0,0,254,0,0,0,0,0,0,0,0,25,0,0,0,2,0,128
00992 features=495 size=9 p=5 tap=30 reset=false scheme=1 ops=3,3,2,3,3,0,0,3,0,0,0,3,3,3,0,0,3,3,3,3,0,0,3,3,3,3,0,3,3,0,2,3,0,3,3,3,0,3,0,3,3,3,3,0,0,0,3,3,3,0,3,0,3,0,3,0,0,3,3,0,3,3,3,2 ks=0,0,0,135,0,0,0,3,0,0,0,0,0,0,0,0,0,0,0,0,0,0,0,0,0,251,0,0,1,0,0,0,0,32,0,0,64,0,0,0,0,0,0,0,252,0,0,0,3,0,0,0,164,0,0,0,0,0,0,0,0,0,0,0
00993 features=812 size=18 p=5 tap=17 reset=true scheme=3 ops=3,3,3,1,0,0,3,3,3,0,0,0,3,3,0,0,1,2,3,3,0,3,3,3,0,3,3,3,3,2,0,3,2,2,3,0,0,3,2,0,2,3,0,0,3,3,3,3,0,0,0,0,0,2,0,3,3,0,0,0,3,3,3,3 ks=0,0,0,0,0,0,0,128,0,0,0,0,0,0,0,49,0,76,0,0,0,127,254,0,0,0,0,0,238,0,0,0,0,0,254,1,0,0,45,0,20,99,0,0,0,0,0,65,0,0,0,16,64,255,0,0,0,25,253,0,114,0,0,0
