
 /----------------------------------------------------------------------------\
 |  yosys -- Yosys Open SYnthesis Suite                                       |
 |  Copyright (C) 2012 - 2026  Claire Xenia Wolf <claire@yosyshq.com>         |
 |  Distributed under an ISC-like license, type "license" to see terms        |
 \----------------------------------------------------------------------------/
 Yosys 0.69+77 (git sha1 9ff27d29c-dirty, Release, Clang /usr/bin/clang++ 21.1.8)

-- Running command `read_verilog -DEMU_HDMI -DHDMI_DDR /home/matthias/prog/janestreet/emulator-wt-hdmi-ulx3s/prototypes/fpga-ulx3s/rtl/ulx3s_top.v /home/matthias/prog/janestreet/emulator-wt-hdmi-ulx3s/prototypes/fpga-ulx3s/rtl/emu_core.v /home/matthias/prog/janestreet/emulator-wt-hdmi-ulx3s/prototypes/fpga-ulx3s/rtl/pll_60_48.v /home/matthias/prog/janestreet/emulator-wt-hdmi-ulx3s/prototypes/fpga-ulx3s/rtl/gen/deadline_sequencer.v /home/matthias/prog/janestreet/emulator-wt-hdmi-ulx3s/prototypes/fpga-ulx3s/rtl/gen/pin_streamer.v /home/matthias/prog/janestreet/emulator-wt-hdmi-ulx3s/prototypes/fpga-ulx3s/rtl/gen/pin_sampler.v /home/matthias/prog/janestreet/emulator-wt-hdmi-ulx3s/prototypes/fpga-ulx3s/rtl/gen/usb_fs_device.v /home/matthias/prog/janestreet/emulator-wt-hdmi-ulx3s/prototypes/fpga-ulx3s/../hdmi-ulx3s/rtl/hdmi_out.v /home/matthias/prog/janestreet/emulator-wt-hdmi-ulx3s/prototypes/fpga-ulx3s/../hdmi-ulx3s/rtl/pll_ddr.v /home/matthias/prog/janestreet/emulator-wt-hdmi-ulx3s/prototypes/fpga-ulx3s/../hdmi-ulx3s/rtl/gen/hdmi_pixel.v /home/matthias/prog/janestreet/emulator-wt-hdmi-ulx3s/prototypes/fpga-ulx3s/../hdmi-ulx3s/rtl/gen/hdmi_serial_ddr.v; synth_ecp5 -top ulx3s_top -json /var/tmp/fpga-ulx3s/build-hdmi/ulx3s_hdmi.json; tee -o /home/matthias/prog/janestreet/emulator-wt-hdmi-ulx3s/prototypes/fpga-ulx3s/reports/hdmi/yosys-stat.txt stat' --

1. Executing Verilog-2005 frontend: /home/matthias/prog/janestreet/emulator-wt-hdmi-ulx3s/prototypes/fpga-ulx3s/rtl/ulx3s_top.v
Parsing Verilog input from `/home/matthias/prog/janestreet/emulator-wt-hdmi-ulx3s/prototypes/fpga-ulx3s/rtl/ulx3s_top.v' to AST representation.
/home/matthias/prog/janestreet/emulator-wt-hdmi-ulx3s/prototypes/fpga-ulx3s/rtl/ulx3s_top.v:114: Warning: Yosys has only limited support for tri-state logic at the moment.
/home/matthias/prog/janestreet/emulator-wt-hdmi-ulx3s/prototypes/fpga-ulx3s/rtl/ulx3s_top.v:117: Warning: Yosys has only limited support for tri-state logic at the moment.
/home/matthias/prog/janestreet/emulator-wt-hdmi-ulx3s/prototypes/fpga-ulx3s/rtl/ulx3s_top.v:135: Warning: Yosys has only limited support for tri-state logic at the moment.
/home/matthias/prog/janestreet/emulator-wt-hdmi-ulx3s/prototypes/fpga-ulx3s/rtl/ulx3s_top.v:136: Warning: Yosys has only limited support for tri-state logic at the moment.
/home/matthias/prog/janestreet/emulator-wt-hdmi-ulx3s/prototypes/fpga-ulx3s/rtl/ulx3s_top.v:146: Warning: Yosys has only limited support for tri-state logic at the moment.
/home/matthias/prog/janestreet/emulator-wt-hdmi-ulx3s/prototypes/fpga-ulx3s/rtl/ulx3s_top.v:147: Warning: Yosys has only limited support for tri-state logic at the moment.
/home/matthias/prog/janestreet/emulator-wt-hdmi-ulx3s/prototypes/fpga-ulx3s/rtl/ulx3s_top.v:149: Warning: Yosys has only limited support for tri-state logic at the moment.
/home/matthias/prog/janestreet/emulator-wt-hdmi-ulx3s/prototypes/fpga-ulx3s/rtl/ulx3s_top.v:150: Warning: Yosys has only limited support for tri-state logic at the moment.
Generating RTLIL representation for module `\ulx3s_top'.
Successfully finished Verilog frontend.

2. Executing Verilog-2005 frontend: /home/matthias/prog/janestreet/emulator-wt-hdmi-ulx3s/prototypes/fpga-ulx3s/rtl/emu_core.v
Parsing Verilog input from `/home/matthias/prog/janestreet/emulator-wt-hdmi-ulx3s/prototypes/fpga-ulx3s/rtl/emu_core.v' to AST representation.
Generating RTLIL representation for module `\emu_uart_rx'.
Generating RTLIL representation for module `\emu_uart_tx'.
Generating RTLIL representation for module `\emu_core'.
Successfully finished Verilog frontend.

3. Executing Verilog-2005 frontend: /home/matthias/prog/janestreet/emulator-wt-hdmi-ulx3s/prototypes/fpga-ulx3s/rtl/pll_60_48.v
Parsing Verilog input from `/home/matthias/prog/janestreet/emulator-wt-hdmi-ulx3s/prototypes/fpga-ulx3s/rtl/pll_60_48.v' to AST representation.
Generating RTLIL representation for module `\pll_60_48'.
Successfully finished Verilog frontend.

4. Executing Verilog-2005 frontend: /home/matthias/prog/janestreet/emulator-wt-hdmi-ulx3s/prototypes/fpga-ulx3s/rtl/gen/deadline_sequencer.v
Parsing Verilog input from `/home/matthias/prog/janestreet/emulator-wt-hdmi-ulx3s/prototypes/fpga-ulx3s/rtl/gen/deadline_sequencer.v' to AST representation.
Generating RTLIL representation for module `\deadline_sequencer'.
Successfully finished Verilog frontend.

5. Executing Verilog-2005 frontend: /home/matthias/prog/janestreet/emulator-wt-hdmi-ulx3s/prototypes/fpga-ulx3s/rtl/gen/pin_streamer.v
Parsing Verilog input from `/home/matthias/prog/janestreet/emulator-wt-hdmi-ulx3s/prototypes/fpga-ulx3s/rtl/gen/pin_streamer.v' to AST representation.
Generating RTLIL representation for module `\pin_streamer'.
Successfully finished Verilog frontend.

6. Executing Verilog-2005 frontend: /home/matthias/prog/janestreet/emulator-wt-hdmi-ulx3s/prototypes/fpga-ulx3s/rtl/gen/pin_sampler.v
Parsing Verilog input from `/home/matthias/prog/janestreet/emulator-wt-hdmi-ulx3s/prototypes/fpga-ulx3s/rtl/gen/pin_sampler.v' to AST representation.
Generating RTLIL representation for module `\pin_sampler'.
Successfully finished Verilog frontend.

7. Executing Verilog-2005 frontend: /home/matthias/prog/janestreet/emulator-wt-hdmi-ulx3s/prototypes/fpga-ulx3s/rtl/gen/usb_fs_device.v
Parsing Verilog input from `/home/matthias/prog/janestreet/emulator-wt-hdmi-ulx3s/prototypes/fpga-ulx3s/rtl/gen/usb_fs_device.v' to AST representation.
Generating RTLIL representation for module `\usb_fs_device'.
Successfully finished Verilog frontend.

8. Executing Verilog-2005 frontend: /home/matthias/prog/janestreet/emulator-wt-hdmi-ulx3s/prototypes/fpga-ulx3s/../hdmi-ulx3s/rtl/hdmi_out.v
Parsing Verilog input from `/home/matthias/prog/janestreet/emulator-wt-hdmi-ulx3s/prototypes/fpga-ulx3s/../hdmi-ulx3s/rtl/hdmi_out.v' to AST representation.
Generating RTLIL representation for module `\hdmi_out'.
Successfully finished Verilog frontend.

9. Executing Verilog-2005 frontend: /home/matthias/prog/janestreet/emulator-wt-hdmi-ulx3s/prototypes/fpga-ulx3s/../hdmi-ulx3s/rtl/pll_ddr.v
Parsing Verilog input from `/home/matthias/prog/janestreet/emulator-wt-hdmi-ulx3s/prototypes/fpga-ulx3s/../hdmi-ulx3s/rtl/pll_ddr.v' to AST representation.
Generating RTLIL representation for module `\pll_hdmi_ddr'.
Successfully finished Verilog frontend.

10. Executing Verilog-2005 frontend: /home/matthias/prog/janestreet/emulator-wt-hdmi-ulx3s/prototypes/fpga-ulx3s/../hdmi-ulx3s/rtl/gen/hdmi_pixel.v
Parsing Verilog input from `/home/matthias/prog/janestreet/emulator-wt-hdmi-ulx3s/prototypes/fpga-ulx3s/../hdmi-ulx3s/rtl/gen/hdmi_pixel.v' to AST representation.
Generating RTLIL representation for module `\hdmi_pixel'.
Successfully finished Verilog frontend.

11. Executing Verilog-2005 frontend: /home/matthias/prog/janestreet/emulator-wt-hdmi-ulx3s/prototypes/fpga-ulx3s/../hdmi-ulx3s/rtl/gen/hdmi_serial_ddr.v
Parsing Verilog input from `/home/matthias/prog/janestreet/emulator-wt-hdmi-ulx3s/prototypes/fpga-ulx3s/../hdmi-ulx3s/rtl/gen/hdmi_serial_ddr.v' to AST representation.
Generating RTLIL representation for module `\hdmi_serial_ddr'.
Successfully finished Verilog frontend.

12. Executing SYNTH_LATTICE pass.

12.1. Executing Verilog-2005 frontend: /home/matthias/prog/janestreet/fabulous-notes/oss-cad-suite/lib/../share/yosys/lattice/cells_sim_ecp5.v
Parsing Verilog input from `/home/matthias/prog/janestreet/fabulous-notes/oss-cad-suite/lib/../share/yosys/lattice/cells_sim_ecp5.v' to AST representation.
Generating RTLIL representation for module `\LUT4'.
Generating RTLIL representation for module `\$__ABC9_LUT5'.
Generating RTLIL representation for module `\$__ABC9_LUT6'.
Generating RTLIL representation for module `\$__ABC9_LUT7'.
Generating RTLIL representation for module `\L6MUX21'.
Generating RTLIL representation for module `\TRELLIS_RAM16X2'.
Generating RTLIL representation for module `\PFUMX'.
Generating RTLIL representation for module `\TRELLIS_DPR16X4'.
Generating RTLIL representation for module `\DPR16X4C'.
Generating RTLIL representation for module `\LUT2'.
Generating RTLIL representation for module `\TRELLIS_FF'.
Generating RTLIL representation for module `\TRELLIS_IO'.
Generating RTLIL representation for module `\INV'.
Generating RTLIL representation for module `\TRELLIS_COMB'.
Generating RTLIL representation for module `\VLO'.
Generating RTLIL representation for module `\VHI'.
Generating RTLIL representation for module `\FD1P3AX'.
Generating RTLIL representation for module `\FD1P3AY'.
Generating RTLIL representation for module `\FD1P3BX'.
Generating RTLIL representation for module `\FD1P3DX'.
Generating RTLIL representation for module `\FD1P3IX'.
Generating RTLIL representation for module `\FD1P3JX'.
Generating RTLIL representation for module `\FD1S3AX'.
Generating RTLIL representation for module `\FD1S3AY'.
Generating RTLIL representation for module `\FD1S3BX'.
Generating RTLIL representation for module `\FD1S3DX'.
Generating RTLIL representation for module `\FD1S3IX'.
Generating RTLIL representation for module `\FD1S3JX'.
Generating RTLIL representation for module `\IFS1P3BX'.
Generating RTLIL representation for module `\IFS1P3DX'.
Generating RTLIL representation for module `\IFS1P3IX'.
Generating RTLIL representation for module `\IFS1P3JX'.
Generating RTLIL representation for module `\OFS1P3BX'.
Generating RTLIL representation for module `\OFS1P3DX'.
Generating RTLIL representation for module `\OFS1P3IX'.
Generating RTLIL representation for module `\OFS1P3JX'.
Generating RTLIL representation for module `\IB'.
Generating RTLIL representation for module `\IBPU'.
Generating RTLIL representation for module `\IBPD'.
Generating RTLIL representation for module `\OB'.
Generating RTLIL representation for module `\OBZ'.
Generating RTLIL representation for module `\OBZPU'.
Generating RTLIL representation for module `\OBZPD'.
Generating RTLIL representation for module `\OBCO'.
Generating RTLIL representation for module `\BB'.
Generating RTLIL representation for module `\BBPU'.
Generating RTLIL representation for module `\BBPD'.
Generating RTLIL representation for module `\ILVDS'.
Generating RTLIL representation for module `\OLVDS'.
Generating RTLIL representation for module `\CCU2C'.
Generating RTLIL representation for module `\DP16KD'.
Replacing existing blackbox module `\FD1P3AX' at /home/matthias/prog/janestreet/fabulous-notes/oss-cad-suite/lib/../share/yosys/lattice/cells_ff.vh:2.1-2.261.
Generating RTLIL representation for module `\FD1P3AX'.
Replacing existing blackbox module `\FD1P3AY' at /home/matthias/prog/janestreet/fabulous-notes/oss-cad-suite/lib/../share/yosys/lattice/cells_ff.vh:3.1-3.261.
Generating RTLIL representation for module `\FD1P3AY'.
Replacing existing blackbox module `\FD1P3BX' at /home/matthias/prog/janestreet/fabulous-notes/oss-cad-suite/lib/../share/yosys/lattice/cells_ff.vh:4.1-4.261.
Generating RTLIL representation for module `\FD1P3BX'.
Replacing existing blackbox module `\FD1P3DX' at /home/matthias/prog/janestreet/fabulous-notes/oss-cad-suite/lib/../share/yosys/lattice/cells_ff.vh:5.1-5.261.
Generating RTLIL representation for module `\FD1P3DX'.
Replacing existing blackbox module `\FD1P3IX' at /home/matthias/prog/janestreet/fabulous-notes/oss-cad-suite/lib/../share/yosys/lattice/cells_ff.vh:6.1-6.261.
Generating RTLIL representation for module `\FD1P3IX'.
Replacing existing blackbox module `\FD1P3JX' at /home/matthias/prog/janestreet/fabulous-notes/oss-cad-suite/lib/../share/yosys/lattice/cells_ff.vh:7.1-7.261.
Generating RTLIL representation for module `\FD1P3JX'.
Replacing existing blackbox module `\FD1S3AX' at /home/matthias/prog/janestreet/fabulous-notes/oss-cad-suite/lib/../share/yosys/lattice/cells_ff.vh:8.1-8.261.
Generating RTLIL representation for module `\FD1S3AX'.
Replacing existing blackbox module `\FD1S3AY' at /home/matthias/prog/janestreet/fabulous-notes/oss-cad-suite/lib/../share/yosys/lattice/cells_ff.vh:9.1-9.261.
Generating RTLIL representation for module `\FD1S3AY'.
Replacing existing blackbox module `\FD1S3BX' at /home/matthias/prog/janestreet/fabulous-notes/oss-cad-suite/lib/../share/yosys/lattice/cells_ff.vh:10.1-10.261.
Generating RTLIL representation for module `\FD1S3BX'.
Replacing existing blackbox module `\FD1S3DX' at /home/matthias/prog/janestreet/fabulous-notes/oss-cad-suite/lib/../share/yosys/lattice/cells_ff.vh:11.1-11.261.
Generating RTLIL representation for module `\FD1S3DX'.
Replacing existing blackbox module `\FD1S3IX' at /home/matthias/prog/janestreet/fabulous-notes/oss-cad-suite/lib/../share/yosys/lattice/cells_ff.vh:12.1-12.261.
Generating RTLIL representation for module `\FD1S3IX'.
Replacing existing blackbox module `\FD1S3JX' at /home/matthias/prog/janestreet/fabulous-notes/oss-cad-suite/lib/../share/yosys/lattice/cells_ff.vh:13.1-13.261.
Generating RTLIL representation for module `\FD1S3JX'.
Replacing existing blackbox module `\IFS1P3BX' at /home/matthias/prog/janestreet/fabulous-notes/oss-cad-suite/lib/../share/yosys/lattice/cells_ff.vh:26.1-26.301.
Generating RTLIL representation for module `\IFS1P3BX'.
Replacing existing blackbox module `\IFS1P3DX' at /home/matthias/prog/janestreet/fabulous-notes/oss-cad-suite/lib/../share/yosys/lattice/cells_ff.vh:27.1-27.301.
Generating RTLIL representation for module `\IFS1P3DX'.
Replacing existing blackbox module `\IFS1P3IX' at /home/matthias/prog/janestreet/fabulous-notes/oss-cad-suite/lib/../share/yosys/lattice/cells_ff.vh:28.1-28.301.
Generating RTLIL representation for module `\IFS1P3IX'.
Replacing existing blackbox module `\IFS1P3JX' at /home/matthias/prog/janestreet/fabulous-notes/oss-cad-suite/lib/../share/yosys/lattice/cells_ff.vh:29.1-29.301.
Generating RTLIL representation for module `\IFS1P3JX'.
Replacing existing blackbox module `\OFS1P3BX' at /home/matthias/prog/janestreet/fabulous-notes/oss-cad-suite/lib/../share/yosys/lattice/cells_ff.vh:31.1-31.302.
Generating RTLIL representation for module `\OFS1P3BX'.
Replacing existing blackbox module `\OFS1P3DX' at /home/matthias/prog/janestreet/fabulous-notes/oss-cad-suite/lib/../share/yosys/lattice/cells_ff.vh:32.1-32.302.
Generating RTLIL representation for module `\OFS1P3DX'.
Replacing existing blackbox module `\OFS1P3IX' at /home/matthias/prog/janestreet/fabulous-notes/oss-cad-suite/lib/../share/yosys/lattice/cells_ff.vh:33.1-33.302.
Generating RTLIL representation for module `\OFS1P3IX'.
Replacing existing blackbox module `\OFS1P3JX' at /home/matthias/prog/janestreet/fabulous-notes/oss-cad-suite/lib/../share/yosys/lattice/cells_ff.vh:34.1-34.302.
Generating RTLIL representation for module `\OFS1P3JX'.
Replacing existing blackbox module `\IB' at /home/matthias/prog/janestreet/fabulous-notes/oss-cad-suite/lib/../share/yosys/lattice/cells_io.vh:2.1-2.157.
Generating RTLIL representation for module `\IB'.
Replacing existing blackbox module `\IBPU' at /home/matthias/prog/janestreet/fabulous-notes/oss-cad-suite/lib/../share/yosys/lattice/cells_io.vh:3.1-3.157.
Generating RTLIL representation for module `\IBPU'.
Replacing existing blackbox module `\IBPD' at /home/matthias/prog/janestreet/fabulous-notes/oss-cad-suite/lib/../share/yosys/lattice/cells_io.vh:4.1-4.157.
Generating RTLIL representation for module `\IBPD'.
Replacing existing blackbox module `\OB' at /home/matthias/prog/janestreet/fabulous-notes/oss-cad-suite/lib/../share/yosys/lattice/cells_io.vh:5.1-5.157.
Generating RTLIL representation for module `\OB'.
Replacing existing blackbox module `\OBZ' at /home/matthias/prog/janestreet/fabulous-notes/oss-cad-suite/lib/../share/yosys/lattice/cells_io.vh:6.1-6.164.
Generating RTLIL representation for module `\OBZ'.
Replacing existing blackbox module `\OBZPU' at /home/matthias/prog/janestreet/fabulous-notes/oss-cad-suite/lib/../share/yosys/lattice/cells_io.vh:7.1-7.164.
Generating RTLIL representation for module `\OBZPU'.
Replacing existing blackbox module `\OBZPD' at /home/matthias/prog/janestreet/fabulous-notes/oss-cad-suite/lib/../share/yosys/lattice/cells_io.vh:8.1-8.164.
Generating RTLIL representation for module `\OBZPD'.
Replacing existing blackbox module `\OBCO' at /home/matthias/prog/janestreet/fabulous-notes/oss-cad-suite/lib/../share/yosys/lattice/cells_io.vh:9.1-9.90.
Generating RTLIL representation for module `\OBCO'.
Replacing existing blackbox module `\BB' at /home/matthias/prog/janestreet/fabulous-notes/oss-cad-suite/lib/../share/yosys/lattice/cells_io.vh:10.1-10.179.
Generating RTLIL representation for module `\BB'.
Replacing existing blackbox module `\BBPU' at /home/matthias/prog/janestreet/fabulous-notes/oss-cad-suite/lib/../share/yosys/lattice/cells_io.vh:11.1-11.179.
Generating RTLIL representation for module `\BBPU'.
Replacing existing blackbox module `\BBPD' at /home/matthias/prog/janestreet/fabulous-notes/oss-cad-suite/lib/../share/yosys/lattice/cells_io.vh:12.1-12.179.
Generating RTLIL representation for module `\BBPD'.
Replacing existing blackbox module `\ILVDS' at /home/matthias/prog/janestreet/fabulous-notes/oss-cad-suite/lib/../share/yosys/lattice/cells_io.vh:13.1-13.139.
Generating RTLIL representation for module `\ILVDS'.
Replacing existing blackbox module `\OLVDS' at /home/matthias/prog/janestreet/fabulous-notes/oss-cad-suite/lib/../share/yosys/lattice/cells_io.vh:14.1-14.146.
Generating RTLIL representation for module `\OLVDS'.
Successfully finished Verilog frontend.

12.2. Executing Verilog-2005 frontend: /home/matthias/prog/janestreet/fabulous-notes/oss-cad-suite/lib/../share/yosys/lattice/cells_bb_ecp5.v
Parsing Verilog input from `/home/matthias/prog/janestreet/fabulous-notes/oss-cad-suite/lib/../share/yosys/lattice/cells_bb_ecp5.v' to AST representation.
Generating RTLIL representation for module `\GSR'.
Generating RTLIL representation for module `\PUR'.
Generating RTLIL representation for module `\SGSR'.
Generating RTLIL representation for module `\PDPW16KD'.
Generating RTLIL representation for module `\MULT18X18D'.
Generating RTLIL representation for module `\ALU54B'.
Generating RTLIL representation for module `\CLKDIVF'.
Generating RTLIL representation for module `\PCSCLKDIV'.
Generating RTLIL representation for module `\DCSC'.
Generating RTLIL representation for module `\DCCA'.
Generating RTLIL representation for module `\ECLKSYNCB'.
Generating RTLIL representation for module `\ECLKBRIDGECS'.
Generating RTLIL representation for module `\DELAYF'.
Generating RTLIL representation for module `\DELAYG'.
Generating RTLIL representation for module `\USRMCLK'.
Generating RTLIL representation for module `\DQSBUFM'.
Generating RTLIL representation for module `\DDRDLLA'.
Generating RTLIL representation for module `\DLLDELD'.
Generating RTLIL representation for module `\IDDRX1F'.
Generating RTLIL representation for module `\IDDRX2F'.
Generating RTLIL representation for module `\IDDR71B'.
Generating RTLIL representation for module `\IDDRX2DQA'.
Generating RTLIL representation for module `\ODDRX1F'.
Generating RTLIL representation for module `\ODDRX2F'.
Generating RTLIL representation for module `\ODDR71B'.
Generating RTLIL representation for module `\OSHX2A'.
Generating RTLIL representation for module `\TSHX2DQA'.
Generating RTLIL representation for module `\TSHX2DQSA'.
Generating RTLIL representation for module `\ODDRX2DQA'.
Generating RTLIL representation for module `\ODDRX2DQSB'.
Generating RTLIL representation for module `\EHXPLLL'.
Generating RTLIL representation for module `\DTR'.
Generating RTLIL representation for module `\OSCG'.
Generating RTLIL representation for module `\EXTREFB'.
Generating RTLIL representation for module `\JTAGG'.
Generating RTLIL representation for module `\DCUA'.
Successfully finished Verilog frontend.

12.3. Executing HIERARCHY pass (managing design hierarchy).

12.3.1. Analyzing design hierarchy..
Top module:  \ulx3s_top
Used module:     \usb_fs_device
Used module:     \emu_core
Used module:         \pin_sampler
Used module:         \pin_streamer
Used module:         \deadline_sequencer
Used module:         \emu_uart_tx
Used module:         \emu_uart_rx
Used module:     \hdmi_out
Used module:         \hdmi_serial_ddr
Used module:         \hdmi_pixel
Used module:         \pll_hdmi_ddr
Used module:     \pll_60_48
Parameter \CLKS_PER_BIT = 60
Parameter \TRACE_AW = 11

12.3.2. Executing AST frontend in derive mode using pre-parsed AST for module `\emu_core'.
Parameter \CLKS_PER_BIT = 60
Parameter \TRACE_AW = 11
Generating RTLIL representation for module `$paramod$f0f0fce572715f47581e5f423d1d26af564f4623\emu_core'.
Parameter \CLKS_PER_BIT = 60

12.3.3. Executing AST frontend in derive mode using pre-parsed AST for module `\emu_uart_tx'.
Parameter \CLKS_PER_BIT = 60
Generating RTLIL representation for module `$paramod\emu_uart_tx\CLKS_PER_BIT=s32'00000000000000000000000000111100'.
Parameter \CLKS_PER_BIT = 60

12.3.4. Executing AST frontend in derive mode using pre-parsed AST for module `\emu_uart_rx'.
Parameter \CLKS_PER_BIT = 60
Generating RTLIL representation for module `$paramod\emu_uart_rx\CLKS_PER_BIT=s32'00000000000000000000000000111100'.
Reprocessing module emu_core because instantiated module pin_sampler has become available.
Generating RTLIL representation for module `\emu_core'.

12.3.5. Analyzing design hierarchy..
Top module:  \ulx3s_top
Used module:     \usb_fs_device
Used module:     $paramod$f0f0fce572715f47581e5f423d1d26af564f4623\emu_core
Used module:         \pin_sampler
Used module:         \pin_streamer
Used module:         \deadline_sequencer
Used module:         \emu_uart_tx
Used module:         \emu_uart_rx
Used module:     \hdmi_out
Used module:         \hdmi_serial_ddr
Used module:         \hdmi_pixel
Used module:         \pll_hdmi_ddr
Used module:     \pll_60_48
Parameter \CLKS_PER_BIT = 60
Found cached RTLIL representation for module `$paramod\emu_uart_tx\CLKS_PER_BIT=s32'00000000000000000000000000111100'.
Parameter \CLKS_PER_BIT = 60
Found cached RTLIL representation for module `$paramod\emu_uart_rx\CLKS_PER_BIT=s32'00000000000000000000000000111100'.
Reprocessing module $paramod$f0f0fce572715f47581e5f423d1d26af564f4623\emu_core because instantiated module $paramod\emu_uart_tx\CLKS_PER_BIT=s32'00000000000000000000000000111100 has become available.
Generating RTLIL representation for module `$paramod$f0f0fce572715f47581e5f423d1d26af564f4623\emu_core'.

12.3.6. Analyzing design hierarchy..
Top module:  \ulx3s_top
Used module:     \usb_fs_device
Used module:     $paramod$f0f0fce572715f47581e5f423d1d26af564f4623\emu_core
Used module:         \pin_sampler
Used module:         \pin_streamer
Used module:         \deadline_sequencer
Used module:         \emu_uart_tx
Used module:         \emu_uart_rx
Used module:     \hdmi_out
Used module:         \hdmi_serial_ddr
Used module:         \hdmi_pixel
Used module:         \pll_hdmi_ddr
Used module:     \pll_60_48
Parameter \CLKS_PER_BIT = 60
Found cached RTLIL representation for module `$paramod\emu_uart_tx\CLKS_PER_BIT=s32'00000000000000000000000000111100'.
Parameter \CLKS_PER_BIT = 60
Found cached RTLIL representation for module `$paramod\emu_uart_rx\CLKS_PER_BIT=s32'00000000000000000000000000111100'.

12.3.7. Analyzing design hierarchy..
Top module:  \ulx3s_top
Used module:     \usb_fs_device
Used module:     $paramod$f0f0fce572715f47581e5f423d1d26af564f4623\emu_core
Used module:         \pin_sampler
Used module:         \pin_streamer
Used module:         \deadline_sequencer
Used module:         $paramod\emu_uart_tx\CLKS_PER_BIT=s32'00000000000000000000000000111100
Used module:         $paramod\emu_uart_rx\CLKS_PER_BIT=s32'00000000000000000000000000111100
Used module:     \hdmi_out
Used module:         \hdmi_serial_ddr
Used module:         \hdmi_pixel
Used module:         \pll_hdmi_ddr
Used module:     \pll_60_48

12.3.8. Analyzing design hierarchy..
Top module:  \ulx3s_top
Used module:     \usb_fs_device
Used module:     $paramod$f0f0fce572715f47581e5f423d1d26af564f4623\emu_core
Used module:         \pin_sampler
Used module:         \pin_streamer
Used module:         \deadline_sequencer
Used module:         $paramod\emu_uart_tx\CLKS_PER_BIT=s32'00000000000000000000000000111100
Used module:         $paramod\emu_uart_rx\CLKS_PER_BIT=s32'00000000000000000000000000111100
Used module:     \hdmi_out
Used module:         \hdmi_serial_ddr
Used module:         \hdmi_pixel
Used module:         \pll_hdmi_ddr
Used module:     \pll_60_48
Removing unused module `\emu_core'.
Removing unused module `\emu_uart_tx'.
Removing unused module `\emu_uart_rx'.
Removed 3 unused modules.

12.4. Executing PROC pass (convert processes to netlists).

12.4.1. Executing PROC_CLEAN pass (remove empty switches from decision trees).
Cleaned up 0 empty switches.

12.4.2. Executing PROC_RMDEAD pass (remove dead branches from decision trees).
Marked 1 switch rules as full_case in process $proc$/home/matthias/prog/janestreet/emulator-wt-hdmi-ulx3s/prototypes/fpga-ulx3s/../hdmi-ulx3s/rtl/gen/hdmi_serial_ddr.v:243$2213 in module hdmi_serial_ddr.
Marked 1 switch rules as full_case in process $proc$/home/matthias/prog/janestreet/emulator-wt-hdmi-ulx3s/prototypes/fpga-ulx3s/../hdmi-ulx3s/rtl/gen/hdmi_serial_ddr.v:236$2211 in module hdmi_serial_ddr.
Marked 1 switch rules as full_case in process $proc$/home/matthias/prog/janestreet/emulator-wt-hdmi-ulx3s/prototypes/fpga-ulx3s/../hdmi-ulx3s/rtl/gen/hdmi_serial_ddr.v:228$2209 in module hdmi_serial_ddr.
Marked 1 switch rules as full_case in process $proc$/home/matthias/prog/janestreet/emulator-wt-hdmi-ulx3s/prototypes/fpga-ulx3s/../hdmi-ulx3s/rtl/gen/hdmi_serial_ddr.v:220$2206 in module hdmi_serial_ddr.
Marked 1 switch rules as full_case in process $proc$/home/matthias/prog/janestreet/emulator-wt-hdmi-ulx3s/prototypes/fpga-ulx3s/../hdmi-ulx3s/rtl/gen/hdmi_serial_ddr.v:214$2205 in module hdmi_serial_ddr.
Marked 1 switch rules as full_case in process $proc$/home/matthias/prog/janestreet/emulator-wt-hdmi-ulx3s/prototypes/fpga-ulx3s/../hdmi-ulx3s/rtl/gen/hdmi_serial_ddr.v:207$2204 in module hdmi_serial_ddr.
Marked 1 switch rules as full_case in process $proc$/home/matthias/prog/janestreet/emulator-wt-hdmi-ulx3s/prototypes/fpga-ulx3s/../hdmi-ulx3s/rtl/gen/hdmi_serial_ddr.v:199$2202 in module hdmi_serial_ddr.
Marked 1 switch rules as full_case in process $proc$/home/matthias/prog/janestreet/emulator-wt-hdmi-ulx3s/prototypes/fpga-ulx3s/../hdmi-ulx3s/rtl/gen/hdmi_serial_ddr.v:180$2196 in module hdmi_serial_ddr.
Marked 1 switch rules as full_case in process $proc$/home/matthias/prog/janestreet/emulator-wt-hdmi-ulx3s/prototypes/fpga-ulx3s/../hdmi-ulx3s/rtl/gen/hdmi_serial_ddr.v:168$2194 in module hdmi_serial_ddr.
Marked 1 switch rules as full_case in process $proc$/home/matthias/prog/janestreet/emulator-wt-hdmi-ulx3s/prototypes/fpga-ulx3s/../hdmi-ulx3s/rtl/gen/hdmi_serial_ddr.v:156$2192 in module hdmi_serial_ddr.
Marked 1 switch rules as full_case in process $proc$/home/matthias/prog/janestreet/emulator-wt-hdmi-ulx3s/prototypes/fpga-ulx3s/../hdmi-ulx3s/rtl/gen/hdmi_serial_ddr.v:142$2190 in module hdmi_serial_ddr.
Marked 1 switch rules as full_case in process $proc$/home/matthias/prog/janestreet/emulator-wt-hdmi-ulx3s/prototypes/fpga-ulx3s/../hdmi-ulx3s/rtl/gen/hdmi_serial_ddr.v:125$2181 in module hdmi_serial_ddr.
Marked 1 switch rules as full_case in process $proc$/home/matthias/prog/janestreet/emulator-wt-hdmi-ulx3s/prototypes/fpga-ulx3s/../hdmi-ulx3s/rtl/gen/hdmi_serial_ddr.v:118$2179 in module hdmi_serial_ddr.
Marked 1 switch rules as full_case in process $proc$/home/matthias/prog/janestreet/emulator-wt-hdmi-ulx3s/prototypes/fpga-ulx3s/../hdmi-ulx3s/rtl/gen/hdmi_serial_ddr.v:110$2177 in module hdmi_serial_ddr.
Marked 1 switch rules as full_case in process $proc$/home/matthias/prog/janestreet/emulator-wt-hdmi-ulx3s/prototypes/fpga-ulx3s/../hdmi-ulx3s/rtl/gen/hdmi_pixel.v:1354$2174 in module hdmi_pixel.
Marked 1 switch rules as full_case in process $proc$/home/matthias/prog/janestreet/emulator-wt-hdmi-ulx3s/prototypes/fpga-ulx3s/../hdmi-ulx3s/rtl/gen/hdmi_pixel.v:1347$2172 in module hdmi_pixel.
Marked 1 switch rules as full_case in process $proc$/home/matthias/prog/janestreet/emulator-wt-hdmi-ulx3s/prototypes/fpga-ulx3s/../hdmi-ulx3s/rtl/gen/hdmi_pixel.v:1338$2169 in module hdmi_pixel.
Marked 1 switch rules as full_case in process $proc$/home/matthias/prog/janestreet/emulator-wt-hdmi-ulx3s/prototypes/fpga-ulx3s/../hdmi-ulx3s/rtl/gen/hdmi_pixel.v:1324$2164 in module hdmi_pixel.
Marked 1 switch rules as full_case in process $proc$/home/matthias/prog/janestreet/emulator-wt-hdmi-ulx3s/prototypes/fpga-ulx3s/../hdmi-ulx3s/rtl/gen/hdmi_pixel.v:1306$2159 in module hdmi_pixel.
Marked 1 switch rules as full_case in process $proc$/home/matthias/prog/janestreet/emulator-wt-hdmi-ulx3s/prototypes/fpga-ulx3s/../hdmi-ulx3s/rtl/gen/hdmi_pixel.v:1298$2158 in module hdmi_pixel.
Marked 1 switch rules as full_case in process $proc$/home/matthias/prog/janestreet/emulator-wt-hdmi-ulx3s/prototypes/fpga-ulx3s/../hdmi-ulx3s/rtl/gen/hdmi_pixel.v:1285$2152 in module hdmi_pixel.
Marked 1 switch rules as full_case in process $proc$/home/matthias/prog/janestreet/emulator-wt-hdmi-ulx3s/prototypes/fpga-ulx3s/../hdmi-ulx3s/rtl/gen/hdmi_pixel.v:1265$2143 in module hdmi_pixel.
Marked 1 switch rules as full_case in process $proc$/home/matthias/prog/janestreet/emulator-wt-hdmi-ulx3s/prototypes/fpga-ulx3s/../hdmi-ulx3s/rtl/gen/hdmi_pixel.v:1226$2124 in module hdmi_pixel.
Marked 1 switch rules as full_case in process $proc$/home/matthias/prog/janestreet/emulator-wt-hdmi-ulx3s/prototypes/fpga-ulx3s/../hdmi-ulx3s/rtl/gen/hdmi_pixel.v:1013$2026 in module hdmi_pixel.
Marked 1 switch rules as full_case in process $proc$/home/matthias/prog/janestreet/emulator-wt-hdmi-ulx3s/prototypes/fpga-ulx3s/../hdmi-ulx3s/rtl/gen/hdmi_pixel.v:1002$2021 in module hdmi_pixel.
Marked 1 switch rules as full_case in process $proc$/home/matthias/prog/janestreet/emulator-wt-hdmi-ulx3s/prototypes/fpga-ulx3s/../hdmi-ulx3s/rtl/gen/hdmi_pixel.v:963$2002 in module hdmi_pixel.
Marked 1 switch rules as full_case in process $proc$/home/matthias/prog/janestreet/emulator-wt-hdmi-ulx3s/prototypes/fpga-ulx3s/../hdmi-ulx3s/rtl/gen/hdmi_pixel.v:822$1943 in module hdmi_pixel.
Marked 1 switch rules as full_case in process $proc$/home/matthias/prog/janestreet/emulator-wt-hdmi-ulx3s/prototypes/fpga-ulx3s/../hdmi-ulx3s/rtl/gen/hdmi_pixel.v:810$1938 in module hdmi_pixel.
Marked 1 switch rules as full_case in process $proc$/home/matthias/prog/janestreet/emulator-wt-hdmi-ulx3s/prototypes/fpga-ulx3s/../hdmi-ulx3s/rtl/gen/hdmi_pixel.v:771$1919 in module hdmi_pixel.
Marked 1 switch rules as full_case in process $proc$/home/matthias/prog/janestreet/emulator-wt-hdmi-ulx3s/prototypes/fpga-ulx3s/../hdmi-ulx3s/rtl/gen/hdmi_pixel.v:611$1854 in module hdmi_pixel.
Marked 1 switch rules as full_case in process $proc$/home/matthias/prog/janestreet/emulator-wt-hdmi-ulx3s/prototypes/fpga-ulx3s/../hdmi-ulx3s/rtl/gen/hdmi_pixel.v:603$1852 in module hdmi_pixel.
Marked 1 switch rules as full_case in process $proc$/home/matthias/prog/janestreet/emulator-wt-hdmi-ulx3s/prototypes/fpga-ulx3s/../hdmi-ulx3s/rtl/gen/hdmi_pixel.v:596$1850 in module hdmi_pixel.
Marked 1 switch rules as full_case in process $proc$/home/matthias/prog/janestreet/emulator-wt-hdmi-ulx3s/prototypes/fpga-ulx3s/../hdmi-ulx3s/rtl/gen/hdmi_pixel.v:588$1848 in module hdmi_pixel.
Marked 1 switch rules as full_case in process $proc$/home/matthias/prog/janestreet/emulator-wt-hdmi-ulx3s/prototypes/fpga-ulx3s/rtl/gen/usb_fs_device.v:3153$1830 in module usb_fs_device.
Marked 1 switch rules as full_case in process $proc$/home/matthias/prog/janestreet/emulator-wt-hdmi-ulx3s/prototypes/fpga-ulx3s/rtl/gen/usb_fs_device.v:3144$1827 in module usb_fs_device.
Marked 1 switch rules as full_case in process $proc$/home/matthias/prog/janestreet/emulator-wt-hdmi-ulx3s/prototypes/fpga-ulx3s/rtl/gen/usb_fs_device.v:3122$1812 in module usb_fs_device.
Marked 1 switch rules as full_case in process $proc$/home/matthias/prog/janestreet/emulator-wt-hdmi-ulx3s/prototypes/fpga-ulx3s/rtl/gen/usb_fs_device.v:3095$1792 in module usb_fs_device.
Marked 1 switch rules as full_case in process $proc$/home/matthias/prog/janestreet/emulator-wt-hdmi-ulx3s/prototypes/fpga-ulx3s/rtl/gen/usb_fs_device.v:3081$1785 in module usb_fs_device.
Marked 1 switch rules as full_case in process $proc$/home/matthias/prog/janestreet/emulator-wt-hdmi-ulx3s/prototypes/fpga-ulx3s/rtl/gen/usb_fs_device.v:3069$1781 in module usb_fs_device.
Marked 1 switch rules as full_case in process $proc$/home/matthias/prog/janestreet/emulator-wt-hdmi-ulx3s/prototypes/fpga-ulx3s/rtl/gen/usb_fs_device.v:3063$1780 in module usb_fs_device.
Marked 1 switch rules as full_case in process $proc$/home/matthias/prog/janestreet/emulator-wt-hdmi-ulx3s/prototypes/fpga-ulx3s/rtl/gen/usb_fs_device.v:3056$1779 in module usb_fs_device.
Marked 1 switch rules as full_case in process $proc$/home/matthias/prog/janestreet/emulator-wt-hdmi-ulx3s/prototypes/fpga-ulx3s/rtl/gen/usb_fs_device.v:3050$1778 in module usb_fs_device.
Marked 1 switch rules as full_case in process $proc$/home/matthias/prog/janestreet/emulator-wt-hdmi-ulx3s/prototypes/fpga-ulx3s/rtl/gen/usb_fs_device.v:3044$1777 in module usb_fs_device.
Marked 1 switch rules as full_case in process $proc$/home/matthias/prog/janestreet/emulator-wt-hdmi-ulx3s/prototypes/fpga-ulx3s/rtl/gen/usb_fs_device.v:3033$1772 in module usb_fs_device.
Marked 1 switch rules as full_case in process $proc$/home/matthias/prog/janestreet/emulator-wt-hdmi-ulx3s/prototypes/fpga-ulx3s/rtl/gen/usb_fs_device.v:3007$1754 in module usb_fs_device.
Marked 1 switch rules as full_case in process $proc$/home/matthias/prog/janestreet/emulator-wt-hdmi-ulx3s/prototypes/fpga-ulx3s/rtl/gen/usb_fs_device.v:2978$1732 in module usb_fs_device.
Marked 1 switch rules as full_case in process $proc$/home/matthias/prog/janestreet/emulator-wt-hdmi-ulx3s/prototypes/fpga-ulx3s/rtl/gen/usb_fs_device.v:2962$1723 in module usb_fs_device.
Marked 1 switch rules as full_case in process $proc$/home/matthias/prog/janestreet/emulator-wt-hdmi-ulx3s/prototypes/fpga-ulx3s/rtl/gen/usb_fs_device.v:2942$1709 in module usb_fs_device.
Marked 1 switch rules as full_case in process $proc$/home/matthias/prog/janestreet/emulator-wt-hdmi-ulx3s/prototypes/fpga-ulx3s/rtl/gen/usb_fs_device.v:2918$1692 in module usb_fs_device.
Marked 1 switch rules as full_case in process $proc$/home/matthias/prog/janestreet/emulator-wt-hdmi-ulx3s/prototypes/fpga-ulx3s/rtl/gen/usb_fs_device.v:2894$1677 in module usb_fs_device.
Marked 1 switch rules as full_case in process $proc$/home/matthias/prog/janestreet/emulator-wt-hdmi-ulx3s/prototypes/fpga-ulx3s/rtl/gen/usb_fs_device.v:2815$1626 in module usb_fs_device.
Marked 1 switch rules as full_case in process $proc$/home/matthias/prog/janestreet/emulator-wt-hdmi-ulx3s/prototypes/fpga-ulx3s/rtl/gen/usb_fs_device.v:2746$1615 in module usb_fs_device.
Marked 1 switch rules as full_case in process $proc$/home/matthias/prog/janestreet/emulator-wt-hdmi-ulx3s/prototypes/fpga-ulx3s/rtl/gen/usb_fs_device.v:2670$1602 in module usb_fs_device.
Marked 1 switch rules as full_case in process $proc$/home/matthias/prog/janestreet/emulator-wt-hdmi-ulx3s/prototypes/fpga-ulx3s/rtl/gen/usb_fs_device.v:2657$1595 in module usb_fs_device.
Marked 1 switch rules as full_case in process $proc$/home/matthias/prog/janestreet/emulator-wt-hdmi-ulx3s/prototypes/fpga-ulx3s/rtl/gen/usb_fs_device.v:2635$1584 in module usb_fs_device.
Marked 1 switch rules as full_case in process $proc$/home/matthias/prog/janestreet/emulator-wt-hdmi-ulx3s/prototypes/fpga-ulx3s/rtl/gen/usb_fs_device.v:2620$1575 in module usb_fs_device.
Marked 1 switch rules as full_case in process $proc$/home/matthias/prog/janestreet/emulator-wt-hdmi-ulx3s/prototypes/fpga-ulx3s/rtl/gen/usb_fs_device.v:2599$1562 in module usb_fs_device.
Marked 1 switch rules as full_case in process $proc$/home/matthias/prog/janestreet/emulator-wt-hdmi-ulx3s/prototypes/fpga-ulx3s/rtl/gen/usb_fs_device.v:2494$1528 in module usb_fs_device.
Marked 1 switch rules as full_case in process $proc$/home/matthias/prog/janestreet/emulator-wt-hdmi-ulx3s/prototypes/fpga-ulx3s/rtl/gen/usb_fs_device.v:2482$1522 in module usb_fs_device.
Marked 1 switch rules as full_case in process $proc$/home/matthias/prog/janestreet/emulator-wt-hdmi-ulx3s/prototypes/fpga-ulx3s/rtl/gen/usb_fs_device.v:2467$1513 in module usb_fs_device.
Marked 1 switch rules as full_case in process $proc$/home/matthias/prog/janestreet/emulator-wt-hdmi-ulx3s/prototypes/fpga-ulx3s/rtl/gen/usb_fs_device.v:2454$1506 in module usb_fs_device.
Marked 1 switch rules as full_case in process $proc$/home/matthias/prog/janestreet/emulator-wt-hdmi-ulx3s/prototypes/fpga-ulx3s/rtl/gen/usb_fs_device.v:2433$1491 in module usb_fs_device.
Marked 1 switch rules as full_case in process $proc$/home/matthias/prog/janestreet/emulator-wt-hdmi-ulx3s/prototypes/fpga-ulx3s/rtl/gen/usb_fs_device.v:2422$1486 in module usb_fs_device.
Marked 1 switch rules as full_case in process $proc$/home/matthias/prog/janestreet/emulator-wt-hdmi-ulx3s/prototypes/fpga-ulx3s/rtl/gen/usb_fs_device.v:2408$1480 in module usb_fs_device.
Marked 1 switch rules as full_case in process $proc$/home/matthias/prog/janestreet/emulator-wt-hdmi-ulx3s/prototypes/fpga-ulx3s/rtl/gen/usb_fs_device.v:2371$1452 in module usb_fs_device.
Marked 1 switch rules as full_case in process $proc$/home/matthias/prog/janestreet/emulator-wt-hdmi-ulx3s/prototypes/fpga-ulx3s/rtl/gen/usb_fs_device.v:2358$1445 in module usb_fs_device.
Marked 1 switch rules as full_case in process $proc$/home/matthias/prog/janestreet/emulator-wt-hdmi-ulx3s/prototypes/fpga-ulx3s/rtl/gen/usb_fs_device.v:2337$1431 in module usb_fs_device.
Marked 1 switch rules as full_case in process $proc$/home/matthias/prog/janestreet/emulator-wt-hdmi-ulx3s/prototypes/fpga-ulx3s/rtl/gen/usb_fs_device.v:2321$1421 in module usb_fs_device.
Marked 1 switch rules as full_case in process $proc$/home/matthias/prog/janestreet/emulator-wt-hdmi-ulx3s/prototypes/fpga-ulx3s/rtl/gen/usb_fs_device.v:2309$1415 in module usb_fs_device.
Marked 1 switch rules as full_case in process $proc$/home/matthias/prog/janestreet/emulator-wt-hdmi-ulx3s/prototypes/fpga-ulx3s/rtl/gen/usb_fs_device.v:2293$1409 in module usb_fs_device.
Marked 1 switch rules as full_case in process $proc$/home/matthias/prog/janestreet/emulator-wt-hdmi-ulx3s/prototypes/fpga-ulx3s/rtl/gen/usb_fs_device.v:2268$1395 in module usb_fs_device.
Marked 1 switch rules as full_case in process $proc$/home/matthias/prog/janestreet/emulator-wt-hdmi-ulx3s/prototypes/fpga-ulx3s/rtl/gen/usb_fs_device.v:2224$1362 in module usb_fs_device.
Marked 1 switch rules as full_case in process $proc$/home/matthias/prog/janestreet/emulator-wt-hdmi-ulx3s/prototypes/fpga-ulx3s/rtl/gen/usb_fs_device.v:2206$1350 in module usb_fs_device.
Marked 1 switch rules as full_case in process $proc$/home/matthias/prog/janestreet/emulator-wt-hdmi-ulx3s/prototypes/fpga-ulx3s/rtl/gen/usb_fs_device.v:2192$1343 in module usb_fs_device.
Marked 1 switch rules as full_case in process $proc$/home/matthias/prog/janestreet/emulator-wt-hdmi-ulx3s/prototypes/fpga-ulx3s/rtl/gen/usb_fs_device.v:2157$1316 in module usb_fs_device.
Marked 1 switch rules as full_case in process $proc$/home/matthias/prog/janestreet/emulator-wt-hdmi-ulx3s/prototypes/fpga-ulx3s/rtl/gen/usb_fs_device.v:2116$1284 in module usb_fs_device.
Marked 1 switch rules as full_case in process $proc$/home/matthias/prog/janestreet/emulator-wt-hdmi-ulx3s/prototypes/fpga-ulx3s/rtl/gen/usb_fs_device.v:2099$1273 in module usb_fs_device.
Marked 1 switch rules as full_case in process $proc$/home/matthias/prog/janestreet/emulator-wt-hdmi-ulx3s/prototypes/fpga-ulx3s/rtl/gen/usb_fs_device.v:2080$1260 in module usb_fs_device.
Marked 1 switch rules as full_case in process $proc$/home/matthias/prog/janestreet/emulator-wt-hdmi-ulx3s/prototypes/fpga-ulx3s/rtl/gen/usb_fs_device.v:2065$1251 in module usb_fs_device.
Marked 1 switch rules as full_case in process $proc$/home/matthias/prog/janestreet/emulator-wt-hdmi-ulx3s/prototypes/fpga-ulx3s/rtl/gen/usb_fs_device.v:2035$1229 in module usb_fs_device.
Marked 1 switch rules as full_case in process $proc$/home/matthias/prog/janestreet/emulator-wt-hdmi-ulx3s/prototypes/fpga-ulx3s/rtl/gen/usb_fs_device.v:2002$1204 in module usb_fs_device.
Marked 1 switch rules as full_case in process $proc$/home/matthias/prog/janestreet/emulator-wt-hdmi-ulx3s/prototypes/fpga-ulx3s/rtl/gen/usb_fs_device.v:1948$1174 in module usb_fs_device.
Marked 1 switch rules as full_case in process $proc$/home/matthias/prog/janestreet/emulator-wt-hdmi-ulx3s/prototypes/fpga-ulx3s/rtl/gen/usb_fs_device.v:1940$1173 in module usb_fs_device.
Marked 1 switch rules as full_case in process $proc$/home/matthias/prog/janestreet/emulator-wt-hdmi-ulx3s/prototypes/fpga-ulx3s/rtl/gen/usb_fs_device.v:1907$1152 in module usb_fs_device.
Marked 1 switch rules as full_case in process $proc$/home/matthias/prog/janestreet/emulator-wt-hdmi-ulx3s/prototypes/fpga-ulx3s/rtl/gen/usb_fs_device.v:1869$1130 in module usb_fs_device.
Marked 1 switch rules as full_case in process $proc$/home/matthias/prog/janestreet/emulator-wt-hdmi-ulx3s/prototypes/fpga-ulx3s/rtl/gen/usb_fs_device.v:1741$1106 in module usb_fs_device.
Marked 1 switch rules as full_case in process $proc$/home/matthias/prog/janestreet/emulator-wt-hdmi-ulx3s/prototypes/fpga-ulx3s/rtl/gen/usb_fs_device.v:1733$1103 in module usb_fs_device.
Marked 1 switch rules as full_case in process $proc$/home/matthias/prog/janestreet/emulator-wt-hdmi-ulx3s/prototypes/fpga-ulx3s/rtl/gen/usb_fs_device.v:1687$1094 in module usb_fs_device.
Marked 1 switch rules as full_case in process $proc$/home/matthias/prog/janestreet/emulator-wt-hdmi-ulx3s/prototypes/fpga-ulx3s/rtl/gen/usb_fs_device.v:1678$1092 in module usb_fs_device.
Marked 1 switch rules as full_case in process $proc$/home/matthias/prog/janestreet/emulator-wt-hdmi-ulx3s/prototypes/fpga-ulx3s/rtl/gen/usb_fs_device.v:1665$1085 in module usb_fs_device.
Marked 1 switch rules as full_case in process $proc$/home/matthias/prog/janestreet/emulator-wt-hdmi-ulx3s/prototypes/fpga-ulx3s/rtl/gen/usb_fs_device.v:1652$1078 in module usb_fs_device.
Marked 1 switch rules as full_case in process $proc$/home/matthias/prog/janestreet/emulator-wt-hdmi-ulx3s/prototypes/fpga-ulx3s/rtl/gen/usb_fs_device.v:1639$1071 in module usb_fs_device.
Marked 1 switch rules as full_case in process $proc$/home/matthias/prog/janestreet/emulator-wt-hdmi-ulx3s/prototypes/fpga-ulx3s/rtl/gen/usb_fs_device.v:1626$1064 in module usb_fs_device.
Marked 1 switch rules as full_case in process $proc$/home/matthias/prog/janestreet/emulator-wt-hdmi-ulx3s/prototypes/fpga-ulx3s/rtl/gen/usb_fs_device.v:1613$1057 in module usb_fs_device.
Marked 1 switch rules as full_case in process $proc$/home/matthias/prog/janestreet/emulator-wt-hdmi-ulx3s/prototypes/fpga-ulx3s/rtl/gen/usb_fs_device.v:1602$1053 in module usb_fs_device.
Marked 1 switch rules as full_case in process $proc$/home/matthias/prog/janestreet/emulator-wt-hdmi-ulx3s/prototypes/fpga-ulx3s/rtl/gen/usb_fs_device.v:1589$1046 in module usb_fs_device.
Marked 1 switch rules as full_case in process $proc$/home/matthias/prog/janestreet/emulator-wt-hdmi-ulx3s/prototypes/fpga-ulx3s/rtl/gen/usb_fs_device.v:1578$1042 in module usb_fs_device.
Marked 1 switch rules as full_case in process $proc$/home/matthias/prog/janestreet/emulator-wt-hdmi-ulx3s/prototypes/fpga-ulx3s/rtl/gen/usb_fs_device.v:1565$1035 in module usb_fs_device.
Marked 1 switch rules as full_case in process $proc$/home/matthias/prog/janestreet/emulator-wt-hdmi-ulx3s/prototypes/fpga-ulx3s/rtl/gen/usb_fs_device.v:1485$1019 in module usb_fs_device.
Marked 1 switch rules as full_case in process $proc$/home/matthias/prog/janestreet/emulator-wt-hdmi-ulx3s/prototypes/fpga-ulx3s/rtl/gen/usb_fs_device.v:1463$1004 in module usb_fs_device.
Marked 1 switch rules as full_case in process $proc$/home/matthias/prog/janestreet/emulator-wt-hdmi-ulx3s/prototypes/fpga-ulx3s/rtl/gen/usb_fs_device.v:1438$987 in module usb_fs_device.
Marked 1 switch rules as full_case in process $proc$/home/matthias/prog/janestreet/emulator-wt-hdmi-ulx3s/prototypes/fpga-ulx3s/rtl/gen/usb_fs_device.v:1373$944 in module usb_fs_device.
Marked 1 switch rules as full_case in process $proc$/home/matthias/prog/janestreet/emulator-wt-hdmi-ulx3s/prototypes/fpga-ulx3s/rtl/gen/usb_fs_device.v:1336$915 in module usb_fs_device.
Marked 1 switch rules as full_case in process $proc$/home/matthias/prog/janestreet/emulator-wt-hdmi-ulx3s/prototypes/fpga-ulx3s/rtl/gen/usb_fs_device.v:1323$908 in module usb_fs_device.
Marked 1 switch rules as full_case in process $proc$/home/matthias/prog/janestreet/emulator-wt-hdmi-ulx3s/prototypes/fpga-ulx3s/rtl/gen/pin_sampler.v:498$900 in module pin_sampler.
Marked 1 switch rules as full_case in process $proc$/home/matthias/prog/janestreet/emulator-wt-hdmi-ulx3s/prototypes/fpga-ulx3s/rtl/gen/pin_sampler.v:491$899 in module pin_sampler.
Marked 1 switch rules as full_case in process $proc$/home/matthias/prog/janestreet/emulator-wt-hdmi-ulx3s/prototypes/fpga-ulx3s/rtl/gen/pin_sampler.v:480$894 in module pin_sampler.
Marked 1 switch rules as full_case in process $proc$/home/matthias/prog/janestreet/emulator-wt-hdmi-ulx3s/prototypes/fpga-ulx3s/rtl/gen/pin_sampler.v:463$885 in module pin_sampler.
Marked 1 switch rules as full_case in process $proc$/home/matthias/prog/janestreet/emulator-wt-hdmi-ulx3s/prototypes/fpga-ulx3s/rtl/gen/pin_sampler.v:448$876 in module pin_sampler.
Marked 1 switch rules as full_case in process $proc$/home/matthias/prog/janestreet/emulator-wt-hdmi-ulx3s/prototypes/fpga-ulx3s/rtl/gen/pin_sampler.v:432$866 in module pin_sampler.
Marked 1 switch rules as full_case in process $proc$/home/matthias/prog/janestreet/emulator-wt-hdmi-ulx3s/prototypes/fpga-ulx3s/rtl/gen/pin_sampler.v:419$864 in module pin_sampler.
Marked 1 switch rules as full_case in process $proc$/home/matthias/prog/janestreet/emulator-wt-hdmi-ulx3s/prototypes/fpga-ulx3s/rtl/gen/pin_sampler.v:401$861 in module pin_sampler.
Marked 1 switch rules as full_case in process $proc$/home/matthias/prog/janestreet/emulator-wt-hdmi-ulx3s/prototypes/fpga-ulx3s/rtl/gen/pin_sampler.v:394$860 in module pin_sampler.
Marked 1 switch rules as full_case in process $proc$/home/matthias/prog/janestreet/emulator-wt-hdmi-ulx3s/prototypes/fpga-ulx3s/rtl/gen/pin_sampler.v:382$858 in module pin_sampler.
Marked 1 switch rules as full_case in process $proc$/home/matthias/prog/janestreet/emulator-wt-hdmi-ulx3s/prototypes/fpga-ulx3s/rtl/gen/pin_sampler.v:364$847 in module pin_sampler.
Marked 1 switch rules as full_case in process $proc$/home/matthias/prog/janestreet/emulator-wt-hdmi-ulx3s/prototypes/fpga-ulx3s/rtl/gen/pin_sampler.v:338$836 in module pin_sampler.
Marked 1 switch rules as full_case in process $proc$/home/matthias/prog/janestreet/emulator-wt-hdmi-ulx3s/prototypes/fpga-ulx3s/rtl/gen/pin_sampler.v:325$832 in module pin_sampler.
Marked 1 switch rules as full_case in process $proc$/home/matthias/prog/janestreet/emulator-wt-hdmi-ulx3s/prototypes/fpga-ulx3s/rtl/gen/pin_sampler.v:264$814 in module pin_sampler.
Marked 1 switch rules as full_case in process $proc$/home/matthias/prog/janestreet/emulator-wt-hdmi-ulx3s/prototypes/fpga-ulx3s/rtl/gen/pin_sampler.v:254$811 in module pin_sampler.
Marked 1 switch rules as full_case in process $proc$/home/matthias/prog/janestreet/emulator-wt-hdmi-ulx3s/prototypes/fpga-ulx3s/rtl/gen/pin_sampler.v:242$808 in module pin_sampler.
Marked 1 switch rules as full_case in process $proc$/home/matthias/prog/janestreet/emulator-wt-hdmi-ulx3s/prototypes/fpga-ulx3s/rtl/gen/pin_sampler.v:230$805 in module pin_sampler.
Marked 1 switch rules as full_case in process $proc$/home/matthias/prog/janestreet/emulator-wt-hdmi-ulx3s/prototypes/fpga-ulx3s/rtl/gen/pin_sampler.v:217$802 in module pin_sampler.
Marked 1 switch rules as full_case in process $proc$/home/matthias/prog/janestreet/emulator-wt-hdmi-ulx3s/prototypes/fpga-ulx3s/rtl/gen/pin_streamer.v:373$796 in module pin_streamer.
Marked 1 switch rules as full_case in process $proc$/home/matthias/prog/janestreet/emulator-wt-hdmi-ulx3s/prototypes/fpga-ulx3s/rtl/gen/pin_streamer.v:363$792 in module pin_streamer.
Marked 1 switch rules as full_case in process $proc$/home/matthias/prog/janestreet/emulator-wt-hdmi-ulx3s/prototypes/fpga-ulx3s/rtl/gen/pin_streamer.v:343$781 in module pin_streamer.
Marked 1 switch rules as full_case in process $proc$/home/matthias/prog/janestreet/emulator-wt-hdmi-ulx3s/prototypes/fpga-ulx3s/rtl/gen/pin_streamer.v:331$776 in module pin_streamer.
Marked 1 switch rules as full_case in process $proc$/home/matthias/prog/janestreet/emulator-wt-hdmi-ulx3s/prototypes/fpga-ulx3s/rtl/gen/pin_streamer.v:304$767 in module pin_streamer.
Marked 1 switch rules as full_case in process $proc$/home/matthias/prog/janestreet/emulator-wt-hdmi-ulx3s/prototypes/fpga-ulx3s/rtl/gen/pin_streamer.v:297$766 in module pin_streamer.
Marked 1 switch rules as full_case in process $proc$/home/matthias/prog/janestreet/emulator-wt-hdmi-ulx3s/prototypes/fpga-ulx3s/rtl/gen/pin_streamer.v:288$763 in module pin_streamer.
Marked 1 switch rules as full_case in process $proc$/home/matthias/prog/janestreet/emulator-wt-hdmi-ulx3s/prototypes/fpga-ulx3s/rtl/gen/pin_streamer.v:277$760 in module pin_streamer.
Marked 1 switch rules as full_case in process $proc$/home/matthias/prog/janestreet/emulator-wt-hdmi-ulx3s/prototypes/fpga-ulx3s/rtl/gen/pin_streamer.v:268$757 in module pin_streamer.
Marked 1 switch rules as full_case in process $proc$/home/matthias/prog/janestreet/emulator-wt-hdmi-ulx3s/prototypes/fpga-ulx3s/rtl/gen/pin_streamer.v:256$754 in module pin_streamer.
Marked 1 switch rules as full_case in process $proc$/home/matthias/prog/janestreet/emulator-wt-hdmi-ulx3s/prototypes/fpga-ulx3s/rtl/gen/pin_streamer.v:244$751 in module pin_streamer.
Marked 1 switch rules as full_case in process $proc$/home/matthias/prog/janestreet/emulator-wt-hdmi-ulx3s/prototypes/fpga-ulx3s/rtl/gen/pin_streamer.v:217$741 in module pin_streamer.
Marked 1 switch rules as full_case in process $proc$/home/matthias/prog/janestreet/emulator-wt-hdmi-ulx3s/prototypes/fpga-ulx3s/rtl/gen/pin_streamer.v:205$736 in module pin_streamer.
Marked 1 switch rules as full_case in process $proc$/home/matthias/prog/janestreet/emulator-wt-hdmi-ulx3s/prototypes/fpga-ulx3s/rtl/gen/pin_streamer.v:168$723 in module pin_streamer.
Marked 1 switch rules as full_case in process $proc$/home/matthias/prog/janestreet/emulator-wt-hdmi-ulx3s/prototypes/fpga-ulx3s/rtl/gen/deadline_sequencer.v:1215$715 in module deadline_sequencer.
Marked 1 switch rules as full_case in process $proc$/home/matthias/prog/janestreet/emulator-wt-hdmi-ulx3s/prototypes/fpga-ulx3s/rtl/gen/deadline_sequencer.v:1200$713 in module deadline_sequencer.
Marked 1 switch rules as full_case in process $proc$/home/matthias/prog/janestreet/emulator-wt-hdmi-ulx3s/prototypes/fpga-ulx3s/rtl/gen/deadline_sequencer.v:1194$712 in module deadline_sequencer.
Marked 1 switch rules as full_case in process $proc$/home/matthias/prog/janestreet/emulator-wt-hdmi-ulx3s/prototypes/fpga-ulx3s/rtl/gen/deadline_sequencer.v:1158$696 in module deadline_sequencer.
Marked 1 switch rules as full_case in process $proc$/home/matthias/prog/janestreet/emulator-wt-hdmi-ulx3s/prototypes/fpga-ulx3s/rtl/gen/deadline_sequencer.v:1152$695 in module deadline_sequencer.
Marked 1 switch rules as full_case in process $proc$/home/matthias/prog/janestreet/emulator-wt-hdmi-ulx3s/prototypes/fpga-ulx3s/rtl/gen/deadline_sequencer.v:1143$692 in module deadline_sequencer.
Marked 1 switch rules as full_case in process $proc$/home/matthias/prog/janestreet/emulator-wt-hdmi-ulx3s/prototypes/fpga-ulx3s/rtl/gen/deadline_sequencer.v:1134$689 in module deadline_sequencer.
Marked 1 switch rules as full_case in process $proc$/home/matthias/prog/janestreet/emulator-wt-hdmi-ulx3s/prototypes/fpga-ulx3s/rtl/gen/deadline_sequencer.v:1114$682 in module deadline_sequencer.
Marked 1 switch rules as full_case in process $proc$/home/matthias/prog/janestreet/emulator-wt-hdmi-ulx3s/prototypes/fpga-ulx3s/rtl/gen/deadline_sequencer.v:1108$681 in module deadline_sequencer.
Marked 1 switch rules as full_case in process $proc$/home/matthias/prog/janestreet/emulator-wt-hdmi-ulx3s/prototypes/fpga-ulx3s/rtl/gen/deadline_sequencer.v:1087$671 in module deadline_sequencer.
Marked 1 switch rules as full_case in process $proc$/home/matthias/prog/janestreet/emulator-wt-hdmi-ulx3s/prototypes/fpga-ulx3s/rtl/gen/deadline_sequencer.v:1079$669 in module deadline_sequencer.
Marked 1 switch rules as full_case in process $proc$/home/matthias/prog/janestreet/emulator-wt-hdmi-ulx3s/prototypes/fpga-ulx3s/rtl/gen/deadline_sequencer.v:1071$667 in module deadline_sequencer.
Marked 1 switch rules as full_case in process $proc$/home/matthias/prog/janestreet/emulator-wt-hdmi-ulx3s/prototypes/fpga-ulx3s/rtl/gen/deadline_sequencer.v:1054$663 in module deadline_sequencer.
Marked 1 switch rules as full_case in process $proc$/home/matthias/prog/janestreet/emulator-wt-hdmi-ulx3s/prototypes/fpga-ulx3s/rtl/gen/deadline_sequencer.v:1048$662 in module deadline_sequencer.
Marked 1 switch rules as full_case in process $proc$/home/matthias/prog/janestreet/emulator-wt-hdmi-ulx3s/prototypes/fpga-ulx3s/rtl/gen/deadline_sequencer.v:1032$655 in module deadline_sequencer.
Marked 1 switch rules as full_case in process $proc$/home/matthias/prog/janestreet/emulator-wt-hdmi-ulx3s/prototypes/fpga-ulx3s/rtl/gen/deadline_sequencer.v:1024$653 in module deadline_sequencer.
Marked 1 switch rules as full_case in process $proc$/home/matthias/prog/janestreet/emulator-wt-hdmi-ulx3s/prototypes/fpga-ulx3s/rtl/gen/deadline_sequencer.v:1016$651 in module deadline_sequencer.
Marked 1 switch rules as full_case in process $proc$/home/matthias/prog/janestreet/emulator-wt-hdmi-ulx3s/prototypes/fpga-ulx3s/rtl/gen/deadline_sequencer.v:992$647 in module deadline_sequencer.
Marked 1 switch rules as full_case in process $proc$/home/matthias/prog/janestreet/emulator-wt-hdmi-ulx3s/prototypes/fpga-ulx3s/rtl/gen/deadline_sequencer.v:972$644 in module deadline_sequencer.
Marked 1 switch rules as full_case in process $proc$/home/matthias/prog/janestreet/emulator-wt-hdmi-ulx3s/prototypes/fpga-ulx3s/rtl/gen/deadline_sequencer.v:938$635 in module deadline_sequencer.
Marked 1 switch rules as full_case in process $proc$/home/matthias/prog/janestreet/emulator-wt-hdmi-ulx3s/prototypes/fpga-ulx3s/rtl/gen/deadline_sequencer.v:932$634 in module deadline_sequencer.
Marked 1 switch rules as full_case in process $proc$/home/matthias/prog/janestreet/emulator-wt-hdmi-ulx3s/prototypes/fpga-ulx3s/rtl/gen/deadline_sequencer.v:887$620 in module deadline_sequencer.
Marked 1 switch rules as full_case in process $proc$/home/matthias/prog/janestreet/emulator-wt-hdmi-ulx3s/prototypes/fpga-ulx3s/rtl/gen/deadline_sequencer.v:853$618 in module deadline_sequencer.
Marked 1 switch rules as full_case in process $proc$/home/matthias/prog/janestreet/emulator-wt-hdmi-ulx3s/prototypes/fpga-ulx3s/rtl/gen/deadline_sequencer.v:845$616 in module deadline_sequencer.
Marked 1 switch rules as full_case in process $proc$/home/matthias/prog/janestreet/emulator-wt-hdmi-ulx3s/prototypes/fpga-ulx3s/rtl/gen/deadline_sequencer.v:837$614 in module deadline_sequencer.
Marked 1 switch rules as full_case in process $proc$/home/matthias/prog/janestreet/emulator-wt-hdmi-ulx3s/prototypes/fpga-ulx3s/rtl/gen/deadline_sequencer.v:762$578 in module deadline_sequencer.
Marked 1 switch rules as full_case in process $proc$/home/matthias/prog/janestreet/emulator-wt-hdmi-ulx3s/prototypes/fpga-ulx3s/rtl/gen/deadline_sequencer.v:698$551 in module deadline_sequencer.
Marked 1 switch rules as full_case in process $proc$/home/matthias/prog/janestreet/emulator-wt-hdmi-ulx3s/prototypes/fpga-ulx3s/rtl/gen/deadline_sequencer.v:688$548 in module deadline_sequencer.
Marked 1 switch rules as full_case in process $proc$/home/matthias/prog/janestreet/emulator-wt-hdmi-ulx3s/prototypes/fpga-ulx3s/rtl/gen/deadline_sequencer.v:636$540 in module deadline_sequencer.
Marked 1 switch rules as full_case in process $proc$/home/matthias/prog/janestreet/emulator-wt-hdmi-ulx3s/prototypes/fpga-ulx3s/rtl/gen/deadline_sequencer.v:620$534 in module deadline_sequencer.
Marked 5 switch rules as full_case in process $proc$/home/matthias/prog/janestreet/emulator-wt-hdmi-ulx3s/prototypes/fpga-ulx3s/rtl/emu_core.v:54$2878 in module $paramod\emu_uart_rx\CLKS_PER_BIT=s32'00000000000000000000000000111100.
Marked 4 switch rules as full_case in process $proc$/home/matthias/prog/janestreet/emulator-wt-hdmi-ulx3s/prototypes/fpga-ulx3s/rtl/emu_core.v:88$2867 in module $paramod\emu_uart_tx\CLKS_PER_BIT=s32'00000000000000000000000000111100.
Marked 11 switch rules as full_case in process $proc$/home/matthias/prog/janestreet/emulator-wt-hdmi-ulx3s/prototypes/fpga-ulx3s/rtl/emu_core.v:427$3535 in module $paramod$f0f0fce572715f47581e5f423d1d26af564f4623\emu_core.
Marked 2 switch rules as full_case in process $proc$/home/matthias/prog/janestreet/emulator-wt-hdmi-ulx3s/prototypes/fpga-ulx3s/rtl/emu_core.v:398$3519 in module $paramod$f0f0fce572715f47581e5f423d1d26af564f4623\emu_core.
Marked 1 switch rules as full_case in process $proc$/home/matthias/prog/janestreet/emulator-wt-hdmi-ulx3s/prototypes/fpga-ulx3s/rtl/emu_core.v:375$3511 in module $paramod$f0f0fce572715f47581e5f423d1d26af564f4623\emu_core.
Marked 3 switch rules as full_case in process $proc$/home/matthias/prog/janestreet/emulator-wt-hdmi-ulx3s/prototypes/fpga-ulx3s/rtl/emu_core.v:347$3490 in module $paramod$f0f0fce572715f47581e5f423d1d26af564f4623\emu_core.
Marked 2 switch rules as full_case in process $proc$/home/matthias/prog/janestreet/emulator-wt-hdmi-ulx3s/prototypes/fpga-ulx3s/rtl/emu_core.v:291$3463 in module $paramod$f0f0fce572715f47581e5f423d1d26af564f4623\emu_core.
Marked 1 switch rules as full_case in process $proc$/home/matthias/prog/janestreet/emulator-wt-hdmi-ulx3s/prototypes/fpga-ulx3s/rtl/emu_core.v:277$3451 in module $paramod$f0f0fce572715f47581e5f423d1d26af564f4623\emu_core.
Marked 2 switch rules as full_case in process $proc$/home/matthias/prog/janestreet/emulator-wt-hdmi-ulx3s/prototypes/fpga-ulx3s/rtl/emu_core.v:256$3428 in module $paramod$f0f0fce572715f47581e5f423d1d26af564f4623\emu_core.
Marked 3 switch rules as full_case in process $proc$/home/matthias/prog/janestreet/emulator-wt-hdmi-ulx3s/prototypes/fpga-ulx3s/rtl/emu_core.v:203$3407 in module $paramod$f0f0fce572715f47581e5f423d1d26af564f4623\emu_core.
Marked 2 switch rules as full_case in process $proc$/home/matthias/prog/janestreet/emulator-wt-hdmi-ulx3s/prototypes/fpga-ulx3s/rtl/emu_core.v:173$3378 in module $paramod$f0f0fce572715f47581e5f423d1d26af564f4623\emu_core.
Marked 1 switch rules as full_case in process $proc$/home/matthias/prog/janestreet/emulator-wt-hdmi-ulx3s/prototypes/fpga-ulx3s/rtl/ulx3s_top.v:73$4 in module ulx3s_top.
Marked 1 switch rules as full_case in process $proc$/home/matthias/prog/janestreet/emulator-wt-hdmi-ulx3s/prototypes/fpga-ulx3s/rtl/ulx3s_top.v:71$3 in module ulx3s_top.
Removed a total of 0 dead cases.

12.4.3. Executing PROC_PRUNE pass (remove redundant assignments in processes).
Removed 162 redundant assignments.
Promoted 147 assignments to connections.

12.4.4. Executing PROC_INIT pass (extract init attributes).
Found init rule in `\hdmi_out.$proc$/home/matthias/prog/janestreet/emulator-wt-hdmi-ulx3s/prototypes/fpga-ulx3s/../hdmi-ulx3s/rtl/hdmi_out.v:23$1845'.
  Set init value: \lock_bit = 2'00
Found init rule in `\hdmi_out.$proc$/home/matthias/prog/janestreet/emulator-wt-hdmi-ulx3s/prototypes/fpga-ulx3s/../hdmi-ulx3s/rtl/hdmi_out.v:23$1844'.
  Set init value: \lock_pix = 2'00
Found init rule in `\hdmi_out.$proc$/home/matthias/prog/janestreet/emulator-wt-hdmi-ulx3s/prototypes/fpga-ulx3s/../hdmi-ulx3s/rtl/hdmi_out.v:22$1843'.
  Set init value: \por_bit = 5'00000
Found init rule in `\hdmi_out.$proc$/home/matthias/prog/janestreet/emulator-wt-hdmi-ulx3s/prototypes/fpga-ulx3s/../hdmi-ulx3s/rtl/hdmi_out.v:22$1842'.
  Set init value: \por_pix = 5'00000
Found init rule in `$paramod\emu_uart_rx\CLKS_PER_BIT=s32'00000000000000000000000000111100.$proc$/home/matthias/prog/janestreet/emulator-wt-hdmi-ulx3s/prototypes/fpga-ulx3s/rtl/emu_core.v:53$2890'.
  Set init value: \sh = 8'00000000
Found init rule in `$paramod\emu_uart_rx\CLKS_PER_BIT=s32'00000000000000000000000000111100.$proc$/home/matthias/prog/janestreet/emulator-wt-hdmi-ulx3s/prototypes/fpga-ulx3s/rtl/emu_core.v:52$2889'.
  Set init value: \bitn = 4'0000
Found init rule in `$paramod\emu_uart_rx\CLKS_PER_BIT=s32'00000000000000000000000000111100.$proc$/home/matthias/prog/janestreet/emulator-wt-hdmi-ulx3s/prototypes/fpga-ulx3s/rtl/emu_core.v:51$2888'.
  Set init value: \cnt = 16'0000000000000000
Found init rule in `$paramod\emu_uart_rx\CLKS_PER_BIT=s32'00000000000000000000000000111100.$proc$/home/matthias/prog/janestreet/emulator-wt-hdmi-ulx3s/prototypes/fpga-ulx3s/rtl/emu_core.v:50$2887'.
  Set init value: \busy = 1'0
Found init rule in `$paramod\emu_uart_rx\CLKS_PER_BIT=s32'00000000000000000000000000111100.$proc$/home/matthias/prog/janestreet/emulator-wt-hdmi-ulx3s/prototypes/fpga-ulx3s/rtl/emu_core.v:49$2886'.
  Set init value: \sync = 2'11
Found init rule in `$paramod\emu_uart_tx\CLKS_PER_BIT=s32'00000000000000000000000000111100.$proc$/home/matthias/prog/janestreet/emulator-wt-hdmi-ulx3s/prototypes/fpga-ulx3s/rtl/emu_core.v:87$2877'.
  Set init value: \tx = 1'1
Found init rule in `$paramod\emu_uart_tx\CLKS_PER_BIT=s32'00000000000000000000000000111100.$proc$/home/matthias/prog/janestreet/emulator-wt-hdmi-ulx3s/prototypes/fpga-ulx3s/rtl/emu_core.v:85$2876'.
  Set init value: \act = 1'0
Found init rule in `$paramod\emu_uart_tx\CLKS_PER_BIT=s32'00000000000000000000000000111100.$proc$/home/matthias/prog/janestreet/emulator-wt-hdmi-ulx3s/prototypes/fpga-ulx3s/rtl/emu_core.v:84$2875'.
  Set init value: \cnt = 16'0000000000000000
Found init rule in `$paramod\emu_uart_tx\CLKS_PER_BIT=s32'00000000000000000000000000111100.$proc$/home/matthias/prog/janestreet/emulator-wt-hdmi-ulx3s/prototypes/fpga-ulx3s/rtl/emu_core.v:83$2874'.
  Set init value: \n = 4'0000
Found init rule in `$paramod\emu_uart_tx\CLKS_PER_BIT=s32'00000000000000000000000000111100.$proc$/home/matthias/prog/janestreet/emulator-wt-hdmi-ulx3s/prototypes/fpga-ulx3s/rtl/emu_core.v:82$2873'.
  Set init value: \sh = 10'1111111111
Found init rule in `$paramod$f0f0fce572715f47581e5f423d1d26af564f4623\emu_core.$proc$/home/matthias/prog/janestreet/emulator-wt-hdmi-ulx3s/prototypes/fpga-ulx3s/rtl/emu_core.v:417$3748'.
  Set init value: \rnext = 4'0000
Found init rule in `$paramod$f0f0fce572715f47581e5f423d1d26af564f4623\emu_core.$proc$/home/matthias/prog/janestreet/emulator-wt-hdmi-ulx3s/prototypes/fpga-ulx3s/rtl/emu_core.v:416$3747'.
  Set init value: \didx = 12'000000000000
Found init rule in `$paramod$f0f0fce572715f47581e5f423d1d26af564f4623\emu_core.$proc$/home/matthias/prog/janestreet/emulator-wt-hdmi-ulx3s/prototypes/fpga-ulx3s/rtl/emu_core.v:415$3746'.
  Set init value: \rlen = 5'00000
Found init rule in `$paramod$f0f0fce572715f47581e5f423d1d26af564f4623\emu_core.$proc$/home/matthias/prog/janestreet/emulator-wt-hdmi-ulx3s/prototypes/fpga-ulx3s/rtl/emu_core.v:414$3745'.
  Set init value: \rbuf = 144'000000000000000000000000000000000000000000000000000000000000000000000000000000000000000000000000000000000000000000000000000000000000000000000000
Found init rule in `$paramod$f0f0fce572715f47581e5f423d1d26af564f4623\emu_core.$proc$/home/matthias/prog/janestreet/emulator-wt-hdmi-ulx3s/prototypes/fpga-ulx3s/rtl/emu_core.v:413$3744'.
  Set init value: \need = 3'000
Found init rule in `$paramod$f0f0fce572715f47581e5f423d1d26af564f4623\emu_core.$proc$/home/matthias/prog/janestreet/emulator-wt-hdmi-ulx3s/prototypes/fpga-ulx3s/rtl/emu_core.v:412$3743'.
  Set init value: \args = 40'0000000000000000000000000000000000000000
Found init rule in `$paramod$f0f0fce572715f47581e5f423d1d26af564f4623\emu_core.$proc$/home/matthias/prog/janestreet/emulator-wt-hdmi-ulx3s/prototypes/fpga-ulx3s/rtl/emu_core.v:411$3742'.
  Set init value: \op = 8'00000000
Found init rule in `$paramod$f0f0fce572715f47581e5f423d1d26af564f4623\emu_core.$proc$/home/matthias/prog/janestreet/emulator-wt-hdmi-ulx3s/prototypes/fpga-ulx3s/rtl/emu_core.v:410$3741'.
  Set init value: \cst = 4'0000
Found init rule in `$paramod$f0f0fce572715f47581e5f423d1d26af564f4623\emu_core.$proc$/home/matthias/prog/janestreet/emulator-wt-hdmi-ulx3s/prototypes/fpga-ulx3s/rtl/emu_core.v:397$3740'.
  Set init value: \smp_ovf_hold = 8'00000000
Found init rule in `$paramod$f0f0fce572715f47581e5f423d1d26af564f4623\emu_core.$proc$/home/matthias/prog/janestreet/emulator-wt-hdmi-ulx3s/prototypes/fpga-ulx3s/rtl/emu_core.v:396$3739'.
  Set init value: \cap_q = 20'00000000000000000000
Found init rule in `$paramod$f0f0fce572715f47581e5f423d1d26af564f4623\emu_core.$proc$/home/matthias/prog/janestreet/emulator-wt-hdmi-ulx3s/prototypes/fpga-ulx3s/rtl/emu_core.v:395$3738'.
  Set init value: \cap_ra = 8'00000000
Found init rule in `$paramod$f0f0fce572715f47581e5f423d1d26af564f4623\emu_core.$proc$/home/matthias/prog/janestreet/emulator-wt-hdmi-ulx3s/prototypes/fpga-ulx3s/rtl/emu_core.v:394$3737'.
  Set init value: \cap_cnt = 9'000000000
Found init rule in `$paramod$f0f0fce572715f47581e5f423d1d26af564f4623\emu_core.$proc$/home/matthias/prog/janestreet/emulator-wt-hdmi-ulx3s/prototypes/fpga-ulx3s/rtl/emu_core.v:384$3736'.
  Set init value: \smp_s2 = 4'1111
Found init rule in `$paramod$f0f0fce572715f47581e5f423d1d26af564f4623\emu_core.$proc$/home/matthias/prog/janestreet/emulator-wt-hdmi-ulx3s/prototypes/fpga-ulx3s/rtl/emu_core.v:384$3735'.
  Set init value: \smp_s1 = 4'1111
Found init rule in `$paramod$f0f0fce572715f47581e5f423d1d26af564f4623\emu_core.$proc$/home/matthias/prog/janestreet/emulator-wt-hdmi-ulx3s/prototypes/fpga-ulx3s/rtl/emu_core.v:362$3734'.
  Set init value: \s_idx = 7'0000000
Found init rule in `$paramod$f0f0fce572715f47581e5f423d1d26af564f4623\emu_core.$proc$/home/matthias/prog/janestreet/emulator-wt-hdmi-ulx3s/prototypes/fpga-ulx3s/rtl/emu_core.v:344$3733'.
  Set init value: \tr_q = 144'000000000000000000000000000000000000000000000000000000000000000000000000000000000000000000000000000000000000000000000000000000000000000000000000
Found init rule in `$paramod$f0f0fce572715f47581e5f423d1d26af564f4623\emu_core.$proc$/home/matthias/prog/janestreet/emulator-wt-hdmi-ulx3s/prototypes/fpga-ulx3s/rtl/emu_core.v:343$3732'.
  Set init value: \tr_ra = 11'00000000000
Found init rule in `$paramod$f0f0fce572715f47581e5f423d1d26af564f4623\emu_core.$proc$/home/matthias/prog/janestreet/emulator-wt-hdmi-ulx3s/prototypes/fpga-ulx3s/rtl/emu_core.v:342$3731'.
  Set init value: \tr_trunc = 0
Found init rule in `$paramod$f0f0fce572715f47581e5f423d1d26af564f4623\emu_core.$proc$/home/matthias/prog/janestreet/emulator-wt-hdmi-ulx3s/prototypes/fpga-ulx3s/rtl/emu_core.v:341$3730'.
  Set init value: \tr_ovf = 1'0
Found init rule in `$paramod$f0f0fce572715f47581e5f423d1d26af564f4623\emu_core.$proc$/home/matthias/prog/janestreet/emulator-wt-hdmi-ulx3s/prototypes/fpga-ulx3s/rtl/emu_core.v:340$3729'.
  Set init value: \tr_cnt = 12'000000000000
Found init rule in `$paramod$f0f0fce572715f47581e5f423d1d26af564f4623\emu_core.$proc$/home/matthias/prog/janestreet/emulator-wt-hdmi-ulx3s/prototypes/fpga-ulx3s/rtl/emu_core.v:338$3728'.
  Set init value: \tr_prev = 112'0000000000000000000000000000000000000000000000000000000000000000000000000000000000000000000000000000000000000000
Found init rule in `$paramod$f0f0fce572715f47581e5f423d1d26af564f4623\emu_core.$proc$/home/matthias/prog/janestreet/emulator-wt-hdmi-ulx3s/prototypes/fpga-ulx3s/rtl/emu_core.v:286$3727'.
  Set init value: \hin_din = 8'00000000
Found init rule in `$paramod$f0f0fce572715f47581e5f423d1d26af564f4623\emu_core.$proc$/home/matthias/prog/janestreet/emulator-wt-hdmi-ulx3s/prototypes/fpga-ulx3s/rtl/emu_core.v:286$3726'.
  Set init value: \hin_push = 1'0
Found init rule in `$paramod$f0f0fce572715f47581e5f423d1d26af564f4623\emu_core.$proc$/home/matthias/prog/janestreet/emulator-wt-hdmi-ulx3s/prototypes/fpga-ulx3s/rtl/emu_core.v:285$3725'.
  Set init value: \hin_cnt = 5'00000
Found init rule in `$paramod$f0f0fce572715f47581e5f423d1d26af564f4623\emu_core.$proc$/home/matthias/prog/janestreet/emulator-wt-hdmi-ulx3s/prototypes/fpga-ulx3s/rtl/emu_core.v:284$3724'.
  Set init value: \hin_rd = 4'0000
Found init rule in `$paramod$f0f0fce572715f47581e5f423d1d26af564f4623\emu_core.$proc$/home/matthias/prog/janestreet/emulator-wt-hdmi-ulx3s/prototypes/fpga-ulx3s/rtl/emu_core.v:284$3723'.
  Set init value: \hin_wr = 4'0000
Found init rule in `$paramod$f0f0fce572715f47581e5f423d1d26af564f4623\emu_core.$proc$/home/matthias/prog/janestreet/emulator-wt-hdmi-ulx3s/prototypes/fpga-ulx3s/rtl/emu_core.v:275$3722'.
  Set init value: \host_ra = 8'00000000
Found init rule in `$paramod$f0f0fce572715f47581e5f423d1d26af564f4623\emu_core.$proc$/home/matthias/prog/janestreet/emulator-wt-hdmi-ulx3s/prototypes/fpga-ulx3s/rtl/emu_core.v:274$3721'.
  Set init value: \imem_wd = 16'0000000000000000
Found init rule in `$paramod$f0f0fce572715f47581e5f423d1d26af564f4623\emu_core.$proc$/home/matthias/prog/janestreet/emulator-wt-hdmi-ulx3s/prototypes/fpga-ulx3s/rtl/emu_core.v:274$3720'.
  Set init value: \imem_wa = 8'00000000
Found init rule in `$paramod$f0f0fce572715f47581e5f423d1d26af564f4623\emu_core.$proc$/home/matthias/prog/janestreet/emulator-wt-hdmi-ulx3s/prototypes/fpga-ulx3s/rtl/emu_core.v:274$3719'.
  Set init value: \imem_we = 1'0
Found init rule in `$paramod$f0f0fce572715f47581e5f423d1d26af564f4623\emu_core.$proc$/home/matthias/prog/janestreet/emulator-wt-hdmi-ulx3s/prototypes/fpga-ulx3s/rtl/emu_core.v:272$3718'.
  Set init value: \imem_q = 16'0000000000000000
Found init rule in `$paramod$f0f0fce572715f47581e5f423d1d26af564f4623\emu_core.$proc$/home/matthias/prog/janestreet/emulator-wt-hdmi-ulx3s/prototypes/fpga-ulx3s/rtl/emu_core.v:243$3717'.
  Set init value: \f_prefix = 8'00000000
Found init rule in `$paramod$f0f0fce572715f47581e5f423d1d26af564f4623\emu_core.$proc$/home/matthias/prog/janestreet/emulator-wt-hdmi-ulx3s/prototypes/fpga-ulx3s/rtl/emu_core.v:242$3716'.
  Set init value: \f_nbits = 4'0000
Found init rule in `$paramod$f0f0fce572715f47581e5f423d1d26af564f4623\emu_core.$proc$/home/matthias/prog/janestreet/emulator-wt-hdmi-ulx3s/prototypes/fpga-ulx3s/rtl/emu_core.v:241$3715'.
  Set init value: \f_blocked = 1'0
Found init rule in `$paramod$f0f0fce572715f47581e5f423d1d26af564f4623\emu_core.$proc$/home/matthias/prog/janestreet/emulator-wt-hdmi-ulx3s/prototypes/fpga-ulx3s/rtl/emu_core.v:241$3714'.
  Set init value: \f_sclk_q = 1'0
Found init rule in `$paramod$f0f0fce572715f47581e5f423d1d26af564f4623\emu_core.$proc$/home/matthias/prog/janestreet/emulator-wt-hdmi-ulx3s/prototypes/fpga-ulx3s/rtl/emu_core.v:212$3713'.
  Set init value: \pin_s2 = 8'11111111
Found init rule in `$paramod$f0f0fce572715f47581e5f423d1d26af564f4623\emu_core.$proc$/home/matthias/prog/janestreet/emulator-wt-hdmi-ulx3s/prototypes/fpga-ulx3s/rtl/emu_core.v:212$3712'.
  Set init value: \pin_s1 = 8'11111111
Found init rule in `$paramod$f0f0fce572715f47581e5f423d1d26af564f4623\emu_core.$proc$/home/matthias/prog/janestreet/emulator-wt-hdmi-ulx3s/prototypes/fpga-ulx3s/rtl/emu_core.v:192$3711'.
  Set init value: \cycle = 0
Found init rule in `$paramod$f0f0fce572715f47581e5f423d1d26af564f4623\emu_core.$proc$/home/matthias/prog/janestreet/emulator-wt-hdmi-ulx3s/prototypes/fpga-ulx3s/rtl/emu_core.v:192$3710'.
  Set init value: \run_len = 0
Found init rule in `$paramod$f0f0fce572715f47581e5f423d1d26af564f4623\emu_core.$proc$/home/matthias/prog/janestreet/emulator-wt-hdmi-ulx3s/prototypes/fpga-ulx3s/rtl/emu_core.v:191$3709'.
  Set init value: \rstate = 3'000
Found init rule in `$paramod$f0f0fce572715f47581e5f423d1d26af564f4623\emu_core.$proc$/home/matthias/prog/janestreet/emulator-wt-hdmi-ulx3s/prototypes/fpga-ulx3s/rtl/emu_core.v:185$3708'.
  Set init value: \act_cnt = 22'0000000000000000000000
Found init rule in `$paramod$f0f0fce572715f47581e5f423d1d26af564f4623\emu_core.$proc$/home/matthias/prog/janestreet/emulator-wt-hdmi-ulx3s/prototypes/fpga-ulx3s/rtl/emu_core.v:170$3707'.
  Set init value: \tx_kick = 1'0
Found init rule in `$paramod$f0f0fce572715f47581e5f423d1d26af564f4623\emu_core.$proc$/home/matthias/prog/janestreet/emulator-wt-hdmi-ulx3s/prototypes/fpga-ulx3s/rtl/emu_core.v:166$3706'.
  Set init value: \txf_cnt = 7'0000000
Found init rule in `$paramod$f0f0fce572715f47581e5f423d1d26af564f4623\emu_core.$proc$/home/matthias/prog/janestreet/emulator-wt-hdmi-ulx3s/prototypes/fpga-ulx3s/rtl/emu_core.v:165$3705'.
  Set init value: \txf_rd = 6'000000
Found init rule in `$paramod$f0f0fce572715f47581e5f423d1d26af564f4623\emu_core.$proc$/home/matthias/prog/janestreet/emulator-wt-hdmi-ulx3s/prototypes/fpga-ulx3s/rtl/emu_core.v:165$3704'.
  Set init value: \txf_wr = 6'000000
Found init rule in `\ulx3s_top.$proc$/home/matthias/prog/janestreet/emulator-wt-hdmi-ulx3s/prototypes/fpga-ulx3s/rtl/ulx3s_top.v:155$32'.
  Set init value: \heartbeat = 26'00000000000000000000000000
Found init rule in `\ulx3s_top.$proc$/home/matthias/prog/janestreet/emulator-wt-hdmi-ulx3s/prototypes/fpga-ulx3s/rtl/ulx3s_top.v:93$31'.
  Set init value: \usb_status_s2 = 8'00000000
Found init rule in `\ulx3s_top.$proc$/home/matthias/prog/janestreet/emulator-wt-hdmi-ulx3s/prototypes/fpga-ulx3s/rtl/ulx3s_top.v:93$30'.
  Set init value: \usb_status_s1 = 8'00000000
Found init rule in `\ulx3s_top.$proc$/home/matthias/prog/janestreet/emulator-wt-hdmi-ulx3s/prototypes/fpga-ulx3s/rtl/ulx3s_top.v:70$29'.
  Set init value: \rst48_sr = 4'1111
Found init rule in `\ulx3s_top.$proc$/home/matthias/prog/janestreet/emulator-wt-hdmi-ulx3s/prototypes/fpga-ulx3s/rtl/ulx3s_top.v:70$28'.
  Set init value: \rst60_sr = 4'1111

12.4.5. Executing PROC_ARST pass (detect async resets in processes).
Found async reset \rst_async in `\ulx3s_top.$proc$/home/matthias/prog/janestreet/emulator-wt-hdmi-ulx3s/prototypes/fpga-ulx3s/rtl/ulx3s_top.v:73$4'.
Found async reset \rst_async in `\ulx3s_top.$proc$/home/matthias/prog/janestreet/emulator-wt-hdmi-ulx3s/prototypes/fpga-ulx3s/rtl/ulx3s_top.v:71$3'.

12.4.6. Executing PROC_ROM pass (convert switches to ROMs).
Converted 1 switch.
<suppressed ~228 debug messages>

12.4.7. Executing PROC_MUX pass (convert decision trees to multiplexers).
Creating decoders for process `\hdmi_serial_ddr.$proc$/home/matthias/prog/janestreet/emulator-wt-hdmi-ulx3s/prototypes/fpga-ulx3s/../hdmi-ulx3s/rtl/gen/hdmi_serial_ddr.v:243$2213'.
     1/1: $0\_116[9:0]
Creating decoders for process `\hdmi_serial_ddr.$proc$/home/matthias/prog/janestreet/emulator-wt-hdmi-ulx3s/prototypes/fpga-ulx3s/../hdmi-ulx3s/rtl/gen/hdmi_serial_ddr.v:236$2211'.
     1/1: $0\_68[0:0]
Creating decoders for process `\hdmi_serial_ddr.$proc$/home/matthias/prog/janestreet/emulator-wt-hdmi-ulx3s/prototypes/fpga-ulx3s/../hdmi-ulx3s/rtl/gen/hdmi_serial_ddr.v:228$2209'.
     1/1: $0\_109[0:0]
Creating decoders for process `\hdmi_serial_ddr.$proc$/home/matthias/prog/janestreet/emulator-wt-hdmi-ulx3s/prototypes/fpga-ulx3s/../hdmi-ulx3s/rtl/gen/hdmi_serial_ddr.v:220$2206'.
     1/1: $0\_45[0:0]
Creating decoders for process `\hdmi_serial_ddr.$proc$/home/matthias/prog/janestreet/emulator-wt-hdmi-ulx3s/prototypes/fpga-ulx3s/../hdmi-ulx3s/rtl/gen/hdmi_serial_ddr.v:214$2205'.
     1/1: $0\_42[0:0]
Creating decoders for process `\hdmi_serial_ddr.$proc$/home/matthias/prog/janestreet/emulator-wt-hdmi-ulx3s/prototypes/fpga-ulx3s/../hdmi-ulx3s/rtl/gen/hdmi_serial_ddr.v:207$2204'.
     1/1: $0\_48[0:0]
Creating decoders for process `\hdmi_serial_ddr.$proc$/home/matthias/prog/janestreet/emulator-wt-hdmi-ulx3s/prototypes/fpga-ulx3s/../hdmi-ulx3s/rtl/gen/hdmi_serial_ddr.v:199$2202'.
     1/1: $0\_105[2:0]
Creating decoders for process `\hdmi_serial_ddr.$proc$/home/matthias/prog/janestreet/emulator-wt-hdmi-ulx3s/prototypes/fpga-ulx3s/../hdmi-ulx3s/rtl/gen/hdmi_serial_ddr.v:180$2196'.
     1/1: $0\_93[9:0]
Creating decoders for process `\hdmi_serial_ddr.$proc$/home/matthias/prog/janestreet/emulator-wt-hdmi-ulx3s/prototypes/fpga-ulx3s/../hdmi-ulx3s/rtl/gen/hdmi_serial_ddr.v:168$2194'.
     1/1: $0\_85[9:0]
Creating decoders for process `\hdmi_serial_ddr.$proc$/home/matthias/prog/janestreet/emulator-wt-hdmi-ulx3s/prototypes/fpga-ulx3s/../hdmi-ulx3s/rtl/gen/hdmi_serial_ddr.v:156$2192'.
     1/1: $0\_77[9:0]
Creating decoders for process `\hdmi_serial_ddr.$proc$/home/matthias/prog/janestreet/emulator-wt-hdmi-ulx3s/prototypes/fpga-ulx3s/../hdmi-ulx3s/rtl/gen/hdmi_serial_ddr.v:142$2190'.
     1/1: $0\_64[0:0]
Creating decoders for process `\hdmi_serial_ddr.$proc$/home/matthias/prog/janestreet/emulator-wt-hdmi-ulx3s/prototypes/fpga-ulx3s/../hdmi-ulx3s/rtl/gen/hdmi_serial_ddr.v:125$2181'.
     1/1: $0\_39[0:0]
Creating decoders for process `\hdmi_serial_ddr.$proc$/home/matthias/prog/janestreet/emulator-wt-hdmi-ulx3s/prototypes/fpga-ulx3s/../hdmi-ulx3s/rtl/gen/hdmi_serial_ddr.v:118$2179'.
     1/1: $0\_28[0:0]
Creating decoders for process `\hdmi_serial_ddr.$proc$/home/matthias/prog/janestreet/emulator-wt-hdmi-ulx3s/prototypes/fpga-ulx3s/../hdmi-ulx3s/rtl/gen/hdmi_serial_ddr.v:110$2177'.
     1/1: $0\_35[25:0]
Creating decoders for process `\hdmi_pixel.$proc$/home/matthias/prog/janestreet/emulator-wt-hdmi-ulx3s/prototypes/fpga-ulx3s/../hdmi-ulx3s/rtl/gen/hdmi_pixel.v:1354$2174'.
     1/1: $0\_714[9:0]
Creating decoders for process `\hdmi_pixel.$proc$/home/matthias/prog/janestreet/emulator-wt-hdmi-ulx3s/prototypes/fpga-ulx3s/../hdmi-ulx3s/rtl/gen/hdmi_pixel.v:1347$2172'.
     1/1: $0\_44[0:0]
Creating decoders for process `\hdmi_pixel.$proc$/home/matthias/prog/janestreet/emulator-wt-hdmi-ulx3s/prototypes/fpga-ulx3s/../hdmi-ulx3s/rtl/gen/hdmi_pixel.v:1338$2169'.
     1/1: $0\_675[9:0]
Creating decoders for process `\hdmi_pixel.$proc$/home/matthias/prog/janestreet/emulator-wt-hdmi-ulx3s/prototypes/fpga-ulx3s/../hdmi-ulx3s/rtl/gen/hdmi_pixel.v:1324$2164'.
     1/1: $0\_668[9:0]
Creating decoders for process `\hdmi_pixel.$proc$/home/matthias/prog/janestreet/emulator-wt-hdmi-ulx3s/prototypes/fpga-ulx3s/../hdmi-ulx3s/rtl/gen/hdmi_pixel.v:1306$2159'.
     1/1: $0\_701[9:0]
Creating decoders for process `\hdmi_pixel.$proc$/home/matthias/prog/janestreet/emulator-wt-hdmi-ulx3s/prototypes/fpga-ulx3s/../hdmi-ulx3s/rtl/gen/hdmi_pixel.v:1298$2158'.
     1/1: $0\_685[0:0]
Creating decoders for process `\hdmi_pixel.$proc$/home/matthias/prog/janestreet/emulator-wt-hdmi-ulx3s/prototypes/fpga-ulx3s/../hdmi-ulx3s/rtl/gen/hdmi_pixel.v:1285$2152'.
     1/1: $0\_695[0:0]
Creating decoders for process `\hdmi_pixel.$proc$/home/matthias/prog/janestreet/emulator-wt-hdmi-ulx3s/prototypes/fpga-ulx3s/../hdmi-ulx3s/rtl/gen/hdmi_pixel.v:1265$2143'.
     1/1: $0\_656[4:0]
Creating decoders for process `\hdmi_pixel.$proc$/home/matthias/prog/janestreet/emulator-wt-hdmi-ulx3s/prototypes/fpga-ulx3s/../hdmi-ulx3s/rtl/gen/hdmi_pixel.v:1226$2124'.
     1/1: $0\_513[7:0]
Creating decoders for process `\hdmi_pixel.$proc$/home/matthias/prog/janestreet/emulator-wt-hdmi-ulx3s/prototypes/fpga-ulx3s/../hdmi-ulx3s/rtl/gen/hdmi_pixel.v:1013$2026'.
     1/1: $0\_480[9:0]
Creating decoders for process `\hdmi_pixel.$proc$/home/matthias/prog/janestreet/emulator-wt-hdmi-ulx3s/prototypes/fpga-ulx3s/../hdmi-ulx3s/rtl/gen/hdmi_pixel.v:1002$2021'.
     1/1: $0\_466[4:0]
Creating decoders for process `\hdmi_pixel.$proc$/home/matthias/prog/janestreet/emulator-wt-hdmi-ulx3s/prototypes/fpga-ulx3s/../hdmi-ulx3s/rtl/gen/hdmi_pixel.v:963$2002'.
     1/1: $0\_323[7:0]
Creating decoders for process `\hdmi_pixel.$proc$/home/matthias/prog/janestreet/emulator-wt-hdmi-ulx3s/prototypes/fpga-ulx3s/../hdmi-ulx3s/rtl/gen/hdmi_pixel.v:822$1943'.
     1/1: $0\_300[9:0]
Creating decoders for process `\hdmi_pixel.$proc$/home/matthias/prog/janestreet/emulator-wt-hdmi-ulx3s/prototypes/fpga-ulx3s/../hdmi-ulx3s/rtl/gen/hdmi_pixel.v:810$1938'.
     1/1: $0\_286[4:0]
Creating decoders for process `\hdmi_pixel.$proc$/home/matthias/prog/janestreet/emulator-wt-hdmi-ulx3s/prototypes/fpga-ulx3s/../hdmi-ulx3s/rtl/gen/hdmi_pixel.v:771$1919'.
     1/1: $0\_142[7:0]
Creating decoders for process `\hdmi_pixel.$proc$/home/matthias/prog/janestreet/emulator-wt-hdmi-ulx3s/prototypes/fpga-ulx3s/../hdmi-ulx3s/rtl/gen/hdmi_pixel.v:611$1854'.
     1/1: $0\_36[0:0]
Creating decoders for process `\hdmi_pixel.$proc$/home/matthias/prog/janestreet/emulator-wt-hdmi-ulx3s/prototypes/fpga-ulx3s/../hdmi-ulx3s/rtl/gen/hdmi_pixel.v:603$1852'.
     1/1: $0\_32[0:0]
Creating decoders for process `\hdmi_pixel.$proc$/home/matthias/prog/janestreet/emulator-wt-hdmi-ulx3s/prototypes/fpga-ulx3s/../hdmi-ulx3s/rtl/gen/hdmi_pixel.v:596$1850'.
     1/1: $0\_21[0:0]
Creating decoders for process `\hdmi_pixel.$proc$/home/matthias/prog/janestreet/emulator-wt-hdmi-ulx3s/prototypes/fpga-ulx3s/../hdmi-ulx3s/rtl/gen/hdmi_pixel.v:588$1848'.
     1/1: $0\_28[23:0]
Creating decoders for process `\hdmi_out.$proc$/home/matthias/prog/janestreet/emulator-wt-hdmi-ulx3s/prototypes/fpga-ulx3s/../hdmi-ulx3s/rtl/hdmi_out.v:23$1845'.
Creating decoders for process `\hdmi_out.$proc$/home/matthias/prog/janestreet/emulator-wt-hdmi-ulx3s/prototypes/fpga-ulx3s/../hdmi-ulx3s/rtl/hdmi_out.v:23$1844'.
Creating decoders for process `\hdmi_out.$proc$/home/matthias/prog/janestreet/emulator-wt-hdmi-ulx3s/prototypes/fpga-ulx3s/../hdmi-ulx3s/rtl/hdmi_out.v:22$1843'.
Creating decoders for process `\hdmi_out.$proc$/home/matthias/prog/janestreet/emulator-wt-hdmi-ulx3s/prototypes/fpga-ulx3s/../hdmi-ulx3s/rtl/hdmi_out.v:22$1842'.
Creating decoders for process `\hdmi_out.$proc$/home/matthias/prog/janestreet/emulator-wt-hdmi-ulx3s/prototypes/fpga-ulx3s/../hdmi-ulx3s/rtl/hdmi_out.v:28$1836'.
Creating decoders for process `\hdmi_out.$proc$/home/matthias/prog/janestreet/emulator-wt-hdmi-ulx3s/prototypes/fpga-ulx3s/../hdmi-ulx3s/rtl/hdmi_out.v:24$1832'.
Creating decoders for process `\usb_fs_device.$proc$/home/matthias/prog/janestreet/emulator-wt-hdmi-ulx3s/prototypes/fpga-ulx3s/rtl/gen/usb_fs_device.v:3153$1830'.
     1/1: $0\_393[0:0]
Creating decoders for process `\usb_fs_device.$proc$/home/matthias/prog/janestreet/emulator-wt-hdmi-ulx3s/prototypes/fpga-ulx3s/rtl/gen/usb_fs_device.v:3144$1827'.
     1/1: $0\_373[2:0]
Creating decoders for process `\usb_fs_device.$proc$/home/matthias/prog/janestreet/emulator-wt-hdmi-ulx3s/prototypes/fpga-ulx3s/rtl/gen/usb_fs_device.v:3122$1812'.
     1/1: $0\_383[1:0]
Creating decoders for process `\usb_fs_device.$proc$/home/matthias/prog/janestreet/emulator-wt-hdmi-ulx3s/prototypes/fpga-ulx3s/rtl/gen/usb_fs_device.v:3095$1792'.
     1/1: $0\_804[0:0]
Creating decoders for process `\usb_fs_device.$proc$/home/matthias/prog/janestreet/emulator-wt-hdmi-ulx3s/prototypes/fpga-ulx3s/rtl/gen/usb_fs_device.v:3081$1785'.
     1/1: $0\_1439[1:0]
Creating decoders for process `\usb_fs_device.$proc$/home/matthias/prog/janestreet/emulator-wt-hdmi-ulx3s/prototypes/fpga-ulx3s/rtl/gen/usb_fs_device.v:3069$1781'.
     1/1: $0\_1447[0:0]
Creating decoders for process `\usb_fs_device.$proc$/home/matthias/prog/janestreet/emulator-wt-hdmi-ulx3s/prototypes/fpga-ulx3s/rtl/gen/usb_fs_device.v:3063$1780'.
     1/1: $0\_1444[0:0]
Creating decoders for process `\usb_fs_device.$proc$/home/matthias/prog/janestreet/emulator-wt-hdmi-ulx3s/prototypes/fpga-ulx3s/rtl/gen/usb_fs_device.v:3056$1779'.
     1/1: $0\_1453[0:0]
Creating decoders for process `\usb_fs_device.$proc$/home/matthias/prog/janestreet/emulator-wt-hdmi-ulx3s/prototypes/fpga-ulx3s/rtl/gen/usb_fs_device.v:3050$1778'.
     1/1: $0\_1450[0:0]
Creating decoders for process `\usb_fs_device.$proc$/home/matthias/prog/janestreet/emulator-wt-hdmi-ulx3s/prototypes/fpga-ulx3s/rtl/gen/usb_fs_device.v:3044$1777'.
     1/1: $0\_1457[1:0]
Creating decoders for process `\usb_fs_device.$proc$/home/matthias/prog/janestreet/emulator-wt-hdmi-ulx3s/prototypes/fpga-ulx3s/rtl/gen/usb_fs_device.v:3033$1772'.
     1/1: $0\_1467[1:0]
Creating decoders for process `\usb_fs_device.$proc$/home/matthias/prog/janestreet/emulator-wt-hdmi-ulx3s/prototypes/fpga-ulx3s/rtl/gen/usb_fs_device.v:3007$1754'.
     1/1: $0\_1481[0:0]
Creating decoders for process `\usb_fs_device.$proc$/home/matthias/prog/janestreet/emulator-wt-hdmi-ulx3s/prototypes/fpga-ulx3s/rtl/gen/usb_fs_device.v:2978$1732'.
     1/1: $0\_89[7:0]
Creating decoders for process `\usb_fs_device.$proc$/home/matthias/prog/janestreet/emulator-wt-hdmi-ulx3s/prototypes/fpga-ulx3s/rtl/gen/usb_fs_device.v:2962$1723'.
     1/1: $0\_1474[2:0]
Creating decoders for process `\usb_fs_device.$proc$/home/matthias/prog/janestreet/emulator-wt-hdmi-ulx3s/prototypes/fpga-ulx3s/rtl/gen/usb_fs_device.v:2942$1709'.
     1/1: $0\_1492[2:0]
Creating decoders for process `\usb_fs_device.$proc$/home/matthias/prog/janestreet/emulator-wt-hdmi-ulx3s/prototypes/fpga-ulx3s/rtl/gen/usb_fs_device.v:2918$1692'.
     1/1: $0\_104[3:0]
Creating decoders for process `\usb_fs_device.$proc$/home/matthias/prog/janestreet/emulator-wt-hdmi-ulx3s/prototypes/fpga-ulx3s/rtl/gen/usb_fs_device.v:2894$1677'.
     1/1: $0\_1464[7:0]
Creating decoders for process `\usb_fs_device.$proc$/home/matthias/prog/janestreet/emulator-wt-hdmi-ulx3s/prototypes/fpga-ulx3s/rtl/gen/usb_fs_device.v:2815$1626'.
     1/1: $0\_111[7:0]
Creating decoders for process `\usb_fs_device.$proc$/home/matthias/prog/janestreet/emulator-wt-hdmi-ulx3s/prototypes/fpga-ulx3s/rtl/gen/usb_fs_device.v:2746$1615'.
     1/1: $0\_204[7:0]
Creating decoders for process `\usb_fs_device.$proc$/home/matthias/prog/janestreet/emulator-wt-hdmi-ulx3s/prototypes/fpga-ulx3s/rtl/gen/usb_fs_device.v:2670$1602'.
     1/1: $0\_307[6:0]
Creating decoders for process `\usb_fs_device.$proc$/home/matthias/prog/janestreet/emulator-wt-hdmi-ulx3s/prototypes/fpga-ulx3s/rtl/gen/usb_fs_device.v:2657$1595'.
     1/1: $0\_603[0:0]
Creating decoders for process `\usb_fs_device.$proc$/home/matthias/prog/janestreet/emulator-wt-hdmi-ulx3s/prototypes/fpga-ulx3s/rtl/gen/usb_fs_device.v:2635$1584'.
     1/1: $0\_643[0:0]
Creating decoders for process `\usb_fs_device.$proc$/home/matthias/prog/janestreet/emulator-wt-hdmi-ulx3s/prototypes/fpga-ulx3s/rtl/gen/usb_fs_device.v:2620$1575'.
     1/1: $0\_631[0:0]
Creating decoders for process `\usb_fs_device.$proc$/home/matthias/prog/janestreet/emulator-wt-hdmi-ulx3s/prototypes/fpga-ulx3s/rtl/gen/usb_fs_device.v:2599$1562'.
     1/1: $0\_321[15:0]
Creating decoders for process `\usb_fs_device.$proc$/home/matthias/prog/janestreet/emulator-wt-hdmi-ulx3s/prototypes/fpga-ulx3s/rtl/gen/usb_fs_device.v:2494$1528'.
     1/1: $0\_638[3:0]
Creating decoders for process `\usb_fs_device.$proc$/home/matthias/prog/janestreet/emulator-wt-hdmi-ulx3s/prototypes/fpga-ulx3s/rtl/gen/usb_fs_device.v:2482$1522'.
     1/1: $0\_609[0:0]
Creating decoders for process `\usb_fs_device.$proc$/home/matthias/prog/janestreet/emulator-wt-hdmi-ulx3s/prototypes/fpga-ulx3s/rtl/gen/usb_fs_device.v:2467$1513'.
     1/1: $0\_612[2:0]
Creating decoders for process `\usb_fs_device.$proc$/home/matthias/prog/janestreet/emulator-wt-hdmi-ulx3s/prototypes/fpga-ulx3s/rtl/gen/usb_fs_device.v:2454$1506'.
     1/1: $0\_317[0:0]
Creating decoders for process `\usb_fs_device.$proc$/home/matthias/prog/janestreet/emulator-wt-hdmi-ulx3s/prototypes/fpga-ulx3s/rtl/gen/usb_fs_device.v:2433$1491'.
     1/1: $0\_336[7:0]
Creating decoders for process `\usb_fs_device.$proc$/home/matthias/prog/janestreet/emulator-wt-hdmi-ulx3s/prototypes/fpga-ulx3s/rtl/gen/usb_fs_device.v:2422$1486'.
     1/1: $0\_341[7:0]
Creating decoders for process `\usb_fs_device.$proc$/home/matthias/prog/janestreet/emulator-wt-hdmi-ulx3s/prototypes/fpga-ulx3s/rtl/gen/usb_fs_device.v:2408$1480'.
     1/1: $0\_347[7:0]
Creating decoders for process `\usb_fs_device.$proc$/home/matthias/prog/janestreet/emulator-wt-hdmi-ulx3s/prototypes/fpga-ulx3s/rtl/gen/usb_fs_device.v:2371$1452'.
     1/1: $0\_1172[3:0]
Creating decoders for process `\usb_fs_device.$proc$/home/matthias/prog/janestreet/emulator-wt-hdmi-ulx3s/prototypes/fpga-ulx3s/rtl/gen/usb_fs_device.v:2358$1445'.
     1/1: $0\_938[3:0]
Creating decoders for process `\usb_fs_device.$proc$/home/matthias/prog/janestreet/emulator-wt-hdmi-ulx3s/prototypes/fpga-ulx3s/rtl/gen/usb_fs_device.v:2337$1431'.
     1/1: $0\_957[5:0]
Creating decoders for process `\usb_fs_device.$proc$/home/matthias/prog/janestreet/emulator-wt-hdmi-ulx3s/prototypes/fpga-ulx3s/rtl/gen/usb_fs_device.v:2321$1421'.
     1/1: $0\_697[7:0]
Creating decoders for process `\usb_fs_device.$proc$/home/matthias/prog/janestreet/emulator-wt-hdmi-ulx3s/prototypes/fpga-ulx3s/rtl/gen/usb_fs_device.v:2309$1415'.
     1/1: $0\_706[7:0]
Creating decoders for process `\usb_fs_device.$proc$/home/matthias/prog/janestreet/emulator-wt-hdmi-ulx3s/prototypes/fpga-ulx3s/rtl/gen/usb_fs_device.v:2293$1409'.
     1/1: $0\_480[5:0]
Creating decoders for process `\usb_fs_device.$proc$/home/matthias/prog/janestreet/emulator-wt-hdmi-ulx3s/prototypes/fpga-ulx3s/rtl/gen/usb_fs_device.v:2268$1395'.
     1/1: $0\_1137[0:0]
Creating decoders for process `\usb_fs_device.$proc$/home/matthias/prog/janestreet/emulator-wt-hdmi-ulx3s/prototypes/fpga-ulx3s/rtl/gen/usb_fs_device.v:2224$1362'.
     1/1: $0\_1123[0:0]
Creating decoders for process `\usb_fs_device.$proc$/home/matthias/prog/janestreet/emulator-wt-hdmi-ulx3s/prototypes/fpga-ulx3s/rtl/gen/usb_fs_device.v:2206$1350'.
     1/1: $0\_1113[6:0]
Creating decoders for process `\usb_fs_device.$proc$/home/matthias/prog/janestreet/emulator-wt-hdmi-ulx3s/prototypes/fpga-ulx3s/rtl/gen/usb_fs_device.v:2192$1343'.
     1/1: $0\_749[7:0]
Creating decoders for process `\usb_fs_device.$proc$/home/matthias/prog/janestreet/emulator-wt-hdmi-ulx3s/prototypes/fpga-ulx3s/rtl/gen/usb_fs_device.v:2157$1316'.
     1/1: $0\_807[4:0]
Creating decoders for process `\usb_fs_device.$proc$/home/matthias/prog/janestreet/emulator-wt-hdmi-ulx3s/prototypes/fpga-ulx3s/rtl/gen/usb_fs_device.v:2116$1284'.
     1/1: $0\_409[2:0]
Creating decoders for process `\usb_fs_device.$proc$/home/matthias/prog/janestreet/emulator-wt-hdmi-ulx3s/prototypes/fpga-ulx3s/rtl/gen/usb_fs_device.v:2099$1273'.
     1/1: $0\_414[3:0]
Creating decoders for process `\usb_fs_device.$proc$/home/matthias/prog/janestreet/emulator-wt-hdmi-ulx3s/prototypes/fpga-ulx3s/rtl/gen/usb_fs_device.v:2080$1260'.
     1/1: $0\_434[0:0]
Creating decoders for process `\usb_fs_device.$proc$/home/matthias/prog/janestreet/emulator-wt-hdmi-ulx3s/prototypes/fpga-ulx3s/rtl/gen/usb_fs_device.v:2065$1251'.
     1/1: $0\_437[4:0]
Creating decoders for process `\usb_fs_device.$proc$/home/matthias/prog/janestreet/emulator-wt-hdmi-ulx3s/prototypes/fpga-ulx3s/rtl/gen/usb_fs_device.v:2035$1229'.
     1/1: $0\_440[0:0]
Creating decoders for process `\usb_fs_device.$proc$/home/matthias/prog/janestreet/emulator-wt-hdmi-ulx3s/prototypes/fpga-ulx3s/rtl/gen/usb_fs_device.v:2002$1204'.
     1/1: $0\_444[3:0]
Creating decoders for process `\usb_fs_device.$proc$/home/matthias/prog/janestreet/emulator-wt-hdmi-ulx3s/prototypes/fpga-ulx3s/rtl/gen/usb_fs_device.v:1948$1174'.
     1/1: $0\_429[0:0]
Creating decoders for process `\usb_fs_device.$proc$/home/matthias/prog/janestreet/emulator-wt-hdmi-ulx3s/prototypes/fpga-ulx3s/rtl/gen/usb_fs_device.v:1940$1173'.
     1/1: $0\_420[7:0]
Creating decoders for process `\usb_fs_device.$proc$/home/matthias/prog/janestreet/emulator-wt-hdmi-ulx3s/prototypes/fpga-ulx3s/rtl/gen/usb_fs_device.v:1907$1152'.
     1/1: $0\_466[15:0]
Creating decoders for process `\usb_fs_device.$proc$/home/matthias/prog/janestreet/emulator-wt-hdmi-ulx3s/prototypes/fpga-ulx3s/rtl/gen/usb_fs_device.v:1869$1130'.
     1/1: $0\_474[0:0]
Creating decoders for process `\usb_fs_device.$proc$/home/matthias/prog/janestreet/emulator-wt-hdmi-ulx3s/prototypes/fpga-ulx3s/rtl/gen/usb_fs_device.v:1741$1106'.
     1/1: $0\_536[7:0]
Creating decoders for process `\usb_fs_device.$proc$/home/matthias/prog/janestreet/emulator-wt-hdmi-ulx3s/prototypes/fpga-ulx3s/rtl/gen/usb_fs_device.v:1733$1103'.
     1/1: $0\_477[5:0]
Creating decoders for process `\usb_fs_device.$proc$/home/matthias/prog/janestreet/emulator-wt-hdmi-ulx3s/prototypes/fpga-ulx3s/rtl/gen/usb_fs_device.v:1687$1094'.
     1/1: $0\_564[7:0]
Creating decoders for process `\usb_fs_device.$proc$/home/matthias/prog/janestreet/emulator-wt-hdmi-ulx3s/prototypes/fpga-ulx3s/rtl/gen/usb_fs_device.v:1678$1092'.
     1/1: $0\_542[7:0]
Creating decoders for process `\usb_fs_device.$proc$/home/matthias/prog/janestreet/emulator-wt-hdmi-ulx3s/prototypes/fpga-ulx3s/rtl/gen/usb_fs_device.v:1665$1085'.
     1/1: $0\_545[7:0]
Creating decoders for process `\usb_fs_device.$proc$/home/matthias/prog/janestreet/emulator-wt-hdmi-ulx3s/prototypes/fpga-ulx3s/rtl/gen/usb_fs_device.v:1652$1078'.
     1/1: $0\_548[7:0]
Creating decoders for process `\usb_fs_device.$proc$/home/matthias/prog/janestreet/emulator-wt-hdmi-ulx3s/prototypes/fpga-ulx3s/rtl/gen/usb_fs_device.v:1639$1071'.
     1/1: $0\_551[7:0]
Creating decoders for process `\usb_fs_device.$proc$/home/matthias/prog/janestreet/emulator-wt-hdmi-ulx3s/prototypes/fpga-ulx3s/rtl/gen/usb_fs_device.v:1626$1064'.
     1/1: $0\_554[7:0]
Creating decoders for process `\usb_fs_device.$proc$/home/matthias/prog/janestreet/emulator-wt-hdmi-ulx3s/prototypes/fpga-ulx3s/rtl/gen/usb_fs_device.v:1613$1057'.
     1/1: $0\_730[7:0]
Creating decoders for process `\usb_fs_device.$proc$/home/matthias/prog/janestreet/emulator-wt-hdmi-ulx3s/prototypes/fpga-ulx3s/rtl/gen/usb_fs_device.v:1602$1053'.
     1/1: $0\_557[7:0]
Creating decoders for process `\usb_fs_device.$proc$/home/matthias/prog/janestreet/emulator-wt-hdmi-ulx3s/prototypes/fpga-ulx3s/rtl/gen/usb_fs_device.v:1589$1046'.
     1/1: $0\_717[7:0]
Creating decoders for process `\usb_fs_device.$proc$/home/matthias/prog/janestreet/emulator-wt-hdmi-ulx3s/prototypes/fpga-ulx3s/rtl/gen/usb_fs_device.v:1578$1042'.
     1/1: $0\_560[7:0]
Creating decoders for process `\usb_fs_device.$proc$/home/matthias/prog/janestreet/emulator-wt-hdmi-ulx3s/prototypes/fpga-ulx3s/rtl/gen/usb_fs_device.v:1565$1035'.
     1/1: $0\_563[7:0]
Creating decoders for process `\usb_fs_device.$proc$/home/matthias/prog/janestreet/emulator-wt-hdmi-ulx3s/prototypes/fpga-ulx3s/rtl/gen/usb_fs_device.v:1485$1019'.
     1/1: $0\_569[7:0]
Creating decoders for process `\usb_fs_device.$proc$/home/matthias/prog/janestreet/emulator-wt-hdmi-ulx3s/prototypes/fpga-ulx3s/rtl/gen/usb_fs_device.v:1463$1004'.
     1/1: $0\_623[0:0]
Creating decoders for process `\usb_fs_device.$proc$/home/matthias/prog/janestreet/emulator-wt-hdmi-ulx3s/prototypes/fpga-ulx3s/rtl/gen/usb_fs_device.v:1438$987'.
     1/1: $0\_597[0:0]
Creating decoders for process `\usb_fs_device.$proc$/home/matthias/prog/janestreet/emulator-wt-hdmi-ulx3s/prototypes/fpga-ulx3s/rtl/gen/usb_fs_device.v:1373$944'.
     1/1: $0\_396[0:0]
Creating decoders for process `\usb_fs_device.$proc$/home/matthias/prog/janestreet/emulator-wt-hdmi-ulx3s/prototypes/fpga-ulx3s/rtl/gen/usb_fs_device.v:1336$915'.
     1/1: $0\_380[0:0]
Creating decoders for process `\usb_fs_device.$proc$/home/matthias/prog/janestreet/emulator-wt-hdmi-ulx3s/prototypes/fpga-ulx3s/rtl/gen/usb_fs_device.v:1323$908'.
     1/1: $0\_86[0:0]
Creating decoders for process `\pin_sampler.$proc$/home/matthias/prog/janestreet/emulator-wt-hdmi-ulx3s/prototypes/fpga-ulx3s/rtl/gen/pin_sampler.v:498$900'.
     1/1: $0\_173[19:0]
Creating decoders for process `\pin_sampler.$proc$/home/matthias/prog/janestreet/emulator-wt-hdmi-ulx3s/prototypes/fpga-ulx3s/rtl/gen/pin_sampler.v:491$899'.
     1/1: $0\_236[1:0]
Creating decoders for process `\pin_sampler.$proc$/home/matthias/prog/janestreet/emulator-wt-hdmi-ulx3s/prototypes/fpga-ulx3s/rtl/gen/pin_sampler.v:480$894'.
     1/1: $0\_230[2:0]
Creating decoders for process `\pin_sampler.$proc$/home/matthias/prog/janestreet/emulator-wt-hdmi-ulx3s/prototypes/fpga-ulx3s/rtl/gen/pin_sampler.v:463$885'.
     1/1: $0\_221[0:0]
Creating decoders for process `\pin_sampler.$proc$/home/matthias/prog/janestreet/emulator-wt-hdmi-ulx3s/prototypes/fpga-ulx3s/rtl/gen/pin_sampler.v:448$876'.
     1/1: $0\_214[7:0]
Creating decoders for process `\pin_sampler.$proc$/home/matthias/prog/janestreet/emulator-wt-hdmi-ulx3s/prototypes/fpga-ulx3s/rtl/gen/pin_sampler.v:432$866'.
     1/1: $0\_33[0:0]
Creating decoders for process `\pin_sampler.$proc$/home/matthias/prog/janestreet/emulator-wt-hdmi-ulx3s/prototypes/fpga-ulx3s/rtl/gen/pin_sampler.v:419$864'.
     1/1: $0\_38[0:0]
Creating decoders for process `\pin_sampler.$proc$/home/matthias/prog/janestreet/emulator-wt-hdmi-ulx3s/prototypes/fpga-ulx3s/rtl/gen/pin_sampler.v:401$861'.
     1/1: $0\_48[0:0]
Creating decoders for process `\pin_sampler.$proc$/home/matthias/prog/janestreet/emulator-wt-hdmi-ulx3s/prototypes/fpga-ulx3s/rtl/gen/pin_sampler.v:394$860'.
     1/1: $0\_43[3:0]
Creating decoders for process `\pin_sampler.$proc$/home/matthias/prog/janestreet/emulator-wt-hdmi-ulx3s/prototypes/fpga-ulx3s/rtl/gen/pin_sampler.v:382$858'.
     1/1: $0\_208[11:0]
Creating decoders for process `\pin_sampler.$proc$/home/matthias/prog/janestreet/emulator-wt-hdmi-ulx3s/prototypes/fpga-ulx3s/rtl/gen/pin_sampler.v:364$847'.
     1/1: $0\_192[4:0]
Creating decoders for process `\pin_sampler.$proc$/home/matthias/prog/janestreet/emulator-wt-hdmi-ulx3s/prototypes/fpga-ulx3s/rtl/gen/pin_sampler.v:338$836'.
     1/1: $0\_151[19:0]
Creating decoders for process `\pin_sampler.$proc$/home/matthias/prog/janestreet/emulator-wt-hdmi-ulx3s/prototypes/fpga-ulx3s/rtl/gen/pin_sampler.v:325$832'.
     1/1: $0\_186[15:0]
Creating decoders for process `\pin_sampler.$proc$/home/matthias/prog/janestreet/emulator-wt-hdmi-ulx3s/prototypes/fpga-ulx3s/rtl/gen/pin_sampler.v:264$814'.
     1/1: $0\_180[1:0]
Creating decoders for process `\pin_sampler.$proc$/home/matthias/prog/janestreet/emulator-wt-hdmi-ulx3s/prototypes/fpga-ulx3s/rtl/gen/pin_sampler.v:254$811'.
     1/1: $0\_158[19:0]
Creating decoders for process `\pin_sampler.$proc$/home/matthias/prog/janestreet/emulator-wt-hdmi-ulx3s/prototypes/fpga-ulx3s/rtl/gen/pin_sampler.v:242$808'.
     1/1: $0\_165[19:0]
Creating decoders for process `\pin_sampler.$proc$/home/matthias/prog/janestreet/emulator-wt-hdmi-ulx3s/prototypes/fpga-ulx3s/rtl/gen/pin_sampler.v:230$805'.
     1/1: $0\_172[19:0]
Creating decoders for process `\pin_sampler.$proc$/home/matthias/prog/janestreet/emulator-wt-hdmi-ulx3s/prototypes/fpga-ulx3s/rtl/gen/pin_sampler.v:217$802'.
     1/1: $0\_89[7:0]
Creating decoders for process `\pin_streamer.$proc$/home/matthias/prog/janestreet/emulator-wt-hdmi-ulx3s/prototypes/fpga-ulx3s/rtl/gen/pin_streamer.v:373$796'.
     1/1: $0\_178[0:0]
Creating decoders for process `\pin_streamer.$proc$/home/matthias/prog/janestreet/emulator-wt-hdmi-ulx3s/prototypes/fpga-ulx3s/rtl/gen/pin_streamer.v:363$792'.
     1/1: $0\_172[11:0]
Creating decoders for process `\pin_streamer.$proc$/home/matthias/prog/janestreet/emulator-wt-hdmi-ulx3s/prototypes/fpga-ulx3s/rtl/gen/pin_streamer.v:343$781'.
     1/1: $0\_163[4:0]
Creating decoders for process `\pin_streamer.$proc$/home/matthias/prog/janestreet/emulator-wt-hdmi-ulx3s/prototypes/fpga-ulx3s/rtl/gen/pin_streamer.v:331$776'.
     1/1: $0\_157[2:0]
Creating decoders for process `\pin_streamer.$proc$/home/matthias/prog/janestreet/emulator-wt-hdmi-ulx3s/prototypes/fpga-ulx3s/rtl/gen/pin_streamer.v:304$767'.
     1/1: $0\_64[19:0]
Creating decoders for process `\pin_streamer.$proc$/home/matthias/prog/janestreet/emulator-wt-hdmi-ulx3s/prototypes/fpga-ulx3s/rtl/gen/pin_streamer.v:297$766'.
     1/1: $0\_148[1:0]
Creating decoders for process `\pin_streamer.$proc$/home/matthias/prog/janestreet/emulator-wt-hdmi-ulx3s/prototypes/fpga-ulx3s/rtl/gen/pin_streamer.v:288$763'.
     1/1: $0\_42[19:0]
Creating decoders for process `\pin_streamer.$proc$/home/matthias/prog/janestreet/emulator-wt-hdmi-ulx3s/prototypes/fpga-ulx3s/rtl/gen/pin_streamer.v:277$760'.
     1/1: $0\_142[1:0]
Creating decoders for process `\pin_streamer.$proc$/home/matthias/prog/janestreet/emulator-wt-hdmi-ulx3s/prototypes/fpga-ulx3s/rtl/gen/pin_streamer.v:268$757'.
     1/1: $0\_49[19:0]
Creating decoders for process `\pin_streamer.$proc$/home/matthias/prog/janestreet/emulator-wt-hdmi-ulx3s/prototypes/fpga-ulx3s/rtl/gen/pin_streamer.v:256$754'.
     1/1: $0\_56[19:0]
Creating decoders for process `\pin_streamer.$proc$/home/matthias/prog/janestreet/emulator-wt-hdmi-ulx3s/prototypes/fpga-ulx3s/rtl/gen/pin_streamer.v:244$751'.
     1/1: $0\_63[19:0]
Creating decoders for process `\pin_streamer.$proc$/home/matthias/prog/janestreet/emulator-wt-hdmi-ulx3s/prototypes/fpga-ulx3s/rtl/gen/pin_streamer.v:217$741'.
     1/1: $0\_136[3:0]
Creating decoders for process `\pin_streamer.$proc$/home/matthias/prog/janestreet/emulator-wt-hdmi-ulx3s/prototypes/fpga-ulx3s/rtl/gen/pin_streamer.v:205$736'.
     1/1: $0\_130[15:0]
Creating decoders for process `\pin_streamer.$proc$/home/matthias/prog/janestreet/emulator-wt-hdmi-ulx3s/prototypes/fpga-ulx3s/rtl/gen/pin_streamer.v:168$723'.
     1/1: $0\_110[3:0]
Creating decoders for process `\deadline_sequencer.$proc$/home/matthias/prog/janestreet/emulator-wt-hdmi-ulx3s/prototypes/fpga-ulx3s/rtl/gen/deadline_sequencer.v:1215$715'.
     1/1: $0\_258[1:0]
Creating decoders for process `\deadline_sequencer.$proc$/home/matthias/prog/janestreet/emulator-wt-hdmi-ulx3s/prototypes/fpga-ulx3s/rtl/gen/deadline_sequencer.v:1200$713'.
     1/1: $0\_570[5:0]
Creating decoders for process `\deadline_sequencer.$proc$/home/matthias/prog/janestreet/emulator-wt-hdmi-ulx3s/prototypes/fpga-ulx3s/rtl/gen/deadline_sequencer.v:1194$712'.
     1/1: $0\_239[5:0]
Creating decoders for process `\deadline_sequencer.$proc$/home/matthias/prog/janestreet/emulator-wt-hdmi-ulx3s/prototypes/fpga-ulx3s/rtl/gen/deadline_sequencer.v:1158$696'.
     1/1: $0\_542[5:0]
Creating decoders for process `\deadline_sequencer.$proc$/home/matthias/prog/janestreet/emulator-wt-hdmi-ulx3s/prototypes/fpga-ulx3s/rtl/gen/deadline_sequencer.v:1152$695'.
     1/1: $0\_236[5:0]
Creating decoders for process `\deadline_sequencer.$proc$/home/matthias/prog/janestreet/emulator-wt-hdmi-ulx3s/prototypes/fpga-ulx3s/rtl/gen/deadline_sequencer.v:1143$692'.
     1/1: $0\_233[5:0]
Creating decoders for process `\deadline_sequencer.$proc$/home/matthias/prog/janestreet/emulator-wt-hdmi-ulx3s/prototypes/fpga-ulx3s/rtl/gen/deadline_sequencer.v:1134$689'.
     1/1: $0\_230[5:0]
Creating decoders for process `\deadline_sequencer.$proc$/home/matthias/prog/janestreet/emulator-wt-hdmi-ulx3s/prototypes/fpga-ulx3s/rtl/gen/deadline_sequencer.v:1114$682'.
     1/1: $0\_519[11:0]
Creating decoders for process `\deadline_sequencer.$proc$/home/matthias/prog/janestreet/emulator-wt-hdmi-ulx3s/prototypes/fpga-ulx3s/rtl/gen/deadline_sequencer.v:1108$681'.
     1/1: $0\_518[11:0]
Creating decoders for process `\deadline_sequencer.$proc$/home/matthias/prog/janestreet/emulator-wt-hdmi-ulx3s/prototypes/fpga-ulx3s/rtl/gen/deadline_sequencer.v:1087$671'.
     1/1: $0\_510[11:0]
Creating decoders for process `\deadline_sequencer.$proc$/home/matthias/prog/janestreet/emulator-wt-hdmi-ulx3s/prototypes/fpga-ulx3s/rtl/gen/deadline_sequencer.v:1079$669'.
     1/1: $0\_506[11:0]
Creating decoders for process `\deadline_sequencer.$proc$/home/matthias/prog/janestreet/emulator-wt-hdmi-ulx3s/prototypes/fpga-ulx3s/rtl/gen/deadline_sequencer.v:1071$667'.
     1/1: $0\_502[11:0]
Creating decoders for process `\deadline_sequencer.$proc$/home/matthias/prog/janestreet/emulator-wt-hdmi-ulx3s/prototypes/fpga-ulx3s/rtl/gen/deadline_sequencer.v:1054$663'.
     1/1: $0\_491[11:0]
Creating decoders for process `\deadline_sequencer.$proc$/home/matthias/prog/janestreet/emulator-wt-hdmi-ulx3s/prototypes/fpga-ulx3s/rtl/gen/deadline_sequencer.v:1048$662'.
     1/1: $0\_490[11:0]
Creating decoders for process `\deadline_sequencer.$proc$/home/matthias/prog/janestreet/emulator-wt-hdmi-ulx3s/prototypes/fpga-ulx3s/rtl/gen/deadline_sequencer.v:1032$655'.
     1/1: $0\_484[11:0]
Creating decoders for process `\deadline_sequencer.$proc$/home/matthias/prog/janestreet/emulator-wt-hdmi-ulx3s/prototypes/fpga-ulx3s/rtl/gen/deadline_sequencer.v:1024$653'.
     1/1: $0\_480[11:0]
Creating decoders for process `\deadline_sequencer.$proc$/home/matthias/prog/janestreet/emulator-wt-hdmi-ulx3s/prototypes/fpga-ulx3s/rtl/gen/deadline_sequencer.v:1016$651'.
     1/1: $0\_476[11:0]
Creating decoders for process `\deadline_sequencer.$proc$/home/matthias/prog/janestreet/emulator-wt-hdmi-ulx3s/prototypes/fpga-ulx3s/rtl/gen/deadline_sequencer.v:992$647'.
     1/1: $0\_355[0:0]
Creating decoders for process `\deadline_sequencer.$proc$/home/matthias/prog/janestreet/emulator-wt-hdmi-ulx3s/prototypes/fpga-ulx3s/rtl/gen/deadline_sequencer.v:972$644'.
     1/1: $0\_49[7:0]
Creating decoders for process `\deadline_sequencer.$proc$/home/matthias/prog/janestreet/emulator-wt-hdmi-ulx3s/prototypes/fpga-ulx3s/rtl/gen/deadline_sequencer.v:938$635'.
     1/1: $0\_271[7:0]
Creating decoders for process `\deadline_sequencer.$proc$/home/matthias/prog/janestreet/emulator-wt-hdmi-ulx3s/prototypes/fpga-ulx3s/rtl/gen/deadline_sequencer.v:932$634'.
     1/1: $0\_261[7:0]
Creating decoders for process `\deadline_sequencer.$proc$/home/matthias/prog/janestreet/emulator-wt-hdmi-ulx3s/prototypes/fpga-ulx3s/rtl/gen/deadline_sequencer.v:887$620'.
     1/1: $0\_369[3:0]
Creating decoders for process `\deadline_sequencer.$proc$/home/matthias/prog/janestreet/emulator-wt-hdmi-ulx3s/prototypes/fpga-ulx3s/rtl/gen/deadline_sequencer.v:853$618'.
     1/1: $0\_264[7:0]
Creating decoders for process `\deadline_sequencer.$proc$/home/matthias/prog/janestreet/emulator-wt-hdmi-ulx3s/prototypes/fpga-ulx3s/rtl/gen/deadline_sequencer.v:845$616'.
     1/1: $0\_267[7:0]
Creating decoders for process `\deadline_sequencer.$proc$/home/matthias/prog/janestreet/emulator-wt-hdmi-ulx3s/prototypes/fpga-ulx3s/rtl/gen/deadline_sequencer.v:837$614'.
     1/1: $0\_270[7:0]
Creating decoders for process `\deadline_sequencer.$proc$/home/matthias/prog/janestreet/emulator-wt-hdmi-ulx3s/prototypes/fpga-ulx3s/rtl/gen/deadline_sequencer.v:762$578'.
     1/1: $0\_277[7:0]
Creating decoders for process `\deadline_sequencer.$proc$/home/matthias/prog/janestreet/emulator-wt-hdmi-ulx3s/prototypes/fpga-ulx3s/rtl/gen/deadline_sequencer.v:698$551'.
     1/1: $0\_255[7:0]
Creating decoders for process `\deadline_sequencer.$proc$/home/matthias/prog/janestreet/emulator-wt-hdmi-ulx3s/prototypes/fpga-ulx3s/rtl/gen/deadline_sequencer.v:688$548'.
     1/1: $0\_251[0:0]
Creating decoders for process `\deadline_sequencer.$proc$/home/matthias/prog/janestreet/emulator-wt-hdmi-ulx3s/prototypes/fpga-ulx3s/rtl/gen/deadline_sequencer.v:636$540'.
     1/1: $0\_64[1:0]
Creating decoders for process `\deadline_sequencer.$proc$/home/matthias/prog/janestreet/emulator-wt-hdmi-ulx3s/prototypes/fpga-ulx3s/rtl/gen/deadline_sequencer.v:620$534'.
     1/1: $0\_69[7:0]
Creating decoders for process `$paramod\emu_uart_rx\CLKS_PER_BIT=s32'00000000000000000000000000111100.$proc$/home/matthias/prog/janestreet/emulator-wt-hdmi-ulx3s/prototypes/fpga-ulx3s/rtl/emu_core.v:53$2890'.
Creating decoders for process `$paramod\emu_uart_rx\CLKS_PER_BIT=s32'00000000000000000000000000111100.$proc$/home/matthias/prog/janestreet/emulator-wt-hdmi-ulx3s/prototypes/fpga-ulx3s/rtl/emu_core.v:52$2889'.
Creating decoders for process `$paramod\emu_uart_rx\CLKS_PER_BIT=s32'00000000000000000000000000111100.$proc$/home/matthias/prog/janestreet/emulator-wt-hdmi-ulx3s/prototypes/fpga-ulx3s/rtl/emu_core.v:51$2888'.
Creating decoders for process `$paramod\emu_uart_rx\CLKS_PER_BIT=s32'00000000000000000000000000111100.$proc$/home/matthias/prog/janestreet/emulator-wt-hdmi-ulx3s/prototypes/fpga-ulx3s/rtl/emu_core.v:50$2887'.
Creating decoders for process `$paramod\emu_uart_rx\CLKS_PER_BIT=s32'00000000000000000000000000111100.$proc$/home/matthias/prog/janestreet/emulator-wt-hdmi-ulx3s/prototypes/fpga-ulx3s/rtl/emu_core.v:49$2886'.
Creating decoders for process `$paramod\emu_uart_rx\CLKS_PER_BIT=s32'00000000000000000000000000111100.$proc$/home/matthias/prog/janestreet/emulator-wt-hdmi-ulx3s/prototypes/fpga-ulx3s/rtl/emu_core.v:54$2878'.
     1/6: $0\valid[0:0]
     2/6: $0\sh[7:0]
     3/6: $0\bitn[3:0]
     4/6: $0\cnt[15:0]
     5/6: $0\busy[0:0]
     6/6: $0\data[7:0]
Creating decoders for process `$paramod\emu_uart_tx\CLKS_PER_BIT=s32'00000000000000000000000000111100.$proc$/home/matthias/prog/janestreet/emulator-wt-hdmi-ulx3s/prototypes/fpga-ulx3s/rtl/emu_core.v:87$2877'.
Creating decoders for process `$paramod\emu_uart_tx\CLKS_PER_BIT=s32'00000000000000000000000000111100.$proc$/home/matthias/prog/janestreet/emulator-wt-hdmi-ulx3s/prototypes/fpga-ulx3s/rtl/emu_core.v:85$2876'.
Creating decoders for process `$paramod\emu_uart_tx\CLKS_PER_BIT=s32'00000000000000000000000000111100.$proc$/home/matthias/prog/janestreet/emulator-wt-hdmi-ulx3s/prototypes/fpga-ulx3s/rtl/emu_core.v:84$2875'.
Creating decoders for process `$paramod\emu_uart_tx\CLKS_PER_BIT=s32'00000000000000000000000000111100.$proc$/home/matthias/prog/janestreet/emulator-wt-hdmi-ulx3s/prototypes/fpga-ulx3s/rtl/emu_core.v:83$2874'.
Creating decoders for process `$paramod\emu_uart_tx\CLKS_PER_BIT=s32'00000000000000000000000000111100.$proc$/home/matthias/prog/janestreet/emulator-wt-hdmi-ulx3s/prototypes/fpga-ulx3s/rtl/emu_core.v:82$2873'.
Creating decoders for process `$paramod\emu_uart_tx\CLKS_PER_BIT=s32'00000000000000000000000000111100.$proc$/home/matthias/prog/janestreet/emulator-wt-hdmi-ulx3s/prototypes/fpga-ulx3s/rtl/emu_core.v:88$2867'.
     1/5: $0\act[0:0]
     2/5: $0\n[3:0]
     3/5: $0\tx[0:0]
     4/5: $0\sh[9:0]
     5/5: $0\cnt[15:0]
Creating decoders for process `$paramod$f0f0fce572715f47581e5f423d1d26af564f4623\emu_core.$proc$/home/matthias/prog/janestreet/emulator-wt-hdmi-ulx3s/prototypes/fpga-ulx3s/rtl/emu_core.v:417$3748'.
Creating decoders for process `$paramod$f0f0fce572715f47581e5f423d1d26af564f4623\emu_core.$proc$/home/matthias/prog/janestreet/emulator-wt-hdmi-ulx3s/prototypes/fpga-ulx3s/rtl/emu_core.v:416$3747'.
Creating decoders for process `$paramod$f0f0fce572715f47581e5f423d1d26af564f4623\emu_core.$proc$/home/matthias/prog/janestreet/emulator-wt-hdmi-ulx3s/prototypes/fpga-ulx3s/rtl/emu_core.v:415$3746'.
Creating decoders for process `$paramod$f0f0fce572715f47581e5f423d1d26af564f4623\emu_core.$proc$/home/matthias/prog/janestreet/emulator-wt-hdmi-ulx3s/prototypes/fpga-ulx3s/rtl/emu_core.v:414$3745'.
Creating decoders for process `$paramod$f0f0fce572715f47581e5f423d1d26af564f4623\emu_core.$proc$/home/matthias/prog/janestreet/emulator-wt-hdmi-ulx3s/prototypes/fpga-ulx3s/rtl/emu_core.v:413$3744'.
Creating decoders for process `$paramod$f0f0fce572715f47581e5f423d1d26af564f4623\emu_core.$proc$/home/matthias/prog/janestreet/emulator-wt-hdmi-ulx3s/prototypes/fpga-ulx3s/rtl/emu_core.v:412$3743'.
Creating decoders for process `$paramod$f0f0fce572715f47581e5f423d1d26af564f4623\emu_core.$proc$/home/matthias/prog/janestreet/emulator-wt-hdmi-ulx3s/prototypes/fpga-ulx3s/rtl/emu_core.v:411$3742'.
Creating decoders for process `$paramod$f0f0fce572715f47581e5f423d1d26af564f4623\emu_core.$proc$/home/matthias/prog/janestreet/emulator-wt-hdmi-ulx3s/prototypes/fpga-ulx3s/rtl/emu_core.v:410$3741'.
Creating decoders for process `$paramod$f0f0fce572715f47581e5f423d1d26af564f4623\emu_core.$proc$/home/matthias/prog/janestreet/emulator-wt-hdmi-ulx3s/prototypes/fpga-ulx3s/rtl/emu_core.v:397$3740'.
Creating decoders for process `$paramod$f0f0fce572715f47581e5f423d1d26af564f4623\emu_core.$proc$/home/matthias/prog/janestreet/emulator-wt-hdmi-ulx3s/prototypes/fpga-ulx3s/rtl/emu_core.v:396$3739'.
Creating decoders for process `$paramod$f0f0fce572715f47581e5f423d1d26af564f4623\emu_core.$proc$/home/matthias/prog/janestreet/emulator-wt-hdmi-ulx3s/prototypes/fpga-ulx3s/rtl/emu_core.v:395$3738'.
Creating decoders for process `$paramod$f0f0fce572715f47581e5f423d1d26af564f4623\emu_core.$proc$/home/matthias/prog/janestreet/emulator-wt-hdmi-ulx3s/prototypes/fpga-ulx3s/rtl/emu_core.v:394$3737'.
Creating decoders for process `$paramod$f0f0fce572715f47581e5f423d1d26af564f4623\emu_core.$proc$/home/matthias/prog/janestreet/emulator-wt-hdmi-ulx3s/prototypes/fpga-ulx3s/rtl/emu_core.v:384$3736'.
Creating decoders for process `$paramod$f0f0fce572715f47581e5f423d1d26af564f4623\emu_core.$proc$/home/matthias/prog/janestreet/emulator-wt-hdmi-ulx3s/prototypes/fpga-ulx3s/rtl/emu_core.v:384$3735'.
Creating decoders for process `$paramod$f0f0fce572715f47581e5f423d1d26af564f4623\emu_core.$proc$/home/matthias/prog/janestreet/emulator-wt-hdmi-ulx3s/prototypes/fpga-ulx3s/rtl/emu_core.v:362$3734'.
Creating decoders for process `$paramod$f0f0fce572715f47581e5f423d1d26af564f4623\emu_core.$proc$/home/matthias/prog/janestreet/emulator-wt-hdmi-ulx3s/prototypes/fpga-ulx3s/rtl/emu_core.v:344$3733'.
Creating decoders for process `$paramod$f0f0fce572715f47581e5f423d1d26af564f4623\emu_core.$proc$/home/matthias/prog/janestreet/emulator-wt-hdmi-ulx3s/prototypes/fpga-ulx3s/rtl/emu_core.v:343$3732'.
Creating decoders for process `$paramod$f0f0fce572715f47581e5f423d1d26af564f4623\emu_core.$proc$/home/matthias/prog/janestreet/emulator-wt-hdmi-ulx3s/prototypes/fpga-ulx3s/rtl/emu_core.v:342$3731'.
Creating decoders for process `$paramod$f0f0fce572715f47581e5f423d1d26af564f4623\emu_core.$proc$/home/matthias/prog/janestreet/emulator-wt-hdmi-ulx3s/prototypes/fpga-ulx3s/rtl/emu_core.v:341$3730'.
Creating decoders for process `$paramod$f0f0fce572715f47581e5f423d1d26af564f4623\emu_core.$proc$/home/matthias/prog/janestreet/emulator-wt-hdmi-ulx3s/prototypes/fpga-ulx3s/rtl/emu_core.v:340$3729'.
Creating decoders for process `$paramod$f0f0fce572715f47581e5f423d1d26af564f4623\emu_core.$proc$/home/matthias/prog/janestreet/emulator-wt-hdmi-ulx3s/prototypes/fpga-ulx3s/rtl/emu_core.v:338$3728'.
Creating decoders for process `$paramod$f0f0fce572715f47581e5f423d1d26af564f4623\emu_core.$proc$/home/matthias/prog/janestreet/emulator-wt-hdmi-ulx3s/prototypes/fpga-ulx3s/rtl/emu_core.v:286$3727'.
Creating decoders for process `$paramod$f0f0fce572715f47581e5f423d1d26af564f4623\emu_core.$proc$/home/matthias/prog/janestreet/emulator-wt-hdmi-ulx3s/prototypes/fpga-ulx3s/rtl/emu_core.v:286$3726'.
Creating decoders for process `$paramod$f0f0fce572715f47581e5f423d1d26af564f4623\emu_core.$proc$/home/matthias/prog/janestreet/emulator-wt-hdmi-ulx3s/prototypes/fpga-ulx3s/rtl/emu_core.v:285$3725'.
Creating decoders for process `$paramod$f0f0fce572715f47581e5f423d1d26af564f4623\emu_core.$proc$/home/matthias/prog/janestreet/emulator-wt-hdmi-ulx3s/prototypes/fpga-ulx3s/rtl/emu_core.v:284$3724'.
Creating decoders for process `$paramod$f0f0fce572715f47581e5f423d1d26af564f4623\emu_core.$proc$/home/matthias/prog/janestreet/emulator-wt-hdmi-ulx3s/prototypes/fpga-ulx3s/rtl/emu_core.v:284$3723'.
Creating decoders for process `$paramod$f0f0fce572715f47581e5f423d1d26af564f4623\emu_core.$proc$/home/matthias/prog/janestreet/emulator-wt-hdmi-ulx3s/prototypes/fpga-ulx3s/rtl/emu_core.v:275$3722'.
Creating decoders for process `$paramod$f0f0fce572715f47581e5f423d1d26af564f4623\emu_core.$proc$/home/matthias/prog/janestreet/emulator-wt-hdmi-ulx3s/prototypes/fpga-ulx3s/rtl/emu_core.v:274$3721'.
Creating decoders for process `$paramod$f0f0fce572715f47581e5f423d1d26af564f4623\emu_core.$proc$/home/matthias/prog/janestreet/emulator-wt-hdmi-ulx3s/prototypes/fpga-ulx3s/rtl/emu_core.v:274$3720'.
Creating decoders for process `$paramod$f0f0fce572715f47581e5f423d1d26af564f4623\emu_core.$proc$/home/matthias/prog/janestreet/emulator-wt-hdmi-ulx3s/prototypes/fpga-ulx3s/rtl/emu_core.v:274$3719'.
Creating decoders for process `$paramod$f0f0fce572715f47581e5f423d1d26af564f4623\emu_core.$proc$/home/matthias/prog/janestreet/emulator-wt-hdmi-ulx3s/prototypes/fpga-ulx3s/rtl/emu_core.v:272$3718'.
Creating decoders for process `$paramod$f0f0fce572715f47581e5f423d1d26af564f4623\emu_core.$proc$/home/matthias/prog/janestreet/emulator-wt-hdmi-ulx3s/prototypes/fpga-ulx3s/rtl/emu_core.v:243$3717'.
Creating decoders for process `$paramod$f0f0fce572715f47581e5f423d1d26af564f4623\emu_core.$proc$/home/matthias/prog/janestreet/emulator-wt-hdmi-ulx3s/prototypes/fpga-ulx3s/rtl/emu_core.v:242$3716'.
Creating decoders for process `$paramod$f0f0fce572715f47581e5f423d1d26af564f4623\emu_core.$proc$/home/matthias/prog/janestreet/emulator-wt-hdmi-ulx3s/prototypes/fpga-ulx3s/rtl/emu_core.v:241$3715'.
Creating decoders for process `$paramod$f0f0fce572715f47581e5f423d1d26af564f4623\emu_core.$proc$/home/matthias/prog/janestreet/emulator-wt-hdmi-ulx3s/prototypes/fpga-ulx3s/rtl/emu_core.v:241$3714'.
Creating decoders for process `$paramod$f0f0fce572715f47581e5f423d1d26af564f4623\emu_core.$proc$/home/matthias/prog/janestreet/emulator-wt-hdmi-ulx3s/prototypes/fpga-ulx3s/rtl/emu_core.v:212$3713'.
Creating decoders for process `$paramod$f0f0fce572715f47581e5f423d1d26af564f4623\emu_core.$proc$/home/matthias/prog/janestreet/emulator-wt-hdmi-ulx3s/prototypes/fpga-ulx3s/rtl/emu_core.v:212$3712'.
Creating decoders for process `$paramod$f0f0fce572715f47581e5f423d1d26af564f4623\emu_core.$proc$/home/matthias/prog/janestreet/emulator-wt-hdmi-ulx3s/prototypes/fpga-ulx3s/rtl/emu_core.v:192$3711'.
Creating decoders for process `$paramod$f0f0fce572715f47581e5f423d1d26af564f4623\emu_core.$proc$/home/matthias/prog/janestreet/emulator-wt-hdmi-ulx3s/prototypes/fpga-ulx3s/rtl/emu_core.v:192$3710'.
Creating decoders for process `$paramod$f0f0fce572715f47581e5f423d1d26af564f4623\emu_core.$proc$/home/matthias/prog/janestreet/emulator-wt-hdmi-ulx3s/prototypes/fpga-ulx3s/rtl/emu_core.v:191$3709'.
Creating decoders for process `$paramod$f0f0fce572715f47581e5f423d1d26af564f4623\emu_core.$proc$/home/matthias/prog/janestreet/emulator-wt-hdmi-ulx3s/prototypes/fpga-ulx3s/rtl/emu_core.v:185$3708'.
Creating decoders for process `$paramod$f0f0fce572715f47581e5f423d1d26af564f4623\emu_core.$proc$/home/matthias/prog/janestreet/emulator-wt-hdmi-ulx3s/prototypes/fpga-ulx3s/rtl/emu_core.v:170$3707'.
Creating decoders for process `$paramod$f0f0fce572715f47581e5f423d1d26af564f4623\emu_core.$proc$/home/matthias/prog/janestreet/emulator-wt-hdmi-ulx3s/prototypes/fpga-ulx3s/rtl/emu_core.v:166$3706'.
Creating decoders for process `$paramod$f0f0fce572715f47581e5f423d1d26af564f4623\emu_core.$proc$/home/matthias/prog/janestreet/emulator-wt-hdmi-ulx3s/prototypes/fpga-ulx3s/rtl/emu_core.v:165$3705'.
Creating decoders for process `$paramod$f0f0fce572715f47581e5f423d1d26af564f4623\emu_core.$proc$/home/matthias/prog/janestreet/emulator-wt-hdmi-ulx3s/prototypes/fpga-ulx3s/rtl/emu_core.v:165$3704'.
Creating decoders for process `$paramod$f0f0fce572715f47581e5f423d1d26af564f4623\emu_core.$proc$/home/matthias/prog/janestreet/emulator-wt-hdmi-ulx3s/prototypes/fpga-ulx3s/rtl/emu_core.v:152$3694'.
Creating decoders for process `$paramod$f0f0fce572715f47581e5f423d1d26af564f4623\emu_core.$proc$/home/matthias/prog/janestreet/emulator-wt-hdmi-ulx3s/prototypes/fpga-ulx3s/rtl/emu_core.v:391$3691'.
Creating decoders for process `$paramod$f0f0fce572715f47581e5f423d1d26af564f4623\emu_core.$proc$/home/matthias/prog/janestreet/emulator-wt-hdmi-ulx3s/prototypes/fpga-ulx3s/rtl/emu_core.v:390$3688'.
Creating decoders for process `$paramod$f0f0fce572715f47581e5f423d1d26af564f4623\emu_core.$proc$/home/matthias/prog/janestreet/emulator-wt-hdmi-ulx3s/prototypes/fpga-ulx3s/rtl/emu_core.v:390$3685'.
Creating decoders for process `$paramod$f0f0fce572715f47581e5f423d1d26af564f4623\emu_core.$proc$/home/matthias/prog/janestreet/emulator-wt-hdmi-ulx3s/prototypes/fpga-ulx3s/rtl/emu_core.v:390$3682'.
Creating decoders for process `$paramod$f0f0fce572715f47581e5f423d1d26af564f4623\emu_core.$proc$/home/matthias/prog/janestreet/emulator-wt-hdmi-ulx3s/prototypes/fpga-ulx3s/rtl/emu_core.v:389$3679'.
Creating decoders for process `$paramod$f0f0fce572715f47581e5f423d1d26af564f4623\emu_core.$proc$/home/matthias/prog/janestreet/emulator-wt-hdmi-ulx3s/prototypes/fpga-ulx3s/rtl/emu_core.v:389$3676'.
Creating decoders for process `$paramod$f0f0fce572715f47581e5f423d1d26af564f4623\emu_core.$proc$/home/matthias/prog/janestreet/emulator-wt-hdmi-ulx3s/prototypes/fpga-ulx3s/rtl/emu_core.v:389$3673'.
Creating decoders for process `$paramod$f0f0fce572715f47581e5f423d1d26af564f4623\emu_core.$proc$/home/matthias/prog/janestreet/emulator-wt-hdmi-ulx3s/prototypes/fpga-ulx3s/rtl/emu_core.v:372$3670'.
Creating decoders for process `$paramod$f0f0fce572715f47581e5f423d1d26af564f4623\emu_core.$proc$/home/matthias/prog/janestreet/emulator-wt-hdmi-ulx3s/prototypes/fpga-ulx3s/rtl/emu_core.v:372$3667'.
Creating decoders for process `$paramod$f0f0fce572715f47581e5f423d1d26af564f4623\emu_core.$proc$/home/matthias/prog/janestreet/emulator-wt-hdmi-ulx3s/prototypes/fpga-ulx3s/rtl/emu_core.v:371$3664'.
Creating decoders for process `$paramod$f0f0fce572715f47581e5f423d1d26af564f4623\emu_core.$proc$/home/matthias/prog/janestreet/emulator-wt-hdmi-ulx3s/prototypes/fpga-ulx3s/rtl/emu_core.v:371$3661'.
Creating decoders for process `$paramod$f0f0fce572715f47581e5f423d1d26af564f4623\emu_core.$proc$/home/matthias/prog/janestreet/emulator-wt-hdmi-ulx3s/prototypes/fpga-ulx3s/rtl/emu_core.v:365$3658'.
Creating decoders for process `$paramod$f0f0fce572715f47581e5f423d1d26af564f4623\emu_core.$proc$/home/matthias/prog/janestreet/emulator-wt-hdmi-ulx3s/prototypes/fpga-ulx3s/rtl/emu_core.v:364$3655'.
Creating decoders for process `$paramod$f0f0fce572715f47581e5f423d1d26af564f4623\emu_core.$proc$/home/matthias/prog/janestreet/emulator-wt-hdmi-ulx3s/prototypes/fpga-ulx3s/rtl/emu_core.v:157$3652'.
Creating decoders for process `$paramod$f0f0fce572715f47581e5f423d1d26af564f4623\emu_core.$proc$/home/matthias/prog/janestreet/emulator-wt-hdmi-ulx3s/prototypes/fpga-ulx3s/rtl/emu_core.v:157$3649'.
Creating decoders for process `$paramod$f0f0fce572715f47581e5f423d1d26af564f4623\emu_core.$proc$/home/matthias/prog/janestreet/emulator-wt-hdmi-ulx3s/prototypes/fpga-ulx3s/rtl/emu_core.v:157$3646'.
Creating decoders for process `$paramod$f0f0fce572715f47581e5f423d1d26af564f4623\emu_core.$proc$/home/matthias/prog/janestreet/emulator-wt-hdmi-ulx3s/prototypes/fpga-ulx3s/rtl/emu_core.v:157$3643'.
Creating decoders for process `$paramod$f0f0fce572715f47581e5f423d1d26af564f4623\emu_core.$proc$/home/matthias/prog/janestreet/emulator-wt-hdmi-ulx3s/prototypes/fpga-ulx3s/rtl/emu_core.v:254$3605'.
Creating decoders for process `$paramod$f0f0fce572715f47581e5f423d1d26af564f4623\emu_core.$proc$/home/matthias/prog/janestreet/emulator-wt-hdmi-ulx3s/prototypes/fpga-ulx3s/rtl/emu_core.v:427$3535'.
     1/53: $3$memwr$\sbuf$/home/matthias/prog/janestreet/emulator-wt-hdmi-ulx3s/prototypes/fpga-ulx3s/rtl/emu_core.v:466$3360_EN[19:0]$3587
     2/53: $3$memwr$\sbuf$/home/matthias/prog/janestreet/emulator-wt-hdmi-ulx3s/prototypes/fpga-ulx3s/rtl/emu_core.v:466$3360_DATA[19:0]$3586
     3/53: $3$memwr$\sbuf$/home/matthias/prog/janestreet/emulator-wt-hdmi-ulx3s/prototypes/fpga-ulx3s/rtl/emu_core.v:466$3360_ADDR[5:0]$3585
     4/53: $3$memwr$\cfg$/home/matthias/prog/janestreet/emulator-wt-hdmi-ulx3s/prototypes/fpga-ulx3s/rtl/emu_core.v:461$3359_EN[15:0]$3584
     5/53: $3$memwr$\cfg$/home/matthias/prog/janestreet/emulator-wt-hdmi-ulx3s/prototypes/fpga-ulx3s/rtl/emu_core.v:461$3359_DATA[15:0]$3583
     6/53: $3$memwr$\cfg$/home/matthias/prog/janestreet/emulator-wt-hdmi-ulx3s/prototypes/fpga-ulx3s/rtl/emu_core.v:461$3359_ADDR[2:0]$3582
     7/53: $4\nargs$func$/home/matthias/prog/janestreet/emulator-wt-hdmi-ulx3s/prototypes/fpga-ulx3s/rtl/emu_core.v:445$3337.$result[2:0]$3577
     8/53: $4\nargs$func$/home/matthias/prog/janestreet/emulator-wt-hdmi-ulx3s/prototypes/fpga-ulx3s/rtl/emu_core.v:444$3336.$result[2:0]$3576
     9/53: $3\nargs$func$/home/matthias/prog/janestreet/emulator-wt-hdmi-ulx3s/prototypes/fpga-ulx3s/rtl/emu_core.v:445$3337.$result[2:0]$3574
    10/53: $3\nargs$func$/home/matthias/prog/janestreet/emulator-wt-hdmi-ulx3s/prototypes/fpga-ulx3s/rtl/emu_core.v:445$3337.o[7:0]$3575
    11/53: $3\nargs$func$/home/matthias/prog/janestreet/emulator-wt-hdmi-ulx3s/prototypes/fpga-ulx3s/rtl/emu_core.v:444$3336.$result[2:0]$3572
    12/53: $3\nargs$func$/home/matthias/prog/janestreet/emulator-wt-hdmi-ulx3s/prototypes/fpga-ulx3s/rtl/emu_core.v:444$3336.o[7:0]$3573
    13/53: $2\nargs$func$/home/matthias/prog/janestreet/emulator-wt-hdmi-ulx3s/prototypes/fpga-ulx3s/rtl/emu_core.v:445$3337.o[7:0]$3565
    14/53: $2\nargs$func$/home/matthias/prog/janestreet/emulator-wt-hdmi-ulx3s/prototypes/fpga-ulx3s/rtl/emu_core.v:445$3337.$result[2:0]$3564
    15/53: $2\nargs$func$/home/matthias/prog/janestreet/emulator-wt-hdmi-ulx3s/prototypes/fpga-ulx3s/rtl/emu_core.v:444$3336.o[7:0]$3563
    16/53: $2\nargs$func$/home/matthias/prog/janestreet/emulator-wt-hdmi-ulx3s/prototypes/fpga-ulx3s/rtl/emu_core.v:444$3336.$result[2:0]$3562
    17/53: $2$memwr$\sbuf$/home/matthias/prog/janestreet/emulator-wt-hdmi-ulx3s/prototypes/fpga-ulx3s/rtl/emu_core.v:466$3360_EN[19:0]$3571
    18/53: $2$memwr$\sbuf$/home/matthias/prog/janestreet/emulator-wt-hdmi-ulx3s/prototypes/fpga-ulx3s/rtl/emu_core.v:466$3360_DATA[19:0]$3570
    19/53: $2$memwr$\sbuf$/home/matthias/prog/janestreet/emulator-wt-hdmi-ulx3s/prototypes/fpga-ulx3s/rtl/emu_core.v:466$3360_ADDR[5:0]$3569
    20/53: $2$memwr$\cfg$/home/matthias/prog/janestreet/emulator-wt-hdmi-ulx3s/prototypes/fpga-ulx3s/rtl/emu_core.v:461$3359_EN[15:0]$3568
    21/53: $2$memwr$\cfg$/home/matthias/prog/janestreet/emulator-wt-hdmi-ulx3s/prototypes/fpga-ulx3s/rtl/emu_core.v:461$3359_DATA[15:0]$3567
    22/53: $2$memwr$\cfg$/home/matthias/prog/janestreet/emulator-wt-hdmi-ulx3s/prototypes/fpga-ulx3s/rtl/emu_core.v:461$3359_ADDR[2:0]$3566
    23/53: $1$memwr$\sbuf$/home/matthias/prog/janestreet/emulator-wt-hdmi-ulx3s/prototypes/fpga-ulx3s/rtl/emu_core.v:466$3360_EN[19:0]$3561
    24/53: $1$memwr$\sbuf$/home/matthias/prog/janestreet/emulator-wt-hdmi-ulx3s/prototypes/fpga-ulx3s/rtl/emu_core.v:466$3360_DATA[19:0]$3560
    25/53: $1$memwr$\sbuf$/home/matthias/prog/janestreet/emulator-wt-hdmi-ulx3s/prototypes/fpga-ulx3s/rtl/emu_core.v:466$3360_ADDR[5:0]$3559
    26/53: $1$memwr$\cfg$/home/matthias/prog/janestreet/emulator-wt-hdmi-ulx3s/prototypes/fpga-ulx3s/rtl/emu_core.v:461$3359_EN[15:0]$3558
    27/53: $1$memwr$\cfg$/home/matthias/prog/janestreet/emulator-wt-hdmi-ulx3s/prototypes/fpga-ulx3s/rtl/emu_core.v:461$3359_DATA[15:0]$3557
    28/53: $1$memwr$\cfg$/home/matthias/prog/janestreet/emulator-wt-hdmi-ulx3s/prototypes/fpga-ulx3s/rtl/emu_core.v:461$3359_ADDR[2:0]$3556
    29/53: $1\nargs$func$/home/matthias/prog/janestreet/emulator-wt-hdmi-ulx3s/prototypes/fpga-ulx3s/rtl/emu_core.v:445$3337.o[7:0]$3555
    30/53: $1\nargs$func$/home/matthias/prog/janestreet/emulator-wt-hdmi-ulx3s/prototypes/fpga-ulx3s/rtl/emu_core.v:445$3337.$result[2:0]$3554
    31/53: $1\nargs$func$/home/matthias/prog/janestreet/emulator-wt-hdmi-ulx3s/prototypes/fpga-ulx3s/rtl/emu_core.v:444$3336.o[7:0]$3553
    32/53: $1\nargs$func$/home/matthias/prog/janestreet/emulator-wt-hdmi-ulx3s/prototypes/fpga-ulx3s/rtl/emu_core.v:444$3336.$result[2:0]$3552
    33/53: $0\hin_push[0:0]
    34/53: $0\imem_we[0:0]
    35/53: $0\txf_push[0:0]
    36/53: $0\rnext[3:0]
    37/53: $0\didx[11:0]
    38/53: $0\rlen[4:0]
    39/53: $0\rbuf[143:0]
    40/53: $0\need[2:0]
    41/53: $0\args[39:0]
    42/53: $0\op[7:0]
    43/53: $0\cst[3:0]
    44/53: $0\cap_ra[7:0]
    45/53: $0\tr_ra[10:0]
    46/53: $0\hin_din[7:0]
    47/53: $0\host_ra[7:0]
    48/53: $0\imem_wd[15:0]
    49/53: $0\imem_wa[7:0]
    50/53: $0\cycle[31:0]
    51/53: $0\run_len[31:0]
    52/53: $0\rstate[2:0]
    53/53: $0\txf_din[7:0]
Creating decoders for process `$paramod$f0f0fce572715f47581e5f423d1d26af564f4623\emu_core.$proc$/home/matthias/prog/janestreet/emulator-wt-hdmi-ulx3s/prototypes/fpga-ulx3s/rtl/emu_core.v:398$3519'.
     1/5: $1$memwr$\cap$/home/matthias/prog/janestreet/emulator-wt-hdmi-ulx3s/prototypes/fpga-ulx3s/rtl/emu_core.v:399$3358_EN[19:0]$3528
     2/5: $1$memwr$\cap$/home/matthias/prog/janestreet/emulator-wt-hdmi-ulx3s/prototypes/fpga-ulx3s/rtl/emu_core.v:399$3358_DATA[19:0]$3527
     3/5: $1$memwr$\cap$/home/matthias/prog/janestreet/emulator-wt-hdmi-ulx3s/prototypes/fpga-ulx3s/rtl/emu_core.v:399$3358_ADDR[7:0]$3526
     4/5: $0\smp_ovf_hold[7:0]
     5/5: $0\cap_cnt[8:0]
Creating decoders for process `$paramod$f0f0fce572715f47581e5f423d1d26af564f4623\emu_core.$proc$/home/matthias/prog/janestreet/emulator-wt-hdmi-ulx3s/prototypes/fpga-ulx3s/rtl/emu_core.v:385$3517'.
Creating decoders for process `$paramod$f0f0fce572715f47581e5f423d1d26af564f4623\emu_core.$proc$/home/matthias/prog/janestreet/emulator-wt-hdmi-ulx3s/prototypes/fpga-ulx3s/rtl/emu_core.v:375$3511'.
     1/1: $0\s_idx[6:0]
Creating decoders for process `$paramod$f0f0fce572715f47581e5f423d1d26af564f4623\emu_core.$proc$/home/matthias/prog/janestreet/emulator-wt-hdmi-ulx3s/prototypes/fpga-ulx3s/rtl/emu_core.v:347$3490'.
     1/7: $1$memwr$\trace$/home/matthias/prog/janestreet/emulator-wt-hdmi-ulx3s/prototypes/fpga-ulx3s/rtl/emu_core.v:349$3355_EN[143:0]$3500
     2/7: $1$memwr$\trace$/home/matthias/prog/janestreet/emulator-wt-hdmi-ulx3s/prototypes/fpga-ulx3s/rtl/emu_core.v:349$3355_DATA[143:0]$3499
     3/7: $1$memwr$\trace$/home/matthias/prog/janestreet/emulator-wt-hdmi-ulx3s/prototypes/fpga-ulx3s/rtl/emu_core.v:349$3355_ADDR[10:0]$3498
     4/7: $0\tr_trunc[31:0]
     5/7: $0\tr_ovf[0:0]
     6/7: $0\tr_cnt[11:0]
     7/7: $0\tr_prev[111:0]
Creating decoders for process `$paramod$f0f0fce572715f47581e5f423d1d26af564f4623\emu_core.$proc$/home/matthias/prog/janestreet/emulator-wt-hdmi-ulx3s/prototypes/fpga-ulx3s/rtl/emu_core.v:291$3463'.
     1/9: $2$memwr$\hin$/home/matthias/prog/janestreet/emulator-wt-hdmi-ulx3s/prototypes/fpga-ulx3s/rtl/emu_core.v:294$3354_EN[7:0]$3474
     2/9: $2$memwr$\hin$/home/matthias/prog/janestreet/emulator-wt-hdmi-ulx3s/prototypes/fpga-ulx3s/rtl/emu_core.v:294$3354_DATA[7:0]$3473
     3/9: $2$memwr$\hin$/home/matthias/prog/janestreet/emulator-wt-hdmi-ulx3s/prototypes/fpga-ulx3s/rtl/emu_core.v:294$3354_ADDR[3:0]$3472
     4/9: $0\hin_cnt[4:0]
     5/9: $1$memwr$\hin$/home/matthias/prog/janestreet/emulator-wt-hdmi-ulx3s/prototypes/fpga-ulx3s/rtl/emu_core.v:294$3354_EN[7:0]$3469
     6/9: $1$memwr$\hin$/home/matthias/prog/janestreet/emulator-wt-hdmi-ulx3s/prototypes/fpga-ulx3s/rtl/emu_core.v:294$3354_DATA[7:0]$3468
     7/9: $1$memwr$\hin$/home/matthias/prog/janestreet/emulator-wt-hdmi-ulx3s/prototypes/fpga-ulx3s/rtl/emu_core.v:294$3354_ADDR[3:0]$3467
     8/9: $0\hin_rd[3:0]
     9/9: $0\hin_wr[3:0]
Creating decoders for process `$paramod$f0f0fce572715f47581e5f423d1d26af564f4623\emu_core.$proc$/home/matthias/prog/janestreet/emulator-wt-hdmi-ulx3s/prototypes/fpga-ulx3s/rtl/emu_core.v:277$3451'.
     1/3: $1$memwr$\imem$/home/matthias/prog/janestreet/emulator-wt-hdmi-ulx3s/prototypes/fpga-ulx3s/rtl/emu_core.v:278$3353_EN[15:0]$3457
     2/3: $1$memwr$\imem$/home/matthias/prog/janestreet/emulator-wt-hdmi-ulx3s/prototypes/fpga-ulx3s/rtl/emu_core.v:278$3353_DATA[15:0]$3456
     3/3: $1$memwr$\imem$/home/matthias/prog/janestreet/emulator-wt-hdmi-ulx3s/prototypes/fpga-ulx3s/rtl/emu_core.v:278$3353_ADDR[7:0]$3455
Creating decoders for process `$paramod$f0f0fce572715f47581e5f423d1d26af564f4623\emu_core.$proc$/home/matthias/prog/janestreet/emulator-wt-hdmi-ulx3s/prototypes/fpga-ulx3s/rtl/emu_core.v:256$3428'.
     1/3: $0\f_prefix[7:0]
     2/3: $0\f_nbits[3:0]
     3/3: $0\f_blocked[0:0]
Creating decoders for process `$paramod$f0f0fce572715f47581e5f423d1d26af564f4623\emu_core.$proc$/home/matthias/prog/janestreet/emulator-wt-hdmi-ulx3s/prototypes/fpga-ulx3s/rtl/emu_core.v:213$3408'.
Creating decoders for process `$paramod$f0f0fce572715f47581e5f423d1d26af564f4623\emu_core.$proc$/home/matthias/prog/janestreet/emulator-wt-hdmi-ulx3s/prototypes/fpga-ulx3s/rtl/emu_core.v:203$3407'.
     1/7: $4\pin_raw[7:7]
     2/7: $3\pin_raw[5:4] [1]
     3/7: $3\pin_raw[5:4] [0]
     4/7: $1\pin_raw[3:1] [2]
     5/7: $1\pin_raw[3:1] [1]
     6/7: $1\pin_raw[3:1] [0]
     7/7: $2\pin_raw[6:6]
Creating decoders for process `$paramod$f0f0fce572715f47581e5f423d1d26af564f4623\emu_core.$proc$/home/matthias/prog/janestreet/emulator-wt-hdmi-ulx3s/prototypes/fpga-ulx3s/rtl/emu_core.v:186$3398'.
Creating decoders for process `$paramod$f0f0fce572715f47581e5f423d1d26af564f4623\emu_core.$proc$/home/matthias/prog/janestreet/emulator-wt-hdmi-ulx3s/prototypes/fpga-ulx3s/rtl/emu_core.v:173$3378'.
     1/9: $2$memwr$\txf$/home/matthias/prog/janestreet/emulator-wt-hdmi-ulx3s/prototypes/fpga-ulx3s/rtl/emu_core.v:178$3352_EN[7:0]$3389
     2/9: $2$memwr$\txf$/home/matthias/prog/janestreet/emulator-wt-hdmi-ulx3s/prototypes/fpga-ulx3s/rtl/emu_core.v:178$3352_DATA[7:0]$3388
     3/9: $2$memwr$\txf$/home/matthias/prog/janestreet/emulator-wt-hdmi-ulx3s/prototypes/fpga-ulx3s/rtl/emu_core.v:178$3352_ADDR[5:0]$3387
     4/9: $0\txf_cnt[6:0]
     5/9: $1$memwr$\txf$/home/matthias/prog/janestreet/emulator-wt-hdmi-ulx3s/prototypes/fpga-ulx3s/rtl/emu_core.v:178$3352_EN[7:0]$3384
     6/9: $1$memwr$\txf$/home/matthias/prog/janestreet/emulator-wt-hdmi-ulx3s/prototypes/fpga-ulx3s/rtl/emu_core.v:178$3352_DATA[7:0]$3383
     7/9: $1$memwr$\txf$/home/matthias/prog/janestreet/emulator-wt-hdmi-ulx3s/prototypes/fpga-ulx3s/rtl/emu_core.v:178$3352_ADDR[5:0]$3382
     8/9: $0\txf_rd[5:0]
     9/9: $0\txf_wr[5:0]
Creating decoders for process `\ulx3s_top.$proc$/home/matthias/prog/janestreet/emulator-wt-hdmi-ulx3s/prototypes/fpga-ulx3s/rtl/ulx3s_top.v:155$32'.
Creating decoders for process `\ulx3s_top.$proc$/home/matthias/prog/janestreet/emulator-wt-hdmi-ulx3s/prototypes/fpga-ulx3s/rtl/ulx3s_top.v:93$31'.
Creating decoders for process `\ulx3s_top.$proc$/home/matthias/prog/janestreet/emulator-wt-hdmi-ulx3s/prototypes/fpga-ulx3s/rtl/ulx3s_top.v:93$30'.
Creating decoders for process `\ulx3s_top.$proc$/home/matthias/prog/janestreet/emulator-wt-hdmi-ulx3s/prototypes/fpga-ulx3s/rtl/ulx3s_top.v:70$29'.
Creating decoders for process `\ulx3s_top.$proc$/home/matthias/prog/janestreet/emulator-wt-hdmi-ulx3s/prototypes/fpga-ulx3s/rtl/ulx3s_top.v:70$28'.
Creating decoders for process `\ulx3s_top.$proc$/home/matthias/prog/janestreet/emulator-wt-hdmi-ulx3s/prototypes/fpga-ulx3s/rtl/ulx3s_top.v:156$12'.
Creating decoders for process `\ulx3s_top.$proc$/home/matthias/prog/janestreet/emulator-wt-hdmi-ulx3s/prototypes/fpga-ulx3s/rtl/ulx3s_top.v:152$11'.
Creating decoders for process `\ulx3s_top.$proc$/home/matthias/prog/janestreet/emulator-wt-hdmi-ulx3s/prototypes/fpga-ulx3s/rtl/ulx3s_top.v:73$4'.
     1/1: $0\rst48_sr[3:0]
Creating decoders for process `\ulx3s_top.$proc$/home/matthias/prog/janestreet/emulator-wt-hdmi-ulx3s/prototypes/fpga-ulx3s/rtl/ulx3s_top.v:71$3'.
     1/1: $0\rst60_sr[3:0]

12.4.8. Executing PROC_DLATCH pass (convert process syncs to latches).
No latch inferred for signal `\hdmi_pixel.\_701' from process `\hdmi_pixel.$proc$/home/matthias/prog/janestreet/emulator-wt-hdmi-ulx3s/prototypes/fpga-ulx3s/../hdmi-ulx3s/rtl/gen/hdmi_pixel.v:1306$2159'.
No latch inferred for signal `\usb_fs_device.\_429' from process `\usb_fs_device.$proc$/home/matthias/prog/janestreet/emulator-wt-hdmi-ulx3s/prototypes/fpga-ulx3s/rtl/gen/usb_fs_device.v:1948$1174'.
No latch inferred for signal `\usb_fs_device.\_536' from process `\usb_fs_device.$proc$/home/matthias/prog/janestreet/emulator-wt-hdmi-ulx3s/prototypes/fpga-ulx3s/rtl/gen/usb_fs_device.v:1741$1106'.
No latch inferred for signal `\usb_fs_device.\_564' from process `\usb_fs_device.$proc$/home/matthias/prog/janestreet/emulator-wt-hdmi-ulx3s/prototypes/fpga-ulx3s/rtl/gen/usb_fs_device.v:1687$1094'.
No latch inferred for signal `\pin_sampler.\_173' from process `\pin_sampler.$proc$/home/matthias/prog/janestreet/emulator-wt-hdmi-ulx3s/prototypes/fpga-ulx3s/rtl/gen/pin_sampler.v:498$900'.
No latch inferred for signal `\pin_sampler.\_38' from process `\pin_sampler.$proc$/home/matthias/prog/janestreet/emulator-wt-hdmi-ulx3s/prototypes/fpga-ulx3s/rtl/gen/pin_sampler.v:419$864'.
No latch inferred for signal `\pin_sampler.\_48' from process `\pin_sampler.$proc$/home/matthias/prog/janestreet/emulator-wt-hdmi-ulx3s/prototypes/fpga-ulx3s/rtl/gen/pin_sampler.v:401$861'.
No latch inferred for signal `\pin_streamer.\_64' from process `\pin_streamer.$proc$/home/matthias/prog/janestreet/emulator-wt-hdmi-ulx3s/prototypes/fpga-ulx3s/rtl/gen/pin_streamer.v:304$767'.
No latch inferred for signal `\deadline_sequencer.\_570' from process `\deadline_sequencer.$proc$/home/matthias/prog/janestreet/emulator-wt-hdmi-ulx3s/prototypes/fpga-ulx3s/rtl/gen/deadline_sequencer.v:1200$713'.
No latch inferred for signal `\deadline_sequencer.\_542' from process `\deadline_sequencer.$proc$/home/matthias/prog/janestreet/emulator-wt-hdmi-ulx3s/prototypes/fpga-ulx3s/rtl/gen/deadline_sequencer.v:1158$696'.
No latch inferred for signal `\deadline_sequencer.\_519' from process `\deadline_sequencer.$proc$/home/matthias/prog/janestreet/emulator-wt-hdmi-ulx3s/prototypes/fpga-ulx3s/rtl/gen/deadline_sequencer.v:1114$682'.
No latch inferred for signal `\deadline_sequencer.\_491' from process `\deadline_sequencer.$proc$/home/matthias/prog/janestreet/emulator-wt-hdmi-ulx3s/prototypes/fpga-ulx3s/rtl/gen/deadline_sequencer.v:1054$663'.
No latch inferred for signal `\deadline_sequencer.\_355' from process `\deadline_sequencer.$proc$/home/matthias/prog/janestreet/emulator-wt-hdmi-ulx3s/prototypes/fpga-ulx3s/rtl/gen/deadline_sequencer.v:992$647'.
No latch inferred for signal `\deadline_sequencer.\_271' from process `\deadline_sequencer.$proc$/home/matthias/prog/janestreet/emulator-wt-hdmi-ulx3s/prototypes/fpga-ulx3s/rtl/gen/deadline_sequencer.v:938$635'.
No latch inferred for signal `\deadline_sequencer.\_369' from process `\deadline_sequencer.$proc$/home/matthias/prog/janestreet/emulator-wt-hdmi-ulx3s/prototypes/fpga-ulx3s/rtl/gen/deadline_sequencer.v:887$620'.
No latch inferred for signal `$paramod$f0f0fce572715f47581e5f423d1d26af564f4623\emu_core.\ci' from process `$paramod$f0f0fce572715f47581e5f423d1d26af564f4623\emu_core.$proc$/home/matthias/prog/janestreet/emulator-wt-hdmi-ulx3s/prototypes/fpga-ulx3s/rtl/emu_core.v:152$3694'.
No latch inferred for signal `$paramod$f0f0fce572715f47581e5f423d1d26af564f4623\emu_core.$memwr$\cfg$/home/matthias/prog/janestreet/emulator-wt-hdmi-ulx3s/prototypes/fpga-ulx3s/rtl/emu_core.v:153$3339_EN' from process `$paramod$f0f0fce572715f47581e5f423d1d26af564f4623\emu_core.$proc$/home/matthias/prog/janestreet/emulator-wt-hdmi-ulx3s/prototypes/fpga-ulx3s/rtl/emu_core.v:152$3694'.
No latch inferred for signal `$paramod$f0f0fce572715f47581e5f423d1d26af564f4623\emu_core.$memwr$\cfg$/home/matthias/prog/janestreet/emulator-wt-hdmi-ulx3s/prototypes/fpga-ulx3s/rtl/emu_core.v:153$3340_EN' from process `$paramod$f0f0fce572715f47581e5f423d1d26af564f4623\emu_core.$proc$/home/matthias/prog/janestreet/emulator-wt-hdmi-ulx3s/prototypes/fpga-ulx3s/rtl/emu_core.v:152$3694'.
No latch inferred for signal `$paramod$f0f0fce572715f47581e5f423d1d26af564f4623\emu_core.$memwr$\cfg$/home/matthias/prog/janestreet/emulator-wt-hdmi-ulx3s/prototypes/fpga-ulx3s/rtl/emu_core.v:153$3341_EN' from process `$paramod$f0f0fce572715f47581e5f423d1d26af564f4623\emu_core.$proc$/home/matthias/prog/janestreet/emulator-wt-hdmi-ulx3s/prototypes/fpga-ulx3s/rtl/emu_core.v:152$3694'.
No latch inferred for signal `$paramod$f0f0fce572715f47581e5f423d1d26af564f4623\emu_core.$memwr$\cfg$/home/matthias/prog/janestreet/emulator-wt-hdmi-ulx3s/prototypes/fpga-ulx3s/rtl/emu_core.v:153$3342_EN' from process `$paramod$f0f0fce572715f47581e5f423d1d26af564f4623\emu_core.$proc$/home/matthias/prog/janestreet/emulator-wt-hdmi-ulx3s/prototypes/fpga-ulx3s/rtl/emu_core.v:152$3694'.
No latch inferred for signal `$paramod$f0f0fce572715f47581e5f423d1d26af564f4623\emu_core.$memwr$\cfg$/home/matthias/prog/janestreet/emulator-wt-hdmi-ulx3s/prototypes/fpga-ulx3s/rtl/emu_core.v:153$3343_EN' from process `$paramod$f0f0fce572715f47581e5f423d1d26af564f4623\emu_core.$proc$/home/matthias/prog/janestreet/emulator-wt-hdmi-ulx3s/prototypes/fpga-ulx3s/rtl/emu_core.v:152$3694'.
No latch inferred for signal `$paramod$f0f0fce572715f47581e5f423d1d26af564f4623\emu_core.$memwr$\cfg$/home/matthias/prog/janestreet/emulator-wt-hdmi-ulx3s/prototypes/fpga-ulx3s/rtl/emu_core.v:153$3344_EN' from process `$paramod$f0f0fce572715f47581e5f423d1d26af564f4623\emu_core.$proc$/home/matthias/prog/janestreet/emulator-wt-hdmi-ulx3s/prototypes/fpga-ulx3s/rtl/emu_core.v:152$3694'.
No latch inferred for signal `$paramod$f0f0fce572715f47581e5f423d1d26af564f4623\emu_core.$memwr$\cfg$/home/matthias/prog/janestreet/emulator-wt-hdmi-ulx3s/prototypes/fpga-ulx3s/rtl/emu_core.v:153$3345_EN' from process `$paramod$f0f0fce572715f47581e5f423d1d26af564f4623\emu_core.$proc$/home/matthias/prog/janestreet/emulator-wt-hdmi-ulx3s/prototypes/fpga-ulx3s/rtl/emu_core.v:152$3694'.
No latch inferred for signal `$paramod$f0f0fce572715f47581e5f423d1d26af564f4623\emu_core.$memwr$\cfg$/home/matthias/prog/janestreet/emulator-wt-hdmi-ulx3s/prototypes/fpga-ulx3s/rtl/emu_core.v:153$3346_EN' from process `$paramod$f0f0fce572715f47581e5f423d1d26af564f4623\emu_core.$proc$/home/matthias/prog/janestreet/emulator-wt-hdmi-ulx3s/prototypes/fpga-ulx3s/rtl/emu_core.v:152$3694'.
No latch inferred for signal `$paramod$f0f0fce572715f47581e5f423d1d26af564f4623\emu_core.$memwr$\cfg$/home/matthias/prog/janestreet/emulator-wt-hdmi-ulx3s/prototypes/fpga-ulx3s/rtl/emu_core.v:154$3347_EN' from process `$paramod$f0f0fce572715f47581e5f423d1d26af564f4623\emu_core.$proc$/home/matthias/prog/janestreet/emulator-wt-hdmi-ulx3s/prototypes/fpga-ulx3s/rtl/emu_core.v:152$3694'.
No latch inferred for signal `$paramod$f0f0fce572715f47581e5f423d1d26af564f4623\emu_core.$mem2bits$\cfg$/home/matthias/prog/janestreet/emulator-wt-hdmi-ulx3s/prototypes/fpga-ulx3s/rtl/emu_core.v:391$3371' from process `$paramod$f0f0fce572715f47581e5f423d1d26af564f4623\emu_core.$proc$/home/matthias/prog/janestreet/emulator-wt-hdmi-ulx3s/prototypes/fpga-ulx3s/rtl/emu_core.v:391$3691'.
No latch inferred for signal `$paramod$f0f0fce572715f47581e5f423d1d26af564f4623\emu_core.$mem2bits$\cfg$/home/matthias/prog/janestreet/emulator-wt-hdmi-ulx3s/prototypes/fpga-ulx3s/rtl/emu_core.v:390$3370' from process `$paramod$f0f0fce572715f47581e5f423d1d26af564f4623\emu_core.$proc$/home/matthias/prog/janestreet/emulator-wt-hdmi-ulx3s/prototypes/fpga-ulx3s/rtl/emu_core.v:390$3688'.
No latch inferred for signal `$paramod$f0f0fce572715f47581e5f423d1d26af564f4623\emu_core.$mem2bits$\cfg$/home/matthias/prog/janestreet/emulator-wt-hdmi-ulx3s/prototypes/fpga-ulx3s/rtl/emu_core.v:390$3369' from process `$paramod$f0f0fce572715f47581e5f423d1d26af564f4623\emu_core.$proc$/home/matthias/prog/janestreet/emulator-wt-hdmi-ulx3s/prototypes/fpga-ulx3s/rtl/emu_core.v:390$3685'.
No latch inferred for signal `$paramod$f0f0fce572715f47581e5f423d1d26af564f4623\emu_core.$mem2bits$\cfg$/home/matthias/prog/janestreet/emulator-wt-hdmi-ulx3s/prototypes/fpga-ulx3s/rtl/emu_core.v:390$3368' from process `$paramod$f0f0fce572715f47581e5f423d1d26af564f4623\emu_core.$proc$/home/matthias/prog/janestreet/emulator-wt-hdmi-ulx3s/prototypes/fpga-ulx3s/rtl/emu_core.v:390$3682'.
No latch inferred for signal `$paramod$f0f0fce572715f47581e5f423d1d26af564f4623\emu_core.$mem2bits$\cfg$/home/matthias/prog/janestreet/emulator-wt-hdmi-ulx3s/prototypes/fpga-ulx3s/rtl/emu_core.v:389$3367' from process `$paramod$f0f0fce572715f47581e5f423d1d26af564f4623\emu_core.$proc$/home/matthias/prog/janestreet/emulator-wt-hdmi-ulx3s/prototypes/fpga-ulx3s/rtl/emu_core.v:389$3679'.
No latch inferred for signal `$paramod$f0f0fce572715f47581e5f423d1d26af564f4623\emu_core.$mem2bits$\cfg$/home/matthias/prog/janestreet/emulator-wt-hdmi-ulx3s/prototypes/fpga-ulx3s/rtl/emu_core.v:389$3366' from process `$paramod$f0f0fce572715f47581e5f423d1d26af564f4623\emu_core.$proc$/home/matthias/prog/janestreet/emulator-wt-hdmi-ulx3s/prototypes/fpga-ulx3s/rtl/emu_core.v:389$3676'.
No latch inferred for signal `$paramod$f0f0fce572715f47581e5f423d1d26af564f4623\emu_core.$mem2bits$\cfg$/home/matthias/prog/janestreet/emulator-wt-hdmi-ulx3s/prototypes/fpga-ulx3s/rtl/emu_core.v:389$3365' from process `$paramod$f0f0fce572715f47581e5f423d1d26af564f4623\emu_core.$proc$/home/matthias/prog/janestreet/emulator-wt-hdmi-ulx3s/prototypes/fpga-ulx3s/rtl/emu_core.v:389$3673'.
No latch inferred for signal `$paramod$f0f0fce572715f47581e5f423d1d26af564f4623\emu_core.$mem2bits$\cfg$/home/matthias/prog/janestreet/emulator-wt-hdmi-ulx3s/prototypes/fpga-ulx3s/rtl/emu_core.v:372$3364' from process `$paramod$f0f0fce572715f47581e5f423d1d26af564f4623\emu_core.$proc$/home/matthias/prog/janestreet/emulator-wt-hdmi-ulx3s/prototypes/fpga-ulx3s/rtl/emu_core.v:372$3670'.
No latch inferred for signal `$paramod$f0f0fce572715f47581e5f423d1d26af564f4623\emu_core.$mem2bits$\cfg$/home/matthias/prog/janestreet/emulator-wt-hdmi-ulx3s/prototypes/fpga-ulx3s/rtl/emu_core.v:372$3363' from process `$paramod$f0f0fce572715f47581e5f423d1d26af564f4623\emu_core.$proc$/home/matthias/prog/janestreet/emulator-wt-hdmi-ulx3s/prototypes/fpga-ulx3s/rtl/emu_core.v:372$3667'.
No latch inferred for signal `$paramod$f0f0fce572715f47581e5f423d1d26af564f4623\emu_core.$mem2bits$\cfg$/home/matthias/prog/janestreet/emulator-wt-hdmi-ulx3s/prototypes/fpga-ulx3s/rtl/emu_core.v:371$3362' from process `$paramod$f0f0fce572715f47581e5f423d1d26af564f4623\emu_core.$proc$/home/matthias/prog/janestreet/emulator-wt-hdmi-ulx3s/prototypes/fpga-ulx3s/rtl/emu_core.v:371$3664'.
No latch inferred for signal `$paramod$f0f0fce572715f47581e5f423d1d26af564f4623\emu_core.$mem2bits$\cfg$/home/matthias/prog/janestreet/emulator-wt-hdmi-ulx3s/prototypes/fpga-ulx3s/rtl/emu_core.v:371$3361' from process `$paramod$f0f0fce572715f47581e5f423d1d26af564f4623\emu_core.$proc$/home/matthias/prog/janestreet/emulator-wt-hdmi-ulx3s/prototypes/fpga-ulx3s/rtl/emu_core.v:371$3661'.
No latch inferred for signal `$paramod$f0f0fce572715f47581e5f423d1d26af564f4623\emu_core.$mem2bits$\cfg$/home/matthias/prog/janestreet/emulator-wt-hdmi-ulx3s/prototypes/fpga-ulx3s/rtl/emu_core.v:365$3357' from process `$paramod$f0f0fce572715f47581e5f423d1d26af564f4623\emu_core.$proc$/home/matthias/prog/janestreet/emulator-wt-hdmi-ulx3s/prototypes/fpga-ulx3s/rtl/emu_core.v:365$3658'.
No latch inferred for signal `$paramod$f0f0fce572715f47581e5f423d1d26af564f4623\emu_core.$mem2bits$\cfg$/home/matthias/prog/janestreet/emulator-wt-hdmi-ulx3s/prototypes/fpga-ulx3s/rtl/emu_core.v:364$3356' from process `$paramod$f0f0fce572715f47581e5f423d1d26af564f4623\emu_core.$proc$/home/matthias/prog/janestreet/emulator-wt-hdmi-ulx3s/prototypes/fpga-ulx3s/rtl/emu_core.v:364$3655'.
No latch inferred for signal `$paramod$f0f0fce572715f47581e5f423d1d26af564f4623\emu_core.$mem2bits$\cfg$/home/matthias/prog/janestreet/emulator-wt-hdmi-ulx3s/prototypes/fpga-ulx3s/rtl/emu_core.v:157$3351' from process `$paramod$f0f0fce572715f47581e5f423d1d26af564f4623\emu_core.$proc$/home/matthias/prog/janestreet/emulator-wt-hdmi-ulx3s/prototypes/fpga-ulx3s/rtl/emu_core.v:157$3652'.
No latch inferred for signal `$paramod$f0f0fce572715f47581e5f423d1d26af564f4623\emu_core.$mem2bits$\cfg$/home/matthias/prog/janestreet/emulator-wt-hdmi-ulx3s/prototypes/fpga-ulx3s/rtl/emu_core.v:157$3350' from process `$paramod$f0f0fce572715f47581e5f423d1d26af564f4623\emu_core.$proc$/home/matthias/prog/janestreet/emulator-wt-hdmi-ulx3s/prototypes/fpga-ulx3s/rtl/emu_core.v:157$3649'.
No latch inferred for signal `$paramod$f0f0fce572715f47581e5f423d1d26af564f4623\emu_core.$mem2bits$\cfg$/home/matthias/prog/janestreet/emulator-wt-hdmi-ulx3s/prototypes/fpga-ulx3s/rtl/emu_core.v:157$3349' from process `$paramod$f0f0fce572715f47581e5f423d1d26af564f4623\emu_core.$proc$/home/matthias/prog/janestreet/emulator-wt-hdmi-ulx3s/prototypes/fpga-ulx3s/rtl/emu_core.v:157$3646'.
No latch inferred for signal `$paramod$f0f0fce572715f47581e5f423d1d26af564f4623\emu_core.$mem2bits$\cfg$/home/matthias/prog/janestreet/emulator-wt-hdmi-ulx3s/prototypes/fpga-ulx3s/rtl/emu_core.v:157$3348' from process `$paramod$f0f0fce572715f47581e5f423d1d26af564f4623\emu_core.$proc$/home/matthias/prog/janestreet/emulator-wt-hdmi-ulx3s/prototypes/fpga-ulx3s/rtl/emu_core.v:157$3643'.
No latch inferred for signal `$paramod$f0f0fce572715f47581e5f423d1d26af564f4623\emu_core.\prefix_ok$func$/home/matthias/prog/janestreet/emulator-wt-hdmi-ulx3s/prototypes/fpga-ulx3s/rtl/emu_core.v:254$3321.$result' from process `$paramod$f0f0fce572715f47581e5f423d1d26af564f4623\emu_core.$proc$/home/matthias/prog/janestreet/emulator-wt-hdmi-ulx3s/prototypes/fpga-ulx3s/rtl/emu_core.v:254$3605'.
No latch inferred for signal `$paramod$f0f0fce572715f47581e5f423d1d26af564f4623\emu_core.\pin_raw' from process `$paramod$f0f0fce572715f47581e5f423d1d26af564f4623\emu_core.$proc$/home/matthias/prog/janestreet/emulator-wt-hdmi-ulx3s/prototypes/fpga-ulx3s/rtl/emu_core.v:203$3407'.

12.4.9. Executing PROC_DFF pass (convert process syncs to FFs).
Creating register for signal `\hdmi_serial_ddr.\_116' using process `\hdmi_serial_ddr.$proc$/home/matthias/prog/janestreet/emulator-wt-hdmi-ulx3s/prototypes/fpga-ulx3s/../hdmi-ulx3s/rtl/gen/hdmi_serial_ddr.v:243$2213'.
  created $dff cell `$procdff$5563' with positive edge clock.
Creating register for signal `\hdmi_serial_ddr.\_68' using process `\hdmi_serial_ddr.$proc$/home/matthias/prog/janestreet/emulator-wt-hdmi-ulx3s/prototypes/fpga-ulx3s/../hdmi-ulx3s/rtl/gen/hdmi_serial_ddr.v:236$2211'.
  created $dff cell `$procdff$5564' with positive edge clock.
Creating register for signal `\hdmi_serial_ddr.\_109' using process `\hdmi_serial_ddr.$proc$/home/matthias/prog/janestreet/emulator-wt-hdmi-ulx3s/prototypes/fpga-ulx3s/../hdmi-ulx3s/rtl/gen/hdmi_serial_ddr.v:228$2209'.
  created $dff cell `$procdff$5565' with positive edge clock.
Creating register for signal `\hdmi_serial_ddr.\_45' using process `\hdmi_serial_ddr.$proc$/home/matthias/prog/janestreet/emulator-wt-hdmi-ulx3s/prototypes/fpga-ulx3s/../hdmi-ulx3s/rtl/gen/hdmi_serial_ddr.v:220$2206'.
  created $dff cell `$procdff$5566' with positive edge clock.
Creating register for signal `\hdmi_serial_ddr.\_42' using process `\hdmi_serial_ddr.$proc$/home/matthias/prog/janestreet/emulator-wt-hdmi-ulx3s/prototypes/fpga-ulx3s/../hdmi-ulx3s/rtl/gen/hdmi_serial_ddr.v:214$2205'.
  created $dff cell `$procdff$5567' with positive edge clock.
Creating register for signal `\hdmi_serial_ddr.\_48' using process `\hdmi_serial_ddr.$proc$/home/matthias/prog/janestreet/emulator-wt-hdmi-ulx3s/prototypes/fpga-ulx3s/../hdmi-ulx3s/rtl/gen/hdmi_serial_ddr.v:207$2204'.
  created $dff cell `$procdff$5568' with positive edge clock.
Creating register for signal `\hdmi_serial_ddr.\_105' using process `\hdmi_serial_ddr.$proc$/home/matthias/prog/janestreet/emulator-wt-hdmi-ulx3s/prototypes/fpga-ulx3s/../hdmi-ulx3s/rtl/gen/hdmi_serial_ddr.v:199$2202'.
  created $dff cell `$procdff$5569' with positive edge clock.
Creating register for signal `\hdmi_serial_ddr.\_93' using process `\hdmi_serial_ddr.$proc$/home/matthias/prog/janestreet/emulator-wt-hdmi-ulx3s/prototypes/fpga-ulx3s/../hdmi-ulx3s/rtl/gen/hdmi_serial_ddr.v:180$2196'.
  created $dff cell `$procdff$5570' with positive edge clock.
Creating register for signal `\hdmi_serial_ddr.\_85' using process `\hdmi_serial_ddr.$proc$/home/matthias/prog/janestreet/emulator-wt-hdmi-ulx3s/prototypes/fpga-ulx3s/../hdmi-ulx3s/rtl/gen/hdmi_serial_ddr.v:168$2194'.
  created $dff cell `$procdff$5571' with positive edge clock.
Creating register for signal `\hdmi_serial_ddr.\_77' using process `\hdmi_serial_ddr.$proc$/home/matthias/prog/janestreet/emulator-wt-hdmi-ulx3s/prototypes/fpga-ulx3s/../hdmi-ulx3s/rtl/gen/hdmi_serial_ddr.v:156$2192'.
  created $dff cell `$procdff$5572' with positive edge clock.
Creating register for signal `\hdmi_serial_ddr.\_64' using process `\hdmi_serial_ddr.$proc$/home/matthias/prog/janestreet/emulator-wt-hdmi-ulx3s/prototypes/fpga-ulx3s/../hdmi-ulx3s/rtl/gen/hdmi_serial_ddr.v:142$2190'.
  created $dff cell `$procdff$5573' with positive edge clock.
Creating register for signal `\hdmi_serial_ddr.\_39' using process `\hdmi_serial_ddr.$proc$/home/matthias/prog/janestreet/emulator-wt-hdmi-ulx3s/prototypes/fpga-ulx3s/../hdmi-ulx3s/rtl/gen/hdmi_serial_ddr.v:125$2181'.
  created $dff cell `$procdff$5574' with positive edge clock.
Creating register for signal `\hdmi_serial_ddr.\_28' using process `\hdmi_serial_ddr.$proc$/home/matthias/prog/janestreet/emulator-wt-hdmi-ulx3s/prototypes/fpga-ulx3s/../hdmi-ulx3s/rtl/gen/hdmi_serial_ddr.v:118$2179'.
  created $dff cell `$procdff$5575' with positive edge clock.
Creating register for signal `\hdmi_serial_ddr.\_35' using process `\hdmi_serial_ddr.$proc$/home/matthias/prog/janestreet/emulator-wt-hdmi-ulx3s/prototypes/fpga-ulx3s/../hdmi-ulx3s/rtl/gen/hdmi_serial_ddr.v:110$2177'.
  created $dff cell `$procdff$5576' with positive edge clock.
Creating register for signal `\hdmi_pixel.\_714' using process `\hdmi_pixel.$proc$/home/matthias/prog/janestreet/emulator-wt-hdmi-ulx3s/prototypes/fpga-ulx3s/../hdmi-ulx3s/rtl/gen/hdmi_pixel.v:1354$2174'.
  created $dff cell `$procdff$5577' with positive edge clock.
Creating register for signal `\hdmi_pixel.\_44' using process `\hdmi_pixel.$proc$/home/matthias/prog/janestreet/emulator-wt-hdmi-ulx3s/prototypes/fpga-ulx3s/../hdmi-ulx3s/rtl/gen/hdmi_pixel.v:1347$2172'.
  created $dff cell `$procdff$5578' with positive edge clock.
Creating register for signal `\hdmi_pixel.\_675' using process `\hdmi_pixel.$proc$/home/matthias/prog/janestreet/emulator-wt-hdmi-ulx3s/prototypes/fpga-ulx3s/../hdmi-ulx3s/rtl/gen/hdmi_pixel.v:1338$2169'.
  created $dff cell `$procdff$5579' with positive edge clock.
Creating register for signal `\hdmi_pixel.\_668' using process `\hdmi_pixel.$proc$/home/matthias/prog/janestreet/emulator-wt-hdmi-ulx3s/prototypes/fpga-ulx3s/../hdmi-ulx3s/rtl/gen/hdmi_pixel.v:1324$2164'.
  created $dff cell `$procdff$5580' with positive edge clock.
Creating register for signal `\hdmi_pixel.\_685' using process `\hdmi_pixel.$proc$/home/matthias/prog/janestreet/emulator-wt-hdmi-ulx3s/prototypes/fpga-ulx3s/../hdmi-ulx3s/rtl/gen/hdmi_pixel.v:1298$2158'.
  created $dff cell `$procdff$5581' with positive edge clock.
Creating register for signal `\hdmi_pixel.\_695' using process `\hdmi_pixel.$proc$/home/matthias/prog/janestreet/emulator-wt-hdmi-ulx3s/prototypes/fpga-ulx3s/../hdmi-ulx3s/rtl/gen/hdmi_pixel.v:1285$2152'.
  created $dff cell `$procdff$5582' with positive edge clock.
Creating register for signal `\hdmi_pixel.\_656' using process `\hdmi_pixel.$proc$/home/matthias/prog/janestreet/emulator-wt-hdmi-ulx3s/prototypes/fpga-ulx3s/../hdmi-ulx3s/rtl/gen/hdmi_pixel.v:1265$2143'.
  created $dff cell `$procdff$5583' with positive edge clock.
Creating register for signal `\hdmi_pixel.\_513' using process `\hdmi_pixel.$proc$/home/matthias/prog/janestreet/emulator-wt-hdmi-ulx3s/prototypes/fpga-ulx3s/../hdmi-ulx3s/rtl/gen/hdmi_pixel.v:1226$2124'.
  created $dff cell `$procdff$5584' with positive edge clock.
Creating register for signal `\hdmi_pixel.\_480' using process `\hdmi_pixel.$proc$/home/matthias/prog/janestreet/emulator-wt-hdmi-ulx3s/prototypes/fpga-ulx3s/../hdmi-ulx3s/rtl/gen/hdmi_pixel.v:1013$2026'.
  created $dff cell `$procdff$5585' with positive edge clock.
Creating register for signal `\hdmi_pixel.\_466' using process `\hdmi_pixel.$proc$/home/matthias/prog/janestreet/emulator-wt-hdmi-ulx3s/prototypes/fpga-ulx3s/../hdmi-ulx3s/rtl/gen/hdmi_pixel.v:1002$2021'.
  created $dff cell `$procdff$5586' with positive edge clock.
Creating register for signal `\hdmi_pixel.\_323' using process `\hdmi_pixel.$proc$/home/matthias/prog/janestreet/emulator-wt-hdmi-ulx3s/prototypes/fpga-ulx3s/../hdmi-ulx3s/rtl/gen/hdmi_pixel.v:963$2002'.
  created $dff cell `$procdff$5587' with positive edge clock.
Creating register for signal `\hdmi_pixel.\_300' using process `\hdmi_pixel.$proc$/home/matthias/prog/janestreet/emulator-wt-hdmi-ulx3s/prototypes/fpga-ulx3s/../hdmi-ulx3s/rtl/gen/hdmi_pixel.v:822$1943'.
  created $dff cell `$procdff$5588' with positive edge clock.
Creating register for signal `\hdmi_pixel.\_286' using process `\hdmi_pixel.$proc$/home/matthias/prog/janestreet/emulator-wt-hdmi-ulx3s/prototypes/fpga-ulx3s/../hdmi-ulx3s/rtl/gen/hdmi_pixel.v:810$1938'.
  created $dff cell `$procdff$5589' with positive edge clock.
Creating register for signal `\hdmi_pixel.\_142' using process `\hdmi_pixel.$proc$/home/matthias/prog/janestreet/emulator-wt-hdmi-ulx3s/prototypes/fpga-ulx3s/../hdmi-ulx3s/rtl/gen/hdmi_pixel.v:771$1919'.
  created $dff cell `$procdff$5590' with positive edge clock.
Creating register for signal `\hdmi_pixel.\_36' using process `\hdmi_pixel.$proc$/home/matthias/prog/janestreet/emulator-wt-hdmi-ulx3s/prototypes/fpga-ulx3s/../hdmi-ulx3s/rtl/gen/hdmi_pixel.v:611$1854'.
  created $dff cell `$procdff$5591' with positive edge clock.
Creating register for signal `\hdmi_pixel.\_32' using process `\hdmi_pixel.$proc$/home/matthias/prog/janestreet/emulator-wt-hdmi-ulx3s/prototypes/fpga-ulx3s/../hdmi-ulx3s/rtl/gen/hdmi_pixel.v:603$1852'.
  created $dff cell `$procdff$5592' with positive edge clock.
Creating register for signal `\hdmi_pixel.\_21' using process `\hdmi_pixel.$proc$/home/matthias/prog/janestreet/emulator-wt-hdmi-ulx3s/prototypes/fpga-ulx3s/../hdmi-ulx3s/rtl/gen/hdmi_pixel.v:596$1850'.
  created $dff cell `$procdff$5593' with positive edge clock.
Creating register for signal `\hdmi_pixel.\_28' using process `\hdmi_pixel.$proc$/home/matthias/prog/janestreet/emulator-wt-hdmi-ulx3s/prototypes/fpga-ulx3s/../hdmi-ulx3s/rtl/gen/hdmi_pixel.v:588$1848'.
  created $dff cell `$procdff$5594' with positive edge clock.
Creating register for signal `\hdmi_out.\por_bit' using process `\hdmi_out.$proc$/home/matthias/prog/janestreet/emulator-wt-hdmi-ulx3s/prototypes/fpga-ulx3s/../hdmi-ulx3s/rtl/hdmi_out.v:28$1836'.
  created $dff cell `$procdff$5595' with positive edge clock.
Creating register for signal `\hdmi_out.\lock_bit' using process `\hdmi_out.$proc$/home/matthias/prog/janestreet/emulator-wt-hdmi-ulx3s/prototypes/fpga-ulx3s/../hdmi-ulx3s/rtl/hdmi_out.v:28$1836'.
  created $dff cell `$procdff$5596' with positive edge clock.
Creating register for signal `\hdmi_out.\por_pix' using process `\hdmi_out.$proc$/home/matthias/prog/janestreet/emulator-wt-hdmi-ulx3s/prototypes/fpga-ulx3s/../hdmi-ulx3s/rtl/hdmi_out.v:24$1832'.
  created $dff cell `$procdff$5597' with positive edge clock.
Creating register for signal `\hdmi_out.\lock_pix' using process `\hdmi_out.$proc$/home/matthias/prog/janestreet/emulator-wt-hdmi-ulx3s/prototypes/fpga-ulx3s/../hdmi-ulx3s/rtl/hdmi_out.v:24$1832'.
  created $dff cell `$procdff$5598' with positive edge clock.
Creating register for signal `\usb_fs_device.\_393' using process `\usb_fs_device.$proc$/home/matthias/prog/janestreet/emulator-wt-hdmi-ulx3s/prototypes/fpga-ulx3s/rtl/gen/usb_fs_device.v:3153$1830'.
  created $dff cell `$procdff$5599' with positive edge clock.
Creating register for signal `\usb_fs_device.\_373' using process `\usb_fs_device.$proc$/home/matthias/prog/janestreet/emulator-wt-hdmi-ulx3s/prototypes/fpga-ulx3s/rtl/gen/usb_fs_device.v:3144$1827'.
  created $dff cell `$procdff$5600' with positive edge clock.
Creating register for signal `\usb_fs_device.\_383' using process `\usb_fs_device.$proc$/home/matthias/prog/janestreet/emulator-wt-hdmi-ulx3s/prototypes/fpga-ulx3s/rtl/gen/usb_fs_device.v:3122$1812'.
  created $dff cell `$procdff$5601' with positive edge clock.
Creating register for signal `\usb_fs_device.\_804' using process `\usb_fs_device.$proc$/home/matthias/prog/janestreet/emulator-wt-hdmi-ulx3s/prototypes/fpga-ulx3s/rtl/gen/usb_fs_device.v:3095$1792'.
  created $dff cell `$procdff$5602' with positive edge clock.
Creating register for signal `\usb_fs_device.\_1439' using process `\usb_fs_device.$proc$/home/matthias/prog/janestreet/emulator-wt-hdmi-ulx3s/prototypes/fpga-ulx3s/rtl/gen/usb_fs_device.v:3081$1785'.
  created $dff cell `$procdff$5603' with positive edge clock.
Creating register for signal `\usb_fs_device.\_1447' using process `\usb_fs_device.$proc$/home/matthias/prog/janestreet/emulator-wt-hdmi-ulx3s/prototypes/fpga-ulx3s/rtl/gen/usb_fs_device.v:3069$1781'.
  created $dff cell `$procdff$5604' with positive edge clock.
Creating register for signal `\usb_fs_device.\_1444' using process `\usb_fs_device.$proc$/home/matthias/prog/janestreet/emulator-wt-hdmi-ulx3s/prototypes/fpga-ulx3s/rtl/gen/usb_fs_device.v:3063$1780'.
  created $dff cell `$procdff$5605' with positive edge clock.
Creating register for signal `\usb_fs_device.\_1453' using process `\usb_fs_device.$proc$/home/matthias/prog/janestreet/emulator-wt-hdmi-ulx3s/prototypes/fpga-ulx3s/rtl/gen/usb_fs_device.v:3056$1779'.
  created $dff cell `$procdff$5606' with positive edge clock.
Creating register for signal `\usb_fs_device.\_1450' using process `\usb_fs_device.$proc$/home/matthias/prog/janestreet/emulator-wt-hdmi-ulx3s/prototypes/fpga-ulx3s/rtl/gen/usb_fs_device.v:3050$1778'.
  created $dff cell `$procdff$5607' with positive edge clock.
Creating register for signal `\usb_fs_device.\_1457' using process `\usb_fs_device.$proc$/home/matthias/prog/janestreet/emulator-wt-hdmi-ulx3s/prototypes/fpga-ulx3s/rtl/gen/usb_fs_device.v:3044$1777'.
  created $dff cell `$procdff$5608' with positive edge clock.
Creating register for signal `\usb_fs_device.\_1467' using process `\usb_fs_device.$proc$/home/matthias/prog/janestreet/emulator-wt-hdmi-ulx3s/prototypes/fpga-ulx3s/rtl/gen/usb_fs_device.v:3033$1772'.
  created $dff cell `$procdff$5609' with positive edge clock.
Creating register for signal `\usb_fs_device.\_1481' using process `\usb_fs_device.$proc$/home/matthias/prog/janestreet/emulator-wt-hdmi-ulx3s/prototypes/fpga-ulx3s/rtl/gen/usb_fs_device.v:3007$1754'.
  created $dff cell `$procdff$5610' with positive edge clock.
Creating register for signal `\usb_fs_device.\_89' using process `\usb_fs_device.$proc$/home/matthias/prog/janestreet/emulator-wt-hdmi-ulx3s/prototypes/fpga-ulx3s/rtl/gen/usb_fs_device.v:2978$1732'.
  created $dff cell `$procdff$5611' with positive edge clock.
Creating register for signal `\usb_fs_device.\_1474' using process `\usb_fs_device.$proc$/home/matthias/prog/janestreet/emulator-wt-hdmi-ulx3s/prototypes/fpga-ulx3s/rtl/gen/usb_fs_device.v:2962$1723'.
  created $dff cell `$procdff$5612' with positive edge clock.
Creating register for signal `\usb_fs_device.\_1492' using process `\usb_fs_device.$proc$/home/matthias/prog/janestreet/emulator-wt-hdmi-ulx3s/prototypes/fpga-ulx3s/rtl/gen/usb_fs_device.v:2942$1709'.
  created $dff cell `$procdff$5613' with positive edge clock.
Creating register for signal `\usb_fs_device.\_104' using process `\usb_fs_device.$proc$/home/matthias/prog/janestreet/emulator-wt-hdmi-ulx3s/prototypes/fpga-ulx3s/rtl/gen/usb_fs_device.v:2918$1692'.
  created $dff cell `$procdff$5614' with positive edge clock.
Creating register for signal `\usb_fs_device.\_1464' using process `\usb_fs_device.$proc$/home/matthias/prog/janestreet/emulator-wt-hdmi-ulx3s/prototypes/fpga-ulx3s/rtl/gen/usb_fs_device.v:2894$1677'.
  created $dff cell `$procdff$5615' with positive edge clock.
Creating register for signal `\usb_fs_device.\_111' using process `\usb_fs_device.$proc$/home/matthias/prog/janestreet/emulator-wt-hdmi-ulx3s/prototypes/fpga-ulx3s/rtl/gen/usb_fs_device.v:2815$1626'.
  created $dff cell `$procdff$5616' with positive edge clock.
Creating register for signal `\usb_fs_device.\_204' using process `\usb_fs_device.$proc$/home/matthias/prog/janestreet/emulator-wt-hdmi-ulx3s/prototypes/fpga-ulx3s/rtl/gen/usb_fs_device.v:2746$1615'.
  created $dff cell `$procdff$5617' with positive edge clock.
Creating register for signal `\usb_fs_device.\_307' using process `\usb_fs_device.$proc$/home/matthias/prog/janestreet/emulator-wt-hdmi-ulx3s/prototypes/fpga-ulx3s/rtl/gen/usb_fs_device.v:2670$1602'.
  created $dff cell `$procdff$5618' with positive edge clock.
Creating register for signal `\usb_fs_device.\_603' using process `\usb_fs_device.$proc$/home/matthias/prog/janestreet/emulator-wt-hdmi-ulx3s/prototypes/fpga-ulx3s/rtl/gen/usb_fs_device.v:2657$1595'.
  created $dff cell `$procdff$5619' with positive edge clock.
Creating register for signal `\usb_fs_device.\_643' using process `\usb_fs_device.$proc$/home/matthias/prog/janestreet/emulator-wt-hdmi-ulx3s/prototypes/fpga-ulx3s/rtl/gen/usb_fs_device.v:2635$1584'.
  created $dff cell `$procdff$5620' with positive edge clock.
Creating register for signal `\usb_fs_device.\_631' using process `\usb_fs_device.$proc$/home/matthias/prog/janestreet/emulator-wt-hdmi-ulx3s/prototypes/fpga-ulx3s/rtl/gen/usb_fs_device.v:2620$1575'.
  created $dff cell `$procdff$5621' with positive edge clock.
Creating register for signal `\usb_fs_device.\_321' using process `\usb_fs_device.$proc$/home/matthias/prog/janestreet/emulator-wt-hdmi-ulx3s/prototypes/fpga-ulx3s/rtl/gen/usb_fs_device.v:2599$1562'.
  created $dff cell `$procdff$5622' with positive edge clock.
Creating register for signal `\usb_fs_device.\_638' using process `\usb_fs_device.$proc$/home/matthias/prog/janestreet/emulator-wt-hdmi-ulx3s/prototypes/fpga-ulx3s/rtl/gen/usb_fs_device.v:2494$1528'.
  created $dff cell `$procdff$5623' with positive edge clock.
Creating register for signal `\usb_fs_device.\_609' using process `\usb_fs_device.$proc$/home/matthias/prog/janestreet/emulator-wt-hdmi-ulx3s/prototypes/fpga-ulx3s/rtl/gen/usb_fs_device.v:2482$1522'.
  created $dff cell `$procdff$5624' with positive edge clock.
Creating register for signal `\usb_fs_device.\_612' using process `\usb_fs_device.$proc$/home/matthias/prog/janestreet/emulator-wt-hdmi-ulx3s/prototypes/fpga-ulx3s/rtl/gen/usb_fs_device.v:2467$1513'.
  created $dff cell `$procdff$5625' with positive edge clock.
Creating register for signal `\usb_fs_device.\_317' using process `\usb_fs_device.$proc$/home/matthias/prog/janestreet/emulator-wt-hdmi-ulx3s/prototypes/fpga-ulx3s/rtl/gen/usb_fs_device.v:2454$1506'.
  created $dff cell `$procdff$5626' with positive edge clock.
Creating register for signal `\usb_fs_device.\_336' using process `\usb_fs_device.$proc$/home/matthias/prog/janestreet/emulator-wt-hdmi-ulx3s/prototypes/fpga-ulx3s/rtl/gen/usb_fs_device.v:2433$1491'.
  created $dff cell `$procdff$5627' with positive edge clock.
Creating register for signal `\usb_fs_device.\_341' using process `\usb_fs_device.$proc$/home/matthias/prog/janestreet/emulator-wt-hdmi-ulx3s/prototypes/fpga-ulx3s/rtl/gen/usb_fs_device.v:2422$1486'.
  created $dff cell `$procdff$5628' with positive edge clock.
Creating register for signal `\usb_fs_device.\_347' using process `\usb_fs_device.$proc$/home/matthias/prog/janestreet/emulator-wt-hdmi-ulx3s/prototypes/fpga-ulx3s/rtl/gen/usb_fs_device.v:2408$1480'.
  created $dff cell `$procdff$5629' with positive edge clock.
Creating register for signal `\usb_fs_device.\_1172' using process `\usb_fs_device.$proc$/home/matthias/prog/janestreet/emulator-wt-hdmi-ulx3s/prototypes/fpga-ulx3s/rtl/gen/usb_fs_device.v:2371$1452'.
  created $dff cell `$procdff$5630' with positive edge clock.
Creating register for signal `\usb_fs_device.\_938' using process `\usb_fs_device.$proc$/home/matthias/prog/janestreet/emulator-wt-hdmi-ulx3s/prototypes/fpga-ulx3s/rtl/gen/usb_fs_device.v:2358$1445'.
  created $dff cell `$procdff$5631' with positive edge clock.
Creating register for signal `\usb_fs_device.\_957' using process `\usb_fs_device.$proc$/home/matthias/prog/janestreet/emulator-wt-hdmi-ulx3s/prototypes/fpga-ulx3s/rtl/gen/usb_fs_device.v:2337$1431'.
  created $dff cell `$procdff$5632' with positive edge clock.
Creating register for signal `\usb_fs_device.\_697' using process `\usb_fs_device.$proc$/home/matthias/prog/janestreet/emulator-wt-hdmi-ulx3s/prototypes/fpga-ulx3s/rtl/gen/usb_fs_device.v:2321$1421'.
  created $dff cell `$procdff$5633' with positive edge clock.
Creating register for signal `\usb_fs_device.\_706' using process `\usb_fs_device.$proc$/home/matthias/prog/janestreet/emulator-wt-hdmi-ulx3s/prototypes/fpga-ulx3s/rtl/gen/usb_fs_device.v:2309$1415'.
  created $dff cell `$procdff$5634' with positive edge clock.
Creating register for signal `\usb_fs_device.\_480' using process `\usb_fs_device.$proc$/home/matthias/prog/janestreet/emulator-wt-hdmi-ulx3s/prototypes/fpga-ulx3s/rtl/gen/usb_fs_device.v:2293$1409'.
  created $dff cell `$procdff$5635' with positive edge clock.
Creating register for signal `\usb_fs_device.\_1137' using process `\usb_fs_device.$proc$/home/matthias/prog/janestreet/emulator-wt-hdmi-ulx3s/prototypes/fpga-ulx3s/rtl/gen/usb_fs_device.v:2268$1395'.
  created $dff cell `$procdff$5636' with positive edge clock.
Creating register for signal `\usb_fs_device.\_1123' using process `\usb_fs_device.$proc$/home/matthias/prog/janestreet/emulator-wt-hdmi-ulx3s/prototypes/fpga-ulx3s/rtl/gen/usb_fs_device.v:2224$1362'.
  created $dff cell `$procdff$5637' with positive edge clock.
Creating register for signal `\usb_fs_device.\_1113' using process `\usb_fs_device.$proc$/home/matthias/prog/janestreet/emulator-wt-hdmi-ulx3s/prototypes/fpga-ulx3s/rtl/gen/usb_fs_device.v:2206$1350'.
  created $dff cell `$procdff$5638' with positive edge clock.
Creating register for signal `\usb_fs_device.\_749' using process `\usb_fs_device.$proc$/home/matthias/prog/janestreet/emulator-wt-hdmi-ulx3s/prototypes/fpga-ulx3s/rtl/gen/usb_fs_device.v:2192$1343'.
  created $dff cell `$procdff$5639' with positive edge clock.
Creating register for signal `\usb_fs_device.\_807' using process `\usb_fs_device.$proc$/home/matthias/prog/janestreet/emulator-wt-hdmi-ulx3s/prototypes/fpga-ulx3s/rtl/gen/usb_fs_device.v:2157$1316'.
  created $dff cell `$procdff$5640' with positive edge clock.
Creating register for signal `\usb_fs_device.\_409' using process `\usb_fs_device.$proc$/home/matthias/prog/janestreet/emulator-wt-hdmi-ulx3s/prototypes/fpga-ulx3s/rtl/gen/usb_fs_device.v:2116$1284'.
  created $dff cell `$procdff$5641' with positive edge clock.
Creating register for signal `\usb_fs_device.\_414' using process `\usb_fs_device.$proc$/home/matthias/prog/janestreet/emulator-wt-hdmi-ulx3s/prototypes/fpga-ulx3s/rtl/gen/usb_fs_device.v:2099$1273'.
  created $dff cell `$procdff$5642' with positive edge clock.
Creating register for signal `\usb_fs_device.\_434' using process `\usb_fs_device.$proc$/home/matthias/prog/janestreet/emulator-wt-hdmi-ulx3s/prototypes/fpga-ulx3s/rtl/gen/usb_fs_device.v:2080$1260'.
  created $dff cell `$procdff$5643' with positive edge clock.
Creating register for signal `\usb_fs_device.\_437' using process `\usb_fs_device.$proc$/home/matthias/prog/janestreet/emulator-wt-hdmi-ulx3s/prototypes/fpga-ulx3s/rtl/gen/usb_fs_device.v:2065$1251'.
  created $dff cell `$procdff$5644' with positive edge clock.
Creating register for signal `\usb_fs_device.\_440' using process `\usb_fs_device.$proc$/home/matthias/prog/janestreet/emulator-wt-hdmi-ulx3s/prototypes/fpga-ulx3s/rtl/gen/usb_fs_device.v:2035$1229'.
  created $dff cell `$procdff$5645' with positive edge clock.
Creating register for signal `\usb_fs_device.\_444' using process `\usb_fs_device.$proc$/home/matthias/prog/janestreet/emulator-wt-hdmi-ulx3s/prototypes/fpga-ulx3s/rtl/gen/usb_fs_device.v:2002$1204'.
  created $dff cell `$procdff$5646' with positive edge clock.
Creating register for signal `\usb_fs_device.\_420' using process `\usb_fs_device.$proc$/home/matthias/prog/janestreet/emulator-wt-hdmi-ulx3s/prototypes/fpga-ulx3s/rtl/gen/usb_fs_device.v:1940$1173'.
  created $dff cell `$procdff$5647' with positive edge clock.
Creating register for signal `\usb_fs_device.\_466' using process `\usb_fs_device.$proc$/home/matthias/prog/janestreet/emulator-wt-hdmi-ulx3s/prototypes/fpga-ulx3s/rtl/gen/usb_fs_device.v:1907$1152'.
  created $dff cell `$procdff$5648' with positive edge clock.
Creating register for signal `\usb_fs_device.\_474' using process `\usb_fs_device.$proc$/home/matthias/prog/janestreet/emulator-wt-hdmi-ulx3s/prototypes/fpga-ulx3s/rtl/gen/usb_fs_device.v:1869$1130'.
  created $dff cell `$procdff$5649' with positive edge clock.
Creating register for signal `\usb_fs_device.\_477' using process `\usb_fs_device.$proc$/home/matthias/prog/janestreet/emulator-wt-hdmi-ulx3s/prototypes/fpga-ulx3s/rtl/gen/usb_fs_device.v:1733$1103'.
  created $dff cell `$procdff$5650' with positive edge clock.
Creating register for signal `\usb_fs_device.\_542' using process `\usb_fs_device.$proc$/home/matthias/prog/janestreet/emulator-wt-hdmi-ulx3s/prototypes/fpga-ulx3s/rtl/gen/usb_fs_device.v:1678$1092'.
  created $dff cell `$procdff$5651' with positive edge clock.
Creating register for signal `\usb_fs_device.\_545' using process `\usb_fs_device.$proc$/home/matthias/prog/janestreet/emulator-wt-hdmi-ulx3s/prototypes/fpga-ulx3s/rtl/gen/usb_fs_device.v:1665$1085'.
  created $dff cell `$procdff$5652' with positive edge clock.
Creating register for signal `\usb_fs_device.\_548' using process `\usb_fs_device.$proc$/home/matthias/prog/janestreet/emulator-wt-hdmi-ulx3s/prototypes/fpga-ulx3s/rtl/gen/usb_fs_device.v:1652$1078'.
  created $dff cell `$procdff$5653' with positive edge clock.
Creating register for signal `\usb_fs_device.\_551' using process `\usb_fs_device.$proc$/home/matthias/prog/janestreet/emulator-wt-hdmi-ulx3s/prototypes/fpga-ulx3s/rtl/gen/usb_fs_device.v:1639$1071'.
  created $dff cell `$procdff$5654' with positive edge clock.
Creating register for signal `\usb_fs_device.\_554' using process `\usb_fs_device.$proc$/home/matthias/prog/janestreet/emulator-wt-hdmi-ulx3s/prototypes/fpga-ulx3s/rtl/gen/usb_fs_device.v:1626$1064'.
  created $dff cell `$procdff$5655' with positive edge clock.
Creating register for signal `\usb_fs_device.\_730' using process `\usb_fs_device.$proc$/home/matthias/prog/janestreet/emulator-wt-hdmi-ulx3s/prototypes/fpga-ulx3s/rtl/gen/usb_fs_device.v:1613$1057'.
  created $dff cell `$procdff$5656' with positive edge clock.
Creating register for signal `\usb_fs_device.\_557' using process `\usb_fs_device.$proc$/home/matthias/prog/janestreet/emulator-wt-hdmi-ulx3s/prototypes/fpga-ulx3s/rtl/gen/usb_fs_device.v:1602$1053'.
  created $dff cell `$procdff$5657' with positive edge clock.
Creating register for signal `\usb_fs_device.\_717' using process `\usb_fs_device.$proc$/home/matthias/prog/janestreet/emulator-wt-hdmi-ulx3s/prototypes/fpga-ulx3s/rtl/gen/usb_fs_device.v:1589$1046'.
  created $dff cell `$procdff$5658' with positive edge clock.
Creating register for signal `\usb_fs_device.\_560' using process `\usb_fs_device.$proc$/home/matthias/prog/janestreet/emulator-wt-hdmi-ulx3s/prototypes/fpga-ulx3s/rtl/gen/usb_fs_device.v:1578$1042'.
  created $dff cell `$procdff$5659' with positive edge clock.
Creating register for signal `\usb_fs_device.\_563' using process `\usb_fs_device.$proc$/home/matthias/prog/janestreet/emulator-wt-hdmi-ulx3s/prototypes/fpga-ulx3s/rtl/gen/usb_fs_device.v:1565$1035'.
  created $dff cell `$procdff$5660' with positive edge clock.
Creating register for signal `\usb_fs_device.\_569' using process `\usb_fs_device.$proc$/home/matthias/prog/janestreet/emulator-wt-hdmi-ulx3s/prototypes/fpga-ulx3s/rtl/gen/usb_fs_device.v:1485$1019'.
  created $dff cell `$procdff$5661' with positive edge clock.
Creating register for signal `\usb_fs_device.\_623' using process `\usb_fs_device.$proc$/home/matthias/prog/janestreet/emulator-wt-hdmi-ulx3s/prototypes/fpga-ulx3s/rtl/gen/usb_fs_device.v:1463$1004'.
  created $dff cell `$procdff$5662' with positive edge clock.
Creating register for signal `\usb_fs_device.\_597' using process `\usb_fs_device.$proc$/home/matthias/prog/janestreet/emulator-wt-hdmi-ulx3s/prototypes/fpga-ulx3s/rtl/gen/usb_fs_device.v:1438$987'.
  created $dff cell `$procdff$5663' with positive edge clock.
Creating register for signal `\usb_fs_device.\_396' using process `\usb_fs_device.$proc$/home/matthias/prog/janestreet/emulator-wt-hdmi-ulx3s/prototypes/fpga-ulx3s/rtl/gen/usb_fs_device.v:1373$944'.
  created $dff cell `$procdff$5664' with positive edge clock.
Creating register for signal `\usb_fs_device.\_380' using process `\usb_fs_device.$proc$/home/matthias/prog/janestreet/emulator-wt-hdmi-ulx3s/prototypes/fpga-ulx3s/rtl/gen/usb_fs_device.v:1336$915'.
  created $dff cell `$procdff$5665' with positive edge clock.
Creating register for signal `\usb_fs_device.\_86' using process `\usb_fs_device.$proc$/home/matthias/prog/janestreet/emulator-wt-hdmi-ulx3s/prototypes/fpga-ulx3s/rtl/gen/usb_fs_device.v:1323$908'.
  created $dff cell `$procdff$5666' with positive edge clock.
Creating register for signal `\pin_sampler.\_236' using process `\pin_sampler.$proc$/home/matthias/prog/janestreet/emulator-wt-hdmi-ulx3s/prototypes/fpga-ulx3s/rtl/gen/pin_sampler.v:491$899'.
  created $dff cell `$procdff$5667' with positive edge clock.
Creating register for signal `\pin_sampler.\_230' using process `\pin_sampler.$proc$/home/matthias/prog/janestreet/emulator-wt-hdmi-ulx3s/prototypes/fpga-ulx3s/rtl/gen/pin_sampler.v:480$894'.
  created $dff cell `$procdff$5668' with positive edge clock.
Creating register for signal `\pin_sampler.\_221' using process `\pin_sampler.$proc$/home/matthias/prog/janestreet/emulator-wt-hdmi-ulx3s/prototypes/fpga-ulx3s/rtl/gen/pin_sampler.v:463$885'.
  created $dff cell `$procdff$5669' with positive edge clock.
Creating register for signal `\pin_sampler.\_214' using process `\pin_sampler.$proc$/home/matthias/prog/janestreet/emulator-wt-hdmi-ulx3s/prototypes/fpga-ulx3s/rtl/gen/pin_sampler.v:448$876'.
  created $dff cell `$procdff$5670' with positive edge clock.
Creating register for signal `\pin_sampler.\_33' using process `\pin_sampler.$proc$/home/matthias/prog/janestreet/emulator-wt-hdmi-ulx3s/prototypes/fpga-ulx3s/rtl/gen/pin_sampler.v:432$866'.
  created $dff cell `$procdff$5671' with positive edge clock.
Creating register for signal `\pin_sampler.\_43' using process `\pin_sampler.$proc$/home/matthias/prog/janestreet/emulator-wt-hdmi-ulx3s/prototypes/fpga-ulx3s/rtl/gen/pin_sampler.v:394$860'.
  created $dff cell `$procdff$5672' with positive edge clock.
Creating register for signal `\pin_sampler.\_208' using process `\pin_sampler.$proc$/home/matthias/prog/janestreet/emulator-wt-hdmi-ulx3s/prototypes/fpga-ulx3s/rtl/gen/pin_sampler.v:382$858'.
  created $dff cell `$procdff$5673' with positive edge clock.
Creating register for signal `\pin_sampler.\_192' using process `\pin_sampler.$proc$/home/matthias/prog/janestreet/emulator-wt-hdmi-ulx3s/prototypes/fpga-ulx3s/rtl/gen/pin_sampler.v:364$847'.
  created $dff cell `$procdff$5674' with positive edge clock.
Creating register for signal `\pin_sampler.\_151' using process `\pin_sampler.$proc$/home/matthias/prog/janestreet/emulator-wt-hdmi-ulx3s/prototypes/fpga-ulx3s/rtl/gen/pin_sampler.v:338$836'.
  created $dff cell `$procdff$5675' with positive edge clock.
Creating register for signal `\pin_sampler.\_186' using process `\pin_sampler.$proc$/home/matthias/prog/janestreet/emulator-wt-hdmi-ulx3s/prototypes/fpga-ulx3s/rtl/gen/pin_sampler.v:325$832'.
  created $dff cell `$procdff$5676' with positive edge clock.
Creating register for signal `\pin_sampler.\_180' using process `\pin_sampler.$proc$/home/matthias/prog/janestreet/emulator-wt-hdmi-ulx3s/prototypes/fpga-ulx3s/rtl/gen/pin_sampler.v:264$814'.
  created $dff cell `$procdff$5677' with positive edge clock.
Creating register for signal `\pin_sampler.\_158' using process `\pin_sampler.$proc$/home/matthias/prog/janestreet/emulator-wt-hdmi-ulx3s/prototypes/fpga-ulx3s/rtl/gen/pin_sampler.v:254$811'.
  created $dff cell `$procdff$5678' with positive edge clock.
Creating register for signal `\pin_sampler.\_165' using process `\pin_sampler.$proc$/home/matthias/prog/janestreet/emulator-wt-hdmi-ulx3s/prototypes/fpga-ulx3s/rtl/gen/pin_sampler.v:242$808'.
  created $dff cell `$procdff$5679' with positive edge clock.
Creating register for signal `\pin_sampler.\_172' using process `\pin_sampler.$proc$/home/matthias/prog/janestreet/emulator-wt-hdmi-ulx3s/prototypes/fpga-ulx3s/rtl/gen/pin_sampler.v:230$805'.
  created $dff cell `$procdff$5680' with positive edge clock.
Creating register for signal `\pin_sampler.\_89' using process `\pin_sampler.$proc$/home/matthias/prog/janestreet/emulator-wt-hdmi-ulx3s/prototypes/fpga-ulx3s/rtl/gen/pin_sampler.v:217$802'.
  created $dff cell `$procdff$5681' with positive edge clock.
Creating register for signal `\pin_streamer.\_178' using process `\pin_streamer.$proc$/home/matthias/prog/janestreet/emulator-wt-hdmi-ulx3s/prototypes/fpga-ulx3s/rtl/gen/pin_streamer.v:373$796'.
  created $dff cell `$procdff$5682' with positive edge clock.
Creating register for signal `\pin_streamer.\_172' using process `\pin_streamer.$proc$/home/matthias/prog/janestreet/emulator-wt-hdmi-ulx3s/prototypes/fpga-ulx3s/rtl/gen/pin_streamer.v:363$792'.
  created $dff cell `$procdff$5683' with positive edge clock.
Creating register for signal `\pin_streamer.\_163' using process `\pin_streamer.$proc$/home/matthias/prog/janestreet/emulator-wt-hdmi-ulx3s/prototypes/fpga-ulx3s/rtl/gen/pin_streamer.v:343$781'.
  created $dff cell `$procdff$5684' with positive edge clock.
Creating register for signal `\pin_streamer.\_157' using process `\pin_streamer.$proc$/home/matthias/prog/janestreet/emulator-wt-hdmi-ulx3s/prototypes/fpga-ulx3s/rtl/gen/pin_streamer.v:331$776'.
  created $dff cell `$procdff$5685' with positive edge clock.
Creating register for signal `\pin_streamer.\_148' using process `\pin_streamer.$proc$/home/matthias/prog/janestreet/emulator-wt-hdmi-ulx3s/prototypes/fpga-ulx3s/rtl/gen/pin_streamer.v:297$766'.
  created $dff cell `$procdff$5686' with positive edge clock.
Creating register for signal `\pin_streamer.\_42' using process `\pin_streamer.$proc$/home/matthias/prog/janestreet/emulator-wt-hdmi-ulx3s/prototypes/fpga-ulx3s/rtl/gen/pin_streamer.v:288$763'.
  created $dff cell `$procdff$5687' with positive edge clock.
Creating register for signal `\pin_streamer.\_142' using process `\pin_streamer.$proc$/home/matthias/prog/janestreet/emulator-wt-hdmi-ulx3s/prototypes/fpga-ulx3s/rtl/gen/pin_streamer.v:277$760'.
  created $dff cell `$procdff$5688' with positive edge clock.
Creating register for signal `\pin_streamer.\_49' using process `\pin_streamer.$proc$/home/matthias/prog/janestreet/emulator-wt-hdmi-ulx3s/prototypes/fpga-ulx3s/rtl/gen/pin_streamer.v:268$757'.
  created $dff cell `$procdff$5689' with positive edge clock.
Creating register for signal `\pin_streamer.\_56' using process `\pin_streamer.$proc$/home/matthias/prog/janestreet/emulator-wt-hdmi-ulx3s/prototypes/fpga-ulx3s/rtl/gen/pin_streamer.v:256$754'.
  created $dff cell `$procdff$5690' with positive edge clock.
Creating register for signal `\pin_streamer.\_63' using process `\pin_streamer.$proc$/home/matthias/prog/janestreet/emulator-wt-hdmi-ulx3s/prototypes/fpga-ulx3s/rtl/gen/pin_streamer.v:244$751'.
  created $dff cell `$procdff$5691' with positive edge clock.
Creating register for signal `\pin_streamer.\_136' using process `\pin_streamer.$proc$/home/matthias/prog/janestreet/emulator-wt-hdmi-ulx3s/prototypes/fpga-ulx3s/rtl/gen/pin_streamer.v:217$741'.
  created $dff cell `$procdff$5692' with positive edge clock.
Creating register for signal `\pin_streamer.\_130' using process `\pin_streamer.$proc$/home/matthias/prog/janestreet/emulator-wt-hdmi-ulx3s/prototypes/fpga-ulx3s/rtl/gen/pin_streamer.v:205$736'.
  created $dff cell `$procdff$5693' with positive edge clock.
Creating register for signal `\pin_streamer.\_110' using process `\pin_streamer.$proc$/home/matthias/prog/janestreet/emulator-wt-hdmi-ulx3s/prototypes/fpga-ulx3s/rtl/gen/pin_streamer.v:168$723'.
  created $dff cell `$procdff$5694' with positive edge clock.
Creating register for signal `\deadline_sequencer.\_258' using process `\deadline_sequencer.$proc$/home/matthias/prog/janestreet/emulator-wt-hdmi-ulx3s/prototypes/fpga-ulx3s/rtl/gen/deadline_sequencer.v:1215$715'.
  created $dff cell `$procdff$5695' with positive edge clock.
Creating register for signal `\deadline_sequencer.\_239' using process `\deadline_sequencer.$proc$/home/matthias/prog/janestreet/emulator-wt-hdmi-ulx3s/prototypes/fpga-ulx3s/rtl/gen/deadline_sequencer.v:1194$712'.
  created $dff cell `$procdff$5696' with positive edge clock.
Creating register for signal `\deadline_sequencer.\_236' using process `\deadline_sequencer.$proc$/home/matthias/prog/janestreet/emulator-wt-hdmi-ulx3s/prototypes/fpga-ulx3s/rtl/gen/deadline_sequencer.v:1152$695'.
  created $dff cell `$procdff$5697' with positive edge clock.
Creating register for signal `\deadline_sequencer.\_233' using process `\deadline_sequencer.$proc$/home/matthias/prog/janestreet/emulator-wt-hdmi-ulx3s/prototypes/fpga-ulx3s/rtl/gen/deadline_sequencer.v:1143$692'.
  created $dff cell `$procdff$5698' with positive edge clock.
Creating register for signal `\deadline_sequencer.\_230' using process `\deadline_sequencer.$proc$/home/matthias/prog/janestreet/emulator-wt-hdmi-ulx3s/prototypes/fpga-ulx3s/rtl/gen/deadline_sequencer.v:1134$689'.
  created $dff cell `$procdff$5699' with positive edge clock.
Creating register for signal `\deadline_sequencer.\_518' using process `\deadline_sequencer.$proc$/home/matthias/prog/janestreet/emulator-wt-hdmi-ulx3s/prototypes/fpga-ulx3s/rtl/gen/deadline_sequencer.v:1108$681'.
  created $dff cell `$procdff$5700' with positive edge clock.
Creating register for signal `\deadline_sequencer.\_510' using process `\deadline_sequencer.$proc$/home/matthias/prog/janestreet/emulator-wt-hdmi-ulx3s/prototypes/fpga-ulx3s/rtl/gen/deadline_sequencer.v:1087$671'.
  created $dff cell `$procdff$5701' with positive edge clock.
Creating register for signal `\deadline_sequencer.\_506' using process `\deadline_sequencer.$proc$/home/matthias/prog/janestreet/emulator-wt-hdmi-ulx3s/prototypes/fpga-ulx3s/rtl/gen/deadline_sequencer.v:1079$669'.
  created $dff cell `$procdff$5702' with positive edge clock.
Creating register for signal `\deadline_sequencer.\_502' using process `\deadline_sequencer.$proc$/home/matthias/prog/janestreet/emulator-wt-hdmi-ulx3s/prototypes/fpga-ulx3s/rtl/gen/deadline_sequencer.v:1071$667'.
  created $dff cell `$procdff$5703' with positive edge clock.
Creating register for signal `\deadline_sequencer.\_490' using process `\deadline_sequencer.$proc$/home/matthias/prog/janestreet/emulator-wt-hdmi-ulx3s/prototypes/fpga-ulx3s/rtl/gen/deadline_sequencer.v:1048$662'.
  created $dff cell `$procdff$5704' with positive edge clock.
Creating register for signal `\deadline_sequencer.\_484' using process `\deadline_sequencer.$proc$/home/matthias/prog/janestreet/emulator-wt-hdmi-ulx3s/prototypes/fpga-ulx3s/rtl/gen/deadline_sequencer.v:1032$655'.
  created $dff cell `$procdff$5705' with positive edge clock.
Creating register for signal `\deadline_sequencer.\_480' using process `\deadline_sequencer.$proc$/home/matthias/prog/janestreet/emulator-wt-hdmi-ulx3s/prototypes/fpga-ulx3s/rtl/gen/deadline_sequencer.v:1024$653'.
  created $dff cell `$procdff$5706' with positive edge clock.
Creating register for signal `\deadline_sequencer.\_476' using process `\deadline_sequencer.$proc$/home/matthias/prog/janestreet/emulator-wt-hdmi-ulx3s/prototypes/fpga-ulx3s/rtl/gen/deadline_sequencer.v:1016$651'.
  created $dff cell `$procdff$5707' with positive edge clock.
Creating register for signal `\deadline_sequencer.\_49' using process `\deadline_sequencer.$proc$/home/matthias/prog/janestreet/emulator-wt-hdmi-ulx3s/prototypes/fpga-ulx3s/rtl/gen/deadline_sequencer.v:972$644'.
  created $dff cell `$procdff$5708' with positive edge clock.
Creating register for signal `\deadline_sequencer.\_261' using process `\deadline_sequencer.$proc$/home/matthias/prog/janestreet/emulator-wt-hdmi-ulx3s/prototypes/fpga-ulx3s/rtl/gen/deadline_sequencer.v:932$634'.
  created $dff cell `$procdff$5709' with positive edge clock.
Creating register for signal `\deadline_sequencer.\_264' using process `\deadline_sequencer.$proc$/home/matthias/prog/janestreet/emulator-wt-hdmi-ulx3s/prototypes/fpga-ulx3s/rtl/gen/deadline_sequencer.v:853$618'.
  created $dff cell `$procdff$5710' with positive edge clock.
Creating register for signal `\deadline_sequencer.\_267' using process `\deadline_sequencer.$proc$/home/matthias/prog/janestreet/emulator-wt-hdmi-ulx3s/prototypes/fpga-ulx3s/rtl/gen/deadline_sequencer.v:845$616'.
  created $dff cell `$procdff$5711' with positive edge clock.
Creating register for signal `\deadline_sequencer.\_270' using process `\deadline_sequencer.$proc$/home/matthias/prog/janestreet/emulator-wt-hdmi-ulx3s/prototypes/fpga-ulx3s/rtl/gen/deadline_sequencer.v:837$614'.
  created $dff cell `$procdff$5712' with positive edge clock.
Creating register for signal `\deadline_sequencer.\_277' using process `\deadline_sequencer.$proc$/home/matthias/prog/janestreet/emulator-wt-hdmi-ulx3s/prototypes/fpga-ulx3s/rtl/gen/deadline_sequencer.v:762$578'.
  created $dff cell `$procdff$5713' with positive edge clock.
Creating register for signal `\deadline_sequencer.\_255' using process `\deadline_sequencer.$proc$/home/matthias/prog/janestreet/emulator-wt-hdmi-ulx3s/prototypes/fpga-ulx3s/rtl/gen/deadline_sequencer.v:698$551'.
  created $dff cell `$procdff$5714' with positive edge clock.
Creating register for signal `\deadline_sequencer.\_251' using process `\deadline_sequencer.$proc$/home/matthias/prog/janestreet/emulator-wt-hdmi-ulx3s/prototypes/fpga-ulx3s/rtl/gen/deadline_sequencer.v:688$548'.
  created $dff cell `$procdff$5715' with positive edge clock.
Creating register for signal `\deadline_sequencer.\_64' using process `\deadline_sequencer.$proc$/home/matthias/prog/janestreet/emulator-wt-hdmi-ulx3s/prototypes/fpga-ulx3s/rtl/gen/deadline_sequencer.v:636$540'.
  created $dff cell `$procdff$5716' with positive edge clock.
Creating register for signal `\deadline_sequencer.\_69' using process `\deadline_sequencer.$proc$/home/matthias/prog/janestreet/emulator-wt-hdmi-ulx3s/prototypes/fpga-ulx3s/rtl/gen/deadline_sequencer.v:620$534'.
  created $dff cell `$procdff$5717' with positive edge clock.
Creating register for signal `$paramod\emu_uart_rx\CLKS_PER_BIT=s32'00000000000000000000000000111100.\data' using process `$paramod\emu_uart_rx\CLKS_PER_BIT=s32'00000000000000000000000000111100.$proc$/home/matthias/prog/janestreet/emulator-wt-hdmi-ulx3s/prototypes/fpga-ulx3s/rtl/emu_core.v:54$2878'.
  created $dff cell `$procdff$5718' with positive edge clock.
Creating register for signal `$paramod\emu_uart_rx\CLKS_PER_BIT=s32'00000000000000000000000000111100.\valid' using process `$paramod\emu_uart_rx\CLKS_PER_BIT=s32'00000000000000000000000000111100.$proc$/home/matthias/prog/janestreet/emulator-wt-hdmi-ulx3s/prototypes/fpga-ulx3s/rtl/emu_core.v:54$2878'.
  created $dff cell `$procdff$5719' with positive edge clock.
Creating register for signal `$paramod\emu_uart_rx\CLKS_PER_BIT=s32'00000000000000000000000000111100.\sync' using process `$paramod\emu_uart_rx\CLKS_PER_BIT=s32'00000000000000000000000000111100.$proc$/home/matthias/prog/janestreet/emulator-wt-hdmi-ulx3s/prototypes/fpga-ulx3s/rtl/emu_core.v:54$2878'.
  created $dff cell `$procdff$5720' with positive edge clock.
Creating register for signal `$paramod\emu_uart_rx\CLKS_PER_BIT=s32'00000000000000000000000000111100.\busy' using process `$paramod\emu_uart_rx\CLKS_PER_BIT=s32'00000000000000000000000000111100.$proc$/home/matthias/prog/janestreet/emulator-wt-hdmi-ulx3s/prototypes/fpga-ulx3s/rtl/emu_core.v:54$2878'.
  created $dff cell `$procdff$5721' with positive edge clock.
Creating register for signal `$paramod\emu_uart_rx\CLKS_PER_BIT=s32'00000000000000000000000000111100.\cnt' using process `$paramod\emu_uart_rx\CLKS_PER_BIT=s32'00000000000000000000000000111100.$proc$/home/matthias/prog/janestreet/emulator-wt-hdmi-ulx3s/prototypes/fpga-ulx3s/rtl/emu_core.v:54$2878'.
  created $dff cell `$procdff$5722' with positive edge clock.
Creating register for signal `$paramod\emu_uart_rx\CLKS_PER_BIT=s32'00000000000000000000000000111100.\bitn' using process `$paramod\emu_uart_rx\CLKS_PER_BIT=s32'00000000000000000000000000111100.$proc$/home/matthias/prog/janestreet/emulator-wt-hdmi-ulx3s/prototypes/fpga-ulx3s/rtl/emu_core.v:54$2878'.
  created $dff cell `$procdff$5723' with positive edge clock.
Creating register for signal `$paramod\emu_uart_rx\CLKS_PER_BIT=s32'00000000000000000000000000111100.\sh' using process `$paramod\emu_uart_rx\CLKS_PER_BIT=s32'00000000000000000000000000111100.$proc$/home/matthias/prog/janestreet/emulator-wt-hdmi-ulx3s/prototypes/fpga-ulx3s/rtl/emu_core.v:54$2878'.
  created $dff cell `$procdff$5724' with positive edge clock.
Creating register for signal `$paramod\emu_uart_tx\CLKS_PER_BIT=s32'00000000000000000000000000111100.\cnt' using process `$paramod\emu_uart_tx\CLKS_PER_BIT=s32'00000000000000000000000000111100.$proc$/home/matthias/prog/janestreet/emulator-wt-hdmi-ulx3s/prototypes/fpga-ulx3s/rtl/emu_core.v:88$2867'.
  created $dff cell `$procdff$5725' with positive edge clock.
Creating register for signal `$paramod\emu_uart_tx\CLKS_PER_BIT=s32'00000000000000000000000000111100.\sh' using process `$paramod\emu_uart_tx\CLKS_PER_BIT=s32'00000000000000000000000000111100.$proc$/home/matthias/prog/janestreet/emulator-wt-hdmi-ulx3s/prototypes/fpga-ulx3s/rtl/emu_core.v:88$2867'.
  created $dff cell `$procdff$5726' with positive edge clock.
Creating register for signal `$paramod\emu_uart_tx\CLKS_PER_BIT=s32'00000000000000000000000000111100.\tx' using process `$paramod\emu_uart_tx\CLKS_PER_BIT=s32'00000000000000000000000000111100.$proc$/home/matthias/prog/janestreet/emulator-wt-hdmi-ulx3s/prototypes/fpga-ulx3s/rtl/emu_core.v:88$2867'.
  created $dff cell `$procdff$5727' with positive edge clock.
Creating register for signal `$paramod\emu_uart_tx\CLKS_PER_BIT=s32'00000000000000000000000000111100.\n' using process `$paramod\emu_uart_tx\CLKS_PER_BIT=s32'00000000000000000000000000111100.$proc$/home/matthias/prog/janestreet/emulator-wt-hdmi-ulx3s/prototypes/fpga-ulx3s/rtl/emu_core.v:88$2867'.
  created $dff cell `$procdff$5728' with positive edge clock.
Creating register for signal `$paramod\emu_uart_tx\CLKS_PER_BIT=s32'00000000000000000000000000111100.\act' using process `$paramod\emu_uart_tx\CLKS_PER_BIT=s32'00000000000000000000000000111100.$proc$/home/matthias/prog/janestreet/emulator-wt-hdmi-ulx3s/prototypes/fpga-ulx3s/rtl/emu_core.v:88$2867'.
  created $dff cell `$procdff$5729' with positive edge clock.
Creating register for signal `$paramod$f0f0fce572715f47581e5f423d1d26af564f4623\emu_core.\txf_push' using process `$paramod$f0f0fce572715f47581e5f423d1d26af564f4623\emu_core.$proc$/home/matthias/prog/janestreet/emulator-wt-hdmi-ulx3s/prototypes/fpga-ulx3s/rtl/emu_core.v:427$3535'.
  created $dff cell `$procdff$5730' with positive edge clock.
Creating register for signal `$paramod$f0f0fce572715f47581e5f423d1d26af564f4623\emu_core.\txf_din' using process `$paramod$f0f0fce572715f47581e5f423d1d26af564f4623\emu_core.$proc$/home/matthias/prog/janestreet/emulator-wt-hdmi-ulx3s/prototypes/fpga-ulx3s/rtl/emu_core.v:427$3535'.
  created $dff cell `$procdff$5731' with positive edge clock.
Creating register for signal `$paramod$f0f0fce572715f47581e5f423d1d26af564f4623\emu_core.\rstate' using process `$paramod$f0f0fce572715f47581e5f423d1d26af564f4623\emu_core.$proc$/home/matthias/prog/janestreet/emulator-wt-hdmi-ulx3s/prototypes/fpga-ulx3s/rtl/emu_core.v:427$3535'.
  created $dff cell `$procdff$5732' with positive edge clock.
Creating register for signal `$paramod$f0f0fce572715f47581e5f423d1d26af564f4623\emu_core.\run_len' using process `$paramod$f0f0fce572715f47581e5f423d1d26af564f4623\emu_core.$proc$/home/matthias/prog/janestreet/emulator-wt-hdmi-ulx3s/prototypes/fpga-ulx3s/rtl/emu_core.v:427$3535'.
  created $dff cell `$procdff$5733' with positive edge clock.
Creating register for signal `$paramod$f0f0fce572715f47581e5f423d1d26af564f4623\emu_core.\cycle' using process `$paramod$f0f0fce572715f47581e5f423d1d26af564f4623\emu_core.$proc$/home/matthias/prog/janestreet/emulator-wt-hdmi-ulx3s/prototypes/fpga-ulx3s/rtl/emu_core.v:427$3535'.
  created $dff cell `$procdff$5734' with positive edge clock.
Creating register for signal `$paramod$f0f0fce572715f47581e5f423d1d26af564f4623\emu_core.\imem_we' using process `$paramod$f0f0fce572715f47581e5f423d1d26af564f4623\emu_core.$proc$/home/matthias/prog/janestreet/emulator-wt-hdmi-ulx3s/prototypes/fpga-ulx3s/rtl/emu_core.v:427$3535'.
  created $dff cell `$procdff$5735' with positive edge clock.
Creating register for signal `$paramod$f0f0fce572715f47581e5f423d1d26af564f4623\emu_core.\imem_wa' using process `$paramod$f0f0fce572715f47581e5f423d1d26af564f4623\emu_core.$proc$/home/matthias/prog/janestreet/emulator-wt-hdmi-ulx3s/prototypes/fpga-ulx3s/rtl/emu_core.v:427$3535'.
  created $dff cell `$procdff$5736' with positive edge clock.
Creating register for signal `$paramod$f0f0fce572715f47581e5f423d1d26af564f4623\emu_core.\imem_wd' using process `$paramod$f0f0fce572715f47581e5f423d1d26af564f4623\emu_core.$proc$/home/matthias/prog/janestreet/emulator-wt-hdmi-ulx3s/prototypes/fpga-ulx3s/rtl/emu_core.v:427$3535'.
  created $dff cell `$procdff$5737' with positive edge clock.
Creating register for signal `$paramod$f0f0fce572715f47581e5f423d1d26af564f4623\emu_core.\host_ra' using process `$paramod$f0f0fce572715f47581e5f423d1d26af564f4623\emu_core.$proc$/home/matthias/prog/janestreet/emulator-wt-hdmi-ulx3s/prototypes/fpga-ulx3s/rtl/emu_core.v:427$3535'.
  created $dff cell `$procdff$5738' with positive edge clock.
Creating register for signal `$paramod$f0f0fce572715f47581e5f423d1d26af564f4623\emu_core.\hin_push' using process `$paramod$f0f0fce572715f47581e5f423d1d26af564f4623\emu_core.$proc$/home/matthias/prog/janestreet/emulator-wt-hdmi-ulx3s/prototypes/fpga-ulx3s/rtl/emu_core.v:427$3535'.
  created $dff cell `$procdff$5739' with positive edge clock.
Creating register for signal `$paramod$f0f0fce572715f47581e5f423d1d26af564f4623\emu_core.\hin_din' using process `$paramod$f0f0fce572715f47581e5f423d1d26af564f4623\emu_core.$proc$/home/matthias/prog/janestreet/emulator-wt-hdmi-ulx3s/prototypes/fpga-ulx3s/rtl/emu_core.v:427$3535'.
  created $dff cell `$procdff$5740' with positive edge clock.
Creating register for signal `$paramod$f0f0fce572715f47581e5f423d1d26af564f4623\emu_core.\tr_ra' using process `$paramod$f0f0fce572715f47581e5f423d1d26af564f4623\emu_core.$proc$/home/matthias/prog/janestreet/emulator-wt-hdmi-ulx3s/prototypes/fpga-ulx3s/rtl/emu_core.v:427$3535'.
  created $dff cell `$procdff$5741' with positive edge clock.
Creating register for signal `$paramod$f0f0fce572715f47581e5f423d1d26af564f4623\emu_core.\cap_ra' using process `$paramod$f0f0fce572715f47581e5f423d1d26af564f4623\emu_core.$proc$/home/matthias/prog/janestreet/emulator-wt-hdmi-ulx3s/prototypes/fpga-ulx3s/rtl/emu_core.v:427$3535'.
  created $dff cell `$procdff$5742' with positive edge clock.
Creating register for signal `$paramod$f0f0fce572715f47581e5f423d1d26af564f4623\emu_core.\cst' using process `$paramod$f0f0fce572715f47581e5f423d1d26af564f4623\emu_core.$proc$/home/matthias/prog/janestreet/emulator-wt-hdmi-ulx3s/prototypes/fpga-ulx3s/rtl/emu_core.v:427$3535'.
  created $dff cell `$procdff$5743' with positive edge clock.
Creating register for signal `$paramod$f0f0fce572715f47581e5f423d1d26af564f4623\emu_core.\op' using process `$paramod$f0f0fce572715f47581e5f423d1d26af564f4623\emu_core.$proc$/home/matthias/prog/janestreet/emulator-wt-hdmi-ulx3s/prototypes/fpga-ulx3s/rtl/emu_core.v:427$3535'.
  created $dff cell `$procdff$5744' with positive edge clock.
Creating register for signal `$paramod$f0f0fce572715f47581e5f423d1d26af564f4623\emu_core.\args' using process `$paramod$f0f0fce572715f47581e5f423d1d26af564f4623\emu_core.$proc$/home/matthias/prog/janestreet/emulator-wt-hdmi-ulx3s/prototypes/fpga-ulx3s/rtl/emu_core.v:427$3535'.
  created $dff cell `$procdff$5745' with positive edge clock.
Creating register for signal `$paramod$f0f0fce572715f47581e5f423d1d26af564f4623\emu_core.\need' using process `$paramod$f0f0fce572715f47581e5f423d1d26af564f4623\emu_core.$proc$/home/matthias/prog/janestreet/emulator-wt-hdmi-ulx3s/prototypes/fpga-ulx3s/rtl/emu_core.v:427$3535'.
  created $dff cell `$procdff$5746' with positive edge clock.
Creating register for signal `$paramod$f0f0fce572715f47581e5f423d1d26af564f4623\emu_core.\rbuf' using process `$paramod$f0f0fce572715f47581e5f423d1d26af564f4623\emu_core.$proc$/home/matthias/prog/janestreet/emulator-wt-hdmi-ulx3s/prototypes/fpga-ulx3s/rtl/emu_core.v:427$3535'.
  created $dff cell `$procdff$5747' with positive edge clock.
Creating register for signal `$paramod$f0f0fce572715f47581e5f423d1d26af564f4623\emu_core.\rlen' using process `$paramod$f0f0fce572715f47581e5f423d1d26af564f4623\emu_core.$proc$/home/matthias/prog/janestreet/emulator-wt-hdmi-ulx3s/prototypes/fpga-ulx3s/rtl/emu_core.v:427$3535'.
  created $dff cell `$procdff$5748' with positive edge clock.
Creating register for signal `$paramod$f0f0fce572715f47581e5f423d1d26af564f4623\emu_core.\didx' using process `$paramod$f0f0fce572715f47581e5f423d1d26af564f4623\emu_core.$proc$/home/matthias/prog/janestreet/emulator-wt-hdmi-ulx3s/prototypes/fpga-ulx3s/rtl/emu_core.v:427$3535'.
  created $dff cell `$procdff$5749' with positive edge clock.
Creating register for signal `$paramod$f0f0fce572715f47581e5f423d1d26af564f4623\emu_core.\rnext' using process `$paramod$f0f0fce572715f47581e5f423d1d26af564f4623\emu_core.$proc$/home/matthias/prog/janestreet/emulator-wt-hdmi-ulx3s/prototypes/fpga-ulx3s/rtl/emu_core.v:427$3535'.
  created $dff cell `$procdff$5750' with positive edge clock.
Creating register for signal `$paramod$f0f0fce572715f47581e5f423d1d26af564f4623\emu_core.\nargs$func$/home/matthias/prog/janestreet/emulator-wt-hdmi-ulx3s/prototypes/fpga-ulx3s/rtl/emu_core.v:444$3336.$result' using process `$paramod$f0f0fce572715f47581e5f423d1d26af564f4623\emu_core.$proc$/home/matthias/prog/janestreet/emulator-wt-hdmi-ulx3s/prototypes/fpga-ulx3s/rtl/emu_core.v:427$3535'.
  created $dff cell `$procdff$5751' with positive edge clock.
Creating register for signal `$paramod$f0f0fce572715f47581e5f423d1d26af564f4623\emu_core.\nargs$func$/home/matthias/prog/janestreet/emulator-wt-hdmi-ulx3s/prototypes/fpga-ulx3s/rtl/emu_core.v:444$3336.o' using process `$paramod$f0f0fce572715f47581e5f423d1d26af564f4623\emu_core.$proc$/home/matthias/prog/janestreet/emulator-wt-hdmi-ulx3s/prototypes/fpga-ulx3s/rtl/emu_core.v:427$3535'.
  created $dff cell `$procdff$5752' with positive edge clock.
Creating register for signal `$paramod$f0f0fce572715f47581e5f423d1d26af564f4623\emu_core.\nargs$func$/home/matthias/prog/janestreet/emulator-wt-hdmi-ulx3s/prototypes/fpga-ulx3s/rtl/emu_core.v:445$3337.$result' using process `$paramod$f0f0fce572715f47581e5f423d1d26af564f4623\emu_core.$proc$/home/matthias/prog/janestreet/emulator-wt-hdmi-ulx3s/prototypes/fpga-ulx3s/rtl/emu_core.v:427$3535'.
  created $dff cell `$procdff$5753' with positive edge clock.
Creating register for signal `$paramod$f0f0fce572715f47581e5f423d1d26af564f4623\emu_core.\nargs$func$/home/matthias/prog/janestreet/emulator-wt-hdmi-ulx3s/prototypes/fpga-ulx3s/rtl/emu_core.v:445$3337.o' using process `$paramod$f0f0fce572715f47581e5f423d1d26af564f4623\emu_core.$proc$/home/matthias/prog/janestreet/emulator-wt-hdmi-ulx3s/prototypes/fpga-ulx3s/rtl/emu_core.v:427$3535'.
  created $dff cell `$procdff$5754' with positive edge clock.
Creating register for signal `$paramod$f0f0fce572715f47581e5f423d1d26af564f4623\emu_core.$memwr$\cfg$/home/matthias/prog/janestreet/emulator-wt-hdmi-ulx3s/prototypes/fpga-ulx3s/rtl/emu_core.v:461$3359_ADDR' using process `$paramod$f0f0fce572715f47581e5f423d1d26af564f4623\emu_core.$proc$/home/matthias/prog/janestreet/emulator-wt-hdmi-ulx3s/prototypes/fpga-ulx3s/rtl/emu_core.v:427$3535'.
  created $dff cell `$procdff$5755' with positive edge clock.
Creating register for signal `$paramod$f0f0fce572715f47581e5f423d1d26af564f4623\emu_core.$memwr$\cfg$/home/matthias/prog/janestreet/emulator-wt-hdmi-ulx3s/prototypes/fpga-ulx3s/rtl/emu_core.v:461$3359_DATA' using process `$paramod$f0f0fce572715f47581e5f423d1d26af564f4623\emu_core.$proc$/home/matthias/prog/janestreet/emulator-wt-hdmi-ulx3s/prototypes/fpga-ulx3s/rtl/emu_core.v:427$3535'.
  created $dff cell `$procdff$5756' with positive edge clock.
Creating register for signal `$paramod$f0f0fce572715f47581e5f423d1d26af564f4623\emu_core.$memwr$\cfg$/home/matthias/prog/janestreet/emulator-wt-hdmi-ulx3s/prototypes/fpga-ulx3s/rtl/emu_core.v:461$3359_EN' using process `$paramod$f0f0fce572715f47581e5f423d1d26af564f4623\emu_core.$proc$/home/matthias/prog/janestreet/emulator-wt-hdmi-ulx3s/prototypes/fpga-ulx3s/rtl/emu_core.v:427$3535'.
  created $dff cell `$procdff$5757' with positive edge clock.
Creating register for signal `$paramod$f0f0fce572715f47581e5f423d1d26af564f4623\emu_core.$memwr$\sbuf$/home/matthias/prog/janestreet/emulator-wt-hdmi-ulx3s/prototypes/fpga-ulx3s/rtl/emu_core.v:466$3360_ADDR' using process `$paramod$f0f0fce572715f47581e5f423d1d26af564f4623\emu_core.$proc$/home/matthias/prog/janestreet/emulator-wt-hdmi-ulx3s/prototypes/fpga-ulx3s/rtl/emu_core.v:427$3535'.
  created $dff cell `$procdff$5758' with positive edge clock.
Creating register for signal `$paramod$f0f0fce572715f47581e5f423d1d26af564f4623\emu_core.$memwr$\sbuf$/home/matthias/prog/janestreet/emulator-wt-hdmi-ulx3s/prototypes/fpga-ulx3s/rtl/emu_core.v:466$3360_DATA' using process `$paramod$f0f0fce572715f47581e5f423d1d26af564f4623\emu_core.$proc$/home/matthias/prog/janestreet/emulator-wt-hdmi-ulx3s/prototypes/fpga-ulx3s/rtl/emu_core.v:427$3535'.
  created $dff cell `$procdff$5759' with positive edge clock.
Creating register for signal `$paramod$f0f0fce572715f47581e5f423d1d26af564f4623\emu_core.$memwr$\sbuf$/home/matthias/prog/janestreet/emulator-wt-hdmi-ulx3s/prototypes/fpga-ulx3s/rtl/emu_core.v:466$3360_EN' using process `$paramod$f0f0fce572715f47581e5f423d1d26af564f4623\emu_core.$proc$/home/matthias/prog/janestreet/emulator-wt-hdmi-ulx3s/prototypes/fpga-ulx3s/rtl/emu_core.v:427$3535'.
  created $dff cell `$procdff$5760' with positive edge clock.
Creating register for signal `$paramod$f0f0fce572715f47581e5f423d1d26af564f4623\emu_core.\cap_cnt' using process `$paramod$f0f0fce572715f47581e5f423d1d26af564f4623\emu_core.$proc$/home/matthias/prog/janestreet/emulator-wt-hdmi-ulx3s/prototypes/fpga-ulx3s/rtl/emu_core.v:398$3519'.
  created $dff cell `$procdff$5761' with positive edge clock.
Creating register for signal `$paramod$f0f0fce572715f47581e5f423d1d26af564f4623\emu_core.\cap_q' using process `$paramod$f0f0fce572715f47581e5f423d1d26af564f4623\emu_core.$proc$/home/matthias/prog/janestreet/emulator-wt-hdmi-ulx3s/prototypes/fpga-ulx3s/rtl/emu_core.v:398$3519'.
  created $dff cell `$procdff$5762' with positive edge clock.
Creating register for signal `$paramod$f0f0fce572715f47581e5f423d1d26af564f4623\emu_core.\smp_ovf_hold' using process `$paramod$f0f0fce572715f47581e5f423d1d26af564f4623\emu_core.$proc$/home/matthias/prog/janestreet/emulator-wt-hdmi-ulx3s/prototypes/fpga-ulx3s/rtl/emu_core.v:398$3519'.
  created $dff cell `$procdff$5763' with positive edge clock.
Creating register for signal `$paramod$f0f0fce572715f47581e5f423d1d26af564f4623\emu_core.$memwr$\cap$/home/matthias/prog/janestreet/emulator-wt-hdmi-ulx3s/prototypes/fpga-ulx3s/rtl/emu_core.v:399$3358_ADDR' using process `$paramod$f0f0fce572715f47581e5f423d1d26af564f4623\emu_core.$proc$/home/matthias/prog/janestreet/emulator-wt-hdmi-ulx3s/prototypes/fpga-ulx3s/rtl/emu_core.v:398$3519'.
  created $dff cell `$procdff$5764' with positive edge clock.
Creating register for signal `$paramod$f0f0fce572715f47581e5f423d1d26af564f4623\emu_core.$memwr$\cap$/home/matthias/prog/janestreet/emulator-wt-hdmi-ulx3s/prototypes/fpga-ulx3s/rtl/emu_core.v:399$3358_DATA' using process `$paramod$f0f0fce572715f47581e5f423d1d26af564f4623\emu_core.$proc$/home/matthias/prog/janestreet/emulator-wt-hdmi-ulx3s/prototypes/fpga-ulx3s/rtl/emu_core.v:398$3519'.
  created $dff cell `$procdff$5765' with positive edge clock.
Creating register for signal `$paramod$f0f0fce572715f47581e5f423d1d26af564f4623\emu_core.$memwr$\cap$/home/matthias/prog/janestreet/emulator-wt-hdmi-ulx3s/prototypes/fpga-ulx3s/rtl/emu_core.v:399$3358_EN' using process `$paramod$f0f0fce572715f47581e5f423d1d26af564f4623\emu_core.$proc$/home/matthias/prog/janestreet/emulator-wt-hdmi-ulx3s/prototypes/fpga-ulx3s/rtl/emu_core.v:398$3519'.
  created $dff cell `$procdff$5766' with positive edge clock.
Creating register for signal `$paramod$f0f0fce572715f47581e5f423d1d26af564f4623\emu_core.\smp_s1' using process `$paramod$f0f0fce572715f47581e5f423d1d26af564f4623\emu_core.$proc$/home/matthias/prog/janestreet/emulator-wt-hdmi-ulx3s/prototypes/fpga-ulx3s/rtl/emu_core.v:385$3517'.
  created $dff cell `$procdff$5767' with positive edge clock.
Creating register for signal `$paramod$f0f0fce572715f47581e5f423d1d26af564f4623\emu_core.\smp_s2' using process `$paramod$f0f0fce572715f47581e5f423d1d26af564f4623\emu_core.$proc$/home/matthias/prog/janestreet/emulator-wt-hdmi-ulx3s/prototypes/fpga-ulx3s/rtl/emu_core.v:385$3517'.
  created $dff cell `$procdff$5768' with positive edge clock.
Creating register for signal `$paramod$f0f0fce572715f47581e5f423d1d26af564f4623\emu_core.\s_idx' using process `$paramod$f0f0fce572715f47581e5f423d1d26af564f4623\emu_core.$proc$/home/matthias/prog/janestreet/emulator-wt-hdmi-ulx3s/prototypes/fpga-ulx3s/rtl/emu_core.v:375$3511'.
  created $dff cell `$procdff$5769' with positive edge clock.
Creating register for signal `$paramod$f0f0fce572715f47581e5f423d1d26af564f4623\emu_core.\tr_prev' using process `$paramod$f0f0fce572715f47581e5f423d1d26af564f4623\emu_core.$proc$/home/matthias/prog/janestreet/emulator-wt-hdmi-ulx3s/prototypes/fpga-ulx3s/rtl/emu_core.v:347$3490'.
  created $dff cell `$procdff$5770' with positive edge clock.
Creating register for signal `$paramod$f0f0fce572715f47581e5f423d1d26af564f4623\emu_core.\tr_cnt' using process `$paramod$f0f0fce572715f47581e5f423d1d26af564f4623\emu_core.$proc$/home/matthias/prog/janestreet/emulator-wt-hdmi-ulx3s/prototypes/fpga-ulx3s/rtl/emu_core.v:347$3490'.
  created $dff cell `$procdff$5771' with positive edge clock.
Creating register for signal `$paramod$f0f0fce572715f47581e5f423d1d26af564f4623\emu_core.\tr_ovf' using process `$paramod$f0f0fce572715f47581e5f423d1d26af564f4623\emu_core.$proc$/home/matthias/prog/janestreet/emulator-wt-hdmi-ulx3s/prototypes/fpga-ulx3s/rtl/emu_core.v:347$3490'.
  created $dff cell `$procdff$5772' with positive edge clock.
Creating register for signal `$paramod$f0f0fce572715f47581e5f423d1d26af564f4623\emu_core.\tr_trunc' using process `$paramod$f0f0fce572715f47581e5f423d1d26af564f4623\emu_core.$proc$/home/matthias/prog/janestreet/emulator-wt-hdmi-ulx3s/prototypes/fpga-ulx3s/rtl/emu_core.v:347$3490'.
  created $dff cell `$procdff$5773' with positive edge clock.
Creating register for signal `$paramod$f0f0fce572715f47581e5f423d1d26af564f4623\emu_core.\tr_q' using process `$paramod$f0f0fce572715f47581e5f423d1d26af564f4623\emu_core.$proc$/home/matthias/prog/janestreet/emulator-wt-hdmi-ulx3s/prototypes/fpga-ulx3s/rtl/emu_core.v:347$3490'.
  created $dff cell `$procdff$5774' with positive edge clock.
Creating register for signal `$paramod$f0f0fce572715f47581e5f423d1d26af564f4623\emu_core.$memwr$\trace$/home/matthias/prog/janestreet/emulator-wt-hdmi-ulx3s/prototypes/fpga-ulx3s/rtl/emu_core.v:349$3355_ADDR' using process `$paramod$f0f0fce572715f47581e5f423d1d26af564f4623\emu_core.$proc$/home/matthias/prog/janestreet/emulator-wt-hdmi-ulx3s/prototypes/fpga-ulx3s/rtl/emu_core.v:347$3490'.
  created $dff cell `$procdff$5775' with positive edge clock.
Creating register for signal `$paramod$f0f0fce572715f47581e5f423d1d26af564f4623\emu_core.$memwr$\trace$/home/matthias/prog/janestreet/emulator-wt-hdmi-ulx3s/prototypes/fpga-ulx3s/rtl/emu_core.v:349$3355_DATA' using process `$paramod$f0f0fce572715f47581e5f423d1d26af564f4623\emu_core.$proc$/home/matthias/prog/janestreet/emulator-wt-hdmi-ulx3s/prototypes/fpga-ulx3s/rtl/emu_core.v:347$3490'.
  created $dff cell `$procdff$5776' with positive edge clock.
Creating register for signal `$paramod$f0f0fce572715f47581e5f423d1d26af564f4623\emu_core.$memwr$\trace$/home/matthias/prog/janestreet/emulator-wt-hdmi-ulx3s/prototypes/fpga-ulx3s/rtl/emu_core.v:349$3355_EN' using process `$paramod$f0f0fce572715f47581e5f423d1d26af564f4623\emu_core.$proc$/home/matthias/prog/janestreet/emulator-wt-hdmi-ulx3s/prototypes/fpga-ulx3s/rtl/emu_core.v:347$3490'.
  created $dff cell `$procdff$5777' with positive edge clock.
Creating register for signal `$paramod$f0f0fce572715f47581e5f423d1d26af564f4623\emu_core.\hin_wr' using process `$paramod$f0f0fce572715f47581e5f423d1d26af564f4623\emu_core.$proc$/home/matthias/prog/janestreet/emulator-wt-hdmi-ulx3s/prototypes/fpga-ulx3s/rtl/emu_core.v:291$3463'.
  created $dff cell `$procdff$5778' with positive edge clock.
Creating register for signal `$paramod$f0f0fce572715f47581e5f423d1d26af564f4623\emu_core.\hin_rd' using process `$paramod$f0f0fce572715f47581e5f423d1d26af564f4623\emu_core.$proc$/home/matthias/prog/janestreet/emulator-wt-hdmi-ulx3s/prototypes/fpga-ulx3s/rtl/emu_core.v:291$3463'.
  created $dff cell `$procdff$5779' with positive edge clock.
Creating register for signal `$paramod$f0f0fce572715f47581e5f423d1d26af564f4623\emu_core.\hin_cnt' using process `$paramod$f0f0fce572715f47581e5f423d1d26af564f4623\emu_core.$proc$/home/matthias/prog/janestreet/emulator-wt-hdmi-ulx3s/prototypes/fpga-ulx3s/rtl/emu_core.v:291$3463'.
  created $dff cell `$procdff$5780' with positive edge clock.
Creating register for signal `$paramod$f0f0fce572715f47581e5f423d1d26af564f4623\emu_core.$memwr$\hin$/home/matthias/prog/janestreet/emulator-wt-hdmi-ulx3s/prototypes/fpga-ulx3s/rtl/emu_core.v:294$3354_ADDR' using process `$paramod$f0f0fce572715f47581e5f423d1d26af564f4623\emu_core.$proc$/home/matthias/prog/janestreet/emulator-wt-hdmi-ulx3s/prototypes/fpga-ulx3s/rtl/emu_core.v:291$3463'.
  created $dff cell `$procdff$5781' with positive edge clock.
Creating register for signal `$paramod$f0f0fce572715f47581e5f423d1d26af564f4623\emu_core.$memwr$\hin$/home/matthias/prog/janestreet/emulator-wt-hdmi-ulx3s/prototypes/fpga-ulx3s/rtl/emu_core.v:294$3354_DATA' using process `$paramod$f0f0fce572715f47581e5f423d1d26af564f4623\emu_core.$proc$/home/matthias/prog/janestreet/emulator-wt-hdmi-ulx3s/prototypes/fpga-ulx3s/rtl/emu_core.v:291$3463'.
  created $dff cell `$procdff$5782' with positive edge clock.
Creating register for signal `$paramod$f0f0fce572715f47581e5f423d1d26af564f4623\emu_core.$memwr$\hin$/home/matthias/prog/janestreet/emulator-wt-hdmi-ulx3s/prototypes/fpga-ulx3s/rtl/emu_core.v:294$3354_EN' using process `$paramod$f0f0fce572715f47581e5f423d1d26af564f4623\emu_core.$proc$/home/matthias/prog/janestreet/emulator-wt-hdmi-ulx3s/prototypes/fpga-ulx3s/rtl/emu_core.v:291$3463'.
  created $dff cell `$procdff$5783' with positive edge clock.
Creating register for signal `$paramod$f0f0fce572715f47581e5f423d1d26af564f4623\emu_core.\imem_q' using process `$paramod$f0f0fce572715f47581e5f423d1d26af564f4623\emu_core.$proc$/home/matthias/prog/janestreet/emulator-wt-hdmi-ulx3s/prototypes/fpga-ulx3s/rtl/emu_core.v:277$3451'.
  created $dff cell `$procdff$5784' with positive edge clock.
Creating register for signal `$paramod$f0f0fce572715f47581e5f423d1d26af564f4623\emu_core.$memwr$\imem$/home/matthias/prog/janestreet/emulator-wt-hdmi-ulx3s/prototypes/fpga-ulx3s/rtl/emu_core.v:278$3353_ADDR' using process `$paramod$f0f0fce572715f47581e5f423d1d26af564f4623\emu_core.$proc$/home/matthias/prog/janestreet/emulator-wt-hdmi-ulx3s/prototypes/fpga-ulx3s/rtl/emu_core.v:277$3451'.
  created $dff cell `$procdff$5785' with positive edge clock.
Creating register for signal `$paramod$f0f0fce572715f47581e5f423d1d26af564f4623\emu_core.$memwr$\imem$/home/matthias/prog/janestreet/emulator-wt-hdmi-ulx3s/prototypes/fpga-ulx3s/rtl/emu_core.v:278$3353_DATA' using process `$paramod$f0f0fce572715f47581e5f423d1d26af564f4623\emu_core.$proc$/home/matthias/prog/janestreet/emulator-wt-hdmi-ulx3s/prototypes/fpga-ulx3s/rtl/emu_core.v:277$3451'.
  created $dff cell `$procdff$5786' with positive edge clock.
Creating register for signal `$paramod$f0f0fce572715f47581e5f423d1d26af564f4623\emu_core.$memwr$\imem$/home/matthias/prog/janestreet/emulator-wt-hdmi-ulx3s/prototypes/fpga-ulx3s/rtl/emu_core.v:278$3353_EN' using process `$paramod$f0f0fce572715f47581e5f423d1d26af564f4623\emu_core.$proc$/home/matthias/prog/janestreet/emulator-wt-hdmi-ulx3s/prototypes/fpga-ulx3s/rtl/emu_core.v:277$3451'.
  created $dff cell `$procdff$5787' with positive edge clock.
Creating register for signal `$paramod$f0f0fce572715f47581e5f423d1d26af564f4623\emu_core.\f_sclk_q' using process `$paramod$f0f0fce572715f47581e5f423d1d26af564f4623\emu_core.$proc$/home/matthias/prog/janestreet/emulator-wt-hdmi-ulx3s/prototypes/fpga-ulx3s/rtl/emu_core.v:256$3428'.
  created $dff cell `$procdff$5788' with positive edge clock.
Creating register for signal `$paramod$f0f0fce572715f47581e5f423d1d26af564f4623\emu_core.\f_blocked' using process `$paramod$f0f0fce572715f47581e5f423d1d26af564f4623\emu_core.$proc$/home/matthias/prog/janestreet/emulator-wt-hdmi-ulx3s/prototypes/fpga-ulx3s/rtl/emu_core.v:256$3428'.
  created $dff cell `$procdff$5789' with positive edge clock.
Creating register for signal `$paramod$f0f0fce572715f47581e5f423d1d26af564f4623\emu_core.\f_nbits' using process `$paramod$f0f0fce572715f47581e5f423d1d26af564f4623\emu_core.$proc$/home/matthias/prog/janestreet/emulator-wt-hdmi-ulx3s/prototypes/fpga-ulx3s/rtl/emu_core.v:256$3428'.
  created $dff cell `$procdff$5790' with positive edge clock.
Creating register for signal `$paramod$f0f0fce572715f47581e5f423d1d26af564f4623\emu_core.\f_prefix' using process `$paramod$f0f0fce572715f47581e5f423d1d26af564f4623\emu_core.$proc$/home/matthias/prog/janestreet/emulator-wt-hdmi-ulx3s/prototypes/fpga-ulx3s/rtl/emu_core.v:256$3428'.
  created $dff cell `$procdff$5791' with positive edge clock.
Creating register for signal `$paramod$f0f0fce572715f47581e5f423d1d26af564f4623\emu_core.\pin_s1' using process `$paramod$f0f0fce572715f47581e5f423d1d26af564f4623\emu_core.$proc$/home/matthias/prog/janestreet/emulator-wt-hdmi-ulx3s/prototypes/fpga-ulx3s/rtl/emu_core.v:213$3408'.
  created $dff cell `$procdff$5792' with positive edge clock.
Creating register for signal `$paramod$f0f0fce572715f47581e5f423d1d26af564f4623\emu_core.\pin_s2' using process `$paramod$f0f0fce572715f47581e5f423d1d26af564f4623\emu_core.$proc$/home/matthias/prog/janestreet/emulator-wt-hdmi-ulx3s/prototypes/fpga-ulx3s/rtl/emu_core.v:213$3408'.
  created $dff cell `$procdff$5793' with positive edge clock.
Creating register for signal `$paramod$f0f0fce572715f47581e5f423d1d26af564f4623\emu_core.\act_cnt' using process `$paramod$f0f0fce572715f47581e5f423d1d26af564f4623\emu_core.$proc$/home/matthias/prog/janestreet/emulator-wt-hdmi-ulx3s/prototypes/fpga-ulx3s/rtl/emu_core.v:186$3398'.
  created $dff cell `$procdff$5794' with positive edge clock.
Creating register for signal `$paramod$f0f0fce572715f47581e5f423d1d26af564f4623\emu_core.\txf_wr' using process `$paramod$f0f0fce572715f47581e5f423d1d26af564f4623\emu_core.$proc$/home/matthias/prog/janestreet/emulator-wt-hdmi-ulx3s/prototypes/fpga-ulx3s/rtl/emu_core.v:173$3378'.
  created $dff cell `$procdff$5795' with positive edge clock.
Creating register for signal `$paramod$f0f0fce572715f47581e5f423d1d26af564f4623\emu_core.\txf_rd' using process `$paramod$f0f0fce572715f47581e5f423d1d26af564f4623\emu_core.$proc$/home/matthias/prog/janestreet/emulator-wt-hdmi-ulx3s/prototypes/fpga-ulx3s/rtl/emu_core.v:173$3378'.
  created $dff cell `$procdff$5796' with positive edge clock.
Creating register for signal `$paramod$f0f0fce572715f47581e5f423d1d26af564f4623\emu_core.\txf_cnt' using process `$paramod$f0f0fce572715f47581e5f423d1d26af564f4623\emu_core.$proc$/home/matthias/prog/janestreet/emulator-wt-hdmi-ulx3s/prototypes/fpga-ulx3s/rtl/emu_core.v:173$3378'.
  created $dff cell `$procdff$5797' with positive edge clock.
Creating register for signal `$paramod$f0f0fce572715f47581e5f423d1d26af564f4623\emu_core.\tx_kick' using process `$paramod$f0f0fce572715f47581e5f423d1d26af564f4623\emu_core.$proc$/home/matthias/prog/janestreet/emulator-wt-hdmi-ulx3s/prototypes/fpga-ulx3s/rtl/emu_core.v:173$3378'.
  created $dff cell `$procdff$5798' with positive edge clock.
Creating register for signal `$paramod$f0f0fce572715f47581e5f423d1d26af564f4623\emu_core.$memwr$\txf$/home/matthias/prog/janestreet/emulator-wt-hdmi-ulx3s/prototypes/fpga-ulx3s/rtl/emu_core.v:178$3352_ADDR' using process `$paramod$f0f0fce572715f47581e5f423d1d26af564f4623\emu_core.$proc$/home/matthias/prog/janestreet/emulator-wt-hdmi-ulx3s/prototypes/fpga-ulx3s/rtl/emu_core.v:173$3378'.
  created $dff cell `$procdff$5799' with positive edge clock.
Creating register for signal `$paramod$f0f0fce572715f47581e5f423d1d26af564f4623\emu_core.$memwr$\txf$/home/matthias/prog/janestreet/emulator-wt-hdmi-ulx3s/prototypes/fpga-ulx3s/rtl/emu_core.v:178$3352_DATA' using process `$paramod$f0f0fce572715f47581e5f423d1d26af564f4623\emu_core.$proc$/home/matthias/prog/janestreet/emulator-wt-hdmi-ulx3s/prototypes/fpga-ulx3s/rtl/emu_core.v:173$3378'.
  created $dff cell `$procdff$5800' with positive edge clock.
Creating register for signal `$paramod$f0f0fce572715f47581e5f423d1d26af564f4623\emu_core.$memwr$\txf$/home/matthias/prog/janestreet/emulator-wt-hdmi-ulx3s/prototypes/fpga-ulx3s/rtl/emu_core.v:178$3352_EN' using process `$paramod$f0f0fce572715f47581e5f423d1d26af564f4623\emu_core.$proc$/home/matthias/prog/janestreet/emulator-wt-hdmi-ulx3s/prototypes/fpga-ulx3s/rtl/emu_core.v:173$3378'.
  created $dff cell `$procdff$5801' with positive edge clock.
Creating register for signal `\ulx3s_top.\heartbeat' using process `\ulx3s_top.$proc$/home/matthias/prog/janestreet/emulator-wt-hdmi-ulx3s/prototypes/fpga-ulx3s/rtl/ulx3s_top.v:156$12'.
  created $dff cell `$procdff$5802' with positive edge clock.
Creating register for signal `\ulx3s_top.\usb_status_s1' using process `\ulx3s_top.$proc$/home/matthias/prog/janestreet/emulator-wt-hdmi-ulx3s/prototypes/fpga-ulx3s/rtl/ulx3s_top.v:152$11'.
  created $dff cell `$procdff$5803' with positive edge clock.
Creating register for signal `\ulx3s_top.\usb_status_s2' using process `\ulx3s_top.$proc$/home/matthias/prog/janestreet/emulator-wt-hdmi-ulx3s/prototypes/fpga-ulx3s/rtl/ulx3s_top.v:152$11'.
  created $dff cell `$procdff$5804' with positive edge clock.
Creating register for signal `\ulx3s_top.\rst48_sr' using process `\ulx3s_top.$proc$/home/matthias/prog/janestreet/emulator-wt-hdmi-ulx3s/prototypes/fpga-ulx3s/rtl/ulx3s_top.v:73$4'.
  created $adff cell `$procdff$5807' with positive edge clock and positive level reset.
Creating register for signal `\ulx3s_top.\rst60_sr' using process `\ulx3s_top.$proc$/home/matthias/prog/janestreet/emulator-wt-hdmi-ulx3s/prototypes/fpga-ulx3s/rtl/ulx3s_top.v:71$3'.
  created $adff cell `$procdff$5810' with positive edge clock and positive level reset.

12.4.10. Executing PROC_MEMWR pass (convert process memory writes to cells).

12.4.11. Executing PROC_CLEAN pass (remove empty switches from decision trees).
Found and cleaned up 1 empty switch in `\hdmi_serial_ddr.$proc$/home/matthias/prog/janestreet/emulator-wt-hdmi-ulx3s/prototypes/fpga-ulx3s/../hdmi-ulx3s/rtl/gen/hdmi_serial_ddr.v:243$2213'.
Removing empty process `hdmi_serial_ddr.$proc$/home/matthias/prog/janestreet/emulator-wt-hdmi-ulx3s/prototypes/fpga-ulx3s/../hdmi-ulx3s/rtl/gen/hdmi_serial_ddr.v:243$2213'.
Found and cleaned up 1 empty switch in `\hdmi_serial_ddr.$proc$/home/matthias/prog/janestreet/emulator-wt-hdmi-ulx3s/prototypes/fpga-ulx3s/../hdmi-ulx3s/rtl/gen/hdmi_serial_ddr.v:236$2211'.
Removing empty process `hdmi_serial_ddr.$proc$/home/matthias/prog/janestreet/emulator-wt-hdmi-ulx3s/prototypes/fpga-ulx3s/../hdmi-ulx3s/rtl/gen/hdmi_serial_ddr.v:236$2211'.
Found and cleaned up 1 empty switch in `\hdmi_serial_ddr.$proc$/home/matthias/prog/janestreet/emulator-wt-hdmi-ulx3s/prototypes/fpga-ulx3s/../hdmi-ulx3s/rtl/gen/hdmi_serial_ddr.v:228$2209'.
Removing empty process `hdmi_serial_ddr.$proc$/home/matthias/prog/janestreet/emulator-wt-hdmi-ulx3s/prototypes/fpga-ulx3s/../hdmi-ulx3s/rtl/gen/hdmi_serial_ddr.v:228$2209'.
Found and cleaned up 1 empty switch in `\hdmi_serial_ddr.$proc$/home/matthias/prog/janestreet/emulator-wt-hdmi-ulx3s/prototypes/fpga-ulx3s/../hdmi-ulx3s/rtl/gen/hdmi_serial_ddr.v:220$2206'.
Removing empty process `hdmi_serial_ddr.$proc$/home/matthias/prog/janestreet/emulator-wt-hdmi-ulx3s/prototypes/fpga-ulx3s/../hdmi-ulx3s/rtl/gen/hdmi_serial_ddr.v:220$2206'.
Found and cleaned up 1 empty switch in `\hdmi_serial_ddr.$proc$/home/matthias/prog/janestreet/emulator-wt-hdmi-ulx3s/prototypes/fpga-ulx3s/../hdmi-ulx3s/rtl/gen/hdmi_serial_ddr.v:214$2205'.
Removing empty process `hdmi_serial_ddr.$proc$/home/matthias/prog/janestreet/emulator-wt-hdmi-ulx3s/prototypes/fpga-ulx3s/../hdmi-ulx3s/rtl/gen/hdmi_serial_ddr.v:214$2205'.
Found and cleaned up 1 empty switch in `\hdmi_serial_ddr.$proc$/home/matthias/prog/janestreet/emulator-wt-hdmi-ulx3s/prototypes/fpga-ulx3s/../hdmi-ulx3s/rtl/gen/hdmi_serial_ddr.v:207$2204'.
Removing empty process `hdmi_serial_ddr.$proc$/home/matthias/prog/janestreet/emulator-wt-hdmi-ulx3s/prototypes/fpga-ulx3s/../hdmi-ulx3s/rtl/gen/hdmi_serial_ddr.v:207$2204'.
Found and cleaned up 1 empty switch in `\hdmi_serial_ddr.$proc$/home/matthias/prog/janestreet/emulator-wt-hdmi-ulx3s/prototypes/fpga-ulx3s/../hdmi-ulx3s/rtl/gen/hdmi_serial_ddr.v:199$2202'.
Removing empty process `hdmi_serial_ddr.$proc$/home/matthias/prog/janestreet/emulator-wt-hdmi-ulx3s/prototypes/fpga-ulx3s/../hdmi-ulx3s/rtl/gen/hdmi_serial_ddr.v:199$2202'.
Found and cleaned up 1 empty switch in `\hdmi_serial_ddr.$proc$/home/matthias/prog/janestreet/emulator-wt-hdmi-ulx3s/prototypes/fpga-ulx3s/../hdmi-ulx3s/rtl/gen/hdmi_serial_ddr.v:180$2196'.
Removing empty process `hdmi_serial_ddr.$proc$/home/matthias/prog/janestreet/emulator-wt-hdmi-ulx3s/prototypes/fpga-ulx3s/../hdmi-ulx3s/rtl/gen/hdmi_serial_ddr.v:180$2196'.
Found and cleaned up 1 empty switch in `\hdmi_serial_ddr.$proc$/home/matthias/prog/janestreet/emulator-wt-hdmi-ulx3s/prototypes/fpga-ulx3s/../hdmi-ulx3s/rtl/gen/hdmi_serial_ddr.v:168$2194'.
Removing empty process `hdmi_serial_ddr.$proc$/home/matthias/prog/janestreet/emulator-wt-hdmi-ulx3s/prototypes/fpga-ulx3s/../hdmi-ulx3s/rtl/gen/hdmi_serial_ddr.v:168$2194'.
Found and cleaned up 1 empty switch in `\hdmi_serial_ddr.$proc$/home/matthias/prog/janestreet/emulator-wt-hdmi-ulx3s/prototypes/fpga-ulx3s/../hdmi-ulx3s/rtl/gen/hdmi_serial_ddr.v:156$2192'.
Removing empty process `hdmi_serial_ddr.$proc$/home/matthias/prog/janestreet/emulator-wt-hdmi-ulx3s/prototypes/fpga-ulx3s/../hdmi-ulx3s/rtl/gen/hdmi_serial_ddr.v:156$2192'.
Found and cleaned up 1 empty switch in `\hdmi_serial_ddr.$proc$/home/matthias/prog/janestreet/emulator-wt-hdmi-ulx3s/prototypes/fpga-ulx3s/../hdmi-ulx3s/rtl/gen/hdmi_serial_ddr.v:142$2190'.
Removing empty process `hdmi_serial_ddr.$proc$/home/matthias/prog/janestreet/emulator-wt-hdmi-ulx3s/prototypes/fpga-ulx3s/../hdmi-ulx3s/rtl/gen/hdmi_serial_ddr.v:142$2190'.
Found and cleaned up 1 empty switch in `\hdmi_serial_ddr.$proc$/home/matthias/prog/janestreet/emulator-wt-hdmi-ulx3s/prototypes/fpga-ulx3s/../hdmi-ulx3s/rtl/gen/hdmi_serial_ddr.v:125$2181'.
Removing empty process `hdmi_serial_ddr.$proc$/home/matthias/prog/janestreet/emulator-wt-hdmi-ulx3s/prototypes/fpga-ulx3s/../hdmi-ulx3s/rtl/gen/hdmi_serial_ddr.v:125$2181'.
Found and cleaned up 1 empty switch in `\hdmi_serial_ddr.$proc$/home/matthias/prog/janestreet/emulator-wt-hdmi-ulx3s/prototypes/fpga-ulx3s/../hdmi-ulx3s/rtl/gen/hdmi_serial_ddr.v:118$2179'.
Removing empty process `hdmi_serial_ddr.$proc$/home/matthias/prog/janestreet/emulator-wt-hdmi-ulx3s/prototypes/fpga-ulx3s/../hdmi-ulx3s/rtl/gen/hdmi_serial_ddr.v:118$2179'.
Found and cleaned up 1 empty switch in `\hdmi_serial_ddr.$proc$/home/matthias/prog/janestreet/emulator-wt-hdmi-ulx3s/prototypes/fpga-ulx3s/../hdmi-ulx3s/rtl/gen/hdmi_serial_ddr.v:110$2177'.
Removing empty process `hdmi_serial_ddr.$proc$/home/matthias/prog/janestreet/emulator-wt-hdmi-ulx3s/prototypes/fpga-ulx3s/../hdmi-ulx3s/rtl/gen/hdmi_serial_ddr.v:110$2177'.
Found and cleaned up 1 empty switch in `\hdmi_pixel.$proc$/home/matthias/prog/janestreet/emulator-wt-hdmi-ulx3s/prototypes/fpga-ulx3s/../hdmi-ulx3s/rtl/gen/hdmi_pixel.v:1354$2174'.
Removing empty process `hdmi_pixel.$proc$/home/matthias/prog/janestreet/emulator-wt-hdmi-ulx3s/prototypes/fpga-ulx3s/../hdmi-ulx3s/rtl/gen/hdmi_pixel.v:1354$2174'.
Found and cleaned up 1 empty switch in `\hdmi_pixel.$proc$/home/matthias/prog/janestreet/emulator-wt-hdmi-ulx3s/prototypes/fpga-ulx3s/../hdmi-ulx3s/rtl/gen/hdmi_pixel.v:1347$2172'.
Removing empty process `hdmi_pixel.$proc$/home/matthias/prog/janestreet/emulator-wt-hdmi-ulx3s/prototypes/fpga-ulx3s/../hdmi-ulx3s/rtl/gen/hdmi_pixel.v:1347$2172'.
Found and cleaned up 1 empty switch in `\hdmi_pixel.$proc$/home/matthias/prog/janestreet/emulator-wt-hdmi-ulx3s/prototypes/fpga-ulx3s/../hdmi-ulx3s/rtl/gen/hdmi_pixel.v:1338$2169'.
Removing empty process `hdmi_pixel.$proc$/home/matthias/prog/janestreet/emulator-wt-hdmi-ulx3s/prototypes/fpga-ulx3s/../hdmi-ulx3s/rtl/gen/hdmi_pixel.v:1338$2169'.
Found and cleaned up 1 empty switch in `\hdmi_pixel.$proc$/home/matthias/prog/janestreet/emulator-wt-hdmi-ulx3s/prototypes/fpga-ulx3s/../hdmi-ulx3s/rtl/gen/hdmi_pixel.v:1324$2164'.
Removing empty process `hdmi_pixel.$proc$/home/matthias/prog/janestreet/emulator-wt-hdmi-ulx3s/prototypes/fpga-ulx3s/../hdmi-ulx3s/rtl/gen/hdmi_pixel.v:1324$2164'.
Found and cleaned up 1 empty switch in `\hdmi_pixel.$proc$/home/matthias/prog/janestreet/emulator-wt-hdmi-ulx3s/prototypes/fpga-ulx3s/../hdmi-ulx3s/rtl/gen/hdmi_pixel.v:1306$2159'.
Removing empty process `hdmi_pixel.$proc$/home/matthias/prog/janestreet/emulator-wt-hdmi-ulx3s/prototypes/fpga-ulx3s/../hdmi-ulx3s/rtl/gen/hdmi_pixel.v:1306$2159'.
Found and cleaned up 1 empty switch in `\hdmi_pixel.$proc$/home/matthias/prog/janestreet/emulator-wt-hdmi-ulx3s/prototypes/fpga-ulx3s/../hdmi-ulx3s/rtl/gen/hdmi_pixel.v:1298$2158'.
Removing empty process `hdmi_pixel.$proc$/home/matthias/prog/janestreet/emulator-wt-hdmi-ulx3s/prototypes/fpga-ulx3s/../hdmi-ulx3s/rtl/gen/hdmi_pixel.v:1298$2158'.
Found and cleaned up 1 empty switch in `\hdmi_pixel.$proc$/home/matthias/prog/janestreet/emulator-wt-hdmi-ulx3s/prototypes/fpga-ulx3s/../hdmi-ulx3s/rtl/gen/hdmi_pixel.v:1285$2152'.
Removing empty process `hdmi_pixel.$proc$/home/matthias/prog/janestreet/emulator-wt-hdmi-ulx3s/prototypes/fpga-ulx3s/../hdmi-ulx3s/rtl/gen/hdmi_pixel.v:1285$2152'.
Found and cleaned up 1 empty switch in `\hdmi_pixel.$proc$/home/matthias/prog/janestreet/emulator-wt-hdmi-ulx3s/prototypes/fpga-ulx3s/../hdmi-ulx3s/rtl/gen/hdmi_pixel.v:1265$2143'.
Removing empty process `hdmi_pixel.$proc$/home/matthias/prog/janestreet/emulator-wt-hdmi-ulx3s/prototypes/fpga-ulx3s/../hdmi-ulx3s/rtl/gen/hdmi_pixel.v:1265$2143'.
Found and cleaned up 1 empty switch in `\hdmi_pixel.$proc$/home/matthias/prog/janestreet/emulator-wt-hdmi-ulx3s/prototypes/fpga-ulx3s/../hdmi-ulx3s/rtl/gen/hdmi_pixel.v:1226$2124'.
Removing empty process `hdmi_pixel.$proc$/home/matthias/prog/janestreet/emulator-wt-hdmi-ulx3s/prototypes/fpga-ulx3s/../hdmi-ulx3s/rtl/gen/hdmi_pixel.v:1226$2124'.
Found and cleaned up 1 empty switch in `\hdmi_pixel.$proc$/home/matthias/prog/janestreet/emulator-wt-hdmi-ulx3s/prototypes/fpga-ulx3s/../hdmi-ulx3s/rtl/gen/hdmi_pixel.v:1013$2026'.
Removing empty process `hdmi_pixel.$proc$/home/matthias/prog/janestreet/emulator-wt-hdmi-ulx3s/prototypes/fpga-ulx3s/../hdmi-ulx3s/rtl/gen/hdmi_pixel.v:1013$2026'.
Found and cleaned up 1 empty switch in `\hdmi_pixel.$proc$/home/matthias/prog/janestreet/emulator-wt-hdmi-ulx3s/prototypes/fpga-ulx3s/../hdmi-ulx3s/rtl/gen/hdmi_pixel.v:1002$2021'.
Removing empty process `hdmi_pixel.$proc$/home/matthias/prog/janestreet/emulator-wt-hdmi-ulx3s/prototypes/fpga-ulx3s/../hdmi-ulx3s/rtl/gen/hdmi_pixel.v:1002$2021'.
Found and cleaned up 1 empty switch in `\hdmi_pixel.$proc$/home/matthias/prog/janestreet/emulator-wt-hdmi-ulx3s/prototypes/fpga-ulx3s/../hdmi-ulx3s/rtl/gen/hdmi_pixel.v:963$2002'.
Removing empty process `hdmi_pixel.$proc$/home/matthias/prog/janestreet/emulator-wt-hdmi-ulx3s/prototypes/fpga-ulx3s/../hdmi-ulx3s/rtl/gen/hdmi_pixel.v:963$2002'.
Found and cleaned up 1 empty switch in `\hdmi_pixel.$proc$/home/matthias/prog/janestreet/emulator-wt-hdmi-ulx3s/prototypes/fpga-ulx3s/../hdmi-ulx3s/rtl/gen/hdmi_pixel.v:822$1943'.
Removing empty process `hdmi_pixel.$proc$/home/matthias/prog/janestreet/emulator-wt-hdmi-ulx3s/prototypes/fpga-ulx3s/../hdmi-ulx3s/rtl/gen/hdmi_pixel.v:822$1943'.
Found and cleaned up 1 empty switch in `\hdmi_pixel.$proc$/home/matthias/prog/janestreet/emulator-wt-hdmi-ulx3s/prototypes/fpga-ulx3s/../hdmi-ulx3s/rtl/gen/hdmi_pixel.v:810$1938'.
Removing empty process `hdmi_pixel.$proc$/home/matthias/prog/janestreet/emulator-wt-hdmi-ulx3s/prototypes/fpga-ulx3s/../hdmi-ulx3s/rtl/gen/hdmi_pixel.v:810$1938'.
Found and cleaned up 1 empty switch in `\hdmi_pixel.$proc$/home/matthias/prog/janestreet/emulator-wt-hdmi-ulx3s/prototypes/fpga-ulx3s/../hdmi-ulx3s/rtl/gen/hdmi_pixel.v:771$1919'.
Removing empty process `hdmi_pixel.$proc$/home/matthias/prog/janestreet/emulator-wt-hdmi-ulx3s/prototypes/fpga-ulx3s/../hdmi-ulx3s/rtl/gen/hdmi_pixel.v:771$1919'.
Found and cleaned up 1 empty switch in `\hdmi_pixel.$proc$/home/matthias/prog/janestreet/emulator-wt-hdmi-ulx3s/prototypes/fpga-ulx3s/../hdmi-ulx3s/rtl/gen/hdmi_pixel.v:611$1854'.
Removing empty process `hdmi_pixel.$proc$/home/matthias/prog/janestreet/emulator-wt-hdmi-ulx3s/prototypes/fpga-ulx3s/../hdmi-ulx3s/rtl/gen/hdmi_pixel.v:611$1854'.
Found and cleaned up 1 empty switch in `\hdmi_pixel.$proc$/home/matthias/prog/janestreet/emulator-wt-hdmi-ulx3s/prototypes/fpga-ulx3s/../hdmi-ulx3s/rtl/gen/hdmi_pixel.v:603$1852'.
Removing empty process `hdmi_pixel.$proc$/home/matthias/prog/janestreet/emulator-wt-hdmi-ulx3s/prototypes/fpga-ulx3s/../hdmi-ulx3s/rtl/gen/hdmi_pixel.v:603$1852'.
Found and cleaned up 1 empty switch in `\hdmi_pixel.$proc$/home/matthias/prog/janestreet/emulator-wt-hdmi-ulx3s/prototypes/fpga-ulx3s/../hdmi-ulx3s/rtl/gen/hdmi_pixel.v:596$1850'.
Removing empty process `hdmi_pixel.$proc$/home/matthias/prog/janestreet/emulator-wt-hdmi-ulx3s/prototypes/fpga-ulx3s/../hdmi-ulx3s/rtl/gen/hdmi_pixel.v:596$1850'.
Found and cleaned up 1 empty switch in `\hdmi_pixel.$proc$/home/matthias/prog/janestreet/emulator-wt-hdmi-ulx3s/prototypes/fpga-ulx3s/../hdmi-ulx3s/rtl/gen/hdmi_pixel.v:588$1848'.
Removing empty process `hdmi_pixel.$proc$/home/matthias/prog/janestreet/emulator-wt-hdmi-ulx3s/prototypes/fpga-ulx3s/../hdmi-ulx3s/rtl/gen/hdmi_pixel.v:588$1848'.
Removing empty process `hdmi_out.$proc$/home/matthias/prog/janestreet/emulator-wt-hdmi-ulx3s/prototypes/fpga-ulx3s/../hdmi-ulx3s/rtl/hdmi_out.v:23$1845'.
Removing empty process `hdmi_out.$proc$/home/matthias/prog/janestreet/emulator-wt-hdmi-ulx3s/prototypes/fpga-ulx3s/../hdmi-ulx3s/rtl/hdmi_out.v:23$1844'.
Removing empty process `hdmi_out.$proc$/home/matthias/prog/janestreet/emulator-wt-hdmi-ulx3s/prototypes/fpga-ulx3s/../hdmi-ulx3s/rtl/hdmi_out.v:22$1843'.
Removing empty process `hdmi_out.$proc$/home/matthias/prog/janestreet/emulator-wt-hdmi-ulx3s/prototypes/fpga-ulx3s/../hdmi-ulx3s/rtl/hdmi_out.v:22$1842'.
Removing empty process `hdmi_out.$proc$/home/matthias/prog/janestreet/emulator-wt-hdmi-ulx3s/prototypes/fpga-ulx3s/../hdmi-ulx3s/rtl/hdmi_out.v:28$1836'.
Removing empty process `hdmi_out.$proc$/home/matthias/prog/janestreet/emulator-wt-hdmi-ulx3s/prototypes/fpga-ulx3s/../hdmi-ulx3s/rtl/hdmi_out.v:24$1832'.
Found and cleaned up 1 empty switch in `\usb_fs_device.$proc$/home/matthias/prog/janestreet/emulator-wt-hdmi-ulx3s/prototypes/fpga-ulx3s/rtl/gen/usb_fs_device.v:3153$1830'.
Removing empty process `usb_fs_device.$proc$/home/matthias/prog/janestreet/emulator-wt-hdmi-ulx3s/prototypes/fpga-ulx3s/rtl/gen/usb_fs_device.v:3153$1830'.
Found and cleaned up 1 empty switch in `\usb_fs_device.$proc$/home/matthias/prog/janestreet/emulator-wt-hdmi-ulx3s/prototypes/fpga-ulx3s/rtl/gen/usb_fs_device.v:3144$1827'.
Removing empty process `usb_fs_device.$proc$/home/matthias/prog/janestreet/emulator-wt-hdmi-ulx3s/prototypes/fpga-ulx3s/rtl/gen/usb_fs_device.v:3144$1827'.
Found and cleaned up 1 empty switch in `\usb_fs_device.$proc$/home/matthias/prog/janestreet/emulator-wt-hdmi-ulx3s/prototypes/fpga-ulx3s/rtl/gen/usb_fs_device.v:3122$1812'.
Removing empty process `usb_fs_device.$proc$/home/matthias/prog/janestreet/emulator-wt-hdmi-ulx3s/prototypes/fpga-ulx3s/rtl/gen/usb_fs_device.v:3122$1812'.
Found and cleaned up 1 empty switch in `\usb_fs_device.$proc$/home/matthias/prog/janestreet/emulator-wt-hdmi-ulx3s/prototypes/fpga-ulx3s/rtl/gen/usb_fs_device.v:3095$1792'.
Removing empty process `usb_fs_device.$proc$/home/matthias/prog/janestreet/emulator-wt-hdmi-ulx3s/prototypes/fpga-ulx3s/rtl/gen/usb_fs_device.v:3095$1792'.
Found and cleaned up 1 empty switch in `\usb_fs_device.$proc$/home/matthias/prog/janestreet/emulator-wt-hdmi-ulx3s/prototypes/fpga-ulx3s/rtl/gen/usb_fs_device.v:3081$1785'.
Removing empty process `usb_fs_device.$proc$/home/matthias/prog/janestreet/emulator-wt-hdmi-ulx3s/prototypes/fpga-ulx3s/rtl/gen/usb_fs_device.v:3081$1785'.
Found and cleaned up 1 empty switch in `\usb_fs_device.$proc$/home/matthias/prog/janestreet/emulator-wt-hdmi-ulx3s/prototypes/fpga-ulx3s/rtl/gen/usb_fs_device.v:3069$1781'.
Removing empty process `usb_fs_device.$proc$/home/matthias/prog/janestreet/emulator-wt-hdmi-ulx3s/prototypes/fpga-ulx3s/rtl/gen/usb_fs_device.v:3069$1781'.
Found and cleaned up 1 empty switch in `\usb_fs_device.$proc$/home/matthias/prog/janestreet/emulator-wt-hdmi-ulx3s/prototypes/fpga-ulx3s/rtl/gen/usb_fs_device.v:3063$1780'.
Removing empty process `usb_fs_device.$proc$/home/matthias/prog/janestreet/emulator-wt-hdmi-ulx3s/prototypes/fpga-ulx3s/rtl/gen/usb_fs_device.v:3063$1780'.
Found and cleaned up 1 empty switch in `\usb_fs_device.$proc$/home/matthias/prog/janestreet/emulator-wt-hdmi-ulx3s/prototypes/fpga-ulx3s/rtl/gen/usb_fs_device.v:3056$1779'.
Removing empty process `usb_fs_device.$proc$/home/matthias/prog/janestreet/emulator-wt-hdmi-ulx3s/prototypes/fpga-ulx3s/rtl/gen/usb_fs_device.v:3056$1779'.
Found and cleaned up 1 empty switch in `\usb_fs_device.$proc$/home/matthias/prog/janestreet/emulator-wt-hdmi-ulx3s/prototypes/fpga-ulx3s/rtl/gen/usb_fs_device.v:3050$1778'.
Removing empty process `usb_fs_device.$proc$/home/matthias/prog/janestreet/emulator-wt-hdmi-ulx3s/prototypes/fpga-ulx3s/rtl/gen/usb_fs_device.v:3050$1778'.
Found and cleaned up 1 empty switch in `\usb_fs_device.$proc$/home/matthias/prog/janestreet/emulator-wt-hdmi-ulx3s/prototypes/fpga-ulx3s/rtl/gen/usb_fs_device.v:3044$1777'.
Removing empty process `usb_fs_device.$proc$/home/matthias/prog/janestreet/emulator-wt-hdmi-ulx3s/prototypes/fpga-ulx3s/rtl/gen/usb_fs_device.v:3044$1777'.
Found and cleaned up 1 empty switch in `\usb_fs_device.$proc$/home/matthias/prog/janestreet/emulator-wt-hdmi-ulx3s/prototypes/fpga-ulx3s/rtl/gen/usb_fs_device.v:3033$1772'.
Removing empty process `usb_fs_device.$proc$/home/matthias/prog/janestreet/emulator-wt-hdmi-ulx3s/prototypes/fpga-ulx3s/rtl/gen/usb_fs_device.v:3033$1772'.
Found and cleaned up 1 empty switch in `\usb_fs_device.$proc$/home/matthias/prog/janestreet/emulator-wt-hdmi-ulx3s/prototypes/fpga-ulx3s/rtl/gen/usb_fs_device.v:3007$1754'.
Removing empty process `usb_fs_device.$proc$/home/matthias/prog/janestreet/emulator-wt-hdmi-ulx3s/prototypes/fpga-ulx3s/rtl/gen/usb_fs_device.v:3007$1754'.
Found and cleaned up 1 empty switch in `\usb_fs_device.$proc$/home/matthias/prog/janestreet/emulator-wt-hdmi-ulx3s/prototypes/fpga-ulx3s/rtl/gen/usb_fs_device.v:2978$1732'.
Removing empty process `usb_fs_device.$proc$/home/matthias/prog/janestreet/emulator-wt-hdmi-ulx3s/prototypes/fpga-ulx3s/rtl/gen/usb_fs_device.v:2978$1732'.
Found and cleaned up 1 empty switch in `\usb_fs_device.$proc$/home/matthias/prog/janestreet/emulator-wt-hdmi-ulx3s/prototypes/fpga-ulx3s/rtl/gen/usb_fs_device.v:2962$1723'.
Removing empty process `usb_fs_device.$proc$/home/matthias/prog/janestreet/emulator-wt-hdmi-ulx3s/prototypes/fpga-ulx3s/rtl/gen/usb_fs_device.v:2962$1723'.
Found and cleaned up 1 empty switch in `\usb_fs_device.$proc$/home/matthias/prog/janestreet/emulator-wt-hdmi-ulx3s/prototypes/fpga-ulx3s/rtl/gen/usb_fs_device.v:2942$1709'.
Removing empty process `usb_fs_device.$proc$/home/matthias/prog/janestreet/emulator-wt-hdmi-ulx3s/prototypes/fpga-ulx3s/rtl/gen/usb_fs_device.v:2942$1709'.
Found and cleaned up 1 empty switch in `\usb_fs_device.$proc$/home/matthias/prog/janestreet/emulator-wt-hdmi-ulx3s/prototypes/fpga-ulx3s/rtl/gen/usb_fs_device.v:2918$1692'.
Removing empty process `usb_fs_device.$proc$/home/matthias/prog/janestreet/emulator-wt-hdmi-ulx3s/prototypes/fpga-ulx3s/rtl/gen/usb_fs_device.v:2918$1692'.
Found and cleaned up 1 empty switch in `\usb_fs_device.$proc$/home/matthias/prog/janestreet/emulator-wt-hdmi-ulx3s/prototypes/fpga-ulx3s/rtl/gen/usb_fs_device.v:2894$1677'.
Removing empty process `usb_fs_device.$proc$/home/matthias/prog/janestreet/emulator-wt-hdmi-ulx3s/prototypes/fpga-ulx3s/rtl/gen/usb_fs_device.v:2894$1677'.
Found and cleaned up 1 empty switch in `\usb_fs_device.$proc$/home/matthias/prog/janestreet/emulator-wt-hdmi-ulx3s/prototypes/fpga-ulx3s/rtl/gen/usb_fs_device.v:2815$1626'.
Removing empty process `usb_fs_device.$proc$/home/matthias/prog/janestreet/emulator-wt-hdmi-ulx3s/prototypes/fpga-ulx3s/rtl/gen/usb_fs_device.v:2815$1626'.
Found and cleaned up 1 empty switch in `\usb_fs_device.$proc$/home/matthias/prog/janestreet/emulator-wt-hdmi-ulx3s/prototypes/fpga-ulx3s/rtl/gen/usb_fs_device.v:2746$1615'.
Removing empty process `usb_fs_device.$proc$/home/matthias/prog/janestreet/emulator-wt-hdmi-ulx3s/prototypes/fpga-ulx3s/rtl/gen/usb_fs_device.v:2746$1615'.
Found and cleaned up 1 empty switch in `\usb_fs_device.$proc$/home/matthias/prog/janestreet/emulator-wt-hdmi-ulx3s/prototypes/fpga-ulx3s/rtl/gen/usb_fs_device.v:2670$1602'.
Removing empty process `usb_fs_device.$proc$/home/matthias/prog/janestreet/emulator-wt-hdmi-ulx3s/prototypes/fpga-ulx3s/rtl/gen/usb_fs_device.v:2670$1602'.
Found and cleaned up 1 empty switch in `\usb_fs_device.$proc$/home/matthias/prog/janestreet/emulator-wt-hdmi-ulx3s/prototypes/fpga-ulx3s/rtl/gen/usb_fs_device.v:2657$1595'.
Removing empty process `usb_fs_device.$proc$/home/matthias/prog/janestreet/emulator-wt-hdmi-ulx3s/prototypes/fpga-ulx3s/rtl/gen/usb_fs_device.v:2657$1595'.
Found and cleaned up 1 empty switch in `\usb_fs_device.$proc$/home/matthias/prog/janestreet/emulator-wt-hdmi-ulx3s/prototypes/fpga-ulx3s/rtl/gen/usb_fs_device.v:2635$1584'.
Removing empty process `usb_fs_device.$proc$/home/matthias/prog/janestreet/emulator-wt-hdmi-ulx3s/prototypes/fpga-ulx3s/rtl/gen/usb_fs_device.v:2635$1584'.
Found and cleaned up 1 empty switch in `\usb_fs_device.$proc$/home/matthias/prog/janestreet/emulator-wt-hdmi-ulx3s/prototypes/fpga-ulx3s/rtl/gen/usb_fs_device.v:2620$1575'.
Removing empty process `usb_fs_device.$proc$/home/matthias/prog/janestreet/emulator-wt-hdmi-ulx3s/prototypes/fpga-ulx3s/rtl/gen/usb_fs_device.v:2620$1575'.
Found and cleaned up 1 empty switch in `\usb_fs_device.$proc$/home/matthias/prog/janestreet/emulator-wt-hdmi-ulx3s/prototypes/fpga-ulx3s/rtl/gen/usb_fs_device.v:2599$1562'.
Removing empty process `usb_fs_device.$proc$/home/matthias/prog/janestreet/emulator-wt-hdmi-ulx3s/prototypes/fpga-ulx3s/rtl/gen/usb_fs_device.v:2599$1562'.
Found and cleaned up 1 empty switch in `\usb_fs_device.$proc$/home/matthias/prog/janestreet/emulator-wt-hdmi-ulx3s/prototypes/fpga-ulx3s/rtl/gen/usb_fs_device.v:2494$1528'.
Removing empty process `usb_fs_device.$proc$/home/matthias/prog/janestreet/emulator-wt-hdmi-ulx3s/prototypes/fpga-ulx3s/rtl/gen/usb_fs_device.v:2494$1528'.
Found and cleaned up 1 empty switch in `\usb_fs_device.$proc$/home/matthias/prog/janestreet/emulator-wt-hdmi-ulx3s/prototypes/fpga-ulx3s/rtl/gen/usb_fs_device.v:2482$1522'.
Removing empty process `usb_fs_device.$proc$/home/matthias/prog/janestreet/emulator-wt-hdmi-ulx3s/prototypes/fpga-ulx3s/rtl/gen/usb_fs_device.v:2482$1522'.
Found and cleaned up 1 empty switch in `\usb_fs_device.$proc$/home/matthias/prog/janestreet/emulator-wt-hdmi-ulx3s/prototypes/fpga-ulx3s/rtl/gen/usb_fs_device.v:2467$1513'.
Removing empty process `usb_fs_device.$proc$/home/matthias/prog/janestreet/emulator-wt-hdmi-ulx3s/prototypes/fpga-ulx3s/rtl/gen/usb_fs_device.v:2467$1513'.
Found and cleaned up 1 empty switch in `\usb_fs_device.$proc$/home/matthias/prog/janestreet/emulator-wt-hdmi-ulx3s/prototypes/fpga-ulx3s/rtl/gen/usb_fs_device.v:2454$1506'.
Removing empty process `usb_fs_device.$proc$/home/matthias/prog/janestreet/emulator-wt-hdmi-ulx3s/prototypes/fpga-ulx3s/rtl/gen/usb_fs_device.v:2454$1506'.
Found and cleaned up 1 empty switch in `\usb_fs_device.$proc$/home/matthias/prog/janestreet/emulator-wt-hdmi-ulx3s/prototypes/fpga-ulx3s/rtl/gen/usb_fs_device.v:2433$1491'.
Removing empty process `usb_fs_device.$proc$/home/matthias/prog/janestreet/emulator-wt-hdmi-ulx3s/prototypes/fpga-ulx3s/rtl/gen/usb_fs_device.v:2433$1491'.
Found and cleaned up 1 empty switch in `\usb_fs_device.$proc$/home/matthias/prog/janestreet/emulator-wt-hdmi-ulx3s/prototypes/fpga-ulx3s/rtl/gen/usb_fs_device.v:2422$1486'.
Removing empty process `usb_fs_device.$proc$/home/matthias/prog/janestreet/emulator-wt-hdmi-ulx3s/prototypes/fpga-ulx3s/rtl/gen/usb_fs_device.v:2422$1486'.
Found and cleaned up 1 empty switch in `\usb_fs_device.$proc$/home/matthias/prog/janestreet/emulator-wt-hdmi-ulx3s/prototypes/fpga-ulx3s/rtl/gen/usb_fs_device.v:2408$1480'.
Removing empty process `usb_fs_device.$proc$/home/matthias/prog/janestreet/emulator-wt-hdmi-ulx3s/prototypes/fpga-ulx3s/rtl/gen/usb_fs_device.v:2408$1480'.
Found and cleaned up 1 empty switch in `\usb_fs_device.$proc$/home/matthias/prog/janestreet/emulator-wt-hdmi-ulx3s/prototypes/fpga-ulx3s/rtl/gen/usb_fs_device.v:2371$1452'.
Removing empty process `usb_fs_device.$proc$/home/matthias/prog/janestreet/emulator-wt-hdmi-ulx3s/prototypes/fpga-ulx3s/rtl/gen/usb_fs_device.v:2371$1452'.
Found and cleaned up 1 empty switch in `\usb_fs_device.$proc$/home/matthias/prog/janestreet/emulator-wt-hdmi-ulx3s/prototypes/fpga-ulx3s/rtl/gen/usb_fs_device.v:2358$1445'.
Removing empty process `usb_fs_device.$proc$/home/matthias/prog/janestreet/emulator-wt-hdmi-ulx3s/prototypes/fpga-ulx3s/rtl/gen/usb_fs_device.v:2358$1445'.
Found and cleaned up 1 empty switch in `\usb_fs_device.$proc$/home/matthias/prog/janestreet/emulator-wt-hdmi-ulx3s/prototypes/fpga-ulx3s/rtl/gen/usb_fs_device.v:2337$1431'.
Removing empty process `usb_fs_device.$proc$/home/matthias/prog/janestreet/emulator-wt-hdmi-ulx3s/prototypes/fpga-ulx3s/rtl/gen/usb_fs_device.v:2337$1431'.
Found and cleaned up 1 empty switch in `\usb_fs_device.$proc$/home/matthias/prog/janestreet/emulator-wt-hdmi-ulx3s/prototypes/fpga-ulx3s/rtl/gen/usb_fs_device.v:2321$1421'.
Removing empty process `usb_fs_device.$proc$/home/matthias/prog/janestreet/emulator-wt-hdmi-ulx3s/prototypes/fpga-ulx3s/rtl/gen/usb_fs_device.v:2321$1421'.
Found and cleaned up 1 empty switch in `\usb_fs_device.$proc$/home/matthias/prog/janestreet/emulator-wt-hdmi-ulx3s/prototypes/fpga-ulx3s/rtl/gen/usb_fs_device.v:2309$1415'.
Removing empty process `usb_fs_device.$proc$/home/matthias/prog/janestreet/emulator-wt-hdmi-ulx3s/prototypes/fpga-ulx3s/rtl/gen/usb_fs_device.v:2309$1415'.
Found and cleaned up 1 empty switch in `\usb_fs_device.$proc$/home/matthias/prog/janestreet/emulator-wt-hdmi-ulx3s/prototypes/fpga-ulx3s/rtl/gen/usb_fs_device.v:2293$1409'.
Removing empty process `usb_fs_device.$proc$/home/matthias/prog/janestreet/emulator-wt-hdmi-ulx3s/prototypes/fpga-ulx3s/rtl/gen/usb_fs_device.v:2293$1409'.
Found and cleaned up 1 empty switch in `\usb_fs_device.$proc$/home/matthias/prog/janestreet/emulator-wt-hdmi-ulx3s/prototypes/fpga-ulx3s/rtl/gen/usb_fs_device.v:2268$1395'.
Removing empty process `usb_fs_device.$proc$/home/matthias/prog/janestreet/emulator-wt-hdmi-ulx3s/prototypes/fpga-ulx3s/rtl/gen/usb_fs_device.v:2268$1395'.
Found and cleaned up 1 empty switch in `\usb_fs_device.$proc$/home/matthias/prog/janestreet/emulator-wt-hdmi-ulx3s/prototypes/fpga-ulx3s/rtl/gen/usb_fs_device.v:2224$1362'.
Removing empty process `usb_fs_device.$proc$/home/matthias/prog/janestreet/emulator-wt-hdmi-ulx3s/prototypes/fpga-ulx3s/rtl/gen/usb_fs_device.v:2224$1362'.
Found and cleaned up 1 empty switch in `\usb_fs_device.$proc$/home/matthias/prog/janestreet/emulator-wt-hdmi-ulx3s/prototypes/fpga-ulx3s/rtl/gen/usb_fs_device.v:2206$1350'.
Removing empty process `usb_fs_device.$proc$/home/matthias/prog/janestreet/emulator-wt-hdmi-ulx3s/prototypes/fpga-ulx3s/rtl/gen/usb_fs_device.v:2206$1350'.
Found and cleaned up 1 empty switch in `\usb_fs_device.$proc$/home/matthias/prog/janestreet/emulator-wt-hdmi-ulx3s/prototypes/fpga-ulx3s/rtl/gen/usb_fs_device.v:2192$1343'.
Removing empty process `usb_fs_device.$proc$/home/matthias/prog/janestreet/emulator-wt-hdmi-ulx3s/prototypes/fpga-ulx3s/rtl/gen/usb_fs_device.v:2192$1343'.
Found and cleaned up 1 empty switch in `\usb_fs_device.$proc$/home/matthias/prog/janestreet/emulator-wt-hdmi-ulx3s/prototypes/fpga-ulx3s/rtl/gen/usb_fs_device.v:2157$1316'.
Removing empty process `usb_fs_device.$proc$/home/matthias/prog/janestreet/emulator-wt-hdmi-ulx3s/prototypes/fpga-ulx3s/rtl/gen/usb_fs_device.v:2157$1316'.
Found and cleaned up 1 empty switch in `\usb_fs_device.$proc$/home/matthias/prog/janestreet/emulator-wt-hdmi-ulx3s/prototypes/fpga-ulx3s/rtl/gen/usb_fs_device.v:2116$1284'.
Removing empty process `usb_fs_device.$proc$/home/matthias/prog/janestreet/emulator-wt-hdmi-ulx3s/prototypes/fpga-ulx3s/rtl/gen/usb_fs_device.v:2116$1284'.
Found and cleaned up 1 empty switch in `\usb_fs_device.$proc$/home/matthias/prog/janestreet/emulator-wt-hdmi-ulx3s/prototypes/fpga-ulx3s/rtl/gen/usb_fs_device.v:2099$1273'.
Removing empty process `usb_fs_device.$proc$/home/matthias/prog/janestreet/emulator-wt-hdmi-ulx3s/prototypes/fpga-ulx3s/rtl/gen/usb_fs_device.v:2099$1273'.
Found and cleaned up 1 empty switch in `\usb_fs_device.$proc$/home/matthias/prog/janestreet/emulator-wt-hdmi-ulx3s/prototypes/fpga-ulx3s/rtl/gen/usb_fs_device.v:2080$1260'.
Removing empty process `usb_fs_device.$proc$/home/matthias/prog/janestreet/emulator-wt-hdmi-ulx3s/prototypes/fpga-ulx3s/rtl/gen/usb_fs_device.v:2080$1260'.
Found and cleaned up 1 empty switch in `\usb_fs_device.$proc$/home/matthias/prog/janestreet/emulator-wt-hdmi-ulx3s/prototypes/fpga-ulx3s/rtl/gen/usb_fs_device.v:2065$1251'.
Removing empty process `usb_fs_device.$proc$/home/matthias/prog/janestreet/emulator-wt-hdmi-ulx3s/prototypes/fpga-ulx3s/rtl/gen/usb_fs_device.v:2065$1251'.
Found and cleaned up 1 empty switch in `\usb_fs_device.$proc$/home/matthias/prog/janestreet/emulator-wt-hdmi-ulx3s/prototypes/fpga-ulx3s/rtl/gen/usb_fs_device.v:2035$1229'.
Removing empty process `usb_fs_device.$proc$/home/matthias/prog/janestreet/emulator-wt-hdmi-ulx3s/prototypes/fpga-ulx3s/rtl/gen/usb_fs_device.v:2035$1229'.
Found and cleaned up 1 empty switch in `\usb_fs_device.$proc$/home/matthias/prog/janestreet/emulator-wt-hdmi-ulx3s/prototypes/fpga-ulx3s/rtl/gen/usb_fs_device.v:2002$1204'.
Removing empty process `usb_fs_device.$proc$/home/matthias/prog/janestreet/emulator-wt-hdmi-ulx3s/prototypes/fpga-ulx3s/rtl/gen/usb_fs_device.v:2002$1204'.
Found and cleaned up 1 empty switch in `\usb_fs_device.$proc$/home/matthias/prog/janestreet/emulator-wt-hdmi-ulx3s/prototypes/fpga-ulx3s/rtl/gen/usb_fs_device.v:1948$1174'.
Removing empty process `usb_fs_device.$proc$/home/matthias/prog/janestreet/emulator-wt-hdmi-ulx3s/prototypes/fpga-ulx3s/rtl/gen/usb_fs_device.v:1948$1174'.
Found and cleaned up 1 empty switch in `\usb_fs_device.$proc$/home/matthias/prog/janestreet/emulator-wt-hdmi-ulx3s/prototypes/fpga-ulx3s/rtl/gen/usb_fs_device.v:1940$1173'.
Removing empty process `usb_fs_device.$proc$/home/matthias/prog/janestreet/emulator-wt-hdmi-ulx3s/prototypes/fpga-ulx3s/rtl/gen/usb_fs_device.v:1940$1173'.
Found and cleaned up 1 empty switch in `\usb_fs_device.$proc$/home/matthias/prog/janestreet/emulator-wt-hdmi-ulx3s/prototypes/fpga-ulx3s/rtl/gen/usb_fs_device.v:1907$1152'.
Removing empty process `usb_fs_device.$proc$/home/matthias/prog/janestreet/emulator-wt-hdmi-ulx3s/prototypes/fpga-ulx3s/rtl/gen/usb_fs_device.v:1907$1152'.
Found and cleaned up 1 empty switch in `\usb_fs_device.$proc$/home/matthias/prog/janestreet/emulator-wt-hdmi-ulx3s/prototypes/fpga-ulx3s/rtl/gen/usb_fs_device.v:1869$1130'.
Removing empty process `usb_fs_device.$proc$/home/matthias/prog/janestreet/emulator-wt-hdmi-ulx3s/prototypes/fpga-ulx3s/rtl/gen/usb_fs_device.v:1869$1130'.
Found and cleaned up 1 empty switch in `\usb_fs_device.$proc$/home/matthias/prog/janestreet/emulator-wt-hdmi-ulx3s/prototypes/fpga-ulx3s/rtl/gen/usb_fs_device.v:1741$1106'.
Removing empty process `usb_fs_device.$proc$/home/matthias/prog/janestreet/emulator-wt-hdmi-ulx3s/prototypes/fpga-ulx3s/rtl/gen/usb_fs_device.v:1741$1106'.
Found and cleaned up 1 empty switch in `\usb_fs_device.$proc$/home/matthias/prog/janestreet/emulator-wt-hdmi-ulx3s/prototypes/fpga-ulx3s/rtl/gen/usb_fs_device.v:1733$1103'.
Removing empty process `usb_fs_device.$proc$/home/matthias/prog/janestreet/emulator-wt-hdmi-ulx3s/prototypes/fpga-ulx3s/rtl/gen/usb_fs_device.v:1733$1103'.
Found and cleaned up 1 empty switch in `\usb_fs_device.$proc$/home/matthias/prog/janestreet/emulator-wt-hdmi-ulx3s/prototypes/fpga-ulx3s/rtl/gen/usb_fs_device.v:1687$1094'.
Removing empty process `usb_fs_device.$proc$/home/matthias/prog/janestreet/emulator-wt-hdmi-ulx3s/prototypes/fpga-ulx3s/rtl/gen/usb_fs_device.v:1687$1094'.
Found and cleaned up 1 empty switch in `\usb_fs_device.$proc$/home/matthias/prog/janestreet/emulator-wt-hdmi-ulx3s/prototypes/fpga-ulx3s/rtl/gen/usb_fs_device.v:1678$1092'.
Removing empty process `usb_fs_device.$proc$/home/matthias/prog/janestreet/emulator-wt-hdmi-ulx3s/prototypes/fpga-ulx3s/rtl/gen/usb_fs_device.v:1678$1092'.
Found and cleaned up 1 empty switch in `\usb_fs_device.$proc$/home/matthias/prog/janestreet/emulator-wt-hdmi-ulx3s/prototypes/fpga-ulx3s/rtl/gen/usb_fs_device.v:1665$1085'.
Removing empty process `usb_fs_device.$proc$/home/matthias/prog/janestreet/emulator-wt-hdmi-ulx3s/prototypes/fpga-ulx3s/rtl/gen/usb_fs_device.v:1665$1085'.
Found and cleaned up 1 empty switch in `\usb_fs_device.$proc$/home/matthias/prog/janestreet/emulator-wt-hdmi-ulx3s/prototypes/fpga-ulx3s/rtl/gen/usb_fs_device.v:1652$1078'.
Removing empty process `usb_fs_device.$proc$/home/matthias/prog/janestreet/emulator-wt-hdmi-ulx3s/prototypes/fpga-ulx3s/rtl/gen/usb_fs_device.v:1652$1078'.
Found and cleaned up 1 empty switch in `\usb_fs_device.$proc$/home/matthias/prog/janestreet/emulator-wt-hdmi-ulx3s/prototypes/fpga-ulx3s/rtl/gen/usb_fs_device.v:1639$1071'.
Removing empty process `usb_fs_device.$proc$/home/matthias/prog/janestreet/emulator-wt-hdmi-ulx3s/prototypes/fpga-ulx3s/rtl/gen/usb_fs_device.v:1639$1071'.
Found and cleaned up 1 empty switch in `\usb_fs_device.$proc$/home/matthias/prog/janestreet/emulator-wt-hdmi-ulx3s/prototypes/fpga-ulx3s/rtl/gen/usb_fs_device.v:1626$1064'.
Removing empty process `usb_fs_device.$proc$/home/matthias/prog/janestreet/emulator-wt-hdmi-ulx3s/prototypes/fpga-ulx3s/rtl/gen/usb_fs_device.v:1626$1064'.
Found and cleaned up 1 empty switch in `\usb_fs_device.$proc$/home/matthias/prog/janestreet/emulator-wt-hdmi-ulx3s/prototypes/fpga-ulx3s/rtl/gen/usb_fs_device.v:1613$1057'.
Removing empty process `usb_fs_device.$proc$/home/matthias/prog/janestreet/emulator-wt-hdmi-ulx3s/prototypes/fpga-ulx3s/rtl/gen/usb_fs_device.v:1613$1057'.
Found and cleaned up 1 empty switch in `\usb_fs_device.$proc$/home/matthias/prog/janestreet/emulator-wt-hdmi-ulx3s/prototypes/fpga-ulx3s/rtl/gen/usb_fs_device.v:1602$1053'.
Removing empty process `usb_fs_device.$proc$/home/matthias/prog/janestreet/emulator-wt-hdmi-ulx3s/prototypes/fpga-ulx3s/rtl/gen/usb_fs_device.v:1602$1053'.
Found and cleaned up 1 empty switch in `\usb_fs_device.$proc$/home/matthias/prog/janestreet/emulator-wt-hdmi-ulx3s/prototypes/fpga-ulx3s/rtl/gen/usb_fs_device.v:1589$1046'.
Removing empty process `usb_fs_device.$proc$/home/matthias/prog/janestreet/emulator-wt-hdmi-ulx3s/prototypes/fpga-ulx3s/rtl/gen/usb_fs_device.v:1589$1046'.
Found and cleaned up 1 empty switch in `\usb_fs_device.$proc$/home/matthias/prog/janestreet/emulator-wt-hdmi-ulx3s/prototypes/fpga-ulx3s/rtl/gen/usb_fs_device.v:1578$1042'.
Removing empty process `usb_fs_device.$proc$/home/matthias/prog/janestreet/emulator-wt-hdmi-ulx3s/prototypes/fpga-ulx3s/rtl/gen/usb_fs_device.v:1578$1042'.
Found and cleaned up 1 empty switch in `\usb_fs_device.$proc$/home/matthias/prog/janestreet/emulator-wt-hdmi-ulx3s/prototypes/fpga-ulx3s/rtl/gen/usb_fs_device.v:1565$1035'.
Removing empty process `usb_fs_device.$proc$/home/matthias/prog/janestreet/emulator-wt-hdmi-ulx3s/prototypes/fpga-ulx3s/rtl/gen/usb_fs_device.v:1565$1035'.
Found and cleaned up 1 empty switch in `\usb_fs_device.$proc$/home/matthias/prog/janestreet/emulator-wt-hdmi-ulx3s/prototypes/fpga-ulx3s/rtl/gen/usb_fs_device.v:1485$1019'.
Removing empty process `usb_fs_device.$proc$/home/matthias/prog/janestreet/emulator-wt-hdmi-ulx3s/prototypes/fpga-ulx3s/rtl/gen/usb_fs_device.v:1485$1019'.
Found and cleaned up 1 empty switch in `\usb_fs_device.$proc$/home/matthias/prog/janestreet/emulator-wt-hdmi-ulx3s/prototypes/fpga-ulx3s/rtl/gen/usb_fs_device.v:1463$1004'.
Removing empty process `usb_fs_device.$proc$/home/matthias/prog/janestreet/emulator-wt-hdmi-ulx3s/prototypes/fpga-ulx3s/rtl/gen/usb_fs_device.v:1463$1004'.
Found and cleaned up 1 empty switch in `\usb_fs_device.$proc$/home/matthias/prog/janestreet/emulator-wt-hdmi-ulx3s/prototypes/fpga-ulx3s/rtl/gen/usb_fs_device.v:1438$987'.
Removing empty process `usb_fs_device.$proc$/home/matthias/prog/janestreet/emulator-wt-hdmi-ulx3s/prototypes/fpga-ulx3s/rtl/gen/usb_fs_device.v:1438$987'.
Found and cleaned up 1 empty switch in `\usb_fs_device.$proc$/home/matthias/prog/janestreet/emulator-wt-hdmi-ulx3s/prototypes/fpga-ulx3s/rtl/gen/usb_fs_device.v:1373$944'.
Removing empty process `usb_fs_device.$proc$/home/matthias/prog/janestreet/emulator-wt-hdmi-ulx3s/prototypes/fpga-ulx3s/rtl/gen/usb_fs_device.v:1373$944'.
Found and cleaned up 1 empty switch in `\usb_fs_device.$proc$/home/matthias/prog/janestreet/emulator-wt-hdmi-ulx3s/prototypes/fpga-ulx3s/rtl/gen/usb_fs_device.v:1336$915'.
Removing empty process `usb_fs_device.$proc$/home/matthias/prog/janestreet/emulator-wt-hdmi-ulx3s/prototypes/fpga-ulx3s/rtl/gen/usb_fs_device.v:1336$915'.
Found and cleaned up 1 empty switch in `\usb_fs_device.$proc$/home/matthias/prog/janestreet/emulator-wt-hdmi-ulx3s/prototypes/fpga-ulx3s/rtl/gen/usb_fs_device.v:1323$908'.
Removing empty process `usb_fs_device.$proc$/home/matthias/prog/janestreet/emulator-wt-hdmi-ulx3s/prototypes/fpga-ulx3s/rtl/gen/usb_fs_device.v:1323$908'.
Found and cleaned up 1 empty switch in `\pin_sampler.$proc$/home/matthias/prog/janestreet/emulator-wt-hdmi-ulx3s/prototypes/fpga-ulx3s/rtl/gen/pin_sampler.v:498$900'.
Removing empty process `pin_sampler.$proc$/home/matthias/prog/janestreet/emulator-wt-hdmi-ulx3s/prototypes/fpga-ulx3s/rtl/gen/pin_sampler.v:498$900'.
Found and cleaned up 1 empty switch in `\pin_sampler.$proc$/home/matthias/prog/janestreet/emulator-wt-hdmi-ulx3s/prototypes/fpga-ulx3s/rtl/gen/pin_sampler.v:491$899'.
Removing empty process `pin_sampler.$proc$/home/matthias/prog/janestreet/emulator-wt-hdmi-ulx3s/prototypes/fpga-ulx3s/rtl/gen/pin_sampler.v:491$899'.
Found and cleaned up 1 empty switch in `\pin_sampler.$proc$/home/matthias/prog/janestreet/emulator-wt-hdmi-ulx3s/prototypes/fpga-ulx3s/rtl/gen/pin_sampler.v:480$894'.
Removing empty process `pin_sampler.$proc$/home/matthias/prog/janestreet/emulator-wt-hdmi-ulx3s/prototypes/fpga-ulx3s/rtl/gen/pin_sampler.v:480$894'.
Found and cleaned up 1 empty switch in `\pin_sampler.$proc$/home/matthias/prog/janestreet/emulator-wt-hdmi-ulx3s/prototypes/fpga-ulx3s/rtl/gen/pin_sampler.v:463$885'.
Removing empty process `pin_sampler.$proc$/home/matthias/prog/janestreet/emulator-wt-hdmi-ulx3s/prototypes/fpga-ulx3s/rtl/gen/pin_sampler.v:463$885'.
Found and cleaned up 1 empty switch in `\pin_sampler.$proc$/home/matthias/prog/janestreet/emulator-wt-hdmi-ulx3s/prototypes/fpga-ulx3s/rtl/gen/pin_sampler.v:448$876'.
Removing empty process `pin_sampler.$proc$/home/matthias/prog/janestreet/emulator-wt-hdmi-ulx3s/prototypes/fpga-ulx3s/rtl/gen/pin_sampler.v:448$876'.
Found and cleaned up 1 empty switch in `\pin_sampler.$proc$/home/matthias/prog/janestreet/emulator-wt-hdmi-ulx3s/prototypes/fpga-ulx3s/rtl/gen/pin_sampler.v:432$866'.
Removing empty process `pin_sampler.$proc$/home/matthias/prog/janestreet/emulator-wt-hdmi-ulx3s/prototypes/fpga-ulx3s/rtl/gen/pin_sampler.v:432$866'.
Found and cleaned up 1 empty switch in `\pin_sampler.$proc$/home/matthias/prog/janestreet/emulator-wt-hdmi-ulx3s/prototypes/fpga-ulx3s/rtl/gen/pin_sampler.v:419$864'.
Removing empty process `pin_sampler.$proc$/home/matthias/prog/janestreet/emulator-wt-hdmi-ulx3s/prototypes/fpga-ulx3s/rtl/gen/pin_sampler.v:419$864'.
Found and cleaned up 1 empty switch in `\pin_sampler.$proc$/home/matthias/prog/janestreet/emulator-wt-hdmi-ulx3s/prototypes/fpga-ulx3s/rtl/gen/pin_sampler.v:401$861'.
Removing empty process `pin_sampler.$proc$/home/matthias/prog/janestreet/emulator-wt-hdmi-ulx3s/prototypes/fpga-ulx3s/rtl/gen/pin_sampler.v:401$861'.
Found and cleaned up 1 empty switch in `\pin_sampler.$proc$/home/matthias/prog/janestreet/emulator-wt-hdmi-ulx3s/prototypes/fpga-ulx3s/rtl/gen/pin_sampler.v:394$860'.
Removing empty process `pin_sampler.$proc$/home/matthias/prog/janestreet/emulator-wt-hdmi-ulx3s/prototypes/fpga-ulx3s/rtl/gen/pin_sampler.v:394$860'.
Found and cleaned up 1 empty switch in `\pin_sampler.$proc$/home/matthias/prog/janestreet/emulator-wt-hdmi-ulx3s/prototypes/fpga-ulx3s/rtl/gen/pin_sampler.v:382$858'.
Removing empty process `pin_sampler.$proc$/home/matthias/prog/janestreet/emulator-wt-hdmi-ulx3s/prototypes/fpga-ulx3s/rtl/gen/pin_sampler.v:382$858'.
Found and cleaned up 1 empty switch in `\pin_sampler.$proc$/home/matthias/prog/janestreet/emulator-wt-hdmi-ulx3s/prototypes/fpga-ulx3s/rtl/gen/pin_sampler.v:364$847'.
Removing empty process `pin_sampler.$proc$/home/matthias/prog/janestreet/emulator-wt-hdmi-ulx3s/prototypes/fpga-ulx3s/rtl/gen/pin_sampler.v:364$847'.
Found and cleaned up 2 empty switches in `\pin_sampler.$proc$/home/matthias/prog/janestreet/emulator-wt-hdmi-ulx3s/prototypes/fpga-ulx3s/rtl/gen/pin_sampler.v:338$836'.
Removing empty process `pin_sampler.$proc$/home/matthias/prog/janestreet/emulator-wt-hdmi-ulx3s/prototypes/fpga-ulx3s/rtl/gen/pin_sampler.v:338$836'.
Found and cleaned up 1 empty switch in `\pin_sampler.$proc$/home/matthias/prog/janestreet/emulator-wt-hdmi-ulx3s/prototypes/fpga-ulx3s/rtl/gen/pin_sampler.v:325$832'.
Removing empty process `pin_sampler.$proc$/home/matthias/prog/janestreet/emulator-wt-hdmi-ulx3s/prototypes/fpga-ulx3s/rtl/gen/pin_sampler.v:325$832'.
Found and cleaned up 1 empty switch in `\pin_sampler.$proc$/home/matthias/prog/janestreet/emulator-wt-hdmi-ulx3s/prototypes/fpga-ulx3s/rtl/gen/pin_sampler.v:264$814'.
Removing empty process `pin_sampler.$proc$/home/matthias/prog/janestreet/emulator-wt-hdmi-ulx3s/prototypes/fpga-ulx3s/rtl/gen/pin_sampler.v:264$814'.
Found and cleaned up 2 empty switches in `\pin_sampler.$proc$/home/matthias/prog/janestreet/emulator-wt-hdmi-ulx3s/prototypes/fpga-ulx3s/rtl/gen/pin_sampler.v:254$811'.
Removing empty process `pin_sampler.$proc$/home/matthias/prog/janestreet/emulator-wt-hdmi-ulx3s/prototypes/fpga-ulx3s/rtl/gen/pin_sampler.v:254$811'.
Found and cleaned up 2 empty switches in `\pin_sampler.$proc$/home/matthias/prog/janestreet/emulator-wt-hdmi-ulx3s/prototypes/fpga-ulx3s/rtl/gen/pin_sampler.v:242$808'.
Removing empty process `pin_sampler.$proc$/home/matthias/prog/janestreet/emulator-wt-hdmi-ulx3s/prototypes/fpga-ulx3s/rtl/gen/pin_sampler.v:242$808'.
Found and cleaned up 2 empty switches in `\pin_sampler.$proc$/home/matthias/prog/janestreet/emulator-wt-hdmi-ulx3s/prototypes/fpga-ulx3s/rtl/gen/pin_sampler.v:230$805'.
Removing empty process `pin_sampler.$proc$/home/matthias/prog/janestreet/emulator-wt-hdmi-ulx3s/prototypes/fpga-ulx3s/rtl/gen/pin_sampler.v:230$805'.
Found and cleaned up 1 empty switch in `\pin_sampler.$proc$/home/matthias/prog/janestreet/emulator-wt-hdmi-ulx3s/prototypes/fpga-ulx3s/rtl/gen/pin_sampler.v:217$802'.
Removing empty process `pin_sampler.$proc$/home/matthias/prog/janestreet/emulator-wt-hdmi-ulx3s/prototypes/fpga-ulx3s/rtl/gen/pin_sampler.v:217$802'.
Found and cleaned up 1 empty switch in `\pin_streamer.$proc$/home/matthias/prog/janestreet/emulator-wt-hdmi-ulx3s/prototypes/fpga-ulx3s/rtl/gen/pin_streamer.v:373$796'.
Removing empty process `pin_streamer.$proc$/home/matthias/prog/janestreet/emulator-wt-hdmi-ulx3s/prototypes/fpga-ulx3s/rtl/gen/pin_streamer.v:373$796'.
Found and cleaned up 1 empty switch in `\pin_streamer.$proc$/home/matthias/prog/janestreet/emulator-wt-hdmi-ulx3s/prototypes/fpga-ulx3s/rtl/gen/pin_streamer.v:363$792'.
Removing empty process `pin_streamer.$proc$/home/matthias/prog/janestreet/emulator-wt-hdmi-ulx3s/prototypes/fpga-ulx3s/rtl/gen/pin_streamer.v:363$792'.
Found and cleaned up 1 empty switch in `\pin_streamer.$proc$/home/matthias/prog/janestreet/emulator-wt-hdmi-ulx3s/prototypes/fpga-ulx3s/rtl/gen/pin_streamer.v:343$781'.
Removing empty process `pin_streamer.$proc$/home/matthias/prog/janestreet/emulator-wt-hdmi-ulx3s/prototypes/fpga-ulx3s/rtl/gen/pin_streamer.v:343$781'.
Found and cleaned up 1 empty switch in `\pin_streamer.$proc$/home/matthias/prog/janestreet/emulator-wt-hdmi-ulx3s/prototypes/fpga-ulx3s/rtl/gen/pin_streamer.v:331$776'.
Removing empty process `pin_streamer.$proc$/home/matthias/prog/janestreet/emulator-wt-hdmi-ulx3s/prototypes/fpga-ulx3s/rtl/gen/pin_streamer.v:331$776'.
Found and cleaned up 1 empty switch in `\pin_streamer.$proc$/home/matthias/prog/janestreet/emulator-wt-hdmi-ulx3s/prototypes/fpga-ulx3s/rtl/gen/pin_streamer.v:304$767'.
Removing empty process `pin_streamer.$proc$/home/matthias/prog/janestreet/emulator-wt-hdmi-ulx3s/prototypes/fpga-ulx3s/rtl/gen/pin_streamer.v:304$767'.
Found and cleaned up 1 empty switch in `\pin_streamer.$proc$/home/matthias/prog/janestreet/emulator-wt-hdmi-ulx3s/prototypes/fpga-ulx3s/rtl/gen/pin_streamer.v:297$766'.
Removing empty process `pin_streamer.$proc$/home/matthias/prog/janestreet/emulator-wt-hdmi-ulx3s/prototypes/fpga-ulx3s/rtl/gen/pin_streamer.v:297$766'.
Found and cleaned up 2 empty switches in `\pin_streamer.$proc$/home/matthias/prog/janestreet/emulator-wt-hdmi-ulx3s/prototypes/fpga-ulx3s/rtl/gen/pin_streamer.v:288$763'.
Removing empty process `pin_streamer.$proc$/home/matthias/prog/janestreet/emulator-wt-hdmi-ulx3s/prototypes/fpga-ulx3s/rtl/gen/pin_streamer.v:288$763'.
Found and cleaned up 1 empty switch in `\pin_streamer.$proc$/home/matthias/prog/janestreet/emulator-wt-hdmi-ulx3s/prototypes/fpga-ulx3s/rtl/gen/pin_streamer.v:277$760'.
Removing empty process `pin_streamer.$proc$/home/matthias/prog/janestreet/emulator-wt-hdmi-ulx3s/prototypes/fpga-ulx3s/rtl/gen/pin_streamer.v:277$760'.
Found and cleaned up 2 empty switches in `\pin_streamer.$proc$/home/matthias/prog/janestreet/emulator-wt-hdmi-ulx3s/prototypes/fpga-ulx3s/rtl/gen/pin_streamer.v:268$757'.
Removing empty process `pin_streamer.$proc$/home/matthias/prog/janestreet/emulator-wt-hdmi-ulx3s/prototypes/fpga-ulx3s/rtl/gen/pin_streamer.v:268$757'.
Found and cleaned up 2 empty switches in `\pin_streamer.$proc$/home/matthias/prog/janestreet/emulator-wt-hdmi-ulx3s/prototypes/fpga-ulx3s/rtl/gen/pin_streamer.v:256$754'.
Removing empty process `pin_streamer.$proc$/home/matthias/prog/janestreet/emulator-wt-hdmi-ulx3s/prototypes/fpga-ulx3s/rtl/gen/pin_streamer.v:256$754'.
Found and cleaned up 2 empty switches in `\pin_streamer.$proc$/home/matthias/prog/janestreet/emulator-wt-hdmi-ulx3s/prototypes/fpga-ulx3s/rtl/gen/pin_streamer.v:244$751'.
Removing empty process `pin_streamer.$proc$/home/matthias/prog/janestreet/emulator-wt-hdmi-ulx3s/prototypes/fpga-ulx3s/rtl/gen/pin_streamer.v:244$751'.
Found and cleaned up 1 empty switch in `\pin_streamer.$proc$/home/matthias/prog/janestreet/emulator-wt-hdmi-ulx3s/prototypes/fpga-ulx3s/rtl/gen/pin_streamer.v:217$741'.
Removing empty process `pin_streamer.$proc$/home/matthias/prog/janestreet/emulator-wt-hdmi-ulx3s/prototypes/fpga-ulx3s/rtl/gen/pin_streamer.v:217$741'.
Found and cleaned up 1 empty switch in `\pin_streamer.$proc$/home/matthias/prog/janestreet/emulator-wt-hdmi-ulx3s/prototypes/fpga-ulx3s/rtl/gen/pin_streamer.v:205$736'.
Removing empty process `pin_streamer.$proc$/home/matthias/prog/janestreet/emulator-wt-hdmi-ulx3s/prototypes/fpga-ulx3s/rtl/gen/pin_streamer.v:205$736'.
Found and cleaned up 1 empty switch in `\pin_streamer.$proc$/home/matthias/prog/janestreet/emulator-wt-hdmi-ulx3s/prototypes/fpga-ulx3s/rtl/gen/pin_streamer.v:168$723'.
Removing empty process `pin_streamer.$proc$/home/matthias/prog/janestreet/emulator-wt-hdmi-ulx3s/prototypes/fpga-ulx3s/rtl/gen/pin_streamer.v:168$723'.
Found and cleaned up 1 empty switch in `\deadline_sequencer.$proc$/home/matthias/prog/janestreet/emulator-wt-hdmi-ulx3s/prototypes/fpga-ulx3s/rtl/gen/deadline_sequencer.v:1215$715'.
Removing empty process `deadline_sequencer.$proc$/home/matthias/prog/janestreet/emulator-wt-hdmi-ulx3s/prototypes/fpga-ulx3s/rtl/gen/deadline_sequencer.v:1215$715'.
Found and cleaned up 1 empty switch in `\deadline_sequencer.$proc$/home/matthias/prog/janestreet/emulator-wt-hdmi-ulx3s/prototypes/fpga-ulx3s/rtl/gen/deadline_sequencer.v:1200$713'.
Removing empty process `deadline_sequencer.$proc$/home/matthias/prog/janestreet/emulator-wt-hdmi-ulx3s/prototypes/fpga-ulx3s/rtl/gen/deadline_sequencer.v:1200$713'.
Found and cleaned up 1 empty switch in `\deadline_sequencer.$proc$/home/matthias/prog/janestreet/emulator-wt-hdmi-ulx3s/prototypes/fpga-ulx3s/rtl/gen/deadline_sequencer.v:1194$712'.
Removing empty process `deadline_sequencer.$proc$/home/matthias/prog/janestreet/emulator-wt-hdmi-ulx3s/prototypes/fpga-ulx3s/rtl/gen/deadline_sequencer.v:1194$712'.
Found and cleaned up 1 empty switch in `\deadline_sequencer.$proc$/home/matthias/prog/janestreet/emulator-wt-hdmi-ulx3s/prototypes/fpga-ulx3s/rtl/gen/deadline_sequencer.v:1158$696'.
Removing empty process `deadline_sequencer.$proc$/home/matthias/prog/janestreet/emulator-wt-hdmi-ulx3s/prototypes/fpga-ulx3s/rtl/gen/deadline_sequencer.v:1158$696'.
Found and cleaned up 1 empty switch in `\deadline_sequencer.$proc$/home/matthias/prog/janestreet/emulator-wt-hdmi-ulx3s/prototypes/fpga-ulx3s/rtl/gen/deadline_sequencer.v:1152$695'.
Removing empty process `deadline_sequencer.$proc$/home/matthias/prog/janestreet/emulator-wt-hdmi-ulx3s/prototypes/fpga-ulx3s/rtl/gen/deadline_sequencer.v:1152$695'.
Found and cleaned up 1 empty switch in `\deadline_sequencer.$proc$/home/matthias/prog/janestreet/emulator-wt-hdmi-ulx3s/prototypes/fpga-ulx3s/rtl/gen/deadline_sequencer.v:1143$692'.
Removing empty process `deadline_sequencer.$proc$/home/matthias/prog/janestreet/emulator-wt-hdmi-ulx3s/prototypes/fpga-ulx3s/rtl/gen/deadline_sequencer.v:1143$692'.
Found and cleaned up 1 empty switch in `\deadline_sequencer.$proc$/home/matthias/prog/janestreet/emulator-wt-hdmi-ulx3s/prototypes/fpga-ulx3s/rtl/gen/deadline_sequencer.v:1134$689'.
Removing empty process `deadline_sequencer.$proc$/home/matthias/prog/janestreet/emulator-wt-hdmi-ulx3s/prototypes/fpga-ulx3s/rtl/gen/deadline_sequencer.v:1134$689'.
Found and cleaned up 1 empty switch in `\deadline_sequencer.$proc$/home/matthias/prog/janestreet/emulator-wt-hdmi-ulx3s/prototypes/fpga-ulx3s/rtl/gen/deadline_sequencer.v:1114$682'.
Removing empty process `deadline_sequencer.$proc$/home/matthias/prog/janestreet/emulator-wt-hdmi-ulx3s/prototypes/fpga-ulx3s/rtl/gen/deadline_sequencer.v:1114$682'.
Found and cleaned up 1 empty switch in `\deadline_sequencer.$proc$/home/matthias/prog/janestreet/emulator-wt-hdmi-ulx3s/prototypes/fpga-ulx3s/rtl/gen/deadline_sequencer.v:1108$681'.
Removing empty process `deadline_sequencer.$proc$/home/matthias/prog/janestreet/emulator-wt-hdmi-ulx3s/prototypes/fpga-ulx3s/rtl/gen/deadline_sequencer.v:1108$681'.
Found and cleaned up 1 empty switch in `\deadline_sequencer.$proc$/home/matthias/prog/janestreet/emulator-wt-hdmi-ulx3s/prototypes/fpga-ulx3s/rtl/gen/deadline_sequencer.v:1087$671'.
Removing empty process `deadline_sequencer.$proc$/home/matthias/prog/janestreet/emulator-wt-hdmi-ulx3s/prototypes/fpga-ulx3s/rtl/gen/deadline_sequencer.v:1087$671'.
Found and cleaned up 1 empty switch in `\deadline_sequencer.$proc$/home/matthias/prog/janestreet/emulator-wt-hdmi-ulx3s/prototypes/fpga-ulx3s/rtl/gen/deadline_sequencer.v:1079$669'.
Removing empty process `deadline_sequencer.$proc$/home/matthias/prog/janestreet/emulator-wt-hdmi-ulx3s/prototypes/fpga-ulx3s/rtl/gen/deadline_sequencer.v:1079$669'.
Found and cleaned up 1 empty switch in `\deadline_sequencer.$proc$/home/matthias/prog/janestreet/emulator-wt-hdmi-ulx3s/prototypes/fpga-ulx3s/rtl/gen/deadline_sequencer.v:1071$667'.
Removing empty process `deadline_sequencer.$proc$/home/matthias/prog/janestreet/emulator-wt-hdmi-ulx3s/prototypes/fpga-ulx3s/rtl/gen/deadline_sequencer.v:1071$667'.
Found and cleaned up 1 empty switch in `\deadline_sequencer.$proc$/home/matthias/prog/janestreet/emulator-wt-hdmi-ulx3s/prototypes/fpga-ulx3s/rtl/gen/deadline_sequencer.v:1054$663'.
Removing empty process `deadline_sequencer.$proc$/home/matthias/prog/janestreet/emulator-wt-hdmi-ulx3s/prototypes/fpga-ulx3s/rtl/gen/deadline_sequencer.v:1054$663'.
Found and cleaned up 1 empty switch in `\deadline_sequencer.$proc$/home/matthias/prog/janestreet/emulator-wt-hdmi-ulx3s/prototypes/fpga-ulx3s/rtl/gen/deadline_sequencer.v:1048$662'.
Removing empty process `deadline_sequencer.$proc$/home/matthias/prog/janestreet/emulator-wt-hdmi-ulx3s/prototypes/fpga-ulx3s/rtl/gen/deadline_sequencer.v:1048$662'.
Found and cleaned up 1 empty switch in `\deadline_sequencer.$proc$/home/matthias/prog/janestreet/emulator-wt-hdmi-ulx3s/prototypes/fpga-ulx3s/rtl/gen/deadline_sequencer.v:1032$655'.
Removing empty process `deadline_sequencer.$proc$/home/matthias/prog/janestreet/emulator-wt-hdmi-ulx3s/prototypes/fpga-ulx3s/rtl/gen/deadline_sequencer.v:1032$655'.
Found and cleaned up 1 empty switch in `\deadline_sequencer.$proc$/home/matthias/prog/janestreet/emulator-wt-hdmi-ulx3s/prototypes/fpga-ulx3s/rtl/gen/deadline_sequencer.v:1024$653'.
Removing empty process `deadline_sequencer.$proc$/home/matthias/prog/janestreet/emulator-wt-hdmi-ulx3s/prototypes/fpga-ulx3s/rtl/gen/deadline_sequencer.v:1024$653'.
Found and cleaned up 1 empty switch in `\deadline_sequencer.$proc$/home/matthias/prog/janestreet/emulator-wt-hdmi-ulx3s/prototypes/fpga-ulx3s/rtl/gen/deadline_sequencer.v:1016$651'.
Removing empty process `deadline_sequencer.$proc$/home/matthias/prog/janestreet/emulator-wt-hdmi-ulx3s/prototypes/fpga-ulx3s/rtl/gen/deadline_sequencer.v:1016$651'.
Found and cleaned up 1 empty switch in `\deadline_sequencer.$proc$/home/matthias/prog/janestreet/emulator-wt-hdmi-ulx3s/prototypes/fpga-ulx3s/rtl/gen/deadline_sequencer.v:992$647'.
Removing empty process `deadline_sequencer.$proc$/home/matthias/prog/janestreet/emulator-wt-hdmi-ulx3s/prototypes/fpga-ulx3s/rtl/gen/deadline_sequencer.v:992$647'.
Found and cleaned up 1 empty switch in `\deadline_sequencer.$proc$/home/matthias/prog/janestreet/emulator-wt-hdmi-ulx3s/prototypes/fpga-ulx3s/rtl/gen/deadline_sequencer.v:972$644'.
Removing empty process `deadline_sequencer.$proc$/home/matthias/prog/janestreet/emulator-wt-hdmi-ulx3s/prototypes/fpga-ulx3s/rtl/gen/deadline_sequencer.v:972$644'.
Found and cleaned up 1 empty switch in `\deadline_sequencer.$proc$/home/matthias/prog/janestreet/emulator-wt-hdmi-ulx3s/prototypes/fpga-ulx3s/rtl/gen/deadline_sequencer.v:938$635'.
Removing empty process `deadline_sequencer.$proc$/home/matthias/prog/janestreet/emulator-wt-hdmi-ulx3s/prototypes/fpga-ulx3s/rtl/gen/deadline_sequencer.v:938$635'.
Found and cleaned up 1 empty switch in `\deadline_sequencer.$proc$/home/matthias/prog/janestreet/emulator-wt-hdmi-ulx3s/prototypes/fpga-ulx3s/rtl/gen/deadline_sequencer.v:932$634'.
Removing empty process `deadline_sequencer.$proc$/home/matthias/prog/janestreet/emulator-wt-hdmi-ulx3s/prototypes/fpga-ulx3s/rtl/gen/deadline_sequencer.v:932$634'.
Found and cleaned up 1 empty switch in `\deadline_sequencer.$proc$/home/matthias/prog/janestreet/emulator-wt-hdmi-ulx3s/prototypes/fpga-ulx3s/rtl/gen/deadline_sequencer.v:887$620'.
Removing empty process `deadline_sequencer.$proc$/home/matthias/prog/janestreet/emulator-wt-hdmi-ulx3s/prototypes/fpga-ulx3s/rtl/gen/deadline_sequencer.v:887$620'.
Found and cleaned up 1 empty switch in `\deadline_sequencer.$proc$/home/matthias/prog/janestreet/emulator-wt-hdmi-ulx3s/prototypes/fpga-ulx3s/rtl/gen/deadline_sequencer.v:853$618'.
Removing empty process `deadline_sequencer.$proc$/home/matthias/prog/janestreet/emulator-wt-hdmi-ulx3s/prototypes/fpga-ulx3s/rtl/gen/deadline_sequencer.v:853$618'.
Found and cleaned up 1 empty switch in `\deadline_sequencer.$proc$/home/matthias/prog/janestreet/emulator-wt-hdmi-ulx3s/prototypes/fpga-ulx3s/rtl/gen/deadline_sequencer.v:845$616'.
Removing empty process `deadline_sequencer.$proc$/home/matthias/prog/janestreet/emulator-wt-hdmi-ulx3s/prototypes/fpga-ulx3s/rtl/gen/deadline_sequencer.v:845$616'.
Found and cleaned up 1 empty switch in `\deadline_sequencer.$proc$/home/matthias/prog/janestreet/emulator-wt-hdmi-ulx3s/prototypes/fpga-ulx3s/rtl/gen/deadline_sequencer.v:837$614'.
Removing empty process `deadline_sequencer.$proc$/home/matthias/prog/janestreet/emulator-wt-hdmi-ulx3s/prototypes/fpga-ulx3s/rtl/gen/deadline_sequencer.v:837$614'.
Found and cleaned up 1 empty switch in `\deadline_sequencer.$proc$/home/matthias/prog/janestreet/emulator-wt-hdmi-ulx3s/prototypes/fpga-ulx3s/rtl/gen/deadline_sequencer.v:762$578'.
Removing empty process `deadline_sequencer.$proc$/home/matthias/prog/janestreet/emulator-wt-hdmi-ulx3s/prototypes/fpga-ulx3s/rtl/gen/deadline_sequencer.v:762$578'.
Found and cleaned up 1 empty switch in `\deadline_sequencer.$proc$/home/matthias/prog/janestreet/emulator-wt-hdmi-ulx3s/prototypes/fpga-ulx3s/rtl/gen/deadline_sequencer.v:698$551'.
Removing empty process `deadline_sequencer.$proc$/home/matthias/prog/janestreet/emulator-wt-hdmi-ulx3s/prototypes/fpga-ulx3s/rtl/gen/deadline_sequencer.v:698$551'.
Found and cleaned up 1 empty switch in `\deadline_sequencer.$proc$/home/matthias/prog/janestreet/emulator-wt-hdmi-ulx3s/prototypes/fpga-ulx3s/rtl/gen/deadline_sequencer.v:688$548'.
Removing empty process `deadline_sequencer.$proc$/home/matthias/prog/janestreet/emulator-wt-hdmi-ulx3s/prototypes/fpga-ulx3s/rtl/gen/deadline_sequencer.v:688$548'.
Found and cleaned up 1 empty switch in `\deadline_sequencer.$proc$/home/matthias/prog/janestreet/emulator-wt-hdmi-ulx3s/prototypes/fpga-ulx3s/rtl/gen/deadline_sequencer.v:636$540'.
Removing empty process `deadline_sequencer.$proc$/home/matthias/prog/janestreet/emulator-wt-hdmi-ulx3s/prototypes/fpga-ulx3s/rtl/gen/deadline_sequencer.v:636$540'.
Found and cleaned up 1 empty switch in `\deadline_sequencer.$proc$/home/matthias/prog/janestreet/emulator-wt-hdmi-ulx3s/prototypes/fpga-ulx3s/rtl/gen/deadline_sequencer.v:620$534'.
Removing empty process `deadline_sequencer.$proc$/home/matthias/prog/janestreet/emulator-wt-hdmi-ulx3s/prototypes/fpga-ulx3s/rtl/gen/deadline_sequencer.v:620$534'.
Removing empty process `$paramod\emu_uart_rx\CLKS_PER_BIT=s32'00000000000000000000000000111100.$proc$/home/matthias/prog/janestreet/emulator-wt-hdmi-ulx3s/prototypes/fpga-ulx3s/rtl/emu_core.v:53$2890'.
Removing empty process `$paramod\emu_uart_rx\CLKS_PER_BIT=s32'00000000000000000000000000111100.$proc$/home/matthias/prog/janestreet/emulator-wt-hdmi-ulx3s/prototypes/fpga-ulx3s/rtl/emu_core.v:52$2889'.
Removing empty process `$paramod\emu_uart_rx\CLKS_PER_BIT=s32'00000000000000000000000000111100.$proc$/home/matthias/prog/janestreet/emulator-wt-hdmi-ulx3s/prototypes/fpga-ulx3s/rtl/emu_core.v:51$2888'.
Removing empty process `$paramod\emu_uart_rx\CLKS_PER_BIT=s32'00000000000000000000000000111100.$proc$/home/matthias/prog/janestreet/emulator-wt-hdmi-ulx3s/prototypes/fpga-ulx3s/rtl/emu_core.v:50$2887'.
Removing empty process `$paramod\emu_uart_rx\CLKS_PER_BIT=s32'00000000000000000000000000111100.$proc$/home/matthias/prog/janestreet/emulator-wt-hdmi-ulx3s/prototypes/fpga-ulx3s/rtl/emu_core.v:49$2886'.
Found and cleaned up 8 empty switches in `$paramod\emu_uart_rx\CLKS_PER_BIT=s32'00000000000000000000000000111100.$proc$/home/matthias/prog/janestreet/emulator-wt-hdmi-ulx3s/prototypes/fpga-ulx3s/rtl/emu_core.v:54$2878'.
Removing empty process `$paramod\emu_uart_rx\CLKS_PER_BIT=s32'00000000000000000000000000111100.$proc$/home/matthias/prog/janestreet/emulator-wt-hdmi-ulx3s/prototypes/fpga-ulx3s/rtl/emu_core.v:54$2878'.
Removing empty process `$paramod\emu_uart_tx\CLKS_PER_BIT=s32'00000000000000000000000000111100.$proc$/home/matthias/prog/janestreet/emulator-wt-hdmi-ulx3s/prototypes/fpga-ulx3s/rtl/emu_core.v:87$2877'.
Removing empty process `$paramod\emu_uart_tx\CLKS_PER_BIT=s32'00000000000000000000000000111100.$proc$/home/matthias/prog/janestreet/emulator-wt-hdmi-ulx3s/prototypes/fpga-ulx3s/rtl/emu_core.v:85$2876'.
Removing empty process `$paramod\emu_uart_tx\CLKS_PER_BIT=s32'00000000000000000000000000111100.$proc$/home/matthias/prog/janestreet/emulator-wt-hdmi-ulx3s/prototypes/fpga-ulx3s/rtl/emu_core.v:84$2875'.
Removing empty process `$paramod\emu_uart_tx\CLKS_PER_BIT=s32'00000000000000000000000000111100.$proc$/home/matthias/prog/janestreet/emulator-wt-hdmi-ulx3s/prototypes/fpga-ulx3s/rtl/emu_core.v:83$2874'.
Removing empty process `$paramod\emu_uart_tx\CLKS_PER_BIT=s32'00000000000000000000000000111100.$proc$/home/matthias/prog/janestreet/emulator-wt-hdmi-ulx3s/prototypes/fpga-ulx3s/rtl/emu_core.v:82$2873'.
Found and cleaned up 5 empty switches in `$paramod\emu_uart_tx\CLKS_PER_BIT=s32'00000000000000000000000000111100.$proc$/home/matthias/prog/janestreet/emulator-wt-hdmi-ulx3s/prototypes/fpga-ulx3s/rtl/emu_core.v:88$2867'.
Removing empty process `$paramod\emu_uart_tx\CLKS_PER_BIT=s32'00000000000000000000000000111100.$proc$/home/matthias/prog/janestreet/emulator-wt-hdmi-ulx3s/prototypes/fpga-ulx3s/rtl/emu_core.v:88$2867'.
Removing empty process `$paramod$f0f0fce572715f47581e5f423d1d26af564f4623\emu_core.$proc$/home/matthias/prog/janestreet/emulator-wt-hdmi-ulx3s/prototypes/fpga-ulx3s/rtl/emu_core.v:417$3748'.
Removing empty process `$paramod$f0f0fce572715f47581e5f423d1d26af564f4623\emu_core.$proc$/home/matthias/prog/janestreet/emulator-wt-hdmi-ulx3s/prototypes/fpga-ulx3s/rtl/emu_core.v:416$3747'.
Removing empty process `$paramod$f0f0fce572715f47581e5f423d1d26af564f4623\emu_core.$proc$/home/matthias/prog/janestreet/emulator-wt-hdmi-ulx3s/prototypes/fpga-ulx3s/rtl/emu_core.v:415$3746'.
Removing empty process `$paramod$f0f0fce572715f47581e5f423d1d26af564f4623\emu_core.$proc$/home/matthias/prog/janestreet/emulator-wt-hdmi-ulx3s/prototypes/fpga-ulx3s/rtl/emu_core.v:414$3745'.
Removing empty process `$paramod$f0f0fce572715f47581e5f423d1d26af564f4623\emu_core.$proc$/home/matthias/prog/janestreet/emulator-wt-hdmi-ulx3s/prototypes/fpga-ulx3s/rtl/emu_core.v:413$3744'.
Removing empty process `$paramod$f0f0fce572715f47581e5f423d1d26af564f4623\emu_core.$proc$/home/matthias/prog/janestreet/emulator-wt-hdmi-ulx3s/prototypes/fpga-ulx3s/rtl/emu_core.v:412$3743'.
Removing empty process `$paramod$f0f0fce572715f47581e5f423d1d26af564f4623\emu_core.$proc$/home/matthias/prog/janestreet/emulator-wt-hdmi-ulx3s/prototypes/fpga-ulx3s/rtl/emu_core.v:411$3742'.
Removing empty process `$paramod$f0f0fce572715f47581e5f423d1d26af564f4623\emu_core.$proc$/home/matthias/prog/janestreet/emulator-wt-hdmi-ulx3s/prototypes/fpga-ulx3s/rtl/emu_core.v:410$3741'.
Removing empty process `$paramod$f0f0fce572715f47581e5f423d1d26af564f4623\emu_core.$proc$/home/matthias/prog/janestreet/emulator-wt-hdmi-ulx3s/prototypes/fpga-ulx3s/rtl/emu_core.v:397$3740'.
Removing empty process `$paramod$f0f0fce572715f47581e5f423d1d26af564f4623\emu_core.$proc$/home/matthias/prog/janestreet/emulator-wt-hdmi-ulx3s/prototypes/fpga-ulx3s/rtl/emu_core.v:396$3739'.
Removing empty process `$paramod$f0f0fce572715f47581e5f423d1d26af564f4623\emu_core.$proc$/home/matthias/prog/janestreet/emulator-wt-hdmi-ulx3s/prototypes/fpga-ulx3s/rtl/emu_core.v:395$3738'.
Removing empty process `$paramod$f0f0fce572715f47581e5f423d1d26af564f4623\emu_core.$proc$/home/matthias/prog/janestreet/emulator-wt-hdmi-ulx3s/prototypes/fpga-ulx3s/rtl/emu_core.v:394$3737'.
Removing empty process `$paramod$f0f0fce572715f47581e5f423d1d26af564f4623\emu_core.$proc$/home/matthias/prog/janestreet/emulator-wt-hdmi-ulx3s/prototypes/fpga-ulx3s/rtl/emu_core.v:384$3736'.
Removing empty process `$paramod$f0f0fce572715f47581e5f423d1d26af564f4623\emu_core.$proc$/home/matthias/prog/janestreet/emulator-wt-hdmi-ulx3s/prototypes/fpga-ulx3s/rtl/emu_core.v:384$3735'.
Removing empty process `$paramod$f0f0fce572715f47581e5f423d1d26af564f4623\emu_core.$proc$/home/matthias/prog/janestreet/emulator-wt-hdmi-ulx3s/prototypes/fpga-ulx3s/rtl/emu_core.v:362$3734'.
Removing empty process `$paramod$f0f0fce572715f47581e5f423d1d26af564f4623\emu_core.$proc$/home/matthias/prog/janestreet/emulator-wt-hdmi-ulx3s/prototypes/fpga-ulx3s/rtl/emu_core.v:344$3733'.
Removing empty process `$paramod$f0f0fce572715f47581e5f423d1d26af564f4623\emu_core.$proc$/home/matthias/prog/janestreet/emulator-wt-hdmi-ulx3s/prototypes/fpga-ulx3s/rtl/emu_core.v:343$3732'.
Removing empty process `$paramod$f0f0fce572715f47581e5f423d1d26af564f4623\emu_core.$proc$/home/matthias/prog/janestreet/emulator-wt-hdmi-ulx3s/prototypes/fpga-ulx3s/rtl/emu_core.v:342$3731'.
Removing empty process `$paramod$f0f0fce572715f47581e5f423d1d26af564f4623\emu_core.$proc$/home/matthias/prog/janestreet/emulator-wt-hdmi-ulx3s/prototypes/fpga-ulx3s/rtl/emu_core.v:341$3730'.
Removing empty process `$paramod$f0f0fce572715f47581e5f423d1d26af564f4623\emu_core.$proc$/home/matthias/prog/janestreet/emulator-wt-hdmi-ulx3s/prototypes/fpga-ulx3s/rtl/emu_core.v:340$3729'.
Removing empty process `$paramod$f0f0fce572715f47581e5f423d1d26af564f4623\emu_core.$proc$/home/matthias/prog/janestreet/emulator-wt-hdmi-ulx3s/prototypes/fpga-ulx3s/rtl/emu_core.v:338$3728'.
Removing empty process `$paramod$f0f0fce572715f47581e5f423d1d26af564f4623\emu_core.$proc$/home/matthias/prog/janestreet/emulator-wt-hdmi-ulx3s/prototypes/fpga-ulx3s/rtl/emu_core.v:286$3727'.
Removing empty process `$paramod$f0f0fce572715f47581e5f423d1d26af564f4623\emu_core.$proc$/home/matthias/prog/janestreet/emulator-wt-hdmi-ulx3s/prototypes/fpga-ulx3s/rtl/emu_core.v:286$3726'.
Removing empty process `$paramod$f0f0fce572715f47581e5f423d1d26af564f4623\emu_core.$proc$/home/matthias/prog/janestreet/emulator-wt-hdmi-ulx3s/prototypes/fpga-ulx3s/rtl/emu_core.v:285$3725'.
Removing empty process `$paramod$f0f0fce572715f47581e5f423d1d26af564f4623\emu_core.$proc$/home/matthias/prog/janestreet/emulator-wt-hdmi-ulx3s/prototypes/fpga-ulx3s/rtl/emu_core.v:284$3724'.
Removing empty process `$paramod$f0f0fce572715f47581e5f423d1d26af564f4623\emu_core.$proc$/home/matthias/prog/janestreet/emulator-wt-hdmi-ulx3s/prototypes/fpga-ulx3s/rtl/emu_core.v:284$3723'.
Removing empty process `$paramod$f0f0fce572715f47581e5f423d1d26af564f4623\emu_core.$proc$/home/matthias/prog/janestreet/emulator-wt-hdmi-ulx3s/prototypes/fpga-ulx3s/rtl/emu_core.v:275$3722'.
Removing empty process `$paramod$f0f0fce572715f47581e5f423d1d26af564f4623\emu_core.$proc$/home/matthias/prog/janestreet/emulator-wt-hdmi-ulx3s/prototypes/fpga-ulx3s/rtl/emu_core.v:274$3721'.
Removing empty process `$paramod$f0f0fce572715f47581e5f423d1d26af564f4623\emu_core.$proc$/home/matthias/prog/janestreet/emulator-wt-hdmi-ulx3s/prototypes/fpga-ulx3s/rtl/emu_core.v:274$3720'.
Removing empty process `$paramod$f0f0fce572715f47581e5f423d1d26af564f4623\emu_core.$proc$/home/matthias/prog/janestreet/emulator-wt-hdmi-ulx3s/prototypes/fpga-ulx3s/rtl/emu_core.v:274$3719'.
Removing empty process `$paramod$f0f0fce572715f47581e5f423d1d26af564f4623\emu_core.$proc$/home/matthias/prog/janestreet/emulator-wt-hdmi-ulx3s/prototypes/fpga-ulx3s/rtl/emu_core.v:272$3718'.
Removing empty process `$paramod$f0f0fce572715f47581e5f423d1d26af564f4623\emu_core.$proc$/home/matthias/prog/janestreet/emulator-wt-hdmi-ulx3s/prototypes/fpga-ulx3s/rtl/emu_core.v:243$3717'.
Removing empty process `$paramod$f0f0fce572715f47581e5f423d1d26af564f4623\emu_core.$proc$/home/matthias/prog/janestreet/emulator-wt-hdmi-ulx3s/prototypes/fpga-ulx3s/rtl/emu_core.v:242$3716'.
Removing empty process `$paramod$f0f0fce572715f47581e5f423d1d26af564f4623\emu_core.$proc$/home/matthias/prog/janestreet/emulator-wt-hdmi-ulx3s/prototypes/fpga-ulx3s/rtl/emu_core.v:241$3715'.
Removing empty process `$paramod$f0f0fce572715f47581e5f423d1d26af564f4623\emu_core.$proc$/home/matthias/prog/janestreet/emulator-wt-hdmi-ulx3s/prototypes/fpga-ulx3s/rtl/emu_core.v:241$3714'.
Removing empty process `$paramod$f0f0fce572715f47581e5f423d1d26af564f4623\emu_core.$proc$/home/matthias/prog/janestreet/emulator-wt-hdmi-ulx3s/prototypes/fpga-ulx3s/rtl/emu_core.v:212$3713'.
Removing empty process `$paramod$f0f0fce572715f47581e5f423d1d26af564f4623\emu_core.$proc$/home/matthias/prog/janestreet/emulator-wt-hdmi-ulx3s/prototypes/fpga-ulx3s/rtl/emu_core.v:212$3712'.
Removing empty process `$paramod$f0f0fce572715f47581e5f423d1d26af564f4623\emu_core.$proc$/home/matthias/prog/janestreet/emulator-wt-hdmi-ulx3s/prototypes/fpga-ulx3s/rtl/emu_core.v:192$3711'.
Removing empty process `$paramod$f0f0fce572715f47581e5f423d1d26af564f4623\emu_core.$proc$/home/matthias/prog/janestreet/emulator-wt-hdmi-ulx3s/prototypes/fpga-ulx3s/rtl/emu_core.v:192$3710'.
Removing empty process `$paramod$f0f0fce572715f47581e5f423d1d26af564f4623\emu_core.$proc$/home/matthias/prog/janestreet/emulator-wt-hdmi-ulx3s/prototypes/fpga-ulx3s/rtl/emu_core.v:191$3709'.
Removing empty process `$paramod$f0f0fce572715f47581e5f423d1d26af564f4623\emu_core.$proc$/home/matthias/prog/janestreet/emulator-wt-hdmi-ulx3s/prototypes/fpga-ulx3s/rtl/emu_core.v:185$3708'.
Removing empty process `$paramod$f0f0fce572715f47581e5f423d1d26af564f4623\emu_core.$proc$/home/matthias/prog/janestreet/emulator-wt-hdmi-ulx3s/prototypes/fpga-ulx3s/rtl/emu_core.v:170$3707'.
Removing empty process `$paramod$f0f0fce572715f47581e5f423d1d26af564f4623\emu_core.$proc$/home/matthias/prog/janestreet/emulator-wt-hdmi-ulx3s/prototypes/fpga-ulx3s/rtl/emu_core.v:166$3706'.
Removing empty process `$paramod$f0f0fce572715f47581e5f423d1d26af564f4623\emu_core.$proc$/home/matthias/prog/janestreet/emulator-wt-hdmi-ulx3s/prototypes/fpga-ulx3s/rtl/emu_core.v:165$3705'.
Removing empty process `$paramod$f0f0fce572715f47581e5f423d1d26af564f4623\emu_core.$proc$/home/matthias/prog/janestreet/emulator-wt-hdmi-ulx3s/prototypes/fpga-ulx3s/rtl/emu_core.v:165$3704'.
Removing empty process `$paramod$f0f0fce572715f47581e5f423d1d26af564f4623\emu_core.$proc$/home/matthias/prog/janestreet/emulator-wt-hdmi-ulx3s/prototypes/fpga-ulx3s/rtl/emu_core.v:152$3694'.
Removing empty process `$paramod$f0f0fce572715f47581e5f423d1d26af564f4623\emu_core.$proc$/home/matthias/prog/janestreet/emulator-wt-hdmi-ulx3s/prototypes/fpga-ulx3s/rtl/emu_core.v:391$3691'.
Removing empty process `$paramod$f0f0fce572715f47581e5f423d1d26af564f4623\emu_core.$proc$/home/matthias/prog/janestreet/emulator-wt-hdmi-ulx3s/prototypes/fpga-ulx3s/rtl/emu_core.v:390$3688'.
Removing empty process `$paramod$f0f0fce572715f47581e5f423d1d26af564f4623\emu_core.$proc$/home/matthias/prog/janestreet/emulator-wt-hdmi-ulx3s/prototypes/fpga-ulx3s/rtl/emu_core.v:390$3685'.
Removing empty process `$paramod$f0f0fce572715f47581e5f423d1d26af564f4623\emu_core.$proc$/home/matthias/prog/janestreet/emulator-wt-hdmi-ulx3s/prototypes/fpga-ulx3s/rtl/emu_core.v:390$3682'.
Removing empty process `$paramod$f0f0fce572715f47581e5f423d1d26af564f4623\emu_core.$proc$/home/matthias/prog/janestreet/emulator-wt-hdmi-ulx3s/prototypes/fpga-ulx3s/rtl/emu_core.v:389$3679'.
Removing empty process `$paramod$f0f0fce572715f47581e5f423d1d26af564f4623\emu_core.$proc$/home/matthias/prog/janestreet/emulator-wt-hdmi-ulx3s/prototypes/fpga-ulx3s/rtl/emu_core.v:389$3676'.
Removing empty process `$paramod$f0f0fce572715f47581e5f423d1d26af564f4623\emu_core.$proc$/home/matthias/prog/janestreet/emulator-wt-hdmi-ulx3s/prototypes/fpga-ulx3s/rtl/emu_core.v:389$3673'.
Removing empty process `$paramod$f0f0fce572715f47581e5f423d1d26af564f4623\emu_core.$proc$/home/matthias/prog/janestreet/emulator-wt-hdmi-ulx3s/prototypes/fpga-ulx3s/rtl/emu_core.v:372$3670'.
Removing empty process `$paramod$f0f0fce572715f47581e5f423d1d26af564f4623\emu_core.$proc$/home/matthias/prog/janestreet/emulator-wt-hdmi-ulx3s/prototypes/fpga-ulx3s/rtl/emu_core.v:372$3667'.
Removing empty process `$paramod$f0f0fce572715f47581e5f423d1d26af564f4623\emu_core.$proc$/home/matthias/prog/janestreet/emulator-wt-hdmi-ulx3s/prototypes/fpga-ulx3s/rtl/emu_core.v:371$3664'.
Removing empty process `$paramod$f0f0fce572715f47581e5f423d1d26af564f4623\emu_core.$proc$/home/matthias/prog/janestreet/emulator-wt-hdmi-ulx3s/prototypes/fpga-ulx3s/rtl/emu_core.v:371$3661'.
Removing empty process `$paramod$f0f0fce572715f47581e5f423d1d26af564f4623\emu_core.$proc$/home/matthias/prog/janestreet/emulator-wt-hdmi-ulx3s/prototypes/fpga-ulx3s/rtl/emu_core.v:365$3658'.
Removing empty process `$paramod$f0f0fce572715f47581e5f423d1d26af564f4623\emu_core.$proc$/home/matthias/prog/janestreet/emulator-wt-hdmi-ulx3s/prototypes/fpga-ulx3s/rtl/emu_core.v:364$3655'.
Removing empty process `$paramod$f0f0fce572715f47581e5f423d1d26af564f4623\emu_core.$proc$/home/matthias/prog/janestreet/emulator-wt-hdmi-ulx3s/prototypes/fpga-ulx3s/rtl/emu_core.v:157$3652'.
Removing empty process `$paramod$f0f0fce572715f47581e5f423d1d26af564f4623\emu_core.$proc$/home/matthias/prog/janestreet/emulator-wt-hdmi-ulx3s/prototypes/fpga-ulx3s/rtl/emu_core.v:157$3649'.
Removing empty process `$paramod$f0f0fce572715f47581e5f423d1d26af564f4623\emu_core.$proc$/home/matthias/prog/janestreet/emulator-wt-hdmi-ulx3s/prototypes/fpga-ulx3s/rtl/emu_core.v:157$3646'.
Removing empty process `$paramod$f0f0fce572715f47581e5f423d1d26af564f4623\emu_core.$proc$/home/matthias/prog/janestreet/emulator-wt-hdmi-ulx3s/prototypes/fpga-ulx3s/rtl/emu_core.v:157$3643'.
Removing empty process `$paramod$f0f0fce572715f47581e5f423d1d26af564f4623\emu_core.$proc$/home/matthias/prog/janestreet/emulator-wt-hdmi-ulx3s/prototypes/fpga-ulx3s/rtl/emu_core.v:254$3605'.
Found and cleaned up 18 empty switches in `$paramod$f0f0fce572715f47581e5f423d1d26af564f4623\emu_core.$proc$/home/matthias/prog/janestreet/emulator-wt-hdmi-ulx3s/prototypes/fpga-ulx3s/rtl/emu_core.v:427$3535'.
Removing empty process `$paramod$f0f0fce572715f47581e5f423d1d26af564f4623\emu_core.$proc$/home/matthias/prog/janestreet/emulator-wt-hdmi-ulx3s/prototypes/fpga-ulx3s/rtl/emu_core.v:427$3535'.
Found and cleaned up 4 empty switches in `$paramod$f0f0fce572715f47581e5f423d1d26af564f4623\emu_core.$proc$/home/matthias/prog/janestreet/emulator-wt-hdmi-ulx3s/prototypes/fpga-ulx3s/rtl/emu_core.v:398$3519'.
Removing empty process `$paramod$f0f0fce572715f47581e5f423d1d26af564f4623\emu_core.$proc$/home/matthias/prog/janestreet/emulator-wt-hdmi-ulx3s/prototypes/fpga-ulx3s/rtl/emu_core.v:398$3519'.
Removing empty process `$paramod$f0f0fce572715f47581e5f423d1d26af564f4623\emu_core.$proc$/home/matthias/prog/janestreet/emulator-wt-hdmi-ulx3s/prototypes/fpga-ulx3s/rtl/emu_core.v:385$3517'.
Found and cleaned up 2 empty switches in `$paramod$f0f0fce572715f47581e5f423d1d26af564f4623\emu_core.$proc$/home/matthias/prog/janestreet/emulator-wt-hdmi-ulx3s/prototypes/fpga-ulx3s/rtl/emu_core.v:375$3511'.
Removing empty process `$paramod$f0f0fce572715f47581e5f423d1d26af564f4623\emu_core.$proc$/home/matthias/prog/janestreet/emulator-wt-hdmi-ulx3s/prototypes/fpga-ulx3s/rtl/emu_core.v:375$3511'.
Found and cleaned up 5 empty switches in `$paramod$f0f0fce572715f47581e5f423d1d26af564f4623\emu_core.$proc$/home/matthias/prog/janestreet/emulator-wt-hdmi-ulx3s/prototypes/fpga-ulx3s/rtl/emu_core.v:347$3490'.
Removing empty process `$paramod$f0f0fce572715f47581e5f423d1d26af564f4623\emu_core.$proc$/home/matthias/prog/janestreet/emulator-wt-hdmi-ulx3s/prototypes/fpga-ulx3s/rtl/emu_core.v:347$3490'.
Found and cleaned up 3 empty switches in `$paramod$f0f0fce572715f47581e5f423d1d26af564f4623\emu_core.$proc$/home/matthias/prog/janestreet/emulator-wt-hdmi-ulx3s/prototypes/fpga-ulx3s/rtl/emu_core.v:291$3463'.
Removing empty process `$paramod$f0f0fce572715f47581e5f423d1d26af564f4623\emu_core.$proc$/home/matthias/prog/janestreet/emulator-wt-hdmi-ulx3s/prototypes/fpga-ulx3s/rtl/emu_core.v:291$3463'.
Found and cleaned up 1 empty switch in `$paramod$f0f0fce572715f47581e5f423d1d26af564f4623\emu_core.$proc$/home/matthias/prog/janestreet/emulator-wt-hdmi-ulx3s/prototypes/fpga-ulx3s/rtl/emu_core.v:277$3451'.
Removing empty process `$paramod$f0f0fce572715f47581e5f423d1d26af564f4623\emu_core.$proc$/home/matthias/prog/janestreet/emulator-wt-hdmi-ulx3s/prototypes/fpga-ulx3s/rtl/emu_core.v:277$3451'.
Found and cleaned up 3 empty switches in `$paramod$f0f0fce572715f47581e5f423d1d26af564f4623\emu_core.$proc$/home/matthias/prog/janestreet/emulator-wt-hdmi-ulx3s/prototypes/fpga-ulx3s/rtl/emu_core.v:256$3428'.
Removing empty process `$paramod$f0f0fce572715f47581e5f423d1d26af564f4623\emu_core.$proc$/home/matthias/prog/janestreet/emulator-wt-hdmi-ulx3s/prototypes/fpga-ulx3s/rtl/emu_core.v:256$3428'.
Removing empty process `$paramod$f0f0fce572715f47581e5f423d1d26af564f4623\emu_core.$proc$/home/matthias/prog/janestreet/emulator-wt-hdmi-ulx3s/prototypes/fpga-ulx3s/rtl/emu_core.v:213$3408'.
Found and cleaned up 3 empty switches in `$paramod$f0f0fce572715f47581e5f423d1d26af564f4623\emu_core.$proc$/home/matthias/prog/janestreet/emulator-wt-hdmi-ulx3s/prototypes/fpga-ulx3s/rtl/emu_core.v:203$3407'.
Removing empty process `$paramod$f0f0fce572715f47581e5f423d1d26af564f4623\emu_core.$proc$/home/matthias/prog/janestreet/emulator-wt-hdmi-ulx3s/prototypes/fpga-ulx3s/rtl/emu_core.v:203$3407'.
Removing empty process `$paramod$f0f0fce572715f47581e5f423d1d26af564f4623\emu_core.$proc$/home/matthias/prog/janestreet/emulator-wt-hdmi-ulx3s/prototypes/fpga-ulx3s/rtl/emu_core.v:186$3398'.
Found and cleaned up 3 empty switches in `$paramod$f0f0fce572715f47581e5f423d1d26af564f4623\emu_core.$proc$/home/matthias/prog/janestreet/emulator-wt-hdmi-ulx3s/prototypes/fpga-ulx3s/rtl/emu_core.v:173$3378'.
Removing empty process `$paramod$f0f0fce572715f47581e5f423d1d26af564f4623\emu_core.$proc$/home/matthias/prog/janestreet/emulator-wt-hdmi-ulx3s/prototypes/fpga-ulx3s/rtl/emu_core.v:173$3378'.
Removing empty process `ulx3s_top.$proc$/home/matthias/prog/janestreet/emulator-wt-hdmi-ulx3s/prototypes/fpga-ulx3s/rtl/ulx3s_top.v:155$32'.
Removing empty process `ulx3s_top.$proc$/home/matthias/prog/janestreet/emulator-wt-hdmi-ulx3s/prototypes/fpga-ulx3s/rtl/ulx3s_top.v:93$31'.
Removing empty process `ulx3s_top.$proc$/home/matthias/prog/janestreet/emulator-wt-hdmi-ulx3s/prototypes/fpga-ulx3s/rtl/ulx3s_top.v:93$30'.
Removing empty process `ulx3s_top.$proc$/home/matthias/prog/janestreet/emulator-wt-hdmi-ulx3s/prototypes/fpga-ulx3s/rtl/ulx3s_top.v:70$29'.
Removing empty process `ulx3s_top.$proc$/home/matthias/prog/janestreet/emulator-wt-hdmi-ulx3s/prototypes/fpga-ulx3s/rtl/ulx3s_top.v:70$28'.
Removing empty process `ulx3s_top.$proc$/home/matthias/prog/janestreet/emulator-wt-hdmi-ulx3s/prototypes/fpga-ulx3s/rtl/ulx3s_top.v:156$12'.
Removing empty process `ulx3s_top.$proc$/home/matthias/prog/janestreet/emulator-wt-hdmi-ulx3s/prototypes/fpga-ulx3s/rtl/ulx3s_top.v:152$11'.
Removing empty process `ulx3s_top.$proc$/home/matthias/prog/janestreet/emulator-wt-hdmi-ulx3s/prototypes/fpga-ulx3s/rtl/ulx3s_top.v:73$4'.
Removing empty process `ulx3s_top.$proc$/home/matthias/prog/janestreet/emulator-wt-hdmi-ulx3s/prototypes/fpga-ulx3s/rtl/ulx3s_top.v:71$3'.
Cleaned up 229 empty switches.

12.4.12. Executing OPT_EXPR pass (perform const folding).
Optimizing module hdmi_serial_ddr.
<suppressed ~5 debug messages>
Optimizing module hdmi_pixel.
<suppressed ~21 debug messages>
Optimizing module pll_hdmi_ddr.
Optimizing module hdmi_out.
Optimizing module usb_fs_device.
<suppressed ~90 debug messages>
Optimizing module pin_sampler.
<suppressed ~8 debug messages>
Optimizing module pin_streamer.
<suppressed ~7 debug messages>
Optimizing module deadline_sequencer.
<suppressed ~16 debug messages>
Optimizing module pll_60_48.
Optimizing module $paramod\emu_uart_rx\CLKS_PER_BIT=s32'00000000000000000000000000111100.
<suppressed ~11 debug messages>
Optimizing module $paramod\emu_uart_tx\CLKS_PER_BIT=s32'00000000000000000000000000111100.
<suppressed ~6 debug messages>
Optimizing module $paramod$f0f0fce572715f47581e5f423d1d26af564f4623\emu_core.
<suppressed ~26 debug messages>
Optimizing module ulx3s_top.
<suppressed ~3 debug messages>

12.5. Executing CHECK pass (checking for obvious problems).
Checking module hdmi_serial_ddr...
Checking module hdmi_pixel...
Checking module pll_hdmi_ddr...
Checking module hdmi_out...
Checking module usb_fs_device...
Checking module pin_sampler...
Checking module pin_streamer...
Checking module deadline_sequencer...
Checking module pll_60_48...
Checking module $paramod\emu_uart_rx\CLKS_PER_BIT=s32'00000000000000000000000000111100...
Checking module $paramod\emu_uart_tx\CLKS_PER_BIT=s32'00000000000000000000000000111100...
Checking module $paramod$f0f0fce572715f47581e5f423d1d26af564f4623\emu_core...
Checking module ulx3s_top...
Found and reported 0 problems.

12.6. Executing FLATTEN pass (flatten design).
Deleting now unused module hdmi_serial_ddr.
Deleting now unused module hdmi_pixel.
Deleting now unused module pll_hdmi_ddr.
Deleting now unused module hdmi_out.
Deleting now unused module usb_fs_device.
Deleting now unused module pin_sampler.
Deleting now unused module pin_streamer.
Deleting now unused module deadline_sequencer.
Deleting now unused module pll_60_48.
Deleting now unused module $paramod\emu_uart_rx\CLKS_PER_BIT=s32'00000000000000000000000000111100.
Deleting now unused module $paramod\emu_uart_tx\CLKS_PER_BIT=s32'00000000000000000000000000111100.
Deleting now unused module $paramod$f0f0fce572715f47581e5f423d1d26af564f4623\emu_core.
<suppressed ~12 debug messages>

12.7. Executing TRIBUF pass.

12.8. Executing DEMINOUT pass (demote inout ports to input or output).

12.9. Executing OPT_EXPR pass (perform const folding).
Optimizing module ulx3s_top.
<suppressed ~79 debug messages>

12.10. Executing CHECK pass (checking for obvious problems).
Checking module ulx3s_top...
Found and reported 0 problems.

12.11. Executing OPT_CLEAN pass (remove unused cells and wires).
Finding unused cells or wires in module \ulx3s_top..
Removed 101 unused cells and 2632 unused wires.
<suppressed ~154 debug messages>

12.12. Executing OPT pass (performing simple optimizations).

12.12.1. Executing OPT_EXPR pass (perform const folding).
Optimizing module ulx3s_top.

12.12.2. Executing OPT_MERGE pass (detect identical cells).
Finding identical cells in module `\ulx3s_top'.
Computing hashes of 2565 cells of `\ulx3s_top'.
Finding duplicate cells in `\ulx3s_top'.
Computing hashes of 2228 cells of `\ulx3s_top'.
Finding duplicate cells in `\ulx3s_top'.
Computing hashes of 2224 cells of `\ulx3s_top'.
Finding duplicate cells in `\ulx3s_top'.
<suppressed ~1023 debug messages>
Removed a total of 341 cells.

12.12.3. Executing OPT_MUXTREE pass (detect dead branches in mux trees).
Running muxtree optimizer on module \ulx3s_top..
  Creating internal representation of mux trees.
  Evaluating internal representation of mux trees.
      Replacing known input bits on port B of cell $flatten\usb.$ternary$/home/matthias/prog/janestreet/emulator-wt-hdmi-ulx3s/prototypes/fpga-ulx3s/rtl/gen/usb_fs_device.v:2489$1524: \usb._643 -> 1'1
      Replacing known input bits on port B of cell $flatten\core.\urx.$procmux$4372: \core.urx.busy -> 1'1
      Replacing known input bits on port A of cell $flatten\core.\urx.$procmux$4367: \core.urx.busy -> 1'1
      Replacing known input bits on port B of cell $flatten\core.\urx.$procmux$4364: \core.urx.busy -> 1'1
      Replacing known input bits on port B of cell $flatten\core.\urx.$procmux$4375: \core.urx.busy -> 1'0
      Replacing known input bits on port B of cell $flatten\core.\utx.$procmux$4403: \core.utx.act -> 1'1
      Replacing known input bits on port A of cell $flatten\core.\utx.$procmux$4400: \core.utx.act -> 1'1
      Replacing known input bits on port A of cell $flatten\core.\utx.$procmux$4406: \core.utx.act -> 1'0
      Replacing known input bits on port B of cell $flatten\hdmi.$ternary$/home/matthias/prog/janestreet/emulator-wt-hdmi-ulx3s/prototypes/fpga-ulx3s/../hdmi-ulx3s/rtl/hdmi_out.v:26$1834: \hdmi.por_pix -> { 1'1 \hdmi.por_pix [3:0] }
      Replacing known input bits on port B of cell $flatten\hdmi.$ternary$/home/matthias/prog/janestreet/emulator-wt-hdmi-ulx3s/prototypes/fpga-ulx3s/../hdmi-ulx3s/rtl/hdmi_out.v:30$1838: \hdmi.por_bit -> { 1'1 \hdmi.por_bit [3:0] }
  Analyzing evaluation results.
    dead port 2/2 on $mux $flatten\core.$procmux$4483.
    dead port 1/2 on $mux $flatten\core.$procmux$4486.
    dead port 2/2 on $mux $flatten\core.$procmux$4504.
    dead port 1/2 on $mux $flatten\core.$procmux$4507.
    dead port 2/2 on $mux $flatten\core.$procmux$4525.
    dead port 1/2 on $mux $flatten\core.$procmux$4528.
    dead port 2/2 on $mux $flatten\core.$procmux$4548.
    dead port 1/2 on $mux $flatten\core.$procmux$4551.
    dead port 2/2 on $mux $flatten\core.$procmux$4571.
    dead port 1/2 on $mux $flatten\core.$procmux$4574.
    dead port 2/2 on $mux $flatten\core.$procmux$4594.
    dead port 1/2 on $mux $flatten\core.$procmux$4597.
    dead port 2/2 on $mux $flatten\core.$procmux$4646.
    dead port 2/2 on $mux $flatten\core.$procmux$4648.
    dead port 1/2 on $mux $flatten\core.$procmux$4651.
    dead port 1/2 on $mux $flatten\core.$procmux$4805.
    dead port 1/2 on $mux $flatten\core.$procmux$4819.
    dead port 1/2 on $mux $flatten\core.$procmux$4833.
    dead port 1/2 on $mux $flatten\core.$procmux$4847.
    dead port 1/2 on $mux $flatten\core.$procmux$4861.
    dead port 1/2 on $mux $flatten\core.$procmux$4875.
    dead port 1/2 on $mux $flatten\core.$procmux$5433.
    dead port 1/2 on $mux $flatten\core.$procmux$5439.
    dead port 1/2 on $mux $flatten\core.$procmux$5445.
    dead port 1/2 on $mux $flatten\core.$procmux$5526.
    dead port 1/2 on $mux $flatten\core.$procmux$5532.
    dead port 1/2 on $mux $flatten\core.$procmux$5538.
Removed 27 multiplexer ports.
<suppressed ~2018 debug messages>

12.12.4. Executing OPT_REDUCE pass (consolidate $*mux and $reduce_* inputs).
  Optimizing cells in module \ulx3s_top.
    Consolidated identical input bits for $mux cell $flatten\core.$procmux$4481:
      Old ports: A=20'00000000000000000000, B=20'11111111111111111111, Y=$flatten\core.$procmux$4481_Y
      New ports: A=1'0, B=1'1, Y=$flatten\core.$procmux$4481_Y [0]
      New connections: $flatten\core.$procmux$4481_Y [19:1] = { $flatten\core.$procmux$4481_Y [0] $flatten\core.$procmux$4481_Y [0] $flatten\core.$procmux$4481_Y [0] $flatten\core.$procmux$4481_Y [0] $flatten\core.$procmux$4481_Y [0] $flatten\core.$procmux$4481_Y [0] $flatten\core.$procmux$4481_Y [0] $flatten\core.$procmux$4481_Y [0] $flatten\core.$procmux$4481_Y [0] $flatten\core.$procmux$4481_Y [0] $flatten\core.$procmux$4481_Y [0] $flatten\core.$procmux$4481_Y [0] $flatten\core.$procmux$4481_Y [0] $flatten\core.$procmux$4481_Y [0] $flatten\core.$procmux$4481_Y [0] $flatten\core.$procmux$4481_Y [0] $flatten\core.$procmux$4481_Y [0] $flatten\core.$procmux$4481_Y [0] $flatten\core.$procmux$4481_Y [0] }
    Consolidated identical input bits for $mux cell $flatten\core.$procmux$4546:
      Old ports: A=16'0000000000000000, B=16'1111111111111111, Y=$flatten\core.$procmux$4546_Y
      New ports: A=1'0, B=1'1, Y=$flatten\core.$procmux$4546_Y [0]
      New connections: $flatten\core.$procmux$4546_Y [15:1] = { $flatten\core.$procmux$4546_Y [0] $flatten\core.$procmux$4546_Y [0] $flatten\core.$procmux$4546_Y [0] $flatten\core.$procmux$4546_Y [0] $flatten\core.$procmux$4546_Y [0] $flatten\core.$procmux$4546_Y [0] $flatten\core.$procmux$4546_Y [0] $flatten\core.$procmux$4546_Y [0] $flatten\core.$procmux$4546_Y [0] $flatten\core.$procmux$4546_Y [0] $flatten\core.$procmux$4546_Y [0] $flatten\core.$procmux$4546_Y [0] $flatten\core.$procmux$4546_Y [0] $flatten\core.$procmux$4546_Y [0] $flatten\core.$procmux$4546_Y [0] }
    New ctrl vector for $pmux cell $flatten\core.$procmux$4612: { $auto$opt_reduce.cc:137:opt_pmux$5895 $flatten\core.$procmux$4614_CMP $flatten\core.$procmux$4615_CMP $flatten\core.$procmux$4616_CMP $flatten\core.$procmux$4617_CMP }
    New ctrl vector for $pmux cell $flatten\core.$procmux$4639: { $auto$opt_reduce.cc:137:opt_pmux$5897 $flatten\core.$procmux$4614_CMP $flatten\core.$procmux$4615_CMP $flatten\core.$procmux$4616_CMP $flatten\core.$procmux$4617_CMP }
    New ctrl vector for $pmux cell $flatten\core.$procmux$5001: $auto$opt_reduce.cc:137:opt_pmux$5899
    New ctrl vector for $pmux cell $flatten\core.$procmux$5057: { $flatten\core.$procmux$5027_CMP $flatten\core.$procmux$4986_CMP $flatten\core.$procmux$4987_CMP $flatten\core.$procmux$5033_CMP $auto$opt_reduce.cc:137:opt_pmux$5901 $flatten\core.$procmux$4923_CMP $flatten\core.$eq$/home/matthias/prog/janestreet/emulator-wt-hdmi-ulx3s/prototypes/fpga-ulx3s/rtl/emu_core.v:488$3599_Y $flatten\core.$procmux$5035_CMP }
    New ctrl vector for $pmux cell $flatten\core.$procmux$5137: { $auto$opt_reduce.cc:137:opt_pmux$5903 $flatten\core.$procmux$5139_CMP $flatten\core.$procmux$5143_CMP $flatten\core.$procmux$5147_CMP $flatten\core.$procmux$5151_CMP $flatten\core.$procmux$4969_CMP $flatten\core.$procmux$4982_CMP $flatten\core.$procmux$4484_CMP $flatten\core.$procmux$5088_CMP $flatten\core.$procmux$4622_CMP }
    Consolidated identical input bits for $mux cell $flatten\core.$procmux$5374:
      Old ports: A=20'00000000000000000000, B=20'11111111111111111111, Y=$flatten\core.$0$memwr$\cap$/home/matthias/prog/janestreet/emulator-wt-hdmi-ulx3s/prototypes/fpga-ulx3s/rtl/emu_core.v:399$3358_EN[19:0]$3522
      New ports: A=1'0, B=1'1, Y=$flatten\core.$0$memwr$\cap$/home/matthias/prog/janestreet/emulator-wt-hdmi-ulx3s/prototypes/fpga-ulx3s/rtl/emu_core.v:399$3358_EN[19:0]$3522 [0]
      New connections: $flatten\core.$0$memwr$\cap$/home/matthias/prog/janestreet/emulator-wt-hdmi-ulx3s/prototypes/fpga-ulx3s/rtl/emu_core.v:399$3358_EN[19:0]$3522 [19:1] = { $flatten\core.$0$memwr$\cap$/home/matthias/prog/janestreet/emulator-wt-hdmi-ulx3s/prototypes/fpga-ulx3s/rtl/emu_core.v:399$3358_EN[19:0]$3522 [0] $flatten\core.$0$memwr$\cap$/home/matthias/prog/janestreet/emulator-wt-hdmi-ulx3s/prototypes/fpga-ulx3s/rtl/emu_core.v:399$3358_EN[19:0]$3522 [0] $flatten\core.$0$memwr$\cap$/home/matthias/prog/janestreet/emulator-wt-hdmi-ulx3s/prototypes/fpga-ulx3s/rtl/emu_core.v:399$3358_EN[19:0]$3522 [0] $flatten\core.$0$memwr$\cap$/home/matthias/prog/janestreet/emulator-wt-hdmi-ulx3s/prototypes/fpga-ulx3s/rtl/emu_core.v:399$3358_EN[19:0]$3522 [0] $flatten\core.$0$memwr$\cap$/home/matthias/prog/janestreet/emulator-wt-hdmi-ulx3s/prototypes/fpga-ulx3s/rtl/emu_core.v:399$3358_EN[19:0]$3522 [0] $flatten\core.$0$memwr$\cap$/home/matthias/prog/janestreet/emulator-wt-hdmi-ulx3s/prototypes/fpga-ulx3s/rtl/emu_core.v:399$3358_EN[19:0]$3522 [0] $flatten\core.$0$memwr$\cap$/home/matthias/prog/janestreet/emulator-wt-hdmi-ulx3s/prototypes/fpga-ulx3s/rtl/emu_core.v:399$3358_EN[19:0]$3522 [0] $flatten\core.$0$memwr$\cap$/home/matthias/prog/janestreet/emulator-wt-hdmi-ulx3s/prototypes/fpga-ulx3s/rtl/emu_core.v:399$3358_EN[19:0]$3522 [0] $flatten\core.$0$memwr$\cap$/home/matthias/prog/janestreet/emulator-wt-hdmi-ulx3s/prototypes/fpga-ulx3s/rtl/emu_core.v:399$3358_EN[19:0]$3522 [0] $flatten\core.$0$memwr$\cap$/home/matthias/prog/janestreet/emulator-wt-hdmi-ulx3s/prototypes/fpga-ulx3s/rtl/emu_core.v:399$3358_EN[19:0]$3522 [0] $flatten\core.$0$memwr$\cap$/home/matthias/prog/janestreet/emulator-wt-hdmi-ulx3s/prototypes/fpga-ulx3s/rtl/emu_core.v:399$3358_EN[19:0]$3522 [0] $flatten\core.$0$memwr$\cap$/home/matthias/prog/janestreet/emulator-wt-hdmi-ulx3s/prototypes/fpga-ulx3s/rtl/emu_core.v:399$3358_EN[19:0]$3522 [0] $flatten\core.$0$memwr$\cap$/home/matthias/prog/janestreet/emulator-wt-hdmi-ulx3s/prototypes/fpga-ulx3s/rtl/emu_core.v:399$3358_EN[19:0]$3522 [0] $flatten\core.$0$memwr$\cap$/home/matthias/prog/janestreet/emulator-wt-hdmi-ulx3s/prototypes/fpga-ulx3s/rtl/emu_core.v:399$3358_EN[19:0]$3522 [0] $flatten\core.$0$memwr$\cap$/home/matthias/prog/janestreet/emulator-wt-hdmi-ulx3s/prototypes/fpga-ulx3s/rtl/emu_core.v:399$3358_EN[19:0]$3522 [0] $flatten\core.$0$memwr$\cap$/home/matthias/prog/janestreet/emulator-wt-hdmi-ulx3s/prototypes/fpga-ulx3s/rtl/emu_core.v:399$3358_EN[19:0]$3522 [0] $flatten\core.$0$memwr$\cap$/home/matthias/prog/janestreet/emulator-wt-hdmi-ulx3s/prototypes/fpga-ulx3s/rtl/emu_core.v:399$3358_EN[19:0]$3522 [0] $flatten\core.$0$memwr$\cap$/home/matthias/prog/janestreet/emulator-wt-hdmi-ulx3s/prototypes/fpga-ulx3s/rtl/emu_core.v:399$3358_EN[19:0]$3522 [0] $flatten\core.$0$memwr$\cap$/home/matthias/prog/janestreet/emulator-wt-hdmi-ulx3s/prototypes/fpga-ulx3s/rtl/emu_core.v:399$3358_EN[19:0]$3522 [0] }
    Consolidated identical input bits for $mux cell $flatten\core.$procmux$5395:
      Old ports: A=144'000000000000000000000000000000000000000000000000000000000000000000000000000000000000000000000000000000000000000000000000000000000000000000000000, B=144'111111111111111111111111111111111111111111111111111111111111111111111111111111111111111111111111111111111111111111111111111111111111111111111111, Y=$flatten\core.$0$memwr$\trace$/home/matthias/prog/janestreet/emulator-wt-hdmi-ulx3s/prototypes/fpga-ulx3s/rtl/emu_core.v:349$3355_EN[143:0]$3493
      New ports: A=1'0, B=1'1, Y=$flatten\core.$0$memwr$\trace$/home/matthias/prog/janestreet/emulator-wt-hdmi-ulx3s/prototypes/fpga-ulx3s/rtl/emu_core.v:349$3355_EN[143:0]$3493 [0]
      New connections: $flatten\core.$0$memwr$\trace$/home/matthias/prog/janestreet/emulator-wt-hdmi-ulx3s/prototypes/fpga-ulx3s/rtl/emu_core.v:349$3355_EN[143:0]$3493 [143:1] = { $flatten\core.$0$memwr$\trace$/home/matthias/prog/janestreet/emulator-wt-hdmi-ulx3s/prototypes/fpga-ulx3s/rtl/emu_core.v:349$3355_EN[143:0]$3493 [0] $flatten\core.$0$memwr$\trace$/home/matthias/prog/janestreet/emulator-wt-hdmi-ulx3s/prototypes/fpga-ulx3s/rtl/emu_core.v:349$3355_EN[143:0]$3493 [0] $flatten\core.$0$memwr$\trace$/home/matthias/prog/janestreet/emulator-wt-hdmi-ulx3s/prototypes/fpga-ulx3s/rtl/emu_core.v:349$3355_EN[143:0]$3493 [0] $flatten\core.$0$memwr$\trace$/home/matthias/prog/janestreet/emulator-wt-hdmi-ulx3s/prototypes/fpga-ulx3s/rtl/emu_core.v:349$3355_EN[143:0]$3493 [0] $flatten\core.$0$memwr$\trace$/home/matthias/prog/janestreet/emulator-wt-hdmi-ulx3s/prototypes/fpga-ulx3s/rtl/emu_core.v:349$3355_EN[143:0]$3493 [0] $flatten\core.$0$memwr$\trace$/home/matthias/prog/janestreet/emulator-wt-hdmi-ulx3s/prototypes/fpga-ulx3s/rtl/emu_core.v:349$3355_EN[143:0]$3493 [0] $flatten\core.$0$memwr$\trace$/home/matthias/prog/janestreet/emulator-wt-hdmi-ulx3s/prototypes/fpga-ulx3s/rtl/emu_core.v:349$3355_EN[143:0]$3493 [0] $flatten\core.$0$memwr$\trace$/home/matthias/prog/janestreet/emulator-wt-hdmi-ulx3s/prototypes/fpga-ulx3s/rtl/emu_core.v:349$3355_EN[143:0]$3493 [0] $flatten\core.$0$memwr$\trace$/home/matthias/prog/janestreet/emulator-wt-hdmi-ulx3s/prototypes/fpga-ulx3s/rtl/emu_core.v:349$3355_EN[143:0]$3493 [0] $flatten\core.$0$memwr$\trace$/home/matthias/prog/janestreet/emulator-wt-hdmi-ulx3s/prototypes/fpga-ulx3s/rtl/emu_core.v:349$3355_EN[143:0]$3493 [0] $flatten\core.$0$memwr$\trace$/home/matthias/prog/janestreet/emulator-wt-hdmi-ulx3s/prototypes/fpga-ulx3s/rtl/emu_core.v:349$3355_EN[143:0]$3493 [0] $flatten\core.$0$memwr$\trace$/home/matthias/prog/janestreet/emulator-wt-hdmi-ulx3s/prototypes/fpga-ulx3s/rtl/emu_core.v:349$3355_EN[143:0]$3493 [0] $flatten\core.$0$memwr$\trace$/home/matthias/prog/janestreet/emulator-wt-hdmi-ulx3s/prototypes/fpga-ulx3s/rtl/emu_core.v:349$3355_EN[143:0]$3493 [0] $flatten\core.$0$memwr$\trace$/home/matthias/prog/janestreet/emulator-wt-hdmi-ulx3s/prototypes/fpga-ulx3s/rtl/emu_core.v:349$3355_EN[143:0]$3493 [0] $flatten\core.$0$memwr$\trace$/home/matthias/prog/janestreet/emulator-wt-hdmi-ulx3s/prototypes/fpga-ulx3s/rtl/emu_core.v:349$3355_EN[143:0]$3493 [0] $flatten\core.$0$memwr$\trace$/home/matthias/prog/janestreet/emulator-wt-hdmi-ulx3s/prototypes/fpga-ulx3s/rtl/emu_core.v:349$3355_EN[143:0]$3493 [0] $flatten\core.$0$memwr$\trace$/home/matthias/prog/janestreet/emulator-wt-hdmi-ulx3s/prototypes/fpga-ulx3s/rtl/emu_core.v:349$3355_EN[143:0]$3493 [0] $flatten\core.$0$memwr$\trace$/home/matthias/prog/janestreet/emulator-wt-hdmi-ulx3s/prototypes/fpga-ulx3s/rtl/emu_core.v:349$3355_EN[143:0]$3493 [0] $flatten\core.$0$memwr$\trace$/home/matthias/prog/janestreet/emulator-wt-hdmi-ulx3s/prototypes/fpga-ulx3s/rtl/emu_core.v:349$3355_EN[143:0]$3493 [0] $flatten\core.$0$memwr$\trace$/home/matthias/prog/janestreet/emulator-wt-hdmi-ulx3s/prototypes/fpga-ulx3s/rtl/emu_core.v:349$3355_EN[143:0]$3493 [0] $flatten\core.$0$memwr$\trace$/home/matthias/prog/janestreet/emulator-wt-hdmi-ulx3s/prototypes/fpga-ulx3s/rtl/emu_core.v:349$3355_EN[143:0]$3493 [0] $flatten\core.$0$memwr$\trace$/home/matthias/prog/janestreet/emulator-wt-hdmi-ulx3s/prototypes/fpga-ulx3s/rtl/emu_core.v:349$3355_EN[143:0]$3493 [0] $flatten\core.$0$memwr$\trace$/home/matthias/prog/janestreet/emulator-wt-hdmi-ulx3s/prototypes/fpga-ulx3s/rtl/emu_core.v:349$3355_EN[143:0]$3493 [0] $flatten\core.$0$memwr$\trace$/home/matthias/prog/janestreet/emulator-wt-hdmi-ulx3s/prototypes/fpga-ulx3s/rtl/emu_core.v:349$3355_EN[143:0]$3493 [0] $flatten\core.$0$memwr$\trace$/home/matthias/prog/janestreet/emulator-wt-hdmi-ulx3s/prototypes/fpga-ulx3s/rtl/emu_core.v:349$3355_EN[143:0]$3493 [0] $flatten\core.$0$memwr$\trace$/home/matthias/prog/janestreet/emulator-wt-hdmi-ulx3s/prototypes/fpga-ulx3s/rtl/emu_core.v:349$3355_EN[143:0]$3493 [0] $flatten\core.$0$memwr$\trace$/home/matthias/prog/janestreet/emulator-wt-hdmi-ulx3s/prototypes/fpga-ulx3s/rtl/emu_core.v:349$3355_EN[143:0]$3493 [0] $flatten\core.$0$memwr$\trace$/home/matthias/prog/janestreet/emulator-wt-hdmi-ulx3s/prototypes/fpga-ulx3s/rtl/emu_core.v:349$3355_EN[143:0]$3493 [0] $flatten\core.$0$memwr$\trace$/home/matthias/prog/janestreet/emulator-wt-hdmi-ulx3s/prototypes/fpga-ulx3s/rtl/emu_core.v:349$3355_EN[143:0]$3493 [0] $flatten\core.$0$memwr$\trace$/home/matthias/prog/janestreet/emulator-wt-hdmi-ulx3s/prototypes/fpga-ulx3s/rtl/emu_core.v:349$3355_EN[143:0]$3493 [0] $flatten\core.$0$memwr$\trace$/home/matthias/prog/janestreet/emulator-wt-hdmi-ulx3s/prototypes/fpga-ulx3s/rtl/emu_core.v:349$3355_EN[143:0]$3493 [0] $flatten\core.$0$memwr$\trace$/home/matthias/prog/janestreet/emulator-wt-hdmi-ulx3s/prototypes/fpga-ulx3s/rtl/emu_core.v:349$3355_EN[143:0]$3493 [0] $flatten\core.$0$memwr$\trace$/home/matthias/prog/janestreet/emulator-wt-hdmi-ulx3s/prototypes/fpga-ulx3s/rtl/emu_core.v:349$3355_EN[143:0]$3493 [0] $flatten\core.$0$memwr$\trace$/home/matthias/prog/janestreet/emulator-wt-hdmi-ulx3s/prototypes/fpga-ulx3s/rtl/emu_core.v:349$3355_EN[143:0]$3493 [0] $flatten\core.$0$memwr$\trace$/home/matthias/prog/janestreet/emulator-wt-hdmi-ulx3s/prototypes/fpga-ulx3s/rtl/emu_core.v:349$3355_EN[143:0]$3493 [0] $flatten\core.$0$memwr$\trace$/home/matthias/prog/janestreet/emulator-wt-hdmi-ulx3s/prototypes/fpga-ulx3s/rtl/emu_core.v:349$3355_EN[143:0]$3493 [0] $flatten\core.$0$memwr$\trace$/home/matthias/prog/janestreet/emulator-wt-hdmi-ulx3s/prototypes/fpga-ulx3s/rtl/emu_core.v:349$3355_EN[143:0]$3493 [0] $flatten\core.$0$memwr$\trace$/home/matthias/prog/janestreet/emulator-wt-hdmi-ulx3s/prototypes/fpga-ulx3s/rtl/emu_core.v:349$3355_EN[143:0]$3493 [0] $flatten\core.$0$memwr$\trace$/home/matthias/prog/janestreet/emulator-wt-hdmi-ulx3s/prototypes/fpga-ulx3s/rtl/emu_core.v:349$3355_EN[143:0]$3493 [0] $flatten\core.$0$memwr$\trace$/home/matthias/prog/janestreet/emulator-wt-hdmi-ulx3s/prototypes/fpga-ulx3s/rtl/emu_core.v:349$3355_EN[143:0]$3493 [0] $flatten\core.$0$memwr$\trace$/home/matthias/prog/janestreet/emulator-wt-hdmi-ulx3s/prototypes/fpga-ulx3s/rtl/emu_core.v:349$3355_EN[143:0]$3493 [0] $flatten\core.$0$memwr$\trace$/home/matthias/prog/janestreet/emulator-wt-hdmi-ulx3s/prototypes/fpga-ulx3s/rtl/emu_core.v:349$3355_EN[143:0]$3493 [0] $flatten\core.$0$memwr$\trace$/home/matthias/prog/janestreet/emulator-wt-hdmi-ulx3s/prototypes/fpga-ulx3s/rtl/emu_core.v:349$3355_EN[143:0]$3493 [0] $flatten\core.$0$memwr$\trace$/home/matthias/prog/janestreet/emulator-wt-hdmi-ulx3s/prototypes/fpga-ulx3s/rtl/emu_core.v:349$3355_EN[143:0]$3493 [0] $flatten\core.$0$memwr$\trace$/home/matthias/prog/janestreet/emulator-wt-hdmi-ulx3s/prototypes/fpga-ulx3s/rtl/emu_core.v:349$3355_EN[143:0]$3493 [0] $flatten\core.$0$memwr$\trace$/home/matthias/prog/janestreet/emulator-wt-hdmi-ulx3s/prototypes/fpga-ulx3s/rtl/emu_core.v:349$3355_EN[143:0]$3493 [0] $flatten\core.$0$memwr$\trace$/home/matthias/prog/janestreet/emulator-wt-hdmi-ulx3s/prototypes/fpga-ulx3s/rtl/emu_core.v:349$3355_EN[143:0]$3493 [0] $flatten\core.$0$memwr$\trace$/home/matthias/prog/janestreet/emulator-wt-hdmi-ulx3s/prototypes/fpga-ulx3s/rtl/emu_core.v:349$3355_EN[143:0]$3493 [0] $flatten\core.$0$memwr$\trace$/home/matthias/prog/janestreet/emulator-wt-hdmi-ulx3s/prototypes/fpga-ulx3s/rtl/emu_core.v:349$3355_EN[143:0]$3493 [0] $flatten\core.$0$memwr$\trace$/home/matthias/prog/janestreet/emulator-wt-hdmi-ulx3s/prototypes/fpga-ulx3s/rtl/emu_core.v:349$3355_EN[143:0]$3493 [0] $flatten\core.$0$memwr$\trace$/home/matthias/prog/janestreet/emulator-wt-hdmi-ulx3s/prototypes/fpga-ulx3s/rtl/emu_core.v:349$3355_EN[143:0]$3493 [0] $flatten\core.$0$memwr$\trace$/home/matthias/prog/janestreet/emulator-wt-hdmi-ulx3s/prototypes/fpga-ulx3s/rtl/emu_core.v:349$3355_EN[143:0]$3493 [0] $flatten\core.$0$memwr$\trace$/home/matthias/prog/janestreet/emulator-wt-hdmi-ulx3s/prototypes/fpga-ulx3s/rtl/emu_core.v:349$3355_EN[143:0]$3493 [0] $flatten\core.$0$memwr$\trace$/home/matthias/prog/janestreet/emulator-wt-hdmi-ulx3s/prototypes/fpga-ulx3s/rtl/emu_core.v:349$3355_EN[143:0]$3493 [0] $flatten\core.$0$memwr$\trace$/home/matthias/prog/janestreet/emulator-wt-hdmi-ulx3s/prototypes/fpga-ulx3s/rtl/emu_core.v:349$3355_EN[143:0]$3493 [0] $flatten\core.$0$memwr$\trace$/home/matthias/prog/janestreet/emulator-wt-hdmi-ulx3s/prototypes/fpga-ulx3s/rtl/emu_core.v:349$3355_EN[143:0]$3493 [0] $flatten\core.$0$memwr$\trace$/home/matthias/prog/janestreet/emulator-wt-hdmi-ulx3s/prototypes/fpga-ulx3s/rtl/emu_core.v:349$3355_EN[143:0]$3493 [0] $flatten\core.$0$memwr$\trace$/home/matthias/prog/janestreet/emulator-wt-hdmi-ulx3s/prototypes/fpga-ulx3s/rtl/emu_core.v:349$3355_EN[143:0]$3493 [0] $flatten\core.$0$memwr$\trace$/home/matthias/prog/janestreet/emulator-wt-hdmi-ulx3s/prototypes/fpga-ulx3s/rtl/emu_core.v:349$3355_EN[143:0]$3493 [0] $flatten\core.$0$memwr$\trace$/home/matthias/prog/janestreet/emulator-wt-hdmi-ulx3s/prototypes/fpga-ulx3s/rtl/emu_core.v:349$3355_EN[143:0]$3493 [0] $flatten\core.$0$memwr$\trace$/home/matthias/prog/janestreet/emulator-wt-hdmi-ulx3s/prototypes/fpga-ulx3s/rtl/emu_core.v:349$3355_EN[143:0]$3493 [0] $flatten\core.$0$memwr$\trace$/home/matthias/prog/janestreet/emulator-wt-hdmi-ulx3s/prototypes/fpga-ulx3s/rtl/emu_core.v:349$3355_EN[143:0]$3493 [0] $flatten\core.$0$memwr$\trace$/home/matthias/prog/janestreet/emulator-wt-hdmi-ulx3s/prototypes/fpga-ulx3s/rtl/emu_core.v:349$3355_EN[143:0]$3493 [0] $flatten\core.$0$memwr$\trace$/home/matthias/prog/janestreet/emulator-wt-hdmi-ulx3s/prototypes/fpga-ulx3s/rtl/emu_core.v:349$3355_EN[143:0]$3493 [0] $flatten\core.$0$memwr$\trace$/home/matthias/prog/janestreet/emulator-wt-hdmi-ulx3s/prototypes/fpga-ulx3s/rtl/emu_core.v:349$3355_EN[143:0]$3493 [0] $flatten\core.$0$memwr$\trace$/home/matthias/prog/janestreet/emulator-wt-hdmi-ulx3s/prototypes/fpga-ulx3s/rtl/emu_core.v:349$3355_EN[143:0]$3493 [0] $flatten\core.$0$memwr$\trace$/home/matthias/prog/janestreet/emulator-wt-hdmi-ulx3s/prototypes/fpga-ulx3s/rtl/emu_core.v:349$3355_EN[143:0]$3493 [0] $flatten\core.$0$memwr$\trace$/home/matthias/prog/janestreet/emulator-wt-hdmi-ulx3s/prototypes/fpga-ulx3s/rtl/emu_core.v:349$3355_EN[143:0]$3493 [0] $flatten\core.$0$memwr$\trace$/home/matthias/prog/janestreet/emulator-wt-hdmi-ulx3s/prototypes/fpga-ulx3s/rtl/emu_core.v:349$3355_EN[143:0]$3493 [0] $flatten\core.$0$memwr$\trace$/home/matthias/prog/janestreet/emulator-wt-hdmi-ulx3s/prototypes/fpga-ulx3s/rtl/emu_core.v:349$3355_EN[143:0]$3493 [0] $flatten\core.$0$memwr$\trace$/home/matthias/prog/janestreet/emulator-wt-hdmi-ulx3s/prototypes/fpga-ulx3s/rtl/emu_core.v:349$3355_EN[143:0]$3493 [0] $flatten\core.$0$memwr$\trace$/home/matthias/prog/janestreet/emulator-wt-hdmi-ulx3s/prototypes/fpga-ulx3s/rtl/emu_core.v:349$3355_EN[143:0]$3493 [0] $flatten\core.$0$memwr$\trace$/home/matthias/prog/janestreet/emulator-wt-hdmi-ulx3s/prototypes/fpga-ulx3s/rtl/emu_core.v:349$3355_EN[143:0]$3493 [0] $flatten\core.$0$memwr$\trace$/home/matthias/prog/janestreet/emulator-wt-hdmi-ulx3s/prototypes/fpga-ulx3s/rtl/emu_core.v:349$3355_EN[143:0]$3493 [0] $flatten\core.$0$memwr$\trace$/home/matthias/prog/janestreet/emulator-wt-hdmi-ulx3s/prototypes/fpga-ulx3s/rtl/emu_core.v:349$3355_EN[143:0]$3493 [0] $flatten\core.$0$memwr$\trace$/home/matthias/prog/janestreet/emulator-wt-hdmi-ulx3s/prototypes/fpga-ulx3s/rtl/emu_core.v:349$3355_EN[143:0]$3493 [0] $flatten\core.$0$memwr$\trace$/home/matthias/prog/janestreet/emulator-wt-hdmi-ulx3s/prototypes/fpga-ulx3s/rtl/emu_core.v:349$3355_EN[143:0]$3493 [0] $flatten\core.$0$memwr$\trace$/home/matthias/prog/janestreet/emulator-wt-hdmi-ulx3s/prototypes/fpga-ulx3s/rtl/emu_core.v:349$3355_EN[143:0]$3493 [0] $flatten\core.$0$memwr$\trace$/home/matthias/prog/janestreet/emulator-wt-hdmi-ulx3s/prototypes/fpga-ulx3s/rtl/emu_core.v:349$3355_EN[143:0]$3493 [0] $flatten\core.$0$memwr$\trace$/home/matthias/prog/janestreet/emulator-wt-hdmi-ulx3s/prototypes/fpga-ulx3s/rtl/emu_core.v:349$3355_EN[143:0]$3493 [0] $flatten\core.$0$memwr$\trace$/home/matthias/prog/janestreet/emulator-wt-hdmi-ulx3s/prototypes/fpga-ulx3s/rtl/emu_core.v:349$3355_EN[143:0]$3493 [0] $flatten\core.$0$memwr$\trace$/home/matthias/prog/janestreet/emulator-wt-hdmi-ulx3s/prototypes/fpga-ulx3s/rtl/emu_core.v:349$3355_EN[143:0]$3493 [0] $flatten\core.$0$memwr$\trace$/home/matthias/prog/janestreet/emulator-wt-hdmi-ulx3s/prototypes/fpga-ulx3s/rtl/emu_core.v:349$3355_EN[143:0]$3493 [0] $flatten\core.$0$memwr$\trace$/home/matthias/prog/janestreet/emulator-wt-hdmi-ulx3s/prototypes/fpga-ulx3s/rtl/emu_core.v:349$3355_EN[143:0]$3493 [0] $flatten\core.$0$memwr$\trace$/home/matthias/prog/janestreet/emulator-wt-hdmi-ulx3s/prototypes/fpga-ulx3s/rtl/emu_core.v:349$3355_EN[143:0]$3493 [0] $flatten\core.$0$memwr$\trace$/home/matthias/prog/janestreet/emulator-wt-hdmi-ulx3s/prototypes/fpga-ulx3s/rtl/emu_core.v:349$3355_EN[143:0]$3493 [0] $flatten\core.$0$memwr$\trace$/home/matthias/prog/janestreet/emulator-wt-hdmi-ulx3s/prototypes/fpga-ulx3s/rtl/emu_core.v:349$3355_EN[143:0]$3493 [0] $flatten\core.$0$memwr$\trace$/home/matthias/prog/janestreet/emulator-wt-hdmi-ulx3s/prototypes/fpga-ulx3s/rtl/emu_core.v:349$3355_EN[143:0]$3493 [0] $flatten\core.$0$memwr$\trace$/home/matthias/prog/janestreet/emulator-wt-hdmi-ulx3s/prototypes/fpga-ulx3s/rtl/emu_core.v:349$3355_EN[143:0]$3493 [0] $flatten\core.$0$memwr$\trace$/home/matthias/prog/janestreet/emulator-wt-hdmi-ulx3s/prototypes/fpga-ulx3s/rtl/emu_core.v:349$3355_EN[143:0]$3493 [0] $flatten\core.$0$memwr$\trace$/home/matthias/prog/janestreet/emulator-wt-hdmi-ulx3s/prototypes/fpga-ulx3s/rtl/emu_core.v:349$3355_EN[143:0]$3493 [0] $flatten\core.$0$memwr$\trace$/home/matthias/prog/janestreet/emulator-wt-hdmi-ulx3s/prototypes/fpga-ulx3s/rtl/emu_core.v:349$3355_EN[143:0]$3493 [0] $flatten\core.$0$memwr$\trace$/home/matthias/prog/janestreet/emulator-wt-hdmi-ulx3s/prototypes/fpga-ulx3s/rtl/emu_core.v:349$3355_EN[143:0]$3493 [0] $flatten\core.$0$memwr$\trace$/home/matthias/prog/janestreet/emulator-wt-hdmi-ulx3s/prototypes/fpga-ulx3s/rtl/emu_core.v:349$3355_EN[143:0]$3493 [0] $flatten\core.$0$memwr$\trace$/home/matthias/prog/janestreet/emulator-wt-hdmi-ulx3s/prototypes/fpga-ulx3s/rtl/emu_core.v:349$3355_EN[143:0]$3493 [0] $flatten\core.$0$memwr$\trace$/home/matthias/prog/janestreet/emulator-wt-hdmi-ulx3s/prototypes/fpga-ulx3s/rtl/emu_core.v:349$3355_EN[143:0]$3493 [0] $flatten\core.$0$memwr$\trace$/home/matthias/prog/janestreet/emulator-wt-hdmi-ulx3s/prototypes/fpga-ulx3s/rtl/emu_core.v:349$3355_EN[143:0]$3493 [0] $flatten\core.$0$memwr$\trace$/home/matthias/prog/janestreet/emulator-wt-hdmi-ulx3s/prototypes/fpga-ulx3s/rtl/emu_core.v:349$3355_EN[143:0]$3493 [0] $flatten\core.$0$memwr$\trace$/home/matthias/prog/janestreet/emulator-wt-hdmi-ulx3s/prototypes/fpga-ulx3s/rtl/emu_core.v:349$3355_EN[143:0]$3493 [0] $flatten\core.$0$memwr$\trace$/home/matthias/prog/janestreet/emulator-wt-hdmi-ulx3s/prototypes/fpga-ulx3s/rtl/emu_core.v:349$3355_EN[143:0]$3493 [0] $flatten\core.$0$memwr$\trace$/home/matthias/prog/janestreet/emulator-wt-hdmi-ulx3s/prototypes/fpga-ulx3s/rtl/emu_core.v:349$3355_EN[143:0]$3493 [0] $flatten\core.$0$memwr$\trace$/home/matthias/prog/janestreet/emulator-wt-hdmi-ulx3s/prototypes/fpga-ulx3s/rtl/emu_core.v:349$3355_EN[143:0]$3493 [0] $flatten\core.$0$memwr$\trace$/home/matthias/prog/janestreet/emulator-wt-hdmi-ulx3s/prototypes/fpga-ulx3s/rtl/emu_core.v:349$3355_EN[143:0]$3493 [0] $flatten\core.$0$memwr$\trace$/home/matthias/prog/janestreet/emulator-wt-hdmi-ulx3s/prototypes/fpga-ulx3s/rtl/emu_core.v:349$3355_EN[143:0]$3493 [0] $flatten\core.$0$memwr$\trace$/home/matthias/prog/janestreet/emulator-wt-hdmi-ulx3s/prototypes/fpga-ulx3s/rtl/emu_core.v:349$3355_EN[143:0]$3493 [0] $flatten\core.$0$memwr$\trace$/home/matthias/prog/janestreet/emulator-wt-hdmi-ulx3s/prototypes/fpga-ulx3s/rtl/emu_core.v:349$3355_EN[143:0]$3493 [0] $flatten\core.$0$memwr$\trace$/home/matthias/prog/janestreet/emulator-wt-hdmi-ulx3s/prototypes/fpga-ulx3s/rtl/emu_core.v:349$3355_EN[143:0]$3493 [0] $flatten\core.$0$memwr$\trace$/home/matthias/prog/janestreet/emulator-wt-hdmi-ulx3s/prototypes/fpga-ulx3s/rtl/emu_core.v:349$3355_EN[143:0]$3493 [0] $flatten\core.$0$memwr$\trace$/home/matthias/prog/janestreet/emulator-wt-hdmi-ulx3s/prototypes/fpga-ulx3s/rtl/emu_core.v:349$3355_EN[143:0]$3493 [0] $flatten\core.$0$memwr$\trace$/home/matthias/prog/janestreet/emulator-wt-hdmi-ulx3s/prototypes/fpga-ulx3s/rtl/emu_core.v:349$3355_EN[143:0]$3493 [0] $flatten\core.$0$memwr$\trace$/home/matthias/prog/janestreet/emulator-wt-hdmi-ulx3s/prototypes/fpga-ulx3s/rtl/emu_core.v:349$3355_EN[143:0]$3493 [0] $flatten\core.$0$memwr$\trace$/home/matthias/prog/janestreet/emulator-wt-hdmi-ulx3s/prototypes/fpga-ulx3s/rtl/emu_core.v:349$3355_EN[143:0]$3493 [0] $flatten\core.$0$memwr$\trace$/home/matthias/prog/janestreet/emulator-wt-hdmi-ulx3s/prototypes/fpga-ulx3s/rtl/emu_core.v:349$3355_EN[143:0]$3493 [0] $flatten\core.$0$memwr$\trace$/home/matthias/prog/janestreet/emulator-wt-hdmi-ulx3s/prototypes/fpga-ulx3s/rtl/emu_core.v:349$3355_EN[143:0]$3493 [0] $flatten\core.$0$memwr$\trace$/home/matthias/prog/janestreet/emulator-wt-hdmi-ulx3s/prototypes/fpga-ulx3s/rtl/emu_core.v:349$3355_EN[143:0]$3493 [0] $flatten\core.$0$memwr$\trace$/home/matthias/prog/janestreet/emulator-wt-hdmi-ulx3s/prototypes/fpga-ulx3s/rtl/emu_core.v:349$3355_EN[143:0]$3493 [0] $flatten\core.$0$memwr$\trace$/home/matthias/prog/janestreet/emulator-wt-hdmi-ulx3s/prototypes/fpga-ulx3s/rtl/emu_core.v:349$3355_EN[143:0]$3493 [0] $flatten\core.$0$memwr$\trace$/home/matthias/prog/janestreet/emulator-wt-hdmi-ulx3s/prototypes/fpga-ulx3s/rtl/emu_core.v:349$3355_EN[143:0]$3493 [0] $flatten\core.$0$memwr$\trace$/home/matthias/prog/janestreet/emulator-wt-hdmi-ulx3s/prototypes/fpga-ulx3s/rtl/emu_core.v:349$3355_EN[143:0]$3493 [0] $flatten\core.$0$memwr$\trace$/home/matthias/prog/janestreet/emulator-wt-hdmi-ulx3s/prototypes/fpga-ulx3s/rtl/emu_core.v:349$3355_EN[143:0]$3493 [0] $flatten\core.$0$memwr$\trace$/home/matthias/prog/janestreet/emulator-wt-hdmi-ulx3s/prototypes/fpga-ulx3s/rtl/emu_core.v:349$3355_EN[143:0]$3493 [0] $flatten\core.$0$memwr$\trace$/home/matthias/prog/janestreet/emulator-wt-hdmi-ulx3s/prototypes/fpga-ulx3s/rtl/emu_core.v:349$3355_EN[143:0]$3493 [0] $flatten\core.$0$memwr$\trace$/home/matthias/prog/janestreet/emulator-wt-hdmi-ulx3s/prototypes/fpga-ulx3s/rtl/emu_core.v:349$3355_EN[143:0]$3493 [0] $flatten\core.$0$memwr$\trace$/home/matthias/prog/janestreet/emulator-wt-hdmi-ulx3s/prototypes/fpga-ulx3s/rtl/emu_core.v:349$3355_EN[143:0]$3493 [0] $flatten\core.$0$memwr$\trace$/home/matthias/prog/janestreet/emulator-wt-hdmi-ulx3s/prototypes/fpga-ulx3s/rtl/emu_core.v:349$3355_EN[143:0]$3493 [0] $flatten\core.$0$memwr$\trace$/home/matthias/prog/janestreet/emulator-wt-hdmi-ulx3s/prototypes/fpga-ulx3s/rtl/emu_core.v:349$3355_EN[143:0]$3493 [0] $flatten\core.$0$memwr$\trace$/home/matthias/prog/janestreet/emulator-wt-hdmi-ulx3s/prototypes/fpga-ulx3s/rtl/emu_core.v:349$3355_EN[143:0]$3493 [0] $flatten\core.$0$memwr$\trace$/home/matthias/prog/janestreet/emulator-wt-hdmi-ulx3s/prototypes/fpga-ulx3s/rtl/emu_core.v:349$3355_EN[143:0]$3493 [0] $flatten\core.$0$memwr$\trace$/home/matthias/prog/janestreet/emulator-wt-hdmi-ulx3s/prototypes/fpga-ulx3s/rtl/emu_core.v:349$3355_EN[143:0]$3493 [0] $flatten\core.$0$memwr$\trace$/home/matthias/prog/janestreet/emulator-wt-hdmi-ulx3s/prototypes/fpga-ulx3s/rtl/emu_core.v:349$3355_EN[143:0]$3493 [0] $flatten\core.$0$memwr$\trace$/home/matthias/prog/janestreet/emulator-wt-hdmi-ulx3s/prototypes/fpga-ulx3s/rtl/emu_core.v:349$3355_EN[143:0]$3493 [0] $flatten\core.$0$memwr$\trace$/home/matthias/prog/janestreet/emulator-wt-hdmi-ulx3s/prototypes/fpga-ulx3s/rtl/emu_core.v:349$3355_EN[143:0]$3493 [0] $flatten\core.$0$memwr$\trace$/home/matthias/prog/janestreet/emulator-wt-hdmi-ulx3s/prototypes/fpga-ulx3s/rtl/emu_core.v:349$3355_EN[143:0]$3493 [0] $flatten\core.$0$memwr$\trace$/home/matthias/prog/janestreet/emulator-wt-hdmi-ulx3s/prototypes/fpga-ulx3s/rtl/emu_core.v:349$3355_EN[143:0]$3493 [0] $flatten\core.$0$memwr$\trace$/home/matthias/prog/janestreet/emulator-wt-hdmi-ulx3s/prototypes/fpga-ulx3s/rtl/emu_core.v:349$3355_EN[143:0]$3493 [0] $flatten\core.$0$memwr$\trace$/home/matthias/prog/janestreet/emulator-wt-hdmi-ulx3s/prototypes/fpga-ulx3s/rtl/emu_core.v:349$3355_EN[143:0]$3493 [0] $flatten\core.$0$memwr$\trace$/home/matthias/prog/janestreet/emulator-wt-hdmi-ulx3s/prototypes/fpga-ulx3s/rtl/emu_core.v:349$3355_EN[143:0]$3493 [0] $flatten\core.$0$memwr$\trace$/home/matthias/prog/janestreet/emulator-wt-hdmi-ulx3s/prototypes/fpga-ulx3s/rtl/emu_core.v:349$3355_EN[143:0]$3493 [0] $flatten\core.$0$memwr$\trace$/home/matthias/prog/janestreet/emulator-wt-hdmi-ulx3s/prototypes/fpga-ulx3s/rtl/emu_core.v:349$3355_EN[143:0]$3493 [0] $flatten\core.$0$memwr$\trace$/home/matthias/prog/janestreet/emulator-wt-hdmi-ulx3s/prototypes/fpga-ulx3s/rtl/emu_core.v:349$3355_EN[143:0]$3493 [0] $flatten\core.$0$memwr$\trace$/home/matthias/prog/janestreet/emulator-wt-hdmi-ulx3s/prototypes/fpga-ulx3s/rtl/emu_core.v:349$3355_EN[143:0]$3493 [0] $flatten\core.$0$memwr$\trace$/home/matthias/prog/janestreet/emulator-wt-hdmi-ulx3s/prototypes/fpga-ulx3s/rtl/emu_core.v:349$3355_EN[143:0]$3493 [0] $flatten\core.$0$memwr$\trace$/home/matthias/prog/janestreet/emulator-wt-hdmi-ulx3s/prototypes/fpga-ulx3s/rtl/emu_core.v:349$3355_EN[143:0]$3493 [0] }
    Consolidated identical input bits for $mux cell $flatten\core.$procmux$5430:
      Old ports: A=8'00000000, B=8'11111111, Y=$flatten\core.$procmux$5430_Y
      New ports: A=1'0, B=1'1, Y=$flatten\core.$procmux$5430_Y [0]
      New connections: $flatten\core.$procmux$5430_Y [7:1] = { $flatten\core.$procmux$5430_Y [0] $flatten\core.$procmux$5430_Y [0] $flatten\core.$procmux$5430_Y [0] $flatten\core.$procmux$5430_Y [0] $flatten\core.$procmux$5430_Y [0] $flatten\core.$procmux$5430_Y [0] $flatten\core.$procmux$5430_Y [0] }
    Consolidated identical input bits for $mux cell $flatten\core.$procmux$5471:
      Old ports: A=16'0000000000000000, B=16'1111111111111111, Y=$flatten\core.$0$memwr$\imem$/home/matthias/prog/janestreet/emulator-wt-hdmi-ulx3s/prototypes/fpga-ulx3s/rtl/emu_core.v:278$3353_EN[15:0]$3454
      New ports: A=1'0, B=1'1, Y=$flatten\core.$0$memwr$\imem$/home/matthias/prog/janestreet/emulator-wt-hdmi-ulx3s/prototypes/fpga-ulx3s/rtl/emu_core.v:278$3353_EN[15:0]$3454 [0]
      New connections: $flatten\core.$0$memwr$\imem$/home/matthias/prog/janestreet/emulator-wt-hdmi-ulx3s/prototypes/fpga-ulx3s/rtl/emu_core.v:278$3353_EN[15:0]$3454 [15:1] = { $flatten\core.$0$memwr$\imem$/home/matthias/prog/janestreet/emulator-wt-hdmi-ulx3s/prototypes/fpga-ulx3s/rtl/emu_core.v:278$3353_EN[15:0]$3454 [0] $flatten\core.$0$memwr$\imem$/home/matthias/prog/janestreet/emulator-wt-hdmi-ulx3s/prototypes/fpga-ulx3s/rtl/emu_core.v:278$3353_EN[15:0]$3454 [0] $flatten\core.$0$memwr$\imem$/home/matthias/prog/janestreet/emulator-wt-hdmi-ulx3s/prototypes/fpga-ulx3s/rtl/emu_core.v:278$3353_EN[15:0]$3454 [0] $flatten\core.$0$memwr$\imem$/home/matthias/prog/janestreet/emulator-wt-hdmi-ulx3s/prototypes/fpga-ulx3s/rtl/emu_core.v:278$3353_EN[15:0]$3454 [0] $flatten\core.$0$memwr$\imem$/home/matthias/prog/janestreet/emulator-wt-hdmi-ulx3s/prototypes/fpga-ulx3s/rtl/emu_core.v:278$3353_EN[15:0]$3454 [0] $flatten\core.$0$memwr$\imem$/home/matthias/prog/janestreet/emulator-wt-hdmi-ulx3s/prototypes/fpga-ulx3s/rtl/emu_core.v:278$3353_EN[15:0]$3454 [0] $flatten\core.$0$memwr$\imem$/home/matthias/prog/janestreet/emulator-wt-hdmi-ulx3s/prototypes/fpga-ulx3s/rtl/emu_core.v:278$3353_EN[15:0]$3454 [0] $flatten\core.$0$memwr$\imem$/home/matthias/prog/janestreet/emulator-wt-hdmi-ulx3s/prototypes/fpga-ulx3s/rtl/emu_core.v:278$3353_EN[15:0]$3454 [0] $flatten\core.$0$memwr$\imem$/home/matthias/prog/janestreet/emulator-wt-hdmi-ulx3s/prototypes/fpga-ulx3s/rtl/emu_core.v:278$3353_EN[15:0]$3454 [0] $flatten\core.$0$memwr$\imem$/home/matthias/prog/janestreet/emulator-wt-hdmi-ulx3s/prototypes/fpga-ulx3s/rtl/emu_core.v:278$3353_EN[15:0]$3454 [0] $flatten\core.$0$memwr$\imem$/home/matthias/prog/janestreet/emulator-wt-hdmi-ulx3s/prototypes/fpga-ulx3s/rtl/emu_core.v:278$3353_EN[15:0]$3454 [0] $flatten\core.$0$memwr$\imem$/home/matthias/prog/janestreet/emulator-wt-hdmi-ulx3s/prototypes/fpga-ulx3s/rtl/emu_core.v:278$3353_EN[15:0]$3454 [0] $flatten\core.$0$memwr$\imem$/home/matthias/prog/janestreet/emulator-wt-hdmi-ulx3s/prototypes/fpga-ulx3s/rtl/emu_core.v:278$3353_EN[15:0]$3454 [0] $flatten\core.$0$memwr$\imem$/home/matthias/prog/janestreet/emulator-wt-hdmi-ulx3s/prototypes/fpga-ulx3s/rtl/emu_core.v:278$3353_EN[15:0]$3454 [0] $flatten\core.$0$memwr$\imem$/home/matthias/prog/janestreet/emulator-wt-hdmi-ulx3s/prototypes/fpga-ulx3s/rtl/emu_core.v:278$3353_EN[15:0]$3454 [0] }
    Consolidated identical input bits for $mux cell $flatten\core.$procmux$5523:
      Old ports: A=8'00000000, B=8'11111111, Y=$flatten\core.$procmux$5523_Y
      New ports: A=1'0, B=1'1, Y=$flatten\core.$procmux$5523_Y [0]
      New connections: $flatten\core.$procmux$5523_Y [7:1] = { $flatten\core.$procmux$5523_Y [0] $flatten\core.$procmux$5523_Y [0] $flatten\core.$procmux$5523_Y [0] $flatten\core.$procmux$5523_Y [0] $flatten\core.$procmux$5523_Y [0] $flatten\core.$procmux$5523_Y [0] $flatten\core.$procmux$5523_Y [0] }
  Optimizing cells in module \ulx3s_top.
    Consolidated identical input bits for $mux cell $flatten\core.$procmux$4802:
      Old ports: A=20'00000000000000000000, B=$flatten\core.$3$memwr$\sbuf$/home/matthias/prog/janestreet/emulator-wt-hdmi-ulx3s/prototypes/fpga-ulx3s/rtl/emu_core.v:466$3360_EN[19:0]$3587, Y=$flatten\core.$procmux$4802_Y
      New ports: A=1'0, B=$flatten\core.$procmux$4481_Y [0], Y=$flatten\core.$procmux$4802_Y [0]
      New connections: $flatten\core.$procmux$4802_Y [19:1] = { $flatten\core.$procmux$4802_Y [0] $flatten\core.$procmux$4802_Y [0] $flatten\core.$procmux$4802_Y [0] $flatten\core.$procmux$4802_Y [0] $flatten\core.$procmux$4802_Y [0] $flatten\core.$procmux$4802_Y [0] $flatten\core.$procmux$4802_Y [0] $flatten\core.$procmux$4802_Y [0] $flatten\core.$procmux$4802_Y [0] $flatten\core.$procmux$4802_Y [0] $flatten\core.$procmux$4802_Y [0] $flatten\core.$procmux$4802_Y [0] $flatten\core.$procmux$4802_Y [0] $flatten\core.$procmux$4802_Y [0] $flatten\core.$procmux$4802_Y [0] $flatten\core.$procmux$4802_Y [0] $flatten\core.$procmux$4802_Y [0] $flatten\core.$procmux$4802_Y [0] $flatten\core.$procmux$4802_Y [0] }
    Consolidated identical input bits for $mux cell $flatten\core.$procmux$4844:
      Old ports: A=16'0000000000000000, B=$flatten\core.$3$memwr$\cfg$/home/matthias/prog/janestreet/emulator-wt-hdmi-ulx3s/prototypes/fpga-ulx3s/rtl/emu_core.v:461$3359_EN[15:0]$3584, Y=$flatten\core.$procmux$4844_Y
      New ports: A=1'0, B=$flatten\core.$procmux$4546_Y [0], Y=$flatten\core.$procmux$4844_Y [0]
      New connections: $flatten\core.$procmux$4844_Y [15:1] = { $flatten\core.$procmux$4844_Y [0] $flatten\core.$procmux$4844_Y [0] $flatten\core.$procmux$4844_Y [0] $flatten\core.$procmux$4844_Y [0] $flatten\core.$procmux$4844_Y [0] $flatten\core.$procmux$4844_Y [0] $flatten\core.$procmux$4844_Y [0] $flatten\core.$procmux$4844_Y [0] $flatten\core.$procmux$4844_Y [0] $flatten\core.$procmux$4844_Y [0] $flatten\core.$procmux$4844_Y [0] $flatten\core.$procmux$4844_Y [0] $flatten\core.$procmux$4844_Y [0] $flatten\core.$procmux$4844_Y [0] $flatten\core.$procmux$4844_Y [0] }
    Consolidated identical input bits for $mux cell $flatten\core.$procmux$5451:
      Old ports: A=$flatten\core.$2$memwr$\hin$/home/matthias/prog/janestreet/emulator-wt-hdmi-ulx3s/prototypes/fpga-ulx3s/rtl/emu_core.v:294$3354_EN[7:0]$3474, B=8'00000000, Y=$flatten\core.$0$memwr$\hin$/home/matthias/prog/janestreet/emulator-wt-hdmi-ulx3s/prototypes/fpga-ulx3s/rtl/emu_core.v:294$3354_EN[7:0]$3466
      New ports: A=$flatten\core.$procmux$5430_Y [0], B=1'0, Y=$flatten\core.$0$memwr$\hin$/home/matthias/prog/janestreet/emulator-wt-hdmi-ulx3s/prototypes/fpga-ulx3s/rtl/emu_core.v:294$3354_EN[7:0]$3466 [0]
      New connections: $flatten\core.$0$memwr$\hin$/home/matthias/prog/janestreet/emulator-wt-hdmi-ulx3s/prototypes/fpga-ulx3s/rtl/emu_core.v:294$3354_EN[7:0]$3466 [7:1] = { $flatten\core.$0$memwr$\hin$/home/matthias/prog/janestreet/emulator-wt-hdmi-ulx3s/prototypes/fpga-ulx3s/rtl/emu_core.v:294$3354_EN[7:0]$3466 [0] $flatten\core.$0$memwr$\hin$/home/matthias/prog/janestreet/emulator-wt-hdmi-ulx3s/prototypes/fpga-ulx3s/rtl/emu_core.v:294$3354_EN[7:0]$3466 [0] $flatten\core.$0$memwr$\hin$/home/matthias/prog/janestreet/emulator-wt-hdmi-ulx3s/prototypes/fpga-ulx3s/rtl/emu_core.v:294$3354_EN[7:0]$3466 [0] $flatten\core.$0$memwr$\hin$/home/matthias/prog/janestreet/emulator-wt-hdmi-ulx3s/prototypes/fpga-ulx3s/rtl/emu_core.v:294$3354_EN[7:0]$3466 [0] $flatten\core.$0$memwr$\hin$/home/matthias/prog/janestreet/emulator-wt-hdmi-ulx3s/prototypes/fpga-ulx3s/rtl/emu_core.v:294$3354_EN[7:0]$3466 [0] $flatten\core.$0$memwr$\hin$/home/matthias/prog/janestreet/emulator-wt-hdmi-ulx3s/prototypes/fpga-ulx3s/rtl/emu_core.v:294$3354_EN[7:0]$3466 [0] $flatten\core.$0$memwr$\hin$/home/matthias/prog/janestreet/emulator-wt-hdmi-ulx3s/prototypes/fpga-ulx3s/rtl/emu_core.v:294$3354_EN[7:0]$3466 [0] }
    Consolidated identical input bits for $mux cell $flatten\core.$procmux$5544:
      Old ports: A=$flatten\core.$2$memwr$\txf$/home/matthias/prog/janestreet/emulator-wt-hdmi-ulx3s/prototypes/fpga-ulx3s/rtl/emu_core.v:178$3352_EN[7:0]$3389, B=8'00000000, Y=$flatten\core.$0$memwr$\txf$/home/matthias/prog/janestreet/emulator-wt-hdmi-ulx3s/prototypes/fpga-ulx3s/rtl/emu_core.v:178$3352_EN[7:0]$3381
      New ports: A=$flatten\core.$procmux$5523_Y [0], B=1'0, Y=$flatten\core.$0$memwr$\txf$/home/matthias/prog/janestreet/emulator-wt-hdmi-ulx3s/prototypes/fpga-ulx3s/rtl/emu_core.v:178$3352_EN[7:0]$3381 [0]
      New connections: $flatten\core.$0$memwr$\txf$/home/matthias/prog/janestreet/emulator-wt-hdmi-ulx3s/prototypes/fpga-ulx3s/rtl/emu_core.v:178$3352_EN[7:0]$3381 [7:1] = { $flatten\core.$0$memwr$\txf$/home/matthias/prog/janestreet/emulator-wt-hdmi-ulx3s/prototypes/fpga-ulx3s/rtl/emu_core.v:178$3352_EN[7:0]$3381 [0] $flatten\core.$0$memwr$\txf$/home/matthias/prog/janestreet/emulator-wt-hdmi-ulx3s/prototypes/fpga-ulx3s/rtl/emu_core.v:178$3352_EN[7:0]$3381 [0] $flatten\core.$0$memwr$\txf$/home/matthias/prog/janestreet/emulator-wt-hdmi-ulx3s/prototypes/fpga-ulx3s/rtl/emu_core.v:178$3352_EN[7:0]$3381 [0] $flatten\core.$0$memwr$\txf$/home/matthias/prog/janestreet/emulator-wt-hdmi-ulx3s/prototypes/fpga-ulx3s/rtl/emu_core.v:178$3352_EN[7:0]$3381 [0] $flatten\core.$0$memwr$\txf$/home/matthias/prog/janestreet/emulator-wt-hdmi-ulx3s/prototypes/fpga-ulx3s/rtl/emu_core.v:178$3352_EN[7:0]$3381 [0] $flatten\core.$0$memwr$\txf$/home/matthias/prog/janestreet/emulator-wt-hdmi-ulx3s/prototypes/fpga-ulx3s/rtl/emu_core.v:178$3352_EN[7:0]$3381 [0] $flatten\core.$0$memwr$\txf$/home/matthias/prog/janestreet/emulator-wt-hdmi-ulx3s/prototypes/fpga-ulx3s/rtl/emu_core.v:178$3352_EN[7:0]$3381 [0] }
  Optimizing cells in module \ulx3s_top.
    Consolidated identical input bits for $mux cell $flatten\core.$procmux$4878:
      Old ports: A=$flatten\core.$2$memwr$\sbuf$/home/matthias/prog/janestreet/emulator-wt-hdmi-ulx3s/prototypes/fpga-ulx3s/rtl/emu_core.v:466$3360_EN[19:0]$3571, B=20'00000000000000000000, Y=$flatten\core.$0$memwr$\sbuf$/home/matthias/prog/janestreet/emulator-wt-hdmi-ulx3s/prototypes/fpga-ulx3s/rtl/emu_core.v:466$3360_EN[19:0]$3545
      New ports: A=$flatten\core.$procmux$4802_Y [0], B=1'0, Y=$flatten\core.$0$memwr$\sbuf$/home/matthias/prog/janestreet/emulator-wt-hdmi-ulx3s/prototypes/fpga-ulx3s/rtl/emu_core.v:466$3360_EN[19:0]$3545 [0]
      New connections: $flatten\core.$0$memwr$\sbuf$/home/matthias/prog/janestreet/emulator-wt-hdmi-ulx3s/prototypes/fpga-ulx3s/rtl/emu_core.v:466$3360_EN[19:0]$3545 [19:1] = { $flatten\core.$0$memwr$\sbuf$/home/matthias/prog/janestreet/emulator-wt-hdmi-ulx3s/prototypes/fpga-ulx3s/rtl/emu_core.v:466$3360_EN[19:0]$3545 [0] $flatten\core.$0$memwr$\sbuf$/home/matthias/prog/janestreet/emulator-wt-hdmi-ulx3s/prototypes/fpga-ulx3s/rtl/emu_core.v:466$3360_EN[19:0]$3545 [0] $flatten\core.$0$memwr$\sbuf$/home/matthias/prog/janestreet/emulator-wt-hdmi-ulx3s/prototypes/fpga-ulx3s/rtl/emu_core.v:466$3360_EN[19:0]$3545 [0] $flatten\core.$0$memwr$\sbuf$/home/matthias/prog/janestreet/emulator-wt-hdmi-ulx3s/prototypes/fpga-ulx3s/rtl/emu_core.v:466$3360_EN[19:0]$3545 [0] $flatten\core.$0$memwr$\sbuf$/home/matthias/prog/janestreet/emulator-wt-hdmi-ulx3s/prototypes/fpga-ulx3s/rtl/emu_core.v:466$3360_EN[19:0]$3545 [0] $flatten\core.$0$memwr$\sbuf$/home/matthias/prog/janestreet/emulator-wt-hdmi-ulx3s/prototypes/fpga-ulx3s/rtl/emu_core.v:466$3360_EN[19:0]$3545 [0] $flatten\core.$0$memwr$\sbuf$/home/matthias/prog/janestreet/emulator-wt-hdmi-ulx3s/prototypes/fpga-ulx3s/rtl/emu_core.v:466$3360_EN[19:0]$3545 [0] $flatten\core.$0$memwr$\sbuf$/home/matthias/prog/janestreet/emulator-wt-hdmi-ulx3s/prototypes/fpga-ulx3s/rtl/emu_core.v:466$3360_EN[19:0]$3545 [0] $flatten\core.$0$memwr$\sbuf$/home/matthias/prog/janestreet/emulator-wt-hdmi-ulx3s/prototypes/fpga-ulx3s/rtl/emu_core.v:466$3360_EN[19:0]$3545 [0] $flatten\core.$0$memwr$\sbuf$/home/matthias/prog/janestreet/emulator-wt-hdmi-ulx3s/prototypes/fpga-ulx3s/rtl/emu_core.v:466$3360_EN[19:0]$3545 [0] $flatten\core.$0$memwr$\sbuf$/home/matthias/prog/janestreet/emulator-wt-hdmi-ulx3s/prototypes/fpga-ulx3s/rtl/emu_core.v:466$3360_EN[19:0]$3545 [0] $flatten\core.$0$memwr$\sbuf$/home/matthias/prog/janestreet/emulator-wt-hdmi-ulx3s/prototypes/fpga-ulx3s/rtl/emu_core.v:466$3360_EN[19:0]$3545 [0] $flatten\core.$0$memwr$\sbuf$/home/matthias/prog/janestreet/emulator-wt-hdmi-ulx3s/prototypes/fpga-ulx3s/rtl/emu_core.v:466$3360_EN[19:0]$3545 [0] $flatten\core.$0$memwr$\sbuf$/home/matthias/prog/janestreet/emulator-wt-hdmi-ulx3s/prototypes/fpga-ulx3s/rtl/emu_core.v:466$3360_EN[19:0]$3545 [0] $flatten\core.$0$memwr$\sbuf$/home/matthias/prog/janestreet/emulator-wt-hdmi-ulx3s/prototypes/fpga-ulx3s/rtl/emu_core.v:466$3360_EN[19:0]$3545 [0] $flatten\core.$0$memwr$\sbuf$/home/matthias/prog/janestreet/emulator-wt-hdmi-ulx3s/prototypes/fpga-ulx3s/rtl/emu_core.v:466$3360_EN[19:0]$3545 [0] $flatten\core.$0$memwr$\sbuf$/home/matthias/prog/janestreet/emulator-wt-hdmi-ulx3s/prototypes/fpga-ulx3s/rtl/emu_core.v:466$3360_EN[19:0]$3545 [0] $flatten\core.$0$memwr$\sbuf$/home/matthias/prog/janestreet/emulator-wt-hdmi-ulx3s/prototypes/fpga-ulx3s/rtl/emu_core.v:466$3360_EN[19:0]$3545 [0] $flatten\core.$0$memwr$\sbuf$/home/matthias/prog/janestreet/emulator-wt-hdmi-ulx3s/prototypes/fpga-ulx3s/rtl/emu_core.v:466$3360_EN[19:0]$3545 [0] }
    Consolidated identical input bits for $mux cell $flatten\core.$procmux$4887:
      Old ports: A=$flatten\core.$2$memwr$\cfg$/home/matthias/prog/janestreet/emulator-wt-hdmi-ulx3s/prototypes/fpga-ulx3s/rtl/emu_core.v:461$3359_EN[15:0]$3568, B=16'0000000000000000, Y=$flatten\core.$0$memwr$\cfg$/home/matthias/prog/janestreet/emulator-wt-hdmi-ulx3s/prototypes/fpga-ulx3s/rtl/emu_core.v:461$3359_EN[15:0]$3542
      New ports: A=$flatten\core.$procmux$4844_Y [0], B=1'0, Y=$flatten\core.$0$memwr$\cfg$/home/matthias/prog/janestreet/emulator-wt-hdmi-ulx3s/prototypes/fpga-ulx3s/rtl/emu_core.v:461$3359_EN[15:0]$3542 [0]
      New connections: $flatten\core.$0$memwr$\cfg$/home/matthias/prog/janestreet/emulator-wt-hdmi-ulx3s/prototypes/fpga-ulx3s/rtl/emu_core.v:461$3359_EN[15:0]$3542 [15:1] = { $flatten\core.$0$memwr$\cfg$/home/matthias/prog/janestreet/emulator-wt-hdmi-ulx3s/prototypes/fpga-ulx3s/rtl/emu_core.v:461$3359_EN[15:0]$3542 [0] $flatten\core.$0$memwr$\cfg$/home/matthias/prog/janestreet/emulator-wt-hdmi-ulx3s/prototypes/fpga-ulx3s/rtl/emu_core.v:461$3359_EN[15:0]$3542 [0] $flatten\core.$0$memwr$\cfg$/home/matthias/prog/janestreet/emulator-wt-hdmi-ulx3s/prototypes/fpga-ulx3s/rtl/emu_core.v:461$3359_EN[15:0]$3542 [0] $flatten\core.$0$memwr$\cfg$/home/matthias/prog/janestreet/emulator-wt-hdmi-ulx3s/prototypes/fpga-ulx3s/rtl/emu_core.v:461$3359_EN[15:0]$3542 [0] $flatten\core.$0$memwr$\cfg$/home/matthias/prog/janestreet/emulator-wt-hdmi-ulx3s/prototypes/fpga-ulx3s/rtl/emu_core.v:461$3359_EN[15:0]$3542 [0] $flatten\core.$0$memwr$\cfg$/home/matthias/prog/janestreet/emulator-wt-hdmi-ulx3s/prototypes/fpga-ulx3s/rtl/emu_core.v:461$3359_EN[15:0]$3542 [0] $flatten\core.$0$memwr$\cfg$/home/matthias/prog/janestreet/emulator-wt-hdmi-ulx3s/prototypes/fpga-ulx3s/rtl/emu_core.v:461$3359_EN[15:0]$3542 [0] $flatten\core.$0$memwr$\cfg$/home/matthias/prog/janestreet/emulator-wt-hdmi-ulx3s/prototypes/fpga-ulx3s/rtl/emu_core.v:461$3359_EN[15:0]$3542 [0] $flatten\core.$0$memwr$\cfg$/home/matthias/prog/janestreet/emulator-wt-hdmi-ulx3s/prototypes/fpga-ulx3s/rtl/emu_core.v:461$3359_EN[15:0]$3542 [0] $flatten\core.$0$memwr$\cfg$/home/matthias/prog/janestreet/emulator-wt-hdmi-ulx3s/prototypes/fpga-ulx3s/rtl/emu_core.v:461$3359_EN[15:0]$3542 [0] $flatten\core.$0$memwr$\cfg$/home/matthias/prog/janestreet/emulator-wt-hdmi-ulx3s/prototypes/fpga-ulx3s/rtl/emu_core.v:461$3359_EN[15:0]$3542 [0] $flatten\core.$0$memwr$\cfg$/home/matthias/prog/janestreet/emulator-wt-hdmi-ulx3s/prototypes/fpga-ulx3s/rtl/emu_core.v:461$3359_EN[15:0]$3542 [0] $flatten\core.$0$memwr$\cfg$/home/matthias/prog/janestreet/emulator-wt-hdmi-ulx3s/prototypes/fpga-ulx3s/rtl/emu_core.v:461$3359_EN[15:0]$3542 [0] $flatten\core.$0$memwr$\cfg$/home/matthias/prog/janestreet/emulator-wt-hdmi-ulx3s/prototypes/fpga-ulx3s/rtl/emu_core.v:461$3359_EN[15:0]$3542 [0] $flatten\core.$0$memwr$\cfg$/home/matthias/prog/janestreet/emulator-wt-hdmi-ulx3s/prototypes/fpga-ulx3s/rtl/emu_core.v:461$3359_EN[15:0]$3542 [0] }
  Optimizing cells in module \ulx3s_top.
Performed a total of 19 changes.

12.12.5. Executing OPT_MERGE pass (detect identical cells).
Finding identical cells in module `\ulx3s_top'.
Computing hashes of 2201 cells of `\ulx3s_top'.
Finding duplicate cells in `\ulx3s_top'.
Computing hashes of 2189 cells of `\ulx3s_top'.
Finding duplicate cells in `\ulx3s_top'.
Computing hashes of 2182 cells of `\ulx3s_top'.
Finding duplicate cells in `\ulx3s_top'.
<suppressed ~57 debug messages>
Removed a total of 19 cells.

12.12.6. Executing OPT_DFF pass (perform DFF optimizations).

12.12.7. Executing OPT_CLEAN pass (remove unused cells and wires).
Finding unused cells or wires in module \ulx3s_top..
Removed 0 unused cells and 178 unused wires.
<suppressed ~1 debug messages>

12.12.8. Executing OPT_EXPR pass (perform const folding).
Optimizing module ulx3s_top.

12.12.9. Rerunning OPT passes. (Maybe there is more to do..)

12.12.10. Executing OPT_MUXTREE pass (detect dead branches in mux trees).
Running muxtree optimizer on module \ulx3s_top..
  Creating internal representation of mux trees.
  Evaluating internal representation of mux trees.
  Analyzing evaluation results.
Removed 0 multiplexer ports.
<suppressed ~2015 debug messages>

12.12.11. Executing OPT_REDUCE pass (consolidate $*mux and $reduce_* inputs).
  Optimizing cells in module \ulx3s_top.
Performed a total of 0 changes.

12.12.12. Executing OPT_MERGE pass (detect identical cells).
Finding identical cells in module `\ulx3s_top'.
Computing hashes of 2182 cells of `\ulx3s_top'.
Finding duplicate cells in `\ulx3s_top'.
Removed a total of 0 cells.

12.12.13. Executing OPT_DFF pass (perform DFF optimizations).

12.12.14. Executing OPT_CLEAN pass (remove unused cells and wires).
Finding unused cells or wires in module \ulx3s_top..

12.12.15. Executing OPT_EXPR pass (perform const folding).
Optimizing module ulx3s_top.

12.12.16. Finished fast OPT passes. (There is nothing left to do.)

12.13. Executing FSM pass (extract and optimize FSM).

12.13.1. Executing FSM_DETECT pass (finding FSMs in design).
Not marking ulx3s_top.core.rnext as FSM state register:
    Users of register don't seem to benefit from recoding.
    Register has an initialization value.
Found FSM state register ulx3s_top.usb._373.
Not marking ulx3s_top.core.rstate as FSM state register:
    Register has an initialization value.
Found FSM state register ulx3s_top.usb._1467.
Found FSM state register ulx3s_top.usb._612.
Not marking ulx3s_top.usb._477 as FSM state register:
    Users of register don't seem to benefit from recoding.
Not marking ulx3s_top.usb._569 as FSM state register:
    Users of register don't seem to benefit from recoding.

12.13.2. Executing FSM_EXTRACT pass (extracting FSM from design).
Extracting FSM `\usb._373' from module `\ulx3s_top'.
  found $dff cell for state register: $flatten\usb.$procdff$5600
  root of input selection tree: $flatten\usb.$0\_373[2:0]
  found reset state: 3'000 (guessed from mux tree)
  found ctrl input: \rst48_sr [3]
  found ctrl input: \usb._1008
  found ctrl input: \usb._1020
  found ctrl input: \usb._1021
  found ctrl input: \usb._1625
  found ctrl input: \usb._1626
  found ctrl input: \usb._1627
  found ctrl input: \usb._385
  found state code: 3'000
  found state code: 3'101
  found state code: 3'100
  found ctrl input: \usb._411
  found ctrl input: \usb._416
  found ctrl input: \usb._450
  found state code: 3'011
  found state code: 3'010
  found ctrl input: \usb._76
  found state code: 3'001
  found ctrl output: \usb._1625
  found ctrl output: \usb._1626
  found ctrl output: \usb._1627
  found ctrl output: \usb._1008
  found ctrl output: \usb._1020
  found ctrl output: \usb._1021
  ctrl inputs: { \usb._450 \usb._416 \usb._411 \usb._76 \usb._385 \rst48_sr [3] }
  ctrl outputs: { \usb._1008 \usb._1021 \usb._1020 \usb._1627 \usb._1626 \usb._1625 $flatten\usb.$0\_373[2:0] }
  transition:      3'000 6'---0-0 ->      3'000 9'100000000
  transition:      3'000 6'---1-0 ->      3'001 9'100000001
  transition:      3'000 6'-----1 ->      3'000 9'100000000
  transition:      3'100 6'----00 ->      3'100 9'000010100
  transition:      3'100 6'----10 ->      3'101 9'000010101
  transition:      3'100 6'-----1 ->      3'000 9'000010000
  transition:      3'010 6'----00 ->      3'010 9'010000010
  transition:      3'010 6'-00-10 ->      3'010 9'010000010
  transition:      3'010 6'010-10 ->      3'011 9'010000011
  transition:      3'010 6'110-10 ->      3'010 9'010000010
  transition:      3'010 6'--1-10 ->      3'010 9'010000010
  transition:      3'010 6'-----1 ->      3'000 9'010000000
  transition:      3'001 6'----00 ->      3'001 9'001000001
  transition:      3'001 6'-0--10 ->      3'001 9'001000001
  transition:      3'001 6'01--10 ->      3'011 9'001000011
  transition:      3'001 6'11--10 ->      3'010 9'001000010
  transition:      3'001 6'-----1 ->      3'000 9'001000000
  transition:      3'101 6'----00 ->      3'101 9'000100101
  transition:      3'101 6'----10 ->      3'000 9'000100000
  transition:      3'101 6'-----1 ->      3'000 9'000100000
  transition:      3'011 6'----00 ->      3'011 9'000001011
  transition:      3'011 6'----10 ->      3'100 9'000001100
  transition:      3'011 6'-----1 ->      3'000 9'000001000
Extracting FSM `\usb._1467' from module `\ulx3s_top'.
  found $dff cell for state register: $flatten\usb.$procdff$5609
  root of input selection tree: $flatten\usb.$0\_1467[1:0]
  found reset state: 2'00 (guessed from mux tree)
  found ctrl input: \rst48_sr [3]
  found ctrl input: \usb._1461
  found ctrl input: \usb._1516
  found ctrl input: \usb._1501
  found ctrl input: \usb._1469
  found ctrl input: \usb._1573
  found ctrl input: \usb._1575
  found state code: 2'00
  found ctrl input: \usb._1471
  found state code: 2'11
  found ctrl input: \usb._1482
  found state code: 2'10
  found ctrl input: \usb._1478
  found state code: 2'01
  found ctrl output: \usb._1573
  found ctrl output: \usb._1516
  found ctrl output: \usb._1501
  found ctrl output: \usb._1469
  ctrl inputs: { \usb._1478 \usb._1482 \usb._1471 \usb._1575 \usb._1461 \rst48_sr [3] }
  ctrl outputs: { \usb._1469 \usb._1501 \usb._1516 \usb._1573 $flatten\usb.$0\_1467[1:0] }
  transition:       2'00 6'----00 ->       2'00 6'001000
  transition:       2'00 6'0---10 ->       2'00 6'001000
  transition:       2'00 6'1---10 ->       2'01 6'001001
  transition:       2'00 6'-----1 ->       2'00 6'001000
  transition:       2'10 6'----00 ->       2'10 6'100010
  transition:       2'10 6'--0-10 ->       2'10 6'100010
  transition:       2'10 6'--1-10 ->       2'11 6'100011
  transition:       2'10 6'-----1 ->       2'00 6'100000
  transition:       2'01 6'----00 ->       2'01 6'010001
  transition:       2'01 6'-00-10 ->       2'01 6'010001
  transition:       2'01 6'-10-10 ->       2'10 6'010010
  transition:       2'01 6'--1-10 ->       2'00 6'010000
  transition:       2'01 6'-----1 ->       2'00 6'010000
  transition:       2'11 6'----00 ->       2'11 6'000111
  transition:       2'11 6'---010 ->       2'11 6'000111
  transition:       2'11 6'---110 ->       2'00 6'000100
  transition:       2'11 6'-----1 ->       2'00 6'000100
Extracting FSM `\usb._612' from module `\ulx3s_top'.
  found $dff cell for state register: $flatten\usb.$procdff$5625
  root of input selection tree: $flatten\usb.$0\_612[2:0]
  found reset state: 3'000 (guessed from mux tree)
  found ctrl input: \rst48_sr [3]
  found ctrl input: \usb._82
  found ctrl input: \usb._309
  found ctrl input: \usb._604
  found ctrl input: \usb._632
  found ctrl input: \usb._318
  found ctrl input: \usb._333
  found ctrl input: \usb._353
  found ctrl input: \usb._358
  found ctrl input: \usb._363
  found state code: 3'100
  found state code: 3'010
  found state code: 3'001
  found ctrl input: \usb._328
  found ctrl input: \usb._640
  found ctrl input: \usb._1087
  found ctrl input: \usb._1089
  found state code: 3'000
  found ctrl input: \usb._609
  found ctrl input: \usb._1085
  found ctrl input: \usb._1086
  found ctrl input: \usb._1272
  found state code: 3'011
  found ctrl output: \usb._1085
  found ctrl output: \usb._1086
  found ctrl output: \usb._1087
  found ctrl output: \usb._1088
  found ctrl output: \usb._1089
  ctrl inputs: { \usb._1272 \usb._363 \usb._358 \usb._353 \usb._333 \usb._318 \usb._609 \usb._640 \usb._328 \usb._632 \usb._604 \usb._309 \usb._82 \rst48_sr [3] }
  ctrl outputs: { \usb._1089 \usb._1088 \usb._1087 \usb._1086 \usb._1085 $flatten\usb.$0\_612[2:0] }
  transition:      3'000 14'------------00 ->      3'000 8'01000000
  transition:      3'000 14'-----0---00010 ->      3'000 8'01000000
  transition:      3'000 14'----01---00010 ->      3'000 8'01000000
  transition:      3'000 14'-00011---00010 ->      3'100 8'01000100
  transition:      3'000 14'-10011---00010 ->      3'010 8'01000010
  transition:      3'000 14'--1011---00010 ->      3'010 8'01000010
  transition:      3'000 14'---111---00010 ->      3'001 8'01000001
  transition:      3'000 14'-----0--010010 ->      3'000 8'01000000
  transition:      3'000 14'----01--010010 ->      3'000 8'01000000
  transition:      3'000 14'-00011--010010 ->      3'100 8'01000100
  transition:      3'000 14'-10011--010010 ->      3'010 8'01000010
  transition:      3'000 14'--1011--010010 ->      3'010 8'01000010
  transition:      3'000 14'---111--010010 ->      3'001 8'01000001
  transition:      3'000 14'-----0-0110010 ->      3'000 8'01000000
  transition:      3'000 14'----01-0110010 ->      3'000 8'01000000
  transition:      3'000 14'-00011-0110010 ->      3'100 8'01000100
  transition:      3'000 14'-10011-0110010 ->      3'010 8'01000010
  transition:      3'000 14'--1011-0110010 ->      3'010 8'01000010
  transition:      3'000 14'---111-0110010 ->      3'001 8'01000001
  transition:      3'000 14'-----0-1110010 ->      3'000 8'01000000
  transition:      3'000 14'----01-1110010 ->      3'000 8'01000000
  transition:      3'000 14'-00011-1110010 ->      3'100 8'01000100
  transition:      3'000 14'-10011-1110010 ->      3'010 8'01000010
  transition:      3'000 14'--1011-1110010 ->      3'010 8'01000010
  transition:      3'000 14'---111-1110010 ->      3'001 8'01000001
  transition:      3'000 14'-----00--01010 ->      3'000 8'01000000
  transition:      3'000 14'----010--01010 ->      3'000 8'01000000
  transition:      3'000 14'-000110--01010 ->      3'100 8'01000100
  transition:      3'000 14'-100110--01010 ->      3'010 8'01000010
  transition:      3'000 14'--10110--01010 ->      3'010 8'01000010
  transition:      3'000 14'---1110--01010 ->      3'001 8'01000001
  transition:      3'000 14'-----00-011010 ->      3'000 8'01000000
  transition:      3'000 14'----010-011010 ->      3'000 8'01000000
  transition:      3'000 14'-000110-011010 ->      3'100 8'01000100
  transition:      3'000 14'-100110-011010 ->      3'010 8'01000010
  transition:      3'000 14'--10110-011010 ->      3'010 8'01000010
  transition:      3'000 14'---1110-011010 ->      3'001 8'01000001
  transition:      3'000 14'-----000111010 ->      3'000 8'01000000
  transition:      3'000 14'----0100111010 ->      3'000 8'01000000
  transition:      3'000 14'-0001100111010 ->      3'100 8'01000100
  transition:      3'000 14'-1001100111010 ->      3'010 8'01000010
  transition:      3'000 14'--101100111010 ->      3'010 8'01000010
  transition:      3'000 14'---11100111010 ->      3'001 8'01000001
  transition:      3'000 14'-----001111010 ->      3'000 8'01000000
  transition:      3'000 14'----0101111010 ->      3'000 8'01000000
  transition:      3'000 14'-0001101111010 ->      3'100 8'01000100
  transition:      3'000 14'-1001101111010 ->      3'010 8'01000010
  transition:      3'000 14'--101101111010 ->      3'010 8'01000010
  transition:      3'000 14'---11101111010 ->      3'001 8'01000001
  transition:      3'000 14'-----01--01010 ->      3'000 8'01000000
  transition:      3'000 14'----011--01010 ->      3'000 8'01000000
  transition:      3'000 14'-000111--01010 ->      3'100 8'01000100
  transition:      3'000 14'-100111--01010 ->      3'010 8'01000010
  transition:      3'000 14'--10111--01010 ->      3'010 8'01000010
  transition:      3'000 14'---1111--01010 ->      3'001 8'01000001
  transition:      3'000 14'-----01-011010 ->      3'000 8'01000000
  transition:      3'000 14'----011-011010 ->      3'000 8'01000000
  transition:      3'000 14'-000111-011010 ->      3'100 8'01000100
  transition:      3'000 14'-100111-011010 ->      3'010 8'01000010
  transition:      3'000 14'--10111-011010 ->      3'010 8'01000010
  transition:      3'000 14'---1111-011010 ->      3'001 8'01000001
  transition:      3'000 14'-----010111010 ->      3'000 8'01000000
  transition:      3'000 14'----0110111010 ->      3'000 8'01000000
  transition:      3'000 14'-0001110111010 ->      3'100 8'01000100
  transition:      3'000 14'-1001110111010 ->      3'010 8'01000010
  transition:      3'000 14'--101110111010 ->      3'010 8'01000010
  transition:      3'000 14'---11110111010 ->      3'001 8'01000001
  transition:      3'000 14'-----011111010 ->      3'000 8'01000000
  transition:      3'000 14'----0111111010 ->      3'000 8'01000000
  transition:      3'000 14'-0001111111010 ->      3'100 8'01000100
  transition:      3'000 14'-1001111111010 ->      3'010 8'01000010
  transition:      3'000 14'--101111111010 ->      3'010 8'01000010
  transition:      3'000 14'---11111111010 ->      3'001 8'01000001
  transition:      3'000 14'-----------110 ->      3'000 8'01000000
  transition:      3'000 14'-------------1 ->      3'000 8'01000000
  transition:      3'100 14'------------00 ->      3'100 8'00100100
  transition:      3'100 14'-----0---00010 ->      3'100 8'00100100
  transition:      3'100 14'----01---00010 ->      3'100 8'00100100
  transition:      3'100 14'-00011---00010 ->      3'100 8'00100100
  transition:      3'100 14'-10011---00010 ->      3'010 8'00100010
  transition:      3'100 14'--1011---00010 ->      3'010 8'00100010
  transition:      3'100 14'---111---00010 ->      3'001 8'00100001
  transition:      3'100 14'-----0--010010 ->      3'100 8'00100100
  transition:      3'100 14'----01--010010 ->      3'100 8'00100100
  transition:      3'100 14'-00011--010010 ->      3'100 8'00100100
  transition:      3'100 14'-10011--010010 ->      3'010 8'00100010
  transition:      3'100 14'--1011--010010 ->      3'010 8'00100010
  transition:      3'100 14'---111--010010 ->      3'001 8'00100001
  transition:      3'100 14'-----0-0110010 ->      3'100 8'00100100
  transition:      3'100 14'----01-0110010 ->      3'100 8'00100100
  transition:      3'100 14'-00011-0110010 ->      3'100 8'00100100
  transition:      3'100 14'-10011-0110010 ->      3'010 8'00100010
  transition:      3'100 14'--1011-0110010 ->      3'010 8'00100010
  transition:      3'100 14'---111-0110010 ->      3'001 8'00100001
  transition:      3'100 14'-----0-1110010 ->      3'100 8'00100100
  transition:      3'100 14'----01-1110010 ->      3'100 8'00100100
  transition:      3'100 14'-00011-1110010 ->      3'100 8'00100100
  transition:      3'100 14'-10011-1110010 ->      3'010 8'00100010
  transition:      3'100 14'--1011-1110010 ->      3'010 8'00100010
  transition:      3'100 14'---111-1110010 ->      3'001 8'00100001
  transition:      3'100 14'-----00--01010 ->      3'100 8'00100100
  transition:      3'100 14'----010--01010 ->      3'100 8'00100100
  transition:      3'100 14'-000110--01010 ->      3'100 8'00100100
  transition:      3'100 14'-100110--01010 ->      3'010 8'00100010
  transition:      3'100 14'--10110--01010 ->      3'010 8'00100010
  transition:      3'100 14'---1110--01010 ->      3'001 8'00100001
  transition:      3'100 14'-----00-011010 ->      3'100 8'00100100
  transition:      3'100 14'----010-011010 ->      3'100 8'00100100
  transition:      3'100 14'-000110-011010 ->      3'100 8'00100100
  transition:      3'100 14'-100110-011010 ->      3'010 8'00100010
  transition:      3'100 14'--10110-011010 ->      3'010 8'00100010
  transition:      3'100 14'---1110-011010 ->      3'001 8'00100001
  transition:      3'100 14'-----000111010 ->      3'100 8'00100100
  transition:      3'100 14'----0100111010 ->      3'100 8'00100100
  transition:      3'100 14'-0001100111010 ->      3'100 8'00100100
  transition:      3'100 14'-1001100111010 ->      3'010 8'00100010
  transition:      3'100 14'--101100111010 ->      3'010 8'00100010
  transition:      3'100 14'---11100111010 ->      3'001 8'00100001
  transition:      3'100 14'-----001111010 ->      3'100 8'00100100
  transition:      3'100 14'----0101111010 ->      3'100 8'00100100
  transition:      3'100 14'-0001101111010 ->      3'100 8'00100100
  transition:      3'100 14'-1001101111010 ->      3'010 8'00100010
  transition:      3'100 14'--101101111010 ->      3'010 8'00100010
  transition:      3'100 14'---11101111010 ->      3'001 8'00100001
  transition:      3'100 14'-----01--01010 ->      3'100 8'00100100
  transition:      3'100 14'----011--01010 ->      3'100 8'00100100
  transition:      3'100 14'-000111--01010 ->      3'100 8'00100100
  transition:      3'100 14'-100111--01010 ->      3'010 8'00100010
  transition:      3'100 14'--10111--01010 ->      3'010 8'00100010
  transition:      3'100 14'---1111--01010 ->      3'001 8'00100001
  transition:      3'100 14'-----01-011010 ->      3'100 8'00100100
  transition:      3'100 14'----011-011010 ->      3'100 8'00100100
  transition:      3'100 14'-000111-011010 ->      3'100 8'00100100
  transition:      3'100 14'-100111-011010 ->      3'010 8'00100010
  transition:      3'100 14'--10111-011010 ->      3'010 8'00100010
  transition:      3'100 14'---1111-011010 ->      3'001 8'00100001
  transition:      3'100 14'-----010111010 ->      3'100 8'00100100
  transition:      3'100 14'----0110111010 ->      3'100 8'00100100
  transition:      3'100 14'-0001110111010 ->      3'100 8'00100100
  transition:      3'100 14'-1001110111010 ->      3'010 8'00100010
  transition:      3'100 14'--101110111010 ->      3'010 8'00100010
  transition:      3'100 14'---11110111010 ->      3'001 8'00100001
  transition:      3'100 14'-----011111010 ->      3'100 8'00100100
  transition:      3'100 14'----0111111010 ->      3'100 8'00100100
  transition:      3'100 14'-0001111111010 ->      3'100 8'00100100
  transition:      3'100 14'-1001111111010 ->      3'010 8'00100010
  transition:      3'100 14'--101111111010 ->      3'010 8'00100010
  transition:      3'100 14'---11111111010 ->      3'001 8'00100001
  transition:      3'100 14'-----------110 ->      3'100 8'00100100
  transition:      3'100 14'-------------1 ->      3'000 8'00100000
  transition:      3'010 14'------------00 ->      3'010 8'00010010
  transition:      3'010 14'-----0---00010 ->      3'010 8'00010010
  transition:      3'010 14'----01---00010 ->      3'010 8'00010010
  transition:      3'010 14'-00011---00010 ->      3'100 8'00010100
  transition:      3'010 14'-10011---00010 ->      3'010 8'00010010
  transition:      3'010 14'--1011---00010 ->      3'010 8'00010010
  transition:      3'010 14'---111---00010 ->      3'001 8'00010001
  transition:      3'010 14'-----0--010010 ->      3'010 8'00010010
  transition:      3'010 14'----01--010010 ->      3'010 8'00010010
  transition:      3'010 14'-00011--010010 ->      3'100 8'00010100
  transition:      3'010 14'-10011--010010 ->      3'010 8'00010010
  transition:      3'010 14'--1011--010010 ->      3'010 8'00010010
  transition:      3'010 14'---111--010010 ->      3'001 8'00010001
  transition:      3'010 14'-----0-0110010 ->      3'010 8'00010010
  transition:      3'010 14'----01-0110010 ->      3'010 8'00010010
  transition:      3'010 14'-00011-0110010 ->      3'100 8'00010100
  transition:      3'010 14'-10011-0110010 ->      3'010 8'00010010
  transition:      3'010 14'--1011-0110010 ->      3'010 8'00010010
  transition:      3'010 14'---111-0110010 ->      3'001 8'00010001
  transition:      3'010 14'-----0-1110010 ->      3'010 8'00010010
  transition:      3'010 14'----01-1110010 ->      3'010 8'00010010
  transition:      3'010 14'-00011-1110010 ->      3'100 8'00010100
  transition:      3'010 14'-10011-1110010 ->      3'010 8'00010010
  transition:      3'010 14'--1011-1110010 ->      3'010 8'00010010
  transition:      3'010 14'---111-1110010 ->      3'001 8'00010001
  transition:      3'010 14'------0---1010 ->      3'000 8'00010000
  transition:      3'010 14'-----01--01010 ->      3'010 8'00010010
  transition:      3'010 14'----011--01010 ->      3'010 8'00010010
  transition:      3'010 14'-000111--01010 ->      3'100 8'00010100
  transition:      3'010 14'-100111--01010 ->      3'010 8'00010010
  transition:      3'010 14'--10111--01010 ->      3'010 8'00010010
  transition:      3'010 14'---1111--01010 ->      3'001 8'00010001
  transition:      3'010 14'-----01-011010 ->      3'010 8'00010010
  transition:      3'010 14'----011-011010 ->      3'010 8'00010010
  transition:      3'010 14'-000111-011010 ->      3'100 8'00010100
  transition:      3'010 14'-100111-011010 ->      3'010 8'00010010
  transition:      3'010 14'--10111-011010 ->      3'010 8'00010010
  transition:      3'010 14'---1111-011010 ->      3'001 8'00010001
  transition:      3'010 14'-----010111010 ->      3'010 8'00010010
  transition:      3'010 14'----0110111010 ->      3'010 8'00010010
  transition:      3'010 14'-0001110111010 ->      3'100 8'00010100
  transition:      3'010 14'-1001110111010 ->      3'010 8'00010010
  transition:      3'010 14'--101110111010 ->      3'010 8'00010010
  transition:      3'010 14'---11110111010 ->      3'001 8'00010001
  transition:      3'010 14'-----011111010 ->      3'010 8'00010010
  transition:      3'010 14'----0111111010 ->      3'010 8'00010010
  transition:      3'010 14'-0001111111010 ->      3'100 8'00010100
  transition:      3'010 14'-1001111111010 ->      3'010 8'00010010
  transition:      3'010 14'--101111111010 ->      3'010 8'00010010
  transition:      3'010 14'---11111111010 ->      3'001 8'00010001
  transition:      3'010 14'-----------110 ->      3'010 8'00010010
  transition:      3'010 14'-------------1 ->      3'000 8'00010000
  transition:      3'001 14'------------00 ->      3'001 8'00001001
  transition:      3'001 14'-----0---00010 ->      3'001 8'00001001
  transition:      3'001 14'----01---00010 ->      3'001 8'00001001
  transition:      3'001 14'-00011---00010 ->      3'100 8'00001100
  transition:      3'001 14'-10011---00010 ->      3'010 8'00001010
  transition:      3'001 14'--1011---00010 ->      3'010 8'00001010
  transition:      3'001 14'---111---00010 ->      3'001 8'00001001
  transition:      3'001 14'-----0--010010 ->      3'001 8'00001001
  transition:      3'001 14'----01--010010 ->      3'001 8'00001001
  transition:      3'001 14'-00011--010010 ->      3'100 8'00001100
  transition:      3'001 14'-10011--010010 ->      3'010 8'00001010
  transition:      3'001 14'--1011--010010 ->      3'010 8'00001010
  transition:      3'001 14'---111--010010 ->      3'001 8'00001001
  transition:      3'001 14'-----0-0110010 ->      3'001 8'00001001
  transition:      3'001 14'----01-0110010 ->      3'001 8'00001001
  transition:      3'001 14'-00011-0110010 ->      3'100 8'00001100
  transition:      3'001 14'-10011-0110010 ->      3'010 8'00001010
  transition:      3'001 14'--1011-0110010 ->      3'010 8'00001010
  transition:      3'001 14'---111-0110010 ->      3'001 8'00001001
  transition:      3'001 14'-----0-1110010 ->      3'001 8'00001001
  transition:      3'001 14'----01-1110010 ->      3'001 8'00001001
  transition:      3'001 14'-00011-1110010 ->      3'100 8'00001100
  transition:      3'001 14'-10011-1110010 ->      3'010 8'00001010
  transition:      3'001 14'--1011-1110010 ->      3'010 8'00001010
  transition:      3'001 14'---111-1110010 ->      3'001 8'00001001
  transition:      3'001 14'0----00--01010 ->      3'001 8'00001001
  transition:      3'001 14'0---010--01010 ->      3'001 8'00001001
  transition:      3'001 14'0000110--01010 ->      3'100 8'00001100
  transition:      3'001 14'0100110--01010 ->      3'010 8'00001010
  transition:      3'001 14'0-10110--01010 ->      3'010 8'00001010
  transition:      3'001 14'0--1110--01010 ->      3'001 8'00001001
  transition:      3'001 14'0----00-011010 ->      3'001 8'00001001
  transition:      3'001 14'0---010-011010 ->      3'001 8'00001001
  transition:      3'001 14'0000110-011010 ->      3'100 8'00001100
  transition:      3'001 14'0100110-011010 ->      3'010 8'00001010
  transition:      3'001 14'0-10110-011010 ->      3'010 8'00001010
  transition:      3'001 14'0--1110-011010 ->      3'001 8'00001001
  transition:      3'001 14'0----000111010 ->      3'001 8'00001001
  transition:      3'001 14'0---0100111010 ->      3'001 8'00001001
  transition:      3'001 14'00001100111010 ->      3'100 8'00001100
  transition:      3'001 14'01001100111010 ->      3'010 8'00001010
  transition:      3'001 14'0-101100111010 ->      3'010 8'00001010
  transition:      3'001 14'0--11100111010 ->      3'001 8'00001001
  transition:      3'001 14'0----001111010 ->      3'001 8'00001001
  transition:      3'001 14'0---0101111010 ->      3'001 8'00001001
  transition:      3'001 14'00001101111010 ->      3'100 8'00001100
  transition:      3'001 14'01001101111010 ->      3'010 8'00001010
  transition:      3'001 14'0-101101111010 ->      3'010 8'00001010
  transition:      3'001 14'0--11101111010 ->      3'001 8'00001001
  transition:      3'001 14'1-----0---1010 ->      3'011 8'00001011
  transition:      3'001 14'-----01--01010 ->      3'001 8'00001001
  transition:      3'001 14'----011--01010 ->      3'001 8'00001001
  transition:      3'001 14'-000111--01010 ->      3'100 8'00001100
  transition:      3'001 14'-100111--01010 ->      3'010 8'00001010
  transition:      3'001 14'--10111--01010 ->      3'010 8'00001010
  transition:      3'001 14'---1111--01010 ->      3'001 8'00001001
  transition:      3'001 14'-----01-011010 ->      3'001 8'00001001
  transition:      3'001 14'----011-011010 ->      3'001 8'00001001
  transition:      3'001 14'-000111-011010 ->      3'100 8'00001100
  transition:      3'001 14'-100111-011010 ->      3'010 8'00001010
  transition:      3'001 14'--10111-011010 ->      3'010 8'00001010
  transition:      3'001 14'---1111-011010 ->      3'001 8'00001001
  transition:      3'001 14'-----010111010 ->      3'001 8'00001001
  transition:      3'001 14'----0110111010 ->      3'001 8'00001001
  transition:      3'001 14'-0001110111010 ->      3'100 8'00001100
  transition:      3'001 14'-1001110111010 ->      3'010 8'00001010
  transition:      3'001 14'--101110111010 ->      3'010 8'00001010
  transition:      3'001 14'---11110111010 ->      3'001 8'00001001
  transition:      3'001 14'-----011111010 ->      3'001 8'00001001
  transition:      3'001 14'----0111111010 ->      3'001 8'00001001
  transition:      3'001 14'-0001111111010 ->      3'100 8'00001100
  transition:      3'001 14'-1001111111010 ->      3'010 8'00001010
  transition:      3'001 14'--101111111010 ->      3'010 8'00001010
  transition:      3'001 14'---11111111010 ->      3'001 8'00001001
  transition:      3'001 14'-----------110 ->      3'001 8'00001001
  transition:      3'001 14'-------------1 ->      3'000 8'00001000
  transition:      3'011 14'------------00 ->      3'011 8'10000011
  transition:      3'011 14'-----0---00010 ->      3'011 8'10000011
  transition:      3'011 14'----01---00010 ->      3'011 8'10000011
  transition:      3'011 14'-00011---00010 ->      3'100 8'10000100
  transition:      3'011 14'-10011---00010 ->      3'010 8'10000010
  transition:      3'011 14'--1011---00010 ->      3'010 8'10000010
  transition:      3'011 14'---111---00010 ->      3'001 8'10000001
  transition:      3'011 14'-----0--010010 ->      3'011 8'10000011
  transition:      3'011 14'----01--010010 ->      3'011 8'10000011
  transition:      3'011 14'-00011--010010 ->      3'100 8'10000100
  transition:      3'011 14'-10011--010010 ->      3'010 8'10000010
  transition:      3'011 14'--1011--010010 ->      3'010 8'10000010
  transition:      3'011 14'---111--010010 ->      3'001 8'10000001
  transition:      3'011 14'-----0-0110010 ->      3'011 8'10000011
  transition:      3'011 14'----01-0110010 ->      3'011 8'10000011
  transition:      3'011 14'-00011-0110010 ->      3'100 8'10000100
  transition:      3'011 14'-10011-0110010 ->      3'010 8'10000010
  transition:      3'011 14'--1011-0110010 ->      3'010 8'10000010
  transition:      3'011 14'---111-0110010 ->      3'001 8'10000001
  transition:      3'011 14'-------1110010 ->      3'000 8'10000000
  transition:      3'011 14'-----00--01010 ->      3'011 8'10000011
  transition:      3'011 14'----010--01010 ->      3'011 8'10000011
  transition:      3'011 14'-000110--01010 ->      3'100 8'10000100
  transition:      3'011 14'-100110--01010 ->      3'010 8'10000010
  transition:      3'011 14'--10110--01010 ->      3'010 8'10000010
  transition:      3'011 14'---1110--01010 ->      3'001 8'10000001
  transition:      3'011 14'-----00-011010 ->      3'011 8'10000011
  transition:      3'011 14'----010-011010 ->      3'011 8'10000011
  transition:      3'011 14'-000110-011010 ->      3'100 8'10000100
  transition:      3'011 14'-100110-011010 ->      3'010 8'10000010
  transition:      3'011 14'--10110-011010 ->      3'010 8'10000010
  transition:      3'011 14'---1110-011010 ->      3'001 8'10000001
  transition:      3'011 14'-----000111010 ->      3'011 8'10000011
  transition:      3'011 14'----0100111010 ->      3'011 8'10000011
  transition:      3'011 14'-0001100111010 ->      3'100 8'10000100
  transition:      3'011 14'-1001100111010 ->      3'010 8'10000010
  transition:      3'011 14'--101100111010 ->      3'010 8'10000010
  transition:      3'011 14'---11100111010 ->      3'001 8'10000001
  transition:      3'011 14'------01111010 ->      3'000 8'10000000
  transition:      3'011 14'-----01--01010 ->      3'011 8'10000011
  transition:      3'011 14'----011--01010 ->      3'011 8'10000011
  transition:      3'011 14'-000111--01010 ->      3'100 8'10000100
  transition:      3'011 14'-100111--01010 ->      3'010 8'10000010
  transition:      3'011 14'--10111--01010 ->      3'010 8'10000010
  transition:      3'011 14'---1111--01010 ->      3'001 8'10000001
  transition:      3'011 14'-----01-011010 ->      3'011 8'10000011
  transition:      3'011 14'----011-011010 ->      3'011 8'10000011
  transition:      3'011 14'-000111-011010 ->      3'100 8'10000100
  transition:      3'011 14'-100111-011010 ->      3'010 8'10000010
  transition:      3'011 14'--10111-011010 ->      3'010 8'10000010
  transition:      3'011 14'---1111-011010 ->      3'001 8'10000001
  transition:      3'011 14'-----010111010 ->      3'011 8'10000011
  transition:      3'011 14'----0110111010 ->      3'011 8'10000011
  transition:      3'011 14'-0001110111010 ->      3'100 8'10000100
  transition:      3'011 14'-1001110111010 ->      3'010 8'10000010
  transition:      3'011 14'--101110111010 ->      3'010 8'10000010
  transition:      3'011 14'---11110111010 ->      3'001 8'10000001
  transition:      3'011 14'------11111010 ->      3'000 8'10000000
  transition:      3'011 14'-----------110 ->      3'011 8'10000011
  transition:      3'011 14'-------------1 ->      3'000 8'10000000

12.13.3. Executing FSM_OPT pass (simple optimizations of FSMs).
Optimizing FSM `$fsm$\usb._612$5918' from module `\ulx3s_top'.
  Merging pattern 14'-----0-0110010 and 14'-----0-1110010 from group (0 0 8'01000000).
  Merging pattern 14'----01-0110010 and 14'----01-1110010 from group (0 0 8'01000000).
  Merging pattern 14'-----0-1110010 and 14'-----0-0110010 from group (0 0 8'01000000).
  Merging pattern 14'----01-1110010 and 14'----01-0110010 from group (0 0 8'01000000).
  Merging pattern 14'-----000111010 and 14'-----001111010 from group (0 0 8'01000000).
  Merging pattern 14'----0100111010 and 14'----0101111010 from group (0 0 8'01000000).
  Merging pattern 14'-----010111010 and 14'-----011111010 from group (0 0 8'01000000).
  Merging pattern 14'----0110111010 and 14'----0111111010 from group (0 0 8'01000000).
  Merging pattern 14'-----001111010 and 14'-----000111010 from group (0 0 8'01000000).
  Merging pattern 14'----0101111010 and 14'----0100111010 from group (0 0 8'01000000).
  Merging pattern 14'-----011111010 and 14'-----010111010 from group (0 0 8'01000000).
  Merging pattern 14'----0111111010 and 14'----0110111010 from group (0 0 8'01000000).
  Merging pattern 14'-----00--01010 and 14'-----01--01010 from group (0 0 8'01000000).
  Merging pattern 14'----010--01010 and 14'----011--01010 from group (0 0 8'01000000).
  Merging pattern 14'-----01--01010 and 14'-----00--01010 from group (0 0 8'01000000).
  Merging pattern 14'----011--01010 and 14'----010--01010 from group (0 0 8'01000000).
  Merging pattern 14'-----00-011010 and 14'-----01-011010 from group (0 0 8'01000000).
  Merging pattern 14'----010-011010 and 14'----011-011010 from group (0 0 8'01000000).
  Merging pattern 14'-----01-011010 and 14'-----00-011010 from group (0 0 8'01000000).
  Merging pattern 14'----011-011010 and 14'----010-011010 from group (0 0 8'01000000).
  Merging pattern 14'-----00-111010 and 14'-----01-111010 from group (0 0 8'01000000).
  Merging pattern 14'----010-111010 and 14'----011-111010 from group (0 0 8'01000000).
  Merging pattern 14'-----01-111010 and 14'-----00-111010 from group (0 0 8'01000000).
  Merging pattern 14'----011-111010 and 14'----010-111010 from group (0 0 8'01000000).
  Merging pattern 14'-----0---00010 and 14'-----0---01010 from group (0 0 8'01000000).
  Merging pattern 14'----01---00010 and 14'----01---01010 from group (0 0 8'01000000).
  Merging pattern 14'-----0--010010 and 14'-----0--011010 from group (0 0 8'01000000).
  Merging pattern 14'----01--010010 and 14'----01--011010 from group (0 0 8'01000000).
  Merging pattern 14'-----0--110010 and 14'-----0--111010 from group (0 0 8'01000000).
  Merging pattern 14'----01--110010 and 14'----01--111010 from group (0 0 8'01000000).
  Merging pattern 14'-----0---01010 and 14'-----0---00010 from group (0 0 8'01000000).
  Merging pattern 14'----01---01010 and 14'----01---00010 from group (0 0 8'01000000).
  Merging pattern 14'-----0--011010 and 14'-----0--010010 from group (0 0 8'01000000).
  Merging pattern 14'----01--011010 and 14'----01--010010 from group (0 0 8'01000000).
  Merging pattern 14'-----0--111010 and 14'-----0--110010 from group (0 0 8'01000000).
  Merging pattern 14'----01--111010 and 14'----01--110010 from group (0 0 8'01000000).
  Merging pattern 14'-----0--01-010 and 14'-----0--11-010 from group (0 0 8'01000000).
  Merging pattern 14'----01--01-010 and 14'----01--11-010 from group (0 0 8'01000000).
  Merging pattern 14'-----0--11-010 and 14'-----0--01-010 from group (0 0 8'01000000).
  Merging pattern 14'----01--11-010 and 14'----01--01-010 from group (0 0 8'01000000).
  Merging pattern 14'-----0---0-010 and 14'-----0---1-010 from group (0 0 8'01000000).
  Merging pattern 14'----01---0-010 and 14'----01---1-010 from group (0 0 8'01000000).
  Merging pattern 14'-----0---1-010 and 14'-----0---0-010 from group (0 0 8'01000000).
  Merging pattern 14'----01---1-010 and 14'----01---0-010 from group (0 0 8'01000000).
  Merging pattern 14'-00011-0110010 and 14'-00011-1110010 from group (0 1 8'01000100).
  Merging pattern 14'-00011-1110010 and 14'-00011-0110010 from group (0 1 8'01000100).
  Merging pattern 14'-0001100111010 and 14'-0001101111010 from group (0 1 8'01000100).
  Merging pattern 14'-0001110111010 and 14'-0001111111010 from group (0 1 8'01000100).
  Merging pattern 14'-0001101111010 and 14'-0001100111010 from group (0 1 8'01000100).
  Merging pattern 14'-0001111111010 and 14'-0001110111010 from group (0 1 8'01000100).
  Merging pattern 14'-000110--01010 and 14'-000111--01010 from group (0 1 8'01000100).
  Merging pattern 14'-000111--01010 and 14'-000110--01010 from group (0 1 8'01000100).
  Merging pattern 14'-000110-011010 and 14'-000111-011010 from group (0 1 8'01000100).
  Merging pattern 14'-000111-011010 and 14'-000110-011010 from group (0 1 8'01000100).
  Merging pattern 14'-000110-111010 and 14'-000111-111010 from group (0 1 8'01000100).
  Merging pattern 14'-000111-111010 and 14'-000110-111010 from group (0 1 8'01000100).
  Merging pattern 14'-00011---00010 and 14'-00011---01010 from group (0 1 8'01000100).
  Merging pattern 14'-00011--010010 and 14'-00011--011010 from group (0 1 8'01000100).
  Merging pattern 14'-00011--110010 and 14'-00011--111010 from group (0 1 8'01000100).
  Merging pattern 14'-00011---01010 and 14'-00011---00010 from group (0 1 8'01000100).
  Merging pattern 14'-00011--011010 and 14'-00011--010010 from group (0 1 8'01000100).
  Merging pattern 14'-00011--111010 and 14'-00011--110010 from group (0 1 8'01000100).
  Merging pattern 14'-00011--01-010 and 14'-00011--11-010 from group (0 1 8'01000100).
  Merging pattern 14'-00011--11-010 and 14'-00011--01-010 from group (0 1 8'01000100).
  Merging pattern 14'-00011---0-010 and 14'-00011---1-010 from group (0 1 8'01000100).
  Merging pattern 14'-00011---1-010 and 14'-00011---0-010 from group (0 1 8'01000100).
  Merging pattern 14'-10011-0110010 and 14'-10011-1110010 from group (0 2 8'01000010).
  Merging pattern 14'--1011-0110010 and 14'--1011-1110010 from group (0 2 8'01000010).
  Merging pattern 14'-10011-1110010 and 14'-10011-0110010 from group (0 2 8'01000010).
  Merging pattern 14'--1011-1110010 and 14'--1011-0110010 from group (0 2 8'01000010).
  Merging pattern 14'-1001100111010 and 14'-1001101111010 from group (0 2 8'01000010).
  Merging pattern 14'--101100111010 and 14'--101101111010 from group (0 2 8'01000010).
  Merging pattern 14'-1001110111010 and 14'-1001111111010 from group (0 2 8'01000010).
  Merging pattern 14'--101110111010 and 14'--101111111010 from group (0 2 8'01000010).
  Merging pattern 14'-1001101111010 and 14'-1001100111010 from group (0 2 8'01000010).
  Merging pattern 14'--101101111010 and 14'--101100111010 from group (0 2 8'01000010).
  Merging pattern 14'-1001111111010 and 14'-1001110111010 from group (0 2 8'01000010).
  Merging pattern 14'--101111111010 and 14'--101110111010 from group (0 2 8'01000010).
  Merging pattern 14'-100110--01010 and 14'-100111--01010 from group (0 2 8'01000010).
  Merging pattern 14'--10110--01010 and 14'--10111--01010 from group (0 2 8'01000010).
  Merging pattern 14'-100111--01010 and 14'-100110--01010 from group (0 2 8'01000010).
  Merging pattern 14'--10111--01010 and 14'--10110--01010 from group (0 2 8'01000010).
  Merging pattern 14'-100110-011010 and 14'-100111-011010 from group (0 2 8'01000010).
  Merging pattern 14'--10110-011010 and 14'--10111-011010 from group (0 2 8'01000010).
  Merging pattern 14'-100111-011010 and 14'-100110-011010 from group (0 2 8'01000010).
  Merging pattern 14'--10111-011010 and 14'--10110-011010 from group (0 2 8'01000010).
  Merging pattern 14'-100110-111010 and 14'-100111-111010 from group (0 2 8'01000010).
  Merging pattern 14'--10110-111010 and 14'--10111-111010 from group (0 2 8'01000010).
  Merging pattern 14'-100111-111010 and 14'-100110-111010 from group (0 2 8'01000010).
  Merging pattern 14'--10111-111010 and 14'--10110-111010 from group (0 2 8'01000010).
  Merging pattern 14'-10011---00010 and 14'-10011---01010 from group (0 2 8'01000010).
  Merging pattern 14'--1011---00010 and 14'--1011---01010 from group (0 2 8'01000010).
  Merging pattern 14'-10011--010010 and 14'-10011--011010 from group (0 2 8'01000010).
  Merging pattern 14'--1011--010010 and 14'--1011--011010 from group (0 2 8'01000010).
  Merging pattern 14'-10011--110010 and 14'-10011--111010 from group (0 2 8'01000010).
  Merging pattern 14'--1011--110010 and 14'--1011--111010 from group (0 2 8'01000010).
  Merging pattern 14'-10011---01010 and 14'-10011---00010 from group (0 2 8'01000010).
  Merging pattern 14'--1011---01010 and 14'--1011---00010 from group (0 2 8'01000010).
  Merging pattern 14'-10011--011010 and 14'-10011--010010 from group (0 2 8'01000010).
  Merging pattern 14'--1011--011010 and 14'--1011--010010 from group (0 2 8'01000010).
  Merging pattern 14'-10011--111010 and 14'-10011--110010 from group (0 2 8'01000010).
  Merging pattern 14'--1011--111010 and 14'--1011--110010 from group (0 2 8'01000010).
  Merging pattern 14'-10011--01-010 and 14'-10011--11-010 from group (0 2 8'01000010).
  Merging pattern 14'--1011--01-010 and 14'--1011--11-010 from group (0 2 8'01000010).
  Merging pattern 14'-10011--11-010 and 14'-10011--01-010 from group (0 2 8'01000010).
  Merging pattern 14'--1011--11-010 and 14'--1011--01-010 from group (0 2 8'01000010).
  Merging pattern 14'-10011---0-010 and 14'-10011---1-010 from group (0 2 8'01000010).
  Merging pattern 14'--1011---0-010 and 14'--1011---1-010 from group (0 2 8'01000010).
  Merging pattern 14'-10011---1-010 and 14'-10011---0-010 from group (0 2 8'01000010).
  Merging pattern 14'--1011---1-010 and 14'--1011---0-010 from group (0 2 8'01000010).
  Merging pattern 14'---111-0110010 and 14'---111-1110010 from group (0 3 8'01000001).
  Merging pattern 14'---111-1110010 and 14'---111-0110010 from group (0 3 8'01000001).
  Merging pattern 14'---11100111010 and 14'---11101111010 from group (0 3 8'01000001).
  Merging pattern 14'---11110111010 and 14'---11111111010 from group (0 3 8'01000001).
  Merging pattern 14'---11101111010 and 14'---11100111010 from group (0 3 8'01000001).
  Merging pattern 14'---11111111010 and 14'---11110111010 from group (0 3 8'01000001).
  Merging pattern 14'---1110--01010 and 14'---1111--01010 from group (0 3 8'01000001).
  Merging pattern 14'---1111--01010 and 14'---1110--01010 from group (0 3 8'01000001).
  Merging pattern 14'---1110-011010 and 14'---1111-011010 from group (0 3 8'01000001).
  Merging pattern 14'---1111-011010 and 14'---1110-011010 from group (0 3 8'01000001).
  Merging pattern 14'---1110-111010 and 14'---1111-111010 from group (0 3 8'01000001).
  Merging pattern 14'---1111-111010 and 14'---1110-111010 from group (0 3 8'01000001).
  Merging pattern 14'---111---00010 and 14'---111---01010 from group (0 3 8'01000001).
  Merging pattern 14'---111--010010 and 14'---111--011010 from group (0 3 8'01000001).
  Merging pattern 14'---111--110010 and 14'---111--111010 from group (0 3 8'01000001).
  Merging pattern 14'---111---01010 and 14'---111---00010 from group (0 3 8'01000001).
  Merging pattern 14'---111--011010 and 14'---111--010010 from group (0 3 8'01000001).
  Merging pattern 14'---111--111010 and 14'---111--110010 from group (0 3 8'01000001).
  Merging pattern 14'---111--01-010 and 14'---111--11-010 from group (0 3 8'01000001).
  Merging pattern 14'---111--11-010 and 14'---111--01-010 from group (0 3 8'01000001).
  Merging pattern 14'---111---0-010 and 14'---111---1-010 from group (0 3 8'01000001).
  Merging pattern 14'---111---1-010 and 14'---111---0-010 from group (0 3 8'01000001).
  Merging pattern 14'-----0-0110010 and 14'-----0-1110010 from group (1 1 8'00100100).
  Merging pattern 14'----01-0110010 and 14'----01-1110010 from group (1 1 8'00100100).
  Merging pattern 14'-00011-0110010 and 14'-00011-1110010 from group (1 1 8'00100100).
  Merging pattern 14'-----0-1110010 and 14'-----0-0110010 from group (1 1 8'00100100).
  Merging pattern 14'----01-1110010 and 14'----01-0110010 from group (1 1 8'00100100).
  Merging pattern 14'-00011-1110010 and 14'-00011-0110010 from group (1 1 8'00100100).
  Merging pattern 14'-----000111010 and 14'-----001111010 from group (1 1 8'00100100).
  Merging pattern 14'----0100111010 and 14'----0101111010 from group (1 1 8'00100100).
  Merging pattern 14'-0001100111010 and 14'-0001101111010 from group (1 1 8'00100100).
  Merging pattern 14'-----010111010 and 14'-----011111010 from group (1 1 8'00100100).
  Merging pattern 14'----0110111010 and 14'----0111111010 from group (1 1 8'00100100).
  Merging pattern 14'-0001110111010 and 14'-0001111111010 from group (1 1 8'00100100).
  Merging pattern 14'-----001111010 and 14'-----000111010 from group (1 1 8'00100100).
  Merging pattern 14'----0101111010 and 14'----0100111010 from group (1 1 8'00100100).
  Merging pattern 14'-0001101111010 and 14'-0001100111010 from group (1 1 8'00100100).
  Merging pattern 14'-----011111010 and 14'-----010111010 from group (1 1 8'00100100).
  Merging pattern 14'----0111111010 and 14'----0110111010 from group (1 1 8'00100100).
  Merging pattern 14'-0001111111010 and 14'-0001110111010 from group (1 1 8'00100100).
  Merging pattern 14'-----00--01010 and 14'-----01--01010 from group (1 1 8'00100100).
  Merging pattern 14'----010--01010 and 14'----011--01010 from group (1 1 8'00100100).
  Merging pattern 14'-000110--01010 and 14'-000111--01010 from group (1 1 8'00100100).
  Merging pattern 14'-----01--01010 and 14'-----00--01010 from group (1 1 8'00100100).
  Merging pattern 14'----011--01010 and 14'----010--01010 from group (1 1 8'00100100).
  Merging pattern 14'-000111--01010 and 14'-000110--01010 from group (1 1 8'00100100).
  Merging pattern 14'-----00-011010 and 14'-----01-011010 from group (1 1 8'00100100).
  Merging pattern 14'----010-011010 and 14'----011-011010 from group (1 1 8'00100100).
  Merging pattern 14'-000110-011010 and 14'-000111-011010 from group (1 1 8'00100100).
  Merging pattern 14'-----01-011010 and 14'-----00-011010 from group (1 1 8'00100100).
  Merging pattern 14'----011-011010 and 14'----010-011010 from group (1 1 8'00100100).
  Merging pattern 14'-000111-011010 and 14'-000110-011010 from group (1 1 8'00100100).
  Merging pattern 14'-----00-111010 and 14'-----01-111010 from group (1 1 8'00100100).
  Merging pattern 14'----010-111010 and 14'----011-111010 from group (1 1 8'00100100).
  Merging pattern 14'-000110-111010 and 14'-000111-111010 from group (1 1 8'00100100).
  Merging pattern 14'-----01-111010 and 14'-----00-111010 from group (1 1 8'00100100).
  Merging pattern 14'----011-111010 and 14'----010-111010 from group (1 1 8'00100100).
  Merging pattern 14'-000111-111010 and 14'-000110-111010 from group (1 1 8'00100100).
  Merging pattern 14'-----0---00010 and 14'-----0---01010 from group (1 1 8'00100100).
  Merging pattern 14'----01---00010 and 14'----01---01010 from group (1 1 8'00100100).
  Merging pattern 14'-00011---00010 and 14'-00011---01010 from group (1 1 8'00100100).
  Merging pattern 14'-----0--010010 and 14'-----0--011010 from group (1 1 8'00100100).
  Merging pattern 14'----01--010010 and 14'----01--011010 from group (1 1 8'00100100).
  Merging pattern 14'-00011--010010 and 14'-00011--011010 from group (1 1 8'00100100).
  Merging pattern 14'-----0--110010 and 14'-----0--111010 from group (1 1 8'00100100).
  Merging pattern 14'----01--110010 and 14'----01--111010 from group (1 1 8'00100100).
  Merging pattern 14'-00011--110010 and 14'-00011--111010 from group (1 1 8'00100100).
  Merging pattern 14'-----0---01010 and 14'-----0---00010 from group (1 1 8'00100100).
  Merging pattern 14'----01---01010 and 14'----01---00010 from group (1 1 8'00100100).
  Merging pattern 14'-00011---01010 and 14'-00011---00010 from group (1 1 8'00100100).
  Merging pattern 14'-----0--011010 and 14'-----0--010010 from group (1 1 8'00100100).
  Merging pattern 14'----01--011010 and 14'----01--010010 from group (1 1 8'00100100).
  Merging pattern 14'-00011--011010 and 14'-00011--010010 from group (1 1 8'00100100).
  Merging pattern 14'-----0--111010 and 14'-----0--110010 from group (1 1 8'00100100).
  Merging pattern 14'----01--111010 and 14'----01--110010 from group (1 1 8'00100100).
  Merging pattern 14'-00011--111010 and 14'-00011--110010 from group (1 1 8'00100100).
  Merging pattern 14'-----0--01-010 and 14'-----0--11-010 from group (1 1 8'00100100).
  Merging pattern 14'----01--01-010 and 14'----01--11-010 from group (1 1 8'00100100).
  Merging pattern 14'-00011--01-010 and 14'-00011--11-010 from group (1 1 8'00100100).
  Merging pattern 14'-----0--11-010 and 14'-----0--01-010 from group (1 1 8'00100100).
  Merging pattern 14'----01--11-010 and 14'----01--01-010 from group (1 1 8'00100100).
  Merging pattern 14'-00011--11-010 and 14'-00011--01-010 from group (1 1 8'00100100).
  Merging pattern 14'-----0---0-010 and 14'-----0---1-010 from group (1 1 8'00100100).
  Merging pattern 14'----01---0-010 and 14'----01---1-010 from group (1 1 8'00100100).
  Merging pattern 14'-00011---0-010 and 14'-00011---1-010 from group (1 1 8'00100100).
  Merging pattern 14'-----0---1-010 and 14'-----0---0-010 from group (1 1 8'00100100).
  Merging pattern 14'----01---1-010 and 14'----01---0-010 from group (1 1 8'00100100).
  Merging pattern 14'-00011---1-010 and 14'-00011---0-010 from group (1 1 8'00100100).
  Merging pattern 14'-10011-0110010 and 14'-10011-1110010 from group (1 2 8'00100010).
  Merging pattern 14'--1011-0110010 and 14'--1011-1110010 from group (1 2 8'00100010).
  Merging pattern 14'-10011-1110010 and 14'-10011-0110010 from group (1 2 8'00100010).
  Merging pattern 14'--1011-1110010 and 14'--1011-0110010 from group (1 2 8'00100010).
  Merging pattern 14'-1001100111010 and 14'-1001101111010 from group (1 2 8'00100010).
  Merging pattern 14'--101100111010 and 14'--101101111010 from group (1 2 8'00100010).
  Merging pattern 14'-1001110111010 and 14'-1001111111010 from group (1 2 8'00100010).
  Merging pattern 14'--101110111010 and 14'--101111111010 from group (1 2 8'00100010).
  Merging pattern 14'-1001101111010 and 14'-1001100111010 from group (1 2 8'00100010).
  Merging pattern 14'--101101111010 and 14'--101100111010 from group (1 2 8'00100010).
  Merging pattern 14'-1001111111010 and 14'-1001110111010 from group (1 2 8'00100010).
  Merging pattern 14'--101111111010 and 14'--101110111010 from group (1 2 8'00100010).
  Merging pattern 14'-100110--01010 and 14'-100111--01010 from group (1 2 8'00100010).
  Merging pattern 14'--10110--01010 and 14'--10111--01010 from group (1 2 8'00100010).
  Merging pattern 14'-100111--01010 and 14'-100110--01010 from group (1 2 8'00100010).
  Merging pattern 14'--10111--01010 and 14'--10110--01010 from group (1 2 8'00100010).
  Merging pattern 14'-100110-011010 and 14'-100111-011010 from group (1 2 8'00100010).
  Merging pattern 14'--10110-011010 and 14'--10111-011010 from group (1 2 8'00100010).
  Merging pattern 14'-100111-011010 and 14'-100110-011010 from group (1 2 8'00100010).
  Merging pattern 14'--10111-011010 and 14'--10110-011010 from group (1 2 8'00100010).
  Merging pattern 14'-100110-111010 and 14'-100111-111010 from group (1 2 8'00100010).
  Merging pattern 14'--10110-111010 and 14'--10111-111010 from group (1 2 8'00100010).
  Merging pattern 14'-100111-111010 and 14'-100110-111010 from group (1 2 8'00100010).
  Merging pattern 14'--10111-111010 and 14'--10110-111010 from group (1 2 8'00100010).
  Merging pattern 14'-10011---00010 and 14'-10011---01010 from group (1 2 8'00100010).
  Merging pattern 14'--1011---00010 and 14'--1011---01010 from group (1 2 8'00100010).
  Merging pattern 14'-10011--010010 and 14'-10011--011010 from group (1 2 8'00100010).
  Merging pattern 14'--1011--010010 and 14'--1011--011010 from group (1 2 8'00100010).
  Merging pattern 14'-10011--110010 and 14'-10011--111010 from group (1 2 8'00100010).
  Merging pattern 14'--1011--110010 and 14'--1011--111010 from group (1 2 8'00100010).
  Merging pattern 14'-10011---01010 and 14'-10011---00010 from group (1 2 8'00100010).
  Merging pattern 14'--1011---01010 and 14'--1011---00010 from group (1 2 8'00100010).
  Merging pattern 14'-10011--011010 and 14'-10011--010010 from group (1 2 8'00100010).
  Merging pattern 14'--1011--011010 and 14'--1011--010010 from group (1 2 8'00100010).
  Merging pattern 14'-10011--111010 and 14'-10011--110010 from group (1 2 8'00100010).
  Merging pattern 14'--1011--111010 and 14'--1011--110010 from group (1 2 8'00100010).
  Merging pattern 14'-10011--01-010 and 14'-10011--11-010 from group (1 2 8'00100010).
  Merging pattern 14'--1011--01-010 and 14'--1011--11-010 from group (1 2 8'00100010).
  Merging pattern 14'-10011--11-010 and 14'-10011--01-010 from group (1 2 8'00100010).
  Merging pattern 14'--1011--11-010 and 14'--1011--01-010 from group (1 2 8'00100010).
  Merging pattern 14'-10011---0-010 and 14'-10011---1-010 from group (1 2 8'00100010).
  Merging pattern 14'--1011---0-010 and 14'--1011---1-010 from group (1 2 8'00100010).
  Merging pattern 14'-10011---1-010 and 14'-10011---0-010 from group (1 2 8'00100010).
  Merging pattern 14'--1011---1-010 and 14'--1011---0-010 from group (1 2 8'00100010).
  Merging pattern 14'---111-0110010 and 14'---111-1110010 from group (1 3 8'00100001).
  Merging pattern 14'---111-1110010 and 14'---111-0110010 from group (1 3 8'00100001).
  Merging pattern 14'---11100111010 and 14'---11101111010 from group (1 3 8'00100001).
  Merging pattern 14'---11110111010 and 14'---11111111010 from group (1 3 8'00100001).
  Merging pattern 14'---11101111010 and 14'---11100111010 from group (1 3 8'00100001).
  Merging pattern 14'---11111111010 and 14'---11110111010 from group (1 3 8'00100001).
  Merging pattern 14'---1110--01010 and 14'---1111--01010 from group (1 3 8'00100001).
  Merging pattern 14'---1111--01010 and 14'---1110--01010 from group (1 3 8'00100001).
  Merging pattern 14'---1110-011010 and 14'---1111-011010 from group (1 3 8'00100001).
  Merging pattern 14'---1111-011010 and 14'---1110-011010 from group (1 3 8'00100001).
  Merging pattern 14'---1110-111010 and 14'---1111-111010 from group (1 3 8'00100001).
  Merging pattern 14'---1111-111010 and 14'---1110-111010 from group (1 3 8'00100001).
  Merging pattern 14'---111---00010 and 14'---111---01010 from group (1 3 8'00100001).
  Merging pattern 14'---111--010010 and 14'---111--011010 from group (1 3 8'00100001).
  Merging pattern 14'---111--110010 and 14'---111--111010 from group (1 3 8'00100001).
  Merging pattern 14'---111---01010 and 14'---111---00010 from group (1 3 8'00100001).
  Merging pattern 14'---111--011010 and 14'---111--010010 from group (1 3 8'00100001).
  Merging pattern 14'---111--111010 and 14'---111--110010 from group (1 3 8'00100001).
  Merging pattern 14'---111--01-010 and 14'---111--11-010 from group (1 3 8'00100001).
  Merging pattern 14'---111--11-010 and 14'---111--01-010 from group (1 3 8'00100001).
  Merging pattern 14'---111---0-010 and 14'---111---1-010 from group (1 3 8'00100001).
  Merging pattern 14'---111---1-010 and 14'---111---0-010 from group (1 3 8'00100001).
  Merging pattern 14'-00011-0110010 and 14'-00011-1110010 from group (2 1 8'00010100).
  Merging pattern 14'-00011-1110010 and 14'-00011-0110010 from group (2 1 8'00010100).
  Merging pattern 14'-0001110111010 and 14'-0001111111010 from group (2 1 8'00010100).
  Merging pattern 14'-0001111111010 and 14'-0001110111010 from group (2 1 8'00010100).
  Merging pattern 14'-00011--010010 and 14'-00011--110010 from group (2 1 8'00010100).
  Merging pattern 14'-00011--110010 and 14'-00011--010010 from group (2 1 8'00010100).
  Merging pattern 14'-000111-011010 and 14'-000111-111010 from group (2 1 8'00010100).
  Merging pattern 14'-000111-111010 and 14'-000111-011010 from group (2 1 8'00010100).
  Merging pattern 14'-00011---00010 and 14'-00011---10010 from group (2 1 8'00010100).
  Merging pattern 14'-00011---10010 and 14'-00011---00010 from group (2 1 8'00010100).
  Merging pattern 14'-000111--01010 and 14'-000111--11010 from group (2 1 8'00010100).
  Merging pattern 14'-000111--11010 and 14'-000111--01010 from group (2 1 8'00010100).
  Merging pattern 14'-----0-0110010 and 14'-----0-1110010 from group (2 2 8'00010010).
  Merging pattern 14'----01-0110010 and 14'----01-1110010 from group (2 2 8'00010010).
  Merging pattern 14'-10011-0110010 and 14'-10011-1110010 from group (2 2 8'00010010).
  Merging pattern 14'--1011-0110010 and 14'--1011-1110010 from group (2 2 8'00010010).
  Merging pattern 14'-----0-1110010 and 14'-----0-0110010 from group (2 2 8'00010010).
  Merging pattern 14'----01-1110010 and 14'----01-0110010 from group (2 2 8'00010010).
  Merging pattern 14'-10011-1110010 and 14'-10011-0110010 from group (2 2 8'00010010).
  Merging pattern 14'--1011-1110010 and 14'--1011-0110010 from group (2 2 8'00010010).
  Merging pattern 14'-----010111010 and 14'-----011111010 from group (2 2 8'00010010).
  Merging pattern 14'----0110111010 and 14'----0111111010 from group (2 2 8'00010010).
  Merging pattern 14'-1001110111010 and 14'-1001111111010 from group (2 2 8'00010010).
  Merging pattern 14'--101110111010 and 14'--101111111010 from group (2 2 8'00010010).
  Merging pattern 14'-----011111010 and 14'-----010111010 from group (2 2 8'00010010).
  Merging pattern 14'----0111111010 and 14'----0110111010 from group (2 2 8'00010010).
  Merging pattern 14'-1001111111010 and 14'-1001110111010 from group (2 2 8'00010010).
  Merging pattern 14'--101111111010 and 14'--101110111010 from group (2 2 8'00010010).
  Merging pattern 14'-----0--010010 and 14'-----0--110010 from group (2 2 8'00010010).
  Merging pattern 14'----01--010010 and 14'----01--110010 from group (2 2 8'00010010).
  Merging pattern 14'-10011--010010 and 14'-10011--110010 from group (2 2 8'00010010).
  Merging pattern 14'--1011--010010 and 14'--1011--110010 from group (2 2 8'00010010).
  Merging pattern 14'-----0--110010 and 14'-----0--010010 from group (2 2 8'00010010).
  Merging pattern 14'----01--110010 and 14'----01--010010 from group (2 2 8'00010010).
  Merging pattern 14'-10011--110010 and 14'-10011--010010 from group (2 2 8'00010010).
  Merging pattern 14'--1011--110010 and 14'--1011--010010 from group (2 2 8'00010010).
  Merging pattern 14'-----01-011010 and 14'-----01-111010 from group (2 2 8'00010010).
  Merging pattern 14'----011-011010 and 14'----011-111010 from group (2 2 8'00010010).
  Merging pattern 14'-100111-011010 and 14'-100111-111010 from group (2 2 8'00010010).
  Merging pattern 14'--10111-011010 and 14'--10111-111010 from group (2 2 8'00010010).
  Merging pattern 14'-----01-111010 and 14'-----01-011010 from group (2 2 8'00010010).
  Merging pattern 14'----011-111010 and 14'----011-011010 from group (2 2 8'00010010).
  Merging pattern 14'-100111-111010 and 14'-100111-011010 from group (2 2 8'00010010).
  Merging pattern 14'--10111-111010 and 14'--10111-011010 from group (2 2 8'00010010).
  Merging pattern 14'-----0---00010 and 14'-----0---10010 from group (2 2 8'00010010).
  Merging pattern 14'----01---00010 and 14'----01---10010 from group (2 2 8'00010010).
  Merging pattern 14'-10011---00010 and 14'-10011---10010 from group (2 2 8'00010010).
  Merging pattern 14'--1011---00010 and 14'--1011---10010 from group (2 2 8'00010010).
  Merging pattern 14'-----0---10010 and 14'-----0---00010 from group (2 2 8'00010010).
  Merging pattern 14'----01---10010 and 14'----01---00010 from group (2 2 8'00010010).
  Merging pattern 14'-10011---10010 and 14'-10011---00010 from group (2 2 8'00010010).
  Merging pattern 14'--1011---10010 and 14'--1011---00010 from group (2 2 8'00010010).
  Merging pattern 14'-----01--01010 and 14'-----01--11010 from group (2 2 8'00010010).
  Merging pattern 14'----011--01010 and 14'----011--11010 from group (2 2 8'00010010).
  Merging pattern 14'-100111--01010 and 14'-100111--11010 from group (2 2 8'00010010).
  Merging pattern 14'--10111--01010 and 14'--10111--11010 from group (2 2 8'00010010).
  Merging pattern 14'-----01--11010 and 14'-----01--01010 from group (2 2 8'00010010).
  Merging pattern 14'----011--11010 and 14'----011--01010 from group (2 2 8'00010010).
  Merging pattern 14'-100111--11010 and 14'-100111--01010 from group (2 2 8'00010010).
  Merging pattern 14'--10111--11010 and 14'--10111--01010 from group (2 2 8'00010010).
  Merging pattern 14'---111-0110010 and 14'---111-1110010 from group (2 3 8'00010001).
  Merging pattern 14'---111-1110010 and 14'---111-0110010 from group (2 3 8'00010001).
  Merging pattern 14'---11110111010 and 14'---11111111010 from group (2 3 8'00010001).
  Merging pattern 14'---11111111010 and 14'---11110111010 from group (2 3 8'00010001).
  Merging pattern 14'---111--010010 and 14'---111--110010 from group (2 3 8'00010001).
  Merging pattern 14'---111--110010 and 14'---111--010010 from group (2 3 8'00010001).
  Merging pattern 14'---1111-011010 and 14'---1111-111010 from group (2 3 8'00010001).
  Merging pattern 14'---1111-111010 and 14'---1111-011010 from group (2 3 8'00010001).
  Merging pattern 14'---111---00010 and 14'---111---10010 from group (2 3 8'00010001).
  Merging pattern 14'---111---10010 and 14'---111---00010 from group (2 3 8'00010001).
  Merging pattern 14'---1111--01010 and 14'---1111--11010 from group (2 3 8'00010001).
  Merging pattern 14'---1111--11010 and 14'---1111--01010 from group (2 3 8'00010001).
  Merging pattern 14'-00011-0110010 and 14'-00011-1110010 from group (3 1 8'00001100).
  Merging pattern 14'-00011-1110010 and 14'-00011-0110010 from group (3 1 8'00001100).
  Merging pattern 14'00001100111010 and 14'00001101111010 from group (3 1 8'00001100).
  Merging pattern 14'-0001110111010 and 14'-0001111111010 from group (3 1 8'00001100).
  Merging pattern 14'00001101111010 and 14'00001100111010 from group (3 1 8'00001100).
  Merging pattern 14'-0001111111010 and 14'-0001110111010 from group (3 1 8'00001100).
  Merging pattern 14'-00011--010010 and 14'-00011--110010 from group (3 1 8'00001100).
  Merging pattern 14'-00011--110010 and 14'-00011--010010 from group (3 1 8'00001100).
  Merging pattern 14'0000110-011010 and 14'0000110-111010 from group (3 1 8'00001100).
  Merging pattern 14'-000111-011010 and 14'-000111-111010 from group (3 1 8'00001100).
  Merging pattern 14'0000110-111010 and 14'0000110-011010 from group (3 1 8'00001100).
  Merging pattern 14'-000111-111010 and 14'-000111-011010 from group (3 1 8'00001100).
  Merging pattern 14'-00011---00010 and 14'-00011---10010 from group (3 1 8'00001100).
  Merging pattern 14'-00011---10010 and 14'-00011---00010 from group (3 1 8'00001100).
  Merging pattern 14'0000110--01010 and 14'0000110--11010 from group (3 1 8'00001100).
  Merging pattern 14'-000111--01010 and 14'-000111--11010 from group (3 1 8'00001100).
  Merging pattern 14'0000110--11010 and 14'0000110--01010 from group (3 1 8'00001100).
  Merging pattern 14'-000111--11010 and 14'-000111--01010 from group (3 1 8'00001100).
  Merging pattern 14'-10011-0110010 and 14'-10011-1110010 from group (3 2 8'00001010).
  Merging pattern 14'--1011-0110010 and 14'--1011-1110010 from group (3 2 8'00001010).
  Merging pattern 14'-10011-1110010 and 14'-10011-0110010 from group (3 2 8'00001010).
  Merging pattern 14'--1011-1110010 and 14'--1011-0110010 from group (3 2 8'00001010).
  Merging pattern 14'01001100111010 and 14'01001101111010 from group (3 2 8'00001010).
  Merging pattern 14'0-101100111010 and 14'0-101101111010 from group (3 2 8'00001010).
  Merging pattern 14'-1001110111010 and 14'-1001111111010 from group (3 2 8'00001010).
  Merging pattern 14'--101110111010 and 14'--101111111010 from group (3 2 8'00001010).
  Merging pattern 14'01001101111010 and 14'01001100111010 from group (3 2 8'00001010).
  Merging pattern 14'0-101101111010 and 14'0-101100111010 from group (3 2 8'00001010).
  Merging pattern 14'-1001111111010 and 14'-1001110111010 from group (3 2 8'00001010).
  Merging pattern 14'--101111111010 and 14'--101110111010 from group (3 2 8'00001010).
  Merging pattern 14'-10011--010010 and 14'-10011--110010 from group (3 2 8'00001010).
  Merging pattern 14'--1011--010010 and 14'--1011--110010 from group (3 2 8'00001010).
  Merging pattern 14'-10011--110010 and 14'-10011--010010 from group (3 2 8'00001010).
  Merging pattern 14'--1011--110010 and 14'--1011--010010 from group (3 2 8'00001010).
  Merging pattern 14'0100110-011010 and 14'0100110-111010 from group (3 2 8'00001010).
  Merging pattern 14'0-10110-011010 and 14'0-10110-111010 from group (3 2 8'00001010).
  Merging pattern 14'-100111-011010 and 14'-100111-111010 from group (3 2 8'00001010).
  Merging pattern 14'--10111-011010 and 14'--10111-111010 from group (3 2 8'00001010).
  Merging pattern 14'0100110-111010 and 14'0100110-011010 from group (3 2 8'00001010).
  Merging pattern 14'0-10110-111010 and 14'0-10110-011010 from group (3 2 8'00001010).
  Merging pattern 14'-100111-111010 and 14'-100111-011010 from group (3 2 8'00001010).
  Merging pattern 14'--10111-111010 and 14'--10111-011010 from group (3 2 8'00001010).
  Merging pattern 14'-10011---00010 and 14'-10011---10010 from group (3 2 8'00001010).
  Merging pattern 14'--1011---00010 and 14'--1011---10010 from group (3 2 8'00001010).
  Merging pattern 14'-10011---10010 and 14'-10011---00010 from group (3 2 8'00001010).
  Merging pattern 14'--1011---10010 and 14'--1011---00010 from group (3 2 8'00001010).
  Merging pattern 14'0100110--01010 and 14'0100110--11010 from group (3 2 8'00001010).
  Merging pattern 14'0-10110--01010 and 14'0-10110--11010 from group (3 2 8'00001010).
  Merging pattern 14'-100111--01010 and 14'-100111--11010 from group (3 2 8'00001010).
  Merging pattern 14'--10111--01010 and 14'--10111--11010 from group (3 2 8'00001010).
  Merging pattern 14'0100110--11010 and 14'0100110--01010 from group (3 2 8'00001010).
  Merging pattern 14'0-10110--11010 and 14'0-10110--01010 from group (3 2 8'00001010).
  Merging pattern 14'-100111--11010 and 14'-100111--01010 from group (3 2 8'00001010).
  Merging pattern 14'--10111--11010 and 14'--10111--01010 from group (3 2 8'00001010).
  Merging pattern 14'-----0-0110010 and 14'-----0-1110010 from group (3 3 8'00001001).
  Merging pattern 14'----01-0110010 and 14'----01-1110010 from group (3 3 8'00001001).
  Merging pattern 14'---111-0110010 and 14'---111-1110010 from group (3 3 8'00001001).
  Merging pattern 14'-----0-1110010 and 14'-----0-0110010 from group (3 3 8'00001001).
  Merging pattern 14'----01-1110010 and 14'----01-0110010 from group (3 3 8'00001001).
  Merging pattern 14'---111-1110010 and 14'---111-0110010 from group (3 3 8'00001001).
  Merging pattern 14'0----000111010 and 14'0----001111010 from group (3 3 8'00001001).
  Merging pattern 14'0---0100111010 and 14'0---0101111010 from group (3 3 8'00001001).
  Merging pattern 14'0--11100111010 and 14'0--11101111010 from group (3 3 8'00001001).
  Merging pattern 14'-----010111010 and 14'-----011111010 from group (3 3 8'00001001).
  Merging pattern 14'----0110111010 and 14'----0111111010 from group (3 3 8'00001001).
  Merging pattern 14'---11110111010 and 14'---11111111010 from group (3 3 8'00001001).
  Merging pattern 14'0----001111010 and 14'0----000111010 from group (3 3 8'00001001).
  Merging pattern 14'0---0101111010 and 14'0---0100111010 from group (3 3 8'00001001).
  Merging pattern 14'0--11101111010 and 14'0--11100111010 from group (3 3 8'00001001).
  Merging pattern 14'-----011111010 and 14'-----010111010 from group (3 3 8'00001001).
  Merging pattern 14'----0111111010 and 14'----0110111010 from group (3 3 8'00001001).
  Merging pattern 14'---11111111010 and 14'---11110111010 from group (3 3 8'00001001).
  Merging pattern 14'-----0--010010 and 14'-----0--110010 from group (3 3 8'00001001).
  Merging pattern 14'----01--010010 and 14'----01--110010 from group (3 3 8'00001001).
  Merging pattern 14'---111--010010 and 14'---111--110010 from group (3 3 8'00001001).
  Merging pattern 14'-----0--110010 and 14'-----0--010010 from group (3 3 8'00001001).
  Merging pattern 14'----01--110010 and 14'----01--010010 from group (3 3 8'00001001).
  Merging pattern 14'---111--110010 and 14'---111--010010 from group (3 3 8'00001001).
  Merging pattern 14'0----00-011010 and 14'0----00-111010 from group (3 3 8'00001001).
  Merging pattern 14'0---010-011010 and 14'0---010-111010 from group (3 3 8'00001001).
  Merging pattern 14'0--1110-011010 and 14'0--1110-111010 from group (3 3 8'00001001).
  Merging pattern 14'-----01-011010 and 14'-----01-111010 from group (3 3 8'00001001).
  Merging pattern 14'----011-011010 and 14'----011-111010 from group (3 3 8'00001001).
  Merging pattern 14'---1111-011010 and 14'---1111-111010 from group (3 3 8'00001001).
  Merging pattern 14'0----00-111010 and 14'0----00-011010 from group (3 3 8'00001001).
  Merging pattern 14'0---010-111010 and 14'0---010-011010 from group (3 3 8'00001001).
  Merging pattern 14'0--1110-111010 and 14'0--1110-011010 from group (3 3 8'00001001).
  Merging pattern 14'-----01-111010 and 14'-----01-011010 from group (3 3 8'00001001).
  Merging pattern 14'----011-111010 and 14'----011-011010 from group (3 3 8'00001001).
  Merging pattern 14'---1111-111010 and 14'---1111-011010 from group (3 3 8'00001001).
  Merging pattern 14'-----0---00010 and 14'-----0---10010 from group (3 3 8'00001001).
  Merging pattern 14'----01---00010 and 14'----01---10010 from group (3 3 8'00001001).
  Merging pattern 14'---111---00010 and 14'---111---10010 from group (3 3 8'00001001).
  Merging pattern 14'-----0---10010 and 14'-----0---00010 from group (3 3 8'00001001).
  Merging pattern 14'----01---10010 and 14'----01---00010 from group (3 3 8'00001001).
  Merging pattern 14'---111---10010 and 14'---111---00010 from group (3 3 8'00001001).
  Merging pattern 14'0----00--01010 and 14'0----00--11010 from group (3 3 8'00001001).
  Merging pattern 14'0---010--01010 and 14'0---010--11010 from group (3 3 8'00001001).
  Merging pattern 14'0--1110--01010 and 14'0--1110--11010 from group (3 3 8'00001001).
  Merging pattern 14'-----01--01010 and 14'-----01--11010 from group (3 3 8'00001001).
  Merging pattern 14'----011--01010 and 14'----011--11010 from group (3 3 8'00001001).
  Merging pattern 14'---1111--01010 and 14'---1111--11010 from group (3 3 8'00001001).
  Merging pattern 14'0----00--11010 and 14'0----00--01010 from group (3 3 8'00001001).
  Merging pattern 14'0---010--11010 and 14'0---010--01010 from group (3 3 8'00001001).
  Merging pattern 14'0--1110--11010 and 14'0--1110--01010 from group (3 3 8'00001001).
  Merging pattern 14'-----01--11010 and 14'-----01--01010 from group (3 3 8'00001001).
  Merging pattern 14'----011--11010 and 14'----011--01010 from group (3 3 8'00001001).
  Merging pattern 14'---1111--11010 and 14'---1111--01010 from group (3 3 8'00001001).
  Merging pattern 14'------01111010 and 14'------11111010 from group (4 0 8'10000000).
  Merging pattern 14'------11111010 and 14'------01111010 from group (4 0 8'10000000).
  Merging pattern 14'-------1110010 and 14'-------1111010 from group (4 0 8'10000000).
  Merging pattern 14'-------1111010 and 14'-------1110010 from group (4 0 8'10000000).
  Merging pattern 14'-000110--01010 and 14'-000111--01010 from group (4 1 8'10000100).
  Merging pattern 14'-000111--01010 and 14'-000110--01010 from group (4 1 8'10000100).
  Merging pattern 14'-000110-011010 and 14'-000111-011010 from group (4 1 8'10000100).
  Merging pattern 14'-000111-011010 and 14'-000110-011010 from group (4 1 8'10000100).
  Merging pattern 14'-0001100111010 and 14'-0001110111010 from group (4 1 8'10000100).
  Merging pattern 14'-0001110111010 and 14'-0001100111010 from group (4 1 8'10000100).
  Merging pattern 14'-00011---00010 and 14'-00011---01010 from group (4 1 8'10000100).
  Merging pattern 14'-00011--010010 and 14'-00011--011010 from group (4 1 8'10000100).
  Merging pattern 14'-00011-0110010 and 14'-00011-0111010 from group (4 1 8'10000100).
  Merging pattern 14'-00011---01010 and 14'-00011---00010 from group (4 1 8'10000100).
  Merging pattern 14'-00011--011010 and 14'-00011--010010 from group (4 1 8'10000100).
  Merging pattern 14'-00011-0111010 and 14'-00011-0110010 from group (4 1 8'10000100).
  Merging pattern 14'-100110--01010 and 14'-100111--01010 from group (4 2 8'10000010).
  Merging pattern 14'--10110--01010 and 14'--10111--01010 from group (4 2 8'10000010).
  Merging pattern 14'-100111--01010 and 14'-100110--01010 from group (4 2 8'10000010).
  Merging pattern 14'--10111--01010 and 14'--10110--01010 from group (4 2 8'10000010).
  Merging pattern 14'-100110-011010 and 14'-100111-011010 from group (4 2 8'10000010).
  Merging pattern 14'--10110-011010 and 14'--10111-011010 from group (4 2 8'10000010).
  Merging pattern 14'-100111-011010 and 14'-100110-011010 from group (4 2 8'10000010).
  Merging pattern 14'--10111-011010 and 14'--10110-011010 from group (4 2 8'10000010).
  Merging pattern 14'-1001100111010 and 14'-1001110111010 from group (4 2 8'10000010).
  Merging pattern 14'--101100111010 and 14'--101110111010 from group (4 2 8'10000010).
  Merging pattern 14'-1001110111010 and 14'-1001100111010 from group (4 2 8'10000010).
  Merging pattern 14'--101110111010 and 14'--101100111010 from group (4 2 8'10000010).
  Merging pattern 14'-10011---00010 and 14'-10011---01010 from group (4 2 8'10000010).
  Merging pattern 14'--1011---00010 and 14'--1011---01010 from group (4 2 8'10000010).
  Merging pattern 14'-10011--010010 and 14'-10011--011010 from group (4 2 8'10000010).
  Merging pattern 14'--1011--010010 and 14'--1011--011010 from group (4 2 8'10000010).
  Merging pattern 14'-10011-0110010 and 14'-10011-0111010 from group (4 2 8'10000010).
  Merging pattern 14'--1011-0110010 and 14'--1011-0111010 from group (4 2 8'10000010).
  Merging pattern 14'-10011---01010 and 14'-10011---00010 from group (4 2 8'10000010).
  Merging pattern 14'--1011---01010 and 14'--1011---00010 from group (4 2 8'10000010).
  Merging pattern 14'-10011--011010 and 14'-10011--010010 from group (4 2 8'10000010).
  Merging pattern 14'--1011--011010 and 14'--1011--010010 from group (4 2 8'10000010).
  Merging pattern 14'-10011-0111010 and 14'-10011-0110010 from group (4 2 8'10000010).
  Merging pattern 14'--1011-0111010 and 14'--1011-0110010 from group (4 2 8'10000010).
  Merging pattern 14'---1110--01010 and 14'---1111--01010 from group (4 3 8'10000001).
  Merging pattern 14'---1111--01010 and 14'---1110--01010 from group (4 3 8'10000001).
  Merging pattern 14'---1110-011010 and 14'---1111-011010 from group (4 3 8'10000001).
  Merging pattern 14'---1111-011010 and 14'---1110-011010 from group (4 3 8'10000001).
  Merging pattern 14'---11100111010 and 14'---11110111010 from group (4 3 8'10000001).
  Merging pattern 14'---11110111010 and 14'---11100111010 from group (4 3 8'10000001).
  Merging pattern 14'---111---00010 and 14'---111---01010 from group (4 3 8'10000001).
  Merging pattern 14'---111--010010 and 14'---111--011010 from group (4 3 8'10000001).
  Merging pattern 14'---111-0110010 and 14'---111-0111010 from group (4 3 8'10000001).
  Merging pattern 14'---111---01010 and 14'---111---00010 from group (4 3 8'10000001).
  Merging pattern 14'---111--011010 and 14'---111--010010 from group (4 3 8'10000001).
  Merging pattern 14'---111-0111010 and 14'---111-0110010 from group (4 3 8'10000001).
  Merging pattern 14'-----00--01010 and 14'-----01--01010 from group (4 4 8'10000011).
  Merging pattern 14'----010--01010 and 14'----011--01010 from group (4 4 8'10000011).
  Merging pattern 14'-----01--01010 and 14'-----00--01010 from group (4 4 8'10000011).
  Merging pattern 14'----011--01010 and 14'----010--01010 from group (4 4 8'10000011).
  Merging pattern 14'-----00-011010 and 14'-----01-011010 from group (4 4 8'10000011).
  Merging pattern 14'----010-011010 and 14'----011-011010 from group (4 4 8'10000011).
  Merging pattern 14'-----01-011010 and 14'-----00-011010 from group (4 4 8'10000011).
  Merging pattern 14'----011-011010 and 14'----010-011010 from group (4 4 8'10000011).
  Merging pattern 14'-----000111010 and 14'-----010111010 from group (4 4 8'10000011).
  Merging pattern 14'----0100111010 and 14'----0110111010 from group (4 4 8'10000011).
  Merging pattern 14'-----010111010 and 14'-----000111010 from group (4 4 8'10000011).
  Merging pattern 14'----0110111010 and 14'----0100111010 from group (4 4 8'10000011).
  Merging pattern 14'-----0---00010 and 14'-----0---01010 from group (4 4 8'10000011).
  Merging pattern 14'----01---00010 and 14'----01---01010 from group (4 4 8'10000011).
  Merging pattern 14'-----0--010010 and 14'-----0--011010 from group (4 4 8'10000011).
  Merging pattern 14'----01--010010 and 14'----01--011010 from group (4 4 8'10000011).
  Merging pattern 14'-----0-0110010 and 14'-----0-0111010 from group (4 4 8'10000011).
  Merging pattern 14'----01-0110010 and 14'----01-0111010 from group (4 4 8'10000011).
  Merging pattern 14'-----0---01010 and 14'-----0---00010 from group (4 4 8'10000011).
  Merging pattern 14'----01---01010 and 14'----01---00010 from group (4 4 8'10000011).
  Merging pattern 14'-----0--011010 and 14'-----0--010010 from group (4 4 8'10000011).
  Merging pattern 14'----01--011010 and 14'----01--010010 from group (4 4 8'10000011).
  Merging pattern 14'-----0-0111010 and 14'-----0-0110010 from group (4 4 8'10000011).
  Merging pattern 14'----01-0111010 and 14'----01-0110010 from group (4 4 8'10000011).
Optimizing FSM `$fsm$\usb._1467$5912' from module `\ulx3s_top'.
Optimizing FSM `$fsm$\usb._373$5904' from module `\ulx3s_top'.

12.13.4. Executing OPT_CLEAN pass (remove unused cells and wires).
Finding unused cells or wires in module \ulx3s_top..
Removed 65 unused cells and 68 unused wires.
<suppressed ~113 debug messages>

12.13.5. Executing FSM_OPT pass (simple optimizations of FSMs).
Optimizing FSM `$fsm$\usb._373$5904' from module `\ulx3s_top'.
  Removing unused output signal $flatten\usb.$0\_373[2:0] [0].
  Removing unused output signal $flatten\usb.$0\_373[2:0] [1].
  Removing unused output signal $flatten\usb.$0\_373[2:0] [2].
Optimizing FSM `$fsm$\usb._1467$5912' from module `\ulx3s_top'.
  Removing unused output signal $flatten\usb.$0\_1467[1:0] [0].
  Removing unused output signal $flatten\usb.$0\_1467[1:0] [1].
  Removing unused output signal \usb._1573.
Optimizing FSM `$fsm$\usb._612$5918' from module `\ulx3s_top'.
  Removing unused output signal $flatten\usb.$0\_612[2:0] [0].
  Removing unused output signal $flatten\usb.$0\_612[2:0] [1].
  Removing unused output signal $flatten\usb.$0\_612[2:0] [2].

12.13.6. Executing FSM_RECODE pass (re-assigning FSM state encoding).
Recoding FSM `$fsm$\usb._373$5904' from module `\ulx3s_top' using `auto' encoding:
  mapping auto encoding to `one-hot` for this FSM.
  000 -> -----1
  100 -> ----1-
  010 -> ---1--
  001 -> --1---
  101 -> -1----
  011 -> 1-----
Recoding FSM `$fsm$\usb._1467$5912' from module `\ulx3s_top' using `auto' encoding:
  mapping auto encoding to `one-hot` for this FSM.
  00 -> ---1
  10 -> --1-
  01 -> -1--
  11 -> 1---
Recoding FSM `$fsm$\usb._612$5918' from module `\ulx3s_top' using `auto' encoding:
  mapping auto encoding to `one-hot` for this FSM.
  000 -> ----1
  100 -> ---1-
  010 -> --1--
  001 -> -1---
  011 -> 1----

12.13.7. Executing FSM_INFO pass (dumping all available information on FSM cells).

FSM `$fsm$\usb._373$5904' from module `ulx3s_top':
-------------------------------------

  Information on FSM $fsm$\usb._373$5904 (\usb._373):

  Number of input signals:    6
  Number of output signals:   6
  Number of state bits:       6

  Input signals:
    0: \rst48_sr [3]
    1: \usb._385
    2: \usb._76
    3: \usb._411
    4: \usb._416
    5: \usb._450

  Output signals:
    0: \usb._1625
    1: \usb._1626
    2: \usb._1627
    3: \usb._1020
    4: \usb._1021
    5: \usb._1008

  State encoding:
    0:   6'-----1  <RESET STATE>
    1:   6'----1-
    2:   6'---1--
    3:   6'--1---
    4:   6'-1----
    5:   6'1-----

  Transition Table (state_in, ctrl_in, state_out, ctrl_out):
      0:     0 6'---0-0   ->     0 6'100000
      1:     0 6'-----1   ->     0 6'100000
      2:     0 6'---1-0   ->     3 6'100000
      3:     1 6'-----1   ->     0 6'000010
      4:     1 6'----00   ->     1 6'000010
      5:     1 6'----10   ->     4 6'000010
      6:     2 6'-----1   ->     0 6'010000
      7:     2 6'----00   ->     2 6'010000
      8:     2 6'-00-10   ->     2 6'010000
      9:     2 6'110-10   ->     2 6'010000
     10:     2 6'--1-10   ->     2 6'010000
     11:     2 6'010-10   ->     5 6'010000
     12:     3 6'-----1   ->     0 6'001000
     13:     3 6'11--10   ->     2 6'001000
     14:     3 6'----00   ->     3 6'001000
     15:     3 6'-0--10   ->     3 6'001000
     16:     3 6'01--10   ->     5 6'001000
     17:     4 6'----10   ->     0 6'000100
     18:     4 6'-----1   ->     0 6'000100
     19:     4 6'----00   ->     4 6'000100
     20:     5 6'-----1   ->     0 6'000001
     21:     5 6'----10   ->     1 6'000001
     22:     5 6'----00   ->     5 6'000001

-------------------------------------

FSM `$fsm$\usb._1467$5912' from module `ulx3s_top':
-------------------------------------

  Information on FSM $fsm$\usb._1467$5912 (\usb._1467):

  Number of input signals:    6
  Number of output signals:   3
  Number of state bits:       4

  Input signals:
    0: \rst48_sr [3]
    1: \usb._1461
    2: \usb._1575
    3: \usb._1471
    4: \usb._1482
    5: \usb._1478

  Output signals:
    0: \usb._1516
    1: \usb._1501
    2: \usb._1469

  State encoding:
    0:     4'---1  <RESET STATE>
    1:     4'--1-
    2:     4'-1--
    3:     4'1---

  Transition Table (state_in, ctrl_in, state_out, ctrl_out):
      0:     0 6'----00   ->     0 3'001
      1:     0 6'0---10   ->     0 3'001
      2:     0 6'-----1   ->     0 3'001
      3:     0 6'1---10   ->     2 3'001
      4:     1 6'-----1   ->     0 3'100
      5:     1 6'----00   ->     1 3'100
      6:     1 6'--0-10   ->     1 3'100
      7:     1 6'--1-10   ->     3 3'100
      8:     2 6'--1-10   ->     0 3'010
      9:     2 6'-----1   ->     0 3'010
     10:     2 6'-10-10   ->     1 3'010
     11:     2 6'----00   ->     2 3'010
     12:     2 6'-00-10   ->     2 3'010
     13:     3 6'---110   ->     0 3'000
     14:     3 6'-----1   ->     0 3'000
     15:     3 6'----00   ->     3 3'000
     16:     3 6'---010   ->     3 3'000

-------------------------------------

FSM `$fsm$\usb._612$5918' from module `ulx3s_top':
-------------------------------------

  Information on FSM $fsm$\usb._612$5918 (\usb._612):

  Number of input signals:   14
  Number of output signals:   5
  Number of state bits:       5

  Input signals:
    0: \rst48_sr [3]
    1: \usb._82
    2: \usb._309
    3: \usb._604
    4: \usb._632
    5: \usb._328
    6: \usb._640
    7: \usb._609
    8: \usb._318
    9: \usb._333
   10: \usb._353
   11: \usb._358
   12: \usb._363
   13: \usb._1272

  Output signals:
    0: \usb._1085
    1: \usb._1086
    2: \usb._1087
    3: \usb._1088
    4: \usb._1089

  State encoding:
    0:    5'----1  <RESET STATE>
    1:    5'---1-
    2:    5'--1--
    3:    5'-1---
    4:    5'1----

  Transition Table (state_in, ctrl_in, state_out, ctrl_out):
      0:     0 14'------------00   ->     0 5'01000
      1:     0 14'-----0-----010   ->     0 5'01000
      2:     0 14'----01-----010   ->     0 5'01000
      3:     0 14'-----------110   ->     0 5'01000
      4:     0 14'-------------1   ->     0 5'01000
      5:     0 14'-00011-----010   ->     1 5'01000
      6:     0 14'-10011-----010   ->     2 5'01000
      7:     0 14'--1011-----010   ->     2 5'01000
      8:     0 14'---111-----010   ->     3 5'01000
      9:     1 14'-------------1   ->     0 5'00100
     10:     1 14'------------00   ->     1 5'00100
     11:     1 14'-----0-----010   ->     1 5'00100
     12:     1 14'----01-----010   ->     1 5'00100
     13:     1 14'-00011-----010   ->     1 5'00100
     14:     1 14'-----------110   ->     1 5'00100
     15:     1 14'-10011-----010   ->     2 5'00100
     16:     1 14'--1011-----010   ->     2 5'00100
     17:     1 14'---111-----010   ->     3 5'00100
     18:     2 14'------0---1010   ->     0 5'00010
     19:     2 14'-------------1   ->     0 5'00010
     20:     2 14'-00011----0010   ->     1 5'00010
     21:     2 14'-000111---1010   ->     1 5'00010
     22:     2 14'------------00   ->     2 5'00010
     23:     2 14'-----0----0010   ->     2 5'00010
     24:     2 14'----01----0010   ->     2 5'00010
     25:     2 14'-10011----0010   ->     2 5'00010
     26:     2 14'--1011----0010   ->     2 5'00010
     27:     2 14'-----01---1010   ->     2 5'00010
     28:     2 14'----011---1010   ->     2 5'00010
     29:     2 14'-100111---1010   ->     2 5'00010
     30:     2 14'--10111---1010   ->     2 5'00010
     31:     2 14'-----------110   ->     2 5'00010
     32:     2 14'---111----0010   ->     3 5'00010
     33:     2 14'---1111---1010   ->     3 5'00010
     34:     3 14'-------------1   ->     0 5'00001
     35:     3 14'-00011----0010   ->     1 5'00001
     36:     3 14'0000110---1010   ->     1 5'00001
     37:     3 14'-000111---1010   ->     1 5'00001
     38:     3 14'-10011----0010   ->     2 5'00001
     39:     3 14'--1011----0010   ->     2 5'00001
     40:     3 14'0100110---1010   ->     2 5'00001
     41:     3 14'0-10110---1010   ->     2 5'00001
     42:     3 14'-100111---1010   ->     2 5'00001
     43:     3 14'--10111---1010   ->     2 5'00001
     44:     3 14'------------00   ->     3 5'00001
     45:     3 14'-----0----0010   ->     3 5'00001
     46:     3 14'----01----0010   ->     3 5'00001
     47:     3 14'---111----0010   ->     3 5'00001
     48:     3 14'0----00---1010   ->     3 5'00001
     49:     3 14'0---010---1010   ->     3 5'00001
     50:     3 14'0--1110---1010   ->     3 5'00001
     51:     3 14'-----01---1010   ->     3 5'00001
     52:     3 14'----011---1010   ->     3 5'00001
     53:     3 14'---1111---1010   ->     3 5'00001
     54:     3 14'-----------110   ->     3 5'00001
     55:     3 14'1-----0---1010   ->     4 5'00001
     56:     4 14'-------111-010   ->     0 5'10000
     57:     4 14'-------------1   ->     0 5'10000
     58:     4 14'-00011---0-010   ->     1 5'10000
     59:     4 14'-00011--01-010   ->     1 5'10000
     60:     4 14'-00011-011-010   ->     1 5'10000
     61:     4 14'-10011---0-010   ->     2 5'10000
     62:     4 14'--1011---0-010   ->     2 5'10000
     63:     4 14'-10011--01-010   ->     2 5'10000
     64:     4 14'--1011--01-010   ->     2 5'10000
     65:     4 14'-10011-011-010   ->     2 5'10000
     66:     4 14'--1011-011-010   ->     2 5'10000
     67:     4 14'---111---0-010   ->     3 5'10000
     68:     4 14'---111--01-010   ->     3 5'10000
     69:     4 14'---111-011-010   ->     3 5'10000
     70:     4 14'------------00   ->     4 5'10000
     71:     4 14'-----0---0-010   ->     4 5'10000
     72:     4 14'----01---0-010   ->     4 5'10000
     73:     4 14'-----0--01-010   ->     4 5'10000
     74:     4 14'----01--01-010   ->     4 5'10000
     75:     4 14'-----0-011-010   ->     4 5'10000
     76:     4 14'----01-011-010   ->     4 5'10000
     77:     4 14'-----------110   ->     4 5'10000

-------------------------------------

12.13.8. Executing FSM_MAP pass (mapping FSMs to basic logic).
Mapping FSM `$fsm$\usb._373$5904' from module `\ulx3s_top'.
Mapping FSM `$fsm$\usb._1467$5912' from module `\ulx3s_top'.
Mapping FSM `$fsm$\usb._612$5918' from module `\ulx3s_top'.

12.14. Executing OPT pass (performing simple optimizations).

12.14.1. Executing OPT_EXPR pass (perform const folding).
Optimizing module ulx3s_top.
<suppressed ~18 debug messages>

12.14.2. Executing OPT_MERGE pass (detect identical cells).
Finding identical cells in module `\ulx3s_top'.
Computing hashes of 2329 cells of `\ulx3s_top'.
Finding duplicate cells in `\ulx3s_top'.
Computing hashes of 2295 cells of `\ulx3s_top'.
Finding duplicate cells in `\ulx3s_top'.
<suppressed ~102 debug messages>
Removed a total of 34 cells.

12.14.3. Executing OPT_MUXTREE pass (detect dead branches in mux trees).
Running muxtree optimizer on module \ulx3s_top..
  Creating internal representation of mux trees.
  Evaluating internal representation of mux trees.
  Analyzing evaluation results.
Removed 0 multiplexer ports.
<suppressed ~1818 debug messages>

12.14.4. Executing OPT_REDUCE pass (consolidate $*mux and $reduce_* inputs).
  Optimizing cells in module \ulx3s_top.
Performed a total of 0 changes.

12.14.5. Executing OPT_MERGE pass (detect identical cells).
Finding identical cells in module `\ulx3s_top'.
Computing hashes of 2295 cells of `\ulx3s_top'.
Finding duplicate cells in `\ulx3s_top'.
Removed a total of 0 cells.

12.14.6. Executing OPT_DFF pass (perform DFF optimizations).
Adding SRST signal on $flatten\hdmi.\serial.$procdff$5563 ($dff) from module ulx3s_top (D = \hdmi.pixel._714 [9:8], Q = \hdmi.serial._116 [9:8], rval = 2'00).
Adding SRST signal on $flatten\hdmi.\serial.$procdff$5564 ($dff) from module ulx3s_top (D = \hdmi.serial._65, Q = \hdmi.serial._68, rval = 1'0).
Adding SRST signal on $flatten\hdmi.\serial.$procdff$5565 ($dff) from module ulx3s_top (D = \hdmi.serial._106, Q = \hdmi.serial._109, rval = 1'0).
Adding SRST signal on $flatten\hdmi.\serial.$procdff$5566 ($dff) from module ulx3s_top (D = \hdmi.serial._42, Q = \hdmi.serial._45, rval = 1'0).
Adding SRST signal on $flatten\hdmi.\serial.$procdff$5567 ($dff) from module ulx3s_top (D = \hdmi.pixel._36, Q = \hdmi.serial._42, rval = 1'0).
Adding SRST signal on $flatten\hdmi.\serial.$procdff$5568 ($dff) from module ulx3s_top (D = \hdmi.serial._45, Q = \hdmi.serial._48, rval = 1'0).
Adding SRST signal on $flatten\hdmi.\serial.$procdff$5569 ($dff) from module ulx3s_top (D = \hdmi.serial._98, Q = \hdmi.serial._105, rval = 3'000).
Adding SRST signal on $flatten\hdmi.\serial.$procdff$5570 ($dff) from module ulx3s_top (D = \hdmi.pixel._480 [9:8], Q = \hdmi.serial._93 [9:8], rval = 2'00).
Adding SRST signal on $flatten\hdmi.\serial.$procdff$5571 ($dff) from module ulx3s_top (D = \hdmi.pixel._300 [9:8], Q = \hdmi.serial._85 [9:8], rval = 2'00).
Adding SRST signal on $flatten\hdmi.\serial.$procdff$5572 ($dff) from module ulx3s_top (D = \hdmi.serial._77 [9:2], Q = \hdmi.serial._77 [7:0], rval = 8'00011111).
Adding SRST signal on $flatten\hdmi.\pixel.$procdff$5591 ($dff) from module ulx3s_top (D = \hdmi.pixel._33, Q = \hdmi.pixel._36, rval = 1'0).
Adding SRST signal on $flatten\hdmi.\pixel.$procdff$5590 ($dff) from module ulx3s_top (D = \hdmi.pixel._139, Q = \hdmi.pixel._142, rval = 8'00000000).
Adding SRST signal on $flatten\hdmi.\pixel.$procdff$5589 ($dff) from module ulx3s_top (D = \hdmi.pixel._282, Q = \hdmi.pixel._286, rval = 5'00000).
Adding SRST signal on $flatten\hdmi.\pixel.$procdff$5577 ($dff) from module ulx3s_top (D = \hdmi.pixel._711, Q = \hdmi.pixel._714, rval = 10'0000000000).
Adding SRST signal on $flatten\hdmi.\pixel.$procdff$5578 ($dff) from module ulx3s_top (D = \hdmi.pixel._41, Q = \hdmi.pixel._44, rval = 1'0).
Adding SRST signal on $flatten\hdmi.\pixel.$procdff$5579 ($dff) from module ulx3s_top (D = \hdmi.pixel._670, Q = \hdmi.pixel._675, rval = 10'0000000000).
Adding SRST signal on $flatten\hdmi.\pixel.$procdff$5580 ($dff) from module ulx3s_top (D = \hdmi.pixel._665, Q = \hdmi.pixel._668, rval = 10'0000000000).
Adding EN signal on $auto$ff.cc:337:slice$6376 ($sdff) from module ulx3s_top (D = \hdmi.pixel._664, Q = \hdmi.pixel._668).
Adding SRST signal on $flatten\hdmi.\pixel.$procdff$5581 ($dff) from module ulx3s_top (D = \hdmi.pixel._682, Q = \hdmi.pixel._685, rval = 1'0).
Adding SRST signal on $flatten\hdmi.\pixel.$procdff$5582 ($dff) from module ulx3s_top (D = \hdmi.pixel._692, Q = \hdmi.pixel._695, rval = 1'0).
Adding SRST signal on $flatten\hdmi.\pixel.$procdff$5583 ($dff) from module ulx3s_top (D = \hdmi.pixel._652, Q = \hdmi.pixel._656, rval = 5'00000).
Adding SRST signal on $flatten\hdmi.\pixel.$procdff$5584 ($dff) from module ulx3s_top (D = \hdmi.pixel._510, Q = \hdmi.pixel._513, rval = 8'00000000).
Adding SRST signal on $flatten\hdmi.\pixel.$procdff$5585 ($dff) from module ulx3s_top (D = { \hdmi.pixel._476 [7] \hdmi.pixel._476 [5] \hdmi.pixel._476 [3] \hdmi.pixel._476 [1:0] }, Q = { \hdmi.pixel._480 [7] \hdmi.pixel._480 [5] \hdmi.pixel._480 [3] \hdmi.pixel._480 [1:0] }, rval = 5'00000).
Adding SRST signal on $flatten\hdmi.\pixel.$procdff$5585 ($dff) from module ulx3s_top (D = { \hdmi.pixel._477 [9:8] \hdmi.pixel._477 [6] \hdmi.pixel._477 [4] \hdmi.pixel._477 [2] }, Q = { \hdmi.pixel._480 [9:8] \hdmi.pixel._480 [6] \hdmi.pixel._480 [4] \hdmi.pixel._480 [2] }, rval = 5'00000).
Adding SRST signal on $flatten\hdmi.\pixel.$procdff$5586 ($dff) from module ulx3s_top (D = \hdmi.pixel._462, Q = \hdmi.pixel._466, rval = 5'00000).
Adding SRST signal on $flatten\hdmi.\pixel.$procdff$5587 ($dff) from module ulx3s_top (D = \hdmi.pixel._320, Q = \hdmi.pixel._323, rval = 8'00000000).
Adding SRST signal on $flatten\hdmi.\pixel.$procdff$5588 ($dff) from module ulx3s_top (D = { \hdmi.pixel._296 [7] \hdmi.pixel._296 [5] \hdmi.pixel._296 [3] \hdmi.pixel._296 [1:0] }, Q = { \hdmi.pixel._300 [7] \hdmi.pixel._300 [5] \hdmi.pixel._300 [3] \hdmi.pixel._300 [1:0] }, rval = 5'00000).
Adding SRST signal on $flatten\hdmi.\pixel.$procdff$5588 ($dff) from module ulx3s_top (D = { \hdmi.pixel._297 [9:8] \hdmi.pixel._297 [6] \hdmi.pixel._297 [4] \hdmi.pixel._297 [2] }, Q = { \hdmi.pixel._300 [9:8] \hdmi.pixel._300 [6] \hdmi.pixel._300 [4] \hdmi.pixel._300 [2] }, rval = 5'00000).
Adding SRST signal on $flatten\hdmi.$procdff$5597 ($dff) from module ulx3s_top (D = $flatten\hdmi.$ternary$/home/matthias/prog/janestreet/emulator-wt-hdmi-ulx3s/prototypes/fpga-ulx3s/../hdmi-ulx3s/rtl/hdmi_out.v:26$1834_Y, Q = \hdmi.por_pix, rval = 5'00000).
Adding EN signal on $auto$ff.cc:337:slice$6396 ($sdff) from module ulx3s_top (D = $flatten\hdmi.$add$/home/matthias/prog/janestreet/emulator-wt-hdmi-ulx3s/prototypes/fpga-ulx3s/../hdmi-ulx3s/rtl/hdmi_out.v:26$1833_Y [3:0], Q = \hdmi.por_pix [3:0]).
Adding SRST signal on $flatten\hdmi.$procdff$5595 ($dff) from module ulx3s_top (D = $flatten\hdmi.$ternary$/home/matthias/prog/janestreet/emulator-wt-hdmi-ulx3s/prototypes/fpga-ulx3s/../hdmi-ulx3s/rtl/hdmi_out.v:30$1838_Y, Q = \hdmi.por_bit, rval = 5'00000).
Adding EN signal on $auto$ff.cc:337:slice$6399 ($sdff) from module ulx3s_top (D = $flatten\hdmi.$add$/home/matthias/prog/janestreet/emulator-wt-hdmi-ulx3s/prototypes/fpga-ulx3s/../hdmi-ulx3s/rtl/hdmi_out.v:30$1837_Y [3:0], Q = \hdmi.por_bit [3:0]).
Adding SRST signal on $flatten\core.\smp.$procdff$5667 ($dff) from module ulx3s_top (D = \core.smp._233, Q = \core.smp._236, rval = 2'00).
Adding EN signal on $auto$ff.cc:337:slice$6402 ($sdff) from module ulx3s_top (D = \core.smp._232, Q = \core.smp._236).
Adding SRST signal on $flatten\core.\smp.$procdff$5668 ($dff) from module ulx3s_top (D = \core.smp._227, Q = \core.smp._230, rval = 3'000).
Adding SRST signal on $flatten\core.\smp.$procdff$5669 ($dff) from module ulx3s_top (D = \core.smp._216, Q = \core.smp._221, rval = 1'0).
Adding EN signal on $auto$ff.cc:337:slice$6405 ($sdff) from module ulx3s_top (D = 1'1, Q = \core.smp._221).
Adding SRST signal on $flatten\core.\smp.$procdff$5670 ($dff) from module ulx3s_top (D = \core.smp._209, Q = \core.smp._214, rval = 8'00000000).
Adding EN signal on $auto$ff.cc:337:slice$6411 ($sdff) from module ulx3s_top (D = \core.smp._70, Q = \core.smp._214).
Adding SRST signal on $flatten\core.\smp.$procdff$5672 ($dff) from module ulx3s_top (D = \core.smp_s2, Q = \core.smp._43, rval = 4'0000).
Adding SRST signal on $flatten\core.\smp.$procdff$5673 ($dff) from module ulx3s_top (D = \core.smp._205, Q = \core.smp._208, rval = 12'000000000000).
Adding EN signal on $auto$ff.cc:337:slice$6418 ($sdff) from module ulx3s_top (D = \core.smp._205, Q = \core.smp._208).
Adding SRST signal on $flatten\core.\smp.$procdff$5674 ($dff) from module ulx3s_top (D = \core.smp._187, Q = \core.smp._192, rval = 5'00000).
Adding EN signal on $auto$ff.cc:337:slice$6422 ($sdff) from module ulx3s_top (D = \core.smp._54, Q = \core.smp._192).
Adding SRST signal on $flatten\core.\smp.$procdff$5675 ($dff) from module ulx3s_top (D = $flatten\core.\smp.$procmux$4116_Y, Q = \core.smp._151, rval = 20'00000000000000000000).
Adding EN signal on $auto$ff.cc:337:slice$6428 ($sdff) from module ulx3s_top (D = { \core.smp._96 \core.smp._144 }, Q = \core.smp._151).
Adding SRST signal on $flatten\core.\smp.$procdff$5676 ($dff) from module ulx3s_top (D = \core.smp._181, Q = \core.smp._186, rval = 16'0000000000000000).
Adding EN signal on $auto$ff.cc:337:slice$6430 ($sdff) from module ulx3s_top (D = \core.smp._144, Q = \core.smp._186).
Adding SRST signal on $flatten\core.\smp.$procdff$5677 ($dff) from module ulx3s_top (D = \core.smp._177, Q = \core.smp._180, rval = 2'00).
Adding EN signal on $auto$ff.cc:337:slice$6436 ($sdff) from module ulx3s_top (D = \core.smp._176, Q = \core.smp._180).
Adding SRST signal on $flatten\core.\smp.$procdff$5678 ($dff) from module ulx3s_top (D = $flatten\core.\smp.$procmux$4127_Y, Q = \core.smp._158, rval = 20'00000000000000000000).
Adding EN signal on $auto$ff.cc:337:slice$6438 ($sdff) from module ulx3s_top (D = { \core.smp._96 \core.smp._144 }, Q = \core.smp._158).
Adding SRST signal on $flatten\core.\smp.$procdff$5679 ($dff) from module ulx3s_top (D = $flatten\core.\smp.$procmux$4132_Y, Q = \core.smp._165, rval = 20'00000000000000000000).
Adding EN signal on $auto$ff.cc:337:slice$6440 ($sdff) from module ulx3s_top (D = { \core.smp._96 \core.smp._144 }, Q = \core.smp._165).
Adding SRST signal on $flatten\core.\smp.$procdff$5680 ($dff) from module ulx3s_top (D = $flatten\core.\smp.$procmux$4137_Y, Q = \core.smp._172, rval = 20'00000000000000000000).
Adding EN signal on $auto$ff.cc:337:slice$6442 ($sdff) from module ulx3s_top (D = { \core.smp._96 \core.smp._144 }, Q = \core.smp._172).
Adding SRST signal on $flatten\core.\smp.$procdff$5681 ($dff) from module ulx3s_top (D = \core.smp._1, Q = \core.smp._89, rval = 8'00000000).
Adding EN signal on $auto$ff.cc:337:slice$6444 ($sdff) from module ulx3s_top (D = \core.smp._91, Q = \core.smp._89).
Adding SRST signal on $flatten\usb.$procdff$5644 ($dff) from module ulx3s_top (D = \usb._1007, Q = \usb._437, rval = 5'00000).
Adding EN signal on $auto$ff.cc:337:slice$6446 ($sdff) from module ulx3s_top (D = \usb._1007, Q = \usb._437).
Adding SRST signal on $flatten\usb.$procdff$5645 ($dff) from module ulx3s_top (D = \usb._26, Q = \usb._440, rval = 1'0).
Adding EN signal on $auto$ff.cc:337:slice$6454 ($sdff) from module ulx3s_top (D = \usb._989, Q = \usb._440).
Adding SRST signal on $flatten\usb.$procdff$5646 ($dff) from module ulx3s_top (D = \usb._25, Q = \usb._444, rval = 4'0000).
Adding EN signal on $auto$ff.cc:337:slice$6462 ($sdff) from module ulx3s_top (D = \usb._966, Q = \usb._444).
Adding SRST signal on $flatten\core.\str.$procdff$5682 ($dff) from module ulx3s_top (D = \core.str._175, Q = \core.str._178, rval = 1'0).
Adding EN signal on $auto$ff.cc:337:slice$6470 ($sdff) from module ulx3s_top (D = \core.str._175, Q = \core.str._178).
Adding SRST signal on $flatten\core.\str.$procdff$5683 ($dff) from module ulx3s_top (D = \core.str._169, Q = \core.str._172, rval = 12'000000000000).
Adding EN signal on $auto$ff.cc:337:slice$6474 ($sdff) from module ulx3s_top (D = \core.str._169, Q = \core.str._172).
Adding SRST signal on $flatten\core.\str.$procdff$5684 ($dff) from module ulx3s_top (D = \core.str._160, Q = \core.str._163, rval = 5'00000).
Adding EN signal on $auto$ff.cc:337:slice$6478 ($sdff) from module ulx3s_top (D = \core.str._159, Q = \core.str._163).
Adding SRST signal on $flatten\core.\str.$procdff$5685 ($dff) from module ulx3s_top (D = \core.str._154, Q = \core.str._157, rval = 3'000).
Adding SRST signal on $flatten\core.\str.$procdff$5686 ($dff) from module ulx3s_top (D = \core.str._145, Q = \core.str._148, rval = 2'00).
Adding EN signal on $auto$ff.cc:337:slice$6481 ($sdff) from module ulx3s_top (D = \core.str._144, Q = \core.str._148).
Adding SRST signal on $flatten\core.\str.$procdff$5687 ($dff) from module ulx3s_top (D = $flatten\core.\str.$procmux$4165_Y, Q = \core.str._42, rval = 20'00000000000000000000).
Adding EN signal on $auto$ff.cc:337:slice$6483 ($sdff) from module ulx3s_top (D = \core.s_entry, Q = \core.str._42).
Adding SRST signal on $flatten\core.\str.$procdff$5688 ($dff) from module ulx3s_top (D = \core.str._139, Q = \core.str._142, rval = 2'00).
Adding EN signal on $auto$ff.cc:337:slice$6485 ($sdff) from module ulx3s_top (D = \core.str._138, Q = \core.str._142).
Adding SRST signal on $flatten\core.\str.$procdff$5689 ($dff) from module ulx3s_top (D = $flatten\core.\str.$procmux$4173_Y, Q = \core.str._49, rval = 20'00000000000000000000).
Adding EN signal on $auto$ff.cc:337:slice$6487 ($sdff) from module ulx3s_top (D = \core.s_entry, Q = \core.str._49).
Adding SRST signal on $flatten\core.\str.$procdff$5690 ($dff) from module ulx3s_top (D = $flatten\core.\str.$procmux$4178_Y, Q = \core.str._56, rval = 20'00000000000000000000).
Adding EN signal on $auto$ff.cc:337:slice$6489 ($sdff) from module ulx3s_top (D = \core.s_entry, Q = \core.str._56).
Adding SRST signal on $flatten\core.\str.$procdff$5691 ($dff) from module ulx3s_top (D = $flatten\core.\str.$procmux$4183_Y, Q = \core.str._63, rval = 20'00000000000000000000).
Adding EN signal on $auto$ff.cc:337:slice$6491 ($sdff) from module ulx3s_top (D = \core.s_entry, Q = \core.str._63).
Adding SRST signal on $flatten\core.\str.$procdff$5692 ($dff) from module ulx3s_top (D = \core.str._133, Q = \core.str._136, rval = 4'0000).
Adding EN signal on $auto$ff.cc:337:slice$6493 ($sdff) from module ulx3s_top (D = \core.str._132, Q = \core.str._136).
Adding SRST signal on $flatten\core.\str.$procdff$5693 ($dff) from module ulx3s_top (D = \core.str._127, Q = \core.str._130, rval = 16'0000000000000000).
Adding EN signal on $auto$ff.cc:337:slice$6495 ($sdff) from module ulx3s_top (D = \core.str._126, Q = \core.str._130).
Adding SRST signal on $flatten\core.\str.$procdff$5694 ($dff) from module ulx3s_top (D = \core.str._106, Q = \core.str._110, rval = 4'0000).
Adding EN signal on $auto$ff.cc:337:slice$6497 ($sdff) from module ulx3s_top (D = \core.str._105, Q = \core.str._110).
Adding SRST signal on $flatten\usb.$procdff$5647 ($dff) from module ulx3s_top (D = \usb._24, Q = \usb._420, rval = 8'00000000).
Adding EN signal on $auto$ff.cc:337:slice$6499 ($sdff) from module ulx3s_top (D = \usb._24, Q = \usb._420).
Adding SRST signal on $flatten\usb.$procdff$5648 ($dff) from module ulx3s_top (D = \usb._23, Q = \usb._466, rval = 16'0000000000000000).
Adding SRST signal on $flatten\usb.$procdff$5649 ($dff) from module ulx3s_top (D = \usb._22, Q = \usb._474, rval = 1'0).
Adding EN signal on $auto$ff.cc:337:slice$6510 ($sdff) from module ulx3s_top (D = \usb._799, Q = \usb._474).
Adding SRST signal on $flatten\usb.$procdff$5650 ($dff) from module ulx3s_top (D = \usb._21, Q = \usb._477, rval = 6'000000).
Adding EN signal on $auto$ff.cc:337:slice$6518 ($sdff) from module ulx3s_top (D = \usb._772, Q = \usb._477).
Adding SRST signal on $flatten\usb.$procdff$5651 ($dff) from module ulx3s_top (D = \usb._20, Q = \usb._542, rval = 8'00000000).
Adding EN signal on $auto$ff.cc:337:slice$6524 ($sdff) from module ulx3s_top (D = \usb._336, Q = \usb._542).
Adding SRST signal on $flatten\usb.$procdff$5652 ($dff) from module ulx3s_top (D = \usb._19, Q = \usb._545, rval = 8'00000000).
Adding EN signal on $auto$ff.cc:337:slice$6534 ($sdff) from module ulx3s_top (D = \usb._341, Q = \usb._545).
Adding SRST signal on $flatten\usb.$procdff$5653 ($dff) from module ulx3s_top (D = \usb._18, Q = \usb._548, rval = 8'00000000).
Adding EN signal on $auto$ff.cc:337:slice$6544 ($sdff) from module ulx3s_top (D = \usb._749, Q = \usb._548).
Adding SRST signal on $flatten\usb.$procdff$5654 ($dff) from module ulx3s_top (D = \usb._17, Q = \usb._551, rval = 8'00000000).
Adding EN signal on $auto$ff.cc:337:slice$6554 ($sdff) from module ulx3s_top (D = \usb._347, Q = \usb._551).
Adding SRST signal on $flatten\core.\seq.$procdff$5695 ($dff) from module ulx3s_top (D = \core.seq._44, Q = \core.seq._258, rval = 2'00).
Adding SRST signal on $flatten\core.\seq.$procdff$5696 ($dff) from module ulx3s_top (D = \core.seq._41, Q = \core.seq._239, rval = 6'000000).
Adding EN signal on $auto$ff.cc:337:slice$6565 ($sdff) from module ulx3s_top (D = \core.seq._40, Q = \core.seq._239).
Adding SRST signal on $flatten\core.\seq.$procdff$5697 ($dff) from module ulx3s_top (D = \core.seq._38, Q = \core.seq._236, rval = 6'000000).
Adding EN signal on $auto$ff.cc:337:slice$6567 ($sdff) from module ulx3s_top (D = \core.seq._40, Q = \core.seq._236).
Adding SRST signal on $flatten\core.\seq.$procdff$5698 ($dff) from module ulx3s_top (D = \core.seq._37, Q = \core.seq._233, rval = 6'000000).
Adding EN signal on $auto$ff.cc:337:slice$6569 ($sdff) from module ulx3s_top (D = \core.seq._40, Q = \core.seq._233).
Adding SRST signal on $flatten\core.\seq.$procdff$5699 ($dff) from module ulx3s_top (D = \core.seq._36, Q = \core.seq._230, rval = 6'000000).
Adding EN signal on $auto$ff.cc:337:slice$6571 ($sdff) from module ulx3s_top (D = \core.seq._40, Q = \core.seq._230).
Adding SRST signal on $flatten\core.\seq.$procdff$5700 ($dff) from module ulx3s_top (D = \core.seq._34, Q = \core.seq._518, rval = 12'000000000000).
Adding EN signal on $auto$ff.cc:337:slice$6573 ($sdff) from module ulx3s_top (D = \core.seq._33, Q = \core.seq._518).
Adding SRST signal on $flatten\core.\seq.$procdff$5701 ($dff) from module ulx3s_top (D = \core.seq._32, Q = \core.seq._510, rval = 12'000000000000).
Adding EN signal on $auto$ff.cc:337:slice$6575 ($sdff) from module ulx3s_top (D = \core.seq._33, Q = \core.seq._510).
Adding SRST signal on $flatten\core.\seq.$procdff$5702 ($dff) from module ulx3s_top (D = \core.seq._31, Q = \core.seq._506, rval = 12'000000000000).
Adding EN signal on $auto$ff.cc:337:slice$6577 ($sdff) from module ulx3s_top (D = \core.seq._33, Q = \core.seq._506).
Adding SRST signal on $flatten\core.\seq.$procdff$5703 ($dff) from module ulx3s_top (D = \core.seq._30, Q = \core.seq._502, rval = 12'000000000000).
Adding EN signal on $auto$ff.cc:337:slice$6579 ($sdff) from module ulx3s_top (D = \core.seq._33, Q = \core.seq._502).
Adding SRST signal on $flatten\core.\seq.$procdff$5704 ($dff) from module ulx3s_top (D = \core.seq._29, Q = \core.seq._490, rval = 12'000000000000).
Adding EN signal on $auto$ff.cc:337:slice$6581 ($sdff) from module ulx3s_top (D = \core.seq._28, Q = \core.seq._490).
Adding SRST signal on $flatten\core.\seq.$procdff$5705 ($dff) from module ulx3s_top (D = \core.seq._27, Q = \core.seq._484, rval = 12'000000000000).
Adding EN signal on $auto$ff.cc:337:slice$6583 ($sdff) from module ulx3s_top (D = \core.seq._28, Q = \core.seq._484).
Adding SRST signal on $flatten\core.\seq.$procdff$5706 ($dff) from module ulx3s_top (D = \core.seq._26, Q = \core.seq._480, rval = 12'000000000000).
Adding EN signal on $auto$ff.cc:337:slice$6585 ($sdff) from module ulx3s_top (D = \core.seq._28, Q = \core.seq._480).
Adding SRST signal on $flatten\core.\seq.$procdff$5707 ($dff) from module ulx3s_top (D = \core.seq._25, Q = \core.seq._476, rval = 12'000000000000).
Adding EN signal on $auto$ff.cc:337:slice$6587 ($sdff) from module ulx3s_top (D = \core.seq._28, Q = \core.seq._476).
Adding SRST signal on $flatten\core.\seq.$procdff$5708 ($dff) from module ulx3s_top (D = \core.seq._21, Q = \core.seq._49, rval = 8'00000000).
Adding EN signal on $auto$ff.cc:337:slice$6589 ($sdff) from module ulx3s_top (D = \core.seq._21 [0], Q = \core.seq._49 [0]).
Adding EN signal on $auto$ff.cc:337:slice$6589 ($sdff) from module ulx3s_top (D = \core.seq._21 [1], Q = \core.seq._49 [1]).
Adding EN signal on $auto$ff.cc:337:slice$6589 ($sdff) from module ulx3s_top (D = \core.seq._21 [2], Q = \core.seq._49 [2]).
Adding EN signal on $auto$ff.cc:337:slice$6589 ($sdff) from module ulx3s_top (D = \core.seq._21 [3], Q = \core.seq._49 [3]).
Adding EN signal on $auto$ff.cc:337:slice$6589 ($sdff) from module ulx3s_top (D = \core.seq._21 [4], Q = \core.seq._49 [4]).
Adding EN signal on $auto$ff.cc:337:slice$6589 ($sdff) from module ulx3s_top (D = \core.seq._21 [5], Q = \core.seq._49 [5]).
Adding EN signal on $auto$ff.cc:337:slice$6589 ($sdff) from module ulx3s_top (D = \core.seq._21 [6], Q = \core.seq._49 [6]).
Adding EN signal on $auto$ff.cc:337:slice$6589 ($sdff) from module ulx3s_top (D = \core.seq._21 [7], Q = \core.seq._49 [7]).
Adding SRST signal on $flatten\core.\seq.$procdff$5709 ($dff) from module ulx3s_top (D = \core.seq._20, Q = \core.seq._261, rval = 8'00000000).
Adding EN signal on $auto$ff.cc:337:slice$6646 ($sdff) from module ulx3s_top (D = \core.seq._19, Q = \core.seq._261).
Adding SRST signal on $flatten\core.\seq.$procdff$5710 ($dff) from module ulx3s_top (D = \core.seq._16, Q = \core.seq._264, rval = 8'00000000).
Adding EN signal on $auto$ff.cc:337:slice$6648 ($sdff) from module ulx3s_top (D = \core.seq._19, Q = \core.seq._264).
Adding SRST signal on $flatten\core.\seq.$procdff$5711 ($dff) from module ulx3s_top (D = \core.seq._15, Q = \core.seq._267, rval = 8'00000000).
Adding EN signal on $auto$ff.cc:337:slice$6650 ($sdff) from module ulx3s_top (D = \core.seq._19, Q = \core.seq._267).
Adding SRST signal on $flatten\core.\seq.$procdff$5712 ($dff) from module ulx3s_top (D = \core.seq._14, Q = \core.seq._270, rval = 8'00000000).
Adding EN signal on $auto$ff.cc:337:slice$6652 ($sdff) from module ulx3s_top (D = \core.seq._19, Q = \core.seq._270).
Adding SRST signal on $flatten\core.\seq.$procdff$5713 ($dff) from module ulx3s_top (D = \core.seq._12, Q = \core.seq._277, rval = 8'00000000).
Adding EN signal on $auto$ff.cc:337:slice$6654 ($sdff) from module ulx3s_top (D = \core.seq._12 [0], Q = \core.seq._277 [0]).
Adding EN signal on $auto$ff.cc:337:slice$6654 ($sdff) from module ulx3s_top (D = \core.seq._12 [1], Q = \core.seq._277 [1]).
Adding EN signal on $auto$ff.cc:337:slice$6654 ($sdff) from module ulx3s_top (D = \core.seq._12 [2], Q = \core.seq._277 [2]).
Adding EN signal on $auto$ff.cc:337:slice$6654 ($sdff) from module ulx3s_top (D = \core.seq._12 [3], Q = \core.seq._277 [3]).
Adding EN signal on $auto$ff.cc:337:slice$6654 ($sdff) from module ulx3s_top (D = \core.seq._12 [4], Q = \core.seq._277 [4]).
Adding EN signal on $auto$ff.cc:337:slice$6654 ($sdff) from module ulx3s_top (D = \core.seq._12 [5], Q = \core.seq._277 [5]).
Adding EN signal on $auto$ff.cc:337:slice$6654 ($sdff) from module ulx3s_top (D = \core.seq._12 [6], Q = \core.seq._277 [6]).
Adding EN signal on $auto$ff.cc:337:slice$6654 ($sdff) from module ulx3s_top (D = \core.seq._12 [7], Q = \core.seq._277 [7]).
Adding SRST signal on $flatten\core.\seq.$procdff$5714 ($dff) from module ulx3s_top (D = \core.seq._10, Q = \core.seq._255, rval = 8'00000000).
Adding EN signal on $auto$ff.cc:337:slice$6727 ($sdff) from module ulx3s_top (D = \core.seq._271, Q = \core.seq._255).
Adding SRST signal on $flatten\core.\seq.$procdff$5715 ($dff) from module ulx3s_top (D = \core.seq._248, Q = \core.seq._251, rval = 1'0).
Adding SRST signal on $flatten\core.\seq.$procdff$5716 ($dff) from module ulx3s_top (D = \core.seq._2, Q = \core.seq._64, rval = 2'00).
Adding SRST signal on $flatten\core.\seq.$procdff$5717 ($dff) from module ulx3s_top (D = \core.seq._49, Q = \core.seq._69, rval = 8'00000000).
Adding EN signal on $flatten\core.\utx.$procdff$5725 ($dff) from module ulx3s_top (D = $flatten\core.\utx.$procmux$4462_Y, Q = \core.utx.cnt).
Adding EN signal on $flatten\core.\utx.$procdff$5726 ($dff) from module ulx3s_top (D = $flatten\core.\utx.$procmux$4448_Y, Q = \core.utx.sh).
Adding SRST signal on $flatten\core.\utx.$procdff$5727 ($dff) from module ulx3s_top (D = $flatten\core.\utx.$procmux$4434_Y, Q = \core.utx.tx, rval = 1'1).
Adding EN signal on $auto$ff.cc:337:slice$6752 ($sdff) from module ulx3s_top (D = $flatten\core.\utx.$procmux$4428_Y, Q = \core.utx.tx).
Adding EN signal on $flatten\core.\utx.$procdff$5728 ($dff) from module ulx3s_top (D = $flatten\core.\utx.$procmux$4422_Y, Q = \core.utx.n).
Adding SRST signal on $flatten\core.\utx.$procdff$5729 ($dff) from module ulx3s_top (D = $flatten\core.\utx.$procmux$4408_Y, Q = \core.utx.act, rval = 1'0).
Adding EN signal on $flatten\core.\urx.$procdff$5718 ($dff) from module ulx3s_top (D = \core.urx.sh, Q = \core.urx.data).
Adding SRST signal on $flatten\core.\urx.$procdff$5719 ($dff) from module ulx3s_top (D = $flatten\core.\urx.$procmux$4309_Y, Q = \core.urx.valid, rval = 1'0).
Adding SRST signal on $flatten\core.\urx.$procdff$5721 ($dff) from module ulx3s_top (D = $flatten\core.\urx.$procmux$4377_Y, Q = \core.urx.busy, rval = 1'0).
Adding EN signal on $flatten\core.\urx.$procdff$5722 ($dff) from module ulx3s_top (D = $flatten\core.\urx.$procmux$4358_Y, Q = \core.urx.cnt).
Adding EN signal on $flatten\core.\urx.$procdff$5723 ($dff) from module ulx3s_top (D = $flatten\core.\urx.$procmux$4347_Y, Q = \core.urx.bitn).
Adding EN signal on $flatten\core.\urx.$procdff$5724 ($dff) from module ulx3s_top (D = { \core.urx.sync [1] \core.urx.sh [7:1] }, Q = \core.urx.sh).
Adding SRST signal on $flatten\core.$procdff$5797 ($dff) from module ulx3s_top (D = $flatten\core.$sub$/home/matthias/prog/janestreet/emulator-wt-hdmi-ulx3s/prototypes/fpga-ulx3s/rtl/emu_core.v:180$3397_Y, Q = \core.txf_cnt, rval = 7'0000000).
Adding SRST signal on $flatten\core.$procdff$5796 ($dff) from module ulx3s_top (D = $flatten\core.$procmux$5552_Y, Q = \core.txf_rd, rval = 6'000000).
Adding EN signal on $auto$ff.cc:337:slice$6813 ($sdff) from module ulx3s_top (D = $flatten\core.$add$/home/matthias/prog/janestreet/emulator-wt-hdmi-ulx3s/prototypes/fpga-ulx3s/rtl/emu_core.v:179$3391_Y, Q = \core.txf_rd).
Adding SRST signal on $flatten\core.$procdff$5795 ($dff) from module ulx3s_top (D = $flatten\core.$procmux$5558_Y, Q = \core.txf_wr, rval = 6'000000).
Adding EN signal on $auto$ff.cc:337:slice$6815 ($sdff) from module ulx3s_top (D = $flatten\core.$add$/home/matthias/prog/janestreet/emulator-wt-hdmi-ulx3s/prototypes/fpga-ulx3s/rtl/emu_core.v:178$3390_Y, Q = \core.txf_wr).
Adding SRST signal on $flatten\core.$procdff$5794 ($dff) from module ulx3s_top (D = $flatten\core.$ternary$/home/matthias/prog/janestreet/emulator-wt-hdmi-ulx3s/prototypes/fpga-ulx3s/rtl/emu_core.v:186$3401_Y, Q = \core.act_cnt, rval = 22'1111111111111111111111).
Adding SRST signal on $flatten\core.$procdff$5791 ($dff) from module ulx3s_top (D = $flatten\core.$procmux$5482_Y, Q = \core.f_prefix, rval = 8'00000000).
Adding EN signal on $auto$ff.cc:337:slice$6818 ($sdff) from module ulx3s_top (D = { \core.f_prefix [6:0] \core.f_mosi }, Q = \core.f_prefix).
Adding SRST signal on $flatten\core.$procdff$5790 ($dff) from module ulx3s_top (D = $flatten\core.$procmux$5490_Y, Q = \core.f_nbits, rval = 4'0000).
Adding EN signal on $auto$ff.cc:337:slice$6824 ($sdff) from module ulx3s_top (D = $flatten\core.$0\prefix_ok$func$/home/matthias/prog/janestreet/emulator-wt-hdmi-ulx3s/prototypes/fpga-ulx3s/rtl/emu_core.v:254$3338.n[3:0]$3609, Q = \core.f_nbits).
Adding SRST signal on $flatten\core.$procdff$5789 ($dff) from module ulx3s_top (D = $flatten\core.$procmux$5496_Y, Q = \core.f_blocked, rval = 1'0).
Adding EN signal on $auto$ff.cc:337:slice$6830 ($sdff) from module ulx3s_top (D = 1'1, Q = \core.f_blocked).
Adding SRST signal on $flatten\core.$procdff$5780 ($dff) from module ulx3s_top (D = $flatten\core.$sub$/home/matthias/prog/janestreet/emulator-wt-hdmi-ulx3s/prototypes/fpga-ulx3s/rtl/emu_core.v:296$3482_Y, Q = \core.hin_cnt, rval = 5'00000).
Adding SRST signal on $flatten\core.$procdff$5779 ($dff) from module ulx3s_top (D = $flatten\core.$procmux$5459_Y, Q = \core.hin_rd, rval = 4'0000).
Adding EN signal on $auto$ff.cc:337:slice$6833 ($sdff) from module ulx3s_top (D = $flatten\core.$add$/home/matthias/prog/janestreet/emulator-wt-hdmi-ulx3s/prototypes/fpga-ulx3s/rtl/emu_core.v:295$3476_Y, Q = \core.hin_rd).
Adding SRST signal on $flatten\core.$procdff$5778 ($dff) from module ulx3s_top (D = $flatten\core.$procmux$5465_Y, Q = \core.hin_wr, rval = 4'0000).
Adding EN signal on $auto$ff.cc:337:slice$6835 ($sdff) from module ulx3s_top (D = $flatten\core.$add$/home/matthias/prog/janestreet/emulator-wt-hdmi-ulx3s/prototypes/fpga-ulx3s/rtl/emu_core.v:294$3475_Y, Q = \core.hin_wr).
Adding SRST signal on $flatten\core.$procdff$5773 ($dff) from module ulx3s_top (D = $flatten\core.$procmux$5406_Y, Q = \core.tr_trunc, rval = 0).
Adding EN signal on $auto$ff.cc:337:slice$6837 ($sdff) from module ulx3s_top (D = \core.cycle, Q = \core.tr_trunc).
Adding SRST signal on $flatten\core.$procdff$5772 ($dff) from module ulx3s_top (D = $flatten\core.$procmux$5414_Y, Q = \core.tr_ovf, rval = 1'0).
Adding EN signal on $auto$ff.cc:337:slice$6841 ($sdff) from module ulx3s_top (D = 1'1, Q = \core.tr_ovf).
Adding SRST signal on $flatten\core.$procdff$5771 ($dff) from module ulx3s_top (D = $flatten\core.$procmux$5422_Y, Q = \core.tr_cnt, rval = 12'000000000000).
Adding EN signal on $auto$ff.cc:337:slice$6845 ($sdff) from module ulx3s_top (D = $flatten\core.$add$/home/matthias/prog/janestreet/emulator-wt-hdmi-ulx3s/prototypes/fpga-ulx3s/rtl/emu_core.v:354$3505_Y, Q = \core.tr_cnt).
Adding EN signal on $flatten\core.$procdff$5770 ($dff) from module ulx3s_top (D = { \core.pin_s2 \core.seq._49 \core.seq._277 5'00000 \core.seq.host_in_valid \core.host_in_ready \core.seq._251 \core.seq._255 \core.seq.host_in \core.seq._71 \core.seq._76 \core.seq._81 \core.seq._86 \core.seq._91 \core.seq._96 \core.seq._101 \core.seq._106 \core.seq._111 \core.seq._116 \core.seq._121 \core.seq._126 \core.seq._131 \core.seq._136 \core.seq._141 \core.seq._146 \core.seq._151 \core.seq._156 \core.seq._161 \core.seq._166 \core.seq._171 \core.seq._176 \core.seq._181 \core.seq._186 \core.seq._191 \core.seq._196 \core.seq._201 \core.seq._206 \core.seq._211 \core.seq._216 \core.seq._221 \core.seq._226 \core.pin_s2 [7] \core.pin_s2 [7] \core.pin_s2 [7] \core.pin_s2 [7:6] \core.pin_s2 [6] \core.pin_s2 [6] \core.pin_s2 [6:5] \core.pin_s2 [5] \core.pin_s2 [5] \core.pin_s2 [5:4] \core.pin_s2 [4] \core.pin_s2 [4] \core.pin_s2 [4:3] \core.pin_s2 [3] \core.pin_s2 [3] \core.pin_s2 [3:2] \core.pin_s2 [2] \core.pin_s2 [2] \core.pin_s2 [2:1] \core.pin_s2 [1] \core.pin_s2 [1] \core.pin_s2 [1:0] \core.pin_s2 [0] \core.pin_s2 [0] \core.pin_s2 [0] }, Q = \core.tr_prev).
Adding SRST signal on $flatten\core.$procdff$5769 ($dff) from module ulx3s_top (D = $flatten\core.$procmux$5389_Y, Q = \core.s_idx, rval = 7'0000000).
Adding EN signal on $auto$ff.cc:337:slice$6852 ($sdff) from module ulx3s_top (D = $flatten\core.$add$/home/matthias/prog/janestreet/emulator-wt-hdmi-ulx3s/prototypes/fpga-ulx3s/rtl/emu_core.v:377$3513_Y, Q = \core.s_idx).
Adding EN signal on $flatten\core.$procdff$5763 ($dff) from module ulx3s_top (D = \core.smp._89, Q = \core.smp_ovf_hold).
Adding SRST signal on $flatten\core.$procdff$5761 ($dff) from module ulx3s_top (D = $flatten\core.$procmux$5384_Y, Q = \core.cap_cnt, rval = 9'000000000).
Adding EN signal on $auto$ff.cc:337:slice$6855 ($sdff) from module ulx3s_top (D = $flatten\core.$add$/home/matthias/prog/janestreet/emulator-wt-hdmi-ulx3s/prototypes/fpga-ulx3s/rtl/emu_core.v:402$3534_Y, Q = \core.cap_cnt).
Adding EN signal on $flatten\core.$procdff$5750 ($dff) from module ulx3s_top (D = $flatten\core.$procmux$4974_Y, Q = \core.rnext).
Adding EN signal on $flatten\core.$procdff$5749 ($dff) from module ulx3s_top (D = $flatten\core.$procmux$4993_Y, Q = \core.didx).
Adding SRST signal on $flatten\core.$procdff$5748 ($dff) from module ulx3s_top (D = $flatten\core.$procmux$5010_Y, Q = \core.rlen, rval = 5'00000).
Adding EN signal on $auto$ff.cc:337:slice$6877 ($sdff) from module ulx3s_top (D = $flatten\core.$procmux$5010_Y, Q = \core.rlen).
Adding EN signal on $flatten\core.$procdff$5747 ($dff) from module ulx3s_top (D = $flatten\core.$procmux$5041_Y, Q = \core.rbuf).
Adding EN signal on $flatten\core.$procdff$5746 ($dff) from module ulx3s_top (D = $flatten\core.$procmux$5087_Y, Q = \core.need).
Adding EN signal on $flatten\core.$procdff$5745 ($dff) from module ulx3s_top (D = $flatten\core.$procmux$5108_Y, Q = \core.args).
Adding EN signal on $flatten\core.$procdff$5744 ($dff) from module ulx3s_top (D = \core.urx.data, Q = \core.op).
Adding SRST signal on $flatten\core.$procdff$5743 ($dff) from module ulx3s_top (D = $flatten\core.$procmux$5137_Y, Q = \core.cst, rval = 4'0000).
Adding EN signal on $auto$ff.cc:337:slice$6935 ($sdff) from module ulx3s_top (D = $flatten\core.$procmux$5137_Y, Q = \core.cst).
Adding EN signal on $flatten\core.$procdff$5742 ($dff) from module ulx3s_top (D = \core.didx [7:0], Q = \core.cap_ra).
Adding EN signal on $flatten\core.$procdff$5741 ($dff) from module ulx3s_top (D = \core.didx [10:0], Q = \core.tr_ra).
Adding EN signal on $flatten\core.$procdff$5740 ($dff) from module ulx3s_top (D = \core.args [7:0], Q = \core.hin_din).
Adding SRST signal on $flatten\core.$procdff$5739 ($dff) from module ulx3s_top (D = $flatten\core.$logic_not$/home/matthias/prog/janestreet/emulator-wt-hdmi-ulx3s/prototypes/fpga-ulx3s/rtl/emu_core.v:294$3470_Y, Q = \core.hin_push, rval = 1'0).
Adding EN signal on $flatten\core.$procdff$5738 ($dff) from module ulx3s_top (D = \core.args [7:0], Q = \core.host_ra).
Adding EN signal on $flatten\core.$procdff$5737 ($dff) from module ulx3s_top (D = \core.args [15:0], Q = \core.imem_wd).
Adding EN signal on $flatten\core.$procdff$5736 ($dff) from module ulx3s_top (D = \core.args [23:16], Q = \core.imem_wa).
Adding SRST signal on $flatten\core.$procdff$5735 ($dff) from module ulx3s_top (D = $flatten\core.$procmux$4947_Y, Q = \core.imem_we, rval = 1'0).
Adding EN signal on $flatten\core.$procdff$5734 ($dff) from module ulx3s_top (D = $flatten\core.$0\cycle[31:0], Q = \core.cycle).
Adding EN signal on $flatten\core.$procdff$5733 ($dff) from module ulx3s_top (D = \core.args [31:0], Q = \core.run_len).
Adding SRST signal on $flatten\core.$procdff$5732 ($dff) from module ulx3s_top (D = $flatten\core.$procmux$5351_Y, Q = \core.rstate, rval = 3'000).
Adding EN signal on $flatten\core.$procdff$5731 ($dff) from module ulx3s_top (D = \core.rbuf [143:136], Q = \core.txf_din).
Adding SRST signal on $flatten\core.$procdff$5730 ($dff) from module ulx3s_top (D = $flatten\core.$procmux$4963_Y, Q = \core.txf_push, rval = 1'0).
Adding SRST signal on $flatten\usb.$procdff$5655 ($dff) from module ulx3s_top (D = \usb._16, Q = \usb._554, rval = 8'00000000).
Adding EN signal on $auto$ff.cc:337:slice$7022 ($sdff) from module ulx3s_top (D = \usb._730, Q = \usb._554).
Adding SRST signal on $flatten\usb.$procdff$5656 ($dff) from module ulx3s_top (D = \usb._15, Q = \usb._730, rval = 8'00000000).
Adding EN signal on $auto$ff.cc:337:slice$7032 ($sdff) from module ulx3s_top (D = \usb._59, Q = \usb._730).
Adding SRST signal on $flatten\usb.$procdff$5657 ($dff) from module ulx3s_top (D = \usb._14, Q = \usb._557, rval = 8'00000000).
Adding EN signal on $auto$ff.cc:337:slice$7036 ($sdff) from module ulx3s_top (D = \usb._717, Q = \usb._557).
Adding SRST signal on $flatten\usb.$procdff$5658 ($dff) from module ulx3s_top (D = \usb._13, Q = \usb._717, rval = 8'00000000).
Adding EN signal on $auto$ff.cc:337:slice$7046 ($sdff) from module ulx3s_top (D = \usb._59, Q = \usb._717).
Adding SRST signal on $flatten\usb.$procdff$5659 ($dff) from module ulx3s_top (D = \usb._12, Q = \usb._560, rval = 8'00000000).
Adding EN signal on $auto$ff.cc:337:slice$7050 ($sdff) from module ulx3s_top (D = \usb._706, Q = \usb._560).
Adding SRST signal on $flatten\usb.$procdff$5660 ($dff) from module ulx3s_top (D = \usb._11, Q = \usb._563, rval = 8'00000000).
Adding EN signal on $auto$ff.cc:337:slice$7060 ($sdff) from module ulx3s_top (D = \usb._697, Q = \usb._563).
Adding SRST signal on $flatten\usb.$procdff$5661 ($dff) from module ulx3s_top (D = \usb._10, Q = \usb._569, rval = 8'00000000).
Adding EN signal on $auto$ff.cc:337:slice$7070 ($sdff) from module ulx3s_top (D = \usb._693, Q = \usb._569).
Adding SRST signal on $flatten\usb.$procdff$5662 ($dff) from module ulx3s_top (D = \usb._628, Q = \usb._623, rval = 1'0).
Adding EN signal on $auto$ff.cc:337:slice$7078 ($sdff) from module ulx3s_top (D = \usb._624, Q = \usb._623).
Adding SRST signal on $flatten\usb.$procdff$5663 ($dff) from module ulx3s_top (D = \usb._620, Q = \usb._597, rval = 1'0).
Adding EN signal on $auto$ff.cc:337:slice$7084 ($sdff) from module ulx3s_top (D = \usb._618, Q = \usb._597).
Adding SRST signal on $flatten\usb.$procdff$5642 ($dff) from module ulx3s_top (D = \usb._1039, Q = \usb._414, rval = 4'0000).
Adding EN signal on $auto$ff.cc:337:slice$7090 ($sdff) from module ulx3s_top (D = \usb._1039, Q = \usb._414).
Adding SRST signal on $flatten\usb.$procdff$5641 ($dff) from module ulx3s_top (D = \usb._1067, Q = \usb._409, rval = 3'000).
Adding EN signal on $auto$ff.cc:337:slice$7102 ($sdff) from module ulx3s_top (D = \usb._1067, Q = \usb._409).
Adding SRST signal on $flatten\usb.$procdff$5640 ($dff) from module ulx3s_top (D = \usb._1106, Q = \usb._807, rval = 5'00000).
Adding EN signal on $auto$ff.cc:337:slice$7118 ($sdff) from module ulx3s_top (D = \usb._1106, Q = \usb._807).
Adding SRST signal on $flatten\usb.$procdff$5639 ($dff) from module ulx3s_top (D = \usb._1110, Q = \usb._749, rval = 8'00000000).
Adding EN signal on $auto$ff.cc:337:slice$7128 ($sdff) from module ulx3s_top (D = \usb._59, Q = \usb._749).
Adding SRST signal on $flatten\usb.$procdff$5638 ($dff) from module ulx3s_top (D = \usb._1120, Q = \usb._1113, rval = 7'0000000).
Adding EN signal on $auto$ff.cc:337:slice$7132 ($sdff) from module ulx3s_top (D = \usb._749 [6:0], Q = \usb._1113).
Adding SRST signal on $flatten\usb.$procdff$5637 ($dff) from module ulx3s_top (D = \usb._1134, Q = \usb._1123, rval = 1'0).
Adding EN signal on $auto$ff.cc:337:slice$7140 ($sdff) from module ulx3s_top (D = \usb._1132, Q = \usb._1123).
Adding SRST signal on $flatten\usb.$procdff$5636 ($dff) from module ulx3s_top (D = \usb._1185, Q = \usb._1137, rval = 1'0).
Adding EN signal on $auto$ff.cc:337:slice$7146 ($sdff) from module ulx3s_top (D = \usb._1183, Q = \usb._1137).
Adding SRST signal on $flatten\usb.$procdff$5635 ($dff) from module ulx3s_top (D = \usb._1197, Q = \usb._480, rval = 6'000000).
Adding EN signal on $auto$ff.cc:337:slice$7152 ($sdff) from module ulx3s_top (D = \usb._1195, Q = \usb._480).
Adding SRST signal on $flatten\usb.$procdff$5634 ($dff) from module ulx3s_top (D = \usb._1201, Q = \usb._706, rval = 8'00000000).
Adding EN signal on $auto$ff.cc:337:slice$7158 ($sdff) from module ulx3s_top (D = \usb._59, Q = \usb._706).
Adding SRST signal on $flatten\usb.$procdff$5633 ($dff) from module ulx3s_top (D = \usb._1205, Q = \usb._697, rval = 8'00000000).
Adding EN signal on $auto$ff.cc:337:slice$7162 ($sdff) from module ulx3s_top (D = \usb._59, Q = \usb._697).
Adding SRST signal on $flatten\usb.$procdff$5632 ($dff) from module ulx3s_top (D = \usb._1210, Q = \usb._957, rval = 6'000000).
Adding EN signal on $auto$ff.cc:337:slice$7166 ($sdff) from module ulx3s_top (D = \usb._1152, Q = \usb._957).
Adding SRST signal on $flatten\usb.$procdff$5631 ($dff) from module ulx3s_top (D = \usb._1216, Q = \usb._938, rval = 4'0000).
Adding EN signal on $auto$ff.cc:337:slice$7172 ($sdff) from module ulx3s_top (D = \usb._330, Q = \usb._938).
Adding SRST signal on $flatten\usb.$procdff$5630 ($dff) from module ulx3s_top (D = \usb._1226, Q = \usb._1172, rval = 4'0000).
Adding EN signal on $auto$ff.cc:337:slice$7182 ($sdff) from module ulx3s_top (D = \usb._1223, Q = \usb._1172).
Adding SRST signal on $flatten\usb.$procdff$5629 ($dff) from module ulx3s_top (D = \usb._1230, Q = \usb._347, rval = 8'00000000).
Adding EN signal on $auto$ff.cc:337:slice$7192 ($sdff) from module ulx3s_top (D = \usb._59, Q = \usb._347).
Adding SRST signal on $flatten\usb.$procdff$5628 ($dff) from module ulx3s_top (D = \usb._1234, Q = \usb._341, rval = 8'00000000).
Adding EN signal on $auto$ff.cc:337:slice$7196 ($sdff) from module ulx3s_top (D = \usb._59, Q = \usb._341).
Adding SRST signal on $flatten\usb.$procdff$5627 ($dff) from module ulx3s_top (D = \usb._1238, Q = \usb._336, rval = 8'00000000).
Adding EN signal on $auto$ff.cc:337:slice$7200 ($sdff) from module ulx3s_top (D = \usb._59, Q = \usb._336).
Adding SRST signal on $flatten\usb.$procdff$5626 ($dff) from module ulx3s_top (D = \usb._1248, Q = \usb._317, rval = 1'0).
Adding EN signal on $auto$ff.cc:337:slice$7204 ($sdff) from module ulx3s_top (D = \usb._1247, Q = \usb._317).
Adding SRST signal on $flatten\usb.$procdff$5624 ($dff) from module ulx3s_top (D = \usb._1288, Q = \usb._609, rval = 1'0).
Adding EN signal on $auto$ff.cc:337:slice$7212 ($sdff) from module ulx3s_top (D = \usb._1285, Q = \usb._609).
Adding SRST signal on $flatten\usb.$procdff$5623 ($dff) from module ulx3s_top (D = \usb._1291, Q = \usb._638, rval = 4'0000).
Adding EN signal on $auto$ff.cc:337:slice$7222 ($sdff) from module ulx3s_top (D = { \usb._204 [2:0] \usb._111 [7] }, Q = \usb._638).
Adding SRST signal on $flatten\usb.$procdff$5622 ($dff) from module ulx3s_top (D = \usb._1396, Q = \usb._321, rval = 16'0000000000000000).
Adding SRST signal on $flatten\usb.$procdff$5621 ($dff) from module ulx3s_top (D = \usb._1402, Q = \usb._631, rval = 1'0).
Adding EN signal on $auto$ff.cc:337:slice$7227 ($sdff) from module ulx3s_top (D = \usb._1401, Q = \usb._631).
Adding SRST signal on $flatten\usb.$procdff$5620 ($dff) from module ulx3s_top (D = \usb._1410, Q = \usb._643, rval = 1'0).
Adding EN signal on $auto$ff.cc:337:slice$7235 ($sdff) from module ulx3s_top (D = \usb._1408, Q = \usb._643).
Adding SRST signal on $flatten\usb.$procdff$5619 ($dff) from module ulx3s_top (D = \usb._1421, Q = \usb._603, rval = 1'0).
Adding EN signal on $auto$ff.cc:337:slice$7241 ($sdff) from module ulx3s_top (D = \usb._1420, Q = \usb._603).
Adding SRST signal on $flatten\usb.$procdff$5618 ($dff) from module ulx3s_top (D = \usb._1428, Q = \usb._307, rval = 7'0000000).
Adding EN signal on $auto$ff.cc:337:slice$7255 ($sdff) from module ulx3s_top (D = \usb._1113, Q = \usb._307).
Adding SRST signal on $flatten\usb.$procdff$5617 ($dff) from module ulx3s_top (D = \usb._1432, Q = \usb._204, rval = 8'00000000).
Adding EN signal on $auto$ff.cc:337:slice$7263 ($sdff) from module ulx3s_top (D = \usb._59, Q = \usb._204).
Adding SRST signal on $flatten\usb.$procdff$5616 ($dff) from module ulx3s_top (D = \usb._1436, Q = \usb._111, rval = 8'00000000).
Adding EN signal on $auto$ff.cc:337:slice$7267 ($sdff) from module ulx3s_top (D = \usb._59, Q = \usb._111).
Adding SRST signal on $flatten\usb.$procdff$5615 ($dff) from module ulx3s_top (D = \usb._1488, Q = \usb._1464, rval = 8'00000000).
Adding EN signal on $auto$ff.cc:337:slice$7271 ($sdff) from module ulx3s_top (D = { \usb._1482 \usb._1464 [7:1] }, Q = \usb._1464).
Adding SRST signal on $flatten\usb.$procdff$5614 ($dff) from module ulx3s_top (D = \usb._1514, Q = \usb._104, rval = 4'0000).
Adding SRST signal on $flatten\usb.$procdff$5613 ($dff) from module ulx3s_top (D = \usb._1531, Q = \usb._1492, rval = 3'000).
Adding EN signal on $auto$ff.cc:337:slice$7280 ($sdff) from module ulx3s_top (D = \usb._1530, Q = \usb._1492).
Adding SRST signal on $flatten\usb.$procdff$5612 ($dff) from module ulx3s_top (D = \usb._1546, Q = \usb._1474, rval = 3'000).
Adding EN signal on $auto$ff.cc:337:slice$7294 ($sdff) from module ulx3s_top (D = \usb._1545, Q = \usb._1474).
Adding SRST signal on $flatten\usb.$procdff$5611 ($dff) from module ulx3s_top (D = \usb._1556, Q = \usb._89, rval = 8'00000000).
Adding EN signal on $auto$ff.cc:337:slice$7304 ($sdff) from module ulx3s_top (D = \usb._59, Q = \usb._89).
Adding SRST signal on $flatten\usb.$procdff$5610 ($dff) from module ulx3s_top (D = \usb._1568, Q = \usb._1481, rval = 1'0).
Adding EN signal on $auto$ff.cc:337:slice$7308 ($sdff) from module ulx3s_top (D = \usb._1567, Q = \usb._1481).
Adding SRST signal on $flatten\usb.$procdff$5608 ($dff) from module ulx3s_top (D = { \usb._1447 \usb._1453 }, Q = \usb._1457, rval = 2'00).
Adding SRST signal on $flatten\usb.$procdff$5607 ($dff) from module ulx3s_top (D = \usb_fpga_bd_dn, Q = \usb._1450, rval = 1'0).
Adding SRST signal on $flatten\usb.$procdff$5606 ($dff) from module ulx3s_top (D = \usb._1450, Q = \usb._1453, rval = 1'0).
Adding SRST signal on $flatten\usb.$procdff$5605 ($dff) from module ulx3s_top (D = \usb_fpga_bd_dp, Q = \usb._1444, rval = 1'0).
Adding SRST signal on $flatten\usb.$procdff$5604 ($dff) from module ulx3s_top (D = \usb._1444, Q = \usb._1447, rval = 1'0).
Adding SRST signal on $flatten\usb.$procdff$5603 ($dff) from module ulx3s_top (D = \usb._1587, Q = \usb._1439, rval = 2'00).
Adding SRST signal on $flatten\usb.$procdff$5602 ($dff) from module ulx3s_top (D = \usb._1618, Q = \usb._804, rval = 1'0).
Adding SRST signal on $flatten\usb.$procdff$5601 ($dff) from module ulx3s_top (D = \usb._1645, Q = \usb._383, rval = 2'00).
Adding EN signal on $auto$ff.cc:337:slice$7327 ($sdff) from module ulx3s_top (D = \usb._1645, Q = \usb._383).
Adding SRST signal on $flatten\usb.$procdff$5599 ($dff) from module ulx3s_top (D = \usb._1683, Q = \usb._393, rval = 1'0).
Adding EN signal on $auto$ff.cc:337:slice$7335 ($sdff) from module ulx3s_top (D = \usb._1683, Q = \usb._393).
Adding SRST signal on $flatten\usb.$procdff$5665 ($dff) from module ulx3s_top (D = \usb._390, Q = \usb._380, rval = 1'0).
Adding EN signal on $auto$ff.cc:337:slice$7347 ($sdff) from module ulx3s_top (D = \usb._390, Q = \usb._380).
Adding SRST signal on $flatten\usb.$procdff$5666 ($dff) from module ulx3s_top (D = \usb._1, Q = \usb._86, rval = 1'0).
Adding EN signal on $auto$ff.cc:337:slice$7355 ($sdff) from module ulx3s_top (D = 1'1, Q = \usb._86).
Adding SRST signal on $flatten\usb.$procdff$5664 ($dff) from module ulx3s_top (D = \usb._594, Q = \usb._396, rval = 1'0).
Adding EN signal on $auto$ff.cc:337:slice$7365 ($sdff) from module ulx3s_top (D = \usb._594, Q = \usb._396).
Adding SRST signal on $flatten\usb.$procdff$5643 ($dff) from module ulx3s_top (D = \usb._1017, Q = \usb._434, rval = 1'0).
Adding EN signal on $auto$ff.cc:337:slice$7377 ($sdff) from module ulx3s_top (D = 1'1, Q = \usb._434).
Setting constant 0-bit at position 83 on $auto$ff.cc:337:slice$6851 ($dffe) from module ulx3s_top.
Setting constant 0-bit at position 84 on $auto$ff.cc:337:slice$6851 ($dffe) from module ulx3s_top.
Setting constant 0-bit at position 85 on $auto$ff.cc:337:slice$6851 ($dffe) from module ulx3s_top.
Setting constant 0-bit at position 86 on $auto$ff.cc:337:slice$6851 ($dffe) from module ulx3s_top.
Setting constant 0-bit at position 87 on $auto$ff.cc:337:slice$6851 ($dffe) from module ulx3s_top.

12.14.7. Executing OPT_CLEAN pass (remove unused cells and wires).
Finding unused cells or wires in module \ulx3s_top..
Removed 441 unused cells and 554 unused wires.
<suppressed ~697 debug messages>

12.14.8. Executing OPT_EXPR pass (perform const folding).
Optimizing module ulx3s_top.
<suppressed ~79 debug messages>

12.14.9. Rerunning OPT passes. (Maybe there is more to do..)

12.14.10. Executing OPT_MUXTREE pass (detect dead branches in mux trees).
Running muxtree optimizer on module \ulx3s_top..
  Creating internal representation of mux trees.
  Evaluating internal representation of mux trees.
  Analyzing evaluation results.
Removed 0 multiplexer ports.
<suppressed ~1110 debug messages>

12.14.11. Executing OPT_REDUCE pass (consolidate $*mux and $reduce_* inputs).
  Optimizing cells in module \ulx3s_top.
Performed a total of 0 changes.

12.14.12. Executing OPT_MERGE pass (detect identical cells).
Finding identical cells in module `\ulx3s_top'.
Computing hashes of 2228 cells of `\ulx3s_top'.
Finding duplicate cells in `\ulx3s_top'.
Computing hashes of 2084 cells of `\ulx3s_top'.
Finding duplicate cells in `\ulx3s_top'.
Computing hashes of 2056 cells of `\ulx3s_top'.
Finding duplicate cells in `\ulx3s_top'.
Computing hashes of 2055 cells of `\ulx3s_top'.
Finding duplicate cells in `\ulx3s_top'.
<suppressed ~519 debug messages>
Removed a total of 173 cells.

12.14.13. Executing OPT_DFF pass (perform DFF optimizations).

12.14.14. Executing OPT_CLEAN pass (remove unused cells and wires).
Finding unused cells or wires in module \ulx3s_top..
Removed 0 unused cells and 165 unused wires.
<suppressed ~1 debug messages>

12.14.15. Executing OPT_EXPR pass (perform const folding).
Optimizing module ulx3s_top.

12.14.16. Rerunning OPT passes. (Maybe there is more to do..)

12.14.17. Executing OPT_MUXTREE pass (detect dead branches in mux trees).
Running muxtree optimizer on module \ulx3s_top..
  Creating internal representation of mux trees.
  Evaluating internal representation of mux trees.
  Analyzing evaluation results.
Removed 0 multiplexer ports.
<suppressed ~1123 debug messages>

12.14.18. Executing OPT_REDUCE pass (consolidate $*mux and $reduce_* inputs).
  Optimizing cells in module \ulx3s_top.
Performed a total of 0 changes.

12.14.19. Executing OPT_MERGE pass (detect identical cells).
Finding identical cells in module `\ulx3s_top'.
Computing hashes of 2055 cells of `\ulx3s_top'.
Finding duplicate cells in `\ulx3s_top'.
Removed a total of 0 cells.

12.14.20. Executing OPT_DFF pass (perform DFF optimizations).

12.14.21. Executing OPT_CLEAN pass (remove unused cells and wires).
Finding unused cells or wires in module \ulx3s_top..

12.14.22. Executing OPT_EXPR pass (perform const folding).
Optimizing module ulx3s_top.

12.14.23. Finished fast OPT passes. (There is nothing left to do.)

12.15. Executing WREDUCE pass (reducing word size of cells).
Removed top 26 address bits (of 32) from memory init port ulx3s_top.$flatten\usb.$auto$mem.cc:351:emit$3752 ($flatten\usb.$auto$proc_rom.cc:155:do_switch$3750).
Removed top 29 address bits (of 32) from memory read port ulx3s_top.$flatten\core.$memrd$\cfg$/home/matthias/prog/janestreet/emulator-wt-hdmi-ulx3s/prototypes/fpga-ulx3s/rtl/emu_core.v:455$3588 (core.cfg).
Removed top 29 address bits (of 32) from memory init port ulx3s_top.$flatten\core.$meminit$\cfg$/home/matthias/prog/janestreet/emulator-wt-hdmi-ulx3s/prototypes/fpga-ulx3s/rtl/emu_core.v:153$3634 (core.cfg).
Removed top 29 address bits (of 32) from memory init port ulx3s_top.$flatten\core.$meminit$\cfg$/home/matthias/prog/janestreet/emulator-wt-hdmi-ulx3s/prototypes/fpga-ulx3s/rtl/emu_core.v:153$3635 (core.cfg).
Removed top 29 address bits (of 32) from memory init port ulx3s_top.$flatten\core.$meminit$\cfg$/home/matthias/prog/janestreet/emulator-wt-hdmi-ulx3s/prototypes/fpga-ulx3s/rtl/emu_core.v:153$3636 (core.cfg).
Removed top 29 address bits (of 32) from memory init port ulx3s_top.$flatten\core.$meminit$\cfg$/home/matthias/prog/janestreet/emulator-wt-hdmi-ulx3s/prototypes/fpga-ulx3s/rtl/emu_core.v:153$3637 (core.cfg).
Removed top 29 address bits (of 32) from memory init port ulx3s_top.$flatten\core.$meminit$\cfg$/home/matthias/prog/janestreet/emulator-wt-hdmi-ulx3s/prototypes/fpga-ulx3s/rtl/emu_core.v:153$3638 (core.cfg).
Removed top 29 address bits (of 32) from memory init port ulx3s_top.$flatten\core.$meminit$\cfg$/home/matthias/prog/janestreet/emulator-wt-hdmi-ulx3s/prototypes/fpga-ulx3s/rtl/emu_core.v:153$3639 (core.cfg).
Removed top 29 address bits (of 32) from memory init port ulx3s_top.$flatten\core.$meminit$\cfg$/home/matthias/prog/janestreet/emulator-wt-hdmi-ulx3s/prototypes/fpga-ulx3s/rtl/emu_core.v:153$3640 (core.cfg).
Removed top 29 address bits (of 32) from memory init port ulx3s_top.$flatten\core.$meminit$\cfg$/home/matthias/prog/janestreet/emulator-wt-hdmi-ulx3s/prototypes/fpga-ulx3s/rtl/emu_core.v:153$3641 (core.cfg).
Removed top 29 address bits (of 32) from memory init port ulx3s_top.$flatten\core.$meminit$\cfg$/home/matthias/prog/janestreet/emulator-wt-hdmi-ulx3s/prototypes/fpga-ulx3s/rtl/emu_core.v:154$3642 (core.cfg).
Removed top 29 address bits (of 32) from memory read port ulx3s_top.$flatten\core.$memrd$\cfg$/home/matthias/prog/janestreet/emulator-wt-hdmi-ulx3s/prototypes/fpga-ulx3s/rtl/emu_core.v:364$3657 (core.cfg).
Removed top 29 address bits (of 32) from memory read port ulx3s_top.$flatten\core.$memrd$\cfg$/home/matthias/prog/janestreet/emulator-wt-hdmi-ulx3s/prototypes/fpga-ulx3s/rtl/emu_core.v:365$3660 (core.cfg).
Removed top 29 address bits (of 32) from memory read port ulx3s_top.$flatten\core.$memrd$\cfg$/home/matthias/prog/janestreet/emulator-wt-hdmi-ulx3s/prototypes/fpga-ulx3s/rtl/emu_core.v:371$3663 (core.cfg).
Removed top 29 address bits (of 32) from memory read port ulx3s_top.$flatten\core.$memrd$\cfg$/home/matthias/prog/janestreet/emulator-wt-hdmi-ulx3s/prototypes/fpga-ulx3s/rtl/emu_core.v:389$3675 (core.cfg).
Removed top 29 address bits (of 32) from memory read port ulx3s_top.$flatten\core.$memrd$\cfg$/home/matthias/prog/janestreet/emulator-wt-hdmi-ulx3s/prototypes/fpga-ulx3s/rtl/emu_core.v:389$3678 (core.cfg).
Removed top 29 address bits (of 32) from memory read port ulx3s_top.$flatten\core.$memrd$\cfg$/home/matthias/prog/janestreet/emulator-wt-hdmi-ulx3s/prototypes/fpga-ulx3s/rtl/emu_core.v:390$3690 (core.cfg).
Removed top 1 bits (of 2) from port B of cell ulx3s_top.$auto$simple.cc:194:make_patterns_logic$7299 ($ne).
Removed top 1 bits (of 2) from port B of cell ulx3s_top.$auto$simple.cc:194:make_patterns_logic$7291 ($ne).
Removed top 1 bits (of 3) from port B of cell ulx3s_top.$auto$simple.cc:194:make_patterns_logic$7287 ($ne).
Removed top 2 bits (of 4) from port B of cell ulx3s_top.$auto$simple.cc:194:make_patterns_logic$7252 ($ne).
Removed top 2 bits (of 3) from port B of cell ulx3s_top.$auto$simple.cc:194:make_patterns_logic$7250 ($ne).
Removed top 2 bits (of 3) from port B of cell ulx3s_top.$auto$simple.cc:194:make_patterns_logic$7248 ($ne).
Removed top 3 bits (of 4) from port B of cell ulx3s_top.$auto$simple.cc:194:make_patterns_logic$7209 ($ne).
Removed top 2 bits (of 3) from port B of cell ulx3s_top.$auto$simple.cc:194:make_patterns_logic$7189 ($ne).
Removed top 5 bits (of 8) from port B of cell ulx3s_top.$auto$simple.cc:194:make_patterns_logic$7125 ($ne).
Removed top 1 bits (of 3) from port B of cell ulx3s_top.$auto$simple.cc:194:make_patterns_logic$7123 ($ne).
Removed top 1 bits (of 4) from port B of cell ulx3s_top.$auto$simple.cc:194:make_patterns_logic$7113 ($ne).
Removed top 1 bits (of 3) from port B of cell ulx3s_top.$auto$simple.cc:194:make_patterns_logic$7109 ($ne).
Removed top 1 bits (of 3) from port B of cell ulx3s_top.$auto$simple.cc:194:make_patterns_logic$7107 ($ne).
Removed top 1 bits (of 2) from port B of cell ulx3s_top.$auto$simple.cc:194:make_patterns_logic$7099 ($ne).
Removed top 1 bits (of 2) from port B of cell ulx3s_top.$auto$simple.cc:194:make_patterns_logic$6946 ($ne).
Removed top 1 bits (of 2) from port B of cell ulx3s_top.$auto$simple.cc:194:make_patterns_logic$6942 ($ne).
Removed top 8 bits (of 40) from FF cell ulx3s_top.$auto$ff.cc:337:slice$6919 ($dffe).
Removed top 1 bits (of 2) from port B of cell ulx3s_top.$auto$simple.cc:194:make_patterns_logic$6886 ($ne).
Removed top 1 bits (of 2) from port B of cell ulx3s_top.$auto$simple.cc:194:make_patterns_logic$6861 ($ne).
Removed top 1 bits (of 8) from FF cell ulx3s_top.$auto$ff.cc:337:slice$6819 ($sdffe).
Removed top 1 bits (of 2) from port B of cell ulx3s_top.$auto$simple.cc:194:make_patterns_logic$6789 ($ne).
Removed top 5 bits (of 7) from port B of cell ulx3s_top.$auto$simple.cc:194:make_patterns_logic$6515 ($ne).
Removed top 1 bits (of 2) from port B of cell ulx3s_top.$auto$simple.cc:194:make_patterns_logic$6513 ($ne).
Removed top 1 bits (of 2) from port B of cell ulx3s_top.$auto$simple.cc:194:make_patterns_logic$6477 ($ne).
Removed top 1 bits (of 8) from port B of cell ulx3s_top.$auto$fsm_map.cc:77:implement_pattern_cache$6338 ($eq).
Removed top 2 bits (of 7) from port B of cell ulx3s_top.$auto$fsm_map.cc:77:implement_pattern_cache$6334 ($eq).
Removed top 1 bits (of 7) from port B of cell ulx3s_top.$auto$fsm_map.cc:77:implement_pattern_cache$6330 ($eq).
Removed top 2 bits (of 6) from port B of cell ulx3s_top.$auto$fsm_map.cc:77:implement_pattern_cache$6326 ($eq).
Removed top 1 bits (of 6) from port B of cell ulx3s_top.$auto$fsm_map.cc:77:implement_pattern_cache$6322 ($eq).
Removed top 3 bits (of 5) from port B of cell ulx3s_top.$auto$fsm_map.cc:77:implement_pattern_cache$6318 ($eq).
Removed top 1 bits (of 7) from port B of cell ulx3s_top.$auto$fsm_map.cc:77:implement_pattern_cache$6277 ($eq).
Removed top 1 bits (of 6) from port B of cell ulx3s_top.$auto$fsm_map.cc:77:implement_pattern_cache$6273 ($eq).
Removed top 1 bits (of 9) from port B of cell ulx3s_top.$auto$fsm_map.cc:77:implement_pattern_cache$6269 ($eq).
Removed top 2 bits (of 8) from port B of cell ulx3s_top.$auto$fsm_map.cc:77:implement_pattern_cache$6265 ($eq).
Removed top 3 bits (of 7) from port B of cell ulx3s_top.$auto$fsm_map.cc:77:implement_pattern_cache$6261 ($eq).
Removed top 1 bits (of 6) from port B of cell ulx3s_top.$auto$fsm_map.cc:77:implement_pattern_cache$6251 ($eq).
Removed top 3 bits (of 5) from port B of cell ulx3s_top.$auto$fsm_map.cc:77:implement_pattern_cache$6247 ($eq).
Removed top 1 bits (of 10) from port B of cell ulx3s_top.$auto$fsm_map.cc:77:implement_pattern_cache$6178 ($eq).
Removed top 1 bits (of 11) from port B of cell ulx3s_top.$auto$fsm_map.cc:77:implement_pattern_cache$6174 ($eq).
Removed top 3 bits (of 8) from port B of cell ulx3s_top.$auto$fsm_map.cc:77:implement_pattern_cache$6139 ($eq).
Removed top 1 bits (of 5) from port B of cell ulx3s_top.$auto$fsm_map.cc:77:implement_pattern_cache$6135 ($eq).
Removed top 2 bits (of 4) from port B of cell ulx3s_top.$auto$fsm_map.cc:77:implement_pattern_cache$6131 ($eq).
Removed top 3 bits (of 11) from port B of cell ulx3s_top.$auto$fsm_map.cc:77:implement_pattern_cache$6127 ($eq).
Removed top 3 bits (of 10) from port B of cell ulx3s_top.$auto$fsm_map.cc:77:implement_pattern_cache$6123 ($eq).
Removed top 3 bits (of 9) from port B of cell ulx3s_top.$auto$fsm_map.cc:77:implement_pattern_cache$6119 ($eq).
Removed top 3 bits (of 10) from port B of cell ulx3s_top.$auto$fsm_map.cc:77:implement_pattern_cache$6113 ($eq).
Removed top 4 bits (of 11) from port B of cell ulx3s_top.$auto$fsm_map.cc:77:implement_pattern_cache$6109 ($eq).
Removed top 3 bits (of 9) from port B of cell ulx3s_top.$auto$fsm_map.cc:77:implement_pattern_cache$6103 ($eq).
Removed top 1 bits (of 5) from port B of cell ulx3s_top.$auto$fsm_map.cc:77:implement_pattern_cache$6076 ($eq).
Removed top 1 bits (of 3) from port B of cell ulx3s_top.$auto$fsm_map.cc:77:implement_pattern_cache$6059 ($eq).
Removed top 2 bits (of 4) from port B of cell ulx3s_top.$auto$fsm_map.cc:77:implement_pattern_cache$6046 ($eq).
Removed top 1 bits (of 3) from port B of cell ulx3s_top.$auto$fsm_map.cc:77:implement_pattern_cache$6037 ($eq).
Removed top 1 bits (of 3) from port B of cell ulx3s_top.$auto$fsm_map.cc:77:implement_pattern_cache$6022 ($eq).
Removed top 1 bits (of 4) from port B of cell ulx3s_top.$auto$fsm_map.cc:77:implement_pattern_cache$6001 ($eq).
Removed top 1 bits (of 5) from port B of cell ulx3s_top.$auto$fsm_map.cc:77:implement_pattern_cache$5997 ($eq).
Removed top 1 bits (of 3) from port B of cell ulx3s_top.$auto$fsm_map.cc:77:implement_pattern_cache$5975 ($eq).
Removed top 2 bits (of 4) from port B of cell ulx3s_top.$auto$fsm_map.cc:77:implement_pattern_cache$5954 ($eq).
Removed top 25 bits (of 26) from port B of cell ulx3s_top.$add$/home/matthias/prog/janestreet/emulator-wt-hdmi-ulx3s/prototypes/fpga-ulx3s/rtl/ulx3s_top.v:156$13 ($add).
Removed cell ulx3s_top.$flatten\hdmi.\serial.$ternary$/home/matthias/prog/janestreet/emulator-wt-hdmi-ulx3s/prototypes/fpga-ulx3s/../hdmi-ulx3s/rtl/gen/hdmi_serial_ddr.v:155$2191 ($mux).
Removed top 2 bits (of 10) from mux cell ulx3s_top.$flatten\hdmi.\serial.$ternary$/home/matthias/prog/janestreet/emulator-wt-hdmi-ulx3s/prototypes/fpga-ulx3s/../hdmi-ulx3s/rtl/gen/hdmi_serial_ddr.v:167$2193 ($mux).
Removed top 2 bits (of 10) from mux cell ulx3s_top.$flatten\hdmi.\serial.$ternary$/home/matthias/prog/janestreet/emulator-wt-hdmi-ulx3s/prototypes/fpga-ulx3s/../hdmi-ulx3s/rtl/gen/hdmi_serial_ddr.v:179$2195 ($mux).
Removed top 2 bits (of 3) from port B of cell ulx3s_top.$flatten\hdmi.\serial.$add$/home/matthias/prog/janestreet/emulator-wt-hdmi-ulx3s/prototypes/fpga-ulx3s/../hdmi-ulx3s/rtl/gen/hdmi_serial_ddr.v:194$2197 ($add).
Removed top 2 bits (of 10) from mux cell ulx3s_top.$flatten\hdmi.\serial.$ternary$/home/matthias/prog/janestreet/emulator-wt-hdmi-ulx3s/prototypes/fpga-ulx3s/../hdmi-ulx3s/rtl/gen/hdmi_serial_ddr.v:242$2212 ($mux).
Removed top 1 bits (of 4) from port B of cell ulx3s_top.$flatten\hdmi.\pixel.$eq$/home/matthias/prog/janestreet/emulator-wt-hdmi-ulx3s/prototypes/fpga-ulx3s/../hdmi-ulx3s/rtl/gen/hdmi_pixel.v:634$1860 ($eq).
Removed top 3 bits (of 5) from port B of cell ulx3s_top.$flatten\hdmi.\pixel.$add$/home/matthias/prog/janestreet/emulator-wt-hdmi-ulx3s/prototypes/fpga-ulx3s/../hdmi-ulx3s/rtl/gen/hdmi_pixel.v:645$1864 ($add).
Removed top 1 bits (of 5) from port B of cell ulx3s_top.$flatten\hdmi.\pixel.$sub$/home/matthias/prog/janestreet/emulator-wt-hdmi-ulx3s/prototypes/fpga-ulx3s/../hdmi-ulx3s/rtl/gen/hdmi_pixel.v:653$1866 ($sub).
Removed top 3 bits (of 5) from port B of cell ulx3s_top.$flatten\hdmi.\pixel.$sub$/home/matthias/prog/janestreet/emulator-wt-hdmi-ulx3s/prototypes/fpga-ulx3s/../hdmi-ulx3s/rtl/gen/hdmi_pixel.v:661$1869 ($sub).
Removed top 1 bits (of 4) from port B of cell ulx3s_top.$flatten\hdmi.\pixel.$lt$/home/matthias/prog/janestreet/emulator-wt-hdmi-ulx3s/prototypes/fpga-ulx3s/../hdmi-ulx3s/rtl/gen/hdmi_pixel.v:663$1871 ($lt).
Removed top 3 bits (of 4) from port A of cell ulx3s_top.$flatten\hdmi.\pixel.$add$/home/matthias/prog/janestreet/emulator-wt-hdmi-ulx3s/prototypes/fpga-ulx3s/../hdmi-ulx3s/rtl/gen/hdmi_pixel.v:673$1873 ($add).
Removed top 3 bits (of 4) from port B of cell ulx3s_top.$flatten\hdmi.\pixel.$add$/home/matthias/prog/janestreet/emulator-wt-hdmi-ulx3s/prototypes/fpga-ulx3s/../hdmi-ulx3s/rtl/gen/hdmi_pixel.v:673$1873 ($add).
Removed top 2 bits (of 4) from port Y of cell ulx3s_top.$flatten\hdmi.\pixel.$add$/home/matthias/prog/janestreet/emulator-wt-hdmi-ulx3s/prototypes/fpga-ulx3s/../hdmi-ulx3s/rtl/gen/hdmi_pixel.v:673$1873 ($add).
Removed top 3 bits (of 4) from port A of cell ulx3s_top.$flatten\hdmi.\pixel.$add$/home/matthias/prog/janestreet/emulator-wt-hdmi-ulx3s/prototypes/fpga-ulx3s/../hdmi-ulx3s/rtl/gen/hdmi_pixel.v:680$1874 ($add).
Removed top 3 bits (of 4) from port B of cell ulx3s_top.$flatten\hdmi.\pixel.$add$/home/matthias/prog/janestreet/emulator-wt-hdmi-ulx3s/prototypes/fpga-ulx3s/../hdmi-ulx3s/rtl/gen/hdmi_pixel.v:680$1874 ($add).
Removed top 2 bits (of 4) from port Y of cell ulx3s_top.$flatten\hdmi.\pixel.$add$/home/matthias/prog/janestreet/emulator-wt-hdmi-ulx3s/prototypes/fpga-ulx3s/../hdmi-ulx3s/rtl/gen/hdmi_pixel.v:680$1874 ($add).
Removed top 2 bits (of 4) from port A of cell ulx3s_top.$flatten\hdmi.\pixel.$add$/home/matthias/prog/janestreet/emulator-wt-hdmi-ulx3s/prototypes/fpga-ulx3s/../hdmi-ulx3s/rtl/gen/hdmi_pixel.v:681$1875 ($add).
Removed top 2 bits (of 4) from port B of cell ulx3s_top.$flatten\hdmi.\pixel.$add$/home/matthias/prog/janestreet/emulator-wt-hdmi-ulx3s/prototypes/fpga-ulx3s/../hdmi-ulx3s/rtl/gen/hdmi_pixel.v:681$1875 ($add).
Removed top 1 bits (of 4) from port Y of cell ulx3s_top.$flatten\hdmi.\pixel.$add$/home/matthias/prog/janestreet/emulator-wt-hdmi-ulx3s/prototypes/fpga-ulx3s/../hdmi-ulx3s/rtl/gen/hdmi_pixel.v:681$1875 ($add).
Removed top 3 bits (of 4) from port A of cell ulx3s_top.$flatten\hdmi.\pixel.$add$/home/matthias/prog/janestreet/emulator-wt-hdmi-ulx3s/prototypes/fpga-ulx3s/../hdmi-ulx3s/rtl/gen/hdmi_pixel.v:688$1876 ($add).
Removed top 3 bits (of 4) from port B of cell ulx3s_top.$flatten\hdmi.\pixel.$add$/home/matthias/prog/janestreet/emulator-wt-hdmi-ulx3s/prototypes/fpga-ulx3s/../hdmi-ulx3s/rtl/gen/hdmi_pixel.v:688$1876 ($add).
Removed top 2 bits (of 4) from port Y of cell ulx3s_top.$flatten\hdmi.\pixel.$add$/home/matthias/prog/janestreet/emulator-wt-hdmi-ulx3s/prototypes/fpga-ulx3s/../hdmi-ulx3s/rtl/gen/hdmi_pixel.v:688$1876 ($add).
Removed top 1 bits (of 4) from port B of cell ulx3s_top.$flatten\hdmi.\pixel.$eq$/home/matthias/prog/janestreet/emulator-wt-hdmi-ulx3s/prototypes/fpga-ulx3s/../hdmi-ulx3s/rtl/gen/hdmi_pixel.v:722$1898 ($eq).
Removed top 3 bits (of 4) from port A of cell ulx3s_top.$flatten\hdmi.\pixel.$add$/home/matthias/prog/janestreet/emulator-wt-hdmi-ulx3s/prototypes/fpga-ulx3s/../hdmi-ulx3s/rtl/gen/hdmi_pixel.v:730$1900 ($add).
Removed top 3 bits (of 4) from port B of cell ulx3s_top.$flatten\hdmi.\pixel.$add$/home/matthias/prog/janestreet/emulator-wt-hdmi-ulx3s/prototypes/fpga-ulx3s/../hdmi-ulx3s/rtl/gen/hdmi_pixel.v:730$1900 ($add).
Removed top 2 bits (of 4) from port Y of cell ulx3s_top.$flatten\hdmi.\pixel.$add$/home/matthias/prog/janestreet/emulator-wt-hdmi-ulx3s/prototypes/fpga-ulx3s/../hdmi-ulx3s/rtl/gen/hdmi_pixel.v:730$1900 ($add).
Removed top 3 bits (of 4) from port A of cell ulx3s_top.$flatten\hdmi.\pixel.$add$/home/matthias/prog/janestreet/emulator-wt-hdmi-ulx3s/prototypes/fpga-ulx3s/../hdmi-ulx3s/rtl/gen/hdmi_pixel.v:737$1901 ($add).
Removed top 3 bits (of 4) from port B of cell ulx3s_top.$flatten\hdmi.\pixel.$add$/home/matthias/prog/janestreet/emulator-wt-hdmi-ulx3s/prototypes/fpga-ulx3s/../hdmi-ulx3s/rtl/gen/hdmi_pixel.v:737$1901 ($add).
Removed top 2 bits (of 4) from port Y of cell ulx3s_top.$flatten\hdmi.\pixel.$add$/home/matthias/prog/janestreet/emulator-wt-hdmi-ulx3s/prototypes/fpga-ulx3s/../hdmi-ulx3s/rtl/gen/hdmi_pixel.v:737$1901 ($add).
Removed top 2 bits (of 4) from port A of cell ulx3s_top.$flatten\hdmi.\pixel.$add$/home/matthias/prog/janestreet/emulator-wt-hdmi-ulx3s/prototypes/fpga-ulx3s/../hdmi-ulx3s/rtl/gen/hdmi_pixel.v:738$1902 ($add).
Removed top 2 bits (of 4) from port B of cell ulx3s_top.$flatten\hdmi.\pixel.$add$/home/matthias/prog/janestreet/emulator-wt-hdmi-ulx3s/prototypes/fpga-ulx3s/../hdmi-ulx3s/rtl/gen/hdmi_pixel.v:738$1902 ($add).
Removed top 1 bits (of 4) from port Y of cell ulx3s_top.$flatten\hdmi.\pixel.$add$/home/matthias/prog/janestreet/emulator-wt-hdmi-ulx3s/prototypes/fpga-ulx3s/../hdmi-ulx3s/rtl/gen/hdmi_pixel.v:738$1902 ($add).
Removed top 3 bits (of 4) from port A of cell ulx3s_top.$flatten\hdmi.\pixel.$add$/home/matthias/prog/janestreet/emulator-wt-hdmi-ulx3s/prototypes/fpga-ulx3s/../hdmi-ulx3s/rtl/gen/hdmi_pixel.v:745$1903 ($add).
Removed top 3 bits (of 4) from port B of cell ulx3s_top.$flatten\hdmi.\pixel.$add$/home/matthias/prog/janestreet/emulator-wt-hdmi-ulx3s/prototypes/fpga-ulx3s/../hdmi-ulx3s/rtl/gen/hdmi_pixel.v:745$1903 ($add).
Removed top 2 bits (of 4) from port Y of cell ulx3s_top.$flatten\hdmi.\pixel.$add$/home/matthias/prog/janestreet/emulator-wt-hdmi-ulx3s/prototypes/fpga-ulx3s/../hdmi-ulx3s/rtl/gen/hdmi_pixel.v:745$1903 ($add).
Removed top 2 bits (of 3) from port B of cell ulx3s_top.$flatten\hdmi.\pixel.$eq$/home/matthias/prog/janestreet/emulator-wt-hdmi-ulx3s/prototypes/fpga-ulx3s/../hdmi-ulx3s/rtl/gen/hdmi_pixel.v:755$1906 ($eq).
Removed top 3 bits (of 4) from port A of cell ulx3s_top.$flatten\hdmi.\pixel.$add$/home/matthias/prog/janestreet/emulator-wt-hdmi-ulx3s/prototypes/fpga-ulx3s/../hdmi-ulx3s/rtl/gen/hdmi_pixel.v:780$1920 ($add).
Removed top 3 bits (of 4) from port B of cell ulx3s_top.$flatten\hdmi.\pixel.$add$/home/matthias/prog/janestreet/emulator-wt-hdmi-ulx3s/prototypes/fpga-ulx3s/../hdmi-ulx3s/rtl/gen/hdmi_pixel.v:780$1920 ($add).
Removed top 2 bits (of 4) from port Y of cell ulx3s_top.$flatten\hdmi.\pixel.$add$/home/matthias/prog/janestreet/emulator-wt-hdmi-ulx3s/prototypes/fpga-ulx3s/../hdmi-ulx3s/rtl/gen/hdmi_pixel.v:780$1920 ($add).
Removed top 2 bits (of 4) from port A of cell ulx3s_top.$flatten\hdmi.\pixel.$add$/home/matthias/prog/janestreet/emulator-wt-hdmi-ulx3s/prototypes/fpga-ulx3s/../hdmi-ulx3s/rtl/gen/hdmi_pixel.v:781$1921 ($add).
Removed top 2 bits (of 4) from port B of cell ulx3s_top.$flatten\hdmi.\pixel.$add$/home/matthias/prog/janestreet/emulator-wt-hdmi-ulx3s/prototypes/fpga-ulx3s/../hdmi-ulx3s/rtl/gen/hdmi_pixel.v:781$1921 ($add).
Removed top 1 bits (of 4) from port Y of cell ulx3s_top.$flatten\hdmi.\pixel.$add$/home/matthias/prog/janestreet/emulator-wt-hdmi-ulx3s/prototypes/fpga-ulx3s/../hdmi-ulx3s/rtl/gen/hdmi_pixel.v:781$1921 ($add).
Removed top 1 bits (of 4) from port A of cell ulx3s_top.$flatten\hdmi.\pixel.$add$/home/matthias/prog/janestreet/emulator-wt-hdmi-ulx3s/prototypes/fpga-ulx3s/../hdmi-ulx3s/rtl/gen/hdmi_pixel.v:782$1922 ($add).
Removed top 1 bits (of 4) from port B of cell ulx3s_top.$flatten\hdmi.\pixel.$add$/home/matthias/prog/janestreet/emulator-wt-hdmi-ulx3s/prototypes/fpga-ulx3s/../hdmi-ulx3s/rtl/gen/hdmi_pixel.v:782$1922 ($add).
Removed top 1 bits (of 4) from port A of cell ulx3s_top.$flatten\hdmi.\pixel.$lt$/home/matthias/prog/janestreet/emulator-wt-hdmi-ulx3s/prototypes/fpga-ulx3s/../hdmi-ulx3s/rtl/gen/hdmi_pixel.v:783$1923 ($lt).
Removed top 3 bits (of 4) from port A of cell ulx3s_top.$flatten\hdmi.\pixel.$add$/home/matthias/prog/janestreet/emulator-wt-hdmi-ulx3s/prototypes/fpga-ulx3s/../hdmi-ulx3s/rtl/gen/hdmi_pixel.v:797$1926 ($add).
Removed top 3 bits (of 4) from port B of cell ulx3s_top.$flatten\hdmi.\pixel.$add$/home/matthias/prog/janestreet/emulator-wt-hdmi-ulx3s/prototypes/fpga-ulx3s/../hdmi-ulx3s/rtl/gen/hdmi_pixel.v:797$1926 ($add).
Removed top 2 bits (of 4) from port Y of cell ulx3s_top.$flatten\hdmi.\pixel.$add$/home/matthias/prog/janestreet/emulator-wt-hdmi-ulx3s/prototypes/fpga-ulx3s/../hdmi-ulx3s/rtl/gen/hdmi_pixel.v:797$1926 ($add).
Removed top 2 bits (of 4) from port A of cell ulx3s_top.$flatten\hdmi.\pixel.$add$/home/matthias/prog/janestreet/emulator-wt-hdmi-ulx3s/prototypes/fpga-ulx3s/../hdmi-ulx3s/rtl/gen/hdmi_pixel.v:798$1927 ($add).
Removed top 2 bits (of 4) from port B of cell ulx3s_top.$flatten\hdmi.\pixel.$add$/home/matthias/prog/janestreet/emulator-wt-hdmi-ulx3s/prototypes/fpga-ulx3s/../hdmi-ulx3s/rtl/gen/hdmi_pixel.v:798$1927 ($add).
Removed top 1 bits (of 4) from port Y of cell ulx3s_top.$flatten\hdmi.\pixel.$add$/home/matthias/prog/janestreet/emulator-wt-hdmi-ulx3s/prototypes/fpga-ulx3s/../hdmi-ulx3s/rtl/gen/hdmi_pixel.v:798$1927 ($add).
Removed top 1 bits (of 4) from port A of cell ulx3s_top.$flatten\hdmi.\pixel.$add$/home/matthias/prog/janestreet/emulator-wt-hdmi-ulx3s/prototypes/fpga-ulx3s/../hdmi-ulx3s/rtl/gen/hdmi_pixel.v:799$1928 ($add).
Removed top 1 bits (of 4) from port B of cell ulx3s_top.$flatten\hdmi.\pixel.$add$/home/matthias/prog/janestreet/emulator-wt-hdmi-ulx3s/prototypes/fpga-ulx3s/../hdmi-ulx3s/rtl/gen/hdmi_pixel.v:799$1928 ($add).
Removed top 1 bits (of 4) from port A of cell ulx3s_top.$flatten\hdmi.\pixel.$lt$/home/matthias/prog/janestreet/emulator-wt-hdmi-ulx3s/prototypes/fpga-ulx3s/../hdmi-ulx3s/rtl/gen/hdmi_pixel.v:800$1929 ($lt).
Removed top 1 bits (of 4) from port B of cell ulx3s_top.$flatten\hdmi.\pixel.$eq$/home/matthias/prog/janestreet/emulator-wt-hdmi-ulx3s/prototypes/fpga-ulx3s/../hdmi-ulx3s/rtl/gen/hdmi_pixel.v:842$1949 ($eq).
Removed top 3 bits (of 5) from port B of cell ulx3s_top.$flatten\hdmi.\pixel.$add$/home/matthias/prog/janestreet/emulator-wt-hdmi-ulx3s/prototypes/fpga-ulx3s/../hdmi-ulx3s/rtl/gen/hdmi_pixel.v:851$1953 ($add).
Removed top 1 bits (of 5) from port B of cell ulx3s_top.$flatten\hdmi.\pixel.$sub$/home/matthias/prog/janestreet/emulator-wt-hdmi-ulx3s/prototypes/fpga-ulx3s/../hdmi-ulx3s/rtl/gen/hdmi_pixel.v:858$1955 ($sub).
Removed top 3 bits (of 5) from port B of cell ulx3s_top.$flatten\hdmi.\pixel.$sub$/home/matthias/prog/janestreet/emulator-wt-hdmi-ulx3s/prototypes/fpga-ulx3s/../hdmi-ulx3s/rtl/gen/hdmi_pixel.v:866$1958 ($sub).
Removed top 1 bits (of 4) from port B of cell ulx3s_top.$flatten\hdmi.\pixel.$lt$/home/matthias/prog/janestreet/emulator-wt-hdmi-ulx3s/prototypes/fpga-ulx3s/../hdmi-ulx3s/rtl/gen/hdmi_pixel.v:868$1960 ($lt).
Removed top 3 bits (of 4) from port A of cell ulx3s_top.$flatten\hdmi.\pixel.$add$/home/matthias/prog/janestreet/emulator-wt-hdmi-ulx3s/prototypes/fpga-ulx3s/../hdmi-ulx3s/rtl/gen/hdmi_pixel.v:877$1962 ($add).
Removed top 3 bits (of 4) from port B of cell ulx3s_top.$flatten\hdmi.\pixel.$add$/home/matthias/prog/janestreet/emulator-wt-hdmi-ulx3s/prototypes/fpga-ulx3s/../hdmi-ulx3s/rtl/gen/hdmi_pixel.v:877$1962 ($add).
Removed top 2 bits (of 4) from port Y of cell ulx3s_top.$flatten\hdmi.\pixel.$add$/home/matthias/prog/janestreet/emulator-wt-hdmi-ulx3s/prototypes/fpga-ulx3s/../hdmi-ulx3s/rtl/gen/hdmi_pixel.v:877$1962 ($add).
Removed top 3 bits (of 4) from port A of cell ulx3s_top.$flatten\hdmi.\pixel.$add$/home/matthias/prog/janestreet/emulator-wt-hdmi-ulx3s/prototypes/fpga-ulx3s/../hdmi-ulx3s/rtl/gen/hdmi_pixel.v:884$1963 ($add).
Removed top 3 bits (of 4) from port B of cell ulx3s_top.$flatten\hdmi.\pixel.$add$/home/matthias/prog/janestreet/emulator-wt-hdmi-ulx3s/prototypes/fpga-ulx3s/../hdmi-ulx3s/rtl/gen/hdmi_pixel.v:884$1963 ($add).
Removed top 2 bits (of 4) from port Y of cell ulx3s_top.$flatten\hdmi.\pixel.$add$/home/matthias/prog/janestreet/emulator-wt-hdmi-ulx3s/prototypes/fpga-ulx3s/../hdmi-ulx3s/rtl/gen/hdmi_pixel.v:884$1963 ($add).
Removed top 2 bits (of 4) from port A of cell ulx3s_top.$flatten\hdmi.\pixel.$add$/home/matthias/prog/janestreet/emulator-wt-hdmi-ulx3s/prototypes/fpga-ulx3s/../hdmi-ulx3s/rtl/gen/hdmi_pixel.v:885$1964 ($add).
Removed top 2 bits (of 4) from port B of cell ulx3s_top.$flatten\hdmi.\pixel.$add$/home/matthias/prog/janestreet/emulator-wt-hdmi-ulx3s/prototypes/fpga-ulx3s/../hdmi-ulx3s/rtl/gen/hdmi_pixel.v:885$1964 ($add).
Removed top 1 bits (of 4) from port Y of cell ulx3s_top.$flatten\hdmi.\pixel.$add$/home/matthias/prog/janestreet/emulator-wt-hdmi-ulx3s/prototypes/fpga-ulx3s/../hdmi-ulx3s/rtl/gen/hdmi_pixel.v:885$1964 ($add).
Removed top 3 bits (of 4) from port A of cell ulx3s_top.$flatten\hdmi.\pixel.$add$/home/matthias/prog/janestreet/emulator-wt-hdmi-ulx3s/prototypes/fpga-ulx3s/../hdmi-ulx3s/rtl/gen/hdmi_pixel.v:892$1965 ($add).
Removed top 3 bits (of 4) from port B of cell ulx3s_top.$flatten\hdmi.\pixel.$add$/home/matthias/prog/janestreet/emulator-wt-hdmi-ulx3s/prototypes/fpga-ulx3s/../hdmi-ulx3s/rtl/gen/hdmi_pixel.v:892$1965 ($add).
Removed top 2 bits (of 4) from port Y of cell ulx3s_top.$flatten\hdmi.\pixel.$add$/home/matthias/prog/janestreet/emulator-wt-hdmi-ulx3s/prototypes/fpga-ulx3s/../hdmi-ulx3s/rtl/gen/hdmi_pixel.v:892$1965 ($add).
Removed top 1 bits (of 4) from port B of cell ulx3s_top.$flatten\hdmi.\pixel.$eq$/home/matthias/prog/janestreet/emulator-wt-hdmi-ulx3s/prototypes/fpga-ulx3s/../hdmi-ulx3s/rtl/gen/hdmi_pixel.v:926$1987 ($eq).
Removed top 3 bits (of 4) from port A of cell ulx3s_top.$flatten\hdmi.\pixel.$add$/home/matthias/prog/janestreet/emulator-wt-hdmi-ulx3s/prototypes/fpga-ulx3s/../hdmi-ulx3s/rtl/gen/hdmi_pixel.v:934$1989 ($add).
Removed top 3 bits (of 4) from port B of cell ulx3s_top.$flatten\hdmi.\pixel.$add$/home/matthias/prog/janestreet/emulator-wt-hdmi-ulx3s/prototypes/fpga-ulx3s/../hdmi-ulx3s/rtl/gen/hdmi_pixel.v:934$1989 ($add).
Removed top 2 bits (of 4) from port Y of cell ulx3s_top.$flatten\hdmi.\pixel.$add$/home/matthias/prog/janestreet/emulator-wt-hdmi-ulx3s/prototypes/fpga-ulx3s/../hdmi-ulx3s/rtl/gen/hdmi_pixel.v:934$1989 ($add).
Removed top 3 bits (of 4) from port A of cell ulx3s_top.$flatten\hdmi.\pixel.$add$/home/matthias/prog/janestreet/emulator-wt-hdmi-ulx3s/prototypes/fpga-ulx3s/../hdmi-ulx3s/rtl/gen/hdmi_pixel.v:941$1990 ($add).
Removed top 3 bits (of 4) from port B of cell ulx3s_top.$flatten\hdmi.\pixel.$add$/home/matthias/prog/janestreet/emulator-wt-hdmi-ulx3s/prototypes/fpga-ulx3s/../hdmi-ulx3s/rtl/gen/hdmi_pixel.v:941$1990 ($add).
Removed top 2 bits (of 4) from port Y of cell ulx3s_top.$flatten\hdmi.\pixel.$add$/home/matthias/prog/janestreet/emulator-wt-hdmi-ulx3s/prototypes/fpga-ulx3s/../hdmi-ulx3s/rtl/gen/hdmi_pixel.v:941$1990 ($add).
Removed top 2 bits (of 4) from port A of cell ulx3s_top.$flatten\hdmi.\pixel.$add$/home/matthias/prog/janestreet/emulator-wt-hdmi-ulx3s/prototypes/fpga-ulx3s/../hdmi-ulx3s/rtl/gen/hdmi_pixel.v:942$1991 ($add).
Removed top 2 bits (of 4) from port B of cell ulx3s_top.$flatten\hdmi.\pixel.$add$/home/matthias/prog/janestreet/emulator-wt-hdmi-ulx3s/prototypes/fpga-ulx3s/../hdmi-ulx3s/rtl/gen/hdmi_pixel.v:942$1991 ($add).
Removed top 1 bits (of 4) from port Y of cell ulx3s_top.$flatten\hdmi.\pixel.$add$/home/matthias/prog/janestreet/emulator-wt-hdmi-ulx3s/prototypes/fpga-ulx3s/../hdmi-ulx3s/rtl/gen/hdmi_pixel.v:942$1991 ($add).
Removed top 3 bits (of 4) from port A of cell ulx3s_top.$flatten\hdmi.\pixel.$add$/home/matthias/prog/janestreet/emulator-wt-hdmi-ulx3s/prototypes/fpga-ulx3s/../hdmi-ulx3s/rtl/gen/hdmi_pixel.v:949$1992 ($add).
Removed top 3 bits (of 4) from port B of cell ulx3s_top.$flatten\hdmi.\pixel.$add$/home/matthias/prog/janestreet/emulator-wt-hdmi-ulx3s/prototypes/fpga-ulx3s/../hdmi-ulx3s/rtl/gen/hdmi_pixel.v:949$1992 ($add).
Removed top 2 bits (of 4) from port Y of cell ulx3s_top.$flatten\hdmi.\pixel.$add$/home/matthias/prog/janestreet/emulator-wt-hdmi-ulx3s/prototypes/fpga-ulx3s/../hdmi-ulx3s/rtl/gen/hdmi_pixel.v:949$1992 ($add).
Removed top 3 bits (of 4) from port A of cell ulx3s_top.$flatten\hdmi.\pixel.$add$/home/matthias/prog/janestreet/emulator-wt-hdmi-ulx3s/prototypes/fpga-ulx3s/../hdmi-ulx3s/rtl/gen/hdmi_pixel.v:972$2003 ($add).
Removed top 3 bits (of 4) from port B of cell ulx3s_top.$flatten\hdmi.\pixel.$add$/home/matthias/prog/janestreet/emulator-wt-hdmi-ulx3s/prototypes/fpga-ulx3s/../hdmi-ulx3s/rtl/gen/hdmi_pixel.v:972$2003 ($add).
Removed top 2 bits (of 4) from port Y of cell ulx3s_top.$flatten\hdmi.\pixel.$add$/home/matthias/prog/janestreet/emulator-wt-hdmi-ulx3s/prototypes/fpga-ulx3s/../hdmi-ulx3s/rtl/gen/hdmi_pixel.v:972$2003 ($add).
Removed top 2 bits (of 4) from port A of cell ulx3s_top.$flatten\hdmi.\pixel.$add$/home/matthias/prog/janestreet/emulator-wt-hdmi-ulx3s/prototypes/fpga-ulx3s/../hdmi-ulx3s/rtl/gen/hdmi_pixel.v:973$2004 ($add).
Removed top 2 bits (of 4) from port B of cell ulx3s_top.$flatten\hdmi.\pixel.$add$/home/matthias/prog/janestreet/emulator-wt-hdmi-ulx3s/prototypes/fpga-ulx3s/../hdmi-ulx3s/rtl/gen/hdmi_pixel.v:973$2004 ($add).
Removed top 1 bits (of 4) from port Y of cell ulx3s_top.$flatten\hdmi.\pixel.$add$/home/matthias/prog/janestreet/emulator-wt-hdmi-ulx3s/prototypes/fpga-ulx3s/../hdmi-ulx3s/rtl/gen/hdmi_pixel.v:973$2004 ($add).
Removed top 1 bits (of 4) from port A of cell ulx3s_top.$flatten\hdmi.\pixel.$add$/home/matthias/prog/janestreet/emulator-wt-hdmi-ulx3s/prototypes/fpga-ulx3s/../hdmi-ulx3s/rtl/gen/hdmi_pixel.v:974$2005 ($add).
Removed top 1 bits (of 4) from port B of cell ulx3s_top.$flatten\hdmi.\pixel.$add$/home/matthias/prog/janestreet/emulator-wt-hdmi-ulx3s/prototypes/fpga-ulx3s/../hdmi-ulx3s/rtl/gen/hdmi_pixel.v:974$2005 ($add).
Removed top 1 bits (of 4) from port A of cell ulx3s_top.$flatten\hdmi.\pixel.$lt$/home/matthias/prog/janestreet/emulator-wt-hdmi-ulx3s/prototypes/fpga-ulx3s/../hdmi-ulx3s/rtl/gen/hdmi_pixel.v:975$2006 ($lt).
Removed top 3 bits (of 4) from port A of cell ulx3s_top.$flatten\hdmi.\pixel.$add$/home/matthias/prog/janestreet/emulator-wt-hdmi-ulx3s/prototypes/fpga-ulx3s/../hdmi-ulx3s/rtl/gen/hdmi_pixel.v:989$2009 ($add).
Removed top 3 bits (of 4) from port B of cell ulx3s_top.$flatten\hdmi.\pixel.$add$/home/matthias/prog/janestreet/emulator-wt-hdmi-ulx3s/prototypes/fpga-ulx3s/../hdmi-ulx3s/rtl/gen/hdmi_pixel.v:989$2009 ($add).
Removed top 2 bits (of 4) from port Y of cell ulx3s_top.$flatten\hdmi.\pixel.$add$/home/matthias/prog/janestreet/emulator-wt-hdmi-ulx3s/prototypes/fpga-ulx3s/../hdmi-ulx3s/rtl/gen/hdmi_pixel.v:989$2009 ($add).
Removed top 2 bits (of 4) from port A of cell ulx3s_top.$flatten\hdmi.\pixel.$add$/home/matthias/prog/janestreet/emulator-wt-hdmi-ulx3s/prototypes/fpga-ulx3s/../hdmi-ulx3s/rtl/gen/hdmi_pixel.v:990$2010 ($add).
Removed top 2 bits (of 4) from port B of cell ulx3s_top.$flatten\hdmi.\pixel.$add$/home/matthias/prog/janestreet/emulator-wt-hdmi-ulx3s/prototypes/fpga-ulx3s/../hdmi-ulx3s/rtl/gen/hdmi_pixel.v:990$2010 ($add).
Removed top 1 bits (of 4) from port Y of cell ulx3s_top.$flatten\hdmi.\pixel.$add$/home/matthias/prog/janestreet/emulator-wt-hdmi-ulx3s/prototypes/fpga-ulx3s/../hdmi-ulx3s/rtl/gen/hdmi_pixel.v:990$2010 ($add).
Removed top 1 bits (of 4) from port A of cell ulx3s_top.$flatten\hdmi.\pixel.$add$/home/matthias/prog/janestreet/emulator-wt-hdmi-ulx3s/prototypes/fpga-ulx3s/../hdmi-ulx3s/rtl/gen/hdmi_pixel.v:991$2011 ($add).
Removed top 1 bits (of 4) from port B of cell ulx3s_top.$flatten\hdmi.\pixel.$add$/home/matthias/prog/janestreet/emulator-wt-hdmi-ulx3s/prototypes/fpga-ulx3s/../hdmi-ulx3s/rtl/gen/hdmi_pixel.v:991$2011 ($add).
Removed top 1 bits (of 4) from port A of cell ulx3s_top.$flatten\hdmi.\pixel.$lt$/home/matthias/prog/janestreet/emulator-wt-hdmi-ulx3s/prototypes/fpga-ulx3s/../hdmi-ulx3s/rtl/gen/hdmi_pixel.v:992$2012 ($lt).
Removed top 1 bits (of 4) from port B of cell ulx3s_top.$flatten\hdmi.\pixel.$eq$/home/matthias/prog/janestreet/emulator-wt-hdmi-ulx3s/prototypes/fpga-ulx3s/../hdmi-ulx3s/rtl/gen/hdmi_pixel.v:1033$2032 ($eq).
Removed top 3 bits (of 5) from port B of cell ulx3s_top.$flatten\hdmi.\pixel.$add$/home/matthias/prog/janestreet/emulator-wt-hdmi-ulx3s/prototypes/fpga-ulx3s/../hdmi-ulx3s/rtl/gen/hdmi_pixel.v:1042$2036 ($add).
Removed top 1 bits (of 5) from port B of cell ulx3s_top.$flatten\hdmi.\pixel.$sub$/home/matthias/prog/janestreet/emulator-wt-hdmi-ulx3s/prototypes/fpga-ulx3s/../hdmi-ulx3s/rtl/gen/hdmi_pixel.v:1050$2038 ($sub).
Removed top 3 bits (of 5) from port B of cell ulx3s_top.$flatten\hdmi.\pixel.$sub$/home/matthias/prog/janestreet/emulator-wt-hdmi-ulx3s/prototypes/fpga-ulx3s/../hdmi-ulx3s/rtl/gen/hdmi_pixel.v:1058$2041 ($sub).
Removed top 1 bits (of 4) from port B of cell ulx3s_top.$flatten\hdmi.\pixel.$lt$/home/matthias/prog/janestreet/emulator-wt-hdmi-ulx3s/prototypes/fpga-ulx3s/../hdmi-ulx3s/rtl/gen/hdmi_pixel.v:1060$2043 ($lt).
Removed top 3 bits (of 4) from port A of cell ulx3s_top.$flatten\hdmi.\pixel.$add$/home/matthias/prog/janestreet/emulator-wt-hdmi-ulx3s/prototypes/fpga-ulx3s/../hdmi-ulx3s/rtl/gen/hdmi_pixel.v:1069$2045 ($add).
Removed top 3 bits (of 4) from port B of cell ulx3s_top.$flatten\hdmi.\pixel.$add$/home/matthias/prog/janestreet/emulator-wt-hdmi-ulx3s/prototypes/fpga-ulx3s/../hdmi-ulx3s/rtl/gen/hdmi_pixel.v:1069$2045 ($add).
Removed top 2 bits (of 4) from port Y of cell ulx3s_top.$flatten\hdmi.\pixel.$add$/home/matthias/prog/janestreet/emulator-wt-hdmi-ulx3s/prototypes/fpga-ulx3s/../hdmi-ulx3s/rtl/gen/hdmi_pixel.v:1069$2045 ($add).
Removed top 3 bits (of 4) from port A of cell ulx3s_top.$flatten\hdmi.\pixel.$add$/home/matthias/prog/janestreet/emulator-wt-hdmi-ulx3s/prototypes/fpga-ulx3s/../hdmi-ulx3s/rtl/gen/hdmi_pixel.v:1076$2046 ($add).
Removed top 3 bits (of 4) from port B of cell ulx3s_top.$flatten\hdmi.\pixel.$add$/home/matthias/prog/janestreet/emulator-wt-hdmi-ulx3s/prototypes/fpga-ulx3s/../hdmi-ulx3s/rtl/gen/hdmi_pixel.v:1076$2046 ($add).
Removed top 2 bits (of 4) from port Y of cell ulx3s_top.$flatten\hdmi.\pixel.$add$/home/matthias/prog/janestreet/emulator-wt-hdmi-ulx3s/prototypes/fpga-ulx3s/../hdmi-ulx3s/rtl/gen/hdmi_pixel.v:1076$2046 ($add).
Removed top 2 bits (of 4) from port A of cell ulx3s_top.$flatten\hdmi.\pixel.$add$/home/matthias/prog/janestreet/emulator-wt-hdmi-ulx3s/prototypes/fpga-ulx3s/../hdmi-ulx3s/rtl/gen/hdmi_pixel.v:1077$2047 ($add).
Removed top 2 bits (of 4) from port B of cell ulx3s_top.$flatten\hdmi.\pixel.$add$/home/matthias/prog/janestreet/emulator-wt-hdmi-ulx3s/prototypes/fpga-ulx3s/../hdmi-ulx3s/rtl/gen/hdmi_pixel.v:1077$2047 ($add).
Removed top 1 bits (of 4) from port Y of cell ulx3s_top.$flatten\hdmi.\pixel.$add$/home/matthias/prog/janestreet/emulator-wt-hdmi-ulx3s/prototypes/fpga-ulx3s/../hdmi-ulx3s/rtl/gen/hdmi_pixel.v:1077$2047 ($add).
Removed top 3 bits (of 4) from port A of cell ulx3s_top.$flatten\hdmi.\pixel.$add$/home/matthias/prog/janestreet/emulator-wt-hdmi-ulx3s/prototypes/fpga-ulx3s/../hdmi-ulx3s/rtl/gen/hdmi_pixel.v:1084$2048 ($add).
Removed top 3 bits (of 4) from port B of cell ulx3s_top.$flatten\hdmi.\pixel.$add$/home/matthias/prog/janestreet/emulator-wt-hdmi-ulx3s/prototypes/fpga-ulx3s/../hdmi-ulx3s/rtl/gen/hdmi_pixel.v:1084$2048 ($add).
Removed top 2 bits (of 4) from port Y of cell ulx3s_top.$flatten\hdmi.\pixel.$add$/home/matthias/prog/janestreet/emulator-wt-hdmi-ulx3s/prototypes/fpga-ulx3s/../hdmi-ulx3s/rtl/gen/hdmi_pixel.v:1084$2048 ($add).
Removed top 1 bits (of 4) from port B of cell ulx3s_top.$flatten\hdmi.\pixel.$eq$/home/matthias/prog/janestreet/emulator-wt-hdmi-ulx3s/prototypes/fpga-ulx3s/../hdmi-ulx3s/rtl/gen/hdmi_pixel.v:1118$2070 ($eq).
Removed top 3 bits (of 4) from port A of cell ulx3s_top.$flatten\hdmi.\pixel.$add$/home/matthias/prog/janestreet/emulator-wt-hdmi-ulx3s/prototypes/fpga-ulx3s/../hdmi-ulx3s/rtl/gen/hdmi_pixel.v:1126$2072 ($add).
Removed top 3 bits (of 4) from port B of cell ulx3s_top.$flatten\hdmi.\pixel.$add$/home/matthias/prog/janestreet/emulator-wt-hdmi-ulx3s/prototypes/fpga-ulx3s/../hdmi-ulx3s/rtl/gen/hdmi_pixel.v:1126$2072 ($add).
Removed top 2 bits (of 4) from port Y of cell ulx3s_top.$flatten\hdmi.\pixel.$add$/home/matthias/prog/janestreet/emulator-wt-hdmi-ulx3s/prototypes/fpga-ulx3s/../hdmi-ulx3s/rtl/gen/hdmi_pixel.v:1126$2072 ($add).
Removed top 3 bits (of 4) from port A of cell ulx3s_top.$flatten\hdmi.\pixel.$add$/home/matthias/prog/janestreet/emulator-wt-hdmi-ulx3s/prototypes/fpga-ulx3s/../hdmi-ulx3s/rtl/gen/hdmi_pixel.v:1133$2073 ($add).
Removed top 3 bits (of 4) from port B of cell ulx3s_top.$flatten\hdmi.\pixel.$add$/home/matthias/prog/janestreet/emulator-wt-hdmi-ulx3s/prototypes/fpga-ulx3s/../hdmi-ulx3s/rtl/gen/hdmi_pixel.v:1133$2073 ($add).
Removed top 2 bits (of 4) from port Y of cell ulx3s_top.$flatten\hdmi.\pixel.$add$/home/matthias/prog/janestreet/emulator-wt-hdmi-ulx3s/prototypes/fpga-ulx3s/../hdmi-ulx3s/rtl/gen/hdmi_pixel.v:1133$2073 ($add).
Removed top 2 bits (of 4) from port A of cell ulx3s_top.$flatten\hdmi.\pixel.$add$/home/matthias/prog/janestreet/emulator-wt-hdmi-ulx3s/prototypes/fpga-ulx3s/../hdmi-ulx3s/rtl/gen/hdmi_pixel.v:1134$2074 ($add).
Removed top 2 bits (of 4) from port B of cell ulx3s_top.$flatten\hdmi.\pixel.$add$/home/matthias/prog/janestreet/emulator-wt-hdmi-ulx3s/prototypes/fpga-ulx3s/../hdmi-ulx3s/rtl/gen/hdmi_pixel.v:1134$2074 ($add).
Removed top 1 bits (of 4) from port Y of cell ulx3s_top.$flatten\hdmi.\pixel.$add$/home/matthias/prog/janestreet/emulator-wt-hdmi-ulx3s/prototypes/fpga-ulx3s/../hdmi-ulx3s/rtl/gen/hdmi_pixel.v:1134$2074 ($add).
Removed top 3 bits (of 4) from port A of cell ulx3s_top.$flatten\hdmi.\pixel.$add$/home/matthias/prog/janestreet/emulator-wt-hdmi-ulx3s/prototypes/fpga-ulx3s/../hdmi-ulx3s/rtl/gen/hdmi_pixel.v:1141$2075 ($add).
Removed top 3 bits (of 4) from port B of cell ulx3s_top.$flatten\hdmi.\pixel.$add$/home/matthias/prog/janestreet/emulator-wt-hdmi-ulx3s/prototypes/fpga-ulx3s/../hdmi-ulx3s/rtl/gen/hdmi_pixel.v:1141$2075 ($add).
Removed top 2 bits (of 4) from port Y of cell ulx3s_top.$flatten\hdmi.\pixel.$add$/home/matthias/prog/janestreet/emulator-wt-hdmi-ulx3s/prototypes/fpga-ulx3s/../hdmi-ulx3s/rtl/gen/hdmi_pixel.v:1141$2075 ($add).
Removed top 1 bits (of 3) from port B of cell ulx3s_top.$flatten\hdmi.\pixel.$eq$/home/matthias/prog/janestreet/emulator-wt-hdmi-ulx3s/prototypes/fpga-ulx3s/../hdmi-ulx3s/rtl/gen/hdmi_pixel.v:1149$2078 ($eq).
Removed top 1 bits (of 10) from port B of cell ulx3s_top.$flatten\hdmi.\pixel.$lt$/home/matthias/prog/janestreet/emulator-wt-hdmi-ulx3s/prototypes/fpga-ulx3s/../hdmi-ulx3s/rtl/gen/hdmi_pixel.v:1157$2081 ($lt).
Removed top 1 bits (of 10) from port B of cell ulx3s_top.$flatten\hdmi.\pixel.$lt$/home/matthias/prog/janestreet/emulator-wt-hdmi-ulx3s/prototypes/fpga-ulx3s/../hdmi-ulx3s/rtl/gen/hdmi_pixel.v:1162$2083 ($lt).
Removed top 2 bits (of 10) from port B of cell ulx3s_top.$flatten\hdmi.\pixel.$lt$/home/matthias/prog/janestreet/emulator-wt-hdmi-ulx3s/prototypes/fpga-ulx3s/../hdmi-ulx3s/rtl/gen/hdmi_pixel.v:1171$2087 ($lt).
Removed top 2 bits (of 10) from port B of cell ulx3s_top.$flatten\hdmi.\pixel.$lt$/home/matthias/prog/janestreet/emulator-wt-hdmi-ulx3s/prototypes/fpga-ulx3s/../hdmi-ulx3s/rtl/gen/hdmi_pixel.v:1175$2089 ($lt).
Removed top 3 bits (of 10) from port B of cell ulx3s_top.$flatten\hdmi.\pixel.$lt$/home/matthias/prog/janestreet/emulator-wt-hdmi-ulx3s/prototypes/fpga-ulx3s/../hdmi-ulx3s/rtl/gen/hdmi_pixel.v:1180$2091 ($lt).
Removed top 2 bits (of 3) from port A of cell ulx3s_top.$flatten\hdmi.\pixel.$add$/home/matthias/prog/janestreet/emulator-wt-hdmi-ulx3s/prototypes/fpga-ulx3s/../hdmi-ulx3s/rtl/gen/hdmi_pixel.v:1184$2093 ($add).
Removed top 2 bits (of 3) from port B of cell ulx3s_top.$flatten\hdmi.\pixel.$add$/home/matthias/prog/janestreet/emulator-wt-hdmi-ulx3s/prototypes/fpga-ulx3s/../hdmi-ulx3s/rtl/gen/hdmi_pixel.v:1184$2093 ($add).
Removed top 1 bits (of 3) from port Y of cell ulx3s_top.$flatten\hdmi.\pixel.$add$/home/matthias/prog/janestreet/emulator-wt-hdmi-ulx3s/prototypes/fpga-ulx3s/../hdmi-ulx3s/rtl/gen/hdmi_pixel.v:1184$2093 ($add).
Removed top 1 bits (of 3) from port A of cell ulx3s_top.$flatten\hdmi.\pixel.$add$/home/matthias/prog/janestreet/emulator-wt-hdmi-ulx3s/prototypes/fpga-ulx3s/../hdmi-ulx3s/rtl/gen/hdmi_pixel.v:1185$2094 ($add).
Removed top 2 bits (of 3) from port B of cell ulx3s_top.$flatten\hdmi.\pixel.$add$/home/matthias/prog/janestreet/emulator-wt-hdmi-ulx3s/prototypes/fpga-ulx3s/../hdmi-ulx3s/rtl/gen/hdmi_pixel.v:1185$2094 ($add).
Removed top 2 bits (of 3) from port B of cell ulx3s_top.$flatten\hdmi.\pixel.$add$/home/matthias/prog/janestreet/emulator-wt-hdmi-ulx3s/prototypes/fpga-ulx3s/../hdmi-ulx3s/rtl/gen/hdmi_pixel.v:1186$2095 ($add).
Removed top 2 bits (of 3) from port B of cell ulx3s_top.$flatten\hdmi.\pixel.$add$/home/matthias/prog/janestreet/emulator-wt-hdmi-ulx3s/prototypes/fpga-ulx3s/../hdmi-ulx3s/rtl/gen/hdmi_pixel.v:1187$2096 ($add).
Removed top 2 bits (of 3) from port B of cell ulx3s_top.$flatten\hdmi.\pixel.$add$/home/matthias/prog/janestreet/emulator-wt-hdmi-ulx3s/prototypes/fpga-ulx3s/../hdmi-ulx3s/rtl/gen/hdmi_pixel.v:1188$2097 ($add).
Removed top 2 bits (of 3) from port B of cell ulx3s_top.$flatten\hdmi.\pixel.$add$/home/matthias/prog/janestreet/emulator-wt-hdmi-ulx3s/prototypes/fpga-ulx3s/../hdmi-ulx3s/rtl/gen/hdmi_pixel.v:1189$2098 ($add).
Removed top 2 bits (of 10) from port Y of cell ulx3s_top.$flatten\hdmi.\pixel.$xor$/home/matthias/prog/janestreet/emulator-wt-hdmi-ulx3s/prototypes/fpga-ulx3s/../hdmi-ulx3s/rtl/gen/hdmi_pixel.v:1195$2104 ($xor).
Removed top 2 bits (of 10) from port A of cell ulx3s_top.$flatten\hdmi.\pixel.$xor$/home/matthias/prog/janestreet/emulator-wt-hdmi-ulx3s/prototypes/fpga-ulx3s/../hdmi-ulx3s/rtl/gen/hdmi_pixel.v:1195$2104 ($xor).
Removed top 2 bits (of 10) from port B of cell ulx3s_top.$flatten\hdmi.\pixel.$xor$/home/matthias/prog/janestreet/emulator-wt-hdmi-ulx3s/prototypes/fpga-ulx3s/../hdmi-ulx3s/rtl/gen/hdmi_pixel.v:1195$2104 ($xor).
Removed top 1 bits (of 10) from port B of cell ulx3s_top.$flatten\hdmi.\pixel.$sub$/home/matthias/prog/janestreet/emulator-wt-hdmi-ulx3s/prototypes/fpga-ulx3s/../hdmi-ulx3s/rtl/gen/hdmi_pixel.v:1204$2108 ($sub).
Removed top 6 bits (of 16) from port A of cell ulx3s_top.$flatten\hdmi.\pixel.$mul$/home/matthias/prog/janestreet/emulator-wt-hdmi-ulx3s/prototypes/fpga-ulx3s/../hdmi-ulx3s/rtl/gen/hdmi_pixel.v:1208$2109 ($mul).
Removed top 8 bits (of 24) from port Y of cell ulx3s_top.$flatten\hdmi.\pixel.$mul$/home/matthias/prog/janestreet/emulator-wt-hdmi-ulx3s/prototypes/fpga-ulx3s/../hdmi-ulx3s/rtl/gen/hdmi_pixel.v:1208$2109 ($mul).
Removed top 1 bits (of 10) from port B of cell ulx3s_top.$flatten\hdmi.\pixel.$lt$/home/matthias/prog/janestreet/emulator-wt-hdmi-ulx3s/prototypes/fpga-ulx3s/../hdmi-ulx3s/rtl/gen/hdmi_pixel.v:1210$2110 ($lt).
Removed top 1 bits (of 10) from port B of cell ulx3s_top.$flatten\hdmi.\pixel.$lt$/home/matthias/prog/janestreet/emulator-wt-hdmi-ulx3s/prototypes/fpga-ulx3s/../hdmi-ulx3s/rtl/gen/hdmi_pixel.v:1212$2112 ($lt).
Removed top 2 bits (of 10) from port B of cell ulx3s_top.$flatten\hdmi.\pixel.$lt$/home/matthias/prog/janestreet/emulator-wt-hdmi-ulx3s/prototypes/fpga-ulx3s/../hdmi-ulx3s/rtl/gen/hdmi_pixel.v:1214$2114 ($lt).
Removed top 1 bits (of 10) from port B of cell ulx3s_top.$flatten\hdmi.\pixel.$eq$/home/matthias/prog/janestreet/emulator-wt-hdmi-ulx3s/prototypes/fpga-ulx3s/../hdmi-ulx3s/rtl/gen/hdmi_pixel.v:1217$2116 ($eq).
Removed top 3 bits (of 4) from port A of cell ulx3s_top.$flatten\hdmi.\pixel.$add$/home/matthias/prog/janestreet/emulator-wt-hdmi-ulx3s/prototypes/fpga-ulx3s/../hdmi-ulx3s/rtl/gen/hdmi_pixel.v:1235$2125 ($add).
Removed top 3 bits (of 4) from port B of cell ulx3s_top.$flatten\hdmi.\pixel.$add$/home/matthias/prog/janestreet/emulator-wt-hdmi-ulx3s/prototypes/fpga-ulx3s/../hdmi-ulx3s/rtl/gen/hdmi_pixel.v:1235$2125 ($add).
Removed top 2 bits (of 4) from port Y of cell ulx3s_top.$flatten\hdmi.\pixel.$add$/home/matthias/prog/janestreet/emulator-wt-hdmi-ulx3s/prototypes/fpga-ulx3s/../hdmi-ulx3s/rtl/gen/hdmi_pixel.v:1235$2125 ($add).
Removed top 2 bits (of 4) from port A of cell ulx3s_top.$flatten\hdmi.\pixel.$add$/home/matthias/prog/janestreet/emulator-wt-hdmi-ulx3s/prototypes/fpga-ulx3s/../hdmi-ulx3s/rtl/gen/hdmi_pixel.v:1236$2126 ($add).
Removed top 2 bits (of 4) from port B of cell ulx3s_top.$flatten\hdmi.\pixel.$add$/home/matthias/prog/janestreet/emulator-wt-hdmi-ulx3s/prototypes/fpga-ulx3s/../hdmi-ulx3s/rtl/gen/hdmi_pixel.v:1236$2126 ($add).
Removed top 1 bits (of 4) from port Y of cell ulx3s_top.$flatten\hdmi.\pixel.$add$/home/matthias/prog/janestreet/emulator-wt-hdmi-ulx3s/prototypes/fpga-ulx3s/../hdmi-ulx3s/rtl/gen/hdmi_pixel.v:1236$2126 ($add).
Removed top 1 bits (of 4) from port A of cell ulx3s_top.$flatten\hdmi.\pixel.$add$/home/matthias/prog/janestreet/emulator-wt-hdmi-ulx3s/prototypes/fpga-ulx3s/../hdmi-ulx3s/rtl/gen/hdmi_pixel.v:1237$2127 ($add).
Removed top 1 bits (of 4) from port B of cell ulx3s_top.$flatten\hdmi.\pixel.$add$/home/matthias/prog/janestreet/emulator-wt-hdmi-ulx3s/prototypes/fpga-ulx3s/../hdmi-ulx3s/rtl/gen/hdmi_pixel.v:1237$2127 ($add).
Removed top 1 bits (of 4) from port A of cell ulx3s_top.$flatten\hdmi.\pixel.$lt$/home/matthias/prog/janestreet/emulator-wt-hdmi-ulx3s/prototypes/fpga-ulx3s/../hdmi-ulx3s/rtl/gen/hdmi_pixel.v:1238$2128 ($lt).
Removed top 3 bits (of 4) from port A of cell ulx3s_top.$flatten\hdmi.\pixel.$add$/home/matthias/prog/janestreet/emulator-wt-hdmi-ulx3s/prototypes/fpga-ulx3s/../hdmi-ulx3s/rtl/gen/hdmi_pixel.v:1252$2131 ($add).
Removed top 3 bits (of 4) from port B of cell ulx3s_top.$flatten\hdmi.\pixel.$add$/home/matthias/prog/janestreet/emulator-wt-hdmi-ulx3s/prototypes/fpga-ulx3s/../hdmi-ulx3s/rtl/gen/hdmi_pixel.v:1252$2131 ($add).
Removed top 2 bits (of 4) from port Y of cell ulx3s_top.$flatten\hdmi.\pixel.$add$/home/matthias/prog/janestreet/emulator-wt-hdmi-ulx3s/prototypes/fpga-ulx3s/../hdmi-ulx3s/rtl/gen/hdmi_pixel.v:1252$2131 ($add).
Removed top 2 bits (of 4) from port A of cell ulx3s_top.$flatten\hdmi.\pixel.$add$/home/matthias/prog/janestreet/emulator-wt-hdmi-ulx3s/prototypes/fpga-ulx3s/../hdmi-ulx3s/rtl/gen/hdmi_pixel.v:1253$2132 ($add).
Removed top 2 bits (of 4) from port B of cell ulx3s_top.$flatten\hdmi.\pixel.$add$/home/matthias/prog/janestreet/emulator-wt-hdmi-ulx3s/prototypes/fpga-ulx3s/../hdmi-ulx3s/rtl/gen/hdmi_pixel.v:1253$2132 ($add).
Removed top 1 bits (of 4) from port Y of cell ulx3s_top.$flatten\hdmi.\pixel.$add$/home/matthias/prog/janestreet/emulator-wt-hdmi-ulx3s/prototypes/fpga-ulx3s/../hdmi-ulx3s/rtl/gen/hdmi_pixel.v:1253$2132 ($add).
Removed top 1 bits (of 4) from port A of cell ulx3s_top.$flatten\hdmi.\pixel.$add$/home/matthias/prog/janestreet/emulator-wt-hdmi-ulx3s/prototypes/fpga-ulx3s/../hdmi-ulx3s/rtl/gen/hdmi_pixel.v:1254$2133 ($add).
Removed top 1 bits (of 4) from port B of cell ulx3s_top.$flatten\hdmi.\pixel.$add$/home/matthias/prog/janestreet/emulator-wt-hdmi-ulx3s/prototypes/fpga-ulx3s/../hdmi-ulx3s/rtl/gen/hdmi_pixel.v:1254$2133 ($add).
Removed top 1 bits (of 4) from port A of cell ulx3s_top.$flatten\hdmi.\pixel.$lt$/home/matthias/prog/janestreet/emulator-wt-hdmi-ulx3s/prototypes/fpga-ulx3s/../hdmi-ulx3s/rtl/gen/hdmi_pixel.v:1255$2134 ($lt).
Removed top 1 bits (of 10) from port B of cell ulx3s_top.$flatten\hdmi.\pixel.$lt$/home/matthias/prog/janestreet/emulator-wt-hdmi-ulx3s/prototypes/fpga-ulx3s/../hdmi-ulx3s/rtl/gen/hdmi_pixel.v:1292$2153 ($lt).
Removed top 1 bits (of 10) from port B of cell ulx3s_top.$flatten\hdmi.\pixel.$lt$/home/matthias/prog/janestreet/emulator-wt-hdmi-ulx3s/prototypes/fpga-ulx3s/../hdmi-ulx3s/rtl/gen/hdmi_pixel.v:1294$2154 ($lt).
Removed top 9 bits (of 10) from port B of cell ulx3s_top.$flatten\hdmi.\pixel.$add$/home/matthias/prog/janestreet/emulator-wt-hdmi-ulx3s/prototypes/fpga-ulx3s/../hdmi-ulx3s/rtl/gen/hdmi_pixel.v:1319$2160 ($add).
Removed top 1 bits (of 10) from port B of cell ulx3s_top.$flatten\hdmi.\pixel.$lt$/home/matthias/prog/janestreet/emulator-wt-hdmi-ulx3s/prototypes/fpga-ulx3s/../hdmi-ulx3s/rtl/gen/hdmi_pixel.v:1331$2165 ($lt).
Removed top 9 bits (of 10) from port B of cell ulx3s_top.$flatten\hdmi.\pixel.$add$/home/matthias/prog/janestreet/emulator-wt-hdmi-ulx3s/prototypes/fpga-ulx3s/../hdmi-ulx3s/rtl/gen/hdmi_pixel.v:1334$2166 ($add).
Removed top 1 bits (of 2) from port B of cell ulx3s_top.$flatten\hdmi.\pixel.$procmux$3810_CMP0 ($eq).
Removed top 4 bits (of 5) from port B of cell ulx3s_top.$flatten\hdmi.$add$/home/matthias/prog/janestreet/emulator-wt-hdmi-ulx3s/prototypes/fpga-ulx3s/../hdmi-ulx3s/rtl/hdmi_out.v:30$1837 ($add).
Removed top 4 bits (of 5) from port B of cell ulx3s_top.$flatten\hdmi.$add$/home/matthias/prog/janestreet/emulator-wt-hdmi-ulx3s/prototypes/fpga-ulx3s/../hdmi-ulx3s/rtl/hdmi_out.v:26$1833 ($add).
Removed top 1 bits (of 2) from port B of cell ulx3s_top.$flatten\core.\smp.$eq$/home/matthias/prog/janestreet/emulator-wt-hdmi-ulx3s/prototypes/fpga-ulx3s/rtl/gen/pin_sampler.v:250$809 ($eq).
Removed top 1 bits (of 2) from port B of cell ulx3s_top.$flatten\core.\smp.$add$/home/matthias/prog/janestreet/emulator-wt-hdmi-ulx3s/prototypes/fpga-ulx3s/rtl/gen/pin_sampler.v:262$812 ($add).
Removed top 12 bits (of 16) from mux cell ulx3s_top.$flatten\core.\smp.$ternary$/home/matthias/prog/janestreet/emulator-wt-hdmi-ulx3s/prototypes/fpga-ulx3s/rtl/gen/pin_sampler.v:292$818 ($mux).
Removed top 12 bits (of 16) from mux cell ulx3s_top.$flatten\core.\smp.$ternary$/home/matthias/prog/janestreet/emulator-wt-hdmi-ulx3s/prototypes/fpga-ulx3s/rtl/gen/pin_sampler.v:295$820 ($mux).
Removed top 12 bits (of 16) from port A of cell ulx3s_top.$flatten\core.\smp.$and$/home/matthias/prog/janestreet/emulator-wt-hdmi-ulx3s/prototypes/fpga-ulx3s/rtl/gen/pin_sampler.v:299$821 ($and).
Removed top 12 bits (of 16) from port B of cell ulx3s_top.$flatten\core.\smp.$and$/home/matthias/prog/janestreet/emulator-wt-hdmi-ulx3s/prototypes/fpga-ulx3s/rtl/gen/pin_sampler.v:299$821 ($and).
Removed top 12 bits (of 16) from port Y of cell ulx3s_top.$flatten\core.\smp.$and$/home/matthias/prog/janestreet/emulator-wt-hdmi-ulx3s/prototypes/fpga-ulx3s/rtl/gen/pin_sampler.v:299$821 ($and).
Removed top 11 bits (of 16) from mux cell ulx3s_top.$flatten\core.\smp.$ternary$/home/matthias/prog/janestreet/emulator-wt-hdmi-ulx3s/prototypes/fpga-ulx3s/rtl/gen/pin_sampler.v:301$822 ($mux).
Removed top 9 bits (of 16) from mux cell ulx3s_top.$flatten\core.\smp.$ternary$/home/matthias/prog/janestreet/emulator-wt-hdmi-ulx3s/prototypes/fpga-ulx3s/rtl/gen/pin_sampler.v:303$823 ($mux).
Removed top 5 bits (of 16) from mux cell ulx3s_top.$flatten\core.\smp.$ternary$/home/matthias/prog/janestreet/emulator-wt-hdmi-ulx3s/prototypes/fpga-ulx3s/rtl/gen/pin_sampler.v:305$824 ($mux).
Removed top 9 bits (of 16) from mux cell ulx3s_top.$flatten\core.\smp.$ternary$/home/matthias/prog/janestreet/emulator-wt-hdmi-ulx3s/prototypes/fpga-ulx3s/rtl/gen/pin_sampler.v:316$826 ($mux).
Removed top 12 bits (of 16) from mux cell ulx3s_top.$flatten\core.\smp.$ternary$/home/matthias/prog/janestreet/emulator-wt-hdmi-ulx3s/prototypes/fpga-ulx3s/rtl/gen/pin_sampler.v:318$828 ($mux).
Removed top 1 bits (of 2) from port B of cell ulx3s_top.$flatten\core.\smp.$add$/home/matthias/prog/janestreet/emulator-wt-hdmi-ulx3s/prototypes/fpga-ulx3s/rtl/gen/pin_sampler.v:345$837 ($add).
Removed top 1 bits (of 3) from port B of cell ulx3s_top.$flatten\core.\smp.$eq$/home/matthias/prog/janestreet/emulator-wt-hdmi-ulx3s/prototypes/fpga-ulx3s/rtl/gen/pin_sampler.v:356$841 ($eq).
Removed top 1 bits (of 5) from mux cell ulx3s_top.$flatten\core.\smp.$ternary$/home/matthias/prog/janestreet/emulator-wt-hdmi-ulx3s/prototypes/fpga-ulx3s/rtl/gen/pin_sampler.v:357$842 ($mux).
Removed top 2 bits (of 3) from port B of cell ulx3s_top.$flatten\core.\smp.$eq$/home/matthias/prog/janestreet/emulator-wt-hdmi-ulx3s/prototypes/fpga-ulx3s/rtl/gen/pin_sampler.v:358$843 ($eq).
Removed top 4 bits (of 5) from port B of cell ulx3s_top.$flatten\core.\smp.$add$/home/matthias/prog/janestreet/emulator-wt-hdmi-ulx3s/prototypes/fpga-ulx3s/rtl/gen/pin_sampler.v:371$848 ($add).
Removed top 11 bits (of 12) from port B of cell ulx3s_top.$flatten\core.\smp.$sub$/home/matthias/prog/janestreet/emulator-wt-hdmi-ulx3s/prototypes/fpga-ulx3s/rtl/gen/pin_sampler.v:375$851 ($sub).
Removed top 11 bits (of 12) from port B of cell ulx3s_top.$flatten\core.\smp.$sub$/home/matthias/prog/janestreet/emulator-wt-hdmi-ulx3s/prototypes/fpga-ulx3s/rtl/gen/pin_sampler.v:376$852 ($sub).
Removed top 7 bits (of 8) from port B of cell ulx3s_top.$flatten\core.\smp.$add$/home/matthias/prog/janestreet/emulator-wt-hdmi-ulx3s/prototypes/fpga-ulx3s/rtl/gen/pin_sampler.v:455$877 ($add).
Removed top 2 bits (of 3) from port B of cell ulx3s_top.$flatten\core.\smp.$add$/home/matthias/prog/janestreet/emulator-wt-hdmi-ulx3s/prototypes/fpga-ulx3s/rtl/gen/pin_sampler.v:478$892 ($add).
Removed top 2 bits (of 3) from port B of cell ulx3s_top.$flatten\core.\smp.$sub$/home/matthias/prog/janestreet/emulator-wt-hdmi-ulx3s/prototypes/fpga-ulx3s/rtl/gen/pin_sampler.v:479$893 ($sub).
Removed top 1 bits (of 2) from port B of cell ulx3s_top.$flatten\core.\smp.$procmux$4080_CMP0 ($eq).
Removed top 1 bits (of 2) from port B of cell ulx3s_top.$flatten\core.\smp.$procmux$4105_CMP0 ($eq).
Removed top 2 bits (of 16) from mux cell ulx3s_top.$flatten\core.\str.$ternary$/home/matthias/prog/janestreet/emulator-wt-hdmi-ulx3s/prototypes/fpga-ulx3s/rtl/gen/pin_streamer.v:201$732 ($mux).
Removed top 1 bits (of 16) from mux cell ulx3s_top.$flatten\core.\str.$ternary$/home/matthias/prog/janestreet/emulator-wt-hdmi-ulx3s/prototypes/fpga-ulx3s/rtl/gen/pin_streamer.v:203$734 ($mux).
Removed top 1 bits (of 3) from port B of cell ulx3s_top.$flatten\core.\str.$eq$/home/matthias/prog/janestreet/emulator-wt-hdmi-ulx3s/prototypes/fpga-ulx3s/rtl/gen/pin_streamer.v:233$744 ($eq).
Removed top 1 bits (of 5) from mux cell ulx3s_top.$flatten\core.\str.$ternary$/home/matthias/prog/janestreet/emulator-wt-hdmi-ulx3s/prototypes/fpga-ulx3s/rtl/gen/pin_streamer.v:234$745 ($mux).
Removed top 2 bits (of 3) from port B of cell ulx3s_top.$flatten\core.\str.$eq$/home/matthias/prog/janestreet/emulator-wt-hdmi-ulx3s/prototypes/fpga-ulx3s/rtl/gen/pin_streamer.v:235$746 ($eq).
Removed top 1 bits (of 5) from port B of cell ulx3s_top.$flatten\core.\str.$lt$/home/matthias/prog/janestreet/emulator-wt-hdmi-ulx3s/prototypes/fpga-ulx3s/rtl/gen/pin_streamer.v:237$748 ($lt).
Removed top 1 bits (of 2) from port B of cell ulx3s_top.$flatten\core.\str.$eq$/home/matthias/prog/janestreet/emulator-wt-hdmi-ulx3s/prototypes/fpga-ulx3s/rtl/gen/pin_streamer.v:264$755 ($eq).
Removed top 1 bits (of 2) from port B of cell ulx3s_top.$flatten\core.\str.$add$/home/matthias/prog/janestreet/emulator-wt-hdmi-ulx3s/prototypes/fpga-ulx3s/rtl/gen/pin_streamer.v:275$758 ($add).
Removed top 1 bits (of 2) from port B of cell ulx3s_top.$flatten\core.\str.$add$/home/matthias/prog/janestreet/emulator-wt-hdmi-ulx3s/prototypes/fpga-ulx3s/rtl/gen/pin_streamer.v:295$764 ($add).
Removed top 2 bits (of 3) from port B of cell ulx3s_top.$flatten\core.\str.$add$/home/matthias/prog/janestreet/emulator-wt-hdmi-ulx3s/prototypes/fpga-ulx3s/rtl/gen/pin_streamer.v:329$774 ($add).
Removed top 2 bits (of 3) from port B of cell ulx3s_top.$flatten\core.\str.$sub$/home/matthias/prog/janestreet/emulator-wt-hdmi-ulx3s/prototypes/fpga-ulx3s/rtl/gen/pin_streamer.v:330$775 ($sub).
Removed top 4 bits (of 5) from port B of cell ulx3s_top.$flatten\core.\str.$sub$/home/matthias/prog/janestreet/emulator-wt-hdmi-ulx3s/prototypes/fpga-ulx3s/rtl/gen/pin_streamer.v:341$779 ($sub).
Removed top 11 bits (of 12) from port B of cell ulx3s_top.$flatten\core.\str.$sub$/home/matthias/prog/janestreet/emulator-wt-hdmi-ulx3s/prototypes/fpga-ulx3s/rtl/gen/pin_streamer.v:359$788 ($sub).
Removed top 11 bits (of 12) from port B of cell ulx3s_top.$flatten\core.\str.$sub$/home/matthias/prog/janestreet/emulator-wt-hdmi-ulx3s/prototypes/fpga-ulx3s/rtl/gen/pin_streamer.v:360$789 ($sub).
Removed top 1 bits (of 2) from port B of cell ulx3s_top.$flatten\core.\str.$procmux$4160_CMP0 ($eq).
Removed top 1 bits (of 2) from port A of cell ulx3s_top.$flatten\core.\seq.$lt$/home/matthias/prog/janestreet/emulator-wt-hdmi-ulx3s/prototypes/fpga-ulx3s/rtl/gen/deadline_sequencer.v:612$530 ($lt).
Removed top 1 bits (of 4) from port B of cell ulx3s_top.$flatten\core.\seq.$eq$/home/matthias/prog/janestreet/emulator-wt-hdmi-ulx3s/prototypes/fpga-ulx3s/rtl/gen/deadline_sequencer.v:927$631 ($eq).
Removed top 3 bits (of 4) from port B of cell ulx3s_top.$flatten\core.\seq.$eq$/home/matthias/prog/janestreet/emulator-wt-hdmi-ulx3s/prototypes/fpga-ulx3s/rtl/gen/deadline_sequencer.v:968$642 ($eq).
Removed top 11 bits (of 12) from port B of cell ulx3s_top.$flatten\core.\seq.$sub$/home/matthias/prog/janestreet/emulator-wt-hdmi-ulx3s/prototypes/fpga-ulx3s/rtl/gen/deadline_sequencer.v:1039$656 ($sub).
Removed top 2 bits (of 4) from port B of cell ulx3s_top.$flatten\core.\seq.$eq$/home/matthias/prog/janestreet/emulator-wt-hdmi-ulx3s/prototypes/fpga-ulx3s/rtl/gen/deadline_sequencer.v:1043$659 ($eq).
Removed top 11 bits (of 12) from port B of cell ulx3s_top.$flatten\core.\seq.$sub$/home/matthias/prog/janestreet/emulator-wt-hdmi-ulx3s/prototypes/fpga-ulx3s/rtl/gen/deadline_sequencer.v:1095$673 ($sub).
Removed top 1 bits (of 4) from port B of cell ulx3s_top.$flatten\core.\seq.$eq$/home/matthias/prog/janestreet/emulator-wt-hdmi-ulx3s/prototypes/fpga-ulx3s/rtl/gen/deadline_sequencer.v:1100$676 ($eq).
Removed top 2 bits (of 4) from port B of cell ulx3s_top.$flatten\core.\seq.$eq$/home/matthias/prog/janestreet/emulator-wt-hdmi-ulx3s/prototypes/fpga-ulx3s/rtl/gen/deadline_sequencer.v:1103$678 ($eq).
Removed top 5 bits (of 6) from port B of cell ulx3s_top.$flatten\core.\seq.$add$/home/matthias/prog/janestreet/emulator-wt-hdmi-ulx3s/prototypes/fpga-ulx3s/rtl/gen/deadline_sequencer.v:1170$697 ($add).
Removed top 1 bits (of 4) from port B of cell ulx3s_top.$flatten\core.\seq.$eq$/home/matthias/prog/janestreet/emulator-wt-hdmi-ulx3s/prototypes/fpga-ulx3s/rtl/gen/deadline_sequencer.v:1184$706 ($eq).
Removed top 1 bits (of 4) from port B of cell ulx3s_top.$flatten\core.\seq.$eq$/home/matthias/prog/janestreet/emulator-wt-hdmi-ulx3s/prototypes/fpga-ulx3s/rtl/gen/deadline_sequencer.v:1188$708 ($eq).
Removed top 1 bits (of 2) from port B of cell ulx3s_top.$flatten\core.\seq.$add$/home/matthias/prog/janestreet/emulator-wt-hdmi-ulx3s/prototypes/fpga-ulx3s/rtl/gen/deadline_sequencer.v:1221$716 ($add).
Removed top 1 bits (of 2) from port B of cell ulx3s_top.$flatten\core.\seq.$procmux$4203_CMP0 ($eq).
Removed top 1 bits (of 2) from port B of cell ulx3s_top.$flatten\core.\seq.$procmux$4271_CMP0 ($eq).
Removed top 1 bits (of 3) from port B of cell ulx3s_top.$flatten\core.\seq.$procmux$4281_CMP0 ($eq).
Removed top 1 bits (of 3) from port B of cell ulx3s_top.$flatten\core.\seq.$procmux$4282_CMP0 ($eq).
Removed top 2 bits (of 3) from port B of cell ulx3s_top.$flatten\core.\seq.$procmux$4283_CMP0 ($eq).
Removed top 15 bits (of 16) from port B of cell ulx3s_top.$flatten\core.\utx.$sub$/home/matthias/prog/janestreet/emulator-wt-hdmi-ulx3s/prototypes/fpga-ulx3s/rtl/emu_core.v:94$2870 ($sub).
Removed top 3 bits (of 4) from port B of cell ulx3s_top.$flatten\core.\utx.$add$/home/matthias/prog/janestreet/emulator-wt-hdmi-ulx3s/prototypes/fpga-ulx3s/rtl/emu_core.v:98$2872 ($add).
Removed top 15 bits (of 16) from port B of cell ulx3s_top.$flatten\core.\urx.$sub$/home/matthias/prog/janestreet/emulator-wt-hdmi-ulx3s/prototypes/fpga-ulx3s/rtl/emu_core.v:62$2882 ($sub).
Removed top 3 bits (of 4) from port B of cell ulx3s_top.$flatten\core.\urx.$add$/home/matthias/prog/janestreet/emulator-wt-hdmi-ulx3s/prototypes/fpga-ulx3s/rtl/emu_core.v:65$2883 ($add).
Removed top 1 bits (of 4) from mux cell ulx3s_top.$flatten\core.$procmux$5164 ($mux).
Removed top 1 bits (of 4) from port B of cell ulx3s_top.$flatten\core.$procmux$5151_CMP0 ($eq).
Removed top 1 bits (of 4) from port B of cell ulx3s_top.$flatten\core.$procmux$5147_CMP0 ($eq).
Removed top 1 bits (of 4) from mux cell ulx3s_top.$flatten\core.$procmux$5145 ($mux).
Removed top 8 bits (of 40) from mux cell ulx3s_top.$flatten\core.$procmux$5108 ($pmux).
Removed top 8 bits (of 40) from mux cell ulx3s_top.$flatten\core.$procmux$5106 ($mux).
Removed top 3 bits (of 4) from port B of cell ulx3s_top.$flatten\core.$procmux$5088_CMP0 ($eq).
Removed top 1 bits (of 8) from port B of cell ulx3s_top.$flatten\core.$procmux$5035_CMP0 ($eq).
Removed top 1 bits (of 8) from port B of cell ulx3s_top.$flatten\core.$procmux$5033_CMP0 ($eq).
Removed top 1 bits (of 8) from port B of cell ulx3s_top.$flatten\core.$procmux$5027_CMP0 ($eq).
Removed top 1 bits (of 8) from port B of cell ulx3s_top.$flatten\core.$procmux$4987_CMP0 ($eq).
Removed top 1 bits (of 8) from port B of cell ulx3s_top.$flatten\core.$procmux$4986_CMP0 ($eq).
Removed top 1 bits (of 4) from port B of cell ulx3s_top.$flatten\core.$procmux$4982_CMP0 ($eq).
Removed top 1 bits (of 4) from mux cell ulx3s_top.$flatten\core.$procmux$4977 ($mux).
Removed top 2 bits (of 4) from port B of cell ulx3s_top.$flatten\core.$procmux$4969_CMP0 ($eq).
Removed top 1 bits (of 8) from port B of cell ulx3s_top.$flatten\core.$procmux$4950_CMP0 ($eq).
Removed top 1 bits (of 8) from port B of cell ulx3s_top.$flatten\core.$procmux$4923_CMP0 ($eq).
Removed top 1 bits (of 8) from port B of cell ulx3s_top.$flatten\core.$procmux$4618_CMP0 ($eq).
Removed top 1 bits (of 8) from port B of cell ulx3s_top.$flatten\core.$procmux$4617_CMP0 ($eq).
Removed top 1 bits (of 8) from port B of cell ulx3s_top.$flatten\core.$procmux$4616_CMP0 ($eq).
Removed top 1 bits (of 8) from port B of cell ulx3s_top.$flatten\core.$procmux$4615_CMP0 ($eq).
Removed top 1 bits (of 8) from port B of cell ulx3s_top.$flatten\core.$procmux$4614_CMP0 ($eq).
Removed top 1 bits (of 8) from port B of cell ulx3s_top.$flatten\core.$procmux$4613_CMP0 ($eq).
Removed top 1 bits (of 8) from port B of cell ulx3s_top.$flatten\core.$procmux$4547_CMP0 ($eq).
Removed top 2 bits (of 4) from port B of cell ulx3s_top.$flatten\core.$procmux$4484_CMP0 ($eq).
Removed top 1 bits (of 8) from port B of cell ulx3s_top.$flatten\core.$procmux$4482_CMP0 ($eq).
Removed top 5 bits (of 8) from port A of cell ulx3s_top.$flatten\core.$shr$/home/matthias/prog/janestreet/emulator-wt-hdmi-ulx3s/prototypes/fpga-ulx3s/rtl/emu_core.v:250$3625 ($shr).
Removed top 4 bits (of 8) from port A of cell ulx3s_top.$flatten\core.$shr$/home/matthias/prog/janestreet/emulator-wt-hdmi-ulx3s/prototypes/fpga-ulx3s/rtl/emu_core.v:250$3623 ($shr).
Removed top 6 bits (of 8) from port A of cell ulx3s_top.$flatten\core.$shr$/home/matthias/prog/janestreet/emulator-wt-hdmi-ulx3s/prototypes/fpga-ulx3s/rtl/emu_core.v:249$3621 ($shr).
Removed top 1 bits (of 4) from port A of cell ulx3s_top.$flatten\core.$sub$/home/matthias/prog/janestreet/emulator-wt-hdmi-ulx3s/prototypes/fpga-ulx3s/rtl/emu_core.v:254$3614 ($sub).
Removed top 1 bits (of 8) from port B of cell ulx3s_top.$flatten\core.$eq$/home/matthias/prog/janestreet/emulator-wt-hdmi-ulx3s/prototypes/fpga-ulx3s/rtl/emu_core.v:488$3599 ($eq).
Removed top 4 bits (of 5) from port B of cell ulx3s_top.$flatten\core.$sub$/home/matthias/prog/janestreet/emulator-wt-hdmi-ulx3s/prototypes/fpga-ulx3s/rtl/emu_core.v:482$3598 ($sub).
Removed top 4 bits (of 8) from mux cell ulx3s_top.$flatten\core.$ternary$/home/matthias/prog/janestreet/emulator-wt-hdmi-ulx3s/prototypes/fpga-ulx3s/rtl/emu_core.v:464$3591 ($mux).
Removed top 2 bits (of 3) from port B of cell ulx3s_top.$flatten\core.$eq$/home/matthias/prog/janestreet/emulator-wt-hdmi-ulx3s/prototypes/fpga-ulx3s/rtl/emu_core.v:450$3581 ($eq).
Removed top 2 bits (of 3) from port B of cell ulx3s_top.$flatten\core.$sub$/home/matthias/prog/janestreet/emulator-wt-hdmi-ulx3s/prototypes/fpga-ulx3s/rtl/emu_core.v:449$3580 ($sub).
Removed top 2 bits (of 4) from mux cell ulx3s_top.$flatten\core.$ternary$/home/matthias/prog/janestreet/emulator-wt-hdmi-ulx3s/prototypes/fpga-ulx3s/rtl/emu_core.v:445$3579 ($mux).
Removed top 31 bits (of 32) from port B of cell ulx3s_top.$flatten\core.$add$/home/matthias/prog/janestreet/emulator-wt-hdmi-ulx3s/prototypes/fpga-ulx3s/rtl/emu_core.v:436$3551 ($add).
Removed top 1 bits (of 8) from port B of cell ulx3s_top.$flatten\core.$eq$/home/matthias/prog/janestreet/emulator-wt-hdmi-ulx3s/prototypes/fpga-ulx3s/rtl/emu_core.v:435$3548 ($eq).
Removed top 31 bits (of 32) from port B of cell ulx3s_top.$flatten\core.$sub$/home/matthias/prog/janestreet/emulator-wt-hdmi-ulx3s/prototypes/fpga-ulx3s/rtl/emu_core.v:435$3546 ($sub).
Removed top 8 bits (of 9) from port B of cell ulx3s_top.$flatten\core.$add$/home/matthias/prog/janestreet/emulator-wt-hdmi-ulx3s/prototypes/fpga-ulx3s/rtl/emu_core.v:402$3534 ($add).
Removed top 7 bits (of 8) from port B of cell ulx3s_top.$flatten\core.\smp.$add$/home/matthias/prog/janestreet/emulator-wt-hdmi-ulx3s/prototypes/fpga-ulx3s/rtl/gen/pin_sampler.v:212$798 ($add).
Removed top 6 bits (of 7) from port B of cell ulx3s_top.$flatten\core.$add$/home/matthias/prog/janestreet/emulator-wt-hdmi-ulx3s/prototypes/fpga-ulx3s/rtl/emu_core.v:377$3513 ($add).
Removed top 1 bits (of 2) from port A of cell ulx3s_top.$flatten\core.\seq.$lt$/home/matthias/prog/janestreet/emulator-wt-hdmi-ulx3s/prototypes/fpga-ulx3s/rtl/gen/deadline_sequencer.v:493$472 ($lt).
Removed top 4 bits (of 5) from mux cell ulx3s_top.$flatten\core.$ternary$/home/matthias/prog/janestreet/emulator-wt-hdmi-ulx3s/prototypes/fpga-ulx3s/rtl/emu_core.v:296$3481 ($mux).
Removed top 4 bits (of 5) from mux cell ulx3s_top.$flatten\core.$ternary$/home/matthias/prog/janestreet/emulator-wt-hdmi-ulx3s/prototypes/fpga-ulx3s/rtl/emu_core.v:296$3479 ($mux).
Removed top 3 bits (of 4) from port B of cell ulx3s_top.$flatten\core.$add$/home/matthias/prog/janestreet/emulator-wt-hdmi-ulx3s/prototypes/fpga-ulx3s/rtl/emu_core.v:295$3476 ($add).
Removed top 3 bits (of 4) from port B of cell ulx3s_top.$flatten\core.$add$/home/matthias/prog/janestreet/emulator-wt-hdmi-ulx3s/prototypes/fpga-ulx3s/rtl/emu_core.v:294$3475 ($add).
Removed top 2 bits (of 3) from port B of cell ulx3s_top.$flatten\core.$eq$/home/matthias/prog/janestreet/emulator-wt-hdmi-ulx3s/prototypes/fpga-ulx3s/rtl/emu_core.v:276$3448 ($eq).
Removed top 3 bits (of 4) from port B of cell ulx3s_top.$flatten\core.$add$/home/matthias/prog/janestreet/emulator-wt-hdmi-ulx3s/prototypes/fpga-ulx3s/rtl/emu_core.v:260$3435 ($add).
Removed top 1 bits (of 8) from port A of cell ulx3s_top.$flatten\core.$not$/home/matthias/prog/janestreet/emulator-wt-hdmi-ulx3s/prototypes/fpga-ulx3s/rtl/emu_core.v:229$3412 ($not).
Removed top 1 bits (of 3) from port B of cell ulx3s_top.$flatten\core.$eq$/home/matthias/prog/janestreet/emulator-wt-hdmi-ulx3s/prototypes/fpga-ulx3s/rtl/emu_core.v:193$3404 ($eq).
Removed top 21 bits (of 22) from port B of cell ulx3s_top.$flatten\core.$sub$/home/matthias/prog/janestreet/emulator-wt-hdmi-ulx3s/prototypes/fpga-ulx3s/rtl/emu_core.v:186$3400 ($sub).
Removed top 6 bits (of 7) from mux cell ulx3s_top.$flatten\core.$ternary$/home/matthias/prog/janestreet/emulator-wt-hdmi-ulx3s/prototypes/fpga-ulx3s/rtl/emu_core.v:180$3396 ($mux).
Removed top 6 bits (of 7) from mux cell ulx3s_top.$flatten\core.$ternary$/home/matthias/prog/janestreet/emulator-wt-hdmi-ulx3s/prototypes/fpga-ulx3s/rtl/emu_core.v:180$3394 ($mux).
Removed top 5 bits (of 6) from port B of cell ulx3s_top.$flatten\core.$add$/home/matthias/prog/janestreet/emulator-wt-hdmi-ulx3s/prototypes/fpga-ulx3s/rtl/emu_core.v:179$3391 ($add).
Removed top 5 bits (of 6) from port B of cell ulx3s_top.$flatten\core.$add$/home/matthias/prog/janestreet/emulator-wt-hdmi-ulx3s/prototypes/fpga-ulx3s/rtl/emu_core.v:178$3390 ($add).
Removed top 2 bits (of 3) from port B of cell ulx3s_top.$flatten\usb.$procmux$4027_CMP0 ($eq).
Removed top 1 bits (of 3) from port B of cell ulx3s_top.$flatten\usb.$procmux$4026_CMP0 ($eq).
Removed top 1 bits (of 3) from port B of cell ulx3s_top.$flatten\usb.$procmux$4025_CMP0 ($eq).
Removed top 2 bits (of 3) from port B of cell ulx3s_top.$flatten\usb.$procmux$4005_CMP0 ($eq).
Removed top 1 bits (of 3) from port B of cell ulx3s_top.$flatten\usb.$procmux$4004_CMP0 ($eq).
Removed top 1 bits (of 3) from port B of cell ulx3s_top.$flatten\usb.$procmux$4003_CMP0 ($eq).
Removed top 1 bits (of 2) from port B of cell ulx3s_top.$flatten\usb.$add$/home/matthias/prog/janestreet/emulator-wt-hdmi-ulx3s/prototypes/fpga-ulx3s/rtl/gen/usb_fs_device.v:3104$1795 ($add).
Removed top 1 bits (of 2) from port B of cell ulx3s_top.$flatten\usb.$eq$/home/matthias/prog/janestreet/emulator-wt-hdmi-ulx3s/prototypes/fpga-ulx3s/rtl/gen/usb_fs_device.v:3087$1786 ($eq).
Removed top 1 bits (of 2) from port B of cell ulx3s_top.$flatten\usb.$add$/home/matthias/prog/janestreet/emulator-wt-hdmi-ulx3s/prototypes/fpga-ulx3s/rtl/gen/usb_fs_device.v:3043$1776 ($add).
Removed top 1 bits (of 2) from port B of cell ulx3s_top.$flatten\usb.$eq$/home/matthias/prog/janestreet/emulator-wt-hdmi-ulx3s/prototypes/fpga-ulx3s/rtl/gen/usb_fs_device.v:3014$1755 ($eq).
Removed top 2 bits (of 3) from port B of cell ulx3s_top.$flatten\usb.$add$/home/matthias/prog/janestreet/emulator-wt-hdmi-ulx3s/prototypes/fpga-ulx3s/rtl/gen/usb_fs_device.v:2952$1714 ($add).
Removed top 2 bits (of 3) from port B of cell ulx3s_top.$flatten\usb.$add$/home/matthias/prog/janestreet/emulator-wt-hdmi-ulx3s/prototypes/fpga-ulx3s/rtl/gen/usb_fs_device.v:2931$1699 ($add).
Removed top 3 bits (of 4) from port B of cell ulx3s_top.$flatten\usb.$add$/home/matthias/prog/janestreet/emulator-wt-hdmi-ulx3s/prototypes/fpga-ulx3s/rtl/gen/usb_fs_device.v:2902$1679 ($add).
Removed top 2 bits (of 5) from port B of cell ulx3s_top.$flatten\usb.$eq$/home/matthias/prog/janestreet/emulator-wt-hdmi-ulx3s/prototypes/fpga-ulx3s/rtl/gen/usb_fs_device.v:2870$1659 ($eq).
Removed top 1 bits (of 2) from port A of cell ulx3s_top.$flatten\usb.$auto$opt_expr.cc:702:replace_const_cells$5820 ($not).
Removed top 1 bits (of 2) from port A of cell ulx3s_top.$flatten\usb.$auto$opt_expr.cc:702:replace_const_cells$5822 ($not).
Removed top 1 bits (of 2) from port A of cell ulx3s_top.$flatten\usb.$auto$opt_expr.cc:702:replace_const_cells$5824 ($not).
Removed top 1 bits (of 2) from port A of cell ulx3s_top.$flatten\usb.$auto$opt_expr.cc:702:replace_const_cells$5826 ($not).
Removed top 1 bits (of 2) from port A of cell ulx3s_top.$flatten\usb.$auto$opt_expr.cc:702:replace_const_cells$5828 ($not).
Removed top 1 bits (of 2) from port A of cell ulx3s_top.$flatten\usb.$auto$opt_expr.cc:702:replace_const_cells$5830 ($not).
Removed top 1 bits (of 2) from port A of cell ulx3s_top.$flatten\usb.$auto$opt_expr.cc:702:replace_const_cells$5832 ($not).
Removed top 1 bits (of 2) from port A of cell ulx3s_top.$flatten\usb.$auto$opt_expr.cc:702:replace_const_cells$5834 ($not).
Removed top 1 bits (of 2) from port A of cell ulx3s_top.$flatten\usb.$auto$opt_expr.cc:702:replace_const_cells$5836 ($not).
Removed top 1 bits (of 2) from port A of cell ulx3s_top.$flatten\usb.$auto$opt_expr.cc:702:replace_const_cells$5838 ($not).
Removed top 1 bits (of 2) from port A of cell ulx3s_top.$flatten\usb.$auto$opt_expr.cc:702:replace_const_cells$5840 ($not).
Removed top 1 bits (of 2) from port A of cell ulx3s_top.$flatten\usb.$auto$opt_expr.cc:702:replace_const_cells$5842 ($not).
Removed top 1 bits (of 2) from port A of cell ulx3s_top.$flatten\usb.$auto$opt_expr.cc:702:replace_const_cells$5844 ($not).
Removed top 1 bits (of 2) from port A of cell ulx3s_top.$flatten\usb.$auto$opt_expr.cc:702:replace_const_cells$5846 ($not).
Removed top 1 bits (of 2) from port A of cell ulx3s_top.$flatten\usb.$auto$opt_expr.cc:702:replace_const_cells$5848 ($not).
Removed top 1 bits (of 8) from port B of cell ulx3s_top.$flatten\usb.$eq$/home/matthias/prog/janestreet/emulator-wt-hdmi-ulx3s/prototypes/fpga-ulx3s/rtl/gen/usb_fs_device.v:2651$1590 ($eq).
Removed top 3 bits (of 4) from port B of cell ulx3s_top.$flatten\usb.$eq$/home/matthias/prog/janestreet/emulator-wt-hdmi-ulx3s/prototypes/fpga-ulx3s/rtl/gen/usb_fs_device.v:2642$1586 ($eq).
Removed top 1 bits (of 8) from port B of cell ulx3s_top.$flatten\usb.$eq$/home/matthias/prog/janestreet/emulator-wt-hdmi-ulx3s/prototypes/fpga-ulx3s/rtl/gen/usb_fs_device.v:2626$1576 ($eq).
Removed top 2 bits (of 8) from port B of cell ulx3s_top.$flatten\usb.$eq$/home/matthias/prog/janestreet/emulator-wt-hdmi-ulx3s/prototypes/fpga-ulx3s/rtl/gen/usb_fs_device.v:2610$1567 ($eq).
Removed top 3 bits (of 4) from port B of cell ulx3s_top.$flatten\usb.$lt$/home/matthias/prog/janestreet/emulator-wt-hdmi-ulx3s/prototypes/fpga-ulx3s/rtl/gen/usb_fs_device.v:2593$1557 ($lt).
Removed top 1 bits (of 3) from port A of cell ulx3s_top.$flatten\usb.$auto$opt_expr.cc:702:replace_const_cells$5866 ($not).
Removed top 1 bits (of 3) from port A of cell ulx3s_top.$flatten\usb.$auto$opt_expr.cc:702:replace_const_cells$5868 ($not).
Removed top 1 bits (of 3) from port A of cell ulx3s_top.$flatten\usb.$auto$opt_expr.cc:702:replace_const_cells$5870 ($not).
Removed top 1 bits (of 3) from port A of cell ulx3s_top.$flatten\usb.$auto$opt_expr.cc:702:replace_const_cells$5872 ($not).
Removed top 1 bits (of 3) from port A of cell ulx3s_top.$flatten\usb.$auto$opt_expr.cc:702:replace_const_cells$5874 ($not).
Removed top 1 bits (of 3) from port A of cell ulx3s_top.$flatten\usb.$auto$opt_expr.cc:702:replace_const_cells$5876 ($not).
Removed top 1 bits (of 3) from port A of cell ulx3s_top.$flatten\usb.$auto$opt_expr.cc:702:replace_const_cells$5878 ($not).
Removed top 1 bits (of 3) from port A of cell ulx3s_top.$flatten\usb.$auto$opt_expr.cc:702:replace_const_cells$5880 ($not).
Removed top 2 bits (of 4) from port B of cell ulx3s_top.$flatten\usb.$lt$/home/matthias/prog/janestreet/emulator-wt-hdmi-ulx3s/prototypes/fpga-ulx3s/rtl/gen/usb_fs_device.v:2502$1531 ($lt).
Removed top 2 bits (of 4) from port B of cell ulx3s_top.$flatten\usb.$sub$/home/matthias/prog/janestreet/emulator-wt-hdmi-ulx3s/prototypes/fpga-ulx3s/rtl/gen/usb_fs_device.v:2443$1496 ($sub).
Removed top 3 bits (of 4) from port B of cell ulx3s_top.$flatten\usb.$eq$/home/matthias/prog/janestreet/emulator-wt-hdmi-ulx3s/prototypes/fpga-ulx3s/rtl/gen/usb_fs_device.v:2429$1488 ($eq).
Removed top 5 bits (of 8) from port B of cell ulx3s_top.$flatten\usb.$eq$/home/matthias/prog/janestreet/emulator-wt-hdmi-ulx3s/prototypes/fpga-ulx3s/rtl/gen/usb_fs_device.v:2428$1487 ($eq).
Removed top 2 bits (of 4) from port B of cell ulx3s_top.$flatten\usb.$eq$/home/matthias/prog/janestreet/emulator-wt-hdmi-ulx3s/prototypes/fpga-ulx3s/rtl/gen/usb_fs_device.v:2418$1483 ($eq).
Removed top 1 bits (of 4) from port B of cell ulx3s_top.$flatten\usb.$eq$/home/matthias/prog/janestreet/emulator-wt-hdmi-ulx3s/prototypes/fpga-ulx3s/rtl/gen/usb_fs_device.v:2404$1477 ($eq).
Removed top 6 bits (of 8) from port B of cell ulx3s_top.$flatten\usb.$eq$/home/matthias/prog/janestreet/emulator-wt-hdmi-ulx3s/prototypes/fpga-ulx3s/rtl/gen/usb_fs_device.v:2402$1476 ($eq).
Removed top 5 bits (of 8) from port B of cell ulx3s_top.$flatten\usb.$eq$/home/matthias/prog/janestreet/emulator-wt-hdmi-ulx3s/prototypes/fpga-ulx3s/rtl/gen/usb_fs_device.v:2398$1472 ($eq).
Removed top 4 bits (of 8) from port B of cell ulx3s_top.$flatten\usb.$eq$/home/matthias/prog/janestreet/emulator-wt-hdmi-ulx3s/prototypes/fpga-ulx3s/rtl/gen/usb_fs_device.v:2394$1468 ($eq).
Removed top 2 bits (of 6) from mux cell ulx3s_top.$flatten\usb.$ternary$/home/matthias/prog/janestreet/emulator-wt-hdmi-ulx3s/prototypes/fpga-ulx3s/rtl/gen/usb_fs_device.v:2345$1434 ($mux).
Removed top 2 bits (of 6) from port A of cell ulx3s_top.$flatten\usb.$lt$/home/matthias/prog/janestreet/emulator-wt-hdmi-ulx3s/prototypes/fpga-ulx3s/rtl/gen/usb_fs_device.v:2344$1433 ($lt).
Removed top 2 bits (of 8) from port B of cell ulx3s_top.$flatten\usb.$lt$/home/matthias/prog/janestreet/emulator-wt-hdmi-ulx3s/prototypes/fpga-ulx3s/rtl/gen/usb_fs_device.v:2315$1416 ($lt).
Removed top 1 bits (of 4) from port B of cell ulx3s_top.$flatten\usb.$eq$/home/matthias/prog/janestreet/emulator-wt-hdmi-ulx3s/prototypes/fpga-ulx3s/rtl/gen/usb_fs_device.v:2305$1412 ($eq).
Removed top 2 bits (of 8) from port B of cell ulx3s_top.$flatten\usb.$eq$/home/matthias/prog/janestreet/emulator-wt-hdmi-ulx3s/prototypes/fpga-ulx3s/rtl/gen/usb_fs_device.v:2253$1382 ($eq).
Removed top 2 bits (of 6) from port B of cell ulx3s_top.$flatten\usb.$add$/home/matthias/prog/janestreet/emulator-wt-hdmi-ulx3s/prototypes/fpga-ulx3s/rtl/gen/usb_fs_device.v:2243$1374 ($add).
Removed top 2 bits (of 4) from port B of cell ulx3s_top.$flatten\usb.$eq$/home/matthias/prog/janestreet/emulator-wt-hdmi-ulx3s/prototypes/fpga-ulx3s/rtl/gen/usb_fs_device.v:2188$1340 ($eq).
Removed top 4 bits (of 5) from port B of cell ulx3s_top.$flatten\usb.$add$/home/matthias/prog/janestreet/emulator-wt-hdmi-ulx3s/prototypes/fpga-ulx3s/rtl/gen/usb_fs_device.v:2131$1291 ($add).
Removed top 4 bits (of 5) from port B of cell ulx3s_top.$flatten\usb.$add$/home/matthias/prog/janestreet/emulator-wt-hdmi-ulx3s/prototypes/fpga-ulx3s/rtl/gen/usb_fs_device.v:2045$1234 ($add).
Removed top 1 bits (of 5) from port A of cell ulx3s_top.$flatten\usb.$add$/home/matthias/prog/janestreet/emulator-wt-hdmi-ulx3s/prototypes/fpga-ulx3s/rtl/gen/usb_fs_device.v:2010$1205 ($add).
Removed top 3 bits (of 5) from port B of cell ulx3s_top.$flatten\usb.$add$/home/matthias/prog/janestreet/emulator-wt-hdmi-ulx3s/prototypes/fpga-ulx3s/rtl/gen/usb_fs_device.v:2010$1205 ($add).
Removed top 3 bits (of 4) from port B of cell ulx3s_top.$flatten\usb.$add$/home/matthias/prog/janestreet/emulator-wt-hdmi-ulx3s/prototypes/fpga-ulx3s/rtl/gen/usb_fs_device.v:1974$1178 ($add).
Removed top 4 bits (of 5) from port B of cell ulx3s_top.$flatten\usb.$lt$/home/matthias/prog/janestreet/emulator-wt-hdmi-ulx3s/prototypes/fpga-ulx3s/rtl/gen/usb_fs_device.v:1924$1159 ($lt).
Removed top 1 bits (of 5) from port A of cell ulx3s_top.$flatten\usb.$lt$/home/matthias/prog/janestreet/emulator-wt-hdmi-ulx3s/prototypes/fpga-ulx3s/rtl/gen/usb_fs_device.v:1922$1157 ($lt).
Removed top 1 bits (of 5) from port A of cell ulx3s_top.$flatten\usb.$add$/home/matthias/prog/janestreet/emulator-wt-hdmi-ulx3s/prototypes/fpga-ulx3s/rtl/gen/usb_fs_device.v:1917$1154 ($add).
Removed top 4 bits (of 5) from port B of cell ulx3s_top.$flatten\usb.$add$/home/matthias/prog/janestreet/emulator-wt-hdmi-ulx3s/prototypes/fpga-ulx3s/rtl/gen/usb_fs_device.v:1917$1154 ($add).
Removed top 1 bits (of 6) from port B of cell ulx3s_top.$flatten\usb.$add$/home/matthias/prog/janestreet/emulator-wt-hdmi-ulx3s/prototypes/fpga-ulx3s/rtl/gen/usb_fs_device.v:1740$1105 ($add).
Removed top 1 bits (of 6) from mux cell ulx3s_top.$flatten\usb.$ternary$/home/matthias/prog/janestreet/emulator-wt-hdmi-ulx3s/prototypes/fpga-ulx3s/rtl/gen/usb_fs_device.v:1726$1097 ($mux).
Removed top 7 bits (of 8) from port B of cell ulx3s_top.$flatten\usb.$eq$/home/matthias/prog/janestreet/emulator-wt-hdmi-ulx3s/prototypes/fpga-ulx3s/rtl/gen/usb_fs_device.v:1725$1096 ($eq).
Removed top 4 bits (of 5) from port B of cell ulx3s_top.$flatten\usb.$sub$/home/matthias/prog/janestreet/emulator-wt-hdmi-ulx3s/prototypes/fpga-ulx3s/rtl/gen/usb_fs_device.v:1685$1093 ($sub).
Removed top 1 bits (of 4) from port B of cell ulx3s_top.$flatten\usb.$eq$/home/matthias/prog/janestreet/emulator-wt-hdmi-ulx3s/prototypes/fpga-ulx3s/rtl/gen/usb_fs_device.v:1609$1054 ($eq).
Removed top 1 bits (of 4) from port B of cell ulx3s_top.$flatten\usb.$eq$/home/matthias/prog/janestreet/emulator-wt-hdmi-ulx3s/prototypes/fpga-ulx3s/rtl/gen/usb_fs_device.v:1585$1043 ($eq).
Removed top 1 bits (of 3) from port A of cell ulx3s_top.$flatten\usb.$auto$opt_expr.cc:702:replace_const_cells$5850 ($not).
Removed top 1 bits (of 3) from port A of cell ulx3s_top.$flatten\usb.$auto$opt_expr.cc:702:replace_const_cells$5852 ($not).
Removed top 1 bits (of 3) from port A of cell ulx3s_top.$flatten\usb.$auto$opt_expr.cc:702:replace_const_cells$5854 ($not).
Removed top 1 bits (of 3) from port A of cell ulx3s_top.$flatten\usb.$auto$opt_expr.cc:702:replace_const_cells$5856 ($not).
Removed top 1 bits (of 3) from port A of cell ulx3s_top.$flatten\usb.$auto$opt_expr.cc:702:replace_const_cells$5858 ($not).
Removed top 1 bits (of 3) from port A of cell ulx3s_top.$flatten\usb.$auto$opt_expr.cc:702:replace_const_cells$5860 ($not).
Removed top 1 bits (of 3) from port A of cell ulx3s_top.$flatten\usb.$auto$opt_expr.cc:702:replace_const_cells$5862 ($not).
Removed top 1 bits (of 3) from port A of cell ulx3s_top.$flatten\usb.$auto$opt_expr.cc:702:replace_const_cells$5864 ($not).
Removed top 2 bits (of 3) from port B of cell ulx3s_top.$flatten\usb.$add$/home/matthias/prog/janestreet/emulator-wt-hdmi-ulx3s/prototypes/fpga-ulx3s/rtl/gen/usb_fs_device.v:1414$974 ($add).
Removed top 1 bits (of 3) from mux cell ulx3s_top.$flatten\usb.$ternary$/home/matthias/prog/janestreet/emulator-wt-hdmi-ulx3s/prototypes/fpga-ulx3s/rtl/gen/usb_fs_device.v:1405$967 ($mux).
Removed top 1 bits (of 4) from port B of cell ulx3s_top.$flatten\usb.$eq$/home/matthias/prog/janestreet/emulator-wt-hdmi-ulx3s/prototypes/fpga-ulx3s/rtl/gen/usb_fs_device.v:1350$922 ($eq).
Removed top 3 bits (of 7) from mux cell ulx3s_top.$flatten\core.\smp.$ternary$/home/matthias/prog/janestreet/emulator-wt-hdmi-ulx3s/prototypes/fpga-ulx3s/rtl/gen/pin_sampler.v:316$826 ($mux).
Removed top 8 bits (of 40) from mux cell ulx3s_top.$flatten\core.$procmux$5111 ($mux).
Removed top 4 bits (of 5) from wire ulx3s_top.$flatten\core.$ternary$/home/matthias/prog/janestreet/emulator-wt-hdmi-ulx3s/prototypes/fpga-ulx3s/rtl/emu_core.v:296$3481_Y.
Removed top 4 bits (of 5) from wire ulx3s_top.$flatten\core.$ternary$/home/matthias/prog/janestreet/emulator-wt-hdmi-ulx3s/prototypes/fpga-ulx3s/rtl/emu_core.v:296$3479_Y.
Removed top 1 bits (of 4) from wire ulx3s_top.$flatten\core.$procmux$4977_Y.
Removed top 8 bits (of 40) from wire ulx3s_top.$flatten\core.$procmux$5106_Y.
Removed top 8 bits (of 40) from wire ulx3s_top.$flatten\core.$procmux$5108_Y.
Removed top 8 bits (of 40) from wire ulx3s_top.$flatten\core.$procmux$5111_Y.
Removed top 1 bits (of 4) from wire ulx3s_top.$flatten\core.$procmux$5145_Y.
Removed top 1 bits (of 4) from wire ulx3s_top.$flatten\core.$procmux$5164_Y.
Removed top 6 bits (of 7) from wire ulx3s_top.$flatten\core.$ternary$/home/matthias/prog/janestreet/emulator-wt-hdmi-ulx3s/prototypes/fpga-ulx3s/rtl/emu_core.v:180$3396_Y.
Removed top 6 bits (of 7) from wire ulx3s_top.$flatten\core.$ternary$/home/matthias/prog/janestreet/emulator-wt-hdmi-ulx3s/prototypes/fpga-ulx3s/rtl/emu_core.v:180$3394_Y.
Removed top 4 bits (of 8) from wire ulx3s_top.$flatten\core.$ternary$/home/matthias/prog/janestreet/emulator-wt-hdmi-ulx3s/prototypes/fpga-ulx3s/rtl/emu_core.v:464$3591_Y.
Removed top 2 bits (of 4) from wire ulx3s_top.$flatten\core.$ternary$/home/matthias/prog/janestreet/emulator-wt-hdmi-ulx3s/prototypes/fpga-ulx3s/rtl/emu_core.v:445$3579_Y.
Removed top 1 bits (of 5) from wire ulx3s_top.hdmi_status_unused.

12.16. Executing PEEPOPT pass (run peephole optimizers).

12.17. Executing OPT_CLEAN pass (remove unused cells and wires).
Finding unused cells or wires in module \ulx3s_top..
Removed 0 unused cells and 13 unused wires.
<suppressed ~1 debug messages>

12.18. Executing SHARE pass (SAT-based resource sharing).
Found 3 cells in module ulx3s_top that may be considered for resource sharing.
  Analyzing resource sharing options for $flatten\hdmi.\pixel.$mul$/home/matthias/prog/janestreet/emulator-wt-hdmi-ulx3s/prototypes/fpga-ulx3s/../hdmi-ulx3s/rtl/gen/hdmi_pixel.v:1208$2109 ($mul):
    Found 1 activation_patterns using ctrl signal { \hdmi.pixel._61 \hdmi.pixel._104 \hdmi.pixel._308 \hdmi.pixel._310 }.
    No candidates found.
  Analyzing resource sharing options for $flatten\core.$memrd$\txf$/home/matthias/prog/janestreet/emulator-wt-hdmi-ulx3s/prototypes/fpga-ulx3s/rtl/emu_core.v:172$3604 ($memrd):
    Found 1 activation_patterns using ctrl signal { \core.tx_start \core.utx.act }.
    No candidates found.
  Analyzing resource sharing options for $flatten\usb.$auto$mem.cc:305:emit$3751 ($memrd_v2):
    Found 5 activation_patterns using ctrl signal { \usb._474 \usb._459 \usb._801 \usb._1013 \usb._450 \usb._416 \usb._411 \usb._385 \usb._373 [3:2] \usb._373 [0] }.
    No candidates found.

12.19. Executing TECHMAP pass (map to technology primitives).

12.19.1. Executing Verilog-2005 frontend: /home/matthias/prog/janestreet/fabulous-notes/oss-cad-suite/lib/../share/yosys/cmp2lut.v
Parsing Verilog input from `/home/matthias/prog/janestreet/fabulous-notes/oss-cad-suite/lib/../share/yosys/cmp2lut.v' to AST representation.
Generating RTLIL representation for module `\_90_lut_cmp_'.
Successfully finished Verilog frontend.

12.19.2. Continuing TECHMAP pass.
Using template $paramod$660678594e37ad19d3e37129102c1c7b69ba3182\_90_lut_cmp_ for cells of type $lt.
Using template $paramod$f46cda77c4447f9623352c255c11db883b9ce5c2\_90_lut_cmp_ for cells of type $lt.
Using template $paramod$141b0f41d8ab4b936f42c52ead39f1f9a7c93200\_90_lut_cmp_ for cells of type $lt.
Using template $paramod$44af11515492fdddea2029ca03591ca9c00c0954\_90_lut_cmp_ for cells of type $lt.
Using template $paramod$9e28c010286155c78acd718dd7eea792d3c04850\_90_lut_cmp_ for cells of type $lt.
Using template $paramod$cdd060840b10ae11c16ef338327ffd82b2dfe9c4\_90_lut_cmp_ for cells of type $lt.
Using template $paramod$8de9ae31f210b773e84137e37ebdc8a9cec5484d\_90_lut_cmp_ for cells of type $le.
Using template $paramod$c5681be76fb150217c9e113d21f0f84f1731ac3f\_90_lut_cmp_ for cells of type $lt.
Using template $paramod$909cd69b6f23bd8cb612659b1263f26e598d4912\_90_lut_cmp_ for cells of type $lt.
Using template $paramod$e284bc47c88f6e32a7d40296f7bdff7bac057394\_90_lut_cmp_ for cells of type $lt.
Using template $paramod$0926ea2f5877749d1171d82319a61f8ffa3924b2\_90_lut_cmp_ for cells of type $lt.
No more expansions possible.
<suppressed ~827 debug messages>

12.20. Executing OPT_EXPR pass (perform const folding).
Optimizing module ulx3s_top.

12.21. Executing OPT_CLEAN pass (remove unused cells and wires).
Finding unused cells or wires in module \ulx3s_top..
Removed 0 unused cells and 54 unused wires.
<suppressed ~1 debug messages>

12.22. Executing TECHMAP pass (map to technology primitives).

12.22.1. Executing Verilog-2005 frontend: /home/matthias/prog/janestreet/fabulous-notes/oss-cad-suite/lib/../share/yosys/mul2dsp.v
Parsing Verilog input from `/home/matthias/prog/janestreet/fabulous-notes/oss-cad-suite/lib/../share/yosys/mul2dsp.v' to AST representation.
Generating RTLIL representation for module `\_80_mul'.
Generating RTLIL representation for module `\_90_soft_mul'.
Successfully finished Verilog frontend.

12.22.2. Continuing TECHMAP pass.
Using template $paramod$f5140cc63b66a78bf07bf16ee737bd1b32aa7612\_80_mul for cells of type $mul.
No more expansions possible.
<suppressed ~70 debug messages>

12.23. Executing TECHMAP pass (map to technology primitives).

12.23.1. Executing Verilog-2005 frontend: /home/matthias/prog/janestreet/fabulous-notes/oss-cad-suite/lib/../share/yosys/lattice/dsp_map_18x18.v
Parsing Verilog input from `/home/matthias/prog/janestreet/fabulous-notes/oss-cad-suite/lib/../share/yosys/lattice/dsp_map_18x18.v' to AST representation.
Generating RTLIL representation for module `$__MUL18X18'.
Successfully finished Verilog frontend.

12.23.2. Continuing TECHMAP pass.
Using template $paramod$6891debeca6370d329cf16569f78d8f01c4ab413$__MUL18X18 for cells of type $__MUL18X18.
No more expansions possible.
<suppressed ~21 debug messages>

12.24. Executing ALUMACC pass (create $alu and $macc cells).
Extracting $alu and $macc cells in module ulx3s_top:
  creating $macc model for $flatten\usb.$add$/home/matthias/prog/janestreet/emulator-wt-hdmi-ulx3s/prototypes/fpga-ulx3s/rtl/gen/usb_fs_device.v:2902$1679 ($add).
  creating $macc model for $flatten\usb.$add$/home/matthias/prog/janestreet/emulator-wt-hdmi-ulx3s/prototypes/fpga-ulx3s/rtl/gen/usb_fs_device.v:2931$1699 ($add).
  creating $macc model for $flatten\usb.$add$/home/matthias/prog/janestreet/emulator-wt-hdmi-ulx3s/prototypes/fpga-ulx3s/rtl/gen/usb_fs_device.v:2952$1714 ($add).
  creating $macc model for $flatten\usb.$add$/home/matthias/prog/janestreet/emulator-wt-hdmi-ulx3s/prototypes/fpga-ulx3s/rtl/gen/usb_fs_device.v:3043$1776 ($add).
  creating $macc model for $flatten\usb.$add$/home/matthias/prog/janestreet/emulator-wt-hdmi-ulx3s/prototypes/fpga-ulx3s/rtl/gen/usb_fs_device.v:3104$1795 ($add).
  creating $macc model for $flatten\usb.$sub$/home/matthias/prog/janestreet/emulator-wt-hdmi-ulx3s/prototypes/fpga-ulx3s/rtl/gen/usb_fs_device.v:1685$1093 ($sub).
  creating $macc model for $flatten\usb.$sub$/home/matthias/prog/janestreet/emulator-wt-hdmi-ulx3s/prototypes/fpga-ulx3s/rtl/gen/usb_fs_device.v:2343$1432 ($sub).
  creating $macc model for $flatten\usb.$add$/home/matthias/prog/janestreet/emulator-wt-hdmi-ulx3s/prototypes/fpga-ulx3s/rtl/gen/usb_fs_device.v:1739$1104 ($add).
  creating $macc model for $flatten\usb.$add$/home/matthias/prog/janestreet/emulator-wt-hdmi-ulx3s/prototypes/fpga-ulx3s/rtl/gen/usb_fs_device.v:1740$1105 ($add).
  creating $macc model for $flatten\core.$add$/home/matthias/prog/janestreet/emulator-wt-hdmi-ulx3s/prototypes/fpga-ulx3s/rtl/emu_core.v:178$3390 ($add).
  creating $macc model for $flatten\core.$add$/home/matthias/prog/janestreet/emulator-wt-hdmi-ulx3s/prototypes/fpga-ulx3s/rtl/emu_core.v:179$3391 ($add).
  creating $macc model for $flatten\core.$add$/home/matthias/prog/janestreet/emulator-wt-hdmi-ulx3s/prototypes/fpga-ulx3s/rtl/emu_core.v:180$3395 ($add).
  creating $macc model for $flatten\core.$sub$/home/matthias/prog/janestreet/emulator-wt-hdmi-ulx3s/prototypes/fpga-ulx3s/rtl/emu_core.v:180$3397 ($sub).
  creating $macc model for $flatten\core.$sub$/home/matthias/prog/janestreet/emulator-wt-hdmi-ulx3s/prototypes/fpga-ulx3s/rtl/emu_core.v:186$3400 ($sub).
  creating $macc model for $flatten\core.$add$/home/matthias/prog/janestreet/emulator-wt-hdmi-ulx3s/prototypes/fpga-ulx3s/rtl/emu_core.v:260$3435 ($add).
  creating $macc model for $flatten\core.$add$/home/matthias/prog/janestreet/emulator-wt-hdmi-ulx3s/prototypes/fpga-ulx3s/rtl/emu_core.v:294$3475 ($add).
  creating $macc model for $flatten\core.$add$/home/matthias/prog/janestreet/emulator-wt-hdmi-ulx3s/prototypes/fpga-ulx3s/rtl/emu_core.v:295$3476 ($add).
  creating $macc model for $flatten\usb.$add$/home/matthias/prog/janestreet/emulator-wt-hdmi-ulx3s/prototypes/fpga-ulx3s/rtl/gen/usb_fs_device.v:2243$1374 ($add).
  creating $macc model for $flatten\core.$add$/home/matthias/prog/janestreet/emulator-wt-hdmi-ulx3s/prototypes/fpga-ulx3s/rtl/emu_core.v:296$3480 ($add).
  creating $macc model for $flatten\core.$sub$/home/matthias/prog/janestreet/emulator-wt-hdmi-ulx3s/prototypes/fpga-ulx3s/rtl/emu_core.v:296$3482 ($sub).
  creating $macc model for $flatten\core.$add$/home/matthias/prog/janestreet/emulator-wt-hdmi-ulx3s/prototypes/fpga-ulx3s/rtl/emu_core.v:354$3505 ($add).
  creating $macc model for $flatten\core.$add$/home/matthias/prog/janestreet/emulator-wt-hdmi-ulx3s/prototypes/fpga-ulx3s/rtl/emu_core.v:377$3513 ($add).
  creating $macc model for $flatten\core.\smp.$add$/home/matthias/prog/janestreet/emulator-wt-hdmi-ulx3s/prototypes/fpga-ulx3s/rtl/gen/pin_sampler.v:212$798 ($add).
  creating $macc model for $flatten\core.$add$/home/matthias/prog/janestreet/emulator-wt-hdmi-ulx3s/prototypes/fpga-ulx3s/rtl/emu_core.v:402$3534 ($add).
  creating $macc model for $flatten\core.$sub$/home/matthias/prog/janestreet/emulator-wt-hdmi-ulx3s/prototypes/fpga-ulx3s/rtl/emu_core.v:435$3546 ($sub).
  creating $macc model for $flatten\core.$add$/home/matthias/prog/janestreet/emulator-wt-hdmi-ulx3s/prototypes/fpga-ulx3s/rtl/emu_core.v:436$3551 ($add).
  creating $macc model for $flatten\core.$sub$/home/matthias/prog/janestreet/emulator-wt-hdmi-ulx3s/prototypes/fpga-ulx3s/rtl/emu_core.v:449$3580 ($sub).
  creating $macc model for $flatten\core.$sub$/home/matthias/prog/janestreet/emulator-wt-hdmi-ulx3s/prototypes/fpga-ulx3s/rtl/emu_core.v:482$3598 ($sub).
  creating $macc model for $flatten\core.$add$/home/matthias/prog/janestreet/emulator-wt-hdmi-ulx3s/prototypes/fpga-ulx3s/rtl/emu_core.v:489$3600 ($add).
  creating $macc model for $flatten\core.$sub$/home/matthias/prog/janestreet/emulator-wt-hdmi-ulx3s/prototypes/fpga-ulx3s/rtl/emu_core.v:254$3614 ($sub).
  creating $macc model for $flatten\core.$sub$/home/matthias/prog/janestreet/emulator-wt-hdmi-ulx3s/prototypes/fpga-ulx3s/rtl/emu_core.v:249$3618 ($sub).
  creating $macc model for $flatten\usb.$add$/home/matthias/prog/janestreet/emulator-wt-hdmi-ulx3s/prototypes/fpga-ulx3s/rtl/gen/usb_fs_device.v:1917$1154 ($add).
  creating $macc model for $flatten\usb.$add$/home/matthias/prog/janestreet/emulator-wt-hdmi-ulx3s/prototypes/fpga-ulx3s/rtl/gen/usb_fs_device.v:1414$974 ($add).
  creating $macc model for $flatten\usb.$add$/home/matthias/prog/janestreet/emulator-wt-hdmi-ulx3s/prototypes/fpga-ulx3s/rtl/gen/usb_fs_device.v:1974$1178 ($add).
  creating $macc model for $flatten\usb.$add$/home/matthias/prog/janestreet/emulator-wt-hdmi-ulx3s/prototypes/fpga-ulx3s/rtl/gen/usb_fs_device.v:2010$1205 ($add).
  creating $macc model for $flatten\usb.$add$/home/matthias/prog/janestreet/emulator-wt-hdmi-ulx3s/prototypes/fpga-ulx3s/rtl/gen/usb_fs_device.v:2045$1234 ($add).
  creating $macc model for $flatten\core.\urx.$add$/home/matthias/prog/janestreet/emulator-wt-hdmi-ulx3s/prototypes/fpga-ulx3s/rtl/emu_core.v:65$2883 ($add).
  creating $macc model for $flatten\core.\urx.$sub$/home/matthias/prog/janestreet/emulator-wt-hdmi-ulx3s/prototypes/fpga-ulx3s/rtl/emu_core.v:62$2882 ($sub).
  creating $macc model for $flatten\core.\utx.$add$/home/matthias/prog/janestreet/emulator-wt-hdmi-ulx3s/prototypes/fpga-ulx3s/rtl/emu_core.v:98$2872 ($add).
  creating $macc model for $flatten\core.\utx.$sub$/home/matthias/prog/janestreet/emulator-wt-hdmi-ulx3s/prototypes/fpga-ulx3s/rtl/emu_core.v:94$2870 ($sub).
  creating $macc model for $flatten\core.\seq.$add$/home/matthias/prog/janestreet/emulator-wt-hdmi-ulx3s/prototypes/fpga-ulx3s/rtl/gen/deadline_sequencer.v:1221$716 ($add).
  creating $macc model for $flatten\core.\seq.$add$/home/matthias/prog/janestreet/emulator-wt-hdmi-ulx3s/prototypes/fpga-ulx3s/rtl/gen/deadline_sequencer.v:1170$697 ($add).
  creating $macc model for $flatten\core.\seq.$sub$/home/matthias/prog/janestreet/emulator-wt-hdmi-ulx3s/prototypes/fpga-ulx3s/rtl/gen/deadline_sequencer.v:1095$673 ($sub).
  creating $macc model for $flatten\core.\seq.$sub$/home/matthias/prog/janestreet/emulator-wt-hdmi-ulx3s/prototypes/fpga-ulx3s/rtl/gen/deadline_sequencer.v:1039$656 ($sub).
  creating $macc model for $flatten\usb.$add$/home/matthias/prog/janestreet/emulator-wt-hdmi-ulx3s/prototypes/fpga-ulx3s/rtl/gen/usb_fs_device.v:2131$1291 ($add).
  creating $macc model for $flatten\usb.$sub$/home/matthias/prog/janestreet/emulator-wt-hdmi-ulx3s/prototypes/fpga-ulx3s/rtl/gen/usb_fs_device.v:2443$1496 ($sub).
  creating $macc model for $flatten\core.\str.$sub$/home/matthias/prog/janestreet/emulator-wt-hdmi-ulx3s/prototypes/fpga-ulx3s/rtl/gen/pin_streamer.v:360$789 ($sub).
  creating $macc model for $flatten\core.\str.$sub$/home/matthias/prog/janestreet/emulator-wt-hdmi-ulx3s/prototypes/fpga-ulx3s/rtl/gen/pin_streamer.v:359$788 ($sub).
  creating $macc model for $flatten\core.\str.$sub$/home/matthias/prog/janestreet/emulator-wt-hdmi-ulx3s/prototypes/fpga-ulx3s/rtl/gen/pin_streamer.v:341$779 ($sub).
  creating $macc model for $flatten\core.\str.$sub$/home/matthias/prog/janestreet/emulator-wt-hdmi-ulx3s/prototypes/fpga-ulx3s/rtl/gen/pin_streamer.v:330$775 ($sub).
  creating $macc model for $flatten\core.\str.$add$/home/matthias/prog/janestreet/emulator-wt-hdmi-ulx3s/prototypes/fpga-ulx3s/rtl/gen/pin_streamer.v:329$774 ($add).
  creating $macc model for $flatten\core.\str.$add$/home/matthias/prog/janestreet/emulator-wt-hdmi-ulx3s/prototypes/fpga-ulx3s/rtl/gen/pin_streamer.v:295$764 ($add).
  creating $macc model for $flatten\core.\str.$add$/home/matthias/prog/janestreet/emulator-wt-hdmi-ulx3s/prototypes/fpga-ulx3s/rtl/gen/pin_streamer.v:275$758 ($add).
  creating $macc model for $flatten\core.\smp.$sub$/home/matthias/prog/janestreet/emulator-wt-hdmi-ulx3s/prototypes/fpga-ulx3s/rtl/gen/pin_sampler.v:479$893 ($sub).
  creating $macc model for $flatten\core.\smp.$add$/home/matthias/prog/janestreet/emulator-wt-hdmi-ulx3s/prototypes/fpga-ulx3s/rtl/gen/pin_sampler.v:478$892 ($add).
  creating $macc model for $flatten\core.\smp.$add$/home/matthias/prog/janestreet/emulator-wt-hdmi-ulx3s/prototypes/fpga-ulx3s/rtl/gen/pin_sampler.v:455$877 ($add).
  creating $macc model for $flatten\core.\smp.$sub$/home/matthias/prog/janestreet/emulator-wt-hdmi-ulx3s/prototypes/fpga-ulx3s/rtl/gen/pin_sampler.v:376$852 ($sub).
  creating $macc model for $flatten\core.\smp.$sub$/home/matthias/prog/janestreet/emulator-wt-hdmi-ulx3s/prototypes/fpga-ulx3s/rtl/gen/pin_sampler.v:375$851 ($sub).
  creating $macc model for $flatten\core.\smp.$add$/home/matthias/prog/janestreet/emulator-wt-hdmi-ulx3s/prototypes/fpga-ulx3s/rtl/gen/pin_sampler.v:371$848 ($add).
  creating $macc model for $flatten\core.\smp.$add$/home/matthias/prog/janestreet/emulator-wt-hdmi-ulx3s/prototypes/fpga-ulx3s/rtl/gen/pin_sampler.v:345$837 ($add).
  creating $macc model for $flatten\core.\smp.$add$/home/matthias/prog/janestreet/emulator-wt-hdmi-ulx3s/prototypes/fpga-ulx3s/rtl/gen/pin_sampler.v:262$812 ($add).
  creating $macc model for $flatten\hdmi.$add$/home/matthias/prog/janestreet/emulator-wt-hdmi-ulx3s/prototypes/fpga-ulx3s/../hdmi-ulx3s/rtl/hdmi_out.v:26$1833 ($add).
  creating $macc model for $flatten\hdmi.$add$/home/matthias/prog/janestreet/emulator-wt-hdmi-ulx3s/prototypes/fpga-ulx3s/../hdmi-ulx3s/rtl/hdmi_out.v:30$1837 ($add).
  creating $macc model for $flatten\hdmi.\pixel.$add$/home/matthias/prog/janestreet/emulator-wt-hdmi-ulx3s/prototypes/fpga-ulx3s/../hdmi-ulx3s/rtl/gen/hdmi_pixel.v:1334$2166 ($add).
  creating $macc model for $flatten\hdmi.\pixel.$add$/home/matthias/prog/janestreet/emulator-wt-hdmi-ulx3s/prototypes/fpga-ulx3s/../hdmi-ulx3s/rtl/gen/hdmi_pixel.v:1319$2160 ($add).
  creating $macc model for $flatten\hdmi.\pixel.$add$/home/matthias/prog/janestreet/emulator-wt-hdmi-ulx3s/prototypes/fpga-ulx3s/../hdmi-ulx3s/rtl/gen/hdmi_pixel.v:1254$2133 ($add).
  creating $macc model for $flatten\hdmi.\pixel.$add$/home/matthias/prog/janestreet/emulator-wt-hdmi-ulx3s/prototypes/fpga-ulx3s/../hdmi-ulx3s/rtl/gen/hdmi_pixel.v:1253$2132 ($add).
  creating $macc model for $flatten\hdmi.\pixel.$add$/home/matthias/prog/janestreet/emulator-wt-hdmi-ulx3s/prototypes/fpga-ulx3s/../hdmi-ulx3s/rtl/gen/hdmi_pixel.v:1252$2131 ($add).
  creating $macc model for $flatten\hdmi.\pixel.$add$/home/matthias/prog/janestreet/emulator-wt-hdmi-ulx3s/prototypes/fpga-ulx3s/../hdmi-ulx3s/rtl/gen/hdmi_pixel.v:1237$2127 ($add).
  creating $macc model for $flatten\hdmi.\pixel.$add$/home/matthias/prog/janestreet/emulator-wt-hdmi-ulx3s/prototypes/fpga-ulx3s/../hdmi-ulx3s/rtl/gen/hdmi_pixel.v:1236$2126 ($add).
  creating $macc model for $flatten\hdmi.\pixel.$add$/home/matthias/prog/janestreet/emulator-wt-hdmi-ulx3s/prototypes/fpga-ulx3s/../hdmi-ulx3s/rtl/gen/hdmi_pixel.v:1235$2125 ($add).
  creating $macc model for $flatten\hdmi.\pixel.$sub$/home/matthias/prog/janestreet/emulator-wt-hdmi-ulx3s/prototypes/fpga-ulx3s/../hdmi-ulx3s/rtl/gen/hdmi_pixel.v:1204$2108 ($sub).
  creating $macc model for $flatten\hdmi.\pixel.$add$/home/matthias/prog/janestreet/emulator-wt-hdmi-ulx3s/prototypes/fpga-ulx3s/../hdmi-ulx3s/rtl/gen/hdmi_pixel.v:1189$2098 ($add).
  creating $macc model for $flatten\hdmi.\pixel.$add$/home/matthias/prog/janestreet/emulator-wt-hdmi-ulx3s/prototypes/fpga-ulx3s/../hdmi-ulx3s/rtl/gen/hdmi_pixel.v:1188$2097 ($add).
  creating $macc model for $flatten\hdmi.\pixel.$add$/home/matthias/prog/janestreet/emulator-wt-hdmi-ulx3s/prototypes/fpga-ulx3s/../hdmi-ulx3s/rtl/gen/hdmi_pixel.v:1187$2096 ($add).
  creating $macc model for $flatten\hdmi.\pixel.$add$/home/matthias/prog/janestreet/emulator-wt-hdmi-ulx3s/prototypes/fpga-ulx3s/../hdmi-ulx3s/rtl/gen/hdmi_pixel.v:1186$2095 ($add).
  creating $macc model for $flatten\hdmi.\pixel.$add$/home/matthias/prog/janestreet/emulator-wt-hdmi-ulx3s/prototypes/fpga-ulx3s/../hdmi-ulx3s/rtl/gen/hdmi_pixel.v:1185$2094 ($add).
  creating $macc model for $flatten\hdmi.\pixel.$add$/home/matthias/prog/janestreet/emulator-wt-hdmi-ulx3s/prototypes/fpga-ulx3s/../hdmi-ulx3s/rtl/gen/hdmi_pixel.v:1184$2093 ($add).
  creating $macc model for $flatten\hdmi.\pixel.$add$/home/matthias/prog/janestreet/emulator-wt-hdmi-ulx3s/prototypes/fpga-ulx3s/../hdmi-ulx3s/rtl/gen/hdmi_pixel.v:1141$2075 ($add).
  creating $macc model for $flatten\hdmi.\pixel.$add$/home/matthias/prog/janestreet/emulator-wt-hdmi-ulx3s/prototypes/fpga-ulx3s/../hdmi-ulx3s/rtl/gen/hdmi_pixel.v:1134$2074 ($add).
  creating $macc model for $flatten\hdmi.\pixel.$add$/home/matthias/prog/janestreet/emulator-wt-hdmi-ulx3s/prototypes/fpga-ulx3s/../hdmi-ulx3s/rtl/gen/hdmi_pixel.v:1133$2073 ($add).
  creating $macc model for $flatten\hdmi.\pixel.$add$/home/matthias/prog/janestreet/emulator-wt-hdmi-ulx3s/prototypes/fpga-ulx3s/../hdmi-ulx3s/rtl/gen/hdmi_pixel.v:1126$2072 ($add).
  creating $macc model for $flatten\hdmi.\pixel.$add$/home/matthias/prog/janestreet/emulator-wt-hdmi-ulx3s/prototypes/fpga-ulx3s/../hdmi-ulx3s/rtl/gen/hdmi_pixel.v:1084$2048 ($add).
  creating $macc model for $flatten\hdmi.\pixel.$add$/home/matthias/prog/janestreet/emulator-wt-hdmi-ulx3s/prototypes/fpga-ulx3s/../hdmi-ulx3s/rtl/gen/hdmi_pixel.v:1077$2047 ($add).
  creating $macc model for $flatten\hdmi.\pixel.$add$/home/matthias/prog/janestreet/emulator-wt-hdmi-ulx3s/prototypes/fpga-ulx3s/../hdmi-ulx3s/rtl/gen/hdmi_pixel.v:1076$2046 ($add).
  creating $macc model for $flatten\hdmi.\pixel.$add$/home/matthias/prog/janestreet/emulator-wt-hdmi-ulx3s/prototypes/fpga-ulx3s/../hdmi-ulx3s/rtl/gen/hdmi_pixel.v:1069$2045 ($add).
  creating $macc model for $flatten\hdmi.\pixel.$add$/home/matthias/prog/janestreet/emulator-wt-hdmi-ulx3s/prototypes/fpga-ulx3s/../hdmi-ulx3s/rtl/gen/hdmi_pixel.v:1059$2042 ($add).
  creating $macc model for $flatten\hdmi.\pixel.$sub$/home/matthias/prog/janestreet/emulator-wt-hdmi-ulx3s/prototypes/fpga-ulx3s/../hdmi-ulx3s/rtl/gen/hdmi_pixel.v:1058$2041 ($sub).
  creating $macc model for $flatten\hdmi.\pixel.$sub$/home/matthias/prog/janestreet/emulator-wt-hdmi-ulx3s/prototypes/fpga-ulx3s/../hdmi-ulx3s/rtl/gen/hdmi_pixel.v:1050$2038 ($sub).
  creating $macc model for $flatten\hdmi.\pixel.$sub$/home/matthias/prog/janestreet/emulator-wt-hdmi-ulx3s/prototypes/fpga-ulx3s/../hdmi-ulx3s/rtl/gen/hdmi_pixel.v:1043$2037 ($sub).
  creating $macc model for $flatten\hdmi.\pixel.$add$/home/matthias/prog/janestreet/emulator-wt-hdmi-ulx3s/prototypes/fpga-ulx3s/../hdmi-ulx3s/rtl/gen/hdmi_pixel.v:1042$2036 ($add).
  creating $macc model for $flatten\hdmi.\pixel.$sub$/home/matthias/prog/janestreet/emulator-wt-hdmi-ulx3s/prototypes/fpga-ulx3s/../hdmi-ulx3s/rtl/gen/hdmi_pixel.v:1035$2034 ($sub).
  creating $macc model for $flatten\hdmi.\pixel.$add$/home/matthias/prog/janestreet/emulator-wt-hdmi-ulx3s/prototypes/fpga-ulx3s/../hdmi-ulx3s/rtl/gen/hdmi_pixel.v:1034$2033 ($add).
  creating $macc model for $flatten\hdmi.\pixel.$add$/home/matthias/prog/janestreet/emulator-wt-hdmi-ulx3s/prototypes/fpga-ulx3s/../hdmi-ulx3s/rtl/gen/hdmi_pixel.v:991$2011 ($add).
  creating $macc model for $flatten\hdmi.\pixel.$add$/home/matthias/prog/janestreet/emulator-wt-hdmi-ulx3s/prototypes/fpga-ulx3s/../hdmi-ulx3s/rtl/gen/hdmi_pixel.v:990$2010 ($add).
  creating $macc model for $flatten\hdmi.\pixel.$add$/home/matthias/prog/janestreet/emulator-wt-hdmi-ulx3s/prototypes/fpga-ulx3s/../hdmi-ulx3s/rtl/gen/hdmi_pixel.v:989$2009 ($add).
  creating $macc model for $flatten\hdmi.\pixel.$add$/home/matthias/prog/janestreet/emulator-wt-hdmi-ulx3s/prototypes/fpga-ulx3s/../hdmi-ulx3s/rtl/gen/hdmi_pixel.v:974$2005 ($add).
  creating $macc model for $flatten\hdmi.\pixel.$add$/home/matthias/prog/janestreet/emulator-wt-hdmi-ulx3s/prototypes/fpga-ulx3s/../hdmi-ulx3s/rtl/gen/hdmi_pixel.v:973$2004 ($add).
  creating $macc model for $flatten\hdmi.\pixel.$add$/home/matthias/prog/janestreet/emulator-wt-hdmi-ulx3s/prototypes/fpga-ulx3s/../hdmi-ulx3s/rtl/gen/hdmi_pixel.v:972$2003 ($add).
  creating $macc model for $flatten\hdmi.\pixel.$add$/home/matthias/prog/janestreet/emulator-wt-hdmi-ulx3s/prototypes/fpga-ulx3s/../hdmi-ulx3s/rtl/gen/hdmi_pixel.v:949$1992 ($add).
  creating $macc model for $flatten\hdmi.\pixel.$add$/home/matthias/prog/janestreet/emulator-wt-hdmi-ulx3s/prototypes/fpga-ulx3s/../hdmi-ulx3s/rtl/gen/hdmi_pixel.v:942$1991 ($add).
  creating $macc model for $flatten\hdmi.\pixel.$add$/home/matthias/prog/janestreet/emulator-wt-hdmi-ulx3s/prototypes/fpga-ulx3s/../hdmi-ulx3s/rtl/gen/hdmi_pixel.v:941$1990 ($add).
  creating $macc model for $flatten\hdmi.\pixel.$add$/home/matthias/prog/janestreet/emulator-wt-hdmi-ulx3s/prototypes/fpga-ulx3s/../hdmi-ulx3s/rtl/gen/hdmi_pixel.v:934$1989 ($add).
  creating $macc model for $flatten\hdmi.\pixel.$add$/home/matthias/prog/janestreet/emulator-wt-hdmi-ulx3s/prototypes/fpga-ulx3s/../hdmi-ulx3s/rtl/gen/hdmi_pixel.v:892$1965 ($add).
  creating $macc model for $flatten\hdmi.\pixel.$add$/home/matthias/prog/janestreet/emulator-wt-hdmi-ulx3s/prototypes/fpga-ulx3s/../hdmi-ulx3s/rtl/gen/hdmi_pixel.v:885$1964 ($add).
  creating $macc model for $flatten\hdmi.\pixel.$add$/home/matthias/prog/janestreet/emulator-wt-hdmi-ulx3s/prototypes/fpga-ulx3s/../hdmi-ulx3s/rtl/gen/hdmi_pixel.v:884$1963 ($add).
  creating $macc model for $flatten\hdmi.\pixel.$add$/home/matthias/prog/janestreet/emulator-wt-hdmi-ulx3s/prototypes/fpga-ulx3s/../hdmi-ulx3s/rtl/gen/hdmi_pixel.v:877$1962 ($add).
  creating $macc model for $flatten\hdmi.\pixel.$add$/home/matthias/prog/janestreet/emulator-wt-hdmi-ulx3s/prototypes/fpga-ulx3s/../hdmi-ulx3s/rtl/gen/hdmi_pixel.v:867$1959 ($add).
  creating $macc model for $flatten\hdmi.\pixel.$sub$/home/matthias/prog/janestreet/emulator-wt-hdmi-ulx3s/prototypes/fpga-ulx3s/../hdmi-ulx3s/rtl/gen/hdmi_pixel.v:866$1958 ($sub).
  creating $macc model for $flatten\hdmi.\pixel.$sub$/home/matthias/prog/janestreet/emulator-wt-hdmi-ulx3s/prototypes/fpga-ulx3s/../hdmi-ulx3s/rtl/gen/hdmi_pixel.v:858$1955 ($sub).
  creating $macc model for $flatten\hdmi.\pixel.$sub$/home/matthias/prog/janestreet/emulator-wt-hdmi-ulx3s/prototypes/fpga-ulx3s/../hdmi-ulx3s/rtl/gen/hdmi_pixel.v:852$1954 ($sub).
  creating $macc model for $flatten\hdmi.\pixel.$add$/home/matthias/prog/janestreet/emulator-wt-hdmi-ulx3s/prototypes/fpga-ulx3s/../hdmi-ulx3s/rtl/gen/hdmi_pixel.v:851$1953 ($add).
  creating $macc model for $flatten\hdmi.\pixel.$sub$/home/matthias/prog/janestreet/emulator-wt-hdmi-ulx3s/prototypes/fpga-ulx3s/../hdmi-ulx3s/rtl/gen/hdmi_pixel.v:844$1951 ($sub).
  creating $macc model for $flatten\hdmi.\pixel.$add$/home/matthias/prog/janestreet/emulator-wt-hdmi-ulx3s/prototypes/fpga-ulx3s/../hdmi-ulx3s/rtl/gen/hdmi_pixel.v:843$1950 ($add).
  creating $macc model for $flatten\hdmi.\pixel.$add$/home/matthias/prog/janestreet/emulator-wt-hdmi-ulx3s/prototypes/fpga-ulx3s/../hdmi-ulx3s/rtl/gen/hdmi_pixel.v:799$1928 ($add).
  creating $macc model for $flatten\hdmi.\pixel.$add$/home/matthias/prog/janestreet/emulator-wt-hdmi-ulx3s/prototypes/fpga-ulx3s/../hdmi-ulx3s/rtl/gen/hdmi_pixel.v:798$1927 ($add).
  creating $macc model for $flatten\hdmi.\pixel.$add$/home/matthias/prog/janestreet/emulator-wt-hdmi-ulx3s/prototypes/fpga-ulx3s/../hdmi-ulx3s/rtl/gen/hdmi_pixel.v:797$1926 ($add).
  creating $macc model for $flatten\hdmi.\pixel.$add$/home/matthias/prog/janestreet/emulator-wt-hdmi-ulx3s/prototypes/fpga-ulx3s/../hdmi-ulx3s/rtl/gen/hdmi_pixel.v:782$1922 ($add).
  creating $macc model for $flatten\hdmi.\pixel.$add$/home/matthias/prog/janestreet/emulator-wt-hdmi-ulx3s/prototypes/fpga-ulx3s/../hdmi-ulx3s/rtl/gen/hdmi_pixel.v:781$1921 ($add).
  creating $macc model for $flatten\hdmi.\pixel.$add$/home/matthias/prog/janestreet/emulator-wt-hdmi-ulx3s/prototypes/fpga-ulx3s/../hdmi-ulx3s/rtl/gen/hdmi_pixel.v:780$1920 ($add).
  creating $macc model for $flatten\hdmi.\pixel.$add$/home/matthias/prog/janestreet/emulator-wt-hdmi-ulx3s/prototypes/fpga-ulx3s/../hdmi-ulx3s/rtl/gen/hdmi_pixel.v:745$1903 ($add).
  creating $macc model for $flatten\hdmi.\pixel.$add$/home/matthias/prog/janestreet/emulator-wt-hdmi-ulx3s/prototypes/fpga-ulx3s/../hdmi-ulx3s/rtl/gen/hdmi_pixel.v:738$1902 ($add).
  creating $macc model for $flatten\hdmi.\pixel.$add$/home/matthias/prog/janestreet/emulator-wt-hdmi-ulx3s/prototypes/fpga-ulx3s/../hdmi-ulx3s/rtl/gen/hdmi_pixel.v:737$1901 ($add).
  creating $macc model for $flatten\hdmi.\pixel.$add$/home/matthias/prog/janestreet/emulator-wt-hdmi-ulx3s/prototypes/fpga-ulx3s/../hdmi-ulx3s/rtl/gen/hdmi_pixel.v:730$1900 ($add).
  creating $macc model for $flatten\hdmi.\pixel.$add$/home/matthias/prog/janestreet/emulator-wt-hdmi-ulx3s/prototypes/fpga-ulx3s/../hdmi-ulx3s/rtl/gen/hdmi_pixel.v:688$1876 ($add).
  creating $macc model for $flatten\hdmi.\pixel.$add$/home/matthias/prog/janestreet/emulator-wt-hdmi-ulx3s/prototypes/fpga-ulx3s/../hdmi-ulx3s/rtl/gen/hdmi_pixel.v:681$1875 ($add).
  creating $macc model for $flatten\hdmi.\pixel.$add$/home/matthias/prog/janestreet/emulator-wt-hdmi-ulx3s/prototypes/fpga-ulx3s/../hdmi-ulx3s/rtl/gen/hdmi_pixel.v:680$1874 ($add).
  creating $macc model for $flatten\hdmi.\pixel.$add$/home/matthias/prog/janestreet/emulator-wt-hdmi-ulx3s/prototypes/fpga-ulx3s/../hdmi-ulx3s/rtl/gen/hdmi_pixel.v:673$1873 ($add).
  creating $macc model for $flatten\hdmi.\pixel.$add$/home/matthias/prog/janestreet/emulator-wt-hdmi-ulx3s/prototypes/fpga-ulx3s/../hdmi-ulx3s/rtl/gen/hdmi_pixel.v:662$1870 ($add).
  creating $macc model for $flatten\hdmi.\pixel.$sub$/home/matthias/prog/janestreet/emulator-wt-hdmi-ulx3s/prototypes/fpga-ulx3s/../hdmi-ulx3s/rtl/gen/hdmi_pixel.v:661$1869 ($sub).
  creating $macc model for $flatten\hdmi.\pixel.$sub$/home/matthias/prog/janestreet/emulator-wt-hdmi-ulx3s/prototypes/fpga-ulx3s/../hdmi-ulx3s/rtl/gen/hdmi_pixel.v:653$1866 ($sub).
  creating $macc model for $flatten\hdmi.\pixel.$sub$/home/matthias/prog/janestreet/emulator-wt-hdmi-ulx3s/prototypes/fpga-ulx3s/../hdmi-ulx3s/rtl/gen/hdmi_pixel.v:646$1865 ($sub).
  creating $macc model for $flatten\hdmi.\pixel.$add$/home/matthias/prog/janestreet/emulator-wt-hdmi-ulx3s/prototypes/fpga-ulx3s/../hdmi-ulx3s/rtl/gen/hdmi_pixel.v:645$1864 ($add).
  creating $macc model for $flatten\hdmi.\pixel.$sub$/home/matthias/prog/janestreet/emulator-wt-hdmi-ulx3s/prototypes/fpga-ulx3s/../hdmi-ulx3s/rtl/gen/hdmi_pixel.v:637$1862 ($sub).
  creating $macc model for $flatten\hdmi.\pixel.$add$/home/matthias/prog/janestreet/emulator-wt-hdmi-ulx3s/prototypes/fpga-ulx3s/../hdmi-ulx3s/rtl/gen/hdmi_pixel.v:636$1861 ($add).
  creating $macc model for $flatten\hdmi.\serial.$add$/home/matthias/prog/janestreet/emulator-wt-hdmi-ulx3s/prototypes/fpga-ulx3s/../hdmi-ulx3s/rtl/gen/hdmi_serial_ddr.v:194$2197 ($add).
  creating $macc model for $add$/home/matthias/prog/janestreet/emulator-wt-hdmi-ulx3s/prototypes/fpga-ulx3s/rtl/ulx3s_top.v:156$13 ($add).
  merging $macc model for $flatten\hdmi.\pixel.$add$/home/matthias/prog/janestreet/emulator-wt-hdmi-ulx3s/prototypes/fpga-ulx3s/../hdmi-ulx3s/rtl/gen/hdmi_pixel.v:645$1864 into $flatten\hdmi.\pixel.$sub$/home/matthias/prog/janestreet/emulator-wt-hdmi-ulx3s/prototypes/fpga-ulx3s/../hdmi-ulx3s/rtl/gen/hdmi_pixel.v:646$1865.
  merging $macc model for $flatten\hdmi.\pixel.$sub$/home/matthias/prog/janestreet/emulator-wt-hdmi-ulx3s/prototypes/fpga-ulx3s/../hdmi-ulx3s/rtl/gen/hdmi_pixel.v:661$1869 into $flatten\hdmi.\pixel.$add$/home/matthias/prog/janestreet/emulator-wt-hdmi-ulx3s/prototypes/fpga-ulx3s/../hdmi-ulx3s/rtl/gen/hdmi_pixel.v:662$1870.
  merging $macc model for $flatten\hdmi.\pixel.$add$/home/matthias/prog/janestreet/emulator-wt-hdmi-ulx3s/prototypes/fpga-ulx3s/../hdmi-ulx3s/rtl/gen/hdmi_pixel.v:680$1874 into $flatten\hdmi.\pixel.$add$/home/matthias/prog/janestreet/emulator-wt-hdmi-ulx3s/prototypes/fpga-ulx3s/../hdmi-ulx3s/rtl/gen/hdmi_pixel.v:681$1875.
  merging $macc model for $flatten\hdmi.\pixel.$add$/home/matthias/prog/janestreet/emulator-wt-hdmi-ulx3s/prototypes/fpga-ulx3s/../hdmi-ulx3s/rtl/gen/hdmi_pixel.v:673$1873 into $flatten\hdmi.\pixel.$add$/home/matthias/prog/janestreet/emulator-wt-hdmi-ulx3s/prototypes/fpga-ulx3s/../hdmi-ulx3s/rtl/gen/hdmi_pixel.v:681$1875.
  merging $macc model for $flatten\hdmi.\pixel.$add$/home/matthias/prog/janestreet/emulator-wt-hdmi-ulx3s/prototypes/fpga-ulx3s/../hdmi-ulx3s/rtl/gen/hdmi_pixel.v:737$1901 into $flatten\hdmi.\pixel.$add$/home/matthias/prog/janestreet/emulator-wt-hdmi-ulx3s/prototypes/fpga-ulx3s/../hdmi-ulx3s/rtl/gen/hdmi_pixel.v:738$1902.
  merging $macc model for $flatten\hdmi.\pixel.$add$/home/matthias/prog/janestreet/emulator-wt-hdmi-ulx3s/prototypes/fpga-ulx3s/../hdmi-ulx3s/rtl/gen/hdmi_pixel.v:730$1900 into $flatten\hdmi.\pixel.$add$/home/matthias/prog/janestreet/emulator-wt-hdmi-ulx3s/prototypes/fpga-ulx3s/../hdmi-ulx3s/rtl/gen/hdmi_pixel.v:738$1902.
  merging $macc model for $flatten\hdmi.\pixel.$add$/home/matthias/prog/janestreet/emulator-wt-hdmi-ulx3s/prototypes/fpga-ulx3s/../hdmi-ulx3s/rtl/gen/hdmi_pixel.v:780$1920 into $flatten\hdmi.\pixel.$add$/home/matthias/prog/janestreet/emulator-wt-hdmi-ulx3s/prototypes/fpga-ulx3s/../hdmi-ulx3s/rtl/gen/hdmi_pixel.v:781$1921.
  merging $macc model for $flatten\hdmi.\pixel.$add$/home/matthias/prog/janestreet/emulator-wt-hdmi-ulx3s/prototypes/fpga-ulx3s/../hdmi-ulx3s/rtl/gen/hdmi_pixel.v:745$1903 into $flatten\hdmi.\pixel.$add$/home/matthias/prog/janestreet/emulator-wt-hdmi-ulx3s/prototypes/fpga-ulx3s/../hdmi-ulx3s/rtl/gen/hdmi_pixel.v:781$1921.
  merging $macc model for $flatten\hdmi.\pixel.$add$/home/matthias/prog/janestreet/emulator-wt-hdmi-ulx3s/prototypes/fpga-ulx3s/../hdmi-ulx3s/rtl/gen/hdmi_pixel.v:781$1921 into $flatten\hdmi.\pixel.$add$/home/matthias/prog/janestreet/emulator-wt-hdmi-ulx3s/prototypes/fpga-ulx3s/../hdmi-ulx3s/rtl/gen/hdmi_pixel.v:782$1922.
  merging $macc model for $flatten\hdmi.\pixel.$add$/home/matthias/prog/janestreet/emulator-wt-hdmi-ulx3s/prototypes/fpga-ulx3s/../hdmi-ulx3s/rtl/gen/hdmi_pixel.v:738$1902 into $flatten\hdmi.\pixel.$add$/home/matthias/prog/janestreet/emulator-wt-hdmi-ulx3s/prototypes/fpga-ulx3s/../hdmi-ulx3s/rtl/gen/hdmi_pixel.v:782$1922.
  merging $macc model for $flatten\hdmi.\pixel.$add$/home/matthias/prog/janestreet/emulator-wt-hdmi-ulx3s/prototypes/fpga-ulx3s/../hdmi-ulx3s/rtl/gen/hdmi_pixel.v:797$1926 into $flatten\hdmi.\pixel.$add$/home/matthias/prog/janestreet/emulator-wt-hdmi-ulx3s/prototypes/fpga-ulx3s/../hdmi-ulx3s/rtl/gen/hdmi_pixel.v:798$1927.
  merging $macc model for $flatten\hdmi.\pixel.$add$/home/matthias/prog/janestreet/emulator-wt-hdmi-ulx3s/prototypes/fpga-ulx3s/../hdmi-ulx3s/rtl/gen/hdmi_pixel.v:688$1876 into $flatten\hdmi.\pixel.$add$/home/matthias/prog/janestreet/emulator-wt-hdmi-ulx3s/prototypes/fpga-ulx3s/../hdmi-ulx3s/rtl/gen/hdmi_pixel.v:798$1927.
  merging $macc model for $flatten\hdmi.\pixel.$add$/home/matthias/prog/janestreet/emulator-wt-hdmi-ulx3s/prototypes/fpga-ulx3s/../hdmi-ulx3s/rtl/gen/hdmi_pixel.v:798$1927 into $flatten\hdmi.\pixel.$add$/home/matthias/prog/janestreet/emulator-wt-hdmi-ulx3s/prototypes/fpga-ulx3s/../hdmi-ulx3s/rtl/gen/hdmi_pixel.v:799$1928.
  merging $macc model for $flatten\hdmi.\pixel.$add$/home/matthias/prog/janestreet/emulator-wt-hdmi-ulx3s/prototypes/fpga-ulx3s/../hdmi-ulx3s/rtl/gen/hdmi_pixel.v:681$1875 into $flatten\hdmi.\pixel.$add$/home/matthias/prog/janestreet/emulator-wt-hdmi-ulx3s/prototypes/fpga-ulx3s/../hdmi-ulx3s/rtl/gen/hdmi_pixel.v:799$1928.
  merging $macc model for $flatten\hdmi.\pixel.$add$/home/matthias/prog/janestreet/emulator-wt-hdmi-ulx3s/prototypes/fpga-ulx3s/../hdmi-ulx3s/rtl/gen/hdmi_pixel.v:851$1953 into $flatten\hdmi.\pixel.$sub$/home/matthias/prog/janestreet/emulator-wt-hdmi-ulx3s/prototypes/fpga-ulx3s/../hdmi-ulx3s/rtl/gen/hdmi_pixel.v:852$1954.
  merging $macc model for $flatten\hdmi.\pixel.$sub$/home/matthias/prog/janestreet/emulator-wt-hdmi-ulx3s/prototypes/fpga-ulx3s/../hdmi-ulx3s/rtl/gen/hdmi_pixel.v:866$1958 into $flatten\hdmi.\pixel.$add$/home/matthias/prog/janestreet/emulator-wt-hdmi-ulx3s/prototypes/fpga-ulx3s/../hdmi-ulx3s/rtl/gen/hdmi_pixel.v:867$1959.
  merging $macc model for $flatten\hdmi.\pixel.$add$/home/matthias/prog/janestreet/emulator-wt-hdmi-ulx3s/prototypes/fpga-ulx3s/../hdmi-ulx3s/rtl/gen/hdmi_pixel.v:884$1963 into $flatten\hdmi.\pixel.$add$/home/matthias/prog/janestreet/emulator-wt-hdmi-ulx3s/prototypes/fpga-ulx3s/../hdmi-ulx3s/rtl/gen/hdmi_pixel.v:885$1964.
  merging $macc model for $flatten\hdmi.\pixel.$add$/home/matthias/prog/janestreet/emulator-wt-hdmi-ulx3s/prototypes/fpga-ulx3s/../hdmi-ulx3s/rtl/gen/hdmi_pixel.v:877$1962 into $flatten\hdmi.\pixel.$add$/home/matthias/prog/janestreet/emulator-wt-hdmi-ulx3s/prototypes/fpga-ulx3s/../hdmi-ulx3s/rtl/gen/hdmi_pixel.v:885$1964.
  merging $macc model for $flatten\hdmi.\pixel.$add$/home/matthias/prog/janestreet/emulator-wt-hdmi-ulx3s/prototypes/fpga-ulx3s/../hdmi-ulx3s/rtl/gen/hdmi_pixel.v:941$1990 into $flatten\hdmi.\pixel.$add$/home/matthias/prog/janestreet/emulator-wt-hdmi-ulx3s/prototypes/fpga-ulx3s/../hdmi-ulx3s/rtl/gen/hdmi_pixel.v:942$1991.
  merging $macc model for $flatten\hdmi.\pixel.$add$/home/matthias/prog/janestreet/emulator-wt-hdmi-ulx3s/prototypes/fpga-ulx3s/../hdmi-ulx3s/rtl/gen/hdmi_pixel.v:934$1989 into $flatten\hdmi.\pixel.$add$/home/matthias/prog/janestreet/emulator-wt-hdmi-ulx3s/prototypes/fpga-ulx3s/../hdmi-ulx3s/rtl/gen/hdmi_pixel.v:942$1991.
  merging $macc model for $flatten\hdmi.\pixel.$add$/home/matthias/prog/janestreet/emulator-wt-hdmi-ulx3s/prototypes/fpga-ulx3s/../hdmi-ulx3s/rtl/gen/hdmi_pixel.v:972$2003 into $flatten\hdmi.\pixel.$add$/home/matthias/prog/janestreet/emulator-wt-hdmi-ulx3s/prototypes/fpga-ulx3s/../hdmi-ulx3s/rtl/gen/hdmi_pixel.v:973$2004.
  merging $macc model for $flatten\hdmi.\pixel.$add$/home/matthias/prog/janestreet/emulator-wt-hdmi-ulx3s/prototypes/fpga-ulx3s/../hdmi-ulx3s/rtl/gen/hdmi_pixel.v:949$1992 into $flatten\hdmi.\pixel.$add$/home/matthias/prog/janestreet/emulator-wt-hdmi-ulx3s/prototypes/fpga-ulx3s/../hdmi-ulx3s/rtl/gen/hdmi_pixel.v:973$2004.
  merging $macc model for $flatten\hdmi.\pixel.$add$/home/matthias/prog/janestreet/emulator-wt-hdmi-ulx3s/prototypes/fpga-ulx3s/../hdmi-ulx3s/rtl/gen/hdmi_pixel.v:973$2004 into $flatten\hdmi.\pixel.$add$/home/matthias/prog/janestreet/emulator-wt-hdmi-ulx3s/prototypes/fpga-ulx3s/../hdmi-ulx3s/rtl/gen/hdmi_pixel.v:974$2005.
  merging $macc model for $flatten\hdmi.\pixel.$add$/home/matthias/prog/janestreet/emulator-wt-hdmi-ulx3s/prototypes/fpga-ulx3s/../hdmi-ulx3s/rtl/gen/hdmi_pixel.v:942$1991 into $flatten\hdmi.\pixel.$add$/home/matthias/prog/janestreet/emulator-wt-hdmi-ulx3s/prototypes/fpga-ulx3s/../hdmi-ulx3s/rtl/gen/hdmi_pixel.v:974$2005.
  merging $macc model for $flatten\hdmi.\pixel.$add$/home/matthias/prog/janestreet/emulator-wt-hdmi-ulx3s/prototypes/fpga-ulx3s/../hdmi-ulx3s/rtl/gen/hdmi_pixel.v:989$2009 into $flatten\hdmi.\pixel.$add$/home/matthias/prog/janestreet/emulator-wt-hdmi-ulx3s/prototypes/fpga-ulx3s/../hdmi-ulx3s/rtl/gen/hdmi_pixel.v:990$2010.
  merging $macc model for $flatten\hdmi.\pixel.$add$/home/matthias/prog/janestreet/emulator-wt-hdmi-ulx3s/prototypes/fpga-ulx3s/../hdmi-ulx3s/rtl/gen/hdmi_pixel.v:892$1965 into $flatten\hdmi.\pixel.$add$/home/matthias/prog/janestreet/emulator-wt-hdmi-ulx3s/prototypes/fpga-ulx3s/../hdmi-ulx3s/rtl/gen/hdmi_pixel.v:990$2010.
  merging $macc model for $flatten\hdmi.\pixel.$add$/home/matthias/prog/janestreet/emulator-wt-hdmi-ulx3s/prototypes/fpga-ulx3s/../hdmi-ulx3s/rtl/gen/hdmi_pixel.v:990$2010 into $flatten\hdmi.\pixel.$add$/home/matthias/prog/janestreet/emulator-wt-hdmi-ulx3s/prototypes/fpga-ulx3s/../hdmi-ulx3s/rtl/gen/hdmi_pixel.v:991$2011.
  merging $macc model for $flatten\hdmi.\pixel.$add$/home/matthias/prog/janestreet/emulator-wt-hdmi-ulx3s/prototypes/fpga-ulx3s/../hdmi-ulx3s/rtl/gen/hdmi_pixel.v:885$1964 into $flatten\hdmi.\pixel.$add$/home/matthias/prog/janestreet/emulator-wt-hdmi-ulx3s/prototypes/fpga-ulx3s/../hdmi-ulx3s/rtl/gen/hdmi_pixel.v:991$2011.
  merging $macc model for $flatten\hdmi.\pixel.$add$/home/matthias/prog/janestreet/emulator-wt-hdmi-ulx3s/prototypes/fpga-ulx3s/../hdmi-ulx3s/rtl/gen/hdmi_pixel.v:1042$2036 into $flatten\hdmi.\pixel.$sub$/home/matthias/prog/janestreet/emulator-wt-hdmi-ulx3s/prototypes/fpga-ulx3s/../hdmi-ulx3s/rtl/gen/hdmi_pixel.v:1043$2037.
  merging $macc model for $flatten\hdmi.\pixel.$sub$/home/matthias/prog/janestreet/emulator-wt-hdmi-ulx3s/prototypes/fpga-ulx3s/../hdmi-ulx3s/rtl/gen/hdmi_pixel.v:1058$2041 into $flatten\hdmi.\pixel.$add$/home/matthias/prog/janestreet/emulator-wt-hdmi-ulx3s/prototypes/fpga-ulx3s/../hdmi-ulx3s/rtl/gen/hdmi_pixel.v:1059$2042.
  merging $macc model for $flatten\hdmi.\pixel.$add$/home/matthias/prog/janestreet/emulator-wt-hdmi-ulx3s/prototypes/fpga-ulx3s/../hdmi-ulx3s/rtl/gen/hdmi_pixel.v:1076$2046 into $flatten\hdmi.\pixel.$add$/home/matthias/prog/janestreet/emulator-wt-hdmi-ulx3s/prototypes/fpga-ulx3s/../hdmi-ulx3s/rtl/gen/hdmi_pixel.v:1077$2047.
  merging $macc model for $flatten\hdmi.\pixel.$add$/home/matthias/prog/janestreet/emulator-wt-hdmi-ulx3s/prototypes/fpga-ulx3s/../hdmi-ulx3s/rtl/gen/hdmi_pixel.v:1069$2045 into $flatten\hdmi.\pixel.$add$/home/matthias/prog/janestreet/emulator-wt-hdmi-ulx3s/prototypes/fpga-ulx3s/../hdmi-ulx3s/rtl/gen/hdmi_pixel.v:1077$2047.
  merging $macc model for $flatten\hdmi.\pixel.$add$/home/matthias/prog/janestreet/emulator-wt-hdmi-ulx3s/prototypes/fpga-ulx3s/../hdmi-ulx3s/rtl/gen/hdmi_pixel.v:1133$2073 into $flatten\hdmi.\pixel.$add$/home/matthias/prog/janestreet/emulator-wt-hdmi-ulx3s/prototypes/fpga-ulx3s/../hdmi-ulx3s/rtl/gen/hdmi_pixel.v:1134$2074.
  merging $macc model for $flatten\hdmi.\pixel.$add$/home/matthias/prog/janestreet/emulator-wt-hdmi-ulx3s/prototypes/fpga-ulx3s/../hdmi-ulx3s/rtl/gen/hdmi_pixel.v:1126$2072 into $flatten\hdmi.\pixel.$add$/home/matthias/prog/janestreet/emulator-wt-hdmi-ulx3s/prototypes/fpga-ulx3s/../hdmi-ulx3s/rtl/gen/hdmi_pixel.v:1134$2074.
  merging $macc model for $flatten\hdmi.\pixel.$add$/home/matthias/prog/janestreet/emulator-wt-hdmi-ulx3s/prototypes/fpga-ulx3s/../hdmi-ulx3s/rtl/gen/hdmi_pixel.v:1184$2093 into $flatten\hdmi.\pixel.$add$/home/matthias/prog/janestreet/emulator-wt-hdmi-ulx3s/prototypes/fpga-ulx3s/../hdmi-ulx3s/rtl/gen/hdmi_pixel.v:1185$2094.
  merging $macc model for $flatten\hdmi.\pixel.$add$/home/matthias/prog/janestreet/emulator-wt-hdmi-ulx3s/prototypes/fpga-ulx3s/../hdmi-ulx3s/rtl/gen/hdmi_pixel.v:1185$2094 into $flatten\hdmi.\pixel.$add$/home/matthias/prog/janestreet/emulator-wt-hdmi-ulx3s/prototypes/fpga-ulx3s/../hdmi-ulx3s/rtl/gen/hdmi_pixel.v:1186$2095.
  merging $macc model for $flatten\hdmi.\pixel.$add$/home/matthias/prog/janestreet/emulator-wt-hdmi-ulx3s/prototypes/fpga-ulx3s/../hdmi-ulx3s/rtl/gen/hdmi_pixel.v:1186$2095 into $flatten\hdmi.\pixel.$add$/home/matthias/prog/janestreet/emulator-wt-hdmi-ulx3s/prototypes/fpga-ulx3s/../hdmi-ulx3s/rtl/gen/hdmi_pixel.v:1187$2096.
  merging $macc model for $flatten\hdmi.\pixel.$add$/home/matthias/prog/janestreet/emulator-wt-hdmi-ulx3s/prototypes/fpga-ulx3s/../hdmi-ulx3s/rtl/gen/hdmi_pixel.v:1187$2096 into $flatten\hdmi.\pixel.$add$/home/matthias/prog/janestreet/emulator-wt-hdmi-ulx3s/prototypes/fpga-ulx3s/../hdmi-ulx3s/rtl/gen/hdmi_pixel.v:1188$2097.
  merging $macc model for $flatten\hdmi.\pixel.$add$/home/matthias/prog/janestreet/emulator-wt-hdmi-ulx3s/prototypes/fpga-ulx3s/../hdmi-ulx3s/rtl/gen/hdmi_pixel.v:1188$2097 into $flatten\hdmi.\pixel.$add$/home/matthias/prog/janestreet/emulator-wt-hdmi-ulx3s/prototypes/fpga-ulx3s/../hdmi-ulx3s/rtl/gen/hdmi_pixel.v:1189$2098.
  merging $macc model for $flatten\hdmi.\pixel.$add$/home/matthias/prog/janestreet/emulator-wt-hdmi-ulx3s/prototypes/fpga-ulx3s/../hdmi-ulx3s/rtl/gen/hdmi_pixel.v:1235$2125 into $flatten\hdmi.\pixel.$add$/home/matthias/prog/janestreet/emulator-wt-hdmi-ulx3s/prototypes/fpga-ulx3s/../hdmi-ulx3s/rtl/gen/hdmi_pixel.v:1236$2126.
  merging $macc model for $flatten\hdmi.\pixel.$add$/home/matthias/prog/janestreet/emulator-wt-hdmi-ulx3s/prototypes/fpga-ulx3s/../hdmi-ulx3s/rtl/gen/hdmi_pixel.v:1141$2075 into $flatten\hdmi.\pixel.$add$/home/matthias/prog/janestreet/emulator-wt-hdmi-ulx3s/prototypes/fpga-ulx3s/../hdmi-ulx3s/rtl/gen/hdmi_pixel.v:1236$2126.
  merging $macc model for $flatten\hdmi.\pixel.$add$/home/matthias/prog/janestreet/emulator-wt-hdmi-ulx3s/prototypes/fpga-ulx3s/../hdmi-ulx3s/rtl/gen/hdmi_pixel.v:1236$2126 into $flatten\hdmi.\pixel.$add$/home/matthias/prog/janestreet/emulator-wt-hdmi-ulx3s/prototypes/fpga-ulx3s/../hdmi-ulx3s/rtl/gen/hdmi_pixel.v:1237$2127.
  merging $macc model for $flatten\hdmi.\pixel.$add$/home/matthias/prog/janestreet/emulator-wt-hdmi-ulx3s/prototypes/fpga-ulx3s/../hdmi-ulx3s/rtl/gen/hdmi_pixel.v:1134$2074 into $flatten\hdmi.\pixel.$add$/home/matthias/prog/janestreet/emulator-wt-hdmi-ulx3s/prototypes/fpga-ulx3s/../hdmi-ulx3s/rtl/gen/hdmi_pixel.v:1237$2127.
  merging $macc model for $flatten\hdmi.\pixel.$add$/home/matthias/prog/janestreet/emulator-wt-hdmi-ulx3s/prototypes/fpga-ulx3s/../hdmi-ulx3s/rtl/gen/hdmi_pixel.v:1252$2131 into $flatten\hdmi.\pixel.$add$/home/matthias/prog/janestreet/emulator-wt-hdmi-ulx3s/prototypes/fpga-ulx3s/../hdmi-ulx3s/rtl/gen/hdmi_pixel.v:1253$2132.
  merging $macc model for $flatten\hdmi.\pixel.$add$/home/matthias/prog/janestreet/emulator-wt-hdmi-ulx3s/prototypes/fpga-ulx3s/../hdmi-ulx3s/rtl/gen/hdmi_pixel.v:1084$2048 into $flatten\hdmi.\pixel.$add$/home/matthias/prog/janestreet/emulator-wt-hdmi-ulx3s/prototypes/fpga-ulx3s/../hdmi-ulx3s/rtl/gen/hdmi_pixel.v:1253$2132.
  merging $macc model for $flatten\hdmi.\pixel.$add$/home/matthias/prog/janestreet/emulator-wt-hdmi-ulx3s/prototypes/fpga-ulx3s/../hdmi-ulx3s/rtl/gen/hdmi_pixel.v:1253$2132 into $flatten\hdmi.\pixel.$add$/home/matthias/prog/janestreet/emulator-wt-hdmi-ulx3s/prototypes/fpga-ulx3s/../hdmi-ulx3s/rtl/gen/hdmi_pixel.v:1254$2133.
  merging $macc model for $flatten\hdmi.\pixel.$add$/home/matthias/prog/janestreet/emulator-wt-hdmi-ulx3s/prototypes/fpga-ulx3s/../hdmi-ulx3s/rtl/gen/hdmi_pixel.v:1077$2047 into $flatten\hdmi.\pixel.$add$/home/matthias/prog/janestreet/emulator-wt-hdmi-ulx3s/prototypes/fpga-ulx3s/../hdmi-ulx3s/rtl/gen/hdmi_pixel.v:1254$2133.
  merging $macc model for $flatten\core.\smp.$add$/home/matthias/prog/janestreet/emulator-wt-hdmi-ulx3s/prototypes/fpga-ulx3s/rtl/gen/pin_sampler.v:478$892 into $flatten\core.\smp.$sub$/home/matthias/prog/janestreet/emulator-wt-hdmi-ulx3s/prototypes/fpga-ulx3s/rtl/gen/pin_sampler.v:479$893.
  merging $macc model for $flatten\core.\str.$add$/home/matthias/prog/janestreet/emulator-wt-hdmi-ulx3s/prototypes/fpga-ulx3s/rtl/gen/pin_streamer.v:329$774 into $flatten\core.\str.$sub$/home/matthias/prog/janestreet/emulator-wt-hdmi-ulx3s/prototypes/fpga-ulx3s/rtl/gen/pin_streamer.v:330$775.
  merging $macc model for $flatten\core.$add$/home/matthias/prog/janestreet/emulator-wt-hdmi-ulx3s/prototypes/fpga-ulx3s/rtl/emu_core.v:296$3480 into $flatten\core.$sub$/home/matthias/prog/janestreet/emulator-wt-hdmi-ulx3s/prototypes/fpga-ulx3s/rtl/emu_core.v:296$3482.
  merging $macc model for $flatten\core.$add$/home/matthias/prog/janestreet/emulator-wt-hdmi-ulx3s/prototypes/fpga-ulx3s/rtl/emu_core.v:180$3395 into $flatten\core.$sub$/home/matthias/prog/janestreet/emulator-wt-hdmi-ulx3s/prototypes/fpga-ulx3s/rtl/emu_core.v:180$3397.
  merging $macc model for $flatten\usb.$add$/home/matthias/prog/janestreet/emulator-wt-hdmi-ulx3s/prototypes/fpga-ulx3s/rtl/gen/usb_fs_device.v:1739$1104 into $flatten\usb.$add$/home/matthias/prog/janestreet/emulator-wt-hdmi-ulx3s/prototypes/fpga-ulx3s/rtl/gen/usb_fs_device.v:1740$1105.
  creating $alu model for $macc $flatten\hdmi.\pixel.$sub$/home/matthias/prog/janestreet/emulator-wt-hdmi-ulx3s/prototypes/fpga-ulx3s/../hdmi-ulx3s/rtl/gen/hdmi_pixel.v:1050$2038.
  creating $alu model for $macc $flatten\hdmi.\pixel.$sub$/home/matthias/prog/janestreet/emulator-wt-hdmi-ulx3s/prototypes/fpga-ulx3s/../hdmi-ulx3s/rtl/gen/hdmi_pixel.v:1035$2034.
  creating $alu model for $macc $flatten\hdmi.\pixel.$add$/home/matthias/prog/janestreet/emulator-wt-hdmi-ulx3s/prototypes/fpga-ulx3s/../hdmi-ulx3s/rtl/gen/hdmi_pixel.v:1034$2033.
  creating $alu model for $macc $flatten\hdmi.\pixel.$sub$/home/matthias/prog/janestreet/emulator-wt-hdmi-ulx3s/prototypes/fpga-ulx3s/../hdmi-ulx3s/rtl/gen/hdmi_pixel.v:844$1951.
  creating $alu model for $macc $flatten\hdmi.\pixel.$add$/home/matthias/prog/janestreet/emulator-wt-hdmi-ulx3s/prototypes/fpga-ulx3s/../hdmi-ulx3s/rtl/gen/hdmi_pixel.v:843$1950.
  creating $alu model for $macc $flatten\hdmi.\pixel.$sub$/home/matthias/prog/janestreet/emulator-wt-hdmi-ulx3s/prototypes/fpga-ulx3s/../hdmi-ulx3s/rtl/gen/hdmi_pixel.v:1204$2108.
  creating $alu model for $macc $flatten\hdmi.\pixel.$sub$/home/matthias/prog/janestreet/emulator-wt-hdmi-ulx3s/prototypes/fpga-ulx3s/../hdmi-ulx3s/rtl/gen/hdmi_pixel.v:653$1866.
  creating $alu model for $macc $flatten\hdmi.\pixel.$add$/home/matthias/prog/janestreet/emulator-wt-hdmi-ulx3s/prototypes/fpga-ulx3s/../hdmi-ulx3s/rtl/gen/hdmi_pixel.v:1319$2160.
  creating $alu model for $macc $flatten\hdmi.\pixel.$add$/home/matthias/prog/janestreet/emulator-wt-hdmi-ulx3s/prototypes/fpga-ulx3s/../hdmi-ulx3s/rtl/gen/hdmi_pixel.v:1334$2166.
  creating $alu model for $macc $flatten\hdmi.$add$/home/matthias/prog/janestreet/emulator-wt-hdmi-ulx3s/prototypes/fpga-ulx3s/../hdmi-ulx3s/rtl/hdmi_out.v:30$1837.
  creating $alu model for $macc $flatten\hdmi.$add$/home/matthias/prog/janestreet/emulator-wt-hdmi-ulx3s/prototypes/fpga-ulx3s/../hdmi-ulx3s/rtl/hdmi_out.v:26$1833.
  creating $alu model for $macc $flatten\core.\smp.$add$/home/matthias/prog/janestreet/emulator-wt-hdmi-ulx3s/prototypes/fpga-ulx3s/rtl/gen/pin_sampler.v:262$812.
  creating $alu model for $macc $flatten\core.\smp.$add$/home/matthias/prog/janestreet/emulator-wt-hdmi-ulx3s/prototypes/fpga-ulx3s/rtl/gen/pin_sampler.v:345$837.
  creating $alu model for $macc $flatten\core.\smp.$add$/home/matthias/prog/janestreet/emulator-wt-hdmi-ulx3s/prototypes/fpga-ulx3s/rtl/gen/pin_sampler.v:371$848.
  creating $alu model for $macc $flatten\core.\smp.$sub$/home/matthias/prog/janestreet/emulator-wt-hdmi-ulx3s/prototypes/fpga-ulx3s/rtl/gen/pin_sampler.v:375$851.
  creating $alu model for $macc $flatten\core.\smp.$sub$/home/matthias/prog/janestreet/emulator-wt-hdmi-ulx3s/prototypes/fpga-ulx3s/rtl/gen/pin_sampler.v:376$852.
  creating $alu model for $macc $flatten\core.\smp.$add$/home/matthias/prog/janestreet/emulator-wt-hdmi-ulx3s/prototypes/fpga-ulx3s/rtl/gen/pin_sampler.v:455$877.
  creating $alu model for $macc $flatten\hdmi.\pixel.$sub$/home/matthias/prog/janestreet/emulator-wt-hdmi-ulx3s/prototypes/fpga-ulx3s/../hdmi-ulx3s/rtl/gen/hdmi_pixel.v:858$1955.
  creating $alu model for $macc $flatten\core.\str.$add$/home/matthias/prog/janestreet/emulator-wt-hdmi-ulx3s/prototypes/fpga-ulx3s/rtl/gen/pin_streamer.v:275$758.
  creating $alu model for $macc $flatten\core.\str.$add$/home/matthias/prog/janestreet/emulator-wt-hdmi-ulx3s/prototypes/fpga-ulx3s/rtl/gen/pin_streamer.v:295$764.
  creating $alu model for $macc $flatten\hdmi.\pixel.$sub$/home/matthias/prog/janestreet/emulator-wt-hdmi-ulx3s/prototypes/fpga-ulx3s/../hdmi-ulx3s/rtl/gen/hdmi_pixel.v:637$1862.
  creating $alu model for $macc $flatten\core.\str.$sub$/home/matthias/prog/janestreet/emulator-wt-hdmi-ulx3s/prototypes/fpga-ulx3s/rtl/gen/pin_streamer.v:341$779.
  creating $alu model for $macc $flatten\core.\str.$sub$/home/matthias/prog/janestreet/emulator-wt-hdmi-ulx3s/prototypes/fpga-ulx3s/rtl/gen/pin_streamer.v:359$788.
  creating $alu model for $macc $flatten\core.\str.$sub$/home/matthias/prog/janestreet/emulator-wt-hdmi-ulx3s/prototypes/fpga-ulx3s/rtl/gen/pin_streamer.v:360$789.
  creating $alu model for $macc $flatten\usb.$sub$/home/matthias/prog/janestreet/emulator-wt-hdmi-ulx3s/prototypes/fpga-ulx3s/rtl/gen/usb_fs_device.v:2443$1496.
  creating $alu model for $macc $flatten\usb.$add$/home/matthias/prog/janestreet/emulator-wt-hdmi-ulx3s/prototypes/fpga-ulx3s/rtl/gen/usb_fs_device.v:2131$1291.
  creating $alu model for $macc $flatten\core.\seq.$sub$/home/matthias/prog/janestreet/emulator-wt-hdmi-ulx3s/prototypes/fpga-ulx3s/rtl/gen/deadline_sequencer.v:1039$656.
  creating $alu model for $macc $flatten\core.\seq.$sub$/home/matthias/prog/janestreet/emulator-wt-hdmi-ulx3s/prototypes/fpga-ulx3s/rtl/gen/deadline_sequencer.v:1095$673.
  creating $alu model for $macc $flatten\core.\seq.$add$/home/matthias/prog/janestreet/emulator-wt-hdmi-ulx3s/prototypes/fpga-ulx3s/rtl/gen/deadline_sequencer.v:1170$697.
  creating $alu model for $macc $flatten\core.\seq.$add$/home/matthias/prog/janestreet/emulator-wt-hdmi-ulx3s/prototypes/fpga-ulx3s/rtl/gen/deadline_sequencer.v:1221$716.
  creating $alu model for $macc $flatten\core.\utx.$sub$/home/matthias/prog/janestreet/emulator-wt-hdmi-ulx3s/prototypes/fpga-ulx3s/rtl/emu_core.v:94$2870.
  creating $alu model for $macc $flatten\core.\utx.$add$/home/matthias/prog/janestreet/emulator-wt-hdmi-ulx3s/prototypes/fpga-ulx3s/rtl/emu_core.v:98$2872.
  creating $alu model for $macc $flatten\core.\urx.$sub$/home/matthias/prog/janestreet/emulator-wt-hdmi-ulx3s/prototypes/fpga-ulx3s/rtl/emu_core.v:62$2882.
  creating $alu model for $macc $flatten\core.\urx.$add$/home/matthias/prog/janestreet/emulator-wt-hdmi-ulx3s/prototypes/fpga-ulx3s/rtl/emu_core.v:65$2883.
  creating $alu model for $macc $flatten\usb.$add$/home/matthias/prog/janestreet/emulator-wt-hdmi-ulx3s/prototypes/fpga-ulx3s/rtl/gen/usb_fs_device.v:2045$1234.
  creating $alu model for $macc $flatten\usb.$add$/home/matthias/prog/janestreet/emulator-wt-hdmi-ulx3s/prototypes/fpga-ulx3s/rtl/gen/usb_fs_device.v:2010$1205.
  creating $alu model for $macc $flatten\usb.$add$/home/matthias/prog/janestreet/emulator-wt-hdmi-ulx3s/prototypes/fpga-ulx3s/rtl/gen/usb_fs_device.v:1974$1178.
  creating $alu model for $macc $flatten\usb.$add$/home/matthias/prog/janestreet/emulator-wt-hdmi-ulx3s/prototypes/fpga-ulx3s/rtl/gen/usb_fs_device.v:1414$974.
  creating $alu model for $macc $flatten\usb.$add$/home/matthias/prog/janestreet/emulator-wt-hdmi-ulx3s/prototypes/fpga-ulx3s/rtl/gen/usb_fs_device.v:1917$1154.
  creating $alu model for $macc $flatten\core.$sub$/home/matthias/prog/janestreet/emulator-wt-hdmi-ulx3s/prototypes/fpga-ulx3s/rtl/emu_core.v:249$3618.
  creating $alu model for $macc $flatten\core.$sub$/home/matthias/prog/janestreet/emulator-wt-hdmi-ulx3s/prototypes/fpga-ulx3s/rtl/emu_core.v:254$3614.
  creating $alu model for $macc $flatten\core.$add$/home/matthias/prog/janestreet/emulator-wt-hdmi-ulx3s/prototypes/fpga-ulx3s/rtl/emu_core.v:489$3600.
  creating $alu model for $macc $flatten\core.$sub$/home/matthias/prog/janestreet/emulator-wt-hdmi-ulx3s/prototypes/fpga-ulx3s/rtl/emu_core.v:482$3598.
  creating $alu model for $macc $flatten\core.$sub$/home/matthias/prog/janestreet/emulator-wt-hdmi-ulx3s/prototypes/fpga-ulx3s/rtl/emu_core.v:449$3580.
  creating $alu model for $macc $flatten\core.$add$/home/matthias/prog/janestreet/emulator-wt-hdmi-ulx3s/prototypes/fpga-ulx3s/rtl/emu_core.v:436$3551.
  creating $alu model for $macc $flatten\core.$sub$/home/matthias/prog/janestreet/emulator-wt-hdmi-ulx3s/prototypes/fpga-ulx3s/rtl/emu_core.v:435$3546.
  creating $alu model for $macc $flatten\core.$add$/home/matthias/prog/janestreet/emulator-wt-hdmi-ulx3s/prototypes/fpga-ulx3s/rtl/emu_core.v:402$3534.
  creating $alu model for $macc $flatten\core.\smp.$add$/home/matthias/prog/janestreet/emulator-wt-hdmi-ulx3s/prototypes/fpga-ulx3s/rtl/gen/pin_sampler.v:212$798.
  creating $alu model for $macc $flatten\core.$add$/home/matthias/prog/janestreet/emulator-wt-hdmi-ulx3s/prototypes/fpga-ulx3s/rtl/emu_core.v:377$3513.
  creating $alu model for $macc $flatten\core.$add$/home/matthias/prog/janestreet/emulator-wt-hdmi-ulx3s/prototypes/fpga-ulx3s/rtl/emu_core.v:354$3505.
  creating $alu model for $macc $flatten\hdmi.\pixel.$add$/home/matthias/prog/janestreet/emulator-wt-hdmi-ulx3s/prototypes/fpga-ulx3s/../hdmi-ulx3s/rtl/gen/hdmi_pixel.v:636$1861.
  creating $alu model for $macc $flatten\usb.$add$/home/matthias/prog/janestreet/emulator-wt-hdmi-ulx3s/prototypes/fpga-ulx3s/rtl/gen/usb_fs_device.v:2243$1374.
  creating $alu model for $macc $flatten\core.$add$/home/matthias/prog/janestreet/emulator-wt-hdmi-ulx3s/prototypes/fpga-ulx3s/rtl/emu_core.v:295$3476.
  creating $alu model for $macc $flatten\core.$add$/home/matthias/prog/janestreet/emulator-wt-hdmi-ulx3s/prototypes/fpga-ulx3s/rtl/emu_core.v:294$3475.
  creating $alu model for $macc $flatten\core.$add$/home/matthias/prog/janestreet/emulator-wt-hdmi-ulx3s/prototypes/fpga-ulx3s/rtl/emu_core.v:260$3435.
  creating $alu model for $macc $flatten\core.$sub$/home/matthias/prog/janestreet/emulator-wt-hdmi-ulx3s/prototypes/fpga-ulx3s/rtl/emu_core.v:186$3400.
  creating $alu model for $macc $flatten\hdmi.\serial.$add$/home/matthias/prog/janestreet/emulator-wt-hdmi-ulx3s/prototypes/fpga-ulx3s/../hdmi-ulx3s/rtl/gen/hdmi_serial_ddr.v:194$2197.
  creating $alu model for $macc $flatten\core.$add$/home/matthias/prog/janestreet/emulator-wt-hdmi-ulx3s/prototypes/fpga-ulx3s/rtl/emu_core.v:179$3391.
  creating $alu model for $macc $flatten\core.$add$/home/matthias/prog/janestreet/emulator-wt-hdmi-ulx3s/prototypes/fpga-ulx3s/rtl/emu_core.v:178$3390.
  creating $alu model for $macc $add$/home/matthias/prog/janestreet/emulator-wt-hdmi-ulx3s/prototypes/fpga-ulx3s/rtl/ulx3s_top.v:156$13.
  creating $alu model for $macc $flatten\usb.$sub$/home/matthias/prog/janestreet/emulator-wt-hdmi-ulx3s/prototypes/fpga-ulx3s/rtl/gen/usb_fs_device.v:2343$1432.
  creating $alu model for $macc $flatten\usb.$sub$/home/matthias/prog/janestreet/emulator-wt-hdmi-ulx3s/prototypes/fpga-ulx3s/rtl/gen/usb_fs_device.v:1685$1093.
  creating $alu model for $macc $flatten\usb.$add$/home/matthias/prog/janestreet/emulator-wt-hdmi-ulx3s/prototypes/fpga-ulx3s/rtl/gen/usb_fs_device.v:3104$1795.
  creating $alu model for $macc $flatten\usb.$add$/home/matthias/prog/janestreet/emulator-wt-hdmi-ulx3s/prototypes/fpga-ulx3s/rtl/gen/usb_fs_device.v:3043$1776.
  creating $alu model for $macc $flatten\usb.$add$/home/matthias/prog/janestreet/emulator-wt-hdmi-ulx3s/prototypes/fpga-ulx3s/rtl/gen/usb_fs_device.v:2952$1714.
  creating $alu model for $macc $flatten\usb.$add$/home/matthias/prog/janestreet/emulator-wt-hdmi-ulx3s/prototypes/fpga-ulx3s/rtl/gen/usb_fs_device.v:2931$1699.
  creating $alu model for $macc $flatten\usb.$add$/home/matthias/prog/janestreet/emulator-wt-hdmi-ulx3s/prototypes/fpga-ulx3s/rtl/gen/usb_fs_device.v:2902$1679.
  creating $macc cell for $flatten\hdmi.\pixel.$add$/home/matthias/prog/janestreet/emulator-wt-hdmi-ulx3s/prototypes/fpga-ulx3s/../hdmi-ulx3s/rtl/gen/hdmi_pixel.v:799$1928: $auto$alumacc.cc:399:replace_macc$7429
  creating $macc cell for $flatten\hdmi.\pixel.$add$/home/matthias/prog/janestreet/emulator-wt-hdmi-ulx3s/prototypes/fpga-ulx3s/../hdmi-ulx3s/rtl/gen/hdmi_pixel.v:974$2005: $auto$alumacc.cc:399:replace_macc$7430
  creating $macc cell for $flatten\core.\str.$sub$/home/matthias/prog/janestreet/emulator-wt-hdmi-ulx3s/prototypes/fpga-ulx3s/rtl/gen/pin_streamer.v:330$775: $auto$alumacc.cc:399:replace_macc$7431
  creating $macc cell for $flatten\hdmi.\pixel.$add$/home/matthias/prog/janestreet/emulator-wt-hdmi-ulx3s/prototypes/fpga-ulx3s/../hdmi-ulx3s/rtl/gen/hdmi_pixel.v:1189$2098: $auto$alumacc.cc:399:replace_macc$7432
  creating $macc cell for $flatten\hdmi.\pixel.$add$/home/matthias/prog/janestreet/emulator-wt-hdmi-ulx3s/prototypes/fpga-ulx3s/../hdmi-ulx3s/rtl/gen/hdmi_pixel.v:1254$2133: $auto$alumacc.cc:399:replace_macc$7433
  creating $macc cell for $flatten\core.$sub$/home/matthias/prog/janestreet/emulator-wt-hdmi-ulx3s/prototypes/fpga-ulx3s/rtl/emu_core.v:180$3397: $auto$alumacc.cc:399:replace_macc$7434
  creating $macc cell for $flatten\hdmi.\pixel.$sub$/home/matthias/prog/janestreet/emulator-wt-hdmi-ulx3s/prototypes/fpga-ulx3s/../hdmi-ulx3s/rtl/gen/hdmi_pixel.v:1043$2037: $auto$alumacc.cc:399:replace_macc$7435
  creating $macc cell for $flatten\core.\smp.$sub$/home/matthias/prog/janestreet/emulator-wt-hdmi-ulx3s/prototypes/fpga-ulx3s/rtl/gen/pin_sampler.v:479$893: $auto$alumacc.cc:399:replace_macc$7436
  creating $macc cell for $flatten\hdmi.\pixel.$add$/home/matthias/prog/janestreet/emulator-wt-hdmi-ulx3s/prototypes/fpga-ulx3s/../hdmi-ulx3s/rtl/gen/hdmi_pixel.v:662$1870: $auto$alumacc.cc:399:replace_macc$7437
  creating $macc cell for $flatten\usb.$add$/home/matthias/prog/janestreet/emulator-wt-hdmi-ulx3s/prototypes/fpga-ulx3s/rtl/gen/usb_fs_device.v:1740$1105: $auto$alumacc.cc:399:replace_macc$7438
  creating $macc cell for $flatten\core.$sub$/home/matthias/prog/janestreet/emulator-wt-hdmi-ulx3s/prototypes/fpga-ulx3s/rtl/emu_core.v:296$3482: $auto$alumacc.cc:399:replace_macc$7439
  creating $macc cell for $flatten\hdmi.\pixel.$sub$/home/matthias/prog/janestreet/emulator-wt-hdmi-ulx3s/prototypes/fpga-ulx3s/../hdmi-ulx3s/rtl/gen/hdmi_pixel.v:852$1954: $auto$alumacc.cc:399:replace_macc$7440
  creating $macc cell for $flatten\hdmi.\pixel.$add$/home/matthias/prog/janestreet/emulator-wt-hdmi-ulx3s/prototypes/fpga-ulx3s/../hdmi-ulx3s/rtl/gen/hdmi_pixel.v:1237$2127: $auto$alumacc.cc:399:replace_macc$7441
  creating $macc cell for $flatten\hdmi.\pixel.$add$/home/matthias/prog/janestreet/emulator-wt-hdmi-ulx3s/prototypes/fpga-ulx3s/../hdmi-ulx3s/rtl/gen/hdmi_pixel.v:782$1922: $auto$alumacc.cc:399:replace_macc$7442
  creating $macc cell for $flatten\hdmi.\pixel.$add$/home/matthias/prog/janestreet/emulator-wt-hdmi-ulx3s/prototypes/fpga-ulx3s/../hdmi-ulx3s/rtl/gen/hdmi_pixel.v:991$2011: $auto$alumacc.cc:399:replace_macc$7443
  creating $macc cell for $flatten\hdmi.\pixel.$add$/home/matthias/prog/janestreet/emulator-wt-hdmi-ulx3s/prototypes/fpga-ulx3s/../hdmi-ulx3s/rtl/gen/hdmi_pixel.v:1059$2042: $auto$alumacc.cc:399:replace_macc$7444
  creating $macc cell for $flatten\hdmi.\pixel.$sub$/home/matthias/prog/janestreet/emulator-wt-hdmi-ulx3s/prototypes/fpga-ulx3s/../hdmi-ulx3s/rtl/gen/hdmi_pixel.v:646$1865: $auto$alumacc.cc:399:replace_macc$7445
  creating $macc cell for $flatten\hdmi.\pixel.$add$/home/matthias/prog/janestreet/emulator-wt-hdmi-ulx3s/prototypes/fpga-ulx3s/../hdmi-ulx3s/rtl/gen/hdmi_pixel.v:867$1959: $auto$alumacc.cc:399:replace_macc$7446
  creating $alu model for $flatten\usb.$lt$/home/matthias/prog/janestreet/emulator-wt-hdmi-ulx3s/prototypes/fpga-ulx3s/rtl/gen/usb_fs_device.v:2344$1433 ($lt): new $alu
  creating $alu model for $flatten\core.$lt$/home/matthias/prog/janestreet/emulator-wt-hdmi-ulx3s/prototypes/fpga-ulx3s/rtl/emu_core.v:366$3506 ($lt): new $alu
  creating $alu model for $flatten\usb.$lt$/home/matthias/prog/janestreet/emulator-wt-hdmi-ulx3s/prototypes/fpga-ulx3s/rtl/gen/usb_fs_device.v:1922$1157 ($lt): new $alu
  creating $alu model for $flatten\usb.$lt$/home/matthias/prog/janestreet/emulator-wt-hdmi-ulx3s/prototypes/fpga-ulx3s/rtl/gen/usb_fs_device.v:1924$1159 ($lt): merged with $flatten\usb.$sub$/home/matthias/prog/janestreet/emulator-wt-hdmi-ulx3s/prototypes/fpga-ulx3s/rtl/gen/usb_fs_device.v:1685$1093.
  creating $alu model for $flatten\usb.$lt$/home/matthias/prog/janestreet/emulator-wt-hdmi-ulx3s/prototypes/fpga-ulx3s/rtl/gen/usb_fs_device.v:2315$1416 ($lt): new $alu
  creating $alu model for $flatten\usb.$lt$/home/matthias/prog/janestreet/emulator-wt-hdmi-ulx3s/prototypes/fpga-ulx3s/rtl/gen/usb_fs_device.v:2042$1231 ($lt): new $alu
  creating $alu model for $flatten\core.\str.$lt$/home/matthias/prog/janestreet/emulator-wt-hdmi-ulx3s/prototypes/fpga-ulx3s/rtl/gen/pin_streamer.v:237$748 ($lt): new $alu
  creating $alu model for $flatten\core.\smp.$lt$/home/matthias/prog/janestreet/emulator-wt-hdmi-ulx3s/prototypes/fpga-ulx3s/rtl/gen/pin_sampler.v:456$878 ($lt): new $alu
  creating $alu model for $flatten\hdmi.\pixel.$lt$/home/matthias/prog/janestreet/emulator-wt-hdmi-ulx3s/prototypes/fpga-ulx3s/../hdmi-ulx3s/rtl/gen/hdmi_pixel.v:1345$2170 ($lt): new $alu
  creating $alu model for $flatten\hdmi.\pixel.$lt$/home/matthias/prog/janestreet/emulator-wt-hdmi-ulx3s/prototypes/fpga-ulx3s/../hdmi-ulx3s/rtl/gen/hdmi_pixel.v:1331$2165 ($lt): new $alu
  creating $alu model for $flatten\hdmi.\pixel.$lt$/home/matthias/prog/janestreet/emulator-wt-hdmi-ulx3s/prototypes/fpga-ulx3s/../hdmi-ulx3s/rtl/gen/hdmi_pixel.v:1294$2154 ($lt): new $alu
  creating $alu model for $flatten\hdmi.\pixel.$lt$/home/matthias/prog/janestreet/emulator-wt-hdmi-ulx3s/prototypes/fpga-ulx3s/../hdmi-ulx3s/rtl/gen/hdmi_pixel.v:1292$2153 ($lt): new $alu
  creating $alu model for $flatten\hdmi.\pixel.$lt$/home/matthias/prog/janestreet/emulator-wt-hdmi-ulx3s/prototypes/fpga-ulx3s/../hdmi-ulx3s/rtl/gen/hdmi_pixel.v:1281$2148 ($lt): new $alu
  creating $alu model for $flatten\hdmi.\pixel.$lt$/home/matthias/prog/janestreet/emulator-wt-hdmi-ulx3s/prototypes/fpga-ulx3s/../hdmi-ulx3s/rtl/gen/hdmi_pixel.v:1279$2147 ($lt): new $alu
  creating $alu model for $flatten\hdmi.\pixel.$lt$/home/matthias/prog/janestreet/emulator-wt-hdmi-ulx3s/prototypes/fpga-ulx3s/../hdmi-ulx3s/rtl/gen/hdmi_pixel.v:1214$2114 ($lt): new $alu
  creating $alu model for $flatten\hdmi.\pixel.$lt$/home/matthias/prog/janestreet/emulator-wt-hdmi-ulx3s/prototypes/fpga-ulx3s/../hdmi-ulx3s/rtl/gen/hdmi_pixel.v:1212$2112 ($lt): new $alu
  creating $alu model for $flatten\hdmi.\pixel.$lt$/home/matthias/prog/janestreet/emulator-wt-hdmi-ulx3s/prototypes/fpga-ulx3s/../hdmi-ulx3s/rtl/gen/hdmi_pixel.v:1210$2110 ($lt): merged with $flatten\hdmi.\pixel.$sub$/home/matthias/prog/janestreet/emulator-wt-hdmi-ulx3s/prototypes/fpga-ulx3s/../hdmi-ulx3s/rtl/gen/hdmi_pixel.v:1204$2108.
  creating $alu model for $flatten\hdmi.\pixel.$lt$/home/matthias/prog/janestreet/emulator-wt-hdmi-ulx3s/prototypes/fpga-ulx3s/../hdmi-ulx3s/rtl/gen/hdmi_pixel.v:1180$2091 ($lt): new $alu
  creating $alu model for $flatten\hdmi.\pixel.$lt$/home/matthias/prog/janestreet/emulator-wt-hdmi-ulx3s/prototypes/fpga-ulx3s/../hdmi-ulx3s/rtl/gen/hdmi_pixel.v:1175$2089 ($lt): new $alu
  creating $alu model for $flatten\hdmi.\pixel.$lt$/home/matthias/prog/janestreet/emulator-wt-hdmi-ulx3s/prototypes/fpga-ulx3s/../hdmi-ulx3s/rtl/gen/hdmi_pixel.v:1171$2087 ($lt): new $alu
  creating $alu model for $flatten\hdmi.\pixel.$lt$/home/matthias/prog/janestreet/emulator-wt-hdmi-ulx3s/prototypes/fpga-ulx3s/../hdmi-ulx3s/rtl/gen/hdmi_pixel.v:1162$2083 ($lt): new $alu
  creating $alu model for $flatten\hdmi.\pixel.$lt$/home/matthias/prog/janestreet/emulator-wt-hdmi-ulx3s/prototypes/fpga-ulx3s/../hdmi-ulx3s/rtl/gen/hdmi_pixel.v:1157$2081 ($lt): new $alu
  creating $alu model for $flatten\hdmi.\pixel.$lt$/home/matthias/prog/janestreet/emulator-wt-hdmi-ulx3s/prototypes/fpga-ulx3s/../hdmi-ulx3s/rtl/gen/hdmi_pixel.v:1151$2079 ($lt): new $alu
  creating $alu model for $flatten\core.$eq$/home/matthias/prog/janestreet/emulator-wt-hdmi-ulx3s/prototypes/fpga-ulx3s/rtl/emu_core.v:450$3581 ($eq): merged with $flatten\core.$sub$/home/matthias/prog/janestreet/emulator-wt-hdmi-ulx3s/prototypes/fpga-ulx3s/rtl/emu_core.v:449$3580.
  creating $alu model for $flatten\usb.$eq$/home/matthias/prog/janestreet/emulator-wt-hdmi-ulx3s/prototypes/fpga-ulx3s/rtl/gen/usb_fs_device.v:2188$1340 ($eq): merged with $flatten\usb.$sub$/home/matthias/prog/janestreet/emulator-wt-hdmi-ulx3s/prototypes/fpga-ulx3s/rtl/gen/usb_fs_device.v:2443$1496.
  creating $alu cell for $flatten\hdmi.\pixel.$lt$/home/matthias/prog/janestreet/emulator-wt-hdmi-ulx3s/prototypes/fpga-ulx3s/../hdmi-ulx3s/rtl/gen/hdmi_pixel.v:1151$2079: $auto$alumacc.cc:548:replace_alu$7468
  creating $alu cell for $flatten\hdmi.\pixel.$lt$/home/matthias/prog/janestreet/emulator-wt-hdmi-ulx3s/prototypes/fpga-ulx3s/../hdmi-ulx3s/rtl/gen/hdmi_pixel.v:1157$2081: $auto$alumacc.cc:548:replace_alu$7473
  creating $alu cell for $flatten\hdmi.\pixel.$lt$/home/matthias/prog/janestreet/emulator-wt-hdmi-ulx3s/prototypes/fpga-ulx3s/../hdmi-ulx3s/rtl/gen/hdmi_pixel.v:1162$2083: $auto$alumacc.cc:548:replace_alu$7478
  creating $alu cell for $flatten\hdmi.\pixel.$lt$/home/matthias/prog/janestreet/emulator-wt-hdmi-ulx3s/prototypes/fpga-ulx3s/../hdmi-ulx3s/rtl/gen/hdmi_pixel.v:1171$2087: $auto$alumacc.cc:548:replace_alu$7483
  creating $alu cell for $flatten\hdmi.\pixel.$lt$/home/matthias/prog/janestreet/emulator-wt-hdmi-ulx3s/prototypes/fpga-ulx3s/../hdmi-ulx3s/rtl/gen/hdmi_pixel.v:1175$2089: $auto$alumacc.cc:548:replace_alu$7488
  creating $alu cell for $flatten\hdmi.\pixel.$lt$/home/matthias/prog/janestreet/emulator-wt-hdmi-ulx3s/prototypes/fpga-ulx3s/../hdmi-ulx3s/rtl/gen/hdmi_pixel.v:1180$2091: $auto$alumacc.cc:548:replace_alu$7493
  creating $alu cell for $flatten\hdmi.\pixel.$lt$/home/matthias/prog/janestreet/emulator-wt-hdmi-ulx3s/prototypes/fpga-ulx3s/../hdmi-ulx3s/rtl/gen/hdmi_pixel.v:1212$2112: $auto$alumacc.cc:548:replace_alu$7498
  creating $alu cell for $flatten\hdmi.\pixel.$lt$/home/matthias/prog/janestreet/emulator-wt-hdmi-ulx3s/prototypes/fpga-ulx3s/../hdmi-ulx3s/rtl/gen/hdmi_pixel.v:1214$2114: $auto$alumacc.cc:548:replace_alu$7503
  creating $alu cell for $flatten\hdmi.\pixel.$lt$/home/matthias/prog/janestreet/emulator-wt-hdmi-ulx3s/prototypes/fpga-ulx3s/../hdmi-ulx3s/rtl/gen/hdmi_pixel.v:1279$2147: $auto$alumacc.cc:548:replace_alu$7508
  creating $alu cell for $flatten\hdmi.\pixel.$lt$/home/matthias/prog/janestreet/emulator-wt-hdmi-ulx3s/prototypes/fpga-ulx3s/../hdmi-ulx3s/rtl/gen/hdmi_pixel.v:1281$2148: $auto$alumacc.cc:548:replace_alu$7513
  creating $alu cell for $flatten\hdmi.\pixel.$lt$/home/matthias/prog/janestreet/emulator-wt-hdmi-ulx3s/prototypes/fpga-ulx3s/../hdmi-ulx3s/rtl/gen/hdmi_pixel.v:1292$2153: $auto$alumacc.cc:548:replace_alu$7518
  creating $alu cell for $flatten\hdmi.\pixel.$lt$/home/matthias/prog/janestreet/emulator-wt-hdmi-ulx3s/prototypes/fpga-ulx3s/../hdmi-ulx3s/rtl/gen/hdmi_pixel.v:1294$2154: $auto$alumacc.cc:548:replace_alu$7523
  creating $alu cell for $flatten\hdmi.\pixel.$lt$/home/matthias/prog/janestreet/emulator-wt-hdmi-ulx3s/prototypes/fpga-ulx3s/../hdmi-ulx3s/rtl/gen/hdmi_pixel.v:1331$2165: $auto$alumacc.cc:548:replace_alu$7528
  creating $alu cell for $flatten\hdmi.\pixel.$lt$/home/matthias/prog/janestreet/emulator-wt-hdmi-ulx3s/prototypes/fpga-ulx3s/../hdmi-ulx3s/rtl/gen/hdmi_pixel.v:1345$2170: $auto$alumacc.cc:548:replace_alu$7533
  creating $alu cell for $flatten\core.\smp.$lt$/home/matthias/prog/janestreet/emulator-wt-hdmi-ulx3s/prototypes/fpga-ulx3s/rtl/gen/pin_sampler.v:456$878: $auto$alumacc.cc:548:replace_alu$7538
  creating $alu cell for $flatten\core.\str.$lt$/home/matthias/prog/janestreet/emulator-wt-hdmi-ulx3s/prototypes/fpga-ulx3s/rtl/gen/pin_streamer.v:237$748: $auto$alumacc.cc:548:replace_alu$7543
  creating $alu cell for $flatten\usb.$lt$/home/matthias/prog/janestreet/emulator-wt-hdmi-ulx3s/prototypes/fpga-ulx3s/rtl/gen/usb_fs_device.v:2042$1231: $auto$alumacc.cc:548:replace_alu$7548
  creating $alu cell for $flatten\usb.$lt$/home/matthias/prog/janestreet/emulator-wt-hdmi-ulx3s/prototypes/fpga-ulx3s/rtl/gen/usb_fs_device.v:2315$1416: $auto$alumacc.cc:548:replace_alu$7553
  creating $alu cell for $flatten\usb.$lt$/home/matthias/prog/janestreet/emulator-wt-hdmi-ulx3s/prototypes/fpga-ulx3s/rtl/gen/usb_fs_device.v:1922$1157: $auto$alumacc.cc:548:replace_alu$7558
  creating $alu cell for $flatten\core.$lt$/home/matthias/prog/janestreet/emulator-wt-hdmi-ulx3s/prototypes/fpga-ulx3s/rtl/emu_core.v:366$3506: $auto$alumacc.cc:548:replace_alu$7563
  creating $alu cell for $flatten\usb.$lt$/home/matthias/prog/janestreet/emulator-wt-hdmi-ulx3s/prototypes/fpga-ulx3s/rtl/gen/usb_fs_device.v:2344$1433: $auto$alumacc.cc:548:replace_alu$7568
  creating $alu cell for $flatten\usb.$add$/home/matthias/prog/janestreet/emulator-wt-hdmi-ulx3s/prototypes/fpga-ulx3s/rtl/gen/usb_fs_device.v:2902$1679: $auto$alumacc.cc:548:replace_alu$7573
  creating $alu cell for $flatten\usb.$add$/home/matthias/prog/janestreet/emulator-wt-hdmi-ulx3s/prototypes/fpga-ulx3s/rtl/gen/usb_fs_device.v:2931$1699: $auto$alumacc.cc:548:replace_alu$7576
  creating $alu cell for $flatten\usb.$add$/home/matthias/prog/janestreet/emulator-wt-hdmi-ulx3s/prototypes/fpga-ulx3s/rtl/gen/usb_fs_device.v:2952$1714: $auto$alumacc.cc:548:replace_alu$7579
  creating $alu cell for $flatten\usb.$add$/home/matthias/prog/janestreet/emulator-wt-hdmi-ulx3s/prototypes/fpga-ulx3s/rtl/gen/usb_fs_device.v:3043$1776: $auto$alumacc.cc:548:replace_alu$7582
  creating $alu cell for $flatten\usb.$add$/home/matthias/prog/janestreet/emulator-wt-hdmi-ulx3s/prototypes/fpga-ulx3s/rtl/gen/usb_fs_device.v:3104$1795: $auto$alumacc.cc:548:replace_alu$7585
  creating $alu cell for $flatten\usb.$sub$/home/matthias/prog/janestreet/emulator-wt-hdmi-ulx3s/prototypes/fpga-ulx3s/rtl/gen/usb_fs_device.v:1685$1093, $flatten\usb.$lt$/home/matthias/prog/janestreet/emulator-wt-hdmi-ulx3s/prototypes/fpga-ulx3s/rtl/gen/usb_fs_device.v:1924$1159: $auto$alumacc.cc:548:replace_alu$7588
  creating $alu cell for $flatten\usb.$sub$/home/matthias/prog/janestreet/emulator-wt-hdmi-ulx3s/prototypes/fpga-ulx3s/rtl/gen/usb_fs_device.v:2343$1432: $auto$alumacc.cc:548:replace_alu$7593
  creating $alu cell for $add$/home/matthias/prog/janestreet/emulator-wt-hdmi-ulx3s/prototypes/fpga-ulx3s/rtl/ulx3s_top.v:156$13: $auto$alumacc.cc:548:replace_alu$7596
  creating $alu cell for $flatten\core.$add$/home/matthias/prog/janestreet/emulator-wt-hdmi-ulx3s/prototypes/fpga-ulx3s/rtl/emu_core.v:178$3390: $auto$alumacc.cc:548:replace_alu$7599
  creating $alu cell for $flatten\core.$add$/home/matthias/prog/janestreet/emulator-wt-hdmi-ulx3s/prototypes/fpga-ulx3s/rtl/emu_core.v:179$3391: $auto$alumacc.cc:548:replace_alu$7602
  creating $alu cell for $flatten\hdmi.\serial.$add$/home/matthias/prog/janestreet/emulator-wt-hdmi-ulx3s/prototypes/fpga-ulx3s/../hdmi-ulx3s/rtl/gen/hdmi_serial_ddr.v:194$2197: $auto$alumacc.cc:548:replace_alu$7605
  creating $alu cell for $flatten\core.$sub$/home/matthias/prog/janestreet/emulator-wt-hdmi-ulx3s/prototypes/fpga-ulx3s/rtl/emu_core.v:186$3400: $auto$alumacc.cc:548:replace_alu$7608
  creating $alu cell for $flatten\core.$add$/home/matthias/prog/janestreet/emulator-wt-hdmi-ulx3s/prototypes/fpga-ulx3s/rtl/emu_core.v:260$3435: $auto$alumacc.cc:548:replace_alu$7611
  creating $alu cell for $flatten\core.$add$/home/matthias/prog/janestreet/emulator-wt-hdmi-ulx3s/prototypes/fpga-ulx3s/rtl/emu_core.v:294$3475: $auto$alumacc.cc:548:replace_alu$7614
  creating $alu cell for $flatten\core.$add$/home/matthias/prog/janestreet/emulator-wt-hdmi-ulx3s/prototypes/fpga-ulx3s/rtl/emu_core.v:295$3476: $auto$alumacc.cc:548:replace_alu$7617
  creating $alu cell for $flatten\usb.$add$/home/matthias/prog/janestreet/emulator-wt-hdmi-ulx3s/prototypes/fpga-ulx3s/rtl/gen/usb_fs_device.v:2243$1374: $auto$alumacc.cc:548:replace_alu$7620
  creating $alu cell for $flatten\hdmi.\pixel.$add$/home/matthias/prog/janestreet/emulator-wt-hdmi-ulx3s/prototypes/fpga-ulx3s/../hdmi-ulx3s/rtl/gen/hdmi_pixel.v:636$1861: $auto$alumacc.cc:548:replace_alu$7623
  creating $alu cell for $flatten\core.$add$/home/matthias/prog/janestreet/emulator-wt-hdmi-ulx3s/prototypes/fpga-ulx3s/rtl/emu_core.v:354$3505: $auto$alumacc.cc:548:replace_alu$7626
  creating $alu cell for $flatten\core.$add$/home/matthias/prog/janestreet/emulator-wt-hdmi-ulx3s/prototypes/fpga-ulx3s/rtl/emu_core.v:377$3513: $auto$alumacc.cc:548:replace_alu$7629
  creating $alu cell for $flatten\core.\smp.$add$/home/matthias/prog/janestreet/emulator-wt-hdmi-ulx3s/prototypes/fpga-ulx3s/rtl/gen/pin_sampler.v:212$798: $auto$alumacc.cc:548:replace_alu$7632
  creating $alu cell for $flatten\core.$add$/home/matthias/prog/janestreet/emulator-wt-hdmi-ulx3s/prototypes/fpga-ulx3s/rtl/emu_core.v:402$3534: $auto$alumacc.cc:548:replace_alu$7635
  creating $alu cell for $flatten\core.$sub$/home/matthias/prog/janestreet/emulator-wt-hdmi-ulx3s/prototypes/fpga-ulx3s/rtl/emu_core.v:435$3546: $auto$alumacc.cc:548:replace_alu$7638
  creating $alu cell for $flatten\core.$add$/home/matthias/prog/janestreet/emulator-wt-hdmi-ulx3s/prototypes/fpga-ulx3s/rtl/emu_core.v:436$3551: $auto$alumacc.cc:548:replace_alu$7641
  creating $alu cell for $flatten\core.$sub$/home/matthias/prog/janestreet/emulator-wt-hdmi-ulx3s/prototypes/fpga-ulx3s/rtl/emu_core.v:449$3580, $flatten\core.$eq$/home/matthias/prog/janestreet/emulator-wt-hdmi-ulx3s/prototypes/fpga-ulx3s/rtl/emu_core.v:450$3581: $auto$alumacc.cc:548:replace_alu$7644
  creating $alu cell for $flatten\core.$sub$/home/matthias/prog/janestreet/emulator-wt-hdmi-ulx3s/prototypes/fpga-ulx3s/rtl/emu_core.v:482$3598: $auto$alumacc.cc:548:replace_alu$7649
  creating $alu cell for $flatten\core.$add$/home/matthias/prog/janestreet/emulator-wt-hdmi-ulx3s/prototypes/fpga-ulx3s/rtl/emu_core.v:489$3600: $auto$alumacc.cc:548:replace_alu$7652
  creating $alu cell for $flatten\core.$sub$/home/matthias/prog/janestreet/emulator-wt-hdmi-ulx3s/prototypes/fpga-ulx3s/rtl/emu_core.v:254$3614: $auto$alumacc.cc:548:replace_alu$7655
  creating $alu cell for $flatten\core.$sub$/home/matthias/prog/janestreet/emulator-wt-hdmi-ulx3s/prototypes/fpga-ulx3s/rtl/emu_core.v:249$3618: $auto$alumacc.cc:548:replace_alu$7658
  creating $alu cell for $flatten\usb.$add$/home/matthias/prog/janestreet/emulator-wt-hdmi-ulx3s/prototypes/fpga-ulx3s/rtl/gen/usb_fs_device.v:1917$1154: $auto$alumacc.cc:548:replace_alu$7661
  creating $alu cell for $flatten\usb.$add$/home/matthias/prog/janestreet/emulator-wt-hdmi-ulx3s/prototypes/fpga-ulx3s/rtl/gen/usb_fs_device.v:1414$974: $auto$alumacc.cc:548:replace_alu$7664
  creating $alu cell for $flatten\usb.$add$/home/matthias/prog/janestreet/emulator-wt-hdmi-ulx3s/prototypes/fpga-ulx3s/rtl/gen/usb_fs_device.v:1974$1178: $auto$alumacc.cc:548:replace_alu$7667
  creating $alu cell for $flatten\usb.$add$/home/matthias/prog/janestreet/emulator-wt-hdmi-ulx3s/prototypes/fpga-ulx3s/rtl/gen/usb_fs_device.v:2010$1205: $auto$alumacc.cc:548:replace_alu$7670
  creating $alu cell for $flatten\usb.$add$/home/matthias/prog/janestreet/emulator-wt-hdmi-ulx3s/prototypes/fpga-ulx3s/rtl/gen/usb_fs_device.v:2045$1234: $auto$alumacc.cc:548:replace_alu$7673
  creating $alu cell for $flatten\core.\urx.$add$/home/matthias/prog/janestreet/emulator-wt-hdmi-ulx3s/prototypes/fpga-ulx3s/rtl/emu_core.v:65$2883: $auto$alumacc.cc:548:replace_alu$7676
  creating $alu cell for $flatten\core.\urx.$sub$/home/matthias/prog/janestreet/emulator-wt-hdmi-ulx3s/prototypes/fpga-ulx3s/rtl/emu_core.v:62$2882: $auto$alumacc.cc:548:replace_alu$7679
  creating $alu cell for $flatten\core.\utx.$add$/home/matthias/prog/janestreet/emulator-wt-hdmi-ulx3s/prototypes/fpga-ulx3s/rtl/emu_core.v:98$2872: $auto$alumacc.cc:548:replace_alu$7682
  creating $alu cell for $flatten\core.\utx.$sub$/home/matthias/prog/janestreet/emulator-wt-hdmi-ulx3s/prototypes/fpga-ulx3s/rtl/emu_core.v:94$2870: $auto$alumacc.cc:548:replace_alu$7685
  creating $alu cell for $flatten\core.\seq.$add$/home/matthias/prog/janestreet/emulator-wt-hdmi-ulx3s/prototypes/fpga-ulx3s/rtl/gen/deadline_sequencer.v:1221$716: $auto$alumacc.cc:548:replace_alu$7688
  creating $alu cell for $flatten\core.\seq.$add$/home/matthias/prog/janestreet/emulator-wt-hdmi-ulx3s/prototypes/fpga-ulx3s/rtl/gen/deadline_sequencer.v:1170$697: $auto$alumacc.cc:548:replace_alu$7691
  creating $alu cell for $flatten\core.\seq.$sub$/home/matthias/prog/janestreet/emulator-wt-hdmi-ulx3s/prototypes/fpga-ulx3s/rtl/gen/deadline_sequencer.v:1095$673: $auto$alumacc.cc:548:replace_alu$7694
  creating $alu cell for $flatten\core.\seq.$sub$/home/matthias/prog/janestreet/emulator-wt-hdmi-ulx3s/prototypes/fpga-ulx3s/rtl/gen/deadline_sequencer.v:1039$656: $auto$alumacc.cc:548:replace_alu$7697
  creating $alu cell for $flatten\usb.$add$/home/matthias/prog/janestreet/emulator-wt-hdmi-ulx3s/prototypes/fpga-ulx3s/rtl/gen/usb_fs_device.v:2131$1291: $auto$alumacc.cc:548:replace_alu$7700
  creating $alu cell for $flatten\usb.$sub$/home/matthias/prog/janestreet/emulator-wt-hdmi-ulx3s/prototypes/fpga-ulx3s/rtl/gen/usb_fs_device.v:2443$1496, $flatten\usb.$eq$/home/matthias/prog/janestreet/emulator-wt-hdmi-ulx3s/prototypes/fpga-ulx3s/rtl/gen/usb_fs_device.v:2188$1340: $auto$alumacc.cc:548:replace_alu$7703
  creating $alu cell for $flatten\core.\str.$sub$/home/matthias/prog/janestreet/emulator-wt-hdmi-ulx3s/prototypes/fpga-ulx3s/rtl/gen/pin_streamer.v:360$789: $auto$alumacc.cc:548:replace_alu$7708
  creating $alu cell for $flatten\core.\str.$sub$/home/matthias/prog/janestreet/emulator-wt-hdmi-ulx3s/prototypes/fpga-ulx3s/rtl/gen/pin_streamer.v:359$788: $auto$alumacc.cc:548:replace_alu$7711
  creating $alu cell for $flatten\core.\str.$sub$/home/matthias/prog/janestreet/emulator-wt-hdmi-ulx3s/prototypes/fpga-ulx3s/rtl/gen/pin_streamer.v:341$779: $auto$alumacc.cc:548:replace_alu$7714
  creating $alu cell for $flatten\hdmi.\pixel.$sub$/home/matthias/prog/janestreet/emulator-wt-hdmi-ulx3s/prototypes/fpga-ulx3s/../hdmi-ulx3s/rtl/gen/hdmi_pixel.v:637$1862: $auto$alumacc.cc:548:replace_alu$7717
  creating $alu cell for $flatten\core.\str.$add$/home/matthias/prog/janestreet/emulator-wt-hdmi-ulx3s/prototypes/fpga-ulx3s/rtl/gen/pin_streamer.v:295$764: $auto$alumacc.cc:548:replace_alu$7720
  creating $alu cell for $flatten\core.\str.$add$/home/matthias/prog/janestreet/emulator-wt-hdmi-ulx3s/prototypes/fpga-ulx3s/rtl/gen/pin_streamer.v:275$758: $auto$alumacc.cc:548:replace_alu$7723
  creating $alu cell for $flatten\hdmi.\pixel.$sub$/home/matthias/prog/janestreet/emulator-wt-hdmi-ulx3s/prototypes/fpga-ulx3s/../hdmi-ulx3s/rtl/gen/hdmi_pixel.v:858$1955: $auto$alumacc.cc:548:replace_alu$7726
  creating $alu cell for $flatten\core.\smp.$add$/home/matthias/prog/janestreet/emulator-wt-hdmi-ulx3s/prototypes/fpga-ulx3s/rtl/gen/pin_sampler.v:455$877: $auto$alumacc.cc:548:replace_alu$7729
  creating $alu cell for $flatten\core.\smp.$sub$/home/matthias/prog/janestreet/emulator-wt-hdmi-ulx3s/prototypes/fpga-ulx3s/rtl/gen/pin_sampler.v:376$852: $auto$alumacc.cc:548:replace_alu$7732
  creating $alu cell for $flatten\core.\smp.$sub$/home/matthias/prog/janestreet/emulator-wt-hdmi-ulx3s/prototypes/fpga-ulx3s/rtl/gen/pin_sampler.v:375$851: $auto$alumacc.cc:548:replace_alu$7735
  creating $alu cell for $flatten\core.\smp.$add$/home/matthias/prog/janestreet/emulator-wt-hdmi-ulx3s/prototypes/fpga-ulx3s/rtl/gen/pin_sampler.v:371$848: $auto$alumacc.cc:548:replace_alu$7738
  creating $alu cell for $flatten\core.\smp.$add$/home/matthias/prog/janestreet/emulator-wt-hdmi-ulx3s/prototypes/fpga-ulx3s/rtl/gen/pin_sampler.v:345$837: $auto$alumacc.cc:548:replace_alu$7741
  creating $alu cell for $flatten\core.\smp.$add$/home/matthias/prog/janestreet/emulator-wt-hdmi-ulx3s/prototypes/fpga-ulx3s/rtl/gen/pin_sampler.v:262$812: $auto$alumacc.cc:548:replace_alu$7744
  creating $alu cell for $flatten\hdmi.$add$/home/matthias/prog/janestreet/emulator-wt-hdmi-ulx3s/prototypes/fpga-ulx3s/../hdmi-ulx3s/rtl/hdmi_out.v:26$1833: $auto$alumacc.cc:548:replace_alu$7747
  creating $alu cell for $flatten\hdmi.$add$/home/matthias/prog/janestreet/emulator-wt-hdmi-ulx3s/prototypes/fpga-ulx3s/../hdmi-ulx3s/rtl/hdmi_out.v:30$1837: $auto$alumacc.cc:548:replace_alu$7750
  creating $alu cell for $flatten\hdmi.\pixel.$add$/home/matthias/prog/janestreet/emulator-wt-hdmi-ulx3s/prototypes/fpga-ulx3s/../hdmi-ulx3s/rtl/gen/hdmi_pixel.v:1334$2166: $auto$alumacc.cc:548:replace_alu$7753
  creating $alu cell for $flatten\hdmi.\pixel.$add$/home/matthias/prog/janestreet/emulator-wt-hdmi-ulx3s/prototypes/fpga-ulx3s/../hdmi-ulx3s/rtl/gen/hdmi_pixel.v:1319$2160: $auto$alumacc.cc:548:replace_alu$7756
  creating $alu cell for $flatten\hdmi.\pixel.$sub$/home/matthias/prog/janestreet/emulator-wt-hdmi-ulx3s/prototypes/fpga-ulx3s/../hdmi-ulx3s/rtl/gen/hdmi_pixel.v:653$1866: $auto$alumacc.cc:548:replace_alu$7759
  creating $alu cell for $flatten\hdmi.\pixel.$sub$/home/matthias/prog/janestreet/emulator-wt-hdmi-ulx3s/prototypes/fpga-ulx3s/../hdmi-ulx3s/rtl/gen/hdmi_pixel.v:1204$2108, $flatten\hdmi.\pixel.$lt$/home/matthias/prog/janestreet/emulator-wt-hdmi-ulx3s/prototypes/fpga-ulx3s/../hdmi-ulx3s/rtl/gen/hdmi_pixel.v:1210$2110: $auto$alumacc.cc:548:replace_alu$7762
  creating $alu cell for $flatten\hdmi.\pixel.$add$/home/matthias/prog/janestreet/emulator-wt-hdmi-ulx3s/prototypes/fpga-ulx3s/../hdmi-ulx3s/rtl/gen/hdmi_pixel.v:843$1950: $auto$alumacc.cc:548:replace_alu$7767
  creating $alu cell for $flatten\hdmi.\pixel.$sub$/home/matthias/prog/janestreet/emulator-wt-hdmi-ulx3s/prototypes/fpga-ulx3s/../hdmi-ulx3s/rtl/gen/hdmi_pixel.v:844$1951: $auto$alumacc.cc:548:replace_alu$7770
  creating $alu cell for $flatten\hdmi.\pixel.$add$/home/matthias/prog/janestreet/emulator-wt-hdmi-ulx3s/prototypes/fpga-ulx3s/../hdmi-ulx3s/rtl/gen/hdmi_pixel.v:1034$2033: $auto$alumacc.cc:548:replace_alu$7773
  creating $alu cell for $flatten\hdmi.\pixel.$sub$/home/matthias/prog/janestreet/emulator-wt-hdmi-ulx3s/prototypes/fpga-ulx3s/../hdmi-ulx3s/rtl/gen/hdmi_pixel.v:1035$2034: $auto$alumacc.cc:548:replace_alu$7776
  creating $alu cell for $flatten\hdmi.\pixel.$sub$/home/matthias/prog/janestreet/emulator-wt-hdmi-ulx3s/prototypes/fpga-ulx3s/../hdmi-ulx3s/rtl/gen/hdmi_pixel.v:1050$2038: $auto$alumacc.cc:548:replace_alu$7779
  created 88 $alu and 18 $macc cells.

12.25. Executing OPT pass (performing simple optimizations).

12.25.1. Executing OPT_EXPR pass (perform const folding).
Optimizing module ulx3s_top.
<suppressed ~21 debug messages>

12.25.2. Executing OPT_MERGE pass (detect identical cells).
Finding identical cells in module `\ulx3s_top'.
Computing hashes of 2062 cells of `\ulx3s_top'.
Finding duplicate cells in `\ulx3s_top'.
Removed a total of 0 cells.

12.25.3. Executing OPT_MUXTREE pass (detect dead branches in mux trees).
Running muxtree optimizer on module \ulx3s_top..
  Creating internal representation of mux trees.
  Evaluating internal representation of mux trees.
  Analyzing evaluation results.
Removed 0 multiplexer ports.
<suppressed ~1121 debug messages>

12.25.4. Executing OPT_REDUCE pass (consolidate $*mux and $reduce_* inputs).
  Optimizing cells in module \ulx3s_top.
    New input vector for $reduce_and cell $auto$simple.cc:211:make_patterns_logic$7131: { \usb._714 $auto$alumacc.cc:564:replace_alu$7704 }
  Optimizing cells in module \ulx3s_top.
Performed a total of 1 changes.

12.25.5. Executing OPT_MERGE pass (detect identical cells).
Finding identical cells in module `\ulx3s_top'.
Computing hashes of 2062 cells of `\ulx3s_top'.
Finding duplicate cells in `\ulx3s_top'.
Computing hashes of 2059 cells of `\ulx3s_top'.
Finding duplicate cells in `\ulx3s_top'.
<suppressed ~9 debug messages>
Removed a total of 3 cells.

12.25.6. Executing OPT_DFF pass (perform DFF optimizations).
Setting constant 0-bit at position 0 on $auto$ff.cc:337:slice$6363 ($dff) from module ulx3s_top.
Setting constant 0-bit at position 1 on $auto$ff.cc:337:slice$6363 ($dff) from module ulx3s_top.
Setting constant 0-bit at position 5 on $auto$ff.cc:337:slice$6519 ($sdffe) from module ulx3s_top.
Setting constant 0-bit at position 15 on $auto$ff.cc:337:slice$6496 ($sdffe) from module ulx3s_top.

12.25.7. Executing OPT_CLEAN pass (remove unused cells and wires).
Finding unused cells or wires in module \ulx3s_top..
Removed 68 unused cells and 74 unused wires.
<suppressed ~105 debug messages>

12.25.8. Executing OPT_EXPR pass (perform const folding).
Optimizing module ulx3s_top.

12.25.9. Rerunning OPT passes. (Maybe there is more to do..)

12.25.10. Executing OPT_MUXTREE pass (detect dead branches in mux trees).
Running muxtree optimizer on module \ulx3s_top..
  Creating internal representation of mux trees.
  Evaluating internal representation of mux trees.
  Analyzing evaluation results.
Removed 0 multiplexer ports.
<suppressed ~1118 debug messages>

12.25.11. Executing OPT_REDUCE pass (consolidate $*mux and $reduce_* inputs).
  Optimizing cells in module \ulx3s_top.
Performed a total of 0 changes.

12.25.12. Executing OPT_MERGE pass (detect identical cells).
Finding identical cells in module `\ulx3s_top'.
Computing hashes of 1990 cells of `\ulx3s_top'.
Finding duplicate cells in `\ulx3s_top'.
Removed a total of 0 cells.

12.25.13. Executing OPT_DFF pass (perform DFF optimizations).
Setting constant 0-bit at position 6 on $auto$ff.cc:337:slice$6362 ($sdff) from module ulx3s_top.
Setting constant 0-bit at position 7 on $auto$ff.cc:337:slice$6362 ($sdff) from module ulx3s_top.

12.25.14. Executing OPT_CLEAN pass (remove unused cells and wires).
Finding unused cells or wires in module \ulx3s_top..

12.25.15. Executing OPT_EXPR pass (perform const folding).
Optimizing module ulx3s_top.

12.25.16. Rerunning OPT passes. (Maybe there is more to do..)

12.25.17. Executing OPT_MUXTREE pass (detect dead branches in mux trees).
Running muxtree optimizer on module \ulx3s_top..
  Creating internal representation of mux trees.
  Evaluating internal representation of mux trees.
  Analyzing evaluation results.
Removed 0 multiplexer ports.
<suppressed ~1118 debug messages>

12.25.18. Executing OPT_REDUCE pass (consolidate $*mux and $reduce_* inputs).
  Optimizing cells in module \ulx3s_top.
Performed a total of 0 changes.

12.25.19. Executing OPT_MERGE pass (detect identical cells).
Finding identical cells in module `\ulx3s_top'.
Computing hashes of 1990 cells of `\ulx3s_top'.
Finding duplicate cells in `\ulx3s_top'.
Removed a total of 0 cells.

12.25.20. Executing OPT_DFF pass (perform DFF optimizations).
Setting constant 0-bit at position 5 on $auto$ff.cc:337:slice$7785 ($sdff) from module ulx3s_top.

12.25.21. Executing OPT_CLEAN pass (remove unused cells and wires).
Finding unused cells or wires in module \ulx3s_top..

12.25.22. Executing OPT_EXPR pass (perform const folding).
Optimizing module ulx3s_top.

12.25.23. Rerunning OPT passes. (Maybe there is more to do..)

12.25.24. Executing OPT_MUXTREE pass (detect dead branches in mux trees).
Running muxtree optimizer on module \ulx3s_top..
  Creating internal representation of mux trees.
  Evaluating internal representation of mux trees.
  Analyzing evaluation results.
Removed 0 multiplexer ports.
<suppressed ~1118 debug messages>

12.25.25. Executing OPT_REDUCE pass (consolidate $*mux and $reduce_* inputs).
  Optimizing cells in module \ulx3s_top.
Performed a total of 0 changes.

12.25.26. Executing OPT_MERGE pass (detect identical cells).
Finding identical cells in module `\ulx3s_top'.
Computing hashes of 1990 cells of `\ulx3s_top'.
Finding duplicate cells in `\ulx3s_top'.
Removed a total of 0 cells.

12.25.27. Executing OPT_DFF pass (perform DFF optimizations).

12.25.28. Executing OPT_CLEAN pass (remove unused cells and wires).
Finding unused cells or wires in module \ulx3s_top..

12.25.29. Executing OPT_EXPR pass (perform const folding).
Optimizing module ulx3s_top.

12.25.30. Finished fast OPT passes. (There is nothing left to do.)

12.26. Executing MEMORY pass.

12.26.1. Executing OPT_MEM pass (optimize memories).
Performed a total of 0 transformations.

12.26.2. Executing OPT_MEM_PRIORITY pass (removing unnecessary memory write priority relations).
Performed a total of 0 transformations.

12.26.3. Executing OPT_MEM_FEEDBACK pass (finding memory read-to-write feedback paths).
  Analyzing ulx3s_top.core.cfg write port 0.
  Analyzing ulx3s_top.core.txf write port 0.
  Analyzing ulx3s_top.core.imem write port 0.
  Analyzing ulx3s_top.core.hin write port 0.
  Analyzing ulx3s_top.core.trace write port 0.
  Analyzing ulx3s_top.core.sbuf write port 0.
  Analyzing ulx3s_top.core.cap write port 0.

12.26.4. Executing MEMORY_BMUX2ROM pass (converting muxes to ROMs).

12.26.5. Executing MEMORY_DFF pass (merging $dff cells to $memrd).
Checking read port `$flatten\usb.$auto$proc_rom.cc:155:do_switch$3750'[0] in module `\ulx3s_top': no output FF found.
Checking read port `\core.cfg'[0] in module `\ulx3s_top': FF found, but with a mux select that doesn't seem to correspond to transparency logic.
Checking read port `\core.cfg'[1] in module `\ulx3s_top': no output FF found.
Checking read port `\core.cfg'[2] in module `\ulx3s_top': no output FF found.
Checking read port `\core.cfg'[3] in module `\ulx3s_top': no output FF found.
Checking read port `\core.cfg'[4] in module `\ulx3s_top': no output FF found.
Checking read port `\core.cfg'[5] in module `\ulx3s_top': no output FF found.
Checking read port `\core.cfg'[6] in module `\ulx3s_top': no output FF found.
Checking read port `\core.txf'[0] in module `\ulx3s_top': FF found, but with a mux select that doesn't seem to correspond to transparency logic.
Checking read port `\core.imem'[0] in module `\ulx3s_top': merging output FF to cell.
    Write port 0: non-transparent.
Checking read port `\core.hin'[0] in module `\ulx3s_top': no output FF found.
Checking read port `\core.trace'[0] in module `\ulx3s_top': merging output FF to cell.
    Write port 0: non-transparent.
Checking read port `\core.sbuf'[0] in module `\ulx3s_top': no output FF found.
Checking read port `\core.cap'[0] in module `\ulx3s_top': merging output FF to cell.
    Write port 0: non-transparent.
Checking read port address `$flatten\usb.$auto$proc_rom.cc:155:do_switch$3750'[0] in module `\ulx3s_top': no address FF found.
Checking read port address `\core.cfg'[0] in module `\ulx3s_top': no address FF found.
Checking read port address `\core.cfg'[1] in module `\ulx3s_top': no address FF found.
Checking read port address `\core.cfg'[2] in module `\ulx3s_top': no address FF found.
Checking read port address `\core.cfg'[3] in module `\ulx3s_top': no address FF found.
Checking read port address `\core.cfg'[4] in module `\ulx3s_top': no address FF found.
Checking read port address `\core.cfg'[5] in module `\ulx3s_top': no address FF found.
Checking read port address `\core.cfg'[6] in module `\ulx3s_top': no address FF found.
Checking read port address `\core.txf'[0] in module `\ulx3s_top': address FF has fully-defined init value, not supported.
Checking read port address `\core.hin'[0] in module `\ulx3s_top': address FF has fully-defined init value, not supported.
Checking read port address `\core.sbuf'[0] in module `\ulx3s_top': address FF has fully-defined init value, not supported.

12.26.6. Executing OPT_CLEAN pass (remove unused cells and wires).
Finding unused cells or wires in module \ulx3s_top..
Removed 3 unused cells and 183 unused wires.
<suppressed ~4 debug messages>

12.26.7. Executing MEMORY_SHARE pass (consolidating $memrd/$memwr cells).
Consolidating read ports of memory ulx3s_top.core.cfg by address:
  Merging ports 0, 1 (address 3'101).
  Merging ports 0, 2 (address 3'100).
  Merging ports 0, 3 (address 3'100).
  Merging ports 5, 6 (address 3'001).
Consolidating read ports of memory ulx3s_top.core.cfg by address:
  Merging ports 1, 2 (address 3'011).
Consolidating read ports of memory ulx3s_top.core.cfg by address:

12.26.8. Executing OPT_MEM_WIDEN pass (optimize memories where all ports are wide).
Performed a total of 0 transformations.

12.26.9. Executing OPT_CLEAN pass (remove unused cells and wires).
Finding unused cells or wires in module \ulx3s_top..
Removed 0 unused cells and 6 unused wires.
<suppressed ~1 debug messages>

12.26.10. Executing MEMORY_COLLECT pass (generating $mem cells).

12.27. Executing OPT_CLEAN pass (remove unused cells and wires).
Finding unused cells or wires in module \ulx3s_top..

12.28. Executing MEMORY_LIBMAP pass (mapping memories to cells).
using FF mapping for memory ulx3s_top.$flatten\usb.$auto$proc_rom.cc:155:do_switch$3750
mapping memory ulx3s_top.core.imem via $__DP16KD_
mapping memory ulx3s_top.core.hin via $__TRELLIS_DPR16X4_
mapping memory ulx3s_top.core.trace via $__DP16KD_
mapping memory ulx3s_top.core.sbuf via $__TRELLIS_DPR16X4_
mapping memory ulx3s_top.core.cap via $__PDPW16KD_
mapping memory ulx3s_top.core.txf via $__TRELLIS_DPR16X4_
using FF mapping for memory ulx3s_top.core.cfg
<suppressed ~1737 debug messages>

12.29. Executing TECHMAP pass (map to technology primitives).

12.29.1. Executing Verilog-2005 frontend: /home/matthias/prog/janestreet/fabulous-notes/oss-cad-suite/lib/../share/yosys/lattice/lutrams_map_trellis.v
Parsing Verilog input from `/home/matthias/prog/janestreet/fabulous-notes/oss-cad-suite/lib/../share/yosys/lattice/lutrams_map_trellis.v' to AST representation.
Generating RTLIL representation for module `$__TRELLIS_DPR16X4_'.
Successfully finished Verilog frontend.

12.29.2. Executing Verilog-2005 frontend: /home/matthias/prog/janestreet/fabulous-notes/oss-cad-suite/lib/../share/yosys/lattice/brams_map_16kd.v
Parsing Verilog input from `/home/matthias/prog/janestreet/fabulous-notes/oss-cad-suite/lib/../share/yosys/lattice/brams_map_16kd.v' to AST representation.
Generating RTLIL representation for module `$__DP16KD_'.
Generating RTLIL representation for module `$__PDPW16KD_'.
Successfully finished Verilog frontend.

12.29.3. Continuing TECHMAP pass.
Using template $paramod$3df178cd78fdc59550f474a2e6d4b63593e67fae$__DP16KD_ for cells of type $__DP16KD_.
Using template $paramod$04778961cc1285a5efea28f98f28381eb2862208$__TRELLIS_DPR16X4_ for cells of type $__TRELLIS_DPR16X4_.
Using template $paramod$eed5c07ccc20b30fea5f07adc53d361b0ef0f8bc$__DP16KD_ for cells of type $__DP16KD_.
Using template $paramod$02d10cc8049219b734b94ed56325542341e7b150$__PDPW16KD_ for cells of type $__PDPW16KD_.
No more expansions possible.
<suppressed ~139 debug messages>

12.30. Executing OPT pass (performing simple optimizations).

12.30.1. Executing OPT_EXPR pass (perform const folding).
Optimizing module ulx3s_top.
<suppressed ~591 debug messages>

12.30.2. Executing OPT_MERGE pass (detect identical cells).
Finding identical cells in module `\ulx3s_top'.
Computing hashes of 1912 cells of `\ulx3s_top'.
Finding duplicate cells in `\ulx3s_top'.
Computing hashes of 1857 cells of `\ulx3s_top'.
Finding duplicate cells in `\ulx3s_top'.
<suppressed ~165 debug messages>
Removed a total of 55 cells.

12.30.3. Executing OPT_DFF pass (perform DFF optimizations).
Removing always-active EN on $auto$mem.cc:1169:emulate_transparency$8026 ($dffe) from module ulx3s_top.
Adding EN signal on $auto$ff.cc:337:slice$6366 ($sdff) from module ulx3s_top (D = \hdmi.pixel._282 [0], Q = \hdmi.pixel._286 [0]).
Removing always-active EN on $auto$mem.cc:1169:emulate_transparency$8133 ($dffe) from module ulx3s_top.
Adding EN signal on $auto$ff.cc:337:slice$6380 ($sdff) from module ulx3s_top (D = \hdmi.pixel._652 [0], Q = \hdmi.pixel._656 [0]).
Adding EN signal on $auto$ff.cc:337:slice$6388 ($sdff) from module ulx3s_top (D = \hdmi.pixel._462 [0], Q = \hdmi.pixel._466 [0]).
Adding SRST signal on $auto$ff.cc:337:slice$6732 ($dffe) from module ulx3s_top (D = { $flatten\core.\utx.$procmux$4457_Y [5:3] $flatten\core.\utx.$procmux$4457_Y [1:0] }, Q = { \core.utx.cnt [5:3] \core.utx.cnt [1:0] }, rval = 5'00000).
Adding SRST signal on $auto$ff.cc:337:slice$6732 ($dffe) from module ulx3s_top (D = { $flatten\core.\utx.$sub$/home/matthias/prog/janestreet/emulator-wt-hdmi-ulx3s/prototypes/fpga-ulx3s/rtl/emu_core.v:94$2870_Y [15:6] $flatten\core.\utx.$sub$/home/matthias/prog/janestreet/emulator-wt-hdmi-ulx3s/prototypes/fpga-ulx3s/rtl/emu_core.v:94$2870_Y [2] }, Q = { \core.utx.cnt [15:6] \core.utx.cnt [2] }, rval = 11'00000000000).
Adding SRST signal on $auto$ff.cc:337:slice$6758 ($dffe) from module ulx3s_top (D = $flatten\core.\utx.$procmux$4417_Y, Q = \core.utx.n, rval = 4'0000).
Adding SRST signal on $auto$ff.cc:337:slice$6787 ($dffe) from module ulx3s_top (D = { $flatten\core.\urx.$procmux$4353_Y [5] $flatten\core.\urx.$procmux$4353_Y [2] $flatten\core.\urx.$procmux$4353_Y [0] }, Q = { \core.urx.cnt [5] \core.urx.cnt [2] \core.urx.cnt [0] }, rval = 3'010).
Adding SRST signal on $auto$ff.cc:337:slice$6787 ($dffe) from module ulx3s_top (D = { $flatten\core.\urx.$sub$/home/matthias/prog/janestreet/emulator-wt-hdmi-ulx3s/prototypes/fpga-ulx3s/rtl/emu_core.v:62$2882_Y [15:6] $flatten\core.\urx.$sub$/home/matthias/prog/janestreet/emulator-wt-hdmi-ulx3s/prototypes/fpga-ulx3s/rtl/emu_core.v:62$2882_Y [4:3] $flatten\core.\urx.$sub$/home/matthias/prog/janestreet/emulator-wt-hdmi-ulx3s/prototypes/fpga-ulx3s/rtl/emu_core.v:62$2882_Y [1] }, Q = { \core.urx.cnt [15:6] \core.urx.cnt [4:3] \core.urx.cnt [1] }, rval = 13'0000000000111).
Adding SRST signal on $auto$ff.cc:337:slice$6794 ($dffe) from module ulx3s_top (D = $flatten\core.\urx.$procmux$4342_Y, Q = \core.urx.bitn, rval = 4'0000).
Adding SRST signal on $auto$ff.cc:337:slice$6919 ($dffe) from module ulx3s_top (D = $auto$wreduce.cc:513:run$7387 [31:0], Q = \core.args [31:0], rval = 0).
Adding SRST signal on $auto$ff.cc:337:slice$7001 ($dffe) from module ulx3s_top (D = $flatten\core.$add$/home/matthias/prog/janestreet/emulator-wt-hdmi-ulx3s/prototypes/fpga-ulx3s/rtl/emu_core.v:436$3551_Y, Q = \core.cycle, rval = 0).
Removing always-active EN on $auto$mem.cc:1169:emulate_transparency$8004 ($dffe) from module ulx3s_top.
Adding EN signal on $auto$ff.cc:337:slice$7091 ($sdffe) from module ulx3s_top (D = \usb._1039, Q = \usb._414).
Adding EN signal on $auto$ff.cc:337:slice$7309 ($sdffe) from module ulx3s_top (D = \usb._1567, Q = \usb._1481).
Setting constant 0-bit at position 83 on $auto$mem.cc:1646:emulate_read_first$8022 ($dff) from module ulx3s_top.
Setting constant 0-bit at position 84 on $auto$mem.cc:1646:emulate_read_first$8022 ($dff) from module ulx3s_top.
Setting constant 0-bit at position 85 on $auto$mem.cc:1646:emulate_read_first$8022 ($dff) from module ulx3s_top.
Setting constant 0-bit at position 86 on $auto$mem.cc:1646:emulate_read_first$8022 ($dff) from module ulx3s_top.
Setting constant 0-bit at position 87 on $auto$mem.cc:1646:emulate_read_first$8022 ($dff) from module ulx3s_top.

12.30.4. Executing OPT_CLEAN pass (remove unused cells and wires).
Finding unused cells or wires in module \ulx3s_top..
Removed 28 unused cells and 852 unused wires.
<suppressed ~29 debug messages>

12.30.5. Rerunning OPT passes. (Removed registers in this run.)

12.30.6. Executing OPT_EXPR pass (perform const folding).
Optimizing module ulx3s_top.
<suppressed ~12 debug messages>

12.30.7. Executing OPT_MERGE pass (detect identical cells).
Finding identical cells in module `\ulx3s_top'.
Computing hashes of 1837 cells of `\ulx3s_top'.
Finding duplicate cells in `\ulx3s_top'.
Computing hashes of 1836 cells of `\ulx3s_top'.
Finding duplicate cells in `\ulx3s_top'.
<suppressed ~3 debug messages>
Removed a total of 1 cells.

12.30.8. Executing OPT_DFF pass (perform DFF optimizations).
Adding EN signal on $auto$ff.cc:337:slice$6500 ($sdffe) from module ulx3s_top (D = \usb._570, Q = \usb._420).
Adding SRST signal on $auto$ff.cc:337:slice$6741 ($dffe) from module ulx3s_top (D = \core.utx.sh [1], Q = \core.utx.sh [0], rval = 1'0).
Setting constant 0-bit at position 83 on $auto$mem.cc:1169:emulate_transparency$8026 ($dff) from module ulx3s_top.
Setting constant 0-bit at position 84 on $auto$mem.cc:1169:emulate_transparency$8026 ($dff) from module ulx3s_top.
Setting constant 0-bit at position 85 on $auto$mem.cc:1169:emulate_transparency$8026 ($dff) from module ulx3s_top.
Setting constant 0-bit at position 86 on $auto$mem.cc:1169:emulate_transparency$8026 ($dff) from module ulx3s_top.
Setting constant 0-bit at position 87 on $auto$mem.cc:1169:emulate_transparency$8026 ($dff) from module ulx3s_top.

12.30.9. Executing OPT_CLEAN pass (remove unused cells and wires).
Finding unused cells or wires in module \ulx3s_top..
Removed 5 unused cells and 14 unused wires.
<suppressed ~16 debug messages>

12.30.10. Rerunning OPT passes. (Removed registers in this run.)

12.30.11. Executing OPT_EXPR pass (perform const folding).
Optimizing module ulx3s_top.

12.30.12. Executing OPT_MERGE pass (detect identical cells).
Finding identical cells in module `\ulx3s_top'.
Computing hashes of 1833 cells of `\ulx3s_top'.
Finding duplicate cells in `\ulx3s_top'.
Removed a total of 0 cells.

12.30.13. Executing OPT_DFF pass (perform DFF optimizations).

12.30.14. Executing OPT_CLEAN pass (remove unused cells and wires).
Finding unused cells or wires in module \ulx3s_top..

12.30.15. Finished fast OPT passes.

12.31. Executing MEMORY_MAP pass (converting memories to logic and flip-flops).
Mapping memory $flatten\usb.$auto$proc_rom.cc:155:do_switch$3750 in module \ulx3s_top:
  created 64 $dff cells and 0 static cells of width 8.
  read interface: 0 $dff and 63 $mux cells.
  write interface: 0 write mux blocks.
Mapping memory \core.cfg in module \ulx3s_top:
  created 8 $dff cells and 0 static cells of width 16.
  read interface: 0 $dff and 1 $mux cells.
  write interface: 8 write mux blocks.

12.32. Executing OPT pass (performing simple optimizations).

12.32.1. Executing OPT_EXPR pass (perform const folding).
Optimizing module ulx3s_top.
<suppressed ~25 debug messages>

12.32.2. Executing OPT_MERGE pass (detect identical cells).
Finding identical cells in module `\ulx3s_top'.
Computing hashes of 1915 cells of `\ulx3s_top'.
Finding duplicate cells in `\ulx3s_top'.
Removed a total of 0 cells.

12.32.3. Executing OPT_MUXTREE pass (detect dead branches in mux trees).
Running muxtree optimizer on module \ulx3s_top..
  Creating internal representation of mux trees.
  Evaluating internal representation of mux trees.
  Analyzing evaluation results.
Removed 0 multiplexer ports.
<suppressed ~894 debug messages>

12.32.4. Executing OPT_REDUCE pass (consolidate $*mux and $reduce_* inputs).
  Optimizing cells in module \ulx3s_top.
    New input vector for $reduce_and cell $auto$simple.cc:211:make_patterns_logic$8856: { \usb._1461 $auto$simple.cc:193:make_patterns_logic$7282 $auto$simple.cc:193:make_patterns_logic$7288 $auto$simple.cc:193:make_patterns_logic$7290 }
    New input vector for $reduce_and cell $auto$simple.cc:211:make_patterns_logic$8860: { \usb._450 \usb._416 \usb._385 $auto$simple.cc:193:make_patterns_logic$6501 $auto$simple.cc:193:make_patterns_logic$6503 }
    New input vector for $reduce_and cell $auto$simple.cc:211:make_patterns_logic$8851: { $auto$simple.cc:193:make_patterns_logic$7092 $auto$simple.cc:193:make_patterns_logic$7094 $auto$simple.cc:193:make_patterns_logic$7096 $auto$simple.cc:193:make_patterns_logic$7098 $auto$simple.cc:193:make_patterns_logic$8848 }
    Consolidated identical input bits for $mux cell $memory$flatten\usb.$auto$proc_rom.cc:155:do_switch$3750$rdmux[0][5][23]$9026:
      Old ports: A=8'00000010, B=8'00001000, Y=$memory$flatten\usb.$auto$proc_rom.cc:155:do_switch$3750$rdmux[0][4][11]$b$8944
      New ports: A=2'01, B=2'10, Y={ $memory$flatten\usb.$auto$proc_rom.cc:155:do_switch$3750$rdmux[0][4][11]$b$8944 [3] $memory$flatten\usb.$auto$proc_rom.cc:155:do_switch$3750$rdmux[0][4][11]$b$8944 [1] }
      New connections: { $memory$flatten\usb.$auto$proc_rom.cc:155:do_switch$3750$rdmux[0][4][11]$b$8944 [7:4] $memory$flatten\usb.$auto$proc_rom.cc:155:do_switch$3750$rdmux[0][4][11]$b$8944 [2] $memory$flatten\usb.$auto$proc_rom.cc:155:do_switch$3750$rdmux[0][4][11]$b$8944 [0] } = 6'000000
    Consolidated identical input bits for $mux cell $memory$flatten\usb.$auto$proc_rom.cc:155:do_switch$3750$rdmux[0][5][22]$9023:
      Old ports: A=8'00000101, B=8'10000001, Y=$memory$flatten\usb.$auto$proc_rom.cc:155:do_switch$3750$rdmux[0][4][11]$a$8943
      New ports: A=2'01, B=2'10, Y={ $memory$flatten\usb.$auto$proc_rom.cc:155:do_switch$3750$rdmux[0][4][11]$a$8943 [7] $memory$flatten\usb.$auto$proc_rom.cc:155:do_switch$3750$rdmux[0][4][11]$a$8943 [2] }
      New connections: { $memory$flatten\usb.$auto$proc_rom.cc:155:do_switch$3750$rdmux[0][4][11]$a$8943 [6:3] $memory$flatten\usb.$auto$proc_rom.cc:155:do_switch$3750$rdmux[0][4][11]$a$8943 [1:0] } = 6'000001
    Consolidated identical input bits for $mux cell $memory$flatten\usb.$auto$proc_rom.cc:155:do_switch$3750$rdmux[0][5][21]$9020:
      Old ports: A=8'00000000, B=8'00000111, Y=$memory$flatten\usb.$auto$proc_rom.cc:155:do_switch$3750$rdmux[0][4][10]$b$8941
      New ports: A=1'0, B=1'1, Y=$memory$flatten\usb.$auto$proc_rom.cc:155:do_switch$3750$rdmux[0][4][10]$b$8941 [0]
      New connections: $memory$flatten\usb.$auto$proc_rom.cc:155:do_switch$3750$rdmux[0][4][10]$b$8941 [7:1] = { 5'00000 $memory$flatten\usb.$auto$proc_rom.cc:155:do_switch$3750$rdmux[0][4][10]$b$8941 [0] $memory$flatten\usb.$auto$proc_rom.cc:155:do_switch$3750$rdmux[0][4][10]$b$8941 [0] }
    Consolidated identical input bits for $mux cell $memory$flatten\usb.$auto$proc_rom.cc:155:do_switch$3750$rdmux[0][5][20]$9017:
      Old ports: A=8'00001000, B=8'00000000, Y=$memory$flatten\usb.$auto$proc_rom.cc:155:do_switch$3750$rdmux[0][4][10]$a$8940
      New ports: A=1'1, B=1'0, Y=$memory$flatten\usb.$auto$proc_rom.cc:155:do_switch$3750$rdmux[0][4][10]$a$8940 [3]
      New connections: { $memory$flatten\usb.$auto$proc_rom.cc:155:do_switch$3750$rdmux[0][4][10]$a$8940 [7:4] $memory$flatten\usb.$auto$proc_rom.cc:155:do_switch$3750$rdmux[0][4][10]$a$8940 [2:0] } = 7'0000000
    Consolidated identical input bits for $mux cell $memory$flatten\usb.$auto$proc_rom.cc:155:do_switch$3750$rdmux[0][5][19]$9014:
      Old ports: A=8'00000001, B=8'00000010, Y=$memory$flatten\usb.$auto$proc_rom.cc:155:do_switch$3750$rdmux[0][4][9]$b$8938
      New ports: A=2'01, B=2'10, Y=$memory$flatten\usb.$auto$proc_rom.cc:155:do_switch$3750$rdmux[0][4][9]$b$8938 [1:0]
      New connections: $memory$flatten\usb.$auto$proc_rom.cc:155:do_switch$3750$rdmux[0][4][9]$b$8938 [7:2] = 6'000000
    Consolidated identical input bits for $mux cell $memory$flatten\usb.$auto$proc_rom.cc:155:do_switch$3750$rdmux[0][5][18]$9011:
      Old ports: A=8'00000111, B=8'00000101, Y=$memory$flatten\usb.$auto$proc_rom.cc:155:do_switch$3750$rdmux[0][4][9]$a$8937
      New ports: A=1'1, B=1'0, Y=$memory$flatten\usb.$auto$proc_rom.cc:155:do_switch$3750$rdmux[0][4][9]$a$8937 [1]
      New connections: { $memory$flatten\usb.$auto$proc_rom.cc:155:do_switch$3750$rdmux[0][4][9]$a$8937 [7:2] $memory$flatten\usb.$auto$proc_rom.cc:155:do_switch$3750$rdmux[0][4][9]$a$8937 [0] } = 7'0000011
    Consolidated identical input bits for $mux cell $memory$flatten\usb.$auto$proc_rom.cc:155:do_switch$3750$rdmux[0][5][16]$9005:
      Old ports: A=8'11111111, B=8'00000000, Y=$memory$flatten\usb.$auto$proc_rom.cc:155:do_switch$3750$rdmux[0][4][8]$a$8934
      New ports: A=1'1, B=1'0, Y=$memory$flatten\usb.$auto$proc_rom.cc:155:do_switch$3750$rdmux[0][4][8]$a$8934 [0]
      New connections: $memory$flatten\usb.$auto$proc_rom.cc:155:do_switch$3750$rdmux[0][4][8]$a$8934 [7:1] = { $memory$flatten\usb.$auto$proc_rom.cc:155:do_switch$3750$rdmux[0][4][8]$a$8934 [0] $memory$flatten\usb.$auto$proc_rom.cc:155:do_switch$3750$rdmux[0][4][8]$a$8934 [0] $memory$flatten\usb.$auto$proc_rom.cc:155:do_switch$3750$rdmux[0][4][8]$a$8934 [0] $memory$flatten\usb.$auto$proc_rom.cc:155:do_switch$3750$rdmux[0][4][8]$a$8934 [0] $memory$flatten\usb.$auto$proc_rom.cc:155:do_switch$3750$rdmux[0][4][8]$a$8934 [0] $memory$flatten\usb.$auto$proc_rom.cc:155:do_switch$3750$rdmux[0][4][8]$a$8934 [0] $memory$flatten\usb.$auto$proc_rom.cc:155:do_switch$3750$rdmux[0][4][8]$a$8934 [0] }
    Consolidated identical input bits for $mux cell $memory$flatten\usb.$auto$proc_rom.cc:155:do_switch$3750$rdmux[0][5][15]$9002:
      Old ports: A=8'00000000, B=8'00000010, Y=$memory$flatten\usb.$auto$proc_rom.cc:155:do_switch$3750$rdmux[0][4][7]$b$8932
      New ports: A=1'0, B=1'1, Y=$memory$flatten\usb.$auto$proc_rom.cc:155:do_switch$3750$rdmux[0][4][7]$b$8932 [1]
      New connections: { $memory$flatten\usb.$auto$proc_rom.cc:155:do_switch$3750$rdmux[0][4][7]$b$8932 [7:2] $memory$flatten\usb.$auto$proc_rom.cc:155:do_switch$3750$rdmux[0][4][7]$b$8932 [0] } = 7'0000000
    Consolidated identical input bits for $mux cell $memory$flatten\usb.$auto$proc_rom.cc:155:do_switch$3750$rdmux[0][5][14]$8999:
      Old ports: A=8'00000100, B=8'00000000, Y=$memory$flatten\usb.$auto$proc_rom.cc:155:do_switch$3750$rdmux[0][4][7]$a$8931
      New ports: A=1'1, B=1'0, Y=$memory$flatten\usb.$auto$proc_rom.cc:155:do_switch$3750$rdmux[0][4][7]$a$8931 [2]
      New connections: { $memory$flatten\usb.$auto$proc_rom.cc:155:do_switch$3750$rdmux[0][4][7]$a$8931 [7:3] $memory$flatten\usb.$auto$proc_rom.cc:155:do_switch$3750$rdmux[0][4][7]$a$8931 [1:0] } = 7'0000000
    Consolidated identical input bits for $mux cell $memory$flatten\usb.$auto$proc_rom.cc:155:do_switch$3750$rdmux[0][5][13]$8996:
      Old ports: A=8'00110010, B=8'00001001, Y=$memory$flatten\usb.$auto$proc_rom.cc:155:do_switch$3750$rdmux[0][4][6]$b$8929
      New ports: A=2'10, B=2'01, Y=$memory$flatten\usb.$auto$proc_rom.cc:155:do_switch$3750$rdmux[0][4][6]$b$8929 [1:0]
      New connections: $memory$flatten\usb.$auto$proc_rom.cc:155:do_switch$3750$rdmux[0][4][6]$b$8929 [7:2] = { 2'00 $memory$flatten\usb.$auto$proc_rom.cc:155:do_switch$3750$rdmux[0][4][6]$b$8929 [1] $memory$flatten\usb.$auto$proc_rom.cc:155:do_switch$3750$rdmux[0][4][6]$b$8929 [1:0] 1'0 }
    Consolidated identical input bits for $mux cell $memory$flatten\usb.$auto$proc_rom.cc:155:do_switch$3750$rdmux[0][5][12]$8993:
      Old ports: A=8'00000000, B=8'10000000, Y=$memory$flatten\usb.$auto$proc_rom.cc:155:do_switch$3750$rdmux[0][4][6]$a$8928
      New ports: A=1'0, B=1'1, Y=$memory$flatten\usb.$auto$proc_rom.cc:155:do_switch$3750$rdmux[0][4][6]$a$8928 [7]
      New connections: $memory$flatten\usb.$auto$proc_rom.cc:155:do_switch$3750$rdmux[0][4][6]$a$8928 [6:0] = 7'0000000
    Consolidated identical input bits for $mux cell $memory$flatten\usb.$auto$proc_rom.cc:155:do_switch$3750$rdmux[0][5][10]$8987:
      Old ports: A=8'00100000, B=8'00000000, Y=$memory$flatten\usb.$auto$proc_rom.cc:155:do_switch$3750$rdmux[0][4][5]$a$8925
      New ports: A=1'1, B=1'0, Y=$memory$flatten\usb.$auto$proc_rom.cc:155:do_switch$3750$rdmux[0][4][5]$a$8925 [5]
      New connections: { $memory$flatten\usb.$auto$proc_rom.cc:155:do_switch$3750$rdmux[0][4][5]$a$8925 [7:6] $memory$flatten\usb.$auto$proc_rom.cc:155:do_switch$3750$rdmux[0][4][5]$a$8925 [4:0] } = 7'0000000
    Consolidated identical input bits for $mux cell $memory$flatten\usb.$auto$proc_rom.cc:155:do_switch$3750$rdmux[0][5][9]$8984:
      Old ports: A=8'00001001, B=8'00000010, Y=$memory$flatten\usb.$auto$proc_rom.cc:155:do_switch$3750$rdmux[0][4][4]$b$8923
      New ports: A=2'01, B=2'10, Y=$memory$flatten\usb.$auto$proc_rom.cc:155:do_switch$3750$rdmux[0][4][4]$b$8923 [1:0]
      New connections: $memory$flatten\usb.$auto$proc_rom.cc:155:do_switch$3750$rdmux[0][4][4]$b$8923 [7:2] = { 4'0000 $memory$flatten\usb.$auto$proc_rom.cc:155:do_switch$3750$rdmux[0][4][4]$b$8923 [0] 1'0 }
    Consolidated identical input bits for $mux cell $memory$flatten\usb.$auto$proc_rom.cc:155:do_switch$3750$rdmux[0][5][8]$8981:
      Old ports: A=8'00000000, B=8'00000001, Y=$memory$flatten\usb.$auto$proc_rom.cc:155:do_switch$3750$rdmux[0][4][4]$a$8922
      New ports: A=1'0, B=1'1, Y=$memory$flatten\usb.$auto$proc_rom.cc:155:do_switch$3750$rdmux[0][4][4]$a$8922 [0]
      New connections: $memory$flatten\usb.$auto$proc_rom.cc:155:do_switch$3750$rdmux[0][4][4]$a$8922 [7:1] = 7'0000000
    Consolidated identical input bits for $mux cell $memory$flatten\usb.$auto$proc_rom.cc:155:do_switch$3750$rdmux[0][5][6]$8975:
      Old ports: A=8'00000000, B=8'00000001, Y=$memory$flatten\usb.$auto$proc_rom.cc:155:do_switch$3750$rdmux[0][4][3]$a$8919
      New ports: A=1'0, B=1'1, Y=$memory$flatten\usb.$auto$proc_rom.cc:155:do_switch$3750$rdmux[0][4][3]$a$8919 [0]
      New connections: $memory$flatten\usb.$auto$proc_rom.cc:155:do_switch$3750$rdmux[0][4][3]$a$8919 [7:1] = 7'0000000
    Consolidated identical input bits for $mux cell $memory$flatten\usb.$auto$proc_rom.cc:155:do_switch$3750$rdmux[0][5][5]$8972:
      Old ports: A=8'00000001, B=8'00000000, Y=$memory$flatten\usb.$auto$proc_rom.cc:155:do_switch$3750$rdmux[0][4][2]$b$8917
      New ports: A=1'1, B=1'0, Y=$memory$flatten\usb.$auto$proc_rom.cc:155:do_switch$3750$rdmux[0][4][2]$b$8917 [0]
      New connections: $memory$flatten\usb.$auto$proc_rom.cc:155:do_switch$3750$rdmux[0][4][2]$b$8917 [7:1] = 7'0000000
    Consolidated identical input bits for $mux cell $memory$flatten\usb.$auto$proc_rom.cc:155:do_switch$3750$rdmux[0][5][4]$8969:
      Old ports: A=8'00001001, B=8'00010010, Y=$memory$flatten\usb.$auto$proc_rom.cc:155:do_switch$3750$rdmux[0][4][2]$a$8916
      New ports: A=2'01, B=2'10, Y=$memory$flatten\usb.$auto$proc_rom.cc:155:do_switch$3750$rdmux[0][4][2]$a$8916 [1:0]
      New connections: $memory$flatten\usb.$auto$proc_rom.cc:155:do_switch$3750$rdmux[0][4][2]$a$8916 [7:2] = { 3'000 $memory$flatten\usb.$auto$proc_rom.cc:155:do_switch$3750$rdmux[0][4][2]$a$8916 [1:0] 1'0 }
    Consolidated identical input bits for $mux cell $memory$flatten\usb.$auto$proc_rom.cc:155:do_switch$3750$rdmux[0][5][3]$8966:
      Old ports: A=8'00000000, B=8'00001000, Y=$memory$flatten\usb.$auto$proc_rom.cc:155:do_switch$3750$rdmux[0][4][1]$b$8914
      New ports: A=1'0, B=1'1, Y=$memory$flatten\usb.$auto$proc_rom.cc:155:do_switch$3750$rdmux[0][4][1]$b$8914 [3]
      New connections: { $memory$flatten\usb.$auto$proc_rom.cc:155:do_switch$3750$rdmux[0][4][1]$b$8914 [7:4] $memory$flatten\usb.$auto$proc_rom.cc:155:do_switch$3750$rdmux[0][4][1]$b$8914 [2:0] } = 7'0000000
    Consolidated identical input bits for $mux cell $memory$flatten\usb.$auto$proc_rom.cc:155:do_switch$3750$rdmux[0][5][2]$8963:
      Old ports: A=8'11111111, B=8'00000000, Y=$memory$flatten\usb.$auto$proc_rom.cc:155:do_switch$3750$rdmux[0][4][1]$a$8913
      New ports: A=1'1, B=1'0, Y=$memory$flatten\usb.$auto$proc_rom.cc:155:do_switch$3750$rdmux[0][4][1]$a$8913 [0]
      New connections: $memory$flatten\usb.$auto$proc_rom.cc:155:do_switch$3750$rdmux[0][4][1]$a$8913 [7:1] = { $memory$flatten\usb.$auto$proc_rom.cc:155:do_switch$3750$rdmux[0][4][1]$a$8913 [0] $memory$flatten\usb.$auto$proc_rom.cc:155:do_switch$3750$rdmux[0][4][1]$a$8913 [0] $memory$flatten\usb.$auto$proc_rom.cc:155:do_switch$3750$rdmux[0][4][1]$a$8913 [0] $memory$flatten\usb.$auto$proc_rom.cc:155:do_switch$3750$rdmux[0][4][1]$a$8913 [0] $memory$flatten\usb.$auto$proc_rom.cc:155:do_switch$3750$rdmux[0][4][1]$a$8913 [0] $memory$flatten\usb.$auto$proc_rom.cc:155:do_switch$3750$rdmux[0][4][1]$a$8913 [0] $memory$flatten\usb.$auto$proc_rom.cc:155:do_switch$3750$rdmux[0][4][1]$a$8913 [0] }
    Consolidated identical input bits for $mux cell $memory$flatten\usb.$auto$proc_rom.cc:155:do_switch$3750$rdmux[0][5][1]$8960:
      Old ports: A=8'00000000, B=8'00000010, Y=$memory$flatten\usb.$auto$proc_rom.cc:155:do_switch$3750$rdmux[0][4][0]$b$8911
      New ports: A=1'0, B=1'1, Y=$memory$flatten\usb.$auto$proc_rom.cc:155:do_switch$3750$rdmux[0][4][0]$b$8911 [1]
      New connections: { $memory$flatten\usb.$auto$proc_rom.cc:155:do_switch$3750$rdmux[0][4][0]$b$8911 [7:2] $memory$flatten\usb.$auto$proc_rom.cc:155:do_switch$3750$rdmux[0][4][0]$b$8911 [0] } = 7'0000000
    Consolidated identical input bits for $mux cell $memory$flatten\usb.$auto$proc_rom.cc:155:do_switch$3750$rdmux[0][5][0]$8957:
      Old ports: A=8'00010010, B=8'00000001, Y=$memory$flatten\usb.$auto$proc_rom.cc:155:do_switch$3750$rdmux[0][4][0]$a$8910
      New ports: A=2'10, B=2'01, Y=$memory$flatten\usb.$auto$proc_rom.cc:155:do_switch$3750$rdmux[0][4][0]$a$8910 [1:0]
      New connections: $memory$flatten\usb.$auto$proc_rom.cc:155:do_switch$3750$rdmux[0][4][0]$a$8910 [7:2] = { 3'000 $memory$flatten\usb.$auto$proc_rom.cc:155:do_switch$3750$rdmux[0][4][0]$a$8910 [1] 2'00 }
    Consolidated identical input bits for $mux cell $flatten\usb.$ternary$/home/matthias/prog/janestreet/emulator-wt-hdmi-ulx3s/prototypes/fpga-ulx3s/rtl/gen/usb_fs_device.v:1726$1097:
      Old ports: A=5'10010, B=5'00000, Y=\usb._772 [4:0]
      New ports: A=1'1, B=1'0, Y=\usb._772 [1]
      New connections: { \usb._772 [4:2] \usb._772 [0] } = { \usb._772 [1] 3'000 }
    Consolidated identical input bits for $mux cell $flatten\usb.$ternary$/home/matthias/prog/janestreet/emulator-wt-hdmi-ulx3s/prototypes/fpga-ulx3s/rtl/gen/usb_fs_device.v:2827$1630:
      Old ports: A={ 1'0 \usb._116 [4:1] }, B={ 1'1 \usb._116 [4] \usb._127 [2] \usb._116 [2:1] }, Y=\usb._128
      New ports: A={ 1'0 \usb._116 [3] }, B={ 1'1 \usb._127 [2] }, Y={ \usb._128 [4] \usb._128 [2] }
      New connections: { \usb._128 [3] \usb._128 [1:0] } = { \usb._116 [4] \usb._116 [2:1] }
    Consolidated identical input bits for $mux cell $flatten\core.$ternary$/home/matthias/prog/janestreet/emulator-wt-hdmi-ulx3s/prototypes/fpga-ulx3s/rtl/emu_core.v:215$3409:
      Old ports: A=3'000, B=3'111, Y=\core.routed_away [3:1]
      New ports: A=1'0, B=1'1, Y=\core.routed_away [1]
      New connections: \core.routed_away [3:2] = { \core.routed_away [1] \core.routed_away [1] }
    Consolidated identical input bits for $mux cell $flatten\core.$ternary$/home/matthias/prog/janestreet/emulator-wt-hdmi-ulx3s/prototypes/fpga-ulx3s/rtl/emu_core.v:215$3410:
      Old ports: A=2'00, B=2'11, Y=\core.routed_away [5:4]
      New ports: A=1'0, B=1'1, Y=\core.routed_away [4]
      New connections: \core.routed_away [5] = \core.routed_away [4]
    Consolidated identical input bits for $mux cell $flatten\usb.$ternary$/home/matthias/prog/janestreet/emulator-wt-hdmi-ulx3s/prototypes/fpga-ulx3s/rtl/gen/usb_fs_device.v:2824$1628:
      Old ports: A=5'11011, B=5'01111, Y=\usb._116
      New ports: A=2'10, B=2'01, Y={ \usb._116 [4] \usb._116 [2] }
      New connections: { \usb._116 [3] \usb._116 [1:0] } = 3'111
    Consolidated identical input bits for $mux cell $flatten\core.$ternary$/home/matthias/prog/janestreet/emulator-wt-hdmi-ulx3s/prototypes/fpga-ulx3s/rtl/emu_core.v:464$3591:
      Old ports: A=4'1011, B=4'0110, Y=$auto$wreduce.cc:513:run$7394 [3:0]
      New ports: A=2'01, B=2'10, Y={ $auto$wreduce.cc:513:run$7394 [2] $auto$wreduce.cc:513:run$7394 [0] }
      New connections: { $auto$wreduce.cc:513:run$7394 [3] $auto$wreduce.cc:513:run$7394 [1] } = { $auto$wreduce.cc:513:run$7394 [0] 1'1 }
    Consolidated identical input bits for $mux cell $flatten\usb.$ternary$/home/matthias/prog/janestreet/emulator-wt-hdmi-ulx3s/prototypes/fpga-ulx3s/rtl/gen/usb_fs_device.v:2845$1642:
      Old ports: A={ 1'0 \usb._188 [4:1] }, B={ 1'1 \usb._188 [4] \usb._199 [2] \usb._188 [2:1] }, Y=\usb._200
      New ports: A={ 1'0 \usb._188 [3] }, B={ 1'1 \usb._199 [2] }, Y={ \usb._200 [4] \usb._200 [2] }
      New connections: { \usb._200 [3] \usb._200 [1:0] } = { \usb._188 [4] \usb._188 [2:1] }
    Consolidated identical input bits for $mux cell $flatten\usb.$ternary$/home/matthias/prog/janestreet/emulator-wt-hdmi-ulx3s/prototypes/fpga-ulx3s/rtl/gen/usb_fs_device.v:2848$1644:
      Old ports: A={ 1'0 \usb._200 [4:1] }, B={ 1'1 \usb._200 [4] \usb._214 [2] \usb._200 [2:1] }, Y=\usb._215
      New ports: A={ 1'0 \usb._200 [3] }, B={ 1'1 \usb._214 [2] }, Y={ \usb._215 [4] \usb._215 [2] }
      New connections: { \usb._215 [3] \usb._215 [1:0] } = { \usb._200 [4] \usb._200 [2:1] }
    Consolidated identical input bits for $mux cell $flatten\usb.$ternary$/home/matthias/prog/janestreet/emulator-wt-hdmi-ulx3s/prototypes/fpga-ulx3s/rtl/gen/usb_fs_device.v:2851$1646:
      Old ports: A={ 1'0 \usb._215 [4:1] }, B={ 1'1 \usb._215 [4] \usb._226 [2] \usb._215 [2:1] }, Y=\usb._227
      New ports: A={ 1'0 \usb._215 [3] }, B={ 1'1 \usb._226 [2] }, Y={ \usb._227 [4] \usb._227 [2] }
      New connections: { \usb._227 [3] \usb._227 [1:0] } = { \usb._215 [4] \usb._215 [2:1] }
    Consolidated identical input bits for $mux cell $flatten\usb.$ternary$/home/matthias/prog/janestreet/emulator-wt-hdmi-ulx3s/prototypes/fpga-ulx3s/rtl/gen/usb_fs_device.v:2854$1648:
      Old ports: A={ 1'0 \usb._227 [4:1] }, B={ 1'1 \usb._227 [4] \usb._238 [2] \usb._227 [2:1] }, Y=\usb._239
      New ports: A={ 1'0 \usb._227 [3] }, B={ 1'1 \usb._238 [2] }, Y={ \usb._239 [4] \usb._239 [2] }
      New connections: { \usb._239 [3] \usb._239 [1:0] } = { \usb._227 [4] \usb._227 [2:1] }
    Consolidated identical input bits for $mux cell $flatten\usb.$ternary$/home/matthias/prog/janestreet/emulator-wt-hdmi-ulx3s/prototypes/fpga-ulx3s/rtl/gen/usb_fs_device.v:2857$1650:
      Old ports: A={ 1'0 \usb._239 [4:1] }, B={ 1'1 \usb._239 [4] \usb._250 [2] \usb._239 [2:1] }, Y=\usb._251
      New ports: A={ 1'0 \usb._239 [3] }, B={ 1'1 \usb._250 [2] }, Y={ \usb._251 [4] \usb._251 [2] }
      New connections: { \usb._251 [3] \usb._251 [1:0] } = { \usb._239 [4] \usb._239 [2:1] }
    Consolidated identical input bits for $mux cell $flatten\usb.$ternary$/home/matthias/prog/janestreet/emulator-wt-hdmi-ulx3s/prototypes/fpga-ulx3s/rtl/gen/usb_fs_device.v:2839$1638:
      Old ports: A={ 1'0 \usb._164 [4:1] }, B={ 1'1 \usb._164 [4] \usb._175 [2] \usb._164 [2:1] }, Y=\usb._176
      New ports: A={ 1'0 \usb._164 [3] }, B={ 1'1 \usb._175 [2] }, Y={ \usb._176 [4] \usb._176 [2] }
      New connections: { \usb._176 [3] \usb._176 [1:0] } = { \usb._164 [4] \usb._164 [2:1] }
    Consolidated identical input bits for $mux cell $flatten\usb.$ternary$/home/matthias/prog/janestreet/emulator-wt-hdmi-ulx3s/prototypes/fpga-ulx3s/rtl/gen/usb_fs_device.v:2842$1640:
      Old ports: A={ 1'0 \usb._176 [4:1] }, B={ 1'1 \usb._176 [4] \usb._187 [2] \usb._176 [2:1] }, Y=\usb._188
      New ports: A={ 1'0 \usb._176 [3] }, B={ 1'1 \usb._187 [2] }, Y={ \usb._188 [4] \usb._188 [2] }
      New connections: { \usb._188 [3] \usb._188 [1:0] } = { \usb._176 [4] \usb._176 [2:1] }
    Consolidated identical input bits for $mux cell $flatten\usb.$ternary$/home/matthias/prog/janestreet/emulator-wt-hdmi-ulx3s/prototypes/fpga-ulx3s/rtl/gen/usb_fs_device.v:2836$1636:
      Old ports: A={ 1'0 \usb._152 [4:1] }, B={ 1'1 \usb._152 [4] \usb._163 [2] \usb._152 [2:1] }, Y=\usb._164
      New ports: A={ 1'0 \usb._152 [3] }, B={ 1'1 \usb._163 [2] }, Y={ \usb._164 [4] \usb._164 [2] }
      New connections: { \usb._164 [3] \usb._164 [1:0] } = { \usb._152 [4] \usb._152 [2:1] }
    Consolidated identical input bits for $mux cell $flatten\usb.$ternary$/home/matthias/prog/janestreet/emulator-wt-hdmi-ulx3s/prototypes/fpga-ulx3s/rtl/gen/usb_fs_device.v:1879$1133:
      Old ports: A={ 1'0 \usb._466 [15:1] }, B={ 1'1 \usb._466 [15] \usb._823 [13] \usb._466 [13:2] \usb._823 [0] }, Y=\usb._824
      New ports: A={ 1'0 \usb._466 [14] \usb._466 [1] }, B={ 1'1 \usb._823 [13] \usb._823 [0] }, Y={ \usb._824 [15] \usb._824 [13] \usb._824 [0] }
      New connections: { \usb._824 [14] \usb._824 [12:1] } = { \usb._466 [15] \usb._466 [13:2] }
    Consolidated identical input bits for $mux cell $flatten\usb.$ternary$/home/matthias/prog/janestreet/emulator-wt-hdmi-ulx3s/prototypes/fpga-ulx3s/rtl/gen/usb_fs_device.v:2833$1634:
      Old ports: A={ 1'0 \usb._140 [4:1] }, B={ 1'1 \usb._140 [4] \usb._151 [2] \usb._140 [2:1] }, Y=\usb._152
      New ports: A={ 1'0 \usb._140 [3] }, B={ 1'1 \usb._151 [2] }, Y={ \usb._152 [4] \usb._152 [2] }
      New connections: { \usb._152 [3] \usb._152 [1:0] } = { \usb._140 [4] \usb._140 [2:1] }
    Consolidated identical input bits for $mux cell $flatten\usb.$ternary$/home/matthias/prog/janestreet/emulator-wt-hdmi-ulx3s/prototypes/fpga-ulx3s/rtl/gen/usb_fs_device.v:1882$1135:
      Old ports: A={ 1'0 \usb._824 [15:1] }, B={ 1'1 \usb._824 [15] \usb._835 [13] \usb._824 [13:2] \usb._835 [0] }, Y=\usb._836
      New ports: A={ 1'0 \usb._824 [14] \usb._824 [1] }, B={ 1'1 \usb._835 [13] \usb._835 [0] }, Y={ \usb._836 [15] \usb._836 [13] \usb._836 [0] }
      New connections: { \usb._836 [14] \usb._836 [12:1] } = { \usb._824 [15] \usb._824 [13:2] }
    Consolidated identical input bits for $mux cell $flatten\usb.$ternary$/home/matthias/prog/janestreet/emulator-wt-hdmi-ulx3s/prototypes/fpga-ulx3s/rtl/gen/usb_fs_device.v:1885$1137:
      Old ports: A={ 1'0 \usb._836 [15:1] }, B={ 1'1 \usb._836 [15] \usb._847 [13] \usb._836 [13:2] \usb._847 [0] }, Y=\usb._848
      New ports: A={ 1'0 \usb._836 [14] \usb._836 [1] }, B={ 1'1 \usb._847 [13] \usb._847 [0] }, Y={ \usb._848 [15] \usb._848 [13] \usb._848 [0] }
      New connections: { \usb._848 [14] \usb._848 [12:1] } = { \usb._836 [15] \usb._836 [13:2] }
    Consolidated identical input bits for $mux cell $flatten\usb.$ternary$/home/matthias/prog/janestreet/emulator-wt-hdmi-ulx3s/prototypes/fpga-ulx3s/rtl/gen/usb_fs_device.v:1888$1139:
      Old ports: A={ 1'0 \usb._848 [15:1] }, B={ 1'1 \usb._848 [15] \usb._859 [13] \usb._848 [13:2] \usb._859 [0] }, Y=\usb._860
      New ports: A={ 1'0 \usb._848 [14] \usb._848 [1] }, B={ 1'1 \usb._859 [13] \usb._859 [0] }, Y={ \usb._860 [15] \usb._860 [13] \usb._860 [0] }
      New connections: { \usb._860 [14] \usb._860 [12:1] } = { \usb._848 [15] \usb._848 [13:2] }
    Consolidated identical input bits for $mux cell $flatten\usb.$ternary$/home/matthias/prog/janestreet/emulator-wt-hdmi-ulx3s/prototypes/fpga-ulx3s/rtl/gen/usb_fs_device.v:1891$1141:
      Old ports: A={ 1'0 \usb._860 [15:1] }, B={ 1'1 \usb._860 [15] \usb._871 [13] \usb._860 [13:2] \usb._871 [0] }, Y=\usb._872
      New ports: A={ 1'0 \usb._860 [14] \usb._860 [1] }, B={ 1'1 \usb._871 [13] \usb._871 [0] }, Y={ \usb._872 [15] \usb._872 [13] \usb._872 [0] }
      New connections: { \usb._872 [14] \usb._872 [12:1] } = { \usb._860 [15] \usb._860 [13:2] }
    Consolidated identical input bits for $mux cell $flatten\usb.$ternary$/home/matthias/prog/janestreet/emulator-wt-hdmi-ulx3s/prototypes/fpga-ulx3s/rtl/gen/usb_fs_device.v:1894$1143:
      Old ports: A={ 1'0 \usb._872 [15:1] }, B={ 1'1 \usb._872 [15] \usb._883 [13] \usb._872 [13:2] \usb._883 [0] }, Y=\usb._884
      New ports: A={ 1'0 \usb._872 [14] \usb._872 [1] }, B={ 1'1 \usb._883 [13] \usb._883 [0] }, Y={ \usb._884 [15] \usb._884 [13] \usb._884 [0] }
      New connections: { \usb._884 [14] \usb._884 [12:1] } = { \usb._872 [15] \usb._872 [13:2] }
    Consolidated identical input bits for $mux cell $flatten\usb.$ternary$/home/matthias/prog/janestreet/emulator-wt-hdmi-ulx3s/prototypes/fpga-ulx3s/rtl/gen/usb_fs_device.v:1897$1145:
      Old ports: A={ 1'0 \usb._884 [15:1] }, B={ 1'1 \usb._884 [15] \usb._895 [13] \usb._884 [13:2] \usb._895 [0] }, Y=\usb._896
      New ports: A={ 1'0 \usb._884 [14] \usb._884 [1] }, B={ 1'1 \usb._895 [13] \usb._895 [0] }, Y={ \usb._896 [15] \usb._896 [13] \usb._896 [0] }
      New connections: { \usb._896 [14] \usb._896 [12:1] } = { \usb._884 [15] \usb._884 [13:2] }
    Consolidated identical input bits for $mux cell $flatten\usb.$ternary$/home/matthias/prog/janestreet/emulator-wt-hdmi-ulx3s/prototypes/fpga-ulx3s/rtl/gen/usb_fs_device.v:1900$1147:
      Old ports: A={ 1'0 \usb._896 [15:1] }, B={ 1'1 \usb._896 [15] \usb._907 [13] \usb._896 [13:2] \usb._907 [0] }, Y=\usb._908
      New ports: A={ 1'0 \usb._896 [14] \usb._896 [1] }, B={ 1'1 \usb._907 [13] \usb._907 [0] }, Y={ \usb._908 [15] \usb._908 [13] \usb._908 [0] }
      New connections: { \usb._908 [14] \usb._908 [12:1] } = { \usb._896 [15] \usb._896 [13:2] }
    Consolidated identical input bits for $mux cell $flatten\usb.$ternary$/home/matthias/prog/janestreet/emulator-wt-hdmi-ulx3s/prototypes/fpga-ulx3s/rtl/gen/usb_fs_device.v:1452$994:
      Old ports: A=8'01011010, B=8'00011110, Y=\usb._684
      New ports: A=2'10, B=2'01, Y={ \usb._684 [6] \usb._684 [2] }
      New connections: { \usb._684 [7] \usb._684 [5:3] \usb._684 [1:0] } = 6'001110
    Consolidated identical input bits for $mux cell $flatten\usb.$ternary$/home/matthias/prog/janestreet/emulator-wt-hdmi-ulx3s/prototypes/fpga-ulx3s/rtl/gen/usb_fs_device.v:1444$988:
      Old ports: A=8'11000011, B=8'01001011, Y=\usb._689
      New ports: A=2'10, B=2'01, Y={ \usb._689 [7] \usb._689 [3] }
      New connections: { \usb._689 [6:4] \usb._689 [2:0] } = 6'100011
    Consolidated identical input bits for $mux cell $flatten\usb.$ternary$/home/matthias/prog/janestreet/emulator-wt-hdmi-ulx3s/prototypes/fpga-ulx3s/rtl/gen/usb_fs_device.v:2869$1658:
      Old ports: A={ 1'0 \usb._287 [4:1] }, B={ 1'1 \usb._287 [4] \usb._298 [2] \usb._287 [2:1] }, Y=\usb._299
      New ports: A={ 1'0 \usb._287 [3] }, B={ 1'1 \usb._298 [2] }, Y={ \usb._299 [4] \usb._299 [2] }
      New connections: { \usb._299 [3] \usb._299 [1:0] } = { \usb._287 [4] \usb._287 [2:1] }
    Consolidated identical input bits for $mux cell $flatten\usb.$ternary$/home/matthias/prog/janestreet/emulator-wt-hdmi-ulx3s/prototypes/fpga-ulx3s/rtl/gen/usb_fs_device.v:1405$967:
      Old ports: A=2'00, B=2'10, Y=\usb._1060 [1:0]
      New ports: A=1'0, B=1'1, Y=\usb._1060 [1]
      New connections: \usb._1060 [0] = 1'0
    Consolidated identical input bits for $mux cell $flatten\core.$procmux$4977:
      Old ports: A=3'110, B=3'000, Y=$auto$wreduce.cc:513:run$7386 [2:0]
      New ports: A=1'1, B=1'0, Y=$auto$wreduce.cc:513:run$7386 [1]
      New connections: { $auto$wreduce.cc:513:run$7386 [2] $auto$wreduce.cc:513:run$7386 [0] } = { $auto$wreduce.cc:513:run$7386 [1] 1'0 }
    Consolidated identical input bits for $pmux cell $flatten\core.$procmux$4985:
      Old ports: A=4'0000, B=8'01101010, Y=$flatten\core.$procmux$4985_Y
      New ports: A=3'000, B=6'011101, Y=$flatten\core.$procmux$4985_Y [3:1]
      New connections: $flatten\core.$procmux$4985_Y [0] = 1'0
    New ctrl vector for $pmux cell $flatten\core.$procmux$4993: $auto$opt_reduce.cc:137:opt_pmux$9141
    Consolidated identical input bits for $mux cell $flatten\core.$procmux$5013:
      Old ports: A=5'10010, B=5'00010, Y=$flatten\core.$procmux$5013_Y
      New ports: A=1'1, B=1'0, Y=$flatten\core.$procmux$5013_Y [4]
      New connections: $flatten\core.$procmux$5013_Y [3:0] = 4'0010
    Consolidated identical input bits for $pmux cell $flatten\core.$procmux$5026:
      Old ports: A=5'00001, B=30'010000000000001001110001000100, Y=$flatten\core.$procmux$5026_Y
      New ports: A=4'0001, B=24'100000000001011100100100, Y=$flatten\core.$procmux$5026_Y [3:0]
      New connections: $flatten\core.$procmux$5026_Y [4] = 1'0
    New ctrl vector for $pmux cell $flatten\core.$procmux$5026: { $flatten\core.$procmux$5027_CMP $flatten\core.$procmux$4986_CMP $flatten\core.$procmux$4987_CMP $flatten\core.$eq$/home/matthias/prog/janestreet/emulator-wt-hdmi-ulx3s/prototypes/fpga-ulx3s/rtl/emu_core.v:488$3599_Y $flatten\core.$procmux$5035_CMP }
    Consolidated identical input bits for $mux cell $flatten\usb.$ternary$/home/matthias/prog/janestreet/emulator-wt-hdmi-ulx3s/prototypes/fpga-ulx3s/rtl/gen/usb_fs_device.v:1475$1010:
      Old ports: A=8'11010010, B=8'00011110, Y=\usb._651
      New ports: A=2'10, B=2'01, Y={ \usb._651 [6] \usb._651 [2] }
      New connections: { \usb._651 [7] \usb._651 [5:3] \usb._651 [1:0] } = { \usb._651 [6] 2'01 \usb._651 [2] 2'10 }
    Consolidated identical input bits for $mux cell $flatten\usb.$ternary$/home/matthias/prog/janestreet/emulator-wt-hdmi-ulx3s/prototypes/fpga-ulx3s/rtl/gen/usb_fs_device.v:1476$1011:
      Old ports: A=8'11010010, B=8'01011010, Y=\usb._646
      New ports: A=2'10, B=2'01, Y={ \usb._646 [7] \usb._646 [3] }
      New connections: { \usb._646 [6:4] \usb._646 [2:0] } = 6'101010
    Consolidated identical input bits for $pmux cell $flatten\core.$procmux$5057:
      Old ports: A=144'001111110000000000000000000000000000000000000000000000000000000000000000000000000000000000000000000000000000000000000000000000000000000000000000, B={ \usb_status_s2 \core.smp_ovf_hold 7'0000000 \core.tr_ovf 127'0110101100000000000000000000000000000000000000000000000000000000000000000000000000000000000000000000000000000000000000000000000 \core.cap_cnt 132'000000000000000000000000000000000000000000000000000000000000000000000000000000000000000000000000000000000000000000000000000000000000 \core.tr_cnt 7'0000000 \core.tr_ovf \core.tr_trunc 380'00000000000000000000000000000000000000000000000000000000000000000000000000000000000000000110011100000000000000000000000000000000000000000000000000000000000000000000000000000000000000000000000000000000000000000000000000000000000000000110101100000000000000000000000000000000000000000000000000000000000000000000000000000000000000000000000000000000000000000000000000000000000000000110 $auto$wreduce.cc:513:run$7394 [3:0] 176'00000000000000000000000000000000000000000000000000000000000000000000000000000000000000000000000000000000000000000000000000000000000000000100010101001101010101010011001000001011 \core.ctrl [15:5] \ctrl [4] \core.ctrl [3:1] \ctrl [0] 88'0110101100000000000000000000000000000000000000000000000000000000000000000000000000000000 }, Y=$flatten\core.$procmux$5057_Y
      New ports: A=50'00111111000000000000000000000000000000000000000000, B={ \usb_status_s2 \core.smp_ovf_hold \core.tr_ovf 40'0110101100000000000000000000000000000000 \core.cap_cnt 38'00000000000000000000000000000000000000 \core.tr_cnt \core.tr_ovf \core.tr_trunc 105'001100111000000000000000000000000000000000000000000011010110000000000000000000000000000000000000000000110 $auto$wreduce.cc:513:run$7394 [3:0] 75'000000000000000000000000000000000000000000010001010100110110011001000001011 \core.cfg[0] 1'1 }, Y={ $flatten\core.$procmux$5057_Y [143:128] $flatten\core.$procmux$5057_Y [120:88] $flatten\core.$procmux$5057_Y [80] }
      New connections: { $flatten\core.$procmux$5057_Y [127:121] $flatten\core.$procmux$5057_Y [87:81] $flatten\core.$procmux$5057_Y [79:0] } = { 1'0 $flatten\core.$procmux$5057_Y [80] 1'0 $flatten\core.$procmux$5057_Y [80] 1'0 $flatten\core.$procmux$5057_Y [80] 2'00 $flatten\core.$procmux$5057_Y [80] $flatten\core.$procmux$5057_Y [80] 1'0 $flatten\core.$procmux$5057_Y [80] 1'0 $flatten\core.$procmux$5057_Y [80] 80'00000000000000000000000000000000000000000000000000000000000000000000000000000000 }
    New ctrl vector for $pmux cell $flatten\core.$procmux$5137: { $flatten\core.$procmux$4622_CMP $flatten\core.$procmux$5088_CMP $flatten\core.$procmux$4484_CMP $auto$opt_reduce.cc:137:opt_pmux$9143 $flatten\core.$procmux$4969_CMP $flatten\core.$procmux$5151_CMP $flatten\core.$procmux$5147_CMP $flatten\core.$procmux$5143_CMP $flatten\core.$procmux$5139_CMP }
    Consolidated identical input bits for $mux cell $flatten\core.$procmux$5141:
      Old ports: A=4'1011, B=4'0000, Y=$flatten\core.$procmux$5141_Y
      New ports: A=1'1, B=1'0, Y=$flatten\core.$procmux$5141_Y [0]
      New connections: $flatten\core.$procmux$5141_Y [3:1] = { $flatten\core.$procmux$5141_Y [0] 1'0 $flatten\core.$procmux$5141_Y [0] }
    Consolidated identical input bits for $mux cell $flatten\core.$procmux$5145:
      Old ports: A=3'111, B=3'000, Y=$auto$wreduce.cc:513:run$7390 [2:0]
      New ports: A=1'1, B=1'0, Y=$auto$wreduce.cc:513:run$7390 [0]
      New connections: $auto$wreduce.cc:513:run$7390 [2:1] = { $auto$wreduce.cc:513:run$7390 [0] $auto$wreduce.cc:513:run$7390 [0] }
    Consolidated identical input bits for $mux cell $flatten\core.$procmux$5164:
      Old ports: A=3'011, B=3'100, Y=$auto$wreduce.cc:513:run$7391 [2:0]
      New ports: A=2'01, B=2'10, Y={ $auto$wreduce.cc:513:run$7391 [2] $auto$wreduce.cc:513:run$7391 [0] }
      New connections: $auto$wreduce.cc:513:run$7391 [1] = $auto$wreduce.cc:513:run$7391 [0]
    Consolidated identical input bits for $pmux cell $flatten\core.$procmux$5166:
      Old ports: A=4'0011, B={ 5'01110 $auto$wreduce.cc:513:run$7391 [2:0] }, Y=$flatten\core.$procmux$5166_Y
      New ports: A=3'011, B={ 3'111 $auto$wreduce.cc:513:run$7391 [2:0] }, Y=$flatten\core.$procmux$5166_Y [2:0]
      New connections: $flatten\core.$procmux$5166_Y [3] = 1'0
    Consolidated identical input bits for $mux cell $flatten\usb.$ternary$/home/matthias/prog/janestreet/emulator-wt-hdmi-ulx3s/prototypes/fpga-ulx3s/rtl/gen/usb_fs_device.v:2830$1632:
      Old ports: A={ 1'0 \usb._128 [4:1] }, B={ 1'1 \usb._128 [4] \usb._139 [2] \usb._128 [2:1] }, Y=\usb._140
      New ports: A={ 1'0 \usb._128 [3] }, B={ 1'1 \usb._139 [2] }, Y={ \usb._140 [4] \usb._140 [2] }
      New connections: { \usb._140 [3] \usb._140 [1:0] } = { \usb._128 [4] \usb._128 [2:1] }
    Consolidated identical input bits for $mux cell $flatten\usb.$ternary$/home/matthias/prog/janestreet/emulator-wt-hdmi-ulx3s/prototypes/fpga-ulx3s/rtl/gen/usb_fs_device.v:2866$1656:
      Old ports: A={ 1'0 \usb._275 [4:1] }, B={ 1'1 \usb._275 [4] \usb._286 [2] \usb._275 [2:1] }, Y=\usb._287
      New ports: A={ 1'0 \usb._275 [3] }, B={ 1'1 \usb._286 [2] }, Y={ \usb._287 [4] \usb._287 [2] }
      New connections: { \usb._287 [3] \usb._287 [1:0] } = { \usb._275 [4] \usb._275 [2:1] }
    Consolidated identical input bits for $mux cell $flatten\usb.$ternary$/home/matthias/prog/janestreet/emulator-wt-hdmi-ulx3s/prototypes/fpga-ulx3s/rtl/gen/usb_fs_device.v:2863$1654:
      Old ports: A={ 1'0 \usb._263 [4:1] }, B={ 1'1 \usb._263 [4] \usb._274 [2] \usb._263 [2:1] }, Y=\usb._275
      New ports: A={ 1'0 \usb._263 [3] }, B={ 1'1 \usb._274 [2] }, Y={ \usb._275 [4] \usb._275 [2] }
      New connections: { \usb._275 [3] \usb._275 [1:0] } = { \usb._263 [4] \usb._263 [2:1] }
    Consolidated identical input bits for $mux cell $flatten\usb.$ternary$/home/matthias/prog/janestreet/emulator-wt-hdmi-ulx3s/prototypes/fpga-ulx3s/rtl/gen/usb_fs_device.v:2860$1652:
      Old ports: A={ 1'0 \usb._251 [4:1] }, B={ 1'1 \usb._251 [4] \usb._262 [2] \usb._251 [2:1] }, Y=\usb._263
      New ports: A={ 1'0 \usb._251 [3] }, B={ 1'1 \usb._262 [2] }, Y={ \usb._263 [4] \usb._263 [2] }
      New connections: { \usb._263 [3] \usb._263 [1:0] } = { \usb._251 [4] \usb._251 [2:1] }
    Consolidated identical input bits for $mux cell $flatten\core.\utx.$procmux$4448:
      Old ports: A={ 1'1 \core.utx.data 1'0 }, B={ 1'1 \core.utx.sh [9:1] }, Y=$flatten\core.\utx.$procmux$4448_Y
      New ports: A={ \core.utx.data 1'0 }, B=\core.utx.sh [9:1], Y=$flatten\core.\utx.$procmux$4448_Y [8:0]
      New connections: $flatten\core.\utx.$procmux$4448_Y [9] = 1'1
    Consolidated identical input bits for $mux cell $flatten\usb.$ternary$/home/matthias/prog/janestreet/emulator-wt-hdmi-ulx3s/prototypes/fpga-ulx3s/rtl/gen/usb_fs_device.v:2571$1542:
      Old ports: A={ 1'0 \usb._321 [15:1] }, B={ 1'1 \usb._321 [15] \usb._1309 [13] \usb._321 [13:2] \usb._1309 [0] }, Y=\usb._1310
      New ports: A={ 1'0 \usb._321 [14] \usb._321 [1] }, B={ 1'1 \usb._1309 [13] \usb._1309 [0] }, Y={ \usb._1310 [15] \usb._1310 [13] \usb._1310 [0] }
      New connections: { \usb._1310 [14] \usb._1310 [12:1] } = { \usb._321 [15] \usb._321 [13:2] }
    Consolidated identical input bits for $pmux cell $flatten\core.\seq.$procmux$4277:
      Old ports: A={ \core.pin_s2 [7] \core.pin_s2 [7] \core.pin_s2 [7] \core.pin_s2 [7] }, B={ \core.pin_s2 [0] \core.pin_s2 [0] \core.pin_s2 [0] \core.pin_s2 [0] \core.pin_s2 [1] \core.pin_s2 [1] \core.pin_s2 [1] \core.pin_s2 [1] \core.pin_s2 [2] \core.pin_s2 [2] \core.pin_s2 [2] \core.pin_s2 [2] \core.pin_s2 [3] \core.pin_s2 [3] \core.pin_s2 [3] \core.pin_s2 [3] \core.pin_s2 [4] \core.pin_s2 [4] \core.pin_s2 [4] \core.pin_s2 [4] \core.pin_s2 [5] \core.pin_s2 [5] \core.pin_s2 [5] \core.pin_s2 [5] \core.pin_s2 [6] \core.pin_s2 [6] \core.pin_s2 [6] \core.pin_s2 [6] }, Y=\core.seq._369
      New ports: A=\core.pin_s2 [7], B={ \core.pin_s2 [0] \core.pin_s2 [1] \core.pin_s2 [2] \core.pin_s2 [3] \core.pin_s2 [4] \core.pin_s2 [5] \core.pin_s2 [6] }, Y=\core.seq._369 [0]
      New connections: \core.seq._369 [3:1] = { \core.seq._369 [0] \core.seq._369 [0] \core.seq._369 [0] }
    Consolidated identical input bits for $mux cell $flatten\usb.$ternary$/home/matthias/prog/janestreet/emulator-wt-hdmi-ulx3s/prototypes/fpga-ulx3s/rtl/gen/usb_fs_device.v:2574$1544:
      Old ports: A={ 1'0 \usb._1310 [15:1] }, B={ 1'1 \usb._1310 [15] \usb._1321 [13] \usb._1310 [13:2] \usb._1321 [0] }, Y=\usb._1322
      New ports: A={ 1'0 \usb._1310 [14] \usb._1310 [1] }, B={ 1'1 \usb._1321 [13] \usb._1321 [0] }, Y={ \usb._1322 [15] \usb._1322 [13] \usb._1322 [0] }
      New connections: { \usb._1322 [14] \usb._1322 [12:1] } = { \usb._1310 [15] \usb._1310 [13:2] }
    Consolidated identical input bits for $mux cell $flatten\core.\seq.$ternary$/home/matthias/prog/janestreet/emulator-wt-hdmi-ulx3s/prototypes/fpga-ulx3s/rtl/gen/deadline_sequencer.v:964$639:
      Old ports: A={ \core.seq._285 \core.seq._285 \core.seq._285 \core.seq._285 \core.seq._285 \core.seq._285 \core.seq._285 \core.seq._285 }, B=8'00000000, Y=\core.seq._463
      New ports: A=\core.seq._285, B=1'0, Y=\core.seq._463 [0]
      New connections: \core.seq._463 [7:1] = { \core.seq._463 [0] \core.seq._463 [0] \core.seq._463 [0] \core.seq._463 [0] \core.seq._463 [0] \core.seq._463 [0] \core.seq._463 [0] }
    Consolidated identical input bits for $mux cell $flatten\usb.$ternary$/home/matthias/prog/janestreet/emulator-wt-hdmi-ulx3s/prototypes/fpga-ulx3s/rtl/gen/usb_fs_device.v:2577$1546:
      Old ports: A={ 1'0 \usb._1322 [15:1] }, B={ 1'1 \usb._1322 [15] \usb._1333 [13] \usb._1322 [13:2] \usb._1333 [0] }, Y=\usb._1334
      New ports: A={ 1'0 \usb._1322 [14] \usb._1322 [1] }, B={ 1'1 \usb._1333 [13] \usb._1333 [0] }, Y={ \usb._1334 [15] \usb._1334 [13] \usb._1334 [0] }
      New connections: { \usb._1334 [14] \usb._1334 [12:1] } = { \usb._1322 [15] \usb._1322 [13:2] }
    Consolidated identical input bits for $mux cell $flatten\usb.$ternary$/home/matthias/prog/janestreet/emulator-wt-hdmi-ulx3s/prototypes/fpga-ulx3s/rtl/gen/usb_fs_device.v:2580$1548:
      Old ports: A={ 1'0 \usb._1334 [15:1] }, B={ 1'1 \usb._1334 [15] \usb._1345 [13] \usb._1334 [13:2] \usb._1345 [0] }, Y=\usb._1346
      New ports: A={ 1'0 \usb._1334 [14] \usb._1334 [1] }, B={ 1'1 \usb._1345 [13] \usb._1345 [0] }, Y={ \usb._1346 [15] \usb._1346 [13] \usb._1346 [0] }
      New connections: { \usb._1346 [14] \usb._1346 [12:1] } = { \usb._1334 [15] \usb._1334 [13:2] }
    Consolidated identical input bits for $mux cell $flatten\usb.$ternary$/home/matthias/prog/janestreet/emulator-wt-hdmi-ulx3s/prototypes/fpga-ulx3s/rtl/gen/usb_fs_device.v:2583$1550:
      Old ports: A={ 1'0 \usb._1346 [15:1] }, B={ 1'1 \usb._1346 [15] \usb._1357 [13] \usb._1346 [13:2] \usb._1357 [0] }, Y=\usb._1358
      New ports: A={ 1'0 \usb._1346 [14] \usb._1346 [1] }, B={ 1'1 \usb._1357 [13] \usb._1357 [0] }, Y={ \usb._1358 [15] \usb._1358 [13] \usb._1358 [0] }
      New connections: { \usb._1358 [14] \usb._1358 [12:1] } = { \usb._1346 [15] \usb._1346 [13:2] }
    Consolidated identical input bits for $mux cell $flatten\usb.$ternary$/home/matthias/prog/janestreet/emulator-wt-hdmi-ulx3s/prototypes/fpga-ulx3s/rtl/gen/usb_fs_device.v:1469$1005:
      Old ports: A=8'11000011, B=8'01001011, Y=\usb._668
      New ports: A=2'10, B=2'01, Y={ \usb._668 [7] \usb._668 [3] }
      New connections: { \usb._668 [6:4] \usb._668 [2:0] } = 6'100011
    Consolidated identical input bits for $mux cell $flatten\core.\str.$ternary$/home/matthias/prog/janestreet/emulator-wt-hdmi-ulx3s/prototypes/fpga-ulx3s/rtl/gen/pin_streamer.v:234$745:
      Old ports: A=4'0100, B=4'1000, Y=\core.str._74 [3:0]
      New ports: A=2'01, B=2'10, Y=\core.str._74 [3:2]
      New connections: \core.str._74 [1:0] = 2'00
    Consolidated identical input bits for $mux cell $flatten\core.\str.$ternary$/home/matthias/prog/janestreet/emulator-wt-hdmi-ulx3s/prototypes/fpga-ulx3s/rtl/gen/pin_streamer.v:183$728:
      Old ports: A=4'1111, B=4'0011, Y=\core.str._93
      New ports: A=1'1, B=1'0, Y=\core.str._93 [2]
      New connections: { \core.str._93 [3] \core.str._93 [1:0] } = { \core.str._93 [2] 2'11 }
    Consolidated identical input bits for $mux cell $flatten\usb.$ternary$/home/matthias/prog/janestreet/emulator-wt-hdmi-ulx3s/prototypes/fpga-ulx3s/rtl/gen/usb_fs_device.v:2586$1552:
      Old ports: A={ 1'0 \usb._1358 [15:1] }, B={ 1'1 \usb._1358 [15] \usb._1369 [13] \usb._1358 [13:2] \usb._1369 [0] }, Y=\usb._1370
      New ports: A={ 1'0 \usb._1358 [14] \usb._1358 [1] }, B={ 1'1 \usb._1369 [13] \usb._1369 [0] }, Y={ \usb._1370 [15] \usb._1370 [13] \usb._1370 [0] }
      New connections: { \usb._1370 [14] \usb._1370 [12:1] } = { \usb._1358 [15] \usb._1358 [13:2] }
    Consolidated identical input bits for $mux cell $flatten\core.\smp.$ternary$/home/matthias/prog/janestreet/emulator-wt-hdmi-ulx3s/prototypes/fpga-ulx3s/rtl/gen/pin_sampler.v:357$842:
      Old ports: A=4'0100, B=4'1000, Y=\core.smp._61 [3:0]
      New ports: A=2'01, B=2'10, Y=\core.smp._61 [3:2]
      New connections: \core.smp._61 [1:0] = 2'00
    Consolidated identical input bits for $mux cell $flatten\core.\smp.$ternary$/home/matthias/prog/janestreet/emulator-wt-hdmi-ulx3s/prototypes/fpga-ulx3s/rtl/gen/pin_sampler.v:316$826:
      Old ports: A={ \core.smp._192 [1:0] 2'00 }, B={ \core.smp._192 [2:0] 1'0 }, Y=\core.smp._109 [3:0]
      New ports: A={ \core.smp._192 [1:0] 1'0 }, B=\core.smp._192 [2:0], Y=\core.smp._109 [3:1]
      New connections: \core.smp._109 [0] = 1'0
    Consolidated identical input bits for $mux cell $flatten\core.\smp.$ternary$/home/matthias/prog/janestreet/emulator-wt-hdmi-ulx3s/prototypes/fpga-ulx3s/rtl/gen/pin_sampler.v:292$818:
      Old ports: A=4'1111, B=4'0011, Y=\core.smp._124 [3:0]
      New ports: A=1'1, B=1'0, Y=\core.smp._124 [2]
      New connections: { \core.smp._124 [3] \core.smp._124 [1:0] } = { \core.smp._124 [2] 2'11 }
    Consolidated identical input bits for $mux cell $flatten\usb.$ternary$/home/matthias/prog/janestreet/emulator-wt-hdmi-ulx3s/prototypes/fpga-ulx3s/rtl/gen/usb_fs_device.v:2589$1554:
      Old ports: A={ 1'0 \usb._1370 [15:1] }, B={ 1'1 \usb._1370 [15] \usb._1381 [13] \usb._1370 [13:2] \usb._1381 [0] }, Y=\usb._1382
      New ports: A={ 1'0 \usb._1370 [14] \usb._1370 [1] }, B={ 1'1 \usb._1381 [13] \usb._1381 [0] }, Y={ \usb._1382 [15] \usb._1382 [13] \usb._1382 [0] }
      New connections: { \usb._1382 [14] \usb._1382 [12:1] } = { \usb._1370 [15] \usb._1370 [13:2] }
    Consolidated identical input bits for $pmux cell $flatten\hdmi.\pixel.$procmux$3808:
      Old ports: A=10'1010101011, B=30'110101010000101010110101010100, Y=\hdmi.pixel._701
      New ports: A=3'101, B=9'110001010, Y={ \hdmi.pixel._701 [9] \hdmi.pixel._701 [2] \hdmi.pixel._701 [0] }
      New connections: { \hdmi.pixel._701 [8:3] \hdmi.pixel._701 [1] } = { \hdmi.pixel._701 [2] \hdmi.pixel._701 [0] \hdmi.pixel._701 [2] \hdmi.pixel._701 [0] \hdmi.pixel._701 [2] \hdmi.pixel._701 [0] \hdmi.pixel._701 [0] }
    Consolidated identical input bits for $mux cell $flatten\hdmi.\pixel.$ternary$/home/matthias/prog/janestreet/emulator-wt-hdmi-ulx3s/prototypes/fpga-ulx3s/../hdmi-ulx3s/rtl/gen/hdmi_pixel.v:1202$2107:
      Old ports: A=8'11111111, B=8'00000000, Y=\hdmi.pixel._81
      New ports: A=1'1, B=1'0, Y=\hdmi.pixel._81 [0]
      New connections: \hdmi.pixel._81 [7:1] = { \hdmi.pixel._81 [0] \hdmi.pixel._81 [0] \hdmi.pixel._81 [0] \hdmi.pixel._81 [0] \hdmi.pixel._81 [0] \hdmi.pixel._81 [0] \hdmi.pixel._81 [0] }
    Consolidated identical input bits for $mux cell $flatten\hdmi.\pixel.$ternary$/home/matthias/prog/janestreet/emulator-wt-hdmi-ulx3s/prototypes/fpga-ulx3s/../hdmi-ulx3s/rtl/gen/hdmi_pixel.v:1194$2103:
      Old ports: A=8'00000000, B=8'11111111, Y=\hdmi.pixel._508
      New ports: A=1'0, B=1'1, Y=\hdmi.pixel._508 [0]
      New connections: \hdmi.pixel._508 [7:1] = { \hdmi.pixel._508 [0] \hdmi.pixel._508 [0] \hdmi.pixel._508 [0] \hdmi.pixel._508 [0] \hdmi.pixel._508 [0] \hdmi.pixel._508 [0] \hdmi.pixel._508 [0] }
    Consolidated identical input bits for $mux cell $flatten\hdmi.\pixel.$ternary$/home/matthias/prog/janestreet/emulator-wt-hdmi-ulx3s/prototypes/fpga-ulx3s/../hdmi-ulx3s/rtl/gen/hdmi_pixel.v:1036$2035:
      Old ports: A={ \hdmi.pixel._650 [4:1] 1'x }, B={ \hdmi.pixel._649 [4:1] 1'x }, Y=\hdmi.pixel._651
      New ports: A=\hdmi.pixel._650 [4:1], B=\hdmi.pixel._649 [4:1], Y=\hdmi.pixel._651 [4:1]
      New connections: \hdmi.pixel._651 [0] = 1'x
    Consolidated identical input bits for $mux cell $flatten\hdmi.\pixel.$ternary$/home/matthias/prog/janestreet/emulator-wt-hdmi-ulx3s/prototypes/fpga-ulx3s/../hdmi-ulx3s/rtl/gen/hdmi_pixel.v:1032$2031:
      Old ports: A={ 1'0 \hdmi.pixel._627 \hdmi.pixel._579 \hdmi.pixel._575 \hdmi.pixel._571 \hdmi.pixel._567 \hdmi.pixel._563 \hdmi.pixel._559 \hdmi.pixel._555 \hdmi.pixel._513 [0] }, B={ 1'1 \hdmi.pixel._627 \hdmi.pixel._703 }, Y=\hdmi.pixel._705
      New ports: A={ 1'0 \hdmi.pixel._579 \hdmi.pixel._575 \hdmi.pixel._571 \hdmi.pixel._567 \hdmi.pixel._563 \hdmi.pixel._559 \hdmi.pixel._555 \hdmi.pixel._513 [0] }, B={ 1'1 \hdmi.pixel._703 }, Y={ \hdmi.pixel._705 [9] \hdmi.pixel._705 [7:0] }
      New connections: \hdmi.pixel._705 [8] = \hdmi.pixel._627
    Consolidated identical input bits for $mux cell $flatten\hdmi.\pixel.$ternary$/home/matthias/prog/janestreet/emulator-wt-hdmi-ulx3s/prototypes/fpga-ulx3s/../hdmi-ulx3s/rtl/gen/hdmi_pixel.v:954$1994:
      Old ports: A=8'00000000, B=8'11111111, Y=\hdmi.pixel._318
      New ports: A=1'0, B=1'1, Y=\hdmi.pixel._318 [0]
      New connections: \hdmi.pixel._318 [7:1] = { \hdmi.pixel._318 [0] \hdmi.pixel._318 [0] \hdmi.pixel._318 [0] \hdmi.pixel._318 [0] \hdmi.pixel._318 [0] \hdmi.pixel._318 [0] \hdmi.pixel._318 [0] }
    Consolidated identical input bits for $mux cell $flatten\hdmi.\pixel.$ternary$/home/matthias/prog/janestreet/emulator-wt-hdmi-ulx3s/prototypes/fpga-ulx3s/../hdmi-ulx3s/rtl/gen/hdmi_pixel.v:845$1952:
      Old ports: A={ \hdmi.pixel._460 [4:1] 1'x }, B={ \hdmi.pixel._459 [4:1] 1'x }, Y=\hdmi.pixel._461
      New ports: A=\hdmi.pixel._460 [4:1], B=\hdmi.pixel._459 [4:1], Y=\hdmi.pixel._461 [4:1]
      New connections: \hdmi.pixel._461 [0] = 1'x
    Consolidated identical input bits for $mux cell $flatten\hdmi.\pixel.$ternary$/home/matthias/prog/janestreet/emulator-wt-hdmi-ulx3s/prototypes/fpga-ulx3s/../hdmi-ulx3s/rtl/gen/hdmi_pixel.v:841$1948:
      Old ports: A={ 1'0 \hdmi.pixel._437 \hdmi.pixel._389 \hdmi.pixel._385 \hdmi.pixel._381 \hdmi.pixel._377 \hdmi.pixel._373 \hdmi.pixel._369 \hdmi.pixel._365 \hdmi.pixel._323 [0] }, B={ 1'1 \hdmi.pixel._437 \hdmi.pixel._469 }, Y=\hdmi.pixel._471
      New ports: A={ 1'0 \hdmi.pixel._389 \hdmi.pixel._385 \hdmi.pixel._381 \hdmi.pixel._377 \hdmi.pixel._373 \hdmi.pixel._369 \hdmi.pixel._365 \hdmi.pixel._323 [0] }, B={ 1'1 \hdmi.pixel._469 }, Y={ \hdmi.pixel._471 [9] \hdmi.pixel._471 [7:0] }
      New connections: \hdmi.pixel._471 [8] = \hdmi.pixel._437
    Consolidated identical input bits for $mux cell $flatten\hdmi.\pixel.$ternary$/home/matthias/prog/janestreet/emulator-wt-hdmi-ulx3s/prototypes/fpga-ulx3s/../hdmi-ulx3s/rtl/gen/hdmi_pixel.v:760$1911:
      Old ports: A=8'00000000, B=8'11111111, Y=\hdmi.pixel._137
      New ports: A=1'0, B=1'1, Y=\hdmi.pixel._137 [0]
      New connections: \hdmi.pixel._137 [7:1] = { \hdmi.pixel._137 [0] \hdmi.pixel._137 [0] \hdmi.pixel._137 [0] \hdmi.pixel._137 [0] \hdmi.pixel._137 [0] \hdmi.pixel._137 [0] \hdmi.pixel._137 [0] }
    Consolidated identical input bits for $mux cell $flatten\usb.$ternary$/home/matthias/prog/janestreet/emulator-wt-hdmi-ulx3s/prototypes/fpga-ulx3s/rtl/gen/usb_fs_device.v:2592$1556:
      Old ports: A={ 1'0 \usb._1382 [15:1] }, B={ 1'1 \usb._1382 [15] \usb._1393 [13] \usb._1382 [13:2] \usb._1393 [0] }, Y=\usb._1394
      New ports: A={ 1'0 \usb._1382 [14] \usb._1382 [1] }, B={ 1'1 \usb._1393 [13] \usb._1393 [0] }, Y={ \usb._1394 [15] \usb._1394 [13] \usb._1394 [0] }
      New connections: { \usb._1394 [14] \usb._1394 [12:1] } = { \usb._1382 [15] \usb._1382 [13:2] }
    Consolidated identical input bits for $mux cell $flatten\hdmi.\pixel.$ternary$/home/matthias/prog/janestreet/emulator-wt-hdmi-ulx3s/prototypes/fpga-ulx3s/../hdmi-ulx3s/rtl/gen/hdmi_pixel.v:638$1863:
      Old ports: A={ \hdmi.pixel._280 [4:1] 1'x }, B={ \hdmi.pixel._279 [4:1] 1'x }, Y=\hdmi.pixel._281
      New ports: A=\hdmi.pixel._280 [4:1], B=\hdmi.pixel._279 [4:1], Y=\hdmi.pixel._281 [4:1]
      New connections: \hdmi.pixel._281 [0] = 1'x
    Consolidated identical input bits for $mux cell $flatten\hdmi.\pixel.$ternary$/home/matthias/prog/janestreet/emulator-wt-hdmi-ulx3s/prototypes/fpga-ulx3s/../hdmi-ulx3s/rtl/gen/hdmi_pixel.v:632$1859:
      Old ports: A={ 1'0 \hdmi.pixel._256 \hdmi.pixel._208 \hdmi.pixel._204 \hdmi.pixel._200 \hdmi.pixel._196 \hdmi.pixel._192 \hdmi.pixel._188 \hdmi.pixel._184 \hdmi.pixel._142 [0] }, B={ 1'1 \hdmi.pixel._256 \hdmi.pixel._289 }, Y=\hdmi.pixel._291
      New ports: A={ 1'0 \hdmi.pixel._208 \hdmi.pixel._204 \hdmi.pixel._200 \hdmi.pixel._196 \hdmi.pixel._192 \hdmi.pixel._188 \hdmi.pixel._184 \hdmi.pixel._142 [0] }, B={ 1'1 \hdmi.pixel._289 }, Y={ \hdmi.pixel._291 [9] \hdmi.pixel._291 [7:0] }
      New connections: \hdmi.pixel._291 [8] = \hdmi.pixel._256
    Consolidated identical input bits for $mux cell $flatten\usb.$ternary$/home/matthias/prog/janestreet/emulator-wt-hdmi-ulx3s/prototypes/fpga-ulx3s/rtl/gen/usb_fs_device.v:2302$1411:
      Old ports: A=6'100000, B=6'010010, Y=\usb._1146
      New ports: A=2'10, B=2'01, Y={ \usb._1146 [5] \usb._1146 [1] }
      New connections: { \usb._1146 [4:2] \usb._1146 [0] } = { \usb._1146 [1] 3'000 }
    New input vector for $reduce_or cell $auto$opt_reduce.cc:131:opt_pmux$9142: { $flatten\core.$procmux$4975_CMP $flatten\core.$procmux$4979_CMP $flatten\core.$procmux$4982_CMP }
  Optimizing cells in module \ulx3s_top.
    Consolidated identical input bits for $mux cell $memory$flatten\usb.$auto$proc_rom.cc:155:do_switch$3750$rdmux[0][4][11]$8942:
      Old ports: A=$memory$flatten\usb.$auto$proc_rom.cc:155:do_switch$3750$rdmux[0][4][11]$a$8943, B=$memory$flatten\usb.$auto$proc_rom.cc:155:do_switch$3750$rdmux[0][4][11]$b$8944, Y=$memory$flatten\usb.$auto$proc_rom.cc:155:do_switch$3750$rdmux[0][3][5]$b$8902
      New ports: A={ $memory$flatten\usb.$auto$proc_rom.cc:155:do_switch$3750$rdmux[0][4][11]$a$8943 [7] 1'0 $memory$flatten\usb.$auto$proc_rom.cc:155:do_switch$3750$rdmux[0][4][11]$a$8943 [2] 2'01 }, B={ 1'0 $memory$flatten\usb.$auto$proc_rom.cc:155:do_switch$3750$rdmux[0][4][11]$b$8944 [3] 1'0 $memory$flatten\usb.$auto$proc_rom.cc:155:do_switch$3750$rdmux[0][4][11]$b$8944 [1] 1'0 }, Y={ $memory$flatten\usb.$auto$proc_rom.cc:155:do_switch$3750$rdmux[0][3][5]$b$8902 [7] $memory$flatten\usb.$auto$proc_rom.cc:155:do_switch$3750$rdmux[0][3][5]$b$8902 [3:0] }
      New connections: $memory$flatten\usb.$auto$proc_rom.cc:155:do_switch$3750$rdmux[0][3][5]$b$8902 [6:4] = 3'000
    Consolidated identical input bits for $mux cell $memory$flatten\usb.$auto$proc_rom.cc:155:do_switch$3750$rdmux[0][4][10]$8939:
      Old ports: A=$memory$flatten\usb.$auto$proc_rom.cc:155:do_switch$3750$rdmux[0][4][10]$a$8940, B=$memory$flatten\usb.$auto$proc_rom.cc:155:do_switch$3750$rdmux[0][4][10]$b$8941, Y=$memory$flatten\usb.$auto$proc_rom.cc:155:do_switch$3750$rdmux[0][3][5]$a$8901
      New ports: A={ $memory$flatten\usb.$auto$proc_rom.cc:155:do_switch$3750$rdmux[0][4][10]$a$8940 [3] 1'0 }, B={ 1'0 $memory$flatten\usb.$auto$proc_rom.cc:155:do_switch$3750$rdmux[0][4][10]$b$8941 [0] }, Y={ $memory$flatten\usb.$auto$proc_rom.cc:155:do_switch$3750$rdmux[0][3][5]$a$8901 [3] $memory$flatten\usb.$auto$proc_rom.cc:155:do_switch$3750$rdmux[0][3][5]$a$8901 [0] }
      New connections: { $memory$flatten\usb.$auto$proc_rom.cc:155:do_switch$3750$rdmux[0][3][5]$a$8901 [7:4] $memory$flatten\usb.$auto$proc_rom.cc:155:do_switch$3750$rdmux[0][3][5]$a$8901 [2:1] } = { 4'0000 $memory$flatten\usb.$auto$proc_rom.cc:155:do_switch$3750$rdmux[0][3][5]$a$8901 [0] $memory$flatten\usb.$auto$proc_rom.cc:155:do_switch$3750$rdmux[0][3][5]$a$8901 [0] }
    Consolidated identical input bits for $mux cell $memory$flatten\usb.$auto$proc_rom.cc:155:do_switch$3750$rdmux[0][4][9]$8936:
      Old ports: A=$memory$flatten\usb.$auto$proc_rom.cc:155:do_switch$3750$rdmux[0][4][9]$a$8937, B=$memory$flatten\usb.$auto$proc_rom.cc:155:do_switch$3750$rdmux[0][4][9]$b$8938, Y=$memory$flatten\usb.$auto$proc_rom.cc:155:do_switch$3750$rdmux[0][3][4]$b$8899
      New ports: A={ 1'1 $memory$flatten\usb.$auto$proc_rom.cc:155:do_switch$3750$rdmux[0][4][9]$a$8937 [1] 1'1 }, B={ 1'0 $memory$flatten\usb.$auto$proc_rom.cc:155:do_switch$3750$rdmux[0][4][9]$b$8938 [1:0] }, Y=$memory$flatten\usb.$auto$proc_rom.cc:155:do_switch$3750$rdmux[0][3][4]$b$8899 [2:0]
      New connections: $memory$flatten\usb.$auto$proc_rom.cc:155:do_switch$3750$rdmux[0][3][4]$b$8899 [7:3] = 5'00000
    Consolidated identical input bits for $mux cell $memory$flatten\usb.$auto$proc_rom.cc:155:do_switch$3750$rdmux[0][4][8]$8933:
      Old ports: A=$memory$flatten\usb.$auto$proc_rom.cc:155:do_switch$3750$rdmux[0][4][8]$a$8934, B=8'00000000, Y=$memory$flatten\usb.$auto$proc_rom.cc:155:do_switch$3750$rdmux[0][3][4]$a$8898
      New ports: A=$memory$flatten\usb.$auto$proc_rom.cc:155:do_switch$3750$rdmux[0][4][8]$a$8934 [0], B=1'0, Y=$memory$flatten\usb.$auto$proc_rom.cc:155:do_switch$3750$rdmux[0][3][4]$a$8898 [0]
      New connections: $memory$flatten\usb.$auto$proc_rom.cc:155:do_switch$3750$rdmux[0][3][4]$a$8898 [7:1] = { $memory$flatten\usb.$auto$proc_rom.cc:155:do_switch$3750$rdmux[0][3][4]$a$8898 [0] $memory$flatten\usb.$auto$proc_rom.cc:155:do_switch$3750$rdmux[0][3][4]$a$8898 [0] $memory$flatten\usb.$auto$proc_rom.cc:155:do_switch$3750$rdmux[0][3][4]$a$8898 [0] $memory$flatten\usb.$auto$proc_rom.cc:155:do_switch$3750$rdmux[0][3][4]$a$8898 [0] $memory$flatten\usb.$auto$proc_rom.cc:155:do_switch$3750$rdmux[0][3][4]$a$8898 [0] $memory$flatten\usb.$auto$proc_rom.cc:155:do_switch$3750$rdmux[0][3][4]$a$8898 [0] $memory$flatten\usb.$auto$proc_rom.cc:155:do_switch$3750$rdmux[0][3][4]$a$8898 [0] }
    Consolidated identical input bits for $mux cell $memory$flatten\usb.$auto$proc_rom.cc:155:do_switch$3750$rdmux[0][4][7]$8930:
      Old ports: A=$memory$flatten\usb.$auto$proc_rom.cc:155:do_switch$3750$rdmux[0][4][7]$a$8931, B=$memory$flatten\usb.$auto$proc_rom.cc:155:do_switch$3750$rdmux[0][4][7]$b$8932, Y=$memory$flatten\usb.$auto$proc_rom.cc:155:do_switch$3750$rdmux[0][3][3]$b$8896
      New ports: A={ $memory$flatten\usb.$auto$proc_rom.cc:155:do_switch$3750$rdmux[0][4][7]$a$8931 [2] 1'0 }, B={ 1'0 $memory$flatten\usb.$auto$proc_rom.cc:155:do_switch$3750$rdmux[0][4][7]$b$8932 [1] }, Y=$memory$flatten\usb.$auto$proc_rom.cc:155:do_switch$3750$rdmux[0][3][3]$b$8896 [2:1]
      New connections: { $memory$flatten\usb.$auto$proc_rom.cc:155:do_switch$3750$rdmux[0][3][3]$b$8896 [7:3] $memory$flatten\usb.$auto$proc_rom.cc:155:do_switch$3750$rdmux[0][3][3]$b$8896 [0] } = 6'000000
    Consolidated identical input bits for $mux cell $memory$flatten\usb.$auto$proc_rom.cc:155:do_switch$3750$rdmux[0][4][6]$8927:
      Old ports: A=$memory$flatten\usb.$auto$proc_rom.cc:155:do_switch$3750$rdmux[0][4][6]$a$8928, B=$memory$flatten\usb.$auto$proc_rom.cc:155:do_switch$3750$rdmux[0][4][6]$b$8929, Y=$memory$flatten\usb.$auto$proc_rom.cc:155:do_switch$3750$rdmux[0][3][3]$a$8895
      New ports: A={ $memory$flatten\usb.$auto$proc_rom.cc:155:do_switch$3750$rdmux[0][4][6]$a$8928 [7] 2'00 }, B={ 1'0 $memory$flatten\usb.$auto$proc_rom.cc:155:do_switch$3750$rdmux[0][4][6]$b$8929 [1:0] }, Y={ $memory$flatten\usb.$auto$proc_rom.cc:155:do_switch$3750$rdmux[0][3][3]$a$8895 [7] $memory$flatten\usb.$auto$proc_rom.cc:155:do_switch$3750$rdmux[0][3][3]$a$8895 [1:0] }
      New connections: $memory$flatten\usb.$auto$proc_rom.cc:155:do_switch$3750$rdmux[0][3][3]$a$8895 [6:2] = { 1'0 $memory$flatten\usb.$auto$proc_rom.cc:155:do_switch$3750$rdmux[0][3][3]$a$8895 [1] $memory$flatten\usb.$auto$proc_rom.cc:155:do_switch$3750$rdmux[0][3][3]$a$8895 [1:0] 1'0 }
    Consolidated identical input bits for $mux cell $memory$flatten\usb.$auto$proc_rom.cc:155:do_switch$3750$rdmux[0][4][5]$8924:
      Old ports: A=$memory$flatten\usb.$auto$proc_rom.cc:155:do_switch$3750$rdmux[0][4][5]$a$8925, B=8'00000001, Y=$memory$flatten\usb.$auto$proc_rom.cc:155:do_switch$3750$rdmux[0][3][2]$b$8893
      New ports: A={ $memory$flatten\usb.$auto$proc_rom.cc:155:do_switch$3750$rdmux[0][4][5]$a$8925 [5] 1'0 }, B=2'01, Y={ $memory$flatten\usb.$auto$proc_rom.cc:155:do_switch$3750$rdmux[0][3][2]$b$8893 [5] $memory$flatten\usb.$auto$proc_rom.cc:155:do_switch$3750$rdmux[0][3][2]$b$8893 [0] }
      New connections: { $memory$flatten\usb.$auto$proc_rom.cc:155:do_switch$3750$rdmux[0][3][2]$b$8893 [7:6] $memory$flatten\usb.$auto$proc_rom.cc:155:do_switch$3750$rdmux[0][3][2]$b$8893 [4:1] } = 6'000000
    Consolidated identical input bits for $mux cell $memory$flatten\usb.$auto$proc_rom.cc:155:do_switch$3750$rdmux[0][4][4]$8921:
      Old ports: A=$memory$flatten\usb.$auto$proc_rom.cc:155:do_switch$3750$rdmux[0][4][4]$a$8922, B=$memory$flatten\usb.$auto$proc_rom.cc:155:do_switch$3750$rdmux[0][4][4]$b$8923, Y=$memory$flatten\usb.$auto$proc_rom.cc:155:do_switch$3750$rdmux[0][3][2]$a$8892
      New ports: A={ 2'00 $memory$flatten\usb.$auto$proc_rom.cc:155:do_switch$3750$rdmux[0][4][4]$a$8922 [0] }, B={ $memory$flatten\usb.$auto$proc_rom.cc:155:do_switch$3750$rdmux[0][4][4]$b$8923 [0] $memory$flatten\usb.$auto$proc_rom.cc:155:do_switch$3750$rdmux[0][4][4]$b$8923 [1:0] }, Y={ $memory$flatten\usb.$auto$proc_rom.cc:155:do_switch$3750$rdmux[0][3][2]$a$8892 [3] $memory$flatten\usb.$auto$proc_rom.cc:155:do_switch$3750$rdmux[0][3][2]$a$8892 [1:0] }
      New connections: { $memory$flatten\usb.$auto$proc_rom.cc:155:do_switch$3750$rdmux[0][3][2]$a$8892 [7:4] $memory$flatten\usb.$auto$proc_rom.cc:155:do_switch$3750$rdmux[0][3][2]$a$8892 [2] } = 5'00000
    Consolidated identical input bits for $mux cell $memory$flatten\usb.$auto$proc_rom.cc:155:do_switch$3750$rdmux[0][4][3]$8918:
      Old ports: A=$memory$flatten\usb.$auto$proc_rom.cc:155:do_switch$3750$rdmux[0][4][3]$a$8919, B=8'00000000, Y=$memory$flatten\usb.$auto$proc_rom.cc:155:do_switch$3750$rdmux[0][3][1]$b$8890
      New ports: A=$memory$flatten\usb.$auto$proc_rom.cc:155:do_switch$3750$rdmux[0][4][3]$a$8919 [0], B=1'0, Y=$memory$flatten\usb.$auto$proc_rom.cc:155:do_switch$3750$rdmux[0][3][1]$b$8890 [0]
      New connections: $memory$flatten\usb.$auto$proc_rom.cc:155:do_switch$3750$rdmux[0][3][1]$b$8890 [7:1] = 7'0000000
    Consolidated identical input bits for $mux cell $memory$flatten\usb.$auto$proc_rom.cc:155:do_switch$3750$rdmux[0][4][2]$8915:
      Old ports: A=$memory$flatten\usb.$auto$proc_rom.cc:155:do_switch$3750$rdmux[0][4][2]$a$8916, B=$memory$flatten\usb.$auto$proc_rom.cc:155:do_switch$3750$rdmux[0][4][2]$b$8917, Y=$memory$flatten\usb.$auto$proc_rom.cc:155:do_switch$3750$rdmux[0][3][1]$a$8889
      New ports: A={ $memory$flatten\usb.$auto$proc_rom.cc:155:do_switch$3750$rdmux[0][4][2]$a$8916 [0] $memory$flatten\usb.$auto$proc_rom.cc:155:do_switch$3750$rdmux[0][4][2]$a$8916 [1:0] }, B={ 2'00 $memory$flatten\usb.$auto$proc_rom.cc:155:do_switch$3750$rdmux[0][4][2]$b$8917 [0] }, Y={ $memory$flatten\usb.$auto$proc_rom.cc:155:do_switch$3750$rdmux[0][3][1]$a$8889 [3] $memory$flatten\usb.$auto$proc_rom.cc:155:do_switch$3750$rdmux[0][3][1]$a$8889 [1:0] }
      New connections: { $memory$flatten\usb.$auto$proc_rom.cc:155:do_switch$3750$rdmux[0][3][1]$a$8889 [7:4] $memory$flatten\usb.$auto$proc_rom.cc:155:do_switch$3750$rdmux[0][3][1]$a$8889 [2] } = { 3'000 $memory$flatten\usb.$auto$proc_rom.cc:155:do_switch$3750$rdmux[0][3][1]$a$8889 [1] 1'0 }
    Consolidated identical input bits for $mux cell $memory$flatten\usb.$auto$proc_rom.cc:155:do_switch$3750$rdmux[0][4][1]$8912:
      Old ports: A=$memory$flatten\usb.$auto$proc_rom.cc:155:do_switch$3750$rdmux[0][4][1]$a$8913, B=$memory$flatten\usb.$auto$proc_rom.cc:155:do_switch$3750$rdmux[0][4][1]$b$8914, Y=$memory$flatten\usb.$auto$proc_rom.cc:155:do_switch$3750$rdmux[0][3][0]$b$8887
      New ports: A={ $memory$flatten\usb.$auto$proc_rom.cc:155:do_switch$3750$rdmux[0][4][1]$a$8913 [0] $memory$flatten\usb.$auto$proc_rom.cc:155:do_switch$3750$rdmux[0][4][1]$a$8913 [0] }, B={ $memory$flatten\usb.$auto$proc_rom.cc:155:do_switch$3750$rdmux[0][4][1]$b$8914 [3] 1'0 }, Y={ $memory$flatten\usb.$auto$proc_rom.cc:155:do_switch$3750$rdmux[0][3][0]$b$8887 [3] $memory$flatten\usb.$auto$proc_rom.cc:155:do_switch$3750$rdmux[0][3][0]$b$8887 [0] }
      New connections: { $memory$flatten\usb.$auto$proc_rom.cc:155:do_switch$3750$rdmux[0][3][0]$b$8887 [7:4] $memory$flatten\usb.$auto$proc_rom.cc:155:do_switch$3750$rdmux[0][3][0]$b$8887 [2:1] } = { $memory$flatten\usb.$auto$proc_rom.cc:155:do_switch$3750$rdmux[0][3][0]$b$8887 [0] $memory$flatten\usb.$auto$proc_rom.cc:155:do_switch$3750$rdmux[0][3][0]$b$8887 [0] $memory$flatten\usb.$auto$proc_rom.cc:155:do_switch$3750$rdmux[0][3][0]$b$8887 [0] $memory$flatten\usb.$auto$proc_rom.cc:155:do_switch$3750$rdmux[0][3][0]$b$8887 [0] $memory$flatten\usb.$auto$proc_rom.cc:155:do_switch$3750$rdmux[0][3][0]$b$8887 [0] $memory$flatten\usb.$auto$proc_rom.cc:155:do_switch$3750$rdmux[0][3][0]$b$8887 [0] }
    Consolidated identical input bits for $mux cell $memory$flatten\usb.$auto$proc_rom.cc:155:do_switch$3750$rdmux[0][4][0]$8909:
      Old ports: A=$memory$flatten\usb.$auto$proc_rom.cc:155:do_switch$3750$rdmux[0][4][0]$a$8910, B=$memory$flatten\usb.$auto$proc_rom.cc:155:do_switch$3750$rdmux[0][4][0]$b$8911, Y=$memory$flatten\usb.$auto$proc_rom.cc:155:do_switch$3750$rdmux[0][3][0]$a$8886
      New ports: A={ $memory$flatten\usb.$auto$proc_rom.cc:155:do_switch$3750$rdmux[0][4][0]$a$8910 [1] $memory$flatten\usb.$auto$proc_rom.cc:155:do_switch$3750$rdmux[0][4][0]$a$8910 [1:0] }, B={ 1'0 $memory$flatten\usb.$auto$proc_rom.cc:155:do_switch$3750$rdmux[0][4][0]$b$8911 [1] 1'0 }, Y={ $memory$flatten\usb.$auto$proc_rom.cc:155:do_switch$3750$rdmux[0][3][0]$a$8886 [4] $memory$flatten\usb.$auto$proc_rom.cc:155:do_switch$3750$rdmux[0][3][0]$a$8886 [1:0] }
      New connections: { $memory$flatten\usb.$auto$proc_rom.cc:155:do_switch$3750$rdmux[0][3][0]$a$8886 [7:5] $memory$flatten\usb.$auto$proc_rom.cc:155:do_switch$3750$rdmux[0][3][0]$a$8886 [3:2] } = 5'00000
    Consolidated identical input bits for $mux cell $flatten\usb.$ternary$/home/matthias/prog/janestreet/emulator-wt-hdmi-ulx3s/prototypes/fpga-ulx3s/rtl/gen/usb_fs_device.v:1454$996:
      Old ports: A=\usb._684, B=8'01001011, Y=\usb._686
      New ports: A={ \usb._684 [6] 1'1 \usb._684 [2] 1'0 }, B=4'1001, Y={ \usb._686 [6] \usb._686 [4] \usb._686 [2] \usb._686 [0] }
      New connections: { \usb._686 [7] \usb._686 [5] \usb._686 [3] \usb._686 [1] } = 4'0011
    Consolidated identical input bits for $pmux cell $flatten\core.$procmux$4974:
      Old ports: A=$flatten\core.$procmux$4985_Y, B={ 5'00000 $auto$wreduce.cc:513:run$7386 [2:0] 4'1010 }, Y=$flatten\core.$procmux$4974_Y
      New ports: A=$flatten\core.$procmux$4985_Y [3:1], B={ 4'0000 $auto$wreduce.cc:513:run$7386 [1] $auto$wreduce.cc:513:run$7386 [1] 3'101 }, Y=$flatten\core.$procmux$4974_Y [3:1]
      New connections: $flatten\core.$procmux$4974_Y [0] = 1'0
    Consolidated identical input bits for $mux cell $flatten\usb.$ternary$/home/matthias/prog/janestreet/emulator-wt-hdmi-ulx3s/prototypes/fpga-ulx3s/rtl/gen/usb_fs_device.v:1477$1012:
      Old ports: A=\usb._646, B=\usb._651, Y=\usb._652
      New ports: A={ \usb._646 [7] 1'1 \usb._646 [3] 1'0 }, B={ \usb._651 [6] \usb._651 [6] \usb._651 [2] \usb._651 [2] }, Y={ \usb._652 [7:6] \usb._652 [3:2] }
      New connections: { \usb._652 [5:4] \usb._652 [1:0] } = 4'0110
    Consolidated identical input bits for $mux cell $flatten\usb.$ternary$/home/matthias/prog/janestreet/emulator-wt-hdmi-ulx3s/prototypes/fpga-ulx3s/rtl/gen/usb_fs_device.v:1470$1006:
      Old ports: A=8'01011010, B=\usb._668, Y=\usb._669
      New ports: A=4'0110, B={ \usb._668 [7] 1'0 \usb._668 [3] 1'1 }, Y={ \usb._669 [7] \usb._669 [4:3] \usb._669 [0] }
      New connections: { \usb._669 [6:5] \usb._669 [2:1] } = 4'1001
    Consolidated identical input bits for $pmux cell $flatten\core.$procmux$5166:
      Old ports: A=3'011, B={ 3'111 $auto$wreduce.cc:513:run$7391 [2:0] }, Y=$flatten\core.$procmux$5166_Y [2:0]
      New ports: A=2'01, B={ 2'11 $auto$wreduce.cc:513:run$7391 [2] $auto$wreduce.cc:513:run$7391 [0] }, Y={ $flatten\core.$procmux$5166_Y [2] $flatten\core.$procmux$5166_Y [0] }
      New connections: $flatten\core.$procmux$5166_Y [1] = $flatten\core.$procmux$5166_Y [0]
    Consolidated identical input bits for $mux cell $flatten\core.\str.$ternary$/home/matthias/prog/janestreet/emulator-wt-hdmi-ulx3s/prototypes/fpga-ulx3s/rtl/gen/pin_streamer.v:236$747:
      Old ports: A={ 1'0 \core.str._74 [3:0] }, B=5'10000, Y=\core.str._76
      New ports: A={ 1'0 \core.str._74 [3:2] }, B=3'100, Y=\core.str._76 [4:2]
      New connections: \core.str._76 [1:0] = 2'00
    Consolidated identical input bits for $mux cell $flatten\core.\str.$ternary$/home/matthias/prog/janestreet/emulator-wt-hdmi-ulx3s/prototypes/fpga-ulx3s/rtl/gen/pin_streamer.v:186$730:
      Old ports: A=\core.str._93, B=4'0001, Y=\core.str._95
      New ports: A={ \core.str._93 [2] 1'1 }, B=2'00, Y=\core.str._95 [2:1]
      New connections: { \core.str._95 [3] \core.str._95 [0] } = { \core.str._95 [2] 1'1 }
    Consolidated identical input bits for $mux cell $flatten\core.\smp.$ternary$/home/matthias/prog/janestreet/emulator-wt-hdmi-ulx3s/prototypes/fpga-ulx3s/rtl/gen/pin_sampler.v:359$844:
      Old ports: A={ 1'0 \core.smp._61 [3:0] }, B=5'10000, Y=\core.smp._63
      New ports: A={ 1'0 \core.smp._61 [3:2] }, B=3'100, Y=\core.smp._63 [4:2]
      New connections: \core.smp._63 [1:0] = 2'00
    Consolidated identical input bits for $mux cell $flatten\core.\smp.$ternary$/home/matthias/prog/janestreet/emulator-wt-hdmi-ulx3s/prototypes/fpga-ulx3s/rtl/gen/pin_sampler.v:295$820:
      Old ports: A=\core.smp._124 [3:0], B=4'0001, Y=\core.smp._126 [3:0]
      New ports: A={ \core.smp._124 [2] 1'1 }, B=2'00, Y=\core.smp._126 [2:1]
      New connections: { \core.smp._126 [3] \core.smp._126 [0] } = { \core.smp._126 [2] 1'1 }
    Consolidated identical input bits for $mux cell $flatten\hdmi.\pixel.$ternary$/home/matthias/prog/janestreet/emulator-wt-hdmi-ulx3s/prototypes/fpga-ulx3s/../hdmi-ulx3s/rtl/gen/hdmi_pixel.v:1274$2146:
      Old ports: A=\hdmi.pixel._705, B={ \hdmi.pixel._550 \hdmi.pixel._627 \hdmi.pixel._708 }, Y=\hdmi.pixel._710
      New ports: A={ \hdmi.pixel._705 [9] \hdmi.pixel._705 [7:0] }, B={ \hdmi.pixel._550 \hdmi.pixel._708 }, Y={ \hdmi.pixel._710 [9] \hdmi.pixel._710 [7:0] }
      New connections: \hdmi.pixel._710 [8] = \hdmi.pixel._627
    Consolidated identical input bits for $mux cell $flatten\hdmi.\pixel.$ternary$/home/matthias/prog/janestreet/emulator-wt-hdmi-ulx3s/prototypes/fpga-ulx3s/../hdmi-ulx3s/rtl/gen/hdmi_pixel.v:1011$2024:
      Old ports: A=\hdmi.pixel._471, B={ \hdmi.pixel._360 \hdmi.pixel._437 \hdmi.pixel._474 }, Y=\hdmi.pixel._476
      New ports: A={ \hdmi.pixel._471 [9] \hdmi.pixel._471 [7:0] }, B={ \hdmi.pixel._360 \hdmi.pixel._474 }, Y={ \hdmi.pixel._476 [9] \hdmi.pixel._476 [7:0] }
      New connections: \hdmi.pixel._476 [8] = \hdmi.pixel._437
    Consolidated identical input bits for $mux cell $flatten\hdmi.\pixel.$ternary$/home/matthias/prog/janestreet/emulator-wt-hdmi-ulx3s/prototypes/fpga-ulx3s/../hdmi-ulx3s/rtl/gen/hdmi_pixel.v:819$1941:
      Old ports: A=\hdmi.pixel._291, B={ \hdmi.pixel._179 \hdmi.pixel._256 \hdmi.pixel._294 }, Y=\hdmi.pixel._296
      New ports: A={ \hdmi.pixel._291 [9] \hdmi.pixel._291 [7:0] }, B={ \hdmi.pixel._179 \hdmi.pixel._294 }, Y={ \hdmi.pixel._296 [9] \hdmi.pixel._296 [7:0] }
      New connections: \hdmi.pixel._296 [8] = \hdmi.pixel._256
  Optimizing cells in module \ulx3s_top.
    Consolidated identical input bits for $mux cell $memory$flatten\usb.$auto$proc_rom.cc:155:do_switch$3750$rdmux[0][3][5]$8900:
      Old ports: A=$memory$flatten\usb.$auto$proc_rom.cc:155:do_switch$3750$rdmux[0][3][5]$a$8901, B=$memory$flatten\usb.$auto$proc_rom.cc:155:do_switch$3750$rdmux[0][3][5]$b$8902, Y=$memory$flatten\usb.$auto$proc_rom.cc:155:do_switch$3750$rdmux[0][2][2]$b$8881
      New ports: A={ 1'0 $memory$flatten\usb.$auto$proc_rom.cc:155:do_switch$3750$rdmux[0][3][5]$a$8901 [3] $memory$flatten\usb.$auto$proc_rom.cc:155:do_switch$3750$rdmux[0][3][5]$a$8901 [0] $memory$flatten\usb.$auto$proc_rom.cc:155:do_switch$3750$rdmux[0][3][5]$a$8901 [0] $memory$flatten\usb.$auto$proc_rom.cc:155:do_switch$3750$rdmux[0][3][5]$a$8901 [0] }, B={ $memory$flatten\usb.$auto$proc_rom.cc:155:do_switch$3750$rdmux[0][3][5]$b$8902 [7] $memory$flatten\usb.$auto$proc_rom.cc:155:do_switch$3750$rdmux[0][3][5]$b$8902 [3:0] }, Y={ $memory$flatten\usb.$auto$proc_rom.cc:155:do_switch$3750$rdmux[0][2][2]$b$8881 [7] $memory$flatten\usb.$auto$proc_rom.cc:155:do_switch$3750$rdmux[0][2][2]$b$8881 [3:0] }
      New connections: $memory$flatten\usb.$auto$proc_rom.cc:155:do_switch$3750$rdmux[0][2][2]$b$8881 [6:4] = 3'000
    Consolidated identical input bits for $mux cell $memory$flatten\usb.$auto$proc_rom.cc:155:do_switch$3750$rdmux[0][3][4]$8897:
      Old ports: A=$memory$flatten\usb.$auto$proc_rom.cc:155:do_switch$3750$rdmux[0][3][4]$a$8898, B=$memory$flatten\usb.$auto$proc_rom.cc:155:do_switch$3750$rdmux[0][3][4]$b$8899, Y=$memory$flatten\usb.$auto$proc_rom.cc:155:do_switch$3750$rdmux[0][2][2]$a$8880
      New ports: A={ $memory$flatten\usb.$auto$proc_rom.cc:155:do_switch$3750$rdmux[0][3][4]$a$8898 [0] $memory$flatten\usb.$auto$proc_rom.cc:155:do_switch$3750$rdmux[0][3][4]$a$8898 [0] $memory$flatten\usb.$auto$proc_rom.cc:155:do_switch$3750$rdmux[0][3][4]$a$8898 [0] $memory$flatten\usb.$auto$proc_rom.cc:155:do_switch$3750$rdmux[0][3][4]$a$8898 [0] }, B={ 1'0 $memory$flatten\usb.$auto$proc_rom.cc:155:do_switch$3750$rdmux[0][3][4]$b$8899 [2:0] }, Y=$memory$flatten\usb.$auto$proc_rom.cc:155:do_switch$3750$rdmux[0][2][2]$a$8880 [3:0]
      New connections: $memory$flatten\usb.$auto$proc_rom.cc:155:do_switch$3750$rdmux[0][2][2]$a$8880 [7:4] = { $memory$flatten\usb.$auto$proc_rom.cc:155:do_switch$3750$rdmux[0][2][2]$a$8880 [3] $memory$flatten\usb.$auto$proc_rom.cc:155:do_switch$3750$rdmux[0][2][2]$a$8880 [3] $memory$flatten\usb.$auto$proc_rom.cc:155:do_switch$3750$rdmux[0][2][2]$a$8880 [3] $memory$flatten\usb.$auto$proc_rom.cc:155:do_switch$3750$rdmux[0][2][2]$a$8880 [3] }
    Consolidated identical input bits for $mux cell $memory$flatten\usb.$auto$proc_rom.cc:155:do_switch$3750$rdmux[0][3][3]$8894:
      Old ports: A=$memory$flatten\usb.$auto$proc_rom.cc:155:do_switch$3750$rdmux[0][3][3]$a$8895, B=$memory$flatten\usb.$auto$proc_rom.cc:155:do_switch$3750$rdmux[0][3][3]$b$8896, Y=$memory$flatten\usb.$auto$proc_rom.cc:155:do_switch$3750$rdmux[0][2][1]$b$8878
      New ports: A={ $memory$flatten\usb.$auto$proc_rom.cc:155:do_switch$3750$rdmux[0][3][3]$a$8895 [7] $memory$flatten\usb.$auto$proc_rom.cc:155:do_switch$3750$rdmux[0][3][3]$a$8895 [1] 1'0 $memory$flatten\usb.$auto$proc_rom.cc:155:do_switch$3750$rdmux[0][3][3]$a$8895 [1:0] }, B={ 2'00 $memory$flatten\usb.$auto$proc_rom.cc:155:do_switch$3750$rdmux[0][3][3]$b$8896 [2:1] 1'0 }, Y={ $memory$flatten\usb.$auto$proc_rom.cc:155:do_switch$3750$rdmux[0][2][1]$b$8878 [7] $memory$flatten\usb.$auto$proc_rom.cc:155:do_switch$3750$rdmux[0][2][1]$b$8878 [4] $memory$flatten\usb.$auto$proc_rom.cc:155:do_switch$3750$rdmux[0][2][1]$b$8878 [2:0] }
      New connections: { $memory$flatten\usb.$auto$proc_rom.cc:155:do_switch$3750$rdmux[0][2][1]$b$8878 [6:5] $memory$flatten\usb.$auto$proc_rom.cc:155:do_switch$3750$rdmux[0][2][1]$b$8878 [3] } = { 1'0 $memory$flatten\usb.$auto$proc_rom.cc:155:do_switch$3750$rdmux[0][2][1]$b$8878 [4] $memory$flatten\usb.$auto$proc_rom.cc:155:do_switch$3750$rdmux[0][2][1]$b$8878 [0] }
    Consolidated identical input bits for $mux cell $memory$flatten\usb.$auto$proc_rom.cc:155:do_switch$3750$rdmux[0][3][2]$8891:
      Old ports: A=$memory$flatten\usb.$auto$proc_rom.cc:155:do_switch$3750$rdmux[0][3][2]$a$8892, B=$memory$flatten\usb.$auto$proc_rom.cc:155:do_switch$3750$rdmux[0][3][2]$b$8893, Y=$memory$flatten\usb.$auto$proc_rom.cc:155:do_switch$3750$rdmux[0][2][1]$a$8877
      New ports: A={ 1'0 $memory$flatten\usb.$auto$proc_rom.cc:155:do_switch$3750$rdmux[0][3][2]$a$8892 [3] $memory$flatten\usb.$auto$proc_rom.cc:155:do_switch$3750$rdmux[0][3][2]$a$8892 [1:0] }, B={ $memory$flatten\usb.$auto$proc_rom.cc:155:do_switch$3750$rdmux[0][3][2]$b$8893 [5] 2'00 $memory$flatten\usb.$auto$proc_rom.cc:155:do_switch$3750$rdmux[0][3][2]$b$8893 [0] }, Y={ $memory$flatten\usb.$auto$proc_rom.cc:155:do_switch$3750$rdmux[0][2][1]$a$8877 [5] $memory$flatten\usb.$auto$proc_rom.cc:155:do_switch$3750$rdmux[0][2][1]$a$8877 [3] $memory$flatten\usb.$auto$proc_rom.cc:155:do_switch$3750$rdmux[0][2][1]$a$8877 [1:0] }
      New connections: { $memory$flatten\usb.$auto$proc_rom.cc:155:do_switch$3750$rdmux[0][2][1]$a$8877 [7:6] $memory$flatten\usb.$auto$proc_rom.cc:155:do_switch$3750$rdmux[0][2][1]$a$8877 [4] $memory$flatten\usb.$auto$proc_rom.cc:155:do_switch$3750$rdmux[0][2][1]$a$8877 [2] } = 4'0000
    Consolidated identical input bits for $mux cell $memory$flatten\usb.$auto$proc_rom.cc:155:do_switch$3750$rdmux[0][3][1]$8888:
      Old ports: A=$memory$flatten\usb.$auto$proc_rom.cc:155:do_switch$3750$rdmux[0][3][1]$a$8889, B=$memory$flatten\usb.$auto$proc_rom.cc:155:do_switch$3750$rdmux[0][3][1]$b$8890, Y=$memory$flatten\usb.$auto$proc_rom.cc:155:do_switch$3750$rdmux[0][2][0]$b$8875
      New ports: A={ $memory$flatten\usb.$auto$proc_rom.cc:155:do_switch$3750$rdmux[0][3][1]$a$8889 [3] $memory$flatten\usb.$auto$proc_rom.cc:155:do_switch$3750$rdmux[0][3][1]$a$8889 [1:0] }, B={ 2'00 $memory$flatten\usb.$auto$proc_rom.cc:155:do_switch$3750$rdmux[0][3][1]$b$8890 [0] }, Y={ $memory$flatten\usb.$auto$proc_rom.cc:155:do_switch$3750$rdmux[0][2][0]$b$8875 [3] $memory$flatten\usb.$auto$proc_rom.cc:155:do_switch$3750$rdmux[0][2][0]$b$8875 [1:0] }
      New connections: { $memory$flatten\usb.$auto$proc_rom.cc:155:do_switch$3750$rdmux[0][2][0]$b$8875 [7:4] $memory$flatten\usb.$auto$proc_rom.cc:155:do_switch$3750$rdmux[0][2][0]$b$8875 [2] } = { 3'000 $memory$flatten\usb.$auto$proc_rom.cc:155:do_switch$3750$rdmux[0][2][0]$b$8875 [1] 1'0 }
    Consolidated identical input bits for $mux cell $memory$flatten\usb.$auto$proc_rom.cc:155:do_switch$3750$rdmux[0][3][0]$8885:
      Old ports: A=$memory$flatten\usb.$auto$proc_rom.cc:155:do_switch$3750$rdmux[0][3][0]$a$8886, B=$memory$flatten\usb.$auto$proc_rom.cc:155:do_switch$3750$rdmux[0][3][0]$b$8887, Y=$memory$flatten\usb.$auto$proc_rom.cc:155:do_switch$3750$rdmux[0][2][0]$a$8874
      New ports: A={ $memory$flatten\usb.$auto$proc_rom.cc:155:do_switch$3750$rdmux[0][3][0]$a$8886 [4] 2'00 $memory$flatten\usb.$auto$proc_rom.cc:155:do_switch$3750$rdmux[0][3][0]$a$8886 [1:0] }, B={ $memory$flatten\usb.$auto$proc_rom.cc:155:do_switch$3750$rdmux[0][3][0]$b$8887 [0] $memory$flatten\usb.$auto$proc_rom.cc:155:do_switch$3750$rdmux[0][3][0]$b$8887 [3] $memory$flatten\usb.$auto$proc_rom.cc:155:do_switch$3750$rdmux[0][3][0]$b$8887 [0] $memory$flatten\usb.$auto$proc_rom.cc:155:do_switch$3750$rdmux[0][3][0]$b$8887 [0] $memory$flatten\usb.$auto$proc_rom.cc:155:do_switch$3750$rdmux[0][3][0]$b$8887 [0] }, Y=$memory$flatten\usb.$auto$proc_rom.cc:155:do_switch$3750$rdmux[0][2][0]$a$8874 [4:0]
      New connections: $memory$flatten\usb.$auto$proc_rom.cc:155:do_switch$3750$rdmux[0][2][0]$a$8874 [7:5] = { $memory$flatten\usb.$auto$proc_rom.cc:155:do_switch$3750$rdmux[0][2][0]$a$8874 [2] $memory$flatten\usb.$auto$proc_rom.cc:155:do_switch$3750$rdmux[0][2][0]$a$8874 [2] $memory$flatten\usb.$auto$proc_rom.cc:155:do_switch$3750$rdmux[0][2][0]$a$8874 [2] }
    Consolidated identical input bits for $mux cell $flatten\usb.$ternary$/home/matthias/prog/janestreet/emulator-wt-hdmi-ulx3s/prototypes/fpga-ulx3s/rtl/gen/usb_fs_device.v:1471$1007:
      Old ports: A=8'00011110, B=\usb._669, Y=\usb._670
      New ports: A=6'001110, B={ \usb._669 [7] 1'1 \usb._669 [4:3] 1'0 \usb._669 [0] }, Y={ \usb._670 [7:6] \usb._670 [4:2] \usb._670 [0] }
      New connections: { \usb._670 [5] \usb._670 [1] } = 2'01
    Consolidated identical input bits for $mux cell $flatten\usb.$ternary$/home/matthias/prog/janestreet/emulator-wt-hdmi-ulx3s/prototypes/fpga-ulx3s/rtl/gen/usb_fs_device.v:1456$998:
      Old ports: A=\usb._686, B=\usb._689, Y=\usb._690
      New ports: A={ 1'0 \usb._686 [6] \usb._686 [4] 1'1 \usb._686 [2] \usb._686 [0] }, B={ \usb._689 [7] 2'10 \usb._689 [3] 2'01 }, Y={ \usb._690 [7:6] \usb._690 [4:2] \usb._690 [0] }
      New connections: { \usb._690 [5] \usb._690 [1] } = 2'01
  Optimizing cells in module \ulx3s_top.
    Consolidated identical input bits for $mux cell $memory$flatten\usb.$auto$proc_rom.cc:155:do_switch$3750$rdmux[0][2][2]$8879:
      Old ports: A=$memory$flatten\usb.$auto$proc_rom.cc:155:do_switch$3750$rdmux[0][2][2]$a$8880, B=$memory$flatten\usb.$auto$proc_rom.cc:155:do_switch$3750$rdmux[0][2][2]$b$8881, Y=$memory$flatten\usb.$auto$proc_rom.cc:155:do_switch$3750$rdmux[0][1][1]$a$8871
      New ports: A={ $memory$flatten\usb.$auto$proc_rom.cc:155:do_switch$3750$rdmux[0][2][2]$a$8880 [3] $memory$flatten\usb.$auto$proc_rom.cc:155:do_switch$3750$rdmux[0][2][2]$a$8880 [3] $memory$flatten\usb.$auto$proc_rom.cc:155:do_switch$3750$rdmux[0][2][2]$a$8880 [3:0] }, B={ $memory$flatten\usb.$auto$proc_rom.cc:155:do_switch$3750$rdmux[0][2][2]$b$8881 [7] 1'0 $memory$flatten\usb.$auto$proc_rom.cc:155:do_switch$3750$rdmux[0][2][2]$b$8881 [3:0] }, Y={ $memory$flatten\usb.$auto$proc_rom.cc:155:do_switch$3750$rdmux[0][1][1]$a$8871 [7] $memory$flatten\usb.$auto$proc_rom.cc:155:do_switch$3750$rdmux[0][1][1]$a$8871 [4:0] }
      New connections: $memory$flatten\usb.$auto$proc_rom.cc:155:do_switch$3750$rdmux[0][1][1]$a$8871 [6:5] = { $memory$flatten\usb.$auto$proc_rom.cc:155:do_switch$3750$rdmux[0][1][1]$a$8871 [4] $memory$flatten\usb.$auto$proc_rom.cc:155:do_switch$3750$rdmux[0][1][1]$a$8871 [4] }
    Consolidated identical input bits for $mux cell $memory$flatten\usb.$auto$proc_rom.cc:155:do_switch$3750$rdmux[0][2][1]$8876:
      Old ports: A=$memory$flatten\usb.$auto$proc_rom.cc:155:do_switch$3750$rdmux[0][2][1]$a$8877, B=$memory$flatten\usb.$auto$proc_rom.cc:155:do_switch$3750$rdmux[0][2][1]$b$8878, Y=$memory$flatten\usb.$auto$proc_rom.cc:155:do_switch$3750$rdmux[0][1][0]$b$8869
      New ports: A={ 1'0 $memory$flatten\usb.$auto$proc_rom.cc:155:do_switch$3750$rdmux[0][2][1]$a$8877 [5] 1'0 $memory$flatten\usb.$auto$proc_rom.cc:155:do_switch$3750$rdmux[0][2][1]$a$8877 [3] 1'0 $memory$flatten\usb.$auto$proc_rom.cc:155:do_switch$3750$rdmux[0][2][1]$a$8877 [1:0] }, B={ $memory$flatten\usb.$auto$proc_rom.cc:155:do_switch$3750$rdmux[0][2][1]$b$8878 [7] $memory$flatten\usb.$auto$proc_rom.cc:155:do_switch$3750$rdmux[0][2][1]$b$8878 [4] $memory$flatten\usb.$auto$proc_rom.cc:155:do_switch$3750$rdmux[0][2][1]$b$8878 [4] $memory$flatten\usb.$auto$proc_rom.cc:155:do_switch$3750$rdmux[0][2][1]$b$8878 [0] $memory$flatten\usb.$auto$proc_rom.cc:155:do_switch$3750$rdmux[0][2][1]$b$8878 [2:0] }, Y={ $memory$flatten\usb.$auto$proc_rom.cc:155:do_switch$3750$rdmux[0][1][0]$b$8869 [7] $memory$flatten\usb.$auto$proc_rom.cc:155:do_switch$3750$rdmux[0][1][0]$b$8869 [5:0] }
      New connections: $memory$flatten\usb.$auto$proc_rom.cc:155:do_switch$3750$rdmux[0][1][0]$b$8869 [6] = 1'0
    Consolidated identical input bits for $mux cell $memory$flatten\usb.$auto$proc_rom.cc:155:do_switch$3750$rdmux[0][2][0]$8873:
      Old ports: A=$memory$flatten\usb.$auto$proc_rom.cc:155:do_switch$3750$rdmux[0][2][0]$a$8874, B=$memory$flatten\usb.$auto$proc_rom.cc:155:do_switch$3750$rdmux[0][2][0]$b$8875, Y=$memory$flatten\usb.$auto$proc_rom.cc:155:do_switch$3750$rdmux[0][1][0]$a$8868
      New ports: A=$memory$flatten\usb.$auto$proc_rom.cc:155:do_switch$3750$rdmux[0][2][0]$a$8874 [4:0], B={ $memory$flatten\usb.$auto$proc_rom.cc:155:do_switch$3750$rdmux[0][2][0]$b$8875 [1] $memory$flatten\usb.$auto$proc_rom.cc:155:do_switch$3750$rdmux[0][2][0]$b$8875 [3] 1'0 $memory$flatten\usb.$auto$proc_rom.cc:155:do_switch$3750$rdmux[0][2][0]$b$8875 [1:0] }, Y=$memory$flatten\usb.$auto$proc_rom.cc:155:do_switch$3750$rdmux[0][1][0]$a$8868 [4:0]
      New connections: $memory$flatten\usb.$auto$proc_rom.cc:155:do_switch$3750$rdmux[0][1][0]$a$8868 [7:5] = { $memory$flatten\usb.$auto$proc_rom.cc:155:do_switch$3750$rdmux[0][1][0]$a$8868 [2] $memory$flatten\usb.$auto$proc_rom.cc:155:do_switch$3750$rdmux[0][1][0]$a$8868 [2] $memory$flatten\usb.$auto$proc_rom.cc:155:do_switch$3750$rdmux[0][1][0]$a$8868 [2] }
    Consolidated identical input bits for $mux cell $flatten\usb.$ternary$/home/matthias/prog/janestreet/emulator-wt-hdmi-ulx3s/prototypes/fpga-ulx3s/rtl/gen/usb_fs_device.v:1472$1008:
      Old ports: A=\usb._670, B=\usb._690, Y=\usb._691
      New ports: A={ \usb._670 [7:6] \usb._670 [4:2] \usb._670 [0] }, B={ \usb._690 [7:6] \usb._690 [4:2] \usb._690 [0] }, Y={ \usb._691 [7:6] \usb._691 [4:2] \usb._691 [0] }
      New connections: { \usb._691 [5] \usb._691 [1] } = 2'01
  Optimizing cells in module \ulx3s_top.
    Consolidated identical input bits for $mux cell $memory$flatten\usb.$auto$proc_rom.cc:155:do_switch$3750$rdmux[0][1][1]$8870:
      Old ports: A=$memory$flatten\usb.$auto$proc_rom.cc:155:do_switch$3750$rdmux[0][1][1]$a$8871, B=8'00000000, Y=$memory$flatten\usb.$auto$proc_rom.cc:155:do_switch$3750$rdmux[0][0][0]$b$8866
      New ports: A={ $memory$flatten\usb.$auto$proc_rom.cc:155:do_switch$3750$rdmux[0][1][1]$a$8871 [7] $memory$flatten\usb.$auto$proc_rom.cc:155:do_switch$3750$rdmux[0][1][1]$a$8871 [4:0] }, B=6'000000, Y={ $memory$flatten\usb.$auto$proc_rom.cc:155:do_switch$3750$rdmux[0][0][0]$b$8866 [7] $memory$flatten\usb.$auto$proc_rom.cc:155:do_switch$3750$rdmux[0][0][0]$b$8866 [4:0] }
      New connections: $memory$flatten\usb.$auto$proc_rom.cc:155:do_switch$3750$rdmux[0][0][0]$b$8866 [6:5] = { $memory$flatten\usb.$auto$proc_rom.cc:155:do_switch$3750$rdmux[0][0][0]$b$8866 [4] $memory$flatten\usb.$auto$proc_rom.cc:155:do_switch$3750$rdmux[0][0][0]$b$8866 [4] }
  Optimizing cells in module \ulx3s_top.
Performed a total of 136 changes.

12.32.5. Executing OPT_MERGE pass (detect identical cells).
Finding identical cells in module `\ulx3s_top'.
Computing hashes of 1917 cells of `\ulx3s_top'.
Finding duplicate cells in `\ulx3s_top'.
Computing hashes of 1896 cells of `\ulx3s_top'.
Finding duplicate cells in `\ulx3s_top'.
Computing hashes of 1895 cells of `\ulx3s_top'.
Finding duplicate cells in `\ulx3s_top'.
<suppressed ~66 debug messages>
Removed a total of 22 cells.

12.32.6. Executing OPT_DFF pass (perform DFF optimizations).
Adding SRST signal on $auto$ff.cc:337:slice$6866 ($dffe) from module ulx3s_top (D = $flatten\core.$add$/home/matthias/prog/janestreet/emulator-wt-hdmi-ulx3s/prototypes/fpga-ulx3s/rtl/emu_core.v:489$3600_Y, Q = \core.didx, rval = 12'000000000000).
Setting constant 0-bit at position 0 on $auto$ff.cc:337:slice$7783 ($sdffe) from module ulx3s_top.
Setting constant 0-bit at position 2 on $auto$ff.cc:337:slice$7783 ($sdffe) from module ulx3s_top.
Setting constant 0-bit at position 3 on $auto$ff.cc:337:slice$7783 ($sdffe) from module ulx3s_top.
Setting constant 1-bit at position 8 on $auto$ff.cc:337:slice$8862 ($dffe) from module ulx3s_top.
Setting constant 0-bit at position 0 on $auto$ff.cc:337:slice$6857 ($dffe) from module ulx3s_top.

12.32.7. Executing OPT_CLEAN pass (remove unused cells and wires).
Finding unused cells or wires in module \ulx3s_top..
Removed 8 unused cells and 128 unused wires.
<suppressed ~10 debug messages>

12.32.8. Executing OPT_EXPR pass (perform const folding).
Optimizing module ulx3s_top.
<suppressed ~36 debug messages>

12.32.9. Rerunning OPT passes. (Maybe there is more to do..)

12.32.10. Executing OPT_MUXTREE pass (detect dead branches in mux trees).
Running muxtree optimizer on module \ulx3s_top..
  Creating internal representation of mux trees.
  Evaluating internal representation of mux trees.
  Analyzing evaluation results.
Removed 0 multiplexer ports.
<suppressed ~884 debug messages>

12.32.11. Executing OPT_REDUCE pass (consolidate $*mux and $reduce_* inputs).
  Optimizing cells in module \ulx3s_top.
Performed a total of 0 changes.

12.32.12. Executing OPT_MERGE pass (detect identical cells).
Finding identical cells in module `\ulx3s_top'.
Computing hashes of 1880 cells of `\ulx3s_top'.
Finding duplicate cells in `\ulx3s_top'.
Removed a total of 0 cells.

12.32.13. Executing OPT_DFF pass (perform DFF optimizations).
Adding EN signal on $memory\core.cfg[1]$9055 ($dff) from module ulx3s_top (D = \core.args [15:0], Q = \core.cfg[1]).
Adding EN signal on $memory\core.cfg[2]$9057 ($dff) from module ulx3s_top (D = \core.args [15:0], Q = \core.cfg[2]).
Adding EN signal on $memory\core.cfg[3]$9059 ($dff) from module ulx3s_top (D = \core.args [15:0], Q = \core.cfg[3]).
Adding EN signal on $memory\core.cfg[4]$9061 ($dff) from module ulx3s_top (D = \core.args [15:0], Q = \core.cfg[4]).
Adding SRST signal on $auto$ff.cc:337:slice$9146 ($dffe) from module ulx3s_top (D = \core.utx.data [7], Q = \core.utx.sh [8], rval = 1'1).
Adding EN signal on $memory\core.cfg[0]$9053 ($dff) from module ulx3s_top (D = \core.args [15:0], Q = \core.cfg[0]).
Adding EN signal on $memory\core.cfg[5]$9063 ($dff) from module ulx3s_top (D = \core.args [15:0], Q = \core.cfg[5]).
Adding EN signal on $memory\core.cfg[6]$9065 ($dff) from module ulx3s_top (D = \core.args [15:0], Q = \core.cfg[6]).

12.32.14. Executing OPT_CLEAN pass (remove unused cells and wires).
Finding unused cells or wires in module \ulx3s_top..
Removed 10 unused cells and 22 unused wires.
<suppressed ~13 debug messages>

12.32.15. Executing OPT_EXPR pass (perform const folding).
Optimizing module ulx3s_top.

12.32.16. Rerunning OPT passes. (Maybe there is more to do..)

12.32.17. Executing OPT_MUXTREE pass (detect dead branches in mux trees).
Running muxtree optimizer on module \ulx3s_top..
  Creating internal representation of mux trees.
  Evaluating internal representation of mux trees.
  Analyzing evaluation results.
Removed 0 multiplexer ports.
<suppressed ~870 debug messages>

12.32.18. Executing OPT_REDUCE pass (consolidate $*mux and $reduce_* inputs).
  Optimizing cells in module \ulx3s_top.
Performed a total of 0 changes.

12.32.19. Executing OPT_MERGE pass (detect identical cells).
Finding identical cells in module `\ulx3s_top'.
Computing hashes of 1871 cells of `\ulx3s_top'.
Finding duplicate cells in `\ulx3s_top'.
Removed a total of 0 cells.

12.32.20. Executing OPT_DFF pass (perform DFF optimizations).

12.32.21. Executing OPT_CLEAN pass (remove unused cells and wires).
Finding unused cells or wires in module \ulx3s_top..

12.32.22. Executing OPT_EXPR pass (perform const folding).
Optimizing module ulx3s_top.

12.32.23. Finished fast OPT passes. (There is nothing left to do.)

12.33. Executing TECHMAP pass (map to technology primitives).

12.33.1. Executing Verilog-2005 frontend: /home/matthias/prog/janestreet/fabulous-notes/oss-cad-suite/lib/../share/yosys/techmap.v
Parsing Verilog input from `/home/matthias/prog/janestreet/fabulous-notes/oss-cad-suite/lib/../share/yosys/techmap.v' to AST representation.
Generating RTLIL representation for module `\_90_simplemap_bool_ops'.
Generating RTLIL representation for module `\_90_simplemap_reduce_ops'.
Generating RTLIL representation for module `\_90_simplemap_logic_ops'.
Generating RTLIL representation for module `\_90_simplemap_compare_ops'.
Generating RTLIL representation for module `\_90_simplemap_various'.
Generating RTLIL representation for module `\_90_simplemap_registers'.
Generating RTLIL representation for module `\_90_shift_ops_shr_shl_sshl_sshr'.
Generating RTLIL representation for module `\_90_shift_shiftx'.
Generating RTLIL representation for module `\_90_fa'.
Generating RTLIL representation for module `\_90_lcu_brent_kung'.
Generating RTLIL representation for module `\_90_alu'.
Generating RTLIL representation for module `\_90_macc'.
Generating RTLIL representation for module `\_90_alumacc'.
Generating RTLIL representation for module `$__div_mod_u'.
Generating RTLIL representation for module `$__div_mod_trunc'.
Generating RTLIL representation for module `\_90_div'.
Generating RTLIL representation for module `\_90_mod'.
Generating RTLIL representation for module `$__div_mod_floor'.
Generating RTLIL representation for module `\_90_divfloor'.
Generating RTLIL representation for module `\_90_modfloor'.
Generating RTLIL representation for module `\_90_pow'.
Generating RTLIL representation for module `\_90_demux'.
Generating RTLIL representation for module `\_90_lut'.
Generating RTLIL representation for module `$connect'.
Generating RTLIL representation for module `$input_port'.
Successfully finished Verilog frontend.

12.33.2. Executing Verilog-2005 frontend: /home/matthias/prog/janestreet/fabulous-notes/oss-cad-suite/lib/../share/yosys/lattice/arith_map_ccu2c.v
Parsing Verilog input from `/home/matthias/prog/janestreet/fabulous-notes/oss-cad-suite/lib/../share/yosys/lattice/arith_map_ccu2c.v' to AST representation.
Generating RTLIL representation for module `\_80_ccu2c_alu'.
Successfully finished Verilog frontend.

12.33.3. Continuing TECHMAP pass.
Using extmapper simplemap for cells of type $dffe.
Using extmapper simplemap for cells of type $sdffce.
Using extmapper simplemap for cells of type $and.
Using extmapper simplemap for cells of type $not.
Using extmapper simplemap for cells of type $sdffe.
Using extmapper simplemap for cells of type $reduce_or.
Using extmapper simplemap for cells of type $dff.
Using extmapper simplemap for cells of type $reduce_and.
Using extmapper simplemap for cells of type $ne.
Using extmapper simplemap for cells of type $sdff.
Using extmapper simplemap for cells of type $bmux.
Using template $paramod$c5c783b17ab1d780abfad8cfe6563a0a7b47a3b0\_90_demux for cells of type $demux.
Using extmapper simplemap for cells of type $mux.
Using extmapper simplemap for cells of type $eq.
Using template $paramod$ba698a254f9a5947e85cbe7beae6b161eefc5386\_90_alu for cells of type $alu.
Using template $paramod$740b056ede97228d3eae64ea2fdc81f0a33e0fe7\_90_alu for cells of type $alu.
Using template $paramod$f956edc9fe4df758d9fdb10bfc518a364c99e75e\_90_alu for cells of type $alu.
Using template $paramod$754650b284649a026620fc6856e5b6886cbfe794\_80_ccu2c_alu for cells of type $alu.
Using template $paramod$672a140277c71df8314410f22acc08d55222c3c7\_80_ccu2c_alu for cells of type $alu.
Using template $paramod$175e67c02b86e96b1288b9dc100122520d7240d8\_90_alu for cells of type $alu.
Using template $paramod$6831557730818fb92b11a295f9eb33ff8fa62af1\_80_ccu2c_alu for cells of type $alu.
Using template $paramod$c3cd1564c35d873179656addd6052d7ea8b6d991\_80_ccu2c_alu for cells of type $alu.
Using template $paramod$dc04b7d98e503a7bab16fce2df70e6e2c5ca34d6\_80_ccu2c_alu for cells of type $alu.
Using template $paramod$5ccf584370207a3ccc3032757a8e590623d4de56\_90_alu for cells of type $alu.
Using template $paramod$32efbfac1c4dc57230cf86180788fdfd12e3b511\_80_ccu2c_alu for cells of type $alu.
Using template $paramod$a1665ef28c749ebcdbe9aecd466e644647b56463\_80_ccu2c_alu for cells of type $alu.
Using template $paramod$32a7b7b86c07519b7537abc18e96f0331f97914d\_90_alu for cells of type $alu.
Using template $paramod$0ae6dcbc606d0267ec97d3ccf20343286af3366c\_80_ccu2c_alu for cells of type $alu.
Using template $paramod$3ef7d3dd227da7627a99c5e5a6a4deb817573e39\_90_alu for cells of type $alu.
Using template $paramod$943564b9366bbc392bf4bbc801aa0a2d7742a4e0\_80_ccu2c_alu for cells of type $alu.
Using template $paramod$adbaf76fa5a3091a329503792521395f8ff4d1a4\_90_alu for cells of type $alu.
Using template $paramod$8f780356cb6cdb52f6a744190131b65634639c4e\_80_ccu2c_alu for cells of type $alu.
Using template $paramod$b8c0a997bce700f23568a5ada79cc6781d1f5ca0\_90_alu for cells of type $alu.
Using template $paramod$6a42b6fefed750f8a1c58eab59479d960557103c\_80_ccu2c_alu for cells of type $alu.
Using template $paramod$c04af8dbf0e5d1d69bbccb2c7bd8a93fc9ef54dc\_80_ccu2c_alu for cells of type $alu.
Using template $paramod$53700bbee849b2010ad0b60a61ccd204a10e24ca\_80_ccu2c_alu for cells of type $alu.
Using template $paramod$103b4016182df467cceab67bcf3e18e6361ec0fd\_80_ccu2c_alu for cells of type $alu.
Using template $paramod$5bb6c3f3e4a5303115f41a182fad517280ea0b25\_80_ccu2c_alu for cells of type $alu.
Using template $paramod$336b1fb79b1d6be5a93bb9daed6b253aadd9b6ea\_80_ccu2c_alu for cells of type $alu.
Using template $paramod$a8151eed7df109f18d5adf1169b40bb7b9e884a8\_80_ccu2c_alu for cells of type $alu.
Using template $paramod$00298f3f8094950cb9a5ff2fda48d0d8bde8806c\_80_ccu2c_alu for cells of type $alu.
Using template $paramod$dbcdc7e8aa1a4080cea2deda6fdc8772064f4d90\_80_ccu2c_alu for cells of type $alu.
Using template $paramod$83dd457849c736323edf2edb15923eb27f99c683\_80_ccu2c_alu for cells of type $alu.
Using template $paramod$5042debdcb1fbd120a67f55dfe5b3afe2a9f08e5\_80_ccu2c_alu for cells of type $alu.
Using template $paramod$b18e16801adf491a64caa0542270798e5d4ac6b6\_80_ccu2c_alu for cells of type $alu.
Using template $paramod$dad13a281fa6a9ffd6dd427a87dc9a952e80e9ea\_80_ccu2c_alu for cells of type $alu.
Using template $paramod$a1bc51c02ce12ac21eb18988e83292af48ed7d72\_80_ccu2c_alu for cells of type $alu.
Using template $paramod$78e969f2586efcf3a5b0b0440bcca0db83d5cca2\_90_alu for cells of type $alu.
Using template $paramod$cd54e322aa4265ca236096fe4bb634aaec4e39b4\_80_ccu2c_alu for cells of type $alu.
Using template $paramod$befd47b1c77b68561d11d0cb61a0fae29b79f34c\_80_ccu2c_alu for cells of type $alu.
Using template $paramod$8b1a36ab2238111d2a0f4cb4ef2e14f2a55fc1f9\_80_ccu2c_alu for cells of type $alu.
Using template $paramod$68eb2ee261b49d479fb9d9ec0659e1d20891082b\_80_ccu2c_alu for cells of type $alu.
Using template $paramod$ed40eaed6d7865a5f6e873e7da3aa6067d71cfbb\_80_ccu2c_alu for cells of type $alu.
Using template $paramod$a40b3a69ab2154dca9743e30e1e84efb03b892b4\_80_ccu2c_alu for cells of type $alu.
Using extmapper maccmap for cells of type $macc_v2.
  add \hdmi.pixel._466 (5 bits, unsigned)
  add { \hdmi.pixel._449 [4:3] \hdmi.pixel._420 [1:0] 1'0 } (5 bits, unsigned)
  sub { \hdmi.pixel._360 1'0 } (2 bits, unsigned)
  add \hdmi.pixel._286 (5 bits, unsigned)
  sub { \hdmi.pixel._269 [4:3] \hdmi.pixel._239 [1:0] 1'0 } (5 bits, unsigned)
  add { \hdmi.pixel._256 1'0 } (2 bits, unsigned)
  add \hdmi.pixel._656 (5 bits, unsigned)
  add { \hdmi.pixel._639 [4:3] \hdmi.pixel._610 [1:0] 1'0 } (5 bits, unsigned)
  sub { \hdmi.pixel._550 1'0 } (2 bits, unsigned)
  add \hdmi.pixel._323 [0] (1 bits, unsigned)
  add \hdmi.pixel._377 (1 bits, unsigned)
  add \hdmi.pixel._369 (1 bits, unsigned)
  add \hdmi.pixel._365 (1 bits, unsigned)
  add \hdmi.pixel._373 (1 bits, unsigned)
  add \hdmi.pixel._385 (1 bits, unsigned)
  add \hdmi.pixel._381 (1 bits, unsigned)
  add \hdmi.pixel._389 (1 bits, unsigned)
  packed 3 (3) bits / 3 words into adder tree
  add \hdmi.pixel._142 [0] (1 bits, unsigned)
  add \hdmi.pixel._142 [4] (1 bits, unsigned)
  add \hdmi.pixel._142 [2] (1 bits, unsigned)
  add \hdmi.pixel._142 [1] (1 bits, unsigned)
  add \hdmi.pixel._142 [3] (1 bits, unsigned)
  add \hdmi.pixel._142 [6] (1 bits, unsigned)
  add \hdmi.pixel._142 [5] (1 bits, unsigned)
  add \hdmi.pixel._142 [7] (1 bits, unsigned)
  packed 3 (3) bits / 3 words into adder tree
  add \hdmi.pixel._513 [0] (1 bits, unsigned)
  add \hdmi.pixel._513 [4] (1 bits, unsigned)
  add \hdmi.pixel._513 [2] (1 bits, unsigned)
  add \hdmi.pixel._513 [1] (1 bits, unsigned)
  add \hdmi.pixel._513 [3] (1 bits, unsigned)
  add \hdmi.pixel._513 [6] (1 bits, unsigned)
  add \hdmi.pixel._513 [5] (1 bits, unsigned)
  add \hdmi.pixel._513 [7] (1 bits, unsigned)
  packed 3 (3) bits / 3 words into adder tree
  add \hdmi.pixel._466 (5 bits, unsigned)
  sub { \hdmi.pixel._449 [4:3] \hdmi.pixel._420 [1:0] 1'0 } (5 bits, unsigned)
  add { \hdmi.pixel._437 1'0 } (2 bits, unsigned)
  add \core.hin_cnt (5 bits, unsigned)
  sub \core.hin_pop (1 bits, unsigned)
  add $auto$wreduce.cc:513:run$7385 [0] (1 bits, unsigned)
  packed 1 (1) bits / 1 words into adder tree
  add { 1'0 \usb._477 [4] 2'00 \usb._477 [1] 1'0 } (6 bits, unsigned)
  add \usb._483 (5 bits, unsigned)
  add \usb._480 (6 bits, unsigned)
  add \hdmi.pixel._286 (5 bits, unsigned)
  add { \hdmi.pixel._269 [4:3] \hdmi.pixel._239 [1:0] 1'0 } (5 bits, unsigned)
  sub { \hdmi.pixel._179 1'0 } (2 bits, unsigned)
  add \core.smp._230 (3 bits, unsigned)
  sub \core.smp._82 (1 bits, unsigned)
  add \core.smp._84 (1 bits, unsigned)
  packed 1 (1) bits / 1 words into adder tree
  add \hdmi.pixel._656 (5 bits, unsigned)
  sub { \hdmi.pixel._639 [4:3] \hdmi.pixel._610 [1:0] 1'0 } (5 bits, unsigned)
  add { \hdmi.pixel._627 1'0 } (2 bits, unsigned)
  add \core.txf_cnt (7 bits, unsigned)
  sub \core.tx_start (1 bits, unsigned)
  add $auto$wreduce.cc:513:run$7393 [0] (1 bits, unsigned)
  packed 1 (1) bits / 1 words into adder tree
  add \hdmi.pixel._513 [0] (1 bits, unsigned)
  add \hdmi.pixel._567 (1 bits, unsigned)
  add \hdmi.pixel._559 (1 bits, unsigned)
  add \hdmi.pixel._555 (1 bits, unsigned)
  add \hdmi.pixel._563 (1 bits, unsigned)
  add \hdmi.pixel._575 (1 bits, unsigned)
  add \hdmi.pixel._571 (1 bits, unsigned)
  add \hdmi.pixel._579 (1 bits, unsigned)
  packed 3 (3) bits / 3 words into adder tree
  add \hdmi.pixel._88 (1 bits, unsigned)
  add \hdmi.pixel._123 (1 bits, unsigned)
  add \hdmi.pixel._117 (1 bits, unsigned)
  add \hdmi.pixel._111 (1 bits, unsigned)
  add \hdmi.pixel._105 (1 bits, unsigned)
  add \hdmi.pixel._99 (1 bits, unsigned)
  add \hdmi.pixel._93 (1 bits, unsigned)
  packed 3 (3) bits / 3 words into adder tree
  add \core.str._157 (3 bits, unsigned)
  sub \core.str._33 (1 bits, unsigned)
  add \core.str._38 (1 bits, unsigned)
  packed 1 (1) bits / 1 words into adder tree
  add \hdmi.pixel._323 [0] (1 bits, unsigned)
  add \hdmi.pixel._323 [4] (1 bits, unsigned)
  add \hdmi.pixel._323 [2] (1 bits, unsigned)
  add \hdmi.pixel._323 [1] (1 bits, unsigned)
  add \hdmi.pixel._323 [3] (1 bits, unsigned)
  add \hdmi.pixel._323 [6] (1 bits, unsigned)
  add \hdmi.pixel._323 [5] (1 bits, unsigned)
  add \hdmi.pixel._323 [7] (1 bits, unsigned)
  packed 3 (3) bits / 3 words into adder tree
  add \hdmi.pixel._142 [0] (1 bits, unsigned)
  add \hdmi.pixel._196 (1 bits, unsigned)
  add \hdmi.pixel._188 (1 bits, unsigned)
  add \hdmi.pixel._184 (1 bits, unsigned)
  add \hdmi.pixel._192 (1 bits, unsigned)
  add \hdmi.pixel._204 (1 bits, unsigned)
  add \hdmi.pixel._200 (1 bits, unsigned)
  add \hdmi.pixel._208 (1 bits, unsigned)
  packed 3 (3) bits / 3 words into adder tree
Using extmapper simplemap for cells of type $reduce_bool.
Using extmapper simplemap for cells of type $logic_not.
Using extmapper simplemap for cells of type $or.
Using extmapper simplemap for cells of type $tribuf.
Using extmapper simplemap for cells of type $adff.
Using extmapper simplemap for cells of type $xor.
Using extmapper simplemap for cells of type $lut.
Using extmapper simplemap for cells of type $pmux.
Using template $paramod$constmap:64d1abd2fa71bc078aa847c39f5ce2ea8ce4e1ef$paramod$120d3394673f706130b667dd665cecc5b863867e\_90_shift_ops_shr_shl_sshl_sshr for cells of type $shr.
Using template $paramod$constmap:937da4264b24d0bbc6c8bfda5b8b87c55db0ab8d$paramod$cb1baaefc0e8c3b2f3613838d3a63488bf924150\_90_shift_ops_shr_shl_sshl_sshr for cells of type $shr.
Using template $paramod$constmap:d40ce3b6416310d931e2c53f5eb235af0638f94a$paramod$aa9537df8e2fe1494bf8a9a9841055578a9ed208\_90_shift_ops_shr_shl_sshl_sshr for cells of type $shr.
Using template $paramod$constmap:3ede3735dd13b63bcb1cfbb87e411e0a20abb651$paramod$ac8d5fb9ca2aadaaf4b49a2d7f10643a5d4a8deb\_90_shift_ops_shr_shl_sshl_sshr for cells of type $shr.
Analyzing pattern of constant bits for this cell:
  Constant input on bit 0 of port A: 1'1
  Constant input on bit 1 of port A: 1'1
  Constant input on bit 2 of port A: 1'1
  Constant input on bit 3 of port A: 1'1
  Constant input on bit 4 of port A: 1'1
  Constant input on bit 5 of port A: 1'1
  Constant input on bit 6 of port A: 1'1
  Constant input on bit 7 of port A: 1'1
Creating constmapped module `$paramod$constmap:63eeef6c769a1fcce6f835af81f7a511a6075009$paramod$ac8d5fb9ca2aadaaf4b49a2d7f10643a5d4a8deb\_90_shift_ops_shr_shl_sshl_sshr'.

12.33.116. Executing OPT_MUXTREE pass (detect dead branches in mux trees).
Running muxtree optimizer on module $paramod$constmap:63eeef6c769a1fcce6f835af81f7a511a6075009$paramod$ac8d5fb9ca2aadaaf4b49a2d7f10643a5d4a8deb\_90_shift_ops_shr_shl_sshl_sshr..
  Creating internal representation of mux trees.
  No muxes found in this module.
Removed 0 multiplexer ports.
<suppressed ~2969 debug messages>

12.33.117. Executing OPT_EXPR pass (perform const folding).
Optimizing module $paramod$constmap:63eeef6c769a1fcce6f835af81f7a511a6075009$paramod$ac8d5fb9ca2aadaaf4b49a2d7f10643a5d4a8deb\_90_shift_ops_shr_shl_sshl_sshr.
<suppressed ~77 debug messages>
Removed 0 unused cells and 13 unused wires.
Using template $paramod$constmap:63eeef6c769a1fcce6f835af81f7a511a6075009$paramod$ac8d5fb9ca2aadaaf4b49a2d7f10643a5d4a8deb\_90_shift_ops_shr_shl_sshl_sshr for cells of type $shr.
Using extmapper simplemap for cells of type $logic_and.
Using extmapper simplemap for cells of type $logic_or.
Using template $paramod\_90_fa\WIDTH=32'00000000000000000000000000000001 for cells of type $fa.
Using template $paramod\_90_fa\WIDTH=32'00000000000000000000000000000010 for cells of type $fa.
Using template $paramod\_90_fa\WIDTH=32'00000000000000000000000000000011 for cells of type $fa.
Using template $paramod\_90_fa\WIDTH=32'00000000000000000000000000000100 for cells of type $fa.
Using template $paramod\_90_lcu_brent_kung\WIDTH=32'00000000000000000000000000000100 for cells of type $lcu.
Using template $paramod\_90_fa\WIDTH=32'00000000000000000000000000000111 for cells of type $fa.
Using template $paramod\_90_fa\WIDTH=32'00000000000000000000000000000101 for cells of type $fa.
Using template $paramod\_90_fa\WIDTH=32'00000000000000000000000000000110 for cells of type $fa.
Using extmapper simplemap for cells of type $pos.
Using template $paramod$5d1d2614b24accd0f9d06c4779fd9ef771faf494\_90_demux for cells of type $demux.
Using template $paramod\_90_lcu_brent_kung\WIDTH=32'00000000000000000000000000000010 for cells of type $lcu.
Using template $paramod\_90_lcu_brent_kung\WIDTH=32'00000000000000000000000000000011 for cells of type $lcu.
Using template $paramod\_90_lcu_brent_kung\WIDTH=32'00000000000000000000000000000001 for cells of type $lcu.
No more expansions possible.
<suppressed ~3525 debug messages>

12.34. Executing OPT pass (performing simple optimizations).

12.34.1. Executing OPT_EXPR pass (perform const folding).
Optimizing module ulx3s_top.
<suppressed ~7290 debug messages>

12.34.2. Executing OPT_MERGE pass (detect identical cells).
Finding identical cells in module `\ulx3s_top'.
Computing hashes of 11245 cells of `\ulx3s_top'.
Finding duplicate cells in `\ulx3s_top'.
Computing hashes of 10387 cells of `\ulx3s_top'.
Finding duplicate cells in `\ulx3s_top'.
Computing hashes of 10025 cells of `\ulx3s_top'.
Finding duplicate cells in `\ulx3s_top'.
Computing hashes of 9937 cells of `\ulx3s_top'.
Finding duplicate cells in `\ulx3s_top'.
Computing hashes of 9923 cells of `\ulx3s_top'.
Finding duplicate cells in `\ulx3s_top'.
<suppressed ~3966 debug messages>
Removed a total of 1322 cells.

12.34.3. Executing OPT_DFF pass (perform DFF optimizations).
Adding SRST signal on $auto$ff.cc:337:slice$12491 ($_DFFE_PP_) from module ulx3s_top (D = $auto$simplemap.cc:189:logic_reduce$20512, Q = \core.rbuf [0], rval = 1'0).
Adding SRST signal on $auto$ff.cc:337:slice$12492 ($_DFFE_PP_) from module ulx3s_top (D = $auto$simplemap.cc:189:logic_reduce$20526, Q = \core.rbuf [1], rval = 1'0).
Adding SRST signal on $auto$ff.cc:337:slice$12493 ($_DFFE_PP_) from module ulx3s_top (D = $auto$simplemap.cc:189:logic_reduce$20540, Q = \core.rbuf [2], rval = 1'0).
Adding SRST signal on $auto$ff.cc:337:slice$12494 ($_DFFE_PP_) from module ulx3s_top (D = $auto$simplemap.cc:189:logic_reduce$20554, Q = \core.rbuf [3], rval = 1'0).
Adding SRST signal on $auto$ff.cc:337:slice$12495 ($_DFFE_PP_) from module ulx3s_top (D = $auto$simplemap.cc:189:logic_reduce$20568, Q = \core.rbuf [4], rval = 1'0).
Adding SRST signal on $auto$ff.cc:337:slice$12496 ($_DFFE_PP_) from module ulx3s_top (D = $auto$simplemap.cc:189:logic_reduce$20582, Q = \core.rbuf [5], rval = 1'0).
Adding SRST signal on $auto$ff.cc:337:slice$12497 ($_DFFE_PP_) from module ulx3s_top (D = $auto$simplemap.cc:189:logic_reduce$20596, Q = \core.rbuf [6], rval = 1'0).
Adding SRST signal on $auto$ff.cc:337:slice$12498 ($_DFFE_PP_) from module ulx3s_top (D = $auto$simplemap.cc:189:logic_reduce$20610, Q = \core.rbuf [7], rval = 1'0).
Adding SRST signal on $auto$ff.cc:337:slice$12499 ($_DFFE_PP_) from module ulx3s_top (D = $auto$simplemap.cc:189:logic_reduce$20624, Q = \core.rbuf [8], rval = 1'0).
Adding SRST signal on $auto$ff.cc:337:slice$12500 ($_DFFE_PP_) from module ulx3s_top (D = $auto$simplemap.cc:189:logic_reduce$20638, Q = \core.rbuf [9], rval = 1'0).
Adding SRST signal on $auto$ff.cc:337:slice$12501 ($_DFFE_PP_) from module ulx3s_top (D = $auto$simplemap.cc:189:logic_reduce$20652, Q = \core.rbuf [10], rval = 1'0).
Adding SRST signal on $auto$ff.cc:337:slice$12502 ($_DFFE_PP_) from module ulx3s_top (D = $auto$simplemap.cc:189:logic_reduce$20666, Q = \core.rbuf [11], rval = 1'0).
Adding SRST signal on $auto$ff.cc:337:slice$12503 ($_DFFE_PP_) from module ulx3s_top (D = $auto$simplemap.cc:189:logic_reduce$20680, Q = \core.rbuf [12], rval = 1'0).
Adding SRST signal on $auto$ff.cc:337:slice$12504 ($_DFFE_PP_) from module ulx3s_top (D = $auto$simplemap.cc:189:logic_reduce$20694, Q = \core.rbuf [13], rval = 1'0).
Adding SRST signal on $auto$ff.cc:337:slice$12505 ($_DFFE_PP_) from module ulx3s_top (D = $auto$simplemap.cc:189:logic_reduce$20708, Q = \core.rbuf [14], rval = 1'0).
Adding SRST signal on $auto$ff.cc:337:slice$12506 ($_DFFE_PP_) from module ulx3s_top (D = $auto$simplemap.cc:189:logic_reduce$20722, Q = \core.rbuf [15], rval = 1'0).
Adding SRST signal on $auto$ff.cc:337:slice$12507 ($_DFFE_PP_) from module ulx3s_top (D = $auto$simplemap.cc:189:logic_reduce$20736, Q = \core.rbuf [16], rval = 1'0).
Adding SRST signal on $auto$ff.cc:337:slice$12508 ($_DFFE_PP_) from module ulx3s_top (D = $auto$simplemap.cc:189:logic_reduce$20750, Q = \core.rbuf [17], rval = 1'0).
Adding SRST signal on $auto$ff.cc:337:slice$12509 ($_DFFE_PP_) from module ulx3s_top (D = $auto$simplemap.cc:189:logic_reduce$20764, Q = \core.rbuf [18], rval = 1'0).
Adding SRST signal on $auto$ff.cc:337:slice$12510 ($_DFFE_PP_) from module ulx3s_top (D = $auto$simplemap.cc:189:logic_reduce$20778, Q = \core.rbuf [19], rval = 1'0).
Adding SRST signal on $auto$ff.cc:337:slice$12511 ($_DFFE_PP_) from module ulx3s_top (D = $auto$simplemap.cc:189:logic_reduce$20792, Q = \core.rbuf [20], rval = 1'0).
Adding SRST signal on $auto$ff.cc:337:slice$12512 ($_DFFE_PP_) from module ulx3s_top (D = $auto$simplemap.cc:189:logic_reduce$20806, Q = \core.rbuf [21], rval = 1'0).
Adding SRST signal on $auto$ff.cc:337:slice$12513 ($_DFFE_PP_) from module ulx3s_top (D = $auto$simplemap.cc:189:logic_reduce$20820, Q = \core.rbuf [22], rval = 1'0).
Adding SRST signal on $auto$ff.cc:337:slice$12514 ($_DFFE_PP_) from module ulx3s_top (D = $auto$simplemap.cc:189:logic_reduce$20834, Q = \core.rbuf [23], rval = 1'0).
Adding SRST signal on $auto$ff.cc:337:slice$12515 ($_DFFE_PP_) from module ulx3s_top (D = $auto$simplemap.cc:189:logic_reduce$20848, Q = \core.rbuf [24], rval = 1'0).
Adding SRST signal on $auto$ff.cc:337:slice$12516 ($_DFFE_PP_) from module ulx3s_top (D = $auto$simplemap.cc:189:logic_reduce$20862, Q = \core.rbuf [25], rval = 1'0).
Adding SRST signal on $auto$ff.cc:337:slice$12517 ($_DFFE_PP_) from module ulx3s_top (D = $auto$simplemap.cc:189:logic_reduce$20876, Q = \core.rbuf [26], rval = 1'0).
Adding SRST signal on $auto$ff.cc:337:slice$12518 ($_DFFE_PP_) from module ulx3s_top (D = $auto$simplemap.cc:189:logic_reduce$20890, Q = \core.rbuf [27], rval = 1'0).
Adding SRST signal on $auto$ff.cc:337:slice$12519 ($_DFFE_PP_) from module ulx3s_top (D = $auto$simplemap.cc:189:logic_reduce$20904, Q = \core.rbuf [28], rval = 1'0).
Adding SRST signal on $auto$ff.cc:337:slice$12520 ($_DFFE_PP_) from module ulx3s_top (D = $auto$simplemap.cc:189:logic_reduce$20918, Q = \core.rbuf [29], rval = 1'0).
Adding SRST signal on $auto$ff.cc:337:slice$12521 ($_DFFE_PP_) from module ulx3s_top (D = $auto$simplemap.cc:189:logic_reduce$20932, Q = \core.rbuf [30], rval = 1'0).
Adding SRST signal on $auto$ff.cc:337:slice$12522 ($_DFFE_PP_) from module ulx3s_top (D = $auto$simplemap.cc:189:logic_reduce$20946, Q = \core.rbuf [31], rval = 1'0).
Adding SRST signal on $auto$ff.cc:337:slice$12523 ($_DFFE_PP_) from module ulx3s_top (D = $auto$simplemap.cc:189:logic_reduce$20960, Q = \core.rbuf [32], rval = 1'0).
Adding SRST signal on $auto$ff.cc:337:slice$12524 ($_DFFE_PP_) from module ulx3s_top (D = $auto$simplemap.cc:189:logic_reduce$20974, Q = \core.rbuf [33], rval = 1'0).
Adding SRST signal on $auto$ff.cc:337:slice$12525 ($_DFFE_PP_) from module ulx3s_top (D = $auto$simplemap.cc:189:logic_reduce$20988, Q = \core.rbuf [34], rval = 1'0).
Adding SRST signal on $auto$ff.cc:337:slice$12526 ($_DFFE_PP_) from module ulx3s_top (D = $auto$simplemap.cc:189:logic_reduce$21002, Q = \core.rbuf [35], rval = 1'0).
Adding SRST signal on $auto$ff.cc:337:slice$12527 ($_DFFE_PP_) from module ulx3s_top (D = $auto$simplemap.cc:189:logic_reduce$21016, Q = \core.rbuf [36], rval = 1'0).
Adding SRST signal on $auto$ff.cc:337:slice$12528 ($_DFFE_PP_) from module ulx3s_top (D = $auto$simplemap.cc:189:logic_reduce$21030, Q = \core.rbuf [37], rval = 1'0).
Adding SRST signal on $auto$ff.cc:337:slice$12529 ($_DFFE_PP_) from module ulx3s_top (D = $auto$simplemap.cc:189:logic_reduce$21044, Q = \core.rbuf [38], rval = 1'0).
Adding SRST signal on $auto$ff.cc:337:slice$12530 ($_DFFE_PP_) from module ulx3s_top (D = $auto$simplemap.cc:189:logic_reduce$21058, Q = \core.rbuf [39], rval = 1'0).
Adding SRST signal on $auto$ff.cc:337:slice$12531 ($_DFFE_PP_) from module ulx3s_top (D = $auto$simplemap.cc:189:logic_reduce$21072, Q = \core.rbuf [40], rval = 1'0).
Adding SRST signal on $auto$ff.cc:337:slice$12532 ($_DFFE_PP_) from module ulx3s_top (D = $auto$simplemap.cc:189:logic_reduce$21086, Q = \core.rbuf [41], rval = 1'0).
Adding SRST signal on $auto$ff.cc:337:slice$12533 ($_DFFE_PP_) from module ulx3s_top (D = $auto$simplemap.cc:189:logic_reduce$21100, Q = \core.rbuf [42], rval = 1'0).
Adding SRST signal on $auto$ff.cc:337:slice$12534 ($_DFFE_PP_) from module ulx3s_top (D = $auto$simplemap.cc:189:logic_reduce$21114, Q = \core.rbuf [43], rval = 1'0).
Adding SRST signal on $auto$ff.cc:337:slice$12535 ($_DFFE_PP_) from module ulx3s_top (D = $auto$simplemap.cc:189:logic_reduce$21128, Q = \core.rbuf [44], rval = 1'0).
Adding SRST signal on $auto$ff.cc:337:slice$12536 ($_DFFE_PP_) from module ulx3s_top (D = $auto$simplemap.cc:189:logic_reduce$21142, Q = \core.rbuf [45], rval = 1'0).
Adding SRST signal on $auto$ff.cc:337:slice$12537 ($_DFFE_PP_) from module ulx3s_top (D = $auto$simplemap.cc:189:logic_reduce$21156, Q = \core.rbuf [46], rval = 1'0).
Adding SRST signal on $auto$ff.cc:337:slice$12538 ($_DFFE_PP_) from module ulx3s_top (D = $auto$simplemap.cc:189:logic_reduce$21170, Q = \core.rbuf [47], rval = 1'0).
Adding SRST signal on $auto$ff.cc:337:slice$12539 ($_DFFE_PP_) from module ulx3s_top (D = $auto$simplemap.cc:189:logic_reduce$21184, Q = \core.rbuf [48], rval = 1'0).
Adding SRST signal on $auto$ff.cc:337:slice$12540 ($_DFFE_PP_) from module ulx3s_top (D = $auto$simplemap.cc:189:logic_reduce$21198, Q = \core.rbuf [49], rval = 1'0).
Adding SRST signal on $auto$ff.cc:337:slice$12541 ($_DFFE_PP_) from module ulx3s_top (D = $auto$simplemap.cc:189:logic_reduce$21212, Q = \core.rbuf [50], rval = 1'0).
Adding SRST signal on $auto$ff.cc:337:slice$12542 ($_DFFE_PP_) from module ulx3s_top (D = $auto$simplemap.cc:189:logic_reduce$21226, Q = \core.rbuf [51], rval = 1'0).
Adding SRST signal on $auto$ff.cc:337:slice$12543 ($_DFFE_PP_) from module ulx3s_top (D = $auto$simplemap.cc:189:logic_reduce$21240, Q = \core.rbuf [52], rval = 1'0).
Adding SRST signal on $auto$ff.cc:337:slice$12544 ($_DFFE_PP_) from module ulx3s_top (D = $auto$simplemap.cc:189:logic_reduce$21254, Q = \core.rbuf [53], rval = 1'0).
Adding SRST signal on $auto$ff.cc:337:slice$12545 ($_DFFE_PP_) from module ulx3s_top (D = $auto$simplemap.cc:189:logic_reduce$21268, Q = \core.rbuf [54], rval = 1'0).
Adding SRST signal on $auto$ff.cc:337:slice$12546 ($_DFFE_PP_) from module ulx3s_top (D = $auto$simplemap.cc:189:logic_reduce$21282, Q = \core.rbuf [55], rval = 1'0).
Adding SRST signal on $auto$ff.cc:337:slice$12547 ($_DFFE_PP_) from module ulx3s_top (D = $auto$simplemap.cc:189:logic_reduce$21296, Q = \core.rbuf [56], rval = 1'0).
Adding SRST signal on $auto$ff.cc:337:slice$12548 ($_DFFE_PP_) from module ulx3s_top (D = $auto$simplemap.cc:189:logic_reduce$21310, Q = \core.rbuf [57], rval = 1'0).
Adding SRST signal on $auto$ff.cc:337:slice$12549 ($_DFFE_PP_) from module ulx3s_top (D = $auto$simplemap.cc:189:logic_reduce$21324, Q = \core.rbuf [58], rval = 1'0).
Adding SRST signal on $auto$ff.cc:337:slice$12550 ($_DFFE_PP_) from module ulx3s_top (D = $auto$simplemap.cc:189:logic_reduce$21338, Q = \core.rbuf [59], rval = 1'0).
Adding SRST signal on $auto$ff.cc:337:slice$12551 ($_DFFE_PP_) from module ulx3s_top (D = $auto$simplemap.cc:189:logic_reduce$21352, Q = \core.rbuf [60], rval = 1'0).
Adding SRST signal on $auto$ff.cc:337:slice$12552 ($_DFFE_PP_) from module ulx3s_top (D = $auto$simplemap.cc:189:logic_reduce$21366, Q = \core.rbuf [61], rval = 1'0).
Adding SRST signal on $auto$ff.cc:337:slice$12553 ($_DFFE_PP_) from module ulx3s_top (D = $auto$simplemap.cc:189:logic_reduce$21380, Q = \core.rbuf [62], rval = 1'0).
Adding SRST signal on $auto$ff.cc:337:slice$12554 ($_DFFE_PP_) from module ulx3s_top (D = $auto$simplemap.cc:189:logic_reduce$21394, Q = \core.rbuf [63], rval = 1'0).
Adding SRST signal on $auto$ff.cc:337:slice$12555 ($_DFFE_PP_) from module ulx3s_top (D = $auto$simplemap.cc:189:logic_reduce$21408, Q = \core.rbuf [64], rval = 1'0).
Adding SRST signal on $auto$ff.cc:337:slice$12556 ($_DFFE_PP_) from module ulx3s_top (D = $auto$simplemap.cc:189:logic_reduce$21422, Q = \core.rbuf [65], rval = 1'0).
Adding SRST signal on $auto$ff.cc:337:slice$12557 ($_DFFE_PP_) from module ulx3s_top (D = $auto$simplemap.cc:189:logic_reduce$21436, Q = \core.rbuf [66], rval = 1'0).
Adding SRST signal on $auto$ff.cc:337:slice$12558 ($_DFFE_PP_) from module ulx3s_top (D = $auto$simplemap.cc:189:logic_reduce$21450, Q = \core.rbuf [67], rval = 1'0).
Adding SRST signal on $auto$ff.cc:337:slice$12559 ($_DFFE_PP_) from module ulx3s_top (D = $auto$simplemap.cc:189:logic_reduce$21464, Q = \core.rbuf [68], rval = 1'0).
Adding SRST signal on $auto$ff.cc:337:slice$12560 ($_DFFE_PP_) from module ulx3s_top (D = $auto$simplemap.cc:189:logic_reduce$21478, Q = \core.rbuf [69], rval = 1'0).
Adding SRST signal on $auto$ff.cc:337:slice$12561 ($_DFFE_PP_) from module ulx3s_top (D = $auto$simplemap.cc:189:logic_reduce$21492, Q = \core.rbuf [70], rval = 1'0).
Adding SRST signal on $auto$ff.cc:337:slice$12562 ($_DFFE_PP_) from module ulx3s_top (D = $auto$simplemap.cc:189:logic_reduce$21506, Q = \core.rbuf [71], rval = 1'0).
Adding SRST signal on $auto$ff.cc:337:slice$12563 ($_DFFE_PP_) from module ulx3s_top (D = $auto$simplemap.cc:189:logic_reduce$21520, Q = \core.rbuf [72], rval = 1'0).
Adding SRST signal on $auto$ff.cc:337:slice$12564 ($_DFFE_PP_) from module ulx3s_top (D = $auto$simplemap.cc:189:logic_reduce$21534, Q = \core.rbuf [73], rval = 1'0).
Adding SRST signal on $auto$ff.cc:337:slice$12565 ($_DFFE_PP_) from module ulx3s_top (D = $auto$simplemap.cc:189:logic_reduce$21548, Q = \core.rbuf [74], rval = 1'0).
Adding SRST signal on $auto$ff.cc:337:slice$12566 ($_DFFE_PP_) from module ulx3s_top (D = $auto$simplemap.cc:189:logic_reduce$21562, Q = \core.rbuf [75], rval = 1'0).
Adding SRST signal on $auto$ff.cc:337:slice$12567 ($_DFFE_PP_) from module ulx3s_top (D = $auto$simplemap.cc:189:logic_reduce$21576, Q = \core.rbuf [76], rval = 1'0).
Adding SRST signal on $auto$ff.cc:337:slice$12568 ($_DFFE_PP_) from module ulx3s_top (D = $auto$simplemap.cc:189:logic_reduce$21590, Q = \core.rbuf [77], rval = 1'0).
Adding SRST signal on $auto$ff.cc:337:slice$12569 ($_DFFE_PP_) from module ulx3s_top (D = $auto$simplemap.cc:189:logic_reduce$21604, Q = \core.rbuf [78], rval = 1'0).
Adding SRST signal on $auto$ff.cc:337:slice$12570 ($_DFFE_PP_) from module ulx3s_top (D = $auto$simplemap.cc:189:logic_reduce$21618, Q = \core.rbuf [79], rval = 1'0).
Adding SRST signal on $auto$ff.cc:337:slice$12573 ($_DFFE_PP_) from module ulx3s_top (D = $auto$simplemap.cc:189:logic_reduce$21660, Q = \core.rbuf [82], rval = 1'0).
Adding SRST signal on $auto$ff.cc:337:slice$12575 ($_DFFE_PP_) from module ulx3s_top (D = $auto$simplemap.cc:189:logic_reduce$21688, Q = \core.rbuf [84], rval = 1'0).
Adding SRST signal on $auto$ff.cc:337:slice$12578 ($_DFFE_PP_) from module ulx3s_top (D = $auto$simplemap.cc:189:logic_reduce$21730, Q = \core.rbuf [87], rval = 1'0).
Adding SRST signal on $auto$ff.cc:337:slice$12612 ($_DFFE_PP_) from module ulx3s_top (D = $auto$simplemap.cc:189:logic_reduce$22206, Q = \core.rbuf [121], rval = 1'0).
Adding SRST signal on $auto$ff.cc:337:slice$12614 ($_DFFE_PP_) from module ulx3s_top (D = $auto$simplemap.cc:189:logic_reduce$22234, Q = \core.rbuf [123], rval = 1'0).
Adding SRST signal on $auto$ff.cc:337:slice$12616 ($_DFFE_PP_) from module ulx3s_top (D = $auto$simplemap.cc:189:logic_reduce$22262, Q = \core.rbuf [125], rval = 1'0).
Adding SRST signal on $auto$ff.cc:337:slice$12618 ($_DFFE_PP_) from module ulx3s_top (D = $auto$simplemap.cc:189:logic_reduce$22290, Q = \core.rbuf [127], rval = 1'0).

12.34.4. Executing OPT_CLEAN pass (remove unused cells and wires).
Finding unused cells or wires in module \ulx3s_top..
Removed 1101 unused cells and 7399 unused wires.
<suppressed ~1135 debug messages>

12.34.5. Rerunning OPT passes. (Removed registers in this run.)

12.34.6. Executing OPT_EXPR pass (perform const folding).
Optimizing module ulx3s_top.
<suppressed ~21 debug messages>

12.34.7. Executing OPT_MERGE pass (detect identical cells).
Finding identical cells in module `\ulx3s_top'.
Computing hashes of 8801 cells of `\ulx3s_top'.
Finding duplicate cells in `\ulx3s_top'.
Removed a total of 0 cells.

12.34.8. Executing OPT_DFF pass (perform DFF optimizations).

12.34.9. Executing OPT_CLEAN pass (remove unused cells and wires).
Finding unused cells or wires in module \ulx3s_top..
Removed 0 unused cells and 3 unused wires.
<suppressed ~1 debug messages>

12.34.10. Finished fast OPT passes.

12.35. Executing OPT_CLEAN pass (remove unused cells and wires).
Finding unused cells or wires in module \ulx3s_top..

12.36. Executing DFFLEGALIZE pass (convert FFs and LATCHes to types supported by the target).

12.37. Executing OPT_MERGE pass (detect identical cells).
Finding identical cells in module `\ulx3s_top'.
Computing hashes of 9759 cells of `\ulx3s_top'.
Finding duplicate cells in `\ulx3s_top'.
Computing hashes of 9043 cells of `\ulx3s_top'.
Finding duplicate cells in `\ulx3s_top'.
Computing hashes of 8854 cells of `\ulx3s_top'.
Finding duplicate cells in `\ulx3s_top'.
<suppressed ~2715 debug messages>
Removed a total of 905 cells.

12.38. Executing TECHMAP pass (map to technology primitives).

12.38.1. Executing Verilog-2005 frontend: /home/matthias/prog/janestreet/fabulous-notes/oss-cad-suite/lib/../share/yosys/lattice/cells_map_trellis.v
Parsing Verilog input from `/home/matthias/prog/janestreet/fabulous-notes/oss-cad-suite/lib/../share/yosys/lattice/cells_map_trellis.v' to AST representation.
Generating RTLIL representation for module `$_DFF_N_'.
Generating RTLIL representation for module `$_DFF_P_'.
Generating RTLIL representation for module `$_DFFE_NN_'.
Generating RTLIL representation for module `$_DFFE_PN_'.
Generating RTLIL representation for module `$_DFFE_NP_'.
Generating RTLIL representation for module `$_DFFE_PP_'.
Generating RTLIL representation for module `$_DFF_NP0_'.
Generating RTLIL representation for module `$_DFF_NP1_'.
Generating RTLIL representation for module `$_DFF_PP0_'.
Generating RTLIL representation for module `$_DFF_PP1_'.
Generating RTLIL representation for module `$_SDFF_NP0_'.
Generating RTLIL representation for module `$_SDFF_NP1_'.
Generating RTLIL representation for module `$_SDFF_PP0_'.
Generating RTLIL representation for module `$_SDFF_PP1_'.
Generating RTLIL representation for module `$_DFFE_NP0P_'.
Generating RTLIL representation for module `$_DFFE_NP1P_'.
Generating RTLIL representation for module `$_DFFE_PP0P_'.
Generating RTLIL representation for module `$_DFFE_PP1P_'.
Generating RTLIL representation for module `$_DFFE_NP0N_'.
Generating RTLIL representation for module `$_DFFE_NP1N_'.
Generating RTLIL representation for module `$_DFFE_PP0N_'.
Generating RTLIL representation for module `$_DFFE_PP1N_'.
Generating RTLIL representation for module `$_SDFFE_NP0P_'.
Generating RTLIL representation for module `$_SDFFE_NP1P_'.
Generating RTLIL representation for module `$_SDFFE_PP0P_'.
Generating RTLIL representation for module `$_SDFFE_PP1P_'.
Generating RTLIL representation for module `$_SDFFE_NP0N_'.
Generating RTLIL representation for module `$_SDFFE_NP1N_'.
Generating RTLIL representation for module `$_SDFFE_PP0N_'.
Generating RTLIL representation for module `$_SDFFE_PP1N_'.
Generating RTLIL representation for module `$_ALDFF_NP_'.
Generating RTLIL representation for module `$_ALDFF_PP_'.
Generating RTLIL representation for module `$_ALDFFE_NPN_'.
Generating RTLIL representation for module `$_ALDFFE_NPP_'.
Generating RTLIL representation for module `$_ALDFFE_PPN_'.
Generating RTLIL representation for module `$_ALDFFE_PPP_'.
Generating RTLIL representation for module `\FD1P3AX'.
Generating RTLIL representation for module `\FD1P3AY'.
Generating RTLIL representation for module `\FD1P3BX'.
Generating RTLIL representation for module `\FD1P3DX'.
Generating RTLIL representation for module `\FD1P3IX'.
Generating RTLIL representation for module `\FD1P3JX'.
Generating RTLIL representation for module `\FD1S3AX'.
Generating RTLIL representation for module `\FD1S3AY'.
Generating RTLIL representation for module `\FD1S3BX'.
Generating RTLIL representation for module `\FD1S3DX'.
Generating RTLIL representation for module `\FD1S3IX'.
Generating RTLIL representation for module `\FD1S3JX'.
Generating RTLIL representation for module `\IFS1P3BX'.
Generating RTLIL representation for module `\IFS1P3DX'.
Generating RTLIL representation for module `\IFS1P3IX'.
Generating RTLIL representation for module `\IFS1P3JX'.
Generating RTLIL representation for module `\OFS1P3BX'.
Generating RTLIL representation for module `\OFS1P3DX'.
Generating RTLIL representation for module `\OFS1P3IX'.
Generating RTLIL representation for module `\OFS1P3JX'.
Generating RTLIL representation for module `\IB'.
Generating RTLIL representation for module `\IBPU'.
Generating RTLIL representation for module `\IBPD'.
Generating RTLIL representation for module `\OB'.
Generating RTLIL representation for module `\OBZ'.
Generating RTLIL representation for module `\OBZPU'.
Generating RTLIL representation for module `\OBZPD'.
Generating RTLIL representation for module `\OBCO'.
Generating RTLIL representation for module `\BB'.
Generating RTLIL representation for module `\BBPU'.
Generating RTLIL representation for module `\BBPD'.
Generating RTLIL representation for module `\ILVDS'.
Generating RTLIL representation for module `\OLVDS'.
Successfully finished Verilog frontend.

12.38.2. Continuing TECHMAP pass.
Using template $_SDFFE_PP0P_ for cells of type $_SDFFE_PP0P_.
Using template $paramod$_DFF_P_\_TECHMAP_WIREINIT_Q_=1'1 for cells of type $_DFF_P_.
Using template $paramod$_DFF_P_\_TECHMAP_WIREINIT_Q_=1'0 for cells of type $_DFF_P_.
Using template $paramod$_DFF_P_\_TECHMAP_WIREINIT_Q_=1'x for cells of type $_DFF_P_.
Using template $_DFF_PP1_ for cells of type $_DFF_PP1_.
Using template $_SDFF_PP0_ for cells of type $_SDFF_PP0_.
Using template $_SDFFE_PP0N_ for cells of type $_SDFFE_PP0N_.
Using template $_SDFFE_PP1P_ for cells of type $_SDFFE_PP1P_.
Using template $paramod$_DFFE_PP_\_TECHMAP_WIREINIT_Q_=1'0 for cells of type $_DFFE_PP_.
Using template $paramod$_DFFE_PP_\_TECHMAP_WIREINIT_Q_=1'x for cells of type $_DFFE_PP_.
Using template $_SDFF_PP1_ for cells of type $_SDFF_PP1_.
Using template $paramod$_DFFE_PP_\_TECHMAP_WIREINIT_Q_=1'1 for cells of type $_DFFE_PP_.
No more expansions possible.
<suppressed ~2126 debug messages>

12.39. Executing OPT_EXPR pass (perform const folding).
Optimizing module ulx3s_top.
<suppressed ~37 debug messages>

12.40. Executing SIMPLEMAP pass (map simple cells to gate primitives).

12.41. Executing LATTICE_GSR pass (implement FF init values).
Handling GSR in ulx3s_top.

12.42. Executing ATTRMVCP pass (move or copy attributes).

12.43. Executing OPT_CLEAN pass (remove unused cells and wires).
Finding unused cells or wires in module \ulx3s_top..
Removed 0 unused cells and 11476 unused wires.
<suppressed ~1 debug messages>

12.44. Executing CHECK pass (checking for obvious problems).
Checking module ulx3s_top...
Found and reported 0 problems.

12.45. Executing TECHMAP pass (map to technology primitives).

12.45.1. Executing Verilog-2005 frontend: /home/matthias/prog/janestreet/fabulous-notes/oss-cad-suite/lib/../share/yosys/lattice/latches_map.v
Parsing Verilog input from `/home/matthias/prog/janestreet/fabulous-notes/oss-cad-suite/lib/../share/yosys/lattice/latches_map.v' to AST representation.
Generating RTLIL representation for module `$_DLATCH_N_'.
Generating RTLIL representation for module `$_DLATCH_P_'.
Successfully finished Verilog frontend.

12.45.2. Continuing TECHMAP pass.
No more expansions possible.
<suppressed ~4 debug messages>

12.46. Executing ABC9 pass.

12.46.1. Executing ABC9_OPS pass (helper functions for ABC9).

12.46.2. Executing ABC9_OPS pass (helper functions for ABC9).

12.46.3. Executing PROC pass (convert processes to netlists).

12.46.3.1. Executing PROC_CLEAN pass (remove empty switches from decision trees).
Cleaned up 0 empty switches.

12.46.3.2. Executing PROC_RMDEAD pass (remove dead branches from decision trees).
Marked 1 switch rules as full_case in process $proc$/home/matthias/prog/janestreet/fabulous-notes/oss-cad-suite/lib/../share/yosys/lattice/common_sim.vh:282$37745 in module $paramod$af6cfab7b64a03625b4e26db341709ec2a848ad1\TRELLIS_FF.
Removed a total of 0 dead cases.

12.46.3.3. Executing PROC_PRUNE pass (remove redundant assignments in processes).
Removed 0 redundant assignments.
Promoted 1 assignment to connection.

12.46.3.4. Executing PROC_INIT pass (extract init attributes).
Found init rule in `$paramod$af6cfab7b64a03625b4e26db341709ec2a848ad1\TRELLIS_FF.$proc$/home/matthias/prog/janestreet/fabulous-notes/oss-cad-suite/lib/../share/yosys/lattice/common_sim.vh:278$37746'.
  Set init value: \Q = 1'1

12.46.3.5. Executing PROC_ARST pass (detect async resets in processes).
Found async reset \muxlsr in `$paramod$af6cfab7b64a03625b4e26db341709ec2a848ad1\TRELLIS_FF.$proc$/home/matthias/prog/janestreet/fabulous-notes/oss-cad-suite/lib/../share/yosys/lattice/common_sim.vh:282$37745'.

12.46.3.6. Executing PROC_ROM pass (convert switches to ROMs).
Converted 0 switches.
<suppressed ~1 debug messages>

12.46.3.7. Executing PROC_MUX pass (convert decision trees to multiplexers).
Creating decoders for process `$paramod$af6cfab7b64a03625b4e26db341709ec2a848ad1\TRELLIS_FF.$proc$/home/matthias/prog/janestreet/fabulous-notes/oss-cad-suite/lib/../share/yosys/lattice/common_sim.vh:278$37746'.
Creating decoders for process `$paramod$af6cfab7b64a03625b4e26db341709ec2a848ad1\TRELLIS_FF.$proc$/home/matthias/prog/janestreet/fabulous-notes/oss-cad-suite/lib/../share/yosys/lattice/common_sim.vh:282$37745'.
     1/1: $0\Q[0:0]

12.46.3.8. Executing PROC_DLATCH pass (convert process syncs to latches).

12.46.3.9. Executing PROC_DFF pass (convert process syncs to FFs).
Creating register for signal `$paramod$af6cfab7b64a03625b4e26db341709ec2a848ad1\TRELLIS_FF.\Q' using process `$paramod$af6cfab7b64a03625b4e26db341709ec2a848ad1\TRELLIS_FF.$proc$/home/matthias/prog/janestreet/fabulous-notes/oss-cad-suite/lib/../share/yosys/lattice/common_sim.vh:282$37745'.
  created $adff cell `$procdff$37751' with positive edge clock and positive level reset.

12.46.3.10. Executing PROC_MEMWR pass (convert process memory writes to cells).

12.46.3.11. Executing PROC_CLEAN pass (remove empty switches from decision trees).
Removing empty process `$paramod$af6cfab7b64a03625b4e26db341709ec2a848ad1\TRELLIS_FF.$proc$/home/matthias/prog/janestreet/fabulous-notes/oss-cad-suite/lib/../share/yosys/lattice/common_sim.vh:278$37746'.
Found and cleaned up 1 empty switch in `$paramod$af6cfab7b64a03625b4e26db341709ec2a848ad1\TRELLIS_FF.$proc$/home/matthias/prog/janestreet/fabulous-notes/oss-cad-suite/lib/../share/yosys/lattice/common_sim.vh:282$37745'.
Removing empty process `$paramod$af6cfab7b64a03625b4e26db341709ec2a848ad1\TRELLIS_FF.$proc$/home/matthias/prog/janestreet/fabulous-notes/oss-cad-suite/lib/../share/yosys/lattice/common_sim.vh:282$37745'.
Cleaned up 1 empty switch.

12.46.4. Executing PROC pass (convert processes to netlists).

12.46.4.1. Executing PROC_CLEAN pass (remove empty switches from decision trees).
Found and cleaned up 1 empty switch in `$paramod$2074b3813575c9ede27f9a04ee0bf291c9c7bf2f\TRELLIS_DPR16X4.$proc$/home/matthias/prog/janestreet/fabulous-notes/oss-cad-suite/lib/../share/yosys/lattice/common_sim.vh:151$37825'.
Cleaned up 1 empty switch.

12.46.4.2. Executing PROC_RMDEAD pass (remove dead branches from decision trees).
Marked 1 switch rules as full_case in process $proc$/home/matthias/prog/janestreet/fabulous-notes/oss-cad-suite/lib/../share/yosys/lattice/common_sim.vh:159$37826 in module $paramod$2074b3813575c9ede27f9a04ee0bf291c9c7bf2f\TRELLIS_DPR16X4.
Removed a total of 0 dead cases.

12.46.4.3. Executing PROC_PRUNE pass (remove redundant assignments in processes).
Removed 0 redundant assignments.
Promoted 22 assignments to connections.

12.46.4.4. Executing PROC_INIT pass (extract init attributes).

12.46.4.5. Executing PROC_ARST pass (detect async resets in processes).

12.46.4.6. Executing PROC_ROM pass (convert switches to ROMs).
Converted 0 switches.
<suppressed ~1 debug messages>

12.46.4.7. Executing PROC_MUX pass (convert decision trees to multiplexers).
Creating decoders for process `$paramod$2074b3813575c9ede27f9a04ee0bf291c9c7bf2f\TRELLIS_DPR16X4.$proc$/home/matthias/prog/janestreet/fabulous-notes/oss-cad-suite/lib/../share/yosys/lattice/common_sim.vh:143$37850'.
Creating decoders for process `$paramod$2074b3813575c9ede27f9a04ee0bf291c9c7bf2f\TRELLIS_DPR16X4.$proc$/home/matthias/prog/janestreet/fabulous-notes/oss-cad-suite/lib/../share/yosys/lattice/common_sim.vh:159$37826'.
     1/3: $1$memwr$\mem$/home/matthias/prog/janestreet/fabulous-notes/oss-cad-suite/lib/../share/yosys/lattice/common_sim.vh:161$37824_EN[3:0]$37832
     2/3: $1$memwr$\mem$/home/matthias/prog/janestreet/fabulous-notes/oss-cad-suite/lib/../share/yosys/lattice/common_sim.vh:161$37824_DATA[3:0]$37831
     3/3: $1$memwr$\mem$/home/matthias/prog/janestreet/fabulous-notes/oss-cad-suite/lib/../share/yosys/lattice/common_sim.vh:161$37824_ADDR[3:0]$37830
Creating decoders for process `$paramod$2074b3813575c9ede27f9a04ee0bf291c9c7bf2f\TRELLIS_DPR16X4.$proc$/home/matthias/prog/janestreet/fabulous-notes/oss-cad-suite/lib/../share/yosys/lattice/common_sim.vh:151$37825'.

12.46.4.8. Executing PROC_DLATCH pass (convert process syncs to latches).
No latch inferred for signal `$paramod$2074b3813575c9ede27f9a04ee0bf291c9c7bf2f\TRELLIS_DPR16X4.\i' from process `$paramod$2074b3813575c9ede27f9a04ee0bf291c9c7bf2f\TRELLIS_DPR16X4.$proc$/home/matthias/prog/janestreet/fabulous-notes/oss-cad-suite/lib/../share/yosys/lattice/common_sim.vh:143$37850'.
No latch inferred for signal `$paramod$2074b3813575c9ede27f9a04ee0bf291c9c7bf2f\TRELLIS_DPR16X4.$memwr$\mem$/home/matthias/prog/janestreet/fabulous-notes/oss-cad-suite/lib/../share/yosys/lattice/common_sim.vh:145$37808_EN' from process `$paramod$2074b3813575c9ede27f9a04ee0bf291c9c7bf2f\TRELLIS_DPR16X4.$proc$/home/matthias/prog/janestreet/fabulous-notes/oss-cad-suite/lib/../share/yosys/lattice/common_sim.vh:143$37850'.
No latch inferred for signal `$paramod$2074b3813575c9ede27f9a04ee0bf291c9c7bf2f\TRELLIS_DPR16X4.$memwr$\mem$/home/matthias/prog/janestreet/fabulous-notes/oss-cad-suite/lib/../share/yosys/lattice/common_sim.vh:145$37809_EN' from process `$paramod$2074b3813575c9ede27f9a04ee0bf291c9c7bf2f\TRELLIS_DPR16X4.$proc$/home/matthias/prog/janestreet/fabulous-notes/oss-cad-suite/lib/../share/yosys/lattice/common_sim.vh:143$37850'.
No latch inferred for signal `$paramod$2074b3813575c9ede27f9a04ee0bf291c9c7bf2f\TRELLIS_DPR16X4.$memwr$\mem$/home/matthias/prog/janestreet/fabulous-notes/oss-cad-suite/lib/../share/yosys/lattice/common_sim.vh:145$37810_EN' from process `$paramod$2074b3813575c9ede27f9a04ee0bf291c9c7bf2f\TRELLIS_DPR16X4.$proc$/home/matthias/prog/janestreet/fabulous-notes/oss-cad-suite/lib/../share/yosys/lattice/common_sim.vh:143$37850'.
No latch inferred for signal `$paramod$2074b3813575c9ede27f9a04ee0bf291c9c7bf2f\TRELLIS_DPR16X4.$memwr$\mem$/home/matthias/prog/janestreet/fabulous-notes/oss-cad-suite/lib/../share/yosys/lattice/common_sim.vh:145$37811_EN' from process `$paramod$2074b3813575c9ede27f9a04ee0bf291c9c7bf2f\TRELLIS_DPR16X4.$proc$/home/matthias/prog/janestreet/fabulous-notes/oss-cad-suite/lib/../share/yosys/lattice/common_sim.vh:143$37850'.
No latch inferred for signal `$paramod$2074b3813575c9ede27f9a04ee0bf291c9c7bf2f\TRELLIS_DPR16X4.$memwr$\mem$/home/matthias/prog/janestreet/fabulous-notes/oss-cad-suite/lib/../share/yosys/lattice/common_sim.vh:145$37812_EN' from process `$paramod$2074b3813575c9ede27f9a04ee0bf291c9c7bf2f\TRELLIS_DPR16X4.$proc$/home/matthias/prog/janestreet/fabulous-notes/oss-cad-suite/lib/../share/yosys/lattice/common_sim.vh:143$37850'.
No latch inferred for signal `$paramod$2074b3813575c9ede27f9a04ee0bf291c9c7bf2f\TRELLIS_DPR16X4.$memwr$\mem$/home/matthias/prog/janestreet/fabulous-notes/oss-cad-suite/lib/../share/yosys/lattice/common_sim.vh:145$37813_EN' from process `$paramod$2074b3813575c9ede27f9a04ee0bf291c9c7bf2f\TRELLIS_DPR16X4.$proc$/home/matthias/prog/janestreet/fabulous-notes/oss-cad-suite/lib/../share/yosys/lattice/common_sim.vh:143$37850'.
No latch inferred for signal `$paramod$2074b3813575c9ede27f9a04ee0bf291c9c7bf2f\TRELLIS_DPR16X4.$memwr$\mem$/home/matthias/prog/janestreet/fabulous-notes/oss-cad-suite/lib/../share/yosys/lattice/common_sim.vh:145$37814_EN' from process `$paramod$2074b3813575c9ede27f9a04ee0bf291c9c7bf2f\TRELLIS_DPR16X4.$proc$/home/matthias/prog/janestreet/fabulous-notes/oss-cad-suite/lib/../share/yosys/lattice/common_sim.vh:143$37850'.
No latch inferred for signal `$paramod$2074b3813575c9ede27f9a04ee0bf291c9c7bf2f\TRELLIS_DPR16X4.$memwr$\mem$/home/matthias/prog/janestreet/fabulous-notes/oss-cad-suite/lib/../share/yosys/lattice/common_sim.vh:145$37815_EN' from process `$paramod$2074b3813575c9ede27f9a04ee0bf291c9c7bf2f\TRELLIS_DPR16X4.$proc$/home/matthias/prog/janestreet/fabulous-notes/oss-cad-suite/lib/../share/yosys/lattice/common_sim.vh:143$37850'.
No latch inferred for signal `$paramod$2074b3813575c9ede27f9a04ee0bf291c9c7bf2f\TRELLIS_DPR16X4.$memwr$\mem$/home/matthias/prog/janestreet/fabulous-notes/oss-cad-suite/lib/../share/yosys/lattice/common_sim.vh:145$37816_EN' from process `$paramod$2074b3813575c9ede27f9a04ee0bf291c9c7bf2f\TRELLIS_DPR16X4.$proc$/home/matthias/prog/janestreet/fabulous-notes/oss-cad-suite/lib/../share/yosys/lattice/common_sim.vh:143$37850'.
No latch inferred for signal `$paramod$2074b3813575c9ede27f9a04ee0bf291c9c7bf2f\TRELLIS_DPR16X4.$memwr$\mem$/home/matthias/prog/janestreet/fabulous-notes/oss-cad-suite/lib/../share/yosys/lattice/common_sim.vh:145$37817_EN' from process `$paramod$2074b3813575c9ede27f9a04ee0bf291c9c7bf2f\TRELLIS_DPR16X4.$proc$/home/matthias/prog/janestreet/fabulous-notes/oss-cad-suite/lib/../share/yosys/lattice/common_sim.vh:143$37850'.
No latch inferred for signal `$paramod$2074b3813575c9ede27f9a04ee0bf291c9c7bf2f\TRELLIS_DPR16X4.$memwr$\mem$/home/matthias/prog/janestreet/fabulous-notes/oss-cad-suite/lib/../share/yosys/lattice/common_sim.vh:145$37818_EN' from process `$paramod$2074b3813575c9ede27f9a04ee0bf291c9c7bf2f\TRELLIS_DPR16X4.$proc$/home/matthias/prog/janestreet/fabulous-notes/oss-cad-suite/lib/../share/yosys/lattice/common_sim.vh:143$37850'.
No latch inferred for signal `$paramod$2074b3813575c9ede27f9a04ee0bf291c9c7bf2f\TRELLIS_DPR16X4.$memwr$\mem$/home/matthias/prog/janestreet/fabulous-notes/oss-cad-suite/lib/../share/yosys/lattice/common_sim.vh:145$37819_EN' from process `$paramod$2074b3813575c9ede27f9a04ee0bf291c9c7bf2f\TRELLIS_DPR16X4.$proc$/home/matthias/prog/janestreet/fabulous-notes/oss-cad-suite/lib/../share/yosys/lattice/common_sim.vh:143$37850'.
No latch inferred for signal `$paramod$2074b3813575c9ede27f9a04ee0bf291c9c7bf2f\TRELLIS_DPR16X4.$memwr$\mem$/home/matthias/prog/janestreet/fabulous-notes/oss-cad-suite/lib/../share/yosys/lattice/common_sim.vh:145$37820_EN' from process `$paramod$2074b3813575c9ede27f9a04ee0bf291c9c7bf2f\TRELLIS_DPR16X4.$proc$/home/matthias/prog/janestreet/fabulous-notes/oss-cad-suite/lib/../share/yosys/lattice/common_sim.vh:143$37850'.
No latch inferred for signal `$paramod$2074b3813575c9ede27f9a04ee0bf291c9c7bf2f\TRELLIS_DPR16X4.$memwr$\mem$/home/matthias/prog/janestreet/fabulous-notes/oss-cad-suite/lib/../share/yosys/lattice/common_sim.vh:145$37821_EN' from process `$paramod$2074b3813575c9ede27f9a04ee0bf291c9c7bf2f\TRELLIS_DPR16X4.$proc$/home/matthias/prog/janestreet/fabulous-notes/oss-cad-suite/lib/../share/yosys/lattice/common_sim.vh:143$37850'.
No latch inferred for signal `$paramod$2074b3813575c9ede27f9a04ee0bf291c9c7bf2f\TRELLIS_DPR16X4.$memwr$\mem$/home/matthias/prog/janestreet/fabulous-notes/oss-cad-suite/lib/../share/yosys/lattice/common_sim.vh:145$37822_EN' from process `$paramod$2074b3813575c9ede27f9a04ee0bf291c9c7bf2f\TRELLIS_DPR16X4.$proc$/home/matthias/prog/janestreet/fabulous-notes/oss-cad-suite/lib/../share/yosys/lattice/common_sim.vh:143$37850'.
No latch inferred for signal `$paramod$2074b3813575c9ede27f9a04ee0bf291c9c7bf2f\TRELLIS_DPR16X4.$memwr$\mem$/home/matthias/prog/janestreet/fabulous-notes/oss-cad-suite/lib/../share/yosys/lattice/common_sim.vh:145$37823_EN' from process `$paramod$2074b3813575c9ede27f9a04ee0bf291c9c7bf2f\TRELLIS_DPR16X4.$proc$/home/matthias/prog/janestreet/fabulous-notes/oss-cad-suite/lib/../share/yosys/lattice/common_sim.vh:143$37850'.
No latch inferred for signal `$paramod$2074b3813575c9ede27f9a04ee0bf291c9c7bf2f\TRELLIS_DPR16X4.\muxwre' from process `$paramod$2074b3813575c9ede27f9a04ee0bf291c9c7bf2f\TRELLIS_DPR16X4.$proc$/home/matthias/prog/janestreet/fabulous-notes/oss-cad-suite/lib/../share/yosys/lattice/common_sim.vh:151$37825'.

12.46.4.9. Executing PROC_DFF pass (convert process syncs to FFs).
Creating register for signal `$paramod$2074b3813575c9ede27f9a04ee0bf291c9c7bf2f\TRELLIS_DPR16X4.$memwr$\mem$/home/matthias/prog/janestreet/fabulous-notes/oss-cad-suite/lib/../share/yosys/lattice/common_sim.vh:161$37824_ADDR' using process `$paramod$2074b3813575c9ede27f9a04ee0bf291c9c7bf2f\TRELLIS_DPR16X4.$proc$/home/matthias/prog/janestreet/fabulous-notes/oss-cad-suite/lib/../share/yosys/lattice/common_sim.vh:159$37826'.
  created $dff cell `$procdff$37876' with positive edge clock.
Creating register for signal `$paramod$2074b3813575c9ede27f9a04ee0bf291c9c7bf2f\TRELLIS_DPR16X4.$memwr$\mem$/home/matthias/prog/janestreet/fabulous-notes/oss-cad-suite/lib/../share/yosys/lattice/common_sim.vh:161$37824_DATA' using process `$paramod$2074b3813575c9ede27f9a04ee0bf291c9c7bf2f\TRELLIS_DPR16X4.$proc$/home/matthias/prog/janestreet/fabulous-notes/oss-cad-suite/lib/../share/yosys/lattice/common_sim.vh:159$37826'.
  created $dff cell `$procdff$37877' with positive edge clock.
Creating register for signal `$paramod$2074b3813575c9ede27f9a04ee0bf291c9c7bf2f\TRELLIS_DPR16X4.$memwr$\mem$/home/matthias/prog/janestreet/fabulous-notes/oss-cad-suite/lib/../share/yosys/lattice/common_sim.vh:161$37824_EN' using process `$paramod$2074b3813575c9ede27f9a04ee0bf291c9c7bf2f\TRELLIS_DPR16X4.$proc$/home/matthias/prog/janestreet/fabulous-notes/oss-cad-suite/lib/../share/yosys/lattice/common_sim.vh:159$37826'.
  created $dff cell `$procdff$37878' with positive edge clock.

12.46.4.10. Executing PROC_MEMWR pass (convert process memory writes to cells).

12.46.4.11. Executing PROC_CLEAN pass (remove empty switches from decision trees).
Removing empty process `$paramod$2074b3813575c9ede27f9a04ee0bf291c9c7bf2f\TRELLIS_DPR16X4.$proc$/home/matthias/prog/janestreet/fabulous-notes/oss-cad-suite/lib/../share/yosys/lattice/common_sim.vh:143$37850'.
Found and cleaned up 1 empty switch in `$paramod$2074b3813575c9ede27f9a04ee0bf291c9c7bf2f\TRELLIS_DPR16X4.$proc$/home/matthias/prog/janestreet/fabulous-notes/oss-cad-suite/lib/../share/yosys/lattice/common_sim.vh:159$37826'.
Removing empty process `$paramod$2074b3813575c9ede27f9a04ee0bf291c9c7bf2f\TRELLIS_DPR16X4.$proc$/home/matthias/prog/janestreet/fabulous-notes/oss-cad-suite/lib/../share/yosys/lattice/common_sim.vh:159$37826'.
Removing empty process `$paramod$2074b3813575c9ede27f9a04ee0bf291c9c7bf2f\TRELLIS_DPR16X4.$proc$/home/matthias/prog/janestreet/fabulous-notes/oss-cad-suite/lib/../share/yosys/lattice/common_sim.vh:151$37825'.
Cleaned up 1 empty switch.

12.46.5. Executing SCC pass (detecting logic loops).
Found an SCC: $auto$simplemap.cc:106:simplemap_bitop$26053 $auto$simplemap.cc:106:simplemap_bitop$26054 $auto$simplemap.cc:106:simplemap_bitop$26055 $auto$ff.cc:337:slice$11652 $auto$simplemap.cc:157:simplemap_reduce$11654
Found an SCC: $auto$ff.cc:337:slice$13578 $auto$ff.cc:337:slice$13577 $auto$ff.cc:337:slice$13576 $auto$ff.cc:337:slice$13575 $auto$simplemap.cc:157:simplemap_reduce$16589 $auto$simplemap.cc:106:simplemap_bitop$16583 $auto$simplemap.cc:157:simplemap_reduce$16592 $auto$simplemap.cc:157:simplemap_reduce$16590 $auto$simplemap.cc:106:simplemap_bitop$16584 $auto$simplemap.cc:106:simplemap_bitop$16676 $auto$simplemap.cc:106:simplemap_bitop$16597 $auto$simplemap.cc:227:simplemap_lognot$16596 $auto$simplemap.cc:157:simplemap_reduce$16594 $auto$simplemap.cc:106:simplemap_bitop$16585 $auto$alumacc.cc:548:replace_alu$7738.slice[4].ccu2c_i $auto$alumacc.cc:548:replace_alu$7738.slice[2].ccu2c_i $auto$alumacc.cc:548:replace_alu$7738.slice[0].ccu2c_i $auto$ff.cc:337:slice$13574 $auto$simplemap.cc:157:simplemap_reduce$13553
Found an SCC: $auto$simplemap.cc:106:simplemap_bitop$16673 $auto$ff.cc:337:slice$13605 $auto$ff.cc:337:slice$13604 $auto$ff.cc:337:slice$13603 $auto$ff.cc:337:slice$13602 $auto$ff.cc:337:slice$13601 $auto$ff.cc:337:slice$13600 $auto$ff.cc:337:slice$13599 $auto$ff.cc:337:slice$13598 $auto$alumacc.cc:548:replace_alu$7538.slice[0].ccu2c_i $auto$alumacc.cc:548:replace_alu$7538.slice[2].ccu2c_i $auto$alumacc.cc:548:replace_alu$7538.slice[4].ccu2c_i $auto$alumacc.cc:548:replace_alu$7538.slice[6].ccu2c_i $auto$alumacc.cc:548:replace_alu$7729.slice[6].ccu2c_i $auto$alumacc.cc:548:replace_alu$7729.slice[4].ccu2c_i $auto$alumacc.cc:548:replace_alu$7729.slice[2].ccu2c_i $auto$alumacc.cc:548:replace_alu$7729.slice[0].ccu2c_i $auto$ff.cc:337:slice$13597 $auto$simplemap.cc:157:simplemap_reduce$13607 $auto$simplemap.cc:106:simplemap_bitop$16671 $auto$simplemap.cc:106:simplemap_bitop$16670 $auto$simplemap.cc:298:simplemap_mux$16675 $auto$simplemap.cc:106:simplemap_bitop$16674
Found an SCC: $auto$opt_expr.cc:607:replace_const_cells$33005 $auto$ff.cc:337:slice$9846 $auto$simplemap.cc:157:simplemap_reduce$18739 $auto$ff.cc:337:slice$9845 $auto$opt_expr.cc:607:replace_const_cells$33007 $auto$ff.cc:337:slice$9844 $auto$ff.cc:337:slice$9864 $auto$simplemap.cc:157:simplemap_reduce$18713 $auto$ff.cc:337:slice$9863 $auto$ff.cc:337:slice$9862 $auto$ff.cc:337:slice$9861 $auto$simplemap.cc:157:simplemap_reduce$12947 $auto$opt_expr.cc:607:replace_const_cells$33597 $auto$simplemap.cc:157:simplemap_reduce$12960 $auto$ff.cc:337:slice$9859 $auto$simplemap.cc:157:simplemap_reduce$18718 $auto$ff.cc:337:slice$9858 $auto$ff.cc:337:slice$9857 $auto$simplemap.cc:157:simplemap_reduce$18723 $auto$simplemap.cc:157:simplemap_reduce$18717 $auto$ff.cc:337:slice$9856 $auto$ff.cc:337:slice$9855 $auto$simplemap.cc:157:simplemap_reduce$18716 $auto$ff.cc:337:slice$9854 $auto$ff.cc:337:slice$9853 $auto$simplemap.cc:157:simplemap_reduce$18726 $auto$simplemap.cc:157:simplemap_reduce$18722 $auto$simplemap.cc:157:simplemap_reduce$18715 $auto$ff.cc:337:slice$9852 $auto$ff.cc:337:slice$9851 $auto$simplemap.cc:157:simplemap_reduce$18721 $auto$simplemap.cc:157:simplemap_reduce$18714 $auto$ff.cc:337:slice$9850 $auto$simplemap.cc:157:simplemap_reduce$18712 $auto$ff.cc:337:slice$9849 $auto$dfflegalize.cc:998:flip_pol$35072 $auto$ff.cc:573:convert_ce_over_srst$35540 $auto$simplemap.cc:157:simplemap_reduce$9848 $auto$simplemap.cc:157:simplemap_reduce$18728 $auto$simplemap.cc:157:simplemap_reduce$18725 $auto$simplemap.cc:157:simplemap_reduce$18720 $auto$simplemap.cc:157:simplemap_reduce$18711 $auto$ff.cc:337:slice$9860 $auto$dfflegalize.cc:998:flip_pol$35056 $auto$ff.cc:573:convert_ce_over_srst$35504 $auto$simplemap.cc:157:simplemap_reduce$12951 $auto$simplemap.cc:157:simplemap_reduce$12949 $auto$simplemap.cc:157:simplemap_reduce$12962 $auto$simplemap.cc:157:simplemap_reduce$12930 $auto$simplemap.cc:157:simplemap_reduce$12940 $auto$simplemap.cc:157:simplemap_reduce$18741 $auto$simplemap.cc:157:simplemap_reduce$18738 $auto$ff.cc:337:slice$9843 $auto$dfflegalize.cc:998:flip_pol$35112 $auto$ff.cc:573:convert_ce_over_srst$35534 $auto$simplemap.cc:157:simplemap_reduce$12933
Found an SCC: $auto$ff.cc:337:slice$9839 $auto$simplemap.cc:157:simplemap_reduce$18781 $auto$ff.cc:337:slice$9838 $auto$ff.cc:337:slice$9837 $auto$simplemap.cc:157:simplemap_reduce$18786 $auto$simplemap.cc:157:simplemap_reduce$18780 $auto$ff.cc:337:slice$9836 $auto$ff.cc:337:slice$9835 $auto$simplemap.cc:157:simplemap_reduce$18779 $auto$ff.cc:337:slice$9834 $auto$ff.cc:337:slice$9833 $auto$simplemap.cc:157:simplemap_reduce$18789 $auto$simplemap.cc:157:simplemap_reduce$18785 $auto$simplemap.cc:157:simplemap_reduce$18778 $auto$ff.cc:337:slice$9832 $auto$ff.cc:337:slice$9831 $auto$simplemap.cc:157:simplemap_reduce$18791 $auto$simplemap.cc:157:simplemap_reduce$18788 $auto$simplemap.cc:157:simplemap_reduce$18784 $auto$simplemap.cc:157:simplemap_reduce$18777 $auto$ff.cc:337:slice$9830 $auto$dfflegalize.cc:998:flip_pol$35130 $auto$ff.cc:573:convert_ce_over_srst$35530 $auto$simplemap.cc:157:simplemap_reduce$9826
Found an SCC: $auto$opt_expr.cc:607:replace_const_cells$33179 $auto$ff.cc:337:slice$13733 $auto$ff.cc:337:slice$13732 $auto$simplemap.cc:227:simplemap_lognot$15445 $auto$simplemap.cc:157:simplemap_reduce$15443 $auto$simplemap.cc:157:simplemap_reduce$15441 $auto$ff.cc:337:slice$13731 $auto$simplemap.cc:157:simplemap_reduce$13729
Found an SCC: $auto$opt_expr.cc:607:replace_const_cells$33119 $auto$ff.cc:337:slice$13683 $auto$simplemap.cc:157:simplemap_reduce$16330 $auto$opt_expr.cc:607:replace_const_cells$33121 $auto$ff.cc:337:slice$13682 $auto$ff.cc:337:slice$13681 $auto$simplemap.cc:157:simplemap_reduce$16329 $auto$ff.cc:337:slice$13680 $auto$ff.cc:337:slice$13679 $auto$simplemap.cc:157:simplemap_reduce$16333 $auto$simplemap.cc:157:simplemap_reduce$16328 $auto$opt_expr.cc:607:replace_const_cells$33109 $auto$ff.cc:337:slice$13678 $auto$opt_expr.cc:607:replace_const_cells$33111 $auto$ff.cc:337:slice$13677 $auto$simplemap.cc:157:simplemap_reduce$16327 $auto$opt_expr.cc:607:replace_const_cells$33113 $auto$ff.cc:337:slice$13676 $auto$opt_expr.cc:607:replace_const_cells$33115 $auto$ff.cc:337:slice$13675 $auto$simplemap.cc:227:simplemap_lognot$16339 $auto$simplemap.cc:157:simplemap_reduce$16337 $auto$simplemap.cc:157:simplemap_reduce$16335 $auto$simplemap.cc:157:simplemap_reduce$16332 $auto$simplemap.cc:157:simplemap_reduce$16326 $auto$opt_expr.cc:607:replace_const_cells$33117 $auto$ff.cc:337:slice$13674 $auto$simplemap.cc:157:simplemap_reduce$13672
Found 7 SCCs in module ulx3s_top.
Found 7 SCCs.

12.46.6. Executing ABC9_OPS pass (helper functions for ABC9).

12.46.7. Executing TECHMAP pass (map to technology primitives).

12.46.7.1. Executing Verilog-2005 frontend: /home/matthias/prog/janestreet/fabulous-notes/oss-cad-suite/lib/../share/yosys/techmap.v
Parsing Verilog input from `/home/matthias/prog/janestreet/fabulous-notes/oss-cad-suite/lib/../share/yosys/techmap.v' to AST representation.
Generating RTLIL representation for module `\_90_simplemap_bool_ops'.
Generating RTLIL representation for module `\_90_simplemap_reduce_ops'.
Generating RTLIL representation for module `\_90_simplemap_logic_ops'.
Generating RTLIL representation for module `\_90_simplemap_compare_ops'.
Generating RTLIL representation for module `\_90_simplemap_various'.
Generating RTLIL representation for module `\_90_simplemap_registers'.
Generating RTLIL representation for module `\_90_shift_ops_shr_shl_sshl_sshr'.
Generating RTLIL representation for module `\_90_shift_shiftx'.
Generating RTLIL representation for module `\_90_fa'.
Generating RTLIL representation for module `\_90_lcu_brent_kung'.
Generating RTLIL representation for module `\_90_alu'.
Generating RTLIL representation for module `\_90_macc'.
Generating RTLIL representation for module `\_90_alumacc'.
Generating RTLIL representation for module `$__div_mod_u'.
Generating RTLIL representation for module `$__div_mod_trunc'.
Generating RTLIL representation for module `\_90_div'.
Generating RTLIL representation for module `\_90_mod'.
Generating RTLIL representation for module `$__div_mod_floor'.
Generating RTLIL representation for module `\_90_divfloor'.
Generating RTLIL representation for module `\_90_modfloor'.
Generating RTLIL representation for module `\_90_pow'.
Generating RTLIL representation for module `\_90_demux'.
Generating RTLIL representation for module `\_90_lut'.
Generating RTLIL representation for module `$connect'.
Generating RTLIL representation for module `$input_port'.
Successfully finished Verilog frontend.

12.46.7.2. Continuing TECHMAP pass.
No more expansions possible.
<suppressed ~170 debug messages>

12.46.8. Executing OPT pass (performing simple optimizations).

12.46.8.1. Executing OPT_EXPR pass (perform const folding).
Optimizing module $paramod$af6cfab7b64a03625b4e26db341709ec2a848ad1\TRELLIS_FF.
Optimizing module $paramod$2074b3813575c9ede27f9a04ee0bf291c9c7bf2f\TRELLIS_DPR16X4.

12.46.8.2. Executing OPT_MERGE pass (detect identical cells).
Finding identical cells in module `$paramod$af6cfab7b64a03625b4e26db341709ec2a848ad1\TRELLIS_FF'.
Computing hashes of 2 cells of `$paramod$af6cfab7b64a03625b4e26db341709ec2a848ad1\TRELLIS_FF'.
Finding duplicate cells in `$paramod$af6cfab7b64a03625b4e26db341709ec2a848ad1\TRELLIS_FF'.
Finding identical cells in module `$paramod$2074b3813575c9ede27f9a04ee0bf291c9c7bf2f\TRELLIS_DPR16X4'.
Computing hashes of 2 cells of `$paramod$2074b3813575c9ede27f9a04ee0bf291c9c7bf2f\TRELLIS_DPR16X4'.
Finding duplicate cells in `$paramod$2074b3813575c9ede27f9a04ee0bf291c9c7bf2f\TRELLIS_DPR16X4'.
Removed a total of 0 cells.

12.46.8.3. Executing OPT_MUXTREE pass (detect dead branches in mux trees).
Running muxtree optimizer on module $paramod$af6cfab7b64a03625b4e26db341709ec2a848ad1\TRELLIS_FF..
  Creating internal representation of mux trees.
  No muxes found in this module.
Running muxtree optimizer on module $paramod$2074b3813575c9ede27f9a04ee0bf291c9c7bf2f\TRELLIS_DPR16X4..
  Creating internal representation of mux trees.
  No muxes found in this module.
Removed 0 multiplexer ports.

12.46.8.4. Executing OPT_REDUCE pass (consolidate $*mux and $reduce_* inputs).
  Optimizing cells in module $paramod$af6cfab7b64a03625b4e26db341709ec2a848ad1\TRELLIS_FF.
  Optimizing cells in module $paramod$2074b3813575c9ede27f9a04ee0bf291c9c7bf2f\TRELLIS_DPR16X4.
Performed a total of 0 changes.

12.46.8.5. Executing OPT_MERGE pass (detect identical cells).
Finding identical cells in module `$paramod$af6cfab7b64a03625b4e26db341709ec2a848ad1\TRELLIS_FF'.
Computing hashes of 2 cells of `$paramod$af6cfab7b64a03625b4e26db341709ec2a848ad1\TRELLIS_FF'.
Finding duplicate cells in `$paramod$af6cfab7b64a03625b4e26db341709ec2a848ad1\TRELLIS_FF'.
Finding identical cells in module `$paramod$2074b3813575c9ede27f9a04ee0bf291c9c7bf2f\TRELLIS_DPR16X4'.
Computing hashes of 2 cells of `$paramod$2074b3813575c9ede27f9a04ee0bf291c9c7bf2f\TRELLIS_DPR16X4'.
Finding duplicate cells in `$paramod$2074b3813575c9ede27f9a04ee0bf291c9c7bf2f\TRELLIS_DPR16X4'.
Removed a total of 0 cells.

12.46.8.6. Executing OPT_DFF pass (perform DFF optimizations).

12.46.8.7. Executing OPT_CLEAN pass (remove unused cells and wires).
Finding unused cells or wires in module $paramod$af6cfab7b64a03625b4e26db341709ec2a848ad1\TRELLIS_FF..
Finding unused cells or wires in module $paramod$2074b3813575c9ede27f9a04ee0bf291c9c7bf2f\TRELLIS_DPR16X4..

12.46.8.8. Executing OPT_EXPR pass (perform const folding).
Optimizing module $paramod$af6cfab7b64a03625b4e26db341709ec2a848ad1\TRELLIS_FF.
Optimizing module $paramod$2074b3813575c9ede27f9a04ee0bf291c9c7bf2f\TRELLIS_DPR16X4.

12.46.8.9. Finished fast OPT passes. (There is nothing left to do.)

12.46.9. Executing TECHMAP pass (map to technology primitives).

12.46.9.1. Executing Verilog-2005 frontend: /home/matthias/prog/janestreet/fabulous-notes/oss-cad-suite/lib/../share/yosys/abc9_map.v
Parsing Verilog input from `/home/matthias/prog/janestreet/fabulous-notes/oss-cad-suite/lib/../share/yosys/abc9_map.v' to AST representation.
Successfully finished Verilog frontend.

12.46.9.2. Continuing TECHMAP pass.
Using template $paramod$af6cfab7b64a03625b4e26db341709ec2a848ad1\TRELLIS_FF for cells of type $paramod$af6cfab7b64a03625b4e26db341709ec2a848ad1\TRELLIS_FF.
Using template $paramod$2074b3813575c9ede27f9a04ee0bf291c9c7bf2f\TRELLIS_DPR16X4 for cells of type $paramod$2074b3813575c9ede27f9a04ee0bf291c9c7bf2f\TRELLIS_DPR16X4.
No more expansions possible.
<suppressed ~42 debug messages>

12.46.10. Executing Verilog-2005 frontend: /home/matthias/prog/janestreet/fabulous-notes/oss-cad-suite/lib/../share/yosys/abc9_model.v
Parsing Verilog input from `/home/matthias/prog/janestreet/fabulous-notes/oss-cad-suite/lib/../share/yosys/abc9_model.v' to AST representation.
Generating RTLIL representation for module `$__ABC9_DELAY'.
Generating RTLIL representation for module `$__ABC9_SCC_BREAKER'.
Generating RTLIL representation for module `$__DFF_N__$abc9_flop'.
Generating RTLIL representation for module `$__DFF_P__$abc9_flop'.
Successfully finished Verilog frontend.

12.46.11. Executing ABC9_OPS pass (helper functions for ABC9).
<suppressed ~2 debug messages>

12.46.12. Executing ABC9_OPS pass (helper functions for ABC9).

12.46.13. Executing ABC9_OPS pass (helper functions for ABC9).
<suppressed ~2 debug messages>

12.46.14. Executing TECHMAP pass (map to technology primitives).

12.46.14.1. Executing Verilog-2005 frontend: /home/matthias/prog/janestreet/fabulous-notes/oss-cad-suite/lib/../share/yosys/techmap.v
Parsing Verilog input from `/home/matthias/prog/janestreet/fabulous-notes/oss-cad-suite/lib/../share/yosys/techmap.v' to AST representation.
Generating RTLIL representation for module `\_90_simplemap_bool_ops'.
Generating RTLIL representation for module `\_90_simplemap_reduce_ops'.
Generating RTLIL representation for module `\_90_simplemap_logic_ops'.
Generating RTLIL representation for module `\_90_simplemap_compare_ops'.
Generating RTLIL representation for module `\_90_simplemap_various'.
Generating RTLIL representation for module `\_90_simplemap_registers'.
Generating RTLIL representation for module `\_90_shift_ops_shr_shl_sshl_sshr'.
Generating RTLIL representation for module `\_90_shift_shiftx'.
Generating RTLIL representation for module `\_90_fa'.
Generating RTLIL representation for module `\_90_lcu_brent_kung'.
Generating RTLIL representation for module `\_90_alu'.
Generating RTLIL representation for module `\_90_macc'.
Generating RTLIL representation for module `\_90_alumacc'.
Generating RTLIL representation for module `$__div_mod_u'.
Generating RTLIL representation for module `$__div_mod_trunc'.
Generating RTLIL representation for module `\_90_div'.
Generating RTLIL representation for module `\_90_mod'.
Generating RTLIL representation for module `$__div_mod_floor'.
Generating RTLIL representation for module `\_90_divfloor'.
Generating RTLIL representation for module `\_90_modfloor'.
Generating RTLIL representation for module `\_90_pow'.
Generating RTLIL representation for module `\_90_demux'.
Generating RTLIL representation for module `\_90_lut'.
Generating RTLIL representation for module `$connect'.
Generating RTLIL representation for module `$input_port'.
Successfully finished Verilog frontend.

12.46.14.2. Continuing TECHMAP pass.
Using template $paramod$838872d5a4bab89607f53482b205c0fd50d8b82e\CCU2C for cells of type $paramod$838872d5a4bab89607f53482b205c0fd50d8b82e\CCU2C.
Using extmapper simplemap for cells of type $or.
Using extmapper simplemap for cells of type $and.
Using extmapper simplemap for cells of type $not.
Using extmapper simplemap for cells of type $xor.
Using template $paramod\LUT2\INIT=4'1010 for cells of type LUT2.
Using template $paramod\LUT4\INIT=16'1001011010101010 for cells of type LUT4.
Using extmapper simplemap for cells of type $mux.
No more expansions possible.
<suppressed ~207 debug messages>

12.46.15. Executing OPT pass (performing simple optimizations).

12.46.15.1. Executing OPT_EXPR pass (perform const folding).
Optimizing module ulx3s_top.
<suppressed ~18 debug messages>

12.46.15.2. Executing OPT_MERGE pass (detect identical cells).
Finding identical cells in module `\ulx3s_top'.
Computing hashes of 59 cells of `\ulx3s_top'.
Finding duplicate cells in `\ulx3s_top'.
Computing hashes of 57 cells of `\ulx3s_top'.
Finding duplicate cells in `\ulx3s_top'.
<suppressed ~6 debug messages>
Removed a total of 2 cells.

12.46.15.3. Executing OPT_MUXTREE pass (detect dead branches in mux trees).
Running muxtree optimizer on module \ulx3s_top..
  Creating internal representation of mux trees.
  No muxes found in this module.
Removed 0 multiplexer ports.

12.46.15.4. Executing OPT_REDUCE pass (consolidate $*mux and $reduce_* inputs).
  Optimizing cells in module \ulx3s_top.
Performed a total of 0 changes.

12.46.15.5. Executing OPT_MERGE pass (detect identical cells).
Finding identical cells in module `\ulx3s_top'.
Computing hashes of 57 cells of `\ulx3s_top'.
Finding duplicate cells in `\ulx3s_top'.
Removed a total of 0 cells.

12.46.15.6. Executing OPT_DFF pass (perform DFF optimizations).

12.46.15.7. Executing OPT_CLEAN pass (remove unused cells and wires).
Finding unused cells or wires in module \ulx3s_top..
Removed 0 unused cells and 55 unused wires.
<suppressed ~1 debug messages>

12.46.15.8. Executing OPT_EXPR pass (perform const folding).
Optimizing module ulx3s_top.

12.46.15.9. Rerunning OPT passes. (Maybe there is more to do..)

12.46.15.10. Executing OPT_MUXTREE pass (detect dead branches in mux trees).
Running muxtree optimizer on module \ulx3s_top..
  Creating internal representation of mux trees.
  No muxes found in this module.
Removed 0 multiplexer ports.

12.46.15.11. Executing OPT_REDUCE pass (consolidate $*mux and $reduce_* inputs).
  Optimizing cells in module \ulx3s_top.
Performed a total of 0 changes.

12.46.15.12. Executing OPT_MERGE pass (detect identical cells).
Finding identical cells in module `\ulx3s_top'.
Computing hashes of 57 cells of `\ulx3s_top'.
Finding duplicate cells in `\ulx3s_top'.
Removed a total of 0 cells.

12.46.15.13. Executing OPT_DFF pass (perform DFF optimizations).

12.46.15.14. Executing OPT_CLEAN pass (remove unused cells and wires).
Finding unused cells or wires in module \ulx3s_top..

12.46.15.15. Executing OPT_EXPR pass (perform const folding).
Optimizing module ulx3s_top.

12.46.15.16. Finished fast OPT passes. (There is nothing left to do.)

12.46.16. Executing AIGMAP pass (map logic to AIG).
Module ulx3s_top: replaced 4482 cells with 25700 new cells, skipped 4407 cells.
  replaced 4 cell types:
    2139 $_MUX_
      10 $_ORNOT_
    1878 $_OR_
     455 $_XOR_
  not replaced 16 cell types:
    1378 $_AND_
     631 $_NOT_
      17 $_TBUF_
       1 $__ABC9_SCC_BREAKER
      12 $scopeinfo
    1993 TRELLIS_FF
       1 USRMCLK
       2 EHXPLLL
       4 ODDRX1F
      18 DP16KD
       1 MULT18X18D
       8 $paramod$af6cfab7b64a03625b4e26db341709ec2a848ad1\TRELLIS_FF
     273 $paramod$838872d5a4bab89607f53482b205c0fd50d8b82e\CCU2C
      30 $paramod$2074b3813575c9ede27f9a04ee0bf291c9c7bf2f\TRELLIS_DPR16X4
       8 $paramod$af6cfab7b64a03625b4e26db341709ec2a848ad1\TRELLIS_FF_$abc9_byp
      30 $paramod$2074b3813575c9ede27f9a04ee0bf291c9c7bf2f\TRELLIS_DPR16X4_$abc9_byp

12.46.16.1. Executing ABC9_OPS pass (helper functions for ABC9).

12.46.16.2. Executing ABC9_OPS pass (helper functions for ABC9).
Warning: Feature 'write_xaiger2' is experimental.

12.46.16.3. Executing XAIGER2 backend.
<suppressed ~5084 debug messages>
Extracted 13607 AND gates and 0 wires from module `ulx3s_top' to a netlist network with 3796 inputs and 10725 outputs.

12.46.16.4. Executing ABC9_EXE pass (technology mapping using ABC9).

12.46.16.5. Executing ABC9.
Running ABC command: "<yosys-exe-dir>/yosys-abc" -s -f <abc-temp-dir>/abc.script 2>&1
ABC: ======== ABC command line "source <abc-temp-dir>/abc.script"
ABC: + read_lut <abc-temp-dir>/input.lut 
ABC: + read_box <abc-temp-dir>/input.box 
ABC: + &read <abc-temp-dir>/input.xaig 
ABC: + &ps 
ABC: <abc-temp-dir>/input : i/o =   2849/   8012  and =    9421  lev =   67 (3.08)  mem = 0.33 MB  box = 311  bb = 38
ABC: Warning: AIG with boxes has internal fanout in 0 complex flops and 1 carries.
ABC: + &scorr 
ABC: Warning: The network is combinational.
ABC: + &sweep 
ABC: + &dc2 
ABC: + &dch -f -r 
ABC: + &ps 
ABC: <abc-temp-dir>/input : i/o =   2849/   8012  and =   11925  lev =   65 (2.46)  mem = 0.36 MB  ch = 1581  box = 311  bb = 38
ABC: cst =       0  cls =   1395  lit =    1581  unused =   12745  proof =     0
ABC: Warning: AIG with boxes has internal fanout in 0 complex flops and 1 carries.
ABC: + &if -W 300 -v 
ABC: K = 7. Memory (bytes): Truth =    0. Cut =   76. Obj =  156. Set =  780. CutMin = no
ABC: Node =   11925.  Ch =  1395.  Total mem =    4.34 MB. Peak cut mem =    0.40 MB.
ABC: P:  Del = 4879.00.  Ar =    9755.0.  Edge =    12705.  Cut =   150204.  T =     0.02 sec
ABC: P:  Del = 4798.00.  Ar =    9538.0.  Edge =    12310.  Cut =   150526.  T =     0.02 sec
ABC: P:  Del = 4798.00.  Ar =    3903.0.  Edge =    10219.  Cut =   297852.  T =     0.03 sec
ABC: F:  Del = 4798.00.  Ar =    3226.0.  Edge =     9160.  Cut =   259022.  T =     0.03 sec
ABC: A:  Del = 4798.00.  Ar =    3090.0.  Edge =     8598.  Cut =   254915.  T =     0.04 sec
ABC: A:  Del = 4798.00.  Ar =    3082.0.  Edge =     8582.  Cut =   257088.  T =     0.04 sec
ABC: Total time =     0.18 sec
ABC: + &write -n <abc-temp-dir>/output.aig 
ABC: + &mfs 
ABC: + &ps -l 
ABC: <abc-temp-dir>/input : i/o =   2849/   8012  and =    9836  lev =   47 (2.44)  mem = 0.34 MB  box = 310  bb = 38
ABC: Mapping (K=7)  :  lut =   2237  edge =    8268  lev =    9 (1.26)  levB =   21  mem = 0.14 MB
ABC: LUT = 2237 : 2=270 12.1 %  3=611 27.3 %  4=962 43.0 %  5=345 15.4 %  6=21 0.9 %  7=28 1.3 %  Ave = 3.70
ABC: Warning: AIG with boxes has internal fanout in 0 complex flops and 1 carries.
ABC: + &write -n <abc-temp-dir>/output.aig 
ABC: + &verify 
ABC: Networks are equivalent.  Time =     0.19 sec
ABC: + time 
ABC: elapse: 1.32 seconds, total: 1.32 seconds

12.46.16.6. Executing AIGER frontend.
<suppressed ~10 debug messages>
Removed 15434 unused cells and 23041 unused wires.

12.46.16.7. Executing ABC_OPS_REINTEGRATE pass (reintegrate ABC mapped design into module).
ABC RESULTS:              $lut cells:     2285
ABC RESULTS:   $paramod$838872d5a4bab89607f53482b205c0fd50d8b82e\CCU2C cells:      272
ABC RESULTS:   $paramod$af6cfab7b64a03625b4e26db341709ec2a848ad1\TRELLIS_FF_$abc9_byp cells:        8
ABC RESULTS:   $paramod$2074b3813575c9ede27f9a04ee0bf291c9c7bf2f\TRELLIS_DPR16X4_$abc9_byp cells:       30
ABC RESULTS:           input signals:     1275
ABC RESULTS:          output signals:       17
<suppressed ~21723 debug messages>
Removing temp directory.

12.46.17. Executing TECHMAP pass (map to technology primitives).

12.46.17.1. Executing Verilog-2005 frontend: /home/matthias/prog/janestreet/fabulous-notes/oss-cad-suite/lib/../share/yosys/abc9_unmap.v
Parsing Verilog input from `/home/matthias/prog/janestreet/fabulous-notes/oss-cad-suite/lib/../share/yosys/abc9_unmap.v' to AST representation.
Generating RTLIL representation for module `$__DFF_x__$abc9_flop'.
Generating RTLIL representation for module `$__ABC9_SCC_BREAKER'.
Successfully finished Verilog frontend.

12.46.17.2. Continuing TECHMAP pass.
Using template $paramod$__ABC9_SCC_BREAKER\WIDTH=32'00000000000000000000000000000111 for cells of type $__ABC9_SCC_BREAKER.
Using template $paramod$af6cfab7b64a03625b4e26db341709ec2a848ad1\TRELLIS_FF for cells of type $paramod$af6cfab7b64a03625b4e26db341709ec2a848ad1\TRELLIS_FF.
Using template $paramod$af6cfab7b64a03625b4e26db341709ec2a848ad1\TRELLIS_FF_$abc9_byp for cells of type $paramod$af6cfab7b64a03625b4e26db341709ec2a848ad1\TRELLIS_FF_$abc9_byp.
Using template $paramod$2074b3813575c9ede27f9a04ee0bf291c9c7bf2f\TRELLIS_DPR16X4 for cells of type $paramod$2074b3813575c9ede27f9a04ee0bf291c9c7bf2f\TRELLIS_DPR16X4.
Using template $paramod$838872d5a4bab89607f53482b205c0fd50d8b82e\CCU2C for cells of type $paramod$838872d5a4bab89607f53482b205c0fd50d8b82e\CCU2C.
Using template $paramod$2074b3813575c9ede27f9a04ee0bf291c9c7bf2f\TRELLIS_DPR16X4_$abc9_byp for cells of type $paramod$2074b3813575c9ede27f9a04ee0bf291c9c7bf2f\TRELLIS_DPR16X4_$abc9_byp.
No more expansions possible.
<suppressed ~368 debug messages>
Removed 534 unused cells and 16726 unused wires.

12.47. Executing TECHMAP pass (map to technology primitives).

12.47.1. Executing Verilog-2005 frontend: /home/matthias/prog/janestreet/fabulous-notes/oss-cad-suite/lib/../share/yosys/lattice/cells_map_trellis.v
Parsing Verilog input from `/home/matthias/prog/janestreet/fabulous-notes/oss-cad-suite/lib/../share/yosys/lattice/cells_map_trellis.v' to AST representation.
Generating RTLIL representation for module `$_DFF_N_'.
Generating RTLIL representation for module `$_DFF_P_'.
Generating RTLIL representation for module `$_DFFE_NN_'.
Generating RTLIL representation for module `$_DFFE_PN_'.
Generating RTLIL representation for module `$_DFFE_NP_'.
Generating RTLIL representation for module `$_DFFE_PP_'.
Generating RTLIL representation for module `$_DFF_NP0_'.
Generating RTLIL representation for module `$_DFF_NP1_'.
Generating RTLIL representation for module `$_DFF_PP0_'.
Generating RTLIL representation for module `$_DFF_PP1_'.
Generating RTLIL representation for module `$_SDFF_NP0_'.
Generating RTLIL representation for module `$_SDFF_NP1_'.
Generating RTLIL representation for module `$_SDFF_PP0_'.
Generating RTLIL representation for module `$_SDFF_PP1_'.
Generating RTLIL representation for module `$_DFFE_NP0P_'.
Generating RTLIL representation for module `$_DFFE_NP1P_'.
Generating RTLIL representation for module `$_DFFE_PP0P_'.
Generating RTLIL representation for module `$_DFFE_PP1P_'.
Generating RTLIL representation for module `$_DFFE_NP0N_'.
Generating RTLIL representation for module `$_DFFE_NP1N_'.
Generating RTLIL representation for module `$_DFFE_PP0N_'.
Generating RTLIL representation for module `$_DFFE_PP1N_'.
Generating RTLIL representation for module `$_SDFFE_NP0P_'.
Generating RTLIL representation for module `$_SDFFE_NP1P_'.
Generating RTLIL representation for module `$_SDFFE_PP0P_'.
Generating RTLIL representation for module `$_SDFFE_PP1P_'.
Generating RTLIL representation for module `$_SDFFE_NP0N_'.
Generating RTLIL representation for module `$_SDFFE_NP1N_'.
Generating RTLIL representation for module `$_SDFFE_PP0N_'.
Generating RTLIL representation for module `$_SDFFE_PP1N_'.
Generating RTLIL representation for module `$_ALDFF_NP_'.
Generating RTLIL representation for module `$_ALDFF_PP_'.
Generating RTLIL representation for module `$_ALDFFE_NPN_'.
Generating RTLIL representation for module `$_ALDFFE_NPP_'.
Generating RTLIL representation for module `$_ALDFFE_PPN_'.
Generating RTLIL representation for module `$_ALDFFE_PPP_'.
Generating RTLIL representation for module `\FD1P3AX'.
Generating RTLIL representation for module `\FD1P3AY'.
Generating RTLIL representation for module `\FD1P3BX'.
Generating RTLIL representation for module `\FD1P3DX'.
Generating RTLIL representation for module `\FD1P3IX'.
Generating RTLIL representation for module `\FD1P3JX'.
Generating RTLIL representation for module `\FD1S3AX'.
Generating RTLIL representation for module `\FD1S3AY'.
Generating RTLIL representation for module `\FD1S3BX'.
Generating RTLIL representation for module `\FD1S3DX'.
Generating RTLIL representation for module `\FD1S3IX'.
Generating RTLIL representation for module `\FD1S3JX'.
Generating RTLIL representation for module `\IFS1P3BX'.
Generating RTLIL representation for module `\IFS1P3DX'.
Generating RTLIL representation for module `\IFS1P3IX'.
Generating RTLIL representation for module `\IFS1P3JX'.
Generating RTLIL representation for module `\OFS1P3BX'.
Generating RTLIL representation for module `\OFS1P3DX'.
Generating RTLIL representation for module `\OFS1P3IX'.
Generating RTLIL representation for module `\OFS1P3JX'.
Generating RTLIL representation for module `\IB'.
Generating RTLIL representation for module `\IBPU'.
Generating RTLIL representation for module `\IBPD'.
Generating RTLIL representation for module `\OB'.
Generating RTLIL representation for module `\OBZ'.
Generating RTLIL representation for module `\OBZPU'.
Generating RTLIL representation for module `\OBZPD'.
Generating RTLIL representation for module `\OBCO'.
Generating RTLIL representation for module `\BB'.
Generating RTLIL representation for module `\BBPU'.
Generating RTLIL representation for module `\BBPD'.
Generating RTLIL representation for module `\ILVDS'.
Generating RTLIL representation for module `\OLVDS'.
Generating RTLIL representation for module `$lut'.
Successfully finished Verilog frontend.

12.47.2. Continuing TECHMAP pass.
Using template $paramod$390ed51d0f5d6c44b1e919d8f817cccd8522edfb$lut for cells of type $lut.
Using template $paramod$c5f3c57a6d466a2f42208bafb8985b96ce884440$lut for cells of type $lut.
Using template $paramod$lut\WIDTH=32'00000000000000000000000000000010\LUT=4'0111 for cells of type $lut.
Using template $paramod$658b9ed803f0d3d335616d3858b53e0a2522f1e8$lut for cells of type $lut.
Using template $paramod$ef02ea28c4f9766a22068d6502e87f79cf2d9131$lut for cells of type $lut.
Using template $paramod$7e0cf7055a780ac19f3f3b65650bc2ccf8a60083$lut for cells of type $lut.
Using template $paramod$lut\WIDTH=32'00000000000000000000000000000010\LUT=4'1000 for cells of type $lut.
Using template $paramod$lut\WIDTH=32'00000000000000000000000000000011\LUT=8'10001111 for cells of type $lut.
Using template $paramod$lut\WIDTH=32'00000000000000000000000000000011\LUT=8'00010000 for cells of type $lut.
Using template $paramod$lut\WIDTH=32'00000000000000000000000000000010\LUT=4'0001 for cells of type $lut.
Using template $paramod$lut\WIDTH=32'00000000000000000000000000000011\LUT=8'00000001 for cells of type $lut.
Using template $paramod$lut\WIDTH=32'00000000000000000000000000000011\LUT=8'10000000 for cells of type $lut.
Using template $paramod$07b1b12ce0305f55108770e958fd02caedfebdf8$lut for cells of type $lut.
Using template $paramod$4c8de682f2508054a5f7f13444038e3331866a9d$lut for cells of type $lut.
Using template $paramod$lut\WIDTH=32'00000000000000000000000000000011\LUT=8'00000100 for cells of type $lut.
Using template $paramod$5cd13bd1abd12058be13764cf57b820693e9c683$lut for cells of type $lut.
Using template $paramod$c8d19e9c3b66cbee0181a660b64a499260f30c1c$lut for cells of type $lut.
Using template $paramod$a988852add2bdce7c1dfac786401ba7c7bc832c1$lut for cells of type $lut.
Using template $paramod$lut\WIDTH=32'00000000000000000000000000000011\LUT=8'11101000 for cells of type $lut.
Using template $paramod$lut\WIDTH=32'00000000000000000000000000000010\LUT=4'1001 for cells of type $lut.
Using template $paramod$24b67fade1852074c0ac6a4c585dd4228e286f08$lut for cells of type $lut.
Using template $paramod$4282def8dbd6df3d1248ad282c629bee684502c2$lut for cells of type $lut.
Using template $paramod$fd904e9e35cfd343a9df248824bd3f1408724879$lut for cells of type $lut.
Using template $paramod$4e309f6669eadcfa589d4ae302672e3a030a20a5$lut for cells of type $lut.
Using template $paramod$95164939c659b6380b7e97e2d9b2692d7982fc24$lut for cells of type $lut.
Using template $paramod$lut\WIDTH=32'00000000000000000000000000000011\LUT=8'01101001 for cells of type $lut.
Using template $paramod$lut\WIDTH=32'00000000000000000000000000000010\LUT=4'0110 for cells of type $lut.
Using template $paramod$21a9cf1c7cffed4ea7970972274e8bcced7c7005$lut for cells of type $lut.
Using template $paramod$f5c97e291c8b48d9f1b4239d871ab7639e5a24ac$lut for cells of type $lut.
Using template $paramod$b8945884aa3227c938e69540600d94b724630602$lut for cells of type $lut.
Using template $paramod$lut\WIDTH=32'00000000000000000000000000000011\LUT=8'10010110 for cells of type $lut.
Using template $paramod$bfa026e128881cfda3465c8bceaf04872a38eff4$lut for cells of type $lut.
Using template $paramod$cb8aabe1683b77176a87ae414efe190a6fd7b8d1$lut for cells of type $lut.
Using template $paramod$92b24dd7e3054d756016c48ff66336d5d5ab22cb$lut for cells of type $lut.
Using template $paramod$2117e4a7fb2345bfa74896fa08bafa27f0944298$lut for cells of type $lut.
Using template $paramod$a6a5d22bcd2761afb29afed55dc60c46cffef262$lut for cells of type $lut.
Using template $paramod$70cf947c3dfbaa849369e19672c97f07dcd0ffbb$lut for cells of type $lut.
Using template $paramod$lut\WIDTH=32'00000000000000000000000000000010\LUT=4'1110 for cells of type $lut.
Using template $paramod$63e56625bd8b4357319cae98121ea54ab3ced1c8$lut for cells of type $lut.
Using template $paramod$295ff94f62c672d7cdbf26ba442ef3ed4437b871$lut for cells of type $lut.
Using template $paramod$d923a4c32c298dce96cc7670ede1662f704cde2b$lut for cells of type $lut.
Using template $paramod$28c39a38dd856e4fead72439c39d4da72a65360f$lut for cells of type $lut.
Using template $paramod$dc7775c300bfe634a0e14d4ad2e78bd5d286a875$lut for cells of type $lut.
Using template $paramod$fac018d42ba10084723667a5ad07ebac1051dec5$lut for cells of type $lut.
Using template $paramod$5c7b506b82a7d9e54961cd483f2e053674193655$lut for cells of type $lut.
Using template $paramod$eb2da876d8c77183376db4920a9132e4091f77a9$lut for cells of type $lut.
Using template $paramod$b334e62f8731a3bd05b36e6481a695b66211838a$lut for cells of type $lut.
Using template $paramod$571404c0889eaf57f492cb5e37f8acb5df5852f9$lut for cells of type $lut.
Using template $paramod$lut\WIDTH=32'00000000000000000000000000000011\LUT=8'00001000 for cells of type $lut.
Using template $paramod$98208b9c53cc87dc599c9258ba36329773147b74$lut for cells of type $lut.
Using template $paramod$b61c9d5a77da2728db70342a2969eb85e4d103e7$lut for cells of type $lut.
Using template $paramod$48858a0cdda2de6934604a272e0a7e64a67fda48$lut for cells of type $lut.
Using template $paramod$lut\WIDTH=32'00000000000000000000000000000011\LUT=8'01111110 for cells of type $lut.
Using template $paramod$89e985faa6503c7fe2a3e6688cbe1a5b4c43f8f0$lut for cells of type $lut.
Using template $paramod$68a9830a3579bfee5a7a532ebacae75c6aa6fa1a$lut for cells of type $lut.
Using template $paramod$114f616d49698359643297055168b99dc168021d$lut for cells of type $lut.
Using template $paramod$c6fa5a3549e622cac90f4e332bec2cb24465647e$lut for cells of type $lut.
Using template $paramod$72bf1f43c505ec6a77d01213ec722aaf54559078$lut for cells of type $lut.
Using template $paramod$31f80707c44b18d998be4fff132b37e2d28b8b2f$lut for cells of type $lut.
Using template $paramod$lut\WIDTH=32'00000000000000000000000000000011\LUT=8'11010000 for cells of type $lut.
Using template $paramod$5d4cc270f82540f6a5487dc1e30c8a41c791cf04$lut for cells of type $lut.
Using template $paramod$lut\WIDTH=32'00000000000000000000000000000011\LUT=8'01100101 for cells of type $lut.
Using template $paramod$0fcd48d85e35d6f0e6b9daff9a7e43f2b4026525$lut for cells of type $lut.
Using template $paramod$1a688f5e16f72f97a58d830969334f3556a072de$lut for cells of type $lut.
Using template $paramod$c89f32b5d9c458a89d2efc2e9a5ab2f0eb1e01ca$lut for cells of type $lut.
Using template $paramod$fdaf81d1966b0e760268742d95c7d4b7eb57721b$lut for cells of type $lut.
Using template $paramod$856cec5bc5a393c2b3f4b9a8f3bba1d67278a536$lut for cells of type $lut.
Using template $paramod$a5aecf12782041df8056cfab6d4545dd0f1c939f$lut for cells of type $lut.
Using template $paramod$6968351a0594f006bbe0a1a4a8918c2926de0033$lut for cells of type $lut.
Using template $paramod$307e8d582dcafce6ce5874501a58ab76adda01e2$lut for cells of type $lut.
Using template $paramod$81491767f5669e5db78597025cd0cbc5bba7533e$lut for cells of type $lut.
Using template $paramod$564a550b1f8e267625ad7770bce9cfe2514278da$lut for cells of type $lut.
Using template $paramod$297970cd1361c81db203f547acea363df2249ef7$lut for cells of type $lut.
Using template $paramod$47acd20b6feee048a897c5b900619fa69a88372b$lut for cells of type $lut.
Using template $paramod$0904f0d0cafba7cc89ff983cd5b9dde8a63eb808$lut for cells of type $lut.
Using template $paramod$bbc9eb0f9c18cc312390696eeba3095abbec392f$lut for cells of type $lut.
Using template $paramod$lut\WIDTH=32'00000000000000000000000000000011\LUT=8'11111011 for cells of type $lut.
Using template $paramod$lut\WIDTH=32'00000000000000000000000000000011\LUT=8'00001011 for cells of type $lut.
Using template $paramod$lut\WIDTH=32'00000000000000000000000000000011\LUT=8'10101100 for cells of type $lut.
Using template $paramod$lut\WIDTH=32'00000000000000000000000000000010\LUT=4'0100 for cells of type $lut.
Using template $paramod$6d6beead1425af15cf78b27fd9b11b41b5d4bce8$lut for cells of type $lut.
Using template $paramod$lut\WIDTH=32'00000000000000000000000000000010\LUT=4'1011 for cells of type $lut.
Using template $paramod$9ce83c401f07863ef6c07aa36141bf86d010bac8$lut for cells of type $lut.
Using template $paramod$lut\WIDTH=32'00000000000000000000000000000011\LUT=8'10111110 for cells of type $lut.
Using template $paramod$6e238df02989b317f10820a22773676e71120644$lut for cells of type $lut.
Using template $paramod$lut\WIDTH=32'00000000000000000000000000000010\LUT=4'1101 for cells of type $lut.
Using template $paramod$a50be0e6fa3a01511bb234559cb74fb8bd3e2061$lut for cells of type $lut.
Using template $paramod$74cc8577a00e3dbe2da8ecb56b5b430f4023212d$lut for cells of type $lut.
Using template $paramod$d01020972da9ccff06f297f39c296724035ad371$lut for cells of type $lut.
Using template $paramod$7eb77d7e566ea01df31fa3d392cdab19a2a2262e$lut for cells of type $lut.
Using template $paramod$5e9374f44a27c3f8a1c38af244ec43ceb4fb8d4f$lut for cells of type $lut.
Using template $paramod$lut\WIDTH=32'00000000000000000000000000000011\LUT=8'00100000 for cells of type $lut.
Using template $paramod$lut\WIDTH=32'00000000000000000000000000000011\LUT=8'01000000 for cells of type $lut.
Using template $paramod$c28a8b7ce0535d090c4cfb52e9c74affd52b110c$lut for cells of type $lut.
Using template $paramod$364c9ffbffac467d60dfec81bba4e18476c15602$lut for cells of type $lut.
Using template $paramod$lut\WIDTH=32'00000000000000000000000000000010\LUT=4'0010 for cells of type $lut.
Using template $paramod$c79843a7a21eda73c585e76a35dd51b0a4d6fd36$lut for cells of type $lut.
Using template $paramod$0d3ac82cf5b8a192d5ff4c23e3143360366ae882$lut for cells of type $lut.
Using template $paramod$2645ed3928f2726e8ccb403cb23252de43b617d7$lut for cells of type $lut.
Using template $paramod$873c285bdccf0ac2b60d2304ea5cd14bf211d2a6$lut for cells of type $lut.
Using template $paramod$c1a19a87ccbbb03d43a72335db63f692ddf82cc1$lut for cells of type $lut.
Using template $paramod$ead66ba22839f96e739c8f1b5a09bc1717b3be02$lut for cells of type $lut.
Using template $paramod$722bfd9af0ae56ca9d1d12a221cb5ede16461f26$lut for cells of type $lut.
Using template $paramod$f8f63b209b7230e81958663ff24fef1613156af7$lut for cells of type $lut.
Using template $paramod$lut\WIDTH=32'00000000000000000000000000000011\LUT=8'11101111 for cells of type $lut.
Using template $paramod$2cdf22f67a994859b9a23e894945d00608bcf73a$lut for cells of type $lut.
Using template $paramod$ce15874c299a587dd16825ec2d2d2759b547554e$lut for cells of type $lut.
Using template $paramod$e85adda8ca03c59dd705bd345f58957b5394296c$lut for cells of type $lut.
Using template $paramod$4789582d00084c3344b7a6dacf516efd46244876$lut for cells of type $lut.
Using template $paramod$lut\WIDTH=32'00000000000000000000000000000011\LUT=8'00000111 for cells of type $lut.
Using template $paramod$11ec7271d8e6e5aeaace08c13e4c601f10e31038$lut for cells of type $lut.
Using template $paramod$f9de94ed3de1cfec54fe8fb9f8b46d19c8b82123$lut for cells of type $lut.
Using template $paramod$179512a187da069f3b79ef6612a41e494e7d54b6$lut for cells of type $lut.
Using template $paramod$lut\WIDTH=32'00000000000000000000000000000011\LUT=8'01010011 for cells of type $lut.
Using template $paramod$af1ef731f566b3541481a4cd51a8a39a9c0807e9$lut for cells of type $lut.
Using template $paramod$4834046533425f54583d6bd31e49deb63455e1a5$lut for cells of type $lut.
Using template $paramod$lut\WIDTH=32'00000000000000000000000000000011\LUT=8'00111011 for cells of type $lut.
Using template $paramod$5a60a2ac5fa0ff621c08e76879e9692734937783$lut for cells of type $lut.
Using template $paramod$05f19d9c2311a3d1ab38ece311a1bb9f96c62043$lut for cells of type $lut.
Using template $paramod$955dccdb07d87d8d9bd6e10a90269640cf31c331$lut for cells of type $lut.
Using template $paramod$7491e7206ae8c682d288373efe06a43b67c277cf$lut for cells of type $lut.
Using template $paramod$e85b6eba0dacefc5f73f8748159b8b9599212afc$lut for cells of type $lut.
Using template $paramod$d7ec878ecfa8f5f7604d3e91692b5d4c2ee758ad$lut for cells of type $lut.
Using template $paramod$037be5c00d8a02858cdb1ab049b58a0133287ff1$lut for cells of type $lut.
Using template $paramod$272652f6c6fbe9a75eff76e45cc7e2788835518b$lut for cells of type $lut.
Using template $paramod$086937f2e69afb7c662e45e33f5a7616aa818da8$lut for cells of type $lut.
Using template $paramod$58bd588a49a6a3b9d057d75f907cb4932e1635f6$lut for cells of type $lut.
Using template $paramod$849d013d096d73269ca4beb768f8e399745d37f2$lut for cells of type $lut.
Using template $paramod$0d4742cff20cb0e0e40b9af6c0257e3a276c0c2b$lut for cells of type $lut.
Using template $paramod$97208951e215f90b4f6395abe0e3212702ec5317$lut for cells of type $lut.
Using template $paramod$53ce561f80f32d4298a3beadc88b6c5c78293221$lut for cells of type $lut.
Using template $paramod$lut\WIDTH=32'00000000000000000000000000000011\LUT=8'00101010 for cells of type $lut.
Using template $paramod$59f2a3e232df3029c8bc36978b9bbe72a71dfb5a$lut for cells of type $lut.
Using template $paramod$bba54c1ef87367812b4c15f4aed5ac70773df775$lut for cells of type $lut.
Using template $paramod$769bdbbde83614df0f4ab5f54e777ded51bb10ce$lut for cells of type $lut.
Using template $paramod$146d1e96dc4c9681b0c5558dc2dbbbbe4050c7ac$lut for cells of type $lut.
Using template $paramod$fe0977701b8bdf4fefe979a9c12e84d2dcaa2920$lut for cells of type $lut.
Using template $paramod$61594d0f3b142edd1b56a1b06b880d35bf44947b$lut for cells of type $lut.
Using template $paramod$089f932eabe87c6d23c3525eed5eaee710633935$lut for cells of type $lut.
Using template $paramod$lut\WIDTH=32'00000000000000000000000000000011\LUT=8'11111000 for cells of type $lut.
Using template $paramod$lut\WIDTH=32'00000000000000000000000000000011\LUT=8'01101010 for cells of type $lut.
Using template $paramod$619b7c9a4d44585e10b42f7fb79b16304cca97c5$lut for cells of type $lut.
Using template $paramod$fe9a0158d0352193457c4f5b6282ac86d35fb3ee$lut for cells of type $lut.
Using template $paramod$lut\WIDTH=32'00000000000000000000000000000011\LUT=8'11011100 for cells of type $lut.
Using template $paramod$lut\WIDTH=32'00000000000000000000000000000011\LUT=8'11101010 for cells of type $lut.
Using template $paramod$b7ffccfabd6e7ca08ce1262cc41379da0e08bf9a$lut for cells of type $lut.
Using template $paramod$be11675496c549e1030ab2fad79c49a0f526297f$lut for cells of type $lut.
Using template $paramod$d10d29a83d60e3648b73c68f96b306ed2c95752c$lut for cells of type $lut.
Using template $paramod$101238f3d8d49ab12a9b49a2f01cd503b26e9c61$lut for cells of type $lut.
Using template $paramod$lut\WIDTH=32'00000000000000000000000000000011\LUT=8'11001000 for cells of type $lut.
Using template $paramod$703a13a751e631ef123f38f7d2125aeabec0f94c$lut for cells of type $lut.
Using template $paramod$lut\WIDTH=32'00000000000000000000000000000011\LUT=8'00001101 for cells of type $lut.
Using template $paramod$82b4a585d1edcb5c6e755dc9bd3392228a1c1304$lut for cells of type $lut.
Using template $paramod$c1afe40134c41e2ef74896f0efb49ed1deeed7ee$lut for cells of type $lut.
Using template $paramod$b4d0f4738a5ce50c7f36c2aa2ecc09cfb874f2b6$lut for cells of type $lut.
Using template $paramod$94ac66a11090dca84889e55fcf03297912a5b7ec$lut for cells of type $lut.
Using template $paramod$lut\WIDTH=32'00000000000000000000000000000011\LUT=8'10001011 for cells of type $lut.
Using template $paramod$75d5c453cca75cc7a7ca320c4fb7be0932b6aaa7$lut for cells of type $lut.
Using template $paramod$219b71aec9a19e7a27754ed85a7d6cdad9e5ec96$lut for cells of type $lut.
Using template $paramod$240e171f8bae87a2fe4bee672a3055fa35afe320$lut for cells of type $lut.
Using template $paramod$lut\WIDTH=32'00000000000000000000000000000011\LUT=8'11100010 for cells of type $lut.
Using template $paramod$02e55836878a22873310c70e8a2ed14028fabfa5$lut for cells of type $lut.
Using template $paramod$6b0849254d6c87461fb93e37cc18f089f61eb912$lut for cells of type $lut.
Using template $paramod$0c8ca179830091c5e617fa87fec5eda52bbb802e$lut for cells of type $lut.
Using template $paramod$aa9a0d77e33080834b117884290c5ddec27a803f$lut for cells of type $lut.
Using template $paramod$0e36d771a172cfb1acdbb7ed418d288430d54908$lut for cells of type $lut.
Using template $paramod$lut\WIDTH=32'00000000000000000000000000000011\LUT=8'00000010 for cells of type $lut.
Using template $paramod$2e48109de5f7f59aba314a57c42c7f686faa334a$lut for cells of type $lut.
Using template $paramod$a6597eda4608f36e684c1dd07ed552fcbec112b2$lut for cells of type $lut.
Using template $paramod$7bb6a37e65823eeb4b38c370fec30ab082759a14$lut for cells of type $lut.
Using template $paramod$e67f7401ddeed7957ea40cf37767a32ba5d5b941$lut for cells of type $lut.
Using template $paramod$3ef03922588f2cca7b5122bc273ca8f6f304b0f3$lut for cells of type $lut.
Using template $paramod$c3ad16031ff84047067f75e7178cdf689e01ad42$lut for cells of type $lut.
Using template $paramod$b43aa5f6b5a8249dbe012cf725f0bb671cd6c9e0$lut for cells of type $lut.
Using template $paramod$2604f718bf1b4d272a5acbfad7ca4d012e869f24$lut for cells of type $lut.
Using template $paramod$d026accdf95eb3c8cd87a126c383d008a001d192$lut for cells of type $lut.
Using template $paramod$e1739135f061ca0f76fd7f7d3042488ec0831d83$lut for cells of type $lut.
Using template $paramod$dc7f26ada85e1c0b961246ee13b9e81df60617f1$lut for cells of type $lut.
Using template $paramod$47a8214374025465e226fa66bee690ff33268a25$lut for cells of type $lut.
Using template $paramod$71d09d8354f5555fb54ab0bd4f3934a22c793990$lut for cells of type $lut.
Using template $paramod$2d07c1a6c53c7b878509360922c4fa5ebedc3011$lut for cells of type $lut.
Using template $paramod$30ac34c8aec0b2873f94068ec3ef892754420503$lut for cells of type $lut.
Using template $paramod$eba7de026ff587370e320127e266317dae097a89$lut for cells of type $lut.
Using template $paramod$d6ca727e39f31d51d29072e0f33aa09c65e37336$lut for cells of type $lut.
Using template $paramod$lut\WIDTH=32'00000000000000000000000000000011\LUT=8'00101111 for cells of type $lut.
Using template $paramod$lut\WIDTH=32'00000000000000000000000000000011\LUT=8'10111000 for cells of type $lut.
Using template $paramod$e49f6e3576ef1a6d2f58c54414dbb786af8cc869$lut for cells of type $lut.
Using template $paramod$e51a8a571bee774247b38f52d6e85fd62ae52cea$lut for cells of type $lut.
Using template $paramod$ea9f0804ffa1047d479d3e00429394419ff5856b$lut for cells of type $lut.
Using template $paramod$92b4f7174052f4fbf70140bb9e4c6c5774dae8fe$lut for cells of type $lut.
Using template $paramod$lut\WIDTH=32'00000000000000000000000000000011\LUT=8'11111101 for cells of type $lut.
Using template $paramod$8512f4fb47fa9596f76cdbe5b407a5b54df368e7$lut for cells of type $lut.
Using template $paramod$8d7a8d6e3356de09670738ba85f2c6b874f6b06d$lut for cells of type $lut.
Using template $paramod$66caeb00a39d236782a97659e3bd99621b74681b$lut for cells of type $lut.
Using template $paramod$5a2475f0ff8adfa6c48e46c1977dad3962daa33d$lut for cells of type $lut.
Using template $paramod$cad45b6c9da81941161a13849773fe2ed4bc1c6f$lut for cells of type $lut.
Using template $paramod$86d1a43c2f1d620ff2cef866448dd1258c868fad$lut for cells of type $lut.
Using template $paramod$c388bdf5bc34e848632d723db494e9a79bee28dd$lut for cells of type $lut.
Using template $paramod$0dea8d45793873cbb2af32dffbc4101ba8126ce5$lut for cells of type $lut.
Using template $paramod$a5516fc31d1e552de2435200bb732b4d4ad63a9c$lut for cells of type $lut.
Using template $paramod$ab8bb87959c5d7cfa27886cee1355b38e054a61a$lut for cells of type $lut.
Using template $paramod$8adf7fbd410d2cc654c288d5be5f7508ee8809b0$lut for cells of type $lut.
Using template $paramod$fca82610c4582bae0c561edc640eb928b48fbdcf$lut for cells of type $lut.
Using template $paramod$9f2fa76df7d4a34596ce23043e90c912756d63b8$lut for cells of type $lut.
Using template $paramod$beffda5916ef03603af7b9daee4a6705f57d3d46$lut for cells of type $lut.
Using template $paramod$21f957a7073b1ba634cad0df400394ca323de2fc$lut for cells of type $lut.
Using template $paramod$e7f7e995b4f9340814fc8d5a1158ad1a9d595f95$lut for cells of type $lut.
Using template $paramod$bacdb2105cbfbe75cfbcc2fb021fd3aba864526b$lut for cells of type $lut.
Using template $paramod$f45429e380905f064bb0bad3a8bdb941708e63a7$lut for cells of type $lut.
Using template $paramod$ca2532991f2c847ac990e1deeca1e91108bc2da0$lut for cells of type $lut.
Using template $paramod$3bd1aa35e363e85e5357ee2cbb17e968bee49828$lut for cells of type $lut.
Using template $paramod$39a5229efed7befeabfd87b23596034ab3d10baa$lut for cells of type $lut.
Using template $paramod$31355df6e553d8cd6fcd0bf57a837c84b61d1970$lut for cells of type $lut.
Using template $paramod$40aec0ed5f327702430cbc466f51b2d10c03091a$lut for cells of type $lut.
Using template $paramod$30305e55a780880b9c824fe3509a4d981acb0f2b$lut for cells of type $lut.
Using template $paramod$4a0b7d2a2849f16773696ba19d68aee3da2f49f1$lut for cells of type $lut.
Using template $paramod$eab8c2e20ad6848564bec45c7148558972138f5b$lut for cells of type $lut.
Using template $paramod$13caa797f9204188208579865e8a63f743d9eed1$lut for cells of type $lut.
Using template $paramod$f71cd4e12d252829a6db80287a07ec7f20c3e099$lut for cells of type $lut.
Using template $paramod$1b32d67552478d440ecb89ab0d0a1fc2ae57d924$lut for cells of type $lut.
Using template $paramod$099c058b3db40918883a3d6aadc6fbe67ef2e88e$lut for cells of type $lut.
Using template $paramod$7dc80f6db7113f8d3efb3affd3151d83c6b5c052$lut for cells of type $lut.
Using template $paramod$5dc745bb48e2cf535179547ba13f0fe5364d6d54$lut for cells of type $lut.
Using template $paramod$0865d95156832350b80a57f2128625522b8cd3b9$lut for cells of type $lut.
Using template $paramod$21dfb7f39c059d886e02a3279e1f78dd3510baa5$lut for cells of type $lut.
Using template $paramod$da98d9e875932ba6a280d468e3b5f7014491d245$lut for cells of type $lut.
Using template $paramod$15d3dd50cc31557057274aea687fe2a8296cd155$lut for cells of type $lut.
Using template $paramod$b8a924862f2747e446fd1318ab6ba012767bf5a0$lut for cells of type $lut.
Using template $paramod$fd5e02813aa27b25d468f4f962092466585ec8d2$lut for cells of type $lut.
Using template $paramod$d380693922918778660bc6dab0bd7a87788e7ad7$lut for cells of type $lut.
Using template $paramod$24e8b2df039c0a8e7c46e715dbccccc18b039039$lut for cells of type $lut.
Using template $paramod$e8977f210f0a6563e89dce3cbd2d60d382b7022d$lut for cells of type $lut.
Using template $paramod$09de679500659f41c0a5a0aa20f08a1de0649790$lut for cells of type $lut.
Using template $paramod$9ba18624e6053dc181c659ae917f5f1d054f9868$lut for cells of type $lut.
Using template $paramod$5eadc1be17c663db63dd132d7ded1ea9b81ac1e5$lut for cells of type $lut.
Using template $paramod$lut\WIDTH=32'00000000000000000000000000000011\LUT=8'00011110 for cells of type $lut.
Using template $paramod$608f40069c27841a5b3bdf03643a34bdc8974072$lut for cells of type $lut.
Using template $paramod$1632c1c0242796acfc963a05742c4acd2f475c4e$lut for cells of type $lut.
Using template $paramod$2ea69c779d6c1b79ac5a87b0d1523c67d5628dba$lut for cells of type $lut.
Using template $paramod$4e09fb85ad5980549134c5674f63e37de31e60bc$lut for cells of type $lut.
Using template $paramod$f9813472aa48e533b3838c6f2316dc2e78c66111$lut for cells of type $lut.
Using template $paramod$fc253a30a692fcd168766115aa9fcbbb9c4859d5$lut for cells of type $lut.
Using template $paramod$lut\WIDTH=32'00000000000000000000000000000011\LUT=8'00100111 for cells of type $lut.
Using template $paramod$a48b5d88b719adb20f04e2ff7c8b572d98f2900b$lut for cells of type $lut.
Using template $paramod$b386beeb2114f85b641567d08ceda4ebd6492c7b$lut for cells of type $lut.
Using template $paramod$lut\WIDTH=32'00000000000000000000000000000011\LUT=8'01101100 for cells of type $lut.
Using template $paramod$b12c06dcea4e94212d81ae51560e40391ac83400$lut for cells of type $lut.
Using template $paramod$fd3ed3a223484aac184d1b7412ec4cfe4ca64c32$lut for cells of type $lut.
Using template $paramod$3830fbfbec2ed4d6e3e957e17e4fca97b7adef1f$lut for cells of type $lut.
Using template $paramod$66e741791413519a466d4f44240bc83d3a191818$lut for cells of type $lut.
Using template $paramod$89e7a4974651cee525cf714bb623d300394d3269$lut for cells of type $lut.
Using template $paramod$86c84b4cc2d2698e6b828c9d5056a191b94a500a$lut for cells of type $lut.
Using template $paramod$27470afb5674c353377365c212b9cfe44a8bb632$lut for cells of type $lut.
Using template $paramod$lut\WIDTH=32'00000000000000000000000000000011\LUT=8'01001110 for cells of type $lut.
Using template $paramod$97e449d15b607612c49291044eca4e2c8b59088e$lut for cells of type $lut.
Using template $paramod$d6a246575d0ba3dcbbccd768ad41b602f82ff057$lut for cells of type $lut.
Using template $paramod$lut\WIDTH=32'00000000000000000000000000000011\LUT=8'10101000 for cells of type $lut.
Using template $paramod$9f6bc32305fc769fa11e4327bee073e3fbe84018$lut for cells of type $lut.
Using template $paramod$lut\WIDTH=32'00000000000000000000000000000011\LUT=8'11100000 for cells of type $lut.
Using template $paramod$b7f67d55e063ac779d0a8f51faa0a07de2e16a2b$lut for cells of type $lut.
Using template $paramod$b8f75cf9c6c06c079da053f4aa60c4d5363c32b3$lut for cells of type $lut.
Using template $paramod$8203537f5432dfc92cbd216ded3eaa9438a4f2a8$lut for cells of type $lut.
Using template $paramod$22ca34e45145bb3eb2ce78f5debe5bf61645321e$lut for cells of type $lut.
Using template $paramod$lut\WIDTH=32'00000000000000000000000000000011\LUT=8'10001100 for cells of type $lut.
Using template $paramod$3850d8504649178e7760b7a11974cbfd9e92c98a$lut for cells of type $lut.
Using template $paramod$a670b08a47dd8a34f954c50cd06e9996d77e8467$lut for cells of type $lut.
Using template $paramod$03da3dcc7c75ea9c9148a6fc634f76a9d0cbefef$lut for cells of type $lut.
Using template $paramod$c79aec6bf66334ca918f85c196e004c918c371ef$lut for cells of type $lut.
Using template $paramod$47b2f5a9f58cb4be072657772748a1ab82d6819a$lut for cells of type $lut.
Using template $paramod$20a44f485b9e38cce7a2498b3f2b3e87c107561c$lut for cells of type $lut.
Using template $paramod$210534b73e432a1d89abd2ae048c31c7f92e6092$lut for cells of type $lut.
Using template $paramod$027b71830bd0fbfb04ad11206c5a0de76ed9d3f5$lut for cells of type $lut.
Using template $paramod$7e9df0afb32b76fe5fce0691b8752aca650057fa$lut for cells of type $lut.
Using template $paramod$a03ef989f8f4e1878ce2f5c4e0e3d2dfb54307ef$lut for cells of type $lut.
Using template $paramod$e9c77024ca501b890c641f9c0b10e27242db8730$lut for cells of type $lut.
Using template $paramod$12879138d1e376f344e47ea40be66b776233be75$lut for cells of type $lut.
Using template $paramod$lut\WIDTH=32'00000000000000000000000000000011\LUT=8'10010000 for cells of type $lut.
Using template $paramod$09deb89cf77b6e37f6ed7fef8d797dc05c0b2eee$lut for cells of type $lut.
Using template $paramod$71cb81cd7ec213b39129c5f3867d1aa22dffde1b$lut for cells of type $lut.
Using template $paramod$52fc87d5c6d1e2513af33858f44bdaf07e66cc19$lut for cells of type $lut.
Using template $paramod$fae95200df19beb859e9276575831de0bf87fd35$lut for cells of type $lut.
Using template $paramod$c63fb63be97a9db4ce7bd031e26652a8b349a094$lut for cells of type $lut.
Using template $paramod$8fc7de348ebd546952d545c185e2b56d9e693fe2$lut for cells of type $lut.
Using template $paramod$edc3c77d6d0cfa370b4c94131cecc413b4b0ef1c$lut for cells of type $lut.
Using template $paramod$029ec5024b876d98107de5128a6e7de7ecf869ea$lut for cells of type $lut.
Using template $paramod$24a264db1cf26ce7947dd2d2184a88563aba51f6$lut for cells of type $lut.
Using template $paramod$85044475b2a69eedba068849947925123a16ecb5$lut for cells of type $lut.
Using template $paramod$lut\WIDTH=32'00000000000000000000000000000011\LUT=8'00011011 for cells of type $lut.
Using template $paramod$dc8eb389b2fc3ec6a78d93ff9b548b7fd27b6950$lut for cells of type $lut.
Using template $paramod$lut\WIDTH=32'00000000000000000000000000000011\LUT=8'00010101 for cells of type $lut.
Using template $paramod$71d951b20e73043168c1656217d126e617052faa$lut for cells of type $lut.
Using template $paramod$d972ec2b0ee19fb1a7c80e2debaf2e0ea6b0e5d2$lut for cells of type $lut.
Using template $paramod$54659ece44305d316dbf534c5124655c477ad543$lut for cells of type $lut.
Using template $paramod$45ff6295d2726c0caec3ec49da0da8b608200019$lut for cells of type $lut.
Using template $paramod$72f85a2c19fa85938ad57263a8885fad2a852edf$lut for cells of type $lut.
Using template $paramod$76be618a7f6a83d7f28ad6f1884950312133c5c2$lut for cells of type $lut.
Using template $paramod$ba318f6d3458908ac57d56e5fa81a962ff2ab52b$lut for cells of type $lut.
Using template $paramod$682dcf7a44e09cdf417bc55247ac658426f4c8e6$lut for cells of type $lut.
Using template $paramod$eb01f637a672cf308f7155156d1845297732182e$lut for cells of type $lut.
Using template $paramod$lut\WIDTH=32'00000000000000000000000000000011\LUT=8'11011111 for cells of type $lut.
Using template $paramod$edb0c3d7da6d6678e8f467f4f08a949f43baa196$lut for cells of type $lut.
Using template $paramod$dbc6de6d0bab0d1ab3644cc97cf5b61a049e0791$lut for cells of type $lut.
Using template $paramod$d5ac26a2e2e852c2c085d0a353d0a4df60a61b94$lut for cells of type $lut.
Using template $paramod$05456e4646addd21d03dedcb287bd391584e4ac8$lut for cells of type $lut.
Using template $paramod$7ccb46ee9b56c39e0a7d82a185b08cb026e04fbc$lut for cells of type $lut.
Using template $paramod$ba7c22fadfbf9ee7abcb895a21403114111dd201$lut for cells of type $lut.
Using template $paramod$41326ad8644342a66dfb051d050f2b6fbf15015b$lut for cells of type $lut.
Using template $paramod$eb936cee9e0b17360c2cff8be07734c2d6927840$lut for cells of type $lut.
Using template $paramod$e637d00359bec3d892f4b3d56d37f53fa4ef1648$lut for cells of type $lut.
Using template $paramod$27010758340f6a98ccf10ccd202dab626461c8d1$lut for cells of type $lut.
Using template $paramod$lut\WIDTH=32'00000000000000000000000000000011\LUT=8'01111000 for cells of type $lut.
Using template $paramod$153c6cdaaddbc43e6ef3facd06aa851de33910ae$lut for cells of type $lut.
Using template $paramod$5a3b726670ce434c27ab6d39e16edfbe9baa03b2$lut for cells of type $lut.
Using template $paramod$lut\WIDTH=32'00000000000000000000000000000011\LUT=8'01110000 for cells of type $lut.
Using template $paramod$lut\WIDTH=32'00000000000000000000000000000011\LUT=8'10110000 for cells of type $lut.
Using template $paramod$lut\WIDTH=32'00000000000000000000000000000011\LUT=8'00001001 for cells of type $lut.
Using template $paramod$b26fbfdb68e98cf016d61a8611b449e9f4a30f3c$lut for cells of type $lut.
Using template $paramod$2c01c78b93f77b5e79eae85526677e695be05a34$lut for cells of type $lut.
Using template $paramod$d35161d1d7976dcc02e7c7d51172431be85143b4$lut for cells of type $lut.
Using template $paramod$0379de7331749c8fff95d21832911292af4fff21$lut for cells of type $lut.
Using template $paramod$lut\WIDTH=32'00000000000000000000000000000011\LUT=8'11110110 for cells of type $lut.
Using template $paramod$8da8167507421e460d6658ae9aa952e8e713a6b4$lut for cells of type $lut.
Using template $paramod$7e8d331d1e06632d29fbdf6c3afc2de1856d3c67$lut for cells of type $lut.
Using template $paramod$82d0a748bb4682cb8247d0526164208604e3778f$lut for cells of type $lut.
Using template $paramod$72d04cda0ad63fcea17225ad4256bc664683b513$lut for cells of type $lut.
Using template $paramod$8e44661def013b6bf9fe6f8b049ef2c838d749f9$lut for cells of type $lut.
Using template $paramod$ebdfc07f371983eb68dd70ec63edee869ba600bd$lut for cells of type $lut.
Using template $paramod$ee454ad2383885733a4273245816698f8443c10b$lut for cells of type $lut.
Using template $paramod$66025a043dc2fd71a3ec76ab7ebc4e1daef971ce$lut for cells of type $lut.
Using template $paramod$lut\WIDTH=32'00000000000000000000000000000011\LUT=8'11001010 for cells of type $lut.
Using template $paramod$lut\WIDTH=32'00000000000000000000000000000011\LUT=8'11100100 for cells of type $lut.
Using template $paramod$fe5b6043e65e98368b275f38e2ca7ec95af2534a$lut for cells of type $lut.
Using template $paramod$6e1e2bf7f29cfe416c0ceb4dc5c676edd2a3b996$lut for cells of type $lut.
Using template $paramod$eaea85d27cc0950ed001348e061727a194f5cf9c$lut for cells of type $lut.
Using template $paramod$2bf796e0fd6e6f7f76aac424a34e617ed5d61822$lut for cells of type $lut.
Using template $paramod$d9f23974f72a3ab437d1a63d2f34fd3483a6f58d$lut for cells of type $lut.
Using template $paramod$lut\WIDTH=32'00000000000000000000000000000011\LUT=8'00001110 for cells of type $lut.
Using template $paramod$lut\WIDTH=32'00000000000000000000000000000011\LUT=8'11101100 for cells of type $lut.
Using template $paramod$07358fc33acf36ffde00e50dd2a5447962f1e95d$lut for cells of type $lut.
Using template $paramod$4c985a26299e99838c4b636c5fbe84dcca78b947$lut for cells of type $lut.
Using template $paramod$1b386f69254323bd2e46e712eb2a5ef7c678f0c0$lut for cells of type $lut.
Using template $paramod$307b6ed89a8ec916076c1304eef006d46e49ac43$lut for cells of type $lut.
Using template $paramod$00024c8081ced72869d5254496331817e2f4953e$lut for cells of type $lut.
Using template $paramod$lut\WIDTH=32'00000000000000000000000000000011\LUT=8'00110101 for cells of type $lut.
Using template $paramod$b99052e3e57c15c9fbbba12861a4dd1ab4d5b174$lut for cells of type $lut.
Using template $paramod$f3ada871809f362efd8eb0c4fb952bb5c98f0750$lut for cells of type $lut.
Using template $paramod$a1af77d306fee4e164ea1608d122e29d674ccd30$lut for cells of type $lut.
Using template $paramod$6b0b3b4b85e9ab2e0404b9e493d0982f79e08ec7$lut for cells of type $lut.
Using template $paramod$4ca2a3d13b62aead6e2375b4c92a812b14b4ef66$lut for cells of type $lut.
Using template $paramod$e1ac894a2723e96ae103a1941dc871fbb0ccd216$lut for cells of type $lut.
Using template $paramod$87eabfbcf6c689bb2ba2628b05110512d879b36f$lut for cells of type $lut.
Using template $paramod$8cd5a5f75f43fffe243164dff2e5d4f1454af19a$lut for cells of type $lut.
Using template $paramod$d4016dbc07d92f4737de285cbb22ec723fd89319$lut for cells of type $lut.
Using template $paramod$2922b72eb0c07574383d229ffca16454360ebdb2$lut for cells of type $lut.
Using template $paramod$c81cfe16742e5eb101e651a79b8f37a78ab33c72$lut for cells of type $lut.
Using template $paramod$338ce46cf7ff44b9974887dd2adee6c4e0530bed$lut for cells of type $lut.
Using template $paramod$lut\WIDTH=32'00000000000000000000000000000011\LUT=8'01001111 for cells of type $lut.
Using template $paramod$lut\WIDTH=32'00000000000000000000000000000011\LUT=8'10111111 for cells of type $lut.
Using template $paramod$fc318a7df7fe07fd6e06d67fcbc358e9823ea389$lut for cells of type $lut.
Using template $paramod$lut\WIDTH=32'00000000000000000000000000000011\LUT=8'01010110 for cells of type $lut.
Using template $paramod$lut\WIDTH=32'00000000000000000000000000000011\LUT=8'10101110 for cells of type $lut.
Using template $paramod$0b79fea9916f0c00f6899a0be9846668a1d4eae3$lut for cells of type $lut.
Using template $paramod$f5b3c912496b45303ffec651caa25195b3ce9e30$lut for cells of type $lut.
Using template $paramod$cfe658add7b49bc6805d629e0a88423d427de396$lut for cells of type $lut.
Using template $paramod$22a17f102d8eb29f9e3f67afc5da9acc7c1e8867$lut for cells of type $lut.
Using template $paramod$lut\WIDTH=32'00000000000000000000000000000011\LUT=8'00100110 for cells of type $lut.
Using template $paramod$b45308ffeb4031bc5d55ef31b149afd94d3d7565$lut for cells of type $lut.
Using template $paramod$lut\WIDTH=32'00000000000000000000000000000011\LUT=8'01110010 for cells of type $lut.
Using template $paramod$728af64da11d42500d51a71dd7007ac25b15b46a$lut for cells of type $lut.
Using template $paramod$lut\WIDTH=32'00000000000000000000000000000011\LUT=8'00101101 for cells of type $lut.
Using template $paramod$0fcb06ed76df01e8d45bc2b9e6c8a9b43fa42cb4$lut for cells of type $lut.
Using template $paramod$4e2a6ff67ad9aec0552a1d9f6ec50ee79ea1db19$lut for cells of type $lut.
Using template $paramod$9972648128c95faeee4eb81df278756ff29308f5$lut for cells of type $lut.
Using template $paramod$468a70be730014d0c6e821be1fc5e5264e8b9a73$lut for cells of type $lut.
Using template $paramod$b4f15f202f50520dbc381cd0880ac94f830f05a8$lut for cells of type $lut.
Using template $paramod$lut\WIDTH=32'00000000000000000000000000000011\LUT=8'11110100 for cells of type $lut.
Using template $paramod$973818279bc95792902f3c09371fd2407d04a2a5$lut for cells of type $lut.
Using template $paramod$37c9af120c85145419565a9ccf4ceb7397fbbe92$lut for cells of type $lut.
Using template $paramod$865395c0228487a64a8e4011cecafc2c64b79f2b$lut for cells of type $lut.
Using template $paramod$e23e6a39619ed739343f8199eeaf68595019b0a0$lut for cells of type $lut.
Using template $paramod$29fb0dcbea7e19908c494ce4a8a756b15e2a78b6$lut for cells of type $lut.
Using template $paramod$58685d136f916910674b7cdb559b8c116c3484e1$lut for cells of type $lut.
Using template $paramod$057148cdcb6e7da06507ae2b9b8323f2a13cd7b5$lut for cells of type $lut.
Using template $paramod$9bf51fa6419d3dfc37e0beb4ec19dbd47f2c4a76$lut for cells of type $lut.
Using template $paramod$3039c7f41767c4672f4e3f22ad78f16d42720fbf$lut for cells of type $lut.
Using template $paramod$b40ed8783cd24943f4c31bddb9063d9895eb569a$lut for cells of type $lut.
Using template $paramod$d9e869de4ea8677851dc452d380224cee441f821$lut for cells of type $lut.
Using template $paramod$lut\WIDTH=32'00000000000000000000000000000011\LUT=8'10111010 for cells of type $lut.
Using template $paramod$98162d862d449f7c67182f5a43cdfe4123defff8$lut for cells of type $lut.
Using template $paramod$4009d3344d8a53bc5018b12bc7d84c1b5b564a92$lut for cells of type $lut.
Using template $paramod$0ccaf02f75920637d357258be296ba59759b746e$lut for cells of type $lut.
Using template $paramod$968217780b4eaaa637a3470fee9146004b03d1ce$lut for cells of type $lut.
Using template $paramod$83176d5b2fb5f233ee94d0f2049e151f81bf7e94$lut for cells of type $lut.
Using template $paramod$1de7a68e2258d68f184e5a5edc788d1b592a22b4$lut for cells of type $lut.
Using template $paramod$a9fd3e978a1424ced9c420e5fd59a9af2c5d597b$lut for cells of type $lut.
Using template $paramod$044293bc0b0810535e7bb4b431eac61568086b74$lut for cells of type $lut.
Using template $paramod$dbe302e2055f5f85fca1ab0927b7743105f90562$lut for cells of type $lut.
Using template $paramod$1a321bf248b2f8bf72725cff81459e826b22d103$lut for cells of type $lut.
Using template $paramod$18dfec375c5b9ba87128faa461a5e38745c37600$lut for cells of type $lut.
Using template $paramod$e925ea4c6bf0e8c0bd6b9f441ad3046681880d45$lut for cells of type $lut.
Using template $paramod$be48d952fcad8a16b8d84daa4c48a3065f343e5e$lut for cells of type $lut.
Using template $paramod$15efa44280f2a77bf023b68f95d9df5681d9dd99$lut for cells of type $lut.
Using template $paramod$ea61d201bddb58b94093adecd52f12a6c91feaf6$lut for cells of type $lut.
Using template $paramod$lut\WIDTH=32'00000000000000000000000000000011\LUT=8'00010011 for cells of type $lut.
Using template $paramod$lut\WIDTH=32'00000000000000000000000000000011\LUT=8'00100011 for cells of type $lut.
Using template $paramod$72c0c337154a7bdda48be1f37f34542e6dfba5a1$lut for cells of type $lut.
Using template $paramod$ca8229447048a3721529f8ffeabcf33cc9c34842$lut for cells of type $lut.
Using template $paramod$cad8f5c808e91f937dcf797b89e646787b39867a$lut for cells of type $lut.
Using template $paramod$d36bdfb3d9fe329d27a99fd40f195088f0ac5710$lut for cells of type $lut.
Using template $paramod$244040defd7f15aea37f532d82f1f41f7d7713fa$lut for cells of type $lut.
Using template $paramod$lut\WIDTH=32'00000000000000000000000000000011\LUT=8'11001001 for cells of type $lut.
Using template $paramod$a4c8f043e463c0cb33760c60eaa58ae681b633dc$lut for cells of type $lut.
Using template $paramod$e277a522d8a930c8c8c8cdb56d33d42914aefec4$lut for cells of type $lut.
Using template $paramod$lut\WIDTH=32'00000000000000000000000000000011\LUT=8'00110010 for cells of type $lut.
Using template $paramod$0c822c65361ce832091b6c90f1a02f1ee0b109d4$lut for cells of type $lut.
Using template $paramod$1c8aea8d15a8caa53bcd106d813c48ea86657836$lut for cells of type $lut.
Using template $paramod$4045162732ff1ef3063f7c74bcf446c45645f6c6$lut for cells of type $lut.
Using template $paramod$5d33cfa6a45c55d19e75fa773f09299628aedc6c$lut for cells of type $lut.
Using template $paramod$5a490b0e00aeb3aa961ff44c01138435d4948c4d$lut for cells of type $lut.
Using template $paramod$7d35f3eb4056e6484203c99fe42cfcf1dfaba704$lut for cells of type $lut.
Using template $paramod$b75a1e7e2c2c1a92b9a6865ec8536be9eafdaac9$lut for cells of type $lut.
Using template $paramod$cf652acbfbf67d2248e3045cd0f09c58ca55886c$lut for cells of type $lut.
Using template $paramod$8ae9867d85ed83dc9a1e23ef77c299a94c886494$lut for cells of type $lut.
Using template $paramod$bfd2a22513216e35dbad487f5a45c61ed47f172f$lut for cells of type $lut.
Using template $paramod$fdcae86fcfd036c1880a04306ae771a9d7579c31$lut for cells of type $lut.
Using template $paramod$a7d9b4ab0321c8125e5b895183ee6b84cdb4a31b$lut for cells of type $lut.
Using template $paramod$1241d759e3df4cac11dc7c99c36b0d1b07f7a673$lut for cells of type $lut.
Using template $paramod$c0b24172d263163a8e6b59024cdb9dfb57b52d61$lut for cells of type $lut.
Using template $paramod$234fd643079033ba0cbc98ff572df9b7b7a0dc86$lut for cells of type $lut.
Using template $paramod$e3e4230bb990723642112b292aa705ee0cbad0d4$lut for cells of type $lut.
Using template $paramod$07750f71c475e7945b31e6b7f76efb4a50a79bc1$lut for cells of type $lut.
Using template $paramod$f475637d22f50b01f18bdc91d1ad2e09c8f5aa7e$lut for cells of type $lut.
Using template $paramod$b1680225cc6a5792caa95f54b8b3218fae21705d$lut for cells of type $lut.
Using template $paramod$5321e04f7ce32c091123c3570ab562efb1c81402$lut for cells of type $lut.
Using template $paramod$457378610e0a29d00272f65f52b05469fd936b55$lut for cells of type $lut.
Using template $paramod$024f437069ede126a08cbaf2540201977a378569$lut for cells of type $lut.
Using template $paramod$lut\WIDTH=32'00000000000000000000000000000011\LUT=8'10001010 for cells of type $lut.
Using template $paramod$a977fb3a4e30b200887394f8ff6c3df1befab9e3$lut for cells of type $lut.
Using template $paramod$lut\WIDTH=32'00000000000000000000000000000011\LUT=8'01000101 for cells of type $lut.
Using template $paramod$621ae2327eadd5cbbe2d17befe8720896712a102$lut for cells of type $lut.
Using template $paramod$acf49cb7bd2805dee4b4ebb218aa5924b1be7704$lut for cells of type $lut.
Using template $paramod$2cdab06c79e0b67ccc705b98d982d51d532ef15c$lut for cells of type $lut.
Using template $paramod$c9ec154e62ee638c50d54b7aa817c75638946f75$lut for cells of type $lut.
Using template $paramod$169e3ff199948acb6289d60ee69a6cbdb1d4057e$lut for cells of type $lut.
Using template $paramod$722d28f946f1b236c15efaf7c083c31b7f893c04$lut for cells of type $lut.
Using template $paramod$3a76ae1ac16567d84de882ad5b89dd62763f5d7e$lut for cells of type $lut.
Using template $paramod$15dcd80d72f8269cefeea2cbc86007d3271f025d$lut for cells of type $lut.
Using template $paramod$18df3812bc12364e5ebcb6c3ed05c0294e4c26fc$lut for cells of type $lut.
Using template $paramod$f794b204f84e6a6d56b1006ed0e578cf9fcbf605$lut for cells of type $lut.
Using template $paramod$f679d4a62683e10da625292d5325b99098971926$lut for cells of type $lut.
Using template $paramod$82b84cbd921d9cd369aca51aba5ffd13ecf3d969$lut for cells of type $lut.
Using template $paramod$9cfece85166c8e5cdab4bba27857c399c990be17$lut for cells of type $lut.
Using template $paramod$1fcec7e0a9fbbf742933b45b176db4e2a1bd4c68$lut for cells of type $lut.
Using template $paramod$79ab260310c6e0b4e68f88814c700c0d9757eff4$lut for cells of type $lut.
Using template $paramod$1dbc005c3ca46176ed5f71d3318762a2498d170f$lut for cells of type $lut.
Using template $paramod$3ed219c3909c2ff2bd89e01515d0ab5f20c14b79$lut for cells of type $lut.
Using template $paramod$37ac0c48f8901cc26f5a5873084916072cc666d5$lut for cells of type $lut.
Using template $paramod$0ab2a0e602d9ee7ce17c77ca01599b157800f6af$lut for cells of type $lut.
Using template $paramod$c3d1eb2c82bc35b97821754c6ae00e5da14702d2$lut for cells of type $lut.
Using template $paramod$fef712bfa9b2121d29299d6114cf88bb4efdcc51$lut for cells of type $lut.
Using template $paramod$e53493f89400484e4e19015869a8a6f7d3804aa9$lut for cells of type $lut.
Using template $paramod$7ae489b398d56dab04c4c2e57ba168b1da1d9573$lut for cells of type $lut.
Using template $paramod$lut\WIDTH=32'00000000000000000000000000000011\LUT=8'10001110 for cells of type $lut.
Using template $paramod$a30a08ad86bdfa180ca6b53c243916abed9c8cdf$lut for cells of type $lut.
Using template $paramod$4fd3428c4b8b1accf8f8fb4bb88555a2b5fa688d$lut for cells of type $lut.
Using template $paramod$9cc51547ab44a72dd506ee5bb84a864365a103da$lut for cells of type $lut.
Using template $paramod$6f261e11bb3f211250651bff39354001c44f4619$lut for cells of type $lut.
Using template $paramod$a1cfe99817bd6d57a83efd5e1c3fc26a743b692f$lut for cells of type $lut.
Using template $paramod$d94f7d3127937b5dc7a66ea8cc409d7cf91bc488$lut for cells of type $lut.
Using template $paramod$lut\WIDTH=32'00000000000000000000000000000011\LUT=8'11011000 for cells of type $lut.
Using template $paramod$lut\WIDTH=32'00000000000000000000000000000011\LUT=8'10000100 for cells of type $lut.
Using template $paramod$e56ed438824ef045f2f10081792331cde7187198$lut for cells of type $lut.
Using template $paramod$31f0a66a4b242b524303bfb4ac95c05ad74158f8$lut for cells of type $lut.
Using template $paramod$46d981b5eabc08c1691f743d7a017e4435316de4$lut for cells of type $lut.
Using template $paramod$6e424bd4a747f8421ac946af3d9bb3a47fd0b233$lut for cells of type $lut.
Using template $paramod$d0f8e9e00b83cb69742e69fe894a4d457c015e6a$lut for cells of type $lut.
Using template $paramod$df196ed0a1da5c4a58c5e08a1dac304fd3fccaab$lut for cells of type $lut.
Using template $paramod$b287726797d0722f64e731f1134f7c05af8f1578$lut for cells of type $lut.
Using template $paramod$fca001e3e0b52158a872e76e56c01ec10dfbb1de$lut for cells of type $lut.
Using template $paramod$32ccf65669c41e1e3bce1f16051f6d60ad96a2a0$lut for cells of type $lut.
Using template $paramod$992bdc10cff2c6edd722994f0e1044bc863f79f7$lut for cells of type $lut.
Using template $paramod$b86b68a00733dbecb31d58a14a13683475a2002a$lut for cells of type $lut.
Using template $paramod$c71ed138d834112b80a85f4478e2e21f72e5c48b$lut for cells of type $lut.
Using template $paramod$857512ea84a5fe5464efcd374b77666399ea78e1$lut for cells of type $lut.
Using template $paramod$703fd78005163493f0961498edc30d22bcd77f91$lut for cells of type $lut.
Using template $paramod$f5d1c5d5f77f45ffe17befc28ba399e703b6f0a5$lut for cells of type $lut.
Using template $paramod$af01034afe1bdbc87587d263805971d96e724ed7$lut for cells of type $lut.
Using template $paramod$lut\WIDTH=32'00000000000000000000000000000011\LUT=8'01110110 for cells of type $lut.
Using template $paramod$6220e54b3cc525d9a852264ba13e7a0fc80aeadc$lut for cells of type $lut.
Using template $paramod$35c4f1899e9fa9740d118204fdf08f65091c8c07$lut for cells of type $lut.
Using template $paramod$ea33db2a2f938b98abb0171ac02ca8bff6a48cac$lut for cells of type $lut.
Using template $paramod$e4a9abefc2de6b149c9b2b990fbf3c82b941bc15$lut for cells of type $lut.
Using template $paramod$e6885375a37295d84d5ace80fd24ba64b7aaf24e$lut for cells of type $lut.
Using template $paramod$lut\WIDTH=32'00000000000000000000000000000011\LUT=8'01110100 for cells of type $lut.
Using template $paramod$4767f9a5af7e6e2e75a8d69c788bdf062425248b$lut for cells of type $lut.
Using template $paramod$a82c265e4a240124265fc01e5dc6acdceae9a112$lut for cells of type $lut.
Using template $paramod$732e1780b927811a5c042d297e1a8e86e2cb3916$lut for cells of type $lut.
Using template $paramod$1b69a9c88a56fac46d0f29f32d46c63d65c16050$lut for cells of type $lut.
Using template $paramod$19e5b38cca183d8b6b3a15d20dc995c09cd71893$lut for cells of type $lut.
Using template $paramod$251994398653c4cf8de320f1e306e535d5d2d624$lut for cells of type $lut.
Using template $paramod$7bb8bcb6df1814f0f27b8e3b9d986798af16e5f5$lut for cells of type $lut.
Using template $paramod$lut\WIDTH=32'00000000000000000000000000000011\LUT=8'00100001 for cells of type $lut.
Using template $paramod$134d74ef6cc9e6cdb964f2b082b4a3ea12087f8d$lut for cells of type $lut.
Using template $paramod$5d28503177b21296576375c03a16d422becedcc0$lut for cells of type $lut.
Using template $paramod$lut\WIDTH=32'00000000000000000000000000000011\LUT=8'00010100 for cells of type $lut.
Using template $paramod$85b36cc3c65c84e4f6c8451518ca3211c7c1cba0$lut for cells of type $lut.
Using template $paramod$111aa884856e887bc3861073720e874fc84effdb$lut for cells of type $lut.
Using template $paramod$4ab63d8b0c68254b532d55b56a5f1329225d7000$lut for cells of type $lut.
Using template $paramod$10b7b810a6a6f18bc62789393bbe16e6a166c87b$lut for cells of type $lut.
Using template $paramod$lut\WIDTH=32'00000000000000000000000000000011\LUT=8'01001100 for cells of type $lut.
Using template $paramod$ae2eb94c06f59fc8610325e1c5bdf64896ffbb83$lut for cells of type $lut.
Using template $paramod$0a4d85497e20c50068555dd5ad9ad3a7952cab73$lut for cells of type $lut.
Using template $paramod$b38fc03c1eac9c4da15f48c6efdd8408e2a938f4$lut for cells of type $lut.
Using template $paramod$62995d2473c2bbe33c20342d20fee08d278082b7$lut for cells of type $lut.
Using template $paramod$3dad4b97397892934d745338ebd613907d74cb89$lut for cells of type $lut.
Using template $paramod$a2d691ba21e093558f2a36669ee489fbccffbcd3$lut for cells of type $lut.
Using template $paramod$c42889f2206973acb3d548e2ce2a8bf4d658c3ba$lut for cells of type $lut.
Using template $paramod$f3a9cb4a6dcd55c9015bfb659b637a7c07b996c0$lut for cells of type $lut.
Using template $paramod$0c4d4b0fac5cc563df4b92837a8996920c753692$lut for cells of type $lut.
Using template $paramod$e5b0c9b612c703878f18718d707c8f6dde45e92d$lut for cells of type $lut.
Using template $paramod$93f74d366819d1f86e5e8b91d159aa6b1cd7e9fb$lut for cells of type $lut.
Using template $paramod$ff58554493773336c4e06dc62f25c37448f98c7b$lut for cells of type $lut.
Using template $paramod$34112eb241f7f166f8c270843ebb4694aafeb627$lut for cells of type $lut.
Using template $paramod$6c81a153ce79b0078efef1b9065861e17e0f7d56$lut for cells of type $lut.
Using template $paramod$6b7c9c56fc2a32a479d463d5f3b0d3f4673b67f1$lut for cells of type $lut.
Using template $paramod$5e773ce3288f4ff69d74eabb8a816d94f3348ece$lut for cells of type $lut.
Using template $paramod$cd6c4b4da6d8737b72fd2dc8f5d83d8967445809$lut for cells of type $lut.
Using template $paramod$8c5e1aeb5b2eedb98c2357eeee29fbe3c9653a7a$lut for cells of type $lut.
Using template $paramod$b45e5cb971154e30a797eecb0461619c3eeae12d$lut for cells of type $lut.
Using template $paramod$75b0023a4d4854bc81e5469e0e1fce2ae2594ec5$lut for cells of type $lut.
Using template $paramod$dcba541ad53a9873d71bfba6c13dc2a8e2a60a79$lut for cells of type $lut.
Using template $paramod$41bfece7011d20164e9892e78610b4586f283903$lut for cells of type $lut.
Using template $paramod$0331e023d83b8009e60defb446ce9fa640b122c7$lut for cells of type $lut.
Using template $paramod$94d2f1f461ef911482e15efdba185521de732c99$lut for cells of type $lut.
Using template $paramod$e5cb8e913f4daae476fde2b364998f21967f1f08$lut for cells of type $lut.
Using template $paramod$7b574a3738f8e737969c478adfd9e3f7ba1eea9a$lut for cells of type $lut.
Using template $paramod$b90bec06452f7b960b8baf82b64235f9982f77bf$lut for cells of type $lut.
Using template $paramod$54ef21ccddfa27629768f219f304bb4163ac6894$lut for cells of type $lut.
Using template $paramod$lut\WIDTH=32'00000000000000000000000000000011\LUT=8'10000010 for cells of type $lut.
Using template $paramod$8ada970db582f4f4a322f7995a60b49e69fa143a$lut for cells of type $lut.
Using template $paramod$0ee0167fb5dd83bdfe7197fff23e2c7146c57037$lut for cells of type $lut.
Using template $paramod$e56d99447d8a3ece8eda45209ed4b9fdcdbf8d26$lut for cells of type $lut.
Using template $paramod$0b3dae0cf9ba4ff0f31b6a740f162807f52296cf$lut for cells of type $lut.
Using template $paramod$e4ff820a10119198a41c61f481a6711607b702b0$lut for cells of type $lut.
Using template $paramod$d32c081beae4f12a41dc2c2ca20fd65d266c5cca$lut for cells of type $lut.
Using template $paramod$8322f95ca396e5aaddcc69277ce590abe4617531$lut for cells of type $lut.
Using template $paramod$65d5d5c1e01bf41ee659754efba932f3d99198e5$lut for cells of type $lut.
Using template $paramod$43779580bfffd5d5a9f321249a174febf1dac288$lut for cells of type $lut.
Using template $paramod$4072f65fd500e7e80e6fa1bc37c2d957af1789ce$lut for cells of type $lut.
Using template $paramod$1bf62ab10e48d71d6497bccacf5c70420c470fe9$lut for cells of type $lut.
Using template $paramod$2906c6a7629653c84cdd302c39e9ecd6eb755e35$lut for cells of type $lut.
Using template $paramod$33b72718c79847c9c03c134c7bec663dbf06983b$lut for cells of type $lut.
Using template $paramod$4b2297966ddb718657b80566604f97685ffc0120$lut for cells of type $lut.
Using template $paramod$59f39bd29e96a47b0c96d7df408d83b766ebd796$lut for cells of type $lut.
Using template $paramod$86d1a361297b330f6575bda7e44a0fcda00635d1$lut for cells of type $lut.
Using template $paramod$8614da24b3846fe751594d00fba789cfcb7b874c$lut for cells of type $lut.
Using template $paramod$5f44007876998592e58b9bc671bd4c63c418cb05$lut for cells of type $lut.
Using template $paramod$dc41a956c02896bb314b3585a99557a5e53688a4$lut for cells of type $lut.
Using template $paramod$c61e0af87279e69253c1bf94995a34f96065fb9b$lut for cells of type $lut.
Using template $paramod$20798777255c214e32de3304ce8faa1fdfa2f474$lut for cells of type $lut.
Using template $paramod$eda3415e1b9866c5511751b62c39772eaf2457f7$lut for cells of type $lut.
Using template $paramod$fbed19fb84ee7c8a884778d28a96daea96245184$lut for cells of type $lut.
Using template $paramod$lut\WIDTH=32'00000000000000000000000000000011\LUT=8'10101001 for cells of type $lut.
Using template $paramod$f30e6cf1eeae42cdf1978886383a40594eacf9fd$lut for cells of type $lut.
Using template $paramod$ee04a7397c7e60ad1a187fa314ed449c24407f97$lut for cells of type $lut.
Using template $paramod$b2c7e1eb2b5ed48d21e2b3da2f75f0537bc7b04a$lut for cells of type $lut.
Using template $paramod$6023c671e114c4eb0467aa8a0b08e183f33ec2fd$lut for cells of type $lut.
Using template $paramod$lut\WIDTH=32'00000000000000000000000000000011\LUT=8'00101011 for cells of type $lut.
Using template $paramod$5430c7df603a7aec19ac0f145dac782366e52f5e$lut for cells of type $lut.
Using template $paramod$b009a26b33c3ca109c016cf968a774c0d66687bb$lut for cells of type $lut.
Using template $paramod$7e629b2698ff996eb3489517ff235aa0b94707f6$lut for cells of type $lut.
Using template $paramod$lut\WIDTH=32'00000000000000000000000000000001\LUT=2'01 for cells of type $lut.
No more expansions possible.
<suppressed ~8661 debug messages>

12.48. Executing OPT_LUT_INS pass (discard unused LUT inputs).
Optimizing LUTs in ulx3s_top.
  Optimizing lut $abc$101909$lut$aiger$o2315.genblk1.genblk1.genblk1.genblk1.genblk1.genblk1.genblk1.lut3 (4 -> 1)
  Optimizing lut $abc$101909$lut$aiger$o2315.genblk1.genblk1.genblk1.genblk1.genblk1.genblk1.genblk1.lut4 (4 -> 1)
  Optimizing lut $abc$101909$lut$aiger$o2315.genblk1.genblk1.genblk1.genblk1.genblk1.genblk1.genblk1.lut7 (4 -> 1)
  Optimizing lut $abc$101909$lut$aiger101908$10934.genblk1.genblk1.genblk1.genblk1.genblk1.lut1 (4 -> 0)
  Optimizing lut $abc$101909$lut$aiger101908$9903.genblk1.genblk1.genblk1.genblk1.genblk1.lut1 (4 -> 0)
  Optimizing lut $abc$101909$lut$aiger$o2360.genblk1.genblk1.genblk1.genblk1.genblk1.genblk1.genblk1.lut3 (4 -> 1)
  Optimizing lut $abc$101909$lut$aiger$o2360.genblk1.genblk1.genblk1.genblk1.genblk1.genblk1.genblk1.lut7 (4 -> 1)
  Optimizing lut $abc$101909$lut$aiger101908$6441.genblk1.genblk1.genblk1.genblk1.genblk1.genblk1.genblk1.lut5 (4 -> 1)
  Optimizing lut $abc$101909$lut$aiger101908$6441.genblk1.genblk1.genblk1.genblk1.genblk1.genblk1.genblk1.lut6 (4 -> 1)
  Optimizing lut $abc$101909$lut$aiger101908$6441.genblk1.genblk1.genblk1.genblk1.genblk1.genblk1.genblk1.lut7 (4 -> 1)
  Optimizing lut $abc$101909$lut$aiger101908$6694.genblk1.genblk1.genblk1.genblk1.genblk1.genblk1.genblk1.lut2 (4 -> 2)
  Optimizing lut $abc$101909$lut$aiger101908$6694.genblk1.genblk1.genblk1.genblk1.genblk1.genblk1.genblk1.lut3 (4 -> 2)
  Optimizing lut $abc$101909$lut$aiger101908$6694.genblk1.genblk1.genblk1.genblk1.genblk1.genblk1.genblk1.lut6 (4 -> 2)
  Optimizing lut $abc$101909$lut$aiger101908$6694.genblk1.genblk1.genblk1.genblk1.genblk1.genblk1.genblk1.lut7 (4 -> 2)
  Optimizing lut $abc$101909$lut$aiger101908$6727.genblk1.genblk1.genblk1.genblk1.genblk1.lut1 (4 -> 0)
  Optimizing lut $abc$101909$lut$aiger101908$12375.genblk1.genblk1.genblk1.genblk1.genblk1.genblk1.lut2 (4 -> 0)
  Optimizing lut $abc$101909$lut$aiger101908$12375.genblk1.genblk1.genblk1.genblk1.genblk1.genblk1.lut3 (4 -> 0)
  Optimizing lut $auto$abc_ops_reintegrate.cc:655:reintegrate$101915.genblk1.genblk1.genblk1.genblk1.genblk1.lut1 (4 -> 0)
  Optimizing lut $abc$101909$lut$aiger101908$6906.genblk1.genblk1.genblk1.genblk1.genblk1.lut1 (4 -> 3)
  Optimizing lut $abc$101909$lut$aiger101908$6916.genblk1.genblk1.genblk1.genblk1.genblk1.lut1 (4 -> 3)
  Optimizing lut $auto$abc_ops_reintegrate.cc:655:reintegrate$101984.genblk1.genblk1.genblk1.genblk1.genblk1.lut1 (4 -> 1)
  Optimizing lut $auto$abc_ops_reintegrate.cc:655:reintegrate$101985.genblk1.genblk1.genblk1.genblk1.genblk1.lut1 (4 -> 1)
  Optimizing lut $auto$abc_ops_reintegrate.cc:655:reintegrate$101986.genblk1.genblk1.genblk1.genblk1.genblk1.lut1 (4 -> 1)
  Optimizing lut $auto$abc_ops_reintegrate.cc:655:reintegrate$101987.genblk1.genblk1.genblk1.genblk1.genblk1.lut1 (4 -> 1)
  Optimizing lut $auto$abc_ops_reintegrate.cc:655:reintegrate$101988.genblk1.genblk1.genblk1.genblk1.genblk1.lut1 (4 -> 1)
  Optimizing lut $auto$abc_ops_reintegrate.cc:655:reintegrate$101989.genblk1.genblk1.genblk1.genblk1.genblk1.lut1 (4 -> 1)
  Optimizing lut $auto$abc_ops_reintegrate.cc:655:reintegrate$101990.genblk1.genblk1.genblk1.genblk1.genblk1.lut1 (4 -> 1)
  Optimizing lut $auto$abc_ops_reintegrate.cc:655:reintegrate$102057.genblk1.genblk1.genblk1.genblk1.genblk1.lut1 (4 -> 3)
  Optimizing lut $auto$abc_ops_reintegrate.cc:655:reintegrate$102058.genblk1.genblk1.genblk1.genblk1.genblk1.lut1 (4 -> 3)
  Optimizing lut $auto$abc_ops_reintegrate.cc:655:reintegrate$102060.genblk1.genblk1.genblk1.genblk1.genblk1.genblk1.genblk1.lut3 (4 -> 0)
  Optimizing lut $auto$abc_ops_reintegrate.cc:655:reintegrate$102060.genblk1.genblk1.genblk1.genblk1.genblk1.genblk1.genblk1.lut5 (4 -> 0)
  Optimizing lut $auto$abc_ops_reintegrate.cc:655:reintegrate$102060.genblk1.genblk1.genblk1.genblk1.genblk1.genblk1.genblk1.lut7 (4 -> 0)
  Optimizing lut $abc$101909$lut$aiger101908$6667.genblk1.genblk1.genblk1.genblk1.genblk1.genblk1.lut3 (4 -> 0)
  Optimizing lut $auto$abc_ops_reintegrate.cc:655:reintegrate$102064.genblk1.genblk1.genblk1.genblk1.genblk1.lut1 (4 -> 3)
  Optimizing lut $auto$abc_ops_reintegrate.cc:655:reintegrate$102065.genblk1.genblk1.genblk1.genblk1.genblk1.lut1 (4 -> 3)
  Optimizing lut $auto$abc_ops_reintegrate.cc:655:reintegrate$102066.genblk1.genblk1.genblk1.genblk1.genblk1.lut1 (4 -> 3)
  Optimizing lut $auto$abc_ops_reintegrate.cc:655:reintegrate$102067.genblk1.genblk1.genblk1.genblk1.genblk1.lut1 (4 -> 3)
  Optimizing lut $auto$abc_ops_reintegrate.cc:655:reintegrate$102068.genblk1.genblk1.genblk1.genblk1.genblk1.lut1 (4 -> 3)
  Optimizing lut $auto$abc_ops_reintegrate.cc:655:reintegrate$102069.genblk1.genblk1.genblk1.genblk1.genblk1.lut1 (4 -> 3)
  Optimizing lut $auto$abc_ops_reintegrate.cc:655:reintegrate$102070.genblk1.genblk1.genblk1.genblk1.genblk1.lut1 (4 -> 3)
  Optimizing lut $abc$101909$lut$aiger101908$6201.genblk1.genblk1.genblk1.genblk1.genblk1.lut1 (4 -> 1)
  Optimizing lut $auto$abc_ops_reintegrate.cc:655:reintegrate$102094.genblk1.genblk1.genblk1.genblk1.genblk1.genblk1.genblk1.lut3 (4 -> 1)
  Optimizing lut $auto$abc_ops_reintegrate.cc:655:reintegrate$102094.genblk1.genblk1.genblk1.genblk1.genblk1.genblk1.genblk1.lut4 (4 -> 1)
  Optimizing lut $auto$abc_ops_reintegrate.cc:655:reintegrate$102094.genblk1.genblk1.genblk1.genblk1.genblk1.genblk1.genblk1.lut5 (4 -> 1)
  Optimizing lut $auto$abc_ops_reintegrate.cc:655:reintegrate$102094.genblk1.genblk1.genblk1.genblk1.genblk1.genblk1.genblk1.lut6 (4 -> 1)
  Optimizing lut $auto$abc_ops_reintegrate.cc:655:reintegrate$102150.genblk1.genblk1.genblk1.genblk1.genblk1.lut1 (4 -> 0)
  Optimizing lut $auto$abc_ops_reintegrate.cc:655:reintegrate$102151.genblk1.genblk1.genblk1.genblk1.genblk1.lut1 (4 -> 0)
  Optimizing lut $auto$abc_ops_reintegrate.cc:655:reintegrate$102152.genblk1.genblk1.genblk1.genblk1.genblk1.lut1 (4 -> 3)
  Optimizing lut $abc$101909$lut$aiger101908$5094.genblk1.genblk1.genblk1.genblk1.genblk1.genblk1.genblk1.lut1 (4 -> 1)
  Optimizing lut $abc$101909$lut$aiger101908$5094.genblk1.genblk1.genblk1.genblk1.genblk1.genblk1.genblk1.lut2 (4 -> 1)
  Optimizing lut $abc$101909$lut$aiger101908$5094.genblk1.genblk1.genblk1.genblk1.genblk1.genblk1.genblk1.lut7 (4 -> 1)
  Optimizing lut $abc$101909$lut$aiger101908$12864.genblk1.genblk1.genblk1.genblk1.genblk1.genblk1.genblk1.lut1 (4 -> 3)
  Optimizing lut $abc$101909$lut$aiger101908$12864.genblk1.genblk1.genblk1.genblk1.genblk1.genblk1.genblk1.lut2 (4 -> 2)
  Optimizing lut $abc$101909$lut$aiger101908$12864.genblk1.genblk1.genblk1.genblk1.genblk1.genblk1.genblk1.lut3 (4 -> 3)
  Optimizing lut $abc$101909$lut$aiger101908$12864.genblk1.genblk1.genblk1.genblk1.genblk1.genblk1.genblk1.lut4 (4 -> 3)
  Optimizing lut $abc$101909$lut$aiger101908$12864.genblk1.genblk1.genblk1.genblk1.genblk1.genblk1.genblk1.lut6 (4 -> 2)
  Optimizing lut $abc$101909$lut$aiger101908$12864.genblk1.genblk1.genblk1.genblk1.genblk1.genblk1.genblk1.lut7 (4 -> 2)
  Optimizing lut $abc$101909$lut$aiger101908$4718.genblk1.genblk1.genblk1.genblk1.genblk1.genblk1.genblk1.lut3 (4 -> 1)
  Optimizing lut $abc$101909$lut$aiger101908$4718.genblk1.genblk1.genblk1.genblk1.genblk1.genblk1.genblk1.lut4 (4 -> 1)
  Optimizing lut $abc$101909$lut$aiger101908$4718.genblk1.genblk1.genblk1.genblk1.genblk1.genblk1.genblk1.lut5 (4 -> 1)
  Optimizing lut $abc$101909$lut$aiger101908$4718.genblk1.genblk1.genblk1.genblk1.genblk1.genblk1.genblk1.lut6 (4 -> 1)
  Optimizing lut $abc$101909$lut$aiger101908$4746.genblk1.genblk1.genblk1.genblk1.genblk1.genblk1.genblk1.lut3 (4 -> 1)
  Optimizing lut $abc$101909$lut$aiger101908$4746.genblk1.genblk1.genblk1.genblk1.genblk1.genblk1.genblk1.lut4 (4 -> 1)
  Optimizing lut $abc$101909$lut$aiger101908$4746.genblk1.genblk1.genblk1.genblk1.genblk1.genblk1.genblk1.lut5 (4 -> 1)
  Optimizing lut $abc$101909$lut$aiger101908$4746.genblk1.genblk1.genblk1.genblk1.genblk1.genblk1.genblk1.lut6 (4 -> 1)
  Optimizing lut $abc$101909$lut$aiger101908$4722.genblk1.genblk1.genblk1.genblk1.genblk1.lut1 (4 -> 0)
  Optimizing lut $abc$101909$lut$aiger101908$11504.genblk1.genblk1.genblk1.genblk1.genblk1.genblk1.genblk1.lut1 (4 -> 2)
  Optimizing lut $abc$101909$lut$aiger101908$11504.genblk1.genblk1.genblk1.genblk1.genblk1.genblk1.genblk1.lut4 (4 -> 1)
  Optimizing lut $abc$101909$lut$aiger101908$11504.genblk1.genblk1.genblk1.genblk1.genblk1.genblk1.genblk1.lut5 (4 -> 3)
  Optimizing lut $abc$101909$lut$aiger101908$11504.genblk1.genblk1.genblk1.genblk1.genblk1.genblk1.genblk1.lut6 (4 -> 1)
  Optimizing lut $abc$101909$lut$aiger101908$11504.genblk1.genblk1.genblk1.genblk1.genblk1.genblk1.genblk1.lut7 (4 -> 1)
  Optimizing lut $auto$abc_ops_reintegrate.cc:655:reintegrate$102195.genblk1.genblk1.genblk1.genblk1.genblk1.lut1 (4 -> 0)
  Optimizing lut $auto$abc_ops_reintegrate.cc:655:reintegrate$102196.genblk1.genblk1.genblk1.genblk1.genblk1.lut1 (4 -> 0)
  Optimizing lut $abc$101909$lut$aiger101908$5347.genblk1.genblk1.genblk1.genblk1.genblk1.lut1 (4 -> 0)
  Optimizing lut $auto$abc_ops_reintegrate.cc:655:reintegrate$102055.genblk1.genblk1.genblk1.genblk1.genblk1.genblk1.lut3 (4 -> 1)
  Optimizing lut $abc$101909$lut$aiger$o2365.genblk1.genblk1.genblk1.genblk1.genblk1.genblk1.genblk1.lut2 (4 -> 1)
  Optimizing lut $abc$101909$lut$aiger$o2365.genblk1.genblk1.genblk1.genblk1.genblk1.genblk1.genblk1.lut3 (4 -> 1)
  Optimizing lut $abc$101909$lut$aiger$o2365.genblk1.genblk1.genblk1.genblk1.genblk1.genblk1.genblk1.lut7 (4 -> 1)
  Optimizing lut $auto$abc_ops_reintegrate.cc:655:reintegrate$102092.genblk1.genblk1.genblk1.genblk1.genblk1.genblk1.genblk1.lut1 (4 -> 1)
  Optimizing lut $auto$abc_ops_reintegrate.cc:655:reintegrate$102092.genblk1.genblk1.genblk1.genblk1.genblk1.genblk1.genblk1.lut2 (4 -> 1)
  Optimizing lut $auto$abc_ops_reintegrate.cc:655:reintegrate$102092.genblk1.genblk1.genblk1.genblk1.genblk1.genblk1.genblk1.lut7 (4 -> 1)
  Optimizing lut $abc$101909$lut$aiger101908$5065.genblk1.genblk1.genblk1.genblk1.genblk1.lut1 (4 -> 0)
  Optimizing lut $abc$101909$lut$aiger101908$7535.genblk1.genblk1.genblk1.genblk1.genblk1.genblk1.lut3 (4 -> 1)
  Optimizing lut $abc$101909$lut$aiger101908$7559.genblk1.genblk1.genblk1.genblk1.genblk1.genblk1.genblk1.lut4 (4 -> 2)
  Optimizing lut $abc$101909$lut$aiger101908$7559.genblk1.genblk1.genblk1.genblk1.genblk1.genblk1.genblk1.lut6 (4 -> 2)
  Optimizing lut $abc$101909$lut$aiger101908$7559.genblk1.genblk1.genblk1.genblk1.genblk1.genblk1.genblk1.lut7 (4 -> 2)
  Optimizing lut $auto$abc_ops_reintegrate.cc:655:reintegrate$102287.genblk1.genblk1.genblk1.genblk1.genblk1.lut1 (4 -> 0)
  Optimizing lut $abc$101909$lut$aiger101908$5935.genblk1.genblk1.genblk1.genblk1.genblk1.lut1 (4 -> 3)
  Optimizing lut $abc$101909$lut$aiger101908$4543.genblk1.genblk1.genblk1.genblk1.genblk1.genblk1.genblk1.lut3 (4 -> 0)
  Optimizing lut $abc$101909$lut$aiger101908$4543.genblk1.genblk1.genblk1.genblk1.genblk1.genblk1.genblk1.lut7 (4 -> 0)
  Optimizing lut $abc$101909$lut$aiger101908$4489.genblk1.genblk1.genblk1.genblk1.genblk1.genblk1.lut2 (4 -> 1)
  Optimizing lut $abc$101909$lut$aiger101908$4489.genblk1.genblk1.genblk1.genblk1.genblk1.genblk1.lut3 (4 -> 3)
  Optimizing lut $abc$101909$lut$aiger101908$4407.genblk1.genblk1.genblk1.genblk1.genblk1.genblk1.genblk1.lut1 (4 -> 3)
  Optimizing lut $abc$101909$lut$aiger101908$4407.genblk1.genblk1.genblk1.genblk1.genblk1.genblk1.genblk1.lut2 (4 -> 3)
  Optimizing lut $abc$101909$lut$aiger101908$4407.genblk1.genblk1.genblk1.genblk1.genblk1.genblk1.genblk1.lut4 (4 -> 2)
  Optimizing lut $abc$101909$lut$aiger101908$4407.genblk1.genblk1.genblk1.genblk1.genblk1.genblk1.genblk1.lut5 (4 -> 3)
  Optimizing lut $abc$101909$lut$aiger101908$4510.genblk1.genblk1.genblk1.genblk1.genblk1.genblk1.lut2 (4 -> 3)
  Optimizing lut $abc$101909$lut$aiger101908$4510.genblk1.genblk1.genblk1.genblk1.genblk1.genblk1.lut3 (4 -> 2)
  Optimizing lut $abc$101909$lut$aiger101908$4247.genblk1.genblk1.genblk1.genblk1.genblk1.genblk1.genblk1.lut2 (4 -> 0)
  Optimizing lut $abc$101909$lut$aiger101908$4290.genblk1.genblk1.genblk1.genblk1.genblk1.genblk1.lut2 (4 -> 0)
  Optimizing lut $abc$101909$lut$aiger101908$12219.genblk1.genblk1.genblk1.genblk1.genblk1.genblk1.genblk1.lut3 (4 -> 0)
  Optimizing lut $abc$101909$lut$aiger101908$7350.genblk1.genblk1.genblk1.genblk1.genblk1.genblk1.lut2 (4 -> 0)
  Optimizing lut $abc$101909$lut$aiger101908$12190.genblk1.genblk1.genblk1.genblk1.genblk1.genblk1.genblk1.lut1 (4 -> 3)
  Optimizing lut $abc$101909$lut$aiger101908$12190.genblk1.genblk1.genblk1.genblk1.genblk1.genblk1.genblk1.lut3 (4 -> 3)
  Optimizing lut $abc$101909$lut$aiger101908$12190.genblk1.genblk1.genblk1.genblk1.genblk1.genblk1.genblk1.lut5 (4 -> 3)
  Optimizing lut $abc$101909$lut$aiger101908$12190.genblk1.genblk1.genblk1.genblk1.genblk1.genblk1.genblk1.lut7 (4 -> 3)
  Optimizing lut $abc$101909$lut$aiger101908$7436.genblk1.genblk1.genblk1.genblk1.genblk1.genblk1.lut1 (4 -> 3)
  Optimizing lut $abc$101909$lut$aiger101908$7436.genblk1.genblk1.genblk1.genblk1.genblk1.genblk1.lut2 (4 -> 3)
  Optimizing lut $abc$101909$lut$aiger101908$7436.genblk1.genblk1.genblk1.genblk1.genblk1.genblk1.lut3 (4 -> 1)
  Optimizing lut $abc$101909$lut$aiger101908$7308.genblk1.genblk1.genblk1.genblk1.genblk1.genblk1.lut1 (4 -> 2)
  Optimizing lut $abc$101909$lut$aiger101908$7308.genblk1.genblk1.genblk1.genblk1.genblk1.genblk1.lut3 (4 -> 2)
  Optimizing lut $abc$101909$lut$aiger101908$7229.genblk1.genblk1.genblk1.genblk1.genblk1.genblk1.genblk1.lut2 (4 -> 3)
  Optimizing lut $abc$101909$lut$aiger101908$7229.genblk1.genblk1.genblk1.genblk1.genblk1.genblk1.genblk1.lut3 (4 -> 3)
  Optimizing lut $abc$101909$lut$aiger101908$7229.genblk1.genblk1.genblk1.genblk1.genblk1.genblk1.genblk1.lut4 (4 -> 3)
  Optimizing lut $abc$101909$lut$aiger101908$7229.genblk1.genblk1.genblk1.genblk1.genblk1.genblk1.genblk1.lut5 (4 -> 3)
  Optimizing lut $abc$101909$lut$aiger101908$7057.genblk1.genblk1.genblk1.genblk1.genblk1.genblk1.genblk1.lut2 (4 -> 0)
  Optimizing lut $abc$101909$lut$aiger101908$4961.genblk1.genblk1.genblk1.genblk1.genblk1.genblk1.genblk1.lut2 (4 -> 3)
  Optimizing lut $abc$101909$lut$aiger101908$4961.genblk1.genblk1.genblk1.genblk1.genblk1.genblk1.genblk1.lut5 (4 -> 3)
  Optimizing lut $auto$abc_ops_reintegrate.cc:655:reintegrate$102418.genblk1.genblk1.genblk1.genblk1.genblk1.lut1 (4 -> 3)
  Optimizing lut $auto$abc_ops_reintegrate.cc:655:reintegrate$102192.genblk1.genblk1.genblk1.genblk1.genblk1.lut1 (4 -> 0)
  Optimizing lut $abc$101909$lut$aiger101908$10916.genblk1.genblk1.genblk1.genblk1.genblk1.lut1 (4 -> 0)
  Optimizing lut $abc$101909$lut$aiger101908$6262.genblk1.genblk1.genblk1.genblk1.genblk1.lut1 (4 -> 0)
  Optimizing lut $abc$101909$lut$aiger101908$8264.genblk1.genblk1.genblk1.genblk1.genblk1.lut0 (4 -> 3)
  Optimizing lut $abc$101909$lut$aiger101908$8625.genblk1.genblk1.genblk1.genblk1.genblk1.lut0 (4 -> 0)
  Optimizing lut $abc$101909$lut$aiger101908$5263.genblk1.genblk1.genblk1.genblk1.genblk1.lut0 (4 -> 0)
  Optimizing lut $abc$101909$lut$aiger101908$7928.genblk1.genblk1.genblk1.genblk1.genblk1.lut0 (4 -> 0)
  Optimizing lut $abc$101909$lut$aiger101908$5269.genblk1.genblk1.genblk1.genblk1.genblk1.lut0 (4 -> 0)
  Optimizing lut $abc$101909$lut$aiger101908$8264.genblk1.genblk1.genblk1.genblk1.genblk1.lut1 (4 -> 2)
  Optimizing lut $abc$101909$lut$aiger101908$4096.genblk1.genblk1.genblk1.genblk1.genblk1.lut0 (4 -> 0)
  Optimizing lut $abc$101909$lut$aiger101908$10902.genblk1.genblk1.genblk1.genblk1.genblk1.lut0 (4 -> 3)
  Optimizing lut $abc$101909$lut$aiger101908$9260.genblk1.genblk1.genblk1.genblk1.genblk1.lut0 (4 -> 3)
  Optimizing lut $abc$101909$lut$aiger101908$9330.genblk1.genblk1.genblk1.genblk1.genblk1.lut0 (4 -> 3)
  Optimizing lut $auto$abc_ops_reintegrate.cc:655:reintegrate$101936.genblk1.genblk1.genblk1.genblk1.genblk1.lut1 (4 -> 3)
  Optimizing lut $abc$101909$lut$aiger101908$7559.genblk1.genblk1.genblk1.genblk1.genblk1.genblk1.genblk1.lut1 (4 -> 1)
  Optimizing lut $abc$101909$lut$aiger101908$7938.genblk1.genblk1.genblk1.genblk1.genblk1.lut0 (4 -> 0)
  Optimizing lut $abc$101909$lut$aiger101908$8277.genblk1.genblk1.genblk1.genblk1.genblk1.lut0 (4 -> 3)
  Optimizing lut $abc$101909$lut$aiger101908$5299.genblk1.genblk1.genblk1.genblk1.genblk1.lut0 (4 -> 3)
  Optimizing lut $abc$101909$lut$aiger101908$10888.genblk1.genblk1.genblk1.genblk1.genblk1.lut0 (4 -> 3)
  Optimizing lut $abc$101909$lut$aiger101908$8277.genblk1.genblk1.genblk1.genblk1.genblk1.lut1 (4 -> 2)
  Optimizing lut $abc$101909$lut$aiger101908$6201.genblk1.genblk1.genblk1.genblk1.genblk1.lut0 (4 -> 3)
  Optimizing lut $abc$101909$lut$aiger101908$9250.genblk1.genblk1.genblk1.genblk1.genblk1.lut0 (4 -> 3)
  Optimizing lut $abc$101909$lut$aiger101908$9190.genblk1.genblk1.genblk1.genblk1.genblk1.lut0 (4 -> 3)
  Optimizing lut $abc$101909$lut$aiger101908$5324.genblk1.genblk1.genblk1.genblk1.genblk1.lut0 (4 -> 3)
  Optimizing lut $abc$101909$lut$aiger101908$5747.genblk1.genblk1.genblk1.genblk1.genblk1.lut1 (4 -> 2)
  Optimizing lut $abc$101909$lut$aiger101908$4247.genblk1.genblk1.genblk1.genblk1.genblk1.genblk1.genblk1.lut0 (4 -> 0)
  Optimizing lut $abc$101909$lut$aiger101908$10867.genblk1.genblk1.genblk1.genblk1.genblk1.lut0 (4 -> 3)
  Optimizing lut $abc$101909$lut$aiger101908$7559.genblk1.genblk1.genblk1.genblk1.genblk1.genblk1.genblk1.lut0 (4 -> 3)
  Optimizing lut $abc$101909$lut$aiger101908$5218.genblk1.genblk1.genblk1.genblk1.genblk1.lut1 (4 -> 0)
  Optimizing lut $abc$101909$lut$aiger101908$5334.genblk1.genblk1.genblk1.genblk1.genblk1.lut0 (4 -> 3)
  Optimizing lut $abc$101909$lut$aiger101908$6195.genblk1.genblk1.genblk1.genblk1.genblk1.lut0 (4 -> 3)
  Optimizing lut $abc$101909$lut$aiger$o8995.genblk1.genblk1.genblk1.genblk1.genblk1.lut1 (4 -> 0)
  Optimizing lut $abc$101909$lut$aiger101908$6333.genblk1.genblk1.genblk1.genblk1.genblk1.lut0 (4 -> 3)
  Optimizing lut $abc$101909$lut$aiger101908$10854.genblk1.genblk1.genblk1.genblk1.genblk1.lut0 (4 -> 3)
  Optimizing lut $abc$101909$lut$aiger101908$6333.genblk1.genblk1.genblk1.genblk1.genblk1.lut1 (4 -> 2)
  Optimizing lut $abc$101909$lut$aiger$o6353.genblk1.genblk1.genblk1.genblk1.genblk1.lut0 (4 -> 3)
  Optimizing lut $abc$101909$lut$aiger$o8921.genblk1.genblk1.genblk1.genblk1.genblk1.lut0 (4 -> 3)
  Optimizing lut $abc$101909$lut$aiger101908$7057.genblk1.genblk1.genblk1.genblk1.genblk1.genblk1.genblk1.lut0 (4 -> 0)
  Optimizing lut $auto$abc_ops_reintegrate.cc:655:reintegrate$101983.genblk1.genblk1.genblk1.genblk1.genblk1.lut1 (4 -> 1)
  Optimizing lut $abc$101909$lut$aiger101908$5923.genblk1.genblk1.genblk1.genblk1.genblk1.lut1 (4 -> 3)
  Optimizing lut $auto$abc_ops_reintegrate.cc:655:reintegrate$102144.genblk1.genblk1.genblk1.genblk1.genblk1.lut1 (4 -> 3)
  Optimizing lut $abc$101909$lut$aiger101908$10338.genblk1.genblk1.genblk1.genblk1.genblk1.lut0 (4 -> 0)
  Optimizing lut $abc$101909$lut$aiger101908$10835.genblk1.genblk1.genblk1.genblk1.genblk1.lut0 (4 -> 3)
  Optimizing lut $abc$101909$lut$aiger101908$9340.genblk1.genblk1.genblk1.genblk1.genblk1.lut0 (4 -> 3)
  Optimizing lut $abc$101909$lut$aiger$o8918.genblk1.genblk1.genblk1.genblk1.genblk1.lut0 (4 -> 3)
  Optimizing lut $abc$101909$lut$aiger101908$8011.genblk1.genblk1.genblk1.genblk1.genblk1.lut1 (4 -> 0)
  Optimizing lut $abc$101909$lut$aiger$o8915.genblk1.genblk1.genblk1.genblk1.genblk1.lut0 (4 -> 3)
  Optimizing lut $abc$101909$lut$aiger101908$6195.genblk1.genblk1.genblk1.genblk1.genblk1.lut1 (4 -> 1)
  Optimizing lut $abc$101909$lut$aiger101908$10821.genblk1.genblk1.genblk1.genblk1.genblk1.lut0 (4 -> 3)
  Optimizing lut $abc$101909$lut$aiger101908$8309.genblk1.genblk1.genblk1.genblk1.genblk1.lut0 (4 -> 3)
  Optimizing lut $auto$abc_ops_reintegrate.cc:655:reintegrate$101993.genblk1.genblk1.genblk1.genblk1.genblk1.lut1 (4 -> 1)
  Optimizing lut $abc$101909$lut$aiger101908$9320.genblk1.genblk1.genblk1.genblk1.genblk1.lut0 (4 -> 3)
  Optimizing lut $abc$101909$lut$aiger101908$4290.genblk1.genblk1.genblk1.genblk1.genblk1.genblk1.lut0 (4 -> 0)
  Optimizing lut $abc$101909$lut$aiger101908$8309.genblk1.genblk1.genblk1.genblk1.genblk1.lut1 (4 -> 2)
  Optimizing lut $abc$101909$lut$aiger$o8912.genblk1.genblk1.genblk1.genblk1.genblk1.lut0 (4 -> 3)
  Optimizing lut $abc$101909$lut$aiger101908$4129.genblk1.genblk1.genblk1.genblk1.genblk1.lut0 (4 -> 0)
  Optimizing lut $abc$101909$lut$aiger101908$6411.genblk1.genblk1.genblk1.genblk1.genblk1.lut1 (4 -> 0)
  Optimizing lut $abc$101909$lut$aiger101908$13262.genblk1.genblk1.genblk1.genblk1.genblk1.lut0 (4 -> 3)
  Optimizing lut $abc$101909$lut$aiger$o10059.genblk1.genblk1.genblk1.genblk1.genblk1.lut1 (4 -> 1)
  Optimizing lut $abc$101909$lut$aiger101908$9751.genblk1.genblk1.genblk1.genblk1.genblk1.lut0 (4 -> 0)
  Optimizing lut $abc$101909$lut$aiger$o8909.genblk1.genblk1.genblk1.genblk1.genblk1.lut0 (4 -> 3)
  Optimizing lut $abc$101909$lut$aiger101908$6537.genblk1.genblk1.genblk1.genblk1.genblk1.lut1 (4 -> 0)
  Optimizing lut $abc$101909$lut$aiger$o8906.genblk1.genblk1.genblk1.genblk1.genblk1.lut0 (4 -> 3)
  Optimizing lut $abc$101909$lut$aiger101908$6172.genblk1.genblk1.genblk1.genblk1.genblk1.lut1 (4 -> 0)
  Optimizing lut $abc$101909$lut$aiger101908$9240.genblk1.genblk1.genblk1.genblk1.genblk1.lut0 (4 -> 3)
  Optimizing lut $abc$101909$lut$aiger101908$4407.genblk1.genblk1.genblk1.genblk1.genblk1.genblk1.genblk1.lut0 (4 -> 3)
  Optimizing lut $abc$101909$lut$aiger101908$6420.genblk1.genblk1.genblk1.genblk1.genblk1.lut0 (4 -> 0)
  Optimizing lut $abc$101909$lut$aiger$o3889.genblk1.genblk1.genblk1.genblk1.genblk1.lut0 (4 -> 0)
  Optimizing lut $auto$abc_ops_reintegrate.cc:655:reintegrate$102060.genblk1.genblk1.genblk1.genblk1.genblk1.genblk1.genblk1.lut1 (4 -> 0)
  Optimizing lut $auto$abc_ops_reintegrate.cc:655:reintegrate$101913.genblk1.genblk1.genblk1.genblk1.genblk1.lut1 (4 -> 1)
  Optimizing lut $abc$101909$lut$aiger$o8903.genblk1.genblk1.genblk1.genblk1.genblk1.lut0 (4 -> 3)
  Optimizing lut $abc$101909$lut$aiger101908$10301.genblk1.genblk1.genblk1.genblk1.genblk1.lut0 (4 -> 0)
  Optimizing lut $abc$101909$lut$aiger$o8900.genblk1.genblk1.genblk1.genblk1.genblk1.lut0 (4 -> 3)
  Optimizing lut $abc$101909$lut$aiger$o10365.genblk1.genblk1.genblk1.genblk1.genblk1.lut0 (4 -> 0)
  Optimizing lut $abc$101909$lut$aiger$o7400.genblk1.genblk1.genblk1.genblk1.genblk1.lut0 (4 -> 0)
  Optimizing lut $abc$101909$lut$aiger101908$8327.genblk1.genblk1.genblk1.genblk1.genblk1.lut0 (4 -> 3)
  Optimizing lut $abc$101909$lut$aiger$o3627.genblk1.genblk1.genblk1.genblk1.genblk1.lut0 (4 -> 2)
  Optimizing lut $auto$abc_ops_reintegrate.cc:655:reintegrate$102142.genblk1.genblk1.genblk1.genblk1.genblk1.lut1 (4 -> 0)
  Optimizing lut $abc$101909$lut$aiger101908$6451.genblk1.genblk1.genblk1.genblk1.genblk1.lut0 (4 -> 0)
  Optimizing lut $abc$101909$lut$aiger101908$9310.genblk1.genblk1.genblk1.genblk1.genblk1.lut0 (4 -> 3)
  Optimizing lut $abc$101909$lut$aiger101908$5467.genblk1.genblk1.genblk1.genblk1.genblk1.lut0 (4 -> 3)
  Optimizing lut $abc$101909$lut$aiger$o6345.genblk1.genblk1.genblk1.genblk1.genblk1.lut0 (4 -> 0)
  Optimizing lut $abc$101909$lut$aiger101908$8327.genblk1.genblk1.genblk1.genblk1.genblk1.lut1 (4 -> 2)
  Optimizing lut $abc$101909$lut$aiger$o4556.genblk1.genblk1.genblk1.genblk1.genblk1.lut0 (4 -> 0)
  Optimizing lut $abc$101909$lut$aiger101908$5477.genblk1.genblk1.genblk1.genblk1.genblk1.lut0 (4 -> 3)
  Optimizing lut $abc$101909$lut$aiger101908$6441.genblk1.genblk1.genblk1.genblk1.genblk1.genblk1.genblk1.lut1 (4 -> 1)
  Optimizing lut $abc$101909$lut$aiger101908$9688.genblk1.genblk1.genblk1.genblk1.genblk1.lut0 (4 -> 0)
  Optimizing lut $abc$101909$lut$aiger101908$9180.genblk1.genblk1.genblk1.genblk1.genblk1.lut0 (4 -> 3)
  Optimizing lut $abc$101909$lut$aiger101908$5487.genblk1.genblk1.genblk1.genblk1.genblk1.lut0 (4 -> 3)
  Optimizing lut $abc$101909$lut$aiger101908$9200.genblk1.genblk1.genblk1.genblk1.genblk1.lut0 (4 -> 3)
  Optimizing lut $abc$101909$lut$aiger101908$5497.genblk1.genblk1.genblk1.genblk1.genblk1.lut0 (4 -> 3)
  Optimizing lut $auto$abc_ops_reintegrate.cc:655:reintegrate$102255.genblk1.genblk1.genblk1.genblk1.genblk1.lut1 (4 -> 2)
  Optimizing lut $abc$101909$lut$aiger$o4560.genblk1.genblk1.genblk1.genblk1.genblk1.lut0 (4 -> 0)
  Optimizing lut $abc$101909$lut$aiger101908$8340.genblk1.genblk1.genblk1.genblk1.genblk1.lut0 (4 -> 3)
  Optimizing lut $abc$101909$lut$aiger$o6341.genblk1.genblk1.genblk1.genblk1.genblk1.lut0 (4 -> 0)
  Optimizing lut $abc$101909$lut$aiger101908$4510.genblk1.genblk1.genblk1.genblk1.genblk1.genblk1.lut0 (4 -> 3)
  Optimizing lut $abc$101909$lut$aiger101908$7887.genblk1.genblk1.genblk1.genblk1.genblk1.lut0 (4 -> 0)
  Optimizing lut $abc$101909$lut$aiger101908$8340.genblk1.genblk1.genblk1.genblk1.genblk1.lut1 (4 -> 2)
  Optimizing lut $abc$101909$lut$aiger101908$9230.genblk1.genblk1.genblk1.genblk1.genblk1.lut0 (4 -> 3)
  Optimizing lut $abc$101909$lut$aiger101908$9300.genblk1.genblk1.genblk1.genblk1.genblk1.lut0 (4 -> 3)
  Optimizing lut $abc$101909$lut$aiger101908$8843.genblk1.genblk1.genblk1.genblk1.genblk1.lut1 (4 -> 0)
  Optimizing lut $abc$101909$lut$aiger101908$8356.genblk1.genblk1.genblk1.genblk1.genblk1.lut0 (4 -> 3)
  Optimizing lut $abc$101909$lut$aiger101908$8682.genblk1.genblk1.genblk1.genblk1.genblk1.lut0 (4 -> 3)
  Optimizing lut $abc$101909$lut$aiger101908$5592.genblk1.genblk1.genblk1.genblk1.genblk1.lut0 (4 -> 3)
  Optimizing lut $abc$101909$lut$aiger101908$8043.genblk1.genblk1.genblk1.genblk1.genblk1.lut0 (4 -> 0)
  Optimizing lut $abc$101909$lut$aiger101908$8356.genblk1.genblk1.genblk1.genblk1.genblk1.lut1 (4 -> 2)
  Optimizing lut $abc$101909$lut$aiger101908$5601.genblk1.genblk1.genblk1.genblk1.genblk1.lut0 (4 -> 3)
  Optimizing lut $auto$abc_ops_reintegrate.cc:655:reintegrate$102339.genblk1.genblk1.genblk1.genblk1.genblk1.lut1 (4 -> 0)
  Optimizing lut $auto$abc_ops_reintegrate.cc:655:reintegrate$101914.genblk1.genblk1.genblk1.genblk1.genblk1.lut1 (4 -> 0)
  Optimizing lut $abc$101909$lut$aiger101908$5610.genblk1.genblk1.genblk1.genblk1.genblk1.lut0 (4 -> 3)
  Optimizing lut $abc$101909$lut$aiger101908$13047.genblk1.genblk1.genblk1.genblk1.genblk1.lut1 (4 -> 2)
  Optimizing lut $abc$101909$lut$aiger101908$8464.genblk1.genblk1.genblk1.genblk1.genblk1.lut0 (4 -> 0)
  Optimizing lut $abc$101909$lut$aiger101908$5619.genblk1.genblk1.genblk1.genblk1.genblk1.lut0 (4 -> 3)
  Optimizing lut $abc$101909$lut$aiger101908$13035.genblk1.genblk1.genblk1.genblk1.genblk1.lut1 (4 -> 3)
  Optimizing lut $abc$101909$lut$aiger$o2315.genblk1.genblk1.genblk1.genblk1.genblk1.genblk1.genblk1.lut0 (4 -> 1)
  Optimizing lut $abc$101909$lut$aiger101908$7357.genblk1.genblk1.genblk1.genblk1.genblk1.lut1 (4 -> 3)
  Optimizing lut $abc$101909$lut$aiger101908$7229.genblk1.genblk1.genblk1.genblk1.genblk1.genblk1.genblk1.lut0 (4 -> 3)
  Optimizing lut $abc$101909$lut$aiger101908$5631.genblk1.genblk1.genblk1.genblk1.genblk1.lut0 (4 -> 3)
  Optimizing lut $abc$101909$lut$aiger101908$5640.genblk1.genblk1.genblk1.genblk1.genblk1.lut0 (4 -> 3)
  Optimizing lut $abc$101909$lut$aiger101908$5649.genblk1.genblk1.genblk1.genblk1.genblk1.lut0 (4 -> 3)
  Optimizing lut $abc$101909$lut$aiger101908$9170.genblk1.genblk1.genblk1.genblk1.genblk1.lut0 (4 -> 3)
  Optimizing lut $abc$101909$lut$aiger101908$5658.genblk1.genblk1.genblk1.genblk1.genblk1.lut0 (4 -> 3)
  Optimizing lut $abc$101909$lut$aiger101908$6600.genblk1.genblk1.genblk1.genblk1.genblk1.lut0 (4 -> 0)
  Optimizing lut $abc$101909$lut$aiger101908$9889.genblk1.genblk1.genblk1.genblk1.genblk1.lut0 (4 -> 0)
  Optimizing lut $abc$101909$lut$aiger101908$5670.genblk1.genblk1.genblk1.genblk1.genblk1.lut0 (4 -> 3)
  Optimizing lut $abc$101909$lut$aiger101908$5729.genblk1.genblk1.genblk1.genblk1.genblk1.lut1 (4 -> 2)
  Optimizing lut $abc$101909$lut$aiger101908$5697.genblk1.genblk1.genblk1.genblk1.genblk1.lut1 (4 -> 2)
  Optimizing lut $abc$101909$lut$aiger101908$5679.genblk1.genblk1.genblk1.genblk1.genblk1.lut0 (4 -> 3)
  Optimizing lut $abc$101909$lut$aiger101908$5631.genblk1.genblk1.genblk1.genblk1.genblk1.lut1 (4 -> 2)
  Optimizing lut $abc$101909$lut$aiger101908$5884.genblk1.genblk1.genblk1.genblk1.genblk1.lut1 (4 -> 2)
  Optimizing lut $abc$101909$lut$aiger101908$5854.genblk1.genblk1.genblk1.genblk1.genblk1.lut1 (4 -> 2)
  Optimizing lut $abc$101909$lut$aiger101908$9290.genblk1.genblk1.genblk1.genblk1.genblk1.lut0 (4 -> 3)
  Optimizing lut $abc$101909$lut$aiger101908$5688.genblk1.genblk1.genblk1.genblk1.genblk1.lut0 (4 -> 3)
  Optimizing lut $abc$101909$lut$aiger101908$5688.genblk1.genblk1.genblk1.genblk1.genblk1.lut1 (4 -> 2)
  Optimizing lut $abc$101909$lut$aiger101908$5619.genblk1.genblk1.genblk1.genblk1.genblk1.lut1 (4 -> 2)
  Optimizing lut $abc$101909$lut$aiger101908$5875.genblk1.genblk1.genblk1.genblk1.genblk1.lut1 (4 -> 2)
  Optimizing lut $abc$101909$lut$aiger101908$5845.genblk1.genblk1.genblk1.genblk1.genblk1.lut1 (4 -> 2)
  Optimizing lut $abc$101909$lut$aiger101908$5679.genblk1.genblk1.genblk1.genblk1.genblk1.lut1 (4 -> 2)
  Optimizing lut $abc$101909$lut$aiger101908$5697.genblk1.genblk1.genblk1.genblk1.genblk1.lut0 (4 -> 3)
  Optimizing lut $abc$101909$lut$aiger101908$5610.genblk1.genblk1.genblk1.genblk1.genblk1.lut1 (4 -> 2)
  Optimizing lut $abc$101909$lut$aiger101908$5658.genblk1.genblk1.genblk1.genblk1.genblk1.lut1 (4 -> 2)
  Optimizing lut $abc$101909$lut$aiger101908$8875.genblk1.genblk1.genblk1.genblk1.genblk1.lut0 (4 -> 1)
  Optimizing lut $abc$101909$lut$aiger101908$5836.genblk1.genblk1.genblk1.genblk1.genblk1.lut1 (4 -> 2)
  Optimizing lut $abc$101909$lut$aiger101908$5797.genblk1.genblk1.genblk1.genblk1.genblk1.lut1 (4 -> 2)
  Optimizing lut $abc$101909$lut$aiger101908$5815.genblk1.genblk1.genblk1.genblk1.genblk1.lut1 (4 -> 2)
  Optimizing lut $auto$abc_ops_reintegrate.cc:655:reintegrate$102418.genblk1.genblk1.genblk1.genblk1.genblk1.lut0 (4 -> 3)
  Optimizing lut $abc$101909$lut$aiger101908$5670.genblk1.genblk1.genblk1.genblk1.genblk1.lut1 (4 -> 2)
  Optimizing lut $abc$101909$lut$aiger101908$5711.genblk1.genblk1.genblk1.genblk1.genblk1.lut0 (4 -> 3)
  Optimizing lut $abc$101909$lut$aiger101908$5601.genblk1.genblk1.genblk1.genblk1.genblk1.lut1 (4 -> 2)
  Optimizing lut $abc$101909$lut$aiger101908$5649.genblk1.genblk1.genblk1.genblk1.genblk1.lut1 (4 -> 2)
  Optimizing lut $abc$101909$lut$aiger101908$5902.genblk1.genblk1.genblk1.genblk1.genblk1.lut1 (4 -> 2)
  Optimizing lut $abc$101909$lut$aiger101908$5720.genblk1.genblk1.genblk1.genblk1.genblk1.lut1 (4 -> 2)
  Optimizing lut $abc$101909$lut$aiger101908$4516.genblk1.genblk1.genblk1.genblk1.genblk1.lut1 (4 -> 3)
  Optimizing lut $abc$101909$lut$aiger101908$5592.genblk1.genblk1.genblk1.genblk1.genblk1.lut1 (4 -> 2)
  Optimizing lut $abc$101909$lut$aiger101908$9220.genblk1.genblk1.genblk1.genblk1.genblk1.lut0 (4 -> 3)
  Optimizing lut $abc$101909$lut$aiger101908$5720.genblk1.genblk1.genblk1.genblk1.genblk1.lut0 (4 -> 3)
  Optimizing lut $abc$101909$lut$aiger101908$8083.genblk1.genblk1.genblk1.genblk1.genblk1.lut0 (4 -> 0)
  Optimizing lut $abc$101909$lut$aiger101908$5640.genblk1.genblk1.genblk1.genblk1.genblk1.lut1 (4 -> 2)
  Optimizing lut $abc$101909$lut$aiger101908$5893.genblk1.genblk1.genblk1.genblk1.genblk1.lut1 (4 -> 2)
  Optimizing lut $auto$abc_ops_reintegrate.cc:655:reintegrate$102197.genblk1.genblk1.genblk1.genblk1.genblk1.lut1 (4 -> 0)
  Optimizing lut $abc$101909$lut$aiger101908$5729.genblk1.genblk1.genblk1.genblk1.genblk1.lut0 (4 -> 3)
  Optimizing lut $abc$101909$lut$aiger101908$8385.genblk1.genblk1.genblk1.genblk1.genblk1.lut0 (4 -> 0)
  Optimizing lut $abc$101909$lut$aiger101908$5738.genblk1.genblk1.genblk1.genblk1.genblk1.lut0 (4 -> 3)
  Optimizing lut $abc$101909$lut$aiger101908$7319.genblk1.genblk1.genblk1.genblk1.genblk1.lut1 (4 -> 3)
  Optimizing lut $abc$101909$lut$aiger101908$7744.genblk1.genblk1.genblk1.genblk1.genblk1.lut0 (4 -> 0)
  Optimizing lut $abc$101909$lut$aiger101908$5747.genblk1.genblk1.genblk1.genblk1.genblk1.lut0 (4 -> 3)
  Optimizing lut $abc$101909$lut$aiger101908$11955.genblk1.genblk1.genblk1.genblk1.genblk1.lut1 (4 -> 2)
  Optimizing lut $abc$101909$lut$aiger101908$11955.genblk1.genblk1.genblk1.genblk1.genblk1.lut0 (4 -> 3)
  Optimizing lut $abc$101909$lut$aiger$o6745.genblk1.genblk1.genblk1.genblk1.genblk1.lut1 (4 -> 2)
  Optimizing lut $abc$101909$lut$aiger101908$5756.genblk1.genblk1.genblk1.genblk1.genblk1.lut0 (4 -> 3)
  Optimizing lut $auto$abc_ops_reintegrate.cc:655:reintegrate$102271.genblk1.genblk1.genblk1.genblk1.genblk1.lut1 (4 -> 3)
  Optimizing lut $abc$101909$lut$aiger101908$5975.genblk1.genblk1.genblk1.genblk1.genblk1.lut1 (4 -> 2)
  Optimizing lut $abc$101909$lut$aiger101908$10619.genblk1.genblk1.genblk1.genblk1.genblk1.lut0 (4 -> 3)
  Optimizing lut $abc$101909$lut$aiger101908$12864.genblk1.genblk1.genblk1.genblk1.genblk1.genblk1.genblk1.lut0 (4 -> 2)
  Optimizing lut $abc$101909$lut$aiger101908$10613.genblk1.genblk1.genblk1.genblk1.genblk1.lut0 (4 -> 3)
  Optimizing lut $abc$101909$lut$aiger$o2388.genblk1.genblk1.genblk1.genblk1.genblk1.lut1 (4 -> 2)
  Optimizing lut $abc$101909$lut$aiger$o6492.genblk1.genblk1.genblk1.genblk1.genblk1.lut0 (4 -> 3)
  Optimizing lut $abc$101909$lut$aiger101908$5965.genblk1.genblk1.genblk1.genblk1.genblk1.lut1 (4 -> 0)
  Optimizing lut $auto$abc_ops_reintegrate.cc:655:reintegrate$102194.genblk1.genblk1.genblk1.genblk1.genblk1.lut1 (4 -> 0)
  Optimizing lut $abc$101909$lut$aiger101908$5797.genblk1.genblk1.genblk1.genblk1.genblk1.lut0 (4 -> 3)
  Optimizing lut $abc$101909$lut$aiger101908$5806.genblk1.genblk1.genblk1.genblk1.genblk1.lut0 (4 -> 3)
  Optimizing lut $abc$101909$lut$aiger101908$7766.genblk1.genblk1.genblk1.genblk1.genblk1.lut0 (4 -> 0)
  Optimizing lut $abc$101909$lut$aiger101908$5815.genblk1.genblk1.genblk1.genblk1.genblk1.lut0 (4 -> 3)
  Optimizing lut $abc$101909$lut$aiger101908$5824.genblk1.genblk1.genblk1.genblk1.genblk1.lut0 (4 -> 3)
  Optimizing lut $abc$101909$lut$aiger101908$6712.genblk1.genblk1.genblk1.genblk1.genblk1.lut0 (4 -> 0)
  Optimizing lut $abc$101909$lut$aiger101908$5836.genblk1.genblk1.genblk1.genblk1.genblk1.lut0 (4 -> 3)
  Optimizing lut $abc$101909$lut$aiger101908$6717.genblk1.genblk1.genblk1.genblk1.genblk1.lut0 (4 -> 3)
  Optimizing lut $abc$101909$lut$aiger101908$6717.genblk1.genblk1.genblk1.genblk1.genblk1.lut1 (4 -> 3)
  Optimizing lut $abc$101909$lut$aiger101908$5845.genblk1.genblk1.genblk1.genblk1.genblk1.lut0 (4 -> 3)
  Optimizing lut $abc$101909$lut$aiger101908$5854.genblk1.genblk1.genblk1.genblk1.genblk1.lut0 (4 -> 3)
  Optimizing lut $abc$101909$lut$aiger101908$10580.genblk1.genblk1.genblk1.genblk1.genblk1.lut0 (4 -> 0)
  Optimizing lut $abc$101909$lut$aiger101908$9280.genblk1.genblk1.genblk1.genblk1.genblk1.lut0 (4 -> 3)
  Optimizing lut $abc$101909$lut$aiger101908$5863.genblk1.genblk1.genblk1.genblk1.genblk1.lut0 (4 -> 3)
  Optimizing lut $abc$101909$lut$aiger101908$6736.genblk1.genblk1.genblk1.genblk1.genblk1.lut0 (4 -> 2)
  Optimizing lut $auto$abc_ops_reintegrate.cc:655:reintegrate$102199.genblk1.genblk1.genblk1.genblk1.genblk1.lut1 (4 -> 0)
  Optimizing lut $abc$101909$lut$aiger101908$5875.genblk1.genblk1.genblk1.genblk1.genblk1.lut0 (4 -> 3)
  Optimizing lut $abc$101909$lut$aiger101908$9833.genblk1.genblk1.genblk1.genblk1.genblk1.lut0 (4 -> 0)
  Optimizing lut $abc$101909$lut$aiger101908$5884.genblk1.genblk1.genblk1.genblk1.genblk1.lut0 (4 -> 3)
  Optimizing lut $abc$101909$lut$aiger101908$7350.genblk1.genblk1.genblk1.genblk1.genblk1.genblk1.lut0 (4 -> 0)
  Optimizing lut $abc$101909$lut$aiger101908$8130.genblk1.genblk1.genblk1.genblk1.genblk1.lut0 (4 -> 0)
  Optimizing lut $auto$abc_ops_reintegrate.cc:655:reintegrate$102202.genblk1.genblk1.genblk1.genblk1.genblk1.lut1 (4 -> 0)
  Optimizing lut $abc$101909$lut$aiger101908$5893.genblk1.genblk1.genblk1.genblk1.genblk1.lut0 (4 -> 3)
  Optimizing lut $abc$101909$lut$aiger101908$10560.genblk1.genblk1.genblk1.genblk1.genblk1.lut0 (4 -> 3)
  Optimizing lut $abc$101909$lut$aiger101908$5902.genblk1.genblk1.genblk1.genblk1.genblk1.lut0 (4 -> 3)
  Optimizing lut $abc$101909$lut$aiger101908$5528.genblk1.genblk1.genblk1.genblk1.genblk1.lut1 (4 -> 0)
  Optimizing lut $auto$abc_ops_reintegrate.cc:655:reintegrate$101913.genblk1.genblk1.genblk1.genblk1.genblk1.lut0 (4 -> 3)
  Optimizing lut $abc$101909$lut$aiger$o8570.genblk1.genblk1.genblk1.genblk1.genblk1.lut1 (4 -> 1)
  Optimizing lut $abc$101909$lut$aiger$o8570.genblk1.genblk1.genblk1.genblk1.genblk1.lut0 (4 -> 3)
  Optimizing lut $abc$101909$lut$aiger101908$5923.genblk1.genblk1.genblk1.genblk1.genblk1.lut0 (4 -> 3)
  Optimizing lut $auto$abc_ops_reintegrate.cc:655:reintegrate$101917.genblk1.genblk1.genblk1.genblk1.genblk1.lut0 (4 -> 0)
  Optimizing lut $auto$abc_ops_reintegrate.cc:655:reintegrate$101918.genblk1.genblk1.genblk1.genblk1.genblk1.lut0 (4 -> 3)
  Optimizing lut $auto$abc_ops_reintegrate.cc:655:reintegrate$101920.genblk1.genblk1.genblk1.genblk1.genblk1.lut1 (4 -> 3)
  Optimizing lut $abc$101909$lut$aiger101908$9210.genblk1.genblk1.genblk1.genblk1.genblk1.lut0 (4 -> 3)
  Optimizing lut $abc$101909$lut$aiger101908$5929.genblk1.genblk1.genblk1.genblk1.genblk1.lut0 (4 -> 0)
  Optimizing lut $abc$101909$lut$aiger101908$7815.genblk1.genblk1.genblk1.genblk1.genblk1.lut1 (4 -> 0)
  Optimizing lut $abc$101909$lut$aiger101908$5935.genblk1.genblk1.genblk1.genblk1.genblk1.lut0 (4 -> 3)
  Optimizing lut $abc$101909$lut$aiger101908$7808.genblk1.genblk1.genblk1.genblk1.genblk1.lut0 (4 -> 0)
  Optimizing lut $auto$abc_ops_reintegrate.cc:655:reintegrate$102286.genblk1.genblk1.genblk1.genblk1.genblk1.lut1 (4 -> 0)
  Optimizing lut $abc$101909$lut$aiger101908$8152.genblk1.genblk1.genblk1.genblk1.genblk1.lut0 (4 -> 0)
  Optimizing lut $abc$101909$lut$aiger101908$5790.genblk1.genblk1.genblk1.genblk1.genblk1.lut1 (4 -> 3)
  Optimizing lut $auto$abc_ops_reintegrate.cc:655:reintegrate$101935.genblk1.genblk1.genblk1.genblk1.genblk1.lut1 (4 -> 3)
  Optimizing lut $abc$101909$lut$aiger101908$9160.genblk1.genblk1.genblk1.genblk1.genblk1.lut0 (4 -> 3)
  Optimizing lut $abc$101909$lut$aiger101908$9340.genblk1.genblk1.genblk1.genblk1.genblk1.lut1 (4 -> 2)
  Optimizing lut $abc$101909$lut$aiger101908$9330.genblk1.genblk1.genblk1.genblk1.genblk1.lut1 (4 -> 2)
  Optimizing lut $abc$101909$lut$aiger$o6958.genblk1.genblk1.genblk1.genblk1.genblk1.lut1 (4 -> 1)
  Optimizing lut $abc$101909$lut$aiger101908$9320.genblk1.genblk1.genblk1.genblk1.genblk1.lut1 (4 -> 2)
  Optimizing lut $abc$101909$lut$aiger101908$9310.genblk1.genblk1.genblk1.genblk1.genblk1.lut1 (4 -> 2)
  Optimizing lut $abc$101909$lut$aiger101908$9300.genblk1.genblk1.genblk1.genblk1.genblk1.lut1 (4 -> 2)
  Optimizing lut $abc$101909$lut$aiger101908$6789.genblk1.genblk1.genblk1.genblk1.genblk1.lut0 (4 -> 2)
  Optimizing lut $abc$101909$lut$aiger101908$9290.genblk1.genblk1.genblk1.genblk1.genblk1.lut1 (4 -> 2)
  Optimizing lut $abc$101909$lut$aiger101908$9280.genblk1.genblk1.genblk1.genblk1.genblk1.lut1 (4 -> 2)
  Optimizing lut $abc$101909$lut$aiger101908$9270.genblk1.genblk1.genblk1.genblk1.genblk1.lut1 (4 -> 2)
  Optimizing lut $abc$101909$lut$aiger101908$10517.genblk1.genblk1.genblk1.genblk1.genblk1.lut0 (4 -> 3)
  Optimizing lut $abc$101909$lut$aiger101908$9260.genblk1.genblk1.genblk1.genblk1.genblk1.lut1 (4 -> 2)
  Optimizing lut $abc$101909$lut$aiger101908$8165.genblk1.genblk1.genblk1.genblk1.genblk1.lut0 (4 -> 0)
  Optimizing lut $abc$101909$lut$aiger101908$9250.genblk1.genblk1.genblk1.genblk1.genblk1.lut1 (4 -> 2)
  Optimizing lut $abc$101909$lut$aiger101908$9240.genblk1.genblk1.genblk1.genblk1.genblk1.lut1 (4 -> 2)
  Optimizing lut $abc$101909$lut$aiger101908$6001.genblk1.genblk1.genblk1.genblk1.genblk1.lut1 (4 -> 2)
  Optimizing lut $abc$101909$lut$aiger101908$9230.genblk1.genblk1.genblk1.genblk1.genblk1.lut1 (4 -> 2)
  Optimizing lut $abc$101909$lut$aiger101908$9220.genblk1.genblk1.genblk1.genblk1.genblk1.lut1 (4 -> 2)
  Optimizing lut $abc$101909$lut$aiger101908$9210.genblk1.genblk1.genblk1.genblk1.genblk1.lut1 (4 -> 2)
  Optimizing lut $abc$101909$lut$aiger101908$5991.genblk1.genblk1.genblk1.genblk1.genblk1.lut1 (4 -> 0)
  Optimizing lut $abc$101909$lut$aiger101908$9270.genblk1.genblk1.genblk1.genblk1.genblk1.lut0 (4 -> 3)
  Optimizing lut $abc$101909$lut$aiger101908$9200.genblk1.genblk1.genblk1.genblk1.genblk1.lut1 (4 -> 2)
  Optimizing lut $abc$101909$lut$aiger101908$9190.genblk1.genblk1.genblk1.genblk1.genblk1.lut1 (4 -> 2)
  Optimizing lut $abc$101909$lut$aiger101908$9180.genblk1.genblk1.genblk1.genblk1.genblk1.lut1 (4 -> 2)
  Optimizing lut $abc$101909$lut$aiger101908$9170.genblk1.genblk1.genblk1.genblk1.genblk1.lut1 (4 -> 2)
  Optimizing lut $abc$101909$lut$aiger101908$9160.genblk1.genblk1.genblk1.genblk1.genblk1.lut1 (4 -> 2)
  Optimizing lut $abc$101909$lut$aiger101908$10500.genblk1.genblk1.genblk1.genblk1.genblk1.lut1 (4 -> 0)
  Optimizing lut $abc$101909$lut$aiger101908$6030.genblk1.genblk1.genblk1.genblk1.genblk1.lut1 (4 -> 2)
  Optimizing lut $abc$101909$lut$aiger101908$7843.genblk1.genblk1.genblk1.genblk1.genblk1.lut0 (4 -> 0)
  Optimizing lut $abc$101909$lut$aiger101908$6049.genblk1.genblk1.genblk1.genblk1.genblk1.lut0 (4 -> 0)
  Optimizing lut $abc$101909$lut$aiger101908$11037.genblk1.genblk1.genblk1.genblk1.genblk1.lut0 (4 -> 0)
  Optimizing lut $abc$101909$lut$aiger101908$6871.genblk1.genblk1.genblk1.genblk1.genblk1.lut0 (4 -> 0)
  Optimizing lut $auto$abc_ops_reintegrate.cc:655:reintegrate$101983.genblk1.genblk1.genblk1.genblk1.genblk1.lut0 (4 -> 3)
  Optimizing lut $abc$101909$lut$aiger$o2365.genblk1.genblk1.genblk1.genblk1.genblk1.genblk1.genblk1.lut0 (4 -> 1)
  Optimizing lut $auto$abc_ops_reintegrate.cc:655:reintegrate$101984.genblk1.genblk1.genblk1.genblk1.genblk1.lut0 (4 -> 3)
  Optimizing lut $auto$abc_ops_reintegrate.cc:655:reintegrate$101985.genblk1.genblk1.genblk1.genblk1.genblk1.lut0 (4 -> 3)
  Optimizing lut $auto$abc_ops_reintegrate.cc:655:reintegrate$101986.genblk1.genblk1.genblk1.genblk1.genblk1.lut0 (4 -> 3)
  Optimizing lut $auto$abc_ops_reintegrate.cc:655:reintegrate$101987.genblk1.genblk1.genblk1.genblk1.genblk1.lut0 (4 -> 3)
  Optimizing lut $auto$abc_ops_reintegrate.cc:655:reintegrate$101988.genblk1.genblk1.genblk1.genblk1.genblk1.lut0 (4 -> 3)
  Optimizing lut $auto$abc_ops_reintegrate.cc:655:reintegrate$101989.genblk1.genblk1.genblk1.genblk1.genblk1.lut0 (4 -> 3)
  Optimizing lut $auto$abc_ops_reintegrate.cc:655:reintegrate$101990.genblk1.genblk1.genblk1.genblk1.genblk1.lut0 (4 -> 3)
  Optimizing lut $auto$abc_ops_reintegrate.cc:655:reintegrate$101993.genblk1.genblk1.genblk1.genblk1.genblk1.lut0 (4 -> 3)
  Optimizing lut $auto$abc_ops_reintegrate.cc:655:reintegrate$101995.genblk1.genblk1.genblk1.genblk1.genblk1.lut1 (4 -> 1)
  Optimizing lut $auto$abc_ops_reintegrate.cc:655:reintegrate$101995.genblk1.genblk1.genblk1.genblk1.genblk1.lut0 (4 -> 3)
  Optimizing lut $abc$101909$lut$aiger101908$5094.genblk1.genblk1.genblk1.genblk1.genblk1.genblk1.genblk1.lut0 (4 -> 1)
  Optimizing lut $abc$101909$lut$aiger$o2365.genblk1.genblk1.genblk1.genblk1.genblk1.genblk1.genblk1.lut1 (4 -> 1)
  Optimizing lut $auto$abc_ops_reintegrate.cc:655:reintegrate$102002.genblk1.genblk1.genblk1.genblk1.genblk1.lut1 (4 -> 0)
  Optimizing lut $auto$abc_ops_reintegrate.cc:655:reintegrate$102004.genblk1.genblk1.genblk1.genblk1.genblk1.lut1 (4 -> 0)
  Optimizing lut $auto$abc_ops_reintegrate.cc:655:reintegrate$102031.genblk1.genblk1.genblk1.genblk1.genblk1.lut1 (4 -> 0)
  Optimizing lut $abc$101909$lut$aiger$o1317.genblk1.genblk1.genblk1.genblk1.genblk1.lut0 (4 -> 0)
  Optimizing lut $auto$abc_ops_reintegrate.cc:655:reintegrate$102008.genblk1.genblk1.genblk1.genblk1.genblk1.lut0 (4 -> 1)
  Optimizing lut $abc$101909$lut$aiger101908$6906.genblk1.genblk1.genblk1.genblk1.genblk1.lut0 (4 -> 2)
  Optimizing lut $abc$101909$lut$aiger101908$6910.genblk1.genblk1.genblk1.genblk1.genblk1.lut0 (4 -> 0)
  Optimizing lut $abc$101909$lut$aiger101908$6916.genblk1.genblk1.genblk1.genblk1.genblk1.lut0 (4 -> 3)
  Optimizing lut $abc$101909$lut$aiger101908$6132.genblk1.genblk1.genblk1.genblk1.genblk1.lut0 (4 -> 3)
  Optimizing lut $abc$101909$lut$aiger101908$6132.genblk1.genblk1.genblk1.genblk1.genblk1.lut1 (4 -> 2)
  Optimizing lut $auto$abc_ops_reintegrate.cc:655:reintegrate$102417.genblk1.genblk1.genblk1.genblk1.genblk1.lut0 (4 -> 3)
  Optimizing lut $auto$abc_ops_reintegrate.cc:655:reintegrate$102417.genblk1.genblk1.genblk1.genblk1.genblk1.lut1 (4 -> 3)
  Optimizing lut $abc$101909$lut$aiger101908$12219.genblk1.genblk1.genblk1.genblk1.genblk1.genblk1.genblk1.lut1 (4 -> 0)
  Optimizing lut $auto$abc_ops_reintegrate.cc:655:reintegrate$102390.genblk1.genblk1.genblk1.genblk1.genblk1.lut1 (4 -> 0)
  Optimizing lut $auto$abc_ops_reintegrate.cc:655:reintegrate$102369.genblk1.genblk1.genblk1.genblk1.genblk1.lut0 (4 -> 0)
  Optimizing lut $auto$abc_ops_reintegrate.cc:655:reintegrate$102367.genblk1.genblk1.genblk1.genblk1.genblk1.lut0 (4 -> 0)
  Optimizing lut $auto$abc_ops_reintegrate.cc:655:reintegrate$102366.genblk1.genblk1.genblk1.genblk1.genblk1.lut0 (4 -> 0)
  Optimizing lut $auto$abc_ops_reintegrate.cc:655:reintegrate$102365.genblk1.genblk1.genblk1.genblk1.genblk1.lut0 (4 -> 0)
  Optimizing lut $auto$abc_ops_reintegrate.cc:655:reintegrate$102364.genblk1.genblk1.genblk1.genblk1.genblk1.lut0 (4 -> 0)
  Optimizing lut $auto$abc_ops_reintegrate.cc:655:reintegrate$102361.genblk1.genblk1.genblk1.genblk1.genblk1.lut0 (4 -> 0)
  Optimizing lut $auto$abc_ops_reintegrate.cc:655:reintegrate$102356.genblk1.genblk1.genblk1.genblk1.genblk1.lut0 (4 -> 0)
  Optimizing lut $auto$abc_ops_reintegrate.cc:655:reintegrate$102355.genblk1.genblk1.genblk1.genblk1.genblk1.lut0 (4 -> 0)
  Optimizing lut $auto$abc_ops_reintegrate.cc:655:reintegrate$102354.genblk1.genblk1.genblk1.genblk1.genblk1.lut0 (4 -> 0)
  Optimizing lut $abc$101909$lut$aiger101908$10619.genblk1.genblk1.genblk1.genblk1.genblk1.lut1 (4 -> 1)
  Optimizing lut $abc$101909$lut$aiger101908$3963.genblk1.genblk1.genblk1.genblk1.genblk1.lut0 (4 -> 0)
  Optimizing lut $auto$abc_ops_reintegrate.cc:655:reintegrate$102337.genblk1.genblk1.genblk1.genblk1.genblk1.lut0 (4 -> 3)
  Optimizing lut $auto$abc_ops_reintegrate.cc:655:reintegrate$102336.genblk1.genblk1.genblk1.genblk1.genblk1.lut0 (4 -> 3)
  Optimizing lut $abc$101909$lut$aiger101908$10821.genblk1.genblk1.genblk1.genblk1.genblk1.lut1 (4 -> 2)
  Optimizing lut $abc$101909$lut$aiger101908$10835.genblk1.genblk1.genblk1.genblk1.genblk1.lut1 (4 -> 2)
  Optimizing lut $auto$abc_ops_reintegrate.cc:655:reintegrate$102319.genblk1.genblk1.genblk1.genblk1.genblk1.lut0 (4 -> 2)
  Optimizing lut $abc$101909$lut$aiger101908$10854.genblk1.genblk1.genblk1.genblk1.genblk1.lut1 (4 -> 2)
  Optimizing lut $abc$101909$lut$aiger101908$10867.genblk1.genblk1.genblk1.genblk1.genblk1.lut1 (4 -> 2)
  Optimizing lut $abc$101909$lut$aiger101908$10888.genblk1.genblk1.genblk1.genblk1.genblk1.lut1 (4 -> 2)
  Optimizing lut $abc$101909$lut$aiger101908$10902.genblk1.genblk1.genblk1.genblk1.genblk1.lut1 (4 -> 2)
  Optimizing lut $auto$abc_ops_reintegrate.cc:655:reintegrate$102290.genblk1.genblk1.genblk1.genblk1.genblk1.lut0 (4 -> 0)
  Optimizing lut $auto$abc_ops_reintegrate.cc:655:reintegrate$102289.genblk1.genblk1.genblk1.genblk1.genblk1.lut0 (4 -> 0)
  Optimizing lut $abc$101909$lut$aiger101908$5756.genblk1.genblk1.genblk1.genblk1.genblk1.lut1 (4 -> 2)
  Optimizing lut $abc$101909$lut$aiger101908$3851.genblk1.genblk1.genblk1.genblk1.genblk1.lut0 (4 -> 1)
  Optimizing lut $abc$101909$lut$aiger101908$5863.genblk1.genblk1.genblk1.genblk1.genblk1.lut1 (4 -> 2)
  Optimizing lut $abc$101909$lut$aiger101908$5806.genblk1.genblk1.genblk1.genblk1.genblk1.lut1 (4 -> 2)
  Optimizing lut $abc$101909$lut$aiger101908$3903.genblk1.genblk1.genblk1.genblk1.genblk1.lut0 (4 -> 3)
  Optimizing lut $auto$abc_ops_reintegrate.cc:655:reintegrate$102169.genblk1.genblk1.genblk1.genblk1.genblk1.lut1 (4 -> 0)
  Optimizing lut $auto$abc_ops_reintegrate.cc:655:reintegrate$102160.genblk1.genblk1.genblk1.genblk1.genblk1.lut0 (4 -> 3)
  Optimizing lut $auto$abc_ops_reintegrate.cc:655:reintegrate$102160.genblk1.genblk1.genblk1.genblk1.genblk1.lut1 (4 -> 1)
  Optimizing lut $auto$abc_ops_reintegrate.cc:655:reintegrate$102157.genblk1.genblk1.genblk1.genblk1.genblk1.lut1 (4 -> 0)
  Optimizing lut $auto$abc_ops_reintegrate.cc:655:reintegrate$102154.genblk1.genblk1.genblk1.genblk1.genblk1.lut1 (4 -> 0)
  Optimizing lut $abc$101909$lut$aiger101908$13185.genblk1.genblk1.genblk1.genblk1.genblk1.lut1 (4 -> 3)
  Optimizing lut $abc$101909$lut$aiger101908$5824.genblk1.genblk1.genblk1.genblk1.genblk1.lut1 (4 -> 2)
  Optimizing lut $abc$101909$lut$aiger101908$5711.genblk1.genblk1.genblk1.genblk1.genblk1.lut1 (4 -> 2)
  Optimizing lut $abc$101909$lut$aiger101908$5738.genblk1.genblk1.genblk1.genblk1.genblk1.lut1 (4 -> 2)
  Optimizing lut $auto$abc_ops_reintegrate.cc:655:reintegrate$102099.genblk1.genblk1.genblk1.genblk1.genblk1.lut0 (4 -> 0)
  Optimizing lut $auto$abc_ops_reintegrate.cc:655:reintegrate$102092.genblk1.genblk1.genblk1.genblk1.genblk1.genblk1.genblk1.lut0 (4 -> 1)
  Optimizing lut $abc$101909$lut$aiger101908$5299.genblk1.genblk1.genblk1.genblk1.genblk1.lut1 (4 -> 2)
  Optimizing lut $abc$101909$lut$aiger101908$5324.genblk1.genblk1.genblk1.genblk1.genblk1.lut1 (4 -> 2)
  Optimizing lut $abc$101909$lut$aiger101908$5334.genblk1.genblk1.genblk1.genblk1.genblk1.lut1 (4 -> 2)
  Optimizing lut $auto$abc_ops_reintegrate.cc:655:reintegrate$102086.genblk1.genblk1.genblk1.genblk1.genblk1.lut1 (4 -> 0)
  Optimizing lut $auto$abc_ops_reintegrate.cc:655:reintegrate$102070.genblk1.genblk1.genblk1.genblk1.genblk1.lut0 (4 -> 3)
  Optimizing lut $auto$abc_ops_reintegrate.cc:655:reintegrate$102069.genblk1.genblk1.genblk1.genblk1.genblk1.lut0 (4 -> 3)
  Optimizing lut $auto$abc_ops_reintegrate.cc:655:reintegrate$102068.genblk1.genblk1.genblk1.genblk1.genblk1.lut0 (4 -> 3)
  Optimizing lut $auto$abc_ops_reintegrate.cc:655:reintegrate$102067.genblk1.genblk1.genblk1.genblk1.genblk1.lut0 (4 -> 3)
  Optimizing lut $auto$abc_ops_reintegrate.cc:655:reintegrate$102066.genblk1.genblk1.genblk1.genblk1.genblk1.lut0 (4 -> 3)
  Optimizing lut $abc$101909$lut$aiger101908$5497.genblk1.genblk1.genblk1.genblk1.genblk1.lut1 (4 -> 2)
  Optimizing lut $abc$101909$lut$aiger101908$5477.genblk1.genblk1.genblk1.genblk1.genblk1.lut1 (4 -> 2)
  Optimizing lut $auto$abc_ops_reintegrate.cc:655:reintegrate$102065.genblk1.genblk1.genblk1.genblk1.genblk1.lut0 (4 -> 3)
  Optimizing lut $auto$abc_ops_reintegrate.cc:655:reintegrate$102064.genblk1.genblk1.genblk1.genblk1.genblk1.lut0 (4 -> 3)
  Optimizing lut $auto$abc_ops_reintegrate.cc:655:reintegrate$102062.genblk1.genblk1.genblk1.genblk1.genblk1.lut1 (4 -> 3)
  Optimizing lut $auto$abc_ops_reintegrate.cc:655:reintegrate$102060.genblk1.genblk1.genblk1.genblk1.genblk1.genblk1.genblk1.lut0 (4 -> 3)
  Optimizing lut $auto$abc_ops_reintegrate.cc:655:reintegrate$102058.genblk1.genblk1.genblk1.genblk1.genblk1.lut0 (4 -> 3)
  Optimizing lut $auto$abc_ops_reintegrate.cc:655:reintegrate$102057.genblk1.genblk1.genblk1.genblk1.genblk1.lut0 (4 -> 3)
  Optimizing lut $auto$abc_ops_reintegrate.cc:655:reintegrate$102056.genblk1.genblk1.genblk1.genblk1.genblk1.lut1 (4 -> 3)
  Optimizing lut $abc$101909$lut$aiger$o6749.genblk1.genblk1.genblk1.genblk1.genblk1.lut1 (4 -> 2)
  Optimizing lut $abc$101909$lut$aiger101908$3855.genblk1.genblk1.genblk1.genblk1.genblk1.lut0 (4 -> 3)
  Optimizing lut $auto$abc_ops_reintegrate.cc:655:reintegrate$102038.genblk1.genblk1.genblk1.genblk1.genblk1.lut0 (4 -> 3)
  Optimizing lut $abc$101909$lut$aiger101908$5487.genblk1.genblk1.genblk1.genblk1.genblk1.lut1 (4 -> 2)
  Optimizing lut $auto$abc_ops_reintegrate.cc:655:reintegrate$102451.genblk1.genblk1.genblk1.genblk1.genblk1.lut0 (4 -> 0)
  Optimizing lut $abc$101909$lut$aiger101908$5467.genblk1.genblk1.genblk1.genblk1.genblk1.lut1 (4 -> 2)
Removed 0 unused cells and 5493 unused wires.

12.49. Executing AUTONAME pass.
Renamed 10384 objects in module ulx3s_top.
<suppressed ~10384 debug messages>

12.50. Executing HIERARCHY pass (managing design hierarchy).
Attribute `top' found on module `ulx3s_top'. Setting top module to ulx3s_top.

12.50.1. Analyzing design hierarchy..
Top module:  \ulx3s_top

12.50.2. Analyzing design hierarchy..
Top module:  \ulx3s_top
Removed 0 unused modules.

12.51. Printing statistics.

=== ulx3s_top ===

        +----------Local Count, excluding submodules.
        | 
     4973 wires
    10132 wire bits
     4973 public wires
    10132 public wire bits
       21 ports
       51 port bits
       43 cells
       17   $_TBUF_
       18   DP16KD
        2   EHXPLLL
        1   MULT18X18D
        4   ODDRX1F
        1   USRMCLK
     5846 submodules
      272   CCU2C
      112   L6MUX21
     2920   LUT4
      511   PFUMX
       30   TRELLIS_DPR16X4
     2001   TRELLIS_FF

=== design hierarchy ===

        +----------Count including submodules.
        | 
       43 ulx3s_top

        +----------Count including submodules.
        | 
     4973 wires
    10132 wire bits
     4973 public wires
    10132 public wire bits
       21 ports
       51 port bits
        - memories
        - memory bits
        - processes
       43 cells
       17   $_TBUF_
       18   DP16KD
        2   EHXPLLL
        1   MULT18X18D
        4   ODDRX1F
        1   USRMCLK
     5846 submodules
      272   CCU2C
      112   L6MUX21
     2920   LUT4
      511   PFUMX
       30   TRELLIS_DPR16X4
     2001   TRELLIS_FF

12.52. Executing CHECK pass (checking for obvious problems).
Checking module ulx3s_top...
Found and reported 0 problems.

12.53. Executing JSON backend.

13. Printing statistics.

=== ulx3s_top ===

        +----------Local Count, excluding submodules.
        | 
     4973 wires
    10132 wire bits
     4973 public wires
    10132 public wire bits
       21 ports
       51 port bits
     5889 cells
       17   $_TBUF_
      272   CCU2C
       18   DP16KD
        2   EHXPLLL
      112   L6MUX21
     2920   LUT4
        1   MULT18X18D
        4   ODDRX1F
      511   PFUMX
       30   TRELLIS_DPR16X4
     2001   TRELLIS_FF
        1   USRMCLK

Warnings: 2 unique messages, 9 total
Warnings: 1 experimental features used (not excluded with -x).
End of script. Logfile hash: 638ba71a07, time: 4.00s, user: 2.71s, system: 0.15s, MEM: 233.49 MB peak
Yosys 0.69+77 (git sha1 9ff27d29c-dirty, Release, Clang /usr/bin/clang++ 21.1.8)
Time spent: 31% 1x abc9_exe (1 sec), 18% 12x techmap (0 sec), ...
